"birdID","tagID","datetimeGMT","latitude","longitude","sex"
"9004151",371994,2025-05-13 09:00:06,42.3973426818848,-8.92156505584717,"Female"
"9004151",371994,2025-05-13 09:15:20,42.3973503112793,-8.9214506149292,"Female"
"9004151",371994,2025-05-13 09:31:30,42.3974876403809,-8.92149925231934,"Female"
"9004151",371994,2025-05-13 09:46:30,42.3973426818848,-8.92144393920898,"Female"
"9004151",371994,2025-05-13 10:01:30,42.3974952697754,-8.92117881774902,"Female"
"9004151",371994,2025-05-13 10:16:30,42.3974876403809,-8.92124271392822,"Female"
"9004151",371994,2025-05-13 10:31:05,42.3983421325684,-8.91872215270996,"Female"
"9004151",371994,2025-05-13 10:45:06,42.400260925293,-8.92071723937988,"Female"
"9004151",371994,2025-05-13 11:00:06,42.4003105163574,-8.92076301574707,"Female"
"9004151",371994,2025-05-13 11:15:05,42.3999786376953,-8.92071342468262,"Female"
"9004151",371994,2025-05-13 11:30:05,42.4002151489258,-8.9209156036377,"Female"
"9004151",371994,2025-05-13 11:45:05,42.4000091552734,-8.92064094543457,"Female"
"9004151",371994,2025-05-13 12:00:11,42.3999977111816,-8.92065525054932,"Female"
"9004151",371994,2025-05-13 12:15:18,42.400260925293,-8.92078018188477,"Female"
"9004151",371994,2025-05-13 12:30:07,42.4004821777344,-8.92126274108887,"Female"
"9004151",371994,2025-05-13 12:49:16,42.4002799987793,-8.92078304290771,"Female"
"9004151",371994,2025-05-13 13:04:08,42.4000205993652,-8.91844081878662,"Female"
"9004151",371994,2025-05-13 13:19:35,42.4003028869629,-8.92079639434814,"Female"
"9004151",371994,2025-05-13 13:34:08,42.4002418518066,-8.92063140869141,"Female"
"9004151",371994,2025-05-13 13:49:07,42.4003143310547,-8.92086410522461,"Female"
"9004151",371994,2025-05-13 14:04:07,42.4003143310547,-8.92085552215576,"Female"
"9004151",371994,2025-05-13 14:19:09,42.4003105163574,-8.92080879211426,"Female"
"9004151",371994,2025-05-13 14:34:08,42.4003486633301,-8.91996574401855,"Female"
"9004151",371994,2025-05-13 14:49:35,42.4005241394043,-8.92101192474365,"Female"
"9004151",371994,2025-05-13 15:04:07,42.400390625,-8.92111206054688,"Female"
"9004151",371994,2025-05-13 15:19:07,42.4004974365234,-8.92102909088135,"Female"
"9004151",371994,2025-05-13 15:34:08,42.4004249572754,-8.92107105255127,"Female"
"9004151",371994,2025-05-13 15:49:11,42.400318145752,-8.92205142974854,"Female"
"9004151",371994,2025-05-13 16:04:35,42.4004402160645,-8.92106437683105,"Female"
"9004151",371994,2025-05-13 16:19:08,42.4004249572754,-8.92102718353271,"Female"
"9004151",371994,2025-05-13 16:34:09,42.4003982543945,-8.92107009887695,"Female"
"9004151",371994,2025-05-13 16:46:46,42.4004135131836,-8.92114067077637,"Female"
"9004151",371994,2025-05-13 16:50:43,42.4004325866699,-8.92100715637207,"Female"
"9004151",371994,2025-05-13 16:55:09,42.4005126953125,-8.92080593109131,"Female"
"9004151",371994,2025-05-13 17:00:09,42.4003868103027,-8.92119121551514,"Female"
"9004151",371994,2025-05-13 17:05:11,42.4003524780273,-8.92125606536865,"Female"
"9004151",371994,2025-05-13 17:10:10,42.4004058837891,-8.92111778259277,"Female"
"9004151",371994,2025-05-13 17:15:12,42.4004211425781,-8.92116546630859,"Female"
"9004151",371994,2025-05-13 17:20:06,42.4003868103027,-8.92121315002441,"Female"
"9004151",371994,2025-05-13 17:25:09,42.4004364013672,-8.92104244232178,"Female"
"9004151",371994,2025-05-13 17:30:14,42.4003982543945,-8.92114067077637,"Female"
"9004151",371994,2025-05-13 17:35:12,42.4003944396973,-8.92145347595215,"Female"
"9004151",371994,2025-05-13 17:40:05,42.4007034301758,-8.92063903808594,"Female"
"9004151",371994,2025-05-13 17:50:04,42.4004669189453,-8.92109107971191,"Female"
"9004151",371994,2025-05-13 17:55:05,42.4006500244141,-8.92073631286621,"Female"
"9004151",371994,2025-05-13 18:00:06,42.4003486633301,-8.92130184173584,"Female"
"9004151",371994,2025-05-13 18:05:06,42.4005241394043,-8.92078113555908,"Female"
"9004151",371994,2025-05-13 18:10:04,42.4004135131836,-8.92114353179932,"Female"
"9004151",371994,2025-05-13 18:15:05,42.4005432128906,-8.9208984375,"Female"
"9004151",371994,2025-05-13 18:20:05,42.4008598327637,-8.92070007324219,"Female"
"9004151",371994,2025-05-13 18:25:08,42.4004173278809,-8.921311378479,"Female"
"9004151",371994,2025-05-13 18:30:12,42.3995323181152,-8.92140579223633,"Female"
"9004151",371994,2025-05-13 18:35:35,42.4004402160645,-8.9210147857666,"Female"
"9004151",371994,2025-05-13 18:40:04,42.4003601074219,-8.92116832733154,"Female"
"9004151",371994,2025-05-13 18:45:07,42.4004783630371,-8.92098999023438,"Female"
"9004151",371994,2025-05-13 18:50:03,42.4004859924316,-8.92092800140381,"Female"
"9004151",371994,2025-05-13 18:55:03,42.400520324707,-8.92099094390869,"Female"
"9004151",371994,2025-05-13 19:00:04,42.4004211425781,-8.92095279693604,"Female"
"9004151",371994,2025-05-13 19:05:04,42.4003677368164,-8.92083263397217,"Female"
"9004151",371994,2025-05-13 19:10:09,42.4003791809082,-8.92107200622559,"Female"
"9004151",371994,2025-05-13 19:15:06,42.400447845459,-8.92102527618408,"Female"
"9004151",371994,2025-05-13 19:20:06,42.4004898071289,-8.92090129852295,"Female"
"9004151",371994,2025-05-13 19:25:07,42.4006271362305,-8.92083835601807,"Female"
"9004151",371994,2025-05-13 19:30:13,42.4003410339355,-8.92092227935791,"Female"
"9004151",371994,2025-05-13 19:35:20,42.4003715515137,-8.92104148864746,"Female"
"9004151",371994,2025-05-13 19:40:54,42.4004516601562,-8.92093849182129,"Female"
"9004151",371994,2025-05-13 19:45:30,42.4004859924316,-8.92092037200928,"Female"
"9004151",371994,2025-05-13 19:50:59,42.4005126953125,-8.92092609405518,"Female"
"9004151",371994,2025-05-13 19:55:04,42.4004707336426,-8.92098140716553,"Female"
"9004151",371994,2025-05-13 20:00:03,42.400520324707,-8.92084980010986,"Female"
"9004151",371994,2025-05-13 20:05:05,42.4003562927246,-8.9211254119873,"Female"
"9004151",371994,2025-05-13 20:10:06,42.4005432128906,-8.9207820892334,"Female"
"9004151",371994,2025-05-13 20:15:04,42.4004783630371,-8.92086601257324,"Female"
"9004151",371994,2025-05-13 20:20:06,42.4004974365234,-8.92082118988037,"Female"
"9004151",371994,2025-05-13 20:25:06,42.4005699157715,-8.92070293426514,"Female"
"9004151",371994,2025-05-13 20:30:07,42.4003410339355,-8.92105388641357,"Female"
"9004151",371994,2025-05-13 20:35:14,42.400333404541,-8.92106819152832,"Female"
"9004151",371994,2025-05-13 20:40:11,42.4004249572754,-8.92053699493408,"Female"
"9004151",371994,2025-05-13 20:45:35,42.4003982543945,-8.92107200622559,"Female"
"9004151",371994,2025-05-13 20:50:03,42.4005470275879,-8.92106342315674,"Female"
"9004151",371994,2025-05-13 20:55:03,42.400390625,-8.92105960845947,"Female"
"9004151",371994,2025-05-13 21:00:03,42.4004859924316,-8.9210319519043,"Female"
"9004151",371994,2025-05-13 21:05:03,42.4004821777344,-8.92112827301025,"Female"
"9004151",371994,2025-05-13 21:10:03,42.400520324707,-8.92094326019287,"Female"
"9004151",371994,2025-05-13 21:15:03,42.4004669189453,-8.9212818145752,"Female"
"9004151",371994,2025-05-13 21:20:03,42.4005012512207,-8.92123317718506,"Female"
"9004151",371994,2025-05-13 21:25:03,42.4004554748535,-8.92109107971191,"Female"
"9004151",371994,2025-05-13 21:30:05,42.400562286377,-8.92126369476318,"Female"
"9004151",371994,2025-05-13 21:35:04,42.4006767272949,-8.92127132415771,"Female"
"9004151",371994,2025-05-13 21:40:05,42.400318145752,-8.92070198059082,"Female"
"9004151",371994,2025-05-13 21:45:06,42.4007797241211,-8.92188549041748,"Female"
"9004151",371994,2025-05-13 21:50:10,42.4005355834961,-8.92089557647705,"Female"
"9004151",371994,2025-05-13 21:55:05,42.4000091552734,-8.92063808441162,"Female"
"9004151",371994,2025-05-13 22:00:12,42.4001274108887,-8.92142868041992,"Female"
"9004151",371994,2025-05-13 22:05:05,42.4003791809082,-8.9213809967041,"Female"
"9004151",371994,2025-05-13 22:10:11,42.4005393981934,-8.9206657409668,"Female"
"9004151",371994,2025-05-13 22:16:15,42.4004859924316,-8.92090892791748,"Female"
"9004151",371994,2025-05-13 22:20:06,42.4004707336426,-8.92178535461426,"Female"
"9004151",371994,2025-05-13 22:25:12,42.4001197814941,-8.92177677154541,"Female"
"9004151",371994,2025-05-13 22:30:10,42.4002265930176,-8.92161750793457,"Female"
"9004151",371994,2025-05-13 22:35:11,42.4001007080078,-8.92180252075195,"Female"
"9004151",371994,2025-05-13 22:40:06,42.4002304077148,-8.92173385620117,"Female"
"9004151",371994,2025-05-13 22:45:09,42.4002532958984,-8.92161083221436,"Female"
"9004151",371994,2025-05-13 22:50:07,42.4002914428711,-8.92152500152588,"Female"
"9004151",371994,2025-05-13 22:55:07,42.400260925293,-8.92152690887451,"Female"
"9004151",371994,2025-05-13 23:00:04,42.4003105163574,-8.9215030670166,"Female"
"9004151",371994,2025-05-13 23:05:08,42.4004096984863,-8.92136573791504,"Female"
"9004151",371994,2025-05-13 23:10:07,42.4005241394043,-8.92096614837646,"Female"
"9004151",371994,2025-05-13 23:15:04,42.4005470275879,-8.92114353179932,"Female"
"9004151",371994,2025-05-13 23:20:04,42.4004516601562,-8.920973777771,"Female"
"9004151",371994,2025-05-13 23:25:07,42.4005393981934,-8.92089557647705,"Female"
"9004151",371994,2025-05-13 23:30:08,42.4004402160645,-8.92098808288574,"Female"
"9004151",371994,2025-05-13 23:35:09,42.4003524780273,-8.92116832733154,"Female"
"9004151",371994,2025-05-13 23:40:08,42.4002380371094,-8.92123222351074,"Female"
"9004151",371994,2025-05-13 23:45:09,42.4001312255859,-8.92178535461426,"Female"
"9004151",371994,2025-05-13 23:50:09,42.4001350402832,-8.92177677154541,"Female"
"9004151",371994,2025-05-13 23:55:08,42.3999633789062,-8.92165374755859,"Female"
"9004151",371994,2025-05-14 00:00:06,42.4004859924316,-8.92154502868652,"Female"
"9004151",371994,2025-05-14 00:05:14,42.4000396728516,-8.9211483001709,"Female"
"9004151",371994,2025-05-14 00:10:06,42.4000091552734,-8.92111015319824,"Female"
"9004151",371994,2025-05-14 00:15:07,42.4010314941406,-8.9205150604248,"Female"
"9004151",371994,2025-05-14 00:20:07,42.4005928039551,-8.92175388336182,"Female"
"9004151",371994,2025-05-14 00:25:10,42.3996772766113,-8.92201805114746,"Female"
"9004151",371994,2025-05-14 00:30:07,42.4006080627441,-8.92142295837402,"Female"
"9004151",371994,2025-05-14 00:35:08,42.3997192382812,-8.92108821868896,"Female"
"9004151",371994,2025-05-14 00:40:08,42.3996505737305,-8.9209098815918,"Female"
"9004151",371994,2025-05-14 00:45:08,42.3999214172363,-8.92067527770996,"Female"
"9004151",371994,2025-05-14 00:50:12,42.399600982666,-8.920823097229,"Female"
"9004151",371994,2025-05-14 00:55:11,42.4003257751465,-8.92015743255615,"Female"
"9004151",371994,2025-05-14 01:00:15,42.4001808166504,-8.92037200927734,"Female"
"9004151",371994,2025-05-14 01:05:09,42.4000968933105,-8.92058277130127,"Female"
"9004151",371994,2025-05-14 01:10:14,42.400203704834,-8.92055416107178,"Female"
"9004151",371994,2025-05-14 01:15:09,42.4002075195312,-8.92076587677002,"Female"
"9004151",371994,2025-05-14 01:20:09,42.4001312255859,-8.92091846466064,"Female"
"9004151",371994,2025-05-14 01:25:09,42.4000244140625,-8.92088413238525,"Female"
"9004151",371994,2025-05-14 01:30:13,42.4002151489258,-8.92075443267822,"Female"
"9004151",371994,2025-05-14 01:35:09,42.4001731872559,-8.92098045349121,"Female"
"9004151",371994,2025-05-14 01:40:09,42.4002494812012,-8.92100620269775,"Female"
"9004151",371994,2025-05-14 01:45:15,42.400203704834,-8.92098331451416,"Female"
"9004151",371994,2025-05-14 01:50:09,42.4001655578613,-8.92099952697754,"Female"
"9004151",371994,2025-05-14 01:55:09,42.4002838134766,-8.92087841033936,"Female"
"9004151",371994,2025-05-14 02:00:09,42.4002532958984,-8.92101001739502,"Female"
"9004151",371994,2025-05-14 02:05:09,42.4002380371094,-8.92097568511963,"Female"
"9004151",371994,2025-05-14 02:10:09,42.4001350402832,-8.92109966278076,"Female"
"9004151",371994,2025-05-14 02:15:09,42.4002914428711,-8.92108345031738,"Female"
"9004151",371994,2025-05-14 02:20:09,42.4001960754395,-8.92105102539062,"Female"
"9004151",371994,2025-05-14 02:25:04,42.4001388549805,-8.92110633850098,"Female"
"9004151",371994,2025-05-14 02:30:06,42.4003105163574,-8.92086791992188,"Female"
"9004151",371994,2025-05-14 02:35:09,42.400260925293,-8.9209041595459,"Female"
"9004151",371994,2025-05-14 02:40:09,42.4002990722656,-8.92085552215576,"Female"
"9004151",371994,2025-05-14 02:45:13,42.4002342224121,-8.9212064743042,"Female"
"9004151",371994,2025-05-14 02:50:15,42.3999862670898,-8.92164516448975,"Female"
"9004151",371994,2025-05-14 02:55:06,42.4001998901367,-8.92134761810303,"Female"
"9004151",371994,2025-05-14 03:00:07,42.4000816345215,-8.92153072357178,"Female"
"9004151",371994,2025-05-14 03:05:06,42.4002647399902,-8.92120265960693,"Female"
"9004151",371994,2025-05-14 03:10:07,42.4001617431641,-8.9210376739502,"Female"
"9004151",371994,2025-05-14 03:15:07,42.4002151489258,-8.92091274261475,"Female"
"9004151",371994,2025-05-14 03:20:07,42.4000663757324,-8.92112731933594,"Female"
"9004151",371994,2025-05-14 03:25:07,42.4001197814941,-8.92123699188232,"Female"
"9004151",371994,2025-05-14 03:30:09,42.3999366760254,-8.92130374908447,"Female"
"9004151",371994,2025-05-14 03:35:09,42.3995513916016,-8.92131233215332,"Female"
"9004151",371994,2025-05-14 03:40:09,42.3995399475098,-8.92137718200684,"Female"
"9004151",371994,2025-05-14 03:45:14,42.4009323120117,-8.91991806030273,"Female"
"9004151",371994,2025-05-14 03:50:08,42.4006004333496,-8.92024421691895,"Female"
"9004151",371994,2025-05-14 03:55:35,42.4011497497559,-8.91957759857178,"Female"
"9004151",371994,2025-05-14 04:00:09,42.4011878967285,-8.91937637329102,"Female"
"9004151",371994,2025-05-14 04:05:08,42.401237487793,-8.91933345794678,"Female"
"9004151",371994,2025-05-14 04:10:04,42.4010772705078,-8.91977405548096,"Female"
"9004151",371994,2025-05-14 04:15:07,42.4010391235352,-8.91974353790283,"Female"
"9004151",371994,2025-05-14 04:21:28,42.4006652832031,-8.92046928405762,"Female"
"9004151",371994,2025-05-14 04:26:28,42.4005241394043,-8.92075157165527,"Female"
"9004151",371994,2025-05-14 04:30:27,42.4005012512207,-8.92085075378418,"Female"
"9004151",371994,2025-05-14 04:35:09,42.4005355834961,-8.92074584960938,"Female"
"9004151",371994,2025-05-14 04:40:07,42.4004364013672,-8.92092895507812,"Female"
"9004151",371994,2025-05-14 04:46:47,42.4004898071289,-8.92059516906738,"Female"
"9004151",371994,2025-05-14 04:50:44,42.4004859924316,-8.92087745666504,"Female"
"9004151",371994,2025-05-14 04:55:10,42.4005126953125,-8.92081356048584,"Female"
"9004151",371994,2025-05-14 05:00:08,42.4004707336426,-8.92089557647705,"Female"
"9004151",371994,2025-05-14 05:05:12,42.4003829956055,-8.92093467712402,"Female"
"9004151",371994,2025-05-14 05:10:56,42.4003295898438,-8.92091846466064,"Female"
"9004151",371994,2025-05-14 05:15:16,42.400016784668,-8.92094135284424,"Female"
"9004151",371994,2025-05-14 05:20:04,42.400447845459,-8.92096328735352,"Female"
"9004151",371994,2025-05-14 05:25:04,42.400318145752,-8.92076206207275,"Female"
"9004151",371994,2025-05-14 05:30:07,42.3975524902344,-8.92020511627197,"Female"
"9004151",371994,2025-05-14 05:35:03,42.3977279663086,-8.92044925689697,"Female"
"9004151",371994,2025-05-14 05:40:04,42.3976860046387,-8.92031860351562,"Female"
"9004151",371994,2025-05-14 05:45:04,42.3977394104004,-8.92016410827637,"Female"
"9004151",371994,2025-05-14 05:50:04,42.3979949951172,-8.92066383361816,"Female"
"9004151",371994,2025-05-14 05:55:04,42.3978614807129,-8.92048072814941,"Female"
"9004151",371994,2025-05-14 06:00:04,42.3978691101074,-8.92052745819092,"Female"
"9004151",371994,2025-05-14 06:05:04,42.3979072570801,-8.92034530639648,"Female"
"9004151",371994,2025-05-14 06:10:04,42.3978538513184,-8.92047023773193,"Female"
"9004151",371994,2025-05-14 06:15:04,42.3974151611328,-8.92093276977539,"Female"
"9004151",371994,2025-05-14 06:20:07,42.3979034423828,-8.92020511627197,"Female"
"9004151",371994,2025-05-14 06:25:06,42.3978843688965,-8.92030334472656,"Female"
"9004151",371994,2025-05-14 06:30:06,42.3978958129883,-8.92030620574951,"Female"
"9004151",371994,2025-05-14 06:35:04,42.3978614807129,-8.92027950286865,"Female"
"9004151",371994,2025-05-14 06:40:04,42.397876739502,-8.92032337188721,"Female"
"9004151",371994,2025-05-14 06:45:04,42.397876739502,-8.92034816741943,"Female"
"9004151",371994,2025-05-14 06:50:04,42.3978614807129,-8.92035579681396,"Female"
"9004151",371994,2025-05-14 06:55:04,42.3978538513184,-8.92033672332764,"Female"
"9004151",371994,2025-05-14 07:00:04,42.3978080749512,-8.92033672332764,"Female"
"9004151",371994,2025-05-14 07:05:04,42.397819519043,-8.92031574249268,"Female"
"9004151",371994,2025-05-14 07:10:04,42.3978118896484,-8.92032527923584,"Female"
"9004151",371994,2025-05-14 07:15:04,42.3977890014648,-8.920334815979,"Female"
"9004151",371994,2025-05-14 07:20:04,42.397762298584,-8.92031288146973,"Female"
"9004151",371994,2025-05-14 07:25:04,42.3978614807129,-8.91867256164551,"Female"
"9004151",371994,2025-05-14 07:30:04,42.3973121643066,-8.91775035858154,"Female"
"9004151",371994,2025-05-14 07:35:04,42.3964805603027,-8.91643810272217,"Female"
"9004151",371994,2025-05-14 07:40:04,42.3942642211914,-8.90757179260254,"Female"
"9004151",371994,2025-05-14 07:45:04,42.398323059082,-8.89881038665771,"Female"
"9004151",371994,2025-05-14 07:50:04,42.4056816101074,-8.89791297912598,"Female"
"9004151",371994,2025-05-14 07:55:17,42.4067993164062,-8.89932060241699,"Female"
"9004151",371994,2025-05-14 08:00:18,42.4189872741699,-8.90027141571045,"Female"
"9004151",371994,2025-05-14 08:05:18,42.4228630065918,-8.89737606048584,"Female"
"9004151",371994,2025-05-14 08:10:18,42.4330863952637,-8.89628887176514,"Female"
"9004151",371994,2025-05-14 08:16:12,42.4338150024414,-8.89604091644287,"Female"
"9004151",371994,2025-05-14 08:21:12,42.4349060058594,-8.89644145965576,"Female"
"9004151",371994,2025-05-14 08:26:11,42.4364929199219,-8.89713573455811,"Female"
"9004151",371994,2025-05-14 08:31:17,42.4382286071777,-8.89615154266357,"Female"
"9004151",371994,2025-05-14 08:36:47,42.4386291503906,-8.8953971862793,"Female"
"9004151",371994,2025-05-14 08:42:18,42.4389915466309,-8.89760971069336,"Female"
"9004151",371994,2025-05-14 08:47:18,42.4390563964844,-8.89896678924561,"Female"
"9004151",371994,2025-05-14 08:52:18,42.4392623901367,-8.89916706085205,"Female"
"9004151",371994,2025-05-14 08:57:18,42.4472961425781,-8.91834259033203,"Female"
"9004151",371994,2025-05-14 09:02:18,42.4674072265625,-8.94479846954346,"Female"
"9004151",371994,2025-05-14 09:07:18,42.4858856201172,-8.93231105804443,"Female"
"9004151",371994,2025-05-14 09:12:18,42.5082702636719,-8.89277648925781,"Female"
"9004151",371994,2025-05-14 09:17:18,42.5313186645508,-8.85398292541504,"Female"
"9004151",371994,2025-05-14 09:22:53,42.5337715148926,-8.85286998748779,"Female"
"9004151",371994,2025-05-14 09:27:52,42.5349578857422,-8.85109996795654,"Female"
"9004151",371994,2025-05-14 09:32:52,42.5361213684082,-8.84947872161865,"Female"
"9004151",371994,2025-05-14 09:38:33,42.5374526977539,-8.84785652160645,"Female"
"9004151",371994,2025-05-14 09:43:51,42.5372734069824,-8.84802532196045,"Female"
"9004151",371994,2025-05-14 09:49:02,42.5373725891113,-8.8485107421875,"Female"
"9004151",371994,2025-05-14 09:54:45,42.5363540649414,-8.84849834442139,"Female"
"9004151",371994,2025-05-14 09:59:49,42.5355453491211,-8.84680080413818,"Female"
"9004151",371994,2025-05-14 10:05:17,42.5351104736328,-8.84655380249023,"Female"
"9004151",371994,2025-05-14 10:10:41,42.5345153808594,-8.84835815429688,"Female"
"9004151",371994,2025-05-14 10:15:41,42.5335578918457,-8.84852981567383,"Female"
"9004151",371994,2025-05-14 10:21:24,42.5323028564453,-8.84920787811279,"Female"
"9004151",371994,2025-05-14 10:26:38,42.5309143066406,-8.84821701049805,"Female"
"9004151",371994,2025-05-14 10:31:38,42.5294342041016,-8.84661674499512,"Female"
"9004151",371994,2025-05-14 10:36:38,42.5261917114258,-8.84757137298584,"Female"
"9004151",371994,2025-05-14 10:41:38,42.5263023376465,-8.84767723083496,"Female"
"9004151",371994,2025-05-14 10:46:38,42.5263595581055,-8.84733963012695,"Female"
"9004151",371994,2025-05-14 10:51:38,42.5261001586914,-8.84739112854004,"Female"
"9004151",371994,2025-05-14 10:56:38,42.5261001586914,-8.84649467468262,"Female"
"9004151",371994,2025-05-14 11:01:38,42.5262489318848,-8.84680461883545,"Female"
"9004151",371994,2025-05-14 11:06:42,42.5257415771484,-8.84696578979492,"Female"
"9004151",371994,2025-05-14 11:11:38,42.5258903503418,-8.84664249420166,"Female"
"9004151",371994,2025-05-14 11:16:38,42.5259780883789,-8.84650325775146,"Female"
"9004151",371994,2025-05-14 11:21:38,42.5260124206543,-8.84650230407715,"Female"
"9004151",371994,2025-05-14 11:26:38,42.5258979797363,-8.8466854095459,"Female"
"9004151",371994,2025-05-14 11:31:38,42.5259399414062,-8.84638977050781,"Female"
"9004151",371994,2025-05-14 11:36:38,42.5259666442871,-8.84662246704102,"Female"
"9004151",371994,2025-05-14 11:41:38,42.5259819030762,-8.84648036956787,"Female"
"9004151",371994,2025-05-14 11:46:38,42.526065826416,-8.84669494628906,"Female"
"9004151",371994,2025-05-14 11:51:38,42.5261917114258,-8.8465747833252,"Female"
"9004151",371994,2025-05-14 11:56:39,42.5262641906738,-8.8467903137207,"Female"
"9004151",371994,2025-05-14 12:01:39,42.526237487793,-8.84674072265625,"Female"
"9004151",371994,2025-05-14 12:06:39,42.5262222290039,-8.84685611724854,"Female"
"9004151",371994,2025-05-14 12:11:39,42.5260429382324,-8.8467264175415,"Female"
"9004151",371994,2025-05-14 12:16:39,42.5262985229492,-8.84683990478516,"Female"
"9004151",371994,2025-05-14 12:21:39,42.526050567627,-8.84684467315674,"Female"
"9004151",371994,2025-05-14 12:26:39,42.526180267334,-8.84685039520264,"Female"
"9004151",371994,2025-05-14 12:31:39,42.5260581970215,-8.84685325622559,"Female"
"9004151",371994,2025-05-14 12:36:41,42.5309829711914,-8.84960174560547,"Female"
"9004151",371994,2025-05-14 12:42:06,42.5319519042969,-8.8501033782959,"Female"
"9004151",371994,2025-05-14 12:47:37,42.5335693359375,-8.84871006011963,"Female"
"9004151",371994,2025-05-14 12:52:39,42.5344009399414,-8.84883308410645,"Female"
"9004151",371994,2025-05-14 12:57:52,42.5355377197266,-8.84777450561523,"Female"
"9004151",371994,2025-05-14 13:03:02,42.5358772277832,-8.84770965576172,"Female"
"9004151",371994,2025-05-14 13:08:23,42.5371017456055,-8.84830093383789,"Female"
"9004151",371994,2025-05-14 13:13:46,42.5370407104492,-8.84863567352295,"Female"
"9004151",371994,2025-05-14 13:19:23,42.5350875854492,-8.84809875488281,"Female"
"9004151",371994,2025-05-14 13:24:23,42.5344657897949,-8.84769248962402,"Female"
"9004151",371994,2025-05-14 13:29:36,42.5339164733887,-8.84844875335693,"Female"
"9004151",371994,2025-05-14 13:34:36,42.5328330993652,-8.84874725341797,"Female"
"9004151",371994,2025-05-14 13:39:56,42.5311546325684,-8.84926605224609,"Female"
"9004151",371994,2025-05-14 13:45:12,42.5291290283203,-8.848708152771,"Female"
"9004151",371994,2025-05-14 13:50:12,42.5284729003906,-8.84849548339844,"Female"
"9004151",371994,2025-05-14 13:55:12,42.5262756347656,-8.84711837768555,"Female"
"9004151",371994,2025-05-14 14:00:12,42.5263137817383,-8.84731006622314,"Female"
"9004151",371994,2025-05-14 14:05:12,42.5262908935547,-8.84693622589111,"Female"
"9004151",371994,2025-05-14 14:10:12,42.5260925292969,-8.8468017578125,"Female"
"9004151",371994,2025-05-14 14:15:12,42.5258369445801,-8.84645652770996,"Female"
"9004151",371994,2025-05-14 14:20:14,42.5263328552246,-8.84717082977295,"Female"
"9004151",371994,2025-05-14 14:25:12,42.526065826416,-8.84667110443115,"Female"
"9004151",371994,2025-05-14 14:30:12,42.5260162353516,-8.84660720825195,"Female"
"9004151",371994,2025-05-14 14:35:12,42.5259819030762,-8.84661388397217,"Female"
"9004151",371994,2025-05-14 14:40:12,42.5260772705078,-8.84671688079834,"Female"
"9004151",371994,2025-05-14 14:45:11,42.5260734558105,-8.84679317474365,"Female"
"9004151",371994,2025-05-14 14:50:12,42.5260963439941,-8.84678173065186,"Female"
"9004151",371994,2025-05-14 14:55:12,42.5261116027832,-8.84679985046387,"Female"
"9004151",371994,2025-05-14 15:00:13,42.5261421203613,-8.84676074981689,"Female"
"9004151",371994,2025-05-14 15:05:13,42.5261611938477,-8.84686756134033,"Female"
"9004151",371994,2025-05-14 15:10:12,42.5261764526367,-8.8469762802124,"Female"
"9004151",371994,2025-05-14 15:15:11,42.5260162353516,-8.84695053100586,"Female"
"9004151",371994,2025-05-14 15:20:12,42.5275917053223,-8.84822750091553,"Female"
"9004151",371994,2025-05-14 15:25:24,42.531135559082,-8.85080814361572,"Female"
"9004151",371994,2025-05-14 15:30:22,42.5298042297363,-8.85074043273926,"Female"
"9004151",371994,2025-05-14 15:35:59,42.5311889648438,-8.8496732711792,"Female"
"9004151",371994,2025-05-14 15:40:58,42.532299041748,-8.84904956817627,"Female"
"9004151",371994,2025-05-14 15:46:12,42.5329856872559,-8.84836483001709,"Female"
"9004151",371994,2025-05-14 15:51:16,42.5339698791504,-8.84887981414795,"Female"
"9004151",371994,2025-05-14 15:56:36,42.5348014831543,-8.84865474700928,"Female"
"9004151",371994,2025-05-14 16:01:45,42.5356788635254,-8.8477611541748,"Female"
"9004151",371994,2025-05-14 16:06:43,42.5356483459473,-8.84844779968262,"Female"
"9004151",371994,2025-05-14 16:11:45,42.5350227355957,-8.84801292419434,"Female"
"9004151",371994,2025-05-14 16:16:45,42.5346260070801,-8.84751224517822,"Female"
"9004151",371994,2025-05-14 16:21:45,42.534351348877,-8.84711074829102,"Female"
"9004151",371994,2025-05-14 16:26:44,42.5337867736816,-8.84676647186279,"Female"
"9004151",371994,2025-05-14 16:31:44,42.5332489013672,-8.84714698791504,"Female"
"9004151",371994,2025-05-14 16:36:46,42.5325241088867,-8.84844589233398,"Female"
"9004151",371994,2025-05-14 16:41:43,42.5330581665039,-8.8524341583252,"Female"
"9004151",371994,2025-05-14 16:47:05,42.5314140319824,-8.852219581604,"Female"
"9004151",371994,2025-05-14 16:52:28,42.5303726196289,-8.85360908508301,"Female"
"9004151",371994,2025-05-14 16:58:35,42.5309715270996,-8.8547191619873,"Female"
"9004151",371994,2025-05-14 17:03:36,42.531421661377,-8.85490131378174,"Female"
"9004151",371994,2025-05-14 17:08:48,42.5305938720703,-8.85486316680908,"Female"
"9004151",371994,2025-05-14 17:14:16,42.5298614501953,-8.85509872436523,"Female"
"9004151",371994,2025-05-14 17:19:14,42.5294761657715,-8.85623931884766,"Female"
"9004151",371994,2025-05-14 17:24:15,42.5302505493164,-8.85526371002197,"Female"
"9004151",371994,2025-05-14 17:29:14,42.5308837890625,-8.85468196868896,"Female"
"9004151",371994,2025-05-14 17:34:14,42.5345344543457,-8.85209560394287,"Female"
"9004151",371994,2025-05-14 17:39:17,42.5339393615723,-8.85188674926758,"Female"
"9004151",371994,2025-05-14 17:44:18,42.5341644287109,-8.85071277618408,"Female"
"9004151",371994,2025-05-14 17:49:25,42.5348739624023,-8.85054588317871,"Female"
"9004151",371994,2025-05-14 17:54:43,42.5356216430664,-8.85059261322021,"Female"
"9004151",371994,2025-05-14 17:59:42,42.5363922119141,-8.85018920898438,"Female"
"9004151",371994,2025-05-14 18:04:43,42.5351982116699,-8.85063648223877,"Female"
"9004151",371994,2025-05-14 18:10:22,42.5330047607422,-8.85102367401123,"Female"
"9004151",371994,2025-05-14 18:15:22,42.5308837890625,-8.85126876831055,"Female"
"9004151",371994,2025-05-14 18:20:22,42.5246200561523,-8.85455894470215,"Female"
"9004151",371994,2025-05-14 18:25:22,42.524772644043,-8.85448169708252,"Female"
"9004151",371994,2025-05-14 18:30:22,42.5247039794922,-8.85446357727051,"Female"
"9004151",371994,2025-05-14 18:35:22,42.5246810913086,-8.8543701171875,"Female"
"9004151",371994,2025-05-14 18:40:22,42.5121650695801,-8.86948680877686,"Female"
"9004151",371994,2025-05-14 18:45:22,42.5049896240234,-8.88142967224121,"Female"
"9004151",371994,2025-05-14 18:50:22,42.499080657959,-8.88849544525146,"Female"
"9004151",371994,2025-05-14 18:55:24,42.4872932434082,-8.91081619262695,"Female"
"9004151",371994,2025-05-14 19:00:21,42.4808387756348,-8.93650913238525,"Female"
"9004151",371994,2025-05-14 19:05:24,42.4803619384766,-8.93935394287109,"Female"
"9004151",371994,2025-05-14 19:10:27,42.4626884460449,-8.94713115692139,"Female"
"9004151",371994,2025-05-14 19:15:22,42.4456939697266,-8.94531154632568,"Female"
"9004151",371994,2025-05-14 19:20:23,42.4443397521973,-8.94465732574463,"Female"
"9004151",371994,2025-05-14 19:25:24,42.4424705505371,-8.94479751586914,"Female"
"9004151",371994,2025-05-14 19:30:22,42.4106369018555,-8.92704391479492,"Female"
"9004151",371994,2025-05-14 19:35:22,42.3996086120605,-8.92059898376465,"Female"
"9004151",371994,2025-05-14 19:40:23,42.4007263183594,-8.92126178741455,"Female"
"9004151",371994,2025-05-14 19:45:22,42.4006385803223,-8.9211311340332,"Female"
"9004151",371994,2025-05-14 19:50:22,42.4007759094238,-8.92107582092285,"Female"
"9004151",371994,2025-05-14 19:55:24,42.4009170532227,-8.92098999023438,"Female"
"9004151",371994,2025-05-14 20:00:22,42.400806427002,-8.92101287841797,"Female"
"9004151",371994,2025-05-14 20:05:22,42.4007949829102,-8.92121887207031,"Female"
"9004151",371994,2025-05-14 20:10:22,42.4008903503418,-8.92117786407471,"Female"
"9004151",371994,2025-05-14 20:15:23,42.4008712768555,-8.92122840881348,"Female"
"9004151",371994,2025-05-14 20:20:22,42.4009628295898,-8.92111206054688,"Female"
"9004151",371994,2025-05-14 20:25:22,42.4010620117188,-8.92112064361572,"Female"
"9004151",371994,2025-05-14 20:30:23,42.401008605957,-8.92107391357422,"Female"
"9004151",371994,2025-05-14 20:35:22,42.4009971618652,-8.92105388641357,"Female"
"9004151",371994,2025-05-14 20:40:22,42.4009628295898,-8.92098522186279,"Female"
"9004151",371994,2025-05-14 20:45:23,42.4011535644531,-8.92100238800049,"Female"
"9004151",371994,2025-05-14 20:50:23,42.4011192321777,-8.92110443115234,"Female"
"9004151",371994,2025-05-14 20:55:22,42.4012451171875,-8.92107677459717,"Female"
"9004151",371994,2025-05-14 21:00:24,42.401252746582,-8.9210901260376,"Female"
"9004151",371994,2025-05-14 21:05:23,42.4011993408203,-8.921217918396,"Female"
"9004151",371994,2025-05-14 21:10:22,42.4011192321777,-8.92138290405273,"Female"
"9004151",371994,2025-05-14 21:15:23,42.4016151428223,-8.92109966278076,"Female"
"9004151",371994,2025-05-14 21:20:23,42.4015808105469,-8.92108917236328,"Female"
"9004151",371994,2025-05-14 21:25:24,42.4015846252441,-8.92119121551514,"Female"
"9004151",371994,2025-05-14 21:30:23,42.4015846252441,-8.92131233215332,"Female"
"9004151",371994,2025-05-14 21:35:24,42.4011001586914,-8.92127132415771,"Female"
"9004151",371994,2025-05-14 21:40:25,42.4006385803223,-8.92049407958984,"Female"
"9004151",371994,2025-05-14 21:45:25,42.4002571105957,-8.92041110992432,"Female"
"9004151",371994,2025-05-14 21:50:25,42.399486541748,-8.92035961151123,"Female"
"9004151",371994,2025-05-14 21:55:27,42.4007148742676,-8.92114448547363,"Female"
"9004151",371994,2025-05-14 22:00:34,42.4009017944336,-8.92064380645752,"Female"
"9004151",371994,2025-05-14 22:05:44,42.4004936218262,-8.92098140716553,"Female"
"9004151",371994,2025-05-14 22:10:29,42.4003028869629,-8.92138862609863,"Female"
"9004151",371994,2025-05-14 22:15:28,42.3981857299805,-8.91598892211914,"Female"
"9004151",371994,2025-05-14 22:20:28,42.3999710083008,-8.92189502716064,"Female"
"9004151",371994,2025-05-14 22:25:27,42.3998374938965,-8.92195224761963,"Female"
"9004151",371994,2025-05-14 22:30:26,42.3998908996582,-8.92201328277588,"Female"
"9004151",371994,2025-05-14 22:35:28,42.3997993469238,-8.9224739074707,"Female"
"9004151",371994,2025-05-14 22:40:28,42.4001083374023,-8.92210578918457,"Female"
"9004151",371994,2025-05-14 22:45:44,42.4003219604492,-8.92172050476074,"Female"
"9004151",371994,2025-05-14 22:50:22,42.4003944396973,-8.92147445678711,"Female"
"9004151",371994,2025-05-14 22:55:23,42.4003028869629,-8.92156219482422,"Female"
"9004151",371994,2025-05-14 23:00:23,42.4001960754395,-8.92170524597168,"Female"
"9004151",371994,2025-05-14 23:05:27,42.4004516601562,-8.92150688171387,"Female"
"9004151",371994,2025-05-14 23:10:25,42.4004287719727,-8.92147827148438,"Female"
"9004151",371994,2025-05-14 23:15:25,42.4003105163574,-8.92165660858154,"Female"
"9004151",371994,2025-05-14 23:20:25,42.4006767272949,-8.92118167877197,"Female"
"9004151",371994,2025-05-14 23:25:28,42.4005241394043,-8.92137336730957,"Female"
"9004151",371994,2025-05-14 23:30:30,42.4005928039551,-8.92105865478516,"Female"
"9004151",371994,2025-05-14 23:35:30,42.4005508422852,-8.92124176025391,"Female"
"9004151",371994,2025-05-14 23:40:30,42.4005355834961,-8.92113590240479,"Female"
"9004151",371994,2025-05-14 23:45:30,42.4007110595703,-8.9211483001709,"Female"
"9004151",371994,2025-05-14 23:50:30,42.400707244873,-8.92125701904297,"Female"
"9004151",371994,2025-05-14 23:55:30,42.4006309509277,-8.92159843444824,"Female"
"9004151",371994,2025-05-15 00:00:30,42.4008102416992,-8.92092990875244,"Female"
"9004151",371994,2025-05-15 00:05:30,42.4006958007812,-8.92134761810303,"Female"
"9004151",371994,2025-05-15 00:10:30,42.4007797241211,-8.92092514038086,"Female"
"9004151",371994,2025-05-15 00:15:53,42.4004287719727,-8.92152309417725,"Female"
"9004151",371994,2025-05-15 00:20:22,42.4006233215332,-8.92128753662109,"Female"
"9004151",371994,2025-05-15 00:25:23,42.4006843566895,-8.9213228225708,"Female"
"9004151",371994,2025-05-15 00:30:22,42.4006462097168,-8.921311378479,"Female"
"9004151",371994,2025-05-15 00:35:23,42.4006462097168,-8.92127418518066,"Female"
"9004151",371994,2025-05-15 00:40:22,42.4007377624512,-8.92100429534912,"Female"
"9004151",371994,2025-05-15 00:45:28,42.4004783630371,-8.92112445831299,"Female"
"9004151",371994,2025-05-15 00:50:23,42.4007034301758,-8.92127704620361,"Female"
"9004151",371994,2025-05-15 00:55:23,42.4007759094238,-8.9211254119873,"Female"
"9004151",371994,2025-05-15 01:00:27,42.4005432128906,-8.92102241516113,"Female"
"9004151",371994,2025-05-15 01:05:27,42.4003295898438,-8.92113399505615,"Female"
"9004151",371994,2025-05-15 01:10:59,42.400390625,-8.92116451263428,"Female"
"9004151",371994,2025-05-15 01:15:21,42.4003410339355,-8.92112350463867,"Female"
"9004151",371994,2025-05-15 01:20:21,42.4001884460449,-8.92133617401123,"Female"
"9004151",371994,2025-05-15 01:25:21,42.4000282287598,-8.9214038848877,"Female"
"9004151",371994,2025-05-15 01:30:27,42.400390625,-8.92116069793701,"Female"
"9004151",371994,2025-05-15 01:35:23,42.4001502990723,-8.92124271392822,"Female"
"9004151",371994,2025-05-15 01:40:24,42.400505065918,-8.92101573944092,"Female"
"9004151",371994,2025-05-15 01:45:24,42.4004707336426,-8.92105865478516,"Female"
"9004151",371994,2025-05-15 01:50:23,42.4004592895508,-8.92104816436768,"Female"
"9004151",371994,2025-05-15 01:55:22,42.4004020690918,-8.92108058929443,"Female"
"9004151",371994,2025-05-15 02:00:22,42.400318145752,-8.92113399505615,"Female"
"9004151",371994,2025-05-15 02:05:23,42.4004592895508,-8.92107009887695,"Female"
"9004151",371994,2025-05-15 02:10:22,42.4004135131836,-8.92105388641357,"Female"
"9004151",371994,2025-05-15 02:15:22,42.4002914428711,-8.92118740081787,"Female"
"9004151",371994,2025-05-15 02:20:22,42.4005546569824,-8.92103576660156,"Female"
"9004151",371994,2025-05-15 02:25:25,42.4003791809082,-8.92108726501465,"Female"
"9004151",371994,2025-05-15 02:30:30,42.4004020690918,-8.92102909088135,"Female"
"9004151",371994,2025-05-15 02:35:24,42.4004936218262,-8.92104148864746,"Female"
"9004151",371994,2025-05-15 02:40:23,42.4005165100098,-8.92109775543213,"Female"
"9004151",371994,2025-05-15 02:45:23,42.4005584716797,-8.92109394073486,"Female"
"9004151",371994,2025-05-15 02:50:29,42.4002151489258,-8.92110633850098,"Female"
"9004151",371994,2025-05-15 02:55:22,42.4005699157715,-8.92106437683105,"Female"
"9004151",371994,2025-05-15 03:00:22,42.4005508422852,-8.9210844039917,"Female"
"9004151",371994,2025-05-15 03:05:25,42.4001388549805,-8.92110061645508,"Female"
"9004151",371994,2025-05-15 03:10:24,42.4005317687988,-8.92115306854248,"Female"
"9004151",371994,2025-05-15 03:15:22,42.4004516601562,-8.92123126983643,"Female"
"9004151",371994,2025-05-15 03:20:22,42.4005508422852,-8.92108821868896,"Female"
"9004151",371994,2025-05-15 03:25:23,42.4005661010742,-8.92117786407471,"Female"
"9004151",371994,2025-05-15 03:30:28,42.4002914428711,-8.92110919952393,"Female"
"9004151",371994,2025-05-15 03:35:27,42.4003868103027,-8.92094230651855,"Female"
"9004151",371994,2025-05-15 03:40:27,42.4002494812012,-8.92116260528564,"Female"
"9004151",371994,2025-05-15 03:45:27,42.4003639221191,-8.92101192474365,"Female"
"9004151",371994,2025-05-15 03:50:29,42.4003448486328,-8.9217643737793,"Female"
"9004151",371994,2025-05-15 03:55:35,42.4004058837891,-8.92170333862305,"Female"
"9004151",371994,2025-05-15 04:00:27,42.4005279541016,-8.92150115966797,"Female"
"9004151",371994,2025-05-15 04:05:44,42.4003791809082,-8.92175960540771,"Female"
"9004151",371994,2025-05-15 04:10:23,42.4003143310547,-8.92175674438477,"Female"
"9004151",371994,2025-05-15 04:15:23,42.4003677368164,-8.92166614532471,"Female"
"9004151",371994,2025-05-15 04:20:41,42.400203704834,-8.92227077484131,"Female"
"9004151",371994,2025-05-15 04:25:35,42.4004554748535,-8.92169570922852,"Female"
"9004151",371994,2025-05-15 04:30:27,42.4003982543945,-8.92194938659668,"Female"
"9004151",371994,2025-05-15 04:35:23,42.400520324707,-8.92170810699463,"Female"
"9004151",371994,2025-05-15 04:40:23,42.4005279541016,-8.92169952392578,"Female"
"9004151",371994,2025-05-15 04:47:52,42.4006004333496,-8.92156410217285,"Female"
"9004151",371994,2025-05-15 04:52:47,42.4005813598633,-8.92180824279785,"Female"
"9004151",371994,2025-05-15 04:57:48,42.400691986084,-8.92113018035889,"Female"
"9004151",371994,2025-05-15 05:02:49,42.4006843566895,-8.92141437530518,"Female"
"9004151",371994,2025-05-15 05:07:48,42.4006080627441,-8.92186069488525,"Female"
"9004151",371994,2025-05-15 05:12:56,42.4006805419922,-8.92152118682861,"Female"
"9004151",371994,2025-05-15 05:18:05,42.4007530212402,-8.9215841293335,"Female"
"9004151",371994,2025-05-15 05:22:47,42.4007301330566,-8.92161846160889,"Female"
"9004151",371994,2025-05-15 05:27:46,42.3981666564941,-8.92063426971436,"Female"
"9004151",371994,2025-05-15 05:32:46,42.3982734680176,-8.92052841186523,"Female"
"9004151",371994,2025-05-15 05:37:46,42.3981857299805,-8.92084503173828,"Female"
"9004151",371994,2025-05-15 05:42:48,42.398136138916,-8.92098808288574,"Female"
"9004151",371994,2025-05-15 05:47:48,42.3975067138672,-8.92187023162842,"Female"
"9004151",371994,2025-05-15 05:52:49,42.398063659668,-8.92070770263672,"Female"
"9004151",371994,2025-05-15 05:57:51,42.3980522155762,-8.92071723937988,"Female"
"9004151",371994,2025-05-15 06:02:51,42.3978729248047,-8.92019081115723,"Female"
"9004151",371994,2025-05-15 06:07:52,42.3978500366211,-8.92015933990479,"Female"
"9004151",371994,2025-05-15 06:12:53,42.3982582092285,-8.919020652771,"Female"
"9004151",371994,2025-05-15 06:18:15,42.4026947021484,-8.89976119995117,"Female"
"9004151",371994,2025-05-15 06:23:14,42.4059982299805,-8.89687347412109,"Female"
"9004151",371994,2025-05-15 06:29:03,42.4047241210938,-8.89658164978027,"Female"
"9004151",371994,2025-05-15 06:34:08,42.4031639099121,-8.89609718322754,"Female"
"9004151",371994,2025-05-15 06:39:06,42.4021301269531,-8.89698886871338,"Female"
"9004151",371994,2025-05-15 06:44:42,42.4054565429688,-8.8876256942749,"Female"
"9004151",371994,2025-05-15 06:50:25,42.4140205383301,-8.88916683197021,"Female"
"9004151",371994,2025-05-15 06:55:36,42.4176483154297,-8.88728141784668,"Female"
"9004151",371994,2025-05-15 07:00:36,42.4172134399414,-8.88825225830078,"Female"
"9004151",371994,2025-05-15 07:05:36,42.418384552002,-8.88740062713623,"Female"
"9004151",371994,2025-05-15 07:10:36,42.4296112060547,-8.89301586151123,"Female"
"9004151",371994,2025-05-15 07:15:36,42.4335327148438,-8.89542675018311,"Female"
"9004151",371994,2025-05-15 07:21:20,42.4345817565918,-8.89645671844482,"Female"
"9004151",371994,2025-05-15 07:26:20,42.4375915527344,-8.90030765533447,"Female"
"9004151",371994,2025-05-15 07:31:20,42.440860748291,-8.90076732635498,"Female"
"9004151",371994,2025-05-15 07:36:20,42.4414024353027,-8.90231227874756,"Female"
"9004151",371994,2025-05-15 07:41:39,42.4418487548828,-8.90363788604736,"Female"
"9004151",371994,2025-05-15 07:46:40,42.4424362182617,-8.90480422973633,"Female"
"9004151",371994,2025-05-15 07:51:39,42.4436950683594,-8.9067554473877,"Female"
"9004151",371994,2025-05-15 07:56:39,42.4613494873047,-8.94308567047119,"Female"
"9004151",371994,2025-05-15 08:01:39,42.4792900085449,-8.93898677825928,"Female"
"9004151",371994,2025-05-15 08:06:40,42.4794502258301,-8.93912124633789,"Female"
"9004151",371994,2025-05-15 08:11:39,42.4961318969727,-8.90364646911621,"Female"
"9004151",371994,2025-05-15 08:16:39,42.5102233886719,-8.8698616027832,"Female"
"9004151",371994,2025-05-15 08:21:42,42.5303955078125,-8.85457324981689,"Female"
"9004151",371994,2025-05-15 08:26:40,42.5309944152832,-8.85233497619629,"Female"
"9004151",371994,2025-05-15 08:32:22,42.5307502746582,-8.85002994537354,"Female"
"9004151",371994,2025-05-15 08:38:37,42.5312728881836,-8.8489465713501,"Female"
"9004151",371994,2025-05-15 08:44:15,42.5322151184082,-8.84806823730469,"Female"
"9004151",371994,2025-05-15 08:49:16,42.5309371948242,-8.84896755218506,"Female"
"9004151",371994,2025-05-15 08:54:57,42.5294876098633,-8.85021591186523,"Female"
"9004151",371994,2025-05-15 09:00:08,42.5295791625977,-8.84885025024414,"Female"
"9004151",371994,2025-05-15 09:05:05,42.5292320251465,-8.84871578216553,"Female"
"9004151",371994,2025-05-15 09:10:08,42.5264320373535,-8.84757804870605,"Female"
"9004151",371994,2025-05-15 09:15:06,42.5263442993164,-8.84729957580566,"Female"
"9004151",371994,2025-05-15 09:20:07,42.5264778137207,-8.84732246398926,"Female"
"9004151",371994,2025-05-15 09:31:18,42.5261535644531,-8.84675693511963,"Female"
"9004151",371994,2025-05-15 09:36:33,42.5261268615723,-8.8469066619873,"Female"
"9004151",371994,2025-05-15 09:41:35,42.5262222290039,-8.84683132171631,"Female"
"9004151",371994,2025-05-15 09:46:30,42.5263862609863,-8.84745407104492,"Female"
"9004151",371994,2025-05-15 09:51:31,42.5262222290039,-8.84731578826904,"Female"
"9004151",371994,2025-05-15 09:56:30,42.5263748168945,-8.84743404388428,"Female"
"9004151",371994,2025-05-15 10:01:38,42.5263519287109,-8.84765529632568,"Female"
"9004151",371994,2025-05-15 10:06:29,42.5262680053711,-8.84753894805908,"Female"
"9004151",371994,2025-05-15 10:11:42,42.5261116027832,-8.84764099121094,"Female"
"9004151",371994,2025-05-15 10:16:28,42.5259971618652,-8.84738922119141,"Female"
"9004151",371994,2025-05-15 10:21:28,42.5260314941406,-8.84760093688965,"Female"
"9004151",371994,2025-05-15 10:26:28,42.5260543823242,-8.84759616851807,"Female"
"9004151",371994,2025-05-15 10:31:28,42.5259857177734,-8.84764575958252,"Female"
"9004151",371994,2025-05-15 10:36:28,42.5260314941406,-8.84750366210938,"Female"
"9004151",371994,2025-05-15 10:41:28,42.5260963439941,-8.84759998321533,"Female"
"9004151",371994,2025-05-15 10:46:34,42.52685546875,-8.85065650939941,"Female"
"9004151",371994,2025-05-15 10:51:42,42.5260429382324,-8.84765720367432,"Female"
"9004151",371994,2025-05-15 10:57:14,42.530143737793,-8.84892749786377,"Female"
"9004151",371994,2025-05-15 11:02:26,42.5314407348633,-8.84833908081055,"Female"
"9004151",371994,2025-05-15 11:07:33,42.5326766967773,-8.84780120849609,"Female"
"9004151",371994,2025-05-15 11:12:48,42.532829284668,-8.84918308258057,"Female"
"9004151",371994,2025-05-15 11:17:57,42.5342674255371,-8.84965515136719,"Female"
"9004151",371994,2025-05-15 11:23:19,42.5358848571777,-8.85092735290527,"Female"
"9004151",371994,2025-05-15 11:28:49,42.5367698669434,-8.85090732574463,"Female"
"9004151",371994,2025-05-15 11:33:45,42.5369529724121,-8.84947490692139,"Female"
"9004151",371994,2025-05-15 11:39:14,42.5368461608887,-8.84759902954102,"Female"
"9004151",371994,2025-05-15 11:44:14,42.5374069213867,-8.84812068939209,"Female"
"9004151",371994,2025-05-15 11:49:37,42.5357513427734,-8.84868049621582,"Female"
"9004151",371994,2025-05-15 11:54:33,42.5341148376465,-8.84803009033203,"Female"
"9004151",371994,2025-05-15 11:59:51,42.5331115722656,-8.84923839569092,"Female"
"9004151",371994,2025-05-15 12:04:34,42.5295257568359,-8.84916973114014,"Female"
"9004151",371994,2025-05-15 12:09:37,42.5258827209473,-8.8472261428833,"Female"
"9004151",371994,2025-05-15 12:14:34,42.5257987976074,-8.84729766845703,"Female"
"9004151",371994,2025-05-15 12:19:44,42.5258293151855,-8.84738922119141,"Female"
"9004151",371994,2025-05-15 12:24:30,42.5257682800293,-8.84721565246582,"Female"
"9004151",371994,2025-05-15 12:29:29,42.5261116027832,-8.8478479385376,"Female"
"9004151",371994,2025-05-15 12:34:29,42.526294708252,-8.84786891937256,"Female"
"9004151",371994,2025-05-15 12:39:31,42.5260696411133,-8.84766578674316,"Female"
"9004151",371994,2025-05-15 12:44:31,42.5261573791504,-8.84755420684814,"Female"
"9004151",371994,2025-05-15 12:49:39,42.5265693664551,-8.84680366516113,"Female"
"9004151",371994,2025-05-15 12:54:42,42.5262184143066,-8.84780502319336,"Female"
"9004151",371994,2025-05-15 12:59:30,42.5257720947266,-8.8473596572876,"Female"
"9004151",371994,2025-05-15 13:04:40,42.5265426635742,-8.84722518920898,"Female"
"9004151",371994,2025-05-15 13:09:28,42.5262069702148,-8.84661293029785,"Female"
"9004151",371994,2025-05-15 13:14:29,42.5262794494629,-8.84712409973145,"Female"
"9004151",371994,2025-05-15 13:19:28,42.5255317687988,-8.84682464599609,"Female"
"9004151",371994,2025-05-15 13:24:35,42.5265045166016,-8.84674835205078,"Female"
"9004151",371994,2025-05-15 13:29:35,42.5263633728027,-8.84680080413818,"Female"
"9004151",371994,2025-05-15 13:34:29,42.526123046875,-8.84666156768799,"Female"
"9004151",371994,2025-05-15 13:39:31,42.5262870788574,-8.8467264175415,"Female"
"9004151",371994,2025-05-15 13:44:28,42.5260467529297,-8.84665775299072,"Female"
"9004151",371994,2025-05-15 13:49:44,42.5263557434082,-8.84809303283691,"Female"
"9004151",371994,2025-05-15 13:54:31,42.5264320373535,-8.84706687927246,"Female"
"9004151",371994,2025-05-15 13:59:33,42.5262107849121,-8.84702968597412,"Female"
"9004151",371994,2025-05-15 14:04:29,42.5261344909668,-8.84630489349365,"Female"
"9004151",371994,2025-05-15 14:09:36,42.5258750915527,-8.84660053253174,"Female"
"9004151",371994,2025-05-15 14:14:30,42.5259780883789,-8.84715461730957,"Female"
"9004151",371994,2025-05-15 14:19:36,42.5258865356445,-8.84671211242676,"Female"
"9004151",371994,2025-05-15 14:24:31,42.525993347168,-8.84694480895996,"Female"
"9004151",371994,2025-05-15 14:29:31,42.5265769958496,-8.84776210784912,"Female"
"9004151",371994,2025-05-15 14:34:31,42.5259017944336,-8.84675407409668,"Female"
"9004151",371994,2025-05-15 14:39:36,42.5261116027832,-8.84692192077637,"Female"
"9004151",371994,2025-05-15 14:44:33,42.527416229248,-8.8472318649292,"Female"
"9004151",371994,2025-05-15 14:54:39,42.5329627990723,-8.84999370574951,"Female"
"9004151",371994,2025-05-15 15:03:07,42.5346755981445,-8.84998798370361,"Female"
"9004151",371994,2025-05-15 15:08:33,42.5356521606445,-8.85026741027832,"Female"
"9004151",371994,2025-05-15 15:13:48,42.5363578796387,-8.85004806518555,"Female"
"9004151",371994,2025-05-15 15:19:01,42.5374870300293,-8.85066032409668,"Female"
"9004151",371994,2025-05-15 15:24:40,42.5372734069824,-8.85155582427979,"Female"
"9004151",371994,2025-05-15 15:30:58,42.536735534668,-8.84940814971924,"Female"
"9004151",371994,2025-05-15 15:36:59,42.5363998413086,-8.84684181213379,"Female"
"9004151",371994,2025-05-15 15:41:34,42.5349769592285,-8.84942245483398,"Female"
"9004151",371994,2025-05-15 15:46:59,42.5338668823242,-8.84945869445801,"Female"
"9004151",371994,2025-05-15 15:51:29,42.532299041748,-8.84948825836182,"Female"
"9004151",371994,2025-05-15 15:56:36,42.5327377319336,-8.85062980651855,"Female"
"9004151",371994,2025-05-15 16:02:13,42.5318756103516,-8.85138511657715,"Female"
"9004151",371994,2025-05-15 16:07:28,42.5320205688477,-8.85011863708496,"Female"
"9004151",371994,2025-05-15 16:12:42,42.5311965942383,-8.84973907470703,"Female"
"9004151",371994,2025-05-15 16:17:57,42.5311012268066,-8.84891605377197,"Female"
"9004151",371994,2025-05-15 16:23:21,42.5317153930664,-8.84990882873535,"Female"
"9004151",371994,2025-05-15 16:28:20,42.5297164916992,-8.8494930267334,"Female"
"9004151",371994,2025-05-15 16:33:20,42.530200958252,-8.84891510009766,"Female"
"9004151",371994,2025-05-15 16:38:44,42.5313491821289,-8.84934043884277,"Female"
"9004151",371994,2025-05-15 16:44:03,42.5299758911133,-8.85082817077637,"Female"
"9004151",371994,2025-05-15 16:49:46,42.530632019043,-8.85139846801758,"Female"
"9004151",371994,2025-05-15 16:55:28,42.5315093994141,-8.85066509246826,"Female"
"9004151",371994,2025-05-15 17:00:28,42.5310134887695,-8.85086250305176,"Female"
"9004151",371994,2025-05-15 17:05:33,42.5309791564941,-8.84966468811035,"Female"
"9004151",371994,2025-05-15 17:10:45,42.5312652587891,-8.84930419921875,"Female"
"9004151",371994,2025-05-15 17:16:12,42.5322456359863,-8.84932994842529,"Female"
"9004151",371994,2025-05-15 17:21:18,42.5334777832031,-8.84921455383301,"Female"
"9004151",371994,2025-05-15 17:26:27,42.533821105957,-8.8481388092041,"Female"
"9004151",371994,2025-05-15 17:31:36,42.533504486084,-8.85078811645508,"Female"
"9004151",371994,2025-05-15 17:36:54,42.5313568115234,-8.85163116455078,"Female"
"9004151",371994,2025-05-15 17:41:53,42.5295791625977,-8.85188674926758,"Female"
"9004151",371994,2025-05-15 17:46:50,42.5261459350586,-8.84750175476074,"Female"
"9004151",371994,2025-05-15 17:51:59,42.5262832641602,-8.84761333465576,"Female"
"9004151",371994,2025-05-15 17:56:58,42.5259742736816,-8.84749794006348,"Female"
"9004151",371994,2025-05-15 18:01:58,42.5261535644531,-8.84754276275635,"Female"
"9004151",371994,2025-05-15 18:07:14,42.5261039733887,-8.84749031066895,"Female"
"9004151",371994,2025-05-15 18:11:57,42.5261726379395,-8.84746932983398,"Female"
"9004151",371994,2025-05-15 18:16:57,42.5261306762695,-8.84736824035645,"Female"
"9004151",371994,2025-05-15 18:21:57,42.5261306762695,-8.84739017486572,"Female"
"9004151",371994,2025-05-15 18:26:57,42.5262451171875,-8.84751987457275,"Female"
"9004151",371994,2025-05-15 18:31:58,42.5258293151855,-8.8472375869751,"Female"
"9004151",371994,2025-05-15 18:37:00,42.5263214111328,-8.84751319885254,"Female"
"9004151",371994,2025-05-15 18:42:00,42.5265274047852,-8.84750270843506,"Female"
"9004151",371994,2025-05-15 18:47:10,42.5260009765625,-8.84751224517822,"Female"
"9004151",371994,2025-05-15 18:51:59,42.5262336730957,-8.84759140014648,"Female"
"9004151",371994,2025-05-15 18:57:14,42.5209274291992,-8.8610315322876,"Female"
"9004151",371994,2025-05-15 19:01:58,42.4900054931641,-8.91254425048828,"Female"
"9004151",371994,2025-05-15 19:07:00,42.4506301879883,-8.94343090057373,"Female"
"9004151",371994,2025-05-15 19:12:06,42.4472160339355,-8.94350051879883,"Female"
"9004151",371994,2025-05-15 19:17:07,42.4029541015625,-8.92562294006348,"Female"
"9004151",371994,2025-05-15 19:22:29,42.4004974365234,-8.92091751098633,"Female"
"9004151",371994,2025-05-15 19:26:57,42.400276184082,-8.92122650146484,"Female"
"9004151",371994,2025-05-15 19:31:56,42.4004020690918,-8.92113494873047,"Female"
"9004151",371994,2025-05-15 19:36:56,42.4004783630371,-8.92107200622559,"Female"
"9004151",371994,2025-05-15 19:41:57,42.4004402160645,-8.9209680557251,"Female"
"9004151",371994,2025-05-15 19:46:57,42.4002952575684,-8.92098522186279,"Female"
"9004151",371994,2025-05-15 19:51:57,42.4004402160645,-8.920973777771,"Female"
"9004151",371994,2025-05-15 19:56:59,42.4004402160645,-8.92116165161133,"Female"
"9004151",371994,2025-05-15 20:01:57,42.4004745483398,-8.92096996307373,"Female"
"9004151",371994,2025-05-15 20:06:57,42.4003410339355,-8.921142578125,"Female"
"9004151",371994,2025-05-15 20:11:57,42.4005126953125,-8.92093563079834,"Female"
"9004151",371994,2025-05-15 20:16:57,42.400463104248,-8.92099475860596,"Female"
"9004151",371994,2025-05-15 20:21:57,42.4006843566895,-8.92076206207275,"Female"
"9004151",371994,2025-05-15 20:26:57,42.4005470275879,-8.9209156036377,"Female"
"9004151",371994,2025-05-15 20:31:57,42.4006423950195,-8.92083835601807,"Female"
"9004151",371994,2025-05-15 20:36:57,42.4004592895508,-8.92099094390869,"Female"
"9004151",371994,2025-05-15 20:41:57,42.4004859924316,-8.92110919952393,"Female"
"9004151",371994,2025-05-15 20:46:57,42.4003219604492,-8.92106151580811,"Female"
"9004151",371994,2025-05-15 20:51:57,42.4003791809082,-8.92114639282227,"Female"
"9004151",371994,2025-05-15 20:56:58,42.4007186889648,-8.92097187042236,"Female"
"9004151",371994,2025-05-15 21:01:58,42.4000358581543,-8.92120170593262,"Female"
"9004151",371994,2025-05-15 21:06:57,42.3999328613281,-8.92117309570312,"Female"
"9004151",371994,2025-05-15 21:11:57,42.3996200561523,-8.9212589263916,"Female"
"9004151",371994,2025-05-15 21:16:58,42.3993988037109,-8.9211311340332,"Female"
"9004151",371994,2025-05-15 21:21:57,42.399845123291,-8.92089939117432,"Female"
"9004151",371994,2025-05-15 21:26:57,42.3999137878418,-8.92111778259277,"Female"
"9004151",371994,2025-05-15 21:31:57,42.4000129699707,-8.92037105560303,"Female"
"9004151",371994,2025-05-15 21:36:58,42.3998336791992,-8.92050075531006,"Female"
"9004151",371994,2025-05-15 21:42:06,42.4007759094238,-8.92060470581055,"Female"
"9004151",371994,2025-05-15 21:47:06,42.400821685791,-8.92071628570557,"Female"
"9004151",371994,2025-05-15 21:51:59,42.3996315002441,-8.91975402832031,"Female"
"9004151",371994,2025-05-15 21:57:01,42.4000396728516,-8.92253112792969,"Female"
"9004151",371994,2025-05-15 22:02:14,42.4001350402832,-8.9220495223999,"Female"
"9004151",371994,2025-05-15 22:07:01,42.3996620178223,-8.92282104492188,"Female"
"9004151",371994,2025-05-15 22:12:10,42.4000854492188,-8.92225646972656,"Female"
"9004151",371994,2025-05-15 22:17:00,42.4000053405762,-8.92192363739014,"Female"
"9004151",371994,2025-05-15 22:21:58,42.4002265930176,-8.92183113098145,"Female"
"9004151",371994,2025-05-15 22:26:59,42.4000511169434,-8.92154407501221,"Female"
"9004151",371994,2025-05-15 22:31:58,42.4000205993652,-8.92256259918213,"Female"
"9004151",371994,2025-05-15 22:36:57,42.3999710083008,-8.9225492477417,"Female"
"9004151",371994,2025-05-15 22:42:06,42.3999710083008,-8.9231481552124,"Female"
"9004151",371994,2025-05-15 22:46:58,42.4000930786133,-8.92202949523926,"Female"
"9004151",371994,2025-05-15 22:51:57,42.4003067016602,-8.92138671875,"Female"
"9004151",371994,2025-05-15 22:56:57,42.400218963623,-8.92151546478271,"Female"
"9004151",371994,2025-05-15 23:01:58,42.4002532958984,-8.9213809967041,"Female"
"9004151",371994,2025-05-15 23:07:01,42.4001617431641,-8.92156314849854,"Female"
"9004151",371994,2025-05-15 23:11:57,42.4001312255859,-8.92154407501221,"Female"
"9004151",371994,2025-05-15 23:16:57,42.4001159667969,-8.92141532897949,"Female"
"9004151",371994,2025-05-15 23:22:00,42.4002494812012,-8.92162990570068,"Female"
"9004151",371994,2025-05-15 23:26:58,42.400146484375,-8.92173194885254,"Female"
"9004151",371994,2025-05-15 23:31:58,42.4001770019531,-8.92176628112793,"Female"
"9004151",371994,2025-05-15 23:36:58,42.400333404541,-8.92187309265137,"Female"
"9004151",371994,2025-05-15 23:41:57,42.4004402160645,-8.92191600799561,"Female"
"9004151",371994,2025-05-15 23:46:57,42.400447845459,-8.92165660858154,"Female"
"9004151",371994,2025-05-15 23:51:58,42.4004440307617,-8.92187690734863,"Female"
"9004151",371994,2025-05-15 23:56:57,42.4003715515137,-8.92209339141846,"Female"
"9004151",371994,2025-05-16 00:02:00,42.4006233215332,-8.9224157333374,"Female"
"9004151",371994,2025-05-16 00:07:06,42.4001770019531,-8.9214506149292,"Female"
"9004151",371994,2025-05-16 00:12:00,42.4003601074219,-8.92150211334229,"Female"
"9004151",371994,2025-05-16 00:17:10,42.4002265930176,-8.9211597442627,"Female"
"9004151",371994,2025-05-16 00:22:09,42.4000854492188,-8.92143630981445,"Female"
"9004151",371994,2025-05-16 00:27:16,42.4001045227051,-8.92140483856201,"Female"
"9004151",371994,2025-05-16 00:32:10,42.4001159667969,-8.92133903503418,"Female"
"9004151",371994,2025-05-16 00:37:14,42.4001312255859,-8.92124366760254,"Female"
"9004151",371994,2025-05-16 00:41:57,42.4001731872559,-8.92165184020996,"Female"
"9004151",371994,2025-05-16 00:46:57,42.4003257751465,-8.92110919952393,"Female"
"9004151",371994,2025-05-16 00:51:57,42.4002342224121,-8.92131423950195,"Female"
"9004151",371994,2025-05-16 00:56:57,42.4002151489258,-8.92146110534668,"Female"
"9004151",371994,2025-05-16 01:02:01,42.4003067016602,-8.92116355895996,"Female"
"9004151",371994,2025-05-16 01:06:58,42.4004058837891,-8.92114067077637,"Female"
"9004151",371994,2025-05-16 01:12:02,42.4004592895508,-8.92124843597412,"Female"
"9004151",371994,2025-05-16 01:16:57,42.4006233215332,-8.92109394073486,"Female"
"9004151",371994,2025-05-16 01:21:57,42.4005851745605,-8.92138290405273,"Female"
"9004151",371994,2025-05-16 01:26:57,42.4004859924316,-8.92132949829102,"Female"
"9004151",371994,2025-05-16 01:31:57,42.4003868103027,-8.92145252227783,"Female"
"9004151",371994,2025-05-16 01:36:57,42.4004287719727,-8.92133617401123,"Female"
"9004151",371994,2025-05-16 01:41:57,42.4003829956055,-8.92139911651611,"Female"
"9004151",371994,2025-05-16 01:46:58,42.4004287719727,-8.92144012451172,"Female"
"9004151",371994,2025-05-16 01:52:01,42.4007225036621,-8.92123413085938,"Female"
"9004151",371994,2025-05-16 01:57:03,42.4002876281738,-8.92137241363525,"Female"
"9004151",371994,2025-05-16 02:02:01,42.4005508422852,-8.92134952545166,"Female"
"9004151",371994,2025-05-16 02:06:57,42.4003067016602,-8.921462059021,"Female"
"9004151",371994,2025-05-16 02:11:59,42.4005317687988,-8.92138481140137,"Female"
"9004151",371994,2025-05-16 02:16:57,42.4004325866699,-8.92146492004395,"Female"
"9004151",371994,2025-05-16 02:22:06,42.4002075195312,-8.9214563369751,"Female"
"9004151",371994,2025-05-16 02:27:00,42.4005470275879,-8.92150688171387,"Female"
"9004151",371994,2025-05-16 02:31:59,42.4009552001953,-8.92142486572266,"Female"
"9004151",371994,2025-05-16 02:37:05,42.4007148742676,-8.92122459411621,"Female"
"9004151",371994,2025-05-16 02:42:06,42.4005279541016,-8.92138767242432,"Female"
"9004151",371994,2025-05-16 02:47:03,42.3999061584473,-8.92169952392578,"Female"
"9004151",371994,2025-05-16 02:52:01,42.4009704589844,-8.92115688323975,"Female"
"9004151",371994,2025-05-16 02:56:59,42.4009895324707,-8.92125034332275,"Female"
"9004151",371994,2025-05-16 03:01:59,42.400764465332,-8.92138767242432,"Female"
"9004151",371994,2025-05-16 03:07:01,42.4009208679199,-8.9212818145752,"Female"
"9004151",371994,2025-05-16 03:12:14,42.4008674621582,-8.92126178741455,"Female"
"9004151",371994,2025-05-16 03:17:11,42.4009590148926,-8.9212589263916,"Female"
"9004151",371994,2025-05-16 03:22:15,42.4005508422852,-8.92117977142334,"Female"
"9004151",371994,2025-05-16 03:27:06,42.4005241394043,-8.92106437683105,"Female"
"9004151",371994,2025-05-16 03:32:08,42.4004364013672,-8.92114639282227,"Female"
"9004151",371994,2025-05-16 03:37:27,42.4002647399902,-8.92092609405518,"Female"
"9004151",371994,2025-05-16 03:41:59,42.4001579284668,-8.92121315002441,"Female"
"9004151",371994,2025-05-16 03:47:00,42.4001502990723,-8.92125034332275,"Female"
"9004151",371994,2025-05-16 03:52:16,42.4001045227051,-8.92163753509521,"Female"
"9004151",371994,2025-05-16 03:57:20,42.4000511169434,-8.92185974121094,"Female"
"9004151",371994,2025-05-16 04:02:16,42.4001388549805,-8.92160224914551,"Female"
"9004151",371994,2025-05-16 04:07:10,42.4002075195312,-8.921555519104,"Female"
"9004151",371994,2025-05-16 04:12:04,42.4004249572754,-8.92048740386963,"Female"
"9004151",371994,2025-05-16 04:17:13,42.4003448486328,-8.92105960845947,"Female"
"9004151",371994,2025-05-16 04:22:04,42.4002952575684,-8.92117214202881,"Female"
"9004151",371994,2025-05-16 04:27:00,42.4001922607422,-8.92240047454834,"Female"
"9004151",371994,2025-05-16 04:32:09,42.4003601074219,-8.92190647125244,"Female"
"9004151",371994,2025-05-16 04:37:07,42.4004821777344,-8.92117404937744,"Female"
"9004151",371994,2025-05-16 04:42:06,42.4004554748535,-8.92172718048096,"Female"
"9004151",371994,2025-05-16 04:47:29,42.4004287719727,-8.92101860046387,"Female"
"9004151",371994,2025-05-16 04:51:59,42.4004859924316,-8.92085266113281,"Female"
"9004151",371994,2025-05-16 04:57:09,42.4004516601562,-8.92090511322021,"Female"
"9004151",371994,2025-05-16 05:02:07,42.4001274108887,-8.92142295837402,"Female"
"9004151",371994,2025-05-16 05:07:19,42.4004058837891,-8.92089939117432,"Female"
"9004151",371994,2025-05-16 05:12:25,42.4005699157715,-8.92078304290771,"Female"
"9004151",371994,2025-05-16 05:16:57,42.4007949829102,-8.92045497894287,"Female"
"9004151",371994,2025-05-16 05:21:57,42.3977928161621,-8.92042636871338,"Female"
"9004151",371994,2025-05-16 05:26:57,42.3978652954102,-8.92039203643799,"Female"
"9004151",371994,2025-05-16 05:31:57,42.3976554870605,-8.92016315460205,"Female"
"9004151",371994,2025-05-16 05:36:57,42.3975601196289,-8.9200611114502,"Female"
"9004151",371994,2025-05-16 05:42:14,42.3972969055176,-8.91980838775635,"Female"
"9004151",371994,2025-05-16 05:46:58,42.3974838256836,-8.91995429992676,"Female"
"9004151",371994,2025-05-16 05:51:58,42.3975410461426,-8.92015266418457,"Female"
"9004151",371994,2025-05-16 05:56:57,42.3995590209961,-8.90814208984375,"Female"
"9004151",371994,2025-05-16 06:01:57,42.4017524719238,-8.89917087554932,"Female"
"9004151",371994,2025-05-16 06:06:58,42.4018211364746,-8.89882659912109,"Female"
"9004151",371994,2025-05-16 06:11:57,42.4013366699219,-8.89870929718018,"Female"
"9004151",371994,2025-05-16 06:17:05,42.4004821777344,-8.89978504180908,"Female"
"9004151",371994,2025-05-16 06:21:59,42.4032669067383,-8.90174388885498,"Female"
"9004151",371994,2025-05-16 06:26:59,42.4095458984375,-8.89302062988281,"Female"
"9004151",371994,2025-05-16 06:32:06,42.4139747619629,-8.8860034942627,"Female"
"9004151",371994,2025-05-16 06:38:14,42.413990020752,-8.88443183898926,"Female"
"9004151",371994,2025-05-16 06:43:37,42.4083023071289,-8.8744421005249,"Female"
"9004151",371994,2025-05-16 06:49:11,42.4065246582031,-8.86992359161377,"Female"
"9004151",371994,2025-05-16 06:55:01,42.4034271240234,-8.86424541473389,"Female"
"9004151",371994,2025-05-16 07:00:02,42.4034461975098,-8.86393165588379,"Female"
"9004151",371994,2025-05-16 07:05:34,42.3998374938965,-8.86393070220947,"Female"
"9004151",371994,2025-05-16 07:10:38,42.3996772766113,-8.86325454711914,"Female"
"9004151",371994,2025-05-16 07:15:53,42.3965873718262,-8.86262989044189,"Female"
"9004151",371994,2025-05-16 07:20:45,42.3967208862305,-8.86282634735107,"Female"
"9004151",371994,2025-05-16 07:25:47,42.3975219726562,-8.86273288726807,"Female"
"9004151",371994,2025-05-16 07:31:04,42.3974761962891,-8.86293029785156,"Female"
"9004151",371994,2025-05-16 07:35:44,42.3975410461426,-8.86342144012451,"Female"
"9004151",371994,2025-05-16 07:40:44,42.3974990844727,-8.864013671875,"Female"
"9004151",371994,2025-05-16 07:45:44,42.3977241516113,-8.86438941955566,"Female"
"9004151",371994,2025-05-16 07:50:47,42.3968734741211,-8.8652515411377,"Female"
"9004151",371994,2025-05-16 07:55:44,42.397403717041,-8.86609077453613,"Female"
"9004151",371994,2025-05-16 08:00:45,42.3979721069336,-8.8669261932373,"Female"
"9004151",371994,2025-05-16 08:05:45,42.3986778259277,-8.8679723739624,"Female"
"9004151",371994,2025-05-16 08:10:45,42.3995475769043,-8.86895370483398,"Female"
"9004151",371994,2025-05-16 08:15:46,42.4007148742676,-8.86988353729248,"Female"
"9004151",371994,2025-05-16 08:20:45,42.401668548584,-8.87100887298584,"Female"
"9004151",371994,2025-05-16 08:25:45,42.4023933410645,-8.87150096893311,"Female"
"9004151",371994,2025-05-16 08:30:45,42.4026527404785,-8.87090587615967,"Female"
"9004151",371994,2025-05-16 08:35:45,42.4037628173828,-8.87127590179443,"Female"
"9004151",371994,2025-05-16 08:40:47,42.4051704406738,-8.8722972869873,"Female"
"9004151",371994,2025-05-16 08:45:45,42.4063415527344,-8.87316417694092,"Female"
"9004151",371994,2025-05-16 08:50:45,42.4074325561523,-8.874098777771,"Female"
"9004151",371994,2025-05-16 08:55:49,42.4084129333496,-8.87483692169189,"Female"
"9004151",371994,2025-05-16 09:00:47,42.4097709655762,-8.87614631652832,"Female"
"9004151",371994,2025-05-16 09:05:47,42.4106330871582,-8.87662506103516,"Female"
"9004151",371994,2025-05-16 09:10:48,42.4103088378906,-8.87563991546631,"Female"
"9004151",371994,2025-05-16 09:15:49,42.4107513427734,-8.87639713287354,"Female"
"9004151",371994,2025-05-16 09:21:05,42.411060333252,-8.87824440002441,"Female"
"9004151",371994,2025-05-16 09:25:46,42.4254379272461,-8.8926420211792,"Female"
"9004151",371994,2025-05-16 09:30:46,42.4261665344238,-8.8930139541626,"Female"
"9004151",371994,2025-05-16 09:35:46,42.4268798828125,-8.89353847503662,"Female"
"9004151",371994,2025-05-16 09:40:47,42.4275970458984,-8.89381694793701,"Female"
"9004151",371994,2025-05-16 09:45:45,42.428108215332,-8.89419746398926,"Female"
"9004151",371994,2025-05-16 09:51:56,42.4291038513184,-8.89492416381836,"Female"
"9004151",371994,2025-05-16 09:57:01,42.4292449951172,-8.89491176605225,"Female"
"9004151",371994,2025-05-16 10:02:01,42.4298324584961,-8.89584445953369,"Female"
"9004151",371994,2025-05-16 10:07:01,42.429859161377,-8.89658069610596,"Female"
"9004151",371994,2025-05-16 10:12:02,42.430233001709,-8.89749717712402,"Female"
"9004151",371994,2025-05-16 10:18:10,42.4306831359863,-8.89949798583984,"Female"
"9004151",371994,2025-05-16 10:23:10,42.4314613342285,-8.90077590942383,"Female"
"9004151",371994,2025-05-16 10:28:10,42.4238433837891,-8.90828800201416,"Female"
"9004151",371994,2025-05-16 10:33:10,42.422176361084,-8.90924549102783,"Female"
"9004151",371994,2025-05-16 10:39:31,42.4167976379395,-8.91013813018799,"Female"
"9004151",371994,2025-05-16 10:44:43,42.4161758422852,-8.91068267822266,"Female"
"9004151",371994,2025-05-16 10:51:01,42.4152946472168,-8.91128826141357,"Female"
"9004151",371994,2025-05-16 10:56:01,42.4148216247559,-8.9124174118042,"Female"
"9004151",371994,2025-05-16 11:01:14,42.4005012512207,-8.92060279846191,"Female"
"9004151",371994,2025-05-16 11:06:01,42.400447845459,-8.92043876647949,"Female"
"9004151",371994,2025-05-16 11:11:03,42.400505065918,-8.92045879364014,"Female"
"9004151",371994,2025-05-16 11:16:02,42.4005355834961,-8.92063903808594,"Female"
"9004151",371994,2025-05-16 11:21:01,42.4004898071289,-8.9206075668335,"Female"
"9004151",371994,2025-05-16 11:26:14,42.400505065918,-8.92053031921387,"Female"
"9004151",371994,2025-05-16 11:31:01,42.4005279541016,-8.92080020904541,"Female"
"9004151",371994,2025-05-16 11:36:00,42.4005661010742,-8.9207239151001,"Female"
"9004151",371994,2025-05-16 11:41:00,42.4005584716797,-8.92055320739746,"Female"
"9004151",371994,2025-05-16 11:46:01,42.4012680053711,-8.92037200927734,"Female"
"9004151",371994,2025-05-16 11:51:01,42.4013442993164,-8.92057991027832,"Female"
"9004151",371994,2025-05-16 11:56:01,42.4013519287109,-8.92057323455811,"Female"
"9004151",371994,2025-05-16 12:01:01,42.4012413024902,-8.92061519622803,"Female"
"9004151",371994,2025-05-16 12:06:01,42.4013786315918,-8.92038536071777,"Female"
"9004151",371994,2025-05-16 12:11:01,42.4012603759766,-8.92063903808594,"Female"
"9004151",371994,2025-05-16 12:16:01,42.4013900756836,-8.92072200775146,"Female"
"9004151",371994,2025-05-16 12:21:01,42.4013595581055,-8.92076110839844,"Female"
"9004151",371994,2025-05-16 12:26:01,42.4014167785645,-8.92075729370117,"Female"
"9004151",371994,2025-05-16 12:31:01,42.4014320373535,-8.92073249816895,"Female"
"9004151",371994,2025-05-16 12:36:01,42.4014358520508,-8.92072486877441,"Female"
"9004151",371994,2025-05-16 12:41:02,42.4014205932617,-8.92070388793945,"Female"
"9004151",371994,2025-05-16 12:46:01,42.4013748168945,-8.92069721221924,"Female"
"9004151",371994,2025-05-16 12:51:01,42.4014129638672,-8.92063808441162,"Female"
"9004151",371994,2025-05-16 12:56:01,42.4013786315918,-8.92050075531006,"Female"
"9004151",371994,2025-05-16 13:01:01,42.4013442993164,-8.92048358917236,"Female"
"9004151",371994,2025-05-16 13:06:35,42.4004173278809,-8.92119598388672,"Female"
"9004151",371994,2025-05-16 13:11:01,42.4004592895508,-8.9210205078125,"Female"
"9004151",371994,2025-05-16 13:16:06,42.400447845459,-8.921067237854,"Female"
"9004151",371994,2025-05-16 13:21:09,42.4003829956055,-8.92133331298828,"Female"
"9004151",371994,2025-05-16 13:26:04,42.4002494812012,-8.92196846008301,"Female"
"9004151",371994,2025-05-16 13:31:02,42.4004592895508,-8.9210205078125,"Female"
"9004151",371994,2025-05-16 13:36:03,42.4007453918457,-8.92064189910889,"Female"
"9004151",371994,2025-05-16 13:41:13,42.4004821777344,-8.92107772827148,"Female"
"9004151",371994,2025-05-16 13:46:14,42.400333404541,-8.92151832580566,"Female"
"9004151",371994,2025-05-16 13:51:10,42.4002532958984,-8.92169952392578,"Female"
"9004151",371994,2025-05-16 13:56:12,42.4003448486328,-8.9212532043457,"Female"
"9004151",371994,2025-05-16 14:01:05,42.3998031616211,-8.92203712463379,"Female"
"9004151",371994,2025-05-16 14:06:03,42.4004135131836,-8.92111206054688,"Female"
"9004151",371994,2025-05-16 14:11:06,42.4001731872559,-8.9214973449707,"Female"
"9004151",371994,2025-05-16 14:16:02,42.4004974365234,-8.92095470428467,"Female"
"9004151",371994,2025-05-16 14:21:01,42.4005470275879,-8.92101383209229,"Female"
"9004151",371994,2025-05-16 14:26:01,42.4005012512207,-8.92107772827148,"Female"
"9004151",371994,2025-05-16 14:31:03,42.4006690979004,-8.92088890075684,"Female"
"9004151",371994,2025-05-16 14:36:01,42.4001274108887,-8.92089176177979,"Female"
"9004151",371994,2025-05-16 14:41:08,42.4007110595703,-8.92076587677002,"Female"
"9004151",371994,2025-05-16 14:46:09,42.3999099731445,-8.92190074920654,"Female"
"9004151",371994,2025-05-16 14:51:04,42.4003562927246,-8.92099285125732,"Female"
"9004151",371994,2025-05-16 14:56:05,42.3994369506836,-8.92122077941895,"Female"
"9004151",371994,2025-05-16 15:01:02,42.3995246887207,-8.92131233215332,"Female"
"9004151",371994,2025-05-16 15:06:03,42.4000549316406,-8.92101764678955,"Female"
"9004151",371994,2025-05-16 15:11:08,42.4007873535156,-8.92083644866943,"Female"
"9004151",371994,2025-05-16 15:16:02,42.3999710083008,-8.92118740081787,"Female"
"9004151",371994,2025-05-16 15:21:03,42.3999366760254,-8.92126560211182,"Female"
"9004151",371994,2025-05-16 15:26:02,42.4000968933105,-8.92106914520264,"Female"
"9004151",371994,2025-05-16 15:31:05,42.3992309570312,-8.92147445678711,"Female"
"9004151",371994,2025-05-16 15:36:10,42.4005432128906,-8.92112827301025,"Female"
"9004151",371994,2025-05-16 15:41:15,42.4007873535156,-8.92134475708008,"Female"
"9004151",371994,2025-05-16 15:46:35,42.4004516601562,-8.92064571380615,"Female"
"9004151",371994,2025-05-16 15:51:02,42.4011497497559,-8.92052364349365,"Female"
"9004151",371994,2025-05-16 15:56:16,42.400447845459,-8.92092418670654,"Female"
"9004151",371994,2025-05-16 16:01:05,42.4004783630371,-8.92091846466064,"Female"
"9004151",371994,2025-05-16 16:06:05,42.4003982543945,-8.9209680557251,"Female"
"9004151",371994,2025-05-16 16:11:11,42.4004173278809,-8.92086029052734,"Female"
"9004151",371994,2025-05-16 16:16:45,42.4004211425781,-8.92089557647705,"Female"
"9004151",371994,2025-05-16 16:22:27,42.4004096984863,-8.92096138000488,"Female"
"9004151",371994,2025-05-16 16:26:13,42.4003829956055,-8.92093181610107,"Female"
"9004151",371994,2025-05-16 16:31:04,42.4003639221191,-8.92078495025635,"Female"
"9004151",371994,2025-05-16 16:36:04,42.4004135131836,-8.92108249664307,"Female"
"9004151",371994,2025-05-16 16:41:05,42.4004249572754,-8.92115211486816,"Female"
"9004151",371994,2025-05-16 16:46:53,42.4003715515137,-8.92118263244629,"Female"
"9004151",371994,2025-05-16 16:51:07,42.4003601074219,-8.92122173309326,"Female"
"9004151",371994,2025-05-16 16:56:37,42.4004173278809,-8.92115306854248,"Female"
"9004151",371994,2025-05-16 17:01:39,42.4003524780273,-8.92130851745605,"Female"
"9004151",371994,2025-05-16 17:07:27,42.4003791809082,-8.92118167877197,"Female"
"9004151",371994,2025-05-16 17:11:08,42.4003639221191,-8.92113399505615,"Female"
"9004151",371994,2025-05-16 17:16:14,42.4004287719727,-8.92105102539062,"Female"
"9004151",371994,2025-05-16 17:21:05,42.4004402160645,-8.9211254119873,"Female"
"9004151",371994,2025-05-16 17:26:08,42.4004211425781,-8.92110157012939,"Female"
"9004151",371994,2025-05-16 17:31:07,42.4004173278809,-8.92106151580811,"Female"
"9004151",371994,2025-05-16 17:36:03,42.4006462097168,-8.92080307006836,"Female"
"9004151",371994,2025-05-16 17:41:03,42.4006004333496,-8.92098999023438,"Female"
"9004151",371994,2025-05-16 17:46:03,42.4004554748535,-8.92101573944092,"Female"
"9004151",371994,2025-05-16 17:51:03,42.4004516601562,-8.92108821868896,"Female"
"9004151",371994,2025-05-16 17:56:03,42.4005241394043,-8.92105007171631,"Female"
"9004151",371994,2025-05-16 18:01:03,42.4004974365234,-8.92106437683105,"Female"
"9004151",371994,2025-05-16 18:06:03,42.4005355834961,-8.92107105255127,"Female"
"9004151",371994,2025-05-16 18:11:04,42.4004211425781,-8.9210901260376,"Female"
"9004151",371994,2025-05-16 18:16:03,42.4005317687988,-8.92100238800049,"Female"
"9004151",371994,2025-05-16 18:21:07,42.4004249572754,-8.92109775543213,"Female"
"9004151",371994,2025-05-16 18:26:03,42.4005241394043,-8.92102909088135,"Female"
"9004151",371994,2025-05-16 18:31:03,42.4005088806152,-8.92108535766602,"Female"
"9004151",371994,2025-05-16 18:36:03,42.4004592895508,-8.9210729598999,"Female"
"9004151",371994,2025-05-16 18:41:03,42.4005546569824,-8.92101192474365,"Female"
"9004151",371994,2025-05-16 18:46:03,42.4006271362305,-8.92113780975342,"Female"
"9004151",371994,2025-05-16 18:51:03,42.4006042480469,-8.92110157012939,"Female"
"9004151",371994,2025-05-16 18:56:03,42.4005432128906,-8.92115879058838,"Female"
"9004151",371994,2025-05-16 19:01:03,42.400562286377,-8.92128753662109,"Female"
"9004151",371994,2025-05-16 19:06:03,42.4005546569824,-8.92111206054688,"Female"
"9004151",371994,2025-05-16 19:11:06,42.4006500244141,-8.92099475860596,"Female"
"9004151",371994,2025-05-16 19:16:03,42.4005012512207,-8.92122077941895,"Female"
"9004151",371994,2025-05-16 19:21:07,42.4003753662109,-8.92110252380371,"Female"
"9004151",371994,2025-05-16 19:26:35,42.4003753662109,-8.92113018035889,"Female"
"9004151",371994,2025-05-16 19:31:03,42.400447845459,-8.92110729217529,"Female"
"9004151",371994,2025-05-16 19:36:03,42.4004020690918,-8.9209680557251,"Female"
"9004151",371994,2025-05-16 19:41:03,42.4004402160645,-8.92123794555664,"Female"
"9004151",371994,2025-05-16 19:46:03,42.4004364013672,-8.92133331298828,"Female"
"9004151",371994,2025-05-16 19:51:04,42.4004516601562,-8.92103290557861,"Female"
"9004151",371994,2025-05-16 19:56:03,42.4003982543945,-8.92105293273926,"Female"
"9004151",371994,2025-05-16 20:01:06,42.4004135131836,-8.92112159729004,"Female"
"9004151",371994,2025-05-16 20:06:03,42.4005241394043,-8.92122459411621,"Female"
"9004151",371994,2025-05-16 20:11:03,42.4004821777344,-8.92126178741455,"Female"
"9004151",371994,2025-05-16 20:16:03,42.4003791809082,-8.92118549346924,"Female"
"9004151",371994,2025-05-16 20:21:09,42.4004325866699,-8.92111206054688,"Female"
"9004151",371994,2025-05-16 20:26:03,42.4004249572754,-8.92105197906494,"Female"
"9004151",371994,2025-05-16 20:31:12,42.4003753662109,-8.92098140716553,"Female"
"9004151",371994,2025-05-16 20:36:03,42.400318145752,-8.92107677459717,"Female"
"9004151",371994,2025-05-16 20:41:03,42.4003791809082,-8.92113304138184,"Female"
"9004151",371994,2025-05-16 20:46:03,42.4003868103027,-8.92114734649658,"Female"
"9004151",371994,2025-05-16 20:51:03,42.400463104248,-8.92114734649658,"Female"
"9004151",371994,2025-05-16 20:56:03,42.4004516601562,-8.92125701904297,"Female"
"9004151",371994,2025-05-16 21:01:03,42.400333404541,-8.92138385772705,"Female"
"9004151",371994,2025-05-16 21:06:03,42.4003524780273,-8.92109966278076,"Female"
"9004151",371994,2025-05-16 21:11:03,42.4004516601562,-8.92102241516113,"Female"
"9004151",371994,2025-05-16 21:16:04,42.4004440307617,-8.92098331451416,"Female"
"9004151",371994,2025-05-16 21:21:03,42.4005088806152,-8.92123985290527,"Female"
"9004151",371994,2025-05-16 21:26:04,42.4005012512207,-8.92113494873047,"Female"
"9004151",371994,2025-05-16 21:31:04,42.4006156921387,-8.92116355895996,"Female"
"9004151",371994,2025-05-16 21:36:03,42.3997802734375,-8.92019748687744,"Female"
"9004151",371994,2025-05-16 21:41:04,42.400333404541,-8.92139720916748,"Female"
"9004151",371994,2025-05-16 21:46:04,42.4002723693848,-8.92125034332275,"Female"
"9004151",371994,2025-05-16 21:51:07,42.4001617431641,-8.92139148712158,"Female"
"9004151",371994,2025-05-16 21:56:04,42.4003486633301,-8.92141723632812,"Female"
"9004151",371994,2025-05-16 22:01:09,42.3998374938965,-8.92167472839355,"Female"
"9004151",371994,2025-05-16 22:06:07,42.3998184204102,-8.92171478271484,"Female"
"9004151",371994,2025-05-16 22:11:08,42.3997535705566,-8.92191505432129,"Female"
"9004151",371994,2025-05-16 22:16:04,42.3999290466309,-8.92160797119141,"Female"
"9004151",371994,2025-05-16 22:21:04,42.3992652893066,-8.92226791381836,"Female"
"9004151",371994,2025-05-16 22:26:03,42.3994178771973,-8.9220085144043,"Female"
"9004151",371994,2025-05-16 22:31:08,42.3990592956543,-8.92255973815918,"Female"
"9004151",371994,2025-05-16 22:36:04,42.3989334106445,-8.92262363433838,"Female"
"9004151",371994,2025-05-16 22:41:03,42.3992881774902,-8.92210960388184,"Female"
"9004151",371994,2025-05-16 22:46:09,42.400276184082,-8.92146778106689,"Female"
"9004151",371994,2025-05-16 22:51:03,42.3999366760254,-8.92172527313232,"Female"
"9004151",371994,2025-05-16 22:56:03,42.3998641967773,-8.92169189453125,"Female"
"9004151",371994,2025-05-16 23:01:03,42.3994750976562,-8.92188167572021,"Female"
"9004151",371994,2025-05-16 23:06:06,42.4005470275879,-8.92117118835449,"Female"
"9004151",371994,2025-05-16 23:11:04,42.4001998901367,-8.92152214050293,"Female"
"9004151",371994,2025-05-16 23:16:04,42.4003982543945,-8.92125701904297,"Female"
"9004151",371994,2025-05-16 23:21:04,42.4003448486328,-8.9213171005249,"Female"
"9004151",371994,2025-05-16 23:26:07,42.4001846313477,-8.92134666442871,"Female"
"9004151",371994,2025-05-16 23:31:04,42.4001350402832,-8.921311378479,"Female"
"9004151",371994,2025-05-16 23:36:09,42.4000282287598,-8.92126178741455,"Female"
"9004151",371994,2025-05-16 23:41:07,42.3999443054199,-8.92126560211182,"Female"
"9004151",371994,2025-05-16 23:46:04,42.400016784668,-8.92121601104736,"Female"
"9004151",371994,2025-05-16 23:51:06,42.3997764587402,-8.92141151428223,"Female"
"9004151",371994,2025-05-16 23:56:07,42.3997764587402,-8.92153072357178,"Female"
"9004151",371994,2025-05-17 00:01:04,42.3999290466309,-8.92170143127441,"Female"
"9004151",371994,2025-05-17 00:06:04,42.3998603820801,-8.92178630828857,"Female"
"9004151",371994,2025-05-17 00:11:04,42.399787902832,-8.92177200317383,"Female"
"9004151",371994,2025-05-17 00:16:04,42.4004096984863,-8.92133712768555,"Female"
"9004151",371994,2025-05-17 00:21:09,42.3997917175293,-8.9215726852417,"Female"
"9004151",371994,2025-05-17 00:26:06,42.3996658325195,-8.92171669006348,"Female"
"9004151",371994,2025-05-17 00:31:14,42.3997802734375,-8.92146778106689,"Female"
"9004151",371994,2025-05-17 00:36:04,42.3996467590332,-8.92208003997803,"Female"
"9004151",371994,2025-05-17 00:41:03,42.3995628356934,-8.92164039611816,"Female"
"9004151",371994,2025-05-17 00:46:09,42.4021339416504,-8.91777801513672,"Female"
"9004151",371994,2025-05-17 00:51:11,42.4011611938477,-8.91934108734131,"Female"
"9004151",371994,2025-05-17 00:56:04,42.4010848999023,-8.91955852508545,"Female"
"9004151",371994,2025-05-17 01:01:07,42.4001960754395,-8.92021942138672,"Female"
"9004151",371994,2025-05-17 01:06:06,42.4001083374023,-8.92033386230469,"Female"
"9004151",371994,2025-05-17 01:11:04,42.3999862670898,-8.92039489746094,"Female"
"9004151",371994,2025-05-17 01:16:06,42.4000701904297,-8.92036247253418,"Female"
"9004151",371994,2025-05-17 01:21:06,42.4001541137695,-8.92041778564453,"Female"
"9004151",371994,2025-05-17 01:26:03,42.4004287719727,-8.92056560516357,"Female"
"9004151",371994,2025-05-17 01:31:03,42.4004516601562,-8.92041492462158,"Female"
"9004151",371994,2025-05-17 01:36:03,42.4004402160645,-8.92046165466309,"Female"
"9004151",371994,2025-05-17 01:41:03,42.4004745483398,-8.92044448852539,"Female"
"9004151",371994,2025-05-17 01:46:04,42.4004173278809,-8.92037487030029,"Female"
"9004151",371994,2025-05-17 01:51:06,42.4004096984863,-8.92051410675049,"Female"
"9004151",371994,2025-05-17 01:56:04,42.4003677368164,-8.92058372497559,"Female"
"9004151",371994,2025-05-17 02:01:06,42.400333404541,-8.92068290710449,"Female"
"9004151",371994,2025-05-17 02:06:04,42.4003219604492,-8.92073440551758,"Female"
"9004151",371994,2025-05-17 02:11:04,42.4003295898438,-8.92070484161377,"Female"
"9004151",371994,2025-05-17 02:16:06,42.4002723693848,-8.92085933685303,"Female"
"9004151",371994,2025-05-17 02:21:04,42.4003295898438,-8.92080211639404,"Female"
"9004151",371994,2025-05-17 02:26:04,42.4003028869629,-8.92084217071533,"Female"
"9004151",371994,2025-05-17 02:31:04,42.400333404541,-8.92092895507812,"Female"
"9004151",371994,2025-05-17 02:36:06,42.4003028869629,-8.92096614837646,"Female"
"9004151",371994,2025-05-17 02:41:07,42.400390625,-8.92097759246826,"Female"
"9004151",371994,2025-05-17 02:46:06,42.400520324707,-8.92089080810547,"Female"
"9004151",371994,2025-05-17 02:51:04,42.4005088806152,-8.92091178894043,"Female"
"9004151",371994,2025-05-17 02:56:04,42.4006652832031,-8.92081737518311,"Female"
"9004151",371994,2025-05-17 03:01:04,42.4007034301758,-8.9208517074585,"Female"
"9004151",371994,2025-05-17 03:06:06,42.4007530212402,-8.92085266113281,"Female"
"9004151",371994,2025-05-17 03:11:06,42.4008903503418,-8.92080116271973,"Female"
"9004151",371994,2025-05-17 03:16:04,42.4010162353516,-8.92073726654053,"Female"
"9004151",371994,2025-05-17 03:21:04,42.4018898010254,-8.91992950439453,"Female"
"9004151",371994,2025-05-17 03:26:04,42.4016494750977,-8.92009830474854,"Female"
"9004151",371994,2025-05-17 03:31:06,42.401554107666,-8.92026615142822,"Female"
"9004151",371994,2025-05-17 03:36:08,42.4015121459961,-8.92033290863037,"Female"
"9004151",371994,2025-05-17 03:41:07,42.4013786315918,-8.92019462585449,"Female"
"9004151",371994,2025-05-17 03:46:33,42.40087890625,-8.92032718658447,"Female"
"9004151",371994,2025-05-17 03:51:06,42.4008560180664,-8.92028903961182,"Female"
"9004151",371994,2025-05-17 03:56:09,42.400764465332,-8.92026138305664,"Female"
"9004151",371994,2025-05-17 04:01:07,42.4008178710938,-8.92016315460205,"Female"
"9004151",371994,2025-05-17 04:06:06,42.4009704589844,-8.92006683349609,"Female"
"9004151",371994,2025-05-17 04:11:09,42.4010391235352,-8.92003536224365,"Female"
"9004151",371994,2025-05-17 04:16:09,42.4007034301758,-8.92069339752197,"Female"
"9004151",371994,2025-05-17 04:21:14,42.4001884460449,-8.9215784072876,"Female"
"9004151",371994,2025-05-17 04:26:07,42.4001045227051,-8.92174339294434,"Female"
"9004151",371994,2025-05-17 04:31:09,42.4003257751465,-8.92117881774902,"Female"
"9004151",371994,2025-05-17 04:36:06,42.4004020690918,-8.92109680175781,"Female"
"9004151",371994,2025-05-17 04:41:06,42.4004745483398,-8.92091846466064,"Female"
"9004151",371994,2025-05-17 04:46:12,42.400447845459,-8.92094802856445,"Female"
"9004151",371994,2025-05-17 04:51:13,42.4006042480469,-8.92104911804199,"Female"
"9004151",371994,2025-05-17 04:56:06,42.400505065918,-8.92108917236328,"Female"
"9004151",371994,2025-05-17 05:01:04,42.4004821777344,-8.92102813720703,"Female"
"9004151",371994,2025-05-17 05:06:03,42.4005889892578,-8.9206371307373,"Female"
"9004151",371994,2025-05-17 05:11:03,42.4005661010742,-8.92061138153076,"Female"
"9004151",371994,2025-05-17 05:16:03,42.4005165100098,-8.92081546783447,"Female"
"9004151",371994,2025-05-17 05:21:03,42.3975410461426,-8.92029285430908,"Female"
"9004151",371994,2025-05-17 05:26:03,42.3976097106934,-8.9201717376709,"Female"
"9004151",371994,2025-05-17 05:31:03,42.3977203369141,-8.92041873931885,"Female"
"9004151",371994,2025-05-17 05:36:03,42.3979377746582,-8.92051696777344,"Female"
"9004151",371994,2025-05-17 05:41:03,42.3973999023438,-8.92088890075684,"Female"
"9004151",371994,2025-05-17 05:46:04,42.3978462219238,-8.92020320892334,"Female"
"9004151",371994,2025-05-17 05:51:03,42.3978958129883,-8.92020130157471,"Female"
"9004151",371994,2025-05-17 05:56:02,42.3982734680176,-8.91328048706055,"Female"
"9004151",371994,2025-05-17 06:01:56,42.4008293151855,-8.9016809463501,"Female"
"9004151",371994,2025-05-17 06:06:56,42.4009742736816,-8.90230464935303,"Female"
"9004151",371994,2025-05-17 06:11:56,42.4019241333008,-8.90238380432129,"Female"
"9004151",371994,2025-05-17 06:17:16,42.4068412780762,-8.89719867706299,"Female"
"9004151",371994,2025-05-17 06:22:14,42.4122695922852,-8.88947677612305,"Female"
"9004151",371994,2025-05-17 06:27:14,42.4331817626953,-8.89482879638672,"Female"
"9004151",371994,2025-05-17 06:32:14,42.4538154602051,-8.93531608581543,"Female"
"9004151",371994,2025-05-17 06:41:49,42.4920654296875,-8.92513656616211,"Female"
"9004151",371994,2025-05-17 06:46:49,42.4969596862793,-8.91683197021484,"Female"
"9004151",371994,2025-05-17 07:04:57,42.5359497070312,-8.8493013381958,"Female"
"9004151",371994,2025-05-17 07:10:39,42.5380020141602,-8.84908962249756,"Female"
"9004151",371994,2025-05-17 07:15:38,42.5387954711914,-8.84808444976807,"Female"
"9004151",371994,2025-05-17 07:20:40,42.5391044616699,-8.8461275100708,"Female"
"9004151",371994,2025-05-17 07:26:10,42.5400619506836,-8.84689998626709,"Female"
"9004151",371994,2025-05-17 07:31:24,42.5402183532715,-8.84865856170654,"Female"
"9004151",371994,2025-05-17 07:37:00,42.5385589599609,-8.8486270904541,"Female"
"9004151",371994,2025-05-17 07:42:00,42.5373458862305,-8.84725761413574,"Female"
"9004151",371994,2025-05-17 07:47:02,42.5362205505371,-8.84767150878906,"Female"
"9004151",371994,2025-05-17 07:52:10,42.5359840393066,-8.84938621520996,"Female"
"9004151",371994,2025-05-17 07:57:33,42.5353317260742,-8.85085868835449,"Female"
"9004151",371994,2025-05-17 08:02:48,42.5349502563477,-8.84853839874268,"Female"
"9004151",371994,2025-05-17 08:07:48,42.5351295471191,-8.84705924987793,"Female"
"9004151",371994,2025-05-17 08:13:20,42.5364570617676,-8.84691715240479,"Female"
"9004151",371994,2025-05-17 08:18:22,42.5368728637695,-8.84755325317383,"Female"
"9004151",371994,2025-05-17 08:23:36,42.5380020141602,-8.8467435836792,"Female"
"9004151",371994,2025-05-17 08:28:45,42.5384521484375,-8.84765243530273,"Female"
"9004151",371994,2025-05-17 08:34:01,42.5389823913574,-8.84726619720459,"Female"
"9004151",371994,2025-05-17 08:39:26,42.5382080078125,-8.84676170349121,"Female"
"9004151",371994,2025-05-17 08:45:07,42.5373840332031,-8.84834003448486,"Female"
"9004151",371994,2025-05-17 08:50:18,42.5362167358398,-8.84771537780762,"Female"
"9004151",371994,2025-05-17 08:55:49,42.5345764160156,-8.84848594665527,"Female"
"9004151",371994,2025-05-17 09:00:49,42.5333213806152,-8.84905242919922,"Female"
"9004151",371994,2025-05-17 09:05:50,42.5326919555664,-8.84936046600342,"Female"
"9004151",371994,2025-05-17 09:10:49,42.5262718200684,-8.8472957611084,"Female"
"9004151",371994,2025-05-17 09:15:49,42.526195526123,-8.84736728668213,"Female"
"9004151",371994,2025-05-17 09:20:49,42.5262870788574,-8.84727382659912,"Female"
"9004151",371994,2025-05-17 09:25:49,42.5263252258301,-8.84739303588867,"Female"
"9004151",371994,2025-05-17 09:30:49,42.5262908935547,-8.84736919403076,"Female"
"9004151",371994,2025-05-17 09:35:49,42.5260238647461,-8.84734916687012,"Female"
"9004151",371994,2025-05-17 09:40:49,42.5261421203613,-8.84738540649414,"Female"
"9004151",371994,2025-05-17 09:45:49,42.5260848999023,-8.84731197357178,"Female"
"9004151",371994,2025-05-17 09:50:49,42.5259628295898,-8.84706497192383,"Female"
"9004151",371994,2025-05-17 09:55:49,42.5261039733887,-8.84696960449219,"Female"
"9004151",371994,2025-05-17 10:00:49,42.5259742736816,-8.84669876098633,"Female"
"9004151",371994,2025-05-17 10:05:50,42.5259323120117,-8.84713459014893,"Female"
"9004151",371994,2025-05-17 10:10:49,42.5259628295898,-8.84670257568359,"Female"
"9004151",371994,2025-05-17 10:15:51,42.5258445739746,-8.84728622436523,"Female"
"9004151",371994,2025-05-17 10:20:49,42.5257530212402,-8.84711170196533,"Female"
"9004151",371994,2025-05-17 10:25:50,42.525764465332,-8.84727764129639,"Female"
"9004151",371994,2025-05-17 10:30:49,42.525936126709,-8.84696292877197,"Female"
"9004151",371994,2025-05-17 10:35:49,42.5257148742676,-8.84695339202881,"Female"
"9004151",371994,2025-05-17 10:40:49,42.5259323120117,-8.84720134735107,"Female"
"9004151",371994,2025-05-17 10:45:49,42.525691986084,-8.84677219390869,"Female"
"9004151",371994,2025-05-17 10:50:49,42.5259399414062,-8.84695529937744,"Female"
"9004151",371994,2025-05-17 10:55:49,42.5260009765625,-8.84717273712158,"Female"
"9004151",371994,2025-05-17 11:00:49,42.5259552001953,-8.84706401824951,"Female"
"9004151",371994,2025-05-17 11:05:50,42.5260009765625,-8.84733200073242,"Female"
"9004151",371994,2025-05-17 11:10:49,42.5258903503418,-8.84703159332275,"Female"
"9004151",371994,2025-05-17 11:15:49,42.5259056091309,-8.84702587127686,"Female"
"9004151",371994,2025-05-17 11:20:49,42.5255928039551,-8.84700679779053,"Female"
"9004151",371994,2025-05-17 11:25:49,42.526050567627,-8.84728908538818,"Female"
"9004151",371994,2025-05-17 11:30:49,42.525993347168,-8.84707450866699,"Female"
"9004151",371994,2025-05-17 11:36:07,42.5302619934082,-8.84886837005615,"Female"
"9004151",371994,2025-05-17 11:41:09,42.5315742492676,-8.84855842590332,"Female"
"9004151",371994,2025-05-17 11:46:25,42.5335578918457,-8.84896087646484,"Female"
"9004151",371994,2025-05-17 11:51:23,42.5345306396484,-8.84882545471191,"Female"
"9004151",371994,2025-05-17 11:56:23,42.5362777709961,-8.84948348999023,"Female"
"9004151",371994,2025-05-17 12:01:58,42.5361175537109,-8.84961414337158,"Female"
"9004151",371994,2025-05-17 12:07:27,42.5360374450684,-8.84921646118164,"Female"
"9004151",371994,2025-05-17 12:12:58,42.5380516052246,-8.84812831878662,"Female"
"9004151",371994,2025-05-17 12:18:26,42.5393753051758,-8.84776496887207,"Female"
"9004151",371994,2025-05-17 12:23:51,42.5396156311035,-8.84841156005859,"Female"
"9004151",371994,2025-05-17 12:28:57,42.5388870239258,-8.84730434417725,"Female"
"9004151",371994,2025-05-17 12:34:04,42.5388526916504,-8.84585475921631,"Female"
"9004151",371994,2025-05-17 12:39:26,42.5384330749512,-8.84432888031006,"Female"
"9004151",371994,2025-05-17 12:45:03,42.5379333496094,-8.8457727432251,"Female"
"9004151",371994,2025-05-17 12:50:17,42.5377655029297,-8.84744739532471,"Female"
"9004151",371994,2025-05-17 12:55:31,42.5364608764648,-8.84708786010742,"Female"
"9004151",371994,2025-05-17 13:00:49,42.5355682373047,-8.84788131713867,"Female"
"9004151",371994,2025-05-17 13:06:08,42.534839630127,-8.84885406494141,"Female"
"9004151",371994,2025-05-17 13:11:07,42.5333480834961,-8.8495922088623,"Female"
"9004151",371994,2025-05-17 13:16:17,42.5322456359863,-8.85060501098633,"Female"
"9004151",371994,2025-05-17 13:21:17,42.5311965942383,-8.85077285766602,"Female"
"9004151",371994,2025-05-17 13:26:17,42.526554107666,-8.84746646881104,"Female"
"9004151",371994,2025-05-17 13:31:17,42.526554107666,-8.8475284576416,"Female"
"9004151",371994,2025-05-17 13:36:21,42.526123046875,-8.8474292755127,"Female"
"9004151",371994,2025-05-17 13:41:20,42.526496887207,-8.84730052947998,"Female"
"9004151",371994,2025-05-17 13:46:20,42.5264320373535,-8.84746074676514,"Female"
"9004151",371994,2025-05-17 13:51:21,42.526439666748,-8.84724235534668,"Female"
"9004151",371994,2025-05-17 13:56:22,42.5257682800293,-8.84631252288818,"Female"
"9004151",371994,2025-05-17 14:01:20,42.5264129638672,-8.84710597991943,"Female"
"9004151",371994,2025-05-17 14:06:20,42.5264892578125,-8.84722709655762,"Female"
"9004151",371994,2025-05-17 14:11:28,42.5263328552246,-8.84718036651611,"Female"
"9004151",371994,2025-05-17 14:16:20,42.526439666748,-8.84752559661865,"Female"
"9004151",371994,2025-05-17 14:21:20,42.5264511108398,-8.84749317169189,"Female"
"9004151",371994,2025-05-17 14:26:20,42.5264930725098,-8.84752178192139,"Female"
"9004151",371994,2025-05-17 14:31:20,42.526439666748,-8.84734344482422,"Female"
"9004151",371994,2025-05-17 14:36:20,42.5264663696289,-8.84750461578369,"Female"
"9004151",371994,2025-05-17 14:41:21,42.5264358520508,-8.8474760055542,"Female"
"9004151",371994,2025-05-17 14:46:20,42.5264511108398,-8.84756278991699,"Female"
"9004151",371994,2025-05-17 14:51:20,42.5264854431152,-8.84761142730713,"Female"
"9004151",371994,2025-05-17 14:56:20,42.5264778137207,-8.84768772125244,"Female"
"9004151",371994,2025-05-17 15:01:20,42.5264778137207,-8.84764003753662,"Female"
"9004151",371994,2025-05-17 15:06:23,42.5257148742676,-8.84708023071289,"Female"
"9004151",371994,2025-05-17 15:11:24,42.5261917114258,-8.84748458862305,"Female"
"9004151",371994,2025-05-17 15:16:20,42.5264701843262,-8.84765243530273,"Female"
"9004151",371994,2025-05-17 15:21:21,42.526496887207,-8.84716987609863,"Female"
"9004151",371994,2025-05-17 15:26:29,42.5268135070801,-8.84773445129395,"Female"
"9004151",371994,2025-05-17 15:31:32,42.5265960693359,-8.84765815734863,"Female"
"9004151",371994,2025-05-17 15:36:22,42.5266075134277,-8.84766292572021,"Female"
"9004151",371994,2025-05-17 15:41:21,42.5268363952637,-8.84753322601318,"Female"
"9004151",371994,2025-05-17 15:46:20,42.5265235900879,-8.84773063659668,"Female"
"9004151",371994,2025-05-17 15:51:21,42.53173828125,-8.8529167175293,"Female"
"9004151",371994,2025-05-17 15:56:21,42.5322074890137,-8.85247421264648,"Female"
"9004151",371994,2025-05-17 16:01:21,42.5326194763184,-8.85225009918213,"Female"
"9004151",371994,2025-05-17 16:06:27,42.5329360961914,-8.85236930847168,"Female"
"9004151",371994,2025-05-17 16:11:21,42.533519744873,-8.8526086807251,"Female"
"9004151",371994,2025-05-17 16:17:05,42.5342445373535,-8.85093021392822,"Female"
"9004151",371994,2025-05-17 16:22:10,42.5352935791016,-8.85100650787354,"Female"
"9004151",371994,2025-05-17 16:27:10,42.5358848571777,-8.85145854949951,"Female"
"9004151",371994,2025-05-17 16:32:13,42.536247253418,-8.85209655761719,"Female"
"9004151",371994,2025-05-17 16:37:10,42.5363311767578,-8.85269641876221,"Female"
"9004151",371994,2025-05-17 16:42:13,42.5362586975098,-8.85186672210693,"Female"
"9004151",371994,2025-05-17 16:47:10,42.5361976623535,-8.85297203063965,"Female"
"9004151",371994,2025-05-17 16:52:10,42.5361175537109,-8.85290431976318,"Female"
"9004151",371994,2025-05-17 16:57:18,42.5360870361328,-8.8513765335083,"Female"
"9004151",371994,2025-05-17 17:02:15,42.5361251831055,-8.85101127624512,"Female"
"9004151",371994,2025-05-17 17:07:17,42.5374526977539,-8.85521221160889,"Female"
"9004151",371994,2025-05-17 17:12:18,42.5378379821777,-8.85349655151367,"Female"
"9004151",371994,2025-05-17 17:17:17,42.5380477905273,-8.85399532318115,"Female"
"9004151",371994,2025-05-17 17:22:17,42.5388832092285,-8.8540096282959,"Female"
"9004151",371994,2025-05-17 17:27:13,42.5390815734863,-8.85196971893311,"Female"
"9004151",371994,2025-05-17 17:32:41,42.5396194458008,-8.84983921051025,"Female"
"9004151",371994,2025-05-17 17:37:41,42.5384826660156,-8.849196434021,"Female"
"9004151",371994,2025-05-17 17:43:18,42.5374488830566,-8.84808731079102,"Female"
"9004151",371994,2025-05-17 17:49:43,42.536792755127,-8.84628772735596,"Female"
"9004151",371994,2025-05-17 17:54:53,42.5366592407227,-8.84611415863037,"Female"
"9004151",371994,2025-05-17 17:59:54,42.5356369018555,-8.8482666015625,"Female"
"9004151",371994,2025-05-17 18:05:36,42.5360679626465,-8.84822273254395,"Female"
"9004151",371994,2025-05-17 18:10:37,42.5355224609375,-8.8492488861084,"Female"
"9004151",371994,2025-05-17 18:16:06,42.5347366333008,-8.8477258682251,"Female"
"9004151",371994,2025-05-17 18:21:12,42.5348281860352,-8.84898853302002,"Female"
"9004151",371994,2025-05-17 18:26:12,42.5345039367676,-8.85105133056641,"Female"
"9004151",371994,2025-05-17 18:31:14,42.5331611633301,-8.85058879852295,"Female"
"9004151",371994,2025-05-17 18:36:10,42.5328559875488,-8.85197830200195,"Female"
"9004151",371994,2025-05-17 18:41:11,42.5045204162598,-8.87965774536133,"Female"
"9004151",371994,2025-05-17 18:46:35,42.4801292419434,-8.92806720733643,"Female"
"9004151",371994,2025-05-17 18:51:10,42.4521713256836,-8.94355583190918,"Female"
"9004151",371994,2025-05-17 18:56:14,42.4370002746582,-8.94165325164795,"Female"
"9004151",371994,2025-05-17 19:01:10,42.4355812072754,-8.94133567810059,"Female"
"9004151",371994,2025-05-17 19:06:10,42.411319732666,-8.92497062683105,"Female"
"9004151",371994,2025-05-17 19:11:13,42.4006271362305,-8.92088985443115,"Female"
"9004151",371994,2025-05-17 19:16:13,42.4004898071289,-8.92068195343018,"Female"
"9004151",371994,2025-05-17 19:21:14,42.4008712768555,-8.92110538482666,"Female"
"9004151",371994,2025-05-17 19:51:39,42.4001770019531,-8.92075061798096,"Female"
"9004151",371994,2025-05-17 19:58:43,42.4002532958984,-8.92092418670654,"Female"
"9004151",371994,2025-05-17 20:03:23,42.4004058837891,-8.92135810852051,"Female"
"9004151",371994,2025-05-17 20:08:23,42.4003219604492,-8.92084789276123,"Female"
"9004151",371994,2025-05-17 20:13:26,42.4003791809082,-8.92084407806396,"Female"
"9004151",371994,2025-05-17 20:18:23,42.4004402160645,-8.9209156036377,"Female"
"9004151",371994,2025-05-17 20:23:23,42.4004402160645,-8.92096328735352,"Female"
"9004151",371994,2025-05-17 20:28:23,42.4004287719727,-8.9208517074585,"Female"
"9004151",371994,2025-05-17 20:33:23,42.4003982543945,-8.92068767547607,"Female"
"9004151",371994,2025-05-17 20:38:23,42.4004020690918,-8.92105770111084,"Female"
"9004151",371994,2025-05-17 20:43:24,42.4005393981934,-8.92087841033936,"Female"
"9004151",371994,2025-05-17 20:48:44,42.4005126953125,-8.92101955413818,"Female"
"9004151",371994,2025-05-17 20:53:23,42.4003677368164,-8.92101192474365,"Female"
"9004151",371994,2025-05-17 20:58:24,42.4004135131836,-8.92089176177979,"Female"
"9004151",371994,2025-05-17 21:03:23,42.4000701904297,-8.92098045349121,"Female"
"9004151",371994,2025-05-17 21:08:26,42.4005546569824,-8.92082405090332,"Female"
"9004151",371994,2025-05-17 21:13:29,42.4000701904297,-8.92124462127686,"Female"
"9004151",371994,2025-05-17 21:18:35,42.4008293151855,-8.92043590545654,"Female"
"9004151",371994,2025-05-17 21:23:29,42.3999938964844,-8.92159366607666,"Female"
"9004151",371994,2025-05-17 21:28:25,42.3997611999512,-8.92215824127197,"Female"
"9004151",371994,2025-05-17 21:33:36,42.4001884460449,-8.92137241363525,"Female"
"9004151",371994,2025-05-17 21:38:42,42.4004783630371,-8.92105484008789,"Female"
"9004151",371994,2025-05-17 21:43:23,42.4005699157715,-8.92089653015137,"Female"
"9004151",371994,2025-05-17 21:48:24,42.4006843566895,-8.9210376739502,"Female"
"9004151",371994,2025-05-17 21:53:29,42.4003601074219,-8.92104530334473,"Female"
"9004151",371994,2025-05-17 21:58:27,42.4005813598633,-8.92091274261475,"Female"
"9004151",371994,2025-05-17 22:03:23,42.4006271362305,-8.92108249664307,"Female"
"9004151",371994,2025-05-17 22:08:23,42.4005584716797,-8.92107105255127,"Female"
"9004151",371994,2025-05-17 22:13:23,42.400577545166,-8.92110729217529,"Female"
"9004151",371994,2025-05-17 22:18:59,42.4004135131836,-8.92114639282227,"Female"
"9004151",371994,2025-05-17 22:23:22,42.4004516601562,-8.92113304138184,"Female"
"9004151",371994,2025-05-17 22:28:22,42.4003601074219,-8.92119789123535,"Female"
"9004151",371994,2025-05-17 22:33:22,42.4003486633301,-8.92123031616211,"Female"
"9004151",371994,2025-05-17 22:38:22,42.4003791809082,-8.9211254119873,"Female"
"9004151",371994,2025-05-17 22:43:22,42.4003601074219,-8.92121410369873,"Female"
"9004151",371994,2025-05-17 22:48:22,42.4004211425781,-8.92099189758301,"Female"
"9004151",371994,2025-05-17 22:53:22,42.4004249572754,-8.92099380493164,"Female"
"9004151",371994,2025-05-17 22:58:22,42.4004669189453,-8.92108726501465,"Female"
"9004151",371994,2025-05-17 23:03:23,42.4002914428711,-8.92107486724854,"Female"
"9004151",371994,2025-05-17 23:08:22,42.4003791809082,-8.92108345031738,"Female"
"9004151",371994,2025-05-17 23:13:23,42.4003753662109,-8.92108631134033,"Female"
"9004151",371994,2025-05-17 23:18:22,42.4003715515137,-8.92110443115234,"Female"
"9004151",371994,2025-05-17 23:23:24,42.4004554748535,-8.92107105255127,"Female"
"9004151",371994,2025-05-17 23:28:24,42.4004020690918,-8.9210319519043,"Female"
"9004151",371994,2025-05-17 23:33:23,42.4003829956055,-8.92104148864746,"Female"
"9004151",371994,2025-05-17 23:38:23,42.4004898071289,-8.92101955413818,"Female"
"9004151",371994,2025-05-17 23:43:23,42.4004287719727,-8.92105197906494,"Female"
"9004151",371994,2025-05-17 23:48:23,42.4002952575684,-8.92118263244629,"Female"
"9004151",371994,2025-05-17 23:53:23,42.400447845459,-8.92095279693604,"Female"
"9004151",371994,2025-05-17 23:58:22,42.4004135131836,-8.92116165161133,"Female"
"9004151",371994,2025-05-18 00:03:24,42.4003868103027,-8.92111587524414,"Female"
"9004151",371994,2025-05-18 00:08:23,42.4003715515137,-8.92117500305176,"Female"
"9004151",371994,2025-05-18 00:13:23,42.4004745483398,-8.92109775543213,"Female"
"9004151",371994,2025-05-18 00:18:23,42.4003753662109,-8.92118453979492,"Female"
"9004151",371994,2025-05-18 00:23:22,42.4006004333496,-8.92093181610107,"Female"
"9004151",371994,2025-05-18 00:28:23,42.4007987976074,-8.92090892791748,"Female"
"9004151",371994,2025-05-18 00:33:23,42.4003562927246,-8.92103672027588,"Female"
"9004151",371994,2025-05-18 00:38:23,42.4003639221191,-8.92099475860596,"Female"
"9004151",371994,2025-05-18 00:43:30,42.4000587463379,-8.92112159729004,"Female"
"9004151",371994,2025-05-18 00:48:31,42.4000968933105,-8.92113780975342,"Female"
"9004151",371994,2025-05-18 00:53:31,42.4004325866699,-8.92100143432617,"Female"
"9004151",371994,2025-05-18 00:58:31,42.4003028869629,-8.92097759246826,"Female"
"9004151",371994,2025-05-18 01:03:26,42.3993873596191,-8.92179012298584,"Female"
"9004151",371994,2025-05-18 01:08:41,42.400203704834,-8.92117404937744,"Female"
"9004151",371994,2025-05-18 01:13:25,42.4002799987793,-8.92078590393066,"Female"
"9004151",371994,2025-05-18 01:18:30,42.4004402160645,-8.92092800140381,"Female"
"9004151",371994,2025-05-18 01:23:25,42.4004287719727,-8.92146015167236,"Female"
"9004151",371994,2025-05-18 01:28:29,42.4001579284668,-8.92138195037842,"Female"
"9004151",371994,2025-05-18 01:33:29,42.4001274108887,-8.92148590087891,"Female"
"9004151",371994,2025-05-18 01:38:31,42.4002342224121,-8.92131233215332,"Female"
"9004151",371994,2025-05-18 01:43:31,42.4002342224121,-8.92137241363525,"Female"
"9004151",371994,2025-05-18 01:48:36,42.4000854492188,-8.92217350006104,"Female"
"9004151",371994,2025-05-18 01:53:44,42.4002685546875,-8.92131423950195,"Female"
"9004151",371994,2025-05-18 01:58:25,42.4005508422852,-8.92270183563232,"Female"
"9004151",371994,2025-05-18 02:03:25,42.4005088806152,-8.92141723632812,"Female"
"9004151",371994,2025-05-18 02:08:25,42.4005928039551,-8.92211437225342,"Female"
"9004151",371994,2025-05-18 02:13:29,42.4004707336426,-8.92107009887695,"Female"
"9004151",371994,2025-05-18 02:18:23,42.4007110595703,-8.92169094085693,"Female"
"9004151",371994,2025-05-18 02:23:26,42.4005737304688,-8.92098426818848,"Female"
"9004151",371994,2025-05-18 02:28:26,42.4005432128906,-8.92094421386719,"Female"
"9004151",371994,2025-05-18 02:33:26,42.4006004333496,-8.92084884643555,"Female"
"9004151",371994,2025-05-18 02:38:26,42.4005165100098,-8.9209680557251,"Female"
"9004151",371994,2025-05-18 02:43:28,42.400333404541,-8.92122745513916,"Female"
"9004151",371994,2025-05-18 02:48:44,42.4003219604492,-8.92139720916748,"Female"
"9004151",371994,2025-05-18 02:53:24,42.4007759094238,-8.92128562927246,"Female"
"9004151",371994,2025-05-18 02:58:28,42.4004669189453,-8.92095756530762,"Female"
"9004151",371994,2025-05-18 03:03:31,42.400520324707,-8.9210319519043,"Female"
"9004151",371994,2025-05-18 03:08:30,42.4005317687988,-8.92084884643555,"Female"
"9004151",371994,2025-05-18 03:13:33,42.4006118774414,-8.92038536071777,"Female"
"9004151",371994,2025-05-18 03:18:28,42.4004707336426,-8.921142578125,"Female"
"9004151",371994,2025-05-18 03:23:40,42.4004364013672,-8.92122840881348,"Female"
"9004151",371994,2025-05-18 03:28:25,42.4004135131836,-8.92109489440918,"Female"
"9004151",371994,2025-05-18 03:33:28,42.4003982543945,-8.92122936248779,"Female"
"9004151",371994,2025-05-18 03:38:31,42.4002571105957,-8.92148685455322,"Female"
"9004151",371994,2025-05-18 03:43:25,42.3998832702637,-8.92036724090576,"Female"
"9004151",371994,2025-05-18 03:48:59,42.4006576538086,-8.92062950134277,"Female"
"9004151",371994,2025-05-18 03:53:24,42.4006729125977,-8.92035675048828,"Female"
"9004151",371994,2025-05-18 03:58:23,42.4005012512207,-8.9209041595459,"Female"
"9004151",371994,2025-05-18 04:03:31,42.4006080627441,-8.92083072662354,"Female"
"9004151",371994,2025-05-18 04:08:44,42.4006462097168,-8.92085075378418,"Female"
"9004151",371994,2025-05-18 04:13:30,42.400634765625,-8.92080020904541,"Female"
"9004151",371994,2025-05-18 04:18:35,42.4004745483398,-8.92104625701904,"Female"
"9004151",371994,2025-05-18 04:23:31,42.4003601074219,-8.92098903656006,"Female"
"9004151",371994,2025-05-18 04:28:31,42.4005470275879,-8.92076778411865,"Female"
"9004151",371994,2025-05-18 04:33:31,42.4006576538086,-8.92066097259521,"Female"
"9004151",371994,2025-05-18 04:38:31,42.4005813598633,-8.92070579528809,"Female"
"9004151",371994,2025-05-18 04:43:36,42.400390625,-8.92098236083984,"Female"
"9004151",371994,2025-05-18 04:48:37,42.4004554748535,-8.92082023620605,"Female"
"9004151",371994,2025-05-18 04:53:44,42.400463104248,-8.92094612121582,"Female"
"9004151",371994,2025-05-18 04:58:22,42.4003715515137,-8.92105197906494,"Female"
"9004151",371994,2025-05-18 05:03:24,42.4004592895508,-8.92091178894043,"Female"
"9004151",371994,2025-05-18 05:08:25,42.4005393981934,-8.92072772979736,"Female"
"9004151",371994,2025-05-18 05:13:26,42.400390625,-8.92118740081787,"Female"
"9004151",371994,2025-05-18 05:18:23,42.4004211425781,-8.92107963562012,"Female"
"9004151",371994,2025-05-18 05:23:23,42.4003829956055,-8.92096042633057,"Female"
"9004151",371994,2025-05-18 05:28:23,42.4004707336426,-8.92106914520264,"Female"
"9004151",371994,2025-05-18 05:33:44,42.397632598877,-8.92029094696045,"Female"
"9004151",371994,2025-05-18 05:38:23,42.3977394104004,-8.92037010192871,"Female"
"9004151",371994,2025-05-18 05:43:23,42.3978118896484,-8.92040729522705,"Female"
"9004151",371994,2025-05-18 05:48:25,42.3976516723633,-8.92028331756592,"Female"
"9004151",371994,2025-05-18 05:53:24,42.3980751037598,-8.91872596740723,"Female"
"9004151",371994,2025-05-18 05:58:24,42.3968620300293,-8.92031669616699,"Female"
"9004151",371994,2025-05-18 06:03:36,42.3935699462891,-8.90950202941895,"Female"
"9004151",371994,2025-05-18 06:08:37,42.392406463623,-8.90711498260498,"Female"
"9004151",371994,2025-05-18 06:13:36,42.393440246582,-8.90733051300049,"Female"
"9004151",371994,2025-05-18 06:18:36,42.3987350463867,-8.90319728851318,"Female"
"9004151",371994,2025-05-18 06:23:36,42.4016075134277,-8.90683650970459,"Female"
"9004151",371994,2025-05-18 06:28:43,42.4002494812012,-8.9070463180542,"Female"
"9004151",371994,2025-05-18 06:34:05,42.402774810791,-8.9086332321167,"Female"
"9004151",371994,2025-05-18 06:38:36,42.4366455078125,-8.92188167572021,"Female"
"9004151",371994,2025-05-18 06:43:36,42.4704360961914,-8.94261074066162,"Female"
"9004151",371994,2025-05-18 06:48:36,42.4995269775391,-8.90860271453857,"Female"
"9004151",371994,2025-05-18 06:53:36,42.5250854492188,-8.86129951477051,"Female"
"9004151",371994,2025-05-18 06:58:41,42.5357780456543,-8.85049819946289,"Female"
"9004151",371994,2025-05-18 07:04:06,42.5352897644043,-8.84861278533936,"Female"
"9004151",371994,2025-05-18 07:09:10,42.5356864929199,-8.84743785858154,"Female"
"9004151",371994,2025-05-18 07:14:02,42.5359039306641,-8.8475513458252,"Female"
"9004151",371994,2025-05-18 07:19:01,42.5363616943359,-8.84882545471191,"Female"
"9004151",371994,2025-05-18 07:24:00,42.5369491577148,-8.84724998474121,"Female"
"9004151",371994,2025-05-18 07:29:02,42.536449432373,-8.84706211090088,"Female"
"9004151",371994,2025-05-18 07:34:00,42.5360260009766,-8.84659194946289,"Female"
"9004151",371994,2025-05-18 07:39:00,42.5356788635254,-8.84667205810547,"Female"
"9004151",371994,2025-05-18 07:44:00,42.5367012023926,-8.84691715240479,"Female"
"9004151",371994,2025-05-18 07:50:17,42.5376853942871,-8.84771633148193,"Female"
"9004151",371994,2025-05-18 07:55:35,42.5377082824707,-8.84674167633057,"Female"
"9004151",371994,2025-05-18 08:00:19,42.538631439209,-8.84741878509521,"Female"
"9004151",371994,2025-05-18 08:05:29,42.5392646789551,-8.84783935546875,"Female"
"9004151",371994,2025-05-18 08:10:36,42.5377311706543,-8.84758472442627,"Female"
"9004151",371994,2025-05-18 08:15:37,42.5370788574219,-8.84671497344971,"Female"
"9004151",371994,2025-05-18 08:21:10,42.5365104675293,-8.84756278991699,"Female"
"9004151",371994,2025-05-18 08:26:19,42.5363655090332,-8.84688472747803,"Female"
"9004151",371994,2025-05-18 08:31:40,42.5368614196777,-8.84759330749512,"Female"
"9004151",371994,2025-05-18 08:37:06,42.5366477966309,-8.84896469116211,"Female"
"9004151",371994,2025-05-18 08:42:05,42.5350952148438,-8.84894561767578,"Female"
"9004151",371994,2025-05-18 08:47:23,42.5333518981934,-8.84913539886475,"Female"
"9004151",371994,2025-05-18 08:52:21,42.5324325561523,-8.8491735458374,"Female"
"9004151",371994,2025-05-18 08:57:22,42.5263557434082,-8.84735107421875,"Female"
"9004151",371994,2025-05-18 09:02:22,42.5263595581055,-8.84735298156738,"Female"
"9004151",371994,2025-05-18 09:07:22,42.5263671875,-8.84731578826904,"Female"
"9004151",371994,2025-05-18 09:12:22,42.5263671875,-8.8474063873291,"Female"
"9004151",371994,2025-05-18 09:17:23,42.5263214111328,-8.84727382659912,"Female"
"9004151",371994,2025-05-18 09:22:21,42.5263290405273,-8.84732246398926,"Female"
"9004151",371994,2025-05-18 09:27:22,42.5263137817383,-8.84734916687012,"Female"
"9004151",371994,2025-05-18 09:32:22,42.5263175964355,-8.84732627868652,"Female"
"9004151",371994,2025-05-18 09:37:21,42.5263175964355,-8.84731101989746,"Female"
"9004151",371994,2025-05-18 09:42:22,42.5263290405273,-8.84739685058594,"Female"
"9004151",371994,2025-05-18 09:47:21,42.5262985229492,-8.84735679626465,"Female"
"9004151",371994,2025-05-18 09:52:22,42.5263328552246,-8.84736061096191,"Female"
"9004151",371994,2025-05-18 09:57:22,42.5263481140137,-8.84732055664062,"Female"
"9004151",371994,2025-05-18 10:02:21,42.5263023376465,-8.84725666046143,"Female"
"9004151",371994,2025-05-18 10:07:22,42.5263061523438,-8.84727191925049,"Female"
"9004151",371994,2025-05-18 10:12:21,42.5262832641602,-8.84721374511719,"Female"
"9004151",371994,2025-05-18 10:17:22,42.526309967041,-8.84736919403076,"Female"
"9004151",371994,2025-05-18 10:22:22,42.5263442993164,-8.84705829620361,"Female"
"9004151",371994,2025-05-18 10:27:22,42.5263137817383,-8.84713649749756,"Female"
"9004151",371994,2025-05-18 10:32:22,42.5263366699219,-8.847092628479,"Female"
"9004151",371994,2025-05-18 10:37:23,42.5262718200684,-8.84703159332275,"Female"
"9004151",371994,2025-05-18 10:42:23,42.5263519287109,-8.84729671478271,"Female"
"9004151",371994,2025-05-18 10:47:23,42.5262718200684,-8.84707355499268,"Female"
"9004151",371994,2025-05-18 10:52:25,42.5262756347656,-8.84712505340576,"Female"
"9004151",371994,2025-05-18 10:57:42,42.5263481140137,-8.84732723236084,"Female"
"9004151",371994,2025-05-18 11:02:22,42.5263862609863,-8.84739208221436,"Female"
"9004151",371994,2025-05-18 11:07:23,42.5264167785645,-8.84732818603516,"Female"
"9004151",371994,2025-05-18 11:12:44,42.526294708252,-8.84738349914551,"Female"
"9004151",371994,2025-05-18 11:17:22,42.5262184143066,-8.84761333465576,"Female"
"9004151",371994,2025-05-18 11:22:22,42.5263252258301,-8.84730243682861,"Female"
"9004151",371994,2025-05-18 11:27:25,42.5263748168945,-8.84720802307129,"Female"
"9004151",371994,2025-05-18 11:32:24,42.5263328552246,-8.84734535217285,"Female"
"9004151",371994,2025-05-18 11:37:23,42.5263824462891,-8.84722995758057,"Female"
"9004151",371994,2025-05-18 11:42:22,42.5263824462891,-8.84724807739258,"Female"
"9004151",371994,2025-05-18 11:47:42,42.5263633728027,-8.84711837768555,"Female"
"9004151",371994,2025-05-18 11:52:23,42.5264587402344,-8.84709739685059,"Female"
"9004151",371994,2025-05-18 11:57:21,42.5263977050781,-8.8471851348877,"Female"
"9004151",371994,2025-05-18 12:03:18,42.528995513916,-8.85122299194336,"Female"
"9004151",371994,2025-05-18 12:08:05,42.5296211242676,-8.85252094268799,"Female"
"9004151",371994,2025-05-18 12:12:48,42.5286102294922,-8.85310649871826,"Female"
"9004151",371994,2025-05-18 12:17:48,42.5295715332031,-8.85372734069824,"Female"
"9004151",371994,2025-05-18 12:22:45,42.5265197753906,-8.84737110137939,"Female"
"9004151",371994,2025-05-18 12:27:50,42.5264472961426,-8.84767818450928,"Female"
"9004151",371994,2025-05-18 12:33:05,42.5262489318848,-8.84736633300781,"Female"
"9004151",371994,2025-05-18 12:37:45,42.5262184143066,-8.84735870361328,"Female"
"9004151",371994,2025-05-18 12:42:45,42.5262145996094,-8.84733295440674,"Female"
"9004151",371994,2025-05-18 12:47:45,42.5262107849121,-8.84732341766357,"Female"
"9004151",371994,2025-05-18 12:52:45,42.5262413024902,-8.84756183624268,"Female"
"9004151",371994,2025-05-18 12:57:45,42.5262222290039,-8.84735298156738,"Female"
"9004151",371994,2025-05-18 13:02:44,42.526252746582,-8.8472900390625,"Female"
"9004151",371994,2025-05-18 13:07:45,42.526252746582,-8.84735107421875,"Female"
"9004151",371994,2025-05-18 13:12:45,42.5262794494629,-8.84731101989746,"Female"
"9004151",371994,2025-05-18 13:17:46,42.5303726196289,-8.8490571975708,"Female"
"9004151",371994,2025-05-18 13:22:45,42.5304946899414,-8.85034084320068,"Female"
"9004151",371994,2025-05-18 13:28:06,42.5299186706543,-8.85079765319824,"Female"
"9004151",371994,2025-05-18 13:33:10,42.5292205810547,-8.85036373138428,"Female"
"9004151",371994,2025-05-18 13:38:10,42.5263442993164,-8.84718799591064,"Female"
"9004151",371994,2025-05-18 13:43:10,42.5263404846191,-8.84721755981445,"Female"
"9004151",371994,2025-05-18 13:48:09,42.5263748168945,-8.84726905822754,"Female"
"9004151",371994,2025-05-18 13:53:10,42.5263061523438,-8.84718036651611,"Female"
"9004151",371994,2025-05-18 13:58:10,42.5263252258301,-8.84723663330078,"Female"
"9004151",371994,2025-05-18 14:03:09,42.5265197753906,-8.84739398956299,"Female"
"9004151",371994,2025-05-18 14:08:09,42.5263938903809,-8.84724998474121,"Female"
"9004151",371994,2025-05-18 14:13:11,42.5263633728027,-8.84717655181885,"Female"
"9004151",371994,2025-05-18 14:18:09,42.5263595581055,-8.84720325469971,"Female"
"9004151",371994,2025-05-18 14:23:10,42.5263214111328,-8.84717845916748,"Female"
"9004151",371994,2025-05-18 14:28:11,42.5264511108398,-8.84734535217285,"Female"
"9004151",371994,2025-05-18 14:33:09,42.5263977050781,-8.84726619720459,"Female"
"9004151",371994,2025-05-18 14:38:09,42.5263977050781,-8.84726238250732,"Female"
"9004151",371994,2025-05-18 14:43:09,42.5265274047852,-8.84739017486572,"Female"
"9004151",371994,2025-05-18 14:48:11,42.5263137817383,-8.84714794158936,"Female"
"9004151",371994,2025-05-18 14:53:09,42.526496887207,-8.84739398956299,"Female"
"9004151",371994,2025-05-18 14:58:10,42.5262908935547,-8.84714508056641,"Female"
"9004151",371994,2025-05-18 15:03:09,42.5263900756836,-8.84729957580566,"Female"
"9004151",371994,2025-05-18 15:08:11,42.5266914367676,-8.84712409973145,"Female"
"9004151",371994,2025-05-18 15:13:26,42.5260963439941,-8.84729194641113,"Female"
"9004151",371994,2025-05-18 15:18:10,42.5263061523438,-8.84715747833252,"Female"
"9004151",371994,2025-05-18 15:23:09,42.5264434814453,-8.84730529785156,"Female"
"9004151",371994,2025-05-18 15:28:11,42.5265350341797,-8.84726142883301,"Female"
"9004151",371994,2025-05-18 15:33:44,42.5286598205566,-8.84828758239746,"Female"
"9004151",371994,2025-05-18 15:39:01,42.5310516357422,-8.85099506378174,"Female"
"9004151",371994,2025-05-18 15:44:32,42.5321388244629,-8.85008430480957,"Female"
"9004151",371994,2025-05-18 15:50:35,42.5323333740234,-8.84986686706543,"Female"
"9004151",371994,2025-05-18 15:55:16,42.5324478149414,-8.85090732574463,"Female"
"9004151",371994,2025-05-18 16:00:28,42.5332260131836,-8.85047340393066,"Female"
"9004151",371994,2025-05-18 16:05:55,42.5323524475098,-8.85130882263184,"Female"
"9004151",371994,2025-05-18 16:10:54,42.5319671630859,-8.8506908416748,"Female"
"9004151",371994,2025-05-18 16:15:55,42.5323638916016,-8.84979438781738,"Female"
"9004151",371994,2025-05-18 16:20:55,42.5326499938965,-8.84925842285156,"Female"
"9004151",371994,2025-05-18 16:25:55,42.5317268371582,-8.85031986236572,"Female"
"9004151",371994,2025-05-18 16:31:23,42.5306243896484,-8.85021591186523,"Female"
"9004151",371994,2025-05-18 16:36:23,42.5295677185059,-8.85027313232422,"Female"
"9004151",371994,2025-05-18 16:41:23,42.5262451171875,-8.84715747833252,"Female"
"9004151",371994,2025-05-18 16:46:22,42.5262870788574,-8.84714603424072,"Female"
"9004151",371994,2025-05-18 16:51:22,42.5262145996094,-8.84717750549316,"Female"
"9004151",371994,2025-05-18 16:56:22,42.5263557434082,-8.84732723236084,"Female"
"9004151",371994,2025-05-18 17:01:23,42.5263404846191,-8.84726047515869,"Female"
"9004151",371994,2025-05-18 17:06:23,42.5263404846191,-8.84728813171387,"Female"
"9004151",371994,2025-05-18 17:11:23,42.5262985229492,-8.84723472595215,"Female"
"9004151",371994,2025-05-18 17:16:22,42.5262985229492,-8.84725284576416,"Female"
"9004151",371994,2025-05-18 17:21:22,42.5262908935547,-8.84720516204834,"Female"
"9004151",371994,2025-05-18 17:26:23,42.5263137817383,-8.84729099273682,"Female"
"9004151",371994,2025-05-18 17:31:23,42.526309967041,-8.84718704223633,"Female"
"9004151",371994,2025-05-18 17:36:24,42.5260620117188,-8.84691715240479,"Female"
"9004151",371994,2025-05-18 17:41:23,42.5262908935547,-8.84714221954346,"Female"
"9004151",371994,2025-05-18 17:46:30,42.526424407959,-8.84731769561768,"Female"
"9004151",371994,2025-05-18 17:51:24,42.5263633728027,-8.84720039367676,"Female"
"9004151",371994,2025-05-18 17:56:25,42.5263977050781,-8.84719753265381,"Female"
"9004151",371994,2025-05-18 18:01:24,42.5263671875,-8.84717178344727,"Female"
"9004151",371994,2025-05-18 18:06:44,42.5262756347656,-8.84715557098389,"Female"
"9004151",371994,2025-05-18 18:11:23,42.5262451171875,-8.84709930419922,"Female"
"9004151",371994,2025-05-18 18:16:23,42.5262794494629,-8.84714412689209,"Female"
"9004151",371994,2025-05-18 18:21:23,42.5305786132812,-8.85037803649902,"Female"
"9004151",371994,2025-05-18 18:26:25,42.5322647094727,-8.85020351409912,"Female"
"9004151",371994,2025-05-18 18:31:24,42.5328674316406,-8.84936809539795,"Female"
"9004151",371994,2025-05-18 18:37:00,42.5334777832031,-8.85039806365967,"Female"
"9004151",371994,2025-05-18 18:42:38,42.5344123840332,-8.84926319122314,"Female"
"9004151",371994,2025-05-18 18:52:14,42.5343399047852,-8.84957885742188,"Female"
"9004151",371994,2025-05-18 19:07:29,42.5314064025879,-8.85244369506836,"Female"
"9004151",371994,2025-05-18 19:11:27,42.5302810668945,-8.85357856750488,"Female"
"9004151",371994,2025-05-18 19:16:28,42.5084800720215,-8.87546253204346,"Female"
"9004151",371994,2025-05-18 19:21:44,42.4846458435059,-8.9159984588623,"Female"
"9004151",371994,2025-05-18 19:26:24,42.4780960083008,-8.94437599182129,"Female"
"9004151",371994,2025-05-18 19:31:25,42.470100402832,-8.94263458251953,"Female"
"9004151",371994,2025-05-18 19:36:22,42.4322090148926,-8.94270038604736,"Female"
"9004151",371994,2025-05-18 19:42:05,42.4004516601562,-8.92102527618408,"Female"
"9004151",371994,2025-05-18 19:46:22,42.4004821777344,-8.92099094390869,"Female"
"9004151",371994,2025-05-18 19:51:22,42.4005165100098,-8.92099285125732,"Female"
"9004151",371994,2025-05-18 19:56:24,42.4005851745605,-8.9208402633667,"Female"
"9004151",371994,2025-05-18 20:01:25,42.4004211425781,-8.9211254119873,"Female"
"9004151",371994,2025-05-18 20:06:24,42.4005355834961,-8.92100620269775,"Female"
"9004151",371994,2025-05-18 20:11:27,42.4004745483398,-8.92105293273926,"Female"
"9004151",371994,2025-05-18 20:16:22,42.4005813598633,-8.92092514038086,"Female"
"9004151",371994,2025-05-18 20:21:23,42.4004592895508,-8.92105579376221,"Female"
"9004151",371994,2025-05-18 20:26:23,42.4004096984863,-8.92105293273926,"Female"
"9004151",371994,2025-05-18 20:31:25,42.4003257751465,-8.92111968994141,"Female"
"9004151",371994,2025-05-18 20:36:44,42.4004516601562,-8.92105865478516,"Female"
"9004151",371994,2025-05-18 20:41:22,42.4006538391113,-8.92105102539062,"Female"
"9004151",371994,2025-05-18 20:46:24,42.4005928039551,-8.92113876342773,"Female"
"9004151",371994,2025-05-18 20:51:23,42.4008522033691,-8.92106246948242,"Female"
"9004151",371994,2025-05-18 20:56:23,42.4003410339355,-8.92124652862549,"Female"
"9004151",371994,2025-05-18 21:01:23,42.4010314941406,-8.92090225219727,"Female"
"9004151",371994,2025-05-18 21:06:23,42.4009552001953,-8.92110347747803,"Female"
"9004151",371994,2025-05-18 21:11:23,42.4006767272949,-8.92129421234131,"Female"
"9004151",371994,2025-05-18 21:16:23,42.4005813598633,-8.92121410369873,"Female"
"9004151",371994,2025-05-18 21:21:23,42.4006576538086,-8.92130470275879,"Female"
"9004151",371994,2025-05-18 21:26:25,42.4003219604492,-8.92116451263428,"Female"
"9004151",371994,2025-05-18 21:31:30,42.4004364013672,-8.92106914520264,"Female"
"9004151",371994,2025-05-18 21:36:24,42.4004821777344,-8.92116260528564,"Female"
"9004151",371994,2025-05-18 21:41:33,42.4001960754395,-8.92130756378174,"Female"
"9004151",371994,2025-05-18 21:46:28,42.4003219604492,-8.92131328582764,"Female"
"9004151",371994,2025-05-18 21:51:40,42.4003143310547,-8.92113590240479,"Female"
"9004151",371994,2025-05-18 21:56:23,42.4007987976074,-8.9220495223999,"Female"
"9004151",371994,2025-05-18 22:01:30,42.4004936218262,-8.92108726501465,"Female"
"9004151",371994,2025-05-18 22:06:25,42.4003601074219,-8.92109775543213,"Female"
"9004151",371994,2025-05-18 22:11:28,42.4003295898438,-8.92093944549561,"Female"
"9004151",371994,2025-05-18 22:16:44,42.4002532958984,-8.92112731933594,"Female"
"9004151",371994,2025-05-18 22:21:23,42.4002304077148,-8.92130374908447,"Female"
"9004151",371994,2025-05-18 22:26:24,42.4002647399902,-8.92105197906494,"Female"
"9004151",371994,2025-05-18 22:31:23,42.4003372192383,-8.92132759094238,"Female"
"9004151",371994,2025-05-18 22:36:25,42.4002914428711,-8.92116641998291,"Female"
"9004151",371994,2025-05-18 22:41:23,42.4001960754395,-8.92154121398926,"Female"
"9004151",371994,2025-05-18 22:46:59,42.400333404541,-8.92112827301025,"Female"
"9004151",371994,2025-05-18 22:51:23,42.4004936218262,-8.92099094390869,"Female"
"9004151",371994,2025-05-18 22:56:23,42.400203704834,-8.92125797271729,"Female"
"9004151",371994,2025-05-18 23:01:22,42.4003982543945,-8.92104911804199,"Female"
"9004151",371994,2025-05-18 23:06:24,42.4004096984863,-8.92098331451416,"Female"
"9004151",371994,2025-05-18 23:11:25,42.4005470275879,-8.9209508895874,"Female"
"9004151",371994,2025-05-18 23:16:25,42.4004783630371,-8.92093563079834,"Female"
"9004151",371994,2025-05-18 23:21:30,42.4004516601562,-8.9209451675415,"Female"
"9004151",371994,2025-05-18 23:26:23,42.4001502990723,-8.92123317718506,"Female"
"9004151",371994,2025-05-18 23:31:29,42.4003067016602,-8.92118549346924,"Female"
"9004151",371994,2025-05-18 23:36:25,42.4004402160645,-8.92111110687256,"Female"
"9004151",371994,2025-05-18 23:41:30,42.4005279541016,-8.92090702056885,"Female"
"9004151",371994,2025-05-18 23:46:28,42.4004249572754,-8.92157173156738,"Female"
"9004151",371994,2025-05-18 23:51:28,42.4005355834961,-8.92086696624756,"Female"
"9004151",371994,2025-05-18 23:56:29,42.400951385498,-8.92101669311523,"Female"
"9004151",371994,2025-05-19 00:01:31,42.4002990722656,-8.92084503173828,"Female"
"9004151",371994,2025-05-19 00:06:25,42.4001159667969,-8.92099380493164,"Female"
"9004151",371994,2025-05-19 00:11:30,42.4001541137695,-8.92127227783203,"Female"
"9004151",371994,2025-05-19 00:16:23,42.4004096984863,-8.92114067077637,"Female"
"9004151",371994,2025-05-19 00:21:23,42.400505065918,-8.92129421234131,"Female"
"9004151",371994,2025-05-19 00:26:23,42.4018211364746,-8.92284297943115,"Female"
"9004151",371994,2025-05-19 00:31:28,42.4017448425293,-8.92243385314941,"Female"
"9004151",371994,2025-05-19 00:36:45,42.4008674621582,-8.92131328582764,"Female"
"9004151",371994,2025-05-19 00:41:25,42.400951385498,-8.92131900787354,"Female"
"9004151",371994,2025-05-19 00:46:23,42.4008827209473,-8.9211893081665,"Female"
"9004151",371994,2025-05-19 00:51:36,42.4008140563965,-8.92130661010742,"Female"
"9004151",371994,2025-05-19 00:56:30,42.4008827209473,-8.92118263244629,"Female"
"9004151",371994,2025-05-19 01:01:28,42.4008178710938,-8.92157745361328,"Female"
"9004151",371994,2025-05-19 01:06:28,42.400505065918,-8.92091941833496,"Female"
"9004151",371994,2025-05-19 01:11:39,42.3994026184082,-8.9199686050415,"Female"
"9004151",371994,2025-05-19 01:16:44,42.3998413085938,-8.92154979705811,"Female"
"9004151",371994,2025-05-19 01:21:28,42.3993110656738,-8.91822052001953,"Female"
"9004151",371994,2025-05-19 01:26:28,42.4004287719727,-8.92134571075439,"Female"
"9004151",371994,2025-05-19 01:31:30,42.400390625,-8.9211950302124,"Female"
"9004151",371994,2025-05-19 01:36:24,42.4004096984863,-8.92183876037598,"Female"
"9004151",371994,2025-05-19 01:41:44,42.4003028869629,-8.92134094238281,"Female"
"9004151",371994,2025-05-19 01:46:59,42.4003677368164,-8.92089653015137,"Female"
"9004151",371994,2025-05-19 01:51:22,42.4004516601562,-8.92093181610107,"Female"
"9004151",371994,2025-05-19 01:56:22,42.4005012512207,-8.92087173461914,"Female"
"9004151",371994,2025-05-19 02:01:22,42.4004173278809,-8.92097854614258,"Female"
"9004151",371994,2025-05-19 02:06:23,42.4004364013672,-8.92098140716553,"Female"
"9004151",371994,2025-05-19 02:11:22,42.4004440307617,-8.92093181610107,"Female"
"9004151",371994,2025-05-19 02:16:23,42.400463104248,-8.9209566116333,"Female"
"9004151",371994,2025-05-19 02:21:22,42.400505065918,-8.9208984375,"Female"
"9004151",371994,2025-05-19 02:26:23,42.400447845459,-8.92094230651855,"Female"
"9004151",371994,2025-05-19 02:31:23,42.4005279541016,-8.92079257965088,"Female"
"9004151",371994,2025-05-19 02:36:23,42.4005699157715,-8.92075157165527,"Female"
"9004151",371994,2025-05-19 02:41:23,42.4004707336426,-8.92093563079834,"Female"
"9004151",371994,2025-05-19 02:46:23,42.4004287719727,-8.92085838317871,"Female"
"9004151",371994,2025-05-19 02:51:23,42.4004745483398,-8.92090129852295,"Female"
"9004151",371994,2025-05-19 02:56:23,42.4004440307617,-8.92088031768799,"Female"
"9004151",371994,2025-05-19 03:01:23,42.4004173278809,-8.92103004455566,"Female"
"9004151",371994,2025-05-19 03:06:23,42.4004440307617,-8.92092132568359,"Female"
"9004151",371994,2025-05-19 03:11:23,42.4005928039551,-8.92095565795898,"Female"
"9004151",371994,2025-05-19 03:16:24,42.4007606506348,-8.92105102539062,"Female"
"9004151",371994,2025-05-19 03:21:23,42.4008483886719,-8.9210319519043,"Female"
"9004151",371994,2025-05-19 03:26:29,42.400562286377,-8.92115592956543,"Female"
"9004151",371994,2025-05-19 03:31:30,42.4007682800293,-8.92107963562012,"Female"
"9004151",371994,2025-05-19 03:36:26,42.4006576538086,-8.92108058929443,"Female"
"9004151",371994,2025-05-19 03:41:30,42.4002227783203,-8.92080402374268,"Female"
"9004151",371994,2025-05-19 03:46:33,42.4004554748535,-8.92096710205078,"Female"
"9004151",371994,2025-05-19 03:51:27,42.4004859924316,-8.92099285125732,"Female"
"9004151",371994,2025-05-19 03:56:35,42.4003105163574,-8.92104911804199,"Female"
"9004151",371994,2025-05-19 04:01:58,42.4003295898438,-8.92110538482666,"Female"
"9004151",371994,2025-05-19 04:06:22,42.4004287719727,-8.92106056213379,"Female"
"9004151",371994,2025-05-19 04:11:22,42.4003448486328,-8.92106533050537,"Female"
"9004151",371994,2025-05-19 04:16:24,42.4004287719727,-8.92111587524414,"Female"
"9004151",371994,2025-05-19 04:21:23,42.4004058837891,-8.92113304138184,"Female"
"9004151",371994,2025-05-19 04:26:23,42.4003829956055,-8.92112159729004,"Female"
"9004151",371994,2025-05-19 04:31:23,42.400390625,-8.92123603820801,"Female"
"9004151",371994,2025-05-19 04:36:23,42.4004325866699,-8.92104339599609,"Female"
"9004151",371994,2025-05-19 04:41:23,42.4003677368164,-8.92115879058838,"Female"
"9004151",371994,2025-05-19 04:46:23,42.4003715515137,-8.92106819152832,"Female"
"9004151",371994,2025-05-19 04:51:23,42.4004554748535,-8.92089939117432,"Female"
"9004151",371994,2025-05-19 04:56:23,42.400390625,-8.9211893081665,"Female"
"9004151",371994,2025-05-19 05:01:25,42.4004745483398,-8.92099952697754,"Female"
"9004151",371994,2025-05-19 05:06:23,42.4004020690918,-8.92103385925293,"Female"
"9004151",371994,2025-05-19 05:11:27,42.4005126953125,-8.92074584960938,"Female"
"9004151",371994,2025-05-19 05:16:27,42.4004020690918,-8.92113208770752,"Female"
"9004151",371994,2025-05-19 05:21:29,42.4004287719727,-8.92086505889893,"Female"
"9004151",371994,2025-05-19 05:26:28,42.4004440307617,-8.92106914520264,"Female"
"9004151",371994,2025-05-19 05:31:36,42.4004745483398,-8.92108726501465,"Female"
"9004151",371994,2025-05-19 05:36:36,42.4004173278809,-8.92102336883545,"Female"
"9004151",371994,2025-05-19 05:41:35,42.4001731872559,-8.92138671875,"Female"
"9004151",371994,2025-05-19 05:46:44,42.4005279541016,-8.92100238800049,"Female"
"9004151",371994,2025-05-19 05:51:23,42.4005661010742,-8.92108631134033,"Female"
"9004151",371994,2025-05-19 05:56:23,42.4006004333496,-8.92088222503662,"Female"
"9004151",371994,2025-05-19 06:01:22,42.4005432128906,-8.92102527618408,"Female"
"9004151",371994,2025-05-19 06:06:22,42.4006309509277,-8.92108249664307,"Female"
"9004151",371994,2025-05-19 06:11:22,42.4002952575684,-8.92083549499512,"Female"
"9004151",371994,2025-05-19 06:16:22,42.4004058837891,-8.92105960845947,"Female"
"9004151",371994,2025-05-19 06:21:25,42.4003524780273,-8.92101287841797,"Female"
"9004151",371994,2025-05-19 06:26:24,42.4005661010742,-8.92092704772949,"Female"
"9004151",371994,2025-05-19 06:32:35,42.4004440307617,-8.92088890075684,"Female"
"9004151",371994,2025-05-19 06:36:22,42.4002990722656,-8.92072010040283,"Female"
"9004151",371994,2025-05-19 06:41:22,42.4002876281738,-8.92076015472412,"Female"
"9004151",371994,2025-05-19 06:46:22,42.4003715515137,-8.92078685760498,"Female"
"9004151",371994,2025-05-19 06:51:22,42.4002990722656,-8.92075634002686,"Female"
"9004151",371994,2025-05-19 06:56:22,42.4003257751465,-8.92073345184326,"Female"
"9004151",371994,2025-05-19 07:01:22,42.4002838134766,-8.92073059082031,"Female"
"9004151",371994,2025-05-19 07:06:22,42.400390625,-8.92070007324219,"Female"
"9004151",371994,2025-05-19 07:11:24,42.4004287719727,-8.9209451675415,"Female"
"9004151",371994,2025-05-19 07:16:23,42.4028968811035,-8.92173862457275,"Female"
"9004151",371994,2025-05-19 07:21:23,42.4170188903809,-8.92360877990723,"Female"
"9004151",371994,2025-05-19 07:26:23,42.4576568603516,-8.93935203552246,"Female"
"9004151",371994,2025-05-19 07:31:22,42.4839172363281,-8.93168640136719,"Female"
"9004151",371994,2025-05-19 07:36:23,42.4914627075195,-8.91497421264648,"Female"
"9004151",371994,2025-05-19 07:41:23,42.5017127990723,-8.89836502075195,"Female"
"9004151",371994,2025-05-19 07:46:23,42.5079307556152,-8.88736248016357,"Female"
"9004151",371994,2025-05-19 07:51:23,42.521354675293,-8.86361789703369,"Female"
"9004151",371994,2025-05-19 07:56:44,42.5313987731934,-8.85201835632324,"Female"
"9004151",371994,2025-05-19 08:01:44,42.5321807861328,-8.85138416290283,"Female"
"9004151",371994,2025-05-19 08:06:47,42.5323600769043,-8.84997177124023,"Female"
"9004151",371994,2025-05-19 08:11:47,42.5332260131836,-8.84959316253662,"Female"
"9004151",371994,2025-05-19 08:16:47,42.5338668823242,-8.84951496124268,"Female"
"9004151",371994,2025-05-19 08:21:47,42.5347213745117,-8.84904384613037,"Female"
"9004151",371994,2025-05-19 08:27:04,42.5360794067383,-8.8485164642334,"Female"
"9004151",371994,2025-05-19 08:32:36,42.5372581481934,-8.84731483459473,"Female"
"9004151",371994,2025-05-19 08:38:06,42.5378532409668,-8.8468132019043,"Female"
"9004151",371994,2025-05-19 08:43:16,42.5368041992188,-8.84701061248779,"Female"
"9004151",371994,2025-05-19 08:48:15,42.536075592041,-8.84655475616455,"Female"
"9004151",371994,2025-05-19 08:53:18,42.5356483459473,-8.84789276123047,"Female"
"9004151",371994,2025-05-19 08:58:16,42.5263519287109,-8.84753036499023,"Female"
"9004151",371994,2025-05-19 09:03:18,42.5263862609863,-8.84778118133545,"Female"
"9004151",371994,2025-05-19 09:08:16,42.5262222290039,-8.84743404388428,"Female"
"9004151",371994,2025-05-19 09:13:17,42.5264320373535,-8.8475456237793,"Female"
"9004151",371994,2025-05-19 09:18:21,42.5263938903809,-8.84699726104736,"Female"
"9004151",371994,2025-05-19 09:23:19,42.5263671875,-8.84695529937744,"Female"
"9004151",371994,2025-05-19 09:28:19,42.5262603759766,-8.8468074798584,"Female"
"9004151",371994,2025-05-19 09:33:19,42.526309967041,-8.84687328338623,"Female"
"9004151",371994,2025-05-19 09:38:16,42.526496887207,-8.84747982025146,"Female"
"9004151",371994,2025-05-19 09:43:18,42.5264091491699,-8.8471736907959,"Female"
"9004151",371994,2025-05-19 09:48:19,42.526309967041,-8.84683990478516,"Female"
"9004151",371994,2025-05-19 09:53:18,42.5263595581055,-8.84705448150635,"Female"
"9004151",371994,2025-05-19 09:58:19,42.5262985229492,-8.8468189239502,"Female"
"9004151",371994,2025-05-19 10:03:35,42.5263748168945,-8.84695529937744,"Female"
"9004151",371994,2025-05-19 10:08:14,42.5263519287109,-8.84701156616211,"Female"
"9004151",371994,2025-05-19 10:13:14,42.5263404846191,-8.84702968597412,"Female"
"9004151",371994,2025-05-19 10:18:14,42.5263824462891,-8.84691905975342,"Female"
"9004151",371994,2025-05-19 10:23:14,42.5263328552246,-8.84696674346924,"Female"
"9004151",371994,2025-05-19 10:28:15,42.5263214111328,-8.84698295593262,"Female"
"9004151",371994,2025-05-19 10:33:15,42.5263328552246,-8.84697723388672,"Female"
"9004151",371994,2025-05-19 10:38:14,42.5263366699219,-8.84701347351074,"Female"
"9004151",371994,2025-05-19 10:43:14,42.5263442993164,-8.84704971313477,"Female"
"9004151",371994,2025-05-19 10:48:15,42.5263633728027,-8.84702205657959,"Female"
"9004151",371994,2025-05-19 10:53:15,42.5264091491699,-8.84709167480469,"Female"
"9004151",371994,2025-05-19 10:58:15,42.5264358520508,-8.8470983505249,"Female"
"9004151",371994,2025-05-19 11:03:14,42.5263862609863,-8.84712791442871,"Female"
"9004151",371994,2025-05-19 11:08:14,42.5263977050781,-8.8470401763916,"Female"
"9004151",371994,2025-05-19 11:13:14,42.5263328552246,-8.84704685211182,"Female"
"9004151",371994,2025-05-19 11:18:28,42.5340423583984,-8.84758281707764,"Female"
"9004151",371994,2025-05-19 11:23:27,42.5356712341309,-8.84719753265381,"Female"
"9004151",371994,2025-05-19 11:28:51,42.5370941162109,-8.8469352722168,"Female"
"9004151",371994,2025-05-19 11:34:06,42.538272857666,-8.84788990020752,"Female"
"9004151",371994,2025-05-19 11:39:37,42.5386924743652,-8.84726715087891,"Female"
"9004151",371994,2025-05-19 11:45:00,42.5378913879395,-8.84741401672363,"Female"
"9004151",371994,2025-05-19 11:50:07,42.5373306274414,-8.84807682037354,"Female"
"9004151",371994,2025-05-19 11:55:15,42.5362739562988,-8.84862899780273,"Female"
"9004151",371994,2025-05-19 12:00:21,42.5355682373047,-8.84982872009277,"Female"
"9004151",371994,2025-05-19 12:05:22,42.5342063903809,-8.84952831268311,"Female"
"9004151",371994,2025-05-19 12:10:58,42.5329170227051,-8.85039234161377,"Female"
"9004151",371994,2025-05-19 12:16:12,42.532642364502,-8.85167694091797,"Female"
"9004151",371994,2025-05-19 12:21:13,42.5321502685547,-8.85464668273926,"Female"
"9004151",371994,2025-05-19 12:26:17,42.5297889709473,-8.84758472442627,"Female"
"9004151",371994,2025-05-19 12:31:49,42.5290336608887,-8.84828090667725,"Female"
"9004151",371994,2025-05-19 12:36:51,42.5287628173828,-8.85051155090332,"Female"
"9004151",371994,2025-05-19 12:41:49,42.5263214111328,-8.84732913970947,"Female"
"9004151",371994,2025-05-19 12:47:02,42.5263328552246,-8.84732532501221,"Female"
"9004151",371994,2025-05-19 12:51:44,42.5263175964355,-8.84727001190186,"Female"
"9004151",371994,2025-05-19 12:56:44,42.526309967041,-8.84723567962646,"Female"
"9004151",371994,2025-05-19 13:01:44,42.5263290405273,-8.84713840484619,"Female"
"9004151",371994,2025-05-19 13:06:44,42.526309967041,-8.847336769104,"Female"
"9004151",371994,2025-05-19 13:11:44,42.5263175964355,-8.84719657897949,"Female"
"9004151",371994,2025-05-19 13:16:57,42.5263557434082,-8.8472785949707,"Female"
"9004151",371994,2025-05-19 13:21:45,42.5263137817383,-8.84720420837402,"Female"
"9004151",371994,2025-05-19 13:26:45,42.526309967041,-8.84723663330078,"Female"
"9004151",371994,2025-05-19 13:31:45,42.526309967041,-8.84712219238281,"Female"
"9004151",371994,2025-05-19 13:36:45,42.5263252258301,-8.84716320037842,"Female"
"9004151",371994,2025-05-19 13:41:53,42.5263252258301,-8.84721851348877,"Female"
"9004151",371994,2025-05-19 13:46:46,42.5263595581055,-8.84713172912598,"Female"
"9004151",371994,2025-05-19 13:51:49,42.5263519287109,-8.84703350067139,"Female"
"9004151",371994,2025-05-19 13:56:47,42.5264053344727,-8.84725570678711,"Female"
"9004151",371994,2025-05-19 14:01:47,42.5262451171875,-8.84685325622559,"Female"
"9004151",371994,2025-05-19 14:06:47,42.5263900756836,-8.84717273712158,"Female"
"9004151",371994,2025-05-19 14:11:49,42.5263328552246,-8.84706783294678,"Female"
"9004151",371994,2025-05-19 14:16:49,42.5263328552246,-8.84712982177734,"Female"
"9004151",371994,2025-05-19 14:21:49,42.5263404846191,-8.84702968597412,"Female"
"9004151",371994,2025-05-19 14:26:51,42.5263519287109,-8.84704113006592,"Female"
"9004151",371994,2025-05-19 14:31:52,42.5263519287109,-8.84700489044189,"Female"
"9004151",371994,2025-05-19 14:36:51,42.5263519287109,-8.84704685211182,"Female"
"9004151",371994,2025-05-19 14:41:49,42.5263366699219,-8.84704208374023,"Female"
"9004151",371994,2025-05-19 14:47:05,42.5263366699219,-8.84707069396973,"Female"
"9004151",371994,2025-05-19 14:51:45,42.5263137817383,-8.84714508056641,"Female"
"9004151",371994,2025-05-19 14:57:08,42.5300788879395,-8.85133838653564,"Female"
"9004151",371994,2025-05-19 15:02:51,42.5314865112305,-8.85039329528809,"Female"
"9004151",371994,2025-05-19 15:08:14,42.5325164794922,-8.85124778747559,"Female"
"9004151",371994,2025-05-19 15:13:43,42.5326271057129,-8.85054874420166,"Female"
"9004151",371994,2025-05-19 15:18:43,42.5329284667969,-8.84908199310303,"Female"
"9004151",371994,2025-05-19 15:23:51,42.5345077514648,-8.84829616546631,"Female"
"9004151",371994,2025-05-19 15:29:28,42.5359573364258,-8.84726238250732,"Female"
"9004151",371994,2025-05-19 15:34:27,42.5366897583008,-8.84634208679199,"Female"
"9004151",371994,2025-05-19 15:39:26,42.5370559692383,-8.84559917449951,"Female"
"9004151",371994,2025-05-19 15:44:35,42.536060333252,-8.84448337554932,"Female"
"9004151",371994,2025-05-19 15:49:56,42.5352668762207,-8.84444236755371,"Female"
"9004151",371994,2025-05-19 15:55:24,42.5344085693359,-8.84519195556641,"Female"
"9004151",371994,2025-05-19 16:00:56,42.5332069396973,-8.84486198425293,"Female"
"9004151",371994,2025-05-19 16:05:55,42.5320358276367,-8.84463310241699,"Female"
"9004151",371994,2025-05-19 16:10:55,42.5311088562012,-8.84504413604736,"Female"
"9004151",371994,2025-05-19 16:15:55,42.5263366699219,-8.8471155166626,"Female"
"9004151",371994,2025-05-19 16:20:55,42.5263175964355,-8.84715843200684,"Female"
"9004151",371994,2025-05-19 16:25:55,42.5262336730957,-8.84714508056641,"Female"
"9004151",371994,2025-05-19 16:30:55,42.526294708252,-8.84718704223633,"Female"
"9004151",371994,2025-05-19 16:35:55,42.5262603759766,-8.84720611572266,"Female"
"9004151",371994,2025-05-19 16:40:57,42.5264434814453,-8.84701824188232,"Female"
"9004151",371994,2025-05-19 16:45:55,42.5262870788574,-8.84721565246582,"Female"
"9004151",371994,2025-05-19 16:50:55,42.5262413024902,-8.84723567962646,"Female"
"9004151",371994,2025-05-19 16:55:55,42.5262413024902,-8.84723377227783,"Female"
"9004151",371994,2025-05-19 17:00:58,42.5262603759766,-8.84705924987793,"Female"
"9004151",371994,2025-05-19 17:05:57,42.5263023376465,-8.84716415405273,"Female"
"9004151",371994,2025-05-19 17:10:55,42.526195526123,-8.84712791442871,"Female"
"9004151",371994,2025-05-19 17:15:56,42.526237487793,-8.84716320037842,"Female"
"9004151",371994,2025-05-19 17:20:55,42.5263023376465,-8.84714412689209,"Female"
"9004151",371994,2025-05-19 17:25:58,42.526294708252,-8.84720802307129,"Female"
"9004151",371994,2025-05-19 17:30:57,42.5262565612793,-8.84716796875,"Female"
"9004151",371994,2025-05-19 17:35:55,42.5263481140137,-8.84721755981445,"Female"
"9004151",371994,2025-05-19 17:40:55,42.5264015197754,-8.84725189208984,"Female"
"9004151",371994,2025-05-19 17:45:55,42.5261573791504,-8.84714508056641,"Female"
"9004151",371994,2025-05-19 17:51:14,42.5262565612793,-8.84704494476318,"Female"
"9004151",371994,2025-05-19 17:55:57,42.5334434509277,-8.84825229644775,"Female"
"9004151",371994,2025-05-19 18:01:06,42.5347213745117,-8.847580909729,"Female"
"9004151",371994,2025-05-19 18:06:08,42.5361633300781,-8.84681510925293,"Female"
"9004151",371994,2025-05-19 18:11:46,42.5374641418457,-8.84692668914795,"Female"
"9004151",371994,2025-05-19 18:17:18,42.5381355285645,-8.84884166717529,"Female"
"9004151",371994,2025-05-19 18:22:47,42.5367698669434,-8.84775066375732,"Female"
"9004151",371994,2025-05-19 18:28:12,42.5359268188477,-8.84859466552734,"Female"
"9004151",371994,2025-05-19 18:33:16,42.5343971252441,-8.84863758087158,"Female"
"9004151",371994,2025-05-19 18:38:34,42.5329666137695,-8.85017108917236,"Female"
"9004151",371994,2025-05-19 18:43:48,42.5318069458008,-8.85134792327881,"Female"
"9004151",371994,2025-05-19 18:49:59,42.5302505493164,-8.85142803192139,"Female"
"9004151",371994,2025-05-19 18:53:44,42.523494720459,-8.85661220550537,"Female"
"9004151",371994,2025-05-19 18:58:44,42.5235214233398,-8.85660839080811,"Female"
"9004151",371994,2025-05-19 19:03:43,42.5008316040039,-8.88260650634766,"Female"
"9004151",371994,2025-05-19 19:09:05,42.4804992675781,-8.92440032958984,"Female"
"9004151",371994,2025-05-19 19:13:43,42.4767189025879,-8.93985652923584,"Female"
"9004151",371994,2025-05-19 19:18:43,42.4491348266602,-8.94290161132812,"Female"
"9004151",371994,2025-05-19 19:23:44,42.4372482299805,-8.93866348266602,"Female"
"9004151",371994,2025-05-19 19:28:43,42.4041328430176,-8.92175102233887,"Female"
"9004151",371994,2025-05-19 19:33:43,42.4004936218262,-8.92093849182129,"Female"
"9004151",371994,2025-05-19 19:38:46,42.4004135131836,-8.92097473144531,"Female"
"9004151",371994,2025-05-19 19:43:45,42.4004974365234,-8.9210147857666,"Female"
"9004151",371994,2025-05-19 19:48:43,42.4004135131836,-8.92099380493164,"Female"
"9004151",371994,2025-05-19 19:53:45,42.4002456665039,-8.92133522033691,"Female"
"9004151",371994,2025-05-19 19:58:47,42.4001007080078,-8.92141342163086,"Female"
"9004151",371994,2025-05-19 20:03:47,42.4001274108887,-8.92143440246582,"Female"
"9004151",371994,2025-05-19 20:08:47,42.3998374938965,-8.92174053192139,"Female"
"9004151",371994,2025-05-19 20:13:46,42.4001121520996,-8.92138576507568,"Female"
"9004151",371994,2025-05-19 20:18:46,42.4004516601562,-8.9211368560791,"Female"
"9004151",371994,2025-05-19 20:23:46,42.3997611999512,-8.92168235778809,"Female"
"9004151",371994,2025-05-19 20:28:49,42.400520324707,-8.92105865478516,"Female"
"9004151",371994,2025-05-19 20:33:48,42.400333404541,-8.92115783691406,"Female"
"9004151",371994,2025-05-19 20:38:47,42.4003753662109,-8.92110538482666,"Female"
"9004151",371994,2025-05-19 20:43:51,42.4004058837891,-8.92108917236328,"Female"
"9004151",371994,2025-05-19 20:48:46,42.3996162414551,-8.92129039764404,"Female"
"9004151",371994,2025-05-19 20:53:48,42.399974822998,-8.92130470275879,"Female"
"9004151",371994,2025-05-19 20:58:54,42.4003829956055,-8.92113304138184,"Female"
"9004151",371994,2025-05-19 21:03:49,42.4003791809082,-8.92109775543213,"Female"
"9004151",371994,2025-05-19 21:08:53,42.4003677368164,-8.92136096954346,"Female"
"9004151",371994,2025-05-19 21:13:59,42.4003715515137,-8.92136859893799,"Female"
"9004151",371994,2025-05-19 21:18:56,42.3996391296387,-8.92194557189941,"Female"
"9004151",371994,2025-05-19 21:24:00,42.3996047973633,-8.92177867889404,"Female"
"9004151",371994,2025-05-19 21:28:57,42.3994560241699,-8.92174339294434,"Female"
"9004151",371994,2025-05-19 21:33:59,42.3992919921875,-8.92136573791504,"Female"
"9004151",371994,2025-05-19 21:39:02,42.4000244140625,-8.92142391204834,"Female"
"9004151",371994,2025-05-19 21:43:44,42.3999443054199,-8.92131328582764,"Female"
"9004151",371994,2025-05-19 21:48:52,42.399585723877,-8.92167663574219,"Female"
"9004151",371994,2025-05-19 21:53:49,42.4006195068359,-8.92033386230469,"Female"
"9004151",371994,2025-05-19 21:58:46,42.3999671936035,-8.92119026184082,"Female"
"9004151",371994,2025-05-19 22:03:52,42.4004554748535,-8.92043876647949,"Female"
"9004151",371994,2025-05-19 22:08:55,42.4003868103027,-8.92064666748047,"Female"
"9004151",371994,2025-05-19 22:14:07,42.4003982543945,-8.92055988311768,"Female"
"9004151",371994,2025-05-19 22:18:49,42.4001884460449,-8.92085075378418,"Female"
"9004151",371994,2025-05-19 22:23:46,42.4002113342285,-8.92085933685303,"Female"
"9004151",371994,2025-05-19 22:28:59,42.4001808166504,-8.92060852050781,"Female"
"9004151",371994,2025-05-19 22:33:49,42.4002685546875,-8.92080688476562,"Female"
"9004151",371994,2025-05-19 22:38:56,42.4000625610352,-8.92067718505859,"Female"
"9004151",371994,2025-05-19 22:43:47,42.4001350402832,-8.92117404937744,"Female"
"9004151",371994,2025-05-19 22:48:52,42.3997611999512,-8.92064762115479,"Female"
"9004151",371994,2025-05-19 22:53:56,42.4001502990723,-8.92099571228027,"Female"
"9004151",371994,2025-05-19 22:58:47,42.4007873535156,-8.92232894897461,"Female"
"9004151",371994,2025-05-19 23:03:54,42.400203704834,-8.92098236083984,"Female"
"9004151",371994,2025-05-19 23:09:14,42.4004402160645,-8.92093753814697,"Female"
"9004151",371994,2025-05-19 23:13:46,42.4000816345215,-8.9215087890625,"Female"
"9004151",371994,2025-05-19 23:18:52,42.4003944396973,-8.92062187194824,"Female"
"9004151",371994,2025-05-19 23:23:46,42.4000129699707,-8.92073822021484,"Female"
"9004151",371994,2025-05-19 23:28:51,42.4004020690918,-8.92158699035645,"Female"
"9004151",371994,2025-05-19 23:33:46,42.4005508422852,-8.91987895965576,"Female"
"9004151",371994,2025-05-19 23:38:54,42.4003715515137,-8.9215145111084,"Female"
"9004151",371994,2025-05-19 23:43:58,42.4002799987793,-8.92209053039551,"Female"
"9004151",371994,2025-05-19 23:50:05,42.400520324707,-8.92069244384766,"Female"
"9004151",371994,2025-05-19 23:53:44,42.4005508422852,-8.92096138000488,"Female"
"9004151",371994,2025-05-19 23:58:52,42.4000434875488,-8.92206382751465,"Female"
"9004151",371994,2025-05-20 00:03:46,42.4021682739258,-8.92239856719971,"Female"
"9004151",371994,2025-05-20 00:08:53,42.4003639221191,-8.92115783691406,"Female"
"9004151",371994,2025-05-20 00:13:46,42.4013519287109,-8.92162227630615,"Female"
"9004151",371994,2025-05-20 00:18:53,42.4001350402832,-8.92141056060791,"Female"
"9004151",371994,2025-05-20 00:23:46,42.4001884460449,-8.92144870758057,"Female"
"9004151",371994,2025-05-20 00:28:52,42.4003944396973,-8.92088985443115,"Female"
"9004151",371994,2025-05-20 00:33:47,42.4002571105957,-8.92081165313721,"Female"
"9004151",371994,2025-05-20 00:38:54,42.400562286377,-8.92080116271973,"Female"
"9004151",371994,2025-05-20 00:43:46,42.3992233276367,-8.92061710357666,"Female"
"9004151",371994,2025-05-20 00:48:55,42.3999519348145,-8.92126655578613,"Female"
"9004151",371994,2025-05-20 00:54:04,42.4002990722656,-8.92116451263428,"Female"
"9004151",371994,2025-05-20 00:58:43,42.4002342224121,-8.92119884490967,"Female"
"9004151",371994,2025-05-20 01:03:45,42.4002952575684,-8.92102909088135,"Female"
"9004151",371994,2025-05-20 01:08:47,42.4005584716797,-8.92105388641357,"Female"
"9004151",371994,2025-05-20 01:13:53,42.4003410339355,-8.92112731933594,"Female"
"9004151",371994,2025-05-20 01:18:48,42.4003753662109,-8.92108154296875,"Female"
"9004151",371994,2025-05-20 01:24:01,42.4004096984863,-8.92106437683105,"Female"
"9004151",371994,2025-05-20 01:28:47,42.4003715515137,-8.92105674743652,"Female"
"9004151",371994,2025-05-20 01:33:43,42.4003982543945,-8.92116737365723,"Female"
"9004151",371994,2025-05-20 01:38:43,42.4003944396973,-8.92100429534912,"Female"
"9004151",371994,2025-05-20 01:43:43,42.4003410339355,-8.92118358612061,"Female"
"9004151",371994,2025-05-20 01:48:44,42.4004325866699,-8.92107486724854,"Female"
"9004151",371994,2025-05-20 01:53:43,42.4004211425781,-8.92109203338623,"Female"
"9004151",371994,2025-05-20 01:58:43,42.4003219604492,-8.92117691040039,"Female"
"9004151",371994,2025-05-20 02:03:43,42.4003868103027,-8.92107963562012,"Female"
"9004151",371994,2025-05-20 02:08:43,42.4004325866699,-8.92108345031738,"Female"
"9004151",371994,2025-05-20 02:13:43,42.4004516601562,-8.92110729217529,"Female"
"9004151",371994,2025-05-20 02:18:46,42.400318145752,-8.92111396789551,"Female"
"9004151",371994,2025-05-20 02:23:47,42.4003944396973,-8.92108058929443,"Female"
"9004151",371994,2025-05-20 02:28:43,42.4001083374023,-8.92123794555664,"Female"
"9004151",371994,2025-05-20 02:33:46,42.3999786376953,-8.92086887359619,"Female"
"9004151",371994,2025-05-20 02:38:46,42.4004974365234,-8.92129993438721,"Female"
"9004151",371994,2025-05-20 02:43:47,42.3998680114746,-8.92114925384521,"Female"
"9004151",371994,2025-05-20 02:48:45,42.4000396728516,-8.92094421386719,"Female"
"9004151",371994,2025-05-20 02:53:55,42.3994827270508,-8.92189979553223,"Female"
"9004151",371994,2025-05-20 02:58:46,42.3996086120605,-8.92182731628418,"Female"
"9004151",371994,2025-05-20 03:03:46,42.3999214172363,-8.92159843444824,"Female"
"9004151",371994,2025-05-20 03:09:05,42.4003829956055,-8.92105197906494,"Female"
"9004151",371994,2025-05-20 03:13:43,42.4002647399902,-8.92127799987793,"Female"
"9004151",371994,2025-05-20 03:18:45,42.4002647399902,-8.92119312286377,"Female"
"9004151",371994,2025-05-20 03:23:48,42.4002304077148,-8.92099952697754,"Female"
"9004151",371994,2025-05-20 03:28:43,42.4001121520996,-8.92119026184082,"Female"
"9004151",371994,2025-05-20 03:33:46,42.4000701904297,-8.92114067077637,"Female"
"9004151",371994,2025-05-20 03:38:46,42.4001426696777,-8.92111301422119,"Female"
"9004151",371994,2025-05-20 03:43:46,42.4001083374023,-8.92123126983643,"Female"
"9004151",371994,2025-05-20 03:48:46,42.400032043457,-8.92140674591064,"Female"
"9004151",371994,2025-05-20 03:53:52,42.3999443054199,-8.92152881622314,"Female"
"9004151",371994,2025-05-20 03:58:57,42.3997917175293,-8.92179012298584,"Female"
"9004151",371994,2025-05-20 04:04:06,42.3998260498047,-8.92172241210938,"Female"
"9004151",371994,2025-05-20 04:09:23,42.4005355834961,-8.9210958480835,"Female"
"9004151",371994,2025-05-20 04:13:43,42.4001312255859,-8.92187309265137,"Female"
"9004151",371994,2025-05-20 04:18:43,42.4002380371094,-8.92169952392578,"Female"
"9004151",371994,2025-05-20 04:23:45,42.3999633789062,-8.92229843139648,"Female"
"9004151",371994,2025-05-20 04:28:45,42.3998794555664,-8.92247104644775,"Female"
"9004151",371994,2025-05-20 04:33:45,42.3998374938965,-8.92243957519531,"Female"
"9004151",371994,2025-05-20 04:38:57,42.4005088806152,-8.92131996154785,"Female"
"9004151",371994,2025-05-20 04:43:44,42.3998870849609,-8.92232036590576,"Female"
"9004151",371994,2025-05-20 04:48:46,42.4002265930176,-8.92162609100342,"Female"
"9004151",371994,2025-05-20 04:53:47,42.400333404541,-8.92151546478271,"Female"
"9004151",371994,2025-05-20 04:58:47,42.4003791809082,-8.92154598236084,"Female"
"9004151",371994,2025-05-20 05:03:46,42.4002342224121,-8.92161464691162,"Female"
"9004151",371994,2025-05-20 05:08:54,42.4004974365234,-8.92138862609863,"Female"
"9004151",371994,2025-05-20 05:14:14,42.400447845459,-8.9213924407959,"Female"
"9004151",371994,2025-05-20 05:18:43,42.3999290466309,-8.92158985137939,"Female"
"9004151",371994,2025-05-20 05:23:43,42.3999214172363,-8.92159461975098,"Female"
"9004151",371994,2025-05-20 05:28:43,42.4000129699707,-8.9216480255127,"Female"
"9004151",371994,2025-05-20 05:33:43,42.4001350402832,-8.9216365814209,"Female"
"9004151",371994,2025-05-20 05:38:45,42.4003410339355,-8.92109775543213,"Female"
"9004151",371994,2025-05-20 05:43:44,42.4004516601562,-8.92100429534912,"Female"
"9004151",371994,2025-05-20 05:49:03,42.4004516601562,-8.92101287841797,"Female"
"9004151",371994,2025-05-20 05:53:45,42.4004402160645,-8.92105865478516,"Female"
"9004151",371994,2025-05-20 05:58:45,42.4003982543945,-8.92103099822998,"Female"
"9004151",371994,2025-05-20 06:03:45,42.4004707336426,-8.92086029052734,"Female"
"9004151",371994,2025-05-20 06:08:46,42.4004936218262,-8.92098426818848,"Female"
"9004151",371994,2025-05-20 06:13:44,42.4004783630371,-8.92088413238525,"Female"
"9004151",371994,2025-05-20 06:18:48,42.4001235961914,-8.92123126983643,"Female"
"9004151",371994,2025-05-20 06:24:06,42.4004516601562,-8.92099380493164,"Female"
"9004151",371994,2025-05-20 06:28:51,42.4003257751465,-8.92107963562012,"Female"
"9004151",371994,2025-05-20 06:33:55,42.4003486633301,-8.92108154296875,"Female"
"9004151",371994,2025-05-20 06:38:58,42.4002838134766,-8.92117118835449,"Female"
"9004151",371994,2025-05-20 06:44:14,42.4003639221191,-8.92110729217529,"Female"
"9004151",371994,2025-05-20 06:48:45,42.4003715515137,-8.92117786407471,"Female"
"9004151",371994,2025-05-20 06:53:45,42.4004402160645,-8.92103290557861,"Female"
"9004151",371994,2025-05-20 06:58:45,42.4004058837891,-8.92113208770752,"Female"
"9004151",371994,2025-05-20 07:03:45,42.4004249572754,-8.92100143432617,"Female"
"9004151",371994,2025-05-20 07:08:43,42.4004211425781,-8.92115020751953,"Female"
"9004151",371994,2025-05-20 07:13:45,42.400390625,-8.92117214202881,"Female"
"9004151",371994,2025-05-20 07:18:54,42.4003753662109,-8.92113876342773,"Female"
"9004151",371994,2025-05-20 07:23:43,42.4005126953125,-8.92085838317871,"Female"
"9004151",371994,2025-05-20 07:28:43,42.4004707336426,-8.92075347900391,"Female"
"9004151",371994,2025-05-20 07:33:56,42.4002914428711,-8.92102432250977,"Female"
"9004151",371994,2025-05-20 07:38:43,42.4008255004883,-8.92081165313721,"Female"
"9004151",371994,2025-05-20 07:43:43,42.4003753662109,-8.92052173614502,"Female"
"9004151",371994,2025-05-20 07:48:43,42.4001235961914,-8.9208517074585,"Female"
"9004151",371994,2025-05-20 07:53:44,42.4000625610352,-8.92079734802246,"Female"
"9004151",371994,2025-05-20 07:58:43,42.4002075195312,-8.92094326019287,"Female"
"9004151",371994,2025-05-20 08:04:03,42.4002685546875,-8.92113971710205,"Female"
"9004151",371994,2025-05-20 08:08:44,42.4003410339355,-8.92097663879395,"Female"
"9004151",371994,2025-05-20 08:13:43,42.4003219604492,-8.92112159729004,"Female"
"9004151",371994,2025-05-20 08:18:43,42.4002990722656,-8.92109870910645,"Female"
"9004151",371994,2025-05-20 08:23:44,42.3964920043945,-8.92700862884521,"Female"
"9004151",371994,2025-05-20 08:29:15,42.3950691223145,-8.9275484085083,"Female"
"9004151",371994,2025-05-20 08:33:46,42.3950462341309,-8.92775058746338,"Female"
"9004151",371994,2025-05-20 08:38:45,42.3950843811035,-8.92724132537842,"Female"
"9004151",371994,2025-05-20 08:44:29,42.4155387878418,-8.91215991973877,"Female"
"9004151",371994,2025-05-20 08:48:43,42.4161796569824,-8.91199684143066,"Female"
"9004151",371994,2025-05-20 08:53:43,42.4170303344727,-8.91125869750977,"Female"
"9004151",371994,2025-05-20 08:58:43,42.4369201660156,-8.89999485015869,"Female"
"9004151",371994,2025-05-20 09:03:52,42.4380874633789,-8.90041065216064,"Female"
"9004151",371994,2025-05-20 09:08:51,42.4392318725586,-8.90084552764893,"Female"
"9004151",371994,2025-05-20 09:14:09,42.4393615722656,-8.90089702606201,"Female"
"9004151",371994,2025-05-20 09:19:09,42.4394683837891,-8.90211296081543,"Female"
"9004151",371994,2025-05-20 09:24:09,42.4400024414062,-8.90334224700928,"Female"
"9004151",371994,2025-05-20 09:29:09,42.4405899047852,-8.90537738800049,"Female"
"9004151",371994,2025-05-20 09:34:16,42.4409332275391,-8.90699768066406,"Female"
"9004151",371994,2025-05-20 09:39:17,42.4412574768066,-8.90837097167969,"Female"
"9004151",371994,2025-05-20 09:44:17,42.443790435791,-8.91392612457275,"Female"
"9004151",371994,2025-05-20 09:49:16,42.4710502624512,-8.94151782989502,"Female"
"9004151",371994,2025-05-20 09:54:25,42.5008430480957,-8.90057945251465,"Female"
"9004151",371994,2025-05-20 09:59:19,42.5271415710449,-8.85917663574219,"Female"
"9004151",371994,2025-05-20 10:04:17,42.5350303649902,-8.85369396209717,"Female"
"9004151",371994,2025-05-20 10:10:08,42.5358200073242,-8.85199642181396,"Female"
"9004151",371994,2025-05-20 10:15:09,42.5360794067383,-8.84989738464355,"Female"
"9004151",371994,2025-05-20 10:20:07,42.536979675293,-8.84808254241943,"Female"
"9004151",371994,2025-05-20 10:25:07,42.5368461608887,-8.84839820861816,"Female"
"9004151",371994,2025-05-20 10:30:39,42.5365257263184,-8.84896945953369,"Female"
"9004151",371994,2025-05-20 10:37:22,42.5366477966309,-8.84816455841064,"Female"
"9004151",371994,2025-05-20 10:42:20,42.5375213623047,-8.84810829162598,"Female"
"9004151",371994,2025-05-20 10:47:36,42.5377311706543,-8.84766292572021,"Female"
"9004151",371994,2025-05-20 10:53:01,42.5377769470215,-8.84680652618408,"Female"
"9004151",371994,2025-05-20 10:58:43,42.5369300842285,-8.8475923538208,"Female"
"9004151",371994,2025-05-20 11:03:48,42.5371398925781,-8.84775638580322,"Female"
"9004151",371994,2025-05-20 11:09:40,42.535774230957,-8.84802150726318,"Female"
"9004151",371994,2025-05-20 11:14:37,42.5350532531738,-8.84670257568359,"Female"
"9004151",371994,2025-05-20 11:19:55,42.534595489502,-8.8475170135498,"Female"
"9004151",371994,2025-05-20 11:25:30,42.5339317321777,-8.84942531585693,"Female"
"9004151",371994,2025-05-20 11:36:05,42.5318260192871,-8.85040950775146,"Female"
"9004151",371994,2025-05-20 11:41:01,42.5304145812988,-8.85066032409668,"Female"
"9004151",371994,2025-05-20 11:46:00,42.5289459228516,-8.85034942626953,"Female"
"9004151",371994,2025-05-20 11:51:01,42.5281219482422,-8.85008716583252,"Female"
"9004151",371994,2025-05-20 11:56:00,42.5262413024902,-8.8473014831543,"Female"
"9004151",371994,2025-05-20 12:01:00,42.5261993408203,-8.84726142883301,"Female"
"9004151",371994,2025-05-20 12:06:00,42.5261611938477,-8.84713745117188,"Female"
"9004151",371994,2025-05-20 12:11:03,42.5261306762695,-8.84708786010742,"Female"
"9004151",371994,2025-05-20 12:16:01,42.5262107849121,-8.84716510772705,"Female"
"9004151",371994,2025-05-20 12:21:01,42.5261497497559,-8.84727001190186,"Female"
"9004151",371994,2025-05-20 12:26:02,42.526180267334,-8.84728050231934,"Female"
"9004151",371994,2025-05-20 12:31:11,42.5261993408203,-8.84719467163086,"Female"
"9004151",371994,2025-05-20 12:36:00,42.5262641906738,-8.84732055664062,"Female"
"9004151",371994,2025-05-20 12:41:00,42.5262031555176,-8.84711933135986,"Female"
"9004151",371994,2025-05-20 12:46:02,42.5261688232422,-8.84758853912354,"Female"
"9004151",371994,2025-05-20 12:51:07,42.5261421203613,-8.84727478027344,"Female"
"9004151",371994,2025-05-20 12:56:06,42.5261535644531,-8.84729766845703,"Female"
"9004151",371994,2025-05-20 13:01:04,42.5261383056641,-8.84738063812256,"Female"
"9004151",371994,2025-05-20 13:06:06,42.5261535644531,-8.84730815887451,"Female"
"9004151",371994,2025-05-20 13:11:14,42.5261497497559,-8.84725856781006,"Female"
"9004151",371994,2025-05-20 13:16:08,42.526252746582,-8.84698486328125,"Female"
"9004151",371994,2025-05-20 13:21:14,42.526065826416,-8.84728717803955,"Female"
"9004151",371994,2025-05-20 13:26:03,42.5261459350586,-8.84719848632812,"Female"
"9004151",371994,2025-05-20 13:31:01,42.5261001586914,-8.84722232818604,"Female"
"9004151",371994,2025-05-20 13:36:02,42.5261993408203,-8.8472785949707,"Female"
"9004151",371994,2025-05-20 13:41:06,42.5261535644531,-8.84717178344727,"Female"
"9004151",371994,2025-05-20 13:46:35,42.5261726379395,-8.84710693359375,"Female"
"9004151",371994,2025-05-20 13:51:01,42.5263404846191,-8.84736919403076,"Female"
"9004151",371994,2025-05-20 13:56:00,42.5261993408203,-8.84716606140137,"Female"
"9004151",371994,2025-05-20 14:01:00,42.5262641906738,-8.84743404388428,"Female"
"9004151",371994,2025-05-20 14:06:00,42.5262260437012,-8.84724617004395,"Female"
"9004151",371994,2025-05-20 14:11:01,42.5262565612793,-8.84748268127441,"Female"
"9004151",371994,2025-05-20 14:16:00,42.5262451171875,-8.84731769561768,"Female"
"9004151",371994,2025-05-20 14:21:10,42.5307540893555,-8.85114765167236,"Female"
"9004151",371994,2025-05-20 14:26:25,42.5324974060059,-8.85066604614258,"Female"
"9004151",371994,2025-05-20 14:32:01,42.5330505371094,-8.85169982910156,"Female"
"9004151",371994,2025-05-20 14:37:31,42.5336685180664,-8.85120868682861,"Female"
"9004151",371994,2025-05-20 14:42:37,42.5346031188965,-8.85072326660156,"Female"
"9004151",371994,2025-05-20 14:47:38,42.533519744873,-8.85082912445068,"Female"
"9004151",371994,2025-05-20 14:53:01,42.5339851379395,-8.84896278381348,"Female"
"9004151",371994,2025-05-20 14:58:00,42.5326385498047,-8.84991359710693,"Female"
"9004151",371994,2025-05-20 15:03:01,42.5317001342773,-8.85058212280273,"Female"
"9004151",371994,2025-05-20 15:08:03,42.5304336547852,-8.85065841674805,"Female"
"9004151",371994,2025-05-20 15:13:01,42.5295066833496,-8.85077571868896,"Female"
"9004151",371994,2025-05-20 15:18:28,42.5285339355469,-8.85173892974854,"Female"
"9004151",371994,2025-05-20 15:23:27,42.5262565612793,-8.84716320037842,"Female"
"9004151",371994,2025-05-20 15:28:28,42.5262756347656,-8.84715461730957,"Female"
"9004151",371994,2025-05-20 15:33:27,42.5263023376465,-8.84716415405273,"Female"
"9004151",371994,2025-05-20 15:42:34,42.526294708252,-8.84720802307129,"Female"
"9004151",371994,2025-05-20 15:47:33,42.5262718200684,-8.84716987609863,"Female"
"9004151",371994,2025-05-20 15:52:34,42.5263214111328,-8.84718799591064,"Female"
"9004151",371994,2025-05-20 15:57:36,42.5263214111328,-8.84716796875,"Female"
"9004151",371994,2025-05-20 16:02:35,42.5262451171875,-8.84713554382324,"Female"
"9004151",371994,2025-05-20 16:07:36,42.5262908935547,-8.84711837768555,"Female"
"9004151",371994,2025-05-20 16:12:36,42.5262756347656,-8.84711170196533,"Female"
"9004151",371994,2025-05-20 16:17:36,42.5262756347656,-8.8471622467041,"Female"
"9004151",371994,2025-05-20 16:22:36,42.5262908935547,-8.84719562530518,"Female"
"9004151",371994,2025-05-20 16:27:38,42.5263061523438,-8.84708404541016,"Female"
"9004151",371994,2025-05-20 16:32:36,42.5262985229492,-8.84727191925049,"Female"
"9004151",371994,2025-05-20 16:37:37,42.5262756347656,-8.84724044799805,"Female"
"9004151",371994,2025-05-20 16:42:39,42.5263328552246,-8.84721374511719,"Female"
"9004151",371994,2025-05-20 16:47:38,42.5263595581055,-8.84737300872803,"Female"
"9004151",371994,2025-05-20 16:53:05,42.526294708252,-8.84714221954346,"Female"
"9004151",371994,2025-05-20 16:57:34,42.526294708252,-8.84711265563965,"Female"
"9004151",371994,2025-05-20 17:02:34,42.5306053161621,-8.84913063049316,"Female"
"9004151",371994,2025-05-20 17:07:34,42.5333099365234,-8.85144138336182,"Female"
"9004151",371994,2025-05-20 17:12:36,42.5348472595215,-8.84754371643066,"Female"
"9004151",371994,2025-05-20 17:17:49,42.5360946655273,-8.84724140167236,"Female"
"9004151",371994,2025-05-20 17:22:52,42.537036895752,-8.84791564941406,"Female"
"9004151",371994,2025-05-20 17:28:03,42.5381278991699,-8.84708023071289,"Female"
"9004151",371994,2025-05-20 17:33:04,42.5382385253906,-8.84848785400391,"Female"
"9004151",371994,2025-05-20 17:38:06,42.5386657714844,-8.84961128234863,"Female"
"9004151",371994,2025-05-20 17:43:03,42.5395317077637,-8.84863471984863,"Female"
"9004151",371994,2025-05-20 17:48:03,42.5401191711426,-8.84705448150635,"Female"
"9004151",371994,2025-05-20 17:53:18,42.5411109924316,-8.84643650054932,"Female"
"9004151",371994,2025-05-20 17:58:18,42.5406913757324,-8.84729957580566,"Female"
"9004151",371994,2025-05-20 18:03:18,42.5395660400391,-8.84643840789795,"Female"
"9004151",371994,2025-05-20 18:08:22,42.5392913818359,-8.84841823577881,"Female"
"9004151",371994,2025-05-20 18:13:52,42.5380058288574,-8.8485107421875,"Female"
"9004151",371994,2025-05-20 18:18:50,42.5366821289062,-8.84850883483887,"Female"
"9004151",371994,2025-05-20 18:28:19,42.5347061157227,-8.84916305541992,"Female"
"9004151",371994,2025-05-20 18:34:43,42.5358963012695,-8.84929275512695,"Female"
"9004151",371994,2025-05-20 18:43:09,42.5356636047363,-8.85036849975586,"Female"
"9004151",371994,2025-05-20 18:50:37,42.5337409973145,-8.85120677947998,"Female"
"9004151",371994,2025-05-20 18:56:12,42.5325965881348,-8.8519344329834,"Female"
"9004151",371994,2025-05-20 19:01:05,42.5317192077637,-8.85274887084961,"Female"
"9004151",371994,2025-05-20 19:06:09,42.5247573852539,-8.85414600372314,"Female"
"9004151",371994,2025-05-20 19:11:09,42.5247535705566,-8.85415267944336,"Female"
"9004151",371994,2025-05-20 19:16:09,42.5234565734863,-8.85918426513672,"Female"
"9004151",371994,2025-05-20 19:21:06,42.5120620727539,-8.89740657806396,"Female"
"9004151",371994,2025-05-20 19:26:07,42.4904403686523,-8.92964553833008,"Female"
"9004151",371994,2025-05-20 19:31:11,42.4806518554688,-8.93653106689453,"Female"
"9004151",371994,2025-05-20 19:36:14,42.4454803466797,-8.93855857849121,"Female"
"9004151",371994,2025-05-20 19:41:15,42.4000968933105,-8.92137432098389,"Female"
"9004151",371994,2025-05-20 19:46:53,42.400447845459,-8.92105674743652,"Female"
"9004151",371994,2025-05-20 19:51:02,42.4003448486328,-8.92117786407471,"Female"
"9004151",371994,2025-05-20 19:56:05,42.4004516601562,-8.92111778259277,"Female"
"9004151",371994,2025-05-20 20:01:04,42.4004173278809,-8.9210844039917,"Female"
"9004151",371994,2025-05-20 20:06:05,42.4003791809082,-8.9210786819458,"Female"
"9004151",371994,2025-05-20 20:11:08,42.4004135131836,-8.921067237854,"Female"
"9004151",371994,2025-05-20 20:16:14,42.4004058837891,-8.92111682891846,"Female"
"9004151",371994,2025-05-20 20:21:01,42.4005012512207,-8.92110729217529,"Female"
"9004151",371994,2025-05-20 20:26:03,42.4004898071289,-8.92101860046387,"Female"
"9004151",371994,2025-05-20 20:31:13,42.4003601074219,-8.92124176025391,"Female"
"9004151",371994,2025-05-20 20:36:12,42.4002990722656,-8.92130661010742,"Female"
"9004151",371994,2025-05-20 20:41:04,42.4001922607422,-8.92121410369873,"Female"
"9004151",371994,2025-05-20 20:46:04,42.4003982543945,-8.92099666595459,"Female"
"9004151",371994,2025-05-20 20:51:08,42.4004974365234,-8.92098236083984,"Female"
"9004151",371994,2025-05-20 20:56:07,42.3988571166992,-8.92093658447266,"Female"
"9004151",371994,2025-05-20 21:01:04,42.4004745483398,-8.92102527618408,"Female"
"9004151",371994,2025-05-20 21:06:04,42.4004402160645,-8.92119026184082,"Female"
"9004151",371994,2025-05-20 21:11:09,42.4004821777344,-8.92096710205078,"Female"
"9004151",371994,2025-05-20 21:16:04,42.4004859924316,-8.92110157012939,"Female"
"9004151",371994,2025-05-20 21:21:05,42.4004821777344,-8.92100429534912,"Female"
"9004151",371994,2025-05-20 21:26:14,42.4003868103027,-8.92123126983643,"Female"
"9004151",371994,2025-05-20 21:31:04,42.4003715515137,-8.92113399505615,"Female"
"9004151",371994,2025-05-20 21:36:07,42.4004554748535,-8.92100620269775,"Female"
"9004151",371994,2025-05-20 21:41:08,42.400463104248,-8.92099189758301,"Female"
"9004151",371994,2025-05-20 21:46:17,42.4005126953125,-8.92100715637207,"Female"
"9004151",371994,2025-05-20 21:51:07,42.4002990722656,-8.92138481140137,"Female"
"9004151",371994,2025-05-20 21:56:21,42.4001502990723,-8.92147922515869,"Female"
"9004151",371994,2025-05-20 22:02:13,42.4003143310547,-8.92123031616211,"Female"
"9004151",371994,2025-05-20 22:06:01,42.4003486633301,-8.92116832733154,"Female"
"9004151",371994,2025-05-20 22:11:04,42.4003486633301,-8.92123317718506,"Female"
"9004151",371994,2025-05-20 22:16:02,42.4003791809082,-8.92108821868896,"Female"
"9004151",371994,2025-05-20 22:21:02,42.400333404541,-8.92103290557861,"Female"
"9004151",371994,2025-05-20 22:26:03,42.4004020690918,-8.92110347747803,"Female"
"9004151",371994,2025-05-20 22:31:02,42.400390625,-8.92097091674805,"Female"
"9004151",371994,2025-05-20 22:36:02,42.4003562927246,-8.92106437683105,"Female"
"9004151",371994,2025-05-20 22:41:02,42.4003410339355,-8.92099285125732,"Female"
"9004151",371994,2025-05-20 22:46:03,42.4004173278809,-8.9210033416748,"Female"
"9004151",371994,2025-05-20 22:51:02,42.4004211425781,-8.92066097259521,"Female"
"9004151",371994,2025-05-20 22:56:02,42.400447845459,-8.92095565795898,"Female"
"9004151",371994,2025-05-20 23:01:02,42.4004325866699,-8.92081451416016,"Female"
"9004151",371994,2025-05-20 23:06:10,42.400463104248,-8.92092037200928,"Female"
"9004151",371994,2025-05-20 23:11:06,42.4004173278809,-8.92099189758301,"Female"
"9004151",371994,2025-05-20 23:16:02,42.4003982543945,-8.92101192474365,"Female"
"9004151",371994,2025-05-20 23:21:02,42.4004516601562,-8.92091083526611,"Female"
"9004151",371994,2025-05-20 23:26:02,42.4003982543945,-8.92085933685303,"Female"
"9004151",371994,2025-05-20 23:31:02,42.4004440307617,-8.9209098815918,"Female"
"9004151",371994,2025-05-20 23:36:02,42.4004249572754,-8.92093467712402,"Female"
"9004151",371994,2025-05-20 23:41:02,42.4004096984863,-8.92088603973389,"Female"
"9004151",371994,2025-05-20 23:46:02,42.4003791809082,-8.92095565795898,"Female"
"9004151",371994,2025-05-20 23:51:05,42.4004058837891,-8.92088603973389,"Female"
"9004151",371994,2025-05-20 23:56:04,42.4004020690918,-8.9210090637207,"Female"
"9004151",371994,2025-05-21 00:01:03,42.4004592895508,-8.92088031768799,"Female"
"9004151",371994,2025-05-21 00:06:08,42.4003829956055,-8.92094230651855,"Female"
"9004151",371994,2025-05-21 00:11:04,42.4004173278809,-8.92097759246826,"Female"
"9004151",371994,2025-05-21 00:16:04,42.4003448486328,-8.92100048065186,"Female"
"9004151",371994,2025-05-21 00:21:04,42.4003067016602,-8.9209623336792,"Female"
"9004151",371994,2025-05-21 00:26:06,42.4002723693848,-8.92101383209229,"Female"
"9004151",371994,2025-05-21 00:31:27,42.4001617431641,-8.92106819152832,"Female"
"9004151",371994,2025-05-21 00:36:03,42.3990669250488,-8.92023754119873,"Female"
"9004151",371994,2025-05-21 00:41:12,42.4000663757324,-8.92117500305176,"Female"
"9004151",371994,2025-05-21 00:46:07,42.3999824523926,-8.92144107818604,"Female"
"9004151",371994,2025-05-21 00:51:35,42.4001045227051,-8.92123794555664,"Female"
"9004151",371994,2025-05-21 00:56:04,42.4006576538086,-8.92127799987793,"Female"
"9004151",371994,2025-05-21 01:01:04,42.4005355834961,-8.92129802703857,"Female"
"9004151",371994,2025-05-21 01:06:11,42.4005393981934,-8.92118263244629,"Female"
"9004151",371994,2025-05-21 01:11:16,42.4004669189453,-8.92117214202881,"Female"
"9004151",371994,2025-05-21 01:16:06,42.4004898071289,-8.92108249664307,"Female"
"9004151",371994,2025-05-21 01:21:04,42.4004173278809,-8.92118072509766,"Female"
"9004151",371994,2025-05-21 01:26:03,42.399227142334,-8.92114448547363,"Female"
"9004151",371994,2025-05-21 01:31:09,42.4003753662109,-8.92101001739502,"Female"
"9004151",371994,2025-05-21 01:36:02,42.4000205993652,-8.92093563079834,"Female"
"9004151",371994,2025-05-21 01:41:09,42.4003868103027,-8.92103576660156,"Female"
"9004151",371994,2025-05-21 01:46:02,42.400089263916,-8.92098712921143,"Female"
"9004151",371994,2025-05-21 01:51:13,42.4004096984863,-8.92092514038086,"Female"
"9004151",371994,2025-05-21 01:56:02,42.4009208679199,-8.92098617553711,"Female"
"9004151",371994,2025-05-21 02:01:09,42.4003944396973,-8.92099475860596,"Female"
"9004151",371994,2025-05-21 02:06:02,42.4004516601562,-8.92099189758301,"Female"
"9004151",371994,2025-05-21 02:11:09,42.4003601074219,-8.92103576660156,"Female"
"9004151",371994,2025-05-21 02:16:01,42.4006385803223,-8.92104816436768,"Female"
"9004151",371994,2025-05-21 02:21:09,42.4003982543945,-8.92102527618408,"Female"
"9004151",371994,2025-05-21 02:26:02,42.4004287719727,-8.92099094390869,"Female"
"9004151",371994,2025-05-21 02:31:09,42.4004058837891,-8.92101669311523,"Female"
"9004151",371994,2025-05-21 02:36:02,42.4005928039551,-8.9210958480835,"Female"
"9004151",371994,2025-05-21 02:41:09,42.4003028869629,-8.92114448547363,"Female"
"9004151",371994,2025-05-21 02:46:12,42.4003486633301,-8.92106151580811,"Female"
"9004151",371994,2025-05-21 02:51:06,42.4002304077148,-8.92107200622559,"Female"
"9004151",371994,2025-05-21 02:56:03,42.4002990722656,-8.92106056213379,"Female"
"9004151",371994,2025-05-21 03:01:09,42.4004516601562,-8.92093658447266,"Female"
"9004151",371994,2025-05-21 03:06:03,42.4004516601562,-8.92108154296875,"Female"
"9004151",371994,2025-05-21 03:11:35,42.4004821777344,-8.92094612121582,"Female"
"9004151",371994,2025-05-21 03:16:02,42.4004669189453,-8.92076873779297,"Female"
"9004151",371994,2025-05-21 03:21:01,42.4005432128906,-8.92098617553711,"Female"
"9004151",371994,2025-05-21 03:26:01,42.4004135131836,-8.92080783843994,"Female"
"9004151",371994,2025-05-21 03:31:01,42.4004058837891,-8.92084312438965,"Female"
"9004151",371994,2025-05-21 03:36:02,42.4004211425781,-8.92078971862793,"Female"
"9004151",371994,2025-05-21 03:41:02,42.4004783630371,-8.92085552215576,"Female"
"9004151",371994,2025-05-21 03:46:06,42.400505065918,-8.92092132568359,"Female"
"9004151",371994,2025-05-21 03:51:03,42.4004211425781,-8.92089366912842,"Female"
"9004151",371994,2025-05-21 03:56:34,42.400463104248,-8.9209508895874,"Female"
"9004151",371994,2025-05-21 04:01:06,42.4004211425781,-8.92107963562012,"Female"
"9004151",371994,2025-05-21 04:06:14,42.4004783630371,-8.92096519470215,"Female"
"9004151",371994,2025-05-21 04:11:01,42.4004821777344,-8.92091369628906,"Female"
"9004151",371994,2025-05-21 04:16:01,42.4004364013672,-8.92103672027588,"Female"
"9004151",371994,2025-05-21 04:21:01,42.4004516601562,-8.92107105255127,"Female"
"9004151",371994,2025-05-21 04:26:01,42.4003944396973,-8.92096710205078,"Female"
"9004151",371994,2025-05-21 04:31:01,42.4005126953125,-8.92108345031738,"Female"
"9004151",371994,2025-05-21 04:36:01,42.4004859924316,-8.92106819152832,"Female"
"9004151",371994,2025-05-21 04:41:01,42.4004516601562,-8.92113780975342,"Female"
"9004151",371994,2025-05-21 04:46:02,42.4003639221191,-8.92107963562012,"Female"
"9004151",371994,2025-05-21 04:51:02,42.400447845459,-8.92102336883545,"Female"
"9004151",371994,2025-05-21 04:56:02,42.4003524780273,-8.92096900939941,"Female"
"9004151",371994,2025-05-21 05:01:03,42.4004936218262,-8.9210205078125,"Female"
"9004151",371994,2025-05-21 05:06:03,42.4003372192383,-8.92089080810547,"Female"
"9004151",371994,2025-05-21 05:11:01,42.4004783630371,-8.92116737365723,"Female"
"9004151",371994,2025-05-21 05:16:02,42.4004592895508,-8.92105197906494,"Female"
"9004151",371994,2025-05-21 05:21:02,42.4004707336426,-8.92132377624512,"Female"
"9004151",371994,2025-05-21 05:26:03,42.4005012512207,-8.92116355895996,"Female"
"9004151",371994,2025-05-21 05:31:02,42.4004936218262,-8.9212064743042,"Female"
"9004151",371994,2025-05-21 05:36:03,42.4004592895508,-8.92126560211182,"Female"
"9004151",371994,2025-05-21 05:41:02,42.4004516601562,-8.92118835449219,"Female"
"9004151",371994,2025-05-21 05:46:02,42.4004936218262,-8.92117500305176,"Female"
"9004151",371994,2025-05-21 05:51:03,42.4005241394043,-8.92110157012939,"Female"
"9004151",371994,2025-05-21 05:56:03,42.400505065918,-8.92111682891846,"Female"
"9004151",371994,2025-05-21 06:01:03,42.4004821777344,-8.92120742797852,"Female"
"9004151",371994,2025-05-21 06:06:02,42.4005813598633,-8.92109107971191,"Female"
"9004151",371994,2025-05-21 06:11:06,42.4006690979004,-8.92098903656006,"Female"
"9004151",371994,2025-05-21 06:16:04,42.400463104248,-8.92130470275879,"Female"
"9004151",371994,2025-05-21 06:21:09,42.4002914428711,-8.92147254943848,"Female"
"9004151",371994,2025-05-21 06:26:07,42.400203704834,-8.92152118682861,"Female"
"9004151",371994,2025-05-21 06:31:17,42.4000816345215,-8.92168140411377,"Female"
"9004151",371994,2025-05-21 06:36:06,42.3997917175293,-8.92202472686768,"Female"
"9004151",371994,2025-05-21 06:41:37,42.4004669189453,-8.9211483001709,"Female"
"9004151",371994,2025-05-21 06:46:02,42.4006042480469,-8.92088794708252,"Female"
"9004151",371994,2025-05-21 06:51:04,42.4004859924316,-8.92089462280273,"Female"
"9004151",371994,2025-05-21 06:56:03,42.4004821777344,-8.92108154296875,"Female"
"9004151",371994,2025-05-21 07:01:04,42.4000396728516,-8.92087554931641,"Female"
"9004151",371994,2025-05-21 07:06:04,42.4000701904297,-8.920973777771,"Female"
"9004151",371994,2025-05-21 07:11:02,42.4004821777344,-8.92046642303467,"Female"
"9004151",371994,2025-05-21 07:16:44,42.4000968933105,-8.92112159729004,"Female"
"9004151",371994,2025-05-21 07:21:10,42.4003143310547,-8.92097663879395,"Female"
"9004151",371994,2025-05-21 07:26:07,42.4004898071289,-8.92079067230225,"Female"
"9004151",371994,2025-05-21 07:31:02,42.4006080627441,-8.92071723937988,"Female"
"9004151",371994,2025-05-21 07:36:03,42.4005317687988,-8.92076778411865,"Female"
"9004151",371994,2025-05-21 07:41:12,42.4007568359375,-8.92070579528809,"Female"
"9004151",371994,2025-05-21 07:46:02,42.4008636474609,-8.92046928405762,"Female"
"9004151",371994,2025-05-21 07:51:02,42.4010162353516,-8.92037963867188,"Female"
"9004151",371994,2025-05-21 07:56:02,42.4011611938477,-8.9217643737793,"Female"
"9004151",371994,2025-05-21 08:01:02,42.3979682922363,-8.92153358459473,"Female"
"9004151",371994,2025-05-21 08:06:02,42.3974266052246,-8.92096900939941,"Female"
"9004151",371994,2025-05-21 08:11:02,42.3988342285156,-8.92158985137939,"Female"
"9004151",371994,2025-05-21 08:16:01,42.3984756469727,-8.92160701751709,"Female"
"9004151",371994,2025-05-21 08:21:02,42.4007606506348,-8.92096424102783,"Female"
"9004151",371994,2025-05-21 08:26:02,42.4068946838379,-8.9230260848999,"Female"
"9004151",371994,2025-05-21 08:31:02,42.4392204284668,-8.93478775024414,"Female"
"9004151",371994,2025-05-21 08:36:02,42.4700546264648,-8.9426383972168,"Female"
"9004151",371994,2025-05-21 08:41:02,42.4916381835938,-8.9164342880249,"Female"
"9004151",371994,2025-05-21 08:46:02,42.5115928649902,-8.88089752197266,"Female"
"9004151",371994,2025-05-21 08:51:02,42.533275604248,-8.85338687896729,"Female"
"9004151",371994,2025-05-21 08:56:44,42.5332946777344,-8.85176944732666,"Female"
"9004151",371994,2025-05-21 09:02:28,42.5338897705078,-8.85058498382568,"Female"
"9004151",371994,2025-05-21 09:07:28,42.5369720458984,-8.85099792480469,"Female"
"9004151",371994,2025-05-21 09:12:48,42.5376396179199,-8.85063552856445,"Female"
"9004151",371994,2025-05-21 09:17:49,42.5383987426758,-8.84916591644287,"Female"
"9004151",371994,2025-05-21 09:23:26,42.5384826660156,-8.84733104705811,"Female"
"9004151",371994,2025-05-21 09:29:07,42.5388450622559,-8.84714984893799,"Female"
"9004151",371994,2025-05-21 09:34:21,42.5397529602051,-8.84817123413086,"Female"
"9004151",371994,2025-05-21 09:39:48,42.5399475097656,-8.84988117218018,"Female"
"9004151",371994,2025-05-21 09:45:04,42.5390625,-8.85142421722412,"Female"
"9004151",371994,2025-05-21 09:50:26,42.537971496582,-8.84961891174316,"Female"
"9004151",371994,2025-05-21 09:55:36,42.5369682312012,-8.84842395782471,"Female"
"9004151",371994,2025-05-21 10:00:59,42.5373992919922,-8.84752082824707,"Female"
"9004151",371994,2025-05-21 10:06:04,42.5362701416016,-8.84887504577637,"Female"
"9004151",371994,2025-05-21 10:11:04,42.5358772277832,-8.85020446777344,"Female"
"9004151",371994,2025-05-21 10:16:14,42.5343856811523,-8.85040855407715,"Female"
"9004151",371994,2025-05-21 10:21:23,42.5342826843262,-8.84999084472656,"Female"
"9004151",371994,2025-05-21 10:26:40,42.5328826904297,-8.85098648071289,"Female"
"9004151",371994,2025-05-21 10:31:40,42.5319633483887,-8.85009384155273,"Female"
"9004151",371994,2025-05-21 10:37:12,42.5309982299805,-8.85201644897461,"Female"
"9004151",371994,2025-05-21 10:42:43,42.5318031311035,-8.85181045532227,"Female"
"9004151",371994,2025-05-21 10:47:49,42.5326232910156,-8.85176086425781,"Female"
"9004151",371994,2025-05-21 10:52:50,42.5328826904297,-8.85170745849609,"Female"
"9004151",371994,2025-05-21 10:57:49,42.5330505371094,-8.85067844390869,"Female"
"9004151",371994,2025-05-21 11:03:08,42.5335922241211,-8.84952640533447,"Female"
"9004151",371994,2025-05-21 11:08:19,42.5346641540527,-8.84895992279053,"Female"
"9004151",371994,2025-05-21 11:13:23,42.535213470459,-8.84802436828613,"Female"
"9004151",371994,2025-05-21 11:18:22,42.534481048584,-8.8497371673584,"Female"
"9004151",371994,2025-05-21 11:23:56,42.5333442687988,-8.85051155090332,"Female"
"9004151",371994,2025-05-21 11:29:39,42.5319519042969,-8.85116481781006,"Female"
"9004151",371994,2025-05-21 11:34:41,42.5305557250977,-8.85152626037598,"Female"
"9004151",371994,2025-05-21 11:39:40,42.5293388366699,-8.85156536102295,"Female"
"9004151",371994,2025-05-21 11:44:39,42.526180267334,-8.84731101989746,"Female"
"9004151",371994,2025-05-21 11:49:39,42.5265502929688,-8.84719181060791,"Female"
"9004151",371994,2025-05-21 11:54:38,42.5264701843262,-8.84705352783203,"Female"
"9004151",371994,2025-05-21 12:43:28,42.526611328125,-8.84735488891602,"Female"
"9004151",371994,2025-05-21 12:56:52,42.5265350341797,-8.84759426116943,"Female"
"9004151",371994,2025-05-21 13:04:19,42.5265808105469,-8.84750080108643,"Female"
"9004151",371994,2025-05-21 13:10:38,42.526496887207,-8.84763526916504,"Female"
"9004151",371994,2025-05-21 13:18:07,42.5265579223633,-8.84751319885254,"Female"
"9004151",371994,2025-05-21 13:24:58,42.5265083312988,-8.84768486022949,"Female"
"9004151",371994,2025-05-21 13:30:02,42.5265502929688,-8.84768104553223,"Female"
"9004151",371994,2025-05-21 13:41:53,42.5265045166016,-8.84774971008301,"Female"
"9004151",371994,2025-05-21 13:48:54,42.526481628418,-8.84788417816162,"Female"
"9004151",371994,2025-05-21 13:54:30,42.5264091491699,-8.847731590271,"Female"
"9004151",371994,2025-05-21 13:59:31,42.5263900756836,-8.84773349761963,"Female"
"9004151",371994,2025-05-21 14:04:29,42.5263938903809,-8.84773063659668,"Female"
"9004151",371994,2025-05-21 14:09:29,42.5263862609863,-8.84772682189941,"Female"
"9004151",371994,2025-05-21 14:14:30,42.5264358520508,-8.84759330749512,"Female"
"9004151",371994,2025-05-21 14:19:32,42.5263938903809,-8.84779834747314,"Female"
"9004151",371994,2025-05-21 14:24:31,42.5263290405273,-8.84786605834961,"Female"
"9004151",371994,2025-05-21 14:29:31,42.5263061523438,-8.84786224365234,"Female"
"9004151",371994,2025-05-21 14:34:31,42.5263519287109,-8.84765911102295,"Female"
"9004151",371994,2025-05-21 14:39:30,42.5263061523438,-8.84771060943604,"Female"
"9004151",371994,2025-05-21 14:44:30,42.5263252258301,-8.84774684906006,"Female"
"9004151",371994,2025-05-21 14:49:29,42.5260620117188,-8.84802150726318,"Female"
"9004151",371994,2025-05-21 14:54:30,42.5266723632812,-8.84718799591064,"Female"
"9004151",371994,2025-05-21 14:59:30,42.5264053344727,-8.84747982025146,"Female"
"9004151",371994,2025-05-21 15:04:30,42.5263710021973,-8.8475284576416,"Female"
"9004151",371994,2025-05-21 15:09:30,42.5263900756836,-8.8474588394165,"Female"
"9004151",371994,2025-05-21 15:14:30,42.5264167785645,-8.84749221801758,"Female"
"9004151",371994,2025-05-21 15:19:30,42.5265426635742,-8.84739017486572,"Female"
"9004151",371994,2025-05-21 15:24:30,42.5264663696289,-8.84739685058594,"Female"
"9004151",371994,2025-05-21 15:29:30,42.5265502929688,-8.84733390808105,"Female"
"9004151",371994,2025-05-21 15:34:30,42.5264663696289,-8.84740257263184,"Female"
"9004151",371994,2025-05-21 15:39:30,42.5264892578125,-8.84743595123291,"Female"
"9004151",371994,2025-05-21 15:44:30,42.5264358520508,-8.84744834899902,"Female"
"9004151",371994,2025-05-21 15:49:30,42.5264358520508,-8.84741973876953,"Female"
"9004151",371994,2025-05-21 15:54:30,42.5264854431152,-8.84745979309082,"Female"
"9004151",371994,2025-05-21 15:59:58,42.5311965942383,-8.85079574584961,"Female"
"9004151",371994,2025-05-21 16:05:15,42.5315856933594,-8.84964370727539,"Female"
"9004151",371994,2025-05-21 16:10:13,42.5322647094727,-8.85128021240234,"Female"
"9004151",371994,2025-05-21 16:15:12,42.533145904541,-8.85176181793213,"Female"
"9004151",371994,2025-05-21 16:20:47,42.5342788696289,-8.85099697113037,"Female"
"9004151",371994,2025-05-21 16:26:15,42.5350875854492,-8.84988307952881,"Female"
"9004151",371994,2025-05-21 16:31:33,42.5361709594727,-8.85069561004639,"Female"
"9004151",371994,2025-05-21 16:36:36,42.5373344421387,-8.85076713562012,"Female"
"9004151",371994,2025-05-21 16:41:34,42.5367851257324,-8.85118293762207,"Female"
"9004151",371994,2025-05-21 16:46:34,42.5361557006836,-8.85146236419678,"Female"
"9004151",371994,2025-05-21 16:51:34,42.5354537963867,-8.85187530517578,"Female"
"9004151",371994,2025-05-21 16:56:34,42.53466796875,-8.85217952728271,"Female"
"9004151",371994,2025-05-21 17:01:34,42.5339241027832,-8.85238456726074,"Female"
"9004151",371994,2025-05-21 17:06:34,42.5331802368164,-8.85249519348145,"Female"
"9004151",371994,2025-05-21 17:11:34,42.5322570800781,-8.85261249542236,"Female"
"9004151",371994,2025-05-21 17:17:19,42.5312957763672,-8.85272598266602,"Female"
"9004151",371994,2025-05-21 17:22:23,42.532112121582,-8.85184669494629,"Female"
"9004151",371994,2025-05-21 17:27:34,42.5330924987793,-8.85057830810547,"Female"
"9004151",371994,2025-05-21 17:33:15,42.5340194702148,-8.85003852844238,"Female"
"9004151",371994,2025-05-21 17:38:22,42.5349464416504,-8.84946441650391,"Female"
"9004151",371994,2025-05-21 17:44:04,42.5350227355957,-8.84841346740723,"Female"
"9004151",371994,2025-05-21 17:49:08,42.5350799560547,-8.84764385223389,"Female"
"9004151",371994,2025-05-21 17:54:29,42.5354080200195,-8.84711742401123,"Female"
"9004151",371994,2025-05-21 17:59:32,42.5365791320801,-8.84711170196533,"Female"
"9004151",371994,2025-05-21 18:04:28,42.5362091064453,-8.84823608398438,"Female"
"9004151",371994,2025-05-21 18:10:00,42.5370445251465,-8.84753227233887,"Female"
"9004151",371994,2025-05-21 18:15:14,42.536548614502,-8.84634780883789,"Female"
"9004151",371994,2025-05-21 18:20:13,42.5353317260742,-8.84609127044678,"Female"
"9004151",371994,2025-05-21 18:25:39,42.534236907959,-8.85085010528564,"Female"
"9004151",371994,2025-05-21 18:31:18,42.5330085754395,-8.85315608978271,"Female"
"9004151",371994,2025-05-21 18:36:35,42.5333595275879,-8.85125637054443,"Female"
"9004151",371994,2025-05-21 18:42:00,42.5319290161133,-8.85215473175049,"Female"
"9004151",371994,2025-05-21 18:46:52,42.5312728881836,-8.85192775726318,"Female"
"9004151",371994,2025-05-21 18:51:53,42.5099105834961,-8.87642860412598,"Female"
"9004151",371994,2025-05-21 18:56:54,42.4946556091309,-8.90478229522705,"Female"
"9004151",371994,2025-05-21 19:01:52,42.4871520996094,-8.91709232330322,"Female"
"9004151",371994,2025-05-21 19:06:55,42.451602935791,-8.9411678314209,"Female"
"9004151",371994,2025-05-21 19:11:52,42.4496688842773,-8.94173812866211,"Female"
"9004151",371994,2025-05-21 19:16:53,42.4480209350586,-8.94170188903809,"Female"
"9004151",371994,2025-05-21 19:21:51,42.4261779785156,-8.92975997924805,"Female"
"9004151",371994,2025-05-21 19:26:54,42.4005966186523,-8.92172908782959,"Female"
"9004151",371994,2025-05-21 19:31:53,42.400562286377,-8.92187023162842,"Female"
"9004151",371994,2025-05-21 19:36:53,42.400562286377,-8.92203330993652,"Female"
"9004151",371994,2025-05-21 20:43:38,42.4007186889648,-8.92154407501221,"Female"
"9004151",371994,2025-05-21 21:28:15,42.4009742736816,-8.92099666595459,"Female"
"9004151",371994,2025-05-21 21:44:19,42.4006156921387,-8.92139148712158,"Female"
"9004151",371994,2025-05-21 22:02:00,42.4002532958984,-8.92253398895264,"Female"
"9004151",371994,2025-05-21 22:06:40,42.4002723693848,-8.92479038238525,"Female"
"9004151",371994,2025-05-21 22:11:40,42.4006156921387,-8.92411327362061,"Female"
"9004151",371994,2025-05-21 22:16:40,42.4007453918457,-8.92421817779541,"Female"
"9004151",371994,2025-05-21 22:21:40,42.4008407592773,-8.92372131347656,"Female"
"9004151",371994,2025-05-21 22:26:39,42.4008674621582,-8.92350482940674,"Female"
"9004151",371994,2025-05-21 22:31:49,42.4005088806152,-8.92152404785156,"Female"
"9004151",371994,2025-05-21 22:36:41,42.4008979797363,-8.92340660095215,"Female"
"9004151",371994,2025-05-21 22:41:45,42.4005584716797,-8.92139625549316,"Female"
"9004151",371994,2025-05-21 22:46:46,42.400520324707,-8.92120933532715,"Female"
"9004151",371994,2025-05-21 22:51:42,42.4006156921387,-8.92187023162842,"Female"
"9004151",371994,2025-05-21 22:56:40,42.4006233215332,-8.92216873168945,"Female"
"9004151",371994,2025-05-21 23:01:40,42.4006042480469,-8.92194747924805,"Female"
"9004151",371994,2025-05-21 23:06:43,42.4003829956055,-8.92128658294678,"Female"
"9004151",371994,2025-05-21 23:11:40,42.400463104248,-8.92155647277832,"Female"
"9004151",371994,2025-05-21 23:16:39,42.4006805419922,-8.92230415344238,"Female"
"9004151",371994,2025-05-21 23:21:39,42.4006080627441,-8.92189502716064,"Female"
"9004151",371994,2025-05-21 23:26:39,42.4007415771484,-8.92257595062256,"Female"
"9004151",371994,2025-05-21 23:31:41,42.4001350402832,-8.91993713378906,"Female"
"9004151",371994,2025-05-21 23:36:40,42.4001617431641,-8.92022228240967,"Female"
"9004151",371994,2025-05-21 23:41:42,42.400203704834,-8.92001438140869,"Female"
"9004151",371994,2025-05-21 23:46:42,42.4002571105957,-8.92045497894287,"Female"
"9004151",371994,2025-05-21 23:51:43,42.4004516601562,-8.92084217071533,"Female"
"9004151",371994,2025-05-21 23:56:40,42.4005165100098,-8.9217700958252,"Female"
"9004151",371994,2025-05-22 00:01:40,42.4004592895508,-8.92151737213135,"Female"
"9004151",371994,2025-05-22 00:06:40,42.400562286377,-8.92167377471924,"Female"
"9004151",371994,2025-05-22 00:11:45,42.4002647399902,-8.92106914520264,"Female"
"9004151",371994,2025-05-22 00:16:39,42.4003067016602,-8.92080688476562,"Female"
"9004151",371994,2025-05-22 00:21:41,42.4001655578613,-8.92099094390869,"Female"
"9004151",371994,2025-05-22 00:26:41,42.400146484375,-8.92113590240479,"Female"
"9004151",371994,2025-05-22 00:31:42,42.4001121520996,-8.92127323150635,"Female"
"9004151",371994,2025-05-22 00:36:42,42.4000511169434,-8.92120361328125,"Female"
"9004151",371994,2025-05-22 00:41:40,42.4001007080078,-8.92125797271729,"Female"
"9004151",371994,2025-05-22 00:46:42,42.4001846313477,-8.92111015319824,"Female"
"9004151",371994,2025-05-22 00:51:40,42.400203704834,-8.92116451263428,"Female"
"9004151",371994,2025-05-22 00:56:40,42.4003257751465,-8.92118358612061,"Female"
"9004151",371994,2025-05-22 01:01:40,42.4002227783203,-8.92139911651611,"Female"
"9004151",371994,2025-05-22 01:06:40,42.4001426696777,-8.92125129699707,"Female"
"9004151",371994,2025-05-22 01:11:40,42.4002723693848,-8.92127895355225,"Female"
"9004151",371994,2025-05-22 01:16:40,42.400390625,-8.92131233215332,"Female"
"9004151",371994,2025-05-22 01:21:39,42.4000968933105,-8.92146301269531,"Female"
"9004151",371994,2025-05-22 01:26:39,42.4003944396973,-8.92144870758057,"Female"
"9004151",371994,2025-05-22 01:31:40,42.4004096984863,-8.92142868041992,"Female"
"9004151",371994,2025-05-22 01:36:39,42.4004249572754,-8.92135810852051,"Female"
"9004151",371994,2025-05-22 01:41:39,42.4004440307617,-8.92144870758057,"Female"
"9004151",371994,2025-05-22 01:46:39,42.4006309509277,-8.9215087890625,"Female"
"9004151",371994,2025-05-22 01:51:39,42.4006233215332,-8.92144775390625,"Female"
"9004151",371994,2025-05-22 01:56:39,42.4006767272949,-8.92149353027344,"Female"
"9004151",371994,2025-05-22 02:01:39,42.4006729125977,-8.92152500152588,"Female"
"9004151",371994,2025-05-22 02:06:39,42.4007148742676,-8.92148399353027,"Female"
"9004151",371994,2025-05-22 02:11:39,42.4007110595703,-8.92160129547119,"Female"
"9004151",371994,2025-05-22 02:16:39,42.4007263183594,-8.92164897918701,"Female"
"9004151",371994,2025-05-22 02:21:40,42.4007110595703,-8.92173957824707,"Female"
"9004151",371994,2025-05-22 02:26:39,42.400749206543,-8.92165279388428,"Female"
"9004151",371994,2025-05-22 02:31:39,42.4007530212402,-8.92174339294434,"Female"
"9004151",371994,2025-05-22 02:36:39,42.4007911682129,-8.9218282699585,"Female"
"9004151",371994,2025-05-22 02:41:39,42.4007797241211,-8.92177867889404,"Female"
"9004151",371994,2025-05-22 02:46:40,42.400821685791,-8.92181301116943,"Female"
"9004151",371994,2025-05-22 02:51:40,42.4008636474609,-8.9218635559082,"Female"
"9004151",371994,2025-05-22 02:56:40,42.4008979797363,-8.92224597930908,"Female"
"9004151",371994,2025-05-22 03:01:39,42.4007682800293,-8.92116832733154,"Female"
"9004151",371994,2025-05-22 03:06:40,42.4007415771484,-8.92133808135986,"Female"
"9004151",371994,2025-05-22 03:11:40,42.4007797241211,-8.92115879058838,"Female"
"9004151",371994,2025-05-22 03:16:42,42.4010009765625,-8.92078971862793,"Female"
"9004151",371994,2025-05-22 03:21:41,42.4009628295898,-8.92106533050537,"Female"
"9004151",371994,2025-05-22 03:26:42,42.4010963439941,-8.9208869934082,"Female"
"9004151",371994,2025-05-22 03:31:48,42.4010925292969,-8.92102813720703,"Female"
"9004151",371994,2025-05-22 03:36:46,42.4010467529297,-8.92117023468018,"Female"
"9004151",371994,2025-05-22 03:41:45,42.401065826416,-8.9211893081665,"Female"
"9004151",371994,2025-05-22 03:46:39,42.4003524780273,-8.92174625396729,"Female"
"9004151",371994,2025-05-22 03:51:40,42.4003448486328,-8.92158317565918,"Female"
"9004151",371994,2025-05-22 03:57:12,42.4004402160645,-8.92101573944092,"Female"
"9004151",371994,2025-05-22 04:01:38,42.4004364013672,-8.92097949981689,"Female"
"9004151",371994,2025-05-22 04:06:38,42.400562286377,-8.92082405090332,"Female"
"9004151",371994,2025-05-22 04:11:40,42.4004364013672,-8.92093944549561,"Female"
"9004151",371994,2025-05-22 04:16:38,42.4003677368164,-8.92132759094238,"Female"
"9004151",371994,2025-05-22 04:21:38,42.4004173278809,-8.92107582092285,"Female"
"9004151",371994,2025-05-22 04:26:40,42.4004554748535,-8.92095851898193,"Female"
"9004151",371994,2025-05-22 04:31:38,42.4004135131836,-8.92099475860596,"Female"
"9004151",371994,2025-05-22 04:36:38,42.4004707336426,-8.92105102539062,"Female"
"9004151",371994,2025-05-22 04:41:39,42.4003791809082,-8.92114925384521,"Female"
"9004151",371994,2025-05-22 04:48:15,42.4002227783203,-8.92141819000244,"Female"
"9004151",371994,2025-05-22 04:53:14,42.4000205993652,-8.92186069488525,"Female"
"9004151",371994,2025-05-22 04:58:14,42.400146484375,-8.92166614532471,"Female"
"9004151",371994,2025-05-22 05:03:14,42.4001502990723,-8.92161655426025,"Female"
"9004151",371994,2025-05-22 05:08:14,42.4001197814941,-8.92140197753906,"Female"
"9004151",371994,2025-05-22 05:13:14,42.4000854492188,-8.92156887054443,"Female"
"9004151",371994,2025-05-22 05:18:14,42.4001541137695,-8.92118549346924,"Female"
"9004151",371994,2025-05-22 05:23:15,42.4001083374023,-8.92136669158936,"Female"
"9004151",371994,2025-05-22 05:28:18,42.4001502990723,-8.92090511322021,"Female"
"9004151",371994,2025-05-22 05:33:14,42.4000053405762,-8.92082691192627,"Female"
"9004151",371994,2025-05-22 05:38:15,42.4001350402832,-8.9212818145752,"Female"
"9004151",371994,2025-05-22 05:43:16,42.400260925293,-8.92050552368164,"Female"
"9004151",371994,2025-05-22 05:48:16,42.4002876281738,-8.92147350311279,"Female"
"9004151",371994,2025-05-22 05:53:24,42.4005737304688,-8.92083740234375,"Female"
"9004151",371994,2025-05-22 05:58:19,42.4006271362305,-8.92083930969238,"Female"
"9004151",371994,2025-05-22 06:03:16,42.4003067016602,-8.92056655883789,"Female"
"9004151",371994,2025-05-22 06:08:19,42.4005165100098,-8.9212121963501,"Female"
"9004151",371994,2025-05-22 06:13:19,42.4006233215332,-8.92118835449219,"Female"
"9004151",371994,2025-05-22 06:18:19,42.3979225158691,-8.92129421234131,"Female"
"9004151",371994,2025-05-22 06:23:18,42.398021697998,-8.92152118682861,"Female"
"9004151",371994,2025-05-22 06:28:16,42.3981857299805,-8.92198276519775,"Female"
"9004151",371994,2025-05-22 06:33:14,42.3950691223145,-8.92351722717285,"Female"
"9004151",371994,2025-05-22 06:38:15,42.3960571289062,-8.92324924468994,"Female"
"9004151",371994,2025-05-22 06:43:17,42.3994102478027,-8.92293834686279,"Female"
"9004151",371994,2025-05-22 06:48:14,42.3958282470703,-8.92136383056641,"Female"
"9004151",371994,2025-05-22 06:53:26,42.39794921875,-8.92108058929443,"Female"
"9004151",371994,2025-05-22 06:58:26,42.3979377746582,-8.92061710357666,"Female"
"9004151",371994,2025-05-22 07:03:23,42.397705078125,-8.92085266113281,"Female"
"9004151",371994,2025-05-22 07:08:30,42.3977088928223,-8.92049407958984,"Female"
"9004151",371994,2025-05-22 07:13:26,42.397632598877,-8.92050933837891,"Female"
"9004151",371994,2025-05-22 07:18:15,42.3992691040039,-8.91894626617432,"Female"
"9004151",371994,2025-05-22 07:23:15,42.400806427002,-8.9210958480835,"Female"
"9004151",371994,2025-05-22 07:28:14,42.4007186889648,-8.92091274261475,"Female"
"9004151",371994,2025-05-22 07:33:14,42.4007415771484,-8.92096900939941,"Female"
"9004151",371994,2025-05-22 07:38:14,42.400749206543,-8.92094612121582,"Female"
"9004151",371994,2025-05-22 07:43:14,42.4092788696289,-8.9108190536499,"Female"
"9004151",371994,2025-05-22 07:48:14,42.4128456115723,-8.9074010848999,"Female"
"9004151",371994,2025-05-22 07:53:15,42.4290466308594,-8.89850902557373,"Female"
"9004151",371994,2025-05-22 07:58:15,42.4344062805176,-8.89777183532715,"Female"
"9004151",371994,2025-05-22 08:03:28,42.4388236999512,-8.89568710327148,"Female"
"9004151",371994,2025-05-22 08:09:08,42.4400329589844,-8.89761638641357,"Female"
"9004151",371994,2025-05-22 08:14:07,42.4394149780273,-8.90353393554688,"Female"
"9004151",371994,2025-05-22 08:19:44,42.4406471252441,-8.90672492980957,"Female"
"9004151",371994,2025-05-22 08:24:44,42.4411201477051,-8.9083137512207,"Female"
"9004151",371994,2025-05-22 08:29:43,42.441333770752,-8.90985202789307,"Female"
"9004151",371994,2025-05-22 08:34:43,42.4486770629883,-8.92588233947754,"Female"
"9004151",371994,2025-05-22 08:39:44,42.4486885070801,-8.92595195770264,"Female"
"9004151",371994,2025-05-22 08:44:43,42.4614372253418,-8.94322109222412,"Female"
"9004151",371994,2025-05-22 08:49:43,42.4852256774902,-8.93053817749023,"Female"
"9004151",371994,2025-05-22 08:54:43,42.4876289367676,-8.92667865753174,"Female"
"9004151",371994,2025-05-22 08:59:45,42.5048294067383,-8.89493083953857,"Female"
"9004151",371994,2025-05-22 09:04:54,42.5232124328613,-8.86258125305176,"Female"
"9004151",371994,2025-05-22 09:13:00,42.5339317321777,-8.85012531280518,"Female"
"9004151",371994,2025-05-22 09:20:41,42.5363082885742,-8.84932994842529,"Female"
"9004151",371994,2025-05-22 09:26:22,42.536678314209,-8.84817028045654,"Female"
"9004151",371994,2025-05-22 09:34:23,42.5375137329102,-8.84705448150635,"Female"
"9004151",371994,2025-05-22 09:40:18,42.5381202697754,-8.84708023071289,"Female"
"9004151",371994,2025-05-22 09:46:10,42.5371780395508,-8.84539127349854,"Female"
"9004151",371994,2025-05-22 09:51:42,42.5373840332031,-8.84654998779297,"Female"
"9004151",371994,2025-05-22 09:57:12,42.5382270812988,-8.84753608703613,"Female"
"9004151",371994,2025-05-22 10:04:57,42.5390090942383,-8.84641551971436,"Female"
"9004151",371994,2025-05-22 10:09:55,42.5394668579102,-8.84665966033936,"Female"
"9004151",371994,2025-05-22 10:15:38,42.5390472412109,-8.84807205200195,"Female"
"9004151",371994,2025-05-22 10:20:38,42.5392036437988,-8.84757518768311,"Female"
"9004151",371994,2025-05-22 10:25:34,42.5396308898926,-8.84739208221436,"Female"
"9004151",371994,2025-05-22 10:31:23,42.5396194458008,-8.84609413146973,"Female"
"9004151",371994,2025-05-22 10:36:40,42.5389747619629,-8.84692096710205,"Female"
"9004151",371994,2025-05-22 10:42:07,42.5378913879395,-8.84814453125,"Female"
"9004151",371994,2025-05-22 10:47:47,42.537784576416,-8.84625053405762,"Female"
"9004151",371994,2025-05-22 10:52:37,42.5376739501953,-8.84610557556152,"Female"
"9004151",371994,2025-05-22 10:58:01,42.538646697998,-8.84599113464355,"Female"
"9004151",371994,2025-05-22 11:03:29,42.5392875671387,-8.84612083435059,"Female"
"9004151",371994,2025-05-22 11:08:45,42.5394096374512,-8.84633731842041,"Female"
"9004151",371994,2025-05-22 11:13:35,42.5388717651367,-8.84641075134277,"Female"
"9004151",371994,2025-05-22 11:19:06,42.5381469726562,-8.84743976593018,"Female"
"9004151",371994,2025-05-22 11:24:45,42.5376014709473,-8.84869956970215,"Female"
"9004151",371994,2025-05-22 11:29:41,42.5362434387207,-8.84750556945801,"Female"
"9004151",371994,2025-05-22 11:34:46,42.5354881286621,-8.84661388397217,"Female"
"9004151",371994,2025-05-22 11:40:00,42.5260391235352,-8.84707164764404,"Female"
"9004151",371994,2025-05-22 11:44:41,42.5261840820312,-8.84704303741455,"Female"
"9004151",371994,2025-05-22 11:49:50,42.5262069702148,-8.84747123718262,"Female"
"9004151",371994,2025-05-22 12:43:46,42.5261001586914,-8.84726715087891,"Female"
"9004151",371994,2025-05-22 12:48:27,42.5262756347656,-8.84724807739258,"Female"
"9004151",371994,2025-05-22 12:53:28,42.5263328552246,-8.84698581695557,"Female"
"9004151",371994,2025-05-22 12:58:28,42.5261001586914,-8.84729766845703,"Female"
"9004151",371994,2025-05-22 13:03:29,42.5260925292969,-8.84721851348877,"Female"
"9004151",371994,2025-05-22 13:08:27,42.5263175964355,-8.8472146987915,"Female"
"9004151",371994,2025-05-22 13:13:30,42.5263519287109,-8.84716415405273,"Female"
"9004151",371994,2025-05-22 13:18:30,42.5263481140137,-8.84725666046143,"Female"
"9004151",371994,2025-05-22 13:23:27,42.526237487793,-8.84733581542969,"Female"
"9004151",371994,2025-05-22 13:28:37,42.5258026123047,-8.84718322753906,"Female"
"9004151",371994,2025-05-22 13:33:44,42.5258636474609,-8.84735870361328,"Female"
"9004151",371994,2025-05-22 13:38:39,42.5258865356445,-8.84729385375977,"Female"
"9004151",371994,2025-05-22 13:43:40,42.5259056091309,-8.84721660614014,"Female"
"9004151",371994,2025-05-22 13:48:38,42.5257415771484,-8.84789848327637,"Female"
"9004151",371994,2025-05-22 13:53:30,42.5262107849121,-8.8474292755127,"Female"
"9004151",371994,2025-05-22 13:58:36,42.5262260437012,-8.84642124176025,"Female"
"9004151",371994,2025-05-22 14:03:36,42.5261001586914,-8.84658718109131,"Female"
"9004151",371994,2025-05-22 14:08:31,42.5258827209473,-8.84604167938232,"Female"
"9004151",371994,2025-05-22 14:13:31,42.5260772705078,-8.84643840789795,"Female"
"9004151",371994,2025-05-22 14:18:29,42.5252075195312,-8.84632587432861,"Female"
"9004151",371994,2025-05-22 14:23:26,42.5260963439941,-8.84732246398926,"Female"
"9004151",371994,2025-05-22 14:28:27,42.5260543823242,-8.84733104705811,"Female"
"9004151",371994,2025-05-22 14:33:43,42.5263137817383,-8.84744930267334,"Female"
"9004151",371994,2025-05-22 14:38:29,42.5262680053711,-8.84701633453369,"Female"
"9004151",371994,2025-05-22 14:43:28,42.5263175964355,-8.84751796722412,"Female"
"9004151",371994,2025-05-22 14:48:42,42.5342216491699,-8.8503303527832,"Female"
"9004151",371994,2025-05-22 14:53:45,42.5351867675781,-8.84935855865479,"Female"
"9004151",371994,2025-05-22 14:58:45,42.5365180969238,-8.84975051879883,"Female"
"9004151",371994,2025-05-22 15:04:10,42.5375022888184,-8.84896087646484,"Female"
"9004151",371994,2025-05-22 15:09:39,42.5382041931152,-8.84742546081543,"Female"
"9004151",371994,2025-05-22 15:14:32,42.5373077392578,-8.84599018096924,"Female"
"9004151",371994,2025-05-22 15:20:20,42.5376243591309,-8.84840774536133,"Female"
"9004151",371994,2025-05-22 15:26:01,42.5376358032227,-8.84851360321045,"Female"
"9004151",371994,2025-05-22 15:40:31,42.5398330688477,-8.84613513946533,"Female"
"9004151",371994,2025-05-22 15:46:57,42.538459777832,-8.84643268585205,"Female"
"9004151",371994,2025-05-22 15:52:36,42.5368843078613,-8.84737968444824,"Female"
"9004151",371994,2025-05-22 15:58:07,42.5355987548828,-8.84772205352783,"Female"
"9004151",371994,2025-05-22 16:04:18,42.5354118347168,-8.84774303436279,"Female"
"9004151",371994,2025-05-22 16:09:55,42.5359115600586,-8.84728908538818,"Female"
"9004151",371994,2025-05-22 16:16:32,42.5358695983887,-8.8473949432373,"Female"
"9004151",371994,2025-05-22 16:21:22,42.5362281799316,-8.84853553771973,"Female"
"9004151",371994,2025-05-22 16:26:24,42.5355682373047,-8.84790229797363,"Female"
"9004151",371994,2025-05-22 16:34:17,42.5331802368164,-8.8511381149292,"Female"
"9004151",371994,2025-05-22 16:39:09,42.5275039672852,-8.84728813171387,"Female"
"9004151",371994,2025-05-22 16:44:08,42.5261306762695,-8.84823417663574,"Female"
"9004151",371994,2025-05-22 16:49:10,42.5258026123047,-8.84742736816406,"Female"
"9004151",371994,2025-05-22 16:54:11,42.5258979797363,-8.84780502319336,"Female"
"9004151",371994,2025-05-22 16:59:09,42.5259094238281,-8.8478889465332,"Female"
"9004151",371994,2025-05-22 17:04:13,42.525806427002,-8.84731483459473,"Female"
"9004151",371994,2025-05-22 17:09:16,42.5257797241211,-8.84696769714355,"Female"
"9004151",371994,2025-05-22 17:14:35,42.5260162353516,-8.84737586975098,"Female"
"9004151",371994,2025-05-22 17:19:04,42.5259552001953,-8.84737777709961,"Female"
"9004151",371994,2025-05-22 17:24:04,42.5259857177734,-8.84741592407227,"Female"
"9004151",371994,2025-05-22 17:29:04,42.5259819030762,-8.84740352630615,"Female"
"9004151",371994,2025-05-22 17:34:03,42.5261039733887,-8.84749603271484,"Female"
"9004151",371994,2025-05-22 17:39:04,42.5260620117188,-8.84744167327881,"Female"
"9004151",371994,2025-05-22 17:44:04,42.526050567627,-8.84734439849854,"Female"
"9004151",371994,2025-05-22 17:49:04,42.5246047973633,-8.85443305969238,"Female"
"9004151",371994,2025-05-22 17:54:04,42.5249252319336,-8.8545503616333,"Female"
"9004151",371994,2025-05-22 17:59:04,42.5250549316406,-8.85465812683105,"Female"
"9004151",371994,2025-05-22 18:04:04,42.5246620178223,-8.8544282913208,"Female"
"9004151",371994,2025-05-22 18:09:04,42.5247421264648,-8.85449028015137,"Female"
"9004151",371994,2025-05-22 18:14:04,42.5247421264648,-8.85450649261475,"Female"
"9004151",371994,2025-05-22 18:19:04,42.5246620178223,-8.85446739196777,"Female"
"9004151",371994,2025-05-22 18:24:05,42.5298538208008,-8.85816669464111,"Female"
"9004151",371994,2025-05-22 18:29:06,42.5322303771973,-8.85726261138916,"Female"
"9004151",371994,2025-05-22 18:34:12,42.5327453613281,-8.85551071166992,"Female"
"9004151",371994,2025-05-22 18:39:51,42.5332412719727,-8.85678291320801,"Female"
"9004151",371994,2025-05-22 18:44:57,42.5328330993652,-8.85493946075439,"Female"
"9004151",371994,2025-05-22 18:50:03,42.5320320129395,-8.85372543334961,"Female"
"9004151",371994,2025-05-22 18:55:57,42.5318336486816,-8.85134792327881,"Female"
"9004151",371994,2025-05-22 19:01:22,42.5319938659668,-8.85189151763916,"Female"
"9004151",371994,2025-05-22 19:06:33,42.5305290222168,-8.85284233093262,"Female"
"9004151",371994,2025-05-22 19:11:35,42.522533416748,-8.85872745513916,"Female"
"9004151",371994,2025-05-22 19:16:33,42.4896812438965,-8.90737819671631,"Female"
"9004151",371994,2025-05-22 19:21:25,42.4571418762207,-8.94370174407959,"Female"
"9004151",371994,2025-05-22 19:26:26,42.4023132324219,-8.92301082611084,"Female"
"9004151",371994,2025-05-22 19:31:45,42.4001045227051,-8.92245388031006,"Female"
"9004151",371994,2025-05-22 19:36:34,42.4000625610352,-8.92247867584229,"Female"
"9004151",371994,2025-05-22 19:41:59,42.4003677368164,-8.92126369476318,"Female"
"9004151",371994,2025-05-22 19:46:23,42.4003105163574,-8.92122840881348,"Female"
"9004151",371994,2025-05-22 19:51:24,42.4003410339355,-8.92108726501465,"Female"
"9004151",371994,2025-05-22 19:56:23,42.400390625,-8.92117118835449,"Female"
"9004151",371994,2025-05-22 20:01:23,42.4003295898438,-8.9211597442627,"Female"
"9004151",371994,2025-05-22 20:06:23,42.4003372192383,-8.92124271392822,"Female"
"9004151",371994,2025-05-22 20:11:24,42.4003944396973,-8.9210033416748,"Female"
"9004151",371994,2025-05-22 20:16:23,42.4003753662109,-8.92110729217529,"Female"
"9004151",371994,2025-05-22 20:21:24,42.4003944396973,-8.92116641998291,"Female"
"9004151",371994,2025-05-22 20:26:24,42.4004325866699,-8.92119026184082,"Female"
"9004151",371994,2025-05-22 20:31:23,42.4004440307617,-8.92109775543213,"Female"
"9004151",371994,2025-05-22 20:36:23,42.4004211425781,-8.92124271392822,"Female"
"9004151",371994,2025-05-22 20:41:23,42.4004821777344,-8.92114162445068,"Female"
"9004151",371994,2025-05-22 20:46:25,42.4003448486328,-8.92108631134033,"Female"
"9004151",371994,2025-05-22 20:51:26,42.4006996154785,-8.92181301116943,"Female"
"9004151",371994,2025-05-22 20:56:27,42.4003753662109,-8.92090225219727,"Female"
"9004151",371994,2025-05-22 21:01:33,42.4004135131836,-8.92112445831299,"Female"
"9004151",371994,2025-05-22 21:06:35,42.4003753662109,-8.92117500305176,"Female"
"9004151",371994,2025-05-22 21:11:31,42.4003601074219,-8.92114543914795,"Female"
"9004151",371994,2025-05-22 21:16:37,42.4003715515137,-8.92122173309326,"Female"
"9004151",371994,2025-05-22 21:21:41,42.400089263916,-8.92160797119141,"Female"
"9004151",371994,2025-05-22 21:27:11,42.4000282287598,-8.92189979553223,"Female"
"9004151",371994,2025-05-22 21:31:50,42.3999366760254,-8.921950340271,"Female"
"9004151",371994,2025-05-22 21:37:48,42.3999862670898,-8.92193984985352,"Female"
"9004151",371994,2025-05-22 21:41:43,42.4002227783203,-8.92177963256836,"Female"
"9004151",371994,2025-05-22 21:46:23,42.4002723693848,-8.9217357635498,"Female"
"9004151",371994,2025-05-22 21:51:23,42.4002647399902,-8.92179107666016,"Female"
"9004151",371994,2025-05-22 21:56:24,42.4001159667969,-8.92160892486572,"Female"
"9004151",371994,2025-05-22 22:01:23,42.400203704834,-8.92154216766357,"Female"
"9004151",371994,2025-05-22 22:06:23,42.4003677368164,-8.92158985137939,"Female"
"9004151",371994,2025-05-22 22:11:24,42.4004135131836,-8.92140293121338,"Female"
"9004151",371994,2025-05-22 22:16:33,42.4003143310547,-8.92128276824951,"Female"
"9004151",371994,2025-05-22 22:21:27,42.4002380371094,-8.92148780822754,"Female"
"9004151",371994,2025-05-22 22:26:30,42.4003257751465,-8.92133522033691,"Female"
"9004151",371994,2025-05-22 22:31:32,42.4003944396973,-8.9211311340332,"Female"
"9004151",371994,2025-05-22 22:36:31,42.4004020690918,-8.92118358612061,"Female"
"9004151",371994,2025-05-22 22:41:30,42.4000968933105,-8.92061138153076,"Female"
"9004151",371994,2025-05-22 22:46:33,42.4004859924316,-8.92091846466064,"Female"
"9004151",371994,2025-05-22 22:51:28,42.4003257751465,-8.92099475860596,"Female"
"9004151",371994,2025-05-22 22:56:59,42.4004364013672,-8.9210033416748,"Female"
"9004151",371994,2025-05-22 23:01:26,42.400463104248,-8.92094135284424,"Female"
"9004151",371994,2025-05-22 23:06:30,42.400146484375,-8.92004108428955,"Female"
"9004151",371994,2025-05-22 23:11:28,42.4004402160645,-8.92080116271973,"Female"
"9004151",371994,2025-05-22 23:16:34,42.4003601074219,-8.92092323303223,"Female"
"9004151",371994,2025-05-22 23:21:25,42.4005851745605,-8.92151165008545,"Female"
"9004151",371994,2025-05-22 23:26:35,42.4004096984863,-8.92091941833496,"Female"
"9004151",371994,2025-05-22 23:31:24,42.400318145752,-8.92078018188477,"Female"
"9004151",371994,2025-05-22 23:36:36,42.4003486633301,-8.92099761962891,"Female"
"9004151",371994,2025-05-22 23:41:35,42.4003639221191,-8.92102241516113,"Female"
"9004151",371994,2025-05-22 23:46:28,42.4001617431641,-8.92070579528809,"Female"
"9004151",371994,2025-05-22 23:51:37,42.4004287719727,-8.92096328735352,"Female"
"9004151",371994,2025-05-22 23:56:28,42.4010314941406,-8.92185115814209,"Female"
"9004151",371994,2025-05-23 00:01:36,42.4002532958984,-8.92106914520264,"Female"
"9004151",371994,2025-05-23 00:06:33,42.400260925293,-8.92108535766602,"Female"
"9004151",371994,2025-05-23 00:12:14,42.400260925293,-8.92123794555664,"Female"
"9004151",371994,2025-05-23 00:16:25,42.400260925293,-8.92132377624512,"Female"
"9004151",371994,2025-05-23 00:21:26,42.4002380371094,-8.92152881622314,"Female"
"9004151",371994,2025-05-23 00:26:25,42.4002418518066,-8.92128849029541,"Female"
"9004151",371994,2025-05-23 00:31:24,42.4002151489258,-8.92150974273682,"Female"
"9004151",371994,2025-05-23 00:36:26,42.4002914428711,-8.92137432098389,"Female"
"9004151",371994,2025-05-23 00:41:28,42.4002952575684,-8.92133140563965,"Female"
"9004151",371994,2025-05-23 00:46:28,42.4000968933105,-8.92151546478271,"Female"
"9004151",371994,2025-05-23 00:51:28,42.399730682373,-8.92214298248291,"Female"
"9004151",371994,2025-05-23 00:56:30,42.3996543884277,-8.92248058319092,"Female"
"9004151",371994,2025-05-23 01:01:27,42.4002876281738,-8.92089748382568,"Female"
"9004151",371994,2025-05-23 01:06:35,42.4003639221191,-8.921142578125,"Female"
"9004151",371994,2025-05-23 01:11:37,42.400463104248,-8.9209156036377,"Female"
"9004151",371994,2025-05-23 01:16:24,42.4005661010742,-8.92116832733154,"Female"
"9004151",371994,2025-05-23 01:21:44,42.4004898071289,-8.92105770111084,"Female"
"9004151",371994,2025-05-23 01:26:26,42.4005584716797,-8.92120838165283,"Female"
"9004151",371994,2025-05-23 01:31:25,42.4002876281738,-8.92087078094482,"Female"
"9004151",371994,2025-05-23 01:36:25,42.4005279541016,-8.92118549346924,"Female"
"9004151",371994,2025-05-23 01:41:24,42.4005355834961,-8.92102718353271,"Female"
"9004151",371994,2025-05-23 01:46:24,42.4004592895508,-8.92112445831299,"Female"
"9004151",371994,2025-05-23 01:51:44,42.4005012512207,-8.92113304138184,"Female"
"9004151",371994,2025-05-23 01:56:24,42.4005355834961,-8.9210147857666,"Female"
"9004151",371994,2025-05-23 02:01:24,42.4004936218262,-8.92102813720703,"Female"
"9004151",371994,2025-05-23 02:06:24,42.4004402160645,-8.92105388641357,"Female"
"9004151",371994,2025-05-23 02:11:24,42.4004745483398,-8.92103576660156,"Female"
"9004151",371994,2025-05-23 02:16:24,42.4004859924316,-8.92105674743652,"Female"
"9004151",371994,2025-05-23 02:21:26,42.4005508422852,-8.92113208770752,"Female"
"9004151",371994,2025-05-23 02:26:24,42.4006080627441,-8.92120742797852,"Female"
"9004151",371994,2025-05-23 02:31:24,42.4005889892578,-8.92105674743652,"Female"
"9004151",371994,2025-05-23 02:36:33,42.4005279541016,-8.92091369628906,"Female"
"9004151",371994,2025-05-23 02:41:26,42.4005432128906,-8.92096614837646,"Female"
"9004151",371994,2025-05-23 02:46:44,42.4005508422852,-8.92092895507812,"Female"
"9004151",371994,2025-05-23 02:51:24,42.4006538391113,-8.92106533050537,"Female"
"9004151",371994,2025-05-23 02:56:34,42.4005088806152,-8.92099857330322,"Female"
"9004151",371994,2025-05-23 03:01:38,42.4006805419922,-8.92092418670654,"Female"
"9004151",371994,2025-05-23 03:06:27,42.400707244873,-8.92111396789551,"Female"
"9004151",371994,2025-05-23 03:11:28,42.4007225036621,-8.92141914367676,"Female"
"9004151",371994,2025-05-23 03:16:27,42.400634765625,-8.92131042480469,"Female"
"9004151",371994,2025-05-23 03:21:24,42.4005699157715,-8.92134189605713,"Female"
"9004151",371994,2025-05-23 03:26:24,42.4006042480469,-8.92136478424072,"Female"
"9004151",371994,2025-05-23 03:31:44,42.4005432128906,-8.9210901260376,"Female"
"9004151",371994,2025-05-23 03:36:24,42.4006080627441,-8.92134571075439,"Female"
"9004151",371994,2025-05-23 03:41:24,42.4005470275879,-8.92159938812256,"Female"
"9004151",371994,2025-05-23 03:46:24,42.4005012512207,-8.92155933380127,"Female"
"9004151",371994,2025-05-23 03:51:24,42.4005661010742,-8.92148685455322,"Female"
"9004151",371994,2025-05-23 03:56:24,42.4005661010742,-8.92140007019043,"Female"
"9004151",371994,2025-05-23 04:01:24,42.4005126953125,-8.92162132263184,"Female"
"9004151",371994,2025-05-23 04:06:24,42.4006805419922,-8.92122459411621,"Female"
"9004151",371994,2025-05-23 04:11:24,42.4006080627441,-8.92146396636963,"Female"
"9004151",371994,2025-05-23 04:16:24,42.4006729125977,-8.92142677307129,"Female"
"9004151",371994,2025-05-23 04:21:24,42.4006080627441,-8.92159938812256,"Female"
"9004151",371994,2025-05-23 04:26:34,42.4005928039551,-8.92166233062744,"Female"
"9004151",371994,2025-05-23 04:31:33,42.4006614685059,-8.92142486572266,"Female"
"9004151",371994,2025-05-23 04:36:28,42.401008605957,-8.92128276824951,"Female"
"9004151",371994,2025-05-23 04:41:28,42.4006271362305,-8.92191028594971,"Female"
"9004151",371994,2025-05-23 04:47:24,42.4005928039551,-8.92200756072998,"Female"
"9004151",371994,2025-05-23 04:52:30,42.4007339477539,-8.92220211029053,"Female"
"9004151",371994,2025-05-23 04:57:29,42.4006843566895,-8.92190837860107,"Female"
"9004151",371994,2025-05-23 05:02:30,42.4007110595703,-8.92114162445068,"Female"
"9004151",371994,2025-05-23 05:07:30,42.400691986084,-8.92185688018799,"Female"
"9004151",371994,2025-05-23 05:12:30,42.4007415771484,-8.92113971710205,"Female"
"9004151",371994,2025-05-23 05:17:30,42.4007530212402,-8.92113780975342,"Female"
"9004151",371994,2025-05-23 05:22:27,42.4007186889648,-8.92103672027588,"Female"
"9004151",371994,2025-05-23 05:27:27,42.4006958007812,-8.9210844039917,"Female"
"9004151",371994,2025-05-23 05:32:28,42.4007034301758,-8.92131328582764,"Female"
"9004151",371994,2025-05-23 05:37:27,42.4006385803223,-8.9212760925293,"Female"
"9004151",371994,2025-05-23 05:42:28,42.4004096984863,-8.92183017730713,"Female"
"9004151",371994,2025-05-23 05:47:22,42.400276184082,-8.92137145996094,"Female"
"9004151",371994,2025-05-23 05:52:28,42.400463104248,-8.92138671875,"Female"
"9004151",371994,2025-05-23 05:57:30,42.4004440307617,-8.92140102386475,"Female"
"9004151",371994,2025-05-23 06:02:21,42.4006271362305,-8.92111873626709,"Female"
"9004151",371994,2025-05-23 06:07:23,42.4003829956055,-8.92140674591064,"Female"
"9004151",371994,2025-05-23 06:12:22,42.4004821777344,-8.92138481140137,"Female"
"9004151",371994,2025-05-23 06:17:21,42.4008178710938,-8.91246223449707,"Female"
"9004151",371994,2025-05-23 06:23:28,42.4045753479004,-8.89867115020752,"Female"
"9004151",371994,2025-05-23 06:28:28,42.4043960571289,-8.89740657806396,"Female"
"9004151",371994,2025-05-23 06:33:28,42.4026832580566,-8.89840507507324,"Female"
"9004151",371994,2025-05-23 06:38:53,42.410717010498,-8.89808177947998,"Female"
"9004151",371994,2025-05-23 06:43:52,42.415454864502,-8.88805866241455,"Female"
"9004151",371994,2025-05-23 06:48:52,42.4157409667969,-8.88662528991699,"Female"
"9004151",371994,2025-05-23 06:53:52,42.4208679199219,-8.88307189941406,"Female"
"9004151",371994,2025-05-23 06:58:52,42.4214706420898,-8.88305568695068,"Female"
"9004151",371994,2025-05-23 07:04:37,42.4247894287109,-8.88651561737061,"Female"
"9004151",371994,2025-05-23 07:09:37,42.4234199523926,-8.8889102935791,"Female"
"9004151",371994,2025-05-23 07:14:39,42.4230995178223,-8.88922309875488,"Female"
"9004151",371994,2025-05-23 07:20:21,42.4336433410645,-8.89601802825928,"Female"
"9004151",371994,2025-05-23 07:25:20,42.4370384216309,-8.90045070648193,"Female"
"9004151",371994,2025-05-23 07:30:20,42.4371032714844,-8.90157127380371,"Female"
"9004151",371994,2025-05-23 07:36:06,42.4382019042969,-8.90268135070801,"Female"
"9004151",371994,2025-05-23 07:41:07,42.4412841796875,-8.90699577331543,"Female"
"9004151",371994,2025-05-23 07:46:17,42.441089630127,-8.90675640106201,"Female"
"9004151",371994,2025-05-23 07:51:06,42.4407997131348,-8.90662097930908,"Female"
"9004151",371994,2025-05-23 07:56:07,42.4406547546387,-8.906982421875,"Female"
"9004151",371994,2025-05-23 08:01:13,42.440673828125,-8.90757465362549,"Female"
"9004151",371994,2025-05-23 08:06:08,42.4401397705078,-8.90704727172852,"Female"
"9004151",371994,2025-05-23 08:11:08,42.4401054382324,-8.90688037872314,"Female"
"9004151",371994,2025-05-23 08:16:09,42.4403381347656,-8.90764904022217,"Female"
"9004151",371994,2025-05-23 08:21:08,42.4398994445801,-8.90658378601074,"Female"
"9004151",371994,2025-05-23 08:26:09,42.4398880004883,-8.9068431854248,"Female"
"9004151",371994,2025-05-23 08:31:08,42.4399032592773,-8.90711212158203,"Female"
"9004151",371994,2025-05-23 08:36:07,42.4406585693359,-8.90483283996582,"Female"
"9004151",371994,2025-05-23 08:41:09,42.4411277770996,-8.90442848205566,"Female"
"9004151",371994,2025-05-23 08:47:06,42.4419746398926,-8.90312194824219,"Female"
"9004151",371994,2025-05-23 08:52:08,42.4444580078125,-8.90774440765381,"Female"
"9004151",371994,2025-05-23 08:57:03,42.4437484741211,-8.90820121765137,"Female"
"9004151",371994,2025-05-23 09:02:11,42.4425659179688,-8.90875053405762,"Female"
"9004151",371994,2025-05-23 09:07:00,42.4419021606445,-8.90936851501465,"Female"
"9004151",371994,2025-05-23 09:12:00,42.4412078857422,-8.90984535217285,"Female"
"9004151",371994,2025-05-23 09:17:01,42.4407920837402,-8.91043281555176,"Female"
"9004151",371994,2025-05-23 09:22:35,42.4398498535156,-8.90888023376465,"Female"
"9004151",371994,2025-05-23 09:27:02,42.4394760131836,-8.908616065979,"Female"
"9004151",371994,2025-05-23 09:32:00,42.4390068054199,-8.9083137512207,"Female"
"9004151",371994,2025-05-23 09:37:14,42.4397811889648,-8.90433406829834,"Female"
"9004151",371994,2025-05-23 09:44:26,42.4409790039062,-8.90270900726318,"Female"
"9004151",371994,2025-05-23 09:49:55,42.4403457641602,-8.90260314941406,"Female"
"9004151",371994,2025-05-23 09:55:45,42.4407997131348,-8.90207386016846,"Female"
"9004151",371994,2025-05-23 10:00:52,42.4412651062012,-8.90288829803467,"Female"
"9004151",371994,2025-05-23 10:07:35,42.4411544799805,-8.90182876586914,"Female"
"9004151",371994,2025-05-23 10:12:05,42.4404373168945,-8.9004955291748,"Female"
"9004151",371994,2025-05-23 10:17:55,42.4406509399414,-8.90189456939697,"Female"
"9004151",371994,2025-05-23 10:22:54,42.4411926269531,-8.90291786193848,"Female"
"9004151",371994,2025-05-23 10:27:55,42.4413719177246,-8.90375709533691,"Female"
"9004151",371994,2025-05-23 10:32:55,42.4416542053223,-8.90437698364258,"Female"
"9004151",371994,2025-05-23 10:37:55,42.4505043029785,-8.91750144958496,"Female"
"9004151",371994,2025-05-23 10:42:55,42.4504318237305,-8.91748809814453,"Female"
"9004151",371994,2025-05-23 10:47:54,42.4505081176758,-8.91756916046143,"Female"
"9004151",371994,2025-05-23 10:52:55,42.4504661560059,-8.91747570037842,"Female"
"9004151",371994,2025-05-23 10:57:55,42.4503135681152,-8.91743564605713,"Female"
"9004151",371994,2025-05-23 11:02:55,42.4504661560059,-8.91737651824951,"Female"
"9004151",371994,2025-05-23 11:07:55,42.4504661560059,-8.91735076904297,"Female"
"9004151",371994,2025-05-23 11:12:55,42.4504356384277,-8.91731929779053,"Female"
"9004151",371994,2025-05-23 11:17:55,42.4504776000977,-8.91738128662109,"Female"
"9004151",371994,2025-05-23 11:22:55,42.4504776000977,-8.91745090484619,"Female"
"9004151",371994,2025-05-23 11:27:55,42.4504699707031,-8.91730976104736,"Female"
"9004151",371994,2025-05-23 11:32:55,42.4504661560059,-8.9173002243042,"Female"
"9004151",371994,2025-05-23 11:37:55,42.4504661560059,-8.91735935211182,"Female"
"9004151",371994,2025-05-23 11:42:55,42.4504356384277,-8.91734790802002,"Female"
"9004151",371994,2025-05-23 11:47:55,42.4504814147949,-8.91744136810303,"Female"
"9004151",371994,2025-05-23 11:52:55,42.4503974914551,-8.91734218597412,"Female"
"9004151",371994,2025-05-23 11:57:55,42.4504127502441,-8.91726207733154,"Female"
"9004151",371994,2025-05-23 12:02:55,42.4503974914551,-8.91728115081787,"Female"
"9004151",371994,2025-05-23 12:07:55,42.4504776000977,-8.917405128479,"Female"
"9004151",371994,2025-05-23 12:12:55,42.4505043029785,-8.91733551025391,"Female"
"9004151",371994,2025-05-23 12:17:55,42.4423217773438,-8.90543651580811,"Female"
"9004151",371994,2025-05-23 12:22:55,42.4417304992676,-8.90482521057129,"Female"
"9004151",371994,2025-05-23 12:27:58,42.4402008056641,-8.90410327911377,"Female"
"9004151",371994,2025-05-23 12:33:48,42.4402847290039,-8.90445613861084,"Female"
"9004151",371994,2025-05-23 12:39:05,42.4411125183105,-8.90171146392822,"Female"
"9004151",371994,2025-05-23 12:44:34,42.4408226013184,-8.90168762207031,"Female"
"9004151",371994,2025-05-23 12:50:05,42.4402313232422,-8.90046787261963,"Female"
"9004151",371994,2025-05-23 12:55:16,42.4407501220703,-8.89926338195801,"Female"
"9004151",371994,2025-05-23 13:00:16,42.4405403137207,-8.89704036712646,"Female"
"9004151",371994,2025-05-23 13:05:15,42.4397735595703,-8.89599227905273,"Female"
"9004151",371994,2025-05-23 13:10:48,42.4395751953125,-8.89813995361328,"Female"
"9004151",371994,2025-05-23 13:19:05,42.4390144348145,-8.89938068389893,"Female"
"9004151",371994,2025-05-23 13:23:33,42.4402923583984,-8.90346050262451,"Female"
"9004151",371994,2025-05-23 13:28:33,42.4405212402344,-8.90274715423584,"Female"
"9004151",371994,2025-05-23 13:33:33,42.4404983520508,-8.90153217315674,"Female"
"9004151",371994,2025-05-23 13:38:51,42.440975189209,-8.90167331695557,"Female"
"9004151",371994,2025-05-23 13:43:52,42.440258026123,-8.90321254730225,"Female"
"9004151",371994,2025-05-23 13:48:57,42.439640045166,-8.90364933013916,"Female"
"9004151",371994,2025-05-23 13:54:13,42.4388771057129,-8.9037561416626,"Female"
"9004151",371994,2025-05-23 13:59:29,42.4389495849609,-8.90331554412842,"Female"
"9004151",371994,2025-05-23 14:04:28,42.4401245117188,-8.90399074554443,"Female"
"9004151",371994,2025-05-23 14:09:51,42.4409217834473,-8.9038143157959,"Female"
"9004151",371994,2025-05-23 14:15:08,42.4428863525391,-8.90306854248047,"Female"
"9004151",371994,2025-05-23 14:20:09,42.441535949707,-8.90306949615479,"Female"
"9004151",371994,2025-05-23 14:25:52,42.441535949707,-8.90334987640381,"Female"
"9004151",371994,2025-05-23 14:30:54,42.4406929016113,-8.90346813201904,"Female"
"9004151",371994,2025-05-23 14:36:06,42.4411811828613,-8.90360164642334,"Female"
"9004151",371994,2025-05-23 14:41:27,42.4401168823242,-8.90255832672119,"Female"
"9004151",371994,2025-05-23 14:46:18,42.4396591186523,-8.90243530273438,"Female"
"9004151",371994,2025-05-23 14:51:18,42.4394378662109,-8.90204906463623,"Female"
"9004151",371994,2025-05-23 14:56:44,42.4393920898438,-8.90064907073975,"Female"
"9004151",371994,2025-05-23 15:01:36,42.4390296936035,-8.90115547180176,"Female"
"9004151",371994,2025-05-23 15:06:37,42.4388656616211,-8.90123176574707,"Female"
"9004151",371994,2025-05-23 15:11:41,42.4376258850098,-8.90218544006348,"Female"
"9004151",371994,2025-05-23 15:16:37,42.4367027282715,-8.90466690063477,"Female"
"9004151",371994,2025-05-23 15:21:39,42.4366760253906,-8.90535545349121,"Female"
"9004151",371994,2025-05-23 15:26:45,42.4368629455566,-8.90490913391113,"Female"
"9004151",371994,2025-05-23 15:31:36,42.4362449645996,-8.90540027618408,"Female"
"9004151",371994,2025-05-23 15:36:37,42.4354133605957,-8.90603446960449,"Female"
"9004151",371994,2025-05-23 15:42:05,42.435173034668,-8.90597629547119,"Female"
"9004151",371994,2025-05-23 15:46:37,42.4342155456543,-8.90601062774658,"Female"
"9004151",371994,2025-05-23 15:51:37,42.4324836730957,-8.90635395050049,"Female"
"9004151",371994,2025-05-23 15:57:08,42.4305305480957,-8.90589237213135,"Female"
"9004151",371994,2025-05-23 16:02:06,42.4273834228516,-8.90851497650146,"Female"
"9004151",371994,2025-05-23 16:07:07,42.4001808166504,-8.92096614837646,"Female"
"9004151",371994,2025-05-23 16:12:06,42.4003067016602,-8.92088890075684,"Female"
"9004151",371994,2025-05-23 16:17:07,42.4003028869629,-8.92085647583008,"Female"
"9004151",371994,2025-05-23 16:22:07,42.4001426696777,-8.92077255249023,"Female"
"9004151",371994,2025-05-23 16:27:07,42.4003219604492,-8.9208927154541,"Female"
"9004151",371994,2025-05-23 16:32:07,42.4002838134766,-8.92093658447266,"Female"
"9004151",371994,2025-05-23 16:37:26,42.4002265930176,-8.9208517074585,"Female"
"9004151",371994,2025-05-23 16:42:43,42.4003601074219,-8.9210376739502,"Female"
"9004151",371994,2025-05-23 16:48:19,42.4006042480469,-8.92143535614014,"Female"
"9004151",371994,2025-05-23 16:53:28,42.4003295898438,-8.92090034484863,"Female"
"9004151",371994,2025-05-23 16:58:37,42.4005126953125,-8.92114543914795,"Female"
"9004151",371994,2025-05-23 17:03:48,42.4001770019531,-8.92073249816895,"Female"
"9004151",371994,2025-05-23 17:08:20,42.4004859924316,-8.9210090637207,"Female"
"9004151",371994,2025-05-23 17:13:19,42.4005393981934,-8.92100811004639,"Female"
"9004151",371994,2025-05-23 17:18:19,42.4001808166504,-8.92076301574707,"Female"
"9004151",371994,2025-05-23 17:23:22,42.4002380371094,-8.92091941833496,"Female"
"9004151",371994,2025-05-23 17:28:19,42.4002342224121,-8.92092132568359,"Female"
"9004151",371994,2025-05-23 17:33:28,42.4004364013672,-8.92112350463867,"Female"
"9004151",371994,2025-05-23 17:38:20,42.4004859924316,-8.92099571228027,"Female"
"9004151",371994,2025-05-23 17:43:24,42.4004058837891,-8.92106628417969,"Female"
"9004151",371994,2025-05-23 17:48:30,42.4004211425781,-8.92080879211426,"Female"
"9004151",371994,2025-05-23 17:53:32,42.4005584716797,-8.92065334320068,"Female"
"9004151",371994,2025-05-23 17:58:25,42.4005661010742,-8.92084789276123,"Female"
"9004151",371994,2025-05-23 18:03:30,42.4005661010742,-8.92124557495117,"Female"
"9004151",371994,2025-05-23 18:08:23,42.4007911682129,-8.920823097229,"Female"
"9004151",371994,2025-05-23 18:13:53,42.4005088806152,-8.92090797424316,"Female"
"9004151",371994,2025-05-23 18:18:18,42.4005126953125,-8.92073249816895,"Female"
"9004151",371994,2025-05-23 18:23:18,42.4004783630371,-8.92079544067383,"Female"
"9004151",371994,2025-05-23 18:29:43,42.4005279541016,-8.92057132720947,"Female"
"9004151",371994,2025-05-23 18:33:47,42.4004745483398,-8.9206371307373,"Female"
"9004151",371994,2025-05-23 18:38:21,42.4006881713867,-8.92111206054688,"Female"
"9004151",371994,2025-05-23 18:43:30,42.4004974365234,-8.92083644866943,"Female"
"9004151",371994,2025-05-23 18:48:53,42.4004974365234,-8.92108917236328,"Female"
"9004151",371994,2025-05-23 18:53:19,42.4004745483398,-8.92098140716553,"Female"
"9004151",371994,2025-05-23 18:58:20,42.4005393981934,-8.92098903656006,"Female"
"9004151",371994,2025-05-23 19:03:19,42.4007263183594,-8.9213809967041,"Female"
"9004151",371994,2025-05-23 19:08:19,42.4008903503418,-8.92035388946533,"Female"
"9004151",371994,2025-05-23 19:13:21,42.4008483886719,-8.92049980163574,"Female"
"9004151",371994,2025-05-23 19:18:20,42.4008636474609,-8.92058849334717,"Female"
"9004151",371994,2025-05-23 19:23:20,42.4008598327637,-8.92067337036133,"Female"
"9004151",371994,2025-05-23 19:28:20,42.4008102416992,-8.92062950134277,"Female"
"9004151",371994,2025-05-23 19:33:19,42.4006729125977,-8.92072200775146,"Female"
"9004151",371994,2025-05-23 19:38:20,42.4010429382324,-8.92184638977051,"Female"
"9004151",371994,2025-05-23 19:43:19,42.4005546569824,-8.92117977142334,"Female"
"9004151",371994,2025-05-23 19:48:19,42.400707244873,-8.92086315155029,"Female"
"9004151",371994,2025-05-23 19:53:19,42.4007034301758,-8.92079257965088,"Female"
"9004151",371994,2025-05-23 19:58:19,42.4006729125977,-8.92077732086182,"Female"
"9004151",371994,2025-05-23 20:03:19,42.4008636474609,-8.92079639434814,"Female"
"9004151",371994,2025-05-23 20:08:19,42.4008026123047,-8.92084789276123,"Female"
"9004151",371994,2025-05-23 20:13:19,42.4008636474609,-8.92079448699951,"Female"
"9004151",371994,2025-05-23 20:18:20,42.4009170532227,-8.92076778411865,"Female"
"9004151",371994,2025-05-23 20:23:19,42.4009590148926,-8.92075061798096,"Female"
"9004151",371994,2025-05-23 20:28:20,42.4011306762695,-8.92070484161377,"Female"
"9004151",371994,2025-05-23 20:33:23,42.4011764526367,-8.92067432403564,"Female"
"9004151",371994,2025-05-23 20:38:23,42.4016876220703,-8.92173480987549,"Female"
"9004151",371994,2025-05-23 20:43:27,42.4011039733887,-8.92066764831543,"Female"
"9004151",371994,2025-05-23 20:48:50,42.4005584716797,-8.92083168029785,"Female"
"9004151",371994,2025-05-23 20:53:19,42.4006309509277,-8.92083644866943,"Female"
"9004151",371994,2025-05-23 20:58:19,42.4007301330566,-8.92107486724854,"Female"
"9004151",371994,2025-05-23 21:03:19,42.4006652832031,-8.92113399505615,"Female"
"9004151",371994,2025-05-23 21:08:18,42.400707244873,-8.92113208770752,"Female"
"9004151",371994,2025-05-23 21:13:19,42.4005851745605,-8.92110157012939,"Female"
"9004151",371994,2025-05-23 21:18:19,42.4003067016602,-8.921067237854,"Female"
"9004151",371994,2025-05-23 21:23:19,42.4003067016602,-8.92101192474365,"Female"
"9004151",371994,2025-05-23 21:28:20,42.4002532958984,-8.92093849182129,"Female"
"9004151",371994,2025-05-23 21:33:20,42.400463104248,-8.92103576660156,"Female"
"9004151",371994,2025-05-23 21:38:20,42.4000816345215,-8.92094898223877,"Female"
"9004151",371994,2025-05-23 21:43:22,42.4001007080078,-8.92130279541016,"Female"
"9004151",371994,2025-05-23 21:48:38,42.4000511169434,-8.92214202880859,"Female"
"9004151",371994,2025-05-23 21:53:20,42.4005355834961,-8.92346286773682,"Female"
"9004151",371994,2025-05-23 21:58:20,42.4008293151855,-8.92136096954346,"Female"
"9004151",371994,2025-05-23 22:03:20,42.4007568359375,-8.92289447784424,"Female"
"9004151",371994,2025-05-23 22:08:19,42.4008255004883,-8.92200374603271,"Female"
"9004151",371994,2025-05-23 22:13:19,42.4009895324707,-8.92250919342041,"Female"
"9004151",371994,2025-05-23 22:18:22,42.4010772705078,-8.92265701293945,"Female"
"9004151",371994,2025-05-23 22:23:21,42.401065826416,-8.92241287231445,"Female"
"9004151",371994,2025-05-23 22:28:20,42.4010848999023,-8.92223358154297,"Female"
"9004151",371994,2025-05-23 22:33:19,42.4011878967285,-8.9222354888916,"Female"
"9004151",371994,2025-05-23 22:38:20,42.400749206543,-8.92184543609619,"Female"
"9004151",371994,2025-05-23 22:43:20,42.4008140563965,-8.92200183868408,"Female"
"9004151",371994,2025-05-23 22:48:21,42.4005126953125,-8.92162132263184,"Female"
"9004151",371994,2025-05-23 22:53:20,42.4004592895508,-8.92155170440674,"Female"
"9004151",371994,2025-05-23 22:58:19,42.400562286377,-8.92178535461426,"Female"
"9004151",371994,2025-05-23 23:03:19,42.4003753662109,-8.92135524749756,"Female"
"9004151",371994,2025-05-23 23:08:19,42.4007034301758,-8.92219638824463,"Female"
"9004151",371994,2025-05-23 23:13:19,42.4004898071289,-8.92173767089844,"Female"
"9004151",371994,2025-05-23 23:18:20,42.4004020690918,-8.92145538330078,"Female"
"9004151",371994,2025-05-23 23:23:19,42.4003982543945,-8.92143821716309,"Female"
"9004151",371994,2025-05-23 23:28:20,42.4005279541016,-8.92218399047852,"Female"
"9004151",371994,2025-05-23 23:33:19,42.4003677368164,-8.92138195037842,"Female"
"9004151",371994,2025-05-23 23:38:32,42.4002838134766,-8.92074108123779,"Female"
"9004151",371994,2025-05-23 23:43:20,42.4003105163574,-8.92126178741455,"Female"
"9004151",371994,2025-05-23 23:48:31,42.4001350402832,-8.92099189758301,"Female"
"9004151",371994,2025-05-23 23:53:57,42.4001274108887,-8.92102146148682,"Female"
"9004151",371994,2025-05-23 23:58:23,42.4002952575684,-8.92117881774902,"Female"
"9004151",371994,2025-05-24 00:04:01,42.4005126953125,-8.92092037200928,"Female"
"9004151",371994,2025-05-24 00:08:39,42.4006271362305,-8.92086601257324,"Female"
"9004151",371994,2025-05-24 00:13:41,42.4006462097168,-8.92090320587158,"Female"
"9004151",371994,2025-05-24 00:18:31,42.4006042480469,-8.92088413238525,"Female"
"9004151",371994,2025-05-24 00:23:44,42.4005813598633,-8.92095565795898,"Female"
"9004151",371994,2025-05-24 00:28:22,42.4005126953125,-8.92105197906494,"Female"
"9004151",371994,2025-05-24 00:33:21,42.4004554748535,-8.92110538482666,"Female"
"9004151",371994,2025-05-24 00:38:21,42.4005393981934,-8.92105197906494,"Female"
"9004151",371994,2025-05-24 00:43:19,42.4004364013672,-8.92097663879395,"Female"
"9004151",371994,2025-05-24 00:48:19,42.400318145752,-8.92102432250977,"Female"
"9004151",371994,2025-05-24 00:53:19,42.4004669189453,-8.92100811004639,"Female"
"9004151",371994,2025-05-24 00:58:19,42.4004325866699,-8.92090320587158,"Female"
"9004151",371994,2025-05-24 01:03:20,42.400318145752,-8.9207706451416,"Female"
"9004151",371994,2025-05-24 01:08:19,42.4003601074219,-8.92097949981689,"Female"
"9004151",371994,2025-05-24 01:13:19,42.4003791809082,-8.92093181610107,"Female"
"9004151",371994,2025-05-24 01:18:19,42.4002990722656,-8.92083358764648,"Female"
"9004151",371994,2025-05-24 01:23:19,42.4003791809082,-8.9209451675415,"Female"
"9004151",371994,2025-05-24 01:28:19,42.4004211425781,-8.92096710205078,"Female"
"9004151",371994,2025-05-24 01:33:19,42.4001579284668,-8.92106914520264,"Female"
"9004151",371994,2025-05-24 01:38:19,42.400146484375,-8.92119789123535,"Female"
"9004151",371994,2025-05-24 01:43:19,42.4001960754395,-8.92102813720703,"Female"
"9004151",371994,2025-05-24 01:48:20,42.4000244140625,-8.92114067077637,"Female"
"9004151",371994,2025-05-24 01:53:29,42.4002113342285,-8.92088794708252,"Female"
"9004151",371994,2025-05-24 01:58:20,42.4000282287598,-8.92121887207031,"Female"
"9004151",371994,2025-05-24 02:03:20,42.3999137878418,-8.92086601257324,"Female"
"9004151",371994,2025-05-24 02:08:19,42.3999786376953,-8.9212064743042,"Female"
"9004151",371994,2025-05-24 02:13:19,42.4000091552734,-8.9211368560791,"Female"
"9004151",371994,2025-05-24 02:18:19,42.3999443054199,-8.92114353179932,"Female"
"9004151",371994,2025-05-24 02:23:21,42.399715423584,-8.92140769958496,"Female"
"9004151",371994,2025-05-24 02:28:21,42.3996238708496,-8.92118835449219,"Female"
"9004151",371994,2025-05-24 02:33:24,42.3998756408691,-8.92107582092285,"Female"
"9004151",371994,2025-05-24 02:38:50,42.4003715515137,-8.92081928253174,"Female"
"9004151",371994,2025-05-24 02:43:20,42.400447845459,-8.92079162597656,"Female"
"9004151",371994,2025-05-24 02:48:21,42.4005584716797,-8.92071437835693,"Female"
"9004151",371994,2025-05-24 02:53:21,42.400218963623,-8.92117500305176,"Female"
"9004151",371994,2025-05-24 02:58:23,42.4005661010742,-8.92190837860107,"Female"
"9004151",371994,2025-05-24 03:03:31,42.4005813598633,-8.92072200775146,"Female"
"9004151",371994,2025-05-24 03:08:19,42.4007225036621,-8.92064476013184,"Female"
"9004151",371994,2025-05-24 03:13:22,42.4005126953125,-8.92088794708252,"Female"
"9004151",371994,2025-05-24 03:18:35,42.4004287719727,-8.92159652709961,"Female"
"9004151",371994,2025-05-24 03:23:42,42.4002990722656,-8.92150974273682,"Female"
"9004151",371994,2025-05-24 03:28:21,42.4008941650391,-8.92147064208984,"Female"
"9004151",371994,2025-05-24 03:33:39,42.4003829956055,-8.92154502868652,"Female"
"9004151",371994,2025-05-24 03:38:31,42.4004707336426,-8.92188262939453,"Female"
"9004151",371994,2025-05-24 03:44:15,42.4004096984863,-8.9210786819458,"Female"
"9004151",371994,2025-05-24 03:49:32,42.4004173278809,-8.92107105255127,"Female"
"9004151",371994,2025-05-24 03:53:47,42.4004135131836,-8.92110252380371,"Female"
"9004151",371994,2025-05-24 03:58:59,42.4004173278809,-8.92097187042236,"Female"
"9004151",371994,2025-05-24 04:04:43,42.4004402160645,-8.92101955413818,"Female"
"9004151",371994,2025-05-24 04:08:18,42.4004058837891,-8.92115211486816,"Female"
"9004151",371994,2025-05-24 04:13:20,42.4004745483398,-8.92086887359619,"Female"
"9004151",371994,2025-05-24 04:18:22,42.4003982543945,-8.9210958480835,"Female"
"9004151",371994,2025-05-24 04:23:43,42.4004325866699,-8.92099952697754,"Female"
"9004151",371994,2025-05-24 04:28:21,42.400333404541,-8.92124080657959,"Female"
"9004151",371994,2025-05-24 04:33:21,42.4004707336426,-8.92091178894043,"Female"
"9004151",371994,2025-05-24 04:38:20,42.4003257751465,-8.92107582092285,"Female"
"9004151",371994,2025-05-24 04:43:19,42.4004440307617,-8.92095947265625,"Female"
"9004151",371994,2025-05-24 04:50:27,42.4004554748535,-8.92110633850098,"Female"
"9004151",371994,2025-05-24 04:55:20,42.4004402160645,-8.92117118835449,"Female"
"9004151",371994,2025-05-24 05:00:29,42.4003753662109,-8.92227840423584,"Female"
"9004151",371994,2025-05-24 05:05:20,42.4001808166504,-8.92180442810059,"Female"
"9004151",371994,2025-05-24 05:10:22,42.4002380371094,-8.92183876037598,"Female"
"9004151",371994,2025-05-24 05:15:21,42.400203704834,-8.92192935943604,"Female"
"9004151",371994,2025-05-24 05:20:22,42.4001731872559,-8.92208385467529,"Female"
"9004151",371994,2025-05-24 05:25:20,42.4001693725586,-8.922043800354,"Female"
"9004151",371994,2025-05-24 05:30:20,42.4001731872559,-8.92203521728516,"Female"
"9004151",371994,2025-05-24 05:35:20,42.400074005127,-8.92220878601074,"Female"
"9004151",371994,2025-05-24 05:40:21,42.4002952575684,-8.9217643737793,"Female"
"9004151",371994,2025-05-24 05:45:22,42.4002952575684,-8.9218635559082,"Female"
"9004151",371994,2025-05-24 05:50:21,42.3998603820801,-8.9228982925415,"Female"
"9004151",371994,2025-05-24 05:55:28,42.3995208740234,-8.92245197296143,"Female"
"9004151",371994,2025-05-24 06:00:20,42.3983688354492,-8.91948509216309,"Female"
"9004151",371994,2025-05-24 06:05:20,42.3979797363281,-8.91952991485596,"Female"
"9004151",371994,2025-05-24 06:10:20,42.3980331420898,-8.92063903808594,"Female"
"9004151",371994,2025-05-24 06:15:21,42.4024391174316,-8.91998386383057,"Female"
"9004151",371994,2025-05-24 06:20:19,42.4201774597168,-8.90274429321289,"Female"
"9004151",371994,2025-05-24 06:26:31,42.4284629821777,-8.89924621582031,"Female"
"9004151",371994,2025-05-24 06:31:30,42.4274368286133,-8.89968490600586,"Female"
"9004151",371994,2025-05-24 06:36:30,42.4282302856445,-8.89433479309082,"Female"
"9004151",371994,2025-05-24 06:41:30,42.4302024841309,-8.88099479675293,"Female"
"9004151",371994,2025-05-24 06:46:30,42.4302406311035,-8.88105297088623,"Female"
"9004151",371994,2025-05-24 06:51:30,42.4301376342773,-8.88092136383057,"Female"
"9004151",371994,2025-05-24 06:56:30,42.4301986694336,-8.88103199005127,"Female"
"9004151",371994,2025-05-24 07:01:30,42.430233001709,-8.88098239898682,"Female"
"9004151",371994,2025-05-24 07:06:30,42.4302062988281,-8.88088989257812,"Female"
"9004151",371994,2025-05-24 07:11:30,42.4302406311035,-8.88092041015625,"Female"
"9004151",371994,2025-05-24 07:16:30,42.4301834106445,-8.88087463378906,"Female"
"9004151",371994,2025-05-24 07:21:30,42.4301795959473,-8.88084030151367,"Female"
"9004151",371994,2025-05-24 07:26:30,42.4301376342773,-8.88078308105469,"Female"
"9004151",371994,2025-05-24 07:31:30,42.4301147460938,-8.88071441650391,"Female"
"9004151",371994,2025-05-24 07:36:45,42.4300651550293,-8.8806209564209,"Female"
"9004151",371994,2025-05-24 07:41:30,42.4300308227539,-8.88065624237061,"Female"
"9004151",371994,2025-05-24 07:46:30,42.430004119873,-8.88047409057617,"Female"
"9004151",371994,2025-05-24 07:51:30,42.4301605224609,-8.88078212738037,"Female"
"9004151",371994,2025-05-24 07:56:29,42.4300422668457,-8.8805980682373,"Female"
"9004151",371994,2025-05-24 08:01:30,42.4300537109375,-8.8806209564209,"Female"
"9004151",371994,2025-05-24 08:06:30,42.4299545288086,-8.8803825378418,"Female"
"9004151",371994,2025-05-24 08:11:30,42.4358673095703,-8.8959436416626,"Female"
"9004151",371994,2025-05-24 08:16:30,42.4363822937012,-8.89730834960938,"Female"
"9004151",371994,2025-05-24 08:21:30,42.4369010925293,-8.89825248718262,"Female"
"9004151",371994,2025-05-24 08:26:31,42.4385375976562,-8.89989280700684,"Female"
"9004151",371994,2025-05-24 08:33:14,42.4390029907227,-8.90165233612061,"Female"
"9004151",371994,2025-05-24 08:38:24,42.4395980834961,-8.90362548828125,"Female"
"9004151",371994,2025-05-24 08:43:25,42.4391441345215,-8.90414237976074,"Female"
"9004151",371994,2025-05-24 08:49:01,42.4394149780273,-8.90357303619385,"Female"
"9004151",371994,2025-05-24 08:55:11,42.437572479248,-8.90624809265137,"Female"
"9004151",371994,2025-05-24 09:00:51,42.4371757507324,-8.90938091278076,"Female"
"9004151",371994,2025-05-24 09:05:57,42.4363479614258,-8.9095630645752,"Female"
"9004151",371994,2025-05-24 09:10:55,42.4382934570312,-8.90946865081787,"Female"
"9004151",371994,2025-05-24 09:15:56,42.4400062561035,-8.90566825866699,"Female"
"9004151",371994,2025-05-24 09:21:10,42.440788269043,-8.90718078613281,"Female"
"9004151",371994,2025-05-24 09:26:27,42.4409332275391,-8.90377140045166,"Female"
"9004151",371994,2025-05-24 09:33:08,42.4414939880371,-8.90203285217285,"Female"
"9004151",371994,2025-05-24 09:38:14,42.441162109375,-8.90167999267578,"Female"
"9004151",371994,2025-05-24 09:43:31,42.4386749267578,-8.90406894683838,"Female"
"9004151",371994,2025-05-24 09:48:53,42.4373054504395,-8.90269565582275,"Female"
"9004151",371994,2025-05-24 09:53:54,42.4385795593262,-8.90365123748779,"Female"
"9004151",371994,2025-05-24 09:58:55,42.4395523071289,-8.90466976165771,"Female"
"9004151",371994,2025-05-24 10:03:58,42.4511566162109,-8.93343353271484,"Female"
"9004151",371994,2025-05-24 10:08:54,42.4670448303223,-8.9442663192749,"Female"
"9004151",371994,2025-05-24 10:13:53,42.4821739196777,-8.93500518798828,"Female"
"9004151",371994,2025-05-24 10:18:53,42.5081558227539,-8.91859149932861,"Female"
"9004151",371994,2025-05-24 10:23:53,42.5208015441895,-8.87730598449707,"Female"
"9004151",371994,2025-05-24 10:29:18,42.5334777832031,-8.85196590423584,"Female"
"9004151",371994,2025-05-24 10:39:15,42.5345115661621,-8.84884929656982,"Female"
"9004151",371994,2025-05-24 10:45:01,42.5356216430664,-8.8490104675293,"Female"
"9004151",371994,2025-05-24 10:51:00,42.5358963012695,-8.84822559356689,"Female"
"9004151",371994,2025-05-24 10:55:41,42.5352516174316,-8.84821224212646,"Female"
"9004151",371994,2025-05-24 11:01:03,42.5338592529297,-8.84822273254395,"Female"
"9004151",371994,2025-05-24 11:05:39,42.5333633422852,-8.84861946105957,"Female"
"9004151",371994,2025-05-24 11:10:40,42.5379447937012,-8.85368824005127,"Female"
"9004151",371994,2025-05-24 11:15:39,42.5373191833496,-8.8539981842041,"Female"
"9004151",371994,2025-05-24 11:20:46,42.5370407104492,-8.85404300689697,"Female"
"9004151",371994,2025-05-24 11:25:53,42.5369110107422,-8.85386085510254,"Female"
"9004151",371994,2025-05-24 11:30:40,42.5366287231445,-8.85375690460205,"Female"
"9004151",371994,2025-05-24 11:35:39,42.5362777709961,-8.85370063781738,"Female"
"9004151",371994,2025-05-24 11:40:42,42.5361518859863,-8.85348415374756,"Female"
"9004151",371994,2025-05-24 11:45:43,42.5360717773438,-8.85339450836182,"Female"
"9004151",371994,2025-05-24 11:50:41,42.5361175537109,-8.85293102264404,"Female"
"9004151",371994,2025-05-24 11:55:41,42.5362205505371,-8.85280704498291,"Female"
"9004151",371994,2025-05-24 12:00:40,42.5361366271973,-8.85256290435791,"Female"
"9004151",371994,2025-05-24 12:05:40,42.536060333252,-8.85260200500488,"Female"
"9004151",371994,2025-05-24 12:10:40,42.536003112793,-8.8521728515625,"Female"
"9004151",371994,2025-05-24 12:15:56,42.5360374450684,-8.84926128387451,"Female"
"9004151",371994,2025-05-24 12:21:15,42.536678314209,-8.84882545471191,"Female"
"9004151",371994,2025-05-24 12:26:41,42.5364608764648,-8.8484354019165,"Female"
"9004151",371994,2025-05-24 12:31:40,42.5369300842285,-8.847975730896,"Female"
"9004151",371994,2025-05-24 12:36:40,42.5374908447266,-8.84860229492188,"Female"
"9004151",371994,2025-05-24 12:41:41,42.5384712219238,-8.84775257110596,"Female"
"9004151",371994,2025-05-24 12:46:58,42.5388717651367,-8.84719944000244,"Female"
"9004151",371994,2025-05-24 12:52:13,42.5384330749512,-8.84772682189941,"Female"
"9004151",371994,2025-05-24 12:57:43,42.5386085510254,-8.84790706634521,"Female"
"9004151",371994,2025-05-24 13:03:24,42.5377578735352,-8.84677410125732,"Female"
"9004151",371994,2025-05-24 13:08:17,42.5363388061523,-8.84728050231934,"Female"
"9004151",371994,2025-05-24 13:13:18,42.5352249145508,-8.8478536605835,"Female"
"9004151",371994,2025-05-24 13:18:19,42.5353927612305,-8.84754943847656,"Female"
"9004151",371994,2025-05-24 13:23:48,42.5348930358887,-8.84735584259033,"Female"
"9004151",371994,2025-05-24 13:28:36,42.5263481140137,-8.84676551818848,"Female"
"9004151",371994,2025-05-24 13:33:34,42.5263137817383,-8.84679698944092,"Female"
"9004151",371994,2025-05-24 13:38:34,42.5263061523438,-8.84676551818848,"Female"
"9004151",371994,2025-05-24 13:43:34,42.5262985229492,-8.84687805175781,"Female"
"9004151",371994,2025-05-24 13:48:34,42.5262832641602,-8.84690761566162,"Female"
"9004151",371994,2025-05-24 13:53:34,42.5262336730957,-8.84691619873047,"Female"
"9004151",371994,2025-05-24 13:58:34,42.5262184143066,-8.84689998626709,"Female"
"9004151",371994,2025-05-24 14:04:05,42.5262260437012,-8.84724712371826,"Female"
"9004151",371994,2025-05-24 14:08:33,42.5262298583984,-8.84725189208984,"Female"
"9004151",371994,2025-05-24 14:13:33,42.5262260437012,-8.84727954864502,"Female"
"9004151",371994,2025-05-24 14:18:33,42.5262603759766,-8.84729957580566,"Female"
"9004151",371994,2025-05-24 14:23:34,42.5262222290039,-8.84713935852051,"Female"
"9004151",371994,2025-05-24 14:28:33,42.5262069702148,-8.84716701507568,"Female"
"9004151",371994,2025-05-24 14:33:34,42.5261878967285,-8.84712886810303,"Female"
"9004151",371994,2025-05-24 14:38:34,42.5261993408203,-8.84715175628662,"Female"
"9004151",371994,2025-05-24 14:43:34,42.5261573791504,-8.8472261428833,"Female"
"9004151",371994,2025-05-24 14:48:34,42.5260200500488,-8.84717178344727,"Female"
"9004151",371994,2025-05-24 14:53:34,42.5261726379395,-8.84716987609863,"Female"
"9004151",371994,2025-05-24 14:58:34,42.5261497497559,-8.84715747833252,"Female"
"9004151",371994,2025-05-24 15:03:33,42.5261611938477,-8.84720039367676,"Female"
"9004151",371994,2025-05-24 15:08:33,42.5260467529297,-8.84722232818604,"Female"
"9004151",371994,2025-05-24 15:13:34,42.5286598205566,-8.85024356842041,"Female"
"9004151",371994,2025-05-24 15:18:34,42.5291976928711,-8.84959030151367,"Female"
"9004151",371994,2025-05-24 15:23:34,42.5298957824707,-8.84887790679932,"Female"
"9004151",371994,2025-05-24 15:28:43,42.5300941467285,-8.8485631942749,"Female"
"9004151",371994,2025-05-24 15:33:39,42.5296783447266,-8.84890460968018,"Female"
"9004151",371994,2025-05-24 15:38:34,42.529541015625,-8.84762191772461,"Female"
"9004151",371994,2025-05-24 15:43:34,42.5301132202148,-8.84723567962646,"Female"
"9004151",371994,2025-05-24 15:48:38,42.5302772521973,-8.84745025634766,"Female"
"9004151",371994,2025-05-24 15:53:36,42.5305557250977,-8.8474292755127,"Female"
"9004151",371994,2025-05-24 15:58:36,42.5310974121094,-8.84708023071289,"Female"
"9004151",371994,2025-05-24 16:04:05,42.532112121582,-8.84707260131836,"Female"
"9004151",371994,2025-05-24 16:09:16,42.5356178283691,-8.84889221191406,"Female"
"9004151",371994,2025-05-24 16:14:13,42.5363922119141,-8.84756565093994,"Female"
"9004151",371994,2025-05-24 16:19:17,42.5358543395996,-8.84807300567627,"Female"
"9004151",371994,2025-05-24 16:24:27,42.5355339050293,-8.84738254547119,"Female"
"9004151",371994,2025-05-24 16:29:37,42.5356292724609,-8.84724044799805,"Female"
"9004151",371994,2025-05-24 16:34:36,42.5368423461914,-8.84772205352783,"Female"
"9004151",371994,2025-05-24 16:39:36,42.537296295166,-8.84728717803955,"Female"
"9004151",371994,2025-05-24 16:44:58,42.5373268127441,-8.84832954406738,"Female"
"9004151",371994,2025-05-24 16:49:59,42.5362434387207,-8.84787654876709,"Female"
"9004151",371994,2025-05-24 16:54:57,42.5361366271973,-8.84773921966553,"Female"
"9004151",371994,2025-05-24 16:59:57,42.536247253418,-8.84745788574219,"Female"
"9004151",371994,2025-05-24 17:05:00,42.5363616943359,-8.84724617004395,"Female"
"9004151",371994,2025-05-24 17:09:59,42.5369300842285,-8.84750938415527,"Female"
"9004151",371994,2025-05-24 17:14:57,42.5368194580078,-8.84806632995605,"Female"
"9004151",371994,2025-05-24 17:19:57,42.5373420715332,-8.84828090667725,"Female"
"9004151",371994,2025-05-24 17:24:59,42.5376434326172,-8.8484001159668,"Female"
"9004151",371994,2025-05-24 17:29:59,42.5378303527832,-8.84857654571533,"Female"
"9004151",371994,2025-05-24 17:34:57,42.5383148193359,-8.84859180450439,"Female"
"9004151",371994,2025-05-24 17:40:06,42.5386924743652,-8.84895706176758,"Female"
"9004151",371994,2025-05-24 17:44:57,42.5393447875977,-8.84761142730713,"Female"
"9004151",371994,2025-05-24 17:50:10,42.5405311584473,-8.84728717803955,"Female"
"9004151",371994,2025-05-24 17:55:34,42.5401268005371,-8.84788513183594,"Female"
"9004151",371994,2025-05-24 18:00:47,42.5388145446777,-8.84770488739014,"Female"
"9004151",371994,2025-05-24 18:06:56,42.5391006469727,-8.84778213500977,"Female"
"9004151",371994,2025-05-24 18:11:57,42.5263061523438,-8.84730339050293,"Female"
"9004151",371994,2025-05-24 18:16:57,42.5262336730957,-8.84736442565918,"Female"
"9004151",371994,2025-05-24 18:21:57,42.5263137817383,-8.84753704071045,"Female"
"9004151",371994,2025-05-24 18:27:14,42.526195526123,-8.84748268127441,"Female"
"9004151",371994,2025-05-24 18:32:17,42.5264739990234,-8.84790706634521,"Female"
"9004151",371994,2025-05-24 18:37:34,42.5226593017578,-8.8538875579834,"Female"
"9004151",371994,2025-05-24 18:42:11,42.4980430603027,-8.89174365997314,"Female"
"9004151",371994,2025-05-24 18:47:12,42.4781188964844,-8.93912029266357,"Female"
"9004151",371994,2025-05-24 18:52:17,42.4557342529297,-8.94498157501221,"Female"
"9004151",371994,2025-05-24 18:57:13,42.4542770385742,-8.94529151916504,"Female"
"9004151",371994,2025-05-24 19:02:11,42.4246368408203,-8.93646621704102,"Female"
"9004151",371994,2025-05-24 19:07:12,42.4004669189453,-8.92095279693604,"Female"
"9004151",371994,2025-05-24 19:12:12,42.4004745483398,-8.92091655731201,"Female"
"9004151",371994,2025-05-24 19:17:11,42.4004898071289,-8.92089557647705,"Female"
"9004151",371994,2025-05-24 19:22:25,42.4004554748535,-8.92097663879395,"Female"
"9004151",371994,2025-05-24 19:27:14,42.4004554748535,-8.92101573944092,"Female"
"9004151",371994,2025-05-24 19:32:14,42.4003067016602,-8.92136096954346,"Female"
"9004151",371994,2025-05-24 19:37:16,42.4005508422852,-8.92083168029785,"Female"
"9004151",371994,2025-05-24 19:42:18,42.400260925293,-8.92146110534668,"Female"
"9004151",371994,2025-05-24 19:47:17,42.4000625610352,-8.92170238494873,"Female"
"9004151",371994,2025-05-24 19:52:35,42.4004364013672,-8.92107486724854,"Female"
"9004151",371994,2025-05-24 19:57:12,42.4003601074219,-8.92109489440918,"Female"
"9004151",371994,2025-05-24 20:02:12,42.4004249572754,-8.92110252380371,"Female"
"9004151",371994,2025-05-24 20:07:13,42.4003257751465,-8.92130088806152,"Female"
"9004151",371994,2025-05-24 20:12:13,42.4007606506348,-8.92096042633057,"Female"
"9004151",371994,2025-05-24 20:17:23,42.4003562927246,-8.92132568359375,"Female"
"9004151",371994,2025-05-24 20:22:15,42.4000778198242,-8.92154216766357,"Female"
"9004151",371994,2025-05-24 20:27:14,42.4001655578613,-8.92139053344727,"Female"
"9004151",371994,2025-05-24 20:32:15,42.4008903503418,-8.92086696624756,"Female"
"9004151",371994,2025-05-24 20:37:19,42.4004211425781,-8.92110538482666,"Female"
"9004151",371994,2025-05-24 20:42:25,42.4004058837891,-8.92119121551514,"Female"
"9004151",371994,2025-05-24 20:47:16,42.4008598327637,-8.92133331298828,"Female"
"9004151",371994,2025-05-24 20:52:22,42.4002647399902,-8.92142772674561,"Female"
"9004151",371994,2025-05-24 20:57:13,42.4016265869141,-8.92199420928955,"Female"
"9004151",371994,2025-05-24 21:02:25,42.4004249572754,-8.92134475708008,"Female"
"9004151",371994,2025-05-24 21:07:12,42.4003295898438,-8.92098712921143,"Female"
"9004151",371994,2025-05-24 21:12:25,42.4001159667969,-8.92157363891602,"Female"
"9004151",371994,2025-05-24 21:17:11,42.4008140563965,-8.92193126678467,"Female"
"9004151",371994,2025-05-24 21:22:19,42.4004020690918,-8.92104530334473,"Female"
"9004151",371994,2025-05-24 21:27:28,42.400463104248,-8.92112064361572,"Female"
"9004151",371994,2025-05-24 21:32:25,42.4004287719727,-8.92104816436768,"Female"
"9004151",371994,2025-05-24 21:37:25,42.4001502990723,-8.92044448852539,"Female"
"9004151",371994,2025-05-24 21:42:27,42.4002418518066,-8.92070293426514,"Female"
"9004151",371994,2025-05-24 21:47:35,42.4004211425781,-8.92105960845947,"Female"
"9004151",371994,2025-05-24 21:52:12,42.4004096984863,-8.92109394073486,"Female"
"9004151",371994,2025-05-24 21:57:12,42.4004058837891,-8.92106819152832,"Female"
"9004151",371994,2025-05-24 22:02:15,42.4004554748535,-8.92094898223877,"Female"
"9004151",371994,2025-05-24 22:07:12,42.4005546569824,-8.9208984375,"Female"
"9004151",371994,2025-05-24 22:12:11,42.4004325866699,-8.92102813720703,"Female"
"9004151",371994,2025-05-24 22:17:12,42.4004135131836,-8.92105484008789,"Female"
"9004151",371994,2025-05-24 22:22:11,42.4004402160645,-8.92096519470215,"Female"
"9004151",371994,2025-05-24 22:27:11,42.4003868103027,-8.92108154296875,"Female"
"9004151",371994,2025-05-24 22:32:12,42.4004592895508,-8.92104148864746,"Female"
"9004151",371994,2025-05-24 22:37:12,42.400447845459,-8.92109107971191,"Female"
"9004151",371994,2025-05-24 22:42:13,42.4004364013672,-8.92101669311523,"Female"
"9004151",371994,2025-05-24 22:47:12,42.4003639221191,-8.92103099822998,"Female"
"9004151",371994,2025-05-24 22:52:12,42.4004783630371,-8.92093658447266,"Female"
"9004151",371994,2025-05-24 22:57:13,42.4004936218262,-8.92092418670654,"Female"
"9004151",371994,2025-05-24 23:02:13,42.4004211425781,-8.9210376739502,"Female"
"9004151",371994,2025-05-24 23:07:12,42.4003753662109,-8.92101097106934,"Female"
"9004151",371994,2025-05-24 23:12:13,42.4001846313477,-8.92117404937744,"Female"
"9004151",371994,2025-05-24 23:17:12,42.4002342224121,-8.92115879058838,"Female"
"9004151",371994,2025-05-24 23:22:22,42.400318145752,-8.9211254119873,"Female"
"9004151",371994,2025-05-24 23:27:18,42.4004135131836,-8.92105865478516,"Female"
"9004151",371994,2025-05-24 23:32:16,42.4002342224121,-8.9212064743042,"Female"
"9004151",371994,2025-05-24 23:37:17,42.4001998901367,-8.92126846313477,"Female"
"9004151",371994,2025-05-24 23:42:17,42.400218963623,-8.92162799835205,"Female"
"9004151",371994,2025-05-24 23:47:18,42.3995780944824,-8.92244529724121,"Female"
"9004151",371994,2025-05-24 23:52:22,42.3997611999512,-8.92202281951904,"Female"
"9004151",371994,2025-05-24 23:57:34,42.4004287719727,-8.92155838012695,"Female"
"9004151",371994,2025-05-25 00:02:13,42.400707244873,-8.92181205749512,"Female"
"9004151",371994,2025-05-25 00:07:17,42.4007301330566,-8.92097568511963,"Female"
"9004151",371994,2025-05-25 00:12:44,42.4004783630371,-8.92091941833496,"Female"
"9004151",371994,2025-05-25 00:17:14,42.400463104248,-8.9209623336792,"Female"
"9004151",371994,2025-05-25 00:22:14,42.400390625,-8.92114543914795,"Female"
"9004151",371994,2025-05-25 00:27:15,42.4004325866699,-8.92098999023438,"Female"
"9004151",371994,2025-05-25 00:32:15,42.4004287719727,-8.92109966278076,"Female"
"9004151",371994,2025-05-25 00:37:13,42.4003829956055,-8.92093086242676,"Female"
"9004151",371994,2025-05-25 00:42:15,42.400447845459,-8.92115688323975,"Female"
"9004151",371994,2025-05-25 00:47:18,42.4004173278809,-8.92091083526611,"Female"
"9004151",371994,2025-05-25 00:52:14,42.4004936218262,-8.9210147857666,"Female"
"9004151",371994,2025-05-25 00:57:18,42.4003982543945,-8.92109870910645,"Female"
"9004151",371994,2025-05-25 01:02:15,42.4005661010742,-8.92096614837646,"Female"
"9004151",371994,2025-05-25 01:07:18,42.4004020690918,-8.9208869934082,"Female"
"9004151",371994,2025-05-25 01:12:16,42.4004745483398,-8.92097759246826,"Female"
"9004151",371994,2025-05-25 01:17:13,42.4003677368164,-8.92118263244629,"Female"
"9004151",371994,2025-05-25 01:22:35,42.4004058837891,-8.92123222351074,"Female"
"9004151",371994,2025-05-25 01:27:10,42.4004287719727,-8.92111587524414,"Female"
"9004151",371994,2025-05-25 01:32:10,42.4004211425781,-8.92119789123535,"Female"
"9004151",371994,2025-05-25 01:37:11,42.4004249572754,-8.92115211486816,"Female"
"9004151",371994,2025-05-25 01:42:11,42.4004287719727,-8.9211311340332,"Female"
"9004151",371994,2025-05-25 01:47:10,42.4004402160645,-8.92109870910645,"Female"
"9004151",371994,2025-05-25 01:52:11,42.400447845459,-8.92117309570312,"Female"
"9004151",371994,2025-05-25 01:57:11,42.4004020690918,-8.92115592956543,"Female"
"9004151",371994,2025-05-25 02:02:11,42.4003410339355,-8.92108821868896,"Female"
"9004151",371994,2025-05-25 02:07:11,42.4004135131836,-8.92113876342773,"Female"
"9004151",371994,2025-05-25 02:12:11,42.400390625,-8.92098617553711,"Female"
"9004151",371994,2025-05-25 02:17:11,42.400390625,-8.92101001739502,"Female"
"9004151",371994,2025-05-25 02:22:12,42.4004287719727,-8.9210958480835,"Female"
"9004151",371994,2025-05-25 02:27:11,42.4003753662109,-8.92104530334473,"Female"
"9004151",371994,2025-05-25 02:32:35,42.4004859924316,-8.92111301422119,"Female"
"9004151",371994,2025-05-25 02:37:12,42.4004516601562,-8.92111682891846,"Female"
"9004151",371994,2025-05-25 02:42:11,42.4005928039551,-8.92105102539062,"Female"
"9004151",371994,2025-05-25 02:47:13,42.4004516601562,-8.92119216918945,"Female"
"9004151",371994,2025-05-25 02:52:11,42.4005241394043,-8.92115688323975,"Female"
"9004151",371994,2025-05-25 02:57:11,42.4004440307617,-8.92115211486816,"Female"
"9004151",371994,2025-05-25 03:02:15,42.4004821777344,-8.92123031616211,"Female"
"9004151",371994,2025-05-25 03:07:28,42.4004936218262,-8.92119598388672,"Female"
"9004151",371994,2025-05-25 03:12:35,42.4004516601562,-8.92115497589111,"Female"
"9004151",371994,2025-05-25 03:17:14,42.4003715515137,-8.92122364044189,"Female"
"9004151",371994,2025-05-25 03:22:16,42.4004592895508,-8.92108249664307,"Female"
"9004151",371994,2025-05-25 03:27:24,42.4003410339355,-8.92120933532715,"Female"
"9004151",371994,2025-05-25 03:32:10,42.4003372192383,-8.92124557495117,"Female"
"9004151",371994,2025-05-25 03:37:28,42.4004096984863,-8.9210729598999,"Female"
"9004151",371994,2025-05-25 03:43:36,42.4004974365234,-8.92086887359619,"Female"
"9004151",371994,2025-05-25 03:47:12,42.400505065918,-8.92080593109131,"Female"
"9004151",371994,2025-05-25 03:52:10,42.4003028869629,-8.92140769958496,"Female"
"9004151",371994,2025-05-25 03:57:12,42.4004898071289,-8.9209623336792,"Female"
"9004151",371994,2025-05-25 04:02:12,42.4004745483398,-8.92086982727051,"Female"
"9004151",371994,2025-05-25 04:07:15,42.4004020690918,-8.92113304138184,"Female"
"9004151",371994,2025-05-25 04:12:11,42.4004096984863,-8.92104148864746,"Female"
"9004151",371994,2025-05-25 04:17:12,42.4004058837891,-8.92097473144531,"Female"
"9004151",371994,2025-05-25 04:22:10,42.4004783630371,-8.92116165161133,"Female"
"9004151",371994,2025-05-25 04:27:13,42.4005737304688,-8.92103481292725,"Female"
"9004151",371994,2025-05-25 04:32:13,42.4004669189453,-8.921217918396,"Female"
"9004151",371994,2025-05-25 04:37:14,42.4004402160645,-8.9211597442627,"Female"
"9004151",371994,2025-05-25 04:42:15,42.400463104248,-8.92100620269775,"Female"
"9004151",371994,2025-05-25 04:47:58,42.400463104248,-8.92094707489014,"Female"
"9004151",371994,2025-05-25 04:53:14,42.4004898071289,-8.92098331451416,"Female"
"9004151",371994,2025-05-25 04:57:48,42.4002113342285,-8.92125606536865,"Female"
"9004151",371994,2025-05-25 05:03:01,42.4004516601562,-8.92106246948242,"Female"
"9004151",371994,2025-05-25 05:07:54,42.399341583252,-8.92163753509521,"Female"
"9004151",371994,2025-05-25 05:13:00,42.4004020690918,-8.92149353027344,"Female"
"9004151",371994,2025-05-25 05:17:51,42.3998870849609,-8.92152500152588,"Female"
"9004151",371994,2025-05-25 05:22:50,42.4006271362305,-8.92096996307373,"Female"
"9004151",371994,2025-05-25 05:27:50,42.4013175964355,-8.92098331451416,"Female"
"9004151",371994,2025-05-25 05:32:54,42.4004058837891,-8.92098331451416,"Female"
"9004151",371994,2025-05-25 05:37:49,42.400577545166,-8.9211254119873,"Female"
"9004151",371994,2025-05-25 05:43:00,42.4004898071289,-8.92092990875244,"Female"
"9004151",371994,2025-05-25 05:48:14,42.400505065918,-8.92094993591309,"Female"
"9004151",371994,2025-05-25 05:52:48,42.400463104248,-8.92085266113281,"Female"
"9004151",371994,2025-05-25 05:57:50,42.4002952575684,-8.92133522033691,"Female"
"9004151",371994,2025-05-25 06:03:00,42.4004249572754,-8.92102909088135,"Female"
"9004151",371994,2025-05-25 06:08:17,42.4002647399902,-8.92160701751709,"Female"
"9004151",371994,2025-05-25 06:12:52,42.4001770019531,-8.92158985137939,"Female"
"9004151",371994,2025-05-25 06:17:57,42.4000968933105,-8.92231559753418,"Female"
"9004151",371994,2025-05-25 06:22:57,42.3999710083008,-8.92257308959961,"Female"
"9004151",371994,2025-05-25 06:29:12,42.4003486633301,-8.92105579376221,"Female"
"9004151",371994,2025-05-25 06:32:51,42.4004096984863,-8.92106914520264,"Female"
"9004151",371994,2025-05-25 06:37:48,42.4003601074219,-8.92108821868896,"Female"
"9004151",371994,2025-05-25 06:42:48,42.4003372192383,-8.92123317718506,"Female"
"9004151",371994,2025-05-25 06:48:40,42.4003486633301,-8.92116546630859,"Female"
"9004151",371994,2025-05-25 06:53:09,42.4003562927246,-8.92109680175781,"Female"
"9004151",371994,2025-05-25 06:57:59,42.4003715515137,-8.92106056213379,"Female"
"9004151",371994,2025-05-25 07:02:46,42.4064521789551,-8.92208671569824,"Female"
"9004151",371994,2025-05-25 07:07:46,42.4388313293457,-8.93500518798828,"Female"
"9004151",371994,2025-05-25 07:12:46,42.4721221923828,-8.94348526000977,"Female"
"9004151",371994,2025-05-25 07:17:46,42.4894065856934,-8.92508697509766,"Female"
"9004151",371994,2025-05-25 07:22:46,42.5015029907227,-8.90341186523438,"Female"
"9004151",371994,2025-05-25 07:27:46,42.5195846557617,-8.86733245849609,"Female"
"9004151",371994,2025-05-25 07:32:47,42.5319442749023,-8.853196144104,"Female"
"9004151",371994,2025-05-25 07:38:16,42.5323524475098,-8.85128116607666,"Female"
"9004151",371994,2025-05-25 07:43:35,42.5337829589844,-8.8505220413208,"Female"
"9004151",371994,2025-05-25 07:48:43,42.5337562561035,-8.8495512008667,"Female"
"9004151",371994,2025-05-25 07:54:01,42.5344276428223,-8.84833908081055,"Female"
"9004151",371994,2025-05-25 07:59:00,42.5352668762207,-8.84724617004395,"Female"
"9004151",371994,2025-05-25 08:04:22,42.5359840393066,-8.8484058380127,"Female"
"9004151",371994,2025-05-25 08:10:05,42.536376953125,-8.84731578826904,"Female"
"9004151",371994,2025-05-25 08:15:38,42.5369071960449,-8.84771156311035,"Female"
"9004151",371994,2025-05-25 08:21:12,42.536808013916,-8.84853076934814,"Female"
"9004151",371994,2025-05-25 08:26:12,42.5359573364258,-8.84759330749512,"Female"
"9004151",371994,2025-05-25 08:31:22,42.5351219177246,-8.84821701049805,"Female"
"9004151",371994,2025-05-25 08:36:21,42.5344505310059,-8.84905815124512,"Female"
"9004151",371994,2025-05-25 08:42:12,42.5335960388184,-8.8489351272583,"Female"
"9004151",371994,2025-05-25 08:46:59,42.5336837768555,-8.84848213195801,"Female"
"9004151",371994,2025-05-25 08:52:28,42.5333671569824,-8.85017108917236,"Female"
"9004151",371994,2025-05-25 08:57:48,42.5322875976562,-8.85026741027832,"Female"
"9004151",371994,2025-05-25 09:03:06,42.5312576293945,-8.84962940216064,"Female"
"9004151",371994,2025-05-25 09:08:25,42.5298957824707,-8.84984493255615,"Female"
"9004151",371994,2025-05-25 09:13:24,42.5297393798828,-8.84947299957275,"Female"
"9004151",371994,2025-05-25 09:18:27,42.5260314941406,-8.84729671478271,"Female"
"9004151",371994,2025-05-25 09:23:24,42.5260467529297,-8.84739112854004,"Female"
"9004151",371994,2025-05-25 09:28:26,42.526008605957,-8.84737682342529,"Female"
"9004151",371994,2025-05-25 09:33:26,42.5260620117188,-8.84756374359131,"Female"
"9004151",371994,2025-05-25 09:38:27,42.5260009765625,-8.84742069244385,"Female"
"9004151",371994,2025-05-25 09:43:44,42.5259895324707,-8.84731578826904,"Female"
"9004151",371994,2025-05-25 09:48:24,42.5260581970215,-8.84747695922852,"Female"
"9004151",371994,2025-05-25 09:53:27,42.5259208679199,-8.84691333770752,"Female"
"9004151",371994,2025-05-25 09:58:24,42.5260887145996,-8.84786796569824,"Female"
"9004151",371994,2025-05-25 10:03:24,42.526123046875,-8.84733104705811,"Female"
"9004151",371994,2025-05-25 10:08:25,42.5261192321777,-8.84718990325928,"Female"
"9004151",371994,2025-05-25 10:13:26,42.5262641906738,-8.84800052642822,"Female"
"9004151",371994,2025-05-25 10:18:26,42.5261840820312,-8.84728240966797,"Female"
"9004151",371994,2025-05-25 10:23:24,42.5260581970215,-8.8472146987915,"Female"
"9004151",371994,2025-05-25 10:28:24,42.5260887145996,-8.84719181060791,"Female"
"9004151",371994,2025-05-25 10:33:36,42.5260467529297,-8.84703636169434,"Female"
"9004151",371994,2025-05-25 10:38:44,42.5258674621582,-8.84715747833252,"Female"
"9004151",371994,2025-05-25 10:43:25,42.5257759094238,-8.84718132019043,"Female"
"9004151",371994,2025-05-25 10:48:25,42.5258331298828,-8.8472146987915,"Female"
"9004151",371994,2025-05-25 10:53:25,42.5259590148926,-8.84714889526367,"Female"
"9004151",371994,2025-05-25 10:58:28,42.5261039733887,-8.84720516204834,"Female"
"9004151",371994,2025-05-25 11:03:25,42.525707244873,-8.84708213806152,"Female"
"9004151",371994,2025-05-25 11:08:25,42.5258483886719,-8.84711742401123,"Female"
"9004151",371994,2025-05-25 11:13:29,42.5260047912598,-8.84716415405273,"Female"
"9004151",371994,2025-05-25 11:18:26,42.5256881713867,-8.84715366363525,"Female"
"9004151",371994,2025-05-25 11:23:29,42.5254211425781,-8.84699153900146,"Female"
"9004151",371994,2025-05-25 11:28:29,42.5253715515137,-8.84704780578613,"Female"
"9004151",371994,2025-05-25 11:33:58,42.5261421203613,-8.84714889526367,"Female"
"9004151",371994,2025-05-25 11:38:23,42.5261077880859,-8.84717082977295,"Female"
"9004151",371994,2025-05-25 11:43:24,42.5261268615723,-8.84714508056641,"Female"
"9004151",371994,2025-05-25 11:48:24,42.5269737243652,-8.84737968444824,"Female"
"9004151",371994,2025-05-25 11:53:29,42.5332412719727,-8.8493013381958,"Female"
"9004151",371994,2025-05-25 11:58:54,42.5340881347656,-8.84829902648926,"Female"
"9004151",371994,2025-05-25 12:03:56,42.5351867675781,-8.84766578674316,"Female"
"9004151",371994,2025-05-25 12:08:58,42.5363502502441,-8.84743499755859,"Female"
"9004151",371994,2025-05-25 12:14:40,42.5365104675293,-8.84782695770264,"Female"
"9004151",371994,2025-05-25 12:19:51,42.5357093811035,-8.84751892089844,"Female"
"9004151",371994,2025-05-25 12:25:08,42.5349998474121,-8.84808158874512,"Female"
"9004151",371994,2025-05-25 12:30:18,42.5344734191895,-8.84903621673584,"Female"
"9004151",371994,2025-05-25 12:35:17,42.5344085693359,-8.85083961486816,"Female"
"9004151",371994,2025-05-25 12:40:17,42.5333862304688,-8.8493709564209,"Female"
"9004151",371994,2025-05-25 12:45:18,42.5337715148926,-8.84868717193604,"Female"
"9004151",371994,2025-05-25 12:50:17,42.5259208679199,-8.84703159332275,"Female"
"9004151",371994,2025-05-25 12:55:18,42.5258979797363,-8.84702014923096,"Female"
"9004151",371994,2025-05-25 13:00:17,42.5259132385254,-8.84717655181885,"Female"
"9004151",371994,2025-05-25 13:05:17,42.5259399414062,-8.84720325469971,"Female"
"9004151",371994,2025-05-25 13:10:17,42.5259552001953,-8.84711933135986,"Female"
"9004151",371994,2025-05-25 13:15:17,42.5259246826172,-8.84710597991943,"Female"
"9004151",371994,2025-05-25 13:20:17,42.5259399414062,-8.84696865081787,"Female"
"9004151",371994,2025-05-25 13:25:17,42.5259475708008,-8.84702301025391,"Female"
"9004151",371994,2025-05-25 13:30:17,42.5259323120117,-8.84707736968994,"Female"
"9004151",371994,2025-05-25 13:35:17,42.5258865356445,-8.84677696228027,"Female"
"9004151",371994,2025-05-25 13:40:18,42.5259780883789,-8.8471622467041,"Female"
"9004151",371994,2025-05-25 13:45:17,42.5258560180664,-8.84678840637207,"Female"
"9004151",371994,2025-05-25 13:50:17,42.5259094238281,-8.84690380096436,"Female"
"9004151",371994,2025-05-25 13:55:18,42.5259056091309,-8.84689903259277,"Female"
"9004151",371994,2025-05-25 14:00:18,42.5258712768555,-8.84689903259277,"Female"
"9004151",371994,2025-05-25 14:05:19,42.5259132385254,-8.84704494476318,"Female"
"9004151",371994,2025-05-25 14:10:19,42.5257759094238,-8.84668445587158,"Female"
"9004151",371994,2025-05-25 14:15:21,42.5258255004883,-8.84689426422119,"Female"
"9004151",371994,2025-05-25 14:20:18,42.5258712768555,-8.84694671630859,"Female"
"9004151",371994,2025-05-25 14:25:18,42.5258827209473,-8.84699249267578,"Female"
"9004151",371994,2025-05-25 14:30:19,42.5257835388184,-8.84693717956543,"Female"
"9004151",371994,2025-05-25 14:35:18,42.5259437561035,-8.84710216522217,"Female"
"9004151",371994,2025-05-25 14:40:44,42.5259971618652,-8.84743404388428,"Female"
"9004151",371994,2025-05-25 14:45:18,42.5259399414062,-8.84701728820801,"Female"
"9004151",371994,2025-05-25 14:50:18,42.5260810852051,-8.84700870513916,"Female"
"9004151",371994,2025-05-25 14:55:20,42.5259895324707,-8.84698963165283,"Female"
"9004151",371994,2025-05-25 15:00:20,42.5259590148926,-8.84707260131836,"Female"
"9004151",371994,2025-05-25 15:05:23,42.5257530212402,-8.84744071960449,"Female"
"9004151",371994,2025-05-25 15:10:23,42.5276184082031,-8.84786605834961,"Female"
"9004151",371994,2025-05-25 15:15:39,42.5356101989746,-8.84850025177002,"Female"
"9004151",371994,2025-05-25 15:20:42,42.5366744995117,-8.84823322296143,"Female"
"9004151",371994,2025-05-25 15:26:23,42.5350723266602,-8.84831428527832,"Female"
"9004151",371994,2025-05-25 15:52:45,42.534912109375,-8.84862327575684,"Female"
"9004151",371994,2025-05-25 15:57:48,42.5341987609863,-8.84926128387451,"Female"
"9004151",371994,2025-05-25 16:02:16,42.5255661010742,-8.8471794128418,"Female"
"9004151",371994,2025-05-25 16:07:21,42.5256576538086,-8.84691619873047,"Female"
"9004151",371994,2025-05-25 16:12:15,42.5257186889648,-8.84707069396973,"Female"
"9004151",371994,2025-05-25 16:17:19,42.5257110595703,-8.84676647186279,"Female"
"9004151",371994,2025-05-25 16:22:27,42.5257835388184,-8.84671783447266,"Female"
"9004151",371994,2025-05-25 16:27:16,42.5257759094238,-8.8470516204834,"Female"
"9004151",371994,2025-05-25 16:32:24,42.5256309509277,-8.8463773727417,"Female"
"9004151",371994,2025-05-25 16:37:24,42.5256233215332,-8.84640216827393,"Female"
"9004151",371994,2025-05-25 16:42:24,42.5256233215332,-8.84632301330566,"Female"
"9004151",371994,2025-05-25 16:47:35,42.5259857177734,-8.847092628479,"Female"
"9004151",371994,2025-05-25 16:52:15,42.5259590148926,-8.84710597991943,"Female"
"9004151",371994,2025-05-25 16:57:15,42.5259628295898,-8.84707832336426,"Female"
"9004151",371994,2025-05-25 17:02:15,42.5259704589844,-8.84706211090088,"Female"
"9004151",371994,2025-05-25 17:07:15,42.5259552001953,-8.84708595275879,"Female"
"9004151",371994,2025-05-25 17:12:15,42.5259780883789,-8.84706211090088,"Female"
"9004151",371994,2025-05-25 17:17:15,42.525951385498,-8.84705257415771,"Female"
"9004151",371994,2025-05-25 17:22:14,42.525936126709,-8.84704685211182,"Female"
"9004151",371994,2025-05-25 17:27:15,42.5259819030762,-8.84704780578613,"Female"
"9004151",371994,2025-05-25 17:32:15,42.5259628295898,-8.84698009490967,"Female"
"9004151",371994,2025-05-25 17:37:15,42.5259284973145,-8.84697532653809,"Female"
"9004151",371994,2025-05-25 17:42:15,42.5259971618652,-8.84690856933594,"Female"
"9004151",371994,2025-05-25 17:47:15,42.5259666442871,-8.8469123840332,"Female"
"9004151",371994,2025-05-25 17:52:14,42.5259780883789,-8.84693241119385,"Female"
"9004151",371994,2025-05-25 17:57:15,42.5259399414062,-8.84693622589111,"Female"
"9004151",371994,2025-05-25 18:02:15,42.5259475708008,-8.84695339202881,"Female"
"9004151",371994,2025-05-25 18:07:16,42.5259628295898,-8.8469705581665,"Female"
"9004151",371994,2025-05-25 18:12:24,42.5259437561035,-8.84706115722656,"Female"
"9004151",371994,2025-05-25 18:17:24,42.5259399414062,-8.84703254699707,"Female"
"9004151",371994,2025-05-25 18:22:24,42.5259132385254,-8.84699058532715,"Female"
"9004151",371994,2025-05-25 19:09:47,42.5322189331055,-8.85193252563477,"Female"
"9004151",371994,2025-05-25 19:15:13,42.5307426452637,-8.85218620300293,"Female"
"9004151",371994,2025-05-25 19:20:10,42.5204544067383,-8.8629903793335,"Female"
"9004151",371994,2025-05-25 19:25:12,42.4889373779297,-8.91109371185303,"Female"
"9004151",371994,2025-05-25 19:30:13,42.4572219848633,-8.94398021697998,"Female"
"9004151",371994,2025-05-25 19:35:13,42.4056968688965,-8.92431735992432,"Female"
"9004151",371994,2025-05-25 19:40:35,42.4004402160645,-8.9210262298584,"Female"
"9004151",371994,2025-05-25 19:45:13,42.4004440307617,-8.92112064361572,"Female"
"9004151",371994,2025-05-25 19:50:11,42.4004669189453,-8.92109489440918,"Female"
"9004151",371994,2025-05-25 19:55:21,42.4004402160645,-8.92104816436768,"Female"
"9004151",371994,2025-05-25 20:00:35,42.4004440307617,-8.92104434967041,"Female"
"9004151",371994,2025-05-25 20:05:10,42.4004364013672,-8.92122459411621,"Female"
"9004151",371994,2025-05-25 20:10:11,42.4004135131836,-8.92112636566162,"Female"
"9004151",371994,2025-05-25 20:15:12,42.4004173278809,-8.92107677459717,"Female"
"9004151",371994,2025-05-25 20:20:11,42.4004898071289,-8.92115020751953,"Female"
"9004151",371994,2025-05-25 20:25:10,42.4005012512207,-8.92102527618408,"Female"
"9004151",371994,2025-05-25 20:30:10,42.4004287719727,-8.92115879058838,"Female"
"9004151",371994,2025-05-25 20:35:13,42.4004898071289,-8.92121124267578,"Female"
"9004151",371994,2025-05-25 20:40:11,42.4006233215332,-8.92171764373779,"Female"
"9004151",371994,2025-05-25 20:45:15,42.4004211425781,-8.92098236083984,"Female"
"9004151",371994,2025-05-25 20:50:13,42.4004516601562,-8.92101573944092,"Female"
"9004151",371994,2025-05-25 20:55:29,42.4004402160645,-8.92101192474365,"Female"
"9004151",371994,2025-05-25 21:00:37,42.4004096984863,-8.92118358612061,"Female"
"9004151",371994,2025-05-25 21:05:15,42.4006195068359,-8.92121601104736,"Female"
"9004151",371994,2025-05-25 21:10:11,42.4004402160645,-8.92109680175781,"Female"
"9004151",371994,2025-05-25 21:15:11,42.400318145752,-8.92085647583008,"Female"
"9004151",371994,2025-05-25 21:20:44,42.400463104248,-8.9210844039917,"Female"
"9004151",371994,2025-05-25 21:25:10,42.4004249572754,-8.92087841033936,"Female"
"9004151",371994,2025-05-25 21:30:10,42.400505065918,-8.92106819152832,"Female"
"9004151",371994,2025-05-25 21:35:15,42.4005165100098,-8.92124176025391,"Female"
"9004151",371994,2025-05-25 21:40:20,42.4005279541016,-8.92110824584961,"Female"
"9004151",371994,2025-05-25 21:45:24,42.3998870849609,-8.92181873321533,"Female"
"9004151",371994,2025-05-25 21:50:25,42.4003791809082,-8.92112350463867,"Female"
"9004151",371994,2025-05-25 21:55:24,42.4004859924316,-8.9210205078125,"Female"
"9004151",371994,2025-05-25 22:00:44,42.400390625,-8.9211368560791,"Female"
"9004151",371994,2025-05-25 22:05:11,42.4004554748535,-8.92113304138184,"Female"
"9004151",371994,2025-05-25 22:10:11,42.400333404541,-8.92123889923096,"Female"
"9004151",371994,2025-05-25 22:15:10,42.4004669189453,-8.92096519470215,"Female"
"9004151",371994,2025-05-25 22:20:12,42.400276184082,-8.92122554779053,"Female"
"9004151",371994,2025-05-25 22:25:15,42.4005737304688,-8.92093467712402,"Female"
"9004151",371994,2025-05-25 22:30:13,42.4003028869629,-8.92123317718506,"Female"
"9004151",371994,2025-05-25 22:35:13,42.400318145752,-8.9211483001709,"Female"
"9004151",371994,2025-05-25 22:40:15,42.4003028869629,-8.92114448547363,"Female"
"9004151",371994,2025-05-25 22:45:11,42.4002494812012,-8.92121124267578,"Female"
"9004151",371994,2025-05-25 22:50:15,42.4003257751465,-8.92104244232178,"Female"
"9004151",371994,2025-05-25 22:55:17,42.4002571105957,-8.92115592956543,"Female"
"9004151",371994,2025-05-25 23:00:56,42.4004440307617,-8.92091846466064,"Female"
"9004151",371994,2025-05-25 23:05:11,42.4003524780273,-8.92076969146729,"Female"
"9004151",371994,2025-05-25 23:10:11,42.4004669189453,-8.92086982727051,"Female"
"9004151",371994,2025-05-25 23:15:11,42.4003944396973,-8.92083740234375,"Female"
"9004151",371994,2025-05-25 23:20:11,42.4004745483398,-8.9208927154541,"Female"
"9004151",371994,2025-05-25 23:25:10,42.4004325866699,-8.92084121704102,"Female"
"9004151",371994,2025-05-25 23:30:10,42.4004249572754,-8.9208927154541,"Female"
"9004151",371994,2025-05-25 23:35:11,42.4004135131836,-8.92067337036133,"Female"
"9004151",371994,2025-05-25 23:40:13,42.4004898071289,-8.92097187042236,"Female"
"9004151",371994,2025-05-25 23:45:10,42.4005088806152,-8.92088222503662,"Female"
"9004151",371994,2025-05-25 23:50:11,42.4004592895508,-8.92090034484863,"Female"
"9004151",371994,2025-05-25 23:55:17,42.4004592895508,-8.92091941833496,"Female"
"9004151",371994,2025-05-26 00:01:15,42.4004974365234,-8.9208869934082,"Female"
"9004151",371994,2025-05-26 00:05:13,42.4004173278809,-8.9209623336792,"Female"
"9004151",371994,2025-05-26 00:10:12,42.4003639221191,-8.9211483001709,"Female"
"9004151",371994,2025-05-26 00:15:10,42.4003944396973,-8.9210319519043,"Female"
"9004151",371994,2025-05-26 00:20:13,42.4003868103027,-8.92095184326172,"Female"
"9004151",371994,2025-05-26 00:25:12,42.4003524780273,-8.92090892791748,"Female"
"9004151",371994,2025-05-26 00:30:12,42.4003677368164,-8.9209623336792,"Female"
"9004151",371994,2025-05-26 00:35:16,42.4004135131836,-8.92112922668457,"Female"
"9004151",371994,2025-05-26 00:40:12,42.400333404541,-8.92109489440918,"Female"
"9004151",371994,2025-05-26 00:45:35,42.4004135131836,-8.92098140716553,"Female"
"9004151",371994,2025-05-26 00:50:12,42.4004173278809,-8.92087268829346,"Female"
"9004151",371994,2025-05-26 00:55:12,42.4003677368164,-8.92117023468018,"Female"
"9004151",371994,2025-05-26 01:00:13,42.4003601074219,-8.92110157012939,"Female"
"9004151",371994,2025-05-26 01:05:13,42.4003829956055,-8.92101573944092,"Female"
"9004151",371994,2025-05-26 01:10:10,42.4003524780273,-8.92106246948242,"Female"
"9004151",371994,2025-05-26 01:15:11,42.4003715515137,-8.92095279693604,"Female"
"9004151",371994,2025-05-26 01:20:12,42.400390625,-8.92098617553711,"Female"
"9004151",371994,2025-05-26 01:25:13,42.4003524780273,-8.92112827301025,"Female"
"9004151",371994,2025-05-26 01:30:12,42.4002799987793,-8.92107772827148,"Female"
"9004151",371994,2025-05-26 01:35:13,42.4003868103027,-8.92104721069336,"Female"
"9004151",371994,2025-05-26 01:40:12,42.4003448486328,-8.92104244232178,"Female"
"9004151",371994,2025-05-26 01:45:13,42.4004249572754,-8.92095851898193,"Female"
"9004151",371994,2025-05-26 01:50:22,42.4004440307617,-8.92095947265625,"Female"
"9004151",371994,2025-05-26 01:55:13,42.4003410339355,-8.92096996307373,"Female"
"9004151",371994,2025-05-26 02:00:19,42.4004211425781,-8.92098426818848,"Female"
"9004151",371994,2025-05-26 02:05:14,42.4004516601562,-8.92094993591309,"Female"
"9004151",371994,2025-05-26 02:10:28,42.4004745483398,-8.92095184326172,"Female"
"9004151",371994,2025-05-26 02:15:11,42.4003105163574,-8.92099189758301,"Female"
"9004151",371994,2025-05-26 02:20:11,42.400333404541,-8.92098903656006,"Female"
"9004151",371994,2025-05-26 02:25:12,42.4003524780273,-8.92101860046387,"Female"
"9004151",371994,2025-05-26 02:30:13,42.4003486633301,-8.92112350463867,"Female"
"9004151",371994,2025-05-26 02:35:12,42.4002075195312,-8.92112731933594,"Female"
"9004151",371994,2025-05-26 02:40:19,42.4001235961914,-8.92116832733154,"Female"
"9004151",371994,2025-05-26 02:45:35,42.400505065918,-8.92092323303223,"Female"
"9004151",371994,2025-05-26 02:50:10,42.4004287719727,-8.92097187042236,"Female"
"9004151",371994,2025-05-26 02:55:11,42.400463104248,-8.92090892791748,"Female"
"9004151",371994,2025-05-26 03:00:11,42.400463104248,-8.92097282409668,"Female"
"9004151",371994,2025-05-26 03:05:21,42.4004745483398,-8.92095470428467,"Female"
"9004151",371994,2025-05-26 03:10:15,42.4005012512207,-8.92091941833496,"Female"
"9004151",371994,2025-05-26 03:15:17,42.4004821777344,-8.92092990875244,"Female"
"9004151",371994,2025-05-26 03:20:22,42.4004821777344,-8.92088985443115,"Female"
"9004151",371994,2025-05-26 03:25:23,42.4004859924316,-8.92092990875244,"Female"
"9004151",371994,2025-05-26 03:30:12,42.4004745483398,-8.92090892791748,"Female"
"9004151",371994,2025-05-26 03:35:19,42.4003028869629,-8.92128276824951,"Female"
"9004151",371994,2025-05-26 03:40:25,42.4003791809082,-8.9211254119873,"Female"
"9004151",371994,2025-05-26 03:45:44,42.4004287719727,-8.92101573944092,"Female"
"9004151",371994,2025-05-26 03:50:12,42.4003410339355,-8.92121410369873,"Female"
"9004151",371994,2025-05-26 03:55:13,42.4004135131836,-8.92101764678955,"Female"
"9004151",371994,2025-05-26 04:00:10,42.4004325866699,-8.92105293273926,"Female"
"9004151",371994,2025-05-26 04:05:10,42.400447845459,-8.92098426818848,"Female"
"9004151",371994,2025-05-26 04:10:10,42.400390625,-8.92106246948242,"Female"
"9004151",371994,2025-05-26 04:15:13,42.4003944396973,-8.92113780975342,"Female"
"9004151",371994,2025-05-26 04:20:11,42.400463104248,-8.92092227935791,"Female"
"9004151",371994,2025-05-26 04:25:14,42.3996887207031,-8.92224407196045,"Female"
"9004151",371994,2025-05-26 04:30:18,42.4003982543945,-8.92084312438965,"Female"
"9004151",371994,2025-05-26 04:35:15,42.3994903564453,-8.92182922363281,"Female"
"9004151",371994,2025-05-26 04:40:17,42.4005126953125,-8.92123985290527,"Female"
"9004151",371994,2025-05-26 04:46:13,42.4004859924316,-8.92189979553223,"Female"
"9004151",371994,2025-05-26 04:51:17,42.4004898071289,-8.9218578338623,"Female"
"9004151",371994,2025-05-26 04:56:12,42.4000587463379,-8.92156219482422,"Female"
"9004151",371994,2025-05-26 05:01:12,42.399959564209,-8.92212009429932,"Female"
"9004151",371994,2025-05-26 05:06:16,42.4003944396973,-8.92172145843506,"Female"
"9004151",371994,2025-05-26 05:11:13,42.4004402160645,-8.92190933227539,"Female"
"9004151",371994,2025-05-26 05:16:25,42.4004096984863,-8.92204284667969,"Female"
"9004151",371994,2025-05-26 05:21:17,42.4003372192383,-8.92173957824707,"Female"
"9004151",371994,2025-05-26 05:26:44,42.4004325866699,-8.92133712768555,"Female"
"9004151",371994,2025-05-26 05:31:12,42.4002494812012,-8.92099571228027,"Female"
"9004151",371994,2025-05-26 05:36:12,42.4003448486328,-8.92127132415771,"Female"
"9004151",371994,2025-05-26 05:41:10,42.4001579284668,-8.92130470275879,"Female"
"9004151",371994,2025-05-26 05:46:35,42.400333404541,-8.92121124267578,"Female"
"9004151",371994,2025-05-26 05:51:17,42.4002914428711,-8.92137241363525,"Female"
"9004151",371994,2025-05-26 05:56:20,42.400276184082,-8.92144298553467,"Female"
"9004151",371994,2025-05-26 06:01:46,42.4002227783203,-8.92143726348877,"Female"
"9004151",371994,2025-05-26 06:06:09,42.400505065918,-8.92110729217529,"Female"
"9004151",371994,2025-05-26 06:11:09,42.4003715515137,-8.92119598388672,"Female"
"9004151",371994,2025-05-26 06:16:09,42.400520324707,-8.92111110687256,"Female"
"9004151",371994,2025-05-26 06:21:32,42.4002456665039,-8.9213809967041,"Female"
"9004151",371994,2025-05-26 06:26:10,42.4001159667969,-8.92143440246582,"Female"
"9004151",371994,2025-05-26 06:31:11,42.4001159667969,-8.92143821716309,"Female"
"9004151",371994,2025-05-26 06:36:12,42.400146484375,-8.92144680023193,"Female"
"9004151",371994,2025-05-26 06:41:12,42.4001083374023,-8.92142105102539,"Female"
"9004151",371994,2025-05-26 06:46:26,42.4001197814941,-8.92143535614014,"Female"
"9004151",371994,2025-05-26 06:51:16,42.4000205993652,-8.92166328430176,"Female"
"9004151",371994,2025-05-26 06:57:34,42.4002952575684,-8.92137813568115,"Female"
"9004151",371994,2025-05-26 07:02:17,42.4002876281738,-8.9213981628418,"Female"
"9004151",371994,2025-05-26 07:06:12,42.400260925293,-8.92144775390625,"Female"
"9004151",371994,2025-05-26 07:11:16,42.4003295898438,-8.92126560211182,"Female"
"9004151",371994,2025-05-26 07:16:21,42.4003982543945,-8.9210958480835,"Female"
"9004151",371994,2025-05-26 07:21:13,42.4002838134766,-8.92133617401123,"Female"
"9004151",371994,2025-05-26 07:26:13,42.4003715515137,-8.92119884490967,"Female"
"9004151",371994,2025-05-26 07:31:09,42.400318145752,-8.92115211486816,"Female"
"9004151",371994,2025-05-26 07:36:10,42.3986511230469,-8.91730976104736,"Female"
"9004151",371994,2025-05-26 07:41:09,42.4062576293945,-8.92087650299072,"Female"
"9004151",371994,2025-05-26 07:46:09,42.429744720459,-8.92419815063477,"Female"
"9004151",371994,2025-05-26 07:51:10,42.4556732177734,-8.93787097930908,"Female"
"9004151",371994,2025-05-26 07:56:10,42.4819259643555,-8.93516159057617,"Female"
"9004151",371994,2025-05-26 08:01:10,42.4980163574219,-8.90548324584961,"Female"
"9004151",371994,2025-05-26 08:06:10,42.5129165649414,-8.87427043914795,"Female"
"9004151",371994,2025-05-26 08:11:10,42.531436920166,-8.85191535949707,"Female"
"9004151",371994,2025-05-26 08:16:31,42.5324554443359,-8.85053443908691,"Female"
"9004151",371994,2025-05-26 08:22:09,42.533504486084,-8.84944152832031,"Female"
"9004151",371994,2025-05-26 08:27:24,42.5344276428223,-8.84812641143799,"Female"
"9004151",371994,2025-05-26 08:33:14,42.535026550293,-8.84840297698975,"Female"
"9004151",371994,2025-05-26 08:38:25,42.5346260070801,-8.84814453125,"Female"
"9004151",371994,2025-05-26 08:43:58,42.5354156494141,-8.84802532196045,"Female"
"9004151",371994,2025-05-26 08:49:02,42.5361404418945,-8.84758758544922,"Female"
"9004151",371994,2025-05-26 08:54:02,42.5261611938477,-8.84753608703613,"Female"
"9004151",371994,2025-05-26 08:59:01,42.5260543823242,-8.84751033782959,"Female"
"9004151",371994,2025-05-26 09:04:02,42.5260887145996,-8.8474645614624,"Female"
"9004151",371994,2025-05-26 09:09:02,42.5261154174805,-8.84758281707764,"Female"
"9004151",371994,2025-05-26 09:14:32,42.5261421203613,-8.84763622283936,"Female"
"9004151",371994,2025-05-26 09:19:32,42.5261497497559,-8.84780406951904,"Female"
"9004151",371994,2025-05-26 09:24:37,42.5260276794434,-8.84699821472168,"Female"
"9004151",371994,2025-05-26 09:29:33,42.5262413024902,-8.84807109832764,"Female"
"9004151",371994,2025-05-26 09:34:44,42.5260124206543,-8.84700393676758,"Female"
"9004151",371994,2025-05-26 09:39:33,42.5260848999023,-8.84744167327881,"Female"
"9004151",371994,2025-05-26 09:44:33,42.526180267334,-8.84767436981201,"Female"
"9004151",371994,2025-05-26 09:49:34,42.5259666442871,-8.84690189361572,"Female"
"9004151",371994,2025-05-26 09:54:36,42.5259895324707,-8.84689807891846,"Female"
"9004151",371994,2025-05-26 09:59:37,42.5259704589844,-8.84677219390869,"Female"
"9004151",371994,2025-05-26 10:04:34,42.5260200500488,-8.84694671630859,"Female"
"9004151",371994,2025-05-26 10:09:37,42.525993347168,-8.84674549102783,"Female"
"9004151",371994,2025-05-26 10:14:39,42.525993347168,-8.84680271148682,"Female"
"9004151",371994,2025-05-26 10:19:39,42.5259628295898,-8.84661674499512,"Female"
"9004151",371994,2025-05-26 10:24:39,42.5259437561035,-8.84668064117432,"Female"
"9004151",371994,2025-05-26 10:29:38,42.5268821716309,-8.8460111618042,"Female"
"9004151",371994,2025-05-26 11:01:14,42.5363540649414,-8.84814262390137,"Female"
"9004151",371994,2025-05-26 11:08:36,42.5348243713379,-8.84784603118896,"Female"
"9004151",371994,2025-05-26 11:15:22,42.5348091125488,-8.84784317016602,"Female"
"9004151",371994,2025-05-26 11:20:59,42.5348052978516,-8.84687519073486,"Female"
"9004151",371994,2025-05-26 11:26:03,42.535285949707,-8.84737110137939,"Female"
"9004151",371994,2025-05-26 11:31:00,42.5347900390625,-8.84891700744629,"Female"
"9004151",371994,2025-05-26 11:36:07,42.533878326416,-8.84925746917725,"Female"
"9004151",371994,2025-05-26 11:42:03,42.53271484375,-8.8500862121582,"Female"
"9004151",371994,2025-05-26 12:02:22,42.5344314575195,-8.84877872467041,"Female"
"9004151",371994,2025-05-26 12:07:45,42.5330047607422,-8.84976959228516,"Female"
"9004151",371994,2025-05-26 12:12:48,42.5323028564453,-8.84999179840088,"Female"
"9004151",371994,2025-05-26 12:17:40,42.5259971618652,-8.84750747680664,"Female"
"9004151",371994,2025-05-26 12:22:39,42.526065826416,-8.84742164611816,"Female"
"9004151",371994,2025-05-26 12:27:49,42.5261840820312,-8.847412109375,"Female"
"9004151",371994,2025-05-26 12:32:39,42.5246734619141,-8.84814834594727,"Female"
"9004151",371994,2025-05-26 12:37:39,42.5262794494629,-8.84734439849854,"Female"
"9004151",371994,2025-05-26 12:42:41,42.5250358581543,-8.84822654724121,"Female"
"9004151",371994,2025-05-26 12:48:05,42.5259017944336,-8.84736919403076,"Female"
"9004151",371994,2025-05-26 12:52:38,42.5259208679199,-8.84731674194336,"Female"
"9004151",371994,2025-05-26 12:57:38,42.5259208679199,-8.84749221801758,"Female"
"9004151",371994,2025-05-26 13:02:38,42.5259208679199,-8.84738159179688,"Female"
"9004151",371994,2025-05-26 13:07:38,42.5259170532227,-8.84744548797607,"Female"
"9004151",371994,2025-05-26 13:12:38,42.5259017944336,-8.8474063873291,"Female"
"9004151",371994,2025-05-26 13:17:38,42.5259284973145,-8.84740352630615,"Female"
"9004151",371994,2025-05-26 13:22:38,42.5259399414062,-8.84739875793457,"Female"
"9004151",371994,2025-05-26 13:27:38,42.5259552001953,-8.84725475311279,"Female"
"9004151",371994,2025-05-26 13:32:40,42.5258903503418,-8.84747791290283,"Female"
"9004151",371994,2025-05-26 13:37:39,42.5259323120117,-8.84744358062744,"Female"
"9004151",371994,2025-05-26 13:42:38,42.5260009765625,-8.84747982025146,"Female"
"9004151",371994,2025-05-26 13:47:38,42.5259399414062,-8.84741687774658,"Female"
"9004151",371994,2025-05-26 13:52:38,42.5259437561035,-8.84742546081543,"Female"
"9004151",371994,2025-05-26 13:57:39,42.5259323120117,-8.84747219085693,"Female"
"9004151",371994,2025-05-26 14:02:42,42.5259780883789,-8.84746170043945,"Female"
"9004151",371994,2025-05-26 14:07:38,42.5259475708008,-8.84742069244385,"Female"
"9004151",371994,2025-05-26 14:12:38,42.5260124206543,-8.84738540649414,"Female"
"9004151",371994,2025-05-26 14:17:38,42.5258598327637,-8.84734058380127,"Female"
"9004151",371994,2025-05-26 14:22:38,42.5259323120117,-8.8474006652832,"Female"
"9004151",371994,2025-05-26 14:27:38,42.5258102416992,-8.84739589691162,"Female"
"9004151",371994,2025-05-26 14:32:42,42.5258712768555,-8.84738922119141,"Female"
"9004151",371994,2025-05-26 14:37:40,42.5260391235352,-8.84739017486572,"Female"
"9004151",371994,2025-05-26 14:42:42,42.5258674621582,-8.8473949432373,"Female"
"9004151",371994,2025-05-26 14:47:39,42.5259246826172,-8.84736061096191,"Female"
"9004151",371994,2025-05-26 14:52:48,42.5260200500488,-8.84739112854004,"Female"
"9004151",371994,2025-05-26 14:58:05,42.526008605957,-8.84739971160889,"Female"
"9004151",371994,2025-05-26 15:02:38,42.5259742736816,-8.84737300872803,"Female"
"9004151",371994,2025-05-26 15:07:38,42.525993347168,-8.84740352630615,"Female"
"9004151",371994,2025-05-26 15:12:38,42.5259742736816,-8.84741687774658,"Female"
"9004151",371994,2025-05-26 15:17:38,42.5259170532227,-8.84739971160889,"Female"
"9004151",371994,2025-05-26 15:22:38,42.5259399414062,-8.84743499755859,"Female"
"9004151",371994,2025-05-26 15:27:39,42.5256576538086,-8.84738922119141,"Female"
"9004151",371994,2025-05-26 15:32:38,42.5259170532227,-8.84743213653564,"Female"
"9004151",371994,2025-05-26 15:37:39,42.5258598327637,-8.84747886657715,"Female"
"9004151",371994,2025-05-26 15:42:38,42.5259475708008,-8.84741497039795,"Female"
"9004151",371994,2025-05-26 15:47:38,42.525936126709,-8.84739780426025,"Female"
"9004151",371994,2025-05-26 15:52:38,42.5258636474609,-8.84747409820557,"Female"
"9004151",371994,2025-05-26 15:57:38,42.5258636474609,-8.84737586975098,"Female"
"9004151",371994,2025-05-26 16:02:38,42.5259132385254,-8.84740734100342,"Female"
"9004151",371994,2025-05-26 16:07:38,42.5258750915527,-8.84736442565918,"Female"
"9004151",371994,2025-05-26 16:12:38,42.5258903503418,-8.84736824035645,"Female"
"9004151",371994,2025-05-26 16:17:38,42.5258750915527,-8.84738826751709,"Female"
"9004151",371994,2025-05-26 16:22:38,42.5259208679199,-8.8474178314209,"Female"
"9004151",371994,2025-05-26 16:27:38,42.5258712768555,-8.84738731384277,"Female"
"9004151",371994,2025-05-26 16:32:38,42.5268821716309,-8.8475284576416,"Female"
"9004151",371994,2025-05-26 16:37:40,42.5323371887207,-8.85087776184082,"Female"
"9004151",371994,2025-05-26 16:42:49,42.5329895019531,-8.85014343261719,"Female"
"9004151",371994,2025-05-26 16:47:46,42.5335540771484,-8.84918975830078,"Female"
"9004151",371994,2025-05-26 16:53:15,42.53369140625,-8.84854984283447,"Female"
"9004151",371994,2025-05-26 16:58:17,42.5336647033691,-8.84970092773438,"Female"
"9004151",371994,2025-05-26 17:03:41,42.5341300964355,-8.84897232055664,"Female"
"9004151",371994,2025-05-26 17:08:55,42.5337867736816,-8.85018539428711,"Female"
"9004151",371994,2025-05-26 17:14:00,42.533447265625,-8.8485860824585,"Female"
"9004151",371994,2025-05-26 17:19:01,42.533992767334,-8.84799289703369,"Female"
"9004151",371994,2025-05-26 17:23:58,42.5343246459961,-8.84900283813477,"Female"
"9004151",371994,2025-05-26 17:29:18,42.5342292785645,-8.84785175323486,"Female"
"9004151",371994,2025-05-26 17:34:52,42.5349731445312,-8.84839534759521,"Female"
"9004151",371994,2025-05-26 17:40:16,42.5338592529297,-8.84915637969971,"Female"
"9004151",371994,2025-05-26 17:45:54,42.533390045166,-8.84831142425537,"Female"
"9004151",371994,2025-05-26 17:59:44,42.5343322753906,-8.84911823272705,"Female"
"9004151",371994,2025-05-26 18:05:14,42.533088684082,-8.84938716888428,"Female"
"9004151",371994,2025-05-26 18:09:36,42.5258255004883,-8.84799385070801,"Female"
"9004151",371994,2025-05-26 18:14:40,42.5260124206543,-8.84744071960449,"Female"
"9004151",371994,2025-05-26 18:19:31,42.5260848999023,-8.84756755828857,"Female"
"9004151",371994,2025-05-26 18:24:31,42.526050567627,-8.84752368927002,"Female"
"9004151",371994,2025-05-26 18:29:31,42.5259284973145,-8.84744644165039,"Female"
"9004151",371994,2025-05-26 18:34:34,42.5259475708008,-8.84737491607666,"Female"
"9004151",371994,2025-05-26 18:39:32,42.5259208679199,-8.84759426116943,"Female"
"9004151",371994,2025-05-26 18:44:32,42.5257949829102,-8.84772300720215,"Female"
"9004151",371994,2025-05-26 18:49:45,42.5260238647461,-8.84738254547119,"Female"
"9004151",371994,2025-05-26 18:54:31,42.5260581970215,-8.84737682342529,"Female"
"9004151",371994,2025-05-26 18:59:31,42.526065826416,-8.84739208221436,"Female"
"9004151",371994,2025-05-26 19:04:33,42.5258750915527,-8.8472261428833,"Female"
"9004151",371994,2025-05-26 19:09:32,42.5261688232422,-8.84732437133789,"Female"
"9004151",371994,2025-05-26 19:14:32,42.5006637573242,-8.89046669006348,"Female"
"9004151",371994,2025-05-26 19:19:31,42.4753379821777,-8.94094085693359,"Female"
"9004151",371994,2025-05-26 19:24:32,42.4489784240723,-8.94269752502441,"Female"
"9004151",371994,2025-05-26 19:29:34,42.4370346069336,-8.93395805358887,"Female"
"9004151",371994,2025-05-26 19:34:43,42.400447845459,-8.92115783691406,"Female"
"9004151",371994,2025-05-26 19:39:38,42.4005355834961,-8.92121410369873,"Female"
"9004151",371994,2025-05-26 19:44:37,42.400463104248,-8.92116832733154,"Female"
"9004151",371994,2025-05-26 19:49:33,42.4006423950195,-8.9212474822998,"Female"
"9004151",371994,2025-05-26 19:54:32,42.4006538391113,-8.9213285446167,"Female"
"9004151",371994,2025-05-26 19:59:33,42.4005699157715,-8.9211950302124,"Female"
"9004151",371994,2025-05-26 20:04:55,42.4003753662109,-8.92121887207031,"Female"
"9004151",371994,2025-05-26 20:09:34,42.4002685546875,-8.92131233215332,"Female"
"9004151",371994,2025-05-26 20:14:32,42.4004707336426,-8.92133617401123,"Female"
"9004151",371994,2025-05-26 20:19:41,42.4002418518066,-8.92122840881348,"Female"
"9004151",371994,2025-05-26 20:24:37,42.4001846313477,-8.92115116119385,"Female"
"9004151",371994,2025-05-26 20:29:39,42.4000358581543,-8.92125034332275,"Female"
"9004151",371994,2025-05-26 20:34:39,42.3998146057129,-8.92121315002441,"Female"
"9004151",371994,2025-05-26 20:39:39,42.4000816345215,-8.9211311340332,"Female"
"9004151",371994,2025-05-26 20:44:53,42.4004669189453,-8.92124271392822,"Female"
"9004151",371994,2025-05-26 20:50:05,42.4004096984863,-8.92093181610107,"Female"
"9004151",371994,2025-05-26 20:54:31,42.4006538391113,-8.92114448547363,"Female"
"9004151",371994,2025-05-26 20:59:31,42.4006271362305,-8.92115306854248,"Female"
"9004151",371994,2025-05-26 21:04:31,42.4006843566895,-8.92111682891846,"Female"
"9004151",371994,2025-05-26 21:09:31,42.4005546569824,-8.92103862762451,"Female"
"9004151",371994,2025-05-26 21:14:31,42.4005737304688,-8.9210319519043,"Female"
"9004151",371994,2025-05-26 21:19:31,42.4004325866699,-8.92097091674805,"Female"
"9004151",371994,2025-05-26 21:24:31,42.4004936218262,-8.92106628417969,"Female"
"9004151",371994,2025-05-26 21:29:31,42.4005851745605,-8.9210958480835,"Female"
"9004151",371994,2025-05-26 21:34:31,42.4005470275879,-8.92105579376221,"Female"
"9004151",371994,2025-05-26 21:39:31,42.4004058837891,-8.92110252380371,"Female"
"9004151",371994,2025-05-26 21:44:31,42.4004936218262,-8.9210262298584,"Female"
"9004151",371994,2025-05-26 21:49:44,42.400447845459,-8.92098140716553,"Female"
"9004151",371994,2025-05-26 21:54:31,42.400562286377,-8.92093944549561,"Female"
"9004151",371994,2025-05-26 21:59:33,42.4003639221191,-8.92102718353271,"Female"
"9004151",371994,2025-05-26 22:04:31,42.4005432128906,-8.92100143432617,"Female"
"9004151",371994,2025-05-26 22:09:31,42.4004898071289,-8.92108154296875,"Female"
"9004151",371994,2025-05-26 22:14:31,42.4004516601562,-8.92098522186279,"Female"
"9004151",371994,2025-05-26 22:19:31,42.4005088806152,-8.92106533050537,"Female"
"9004151",371994,2025-05-26 22:24:32,42.4004020690918,-8.92104339599609,"Female"
"9004151",371994,2025-05-26 22:29:31,42.4004325866699,-8.92111682891846,"Female"
"9004151",371994,2025-05-26 22:34:31,42.4005355834961,-8.92117786407471,"Female"
"9004151",371994,2025-05-26 22:39:31,42.4004783630371,-8.92115879058838,"Female"
"9004151",371994,2025-05-26 22:44:32,42.4003982543945,-8.92102241516113,"Female"
"9004151",371994,2025-05-26 22:49:44,42.4004936218262,-8.92102146148682,"Female"
"9004151",371994,2025-05-26 22:54:34,42.4003639221191,-8.92114067077637,"Female"
"9004151",371994,2025-05-26 22:59:37,42.4004135131836,-8.92102718353271,"Female"
"9004151",371994,2025-05-26 23:04:36,42.400447845459,-8.92102146148682,"Female"
"9004151",371994,2025-05-26 23:09:33,42.4002647399902,-8.92073154449463,"Female"
"9004151",371994,2025-05-26 23:14:43,42.4004211425781,-8.921067237854,"Female"
"9004151",371994,2025-05-26 23:19:33,42.4001655578613,-8.92085361480713,"Female"
"9004151",371994,2025-05-26 23:24:32,42.4000015258789,-8.92069149017334,"Female"
"9004151",371994,2025-05-26 23:29:32,42.3988151550293,-8.91978931427002,"Female"
"9004151",371994,2025-05-26 23:34:34,42.4004249572754,-8.92102718353271,"Female"
"9004151",371994,2025-05-26 23:39:36,42.4004096984863,-8.92109203338623,"Female"
"9004151",371994,2025-05-26 23:44:47,42.4003829956055,-8.92110347747803,"Female"
"9004151",371994,2025-05-26 23:49:37,42.400463104248,-8.92123317718506,"Female"
"9004151",371994,2025-05-26 23:54:38,42.4003753662109,-8.92134094238281,"Female"
"9004151",371994,2025-05-26 23:59:39,42.4004783630371,-8.92077541351318,"Female"
"9004151",371994,2025-05-27 00:04:32,42.4008979797363,-8.92143058776855,"Female"
"9004151",371994,2025-05-27 00:09:33,42.4006805419922,-8.92149066925049,"Female"
"9004151",371994,2025-05-27 00:14:38,42.4006080627441,-8.92078399658203,"Female"
"9004151",371994,2025-05-27 00:19:43,42.4004745483398,-8.92116260528564,"Female"
"9004151",371994,2025-05-27 00:24:32,42.4005165100098,-8.92145919799805,"Female"
"9004151",371994,2025-05-27 00:29:34,42.400390625,-8.92115783691406,"Female"
"9004151",371994,2025-05-27 00:34:39,42.400390625,-8.92123126983643,"Female"
"9004151",371994,2025-05-27 00:39:44,42.4003791809082,-8.92105865478516,"Female"
"9004151",371994,2025-05-27 00:44:33,42.4006309509277,-8.92202472686768,"Female"
"9004151",371994,2025-05-27 00:49:39,42.4003944396973,-8.92136001586914,"Female"
"9004151",371994,2025-05-27 00:54:37,42.4003677368164,-8.92112159729004,"Female"
"9004151",371994,2025-05-27 00:59:36,42.4003028869629,-8.92122936248779,"Female"
"9004151",371994,2025-05-27 01:04:32,42.4004364013672,-8.9210901260376,"Female"
"9004151",371994,2025-05-27 01:10:05,42.4004173278809,-8.92119216918945,"Female"
"9004151",371994,2025-05-27 01:14:31,42.4004592895508,-8.92111110687256,"Female"
"9004151",371994,2025-05-27 01:19:31,42.4004135131836,-8.9211597442627,"Female"
"9004151",371994,2025-05-27 01:24:31,42.4004402160645,-8.92109680175781,"Female"
"9004151",371994,2025-05-27 01:29:31,42.4003715515137,-8.92130184173584,"Female"
"9004151",371994,2025-05-27 01:34:31,42.4003982543945,-8.92106533050537,"Female"
"9004151",371994,2025-05-27 01:39:31,42.4004173278809,-8.92115688323975,"Female"
"9004151",371994,2025-05-27 01:44:31,42.4003868103027,-8.92113590240479,"Female"
"9004151",371994,2025-05-27 01:49:32,42.4003677368164,-8.92114448547363,"Female"
"9004151",371994,2025-05-27 01:54:32,42.4004249572754,-8.9210844039917,"Female"
"9004151",371994,2025-05-27 01:59:31,42.4006004333496,-8.92101669311523,"Female"
"9004151",371994,2025-05-27 02:04:44,42.4003944396973,-8.92113971710205,"Female"
"9004151",371994,2025-05-27 02:09:32,42.4003448486328,-8.92112064361572,"Female"
"9004151",371994,2025-05-27 02:14:32,42.4003715515137,-8.92100524902344,"Female"
"9004151",371994,2025-05-27 02:19:36,42.4004249572754,-8.92112827301025,"Female"
"9004151",371994,2025-05-27 02:24:33,42.4004859924316,-8.92111873626709,"Female"
"9004151",371994,2025-05-27 02:29:36,42.4003944396973,-8.92101287841797,"Female"
"9004151",371994,2025-05-27 02:34:36,42.4005126953125,-8.92097473144531,"Female"
"9004151",371994,2025-05-27 02:39:39,42.4004898071289,-8.92098903656006,"Female"
"9004151",371994,2025-05-27 02:44:39,42.4004325866699,-8.92097091674805,"Female"
"9004151",371994,2025-05-27 02:50:05,42.400447845459,-8.9210033416748,"Female"
"9004151",371994,2025-05-27 02:54:32,42.4004974365234,-8.9209098815918,"Female"
"9004151",371994,2025-05-27 02:59:38,42.4004707336426,-8.92087554931641,"Female"
"9004151",371994,2025-05-27 03:04:32,42.4004898071289,-8.92091274261475,"Female"
"9004151",371994,2025-05-27 03:10:05,42.4004783630371,-8.9208984375,"Female"
"9004151",371994,2025-05-27 03:14:32,42.4003982543945,-8.92087745666504,"Female"
"9004151",371994,2025-05-27 03:19:32,42.4004211425781,-8.92088222503662,"Female"
"9004151",371994,2025-05-27 03:24:32,42.4004974365234,-8.92098808288574,"Female"
"9004151",371994,2025-05-27 03:29:33,42.4004020690918,-8.92088031768799,"Female"
"9004151",371994,2025-05-27 03:34:37,42.4004249572754,-8.92097854614258,"Female"
"9004151",371994,2025-05-27 03:39:39,42.4005012512207,-8.92090225219727,"Female"
"9004151",371994,2025-05-27 03:44:42,42.4003219604492,-8.92112064361572,"Female"
"9004151",371994,2025-05-27 03:49:44,42.4004058837891,-8.92105102539062,"Female"
"9004151",371994,2025-05-27 03:54:36,42.4003105163574,-8.9209098815918,"Female"
"9004151",371994,2025-05-27 03:59:35,42.400577545166,-8.92109298706055,"Female"
"9004151",371994,2025-05-27 04:04:33,42.4004364013672,-8.92107105255127,"Female"
"9004151",371994,2025-05-27 04:09:35,42.4004592895508,-8.92101001739502,"Female"
"9004151",371994,2025-05-27 04:14:34,42.4000930786133,-8.92102909088135,"Female"
"9004151",371994,2025-05-27 04:19:37,42.4001312255859,-8.92106533050537,"Female"
"9004151",371994,2025-05-27 04:24:33,42.4002532958984,-8.92083072662354,"Female"
"9004151",371994,2025-05-27 04:29:36,42.4003410339355,-8.92057609558105,"Female"
"9004151",371994,2025-05-27 04:34:45,42.4006042480469,-8.92085075378418,"Female"
"9004151",371994,2025-05-27 04:39:32,42.4004707336426,-8.92090320587158,"Female"
"9004151",371994,2025-05-27 04:44:32,42.4012031555176,-8.92098808288574,"Female"
"9004151",371994,2025-05-27 04:49:40,42.4002647399902,-8.9205436706543,"Female"
"9004151",371994,2025-05-27 04:54:36,42.4002876281738,-8.92054653167725,"Female"
"9004151",371994,2025-05-27 04:59:33,42.4000473022461,-8.9204797744751,"Female"
"9004151",371994,2025-05-27 05:04:43,42.4011116027832,-8.92322731018066,"Female"
"9004151",371994,2025-05-27 05:09:39,42.4011535644531,-8.92343044281006,"Female"
"9004151",371994,2025-05-27 05:14:39,42.4010314941406,-8.92323207855225,"Female"
"9004151",371994,2025-05-27 05:19:39,42.4008941650391,-8.92314052581787,"Female"
"9004151",371994,2025-05-27 05:24:37,42.4006042480469,-8.92290019989014,"Female"
"9004151",371994,2025-05-27 05:29:39,42.4008598327637,-8.92357444763184,"Female"
"9004151",371994,2025-05-27 05:34:37,42.4006805419922,-8.92336845397949,"Female"
"9004151",371994,2025-05-27 05:39:39,42.4004669189453,-8.92310047149658,"Female"
"9004151",371994,2025-05-27 05:44:39,42.4003601074219,-8.92294692993164,"Female"
"9004151",371994,2025-05-27 05:49:45,42.4001007080078,-8.92240428924561,"Female"
"9004151",371994,2025-05-27 05:54:55,42.4000587463379,-8.92238807678223,"Female"
"9004151",371994,2025-05-27 06:00:05,42.4000473022461,-8.92062091827393,"Female"
"9004151",371994,2025-05-27 06:04:45,42.4005851745605,-8.92073917388916,"Female"
"9004151",371994,2025-05-27 06:09:54,42.4004516601562,-8.92084980010986,"Female"
"9004151",371994,2025-05-27 06:15:25,42.4003257751465,-8.92115497589111,"Female"
"9004151",371994,2025-05-27 06:20:56,42.4003562927246,-8.92107486724854,"Female"
"9004151",371994,2025-05-27 06:24:33,42.4003868103027,-8.92109394073486,"Female"
"9004151",371994,2025-05-27 06:29:36,42.4004058837891,-8.92107391357422,"Female"
"9004151",371994,2025-05-27 06:34:31,42.3976135253906,-8.92080402374268,"Female"
"9004151",371994,2025-05-27 06:39:31,42.3978385925293,-8.92121028900146,"Female"
"9004151",371994,2025-05-27 06:44:32,42.397819519043,-8.92140007019043,"Female"
"9004151",371994,2025-05-27 06:49:31,42.3975639343262,-8.9211368560791,"Female"
"9004151",371994,2025-05-27 06:54:31,42.3985214233398,-8.9216890335083,"Female"
"9004151",371994,2025-05-27 06:59:31,42.3977966308594,-8.92125034332275,"Female"
"9004151",371994,2025-05-27 07:04:31,42.3976211547852,-8.92106342315674,"Female"
"9004151",371994,2025-05-27 07:09:31,42.3978271484375,-8.92115497589111,"Female"
"9004151",371994,2025-05-27 07:14:31,42.3977661132812,-8.92126178741455,"Female"
"9004151",371994,2025-05-27 07:19:31,42.3974761962891,-8.92111968994141,"Female"
"9004151",371994,2025-05-27 07:24:31,42.3987693786621,-8.92134666442871,"Female"
"9004151",371994,2025-05-27 07:29:39,42.3987808227539,-8.92172813415527,"Female"
"9004151",371994,2025-05-27 07:34:32,42.3985137939453,-8.92323017120361,"Female"
"9004151",371994,2025-05-27 07:39:39,42.3979797363281,-8.92332744598389,"Female"
"9004151",371994,2025-05-27 07:44:33,42.3978271484375,-8.92326164245605,"Female"
"9004151",371994,2025-05-27 07:49:32,42.394229888916,-8.92477703094482,"Female"
"9004151",371994,2025-05-27 07:54:32,42.3978729248047,-8.92097091674805,"Female"
"9004151",371994,2025-05-27 07:59:32,42.3978614807129,-8.92090606689453,"Female"
"9004151",371994,2025-05-27 08:04:33,42.3982048034668,-8.92139625549316,"Female"
"9004151",371994,2025-05-27 08:09:39,42.4008636474609,-8.91870307922363,"Female"
"9004151",371994,2025-05-27 08:14:32,42.417121887207,-8.92754936218262,"Female"
"9004151",371994,2025-05-27 08:19:32,42.4422798156738,-8.93838500976562,"Female"
"9004151",371994,2025-05-27 08:24:32,42.4692840576172,-8.94391441345215,"Female"
"9004151",371994,2025-05-27 08:29:32,42.4854927062988,-8.93448352813721,"Female"
"9004151",371994,2025-05-27 08:34:32,42.4938468933105,-8.91738128662109,"Female"
"9004151",371994,2025-05-27 08:39:32,42.5009536743164,-8.90202140808105,"Female"
"9004151",371994,2025-05-27 08:44:32,42.508472442627,-8.88651371002197,"Female"
"9004151",371994,2025-05-27 08:49:32,42.5251083374023,-8.85790824890137,"Female"
"9004151",371994,2025-05-27 08:54:53,42.5303840637207,-8.85342597961426,"Female"
"9004151",371994,2025-05-27 09:00:10,42.5332183837891,-8.84877777099609,"Female"
"9004151",371994,2025-05-27 09:05:28,42.534294128418,-8.84840774536133,"Female"
"9004151",371994,2025-05-27 09:10:28,42.5352630615234,-8.8480052947998,"Female"
"9004151",371994,2025-05-27 09:16:01,42.535831451416,-8.84835624694824,"Female"
"9004151",371994,2025-05-27 09:22:14,42.5347023010254,-8.84830093383789,"Female"
"9004151",371994,2025-05-27 09:27:10,42.5343170166016,-8.84762287139893,"Female"
"9004151",371994,2025-05-27 09:32:08,42.5340538024902,-8.84802436828613,"Female"
"9004151",371994,2025-05-27 09:37:22,42.5336036682129,-8.8478536605835,"Female"
"9004151",371994,2025-05-27 09:42:44,42.5346794128418,-8.84787654876709,"Female"
"9004151",371994,2025-05-27 10:03:50,42.5331268310547,-8.84940624237061,"Female"
"9004151",371994,2025-05-27 10:09:00,42.5345726013184,-8.84885597229004,"Female"
"9004151",371994,2025-05-27 10:14:00,42.5347557067871,-8.84735774993896,"Female"
"9004151",371994,2025-05-27 10:19:00,42.5348091125488,-8.84838962554932,"Female"
"9004151",371994,2025-05-27 10:24:01,42.5347213745117,-8.8484001159668,"Female"
"9004151",371994,2025-05-27 10:29:01,42.5259666442871,-8.84773540496826,"Female"
"9004151",371994,2025-05-27 10:34:09,42.5259628295898,-8.84754657745361,"Female"
"9004151",371994,2025-05-27 10:39:09,42.5261154174805,-8.84769344329834,"Female"
"9004151",371994,2025-05-27 10:44:09,42.526123046875,-8.84776401519775,"Female"
"9004151",371994,2025-05-27 10:49:15,42.5259094238281,-8.84734535217285,"Female"
"9004151",371994,2025-05-27 10:54:00,42.5259170532227,-8.84718799591064,"Female"
"9004151",371994,2025-05-27 10:59:04,42.5260276794434,-8.84710216522217,"Female"
"9004151",371994,2025-05-27 11:04:06,42.5259780883789,-8.84721374511719,"Female"
"9004151",371994,2025-05-27 11:09:00,42.5263786315918,-8.84783363342285,"Female"
"9004151",371994,2025-05-27 11:14:03,42.526782989502,-8.84803104400635,"Female"
"9004151",371994,2025-05-27 11:19:02,42.5263977050781,-8.84747982025146,"Female"
"9004151",371994,2025-05-27 11:24:01,42.5264549255371,-8.84755611419678,"Female"
"9004151",371994,2025-05-27 11:29:02,42.5263404846191,-8.8473949432373,"Female"
"9004151",371994,2025-05-27 11:34:03,42.5266036987305,-8.84767055511475,"Female"
"9004151",371994,2025-05-27 11:39:06,42.5257225036621,-8.84701538085938,"Female"
"9004151",371994,2025-05-27 11:44:00,42.5258750915527,-8.84704971313477,"Female"
"9004151",371994,2025-05-27 11:49:14,42.5258293151855,-8.84684276580811,"Female"
"9004151",371994,2025-05-27 11:54:10,42.525821685791,-8.84734630584717,"Female"
"9004151",371994,2025-05-27 11:59:09,42.5259323120117,-8.84735107421875,"Female"
"9004151",371994,2025-05-27 12:04:03,42.5259399414062,-8.84721755981445,"Female"
"9004151",371994,2025-05-27 12:09:03,42.5259552001953,-8.84726524353027,"Female"
"9004151",371994,2025-05-27 12:14:42,42.5355834960938,-8.84935283660889,"Female"
"9004151",371994,2025-05-27 12:19:51,42.5360374450684,-8.84743404388428,"Female"
"9004151",371994,2025-05-27 12:24:57,42.5357513427734,-8.84746551513672,"Female"
"9004151",371994,2025-05-27 12:30:44,42.5354270935059,-8.84798049926758,"Female"
"9004151",371994,2025-05-27 12:35:44,42.5353393554688,-8.84779644012451,"Female"
"9004151",371994,2025-05-27 12:40:48,42.534782409668,-8.84792518615723,"Female"
"9004151",371994,2025-05-27 12:52:07,42.5340270996094,-8.85039806365967,"Female"
"9004151",371994,2025-05-27 12:59:55,42.5316848754883,-8.85077953338623,"Female"
"9004151",371994,2025-05-27 13:04:55,42.5307655334473,-8.84967517852783,"Female"
"9004151",371994,2025-05-27 13:10:01,42.5307502746582,-8.84918212890625,"Female"
"9004151",371994,2025-05-27 13:15:05,42.5262260437012,-8.84722423553467,"Female"
"9004151",371994,2025-05-27 13:19:45,42.5262298583984,-8.84717178344727,"Female"
"9004151",371994,2025-05-27 13:24:46,42.5262451171875,-8.84723281860352,"Female"
"9004151",371994,2025-05-27 13:29:46,42.526252746582,-8.84724712371826,"Female"
"9004151",371994,2025-05-27 13:34:46,42.5262069702148,-8.84717178344727,"Female"
"9004151",371994,2025-05-27 13:39:45,42.5262069702148,-8.84712219238281,"Female"
"9004151",371994,2025-05-27 13:44:46,42.5262184143066,-8.84718227386475,"Female"
"9004151",371994,2025-05-27 13:49:47,42.5261726379395,-8.84705829620361,"Female"
"9004151",371994,2025-05-27 13:54:48,42.5262031555176,-8.84714889526367,"Female"
"9004151",371994,2025-05-27 13:59:48,42.5261421203613,-8.84709930419922,"Female"
"9004151",371994,2025-05-27 14:04:47,42.5261573791504,-8.84711742401123,"Female"
"9004151",371994,2025-05-27 14:09:47,42.5260963439941,-8.84704685211182,"Female"
"9004151",371994,2025-05-27 14:14:47,42.5261001586914,-8.84712982177734,"Female"
"9004151",371994,2025-05-27 14:19:47,42.5261535644531,-8.8471155166626,"Female"
"9004151",371994,2025-05-27 14:24:47,42.5261344909668,-8.84713172912598,"Female"
"9004151",371994,2025-05-27 14:29:47,42.5261726379395,-8.84709167480469,"Female"
"9004151",371994,2025-05-27 14:34:47,42.5262336730957,-8.84711170196533,"Female"
"9004151",371994,2025-05-27 14:39:46,42.5262413024902,-8.847092628479,"Female"
"9004151",371994,2025-05-27 14:44:47,42.5262260437012,-8.84712314605713,"Female"
"9004151",371994,2025-05-27 14:49:50,42.5262565612793,-8.84705924987793,"Female"
"9004151",371994,2025-05-27 14:55:13,42.5261344909668,-8.8470573425293,"Female"
"9004151",371994,2025-05-27 14:59:46,42.5261917114258,-8.84707832336426,"Female"
"9004151",371994,2025-05-27 15:04:47,42.5262107849121,-8.84705829620361,"Female"
"9004151",371994,2025-05-27 15:09:47,42.5262222290039,-8.84703636169434,"Female"
"9004151",371994,2025-05-27 15:14:46,42.526180267334,-8.84705257415771,"Female"
"9004151",371994,2025-05-27 15:19:47,42.5261001586914,-8.8470516204834,"Female"
"9004151",371994,2025-05-27 15:24:47,42.5345878601074,-8.84828567504883,"Female"
"9004151",371994,2025-05-27 15:29:55,42.5351333618164,-8.84759044647217,"Female"
"9004151",371994,2025-05-27 15:34:54,42.5358352661133,-8.84642696380615,"Female"
"9004151",371994,2025-05-27 15:40:33,42.5365409851074,-8.84724712371826,"Female"
"9004151",371994,2025-05-27 15:45:31,42.5356712341309,-8.84808921813965,"Female"
"9004151",371994,2025-05-27 15:51:35,42.5360221862793,-8.84820747375488,"Female"
"9004151",371994,2025-05-27 15:56:15,42.5353126525879,-8.847487449646,"Female"
"9004151",371994,2025-05-27 16:01:19,42.5348510742188,-8.8483419418335,"Female"
"9004151",371994,2025-05-27 16:06:47,42.5340309143066,-8.84818077087402,"Female"
"9004151",371994,2025-05-27 16:12:19,42.5334968566895,-8.84840297698975,"Female"
"9004151",371994,2025-05-27 16:17:19,42.5323333740234,-8.8496732711792,"Female"
"9004151",371994,2025-05-27 16:22:28,42.531436920166,-8.84908199310303,"Female"
"9004151",371994,2025-05-27 16:27:19,42.5319290161133,-8.85098743438721,"Female"
"9004151",371994,2025-05-27 16:32:18,42.5321617126465,-8.85176849365234,"Female"
"9004151",371994,2025-05-27 16:37:40,42.5325698852539,-8.85054492950439,"Female"
"9004151",371994,2025-05-27 16:42:38,42.5322570800781,-8.85044002532959,"Female"
"9004151",371994,2025-05-27 16:47:43,42.5315208435059,-8.85054683685303,"Female"
"9004151",371994,2025-05-27 16:52:40,42.5304374694824,-8.85057830810547,"Female"
"9004151",371994,2025-05-27 16:57:39,42.5292129516602,-8.85072803497314,"Female"
"9004151",371994,2025-05-27 17:02:43,42.5286521911621,-8.85116291046143,"Female"
"9004151",371994,2025-05-27 17:07:44,42.5284271240234,-8.85106754302979,"Female"
"9004151",371994,2025-05-27 17:12:49,42.5260467529297,-8.8473949432373,"Female"
"9004151",371994,2025-05-27 17:17:39,42.5261459350586,-8.84742164611816,"Female"
"9004151",371994,2025-05-27 17:23:03,42.5260200500488,-8.84736728668213,"Female"
"9004151",371994,2025-05-27 17:27:39,42.5261650085449,-8.84742736816406,"Female"
"9004151",371994,2025-05-27 17:32:39,42.526008605957,-8.84737873077393,"Female"
"9004151",371994,2025-05-27 17:37:39,42.5260581970215,-8.84738540649414,"Female"
"9004151",371994,2025-05-27 17:42:39,42.5259399414062,-8.84721088409424,"Female"
"9004151",371994,2025-05-27 17:47:39,42.526008605957,-8.84735488891602,"Female"
"9004151",371994,2025-05-27 17:52:38,42.526123046875,-8.84745693206787,"Female"
"9004151",371994,2025-05-27 17:57:39,42.5259246826172,-8.84733867645264,"Female"
"9004151",371994,2025-05-27 18:02:38,42.5260543823242,-8.84741592407227,"Female"
"9004151",371994,2025-05-27 18:07:38,42.526008605957,-8.84738159179688,"Female"
"9004151",371994,2025-05-27 18:12:39,42.5314598083496,-8.8512601852417,"Female"
"9004151",371994,2025-05-27 18:17:41,42.5322570800781,-8.85070133209229,"Female"
"9004151",371994,2025-05-27 18:22:58,42.5331954956055,-8.84933090209961,"Female"
"9004151",371994,2025-05-27 18:28:30,42.5341415405273,-8.84859752655029,"Female"
"9004151",371994,2025-05-27 18:33:39,42.5345764160156,-8.84754848480225,"Female"
"9004151",371994,2025-05-27 18:39:06,42.5349884033203,-8.84766578674316,"Female"
"9004151",371994,2025-05-27 18:44:18,42.5355072021484,-8.84854221343994,"Female"
"9004151",371994,2025-05-27 18:49:59,42.5342178344727,-8.84943866729736,"Female"
"9004151",371994,2025-05-27 18:55:08,42.5328216552734,-8.85034847259521,"Female"
"9004151",371994,2025-05-27 19:00:08,42.5316581726074,-8.85163688659668,"Female"
"9004151",371994,2025-05-27 19:05:07,42.5083465576172,-8.87972259521484,"Female"
"9004151",371994,2025-05-27 19:10:14,42.4802055358887,-8.92910671234131,"Female"
"9004151",371994,2025-05-27 19:15:06,42.4426078796387,-8.95092964172363,"Female"
"9004151",371994,2025-05-27 19:30:39,42.4079132080078,-8.93034362792969,"Female"
"9004151",371994,2025-05-27 19:36:45,42.400505065918,-8.92099952697754,"Female"
"9004151",371994,2025-05-27 19:41:20,42.4006843566895,-8.92123508453369,"Female"
"9004151",371994,2025-05-27 19:46:20,42.4006462097168,-8.92115020751953,"Female"
"9004151",371994,2025-05-27 19:51:20,42.4007759094238,-8.92118549346924,"Female"
"9004151",371994,2025-05-27 19:56:23,42.4005737304688,-8.9210844039917,"Female"
"9004151",371994,2025-05-27 20:01:21,42.4010429382324,-8.92120838165283,"Female"
"9004151",371994,2025-05-27 20:06:23,42.400318145752,-8.92084789276123,"Female"
"9004151",371994,2025-05-27 20:11:23,42.4004669189453,-8.92082500457764,"Female"
"9004151",371994,2025-05-27 20:16:30,42.4002380371094,-8.92128658294678,"Female"
"9004151",371994,2025-05-27 20:21:29,42.4003753662109,-8.92122459411621,"Female"
"9004151",371994,2025-05-27 20:26:31,42.3998489379883,-8.92030334472656,"Female"
"9004151",371994,2025-05-27 20:31:45,42.4001770019531,-8.92110824584961,"Female"
"9004151",371994,2025-05-27 20:36:21,42.3999290466309,-8.92160224914551,"Female"
"9004151",371994,2025-05-27 20:41:24,42.4002647399902,-8.92100620269775,"Female"
"9004151",371994,2025-05-27 20:46:31,42.4002494812012,-8.92117500305176,"Female"
"9004151",371994,2025-05-27 20:51:31,42.3998527526855,-8.9213285446167,"Female"
"9004151",371994,2025-05-27 20:56:31,42.4001693725586,-8.92112636566162,"Female"
"9004151",371994,2025-05-27 21:01:44,42.4005737304688,-8.92076396942139,"Female"
"9004151",371994,2025-05-27 21:06:23,42.4004287719727,-8.92085838317871,"Female"
"9004151",371994,2025-05-27 21:11:24,42.4003028869629,-8.92108535766602,"Female"
"9004151",371994,2025-05-27 21:17:14,42.4003028869629,-8.92115592956543,"Female"
"9004151",371994,2025-05-27 21:21:22,42.4005508422852,-8.92089557647705,"Female"
"9004151",371994,2025-05-27 21:26:22,42.4004821777344,-8.92093849182129,"Female"
"9004151",371994,2025-05-27 21:31:22,42.4002571105957,-8.92118453979492,"Female"
"9004151",371994,2025-05-27 21:36:22,42.400390625,-8.92101764678955,"Female"
"9004151",371994,2025-05-27 21:41:20,42.4002342224121,-8.92120838165283,"Female"
"9004151",371994,2025-05-27 21:46:28,42.4004974365234,-8.92093849182129,"Female"
"9004151",371994,2025-05-27 21:51:23,42.4000434875488,-8.92139053344727,"Female"
"9004151",371994,2025-05-27 21:56:44,42.4003448486328,-8.92104148864746,"Female"
"9004151",371994,2025-05-27 22:01:21,42.400447845459,-8.9210786819458,"Female"
"9004151",371994,2025-05-27 22:06:20,42.4004096984863,-8.92103385925293,"Female"
"9004151",371994,2025-05-27 22:11:22,42.4001617431641,-8.92121505737305,"Female"
"9004151",371994,2025-05-27 22:16:24,42.400260925293,-8.92097663879395,"Female"
"9004151",371994,2025-05-27 22:21:20,42.4004516601562,-8.92101287841797,"Female"
"9004151",371994,2025-05-27 22:26:21,42.4004020690918,-8.92108631134033,"Female"
"9004151",371994,2025-05-27 22:31:20,42.4004096984863,-8.92099475860596,"Female"
"9004151",371994,2025-05-27 22:36:20,42.4006004333496,-8.9209451675415,"Female"
"9004151",371994,2025-05-27 22:41:21,42.4004020690918,-8.92100524902344,"Female"
"9004151",371994,2025-05-27 22:46:24,42.4008712768555,-8.92084503173828,"Female"
"9004151",371994,2025-05-27 22:51:23,42.4004821777344,-8.92119979858398,"Female"
"9004151",371994,2025-05-27 22:56:22,42.3999061584473,-8.92087650299072,"Female"
"9004151",371994,2025-05-27 23:01:26,42.4001159667969,-8.92118835449219,"Female"
"9004151",371994,2025-05-27 23:06:29,42.3998413085938,-8.92115497589111,"Female"
"9004151",371994,2025-05-27 23:11:23,42.3998031616211,-8.92094802856445,"Female"
"9004151",371994,2025-05-27 23:16:28,42.3991851806641,-8.92102527618408,"Female"
"9004151",371994,2025-05-27 23:21:44,42.400203704834,-8.92114353179932,"Female"
"9004151",371994,2025-05-27 23:26:24,42.4001579284668,-8.92110347747803,"Female"
"9004151",371994,2025-05-27 23:31:22,42.4003372192383,-8.92134284973145,"Female"
"9004151",371994,2025-05-27 23:36:22,42.3999443054199,-8.92088031768799,"Female"
"9004151",371994,2025-05-27 23:41:25,42.3998184204102,-8.92088603973389,"Female"
"9004151",371994,2025-05-27 23:46:44,42.3997268676758,-8.9210262298584,"Female"
"9004151",371994,2025-05-27 23:51:21,42.3993377685547,-8.92032051086426,"Female"
"9004151",371994,2025-05-27 23:56:21,42.3995132446289,-8.92047691345215,"Female"
"9004151",371994,2025-05-28 00:01:21,42.3995170593262,-8.92061328887939,"Female"
"9004151",371994,2025-05-28 00:06:21,42.3995056152344,-8.92071437835693,"Female"
"9004151",371994,2025-05-28 00:11:26,42.3993263244629,-8.92075347900391,"Female"
"9004151",371994,2025-05-28 00:16:22,42.3989181518555,-8.9202709197998,"Female"
"9004151",371994,2025-05-28 00:21:28,42.3994407653809,-8.92093753814697,"Female"
"9004151",371994,2025-05-28 00:26:24,42.3989562988281,-8.91940307617188,"Female"
"9004151",371994,2025-05-28 00:31:44,42.3991432189941,-8.92098236083984,"Female"
"9004151",371994,2025-05-28 00:36:44,42.3991661071777,-8.92102146148682,"Female"
"9004151",371994,2025-05-28 00:41:35,42.3991889953613,-8.92115497589111,"Female"
"9004151",371994,2025-05-28 00:46:35,42.3991432189941,-8.92124938964844,"Female"
"9004151",371994,2025-05-28 00:51:50,42.4003295898438,-8.92123317718506,"Female"
"9004151",371994,2025-05-28 00:56:20,42.4002494812012,-8.92172622680664,"Female"
"9004151",371994,2025-05-28 01:01:22,42.4001998901367,-8.92164897918701,"Female"
"9004151",371994,2025-05-28 01:06:21,42.4002418518066,-8.92152118682861,"Female"
"9004151",371994,2025-05-28 01:11:24,42.400390625,-8.92113780975342,"Female"
"9004151",371994,2025-05-28 01:16:31,42.400260925293,-8.92141056060791,"Female"
"9004151",371994,2025-05-28 01:21:21,42.4003067016602,-8.9215259552002,"Female"
"9004151",371994,2025-05-28 01:26:21,42.4003028869629,-8.92130470275879,"Female"
"9004151",371994,2025-05-28 01:31:22,42.400260925293,-8.92133712768555,"Female"
"9004151",371994,2025-05-28 01:36:22,42.4003295898438,-8.92123794555664,"Female"
"9004151",371994,2025-05-28 01:41:20,42.4002799987793,-8.92130279541016,"Female"
"9004151",371994,2025-05-28 01:46:21,42.4003448486328,-8.92132472991943,"Female"
"9004151",371994,2025-05-28 01:51:23,42.4001846313477,-8.92134761810303,"Female"
"9004151",371994,2025-05-28 01:56:24,42.4004707336426,-8.92115211486816,"Female"
"9004151",371994,2025-05-28 02:01:44,42.4004898071289,-8.92099189758301,"Female"
"9004151",371994,2025-05-28 02:06:21,42.4004058837891,-8.92121028900146,"Female"
"9004151",371994,2025-05-28 02:11:29,42.4005470275879,-8.92098140716553,"Female"
"9004151",371994,2025-05-28 02:16:24,42.4003944396973,-8.92093753814697,"Female"
"9004151",371994,2025-05-28 02:21:53,42.4004325866699,-8.92099285125732,"Female"
"9004151",371994,2025-05-28 02:26:20,42.4004287719727,-8.921067237854,"Female"
"9004151",371994,2025-05-28 02:31:20,42.4005317687988,-8.92099857330322,"Female"
"9004151",371994,2025-05-28 02:36:20,42.400520324707,-8.92097854614258,"Female"
"9004151",371994,2025-05-28 02:41:20,42.4004745483398,-8.92101764678955,"Female"
"9004151",371994,2025-05-28 02:46:20,42.4003982543945,-8.92111110687256,"Female"
"9004151",371994,2025-05-28 02:51:26,42.400318145752,-8.92099666595459,"Female"
"9004151",371994,2025-05-28 02:56:43,42.400505065918,-8.92098236083984,"Female"
"9004151",371994,2025-05-28 03:01:21,42.4003448486328,-8.92097568511963,"Female"
"9004151",371994,2025-05-28 03:06:26,42.4002418518066,-8.92090702056885,"Female"
"9004151",371994,2025-05-28 03:11:22,42.4002990722656,-8.92103099822998,"Female"
"9004151",371994,2025-05-28 03:16:23,42.4005393981934,-8.92089557647705,"Female"
"9004151",371994,2025-05-28 03:21:31,42.3992614746094,-8.9213228225708,"Female"
"9004151",371994,2025-05-28 03:26:23,42.4009284973145,-8.9214916229248,"Female"
"9004151",371994,2025-05-28 03:31:44,42.4004783630371,-8.92102909088135,"Female"
"9004151",371994,2025-05-28 03:36:23,42.4000625610352,-8.9207239151001,"Female"
"9004151",371994,2025-05-28 03:41:42,42.4004783630371,-8.9215030670166,"Female"
"9004151",371994,2025-05-28 03:46:24,42.3999290466309,-8.92084312438965,"Female"
"9004151",371994,2025-05-28 03:51:26,42.4004287719727,-8.92152500152588,"Female"
"9004151",371994,2025-05-28 03:56:26,42.4003639221191,-8.9214038848877,"Female"
"9004151",371994,2025-05-28 04:01:25,42.4007568359375,-8.92087554931641,"Female"
"9004151",371994,2025-05-28 04:06:31,42.400016784668,-8.92205142974854,"Female"
"9004151",371994,2025-05-28 04:11:31,42.399959564209,-8.92168235778809,"Female"
"9004151",371994,2025-05-28 04:16:43,42.4002685546875,-8.92083168029785,"Female"
"9004151",371994,2025-05-28 04:21:53,42.4004402160645,-8.92091846466064,"Female"
"9004151",371994,2025-05-28 04:26:30,42.4004249572754,-8.92101573944092,"Female"
"9004151",371994,2025-05-28 04:31:20,42.400390625,-8.92099857330322,"Female"
"9004151",371994,2025-05-28 04:36:24,42.4005012512207,-8.92085838317871,"Female"
"9004151",371994,2025-05-28 04:41:24,42.4005546569824,-8.92082405090332,"Female"
"9004151",371994,2025-05-28 04:46:43,42.4004745483398,-8.92093086242676,"Female"
"9004151",371994,2025-05-28 04:51:24,42.4000396728516,-8.92130470275879,"Female"
"9004151",371994,2025-05-28 04:56:53,42.4004783630371,-8.92110347747803,"Female"
"9004151",371994,2025-05-28 05:01:22,42.4004096984863,-8.92107200622559,"Female"
"9004151",371994,2025-05-28 05:06:36,42.4005737304688,-8.92041110992432,"Female"
"9004151",371994,2025-05-28 05:11:22,42.4006309509277,-8.92056369781494,"Female"
"9004151",371994,2025-05-28 05:16:24,42.4006423950195,-8.9211893081665,"Female"
"9004151",371994,2025-05-28 05:21:23,42.4006042480469,-8.9214563369751,"Female"
"9004151",371994,2025-05-28 05:26:28,42.4006462097168,-8.9204740524292,"Female"
"9004151",371994,2025-05-28 05:31:23,42.400993347168,-8.9214448928833,"Female"
"9004151",371994,2025-05-28 05:36:40,42.4006690979004,-8.92037296295166,"Female"
"9004151",371994,2025-05-28 05:41:22,42.400764465332,-8.92030429840088,"Female"
"9004151",371994,2025-05-28 05:46:20,42.4006500244141,-8.92056846618652,"Female"
"9004151",371994,2025-05-28 05:51:37,42.400764465332,-8.92038536071777,"Female"
"9004151",371994,2025-05-28 05:56:32,42.400707244873,-8.92053604125977,"Female"
"9004151",371994,2025-05-28 06:01:26,42.4002685546875,-8.92113208770752,"Female"
"9004151",371994,2025-05-28 06:07:45,42.4006996154785,-8.92044925689697,"Female"
"9004151",371994,2025-05-28 06:11:32,42.4006271362305,-8.9206428527832,"Female"
"9004151",371994,2025-05-28 06:17:45,42.4004783630371,-8.92080593109131,"Female"
"9004151",371994,2025-05-28 06:22:45,42.4003829956055,-8.92102241516113,"Female"
"9004151",371994,2025-05-28 06:26:21,42.4004592895508,-8.92091655731201,"Female"
"9004151",371994,2025-05-28 06:31:25,42.4004440307617,-8.92107009887695,"Female"
"9004151",371994,2025-05-28 06:36:26,42.400390625,-8.92087650299072,"Female"
"9004151",371994,2025-05-28 06:41:21,42.4004936218262,-8.92118453979492,"Female"
"9004151",371994,2025-05-28 06:46:44,42.4004440307617,-8.92089748382568,"Female"
"9004151",371994,2025-05-28 06:51:21,42.4005584716797,-8.9213171005249,"Female"
"9004151",371994,2025-05-28 06:56:21,42.4005317687988,-8.92127323150635,"Female"
"9004151",371994,2025-05-28 07:01:20,42.4005966186523,-8.92174816131592,"Female"
"9004151",371994,2025-05-28 07:06:21,42.4003562927246,-8.92068481445312,"Female"
"9004151",371994,2025-05-28 07:11:21,42.4005088806152,-8.92102241516113,"Female"
"9004151",371994,2025-05-28 07:16:21,42.4004249572754,-8.92105197906494,"Female"
"9004151",371994,2025-05-28 07:21:20,42.4004402160645,-8.92117881774902,"Female"
"9004151",371994,2025-05-28 07:26:21,42.4006729125977,-8.92095947265625,"Female"
"9004151",371994,2025-05-28 07:31:20,42.4004783630371,-8.92110633850098,"Female"
"9004151",371994,2025-05-28 07:36:21,42.4004745483398,-8.92105484008789,"Female"
"9004151",371994,2025-05-28 07:41:20,42.4003753662109,-8.92094326019287,"Female"
"9004151",371994,2025-05-28 07:46:21,42.4000968933105,-8.92074394226074,"Female"
"9004151",371994,2025-05-28 07:51:20,42.4003105163574,-8.9207124710083,"Female"
"9004151",371994,2025-05-28 07:56:21,42.4004859924316,-8.92070293426514,"Female"
"9004151",371994,2025-05-28 08:01:21,42.4018478393555,-8.91961002349854,"Female"
"9004151",371994,2025-05-28 08:06:20,42.41748046875,-8.90963554382324,"Female"
"9004151",371994,2025-05-28 08:11:20,42.4234619140625,-8.90422630310059,"Female"
"9004151",371994,2025-05-28 08:16:54,42.4256820678711,-8.90099048614502,"Female"
"9004151",371994,2025-05-28 08:21:54,42.4287452697754,-8.90005397796631,"Female"
"9004151",371994,2025-05-28 08:28:28,42.4304885864258,-8.90013217926025,"Female"
"9004151",371994,2025-05-28 08:33:36,42.4372177124023,-8.90324783325195,"Female"
"9004151",371994,2025-05-28 08:38:40,42.4380531311035,-8.90297889709473,"Female"
"9004151",371994,2025-05-28 08:43:36,42.441089630127,-8.90695571899414,"Female"
"9004151",371994,2025-05-28 08:48:34,42.4598579406738,-8.94311428070068,"Female"
"9004151",371994,2025-05-28 08:53:36,42.4773216247559,-8.94137573242188,"Female"
"9004151",371994,2025-05-28 08:58:37,42.4855422973633,-8.92497062683105,"Female"
"9004151",371994,2025-05-28 09:03:36,42.4976387023926,-8.89537525177002,"Female"
"9004151",371994,2025-05-28 09:08:36,42.5105400085449,-8.86806201934814,"Female"
"9004151",371994,2025-05-28 09:13:36,42.5321350097656,-8.85142517089844,"Female"
"9004151",371994,2025-05-28 09:18:52,42.5323600769043,-8.84840679168701,"Female"
"9004151",371994,2025-05-28 09:24:14,42.5332107543945,-8.8486852645874,"Female"
"9004151",371994,2025-05-28 09:29:17,42.5342025756836,-8.8479642868042,"Female"
"9004151",371994,2025-05-28 09:34:31,42.5338821411133,-8.84521579742432,"Female"
"9004151",371994,2025-05-28 09:41:00,42.5343475341797,-8.84788513183594,"Female"
"9004151",371994,2025-05-28 09:47:53,42.5347900390625,-8.84848022460938,"Female"
"9004151",371994,2025-05-28 09:53:38,42.5351448059082,-8.84776973724365,"Female"
"9004151",371994,2025-05-28 09:59:08,42.5360221862793,-8.8476734161377,"Female"
"9004151",371994,2025-05-28 10:04:22,42.5349922180176,-8.84881210327148,"Female"
"9004151",371994,2025-05-28 10:09:28,42.5341415405273,-8.84803009033203,"Female"
"9004151",371994,2025-05-28 10:14:22,42.5334205627441,-8.84917259216309,"Female"
"9004151",371994,2025-05-28 10:19:38,42.5319519042969,-8.84834480285645,"Female"
"9004151",371994,2025-05-28 10:24:41,42.5306282043457,-8.84866809844971,"Female"
"9004151",371994,2025-05-28 10:29:40,42.5259704589844,-8.84778499603271,"Female"
"9004151",371994,2025-05-28 10:34:40,42.5260314941406,-8.8477611541748,"Female"
"9004151",371994,2025-05-28 10:39:38,42.5259666442871,-8.84769248962402,"Female"
"9004151",371994,2025-05-28 10:44:39,42.5260353088379,-8.84775733947754,"Female"
"9004151",371994,2025-05-28 10:49:39,42.5260887145996,-8.84772968292236,"Female"
"9004151",371994,2025-05-28 10:54:40,42.5260200500488,-8.84773254394531,"Female"
"9004151",371994,2025-05-28 10:59:40,42.5261116027832,-8.84766292572021,"Female"
"9004151",371994,2025-05-28 11:04:42,42.5259475708008,-8.84761238098145,"Female"
"9004151",371994,2025-05-28 11:10:05,42.5257301330566,-8.84754753112793,"Female"
"9004151",371994,2025-05-28 11:14:35,42.5258674621582,-8.84751796722412,"Female"
"9004151",371994,2025-05-28 11:19:35,42.5257759094238,-8.84746646881104,"Female"
"9004151",371994,2025-05-28 11:24:35,42.525749206543,-8.84749984741211,"Female"
"9004151",371994,2025-05-28 11:29:35,42.5257530212402,-8.84743118286133,"Female"
"9004151",371994,2025-05-28 11:34:34,42.525764465332,-8.84744358062744,"Female"
"9004151",371994,2025-05-28 11:39:36,42.5258750915527,-8.8473539352417,"Female"
"9004151",371994,2025-05-28 11:44:36,42.5257949829102,-8.84746074676514,"Female"
"9004151",371994,2025-05-28 11:49:35,42.5258178710938,-8.8474063873291,"Female"
"9004151",371994,2025-05-28 11:54:35,42.525936126709,-8.84741115570068,"Female"
"9004151",371994,2025-05-28 11:59:36,42.5258102416992,-8.84739875793457,"Female"
"9004151",371994,2025-05-28 12:04:36,42.5258255004883,-8.84741592407227,"Female"
"9004151",371994,2025-05-28 12:09:36,42.5258255004883,-8.84745502471924,"Female"
"9004151",371994,2025-05-28 12:14:36,42.5258674621582,-8.84743309020996,"Female"
"9004151",371994,2025-05-28 12:19:36,42.5258140563965,-8.84740447998047,"Female"
"9004151",371994,2025-05-28 12:24:36,42.5258483886719,-8.84738159179688,"Female"
"9004151",371994,2025-05-28 12:29:36,42.5258598327637,-8.84740352630615,"Female"
"9004151",371994,2025-05-28 12:34:36,42.5259094238281,-8.84744071960449,"Female"
"9004151",371994,2025-05-28 12:39:36,42.5258483886719,-8.84737586975098,"Female"
"9004151",371994,2025-05-28 12:44:36,42.5258712768555,-8.84736156463623,"Female"
"9004151",371994,2025-05-28 12:49:36,42.5258865356445,-8.84736251831055,"Female"
"9004151",371994,2025-05-28 12:54:35,42.5260047912598,-8.84741401672363,"Female"
"9004151",371994,2025-05-28 12:59:36,42.5258369445801,-8.84684753417969,"Female"
"9004151",371994,2025-05-28 13:04:36,42.5258178710938,-8.84682941436768,"Female"
"9004151",371994,2025-05-28 13:09:36,42.5257873535156,-8.8468713760376,"Female"
"9004151",371994,2025-05-28 13:14:36,42.5258865356445,-8.84716796875,"Female"
"9004151",371994,2025-05-28 13:19:36,42.5258827209473,-8.84710788726807,"Female"
"9004151",371994,2025-05-28 13:24:40,42.5257873535156,-8.8469066619873,"Female"
"9004151",371994,2025-05-28 13:29:42,42.5253944396973,-8.84689331054688,"Female"
"9004151",371994,2025-05-28 13:34:37,42.5258598327637,-8.84714794158936,"Female"
"9004151",371994,2025-05-28 13:39:36,42.5258293151855,-8.84686470031738,"Female"
"9004151",371994,2025-05-28 13:44:44,42.5260124206543,-8.847580909729,"Female"
"9004151",371994,2025-05-28 13:49:36,42.5258865356445,-8.84718036651611,"Female"
"9004151",371994,2025-05-28 13:54:36,42.5258102416992,-8.84710884094238,"Female"
"9004151",371994,2025-05-28 13:59:38,42.5258712768555,-8.84721660614014,"Female"
"9004151",371994,2025-05-28 14:04:36,42.5306625366211,-8.84853172302246,"Female"
"9004151",371994,2025-05-28 14:10:13,42.5337867736816,-8.84732151031494,"Female"
"9004151",371994,2025-05-28 14:15:34,42.5347442626953,-8.8476505279541,"Female"
"9004151",371994,2025-05-28 14:20:39,42.5353546142578,-8.84676074981689,"Female"
"9004151",371994,2025-05-28 14:26:11,42.5359191894531,-8.8471565246582,"Female"
"9004151",371994,2025-05-28 14:38:43,42.5379295349121,-8.84697151184082,"Female"
"9004151",371994,2025-05-28 14:44:35,42.5374603271484,-8.8475866317749,"Female"
"9004151",371994,2025-05-28 14:49:18,42.536376953125,-8.84726715087891,"Female"
"9004151",371994,2025-05-28 14:54:54,42.5367279052734,-8.847731590271,"Female"
"9004151",371994,2025-05-28 14:59:55,42.5364990234375,-8.84849166870117,"Female"
"9004151",371994,2025-05-28 15:05:06,42.5369987487793,-8.84870338439941,"Female"
"9004151",371994,2025-05-28 15:10:04,42.5356826782227,-8.84842681884766,"Female"
"9004151",371994,2025-05-28 15:15:05,42.5354232788086,-8.84731864929199,"Female"
"9004151",371994,2025-05-28 15:20:02,42.5349922180176,-8.84836673736572,"Female"
"9004151",371994,2025-05-28 15:25:26,42.5347785949707,-8.84731769561768,"Female"
"9004151",371994,2025-05-28 15:30:52,42.5335845947266,-8.84865665435791,"Female"
"9004151",371994,2025-05-28 15:35:53,42.5327987670898,-8.85038375854492,"Female"
"9004151",371994,2025-05-28 15:40:53,42.5257377624512,-8.84741115570068,"Female"
"9004151",371994,2025-05-28 15:46:02,42.5258598327637,-8.84730339050293,"Female"
"9004151",371994,2025-05-28 15:50:52,42.5258293151855,-8.84733963012695,"Female"
"9004151",371994,2025-05-28 15:55:52,42.5257186889648,-8.847487449646,"Female"
"9004151",371994,2025-05-28 16:00:55,42.5259742736816,-8.84756183624268,"Female"
"9004151",371994,2025-05-28 16:06:00,42.5260581970215,-8.847580909729,"Female"
"9004151",371994,2025-05-28 16:11:13,42.5260581970215,-8.8475513458252,"Female"
"9004151",371994,2025-05-28 16:15:53,42.5259971618652,-8.84752655029297,"Female"
"9004151",371994,2025-05-28 16:20:54,42.526008605957,-8.84754657745361,"Female"
"9004151",371994,2025-05-28 16:25:57,42.525993347168,-8.84744453430176,"Female"
"9004151",371994,2025-05-28 16:30:54,42.5258750915527,-8.84682273864746,"Female"
"9004151",371994,2025-05-28 16:35:55,42.5257720947266,-8.84561443328857,"Female"
"9004151",371994,2025-05-28 16:40:55,42.5258522033691,-8.84673023223877,"Female"
"9004151",371994,2025-05-28 16:46:14,42.5259857177734,-8.84745502471924,"Female"
"9004151",371994,2025-05-28 16:50:57,42.5260429382324,-8.84748935699463,"Female"
"9004151",371994,2025-05-28 16:55:52,42.5260734558105,-8.84766006469727,"Female"
"9004151",371994,2025-05-28 17:00:54,42.5258407592773,-8.84665393829346,"Female"
"9004151",371994,2025-05-28 17:05:53,42.5258445739746,-8.84689903259277,"Female"
"9004151",371994,2025-05-28 17:10:57,42.5259017944336,-8.84709644317627,"Female"
"9004151",371994,2025-05-28 17:15:56,42.5258483886719,-8.84726619720459,"Female"
"9004151",371994,2025-05-28 17:20:55,42.5318984985352,-8.85013008117676,"Female"
"9004151",371994,2025-05-28 17:26:07,42.5309181213379,-8.85022830963135,"Female"
"9004151",371994,2025-05-28 17:35:14,42.5343704223633,-8.84795761108398,"Female"
"9004151",371994,2025-05-28 17:40:36,42.5352058410645,-8.84795761108398,"Female"
"9004151",371994,2025-05-28 17:45:36,42.5358047485352,-8.8470458984375,"Female"
"9004151",371994,2025-05-28 17:51:03,42.5362815856934,-8.84749794006348,"Female"
"9004151",371994,2025-05-28 17:56:20,42.5370445251465,-8.84715557098389,"Female"
"9004151",371994,2025-05-28 18:03:04,42.5371742248535,-8.84701824188232,"Female"
"9004151",371994,2025-05-28 18:08:21,42.5356712341309,-8.84735679626465,"Female"
"9004151",371994,2025-05-28 18:13:42,42.5347099304199,-8.84778118133545,"Female"
"9004151",371994,2025-05-28 18:19:00,42.5343055725098,-8.84725856781006,"Female"
"9004151",371994,2025-05-28 18:24:25,42.5354270935059,-8.84677982330322,"Female"
"9004151",371994,2025-05-28 18:29:24,42.5350341796875,-8.84792995452881,"Female"
"9004151",371994,2025-05-28 18:40:44,42.5345115661621,-8.84744262695312,"Female"
"9004151",371994,2025-05-28 18:45:37,42.5353317260742,-8.84775543212891,"Female"
"9004151",371994,2025-05-28 18:50:35,42.5343475341797,-8.8477087020874,"Female"
"9004151",371994,2025-05-28 18:55:42,42.5335502624512,-8.84805774688721,"Female"
"9004151",371994,2025-05-28 19:00:40,42.5326957702637,-8.8491096496582,"Female"
"9004151",371994,2025-05-28 19:05:40,42.5127410888672,-8.8705415725708,"Female"
"9004151",371994,2025-05-28 19:10:40,42.4819259643555,-8.92668342590332,"Female"
"9004151",371994,2025-05-28 19:15:42,42.4611434936523,-8.94486999511719,"Female"
"9004151",371994,2025-05-28 19:20:40,42.459774017334,-8.94573211669922,"Female"
"9004151",371994,2025-05-28 19:25:43,42.4197158813477,-8.92838287353516,"Female"
"9004151",371994,2025-05-28 19:31:05,42.4003601074219,-8.92102909088135,"Female"
"9004151",371994,2025-05-28 19:35:40,42.4003829956055,-8.92105293273926,"Female"
"9004151",371994,2025-05-28 19:40:40,42.4004669189453,-8.92099475860596,"Female"
"9004151",371994,2025-05-28 19:45:40,42.4003982543945,-8.92085933685303,"Female"
"9004151",371994,2025-05-28 19:50:40,42.4003753662109,-8.92085361480713,"Female"
"9004151",371994,2025-05-28 19:55:40,42.4004859924316,-8.92101764678955,"Female"
"9004151",371994,2025-05-28 20:00:40,42.4004096984863,-8.92108249664307,"Female"
"9004151",371994,2025-05-28 20:05:40,42.4002990722656,-8.9210958480835,"Female"
"9004151",371994,2025-05-28 20:10:40,42.4006309509277,-8.92101573944092,"Female"
"9004151",371994,2025-05-28 20:15:40,42.4003677368164,-8.92099571228027,"Female"
"9004151",371994,2025-05-28 20:20:40,42.4003524780273,-8.92103481292725,"Female"
"9004151",371994,2025-05-28 20:25:40,42.4000511169434,-8.92084693908691,"Female"
"9004151",371994,2025-05-28 20:31:05,42.4004211425781,-8.92107200622559,"Female"
"9004151",371994,2025-05-28 20:35:41,42.4006423950195,-8.92136383056641,"Female"
"9004151",371994,2025-05-28 20:40:42,42.4001846313477,-8.92101860046387,"Female"
"9004151",371994,2025-05-28 20:45:49,42.4003868103027,-8.92113399505615,"Female"
"9004151",371994,2025-05-28 20:50:41,42.4003067016602,-8.92097091674805,"Female"
"9004151",371994,2025-05-28 20:56:03,42.400260925293,-8.92121315002441,"Female"
"9004151",371994,2025-05-28 21:00:41,42.4003219604492,-8.92104911804199,"Female"
"9004151",371994,2025-05-28 21:05:40,42.4004516601562,-8.92087173461914,"Female"
"9004151",371994,2025-05-28 21:10:40,42.4003944396973,-8.92088985443115,"Female"
"9004151",371994,2025-05-28 21:15:40,42.4003219604492,-8.92099380493164,"Female"
"9004151",371994,2025-05-28 21:20:42,42.4003562927246,-8.92101764678955,"Female"
"9004151",371994,2025-05-28 21:25:41,42.4004325866699,-8.92090511322021,"Female"
"9004151",371994,2025-05-28 21:30:43,42.400447845459,-8.92089366912842,"Female"
"9004151",371994,2025-05-28 21:35:55,42.4004402160645,-8.92086887359619,"Female"
"9004151",371994,2025-05-28 21:40:48,42.4001159667969,-8.92130374908447,"Female"
"9004151",371994,2025-05-28 21:45:43,42.4001083374023,-8.92129707336426,"Female"
"9004151",371994,2025-05-28 21:50:42,42.4001007080078,-8.92154884338379,"Female"
"9004151",371994,2025-05-28 21:55:43,42.4004325866699,-8.92107105255127,"Female"
"9004151",371994,2025-05-28 22:00:45,42.4003677368164,-8.9224100112915,"Female"
"9004151",371994,2025-05-28 22:05:44,42.4003982543945,-8.92087745666504,"Female"
"9004151",371994,2025-05-28 22:10:46,42.4004745483398,-8.92094230651855,"Female"
"9004151",371994,2025-05-28 22:15:54,42.4007987976074,-8.92129993438721,"Female"
"9004151",371994,2025-05-28 22:20:48,42.4004898071289,-8.9210033416748,"Female"
"9004151",371994,2025-05-28 22:25:47,42.3998603820801,-8.92057323455811,"Female"
"9004151",371994,2025-05-28 22:31:05,42.4004440307617,-8.92103481292725,"Female"
"9004151",371994,2025-05-28 22:35:40,42.4004707336426,-8.92104244232178,"Female"
"9004151",371994,2025-05-28 22:40:42,42.4002914428711,-8.92105865478516,"Female"
"9004151",371994,2025-05-28 22:45:42,42.4003715515137,-8.92101001739502,"Female"
"9004151",371994,2025-05-28 22:50:41,42.4004287719727,-8.92102336883545,"Female"
"9004151",371994,2025-05-28 22:55:43,42.4004325866699,-8.92096900939941,"Female"
"9004151",371994,2025-05-28 23:00:43,42.400318145752,-8.92116546630859,"Female"
"9004151",371994,2025-05-28 23:05:51,42.4004592895508,-8.92086410522461,"Female"
"9004151",371994,2025-05-28 23:10:48,42.4004554748535,-8.92095184326172,"Female"
"9004151",371994,2025-05-28 23:15:47,42.4003524780273,-8.92128086090088,"Female"
"9004151",371994,2025-05-28 23:20:48,42.4003143310547,-8.92111396789551,"Female"
"9004151",371994,2025-05-28 23:26:05,42.4004669189453,-8.92092704772949,"Female"
"9004151",371994,2025-05-28 23:30:40,42.4007148742676,-8.92076587677002,"Female"
"9004151",371994,2025-05-28 23:35:40,42.4003257751465,-8.92117500305176,"Female"
"9004151",371994,2025-05-28 23:40:40,42.400505065918,-8.9210958480835,"Female"
"9004151",371994,2025-05-28 23:45:41,42.4006423950195,-8.92105197906494,"Female"
"9004151",371994,2025-05-28 23:50:41,42.4004249572754,-8.92150402069092,"Female"
"9004151",371994,2025-05-28 23:55:41,42.4004898071289,-8.92125034332275,"Female"
"9004151",371994,2025-05-29 00:01:05,42.4005088806152,-8.92098426818848,"Female"
"9004151",371994,2025-05-29 00:05:40,42.4005165100098,-8.92097091674805,"Female"
"9004151",371994,2025-05-29 00:10:41,42.4004135131836,-8.92105579376221,"Female"
"9004151",371994,2025-05-29 00:15:40,42.4004287719727,-8.9211254119873,"Female"
"9004151",371994,2025-05-29 00:20:40,42.4003410339355,-8.92098522186279,"Female"
"9004151",371994,2025-05-29 00:25:40,42.4000434875488,-8.92139434814453,"Female"
"9004151",371994,2025-05-29 00:30:41,42.4003143310547,-8.92105102539062,"Female"
"9004151",371994,2025-05-29 00:35:43,42.4004440307617,-8.92097854614258,"Female"
"9004151",371994,2025-05-29 00:40:41,42.4003562927246,-8.92110443115234,"Female"
"9004151",371994,2025-05-29 00:45:43,42.4004554748535,-8.9210844039917,"Female"
"9004151",371994,2025-05-29 00:50:40,42.4003524780273,-8.92095279693604,"Female"
"9004151",371994,2025-05-29 00:55:40,42.4003372192383,-8.92094326019287,"Female"
"9004151",371994,2025-05-29 01:00:40,42.4003982543945,-8.9211368560791,"Female"
"9004151",371994,2025-05-29 01:05:40,42.4003715515137,-8.92104148864746,"Female"
"9004151",371994,2025-05-29 01:10:40,42.4004974365234,-8.92104339599609,"Female"
"9004151",371994,2025-05-29 01:15:40,42.4003982543945,-8.92097568511963,"Female"
"9004151",371994,2025-05-29 01:20:40,42.4004325866699,-8.92095565795898,"Female"
"9004151",371994,2025-05-29 01:25:40,42.4004020690918,-8.92105007171631,"Female"
"9004151",371994,2025-05-29 01:30:41,42.4004096984863,-8.92102813720703,"Female"
"9004151",371994,2025-05-29 01:35:40,42.4004249572754,-8.92104625701904,"Female"
"9004151",371994,2025-05-29 01:40:40,42.4003677368164,-8.92099761962891,"Female"
"9004151",371994,2025-05-29 01:45:40,42.4003257751465,-8.92101955413818,"Female"
"9004151",371994,2025-05-29 01:50:40,42.4004440307617,-8.92098999023438,"Female"
"9004151",371994,2025-05-29 01:55:40,42.4004898071289,-8.92104816436768,"Female"
"9004151",371994,2025-05-29 02:00:42,42.4003829956055,-8.92103099822998,"Female"
"9004151",371994,2025-05-29 02:05:42,42.4004669189453,-8.92100715637207,"Female"
"9004151",371994,2025-05-29 02:10:51,42.4003753662109,-8.92112922668457,"Female"
"9004151",371994,2025-05-29 02:15:53,42.4003486633301,-8.9210729598999,"Female"
"9004151",371994,2025-05-29 02:20:55,42.4003639221191,-8.9211483001709,"Female"
"9004151",371994,2025-05-29 02:25:55,42.4003715515137,-8.92113876342773,"Female"
"9004151",371994,2025-05-29 02:30:57,42.4003410339355,-8.92127895355225,"Female"
"9004151",371994,2025-05-29 02:36:05,42.4004020690918,-8.92110443115234,"Female"
"9004151",371994,2025-05-29 02:40:41,42.4003677368164,-8.92119216918945,"Female"
"9004151",371994,2025-05-29 02:45:41,42.4003257751465,-8.92138481140137,"Female"
"9004151",371994,2025-05-29 02:50:46,42.4003524780273,-8.92134761810303,"Female"
"9004151",371994,2025-05-29 02:55:40,42.400447845459,-8.92096042633057,"Female"
"9004151",371994,2025-05-29 03:00:40,42.4004783630371,-8.92106628417969,"Female"
"9004151",371994,2025-05-29 03:05:40,42.4004554748535,-8.92106246948242,"Female"
"9004151",371994,2025-05-29 03:10:41,42.4004859924316,-8.92102909088135,"Female"
"9004151",371994,2025-05-29 03:15:40,42.4003868103027,-8.92089748382568,"Female"
"9004151",371994,2025-05-29 03:20:50,42.4004364013672,-8.92107009887695,"Female"
"9004151",371994,2025-05-29 03:25:40,42.4004325866699,-8.92101001739502,"Female"
"9004151",371994,2025-05-29 03:30:42,42.4004554748535,-8.92103672027588,"Female"
"9004151",371994,2025-05-29 03:35:44,42.4004745483398,-8.9209680557251,"Female"
"9004151",371994,2025-05-29 03:40:43,42.4004249572754,-8.92111301422119,"Female"
"9004151",371994,2025-05-29 03:45:47,42.4004516601562,-8.92106914520264,"Female"
"9004151",371994,2025-05-29 03:50:45,42.400447845459,-8.92105102539062,"Female"
"9004151",371994,2025-05-29 03:55:49,42.4004859924316,-8.92094898223877,"Female"
"9004151",371994,2025-05-29 04:00:40,42.400390625,-8.92116355895996,"Female"
"9004151",371994,2025-05-29 04:05:40,42.4004020690918,-8.92127704620361,"Female"
"9004151",371994,2025-05-29 04:10:40,42.4005279541016,-8.92115879058838,"Female"
"9004151",371994,2025-05-29 04:15:40,42.4004974365234,-8.92097187042236,"Female"
"9004151",371994,2025-05-29 04:20:46,42.4006423950195,-8.92107963562012,"Female"
"9004151",371994,2025-05-29 04:25:46,42.4003982543945,-8.92110157012939,"Female"
"9004151",371994,2025-05-29 04:30:43,42.4004898071289,-8.92092990875244,"Female"
"9004151",371994,2025-05-29 04:35:40,42.4005012512207,-8.92101764678955,"Female"
"9004151",371994,2025-05-29 04:41:05,42.4004554748535,-8.92095184326172,"Female"
"9004151",371994,2025-05-29 04:45:40,42.4004096984863,-8.9209566116333,"Female"
"9004151",371994,2025-05-29 04:50:40,42.4004516601562,-8.92093849182129,"Female"
"9004151",371994,2025-05-29 04:55:40,42.4005393981934,-8.92092704772949,"Female"
"9004151",371994,2025-05-29 05:00:41,42.4006614685059,-8.92086982727051,"Female"
"9004151",371994,2025-05-29 05:05:46,42.400577545166,-8.92137908935547,"Female"
"9004151",371994,2025-05-29 05:10:42,42.4006042480469,-8.92082118988037,"Female"
"9004151",371994,2025-05-29 05:15:41,42.4006538391113,-8.92127513885498,"Female"
"9004151",371994,2025-05-29 05:20:41,42.4008407592773,-8.92134666442871,"Female"
"9004151",371994,2025-05-29 05:25:41,42.4006004333496,-8.92118167877197,"Female"
"9004151",371994,2025-05-29 05:30:41,42.4008827209473,-8.92161560058594,"Female"
"9004151",371994,2025-05-29 05:35:42,42.4007415771484,-8.92135429382324,"Female"
"9004151",371994,2025-05-29 05:40:42,42.400806427002,-8.92151927947998,"Female"
"9004151",371994,2025-05-29 05:45:46,42.4004211425781,-8.92103290557861,"Female"
"9004151",371994,2025-05-29 05:51:05,42.400390625,-8.92110157012939,"Female"
"9004151",371994,2025-05-29 05:55:40,42.4004058837891,-8.921142578125,"Female"
"9004151",371994,2025-05-29 06:00:48,42.4003448486328,-8.92117977142334,"Female"
"9004151",371994,2025-05-29 06:05:54,42.4001731872559,-8.92139434814453,"Female"
"9004151",371994,2025-05-29 06:10:42,42.4002952575684,-8.92120265960693,"Female"
"9004151",371994,2025-05-29 06:15:43,42.4002227783203,-8.92125797271729,"Female"
"9004151",371994,2025-05-29 06:20:52,42.4002990722656,-8.92120552062988,"Female"
"9004151",371994,2025-05-29 06:26:14,42.4003601074219,-8.92114639282227,"Female"
"9004151",371994,2025-05-29 06:30:40,42.4004287719727,-8.92123222351074,"Female"
"9004151",371994,2025-05-29 06:35:40,42.4004898071289,-8.92104148864746,"Female"
"9004151",371994,2025-05-29 06:40:40,42.4004592895508,-8.92106056213379,"Female"
"9004151",371994,2025-05-29 06:45:58,42.4002799987793,-8.92123031616211,"Female"
"9004151",371994,2025-05-29 06:51:03,42.4004058837891,-8.92109394073486,"Female"
"9004151",371994,2025-05-29 06:55:42,42.4003448486328,-8.92123317718506,"Female"
"9004151",371994,2025-05-29 07:00:53,42.4003639221191,-8.92129135131836,"Female"
"9004151",371994,2025-05-29 07:05:51,42.4003829956055,-8.92126655578613,"Female"
"9004151",371994,2025-05-29 07:11:05,42.4004440307617,-8.92116737365723,"Female"
"9004151",371994,2025-05-29 07:15:40,42.4003715515137,-8.92122173309326,"Female"
"9004151",371994,2025-05-29 07:20:40,42.4004249572754,-8.92119407653809,"Female"
"9004151",371994,2025-05-29 07:25:40,42.4004402160645,-8.9211483001709,"Female"
"9004151",371994,2025-05-29 07:30:40,42.4004516601562,-8.92117309570312,"Female"
"9004151",371994,2025-05-29 07:35:40,42.4004173278809,-8.9211311340332,"Female"
"9004151",371994,2025-05-29 07:40:40,42.4004669189453,-8.92117691040039,"Female"
"9004151",371994,2025-05-29 07:45:40,42.4004364013672,-8.92117500305176,"Female"
"9004151",371994,2025-05-29 07:50:40,42.400520324707,-8.92120933532715,"Female"
"9004151",371994,2025-05-29 07:55:42,42.4006996154785,-8.92132949829102,"Female"
"9004151",371994,2025-05-29 08:00:55,42.3994789123535,-8.9222936630249,"Female"
"9004151",371994,2025-05-29 08:05:58,42.3993453979492,-8.92253494262695,"Female"
"9004151",371994,2025-05-29 08:10:46,42.4003410339355,-8.9231481552124,"Female"
"9004151",371994,2025-05-29 08:16:01,42.4002685546875,-8.92117786407471,"Female"
"9004151",371994,2025-05-29 08:20:43,42.4002532958984,-8.92107200622559,"Female"
"9004151",371994,2025-05-29 08:25:43,42.4002380371094,-8.92103958129883,"Female"
"9004151",371994,2025-05-29 08:30:42,42.400218963623,-8.92115497589111,"Female"
"9004151",371994,2025-05-29 08:35:45,42.4002685546875,-8.92110729217529,"Female"
"9004151",371994,2025-05-29 08:40:41,42.4002571105957,-8.9211483001709,"Female"
"9004151",371994,2025-05-29 08:46:11,42.4002342224121,-8.92116641998291,"Female"
"9004151",371994,2025-05-29 08:50:41,42.400016784668,-8.92140007019043,"Female"
"9004151",371994,2025-05-29 08:55:40,42.400318145752,-8.92110157012939,"Female"
"9004151",371994,2025-05-29 09:00:40,42.4002075195312,-8.9208459854126,"Female"
"9004151",371994,2025-05-29 09:05:41,42.4001770019531,-8.9209566116333,"Female"
"9004151",371994,2025-05-29 09:10:43,42.400276184082,-8.92091464996338,"Female"
"9004151",371994,2025-05-29 09:15:41,42.3961067199707,-8.92019653320312,"Female"
"9004151",371994,2025-05-29 09:20:41,42.3960723876953,-8.92021179199219,"Female"
"9004151",371994,2025-05-29 09:25:40,42.3960990905762,-8.92018413543701,"Female"
"9004151",371994,2025-05-29 09:30:40,42.3968849182129,-8.91879272460938,"Female"
"9004151",371994,2025-05-29 09:35:40,42.4067459106445,-8.91079521179199,"Female"
"9004151",371994,2025-05-29 09:40:40,42.4270668029785,-8.89607429504395,"Female"
"9004151",371994,2025-05-29 09:45:40,42.4271697998047,-8.89597415924072,"Female"
"9004151",371994,2025-05-29 09:51:56,42.428337097168,-8.89537334442139,"Female"
"9004151",371994,2025-05-29 09:56:57,42.4298324584961,-8.89561462402344,"Female"
"9004151",371994,2025-05-29 10:01:58,42.4318504333496,-8.89560985565186,"Female"
"9004151",371994,2025-05-29 10:06:58,42.4384918212891,-8.89578628540039,"Female"
"9004151",371994,2025-05-29 10:11:57,42.4467887878418,-8.89425468444824,"Female"
"9004151",371994,2025-05-29 10:18:35,42.4448890686035,-8.89414405822754,"Female"
"9004151",371994,2025-05-29 10:23:20,42.4437026977539,-8.89505290985107,"Female"
"9004151",371994,2025-05-29 10:28:21,42.4427642822266,-8.90061664581299,"Female"
"9004151",371994,2025-05-29 10:33:21,42.4425773620605,-8.90156364440918,"Female"
"9004151",371994,2025-05-29 10:38:21,42.4439125061035,-8.90713691711426,"Female"
"9004151",371994,2025-05-29 10:43:21,42.4611549377441,-8.9426212310791,"Female"
"9004151",371994,2025-05-29 10:48:21,42.4922523498535,-8.92116737365723,"Female"
"9004151",371994,2025-05-29 10:53:20,42.5155220031738,-8.87552928924561,"Female"
"9004151",371994,2025-05-29 10:58:20,42.535816192627,-8.85109615325928,"Female"
"9004151",371994,2025-05-29 11:03:21,42.5355758666992,-8.85027694702148,"Female"
"9004151",371994,2025-05-29 11:08:49,42.5349388122559,-8.84809875488281,"Female"
"9004151",371994,2025-05-29 11:13:59,42.5356483459473,-8.84706211090088,"Female"
"9004151",371994,2025-05-29 11:19:03,42.5367317199707,-8.84732341766357,"Female"
"9004151",371994,2025-05-29 11:24:06,42.5378761291504,-8.846360206604,"Female"
"9004151",371994,2025-05-29 11:29:14,42.5369529724121,-8.84723281860352,"Female"
"9004151",371994,2025-05-29 11:34:48,42.5358009338379,-8.84731769561768,"Female"
"9004151",371994,2025-05-29 11:39:49,42.5346221923828,-8.84719181060791,"Female"
"9004151",371994,2025-05-29 11:44:47,42.5262832641602,-8.84751510620117,"Female"
"9004151",371994,2025-05-29 11:49:48,42.5262680053711,-8.84724140167236,"Female"
"9004151",371994,2025-05-29 11:54:52,42.5263862609863,-8.84802532196045,"Female"
"9004151",371994,2025-05-29 12:00:39,42.5261917114258,-8.84708213806152,"Female"
"9004151",371994,2025-05-29 12:06:44,42.5261611938477,-8.84732913970947,"Female"
"9004151",371994,2025-05-29 12:11:22,42.5262184143066,-8.84726810455322,"Female"
"9004151",371994,2025-05-29 12:16:22,42.5262603759766,-8.84736061096191,"Female"
"9004151",371994,2025-05-29 12:21:23,42.5262718200684,-8.84745407104492,"Female"
"9004151",371994,2025-05-29 12:26:22,42.5262756347656,-8.84665966033936,"Female"
"9004151",371994,2025-05-29 12:31:25,42.5262031555176,-8.84724140167236,"Female"
"9004151",371994,2025-05-29 12:36:22,42.5261344909668,-8.84731674194336,"Female"
"9004151",371994,2025-05-29 12:41:23,42.5262985229492,-8.84701538085938,"Female"
"9004151",371994,2025-05-29 12:46:44,42.5260963439941,-8.84731388092041,"Female"
"9004151",371994,2025-05-29 12:51:22,42.5261077880859,-8.84726905822754,"Female"
"9004151",371994,2025-05-29 12:56:21,42.5260047912598,-8.84737682342529,"Female"
"9004151",371994,2025-05-29 13:01:22,42.526180267334,-8.84712219238281,"Female"
"9004151",371994,2025-05-29 13:06:22,42.5262680053711,-8.84717750549316,"Female"
"9004151",371994,2025-05-29 13:11:22,42.5262260437012,-8.84724235534668,"Female"
"9004151",371994,2025-05-29 13:16:23,42.5261077880859,-8.84731578826904,"Female"
"9004151",371994,2025-05-29 13:21:22,42.5260963439941,-8.84738826751709,"Female"
"9004151",371994,2025-05-29 13:26:22,42.5261917114258,-8.84719085693359,"Female"
"9004151",371994,2025-05-29 13:31:44,42.5323905944824,-8.85064125061035,"Female"
"9004151",371994,2025-05-29 13:36:22,42.5339775085449,-8.85070037841797,"Female"
"9004151",371994,2025-05-29 13:41:40,42.5336151123047,-8.84842967987061,"Female"
"9004151",371994,2025-05-29 13:46:49,42.5347290039062,-8.84736442565918,"Female"
"9004151",371994,2025-05-29 13:51:59,42.5349960327148,-8.84738922119141,"Female"
"9004151",371994,2025-05-29 13:56:46,42.5262908935547,-8.84774494171143,"Female"
"9004151",371994,2025-05-29 14:01:54,42.5262680053711,-8.84735298156738,"Female"
"9004151",371994,2025-05-29 14:06:44,42.5262451171875,-8.84793758392334,"Female"
"9004151",371994,2025-05-29 14:16:15,42.5263023376465,-8.84747982025146,"Female"
"9004151",371994,2025-05-29 14:20:50,42.526294708252,-8.84736633300781,"Female"
"9004151",371994,2025-05-29 14:25:53,42.5265426635742,-8.84745597839355,"Female"
"9004151",371994,2025-05-29 14:30:55,42.526252746582,-8.84730625152588,"Female"
"9004151",371994,2025-05-29 14:35:57,42.5266151428223,-8.84752941131592,"Female"
"9004151",371994,2025-05-29 14:40:50,42.5264053344727,-8.84720230102539,"Female"
"9004151",371994,2025-05-29 14:46:15,42.5264129638672,-8.84719467163086,"Female"
"9004151",371994,2025-05-29 14:50:50,42.5266151428223,-8.84646129608154,"Female"
"9004151",371994,2025-05-29 14:56:14,42.5263710021973,-8.84723281860352,"Female"
"9004151",371994,2025-05-29 15:00:53,42.5261116027832,-8.84826755523682,"Female"
"9004151",371994,2025-05-29 15:05:53,42.5260467529297,-8.84874057769775,"Female"
"9004151",371994,2025-05-29 15:10:51,42.5261878967285,-8.84797477722168,"Female"
"9004151",371994,2025-05-29 15:15:57,42.5262832641602,-8.84719657897949,"Female"
"9004151",371994,2025-05-29 15:20:53,42.5263557434082,-8.8468132019043,"Female"
"9004151",371994,2025-05-29 15:25:54,42.5262413024902,-8.84732532501221,"Female"
"9004151",371994,2025-05-29 15:31:00,42.5262184143066,-8.84702110290527,"Female"
"9004151",371994,2025-05-29 15:35:57,42.5262336730957,-8.84706497192383,"Female"
"9004151",371994,2025-05-29 15:40:58,42.5262832641602,-8.84687328338623,"Female"
"9004151",371994,2025-05-29 15:46:15,42.5254592895508,-8.84703350067139,"Female"
"9004151",371994,2025-05-29 15:51:01,42.5257797241211,-8.84706974029541,"Female"
"9004151",371994,2025-05-29 15:56:00,42.5258255004883,-8.84701442718506,"Female"
"9004151",371994,2025-05-29 16:00:50,42.525806427002,-8.84751605987549,"Female"
"9004151",371994,2025-05-29 16:07:00,42.5334205627441,-8.84955406188965,"Female"
"9004151",371994,2025-05-29 16:11:57,42.5340347290039,-8.84791374206543,"Female"
"9004151",371994,2025-05-29 16:17:00,42.5346755981445,-8.84756755828857,"Female"
"9004151",371994,2025-05-29 16:21:55,42.5356941223145,-8.84835147857666,"Female"
"9004151",371994,2025-05-29 16:27:24,42.5355834960938,-8.8480339050293,"Female"
"9004151",371994,2025-05-29 16:32:46,42.5361251831055,-8.84724426269531,"Female"
"9004151",371994,2025-05-29 16:37:39,42.5351867675781,-8.84693717956543,"Female"
"9004151",371994,2025-05-29 16:43:30,42.534610748291,-8.84822273254395,"Female"
"9004151",371994,2025-05-29 16:49:14,42.5345764160156,-8.84758853912354,"Female"
"9004151",371994,2025-05-29 16:54:02,42.5337524414062,-8.84860038757324,"Female"
"9004151",371994,2025-05-29 16:59:45,42.5343208312988,-8.84642791748047,"Female"
"9004151",371994,2025-05-29 17:04:54,42.5331764221191,-8.84863471984863,"Female"
"9004151",371994,2025-05-29 17:09:56,42.5330390930176,-8.84930229187012,"Female"
"9004151",371994,2025-05-29 17:15:19,42.532154083252,-8.84914684295654,"Female"
"9004151",371994,2025-05-29 17:20:47,42.5327644348145,-8.85044288635254,"Female"
"9004151",371994,2025-05-29 17:26:10,42.5321197509766,-8.85161113739014,"Female"
"9004151",371994,2025-05-29 17:32:00,42.531307220459,-8.85171890258789,"Female"
"9004151",371994,2025-05-29 17:38:54,42.5321311950684,-8.84998798370361,"Female"
"9004151",371994,2025-05-29 17:44:00,42.5310249328613,-8.84916877746582,"Female"
"9004151",371994,2025-05-29 17:50:45,42.5312728881836,-8.84932422637939,"Female"
"9004151",371994,2025-05-29 17:55:30,42.5309104919434,-8.85090255737305,"Female"
"9004151",371994,2025-05-29 18:00:25,42.5213584899902,-8.86201953887939,"Female"
"9004151",371994,2025-05-29 18:05:25,42.4953994750977,-8.89717960357666,"Female"
"9004151",371994,2025-05-29 18:10:25,42.487735748291,-8.91083431243896,"Female"
"9004151",371994,2025-05-29 18:15:29,42.4877281188965,-8.91081619262695,"Female"
"9004151",371994,2025-05-29 18:20:25,42.4877891540527,-8.9108715057373,"Female"
"9004151",371994,2025-05-29 18:25:26,42.4877319335938,-8.91095447540283,"Female"
"9004151",371994,2025-05-29 18:30:29,42.4876365661621,-8.91078662872314,"Female"
"9004151",371994,2025-05-29 18:35:25,42.4876518249512,-8.91075992584229,"Female"
"9004151",371994,2025-05-29 18:40:25,42.4876823425293,-8.91088581085205,"Female"
"9004151",371994,2025-05-29 18:45:59,42.4877433776855,-8.9109354019165,"Female"
"9004151",371994,2025-05-29 18:50:25,42.4877777099609,-8.91089630126953,"Female"
"9004151",371994,2025-05-29 18:55:25,42.4800453186035,-8.93531322479248,"Female"
"9004151",371994,2025-05-29 19:00:25,42.4440116882324,-8.94311428070068,"Female"
"9004151",371994,2025-05-29 19:05:25,42.4055633544922,-8.92518138885498,"Female"
"9004151",371994,2025-05-29 19:10:26,42.4004058837891,-8.92092132568359,"Female"
"9004151",371994,2025-05-29 19:15:28,42.4004707336426,-8.9210262298584,"Female"
"9004151",371994,2025-05-29 19:20:26,42.4004364013672,-8.92097759246826,"Female"
"9004151",371994,2025-05-29 19:25:31,42.4004325866699,-8.92117023468018,"Female"
"9004151",371994,2025-05-29 19:30:29,42.4004325866699,-8.92137432098389,"Female"
"9004151",371994,2025-05-29 19:35:29,42.4004325866699,-8.92109107971191,"Female"
"9004151",371994,2025-05-29 19:40:35,42.4004554748535,-8.92103862762451,"Female"
"9004151",371994,2025-05-29 19:45:44,42.4004707336426,-8.92098331451416,"Female"
"9004151",371994,2025-05-29 19:50:25,42.4004096984863,-8.92099285125732,"Female"
"9004151",371994,2025-05-29 19:55:26,42.4004173278809,-8.92102241516113,"Female"
"9004151",371994,2025-05-29 20:00:28,42.4003486633301,-8.92085456848145,"Female"
"9004151",371994,2025-05-29 20:05:28,42.4003829956055,-8.92088413238525,"Female"
"9004151",371994,2025-05-29 20:10:28,42.4004173278809,-8.92114448547363,"Female"
"9004151",371994,2025-05-29 20:15:29,42.4003677368164,-8.92098808288574,"Female"
"9004151",371994,2025-05-29 20:20:28,42.4004669189453,-8.92089080810547,"Female"
"9004151",371994,2025-05-29 20:25:36,42.3994636535645,-8.92137336730957,"Female"
"9004151",371994,2025-05-29 20:30:43,42.4004707336426,-8.92097187042236,"Female"
"9004151",371994,2025-05-29 20:35:25,42.4005432128906,-8.92086315155029,"Female"
"9004151",371994,2025-05-29 20:40:38,42.400505065918,-8.92124176025391,"Female"
"9004151",371994,2025-05-29 20:45:26,42.400390625,-8.92115306854248,"Female"
"9004151",371994,2025-05-29 20:50:29,42.4004669189453,-8.92109870910645,"Female"
"9004151",371994,2025-05-29 20:55:35,42.3997421264648,-8.92163944244385,"Female"
"9004151",371994,2025-05-29 21:00:29,42.3997611999512,-8.92159938812256,"Female"
"9004151",371994,2025-05-29 21:05:44,42.4005851745605,-8.92156028747559,"Female"
"9004151",371994,2025-05-29 21:10:33,42.4005546569824,-8.92172527313232,"Female"
"9004151",371994,2025-05-29 21:15:36,42.4004325866699,-8.92183494567871,"Female"
"9004151",371994,2025-05-29 21:20:44,42.4003105163574,-8.92130374908447,"Female"
"9004151",371994,2025-05-29 21:25:27,42.4001197814941,-8.92210388183594,"Female"
"9004151",371994,2025-05-29 21:30:28,42.4000473022461,-8.9227123260498,"Female"
"9004151",371994,2025-05-29 21:35:29,42.4001426696777,-8.92235851287842,"Female"
"9004151",371994,2025-05-29 21:40:25,42.4002304077148,-8.92212963104248,"Female"
"9004151",371994,2025-05-29 21:45:44,42.4004325866699,-8.9217700958252,"Female"
"9004151",371994,2025-05-29 21:50:25,42.4002342224121,-8.9220552444458,"Female"
"9004151",371994,2025-05-29 21:55:27,42.4002876281738,-8.92182445526123,"Female"
"9004151",371994,2025-05-29 22:00:27,42.400318145752,-8.92183017730713,"Female"
"9004151",371994,2025-05-29 22:05:25,42.4007034301758,-8.92171478271484,"Female"
"9004151",371994,2025-05-29 22:10:25,42.4004096984863,-8.92195129394531,"Female"
"9004151",371994,2025-05-29 22:15:25,42.4003219604492,-8.92200183868408,"Female"
"9004151",371994,2025-05-29 22:20:28,42.4003677368164,-8.9218692779541,"Female"
"9004151",371994,2025-05-29 22:25:27,42.4005470275879,-8.92024993896484,"Female"
"9004151",371994,2025-05-29 22:30:45,42.4003829956055,-8.9207935333252,"Female"
"9004151",371994,2025-05-29 22:35:42,42.4004096984863,-8.92086601257324,"Female"
"9004151",371994,2025-05-29 22:40:30,42.4003524780273,-8.92132759094238,"Female"
"9004151",371994,2025-05-29 22:45:41,42.4003257751465,-8.92099094390869,"Female"
"9004151",371994,2025-05-29 22:50:59,42.4004211425781,-8.92101955413818,"Female"
"9004151",371994,2025-05-29 22:55:25,42.4004974365234,-8.92104721069336,"Female"
"9004151",371994,2025-05-29 23:00:25,42.4004364013672,-8.9210729598999,"Female"
"9004151",371994,2025-05-29 23:05:25,42.400505065918,-8.92091846466064,"Female"
"9004151",371994,2025-05-29 23:10:25,42.400505065918,-8.92091846466064,"Female"
"9004151",371994,2025-05-29 23:15:25,42.4004135131836,-8.92099285125732,"Female"
"9004151",371994,2025-05-29 23:20:25,42.4003295898438,-8.92107105255127,"Female"
"9004151",371994,2025-05-29 23:25:25,42.4005699157715,-8.92102336883545,"Female"
"9004151",371994,2025-05-29 23:30:25,42.400447845459,-8.92101573944092,"Female"
"9004151",371994,2025-05-29 23:35:25,42.4005851745605,-8.92101001739502,"Female"
"9004151",371994,2025-05-29 23:40:25,42.4005508422852,-8.92106056213379,"Female"
"9004151",371994,2025-05-29 23:45:26,42.400562286377,-8.92133617401123,"Female"
"9004151",371994,2025-05-29 23:50:28,42.4008102416992,-8.92253875732422,"Female"
"9004151",371994,2025-05-29 23:55:29,42.4006652832031,-8.92156219482422,"Female"
"9004151",371994,2025-05-30 00:01:00,42.4004783630371,-8.92105960845947,"Female"
"9004151",371994,2025-05-30 00:05:25,42.4004402160645,-8.92093658447266,"Female"
"9004151",371994,2025-05-30 00:10:29,42.4002952575684,-8.92114734649658,"Female"
"9004151",371994,2025-05-30 00:15:25,42.4004135131836,-8.92107772827148,"Female"
"9004151",371994,2025-05-30 00:20:25,42.4003868103027,-8.92108917236328,"Female"
"9004151",371994,2025-05-30 00:25:25,42.4004096984863,-8.92104911804199,"Female"
"9004151",371994,2025-05-30 00:30:27,42.4003295898438,-8.92110538482666,"Female"
"9004151",371994,2025-05-30 00:35:27,42.4004249572754,-8.92099761962891,"Female"
"9004151",371994,2025-05-30 00:40:27,42.4004173278809,-8.92100429534912,"Female"
"9004151",371994,2025-05-30 00:45:26,42.4002990722656,-8.92104148864746,"Female"
"9004151",371994,2025-05-30 00:50:27,42.400577545166,-8.92100620269775,"Female"
"9004151",371994,2025-05-30 00:55:29,42.400520324707,-8.921067237854,"Female"
"9004151",371994,2025-05-30 01:00:28,42.4005584716797,-8.92105388641357,"Female"
"9004151",371994,2025-05-30 01:05:28,42.4005584716797,-8.92114543914795,"Female"
"9004151",371994,2025-05-30 01:10:25,42.4003868103027,-8.92109203338623,"Female"
"9004151",371994,2025-05-30 01:15:25,42.4004020690918,-8.9211311340332,"Female"
"9004151",371994,2025-05-30 01:20:25,42.4003677368164,-8.92113590240479,"Female"
"9004151",371994,2025-05-30 01:25:25,42.4002456665039,-8.92096328735352,"Female"
"9004151",371994,2025-05-30 01:30:26,42.4004364013672,-8.92112064361572,"Female"
"9004151",371994,2025-05-30 01:35:28,42.4003753662109,-8.92103290557861,"Female"
"9004151",371994,2025-05-30 01:40:25,42.4004325866699,-8.92104434967041,"Female"
"9004151",371994,2025-05-30 01:45:26,42.4004974365234,-8.92111396789551,"Female"
"9004151",371994,2025-05-30 01:50:25,42.4002571105957,-8.92099189758301,"Female"
"9004151",371994,2025-05-30 01:55:26,42.4005393981934,-8.92102241516113,"Female"
"9004151",371994,2025-05-30 02:00:25,42.4005393981934,-8.92100524902344,"Female"
"9004151",371994,2025-05-30 02:05:27,42.4002456665039,-8.92106437683105,"Female"
"9004151",371994,2025-05-30 02:10:40,42.4004516601562,-8.9210319519043,"Female"
"9004151",371994,2025-05-30 02:15:27,42.4000473022461,-8.92101287841797,"Female"
"9004151",371994,2025-05-30 02:20:26,42.4008140563965,-8.92101097106934,"Female"
"9004151",371994,2025-05-30 02:25:29,42.400520324707,-8.92108058929443,"Female"
"9004151",371994,2025-05-30 02:30:36,42.4007415771484,-8.92085552215576,"Female"
"9004151",371994,2025-05-30 02:35:36,42.4006576538086,-8.92081356048584,"Female"
"9004151",371994,2025-05-30 02:40:36,42.4007415771484,-8.92098045349121,"Female"
"9004151",371994,2025-05-30 02:45:45,42.4006233215332,-8.92105388641357,"Female"
"9004151",371994,2025-05-30 02:50:29,42.4006576538086,-8.92135047912598,"Female"
"9004151",371994,2025-05-30 02:55:55,42.4005737304688,-8.92107963562012,"Female"
"9004151",371994,2025-05-30 03:00:27,42.400447845459,-8.92101764678955,"Female"
"9004151",371994,2025-05-30 03:05:29,42.4005012512207,-8.9209566116333,"Female"
"9004151",371994,2025-05-30 03:10:27,42.4005088806152,-8.9209156036377,"Female"
"9004151",371994,2025-05-30 03:15:26,42.4004402160645,-8.92108154296875,"Female"
"9004151",371994,2025-05-30 03:20:36,42.4004402160645,-8.92102336883545,"Female"
"9004151",371994,2025-05-30 03:25:27,42.4004440307617,-8.92102813720703,"Female"
"9004151",371994,2025-05-30 03:30:28,42.4004020690918,-8.92119693756104,"Female"
"9004151",371994,2025-05-30 03:35:25,42.4005126953125,-8.9208869934082,"Female"
"9004151",371994,2025-05-30 03:40:25,42.4004364013672,-8.92096328735352,"Female"
"9004151",371994,2025-05-30 03:45:44,42.4004440307617,-8.92105865478516,"Female"
"9004151",371994,2025-05-30 03:50:42,42.4004821777344,-8.92097949981689,"Female"
"9004151",371994,2025-05-30 03:55:29,42.400562286377,-8.92075443267822,"Female"
"9004151",371994,2025-05-30 04:00:25,42.4004936218262,-8.92098522186279,"Female"
"9004151",371994,2025-05-30 04:05:25,42.4004783630371,-8.9210205078125,"Female"
"9004151",371994,2025-05-30 04:10:25,42.400520324707,-8.9210729598999,"Female"
"9004151",371994,2025-05-30 04:15:25,42.4005317687988,-8.92105579376221,"Female"
"9004151",371994,2025-05-30 04:20:25,42.400505065918,-8.92092800140381,"Female"
"9004151",371994,2025-05-30 04:25:26,42.4006462097168,-8.92069530487061,"Female"
"9004151",371994,2025-05-30 04:30:30,42.400318145752,-8.92122650146484,"Female"
"9004151",371994,2025-05-30 04:35:34,42.4004516601562,-8.92105579376221,"Female"
"9004151",371994,2025-05-30 04:40:26,42.4004974365234,-8.92121410369873,"Female"
"9004151",371994,2025-05-30 04:45:44,42.4004592895508,-8.92107486724854,"Female"
"9004151",371994,2025-05-30 04:50:33,42.4004135131836,-8.92102432250977,"Female"
"9004151",371994,2025-05-30 04:55:36,42.4003944396973,-8.92106437683105,"Female"
"9004151",371994,2025-05-30 05:00:29,42.4004287719727,-8.92109203338623,"Female"
"9004151",371994,2025-05-30 05:05:31,42.4005241394043,-8.92088794708252,"Female"
"9004151",371994,2025-05-30 05:10:31,42.4005508422852,-8.92102146148682,"Female"
"9004151",371994,2025-05-30 05:15:44,42.4006195068359,-8.9210033416748,"Female"
"9004151",371994,2025-05-30 05:20:28,42.4006576538086,-8.92110633850098,"Female"
"9004151",371994,2025-05-30 05:25:30,42.4006195068359,-8.92104148864746,"Female"
"9004151",371994,2025-05-30 05:30:28,42.4006118774414,-8.92105960845947,"Female"
"9004151",371994,2025-05-30 05:35:29,42.4006423950195,-8.92102241516113,"Female"
"9004151",371994,2025-05-30 05:40:28,42.4004554748535,-8.92093658447266,"Female"
"9004151",371994,2025-05-30 05:45:45,42.4005889892578,-8.92100429534912,"Female"
"9004151",371994,2025-05-30 05:50:32,42.4004974365234,-8.92090129852295,"Female"
"9004151",371994,2025-05-30 05:55:39,42.4004592895508,-8.92103385925293,"Female"
"9004151",371994,2025-05-30 06:00:36,42.4004440307617,-8.9211311340332,"Female"
"9004151",371994,2025-05-30 06:05:36,42.4002418518066,-8.92129898071289,"Female"
"9004151",371994,2025-05-30 06:10:38,42.4005470275879,-8.92074584960938,"Female"
"9004151",371994,2025-05-30 06:15:44,42.4005126953125,-8.92074680328369,"Female"
"9004151",371994,2025-05-30 06:20:36,42.4005432128906,-8.92104911804199,"Female"
"9004151",371994,2025-05-30 06:25:37,42.4005966186523,-8.92080974578857,"Female"
"9004151",371994,2025-05-30 06:30:36,42.4004859924316,-8.92078113555908,"Female"
"9004151",371994,2025-05-30 06:35:37,42.4005165100098,-8.92097091674805,"Female"
"9004151",371994,2025-05-30 06:40:36,42.4005661010742,-8.92080116271973,"Female"
"9004151",371994,2025-05-30 06:46:05,42.400390625,-8.92103862762451,"Female"
"9004151",371994,2025-05-30 06:50:29,42.4003715515137,-8.9210786819458,"Female"
"9004151",371994,2025-05-30 06:55:29,42.4005889892578,-8.92099571228027,"Female"
"9004151",371994,2025-05-30 07:00:28,42.4003486633301,-8.9210090637207,"Female"
"9004151",371994,2025-05-30 07:05:29,42.3996124267578,-8.92118453979492,"Female"
"9004151",371994,2025-05-30 07:10:29,42.4000587463379,-8.92098045349121,"Female"
"9004151",371994,2025-05-30 07:15:29,42.4002571105957,-8.92123413085938,"Female"
"9004151",371994,2025-05-30 07:20:29,42.399959564209,-8.92105484008789,"Female"
"9004151",371994,2025-05-30 07:25:33,42.400390625,-8.9211254119873,"Female"
"9004151",371994,2025-05-30 07:30:33,42.400318145752,-8.9212007522583,"Female"
"9004151",371994,2025-05-30 07:35:30,42.4005088806152,-8.92190170288086,"Female"
"9004151",371994,2025-05-30 07:40:29,42.4005699157715,-8.92162322998047,"Female"
"9004151",371994,2025-05-30 07:45:29,42.4005165100098,-8.91987133026123,"Female"
"9004151",371994,2025-05-30 07:50:29,42.4006385803223,-8.92037963867188,"Female"
"9004151",371994,2025-05-30 07:55:29,42.4005393981934,-8.92002296447754,"Female"
"9004151",371994,2025-05-30 08:00:30,42.4148788452148,-8.92397785186768,"Female"
"9004151",371994,2025-05-30 08:05:29,42.4566535949707,-8.93813705444336,"Female"
"9004151",371994,2025-05-30 08:10:29,42.48779296875,-8.92151832580566,"Female"
"9004151",371994,2025-05-30 08:15:29,42.5068511962891,-8.87083625793457,"Female"
"9004151",371994,2025-05-30 08:20:30,42.5329437255859,-8.85283756256104,"Female"
"9004151",371994,2025-05-30 08:25:29,42.5356826782227,-8.849045753479,"Female"
"9004151",371994,2025-05-30 08:30:34,42.5362281799316,-8.84714698791504,"Female"
"9004151",371994,2025-05-30 08:35:36,42.5372619628906,-8.847336769104,"Female"
"9004151",371994,2025-05-30 08:40:43,42.5383453369141,-8.84739398956299,"Female"
"9004151",371994,2025-05-30 08:46:16,42.538444519043,-8.84744167327881,"Female"
"9004151",371994,2025-05-30 08:51:25,42.5379257202148,-8.84782600402832,"Female"
"9004151",371994,2025-05-30 08:56:57,42.5371017456055,-8.84822368621826,"Female"
"9004151",371994,2025-05-30 09:02:07,42.5374984741211,-8.84771251678467,"Female"
"9004151",371994,2025-05-30 09:07:26,42.5372428894043,-8.84732627868652,"Female"
"9004151",371994,2025-05-30 09:12:52,42.5382423400879,-8.84777545928955,"Female"
"9004151",371994,2025-05-30 09:17:58,42.5370674133301,-8.84790802001953,"Female"
"9004151",371994,2025-05-30 09:23:06,42.5358276367188,-8.84750175476074,"Female"
"9004151",371994,2025-05-30 09:28:10,42.5348930358887,-8.84755611419678,"Female"
"9004151",371994,2025-05-30 09:33:08,42.5345268249512,-8.84747982025146,"Female"
"9004151",371994,2025-05-30 09:38:06,42.5262756347656,-8.84763431549072,"Female"
"9004151",371994,2025-05-30 09:43:06,42.5263175964355,-8.84763145446777,"Female"
"9004151",371994,2025-05-30 09:48:06,42.5262908935547,-8.847580909729,"Female"
"9004151",371994,2025-05-30 09:53:06,42.5262680053711,-8.84739685058594,"Female"
"9004151",371994,2025-05-30 09:58:06,42.5263061523438,-8.84752368927002,"Female"
"9004151",371994,2025-05-30 10:03:06,42.5263061523438,-8.84749889373779,"Female"
"9004151",371994,2025-05-30 10:08:06,42.5262641906738,-8.84759044647217,"Female"
"9004151",371994,2025-05-30 10:13:06,42.5262336730957,-8.84745407104492,"Female"
"9004151",371994,2025-05-30 10:18:06,42.5262184143066,-8.84744167327881,"Female"
"9004151",371994,2025-05-30 10:23:06,42.5262145996094,-8.84739971160889,"Female"
"9004151",371994,2025-05-30 10:28:06,42.5261840820312,-8.84742450714111,"Female"
"9004151",371994,2025-05-30 10:33:06,42.526195526123,-8.84729099273682,"Female"
"9004151",371994,2025-05-30 10:38:06,42.5261993408203,-8.84717464447021,"Female"
"9004151",371994,2025-05-30 10:43:10,42.5257720947266,-8.84682178497314,"Female"
"9004151",371994,2025-05-30 10:48:06,42.5261611938477,-8.84698104858398,"Female"
"9004151",371994,2025-05-30 10:53:06,42.5261077880859,-8.84749984741211,"Female"
"9004151",371994,2025-05-30 10:58:06,42.5270156860352,-8.8477201461792,"Female"
"9004151",371994,2025-05-30 11:03:06,42.5258026123047,-8.84607791900635,"Female"
"9004151",371994,2025-05-30 11:08:07,42.5268630981445,-8.84751892089844,"Female"
"9004151",371994,2025-05-30 11:13:07,42.5269165039062,-8.84739780426025,"Female"
"9004151",371994,2025-05-30 11:18:06,42.5268592834473,-8.8473539352417,"Female"
"9004151",371994,2025-05-30 11:23:06,42.5263710021973,-8.84606266021729,"Female"
"9004151",371994,2025-05-30 11:28:06,42.5268325805664,-8.84749889373779,"Female"
"9004151",371994,2025-05-30 11:33:06,42.5268325805664,-8.84738826751709,"Female"
"9004151",371994,2025-05-30 11:38:06,42.5268363952637,-8.8474588394165,"Female"
"9004151",371994,2025-05-30 11:43:06,42.5266914367676,-8.84735012054443,"Female"
"9004151",371994,2025-05-30 11:48:06,42.5267372131348,-8.84728717803955,"Female"
"9004151",371994,2025-05-30 11:53:06,42.5266723632812,-8.84735679626465,"Female"
"9004151",371994,2025-05-30 11:58:07,42.5266761779785,-8.8465747833252,"Female"
"9004151",371994,2025-05-30 12:03:07,42.5266227722168,-8.84715366363525,"Female"
"9004151",371994,2025-05-30 12:08:07,42.5266761779785,-8.84679222106934,"Female"
"9004151",371994,2025-05-30 12:13:09,42.5266304016113,-8.84682273864746,"Female"
"9004151",371994,2025-05-30 12:18:10,42.5266036987305,-8.84698581695557,"Female"
"9004151",371994,2025-05-30 12:23:06,42.5266227722168,-8.84700298309326,"Female"
"9004151",371994,2025-05-30 12:28:09,42.5265808105469,-8.84711456298828,"Female"
"9004151",371994,2025-05-30 12:33:06,42.5265312194824,-8.84742832183838,"Female"
"9004151",371994,2025-05-30 12:38:06,42.5266380310059,-8.84685230255127,"Female"
"9004151",371994,2025-05-30 12:43:07,42.5265579223633,-8.84683704376221,"Female"
"9004151",371994,2025-05-30 12:48:07,42.5266189575195,-8.84696578979492,"Female"
"9004151",371994,2025-05-30 12:53:08,42.5265502929688,-8.84680461883545,"Female"
"9004151",371994,2025-05-30 12:58:06,42.5265350341797,-8.84662914276123,"Female"
"9004151",371994,2025-05-30 13:03:07,42.5265998840332,-8.84701251983643,"Female"
"9004151",371994,2025-05-30 13:09:21,42.5340995788574,-8.84737968444824,"Female"
"9004151",371994,2025-05-30 13:14:58,42.5348587036133,-8.84627437591553,"Female"
"9004151",371994,2025-05-30 13:20:19,42.5352897644043,-8.84652233123779,"Female"
"9004151",371994,2025-05-30 13:25:24,42.536865234375,-8.8465518951416,"Female"
"9004151",371994,2025-05-30 13:30:40,42.5380249023438,-8.84602928161621,"Female"
"9004151",371994,2025-05-30 13:35:55,42.5385437011719,-8.84705352783203,"Female"
"9004151",371994,2025-05-30 13:41:30,42.537109375,-8.84736251831055,"Female"
"9004151",371994,2025-05-30 13:46:38,42.5360527038574,-8.84545135498047,"Female"
"9004151",371994,2025-05-30 13:52:17,42.5351676940918,-8.84620666503906,"Female"
"9004151",371994,2025-05-30 13:57:24,42.5342674255371,-8.84784698486328,"Female"
"9004151",371994,2025-05-30 14:02:42,42.5348014831543,-8.84756183624268,"Female"
"9004151",371994,2025-05-30 14:09:03,42.5332412719727,-8.84912776947021,"Female"
"9004151",371994,2025-05-30 14:14:14,42.5263481140137,-8.8470516204834,"Female"
"9004151",371994,2025-05-30 14:18:59,42.526294708252,-8.84720516204834,"Female"
"9004151",371994,2025-05-30 14:23:59,42.5263519287109,-8.8472843170166,"Female"
"9004151",371994,2025-05-30 14:28:59,42.5263023376465,-8.84719181060791,"Female"
"9004151",371994,2025-05-30 14:33:59,42.5263404846191,-8.846755027771,"Female"
"9004151",371994,2025-05-30 14:39:00,42.5263633728027,-8.8463716506958,"Female"
"9004151",371994,2025-05-30 14:43:59,42.5262641906738,-8.84668445587158,"Female"
"9004151",371994,2025-05-30 14:49:00,42.5264892578125,-8.84716796875,"Female"
"9004151",371994,2025-05-30 14:54:00,42.5249481201172,-8.85044860839844,"Female"
"9004151",371994,2025-05-30 14:59:12,42.5247077941895,-8.85046195983887,"Female"
"9004151",371994,2025-05-30 15:03:59,42.5239906311035,-8.85227489471436,"Female"
"9004151",371994,2025-05-30 15:08:59,42.5246429443359,-8.85354995727539,"Female"
"9004151",371994,2025-05-30 15:13:59,42.5246963500977,-8.85362148284912,"Female"
"9004151",371994,2025-05-30 15:18:59,42.5246505737305,-8.85349178314209,"Female"
"9004151",371994,2025-05-30 15:23:59,42.5246543884277,-8.85350894927979,"Female"
"9004151",371994,2025-05-30 15:28:59,42.5246429443359,-8.85329914093018,"Female"
"9004151",371994,2025-05-30 15:33:59,42.5246543884277,-8.85348892211914,"Female"
"9004151",371994,2025-05-30 15:39:00,42.5245704650879,-8.8541316986084,"Female"
"9004151",371994,2025-05-30 15:44:00,42.5245742797852,-8.85391235351562,"Female"
"9004151",371994,2025-05-30 15:49:03,42.5252380371094,-8.85601139068604,"Female"
"9004151",371994,2025-05-30 15:54:00,42.5247459411621,-8.85404014587402,"Female"
"9004151",371994,2025-05-30 15:59:00,42.5247268676758,-8.85397243499756,"Female"
"9004151",371994,2025-05-30 16:04:10,42.5246734619141,-8.85418319702148,"Female"
"9004151",371994,2025-05-30 16:09:01,42.5247268676758,-8.85397911071777,"Female"
"9004151",371994,2025-05-30 16:14:00,42.5246276855469,-8.85449695587158,"Female"
"9004151",371994,2025-05-30 16:19:01,42.5246200561523,-8.85438632965088,"Female"
"9004151",371994,2025-05-30 16:24:09,42.5247077941895,-8.85421466827393,"Female"
"9004151",371994,2025-05-30 16:29:00,42.5246276855469,-8.85473537445068,"Female"
"9004151",371994,2025-05-30 16:34:01,42.5245513916016,-8.85494613647461,"Female"
"9004151",371994,2025-05-30 16:39:09,42.5248603820801,-8.85422706604004,"Female"
"9004151",371994,2025-05-30 16:44:12,42.5247688293457,-8.85393524169922,"Female"
"9004151",371994,2025-05-30 16:49:00,42.5246772766113,-8.85413551330566,"Female"
"9004151",371994,2025-05-30 16:54:00,42.524585723877,-8.85431861877441,"Female"
"9004151",371994,2025-05-30 16:59:00,42.5246467590332,-8.85404872894287,"Female"
"9004151",371994,2025-05-30 17:04:00,42.5245666503906,-8.85400199890137,"Female"
"9004151",371994,2025-05-30 17:09:00,42.5245971679688,-8.85399723052979,"Female"
"9004151",371994,2025-05-30 17:14:00,42.5246200561523,-8.85390281677246,"Female"
"9004151",371994,2025-05-30 17:18:59,42.524585723877,-8.85396575927734,"Female"
"9004151",371994,2025-05-30 17:24:00,42.5245895385742,-8.8538818359375,"Female"
"9004151",371994,2025-05-30 17:29:00,42.5245399475098,-8.8539514541626,"Female"
"9004151",371994,2025-05-30 17:34:02,42.5175094604492,-8.86837291717529,"Female"
"9004151",371994,2025-05-30 17:39:18,42.4972763061523,-8.89300632476807,"Female"
"9004151",371994,2025-05-30 17:44:09,42.4835815429688,-8.91736602783203,"Female"
"9004151",371994,2025-05-30 17:49:06,42.4747085571289,-8.94106864929199,"Female"
"9004151",371994,2025-05-30 17:54:12,42.4383506774902,-8.93795013427734,"Female"
"9004151",371994,2025-05-30 17:59:07,42.4129295349121,-8.92296409606934,"Female"
"9004151",371994,2025-05-30 18:04:06,42.4007720947266,-8.92082691192627,"Female"
"9004151",371994,2025-05-30 18:09:04,42.4007568359375,-8.92076778411865,"Female"
"9004151",371994,2025-05-30 18:14:00,42.4011726379395,-8.92029094696045,"Female"
"9004151",371994,2025-05-30 18:19:01,42.4010810852051,-8.92044448852539,"Female"
"9004151",371994,2025-05-30 18:24:01,42.4007720947266,-8.92072486877441,"Female"
"9004151",371994,2025-05-30 18:29:06,42.4011688232422,-8.92111587524414,"Female"
"9004151",371994,2025-05-30 18:34:01,42.4002227783203,-8.92110633850098,"Female"
"9004151",371994,2025-05-30 18:39:04,42.4011497497559,-8.92060470581055,"Female"
"9004151",371994,2025-05-30 18:44:01,42.4000587463379,-8.92122936248779,"Female"
"9004151",371994,2025-05-30 18:49:01,42.4000587463379,-8.92107963562012,"Female"
"9004151",371994,2025-05-30 18:54:01,42.4011917114258,-8.92080116271973,"Female"
"9004151",371994,2025-05-30 18:59:08,42.400318145752,-8.92103385925293,"Female"
"9004151",371994,2025-05-30 19:04:00,42.4002304077148,-8.92074584960938,"Female"
"9004151",371994,2025-05-30 19:09:00,42.4001846313477,-8.92063999176025,"Female"
"9004151",371994,2025-05-30 19:14:01,42.4001655578613,-8.92059516906738,"Female"
"9004151",371994,2025-05-30 19:19:00,42.4001884460449,-8.92073345184326,"Female"
"9004151",371994,2025-05-30 19:24:00,42.3999481201172,-8.92056655883789,"Female"
"9004151",371994,2025-05-30 19:29:00,42.3999557495117,-8.92060565948486,"Female"
"9004151",371994,2025-05-30 19:34:02,42.3998870849609,-8.92039489746094,"Female"
"9004151",371994,2025-05-30 19:39:02,42.3998184204102,-8.92019271850586,"Female"
"9004151",371994,2025-05-30 19:44:06,42.4003105163574,-8.92127513885498,"Female"
"9004151",371994,2025-05-30 19:49:09,42.4003028869629,-8.92123031616211,"Female"
"9004151",371994,2025-05-30 19:54:06,42.400390625,-8.92101955413818,"Female"
"9004151",371994,2025-05-30 19:59:01,42.3995704650879,-8.92017078399658,"Female"
"9004151",371994,2025-05-30 20:04:02,42.3993988037109,-8.91921710968018,"Female"
"9004151",371994,2025-05-30 20:09:02,42.3993377685547,-8.91929817199707,"Female"
"9004151",371994,2025-05-30 20:14:01,42.3992118835449,-8.91946029663086,"Female"
"9004151",371994,2025-05-30 20:19:01,42.3991241455078,-8.91951656341553,"Female"
"9004151",371994,2025-05-30 20:24:01,42.3990287780762,-8.9196605682373,"Female"
"9004151",371994,2025-05-30 20:29:02,42.3988265991211,-8.91986656188965,"Female"
"9004151",371994,2025-05-30 20:34:03,42.3983535766602,-8.91952991485596,"Female"
"9004151",371994,2025-05-30 20:39:03,42.3986549377441,-8.92029666900635,"Female"
"9004151",371994,2025-05-30 20:44:02,42.3990020751953,-8.9205904006958,"Female"
"9004151",371994,2025-05-30 20:49:03,42.3984985351562,-8.92119884490967,"Female"
"9004151",371994,2025-05-30 20:54:03,42.3981513977051,-8.92200183868408,"Female"
"9004151",371994,2025-05-30 20:59:14,42.4006538391113,-8.92061614990234,"Female"
"9004151",371994,2025-05-30 21:04:07,42.4008522033691,-8.92115592956543,"Female"
"9004151",371994,2025-05-30 21:09:02,42.4010047912598,-8.92052364349365,"Female"
"9004151",371994,2025-05-30 21:14:01,42.4008941650391,-8.92094421386719,"Female"
"9004151",371994,2025-05-30 21:19:01,42.4003257751465,-8.92131805419922,"Female"
"9004151",371994,2025-05-30 21:24:02,42.4011573791504,-8.92060279846191,"Female"
"9004151",371994,2025-05-30 21:29:01,42.4004554748535,-8.92111301422119,"Female"
"9004151",371994,2025-05-30 21:34:01,42.4001770019531,-8.92155265808105,"Female"
"9004151",371994,2025-05-30 21:39:01,42.4003257751465,-8.92068481445312,"Female"
"9004151",371994,2025-05-30 21:44:01,42.3998908996582,-8.92139339447021,"Female"
"9004151",371994,2025-05-30 21:49:02,42.4003829956055,-8.92130661010742,"Female"
"9004151",371994,2025-05-30 21:54:01,42.4004058837891,-8.92123508453369,"Female"
"9004151",371994,2025-05-30 21:59:01,42.4004249572754,-8.9210901260376,"Female"
"9004151",371994,2025-05-30 22:04:01,42.4003601074219,-8.9210376739502,"Female"
"9004151",371994,2025-05-30 22:09:01,42.400318145752,-8.92109203338623,"Female"
"9004151",371994,2025-05-30 22:14:01,42.4003715515137,-8.92113208770752,"Female"
"9004151",371994,2025-05-30 22:19:02,42.4003295898438,-8.92101573944092,"Female"
"9004151",371994,2025-05-30 22:24:02,42.400333404541,-8.92101097106934,"Female"
"9004151",371994,2025-05-30 22:29:01,42.400390625,-8.92104053497314,"Female"
"9004151",371994,2025-05-30 22:34:01,42.4002647399902,-8.92111873626709,"Female"
"9004151",371994,2025-05-30 22:39:01,42.4003982543945,-8.92115020751953,"Female"
"9004151",371994,2025-05-30 22:44:01,42.4002113342285,-8.92115211486816,"Female"
"9004151",371994,2025-05-30 22:49:01,42.4004745483398,-8.9215087890625,"Female"
"9004151",371994,2025-05-30 22:54:02,42.4003028869629,-8.92105484008789,"Female"
"9004151",371994,2025-05-30 22:59:01,42.4003105163574,-8.92105388641357,"Female"
"9004151",371994,2025-05-30 23:04:01,42.4003410339355,-8.92106246948242,"Female"
"9004151",371994,2025-05-30 23:09:02,42.400447845459,-8.92093372344971,"Female"
"9004151",371994,2025-05-30 23:14:02,42.4002342224121,-8.92112731933594,"Female"
"9004151",371994,2025-05-30 23:19:02,42.400032043457,-8.9211483001709,"Female"
"9004151",371994,2025-05-30 23:24:02,42.4002685546875,-8.92078685760498,"Female"
"9004151",371994,2025-05-30 23:29:03,42.4004859924316,-8.91963386535645,"Female"
"9004151",371994,2025-05-30 23:34:03,42.4001998901367,-8.92147350311279,"Female"
"9004151",371994,2025-05-30 23:39:01,42.4003601074219,-8.92129993438721,"Female"
"9004151",371994,2025-05-30 23:44:02,42.4003410339355,-8.92120265960693,"Female"
"9004151",371994,2025-05-30 23:49:03,42.4005241394043,-8.92113494873047,"Female"
"9004151",371994,2025-05-30 23:54:02,42.4003448486328,-8.9215259552002,"Female"
"9004151",371994,2025-05-30 23:59:02,42.4003219604492,-8.92133808135986,"Female"
"9004151",371994,2025-05-31 00:04:01,42.4003067016602,-8.92130470275879,"Female"
"9004151",371994,2025-05-31 00:09:01,42.4003639221191,-8.92123413085938,"Female"
"9004151",371994,2025-05-31 00:14:04,42.4007453918457,-8.92099761962891,"Female"
"9004151",371994,2025-05-31 00:19:02,42.4008369445801,-8.92099189758301,"Female"
"9004151",371994,2025-05-31 00:24:01,42.4006423950195,-8.92096900939941,"Female"
"9004151",371994,2025-05-31 00:29:01,42.4005928039551,-8.92117595672607,"Female"
"9004151",371994,2025-05-31 00:34:02,42.4006614685059,-8.92103004455566,"Female"
"9004151",371994,2025-05-31 00:39:01,42.4006233215332,-8.92107963562012,"Female"
"9004151",371994,2025-05-31 00:44:01,42.400634765625,-8.92112350463867,"Female"
"9004151",371994,2025-05-31 00:49:01,42.4006538391113,-8.92107486724854,"Female"
"9004151",371994,2025-05-31 00:54:01,42.4007911682129,-8.92117691040039,"Female"
"9004151",371994,2025-05-31 00:59:01,42.4008331298828,-8.92111873626709,"Female"
"9004151",371994,2025-05-31 01:04:01,42.4006843566895,-8.92108726501465,"Female"
"9004151",371994,2025-05-31 01:09:01,42.4007263183594,-8.92115879058838,"Female"
"9004151",371994,2025-05-31 01:14:01,42.4006614685059,-8.9211311340332,"Female"
"9004151",371994,2025-05-31 01:19:10,42.4007263183594,-8.92112445831299,"Female"
"9004151",371994,2025-05-31 01:24:01,42.4007759094238,-8.92111778259277,"Female"
"9004151",371994,2025-05-31 01:29:01,42.4007148742676,-8.92110347747803,"Female"
"9004151",371994,2025-05-31 01:34:01,42.400749206543,-8.92108821868896,"Female"
"9004151",371994,2025-05-31 01:39:01,42.4007301330566,-8.92104148864746,"Female"
"9004151",371994,2025-05-31 01:44:01,42.4009170532227,-8.92123794555664,"Female"
"9004151",371994,2025-05-31 01:49:01,42.4009819030762,-8.92127895355225,"Female"
"9004151",371994,2025-05-31 01:54:01,42.4010620117188,-8.921311378479,"Female"
"9004151",371994,2025-05-31 01:59:01,42.4009056091309,-8.92131805419922,"Female"
"9004151",371994,2025-05-31 02:04:02,42.401008605957,-8.92127799987793,"Female"
"9004151",371994,2025-05-31 02:09:02,42.4010391235352,-8.92130470275879,"Female"
"9004151",371994,2025-05-31 02:14:02,42.4009666442871,-8.92129516601562,"Female"
"9004151",371994,2025-05-31 02:19:09,42.4008560180664,-8.92106151580811,"Female"
"9004151",371994,2025-05-31 02:24:02,42.4007987976074,-8.9207935333252,"Female"
"9004151",371994,2025-05-31 02:29:09,42.4008827209473,-8.92091846466064,"Female"
"9004151",371994,2025-05-31 02:34:06,42.4008712768555,-8.92099285125732,"Female"
"9004151",371994,2025-05-31 02:39:02,42.4008979797363,-8.92090225219727,"Female"
"9004151",371994,2025-05-31 02:44:01,42.4009056091309,-8.92085266113281,"Female"
"9004151",371994,2025-05-31 02:49:03,42.4008636474609,-8.92093944549561,"Female"
"9004151",371994,2025-05-31 02:54:06,42.4009437561035,-8.92073249816895,"Female"
"9004151",371994,2025-05-31 02:59:04,42.4010047912598,-8.92070579528809,"Female"
"9004151",371994,2025-05-31 03:04:15,42.4009437561035,-8.9207124710083,"Female"
"9004151",371994,2025-05-31 03:09:04,42.4008522033691,-8.92091274261475,"Female"
"9004151",371994,2025-05-31 03:14:09,42.4007911682129,-8.92095279693604,"Female"
"9004151",371994,2025-05-31 03:19:09,42.4009208679199,-8.92068672180176,"Female"
"9004151",371994,2025-05-31 03:24:08,42.40087890625,-8.92077445983887,"Female"
"9004151",371994,2025-05-31 03:29:09,42.4007110595703,-8.92118549346924,"Female"
"9004151",371994,2025-05-31 03:34:09,42.4006958007812,-8.92120265960693,"Female"
"9004151",371994,2025-05-31 03:39:07,42.4005012512207,-8.92169094085693,"Female"
"9004151",371994,2025-05-31 03:44:09,42.4007301330566,-8.92120552062988,"Female"
"9004151",371994,2025-05-31 03:49:14,42.4004554748535,-8.92210865020752,"Female"
"9004151",371994,2025-05-31 03:54:02,42.4003753662109,-8.92239856719971,"Female"
"9004151",371994,2025-05-31 03:59:02,42.4004249572754,-8.92218112945557,"Female"
"9004151",371994,2025-05-31 04:04:02,42.4004325866699,-8.92217254638672,"Female"
"9004151",371994,2025-05-31 04:09:02,42.4005584716797,-8.92161560058594,"Female"
"9004151",371994,2025-05-31 04:14:03,42.4004325866699,-8.92171764373779,"Female"
"9004151",371994,2025-05-31 04:19:01,42.4004096984863,-8.92239761352539,"Female"
"9004151",371994,2025-05-31 04:24:01,42.4004249572754,-8.92218971252441,"Female"
"9004151",371994,2025-05-31 04:29:03,42.4004974365234,-8.92163753509521,"Female"
"9004151",371994,2025-05-31 04:34:01,42.4004821777344,-8.92175197601318,"Female"
"9004151",371994,2025-05-31 04:39:01,42.4004096984863,-8.92154884338379,"Female"
"9004151",371994,2025-05-31 04:44:02,42.3999862670898,-8.92193412780762,"Female"
"9004151",371994,2025-05-31 04:49:14,42.4003524780273,-8.92155265808105,"Female"
"9004151",371994,2025-05-31 04:54:01,42.4003448486328,-8.92159461975098,"Female"
"9004151",371994,2025-05-31 04:59:03,42.4003524780273,-8.92155838012695,"Female"
"9004151",371994,2025-05-31 05:04:01,42.4004211425781,-8.92146873474121,"Female"
"9004151",371994,2025-05-31 05:09:01,42.4002418518066,-8.92154979705811,"Female"
"9004151",371994,2025-05-31 05:14:01,42.4004135131836,-8.92138862609863,"Female"
"9004151",371994,2025-05-31 05:19:02,42.4003448486328,-8.92148590087891,"Female"
"9004151",371994,2025-05-31 05:24:03,42.4005241394043,-8.92125701904297,"Female"
"9004151",371994,2025-05-31 05:29:04,42.3998565673828,-8.92208766937256,"Female"
"9004151",371994,2025-05-31 05:34:06,42.4004325866699,-8.92138767242432,"Female"
"9004151",371994,2025-05-31 05:39:01,42.4002227783203,-8.92155456542969,"Female"
"9004151",371994,2025-05-31 05:44:07,42.4003105163574,-8.92145538330078,"Female"
"9004151",371994,2025-05-31 05:49:07,42.4002914428711,-8.92149353027344,"Female"
"9004151",371994,2025-05-31 05:54:03,42.4002494812012,-8.92155742645264,"Female"
"9004151",371994,2025-05-31 05:59:06,42.4000625610352,-8.92164707183838,"Female"
"9004151",371994,2025-05-31 06:04:15,42.4006843566895,-8.92103672027588,"Female"
"9004151",371994,2025-05-31 06:09:01,42.4002990722656,-8.92138767242432,"Female"
"9004151",371994,2025-05-31 06:14:03,42.4006729125977,-8.92082595825195,"Female"
"9004151",371994,2025-05-31 06:19:03,42.4002075195312,-8.92148017883301,"Female"
"9004151",371994,2025-05-31 06:24:02,42.4000091552734,-8.92121601104736,"Female"
"9004151",371994,2025-05-31 06:29:03,42.4002418518066,-8.92119884490967,"Female"
"9004151",371994,2025-05-31 06:34:01,42.4001426696777,-8.92114067077637,"Female"
"9004151",371994,2025-05-31 06:39:03,42.4005889892578,-8.92104053497314,"Female"
"9004151",371994,2025-05-31 06:44:03,42.4002990722656,-8.9210786819458,"Female"
"9004151",371994,2025-05-31 06:49:02,42.4002914428711,-8.92116069793701,"Female"
"9004151",371994,2025-05-31 06:54:01,42.4012718200684,-8.9216947555542,"Female"
"9004151",371994,2025-05-31 06:59:01,42.4131698608398,-8.92348575592041,"Female"
"9004151",371994,2025-05-31 07:04:01,42.4417686462402,-8.93696117401123,"Female"
"9004151",371994,2025-05-31 07:09:01,42.4660797119141,-8.94321727752686,"Female"
"9004151",371994,2025-05-31 07:14:01,42.4842491149902,-8.93058109283447,"Female"
"9004151",371994,2025-05-31 07:19:01,42.4894332885742,-8.92180442810059,"Female"
"9004151",371994,2025-05-31 07:24:00,42.498950958252,-8.9051628112793,"Female"
"9004151",371994,2025-05-31 07:29:01,42.5116081237793,-8.88168144226074,"Female"
"9004151",371994,2025-05-31 07:34:01,42.5324172973633,-8.85308361053467,"Female"
"9004151",371994,2025-05-31 07:39:12,42.5365219116211,-8.84769630432129,"Female"
"9004151",371994,2025-05-31 07:44:44,42.5378112792969,-8.84733104705811,"Female"
"9004151",371994,2025-05-31 07:49:43,42.5387725830078,-8.84711360931396,"Female"
"9004151",371994,2025-05-31 07:54:44,42.5396881103516,-8.84643840789795,"Female"
"9004151",371994,2025-05-31 08:00:16,42.5404396057129,-8.84690570831299,"Female"
"9004151",371994,2025-05-31 08:05:30,42.5409545898438,-8.84680938720703,"Female"
"9004151",371994,2025-05-31 08:10:30,42.540412902832,-8.8466796875,"Female"
"9004151",371994,2025-05-31 08:15:36,42.540168762207,-8.84649085998535,"Female"
"9004151",371994,2025-05-31 08:20:45,42.5396957397461,-8.84695434570312,"Female"
"9004151",371994,2025-05-31 08:26:01,42.538501739502,-8.84772682189941,"Female"
"9004151",371994,2025-05-31 08:31:04,42.5380859375,-8.84683322906494,"Female"
"9004151",371994,2025-05-31 08:36:14,42.5380859375,-8.84750080108643,"Female"
"9004151",371994,2025-05-31 08:41:14,42.5373382568359,-8.84729957580566,"Female"
"9004151",371994,2025-05-31 08:46:50,42.5358276367188,-8.84793853759766,"Female"
"9004151",371994,2025-05-31 08:51:51,42.5346755981445,-8.84877490997314,"Female"
"9004151",371994,2025-05-31 08:56:52,42.5333518981934,-8.84928226470947,"Female"
"9004151",371994,2025-05-31 09:01:54,42.5261726379395,-8.84731483459473,"Female"
"9004151",371994,2025-05-31 09:06:50,42.526195526123,-8.84736347198486,"Female"
"9004151",371994,2025-05-31 09:11:52,42.5261764526367,-8.84744262695312,"Female"
"9004151",371994,2025-05-31 09:16:50,42.5261993408203,-8.84749221801758,"Female"
"9004151",371994,2025-05-31 09:21:50,42.5261726379395,-8.84746074676514,"Female"
"9004151",371994,2025-05-31 09:26:53,42.5261306762695,-8.84766292572021,"Female"
"9004151",371994,2025-05-31 09:31:55,42.5260696411133,-8.84745216369629,"Female"
"9004151",371994,2025-05-31 09:36:50,42.5262222290039,-8.84772109985352,"Female"
"9004151",371994,2025-05-31 09:41:55,42.525821685791,-8.84718132019043,"Female"
"9004151",371994,2025-05-31 09:47:08,42.526195526123,-8.8480167388916,"Female"
"9004151",371994,2025-05-31 09:52:02,42.5261650085449,-8.84814357757568,"Female"
"9004151",371994,2025-05-31 09:56:51,42.5263328552246,-8.84843635559082,"Female"
"9004151",371994,2025-05-31 10:02:12,42.5261535644531,-8.84760475158691,"Female"
"9004151",371994,2025-05-31 10:06:50,42.5265312194824,-8.84847259521484,"Female"
"9004151",371994,2025-05-31 10:11:51,42.5264739990234,-8.84835624694824,"Female"
"9004151",371994,2025-05-31 10:16:53,42.5260887145996,-8.8472375869751,"Female"
"9004151",371994,2025-05-31 10:21:52,42.5258026123047,-8.84707546234131,"Female"
"9004151",371994,2025-05-31 10:26:50,42.5258903503418,-8.84717082977295,"Female"
"9004151",371994,2025-05-31 10:31:50,42.5260772705078,-8.84750270843506,"Female"
"9004151",371994,2025-05-31 10:36:50,42.5261306762695,-8.84750556945801,"Female"
"9004151",371994,2025-05-31 10:41:50,42.5260391235352,-8.84755992889404,"Female"
"9004151",371994,2025-05-31 10:47:14,42.5259590148926,-8.84726619720459,"Female"
"9004151",371994,2025-05-31 10:51:52,42.5260238647461,-8.84731197357178,"Female"
"9004151",371994,2025-05-31 10:56:51,42.5260810852051,-8.84767436981201,"Female"
"9004151",371994,2025-05-31 11:01:52,42.5260620117188,-8.84745407104492,"Female"
"9004151",371994,2025-05-31 11:07:01,42.5258598327637,-8.84715843200684,"Female"
"9004151",371994,2025-05-31 11:11:55,42.5263175964355,-8.84701347351074,"Female"
"9004151",371994,2025-05-31 11:17:02,42.5260238647461,-8.84744834899902,"Female"
"9004151",371994,2025-05-31 11:21:58,42.5258483886719,-8.84751510620117,"Female"
"9004151",371994,2025-05-31 11:27:14,42.5259819030762,-8.84737586975098,"Female"
"9004151",371994,2025-05-31 11:31:52,42.5261344909668,-8.84744262695312,"Female"
"9004151",371994,2025-05-31 11:36:55,42.5251426696777,-8.84775447845459,"Female"
"9004151",371994,2025-05-31 11:42:03,42.5260009765625,-8.84736824035645,"Female"
"9004151",371994,2025-05-31 11:47:23,42.5259971618652,-8.84739971160889,"Female"
"9004151",371994,2025-05-31 11:51:52,42.525951385498,-8.84740447998047,"Female"
"9004151",371994,2025-05-31 11:57:02,42.528865814209,-8.84436225891113,"Female"
"9004151",371994,2025-05-31 12:02:02,42.5291137695312,-8.84485626220703,"Female"
"9004151",371994,2025-05-31 12:07:03,42.5301551818848,-8.84584808349609,"Female"
"9004151",371994,2025-05-31 12:12:40,42.5299034118652,-8.84648132324219,"Female"
"9004151",371994,2025-05-31 12:17:43,42.5302925109863,-8.84693908691406,"Female"
"9004151",371994,2025-05-31 12:22:17,42.5321807861328,-8.8458833694458,"Female"
"9004151",371994,2025-05-31 12:27:09,42.5323677062988,-8.84690570831299,"Female"
"9004151",371994,2025-05-31 12:33:05,42.5321617126465,-8.84688472747803,"Female"
"9004151",371994,2025-05-31 12:36:55,42.5325622558594,-8.84743499755859,"Female"
"9004151",371994,2025-05-31 12:42:10,42.5350227355957,-8.84805965423584,"Female"
"9004151",371994,2025-05-31 12:47:45,42.5356140136719,-8.84792804718018,"Female"
"9004151",371994,2025-05-31 12:53:07,42.5367012023926,-8.84836292266846,"Female"
"9004151",371994,2025-05-31 12:58:06,42.5380783081055,-8.84794616699219,"Female"
"9004151",371994,2025-05-31 13:03:16,42.5391502380371,-8.84712600708008,"Female"
"9004151",371994,2025-05-31 13:08:22,42.538646697998,-8.84754657745361,"Female"
"9004151",371994,2025-05-31 13:13:20,42.538631439209,-8.84875583648682,"Female"
"9004151",371994,2025-05-31 13:18:21,42.5387344360352,-8.84946346282959,"Female"
"9004151",371994,2025-05-31 13:23:22,42.5389060974121,-8.84952259063721,"Female"
"9004151",371994,2025-05-31 13:28:25,42.538631439209,-8.85010433197021,"Female"
"9004151",371994,2025-05-31 13:33:21,42.5383796691895,-8.85048675537109,"Female"
"9004151",371994,2025-05-31 13:38:21,42.5382118225098,-8.85082912445068,"Female"
"9004151",371994,2025-05-31 13:43:21,42.5378494262695,-8.85090637207031,"Female"
"9004151",371994,2025-05-31 13:48:20,42.537410736084,-8.85084438323975,"Female"
"9004151",371994,2025-05-31 13:53:21,42.5370597839355,-8.85086536407471,"Female"
"9004151",371994,2025-05-31 13:58:21,42.536491394043,-8.85085487365723,"Female"
"9004151",371994,2025-05-31 14:03:25,42.5359764099121,-8.8504753112793,"Female"
"9004151",371994,2025-05-31 14:08:23,42.5351524353027,-8.85090637207031,"Female"
"9004151",371994,2025-05-31 14:13:24,42.5344543457031,-8.85091304779053,"Female"
"9004151",371994,2025-05-31 14:18:21,42.5341110229492,-8.85073089599609,"Female"
"9004151",371994,2025-05-31 14:23:21,42.5334129333496,-8.85078525543213,"Female"
"9004151",371994,2025-05-31 14:28:42,42.5341148376465,-8.84901428222656,"Female"
"9004151",371994,2025-05-31 14:34:22,42.5350456237793,-8.84746837615967,"Female"
"9004151",371994,2025-05-31 14:39:16,42.5343704223633,-8.84815692901611,"Female"
"9004151",371994,2025-05-31 14:44:45,42.5341606140137,-8.84825038909912,"Female"
"9004151",371994,2025-05-31 14:49:59,42.5346565246582,-8.8474588394165,"Female"
"9004151",371994,2025-05-31 14:54:58,42.535572052002,-8.84731578826904,"Female"
"9004151",371994,2025-05-31 15:00:22,42.5357780456543,-8.84715461730957,"Female"
"9004151",371994,2025-05-31 15:07:01,42.5350151062012,-8.84884738922119,"Female"
"9004151",371994,2025-05-31 15:11:51,42.5342140197754,-8.84852504730225,"Female"
"9004151",371994,2025-05-31 15:16:51,42.5342712402344,-8.84996032714844,"Female"
"9004151",371994,2025-05-31 15:21:51,42.5352897644043,-8.85248947143555,"Female"
"9004151",371994,2025-05-31 15:26:54,42.5355339050293,-8.85322666168213,"Female"
"9004151",371994,2025-05-31 15:32:02,42.535888671875,-8.85414409637451,"Female"
"9004151",371994,2025-05-31 15:36:52,42.5357475280762,-8.85405921936035,"Female"
"9004151",371994,2025-05-31 15:42:02,42.5355110168457,-8.85520553588867,"Female"
"9004151",371994,2025-05-31 15:46:58,42.5355987548828,-8.85612964630127,"Female"
"9004151",371994,2025-05-31 15:52:10,42.5359230041504,-8.8558235168457,"Female"
"9004151",371994,2025-05-31 15:56:55,42.5353927612305,-8.85623741149902,"Female"
"9004151",371994,2025-05-31 16:01:56,42.5345001220703,-8.85565567016602,"Female"
"9004151",371994,2025-05-31 16:07:17,42.5342559814453,-8.85499477386475,"Female"
"9004151",371994,2025-05-31 16:11:59,42.5342292785645,-8.85463714599609,"Female"
"9004151",371994,2025-05-31 16:17:06,42.5342063903809,-8.85404491424561,"Female"
"9004151",371994,2025-05-31 16:22:38,42.534725189209,-8.84989547729492,"Female"
"9004151",371994,2025-05-31 16:27:36,42.5337409973145,-8.84931087493896,"Female"
"9004151",371994,2025-05-31 16:33:44,42.53369140625,-8.84839725494385,"Female"
"9004151",371994,2025-05-31 16:38:53,42.5338439941406,-8.84922027587891,"Female"
"9004151",371994,2025-05-31 16:44:23,42.53466796875,-8.85072326660156,"Female"
"9004151",371994,2025-05-31 16:48:53,42.5340766906738,-8.85160160064697,"Female"
"9004151",371994,2025-05-31 16:53:53,42.5261039733887,-8.85776615142822,"Female"
"9004151",371994,2025-05-31 16:58:53,42.518196105957,-8.86576080322266,"Female"
"9004151",371994,2025-05-31 17:03:53,42.5181350708008,-8.86576652526855,"Female"
"9004151",371994,2025-05-31 17:09:14,42.5181884765625,-8.86580848693848,"Female"
"9004151",371994,2025-05-31 17:13:53,42.5097427368164,-8.87534809112549,"Female"
"9004151",371994,2025-05-31 17:18:53,42.4834442138672,-8.92571830749512,"Female"
"9004151",371994,2025-05-31 17:23:53,42.4401512145996,-8.94365406036377,"Female"
"9004151",371994,2025-05-31 17:28:53,42.4287910461426,-8.94175720214844,"Female"
"9004151",371994,2025-05-31 17:33:53,42.4279289245605,-8.94169235229492,"Female"
"9004151",371994,2025-05-31 17:38:53,42.4004211425781,-8.92092895507812,"Female"
"9004151",371994,2025-05-31 17:43:53,42.4004211425781,-8.92095756530762,"Female"
"9004151",371994,2025-05-31 17:49:14,42.4004554748535,-8.9209680557251,"Female"
"9004151",371994,2025-05-31 17:53:53,42.4005661010742,-8.92092990875244,"Female"
"9004151",371994,2025-05-31 17:58:55,42.4005813598633,-8.92100238800049,"Female"
"9004151",371994,2025-05-31 18:04:01,42.4006271362305,-8.92062377929688,"Female"
"9004151",371994,2025-05-31 18:08:54,42.4005470275879,-8.92034912109375,"Female"
"9004151",371994,2025-05-31 18:13:58,42.4002723693848,-8.92159557342529,"Female"
"9004151",371994,2025-05-31 18:18:55,42.4004173278809,-8.92080020904541,"Female"
"9004151",371994,2025-05-31 18:23:55,42.4002685546875,-8.921217918396,"Female"
"9004151",371994,2025-05-31 18:28:58,42.4003372192383,-8.91994380950928,"Female"
"9004151",371994,2025-05-31 18:34:04,42.4001312255859,-8.92161560058594,"Female"
"9004151",371994,2025-05-31 18:39:00,42.4001502990723,-8.92153549194336,"Female"
"9004151",371994,2025-05-31 18:44:05,42.4001998901367,-8.92144775390625,"Female"
"9004151",371994,2025-05-31 18:49:14,42.4002952575684,-8.92118263244629,"Female"
"9004151",371994,2025-05-31 18:53:53,42.4001617431641,-8.92100238800049,"Female"
"9004151",371994,2025-05-31 18:59:01,42.4002456665039,-8.92114067077637,"Female"
"9004151",371994,2025-05-31 19:03:54,42.4004249572754,-8.92129135131836,"Female"
"9004151",371994,2025-05-31 19:08:55,42.4004783630371,-8.92129898071289,"Female"
"9004151",371994,2025-05-31 19:14:14,42.400318145752,-8.92109966278076,"Female"
"9004151",371994,2025-05-31 19:18:53,42.4002990722656,-8.92123889923096,"Female"
"9004151",371994,2025-05-31 19:23:53,42.400390625,-8.92116546630859,"Female"
"9004151",371994,2025-05-31 19:28:53,42.4004058837891,-8.9212007522583,"Female"
"9004151",371994,2025-05-31 19:33:53,42.4003601074219,-8.92128086090088,"Female"
"9004151",371994,2025-05-31 19:38:53,42.4002151489258,-8.92117691040039,"Female"
"9004151",371994,2025-05-31 19:43:53,42.4001426696777,-8.92137241363525,"Female"
"9004151",371994,2025-05-31 19:49:14,42.4002418518066,-8.92116355895996,"Female"
"9004151",371994,2025-05-31 19:53:53,42.4000511169434,-8.92119121551514,"Female"
"9004151",371994,2025-05-31 19:58:54,42.4003791809082,-8.92121124267578,"Female"
"9004151",371994,2025-05-31 20:03:54,42.4002342224121,-8.92110633850098,"Female"
"9004151",371994,2025-05-31 20:08:55,42.4002532958984,-8.92093372344971,"Female"
"9004151",371994,2025-05-31 20:14:01,42.4002494812012,-8.92113399505615,"Female"
"9004151",371994,2025-05-31 20:19:00,42.400318145752,-8.92137622833252,"Female"
"9004151",371994,2025-05-31 20:24:05,42.4003219604492,-8.92100429534912,"Female"
"9004151",371994,2025-05-31 20:29:02,42.4001731872559,-8.92097187042236,"Female"
"9004151",371994,2025-05-31 20:34:01,42.4002914428711,-8.92105674743652,"Female"
"9004151",371994,2025-05-31 20:39:02,42.4000473022461,-8.92080688476562,"Female"
"9004151",371994,2025-05-31 20:44:07,42.4006843566895,-8.92147064208984,"Female"
"9004151",371994,2025-05-31 20:49:19,42.3999404907227,-8.92141437530518,"Female"
"9004151",371994,2025-05-31 20:53:53,42.39990234375,-8.92160320281982,"Female"
"9004151",371994,2025-05-31 20:58:53,42.4000015258789,-8.92150783538818,"Female"
"9004151",371994,2025-05-31 21:03:53,42.3999061584473,-8.92160511016846,"Female"
"9004151",371994,2025-05-31 21:08:53,42.4000282287598,-8.9214506149292,"Female"
"9004151",371994,2025-05-31 21:13:53,42.3999671936035,-8.92152118682861,"Female"
"9004151",371994,2025-05-31 21:18:53,42.4001121520996,-8.92136669158936,"Female"
"9004151",371994,2025-05-31 21:23:54,42.4001045227051,-8.92134857177734,"Female"
"9004151",371994,2025-05-31 21:28:53,42.4001846313477,-8.92133617401123,"Female"
"9004151",371994,2025-05-31 21:33:53,42.400203704834,-8.92119121551514,"Female"
"9004151",371994,2025-05-31 21:38:53,42.4001083374023,-8.92128562927246,"Female"
"9004151",371994,2025-05-31 21:43:54,42.4001808166504,-8.92123413085938,"Female"
"9004151",371994,2025-05-31 21:48:53,42.400276184082,-8.92119312286377,"Female"
"9004151",371994,2025-05-31 21:53:54,42.4002227783203,-8.92120933532715,"Female"
"9004151",371994,2025-05-31 21:58:53,42.4001998901367,-8.92117500305176,"Female"
"9004151",371994,2025-05-31 22:03:53,42.4002418518066,-8.92111873626709,"Female"
"9004151",371994,2025-05-31 22:08:53,42.4002456665039,-8.92098140716553,"Female"
"9004151",371994,2025-05-31 22:13:54,42.4003028869629,-8.9211540222168,"Female"
"9004151",371994,2025-05-31 22:18:55,42.4003524780273,-8.92105770111084,"Female"
"9004151",371994,2025-05-31 22:23:53,42.4002151489258,-8.92091655731201,"Female"
"9004151",371994,2025-05-31 22:28:59,42.4004592895508,-8.92106819152832,"Female"
"9004151",371994,2025-05-31 22:33:54,42.4007110595703,-8.92137813568115,"Female"
"9004151",371994,2025-05-31 22:38:58,42.4003601074219,-8.92097759246826,"Female"
"9004151",371994,2025-05-31 22:43:54,42.3999557495117,-8.92049503326416,"Female"
"9004151",371994,2025-05-31 22:48:56,42.4004592895508,-8.92094993591309,"Female"
"9004151",371994,2025-05-31 22:53:53,42.4002342224121,-8.92086696624756,"Female"
"9004151",371994,2025-05-31 22:58:56,42.4004974365234,-8.9210319519043,"Female"
"9004151",371994,2025-05-31 23:04:01,42.400447845459,-8.92081737518311,"Female"
"9004151",371994,2025-05-31 23:09:01,42.4003791809082,-8.92098045349121,"Female"
"9004151",371994,2025-05-31 23:14:01,42.4004135131836,-8.92093944549561,"Female"
"9004151",371994,2025-05-31 23:19:01,42.4003868103027,-8.92080020904541,"Female"
"9004151",371994,2025-05-31 23:24:01,42.4003715515137,-8.92086410522461,"Female"
"9004151",371994,2025-05-31 23:29:01,42.4003601074219,-8.92100429534912,"Female"
"9004151",371994,2025-05-31 23:34:00,42.4004211425781,-8.9209451675415,"Female"
"9004151",371994,2025-05-31 23:39:00,42.4003829956055,-8.9209623336792,"Female"
"9004151",371994,2025-05-31 23:44:01,42.4003639221191,-8.92097663879395,"Female"
"9004151",371994,2025-05-31 23:49:01,42.4003829956055,-8.92092227935791,"Female"
"9004151",371994,2025-05-31 23:54:01,42.4003868103027,-8.92090702056885,"Female"
"9004151",371994,2025-05-31 23:59:02,42.3996505737305,-8.92147636413574,"Female"
"9004151",371994,2025-06-01 00:04:03,42.400505065918,-8.92063999176025,"Female"
"9004151",371994,2025-06-01 00:09:00,42.4003829956055,-8.92105674743652,"Female"
"9004151",371994,2025-06-01 00:14:12,42.4004020690918,-8.92099380493164,"Female"
"9004151",371994,2025-06-01 00:18:58,42.4006195068359,-8.92127799987793,"Female"
"9004151",371994,2025-06-01 00:23:55,42.4003143310547,-8.92059516906738,"Female"
"9004151",371994,2025-06-01 00:28:54,42.4007453918457,-8.92065334320068,"Female"
"9004151",371994,2025-06-01 00:33:55,42.4008331298828,-8.92038059234619,"Female"
"9004151",371994,2025-06-01 00:38:58,42.4004554748535,-8.92080497741699,"Female"
"9004151",371994,2025-06-01 00:44:04,42.4006080627441,-8.92058849334717,"Female"
"9004151",371994,2025-06-01 00:49:16,42.4003448486328,-8.92108058929443,"Female"
"9004151",371994,2025-06-01 00:54:00,42.4005584716797,-8.92066478729248,"Female"
"9004151",371994,2025-06-01 00:59:00,42.4002456665039,-8.92109680175781,"Female"
"9004151",371994,2025-06-01 01:03:59,42.4003829956055,-8.92097759246826,"Female"
"9004151",371994,2025-06-01 01:09:02,42.400520324707,-8.92086219787598,"Female"
"9004151",371994,2025-06-01 01:13:56,42.4004135131836,-8.9209156036377,"Female"
"9004151",371994,2025-06-01 01:18:55,42.3998413085938,-8.92111968994141,"Female"
"9004151",371994,2025-06-01 01:23:58,42.3999938964844,-8.92151641845703,"Female"
"9004151",371994,2025-06-01 01:29:12,42.4001274108887,-8.92147445678711,"Female"
"9004151",371994,2025-06-01 01:33:53,42.4005470275879,-8.92118835449219,"Female"
"9004151",371994,2025-06-01 01:38:53,42.4004898071289,-8.92111682891846,"Female"
"9004151",371994,2025-06-01 01:43:53,42.4005851745605,-8.9210090637207,"Female"
"9004151",371994,2025-06-01 01:49:16,42.4003715515137,-8.92105293273926,"Female"
"9004151",371994,2025-06-01 01:54:07,42.4003410339355,-8.92112445831299,"Female"
"9004151",371994,2025-06-01 01:59:06,42.400276184082,-8.92115306854248,"Female"
"9004151",371994,2025-06-01 02:04:23,42.4003791809082,-8.92099761962891,"Female"
"9004151",371994,2025-06-01 02:08:53,42.4004745483398,-8.92105770111084,"Female"
"9004151",371994,2025-06-01 02:13:53,42.400318145752,-8.92109394073486,"Female"
"9004151",371994,2025-06-01 02:18:54,42.4004402160645,-8.9209623336792,"Female"
"9004151",371994,2025-06-01 02:23:53,42.4002494812012,-8.92091846466064,"Female"
"9004151",371994,2025-06-01 02:28:53,42.4003105163574,-8.9208927154541,"Female"
"9004151",371994,2025-06-01 02:33:53,42.400318145752,-8.92106056213379,"Female"
"9004151",371994,2025-06-01 02:38:53,42.400318145752,-8.92121887207031,"Female"
"9004151",371994,2025-06-01 02:43:53,42.400505065918,-8.92096710205078,"Female"
"9004151",371994,2025-06-01 02:48:53,42.4005966186523,-8.92112350463867,"Female"
"9004151",371994,2025-06-01 02:53:53,42.4007339477539,-8.92106246948242,"Female"
"9004151",371994,2025-06-01 02:58:55,42.4004402160645,-8.92093753814697,"Female"
"9004151",371994,2025-06-01 03:03:56,42.4005928039551,-8.92095375061035,"Female"
"9004151",371994,2025-06-01 03:08:53,42.4002151489258,-8.92105674743652,"Female"
"9004151",371994,2025-06-01 03:14:12,42.4006118774414,-8.92118644714355,"Female"
"9004151",371994,2025-06-01 03:18:53,42.3998947143555,-8.92068290710449,"Female"
"9004151",371994,2025-06-01 03:23:54,42.3999443054199,-8.92064476013184,"Female"
"9004151",371994,2025-06-01 03:28:56,42.4005889892578,-8.92106151580811,"Female"
"9004151",371994,2025-06-01 03:33:56,42.4006538391113,-8.92109489440918,"Female"
"9004151",371994,2025-06-01 03:38:58,42.4006652832031,-8.9210844039917,"Female"
"9004151",371994,2025-06-01 03:43:56,42.4006500244141,-8.92098331451416,"Female"
"9004151",371994,2025-06-01 03:49:15,42.4001159667969,-8.92112922668457,"Female"
"9004151",371994,2025-06-01 03:53:53,42.4001274108887,-8.92128372192383,"Female"
"9004151",371994,2025-06-01 03:58:53,42.400203704834,-8.92103481292725,"Female"
"9004151",371994,2025-06-01 04:03:52,42.4001159667969,-8.92138195037842,"Female"
"9004151",371994,2025-06-01 04:08:52,42.4000778198242,-8.92139434814453,"Female"
"9004151",371994,2025-06-01 04:13:53,42.4001922607422,-8.92123603820801,"Female"
"9004151",371994,2025-06-01 04:18:55,42.4001045227051,-8.92143535614014,"Female"
"9004151",371994,2025-06-01 04:24:00,42.4001541137695,-8.92135906219482,"Female"
"9004151",371994,2025-06-01 04:28:54,42.3998832702637,-8.92095947265625,"Female"
"9004151",371994,2025-06-01 04:33:53,42.4001426696777,-8.92134571075439,"Female"
"9004151",371994,2025-06-01 04:38:56,42.4004554748535,-8.92122554779053,"Female"
"9004151",371994,2025-06-01 04:43:55,42.4004974365234,-8.92143440246582,"Female"
"9004151",371994,2025-06-01 04:49:14,42.4004898071289,-8.92113018035889,"Female"
"9004151",371994,2025-06-01 04:53:55,42.4006080627441,-8.92106628417969,"Female"
"9004151",371994,2025-06-01 04:58:53,42.4004707336426,-8.92120170593262,"Female"
"9004151",371994,2025-06-01 05:03:53,42.4005355834961,-8.9211540222168,"Female"
"9004151",371994,2025-06-01 05:08:55,42.4005889892578,-8.92109680175781,"Female"
"9004151",371994,2025-06-01 05:13:55,42.400691986084,-8.92106819152832,"Female"
"9004151",371994,2025-06-01 05:18:54,42.4008598327637,-8.9210090637207,"Female"
"9004151",371994,2025-06-01 05:23:53,42.4006385803223,-8.92106056213379,"Female"
"9004151",371994,2025-06-01 05:28:56,42.4006080627441,-8.9212760925293,"Female"
"9004151",371994,2025-06-01 05:33:53,42.4005546569824,-8.92126178741455,"Female"
"9004151",371994,2025-06-01 05:38:57,42.4010772705078,-8.92079067230225,"Female"
"9004151",371994,2025-06-01 05:44:09,42.4007759094238,-8.92008304595947,"Female"
"9004151",371994,2025-06-01 05:49:15,42.4006767272949,-8.92046451568604,"Female"
"9004151",371994,2025-06-01 05:54:02,42.4006042480469,-8.92070579528809,"Female"
"9004151",371994,2025-06-01 05:59:17,42.4007530212402,-8.92008399963379,"Female"
"9004151",371994,2025-06-01 06:04:14,42.4006500244141,-8.92041778564453,"Female"
"9004151",371994,2025-06-01 06:09:01,42.4005699157715,-8.92075729370117,"Female"
"9004151",371994,2025-06-01 06:13:53,42.4005889892578,-8.92072677612305,"Female"
"9004151",371994,2025-06-01 06:18:56,42.4005393981934,-8.92081069946289,"Female"
"9004151",371994,2025-06-01 06:24:01,42.3978462219238,-8.91984176635742,"Female"
"9004151",371994,2025-06-01 06:29:01,42.3984603881836,-8.90745067596436,"Female"
"9004151",371994,2025-06-01 06:34:01,42.398551940918,-8.90875911712646,"Female"
"9004151",371994,2025-06-01 06:39:19,42.3987693786621,-8.90385723114014,"Female"
"9004151",371994,2025-06-01 06:47:44,42.4029846191406,-8.8988037109375,"Female"
"9004151",371994,2025-06-01 06:53:41,42.4046249389648,-8.89838981628418,"Female"
"9004151",371994,2025-06-01 06:59:22,42.4037742614746,-8.89824771881104,"Female"
"9004151",371994,2025-06-01 07:04:31,42.4040145874023,-8.89819812774658,"Female"
"9004151",371994,2025-06-01 07:09:23,42.4142112731934,-8.90126800537109,"Female"
"9004151",371994,2025-06-01 07:14:22,42.4183158874512,-8.90189266204834,"Female"
"9004151",371994,2025-06-01 07:19:28,42.4236907958984,-8.90141296386719,"Female"
"9004151",371994,2025-06-01 07:24:22,42.4260673522949,-8.9034595489502,"Female"
"9004151",371994,2025-06-01 07:29:25,42.4484977722168,-8.92875671386719,"Female"
"9004151",371994,2025-06-01 07:34:44,42.4536933898926,-8.93553256988525,"Female"
"9004151",371994,2025-06-01 07:39:22,42.4622650146484,-8.94320869445801,"Female"
"9004151",371994,2025-06-01 07:44:22,42.4863204956055,-8.93604278564453,"Female"
"9004151",371994,2025-06-01 07:49:22,42.4971351623535,-8.91649723052979,"Female"
"9004151",371994,2025-06-01 07:54:21,42.4996871948242,-8.90629959106445,"Female"
"9004151",371994,2025-06-01 07:59:21,42.5150985717773,-8.8734188079834,"Female"
"9004151",371994,2025-06-01 08:04:25,42.5314254760742,-8.85120105743408,"Female"
"9004151",371994,2025-06-01 08:09:30,42.5321884155273,-8.85093307495117,"Female"
"9004151",371994,2025-06-01 08:14:44,42.5331916809082,-8.85067653656006,"Female"
"9004151",371994,2025-06-01 08:19:43,42.5334281921387,-8.84862232208252,"Female"
"9004151",371994,2025-06-01 08:24:43,42.5338897705078,-8.84806346893311,"Female"
"9004151",371994,2025-06-01 08:30:34,42.5349349975586,-8.84767723083496,"Female"
"9004151",371994,2025-06-01 08:35:30,42.5351409912109,-8.84773921966553,"Female"
"9004151",371994,2025-06-01 08:40:28,42.5341796875,-8.8481912612915,"Female"
"9004151",371994,2025-06-01 08:45:42,42.5331192016602,-8.84906387329102,"Female"
"9004151",371994,2025-06-01 08:51:15,42.5322875976562,-8.84915065765381,"Female"
"9004151",371994,2025-06-01 08:56:24,42.5326881408691,-8.84818744659424,"Female"
"9004151",371994,2025-06-01 09:03:52,42.5320358276367,-8.84875011444092,"Female"
"9004151",371994,2025-06-01 09:08:52,42.5321159362793,-8.84978008270264,"Female"
"9004151",371994,2025-06-01 09:14:18,42.5325126647949,-8.84833526611328,"Female"
"9004151",371994,2025-06-01 09:19:52,42.5337600708008,-8.84774398803711,"Female"
"9004151",371994,2025-06-01 09:24:58,42.5348129272461,-8.8470630645752,"Female"
"9004151",371994,2025-06-01 09:30:21,42.5357666015625,-8.84713363647461,"Female"
"9004151",371994,2025-06-01 09:35:45,42.5343589782715,-8.84796047210693,"Female"
"9004151",371994,2025-06-01 09:40:43,42.5338745117188,-8.84924125671387,"Female"
"9004151",371994,2025-06-01 09:47:14,42.5326118469238,-8.84889984130859,"Female"
"9004151",371994,2025-06-01 09:52:12,42.5331153869629,-8.84768962860107,"Female"
"9004151",371994,2025-06-01 09:57:54,42.5328140258789,-8.84938716888428,"Female"
"9004151",371994,2025-06-01 10:03:27,42.5322875976562,-8.85082244873047,"Female"
"9004151",371994,2025-06-01 10:08:31,42.5335159301758,-8.85000896453857,"Female"
"9004151",371994,2025-06-01 10:13:48,42.5329627990723,-8.84892654418945,"Female"
"9004151",371994,2025-06-01 10:18:49,42.5319480895996,-8.84809494018555,"Female"
"9004151",371994,2025-06-01 10:23:49,42.5328750610352,-8.84775352478027,"Female"
"9004151",371994,2025-06-01 10:29:14,42.5341682434082,-8.84777545928955,"Female"
"9004151",371994,2025-06-01 10:34:09,42.5332565307617,-8.84843444824219,"Female"
"9004151",371994,2025-06-01 10:39:20,42.5318984985352,-8.84849452972412,"Female"
"9004151",371994,2025-06-01 10:44:19,42.5307121276855,-8.84843063354492,"Female"
"9004151",371994,2025-06-01 10:49:31,42.5254669189453,-8.84692001342773,"Female"
"9004151",371994,2025-06-01 10:54:22,42.5252494812012,-8.84683704376221,"Female"
"9004151",371994,2025-06-01 10:59:20,42.524787902832,-8.84657955169678,"Female"
"9004151",371994,2025-06-01 11:04:20,42.5253982543945,-8.84667015075684,"Female"
"9004151",371994,2025-06-01 11:09:20,42.5261611938477,-8.84722232818604,"Female"
"9004151",371994,2025-06-01 11:14:20,42.5261993408203,-8.84731483459473,"Female"
"9004151",371994,2025-06-01 11:19:20,42.5263671875,-8.84737110137939,"Female"
"9004151",371994,2025-06-01 11:24:23,42.5261039733887,-8.84803295135498,"Female"
"9004151",371994,2025-06-01 11:29:21,42.5262031555176,-8.84788990020752,"Female"
"9004151",371994,2025-06-01 11:34:20,42.5265502929688,-8.8479585647583,"Female"
"9004151",371994,2025-06-01 11:39:30,42.5263633728027,-8.84718608856201,"Female"
"9004151",371994,2025-06-01 11:44:21,42.5262451171875,-8.84768676757812,"Female"
"9004151",371994,2025-06-01 11:49:19,42.5262756347656,-8.84771919250488,"Female"
"9004151",371994,2025-06-01 11:54:20,42.525577545166,-8.84925842285156,"Female"
"9004151",371994,2025-06-01 11:59:22,42.5253982543945,-8.84974956512451,"Female"
"9004151",371994,2025-06-01 12:04:20,42.5257225036621,-8.84888076782227,"Female"
"9004151",371994,2025-06-01 12:09:19,42.5261116027832,-8.84818077087402,"Female"
"9004151",371994,2025-06-01 12:14:19,42.526050567627,-8.8481273651123,"Female"
"9004151",371994,2025-06-01 12:19:19,42.5261917114258,-8.84786033630371,"Female"
"9004151",371994,2025-06-01 12:24:19,42.5264587402344,-8.84717464447021,"Female"
"9004151",371994,2025-06-01 12:29:19,42.5265159606934,-8.84697818756104,"Female"
"9004151",371994,2025-06-01 12:34:19,42.5264701843262,-8.8469934463501,"Female"
"9004151",371994,2025-06-01 12:39:19,42.5264587402344,-8.84705829620361,"Female"
"9004151",371994,2025-06-01 12:44:19,42.5264205932617,-8.84708213806152,"Female"
"9004151",371994,2025-06-01 12:49:22,42.5264854431152,-8.84690952301025,"Female"
"9004151",371994,2025-06-01 12:54:19,42.5264549255371,-8.84699440002441,"Female"
"9004151",371994,2025-06-01 12:59:19,42.5264892578125,-8.84710311889648,"Female"
"9004151",371994,2025-06-01 13:04:19,42.5264625549316,-8.84705638885498,"Female"
"9004151",371994,2025-06-01 13:09:19,42.5264549255371,-8.84713840484619,"Female"
"9004151",371994,2025-06-01 13:14:19,42.5264434814453,-8.84717845916748,"Female"
"9004151",371994,2025-06-01 13:19:19,42.5263786315918,-8.84724140167236,"Female"
"9004151",371994,2025-06-01 13:24:19,42.526424407959,-8.84714603424072,"Female"
"9004151",371994,2025-06-01 13:29:19,42.5263519287109,-8.84731101989746,"Female"
"9004151",371994,2025-06-01 13:34:19,42.526252746582,-8.84733867645264,"Female"
"9004151",371994,2025-06-01 13:39:19,42.5262298583984,-8.84737682342529,"Female"
"9004151",371994,2025-06-01 13:44:19,42.526252746582,-8.84748935699463,"Female"
"9004151",371994,2025-06-01 13:49:20,42.5260810852051,-8.84730243682861,"Female"
"9004151",371994,2025-06-01 13:54:19,42.525993347168,-8.84735298156738,"Female"
"9004151",371994,2025-06-01 13:59:19,42.5262451171875,-8.84761619567871,"Female"
"9004151",371994,2025-06-01 14:04:20,42.5257606506348,-8.84729862213135,"Female"
"9004151",371994,2025-06-01 14:09:19,42.5254287719727,-8.84758567810059,"Female"
"9004151",371994,2025-06-01 14:14:53,42.526050567627,-8.84740257263184,"Female"
"9004151",371994,2025-06-01 14:19:18,42.5259284973145,-8.84737491607666,"Female"
"9004151",371994,2025-06-01 14:24:19,42.5259666442871,-8.84743022918701,"Female"
"9004151",371994,2025-06-01 14:29:18,42.5259475708008,-8.84739112854004,"Female"
"9004151",371994,2025-06-01 14:34:18,42.5259590148926,-8.84742069244385,"Female"
"9004151",371994,2025-06-01 14:39:19,42.5259971618652,-8.84740161895752,"Female"
"9004151",371994,2025-06-01 14:44:19,42.5260009765625,-8.84744167327881,"Female"
"9004151",371994,2025-06-01 14:49:19,42.5259704589844,-8.84742164611816,"Female"
"9004151",371994,2025-06-01 14:54:18,42.5260124206543,-8.84745502471924,"Female"
"9004151",371994,2025-06-01 14:59:19,42.5259742736816,-8.84740829467773,"Female"
"9004151",371994,2025-06-01 15:04:54,42.5309829711914,-8.85024261474609,"Female"
"9004151",371994,2025-06-01 15:10:35,42.5322723388672,-8.84936141967773,"Female"
"9004151",371994,2025-06-01 15:15:53,42.5329132080078,-8.84836769104004,"Female"
"9004151",371994,2025-06-01 15:20:54,42.5335693359375,-8.84819507598877,"Female"
"9004151",371994,2025-06-01 15:25:54,42.5329322814941,-8.84905433654785,"Female"
"9004151",371994,2025-06-01 15:31:28,42.5327072143555,-8.8481388092041,"Female"
"9004151",371994,2025-06-01 15:36:29,42.5315971374512,-8.84775924682617,"Female"
"9004151",371994,2025-06-01 15:41:29,42.5259666442871,-8.84753608703613,"Female"
"9004151",371994,2025-06-01 15:46:29,42.525951385498,-8.8474588394165,"Female"
"9004151",371994,2025-06-01 15:51:29,42.525951385498,-8.84749221801758,"Female"
"9004151",371994,2025-06-01 15:56:29,42.5259132385254,-8.84742069244385,"Female"
"9004151",371994,2025-06-01 16:01:29,42.5260314941406,-8.84749412536621,"Female"
"9004151",371994,2025-06-01 16:06:29,42.5259590148926,-8.8474292755127,"Female"
"9004151",371994,2025-06-01 16:11:29,42.5260391235352,-8.84746932983398,"Female"
"9004151",371994,2025-06-01 16:16:29,42.5259895324707,-8.84749412536621,"Female"
"9004151",371994,2025-06-01 16:21:29,42.5260696411133,-8.8475227355957,"Female"
"9004151",371994,2025-06-01 16:26:44,42.5260696411133,-8.84752464294434,"Female"
"9004151",371994,2025-06-01 16:31:29,42.5261383056641,-8.84748363494873,"Female"
"9004151",371994,2025-06-01 16:36:29,42.5260887145996,-8.84747409820557,"Female"
"9004151",371994,2025-06-01 16:41:29,42.5260734558105,-8.84746360778809,"Female"
"9004151",371994,2025-06-01 16:46:29,42.5259666442871,-8.84750175476074,"Female"
"9004151",371994,2025-06-01 16:51:30,42.5260009765625,-8.84749221801758,"Female"
"9004151",371994,2025-06-01 16:56:29,42.5260391235352,-8.84747886657715,"Female"
"9004151",371994,2025-06-01 17:01:29,42.5259552001953,-8.84744644165039,"Female"
"9004151",371994,2025-06-01 17:06:29,42.5260391235352,-8.84743118286133,"Female"
"9004151",371994,2025-06-01 17:11:44,42.5260047912598,-8.84745502471924,"Female"
"9004151",371994,2025-06-01 17:16:28,42.5260887145996,-8.84748077392578,"Female"
"9004151",371994,2025-06-01 17:21:29,42.5260314941406,-8.84745979309082,"Female"
"9004151",371994,2025-06-01 17:26:29,42.5260772705078,-8.84746551513672,"Female"
"9004151",371994,2025-06-01 17:31:29,42.5260963439941,-8.84751987457275,"Female"
"9004151",371994,2025-06-01 17:36:29,42.525993347168,-8.84737968444824,"Female"
"9004151",371994,2025-06-01 17:41:29,42.5322265625,-8.85028076171875,"Female"
"9004151",371994,2025-06-01 17:54:54,42.5340194702148,-8.84749794006348,"Female"
"9004151",371994,2025-06-01 18:00:42,42.5352439880371,-8.84682464599609,"Female"
"9004151",371994,2025-06-01 18:05:32,42.5359725952148,-8.84561920166016,"Female"
"9004151",371994,2025-06-01 18:12:38,42.536792755127,-8.84707832336426,"Female"
"9004151",371994,2025-06-01 18:21:58,42.5370483398438,-8.8477954864502,"Female"
"9004151",371994,2025-06-01 18:27:46,42.535945892334,-8.84688282012939,"Female"
"9004151",371994,2025-06-01 18:32:46,42.5359535217285,-8.84712886810303,"Female"
"9004151",371994,2025-06-01 18:39:07,42.5344390869141,-8.84767150878906,"Female"
"9004151",371994,2025-06-01 18:44:30,42.5349655151367,-8.84715270996094,"Female"
"9004151",371994,2025-06-01 18:52:05,42.5329437255859,-8.84838199615479,"Female"
"9004151",371994,2025-06-01 18:56:00,42.5176544189453,-8.86541366577148,"Female"
"9004151",371994,2025-06-01 19:01:00,42.4831199645996,-8.91936206817627,"Female"
"9004151",371994,2025-06-01 19:06:35,42.4480400085449,-8.94111919403076,"Female"
"9004151",371994,2025-06-01 19:11:00,42.4468078613281,-8.94091987609863,"Female"
"9004151",371994,2025-06-01 19:16:00,42.4454803466797,-8.94049549102783,"Female"
"9004151",371994,2025-06-01 19:21:00,42.4006576538086,-8.92097282409668,"Female"
"9004151",371994,2025-06-01 19:26:00,42.4007186889648,-8.92100524902344,"Female"
"9004151",371994,2025-06-01 19:31:00,42.4003143310547,-8.9209508895874,"Female"
"9004151",371994,2025-06-01 19:36:00,42.4005088806152,-8.92101573944092,"Female"
"9004151",371994,2025-06-01 19:41:01,42.4006156921387,-8.92109394073486,"Female"
"9004151",371994,2025-06-01 19:46:02,42.4005393981934,-8.92109775543213,"Female"
"9004151",371994,2025-06-01 19:51:18,42.4004707336426,-8.92106246948242,"Female"
"9004151",371994,2025-06-01 19:56:02,42.4004745483398,-8.92116832733154,"Female"
"9004151",371994,2025-06-01 20:01:00,42.4004135131836,-8.92102909088135,"Female"
"9004151",371994,2025-06-01 20:06:00,42.4005432128906,-8.92106914520264,"Female"
"9004151",371994,2025-06-01 20:11:00,42.400691986084,-8.92101097106934,"Female"
"9004151",371994,2025-06-01 20:16:01,42.4005584716797,-8.92120933532715,"Female"
"9004151",371994,2025-06-01 20:21:00,42.4006004333496,-8.92115783691406,"Female"
"9004151",371994,2025-06-01 20:26:00,42.4005584716797,-8.92116069793701,"Female"
"9004151",371994,2025-06-01 20:31:00,42.4005661010742,-8.92116451263428,"Female"
"9004151",371994,2025-06-01 20:36:00,42.400634765625,-8.92111968994141,"Female"
"9004151",371994,2025-06-01 20:41:00,42.4006233215332,-8.92105674743652,"Female"
"9004151",371994,2025-06-01 20:46:00,42.4005355834961,-8.92116260528564,"Female"
"9004151",371994,2025-06-01 20:51:14,42.4005966186523,-8.92113971710205,"Female"
"9004151",371994,2025-06-01 20:56:03,42.4007110595703,-8.9210262298584,"Female"
"9004151",371994,2025-06-01 21:01:01,42.4011077880859,-8.92073822021484,"Female"
"9004151",371994,2025-06-01 21:06:08,42.4005699157715,-8.92111682891846,"Female"
"9004151",371994,2025-06-01 21:11:08,42.400764465332,-8.92095470428467,"Female"
"9004151",371994,2025-06-01 21:16:03,42.400562286377,-8.92113399505615,"Female"
"9004151",371994,2025-06-01 21:21:27,42.40087890625,-8.9207878112793,"Female"
"9004151",371994,2025-06-01 21:26:16,42.3998832702637,-8.92160892486572,"Female"
"9004151",371994,2025-06-01 21:31:35,42.4001197814941,-8.92152214050293,"Female"
"9004151",371994,2025-06-01 21:36:06,42.3999481201172,-8.92172336578369,"Female"
"9004151",371994,2025-06-01 21:41:12,42.4004058837891,-8.92167091369629,"Female"
"9004151",371994,2025-06-01 21:46:06,42.3999786376953,-8.92157173156738,"Female"
"9004151",371994,2025-06-01 21:51:06,42.399829864502,-8.92160511016846,"Female"
"9004151",371994,2025-06-01 21:56:08,42.3998832702637,-8.92149066925049,"Female"
"9004151",371994,2025-06-01 22:01:35,42.4002914428711,-8.92147350311279,"Female"
"9004151",371994,2025-06-01 22:05:59,42.4004096984863,-8.92166805267334,"Female"
"9004151",371994,2025-06-01 22:10:59,42.4004745483398,-8.92173767089844,"Female"
"9004151",371994,2025-06-01 22:15:59,42.4004058837891,-8.92164325714111,"Female"
"9004151",371994,2025-06-01 22:20:59,42.4004516601562,-8.92162895202637,"Female"
"9004151",371994,2025-06-01 22:25:59,42.400447845459,-8.92166519165039,"Female"
"9004151",371994,2025-06-01 22:30:59,42.4004364013672,-8.92164707183838,"Female"
"9004151",371994,2025-06-01 22:35:59,42.4004592895508,-8.921706199646,"Female"
"9004151",371994,2025-06-01 22:40:59,42.400390625,-8.92168807983398,"Female"
"9004151",371994,2025-06-01 22:45:59,42.4004592895508,-8.92172050476074,"Female"
"9004151",371994,2025-06-01 22:50:59,42.4003753662109,-8.921706199646,"Female"
"9004151",371994,2025-06-01 22:56:00,42.4004936218262,-8.92157649993896,"Female"
"9004151",371994,2025-06-01 23:01:00,42.4004554748535,-8.92161273956299,"Female"
"9004151",371994,2025-06-01 23:06:00,42.4004745483398,-8.92155456542969,"Female"
"9004151",371994,2025-06-01 23:11:00,42.400333404541,-8.9216251373291,"Female"
"9004151",371994,2025-06-01 23:15:59,42.4003295898438,-8.92165565490723,"Female"
"9004151",371994,2025-06-01 23:20:59,42.4003486633301,-8.92167949676514,"Female"
"9004151",371994,2025-06-01 23:26:12,42.3987121582031,-8.92148971557617,"Female"
"9004151",371994,2025-06-01 23:31:01,42.400276184082,-8.92168235778809,"Female"
"9004151",371994,2025-06-01 23:36:32,42.4004783630371,-8.92098140716553,"Female"
"9004151",371994,2025-06-01 23:41:00,42.4003067016602,-8.92118740081787,"Female"
"9004151",371994,2025-06-01 23:46:06,42.4004592895508,-8.92100811004639,"Female"
"9004151",371994,2025-06-01 23:51:05,42.4003944396973,-8.9210958480835,"Female"
"9004151",371994,2025-06-01 23:56:01,42.4003410339355,-8.92104911804199,"Female"
"9004151",371994,2025-06-02 00:01:08,42.4003067016602,-8.92116069793701,"Female"
"9004151",371994,2025-06-02 00:06:10,42.4003753662109,-8.92115783691406,"Female"
"9004151",371994,2025-06-02 00:10:59,42.4003791809082,-8.92110252380371,"Female"
"9004151",371994,2025-06-02 00:16:00,42.4003982543945,-8.92095565795898,"Female"
"9004151",371994,2025-06-02 00:20:59,42.4003486633301,-8.92101955413818,"Female"
"9004151",371994,2025-06-02 00:26:00,42.4003639221191,-8.9210844039917,"Female"
"9004151",371994,2025-06-02 00:31:00,42.4004249572754,-8.92105197906494,"Female"
"9004151",371994,2025-06-02 00:36:00,42.4004173278809,-8.92111682891846,"Female"
"9004151",371994,2025-06-02 00:41:00,42.4004364013672,-8.92111587524414,"Female"
"9004151",371994,2025-06-02 00:46:02,42.4005393981934,-8.921217918396,"Female"
"9004151",371994,2025-06-02 00:51:07,42.4005508422852,-8.92099761962891,"Female"
"9004151",371994,2025-06-02 00:56:07,42.3995513916016,-8.9213285446167,"Female"
"9004151",371994,2025-06-02 01:01:09,42.4004783630371,-8.92097473144531,"Female"
"9004151",371994,2025-06-02 01:06:00,42.4004364013672,-8.92110538482666,"Female"
"9004151",371994,2025-06-02 01:11:14,42.4004096984863,-8.9210901260376,"Female"
"9004151",371994,2025-06-02 01:16:00,42.4003753662109,-8.92098617553711,"Female"
"9004151",371994,2025-06-02 01:21:00,42.4000244140625,-8.9208288192749,"Female"
"9004151",371994,2025-06-02 01:26:00,42.4005546569824,-8.92105770111084,"Female"
"9004151",371994,2025-06-02 01:31:03,42.4004325866699,-8.92115592956543,"Female"
"9004151",371994,2025-06-02 01:36:03,42.4001388549805,-8.92148208618164,"Female"
"9004151",371994,2025-06-02 01:41:03,42.4000282287598,-8.92100620269775,"Female"
"9004151",371994,2025-06-02 01:46:12,42.4005088806152,-8.92078113555908,"Female"
"9004151",371994,2025-06-02 01:51:02,42.4000816345215,-8.92074012756348,"Female"
"9004151",371994,2025-06-02 01:56:01,42.3996696472168,-8.92077732086182,"Female"
"9004151",371994,2025-06-02 02:01:06,42.4004249572754,-8.92091369628906,"Female"
"9004151",371994,2025-06-02 02:06:09,42.4004364013672,-8.92088317871094,"Female"
"9004151",371994,2025-06-02 02:11:09,42.4004173278809,-8.92104721069336,"Female"
"9004151",371994,2025-06-02 02:16:09,42.4004287719727,-8.92100811004639,"Female"
"9004151",371994,2025-06-02 02:21:09,42.400520324707,-8.9210319519043,"Female"
"9004151",371994,2025-06-02 02:26:12,42.4005661010742,-8.92127418518066,"Female"
"9004151",371994,2025-06-02 02:31:13,42.4004516601562,-8.92129516601562,"Female"
"9004151",371994,2025-06-02 02:36:06,42.4004440307617,-8.92119979858398,"Female"
"9004151",371994,2025-06-02 02:41:02,42.4003448486328,-8.92024707794189,"Female"
"9004151",371994,2025-06-02 02:46:09,42.4007339477539,-8.92065906524658,"Female"
"9004151",371994,2025-06-02 02:51:03,42.4004211425781,-8.92037391662598,"Female"
"9004151",371994,2025-06-02 02:56:09,42.4007186889648,-8.92069530487061,"Female"
"9004151",371994,2025-06-02 03:01:04,42.4006500244141,-8.92087364196777,"Female"
"9004151",371994,2025-06-02 03:06:08,42.4004859924316,-8.92077922821045,"Female"
"9004151",371994,2025-06-02 03:11:09,42.400577545166,-8.92069625854492,"Female"
"9004151",371994,2025-06-02 03:16:14,42.4005393981934,-8.92074871063232,"Female"
"9004151",371994,2025-06-02 03:21:09,42.4005851745605,-8.92077732086182,"Female"
"9004151",371994,2025-06-02 03:26:09,42.4005851745605,-8.92071723937988,"Female"
"9004151",371994,2025-06-02 03:31:08,42.4005508422852,-8.92097282409668,"Female"
"9004151",371994,2025-06-02 03:36:14,42.4006042480469,-8.92096996307373,"Female"
"9004151",371994,2025-06-02 03:41:09,42.4005928039551,-8.92104721069336,"Female"
"9004151",371994,2025-06-02 03:46:03,42.4007453918457,-8.9205436706543,"Female"
"9004151",371994,2025-06-02 03:51:09,42.4006767272949,-8.92111968994141,"Female"
"9004151",371994,2025-06-02 03:56:31,42.400691986084,-8.92100143432617,"Female"
"9004151",371994,2025-06-02 04:00:59,42.4005317687988,-8.92086601257324,"Female"
"9004151",371994,2025-06-02 04:06:01,42.4006996154785,-8.92105674743652,"Female"
"9004151",371994,2025-06-02 04:10:59,42.4005584716797,-8.92113399505615,"Female"
"9004151",371994,2025-06-02 04:15:59,42.4006042480469,-8.92105293273926,"Female"
"9004151",371994,2025-06-02 04:20:59,42.400577545166,-8.92105197906494,"Female"
"9004151",371994,2025-06-02 04:25:59,42.400577545166,-8.9211950302124,"Female"
"9004151",371994,2025-06-02 04:31:00,42.4005355834961,-8.92105388641357,"Female"
"9004151",371994,2025-06-02 04:36:01,42.4005966186523,-8.921142578125,"Female"
"9004151",371994,2025-06-02 04:40:59,42.4005508422852,-8.92127513885498,"Female"
"9004151",371994,2025-06-02 04:46:01,42.4004745483398,-8.92129516601562,"Female"
"9004151",371994,2025-06-02 04:51:08,42.4004287719727,-8.92109203338623,"Female"
"9004151",371994,2025-06-02 04:56:03,42.4004249572754,-8.92116737365723,"Female"
"9004151",371994,2025-06-02 05:01:09,42.4004592895508,-8.92114448547363,"Female"
"9004151",371994,2025-06-02 05:06:04,42.4004249572754,-8.92104530334473,"Female"
"9004151",371994,2025-06-02 05:11:14,42.4004135131836,-8.92104244232178,"Female"
"9004151",371994,2025-06-02 05:16:00,42.4003486633301,-8.92110729217529,"Female"
"9004151",371994,2025-06-02 05:21:00,42.4003753662109,-8.92114925384521,"Female"
"9004151",371994,2025-06-02 05:26:00,42.4004325866699,-8.92110061645508,"Female"
"9004151",371994,2025-06-02 05:31:00,42.4004287719727,-8.92111110687256,"Female"
"9004151",371994,2025-06-02 05:36:07,42.400520324707,-8.92100715637207,"Female"
"9004151",371994,2025-06-02 05:41:07,42.400390625,-8.92107677459717,"Female"
"9004151",371994,2025-06-02 05:46:15,42.4003982543945,-8.92112827301025,"Female"
"9004151",371994,2025-06-02 05:51:00,42.4003715515137,-8.92125225067139,"Female"
"9004151",371994,2025-06-02 05:56:01,42.4003868103027,-8.9219217300415,"Female"
"9004151",371994,2025-06-02 06:01:00,42.4003944396973,-8.92139530181885,"Female"
"9004151",371994,2025-06-02 06:06:02,42.4004058837891,-8.92130756378174,"Female"
"9004151",371994,2025-06-02 06:11:00,42.4006614685059,-8.92066192626953,"Female"
"9004151",371994,2025-06-02 06:15:59,42.4003257751465,-8.92138862609863,"Female"
"9004151",371994,2025-06-02 06:21:03,42.4003753662109,-8.92129421234131,"Female"
"9004151",371994,2025-06-02 06:26:03,42.4004516601562,-8.92118263244629,"Female"
"9004151",371994,2025-06-02 06:32:24,42.4004325866699,-8.92102241516113,"Female"
"9004151",371994,2025-06-02 06:35:59,42.4004364013672,-8.92042064666748,"Female"
"9004151",371994,2025-06-02 06:41:01,42.4004211425781,-8.92122268676758,"Female"
"9004151",371994,2025-06-02 06:46:02,42.4002952575684,-8.92120265960693,"Female"
"9004151",371994,2025-06-02 06:51:03,42.4005699157715,-8.92123317718506,"Female"
"9004151",371994,2025-06-02 06:56:01,42.4056968688965,-8.92003726959229,"Female"
"9004151",371994,2025-06-02 07:01:03,42.4295997619629,-8.92585849761963,"Female"
"9004151",371994,2025-06-02 07:06:04,42.4564399719238,-8.93797492980957,"Female"
"9004151",371994,2025-06-02 07:11:04,42.4839820861816,-8.93638801574707,"Female"
"9004151",371994,2025-06-02 07:16:01,42.4918937683105,-8.9326057434082,"Female"
"9004151",371994,2025-06-02 07:21:02,42.4936828613281,-8.92560577392578,"Female"
"9004151",371994,2025-06-02 07:26:01,42.4978446960449,-8.90729522705078,"Female"
"9004151",371994,2025-06-02 07:31:14,42.5029792785645,-8.89077949523926,"Female"
"9004151",371994,2025-06-02 07:35:59,42.5127258300781,-8.87100410461426,"Female"
"9004151",371994,2025-06-02 07:41:01,42.5220336914062,-8.85955715179443,"Female"
"9004151",371994,2025-06-02 07:46:33,42.5317344665527,-8.8509407043457,"Female"
"9004151",371994,2025-06-02 07:51:30,42.5329704284668,-8.84951114654541,"Female"
"9004151",371994,2025-06-02 07:57:19,42.5340614318848,-8.84835910797119,"Female"
"9004151",371994,2025-06-02 08:02:18,42.5349731445312,-8.84810733795166,"Female"
"9004151",371994,2025-06-02 08:07:51,42.5359306335449,-8.84757995605469,"Female"
"9004151",371994,2025-06-02 08:13:06,42.5368041992188,-8.84762668609619,"Female"
"9004151",371994,2025-06-02 08:28:15,42.5393486022949,-8.8472318649292,"Female"
"9004151",371994,2025-06-02 08:34:03,42.5375862121582,-8.84741306304932,"Female"
"9004151",371994,2025-06-02 08:38:54,42.5365142822266,-8.84839344024658,"Female"
"9004151",371994,2025-06-02 08:44:01,42.5355377197266,-8.84835815429688,"Female"
"9004151",371994,2025-06-02 08:49:18,42.5350074768066,-8.84853935241699,"Female"
"9004151",371994,2025-06-02 08:54:18,42.5339546203613,-8.84794616699219,"Female"
"9004151",371994,2025-06-02 08:59:40,42.5343017578125,-8.84751987457275,"Female"
"9004151",371994,2025-06-02 09:05:02,42.5350074768066,-8.8475227355957,"Female"
"9004151",371994,2025-06-02 09:10:02,42.5361289978027,-8.84779930114746,"Female"
"9004151",371994,2025-06-02 09:15:48,42.5357894897461,-8.8485631942749,"Female"
"9004151",371994,2025-06-02 09:21:14,42.5342979431152,-8.84889602661133,"Female"
"9004151",371994,2025-06-02 09:26:47,42.5340690612793,-8.85134696960449,"Female"
"9004151",371994,2025-06-02 09:32:20,42.5345764160156,-8.85107517242432,"Female"
"9004151",371994,2025-06-02 09:37:20,42.5334663391113,-8.84983158111572,"Female"
"9004151",371994,2025-06-02 09:42:54,42.5328903198242,-8.84791469573975,"Female"
"9004151",371994,2025-06-02 09:48:39,42.5318908691406,-8.84881687164307,"Female"
"9004151",371994,2025-06-02 09:53:58,42.5307312011719,-8.84842967987061,"Female"
"9004151",371994,2025-06-02 09:58:58,42.5300636291504,-8.84826946258545,"Female"
"9004151",371994,2025-06-02 10:03:58,42.5257682800293,-8.84746646881104,"Female"
"9004151",371994,2025-06-02 10:08:58,42.5258178710938,-8.84750938415527,"Female"
"9004151",371994,2025-06-02 10:14:01,42.5260124206543,-8.84748649597168,"Female"
"9004151",371994,2025-06-02 10:19:04,42.5259819030762,-8.84747409820557,"Female"
"9004151",371994,2025-06-02 10:24:06,42.5260810852051,-8.84749412536621,"Female"
"9004151",371994,2025-06-02 10:29:06,42.525993347168,-8.84750461578369,"Female"
"9004151",371994,2025-06-02 10:34:06,42.5259628295898,-8.84749794006348,"Female"
"9004151",371994,2025-06-02 10:39:06,42.526123046875,-8.84746551513672,"Female"
"9004151",371994,2025-06-02 10:44:06,42.526008605957,-8.84751987457275,"Female"
"9004151",371994,2025-06-02 10:49:06,42.5260162353516,-8.84750175476074,"Female"
"9004151",371994,2025-06-02 10:54:06,42.5259628295898,-8.8474760055542,"Female"
"9004151",371994,2025-06-02 10:59:06,42.5259780883789,-8.8474645614624,"Female"
"9004151",371994,2025-06-02 11:04:14,42.5259246826172,-8.84750366210938,"Female"
"9004151",371994,2025-06-02 11:08:58,42.5258979797363,-8.8474063873291,"Female"
"9004151",371994,2025-06-02 11:13:58,42.5259284973145,-8.84749031066895,"Female"
"9004151",371994,2025-06-02 11:18:58,42.5259284973145,-8.84745216369629,"Female"
"9004151",371994,2025-06-02 11:23:58,42.5259742736816,-8.84749603271484,"Female"
"9004151",371994,2025-06-02 11:28:58,42.5259399414062,-8.84749889373779,"Female"
"9004151",371994,2025-06-02 11:33:58,42.5257606506348,-8.84747314453125,"Female"
"9004151",371994,2025-06-02 11:38:58,42.5259056091309,-8.84743022918701,"Female"
"9004151",371994,2025-06-02 11:43:58,42.5259399414062,-8.8474178314209,"Female"
"9004151",371994,2025-06-02 11:49:08,42.5259475708008,-8.84749603271484,"Female"
"9004151",371994,2025-06-02 11:54:08,42.5259246826172,-8.84749507904053,"Female"
"9004151",371994,2025-06-02 11:59:08,42.5259666442871,-8.8474702835083,"Female"
"9004151",371994,2025-06-02 12:04:14,42.5260391235352,-8.84746646881104,"Female"
"9004151",371994,2025-06-02 12:08:58,42.5262641906738,-8.84736442565918,"Female"
"9004151",371994,2025-06-02 12:14:00,42.5256500244141,-8.8474178314209,"Female"
"9004151",371994,2025-06-02 12:18:59,42.5255393981934,-8.8473596572876,"Female"
"9004151",371994,2025-06-02 12:23:59,42.5261917114258,-8.84755325317383,"Female"
"9004151",371994,2025-06-02 12:28:58,42.5295906066895,-8.85069751739502,"Female"
"9004151",371994,2025-06-02 12:34:04,42.5320854187012,-8.85033416748047,"Female"
"9004151",371994,2025-06-02 12:39:25,42.5331268310547,-8.84843730926514,"Female"
"9004151",371994,2025-06-02 12:44:24,42.534595489502,-8.84797859191895,"Female"
"9004151",371994,2025-06-02 13:01:16,42.5374336242676,-8.8474760055542,"Female"
"9004151",371994,2025-06-02 13:06:29,42.5369491577148,-8.84618377685547,"Female"
"9004151",371994,2025-06-02 13:11:36,42.5362396240234,-8.84634590148926,"Female"
"9004151",371994,2025-06-02 13:16:30,42.5353240966797,-8.84670639038086,"Female"
"9004151",371994,2025-06-02 13:21:35,42.5345611572266,-8.84713077545166,"Female"
"9004151",371994,2025-06-02 13:27:05,42.533576965332,-8.84776306152344,"Female"
"9004151",371994,2025-06-02 13:31:56,42.5325469970703,-8.84879493713379,"Female"
"9004151",371994,2025-06-02 13:37:28,42.5327377319336,-8.84761142730713,"Female"
"9004151",371994,2025-06-02 13:42:34,42.5337448120117,-8.847825050354,"Female"
"9004151",371994,2025-06-02 13:47:46,42.5352554321289,-8.84730339050293,"Female"
"9004151",371994,2025-06-02 13:53:07,42.5364952087402,-8.84705066680908,"Female"
"9004151",371994,2025-06-02 13:58:33,42.5376052856445,-8.84728908538818,"Female"
"9004151",371994,2025-06-02 14:03:32,42.5377807617188,-8.84750652313232,"Female"
"9004151",371994,2025-06-02 14:09:08,42.5363540649414,-8.84827899932861,"Female"
"9004151",371994,2025-06-02 14:14:04,42.5327644348145,-8.85031414031982,"Female"
"9004151",371994,2025-06-02 14:19:06,42.5260047912598,-8.84724903106689,"Female"
"9004151",371994,2025-06-02 14:24:04,42.5259552001953,-8.8471851348877,"Female"
"9004151",371994,2025-06-02 14:29:06,42.526008605957,-8.847243309021,"Female"
"9004151",371994,2025-06-02 14:34:06,42.5259895324707,-8.84723567962646,"Female"
"9004151",371994,2025-06-02 14:39:04,42.526008605957,-8.84724426269531,"Female"
"9004151",371994,2025-06-02 14:44:06,42.526008605957,-8.84723949432373,"Female"
"9004151",371994,2025-06-02 14:49:04,42.5260124206543,-8.84723472595215,"Female"
"9004151",371994,2025-06-02 14:54:06,42.5260314941406,-8.84719467163086,"Female"
"9004151",371994,2025-06-02 14:59:07,42.5260620117188,-8.8472261428833,"Female"
"9004151",371994,2025-06-02 15:04:09,42.5260162353516,-8.84715270996094,"Female"
"9004151",371994,2025-06-02 15:09:07,42.526050567627,-8.84717273712158,"Female"
"9004151",371994,2025-06-02 15:14:09,42.5260581970215,-8.84716796875,"Female"
"9004151",371994,2025-06-02 15:19:09,42.5260353088379,-8.84710693359375,"Female"
"9004151",371994,2025-06-02 15:24:08,42.5260391235352,-8.84708881378174,"Female"
"9004151",371994,2025-06-02 15:29:07,42.5260238647461,-8.84710216522217,"Female"
"9004151",371994,2025-06-02 15:34:07,42.5260162353516,-8.84713172912598,"Female"
"9004151",371994,2025-06-02 15:39:09,42.5260162353516,-8.84708690643311,"Female"
"9004151",371994,2025-06-02 15:44:10,42.5271606445312,-8.84916496276855,"Female"
"9004151",371994,2025-06-02 15:49:35,42.5318450927734,-8.85098838806152,"Female"
"9004151",371994,2025-06-02 15:56:32,42.532886505127,-8.84924030303955,"Female"
"9004151",371994,2025-06-02 16:04:12,42.534553527832,-8.84817314147949,"Female"
"9004151",371994,2025-06-02 16:11:19,42.5358123779297,-8.84822940826416,"Female"
"9004151",371994,2025-06-02 16:20:56,42.5339126586914,-8.84756946563721,"Female"
"9004151",371994,2025-06-02 16:26:34,42.5349388122559,-8.84658813476562,"Female"
"9004151",371994,2025-06-02 16:32:11,42.5359878540039,-8.84682846069336,"Female"
"9004151",371994,2025-06-02 16:38:58,42.5349082946777,-8.8479175567627,"Female"
"9004151",371994,2025-06-02 16:43:57,42.5334129333496,-8.84792137145996,"Female"
"9004151",371994,2025-06-02 17:08:23,42.5317840576172,-8.84889221191406,"Female"
"9004151",371994,2025-06-02 17:14:43,42.5322418212891,-8.84769248962402,"Female"
"9004151",371994,2025-06-02 17:23:11,42.5303955078125,-8.84927940368652,"Female"
"9004151",371994,2025-06-02 17:28:09,42.5298347473145,-8.85073661804199,"Female"
"9004151",371994,2025-06-02 17:33:55,42.5298843383789,-8.85172843933105,"Female"
"9004151",371994,2025-06-02 17:43:28,42.5296936035156,-8.85083675384521,"Female"
"9004151",371994,2025-06-02 17:51:13,42.5292282104492,-8.85208511352539,"Female"
"9004151",371994,2025-06-02 17:56:04,42.5274314880371,-8.85624504089355,"Female"
"9004151",371994,2025-06-02 18:01:10,42.5085144042969,-8.87814807891846,"Female"
"9004151",371994,2025-06-02 18:06:02,42.5034828186035,-8.88720512390137,"Female"
"9004151",371994,2025-06-02 18:11:02,42.5034255981445,-8.88723659515381,"Female"
"9004151",371994,2025-06-02 18:16:02,42.5034141540527,-8.88706207275391,"Female"
"9004151",371994,2025-06-02 18:21:03,42.5034141540527,-8.88726043701172,"Female"
"9004151",371994,2025-06-02 18:26:02,42.5033569335938,-8.88669586181641,"Female"
"9004151",371994,2025-06-02 18:31:06,42.5031547546387,-8.88650131225586,"Female"
"9004151",371994,2025-06-02 18:36:04,42.5029258728027,-8.88685512542725,"Female"
"9004151",371994,2025-06-02 18:41:09,42.5030364990234,-8.88663196563721,"Female"
"9004151",371994,2025-06-02 18:46:35,42.503360748291,-8.88720607757568,"Female"
"9004151",371994,2025-06-02 18:51:01,42.4921073913574,-8.90878963470459,"Female"
"9004151",371994,2025-06-02 18:56:01,42.4557800292969,-8.94380950927734,"Female"
"9004151",371994,2025-06-02 19:01:01,42.4055328369141,-8.92492389678955,"Female"
"9004151",371994,2025-06-02 19:06:02,42.4004402160645,-8.92104911804199,"Female"
"9004151",371994,2025-06-02 19:11:01,42.4004096984863,-8.921067237854,"Female"
"9004151",371994,2025-06-02 19:16:01,42.4004364013672,-8.92101860046387,"Female"
"9004151",371994,2025-06-02 19:21:01,42.4004096984863,-8.92103004455566,"Female"
"9004151",371994,2025-06-02 19:26:01,42.4004325866699,-8.92104339599609,"Female"
"9004151",371994,2025-06-02 19:31:01,42.4003677368164,-8.92101001739502,"Female"
"9004151",371994,2025-06-02 19:36:01,42.4004325866699,-8.92113590240479,"Female"
"9004151",371994,2025-06-02 19:41:07,42.4004096984863,-8.92104530334473,"Female"
"9004151",371994,2025-06-02 19:46:01,42.4004135131836,-8.92117023468018,"Female"
"9004151",371994,2025-06-02 19:51:02,42.4004859924316,-8.92099952697754,"Female"
"9004151",371994,2025-06-02 19:56:01,42.4003791809082,-8.92101955413818,"Female"
"9004151",371994,2025-06-02 20:01:01,42.4004707336426,-8.92116832733154,"Female"
"9004151",371994,2025-06-02 20:06:02,42.4004745483398,-8.92116928100586,"Female"
"9004151",371994,2025-06-02 20:11:02,42.4005126953125,-8.92113399505615,"Female"
"9004151",371994,2025-06-02 20:16:02,42.4004402160645,-8.92107582092285,"Female"
"9004151",371994,2025-06-02 20:21:02,42.4005546569824,-8.9211254119873,"Female"
"9004151",371994,2025-06-02 20:26:03,42.4004096984863,-8.92095565795898,"Female"
"9004151",371994,2025-06-02 20:31:03,42.4004821777344,-8.92083072662354,"Female"
"9004151",371994,2025-06-02 20:36:04,42.4004096984863,-8.92108058929443,"Female"
"9004151",371994,2025-06-02 20:41:02,42.4005737304688,-8.9212818145752,"Female"
"9004151",371994,2025-06-02 20:46:03,42.4004936218262,-8.92120838165283,"Female"
"9004151",371994,2025-06-02 20:51:03,42.400505065918,-8.9212646484375,"Female"
"9004151",371994,2025-06-02 20:56:03,42.4004554748535,-8.92117691040039,"Female"
"9004151",371994,2025-06-02 21:01:15,42.4004402160645,-8.92100524902344,"Female"
"9004151",371994,2025-06-02 21:06:06,42.4002914428711,-8.92112827301025,"Female"
"9004151",371994,2025-06-02 21:11:10,42.4000244140625,-8.92213916778564,"Female"
"9004151",371994,2025-06-02 21:16:07,42.4003677368164,-8.92113876342773,"Female"
"9004151",371994,2025-06-02 21:21:04,42.400390625,-8.92093086242676,"Female"
"9004151",371994,2025-06-02 21:26:03,42.4002876281738,-8.92039203643799,"Female"
"9004151",371994,2025-06-02 21:31:08,42.4002914428711,-8.92172241210938,"Female"
"9004151",371994,2025-06-02 21:36:02,42.4004707336426,-8.92154502868652,"Female"
"9004151",371994,2025-06-02 21:41:09,42.4004974365234,-8.92120838165283,"Female"
"9004151",371994,2025-06-02 21:46:10,42.4004516601562,-8.92126655578613,"Female"
"9004151",371994,2025-06-02 21:51:01,42.4004096984863,-8.9210205078125,"Female"
"9004151",371994,2025-06-02 21:56:03,42.4005393981934,-8.92097759246826,"Female"
"9004151",371994,2025-06-02 22:01:02,42.4005317687988,-8.92107009887695,"Female"
"9004151",371994,2025-06-02 22:06:02,42.4004898071289,-8.92103958129883,"Female"
"9004151",371994,2025-06-02 22:11:02,42.4005279541016,-8.9210033416748,"Female"
"9004151",371994,2025-06-02 22:16:11,42.400390625,-8.92098999023438,"Female"
"9004151",371994,2025-06-02 22:21:08,42.4003715515137,-8.92090129852295,"Female"
"9004151",371994,2025-06-02 22:26:04,42.4004364013672,-8.92122364044189,"Female"
"9004151",371994,2025-06-02 22:31:10,42.4003295898438,-8.92063808441162,"Female"
"9004151",371994,2025-06-02 22:36:11,42.400333404541,-8.92089653015137,"Female"
"9004151",371994,2025-06-02 22:41:07,42.4003295898438,-8.92086029052734,"Female"
"9004151",371994,2025-06-02 22:46:06,42.4003524780273,-8.92089462280273,"Female"
"9004151",371994,2025-06-02 22:51:06,42.4003219604492,-8.92087554931641,"Female"
"9004151",371994,2025-06-02 22:56:09,42.4003067016602,-8.92105674743652,"Female"
"9004151",371994,2025-06-02 23:01:09,42.4003410339355,-8.92097187042236,"Female"
"9004151",371994,2025-06-02 23:06:09,42.4001388549805,-8.92090129852295,"Female"
"9004151",371994,2025-06-02 23:11:09,42.4002456665039,-8.9209041595459,"Female"
"9004151",371994,2025-06-02 23:16:08,42.4000930786133,-8.92069149017334,"Female"
"9004151",371994,2025-06-02 23:21:14,42.4001770019531,-8.92101573944092,"Female"
"9004151",371994,2025-06-02 23:26:04,42.4002227783203,-8.92104339599609,"Female"
"9004151",371994,2025-06-02 23:31:02,42.4000205993652,-8.92051124572754,"Female"
"9004151",371994,2025-06-02 23:36:14,42.4003486633301,-8.92107391357422,"Female"
"9004151",371994,2025-06-02 23:41:03,42.4003410339355,-8.92136669158936,"Female"
"9004151",371994,2025-06-02 23:46:02,42.4004821777344,-8.92215728759766,"Female"
"9004151",371994,2025-06-02 23:51:04,42.400318145752,-8.9210033416748,"Female"
"9004151",371994,2025-06-02 23:56:06,42.4002914428711,-8.92107486724854,"Female"
"9004151",371994,2025-06-03 00:01:14,42.4003410339355,-8.92095756530762,"Female"
"9004151",371994,2025-06-03 00:06:09,42.4003639221191,-8.92087173461914,"Female"
"9004151",371994,2025-06-03 00:11:08,42.4003295898438,-8.92091464996338,"Female"
"9004151",371994,2025-06-03 00:16:09,42.4003372192383,-8.92099857330322,"Female"
"9004151",371994,2025-06-03 00:21:07,42.4003486633301,-8.92097473144531,"Female"
"9004151",371994,2025-06-03 00:26:07,42.4003677368164,-8.92106151580811,"Female"
"9004151",371994,2025-06-03 00:31:08,42.4003410339355,-8.92106246948242,"Female"
"9004151",371994,2025-06-03 00:36:09,42.4003715515137,-8.92103576660156,"Female"
"9004151",371994,2025-06-03 00:41:09,42.4004058837891,-8.92118740081787,"Female"
"9004151",371994,2025-06-03 00:46:35,42.4004287719727,-8.92110443115234,"Female"
"9004151",371994,2025-06-03 00:51:01,42.4004135131836,-8.92117214202881,"Female"
"9004151",371994,2025-06-03 00:56:12,42.4004211425781,-8.92124080657959,"Female"
"9004151",371994,2025-06-03 01:01:01,42.4004020690918,-8.92108917236328,"Female"
"9004151",371994,2025-06-03 01:06:01,42.4003982543945,-8.92106819152832,"Female"
"9004151",371994,2025-06-03 01:11:01,42.4004440307617,-8.92104625701904,"Female"
"9004151",371994,2025-06-03 01:16:01,42.400390625,-8.92116355895996,"Female"
"9004151",371994,2025-06-03 01:21:03,42.400447845459,-8.9210901260376,"Female"
"9004151",371994,2025-06-03 01:26:01,42.4005165100098,-8.92106151580811,"Female"
"9004151",371994,2025-06-03 01:31:03,42.4004211425781,-8.92110538482666,"Female"
"9004151",371994,2025-06-03 01:36:02,42.4003219604492,-8.92110443115234,"Female"
"9004151",371994,2025-06-03 01:41:02,42.4005165100098,-8.92107582092285,"Female"
"9004151",371994,2025-06-03 01:46:01,42.400463104248,-8.92107963562012,"Female"
"9004151",371994,2025-06-03 01:51:02,42.4003448486328,-8.92110157012939,"Female"
"9004151",371994,2025-06-03 01:56:02,42.4004173278809,-8.92106628417969,"Female"
"9004151",371994,2025-06-03 02:01:01,42.4003829956055,-8.92110252380371,"Female"
"9004151",371994,2025-06-03 02:06:01,42.4003982543945,-8.92102527618408,"Female"
"9004151",371994,2025-06-03 02:11:01,42.4004440307617,-8.9210844039917,"Female"
"9004151",371994,2025-06-03 02:16:03,42.4004173278809,-8.92101860046387,"Female"
"9004151",371994,2025-06-03 02:21:01,42.4005165100098,-8.92101001739502,"Female"
"9004151",371994,2025-06-03 02:26:09,42.4003295898438,-8.92104339599609,"Female"
"9004151",371994,2025-06-03 02:31:13,42.4005355834961,-8.92112064361572,"Female"
"9004151",371994,2025-06-03 02:36:01,42.4003524780273,-8.92102718353271,"Female"
"9004151",371994,2025-06-03 02:41:01,42.4006004333496,-8.92106151580811,"Female"
"9004151",371994,2025-06-03 02:46:01,42.4005393981934,-8.92111301422119,"Female"
"9004151",371994,2025-06-03 02:51:01,42.4004249572754,-8.92097568511963,"Female"
"9004151",371994,2025-06-03 02:56:03,42.4002227783203,-8.92093467712402,"Female"
"9004151",371994,2025-06-03 03:01:35,42.4004592895508,-8.92105960845947,"Female"
"9004151",371994,2025-06-03 03:06:01,42.4004402160645,-8.92105674743652,"Female"
"9004151",371994,2025-06-03 03:11:01,42.4003448486328,-8.92104339599609,"Female"
"9004151",371994,2025-06-03 03:16:01,42.4004211425781,-8.92096710205078,"Female"
"9004151",371994,2025-06-03 03:21:01,42.400463104248,-8.92098426818848,"Female"
"9004151",371994,2025-06-03 03:26:01,42.4004592895508,-8.92098045349121,"Female"
"9004151",371994,2025-06-03 03:31:01,42.400390625,-8.92101001739502,"Female"
"9004151",371994,2025-06-03 03:36:01,42.4004058837891,-8.92113208770752,"Female"
"9004151",371994,2025-06-03 03:41:01,42.4004135131836,-8.92104721069336,"Female"
"9004151",371994,2025-06-03 03:46:02,42.4004287719727,-8.92117309570312,"Female"
"9004151",371994,2025-06-03 03:51:03,42.4005279541016,-8.92105674743652,"Female"
"9004151",371994,2025-06-03 03:56:06,42.4004096984863,-8.92130661010742,"Female"
"9004151",371994,2025-06-03 04:01:04,42.4004287719727,-8.9215145111084,"Female"
"9004151",371994,2025-06-03 04:06:04,42.4004173278809,-8.92098903656006,"Female"
"9004151",371994,2025-06-03 04:11:08,42.4004859924316,-8.92106628417969,"Female"
"9004151",371994,2025-06-03 04:16:14,42.4004249572754,-8.9211483001709,"Female"
"9004151",371994,2025-06-03 04:21:04,42.4003753662109,-8.92096042633057,"Female"
"9004151",371994,2025-06-03 04:26:02,42.4004783630371,-8.9210901260376,"Female"
"9004151",371994,2025-06-03 04:31:02,42.4005661010742,-8.92118835449219,"Female"
"9004151",371994,2025-06-03 04:36:03,42.4005737304688,-8.92140769958496,"Female"
"9004151",371994,2025-06-03 04:41:09,42.4005928039551,-8.92091941833496,"Female"
"9004151",371994,2025-06-03 04:46:15,42.4005661010742,-8.92099380493164,"Female"
"9004151",371994,2025-06-03 04:51:15,42.4006462097168,-8.92107772827148,"Female"
"9004151",371994,2025-06-03 04:56:06,42.4005393981934,-8.9210147857666,"Female"
"9004151",371994,2025-06-03 05:01:14,42.4006729125977,-8.92110157012939,"Female"
"9004151",371994,2025-06-03 05:06:35,42.4005432128906,-8.92091369628906,"Female"
"9004151",371994,2025-06-03 05:11:02,42.400318145752,-8.92071914672852,"Female"
"9004151",371994,2025-06-03 05:16:03,42.4008293151855,-8.92155265808105,"Female"
"9004151",371994,2025-06-03 05:21:03,42.4004936218262,-8.92103481292725,"Female"
"9004151",371994,2025-06-03 05:26:13,42.400505065918,-8.92108058929443,"Female"
"9004151",371994,2025-06-03 05:31:14,42.400463104248,-8.92103004455566,"Female"
"9004151",371994,2025-06-03 05:36:02,42.4004745483398,-8.92102432250977,"Female"
"9004151",371994,2025-06-03 05:41:02,42.4005432128906,-8.92101860046387,"Female"
"9004151",371994,2025-06-03 05:46:04,42.4004058837891,-8.92111968994141,"Female"
"9004151",371994,2025-06-03 05:51:30,42.400390625,-8.92117500305176,"Female"
"9004151",371994,2025-06-03 05:56:07,42.4003486633301,-8.92129135131836,"Female"
"9004151",371994,2025-06-03 06:01:16,42.4002227783203,-8.92150211334229,"Female"
"9004151",371994,2025-06-03 06:06:31,42.4004096984863,-8.92108631134033,"Female"
"9004151",371994,2025-06-03 06:11:01,42.4005393981934,-8.92095375061035,"Female"
"9004151",371994,2025-06-03 06:16:01,42.400218963623,-8.9213228225708,"Female"
"9004151",371994,2025-06-03 06:21:01,42.4003219604492,-8.92125511169434,"Female"
"9004151",371994,2025-06-03 06:26:03,42.4005279541016,-8.92087078094482,"Female"
"9004151",371994,2025-06-03 06:31:03,42.400577545166,-8.92079067230225,"Female"
"9004151",371994,2025-06-03 06:36:02,42.4002380371094,-8.9211540222168,"Female"
"9004151",371994,2025-06-03 06:41:02,42.4002494812012,-8.9211311340332,"Female"
"9004151",371994,2025-06-03 06:46:03,42.4005241394043,-8.92097282409668,"Female"
"9004151",371994,2025-06-03 06:51:04,42.4003829956055,-8.92106914520264,"Female"
"9004151",371994,2025-06-03 06:56:07,42.4003868103027,-8.92113780975342,"Female"
"9004151",371994,2025-06-03 07:01:04,42.4004402160645,-8.92093276977539,"Female"
"9004151",371994,2025-06-03 07:06:22,42.4004249572754,-8.92099285125732,"Female"
"9004151",371994,2025-06-03 07:11:13,42.4004402160645,-8.92097282409668,"Female"
"9004151",371994,2025-06-03 07:16:08,42.4004669189453,-8.92099666595459,"Female"
"9004151",371994,2025-06-03 07:21:01,42.4304466247559,-8.92485237121582,"Female"
"9004151",371994,2025-06-03 07:26:01,42.4624328613281,-8.94345855712891,"Female"
"9004151",371994,2025-06-03 07:31:02,42.4908714294434,-8.92174243927002,"Female"
"9004151",371994,2025-06-03 07:36:01,42.5101470947266,-8.88940906524658,"Female"
"9004151",371994,2025-06-03 07:41:04,42.5219268798828,-8.85887908935547,"Female"
"9004151",371994,2025-06-03 07:46:02,42.5318641662598,-8.85318374633789,"Female"
"9004151",371994,2025-06-03 07:51:59,42.5349159240723,-8.84863471984863,"Female"
"9004151",371994,2025-06-03 07:56:57,42.5358810424805,-8.84816741943359,"Female"
"9004151",371994,2025-06-03 08:02:48,42.5370216369629,-8.84832382202148,"Female"
"9004151",371994,2025-06-03 08:08:24,42.5382537841797,-8.84783267974854,"Female"
"9004151",371994,2025-06-03 08:13:41,42.53955078125,-8.84724521636963,"Female"
"9004151",371994,2025-06-03 08:18:46,42.5402565002441,-8.84573459625244,"Female"
"9004151",371994,2025-06-03 08:24:03,42.5399856567383,-8.847412109375,"Female"
"9004151",371994,2025-06-03 08:34:22,42.5414047241211,-8.84650707244873,"Female"
"9004151",371994,2025-06-03 08:39:30,42.5394515991211,-8.84610652923584,"Female"
"9004151",371994,2025-06-03 09:15:28,42.5369186401367,-8.84725189208984,"Female"
"9004151",371994,2025-06-03 09:20:45,42.5355033874512,-8.84867477416992,"Female"
"9004151",371994,2025-06-03 09:25:49,42.5356140136719,-8.84685039520264,"Female"
"9004151",371994,2025-06-03 09:31:33,42.5347290039062,-8.84746551513672,"Female"
"9004151",371994,2025-06-03 09:36:49,42.5337371826172,-8.84803295135498,"Female"
"9004151",371994,2025-06-03 09:41:49,42.5337028503418,-8.84864139556885,"Female"
"9004151",371994,2025-06-03 09:51:44,42.5354194641113,-8.84870338439941,"Female"
"9004151",371994,2025-06-03 09:56:31,42.5347213745117,-8.84797668457031,"Female"
"9004151",371994,2025-06-03 10:01:43,42.534496307373,-8.84802150726318,"Female"
"9004151",371994,2025-06-03 10:06:44,42.534107208252,-8.84786033630371,"Female"
"9004151",371994,2025-06-03 10:11:32,42.5338745117188,-8.84794807434082,"Female"
"9004151",371994,2025-06-03 10:16:37,42.533634185791,-8.84797191619873,"Female"
"9004151",371994,2025-06-03 10:21:43,42.5336074829102,-8.84811687469482,"Female"
"9004151",371994,2025-06-03 10:26:31,42.5334205627441,-8.84832763671875,"Female"
"9004151",371994,2025-06-03 10:31:30,42.5334892272949,-8.84845066070557,"Female"
"9004151",371994,2025-06-03 10:36:36,42.533447265625,-8.84841251373291,"Female"
"9004151",371994,2025-06-03 10:41:30,42.5334739685059,-8.84844589233398,"Female"
"9004151",371994,2025-06-03 10:46:44,42.5341300964355,-8.84837818145752,"Female"
"9004151",371994,2025-06-03 10:51:32,42.5343475341797,-8.84839916229248,"Female"
"9004151",371994,2025-06-03 10:56:36,42.5346794128418,-8.84828853607178,"Female"
"9004151",371994,2025-06-03 11:01:32,42.5351104736328,-8.84784603118896,"Female"
"9004151",371994,2025-06-03 11:06:36,42.5354919433594,-8.84767246246338,"Female"
"9004151",371994,2025-06-03 11:11:40,42.5356369018555,-8.84810543060303,"Female"
"9004151",371994,2025-06-03 11:16:49,42.5373001098633,-8.84820652008057,"Female"
"9004151",371994,2025-06-03 11:21:41,42.5369987487793,-8.84815979003906,"Female"
"9004151",371994,2025-06-03 11:27:39,42.5378913879395,-8.84806442260742,"Female"
"9004151",371994,2025-06-03 11:43:12,42.5349464416504,-8.85106658935547,"Female"
"9004151",371994,2025-06-03 11:48:48,42.5338325500488,-8.85070419311523,"Female"
"9004151",371994,2025-06-03 11:54:17,42.5325393676758,-8.85247421264648,"Female"
"9004151",371994,2025-06-03 11:59:25,42.5313911437988,-8.85269927978516,"Female"
"9004151",371994,2025-06-03 12:04:32,42.530345916748,-8.85098266601562,"Female"
"9004151",371994,2025-06-03 12:09:33,42.5298233032227,-8.85102844238281,"Female"
"9004151",371994,2025-06-03 12:17:52,42.5296287536621,-8.85014057159424,"Female"
"9004151",371994,2025-06-03 12:23:28,42.5299415588379,-8.84979152679443,"Female"
"9004151",371994,2025-06-03 12:28:28,42.529369354248,-8.85071563720703,"Female"
"9004151",371994,2025-06-03 12:33:22,42.5278396606445,-8.84958648681641,"Female"
"9004151",371994,2025-06-03 12:38:23,42.5261497497559,-8.84705924987793,"Female"
"9004151",371994,2025-06-03 12:43:59,42.5261917114258,-8.84726619720459,"Female"
"9004151",371994,2025-06-03 12:54:36,42.5262069702148,-8.84726047515869,"Female"
"9004151",371994,2025-06-03 12:59:36,42.5263023376465,-8.84731864929199,"Female"
"9004151",371994,2025-06-03 13:04:36,42.5262985229492,-8.84720516204834,"Female"
"9004151",371994,2025-06-03 13:09:36,42.526180267334,-8.84719276428223,"Female"
"9004151",371994,2025-06-03 13:14:37,42.5261726379395,-8.84726810455322,"Female"
"9004151",371994,2025-06-03 13:19:36,42.5261306762695,-8.84721851348877,"Female"
"9004151",371994,2025-06-03 13:24:39,42.5261459350586,-8.84725284576416,"Female"
"9004151",371994,2025-06-03 13:29:35,42.5288238525391,-8.8499641418457,"Female"
"9004151",371994,2025-06-03 13:34:36,42.5261650085449,-8.8472375869751,"Female"
"9004151",371994,2025-06-03 13:39:37,42.5262794494629,-8.84738063812256,"Female"
"9004151",371994,2025-06-03 13:44:36,42.5251502990723,-8.84609985351562,"Female"
"9004151",371994,2025-06-03 13:49:37,42.5260810852051,-8.84709358215332,"Female"
"9004151",371994,2025-06-03 13:54:37,42.5257186889648,-8.84670925140381,"Female"
"9004151",371994,2025-06-03 13:59:36,42.5266990661621,-8.8477897644043,"Female"
"9004151",371994,2025-06-03 14:04:39,42.5259284973145,-8.8469181060791,"Female"
"9004151",371994,2025-06-03 14:09:53,42.5265083312988,-8.84710216522217,"Female"
"9004151",371994,2025-06-03 14:14:37,42.5262145996094,-8.8471097946167,"Female"
"9004151",371994,2025-06-03 14:19:56,42.5265960693359,-8.84713077545166,"Female"
"9004151",371994,2025-06-03 14:25:05,42.5262832641602,-8.84717082977295,"Female"
"9004151",371994,2025-06-03 14:29:36,42.5261878967285,-8.8471794128418,"Female"
"9004151",371994,2025-06-03 14:34:36,42.5261878967285,-8.8471794128418,"Female"
"9004151",371994,2025-06-03 14:39:36,42.5261840820312,-8.84713554382324,"Female"
"9004151",371994,2025-06-03 14:44:36,42.5262145996094,-8.84714126586914,"Female"
"9004151",371994,2025-06-03 14:49:36,42.5261573791504,-8.84712600708008,"Female"
"9004151",371994,2025-06-03 14:54:36,42.5261383056641,-8.84719276428223,"Female"
"9004151",371994,2025-06-03 14:59:36,42.5261459350586,-8.8471622467041,"Female"
"9004151",371994,2025-06-03 15:04:36,42.5261306762695,-8.84725475311279,"Female"
"9004151",371994,2025-06-03 15:09:36,42.5261039733887,-8.8472900390625,"Female"
"9004151",371994,2025-06-03 15:14:36,42.5261764526367,-8.84717273712158,"Female"
"9004151",371994,2025-06-03 15:19:36,42.5261459350586,-8.84724140167236,"Female"
"9004151",371994,2025-06-03 15:24:37,42.5261611938477,-8.84725475311279,"Female"
"9004151",371994,2025-06-03 15:29:36,42.5261268615723,-8.8472728729248,"Female"
"9004151",371994,2025-06-03 15:34:36,42.5261497497559,-8.84727573394775,"Female"
"9004151",371994,2025-06-03 15:39:36,42.5261878967285,-8.84721851348877,"Female"
"9004151",371994,2025-06-03 15:44:36,42.5261840820312,-8.84718132019043,"Female"
"9004151",371994,2025-06-03 15:49:36,42.5261611938477,-8.84724521636963,"Female"
"9004151",371994,2025-06-03 15:54:57,42.5309753417969,-8.85022640228271,"Female"
"9004151",371994,2025-06-03 16:00:19,42.5317764282227,-8.84858989715576,"Female"
"9004151",371994,2025-06-03 16:05:43,42.531364440918,-8.8489818572998,"Female"
"9004151",371994,2025-06-03 16:10:41,42.5312805175781,-8.85002517700195,"Female"
"9004151",371994,2025-06-03 16:15:51,42.5314025878906,-8.85135936737061,"Female"
"9004151",371994,2025-06-03 16:21:12,42.5321311950684,-8.8497257232666,"Female"
"9004151",371994,2025-06-03 16:26:28,42.5320129394531,-8.84903526306152,"Female"
"9004151",371994,2025-06-03 16:31:53,42.5310668945312,-8.84873390197754,"Female"
"9004151",371994,2025-06-03 16:36:51,42.5288314819336,-8.84694194793701,"Female"
"9004151",371994,2025-06-03 16:41:51,42.526237487793,-8.8472375869751,"Female"
"9004151",371994,2025-06-03 16:46:54,42.5262260437012,-8.84727668762207,"Female"
"9004151",371994,2025-06-03 16:51:51,42.5262413024902,-8.84725570678711,"Female"
"9004151",371994,2025-06-03 16:56:51,42.526237487793,-8.84726333618164,"Female"
"9004151",371994,2025-06-03 17:01:51,42.5262260437012,-8.84727668762207,"Female"
"9004151",371994,2025-06-03 17:06:51,42.5262298583984,-8.84723854064941,"Female"
"9004151",371994,2025-06-03 17:11:52,42.526195526123,-8.84730434417725,"Female"
"9004151",371994,2025-06-03 17:16:51,42.5262145996094,-8.84728908538818,"Female"
"9004151",371994,2025-06-03 17:21:51,42.5262603759766,-8.84728813171387,"Female"
"9004151",371994,2025-06-03 17:26:51,42.526237487793,-8.8472843170166,"Female"
"9004151",371994,2025-06-03 17:31:51,42.5261917114258,-8.84728336334229,"Female"
"9004151",371994,2025-06-03 17:36:51,42.5262222290039,-8.84728813171387,"Female"
"9004151",371994,2025-06-03 17:41:52,42.5261650085449,-8.84719181060791,"Female"
"9004151",371994,2025-06-03 17:47:13,42.526294708252,-8.84734058380127,"Female"
"9004151",371994,2025-06-03 17:51:51,42.5262222290039,-8.84724235534668,"Female"
"9004151",371994,2025-06-03 17:56:51,42.5262489318848,-8.84739208221436,"Female"
"9004151",371994,2025-06-03 18:01:51,42.5262031555176,-8.8472843170166,"Female"
"9004151",371994,2025-06-03 18:06:51,42.5262069702148,-8.8472957611084,"Female"
"9004151",371994,2025-06-03 18:12:14,42.5262336730957,-8.84734439849854,"Female"
"9004151",371994,2025-06-03 18:17:10,42.5308532714844,-8.85159587860107,"Female"
"9004151",371994,2025-06-03 18:21:51,42.5318412780762,-8.85029029846191,"Female"
"9004151",371994,2025-06-03 18:27:31,42.5330848693848,-8.84926891326904,"Female"
"9004151",371994,2025-06-03 18:32:34,42.5322074890137,-8.84911632537842,"Female"
"9004151",371994,2025-06-03 18:38:00,42.5325660705566,-8.84807205200195,"Female"
"9004151",371994,2025-06-03 18:43:23,42.5335845947266,-8.84901332855225,"Female"
"9004151",371994,2025-06-03 19:11:39,42.5306854248047,-8.85203742980957,"Female"
"9004151",371994,2025-06-03 19:15:35,42.5124473571777,-8.86684608459473,"Female"
"9004151",371994,2025-06-03 19:20:14,42.492000579834,-8.90129566192627,"Female"
"9004151",371994,2025-06-03 19:25:14,42.4773559570312,-8.93946361541748,"Female"
"9004151",371994,2025-06-03 19:30:15,42.4442825317383,-8.94292736053467,"Female"
"9004151",371994,2025-06-03 19:35:15,42.4090843200684,-8.92907238006592,"Female"
"9004151",371994,2025-06-03 19:40:18,42.4004669189453,-8.92111682891846,"Female"
"9004151",371994,2025-06-03 19:46:28,42.4004325866699,-8.92112255096436,"Female"
"9004151",371994,2025-06-03 19:58:44,42.4004211425781,-8.92104911804199,"Female"
"9004151",371994,2025-06-03 20:03:08,42.4005546569824,-8.92121696472168,"Female"
"9004151",371994,2025-06-03 20:08:08,42.4004516601562,-8.9211368560791,"Female"
"9004151",371994,2025-06-03 20:13:08,42.4005661010742,-8.92109775543213,"Female"
"9004151",371994,2025-06-03 20:18:08,42.4005317687988,-8.92113590240479,"Female"
"9004151",371994,2025-06-03 20:23:08,42.4005279541016,-8.9211311340332,"Female"
"9004151",371994,2025-06-03 20:28:08,42.4004592895508,-8.9211483001709,"Female"
"9004151",371994,2025-06-03 20:33:08,42.4004974365234,-8.92116737365723,"Female"
"9004151",371994,2025-06-03 20:38:08,42.4004440307617,-8.92124652862549,"Female"
"9004151",371994,2025-06-03 20:43:08,42.400463104248,-8.92117309570312,"Female"
"9004151",371994,2025-06-03 20:48:17,42.4004287719727,-8.92105960845947,"Female"
"9004151",371994,2025-06-03 20:53:11,42.4004135131836,-8.92110919952393,"Female"
"9004151",371994,2025-06-03 20:58:10,42.4004745483398,-8.92098999023438,"Female"
"9004151",371994,2025-06-03 21:03:11,42.4003562927246,-8.92127513885498,"Female"
"9004151",371994,2025-06-03 21:08:11,42.4000473022461,-8.92149925231934,"Female"
"9004151",371994,2025-06-03 21:13:44,42.4004364013672,-8.92109489440918,"Female"
"9004151",371994,2025-06-03 21:18:10,42.4003791809082,-8.92101287841797,"Female"
"9004151",371994,2025-06-03 21:23:10,42.400520324707,-8.92111587524414,"Female"
"9004151",371994,2025-06-03 21:28:07,42.4003562927246,-8.92109107971191,"Female"
"9004151",371994,2025-06-03 21:33:07,42.4002685546875,-8.92132091522217,"Female"
"9004151",371994,2025-06-03 21:38:07,42.4004554748535,-8.9209623336792,"Female"
"9004151",371994,2025-06-03 21:43:12,42.400463104248,-8.92098045349121,"Female"
"9004151",371994,2025-06-03 21:48:29,42.400447845459,-8.92105579376221,"Female"
"9004151",371994,2025-06-03 21:53:11,42.4005699157715,-8.92107677459717,"Female"
"9004151",371994,2025-06-03 21:58:14,42.4004898071289,-8.92095565795898,"Female"
"9004151",371994,2025-06-03 22:03:12,42.4004516601562,-8.92128849029541,"Female"
"9004151",371994,2025-06-03 22:08:14,42.4004211425781,-8.92116260528564,"Female"
"9004151",371994,2025-06-03 22:13:19,42.4003829956055,-8.92107486724854,"Female"
"9004151",371994,2025-06-03 22:18:31,42.4004440307617,-8.92104053497314,"Female"
"9004151",371994,2025-06-03 22:23:07,42.4004592895508,-8.92104434967041,"Female"
"9004151",371994,2025-06-03 22:28:07,42.4004859924316,-8.92102241516113,"Female"
"9004151",371994,2025-06-03 22:33:07,42.4004364013672,-8.92097854614258,"Female"
"9004151",371994,2025-06-03 22:38:07,42.4004249572754,-8.92110443115234,"Female"
"9004151",371994,2025-06-03 22:43:08,42.4004402160645,-8.92111015319824,"Female"
"9004151",371994,2025-06-03 22:48:07,42.4003791809082,-8.92111492156982,"Female"
"9004151",371994,2025-06-03 22:53:07,42.4005470275879,-8.92131519317627,"Female"
"9004151",371994,2025-06-03 22:58:08,42.4004364013672,-8.92118644714355,"Female"
"9004151",371994,2025-06-03 23:03:08,42.4005012512207,-8.92113208770752,"Female"
"9004151",371994,2025-06-03 23:08:08,42.4004516601562,-8.9214506149292,"Female"
"9004151",371994,2025-06-03 23:13:13,42.4004249572754,-8.92127418518066,"Female"
"9004151",371994,2025-06-03 23:18:13,42.4004592895508,-8.9212532043457,"Female"
"9004151",371994,2025-06-03 23:23:20,42.4004135131836,-8.92095375061035,"Female"
"9004151",371994,2025-06-03 23:28:18,42.4002494812012,-8.9211368560791,"Female"
"9004151",371994,2025-06-03 23:33:33,42.4003601074219,-8.92109394073486,"Female"
"9004151",371994,2025-06-03 23:38:13,42.4003257751465,-8.92119693756104,"Female"
"9004151",371994,2025-06-03 23:43:13,42.4003219604492,-8.92119789123535,"Female"
"9004151",371994,2025-06-03 23:48:19,42.4003143310547,-8.9211950302124,"Female"
"9004151",371994,2025-06-03 23:53:12,42.4005851745605,-8.92025756835938,"Female"
"9004151",371994,2025-06-03 23:58:18,42.4003562927246,-8.92116451263428,"Female"
"9004151",371994,2025-06-04 00:03:13,42.3999977111816,-8.92251586914062,"Female"
"9004151",371994,2025-06-04 00:08:10,42.4001388549805,-8.92156410217285,"Female"
"9004151",371994,2025-06-04 00:13:12,42.4003829956055,-8.92031192779541,"Female"
"9004151",371994,2025-06-04 00:18:12,42.4004745483398,-8.92082691192627,"Female"
"9004151",371994,2025-06-04 00:23:13,42.4003105163574,-8.92118453979492,"Female"
"9004151",371994,2025-06-04 00:28:14,42.4003791809082,-8.92099761962891,"Female"
"9004151",371994,2025-06-04 00:33:33,42.4004402160645,-8.92109298706055,"Female"
"9004151",371994,2025-06-04 00:38:09,42.4002532958984,-8.92151546478271,"Female"
"9004151",371994,2025-06-04 00:43:09,42.4005165100098,-8.9207239151001,"Female"
"9004151",371994,2025-06-04 00:48:10,42.4005012512207,-8.92085933685303,"Female"
"9004151",371994,2025-06-04 00:53:07,42.4001388549805,-8.92178535461426,"Female"
"9004151",371994,2025-06-04 00:58:07,42.400390625,-8.92117595672607,"Female"
"9004151",371994,2025-06-04 01:03:08,42.4005279541016,-8.92096138000488,"Female"
"9004151",371994,2025-06-04 01:08:10,42.4003143310547,-8.92118740081787,"Female"
"9004151",371994,2025-06-04 01:13:10,42.4002494812012,-8.92124080657959,"Female"
"9004151",371994,2025-06-04 01:18:07,42.4003601074219,-8.92136383056641,"Female"
"9004151",371994,2025-06-04 01:23:07,42.4004707336426,-8.9211311340332,"Female"
"9004151",371994,2025-06-04 01:28:09,42.4001502990723,-8.9212646484375,"Female"
"9004151",371994,2025-06-04 01:33:08,42.4001388549805,-8.92129421234131,"Female"
"9004151",371994,2025-06-04 01:38:08,42.4001731872559,-8.92133045196533,"Female"
"9004151",371994,2025-06-04 01:43:08,42.4001350402832,-8.92127227783203,"Female"
"9004151",371994,2025-06-04 01:48:08,42.4002151489258,-8.92111492156982,"Female"
"9004151",371994,2025-06-04 01:53:08,42.4000358581543,-8.92119407653809,"Female"
"9004151",371994,2025-06-04 01:58:08,42.4000587463379,-8.92103385925293,"Female"
"9004151",371994,2025-06-04 02:03:08,42.4001731872559,-8.92112445831299,"Female"
"9004151",371994,2025-06-04 02:08:08,42.4001998901367,-8.92115306854248,"Female"
"9004151",371994,2025-06-04 02:13:08,42.4002571105957,-8.92104339599609,"Female"
"9004151",371994,2025-06-04 02:18:09,42.4000663757324,-8.92109775543213,"Female"
"9004151",371994,2025-06-04 02:23:29,42.3996810913086,-8.92101192474365,"Female"
"9004151",371994,2025-06-04 02:28:08,42.4000282287598,-8.92106914520264,"Female"
"9004151",371994,2025-06-04 02:33:08,42.4002075195312,-8.9210901260376,"Female"
"9004151",371994,2025-06-04 02:38:09,42.3997573852539,-8.92150783538818,"Female"
"9004151",371994,2025-06-04 02:43:19,42.3997688293457,-8.9208402633667,"Female"
"9004151",371994,2025-06-04 02:48:35,42.4004058837891,-8.92105388641357,"Female"
"9004151",371994,2025-06-04 02:53:10,42.4002876281738,-8.92151165008545,"Female"
"9004151",371994,2025-06-04 02:58:11,42.4003372192383,-8.92131233215332,"Female"
"9004151",371994,2025-06-04 03:03:11,42.4004707336426,-8.9210033416748,"Female"
"9004151",371994,2025-06-04 03:08:11,42.4003982543945,-8.92122364044189,"Female"
"9004151",371994,2025-06-04 03:13:14,42.4003944396973,-8.921067237854,"Female"
"9004151",371994,2025-06-04 03:18:12,42.4004898071289,-8.92095279693604,"Female"
"9004151",371994,2025-06-04 03:23:16,42.4004669189453,-8.92104053497314,"Female"
"9004151",371994,2025-06-04 03:28:43,42.4005126953125,-8.92084693908691,"Female"
"9004151",371994,2025-06-04 03:33:24,42.4004554748535,-8.92102146148682,"Female"
"9004151",371994,2025-06-04 03:38:13,42.4003639221191,-8.92099761962891,"Female"
"9004151",371994,2025-06-04 03:43:13,42.4003944396973,-8.92095565795898,"Female"
"9004151",371994,2025-06-04 03:48:18,42.4004402160645,-8.92096328735352,"Female"
"9004151",371994,2025-06-04 03:53:51,42.4004707336426,-8.92097663879395,"Female"
"9004151",371994,2025-06-04 03:58:13,42.4004249572754,-8.92130470275879,"Female"
"9004151",371994,2025-06-04 04:03:09,42.4003868103027,-8.92093944549561,"Female"
"9004151",371994,2025-06-04 04:08:12,42.4005813598633,-8.92103004455566,"Female"
"9004151",371994,2025-06-04 04:13:09,42.4005470275879,-8.92109298706055,"Female"
"9004151",371994,2025-06-04 04:18:08,42.4004821777344,-8.92110919952393,"Female"
"9004151",371994,2025-06-04 04:23:07,42.4005355834961,-8.9211254119873,"Female"
"9004151",371994,2025-06-04 04:28:20,42.4005279541016,-8.92116832733154,"Female"
"9004151",371994,2025-06-04 04:33:15,42.4004669189453,-8.92131614685059,"Female"
"9004151",371994,2025-06-04 04:38:09,42.4005966186523,-8.92103958129883,"Female"
"9004151",371994,2025-06-04 04:43:10,42.4005470275879,-8.92104721069336,"Female"
"9004151",371994,2025-06-04 04:48:10,42.4005584716797,-8.92120552062988,"Female"
"9004151",371994,2025-06-04 04:53:23,42.4005889892578,-8.92126846313477,"Female"
"9004151",371994,2025-06-04 04:58:23,42.4006118774414,-8.92128086090088,"Female"
"9004151",371994,2025-06-04 05:03:19,42.4005699157715,-8.92127418518066,"Female"
"9004151",371994,2025-06-04 05:08:19,42.4005813598633,-8.92139720916748,"Female"
"9004151",371994,2025-06-04 05:13:19,42.4006729125977,-8.92131805419922,"Female"
"9004151",371994,2025-06-04 05:18:19,42.4006271362305,-8.92136859893799,"Female"
"9004151",371994,2025-06-04 05:23:35,42.4004592895508,-8.92102241516113,"Female"
"9004151",371994,2025-06-04 05:28:08,42.4004287719727,-8.92109870910645,"Female"
"9004151",371994,2025-06-04 05:33:10,42.4004173278809,-8.9210376739502,"Female"
"9004151",371994,2025-06-04 05:38:19,42.400032043457,-8.92142009735107,"Female"
"9004151",371994,2025-06-04 05:43:16,42.4003143310547,-8.92113208770752,"Female"
"9004151",371994,2025-06-04 05:49:01,42.400203704834,-8.92128276824951,"Female"
"9004151",371994,2025-06-04 05:53:12,42.4002571105957,-8.92120265960693,"Female"
"9004151",371994,2025-06-04 05:58:08,42.4001655578613,-8.92128276824951,"Female"
"9004151",371994,2025-06-04 06:03:08,42.4002532958984,-8.92132377624512,"Female"
"9004151",371994,2025-06-04 06:08:08,42.4001960754395,-8.92133235931396,"Female"
"9004151",371994,2025-06-04 06:13:08,42.4002456665039,-8.92117977142334,"Female"
"9004151",371994,2025-06-04 06:18:08,42.4001998901367,-8.92120933532715,"Female"
"9004151",371994,2025-06-04 06:23:08,42.400260925293,-8.92113780975342,"Female"
"9004151",371994,2025-06-04 06:28:08,42.4002304077148,-8.92118549346924,"Female"
"9004151",371994,2025-06-04 06:33:08,42.4002532958984,-8.92109870910645,"Female"
"9004151",371994,2025-06-04 06:38:08,42.4002571105957,-8.92116737365723,"Female"
"9004151",371994,2025-06-04 06:43:08,42.4002456665039,-8.92116165161133,"Female"
"9004151",371994,2025-06-04 06:48:08,42.4001922607422,-8.92110824584961,"Female"
"9004151",371994,2025-06-04 06:53:08,42.4002494812012,-8.92104530334473,"Female"
"9004151",371994,2025-06-04 06:58:08,42.4002342224121,-8.92107582092285,"Female"
"9004151",371994,2025-06-04 07:03:08,42.4002532958984,-8.92098331451416,"Female"
"9004151",371994,2025-06-04 07:08:08,42.4002723693848,-8.92099380493164,"Female"
"9004151",371994,2025-06-04 07:13:42,42.3931350708008,-8.91045475006104,"Female"
"9004151",371994,2025-06-04 07:18:46,42.398853302002,-8.90666007995605,"Female"
"9004151",371994,2025-06-04 07:24:52,42.4008369445801,-8.90667343139648,"Female"
"9004151",371994,2025-06-04 07:30:22,42.401985168457,-8.90647506713867,"Female"
"9004151",371994,2025-06-04 07:35:22,42.4135475158691,-8.90431690216064,"Female"
"9004151",371994,2025-06-04 07:40:22,42.4466094970703,-8.91995906829834,"Female"
"9004151",371994,2025-06-04 07:45:22,42.4565696716309,-8.93831634521484,"Female"
"9004151",371994,2025-06-04 07:50:22,42.4747734069824,-8.94039726257324,"Female"
"9004151",371994,2025-06-04 07:55:22,42.5030899047852,-8.89867401123047,"Female"
"9004151",371994,2025-06-04 08:00:22,42.5299034118652,-8.85564804077148,"Female"
"9004151",371994,2025-06-04 08:05:22,42.533374786377,-8.85145282745361,"Female"
"9004151",371994,2025-06-04 08:10:22,42.5340270996094,-8.84963130950928,"Female"
"9004151",371994,2025-06-04 08:15:22,42.5343055725098,-8.84886264801025,"Female"
"9004151",371994,2025-06-04 08:20:22,42.534610748291,-8.84814167022705,"Female"
"9004151",371994,2025-06-04 08:25:54,42.5357856750488,-8.84694385528564,"Female"
"9004151",371994,2025-06-04 08:31:11,42.5371284484863,-8.84730529785156,"Female"
"9004151",371994,2025-06-04 08:36:10,42.5385398864746,-8.84744548797607,"Female"
"9004151",371994,2025-06-04 08:41:39,42.5396423339844,-8.84687042236328,"Female"
"9004151",371994,2025-06-04 08:47:07,42.5411491394043,-8.8466854095459,"Female"
"9004151",371994,2025-06-04 08:52:06,42.5410614013672,-8.84825038909912,"Female"
"9004151",371994,2025-06-04 08:57:41,42.539924621582,-8.84730052947998,"Female"
"9004151",371994,2025-06-04 09:02:41,42.5394401550293,-8.84648895263672,"Female"
"9004151",371994,2025-06-04 09:07:50,42.5389938354492,-8.84830284118652,"Female"
"9004151",371994,2025-06-04 09:13:23,42.5378494262695,-8.84762668609619,"Female"
"9004151",371994,2025-06-04 09:18:23,42.5368118286133,-8.84783935546875,"Female"
"9004151",371994,2025-06-04 09:24:02,42.5359954833984,-8.84709644317627,"Female"
"9004151",371994,2025-06-04 09:29:09,42.5351333618164,-8.84690761566162,"Female"
"9004151",371994,2025-06-04 09:34:09,42.5340881347656,-8.84770679473877,"Female"
"9004151",371994,2025-06-04 09:39:27,42.5346336364746,-8.84779453277588,"Female"
"9004151",371994,2025-06-04 09:45:10,42.5353164672852,-8.84838485717773,"Female"
"9004151",371994,2025-06-04 09:50:13,42.5346412658691,-8.84929180145264,"Female"
"9004151",371994,2025-06-04 09:55:34,42.5345878601074,-8.85102081298828,"Female"
"9004151",371994,2025-06-04 10:01:12,42.5349998474121,-8.84881973266602,"Female"
"9004151",371994,2025-06-04 10:06:37,42.5357551574707,-8.84844589233398,"Female"
"9004151",371994,2025-06-04 10:12:17,42.5352210998535,-8.8476619720459,"Female"
"9004151",371994,2025-06-04 10:17:38,42.5342216491699,-8.84723854064941,"Female"
"9004151",371994,2025-06-04 10:22:45,42.5332450866699,-8.84789943695068,"Female"
"9004151",371994,2025-06-04 10:27:45,42.5327377319336,-8.84896278381348,"Female"
"9004151",371994,2025-06-04 10:32:45,42.5325736999512,-8.84917068481445,"Female"
"9004151",371994,2025-06-04 10:37:45,42.5262565612793,-8.84715747833252,"Female"
"9004151",371994,2025-06-04 10:42:49,42.5261993408203,-8.84713363647461,"Female"
"9004151",371994,2025-06-04 10:47:49,42.5262985229492,-8.8470458984375,"Female"
"9004151",371994,2025-06-04 10:52:49,42.5263214111328,-8.84714412689209,"Female"
"9004151",371994,2025-06-04 10:57:49,42.5262031555176,-8.84707546234131,"Female"
"9004151",371994,2025-06-04 11:02:49,42.5262451171875,-8.84708118438721,"Female"
"9004151",371994,2025-06-04 11:07:51,42.5263442993164,-8.8470458984375,"Female"
"9004151",371994,2025-06-04 11:12:49,42.5262298583984,-8.84711265563965,"Female"
"9004151",371994,2025-06-04 11:17:49,42.5262756347656,-8.84696102142334,"Female"
"9004151",371994,2025-06-04 11:22:49,42.5263671875,-8.84703922271729,"Female"
"9004151",371994,2025-06-04 11:27:49,42.5262985229492,-8.84713268280029,"Female"
"9004151",371994,2025-06-04 11:32:49,42.5263481140137,-8.84720516204834,"Female"
"9004151",371994,2025-06-04 11:37:49,42.5263023376465,-8.84712886810303,"Female"
"9004151",371994,2025-06-04 11:42:48,42.5263252258301,-8.84708499908447,"Female"
"9004151",371994,2025-06-04 11:47:48,42.5263366699219,-8.84693241119385,"Female"
"9004151",371994,2025-06-04 11:52:49,42.5262756347656,-8.84705257415771,"Female"
"9004151",371994,2025-06-04 11:57:48,42.5263290405273,-8.84702301025391,"Female"
"9004151",371994,2025-06-04 12:02:49,42.5262489318848,-8.84698581695557,"Female"
"9004151",371994,2025-06-04 12:07:49,42.526294708252,-8.84694194793701,"Female"
"9004151",371994,2025-06-04 12:12:49,42.5262413024902,-8.84696006774902,"Female"
"9004151",371994,2025-06-04 12:17:49,42.5262641906738,-8.84690284729004,"Female"
"9004151",371994,2025-06-04 12:22:49,42.5262985229492,-8.84689903259277,"Female"
"9004151",371994,2025-06-04 12:27:49,42.5263252258301,-8.84700012207031,"Female"
"9004151",371994,2025-06-04 12:32:49,42.5263214111328,-8.84703540802002,"Female"
"9004151",371994,2025-06-04 12:37:49,42.5262489318848,-8.84690380096436,"Female"
"9004151",371994,2025-06-04 12:42:50,42.526195526123,-8.84669971466064,"Female"
"9004151",371994,2025-06-04 12:47:49,42.5262336730957,-8.84688091278076,"Female"
"9004151",371994,2025-06-04 12:52:49,42.5263252258301,-8.8470630645752,"Female"
"9004151",371994,2025-06-04 12:57:50,42.5262260437012,-8.84684371948242,"Female"
"9004151",371994,2025-06-04 13:02:49,42.5263175964355,-8.84689807891846,"Female"
"9004151",371994,2025-06-04 13:07:48,42.5264358520508,-8.84714698791504,"Female"
"9004151",371994,2025-06-04 13:12:48,42.5263328552246,-8.84691143035889,"Female"
"9004151",371994,2025-06-04 13:17:49,42.5264091491699,-8.84697914123535,"Female"
"9004151",371994,2025-06-04 13:22:49,42.5264282226562,-8.84700679779053,"Female"
"9004151",371994,2025-06-04 13:27:48,42.5263977050781,-8.8471040725708,"Female"
"9004151",371994,2025-06-04 13:32:49,42.5263710021973,-8.84692859649658,"Female"
"9004151",371994,2025-06-04 13:38:28,42.5303382873535,-8.85080432891846,"Female"
"9004151",371994,2025-06-04 13:43:38,42.5313529968262,-8.84914207458496,"Female"
"9004151",371994,2025-06-04 13:49:14,42.5323257446289,-8.84836578369141,"Female"
"9004151",371994,2025-06-04 13:54:37,42.5335273742676,-8.84792900085449,"Female"
"9004151",371994,2025-06-04 13:59:53,42.5349502563477,-8.84712028503418,"Female"
"9004151",371994,2025-06-04 14:05:10,42.5368461608887,-8.84678649902344,"Female"
"9004151",371994,2025-06-04 14:10:26,42.5378837585449,-8.84699535369873,"Female"
"9004151",371994,2025-06-04 14:15:37,42.5375099182129,-8.84801578521729,"Female"
"9004151",371994,2025-06-04 14:20:37,42.5365371704102,-8.84785461425781,"Female"
"9004151",371994,2025-06-04 14:25:38,42.5358352661133,-8.84791278839111,"Female"
"9004151",371994,2025-06-04 14:30:47,42.5350570678711,-8.84855270385742,"Female"
"9004151",371994,2025-06-04 14:35:47,42.5343475341797,-8.8476734161377,"Female"
"9004151",371994,2025-06-04 14:41:08,42.5332908630371,-8.8481273651123,"Female"
"9004151",371994,2025-06-04 14:46:21,42.5321044921875,-8.84875202178955,"Female"
"9004151",371994,2025-06-04 14:51:20,42.531867980957,-8.84784412384033,"Female"
"9004151",371994,2025-06-04 14:56:58,42.5310363769531,-8.84888553619385,"Female"
"9004151",371994,2025-06-04 15:02:15,42.5306282043457,-8.84954357147217,"Female"
"9004151",371994,2025-06-04 15:07:14,42.5284996032715,-8.84790992736816,"Female"
"9004151",371994,2025-06-04 15:12:14,42.526481628418,-8.84721660614014,"Female"
"9004151",371994,2025-06-04 15:17:14,42.5264358520508,-8.84725475311279,"Female"
"9004151",371994,2025-06-04 15:22:14,42.5264320373535,-8.84725570678711,"Female"
"9004151",371994,2025-06-04 15:37:37,42.526496887207,-8.84724807739258,"Female"
"9004151",371994,2025-06-04 15:42:37,42.5265350341797,-8.84730339050293,"Female"
"9004151",371994,2025-06-04 15:47:37,42.5265502929688,-8.84724807739258,"Female"
"9004151",371994,2025-06-04 15:52:37,42.5265693664551,-8.84729385375977,"Female"
"9004151",371994,2025-06-04 15:57:37,42.5265159606934,-8.847336769104,"Female"
"9004151",371994,2025-06-04 16:02:38,42.526496887207,-8.84733104705811,"Female"
"9004151",371994,2025-06-04 16:07:38,42.5265083312988,-8.84729290008545,"Female"
"9004151",371994,2025-06-04 16:12:38,42.5264549255371,-8.8469352722168,"Female"
"9004151",371994,2025-06-04 16:17:38,42.5263977050781,-8.84727954864502,"Female"
"9004151",371994,2025-06-04 16:22:37,42.5263977050781,-8.84725189208984,"Female"
"9004151",371994,2025-06-04 16:27:37,42.5263595581055,-8.8472146987915,"Female"
"9004151",371994,2025-06-04 16:32:37,42.5264129638672,-8.8472728729248,"Female"
"9004151",371994,2025-06-04 16:37:37,42.5264282226562,-8.84738540649414,"Female"
"9004151",371994,2025-06-04 16:42:37,42.5263862609863,-8.84726047515869,"Female"
"9004151",371994,2025-06-04 16:47:37,42.5264091491699,-8.847336769104,"Female"
"9004151",371994,2025-06-04 16:52:38,42.5265159606934,-8.84728050231934,"Female"
"9004151",371994,2025-06-04 16:57:37,42.526481628418,-8.84741115570068,"Female"
"9004151",371994,2025-06-04 17:02:37,42.5265197753906,-8.84734344482422,"Female"
"9004151",371994,2025-06-04 17:07:37,42.5265197753906,-8.84733772277832,"Female"
"9004151",371994,2025-06-04 17:12:37,42.526554107666,-8.84737968444824,"Female"
"9004151",371994,2025-06-04 17:17:37,42.5265045166016,-8.84731101989746,"Female"
"9004151",371994,2025-06-04 17:22:37,42.5265312194824,-8.84733772277832,"Female"
"9004151",371994,2025-06-04 17:27:37,42.5265884399414,-8.8473539352417,"Female"
"9004151",371994,2025-06-04 17:32:37,42.5265731811523,-8.84735488891602,"Female"
"9004151",371994,2025-06-04 17:37:37,42.5265693664551,-8.84727382659912,"Female"
"9004151",371994,2025-06-04 17:42:37,42.5265960693359,-8.8472204208374,"Female"
"9004151",371994,2025-06-04 17:47:37,42.5322113037109,-8.85162162780762,"Female"
"9004151",371994,2025-06-04 17:52:37,42.5332145690918,-8.85090637207031,"Female"
"9004151",371994,2025-06-04 17:57:49,42.5344734191895,-8.85018634796143,"Female"
"9004151",371994,2025-06-04 18:03:20,42.5352897644043,-8.84825134277344,"Female"
"9004151",371994,2025-06-04 18:09:00,42.5357093811035,-8.84772205352783,"Female"
"9004151",371994,2025-06-04 18:14:20,42.5370559692383,-8.8474817276001,"Female"
"9004151",371994,2025-06-04 18:19:43,42.5371322631836,-8.84789752960205,"Female"
"9004151",371994,2025-06-04 18:24:53,42.5367431640625,-8.84687042236328,"Female"
"9004151",371994,2025-06-04 18:29:53,42.5369338989258,-8.84724235534668,"Female"
"9004151",371994,2025-06-04 18:35:32,42.5354156494141,-8.84685802459717,"Female"
"9004151",371994,2025-06-04 18:40:35,42.5348587036133,-8.84792137145996,"Female"
"9004151",371994,2025-06-04 18:45:38,42.5345687866211,-8.84800434112549,"Female"
"9004151",371994,2025-06-04 18:50:35,42.5336303710938,-8.84858226776123,"Female"
"9004151",371994,2025-06-04 18:55:51,42.5325088500977,-8.84965515136719,"Female"
"9004151",371994,2025-06-04 19:00:51,42.5312805175781,-8.85056018829346,"Female"
"9004151",371994,2025-06-04 19:05:51,42.5100555419922,-8.87222576141357,"Female"
"9004151",371994,2025-06-04 19:10:51,42.504997253418,-8.87912559509277,"Female"
"9004151",371994,2025-06-04 19:15:51,42.501880645752,-8.88508987426758,"Female"
"9004151",371994,2025-06-04 19:20:51,42.4816703796387,-8.92491436004639,"Female"
"9004151",371994,2025-06-04 19:25:51,42.4531860351562,-8.94419193267822,"Female"
"9004151",371994,2025-06-04 19:35:25,42.400764465332,-8.9210319519043,"Female"
"9004151",371994,2025-06-04 19:40:24,42.4008102416992,-8.92105579376221,"Female"
"9004151",371994,2025-06-04 19:45:26,42.400691986084,-8.92085361480713,"Female"
"9004151",371994,2025-06-04 19:54:14,42.4004783630371,-8.92131996154785,"Female"
"9004151",371994,2025-06-04 19:58:49,42.4006881713867,-8.9214506149292,"Female"
"9004151",371994,2025-06-04 20:03:49,42.4004783630371,-8.92127990722656,"Female"
"9004151",371994,2025-06-04 20:08:48,42.4008560180664,-8.9215202331543,"Female"
"9004151",371994,2025-06-04 20:13:47,42.4009246826172,-8.92105770111084,"Female"
"9004151",371994,2025-06-04 20:25:17,42.4006614685059,-8.92107200622559,"Female"
"9004151",371994,2025-06-04 20:36:58,42.400764465332,-8.92113971710205,"Female"
"9004151",371994,2025-06-04 20:42:24,42.400577545166,-8.92126274108887,"Female"
"9004151",371994,2025-06-04 20:51:01,42.4003753662109,-8.92147827148438,"Female"
"9004151",371994,2025-06-04 20:55:58,42.4004364013672,-8.92128849029541,"Female"
"9004151",371994,2025-06-04 21:00:58,42.4000205993652,-8.92148208618164,"Female"
"9004151",371994,2025-06-04 21:05:58,42.3997611999512,-8.92170429229736,"Female"
"9004151",371994,2025-06-04 21:10:57,42.3997573852539,-8.92137145996094,"Female"
"9004151",371994,2025-06-04 21:15:57,42.39990234375,-8.92144775390625,"Female"
"9004151",371994,2025-06-04 21:21:00,42.3998146057129,-8.92096519470215,"Female"
"9004151",371994,2025-06-04 21:26:12,42.4002380371094,-8.92166709899902,"Female"
"9004151",371994,2025-06-04 21:30:56,42.3999061584473,-8.92141437530518,"Female"
"9004151",371994,2025-06-04 21:35:54,42.3998489379883,-8.92144298553467,"Female"
"9004151",371994,2025-06-04 21:40:54,42.4000282287598,-8.92078399658203,"Female"
"9004151",371994,2025-06-04 21:46:14,42.4003601074219,-8.92136287689209,"Female"
"9004151",371994,2025-06-04 21:50:54,42.4003982543945,-8.92131900787354,"Female"
"9004151",371994,2025-06-04 21:55:56,42.4006080627441,-8.92040729522705,"Female"
"9004151",371994,2025-06-04 22:00:54,42.400562286377,-8.92080593109131,"Female"
"9004151",371994,2025-06-04 22:05:54,42.4004096984863,-8.92087936401367,"Female"
"9004151",371994,2025-06-04 22:10:54,42.4004745483398,-8.92097568511963,"Female"
"9004151",371994,2025-06-04 22:15:54,42.4004516601562,-8.92094993591309,"Female"
"9004151",371994,2025-06-04 22:20:54,42.400463104248,-8.92089653015137,"Female"
"9004151",371994,2025-06-04 22:25:54,42.4004249572754,-8.92092895507812,"Female"
"9004151",371994,2025-06-04 22:30:54,42.400447845459,-8.9209623336792,"Female"
"9004151",371994,2025-06-04 22:35:54,42.4004707336426,-8.92100143432617,"Female"
"9004151",371994,2025-06-04 22:40:54,42.4004821777344,-8.92102146148682,"Female"
"9004151",371994,2025-06-04 22:45:55,42.4005355834961,-8.92089557647705,"Female"
"9004151",371994,2025-06-04 22:50:56,42.4006576538086,-8.92100715637207,"Female"
"9004151",371994,2025-06-04 22:55:55,42.4007110595703,-8.92114543914795,"Female"
"9004151",371994,2025-06-04 23:00:55,42.400707244873,-8.92133140563965,"Female"
"9004151",371994,2025-06-04 23:05:56,42.4007759094238,-8.92133522033691,"Female"
"9004151",371994,2025-06-04 23:10:57,42.4007606506348,-8.92116355895996,"Female"
"9004151",371994,2025-06-04 23:15:56,42.4008407592773,-8.92090606689453,"Female"
"9004151",371994,2025-06-04 23:21:01,42.401008605957,-8.92055702209473,"Female"
"9004151",371994,2025-06-04 23:25:57,42.4006462097168,-8.92109203338623,"Female"
"9004151",371994,2025-06-04 23:31:10,42.4007568359375,-8.92086029052734,"Female"
"9004151",371994,2025-06-04 23:35:56,42.4008674621582,-8.92110824584961,"Female"
"9004151",371994,2025-06-04 23:41:01,42.4006767272949,-8.92086505889893,"Female"
"9004151",371994,2025-06-04 23:46:06,42.4007225036621,-8.9208459854126,"Female"
"9004151",371994,2025-06-04 23:51:06,42.4006156921387,-8.92071723937988,"Female"
"9004151",371994,2025-06-04 23:55:58,42.4007186889648,-8.92073440551758,"Female"
"9004151",371994,2025-06-05 00:01:06,42.4007263183594,-8.92085266113281,"Female"
"9004151",371994,2025-06-05 00:05:58,42.4006385803223,-8.92157936096191,"Female"
"9004151",371994,2025-06-05 00:11:00,42.4005928039551,-8.92145824432373,"Female"
"9004151",371994,2025-06-05 00:15:55,42.400806427002,-8.92102241516113,"Female"
"9004151",371994,2025-06-05 00:20:57,42.4006996154785,-8.92156982421875,"Female"
"9004151",371994,2025-06-05 00:26:11,42.4007568359375,-8.92086124420166,"Female"
"9004151",371994,2025-06-05 00:31:04,42.4007606506348,-8.92080497741699,"Female"
"9004151",371994,2025-06-05 00:35:59,42.4007568359375,-8.92094993591309,"Female"
"9004151",371994,2025-06-05 00:41:03,42.4006881713867,-8.92089366912842,"Female"
"9004151",371994,2025-06-05 00:45:57,42.4005241394043,-8.91990947723389,"Female"
"9004151",371994,2025-06-05 00:51:04,42.4005889892578,-8.92094898223877,"Female"
"9004151",371994,2025-06-05 00:55:58,42.400634765625,-8.92121887207031,"Female"
"9004151",371994,2025-06-05 01:01:06,42.4006500244141,-8.92086315155029,"Female"
"9004151",371994,2025-06-05 01:05:58,42.4007720947266,-8.92109489440918,"Female"
"9004151",371994,2025-06-05 01:10:56,42.400577545166,-8.9205207824707,"Female"
"9004151",371994,2025-06-05 01:15:55,42.4006500244141,-8.92152214050293,"Female"
"9004151",371994,2025-06-05 01:20:56,42.4005661010742,-8.92056751251221,"Female"
"9004151",371994,2025-06-05 01:26:01,42.4006576538086,-8.92105960845947,"Female"
"9004151",371994,2025-06-05 01:30:55,42.4005813598633,-8.92018127441406,"Female"
"9004151",371994,2025-06-05 01:35:56,42.4006462097168,-8.9208869934082,"Female"
"9004151",371994,2025-06-05 01:41:03,42.4007415771484,-8.9210376739502,"Female"
"9004151",371994,2025-06-05 01:46:03,42.4007453918457,-8.92081546783447,"Female"
"9004151",371994,2025-06-05 01:50:57,42.4008750915527,-8.92119407653809,"Female"
"9004151",371994,2025-06-05 01:56:08,42.4007797241211,-8.92096996307373,"Female"
"9004151",371994,2025-06-05 02:00:58,42.4010925292969,-8.92120933532715,"Female"
"9004151",371994,2025-06-05 02:05:56,42.4009094238281,-8.92086315155029,"Female"
"9004151",371994,2025-06-05 02:10:55,42.4008827209473,-8.92076969146729,"Female"
"9004151",371994,2025-06-05 02:15:55,42.4009056091309,-8.92085456848145,"Female"
"9004151",371994,2025-06-05 02:20:56,42.4009819030762,-8.92081546783447,"Female"
"9004151",371994,2025-06-05 02:25:55,42.4011306762695,-8.92074108123779,"Female"
"9004151",371994,2025-06-05 02:30:55,42.4010353088379,-8.92099952697754,"Female"
"9004151",371994,2025-06-05 02:36:00,42.4016952514648,-8.91993141174316,"Female"
"9004151",371994,2025-06-05 02:40:58,42.4011650085449,-8.92073249816895,"Female"
"9004151",371994,2025-06-05 02:46:06,42.4011344909668,-8.92108631134033,"Female"
"9004151",371994,2025-06-05 02:51:06,42.4011497497559,-8.9212818145752,"Female"
"9004151",371994,2025-06-05 02:55:58,42.4012107849121,-8.9213171005249,"Female"
"9004151",371994,2025-06-05 03:00:59,42.400936126709,-8.9214506149292,"Female"
"9004151",371994,2025-06-05 03:06:14,42.4004058837891,-8.92167472839355,"Female"
"9004151",371994,2025-06-05 03:11:00,42.4004211425781,-8.92179107666016,"Female"
"9004151",371994,2025-06-05 03:15:55,42.4004592895508,-8.92165660858154,"Female"
"9004151",371994,2025-06-05 03:20:56,42.4004364013672,-8.92172431945801,"Female"
"9004151",371994,2025-06-05 03:25:54,42.4004402160645,-8.92175197601318,"Female"
"9004151",371994,2025-06-05 03:30:54,42.4004325866699,-8.921555519104,"Female"
"9004151",371994,2025-06-05 03:35:54,42.4004020690918,-8.92140102386475,"Female"
"9004151",371994,2025-06-05 03:40:54,42.4005012512207,-8.92144680023193,"Female"
"9004151",371994,2025-06-05 03:45:57,42.4004898071289,-8.92145442962646,"Female"
"9004151",371994,2025-06-05 03:50:58,42.400463104248,-8.92143440246582,"Female"
"9004151",371994,2025-06-05 03:55:55,42.4006690979004,-8.921311378479,"Female"
"9004151",371994,2025-06-05 04:00:55,42.4006004333496,-8.92120838165283,"Female"
"9004151",371994,2025-06-05 04:05:55,42.4007034301758,-8.92122840881348,"Female"
"9004151",371994,2025-06-05 04:10:54,42.4007568359375,-8.92127227783203,"Female"
"9004151",371994,2025-06-05 04:15:55,42.4008941650391,-8.92128276824951,"Female"
"9004151",371994,2025-06-05 04:20:54,42.4009170532227,-8.92131423950195,"Female"
"9004151",371994,2025-06-05 04:25:54,42.4008827209473,-8.92139911651611,"Female"
"9004151",371994,2025-06-05 04:30:54,42.4009132385254,-8.92135429382324,"Female"
"9004151",371994,2025-06-05 04:35:54,42.4009475708008,-8.92120552062988,"Female"
"9004151",371994,2025-06-05 04:40:54,42.4010047912598,-8.92120265960693,"Female"
"9004151",371994,2025-06-05 04:45:54,42.4009552001953,-8.92119693756104,"Female"
"9004151",371994,2025-06-05 04:50:54,42.400951385498,-8.92118358612061,"Female"
"9004151",371994,2025-06-05 04:55:55,42.4008979797363,-8.92121982574463,"Female"
"9004151",371994,2025-06-05 05:00:55,42.4009170532227,-8.92115306854248,"Female"
"9004151",371994,2025-06-05 05:05:55,42.4010124206543,-8.92097663879395,"Female"
"9004151",371994,2025-06-05 05:10:57,42.4008560180664,-8.92114925384521,"Female"
"9004151",371994,2025-06-05 05:15:55,42.4010353088379,-8.9209680557251,"Female"
"9004151",371994,2025-06-05 05:20:55,42.4007263183594,-8.92131519317627,"Female"
"9004151",371994,2025-06-05 05:25:56,42.4006881713867,-8.92131233215332,"Female"
"9004151",371994,2025-06-05 05:30:57,42.4007110595703,-8.92125606536865,"Female"
"9004151",371994,2025-06-05 05:36:03,42.4009895324707,-8.92083263397217,"Female"
"9004151",371994,2025-06-05 05:41:01,42.400577545166,-8.92126846313477,"Female"
"9004151",371994,2025-06-05 05:45:57,42.4006309509277,-8.92137622833252,"Female"
"9004151",371994,2025-06-05 05:51:12,42.4003982543945,-8.92135715484619,"Female"
"9004151",371994,2025-06-05 05:55:54,42.4005317687988,-8.92107963562012,"Female"
"9004151",371994,2025-06-05 06:00:54,42.4002799987793,-8.92167091369629,"Female"
"9004151",371994,2025-06-05 06:05:54,42.4003067016602,-8.92159557342529,"Female"
"9004151",371994,2025-06-05 06:10:54,42.4003982543945,-8.92149448394775,"Female"
"9004151",371994,2025-06-05 06:15:54,42.4005813598633,-8.92119312286377,"Female"
"9004151",371994,2025-06-05 06:20:55,42.4004974365234,-8.92137908935547,"Female"
"9004151",371994,2025-06-05 06:25:56,42.4006156921387,-8.92121982574463,"Female"
"9004151",371994,2025-06-05 06:30:56,42.4006996154785,-8.92111587524414,"Female"
"9004151",371994,2025-06-05 06:35:55,42.4010620117188,-8.92093849182129,"Female"
"9004151",371994,2025-06-05 06:40:58,42.4006958007812,-8.9211311340332,"Female"
"9004151",371994,2025-06-05 06:45:56,42.4012794494629,-8.92098522186279,"Female"
"9004151",371994,2025-06-05 06:51:01,42.400520324707,-8.92108154296875,"Female"
"9004151",371994,2025-06-05 06:55:59,42.4002227783203,-8.92098617553711,"Female"
"9004151",371994,2025-06-05 07:01:06,42.4006881713867,-8.92092323303223,"Female"
"9004151",371994,2025-06-05 07:06:06,42.4007263183594,-8.9208869934082,"Female"
"9004151",371994,2025-06-05 07:11:01,42.4006729125977,-8.92092037200928,"Female"
"9004151",371994,2025-06-05 07:16:00,42.4007339477539,-8.9207706451416,"Female"
"9004151",371994,2025-06-05 07:20:57,42.4005546569824,-8.92080593109131,"Female"
"9004151",371994,2025-06-05 07:25:58,42.4039306640625,-8.91895866394043,"Female"
"9004151",371994,2025-06-05 07:30:56,42.4140815734863,-8.89689445495605,"Female"
"9004151",371994,2025-06-05 07:35:58,42.4151954650879,-8.89236068725586,"Female"
"9004151",371994,2025-06-05 07:40:58,42.4221038818359,-8.89392375946045,"Female"
"9004151",371994,2025-06-05 07:46:06,42.4227294921875,-8.89318370819092,"Female"
"9004151",371994,2025-06-05 07:51:13,42.4242782592773,-8.89191055297852,"Female"
"9004151",371994,2025-06-05 07:56:12,42.428596496582,-8.89354610443115,"Female"
"9004151",371994,2025-06-05 08:02:30,42.4305801391602,-8.89472007751465,"Female"
"9004151",371994,2025-06-05 08:12:05,42.4315223693848,-8.89580249786377,"Female"
"9004151",371994,2025-06-05 08:17:09,42.4321479797363,-8.89550590515137,"Female"
"9004151",371994,2025-06-05 08:22:04,42.432674407959,-8.89426517486572,"Female"
"9004151",371994,2025-06-05 08:27:08,42.4327926635742,-8.89307308197021,"Female"
"9004151",371994,2025-06-05 08:32:03,42.4332389831543,-8.8917293548584,"Female"
"9004151",371994,2025-06-05 08:37:14,42.4337425231934,-8.89139842987061,"Female"
"9004151",371994,2025-06-05 08:42:09,42.4343910217285,-8.89081001281738,"Female"
"9004151",371994,2025-06-05 08:47:09,42.4351921081543,-8.89059638977051,"Female"
"9004151",371994,2025-06-05 08:52:10,42.4362754821777,-8.89111518859863,"Female"
"9004151",371994,2025-06-05 08:57:09,42.4374618530273,-8.89032745361328,"Female"
"9004151",371994,2025-06-05 09:02:09,42.4386215209961,-8.89032936096191,"Female"
"9004151",371994,2025-06-05 09:07:06,42.4390411376953,-8.89069175720215,"Female"
"9004151",371994,2025-06-05 09:12:03,42.4385757446289,-8.89292335510254,"Female"
"9004151",371994,2025-06-05 09:17:07,42.435905456543,-8.89292907714844,"Female"
"9004151",371994,2025-06-05 09:22:06,42.4334182739258,-8.89819526672363,"Female"
"9004151",371994,2025-06-05 09:28:09,42.4338607788086,-8.8998498916626,"Female"
"9004151",371994,2025-06-05 09:34:05,42.4323806762695,-8.89871406555176,"Female"
"9004151",371994,2025-06-05 09:39:05,42.4315490722656,-8.8994140625,"Female"
"9004151",371994,2025-06-05 09:44:06,42.4293594360352,-8.89765167236328,"Female"
"9004151",371994,2025-06-05 09:49:11,42.4286003112793,-8.89674472808838,"Female"
"9004151",371994,2025-06-05 09:54:11,42.4286117553711,-8.89583396911621,"Female"
"9004151",371994,2025-06-05 09:59:11,42.428638458252,-8.89465713500977,"Female"
"9004151",371994,2025-06-05 10:04:11,42.4285583496094,-8.89400100708008,"Female"
"9004151",371994,2025-06-05 10:09:44,42.4277572631836,-8.89166259765625,"Female"
"9004151",371994,2025-06-05 10:14:43,42.4271469116211,-8.89278984069824,"Female"
"9004151",371994,2025-06-05 10:19:44,42.426441192627,-8.89382457733154,"Female"
"9004151",371994,2025-06-05 10:24:43,42.4266242980957,-8.89420223236084,"Female"
"9004151",371994,2025-06-05 10:29:46,42.4255828857422,-8.89589977264404,"Female"
"9004151",371994,2025-06-05 10:34:44,42.4226417541504,-8.89844417572021,"Female"
"9004151",371994,2025-06-05 10:39:53,42.4228477478027,-8.89795589447021,"Female"
"9004151",371994,2025-06-05 10:44:51,42.4228477478027,-8.89890193939209,"Female"
"9004151",371994,2025-06-05 10:49:48,42.4227714538574,-8.89839363098145,"Female"
"9004151",371994,2025-06-05 10:55:36,42.4223098754883,-8.89935111999512,"Female"
"9004151",371994,2025-06-05 11:00:37,42.4219360351562,-8.90027809143066,"Female"
"9004151",371994,2025-06-05 11:05:33,42.4216346740723,-8.90097045898438,"Female"
"9004151",371994,2025-06-05 11:10:34,42.4044609069824,-8.91662216186523,"Female"
"9004151",371994,2025-06-05 11:15:33,42.400390625,-8.92064380645752,"Female"
"9004151",371994,2025-06-05 11:20:43,42.4006538391113,-8.92090320587158,"Female"
"9004151",371994,2025-06-05 11:25:35,42.4007682800293,-8.920973777771,"Female"
"9004151",371994,2025-06-05 11:30:33,42.4006462097168,-8.92086982727051,"Female"
"9004151",371994,2025-06-05 11:35:39,42.4007873535156,-8.92109394073486,"Female"
"9004151",371994,2025-06-05 11:40:41,42.4007148742676,-8.9209451675415,"Female"
"9004151",371994,2025-06-05 11:46:02,42.4005317687988,-8.92061138153076,"Female"
"9004151",371994,2025-06-05 11:50:36,42.400447845459,-8.92087459564209,"Female"
"9004151",371994,2025-06-05 11:55:37,42.4004135131836,-8.92073917388916,"Female"
"9004151",371994,2025-06-05 12:00:34,42.4004135131836,-8.92069721221924,"Female"
"9004151",371994,2025-06-05 12:05:33,42.4004173278809,-8.92084884643555,"Female"
"9004151",371994,2025-06-05 12:10:33,42.4004364013672,-8.92097854614258,"Female"
"9004151",371994,2025-06-05 12:15:36,42.4004287719727,-8.92070007324219,"Female"
"9004151",371994,2025-06-05 12:20:33,42.4004821777344,-8.92071342468262,"Female"
"9004151",371994,2025-06-05 12:25:34,42.4004135131836,-8.92065143585205,"Female"
"9004151",371994,2025-06-05 12:30:36,42.4005088806152,-8.92068862915039,"Female"
"9004151",371994,2025-06-05 12:35:35,42.4004249572754,-8.92055797576904,"Female"
"9004151",371994,2025-06-05 12:40:42,42.4004402160645,-8.92068672180176,"Female"
"9004151",371994,2025-06-05 12:45:42,42.4001388549805,-8.92044734954834,"Female"
"9004151",371994,2025-06-05 12:50:38,42.4001655578613,-8.92035007476807,"Female"
"9004151",371994,2025-06-05 12:55:37,42.3993186950684,-8.91791343688965,"Female"
"9004151",371994,2025-06-05 13:00:49,42.4001426696777,-8.92036914825439,"Female"
"9004151",371994,2025-06-05 13:05:39,42.3997192382812,-8.91979503631592,"Female"
"9004151",371994,2025-06-05 13:10:39,42.3997116088867,-8.91979217529297,"Female"
"9004151",371994,2025-06-05 13:15:39,42.3996658325195,-8.91981410980225,"Female"
"9004151",371994,2025-06-05 13:20:40,42.3995704650879,-8.91971111297607,"Female"
"9004151",371994,2025-06-05 13:25:37,42.3995742797852,-8.91976737976074,"Female"
"9004151",371994,2025-06-05 13:30:39,42.3995170593262,-8.91974830627441,"Female"
"9004151",371994,2025-06-05 13:35:37,42.3993988037109,-8.91973304748535,"Female"
"9004151",371994,2025-06-05 13:40:37,42.3993339538574,-8.91978645324707,"Female"
"9004151",371994,2025-06-05 13:45:43,42.3992729187012,-8.91986465454102,"Female"
"9004151",371994,2025-06-05 13:50:43,42.3992462158203,-8.91985607147217,"Female"
"9004151",371994,2025-06-05 13:55:33,42.3981552124023,-8.91914463043213,"Female"
"9004151",371994,2025-06-05 14:01:05,42.4004020690918,-8.92056083679199,"Female"
"9004151",371994,2025-06-05 14:05:33,42.4004211425781,-8.92057800292969,"Female"
"9004151",371994,2025-06-05 14:10:35,42.4004364013672,-8.92072582244873,"Female"
"9004151",371994,2025-06-05 14:15:42,42.4003143310547,-8.92069625854492,"Female"
"9004151",371994,2025-06-05 14:20:33,42.4004859924316,-8.92094898223877,"Female"
"9004151",371994,2025-06-05 14:25:39,42.4002723693848,-8.92080974578857,"Female"
"9004151",371994,2025-06-05 14:30:42,42.4003601074219,-8.92093181610107,"Female"
"9004151",371994,2025-06-05 14:35:42,42.4003791809082,-8.92086029052734,"Female"
"9004151",371994,2025-06-05 14:40:39,42.4003448486328,-8.92072868347168,"Female"
"9004151",371994,2025-06-05 14:45:39,42.4002838134766,-8.92070579528809,"Female"
"9004151",371994,2025-06-05 14:50:43,42.4003486633301,-8.92096614837646,"Female"
"9004151",371994,2025-06-05 14:55:39,42.4003219604492,-8.92113494873047,"Female"
"9004151",371994,2025-06-05 15:00:39,42.4004821777344,-8.92087459564209,"Female"
"9004151",371994,2025-06-05 15:05:39,42.4005889892578,-8.92072486877441,"Female"
"9004151",371994,2025-06-05 15:11:05,42.4003944396973,-8.92110538482666,"Female"
"9004151",371994,2025-06-05 15:15:33,42.4004783630371,-8.92103004455566,"Female"
"9004151",371994,2025-06-05 15:20:33,42.4004440307617,-8.92098522186279,"Female"
"9004151",371994,2025-06-05 15:25:32,42.4004096984863,-8.92106056213379,"Female"
"9004151",371994,2025-06-05 15:30:32,42.4004440307617,-8.92110443115234,"Female"
"9004151",371994,2025-06-05 15:35:32,42.4004440307617,-8.92113399505615,"Female"
"9004151",371994,2025-06-05 15:40:32,42.4003829956055,-8.92110729217529,"Female"
"9004151",371994,2025-06-05 15:45:32,42.4004364013672,-8.92108249664307,"Female"
"9004151",371994,2025-06-05 15:50:32,42.4003791809082,-8.92107772827148,"Female"
"9004151",371994,2025-06-05 15:55:33,42.4004325866699,-8.92114353179932,"Female"
"9004151",371994,2025-06-05 16:00:33,42.4003715515137,-8.92113018035889,"Female"
"9004151",371994,2025-06-05 16:05:33,42.4004669189453,-8.92098426818848,"Female"
"9004151",371994,2025-06-05 16:10:33,42.4003944396973,-8.92114925384521,"Female"
"9004151",371994,2025-06-05 16:15:32,42.4003524780273,-8.92104148864746,"Female"
"9004151",371994,2025-06-05 16:20:33,42.4004364013672,-8.92104339599609,"Female"
"9004151",371994,2025-06-05 16:25:33,42.4002723693848,-8.92139339447021,"Female"
"9004151",371994,2025-06-05 16:30:33,42.4004745483398,-8.92102813720703,"Female"
"9004151",371994,2025-06-05 16:35:33,42.4003448486328,-8.92106151580811,"Female"
"9004151",371994,2025-06-05 16:40:33,42.400505065918,-8.92117786407471,"Female"
"9004151",371994,2025-06-05 16:45:36,42.4003219604492,-8.92123603820801,"Female"
"9004151",371994,2025-06-05 16:50:41,42.4005508422852,-8.92092227935791,"Female"
"9004151",371994,2025-06-05 16:55:42,42.4005393981934,-8.92100620269775,"Female"
"9004151",371994,2025-06-05 17:00:35,42.4005966186523,-8.92092037200928,"Female"
"9004151",371994,2025-06-05 17:05:42,42.4005699157715,-8.92106246948242,"Female"
"9004151",371994,2025-06-05 17:10:33,42.4009170532227,-8.92127990722656,"Female"
"9004151",371994,2025-06-05 17:15:36,42.4006309509277,-8.92138862609863,"Female"
"9004151",371994,2025-06-05 17:20:42,42.4006309509277,-8.92121887207031,"Female"
"9004151",371994,2025-06-05 17:25:33,42.4006195068359,-8.92119979858398,"Female"
"9004151",371994,2025-06-05 17:30:36,42.4007186889648,-8.92140865325928,"Female"
"9004151",371994,2025-06-05 17:35:36,42.4007148742676,-8.92152500152588,"Female"
"9004151",371994,2025-06-05 17:40:36,42.4006767272949,-8.92141151428223,"Female"
"9004151",371994,2025-06-05 17:45:44,42.4003791809082,-8.92101573944092,"Female"
"9004151",371994,2025-06-05 17:50:34,42.4003829956055,-8.9210319519043,"Female"
"9004151",371994,2025-06-05 17:55:33,42.4004592895508,-8.92142963409424,"Female"
"9004151",371994,2025-06-05 18:00:38,42.4003562927246,-8.92106151580811,"Female"
"9004151",371994,2025-06-05 18:05:39,42.400390625,-8.92123222351074,"Female"
"9004151",371994,2025-06-05 18:10:36,42.4004364013672,-8.92145824432373,"Female"
"9004151",371994,2025-06-05 18:15:48,42.4011573791504,-8.91946697235107,"Female"
"9004151",371994,2025-06-05 18:20:39,42.4012069702148,-8.91922378540039,"Female"
"9004151",371994,2025-06-05 18:25:40,42.4013175964355,-8.91903209686279,"Female"
"9004151",371994,2025-06-05 18:30:39,42.4015083312988,-8.91880321502686,"Female"
"9004151",371994,2025-06-05 18:35:37,42.4015808105469,-8.9185094833374,"Female"
"9004151",371994,2025-06-05 18:40:40,42.4013862609863,-8.91896915435791,"Female"
"9004151",371994,2025-06-05 18:45:51,42.4000778198242,-8.92096900939941,"Female"
"9004151",371994,2025-06-05 18:50:46,42.4003295898438,-8.92131519317627,"Female"
"9004151",371994,2025-06-05 18:55:52,42.3998184204102,-8.92252063751221,"Female"
"9004151",371994,2025-06-05 19:01:05,42.400505065918,-8.92045783996582,"Female"
"9004151",371994,2025-06-05 19:05:32,42.400505065918,-8.92067527770996,"Female"
"9004151",371994,2025-06-05 19:10:33,42.4005966186523,-8.92061710357666,"Female"
"9004151",371994,2025-06-05 19:15:32,42.4005661010742,-8.92074012756348,"Female"
"9004151",371994,2025-06-05 19:20:32,42.4007186889648,-8.92053890228271,"Female"
"9004151",371994,2025-06-05 19:25:32,42.4005546569824,-8.92052841186523,"Female"
"9004151",371994,2025-06-05 19:30:33,42.400520324707,-8.92062854766846,"Female"
"9004151",371994,2025-06-05 19:35:32,42.4006500244141,-8.92069911956787,"Female"
"9004151",371994,2025-06-05 19:40:33,42.4004936218262,-8.92098045349121,"Female"
"9004151",371994,2025-06-05 19:45:33,42.4002990722656,-8.92075538635254,"Female"
"9004151",371994,2025-06-05 19:50:32,42.4005088806152,-8.92092323303223,"Female"
"9004151",371994,2025-06-05 19:55:32,42.4004936218262,-8.92096424102783,"Female"
"9004151",371994,2025-06-05 20:00:33,42.400463104248,-8.92116737365723,"Female"
"9004151",371994,2025-06-05 20:05:33,42.400463104248,-8.92120838165283,"Female"
"9004151",371994,2025-06-05 20:10:33,42.4004554748535,-8.92118358612061,"Female"
"9004151",371994,2025-06-05 20:15:33,42.4004859924316,-8.92119312286377,"Female"
"9004151",371994,2025-06-05 20:20:33,42.4004554748535,-8.92123508453369,"Female"
"9004151",371994,2025-06-05 20:25:33,42.4004440307617,-8.92116260528564,"Female"
"9004151",371994,2025-06-05 20:30:33,42.4004821777344,-8.92120456695557,"Female"
"9004151",371994,2025-06-05 20:35:34,42.4005317687988,-8.92114353179932,"Female"
"9004151",371994,2025-06-05 20:40:33,42.4005279541016,-8.92111396789551,"Female"
"9004151",371994,2025-06-05 20:45:36,42.4004669189453,-8.92128467559814,"Female"
"9004151",371994,2025-06-05 20:50:36,42.4005126953125,-8.9211483001709,"Female"
"9004151",371994,2025-06-05 20:55:37,42.4003639221191,-8.92137336730957,"Female"
"9004151",371994,2025-06-05 21:00:34,42.400333404541,-8.92134189605713,"Female"
"9004151",371994,2025-06-05 21:05:33,42.4005737304688,-8.92101287841797,"Female"
"9004151",371994,2025-06-05 21:10:36,42.4003601074219,-8.92145156860352,"Female"
"9004151",371994,2025-06-05 21:15:34,42.4004402160645,-8.92178249359131,"Female"
"9004151",371994,2025-06-05 21:20:34,42.4005279541016,-8.92144393920898,"Female"
"9004151",371994,2025-06-05 21:25:36,42.4004554748535,-8.92147827148438,"Female"
"9004151",371994,2025-06-05 21:30:36,42.4004859924316,-8.92138195037842,"Female"
"9004151",371994,2025-06-05 21:35:34,42.4004745483398,-8.92164516448975,"Female"
"9004151",371994,2025-06-05 21:40:33,42.4004325866699,-8.92156600952148,"Female"
"9004151",371994,2025-06-05 21:45:36,42.4005508422852,-8.92144584655762,"Female"
"9004151",371994,2025-06-05 21:50:33,42.4006042480469,-8.92116641998291,"Female"
"9004151",371994,2025-06-05 21:55:34,42.4004554748535,-8.92123317718506,"Female"
"9004151",371994,2025-06-05 22:00:36,42.4005393981934,-8.92130851745605,"Female"
"9004151",371994,2025-06-05 22:05:34,42.4005393981934,-8.92138957977295,"Female"
"9004151",371994,2025-06-05 22:10:39,42.4002723693848,-8.92105388641357,"Female"
"9004151",371994,2025-06-05 22:15:38,42.4005584716797,-8.92129516601562,"Female"
"9004151",371994,2025-06-05 22:20:34,42.4003601074219,-8.92081928253174,"Female"
"9004151",371994,2025-06-05 22:25:37,42.4003829956055,-8.92075824737549,"Female"
"9004151",371994,2025-06-05 22:30:35,42.4006843566895,-8.92090129852295,"Female"
"9004151",371994,2025-06-05 22:35:39,42.4003448486328,-8.92087841033936,"Female"
"9004151",371994,2025-06-05 22:40:39,42.4003257751465,-8.92082595825195,"Female"
"9004151",371994,2025-06-05 22:45:39,42.3999099731445,-8.92219638824463,"Female"
"9004151",371994,2025-06-05 22:50:55,42.4002151489258,-8.92112255096436,"Female"
"9004151",371994,2025-06-05 22:55:39,42.4002876281738,-8.9209566116333,"Female"
"9004151",371994,2025-06-05 23:00:39,42.4001274108887,-8.92117977142334,"Female"
"9004151",371994,2025-06-05 23:05:54,42.4003410339355,-8.92086410522461,"Female"
"9004151",371994,2025-06-05 23:11:05,42.4002304077148,-8.92103099822998,"Female"
"9004151",371994,2025-06-05 23:15:32,42.4001998901367,-8.92136192321777,"Female"
"9004151",371994,2025-06-05 23:20:32,42.4002075195312,-8.92147445678711,"Female"
"9004151",371994,2025-06-05 23:25:32,42.4003219604492,-8.92120742797852,"Female"
"9004151",371994,2025-06-05 23:30:32,42.4004859924316,-8.92106151580811,"Female"
"9004151",371994,2025-06-05 23:35:33,42.4008979797363,-8.92031860351562,"Female"
"9004151",371994,2025-06-05 23:40:33,42.4006271362305,-8.92080497741699,"Female"
"9004151",371994,2025-06-05 23:45:36,42.400764465332,-8.9204683303833,"Female"
"9004151",371994,2025-06-05 23:50:33,42.4004554748535,-8.92066860198975,"Female"
"9004151",371994,2025-06-05 23:55:34,42.4006385803223,-8.92053031921387,"Female"
"9004151",371994,2025-06-06 00:00:36,42.4006423950195,-8.92057704925537,"Female"
"9004151",371994,2025-06-06 00:05:34,42.4005699157715,-8.92057991027832,"Female"
"9004151",371994,2025-06-06 00:10:34,42.4005470275879,-8.92053890228271,"Female"
"9004151",371994,2025-06-06 00:15:33,42.4004669189453,-8.92050743103027,"Female"
"9004151",371994,2025-06-06 00:20:32,42.4003944396973,-8.92031860351562,"Female"
"9004151",371994,2025-06-06 00:25:33,42.4001617431641,-8.92010688781738,"Female"
"9004151",371994,2025-06-06 00:30:33,42.400447845459,-8.92039489746094,"Female"
"9004151",371994,2025-06-06 00:35:33,42.4003486633301,-8.92043590545654,"Female"
"9004151",371994,2025-06-06 00:40:33,42.400276184082,-8.92035007476807,"Female"
"9004151",371994,2025-06-06 00:45:33,42.400390625,-8.92056941986084,"Female"
"9004151",371994,2025-06-06 00:50:33,42.3996887207031,-8.9209623336792,"Female"
"9004151",371994,2025-06-06 00:55:33,42.3999290466309,-8.92024326324463,"Female"
"9004151",371994,2025-06-06 01:00:34,42.4003448486328,-8.92047023773193,"Female"
"9004151",371994,2025-06-06 01:05:34,42.4004707336426,-8.92049884796143,"Female"
"9004151",371994,2025-06-06 01:10:33,42.4000854492188,-8.92044639587402,"Female"
"9004151",371994,2025-06-06 01:15:33,42.4002380371094,-8.92050361633301,"Female"
"9004151",371994,2025-06-06 01:20:33,42.4001312255859,-8.92038536071777,"Female"
"9004151",371994,2025-06-06 01:25:34,42.4007453918457,-8.92056846618652,"Female"
"9004151",371994,2025-06-06 01:30:34,42.4004898071289,-8.92055797576904,"Female"
"9004151",371994,2025-06-06 01:35:33,42.4002952575684,-8.92042541503906,"Female"
"9004151",371994,2025-06-06 01:40:33,42.4000053405762,-8.92111110687256,"Female"
"9004151",371994,2025-06-06 01:45:33,42.3998489379883,-8.92118358612061,"Female"
"9004151",371994,2025-06-06 01:50:33,42.3994522094727,-8.92135047912598,"Female"
"9004151",371994,2025-06-06 01:55:34,42.4000473022461,-8.92112922668457,"Female"
"9004151",371994,2025-06-06 02:00:37,42.4001312255859,-8.9208459854126,"Female"
"9004151",371994,2025-06-06 02:05:33,42.4004325866699,-8.92084503173828,"Female"
"9004151",371994,2025-06-06 02:10:33,42.4004135131836,-8.92086887359619,"Female"
"9004151",371994,2025-06-06 02:15:33,42.4008903503418,-8.92058372497559,"Female"
"9004151",371994,2025-06-06 02:20:33,42.4010772705078,-8.92058849334717,"Female"
"9004151",371994,2025-06-06 02:25:39,42.400318145752,-8.9202938079834,"Female"
"9004151",371994,2025-06-06 02:30:37,42.4003944396973,-8.92038822174072,"Female"
"9004151",371994,2025-06-06 02:35:37,42.4004554748535,-8.92043399810791,"Female"
"9004151",371994,2025-06-06 02:40:37,42.4004554748535,-8.92043972015381,"Female"
"9004151",371994,2025-06-06 02:45:36,42.4004364013672,-8.92023944854736,"Female"
"9004151",371994,2025-06-06 02:50:36,42.4003601074219,-8.92047595977783,"Female"
"9004151",371994,2025-06-06 02:55:40,42.4004745483398,-8.92054748535156,"Female"
"9004151",371994,2025-06-06 03:00:39,42.400318145752,-8.92070960998535,"Female"
"9004151",371994,2025-06-06 03:05:42,42.4006004333496,-8.92100238800049,"Female"
"9004151",371994,2025-06-06 03:10:39,42.4004859924316,-8.92176246643066,"Female"
"9004151",371994,2025-06-06 03:15:43,42.400577545166,-8.92060279846191,"Female"
"9004151",371994,2025-06-06 03:20:38,42.4005012512207,-8.92157554626465,"Female"
"9004151",371994,2025-06-06 03:25:39,42.4004669189453,-8.91989326477051,"Female"
"9004151",371994,2025-06-06 03:30:40,42.4006271362305,-8.92096424102783,"Female"
"9004151",371994,2025-06-06 03:35:37,42.4005737304688,-8.92096996307373,"Female"
"9004151",371994,2025-06-06 03:40:39,42.4006080627441,-8.92078113555908,"Female"
"9004151",371994,2025-06-06 03:45:39,42.4005508422852,-8.92097568511963,"Female"
"9004151",371994,2025-06-06 03:50:39,42.4004592895508,-8.92063999176025,"Female"
"9004151",371994,2025-06-06 03:55:39,42.4005432128906,-8.92082214355469,"Female"
"9004151",371994,2025-06-06 04:00:39,42.400520324707,-8.92089939117432,"Female"
"9004151",371994,2025-06-06 04:05:39,42.4004249572754,-8.92062568664551,"Female"
"9004151",371994,2025-06-06 04:10:34,42.4005851745605,-8.9209098815918,"Female"
"9004151",371994,2025-06-06 04:15:44,42.4005241394043,-8.92077732086182,"Female"
"9004151",371994,2025-06-06 04:20:39,42.4005851745605,-8.92082405090332,"Female"
"9004151",371994,2025-06-06 04:25:33,42.4002723693848,-8.92108154296875,"Female"
"9004151",371994,2025-06-06 04:30:33,42.4004898071289,-8.92099094390869,"Female"
"9004151",371994,2025-06-06 04:36:05,42.4006042480469,-8.92088031768799,"Female"
"9004151",371994,2025-06-06 04:40:32,42.4005851745605,-8.92086601257324,"Female"
"9004151",371994,2025-06-06 04:45:32,42.4006500244141,-8.92083072662354,"Female"
"9004151",371994,2025-06-06 04:50:32,42.4006309509277,-8.92088794708252,"Female"
"9004151",371994,2025-06-06 04:55:32,42.4005699157715,-8.92089748382568,"Female"
"9004151",371994,2025-06-06 05:00:33,42.4006538391113,-8.92084312438965,"Female"
"9004151",371994,2025-06-06 05:05:33,42.4007415771484,-8.92059993743896,"Female"
"9004151",371994,2025-06-06 05:10:33,42.4005661010742,-8.92092609405518,"Female"
"9004151",371994,2025-06-06 05:15:38,42.4001693725586,-8.92133140563965,"Female"
"9004151",371994,2025-06-06 05:20:50,42.4000358581543,-8.92144775390625,"Female"
"9004151",371994,2025-06-06 05:25:48,42.400260925293,-8.9211893081665,"Female"
"9004151",371994,2025-06-06 05:30:46,42.4003257751465,-8.92123317718506,"Female"
"9004151",371994,2025-06-06 05:35:39,42.4003067016602,-8.92121028900146,"Female"
"9004151",371994,2025-06-06 05:40:38,42.4001007080078,-8.92143726348877,"Female"
"9004151",371994,2025-06-06 05:45:34,42.4001846313477,-8.92127799987793,"Female"
"9004151",371994,2025-06-06 05:50:34,42.4001770019531,-8.92140102386475,"Female"
"9004151",371994,2025-06-06 05:55:34,42.4001884460449,-8.92144966125488,"Female"
"9004151",371994,2025-06-06 06:00:37,42.4002647399902,-8.92131233215332,"Female"
"9004151",371994,2025-06-06 06:05:54,42.4003524780273,-8.92130851745605,"Female"
"9004151",371994,2025-06-06 06:10:39,42.4003067016602,-8.92118263244629,"Female"
"9004151",371994,2025-06-06 06:15:33,42.3996849060059,-8.92128562927246,"Female"
"9004151",371994,2025-06-06 06:20:44,42.400390625,-8.92085742950439,"Female"
"9004151",371994,2025-06-06 06:25:33,42.3996276855469,-8.92137241363525,"Female"
"9004151",371994,2025-06-06 06:30:48,42.4003410339355,-8.92131996154785,"Female"
"9004151",371994,2025-06-06 06:35:39,42.4002571105957,-8.92142868041992,"Female"
"9004151",371994,2025-06-06 06:40:33,42.4005355834961,-8.92215824127197,"Female"
"9004151",371994,2025-06-06 06:45:33,42.4130058288574,-8.92277431488037,"Female"
"9004151",371994,2025-06-06 06:50:33,42.4310493469238,-8.92990970611572,"Female"
"9004151",371994,2025-06-06 06:55:33,42.4775085449219,-8.94194793701172,"Female"
"9004151",371994,2025-06-06 07:00:33,42.4848442077637,-8.93122863769531,"Female"
"9004151",371994,2025-06-06 07:05:33,42.4906883239746,-8.91802883148193,"Female"
"9004151",371994,2025-06-06 07:10:33,42.5190467834473,-8.86806297302246,"Female"
"9004151",371994,2025-06-06 07:15:33,42.5342979431152,-8.85359859466553,"Female"
"9004151",371994,2025-06-06 07:20:33,42.5355567932129,-8.85348796844482,"Female"
"9004151",371994,2025-06-06 07:25:33,42.5367813110352,-8.85310173034668,"Female"
"9004151",371994,2025-06-06 07:30:34,42.5375785827637,-8.85212421417236,"Female"
"9004151",371994,2025-06-06 07:35:33,42.5372619628906,-8.85065650939941,"Female"
"9004151",371994,2025-06-06 07:40:34,42.5366554260254,-8.84928417205811,"Female"
"9004151",371994,2025-06-06 07:45:46,42.5359115600586,-8.84808158874512,"Female"
"9004151",371994,2025-06-06 07:51:13,42.5366134643555,-8.84709930419922,"Female"
"9004151",371994,2025-06-06 07:56:12,42.5377426147461,-8.84703254699707,"Female"
"9004151",371994,2025-06-06 08:01:13,42.538688659668,-8.84681034088135,"Female"
"9004151",371994,2025-06-06 08:06:47,42.5396461486816,-8.84682369232178,"Female"
"9004151",371994,2025-06-06 08:12:14,42.5408058166504,-8.8467378616333,"Female"
"9004151",371994,2025-06-06 08:16:58,42.5415573120117,-8.84675216674805,"Female"
"9004151",371994,2025-06-06 08:22:30,42.5402679443359,-8.84645843505859,"Female"
"9004151",371994,2025-06-06 08:28:20,42.5383682250977,-8.84634971618652,"Female"
"9004151",371994,2025-06-06 08:33:18,42.5383758544922,-8.84737300872803,"Female"
"9004151",371994,2025-06-06 08:38:18,42.5392913818359,-8.84742832183838,"Female"
"9004151",371994,2025-06-06 08:43:18,42.5402565002441,-8.84777355194092,"Female"
"9004151",371994,2025-06-06 08:48:19,42.5411338806152,-8.84790325164795,"Female"
"9004151",371994,2025-06-06 08:53:18,42.5419845581055,-8.84836959838867,"Female"
"9004151",371994,2025-06-06 08:58:18,42.5427589416504,-8.84855651855469,"Female"
"9004151",371994,2025-06-06 09:03:18,42.5416297912598,-8.84833335876465,"Female"
"9004151",371994,2025-06-06 09:08:54,42.5400505065918,-8.84738159179688,"Female"
"9004151",371994,2025-06-06 09:14:20,42.5387344360352,-8.84724712371826,"Female"
"9004151",371994,2025-06-06 09:20:48,42.5369567871094,-8.84748840332031,"Female"
"9004151",371994,2025-06-06 09:26:18,42.5357933044434,-8.84786605834961,"Female"
"9004151",371994,2025-06-06 09:31:24,42.535026550293,-8.84734725952148,"Female"
"9004151",371994,2025-06-06 09:36:32,42.534122467041,-8.84799003601074,"Female"
"9004151",371994,2025-06-06 09:41:31,42.5332832336426,-8.84864711761475,"Female"
"9004151",371994,2025-06-06 09:47:06,42.5319328308105,-8.84876441955566,"Female"
"9004151",371994,2025-06-06 09:52:06,42.531005859375,-8.84828662872314,"Female"
"9004151",371994,2025-06-06 09:57:04,42.531005859375,-8.84776973724365,"Female"
"9004151",371994,2025-06-06 10:02:04,42.5263481140137,-8.84704208374023,"Female"
"9004151",371994,2025-06-06 10:07:04,42.5260467529297,-8.84710121154785,"Female"
"9004151",371994,2025-06-06 10:12:06,42.5260963439941,-8.84712696075439,"Female"
"9004151",371994,2025-06-06 10:17:04,42.5265007019043,-8.84718799591064,"Female"
"9004151",371994,2025-06-06 10:22:35,42.5264701843262,-8.84727668762207,"Female"
"9004151",371994,2025-06-06 10:27:03,42.5263595581055,-8.84737777709961,"Female"
"9004151",371994,2025-06-06 10:32:03,42.5264129638672,-8.84740447998047,"Female"
"9004151",371994,2025-06-06 11:21:51,42.5264320373535,-8.84730911254883,"Female"
"9004151",371994,2025-06-06 11:34:48,42.5265197753906,-8.84695720672607,"Female"
"9004151",371994,2025-06-06 11:41:27,42.5264358520508,-8.84706497192383,"Female"
"9004151",371994,2025-06-06 11:48:17,42.5263710021973,-8.8471040725708,"Female"
"9004151",371994,2025-06-06 12:19:31,42.5264205932617,-8.84691619873047,"Female"
"9004151",371994,2025-06-06 12:24:42,42.526424407959,-8.84690761566162,"Female"
"9004151",371994,2025-06-06 12:29:42,42.5263938903809,-8.84702014923096,"Female"
"9004151",371994,2025-06-06 12:34:43,42.526424407959,-8.84683895111084,"Female"
"9004151",371994,2025-06-06 12:39:42,42.5264091491699,-8.84693813323975,"Female"
"9004151",371994,2025-06-06 12:44:42,42.526424407959,-8.84699153900146,"Female"
"9004151",371994,2025-06-06 12:49:42,42.5263977050781,-8.84693813323975,"Female"
"9004151",371994,2025-06-06 12:54:42,42.5264282226562,-8.84694957733154,"Female"
"9004151",371994,2025-06-06 12:59:42,42.5264778137207,-8.84717750549316,"Female"
"9004151",371994,2025-06-06 13:04:42,42.5264663696289,-8.84733772277832,"Female"
"9004151",371994,2025-06-06 13:09:42,42.5264434814453,-8.84703636169434,"Female"
"9004151",371994,2025-06-06 13:14:42,42.5264511108398,-8.84723281860352,"Female"
"9004151",371994,2025-06-06 13:20:05,42.5302658081055,-8.85247707366943,"Female"
"9004151",371994,2025-06-06 13:25:07,42.5317535400391,-8.85223579406738,"Female"
"9004151",371994,2025-06-06 13:30:36,42.5321311950684,-8.85011768341064,"Female"
"9004151",371994,2025-06-06 13:35:43,42.5318412780762,-8.84926319122314,"Female"
"9004151",371994,2025-06-06 13:41:09,42.5324592590332,-8.8502082824707,"Female"
"9004151",371994,2025-06-06 13:46:29,42.5330276489258,-8.84912872314453,"Female"
"9004151",371994,2025-06-06 13:52:08,42.5349197387695,-8.84927845001221,"Female"
"9004151",371994,2025-06-06 13:57:13,42.5351066589355,-8.84785556793213,"Female"
"9004151",371994,2025-06-06 14:02:38,42.5342559814453,-8.84758281707764,"Female"
"9004151",371994,2025-06-06 14:07:58,42.5332489013672,-8.84814453125,"Female"
"9004151",371994,2025-06-06 14:13:58,42.533374786377,-8.84788703918457,"Female"
"9004151",371994,2025-06-06 14:19:36,42.5338325500488,-8.84781646728516,"Female"
"9004151",371994,2025-06-06 14:24:54,42.5329551696777,-8.84823513031006,"Female"
"9004151",371994,2025-06-06 14:30:27,42.531379699707,-8.84855270385742,"Female"
"9004151",371994,2025-06-06 14:35:50,42.5309677124023,-8.85023784637451,"Female"
"9004151",371994,2025-06-06 14:40:51,42.5317001342773,-8.85020923614502,"Female"
"9004151",371994,2025-06-06 14:46:03,42.5324440002441,-8.84854125976562,"Female"
"9004151",371994,2025-06-06 14:51:03,42.5340766906738,-8.84778308868408,"Female"
"9004151",371994,2025-06-06 14:56:03,42.5263557434082,-8.84739208221436,"Female"
"9004151",371994,2025-06-06 15:01:03,42.5264434814453,-8.84734630584717,"Female"
"9004151",371994,2025-06-06 15:06:03,42.5265274047852,-8.84718608856201,"Female"
"9004151",371994,2025-06-06 15:13:33,42.526611328125,-8.84705352783203,"Female"
"9004151",371994,2025-06-06 15:18:34,42.526439666748,-8.84705543518066,"Female"
"9004151",371994,2025-06-06 15:23:34,42.5263977050781,-8.84704208374023,"Female"
"9004151",371994,2025-06-06 15:28:34,42.5263748168945,-8.84709167480469,"Female"
"9004151",371994,2025-06-06 15:33:34,42.5264167785645,-8.84701156616211,"Female"
"9004151",371994,2025-06-06 15:38:34,42.5264053344727,-8.84698963165283,"Female"
"9004151",371994,2025-06-06 15:43:35,42.5264587402344,-8.84706020355225,"Female"
"9004151",371994,2025-06-06 15:48:34,42.5264511108398,-8.84707927703857,"Female"
"9004151",371994,2025-06-06 15:53:34,42.5263252258301,-8.84701538085938,"Female"
"9004151",371994,2025-06-06 15:58:34,42.5263328552246,-8.84708309173584,"Female"
"9004151",371994,2025-06-06 16:03:34,42.5263595581055,-8.84700298309326,"Female"
"9004151",371994,2025-06-06 16:08:34,42.5264358520508,-8.84707546234131,"Female"
"9004151",371994,2025-06-06 16:13:34,42.5264282226562,-8.84710121154785,"Female"
"9004151",371994,2025-06-06 16:18:34,42.5264625549316,-8.84712314605713,"Female"
"9004151",371994,2025-06-06 16:23:34,42.532958984375,-8.85067749023438,"Female"
"9004151",371994,2025-06-06 16:29:06,42.5340576171875,-8.84900093078613,"Female"
"9004151",371994,2025-06-06 16:34:06,42.5341529846191,-8.84846210479736,"Female"
"9004151",371994,2025-06-06 16:39:06,42.5352592468262,-8.84862899780273,"Female"
"9004151",371994,2025-06-06 16:44:05,42.536491394043,-8.84842014312744,"Female"
"9004151",371994,2025-06-06 16:49:05,42.5361595153809,-8.84896373748779,"Female"
"9004151",371994,2025-06-06 16:54:05,42.537036895752,-8.84806251525879,"Female"
"9004151",371994,2025-06-06 16:59:05,42.5379028320312,-8.84714126586914,"Female"
"9004151",371994,2025-06-06 17:04:05,42.5385513305664,-8.84720134735107,"Female"
"9004151",371994,2025-06-06 17:09:06,42.5392227172852,-8.84718704223633,"Female"
"9004151",371994,2025-06-06 17:14:06,42.5398254394531,-8.84661960601807,"Female"
"9004151",371994,2025-06-06 17:19:05,42.5402717590332,-8.84548377990723,"Female"
"9004151",371994,2025-06-06 17:24:25,42.5408325195312,-8.84700870513916,"Female"
"9004151",371994,2025-06-06 17:29:25,42.5402870178223,-8.8478832244873,"Female"
"9004151",371994,2025-06-06 17:34:44,42.5391883850098,-8.84893894195557,"Female"
"9004151",371994,2025-06-06 17:39:43,42.5384750366211,-8.84899234771729,"Female"
"9004151",371994,2025-06-06 17:44:44,42.5373382568359,-8.84832859039307,"Female"
"9004151",371994,2025-06-06 17:49:45,42.5362091064453,-8.84804725646973,"Female"
"9004151",371994,2025-06-06 17:54:48,42.5341987609863,-8.84883785247803,"Female"
"9004151",371994,2025-06-06 18:00:12,42.5356216430664,-8.84729957580566,"Female"
"9004151",371994,2025-06-06 18:05:12,42.5357360839844,-8.84812545776367,"Female"
"9004151",371994,2025-06-06 18:10:10,42.5350112915039,-8.8481559753418,"Female"
"9004151",371994,2025-06-06 18:15:15,42.5331420898438,-8.84903717041016,"Female"
"9004151",371994,2025-06-06 18:20:24,42.5323143005371,-8.84975147247314,"Female"
"9004151",371994,2025-06-06 18:25:24,42.5317726135254,-8.85102939605713,"Female"
"9004151",371994,2025-06-06 18:30:24,42.5250625610352,-8.85435771942139,"Female"
"9004151",371994,2025-06-06 18:35:23,42.5251197814941,-8.85426425933838,"Female"
"9004151",371994,2025-06-06 18:40:23,42.5255584716797,-8.85426330566406,"Female"
"9004151",371994,2025-06-06 18:49:28,42.5138320922852,-8.87139797210693,"Female"
"9004151",371994,2025-06-06 18:54:51,42.487720489502,-8.90806293487549,"Female"
"9004151",371994,2025-06-06 18:59:55,42.4686126708984,-8.94661140441895,"Female"
"9004151",371994,2025-06-06 19:04:55,42.4325752258301,-8.94986915588379,"Female"
"9004151",371994,2025-06-06 19:09:55,42.4174308776855,-8.94407367706299,"Female"
"9004151",371994,2025-06-06 19:14:55,42.417308807373,-8.94369602203369,"Female"
"9004151",371994,2025-06-06 19:19:55,42.4171981811523,-8.94342708587646,"Female"
"9004151",371994,2025-06-06 19:25:06,42.4105072021484,-8.93326473236084,"Female"
"9004151",371994,2025-06-06 19:41:05,42.4006233215332,-8.92101383209229,"Female"
"9004151",371994,2025-06-06 19:44:55,42.4005584716797,-8.92082691192627,"Female"
"9004151",371994,2025-06-06 19:49:54,42.4005470275879,-8.92089748382568,"Female"
"9004151",371994,2025-06-06 19:54:54,42.4005432128906,-8.92081356048584,"Female"
"9004151",371994,2025-06-06 19:59:54,42.4005393981934,-8.92082691192627,"Female"
"9004151",371994,2025-06-06 20:04:55,42.4003639221191,-8.92079448699951,"Female"
"9004151",371994,2025-06-06 20:09:54,42.4003562927246,-8.920823097229,"Female"
"9004151",371994,2025-06-06 20:14:54,42.4004096984863,-8.92114543914795,"Female"
"9004151",371994,2025-06-06 20:19:55,42.4005088806152,-8.92116165161133,"Female"
"9004151",371994,2025-06-06 20:24:55,42.4005508422852,-8.92120552062988,"Female"
"9004151",371994,2025-06-06 20:29:55,42.4004516601562,-8.92126750946045,"Female"
"9004151",371994,2025-06-06 20:34:55,42.4003944396973,-8.92137622833252,"Female"
"9004151",371994,2025-06-06 20:39:54,42.4005355834961,-8.92118644714355,"Female"
"9004151",371994,2025-06-06 20:44:57,42.4002380371094,-8.92159366607666,"Female"
"9004151",371994,2025-06-06 20:50:05,42.4002494812012,-8.92150592803955,"Female"
"9004151",371994,2025-06-06 20:59:00,42.3999633789062,-8.92182731628418,"Female"
"9004151",371994,2025-06-06 21:04:04,42.4002380371094,-8.92149448394775,"Female"
"9004151",371994,2025-06-06 21:09:02,42.4001312255859,-8.92146587371826,"Female"
"9004151",371994,2025-06-06 21:14:00,42.4001502990723,-8.92144107818604,"Female"
"9004151",371994,2025-06-06 21:19:12,42.4004440307617,-8.92123413085938,"Female"
"9004151",371994,2025-06-06 21:24:00,42.4001922607422,-8.92126655578613,"Female"
"9004151",371994,2025-06-06 21:29:00,42.4001045227051,-8.92098808288574,"Female"
"9004151",371994,2025-06-06 21:34:00,42.4000778198242,-8.92129993438721,"Female"
"9004151",371994,2025-06-06 21:39:00,42.3999519348145,-8.92134952545166,"Female"
"9004151",371994,2025-06-06 21:44:00,42.4001045227051,-8.92122268676758,"Female"
"9004151",371994,2025-06-06 21:49:00,42.4001159667969,-8.9212646484375,"Female"
"9004151",371994,2025-06-06 21:54:00,42.4000396728516,-8.92105293273926,"Female"
"9004151",371994,2025-06-06 21:59:10,42.4003524780273,-8.92121601104736,"Female"
"9004151",371994,2025-06-06 22:04:00,42.4000434875488,-8.92124271392822,"Female"
"9004151",371994,2025-06-06 22:09:01,42.4003105163574,-8.92118167877197,"Female"
"9004151",371994,2025-06-06 22:14:01,42.4000244140625,-8.92117118835449,"Female"
"9004151",371994,2025-06-06 22:19:01,42.4001083374023,-8.92115688323975,"Female"
"9004151",371994,2025-06-06 22:24:00,42.400146484375,-8.92112636566162,"Female"
"9004151",371994,2025-06-06 22:29:01,42.4001541137695,-8.92101192474365,"Female"
"9004151",371994,2025-06-06 22:34:00,42.4002227783203,-8.92101287841797,"Female"
"9004151",371994,2025-06-06 22:39:01,42.4004020690918,-8.92102527618408,"Female"
"9004151",371994,2025-06-06 22:44:06,42.4003219604492,-8.92105579376221,"Female"
"9004151",371994,2025-06-06 22:49:00,42.400318145752,-8.92138385772705,"Female"
"9004151",371994,2025-06-06 22:54:03,42.4003791809082,-8.921067237854,"Female"
"9004151",371994,2025-06-06 22:59:03,42.4004936218262,-8.92093086242676,"Female"
"9004151",371994,2025-06-06 23:04:04,42.4004554748535,-8.92098331451416,"Female"
"9004151",371994,2025-06-06 23:09:06,42.4005432128906,-8.92087554931641,"Female"
"9004151",371994,2025-06-06 23:14:06,42.4006690979004,-8.92066955566406,"Female"
"9004151",371994,2025-06-06 23:19:06,42.4004554748535,-8.92109394073486,"Female"
"9004151",371994,2025-06-06 23:24:00,42.4006881713867,-8.92086124420166,"Female"
"9004151",371994,2025-06-06 23:29:03,42.4005088806152,-8.92098140716553,"Female"
"9004151",371994,2025-06-06 23:34:14,42.4004020690918,-8.9212007522583,"Female"
"9004151",371994,2025-06-06 23:39:00,42.4003028869629,-8.92131900787354,"Female"
"9004151",371994,2025-06-06 23:44:00,42.4002990722656,-8.92134761810303,"Female"
"9004151",371994,2025-06-06 23:49:00,42.400260925293,-8.92132949829102,"Female"
"9004151",371994,2025-06-06 23:54:03,42.4002456665039,-8.92133712768555,"Female"
"9004151",371994,2025-06-06 23:59:01,42.4002342224121,-8.92129707336426,"Female"
"9004151",371994,2025-06-07 00:04:00,42.4000930786133,-8.92121410369873,"Female"
"9004151",371994,2025-06-07 00:09:00,42.4002075195312,-8.92128086090088,"Female"
"9004151",371994,2025-06-07 00:14:03,42.4003448486328,-8.92136573791504,"Female"
"9004151",371994,2025-06-07 00:19:00,42.4002723693848,-8.92143630981445,"Female"
"9004151",371994,2025-06-07 00:24:09,42.4003829956055,-8.92140579223633,"Female"
"9004151",371994,2025-06-07 00:29:06,42.4011459350586,-8.92115306854248,"Female"
"9004151",371994,2025-06-07 00:34:20,42.4028015136719,-8.92035865783691,"Female"
"9004151",371994,2025-06-07 00:39:07,42.3995971679688,-8.9217357635498,"Female"
"9004151",371994,2025-06-07 00:44:07,42.4000015258789,-8.92161560058594,"Female"
"9004151",371994,2025-06-07 00:49:09,42.4000396728516,-8.92156219482422,"Female"
"9004151",371994,2025-06-07 00:54:02,42.3998146057129,-8.92151546478271,"Female"
"9004151",371994,2025-06-07 00:59:09,42.4002418518066,-8.92155933380127,"Female"
"9004151",371994,2025-06-07 01:04:09,42.4002647399902,-8.92158508300781,"Female"
"9004151",371994,2025-06-07 01:09:09,42.4002952575684,-8.92155742645264,"Female"
"9004151",371994,2025-06-07 01:14:03,42.3992652893066,-8.92173194885254,"Female"
"9004151",371994,2025-06-07 01:19:14,42.4004020690918,-8.92138576507568,"Female"
"9004151",371994,2025-06-07 01:24:00,42.4005393981934,-8.92132377624512,"Female"
"9004151",371994,2025-06-07 01:29:03,42.4005737304688,-8.92125034332275,"Female"
"9004151",371994,2025-06-07 01:34:00,42.4005126953125,-8.92140007019043,"Female"
"9004151",371994,2025-06-07 01:39:00,42.4012603759766,-8.92111968994141,"Female"
"9004151",371994,2025-06-07 01:44:01,42.4028244018555,-8.92141151428223,"Female"
"9004151",371994,2025-06-07 01:49:07,42.3993186950684,-8.92198085784912,"Female"
"9004151",371994,2025-06-07 01:54:08,42.3993110656738,-8.92191600799561,"Female"
"9004151",371994,2025-06-07 01:59:01,42.3994636535645,-8.92181968688965,"Female"
"9004151",371994,2025-06-07 02:04:09,42.399486541748,-8.9208517074585,"Female"
"9004151",371994,2025-06-07 02:09:08,42.3995628356934,-8.92039108276367,"Female"
"9004151",371994,2025-06-07 02:14:12,42.3999977111816,-8.92286586761475,"Female"
"9004151",371994,2025-06-07 02:19:00,42.4000282287598,-8.92201614379883,"Female"
"9004151",371994,2025-06-07 02:24:03,42.4000434875488,-8.9224157333374,"Female"
"9004151",371994,2025-06-07 02:29:02,42.4003639221191,-8.92194557189941,"Female"
"9004151",371994,2025-06-07 02:34:11,42.4005432128906,-8.92114639282227,"Female"
"9004151",371994,2025-06-07 02:39:01,42.400577545166,-8.92155265808105,"Female"
"9004151",371994,2025-06-07 02:44:35,42.4004516601562,-8.92106819152832,"Female"
"9004151",371994,2025-06-07 02:48:59,42.4003791809082,-8.92106437683105,"Female"
"9004151",371994,2025-06-07 02:54:02,42.4003982543945,-8.92114543914795,"Female"
"9004151",371994,2025-06-07 02:59:02,42.400463104248,-8.92091846466064,"Female"
"9004151",371994,2025-06-07 03:03:59,42.4003715515137,-8.92113399505615,"Female"
"9004151",371994,2025-06-07 03:08:59,42.4003639221191,-8.92113018035889,"Female"
"9004151",371994,2025-06-07 03:14:00,42.4003448486328,-8.92102813720703,"Female"
"9004151",371994,2025-06-07 03:18:59,42.4003753662109,-8.92116832733154,"Female"
"9004151",371994,2025-06-07 03:23:59,42.4003753662109,-8.92112922668457,"Female"
"9004151",371994,2025-06-07 03:29:00,42.4003868103027,-8.92113399505615,"Female"
"9004151",371994,2025-06-07 03:34:00,42.4005165100098,-8.92099285125732,"Female"
"9004151",371994,2025-06-07 03:39:01,42.4004859924316,-8.92108917236328,"Female"
"9004151",371994,2025-06-07 03:44:04,42.4005165100098,-8.92104721069336,"Female"
"9004151",371994,2025-06-07 03:49:06,42.400505065918,-8.92104530334473,"Female"
"9004151",371994,2025-06-07 03:54:04,42.4004440307617,-8.92102909088135,"Female"
"9004151",371994,2025-06-07 03:59:03,42.400447845459,-8.92112159729004,"Female"
"9004151",371994,2025-06-07 04:04:11,42.4005966186523,-8.9207763671875,"Female"
"9004151",371994,2025-06-07 04:08:59,42.4007873535156,-8.92025947570801,"Female"
"9004151",371994,2025-06-07 04:14:00,42.4009780883789,-8.9202880859375,"Female"
"9004151",371994,2025-06-07 04:19:00,42.4007110595703,-8.92020797729492,"Female"
"9004151",371994,2025-06-07 04:24:01,42.4003105163574,-8.92124938964844,"Female"
"9004151",371994,2025-06-07 04:29:00,42.4002571105957,-8.92122840881348,"Female"
"9004151",371994,2025-06-07 04:34:00,42.4002914428711,-8.92107009887695,"Female"
"9004151",371994,2025-06-07 04:39:01,42.400218963623,-8.92116451263428,"Female"
"9004151",371994,2025-06-07 04:44:00,42.400260925293,-8.92118167877197,"Female"
"9004151",371994,2025-06-07 04:49:03,42.4002304077148,-8.92099952697754,"Female"
"9004151",371994,2025-06-07 04:54:08,42.4001579284668,-8.92134761810303,"Female"
"9004151",371994,2025-06-07 04:59:00,42.4001960754395,-8.92109298706055,"Female"
"9004151",371994,2025-06-07 05:04:09,42.4001007080078,-8.9212760925293,"Female"
"9004151",371994,2025-06-07 05:09:06,42.4001922607422,-8.92149829864502,"Female"
"9004151",371994,2025-06-07 05:14:13,42.4004745483398,-8.92138862609863,"Female"
"9004151",371994,2025-06-07 05:19:00,42.4001655578613,-8.92089748382568,"Female"
"9004151",371994,2025-06-07 05:24:01,42.4011077880859,-8.92170524597168,"Female"
"9004151",371994,2025-06-07 05:29:06,42.400634765625,-8.92141342163086,"Female"
"9004151",371994,2025-06-07 05:34:06,42.4005241394043,-8.92144107818604,"Female"
"9004151",371994,2025-06-07 05:39:01,42.400749206543,-8.92159366607666,"Female"
"9004151",371994,2025-06-07 05:44:03,42.4008483886719,-8.92165946960449,"Female"
"9004151",371994,2025-06-07 05:49:06,42.3998374938965,-8.92171382904053,"Female"
"9004151",371994,2025-06-07 05:54:06,42.3999328613281,-8.92177391052246,"Female"
"9004151",371994,2025-06-07 05:59:07,42.3999977111816,-8.92170238494873,"Female"
"9004151",371994,2025-06-07 06:04:02,42.3999137878418,-8.92156219482422,"Female"
"9004151",371994,2025-06-07 06:09:02,42.3998565673828,-8.9215726852417,"Female"
"9004151",371994,2025-06-07 06:14:03,42.3999290466309,-8.92135429382324,"Female"
"9004151",371994,2025-06-07 06:19:00,42.4000549316406,-8.92136192321777,"Female"
"9004151",371994,2025-06-07 06:24:00,42.3999443054199,-8.92134571075439,"Female"
"9004151",371994,2025-06-07 06:29:01,42.4000396728516,-8.92126750946045,"Female"
"9004151",371994,2025-06-07 06:34:01,42.4000625610352,-8.92114734649658,"Female"
"9004151",371994,2025-06-07 06:39:01,42.400016784668,-8.92113780975342,"Female"
"9004151",371994,2025-06-07 06:44:01,42.400089263916,-8.92111492156982,"Female"
"9004151",371994,2025-06-07 06:49:01,42.4000396728516,-8.92106437683105,"Female"
"9004151",371994,2025-06-07 06:54:02,42.4001312255859,-8.92102813720703,"Female"
"9004151",371994,2025-06-07 06:59:01,42.4002418518066,-8.92096042633057,"Female"
"9004151",371994,2025-06-07 07:04:02,42.4001693725586,-8.92093372344971,"Female"
"9004151",371994,2025-06-07 07:09:09,42.4000778198242,-8.92097473144531,"Female"
"9004151",371994,2025-06-07 07:14:01,42.4002914428711,-8.92095470428467,"Female"
"9004151",371994,2025-06-07 07:19:01,42.4002952575684,-8.92069911956787,"Female"
"9004151",371994,2025-06-07 07:24:03,42.400218963623,-8.92116165161133,"Female"
"9004151",371994,2025-06-07 07:29:14,42.4005737304688,-8.9209041595459,"Female"
"9004151",371994,2025-06-07 07:34:11,42.400505065918,-8.9210147857666,"Female"
"9004151",371994,2025-06-07 07:39:09,42.4004898071289,-8.92115879058838,"Female"
"9004151",371994,2025-06-07 07:44:01,42.4180641174316,-8.92496395111084,"Female"
"9004151",371994,2025-06-07 07:49:01,42.44140625,-8.90990734100342,"Female"
"9004151",371994,2025-06-07 07:54:00,42.4417152404785,-8.9097318649292,"Female"
"9004151",371994,2025-06-07 07:59:00,42.4420776367188,-8.9094352722168,"Female"
"9004151",371994,2025-06-07 08:04:02,42.43994140625,-8.90563011169434,"Female"
"9004151",371994,2025-06-07 08:09:00,42.4402923583984,-8.90394020080566,"Female"
"9004151",371994,2025-06-07 08:14:00,42.4402503967285,-8.90340328216553,"Female"
"9004151",371994,2025-06-07 08:19:00,42.440559387207,-8.90163230895996,"Female"
"9004151",371994,2025-06-07 08:24:48,42.4423484802246,-8.9032154083252,"Female"
"9004151",371994,2025-06-07 08:29:55,42.4444847106934,-8.907546043396,"Female"
"9004151",371994,2025-06-07 08:34:54,42.4636192321777,-8.94265460968018,"Female"
"9004151",371994,2025-06-07 08:39:54,42.4962882995605,-8.91466331481934,"Female"
"9004151",371994,2025-06-07 08:44:56,42.5203285217285,-8.87099552154541,"Female"
"9004151",371994,2025-06-07 08:49:53,42.5371627807617,-8.85335731506348,"Female"
"9004151",371994,2025-06-07 08:54:53,42.5373725891113,-8.85339069366455,"Female"
"9004151",371994,2025-06-07 08:59:55,42.5380210876465,-8.84799194335938,"Female"
"9004151",371994,2025-06-07 09:05:39,42.537425994873,-8.84736633300781,"Female"
"9004151",371994,2025-06-07 09:12:35,42.5368766784668,-8.84712505340576,"Female"
"9004151",371994,2025-06-07 09:17:48,42.5373764038086,-8.84835243225098,"Female"
"9004151",371994,2025-06-07 09:23:14,42.5364227294922,-8.84798717498779,"Female"
"9004151",371994,2025-06-07 09:28:41,42.5349998474121,-8.84729385375977,"Female"
"9004151",371994,2025-06-07 09:33:48,42.5346565246582,-8.84766387939453,"Female"
"9004151",371994,2025-06-07 09:38:48,42.533576965332,-8.8480281829834,"Female"
"9004151",371994,2025-06-07 09:44:19,42.532341003418,-8.84941005706787,"Female"
"9004151",371994,2025-06-07 09:49:23,42.5314559936523,-8.84876728057861,"Female"
"9004151",371994,2025-06-07 09:54:44,42.5305213928223,-8.84987354278564,"Female"
"9004151",371994,2025-06-07 10:00:00,42.5299186706543,-8.85042762756348,"Female"
"9004151",371994,2025-06-07 10:05:09,42.5292053222656,-8.85124588012695,"Female"
"9004151",371994,2025-06-07 10:11:32,42.5302085876465,-8.85192203521729,"Female"
"9004151",371994,2025-06-07 10:16:32,42.530948638916,-8.85268783569336,"Female"
"9004151",371994,2025-06-07 10:21:43,42.5307846069336,-8.85328102111816,"Female"
"9004151",371994,2025-06-07 10:26:32,42.5308151245117,-8.85324001312256,"Female"
"9004151",371994,2025-06-07 10:31:32,42.5264930725098,-8.84725856781006,"Female"
"9004151",371994,2025-06-07 10:36:34,42.5262031555176,-8.84730339050293,"Female"
"9004151",371994,2025-06-07 10:41:32,42.5265426635742,-8.84745502471924,"Female"
"9004151",371994,2025-06-07 10:46:32,42.5262565612793,-8.84700870513916,"Female"
"9004151",371994,2025-06-07 10:51:32,42.5263328552246,-8.84747505187988,"Female"
"9004151",371994,2025-06-07 10:56:33,42.5262718200684,-8.84754085540771,"Female"
"9004151",371994,2025-06-07 11:01:31,42.5263023376465,-8.84792423248291,"Female"
"9004151",371994,2025-06-07 11:06:32,42.5261878967285,-8.84706115722656,"Female"
"9004151",371994,2025-06-07 11:11:34,42.526252746582,-8.84730529785156,"Female"
"9004151",371994,2025-06-07 11:16:34,42.5262222290039,-8.84746360778809,"Female"
"9004151",371994,2025-06-07 11:21:31,42.5262145996094,-8.84829044342041,"Female"
"9004151",371994,2025-06-07 11:26:32,42.5262298583984,-8.84791946411133,"Female"
"9004151",371994,2025-06-07 11:31:36,42.5262718200684,-8.84709930419922,"Female"
"9004151",371994,2025-06-07 11:36:33,42.526294708252,-8.8476390838623,"Female"
"9004151",371994,2025-06-07 11:41:39,42.5262832641602,-8.84705829620361,"Female"
"9004151",371994,2025-06-07 11:46:38,42.5272369384766,-8.84822750091553,"Female"
"9004151",371994,2025-06-07 11:51:36,42.5338134765625,-8.84992218017578,"Female"
"9004151",371994,2025-06-07 11:56:50,42.5339775085449,-8.84741306304932,"Female"
"9004151",371994,2025-06-07 12:02:08,42.5347747802734,-8.85165691375732,"Female"
"9004151",371994,2025-06-07 12:07:09,42.5358924865723,-8.8497257232666,"Female"
"9004151",371994,2025-06-07 12:12:22,42.5362701416016,-8.84726333618164,"Female"
"9004151",371994,2025-06-07 12:17:53,42.5366020202637,-8.84673690795898,"Female"
"9004151",371994,2025-06-07 12:22:52,42.5361480712891,-8.84683895111084,"Female"
"9004151",371994,2025-06-07 12:27:52,42.5350227355957,-8.846848487854,"Female"
"9004151",371994,2025-06-07 12:33:01,42.5342559814453,-8.84739780426025,"Female"
"9004151",371994,2025-06-07 12:38:26,42.533561706543,-8.84790992736816,"Female"
"9004151",371994,2025-06-07 12:43:46,42.5325813293457,-8.84859085083008,"Female"
"9004151",371994,2025-06-07 12:48:45,42.5260314941406,-8.84685516357422,"Female"
"9004151",371994,2025-06-07 12:54:25,42.5266494750977,-8.84675788879395,"Female"
"9004151",371994,2025-06-07 12:59:43,42.5262145996094,-8.84745979309082,"Female"
"9004151",371994,2025-06-07 13:04:23,42.5265502929688,-8.84706783294678,"Female"
"9004151",371994,2025-06-07 13:09:23,42.5265655517578,-8.847092628479,"Female"
"9004151",371994,2025-06-07 13:14:23,42.5266647338867,-8.84692192077637,"Female"
"9004151",371994,2025-06-07 13:19:23,42.5266304016113,-8.84700489044189,"Female"
"9004151",371994,2025-06-07 13:24:23,42.5264129638672,-8.8474588394165,"Female"
"9004151",371994,2025-06-07 13:29:23,42.5266723632812,-8.84691143035889,"Female"
"9004151",371994,2025-06-07 13:34:23,42.5266075134277,-8.84702587127686,"Female"
"9004151",371994,2025-06-07 13:39:23,42.526496887207,-8.84724712371826,"Female"
"9004151",371994,2025-06-07 13:44:24,42.5268287658691,-8.84691524505615,"Female"
"9004151",371994,2025-06-07 13:49:31,42.5265960693359,-8.84721279144287,"Female"
"9004151",371994,2025-06-07 13:54:23,42.5266532897949,-8.84713363647461,"Female"
"9004151",371994,2025-06-07 13:59:37,42.5266799926758,-8.84696388244629,"Female"
"9004151",371994,2025-06-07 14:04:25,42.5269241333008,-8.84665107727051,"Female"
"9004151",371994,2025-06-07 14:10:17,42.5323448181152,-8.84892177581787,"Female"
"9004151",371994,2025-06-07 14:15:32,42.5309906005859,-8.85218620300293,"Female"
"9004151",371994,2025-06-07 14:20:22,42.5338287353516,-8.84829998016357,"Female"
"9004151",371994,2025-06-07 14:25:21,42.5271835327148,-8.84636402130127,"Female"
"9004151",371994,2025-06-07 14:30:22,42.5267448425293,-8.84721660614014,"Female"
"9004151",371994,2025-06-07 14:35:22,42.5269584655762,-8.84708976745605,"Female"
"9004151",371994,2025-06-07 14:40:44,42.5261535644531,-8.84773540496826,"Female"
"9004151",371994,2025-06-07 14:45:18,42.5271873474121,-8.84668731689453,"Female"
"9004151",371994,2025-06-07 14:50:18,42.5270004272461,-8.84693241119385,"Female"
"9004151",371994,2025-06-07 14:55:19,42.527416229248,-8.84668064117432,"Female"
"9004151",371994,2025-06-07 15:00:19,42.5273017883301,-8.8468713760376,"Female"
"9004151",371994,2025-06-07 15:05:22,42.5272254943848,-8.84708404541016,"Female"
"9004151",371994,2025-06-07 15:10:18,42.5276031494141,-8.84690856933594,"Female"
"9004151",371994,2025-06-07 15:15:20,42.5270385742188,-8.84725856781006,"Female"
"9004151",371994,2025-06-07 15:20:21,42.5274658203125,-8.84719848632812,"Female"
"9004151",371994,2025-06-07 15:25:27,42.5259971618652,-8.84741592407227,"Female"
"9004151",371994,2025-06-07 15:30:21,42.5274658203125,-8.84735774993896,"Female"
"9004151",371994,2025-06-07 15:35:26,42.5259819030762,-8.84758758544922,"Female"
"9004151",371994,2025-06-07 15:40:22,42.5271949768066,-8.84759140014648,"Female"
"9004151",371994,2025-06-07 15:45:18,42.5263366699219,-8.84744358062744,"Female"
"9004151",371994,2025-06-07 15:50:22,42.5267486572266,-8.84744644165039,"Female"
"9004151",371994,2025-06-07 15:55:18,42.5265426635742,-8.84740447998047,"Female"
"9004151",371994,2025-06-07 16:00:19,42.526496887207,-8.84741592407227,"Female"
"9004151",371994,2025-06-07 16:05:19,42.5268402099609,-8.84747314453125,"Female"
"9004151",371994,2025-06-07 16:10:20,42.5268058776855,-8.84745502471924,"Female"
"9004151",371994,2025-06-07 16:15:20,42.5268402099609,-8.84753322601318,"Female"
"9004151",371994,2025-06-07 16:20:33,42.5309295654297,-8.8505163192749,"Female"
"9004151",371994,2025-06-07 16:26:57,42.5320243835449,-8.84965229034424,"Female"
"9004151",371994,2025-06-07 16:32:17,42.5338592529297,-8.85012054443359,"Female"
"9004151",371994,2025-06-07 16:37:42,42.5336875915527,-8.85077571868896,"Female"
"9004151",371994,2025-06-07 16:43:13,42.5328826904297,-8.85133171081543,"Female"
"9004151",371994,2025-06-07 16:48:25,42.532096862793,-8.85022354125977,"Female"
"9004151",371994,2025-06-07 16:54:06,42.5313339233398,-8.85088348388672,"Female"
"9004151",371994,2025-06-07 16:59:09,42.5308074951172,-8.85094547271729,"Female"
"9004151",371994,2025-06-07 17:04:37,42.5309867858887,-8.85074520111084,"Female"
"9004151",371994,2025-06-07 17:10:01,42.5314407348633,-8.84980201721191,"Female"
"9004151",371994,2025-06-07 17:15:46,42.532112121582,-8.85032176971436,"Female"
"9004151",371994,2025-06-07 17:20:53,42.5327682495117,-8.84890937805176,"Female"
"9004151",371994,2025-06-07 17:26:17,42.5320281982422,-8.84978580474854,"Female"
"9004151",371994,2025-06-07 17:31:53,42.5313148498535,-8.85187339782715,"Female"
"9004151",371994,2025-06-07 17:36:54,42.5322113037109,-8.85149478912354,"Female"
"9004151",371994,2025-06-07 17:41:53,42.5322875976562,-8.85358810424805,"Female"
"9004151",371994,2025-06-07 17:46:54,42.5253028869629,-8.85458278656006,"Female"
"9004151",371994,2025-06-07 17:52:00,42.5266304016113,-8.85468864440918,"Female"
"9004151",371994,2025-06-07 17:56:55,42.5256996154785,-8.85440540313721,"Female"
"9004151",371994,2025-06-07 18:01:52,42.5251770019531,-8.8543701171875,"Female"
"9004151",371994,2025-06-07 18:10:59,42.5253257751465,-8.85447216033936,"Female"
"9004151",371994,2025-06-07 18:15:59,42.525260925293,-8.85415077209473,"Female"
"9004151",371994,2025-06-07 18:20:59,42.5249443054199,-8.85478591918945,"Female"
"9004151",371994,2025-06-07 18:25:59,42.5248565673828,-8.8546724319458,"Female"
"9004151",371994,2025-06-07 18:30:59,42.5249633789062,-8.8547477722168,"Female"
"9004151",371994,2025-06-07 18:35:59,42.5167694091797,-8.86339950561523,"Female"
"9004151",371994,2025-06-07 18:40:59,42.4937934875488,-8.89747333526611,"Female"
"9004151",371994,2025-06-07 18:45:59,42.4774627685547,-8.94061851501465,"Female"
"9004151",371994,2025-06-07 18:51:00,42.4455032348633,-8.94808864593506,"Female"
"9004151",371994,2025-06-07 18:55:59,42.4446105957031,-8.94808769226074,"Female"
"9004151",371994,2025-06-07 19:00:59,42.4087905883789,-8.92500591278076,"Female"
"9004151",371994,2025-06-07 19:05:59,42.4008750915527,-8.92125415802002,"Female"
"9004151",371994,2025-06-07 19:10:59,42.4008140563965,-8.92113971710205,"Female"
"9004151",371994,2025-06-07 19:15:59,42.4008712768555,-8.92114543914795,"Female"
"9004151",371994,2025-06-07 19:20:59,42.401065826416,-8.92075729370117,"Female"
"9004151",371994,2025-06-07 19:26:00,42.4010734558105,-8.92116451263428,"Female"
"9004151",371994,2025-06-07 19:30:59,42.4011459350586,-8.92119598388672,"Female"
"9004151",371994,2025-06-07 19:35:59,42.4011535644531,-8.9210205078125,"Female"
"9004151",371994,2025-06-07 19:40:59,42.4011764526367,-8.9210262298584,"Female"
"9004151",371994,2025-06-07 19:46:09,42.401065826416,-8.92083168029785,"Female"
"9004151",371994,2025-06-07 19:50:59,42.4009857177734,-8.92099380493164,"Female"
"9004151",371994,2025-06-07 19:56:08,42.4010162353516,-8.92080783843994,"Female"
"9004151",371994,2025-06-07 20:00:59,42.4009437561035,-8.92093753814697,"Female"
"9004151",371994,2025-06-07 20:06:00,42.4010810852051,-8.92091464996338,"Female"
"9004151",371994,2025-06-07 20:11:00,42.4007606506348,-8.92083263397217,"Female"
"9004151",371994,2025-06-07 20:16:00,42.4007377624512,-8.92096519470215,"Female"
"9004151",371994,2025-06-07 20:20:59,42.4004898071289,-8.92103576660156,"Female"
"9004151",371994,2025-06-07 20:25:59,42.4006080627441,-8.92091178894043,"Female"
"9004151",371994,2025-06-07 20:31:00,42.4004821777344,-8.92083072662354,"Female"
"9004151",371994,2025-06-07 20:36:08,42.4004783630371,-8.9210901260376,"Female"
"9004151",371994,2025-06-07 20:41:05,42.4002723693848,-8.92160892486572,"Female"
"9004151",371994,2025-06-07 20:46:02,42.4003562927246,-8.9207878112793,"Female"
"9004151",371994,2025-06-07 20:51:05,42.4004096984863,-8.92090702056885,"Female"
"9004151",371994,2025-06-07 20:56:07,42.4003257751465,-8.92110157012939,"Female"
"9004151",371994,2025-06-07 21:01:08,42.4004020690918,-8.92053604125977,"Female"
"9004151",371994,2025-06-07 21:06:04,42.4004173278809,-8.92083644866943,"Female"
"9004151",371994,2025-06-07 21:10:59,42.4004020690918,-8.92100620269775,"Female"
"9004151",371994,2025-06-07 21:15:59,42.4004974365234,-8.92079925537109,"Female"
"9004151",371994,2025-06-07 21:20:59,42.400333404541,-8.92071342468262,"Female"
"9004151",371994,2025-06-07 21:25:59,42.400447845459,-8.92057418823242,"Female"
"9004151",371994,2025-06-07 21:30:59,42.4004592895508,-8.92055892944336,"Female"
"9004151",371994,2025-06-07 21:35:59,42.4005088806152,-8.92075824737549,"Female"
"9004151",371994,2025-06-07 21:40:59,42.4006881713867,-8.92085075378418,"Female"
"9004151",371994,2025-06-07 21:45:59,42.4005889892578,-8.92038154602051,"Female"
"9004151",371994,2025-06-07 21:51:06,42.4003410339355,-8.92095565795898,"Female"
"9004151",371994,2025-06-07 21:56:01,42.4003829956055,-8.92089653015137,"Female"
"9004151",371994,2025-06-07 22:01:03,42.4004325866699,-8.92092514038086,"Female"
"9004151",371994,2025-06-07 22:06:01,42.4004173278809,-8.92079257965088,"Female"
"9004151",371994,2025-06-07 22:11:02,42.4005699157715,-8.92082118988037,"Female"
"9004151",371994,2025-06-07 22:16:03,42.4003829956055,-8.92066478729248,"Female"
"9004151",371994,2025-06-07 22:21:03,42.4005928039551,-8.92094230651855,"Female"
"9004151",371994,2025-06-07 22:26:11,42.4006118774414,-8.92106246948242,"Female"
"9004151",371994,2025-06-07 22:30:59,42.4004783630371,-8.92077350616455,"Female"
"9004151",371994,2025-06-07 22:35:59,42.4002799987793,-8.92043972015381,"Female"
"9004151",371994,2025-06-07 22:40:59,42.4003067016602,-8.92051887512207,"Female"
"9004151",371994,2025-06-07 22:46:14,42.4006881713867,-8.92109203338623,"Female"
"9004151",371994,2025-06-07 22:50:59,42.4003410339355,-8.92059230804443,"Female"
"9004151",371994,2025-06-07 22:56:01,42.4003944396973,-8.92063331604004,"Female"
"9004151",371994,2025-06-07 23:01:00,42.4002380371094,-8.92029285430908,"Female"
"9004151",371994,2025-06-07 23:06:07,42.400218963623,-8.92090702056885,"Female"
"9004151",371994,2025-06-07 23:11:34,42.4004440307617,-8.9210090637207,"Female"
"9004151",371994,2025-06-07 23:15:58,42.400318145752,-8.92106628417969,"Female"
"9004151",371994,2025-06-07 23:20:58,42.4003143310547,-8.92103862762451,"Female"
"9004151",371994,2025-06-07 23:25:58,42.4002876281738,-8.92101287841797,"Female"
"9004151",371994,2025-06-07 23:30:58,42.400218963623,-8.92111968994141,"Female"
"9004151",371994,2025-06-07 23:35:59,42.4003410339355,-8.92111492156982,"Female"
"9004151",371994,2025-06-07 23:40:58,42.4002990722656,-8.92104434967041,"Female"
"9004151",371994,2025-06-07 23:46:00,42.4001197814941,-8.92123603820801,"Female"
"9004151",371994,2025-06-07 23:50:59,42.4001770019531,-8.9211311340332,"Female"
"9004151",371994,2025-06-07 23:56:10,42.4002571105957,-8.9211254119873,"Female"
"9004151",371994,2025-06-08 00:01:00,42.4002418518066,-8.92095851898193,"Female"
"9004151",371994,2025-06-08 00:05:59,42.4002227783203,-8.92080211639404,"Female"
"9004151",371994,2025-06-08 00:11:00,42.4001235961914,-8.92100238800049,"Female"
"9004151",371994,2025-06-08 00:16:01,42.4001388549805,-8.92089462280273,"Female"
"9004151",371994,2025-06-08 00:21:08,42.4000930786133,-8.92124176025391,"Female"
"9004151",371994,2025-06-08 00:26:01,42.4001998901367,-8.92085933685303,"Female"
"9004151",371994,2025-06-08 00:31:03,42.4001808166504,-8.92104244232178,"Female"
"9004151",371994,2025-06-08 00:36:02,42.4001197814941,-8.92091941833496,"Female"
"9004151",371994,2025-06-08 00:41:08,42.4002342224121,-8.9210729598999,"Female"
"9004151",371994,2025-06-08 00:46:08,42.4001007080078,-8.9209680557251,"Female"
"9004151",371994,2025-06-08 00:51:06,42.4001884460449,-8.92102146148682,"Female"
"9004151",371994,2025-06-08 00:56:03,42.3999977111816,-8.92085933685303,"Female"
"9004151",371994,2025-06-08 01:01:14,42.4000930786133,-8.92092132568359,"Female"
"9004151",371994,2025-06-08 01:06:08,42.4000587463379,-8.92090797424316,"Female"
"9004151",371994,2025-06-08 01:11:08,42.4000358581543,-8.92089366912842,"Female"
"9004151",371994,2025-06-08 01:16:09,42.4000778198242,-8.92093467712402,"Female"
"9004151",371994,2025-06-08 01:21:08,42.3999481201172,-8.92082786560059,"Female"
"9004151",371994,2025-06-08 01:26:08,42.4000205993652,-8.92085647583008,"Female"
"9004151",371994,2025-06-08 01:31:08,42.4000701904297,-8.92095947265625,"Female"
"9004151",371994,2025-06-08 01:36:31,42.4000854492188,-8.92093086242676,"Female"
"9004151",371994,2025-06-08 01:40:58,42.4001502990723,-8.92111206054688,"Female"
"9004151",371994,2025-06-08 01:45:58,42.4002456665039,-8.92105197906494,"Female"
"9004151",371994,2025-06-08 01:50:58,42.4003601074219,-8.92103862762451,"Female"
"9004151",371994,2025-06-08 01:55:59,42.4002914428711,-8.92104530334473,"Female"
"9004151",371994,2025-06-08 02:01:00,42.4003372192383,-8.92103481292725,"Female"
"9004151",371994,2025-06-08 02:05:59,42.4002265930176,-8.92104530334473,"Female"
"9004151",371994,2025-06-08 02:11:01,42.4005012512207,-8.92101860046387,"Female"
"9004151",371994,2025-06-08 02:16:00,42.4008293151855,-8.92106151580811,"Female"
"9004151",371994,2025-06-08 02:21:06,42.4006156921387,-8.92093849182129,"Female"
"9004151",371994,2025-06-08 02:26:14,42.4005851745605,-8.92097949981689,"Female"
"9004151",371994,2025-06-08 02:31:08,42.4004402160645,-8.92105865478516,"Female"
"9004151",371994,2025-06-08 02:36:16,42.4002723693848,-8.92121601104736,"Female"
"9004151",371994,2025-06-08 02:41:03,42.3999671936035,-8.92142772674561,"Female"
"9004151",371994,2025-06-08 02:46:34,42.400463104248,-8.92095756530762,"Female"
"9004151",371994,2025-06-08 02:50:58,42.4003944396973,-8.92095565795898,"Female"
"9004151",371994,2025-06-08 02:55:59,42.400505065918,-8.92093181610107,"Female"
"9004151",371994,2025-06-08 03:01:03,42.4004669189453,-8.92088222503662,"Female"
"9004151",371994,2025-06-08 03:06:01,42.4004096984863,-8.92103481292725,"Female"
"9004151",371994,2025-06-08 03:11:03,42.4002265930176,-8.92144680023193,"Female"
"9004151",371994,2025-06-08 03:16:08,42.4004211425781,-8.92102432250977,"Female"
"9004151",371994,2025-06-08 03:21:06,42.4003219604492,-8.92115592956543,"Female"
"9004151",371994,2025-06-08 03:26:12,42.4004516601562,-8.92097759246826,"Female"
"9004151",371994,2025-06-08 03:31:06,42.4004135131836,-8.92089653015137,"Female"
"9004151",371994,2025-06-08 03:36:03,42.4004669189453,-8.92092800140381,"Female"
"9004151",371994,2025-06-08 03:40:59,42.400276184082,-8.921142578125,"Female"
"9004151",371994,2025-06-08 03:46:14,42.4004592895508,-8.92100143432617,"Female"
"9004151",371994,2025-06-08 03:51:00,42.4010734558105,-8.92030620574951,"Female"
"9004151",371994,2025-06-08 03:56:05,42.400463104248,-8.92131996154785,"Female"
"9004151",371994,2025-06-08 04:01:12,42.4004249572754,-8.92100620269775,"Female"
"9004151",371994,2025-06-08 04:06:00,42.3942451477051,-8.92364501953125,"Female"
"9004151",371994,2025-06-08 04:11:03,42.4005241394043,-8.92093467712402,"Female"
"9004151",371994,2025-06-08 04:16:01,42.3915672302246,-8.92623901367188,"Female"
"9004151",371994,2025-06-08 04:21:01,42.3939933776855,-8.92247009277344,"Female"
"9004151",371994,2025-06-08 04:26:08,42.4035148620605,-8.91072368621826,"Female"
"9004151",371994,2025-06-08 04:31:01,42.395679473877,-8.91970729827881,"Female"
"9004151",371994,2025-06-08 04:36:01,42.3963928222656,-8.91854381561279,"Female"
"9004151",371994,2025-06-08 04:41:00,42.3968315124512,-8.91792488098145,"Female"
"9004151",371994,2025-06-08 04:46:00,42.3971405029297,-8.91727447509766,"Female"
"9004151",371994,2025-06-08 04:51:29,42.4003753662109,-8.92108345031738,"Female"
"9004151",371994,2025-06-08 04:56:01,42.4003677368164,-8.92115592956543,"Female"
"9004151",371994,2025-06-08 05:01:14,42.3881797790527,-8.90919208526611,"Female"
"9004151",371994,2025-06-08 05:06:08,42.3933944702148,-8.91781425476074,"Female"
"9004151",371994,2025-06-08 05:11:05,42.389835357666,-8.91730499267578,"Female"
"9004151",371994,2025-06-08 05:16:34,42.4004440307617,-8.92085933685303,"Female"
"9004151",371994,2025-06-08 05:21:04,42.4004402160645,-8.9210844039917,"Female"
"9004151",371994,2025-06-08 05:25:59,42.4005012512207,-8.92100811004639,"Female"
"9004151",371994,2025-06-08 05:30:58,42.4005432128906,-8.92096424102783,"Female"
"9004151",371994,2025-06-08 05:35:58,42.4005241394043,-8.92095184326172,"Female"
"9004151",371994,2025-06-08 05:40:58,42.4005279541016,-8.92098522186279,"Female"
"9004151",371994,2025-06-08 05:46:01,42.4002799987793,-8.92121982574463,"Female"
"9004151",371994,2025-06-08 05:51:04,42.4003219604492,-8.92104911804199,"Female"
"9004151",371994,2025-06-08 05:55:59,42.4003715515137,-8.92113494873047,"Female"
"9004151",371994,2025-06-08 06:00:59,42.4003944396973,-8.9210376739502,"Female"
"9004151",371994,2025-06-08 06:05:59,42.4004898071289,-8.92103481292725,"Female"
"9004151",371994,2025-06-08 06:10:59,42.400260925293,-8.92118835449219,"Female"
"9004151",371994,2025-06-08 06:15:59,42.4002952575684,-8.92114925384521,"Female"
"9004151",371994,2025-06-08 06:20:59,42.400276184082,-8.92110538482666,"Female"
"9004151",371994,2025-06-08 06:25:59,42.4003257751465,-8.92098903656006,"Female"
"9004151",371994,2025-06-08 06:31:00,42.4005584716797,-8.92097187042236,"Female"
"9004151",371994,2025-06-08 06:36:01,42.4005355834961,-8.9208812713623,"Female"
"9004151",371994,2025-06-08 06:40:59,42.4006843566895,-8.92095756530762,"Female"
"9004151",371994,2025-06-08 06:46:09,42.4004287719727,-8.92110157012939,"Female"
"9004151",371994,2025-06-08 06:51:00,42.4002113342285,-8.92088794708252,"Female"
"9004151",371994,2025-06-08 06:56:06,42.4006080627441,-8.92083835601807,"Female"
"9004151",371994,2025-06-08 07:01:02,42.4000587463379,-8.92040729522705,"Female"
"9004151",371994,2025-06-08 07:06:03,42.4005508422852,-8.92094612121582,"Female"
"9004151",371994,2025-06-08 07:11:06,42.4005126953125,-8.92106914520264,"Female"
"9004151",371994,2025-06-08 07:16:07,42.4005241394043,-8.9210376739502,"Female"
"9004151",371994,2025-06-08 07:21:14,42.400562286377,-8.9209508895874,"Female"
"9004151",371994,2025-06-08 07:26:13,42.400520324707,-8.9208459854126,"Female"
"9004151",371994,2025-06-08 07:30:59,42.4004745483398,-8.92158031463623,"Female"
"9004151",371994,2025-06-08 07:36:03,42.4001617431641,-8.92143630981445,"Female"
"9004151",371994,2025-06-08 07:40:59,42.4030380249023,-8.92055511474609,"Female"
"9004151",371994,2025-06-08 07:45:59,42.4078712463379,-8.91733932495117,"Female"
"9004151",371994,2025-06-08 07:51:02,42.424488067627,-8.89749717712402,"Female"
"9004151",371994,2025-06-08 07:56:00,42.4241371154785,-8.89740371704102,"Female"
"9004151",371994,2025-06-08 08:01:05,42.4248352050781,-8.89784622192383,"Female"
"9004151",371994,2025-06-08 08:06:11,42.4286003112793,-8.89425182342529,"Female"
"9004151",371994,2025-06-08 08:11:35,42.4386444091797,-8.90432739257812,"Female"
"9004151",371994,2025-06-08 08:16:51,42.4364013671875,-8.90512752532959,"Female"
"9004151",371994,2025-06-08 08:21:51,42.4333229064941,-8.90433311462402,"Female"
"9004151",371994,2025-06-08 08:26:51,42.4322128295898,-8.90521907806396,"Female"
"9004151",371994,2025-06-08 08:31:51,42.4317321777344,-8.90643978118896,"Female"
"9004151",371994,2025-06-08 08:36:51,42.4315490722656,-8.905686378479,"Female"
"9004151",371994,2025-06-08 08:41:51,42.4313888549805,-8.90621280670166,"Female"
"9004151",371994,2025-06-08 08:46:51,42.430908203125,-8.90921783447266,"Female"
"9004151",371994,2025-06-08 08:51:51,42.4508666992188,-8.92233943939209,"Female"
"9004151",371994,2025-06-08 08:56:52,42.4508590698242,-8.92238712310791,"Female"
"9004151",371994,2025-06-08 09:01:51,42.4508285522461,-8.92233467102051,"Female"
"9004151",371994,2025-06-08 09:06:55,42.4506492614746,-8.92253017425537,"Female"
"9004151",371994,2025-06-08 09:11:51,42.4517059326172,-8.93329429626465,"Female"
"9004151",371994,2025-06-08 09:16:51,42.4803428649902,-8.93735408782959,"Female"
"9004151",371994,2025-06-08 09:21:51,42.4873886108398,-8.93116569519043,"Female"
"9004151",371994,2025-06-08 09:26:59,42.487361907959,-8.93114757537842,"Female"
"9004151",371994,2025-06-08 09:31:51,42.4872589111328,-8.93116474151611,"Female"
"9004151",371994,2025-06-08 09:36:53,42.4870262145996,-8.9313440322876,"Female"
"9004151",371994,2025-06-08 09:41:53,42.4994773864746,-8.90780353546143,"Female"
"9004151",371994,2025-06-08 09:46:55,42.4999198913574,-8.90757274627686,"Female"
"9004151",371994,2025-06-08 09:51:53,42.507080078125,-8.89053153991699,"Female"
"9004151",371994,2025-06-08 09:56:53,42.5256652832031,-8.85738372802734,"Female"
"9004151",371994,2025-06-08 10:06:27,42.5307121276855,-8.85126686096191,"Female"
"9004151",371994,2025-06-08 10:11:46,42.5314140319824,-8.84955787658691,"Female"
"9004151",371994,2025-06-08 10:17:19,42.532600402832,-8.84944820404053,"Female"
"9004151",371994,2025-06-08 10:22:43,42.5321998596191,-8.84821128845215,"Female"
"9004151",371994,2025-06-08 10:27:43,42.5334854125977,-8.84819221496582,"Female"
"9004151",371994,2025-06-08 10:32:43,42.5332298278809,-8.848557472229,"Female"
"9004151",371994,2025-06-08 10:37:50,42.5319786071777,-8.85000419616699,"Female"
"9004151",371994,2025-06-08 10:42:50,42.5315704345703,-8.84912109375,"Female"
"9004151",371994,2025-06-08 10:47:57,42.5309104919434,-8.84822750091553,"Female"
"9004151",371994,2025-06-08 10:53:21,42.5312728881836,-8.84906387329102,"Female"
"9004151",371994,2025-06-08 10:58:22,42.5303688049316,-8.84977531433105,"Female"
"9004151",371994,2025-06-08 11:04:09,42.5294494628906,-8.85010051727295,"Female"
"9004151",371994,2025-06-08 11:09:48,42.5294456481934,-8.85092926025391,"Female"
"9004151",371994,2025-06-08 11:14:47,42.5288124084473,-8.85028648376465,"Female"
"9004151",371994,2025-06-08 11:19:42,42.5260467529297,-8.84688091278076,"Female"
"9004151",371994,2025-06-08 11:24:48,42.5260314941406,-8.84717559814453,"Female"
"9004151",371994,2025-06-08 11:29:41,42.5260620117188,-8.84744548797607,"Female"
"9004151",371994,2025-06-08 11:34:48,42.526050567627,-8.8471736907959,"Female"
"9004151",371994,2025-06-08 11:39:43,42.5261154174805,-8.84716033935547,"Female"
"9004151",371994,2025-06-08 11:44:48,42.5261001586914,-8.84714984893799,"Female"
"9004151",371994,2025-06-08 11:49:48,42.5260848999023,-8.84715843200684,"Female"
"9004151",371994,2025-06-08 11:54:48,42.5261192321777,-8.84715747833252,"Female"
"9004151",371994,2025-06-08 11:59:48,42.5260963439941,-8.84716987609863,"Female"
"9004151",371994,2025-06-08 12:04:48,42.5261001586914,-8.84719085693359,"Female"
"9004151",371994,2025-06-08 12:09:48,42.5261192321777,-8.84714794158936,"Female"
"9004151",371994,2025-06-08 12:14:45,42.526065826416,-8.84721279144287,"Female"
"9004151",371994,2025-06-08 12:19:43,42.5260734558105,-8.84716796875,"Female"
"9004151",371994,2025-06-08 12:25:05,42.526123046875,-8.84709548950195,"Female"
"9004151",371994,2025-06-08 12:29:39,42.5261039733887,-8.84711360931396,"Female"
"9004151",371994,2025-06-08 12:34:39,42.5261192321777,-8.84712791442871,"Female"
"9004151",371994,2025-06-08 12:39:38,42.5261306762695,-8.8470630645752,"Female"
"9004151",371994,2025-06-08 12:44:39,42.5261268615723,-8.84705352783203,"Female"
"9004151",371994,2025-06-08 12:49:38,42.5260848999023,-8.84713459014893,"Female"
"9004151",371994,2025-06-08 12:54:39,42.5260848999023,-8.84711456298828,"Female"
"9004151",371994,2025-06-08 12:59:38,42.5261192321777,-8.8470573425293,"Female"
"9004151",371994,2025-06-08 13:04:39,42.5261306762695,-8.84712982177734,"Female"
"9004151",371994,2025-06-08 13:09:39,42.5261421203613,-8.84707450866699,"Female"
"9004151",371994,2025-06-08 13:14:39,42.5261077880859,-8.84711074829102,"Female"
"9004151",371994,2025-06-08 13:19:39,42.5261154174805,-8.84710025787354,"Female"
"9004151",371994,2025-06-08 13:24:39,42.5261421203613,-8.84705924987793,"Female"
"9004151",371994,2025-06-08 13:29:39,42.5261192321777,-8.84711074829102,"Female"
"9004151",371994,2025-06-08 13:34:38,42.5261917114258,-8.84711742401123,"Female"
"9004151",371994,2025-06-08 13:39:39,42.5260314941406,-8.84714317321777,"Female"
"9004151",371994,2025-06-08 13:44:39,42.5262832641602,-8.84709548950195,"Female"
"9004151",371994,2025-06-08 13:49:39,42.5262184143066,-8.84702968597412,"Female"
"9004151",371994,2025-06-08 13:54:39,42.5262641906738,-8.84706592559814,"Female"
"9004151",371994,2025-06-08 13:59:40,42.526496887207,-8.8470516204834,"Female"
"9004151",371994,2025-06-08 14:05:04,42.526123046875,-8.84712886810303,"Female"
"9004151",371994,2025-06-08 14:09:39,42.5260772705078,-8.84713459014893,"Female"
"9004151",371994,2025-06-08 14:14:39,42.5264587402344,-8.84728813171387,"Female"
"9004151",371994,2025-06-08 14:19:40,42.5295867919922,-8.84944248199463,"Female"
"9004151",371994,2025-06-08 14:24:39,42.5295944213867,-8.84954643249512,"Female"
"9004151",371994,2025-06-08 14:30:00,42.5314292907715,-8.84930038452148,"Female"
"9004151",371994,2025-06-08 14:35:39,42.5317726135254,-8.8488130569458,"Female"
"9004151",371994,2025-06-08 14:40:38,42.5327339172363,-8.85456562042236,"Female"
"9004151",371994,2025-06-08 14:45:37,42.5317420959473,-8.85495376586914,"Female"
"9004151",371994,2025-06-08 14:50:38,42.5308799743652,-8.85501766204834,"Female"
"9004151",371994,2025-06-08 14:55:37,42.530143737793,-8.85482788085938,"Female"
"9004151",371994,2025-06-08 15:00:38,42.5298652648926,-8.85446453094482,"Female"
"9004151",371994,2025-06-08 15:05:38,42.5294532775879,-8.85412693023682,"Female"
"9004151",371994,2025-06-08 15:10:41,42.5327911376953,-8.85683917999268,"Female"
"9004151",371994,2025-06-08 15:15:39,42.5326271057129,-8.85645008087158,"Female"
"9004151",371994,2025-06-08 15:20:39,42.5331344604492,-8.85611152648926,"Female"
"9004151",371994,2025-06-08 15:25:50,42.5335693359375,-8.85731887817383,"Female"
"9004151",371994,2025-06-08 15:30:51,42.5347480773926,-8.85789394378662,"Female"
"9004151",371994,2025-06-08 15:35:50,42.535816192627,-8.85860824584961,"Female"
"9004151",371994,2025-06-08 15:40:53,42.5364151000977,-8.85913467407227,"Female"
"9004151",371994,2025-06-08 15:45:50,42.537670135498,-8.85954189300537,"Female"
"9004151",371994,2025-06-08 15:51:21,42.5385551452637,-8.85941314697266,"Female"
"9004151",371994,2025-06-08 15:56:41,42.5390396118164,-8.85996246337891,"Female"
"9004151",371994,2025-06-08 16:02:44,42.5392799377441,-8.86034393310547,"Female"
"9004151",371994,2025-06-08 16:07:43,42.5387725830078,-8.85962009429932,"Female"
"9004151",371994,2025-06-08 16:12:43,42.5382919311523,-8.85888957977295,"Female"
"9004151",371994,2025-06-08 16:17:59,42.5370788574219,-8.8595495223999,"Female"
"9004151",371994,2025-06-08 16:23:11,42.5361328125,-8.85965538024902,"Female"
"9004151",371994,2025-06-08 16:28:46,42.5355110168457,-8.85782432556152,"Female"
"9004151",371994,2025-06-08 16:34:16,42.5344161987305,-8.85822868347168,"Female"
"9004151",371994,2025-06-08 16:39:37,42.5327377319336,-8.85795593261719,"Female"
"9004151",371994,2025-06-08 16:45:01,42.5321617126465,-8.85683727264404,"Female"
"9004151",371994,2025-06-08 16:50:28,42.5315628051758,-8.85683822631836,"Female"
"9004151",371994,2025-06-08 16:55:29,42.5320320129395,-8.85603713989258,"Female"
"9004151",371994,2025-06-08 17:00:58,42.5320777893066,-8.85628700256348,"Female"
"9004151",371994,2025-06-08 17:06:22,42.5320816040039,-8.8570728302002,"Female"
"9004151",371994,2025-06-08 17:12:00,42.5307121276855,-8.85764408111572,"Female"
"9004151",371994,2025-06-08 17:17:25,42.5284423828125,-8.85616207122803,"Female"
"9004151",371994,2025-06-08 17:22:14,42.5247688293457,-8.85431003570557,"Female"
"9004151",371994,2025-06-08 17:26:55,42.5247001647949,-8.85426807403564,"Female"
"9004151",371994,2025-06-08 17:31:55,42.5246696472168,-8.85439109802246,"Female"
"9004151",371994,2025-06-08 17:36:55,42.5246810913086,-8.85442924499512,"Female"
"9004151",371994,2025-06-08 17:41:55,42.5247764587402,-8.85365200042725,"Female"
"9004151",371994,2025-06-08 17:46:57,42.5247993469238,-8.85404586791992,"Female"
"9004151",371994,2025-06-08 17:52:14,42.5246963500977,-8.85454559326172,"Female"
"9004151",371994,2025-06-08 17:56:55,42.5247611999512,-8.85461330413818,"Female"
"9004151",371994,2025-06-08 18:01:55,42.524658203125,-8.85448169708252,"Female"
"9004151",371994,2025-06-08 18:06:55,42.5246734619141,-8.85449028015137,"Female"
"9004151",371994,2025-06-08 18:11:55,42.5245094299316,-8.85440254211426,"Female"
"9004151",371994,2025-06-08 18:16:55,42.5246963500977,-8.85445690155029,"Female"
"9004151",371994,2025-06-08 18:21:55,42.5246772766113,-8.854416847229,"Female"
"9004151",371994,2025-06-08 18:26:55,42.5090446472168,-8.8768367767334,"Female"
"9004151",371994,2025-06-08 18:31:55,42.4801368713379,-8.93341827392578,"Female"
"9004151",371994,2025-06-08 18:36:55,42.4750633239746,-8.94022274017334,"Female"
"9004151",371994,2025-06-08 18:41:56,42.4492721557617,-8.94308471679688,"Female"
"9004151",371994,2025-06-08 18:47:44,42.4367752075195,-8.93734073638916,"Female"
"9004151",371994,2025-06-08 18:52:11,42.4004898071289,-8.92084503173828,"Female"
"9004151",371994,2025-06-08 18:56:55,42.4004783630371,-8.92078590393066,"Female"
"9004151",371994,2025-06-08 19:01:55,42.4005088806152,-8.92135524749756,"Female"
"9004151",371994,2025-06-08 19:06:55,42.4003562927246,-8.92116165161133,"Female"
"9004151",371994,2025-06-08 19:11:55,42.4009437561035,-8.92061519622803,"Female"
"9004151",371994,2025-06-08 19:16:59,42.4007759094238,-8.921142578125,"Female"
"9004151",371994,2025-06-08 19:21:57,42.400016784668,-8.92176151275635,"Female"
"9004151",371994,2025-06-08 19:27:01,42.4002227783203,-8.92124557495117,"Female"
"9004151",371994,2025-06-08 19:31:58,42.4004173278809,-8.92098712921143,"Female"
"9004151",371994,2025-06-08 19:37:06,42.4000396728516,-8.92105007171631,"Female"
"9004151",371994,2025-06-08 19:42:04,42.4009399414062,-8.92175197601318,"Female"
"9004151",371994,2025-06-08 19:47:27,42.4002418518066,-8.92133903503418,"Female"
"9004151",371994,2025-06-08 19:51:55,42.400203704834,-8.92116737365723,"Female"
"9004151",371994,2025-06-08 19:56:55,42.4002456665039,-8.92118453979492,"Female"
"9004151",371994,2025-06-08 20:01:55,42.4001808166504,-8.92124938964844,"Female"
"9004151",371994,2025-06-08 20:06:55,42.4002532958984,-8.92112350463867,"Female"
"9004151",371994,2025-06-08 20:11:55,42.4004402160645,-8.92105960845947,"Female"
"9004151",371994,2025-06-08 20:16:55,42.4003486633301,-8.92115306854248,"Female"
"9004151",371994,2025-06-08 20:21:55,42.4002952575684,-8.92113494873047,"Female"
"9004151",371994,2025-06-08 20:26:55,42.400390625,-8.92105007171631,"Female"
"9004151",371994,2025-06-08 20:31:56,42.4003410339355,-8.9210901260376,"Female"
"9004151",371994,2025-06-08 20:36:58,42.400333404541,-8.92111682891846,"Female"
"9004151",371994,2025-06-08 20:41:57,42.4003524780273,-8.92113018035889,"Female"
"9004151",371994,2025-06-08 20:46:58,42.4002494812012,-8.92121124267578,"Female"
"9004151",371994,2025-06-08 20:52:03,42.4002532958984,-8.92125797271729,"Female"
"9004151",371994,2025-06-08 20:57:04,42.4003410339355,-8.92113494873047,"Female"
"9004151",371994,2025-06-08 21:02:04,42.4003753662109,-8.92115306854248,"Female"
"9004151",371994,2025-06-08 21:07:05,42.4004058837891,-8.9211540222168,"Female"
"9004151",371994,2025-06-08 21:11:56,42.4002685546875,-8.92110252380371,"Female"
"9004151",371994,2025-06-08 21:16:55,42.4002952575684,-8.92121410369873,"Female"
"9004151",371994,2025-06-08 21:22:01,42.4003486633301,-8.92113971710205,"Female"
"9004151",371994,2025-06-08 21:27:01,42.4004020690918,-8.92109966278076,"Female"
"9004151",371994,2025-06-08 21:31:55,42.400333404541,-8.92104244232178,"Female"
"9004151",371994,2025-06-08 21:36:58,42.4003486633301,-8.92112636566162,"Female"
"9004151",371994,2025-06-08 21:41:58,42.4002380371094,-8.92099666595459,"Female"
"9004151",371994,2025-06-08 21:47:01,42.4003257751465,-8.92113018035889,"Female"
"9004151",371994,2025-06-08 21:52:00,42.4003753662109,-8.92092704772949,"Female"
"9004151",371994,2025-06-08 21:57:05,42.3994789123535,-8.92153644561768,"Female"
"9004151",371994,2025-06-08 22:02:05,42.3996429443359,-8.92137718200684,"Female"
"9004151",371994,2025-06-08 22:07:14,42.4004707336426,-8.92097568511963,"Female"
"9004151",371994,2025-06-08 22:11:55,42.4005241394043,-8.92115497589111,"Female"
"9004151",371994,2025-06-08 22:17:08,42.4006462097168,-8.92099285125732,"Female"
"9004151",371994,2025-06-08 22:21:58,42.4001922607422,-8.92093658447266,"Female"
"9004151",371994,2025-06-08 22:27:10,42.4004173278809,-8.92100238800049,"Female"
"9004151",371994,2025-06-08 22:31:57,42.4004707336426,-8.92098903656006,"Female"
"9004151",371994,2025-06-08 22:36:59,42.400520324707,-8.92070770263672,"Female"
"9004151",371994,2025-06-08 22:41:58,42.4002571105957,-8.92076587677002,"Female"
"9004151",371994,2025-06-08 22:47:25,42.4002380371094,-8.9212474822998,"Female"
"9004151",371994,2025-06-08 22:51:55,42.4006233215332,-8.92107105255127,"Female"
"9004151",371994,2025-06-08 22:56:55,42.4003486633301,-8.92132472991943,"Female"
"9004151",371994,2025-06-08 23:01:55,42.4003448486328,-8.92111206054688,"Female"
"9004151",371994,2025-06-08 23:06:56,42.4005355834961,-8.9210844039917,"Female"
"9004151",371994,2025-06-08 23:11:56,42.4005584716797,-8.92111492156982,"Female"
"9004151",371994,2025-06-08 23:16:56,42.400505065918,-8.92120742797852,"Female"
"9004151",371994,2025-06-08 23:21:56,42.4005317687988,-8.92124843597412,"Female"
"9004151",371994,2025-06-08 23:27:00,42.4006004333496,-8.92106533050537,"Female"
"9004151",371994,2025-06-08 23:32:04,42.399112701416,-8.9216833114624,"Female"
"9004151",371994,2025-06-08 23:37:20,42.4004440307617,-8.92096424102783,"Female"
"9004151",371994,2025-06-08 23:41:58,42.4004745483398,-8.9210901260376,"Female"
"9004151",371994,2025-06-08 23:46:58,42.4004974365234,-8.92119216918945,"Female"
"9004151",371994,2025-06-08 23:51:56,42.4008560180664,-8.92122268676758,"Female"
"9004151",371994,2025-06-08 23:56:58,42.4010467529297,-8.92122936248779,"Female"
"9004151",371994,2025-06-09 00:02:07,42.4006156921387,-8.92107391357422,"Female"
"9004151",371994,2025-06-09 00:07:06,42.4010009765625,-8.92097473144531,"Female"
"9004151",371994,2025-06-09 00:12:08,42.4005241394043,-8.92068862915039,"Female"
"9004151",371994,2025-06-09 00:17:11,42.4008712768555,-8.92111396789551,"Female"
"9004151",371994,2025-06-09 00:22:06,42.4013061523438,-8.92153644561768,"Female"
"9004151",371994,2025-06-09 00:27:13,42.4005546569824,-8.92121315002441,"Female"
"9004151",371994,2025-06-09 00:32:06,42.4003677368164,-8.92094230651855,"Female"
"9004151",371994,2025-06-09 00:37:00,42.3999900817871,-8.92069244384766,"Female"
"9004151",371994,2025-06-09 00:42:14,42.4004211425781,-8.92123794555664,"Female"
"9004151",371994,2025-06-09 00:47:14,42.4004936218262,-8.9210033416748,"Female"
"9004151",371994,2025-06-09 00:51:58,42.3998870849609,-8.92060375213623,"Female"
"9004151",371994,2025-06-09 00:56:55,42.4007759094238,-8.92116165161133,"Female"
"9004151",371994,2025-06-09 01:01:56,42.4004249572754,-8.92113208770752,"Female"
"9004151",371994,2025-06-09 01:06:54,42.4004364013672,-8.92108917236328,"Female"
"9004151",371994,2025-06-09 01:12:01,42.4004669189453,-8.92114162445068,"Female"
"9004151",371994,2025-06-09 01:16:56,42.4004669189453,-8.92101669311523,"Female"
"9004151",371994,2025-06-09 01:21:59,42.4004745483398,-8.92105960845947,"Female"
"9004151",371994,2025-06-09 01:26:58,42.4005584716797,-8.92112636566162,"Female"
"9004151",371994,2025-06-09 01:32:29,42.4004707336426,-8.92098808288574,"Female"
"9004151",371994,2025-06-09 01:36:54,42.400463104248,-8.92103958129883,"Female"
"9004151",371994,2025-06-09 01:41:54,42.400505065918,-8.92099475860596,"Female"
"9004151",371994,2025-06-09 01:46:54,42.4005432128906,-8.92092037200928,"Female"
"9004151",371994,2025-06-09 01:51:55,42.4005317687988,-8.92095947265625,"Female"
"9004151",371994,2025-06-09 01:56:55,42.4005088806152,-8.92087936401367,"Female"
"9004151",371994,2025-06-09 02:01:54,42.4005317687988,-8.92089653015137,"Female"
"9004151",371994,2025-06-09 02:06:55,42.4003753662109,-8.920973777771,"Female"
"9004151",371994,2025-06-09 02:11:55,42.4006042480469,-8.92087173461914,"Female"
"9004151",371994,2025-06-09 02:16:58,42.4003715515137,-8.92107963562012,"Female"
"9004151",371994,2025-06-09 02:21:58,42.4008331298828,-8.92125129699707,"Female"
"9004151",371994,2025-06-09 02:26:56,42.4006996154785,-8.92131614685059,"Female"
"9004151",371994,2025-06-09 02:31:58,42.4003868103027,-8.92116165161133,"Female"
"9004151",371994,2025-06-09 02:36:57,42.4007301330566,-8.92087364196777,"Female"
"9004151",371994,2025-06-09 02:42:11,42.4000587463379,-8.92106533050537,"Female"
"9004151",371994,2025-06-09 02:46:59,42.399169921875,-8.92027568817139,"Female"
"9004151",371994,2025-06-09 02:52:12,42.3985176086426,-8.921067237854,"Female"
"9004151",371994,2025-06-09 02:58:13,42.4004287719727,-8.92171096801758,"Female"
"9004151",371994,2025-06-09 03:01:54,42.3998107910156,-8.92146968841553,"Female"
"9004151",371994,2025-06-09 03:06:54,42.4002723693848,-8.92146110534668,"Female"
"9004151",371994,2025-06-09 03:11:55,42.400203704834,-8.92131900787354,"Female"
"9004151",371994,2025-06-09 03:16:54,42.4002571105957,-8.92146492004395,"Female"
"9004151",371994,2025-06-09 03:21:55,42.4003105163574,-8.92131614685059,"Female"
"9004151",371994,2025-06-09 03:26:55,42.4002876281738,-8.92131805419922,"Female"
"9004151",371994,2025-06-09 03:31:54,42.4003028869629,-8.92129325866699,"Female"
"9004151",371994,2025-06-09 03:36:55,42.4003410339355,-8.92133712768555,"Female"
"9004151",371994,2025-06-09 03:41:54,42.4003601074219,-8.92141628265381,"Female"
"9004151",371994,2025-06-09 03:46:58,42.4003028869629,-8.92141532897949,"Female"
"9004151",371994,2025-06-09 03:51:56,42.400505065918,-8.92160511016846,"Female"
"9004151",371994,2025-06-09 03:57:00,42.400562286377,-8.92079448699951,"Female"
"9004151",371994,2025-06-09 04:01:56,42.4003982543945,-8.92090797424316,"Female"
"9004151",371994,2025-06-09 04:06:58,42.4004592895508,-8.92080974578857,"Female"
"9004151",371994,2025-06-09 04:11:58,42.4004020690918,-8.92087841033936,"Female"
"9004151",371994,2025-06-09 04:16:59,42.4005241394043,-8.92090225219727,"Female"
"9004151",371994,2025-06-09 04:22:04,42.400691986084,-8.92119407653809,"Female"
"9004151",371994,2025-06-09 04:26:59,42.4002952575684,-8.92112255096436,"Female"
"9004151",371994,2025-06-09 04:32:09,42.4008750915527,-8.92091846466064,"Female"
"9004151",371994,2025-06-09 04:37:13,42.4008903503418,-8.92087459564209,"Female"
"9004151",371994,2025-06-09 04:41:55,42.4007225036621,-8.92100238800049,"Female"
"9004151",371994,2025-06-09 04:46:55,42.400577545166,-8.92096710205078,"Female"
"9004151",371994,2025-06-09 04:51:55,42.4004859924316,-8.92085838317871,"Female"
"9004151",371994,2025-06-09 04:56:55,42.4006538391113,-8.92089080810547,"Female"
"9004151",371994,2025-06-09 05:01:55,42.4005966186523,-8.92093276977539,"Female"
"9004151",371994,2025-06-09 05:07:14,42.4003105163574,-8.92100620269775,"Female"
"9004151",371994,2025-06-09 05:12:03,42.3996620178223,-8.92181396484375,"Female"
"9004151",371994,2025-06-09 05:17:06,42.4005546569824,-8.92068099975586,"Female"
"9004151",371994,2025-06-09 05:21:57,42.4003715515137,-8.92024898529053,"Female"
"9004151",371994,2025-06-09 05:26:59,42.4016647338867,-8.923415184021,"Female"
"9004151",371994,2025-06-09 05:32:13,42.3999671936035,-8.92268657684326,"Female"
"9004151",371994,2025-06-09 05:37:08,42.3999824523926,-8.92264747619629,"Female"
"9004151",371994,2025-06-09 05:42:07,42.4001998901367,-8.92265892028809,"Female"
"9004151",371994,2025-06-09 05:47:29,42.4003295898438,-8.92136573791504,"Female"
"9004151",371994,2025-06-09 05:51:54,42.4003639221191,-8.92136859893799,"Female"
"9004151",371994,2025-06-09 05:56:54,42.4004402160645,-8.9212589263916,"Female"
"9004151",371994,2025-06-09 06:01:55,42.4004211425781,-8.92146110534668,"Female"
"9004151",371994,2025-06-09 06:06:55,42.4004821777344,-8.92088603973389,"Female"
"9004151",371994,2025-06-09 06:11:56,42.4005546569824,-8.92113590240479,"Female"
"9004151",371994,2025-06-09 06:16:56,42.4000968933105,-8.9207649230957,"Female"
"9004151",371994,2025-06-09 06:21:56,42.4006500244141,-8.921217918396,"Female"
"9004151",371994,2025-06-09 06:26:58,42.4007148742676,-8.92173767089844,"Female"
"9004151",371994,2025-06-09 06:32:14,42.4004020690918,-8.9210319519043,"Female"
"9004151",371994,2025-06-09 06:36:55,42.4005851745605,-8.92123794555664,"Female"
"9004151",371994,2025-06-09 06:42:00,42.4000015258789,-8.92080497741699,"Female"
"9004151",371994,2025-06-09 06:47:06,42.4005126953125,-8.92095279693604,"Female"
"9004151",371994,2025-06-09 06:52:08,42.4003601074219,-8.92107582092285,"Female"
"9004151",371994,2025-06-09 06:57:06,42.4004211425781,-8.92092418670654,"Female"
"9004151",371994,2025-06-09 07:02:00,42.4002342224121,-8.92101573944092,"Female"
"9004151",371994,2025-06-09 07:07:06,42.4004364013672,-8.92101669311523,"Female"
"9004151",371994,2025-06-09 07:12:05,42.4003410339355,-8.9211254119873,"Female"
"9004151",371994,2025-06-09 07:17:06,42.4003105163574,-8.92124938964844,"Female"
"9004151",371994,2025-06-09 07:22:07,42.4002914428711,-8.92112445831299,"Female"
"9004151",371994,2025-06-09 07:27:07,42.4012565612793,-8.92234039306641,"Female"
"9004151",371994,2025-06-09 07:31:55,42.4163932800293,-8.92360019683838,"Female"
"9004151",371994,2025-06-09 07:36:58,42.4483184814453,-8.93334197998047,"Female"
"9004151",371994,2025-06-09 07:42:29,42.4792327880859,-8.93857860565186,"Female"
"9004151",371994,2025-06-09 07:46:55,42.4824905395508,-8.93083000183105,"Female"
"9004151",371994,2025-06-09 07:51:55,42.4948196411133,-8.9117603302002,"Female"
"9004151",371994,2025-06-09 07:56:58,42.502368927002,-8.89801692962646,"Female"
"9004151",371994,2025-06-09 08:01:58,42.5205421447754,-8.8634672164917,"Female"
"9004151",371994,2025-06-09 08:08:59,42.5298194885254,-8.85417747497559,"Female"
"9004151",371994,2025-06-09 08:16:14,42.5344581604004,-8.84838962554932,"Female"
"9004151",371994,2025-06-09 08:21:11,42.5353126525879,-8.84776306152344,"Female"
"9004151",371994,2025-06-09 08:26:21,42.5369148254395,-8.84818649291992,"Female"
"9004151",371994,2025-06-09 08:32:30,42.5374908447266,-8.84742069244385,"Female"
"9004151",371994,2025-06-09 08:38:49,42.538013458252,-8.84684944152832,"Female"
"9004151",371994,2025-06-09 08:44:06,42.5377197265625,-8.84812927246094,"Female"
"9004151",371994,2025-06-09 08:49:59,42.5371246337891,-8.84965419769287,"Female"
"9004151",371994,2025-06-09 08:55:00,42.5369644165039,-8.85093784332275,"Female"
"9004151",371994,2025-06-09 09:00:33,42.5367431640625,-8.85207080841064,"Female"
"9004151",371994,2025-06-09 09:05:24,42.5363273620605,-8.85298347473145,"Female"
"9004151",371994,2025-06-09 09:10:25,42.5358657836914,-8.85422420501709,"Female"
"9004151",371994,2025-06-09 09:15:24,42.5355949401855,-8.85286045074463,"Female"
"9004151",371994,2025-06-09 09:21:46,42.5349159240723,-8.85229110717773,"Female"
"9004151",371994,2025-06-09 09:31:42,42.5353393554688,-8.84814453125,"Female"
"9004151",371994,2025-06-09 09:36:49,42.5342140197754,-8.84731960296631,"Female"
"9004151",371994,2025-06-09 09:41:55,42.533317565918,-8.84832000732422,"Female"
"9004151",371994,2025-06-09 09:47:13,42.5323867797852,-8.84943580627441,"Female"
"9004151",371994,2025-06-09 09:52:53,42.5314636230469,-8.85130214691162,"Female"
"9004151",371994,2025-06-09 09:58:19,42.5310478210449,-8.84984397888184,"Female"
"9004151",371994,2025-06-09 10:05:42,42.5304489135742,-8.85113716125488,"Female"
"9004151",371994,2025-06-09 10:11:36,42.5302772521973,-8.85147762298584,"Female"
"9004151",371994,2025-06-09 10:26:44,42.5300712585449,-8.84970569610596,"Female"
"9004151",371994,2025-06-09 10:31:41,42.5291023254395,-8.85048866271973,"Female"
"9004151",371994,2025-06-09 10:36:59,42.5284805297852,-8.85098934173584,"Female"
"9004151",371994,2025-06-09 10:42:02,42.5274887084961,-8.84969902038574,"Female"
"9004151",371994,2025-06-09 10:47:35,42.5273208618164,-8.84953594207764,"Female"
"9004151",371994,2025-06-09 10:52:14,42.5259780883789,-8.84747505187988,"Female"
"9004151",371994,2025-06-09 10:57:03,42.5260009765625,-8.84753227233887,"Female"
"9004151",371994,2025-06-09 11:02:00,42.5259628295898,-8.84740829467773,"Female"
"9004151",371994,2025-06-09 11:07:03,42.5260047912598,-8.84737873077393,"Female"
"9004151",371994,2025-06-09 11:11:59,42.5259628295898,-8.84744644165039,"Female"
"9004151",371994,2025-06-09 11:17:06,42.5260314941406,-8.84685897827148,"Female"
"9004151",371994,2025-06-09 11:22:04,42.5260620117188,-8.84676742553711,"Female"
"9004151",371994,2025-06-09 11:27:04,42.5260467529297,-8.84678745269775,"Female"
"9004151",371994,2025-06-09 11:32:04,42.5260581970215,-8.84681034088135,"Female"
"9004151",371994,2025-06-09 11:37:16,42.525993347168,-8.84735107421875,"Female"
"9004151",371994,2025-06-09 11:42:29,42.5260124206543,-8.84736728668213,"Female"
"9004151",371994,2025-06-09 11:46:59,42.5261192321777,-8.84748363494873,"Female"
"9004151",371994,2025-06-09 11:51:58,42.5261421203613,-8.84749031066895,"Female"
"9004151",371994,2025-06-09 11:56:58,42.5261001586914,-8.84746742248535,"Female"
"9004151",371994,2025-06-09 12:01:59,42.5261116027832,-8.84751892089844,"Female"
"9004151",371994,2025-06-09 12:06:59,42.5261039733887,-8.84742546081543,"Female"
"9004151",371994,2025-06-09 12:11:59,42.5260467529297,-8.84736728668213,"Female"
"9004151",371994,2025-06-09 12:16:58,42.526065826416,-8.84727668762207,"Female"
"9004151",371994,2025-06-09 12:22:01,42.5261459350586,-8.84745121002197,"Female"
"9004151",371994,2025-06-09 12:27:00,42.5260887145996,-8.84733009338379,"Female"
"9004151",371994,2025-06-09 12:32:06,42.5261001586914,-8.84739303588867,"Female"
"9004151",371994,2025-06-09 12:37:06,42.5261306762695,-8.84736633300781,"Female"
"9004151",371994,2025-06-09 12:42:06,42.5261344909668,-8.84743785858154,"Female"
"9004151",371994,2025-06-09 12:47:06,42.5262145996094,-8.84748554229736,"Female"
"9004151",371994,2025-06-09 12:52:15,42.5261154174805,-8.8474063873291,"Female"
"9004151",371994,2025-06-09 12:57:06,42.5261306762695,-8.84740161895752,"Female"
"9004151",371994,2025-06-09 13:02:06,42.5261459350586,-8.84740924835205,"Female"
"9004151",371994,2025-06-09 13:07:06,42.5261154174805,-8.84742736816406,"Female"
"9004151",371994,2025-06-09 13:12:06,42.5261077880859,-8.84744167327881,"Female"
"9004151",371994,2025-06-09 13:17:06,42.5260887145996,-8.84741687774658,"Female"
"9004151",371994,2025-06-09 13:22:06,42.5260734558105,-8.84739971160889,"Female"
"9004151",371994,2025-06-09 13:27:06,42.5260887145996,-8.84742164611816,"Female"
"9004151",371994,2025-06-09 13:32:06,42.5261192321777,-8.84741973876953,"Female"
"9004151",371994,2025-06-09 13:37:06,42.5260925292969,-8.84739875793457,"Female"
"9004151",371994,2025-06-09 13:42:23,42.5313987731934,-8.85139274597168,"Female"
"9004151",371994,2025-06-09 13:54:05,42.532642364502,-8.8496150970459,"Female"
"9004151",371994,2025-06-09 13:58:36,42.5327224731445,-8.84849071502686,"Female"
"9004151",371994,2025-06-09 14:03:36,42.5339469909668,-8.84926509857178,"Female"
"9004151",371994,2025-06-09 14:08:34,42.5345916748047,-8.84905242919922,"Female"
"9004151",371994,2025-06-09 14:13:34,42.5349922180176,-8.84969902038574,"Female"
"9004151",371994,2025-06-09 14:18:33,42.5351295471191,-8.8508768081665,"Female"
"9004151",371994,2025-06-09 14:23:33,42.5352516174316,-8.85184860229492,"Female"
"9004151",371994,2025-06-09 14:28:57,42.5354385375977,-8.85397815704346,"Female"
"9004151",371994,2025-06-09 14:34:34,42.5335006713867,-8.85304260253906,"Female"
"9004151",371994,2025-06-09 14:39:34,42.532657623291,-8.85227966308594,"Female"
"9004151",371994,2025-06-09 14:44:33,42.5313339233398,-8.8524284362793,"Female"
"9004151",371994,2025-06-09 14:49:40,42.5310554504395,-8.85168647766113,"Female"
"9004151",371994,2025-06-09 14:54:46,42.5305976867676,-8.85108470916748,"Female"
"9004151",371994,2025-06-09 14:59:47,42.530029296875,-8.85034561157227,"Female"
"9004151",371994,2025-06-09 15:04:47,42.5306587219238,-8.85072708129883,"Female"
"9004151",371994,2025-06-09 15:09:53,42.5306625366211,-8.85001945495605,"Female"
"9004151",371994,2025-06-09 15:15:20,42.5309104919434,-8.8485746383667,"Female"
"9004151",371994,2025-06-09 15:20:20,42.5317420959473,-8.84858417510986,"Female"
"9004151",371994,2025-06-09 15:25:20,42.5323371887207,-8.84921264648438,"Female"
"9004151",371994,2025-06-09 15:30:22,42.5322799682617,-8.85056972503662,"Female"
"9004151",371994,2025-06-09 15:35:52,42.5326232910156,-8.85057640075684,"Female"
"9004151",371994,2025-06-09 15:41:01,42.5317840576172,-8.85114097595215,"Female"
"9004151",371994,2025-06-09 15:46:26,42.5302352905273,-8.85156059265137,"Female"
"9004151",371994,2025-06-09 15:51:49,42.529369354248,-8.85047912597656,"Female"
"9004151",371994,2025-06-09 15:57:20,42.5293426513672,-8.85108947753906,"Female"
"9004151",371994,2025-06-09 16:02:54,42.5289459228516,-8.85161304473877,"Female"
"9004151",371994,2025-06-09 16:08:25,42.529239654541,-8.85318946838379,"Female"
"9004151",371994,2025-06-09 16:13:25,42.5284538269043,-8.85447120666504,"Female"
"9004151",371994,2025-06-09 16:18:25,42.5174217224121,-8.86843872070312,"Female"
"9004151",371994,2025-06-09 16:23:26,42.5174942016602,-8.86843776702881,"Female"
"9004151",371994,2025-06-09 16:28:30,42.5177268981934,-8.86847686767578,"Female"
"9004151",371994,2025-06-09 16:33:44,42.5172996520996,-8.86824131011963,"Female"
"9004151",371994,2025-06-09 16:38:24,42.5173072814941,-8.86824989318848,"Female"
"9004151",371994,2025-06-09 16:43:59,42.517276763916,-8.86825847625732,"Female"
"9004151",371994,2025-06-09 16:48:51,42.5172843933105,-8.86826133728027,"Female"
"9004151",371994,2025-06-09 16:53:51,42.5173072814941,-8.86823558807373,"Female"
"9004151",371994,2025-06-09 16:58:51,42.5172691345215,-8.86830615997314,"Female"
"9004151",371994,2025-06-09 17:03:51,42.5172920227051,-8.86826610565186,"Female"
"9004151",371994,2025-06-09 17:08:51,42.5172920227051,-8.86831474304199,"Female"
"9004151",371994,2025-06-09 17:13:51,42.5172004699707,-8.86835479736328,"Female"
"9004151",371994,2025-06-09 17:18:51,42.5109596252441,-8.87649822235107,"Female"
"9004151",371994,2025-06-09 17:23:51,42.4939041137695,-8.896409034729,"Female"
"9004151",371994,2025-06-09 17:28:51,42.4938850402832,-8.89630126953125,"Female"
"9004151",371994,2025-06-09 17:33:51,42.4939765930176,-8.89627933502197,"Female"
"9004151",371994,2025-06-09 17:38:51,42.493953704834,-8.89630508422852,"Female"
"9004151",371994,2025-06-09 17:43:51,42.4939918518066,-8.8962984085083,"Female"
"9004151",371994,2025-06-09 17:48:52,42.4939918518066,-8.89635372161865,"Female"
"9004151",371994,2025-06-09 17:53:51,42.493953704834,-8.89629173278809,"Female"
"9004151",371994,2025-06-09 17:58:51,42.493953704834,-8.89631366729736,"Female"
"9004151",371994,2025-06-09 18:03:51,42.4939956665039,-8.89638614654541,"Female"
"9004151",371994,2025-06-09 18:08:51,42.4849548339844,-8.91505527496338,"Female"
"9004151",371994,2025-06-09 18:13:51,42.4616317749023,-8.94571113586426,"Female"
"9004151",371994,2025-06-09 18:18:51,42.4364852905273,-8.94314289093018,"Female"
"9004151",371994,2025-06-09 18:23:51,42.4325561523438,-8.94174957275391,"Female"
"9004151",371994,2025-06-09 18:28:52,42.4004707336426,-8.92109394073486,"Female"
"9004151",371994,2025-06-09 18:33:51,42.400520324707,-8.92104148864746,"Female"
"9004151",371994,2025-06-09 18:38:51,42.4004096984863,-8.92109870910645,"Female"
"9004151",371994,2025-06-09 18:45:05,42.4004898071289,-8.92097759246826,"Female"
"9004151",371994,2025-06-09 18:50:08,42.4005012512207,-8.92103576660156,"Female"
"9004151",371994,2025-06-09 18:55:10,42.4005317687988,-8.92087364196777,"Female"
"9004151",371994,2025-06-09 19:00:09,42.4004669189453,-8.92107391357422,"Female"
"9004151",371994,2025-06-09 19:05:06,42.400333404541,-8.92137813568115,"Female"
"9004151",371994,2025-06-09 19:10:08,42.4004821777344,-8.92125511169434,"Female"
"9004151",371994,2025-06-09 19:15:18,42.4006233215332,-8.92099285125732,"Female"
"9004151",371994,2025-06-09 19:20:35,42.4005470275879,-8.92095375061035,"Female"
"9004151",371994,2025-06-09 19:25:05,42.400577545166,-8.92102241516113,"Female"
"9004151",371994,2025-06-09 19:30:05,42.4004859924316,-8.92100048065186,"Female"
"9004151",371994,2025-06-09 19:35:06,42.4004898071289,-8.92117404937744,"Female"
"9004151",371994,2025-06-09 19:40:05,42.4006004333496,-8.92119884490967,"Female"
"9004151",371994,2025-06-09 19:45:13,42.4004898071289,-8.92108535766602,"Female"
"9004151",371994,2025-06-09 19:50:06,42.4004287719727,-8.92110919952393,"Female"
"9004151",371994,2025-06-09 19:55:08,42.4001579284668,-8.9208402633667,"Female"
"9004151",371994,2025-06-09 20:00:06,42.4003868103027,-8.92106246948242,"Female"
"9004151",371994,2025-06-09 20:05:06,42.4005165100098,-8.92119407653809,"Female"
"9004151",371994,2025-06-09 20:10:06,42.4002647399902,-8.92119789123535,"Female"
"9004151",371994,2025-06-09 20:15:07,42.4005432128906,-8.92123889923096,"Female"
"9004151",371994,2025-06-09 20:20:34,42.4001960754395,-8.92127990722656,"Female"
"9004151",371994,2025-06-09 20:25:06,42.4002799987793,-8.92121601104736,"Female"
"9004151",371994,2025-06-09 20:30:13,42.4003295898438,-8.92111682891846,"Female"
"9004151",371994,2025-06-09 20:35:25,42.4001846313477,-8.92127990722656,"Female"
"9004151",371994,2025-06-09 20:40:15,42.4003868103027,-8.92110538482666,"Female"
"9004151",371994,2025-06-09 20:45:11,42.4003601074219,-8.92116737365723,"Female"
"9004151",371994,2025-06-09 20:50:28,42.4003829956055,-8.92113780975342,"Female"
"9004151",371994,2025-06-09 20:55:17,42.4003257751465,-8.92120552062988,"Female"
"9004151",371994,2025-06-09 21:00:20,42.4004096984863,-8.92111396789551,"Female"
"9004151",371994,2025-06-09 21:05:44,42.4004554748535,-8.92107200622559,"Female"
"9004151",371994,2025-06-09 21:10:05,42.4005966186523,-8.92097187042236,"Female"
"9004151",371994,2025-06-09 21:15:05,42.4004821777344,-8.92096138000488,"Female"
"9004151",371994,2025-06-09 21:20:05,42.4004440307617,-8.92100048065186,"Female"
"9004151",371994,2025-06-09 21:25:05,42.4005699157715,-8.92100811004639,"Female"
"9004151",371994,2025-06-09 21:30:05,42.4004325866699,-8.92102146148682,"Female"
"9004151",371994,2025-06-09 21:35:05,42.4004898071289,-8.92108726501465,"Female"
"9004151",371994,2025-06-09 21:40:05,42.4004898071289,-8.92103385925293,"Female"
"9004151",371994,2025-06-09 21:45:05,42.4003677368164,-8.92092990875244,"Female"
"9004151",371994,2025-06-09 21:50:06,42.4004592895508,-8.9210205078125,"Female"
"9004151",371994,2025-06-09 21:55:05,42.400276184082,-8.92105579376221,"Female"
"9004151",371994,2025-06-09 22:00:05,42.4003677368164,-8.92114448547363,"Female"
"9004151",371994,2025-06-09 22:05:15,42.4002418518066,-8.92082118988037,"Female"
"9004151",371994,2025-06-09 22:10:17,42.4003601074219,-8.92104530334473,"Female"
"9004151",371994,2025-06-09 22:15:35,42.4004821777344,-8.92097759246826,"Female"
"9004151",371994,2025-06-09 22:20:06,42.4004821777344,-8.92094898223877,"Female"
"9004151",371994,2025-06-09 22:25:05,42.4005393981934,-8.92100238800049,"Female"
"9004151",371994,2025-06-09 22:30:05,42.4004669189453,-8.92103862762451,"Female"
"9004151",371994,2025-06-09 22:35:05,42.4003715515137,-8.92112731933594,"Female"
"9004151",371994,2025-06-09 22:40:05,42.4006004333496,-8.92094421386719,"Female"
"9004151",371994,2025-06-09 22:45:05,42.4006881713867,-8.92093467712402,"Female"
"9004151",371994,2025-06-09 22:50:05,42.4004745483398,-8.92098712921143,"Female"
"9004151",371994,2025-06-09 22:55:05,42.4005584716797,-8.9210090637207,"Female"
"9004151",371994,2025-06-09 23:00:07,42.4007377624512,-8.92134857177734,"Female"
"9004151",371994,2025-06-09 23:05:08,42.4008102416992,-8.92137145996094,"Female"
"9004151",371994,2025-06-09 23:10:08,42.4008712768555,-8.92162322998047,"Female"
"9004151",371994,2025-06-09 23:15:09,42.4007873535156,-8.92115688323975,"Female"
"9004151",371994,2025-06-09 23:20:10,42.4010734558105,-8.92123126983643,"Female"
"9004151",371994,2025-06-09 23:25:28,42.3995704650879,-8.92144966125488,"Female"
"9004151",371994,2025-06-09 23:30:44,42.4000778198242,-8.92132759094238,"Female"
"9004151",371994,2025-06-09 23:35:07,42.3999786376953,-8.9213285446167,"Female"
"9004151",371994,2025-06-09 23:40:05,42.3998756408691,-8.92108154296875,"Female"
"9004151",371994,2025-06-09 23:45:08,42.3999938964844,-8.92138767242432,"Female"
"9004151",371994,2025-06-09 23:50:05,42.3999557495117,-8.92123985290527,"Female"
"9004151",371994,2025-06-09 23:55:05,42.3997840881348,-8.92117595672607,"Female"
"9004151",371994,2025-06-10 00:00:10,42.3998985290527,-8.92115783691406,"Female"
"9004151",371994,2025-06-10 00:05:08,42.3998756408691,-8.92115497589111,"Female"
"9004151",371994,2025-06-10 00:10:08,42.3998985290527,-8.92120838165283,"Female"
"9004151",371994,2025-06-10 00:15:35,42.4003601074219,-8.92130279541016,"Female"
"9004151",371994,2025-06-10 00:20:05,42.4003372192383,-8.92134094238281,"Female"
"9004151",371994,2025-06-10 00:25:05,42.4004173278809,-8.92133045196533,"Female"
"9004151",371994,2025-06-10 00:30:05,42.4004211425781,-8.9212646484375,"Female"
"9004151",371994,2025-06-10 00:35:05,42.4003219604492,-8.92133808135986,"Female"
"9004151",371994,2025-06-10 00:40:15,42.4004173278809,-8.92137241363525,"Female"
"9004151",371994,2025-06-10 00:45:05,42.400333404541,-8.92129230499268,"Female"
"9004151",371994,2025-06-10 00:50:05,42.4003448486328,-8.92124652862549,"Female"
"9004151",371994,2025-06-10 00:55:05,42.4003486633301,-8.92127895355225,"Female"
"9004151",371994,2025-06-10 01:00:05,42.4002990722656,-8.92128372192383,"Female"
"9004151",371994,2025-06-10 01:05:07,42.4003372192383,-8.92133140563965,"Female"
"9004151",371994,2025-06-10 01:10:05,42.4003562927246,-8.9212064743042,"Female"
"9004151",371994,2025-06-10 01:15:06,42.4003067016602,-8.92124557495117,"Female"
"9004151",371994,2025-06-10 01:20:05,42.4003067016602,-8.92123889923096,"Female"
"9004151",371994,2025-06-10 01:25:05,42.4002723693848,-8.9212589263916,"Female"
"9004151",371994,2025-06-10 01:30:06,42.4003486633301,-8.92117404937744,"Female"
"9004151",371994,2025-06-10 01:35:06,42.4002952575684,-8.9212121963501,"Female"
"9004151",371994,2025-06-10 01:40:08,42.4001083374023,-8.92122268676758,"Female"
"9004151",371994,2025-06-10 01:45:05,42.4002151489258,-8.9212474822998,"Female"
"9004151",371994,2025-06-10 01:50:05,42.4003639221191,-8.9211540222168,"Female"
"9004151",371994,2025-06-10 01:55:05,42.4002647399902,-8.92114639282227,"Female"
"9004151",371994,2025-06-10 02:00:34,42.4002799987793,-8.92117881774902,"Female"
"9004151",371994,2025-06-10 02:05:05,42.4002723693848,-8.92127323150635,"Female"
"9004151",371994,2025-06-10 02:10:05,42.4003143310547,-8.92121887207031,"Female"
"9004151",371994,2025-06-10 02:15:06,42.4003105163574,-8.92109966278076,"Female"
"9004151",371994,2025-06-10 02:20:05,42.4003486633301,-8.92114734649658,"Female"
"9004151",371994,2025-06-10 02:25:05,42.4000358581543,-8.92119026184082,"Female"
"9004151",371994,2025-06-10 02:30:05,42.4005241394043,-8.92092990875244,"Female"
"9004151",371994,2025-06-10 02:35:06,42.4004745483398,-8.92094802856445,"Female"
"9004151",371994,2025-06-10 02:40:06,42.4004783630371,-8.92087554931641,"Female"
"9004151",371994,2025-06-10 02:45:09,42.4004325866699,-8.92105388641357,"Female"
"9004151",371994,2025-06-10 02:50:18,42.4004287719727,-8.92106246948242,"Female"
"9004151",371994,2025-06-10 02:55:18,42.4003829956055,-8.92118835449219,"Female"
"9004151",371994,2025-06-10 03:00:44,42.400505065918,-8.92101955413818,"Female"
"9004151",371994,2025-06-10 03:05:05,42.4004440307617,-8.92112159729004,"Female"
"9004151",371994,2025-06-10 03:10:05,42.400505065918,-8.9210729598999,"Female"
"9004151",371994,2025-06-10 03:15:06,42.4006080627441,-8.9210729598999,"Female"
"9004151",371994,2025-06-10 03:20:07,42.4005165100098,-8.9210205078125,"Female"
"9004151",371994,2025-06-10 03:25:05,42.4004745483398,-8.92103004455566,"Female"
"9004151",371994,2025-06-10 03:30:05,42.4005317687988,-8.92105579376221,"Female"
"9004151",371994,2025-06-10 03:35:05,42.4004287719727,-8.92112827301025,"Female"
"9004151",371994,2025-06-10 03:40:05,42.4005126953125,-8.92108345031738,"Female"
"9004151",371994,2025-06-10 03:45:09,42.4004287719727,-8.92108345031738,"Female"
"9004151",371994,2025-06-10 03:50:34,42.4004592895508,-8.92083072662354,"Female"
"9004151",371994,2025-06-10 03:55:06,42.4007530212402,-8.92101573944092,"Female"
"9004151",371994,2025-06-10 04:00:05,42.4004402160645,-8.9207067489624,"Female"
"9004151",371994,2025-06-10 04:05:07,42.4006118774414,-8.92098522186279,"Female"
"9004151",371994,2025-06-10 04:10:06,42.400520324707,-8.92100524902344,"Female"
"9004151",371994,2025-06-10 04:15:06,42.400390625,-8.92113399505615,"Female"
"9004151",371994,2025-06-10 04:20:06,42.4006690979004,-8.92110538482666,"Female"
"9004151",371994,2025-06-10 04:25:06,42.4005966186523,-8.92122268676758,"Female"
"9004151",371994,2025-06-10 04:30:08,42.4004669189453,-8.9211368560791,"Female"
"9004151",371994,2025-06-10 04:35:06,42.4006423950195,-8.92120170593262,"Female"
"9004151",371994,2025-06-10 04:40:06,42.4005851745605,-8.921217918396,"Female"
"9004151",371994,2025-06-10 04:45:07,42.4011497497559,-8.92203140258789,"Female"
"9004151",371994,2025-06-10 04:50:07,42.4007301330566,-8.92153167724609,"Female"
"9004151",371994,2025-06-10 04:55:07,42.400577545166,-8.92141342163086,"Female"
"9004151",371994,2025-06-10 05:00:35,42.4004135131836,-8.92104530334473,"Female"
"9004151",371994,2025-06-10 05:05:05,42.4003105163574,-8.92118358612061,"Female"
"9004151",371994,2025-06-10 05:10:05,42.4003829956055,-8.92115879058838,"Female"
"9004151",371994,2025-06-10 05:15:19,42.4002799987793,-8.92123413085938,"Female"
"9004151",371994,2025-06-10 05:20:19,42.4003219604492,-8.92119884490967,"Female"
"9004151",371994,2025-06-10 05:25:19,42.4003143310547,-8.92119026184082,"Female"
"9004151",371994,2025-06-10 05:30:19,42.400333404541,-8.92117500305176,"Female"
"9004151",371994,2025-06-10 05:35:19,42.4003715515137,-8.92116641998291,"Female"
"9004151",371994,2025-06-10 05:40:35,42.4004173278809,-8.92113971710205,"Female"
"9004151",371994,2025-06-10 05:45:06,42.4003791809082,-8.92105102539062,"Female"
"9004151",371994,2025-06-10 05:50:05,42.4004554748535,-8.92105865478516,"Female"
"9004151",371994,2025-06-10 05:55:05,42.4003486633301,-8.92098903656006,"Female"
"9004151",371994,2025-06-10 06:00:06,42.4003868103027,-8.92098712921143,"Female"
"9004151",371994,2025-06-10 06:05:05,42.4004211425781,-8.92107486724854,"Female"
"9004151",371994,2025-06-10 06:10:05,42.4004249572754,-8.92113399505615,"Female"
"9004151",371994,2025-06-10 06:15:05,42.4003982543945,-8.92103481292725,"Female"
"9004151",371994,2025-06-10 06:20:05,42.4004859924316,-8.92112159729004,"Female"
"9004151",371994,2025-06-10 06:25:05,42.400463104248,-8.92102909088135,"Female"
"9004151",371994,2025-06-10 06:30:05,42.4004592895508,-8.92107486724854,"Female"
"9004151",371994,2025-06-10 06:35:05,42.4004592895508,-8.92097473144531,"Female"
"9004151",371994,2025-06-10 06:40:05,42.397819519043,-8.92017555236816,"Female"
"9004151",371994,2025-06-10 06:45:05,42.3977394104004,-8.92009544372559,"Female"
"9004151",371994,2025-06-10 06:50:06,42.3978080749512,-8.92012023925781,"Female"
"9004151",371994,2025-06-10 06:55:07,42.3979110717773,-8.9202995300293,"Female"
"9004151",371994,2025-06-10 07:00:05,42.3977661132812,-8.92012214660645,"Female"
"9004151",371994,2025-06-10 07:05:05,42.3978805541992,-8.9202709197998,"Female"
"9004151",371994,2025-06-10 07:11:07,42.3953857421875,-8.90855312347412,"Female"
"9004151",371994,2025-06-10 07:16:15,42.3933792114258,-8.91105937957764,"Female"
"9004151",371994,2025-06-10 07:21:49,42.3913688659668,-8.92000007629395,"Female"
"9004151",371994,2025-06-10 07:26:53,42.3920402526855,-8.91990184783936,"Female"
"9004151",371994,2025-06-10 07:31:48,42.3917503356934,-8.92231750488281,"Female"
"9004151",371994,2025-06-10 07:36:45,42.3916091918945,-8.9219856262207,"Female"
"9004151",371994,2025-06-10 07:41:45,42.3917694091797,-8.92224311828613,"Female"
"9004151",371994,2025-06-10 07:46:45,42.391788482666,-8.922287940979,"Female"
"9004151",371994,2025-06-10 07:52:02,42.3919143676758,-8.92250728607178,"Female"
"9004151",371994,2025-06-10 07:56:56,42.3917808532715,-8.92220401763916,"Female"
"9004151",371994,2025-06-10 08:02:29,42.3919258117676,-8.92250156402588,"Female"
"9004151",371994,2025-06-10 08:06:55,42.3919143676758,-8.92252731323242,"Female"
"9004151",371994,2025-06-10 08:11:55,42.391918182373,-8.92250156402588,"Female"
"9004151",371994,2025-06-10 08:16:55,42.3919219970703,-8.92247676849365,"Female"
"9004151",371994,2025-06-10 08:21:55,42.3919486999512,-8.92248058319092,"Female"
"9004151",371994,2025-06-10 08:26:56,42.3921089172363,-8.92092609405518,"Female"
"9004151",371994,2025-06-10 08:31:55,42.3919105529785,-8.92243003845215,"Female"
"9004151",371994,2025-06-10 08:36:55,42.391918182373,-8.92232227325439,"Female"
"9004151",371994,2025-06-10 08:41:55,42.3919334411621,-8.92245960235596,"Female"
"9004151",371994,2025-06-10 08:46:55,42.391918182373,-8.92249870300293,"Female"
"9004151",371994,2025-06-10 08:51:55,42.3918800354004,-8.9226245880127,"Female"
"9004151",371994,2025-06-10 08:56:56,42.3919296264648,-8.92257976531982,"Female"
"9004151",371994,2025-06-10 09:01:55,42.3919334411621,-8.9224853515625,"Female"
"9004151",371994,2025-06-10 09:06:56,42.410514831543,-8.89749908447266,"Female"
"9004151",371994,2025-06-10 09:12:49,42.4118461608887,-8.89728260040283,"Female"
"9004151",371994,2025-06-10 09:19:10,42.4146881103516,-8.89913940429688,"Female"
"9004151",371994,2025-06-10 09:24:43,42.4157104492188,-8.89895439147949,"Female"
"9004151",371994,2025-06-10 09:29:49,42.4166793823242,-8.89819812774658,"Female"
"9004151",371994,2025-06-10 09:36:14,42.4265594482422,-8.88936233520508,"Female"
"9004151",371994,2025-06-10 09:41:14,42.4273452758789,-8.8908519744873,"Female"
"9004151",371994,2025-06-10 09:46:51,42.4278335571289,-8.89308166503906,"Female"
"9004151",371994,2025-06-10 09:51:54,42.4283561706543,-8.89468479156494,"Female"
"9004151",371994,2025-06-10 09:56:53,42.4283866882324,-8.89823532104492,"Female"
"9004151",371994,2025-06-10 10:02:01,42.4282760620117,-8.89873313903809,"Female"
"9004151",371994,2025-06-10 10:07:01,42.4286231994629,-8.89988422393799,"Female"
"9004151",371994,2025-06-10 10:12:19,42.4293365478516,-8.90034294128418,"Female"
"9004151",371994,2025-06-10 10:17:35,42.430061340332,-8.90179443359375,"Female"
"9004151",371994,2025-06-10 10:22:08,42.4303970336914,-8.90341758728027,"Female"
"9004151",371994,2025-06-10 10:27:09,42.4305686950684,-8.9048900604248,"Female"
"9004151",371994,2025-06-10 10:32:09,42.4307098388672,-8.90627098083496,"Female"
"9004151",371994,2025-06-10 10:37:35,42.4310150146484,-8.90698432922363,"Female"
"9004151",371994,2025-06-10 10:42:08,42.4316368103027,-8.90803813934326,"Female"
"9004151",371994,2025-06-10 10:47:08,42.4326400756836,-8.90767002105713,"Female"
"9004151",371994,2025-06-10 10:52:08,42.4487648010254,-8.9218053817749,"Female"
"9004151",371994,2025-06-10 10:57:08,42.4487152099609,-8.92572212219238,"Female"
"9004151",371994,2025-06-10 11:02:09,42.4487609863281,-8.92580318450928,"Female"
"9004151",371994,2025-06-10 11:07:08,42.4670639038086,-8.94453716278076,"Female"
"9004151",371994,2025-06-10 11:12:08,42.4982414245605,-8.90645790100098,"Female"
"9004151",371994,2025-06-10 11:17:09,42.5280532836914,-8.859206199646,"Female"
"9004151",371994,2025-06-10 11:22:09,42.5327606201172,-8.85610198974609,"Female"
"9004151",371994,2025-06-10 11:27:14,42.5335845947266,-8.85516834259033,"Female"
"9004151",371994,2025-06-10 11:32:45,42.5335006713867,-8.85344505310059,"Female"
"9004151",371994,2025-06-10 11:38:00,42.5322952270508,-8.85195732116699,"Female"
"9004151",371994,2025-06-10 11:43:13,42.5314254760742,-8.85031795501709,"Female"
"9004151",371994,2025-06-10 11:48:35,42.5307960510254,-8.85011768341064,"Female"
"9004151",371994,2025-06-10 11:54:15,42.5302848815918,-8.85053730010986,"Female"
"9004151",371994,2025-06-10 11:59:13,42.5301818847656,-8.85136222839355,"Female"
"9004151",371994,2025-06-10 12:04:12,42.5299339294434,-8.85013484954834,"Female"
"9004151",371994,2025-06-10 12:09:39,42.52978515625,-8.85026741027832,"Female"
"9004151",371994,2025-06-10 12:15:06,42.5296096801758,-8.85098648071289,"Female"
"9004151",371994,2025-06-10 12:20:42,42.5307312011719,-8.85050392150879,"Female"
"9004151",371994,2025-06-10 12:25:38,42.5311813354492,-8.85003662109375,"Female"
"9004151",371994,2025-06-10 12:30:39,42.53076171875,-8.85115051269531,"Female"
"9004151",371994,2025-06-10 12:35:40,42.5303802490234,-8.85006332397461,"Female"
"9004151",371994,2025-06-10 12:40:47,42.5299873352051,-8.85068321228027,"Female"
"9004151",371994,2025-06-10 12:46:30,42.529914855957,-8.84899711608887,"Female"
"9004151",371994,2025-06-10 12:51:44,42.5261306762695,-8.84681224822998,"Female"
"9004151",371994,2025-06-10 12:56:22,42.5261116027832,-8.84674167633057,"Female"
"9004151",371994,2025-06-10 13:01:23,42.5261116027832,-8.8468074798584,"Female"
"9004151",371994,2025-06-10 13:06:23,42.5260200500488,-8.84664058685303,"Female"
"9004151",371994,2025-06-10 13:11:44,42.5260200500488,-8.84678077697754,"Female"
"9004151",371994,2025-06-10 13:16:23,42.525993347168,-8.84673118591309,"Female"
"9004151",371994,2025-06-10 13:21:22,42.5260353088379,-8.84677696228027,"Female"
"9004151",371994,2025-06-10 13:26:22,42.5260581970215,-8.84681701660156,"Female"
"9004151",371994,2025-06-10 13:31:22,42.526008605957,-8.8468189239502,"Female"
"9004151",371994,2025-06-10 13:36:23,42.5259819030762,-8.84678363800049,"Female"
"9004151",371994,2025-06-10 13:41:24,42.5258102416992,-8.84702968597412,"Female"
"9004151",371994,2025-06-10 13:46:44,42.5261573791504,-8.84688568115234,"Female"
"9004151",371994,2025-06-10 13:51:22,42.5261535644531,-8.84678745269775,"Female"
"9004151",371994,2025-06-10 13:56:22,42.5261764526367,-8.84691429138184,"Female"
"9004151",371994,2025-06-10 14:01:22,42.5261917114258,-8.84678268432617,"Female"
"9004151",371994,2025-06-10 14:06:29,42.5260772705078,-8.84695243835449,"Female"
"9004151",371994,2025-06-10 14:11:24,42.5264053344727,-8.8461446762085,"Female"
"9004151",371994,2025-06-10 14:16:26,42.5262222290039,-8.8469066619873,"Female"
"9004151",371994,2025-06-10 14:21:22,42.5262336730957,-8.84694194793701,"Female"
"9004151",371994,2025-06-10 14:26:23,42.5264167785645,-8.84635543823242,"Female"
"9004151",371994,2025-06-10 14:31:45,42.5261878967285,-8.84663200378418,"Female"
"9004151",371994,2025-06-10 14:36:24,42.5264129638672,-8.84572982788086,"Female"
"9004151",371994,2025-06-10 14:41:28,42.5263252258301,-8.84654140472412,"Female"
"9004151",371994,2025-06-10 14:46:24,42.5264587402344,-8.8467321395874,"Female"
"9004151",371994,2025-06-10 14:51:24,42.5272216796875,-8.84724140167236,"Female"
"9004151",371994,2025-06-10 14:56:24,42.5277519226074,-8.84626388549805,"Female"
"9004151",371994,2025-06-10 15:01:26,42.5283088684082,-8.84823894500732,"Female"
"9004151",371994,2025-06-10 15:06:25,42.5285949707031,-8.84679508209229,"Female"
"9004151",371994,2025-06-10 15:11:27,42.5284538269043,-8.84914207458496,"Female"
"9004151",371994,2025-06-10 15:16:45,42.5286674499512,-8.85123920440674,"Female"
"9004151",371994,2025-06-10 15:21:28,42.5293159484863,-8.85171508789062,"Female"
"9004151",371994,2025-06-10 15:26:26,42.5299072265625,-8.85156536102295,"Female"
"9004151",371994,2025-06-10 15:31:25,42.5301780700684,-8.85207080841064,"Female"
"9004151",371994,2025-06-10 15:36:25,42.5296020507812,-8.85282135009766,"Female"
"9004151",371994,2025-06-10 15:41:26,42.5296783447266,-8.8530797958374,"Female"
"9004151",371994,2025-06-10 15:46:45,42.5300712585449,-8.85403060913086,"Female"
"9004151",371994,2025-06-10 15:51:24,42.530158996582,-8.852294921875,"Female"
"9004151",371994,2025-06-10 15:56:27,42.5306816101074,-8.85314559936523,"Female"
"9004151",371994,2025-06-10 16:01:26,42.531063079834,-8.85125064849854,"Female"
"9004151",371994,2025-06-10 16:06:27,42.531192779541,-8.85092449188232,"Female"
"9004151",371994,2025-06-10 16:11:37,42.5315361022949,-8.85123634338379,"Female"
"9004151",371994,2025-06-10 16:17:14,42.5317840576172,-8.84950828552246,"Female"
"9004151",371994,2025-06-10 16:22:37,42.5319328308105,-8.84847736358643,"Female"
"9004151",371994,2025-06-10 16:28:01,42.5320625305176,-8.8502197265625,"Female"
"9004151",371994,2025-06-10 16:33:45,42.531078338623,-8.8515453338623,"Female"
"9004151",371994,2025-06-10 16:39:20,42.5305709838867,-8.85024929046631,"Female"
"9004151",371994,2025-06-10 16:45:11,42.5301055908203,-8.84963798522949,"Female"
"9004151",371994,2025-06-10 16:51:31,42.5306243896484,-8.8503942489624,"Female"
"9004151",371994,2025-06-10 16:57:18,42.5307693481445,-8.84960269927979,"Female"
"9004151",371994,2025-06-10 17:02:18,42.5308647155762,-8.85000705718994,"Female"
"9004151",371994,2025-06-10 17:44:14,42.5311889648438,-8.85200881958008,"Female"
"9004151",371994,2025-06-10 17:52:13,42.532844543457,-8.85325145721436,"Female"
"9004151",371994,2025-06-10 17:57:25,42.5309906005859,-8.85298919677734,"Female"
"9004151",371994,2025-06-10 18:02:25,42.5315856933594,-8.85133743286133,"Female"
"9004151",371994,2025-06-10 18:07:28,42.5306205749512,-8.85211563110352,"Female"
"9004151",371994,2025-06-10 18:12:30,42.530517578125,-8.85138034820557,"Female"
"9004151",371994,2025-06-10 18:20:18,42.5300979614258,-8.85126876831055,"Female"
"9004151",371994,2025-06-10 18:25:25,42.5294418334961,-8.85194683074951,"Female"
"9004151",371994,2025-06-10 18:30:35,42.524787902832,-8.85473155975342,"Female"
"9004151",371994,2025-06-10 18:35:14,42.5248336791992,-8.85466766357422,"Female"
"9004151",371994,2025-06-10 18:40:43,42.5247039794922,-8.85459136962891,"Female"
"9004151",371994,2025-06-10 18:45:14,42.5248603820801,-8.85459327697754,"Female"
"9004151",371994,2025-06-10 18:50:14,42.524959564209,-8.85434722900391,"Female"
"9004151",371994,2025-06-10 18:55:18,42.5240097045898,-8.85533714294434,"Female"
"9004151",371994,2025-06-10 19:00:18,42.5045433044434,-8.88139533996582,"Female"
"9004151",371994,2025-06-10 19:05:16,42.5045471191406,-8.8814115524292,"Female"
"9004151",371994,2025-06-10 19:10:16,42.4992828369141,-8.89380931854248,"Female"
"9004151",371994,2025-06-10 19:15:17,42.4813690185547,-8.93082332611084,"Female"
"9004151",371994,2025-06-10 19:20:17,42.4761199951172,-8.94326114654541,"Female"
"9004151",371994,2025-06-10 19:25:15,42.4505043029785,-8.94198894500732,"Female"
"9004151",371994,2025-06-10 19:30:35,42.4477348327637,-8.94018459320068,"Female"
"9004151",371994,2025-06-10 19:35:14,42.4402465820312,-8.93741798400879,"Female"
"9004151",371994,2025-06-10 19:40:14,42.4009094238281,-8.92169666290283,"Female"
"9004151",371994,2025-06-10 19:45:27,42.400520324707,-8.92111110687256,"Female"
"9004151",371994,2025-06-10 19:50:27,42.4004783630371,-8.92111778259277,"Female"
"9004151",371994,2025-06-10 19:55:31,42.4003753662109,-8.92117881774902,"Female"
"9004151",371994,2025-06-10 20:00:17,42.3993110656738,-8.92019557952881,"Female"
"9004151",371994,2025-06-10 20:05:22,42.4003944396973,-8.92111110687256,"Female"
"9004151",371994,2025-06-10 20:10:17,42.4003524780273,-8.92104911804199,"Female"
"9004151",371994,2025-06-10 20:15:25,42.4002990722656,-8.92104244232178,"Female"
"9004151",371994,2025-06-10 20:20:35,42.4004249572754,-8.92105388641357,"Female"
"9004151",371994,2025-06-10 20:25:15,42.4003715515137,-8.92111206054688,"Female"
"9004151",371994,2025-06-10 20:30:15,42.4002418518066,-8.92126560211182,"Female"
"9004151",371994,2025-06-10 20:35:14,42.4004364013672,-8.92107486724854,"Female"
"9004151",371994,2025-06-10 20:40:25,42.4005241394043,-8.92094135284424,"Female"
"9004151",371994,2025-06-10 20:45:35,42.4004821777344,-8.92099666595459,"Female"
"9004151",371994,2025-06-10 20:50:14,42.4004821777344,-8.92103958129883,"Female"
"9004151",371994,2025-06-10 20:55:15,42.4005088806152,-8.92101955413818,"Female"
"9004151",371994,2025-06-10 21:00:15,42.4004936218262,-8.92104911804199,"Female"
"9004151",371994,2025-06-10 21:05:14,42.4004783630371,-8.92103481292725,"Female"
"9004151",371994,2025-06-10 21:10:14,42.4005317687988,-8.92102432250977,"Female"
"9004151",371994,2025-06-10 21:15:14,42.4004898071289,-8.92097568511963,"Female"
"9004151",371994,2025-06-10 21:20:15,42.400520324707,-8.92088794708252,"Female"
"9004151",371994,2025-06-10 21:25:14,42.4004936218262,-8.92092800140381,"Female"
"9004151",371994,2025-06-10 21:30:14,42.4004859924316,-8.92095565795898,"Female"
"9004151",371994,2025-06-10 21:35:14,42.4004592895508,-8.9210205078125,"Female"
"9004151",371994,2025-06-10 21:40:14,42.4004974365234,-8.92109775543213,"Female"
"9004151",371994,2025-06-10 21:45:14,42.4004936218262,-8.92096042633057,"Female"
"9004151",371994,2025-06-10 21:50:14,42.4004859924316,-8.92099952697754,"Female"
"9004151",371994,2025-06-10 21:55:14,42.4004859924316,-8.92094612121582,"Female"
"9004151",371994,2025-06-10 22:00:15,42.4004859924316,-8.92105388641357,"Female"
"9004151",371994,2025-06-10 22:05:24,42.400463104248,-8.92101001739502,"Female"
"9004151",371994,2025-06-10 22:10:14,42.4004516601562,-8.92106819152832,"Female"
"9004151",371994,2025-06-10 22:15:15,42.4004364013672,-8.92103099822998,"Female"
"9004151",371994,2025-06-10 22:20:14,42.4004402160645,-8.92101097106934,"Female"
"9004151",371994,2025-06-10 22:25:16,42.400562286377,-8.9209680557251,"Female"
"9004151",371994,2025-06-10 22:30:14,42.400463104248,-8.92098808288574,"Female"
"9004151",371994,2025-06-10 22:35:15,42.4004516601562,-8.92103958129883,"Female"
"9004151",371994,2025-06-10 22:40:15,42.4005241394043,-8.92097568511963,"Female"
"9004151",371994,2025-06-10 22:45:15,42.4005889892578,-8.92094326019287,"Female"
"9004151",371994,2025-06-10 22:50:15,42.4005546569824,-8.9209566116333,"Female"
"9004151",371994,2025-06-10 22:55:16,42.4005966186523,-8.92123985290527,"Female"
"9004151",371994,2025-06-10 23:00:17,42.3994483947754,-8.92229175567627,"Female"
"9004151",371994,2025-06-10 23:05:35,42.4004325866699,-8.92109203338623,"Female"
"9004151",371994,2025-06-10 23:10:14,42.4004936218262,-8.92099761962891,"Female"
"9004151",371994,2025-06-10 23:15:20,42.4001426696777,-8.92163467407227,"Female"
"9004151",371994,2025-06-10 23:20:20,42.4002952575684,-8.92137813568115,"Female"
"9004151",371994,2025-06-10 23:25:26,42.4000205993652,-8.92171859741211,"Female"
"9004151",371994,2025-06-10 23:30:26,42.4000701904297,-8.92154884338379,"Female"
"9004151",371994,2025-06-10 23:35:32,42.4000930786133,-8.92157745361328,"Female"
"9004151",371994,2025-06-10 23:40:42,42.4001388549805,-8.92152786254883,"Female"
"9004151",371994,2025-06-10 23:45:14,42.4001693725586,-8.92178535461426,"Female"
"9004151",371994,2025-06-10 23:50:15,42.4002151489258,-8.92147064208984,"Female"
"9004151",371994,2025-06-10 23:55:14,42.400032043457,-8.92175388336182,"Female"
"9004151",371994,2025-06-11 00:00:14,42.400032043457,-8.92172527313232,"Female"
"9004151",371994,2025-06-11 00:05:15,42.3999366760254,-8.92185020446777,"Female"
"9004151",371994,2025-06-11 00:10:17,42.3998947143555,-8.92178821563721,"Female"
"9004151",371994,2025-06-11 00:15:14,42.4001159667969,-8.92169189453125,"Female"
"9004151",371994,2025-06-11 00:20:14,42.4001579284668,-8.92164611816406,"Female"
"9004151",371994,2025-06-11 00:25:14,42.3999786376953,-8.92171382904053,"Female"
"9004151",371994,2025-06-11 00:30:35,42.4002265930176,-8.92174625396729,"Female"
"9004151",371994,2025-06-11 00:35:42,42.4003143310547,-8.92155456542969,"Female"
"9004151",371994,2025-06-11 00:40:14,42.4000129699707,-8.92168045043945,"Female"
"9004151",371994,2025-06-11 00:45:14,42.4000205993652,-8.92156505584717,"Female"
"9004151",371994,2025-06-11 00:50:14,42.4004325866699,-8.92102432250977,"Female"
"9004151",371994,2025-06-11 00:55:14,42.4004211425781,-8.92108535766602,"Female"
"9004151",371994,2025-06-11 01:00:14,42.4004974365234,-8.92091274261475,"Female"
"9004151",371994,2025-06-11 01:05:14,42.4004516601562,-8.92104721069336,"Female"
"9004151",371994,2025-06-11 01:10:16,42.4004783630371,-8.9209566116333,"Female"
"9004151",371994,2025-06-11 01:15:17,42.400505065918,-8.92099571228027,"Female"
"9004151",371994,2025-06-11 01:20:18,42.4004936218262,-8.92099761962891,"Female"
"9004151",371994,2025-06-11 01:25:16,42.4004364013672,-8.92101383209229,"Female"
"9004151",371994,2025-06-11 01:30:23,42.4003028869629,-8.92115116119385,"Female"
"9004151",371994,2025-06-11 01:35:22,42.4003372192383,-8.92109680175781,"Female"
"9004151",371994,2025-06-11 01:40:18,42.4006843566895,-8.92085647583008,"Female"
"9004151",371994,2025-06-11 01:45:26,42.4003753662109,-8.92110157012939,"Female"
"9004151",371994,2025-06-11 01:50:24,42.4005165100098,-8.92092132568359,"Female"
"9004151",371994,2025-06-11 01:55:34,42.4003982543945,-8.92106056213379,"Female"
"9004151",371994,2025-06-11 02:00:18,42.4003791809082,-8.92128467559814,"Female"
"9004151",371994,2025-06-11 02:05:26,42.4003982543945,-8.92098236083984,"Female"
"9004151",371994,2025-06-11 02:10:44,42.4004364013672,-8.920973777771,"Female"
"9004151",371994,2025-06-11 02:15:16,42.4004364013672,-8.92102813720703,"Female"
"9004151",371994,2025-06-11 02:20:16,42.4004364013672,-8.92098808288574,"Female"
"9004151",371994,2025-06-11 02:25:16,42.400390625,-8.92106056213379,"Female"
"9004151",371994,2025-06-11 02:30:16,42.4004745483398,-8.92093086242676,"Female"
"9004151",371994,2025-06-11 02:35:20,42.4004364013672,-8.9210901260376,"Female"
"9004151",371994,2025-06-11 02:40:17,42.4004402160645,-8.9209680557251,"Female"
"9004151",371994,2025-06-11 02:45:44,42.4004859924316,-8.92098999023438,"Female"
"9004151",371994,2025-06-11 02:50:16,42.4004554748535,-8.92102813720703,"Female"
"9004151",371994,2025-06-11 02:55:15,42.4005241394043,-8.92098617553711,"Female"
"9004151",371994,2025-06-11 03:00:15,42.4004554748535,-8.92104434967041,"Female"
"9004151",371994,2025-06-11 03:05:16,42.4003791809082,-8.92129611968994,"Female"
"9004151",371994,2025-06-11 03:10:15,42.4005012512207,-8.92107009887695,"Female"
"9004151",371994,2025-06-11 03:15:16,42.4004516601562,-8.92097091674805,"Female"
"9004151",371994,2025-06-11 03:20:18,42.4005088806152,-8.92096328735352,"Female"
"9004151",371994,2025-06-11 03:25:18,42.4003944396973,-8.92106437683105,"Female"
"9004151",371994,2025-06-11 03:30:22,42.4004898071289,-8.92097663879395,"Female"
"9004151",371994,2025-06-11 03:35:22,42.4004974365234,-8.92057991027832,"Female"
"9004151",371994,2025-06-11 03:40:21,42.400390625,-8.92150020599365,"Female"
"9004151",371994,2025-06-11 03:45:25,42.4003601074219,-8.92121601104736,"Female"
"9004151",371994,2025-06-11 03:50:42,42.4004249572754,-8.92131423950195,"Female"
"9004151",371994,2025-06-11 03:55:16,42.4001617431641,-8.92145919799805,"Female"
"9004151",371994,2025-06-11 04:00:16,42.4001693725586,-8.92156505584717,"Female"
"9004151",371994,2025-06-11 04:05:16,42.4001731872559,-8.92139530181885,"Female"
"9004151",371994,2025-06-11 04:10:16,42.4002571105957,-8.92134380340576,"Female"
"9004151",371994,2025-06-11 04:15:18,42.400318145752,-8.92136192321777,"Female"
"9004151",371994,2025-06-11 04:20:16,42.4001693725586,-8.92136573791504,"Female"
"9004151",371994,2025-06-11 04:25:18,42.4004325866699,-8.92143154144287,"Female"
"9004151",371994,2025-06-11 04:30:18,42.4005470275879,-8.92107009887695,"Female"
"9004151",371994,2025-06-11 04:35:19,42.4005165100098,-8.92092418670654,"Female"
"9004151",371994,2025-06-11 04:40:17,42.4003524780273,-8.92089557647705,"Female"
"9004151",371994,2025-06-11 04:45:35,42.4005241394043,-8.92086505889893,"Female"
"9004151",371994,2025-06-11 04:50:17,42.4005546569824,-8.92086887359619,"Female"
"9004151",371994,2025-06-11 04:55:15,42.4003562927246,-8.92108631134033,"Female"
"9004151",371994,2025-06-11 05:00:27,42.4006576538086,-8.92076778411865,"Female"
"9004151",371994,2025-06-11 05:05:24,42.4006195068359,-8.92080783843994,"Female"
"9004151",371994,2025-06-11 05:10:24,42.4005355834961,-8.92092132568359,"Female"
"9004151",371994,2025-06-11 05:15:23,42.4003448486328,-8.92111301422119,"Female"
"9004151",371994,2025-06-11 05:20:27,42.4003372192383,-8.921142578125,"Female"
"9004151",371994,2025-06-11 05:25:21,42.4003562927246,-8.92108058929443,"Female"
"9004151",371994,2025-06-11 05:30:44,42.4004020690918,-8.92104625701904,"Female"
"9004151",371994,2025-06-11 05:35:18,42.4004974365234,-8.92092990875244,"Female"
"9004151",371994,2025-06-11 05:40:15,42.4005470275879,-8.92091083526611,"Female"
"9004151",371994,2025-06-11 05:45:15,42.4004783630371,-8.92097187042236,"Female"
"9004151",371994,2025-06-11 05:50:15,42.4006118774414,-8.92086887359619,"Female"
"9004151",371994,2025-06-11 05:55:16,42.4003944396973,-8.92103385925293,"Female"
"9004151",371994,2025-06-11 06:00:15,42.4004974365234,-8.92096424102783,"Female"
"9004151",371994,2025-06-11 06:05:15,42.4005928039551,-8.92097759246826,"Female"
"9004151",371994,2025-06-11 06:10:15,42.4005546569824,-8.92093753814697,"Female"
"9004151",371994,2025-06-11 06:15:17,42.3998374938965,-8.92118358612061,"Female"
"9004151",371994,2025-06-11 06:20:18,42.4001083374023,-8.92116546630859,"Female"
"9004151",371994,2025-06-11 06:25:22,42.400447845459,-8.92100620269775,"Female"
"9004151",371994,2025-06-11 06:30:19,42.4004402160645,-8.92104911804199,"Female"
"9004151",371994,2025-06-11 06:35:26,42.4004249572754,-8.92099666595459,"Female"
"9004151",371994,2025-06-11 06:40:23,42.4004707336426,-8.92102718353271,"Female"
"9004151",371994,2025-06-11 06:45:24,42.400505065918,-8.92102909088135,"Female"
"9004151",371994,2025-06-11 06:50:24,42.4003868103027,-8.92106819152832,"Female"
"9004151",371994,2025-06-11 06:55:22,42.4004898071289,-8.92113494873047,"Female"
"9004151",371994,2025-06-11 07:00:23,42.4005699157715,-8.92090320587158,"Female"
"9004151",371994,2025-06-11 07:05:18,42.4010772705078,-8.92127990722656,"Female"
"9004151",371994,2025-06-11 07:10:23,42.4004974365234,-8.92113494873047,"Female"
"9004151",371994,2025-06-11 07:15:18,42.4068069458008,-8.9251070022583,"Female"
"9004151",371994,2025-06-11 07:20:18,42.421215057373,-8.92791271209717,"Female"
"9004151",371994,2025-06-11 07:25:35,42.4674301147461,-8.9439582824707,"Female"
"9004151",371994,2025-06-11 07:30:16,42.4919090270996,-8.9207649230957,"Female"
"9004151",371994,2025-06-11 07:35:18,42.4917907714844,-8.92056751251221,"Female"
"9004151",371994,2025-06-11 07:49:06,42.5304641723633,-8.85365009307861,"Female"
"9004151",371994,2025-06-11 07:53:59,42.5306739807129,-8.85377883911133,"Female"
"9004151",371994,2025-06-11 07:59:06,42.5318908691406,-8.84976768493652,"Female"
"9004151",371994,2025-06-11 08:04:36,42.5316200256348,-8.84838199615479,"Female"
"9004151",371994,2025-06-11 08:09:26,42.5306930541992,-8.84890842437744,"Female"
"9004151",371994,2025-06-11 08:15:06,42.5303344726562,-8.85040950775146,"Female"
"9004151",371994,2025-06-11 08:24:58,42.5295066833496,-8.84883880615234,"Female"
"9004151",371994,2025-06-11 08:30:11,42.5304718017578,-8.84896564483643,"Female"
"9004151",371994,2025-06-11 08:35:16,42.5314826965332,-8.84901428222656,"Female"
"9004151",371994,2025-06-11 08:40:38,42.5312881469727,-8.85051918029785,"Female"
"9004151",371994,2025-06-11 08:47:14,42.5308990478516,-8.85075092315674,"Female"
"9004151",371994,2025-06-11 08:52:22,42.5304222106934,-8.85097122192383,"Female"
"9004151",371994,2025-06-11 08:57:50,42.5304985046387,-8.85096454620361,"Female"
"9004151",371994,2025-06-11 09:04:14,42.5294418334961,-8.85150814056396,"Female"
"9004151",371994,2025-06-11 09:08:58,42.5298004150391,-8.85181713104248,"Female"
"9004151",371994,2025-06-11 09:14:24,42.528980255127,-8.85069274902344,"Female"
"9004151",371994,2025-06-11 09:19:21,42.5287895202637,-8.85074996948242,"Female"
"9004151",371994,2025-06-11 09:24:21,42.5263252258301,-8.84759712219238,"Female"
"9004151",371994,2025-06-11 09:29:19,42.526554107666,-8.84762382507324,"Female"
"9004151",371994,2025-06-11 09:34:44,42.5258293151855,-8.84646892547607,"Female"
"9004151",371994,2025-06-11 09:39:24,42.5259628295898,-8.84650993347168,"Female"
"9004151",371994,2025-06-11 09:44:44,42.5263862609863,-8.84730052947998,"Female"
"9004151",371994,2025-06-11 09:49:30,42.5264205932617,-8.84741592407227,"Female"
"9004151",371994,2025-06-11 09:54:32,42.5264472961426,-8.84743499755859,"Female"
"9004151",371994,2025-06-11 09:59:35,42.5263519287109,-8.84739017486572,"Female"
"9004151",371994,2025-06-11 10:04:44,42.5266761779785,-8.84757423400879,"Female"
"9004151",371994,2025-06-11 10:09:30,42.526611328125,-8.8475341796875,"Female"
"9004151",371994,2025-06-11 10:14:30,42.526496887207,-8.84745502471924,"Female"
"9004151",371994,2025-06-11 10:19:30,42.5266304016113,-8.8475980758667,"Female"
"9004151",371994,2025-06-11 10:24:30,42.5265731811523,-8.84755325317383,"Female"
"9004151",371994,2025-06-11 10:29:33,42.5266952514648,-8.8477029800415,"Female"
"9004151",371994,2025-06-11 10:34:44,42.5262489318848,-8.84714221954346,"Female"
"9004151",371994,2025-06-11 10:39:30,42.5262145996094,-8.84699630737305,"Female"
"9004151",371994,2025-06-11 10:44:44,42.5263557434082,-8.84729194641113,"Female"
"9004151",371994,2025-06-11 10:49:25,42.5263938903809,-8.84728908538818,"Female"
"9004151",371994,2025-06-11 10:54:27,42.5263633728027,-8.84727478027344,"Female"
"9004151",371994,2025-06-11 10:59:23,42.526294708252,-8.84737873077393,"Female"
"9004151",371994,2025-06-11 11:04:24,42.5265121459961,-8.84724521636963,"Female"
"9004151",371994,2025-06-11 11:09:24,42.5269432067871,-8.84742450714111,"Female"
"9004151",371994,2025-06-11 11:14:27,42.5263404846191,-8.84719944000244,"Female"
"9004151",371994,2025-06-11 11:19:22,42.5262870788574,-8.84714984893799,"Female"
"9004151",371994,2025-06-11 11:24:24,42.5264701843262,-8.84725284576416,"Female"
"9004151",371994,2025-06-11 11:29:23,42.5263710021973,-8.84722423553467,"Female"
"9004151",371994,2025-06-11 11:34:45,42.5261383056641,-8.84713554382324,"Female"
"9004151",371994,2025-06-11 11:39:30,42.5262641906738,-8.84712791442871,"Female"
"9004151",371994,2025-06-11 11:44:30,42.5258750915527,-8.84701633453369,"Female"
"9004151",371994,2025-06-11 11:49:30,42.5256729125977,-8.84693813323975,"Female"
"9004151",371994,2025-06-11 11:54:33,42.5256729125977,-8.84694957733154,"Female"
"9004151",371994,2025-06-11 11:59:42,42.526554107666,-8.8472261428833,"Female"
"9004151",371994,2025-06-11 12:04:54,42.5304107666016,-8.8501558303833,"Female"
"9004151",371994,2025-06-11 12:10:06,42.5318412780762,-8.84964942932129,"Female"
"9004151",371994,2025-06-11 12:15:06,42.5328521728516,-8.84920215606689,"Female"
"9004151",371994,2025-06-11 12:20:06,42.5341033935547,-8.84840965270996,"Female"
"9004151",371994,2025-06-11 12:25:06,42.5354423522949,-8.8480167388916,"Female"
"9004151",371994,2025-06-11 12:30:06,42.5367012023926,-8.8478889465332,"Female"
"9004151",371994,2025-06-11 12:35:06,42.5378723144531,-8.84762954711914,"Female"
"9004151",371994,2025-06-11 12:40:54,42.5385818481445,-8.84673976898193,"Female"
"9004151",371994,2025-06-11 13:50:44,42.5262680053711,-8.8468132019043,"Female"
"9004151",371994,2025-06-11 13:55:08,42.5262680053711,-8.84677696228027,"Female"
"9004151",371994,2025-06-11 14:00:09,42.5263023376465,-8.84670734405518,"Female"
"9004151",371994,2025-06-11 14:05:06,42.5262336730957,-8.84680557250977,"Female"
"9004151",371994,2025-06-11 14:10:08,42.5263023376465,-8.84686374664307,"Female"
"9004151",371994,2025-06-11 14:15:06,42.526195526123,-8.84692287445068,"Female"
"9004151",371994,2025-06-11 14:20:07,42.5262298583984,-8.84706878662109,"Female"
"9004151",371994,2025-06-11 14:25:11,42.5262145996094,-8.8471622467041,"Female"
"9004151",371994,2025-06-11 14:30:09,42.526252746582,-8.84710311889648,"Female"
"9004151",371994,2025-06-11 14:35:07,42.5262641906738,-8.84714984893799,"Female"
"9004151",371994,2025-06-11 14:40:09,42.526294708252,-8.84712505340576,"Female"
"9004151",371994,2025-06-11 14:45:35,42.5263710021973,-8.8473072052002,"Female"
"9004151",371994,2025-06-11 14:50:03,42.5263557434082,-8.84728240966797,"Female"
"9004151",371994,2025-06-11 14:55:03,42.5263671875,-8.84726333618164,"Female"
"9004151",371994,2025-06-11 15:00:03,42.5263748168945,-8.84729385375977,"Female"
"9004151",371994,2025-06-11 15:05:03,42.5263175964355,-8.84734153747559,"Female"
"9004151",371994,2025-06-11 15:10:03,42.5263137817383,-8.8472785949707,"Female"
"9004151",371994,2025-06-11 15:15:03,42.526309967041,-8.84731388092041,"Female"
"9004151",371994,2025-06-11 15:20:03,42.5262870788574,-8.84726715087891,"Female"
"9004151",371994,2025-06-11 15:25:05,42.5263175964355,-8.84736728668213,"Female"
"9004151",371994,2025-06-11 15:30:03,42.5263404846191,-8.84738826751709,"Female"
"9004151",371994,2025-06-11 15:35:03,42.5263404846191,-8.8473596572876,"Female"
"9004151",371994,2025-06-11 15:40:03,42.5263481140137,-8.84737682342529,"Female"
"9004151",371994,2025-06-11 15:45:03,42.5263557434082,-8.84744071960449,"Female"
"9004151",371994,2025-06-11 15:50:03,42.5264091491699,-8.84738254547119,"Female"
"9004151",371994,2025-06-11 15:55:03,42.5263519287109,-8.84739875793457,"Female"
"9004151",371994,2025-06-11 16:00:04,42.5263900756836,-8.84734153747559,"Female"
"9004151",371994,2025-06-11 16:05:03,42.5263328552246,-8.84726333618164,"Female"
"9004151",371994,2025-06-11 16:10:03,42.5263404846191,-8.84725379943848,"Female"
"9004151",371994,2025-06-11 16:15:05,42.5263595581055,-8.84728145599365,"Female"
"9004151",371994,2025-06-11 16:20:12,42.5263557434082,-8.84727191925049,"Female"
"9004151",371994,2025-06-11 16:25:03,42.5264053344727,-8.84729194641113,"Female"
"9004151",371994,2025-06-11 16:30:06,42.5263519287109,-8.84722137451172,"Female"
"9004151",371994,2025-06-11 16:35:03,42.526496887207,-8.84742832183838,"Female"
"9004151",371994,2025-06-11 16:40:03,42.5263786315918,-8.84737110137939,"Female"
"9004151",371994,2025-06-11 16:45:12,42.5263366699219,-8.84732913970947,"Female"
"9004151",371994,2025-06-11 16:50:03,42.5264739990234,-8.84750080108643,"Female"
"9004151",371994,2025-06-11 16:55:03,42.5263748168945,-8.84729480743408,"Female"
"9004151",371994,2025-06-11 17:00:03,42.5264015197754,-8.84743881225586,"Female"
"9004151",371994,2025-06-11 17:05:03,42.5266189575195,-8.84772109985352,"Female"
"9004151",371994,2025-06-11 17:10:03,42.5266380310059,-8.84781837463379,"Female"
"9004151",371994,2025-06-11 17:15:06,42.5263557434082,-8.84730815887451,"Female"
"9004151",371994,2025-06-11 17:20:08,42.5263252258301,-8.84730339050293,"Female"
"9004151",371994,2025-06-11 17:25:11,42.5262756347656,-8.84734916687012,"Female"
"9004151",371994,2025-06-11 17:30:03,42.526424407959,-8.84750270843506,"Female"
"9004151",371994,2025-06-11 17:35:09,42.5289611816406,-8.85181140899658,"Female"
"9004151",371994,2025-06-11 17:41:34,42.5302810668945,-8.85242462158203,"Female"
"9004151",371994,2025-06-11 17:46:36,42.5314674377441,-8.85225296020508,"Female"
"9004151",371994,2025-06-11 17:51:59,42.5314636230469,-8.85070323944092,"Female"
"9004151",371994,2025-06-11 17:56:59,42.531322479248,-8.8493480682373,"Female"
"9004151",371994,2025-06-11 18:02:00,42.5322341918945,-8.84931659698486,"Female"
"9004151",371994,2025-06-11 18:07:01,42.5312118530273,-8.84957027435303,"Female"
"9004151",371994,2025-06-11 18:12:11,42.5304222106934,-8.85055541992188,"Female"
"9004151",371994,2025-06-11 18:17:10,42.5303802490234,-8.85052967071533,"Female"
"9004151",371994,2025-06-11 18:22:13,42.5296783447266,-8.85072231292725,"Female"
"9004151",371994,2025-06-11 18:27:14,42.5297241210938,-8.85118770599365,"Female"
"9004151",371994,2025-06-11 18:32:45,42.5288543701172,-8.8521146774292,"Female"
"9004151",371994,2025-06-11 18:37:45,42.5281867980957,-8.85376644134521,"Female"
"9004151",371994,2025-06-11 18:42:45,42.523681640625,-8.85657215118408,"Female"
"9004151",371994,2025-06-11 18:47:47,42.5235557556152,-8.85649585723877,"Female"
"9004151",371994,2025-06-11 18:52:45,42.5165748596191,-8.86762523651123,"Female"
"9004151",371994,2025-06-11 18:57:46,42.5033645629883,-8.88761234283447,"Female"
"9004151",371994,2025-06-11 19:02:46,42.503360748291,-8.88764762878418,"Female"
"9004151",371994,2025-06-11 19:07:46,42.4984359741211,-8.8990364074707,"Female"
"9004151",371994,2025-06-11 19:12:47,42.4827461242676,-8.92432975769043,"Female"
"9004151",371994,2025-06-11 19:17:45,42.4779357910156,-8.9441442489624,"Female"
"9004151",371994,2025-06-11 19:23:05,42.4778518676758,-8.9440336227417,"Female"
"9004151",371994,2025-06-11 19:27:45,42.4778785705566,-8.94403171539307,"Female"
"9004151",371994,2025-06-11 19:32:45,42.4778633117676,-8.94403839111328,"Female"
"9004151",371994,2025-06-11 19:37:45,42.4778823852539,-8.94408702850342,"Female"
"9004151",371994,2025-06-11 19:42:45,42.4777984619141,-8.94406986236572,"Female"
"9004151",371994,2025-06-11 19:47:45,42.4649810791016,-8.94474697113037,"Female"
"9004151",371994,2025-06-11 19:52:45,42.4464454650879,-8.93767070770264,"Female"
"9004151",371994,2025-06-11 19:57:46,42.4431838989258,-8.93666458129883,"Female"
"9004151",371994,2025-06-11 20:02:45,42.426342010498,-8.92692852020264,"Female"
"9004151",371994,2025-06-11 20:07:45,42.4050559997559,-8.91978740692139,"Female"
"9004151",371994,2025-06-11 20:13:05,42.4003486633301,-8.92109775543213,"Female"
"9004151",371994,2025-06-11 20:17:45,42.4004898071289,-8.92088222503662,"Female"
"9004151",371994,2025-06-11 20:22:45,42.4003562927246,-8.92102813720703,"Female"
"9004151",371994,2025-06-11 20:27:46,42.4004364013672,-8.92094230651855,"Female"
"9004151",371994,2025-06-11 20:32:45,42.4003753662109,-8.9212121963501,"Female"
"9004151",371994,2025-06-11 20:37:45,42.4003448486328,-8.92091083526611,"Female"
"9004151",371994,2025-06-11 20:42:49,42.4003715515137,-8.92103290557861,"Female"
"9004151",371994,2025-06-11 20:47:46,42.4003219604492,-8.92098236083984,"Female"
"9004151",371994,2025-06-11 20:52:49,42.400447845459,-8.92102241516113,"Female"
"9004151",371994,2025-06-11 20:57:45,42.4003715515137,-8.92103576660156,"Female"
"9004151",371994,2025-06-11 21:02:45,42.4005508422852,-8.92085742950439,"Female"
"9004151",371994,2025-06-11 21:07:45,42.4005928039551,-8.92083644866943,"Female"
"9004151",371994,2025-06-11 21:12:53,42.4002494812012,-8.92111778259277,"Female"
"9004151",371994,2025-06-11 21:17:45,42.4004745483398,-8.92086601257324,"Female"
"9004151",371994,2025-06-11 21:22:45,42.4004173278809,-8.92099952697754,"Female"
"9004151",371994,2025-06-11 21:27:45,42.4004974365234,-8.92085742950439,"Female"
"9004151",371994,2025-06-11 21:32:45,42.4005165100098,-8.92094230651855,"Female"
"9004151",371994,2025-06-11 21:37:45,42.4002952575684,-8.9210729598999,"Female"
"9004151",371994,2025-06-11 21:42:46,42.4006080627441,-8.92082977294922,"Female"
"9004151",371994,2025-06-11 21:47:45,42.4004592895508,-8.92100524902344,"Female"
"9004151",371994,2025-06-11 21:52:48,42.3999519348145,-8.92105293273926,"Female"
"9004151",371994,2025-06-11 21:57:48,42.401050567627,-8.92075157165527,"Female"
"9004151",371994,2025-06-11 22:02:52,42.4003944396973,-8.92182731628418,"Female"
"9004151",371994,2025-06-11 22:07:53,42.400463104248,-8.92275333404541,"Female"
"9004151",371994,2025-06-11 22:12:58,42.4002265930176,-8.92358016967773,"Female"
"9004151",371994,2025-06-11 22:18:05,42.4003982543945,-8.92105293273926,"Female"
"9004151",371994,2025-06-11 22:23:09,42.400333404541,-8.92114639282227,"Female"
"9004151",371994,2025-06-11 22:27:56,42.4004173278809,-8.92108821868896,"Female"
"9004151",371994,2025-06-11 22:32:56,42.4003677368164,-8.92149543762207,"Female"
"9004151",371994,2025-06-11 22:38:05,42.4000854492188,-8.92136573791504,"Female"
"9004151",371994,2025-06-11 22:42:51,42.4002151489258,-8.92130088806152,"Female"
"9004151",371994,2025-06-11 22:48:02,42.400146484375,-8.92148971557617,"Female"
"9004151",371994,2025-06-11 22:52:47,42.4002418518066,-8.92120170593262,"Female"
"9004151",371994,2025-06-11 22:57:45,42.400218963623,-8.9213752746582,"Female"
"9004151",371994,2025-06-11 23:02:47,42.4003486633301,-8.92115306854248,"Female"
"9004151",371994,2025-06-11 23:07:47,42.4003753662109,-8.9211483001709,"Female"
"9004151",371994,2025-06-11 23:12:45,42.4002685546875,-8.9212121963501,"Female"
"9004151",371994,2025-06-11 23:17:45,42.4004173278809,-8.921067237854,"Female"
"9004151",371994,2025-06-11 23:22:45,42.400318145752,-8.92117595672607,"Female"
"9004151",371994,2025-06-11 23:27:47,42.400390625,-8.921067237854,"Female"
"9004151",371994,2025-06-11 23:32:53,42.3999671936035,-8.92170143127441,"Female"
"9004151",371994,2025-06-11 23:37:55,42.3999481201172,-8.92164993286133,"Female"
"9004151",371994,2025-06-11 23:42:48,42.3999633789062,-8.92169857025146,"Female"
"9004151",371994,2025-06-11 23:48:11,42.4001159667969,-8.92162704467773,"Female"
"9004151",371994,2025-06-11 23:52:48,42.4000511169434,-8.92159080505371,"Female"
"9004151",371994,2025-06-11 23:57:45,42.4003601074219,-8.92110443115234,"Female"
"9004151",371994,2025-06-12 00:02:45,42.4003639221191,-8.92099475860596,"Female"
"9004151",371994,2025-06-12 00:07:45,42.4003448486328,-8.92110919952393,"Female"
"9004151",371994,2025-06-12 00:12:45,42.4003562927246,-8.92105007171631,"Female"
"9004151",371994,2025-06-12 00:17:45,42.4003829956055,-8.92109203338623,"Female"
"9004151",371994,2025-06-12 00:22:45,42.4003524780273,-8.92109107971191,"Female"
"9004151",371994,2025-06-12 00:27:45,42.4003448486328,-8.92113208770752,"Female"
"9004151",371994,2025-06-12 00:32:45,42.4004859924316,-8.92098331451416,"Female"
"9004151",371994,2025-06-12 00:37:45,42.4004364013672,-8.92103481292725,"Female"
"9004151",371994,2025-06-12 00:42:45,42.4004440307617,-8.92111587524414,"Female"
"9004151",371994,2025-06-12 00:47:45,42.4001312255859,-8.92103862762451,"Female"
"9004151",371994,2025-06-12 00:52:48,42.4004974365234,-8.92103385925293,"Female"
"9004151",371994,2025-06-12 00:57:52,42.4003219604492,-8.92102146148682,"Female"
"9004151",371994,2025-06-12 01:02:49,42.400318145752,-8.9210262298584,"Female"
"9004151",371994,2025-06-12 01:07:48,42.4002532958984,-8.92101192474365,"Female"
"9004151",371994,2025-06-12 01:12:51,42.3993873596191,-8.92144393920898,"Female"
"9004151",371994,2025-06-12 01:17:52,42.3994102478027,-8.92139434814453,"Female"
"9004151",371994,2025-06-12 01:22:51,42.3994522094727,-8.92134761810303,"Female"
"9004151",371994,2025-06-12 01:27:54,42.3994445800781,-8.92142295837402,"Female"
"9004151",371994,2025-06-12 01:32:54,42.3995094299316,-8.9210844039917,"Female"
"9004151",371994,2025-06-12 01:38:05,42.3997650146484,-8.92159366607666,"Female"
"9004151",371994,2025-06-12 01:42:45,42.3997039794922,-8.92150592803955,"Female"
"9004151",371994,2025-06-12 01:47:45,42.4004402160645,-8.92095947265625,"Female"
"9004151",371994,2025-06-12 01:52:48,42.4004859924316,-8.9210090637207,"Female"
"9004151",371994,2025-06-12 01:58:08,42.4004783630371,-8.9209098815918,"Female"
"9004151",371994,2025-06-12 02:05:16,42.4004135131836,-8.92100715637207,"Female"
"9004151",371994,2025-06-12 02:10:15,42.4004936218262,-8.92112255096436,"Female"
"9004151",371994,2025-06-12 02:15:24,42.4004707336426,-8.92089748382568,"Female"
"9004151",371994,2025-06-12 02:20:14,42.4004669189453,-8.92098045349121,"Female"
"9004151",371994,2025-06-12 02:25:17,42.400447845459,-8.92095375061035,"Female"
"9004151",371994,2025-06-12 02:30:34,42.4004096984863,-8.92100811004639,"Female"
"9004151",371994,2025-06-12 02:35:23,42.400463104248,-8.92095279693604,"Female"
"9004151",371994,2025-06-12 02:40:34,42.4004249572754,-8.92101860046387,"Female"
"9004151",371994,2025-06-12 02:45:44,42.4004135131836,-8.92096614837646,"Female"
"9004151",371994,2025-06-12 02:50:14,42.4004592895508,-8.92092895507812,"Female"
"9004151",371994,2025-06-12 02:55:14,42.4004745483398,-8.92087078094482,"Female"
"9004151",371994,2025-06-12 03:00:16,42.4004821777344,-8.92098617553711,"Female"
"9004151",371994,2025-06-12 03:05:17,42.4004402160645,-8.92085552215576,"Female"
"9004151",371994,2025-06-12 03:10:19,42.4004898071289,-8.92086505889893,"Female"
"9004151",371994,2025-06-12 03:15:22,42.4004783630371,-8.92084217071533,"Female"
"9004151",371994,2025-06-12 03:20:25,42.4004669189453,-8.92102336883545,"Female"
"9004151",371994,2025-06-12 03:25:18,42.4005584716797,-8.92084884643555,"Female"
"9004151",371994,2025-06-12 03:30:23,42.4004440307617,-8.92102432250977,"Female"
"9004151",371994,2025-06-12 03:35:30,42.4004554748535,-8.92116737365723,"Female"
"9004151",371994,2025-06-12 03:40:24,42.4000854492188,-8.92118740081787,"Female"
"9004151",371994,2025-06-12 03:45:35,42.4004859924316,-8.92096996307373,"Female"
"9004151",371994,2025-06-12 03:50:14,42.400447845459,-8.92101287841797,"Female"
"9004151",371994,2025-06-12 03:55:14,42.4004936218262,-8.92099666595459,"Female"
"9004151",371994,2025-06-12 04:00:14,42.4004325866699,-8.92098140716553,"Female"
"9004151",371994,2025-06-12 04:05:15,42.4004402160645,-8.92100811004639,"Female"
"9004151",371994,2025-06-12 04:10:14,42.4004173278809,-8.92097568511963,"Female"
"9004151",371994,2025-06-12 04:15:14,42.4004096984863,-8.92106819152832,"Female"
"9004151",371994,2025-06-12 04:20:14,42.4004898071289,-8.92094326019287,"Female"
"9004151",371994,2025-06-12 04:25:14,42.4003868103027,-8.92105007171631,"Female"
"9004151",371994,2025-06-12 04:30:14,42.4004440307617,-8.92106533050537,"Female"
"9004151",371994,2025-06-12 04:35:15,42.4005470275879,-8.92117881774902,"Female"
"9004151",371994,2025-06-12 04:40:14,42.400520324707,-8.92090702056885,"Female"
"9004151",371994,2025-06-12 04:45:16,42.4003868103027,-8.92105197906494,"Female"
"9004151",371994,2025-06-12 04:50:35,42.4003791809082,-8.92105865478516,"Female"
"9004151",371994,2025-06-12 04:55:16,42.4004783630371,-8.92097568511963,"Female"
"9004151",371994,2025-06-12 05:00:15,42.4005393981934,-8.92095565795898,"Female"
"9004151",371994,2025-06-12 05:05:17,42.4003639221191,-8.92107486724854,"Female"
"9004151",371994,2025-06-12 05:10:16,42.4003067016602,-8.92120456695557,"Female"
"9004151",371994,2025-06-12 05:15:19,42.4003295898438,-8.92109775543213,"Female"
"9004151",371994,2025-06-12 05:21:08,42.3999824523926,-8.92141819000244,"Female"
"9004151",371994,2025-06-12 05:25:15,42.4005241394043,-8.9209041595459,"Female"
"9004151",371994,2025-06-12 05:30:16,42.4004554748535,-8.92087268829346,"Female"
"9004151",371994,2025-06-12 05:35:14,42.4005012512207,-8.92091274261475,"Female"
"9004151",371994,2025-06-12 05:40:17,42.4004859924316,-8.92091178894043,"Female"
"9004151",371994,2025-06-12 05:45:17,42.4005012512207,-8.92094707489014,"Female"
"9004151",371994,2025-06-12 05:50:23,42.4004440307617,-8.92102527618408,"Female"
"9004151",371994,2025-06-12 05:55:18,42.4004898071289,-8.92090320587158,"Female"
"9004151",371994,2025-06-12 06:00:16,42.4005165100098,-8.92121028900146,"Female"
"9004151",371994,2025-06-12 06:05:18,42.4005470275879,-8.92117881774902,"Female"
"9004151",371994,2025-06-12 06:10:27,42.400505065918,-8.9207935333252,"Female"
"9004151",371994,2025-06-12 06:15:49,42.4005012512207,-8.92077350616455,"Female"
"9004151",371994,2025-06-12 06:20:27,42.4004859924316,-8.92081737518311,"Female"
"9004151",371994,2025-06-12 06:25:24,42.4004669189453,-8.92086601257324,"Female"
"9004151",371994,2025-06-12 06:31:39,42.4004859924316,-8.92078113555908,"Female"
"9004151",371994,2025-06-12 06:36:01,42.4004745483398,-8.92085742950439,"Female"
"9004151",371994,2025-06-12 06:41:34,42.4004592895508,-8.92088317871094,"Female"
"9004151",371994,2025-06-12 06:45:37,42.4004249572754,-8.92087650299072,"Female"
"9004151",371994,2025-06-12 06:51:28,42.4004592895508,-8.92086505889893,"Female"
"9004151",371994,2025-06-12 06:56:39,42.4004669189453,-8.92090606689453,"Female"
"9004151",371994,2025-06-12 07:00:15,42.400505065918,-8.92096424102783,"Female"
"9004151",371994,2025-06-12 07:05:15,42.4004783630371,-8.92095184326172,"Female"
"9004151",371994,2025-06-12 07:10:19,42.4004554748535,-8.92086791992188,"Female"
"9004151",371994,2025-06-12 07:15:40,42.4004096984863,-8.9209098815918,"Female"
"9004151",371994,2025-06-12 07:21:40,42.4004325866699,-8.9208812713623,"Female"
"9004151",371994,2025-06-12 07:25:44,42.4004020690918,-8.9208927154541,"Female"
"9004151",371994,2025-06-12 07:30:17,42.400390625,-8.92078399658203,"Female"
"9004151",371994,2025-06-12 07:35:18,42.4002571105957,-8.92067813873291,"Female"
"9004151",371994,2025-06-12 07:40:17,42.4000930786133,-8.92147541046143,"Female"
"9004151",371994,2025-06-12 07:46:39,42.4005661010742,-8.9208402633667,"Female"
"9004151",371994,2025-06-12 07:50:26,42.4003257751465,-8.92088222503662,"Female"
"9004151",371994,2025-06-12 07:55:21,42.4003028869629,-8.92126274108887,"Female"
"9004151",371994,2025-06-12 08:00:32,42.4003677368164,-8.92085552215576,"Female"
"9004151",371994,2025-06-12 08:05:23,42.4004249572754,-8.92087173461914,"Female"
"9004151",371994,2025-06-12 08:10:16,42.4277229309082,-8.90712928771973,"Female"
"9004151",371994,2025-06-12 08:15:47,42.4279556274414,-8.90634918212891,"Female"
"9004151",371994,2025-06-12 08:20:45,42.4301528930664,-8.90098094940186,"Female"
"9004151",371994,2025-06-12 08:25:47,42.4306793212891,-8.90037441253662,"Female"
"9004151",371994,2025-06-12 08:30:45,42.4315185546875,-8.89927101135254,"Female"
"9004151",371994,2025-06-12 08:35:47,42.4324836730957,-8.8984546661377,"Female"
"9004151",371994,2025-06-12 08:40:45,42.4339065551758,-8.89799308776855,"Female"
"9004151",371994,2025-06-12 08:45:44,42.4355354309082,-8.89800930023193,"Female"
"9004151",371994,2025-06-12 08:50:46,42.4375495910645,-8.89949321746826,"Female"
"9004151",371994,2025-06-12 08:55:45,42.438606262207,-8.89948081970215,"Female"
"9004151",371994,2025-06-12 09:01:14,42.4392852783203,-8.90102767944336,"Female"
"9004151",371994,2025-06-12 09:06:13,42.4394760131836,-8.90170097351074,"Female"
"9004151",371994,2025-06-12 09:11:13,42.4397277832031,-8.90281963348389,"Female"
"9004151",371994,2025-06-12 09:16:12,42.4400367736816,-8.9045352935791,"Female"
"9004151",371994,2025-06-12 09:21:12,42.4390029907227,-8.90430355072021,"Female"
"9004151",371994,2025-06-12 09:26:37,42.4392356872559,-8.90280818939209,"Female"
"9004151",371994,2025-06-12 09:31:32,42.4394721984863,-8.90126132965088,"Female"
"9004151",371994,2025-06-12 09:36:33,42.4392738342285,-8.90037727355957,"Female"
"9004151",371994,2025-06-12 09:41:44,42.4388465881348,-8.898681640625,"Female"
"9004151",371994,2025-06-12 09:46:45,42.4388313293457,-8.89774703979492,"Female"
"9004151",371994,2025-06-12 09:52:03,42.4385795593262,-8.89637184143066,"Female"
"9004151",371994,2025-06-12 09:57:00,42.4387321472168,-8.89512729644775,"Female"
"9004151",371994,2025-06-12 10:02:11,42.4381446838379,-8.89373207092285,"Female"
"9004151",371994,2025-06-12 10:07:11,42.4375076293945,-8.89424228668213,"Female"
"9004151",371994,2025-06-12 10:12:16,42.4381408691406,-8.89688205718994,"Female"
"9004151",371994,2025-06-12 10:17:26,42.4402236938477,-8.90254878997803,"Female"
"9004151",371994,2025-06-12 10:22:34,42.4403343200684,-8.90080738067627,"Female"
"9004151",371994,2025-06-12 10:27:33,42.4398574829102,-8.90165615081787,"Female"
"9004151",371994,2025-06-12 10:32:30,42.4506874084473,-8.92241477966309,"Female"
"9004151",371994,2025-06-12 10:37:31,42.4505577087402,-8.92280673980713,"Female"
"9004151",371994,2025-06-12 10:42:29,42.450740814209,-8.92284393310547,"Female"
"9004151",371994,2025-06-12 10:47:30,42.4507369995117,-8.92280960083008,"Female"
"9004151",371994,2025-06-12 10:52:30,42.4508018493652,-8.92291450500488,"Female"
"9004151",371994,2025-06-12 10:57:33,42.4500846862793,-8.92799758911133,"Female"
"9004151",371994,2025-06-12 11:02:46,42.490234375,-8.92132186889648,"Female"
"9004151",371994,2025-06-12 11:07:30,42.518497467041,-8.87210559844971,"Female"
"9004151",371994,2025-06-12 11:12:40,42.526309967041,-8.8594856262207,"Female"
"9004151",371994,2025-06-12 11:17:29,42.5263290405273,-8.85865783691406,"Female"
"9004151",371994,2025-06-12 11:23:56,42.5295639038086,-8.85062599182129,"Female"
"9004151",371994,2025-06-12 11:29:07,42.5296173095703,-8.85025215148926,"Female"
"9004151",371994,2025-06-12 11:34:06,42.528865814209,-8.8510684967041,"Female"
"9004151",371994,2025-06-12 11:39:09,42.5306777954102,-8.84905433654785,"Female"
"9004151",371994,2025-06-12 11:44:30,42.5307426452637,-8.85005664825439,"Female"
"9004151",371994,2025-06-12 11:51:35,42.5314254760742,-8.84842109680176,"Female"
"9004151",371994,2025-06-12 11:55:50,42.5322494506836,-8.84871006011963,"Female"
"9004151",371994,2025-06-12 12:11:44,42.530403137207,-8.85147285461426,"Female"
"9004151",371994,2025-06-12 12:16:36,42.5303001403809,-8.85023784637451,"Female"
"9004151",371994,2025-06-12 12:21:47,42.5308036804199,-8.84867572784424,"Female"
"9004151",371994,2025-06-12 12:26:50,42.5305519104004,-8.85004425048828,"Female"
"9004151",371994,2025-06-12 12:32:01,42.5299224853516,-8.85078430175781,"Female"
"9004151",371994,2025-06-12 12:37:24,42.5295753479004,-8.85183048248291,"Female"
"9004151",371994,2025-06-12 12:42:43,42.5293617248535,-8.85090065002441,"Female"
"9004151",371994,2025-06-12 12:57:34,42.530704498291,-8.85100364685059,"Female"
"9004151",371994,2025-06-12 13:03:04,42.5301284790039,-8.85120391845703,"Female"
"9004151",371994,2025-06-12 13:08:06,42.530590057373,-8.85168647766113,"Female"
"9004151",371994,2025-06-12 13:13:43,42.529109954834,-8.85111141204834,"Female"
"9004151",371994,2025-06-12 13:18:47,42.5288009643555,-8.85018348693848,"Female"
"9004151",371994,2025-06-12 13:23:42,42.5265045166016,-8.8470458984375,"Female"
"9004151",371994,2025-06-12 13:29:01,42.5267219543457,-8.84704113006592,"Female"
"9004151",371994,2025-06-12 13:33:42,42.5265502929688,-8.84715557098389,"Female"
"9004151",371994,2025-06-12 13:38:41,42.526538848877,-8.8472318649292,"Female"
"9004151",371994,2025-06-12 13:43:45,42.5277099609375,-8.84739589691162,"Female"
"9004151",371994,2025-06-12 13:49:12,42.5264015197754,-8.84719657897949,"Female"
"9004151",371994,2025-06-12 13:53:41,42.5264053344727,-8.84717655181885,"Female"
"9004151",371994,2025-06-12 13:58:41,42.5263786315918,-8.84716320037842,"Female"
"9004151",371994,2025-06-12 14:03:42,42.5264320373535,-8.84718036651611,"Female"
"9004151",371994,2025-06-12 14:08:43,42.5263824462891,-8.84725952148438,"Female"
"9004151",371994,2025-06-12 14:13:42,42.5264091491699,-8.84716033935547,"Female"
"9004151",371994,2025-06-12 14:18:41,42.5264053344727,-8.84712886810303,"Female"
"9004151",371994,2025-06-12 14:23:41,42.5264320373535,-8.84713935852051,"Female"
"9004151",371994,2025-06-12 14:28:41,42.5264205932617,-8.84712696075439,"Female"
"9004151",371994,2025-06-12 14:33:41,42.5264472961426,-8.84719181060791,"Female"
"9004151",371994,2025-06-12 14:38:43,42.5263938903809,-8.84711360931396,"Female"
"9004151",371994,2025-06-12 14:43:43,42.5272674560547,-8.84644412994385,"Female"
"9004151",371994,2025-06-12 14:49:05,42.5263366699219,-8.84703350067139,"Female"
"9004151",371994,2025-06-12 14:53:41,42.5262985229492,-8.84711074829102,"Female"
"9004151",371994,2025-06-12 14:58:41,42.5263175964355,-8.84714317321777,"Female"
"9004151",371994,2025-06-12 15:03:41,42.5263366699219,-8.84712219238281,"Female"
"9004151",371994,2025-06-12 15:08:41,42.5263328552246,-8.84706115722656,"Female"
"9004151",371994,2025-06-12 15:13:41,42.5263519287109,-8.84706401824951,"Female"
"9004151",371994,2025-06-12 15:18:41,42.5263633728027,-8.847092628479,"Female"
"9004151",371994,2025-06-12 15:23:41,42.5263252258301,-8.84711456298828,"Female"
"9004151",371994,2025-06-12 15:28:41,42.5263404846191,-8.84712028503418,"Female"
"9004151",371994,2025-06-12 15:33:41,42.5263404846191,-8.84712791442871,"Female"
"9004151",371994,2025-06-12 15:38:41,42.5263442993164,-8.84713840484619,"Female"
"9004151",371994,2025-06-12 15:43:41,42.5263633728027,-8.84713459014893,"Female"
"9004151",371994,2025-06-12 15:48:41,42.5263328552246,-8.84710693359375,"Female"
"9004151",371994,2025-06-12 15:53:41,42.5263290405273,-8.84717559814453,"Female"
"9004151",371994,2025-06-12 15:58:41,42.5263252258301,-8.84715461730957,"Female"
"9004151",371994,2025-06-12 16:03:41,42.5263862609863,-8.84713935852051,"Female"
"9004151",371994,2025-06-12 16:08:41,42.5263557434082,-8.84715938568115,"Female"
"9004151",371994,2025-06-12 16:13:41,42.5298042297363,-8.85063934326172,"Female"
"9004151",371994,2025-06-12 16:18:41,42.5307807922363,-8.85025405883789,"Female"
"9004151",371994,2025-06-12 16:23:44,42.5313377380371,-8.84895801544189,"Female"
"9004151",371994,2025-06-12 16:28:44,42.5322074890137,-8.84860515594482,"Female"
"9004151",371994,2025-06-12 16:33:55,42.5331611633301,-8.84830856323242,"Female"
"9004151",371994,2025-06-12 16:39:27,42.5345077514648,-8.84715366363525,"Female"
"9004151",371994,2025-06-12 16:44:49,42.5361251831055,-8.84756374359131,"Female"
"9004151",371994,2025-06-12 16:49:50,42.5372924804688,-8.84653949737549,"Female"
"9004151",371994,2025-06-12 16:54:51,42.5388984680176,-8.84584617614746,"Female"
"9004151",371994,2025-06-12 17:00:13,42.5396537780762,-8.84469985961914,"Female"
"9004151",371994,2025-06-12 17:14:53,42.539737701416,-8.84488677978516,"Female"
"9004151",371994,2025-06-12 17:19:50,42.5405387878418,-8.84463691711426,"Female"
"9004151",371994,2025-06-12 17:25:10,42.5394515991211,-8.84545135498047,"Female"
"9004151",371994,2025-06-12 17:30:45,42.539249420166,-8.84683704376221,"Female"
"9004151",371994,2025-06-12 17:36:25,42.5385475158691,-8.84696388244629,"Female"
"9004151",371994,2025-06-12 17:41:27,42.5374298095703,-8.84745121002197,"Female"
"9004151",371994,2025-06-12 17:46:36,42.5359077453613,-8.84830379486084,"Female"
"9004151",371994,2025-06-12 17:51:57,42.5346641540527,-8.84970378875732,"Female"
"9004151",371994,2025-06-12 17:56:57,42.5333061218262,-8.85050106048584,"Female"
"9004151",371994,2025-06-12 18:01:57,42.5263519287109,-8.84738349914551,"Female"
"9004151",371994,2025-06-12 18:06:58,42.5262718200684,-8.84730243682861,"Female"
"9004151",371994,2025-06-12 18:11:57,42.5263366699219,-8.84731483459473,"Female"
"9004151",371994,2025-06-12 18:17:14,42.5263061523438,-8.84732627868652,"Female"
"9004151",371994,2025-06-12 18:21:57,42.5262031555176,-8.8472957611084,"Female"
"9004151",371994,2025-06-12 18:26:57,42.5262145996094,-8.84727573394775,"Female"
"9004151",371994,2025-06-12 18:33:10,42.5262680053711,-8.84724998474121,"Female"
"9004151",371994,2025-06-12 18:38:10,42.5262336730957,-8.84725856781006,"Female"
"9004151",371994,2025-06-12 18:43:10,42.5262603759766,-8.84737586975098,"Female"
"9004151",371994,2025-06-12 18:49:14,42.523380279541,-8.85122299194336,"Female"
"9004151",371994,2025-06-12 18:53:11,42.5029678344727,-8.87455272674561,"Female"
"9004151",371994,2025-06-12 18:58:11,42.4834861755371,-8.91642189025879,"Female"
"9004151",371994,2025-06-12 19:03:10,42.4776954650879,-8.94388675689697,"Female"
"9004151",371994,2025-06-12 19:08:11,42.4741973876953,-8.94379806518555,"Female"
"9004151",371994,2025-06-12 19:13:11,42.4595375061035,-8.94641590118408,"Female"
"9004151",371994,2025-06-12 19:18:11,42.4297561645508,-8.93348979949951,"Female"
"9004151",371994,2025-06-12 19:23:11,42.400390625,-8.9205265045166,"Female"
"9004151",371994,2025-06-12 19:28:11,42.4003028869629,-8.9203929901123,"Female"
"9004151",371994,2025-06-12 19:33:11,42.4003143310547,-8.92042446136475,"Female"
"9004151",371994,2025-06-12 19:38:11,42.4003601074219,-8.92054748535156,"Female"
"9004151",371994,2025-06-12 19:43:12,42.400390625,-8.92062282562256,"Female"
"9004151",371994,2025-06-12 19:48:18,42.4005699157715,-8.92107009887695,"Female"
"9004151",371994,2025-06-12 19:53:12,42.4002838134766,-8.92037010192871,"Female"
"9004151",371994,2025-06-12 19:58:11,42.4002380371094,-8.92026805877686,"Female"
"9004151",371994,2025-06-12 20:03:19,42.4004364013672,-8.92129325866699,"Female"
"9004151",371994,2025-06-12 20:08:35,42.4003791809082,-8.92105770111084,"Female"
"9004151",371994,2025-06-12 20:13:35,42.400089263916,-8.92159175872803,"Female"
"9004151",371994,2025-06-12 20:18:24,42.4003219604492,-8.92131042480469,"Female"
"9004151",371994,2025-06-12 20:24:34,42.400390625,-8.92115592956543,"Female"
"9004151",371994,2025-06-12 20:28:12,42.4003829956055,-8.92081928253174,"Female"
"9004151",371994,2025-06-12 20:33:11,42.4005012512207,-8.92080974578857,"Female"
"9004151",371994,2025-06-12 20:38:11,42.4004440307617,-8.92091083526611,"Female"
"9004151",371994,2025-06-12 20:43:12,42.4005393981934,-8.92056846618652,"Female"
"9004151",371994,2025-06-12 20:48:12,42.4004859924316,-8.92071723937988,"Female"
"9004151",371994,2025-06-12 20:53:12,42.4004745483398,-8.92080879211426,"Female"
"9004151",371994,2025-06-12 20:58:15,42.400520324707,-8.92077255249023,"Female"
"9004151",371994,2025-06-12 21:03:16,42.4005928039551,-8.92066097259521,"Female"
"9004151",371994,2025-06-12 21:08:15,42.4004554748535,-8.92098331451416,"Female"
"9004151",371994,2025-06-12 21:13:12,42.4004821777344,-8.92091083526611,"Female"
"9004151",371994,2025-06-12 21:18:20,42.4004936218262,-8.92084693908691,"Female"
"9004151",371994,2025-06-12 21:23:11,42.4004707336426,-8.92098045349121,"Female"
"9004151",371994,2025-06-12 21:28:19,42.4004707336426,-8.92090511322021,"Female"
"9004151",371994,2025-06-12 21:33:14,42.4004669189453,-8.92099380493164,"Female"
"9004151",371994,2025-06-12 21:38:13,42.4004402160645,-8.92092895507812,"Female"
"9004151",371994,2025-06-12 21:43:10,42.4004096984863,-8.92102336883545,"Female"
"9004151",371994,2025-06-12 21:48:17,42.4005012512207,-8.9209041595459,"Female"
"9004151",371994,2025-06-12 21:53:25,42.4004707336426,-8.92091178894043,"Female"
"9004151",371994,2025-06-12 21:58:27,42.4004859924316,-8.92081642150879,"Female"
"9004151",371994,2025-06-12 22:03:19,42.4004936218262,-8.92090225219727,"Female"
"9004151",371994,2025-06-12 22:08:38,42.4005317687988,-8.92086505889893,"Female"
"9004151",371994,2025-06-12 22:13:22,42.4004936218262,-8.92097091674805,"Female"
"9004151",371994,2025-06-12 22:18:41,42.4005088806152,-8.92088985443115,"Female"
"9004151",371994,2025-06-12 22:23:12,42.4004707336426,-8.92085456848145,"Female"
"9004151",371994,2025-06-12 22:28:11,42.4004898071289,-8.92093563079834,"Female"
"9004151",371994,2025-06-12 22:33:14,42.4003829956055,-8.92094421386719,"Female"
"9004151",371994,2025-06-12 22:38:10,42.4001846313477,-8.92117023468018,"Female"
"9004151",371994,2025-06-12 22:43:12,42.3999366760254,-8.92086696624756,"Female"
"9004151",371994,2025-06-12 22:48:24,42.3999557495117,-8.92127799987793,"Female"
"9004151",371994,2025-06-12 22:53:11,42.3999557495117,-8.92170906066895,"Female"
"9004151",371994,2025-06-12 22:58:18,42.4000930786133,-8.92113590240479,"Female"
"9004151",371994,2025-06-12 23:03:21,42.4001655578613,-8.92119216918945,"Female"
"9004151",371994,2025-06-12 23:08:28,42.4000854492188,-8.92143535614014,"Female"
"9004151",371994,2025-06-12 23:13:46,42.4001388549805,-8.92130947113037,"Female"
"9004151",371994,2025-06-12 23:18:36,42.4002914428711,-8.92115592956543,"Female"
"9004151",371994,2025-06-12 23:23:25,42.4003067016602,-8.92114639282227,"Female"
"9004151",371994,2025-06-12 23:28:35,42.4003601074219,-8.92118453979492,"Female"
"9004151",371994,2025-06-12 23:33:10,42.4004020690918,-8.92116928100586,"Female"
"9004151",371994,2025-06-12 23:38:10,42.4004096984863,-8.92118358612061,"Female"
"9004151",371994,2025-06-12 23:43:12,42.4004516601562,-8.92109394073486,"Female"
"9004151",371994,2025-06-12 23:48:15,42.4004669189453,-8.92106533050537,"Female"
"9004151",371994,2025-06-12 23:53:13,42.4004745483398,-8.92109394073486,"Female"
"9004151",371994,2025-06-12 23:58:13,42.4004135131836,-8.9211368560791,"Female"
"9004151",371994,2025-06-13 00:03:10,42.4003486633301,-8.92122173309326,"Female"
"9004151",371994,2025-06-13 00:08:10,42.4004173278809,-8.92123413085938,"Female"
"9004151",371994,2025-06-13 00:13:10,42.4004096984863,-8.92115688323975,"Female"
"9004151",371994,2025-06-13 00:18:13,42.4004173278809,-8.92113304138184,"Female"
"9004151",371994,2025-06-13 00:23:10,42.400390625,-8.92114925384521,"Female"
"9004151",371994,2025-06-13 00:28:13,42.4003143310547,-8.92121601104736,"Female"
"9004151",371994,2025-06-13 00:33:13,42.4003448486328,-8.92121601104736,"Female"
"9004151",371994,2025-06-13 00:38:13,42.400390625,-8.92113208770752,"Female"
"9004151",371994,2025-06-13 00:43:13,42.4003715515137,-8.92123222351074,"Female"
"9004151",371994,2025-06-13 00:48:35,42.4004364013672,-8.9212646484375,"Female"
"9004151",371994,2025-06-13 00:53:11,42.4004821777344,-8.92120552062988,"Female"
"9004151",371994,2025-06-13 00:58:10,42.4004783630371,-8.92111682891846,"Female"
"9004151",371994,2025-06-13 01:03:11,42.4004592895508,-8.92124652862549,"Female"
"9004151",371994,2025-06-13 01:08:10,42.4005088806152,-8.92118167877197,"Female"
"9004151",371994,2025-06-13 01:13:10,42.4004516601562,-8.92118453979492,"Female"
"9004151",371994,2025-06-13 01:18:10,42.4004402160645,-8.92112827301025,"Female"
"9004151",371994,2025-06-13 01:23:10,42.4004592895508,-8.92120933532715,"Female"
"9004151",371994,2025-06-13 01:28:13,42.4004211425781,-8.92119979858398,"Female"
"9004151",371994,2025-06-13 01:33:15,42.4005241394043,-8.92110824584961,"Female"
"9004151",371994,2025-06-13 01:38:15,42.4004325866699,-8.92131614685059,"Female"
"9004151",371994,2025-06-13 01:43:18,42.4005470275879,-8.92120838165283,"Female"
"9004151",371994,2025-06-13 01:49:04,42.400463104248,-8.92136573791504,"Female"
"9004151",371994,2025-06-13 01:53:12,42.4004096984863,-8.92159175872803,"Female"
"9004151",371994,2025-06-13 01:58:12,42.4006118774414,-8.92136859893799,"Female"
"9004151",371994,2025-06-13 02:03:15,42.4004783630371,-8.92146301269531,"Female"
"9004151",371994,2025-06-13 02:08:21,42.4005432128906,-8.92144298553467,"Female"
"9004151",371994,2025-06-13 02:13:31,42.4005355834961,-8.92126560211182,"Female"
"9004151",371994,2025-06-13 02:18:10,42.4004821777344,-8.92097091674805,"Female"
"9004151",371994,2025-06-13 02:23:11,42.400463104248,-8.92112350463867,"Female"
"9004151",371994,2025-06-13 02:28:12,42.4003257751465,-8.9213752746582,"Female"
"9004151",371994,2025-06-13 02:33:10,42.4003677368164,-8.92130756378174,"Female"
"9004151",371994,2025-06-13 02:38:13,42.4004745483398,-8.92092609405518,"Female"
"9004151",371994,2025-06-13 02:43:11,42.4003143310547,-8.92117214202881,"Female"
"9004151",371994,2025-06-13 02:48:35,42.4004707336426,-8.92107105255127,"Female"
"9004151",371994,2025-06-13 02:53:17,42.4004325866699,-8.92119884490967,"Female"
"9004151",371994,2025-06-13 02:58:17,42.4004020690918,-8.92122077941895,"Female"
"9004151",371994,2025-06-13 03:03:24,42.4004859924316,-8.92129898071289,"Female"
"9004151",371994,2025-06-13 03:08:39,42.4005279541016,-8.92110824584961,"Female"
"9004151",371994,2025-06-13 03:13:16,42.4005165100098,-8.921217918396,"Female"
"9004151",371994,2025-06-13 03:18:18,42.4005012512207,-8.92120552062988,"Female"
"9004151",371994,2025-06-13 03:23:17,42.4005088806152,-8.92122650146484,"Female"
"9004151",371994,2025-06-13 03:28:19,42.4004745483398,-8.92117404937744,"Female"
"9004151",371994,2025-06-13 03:33:37,42.4004592895508,-8.9211540222168,"Female"
"9004151",371994,2025-06-13 03:38:32,42.4004516601562,-8.9212818145752,"Female"
"9004151",371994,2025-06-13 03:43:11,42.4003219604492,-8.92119693756104,"Female"
"9004151",371994,2025-06-13 03:48:15,42.4002571105957,-8.92138004302979,"Female"
"9004151",371994,2025-06-13 03:53:17,42.4001998901367,-8.92148685455322,"Female"
"9004151",371994,2025-06-13 03:58:25,42.4003753662109,-8.92105484008789,"Female"
"9004151",371994,2025-06-13 04:03:11,42.400218963623,-8.9214563369751,"Female"
"9004151",371994,2025-06-13 04:08:24,42.4005241394043,-8.9208984375,"Female"
"9004151",371994,2025-06-13 04:13:14,42.4005966186523,-8.92077732086182,"Female"
"9004151",371994,2025-06-13 04:18:15,42.4005661010742,-8.92092323303223,"Female"
"9004151",371994,2025-06-13 04:23:17,42.4003562927246,-8.92107963562012,"Female"
"9004151",371994,2025-06-13 04:28:19,42.4004898071289,-8.92084217071533,"Female"
"9004151",371994,2025-06-13 04:33:42,42.4007263183594,-8.92089748382568,"Female"
"9004151",371994,2025-06-13 04:38:18,42.4006767272949,-8.92119884490967,"Female"
"9004151",371994,2025-06-13 04:43:20,42.4006614685059,-8.9207878112793,"Female"
"9004151",371994,2025-06-13 04:51:18,42.4006843566895,-8.92074775695801,"Female"
"9004151",371994,2025-06-13 04:57:33,42.4003486633301,-8.92112159729004,"Female"
"9004151",371994,2025-06-13 05:01:44,42.4004974365234,-8.92098426818848,"Female"
"9004151",371994,2025-06-13 05:06:12,42.4005279541016,-8.92097187042236,"Female"
"9004151",371994,2025-06-13 05:11:12,42.4005241394043,-8.92095470428467,"Female"
"9004151",371994,2025-06-13 05:16:11,42.4006156921387,-8.92090511322021,"Female"
"9004151",371994,2025-06-13 05:21:23,42.4003791809082,-8.92106342315674,"Female"
"9004151",371994,2025-06-13 05:26:13,42.4002838134766,-8.92116737365723,"Female"
"9004151",371994,2025-06-13 05:31:13,42.4006614685059,-8.92083549499512,"Female"
"9004151",371994,2025-06-13 05:36:15,42.4008293151855,-8.92038059234619,"Female"
"9004151",371994,2025-06-13 05:41:18,42.3997383117676,-8.92220973968506,"Female"
"9004151",371994,2025-06-13 05:46:35,42.4004440307617,-8.9209508895874,"Female"
"9004151",371994,2025-06-13 05:51:19,42.4004440307617,-8.92082691192627,"Female"
"9004151",371994,2025-06-13 05:56:21,42.4005012512207,-8.92074489593506,"Female"
"9004151",371994,2025-06-13 06:01:15,42.4004745483398,-8.92080593109131,"Female"
"9004151",371994,2025-06-13 06:06:12,42.4004516601562,-8.92082118988037,"Female"
"9004151",371994,2025-06-13 06:11:13,42.4004554748535,-8.92089366912842,"Female"
"9004151",371994,2025-06-13 06:16:12,42.4005126953125,-8.92093181610107,"Female"
"9004151",371994,2025-06-13 06:21:44,42.4004440307617,-8.9209508895874,"Female"
"9004151",371994,2025-06-13 06:26:10,42.4005088806152,-8.92096996307373,"Female"
"9004151",371994,2025-06-13 06:31:13,42.4004669189453,-8.92088794708252,"Female"
"9004151",371994,2025-06-13 06:36:17,42.4004325866699,-8.92088985443115,"Female"
"9004151",371994,2025-06-13 06:41:19,42.4004669189453,-8.9208927154541,"Female"
"9004151",371994,2025-06-13 06:47:12,42.4003791809082,-8.92103290557861,"Female"
"9004151",371994,2025-06-13 06:51:43,42.4004287719727,-8.92097091674805,"Female"
"9004151",371994,2025-06-13 06:56:36,42.4004096984863,-8.92093563079834,"Female"
"9004151",371994,2025-06-13 07:01:41,42.4003753662109,-8.92101955413818,"Female"
"9004151",371994,2025-06-13 07:06:12,42.400505065918,-8.92097282409668,"Female"
"9004151",371994,2025-06-13 07:11:13,42.400463104248,-8.92096424102783,"Female"
"9004151",371994,2025-06-13 07:16:11,42.4004020690918,-8.92100524902344,"Female"
"9004151",371994,2025-06-13 07:21:17,42.4004364013672,-8.92106342315674,"Female"
"9004151",371994,2025-06-13 07:26:12,42.4003295898438,-8.92111301422119,"Female"
"9004151",371994,2025-06-13 07:31:20,42.3996620178223,-8.92158699035645,"Female"
"9004151",371994,2025-06-13 07:36:16,42.3993644714355,-8.92124938964844,"Female"
"9004151",371994,2025-06-13 07:41:35,42.3989677429199,-8.92225646972656,"Female"
"9004151",371994,2025-06-13 07:46:45,42.3993835449219,-8.92223644256592,"Female"
"9004151",371994,2025-06-13 07:51:09,42.399341583252,-8.92231845855713,"Female"
"9004151",371994,2025-06-13 07:56:12,42.3997993469238,-8.9213399887085,"Female"
"9004151",371994,2025-06-13 08:01:59,42.4004325866699,-8.92098331451416,"Female"
"9004151",371994,2025-06-13 08:06:08,42.4003868103027,-8.92104148864746,"Female"
"9004151",371994,2025-06-13 08:11:12,42.4006385803223,-8.92033100128174,"Female"
"9004151",371994,2025-06-13 08:16:11,42.4004058837891,-8.92087459564209,"Female"
"9004151",371994,2025-06-13 08:21:10,42.4003448486328,-8.92100620269775,"Female"
"9004151",371994,2025-06-13 08:26:09,42.436580657959,-8.92723941802979,"Female"
"9004151",371994,2025-06-13 08:31:35,42.486255645752,-8.92960262298584,"Female"
"9004151",371994,2025-06-13 08:36:09,42.4947128295898,-8.9155740737915,"Female"
"9004151",371994,2025-06-13 08:41:09,42.5170249938965,-8.87078952789307,"Female"
"9004151",371994,2025-06-13 08:46:08,42.5317840576172,-8.85429573059082,"Female"
"9004151",371994,2025-06-13 08:51:08,42.5323181152344,-8.85303020477295,"Female"
"9004151",371994,2025-06-13 08:56:09,42.533016204834,-8.85240364074707,"Female"
"9004151",371994,2025-06-13 09:01:09,42.5338134765625,-8.85179328918457,"Female"
"9004151",371994,2025-06-13 09:06:09,42.5346832275391,-8.85119247436523,"Female"
"9004151",371994,2025-06-13 09:11:09,42.5356025695801,-8.85094928741455,"Female"
"9004151",371994,2025-06-13 09:16:09,42.536563873291,-8.85088443756104,"Female"
"9004151",371994,2025-06-13 09:21:09,42.5377464294434,-8.85103416442871,"Female"
"9004151",371994,2025-06-13 09:26:11,42.5387268066406,-8.85060119628906,"Female"
"9004151",371994,2025-06-13 09:31:09,42.5396423339844,-8.85041427612305,"Female"
"9004151",371994,2025-06-13 09:36:08,42.5405044555664,-8.84973335266113,"Female"
"9004151",371994,2025-06-13 09:41:23,42.541576385498,-8.84969615936279,"Female"
"9004151",371994,2025-06-13 09:46:46,42.5415649414062,-8.8499002456665,"Female"
"9004151",371994,2025-06-13 09:51:55,42.5406074523926,-8.85173511505127,"Female"
"9004151",371994,2025-06-13 09:57:00,42.5409736633301,-8.84957122802734,"Female"
"9004151",371994,2025-06-13 10:02:25,42.54150390625,-8.85304927825928,"Female"
"9004151",371994,2025-06-13 10:07:32,42.5416107177734,-8.85303592681885,"Female"
"9004151",371994,2025-06-13 10:12:52,42.5406303405762,-8.85282802581787,"Female"
"9004151",371994,2025-06-13 10:17:52,42.5410919189453,-8.85225105285645,"Female"
"9004151",371994,2025-06-13 10:23:20,42.5416603088379,-8.85192489624023,"Female"
"9004151",371994,2025-06-13 10:28:25,42.5423736572266,-8.85125732421875,"Female"
"9004151",371994,2025-06-13 10:33:44,42.541446685791,-8.85050106048584,"Female"
"9004151",371994,2025-06-13 10:38:28,42.5409202575684,-8.85124588012695,"Female"
"9004151",371994,2025-06-13 10:43:24,42.5405731201172,-8.85075855255127,"Female"
"9004151",371994,2025-06-13 10:48:34,42.5412940979004,-8.85020446777344,"Female"
"9004151",371994,2025-06-13 10:53:34,42.5420074462891,-8.849365234375,"Female"
"9004151",371994,2025-06-13 10:58:40,42.5425796508789,-8.84853172302246,"Female"
"9004151",371994,2025-06-13 11:03:50,42.542049407959,-8.84861850738525,"Female"
"9004151",371994,2025-06-13 11:08:52,42.5412750244141,-8.84971332550049,"Female"
"9004151",371994,2025-06-13 11:13:50,42.5301094055176,-8.84695529937744,"Female"
"9004151",371994,2025-06-13 11:18:50,42.5263137817383,-8.84734344482422,"Female"
"9004151",371994,2025-06-13 11:23:50,42.5262718200684,-8.8474178314209,"Female"
"9004151",371994,2025-06-13 11:28:50,42.5263061523438,-8.84736633300781,"Female"
"9004151",371994,2025-06-13 11:33:50,42.5262222290039,-8.84733390808105,"Female"
"9004151",371994,2025-06-13 11:38:50,42.5263404846191,-8.84745311737061,"Female"
"9004151",371994,2025-06-13 11:43:50,42.5263595581055,-8.84739303588867,"Female"
"9004151",371994,2025-06-13 11:49:15,42.5263710021973,-8.84727573394775,"Female"
"9004151",371994,2025-06-13 11:53:50,42.5262985229492,-8.8472957611084,"Female"
"9004151",371994,2025-06-13 11:58:50,42.5262641906738,-8.84725093841553,"Female"
"9004151",371994,2025-06-13 12:03:50,42.5262985229492,-8.84732151031494,"Female"
"9004151",371994,2025-06-13 12:08:50,42.5263557434082,-8.84729957580566,"Female"
"9004151",371994,2025-06-13 12:13:51,42.5264892578125,-8.84716510772705,"Female"
"9004151",371994,2025-06-13 12:18:51,42.5262794494629,-8.84740257263184,"Female"
"9004151",371994,2025-06-13 12:23:52,42.5264625549316,-8.84721946716309,"Female"
"9004151",371994,2025-06-13 12:28:54,42.526294708252,-8.84736824035645,"Female"
"9004151",371994,2025-06-13 12:33:54,42.5263175964355,-8.84728050231934,"Female"
"9004151",371994,2025-06-13 12:38:50,42.5262718200684,-8.84732246398926,"Female"
"9004151",371994,2025-06-13 12:43:50,42.5263862609863,-8.84718608856201,"Female"
"9004151",371994,2025-06-13 12:49:15,42.5263442993164,-8.84742069244385,"Female"
"9004151",371994,2025-06-13 12:53:51,42.5263519287109,-8.84737300872803,"Female"
"9004151",371994,2025-06-13 12:59:01,42.5263023376465,-8.84738445281982,"Female"
"9004151",371994,2025-06-13 13:03:53,42.5263519287109,-8.84727668762207,"Female"
"9004151",371994,2025-06-13 13:08:59,42.5263214111328,-8.84723854064941,"Female"
"9004151",371994,2025-06-13 13:13:50,42.5262680053711,-8.84765338897705,"Female"
"9004151",371994,2025-06-13 13:18:56,42.5263862609863,-8.84714412689209,"Female"
"9004151",371994,2025-06-13 13:24:04,42.5263977050781,-8.847092628479,"Female"
"9004151",371994,2025-06-13 13:29:04,42.5264015197754,-8.84707355499268,"Female"
"9004151",371994,2025-06-13 13:33:53,42.5263214111328,-8.84733963012695,"Female"
"9004151",371994,2025-06-13 13:39:04,42.5264167785645,-8.84704685211182,"Female"
"9004151",371994,2025-06-13 13:44:04,42.5264015197754,-8.84782600402832,"Female"
"9004151",371994,2025-06-13 13:49:23,42.5264472961426,-8.84723949432373,"Female"
"9004151",371994,2025-06-13 13:53:49,42.5263900756836,-8.84723663330078,"Female"
"9004151",371994,2025-06-13 13:58:49,42.5264587402344,-8.84729862213135,"Female"
"9004151",371994,2025-06-13 14:03:49,42.5264511108398,-8.84725093841553,"Female"
"9004151",371994,2025-06-13 14:08:49,42.526496887207,-8.84728240966797,"Female"
"9004151",371994,2025-06-13 14:13:49,42.5264930725098,-8.84726524353027,"Female"
"9004151",371994,2025-06-13 14:18:49,42.5264358520508,-8.84729099273682,"Female"
"9004151",371994,2025-06-13 14:23:49,42.5264472961426,-8.8472843170166,"Female"
"9004151",371994,2025-06-13 14:28:49,42.5264434814453,-8.84725284576416,"Female"
"9004151",371994,2025-06-13 14:33:49,42.5264129638672,-8.84724998474121,"Female"
"9004151",371994,2025-06-13 14:38:49,42.5264434814453,-8.84723377227783,"Female"
"9004151",371994,2025-06-13 14:43:49,42.5263671875,-8.84715557098389,"Female"
"9004151",371994,2025-06-13 14:48:49,42.5264434814453,-8.84729862213135,"Female"
"9004151",371994,2025-06-13 14:53:49,42.5357551574707,-8.8524751663208,"Female"
"9004151",371994,2025-06-13 14:59:43,42.5370063781738,-8.85088729858398,"Female"
"9004151",371994,2025-06-13 15:04:42,42.5378684997559,-8.8504638671875,"Female"
"9004151",371994,2025-06-13 15:09:42,42.5384902954102,-8.85049724578857,"Female"
"9004151",371994,2025-06-13 15:14:42,42.5390243530273,-8.85066795349121,"Female"
"9004151",371994,2025-06-13 15:19:42,42.5396766662598,-8.85064220428467,"Female"
"9004151",371994,2025-06-13 15:24:42,42.5404510498047,-8.85111427307129,"Female"
"9004151",371994,2025-06-13 15:30:14,42.5403785705566,-8.8524284362793,"Female"
"9004151",371994,2025-06-13 15:35:43,42.5405120849609,-8.85434436798096,"Female"
"9004151",371994,2025-06-13 15:40:43,42.5396957397461,-8.85510158538818,"Female"
"9004151",371994,2025-06-13 15:45:49,42.5388069152832,-8.85418796539307,"Female"
"9004151",371994,2025-06-13 15:50:49,42.5379524230957,-8.85492897033691,"Female"
"9004151",371994,2025-06-13 15:56:18,42.5366554260254,-8.85461902618408,"Female"
"9004151",371994,2025-06-13 16:01:25,42.5359878540039,-8.85407733917236,"Female"
"9004151",371994,2025-06-13 16:06:44,42.5367851257324,-8.85293769836426,"Female"
"9004151",371994,2025-06-13 16:17:13,42.5380058288574,-8.85371398925781,"Female"
"9004151",371994,2025-06-13 16:22:42,42.5370483398438,-8.85511875152588,"Female"
"9004151",371994,2025-06-13 16:28:14,42.5360641479492,-8.85615634918213,"Female"
"9004151",371994,2025-06-13 16:33:11,42.5351371765137,-8.85555362701416,"Female"
"9004151",371994,2025-06-13 16:38:53,42.535587310791,-8.85425853729248,"Female"
"9004151",371994,2025-06-13 16:44:34,42.5367393493652,-8.85488414764404,"Female"
"9004151",371994,2025-06-13 16:51:45,42.5360641479492,-8.85526752471924,"Female"
"9004151",371994,2025-06-13 16:56:31,42.5352630615234,-8.85594272613525,"Female"
"9004151",371994,2025-06-13 17:01:31,42.5264701843262,-8.84715747833252,"Female"
"9004151",371994,2025-06-13 17:06:35,42.5262641906738,-8.84713268280029,"Female"
"9004151",371994,2025-06-13 17:11:41,42.526725769043,-8.84724807739258,"Female"
"9004151",371994,2025-06-13 17:16:44,42.5263519287109,-8.84710311889648,"Female"
"9004151",371994,2025-06-13 17:21:32,42.5262908935547,-8.8470401763916,"Female"
"9004151",371994,2025-06-13 17:26:29,42.5263633728027,-8.84721851348877,"Female"
"9004151",371994,2025-06-13 17:31:31,42.526294708252,-8.84710025787354,"Female"
"9004151",371994,2025-06-13 17:36:31,42.5259819030762,-8.84702587127686,"Female"
"9004151",371994,2025-06-13 17:41:31,42.5255317687988,-8.84694576263428,"Female"
"9004151",371994,2025-06-13 17:46:45,42.5262489318848,-8.84717464447021,"Female"
"9004151",371994,2025-06-13 17:51:37,42.5262260437012,-8.84712886810303,"Female"
"9004151",371994,2025-06-13 17:56:36,42.5262260437012,-8.84714603424072,"Female"
"9004151",371994,2025-06-13 18:01:37,42.526195526123,-8.84707164764404,"Female"
"9004151",371994,2025-06-13 18:06:37,42.5262298583984,-8.84713459014893,"Female"
"9004151",371994,2025-06-13 18:11:41,42.5261688232422,-8.8470573425293,"Female"
"9004151",371994,2025-06-13 18:16:29,42.526180267334,-8.84708690643311,"Female"
"9004151",371994,2025-06-13 18:21:29,42.5261878967285,-8.84711837768555,"Female"
"9004151",371994,2025-06-13 18:26:29,42.526050567627,-8.8471040725708,"Female"
"9004151",371994,2025-06-13 18:31:37,42.5263328552246,-8.84704685211182,"Female"
"9004151",371994,2025-06-13 18:36:30,42.5262069702148,-8.84695529937744,"Female"
"9004151",371994,2025-06-13 18:41:37,42.5262069702148,-8.84700870513916,"Female"
"9004151",371994,2025-06-13 18:46:45,42.5262832641602,-8.8471212387085,"Female"
"9004151",371994,2025-06-13 18:51:29,42.5263671875,-8.84706592559814,"Female"
"9004151",371994,2025-06-13 18:56:32,42.526237487793,-8.84724235534668,"Female"
"9004151",371994,2025-06-13 19:01:30,42.5127449035645,-8.86896324157715,"Female"
"9004151",371994,2025-06-13 19:06:29,42.4927673339844,-8.9107494354248,"Female"
"9004151",371994,2025-06-13 19:11:29,42.4697761535645,-8.94432163238525,"Female"
"9004151",371994,2025-06-13 19:16:30,42.4309883117676,-8.94696521759033,"Female"
"9004151",371994,2025-06-13 19:21:45,42.4004058837891,-8.92101955413818,"Female"
"9004151",371994,2025-06-13 19:26:38,42.3999710083008,-8.92142009735107,"Female"
"9004151",371994,2025-06-13 19:31:45,42.4003677368164,-8.92116737365723,"Female"
"9004151",371994,2025-06-13 19:36:59,42.4003715515137,-8.92112922668457,"Female"
"9004151",371994,2025-06-13 19:41:28,42.4004173278809,-8.9211483001709,"Female"
"9004151",371994,2025-06-13 19:46:28,42.4003562927246,-8.92105865478516,"Female"
"9004151",371994,2025-06-13 19:51:29,42.4004287719727,-8.92110061645508,"Female"
"9004151",371994,2025-06-13 19:56:31,42.4006805419922,-8.92073917388916,"Female"
"9004151",371994,2025-06-13 20:01:30,42.4006080627441,-8.92073726654053,"Female"
"9004151",371994,2025-06-13 20:06:28,42.400562286377,-8.92081546783447,"Female"
"9004151",371994,2025-06-13 20:11:28,42.400520324707,-8.92079162597656,"Female"
"9004151",371994,2025-06-13 20:16:28,42.400577545166,-8.92073059082031,"Female"
"9004151",371994,2025-06-13 20:21:28,42.4006156921387,-8.92071723937988,"Female"
"9004151",371994,2025-06-13 20:26:29,42.4005508422852,-8.92084121704102,"Female"
"9004151",371994,2025-06-13 20:31:41,42.4005165100098,-8.92087173461914,"Female"
"9004151",371994,2025-06-13 20:36:30,42.4004592895508,-8.92086219787598,"Female"
"9004151",371994,2025-06-13 20:41:35,42.4004287719727,-8.92087078094482,"Female"
"9004151",371994,2025-06-13 20:46:30,42.4008827209473,-8.92045021057129,"Female"
"9004151",371994,2025-06-13 20:51:30,42.4004821777344,-8.92093467712402,"Female"
"9004151",371994,2025-06-13 20:56:31,42.4003753662109,-8.92103385925293,"Female"
"9004151",371994,2025-06-13 21:01:30,42.4005355834961,-8.92090034484863,"Female"
"9004151",371994,2025-06-13 21:06:33,42.4007148742676,-8.92121982574463,"Female"
"9004151",371994,2025-06-13 21:11:30,42.4005241394043,-8.92100811004639,"Female"
"9004151",371994,2025-06-13 21:16:37,42.4004516601562,-8.9209508895874,"Female"
"9004151",371994,2025-06-13 21:21:31,42.4007797241211,-8.92160701751709,"Female"
"9004151",371994,2025-06-13 21:26:44,42.4003715515137,-8.9211254119873,"Female"
"9004151",371994,2025-06-13 21:31:58,42.400390625,-8.92110729217529,"Female"
"9004151",371994,2025-06-13 21:36:28,42.4002914428711,-8.92121601104736,"Female"
"9004151",371994,2025-06-13 21:41:32,42.4003944396973,-8.9211483001709,"Female"
"9004151",371994,2025-06-13 21:46:28,42.4004783630371,-8.92111778259277,"Female"
"9004151",371994,2025-06-13 21:51:32,42.400447845459,-8.92102241516113,"Female"
"9004151",371994,2025-06-13 21:56:31,42.4005165100098,-8.92100715637207,"Female"
"9004151",371994,2025-06-13 22:01:29,42.3999862670898,-8.92156410217285,"Female"
"9004151",371994,2025-06-13 22:06:31,42.4002647399902,-8.92111206054688,"Female"
"9004151",371994,2025-06-13 22:11:31,42.4003639221191,-8.9210958480835,"Female"
"9004151",371994,2025-06-13 22:16:34,42.4003791809082,-8.92103576660156,"Female"
"9004151",371994,2025-06-13 22:21:43,42.4003982543945,-8.9210147857666,"Female"
"9004151",371994,2025-06-13 22:26:28,42.4003982543945,-8.92104911804199,"Female"
"9004151",371994,2025-06-13 22:31:28,42.4005165100098,-8.92097949981689,"Female"
"9004151",371994,2025-06-13 22:36:29,42.4003715515137,-8.92094326019287,"Female"
"9004151",371994,2025-06-13 22:41:30,42.4004554748535,-8.92094707489014,"Female"
"9004151",371994,2025-06-13 22:46:44,42.4002876281738,-8.92114734649658,"Female"
"9004151",371994,2025-06-13 22:51:35,42.4001846313477,-8.92091464996338,"Female"
"9004151",371994,2025-06-13 22:56:37,42.4002571105957,-8.9209041595459,"Female"
"9004151",371994,2025-06-13 23:01:39,42.4001998901367,-8.9208869934082,"Female"
"9004151",371994,2025-06-13 23:06:37,42.4002838134766,-8.92071056365967,"Female"
"9004151",371994,2025-06-13 23:11:44,42.4002304077148,-8.92089366912842,"Female"
"9004151",371994,2025-06-13 23:16:40,42.3998794555664,-8.92044830322266,"Female"
"9004151",371994,2025-06-13 23:21:39,42.4001350402832,-8.92054176330566,"Female"
"9004151",371994,2025-06-13 23:26:38,42.3996124267578,-8.9212532043457,"Female"
"9004151",371994,2025-06-13 23:31:58,42.4002914428711,-8.92094421386719,"Female"
"9004151",371994,2025-06-13 23:36:35,42.4001808166504,-8.92100715637207,"Female"
"9004151",371994,2025-06-13 23:41:32,42.4004592895508,-8.92117595672607,"Female"
"9004151",371994,2025-06-13 23:46:39,42.4001159667969,-8.9207592010498,"Female"
"9004151",371994,2025-06-13 23:51:39,42.3998985290527,-8.92043972015381,"Female"
"9004151",371994,2025-06-13 23:56:59,42.4003486633301,-8.921067237854,"Female"
"9004151",371994,2025-06-14 00:02:05,42.4003524780273,-8.92110824584961,"Female"
"9004151",371994,2025-06-14 00:06:28,42.400318145752,-8.92123126983643,"Female"
"9004151",371994,2025-06-14 00:11:28,42.4003753662109,-8.92115497589111,"Female"
"9004151",371994,2025-06-14 00:16:28,42.4004325866699,-8.92110347747803,"Female"
"9004151",371994,2025-06-14 00:21:28,42.4003677368164,-8.92117691040039,"Female"
"9004151",371994,2025-06-14 00:26:28,42.4003486633301,-8.92113876342773,"Female"
"9004151",371994,2025-06-14 00:31:28,42.4003753662109,-8.92111682891846,"Female"
"9004151",371994,2025-06-14 00:36:30,42.4003791809082,-8.9211483001709,"Female"
"9004151",371994,2025-06-14 00:41:28,42.4002952575684,-8.92110347747803,"Female"
"9004151",371994,2025-06-14 00:46:29,42.4003067016602,-8.92111206054688,"Female"
"9004151",371994,2025-06-14 00:51:28,42.4004249572754,-8.92096710205078,"Female"
"9004151",371994,2025-06-14 00:56:28,42.4003715515137,-8.92117786407471,"Female"
"9004151",371994,2025-06-14 01:01:28,42.4003829956055,-8.92116165161133,"Female"
"9004151",371994,2025-06-14 01:06:28,42.4003982543945,-8.92105674743652,"Female"
"9004151",371994,2025-06-14 01:11:28,42.4003601074219,-8.92117404937744,"Female"
"9004151",371994,2025-06-14 01:16:28,42.4003295898438,-8.92107009887695,"Female"
"9004151",371994,2025-06-14 01:21:28,42.400276184082,-8.92118072509766,"Female"
"9004151",371994,2025-06-14 01:26:28,42.4003601074219,-8.92109489440918,"Female"
"9004151",371994,2025-06-14 01:31:28,42.4001617431641,-8.92111206054688,"Female"
"9004151",371994,2025-06-14 01:36:28,42.4001808166504,-8.92112159729004,"Female"
"9004151",371994,2025-06-14 01:41:42,42.4003677368164,-8.92118644714355,"Female"
"9004151",371994,2025-06-14 01:46:28,42.4003524780273,-8.92108726501465,"Female"
"9004151",371994,2025-06-14 01:51:28,42.4003028869629,-8.92121124267578,"Female"
"9004151",371994,2025-06-14 01:56:30,42.4001312255859,-8.92132759094238,"Female"
"9004151",371994,2025-06-14 02:01:32,42.4003486633301,-8.92126655578613,"Female"
"9004151",371994,2025-06-14 02:06:30,42.3999290466309,-8.92120552062988,"Female"
"9004151",371994,2025-06-14 02:11:38,42.4003677368164,-8.92122077941895,"Female"
"9004151",371994,2025-06-14 02:16:52,42.4006080627441,-8.92113208770752,"Female"
"9004151",371994,2025-06-14 02:21:37,42.4005928039551,-8.92142581939697,"Female"
"9004151",371994,2025-06-14 02:26:36,42.4005508422852,-8.92153072357178,"Female"
"9004151",371994,2025-06-14 02:32:05,42.4005889892578,-8.92098331451416,"Female"
"9004151",371994,2025-06-14 02:36:28,42.4003944396973,-8.92125129699707,"Female"
"9004151",371994,2025-06-14 02:41:28,42.4004440307617,-8.92120838165283,"Female"
"9004151",371994,2025-06-14 02:46:28,42.4003524780273,-8.92130565643311,"Female"
"9004151",371994,2025-06-14 02:51:28,42.4003524780273,-8.92131042480469,"Female"
"9004151",371994,2025-06-14 02:56:28,42.4004211425781,-8.92118740081787,"Female"
"9004151",371994,2025-06-14 03:01:28,42.4003219604492,-8.92127323150635,"Female"
"9004151",371994,2025-06-14 03:06:28,42.400707244873,-8.92146587371826,"Female"
"9004151",371994,2025-06-14 03:11:31,42.400146484375,-8.921799659729,"Female"
"9004151",371994,2025-06-14 03:16:36,42.400463104248,-8.92105102539062,"Female"
"9004151",371994,2025-06-14 03:21:31,42.4000701904297,-8.92129898071289,"Female"
"9004151",371994,2025-06-14 03:26:34,42.4004669189453,-8.92106533050537,"Female"
"9004151",371994,2025-06-14 03:31:35,42.4004745483398,-8.92103290557861,"Female"
"9004151",371994,2025-06-14 03:36:38,42.4005012512207,-8.92100429534912,"Female"
"9004151",371994,2025-06-14 03:41:34,42.4004745483398,-8.9210376739502,"Female"
"9004151",371994,2025-06-14 03:46:34,42.4004669189453,-8.92098999023438,"Female"
"9004151",371994,2025-06-14 03:51:32,42.4004898071289,-8.92098426818848,"Female"
"9004151",371994,2025-06-14 03:56:44,42.4004745483398,-8.92104625701904,"Female"
"9004151",371994,2025-06-14 04:01:31,42.4005699157715,-8.92099952697754,"Female"
"9004151",371994,2025-06-14 04:06:30,42.4005126953125,-8.92093753814697,"Female"
"9004151",371994,2025-06-14 04:11:30,42.4006576538086,-8.92130947113037,"Female"
"9004151",371994,2025-06-14 04:16:31,42.4006156921387,-8.92110633850098,"Female"
"9004151",371994,2025-06-14 04:21:29,42.4005889892578,-8.92089557647705,"Female"
"9004151",371994,2025-06-14 04:26:28,42.4005699157715,-8.92101383209229,"Female"
"9004151",371994,2025-06-14 04:31:29,42.4005661010742,-8.9212064743042,"Female"
"9004151",371994,2025-06-14 04:36:44,42.4004821777344,-8.9208984375,"Female"
"9004151",371994,2025-06-14 04:42:14,42.4004325866699,-8.92103099822998,"Female"
"9004151",371994,2025-06-14 04:46:32,42.4003944396973,-8.92113018035889,"Female"
"9004151",371994,2025-06-14 04:51:32,42.400276184082,-8.9212589263916,"Female"
"9004151",371994,2025-06-14 04:57:18,42.4004402160645,-8.92102527618408,"Female"
"9004151",371994,2025-06-14 05:02:53,42.400390625,-8.92108058929443,"Female"
"9004151",371994,2025-06-14 05:07:53,42.400447845459,-8.92101001739502,"Female"
"9004151",371994,2025-06-14 05:11:32,42.4003791809082,-8.92110538482666,"Female"
"9004151",371994,2025-06-14 05:16:31,42.4003944396973,-8.9210262298584,"Female"
"9004151",371994,2025-06-14 05:21:32,42.4004058837891,-8.92104148864746,"Female"
"9004151",371994,2025-06-14 05:26:28,42.4004936218262,-8.92095375061035,"Female"
"9004151",371994,2025-06-14 05:31:36,42.400520324707,-8.92090225219727,"Female"
"9004151",371994,2025-06-14 05:36:32,42.4003105163574,-8.92120265960693,"Female"
"9004151",371994,2025-06-14 05:41:55,42.4003753662109,-8.92117691040039,"Female"
"9004151",371994,2025-06-14 05:46:31,42.4004859924316,-8.92099761962891,"Female"
"9004151",371994,2025-06-14 05:51:30,42.4001007080078,-8.92210865020752,"Female"
"9004151",371994,2025-06-14 05:56:32,42.4004974365234,-8.9210090637207,"Female"
"9004151",371994,2025-06-14 06:01:33,42.4002990722656,-8.92134857177734,"Female"
"9004151",371994,2025-06-14 06:06:39,42.4002799987793,-8.92144775390625,"Female"
"9004151",371994,2025-06-14 06:11:30,42.4003753662109,-8.92124366760254,"Female"
"9004151",371994,2025-06-14 06:16:35,42.4003410339355,-8.9211950302124,"Female"
"9004151",371994,2025-06-14 06:21:39,42.4001312255859,-8.92210292816162,"Female"
"9004151",371994,2025-06-14 06:26:35,42.4003677368164,-8.92117118835449,"Female"
"9004151",371994,2025-06-14 06:31:42,42.4004287719727,-8.92086219787598,"Female"
"9004151",371994,2025-06-14 06:36:46,42.4004173278809,-8.92094898223877,"Female"
"9004151",371994,2025-06-14 06:42:05,42.4003677368164,-8.92099189758301,"Female"
"9004151",371994,2025-06-14 06:46:29,42.4002723693848,-8.92069530487061,"Female"
"9004151",371994,2025-06-14 06:51:29,42.400463104248,-8.92106342315674,"Female"
"9004151",371994,2025-06-14 06:56:30,42.400520324707,-8.92110157012939,"Female"
"9004151",371994,2025-06-14 07:01:31,42.4004325866699,-8.92088222503662,"Female"
"9004151",371994,2025-06-14 07:06:29,42.400634765625,-8.92124080657959,"Female"
"9004151",371994,2025-06-14 07:11:31,42.4004936218262,-8.92078113555908,"Female"
"9004151",371994,2025-06-14 07:16:30,42.4008102416992,-8.92131900787354,"Female"
"9004151",371994,2025-06-14 07:21:30,42.4009284973145,-8.92113590240479,"Female"
"9004151",371994,2025-06-14 07:26:30,42.4004859924316,-8.92095279693604,"Female"
"9004151",371994,2025-06-14 07:31:42,42.4003868103027,-8.92096424102783,"Female"
"9004151",371994,2025-06-14 07:36:29,42.4003295898438,-8.92125511169434,"Female"
"9004151",371994,2025-06-14 07:41:33,42.4005661010742,-8.92076683044434,"Female"
"9004151",371994,2025-06-14 07:46:35,42.3999061584473,-8.92157936096191,"Female"
"9004151",371994,2025-06-14 07:51:29,42.4000396728516,-8.92196464538574,"Female"
"9004151",371994,2025-06-14 07:56:34,42.3998908996582,-8.92180442810059,"Female"
"9004151",371994,2025-06-14 08:01:29,42.4001541137695,-8.92230129241943,"Female"
"9004151",371994,2025-06-14 08:06:36,42.4003868103027,-8.92085933685303,"Female"
"9004151",371994,2025-06-14 08:11:27,42.4278793334961,-8.92851829528809,"Female"
"9004151",371994,2025-06-14 08:16:42,42.4662208557129,-8.94348430633545,"Female"
"9004151",371994,2025-06-14 08:21:29,42.4929733276367,-8.91790771484375,"Female"
"9004151",371994,2025-06-14 08:26:36,42.5148696899414,-8.87971305847168,"Female"
"9004151",371994,2025-06-14 08:31:29,42.5328712463379,-8.85583972930908,"Female"
"9004151",371994,2025-06-14 08:36:36,42.5334701538086,-8.85614109039307,"Female"
"9004151",371994,2025-06-14 08:42:18,42.536262512207,-8.85305786132812,"Female"
"9004151",371994,2025-06-14 08:47:17,42.5369873046875,-8.85160827636719,"Female"
"9004151",371994,2025-06-14 08:52:24,42.5373916625977,-8.85217666625977,"Female"
"9004151",371994,2025-06-14 08:57:15,42.5379104614258,-8.85234260559082,"Female"
"9004151",371994,2025-06-14 09:02:24,42.5385475158691,-8.85266876220703,"Female"
"9004151",371994,2025-06-14 09:07:12,42.5391426086426,-8.85205554962158,"Female"
"9004151",371994,2025-06-14 09:12:35,42.5392074584961,-8.85069179534912,"Female"
"9004151",371994,2025-06-14 09:17:11,42.5385665893555,-8.84895610809326,"Female"
"9004151",371994,2025-06-14 09:22:11,42.5386543273926,-8.84781551361084,"Female"
"9004151",371994,2025-06-14 09:27:11,42.5389137268066,-8.84792232513428,"Female"
"9004151",371994,2025-06-14 09:32:11,42.5389442443848,-8.84776496887207,"Female"
"9004151",371994,2025-06-14 09:37:11,42.538330078125,-8.84663200378418,"Female"
"9004151",371994,2025-06-14 09:42:14,42.5370750427246,-8.84732246398926,"Female"
"9004151",371994,2025-06-14 09:47:44,42.535701751709,-8.84771347045898,"Female"
"9004151",371994,2025-06-14 09:53:04,42.5364532470703,-8.8488826751709,"Female"
"9004151",371994,2025-06-14 09:58:12,42.5358009338379,-8.84890270233154,"Female"
"9004151",371994,2025-06-14 10:03:49,42.5349998474121,-8.84836673736572,"Female"
"9004151",371994,2025-06-14 10:09:13,42.5338935852051,-8.84780788421631,"Female"
"9004151",371994,2025-06-14 10:14:14,42.5342063903809,-8.84824752807617,"Female"
"9004151",371994,2025-06-14 10:19:19,42.5351982116699,-8.84947395324707,"Female"
"9004151",371994,2025-06-14 10:24:20,42.5350303649902,-8.85127449035645,"Female"
"9004151",371994,2025-06-14 10:29:24,42.5344352722168,-8.85021305084229,"Female"
"9004151",371994,2025-06-14 10:35:00,42.5351905822754,-8.85177898406982,"Female"
"9004151",371994,2025-06-14 10:40:03,42.5354194641113,-8.85111331939697,"Female"
"9004151",371994,2025-06-14 10:45:33,42.535961151123,-8.85216426849365,"Female"
"9004151",371994,2025-06-14 10:50:38,42.5368194580078,-8.85281562805176,"Female"
"9004151",371994,2025-06-14 10:55:44,42.5369873046875,-8.85287094116211,"Female"
"9004151",371994,2025-06-14 11:00:23,42.5288696289062,-8.85103511810303,"Female"
"9004151",371994,2025-06-14 11:05:44,42.5263252258301,-8.84714221954346,"Female"
"9004151",371994,2025-06-14 11:10:19,42.526294708252,-8.84708023071289,"Female"
"9004151",371994,2025-06-14 11:15:19,42.526294708252,-8.84684181213379,"Female"
"9004151",371994,2025-06-14 11:20:18,42.5262794494629,-8.84722328186035,"Female"
"9004151",371994,2025-06-14 11:35:35,42.526424407959,-8.84695529937744,"Female"
"9004151",371994,2025-06-14 11:40:35,42.526496887207,-8.84702587127686,"Female"
"9004151",371994,2025-06-14 11:45:38,42.5264015197754,-8.84689903259277,"Female"
"9004151",371994,2025-06-14 11:50:38,42.5263671875,-8.84687423706055,"Female"
"9004151",371994,2025-06-14 11:55:38,42.5263900756836,-8.84679126739502,"Female"
"9004151",371994,2025-06-14 12:00:44,42.5263252258301,-8.84721565246582,"Female"
"9004151",371994,2025-06-14 12:05:36,42.5260009765625,-8.84706497192383,"Female"
"9004151",371994,2025-06-14 12:10:37,42.5260925292969,-8.84713935852051,"Female"
"9004151",371994,2025-06-14 12:15:37,42.5261993408203,-8.84720802307129,"Female"
"9004151",371994,2025-06-14 12:20:38,42.5261001586914,-8.84714317321777,"Female"
"9004151",371994,2025-06-14 12:25:38,42.5263900756836,-8.84724617004395,"Female"
"9004151",371994,2025-06-14 12:30:35,42.5262184143066,-8.84709072113037,"Female"
"9004151",371994,2025-06-14 12:35:35,42.5260963439941,-8.84708690643311,"Female"
"9004151",371994,2025-06-14 12:40:36,42.5261688232422,-8.84728145599365,"Female"
"9004151",371994,2025-06-14 12:45:44,42.5263633728027,-8.84698867797852,"Female"
"9004151",371994,2025-06-14 12:50:35,42.5263404846191,-8.84689140319824,"Female"
"9004151",371994,2025-06-14 12:55:39,42.5263328552246,-8.84681606292725,"Female"
"9004151",371994,2025-06-14 13:00:37,42.5263252258301,-8.8468132019043,"Female"
"9004151",371994,2025-06-14 13:05:39,42.5262832641602,-8.84671878814697,"Female"
"9004151",371994,2025-06-14 13:10:41,42.5263023376465,-8.84678268432617,"Female"
"9004151",371994,2025-06-14 13:15:36,42.5263557434082,-8.84684467315674,"Female"
"9004151",371994,2025-06-14 13:20:52,42.5299987792969,-8.85000419616699,"Female"
"9004151",371994,2025-06-14 13:26:19,42.5306243896484,-8.85046100616455,"Female"
"9004151",371994,2025-06-14 13:31:45,42.5304298400879,-8.85034370422363,"Female"
"9004151",371994,2025-06-14 13:36:57,42.5304336547852,-8.85107517242432,"Female"
"9004151",371994,2025-06-14 13:41:54,42.5296478271484,-8.84978675842285,"Female"
"9004151",371994,2025-06-14 14:29:29,42.5288734436035,-8.85030174255371,"Female"
"9004151",371994,2025-06-14 14:33:40,42.5264625549316,-8.84565448760986,"Female"
"9004151",371994,2025-06-14 14:39:38,42.5260810852051,-8.84692096710205,"Female"
"9004151",371994,2025-06-14 14:44:30,42.5261154174805,-8.84675788879395,"Female"
"9004151",371994,2025-06-14 14:49:44,42.5260925292969,-8.84704494476318,"Female"
"9004151",371994,2025-06-14 14:54:32,42.5260734558105,-8.84762477874756,"Female"
"9004151",371994,2025-06-14 14:59:38,42.526065826416,-8.84699058532715,"Female"
"9004151",371994,2025-06-14 15:04:38,42.5260620117188,-8.84703922271729,"Female"
"9004151",371994,2025-06-14 15:09:38,42.5260772705078,-8.84689617156982,"Female"
"9004151",371994,2025-06-14 15:14:38,42.5260238647461,-8.84694480895996,"Female"
"9004151",371994,2025-06-14 15:19:38,42.5260696411133,-8.84686946868896,"Female"
"9004151",371994,2025-06-14 15:24:38,42.5260314941406,-8.84689521789551,"Female"
"9004151",371994,2025-06-14 15:29:33,42.5260200500488,-8.84687328338623,"Female"
"9004151",371994,2025-06-14 15:34:31,42.5261306762695,-8.84750080108643,"Female"
"9004151",371994,2025-06-14 15:39:38,42.5259056091309,-8.8464412689209,"Female"
"9004151",371994,2025-06-14 15:44:30,42.5259704589844,-8.84671974182129,"Female"
"9004151",371994,2025-06-14 15:49:44,42.5260009765625,-8.84692192077637,"Female"
"9004151",371994,2025-06-14 15:54:29,42.5259475708008,-8.84677410125732,"Female"
"9004151",371994,2025-06-14 15:59:30,42.5259590148926,-8.84690475463867,"Female"
"9004151",371994,2025-06-14 16:04:31,42.5259552001953,-8.84686851501465,"Female"
"9004151",371994,2025-06-14 16:09:31,42.5260467529297,-8.84711742401123,"Female"
"9004151",371994,2025-06-14 16:14:37,42.5260162353516,-8.84691524505615,"Female"
"9004151",371994,2025-06-14 16:19:32,42.5259819030762,-8.84663105010986,"Female"
"9004151",371994,2025-06-14 16:24:35,42.5260734558105,-8.84719848632812,"Female"
"9004151",371994,2025-06-14 16:29:31,42.5261917114258,-8.84758186340332,"Female"
"9004151",371994,2025-06-14 16:34:35,42.5262680053711,-8.84791469573975,"Female"
"9004151",371994,2025-06-14 16:39:36,42.5262985229492,-8.8483190536499,"Female"
"9004151",371994,2025-06-14 16:44:32,42.5260887145996,-8.84729290008545,"Female"
"9004151",371994,2025-06-14 16:49:44,42.5261192321777,-8.84729480743408,"Female"
"9004151",371994,2025-06-14 16:54:30,42.526050567627,-8.84711837768555,"Female"
"9004151",371994,2025-06-14 16:59:32,42.5260810852051,-8.84719944000244,"Female"
"9004151",371994,2025-06-14 17:04:38,42.5261116027832,-8.84731578826904,"Female"
"9004151",371994,2025-06-14 17:09:38,42.5261306762695,-8.84731483459473,"Female"
"9004151",371994,2025-06-14 17:14:38,42.5261421203613,-8.84737396240234,"Female"
"9004151",371994,2025-06-14 17:19:38,42.526123046875,-8.84734439849854,"Female"
"9004151",371994,2025-06-14 17:24:37,42.5261535644531,-8.84741687774658,"Female"
"9004151",371994,2025-06-14 17:35:35,42.5317230224609,-8.85212802886963,"Female"
"9004151",371994,2025-06-14 17:40:36,42.5317573547363,-8.85065937042236,"Female"
"9004151",371994,2025-06-14 17:50:48,42.5323600769043,-8.85051155090332,"Female"
"9004151",371994,2025-06-14 17:55:38,42.5312805175781,-8.85145664215088,"Female"
"9004151",371994,2025-06-14 18:01:17,42.5317459106445,-8.85178089141846,"Female"
"9004151",371994,2025-06-14 18:06:43,42.5324478149414,-8.85125541687012,"Female"
"9004151",371994,2025-06-14 18:11:39,42.5317420959473,-8.85238456726074,"Female"
"9004151",371994,2025-06-14 18:17:01,42.5305671691895,-8.85241603851318,"Female"
"9004151",371994,2025-06-14 18:22:02,42.530834197998,-8.85136795043945,"Female"
"9004151",371994,2025-06-14 18:32:59,42.5205230712891,-8.8608283996582,"Female"
"9004151",371994,2025-06-14 18:37:26,42.5181465148926,-8.86574268341064,"Female"
"9004151",371994,2025-06-14 18:42:26,42.5181312561035,-8.86576366424561,"Female"
"9004151",371994,2025-06-14 18:47:26,42.5181465148926,-8.86575794219971,"Female"
"9004151",371994,2025-06-14 18:52:26,42.5182037353516,-8.86576175689697,"Female"
"9004151",371994,2025-06-14 19:00:20,42.5181655883789,-8.86580467224121,"Female"
"9004151",371994,2025-06-14 19:05:20,42.5182228088379,-8.86586475372314,"Female"
"9004151",371994,2025-06-14 19:10:20,42.5182228088379,-8.86581420898438,"Female"
"9004151",371994,2025-06-14 19:15:20,42.518180847168,-8.86581039428711,"Female"
"9004151",371994,2025-06-14 19:20:20,42.5182075500488,-8.86578750610352,"Female"
"9004151",371994,2025-06-14 19:25:20,42.5107650756836,-8.87500190734863,"Female"
"9004151",371994,2025-06-14 19:30:20,42.4887008666992,-8.90726375579834,"Female"
"9004151",371994,2025-06-14 19:35:30,42.488597869873,-8.90718078613281,"Female"
"9004151",371994,2025-06-14 19:40:22,42.4789848327637,-8.93052959442139,"Female"
"9004151",371994,2025-06-14 19:45:31,42.4372062683105,-8.93815612792969,"Female"
"9004151",371994,2025-06-14 19:50:44,42.4263534545898,-8.93608570098877,"Female"
"9004151",371994,2025-06-14 19:55:20,42.4013824462891,-8.92162418365479,"Female"
"9004151",371994,2025-06-14 20:00:44,42.4005088806152,-8.92099571228027,"Female"
"9004151",371994,2025-06-14 20:05:20,42.4004096984863,-8.92111682891846,"Female"
"9004151",371994,2025-06-14 20:10:22,42.4004707336426,-8.9208288192749,"Female"
"9004151",371994,2025-06-14 20:15:25,42.4004440307617,-8.92096519470215,"Female"
"9004151",371994,2025-06-14 20:20:22,42.4005584716797,-8.92088794708252,"Female"
"9004151",371994,2025-06-14 20:25:24,42.4005393981934,-8.92099189758301,"Female"
"9004151",371994,2025-06-14 20:30:24,42.4006500244141,-8.92064380645752,"Female"
"9004151",371994,2025-06-14 20:35:22,42.4005966186523,-8.92092227935791,"Female"
"9004151",371994,2025-06-14 20:40:28,42.4002876281738,-8.92117214202881,"Female"
"9004151",371994,2025-06-14 20:45:53,42.4004592895508,-8.92095279693604,"Female"
"9004151",371994,2025-06-14 20:50:20,42.4003829956055,-8.92122936248779,"Female"
"9004151",371994,2025-06-14 20:55:20,42.4004173278809,-8.92112731933594,"Female"
"9004151",371994,2025-06-14 21:00:20,42.4003753662109,-8.92123985290527,"Female"
"9004151",371994,2025-06-14 21:05:20,42.4004058837891,-8.92117309570312,"Female"
"9004151",371994,2025-06-14 21:10:21,42.4004364013672,-8.92110157012939,"Female"
"9004151",371994,2025-06-14 21:15:20,42.4004516601562,-8.92112159729004,"Female"
"9004151",371994,2025-06-14 21:20:20,42.4004440307617,-8.92105674743652,"Female"
"9004151",371994,2025-06-14 21:25:20,42.4004287719727,-8.92111682891846,"Female"
"9004151",371994,2025-06-14 21:30:22,42.4003753662109,-8.92114353179932,"Female"
"9004151",371994,2025-06-14 21:35:31,42.4005165100098,-8.92088890075684,"Female"
"9004151",371994,2025-06-14 21:40:33,42.4004020690918,-8.92102909088135,"Female"
"9004151",371994,2025-06-14 21:45:22,42.4004135131836,-8.92100524902344,"Female"
"9004151",371994,2025-06-14 21:50:21,42.4004516601562,-8.92101860046387,"Female"
"9004151",371994,2025-06-14 21:55:39,42.4004783630371,-8.92094230651855,"Female"
"9004151",371994,2025-06-14 22:00:25,42.4003105163574,-8.92116451263428,"Female"
"9004151",371994,2025-06-14 22:05:44,42.4004516601562,-8.92099666595459,"Female"
"9004151",371994,2025-06-14 22:10:22,42.400276184082,-8.92092704772949,"Female"
"9004151",371994,2025-06-14 22:15:20,42.4003601074219,-8.92100620269775,"Female"
"9004151",371994,2025-06-14 22:20:22,42.4003410339355,-8.92100238800049,"Female"
"9004151",371994,2025-06-14 22:25:23,42.4005317687988,-8.9211254119873,"Female"
"9004151",371994,2025-06-14 22:30:53,42.4004211425781,-8.92097759246826,"Female"
"9004151",371994,2025-06-14 22:35:20,42.4004287719727,-8.92112636566162,"Female"
"9004151",371994,2025-06-14 22:40:20,42.4003601074219,-8.92103290557861,"Female"
"9004151",371994,2025-06-14 22:45:20,42.4004783630371,-8.92054748535156,"Female"
"9004151",371994,2025-06-14 22:50:21,42.4003524780273,-8.92115116119385,"Female"
"9004151",371994,2025-06-14 22:55:20,42.4004745483398,-8.92108249664307,"Female"
"9004151",371994,2025-06-14 23:00:22,42.4001617431641,-8.92096996307373,"Female"
"9004151",371994,2025-06-14 23:05:23,42.400577545166,-8.92096519470215,"Female"
"9004151",371994,2025-06-14 23:10:21,42.4004287719727,-8.92126178741455,"Female"
"9004151",371994,2025-06-14 23:15:44,42.4003448486328,-8.92106151580811,"Female"
"9004151",371994,2025-06-14 23:20:22,42.4002647399902,-8.92127895355225,"Female"
"9004151",371994,2025-06-14 23:25:21,42.4001884460449,-8.92141342163086,"Female"
"9004151",371994,2025-06-14 23:30:20,42.4004745483398,-8.9210319519043,"Female"
"9004151",371994,2025-06-14 23:35:20,42.400505065918,-8.92086887359619,"Female"
"9004151",371994,2025-06-14 23:40:22,42.4004135131836,-8.92091369628906,"Female"
"9004151",371994,2025-06-14 23:45:44,42.4003868103027,-8.92096424102783,"Female"
"9004151",371994,2025-06-14 23:50:20,42.4004096984863,-8.92090034484863,"Female"
"9004151",371994,2025-06-14 23:55:22,42.4002571105957,-8.92098236083984,"Female"
"9004151",371994,2025-06-15 00:00:20,42.4004554748535,-8.92102336883545,"Female"
"9004151",371994,2025-06-15 00:05:20,42.4003601074219,-8.92107200622559,"Female"
"9004151",371994,2025-06-15 00:10:20,42.4004402160645,-8.92095947265625,"Female"
"9004151",371994,2025-06-15 00:15:23,42.4001846313477,-8.92107772827148,"Female"
"9004151",371994,2025-06-15 00:20:41,42.4004554748535,-8.92102432250977,"Female"
"9004151",371994,2025-06-15 00:25:28,42.4005241394043,-8.92104053497314,"Female"
"9004151",371994,2025-06-15 00:30:23,42.4005470275879,-8.92100811004639,"Female"
"9004151",371994,2025-06-15 00:35:25,42.4002647399902,-8.92118835449219,"Female"
"9004151",371994,2025-06-15 00:40:22,42.3996658325195,-8.92111492156982,"Female"
"9004151",371994,2025-06-15 00:45:40,42.4006767272949,-8.92103385925293,"Female"
"9004151",371994,2025-06-15 00:50:23,42.4003257751465,-8.92075157165527,"Female"
"9004151",371994,2025-06-15 00:55:22,42.4007415771484,-8.92113018035889,"Female"
"9004151",371994,2025-06-15 01:00:23,42.4004325866699,-8.92111110687256,"Female"
"9004151",371994,2025-06-15 01:05:25,42.4004554748535,-8.92107963562012,"Female"
"9004151",371994,2025-06-15 01:10:25,42.4003753662109,-8.92107391357422,"Female"
"9004151",371994,2025-06-15 01:15:30,42.4006195068359,-8.92121028900146,"Female"
"9004151",371994,2025-06-15 01:20:50,42.4005432128906,-8.92094707489014,"Female"
"9004151",371994,2025-06-15 01:25:30,42.4005432128906,-8.92091369628906,"Female"
"9004151",371994,2025-06-15 01:30:33,42.4008293151855,-8.92096614837646,"Female"
"9004151",371994,2025-06-15 01:35:34,42.4009094238281,-8.92084217071533,"Female"
"9004151",371994,2025-06-15 01:40:40,42.4006576538086,-8.92097854614258,"Female"
"9004151",371994,2025-06-15 01:45:30,42.4003601074219,-8.92088222503662,"Female"
"9004151",371994,2025-06-15 01:50:39,42.400520324707,-8.92088031768799,"Female"
"9004151",371994,2025-06-15 01:55:34,42.4003944396973,-8.92110538482666,"Female"
"9004151",371994,2025-06-15 02:00:53,42.4004859924316,-8.92084884643555,"Female"
"9004151",371994,2025-06-15 02:05:24,42.4002265930176,-8.92168617248535,"Female"
"9004151",371994,2025-06-15 02:10:24,42.4005546569824,-8.92116451263428,"Female"
"9004151",371994,2025-06-15 02:15:23,42.4002799987793,-8.92096710205078,"Female"
"9004151",371994,2025-06-15 02:20:23,42.4002265930176,-8.92068862915039,"Female"
"9004151",371994,2025-06-15 02:25:25,42.4003677368164,-8.92104339599609,"Female"
"9004151",371994,2025-06-15 02:30:27,42.4001655578613,-8.92109107971191,"Female"
"9004151",371994,2025-06-15 02:35:47,42.4003677368164,-8.92113876342773,"Female"
"9004151",371994,2025-06-15 02:40:37,42.4006614685059,-8.92067337036133,"Female"
"9004151",371994,2025-06-15 02:45:30,42.4002151489258,-8.92120742797852,"Female"
"9004151",371994,2025-06-15 02:50:32,42.4002647399902,-8.9213228225708,"Female"
"9004151",371994,2025-06-15 02:55:30,42.4003295898438,-8.92107963562012,"Female"
"9004151",371994,2025-06-15 03:00:31,42.4000625610352,-8.92119216918945,"Female"
"9004151",371994,2025-06-15 03:05:31,42.3997535705566,-8.92125797271729,"Female"
"9004151",371994,2025-06-15 03:10:31,42.399715423584,-8.92126655578613,"Female"
"9004151",371994,2025-06-15 03:15:30,42.4005393981934,-8.9213399887085,"Female"
"9004151",371994,2025-06-15 03:20:30,42.4002876281738,-8.92123603820801,"Female"
"9004151",371994,2025-06-15 03:25:30,42.4004592895508,-8.92133522033691,"Female"
"9004151",371994,2025-06-15 03:30:44,42.4008483886719,-8.92156219482422,"Female"
"9004151",371994,2025-06-15 03:35:30,42.401050567627,-8.92186069488525,"Female"
"9004151",371994,2025-06-15 03:40:35,42.3976707458496,-8.91916847229004,"Female"
"9004151",371994,2025-06-15 03:45:53,42.4005241394043,-8.92091274261475,"Female"
"9004151",371994,2025-06-15 03:50:27,42.4004783630371,-8.92113876342773,"Female"
"9004151",371994,2025-06-15 03:55:30,42.4004821777344,-8.9210033416748,"Female"
"9004151",371994,2025-06-15 04:00:30,42.4004821777344,-8.92102718353271,"Female"
"9004151",371994,2025-06-15 04:05:30,42.400505065918,-8.92136669158936,"Female"
"9004151",371994,2025-06-15 04:10:25,42.4004859924316,-8.92103576660156,"Female"
"9004151",371994,2025-06-15 04:15:44,42.4004936218262,-8.92099094390869,"Female"
"9004151",371994,2025-06-15 04:20:23,42.4006500244141,-8.92093849182129,"Female"
"9004151",371994,2025-06-15 04:25:23,42.4001922607422,-8.92092990875244,"Female"
"9004151",371994,2025-06-15 04:30:30,42.4004402160645,-8.92119598388672,"Female"
"9004151",371994,2025-06-15 04:35:49,42.4005508422852,-8.92093467712402,"Female"
"9004151",371994,2025-06-15 04:40:24,42.4003753662109,-8.92111396789551,"Female"
"9004151",371994,2025-06-15 04:45:35,42.4004135131836,-8.92103672027588,"Female"
"9004151",371994,2025-06-15 04:50:34,42.4004135131836,-8.92106246948242,"Female"
"9004151",371994,2025-06-15 04:56:46,42.4005012512207,-8.92096996307373,"Female"
"9004151",371994,2025-06-15 05:00:56,42.4003944396973,-8.92107772827148,"Female"
"9004151",371994,2025-06-15 05:06:46,42.4004287719727,-8.92104148864746,"Female"
"9004151",371994,2025-06-15 05:11:46,42.4005279541016,-8.92092800140381,"Female"
"9004151",371994,2025-06-15 05:15:22,42.4004859924316,-8.92092132568359,"Female"
"9004151",371994,2025-06-15 05:20:20,42.4004592895508,-8.92092132568359,"Female"
"9004151",371994,2025-06-15 05:25:23,42.4004592895508,-8.92095375061035,"Female"
"9004151",371994,2025-06-15 05:30:30,42.4004592895508,-8.92099380493164,"Female"
"9004151",371994,2025-06-15 05:35:24,42.4004821777344,-8.92100715637207,"Female"
"9004151",371994,2025-06-15 05:40:28,42.4004974365234,-8.92082023620605,"Female"
"9004151",371994,2025-06-15 05:45:46,42.4004859924316,-8.92087268829346,"Female"
"9004151",371994,2025-06-15 05:50:23,42.4005699157715,-8.92138385772705,"Female"
"9004151",371994,2025-06-15 05:55:25,42.4004020690918,-8.92110919952393,"Female"
"9004151",371994,2025-06-15 06:00:25,42.4004325866699,-8.92104911804199,"Female"
"9004151",371994,2025-06-15 06:05:24,42.4003944396973,-8.92092514038086,"Female"
"9004151",371994,2025-06-15 06:10:25,42.4004516601562,-8.92098522186279,"Female"
"9004151",371994,2025-06-15 06:16:40,42.4004211425781,-8.92100048065186,"Female"
"9004151",371994,2025-06-15 06:20:53,42.4004135131836,-8.92109489440918,"Female"
"9004151",371994,2025-06-15 06:26:46,42.4004135131836,-8.92101097106934,"Female"
"9004151",371994,2025-06-15 06:30:23,42.4004745483398,-8.92117881774902,"Female"
"9004151",371994,2025-06-15 06:35:31,42.4003982543945,-8.92103862762451,"Female"
"9004151",371994,2025-06-15 06:40:29,42.4004020690918,-8.92098522186279,"Female"
"9004151",371994,2025-06-15 06:45:33,42.4004058837891,-8.92090129852295,"Female"
"9004151",371994,2025-06-15 06:51:28,42.4004020690918,-8.92095184326172,"Female"
"9004151",371994,2025-06-15 06:56:16,42.400390625,-8.92096424102783,"Female"
"9004151",371994,2025-06-15 07:01:45,42.4004173278809,-8.92090892791748,"Female"
"9004151",371994,2025-06-15 07:06:46,42.4004249572754,-8.9208927154541,"Female"
"9004151",371994,2025-06-15 07:11:46,42.4004402160645,-8.92085933685303,"Female"
"9004151",371994,2025-06-15 07:16:46,42.4004402160645,-8.92086124420166,"Female"
"9004151",371994,2025-06-15 07:20:51,42.400463104248,-8.92081546783447,"Female"
"9004151",371994,2025-06-15 07:25:21,42.4003753662109,-8.9206371307373,"Female"
"9004151",371994,2025-06-15 07:30:22,42.4005355834961,-8.92083644866943,"Female"
"9004151",371994,2025-06-15 07:35:49,42.4003715515137,-8.92157554626465,"Female"
"9004151",371994,2025-06-15 07:41:45,42.4001808166504,-8.92129516601562,"Female"
"9004151",371994,2025-06-15 07:45:56,42.4002151489258,-8.92127895355225,"Female"
"9004151",371994,2025-06-15 07:50:21,42.4002571105957,-8.92119693756104,"Female"
"9004151",371994,2025-06-15 07:55:44,42.4003677368164,-8.92083072662354,"Female"
"9004151",371994,2025-06-15 08:00:29,42.4003944396973,-8.92093849182129,"Female"
"9004151",371994,2025-06-15 08:05:21,42.4015655517578,-8.92299556732178,"Female"
"9004151",371994,2025-06-15 08:10:20,42.4165802001953,-8.93310546875,"Female"
"9004151",371994,2025-06-15 08:15:21,42.4403266906738,-8.93712997436523,"Female"
"9004151",371994,2025-06-15 08:20:20,42.4634017944336,-8.94466876983643,"Female"
"9004151",371994,2025-06-15 08:25:20,42.4678688049316,-8.94440269470215,"Female"
"9004151",371994,2025-06-15 08:30:20,42.4869117736816,-8.92378807067871,"Female"
"9004151",371994,2025-06-15 08:35:20,42.5006103515625,-8.89211177825928,"Female"
"9004151",371994,2025-06-15 08:40:20,42.5011215209961,-8.89054107666016,"Female"
"9004151",371994,2025-06-15 08:45:21,42.5187110900879,-8.86336612701416,"Female"
"9004151",371994,2025-06-15 08:50:23,42.529354095459,-8.85247325897217,"Female"
"9004151",371994,2025-06-15 08:55:40,42.5297698974609,-8.85041332244873,"Female"
"9004151",371994,2025-06-15 09:00:53,42.5304908752441,-8.84922790527344,"Female"
"9004151",371994,2025-06-15 09:05:53,42.5314712524414,-8.84904956817627,"Female"
"9004151",371994,2025-06-15 09:10:52,42.5324249267578,-8.8506031036377,"Female"
"9004151",371994,2025-06-15 09:15:53,42.5313987731934,-8.85176849365234,"Female"
"9004151",371994,2025-06-15 09:21:38,42.5320053100586,-8.85223388671875,"Female"
"9004151",371994,2025-06-15 09:26:37,42.532283782959,-8.85053062438965,"Female"
"9004151",371994,2025-06-15 09:31:56,42.5325698852539,-8.84888362884521,"Female"
"9004151",371994,2025-06-15 09:37:19,42.5326385498047,-8.84854984283447,"Female"
"9004151",371994,2025-06-15 09:42:37,42.5338096618652,-8.84805393218994,"Female"
"9004151",371994,2025-06-15 09:47:59,42.5330238342285,-8.84906673431396,"Female"
"9004151",371994,2025-06-15 09:53:37,42.533203125,-8.85129737854004,"Female"
"9004151",371994,2025-06-15 10:01:36,42.5317649841309,-8.85130405426025,"Female"
"9004151",371994,2025-06-15 10:09:18,42.5300064086914,-8.85169315338135,"Female"
"9004151",371994,2025-06-15 10:15:49,42.5293998718262,-8.85064601898193,"Female"
"9004151",371994,2025-06-15 10:20:47,42.5304794311523,-8.85121440887451,"Female"
"9004151",371994,2025-06-15 10:27:53,42.5295181274414,-8.85131072998047,"Female"
"9004151",371994,2025-06-15 10:33:21,42.5294303894043,-8.85216426849365,"Female"
"9004151",371994,2025-06-15 10:37:52,42.5290412902832,-8.85177898406982,"Female"
"9004151",371994,2025-06-15 10:43:10,42.5261116027832,-8.84750938415527,"Female"
"9004151",371994,2025-06-15 10:47:44,42.5260353088379,-8.84762573242188,"Female"
"9004151",371994,2025-06-15 10:52:45,42.5259017944336,-8.84736728668213,"Female"
"9004151",371994,2025-06-15 10:57:45,42.5261421203613,-8.84745502471924,"Female"
"9004151",371994,2025-06-15 11:02:45,42.5261573791504,-8.8474817276001,"Female"
"9004151",371994,2025-06-15 11:07:45,42.5261726379395,-8.84747791290283,"Female"
"9004151",371994,2025-06-15 11:12:45,42.5262794494629,-8.84749794006348,"Female"
"9004151",371994,2025-06-15 11:17:45,42.5259094238281,-8.84719753265381,"Female"
"9004151",371994,2025-06-15 11:22:45,42.5262413024902,-8.84750080108643,"Female"
"9004151",371994,2025-06-15 11:27:47,42.5258941650391,-8.84715938568115,"Female"
"9004151",371994,2025-06-15 11:33:05,42.5261383056641,-8.84736251831055,"Female"
"9004151",371994,2025-06-15 11:37:44,42.5261573791504,-8.84733581542969,"Female"
"9004151",371994,2025-06-15 11:42:45,42.5261344909668,-8.84736633300781,"Female"
"9004151",371994,2025-06-15 11:47:44,42.5261154174805,-8.84739208221436,"Female"
"9004151",371994,2025-06-15 11:52:44,42.5261383056641,-8.84735870361328,"Female"
"9004151",371994,2025-06-15 11:57:44,42.5261306762695,-8.84732818603516,"Female"
"9004151",371994,2025-06-15 12:03:04,42.5261344909668,-8.84735870361328,"Female"
"9004151",371994,2025-06-15 12:07:44,42.5261421203613,-8.84734630584717,"Female"
"9004151",371994,2025-06-15 12:12:44,42.5261421203613,-8.84737014770508,"Female"
"9004151",371994,2025-06-15 12:17:44,42.5261192321777,-8.84735298156738,"Female"
"9004151",371994,2025-06-15 12:22:44,42.5261268615723,-8.84741878509521,"Female"
"9004151",371994,2025-06-15 12:27:48,42.5260734558105,-8.8473014831543,"Female"
"9004151",371994,2025-06-15 12:32:44,42.5260848999023,-8.84730815887451,"Female"
"9004151",371994,2025-06-15 12:37:44,42.5260772705078,-8.84731960296631,"Female"
"9004151",371994,2025-06-15 12:42:51,42.5261192321777,-8.84730815887451,"Female"
"9004151",371994,2025-06-15 12:47:51,42.5260696411133,-8.84732913970947,"Female"
"9004151",371994,2025-06-15 12:53:05,42.5260848999023,-8.84735107421875,"Female"
"9004151",371994,2025-06-15 12:57:44,42.526008605957,-8.84724998474121,"Female"
"9004151",371994,2025-06-15 13:02:44,42.5260772705078,-8.84737682342529,"Female"
"9004151",371994,2025-06-15 13:07:44,42.5260810852051,-8.84730243682861,"Female"
"9004151",371994,2025-06-15 13:12:44,42.5260353088379,-8.84727382659912,"Female"
"9004151",371994,2025-06-15 13:17:45,42.5262222290039,-8.84730911254883,"Female"
"9004151",371994,2025-06-15 13:22:45,42.5260467529297,-8.84730529785156,"Female"
"9004151",371994,2025-06-15 13:27:45,42.5305557250977,-8.84978008270264,"Female"
"9004151",371994,2025-06-15 13:32:47,42.5315093994141,-8.84890842437744,"Female"
"9004151",371994,2025-06-15 13:38:26,42.5326919555664,-8.84890365600586,"Female"
"9004151",371994,2025-06-15 13:43:59,42.5336303710938,-8.85048580169678,"Female"
"9004151",371994,2025-06-15 13:49:00,42.5331764221191,-8.85088539123535,"Female"
"9004151",371994,2025-06-15 13:54:32,42.5324897766113,-8.85190963745117,"Female"
"9004151",371994,2025-06-15 13:59:57,42.531566619873,-8.85159683227539,"Female"
"9004151",371994,2025-06-15 14:05:16,42.531078338623,-8.85011291503906,"Female"
"9004151",371994,2025-06-15 14:10:14,42.5310173034668,-8.85101222991943,"Female"
"9004151",371994,2025-06-15 14:15:20,42.5314407348633,-8.85257244110107,"Female"
"9004151",371994,2025-06-15 14:20:55,42.5316047668457,-8.85311985015869,"Female"
"9004151",371994,2025-06-15 14:26:19,42.531925201416,-8.85159492492676,"Female"
"9004151",371994,2025-06-15 14:31:44,42.5320014953613,-8.85031127929688,"Female"
"9004151",371994,2025-06-15 14:37:12,42.5323791503906,-8.8499002456665,"Female"
"9004151",371994,2025-06-15 14:46:54,42.5324935913086,-8.85181999206543,"Female"
"9004151",371994,2025-06-15 14:52:14,42.5330963134766,-8.85062694549561,"Female"
"9004151",371994,2025-06-15 14:57:33,42.5334167480469,-8.84926700592041,"Female"
"9004151",371994,2025-06-15 15:02:00,42.5260314941406,-8.84754085540771,"Female"
"9004151",371994,2025-06-15 15:07:01,42.5260124206543,-8.84744644165039,"Female"
"9004151",371994,2025-06-15 15:12:00,42.5259704589844,-8.84737205505371,"Female"
"9004151",371994,2025-06-15 15:17:04,42.5258979797363,-8.8474588394165,"Female"
"9004151",371994,2025-06-15 15:22:04,42.525936126709,-8.84744739532471,"Female"
"9004151",371994,2025-06-15 15:27:01,42.525951385498,-8.84746074676514,"Female"
"9004151",371994,2025-06-15 15:32:00,42.5260620117188,-8.84749603271484,"Female"
"9004151",371994,2025-06-15 15:37:10,42.526195526123,-8.84727001190186,"Female"
"9004151",371994,2025-06-15 15:42:01,42.526123046875,-8.84720230102539,"Female"
"9004151",371994,2025-06-15 15:47:01,42.5264472961426,-8.84738731384277,"Female"
"9004151",371994,2025-06-15 15:52:06,42.5262031555176,-8.84727382659912,"Female"
"9004151",371994,2025-06-15 15:57:08,42.5261573791504,-8.84727668762207,"Female"
"9004151",371994,2025-06-15 16:02:09,42.5261611938477,-8.84729194641113,"Female"
"9004151",371994,2025-06-15 16:07:09,42.5262603759766,-8.84734535217285,"Female"
"9004151",371994,2025-06-15 16:12:09,42.5262565612793,-8.84734630584717,"Female"
"9004151",371994,2025-06-15 16:17:09,42.5262298583984,-8.84735488891602,"Female"
"9004151",371994,2025-06-15 16:22:10,42.5262489318848,-8.84739685058594,"Female"
"9004151",371994,2025-06-15 16:27:08,42.5260620117188,-8.84716415405273,"Female"
"9004151",371994,2025-06-15 16:32:02,42.5262031555176,-8.84719848632812,"Female"
"9004151",371994,2025-06-15 16:37:14,42.5258445739746,-8.84750080108643,"Female"
"9004151",371994,2025-06-15 16:42:11,42.5261383056641,-8.84724140167236,"Female"
"9004151",371994,2025-06-15 16:47:00,42.5262298583984,-8.84740543365479,"Female"
"9004151",371994,2025-06-15 16:52:06,42.5317802429199,-8.85190963745117,"Female"
"9004151",371994,2025-06-15 16:57:12,42.5365409851074,-8.85362339019775,"Female"
"9004151",371994,2025-06-15 17:03:25,42.5349044799805,-8.85374069213867,"Female"
"9004151",371994,2025-06-15 17:07:17,42.5345573425293,-8.85365390777588,"Female"
"9004151",371994,2025-06-15 17:19:24,42.5373458862305,-8.8478832244873,"Female"
"9004151",371994,2025-06-15 17:29:05,42.5387649536133,-8.84695529937744,"Female"
"9004151",371994,2025-06-15 17:34:00,42.5380210876465,-8.84663772583008,"Female"
"9004151",371994,2025-06-15 17:39:18,42.5379066467285,-8.84622383117676,"Female"
"9004151",371994,2025-06-15 17:44:23,42.5379905700684,-8.84519672393799,"Female"
"9004151",371994,2025-06-15 17:49:30,42.5383987426758,-8.84441089630127,"Female"
"9004151",371994,2025-06-15 17:54:43,42.5375480651855,-8.84310817718506,"Female"
"9004151",371994,2025-06-15 18:01:14,42.5374031066895,-8.84479331970215,"Female"
"9004151",371994,2025-06-15 18:06:36,42.5369911193848,-8.84573459625244,"Female"
"9004151",371994,2025-06-15 18:11:46,42.5361595153809,-8.84660625457764,"Female"
"9004151",371994,2025-06-15 18:17:36,42.5362815856934,-8.84715843200684,"Female"
"9004151",371994,2025-06-15 18:22:40,42.535099029541,-8.84726715087891,"Female"
"9004151",371994,2025-06-15 18:27:52,42.533748626709,-8.84821701049805,"Female"
"9004151",371994,2025-06-15 18:32:52,42.5222015380859,-8.85912799835205,"Female"
"9004151",371994,2025-06-15 18:37:52,42.484073638916,-8.91424655914307,"Female"
"9004151",371994,2025-06-15 18:42:54,42.4806747436523,-8.9365119934082,"Female"
"9004151",371994,2025-06-15 18:48:14,42.4807510375977,-8.93666553497314,"Female"
"9004151",371994,2025-06-15 18:52:53,42.4804077148438,-8.93615436553955,"Female"
"9004151",371994,2025-06-15 18:57:54,42.4805107116699,-8.93634414672852,"Female"
"9004151",371994,2025-06-15 19:02:53,42.46240234375,-8.94466018676758,"Female"
"9004151",371994,2025-06-15 19:07:54,42.4505348205566,-8.94052028656006,"Female"
"9004151",371994,2025-06-15 19:12:53,42.4467277526855,-8.93939685821533,"Female"
"9004151",371994,2025-06-15 19:18:00,42.4005355834961,-8.92084884643555,"Female"
"9004151",371994,2025-06-15 19:22:54,42.4004554748535,-8.92075157165527,"Female"
"9004151",371994,2025-06-15 19:28:01,42.4004135131836,-8.92068958282471,"Female"
"9004151",371994,2025-06-15 19:32:55,42.4003372192383,-8.92055416107178,"Female"
"9004151",371994,2025-06-15 19:37:55,42.4003448486328,-8.92062473297119,"Female"
"9004151",371994,2025-06-15 19:42:58,42.4005279541016,-8.92310810089111,"Female"
"9004151",371994,2025-06-15 19:48:15,42.4004936218262,-8.92206287384033,"Female"
"9004151",371994,2025-06-15 19:52:54,42.400390625,-8.9217529296875,"Female"
"9004151",371994,2025-06-15 19:57:53,42.4004592895508,-8.9217529296875,"Female"
"9004151",371994,2025-06-15 20:02:54,42.4003219604492,-8.92175483703613,"Female"
"9004151",371994,2025-06-15 20:07:53,42.4002265930176,-8.92159748077393,"Female"
"9004151",371994,2025-06-15 20:13:01,42.4002532958984,-8.92167568206787,"Female"
"9004151",371994,2025-06-15 20:18:00,42.400218963623,-8.92171001434326,"Female"
"9004151",371994,2025-06-15 20:23:14,42.4002075195312,-8.92161846160889,"Female"
"9004151",371994,2025-06-15 20:27:56,42.4001541137695,-8.92167568206787,"Female"
"9004151",371994,2025-06-15 20:33:06,42.4002532958984,-8.92125701904297,"Female"
"9004151",371994,2025-06-15 20:38:06,42.400390625,-8.92106056213379,"Female"
"9004151",371994,2025-06-15 20:42:54,42.4000244140625,-8.92156887054443,"Female"
"9004151",371994,2025-06-15 20:48:16,42.4000396728516,-8.92157554626465,"Female"
"9004151",371994,2025-06-15 20:53:19,42.4003067016602,-8.92140293121338,"Female"
"9004151",371994,2025-06-15 20:57:53,42.4002227783203,-8.92116451263428,"Female"
"9004151",371994,2025-06-15 21:02:52,42.4003372192383,-8.92119312286377,"Female"
"9004151",371994,2025-06-15 21:07:52,42.4002876281738,-8.92117881774902,"Female"
"9004151",371994,2025-06-15 21:12:52,42.4004173278809,-8.92119407653809,"Female"
"9004151",371994,2025-06-15 21:17:52,42.400218963623,-8.92091751098633,"Female"
"9004151",371994,2025-06-15 21:22:55,42.400333404541,-8.9208984375,"Female"
"9004151",371994,2025-06-15 21:27:55,42.4003372192383,-8.92123794555664,"Female"
"9004151",371994,2025-06-15 21:32:58,42.4002456665039,-8.92124462127686,"Female"
"9004151",371994,2025-06-15 21:38:06,42.3987464904785,-8.9232931137085,"Female"
"9004151",371994,2025-06-15 21:43:00,42.3997497558594,-8.92140483856201,"Female"
"9004151",371994,2025-06-15 21:48:00,42.3985023498535,-8.9208927154541,"Female"
"9004151",371994,2025-06-15 21:53:07,42.399787902832,-8.92099761962891,"Female"
"9004151",371994,2025-06-15 21:58:13,42.400016784668,-8.92119979858398,"Female"
"9004151",371994,2025-06-15 22:02:53,42.4001312255859,-8.92163944244385,"Female"
"9004151",371994,2025-06-15 22:07:53,42.3999938964844,-8.92113304138184,"Female"
"9004151",371994,2025-06-15 22:12:53,42.3996696472168,-8.92127418518066,"Female"
"9004151",371994,2025-06-15 22:17:55,42.4001731872559,-8.92087459564209,"Female"
"9004151",371994,2025-06-15 22:22:57,42.3997650146484,-8.92098903656006,"Female"
"9004151",371994,2025-06-15 22:27:54,42.3997459411621,-8.92128276824951,"Female"
"9004151",371994,2025-06-15 22:32:58,42.4011268615723,-8.92117118835449,"Female"
"9004151",371994,2025-06-15 22:37:57,42.4004364013672,-8.9209451675415,"Female"
"9004151",371994,2025-06-15 22:42:57,42.4006309509277,-8.92092323303223,"Female"
"9004151",371994,2025-06-15 22:48:14,42.4005966186523,-8.92104911804199,"Female"
"9004151",371994,2025-06-15 22:52:53,42.400333404541,-8.92077541351318,"Female"
"9004151",371994,2025-06-15 22:57:57,42.4004745483398,-8.92088317871094,"Female"
"9004151",371994,2025-06-15 23:02:58,42.4003372192383,-8.92060661315918,"Female"
"9004151",371994,2025-06-15 23:07:56,42.4003753662109,-8.92068672180176,"Female"
"9004151",371994,2025-06-15 23:13:01,42.3996467590332,-8.92184257507324,"Female"
"9004151",371994,2025-06-15 23:18:05,42.4001846313477,-8.92134952545166,"Female"
"9004151",371994,2025-06-15 23:23:14,42.4004859924316,-8.92112731933594,"Female"
"9004151",371994,2025-06-15 23:27:57,42.4005699157715,-8.9215669631958,"Female"
"9004151",371994,2025-06-15 23:33:13,42.4007110595703,-8.92125129699707,"Female"
"9004151",371994,2025-06-15 23:38:01,42.4006042480469,-8.92106056213379,"Female"
"9004151",371994,2025-06-15 23:42:59,42.3996963500977,-8.92262363433838,"Female"
"9004151",371994,2025-06-15 23:48:15,42.4001350402832,-8.92139148712158,"Female"
"9004151",371994,2025-06-15 23:53:00,42.399845123291,-8.92244720458984,"Female"
"9004151",371994,2025-06-15 23:58:00,42.4000778198242,-8.92150402069092,"Female"
"9004151",371994,2025-06-16 00:02:59,42.4004058837891,-8.92109966278076,"Female"
"9004151",371994,2025-06-16 00:08:00,42.4003219604492,-8.92125701904297,"Female"
"9004151",371994,2025-06-16 00:13:01,42.400218963623,-8.92128753662109,"Female"
"9004151",371994,2025-06-16 00:18:00,42.4007263183594,-8.92075824737549,"Female"
"9004151",371994,2025-06-16 00:23:00,42.400390625,-8.92113494873047,"Female"
"9004151",371994,2025-06-16 00:27:59,42.4002952575684,-8.9211893081665,"Female"
"9004151",371994,2025-06-16 00:32:58,42.4005126953125,-8.92100143432617,"Female"
"9004151",371994,2025-06-16 00:37:53,42.4005126953125,-8.92203044891357,"Female"
"9004151",371994,2025-06-16 00:43:00,42.400276184082,-8.92099761962891,"Female"
"9004151",371994,2025-06-16 00:48:29,42.4003791809082,-8.92117977142334,"Female"
"9004151",371994,2025-06-16 00:52:52,42.4004364013672,-8.92122173309326,"Female"
"9004151",371994,2025-06-16 00:57:52,42.4004135131836,-8.92112255096436,"Female"
"9004151",371994,2025-06-16 01:02:52,42.4003944396973,-8.92120456695557,"Female"
"9004151",371994,2025-06-16 01:07:52,42.4004287719727,-8.92117309570312,"Female"
"9004151",371994,2025-06-16 01:12:52,42.4004669189453,-8.921142578125,"Female"
"9004151",371994,2025-06-16 01:17:52,42.4004364013672,-8.92123317718506,"Female"
"9004151",371994,2025-06-16 01:22:52,42.4005508422852,-8.92111968994141,"Female"
"9004151",371994,2025-06-16 01:27:53,42.4004173278809,-8.9213924407959,"Female"
"9004151",371994,2025-06-16 01:33:12,42.4004173278809,-8.92123508453369,"Female"
"9004151",371994,2025-06-16 01:37:55,42.4005546569824,-8.92101001739502,"Female"
"9004151",371994,2025-06-16 01:42:54,42.4005661010742,-8.92089748382568,"Female"
"9004151",371994,2025-06-16 01:47:55,42.4002990722656,-8.92150115966797,"Female"
"9004151",371994,2025-06-16 01:52:57,42.4002380371094,-8.92130470275879,"Female"
"9004151",371994,2025-06-16 01:58:00,42.4002990722656,-8.92114067077637,"Female"
"9004151",371994,2025-06-16 02:03:05,42.4000587463379,-8.9214506149292,"Female"
"9004151",371994,2025-06-16 02:07:59,42.4003829956055,-8.92119884490967,"Female"
"9004151",371994,2025-06-16 02:13:15,42.4003295898438,-8.92109203338623,"Female"
"9004151",371994,2025-06-16 02:18:07,42.4003486633301,-8.92109966278076,"Female"
"9004151",371994,2025-06-16 02:23:16,42.4003677368164,-8.92157745361328,"Female"
"9004151",371994,2025-06-16 02:28:09,42.4001846313477,-8.92144012451172,"Female"
"9004151",371994,2025-06-16 02:33:16,42.4003028869629,-8.92112350463867,"Female"
"9004151",371994,2025-06-16 02:38:23,42.4002494812012,-8.92134666442871,"Female"
"9004151",371994,2025-06-16 02:42:55,42.4002494812012,-8.92112445831299,"Female"
"9004151",371994,2025-06-16 02:48:14,42.4002342224121,-8.92095279693604,"Female"
"9004151",371994,2025-06-16 02:52:53,42.3997497558594,-8.92054462432861,"Female"
"9004151",371994,2025-06-16 02:57:55,42.3999443054199,-8.92125129699707,"Female"
"9004151",371994,2025-06-16 03:02:59,42.4001197814941,-8.92093086242676,"Female"
"9004151",371994,2025-06-16 03:07:57,42.3999519348145,-8.92104911804199,"Female"
"9004151",371994,2025-06-16 03:13:08,42.4001426696777,-8.9207124710083,"Female"
"9004151",371994,2025-06-16 03:18:03,42.400032043457,-8.92079162597656,"Female"
"9004151",371994,2025-06-16 03:23:29,42.4004821777344,-8.92081451416016,"Female"
"9004151",371994,2025-06-16 03:27:52,42.4005126953125,-8.92085552215576,"Female"
"9004151",371994,2025-06-16 03:32:55,42.4004096984863,-8.92083549499512,"Female"
"9004151",371994,2025-06-16 03:37:52,42.4005012512207,-8.92085933685303,"Female"
"9004151",371994,2025-06-16 03:42:52,42.4006271362305,-8.92074871063232,"Female"
"9004151",371994,2025-06-16 03:48:14,42.4005126953125,-8.92075538635254,"Female"
"9004151",371994,2025-06-16 03:52:54,42.4002723693848,-8.92083072662354,"Female"
"9004151",371994,2025-06-16 03:57:54,42.4003791809082,-8.92072010040283,"Female"
"9004151",371994,2025-06-16 04:02:54,42.4004096984863,-8.92096424102783,"Female"
"9004151",371994,2025-06-16 04:07:54,42.4003715515137,-8.92074298858643,"Female"
"9004151",371994,2025-06-16 04:12:54,42.4005279541016,-8.92069435119629,"Female"
"9004151",371994,2025-06-16 04:17:53,42.4004325866699,-8.92068195343018,"Female"
"9004151",371994,2025-06-16 04:22:55,42.4004669189453,-8.92075443267822,"Female"
"9004151",371994,2025-06-16 04:27:55,42.4005432128906,-8.92081165313721,"Female"
"9004151",371994,2025-06-16 04:32:56,42.400505065918,-8.92059803009033,"Female"
"9004151",371994,2025-06-16 04:37:54,42.4003944396973,-8.92098140716553,"Female"
"9004151",371994,2025-06-16 04:43:03,42.4004669189453,-8.92108249664307,"Female"
"9004151",371994,2025-06-16 04:51:38,42.4002075195312,-8.92149639129639,"Female"
"9004151",371994,2025-06-16 04:56:23,42.4003257751465,-8.92135143280029,"Female"
"9004151",371994,2025-06-16 05:01:19,42.3999710083008,-8.92172050476074,"Female"
"9004151",371994,2025-06-16 05:07:33,42.4005241394043,-8.92082023620605,"Female"
"9004151",371994,2025-06-16 05:11:11,42.400520324707,-8.92085647583008,"Female"
"9004151",371994,2025-06-16 05:16:09,42.4006042480469,-8.92092227935791,"Female"
"9004151",371994,2025-06-16 05:21:11,42.4005508422852,-8.92086124420166,"Female"
"9004151",371994,2025-06-16 05:26:11,42.4005546569824,-8.92093467712402,"Female"
"9004151",371994,2025-06-16 05:31:18,42.4005508422852,-8.92054653167725,"Female"
"9004151",371994,2025-06-16 05:36:12,42.4005661010742,-8.92160415649414,"Female"
"9004151",371994,2025-06-16 05:41:12,42.4005165100098,-8.92089557647705,"Female"
"9004151",371994,2025-06-16 05:46:15,42.4003944396973,-8.92116832733154,"Female"
"9004151",371994,2025-06-16 05:51:21,42.400390625,-8.921142578125,"Female"
"9004151",371994,2025-06-16 05:56:16,42.4004173278809,-8.92110157012939,"Female"
"9004151",371994,2025-06-16 06:01:29,42.4003944396973,-8.92109394073486,"Female"
"9004151",371994,2025-06-16 06:06:50,42.4004173278809,-8.92113208770752,"Female"
"9004151",371994,2025-06-16 06:12:10,42.4004173278809,-8.92109394073486,"Female"
"9004151",371994,2025-06-16 06:16:08,42.4003982543945,-8.92122459411621,"Female"
"9004151",371994,2025-06-16 06:21:09,42.400447845459,-8.92120265960693,"Female"
"9004151",371994,2025-06-16 06:26:19,42.4004096984863,-8.9210786819458,"Female"
"9004151",371994,2025-06-16 06:31:13,42.4004287719727,-8.92107105255127,"Female"
"9004151",371994,2025-06-16 06:36:11,42.4004592895508,-8.92110729217529,"Female"
"9004151",371994,2025-06-16 06:41:11,42.4003562927246,-8.92097663879395,"Female"
"9004151",371994,2025-06-16 06:46:35,42.4003562927246,-8.92096424102783,"Female"
"9004151",371994,2025-06-16 06:51:08,42.4003372192383,-8.92096138000488,"Female"
"9004151",371994,2025-06-16 06:56:18,42.4003486633301,-8.920973777771,"Female"
"9004151",371994,2025-06-16 07:01:44,42.400390625,-8.92096042633057,"Female"
"9004151",371994,2025-06-16 07:06:09,42.4004135131836,-8.92076587677002,"Female"
"9004151",371994,2025-06-16 07:11:08,42.4005470275879,-8.92076015472412,"Female"
"9004151",371994,2025-06-16 07:16:10,42.4004592895508,-8.92041110992432,"Female"
"9004151",371994,2025-06-16 07:21:13,42.4000091552734,-8.92168045043945,"Female"
"9004151",371994,2025-06-16 07:26:10,42.3998832702637,-8.92137050628662,"Female"
"9004151",371994,2025-06-16 07:31:11,42.4002456665039,-8.92112255096436,"Female"
"9004151",371994,2025-06-16 07:36:17,42.4001197814941,-8.920973777771,"Female"
"9004151",371994,2025-06-16 07:41:35,42.4003028869629,-8.92101192474365,"Female"
"9004151",371994,2025-06-16 07:46:37,42.4003639221191,-8.92109680175781,"Female"
"9004151",371994,2025-06-16 07:51:41,42.400318145752,-8.92111301422119,"Female"
"9004151",371994,2025-06-16 07:56:08,42.4002418518066,-8.9215087890625,"Female"
"9004151",371994,2025-06-16 08:01:10,42.4001426696777,-8.92144584655762,"Female"
"9004151",371994,2025-06-16 08:06:09,42.4001922607422,-8.92148113250732,"Female"
"9004151",371994,2025-06-16 08:11:09,42.4003944396973,-8.92094993591309,"Female"
"9004151",371994,2025-06-16 08:16:09,42.4003791809082,-8.92071723937988,"Female"
"9004151",371994,2025-06-16 08:21:09,42.4013290405273,-8.92107105255127,"Female"
"9004151",371994,2025-06-16 08:26:08,42.4013595581055,-8.92099189758301,"Female"
"9004151",371994,2025-06-16 08:31:08,42.4013824462891,-8.92085742950439,"Female"
"9004151",371994,2025-06-16 08:36:08,42.4013786315918,-8.92093181610107,"Female"
"9004151",371994,2025-06-16 08:41:09,42.4013938903809,-8.92075157165527,"Female"
"9004151",371994,2025-06-16 08:46:09,42.4013137817383,-8.92042064666748,"Female"
"9004151",371994,2025-06-16 08:51:10,42.4112777709961,-8.90933513641357,"Female"
"9004151",371994,2025-06-16 08:56:10,42.4297103881836,-8.89918613433838,"Female"
"9004151",371994,2025-06-16 09:02:01,42.4305191040039,-8.89793682098389,"Female"
"9004151",371994,2025-06-16 09:08:07,42.4411506652832,-8.89609813690186,"Female"
"9004151",371994,2025-06-16 09:14:44,42.4400634765625,-8.89712142944336,"Female"
"9004151",371994,2025-06-16 09:20:36,42.4386444091797,-8.90001392364502,"Female"
"9004151",371994,2025-06-16 09:26:17,42.437816619873,-8.8998908996582,"Female"
"9004151",371994,2025-06-16 09:31:24,42.4392433166504,-8.90027332305908,"Female"
"9004151",371994,2025-06-16 09:36:26,42.4396171569824,-8.90225791931152,"Female"
"9004151",371994,2025-06-16 09:41:24,42.4400978088379,-8.90431308746338,"Female"
"9004151",371994,2025-06-16 09:46:35,42.4484558105469,-8.92573261260986,"Female"
"9004151",371994,2025-06-16 09:51:15,42.4484825134277,-8.92588901519775,"Female"
"9004151",371994,2025-06-16 09:56:24,42.4482574462891,-8.92569923400879,"Female"
"9004151",371994,2025-06-16 10:01:14,42.4561157226562,-8.93939685821533,"Female"
"9004151",371994,2025-06-16 10:06:34,42.4708480834961,-8.94315719604492,"Female"
"9004151",371994,2025-06-16 10:11:16,42.4854125976562,-8.92689609527588,"Female"
"9004151",371994,2025-06-16 10:16:20,42.4974708557129,-8.90430736541748,"Female"
"9004151",371994,2025-06-16 10:21:15,42.5141983032227,-8.87640190124512,"Female"
"9004151",371994,2025-06-16 10:26:34,42.5307579040527,-8.8524866104126,"Female"
"9004151",371994,2025-06-16 10:31:24,42.5307235717773,-8.85293865203857,"Female"
"9004151",371994,2025-06-16 10:36:29,42.5338592529297,-8.85114097595215,"Female"
"9004151",371994,2025-06-16 10:42:18,42.5349617004395,-8.84969234466553,"Female"
"9004151",371994,2025-06-16 10:47:41,42.5358047485352,-8.84932327270508,"Female"
"9004151",371994,2025-06-16 10:53:00,42.535587310791,-8.84914493560791,"Female"
"9004151",371994,2025-06-16 10:58:14,42.5348587036133,-8.84764957427979,"Female"
"9004151",371994,2025-06-16 11:03:31,42.5358924865723,-8.84762191772461,"Female"
"9004151",371994,2025-06-16 11:09:09,42.5370941162109,-8.84749412536621,"Female"
"9004151",371994,2025-06-16 11:14:19,42.5382423400879,-8.84746265411377,"Female"
"9004151",371994,2025-06-16 11:19:18,42.5387573242188,-8.84847640991211,"Female"
"9004151",371994,2025-06-16 11:24:53,42.5396308898926,-8.84861755371094,"Female"
"9004151",371994,2025-06-16 11:34:40,42.5380859375,-8.8460693359375,"Female"
"9004151",371994,2025-06-16 11:39:39,42.537410736084,-8.84506034851074,"Female"
"9004151",371994,2025-06-16 11:44:40,42.5373992919922,-8.84611034393311,"Female"
"9004151",371994,2025-06-16 11:49:48,42.5374336242676,-8.84732341766357,"Female"
"9004151",371994,2025-06-16 11:54:46,42.5372619628906,-8.848069190979,"Female"
"9004151",371994,2025-06-16 11:59:45,42.5372085571289,-8.8480339050293,"Female"
"9004151",371994,2025-06-16 12:04:54,42.5373115539551,-8.84745979309082,"Female"
"9004151",371994,2025-06-16 12:09:51,42.5369300842285,-8.84722137451172,"Female"
"9004151",371994,2025-06-16 12:15:13,42.5373039245605,-8.84910297393799,"Female"
"9004151",371994,2025-06-16 12:19:49,42.5372581481934,-8.849853515625,"Female"
"9004151",371994,2025-06-16 12:24:49,42.5374946594238,-8.85078048706055,"Female"
"9004151",371994,2025-06-16 12:29:49,42.5379600524902,-8.85151767730713,"Female"
"9004151",371994,2025-06-16 12:34:49,42.537784576416,-8.85210704803467,"Female"
"9004151",371994,2025-06-16 12:39:50,42.5372505187988,-8.85220623016357,"Female"
"9004151",371994,2025-06-16 12:44:52,42.5369262695312,-8.85280990600586,"Female"
"9004151",371994,2025-06-16 12:50:14,42.5368270874023,-8.8533821105957,"Female"
"9004151",371994,2025-06-16 12:54:52,42.5366325378418,-8.85350513458252,"Female"
"9004151",371994,2025-06-16 12:59:50,42.5364303588867,-8.85349464416504,"Female"
"9004151",371994,2025-06-16 13:04:51,42.536319732666,-8.85347843170166,"Female"
"9004151",371994,2025-06-16 13:09:51,42.5362854003906,-8.8537654876709,"Female"
"9004151",371994,2025-06-16 13:14:53,42.5363235473633,-8.85347461700439,"Female"
"9004151",371994,2025-06-16 13:19:52,42.5363006591797,-8.85350131988525,"Female"
"9004151",371994,2025-06-16 13:24:55,42.5369071960449,-8.85380458831787,"Female"
"9004151",371994,2025-06-16 13:29:49,42.5375442504883,-8.85305786132812,"Female"
"9004151",371994,2025-06-16 13:34:58,42.537296295166,-8.85150527954102,"Female"
"9004151",371994,2025-06-16 13:40:39,42.5361480712891,-8.84958553314209,"Female"
"9004151",371994,2025-06-16 13:46:14,42.5337219238281,-8.85419178009033,"Female"
"9004151",371994,2025-06-16 13:50:29,42.5345153808594,-8.85389041900635,"Female"
"9004151",371994,2025-06-16 13:56:12,42.5355567932129,-8.85258102416992,"Female"
"9004151",371994,2025-06-16 14:01:11,42.5345077514648,-8.85191535949707,"Female"
"9004151",371994,2025-06-16 14:06:15,42.5351219177246,-8.84913444519043,"Female"
"9004151",371994,2025-06-16 14:11:14,42.5344047546387,-8.85034656524658,"Female"
"9004151",371994,2025-06-16 14:16:15,42.5353965759277,-8.85112953186035,"Female"
"9004151",371994,2025-06-16 14:21:13,42.5361671447754,-8.85086631774902,"Female"
"9004151",371994,2025-06-16 14:26:15,42.5370216369629,-8.85030841827393,"Female"
"9004151",371994,2025-06-16 14:38:35,42.5357208251953,-8.84884357452393,"Female"
"9004151",371994,2025-06-16 14:43:13,42.5354423522949,-8.84976768493652,"Female"
"9004151",371994,2025-06-16 14:48:35,42.5262069702148,-8.84723472595215,"Female"
"9004151",371994,2025-06-16 14:53:13,42.526252746582,-8.84724044799805,"Female"
"9004151",371994,2025-06-16 14:58:13,42.5262336730957,-8.84731483459473,"Female"
"9004151",371994,2025-06-16 15:03:14,42.5262451171875,-8.84721946716309,"Female"
"9004151",371994,2025-06-16 15:25:30,42.5262107849121,-8.84726142883301,"Female"
"9004151",371994,2025-06-16 15:43:05,42.5262794494629,-8.84723854064941,"Female"
"9004151",371994,2025-06-16 16:16:37,42.5262069702148,-8.84720420837402,"Female"
"9004151",371994,2025-06-16 16:22:55,42.526195526123,-8.84718418121338,"Female"
"9004151",371994,2025-06-16 16:30:10,42.5261611938477,-8.84714221954346,"Female"
"9004151",371994,2025-06-16 16:44:10,42.5262413024902,-8.84720516204834,"Female"
"9004151",371994,2025-06-16 16:50:29,42.5262832641602,-8.84724426269531,"Female"
"9004151",371994,2025-06-16 16:55:37,42.5263023376465,-8.84716320037842,"Female"
"9004151",371994,2025-06-16 17:02:03,42.5262756347656,-8.84724998474121,"Female"
"9004151",371994,2025-06-16 17:11:56,42.5264358520508,-8.84728717803955,"Female"
"9004151",371994,2025-06-16 17:17:14,42.5263328552246,-8.8470458984375,"Female"
"9004151",371994,2025-06-16 17:24:44,42.526195526123,-8.84717464447021,"Female"
"9004151",371994,2025-06-16 17:29:56,42.526741027832,-8.84804821014404,"Female"
"9004151",371994,2025-06-16 18:00:59,42.5314025878906,-8.85356712341309,"Female"
"9004151",371994,2025-06-16 18:05:16,42.5316123962402,-8.85360145568848,"Female"
"9004151",371994,2025-06-16 18:10:25,42.531623840332,-8.85390663146973,"Female"
"9004151",371994,2025-06-16 18:15:16,42.5315284729004,-8.85393810272217,"Female"
"9004151",371994,2025-06-16 18:20:24,42.5315589904785,-8.85331439971924,"Female"
"9004151",371994,2025-06-16 18:25:29,42.5317459106445,-8.85146427154541,"Female"
"9004151",371994,2025-06-16 18:31:07,42.5323143005371,-8.85077953338623,"Female"
"9004151",371994,2025-06-16 18:37:01,42.5319557189941,-8.85186100006104,"Female"
"9004151",371994,2025-06-16 18:42:14,42.5309906005859,-8.85186386108398,"Female"
"9004151",371994,2025-06-16 18:47:55,42.5312194824219,-8.852783203125,"Female"
"9004151",371994,2025-06-16 18:53:07,42.5312995910645,-8.85253620147705,"Female"
"9004151",371994,2025-06-16 18:58:19,42.5312042236328,-8.85293579101562,"Female"
"9004151",371994,2025-06-16 19:03:37,42.5301628112793,-8.85454750061035,"Female"
"9004151",371994,2025-06-16 19:08:39,42.529483795166,-8.85540962219238,"Female"
"9004151",371994,2025-06-16 19:13:44,42.5089912414551,-8.87292671203613,"Female"
"9004151",371994,2025-06-16 19:18:27,42.4849281311035,-8.91038703918457,"Female"
"9004151",371994,2025-06-16 19:23:48,42.4790573120117,-8.93926429748535,"Female"
"9004151",371994,2025-06-16 19:28:49,42.4573707580566,-8.94651889801025,"Female"
"9004151",371994,2025-06-16 19:33:49,42.4231185913086,-8.94718742370605,"Female"
"9004151",371994,2025-06-16 19:40:35,42.4003829956055,-8.92104625701904,"Female"
"9004151",371994,2025-06-16 19:45:13,42.4002952575684,-8.9211893081665,"Female"
"9004151",371994,2025-06-16 19:50:17,42.4003219604492,-8.92087554931641,"Female"
"9004151",371994,2025-06-16 19:55:14,42.4001693725586,-8.92045021057129,"Female"
"9004151",371994,2025-06-16 20:00:15,42.4002952575684,-8.92056274414062,"Female"
"9004151",371994,2025-06-16 20:05:15,42.4003562927246,-8.9210262298584,"Female"
"9004151",371994,2025-06-16 20:10:22,42.4003219604492,-8.92119216918945,"Female"
"9004151",371994,2025-06-16 20:15:32,42.4003868103027,-8.9211368560791,"Female"
"9004151",371994,2025-06-16 20:20:44,42.4004173278809,-8.9211483001709,"Female"
"9004151",371994,2025-06-16 20:25:12,42.4003105163574,-8.92124938964844,"Female"
"9004151",371994,2025-06-16 20:30:12,42.4002723693848,-8.92117881774902,"Female"
"9004151",371994,2025-06-16 20:35:12,42.4003067016602,-8.92124557495117,"Female"
"9004151",371994,2025-06-16 20:40:12,42.4003105163574,-8.92115879058838,"Female"
"9004151",371994,2025-06-16 20:45:44,42.4004402160645,-8.92108917236328,"Female"
"9004151",371994,2025-06-16 20:50:12,42.4003524780273,-8.92108249664307,"Female"
"9004151",371994,2025-06-16 20:55:12,42.4004211425781,-8.92108726501465,"Female"
"9004151",371994,2025-06-16 21:00:12,42.4004936218262,-8.92102718353271,"Female"
"9004151",371994,2025-06-16 21:05:12,42.4003944396973,-8.92110729217529,"Female"
"9004151",371994,2025-06-16 21:10:12,42.4003791809082,-8.92106914520264,"Female"
"9004151",371994,2025-06-16 21:15:12,42.4003944396973,-8.92116451263428,"Female"
"9004151",371994,2025-06-16 21:20:14,42.4003067016602,-8.92120933532715,"Female"
"9004151",371994,2025-06-16 21:25:12,42.4004898071289,-8.9208459854126,"Female"
"9004151",371994,2025-06-16 21:30:18,42.4003028869629,-8.92115306854248,"Female"
"9004151",371994,2025-06-16 21:35:14,42.4001998901367,-8.9212474822998,"Female"
"9004151",371994,2025-06-16 21:40:13,42.4004669189453,-8.92109394073486,"Female"
"9004151",371994,2025-06-16 21:45:19,42.3996887207031,-8.92156791687012,"Female"
"9004151",371994,2025-06-16 21:50:14,42.4002075195312,-8.92116165161133,"Female"
"9004151",371994,2025-06-16 21:55:23,42.4004211425781,-8.92099475860596,"Female"
"9004151",371994,2025-06-16 22:00:13,42.4004249572754,-8.92110729217529,"Female"
"9004151",371994,2025-06-16 22:05:14,42.4005241394043,-8.92096900939941,"Female"
"9004151",371994,2025-06-16 22:10:25,42.400390625,-8.9210844039917,"Female"
"9004151",371994,2025-06-16 22:15:13,42.4008140563965,-8.92093849182129,"Female"
"9004151",371994,2025-06-16 22:20:13,42.400333404541,-8.92119216918945,"Female"
"9004151",371994,2025-06-16 22:25:32,42.4004745483398,-8.92094230651855,"Female"
"9004151",371994,2025-06-16 22:30:13,42.4004707336426,-8.92092227935791,"Female"
"9004151",371994,2025-06-16 22:35:13,42.4004707336426,-8.92086410522461,"Female"
"9004151",371994,2025-06-16 22:40:14,42.4003982543945,-8.92111396789551,"Female"
"9004151",371994,2025-06-16 22:45:13,42.4004096984863,-8.92107582092285,"Female"
"9004151",371994,2025-06-16 22:50:13,42.4004936218262,-8.92108058929443,"Female"
"9004151",371994,2025-06-16 22:55:16,42.4006233215332,-8.92103290557861,"Female"
"9004151",371994,2025-06-16 23:00:35,42.4003715515137,-8.92105293273926,"Female"
"9004151",371994,2025-06-16 23:05:12,42.4004020690918,-8.92087554931641,"Female"
"9004151",371994,2025-06-16 23:10:12,42.4004020690918,-8.92095756530762,"Female"
"9004151",371994,2025-06-16 23:15:12,42.4004364013672,-8.92092514038086,"Female"
"9004151",371994,2025-06-16 23:20:12,42.4004211425781,-8.92118263244629,"Female"
"9004151",371994,2025-06-16 23:25:12,42.4003448486328,-8.92111206054688,"Female"
"9004151",371994,2025-06-16 23:30:12,42.4003448486328,-8.92101669311523,"Female"
"9004151",371994,2025-06-16 23:35:12,42.4003944396973,-8.92107200622559,"Female"
"9004151",371994,2025-06-16 23:40:12,42.4003143310547,-8.92106628417969,"Female"
"9004151",371994,2025-06-16 23:45:12,42.4002990722656,-8.92089748382568,"Female"
"9004151",371994,2025-06-16 23:50:12,42.400390625,-8.92113590240479,"Female"
"9004151",371994,2025-06-16 23:55:12,42.400333404541,-8.9209566116333,"Female"
"9004151",371994,2025-06-17 00:00:12,42.400318145752,-8.9210376739502,"Female"
"9004151",371994,2025-06-17 00:05:12,42.400520324707,-8.92088031768799,"Female"
"9004151",371994,2025-06-17 00:10:13,42.4003753662109,-8.92106437683105,"Female"
"9004151",371994,2025-06-17 00:15:20,42.400390625,-8.92094230651855,"Female"
"9004151",371994,2025-06-17 00:20:13,42.400520324707,-8.92092609405518,"Female"
"9004151",371994,2025-06-17 00:25:36,42.4003868103027,-8.92098808288574,"Female"
"9004151",371994,2025-06-17 00:30:13,42.4004096984863,-8.92096519470215,"Female"
"9004151",371994,2025-06-17 00:35:15,42.4003753662109,-8.92102336883545,"Female"
"9004151",371994,2025-06-17 00:40:14,42.400390625,-8.92101955413818,"Female"
"9004151",371994,2025-06-17 00:45:12,42.4002990722656,-8.92096614837646,"Female"
"9004151",371994,2025-06-17 00:50:12,42.4004287719727,-8.92097091674805,"Female"
"9004151",371994,2025-06-17 00:55:12,42.4005317687988,-8.92088794708252,"Female"
"9004151",371994,2025-06-17 01:00:12,42.4003295898438,-8.92103672027588,"Female"
"9004151",371994,2025-06-17 01:05:13,42.4004516601562,-8.92095851898193,"Female"
"9004151",371994,2025-06-17 01:10:12,42.400520324707,-8.92097473144531,"Female"
"9004151",371994,2025-06-17 01:15:12,42.4004287719727,-8.92092418670654,"Female"
"9004151",371994,2025-06-17 01:20:12,42.4004211425781,-8.920973777771,"Female"
"9004151",371994,2025-06-17 01:25:12,42.4003791809082,-8.9210319519043,"Female"
"9004151",371994,2025-06-17 01:30:33,42.4004516601562,-8.92099475860596,"Female"
"9004151",371994,2025-06-17 01:35:12,42.4004592895508,-8.92097949981689,"Female"
"9004151",371994,2025-06-17 01:40:12,42.4004173278809,-8.92085933685303,"Female"
"9004151",371994,2025-06-17 01:45:17,42.4004249572754,-8.92092037200928,"Female"
"9004151",371994,2025-06-17 01:50:17,42.4003028869629,-8.92088508605957,"Female"
"9004151",371994,2025-06-17 01:55:15,42.4004211425781,-8.92094707489014,"Female"
"9004151",371994,2025-06-17 02:00:13,42.4003944396973,-8.92108058929443,"Female"
"9004151",371994,2025-06-17 02:05:12,42.4003257751465,-8.9210901260376,"Female"
"9004151",371994,2025-06-17 02:10:16,42.399974822998,-8.92207622528076,"Female"
"9004151",371994,2025-06-17 02:15:28,42.4003257751465,-8.92126274108887,"Female"
"9004151",371994,2025-06-17 02:20:20,42.400318145752,-8.92133522033691,"Female"
"9004151",371994,2025-06-17 02:25:25,42.4002838134766,-8.9215145111084,"Female"
"9004151",371994,2025-06-17 02:30:33,42.4003486633301,-8.92107963562012,"Female"
"9004151",371994,2025-06-17 02:35:25,42.3998641967773,-8.92310047149658,"Female"
"9004151",371994,2025-06-17 02:40:31,42.4002265930176,-8.92165374755859,"Female"
"9004151",371994,2025-06-17 02:45:15,42.4005012512207,-8.92139720916748,"Female"
"9004151",371994,2025-06-17 02:50:12,42.4002685546875,-8.92149448394775,"Female"
"9004151",371994,2025-06-17 02:55:13,42.4004364013672,-8.92126083374023,"Female"
"9004151",371994,2025-06-17 03:00:17,42.400333404541,-8.92150497436523,"Female"
"9004151",371994,2025-06-17 03:05:12,42.4002532958984,-8.92156505584717,"Female"
"9004151",371994,2025-06-17 03:10:14,42.4003944396973,-8.92153835296631,"Female"
"9004151",371994,2025-06-17 03:15:16,42.4000701904297,-8.92146492004395,"Female"
"9004151",371994,2025-06-17 03:20:15,42.4003753662109,-8.92116737365723,"Female"
"9004151",371994,2025-06-17 03:25:30,42.4004173278809,-8.92124366760254,"Female"
"9004151",371994,2025-06-17 03:30:13,42.4004058837891,-8.92139053344727,"Female"
"9004151",371994,2025-06-17 03:35:14,42.4004364013672,-8.92128562927246,"Female"
"9004151",371994,2025-06-17 03:40:13,42.4004020690918,-8.9210786819458,"Female"
"9004151",371994,2025-06-17 03:45:13,42.4003486633301,-8.92121601104736,"Female"
"9004151",371994,2025-06-17 03:50:13,42.4003601074219,-8.92130947113037,"Female"
"9004151",371994,2025-06-17 03:55:13,42.4003829956055,-8.92128944396973,"Female"
"9004151",371994,2025-06-17 04:00:13,42.4003486633301,-8.92124557495117,"Female"
"9004151",371994,2025-06-17 04:05:13,42.4003524780273,-8.92122364044189,"Female"
"9004151",371994,2025-06-17 04:10:13,42.4003715515137,-8.92121028900146,"Female"
"9004151",371994,2025-06-17 04:15:13,42.4001770019531,-8.92172622680664,"Female"
"9004151",371994,2025-06-17 04:20:13,42.4001731872559,-8.92183303833008,"Female"
"9004151",371994,2025-06-17 04:25:13,42.3999786376953,-8.92192649841309,"Female"
"9004151",371994,2025-06-17 04:30:22,42.4006156921387,-8.92121505737305,"Female"
"9004151",371994,2025-06-17 04:35:35,42.4000473022461,-8.92185688018799,"Female"
"9004151",371994,2025-06-17 04:40:20,42.400146484375,-8.92170524597168,"Female"
"9004151",371994,2025-06-17 04:45:41,42.3994636535645,-8.92224216461182,"Female"
"9004151",371994,2025-06-17 04:50:13,42.4003944396973,-8.92141056060791,"Female"
"9004151",371994,2025-06-17 04:55:13,42.4003524780273,-8.92139911651611,"Female"
"9004151",371994,2025-06-17 05:00:13,42.4004364013672,-8.92137241363525,"Female"
"9004151",371994,2025-06-17 05:05:13,42.4004554748535,-8.92126846313477,"Female"
"9004151",371994,2025-06-17 05:10:13,42.4005661010742,-8.92118644714355,"Female"
"9004151",371994,2025-06-17 05:15:13,42.4003410339355,-8.92121505737305,"Female"
"9004151",371994,2025-06-17 05:20:13,42.400333404541,-8.9210786819458,"Female"
"9004151",371994,2025-06-17 05:25:13,42.4003448486328,-8.92114067077637,"Female"
"9004151",371994,2025-06-17 05:30:19,42.4004135131836,-8.92076778411865,"Female"
"9004151",371994,2025-06-17 05:35:16,42.4005279541016,-8.92007541656494,"Female"
"9004151",371994,2025-06-17 05:40:34,42.4004554748535,-8.92097091674805,"Female"
"9004151",371994,2025-06-17 05:45:17,42.4004211425781,-8.92115211486816,"Female"
"9004151",371994,2025-06-17 05:50:18,42.4004135131836,-8.9211597442627,"Female"
"9004151",371994,2025-06-17 05:55:29,42.4004325866699,-8.92105579376221,"Female"
"9004151",371994,2025-06-17 06:01:37,42.4004287719727,-8.9210090637207,"Female"
"9004151",371994,2025-06-17 06:05:13,42.4004669189453,-8.92097854614258,"Female"
"9004151",371994,2025-06-17 06:10:12,42.4004249572754,-8.92101573944092,"Female"
"9004151",371994,2025-06-17 06:15:12,42.4004135131836,-8.92106151580811,"Female"
"9004151",371994,2025-06-17 06:20:13,42.4004592895508,-8.92095375061035,"Female"
"9004151",371994,2025-06-17 06:25:14,42.4004402160645,-8.92094135284424,"Female"
"9004151",371994,2025-06-17 06:30:12,42.4003677368164,-8.92107677459717,"Female"
"9004151",371994,2025-06-17 06:35:13,42.4003944396973,-8.92104625701904,"Female"
"9004151",371994,2025-06-17 06:40:12,42.4003982543945,-8.9210205078125,"Female"
"9004151",371994,2025-06-17 06:45:14,42.4013481140137,-8.92169570922852,"Female"
"9004151",371994,2025-06-17 06:50:16,42.4007568359375,-8.92111587524414,"Female"
"9004151",371994,2025-06-17 06:55:16,42.4005851745605,-8.92102336883545,"Female"
"9004151",371994,2025-06-17 07:00:20,42.4004707336426,-8.92101287841797,"Female"
"9004151",371994,2025-06-17 07:05:17,42.4004707336426,-8.92095279693604,"Female"
"9004151",371994,2025-06-17 07:10:15,42.4009666442871,-8.9209566116333,"Female"
"9004151",371994,2025-06-17 07:15:13,42.401065826416,-8.9207763671875,"Female"
"9004151",371994,2025-06-17 07:20:15,42.4009437561035,-8.92086124420166,"Female"
"9004151",371994,2025-06-17 07:25:25,42.4012908935547,-8.92045974731445,"Female"
"9004151",371994,2025-06-17 07:30:25,42.4006881713867,-8.92052173614502,"Female"
"9004151",371994,2025-06-17 07:35:18,42.4005813598633,-8.92069339752197,"Female"
"9004151",371994,2025-06-17 07:40:16,42.400318145752,-8.92137241363525,"Female"
"9004151",371994,2025-06-17 07:45:16,42.4001617431641,-8.9215087890625,"Female"
"9004151",371994,2025-06-17 07:50:16,42.4003753662109,-8.92121315002441,"Female"
"9004151",371994,2025-06-17 07:55:14,42.4002838134766,-8.92128276824951,"Female"
"9004151",371994,2025-06-17 08:00:13,42.4003028869629,-8.92127990722656,"Female"
"9004151",371994,2025-06-17 08:05:13,42.4003715515137,-8.92122554779053,"Female"
"9004151",371994,2025-06-17 08:10:13,42.4013595581055,-8.92077827453613,"Female"
"9004151",371994,2025-06-17 08:15:13,42.4013595581055,-8.92075252532959,"Female"
"9004151",371994,2025-06-17 08:20:13,42.4013595581055,-8.92069435119629,"Female"
"9004151",371994,2025-06-17 08:25:13,42.4013710021973,-8.92068004608154,"Female"
"9004151",371994,2025-06-17 08:30:13,42.4014167785645,-8.92075252532959,"Female"
"9004151",371994,2025-06-17 08:35:13,42.4013900756836,-8.92075252532959,"Female"
"9004151",371994,2025-06-17 08:40:13,42.403751373291,-8.91394424438477,"Female"
"9004151",371994,2025-06-17 08:47:44,42.4087333679199,-8.88907432556152,"Female"
"9004151",371994,2025-06-17 08:52:00,42.4080657958984,-8.88845825195312,"Female"
"9004151",371994,2025-06-17 08:57:00,42.4079437255859,-8.88736248016357,"Female"
"9004151",371994,2025-06-17 09:02:00,42.4078102111816,-8.88594055175781,"Female"
"9004151",371994,2025-06-17 09:07:00,42.4245758056641,-8.8949031829834,"Female"
"9004151",371994,2025-06-17 09:11:59,42.4248886108398,-8.89689350128174,"Female"
"9004151",371994,2025-06-17 09:19:00,42.4259834289551,-8.8982982635498,"Female"
"9004151",371994,2025-06-17 09:24:00,42.4255104064941,-8.89877510070801,"Female"
"9004151",371994,2025-06-17 09:29:00,42.4256362915039,-8.90007305145264,"Female"
"9004151",371994,2025-06-17 09:34:14,42.4380340576172,-8.90484523773193,"Female"
"9004151",371994,2025-06-17 09:39:12,42.4379730224609,-8.90511512756348,"Female"
"9004151",371994,2025-06-17 09:44:35,42.4386291503906,-8.90532779693604,"Female"
"9004151",371994,2025-06-17 09:50:11,42.439769744873,-8.90489292144775,"Female"
"9004151",371994,2025-06-17 09:55:48,42.4406204223633,-8.9059886932373,"Female"
"9004151",371994,2025-06-17 10:00:47,42.4425239562988,-8.90976810455322,"Female"
"9004151",371994,2025-06-17 10:05:48,42.4486961364746,-8.92576026916504,"Female"
"9004151",371994,2025-06-17 10:10:47,42.4487380981445,-8.92578601837158,"Female"
"9004151",371994,2025-06-17 10:15:47,42.4487571716309,-8.92576217651367,"Female"
"9004151",371994,2025-06-17 10:20:47,42.470100402832,-8.94349956512451,"Female"
"9004151",371994,2025-06-17 10:25:47,42.4802017211914,-8.93837642669678,"Female"
"9004151",371994,2025-06-17 10:30:47,42.4945373535156,-8.91660499572754,"Female"
"9004151",371994,2025-06-17 10:35:48,42.5057830810547,-8.89795684814453,"Female"
"9004151",371994,2025-06-17 10:40:48,42.5269584655762,-8.85822868347168,"Female"
"9004151",371994,2025-06-17 10:45:49,42.5317420959473,-8.85207653045654,"Female"
"9004151",371994,2025-06-17 10:50:48,42.5320930480957,-8.85103797912598,"Female"
"9004151",371994,2025-06-17 10:56:05,42.5318908691406,-8.84951400756836,"Female"
"9004151",371994,2025-06-17 11:01:06,42.532844543457,-8.8500919342041,"Female"
"9004151",371994,2025-06-17 11:06:47,42.5334587097168,-8.85005950927734,"Female"
"9004151",371994,2025-06-17 11:11:46,42.5326232910156,-8.85107135772705,"Female"
"9004151",371994,2025-06-17 11:17:04,42.531852722168,-8.85180473327637,"Female"
"9004151",371994,2025-06-17 11:22:07,42.5309028625488,-8.85136318206787,"Female"
"9004151",371994,2025-06-17 11:27:07,42.5304946899414,-8.85040950775146,"Female"
"9004151",371994,2025-06-17 11:32:21,42.5298728942871,-8.85017585754395,"Female"
"9004151",371994,2025-06-17 11:37:46,42.5302085876465,-8.85004711151123,"Female"
"9004151",371994,2025-06-17 11:43:08,42.5302696228027,-8.85053443908691,"Female"
"9004151",371994,2025-06-17 11:48:09,42.5300178527832,-8.85236835479736,"Female"
"9004151",371994,2025-06-17 11:53:07,42.5295028686523,-8.84967708587646,"Female"
"9004151",371994,2025-06-17 11:58:12,42.5262756347656,-8.84780025482178,"Female"
"9004151",371994,2025-06-17 12:03:10,42.5260009765625,-8.84711170196533,"Female"
"9004151",371994,2025-06-17 12:08:32,42.5260162353516,-8.8473424911499,"Female"
"9004151",371994,2025-06-17 12:13:07,42.5260696411133,-8.84744167327881,"Female"
"9004151",371994,2025-06-17 12:18:08,42.5259666442871,-8.84724044799805,"Female"
"9004151",371994,2025-06-17 12:23:08,42.5260200500488,-8.84733200073242,"Female"
"9004151",371994,2025-06-17 12:28:08,42.5259323120117,-8.84704208374023,"Female"
"9004151",371994,2025-06-17 12:33:09,42.5259132385254,-8.84705543518066,"Female"
"9004151",371994,2025-06-17 12:38:09,42.5259437561035,-8.84715747833252,"Female"
"9004151",371994,2025-06-17 12:43:09,42.5259284973145,-8.84708309173584,"Female"
"9004151",371994,2025-06-17 12:48:08,42.5259323120117,-8.84720325469971,"Female"
"9004151",371994,2025-06-17 12:53:08,42.5259170532227,-8.84695339202881,"Female"
"9004151",371994,2025-06-17 12:58:08,42.5259399414062,-8.84652137756348,"Female"
"9004151",371994,2025-06-17 13:03:08,42.5260276794434,-8.84667301177979,"Female"
"9004151",371994,2025-06-17 13:08:31,42.526237487793,-8.84694957733154,"Female"
"9004151",371994,2025-06-17 13:13:07,42.5262641906738,-8.84696865081787,"Female"
"9004151",371994,2025-06-17 13:18:08,42.5262336730957,-8.84688758850098,"Female"
"9004151",371994,2025-06-17 13:23:07,42.5262603759766,-8.84700202941895,"Female"
"9004151",371994,2025-06-17 13:28:06,42.5262222290039,-8.84690284729004,"Female"
"9004151",371994,2025-06-17 13:33:08,42.526237487793,-8.8469705581665,"Female"
"9004151",371994,2025-06-17 13:38:08,42.5262985229492,-8.84692764282227,"Female"
"9004151",371994,2025-06-17 13:43:08,42.5263175964355,-8.84689140319824,"Female"
"9004151",371994,2025-06-17 13:48:06,42.5262756347656,-8.84694385528564,"Female"
"9004151",371994,2025-06-17 13:53:07,42.5262718200684,-8.84699440002441,"Female"
"9004151",371994,2025-06-17 13:58:08,42.5263633728027,-8.84695434570312,"Female"
"9004151",371994,2025-06-17 14:03:08,42.5262451171875,-8.84689998626709,"Female"
"9004151",371994,2025-06-17 14:08:08,42.5262756347656,-8.84692192077637,"Female"
"9004151",371994,2025-06-17 14:13:08,42.5262489318848,-8.84695911407471,"Female"
"9004151",371994,2025-06-17 14:18:08,42.5262641906738,-8.84703636169434,"Female"
"9004151",371994,2025-06-17 14:23:08,42.5268058776855,-8.84734153747559,"Female"
"9004151",371994,2025-06-17 14:28:09,42.529483795166,-8.84927845001221,"Female"
"9004151",371994,2025-06-17 14:33:13,42.5304908752441,-8.84993267059326,"Female"
"9004151",371994,2025-06-17 14:38:12,42.5317573547363,-8.85041332244873,"Female"
"9004151",371994,2025-06-17 14:43:24,42.5326957702637,-8.84932422637939,"Female"
"9004151",371994,2025-06-17 14:48:23,42.5333251953125,-8.84965705871582,"Female"
"9004151",371994,2025-06-17 14:53:24,42.5338668823242,-8.85015392303467,"Female"
"9004151",371994,2025-06-17 14:58:24,42.5343627929688,-8.85061550140381,"Female"
"9004151",371994,2025-06-17 15:03:23,42.534854888916,-8.85055541992188,"Female"
"9004151",371994,2025-06-17 15:08:23,42.5353202819824,-8.84989356994629,"Female"
"9004151",371994,2025-06-17 15:13:39,42.5354919433594,-8.84848594665527,"Female"
"9004151",371994,2025-06-17 15:18:59,42.535228729248,-8.84761524200439,"Female"
"9004151",371994,2025-06-17 15:24:05,42.5355606079102,-8.84699153900146,"Female"
"9004151",371994,2025-06-17 15:29:05,42.5355911254883,-8.85046100616455,"Female"
"9004151",371994,2025-06-17 15:34:20,42.5349540710449,-8.85020637512207,"Female"
"9004151",371994,2025-06-17 15:39:30,42.5342330932617,-8.8499927520752,"Female"
"9004151",371994,2025-06-17 15:44:32,42.5339813232422,-8.84895706176758,"Female"
"9004151",371994,2025-06-17 15:49:34,42.5343971252441,-8.84798622131348,"Female"
"9004151",371994,2025-06-17 15:54:30,42.5261421203613,-8.84712219238281,"Female"
"9004151",371994,2025-06-17 15:59:30,42.5261116027832,-8.84715747833252,"Female"
"9004151",371994,2025-06-17 16:04:30,42.5261039733887,-8.84714412689209,"Female"
"9004151",371994,2025-06-17 16:37:20,42.5180778503418,-8.86513614654541,"Female"
"9004151",371994,2025-06-17 16:42:36,42.5180854797363,-8.86518955230713,"Female"
"9004151",371994,2025-06-17 16:47:11,42.518180847168,-8.86497783660889,"Female"
"9004151",371994,2025-06-17 16:52:11,42.5179595947266,-8.86543369293213,"Female"
"9004151",371994,2025-06-17 16:57:11,42.5178413391113,-8.86517143249512,"Female"
"9004151",371994,2025-06-17 17:02:11,42.5181312561035,-8.86500263214111,"Female"
"9004151",371994,2025-06-17 17:07:10,42.5180931091309,-8.86502933502197,"Female"
"9004151",371994,2025-06-17 17:12:11,42.5178909301758,-8.86533832550049,"Female"
"9004151",371994,2025-06-17 17:17:10,42.5171203613281,-8.86628341674805,"Female"
"9004151",371994,2025-06-17 17:22:11,42.501636505127,-8.90274906158447,"Female"
"9004151",371994,2025-06-17 17:27:10,42.4808006286621,-8.93635559082031,"Female"
"9004151",371994,2025-06-17 17:32:10,42.4807434082031,-8.93638229370117,"Female"
"9004151",371994,2025-06-17 17:37:11,42.480785369873,-8.93639755249023,"Female"
"9004151",371994,2025-06-17 17:42:11,42.4806594848633,-8.93640422821045,"Female"
"9004151",371994,2025-06-17 17:47:11,42.4805603027344,-8.93631649017334,"Female"
"9004151",371994,2025-06-17 17:52:14,42.4795455932617,-8.93340015411377,"Female"
"9004151",371994,2025-06-17 17:57:11,42.4787712097168,-8.93882274627686,"Female"
"9004151",371994,2025-06-17 18:02:13,42.4429740905762,-8.94272708892822,"Female"
"9004151",371994,2025-06-17 18:07:10,42.4417572021484,-8.94301414489746,"Female"
"9004151",371994,2025-06-17 18:12:10,42.4132423400879,-8.92652797698975,"Female"
"9004151",371994,2025-06-17 18:17:14,42.400505065918,-8.92119979858398,"Female"
"9004151",371994,2025-06-17 18:22:11,42.4005928039551,-8.9211311340332,"Female"
"9004151",371994,2025-06-17 18:27:11,42.4005012512207,-8.92123699188232,"Female"
"9004151",371994,2025-06-17 18:32:34,42.4005012512207,-8.92103385925293,"Female"
"9004151",371994,2025-06-17 18:37:10,42.4005851745605,-8.92089748382568,"Female"
"9004151",371994,2025-06-17 18:42:10,42.4006576538086,-8.92101097106934,"Female"
"9004151",371994,2025-06-17 18:47:09,42.4004783630371,-8.92110443115234,"Female"
"9004151",371994,2025-06-17 18:52:10,42.4005699157715,-8.92111301422119,"Female"
"9004151",371994,2025-06-17 18:57:11,42.4005012512207,-8.92108821868896,"Female"
"9004151",371994,2025-06-17 19:02:13,42.4004211425781,-8.92117214202881,"Female"
"9004151",371994,2025-06-17 19:07:10,42.4006309509277,-8.92110919952393,"Female"
"9004151",371994,2025-06-17 19:12:10,42.400821685791,-8.92173767089844,"Female"
"9004151",371994,2025-06-17 19:17:11,42.400333404541,-8.9208345413208,"Female"
"9004151",371994,2025-06-17 19:22:13,42.4004554748535,-8.9207592010498,"Female"
"9004151",371994,2025-06-17 19:27:21,42.4003944396973,-8.92109680175781,"Female"
"9004151",371994,2025-06-17 19:32:16,42.4004287719727,-8.92094612121582,"Female"
"9004151",371994,2025-06-17 19:37:12,42.4004745483398,-8.92113304138184,"Female"
"9004151",371994,2025-06-17 19:42:12,42.4005470275879,-8.92106056213379,"Female"
"9004151",371994,2025-06-17 19:47:19,42.4005508422852,-8.92090225219727,"Female"
"9004151",371994,2025-06-17 19:52:13,42.4003677368164,-8.92117786407471,"Female"
"9004151",371994,2025-06-17 19:57:17,42.400390625,-8.92107486724854,"Female"
"9004151",371994,2025-06-17 20:02:17,42.4003829956055,-8.92109394073486,"Female"
"9004151",371994,2025-06-17 20:07:24,42.4003982543945,-8.92110157012939,"Female"
"9004151",371994,2025-06-17 20:12:38,42.4003868103027,-8.92113590240479,"Female"
"9004151",371994,2025-06-17 20:17:21,42.4003410339355,-8.92124652862549,"Female"
"9004151",371994,2025-06-17 20:22:13,42.4003295898438,-8.92103290557861,"Female"
"9004151",371994,2025-06-17 20:27:22,42.4005241394043,-8.92099189758301,"Female"
"9004151",371994,2025-06-17 20:32:27,42.4006805419922,-8.92076873779297,"Female"
"9004151",371994,2025-06-17 20:37:10,42.400390625,-8.92102241516113,"Female"
"9004151",371994,2025-06-17 20:42:10,42.4003791809082,-8.92100524902344,"Female"
"9004151",371994,2025-06-17 20:47:10,42.4003524780273,-8.92102527618408,"Female"
"9004151",371994,2025-06-17 20:52:11,42.400390625,-8.92111301422119,"Female"
"9004151",371994,2025-06-17 20:57:20,42.4004364013672,-8.92111682891846,"Female"
"9004151",371994,2025-06-17 21:02:14,42.4004058837891,-8.9210844039917,"Female"
"9004151",371994,2025-06-17 21:07:16,42.4003944396973,-8.9210958480835,"Female"
"9004151",371994,2025-06-17 21:12:16,42.4004325866699,-8.92111396789551,"Female"
"9004151",371994,2025-06-17 21:17:22,42.4003715515137,-8.92110061645508,"Female"
"9004151",371994,2025-06-17 21:22:15,42.4003753662109,-8.9210901260376,"Female"
"9004151",371994,2025-06-17 21:27:23,42.4003791809082,-8.921142578125,"Female"
"9004151",371994,2025-06-17 21:32:36,42.4002952575684,-8.92110347747803,"Female"
"9004151",371994,2025-06-17 21:37:18,42.4006843566895,-8.92098617553711,"Female"
"9004151",371994,2025-06-17 21:42:16,42.4002838134766,-8.92104911804199,"Female"
"9004151",371994,2025-06-17 21:47:18,42.4001617431641,-8.9208812713623,"Female"
"9004151",371994,2025-06-17 21:52:30,42.4004745483398,-8.92152404785156,"Female"
"9004151",371994,2025-06-17 21:57:22,42.3993911743164,-8.92068099975586,"Female"
"9004151",371994,2025-06-17 22:02:44,42.3995475769043,-8.92071723937988,"Female"
"9004151",371994,2025-06-17 22:07:23,42.3995094299316,-8.92045307159424,"Female"
"9004151",371994,2025-06-17 22:12:19,42.3994216918945,-8.92018413543701,"Female"
"9004151",371994,2025-06-17 22:17:24,42.399528503418,-8.92183971405029,"Female"
"9004151",371994,2025-06-17 22:22:21,42.399284362793,-8.92080307006836,"Female"
"9004151",371994,2025-06-17 22:27:28,42.3997077941895,-8.92315292358398,"Female"
"9004151",371994,2025-06-17 22:32:28,42.4002914428711,-8.92098236083984,"Female"
"9004151",371994,2025-06-17 22:37:19,42.4002990722656,-8.9209623336792,"Female"
"9004151",371994,2025-06-17 22:42:18,42.400260925293,-8.92118549346924,"Female"
"9004151",371994,2025-06-17 22:47:36,42.4001998901367,-8.92140197753906,"Female"
"9004151",371994,2025-06-17 22:52:35,42.4004096984863,-8.92122459411621,"Female"
"9004151",371994,2025-06-17 22:57:09,42.4003715515137,-8.92121315002441,"Female"
"9004151",371994,2025-06-17 23:02:09,42.4004135131836,-8.92111587524414,"Female"
"9004151",371994,2025-06-17 23:07:09,42.4003295898438,-8.92111587524414,"Female"
"9004151",371994,2025-06-17 23:12:09,42.4004020690918,-8.92114734649658,"Female"
"9004151",371994,2025-06-17 23:17:09,42.400333404541,-8.92130374908447,"Female"
"9004151",371994,2025-06-17 23:22:09,42.400447845459,-8.92096424102783,"Female"
"9004151",371994,2025-06-17 23:27:10,42.400390625,-8.92105007171631,"Female"
"9004151",371994,2025-06-17 23:32:12,42.4003982543945,-8.92118453979492,"Female"
"9004151",371994,2025-06-17 23:37:09,42.4003257751465,-8.92106437683105,"Female"
"9004151",371994,2025-06-17 23:42:09,42.4004096984863,-8.92122173309326,"Female"
"9004151",371994,2025-06-17 23:47:09,42.4003601074219,-8.92117691040039,"Female"
"9004151",371994,2025-06-17 23:52:10,42.4002113342285,-8.92111206054688,"Female"
"9004151",371994,2025-06-17 23:57:10,42.4003791809082,-8.92096328735352,"Female"
"9004151",371994,2025-06-18 00:02:09,42.4004135131836,-8.92107486724854,"Female"
"9004151",371994,2025-06-18 00:07:10,42.4004440307617,-8.92117786407471,"Female"
"9004151",371994,2025-06-18 00:12:09,42.4004096984863,-8.92104625701904,"Female"
"9004151",371994,2025-06-18 00:17:10,42.4004020690918,-8.92066669464111,"Female"
"9004151",371994,2025-06-18 00:22:09,42.4003868103027,-8.92104530334473,"Female"
"9004151",371994,2025-06-18 00:27:09,42.4003982543945,-8.9211893081665,"Female"
"9004151",371994,2025-06-18 00:32:12,42.4003601074219,-8.92069911956787,"Female"
"9004151",371994,2025-06-18 00:37:12,42.4003791809082,-8.92108249664307,"Female"
"9004151",371994,2025-06-18 00:42:11,42.400390625,-8.92097282409668,"Female"
"9004151",371994,2025-06-18 00:47:20,42.400505065918,-8.92089176177979,"Female"
"9004151",371994,2025-06-18 00:52:13,42.4003448486328,-8.92094612121582,"Female"
"9004151",371994,2025-06-18 00:57:12,42.4002075195312,-8.92098903656006,"Female"
"9004151",371994,2025-06-18 01:02:12,42.4001617431641,-8.92104339599609,"Female"
"9004151",371994,2025-06-18 01:07:30,42.399471282959,-8.92168807983398,"Female"
"9004151",371994,2025-06-18 01:12:35,42.4004440307617,-8.9209508895874,"Female"
"9004151",371994,2025-06-18 01:17:10,42.4004249572754,-8.92103576660156,"Female"
"9004151",371994,2025-06-18 01:22:09,42.4004173278809,-8.92101001739502,"Female"
"9004151",371994,2025-06-18 01:27:09,42.4003410339355,-8.92103099822998,"Female"
"9004151",371994,2025-06-18 01:32:16,42.4004096984863,-8.92092800140381,"Female"
"9004151",371994,2025-06-18 01:37:09,42.4004364013672,-8.92109680175781,"Female"
"9004151",371994,2025-06-18 01:42:09,42.4004516601562,-8.92090702056885,"Female"
"9004151",371994,2025-06-18 01:47:09,42.4004898071289,-8.92087554931641,"Female"
"9004151",371994,2025-06-18 01:52:11,42.4004974365234,-8.92098808288574,"Female"
"9004151",371994,2025-06-18 01:57:09,42.4004554748535,-8.92092800140381,"Female"
"9004151",371994,2025-06-18 02:02:10,42.4005012512207,-8.92096138000488,"Female"
"9004151",371994,2025-06-18 02:07:19,42.4003715515137,-8.92116260528564,"Female"
"9004151",371994,2025-06-18 02:12:15,42.400318145752,-8.92122077941895,"Female"
"9004151",371994,2025-06-18 02:17:44,42.4005432128906,-8.92098903656006,"Female"
"9004151",371994,2025-06-18 02:22:09,42.4005241394043,-8.92092227935791,"Female"
"9004151",371994,2025-06-18 02:27:09,42.4005508422852,-8.92072105407715,"Female"
"9004151",371994,2025-06-18 02:32:09,42.4004402160645,-8.92093563079834,"Female"
"9004151",371994,2025-06-18 02:37:09,42.4004173278809,-8.92090225219727,"Female"
"9004151",371994,2025-06-18 02:42:13,42.3998603820801,-8.92047214508057,"Female"
"9004151",371994,2025-06-18 02:47:09,42.4003410339355,-8.92110252380371,"Female"
"9004151",371994,2025-06-18 02:52:09,42.4003715515137,-8.92105388641357,"Female"
"9004151",371994,2025-06-18 02:57:09,42.4004554748535,-8.92119312286377,"Female"
"9004151",371994,2025-06-18 03:02:09,42.4004135131836,-8.92105007171631,"Female"
"9004151",371994,2025-06-18 03:07:09,42.4005317687988,-8.92098140716553,"Female"
"9004151",371994,2025-06-18 03:12:09,42.4005317687988,-8.92095947265625,"Female"
"9004151",371994,2025-06-18 03:17:09,42.4004554748535,-8.92104721069336,"Female"
"9004151",371994,2025-06-18 03:22:10,42.4005470275879,-8.92106246948242,"Female"
"9004151",371994,2025-06-18 03:27:09,42.4005470275879,-8.92083740234375,"Female"
"9004151",371994,2025-06-18 03:32:25,42.4004211425781,-8.9210844039917,"Female"
"9004151",371994,2025-06-18 03:37:13,42.4004554748535,-8.92101764678955,"Female"
"9004151",371994,2025-06-18 03:42:44,42.4004669189453,-8.92097187042236,"Female"
"9004151",371994,2025-06-18 03:47:09,42.4006042480469,-8.92082023620605,"Female"
"9004151",371994,2025-06-18 03:52:09,42.4004173278809,-8.92097568511963,"Female"
"9004151",371994,2025-06-18 03:57:09,42.4005432128906,-8.92077922821045,"Female"
"9004151",371994,2025-06-18 04:02:10,42.4005279541016,-8.92086887359619,"Female"
"9004151",371994,2025-06-18 04:07:11,42.4004669189453,-8.92086791992188,"Female"
"9004151",371994,2025-06-18 04:12:13,42.400562286377,-8.9209041595459,"Female"
"9004151",371994,2025-06-18 04:17:11,42.4005889892578,-8.92095184326172,"Female"
"9004151",371994,2025-06-18 04:22:17,42.4003410339355,-8.92088222503662,"Female"
"9004151",371994,2025-06-18 04:27:20,42.4005126953125,-8.92141723632812,"Female"
"9004151",371994,2025-06-18 04:32:44,42.4005012512207,-8.92076396942139,"Female"
"9004151",371994,2025-06-18 04:37:24,42.4004364013672,-8.92088508605957,"Female"
"9004151",371994,2025-06-18 04:42:23,42.4004859924316,-8.92085456848145,"Female"
"9004151",371994,2025-06-18 04:47:56,42.4003715515137,-8.92101001739502,"Female"
"9004151",371994,2025-06-18 04:52:12,42.400276184082,-8.92112636566162,"Female"
"9004151",371994,2025-06-18 04:57:13,42.4002342224121,-8.92113876342773,"Female"
"9004151",371994,2025-06-18 05:02:17,42.4000473022461,-8.92129993438721,"Female"
"9004151",371994,2025-06-18 05:07:15,42.3994903564453,-8.92188453674316,"Female"
"9004151",371994,2025-06-18 05:12:12,42.4000663757324,-8.92112636566162,"Female"
"9004151",371994,2025-06-18 05:17:11,42.3993530273438,-8.92180061340332,"Female"
"9004151",371994,2025-06-18 05:22:16,42.400707244873,-8.92098426818848,"Female"
"9004151",371994,2025-06-18 05:27:18,42.4005813598633,-8.92122459411621,"Female"
"9004151",371994,2025-06-18 05:32:41,42.4004859924316,-8.92102813720703,"Female"
"9004151",371994,2025-06-18 05:37:13,42.4004249572754,-8.92101573944092,"Female"
"9004151",371994,2025-06-18 05:42:12,42.4004592895508,-8.9209041595459,"Female"
"9004151",371994,2025-06-18 05:47:26,42.4004516601562,-8.92116928100586,"Female"
"9004151",371994,2025-06-18 05:52:25,42.4004516601562,-8.92102813720703,"Female"
"9004151",371994,2025-06-18 05:57:16,42.4004287719727,-8.92097568511963,"Female"
"9004151",371994,2025-06-18 06:02:15,42.4004020690918,-8.92092609405518,"Female"
"9004151",371994,2025-06-18 06:07:15,42.4003868103027,-8.92097663879395,"Female"
"9004151",371994,2025-06-18 06:12:58,42.4004058837891,-8.92094802856445,"Female"
"9004151",371994,2025-06-18 06:17:12,42.4004821777344,-8.92089462280273,"Female"
"9004151",371994,2025-06-18 06:22:47,42.400390625,-8.92098331451416,"Female"
"9004151",371994,2025-06-18 06:27:09,42.4003715515137,-8.92112255096436,"Female"
"9004151",371994,2025-06-18 06:32:09,42.4002685546875,-8.92088794708252,"Female"
"9004151",371994,2025-06-18 06:37:10,42.4005470275879,-8.92093086242676,"Female"
"9004151",371994,2025-06-18 06:42:11,42.4017295837402,-8.92199897766113,"Female"
"9004151",371994,2025-06-18 06:47:18,42.400634765625,-8.92092895507812,"Female"
"9004151",371994,2025-06-18 06:52:15,42.4007339477539,-8.92097949981689,"Female"
"9004151",371994,2025-06-18 06:57:15,42.3999443054199,-8.91999530792236,"Female"
"9004151",371994,2025-06-18 07:02:17,42.4008636474609,-8.92074012756348,"Female"
"9004151",371994,2025-06-18 07:07:13,42.4010238647461,-8.92056655883789,"Female"
"9004151",371994,2025-06-18 07:12:15,42.4011077880859,-8.92038536071777,"Female"
"9004151",371994,2025-06-18 07:17:11,42.3988075256348,-8.91965579986572,"Female"
"9004151",371994,2025-06-18 07:22:10,42.3971176147461,-8.91152286529541,"Female"
"9004151",371994,2025-06-18 07:27:10,42.3970947265625,-8.91100692749023,"Female"
"9004151",371994,2025-06-18 07:32:10,42.3976135253906,-8.91153144836426,"Female"
"9004151",371994,2025-06-18 07:37:10,42.3981246948242,-8.91189956665039,"Female"
"9004151",371994,2025-06-18 07:42:10,42.397388458252,-8.91120052337646,"Female"
"9004151",371994,2025-06-18 07:47:10,42.4202537536621,-8.91295337677002,"Female"
"9004151",371994,2025-06-18 07:52:10,42.4378776550293,-8.90278339385986,"Female"
"9004151",371994,2025-06-18 07:57:42,42.4389419555664,-8.90194511413574,"Female"
"9004151",371994,2025-06-18 08:02:42,42.4393463134766,-8.90172576904297,"Female"
"9004151",371994,2025-06-18 08:07:42,42.4398040771484,-8.90158557891846,"Female"
"9004151",371994,2025-06-18 08:12:42,42.440845489502,-8.90644550323486,"Female"
"9004151",371994,2025-06-18 08:17:42,42.4404792785645,-8.90716552734375,"Female"
"9004151",371994,2025-06-18 08:22:42,42.4405632019043,-8.90796279907227,"Female"
"9004151",371994,2025-06-18 08:27:42,42.4622230529785,-8.94295692443848,"Female"
"9004151",371994,2025-06-18 08:32:42,42.4969367980957,-8.90760612487793,"Female"
"9004151",371994,2025-06-18 08:37:42,42.5105628967285,-8.88193988800049,"Female"
"9004151",371994,2025-06-18 08:42:42,42.510612487793,-8.88140201568604,"Female"
"9004151",371994,2025-06-18 08:47:42,42.5157089233398,-8.87363243103027,"Female"
"9004151",371994,2025-06-18 08:53:06,42.531192779541,-8.85169410705566,"Female"
"9004151",371994,2025-06-18 08:58:06,42.5311660766602,-8.8505687713623,"Female"
"9004151",371994,2025-06-18 09:03:07,42.5319595336914,-8.84972095489502,"Female"
"9004151",371994,2025-06-18 09:08:43,42.5330505371094,-8.84918212890625,"Female"
"9004151",371994,2025-06-18 09:13:48,42.5342407226562,-8.84828281402588,"Female"
"9004151",371994,2025-06-18 09:19:34,42.5349159240723,-8.8491678237915,"Female"
"9004151",371994,2025-06-18 09:25:05,42.5355339050293,-8.84991931915283,"Female"
"9004151",371994,2025-06-18 09:30:32,42.5345268249512,-8.85102653503418,"Female"
"9004151",371994,2025-06-18 09:35:52,42.5352172851562,-8.84899520874023,"Female"
"9004151",371994,2025-06-18 09:40:52,42.5354080200195,-8.84737205505371,"Female"
"9004151",371994,2025-06-18 09:46:35,42.5359344482422,-8.84807395935059,"Female"
"9004151",371994,2025-06-18 09:51:45,42.5352096557617,-8.8488130569458,"Female"
"9004151",371994,2025-06-18 09:56:55,42.5349273681641,-8.84921741485596,"Female"
"9004151",371994,2025-06-18 10:01:55,42.535026550293,-8.85026550292969,"Female"
"9004151",371994,2025-06-18 10:06:55,42.5342254638672,-8.84923934936523,"Female"
"9004151",371994,2025-06-18 10:12:18,42.534839630127,-8.84851837158203,"Female"
"9004151",371994,2025-06-18 10:17:42,42.5357208251953,-8.8486442565918,"Female"
"9004151",371994,2025-06-18 10:22:49,42.5361671447754,-8.84891319274902,"Female"
"9004151",371994,2025-06-18 10:28:04,42.5352096557617,-8.84844017028809,"Female"
"9004151",371994,2025-06-18 10:33:25,42.5347175598145,-8.85007286071777,"Female"
"9004151",371994,2025-06-18 10:38:25,42.5344276428223,-8.85091114044189,"Female"
"9004151",371994,2025-06-18 10:43:26,42.5264663696289,-8.84685134887695,"Female"
"9004151",371994,2025-06-18 10:48:26,42.5265235900879,-8.84688186645508,"Female"
"9004151",371994,2025-06-18 10:53:26,42.5264854431152,-8.8468189239502,"Female"
"9004151",371994,2025-06-18 10:58:26,42.5265464782715,-8.84683609008789,"Female"
"9004151",371994,2025-06-18 11:03:26,42.5265426635742,-8.84673500061035,"Female"
"9004151",371994,2025-06-18 11:08:25,42.5265464782715,-8.84676170349121,"Female"
"9004151",371994,2025-06-18 11:13:25,42.5265617370605,-8.84673500061035,"Female"
"9004151",371994,2025-06-18 11:18:26,42.5265235900879,-8.84670448303223,"Female"
"9004151",371994,2025-06-18 11:23:25,42.5265159606934,-8.84665203094482,"Female"
"9004151",371994,2025-06-18 11:28:25,42.5265693664551,-8.84669017791748,"Female"
"9004151",371994,2025-06-18 11:33:26,42.526538848877,-8.8467435836792,"Female"
"9004151",371994,2025-06-18 11:38:26,42.5265274047852,-8.84660148620605,"Female"
"9004151",371994,2025-06-18 11:43:24,42.5265884399414,-8.84665203094482,"Female"
"9004151",371994,2025-06-18 11:48:24,42.5266609191895,-8.8467903137207,"Female"
"9004151",371994,2025-06-18 11:53:25,42.526611328125,-8.8466682434082,"Female"
"9004151",371994,2025-06-18 11:58:25,42.5266876220703,-8.84663963317871,"Female"
"9004151",371994,2025-06-18 12:03:25,42.5265655517578,-8.84684658050537,"Female"
"9004151",371994,2025-06-18 12:08:29,42.5264892578125,-8.84685802459717,"Female"
"9004151",371994,2025-06-18 12:13:25,42.526538848877,-8.84672451019287,"Female"
"9004151",371994,2025-06-18 12:18:25,42.5265197753906,-8.84675312042236,"Female"
"9004151",371994,2025-06-18 12:23:25,42.5263786315918,-8.84680557250977,"Female"
"9004151",371994,2025-06-18 12:28:25,42.526496887207,-8.84682750701904,"Female"
"9004151",371994,2025-06-18 12:33:24,42.5264434814453,-8.84682083129883,"Female"
"9004151",371994,2025-06-18 12:38:24,42.526481628418,-8.84683513641357,"Female"
"9004151",371994,2025-06-18 12:43:24,42.5266532897949,-8.84666633605957,"Female"
"9004151",371994,2025-06-18 12:48:24,42.5267295837402,-8.84665870666504,"Female"
"9004151",371994,2025-06-18 12:53:24,42.5266227722168,-8.84680843353271,"Female"
"9004151",371994,2025-06-18 12:58:24,42.5266456604004,-8.84665966033936,"Female"
"9004151",371994,2025-06-18 13:03:24,42.5266036987305,-8.8467435836792,"Female"
"9004151",371994,2025-06-18 13:08:24,42.5264129638672,-8.84686183929443,"Female"
"9004151",371994,2025-06-18 13:13:24,42.5266418457031,-8.8467903137207,"Female"
"9004151",371994,2025-06-18 13:18:24,42.5264434814453,-8.84671401977539,"Female"
"9004151",371994,2025-06-18 13:23:24,42.5265502929688,-8.84692478179932,"Female"
"9004151",371994,2025-06-18 13:28:24,42.5264205932617,-8.84679126739502,"Female"
"9004151",371994,2025-06-18 13:33:24,42.5265693664551,-8.84692859649658,"Female"
"9004151",371994,2025-06-18 13:38:24,42.5264205932617,-8.84679222106934,"Female"
"9004151",371994,2025-06-18 13:43:24,42.5263786315918,-8.84681129455566,"Female"
"9004151",371994,2025-06-18 13:48:24,42.5264091491699,-8.8467845916748,"Female"
"9004151",371994,2025-06-18 13:53:24,42.5263824462891,-8.84679698944092,"Female"
"9004151",371994,2025-06-18 13:58:24,42.5264205932617,-8.84682655334473,"Female"
"9004151",371994,2025-06-18 14:03:24,42.5263252258301,-8.84674549102783,"Female"
"9004151",371994,2025-06-18 14:08:24,42.5264205932617,-8.8468074798584,"Female"
"9004151",371994,2025-06-18 14:13:24,42.5264320373535,-8.84684658050537,"Female"
"9004151",371994,2025-06-18 14:18:24,42.5263175964355,-8.84695529937744,"Female"
"9004151",371994,2025-06-18 14:23:24,42.526439666748,-8.84688854217529,"Female"
"9004151",371994,2025-06-18 14:28:24,42.5263633728027,-8.84692478179932,"Female"
"9004151",371994,2025-06-18 14:33:25,42.5263633728027,-8.84696483612061,"Female"
"9004151",371994,2025-06-18 14:38:24,42.5263824462891,-8.84698009490967,"Female"
"9004151",371994,2025-06-18 14:43:24,42.5263633728027,-8.84700202941895,"Female"
"9004151",371994,2025-06-18 14:48:24,42.5264167785645,-8.84717178344727,"Female"
"9004151",371994,2025-06-18 14:53:24,42.5263442993164,-8.84706783294678,"Female"
"9004151",371994,2025-06-18 14:58:24,42.5263175964355,-8.84712505340576,"Female"
"9004151",371994,2025-06-18 15:03:24,42.5263862609863,-8.84724712371826,"Female"
"9004151",371994,2025-06-18 15:08:24,42.5264549255371,-8.84740447998047,"Female"
"9004151",371994,2025-06-18 15:13:24,42.5262832641602,-8.84719371795654,"Female"
"9004151",371994,2025-06-18 15:18:24,42.5262069702148,-8.84720897674561,"Female"
"9004151",371994,2025-06-18 15:23:24,42.5260887145996,-8.8471622467041,"Female"
"9004151",371994,2025-06-18 15:28:59,42.5312690734863,-8.85165119171143,"Female"
"9004151",371994,2025-06-18 15:34:23,42.5321159362793,-8.85071754455566,"Female"
"9004151",371994,2025-06-18 15:39:33,42.5328407287598,-8.8514289855957,"Female"
"9004151",371994,2025-06-18 15:44:32,42.5332946777344,-8.85041522979736,"Female"
"9004151",371994,2025-06-18 15:49:32,42.5334396362305,-8.8494234085083,"Female"
"9004151",371994,2025-06-18 15:54:32,42.5330924987793,-8.84887981414795,"Female"
"9004151",371994,2025-06-18 15:59:37,42.5332679748535,-8.84963893890381,"Female"
"9004151",371994,2025-06-18 16:04:32,42.5336837768555,-8.84990978240967,"Female"
"9004151",371994,2025-06-18 16:09:35,42.5340805053711,-8.84947967529297,"Female"
"9004151",371994,2025-06-18 16:14:35,42.5346412658691,-8.84927845001221,"Female"
"9004151",371994,2025-06-18 16:19:32,42.535400390625,-8.84870719909668,"Female"
"9004151",371994,2025-06-18 16:24:32,42.5358200073242,-8.84781265258789,"Female"
"9004151",371994,2025-06-18 16:30:01,42.5364608764648,-8.84913444519043,"Female"
"9004151",371994,2025-06-18 16:35:01,42.5358390808105,-8.84921073913574,"Female"
"9004151",371994,2025-06-18 16:40:27,42.535831451416,-8.84996032714844,"Female"
"9004151",371994,2025-06-18 16:45:41,42.5353469848633,-8.85007190704346,"Female"
"9004151",371994,2025-06-18 16:50:48,42.5355682373047,-8.84948348999023,"Female"
"9004151",371994,2025-06-18 16:56:14,42.5356750488281,-8.84860610961914,"Female"
"9004151",371994,2025-06-18 17:01:12,42.5355644226074,-8.84913063049316,"Female"
"9004151",371994,2025-06-18 17:06:13,42.5348587036133,-8.84964656829834,"Female"
"9004151",371994,2025-06-18 17:11:13,42.5347290039062,-8.84890079498291,"Female"
"9004151",371994,2025-06-18 17:16:21,42.5349235534668,-8.84928798675537,"Female"
"9004151",371994,2025-06-18 17:21:22,42.534294128418,-8.85000419616699,"Female"
"9004151",371994,2025-06-18 17:26:57,42.5340270996094,-8.84707260131836,"Female"
"9004151",371994,2025-06-18 17:31:57,42.5359115600586,-8.84948825836182,"Female"
"9004151",371994,2025-06-18 17:37:38,42.5357246398926,-8.84947395324707,"Female"
"9004151",371994,2025-06-18 17:43:00,42.5345497131348,-8.84973907470703,"Female"
"9004151",371994,2025-06-18 17:47:59,42.5338554382324,-8.84998989105225,"Female"
"9004151",371994,2025-06-18 17:52:59,42.5264167785645,-8.8471794128418,"Female"
"9004151",371994,2025-06-18 17:57:59,42.5262641906738,-8.84682464599609,"Female"
"9004151",371994,2025-06-18 18:02:59,42.526611328125,-8.84729290008545,"Female"
"9004151",371994,2025-06-18 18:07:59,42.5262718200684,-8.84686756134033,"Female"
"9004151",371994,2025-06-18 18:12:59,42.5265731811523,-8.84723663330078,"Female"
"9004151",371994,2025-06-18 18:17:59,42.5265655517578,-8.84720611572266,"Female"
"9004151",371994,2025-06-18 18:26:07,42.5263442993164,-8.84696865081787,"Female"
"9004151",371994,2025-06-18 18:31:06,42.5217018127441,-8.85357284545898,"Female"
"9004151",371994,2025-06-18 18:36:06,42.4979362487793,-8.89201068878174,"Female"
"9004151",371994,2025-06-18 18:41:06,42.4810676574707,-8.93408966064453,"Female"
"9004151",371994,2025-06-18 18:46:06,42.4485511779785,-8.9417142868042,"Female"
"9004151",371994,2025-06-18 18:51:08,42.4355163574219,-8.93486213684082,"Female"
"9004151",371994,2025-06-18 18:56:06,42.4343910217285,-8.93466377258301,"Female"
"9004151",371994,2025-06-18 19:01:06,42.432788848877,-8.93384170532227,"Female"
"9004151",371994,2025-06-18 19:06:06,42.4313087463379,-8.93411922454834,"Female"
"9004151",371994,2025-06-18 19:11:06,42.4006271362305,-8.92078304290771,"Female"
"9004151",371994,2025-06-18 19:16:09,42.4006309509277,-8.92047882080078,"Female"
"9004151",371994,2025-06-18 19:21:10,42.4001731872559,-8.9199047088623,"Female"
"9004151",371994,2025-06-18 19:26:07,42.400089263916,-8.92032718658447,"Female"
"9004151",371994,2025-06-18 19:31:07,42.3998718261719,-8.91998100280762,"Female"
"9004151",371994,2025-06-18 19:36:08,42.4000701904297,-8.92007350921631,"Female"
"9004151",371994,2025-06-18 19:41:09,42.399845123291,-8.9196949005127,"Female"
"9004151",371994,2025-06-18 19:46:48,42.4001235961914,-8.92163276672363,"Female"
"9004151",371994,2025-06-18 19:51:45,42.3999328613281,-8.92191982269287,"Female"
"9004151",371994,2025-06-18 19:56:46,42.3996276855469,-8.922194480896,"Female"
"9004151",371994,2025-06-18 20:01:40,42.3997840881348,-8.92182540893555,"Female"
"9004151",371994,2025-06-18 20:06:46,42.399959564209,-8.92169189453125,"Female"
"9004151",371994,2025-06-18 20:11:40,42.4003601074219,-8.92152786254883,"Female"
"9004151",371994,2025-06-18 20:16:41,42.4000587463379,-8.92132091522217,"Female"
"9004151",371994,2025-06-18 20:21:40,42.4003219604492,-8.92147350311279,"Female"
"9004151",371994,2025-06-18 20:26:41,42.4004058837891,-8.92148113250732,"Female"
"9004151",371994,2025-06-18 20:31:42,42.4002227783203,-8.92139434814453,"Female"
"9004151",371994,2025-06-18 20:36:40,42.4003715515137,-8.92146778106689,"Female"
"9004151",371994,2025-06-18 20:41:40,42.4003486633301,-8.92140197753906,"Female"
"9004151",371994,2025-06-18 20:46:40,42.4001159667969,-8.92114639282227,"Female"
"9004151",371994,2025-06-18 20:51:40,42.3999366760254,-8.92124080657959,"Female"
"9004151",371994,2025-06-18 20:56:40,42.4001197814941,-8.9212121963501,"Female"
"9004151",371994,2025-06-18 21:01:40,42.4001197814941,-8.92109680175781,"Female"
"9004151",371994,2025-06-18 21:06:40,42.4000396728516,-8.9210844039917,"Female"
"9004151",371994,2025-06-18 21:11:41,42.3999824523926,-8.92104721069336,"Female"
"9004151",371994,2025-06-18 21:16:40,42.3999290466309,-8.92107486724854,"Female"
"9004151",371994,2025-06-18 21:21:41,42.3999176025391,-8.92115020751953,"Female"
"9004151",371994,2025-06-18 21:26:40,42.3999214172363,-8.92110347747803,"Female"
"9004151",371994,2025-06-18 21:31:41,42.3998565673828,-8.92117881774902,"Female"
"9004151",371994,2025-06-18 21:36:41,42.3998222351074,-8.9213342666626,"Female"
"9004151",371994,2025-06-18 21:41:41,42.3998680114746,-8.92111968994141,"Female"
"9004151",371994,2025-06-18 21:46:40,42.3998870849609,-8.92114353179932,"Female"
"9004151",371994,2025-06-18 21:51:41,42.3998908996582,-8.92113780975342,"Female"
"9004151",371994,2025-06-18 21:56:41,42.3998374938965,-8.92109107971191,"Female"
"9004151",371994,2025-06-18 22:01:41,42.3999366760254,-8.92106819152832,"Female"
"9004151",371994,2025-06-18 22:06:41,42.4001274108887,-8.92093753814697,"Female"
"9004151",371994,2025-06-18 22:11:43,42.3999633789062,-8.92173767089844,"Female"
"9004151",371994,2025-06-18 22:16:43,42.4000625610352,-8.92133617401123,"Female"
"9004151",371994,2025-06-18 22:21:41,42.4000968933105,-8.92146587371826,"Female"
"9004151",371994,2025-06-18 22:26:41,42.4001350402832,-8.9217586517334,"Female"
"9004151",371994,2025-06-18 22:31:42,42.4001388549805,-8.92148780822754,"Female"
"9004151",371994,2025-06-18 22:36:42,42.4000701904297,-8.92148399353027,"Female"
"9004151",371994,2025-06-18 22:41:49,42.4001731872559,-8.92109298706055,"Female"
"9004151",371994,2025-06-18 22:46:42,42.4004936218262,-8.92074775695801,"Female"
"9004151",371994,2025-06-18 22:51:45,42.400691986084,-8.92089653015137,"Female"
"9004151",371994,2025-06-18 22:56:41,42.4007949829102,-8.92044925689697,"Female"
"9004151",371994,2025-06-18 23:01:41,42.400707244873,-8.92071628570557,"Female"
"9004151",371994,2025-06-18 23:06:41,42.4005432128906,-8.92107582092285,"Female"
"9004151",371994,2025-06-18 23:11:40,42.4005699157715,-8.92106056213379,"Female"
"9004151",371994,2025-06-18 23:16:41,42.4004020690918,-8.92137241363525,"Female"
"9004151",371994,2025-06-18 23:21:41,42.400390625,-8.92131328582764,"Female"
"9004151",371994,2025-06-18 23:26:41,42.4004249572754,-8.92136859893799,"Female"
"9004151",371994,2025-06-18 23:31:42,42.4004898071289,-8.92137336730957,"Female"
"9004151",371994,2025-06-18 23:36:41,42.4003715515137,-8.92149257659912,"Female"
"9004151",371994,2025-06-18 23:41:41,42.4003410339355,-8.92169952392578,"Female"
"9004151",371994,2025-06-18 23:46:42,42.4004020690918,-8.92145442962646,"Female"
"9004151",371994,2025-06-18 23:51:41,42.4003524780273,-8.92153835296631,"Female"
"9004151",371994,2025-06-18 23:56:42,42.4001960754395,-8.92174243927002,"Female"
"9004151",371994,2025-06-19 00:01:40,42.4004058837891,-8.92146301269531,"Female"
"9004151",371994,2025-06-19 00:06:40,42.4004898071289,-8.92144203186035,"Female"
"9004151",371994,2025-06-19 00:11:40,42.4003677368164,-8.92160415649414,"Female"
"9004151",371994,2025-06-19 00:16:40,42.4004173278809,-8.92160129547119,"Female"
"9004151",371994,2025-06-19 00:21:40,42.4004287719727,-8.92155361175537,"Female"
"9004151",371994,2025-06-19 00:26:40,42.4003791809082,-8.92151927947998,"Female"
"9004151",371994,2025-06-19 00:31:40,42.400463104248,-8.92153358459473,"Female"
"9004151",371994,2025-06-19 00:36:40,42.4003105163574,-8.92161655426025,"Female"
"9004151",371994,2025-06-19 00:41:42,42.4003486633301,-8.92163753509521,"Female"
"9004151",371994,2025-06-19 00:46:41,42.4003601074219,-8.92165088653564,"Female"
"9004151",371994,2025-06-19 00:51:40,42.4004249572754,-8.92165470123291,"Female"
"9004151",371994,2025-06-19 00:56:40,42.4003944396973,-8.92170524597168,"Female"
"9004151",371994,2025-06-19 01:01:40,42.4004096984863,-8.9214973449707,"Female"
"9004151",371994,2025-06-19 01:06:40,42.4004669189453,-8.92142391204834,"Female"
"9004151",371994,2025-06-19 01:11:40,42.4003944396973,-8.92142486572266,"Female"
"9004151",371994,2025-06-19 01:16:40,42.4004669189453,-8.92145156860352,"Female"
"9004151",371994,2025-06-19 01:21:42,42.4005813598633,-8.92136192321777,"Female"
"9004151",371994,2025-06-19 01:26:43,42.4004135131836,-8.92169094085693,"Female"
"9004151",371994,2025-06-19 01:31:41,42.4003982543945,-8.9213695526123,"Female"
"9004151",371994,2025-06-19 01:36:42,42.4004707336426,-8.92160129547119,"Female"
"9004151",371994,2025-06-19 01:41:43,42.4004898071289,-8.92165088653564,"Female"
"9004151",371994,2025-06-19 01:46:42,42.400463104248,-8.92153453826904,"Female"
"9004151",371994,2025-06-19 01:51:48,42.4004020690918,-8.92191028594971,"Female"
"9004151",371994,2025-06-19 01:56:46,42.4005088806152,-8.92152404785156,"Female"
"9004151",371994,2025-06-19 02:01:52,42.4009056091309,-8.92062282562256,"Female"
"9004151",371994,2025-06-19 02:06:54,42.4006538391113,-8.92143630981445,"Female"
"9004151",371994,2025-06-19 02:11:52,42.4007759094238,-8.92118644714355,"Female"
"9004151",371994,2025-06-19 02:16:45,42.4003753662109,-8.92204666137695,"Female"
"9004151",371994,2025-06-19 02:22:11,42.4003868103027,-8.92100429534912,"Female"
"9004151",371994,2025-06-19 02:26:39,42.400447845459,-8.92092514038086,"Female"
"9004151",371994,2025-06-19 02:31:39,42.4003067016602,-8.92077732086182,"Female"
"9004151",371994,2025-06-19 02:36:45,42.4003753662109,-8.92107200622559,"Female"
"9004151",371994,2025-06-19 02:41:42,42.400276184082,-8.9210147857666,"Female"
"9004151",371994,2025-06-19 02:46:39,42.4003791809082,-8.92096328735352,"Female"
"9004151",371994,2025-06-19 02:51:40,42.4001998901367,-8.92123222351074,"Female"
"9004151",371994,2025-06-19 02:56:43,42.4004783630371,-8.92074966430664,"Female"
"9004151",371994,2025-06-19 03:01:48,42.4005088806152,-8.92080974578857,"Female"
"9004151",371994,2025-06-19 03:06:45,42.4004783630371,-8.92083358764648,"Female"
"9004151",371994,2025-06-19 03:11:43,42.4004364013672,-8.92078685760498,"Female"
"9004151",371994,2025-06-19 03:16:53,42.4004974365234,-8.92092418670654,"Female"
"9004151",371994,2025-06-19 03:21:42,42.4007530212402,-8.92099952697754,"Female"
"9004151",371994,2025-06-19 03:26:47,42.400447845459,-8.92158699035645,"Female"
"9004151",371994,2025-06-19 03:31:40,42.40087890625,-8.92075252532959,"Female"
"9004151",371994,2025-06-19 03:36:48,42.400707244873,-8.92120456695557,"Female"
"9004151",371994,2025-06-19 03:41:41,42.4008331298828,-8.92092704772949,"Female"
"9004151",371994,2025-06-19 03:46:40,42.4006690979004,-8.92106437683105,"Female"
"9004151",371994,2025-06-19 03:51:46,42.4007110595703,-8.92123222351074,"Female"
"9004151",371994,2025-06-19 03:56:47,42.4006233215332,-8.92119312286377,"Female"
"9004151",371994,2025-06-19 04:01:47,42.4006805419922,-8.92140674591064,"Female"
"9004151",371994,2025-06-19 04:06:42,42.400577545166,-8.92146873474121,"Female"
"9004151",371994,2025-06-19 04:11:40,42.4006690979004,-8.92123603820801,"Female"
"9004151",371994,2025-06-19 04:16:40,42.4004554748535,-8.92141056060791,"Female"
"9004151",371994,2025-06-19 04:21:53,42.4003868103027,-8.92146968841553,"Female"
"9004151",371994,2025-06-19 04:27:12,42.4006309509277,-8.92099761962891,"Female"
"9004151",371994,2025-06-19 04:31:59,42.4006195068359,-8.92092990875244,"Female"
"9004151",371994,2025-06-19 04:37:06,42.4005737304688,-8.92104339599609,"Female"
"9004151",371994,2025-06-19 04:42:13,42.4011077880859,-8.92043876647949,"Female"
"9004151",371994,2025-06-19 04:48:43,42.4002990722656,-8.92138385772705,"Female"
"9004151",371994,2025-06-19 04:53:04,42.4001960754395,-8.921462059021,"Female"
"9004151",371994,2025-06-19 04:58:05,42.4003257751465,-8.92138957977295,"Female"
"9004151",371994,2025-06-19 05:03:04,42.4003372192383,-8.92126274108887,"Female"
"9004151",371994,2025-06-19 05:08:05,42.4003639221191,-8.92128849029541,"Female"
"9004151",371994,2025-06-19 05:13:03,42.400333404541,-8.92114448547363,"Female"
"9004151",371994,2025-06-19 05:18:07,42.4003677368164,-8.92119312286377,"Female"
"9004151",371994,2025-06-19 05:23:10,42.4003868103027,-8.92111110687256,"Female"
"9004151",371994,2025-06-19 05:28:04,42.4004364013672,-8.92098522186279,"Female"
"9004151",371994,2025-06-19 05:33:02,42.4004516601562,-8.92061901092529,"Female"
"9004151",371994,2025-06-19 05:38:05,42.4004364013672,-8.92081260681152,"Female"
"9004151",371994,2025-06-19 05:43:06,42.4003982543945,-8.92086696624756,"Female"
"9004151",371994,2025-06-19 05:48:04,42.4004058837891,-8.92090320587158,"Female"
"9004151",371994,2025-06-19 05:53:57,42.4004516601562,-8.92094612121582,"Female"
"9004151",371994,2025-06-19 05:59:26,42.4004592895508,-8.92092418670654,"Female"
"9004151",371994,2025-06-19 06:03:15,42.4004554748535,-8.92093944549561,"Female"
"9004151",371994,2025-06-19 06:08:17,42.400447845459,-8.92095565795898,"Female"
"9004151",371994,2025-06-19 06:13:09,42.4004135131836,-8.92095184326172,"Female"
"9004151",371994,2025-06-19 06:18:26,42.4004211425781,-8.92094898223877,"Female"
"9004151",371994,2025-06-19 06:23:29,42.4004402160645,-8.92094326019287,"Female"
"9004151",371994,2025-06-19 06:28:04,42.4003448486328,-8.92071723937988,"Female"
"9004151",371994,2025-06-19 06:33:05,42.4005012512207,-8.92093372344971,"Female"
"9004151",371994,2025-06-19 06:38:12,42.4004783630371,-8.92082023620605,"Female"
"9004151",371994,2025-06-19 06:43:13,42.4004287719727,-8.92099285125732,"Female"
"9004151",371994,2025-06-19 06:48:30,42.400390625,-8.92113208770752,"Female"
"9004151",371994,2025-06-19 06:53:12,42.4004287719727,-8.92107963562012,"Female"
"9004151",371994,2025-06-19 06:58:21,42.4004211425781,-8.92095375061035,"Female"
"9004151",371994,2025-06-19 07:03:14,42.4003982543945,-8.92091655731201,"Female"
"9004151",371994,2025-06-19 07:08:09,42.4004402160645,-8.92098617553711,"Female"
"9004151",371994,2025-06-19 07:13:09,42.4004249572754,-8.92086124420166,"Female"
"9004151",371994,2025-06-19 07:18:04,42.4005126953125,-8.92119121551514,"Female"
"9004151",371994,2025-06-19 07:23:02,42.4067344665527,-8.92434978485107,"Female"
"9004151",371994,2025-06-19 07:28:02,42.4113159179688,-8.92757129669189,"Female"
"9004151",371994,2025-06-19 07:33:02,42.4557151794434,-8.93819141387939,"Female"
"9004151",371994,2025-06-19 07:38:02,42.4927062988281,-8.91861534118652,"Female"
"9004151",371994,2025-06-19 07:43:02,42.5187187194824,-8.86814117431641,"Female"
"9004151",371994,2025-06-19 07:48:02,42.5332450866699,-8.8504524230957,"Female"
"9004151",371994,2025-06-19 07:53:02,42.5337905883789,-8.84988975524902,"Female"
"9004151",371994,2025-06-19 07:58:59,42.5348701477051,-8.84818744659424,"Female"
"9004151",371994,2025-06-19 08:04:06,42.5357818603516,-8.84819507598877,"Female"
"9004151",371994,2025-06-19 08:09:06,42.5365905761719,-8.84698867797852,"Female"
"9004151",371994,2025-06-19 08:14:06,42.537784576416,-8.84679222106934,"Female"
"9004151",371994,2025-06-19 08:19:09,42.538703918457,-8.84731960296631,"Female"
"9004151",371994,2025-06-19 08:24:14,42.5381088256836,-8.8480749130249,"Female"
"9004151",371994,2025-06-19 08:29:47,42.5367851257324,-8.849289894104,"Female"
"9004151",371994,2025-06-19 08:34:46,42.5356864929199,-8.84879398345947,"Female"
"9004151",371994,2025-06-19 08:39:58,42.5350456237793,-8.84889125823975,"Female"
"9004151",371994,2025-06-19 08:44:58,42.5351524353027,-8.84883499145508,"Female"
"9004151",371994,2025-06-19 08:49:58,42.5352630615234,-8.8491849899292,"Female"
"9004151",371994,2025-06-19 08:55:19,42.534236907959,-8.84972286224365,"Female"
"9004151",371994,2025-06-19 09:01:01,42.5331230163574,-8.8505973815918,"Female"
"9004151",371994,2025-06-19 09:06:35,42.5317192077637,-8.85026264190674,"Female"
"9004151",371994,2025-06-19 09:11:38,42.5311126708984,-8.85054588317871,"Female"
"9004151",371994,2025-06-19 09:16:38,42.5302543640137,-8.8498420715332,"Female"
"9004151",371994,2025-06-19 09:23:34,42.5294227600098,-8.85059070587158,"Female"
"9004151",371994,2025-06-19 09:28:50,42.5296936035156,-8.85092639923096,"Female"
"9004151",371994,2025-06-19 09:33:52,42.5296020507812,-8.85184860229492,"Female"
"9004151",371994,2025-06-19 09:38:50,42.529296875,-8.85176277160645,"Female"
"9004151",371994,2025-06-19 09:43:52,42.5267066955566,-8.8472728729248,"Female"
"9004151",371994,2025-06-19 09:48:49,42.5264167785645,-8.84723567962646,"Female"
"9004151",371994,2025-06-19 09:53:49,42.5263671875,-8.84721755981445,"Female"
"9004151",371994,2025-06-19 09:58:54,42.5266761779785,-8.84701251983643,"Female"
"9004151",371994,2025-06-19 10:04:15,42.5258941650391,-8.84746742248535,"Female"
"9004151",371994,2025-06-19 10:08:51,42.5258560180664,-8.84756946563721,"Female"
"9004151",371994,2025-06-19 10:14:23,42.5261344909668,-8.8475341796875,"Female"
"9004151",371994,2025-06-19 10:18:50,42.5260848999023,-8.84750843048096,"Female"
"9004151",371994,2025-06-19 10:23:50,42.5260925292969,-8.84751129150391,"Female"
"9004151",371994,2025-06-19 10:28:50,42.5261001586914,-8.84746074676514,"Female"
"9004151",371994,2025-06-19 10:33:50,42.526065826416,-8.84749126434326,"Female"
"9004151",371994,2025-06-19 10:38:50,42.5261459350586,-8.84745788574219,"Female"
"9004151",371994,2025-06-19 10:43:50,42.5261764526367,-8.84756088256836,"Female"
"9004151",371994,2025-06-19 10:48:50,42.5261611938477,-8.84749507904053,"Female"
"9004151",371994,2025-06-19 10:53:50,42.5261421203613,-8.84754943847656,"Female"
"9004151",371994,2025-06-19 10:58:50,42.5261192321777,-8.84748840332031,"Female"
"9004151",371994,2025-06-19 11:03:50,42.5260772705078,-8.84747505187988,"Female"
"9004151",371994,2025-06-19 11:08:50,42.5260925292969,-8.8475170135498,"Female"
"9004151",371994,2025-06-19 11:13:50,42.5261077880859,-8.84749126434326,"Female"
"9004151",371994,2025-06-19 11:18:50,42.5261306762695,-8.84748649597168,"Female"
"9004151",371994,2025-06-19 11:23:49,42.5261116027832,-8.84752941131592,"Female"
"9004151",371994,2025-06-19 11:28:50,42.5263748168945,-8.84791946411133,"Female"
"9004151",371994,2025-06-19 11:33:50,42.527515411377,-8.84852123260498,"Female"
"9004151",371994,2025-06-19 11:38:50,42.5284385681152,-8.84928417205811,"Female"
"9004151",371994,2025-06-19 11:43:50,42.5294151306152,-8.84988594055176,"Female"
"9004151",371994,2025-06-19 11:49:16,42.5305366516113,-8.85082149505615,"Female"
"9004151",371994,2025-06-19 11:54:37,42.5316848754883,-8.85050582885742,"Female"
"9004151",371994,2025-06-19 11:59:48,42.5334663391113,-8.85039901733398,"Female"
"9004151",371994,2025-06-19 12:04:48,42.5341720581055,-8.85104942321777,"Female"
"9004151",371994,2025-06-19 12:10:17,42.5351943969727,-8.85017395019531,"Female"
"9004151",371994,2025-06-19 12:15:16,42.5362663269043,-8.84961795806885,"Female"
"9004151",371994,2025-06-19 12:20:14,42.5367584228516,-8.84811305999756,"Female"
"9004151",371994,2025-06-19 12:25:14,42.5370025634766,-8.84704685211182,"Female"
"9004151",371994,2025-06-19 12:30:13,42.5366325378418,-8.84701538085938,"Female"
"9004151",371994,2025-06-19 12:35:13,42.5363807678223,-8.84679698944092,"Female"
"9004151",371994,2025-06-19 12:40:13,42.5365447998047,-8.84635734558105,"Female"
"9004151",371994,2025-06-19 12:45:45,42.5362968444824,-8.84702396392822,"Female"
"9004151",371994,2025-06-19 12:50:44,42.5358810424805,-8.84712219238281,"Female"
"9004151",371994,2025-06-19 12:55:44,42.5354309082031,-8.84715175628662,"Female"
"9004151",371994,2025-06-19 13:01:29,42.5346870422363,-8.84749031066895,"Female"
"9004151",371994,2025-06-19 13:06:28,42.5346908569336,-8.84652042388916,"Female"
"9004151",371994,2025-06-19 13:12:45,42.5364379882812,-8.84572601318359,"Female"
"9004151",371994,2025-06-19 13:18:04,42.536491394043,-8.84715366363525,"Female"
"9004151",371994,2025-06-19 13:23:43,42.5353469848633,-8.84753131866455,"Female"
"9004151",371994,2025-06-19 13:28:43,42.5348472595215,-8.84769439697266,"Female"
"9004151",371994,2025-06-19 13:33:43,42.5346145629883,-8.84759140014648,"Female"
"9004151",371994,2025-06-19 13:38:43,42.526481628418,-8.84704780578613,"Female"
"9004151",371994,2025-06-19 13:43:43,42.5264549255371,-8.84701251983643,"Female"
"9004151",371994,2025-06-19 13:48:43,42.5264205932617,-8.84703254699707,"Female"
"9004151",371994,2025-06-19 13:53:43,42.5264167785645,-8.84703636169434,"Female"
"9004151",371994,2025-06-19 13:58:43,42.5264129638672,-8.84717273712158,"Female"
"9004151",371994,2025-06-19 14:03:43,42.5264472961426,-8.84712696075439,"Female"
"9004151",371994,2025-06-19 14:08:43,42.5264282226562,-8.84711456298828,"Female"
"9004151",371994,2025-06-19 14:13:43,42.5263900756836,-8.84722423553467,"Female"
"9004151",371994,2025-06-19 14:18:43,42.5262718200684,-8.84766387939453,"Female"
"9004151",371994,2025-06-19 14:23:44,42.5263748168945,-8.84704971313477,"Female"
"9004151",371994,2025-06-19 14:28:45,42.5263481140137,-8.84704208374023,"Female"
"9004151",371994,2025-06-19 14:34:05,42.5263175964355,-8.84707546234131,"Female"
"9004151",371994,2025-06-19 14:38:43,42.5263328552246,-8.8471565246582,"Female"
"9004151",371994,2025-06-19 14:43:45,42.5263938903809,-8.84737396240234,"Female"
"9004151",371994,2025-06-19 14:48:46,42.5263633728027,-8.84720993041992,"Female"
"9004151",371994,2025-06-19 14:53:51,42.5263366699219,-8.84709930419922,"Female"
"9004151",371994,2025-06-19 14:58:45,42.5263481140137,-8.84713840484619,"Female"
"9004151",371994,2025-06-19 15:03:52,42.5263748168945,-8.84695911407471,"Female"
"9004151",371994,2025-06-19 15:08:47,42.5263214111328,-8.84683418273926,"Female"
"9004151",371994,2025-06-19 15:13:48,42.5263442993164,-8.84744834899902,"Female"
"9004151",371994,2025-06-19 15:18:47,42.5263710021973,-8.84726428985596,"Female"
"9004151",371994,2025-06-19 15:23:46,42.5263862609863,-8.84731388092041,"Female"
"9004151",371994,2025-06-19 15:28:45,42.5263290405273,-8.84714031219482,"Female"
"9004151",371994,2025-06-19 15:33:48,42.5265045166016,-8.84740829467773,"Female"
"9004151",371994,2025-06-19 15:38:48,42.5265121459961,-8.84744167327881,"Female"
"9004151",371994,2025-06-19 15:44:02,42.5263862609863,-8.84714508056641,"Female"
"9004151",371994,2025-06-19 15:48:43,42.5262870788574,-8.84706592559814,"Female"
"9004151",371994,2025-06-19 15:53:43,42.526309967041,-8.84708690643311,"Female"
"9004151",371994,2025-06-19 15:58:43,42.5263214111328,-8.84704685211182,"Female"
"9004151",371994,2025-06-19 16:03:43,42.5264167785645,-8.84716606140137,"Female"
"9004151",371994,2025-06-19 16:08:43,42.5264053344727,-8.84715938568115,"Female"
"9004151",371994,2025-06-19 16:13:43,42.5263481140137,-8.84712314605713,"Female"
"9004151",371994,2025-06-19 16:18:43,42.5263481140137,-8.84717559814453,"Female"
"9004151",371994,2025-06-19 16:23:43,42.5264205932617,-8.8471736907959,"Female"
"9004151",371994,2025-06-19 16:28:42,42.5264053344727,-8.84712791442871,"Female"
"9004151",371994,2025-06-19 16:33:43,42.5264129638672,-8.8471565246582,"Female"
"9004151",371994,2025-06-19 16:38:43,42.5263748168945,-8.84711265563965,"Female"
"9004151",371994,2025-06-19 16:44:03,42.5307693481445,-8.84918975830078,"Female"
"9004151",371994,2025-06-19 16:49:10,42.5328750610352,-8.85043525695801,"Female"
"9004151",371994,2025-06-19 16:54:45,42.5339775085449,-8.84902286529541,"Female"
"9004151",371994,2025-06-19 17:00:10,42.5349922180176,-8.84852695465088,"Female"
"9004151",371994,2025-06-19 17:05:22,42.5358505249023,-8.8493013381958,"Female"
"9004151",371994,2025-06-19 17:10:21,42.5368347167969,-8.84858417510986,"Female"
"9004151",371994,2025-06-19 17:15:56,42.5372085571289,-8.84864234924316,"Female"
"9004151",371994,2025-06-19 17:20:55,42.5365982055664,-8.84846019744873,"Female"
"9004151",371994,2025-06-19 17:25:56,42.5365333557129,-8.84885597229004,"Female"
"9004151",371994,2025-06-19 17:30:57,42.5364761352539,-8.84874248504639,"Female"
"9004151",371994,2025-06-19 17:35:56,42.5367698669434,-8.84877109527588,"Female"
"9004151",371994,2025-06-19 17:40:56,42.5366973876953,-8.84858703613281,"Female"
"9004151",371994,2025-06-19 17:45:55,42.5367546081543,-8.84838199615479,"Female"
"9004151",371994,2025-06-19 17:50:57,42.5370254516602,-8.84841156005859,"Female"
"9004151",371994,2025-06-19 17:55:55,42.5375328063965,-8.84812545776367,"Female"
"9004151",371994,2025-06-19 18:00:55,42.5381393432617,-8.8481912612915,"Female"
"9004151",371994,2025-06-19 18:05:57,42.5387535095215,-8.84746074676514,"Female"
"9004151",371994,2025-06-19 18:10:55,42.539966583252,-8.84794807434082,"Female"
"9004151",371994,2025-06-19 18:15:55,42.5405616760254,-8.84911727905273,"Female"
"9004151",371994,2025-06-19 18:21:06,42.5410385131836,-8.84865379333496,"Female"
"9004151",371994,2025-06-19 18:26:16,42.539794921875,-8.84778308868408,"Female"
"9004151",371994,2025-06-19 18:31:31,42.5398712158203,-8.85006237030029,"Female"
"9004151",371994,2025-06-19 18:37:16,42.5389633178711,-8.85039234161377,"Female"
"9004151",371994,2025-06-19 18:42:35,42.5388565063477,-8.85175609588623,"Female"
"9004151",371994,2025-06-19 18:47:45,42.5378608703613,-8.85233116149902,"Female"
"9004151",371994,2025-06-19 18:53:00,42.5363845825195,-8.85181617736816,"Female"
"9004151",371994,2025-06-19 18:58:00,42.5312919616699,-8.85192680358887,"Female"
"9004151",371994,2025-06-19 19:03:06,42.5251197814941,-8.85445404052734,"Female"
"9004151",371994,2025-06-19 19:07:59,42.5251922607422,-8.85457515716553,"Female"
"9004151",371994,2025-06-19 19:12:59,42.5251693725586,-8.8545446395874,"Female"
"9004151",371994,2025-06-19 19:18:00,42.5250663757324,-8.85451889038086,"Female"
"9004151",371994,2025-06-19 19:23:00,42.5250854492188,-8.85454082489014,"Female"
"9004151",371994,2025-06-19 19:39:59,42.4907684326172,-8.90544891357422,"Female"
"9004151",371994,2025-06-19 19:44:53,42.4765243530273,-8.940260887146,"Female"
"9004151",371994,2025-06-19 19:49:54,42.4343566894531,-8.94085502624512,"Female"
"9004151",371994,2025-06-19 19:55:07,42.4315528869629,-8.94082164764404,"Female"
"9004151",371994,2025-06-19 19:59:52,42.4096527099609,-8.9259614944458,"Female"
"9004151",371994,2025-06-19 20:05:14,42.4002799987793,-8.92148303985596,"Female"
"9004151",371994,2025-06-19 20:09:52,42.4003982543945,-8.92142391204834,"Female"
"9004151",371994,2025-06-19 20:14:57,42.400218963623,-8.92164325714111,"Female"
"9004151",371994,2025-06-19 20:20:00,42.4003067016602,-8.92131996154785,"Female"
"9004151",371994,2025-06-19 20:25:00,42.4004516601562,-8.92123222351074,"Female"
"9004151",371994,2025-06-19 20:30:23,42.4003448486328,-8.92114067077637,"Female"
"9004151",371994,2025-06-19 20:34:51,42.4003601074219,-8.92108249664307,"Female"
"9004151",371994,2025-06-19 20:39:52,42.4004173278809,-8.92110633850098,"Female"
"9004151",371994,2025-06-19 20:44:51,42.4004020690918,-8.9211311340332,"Female"
"9004151",371994,2025-06-19 20:49:51,42.4004554748535,-8.92113876342773,"Female"
"9004151",371994,2025-06-19 20:54:51,42.4004669189453,-8.92105293273926,"Female"
"9004151",371994,2025-06-19 20:59:51,42.4004936218262,-8.92117023468018,"Female"
"9004151",371994,2025-06-19 21:04:51,42.4004249572754,-8.92093086242676,"Female"
"9004151",371994,2025-06-19 21:09:51,42.400463104248,-8.92111206054688,"Female"
"9004151",371994,2025-06-19 21:14:52,42.4003753662109,-8.92092704772949,"Female"
"9004151",371994,2025-06-19 21:19:52,42.40087890625,-8.92130470275879,"Female"
"9004151",371994,2025-06-19 21:24:53,42.4002075195312,-8.92112827301025,"Female"
"9004151",371994,2025-06-19 21:29:54,42.4002494812012,-8.92064762115479,"Female"
"9004151",371994,2025-06-19 21:34:55,42.4003448486328,-8.9210376739502,"Female"
"9004151",371994,2025-06-19 21:40:00,42.4003753662109,-8.92101573944092,"Female"
"9004151",371994,2025-06-19 21:44:53,42.4002380371094,-8.92077732086182,"Female"
"9004151",371994,2025-06-19 21:50:00,42.4003028869629,-8.92104434967041,"Female"
"9004151",371994,2025-06-19 21:54:57,42.4002990722656,-8.9210376739502,"Female"
"9004151",371994,2025-06-19 22:00:00,42.4002838134766,-8.92107677459717,"Female"
"9004151",371994,2025-06-19 22:05:04,42.4002723693848,-8.92102146148682,"Female"
"9004151",371994,2025-06-19 22:09:55,42.4002494812012,-8.92101764678955,"Female"
"9004151",371994,2025-06-19 22:14:58,42.4002952575684,-8.92099475860596,"Female"
"9004151",371994,2025-06-19 22:19:59,42.4002113342285,-8.92121124267578,"Female"
"9004151",371994,2025-06-19 22:25:00,42.4001998901367,-8.92110061645508,"Female"
"9004151",371994,2025-06-19 22:29:59,42.4001998901367,-8.92101573944092,"Female"
"9004151",371994,2025-06-19 22:34:59,42.400276184082,-8.92116451263428,"Female"
"9004151",371994,2025-06-19 22:39:58,42.4004058837891,-8.92094898223877,"Female"
"9004151",371994,2025-06-19 22:45:09,42.4008140563965,-8.92057704925537,"Female"
"9004151",371994,2025-06-19 22:49:58,42.4005737304688,-8.92075824737549,"Female"
"9004151",371994,2025-06-19 22:54:58,42.4007415771484,-8.92034435272217,"Female"
"9004151",371994,2025-06-19 22:59:58,42.4005584716797,-8.92069244384766,"Female"
"9004151",371994,2025-06-19 23:05:00,42.4001502990723,-8.92137145996094,"Female"
"9004151",371994,2025-06-19 23:09:52,42.4002571105957,-8.92065811157227,"Female"
"9004151",371994,2025-06-19 23:14:59,42.4004554748535,-8.92087936401367,"Female"
"9004151",371994,2025-06-19 23:20:16,42.4002952575684,-8.92118740081787,"Female"
"9004151",371994,2025-06-19 23:24:53,42.4002456665039,-8.92071056365967,"Female"
"9004151",371994,2025-06-19 23:30:00,42.4001884460449,-8.92150497436523,"Female"
"9004151",371994,2025-06-19 23:34:58,42.4001655578613,-8.92139053344727,"Female"
"9004151",371994,2025-06-19 23:39:52,42.400218963623,-8.92114734649658,"Female"
"9004151",371994,2025-06-19 23:45:00,42.4001922607422,-8.92116260528564,"Female"
"9004151",371994,2025-06-19 23:49:53,42.4002113342285,-8.92092418670654,"Female"
"9004151",371994,2025-06-19 23:55:00,42.4002151489258,-8.92125797271729,"Female"
"9004151",371994,2025-06-19 23:59:53,42.4002265930176,-8.92104339599609,"Female"
"9004151",371994,2025-06-20 00:05:00,42.4002227783203,-8.92108631134033,"Female"
"9004151",371994,2025-06-20 00:09:52,42.4002075195312,-8.92089748382568,"Female"
"9004151",371994,2025-06-20 00:15:00,42.4002380371094,-8.92104721069336,"Female"
"9004151",371994,2025-06-20 00:19:52,42.4002380371094,-8.92111015319824,"Female"
"9004151",371994,2025-06-20 00:25:00,42.4002532958984,-8.92104911804199,"Female"
"9004151",371994,2025-06-20 00:29:55,42.400218963623,-8.92101955413818,"Female"
"9004151",371994,2025-06-20 00:34:54,42.4002265930176,-8.92120552062988,"Female"
"9004151",371994,2025-06-20 00:39:57,42.4001007080078,-8.92114067077637,"Female"
"9004151",371994,2025-06-20 00:44:57,42.4001045227051,-8.92113971710205,"Female"
"9004151",371994,2025-06-20 00:49:54,42.3998908996582,-8.92156219482422,"Female"
"9004151",371994,2025-06-20 00:55:00,42.3999366760254,-8.92185688018799,"Female"
"9004151",371994,2025-06-20 00:59:55,42.3998603820801,-8.92215728759766,"Female"
"9004151",371994,2025-06-20 01:04:53,42.3998489379883,-8.92282009124756,"Female"
"9004151",371994,2025-06-20 01:09:53,42.3995018005371,-8.9236536026001,"Female"
"9004151",371994,2025-06-20 01:14:55,42.400318145752,-8.92178344726562,"Female"
"9004151",371994,2025-06-20 01:19:55,42.4000968933105,-8.92227745056152,"Female"
"9004151",371994,2025-06-20 01:24:59,42.4006843566895,-8.92092418670654,"Female"
"9004151",371994,2025-06-20 01:30:00,42.4007759094238,-8.92071628570557,"Female"
"9004151",371994,2025-06-20 01:34:53,42.4012870788574,-8.91967678070068,"Female"
"9004151",371994,2025-06-20 01:39:53,42.400993347168,-8.92030239105225,"Female"
"9004151",371994,2025-06-20 01:44:52,42.4007911682129,-8.92086601257324,"Female"
"9004151",371994,2025-06-20 01:49:52,42.4009590148926,-8.92029571533203,"Female"
"9004151",371994,2025-06-20 01:54:52,42.4006423950195,-8.92139720916748,"Female"
"9004151",371994,2025-06-20 01:59:55,42.4005966186523,-8.92093276977539,"Female"
"9004151",371994,2025-06-20 02:04:53,42.4006080627441,-8.92151165008545,"Female"
"9004151",371994,2025-06-20 02:10:03,42.4005851745605,-8.92109107971191,"Female"
"9004151",371994,2025-06-20 02:15:15,42.4007530212402,-8.92119121551514,"Female"
"9004151",371994,2025-06-20 02:19:52,42.400634765625,-8.92092037200928,"Female"
"9004151",371994,2025-06-20 02:24:52,42.400260925293,-8.92082214355469,"Female"
"9004151",371994,2025-06-20 02:29:52,42.4006080627441,-8.92114067077637,"Female"
"9004151",371994,2025-06-20 02:34:52,42.4006233215332,-8.92116069793701,"Female"
"9004151",371994,2025-06-20 02:39:52,42.4006271362305,-8.92116165161133,"Female"
"9004151",371994,2025-06-20 02:44:52,42.4005584716797,-8.92121315002441,"Female"
"9004151",371994,2025-06-20 02:49:52,42.400447845459,-8.92136287689209,"Female"
"9004151",371994,2025-06-20 02:54:52,42.400505065918,-8.92126846313477,"Female"
"9004151",371994,2025-06-20 02:59:52,42.4004173278809,-8.92128467559814,"Female"
"9004151",371994,2025-06-20 03:04:52,42.400447845459,-8.92122459411621,"Female"
"9004151",371994,2025-06-20 03:09:52,42.4004135131836,-8.92126941680908,"Female"
"9004151",371994,2025-06-20 03:14:52,42.4003601074219,-8.92118358612061,"Female"
"9004151",371994,2025-06-20 03:19:52,42.4004554748535,-8.9212646484375,"Female"
"9004151",371994,2025-06-20 03:24:54,42.4005813598633,-8.92118549346924,"Female"
"9004151",371994,2025-06-20 03:29:58,42.4004173278809,-8.9211311340332,"Female"
"9004151",371994,2025-06-20 03:34:55,42.4003562927246,-8.92126750946045,"Female"
"9004151",371994,2025-06-20 03:39:55,42.4003372192383,-8.92120742797852,"Female"
"9004151",371994,2025-06-20 03:44:59,42.4003677368164,-8.92112445831299,"Female"
"9004151",371994,2025-06-20 03:49:53,42.3993186950684,-8.92066860198975,"Female"
"9004151",371994,2025-06-20 03:55:05,42.4002075195312,-8.92143440246582,"Female"
"9004151",371994,2025-06-20 03:59:53,42.3998680114746,-8.92113208770752,"Female"
"9004151",371994,2025-06-20 04:04:53,42.3994445800781,-8.92069530487061,"Female"
"9004151",371994,2025-06-20 04:09:54,42.3994560241699,-8.92028522491455,"Female"
"9004151",371994,2025-06-20 04:15:03,42.4002304077148,-8.92071342468262,"Female"
"9004151",371994,2025-06-20 04:20:01,42.4002876281738,-8.92082977294922,"Female"
"9004151",371994,2025-06-20 04:25:03,42.3998374938965,-8.9211540222168,"Female"
"9004151",371994,2025-06-20 04:30:34,42.4014205932617,-8.91984272003174,"Female"
"9004151",371994,2025-06-20 04:35:38,42.4010009765625,-8.92022800445557,"Female"
"9004151",371994,2025-06-20 04:40:27,42.4009132385254,-8.92023277282715,"Female"
"9004151",371994,2025-06-20 04:45:15,42.4001693725586,-8.92096614837646,"Female"
"9004151",371994,2025-06-20 04:50:51,42.4000778198242,-8.92109966278076,"Female"
"9004151",371994,2025-06-20 04:54:54,42.4006690979004,-8.92053031921387,"Female"
"9004151",371994,2025-06-20 04:59:51,42.4008178710938,-8.92062187194824,"Female"
"9004151",371994,2025-06-20 05:04:54,42.4005088806152,-8.92037296295166,"Female"
"9004151",371994,2025-06-20 05:09:53,42.4003410339355,-8.92139434814453,"Female"
"9004151",371994,2025-06-20 05:14:55,42.4003677368164,-8.92133903503418,"Female"
"9004151",371994,2025-06-20 05:19:52,42.4003829956055,-8.92110633850098,"Female"
"9004151",371994,2025-06-20 05:24:52,42.4003295898438,-8.92131328582764,"Female"
"9004151",371994,2025-06-20 05:29:53,42.4003715515137,-8.92117309570312,"Female"
"9004151",371994,2025-06-20 05:34:57,42.4004020690918,-8.92107963562012,"Female"
"9004151",371994,2025-06-20 05:39:55,42.400390625,-8.92113208770752,"Female"
"9004151",371994,2025-06-20 05:44:55,42.4003791809082,-8.92116260528564,"Female"
"9004151",371994,2025-06-20 05:50:02,42.4004020690918,-8.92108821868896,"Female"
"9004151",371994,2025-06-20 05:55:38,42.4003753662109,-8.92118167877197,"Female"
"9004151",371994,2025-06-20 06:00:14,42.4004173278809,-8.92099094390869,"Female"
"9004151",371994,2025-06-20 06:04:55,42.4003791809082,-8.92092132568359,"Female"
"9004151",371994,2025-06-20 06:09:54,42.4004554748535,-8.92101764678955,"Female"
"9004151",371994,2025-06-20 06:14:53,42.400447845459,-8.92109489440918,"Female"
"9004151",371994,2025-06-20 06:20:54,42.4004096984863,-8.92093849182129,"Female"
"9004151",371994,2025-06-20 06:24:51,42.4004020690918,-8.92091941833496,"Female"
"9004151",371994,2025-06-20 06:29:54,42.4004898071289,-8.92105674743652,"Female"
"9004151",371994,2025-06-20 06:34:52,42.4003486633301,-8.92074775695801,"Female"
"9004151",371994,2025-06-20 06:39:59,42.4004402160645,-8.92093467712402,"Female"
"9004151",371994,2025-06-20 06:44:55,42.4003639221191,-8.92088508605957,"Female"
"9004151",371994,2025-06-20 06:50:04,42.400390625,-8.92101955413818,"Female"
"9004151",371994,2025-06-20 06:54:54,42.399974822998,-8.92047691345215,"Female"
"9004151",371994,2025-06-20 07:00:00,42.4003448486328,-8.92104339599609,"Female"
"9004151",371994,2025-06-20 07:05:14,42.4003753662109,-8.92103672027588,"Female"
"9004151",371994,2025-06-20 07:11:16,42.4002342224121,-8.9210205078125,"Female"
"9004151",371994,2025-06-20 07:15:22,42.4003639221191,-8.92107486724854,"Female"
"9004151",371994,2025-06-20 07:20:01,42.4002685546875,-8.92102146148682,"Female"
"9004151",371994,2025-06-20 07:25:02,42.4000778198242,-8.92114639282227,"Female"
"9004151",371994,2025-06-20 07:30:03,42.4003257751465,-8.92107391357422,"Female"
"9004151",371994,2025-06-20 07:35:00,42.400447845459,-8.9210786819458,"Female"
"9004151",371994,2025-06-20 07:40:00,42.4005279541016,-8.92105865478516,"Female"
"9004151",371994,2025-06-20 07:44:59,42.4002075195312,-8.92105293273926,"Female"
"9004151",371994,2025-06-20 07:49:57,42.400276184082,-8.92111587524414,"Female"
"9004151",371994,2025-06-20 07:54:53,42.4003028869629,-8.9206018447876,"Female"
"9004151",371994,2025-06-20 08:00:22,42.400074005127,-8.92153739929199,"Female"
"9004151",371994,2025-06-20 08:05:35,42.4003944396973,-8.92150688171387,"Female"
"9004151",371994,2025-06-20 08:09:51,42.4003448486328,-8.92205047607422,"Female"
"9004151",371994,2025-06-20 08:14:55,42.4004325866699,-8.92088031768799,"Female"
"9004151",371994,2025-06-20 08:19:52,42.4056243896484,-8.92321491241455,"Female"
"9004151",371994,2025-06-20 08:24:52,42.4400367736816,-8.9313850402832,"Female"
"9004151",371994,2025-06-20 08:29:52,42.4554786682129,-8.9388427734375,"Female"
"9004151",371994,2025-06-20 08:34:52,42.4900588989258,-8.92555522918701,"Female"
"9004151",371994,2025-06-20 08:39:52,42.513988494873,-8.8794059753418,"Female"
"9004151",371994,2025-06-20 08:44:52,42.514102935791,-8.87799453735352,"Female"
"9004151",371994,2025-06-20 08:49:51,42.5168037414551,-8.87358379364014,"Female"
"9004151",371994,2025-06-20 08:54:52,42.5351867675781,-8.85184001922607,"Female"
"9004151",371994,2025-06-20 08:59:56,42.535026550293,-8.85044956207275,"Female"
"9004151",371994,2025-06-20 09:04:55,42.5346183776855,-8.84964656829834,"Female"
"9004151",371994,2025-06-20 09:09:54,42.5350227355957,-8.8496732711792,"Female"
"9004151",371994,2025-06-20 09:14:55,42.5351753234863,-8.8500337600708,"Female"
"9004151",371994,2025-06-20 09:19:55,42.534984588623,-8.8502082824707,"Female"
"9004151",371994,2025-06-20 09:24:55,42.5351715087891,-8.85006904602051,"Female"
"9004151",371994,2025-06-20 09:29:55,42.5354232788086,-8.85093307495117,"Female"
"9004151",371994,2025-06-20 09:34:55,42.5355262756348,-8.84977912902832,"Female"
"9004151",371994,2025-06-20 09:39:54,42.5358123779297,-8.84944248199463,"Female"
"9004151",371994,2025-06-20 09:44:55,42.536003112793,-8.84904861450195,"Female"
"9004151",371994,2025-06-20 09:49:54,42.536247253418,-8.84853267669678,"Female"
"9004151",371994,2025-06-20 09:54:55,42.5364112854004,-8.84809303283691,"Female"
"9004151",371994,2025-06-20 09:59:54,42.5366477966309,-8.84710311889648,"Female"
"9004151",371994,2025-06-20 10:04:55,42.5366744995117,-8.84767150878906,"Female"
"9004151",371994,2025-06-20 10:09:56,42.5360412597656,-8.84842681884766,"Female"
"9004151",371994,2025-06-20 10:15:38,42.5364761352539,-8.84947776794434,"Female"
"9004151",371994,2025-06-20 10:20:59,42.5364875793457,-8.84931564331055,"Female"
"9004151",371994,2025-06-20 10:26:19,42.5368728637695,-8.84872245788574,"Female"
"9004151",371994,2025-06-20 10:31:40,42.5376396179199,-8.84735774993896,"Female"
"9004151",371994,2025-06-20 10:36:43,42.5383453369141,-8.84690570831299,"Female"
"9004151",371994,2025-06-20 10:43:08,42.5403289794922,-8.84632968902588,"Female"
"9004151",371994,2025-06-20 10:48:09,42.5399703979492,-8.84753513336182,"Female"
"9004151",371994,2025-06-20 10:53:29,42.5391426086426,-8.84834098815918,"Female"
"9004151",371994,2025-06-20 10:58:30,42.5388450622559,-8.84984588623047,"Female"
"9004151",371994,2025-06-20 11:03:38,42.5374336242676,-8.8494176864624,"Female"
"9004151",371994,2025-06-20 11:09:01,42.5378875732422,-8.84854316711426,"Female"
"9004151",371994,2025-06-20 11:14:33,42.5386085510254,-8.84987545013428,"Female"
"9004151",371994,2025-06-20 11:21:58,42.5369758605957,-8.85159778594971,"Female"
"9004151",371994,2025-06-20 11:26:57,42.5358428955078,-8.85178089141846,"Female"
"9004151",371994,2025-06-20 11:35:56,42.533374786377,-8.85110187530518,"Female"
"9004151",371994,2025-06-20 11:40:56,42.5332717895508,-8.85230541229248,"Female"
"9004151",371994,2025-06-20 11:46:43,42.5321273803711,-8.85124969482422,"Female"
"9004151",371994,2025-06-20 11:52:45,42.5306930541992,-8.85150051116943,"Female"
"9004151",371994,2025-06-20 11:58:28,42.5306625366211,-8.84987545013428,"Female"
"9004151",371994,2025-06-20 12:03:28,42.5309562683105,-8.84950256347656,"Female"
"9004151",371994,2025-06-20 12:08:55,42.5320129394531,-8.84900856018066,"Female"
"9004151",371994,2025-06-20 12:14:41,42.5314712524414,-8.84818649291992,"Female"
"9004151",371994,2025-06-20 12:20:20,42.5308952331543,-8.84906387329102,"Female"
"9004151",371994,2025-06-20 12:25:22,42.5298271179199,-8.84958171844482,"Female"
"9004151",371994,2025-06-20 12:30:20,42.5272941589355,-8.84711074829102,"Female"
"9004151",371994,2025-06-20 12:35:20,42.526538848877,-8.8470573425293,"Female"
"9004151",371994,2025-06-20 12:40:53,42.5265007019043,-8.84699726104736,"Female"
"9004151",371994,2025-06-20 12:45:20,42.5262756347656,-8.84718132019043,"Female"
"9004151",371994,2025-06-20 12:50:20,42.526123046875,-8.84712886810303,"Female"
"9004151",371994,2025-06-20 12:55:20,42.5263442993164,-8.84711647033691,"Female"
"9004151",371994,2025-06-20 13:00:20,42.5262832641602,-8.84718036651611,"Female"
"9004151",371994,2025-06-20 13:05:20,42.5265045166016,-8.84722232818604,"Female"
"9004151",371994,2025-06-20 13:10:20,42.5264205932617,-8.84708213806152,"Female"
"9004151",371994,2025-06-20 13:15:19,42.5262413024902,-8.84716987609863,"Female"
"9004151",371994,2025-06-20 13:20:20,42.5262184143066,-8.84713840484619,"Female"
"9004151",371994,2025-06-20 13:25:20,42.5259208679199,-8.84724521636963,"Female"
"9004151",371994,2025-06-20 13:30:20,42.5261573791504,-8.84732055664062,"Female"
"9004151",371994,2025-06-20 13:35:20,42.5263404846191,-8.8470573425293,"Female"
"9004151",371994,2025-06-20 13:40:20,42.5263137817383,-8.84709453582764,"Female"
"9004151",371994,2025-06-20 13:45:25,42.5263786315918,-8.84703254699707,"Female"
"9004151",371994,2025-06-20 13:50:21,42.5264091491699,-8.84728050231934,"Female"
"9004151",371994,2025-06-20 13:55:20,42.5262985229492,-8.84715366363525,"Female"
"9004151",371994,2025-06-20 14:00:20,42.5261535644531,-8.84724807739258,"Female"
"9004151",371994,2025-06-20 14:05:20,42.5261840820312,-8.84725379943848,"Female"
"9004151",371994,2025-06-20 14:10:19,42.526180267334,-8.84726333618164,"Female"
"9004151",371994,2025-06-20 14:15:22,42.5262069702148,-8.84725761413574,"Female"
"9004151",371994,2025-06-20 14:20:20,42.5262222290039,-8.84726142883301,"Female"
"9004151",371994,2025-06-20 14:25:20,42.5262908935547,-8.84714221954346,"Female"
"9004151",371994,2025-06-20 14:30:20,42.5262222290039,-8.84727001190186,"Female"
"9004151",371994,2025-06-20 14:35:20,42.5262069702148,-8.84715747833252,"Female"
"9004151",371994,2025-06-20 14:40:20,42.5262107849121,-8.84717559814453,"Female"
"9004151",371994,2025-06-20 14:45:20,42.5262069702148,-8.84723567962646,"Female"
"9004151",371994,2025-06-20 14:50:20,42.5262603759766,-8.84720325469971,"Female"
"9004151",371994,2025-06-20 14:55:20,42.5262680053711,-8.84727573394775,"Female"
"9004151",371994,2025-06-20 15:00:20,42.5263633728027,-8.84741497039795,"Female"
"9004151",371994,2025-06-20 15:05:20,42.5263938903809,-8.8474178314209,"Female"
"9004151",371994,2025-06-20 15:10:20,42.5263595581055,-8.84747982025146,"Female"
"9004151",371994,2025-06-20 15:15:20,42.5263977050781,-8.84746265411377,"Female"
"9004151",371994,2025-06-20 15:20:21,42.5263671875,-8.84742259979248,"Female"
"9004151",371994,2025-06-20 15:25:20,42.5263519287109,-8.84750652313232,"Female"
"9004151",371994,2025-06-20 15:30:20,42.5263710021973,-8.84733486175537,"Female"
"9004151",371994,2025-06-20 15:35:20,42.5263671875,-8.8473072052002,"Female"
"9004151",371994,2025-06-20 15:40:20,42.5263671875,-8.84728050231934,"Female"
"9004151",371994,2025-06-20 15:45:20,42.5263748168945,-8.84728527069092,"Female"
"9004151",371994,2025-06-20 15:50:20,42.5263175964355,-8.84728145599365,"Female"
"9004151",371994,2025-06-20 15:55:20,42.5264205932617,-8.84732055664062,"Female"
"9004151",371994,2025-06-20 16:00:20,42.5264129638672,-8.84728336334229,"Female"
"9004151",371994,2025-06-20 16:05:20,42.5264434814453,-8.84735107421875,"Female"
"9004151",371994,2025-06-20 16:10:20,42.5264701843262,-8.84733295440674,"Female"
"9004151",371994,2025-06-20 16:15:20,42.5263977050781,-8.84726810455322,"Female"
"9004151",371994,2025-06-20 16:20:20,42.5263710021973,-8.84726333618164,"Female"
"9004151",371994,2025-06-20 16:25:20,42.5262908935547,-8.84728240966797,"Female"
"9004151",371994,2025-06-20 16:30:20,42.5264320373535,-8.84720611572266,"Female"
"9004151",371994,2025-06-20 16:35:20,42.5263557434082,-8.84721088409424,"Female"
"9004151",371994,2025-06-20 16:40:20,42.5264320373535,-8.84721851348877,"Female"
"9004151",371994,2025-06-20 16:45:20,42.5264663696289,-8.84715461730957,"Female"
"9004151",371994,2025-06-20 16:50:20,42.526424407959,-8.84750080108643,"Female"
"9004151",371994,2025-06-20 16:55:20,42.5264701843262,-8.84725666046143,"Female"
"9004151",371994,2025-06-20 17:00:20,42.5321655273438,-8.85095500946045,"Female"
"9004151",371994,2025-06-20 17:05:20,42.5331077575684,-8.84965705871582,"Female"
"9004151",371994,2025-06-20 17:10:25,42.5345916748047,-8.84878635406494,"Female"
"9004151",371994,2025-06-20 17:15:24,42.5352516174316,-8.84798431396484,"Female"
"9004151",371994,2025-06-20 17:21:09,42.5359992980957,-8.84699249267578,"Female"
"9004151",371994,2025-06-20 17:26:08,42.5366973876953,-8.84656047821045,"Female"
"9004151",371994,2025-06-20 17:31:09,42.5373382568359,-8.84644603729248,"Female"
"9004151",371994,2025-06-20 17:36:09,42.5379447937012,-8.8471155166626,"Female"
"9004151",371994,2025-06-20 17:41:09,42.5376815795898,-8.84831714630127,"Female"
"9004151",371994,2025-06-20 17:46:11,42.5385437011719,-8.85064220428467,"Female"
"9004151",371994,2025-06-20 17:51:09,42.5393486022949,-8.85059452056885,"Female"
"9004151",371994,2025-06-20 17:56:08,42.5400810241699,-8.85022735595703,"Female"
"9004151",371994,2025-06-20 18:01:09,42.5409698486328,-8.84940052032471,"Female"
"9004151",371994,2025-06-20 18:06:22,42.5412406921387,-8.84769630432129,"Female"
"9004151",371994,2025-06-20 18:11:27,42.5415382385254,-8.846022605896,"Female"
"9004151",371994,2025-06-20 18:16:49,42.5417442321777,-8.84737110137939,"Female"
"9004151",371994,2025-06-20 18:22:25,42.5408592224121,-8.84867572784424,"Female"
"9004151",371994,2025-06-20 18:27:50,42.5399284362793,-8.84839916229248,"Female"
"9004151",371994,2025-06-20 18:33:29,42.5389289855957,-8.84871006011963,"Female"
"9004151",371994,2025-06-20 18:38:29,42.5390129089355,-8.85056018829346,"Female"
"9004151",371994,2025-06-20 18:43:57,42.5399322509766,-8.85172939300537,"Female"
"9004151",371994,2025-06-20 18:49:13,42.5392837524414,-8.85338306427002,"Female"
"9004151",371994,2025-06-20 18:55:01,42.5386161804199,-8.85479736328125,"Female"
"9004151",371994,2025-06-20 19:00:45,42.538387298584,-8.85586547851562,"Female"
"9004151",371994,2025-06-20 19:07:34,42.5370292663574,-8.85555171966553,"Female"
"9004151",371994,2025-06-20 19:14:39,42.5353622436523,-8.85514068603516,"Female"
"9004151",371994,2025-06-20 19:20:53,42.5339775085449,-8.85540199279785,"Female"
"9004151",371994,2025-06-20 19:24:38,42.5247650146484,-8.85421943664551,"Female"
"9004151",371994,2025-06-20 19:29:38,42.5246696472168,-8.85408973693848,"Female"
"9004151",371994,2025-06-20 19:34:38,42.524658203125,-8.85425090789795,"Female"
"9004151",371994,2025-06-20 19:39:38,42.5066452026367,-8.87817001342773,"Female"
"9004151",371994,2025-06-20 19:44:38,42.5041122436523,-8.88224124908447,"Female"
"9004151",371994,2025-06-20 19:49:38,42.4963645935059,-8.89328289031982,"Female"
"9004151",371994,2025-06-20 19:54:38,42.4873466491699,-8.90560626983643,"Female"
"9004151",371994,2025-06-20 19:59:40,42.4824485778809,-8.91543292999268,"Female"
"9004151",371994,2025-06-20 20:04:40,42.4634971618652,-8.94442558288574,"Female"
"9004151",371994,2025-06-20 20:11:06,42.4449005126953,-8.94239234924316,"Female"
"9004151",371994,2025-06-20 20:16:06,42.4181060791016,-8.9281702041626,"Female"
"9004151",371994,2025-06-20 20:21:06,42.4004096984863,-8.92107200622559,"Female"
"9004151",371994,2025-06-20 20:26:06,42.4003562927246,-8.92105579376221,"Female"
"9004151",371994,2025-06-20 20:31:06,42.4003601074219,-8.92106437683105,"Female"
"9004151",371994,2025-06-20 20:36:06,42.4003829956055,-8.92100143432617,"Female"
"9004151",371994,2025-06-20 20:41:06,42.4003791809082,-8.92097473144531,"Female"
"9004151",371994,2025-06-20 20:46:32,42.4003982543945,-8.92104434967041,"Female"
"9004151",371994,2025-06-20 20:51:04,42.4004096984863,-8.92111396789551,"Female"
"9004151",371994,2025-06-20 20:56:06,42.4004287719727,-8.9211368560791,"Female"
"9004151",371994,2025-06-20 21:01:06,42.4004516601562,-8.92114639282227,"Female"
"9004151",371994,2025-06-20 21:06:06,42.4004516601562,-8.92125034332275,"Female"
"9004151",371994,2025-06-20 21:11:05,42.4005126953125,-8.92136287689209,"Female"
"9004151",371994,2025-06-20 21:16:06,42.4004135131836,-8.92120170593262,"Female"
"9004151",371994,2025-06-20 21:21:06,42.4003486633301,-8.92108821868896,"Female"
"9004151",371994,2025-06-20 21:26:07,42.4003105163574,-8.92116832733154,"Female"
"9004151",371994,2025-06-20 21:31:07,42.4003219604492,-8.92125034332275,"Female"
"9004151",371994,2025-06-20 21:36:06,42.4003219604492,-8.921142578125,"Female"
"9004151",371994,2025-06-20 21:41:07,42.4004096984863,-8.92105102539062,"Female"
"9004151",371994,2025-06-20 21:46:06,42.4003028869629,-8.92117404937744,"Female"
"9004151",371994,2025-06-20 21:51:04,42.4003143310547,-8.9211950302124,"Female"
"9004151",371994,2025-06-20 21:56:06,42.4002685546875,-8.92123508453369,"Female"
"9004151",371994,2025-06-20 22:01:06,42.4002876281738,-8.92122459411621,"Female"
"9004151",371994,2025-06-20 22:06:12,42.4002876281738,-8.92118835449219,"Female"
"9004151",371994,2025-06-20 22:11:08,42.4002456665039,-8.9213342666626,"Female"
"9004151",371994,2025-06-20 22:16:06,42.4002914428711,-8.92119407653809,"Female"
"9004151",371994,2025-06-20 22:21:08,42.4002723693848,-8.92111206054688,"Female"
"9004151",371994,2025-06-20 22:26:08,42.4001350402832,-8.92132472991943,"Female"
"9004151",371994,2025-06-20 22:31:07,42.4003143310547,-8.92105388641357,"Female"
"9004151",371994,2025-06-20 22:36:06,42.4001045227051,-8.92126655578613,"Female"
"9004151",371994,2025-06-20 22:41:09,42.4004135131836,-8.92115116119385,"Female"
"9004151",371994,2025-06-20 22:46:35,42.4002838134766,-8.92116641998291,"Female"
"9004151",371994,2025-06-20 22:51:06,42.4003105163574,-8.92125034332275,"Female"
"9004151",371994,2025-06-20 22:56:04,42.4003715515137,-8.92118644714355,"Female"
"9004151",371994,2025-06-20 23:01:04,42.4002380371094,-8.92104625701904,"Female"
"9004151",371994,2025-06-20 23:06:10,42.4003829956055,-8.92106342315674,"Female"
"9004151",371994,2025-06-20 23:11:07,42.4003257751465,-8.92107772827148,"Female"
"9004151",371994,2025-06-20 23:16:06,42.4004898071289,-8.92105579376221,"Female"
"9004151",371994,2025-06-20 23:21:04,42.4003067016602,-8.92097663879395,"Female"
"9004151",371994,2025-06-20 23:26:06,42.4004173278809,-8.92100048065186,"Female"
"9004151",371994,2025-06-20 23:31:06,42.4003372192383,-8.92096996307373,"Female"
"9004151",371994,2025-06-20 23:36:04,42.4004249572754,-8.92100524902344,"Female"
"9004151",371994,2025-06-20 23:41:04,42.4002380371094,-8.92105960845947,"Female"
"9004151",371994,2025-06-20 23:46:06,42.4004211425781,-8.92098808288574,"Female"
"9004151",371994,2025-06-20 23:51:10,42.4000625610352,-8.92123031616211,"Female"
"9004151",371994,2025-06-20 23:56:06,42.4003219604492,-8.92111873626709,"Female"
"9004151",371994,2025-06-21 00:01:06,42.4002685546875,-8.92101860046387,"Female"
"9004151",371994,2025-06-21 00:06:06,42.400318145752,-8.92105197906494,"Female"
"9004151",371994,2025-06-21 00:11:06,42.4001922607422,-8.92108726501465,"Female"
"9004151",371994,2025-06-21 00:16:07,42.4002571105957,-8.92103004455566,"Female"
"9004151",371994,2025-06-21 00:21:06,42.4001007080078,-8.92117881774902,"Female"
"9004151",371994,2025-06-21 00:26:06,42.4002799987793,-8.92096614837646,"Female"
"9004151",371994,2025-06-21 00:31:07,42.4003410339355,-8.92099857330322,"Female"
"9004151",371994,2025-06-21 00:36:07,42.4003028869629,-8.9209098815918,"Female"
"9004151",371994,2025-06-21 00:41:06,42.4003982543945,-8.92101192474365,"Female"
"9004151",371994,2025-06-21 00:46:06,42.4002838134766,-8.92105865478516,"Female"
"9004151",371994,2025-06-21 00:51:09,42.4002647399902,-8.92113494873047,"Female"
"9004151",371994,2025-06-21 00:56:09,42.4002151489258,-8.92112064361572,"Female"
"9004151",371994,2025-06-21 01:01:09,42.400260925293,-8.92113494873047,"Female"
"9004151",371994,2025-06-21 01:06:13,42.4003372192383,-8.92097473144531,"Female"
"9004151",371994,2025-06-21 01:11:09,42.4003448486328,-8.92096614837646,"Female"
"9004151",371994,2025-06-21 01:16:09,42.4001922607422,-8.92105960845947,"Female"
"9004151",371994,2025-06-21 01:21:08,42.4002723693848,-8.92095279693604,"Female"
"9004151",371994,2025-06-21 01:26:10,42.4004707336426,-8.92089748382568,"Female"
"9004151",371994,2025-06-21 01:31:35,42.400333404541,-8.9208517074585,"Female"
"9004151",371994,2025-06-21 01:36:09,42.4002876281738,-8.92105484008789,"Female"
"9004151",371994,2025-06-21 01:41:12,42.4004135131836,-8.92108917236328,"Female"
"9004151",371994,2025-06-21 01:46:10,42.4003067016602,-8.92101669311523,"Female"
"9004151",371994,2025-06-21 01:51:10,42.4002914428711,-8.92110919952393,"Female"
"9004151",371994,2025-06-21 01:56:06,42.4001274108887,-8.92163467407227,"Female"
"9004151",371994,2025-06-21 02:01:06,42.4003067016602,-8.92117023468018,"Female"
"9004151",371994,2025-06-21 02:06:08,42.4002494812012,-8.92142391204834,"Female"
"9004151",371994,2025-06-21 02:11:06,42.4002532958984,-8.92139148712158,"Female"
"9004151",371994,2025-06-21 02:16:06,42.4001846313477,-8.92148399353027,"Female"
"9004151",371994,2025-06-21 02:21:06,42.4002456665039,-8.92133903503418,"Female"
"9004151",371994,2025-06-21 02:26:06,42.4002494812012,-8.92143249511719,"Female"
"9004151",371994,2025-06-21 02:31:10,42.3995323181152,-8.92284297943115,"Female"
"9004151",371994,2025-06-21 02:36:10,42.3998031616211,-8.92228126525879,"Female"
"9004151",371994,2025-06-21 02:41:06,42.4002571105957,-8.92137622833252,"Female"
"9004151",371994,2025-06-21 02:46:06,42.4004211425781,-8.92111206054688,"Female"
"9004151",371994,2025-06-21 02:51:06,42.4003868103027,-8.9212121963501,"Female"
"9004151",371994,2025-06-21 02:56:06,42.4003982543945,-8.9210729598999,"Female"
"9004151",371994,2025-06-21 03:01:08,42.4002113342285,-8.92153072357178,"Female"
"9004151",371994,2025-06-21 03:06:06,42.4002723693848,-8.92142200469971,"Female"
"9004151",371994,2025-06-21 03:11:06,42.4008598327637,-8.92049980163574,"Female"
"9004151",371994,2025-06-21 03:16:06,42.4008712768555,-8.92060565948486,"Female"
"9004151",371994,2025-06-21 03:21:08,42.4011535644531,-8.92023372650146,"Female"
"9004151",371994,2025-06-21 03:26:07,42.4010238647461,-8.9205436706543,"Female"
"9004151",371994,2025-06-21 03:31:10,42.4010124206543,-8.92056179046631,"Female"
"9004151",371994,2025-06-21 03:36:06,42.400936126709,-8.92072677612305,"Female"
"9004151",371994,2025-06-21 03:41:06,42.4009323120117,-8.92075252532959,"Female"
"9004151",371994,2025-06-21 03:46:06,42.4007568359375,-8.92103672027588,"Female"
"9004151",371994,2025-06-21 03:51:06,42.4009208679199,-8.92088317871094,"Female"
"9004151",371994,2025-06-21 03:56:08,42.4004440307617,-8.92153549194336,"Female"
"9004151",371994,2025-06-21 04:01:07,42.4004173278809,-8.92169952392578,"Female"
"9004151",371994,2025-06-21 04:06:06,42.400390625,-8.9217357635498,"Female"
"9004151",371994,2025-06-21 04:11:08,42.4003982543945,-8.92168521881104,"Female"
"9004151",371994,2025-06-21 04:16:09,42.4003410339355,-8.92173099517822,"Female"
"9004151",371994,2025-06-21 04:21:51,42.4006233215332,-8.92086696624756,"Female"
"9004151",371994,2025-06-21 04:26:22,42.4004783630371,-8.92101860046387,"Female"
"9004151",371994,2025-06-21 04:31:18,42.4005470275879,-8.92091655731201,"Female"
"9004151",371994,2025-06-21 04:36:12,42.4004859924316,-8.92098903656006,"Female"
"9004151",371994,2025-06-21 04:41:09,42.4003143310547,-8.92107200622559,"Female"
"9004151",371994,2025-06-21 04:51:20,42.4003868103027,-8.92142486572266,"Female"
"9004151",371994,2025-06-21 04:56:20,42.4001045227051,-8.92195796966553,"Female"
"9004151",371994,2025-06-21 05:01:28,42.3997116088867,-8.92261409759521,"Female"
"9004151",371994,2025-06-21 05:07:04,42.4003219604492,-8.92148876190186,"Female"
"9004151",371994,2025-06-21 05:11:18,42.4003295898438,-8.92197418212891,"Female"
"9004151",371994,2025-06-21 05:16:40,42.4004592895508,-8.9214563369751,"Female"
"9004151",371994,2025-06-21 05:21:17,42.4003982543945,-8.92154598236084,"Female"
"9004151",371994,2025-06-21 05:26:28,42.4003944396973,-8.92146968841553,"Female"
"9004151",371994,2025-06-21 05:31:16,42.4004364013672,-8.92159461975098,"Female"
"9004151",371994,2025-06-21 05:36:17,42.400390625,-8.9215145111084,"Female"
"9004151",371994,2025-06-21 05:42:09,42.4003791809082,-8.92126655578613,"Female"
"9004151",371994,2025-06-21 05:47:39,42.4003639221191,-8.92131519317627,"Female"
"9004151",371994,2025-06-21 05:51:48,42.4003486633301,-8.92136859893799,"Female"
"9004151",371994,2025-06-21 05:56:40,42.4003524780273,-8.92124366760254,"Female"
"9004151",371994,2025-06-21 06:01:30,42.4003448486328,-8.92118263244629,"Female"
"9004151",371994,2025-06-21 06:06:49,42.400333404541,-8.92123031616211,"Female"
"9004151",371994,2025-06-21 06:11:49,42.4003562927246,-8.92116165161133,"Female"
"9004151",371994,2025-06-21 06:17:39,42.4003448486328,-8.92101383209229,"Female"
"9004151",371994,2025-06-21 06:21:15,42.4000434875488,-8.92027759552002,"Female"
"9004151",371994,2025-06-21 06:26:15,42.4004554748535,-8.92092609405518,"Female"
"9004151",371994,2025-06-21 06:31:16,42.4005165100098,-8.92098140716553,"Female"
"9004151",371994,2025-06-21 06:36:17,42.4000244140625,-8.92018413543701,"Female"
"9004151",371994,2025-06-21 06:41:24,42.4004364013672,-8.92084503173828,"Female"
"9004151",371994,2025-06-21 06:46:19,42.4002227783203,-8.92048645019531,"Female"
"9004151",371994,2025-06-21 06:51:24,42.4004936218262,-8.92079162597656,"Female"
"9004151",371994,2025-06-21 06:56:44,42.4004783630371,-8.92085266113281,"Female"
"9004151",371994,2025-06-21 07:01:16,42.400333404541,-8.92073726654053,"Female"
"9004151",371994,2025-06-21 07:06:37,42.400089263916,-8.92138481140137,"Female"
"9004151",371994,2025-06-21 07:11:27,42.4000549316406,-8.92136383056641,"Female"
"9004151",371994,2025-06-21 07:16:16,42.3999900817871,-8.920823097229,"Female"
"9004151",371994,2025-06-21 07:21:16,42.3999252319336,-8.92086601257324,"Female"
"9004151",371994,2025-06-21 07:26:24,42.3999061584473,-8.9213981628418,"Female"
"9004151",371994,2025-06-21 07:31:16,42.3999443054199,-8.92121028900146,"Female"
"9004151",371994,2025-06-21 07:36:16,42.4001045227051,-8.92053699493408,"Female"
"9004151",371994,2025-06-21 07:41:18,42.399845123291,-8.92155075073242,"Female"
"9004151",371994,2025-06-21 07:46:16,42.4000473022461,-8.92066669464111,"Female"
"9004151",371994,2025-06-21 07:51:16,42.4000625610352,-8.92079734802246,"Female"
"9004151",371994,2025-06-21 07:56:15,42.4001083374023,-8.92089748382568,"Female"
"9004151",371994,2025-06-21 08:01:19,42.4001121520996,-8.92078495025635,"Female"
"9004151",371994,2025-06-21 08:06:15,42.4000358581543,-8.92111110687256,"Female"
"9004151",371994,2025-06-21 08:11:17,42.4001846313477,-8.92039489746094,"Female"
"9004151",371994,2025-06-21 08:16:15,42.4000968933105,-8.92039680480957,"Female"
"9004151",371994,2025-06-21 08:21:15,42.400146484375,-8.92029476165771,"Female"
"9004151",371994,2025-06-21 08:26:15,42.4001426696777,-8.92038631439209,"Female"
"9004151",371994,2025-06-21 08:31:16,42.4001007080078,-8.92032527923584,"Female"
"9004151",371994,2025-06-21 08:36:15,42.4000663757324,-8.92058181762695,"Female"
"9004151",371994,2025-06-21 08:41:15,42.4380302429199,-8.93146991729736,"Female"
"9004151",371994,2025-06-21 08:46:15,42.4761428833008,-8.93911457061768,"Female"
"9004151",371994,2025-06-21 08:51:15,42.5024147033691,-8.90650272369385,"Female"
"9004151",371994,2025-06-21 08:56:16,42.5127296447754,-8.87931537628174,"Female"
"9004151",371994,2025-06-21 09:01:15,42.5272102355957,-8.85892295837402,"Female"
"9004151",371994,2025-06-21 09:06:18,42.5364723205566,-8.85399055480957,"Female"
"9004151",371994,2025-06-21 09:11:15,42.5367469787598,-8.85354137420654,"Female"
"9004151",371994,2025-06-21 09:16:16,42.535945892334,-8.84866428375244,"Female"
"9004151",371994,2025-06-21 09:21:40,42.5348434448242,-8.84835052490234,"Female"
"9004151",371994,2025-06-21 09:26:40,42.5342636108398,-8.84936809539795,"Female"
"9004151",371994,2025-06-21 09:31:42,42.5334968566895,-8.85081577301025,"Female"
"9004151",371994,2025-06-21 09:37:43,42.532470703125,-8.85108470916748,"Female"
"9004151",371994,2025-06-21 09:43:24,42.5322608947754,-8.84960174560547,"Female"
"9004151",371994,2025-06-21 09:48:38,42.5323677062988,-8.84865474700928,"Female"
"9004151",371994,2025-06-21 09:54:07,42.533748626709,-8.84805583953857,"Female"
"9004151",371994,2025-06-21 09:59:43,42.5349655151367,-8.84734058380127,"Female"
"9004151",371994,2025-06-21 10:04:49,42.5352897644043,-8.84853267669678,"Female"
"9004151",371994,2025-06-21 10:10:05,42.5363006591797,-8.84913921356201,"Female"
"9004151",371994,2025-06-21 10:15:54,42.5370254516602,-8.849440574646,"Female"
"9004151",371994,2025-06-21 10:21:33,42.5383796691895,-8.84928894042969,"Female"
"9004151",371994,2025-06-21 10:26:31,42.5390167236328,-8.84986400604248,"Female"
"9004151",371994,2025-06-21 10:31:32,42.5387535095215,-8.85081577301025,"Female"
"9004151",371994,2025-06-21 10:36:32,42.5359268188477,-8.84847259521484,"Female"
"9004151",371994,2025-06-21 10:41:32,42.5262718200684,-8.84710597991943,"Female"
"9004151",371994,2025-06-21 10:46:35,42.5262298583984,-8.84704399108887,"Female"
"9004151",371994,2025-06-21 10:51:35,42.5262641906738,-8.84732246398926,"Female"
"9004151",371994,2025-06-21 10:56:36,42.5262260437012,-8.8470573425293,"Female"
"9004151",371994,2025-06-21 11:01:33,42.526180267334,-8.84700965881348,"Female"
"9004151",371994,2025-06-21 11:06:41,42.5261535644531,-8.84727191925049,"Female"
"9004151",371994,2025-06-21 11:11:32,42.526195526123,-8.84724807739258,"Female"
"9004151",371994,2025-06-21 11:16:32,42.5261650085449,-8.84725475311279,"Female"
"9004151",371994,2025-06-21 11:21:32,42.5261993408203,-8.84730529785156,"Female"
"9004151",371994,2025-06-21 11:26:32,42.5261306762695,-8.84731483459473,"Female"
"9004151",371994,2025-06-21 11:31:32,42.5262413024902,-8.84722137451172,"Female"
"9004151",371994,2025-06-21 11:36:32,42.5262870788574,-8.84719467163086,"Female"
"9004151",371994,2025-06-21 11:41:33,42.5260810852051,-8.84712028503418,"Female"
"9004151",371994,2025-06-21 11:46:33,42.5261840820312,-8.84736728668213,"Female"
"9004151",371994,2025-06-21 11:51:33,42.526195526123,-8.84736347198486,"Female"
"9004151",371994,2025-06-21 11:56:36,42.5261535644531,-8.84736442565918,"Female"
"9004151",371994,2025-06-21 12:01:37,42.5261497497559,-8.84607124328613,"Female"
"9004151",371994,2025-06-21 12:06:36,42.5261421203613,-8.84597969055176,"Female"
"9004151",371994,2025-06-21 12:11:33,42.5261421203613,-8.84598159790039,"Female"
"9004151",371994,2025-06-21 12:16:42,42.5263710021973,-8.84705257415771,"Female"
"9004151",371994,2025-06-21 12:21:32,42.5262489318848,-8.84701633453369,"Female"
"9004151",371994,2025-06-21 12:26:32,42.5263137817383,-8.84721088409424,"Female"
"9004151",371994,2025-06-21 12:31:32,42.5262985229492,-8.84720230102539,"Female"
"9004151",371994,2025-06-21 12:36:35,42.5264015197754,-8.84658432006836,"Female"
"9004151",371994,2025-06-21 12:41:32,42.5263366699219,-8.84729194641113,"Female"
"9004151",371994,2025-06-21 12:46:32,42.5262908935547,-8.8470983505249,"Female"
"9004151",371994,2025-06-21 12:51:40,42.5337295532227,-8.84899616241455,"Female"
"9004151",371994,2025-06-21 12:56:58,42.5350570678711,-8.848464012146,"Female"
"9004151",371994,2025-06-21 13:02:24,42.5360298156738,-8.84851264953613,"Female"
"9004151",371994,2025-06-21 13:07:39,42.5348129272461,-8.84832954406738,"Female"
"9004151",371994,2025-06-21 13:13:26,42.5358505249023,-8.84897899627686,"Female"
"9004151",371994,2025-06-21 13:18:13,42.5354194641113,-8.8489818572998,"Female"
"9004151",371994,2025-06-21 13:23:13,42.5261878967285,-8.8468074798584,"Female"
"9004151",371994,2025-06-21 13:28:17,42.5262298583984,-8.84679508209229,"Female"
"9004151",371994,2025-06-21 13:34:02,42.5262641906738,-8.84677314758301,"Female"
"9004151",371994,2025-06-21 13:39:23,42.526195526123,-8.8471794128418,"Female"
"9004151",371994,2025-06-21 13:44:42,42.5261878967285,-8.84705638885498,"Female"
"9004151",371994,2025-06-21 13:49:21,42.5262870788574,-8.84741878509521,"Female"
"9004151",371994,2025-06-21 13:54:23,42.5260467529297,-8.84725856781006,"Female"
"9004151",371994,2025-06-21 13:59:24,42.5263977050781,-8.84709072113037,"Female"
"9004151",371994,2025-06-21 14:04:24,42.5265350341797,-8.84759426116943,"Female"
"9004151",371994,2025-06-21 14:09:24,42.5263824462891,-8.84726047515869,"Female"
"9004151",371994,2025-06-21 14:14:21,42.5263710021973,-8.84726715087891,"Female"
"9004151",371994,2025-06-21 14:19:22,42.5262451171875,-8.84696578979492,"Female"
"9004151",371994,2025-06-21 14:24:21,42.5262870788574,-8.84698295593262,"Female"
"9004151",371994,2025-06-21 14:29:21,42.5263519287109,-8.84702682495117,"Female"
"9004151",371994,2025-06-21 14:34:44,42.5264739990234,-8.84713554382324,"Female"
"9004151",371994,2025-06-21 14:39:21,42.5264663696289,-8.84725475311279,"Female"
"9004151",371994,2025-06-21 14:44:24,42.5264549255371,-8.84676742553711,"Female"
"9004151",371994,2025-06-21 14:49:30,42.5263595581055,-8.84698295593262,"Female"
"9004151",371994,2025-06-21 14:54:21,42.5263595581055,-8.8476095199585,"Female"
"9004151",371994,2025-06-21 14:59:25,42.5263557434082,-8.84702587127686,"Female"
"9004151",371994,2025-06-21 15:04:22,42.5263595581055,-8.84690475463867,"Female"
"9004151",371994,2025-06-21 15:09:30,42.5263252258301,-8.84697437286377,"Female"
"9004151",371994,2025-06-21 15:14:22,42.5268135070801,-8.84625625610352,"Female"
"9004151",371994,2025-06-21 15:19:21,42.5263633728027,-8.84794235229492,"Female"
"9004151",371994,2025-06-21 15:24:21,42.5263557434082,-8.84784412384033,"Female"
"9004151",371994,2025-06-21 15:29:21,42.5263824462891,-8.84793567657471,"Female"
"9004151",371994,2025-06-21 15:34:43,42.5265693664551,-8.84688758850098,"Female"
"9004151",371994,2025-06-21 15:39:21,42.5264205932617,-8.84684467315674,"Female"
"9004151",371994,2025-06-21 15:44:23,42.5264892578125,-8.84706401824951,"Female"
"9004151",371994,2025-06-21 15:49:21,42.5264701843262,-8.84702968597412,"Female"
"9004151",371994,2025-06-21 15:54:21,42.5264549255371,-8.84716129302979,"Female"
"9004151",371994,2025-06-21 15:59:21,42.5263900756836,-8.84706401824951,"Female"
"9004151",371994,2025-06-21 16:04:21,42.5263710021973,-8.84710693359375,"Female"
"9004151",371994,2025-06-21 16:09:21,42.5263710021973,-8.84710216522217,"Female"
"9004151",371994,2025-06-21 16:14:21,42.5264663696289,-8.84724998474121,"Female"
"9004151",371994,2025-06-21 16:19:24,42.527702331543,-8.84871578216553,"Female"
"9004151",371994,2025-06-21 16:24:21,42.5354423522949,-8.85342311859131,"Female"
"9004151",371994,2025-06-21 16:29:23,42.5352363586426,-8.85186195373535,"Female"
"9004151",371994,2025-06-21 16:35:05,42.5349349975586,-8.85074520111084,"Female"
"9004151",371994,2025-06-21 16:40:21,42.5348815917969,-8.84916973114014,"Female"
"9004151",371994,2025-06-21 16:45:28,42.5352439880371,-8.8483829498291,"Female"
"9004151",371994,2025-06-21 16:50:39,42.5364112854004,-8.85061454772949,"Female"
"9004151",371994,2025-06-21 16:55:39,42.5363464355469,-8.84969902038574,"Female"
"9004151",371994,2025-06-21 17:00:39,42.5358657836914,-8.84877300262451,"Female"
"9004151",371994,2025-06-21 17:06:00,42.5351715087891,-8.84855461120605,"Female"
"9004151",371994,2025-06-21 17:11:23,42.53564453125,-8.84757900238037,"Female"
"9004151",371994,2025-06-21 17:16:29,42.5360260009766,-8.84881591796875,"Female"
"9004151",371994,2025-06-21 17:21:46,42.5370101928711,-8.84836959838867,"Female"
"9004151",371994,2025-06-21 17:27:03,42.5378303527832,-8.84798717498779,"Female"
"9004151",371994,2025-06-21 17:31:48,42.5382957458496,-8.84746932983398,"Female"
"9004151",371994,2025-06-21 17:36:48,42.5389785766602,-8.84726142883301,"Female"
"9004151",371994,2025-06-21 17:41:52,42.5393218994141,-8.84867382049561,"Female"
"9004151",371994,2025-06-21 17:46:51,42.5390243530273,-8.84985256195068,"Female"
"9004151",371994,2025-06-21 17:51:52,42.5392417907715,-8.84979057312012,"Female"
"9004151",371994,2025-06-21 17:56:51,42.5398025512695,-8.84921646118164,"Female"
"9004151",371994,2025-06-21 18:01:51,42.5404472351074,-8.84870147705078,"Female"
"9004151",371994,2025-06-21 18:07:36,42.5395202636719,-8.84816074371338,"Female"
"9004151",371994,2025-06-21 18:12:35,42.5391502380371,-8.84777545928955,"Female"
"9004151",371994,2025-06-21 18:17:46,42.538257598877,-8.84848785400391,"Female"
"9004151",371994,2025-06-21 18:23:04,42.5369873046875,-8.84810352325439,"Female"
"9004151",371994,2025-06-21 18:30:35,42.5358047485352,-8.8477611541748,"Female"
"9004151",371994,2025-06-21 18:36:00,42.5349197387695,-8.84830856323242,"Female"
"9004151",371994,2025-06-21 18:40:58,42.5317840576172,-8.84959983825684,"Female"
"9004151",371994,2025-06-21 18:46:14,42.5260581970215,-8.84669494628906,"Female"
"9004151",371994,2025-06-21 18:50:52,42.5261421203613,-8.84677505493164,"Female"
"9004151",371994,2025-06-21 18:55:52,42.5089645385742,-8.86924171447754,"Female"
"9004151",371994,2025-06-21 19:00:57,42.4962959289551,-8.89112377166748,"Female"
"9004151",371994,2025-06-21 19:05:53,42.4954414367676,-8.89844512939453,"Female"
"9004151",371994,2025-06-21 19:10:57,42.4796371459961,-8.92731189727783,"Female"
"9004151",371994,2025-06-21 19:15:52,42.4699172973633,-8.94218063354492,"Female"
"9004151",371994,2025-06-21 19:20:52,42.4707946777344,-8.9438009262085,"Female"
"9004151",371994,2025-06-21 19:25:52,42.4706726074219,-8.94353008270264,"Female"
"9004151",371994,2025-06-21 19:31:11,42.4707641601562,-8.94371604919434,"Female"
"9004151",371994,2025-06-21 19:35:52,42.4592590332031,-8.94485378265381,"Female"
"9004151",371994,2025-06-21 19:40:52,42.4175224304199,-8.92829036712646,"Female"
"9004151",371994,2025-06-21 19:46:11,42.3999443054199,-8.92216396331787,"Female"
"9004151",371994,2025-06-21 19:50:54,42.4001579284668,-8.92210674285889,"Female"
"9004151",371994,2025-06-21 19:56:07,42.400520324707,-8.92076301574707,"Female"
"9004151",371994,2025-06-21 20:01:00,42.4009857177734,-8.91984272003174,"Female"
"9004151",371994,2025-06-21 20:06:19,42.4004402160645,-8.92107486724854,"Female"
"9004151",371994,2025-06-21 20:10:52,42.4003639221191,-8.92104148864746,"Female"
"9004151",371994,2025-06-21 20:15:52,42.4003143310547,-8.92145824432373,"Female"
"9004151",371994,2025-06-21 20:20:55,42.4004516601562,-8.92098331451416,"Female"
"9004151",371994,2025-06-21 20:25:52,42.4003868103027,-8.92099189758301,"Female"
"9004151",371994,2025-06-21 20:30:55,42.4004592895508,-8.92088413238525,"Female"
"9004151",371994,2025-06-21 20:35:53,42.4004592895508,-8.92093372344971,"Female"
"9004151",371994,2025-06-21 20:41:00,42.4002952575684,-8.92116069793701,"Female"
"9004151",371994,2025-06-21 20:45:57,42.4003524780273,-8.92109775543213,"Female"
"9004151",371994,2025-06-21 20:50:57,42.4002723693848,-8.92115116119385,"Female"
"9004151",371994,2025-06-21 20:55:58,42.4002571105957,-8.92120265960693,"Female"
"9004151",371994,2025-06-21 21:00:57,42.4000473022461,-8.92107200622559,"Female"
"9004151",371994,2025-06-21 21:05:57,42.4002952575684,-8.92110919952393,"Female"
"9004151",371994,2025-06-21 21:10:58,42.4002838134766,-8.92110919952393,"Female"
"9004151",371994,2025-06-21 21:15:52,42.4003295898438,-8.92106819152832,"Female"
"9004151",371994,2025-06-21 21:21:01,42.4002876281738,-8.92111110687256,"Female"
"9004151",371994,2025-06-21 21:25:52,42.4003486633301,-8.92108631134033,"Female"
"9004151",371994,2025-06-21 21:30:55,42.4001579284668,-8.9211540222168,"Female"
"9004151",371994,2025-06-21 21:35:52,42.4003143310547,-8.92100811004639,"Female"
"9004151",371994,2025-06-21 21:41:14,42.4003639221191,-8.92100811004639,"Female"
"9004151",371994,2025-06-21 21:45:55,42.4003067016602,-8.92104244232178,"Female"
"9004151",371994,2025-06-21 21:50:58,42.4003105163574,-8.92100429534912,"Female"
"9004151",371994,2025-06-21 21:56:00,42.4004287719727,-8.92099380493164,"Female"
"9004151",371994,2025-06-21 22:00:54,42.4006042480469,-8.92098045349121,"Female"
"9004151",371994,2025-06-21 22:05:58,42.4005317687988,-8.92074966430664,"Female"
"9004151",371994,2025-06-21 22:10:58,42.3998870849609,-8.92164325714111,"Female"
"9004151",371994,2025-06-21 22:15:52,42.3999404907227,-8.92119693756104,"Female"
"9004151",371994,2025-06-21 22:21:00,42.4000625610352,-8.92144584655762,"Female"
"9004151",371994,2025-06-21 22:25:54,42.400146484375,-8.92146492004395,"Female"
"9004151",371994,2025-06-21 22:31:15,42.4003715515137,-8.92086791992188,"Female"
"9004151",371994,2025-06-21 22:35:54,42.4002876281738,-8.92111873626709,"Female"
"9004151",371994,2025-06-21 22:40:54,42.4003067016602,-8.92067432403564,"Female"
"9004151",371994,2025-06-21 22:45:52,42.4003791809082,-8.92066478729248,"Female"
"9004151",371994,2025-06-21 22:51:00,42.4003028869629,-8.92079257965088,"Female"
"9004151",371994,2025-06-21 22:56:00,42.4003219604492,-8.92104721069336,"Female"
"9004151",371994,2025-06-21 23:00:55,42.400276184082,-8.92102527618408,"Female"
"9004151",371994,2025-06-21 23:06:06,42.4002914428711,-8.92095184326172,"Female"
"9004151",371994,2025-06-21 23:11:19,42.4002456665039,-8.92112064361572,"Female"
"9004151",371994,2025-06-21 23:15:51,42.4003753662109,-8.92134952545166,"Female"
"9004151",371994,2025-06-21 23:20:52,42.4004554748535,-8.9213342666626,"Female"
"9004151",371994,2025-06-21 23:25:52,42.400276184082,-8.92129707336426,"Female"
"9004151",371994,2025-06-21 23:30:52,42.4004287719727,-8.92127895355225,"Female"
"9004151",371994,2025-06-21 23:35:52,42.4003601074219,-8.92131042480469,"Female"
"9004151",371994,2025-06-21 23:40:52,42.4004173278809,-8.92130661010742,"Female"
"9004151",371994,2025-06-21 23:45:51,42.4003028869629,-8.92118549346924,"Female"
"9004151",371994,2025-06-21 23:50:52,42.4003715515137,-8.92120170593262,"Female"
"9004151",371994,2025-06-21 23:55:52,42.4004173278809,-8.92118453979492,"Female"
"9004151",371994,2025-06-22 00:00:52,42.4003601074219,-8.92117595672607,"Female"
"9004151",371994,2025-06-22 00:05:52,42.4003448486328,-8.92118263244629,"Female"
"9004151",371994,2025-06-22 00:10:52,42.4003372192383,-8.92122268676758,"Female"
"9004151",371994,2025-06-22 00:15:52,42.4004135131836,-8.92122650146484,"Female"
"9004151",371994,2025-06-22 00:20:53,42.4004096984863,-8.92118740081787,"Female"
"9004151",371994,2025-06-22 00:25:52,42.4004745483398,-8.92112350463867,"Female"
"9004151",371994,2025-06-22 00:30:53,42.4003715515137,-8.92125415802002,"Female"
"9004151",371994,2025-06-22 00:35:53,42.4002227783203,-8.92134571075439,"Female"
"9004151",371994,2025-06-22 00:40:53,42.400333404541,-8.92121601104736,"Female"
"9004151",371994,2025-06-22 00:45:53,42.4003410339355,-8.92123508453369,"Female"
"9004151",371994,2025-06-22 00:51:10,42.3999786376953,-8.92134666442871,"Female"
"9004151",371994,2025-06-22 00:55:54,42.4004783630371,-8.92151355743408,"Female"
"9004151",371994,2025-06-22 01:01:13,42.4004096984863,-8.92112922668457,"Female"
"9004151",371994,2025-06-22 01:06:01,42.4003448486328,-8.92109203338623,"Female"
"9004151",371994,2025-06-22 01:11:23,42.4004287719727,-8.92109298706055,"Female"
"9004151",371994,2025-06-22 01:15:51,42.400447845459,-8.9210205078125,"Female"
"9004151",371994,2025-06-22 01:20:52,42.4004554748535,-8.9211483001709,"Female"
"9004151",371994,2025-06-22 01:25:52,42.400447845459,-8.92108821868896,"Female"
"9004151",371994,2025-06-22 01:30:52,42.4006423950195,-8.92104244232178,"Female"
"9004151",371994,2025-06-22 01:35:54,42.3999862670898,-8.92118740081787,"Female"
"9004151",371994,2025-06-22 01:40:52,42.4004821777344,-8.92090129852295,"Female"
"9004151",371994,2025-06-22 01:45:54,42.400936126709,-8.92124176025391,"Female"
"9004151",371994,2025-06-22 01:51:07,42.400749206543,-8.92144775390625,"Female"
"9004151",371994,2025-06-22 01:56:00,42.4007873535156,-8.92160797119141,"Female"
"9004151",371994,2025-06-22 02:01:14,42.4006996154785,-8.92192649841309,"Female"
"9004151",371994,2025-06-22 02:06:00,42.4007568359375,-8.92138290405273,"Female"
"9004151",371994,2025-06-22 02:11:00,42.4007110595703,-8.92166042327881,"Female"
"9004151",371994,2025-06-22 02:16:00,42.4006805419922,-8.92176246643066,"Female"
"9004151",371994,2025-06-22 02:20:57,42.4005737304688,-8.92145442962646,"Female"
"9004151",371994,2025-06-22 02:25:54,42.4001693725586,-8.92108249664307,"Female"
"9004151",371994,2025-06-22 02:30:54,42.4005432128906,-8.92141342163086,"Female"
"9004151",371994,2025-06-22 02:35:57,42.4003639221191,-8.92171573638916,"Female"
"9004151",371994,2025-06-22 02:40:54,42.4006958007812,-8.92110061645508,"Female"
"9004151",371994,2025-06-22 02:46:14,42.4004821777344,-8.92107009887695,"Female"
"9004151",371994,2025-06-22 02:50:54,42.4006958007812,-8.92103099822998,"Female"
"9004151",371994,2025-06-22 02:55:53,42.4005393981934,-8.92094039916992,"Female"
"9004151",371994,2025-06-22 03:00:52,42.4004592895508,-8.92117500305176,"Female"
"9004151",371994,2025-06-22 03:05:52,42.400505065918,-8.92113780975342,"Female"
"9004151",371994,2025-06-22 03:10:52,42.400520324707,-8.92108249664307,"Female"
"9004151",371994,2025-06-22 03:15:52,42.4004554748535,-8.92119598388672,"Female"
"9004151",371994,2025-06-22 03:20:52,42.4004859924316,-8.92108058929443,"Female"
"9004151",371994,2025-06-22 03:25:53,42.4005126953125,-8.92127227783203,"Female"
"9004151",371994,2025-06-22 03:31:00,42.4003677368164,-8.92126750946045,"Female"
"9004151",371994,2025-06-22 03:35:58,42.4004402160645,-8.92141914367676,"Female"
"9004151",371994,2025-06-22 03:41:12,42.4004135131836,-8.92124652862549,"Female"
"9004151",371994,2025-06-22 03:45:53,42.4004783630371,-8.92111396789551,"Female"
"9004151",371994,2025-06-22 03:50:52,42.400390625,-8.92158985137939,"Female"
"9004151",371994,2025-06-22 03:55:52,42.4004020690918,-8.9212007522583,"Female"
"9004151",371994,2025-06-22 04:00:52,42.4003372192383,-8.92125511169434,"Female"
"9004151",371994,2025-06-22 04:06:01,42.4002723693848,-8.92145347595215,"Female"
"9004151",371994,2025-06-22 04:11:00,42.4002838134766,-8.9213285446167,"Female"
"9004151",371994,2025-06-22 04:16:07,42.4003067016602,-8.92141723632812,"Female"
"9004151",371994,2025-06-22 04:21:14,42.4000282287598,-8.92160701751709,"Female"
"9004151",371994,2025-06-22 04:26:13,42.4003791809082,-8.92153644561768,"Female"
"9004151",371994,2025-06-22 04:31:00,42.3999900817871,-8.92145729064941,"Female"
"9004151",371994,2025-06-22 04:35:58,42.4001541137695,-8.9211893081665,"Female"
"9004151",371994,2025-06-22 04:40:58,42.4002113342285,-8.92132472991943,"Female"
"9004151",371994,2025-06-22 04:47:44,42.4000587463379,-8.92160511016846,"Female"
"9004151",371994,2025-06-22 04:51:21,42.4000205993652,-8.9216833114624,"Female"
"9004151",371994,2025-06-22 04:56:21,42.3999977111816,-8.92156791687012,"Female"
"9004151",371994,2025-06-22 05:02:44,42.4003295898438,-8.92131042480469,"Female"
"9004151",371994,2025-06-22 05:07:15,42.4001579284668,-8.9216194152832,"Female"
"9004151",371994,2025-06-22 05:12:23,42.4004402160645,-8.92108058929443,"Female"
"9004151",371994,2025-06-22 05:16:23,42.400463104248,-8.92108154296875,"Female"
"9004151",371994,2025-06-22 05:21:29,42.4004592895508,-8.92106437683105,"Female"
"9004151",371994,2025-06-22 05:26:29,42.4004554748535,-8.92107200622559,"Female"
"9004151",371994,2025-06-22 05:31:34,42.4004592895508,-8.92098236083984,"Female"
"9004151",371994,2025-06-22 05:36:25,42.4004249572754,-8.92108345031738,"Female"
"9004151",371994,2025-06-22 05:41:23,42.400463104248,-8.92105674743652,"Female"
"9004151",371994,2025-06-22 05:47:44,42.4004783630371,-8.9210205078125,"Female"
"9004151",371994,2025-06-22 05:51:44,42.4004440307617,-8.92107009887695,"Female"
"9004151",371994,2025-06-22 05:56:21,42.4003982543945,-8.9211368560791,"Female"
"9004151",371994,2025-06-22 06:01:21,42.4003982543945,-8.92114448547363,"Female"
"9004151",371994,2025-06-22 06:06:21,42.4004936218262,-8.92100429534912,"Female"
"9004151",371994,2025-06-22 06:11:22,42.4004096984863,-8.92104339599609,"Female"
"9004151",371994,2025-06-22 06:16:27,42.4003982543945,-8.92091941833496,"Female"
"9004151",371994,2025-06-22 06:21:21,42.400463104248,-8.92096519470215,"Female"
"9004151",371994,2025-06-22 06:26:20,42.4004745483398,-8.92095470428467,"Female"
"9004151",371994,2025-06-22 06:31:30,42.4004211425781,-8.92085456848145,"Female"
"9004151",371994,2025-06-22 06:36:23,42.4007415771484,-8.92133808135986,"Female"
"9004151",371994,2025-06-22 06:41:30,42.4005661010742,-8.92082023620605,"Female"
"9004151",371994,2025-06-22 06:46:30,42.3998069763184,-8.92158985137939,"Female"
"9004151",371994,2025-06-22 06:51:31,42.3997917175293,-8.92150497436523,"Female"
"9004151",371994,2025-06-22 06:56:21,42.3996391296387,-8.92166614532471,"Female"
"9004151",371994,2025-06-22 07:01:30,42.399585723877,-8.92178916931152,"Female"
"9004151",371994,2025-06-22 07:06:27,42.3993606567383,-8.92206382751465,"Female"
"9004151",371994,2025-06-22 07:11:30,42.3993377685547,-8.92215156555176,"Female"
"9004151",371994,2025-06-22 07:16:30,42.3992080688477,-8.92226982116699,"Female"
"9004151",371994,2025-06-22 07:21:35,42.3982276916504,-8.92351245880127,"Female"
"9004151",371994,2025-06-22 07:26:53,42.3997116088867,-8.92193222045898,"Female"
"9004151",371994,2025-06-22 07:31:20,42.3999710083008,-8.92166996002197,"Female"
"9004151",371994,2025-06-22 07:36:20,42.3999061584473,-8.92167472839355,"Female"
"9004151",371994,2025-06-22 07:41:20,42.400016784668,-8.92154407501221,"Female"
"9004151",371994,2025-06-22 07:46:20,42.4000434875488,-8.92149353027344,"Female"
"9004151",371994,2025-06-22 07:51:20,42.4000473022461,-8.92147350311279,"Female"
"9004151",371994,2025-06-22 07:56:20,42.4000091552734,-8.92145442962646,"Female"
"9004151",371994,2025-06-22 08:01:20,42.400146484375,-8.92141056060791,"Female"
"9004151",371994,2025-06-22 08:06:20,42.4001083374023,-8.92133045196533,"Female"
"9004151",371994,2025-06-22 08:11:20,42.4000663757324,-8.92136859893799,"Female"
"9004151",371994,2025-06-22 08:16:20,42.4001235961914,-8.92116832733154,"Female"
"9004151",371994,2025-06-22 08:21:20,42.4001312255859,-8.92187309265137,"Female"
"9004151",371994,2025-06-22 08:26:21,42.4001426696777,-8.92144107818604,"Female"
"9004151",371994,2025-06-22 08:31:21,42.4001159667969,-8.92151737213135,"Female"
"9004151",371994,2025-06-22 08:36:21,42.4002113342285,-8.92109489440918,"Female"
"9004151",371994,2025-06-22 08:41:25,42.4003143310547,-8.92117691040039,"Female"
"9004151",371994,2025-06-22 08:46:24,42.400218963623,-8.92132091522217,"Female"
"9004151",371994,2025-06-22 08:51:25,42.4002838134766,-8.92121315002441,"Female"
"9004151",371994,2025-06-22 08:56:22,42.4001770019531,-8.92084789276123,"Female"
"9004151",371994,2025-06-22 09:01:24,42.4001960754395,-8.92069244384766,"Female"
"9004151",371994,2025-06-22 09:06:22,42.4001998901367,-8.92042636871338,"Female"
"9004151",371994,2025-06-22 09:11:36,42.400333404541,-8.92121028900146,"Female"
"9004151",371994,2025-06-22 09:16:41,42.4002990722656,-8.92122554779053,"Female"
"9004151",371994,2025-06-22 09:21:20,42.4002723693848,-8.92115306854248,"Female"
"9004151",371994,2025-06-22 09:26:21,42.4093818664551,-8.92149257659912,"Female"
"9004151",371994,2025-06-22 09:31:21,42.4145355224609,-8.9172830581665,"Female"
"9004151",371994,2025-06-22 09:36:21,42.414722442627,-8.91597270965576,"Female"
"9004151",371994,2025-06-22 09:41:41,42.4160423278809,-8.91358852386475,"Female"
"9004151",371994,2025-06-22 09:46:48,42.4198265075684,-8.90713024139404,"Female"
"9004151",371994,2025-06-22 09:51:41,42.4205513000488,-8.90760612487793,"Female"
"9004151",371994,2025-06-22 09:56:42,42.4216461181641,-8.90837097167969,"Female"
"9004151",371994,2025-06-22 10:05:05,42.4251098632812,-8.90823841094971,"Female"
"9004151",371994,2025-06-22 10:09:57,42.439624786377,-8.90170288085938,"Female"
"9004151",371994,2025-06-22 10:14:54,42.4398651123047,-8.90201282501221,"Female"
"9004151",371994,2025-06-22 10:20:00,42.4353485107422,-8.90524578094482,"Female"
"9004151",371994,2025-06-22 10:25:13,42.4341773986816,-8.90627288818359,"Female"
"9004151",371994,2025-06-22 10:29:52,42.4338150024414,-8.90672206878662,"Female"
"9004151",371994,2025-06-22 10:35:34,42.4332962036133,-8.90627288818359,"Female"
"9004151",371994,2025-06-22 10:40:31,42.4324188232422,-8.90506362915039,"Female"
"9004151",371994,2025-06-22 10:45:39,42.4322128295898,-8.90408802032471,"Female"
"9004151",371994,2025-06-22 10:50:39,42.4319610595703,-8.90276718139648,"Female"
"9004151",371994,2025-06-22 10:55:39,42.4319038391113,-8.90182876586914,"Female"
"9004151",371994,2025-06-22 11:00:39,42.4314079284668,-8.90116405487061,"Female"
"9004151",371994,2025-06-22 11:05:39,42.4306259155273,-8.90073871612549,"Female"
"9004151",371994,2025-06-22 11:10:39,42.4307441711426,-8.90076637268066,"Female"
"9004151",371994,2025-06-22 11:15:39,42.4316139221191,-8.90263938903809,"Female"
"9004151",371994,2025-06-22 11:20:39,42.4341049194336,-8.9030122756958,"Female"
"9004151",371994,2025-06-22 11:25:38,42.4349822998047,-8.90340232849121,"Female"
"9004151",371994,2025-06-22 11:30:40,42.4350662231445,-8.9040699005127,"Female"
"9004151",371994,2025-06-22 11:36:13,42.4357414245605,-8.90510749816895,"Female"
"9004151",371994,2025-06-22 11:41:13,42.4345397949219,-8.90630531311035,"Female"
"9004151",371994,2025-06-22 11:45:56,42.4337310791016,-8.90667152404785,"Female"
"9004151",371994,2025-06-22 11:50:54,42.4326972961426,-8.90627574920654,"Female"
"9004151",371994,2025-06-22 11:55:55,42.4127006530762,-8.91015911102295,"Female"
"9004151",371994,2025-06-22 12:00:54,42.4004096984863,-8.92055034637451,"Female"
"9004151",371994,2025-06-22 12:06:14,42.4010696411133,-8.92089176177979,"Female"
"9004151",371994,2025-06-22 12:10:44,42.4011116027832,-8.92089176177979,"Female"
"9004151",371994,2025-06-22 12:15:45,42.4010429382324,-8.92093467712402,"Female"
"9004151",371994,2025-06-22 12:20:43,42.4010429382324,-8.9209041595459,"Female"
"9004151",371994,2025-06-22 12:26:04,42.4010124206543,-8.92096138000488,"Female"
"9004151",371994,2025-06-22 12:30:42,42.4009780883789,-8.92090511322021,"Female"
"9004151",371994,2025-06-22 12:35:42,42.4010429382324,-8.92091178894043,"Female"
"9004151",371994,2025-06-22 12:40:42,42.4009552001953,-8.92093181610107,"Female"
"9004151",371994,2025-06-22 12:45:42,42.4009208679199,-8.92088413238525,"Female"
"9004151",371994,2025-06-22 12:50:42,42.400936126709,-8.92092418670654,"Female"
"9004151",371994,2025-06-22 12:55:46,42.4011306762695,-8.92080402374268,"Female"
"9004151",371994,2025-06-22 13:01:05,42.4009742736816,-8.92095470428467,"Female"
"9004151",371994,2025-06-22 13:05:42,42.4008827209473,-8.92102241516113,"Female"
"9004151",371994,2025-06-22 13:10:41,42.40087890625,-8.9209566116333,"Female"
"9004151",371994,2025-06-22 13:15:42,42.4012222290039,-8.92102241516113,"Female"
"9004151",371994,2025-06-22 13:20:42,42.4012985229492,-8.92094898223877,"Female"
"9004151",371994,2025-06-22 13:25:42,42.4011993408203,-8.92098045349121,"Female"
"9004151",371994,2025-06-22 13:30:42,42.4012451171875,-8.92098236083984,"Female"
"9004151",371994,2025-06-22 13:35:46,42.4096069335938,-8.91248321533203,"Female"
"9004151",371994,2025-06-22 13:40:42,42.4095764160156,-8.91143131256104,"Female"
"9004151",371994,2025-06-22 13:45:42,42.4127197265625,-8.90906143188477,"Female"
"9004151",371994,2025-06-22 13:50:42,42.4156913757324,-8.90762615203857,"Female"
"9004151",371994,2025-06-22 13:55:42,42.4170608520508,-8.90748882293701,"Female"
"9004151",371994,2025-06-22 14:00:42,42.4175643920898,-8.90777111053467,"Female"
"9004151",371994,2025-06-22 14:05:42,42.4190559387207,-8.90772151947021,"Female"
"9004151",371994,2025-06-22 14:11:32,42.4233322143555,-8.90522766113281,"Female"
"9004151",371994,2025-06-22 14:16:55,42.4238510131836,-8.90392971038818,"Female"
"9004151",371994,2025-06-22 14:21:45,42.4245948791504,-8.90328121185303,"Female"
"9004151",371994,2025-06-22 14:26:46,42.4283676147461,-8.90185928344727,"Female"
"9004151",371994,2025-06-22 14:31:48,42.4324913024902,-8.90239238739014,"Female"
"9004151",371994,2025-06-22 14:36:46,42.4330902099609,-8.90196895599365,"Female"
"9004151",371994,2025-06-22 14:41:46,42.4340744018555,-8.90382862091064,"Female"
"9004151",371994,2025-06-22 14:46:46,42.4346504211426,-8.90416812896729,"Female"
"9004151",371994,2025-06-22 14:51:49,42.4339027404785,-8.90426731109619,"Female"
"9004151",371994,2025-06-22 14:57:09,42.4346389770508,-8.90546131134033,"Female"
"9004151",371994,2025-06-22 15:03:10,42.4340476989746,-8.90622425079346,"Female"
"9004151",371994,2025-06-22 15:08:09,42.4340629577637,-8.90663433074951,"Female"
"9004151",371994,2025-06-22 15:13:09,42.4334754943848,-8.90700340270996,"Female"
"9004151",371994,2025-06-22 15:18:08,42.432689666748,-8.90792846679688,"Female"
"9004151",371994,2025-06-22 15:23:10,42.4319801330566,-8.90822219848633,"Female"
"9004151",371994,2025-06-22 15:28:19,42.430591583252,-8.90804386138916,"Female"
"9004151",371994,2025-06-22 15:33:12,42.3999443054199,-8.92062854766846,"Female"
"9004151",371994,2025-06-22 15:38:35,42.4004287719727,-8.92101383209229,"Female"
"9004151",371994,2025-06-22 15:43:08,42.4003562927246,-8.92102909088135,"Female"
"9004151",371994,2025-06-22 15:48:07,42.4003677368164,-8.92100143432617,"Female"
"9004151",371994,2025-06-22 15:53:07,42.4004058837891,-8.92102813720703,"Female"
"9004151",371994,2025-06-22 15:58:07,42.4003295898438,-8.92115211486816,"Female"
"9004151",371994,2025-06-22 16:03:07,42.4004020690918,-8.92100238800049,"Female"
"9004151",371994,2025-06-22 16:08:07,42.4004058837891,-8.9210901260376,"Female"
"9004151",371994,2025-06-22 16:13:07,42.4004974365234,-8.92096614837646,"Female"
"9004151",371994,2025-06-22 16:18:07,42.4004364013672,-8.92099475860596,"Female"
"9004151",371994,2025-06-22 16:23:07,42.400447845459,-8.92097282409668,"Female"
"9004151",371994,2025-06-22 16:28:08,42.4003791809082,-8.92110347747803,"Female"
"9004151",371994,2025-06-22 16:33:10,42.4005661010742,-8.92082691192627,"Female"
"9004151",371994,2025-06-22 16:38:29,42.4005546569824,-8.92082405090332,"Female"
"9004151",371994,2025-06-22 16:44:14,42.4005165100098,-8.92091464996338,"Female"
"9004151",371994,2025-06-22 16:48:19,42.4005317687988,-8.92086029052734,"Female"
"9004151",371994,2025-06-22 16:53:17,42.4004974365234,-8.92096424102783,"Female"
"9004151",371994,2025-06-22 16:58:08,42.4004440307617,-8.92101383209229,"Female"
"9004151",371994,2025-06-22 17:03:09,42.4004402160645,-8.92093849182129,"Female"
"9004151",371994,2025-06-22 17:08:08,42.4005928039551,-8.92091369628906,"Female"
"9004151",371994,2025-06-22 17:13:08,42.4004249572754,-8.92095947265625,"Female"
"9004151",371994,2025-06-22 17:18:08,42.4004287719727,-8.92091369628906,"Female"
"9004151",371994,2025-06-22 17:23:08,42.4003982543945,-8.92103481292725,"Female"
"9004151",371994,2025-06-22 17:28:08,42.4004898071289,-8.92092227935791,"Female"
"9004151",371994,2025-06-22 17:33:08,42.4004554748535,-8.92105674743652,"Female"
"9004151",371994,2025-06-22 17:38:08,42.4004974365234,-8.92098236083984,"Female"
"9004151",371994,2025-06-22 17:43:08,42.4004135131836,-8.9210376739502,"Female"
"9004151",371994,2025-06-22 17:48:08,42.4003067016602,-8.92116069793701,"Female"
"9004151",371994,2025-06-22 17:53:08,42.400505065918,-8.92110538482666,"Female"
"9004151",371994,2025-06-22 17:58:08,42.4004592895508,-8.92115592956543,"Female"
"9004151",371994,2025-06-22 18:03:08,42.400562286377,-8.9209156036377,"Female"
"9004151",371994,2025-06-22 18:08:08,42.4005546569824,-8.92099666595459,"Female"
"9004151",371994,2025-06-22 18:13:10,42.4005889892578,-8.92093753814697,"Female"
"9004151",371994,2025-06-22 18:18:10,42.4005508422852,-8.92099380493164,"Female"
"9004151",371994,2025-06-22 18:23:12,42.4003562927246,-8.92112827301025,"Female"
"9004151",371994,2025-06-22 18:28:09,42.400074005127,-8.92117881774902,"Female"
"9004151",371994,2025-06-22 18:33:17,42.4003829956055,-8.92109107971191,"Female"
"9004151",371994,2025-06-22 18:38:13,42.4003944396973,-8.92109966278076,"Female"
"9004151",371994,2025-06-22 18:43:18,42.4003753662109,-8.92119979858398,"Female"
"9004151",371994,2025-06-22 18:48:17,42.4004135131836,-8.92105388641357,"Female"
"9004151",371994,2025-06-22 18:53:09,42.4002380371094,-8.92097949981689,"Female"
"9004151",371994,2025-06-22 18:58:18,42.400562286377,-8.92086505889893,"Female"
"9004151",371994,2025-06-22 19:03:11,42.399974822998,-8.92065906524658,"Female"
"9004151",371994,2025-06-22 19:08:18,42.4004516601562,-8.92089939117432,"Female"
"9004151",371994,2025-06-22 19:13:08,42.4000968933105,-8.92081737518311,"Female"
"9004151",371994,2025-06-22 19:18:18,42.4003524780273,-8.9211950302124,"Female"
"9004151",371994,2025-06-22 19:23:31,42.4003410339355,-8.92108631134033,"Female"
"9004151",371994,2025-06-22 19:28:19,42.4004707336426,-8.92097282409668,"Female"
"9004151",371994,2025-06-22 19:33:35,42.4002990722656,-8.92105197906494,"Female"
"9004151",371994,2025-06-22 19:38:07,42.4004287719727,-8.92104911804199,"Female"
"9004151",371994,2025-06-22 19:43:08,42.400390625,-8.92107009887695,"Female"
"9004151",371994,2025-06-22 19:48:08,42.4004058837891,-8.92107582092285,"Female"
"9004151",371994,2025-06-22 19:53:07,42.4005012512207,-8.92090892791748,"Female"
"9004151",371994,2025-06-22 19:58:08,42.4004898071289,-8.92096138000488,"Female"
"9004151",371994,2025-06-22 20:03:08,42.4004707336426,-8.92099571228027,"Female"
"9004151",371994,2025-06-22 20:08:19,42.4004554748535,-8.92098140716553,"Female"
"9004151",371994,2025-06-22 20:13:10,42.400505065918,-8.92094898223877,"Female"
"9004151",371994,2025-06-22 20:18:07,42.4004364013672,-8.92106342315674,"Female"
"9004151",371994,2025-06-22 20:23:15,42.400520324707,-8.9208927154541,"Female"
"9004151",371994,2025-06-22 20:28:07,42.4005012512207,-8.92098808288574,"Female"
"9004151",371994,2025-06-22 20:33:07,42.400463104248,-8.92101097106934,"Female"
"9004151",371994,2025-06-22 20:38:07,42.4004325866699,-8.92102432250977,"Female"
"9004151",371994,2025-06-22 20:43:07,42.4004135131836,-8.92110061645508,"Female"
"9004151",371994,2025-06-22 20:48:07,42.4003410339355,-8.92098140716553,"Female"
"9004151",371994,2025-06-22 20:53:07,42.4004669189453,-8.92099857330322,"Female"
"9004151",371994,2025-06-22 20:58:07,42.4004287719727,-8.92097187042236,"Female"
"9004151",371994,2025-06-22 21:03:08,42.4003257751465,-8.92101287841797,"Female"
"9004151",371994,2025-06-22 21:08:09,42.400260925293,-8.92104625701904,"Female"
"9004151",371994,2025-06-22 21:13:07,42.4004135131836,-8.92096519470215,"Female"
"9004151",371994,2025-06-22 21:18:07,42.4003067016602,-8.92118740081787,"Female"
"9004151",371994,2025-06-22 21:23:08,42.4003219604492,-8.92098903656006,"Female"
"9004151",371994,2025-06-22 21:28:07,42.4003295898438,-8.92097473144531,"Female"
"9004151",371994,2025-06-22 21:33:11,42.4003715515137,-8.92110347747803,"Female"
"9004151",371994,2025-06-22 21:38:16,42.4003601074219,-8.92097282409668,"Female"
"9004151",371994,2025-06-22 21:43:15,42.4003105163574,-8.92101955413818,"Female"
"9004151",371994,2025-06-22 21:48:10,42.3999519348145,-8.92099761962891,"Female"
"9004151",371994,2025-06-22 21:53:20,42.400203704834,-8.92104434967041,"Female"
"9004151",371994,2025-06-22 21:58:19,42.4001274108887,-8.92106914520264,"Female"
"9004151",371994,2025-06-22 22:03:36,42.4004287719727,-8.92104816436768,"Female"
"9004151",371994,2025-06-22 22:08:07,42.4004249572754,-8.92108345031738,"Female"
"9004151",371994,2025-06-22 22:13:07,42.4003829956055,-8.92111206054688,"Female"
"9004151",371994,2025-06-22 22:18:12,42.4004058837891,-8.92114162445068,"Female"
"9004151",371994,2025-06-22 22:23:08,42.4003944396973,-8.9210844039917,"Female"
"9004151",371994,2025-06-22 22:28:07,42.4003791809082,-8.92104530334473,"Female"
"9004151",371994,2025-06-22 22:33:08,42.4002532958984,-8.92121028900146,"Female"
"9004151",371994,2025-06-22 22:38:09,42.4003143310547,-8.92109489440918,"Female"
"9004151",371994,2025-06-22 22:43:09,42.4004402160645,-8.92105865478516,"Female"
"9004151",371994,2025-06-22 22:48:10,42.4003715515137,-8.92115020751953,"Female"
"9004151",371994,2025-06-22 22:53:09,42.4004745483398,-8.92099380493164,"Female"
"9004151",371994,2025-06-22 22:58:09,42.4003448486328,-8.92115497589111,"Female"
"9004151",371994,2025-06-22 23:03:09,42.4001426696777,-8.92125701904297,"Female"
"9004151",371994,2025-06-22 23:08:10,42.4003639221191,-8.92109203338623,"Female"
"9004151",371994,2025-06-22 23:13:15,42.4004974365234,-8.92111015319824,"Female"
"9004151",371994,2025-06-22 23:18:19,42.4004364013672,-8.92097473144531,"Female"
"9004151",371994,2025-06-22 23:23:12,42.4003448486328,-8.92102813720703,"Female"
"9004151",371994,2025-06-22 23:28:19,42.4004211425781,-8.92117595672607,"Female"
"9004151",371994,2025-06-22 23:33:19,42.4004096984863,-8.92109680175781,"Female"
"9004151",371994,2025-06-22 23:38:19,42.400447845459,-8.9211483001709,"Female"
"9004151",371994,2025-06-22 23:43:23,42.4000244140625,-8.92128849029541,"Female"
"9004151",371994,2025-06-22 23:48:29,42.4006118774414,-8.92105484008789,"Female"
"9004151",371994,2025-06-22 23:53:29,42.400089263916,-8.92082023620605,"Female"
"9004151",371994,2025-06-22 23:58:15,42.3971557617188,-8.91884231567383,"Female"
"9004151",371994,2025-06-23 00:03:35,42.4003601074219,-8.92111396789551,"Female"
"9004151",371994,2025-06-23 00:08:07,42.4004020690918,-8.92103290557861,"Female"
"9004151",371994,2025-06-23 00:13:07,42.4005165100098,-8.92101001739502,"Female"
"9004151",371994,2025-06-23 00:18:07,42.4004936218262,-8.92104721069336,"Female"
"9004151",371994,2025-06-23 00:23:07,42.4004783630371,-8.92097663879395,"Female"
"9004151",371994,2025-06-23 00:28:08,42.4005889892578,-8.92098236083984,"Female"
"9004151",371994,2025-06-23 00:33:08,42.4004402160645,-8.92101955413818,"Female"
"9004151",371994,2025-06-23 00:38:08,42.4004974365234,-8.92099857330322,"Female"
"9004151",371994,2025-06-23 00:43:08,42.4005432128906,-8.92089080810547,"Female"
"9004151",371994,2025-06-23 00:48:11,42.4005851745605,-8.92096710205078,"Female"
"9004151",371994,2025-06-23 00:53:12,42.4006080627441,-8.9208812713623,"Female"
"9004151",371994,2025-06-23 00:58:17,42.400333404541,-8.92104625701904,"Female"
"9004151",371994,2025-06-23 01:03:17,42.4003067016602,-8.921067237854,"Female"
"9004151",371994,2025-06-23 01:08:33,42.4003868103027,-8.92111206054688,"Female"
"9004151",371994,2025-06-23 01:13:16,42.4003753662109,-8.92113399505615,"Female"
"9004151",371994,2025-06-23 01:18:17,42.4004096984863,-8.92107582092285,"Female"
"9004151",371994,2025-06-23 01:23:29,42.4004058837891,-8.92113208770752,"Female"
"9004151",371994,2025-06-23 01:28:19,42.4004135131836,-8.92111492156982,"Female"
"9004151",371994,2025-06-23 01:33:08,42.4003753662109,-8.92118167877197,"Female"
"9004151",371994,2025-06-23 01:38:10,42.4004516601562,-8.92113590240479,"Female"
"9004151",371994,2025-06-23 01:43:19,42.4003562927246,-8.92125034332275,"Female"
"9004151",371994,2025-06-23 01:48:19,42.4004402160645,-8.92103099822998,"Female"
"9004151",371994,2025-06-23 01:53:40,42.4003372192383,-8.92120552062988,"Female"
"9004151",371994,2025-06-23 01:58:15,42.4005126953125,-8.92100715637207,"Female"
"9004151",371994,2025-06-23 02:03:22,42.400463104248,-8.92102527618408,"Female"
"9004151",371994,2025-06-23 02:08:11,42.4002723693848,-8.92141532897949,"Female"
"9004151",371994,2025-06-23 02:13:27,42.400447845459,-8.92099761962891,"Female"
"9004151",371994,2025-06-23 02:18:22,42.4004135131836,-8.92108917236328,"Female"
"9004151",371994,2025-06-23 02:23:16,42.400447845459,-8.92102336883545,"Female"
"9004151",371994,2025-06-23 02:28:10,42.4000434875488,-8.92183971405029,"Female"
"9004151",371994,2025-06-23 02:33:13,42.4003715515137,-8.9212474822998,"Female"
"9004151",371994,2025-06-23 02:38:12,42.4001312255859,-8.92163562774658,"Female"
"9004151",371994,2025-06-23 02:43:12,42.4002227783203,-8.92140960693359,"Female"
"9004151",371994,2025-06-23 02:48:12,42.4003753662109,-8.92085361480713,"Female"
"9004151",371994,2025-06-23 02:53:11,42.4004020690918,-8.92116451263428,"Female"
"9004151",371994,2025-06-23 02:58:22,42.4003028869629,-8.92130756378174,"Female"
"9004151",371994,2025-06-23 03:03:44,42.400390625,-8.92152690887451,"Female"
"9004151",371994,2025-06-23 03:08:08,42.4002914428711,-8.92153739929199,"Female"
"9004151",371994,2025-06-23 03:13:10,42.4005088806152,-8.92097759246826,"Female"
"9004151",371994,2025-06-23 03:18:10,42.4005241394043,-8.92072010040283,"Female"
"9004151",371994,2025-06-23 03:23:15,42.4005279541016,-8.92058658599854,"Female"
"9004151",371994,2025-06-23 03:28:13,42.4005279541016,-8.92096996307373,"Female"
"9004151",371994,2025-06-23 03:33:10,42.4005699157715,-8.92121696472168,"Female"
"9004151",371994,2025-06-23 03:38:15,42.4004364013672,-8.92100238800049,"Female"
"9004151",371994,2025-06-23 03:43:10,42.4000549316406,-8.92094612121582,"Female"
"9004151",371994,2025-06-23 03:48:34,42.4004592895508,-8.92105197906494,"Female"
"9004151",371994,2025-06-23 03:53:08,42.4004325866699,-8.92105388641357,"Female"
"9004151",371994,2025-06-23 03:58:08,42.4004364013672,-8.92111206054688,"Female"
"9004151",371994,2025-06-23 04:03:18,42.4002571105957,-8.92134571075439,"Female"
"9004151",371994,2025-06-23 04:08:48,42.400218963623,-8.92147827148438,"Female"
"9004151",371994,2025-06-23 04:13:17,42.4005012512207,-8.92098522186279,"Female"
"9004151",371994,2025-06-23 04:18:37,42.4004592895508,-8.92100524902344,"Female"
"9004151",371994,2025-06-23 04:23:26,42.4004898071289,-8.92096138000488,"Female"
"9004151",371994,2025-06-23 04:28:11,42.4005851745605,-8.9208927154541,"Female"
"9004151",371994,2025-06-23 04:33:25,42.4005355834961,-8.92090606689453,"Female"
"9004151",371994,2025-06-23 04:38:24,42.4004707336426,-8.9209508895874,"Female"
"9004151",371994,2025-06-23 04:43:24,42.3997192382812,-8.92175769805908,"Female"
"9004151",371994,2025-06-23 04:48:59,42.3993759155273,-8.92212677001953,"Female"
"9004151",371994,2025-06-23 04:54:01,42.3998718261719,-8.92185497283936,"Female"
"9004151",371994,2025-06-23 04:59:44,42.4004287719727,-8.92105293273926,"Female"
"9004151",371994,2025-06-23 05:04:01,42.4004783630371,-8.92105007171631,"Female"
"9004151",371994,2025-06-23 05:09:05,42.4004669189453,-8.92097091674805,"Female"
"9004151",371994,2025-06-23 05:13:59,42.4004402160645,-8.92134571075439,"Female"
"9004151",371994,2025-06-23 05:19:10,42.400463104248,-8.92073822021484,"Female"
"9004151",371994,2025-06-23 05:24:03,42.4004554748535,-8.9208927154541,"Female"
"9004151",371994,2025-06-23 05:29:03,42.4004707336426,-8.9210147857666,"Female"
"9004151",371994,2025-06-23 05:34:00,42.4004859924316,-8.92070865631104,"Female"
"9004151",371994,2025-06-23 05:39:06,42.4005012512207,-8.92084121704102,"Female"
"9004151",371994,2025-06-23 05:45:18,42.4004592895508,-8.92086029052734,"Female"
"9004151",371994,2025-06-23 05:50:10,42.4004325866699,-8.92085552215576,"Female"
"9004151",371994,2025-06-23 05:55:18,42.4004554748535,-8.9208812713623,"Female"
"9004151",371994,2025-06-23 06:00:18,42.4004516601562,-8.92089176177979,"Female"
"9004151",371994,2025-06-23 06:05:18,42.400447845459,-8.92092990875244,"Female"
"9004151",371994,2025-06-23 06:10:18,42.4004745483398,-8.92084217071533,"Female"
"9004151",371994,2025-06-23 06:13:54,42.4005165100098,-8.9209041595459,"Female"
"9004151",371994,2025-06-23 06:18:54,42.4005355834961,-8.92100143432617,"Female"
"9004151",371994,2025-06-23 06:23:57,42.4004859924316,-8.92073154449463,"Female"
"9004151",371994,2025-06-23 06:30:18,42.4004745483398,-8.92075824737549,"Female"
"9004151",371994,2025-06-23 06:35:18,42.4003944396973,-8.92091369628906,"Female"
"9004151",371994,2025-06-23 06:40:18,42.4004402160645,-8.92092037200928,"Female"
"9004151",371994,2025-06-23 06:43:54,42.4005470275879,-8.92122364044189,"Female"
"9004151",371994,2025-06-23 06:48:55,42.3997840881348,-8.9215202331543,"Female"
"9004151",371994,2025-06-23 06:53:57,42.4002571105957,-8.92122554779053,"Female"
"9004151",371994,2025-06-23 06:59:06,42.4000282287598,-8.92146587371826,"Female"
"9004151",371994,2025-06-23 07:03:55,42.4018821716309,-8.92002582550049,"Female"
"9004151",371994,2025-06-23 07:08:54,42.4035148620605,-8.90389537811279,"Female"
"9004151",371994,2025-06-23 07:13:54,42.4078407287598,-8.89034557342529,"Female"
"9004151",371994,2025-06-23 07:18:54,42.4076385498047,-8.88922214508057,"Female"
"9004151",371994,2025-06-23 07:23:54,42.4088554382324,-8.88853549957275,"Female"
"9004151",371994,2025-06-23 07:28:55,42.4241600036621,-8.898362159729,"Female"
"9004151",371994,2025-06-23 07:33:57,42.4237785339355,-8.89708805084229,"Female"
"9004151",371994,2025-06-23 07:39:00,42.4250373840332,-8.89677715301514,"Female"
"9004151",371994,2025-06-23 07:43:59,42.4264335632324,-8.8982048034668,"Female"
"9004151",371994,2025-06-23 07:49:32,42.4331321716309,-8.90141773223877,"Female"
"9004151",371994,2025-06-23 07:55:33,42.4345397949219,-8.90244007110596,"Female"
"9004151",371994,2025-06-23 08:00:45,42.4353294372559,-8.90485668182373,"Female"
"9004151",371994,2025-06-23 08:05:39,42.4360733032227,-8.90583610534668,"Female"
"9004151",371994,2025-06-23 08:10:39,42.4363250732422,-8.90687656402588,"Female"
"9004151",371994,2025-06-23 08:16:53,42.436408996582,-8.9068775177002,"Female"
"9004151",371994,2025-06-23 08:21:14,42.4372367858887,-8.90750026702881,"Female"
"9004151",371994,2025-06-23 08:26:15,42.437198638916,-8.908127784729,"Female"
"9004151",371994,2025-06-23 08:31:15,42.4393157958984,-8.90815162658691,"Female"
"9004151",371994,2025-06-23 08:36:14,42.4393692016602,-8.90892124176025,"Female"
"9004151",371994,2025-06-23 08:41:15,42.4394760131836,-8.90889549255371,"Female"
"9004151",371994,2025-06-23 08:46:14,42.4393577575684,-8.90845394134521,"Female"
"9004151",371994,2025-06-23 08:51:14,42.4408798217773,-8.90291976928711,"Female"
"9004151",371994,2025-06-23 08:57:17,42.4401664733887,-8.90173816680908,"Female"
"9004151",371994,2025-06-23 09:02:26,42.4401397705078,-8.90345478057861,"Female"
"9004151",371994,2025-06-23 09:08:02,42.4396324157715,-8.90225791931152,"Female"
"9004151",371994,2025-06-23 09:13:00,42.4389991760254,-8.90394401550293,"Female"
"9004151",371994,2025-06-23 09:18:50,42.4401435852051,-8.90596389770508,"Female"
"9004151",371994,2025-06-23 09:23:50,42.444221496582,-8.90481090545654,"Female"
"9004151",371994,2025-06-23 09:29:43,42.4441871643066,-8.90580081939697,"Female"
"9004151",371994,2025-06-23 09:34:53,42.4435272216797,-8.90737724304199,"Female"
"9004151",371994,2025-06-23 09:39:53,42.4439544677734,-8.90883445739746,"Female"
"9004151",371994,2025-06-23 09:44:53,42.450569152832,-8.9179630279541,"Female"
"9004151",371994,2025-06-23 09:49:53,42.4505500793457,-8.91801261901855,"Female"
"9004151",371994,2025-06-23 09:54:53,42.4505653381348,-8.91797828674316,"Female"
"9004151",371994,2025-06-23 09:59:52,42.4505729675293,-8.91796875,"Female"
"9004151",371994,2025-06-23 10:04:57,42.4506645202637,-8.9179515838623,"Female"
"9004151",371994,2025-06-23 10:09:53,42.4506301879883,-8.91792488098145,"Female"
"9004151",371994,2025-06-23 10:14:55,42.4506759643555,-8.91792869567871,"Female"
"9004151",371994,2025-06-23 10:20:14,42.45068359375,-8.91793346405029,"Female"
"9004151",371994,2025-06-23 10:24:53,42.4506874084473,-8.91788387298584,"Female"
"9004151",371994,2025-06-23 10:29:53,42.4506645202637,-8.9179515838623,"Female"
"9004151",371994,2025-06-23 10:34:53,42.4506034851074,-8.91791915893555,"Female"
"9004151",371994,2025-06-23 10:39:53,42.4506530761719,-8.91790199279785,"Female"
"9004151",371994,2025-06-23 10:45:12,42.4482307434082,-8.90927124023438,"Female"
"9004151",371994,2025-06-23 10:50:12,42.4478454589844,-8.90766906738281,"Female"
"9004151",371994,2025-06-23 10:55:13,42.4473342895508,-8.90648078918457,"Female"
"9004151",371994,2025-06-23 11:00:57,42.4458351135254,-8.9055757522583,"Female"
"9004151",371994,2025-06-23 11:05:53,42.4465484619141,-8.90438079833984,"Female"
"9004151",371994,2025-06-23 11:11:00,42.445915222168,-8.90024566650391,"Female"
"9004151",371994,2025-06-23 11:16:54,42.4446792602539,-8.90035152435303,"Female"
"9004151",371994,2025-06-23 11:21:48,42.4429779052734,-8.90537452697754,"Female"
"9004151",371994,2025-06-23 11:26:51,42.4427795410156,-8.90694522857666,"Female"
"9004151",371994,2025-06-23 11:32:18,42.4430541992188,-8.90770149230957,"Female"
"9004151",371994,2025-06-23 11:38:03,42.4441375732422,-8.90917301177979,"Female"
"9004151",371994,2025-06-23 11:42:58,42.4436988830566,-8.9102201461792,"Female"
"9004151",371994,2025-06-23 11:48:14,42.4484634399414,-8.92563629150391,"Female"
"9004151",371994,2025-06-23 11:52:54,42.4486923217773,-8.92570304870605,"Female"
"9004151",371994,2025-06-23 11:57:55,42.4487648010254,-8.92569923400879,"Female"
"9004151",371994,2025-06-23 12:02:55,42.4488487243652,-8.92563247680664,"Female"
"9004151",371994,2025-06-23 12:07:55,42.4488334655762,-8.92559051513672,"Female"
"9004151",371994,2025-06-23 12:12:55,42.4487800598145,-8.92560863494873,"Female"
"9004151",371994,2025-06-23 12:17:55,42.4636077880859,-8.94413566589355,"Female"
"9004151",371994,2025-06-23 12:22:55,42.46923828125,-8.94176197052002,"Female"
"9004151",371994,2025-06-23 12:27:55,42.4802742004395,-8.937180519104,"Female"
"9004151",371994,2025-06-23 12:32:54,42.4873313903809,-8.92760753631592,"Female"
"9004151",371994,2025-06-23 12:37:54,42.4947624206543,-8.91463470458984,"Female"
"9004151",371994,2025-06-23 12:42:56,42.4984436035156,-8.906418800354,"Female"
"9004151",371994,2025-06-23 12:48:43,42.5059127807617,-8.89185333251953,"Female"
"9004151",371994,2025-06-23 12:52:54,42.5197715759277,-8.86800289154053,"Female"
"9004151",371994,2025-06-23 12:58:25,42.524959564209,-8.85971164703369,"Female"
"9004151",371994,2025-06-23 13:04:22,42.5259475708008,-8.85848236083984,"Female"
"9004151",371994,2025-06-23 13:09:27,42.5267372131348,-8.856764793396,"Female"
"9004151",371994,2025-06-23 13:14:28,42.5295639038086,-8.85331916809082,"Female"
"9004151",371994,2025-06-23 13:19:53,42.5303153991699,-8.85180568695068,"Female"
"9004151",371994,2025-06-23 13:24:51,42.5308876037598,-8.85249996185303,"Female"
"9004151",371994,2025-06-23 13:30:33,42.5316848754883,-8.85174560546875,"Female"
"9004151",371994,2025-06-23 13:35:48,42.5326232910156,-8.8507604598999,"Female"
"9004151",371994,2025-06-23 13:40:46,42.5331077575684,-8.84992694854736,"Female"
"9004151",371994,2025-06-23 14:10:14,42.535961151123,-8.84750843048096,"Female"
"9004151",371994,2025-06-23 14:15:42,42.5361022949219,-8.84914588928223,"Female"
"9004151",371994,2025-06-23 14:20:46,42.5364074707031,-8.84840106964111,"Female"
"9004151",371994,2025-06-23 14:26:36,42.5365829467773,-8.8468713760376,"Female"
"9004151",371994,2025-06-23 14:31:40,42.5370140075684,-8.84667015075684,"Female"
"9004151",371994,2025-06-23 14:37:39,42.5368385314941,-8.84610939025879,"Female"
"9004151",371994,2025-06-23 14:42:36,42.5351600646973,-8.84588146209717,"Female"
"9004151",371994,2025-06-23 14:47:34,42.5260276794434,-8.84713935852051,"Female"
"9004151",371994,2025-06-23 14:52:34,42.5260200500488,-8.84712505340576,"Female"
"9004151",371994,2025-06-23 14:57:34,42.5260467529297,-8.84714126586914,"Female"
"9004151",371994,2025-06-23 15:02:34,42.5260009765625,-8.8471040725708,"Female"
"9004151",371994,2025-06-23 15:07:34,42.5260276794434,-8.84710693359375,"Female"
"9004151",371994,2025-06-23 15:12:44,42.5260391235352,-8.84711170196533,"Female"
"9004151",371994,2025-06-23 15:17:33,42.5260543823242,-8.84715366363525,"Female"
"9004151",371994,2025-06-23 15:22:33,42.5261993408203,-8.84720611572266,"Female"
"9004151",371994,2025-06-23 15:27:33,42.5261001586914,-8.84720802307129,"Female"
"9004151",371994,2025-06-23 15:32:33,42.5260925292969,-8.84720039367676,"Female"
"9004151",371994,2025-06-23 15:37:33,42.5260353088379,-8.84713172912598,"Female"
"9004151",371994,2025-06-23 15:42:33,42.5261001586914,-8.84722995758057,"Female"
"9004151",371994,2025-06-23 15:47:44,42.5259857177734,-8.84709548950195,"Female"
"9004151",371994,2025-06-23 15:52:33,42.5261001586914,-8.84720516204834,"Female"
"9004151",371994,2025-06-23 15:57:33,42.5260238647461,-8.84718704223633,"Female"
"9004151",371994,2025-06-23 16:02:34,42.5260696411133,-8.84714412689209,"Female"
"9004151",371994,2025-06-23 16:07:33,42.5260276794434,-8.84707641601562,"Female"
"9004151",371994,2025-06-23 16:12:39,42.526123046875,-8.84733200073242,"Female"
"9004151",371994,2025-06-23 16:17:36,42.5260429382324,-8.8471097946167,"Female"
"9004151",371994,2025-06-23 16:22:33,42.5261268615723,-8.84726047515869,"Female"
"9004151",371994,2025-06-23 16:27:44,42.526123046875,-8.84721279144287,"Female"
"9004151",371994,2025-06-23 16:32:33,42.5259628295898,-8.84698963165283,"Female"
"9004151",371994,2025-06-23 16:37:38,42.5261001586914,-8.84706211090088,"Female"
"9004151",371994,2025-06-23 16:42:39,42.5259857177734,-8.84696960449219,"Female"
"9004151",371994,2025-06-23 16:47:45,42.5260963439941,-8.84716987609863,"Female"
"9004151",371994,2025-06-23 16:52:33,42.5261611938477,-8.84703731536865,"Female"
"9004151",371994,2025-06-23 16:57:38,42.5263175964355,-8.84728717803955,"Female"
"9004151",371994,2025-06-23 17:02:36,42.5261459350586,-8.84707832336426,"Female"
"9004151",371994,2025-06-23 17:07:36,42.5260848999023,-8.84712219238281,"Female"
"9004151",371994,2025-06-23 17:12:41,42.5260810852051,-8.84709548950195,"Female"
"9004151",371994,2025-06-23 17:17:34,42.5261192321777,-8.8471212387085,"Female"
"9004151",371994,2025-06-23 17:22:38,42.5261688232422,-8.84706592559814,"Female"
"9004151",371994,2025-06-23 17:27:34,42.526123046875,-8.8470458984375,"Female"
"9004151",371994,2025-06-23 17:32:34,42.5260543823242,-8.84710693359375,"Female"
"9004151",371994,2025-06-23 17:37:34,42.5260353088379,-8.84707832336426,"Female"
"9004151",371994,2025-06-23 17:42:38,42.5319900512695,-8.85026454925537,"Female"
"9004151",371994,2025-06-23 17:48:59,42.5334205627441,-8.849778175354,"Female"
"9004151",371994,2025-06-23 17:53:26,42.5334625244141,-8.85019302368164,"Female"
"9004151",371994,2025-06-23 17:58:26,42.5333976745605,-8.84991550445557,"Female"
"9004151",371994,2025-06-23 18:03:30,42.5339584350586,-8.84865570068359,"Female"
"9004151",371994,2025-06-23 18:08:54,42.5348052978516,-8.84765243530273,"Female"
"9004151",371994,2025-06-23 18:13:54,42.5345458984375,-8.85074901580811,"Female"
"9004151",371994,2025-06-23 18:18:54,42.534496307373,-8.850754737854,"Female"
"9004151",371994,2025-06-23 18:23:54,42.5346794128418,-8.85079479217529,"Female"
"9004151",371994,2025-06-23 18:28:54,42.5353469848633,-8.8497953414917,"Female"
"9004151",371994,2025-06-23 18:33:59,42.5356941223145,-8.84963417053223,"Female"
"9004151",371994,2025-06-23 18:38:58,42.5352325439453,-8.84908294677734,"Female"
"9004151",371994,2025-06-23 18:44:06,42.5351028442383,-8.85000610351562,"Female"
"9004151",371994,2025-06-23 18:48:58,42.535083770752,-8.85191917419434,"Female"
"9004151",371994,2025-06-23 18:54:12,42.5336990356445,-8.85202312469482,"Female"
"9004151",371994,2025-06-23 18:59:11,42.532772064209,-8.85224342346191,"Female"
"9004151",371994,2025-06-23 19:04:11,42.5175132751465,-8.8631763458252,"Female"
"9004151",371994,2025-06-23 19:09:13,42.492546081543,-8.90255928039551,"Female"
"9004151",371994,2025-06-23 19:14:19,42.4916877746582,-8.90460395812988,"Female"
"9004151",371994,2025-06-23 19:19:12,42.4894332885742,-8.91015529632568,"Female"
"9004151",371994,2025-06-23 19:24:17,42.4688453674316,-8.94239521026611,"Female"
"9004151",371994,2025-06-23 19:29:16,42.4425621032715,-8.93891048431396,"Female"
"9004151",371994,2025-06-23 19:34:15,42.4419631958008,-8.93798828125,"Female"
"9004151",371994,2025-06-23 19:39:15,42.4421119689941,-8.93865299224854,"Female"
"9004151",371994,2025-06-23 19:44:14,42.412784576416,-8.92256832122803,"Female"
"9004151",371994,2025-06-23 19:49:35,42.4004669189453,-8.92106342315674,"Female"
"9004151",371994,2025-06-23 19:54:11,42.4002685546875,-8.9212589263916,"Female"
"9004151",371994,2025-06-23 20:00:09,42.4003944396973,-8.92126941680908,"Female"
"9004151",371994,2025-06-23 20:05:15,42.4004554748535,-8.92090797424316,"Female"
"9004151",371994,2025-06-23 20:10:14,42.4004287719727,-8.92110633850098,"Female"
"9004151",371994,2025-06-23 20:15:14,42.4004135131836,-8.92110633850098,"Female"
"9004151",371994,2025-06-23 20:20:14,42.4004096984863,-8.92108249664307,"Female"
"9004151",371994,2025-06-23 20:25:15,42.4004440307617,-8.92097568511963,"Female"
"9004151",371994,2025-06-23 20:30:14,42.4004135131836,-8.92106056213379,"Female"
"9004151",371994,2025-06-23 20:35:14,42.4003982543945,-8.92101669311523,"Female"
"9004151",371994,2025-06-23 20:40:14,42.4003868103027,-8.92097473144531,"Female"
"9004151",371994,2025-06-23 20:45:14,42.4003143310547,-8.92111873626709,"Female"
"9004151",371994,2025-06-23 20:50:14,42.4004173278809,-8.92101860046387,"Female"
"9004151",371994,2025-06-23 20:55:16,42.400318145752,-8.92106914520264,"Female"
"9004151",371994,2025-06-23 21:00:14,42.4004020690918,-8.92100429534912,"Female"
"9004151",371994,2025-06-23 21:05:17,42.400390625,-8.92111968994141,"Female"
"9004151",371994,2025-06-23 21:10:14,42.4002723693848,-8.92110919952393,"Female"
"9004151",371994,2025-06-23 21:15:14,42.4003219604492,-8.92099285125732,"Female"
"9004151",371994,2025-06-23 21:20:15,42.400333404541,-8.92105674743652,"Female"
"9004151",371994,2025-06-23 21:25:14,42.4003105163574,-8.92105293273926,"Female"
"9004151",371994,2025-06-23 21:30:15,42.400276184082,-8.92111206054688,"Female"
"9004151",371994,2025-06-23 21:35:24,42.4002342224121,-8.92122650146484,"Female"
"9004151",371994,2025-06-23 21:40:21,42.400260925293,-8.92109298706055,"Female"
"9004151",371994,2025-06-23 21:45:25,42.4002799987793,-8.921067237854,"Female"
"9004151",371994,2025-06-23 21:50:25,42.400276184082,-8.92112064361572,"Female"
"9004151",371994,2025-06-23 21:55:25,42.4003143310547,-8.92110347747803,"Female"
"9004151",371994,2025-06-23 22:00:43,42.4003982543945,-8.92093753814697,"Female"
"9004151",371994,2025-06-23 22:05:17,42.4004669189453,-8.92103385925293,"Female"
"9004151",371994,2025-06-23 22:10:16,42.4004516601562,-8.92096996307373,"Female"
"9004151",371994,2025-06-23 22:15:15,42.4003715515137,-8.92106151580811,"Female"
"9004151",371994,2025-06-23 22:20:14,42.4004936218262,-8.9208345413208,"Female"
"9004151",371994,2025-06-23 22:25:16,42.4004249572754,-8.92097568511963,"Female"
"9004151",371994,2025-06-23 22:30:14,42.400447845459,-8.92088794708252,"Female"
"9004151",371994,2025-06-23 22:35:14,42.400390625,-8.92105197906494,"Female"
"9004151",371994,2025-06-23 22:40:17,42.4001693725586,-8.92147827148438,"Female"
"9004151",371994,2025-06-23 22:45:35,42.4004364013672,-8.92105960845947,"Female"
"9004151",371994,2025-06-23 22:50:15,42.4004592895508,-8.92082786560059,"Female"
"9004151",371994,2025-06-23 22:55:18,42.4004669189453,-8.92106819152832,"Female"
"9004151",371994,2025-06-23 23:00:14,42.4004173278809,-8.92114162445068,"Female"
"9004151",371994,2025-06-23 23:05:17,42.4004135131836,-8.9210205078125,"Female"
"9004151",371994,2025-06-23 23:10:14,42.4004402160645,-8.92105579376221,"Female"
"9004151",371994,2025-06-23 23:15:14,42.4004211425781,-8.92094230651855,"Female"
"9004151",371994,2025-06-23 23:20:17,42.4004058837891,-8.92070579528809,"Female"
"9004151",371994,2025-06-23 23:25:15,42.400318145752,-8.9209041595459,"Female"
"9004151",371994,2025-06-23 23:30:15,42.4002952575684,-8.92096138000488,"Female"
"9004151",371994,2025-06-23 23:35:15,42.4002532958984,-8.92093276977539,"Female"
"9004151",371994,2025-06-23 23:40:15,42.4002838134766,-8.92092609405518,"Female"
"9004151",371994,2025-06-23 23:45:14,42.4002532958984,-8.92092132568359,"Female"
"9004151",371994,2025-06-23 23:50:15,42.4002571105957,-8.92089939117432,"Female"
"9004151",371994,2025-06-23 23:55:15,42.4001579284668,-8.92096996307373,"Female"
"9004151",371994,2025-06-24 00:00:35,42.4005508422852,-8.92080497741699,"Female"
"9004151",371994,2025-06-24 00:05:14,42.4002456665039,-8.92100811004639,"Female"
"9004151",371994,2025-06-24 00:10:15,42.4003295898438,-8.9210147857666,"Female"
"9004151",371994,2025-06-24 00:15:15,42.4004974365234,-8.92091369628906,"Female"
"9004151",371994,2025-06-24 00:20:15,42.4003257751465,-8.92100143432617,"Female"
"9004151",371994,2025-06-24 00:25:14,42.400333404541,-8.92105960845947,"Female"
"9004151",371994,2025-06-24 00:30:15,42.4002990722656,-8.92105865478516,"Female"
"9004151",371994,2025-06-24 00:35:16,42.4003829956055,-8.92093276977539,"Female"
"9004151",371994,2025-06-24 00:40:15,42.4001617431641,-8.92111110687256,"Female"
"9004151",371994,2025-06-24 00:45:24,42.4003677368164,-8.92101192474365,"Female"
"9004151",371994,2025-06-24 00:50:14,42.4004096984863,-8.92100811004639,"Female"
"9004151",371994,2025-06-24 00:55:24,42.4003944396973,-8.92098522186279,"Female"
"9004151",371994,2025-06-24 01:00:22,42.4004135131836,-8.92096519470215,"Female"
"9004151",371994,2025-06-24 01:05:27,42.4003753662109,-8.9209566116333,"Female"
"9004151",371994,2025-06-24 01:10:35,42.4004440307617,-8.9209680557251,"Female"
"9004151",371994,2025-06-24 01:15:14,42.4004516601562,-8.92094802856445,"Female"
"9004151",371994,2025-06-24 01:20:14,42.4004707336426,-8.92103099822998,"Female"
"9004151",371994,2025-06-24 01:25:14,42.4004020690918,-8.92101860046387,"Female"
"9004151",371994,2025-06-24 01:30:14,42.400447845459,-8.92094135284424,"Female"
"9004151",371994,2025-06-24 01:35:16,42.4004249572754,-8.92103290557861,"Female"
"9004151",371994,2025-06-24 01:40:14,42.4004287719727,-8.92093849182129,"Female"
"9004151",371994,2025-06-24 01:45:27,42.4004402160645,-8.92100811004639,"Female"
"9004151",371994,2025-06-24 01:50:44,42.4003944396973,-8.9210844039917,"Female"
"9004151",371994,2025-06-24 01:55:14,42.4004707336426,-8.92097854614258,"Female"
"9004151",371994,2025-06-24 02:00:14,42.4003868103027,-8.92110919952393,"Female"
"9004151",371994,2025-06-24 02:05:14,42.400505065918,-8.92093944549561,"Female"
"9004151",371994,2025-06-24 02:10:14,42.400390625,-8.92102146148682,"Female"
"9004151",371994,2025-06-24 02:15:14,42.4003715515137,-8.92100715637207,"Female"
"9004151",371994,2025-06-24 02:20:14,42.4004554748535,-8.92092895507812,"Female"
"9004151",371994,2025-06-24 02:25:14,42.4003944396973,-8.92101383209229,"Female"
"9004151",371994,2025-06-24 02:30:14,42.4004020690918,-8.92097663879395,"Female"
"9004151",371994,2025-06-24 02:35:14,42.4003868103027,-8.92104721069336,"Female"
"9004151",371994,2025-06-24 02:40:14,42.4003791809082,-8.92108535766602,"Female"
"9004151",371994,2025-06-24 02:45:14,42.4004287719727,-8.9210090637207,"Female"
"9004151",371994,2025-06-24 02:50:15,42.4003982543945,-8.92097282409668,"Female"
"9004151",371994,2025-06-24 02:55:14,42.4004364013672,-8.92098236083984,"Female"
"9004151",371994,2025-06-24 03:00:14,42.4004058837891,-8.92088031768799,"Female"
"9004151",371994,2025-06-24 03:05:18,42.4005470275879,-8.92094898223877,"Female"
"9004151",371994,2025-06-24 03:10:18,42.4003829956055,-8.92107772827148,"Female"
"9004151",371994,2025-06-24 03:15:19,42.400463104248,-8.92107963562012,"Female"
"9004151",371994,2025-06-24 03:20:21,42.4004554748535,-8.9210090637207,"Female"
"9004151",371994,2025-06-24 03:25:19,42.4004592895508,-8.9211311340332,"Female"
"9004151",371994,2025-06-24 03:30:18,42.4001884460449,-8.92102241516113,"Female"
"9004151",371994,2025-06-24 03:35:35,42.4004821777344,-8.92100715637207,"Female"
"9004151",371994,2025-06-24 03:40:15,42.4004440307617,-8.92098426818848,"Female"
"9004151",371994,2025-06-24 03:45:14,42.4004440307617,-8.92093086242676,"Female"
"9004151",371994,2025-06-24 03:50:15,42.4004249572754,-8.92097854614258,"Female"
"9004151",371994,2025-06-24 03:55:15,42.4003982543945,-8.92098712921143,"Female"
"9004151",371994,2025-06-24 04:00:15,42.4005546569824,-8.92098903656006,"Female"
"9004151",371994,2025-06-24 04:05:14,42.400577545166,-8.92085266113281,"Female"
"9004151",371994,2025-06-24 04:10:14,42.4003715515137,-8.92109489440918,"Female"
"9004151",371994,2025-06-24 04:15:16,42.4005241394043,-8.92096900939941,"Female"
"9004151",371994,2025-06-24 04:20:14,42.4003410339355,-8.921067237854,"Female"
"9004151",371994,2025-06-24 04:25:16,42.400463104248,-8.92103576660156,"Female"
"9004151",371994,2025-06-24 04:30:16,42.4004364013672,-8.92097854614258,"Female"
"9004151",371994,2025-06-24 04:35:28,42.4003715515137,-8.92104339599609,"Female"
"9004151",371994,2025-06-24 04:40:35,42.4002647399902,-8.92115497589111,"Female"
"9004151",371994,2025-06-24 04:46:15,42.4005317687988,-8.92084789276123,"Female"
"9004151",371994,2025-06-24 04:50:15,42.4003753662109,-8.92110061645508,"Female"
"9004151",371994,2025-06-24 04:55:14,42.4003868103027,-8.92107582092285,"Female"
"9004151",371994,2025-06-24 05:00:16,42.4004821777344,-8.92092418670654,"Female"
"9004151",371994,2025-06-24 05:05:19,42.4002990722656,-8.92108345031738,"Female"
"9004151",371994,2025-06-24 05:10:20,42.4001388549805,-8.92133903503418,"Female"
"9004151",371994,2025-06-24 05:15:15,42.4001121520996,-8.92130565643311,"Female"
"9004151",371994,2025-06-24 05:20:17,42.4004516601562,-8.92106533050537,"Female"
"9004151",371994,2025-06-24 05:25:16,42.400577545166,-8.92094612121582,"Female"
"9004151",371994,2025-06-24 05:30:18,42.3999519348145,-8.92144012451172,"Female"
"9004151",371994,2025-06-24 05:35:18,42.4004783630371,-8.92112064361572,"Female"
"9004151",371994,2025-06-24 05:40:18,42.4005432128906,-8.92104053497314,"Female"
"9004151",371994,2025-06-24 05:45:26,42.4002876281738,-8.92175483703613,"Female"
"9004151",371994,2025-06-24 05:50:31,42.4002380371094,-8.92171478271484,"Female"
"9004151",371994,2025-06-24 05:55:24,42.400333404541,-8.92132759094238,"Female"
"9004151",371994,2025-06-24 06:00:17,42.4004554748535,-8.92137050628662,"Female"
"9004151",371994,2025-06-24 06:05:14,42.4003257751465,-8.92129611968994,"Female"
"9004151",371994,2025-06-24 06:10:16,42.4004325866699,-8.92129802703857,"Female"
"9004151",371994,2025-06-24 06:15:22,42.4003639221191,-8.92106246948242,"Female"
"9004151",371994,2025-06-24 06:20:17,42.4004554748535,-8.92092609405518,"Female"
"9004151",371994,2025-06-24 06:25:25,42.4004745483398,-8.92095565795898,"Female"
"9004151",371994,2025-06-24 06:30:26,42.4004096984863,-8.92120552062988,"Female"
"9004151",371994,2025-06-24 06:35:24,42.4004135131836,-8.92098903656006,"Female"
"9004151",371994,2025-06-24 06:40:19,42.3976860046387,-8.91832733154297,"Female"
"9004151",371994,2025-06-24 06:45:35,42.4001693725586,-8.921311378479,"Female"
"9004151",371994,2025-06-24 06:50:34,42.4001045227051,-8.92140865325928,"Female"
"9004151",371994,2025-06-24 06:55:18,42.3999633789062,-8.92126274108887,"Female"
"9004151",371994,2025-06-24 07:00:44,42.3999977111816,-8.92132759094238,"Female"
"9004151",371994,2025-06-24 07:05:15,42.4000968933105,-8.92148017883301,"Female"
"9004151",371994,2025-06-24 07:10:14,42.4001007080078,-8.92117595672607,"Female"
"9004151",371994,2025-06-24 07:15:15,42.400074005127,-8.92149543762207,"Female"
"9004151",371994,2025-06-24 07:20:26,42.4002494812012,-8.92108345031738,"Female"
"9004151",371994,2025-06-24 07:25:14,42.400218963623,-8.92126274108887,"Female"
"9004151",371994,2025-06-24 07:30:15,42.4001274108887,-8.92178153991699,"Female"
"9004151",371994,2025-06-24 07:35:15,42.4003143310547,-8.92095947265625,"Female"
"9004151",371994,2025-06-24 07:40:16,42.4003295898438,-8.92116165161133,"Female"
"9004151",371994,2025-06-24 07:45:35,42.4004096984863,-8.92099380493164,"Female"
"9004151",371994,2025-06-24 07:50:15,42.4004554748535,-8.92081737518311,"Female"
"9004151",371994,2025-06-24 07:55:15,42.4003868103027,-8.92094802856445,"Female"
"9004151",371994,2025-06-24 08:00:19,42.400318145752,-8.92139339447021,"Female"
"9004151",371994,2025-06-24 08:05:16,42.4003143310547,-8.92156887054443,"Female"
"9004151",371994,2025-06-24 08:10:16,42.400276184082,-8.92123222351074,"Female"
"9004151",371994,2025-06-24 08:15:14,42.4147453308105,-8.92489242553711,"Female"
"9004151",371994,2025-06-24 08:20:14,42.4613571166992,-8.9434814453125,"Female"
"9004151",371994,2025-06-24 08:25:14,42.4930038452148,-8.90430355072021,"Female"
"9004151",371994,2025-06-24 08:30:14,42.5254020690918,-8.85817909240723,"Female"
"9004151",371994,2025-06-24 08:35:17,42.5318603515625,-8.8520565032959,"Female"
"9004151",371994,2025-06-24 08:40:14,42.5325889587402,-8.85122013092041,"Female"
"9004151",371994,2025-06-24 08:45:14,42.533130645752,-8.85061836242676,"Female"
"9004151",371994,2025-06-24 08:50:14,42.5338249206543,-8.85008716583252,"Female"
"9004151",371994,2025-06-24 08:55:15,42.534538269043,-8.84922313690186,"Female"
"9004151",371994,2025-06-24 09:00:14,42.5359153747559,-8.8487548828125,"Female"
"9004151",371994,2025-06-24 09:05:53,42.5364456176758,-8.85021877288818,"Female"
"9004151",371994,2025-06-24 09:11:00,42.5375328063965,-8.85046672821045,"Female"
"9004151",371994,2025-06-24 09:16:34,42.5375518798828,-8.8491268157959,"Female"
"9004151",371994,2025-06-24 09:22:04,42.5383453369141,-8.84878158569336,"Female"
"9004151",371994,2025-06-24 09:28:20,42.5393943786621,-8.84772109985352,"Female"
"9004151",371994,2025-06-24 09:34:20,42.5383415222168,-8.84714412689209,"Female"
"9004151",371994,2025-06-24 09:39:44,42.5378036499023,-8.84634780883789,"Female"
"9004151",371994,2025-06-24 09:44:42,42.5385932922363,-8.84604644775391,"Female"
"9004151",371994,2025-06-24 09:49:43,42.5394020080566,-8.84674072265625,"Female"
"9004151",371994,2025-06-24 09:55:24,42.5407562255859,-8.85471343994141,"Female"
"9004151",371994,2025-06-24 10:21:14,42.53662109375,-8.85204410552979,"Female"
"9004151",371994,2025-06-24 10:25:55,42.5357933044434,-8.85150337219238,"Female"
"9004151",371994,2025-06-24 10:31:07,42.5353660583496,-8.84962940216064,"Female"
"9004151",371994,2025-06-24 10:41:29,42.5332870483398,-8.84939765930176,"Female"
"9004151",371994,2025-06-24 10:45:43,42.5334510803223,-8.84940338134766,"Female"
"9004151",371994,2025-06-24 10:50:44,42.526481628418,-8.84720706939697,"Female"
"9004151",371994,2025-06-24 10:55:36,42.5263214111328,-8.8474292755127,"Female"
"9004151",371994,2025-06-24 11:00:33,42.5264663696289,-8.84708881378174,"Female"
"9004151",371994,2025-06-24 11:05:33,42.5264091491699,-8.84787178039551,"Female"
"9004151",371994,2025-06-24 11:10:33,42.5265045166016,-8.84748554229736,"Female"
"9004151",371994,2025-06-24 11:15:37,42.5262451171875,-8.84715747833252,"Female"
"9004151",371994,2025-06-24 11:20:39,42.5271415710449,-8.84773826599121,"Female"
"9004151",371994,2025-06-24 11:25:38,42.5260810852051,-8.84731197357178,"Female"
"9004151",371994,2025-06-24 11:30:37,42.5260162353516,-8.84760570526123,"Female"
"9004151",371994,2025-06-24 11:35:40,42.5262756347656,-8.84696388244629,"Female"
"9004151",371994,2025-06-24 11:40:31,42.5266799926758,-8.84740543365479,"Female"
"9004151",371994,2025-06-24 11:45:33,42.5263671875,-8.84737396240234,"Female"
"9004151",371994,2025-06-24 11:50:31,42.5256462097168,-8.84783744812012,"Female"
"9004151",371994,2025-06-24 11:55:32,42.525577545166,-8.84782314300537,"Female"
"9004151",371994,2025-06-24 12:01:05,42.5262145996094,-8.84716510772705,"Female"
"9004151",371994,2025-06-24 12:05:31,42.5262451171875,-8.8471508026123,"Female"
"9004151",371994,2025-06-24 12:10:31,42.5262222290039,-8.84714126586914,"Female"
"9004151",371994,2025-06-24 12:15:31,42.5262336730957,-8.84712696075439,"Female"
"9004151",371994,2025-06-24 12:20:31,42.5262565612793,-8.84712982177734,"Female"
"9004151",371994,2025-06-24 12:25:31,42.5262413024902,-8.84719276428223,"Female"
"9004151",371994,2025-06-24 12:30:31,42.5262260437012,-8.84706592559814,"Female"
"9004151",371994,2025-06-24 12:35:31,42.5262870788574,-8.84713268280029,"Female"
"9004151",371994,2025-06-24 12:40:31,42.5262908935547,-8.84709453582764,"Female"
"9004151",371994,2025-06-24 12:45:31,42.5262565612793,-8.84714698791504,"Female"
"9004151",371994,2025-06-24 12:50:32,42.526309967041,-8.8471097946167,"Female"
"9004151",371994,2025-06-24 12:55:32,42.526294708252,-8.84714889526367,"Female"
"9004151",371994,2025-06-24 13:00:31,42.5262298583984,-8.84713649749756,"Female"
"9004151",371994,2025-06-24 13:05:32,42.5262489318848,-8.8471736907959,"Female"
"9004151",371994,2025-06-24 13:10:31,42.5262222290039,-8.84719181060791,"Female"
"9004151",371994,2025-06-24 13:15:31,42.5262107849121,-8.84715747833252,"Female"
"9004151",371994,2025-06-24 13:20:34,42.5262336730957,-8.84704780578613,"Female"
"9004151",371994,2025-06-24 13:25:31,42.5261993408203,-8.84714508056641,"Female"
"9004151",371994,2025-06-24 13:30:31,42.5261917114258,-8.84710311889648,"Female"
"9004151",371994,2025-06-24 13:35:31,42.5262336730957,-8.84712219238281,"Female"
"9004151",371994,2025-06-24 13:40:31,42.5262641906738,-8.8471565246582,"Female"
"9004151",371994,2025-06-24 13:45:31,42.526195526123,-8.84715461730957,"Female"
"9004151",371994,2025-06-24 13:50:31,42.526180267334,-8.84715270996094,"Female"
"9004151",371994,2025-06-24 13:55:31,42.5262680053711,-8.84712219238281,"Female"
"9004151",371994,2025-06-24 14:00:31,42.5262413024902,-8.84711456298828,"Female"
"9004151",371994,2025-06-24 14:05:31,42.5261573791504,-8.84702110290527,"Female"
"9004151",371994,2025-06-24 14:10:32,42.5261764526367,-8.84702205657959,"Female"
"9004151",371994,2025-06-24 14:15:31,42.5303230285645,-8.8503360748291,"Female"
"9004151",371994,2025-06-24 14:21:13,42.5370483398438,-8.85502052307129,"Female"
"9004151",371994,2025-06-24 14:26:11,42.5376319885254,-8.85385513305664,"Female"
"9004151",371994,2025-06-24 14:31:22,42.5371932983398,-8.85245513916016,"Female"
"9004151",371994,2025-06-24 14:36:33,42.5381393432617,-8.85174465179443,"Female"
"9004151",371994,2025-06-24 14:41:41,42.5380401611328,-8.8506441116333,"Female"
"9004151",371994,2025-06-24 14:47:31,42.5377883911133,-8.85193347930908,"Female"
"9004151",371994,2025-06-24 14:52:45,42.537971496582,-8.85353660583496,"Female"
"9004151",371994,2025-06-24 14:58:07,42.5370483398438,-8.85433197021484,"Female"
"9004151",371994,2025-06-24 15:03:34,42.5362358093262,-8.85480213165283,"Female"
"9004151",371994,2025-06-24 15:08:36,42.5360832214355,-8.85620212554932,"Female"
"9004151",371994,2025-06-24 15:14:19,42.5355415344238,-8.85582542419434,"Female"
"9004151",371994,2025-06-24 15:19:22,42.533805847168,-8.85348129272461,"Female"
"9004151",371994,2025-06-24 15:25:10,42.5361251831055,-8.85291767120361,"Female"
"9004151",371994,2025-06-24 15:30:29,42.5358619689941,-8.85158824920654,"Female"
"9004151",371994,2025-06-24 15:35:31,42.5346183776855,-8.85165405273438,"Female"
"9004151",371994,2025-06-24 15:41:14,42.5335388183594,-8.85200881958008,"Female"
"9004151",371994,2025-06-24 15:47:35,42.5319290161133,-8.85307121276855,"Female"
"9004151",371994,2025-06-24 15:52:36,42.5309562683105,-8.8532133102417,"Female"
"9004151",371994,2025-06-24 15:57:35,42.530143737793,-8.85382461547852,"Female"
"9004151",371994,2025-06-24 16:02:36,42.5293998718262,-8.85419178009033,"Female"
"9004151",371994,2025-06-24 16:07:36,42.526065826416,-8.84725856781006,"Female"
"9004151",371994,2025-06-24 16:12:36,42.5262298583984,-8.84737777709961,"Female"
"9004151",371994,2025-06-24 16:17:38,42.526065826416,-8.8470516204834,"Female"
"9004151",371994,2025-06-24 16:22:39,42.5259437561035,-8.84693241119385,"Female"
"9004151",371994,2025-06-24 16:28:05,42.5261840820312,-8.84726428985596,"Female"
"9004151",371994,2025-06-24 16:32:42,42.5262413024902,-8.84722423553467,"Female"
"9004151",371994,2025-06-24 16:37:42,42.526195526123,-8.84725284576416,"Female"
"9004151",371994,2025-06-24 16:42:42,42.5262565612793,-8.84719562530518,"Female"
"9004151",371994,2025-06-24 16:47:42,42.5262451171875,-8.84720325469971,"Female"
"9004151",371994,2025-06-24 16:52:42,42.5262184143066,-8.84725093841553,"Female"
"9004151",371994,2025-06-24 16:57:42,42.5262145996094,-8.84726333618164,"Female"
"9004151",371994,2025-06-24 17:02:43,42.5262184143066,-8.84722900390625,"Female"
"9004151",371994,2025-06-24 17:07:42,42.5263023376465,-8.84718418121338,"Female"
"9004151",371994,2025-06-24 17:12:42,42.5262107849121,-8.84729385375977,"Female"
"9004151",371994,2025-06-24 17:17:42,42.5262489318848,-8.84740161895752,"Female"
"9004151",371994,2025-06-24 17:22:42,42.5262184143066,-8.84729862213135,"Female"
"9004151",371994,2025-06-24 17:27:42,42.5261917114258,-8.84727001190186,"Female"
"9004151",371994,2025-06-24 17:32:43,42.5261497497559,-8.84732818603516,"Female"
"9004151",371994,2025-06-24 17:37:42,42.5260772705078,-8.84734630584717,"Female"
"9004151",371994,2025-06-24 17:42:42,42.526065826416,-8.84729862213135,"Female"
"9004151",371994,2025-06-24 17:47:42,42.5260772705078,-8.84733772277832,"Female"
"9004151",371994,2025-06-24 17:52:42,42.5261383056641,-8.84738636016846,"Female"
"9004151",371994,2025-06-24 17:57:42,42.5261344909668,-8.84736251831055,"Female"
"9004151",371994,2025-06-24 18:02:42,42.5261611938477,-8.84730243682861,"Female"
"9004151",371994,2025-06-24 18:07:43,42.5261535644531,-8.84728717803955,"Female"
"9004151",371994,2025-06-24 18:12:42,42.5261459350586,-8.84730052947998,"Female"
"9004151",371994,2025-06-24 18:17:42,42.5262145996094,-8.84740543365479,"Female"
"9004151",371994,2025-06-24 18:22:42,42.5262184143066,-8.84737491607666,"Female"
"9004151",371994,2025-06-24 18:27:42,42.5262298583984,-8.84730243682861,"Female"
"9004151",371994,2025-06-24 18:32:42,42.5263442993164,-8.84741497039795,"Female"
"9004151",371994,2025-06-24 18:37:42,42.5262985229492,-8.84740924835205,"Female"
"9004151",371994,2025-06-24 18:42:43,42.5203170776367,-8.85736465454102,"Female"
"9004151",371994,2025-06-24 18:47:43,42.496410369873,-8.89506053924561,"Female"
"9004151",371994,2025-06-24 18:52:43,42.4779739379883,-8.93971538543701,"Female"
"9004151",371994,2025-06-24 18:57:42,42.4414596557617,-8.93822574615479,"Female"
"9004151",371994,2025-06-24 19:02:43,42.435718536377,-8.93778705596924,"Female"
"9004151",371994,2025-06-24 19:07:55,42.434928894043,-8.9384069442749,"Female"
"9004151",371994,2025-06-24 19:13:05,42.434398651123,-8.93855762481689,"Female"
"9004151",371994,2025-06-24 19:17:42,42.4338340759277,-8.93869972229004,"Female"
"9004151",371994,2025-06-24 19:22:42,42.4171676635742,-8.92872714996338,"Female"
"9004151",371994,2025-06-24 19:27:42,42.4003677368164,-8.92101001739502,"Female"
"9004151",371994,2025-06-24 19:32:45,42.400276184082,-8.92117118835449,"Female"
"9004151",371994,2025-06-24 19:37:52,42.400333404541,-8.92126083374023,"Female"
"9004151",371994,2025-06-24 19:42:46,42.4003372192383,-8.92121505737305,"Female"
"9004151",371994,2025-06-24 19:48:06,42.4004135131836,-8.92104244232178,"Female"
"9004151",371994,2025-06-24 19:52:43,42.4007377624512,-8.92088508605957,"Female"
"9004151",371994,2025-06-24 19:57:46,42.4005851745605,-8.92085456848145,"Female"
"9004151",371994,2025-06-24 20:02:45,42.400634765625,-8.92077922821045,"Female"
"9004151",371994,2025-06-24 20:07:42,42.4005584716797,-8.92082500457764,"Female"
"9004151",371994,2025-06-24 20:12:42,42.4003791809082,-8.92105007171631,"Female"
"9004151",371994,2025-06-24 20:17:43,42.4002571105957,-8.92121505737305,"Female"
"9004151",371994,2025-06-24 20:22:42,42.4003601074219,-8.92104530334473,"Female"
"9004151",371994,2025-06-24 20:27:42,42.4003982543945,-8.92104339599609,"Female"
"9004151",371994,2025-06-24 20:32:45,42.400463104248,-8.92095851898193,"Female"
"9004151",371994,2025-06-24 20:37:45,42.399974822998,-8.92131423950195,"Female"
"9004151",371994,2025-06-24 20:42:50,42.4004211425781,-8.92085647583008,"Female"
"9004151",371994,2025-06-24 20:47:44,42.4004554748535,-8.92101860046387,"Female"
"9004151",371994,2025-06-24 20:52:43,42.4007911682129,-8.92087078094482,"Female"
"9004151",371994,2025-06-24 20:57:46,42.4008865356445,-8.9209041595459,"Female"
"9004151",371994,2025-06-24 21:02:48,42.4001693725586,-8.92102336883545,"Female"
"9004151",371994,2025-06-24 21:08:00,42.4003372192383,-8.92101764678955,"Female"
"9004151",371994,2025-06-24 21:12:54,42.4000282287598,-8.92185211181641,"Female"
"9004151",371994,2025-06-24 21:17:56,42.400260925293,-8.92113399505615,"Female"
"9004151",371994,2025-06-24 21:22:48,42.3990898132324,-8.92141819000244,"Female"
"9004151",371994,2025-06-24 21:28:03,42.4004249572754,-8.9209623336792,"Female"
"9004151",371994,2025-06-24 21:32:46,42.4004707336426,-8.92093563079834,"Female"
"9004151",371994,2025-06-24 21:37:43,42.4004821777344,-8.92091846466064,"Female"
"9004151",371994,2025-06-24 21:42:43,42.4005012512207,-8.92092132568359,"Female"
"9004151",371994,2025-06-24 21:47:42,42.4004669189453,-8.9209451675415,"Female"
"9004151",371994,2025-06-24 21:52:44,42.400634765625,-8.92111492156982,"Female"
"9004151",371994,2025-06-24 21:57:48,42.400447845459,-8.92083930969238,"Female"
"9004151",371994,2025-06-24 22:03:05,42.400520324707,-8.92092895507812,"Female"
"9004151",371994,2025-06-24 22:07:42,42.400577545166,-8.92088603973389,"Female"
"9004151",371994,2025-06-24 22:12:46,42.400562286377,-8.92091083526611,"Female"
"9004151",371994,2025-06-24 22:17:42,42.4004516601562,-8.92092800140381,"Female"
"9004151",371994,2025-06-24 22:22:43,42.4003753662109,-8.92102146148682,"Female"
"9004151",371994,2025-06-24 22:27:44,42.4003562927246,-8.92105388641357,"Female"
"9004151",371994,2025-06-24 22:32:43,42.4004592895508,-8.92093467712402,"Female"
"9004151",371994,2025-06-24 22:37:42,42.4004135131836,-8.9209451675415,"Female"
"9004151",371994,2025-06-24 22:42:44,42.4004325866699,-8.92091274261475,"Female"
"9004151",371994,2025-06-24 22:47:45,42.4005088806152,-8.92092323303223,"Female"
"9004151",371994,2025-06-24 22:52:45,42.4004516601562,-8.92097854614258,"Female"
"9004151",371994,2025-06-24 22:57:42,42.4004287719727,-8.92103576660156,"Female"
"9004151",371994,2025-06-24 23:02:42,42.4003639221191,-8.92101573944092,"Female"
"9004151",371994,2025-06-24 23:07:42,42.4004440307617,-8.92093563079834,"Female"
"9004151",371994,2025-06-24 23:12:42,42.4004364013672,-8.92095470428467,"Female"
"9004151",371994,2025-06-24 23:17:42,42.4004249572754,-8.92087078094482,"Female"
"9004151",371994,2025-06-24 23:22:44,42.4003410339355,-8.92090225219727,"Female"
"9004151",371994,2025-06-24 23:27:42,42.4002723693848,-8.92096519470215,"Female"
"9004151",371994,2025-06-24 23:32:45,42.400463104248,-8.92089557647705,"Female"
"9004151",371994,2025-06-24 23:37:42,42.4003257751465,-8.92090034484863,"Female"
"9004151",371994,2025-06-24 23:42:42,42.4003562927246,-8.92092895507812,"Female"
"9004151",371994,2025-06-24 23:47:42,42.4006004333496,-8.92087841033936,"Female"
"9004151",371994,2025-06-24 23:52:43,42.4005508422852,-8.92090892791748,"Female"
"9004151",371994,2025-06-24 23:57:42,42.4005317687988,-8.92085266113281,"Female"
"9004151",371994,2025-06-25 00:02:42,42.4005165100098,-8.92100715637207,"Female"
"9004151",371994,2025-06-25 00:07:43,42.400203704834,-8.92097663879395,"Female"
"9004151",371994,2025-06-25 00:13:03,42.4004325866699,-8.92099380493164,"Female"
"9004151",371994,2025-06-25 00:17:44,42.4003753662109,-8.92106819152832,"Female"
"9004151",371994,2025-06-25 00:22:42,42.4005088806152,-8.92104625701904,"Female"
"9004151",371994,2025-06-25 00:27:42,42.4005355834961,-8.92121887207031,"Female"
"9004151",371994,2025-06-25 00:32:42,42.4005851745605,-8.92105388641357,"Female"
"9004151",371994,2025-06-25 00:37:46,42.400562286377,-8.92113590240479,"Female"
"9004151",371994,2025-06-25 00:42:43,42.4004135131836,-8.92134571075439,"Female"
"9004151",371994,2025-06-25 00:47:47,42.400634765625,-8.92136859893799,"Female"
"9004151",371994,2025-06-25 00:52:45,42.4008369445801,-8.92182540893555,"Female"
"9004151",371994,2025-06-25 00:58:02,42.4004707336426,-8.92091178894043,"Female"
"9004151",371994,2025-06-25 01:02:43,42.400577545166,-8.92058372497559,"Female"
"9004151",371994,2025-06-25 01:07:46,42.4004936218262,-8.92086029052734,"Female"
"9004151",371994,2025-06-25 01:12:45,42.4005432128906,-8.92090034484863,"Female"
"9004151",371994,2025-06-25 01:17:43,42.4004135131836,-8.92105865478516,"Female"
"9004151",371994,2025-06-25 01:22:45,42.4003677368164,-8.92114162445068,"Female"
"9004151",371994,2025-06-25 01:27:47,42.4005088806152,-8.9209098815918,"Female"
"9004151",371994,2025-06-25 01:33:13,42.4004173278809,-8.9210376739502,"Female"
"9004151",371994,2025-06-25 01:37:44,42.4002685546875,-8.92135429382324,"Female"
"9004151",371994,2025-06-25 01:42:44,42.400260925293,-8.92136669158936,"Female"
"9004151",371994,2025-06-25 01:47:42,42.4003677368164,-8.9210376739502,"Female"
"9004151",371994,2025-06-25 01:52:44,42.4004554748535,-8.92080593109131,"Female"
"9004151",371994,2025-06-25 01:57:42,42.4004135131836,-8.92105197906494,"Female"
"9004151",371994,2025-06-25 02:02:45,42.4003486633301,-8.92114067077637,"Female"
"9004151",371994,2025-06-25 02:07:43,42.4002456665039,-8.92129993438721,"Female"
"9004151",371994,2025-06-25 02:12:45,42.400505065918,-8.92089176177979,"Female"
"9004151",371994,2025-06-25 02:17:43,42.4003944396973,-8.92123317718506,"Female"
"9004151",371994,2025-06-25 02:22:46,42.4004135131836,-8.92092895507812,"Female"
"9004151",371994,2025-06-25 02:27:50,42.4007949829102,-8.92228507995605,"Female"
"9004151",371994,2025-06-25 02:32:45,42.4001426696777,-8.92140579223633,"Female"
"9004151",371994,2025-06-25 02:37:59,42.4005279541016,-8.92090797424316,"Female"
"9004151",371994,2025-06-25 02:42:45,42.400390625,-8.92150592803955,"Female"
"9004151",371994,2025-06-25 02:48:14,42.400505065918,-8.92113208770752,"Female"
"9004151",371994,2025-06-25 02:52:46,42.4000854492188,-8.92064952850342,"Female"
"9004151",371994,2025-06-25 02:57:46,42.4003982543945,-8.92132091522217,"Female"
"9004151",371994,2025-06-25 03:02:44,42.4004287719727,-8.92114639282227,"Female"
"9004151",371994,2025-06-25 03:07:49,42.3999137878418,-8.92139148712158,"Female"
"9004151",371994,2025-06-25 03:12:42,42.3998947143555,-8.92096614837646,"Female"
"9004151",371994,2025-06-25 03:17:42,42.3998832702637,-8.92100143432617,"Female"
"9004151",371994,2025-06-25 03:22:42,42.3999557495117,-8.92104530334473,"Female"
"9004151",371994,2025-06-25 03:27:42,42.3999633789062,-8.92104721069336,"Female"
"9004151",371994,2025-06-25 03:32:42,42.3999557495117,-8.92104816436768,"Female"
"9004151",371994,2025-06-25 03:37:41,42.3999061584473,-8.9208345413208,"Female"
"9004151",371994,2025-06-25 03:42:41,42.3998718261719,-8.92037487030029,"Female"
"9004151",371994,2025-06-25 03:47:54,42.4004364013672,-8.92097949981689,"Female"
"9004151",371994,2025-06-25 03:52:46,42.4005088806152,-8.92109203338623,"Female"
"9004151",371994,2025-06-25 03:58:14,42.4003448486328,-8.92117786407471,"Female"
"9004151",371994,2025-06-25 04:02:44,42.4002265930176,-8.92161560058594,"Female"
"9004151",371994,2025-06-25 04:07:46,42.4006614685059,-8.92055797576904,"Female"
"9004151",371994,2025-06-25 04:12:45,42.4003028869629,-8.92109870910645,"Female"
"9004151",371994,2025-06-25 04:17:50,42.4007797241211,-8.92068004608154,"Female"
"9004151",371994,2025-06-25 04:22:48,42.4004669189453,-8.92096900939941,"Female"
"9004151",371994,2025-06-25 04:27:48,42.399829864502,-8.92194747924805,"Female"
"9004151",371994,2025-06-25 04:32:46,42.3997268676758,-8.92199230194092,"Female"
"9004151",371994,2025-06-25 04:38:01,42.3997421264648,-8.92085742950439,"Female"
"9004151",371994,2025-06-25 04:42:50,42.3998107910156,-8.92123317718506,"Female"
"9004151",371994,2025-06-25 04:51:01,42.399959564209,-8.92121601104736,"Female"
"9004151",371994,2025-06-25 04:55:23,42.3997421264648,-8.92144775390625,"Female"
"9004151",371994,2025-06-25 05:00:44,42.4001846313477,-8.9210205078125,"Female"
"9004151",371994,2025-06-25 05:05:24,42.4003791809082,-8.92027759552002,"Female"
"9004151",371994,2025-06-25 05:10:24,42.3998603820801,-8.92133617401123,"Female"
"9004151",371994,2025-06-25 05:15:25,42.4003295898438,-8.92034912109375,"Female"
"9004151",371994,2025-06-25 05:20:39,42.4005813598633,-8.92012119293213,"Female"
"9004151",371994,2025-06-25 05:25:26,42.4004554748535,-8.92037200927734,"Female"
"9004151",371994,2025-06-25 05:30:25,42.4004440307617,-8.92036819458008,"Female"
"9004151",371994,2025-06-25 05:35:24,42.4008979797363,-8.92064380645752,"Female"
"9004151",371994,2025-06-25 05:40:37,42.4003219604492,-8.92157459259033,"Female"
"9004151",371994,2025-06-25 05:45:44,42.4003219604492,-8.92152214050293,"Female"
"9004151",371994,2025-06-25 05:50:21,42.400390625,-8.92145919799805,"Female"
"9004151",371994,2025-06-25 05:55:21,42.4004554748535,-8.92124843597412,"Female"
"9004151",371994,2025-06-25 06:00:51,42.4003295898438,-8.92111492156982,"Female"
"9004151",371994,2025-06-25 06:05:29,42.4003486633301,-8.92106151580811,"Female"
"9004151",371994,2025-06-25 06:10:34,42.4003410339355,-8.92103290557861,"Female"
"9004151",371994,2025-06-25 06:15:36,42.4003486633301,-8.92107105255127,"Female"
"9004151",371994,2025-06-25 06:20:35,42.400318145752,-8.92110919952393,"Female"
"9004151",371994,2025-06-25 06:25:30,42.4003524780273,-8.92107200622559,"Female"
"9004151",371994,2025-06-25 06:30:44,42.4003028869629,-8.92110443115234,"Female"
"9004151",371994,2025-06-25 06:35:23,42.4002571105957,-8.92119121551514,"Female"
"9004151",371994,2025-06-25 06:40:22,42.4004020690918,-8.92125797271729,"Female"
"9004151",371994,2025-06-25 06:45:21,42.400463104248,-8.92137622833252,"Female"
"9004151",371994,2025-06-25 06:50:23,42.4004402160645,-8.9214391708374,"Female"
"9004151",371994,2025-06-25 06:55:34,42.4003791809082,-8.92098999023438,"Female"
"9004151",371994,2025-06-25 07:00:24,42.4004745483398,-8.92116260528564,"Female"
"9004151",371994,2025-06-25 07:05:23,42.4006118774414,-8.92072296142578,"Female"
"9004151",371994,2025-06-25 07:10:25,42.4003791809082,-8.92112159729004,"Female"
"9004151",371994,2025-06-25 07:16:23,42.4004592895508,-8.92090702056885,"Female"
"9004151",371994,2025-06-25 07:20:20,42.4219741821289,-8.92889499664307,"Female"
"9004151",371994,2025-06-25 07:25:20,42.4700927734375,-8.94392681121826,"Female"
"9004151",371994,2025-06-25 07:30:20,42.4901504516602,-8.9233980178833,"Female"
"9004151",371994,2025-06-25 07:35:21,42.5046501159668,-8.90065956115723,"Female"
"9004151",371994,2025-06-25 07:40:20,42.5293464660645,-8.85742950439453,"Female"
"9004151",371994,2025-06-25 07:45:35,42.5342216491699,-8.8527889251709,"Female"
"9004151",371994,2025-06-25 07:50:31,42.5346450805664,-8.85245227813721,"Female"
"9004151",371994,2025-06-25 07:55:31,42.535228729248,-8.85212516784668,"Female"
"9004151",371994,2025-06-25 08:00:44,42.5365524291992,-8.85049343109131,"Female"
"9004151",371994,2025-06-25 08:05:20,42.5361442565918,-8.84950733184814,"Female"
"9004151",371994,2025-06-25 08:10:43,42.5364570617676,-8.84849071502686,"Female"
"9004151",371994,2025-06-25 08:16:06,42.5374641418457,-8.84773540496826,"Female"
"9004151",371994,2025-06-25 08:21:06,42.5383110046387,-8.84725666046143,"Female"
"9004151",371994,2025-06-25 08:26:07,42.5384330749512,-8.84742546081543,"Female"
"9004151",371994,2025-06-25 08:31:06,42.5384292602539,-8.84800148010254,"Female"
"9004151",371994,2025-06-25 08:36:06,42.5362434387207,-8.84688568115234,"Female"
"9004151",371994,2025-06-25 08:41:10,42.5361175537109,-8.84745979309082,"Female"
"9004151",371994,2025-06-25 08:51:51,42.5342864990234,-8.84773254394531,"Female"
"9004151",371994,2025-06-25 08:57:27,42.534595489502,-8.84820652008057,"Female"
"9004151",371994,2025-06-25 09:02:50,42.5331497192383,-8.84813213348389,"Female"
"9004151",371994,2025-06-25 09:08:17,42.5332145690918,-8.8483829498291,"Female"
"9004151",371994,2025-06-25 09:13:20,42.533088684082,-8.849440574646,"Female"
"9004151",371994,2025-06-25 09:18:32,42.5331077575684,-8.85085296630859,"Female"
"9004151",371994,2025-06-25 09:23:42,42.5328521728516,-8.85185813903809,"Female"
"9004151",371994,2025-06-25 09:28:43,42.5318603515625,-8.85149002075195,"Female"
"9004151",371994,2025-06-25 09:33:43,42.5312843322754,-8.85201549530029,"Female"
"9004151",371994,2025-06-25 09:39:01,42.5304489135742,-8.851731300354,"Female"
"9004151",371994,2025-06-25 09:44:16,42.5296936035156,-8.85159873962402,"Female"
"9004151",371994,2025-06-25 09:49:44,42.5291137695312,-8.85186004638672,"Female"
"9004151",371994,2025-06-25 09:54:19,42.5288429260254,-8.85171985626221,"Female"
"9004151",371994,2025-06-25 09:59:16,42.5263595581055,-8.84732246398926,"Female"
"9004151",371994,2025-06-25 10:04:44,42.5263710021973,-8.84726333618164,"Female"
"9004151",371994,2025-06-25 10:09:16,42.5261764526367,-8.84757137298584,"Female"
"9004151",371994,2025-06-25 10:14:19,42.5264320373535,-8.84700107574463,"Female"
"9004151",371994,2025-06-25 10:19:17,42.5260238647461,-8.84765815734863,"Female"
"9004151",371994,2025-06-25 10:24:21,42.5264015197754,-8.84700012207031,"Female"
"9004151",371994,2025-06-25 10:29:22,42.52587890625,-8.84780979156494,"Female"
"9004151",371994,2025-06-25 10:34:22,42.5263366699219,-8.84719848632812,"Female"
"9004151",371994,2025-06-25 10:39:16,42.5261344909668,-8.8474817276001,"Female"
"9004151",371994,2025-06-25 10:44:19,42.5262794494629,-8.84723567962646,"Female"
"9004151",371994,2025-06-25 10:49:53,42.5263328552246,-8.84727954864502,"Female"
"9004151",371994,2025-06-25 10:54:16,42.5262222290039,-8.8473424911499,"Female"
"9004151",371994,2025-06-25 10:59:16,42.5263137817383,-8.84738349914551,"Female"
"9004151",371994,2025-06-25 11:04:16,42.5262145996094,-8.84743404388428,"Female"
"9004151",371994,2025-06-25 11:09:16,42.5262184143066,-8.84740543365479,"Female"
"9004151",371994,2025-06-25 11:14:16,42.5262260437012,-8.84734916687012,"Female"
"9004151",371994,2025-06-25 11:19:16,42.5261840820312,-8.84722328186035,"Female"
"9004151",371994,2025-06-25 11:24:16,42.5262756347656,-8.84733104705811,"Female"
"9004151",371994,2025-06-25 11:29:16,42.5262756347656,-8.84725189208984,"Female"
"9004151",371994,2025-06-25 11:34:16,42.5262985229492,-8.84722709655762,"Female"
"9004151",371994,2025-06-25 11:39:16,42.5262641906738,-8.84725666046143,"Female"
"9004151",371994,2025-06-25 11:44:16,42.526180267334,-8.84722137451172,"Female"
"9004151",371994,2025-06-25 11:49:16,42.5261459350586,-8.84707069396973,"Female"
"9004151",371994,2025-06-25 11:54:16,42.5261459350586,-8.84706592559814,"Female"
"9004151",371994,2025-06-25 11:59:17,42.5262870788574,-8.84716033935547,"Female"
"9004151",371994,2025-06-25 12:04:44,42.5263175964355,-8.84716320037842,"Female"
"9004151",371994,2025-06-25 12:09:16,42.5262680053711,-8.84720325469971,"Female"
"9004151",371994,2025-06-25 12:14:16,42.5262680053711,-8.84711933135986,"Female"
"9004151",371994,2025-06-25 12:19:17,42.5262832641602,-8.84718799591064,"Female"
"9004151",371994,2025-06-25 12:24:16,42.5263137817383,-8.84728145599365,"Female"
"9004151",371994,2025-06-25 12:29:16,42.5263519287109,-8.84722995758057,"Female"
"9004151",371994,2025-06-25 12:34:16,42.526309967041,-8.84717845916748,"Female"
"9004151",371994,2025-06-25 12:39:16,42.5264167785645,-8.84716892242432,"Female"
"9004151",371994,2025-06-25 12:44:16,42.526309967041,-8.84724617004395,"Female"
"9004151",371994,2025-06-25 12:49:44,42.5263328552246,-8.84724521636963,"Female"
"9004151",371994,2025-06-25 12:54:21,42.5263214111328,-8.84723949432373,"Female"
"9004151",371994,2025-06-25 12:59:17,42.5264129638672,-8.84717273712158,"Female"
"9004151",371994,2025-06-25 13:04:22,42.5263328552246,-8.84716606140137,"Female"
"9004151",371994,2025-06-25 13:09:19,42.5266304016113,-8.84731388092041,"Female"
"9004151",371994,2025-06-25 13:14:16,42.5263671875,-8.84720516204834,"Female"
"9004151",371994,2025-06-25 13:19:17,42.5264739990234,-8.84722995758057,"Female"
"9004151",371994,2025-06-25 13:24:18,42.5263328552246,-8.84718132019043,"Female"
"9004151",371994,2025-06-25 13:29:18,42.5263519287109,-8.84715843200684,"Female"
"9004151",371994,2025-06-25 13:34:16,42.5264854431152,-8.84718418121338,"Female"
"9004151",371994,2025-06-25 13:39:20,42.5263595581055,-8.84706974029541,"Female"
"9004151",371994,2025-06-25 13:44:16,42.5265502929688,-8.8471736907959,"Female"
"9004151",371994,2025-06-25 13:49:44,42.5264129638672,-8.84718322753906,"Female"
"9004151",371994,2025-06-25 13:54:16,42.5266914367676,-8.84715366363525,"Female"
"9004151",371994,2025-06-25 13:59:17,42.526611328125,-8.84713077545166,"Female"
"9004151",371994,2025-06-25 14:04:30,42.5265922546387,-8.84712791442871,"Female"
"9004151",371994,2025-06-25 14:09:16,42.5267715454102,-8.84705448150635,"Female"
"9004151",371994,2025-06-25 14:14:30,42.5265083312988,-8.84713459014893,"Female"
"9004151",371994,2025-06-25 14:19:16,42.5263786315918,-8.84717178344727,"Female"
"9004151",371994,2025-06-25 14:24:30,42.5266647338867,-8.84707450866699,"Female"
"9004151",371994,2025-06-25 14:29:24,42.5269088745117,-8.8469066619873,"Female"
"9004151",371994,2025-06-25 14:34:25,42.5275688171387,-8.84668922424316,"Female"
"9004151",371994,2025-06-25 14:40:23,42.5285758972168,-8.85047340393066,"Female"
"9004151",371994,2025-06-25 14:44:16,42.5301551818848,-8.85082817077637,"Female"
"9004151",371994,2025-06-25 14:49:16,42.5310707092285,-8.85168933868408,"Female"
"9004151",371994,2025-06-25 14:54:16,42.5320854187012,-8.85207653045654,"Female"
"9004151",371994,2025-06-25 14:59:28,42.5331230163574,-8.85165500640869,"Female"
"9004151",371994,2025-06-25 15:04:26,42.5338821411133,-8.85055160522461,"Female"
"9004151",371994,2025-06-25 15:09:50,42.5350379943848,-8.84932708740234,"Female"
"9004151",371994,2025-06-25 15:15:19,42.5353813171387,-8.84879875183105,"Female"
"9004151",371994,2025-06-25 15:20:42,42.534538269043,-8.84929275512695,"Female"
"9004151",371994,2025-06-25 15:32:12,42.5348243713379,-8.85185813903809,"Female"
"9004151",371994,2025-06-25 15:37:11,42.5333480834961,-8.85199356079102,"Female"
"9004151",371994,2025-06-25 15:42:12,42.5330581665039,-8.8531551361084,"Female"
"9004151",371994,2025-06-25 15:47:11,42.5318641662598,-8.85247230529785,"Female"
"9004151",371994,2025-06-25 15:52:33,42.5307693481445,-8.85242557525635,"Female"
"9004151",371994,2025-06-25 15:58:12,42.5307579040527,-8.85149192810059,"Female"
"9004151",371994,2025-06-25 16:11:18,42.5326995849609,-8.85183429718018,"Female"
"9004151",371994,2025-06-25 16:16:43,42.5329780578613,-8.85033893585205,"Female"
"9004151",371994,2025-06-25 16:22:01,42.5319366455078,-8.8513126373291,"Female"
"9004151",371994,2025-06-25 16:27:17,42.5311584472656,-8.85100173950195,"Female"
"9004151",371994,2025-06-25 16:32:56,42.5303382873535,-8.85147953033447,"Female"
"9004151",371994,2025-06-25 16:38:23,42.5300521850586,-8.85179996490479,"Female"
"9004151",371994,2025-06-25 16:43:25,42.5290985107422,-8.8521671295166,"Female"
"9004151",371994,2025-06-25 16:48:44,42.5262680053711,-8.84718894958496,"Female"
"9004151",371994,2025-06-25 16:53:20,42.5265502929688,-8.84768486022949,"Female"
"9004151",371994,2025-06-25 16:58:23,42.525032043457,-8.8544340133667,"Female"
"9004151",371994,2025-06-25 17:03:30,42.5246505737305,-8.85355091094971,"Female"
"9004151",371994,2025-06-25 17:08:30,42.5245628356934,-8.85319709777832,"Female"
"9004151",371994,2025-06-25 17:13:30,42.5245819091797,-8.85340404510498,"Female"
"9004151",371994,2025-06-25 17:18:44,42.5247116088867,-8.85389137268066,"Female"
"9004151",371994,2025-06-25 17:23:19,42.5246849060059,-8.85382270812988,"Female"
"9004151",371994,2025-06-25 17:47:35,42.5235061645508,-8.85669231414795,"Female"
"9004151",371994,2025-06-25 17:51:49,42.5235366821289,-8.85667610168457,"Female"
"9004151",371994,2025-06-25 17:56:50,42.5235176086426,-8.85660076141357,"Female"
"9004151",371994,2025-06-25 18:01:49,42.5235176086426,-8.85672664642334,"Female"
"9004151",371994,2025-06-25 18:06:49,42.5234794616699,-8.85659599304199,"Female"
"9004151",371994,2025-06-25 18:11:49,42.5234375,-8.85663795471191,"Female"
"9004151",371994,2025-06-25 18:16:50,42.5235366821289,-8.85668659210205,"Female"
"9004151",371994,2025-06-25 18:21:53,42.5263137817383,-8.85790252685547,"Female"
"9004151",371994,2025-06-25 18:36:12,42.5315704345703,-8.85319328308105,"Female"
"9004151",371994,2025-06-25 18:41:17,42.5311279296875,-8.85343551635742,"Female"
"9004151",371994,2025-06-25 18:48:15,42.5301094055176,-8.8553466796875,"Female"
"9004151",371994,2025-06-25 18:53:14,42.5168571472168,-8.86398506164551,"Female"
"9004151",371994,2025-06-25 18:58:16,42.5048751831055,-8.88175868988037,"Female"
"9004151",371994,2025-06-25 19:03:13,42.504337310791,-8.88131332397461,"Female"
"9004151",371994,2025-06-25 19:08:24,42.5030632019043,-8.88361930847168,"Female"
"9004151",371994,2025-06-25 19:13:24,42.4819221496582,-8.9192419052124,"Female"
"9004151",371994,2025-06-25 19:18:12,42.461483001709,-8.94442749023438,"Female"
"9004151",371994,2025-06-25 19:23:18,42.4356918334961,-8.94296741485596,"Female"
"9004151",371994,2025-06-25 19:28:24,42.4348793029785,-8.94335842132568,"Female"
"9004151",371994,2025-06-25 19:33:40,42.4001083374023,-8.92130470275879,"Female"
"9004151",371994,2025-06-25 19:38:16,42.4005546569824,-8.92095184326172,"Female"
"9004151",371994,2025-06-25 19:43:35,42.4002799987793,-8.92148876190186,"Female"
"9004151",371994,2025-06-25 19:53:53,42.4013519287109,-8.9218111038208,"Female"
"9004151",371994,2025-06-25 19:59:00,42.400463104248,-8.92092323303223,"Female"
"9004151",371994,2025-06-25 20:03:51,42.4002113342285,-8.92098236083984,"Female"
"9004151",371994,2025-06-25 20:09:00,42.400390625,-8.92122077941895,"Female"
"9004151",371994,2025-06-25 20:13:53,42.4002113342285,-8.92127227783203,"Female"
"9004151",371994,2025-06-25 20:18:55,42.4003677368164,-8.92108249664307,"Female"
"9004151",371994,2025-06-25 20:23:55,42.4003791809082,-8.92109394073486,"Female"
"9004151",371994,2025-06-25 20:28:55,42.4003410339355,-8.92112636566162,"Female"
"9004151",371994,2025-06-25 20:34:07,42.4004249572754,-8.92099380493164,"Female"
"9004151",371994,2025-06-25 20:39:01,42.4004287719727,-8.92108631134033,"Female"
"9004151",371994,2025-06-25 20:44:01,42.4003868103027,-8.92099189758301,"Female"
"9004151",371994,2025-06-25 20:48:52,42.399658203125,-8.92134475708008,"Female"
"9004151",371994,2025-06-25 20:54:07,42.4002571105957,-8.92137813568115,"Female"
"9004151",371994,2025-06-25 20:59:02,42.4003791809082,-8.92123603820801,"Female"
"9004151",371994,2025-06-25 21:04:01,42.4003753662109,-8.92123699188232,"Female"
"9004151",371994,2025-06-25 21:09:03,42.4002113342285,-8.92143058776855,"Female"
"9004151",371994,2025-06-25 21:14:05,42.4003753662109,-8.92124652862549,"Female"
"9004151",371994,2025-06-25 21:19:05,42.4003677368164,-8.92122268676758,"Female"
"9004151",371994,2025-06-25 21:24:05,42.4003410339355,-8.92124652862549,"Female"
"9004151",371994,2025-06-25 21:29:02,42.4003105163574,-8.92121028900146,"Female"
"9004151",371994,2025-06-25 21:34:02,42.4002799987793,-8.92128086090088,"Female"
"9004151",371994,2025-06-25 21:39:14,42.4005813598633,-8.92087364196777,"Female"
"9004151",371994,2025-06-25 21:43:53,42.4004173278809,-8.92107200622559,"Female"
"9004151",371994,2025-06-25 21:48:51,42.3999633789062,-8.9212532043457,"Female"
"9004151",371994,2025-06-25 21:53:53,42.4001502990723,-8.92126274108887,"Female"
"9004151",371994,2025-06-25 21:58:57,42.4006958007812,-8.92137050628662,"Female"
"9004151",371994,2025-06-25 22:04:15,42.4003601074219,-8.92106914520264,"Female"
"9004151",371994,2025-06-25 22:08:58,42.4002876281738,-8.92083358764648,"Female"
"9004151",371994,2025-06-25 22:13:52,42.4003639221191,-8.92150497436523,"Female"
"9004151",371994,2025-06-25 22:18:54,42.4003295898438,-8.92119216918945,"Female"
"9004151",371994,2025-06-25 22:23:51,42.4004020690918,-8.92107391357422,"Female"
"9004151",371994,2025-06-25 22:28:55,42.4003639221191,-8.92098712921143,"Female"
"9004151",371994,2025-06-25 22:34:24,42.4003753662109,-8.92106342315674,"Female"
"9004151",371994,2025-06-25 22:38:50,42.4004211425781,-8.92094612121582,"Female"
"9004151",371994,2025-06-25 22:43:50,42.4003639221191,-8.92104625701904,"Female"
"9004151",371994,2025-06-25 22:49:14,42.4003791809082,-8.9210729598999,"Female"
"9004151",371994,2025-06-25 22:53:50,42.4003372192383,-8.92092037200928,"Female"
"9004151",371994,2025-06-25 22:58:50,42.4004135131836,-8.92093467712402,"Female"
"9004151",371994,2025-06-25 23:03:50,42.4004058837891,-8.92107105255127,"Female"
"9004151",371994,2025-06-25 23:08:50,42.4004058837891,-8.92101860046387,"Female"
"9004151",371994,2025-06-25 23:13:50,42.4003982543945,-8.92095470428467,"Female"
"9004151",371994,2025-06-25 23:18:52,42.4004325866699,-8.92098426818848,"Female"
"9004151",371994,2025-06-25 23:23:51,42.4004135131836,-8.92102813720703,"Female"
"9004151",371994,2025-06-25 23:28:50,42.4004020690918,-8.92097663879395,"Female"
"9004151",371994,2025-06-25 23:33:50,42.4003601074219,-8.92101860046387,"Female"
"9004151",371994,2025-06-25 23:38:51,42.400260925293,-8.92093849182129,"Female"
"9004151",371994,2025-06-25 23:43:51,42.4004058837891,-8.9208927154541,"Female"
"9004151",371994,2025-06-25 23:49:14,42.4003677368164,-8.92100429534912,"Female"
"9004151",371994,2025-06-25 23:53:52,42.4002723693848,-8.92098712921143,"Female"
"9004151",371994,2025-06-25 23:58:51,42.4005165100098,-8.92120170593262,"Female"
"9004151",371994,2025-06-26 00:03:50,42.4002838134766,-8.92079257965088,"Female"
"9004151",371994,2025-06-26 00:08:50,42.4003143310547,-8.92072677612305,"Female"
"9004151",371994,2025-06-26 00:13:51,42.400447845459,-8.92085742950439,"Female"
"9004151",371994,2025-06-26 00:18:50,42.4001655578613,-8.92077541351318,"Female"
"9004151",371994,2025-06-26 00:23:51,42.4002342224121,-8.92117214202881,"Female"
"9004151",371994,2025-06-26 00:28:51,42.4004058837891,-8.92096424102783,"Female"
"9004151",371994,2025-06-26 00:33:52,42.4001274108887,-8.92110252380371,"Female"
"9004151",371994,2025-06-26 00:39:23,42.4004249572754,-8.92103099822998,"Female"
"9004151",371994,2025-06-26 00:43:50,42.4004592895508,-8.92103672027588,"Female"
"9004151",371994,2025-06-26 00:48:50,42.4004364013672,-8.92098045349121,"Female"
"9004151",371994,2025-06-26 00:53:51,42.4006080627441,-8.92093658447266,"Female"
"9004151",371994,2025-06-26 00:58:50,42.4025650024414,-8.92062187194824,"Female"
"9004151",371994,2025-06-26 01:04:14,42.4008674621582,-8.92063903808594,"Female"
"9004151",371994,2025-06-26 01:08:52,42.4007720947266,-8.92073249816895,"Female"
"9004151",371994,2025-06-26 01:14:00,42.4008636474609,-8.92066764831543,"Female"
"9004151",371994,2025-06-26 01:18:55,42.4008407592773,-8.92064952850342,"Female"
"9004151",371994,2025-06-26 01:23:57,42.4008674621582,-8.9206714630127,"Female"
"9004151",371994,2025-06-26 01:28:57,42.4008522033691,-8.92064189910889,"Female"
"9004151",371994,2025-06-26 01:33:54,42.4008522033691,-8.92098808288574,"Female"
"9004151",371994,2025-06-26 01:38:53,42.4008445739746,-8.92091178894043,"Female"
"9004151",371994,2025-06-26 01:43:55,42.4009704589844,-8.92067623138428,"Female"
"9004151",371994,2025-06-26 01:48:55,42.400951385498,-8.92071151733398,"Female"
"9004151",371994,2025-06-26 01:53:55,42.4008865356445,-8.92079544067383,"Female"
"9004151",371994,2025-06-26 01:58:57,42.4009017944336,-8.92083740234375,"Female"
"9004151",371994,2025-06-26 02:04:23,42.4008331298828,-8.92089557647705,"Female"
"9004151",371994,2025-06-26 02:08:52,42.4008636474609,-8.92095565795898,"Female"
"9004151",371994,2025-06-26 02:13:50,42.400806427002,-8.92095279693604,"Female"
"9004151",371994,2025-06-26 02:18:50,42.4008445739746,-8.92111778259277,"Female"
"9004151",371994,2025-06-26 02:23:50,42.4008522033691,-8.92122650146484,"Female"
"9004151",371994,2025-06-26 02:28:50,42.4008140563965,-8.92114448547363,"Female"
"9004151",371994,2025-06-26 02:33:50,42.4008026123047,-8.92126274108887,"Female"
"9004151",371994,2025-06-26 02:39:44,42.4008674621582,-8.92130374908447,"Female"
"9004151",371994,2025-06-26 02:43:52,42.4007568359375,-8.92127990722656,"Female"
"9004151",371994,2025-06-26 02:48:57,42.4006881713867,-8.92087364196777,"Female"
"9004151",371994,2025-06-26 02:53:52,42.4005088806152,-8.92099094390869,"Female"
"9004151",371994,2025-06-26 02:58:52,42.4004516601562,-8.920823097229,"Female"
"9004151",371994,2025-06-26 03:04:12,42.4007720947266,-8.92096900939941,"Female"
"9004151",371994,2025-06-26 03:08:52,42.4005889892578,-8.92153644561768,"Female"
"9004151",371994,2025-06-26 03:13:51,42.4004592895508,-8.92130947113037,"Female"
"9004151",371994,2025-06-26 03:19:00,42.4006423950195,-8.92083549499512,"Female"
"9004151",371994,2025-06-26 03:23:51,42.4004554748535,-8.92126655578613,"Female"
"9004151",371994,2025-06-26 03:29:00,42.4006080627441,-8.92071533203125,"Female"
"9004151",371994,2025-06-26 03:33:52,42.4004364013672,-8.92132186889648,"Female"
"9004151",371994,2025-06-26 03:38:53,42.4005165100098,-8.92113208770752,"Female"
"9004151",371994,2025-06-26 03:44:22,42.4007110595703,-8.92081165313721,"Female"
"9004151",371994,2025-06-26 03:48:50,42.4006195068359,-8.92083263397217,"Female"
"9004151",371994,2025-06-26 03:53:50,42.4006004333496,-8.92105770111084,"Female"
"9004151",371994,2025-06-26 03:58:50,42.4005889892578,-8.92117881774902,"Female"
"9004151",371994,2025-06-26 04:03:50,42.4005851745605,-8.92102336883545,"Female"
"9004151",371994,2025-06-26 04:08:50,42.4006996154785,-8.92098331451416,"Female"
"9004151",371994,2025-06-26 04:13:50,42.4006576538086,-8.92094612121582,"Female"
"9004151",371994,2025-06-26 04:18:54,42.4004821777344,-8.92137336730957,"Female"
"9004151",371994,2025-06-26 04:23:51,42.4005546569824,-8.92045116424561,"Female"
"9004151",371994,2025-06-26 04:28:54,42.4006462097168,-8.92070579528809,"Female"
"9004151",371994,2025-06-26 04:34:13,42.4007263183594,-8.92074203491211,"Female"
"9004151",371994,2025-06-26 04:38:50,42.4006195068359,-8.92083549499512,"Female"
"9004151",371994,2025-06-26 04:43:50,42.4006652832031,-8.92061519622803,"Female"
"9004151",371994,2025-06-26 04:48:50,42.4006767272949,-8.92061901092529,"Female"
"9004151",371994,2025-06-26 04:53:50,42.400691986084,-8.92065811157227,"Female"
"9004151",371994,2025-06-26 04:58:50,42.4006690979004,-8.92068290710449,"Female"
"9004151",371994,2025-06-26 05:03:50,42.400634765625,-8.92062854766846,"Female"
"9004151",371994,2025-06-26 05:08:50,42.4006500244141,-8.92065238952637,"Female"
"9004151",371994,2025-06-26 05:13:50,42.4006500244141,-8.92066669464111,"Female"
"9004151",371994,2025-06-26 05:18:50,42.4006500244141,-8.92064952850342,"Female"
"9004151",371994,2025-06-26 05:23:50,42.4006652832031,-8.92062759399414,"Female"
"9004151",371994,2025-06-26 05:28:50,42.4006233215332,-8.92065334320068,"Female"
"9004151",371994,2025-06-26 05:34:23,42.4006843566895,-8.92070293426514,"Female"
"9004151",371994,2025-06-26 05:38:50,42.4006843566895,-8.92075538635254,"Female"
"9004151",371994,2025-06-26 05:43:50,42.4006576538086,-8.92074584960938,"Female"
"9004151",371994,2025-06-26 05:48:50,42.4006843566895,-8.92068481445312,"Female"
"9004151",371994,2025-06-26 05:53:50,42.400634765625,-8.92073059082031,"Female"
"9004151",371994,2025-06-26 05:58:50,42.4006729125977,-8.92073440551758,"Female"
"9004151",371994,2025-06-26 06:03:50,42.4006500244141,-8.9207763671875,"Female"
"9004151",371994,2025-06-26 06:08:52,42.4006576538086,-8.92045593261719,"Female"
"9004151",371994,2025-06-26 06:13:53,42.4006385803223,-8.92031383514404,"Female"
"9004151",371994,2025-06-26 06:18:50,42.4007148742676,-8.92062854766846,"Female"
"9004151",371994,2025-06-26 06:23:52,42.4006042480469,-8.92034244537354,"Female"
"9004151",371994,2025-06-26 06:28:52,42.4006271362305,-8.920241355896,"Female"
"9004151",371994,2025-06-26 06:34:14,42.4010925292969,-8.92053508758545,"Female"
"9004151",371994,2025-06-26 06:38:51,42.4007453918457,-8.92081165313721,"Female"
"9004151",371994,2025-06-26 06:43:51,42.400749206543,-8.92080402374268,"Female"
"9004151",371994,2025-06-26 06:48:51,42.4008483886719,-8.92067718505859,"Female"
"9004151",371994,2025-06-26 06:53:51,42.400821685791,-8.92069625854492,"Female"
"9004151",371994,2025-06-26 06:58:50,42.4007301330566,-8.92029285430908,"Female"
"9004151",371994,2025-06-26 07:03:50,42.3989562988281,-8.90092182159424,"Female"
"9004151",371994,2025-06-26 07:09:50,42.3997611999512,-8.90132904052734,"Female"
"9004151",371994,2025-06-26 07:14:50,42.4002456665039,-8.90151500701904,"Female"
"9004151",371994,2025-06-26 07:20:45,42.3994483947754,-8.89991092681885,"Female"
"9004151",371994,2025-06-26 07:26:26,42.3971481323242,-8.89261627197266,"Female"
"9004151",371994,2025-06-26 07:31:45,42.3984565734863,-8.87598133087158,"Female"
"9004151",371994,2025-06-26 07:36:27,42.3994522094727,-8.87016105651855,"Female"
"9004151",371994,2025-06-26 07:41:30,42.3963241577148,-8.85989379882812,"Female"
"9004151",371994,2025-06-26 07:47:15,42.3956298828125,-8.859299659729,"Female"
"9004151",371994,2025-06-26 07:52:22,42.396183013916,-8.85807514190674,"Female"
"9004151",371994,2025-06-26 07:57:15,42.3965797424316,-8.85869121551514,"Female"
"9004151",371994,2025-06-26 08:02:22,42.3952026367188,-8.85832214355469,"Female"
"9004151",371994,2025-06-26 08:07:36,42.394660949707,-8.85748195648193,"Female"
"9004151",371994,2025-06-26 08:12:39,42.3954620361328,-8.8589391708374,"Female"
"9004151",371994,2025-06-26 08:17:40,42.3963890075684,-8.86021614074707,"Female"
"9004151",371994,2025-06-26 08:22:39,42.4195823669434,-8.88879299163818,"Female"
"9004151",371994,2025-06-26 08:27:39,42.4246025085449,-8.89416217803955,"Female"
"9004151",371994,2025-06-26 08:32:39,42.424747467041,-8.89426898956299,"Female"
"9004151",371994,2025-06-26 08:37:39,42.4249420166016,-8.89441871643066,"Female"
"9004151",371994,2025-06-26 08:42:39,42.4252700805664,-8.89494132995605,"Female"
"9004151",371994,2025-06-26 08:47:43,42.4256210327148,-8.89512538909912,"Female"
"9004151",371994,2025-06-26 08:53:04,42.4278182983398,-8.89851665496826,"Female"
"9004151",371994,2025-06-26 08:58:43,42.4324569702148,-8.90168476104736,"Female"
"9004151",371994,2025-06-26 09:03:54,42.4334297180176,-8.90098190307617,"Female"
"9004151",371994,2025-06-26 09:09:00,42.4346618652344,-8.90074729919434,"Female"
"9004151",371994,2025-06-26 09:14:41,42.435546875,-8.90269947052002,"Female"
"9004151",371994,2025-06-26 09:19:48,42.4356689453125,-8.90347385406494,"Female"
"9004151",371994,2025-06-26 09:24:49,42.4363594055176,-8.90474700927734,"Female"
"9004151",371994,2025-06-26 09:29:48,42.4372329711914,-8.90573978424072,"Female"
"9004151",371994,2025-06-26 09:35:35,42.4385948181152,-8.90610218048096,"Female"
"9004151",371994,2025-06-26 09:39:47,42.4508399963379,-8.91746425628662,"Female"
"9004151",371994,2025-06-26 09:44:47,42.4508781433105,-8.9175443649292,"Female"
"9004151",371994,2025-06-26 09:49:47,42.4508628845215,-8.91734218597412,"Female"
"9004151",371994,2025-06-26 09:54:47,42.4508628845215,-8.91736316680908,"Female"
"9004151",371994,2025-06-26 09:59:47,42.4508895874023,-8.91732501983643,"Female"
"9004151",371994,2025-06-26 10:04:47,42.4674339294434,-8.94394016265869,"Female"
"9004151",371994,2025-06-26 10:09:47,42.4990692138672,-8.90404319763184,"Female"
"9004151",371994,2025-06-26 10:14:47,42.5137405395508,-8.87552356719971,"Female"
"9004151",371994,2025-06-26 10:19:47,42.5215873718262,-8.86119365692139,"Female"
"9004151",371994,2025-06-26 10:25:07,42.533145904541,-8.85266208648682,"Female"
"9004151",371994,2025-06-26 10:30:17,42.5334014892578,-8.85061454772949,"Female"
"9004151",371994,2025-06-26 10:35:19,42.5334625244141,-8.85109710693359,"Female"
"9004151",371994,2025-06-26 10:40:16,42.5263328552246,-8.84719371795654,"Female"
"9004151",371994,2025-06-26 10:46:11,42.5263137817383,-8.84707927703857,"Female"
"9004151",371994,2025-06-26 10:51:14,42.5263442993164,-8.84722518920898,"Female"
"9004151",371994,2025-06-26 10:58:16,42.5263557434082,-8.84705924987793,"Female"
"9004151",371994,2025-06-26 11:04:04,42.5263214111328,-8.84724426269531,"Female"
"9004151",371994,2025-06-26 11:09:10,42.5327186584473,-8.84853553771973,"Female"
"9004151",371994,2025-06-26 11:14:04,42.5335121154785,-8.84809017181396,"Female"
"9004151",371994,2025-06-26 11:19:04,42.5348052978516,-8.84818077087402,"Female"
"9004151",371994,2025-06-26 11:25:09,42.5361480712891,-8.84792137145996,"Female"
"9004151",371994,2025-06-26 11:30:32,42.5355110168457,-8.84756755828857,"Female"
"9004151",371994,2025-06-26 11:36:04,42.5353126525879,-8.84770393371582,"Female"
"9004151",371994,2025-06-26 11:41:28,42.5354309082031,-8.84951019287109,"Female"
"9004151",371994,2025-06-26 11:46:28,42.5354690551758,-8.8508358001709,"Female"
"9004151",371994,2025-06-26 12:14:21,42.534969329834,-8.85058403015137,"Female"
"9004151",371994,2025-06-26 12:19:52,42.5341300964355,-8.8511381149292,"Female"
"9004151",371994,2025-06-26 12:25:30,42.533073425293,-8.85140323638916,"Female"
"9004151",371994,2025-06-26 12:30:41,42.5320663452148,-8.85310173034668,"Female"
"9004151",371994,2025-06-26 12:36:08,42.530834197998,-8.85202598571777,"Female"
"9004151",371994,2025-06-26 12:41:43,42.5300674438477,-8.8509693145752,"Female"
"9004151",371994,2025-06-26 12:47:35,42.5262832641602,-8.84713459014893,"Female"
"9004151",371994,2025-06-26 12:51:42,42.5265312194824,-8.8470287322998,"Female"
"9004151",371994,2025-06-26 12:56:56,42.5262870788574,-8.84721374511719,"Female"
"9004151",371994,2025-06-26 13:02:05,42.526294708252,-8.84714508056641,"Female"
"9004151",371994,2025-06-26 13:06:41,42.5263290405273,-8.84720993041992,"Female"
"9004151",371994,2025-06-26 13:11:42,42.5263137817383,-8.84714317321777,"Female"
"9004151",371994,2025-06-26 13:16:41,42.5262794494629,-8.84713363647461,"Female"
"9004151",371994,2025-06-26 13:21:41,42.526294708252,-8.84711933135986,"Female"
"9004151",371994,2025-06-26 13:26:41,42.5262145996094,-8.84715843200684,"Female"
"9004151",371994,2025-06-26 13:31:41,42.5262184143066,-8.84710693359375,"Female"
"9004151",371994,2025-06-26 13:36:42,42.5262908935547,-8.84713363647461,"Female"
"9004151",371994,2025-06-26 13:41:41,42.5263061523438,-8.84714412689209,"Female"
"9004151",371994,2025-06-26 13:46:41,42.5262641906738,-8.84713172912598,"Female"
"9004151",371994,2025-06-26 13:51:41,42.5262107849121,-8.84712600708008,"Female"
"9004151",371994,2025-06-26 13:56:41,42.5263061523438,-8.84720611572266,"Female"
"9004151",371994,2025-06-26 14:01:42,42.5262336730957,-8.84714889526367,"Female"
"9004151",371994,2025-06-26 14:06:42,42.5262756347656,-8.84718799591064,"Female"
"9004151",371994,2025-06-26 14:11:42,42.5262107849121,-8.84715270996094,"Female"
"9004151",371994,2025-06-26 14:16:42,42.5262870788574,-8.84719944000244,"Female"
"9004151",371994,2025-06-26 14:21:42,42.5261917114258,-8.84721660614014,"Female"
"9004151",371994,2025-06-26 14:26:42,42.5262336730957,-8.84725189208984,"Female"
"9004151",371994,2025-06-26 14:31:42,42.5262565612793,-8.84725952148438,"Female"
"9004151",371994,2025-06-26 14:36:42,42.5263061523438,-8.84730243682861,"Female"
"9004151",371994,2025-06-26 14:41:42,42.5263366699219,-8.84723663330078,"Female"
"9004151",371994,2025-06-26 14:46:42,42.526294708252,-8.84726524353027,"Female"
"9004151",371994,2025-06-26 14:51:42,42.5263214111328,-8.84731006622314,"Female"
"9004151",371994,2025-06-26 14:56:42,42.5262756347656,-8.84725189208984,"Female"
"9004151",371994,2025-06-26 15:01:41,42.5263481140137,-8.84733295440674,"Female"
"9004151",371994,2025-06-26 15:06:42,42.5262603759766,-8.84726142883301,"Female"
"9004151",371994,2025-06-26 15:11:42,42.526309967041,-8.84731769561768,"Female"
"9004151",371994,2025-06-26 15:16:42,42.5263137817383,-8.84731578826904,"Female"
"9004151",371994,2025-06-26 15:22:04,42.5261039733887,-8.84707355499268,"Female"
"9004151",371994,2025-06-26 15:26:41,42.5261459350586,-8.84704113006592,"Female"
"9004151",371994,2025-06-26 15:31:41,42.5260696411133,-8.84697914123535,"Female"
"9004151",371994,2025-06-26 15:36:41,42.5260963439941,-8.84698963165283,"Female"
"9004151",371994,2025-06-26 15:41:41,42.5261039733887,-8.84698009490967,"Female"
"9004151",371994,2025-06-26 15:46:41,42.5261650085449,-8.84703063964844,"Female"
"9004151",371994,2025-06-26 15:51:41,42.5261268615723,-8.84697341918945,"Female"
"9004151",371994,2025-06-26 15:56:41,42.5261650085449,-8.84700012207031,"Female"
"9004151",371994,2025-06-26 16:01:41,42.5261573791504,-8.84699535369873,"Female"
"9004151",371994,2025-06-26 16:06:41,42.5260620117188,-8.84685230255127,"Female"
"9004151",371994,2025-06-26 16:11:43,42.5261077880859,-8.84693336486816,"Female"
"9004151",371994,2025-06-26 16:16:42,42.5260772705078,-8.84686183929443,"Female"
"9004151",371994,2025-06-26 16:22:05,42.5262260437012,-8.84716033935547,"Female"
"9004151",371994,2025-06-26 16:26:41,42.5261840820312,-8.8471565246582,"Female"
"9004151",371994,2025-06-26 16:31:42,42.526252746582,-8.84724140167236,"Female"
"9004151",371994,2025-06-26 16:36:41,42.5261993408203,-8.84718894958496,"Female"
"9004151",371994,2025-06-26 16:41:41,42.5262985229492,-8.84701251983643,"Female"
"9004151",371994,2025-06-26 16:46:54,42.5262336730957,-8.84714889526367,"Female"
"9004151",371994,2025-06-26 16:51:54,42.5262489318848,-8.84716510772705,"Female"
"9004151",371994,2025-06-26 16:56:53,42.5262222290039,-8.84716606140137,"Female"
"9004151",371994,2025-06-26 17:01:53,42.5262413024902,-8.84712314605713,"Female"
"9004151",371994,2025-06-26 17:06:53,42.5262298583984,-8.84720039367676,"Female"
"9004151",371994,2025-06-26 17:11:53,42.5262413024902,-8.8471622467041,"Female"
"9004151",371994,2025-06-26 17:16:53,42.5353393554688,-8.85109043121338,"Female"
"9004151",371994,2025-06-26 17:23:12,42.5354499816895,-8.85037136077881,"Female"
"9004151",371994,2025-06-26 17:28:48,42.5355377197266,-8.84968662261963,"Female"
"9004151",371994,2025-06-26 17:33:48,42.535816192627,-8.84893608093262,"Female"
"9004151",371994,2025-06-26 17:38:50,42.5358123779297,-8.8488073348999,"Female"
"9004151",371994,2025-06-26 17:43:49,42.536304473877,-8.84864330291748,"Female"
"9004151",371994,2025-06-26 17:49:02,42.5369567871094,-8.84912109375,"Female"
"9004151",371994,2025-06-26 17:54:36,42.537467956543,-8.85012149810791,"Female"
"9004151",371994,2025-06-26 17:59:34,42.5382652282715,-8.8509349822998,"Female"
"9004151",371994,2025-06-26 18:08:44,42.5367126464844,-8.85187721252441,"Female"
"9004151",371994,2025-06-26 18:14:10,42.5365867614746,-8.84993362426758,"Female"
"9004151",371994,2025-06-26 18:24:53,42.5365371704102,-8.84884834289551,"Female"
"9004151",371994,2025-06-26 18:29:17,42.5366477966309,-8.8489933013916,"Female"
"9004151",371994,2025-06-26 18:34:18,42.536693572998,-8.85055446624756,"Female"
"9004151",371994,2025-06-26 18:39:47,42.5374221801758,-8.85211181640625,"Female"
"9004151",371994,2025-06-26 18:44:49,42.5382995605469,-8.85083293914795,"Female"
"9004151",371994,2025-06-26 18:49:47,42.537712097168,-8.85205459594727,"Female"
"9004151",371994,2025-06-26 18:55:10,42.5367088317871,-8.8524866104126,"Female"
"9004151",371994,2025-06-26 19:00:37,42.5358047485352,-8.85363388061523,"Female"
"9004151",371994,2025-06-26 19:05:42,42.5353546142578,-8.85482501983643,"Female"
"9004151",371994,2025-06-26 19:10:42,42.5342330932617,-8.85410118103027,"Female"
"9004151",371994,2025-06-26 19:15:40,42.5243492126465,-8.85386943817139,"Female"
"9004151",371994,2025-06-26 19:20:41,42.5244216918945,-8.85420799255371,"Female"
"9004151",371994,2025-06-26 19:25:41,42.5244026184082,-8.85399341583252,"Female"
"9004151",371994,2025-06-26 19:30:40,42.5245056152344,-8.85424041748047,"Female"
"9004151",371994,2025-06-26 19:35:40,42.5244636535645,-8.85424995422363,"Female"
"9004151",371994,2025-06-26 19:43:47,42.5056076049805,-8.88033294677734,"Female"
"9004151",371994,2025-06-26 19:49:23,42.4864234924316,-8.91430187225342,"Female"
"9004151",371994,2025-06-26 19:53:46,42.4797248840332,-8.93699264526367,"Female"
"9004151",371994,2025-06-26 19:58:47,42.4779243469238,-8.94411182403564,"Female"
"9004151",371994,2025-06-26 20:03:47,42.4773101806641,-8.94476699829102,"Female"
"9004151",371994,2025-06-26 20:08:47,42.4773330688477,-8.94465827941895,"Female"
"9004151",371994,2025-06-26 20:13:47,42.4773101806641,-8.94466209411621,"Female"
"9004151",371994,2025-06-26 20:18:46,42.4480667114258,-8.94095230102539,"Female"
"9004151",371994,2025-06-26 20:23:47,42.4072036743164,-8.92247867584229,"Female"
"9004151",371994,2025-06-26 20:28:47,42.4006004333496,-8.92129039764404,"Female"
"9004151",371994,2025-06-26 20:33:47,42.4006538391113,-8.92131328582764,"Female"
"9004151",371994,2025-06-26 20:38:47,42.4005317687988,-8.92109775543213,"Female"
"9004151",371994,2025-06-26 20:47:22,42.4004745483398,-8.92091941833496,"Female"
"9004151",371994,2025-06-26 20:52:23,42.4000129699707,-8.92073154449463,"Female"
"9004151",371994,2025-06-26 20:57:22,42.4003868103027,-8.92148303985596,"Female"
"9004151",371994,2025-06-26 21:02:31,42.4003105163574,-8.92100143432617,"Female"
"9004151",371994,2025-06-26 21:07:21,42.4010238647461,-8.92159366607666,"Female"
"9004151",371994,2025-06-26 21:12:24,42.3989448547363,-8.91989517211914,"Female"
"9004151",371994,2025-06-26 21:17:38,42.4003715515137,-8.92099952697754,"Female"
"9004151",371994,2025-06-26 21:22:39,42.4006118774414,-8.92091464996338,"Female"
"9004151",371994,2025-06-26 21:27:37,42.4002494812012,-8.92113018035889,"Female"
"9004151",371994,2025-06-26 21:32:36,42.4005241394043,-8.92092609405518,"Female"
"9004151",371994,2025-06-26 21:37:43,42.400333404541,-8.92111396789551,"Female"
"9004151",371994,2025-06-26 21:42:19,42.4003219604492,-8.92099285125732,"Female"
"9004151",371994,2025-06-26 21:47:20,42.4002113342285,-8.92027759552002,"Female"
"9004151",371994,2025-06-26 21:52:19,42.4002723693848,-8.92077445983887,"Female"
"9004151",371994,2025-06-26 21:57:19,42.4003715515137,-8.92116546630859,"Female"
"9004151",371994,2025-06-26 22:02:21,42.4005470275879,-8.92171001434326,"Female"
"9004151",371994,2025-06-26 22:07:20,42.3998107910156,-8.92142581939697,"Female"
"9004151",371994,2025-06-26 22:12:24,42.3997535705566,-8.9212818145752,"Female"
"9004151",371994,2025-06-26 22:17:30,42.3996238708496,-8.92142200469971,"Female"
"9004151",371994,2025-06-26 22:22:45,42.3994026184082,-8.92154216766357,"Female"
"9004151",371994,2025-06-26 22:27:27,42.3996276855469,-8.92160415649414,"Female"
"9004151",371994,2025-06-26 22:32:31,42.399585723877,-8.92169189453125,"Female"
"9004151",371994,2025-06-26 22:37:30,42.3996200561523,-8.92168045043945,"Female"
"9004151",371994,2025-06-26 22:42:30,42.3995132446289,-8.92169761657715,"Female"
"9004151",371994,2025-06-26 22:47:53,42.4003257751465,-8.92154407501221,"Female"
"9004151",371994,2025-06-26 22:52:18,42.4005966186523,-8.92117786407471,"Female"
"9004151",371994,2025-06-26 22:57:17,42.4004287719727,-8.92176151275635,"Female"
"9004151",371994,2025-06-26 23:02:17,42.4003639221191,-8.92175483703613,"Female"
"9004151",371994,2025-06-26 23:07:18,42.4003829956055,-8.9218578338623,"Female"
"9004151",371994,2025-06-26 23:12:17,42.4003143310547,-8.92177677154541,"Female"
"9004151",371994,2025-06-26 23:17:17,42.4003677368164,-8.92180252075195,"Female"
"9004151",371994,2025-06-26 23:22:17,42.4003067016602,-8.92172718048096,"Female"
"9004151",371994,2025-06-26 23:27:17,42.4002113342285,-8.92187309265137,"Female"
"9004151",371994,2025-06-26 23:32:17,42.4002647399902,-8.92182922363281,"Female"
"9004151",371994,2025-06-26 23:37:17,42.4003143310547,-8.92171764373779,"Female"
"9004151",371994,2025-06-26 23:42:21,42.4003219604492,-8.92168426513672,"Female"
"9004151",371994,2025-06-26 23:47:18,42.4002075195312,-8.92172527313232,"Female"
"9004151",371994,2025-06-26 23:52:17,42.4003601074219,-8.92165756225586,"Female"
"9004151",371994,2025-06-26 23:57:19,42.4002838134766,-8.9216136932373,"Female"
"9004151",371994,2025-06-27 00:02:44,42.4001770019531,-8.92178821563721,"Female"
"9004151",371994,2025-06-27 00:07:17,42.4002456665039,-8.92155361175537,"Female"
"9004151",371994,2025-06-27 00:12:17,42.4000396728516,-8.92147827148438,"Female"
"9004151",371994,2025-06-27 00:17:17,42.4005699157715,-8.92099285125732,"Female"
"9004151",371994,2025-06-27 00:22:17,42.4005584716797,-8.92086029052734,"Female"
"9004151",371994,2025-06-27 00:27:17,42.4004211425781,-8.92098999023438,"Female"
"9004151",371994,2025-06-27 00:32:17,42.4003868103027,-8.92105865478516,"Female"
"9004151",371994,2025-06-27 00:37:20,42.4001350402832,-8.92066860198975,"Female"
"9004151",371994,2025-06-27 00:42:25,42.400577545166,-8.92109489440918,"Female"
"9004151",371994,2025-06-27 00:47:44,42.4005966186523,-8.92098236083984,"Female"
"9004151",371994,2025-06-27 00:52:18,42.4003829956055,-8.92094802856445,"Female"
"9004151",371994,2025-06-27 00:57:20,42.4005393981934,-8.92087173461914,"Female"
"9004151",371994,2025-06-27 01:02:21,42.4002304077148,-8.92127227783203,"Female"
"9004151",371994,2025-06-27 01:07:22,42.4006385803223,-8.92122745513916,"Female"
"9004151",371994,2025-06-27 01:12:44,42.4004554748535,-8.92126941680908,"Female"
"9004151",371994,2025-06-27 01:17:21,42.4002952575684,-8.92121696472168,"Female"
"9004151",371994,2025-06-27 01:22:50,42.4003639221191,-8.92134571075439,"Female"
"9004151",371994,2025-06-27 01:28:00,42.4003715515137,-8.92116355895996,"Female"
"9004151",371994,2025-06-27 01:32:17,42.4003829956055,-8.921142578125,"Female"
"9004151",371994,2025-06-27 01:37:19,42.4005508422852,-8.92082691192627,"Female"
"9004151",371994,2025-06-27 01:42:17,42.4003562927246,-8.92118835449219,"Female"
"9004151",371994,2025-06-27 01:47:44,42.4004364013672,-8.92108345031738,"Female"
"9004151",371994,2025-06-27 01:52:18,42.4003257751465,-8.92117118835449,"Female"
"9004151",371994,2025-06-27 01:57:21,42.4004135131836,-8.9210262298584,"Female"
"9004151",371994,2025-06-27 02:02:34,42.4003219604492,-8.92105293273926,"Female"
"9004151",371994,2025-06-27 02:07:28,42.400562286377,-8.9207706451416,"Female"
"9004151",371994,2025-06-27 02:12:27,42.4005241394043,-8.92106342315674,"Female"
"9004151",371994,2025-06-27 02:17:24,42.4003067016602,-8.92179298400879,"Female"
"9004151",371994,2025-06-27 02:22:27,42.3999977111816,-8.92277908325195,"Female"
"9004151",371994,2025-06-27 02:27:45,42.4004173278809,-8.92095565795898,"Female"
"9004151",371994,2025-06-27 02:32:18,42.4006652832031,-8.92050743103027,"Female"
"9004151",371994,2025-06-27 02:37:30,42.3998908996582,-8.921067237854,"Female"
"9004151",371994,2025-06-27 02:43:00,42.4003601074219,-8.92093753814697,"Female"
"9004151",371994,2025-06-27 02:47:30,42.4002838134766,-8.92092990875244,"Female"
"9004151",371994,2025-06-27 02:52:21,42.4002952575684,-8.92076396942139,"Female"
"9004151",371994,2025-06-27 02:57:27,42.4000701904297,-8.92101287841797,"Female"
"9004151",371994,2025-06-27 03:02:47,42.4000930786133,-8.9209680557251,"Female"
"9004151",371994,2025-06-27 03:07:20,42.4001083374023,-8.92096710205078,"Female"
"9004151",371994,2025-06-27 03:12:22,42.399341583252,-8.92142295837402,"Female"
"9004151",371994,2025-06-27 03:17:22,42.3993873596191,-8.92136573791504,"Female"
"9004151",371994,2025-06-27 03:22:44,42.3993530273438,-8.92110729217529,"Female"
"9004151",371994,2025-06-27 03:27:17,42.3993225097656,-8.92106914520264,"Female"
"9004151",371994,2025-06-27 03:32:17,42.3992233276367,-8.92077541351318,"Female"
"9004151",371994,2025-06-27 03:37:20,42.3992004394531,-8.92091083526611,"Female"
"9004151",371994,2025-06-27 03:42:21,42.398998260498,-8.92037677764893,"Female"
"9004151",371994,2025-06-27 03:48:42,42.3995628356934,-8.92046928405762,"Female"
"9004151",371994,2025-06-27 03:52:54,42.3998222351074,-8.92084121704102,"Female"
"9004151",371994,2025-06-27 03:57:22,42.3997764587402,-8.92160034179688,"Female"
"9004151",371994,2025-06-27 04:02:43,42.4013786315918,-8.91900062561035,"Female"
"9004151",371994,2025-06-27 04:07:42,42.4004821777344,-8.92086887359619,"Female"
"9004151",371994,2025-06-27 04:12:35,42.4003601074219,-8.92106533050537,"Female"
"9004151",371994,2025-06-27 04:17:35,42.4003257751465,-8.92108535766602,"Female"
"9004151",371994,2025-06-27 04:22:36,42.4003601074219,-8.92106246948242,"Female"
"9004151",371994,2025-06-27 04:28:11,42.4003486633301,-8.92110061645508,"Female"
"9004151",371994,2025-06-27 04:32:21,42.4001579284668,-8.92129707336426,"Female"
"9004151",371994,2025-06-27 04:37:22,42.4002151489258,-8.92123889923096,"Female"
"9004151",371994,2025-06-27 04:42:17,42.4002723693848,-8.92120456695557,"Female"
"9004151",371994,2025-06-27 04:52:14,42.400390625,-8.9210262298584,"Female"
"9004151",371994,2025-06-27 04:56:55,42.4004898071289,-8.92094039916992,"Female"
"9004151",371994,2025-06-27 05:01:55,42.4004974365234,-8.9210205078125,"Female"
"9004151",371994,2025-06-27 05:06:55,42.4003791809082,-8.92104339599609,"Female"
"9004151",371994,2025-06-27 05:11:55,42.4004936218262,-8.9209451675415,"Female"
"9004151",371994,2025-06-27 05:16:55,42.4004364013672,-8.92099952697754,"Female"
"9004151",371994,2025-06-27 05:21:57,42.4001083374023,-8.92096614837646,"Female"
"9004151",371994,2025-06-27 05:26:58,42.4000701904297,-8.92103099822998,"Female"
"9004151",371994,2025-06-27 05:32:00,42.3991050720215,-8.92091083526611,"Female"
"9004151",371994,2025-06-27 05:36:59,42.399486541748,-8.92096900939941,"Female"
"9004151",371994,2025-06-27 05:42:00,42.3997039794922,-8.92105960845947,"Female"
"9004151",371994,2025-06-27 05:47:03,42.4003486633301,-8.92120838165283,"Female"
"9004151",371994,2025-06-27 05:52:05,42.4003410339355,-8.92129611968994,"Female"
"9004151",371994,2025-06-27 05:57:06,42.4003295898438,-8.92125511169434,"Female"
"9004151",371994,2025-06-27 06:02:07,42.4003715515137,-8.92117214202881,"Female"
"9004151",371994,2025-06-27 06:07:15,42.4004058837891,-8.92098522186279,"Female"
"9004151",371994,2025-06-27 06:12:03,42.4003829956055,-8.92118644714355,"Female"
"9004151",371994,2025-06-27 06:17:17,42.4003677368164,-8.92100238800049,"Female"
"9004151",371994,2025-06-27 06:22:29,42.4003982543945,-8.92100524902344,"Female"
"9004151",371994,2025-06-27 06:26:56,42.4004364013672,-8.92101860046387,"Female"
"9004151",371994,2025-06-27 06:31:56,42.4007568359375,-8.9206714630127,"Female"
"9004151",371994,2025-06-27 06:36:55,42.4007415771484,-8.92075061798096,"Female"
"9004151",371994,2025-06-27 06:41:58,42.400505065918,-8.92108535766602,"Female"
"9004151",371994,2025-06-27 06:47:14,42.400390625,-8.92097568511963,"Female"
"9004151",371994,2025-06-27 06:51:57,42.4006614685059,-8.92125415802002,"Female"
"9004151",371994,2025-06-27 06:56:55,42.426815032959,-8.93426609039307,"Female"
"9004151",371994,2025-06-27 07:01:55,42.46142578125,-8.94373416900635,"Female"
"9004151",371994,2025-06-27 07:06:55,42.4811515808105,-8.93722820281982,"Female"
"9004151",371994,2025-06-27 07:11:58,42.4906578063965,-8.92084980010986,"Female"
"9004151",371994,2025-06-27 07:16:58,42.5015754699707,-8.89930438995361,"Female"
"9004151",371994,2025-06-27 07:21:59,42.5196151733398,-8.86879444122314,"Female"
"9004151",371994,2025-06-27 07:27:47,42.5363159179688,-8.85268878936768,"Female"
"9004151",371994,2025-06-27 07:33:06,42.5377807617188,-8.85135459899902,"Female"
"9004151",371994,2025-06-27 07:38:06,42.5387954711914,-8.85153198242188,"Female"
"9004151",371994,2025-06-27 07:43:06,42.5389595031738,-8.85190010070801,"Female"
"9004151",371994,2025-06-27 07:48:06,42.5392532348633,-8.85213375091553,"Female"
"9004151",371994,2025-06-27 07:53:06,42.5395355224609,-8.85178565979004,"Female"
"9004151",371994,2025-06-27 07:58:11,42.5391159057617,-8.84640884399414,"Female"
"9004151",371994,2025-06-27 08:05:27,42.5382766723633,-8.84582328796387,"Female"
"9004151",371994,2025-06-27 08:11:03,42.5372581481934,-8.84723567962646,"Female"
"9004151",371994,2025-06-27 08:16:22,42.5362892150879,-8.8470573425293,"Female"
"9004151",371994,2025-06-27 08:21:44,42.535270690918,-8.84679126739502,"Female"
"9004151",371994,2025-06-27 08:27:02,42.5353927612305,-8.84646892547607,"Female"
"9004151",371994,2025-06-27 08:32:36,42.5354194641113,-8.84495162963867,"Female"
"9004151",371994,2025-06-27 08:39:30,42.5348358154297,-8.84624671936035,"Female"
"9004151",371994,2025-06-27 08:45:20,42.5341567993164,-8.84613418579102,"Female"
"9004151",371994,2025-06-27 08:50:39,42.5342483520508,-8.8455057144165,"Female"
"9004151",371994,2025-06-27 08:55:39,42.5338745117188,-8.84673595428467,"Female"
"9004151",371994,2025-06-27 09:01:02,42.533863067627,-8.84777927398682,"Female"
"9004151",371994,2025-06-27 09:05:54,42.5344009399414,-8.84867191314697,"Female"
"9004151",371994,2025-06-27 09:10:54,42.5340156555176,-8.84968566894531,"Female"
"9004151",371994,2025-06-27 09:16:33,42.5321311950684,-8.84870338439941,"Female"
"9004151",371994,2025-06-27 09:21:39,42.5341720581055,-8.84903907775879,"Female"
"9004151",371994,2025-06-27 09:26:39,42.5340919494629,-8.85004806518555,"Female"
"9004151",371994,2025-06-27 09:32:14,42.5336685180664,-8.85109996795654,"Female"
"9004151",371994,2025-06-27 09:37:09,42.5324554443359,-8.85205173492432,"Female"
"9004151",371994,2025-06-27 09:42:03,42.5319404602051,-8.85278129577637,"Female"
"9004151",371994,2025-06-27 09:47:18,42.53125,-8.85360145568848,"Female"
"9004151",371994,2025-06-27 09:52:39,42.5296859741211,-8.85297679901123,"Female"
"9004151",371994,2025-06-27 10:02:13,42.5288772583008,-8.85215473175049,"Female"
"9004151",371994,2025-06-27 10:06:51,42.5285186767578,-8.85209941864014,"Female"
"9004151",371994,2025-06-27 10:11:51,42.5263900756836,-8.84710502624512,"Female"
"9004151",371994,2025-06-27 10:16:50,42.5262413024902,-8.84728908538818,"Female"
"9004151",371994,2025-06-27 10:21:50,42.5262680053711,-8.84720039367676,"Female"
"9004151",371994,2025-06-27 10:26:50,42.5262680053711,-8.84726524353027,"Female"
"9004151",371994,2025-06-27 10:31:50,42.5262107849121,-8.84726810455322,"Female"
"9004151",371994,2025-06-27 10:36:53,42.526424407959,-8.8471040725708,"Female"
"9004151",371994,2025-06-27 10:41:51,42.5264015197754,-8.84711074829102,"Female"
"9004151",371994,2025-06-27 10:47:15,42.5262908935547,-8.84727478027344,"Female"
"9004151",371994,2025-06-27 10:51:49,42.5263214111328,-8.84727764129639,"Female"
"9004151",371994,2025-06-27 10:56:50,42.5264015197754,-8.84725856781006,"Female"
"9004151",371994,2025-06-27 11:01:50,42.5262908935547,-8.84730434417725,"Female"
"9004151",371994,2025-06-27 11:06:50,42.5265045166016,-8.84725570678711,"Female"
"9004151",371994,2025-06-27 11:11:50,42.5263786315918,-8.84735679626465,"Female"
"9004151",371994,2025-06-27 11:16:49,42.5263977050781,-8.84732151031494,"Female"
"9004151",371994,2025-06-27 11:21:50,42.526496887207,-8.84736156463623,"Female"
"9004151",371994,2025-06-27 11:26:51,42.5264434814453,-8.84727001190186,"Female"
"9004151",371994,2025-06-27 11:32:15,42.5263633728027,-8.84724903106689,"Female"
"9004151",371994,2025-06-27 11:37:00,42.5263328552246,-8.84721946716309,"Female"
"9004151",371994,2025-06-27 11:42:00,42.5263748168945,-8.84725189208984,"Female"
"9004151",371994,2025-06-27 11:47:00,42.5262832641602,-8.84713649749756,"Female"
"9004151",371994,2025-06-27 11:52:00,42.5262680053711,-8.84718704223633,"Female"
"9004151",371994,2025-06-27 11:57:00,42.5263557434082,-8.84719657897949,"Female"
"9004151",371994,2025-06-27 12:02:16,42.5263061523438,-8.84720516204834,"Female"
"9004151",371994,2025-06-27 12:07:00,42.5263214111328,-8.84718990325928,"Female"
"9004151",371994,2025-06-27 12:12:00,42.5263786315918,-8.84719181060791,"Female"
"9004151",371994,2025-06-27 12:17:00,42.5263519287109,-8.84719753265381,"Female"
"9004151",371994,2025-06-27 12:22:00,42.5263252258301,-8.8472146987915,"Female"
"9004151",371994,2025-06-27 12:27:06,42.5263175964355,-8.84720420837402,"Female"
"9004151",371994,2025-06-27 12:32:07,42.5262908935547,-8.84715270996094,"Female"
"9004151",371994,2025-06-27 12:37:00,42.5263137817383,-8.84711170196533,"Female"
"9004151",371994,2025-06-27 12:42:00,42.5263214111328,-8.84721088409424,"Female"
"9004151",371994,2025-06-27 12:47:15,42.526252746582,-8.84710025787354,"Female"
"9004151",371994,2025-06-27 12:51:54,42.5261306762695,-8.84728717803955,"Female"
"9004151",371994,2025-06-27 12:56:54,42.5264625549316,-8.84572982788086,"Female"
"9004151",371994,2025-06-27 13:01:51,42.5261993408203,-8.84703636169434,"Female"
"9004151",371994,2025-06-27 13:06:53,42.5262107849121,-8.84692287445068,"Female"
"9004151",371994,2025-06-27 13:12:00,42.5261268615723,-8.84693336486816,"Female"
"9004151",371994,2025-06-27 13:16:54,42.5265350341797,-8.84500980377197,"Female"
"9004151",371994,2025-06-27 13:21:55,42.5261688232422,-8.8469295501709,"Female"
"9004151",371994,2025-06-27 13:26:51,42.5262985229492,-8.84603118896484,"Female"
"9004151",371994,2025-06-27 13:32:15,42.5261535644531,-8.84720897674561,"Female"
"9004151",371994,2025-06-27 13:36:51,42.526237487793,-8.84657096862793,"Female"
"9004151",371994,2025-06-27 13:41:55,42.5261688232422,-8.84692478179932,"Female"
"9004151",371994,2025-06-27 13:46:51,42.5261993408203,-8.84687042236328,"Female"
"9004151",371994,2025-06-27 13:51:52,42.5261611938477,-8.84675979614258,"Female"
"9004151",371994,2025-06-27 13:56:51,42.5261764526367,-8.84691143035889,"Female"
"9004151",371994,2025-06-27 14:02:09,42.534553527832,-8.85042858123779,"Female"
"9004151",371994,2025-06-27 14:07:06,42.5356903076172,-8.84962177276611,"Female"
"9004151",371994,2025-06-27 14:12:13,42.5359001159668,-8.84975051879883,"Female"
"9004151",371994,2025-06-27 14:17:23,42.536750793457,-8.85009098052979,"Female"
"9004151",371994,2025-06-27 14:22:32,42.5372314453125,-8.85185050964355,"Female"
"9004151",371994,2025-06-27 14:27:40,42.5384140014648,-8.85334968566895,"Female"
"9004151",371994,2025-06-27 14:33:34,42.5385360717773,-8.85075569152832,"Female"
"9004151",371994,2025-06-27 14:38:36,42.5383987426758,-8.84960556030273,"Female"
"9004151",371994,2025-06-27 14:43:51,42.5386428833008,-8.85117340087891,"Female"
"9004151",371994,2025-06-27 14:48:48,42.5394477844238,-8.84966564178467,"Female"
"9004151",371994,2025-06-27 14:53:53,42.5388107299805,-8.84970474243164,"Female"
"9004151",371994,2025-06-27 14:59:19,42.5396614074707,-8.84936428070068,"Female"
"9004151",371994,2025-06-27 15:04:33,42.5399703979492,-8.85026931762695,"Female"
"9004151",371994,2025-06-27 15:09:31,42.5357437133789,-8.85280132293701,"Female"
"9004151",371994,2025-06-27 15:14:42,42.5262718200684,-8.84714794158936,"Female"
"9004151",371994,2025-06-27 15:19:29,42.5254440307617,-8.8499641418457,"Female"
"9004151",371994,2025-06-27 15:24:30,42.5246925354004,-8.85404491424561,"Female"
"9004151",371994,2025-06-27 15:29:29,42.5246734619141,-8.85393047332764,"Female"
"9004151",371994,2025-06-27 15:34:30,42.5246276855469,-8.85388660430908,"Female"
"9004151",371994,2025-06-27 15:39:29,42.5246925354004,-8.85403919219971,"Female"
"9004151",371994,2025-06-27 15:44:30,42.5247421264648,-8.8541374206543,"Female"
"9004151",371994,2025-06-27 15:49:43,42.5247383117676,-8.85387229919434,"Female"
"9004151",371994,2025-06-27 15:54:29,42.524730682373,-8.8538703918457,"Female"
"9004151",371994,2025-06-27 15:59:29,42.5247573852539,-8.85390377044678,"Female"
"9004151",371994,2025-06-27 16:04:32,42.524772644043,-8.85400867462158,"Female"
"9004151",371994,2025-06-27 16:09:31,42.5248146057129,-8.85382270812988,"Female"
"9004151",371994,2025-06-27 16:14:33,42.5246696472168,-8.85397434234619,"Female"
"9004151",371994,2025-06-27 16:19:33,42.5247039794922,-8.85394287109375,"Female"
"9004151",371994,2025-06-27 16:24:34,42.524715423584,-8.85393810272217,"Female"
"9004151",371994,2025-06-27 16:29:31,42.5246124267578,-8.85393810272217,"Female"
"9004151",371994,2025-06-27 16:34:33,42.5246429443359,-8.85387134552002,"Female"
"9004151",371994,2025-06-27 16:39:31,42.5246772766113,-8.85394668579102,"Female"
"9004151",371994,2025-06-27 16:44:33,42.5246772766113,-8.85379505157471,"Female"
"9004151",371994,2025-06-27 16:49:45,42.5246620178223,-8.85404396057129,"Female"
"9004151",371994,2025-06-27 16:54:30,42.5246849060059,-8.85407066345215,"Female"
"9004151",371994,2025-06-27 16:59:30,42.5246810913086,-8.854079246521,"Female"
"9004151",371994,2025-06-27 17:04:31,42.5247230529785,-8.85431289672852,"Female"
"9004151",371994,2025-06-27 17:09:30,42.5247497558594,-8.85442543029785,"Female"
"9004151",371994,2025-06-27 17:14:34,42.5246963500977,-8.85435962677002,"Female"
"9004151",371994,2025-06-27 17:19:40,42.5247611999512,-8.85403060913086,"Female"
"9004151",371994,2025-06-27 17:24:45,42.5247383117676,-8.85391330718994,"Female"
"9004151",371994,2025-06-27 17:29:30,42.5248794555664,-8.85383224487305,"Female"
"9004151",371994,2025-06-27 17:34:30,42.5249938964844,-8.85442447662354,"Female"
"9004151",371994,2025-06-27 17:39:32,42.5243988037109,-8.85392284393311,"Female"
"9004151",371994,2025-06-27 17:44:31,42.5247917175293,-8.85440540313721,"Female"
"9004151",371994,2025-06-27 17:49:45,42.5247383117676,-8.85432624816895,"Female"
"9004151",371994,2025-06-27 17:54:30,42.5243492126465,-8.85484504699707,"Female"
"9004151",371994,2025-06-27 17:59:38,42.524787902832,-8.85422992706299,"Female"
"9004151",371994,2025-06-27 18:04:30,42.524543762207,-8.85456848144531,"Female"
"9004151",371994,2025-06-27 18:09:38,42.5247039794922,-8.85422515869141,"Female"
"9004151",371994,2025-06-27 18:14:30,42.5245666503906,-8.85427951812744,"Female"
"9004151",371994,2025-06-27 18:19:30,42.525074005127,-8.85459423065186,"Female"
"9004151",371994,2025-06-27 18:24:36,42.5336608886719,-8.85459613800049,"Female"
"9004151",371994,2025-06-27 18:30:06,42.5364646911621,-8.85398960113525,"Female"
"9004151",371994,2025-06-27 18:35:02,42.537483215332,-8.85345649719238,"Female"
"9004151",371994,2025-06-27 18:41:07,42.5378646850586,-8.85114002227783,"Female"
"9004151",371994,2025-06-27 18:46:35,42.5373687744141,-8.84981060028076,"Female"
"9004151",371994,2025-06-27 18:51:12,42.5384330749512,-8.84969902038574,"Female"
"9004151",371994,2025-06-27 18:56:42,42.5388870239258,-8.85116195678711,"Female"
"9004151",371994,2025-06-27 19:01:54,42.5395660400391,-8.85258674621582,"Female"
"9004151",371994,2025-06-27 19:06:55,42.5390663146973,-8.85317134857178,"Female"
"9004151",371994,2025-06-27 19:11:54,42.538215637207,-8.85364818572998,"Female"
"9004151",371994,2025-06-27 19:16:57,42.5370140075684,-8.85278224945068,"Female"
"9004151",371994,2025-06-27 19:22:12,42.5357437133789,-8.85257625579834,"Female"
"9004151",371994,2025-06-27 19:27:43,42.5341262817383,-8.85342597961426,"Female"
"9004151",371994,2025-06-27 19:32:41,42.523998260498,-8.85944557189941,"Female"
"9004151",371994,2025-06-27 19:37:41,42.5042839050293,-8.88284397125244,"Female"
"9004151",371994,2025-06-27 19:42:42,42.5042762756348,-8.8828296661377,"Female"
"9004151",371994,2025-06-27 19:47:42,42.4989318847656,-8.89062881469727,"Female"
"9004151",371994,2025-06-27 19:53:11,42.4764518737793,-8.94052505493164,"Female"
"9004151",371994,2025-06-27 20:08:56,42.4013023376465,-8.92174816131592,"Female"
"9004151",371994,2025-06-27 20:14:11,42.4003753662109,-8.92094993591309,"Female"
"9004151",371994,2025-06-27 20:19:19,42.4003868103027,-8.92110919952393,"Female"
"9004151",371994,2025-06-27 20:24:06,42.4003829956055,-8.92106056213379,"Female"
"9004151",371994,2025-06-27 20:29:06,42.4005661010742,-8.92094802856445,"Female"
"9004151",371994,2025-06-27 20:34:06,42.4004669189453,-8.92101669311523,"Female"
"9004151",371994,2025-06-27 20:39:06,42.4004669189453,-8.92103958129883,"Female"
"9004151",371994,2025-06-27 20:44:07,42.4005279541016,-8.92112350463867,"Female"
"9004151",371994,2025-06-27 20:49:06,42.4004249572754,-8.9211368560791,"Female"
"9004151",371994,2025-06-27 20:54:06,42.400447845459,-8.92099571228027,"Female"
"9004151",371994,2025-06-27 20:59:07,42.4004821777344,-8.92102909088135,"Female"
"9004151",371994,2025-06-27 21:04:08,42.4004287719727,-8.92104244232178,"Female"
"9004151",371994,2025-06-27 21:09:08,42.4005393981934,-8.9209623336792,"Female"
"9004151",371994,2025-06-27 21:14:06,42.4004859924316,-8.92101383209229,"Female"
"9004151",371994,2025-06-27 21:19:07,42.4004402160645,-8.9210319519043,"Female"
"9004151",371994,2025-06-27 21:24:08,42.4006156921387,-8.92092227935791,"Female"
"9004151",371994,2025-06-27 21:29:07,42.4004211425781,-8.92109394073486,"Female"
"9004151",371994,2025-06-27 21:34:09,42.4003219604492,-8.92119216918945,"Female"
"9004151",371994,2025-06-27 21:39:10,42.4003524780273,-8.92110633850098,"Female"
"9004151",371994,2025-06-27 21:44:11,42.400520324707,-8.92085838317871,"Female"
"9004151",371994,2025-06-27 21:49:13,42.4004592895508,-8.92099285125732,"Female"
"9004151",371994,2025-06-27 21:54:36,42.4004325866699,-8.92103576660156,"Female"
"9004151",371994,2025-06-27 21:59:18,42.4004440307617,-8.92103862762451,"Female"
"9004151",371994,2025-06-27 22:04:06,42.4003753662109,-8.92108726501465,"Female"
"9004151",371994,2025-06-27 22:09:06,42.4004325866699,-8.92099094390869,"Female"
"9004151",371994,2025-06-27 22:14:06,42.4005432128906,-8.92079734802246,"Female"
"9004151",371994,2025-06-27 22:19:06,42.4004211425781,-8.92104625701904,"Female"
"9004151",371994,2025-06-27 22:24:06,42.400333404541,-8.92113876342773,"Female"
"9004151",371994,2025-06-27 22:29:06,42.4003562927246,-8.9210319519043,"Female"
"9004151",371994,2025-06-27 22:34:08,42.4005432128906,-8.92100524902344,"Female"
"9004151",371994,2025-06-27 22:39:06,42.400447845459,-8.92103099822998,"Female"
"9004151",371994,2025-06-27 22:44:08,42.4004211425781,-8.92104434967041,"Female"
"9004151",371994,2025-06-27 22:49:11,42.4004592895508,-8.92104148864746,"Female"
"9004151",371994,2025-06-27 22:54:10,42.400218963623,-8.92111110687256,"Female"
"9004151",371994,2025-06-27 22:59:11,42.4002532958984,-8.92118358612061,"Female"
"9004151",371994,2025-06-27 23:04:08,42.4005241394043,-8.92095851898193,"Female"
"9004151",371994,2025-06-27 23:09:10,42.400447845459,-8.92099857330322,"Female"
"9004151",371994,2025-06-27 23:14:11,42.4003257751465,-8.92106437683105,"Female"
"9004151",371994,2025-06-27 23:19:10,42.4006080627441,-8.92089653015137,"Female"
"9004151",371994,2025-06-27 23:24:11,42.4003028869629,-8.92101383209229,"Female"
"9004151",371994,2025-06-27 23:29:12,42.4004592895508,-8.92098140716553,"Female"
"9004151",371994,2025-06-27 23:34:11,42.4000701904297,-8.92110443115234,"Female"
"9004151",371994,2025-06-27 23:39:11,42.4002838134766,-8.92104530334473,"Female"
"9004151",371994,2025-06-27 23:44:11,42.4004211425781,-8.92098140716553,"Female"
"9004151",371994,2025-06-27 23:49:12,42.4004516601562,-8.92104053497314,"Female"
"9004151",371994,2025-06-27 23:54:19,42.4006004333496,-8.92095947265625,"Female"
"9004151",371994,2025-06-27 23:59:22,42.4008369445801,-8.92127895355225,"Female"
"9004151",371994,2025-06-28 00:04:35,42.4004592895508,-8.92100238800049,"Female"
"9004151",371994,2025-06-28 00:09:06,42.4006118774414,-8.92095947265625,"Female"
"9004151",371994,2025-06-28 00:14:06,42.4004402160645,-8.92092895507812,"Female"
"9004151",371994,2025-06-28 00:19:06,42.4005737304688,-8.92106437683105,"Female"
"9004151",371994,2025-06-28 00:24:06,42.4005813598633,-8.9210729598999,"Female"
"9004151",371994,2025-06-28 00:29:09,42.4004402160645,-8.92090320587158,"Female"
"9004151",371994,2025-06-28 00:34:10,42.4007148742676,-8.92156028747559,"Female"
"9004151",371994,2025-06-28 00:39:07,42.4005432128906,-8.92151927947998,"Female"
"9004151",371994,2025-06-28 00:44:31,42.4004707336426,-8.92106151580811,"Female"
"9004151",371994,2025-06-28 00:49:06,42.4004096984863,-8.92109203338623,"Female"
"9004151",371994,2025-06-28 00:54:10,42.4009857177734,-8.92025375366211,"Female"
"9004151",371994,2025-06-28 00:59:12,42.4010162353516,-8.92062377929688,"Female"
"9004151",371994,2025-06-28 01:04:10,42.4004898071289,-8.92104053497314,"Female"
"9004151",371994,2025-06-28 01:09:11,42.4009132385254,-8.92062377929688,"Female"
"9004151",371994,2025-06-28 01:14:19,42.4004554748535,-8.92108249664307,"Female"
"9004151",371994,2025-06-28 01:19:18,42.4004516601562,-8.92105388641357,"Female"
"9004151",371994,2025-06-28 01:24:16,42.4007339477539,-8.9218225479126,"Female"
"9004151",371994,2025-06-28 01:29:18,42.4004364013672,-8.92100143432617,"Female"
"9004151",371994,2025-06-28 01:34:21,42.4003944396973,-8.92104434967041,"Female"
"9004151",371994,2025-06-28 01:39:21,42.4003791809082,-8.92104148864746,"Female"
"9004151",371994,2025-06-28 01:44:19,42.4003028869629,-8.92104816436768,"Female"
"9004151",371994,2025-06-28 01:49:45,42.400390625,-8.92104816436768,"Female"
"9004151",371994,2025-06-28 01:54:11,42.4007453918457,-8.92155361175537,"Female"
"9004151",371994,2025-06-28 01:59:19,42.4002113342285,-8.92118167877197,"Female"
"9004151",371994,2025-06-28 02:04:10,42.4000549316406,-8.9208288192749,"Female"
"9004151",371994,2025-06-28 02:09:19,42.4004325866699,-8.92114162445068,"Female"
"9004151",371994,2025-06-28 02:14:19,42.4002647399902,-8.92113590240479,"Female"
"9004151",371994,2025-06-28 02:19:19,42.4004974365234,-8.92121028900146,"Female"
"9004151",371994,2025-06-28 02:24:19,42.4006538391113,-8.92126846313477,"Female"
"9004151",371994,2025-06-28 02:29:19,42.4005508422852,-8.92129135131836,"Female"
"9004151",371994,2025-06-28 02:34:19,42.4006271362305,-8.92135524749756,"Female"
"9004151",371994,2025-06-28 02:39:11,42.4010353088379,-8.92187786102295,"Female"
"9004151",371994,2025-06-28 02:44:19,42.4004707336426,-8.92108726501465,"Female"
"9004151",371994,2025-06-28 02:49:35,42.4004364013672,-8.92109489440918,"Female"
"9004151",371994,2025-06-28 02:54:06,42.4003982543945,-8.92110443115234,"Female"
"9004151",371994,2025-06-28 02:59:07,42.4003791809082,-8.92097187042236,"Female"
"9004151",371994,2025-06-28 03:04:06,42.4003715515137,-8.92111396789551,"Female"
"9004151",371994,2025-06-28 03:09:06,42.4004020690918,-8.92107200622559,"Female"
"9004151",371994,2025-06-28 03:14:06,42.4003791809082,-8.92109489440918,"Female"
"9004151",371994,2025-06-28 03:19:06,42.4003486633301,-8.92109107971191,"Female"
"9004151",371994,2025-06-28 03:24:06,42.4004249572754,-8.92104434967041,"Female"
"9004151",371994,2025-06-28 03:29:07,42.4004936218262,-8.92112255096436,"Female"
"9004151",371994,2025-06-28 03:34:08,42.4006042480469,-8.92128562927246,"Female"
"9004151",371994,2025-06-28 03:39:06,42.4004135131836,-8.92102718353271,"Female"
"9004151",371994,2025-06-28 03:44:06,42.4003715515137,-8.92106533050537,"Female"
"9004151",371994,2025-06-28 03:49:07,42.4003372192383,-8.92113494873047,"Female"
"9004151",371994,2025-06-28 03:54:06,42.4004135131836,-8.92099571228027,"Female"
"9004151",371994,2025-06-28 03:59:07,42.4003372192383,-8.92110633850098,"Female"
"9004151",371994,2025-06-28 04:04:08,42.4002265930176,-8.92136764526367,"Female"
"9004151",371994,2025-06-28 04:09:08,42.4003410339355,-8.92108154296875,"Female"
"9004151",371994,2025-06-28 04:14:16,42.3998832702637,-8.9216423034668,"Female"
"9004151",371994,2025-06-28 04:19:27,42.4003486633301,-8.92112064361572,"Female"
"9004151",371994,2025-06-28 04:24:10,42.4003562927246,-8.9210786819458,"Female"
"9004151",371994,2025-06-28 04:29:42,42.4004135131836,-8.92106246948242,"Female"
"9004151",371994,2025-06-28 04:34:06,42.4006080627441,-8.92092990875244,"Female"
"9004151",371994,2025-06-28 04:39:08,42.400203704834,-8.92123222351074,"Female"
"9004151",371994,2025-06-28 04:44:08,42.4006042480469,-8.92144775390625,"Female"
"9004151",371994,2025-06-28 04:49:35,42.400390625,-8.92103672027588,"Female"
"9004151",371994,2025-06-28 04:54:06,42.4003639221191,-8.92104721069336,"Female"
"9004151",371994,2025-06-28 04:59:06,42.4003982543945,-8.92102146148682,"Female"
"9004151",371994,2025-06-28 05:04:06,42.4004364013672,-8.92099380493164,"Female"
"9004151",371994,2025-06-28 05:09:07,42.4004020690918,-8.92104530334473,"Female"
"9004151",371994,2025-06-28 05:14:06,42.4004592895508,-8.92097949981689,"Female"
"9004151",371994,2025-06-28 05:19:07,42.4004058837891,-8.92101669311523,"Female"
"9004151",371994,2025-06-28 05:24:06,42.4003982543945,-8.92097473144531,"Female"
"9004151",371994,2025-06-28 05:29:07,42.4004364013672,-8.9210090637207,"Female"
"9004151",371994,2025-06-28 05:34:07,42.4004096984863,-8.9210729598999,"Female"
"9004151",371994,2025-06-28 05:39:06,42.4004287719727,-8.9210262298584,"Female"
"9004151",371994,2025-06-28 05:44:07,42.4004173278809,-8.92108058929443,"Female"
"9004151",371994,2025-06-28 05:49:07,42.4006118774414,-8.9212589263916,"Female"
"9004151",371994,2025-06-28 05:54:07,42.4005546569824,-8.92097091674805,"Female"
"9004151",371994,2025-06-28 05:59:07,42.4005508422852,-8.9209508895874,"Female"
"9004151",371994,2025-06-28 06:04:08,42.400764465332,-8.9215841293335,"Female"
"9004151",371994,2025-06-28 06:09:10,42.4004592895508,-8.92105674743652,"Female"
"9004151",371994,2025-06-28 06:14:27,42.4006462097168,-8.9207649230957,"Female"
"9004151",371994,2025-06-28 06:19:44,42.4006500244141,-8.92075443267822,"Female"
"9004151",371994,2025-06-28 06:24:06,42.4003448486328,-8.920485496521,"Female"
"9004151",371994,2025-06-28 06:29:42,42.4005813598633,-8.92078876495361,"Female"
"9004151",371994,2025-06-28 06:34:08,42.4006385803223,-8.92070007324219,"Female"
"9004151",371994,2025-06-28 06:39:09,42.4008483886719,-8.92053031921387,"Female"
"9004151",371994,2025-06-28 06:44:07,42.4003791809082,-8.92082214355469,"Female"
"9004151",371994,2025-06-28 06:49:53,42.4006843566895,-8.92050552368164,"Female"
"9004151",371994,2025-06-28 06:54:07,42.4007835388184,-8.91996288299561,"Female"
"9004151",371994,2025-06-28 06:59:14,42.3996658325195,-8.9222354888916,"Female"
"9004151",371994,2025-06-28 07:04:10,42.3996543884277,-8.92301940917969,"Female"
"9004151",371994,2025-06-28 07:09:09,42.400032043457,-8.92178058624268,"Female"
"9004151",371994,2025-06-28 07:14:08,42.4001159667969,-8.9220666885376,"Female"
"9004151",371994,2025-06-28 07:19:06,42.4160232543945,-8.92459964752197,"Female"
"9004151",371994,2025-06-28 07:24:06,42.4316215515137,-8.92962551116943,"Female"
"9004151",371994,2025-06-28 07:29:06,42.4683647155762,-8.94320201873779,"Female"
"9004151",371994,2025-06-28 07:34:06,42.4872283935547,-8.92771053314209,"Female"
"9004151",371994,2025-06-28 07:39:11,42.4944915771484,-8.91621971130371,"Female"
"9004151",371994,2025-06-28 07:44:09,42.5101280212402,-8.8867359161377,"Female"
"9004151",371994,2025-06-28 07:49:06,42.5202255249023,-8.86735916137695,"Female"
"9004151",371994,2025-06-28 07:54:08,42.5318069458008,-8.85282325744629,"Female"
"9004151",371994,2025-06-28 07:59:33,42.5317344665527,-8.85047912597656,"Female"
"9004151",371994,2025-06-28 08:09:33,42.5328178405762,-8.850905418396,"Female"
"9004151",371994,2025-06-28 08:15:11,42.5331649780273,-8.85177135467529,"Female"
"9004151",371994,2025-06-28 08:20:18,42.5342407226562,-8.85119438171387,"Female"
"9004151",371994,2025-06-28 08:25:18,42.5344886779785,-8.84933662414551,"Female"
"9004151",371994,2025-06-28 08:30:47,42.5339012145996,-8.84907722473145,"Female"
"9004151",371994,2025-06-28 08:35:47,42.53369140625,-8.85003280639648,"Female"
"9004151",371994,2025-06-28 08:40:47,42.5331573486328,-8.84990501403809,"Female"
"9004151",371994,2025-06-28 08:46:14,42.5337028503418,-8.85091495513916,"Female"
"9004151",371994,2025-06-28 08:50:54,42.5338249206543,-8.85107898712158,"Female"
"9004151",371994,2025-06-28 08:55:53,42.5336952209473,-8.85110473632812,"Female"
"9004151",371994,2025-06-28 09:00:48,42.525951385498,-8.84744071960449,"Female"
"9004151",371994,2025-06-28 09:05:55,42.5260009765625,-8.84757900238037,"Female"
"9004151",371994,2025-06-28 09:10:47,42.5258483886719,-8.84737491607666,"Female"
"9004151",371994,2025-06-28 09:15:52,42.5260124206543,-8.84755802154541,"Female"
"9004151",371994,2025-06-28 09:20:50,42.5260047912598,-8.84765338897705,"Female"
"9004151",371994,2025-06-28 09:25:47,42.5259590148926,-8.84747791290283,"Female"
"9004151",371994,2025-06-28 09:31:05,42.5261268615723,-8.84757709503174,"Female"
"9004151",371994,2025-06-28 09:35:46,42.5261878967285,-8.84756278991699,"Female"
"9004151",371994,2025-06-28 09:40:46,42.5261306762695,-8.84752941131592,"Female"
"9004151",371994,2025-06-28 09:45:46,42.5261611938477,-8.84757328033447,"Female"
"9004151",371994,2025-06-28 09:50:46,42.5261650085449,-8.84754276275635,"Female"
"9004151",371994,2025-06-28 09:55:46,42.5261840820312,-8.84741973876953,"Female"
"9004151",371994,2025-06-28 10:00:46,42.5261764526367,-8.84747123718262,"Female"
"9004151",371994,2025-06-28 10:05:47,42.5289573669434,-8.85097694396973,"Female"
"9004151",371994,2025-06-28 10:10:46,42.5290031433105,-8.85135459899902,"Female"
"9004151",371994,2025-06-28 10:15:59,42.5291862487793,-8.85220336914062,"Female"
"9004151",371994,2025-06-28 10:21:08,42.5296096801758,-8.85370540618896,"Female"
"9004151",371994,2025-06-28 10:26:08,42.5303268432617,-8.85472965240479,"Female"
"9004151",371994,2025-06-28 10:31:09,42.5314292907715,-8.85543537139893,"Female"
"9004151",371994,2025-06-28 10:36:09,42.5321655273438,-8.85628318786621,"Female"
"9004151",371994,2025-06-28 10:41:09,42.5330047607422,-8.85612297058105,"Female"
"9004151",371994,2025-06-28 10:46:08,42.5334625244141,-8.85592079162598,"Female"
"9004151",371994,2025-06-28 10:51:26,42.5341758728027,-8.85455417633057,"Female"
"9004151",371994,2025-06-28 10:57:02,42.5345153808594,-8.85259819030762,"Female"
"9004151",371994,2025-06-28 11:02:00,42.5356483459473,-8.85171794891357,"Female"
"9004151",371994,2025-06-28 11:07:01,42.53564453125,-8.85058689117432,"Female"
"9004151",371994,2025-06-28 11:12:25,42.5349960327148,-8.84989738464355,"Female"
"9004151",371994,2025-06-28 11:17:25,42.5347328186035,-8.84877967834473,"Female"
"9004151",371994,2025-06-28 11:22:42,42.5353088378906,-8.84791851043701,"Female"
"9004151",371994,2025-06-28 11:28:11,42.5367088317871,-8.84875202178955,"Female"
"9004151",371994,2025-06-28 11:33:11,42.5371742248535,-8.84891128540039,"Female"
"9004151",371994,2025-06-28 11:38:11,42.537353515625,-8.84947395324707,"Female"
"9004151",371994,2025-06-28 11:43:38,42.5369491577148,-8.84927940368652,"Female"
"9004151",371994,2025-06-28 11:48:12,42.5366821289062,-8.85006427764893,"Female"
"9004151",371994,2025-06-28 11:53:13,42.5370140075684,-8.85024833679199,"Female"
"9004151",371994,2025-06-28 11:58:14,42.5377655029297,-8.85074520111084,"Female"
"9004151",371994,2025-06-28 12:03:36,42.5381965637207,-8.85071277618408,"Female"
"9004151",371994,2025-06-28 12:08:08,42.5391845703125,-8.85134983062744,"Female"
"9004151",371994,2025-06-28 12:13:20,42.539867401123,-8.85174560546875,"Female"
"9004151",371994,2025-06-28 12:18:06,42.540641784668,-8.85194778442383,"Female"
"9004151",371994,2025-06-28 12:23:12,42.5406303405762,-8.85159397125244,"Female"
"9004151",371994,2025-06-28 12:28:07,42.5408706665039,-8.85106182098389,"Female"
"9004151",371994,2025-06-28 12:33:11,42.5406188964844,-8.85031604766846,"Female"
"9004151",371994,2025-06-28 12:38:07,42.5370559692383,-8.85469055175781,"Female"
"9004151",371994,2025-06-28 12:43:18,42.5366096496582,-8.85472965240479,"Female"
"9004151",371994,2025-06-28 12:48:23,42.5358200073242,-8.8551778793335,"Female"
"9004151",371994,2025-06-28 12:53:55,42.5353813171387,-8.85628795623779,"Female"
"9004151",371994,2025-06-28 12:59:11,42.5367622375488,-8.85633563995361,"Female"
"9004151",371994,2025-06-28 13:04:19,42.5377235412598,-8.85522270202637,"Female"
"9004151",371994,2025-06-28 13:09:58,42.5385093688965,-8.85581016540527,"Female"
"9004151",371994,2025-06-28 13:15:17,42.5395393371582,-8.85577297210693,"Female"
"9004151",371994,2025-06-28 13:20:36,42.5402908325195,-8.85494041442871,"Female"
"9004151",371994,2025-06-28 13:25:36,42.5412101745605,-8.85621452331543,"Female"
"9004151",371994,2025-06-28 13:30:38,42.5402946472168,-8.85563373565674,"Female"
"9004151",371994,2025-06-28 13:35:51,42.5396575927734,-8.85718536376953,"Female"
"9004151",371994,2025-06-28 13:41:08,42.5382270812988,-8.85637283325195,"Female"
"9004151",371994,2025-06-28 13:47:18,42.5372085571289,-8.85554695129395,"Female"
"9004151",371994,2025-06-28 14:03:19,42.5357704162598,-8.8547534942627,"Female"
"9004151",371994,2025-06-28 14:08:19,42.5349464416504,-8.8555326461792,"Female"
"9004151",371994,2025-06-28 14:13:19,42.5344581604004,-8.8554105758667,"Female"
"9004151",371994,2025-06-28 14:18:20,42.5249633789062,-8.85462093353271,"Female"
"9004151",371994,2025-06-28 14:23:35,42.5246429443359,-8.85415744781494,"Female"
"9004151",371994,2025-06-28 14:28:09,42.5246238708496,-8.8542013168335,"Female"
"9004151",371994,2025-06-28 14:33:09,42.5246505737305,-8.85417652130127,"Female"
"9004151",371994,2025-06-28 14:38:09,42.5246315002441,-8.85409927368164,"Female"
"9004151",371994,2025-06-28 14:43:09,42.5246391296387,-8.85417175292969,"Female"
"9004151",371994,2025-06-28 14:48:10,42.5246467590332,-8.85416412353516,"Female"
"9004151",371994,2025-06-28 14:53:10,42.5246658325195,-8.85419464111328,"Female"
"9004151",371994,2025-06-28 14:58:10,42.5247039794922,-8.8541841506958,"Female"
"9004151",371994,2025-06-28 15:03:10,42.5246658325195,-8.85415363311768,"Female"
"9004151",371994,2025-06-28 15:08:10,42.5246200561523,-8.85407829284668,"Female"
"9004151",371994,2025-06-28 15:13:10,42.5247001647949,-8.8541088104248,"Female"
"9004151",371994,2025-06-28 15:18:10,42.5246696472168,-8.85408592224121,"Female"
"9004151",371994,2025-06-28 15:23:12,42.5132713317871,-8.87110042572021,"Female"
"9004151",371994,2025-06-28 15:28:10,42.5051765441895,-8.87948513031006,"Female"
"9004151",371994,2025-06-28 15:33:10,42.5047607421875,-8.88073348999023,"Female"
"9004151",371994,2025-06-28 15:38:10,42.5047836303711,-8.88075256347656,"Female"
"9004151",371994,2025-06-28 15:43:10,42.5047569274902,-8.88072109222412,"Female"
"9004151",371994,2025-06-28 15:48:10,42.5047607421875,-8.88066482543945,"Female"
"9004151",371994,2025-06-28 15:53:10,42.5048141479492,-8.88076019287109,"Female"
"9004151",371994,2025-06-28 15:58:10,42.5047454833984,-8.88073635101318,"Female"
"9004151",371994,2025-06-28 16:03:10,42.5047836303711,-8.88065624237061,"Female"
"9004151",371994,2025-06-28 16:08:10,42.5047798156738,-8.88070297241211,"Female"
"9004151",371994,2025-06-28 16:13:10,42.5047912597656,-8.88074207305908,"Female"
"9004151",371994,2025-06-28 16:18:10,42.5047912597656,-8.88081455230713,"Female"
"9004151",371994,2025-06-28 16:23:10,42.5047569274902,-8.88079357147217,"Female"
"9004151",371994,2025-06-28 16:28:10,42.5047607421875,-8.88083267211914,"Female"
"9004151",371994,2025-06-28 16:33:10,42.5047302246094,-8.88071060180664,"Female"
"9004151",371994,2025-06-28 16:38:10,42.5046806335449,-8.88075160980225,"Female"
"9004151",371994,2025-06-28 16:43:10,42.5045585632324,-8.88077545166016,"Female"
"9004151",371994,2025-06-28 16:48:14,42.5026969909668,-8.88159465789795,"Female"
"9004151",371994,2025-06-28 16:53:10,42.4906806945801,-8.90772914886475,"Female"
"9004151",371994,2025-06-28 16:58:10,42.480094909668,-8.93323707580566,"Female"
"9004151",371994,2025-06-28 17:03:35,42.4800758361816,-8.93323993682861,"Female"
"9004151",371994,2025-06-28 17:08:10,42.4800720214844,-8.93325042724609,"Female"
"9004151",371994,2025-06-28 17:13:10,42.4800491333008,-8.93320560455322,"Female"
"9004151",371994,2025-06-28 17:18:10,42.4800643920898,-8.93316650390625,"Female"
"9004151",371994,2025-06-28 17:23:10,42.480037689209,-8.93321323394775,"Female"
"9004151",371994,2025-06-28 17:28:11,42.4800758361816,-8.93320655822754,"Female"
"9004151",371994,2025-06-28 17:33:09,42.4492530822754,-8.94630718231201,"Female"
"9004151",371994,2025-06-28 17:38:13,42.427375793457,-8.94800662994385,"Female"
"9004151",371994,2025-06-28 17:43:10,42.4253540039062,-8.94829368591309,"Female"
"9004151",371994,2025-06-28 17:48:09,42.4170989990234,-8.94044876098633,"Female"
"9004151",371994,2025-06-28 17:53:09,42.4004287719727,-8.92101764678955,"Female"
"9004151",371994,2025-06-28 17:58:09,42.4005012512207,-8.92111492156982,"Female"
"9004151",371994,2025-06-28 18:03:09,42.4005737304688,-8.92117404937744,"Female"
"9004151",371994,2025-06-28 18:08:09,42.4004211425781,-8.92106151580811,"Female"
"9004151",371994,2025-06-28 18:13:23,42.4004516601562,-8.92107582092285,"Female"
"9004151",371994,2025-06-28 18:18:35,42.4004669189453,-8.92101383209229,"Female"
"9004151",371994,2025-06-28 18:23:09,42.4003601074219,-8.92112731933594,"Female"
"9004151",371994,2025-06-28 18:28:10,42.400463104248,-8.92101573944092,"Female"
"9004151",371994,2025-06-28 18:33:09,42.4004554748535,-8.92103672027588,"Female"
"9004151",371994,2025-06-28 18:38:09,42.4003944396973,-8.92109489440918,"Female"
"9004151",371994,2025-06-28 18:43:09,42.4004135131836,-8.92109394073486,"Female"
"9004151",371994,2025-06-28 18:48:18,42.4004020690918,-8.92105293273926,"Female"
"9004151",371994,2025-06-28 18:53:11,42.4004020690918,-8.9210729598999,"Female"
"9004151",371994,2025-06-28 18:58:10,42.4003601074219,-8.9211368560791,"Female"
"9004151",371994,2025-06-28 19:03:11,42.4003944396973,-8.921217918396,"Female"
"9004151",371994,2025-06-28 19:08:10,42.4003791809082,-8.92103290557861,"Female"
"9004151",371994,2025-06-28 19:13:11,42.4003562927246,-8.92107486724854,"Female"
"9004151",371994,2025-06-28 19:18:10,42.4004402160645,-8.92099094390869,"Female"
"9004151",371994,2025-06-28 19:23:10,42.4004402160645,-8.92100715637207,"Female"
"9004151",371994,2025-06-28 19:28:10,42.4004440307617,-8.92100429534912,"Female"
"9004151",371994,2025-06-28 19:33:35,42.4004211425781,-8.92106056213379,"Female"
"9004151",371994,2025-06-28 19:38:20,42.4004669189453,-8.92101573944092,"Female"
"9004151",371994,2025-06-28 19:43:12,42.4003982543945,-8.92110443115234,"Female"
"9004151",371994,2025-06-28 19:48:10,42.4004402160645,-8.92107009887695,"Female"
"9004151",371994,2025-06-28 19:53:09,42.4004173278809,-8.92109680175781,"Female"
"9004151",371994,2025-06-28 19:58:10,42.4003562927246,-8.92102336883545,"Female"
"9004151",371994,2025-06-28 20:03:10,42.400447845459,-8.92105007171631,"Female"
"9004151",371994,2025-06-28 20:08:11,42.4004364013672,-8.92111778259277,"Female"
"9004151",371994,2025-06-28 20:13:10,42.4004135131836,-8.92110061645508,"Female"
"9004151",371994,2025-06-28 20:18:09,42.4004287719727,-8.92107200622559,"Female"
"9004151",371994,2025-06-28 20:23:11,42.4003715515137,-8.92100238800049,"Female"
"9004151",371994,2025-06-28 20:28:09,42.4003753662109,-8.92102336883545,"Female"
"9004151",371994,2025-06-28 20:33:09,42.4003601074219,-8.92117309570312,"Female"
"9004151",371994,2025-06-28 20:38:09,42.4004364013672,-8.92105293273926,"Female"
"9004151",371994,2025-06-28 20:43:09,42.4004211425781,-8.92105293273926,"Female"
"9004151",371994,2025-06-28 20:48:09,42.4004211425781,-8.92108726501465,"Female"
"9004151",371994,2025-06-28 20:53:09,42.4003448486328,-8.92110061645508,"Female"
"9004151",371994,2025-06-28 20:58:09,42.4004516601562,-8.92101192474365,"Female"
"9004151",371994,2025-06-28 21:03:09,42.4003829956055,-8.9210901260376,"Female"
"9004151",371994,2025-06-28 21:08:09,42.4004249572754,-8.92103672027588,"Female"
"9004151",371994,2025-06-28 21:13:09,42.4004058837891,-8.92105197906494,"Female"
"9004151",371994,2025-06-28 21:18:09,42.4004364013672,-8.92107105255127,"Female"
"9004151",371994,2025-06-28 21:23:10,42.4004669189453,-8.92111396789551,"Female"
"9004151",371994,2025-06-28 21:28:11,42.4007568359375,-8.92119216918945,"Female"
"9004151",371994,2025-06-28 21:33:10,42.4004821777344,-8.9210033416748,"Female"
"9004151",371994,2025-06-28 21:38:10,42.4005088806152,-8.92113399505615,"Female"
"9004151",371994,2025-06-28 21:43:16,42.4003677368164,-8.92114162445068,"Female"
"9004151",371994,2025-06-28 21:48:10,42.4008941650391,-8.92099189758301,"Female"
"9004151",371994,2025-06-28 21:53:29,42.3998832702637,-8.92141532897949,"Female"
"9004151",371994,2025-06-28 21:58:21,42.4004554748535,-8.92100143432617,"Female"
"9004151",371994,2025-06-28 22:03:30,42.399829864502,-8.92140102386475,"Female"
"9004151",371994,2025-06-28 22:08:34,42.4003715515137,-8.92105388641357,"Female"
"9004151",371994,2025-06-28 22:13:11,42.4002952575684,-8.92118072509766,"Female"
"9004151",371994,2025-06-28 22:18:12,42.4003486633301,-8.92114162445068,"Female"
"9004151",371994,2025-06-28 22:23:12,42.4003448486328,-8.92115306854248,"Female"
"9004151",371994,2025-06-28 22:28:12,42.4003829956055,-8.92110157012939,"Female"
"9004151",371994,2025-06-28 22:33:12,42.4003486633301,-8.92115211486816,"Female"
"9004151",371994,2025-06-28 22:38:12,42.400333404541,-8.92114448547363,"Female"
"9004151",371994,2025-06-28 22:43:11,42.4003143310547,-8.92111682891846,"Female"
"9004151",371994,2025-06-28 22:48:22,42.400390625,-8.92113590240479,"Female"
"9004151",371994,2025-06-28 22:53:16,42.4003982543945,-8.92120361328125,"Female"
"9004151",371994,2025-06-28 22:58:13,42.4002380371094,-8.92109489440918,"Female"
"9004151",371994,2025-06-28 23:03:22,42.4004096984863,-8.92127799987793,"Female"
"9004151",371994,2025-06-28 23:08:16,42.4002571105957,-8.92117214202881,"Female"
"9004151",371994,2025-06-28 23:13:29,42.3999290466309,-8.92117214202881,"Female"
"9004151",371994,2025-06-28 23:18:17,42.4002380371094,-8.92115306854248,"Female"
"9004151",371994,2025-06-28 23:23:20,42.4003219604492,-8.92125511169434,"Female"
"9004151",371994,2025-06-28 23:28:21,42.4001922607422,-8.92116737365723,"Female"
"9004151",371994,2025-06-28 23:33:20,42.4004249572754,-8.92119407653809,"Female"
"9004151",371994,2025-06-28 23:38:20,42.400333404541,-8.9211893081665,"Female"
"9004151",371994,2025-06-28 23:43:20,42.4003295898438,-8.92117786407471,"Female"
"9004151",371994,2025-06-28 23:48:21,42.4003105163574,-8.92120265960693,"Female"
"9004151",371994,2025-06-28 23:53:19,42.4003372192383,-8.92121887207031,"Female"
"9004151",371994,2025-06-28 23:58:21,42.4002914428711,-8.92115879058838,"Female"
"9004151",371994,2025-06-29 00:03:35,42.4003753662109,-8.92111873626709,"Female"
"9004151",371994,2025-06-29 00:08:09,42.4005393981934,-8.92100715637207,"Female"
"9004151",371994,2025-06-29 00:13:09,42.4004058837891,-8.92104244232178,"Female"
"9004151",371994,2025-06-29 00:18:10,42.4005355834961,-8.92095851898193,"Female"
"9004151",371994,2025-06-29 00:23:09,42.4005279541016,-8.92106533050537,"Female"
"9004151",371994,2025-06-29 00:28:13,42.4003601074219,-8.92105293273926,"Female"
"9004151",371994,2025-06-29 00:33:11,42.4004974365234,-8.9211311340332,"Female"
"9004151",371994,2025-06-29 00:38:12,42.4004974365234,-8.92110538482666,"Female"
"9004151",371994,2025-06-29 00:43:43,42.4004173278809,-8.92110157012939,"Female"
"9004151",371994,2025-06-29 00:48:09,42.4006576538086,-8.92122364044189,"Female"
"9004151",371994,2025-06-29 00:53:09,42.4007759094238,-8.92121887207031,"Female"
"9004151",371994,2025-06-29 00:58:09,42.4008331298828,-8.92135620117188,"Female"
"9004151",371994,2025-06-29 01:03:09,42.4007720947266,-8.9212646484375,"Female"
"9004151",371994,2025-06-29 01:08:09,42.4008560180664,-8.92125606536865,"Female"
"9004151",371994,2025-06-29 01:13:35,42.4005317687988,-8.92092895507812,"Female"
"9004151",371994,2025-06-29 01:18:09,42.4004936218262,-8.9209680557251,"Female"
"9004151",371994,2025-06-29 01:23:09,42.4004745483398,-8.92101955413818,"Female"
"9004151",371994,2025-06-29 01:28:09,42.4005012512207,-8.92100143432617,"Female"
"9004151",371994,2025-06-29 01:33:15,42.4004936218262,-8.92104053497314,"Female"
"9004151",371994,2025-06-29 01:38:42,42.4004783630371,-8.92099285125732,"Female"
"9004151",371994,2025-06-29 01:43:09,42.4003524780273,-8.92101860046387,"Female"
"9004151",371994,2025-06-29 01:48:09,42.4005508422852,-8.92080020904541,"Female"
"9004151",371994,2025-06-29 01:53:09,42.4003868103027,-8.9209451675415,"Female"
"9004151",371994,2025-06-29 01:58:09,42.4004058837891,-8.92094898223877,"Female"
"9004151",371994,2025-06-29 02:03:11,42.4005699157715,-8.92088508605957,"Female"
"9004151",371994,2025-06-29 02:08:12,42.4004020690918,-8.92111301422119,"Female"
"9004151",371994,2025-06-29 02:13:15,42.4004287719727,-8.92125606536865,"Female"
"9004151",371994,2025-06-29 02:18:09,42.4003601074219,-8.92106056213379,"Female"
"9004151",371994,2025-06-29 02:23:10,42.4003944396973,-8.92081165313721,"Female"
"9004151",371994,2025-06-29 02:28:11,42.400276184082,-8.92086601257324,"Female"
"9004151",371994,2025-06-29 02:33:12,42.4002799987793,-8.9208402633667,"Female"
"9004151",371994,2025-06-29 02:38:11,42.4003067016602,-8.92092514038086,"Female"
"9004151",371994,2025-06-29 02:43:15,42.4004592895508,-8.92096424102783,"Female"
"9004151",371994,2025-06-29 02:48:13,42.400520324707,-8.92112159729004,"Female"
"9004151",371994,2025-06-29 02:53:17,42.4004592895508,-8.92092132568359,"Female"
"9004151",371994,2025-06-29 02:58:11,42.4002647399902,-8.92111873626709,"Female"
"9004151",371994,2025-06-29 03:03:22,42.4004364013672,-8.9211368560791,"Female"
"9004151",371994,2025-06-29 03:08:13,42.4004364013672,-8.92110061645508,"Female"
"9004151",371994,2025-06-29 03:13:35,42.4004058837891,-8.92112159729004,"Female"
"9004151",371994,2025-06-29 03:18:10,42.4003982543945,-8.9210844039917,"Female"
"9004151",371994,2025-06-29 03:23:09,42.4003219604492,-8.92109680175781,"Female"
"9004151",371994,2025-06-29 03:28:09,42.4003486633301,-8.92116737365723,"Female"
"9004151",371994,2025-06-29 03:33:09,42.4003677368164,-8.92112731933594,"Female"
"9004151",371994,2025-06-29 03:38:09,42.4004936218262,-8.92103099822998,"Female"
"9004151",371994,2025-06-29 03:43:10,42.4004440307617,-8.92100715637207,"Female"
"9004151",371994,2025-06-29 03:48:12,42.4004249572754,-8.92102813720703,"Female"
"9004151",371994,2025-06-29 03:53:25,42.4002571105957,-8.92124938964844,"Female"
"9004151",371994,2025-06-29 03:58:10,42.4004249572754,-8.92103004455566,"Female"
"9004151",371994,2025-06-29 04:03:25,42.4003982543945,-8.92107772827148,"Female"
"9004151",371994,2025-06-29 04:08:26,42.4003372192383,-8.92115592956543,"Female"
"9004151",371994,2025-06-29 04:13:46,42.4003410339355,-8.9211540222168,"Female"
"9004151",371994,2025-06-29 04:18:10,42.4004554748535,-8.92106628417969,"Female"
"9004151",371994,2025-06-29 04:23:11,42.4004249572754,-8.92106437683105,"Female"
"9004151",371994,2025-06-29 04:28:10,42.4004135131836,-8.92098522186279,"Female"
"9004151",371994,2025-06-29 04:33:10,42.4004287719727,-8.92111587524414,"Female"
"9004151",371994,2025-06-29 04:38:10,42.4004745483398,-8.92136573791504,"Female"
"9004151",371994,2025-06-29 04:43:11,42.4005355834961,-8.92085647583008,"Female"
"9004151",371994,2025-06-29 04:48:09,42.4005393981934,-8.92081928253174,"Female"
"9004151",371994,2025-06-29 04:53:11,42.4005737304688,-8.920823097229,"Female"
"9004151",371994,2025-06-29 04:58:12,42.400447845459,-8.92091846466064,"Female"
"9004151",371994,2025-06-29 05:03:09,42.4006729125977,-8.92088222503662,"Female"
"9004151",371994,2025-06-29 05:08:09,42.4005279541016,-8.92099571228027,"Female"
"9004151",371994,2025-06-29 05:13:09,42.4005012512207,-8.92090606689453,"Female"
"9004151",371994,2025-06-29 05:18:09,42.4005699157715,-8.92102527618408,"Female"
"9004151",371994,2025-06-29 05:23:12,42.4007034301758,-8.9213171005249,"Female"
"9004151",371994,2025-06-29 05:28:15,42.4005737304688,-8.9207239151001,"Female"
"9004151",371994,2025-06-29 05:33:13,42.4005432128906,-8.92078018188477,"Female"
"9004151",371994,2025-06-29 05:38:16,42.4005012512207,-8.92085933685303,"Female"
"9004151",371994,2025-06-29 05:43:15,42.4005165100098,-8.92082214355469,"Female"
"9004151",371994,2025-06-29 05:48:15,42.4006500244141,-8.9207239151001,"Female"
"9004151",371994,2025-06-29 05:53:18,42.400505065918,-8.92078399658203,"Female"
"9004151",371994,2025-06-29 05:58:16,42.400463104248,-8.92093181610107,"Female"
"9004151",371994,2025-06-29 06:03:44,42.4008369445801,-8.92046165466309,"Female"
"9004151",371994,2025-06-29 06:08:11,42.4004516601562,-8.92014789581299,"Female"
"9004151",371994,2025-06-29 06:13:29,42.4008178710938,-8.92059898376465,"Female"
"9004151",371994,2025-06-29 06:18:35,42.4004020690918,-8.92099952697754,"Female"
"9004151",371994,2025-06-29 06:23:11,42.4006195068359,-8.92124271392822,"Female"
"9004151",371994,2025-06-29 06:28:18,42.4003067016602,-8.92113494873047,"Female"
"9004151",371994,2025-06-29 06:33:11,42.4001693725586,-8.92113590240479,"Female"
"9004151",371994,2025-06-29 06:38:30,42.3993988037109,-8.92231559753418,"Female"
"9004151",371994,2025-06-29 06:43:17,42.394905090332,-8.90772151947021,"Female"
"9004151",371994,2025-06-29 06:48:57,42.4018592834473,-8.90454483032227,"Female"
"9004151",371994,2025-06-29 06:53:59,42.4007797241211,-8.90378093719482,"Female"
"9004151",371994,2025-06-29 06:59:11,42.4023056030273,-8.90259265899658,"Female"
"9004151",371994,2025-06-29 07:04:16,42.4020843505859,-8.90180778503418,"Female"
"9004151",371994,2025-06-29 07:09:15,42.4023971557617,-8.90192985534668,"Female"
"9004151",371994,2025-06-29 07:15:06,42.4026145935059,-8.90153312683105,"Female"
"9004151",371994,2025-06-29 07:20:07,42.4024085998535,-8.90091991424561,"Female"
"9004151",371994,2025-06-29 07:26:15,42.4018974304199,-8.90242481231689,"Female"
"9004151",371994,2025-06-29 07:31:11,42.4022407531738,-8.90245723724365,"Female"
"9004151",371994,2025-06-29 07:36:38,42.4025650024414,-8.90262985229492,"Female"
"9004151",371994,2025-06-29 07:41:38,42.4016380310059,-8.90377235412598,"Female"
"9004151",371994,2025-06-29 07:46:48,42.4020576477051,-8.90470790863037,"Female"
"9004151",371994,2025-06-29 07:51:48,42.4016799926758,-8.90434741973877,"Female"
"9004151",371994,2025-06-29 07:57:38,42.4018821716309,-8.90461921691895,"Female"
"9004151",371994,2025-06-29 08:02:05,42.4023513793945,-8.90583038330078,"Female"
"9004151",371994,2025-06-29 08:07:05,42.4002494812012,-8.92105960845947,"Female"
"9004151",371994,2025-06-29 08:11:38,42.4003601074219,-8.92108726501465,"Female"
"9004151",371994,2025-06-29 08:16:41,42.4003219604492,-8.92112827301025,"Female"
"9004151",371994,2025-06-29 08:21:41,42.3999404907227,-8.9207763671875,"Female"
"9004151",371994,2025-06-29 08:26:48,42.3999519348145,-8.92084407806396,"Female"
"9004151",371994,2025-06-29 08:32:32,42.3999824523926,-8.92101573944092,"Female"
"9004151",371994,2025-06-29 08:37:33,42.400276184082,-8.92097949981689,"Female"
"9004151",371994,2025-06-29 08:42:32,42.3997497558594,-8.92063140869141,"Female"
"9004151",371994,2025-06-29 08:47:37,42.4001274108887,-8.92095756530762,"Female"
"9004151",371994,2025-06-29 08:52:39,42.4001083374023,-8.92088603973389,"Female"
"9004151",371994,2025-06-29 08:57:38,42.4001007080078,-8.92081356048584,"Female"
"9004151",371994,2025-06-29 09:02:36,42.4000663757324,-8.92090034484863,"Female"
"9004151",371994,2025-06-29 09:07:33,42.4000625610352,-8.92058563232422,"Female"
"9004151",371994,2025-06-29 09:12:32,42.400577545166,-8.92173862457275,"Female"
"9004151",371994,2025-06-29 09:17:36,42.400218963623,-8.9211540222168,"Female"
"9004151",371994,2025-06-29 09:22:39,42.4002914428711,-8.92102909088135,"Female"
"9004151",371994,2025-06-29 09:27:31,42.4002799987793,-8.92113304138184,"Female"
"9004151",371994,2025-06-29 09:32:35,42.4001846313477,-8.92120838165283,"Female"
"9004151",371994,2025-06-29 09:37:36,42.400203704834,-8.92133140563965,"Female"
"9004151",371994,2025-06-29 09:42:44,42.4001502990723,-8.92146492004395,"Female"
"9004151",371994,2025-06-29 09:47:44,42.4002799987793,-8.9213924407959,"Female"
"9004151",371994,2025-06-29 09:52:31,42.400260925293,-8.92129039764404,"Female"
"9004151",371994,2025-06-29 09:57:32,42.4002494812012,-8.92140293121338,"Female"
"9004151",371994,2025-06-29 10:03:03,42.4002418518066,-8.92111110687256,"Female"
"9004151",371994,2025-06-29 10:07:31,42.4002799987793,-8.92112159729004,"Female"
"9004151",371994,2025-06-29 10:12:31,42.4002723693848,-8.92123603820801,"Female"
"9004151",371994,2025-06-29 10:17:31,42.4029197692871,-8.92151737213135,"Female"
"9004151",371994,2025-06-29 10:22:31,42.414176940918,-8.91543960571289,"Female"
"9004151",371994,2025-06-29 10:27:31,42.4233360290527,-8.91837406158447,"Female"
"9004151",371994,2025-06-29 10:32:31,42.4252700805664,-8.91093349456787,"Female"
"9004151",371994,2025-06-29 10:38:38,42.4238090515137,-8.90796566009521,"Female"
"9004151",371994,2025-06-29 10:43:37,42.4246139526367,-8.90785980224609,"Female"
"9004151",371994,2025-06-29 10:48:37,42.4248886108398,-8.90635013580322,"Female"
"9004151",371994,2025-06-29 10:53:55,42.4276657104492,-8.90426731109619,"Female"
"9004151",371994,2025-06-29 10:58:55,42.4279899597168,-8.90469455718994,"Female"
"9004151",371994,2025-06-29 11:03:55,42.4284744262695,-8.90539741516113,"Female"
"9004151",371994,2025-06-29 11:08:56,42.4223709106445,-8.90617752075195,"Female"
"9004151",371994,2025-06-29 11:13:55,42.4218940734863,-8.90548515319824,"Female"
"9004151",371994,2025-06-29 11:18:55,42.4207649230957,-8.90666484832764,"Female"
"9004151",371994,2025-06-29 11:23:56,42.4182014465332,-8.90999507904053,"Female"
"9004151",371994,2025-06-29 11:28:55,42.4181289672852,-8.91162490844727,"Female"
"9004151",371994,2025-06-29 11:33:55,42.419075012207,-8.91245937347412,"Female"
"9004151",371994,2025-06-29 11:38:55,42.4193077087402,-8.91284561157227,"Female"
"9004151",371994,2025-06-29 11:43:55,42.4197387695312,-8.91336154937744,"Female"
"9004151",371994,2025-06-29 11:48:55,42.4208221435547,-8.91329574584961,"Female"
"9004151",371994,2025-06-29 11:53:55,42.4181137084961,-8.91991901397705,"Female"
"9004151",371994,2025-06-29 11:58:55,42.4185256958008,-8.9207010269165,"Female"
"9004151",371994,2025-06-29 12:03:56,42.419303894043,-8.91931056976318,"Female"
"9004151",371994,2025-06-29 12:09:05,42.4199867248535,-8.91873455047607,"Female"
"9004151",371994,2025-06-29 12:13:56,42.4207611083984,-8.91795253753662,"Female"
"9004151",371994,2025-06-29 12:19:14,42.4359169006348,-8.90680503845215,"Female"
"9004151",371994,2025-06-29 12:23:56,42.4364051818848,-8.90658187866211,"Female"
"9004151",371994,2025-06-29 12:28:55,42.437744140625,-8.90685176849365,"Female"
"9004151",371994,2025-06-29 12:33:55,42.4387016296387,-8.90596294403076,"Female"
"9004151",371994,2025-06-29 12:39:16,42.4401092529297,-8.90508270263672,"Female"
"9004151",371994,2025-06-29 12:44:15,42.4426803588867,-8.90572166442871,"Female"
"9004151",371994,2025-06-29 12:49:48,42.4430732727051,-8.90726184844971,"Female"
"9004151",371994,2025-06-29 12:55:06,42.4437026977539,-8.9087438583374,"Female"
"9004151",371994,2025-06-29 13:00:08,42.444507598877,-8.90950489044189,"Female"
"9004151",371994,2025-06-29 13:05:06,42.4434013366699,-8.9099178314209,"Female"
"9004151",371994,2025-06-29 13:10:05,42.4503974914551,-8.91763877868652,"Female"
"9004151",371994,2025-06-29 13:15:07,42.4503135681152,-8.91766834259033,"Female"
"9004151",371994,2025-06-29 13:20:19,42.4505348205566,-8.91754913330078,"Female"
"9004151",371994,2025-06-29 13:25:16,42.4505958557129,-8.91754531860352,"Female"
"9004151",371994,2025-06-29 13:30:21,42.450496673584,-8.9175386428833,"Female"
"9004151",371994,2025-06-29 13:35:19,42.4505271911621,-8.91756534576416,"Female"
"9004151",371994,2025-06-29 13:40:19,42.4506072998047,-8.91764068603516,"Female"
"9004151",371994,2025-06-29 13:45:20,42.4506340026855,-8.9176549911499,"Female"
"9004151",371994,2025-06-29 13:50:20,42.4506378173828,-8.91770648956299,"Female"
"9004151",371994,2025-06-29 13:55:35,42.453727722168,-8.93557739257812,"Female"
"9004151",371994,2025-06-29 14:00:05,42.4812622070312,-8.93552398681641,"Female"
"9004151",371994,2025-06-29 14:05:05,42.4869155883789,-8.92364692687988,"Female"
"9004151",371994,2025-06-29 14:10:05,42.4876022338867,-8.92209815979004,"Female"
"9004151",371994,2025-06-29 14:15:05,42.5154495239258,-8.87881851196289,"Female"
"9004151",371994,2025-06-29 14:20:05,42.5365562438965,-8.85591506958008,"Female"
"9004151",371994,2025-06-29 14:25:05,42.5365333557129,-8.85575866699219,"Female"
"9004151",371994,2025-06-29 14:30:05,42.5373573303223,-8.85501384735107,"Female"
"9004151",371994,2025-06-29 14:35:05,42.5379867553711,-8.8546199798584,"Female"
"9004151",371994,2025-06-29 14:40:06,42.5384483337402,-8.85385227203369,"Female"
"9004151",371994,2025-06-29 14:45:06,42.5373649597168,-8.85501384735107,"Female"
"9004151",371994,2025-06-29 14:50:05,42.5372924804688,-8.85466384887695,"Female"
"9004151",371994,2025-06-29 14:55:24,42.5373573303223,-8.85428428649902,"Female"
"9004151",371994,2025-06-29 15:00:41,42.5375289916992,-8.85598373413086,"Female"
"9004151",371994,2025-06-29 15:05:39,42.5371284484863,-8.85646438598633,"Female"
"9004151",371994,2025-06-29 15:11:22,42.5383644104004,-8.85495948791504,"Female"
"9004151",371994,2025-06-29 15:16:24,42.5393981933594,-8.85459899902344,"Female"
"9004151",371994,2025-06-29 15:21:40,42.540168762207,-8.85352325439453,"Female"
"9004151",371994,2025-06-29 15:26:39,42.539478302002,-8.85367202758789,"Female"
"9004151",371994,2025-06-29 15:31:39,42.5392990112305,-8.85487842559814,"Female"
"9004151",371994,2025-06-29 15:36:48,42.5392684936523,-8.85414505004883,"Female"
"9004151",371994,2025-06-29 15:41:54,42.5389251708984,-8.85355377197266,"Female"
"9004151",371994,2025-06-29 15:47:24,42.5389442443848,-8.85470104217529,"Female"
"9004151",371994,2025-06-29 15:52:24,42.5382690429688,-8.85425853729248,"Female"
"9004151",371994,2025-06-29 16:00:54,42.5388488769531,-8.852614402771,"Female"
"9004151",371994,2025-06-29 16:05:52,42.5391082763672,-8.85163497924805,"Female"
"9004151",371994,2025-06-29 16:10:51,42.5260963439941,-8.84696102142334,"Female"
"9004151",371994,2025-06-29 16:15:51,42.5260887145996,-8.84700107574463,"Female"
"9004151",371994,2025-06-29 16:20:53,42.5261726379395,-8.84711456298828,"Female"
"9004151",371994,2025-06-29 16:25:54,42.5261993408203,-8.84723949432373,"Female"
"9004151",371994,2025-06-29 16:30:55,42.5261878967285,-8.84718322753906,"Female"
"9004151",371994,2025-06-29 16:35:54,42.5260581970215,-8.84702682495117,"Female"
"9004151",371994,2025-06-29 16:40:54,42.5263061523438,-8.8475513458252,"Female"
"9004151",371994,2025-06-29 16:46:14,42.5260734558105,-8.84725093841553,"Female"
"9004151",371994,2025-06-29 16:50:55,42.5260047912598,-8.84718799591064,"Female"
"9004151",371994,2025-06-29 16:55:53,42.526065826416,-8.8472318649292,"Female"
"9004151",371994,2025-06-29 17:00:53,42.5261116027832,-8.84727001190186,"Female"
"9004151",371994,2025-06-29 17:05:53,42.5262184143066,-8.84719371795654,"Female"
"9004151",371994,2025-06-29 17:10:53,42.5262298583984,-8.84708404541016,"Female"
"9004151",371994,2025-06-29 17:15:53,42.5262756347656,-8.84710311889648,"Female"
"9004151",371994,2025-06-29 17:20:54,42.5263519287109,-8.84730243682861,"Female"
"9004151",371994,2025-06-29 17:25:54,42.5269317626953,-8.84749507904053,"Female"
"9004151",371994,2025-06-29 17:31:14,42.5261650085449,-8.84719085693359,"Female"
"9004151",371994,2025-06-29 17:35:54,42.526237487793,-8.84718418121338,"Female"
"9004151",371994,2025-06-29 17:40:53,42.5264625549316,-8.84698390960693,"Female"
"9004151",371994,2025-06-29 17:45:54,42.5260124206543,-8.84739780426025,"Female"
"9004151",371994,2025-06-29 17:50:53,42.5265007019043,-8.84712314605713,"Female"
"9004151",371994,2025-06-29 17:55:55,42.5261878967285,-8.84713554382324,"Female"
"9004151",371994,2025-06-29 18:01:01,42.5260314941406,-8.84734439849854,"Female"
"9004151",371994,2025-06-29 18:05:55,42.5261840820312,-8.84713268280029,"Female"
"9004151",371994,2025-06-29 18:10:54,42.5265808105469,-8.84691143035889,"Female"
"9004151",371994,2025-06-29 18:16:15,42.5261383056641,-8.8471622467041,"Female"
"9004151",371994,2025-06-29 18:20:55,42.5261421203613,-8.84717178344727,"Female"
"9004151",371994,2025-06-29 18:25:55,42.5261039733887,-8.84715366363525,"Female"
"9004151",371994,2025-06-29 18:30:55,42.5260696411133,-8.84717082977295,"Female"
"9004151",371994,2025-06-29 18:35:53,42.531795501709,-8.85200977325439,"Female"
"9004151",371994,2025-06-29 18:40:57,42.5324325561523,-8.85229301452637,"Female"
"9004151",371994,2025-06-29 18:47:37,42.5339317321777,-8.85104942321777,"Female"
"9004151",371994,2025-06-29 18:52:50,42.5351600646973,-8.85018348693848,"Female"
"9004151",371994,2025-06-29 18:58:14,42.5357360839844,-8.84929752349854,"Female"
"9004151",371994,2025-06-29 19:03:24,42.53662109375,-8.84929752349854,"Female"
"9004151",371994,2025-06-29 19:09:02,42.5359687805176,-8.84902381896973,"Female"
"9004151",371994,2025-06-29 19:14:49,42.5358581542969,-8.84994316101074,"Female"
"9004151",371994,2025-06-29 19:19:45,42.5355987548828,-8.8495979309082,"Female"
"9004151",371994,2025-06-29 19:24:45,42.5342788696289,-8.84911251068115,"Female"
"9004151",371994,2025-06-29 19:29:54,42.5342483520508,-8.85083484649658,"Female"
"9004151",371994,2025-06-29 19:36:44,42.5323333740234,-8.85229587554932,"Female"
"9004151",371994,2025-06-29 19:41:42,42.5312652587891,-8.8537654876709,"Female"
"9004151",371994,2025-06-29 19:46:43,42.5044708251953,-8.87967300415039,"Female"
"9004151",371994,2025-06-29 19:51:43,42.4833221435547,-8.921555519104,"Female"
"9004151",371994,2025-06-29 19:56:42,42.4778823852539,-8.94395637512207,"Female"
"9004151",371994,2025-06-29 20:05:11,42.4511070251465,-8.94610404968262,"Female"
"9004151",371994,2025-06-29 20:10:08,42.4265785217285,-8.9381275177002,"Female"
"9004151",371994,2025-06-29 20:15:35,42.4004325866699,-8.92103862762451,"Female"
"9004151",371994,2025-06-29 20:20:07,42.4004745483398,-8.92095375061035,"Female"
"9004151",371994,2025-06-29 20:25:07,42.4004516601562,-8.92094230651855,"Female"
"9004151",371994,2025-06-29 20:30:07,42.4003982543945,-8.9210319519043,"Female"
"9004151",371994,2025-06-29 20:35:07,42.4004058837891,-8.92099666595459,"Female"
"9004151",371994,2025-06-29 21:01:39,42.4004440307617,-8.92097282409668,"Female"
"9004151",371994,2025-06-29 21:10:29,42.4004173278809,-8.92102813720703,"Female"
"9004151",371994,2025-06-29 21:16:56,42.4002494812012,-8.9207649230957,"Female"
"9004151",371994,2025-06-29 21:30:06,42.4003944396973,-8.92101955413818,"Female"
"9004151",371994,2025-06-29 21:36:31,42.4004173278809,-8.92099094390869,"Female"
"9004151",371994,2025-06-29 21:42:38,42.4004287719727,-8.92096042633057,"Female"
"9004151",371994,2025-06-29 21:49:35,42.400447845459,-8.92101669311523,"Female"
"9004151",371994,2025-06-29 21:54:19,42.4004898071289,-8.92095851898193,"Female"
"9004151",371994,2025-06-29 21:59:21,42.4004707336426,-8.92103385925293,"Female"
"9004151",371994,2025-06-29 22:04:23,42.4004745483398,-8.9210262298584,"Female"
"9004151",371994,2025-06-29 22:09:21,42.4004058837891,-8.92108726501465,"Female"
"9004151",371994,2025-06-29 22:14:44,42.4004058837891,-8.92105197906494,"Female"
"9004151",371994,2025-06-29 22:19:15,42.4003677368164,-8.92107963562012,"Female"
"9004151",371994,2025-06-29 22:24:15,42.400333404541,-8.92141342163086,"Female"
"9004151",371994,2025-06-29 22:29:15,42.4001655578613,-8.92106342315674,"Female"
"9004151",371994,2025-06-29 22:34:15,42.400146484375,-8.9211483001709,"Female"
"9004151",371994,2025-06-29 22:39:17,42.4001159667969,-8.92132377624512,"Female"
"9004151",371994,2025-06-29 22:44:19,42.4002799987793,-8.9210786819458,"Female"
"9004151",371994,2025-06-29 22:49:35,42.4003982543945,-8.92095851898193,"Female"
"9004151",371994,2025-06-29 22:54:15,42.4003677368164,-8.92092990875244,"Female"
"9004151",371994,2025-06-29 22:59:15,42.4003524780273,-8.92095279693604,"Female"
"9004151",371994,2025-06-29 23:04:15,42.4003791809082,-8.9209156036377,"Female"
"9004151",371994,2025-06-29 23:09:15,42.4003410339355,-8.92091846466064,"Female"
"9004151",371994,2025-06-29 23:14:15,42.4003524780273,-8.92093944549561,"Female"
"9004151",371994,2025-06-29 23:19:15,42.4003257751465,-8.92090702056885,"Female"
"9004151",371994,2025-06-29 23:24:15,42.4003448486328,-8.92092227935791,"Female"
"9004151",371994,2025-06-29 23:29:15,42.400318145752,-8.92100429534912,"Female"
"9004151",371994,2025-06-29 23:34:15,42.4004592895508,-8.92088413238525,"Female"
"9004151",371994,2025-06-29 23:39:16,42.4003601074219,-8.92119979858398,"Female"
"9004151",371994,2025-06-29 23:44:15,42.4003753662109,-8.92117214202881,"Female"
"9004151",371994,2025-06-29 23:49:15,42.4004554748535,-8.92182350158691,"Female"
"9004151",371994,2025-06-29 23:54:15,42.4004898071289,-8.92171001434326,"Female"
"9004151",371994,2025-06-29 23:59:15,42.4003677368164,-8.92185878753662,"Female"
"9004151",371994,2025-06-30 00:04:35,42.4004364013672,-8.92102718353271,"Female"
"9004151",371994,2025-06-30 00:09:22,42.400447845459,-8.92100715637207,"Female"
"9004151",371994,2025-06-30 00:14:16,42.4004249572754,-8.92093658447266,"Female"
"9004151",371994,2025-06-30 00:19:35,42.400447845459,-8.92102718353271,"Female"
"9004151",371994,2025-06-30 00:24:18,42.4004020690918,-8.92106151580811,"Female"
"9004151",371994,2025-06-30 00:29:22,42.4004898071289,-8.92102813720703,"Female"
"9004151",371994,2025-06-30 00:34:16,42.4003448486328,-8.92101669311523,"Female"
"9004151",371994,2025-06-30 00:39:18,42.4005241394043,-8.92104339599609,"Female"
"9004151",371994,2025-06-30 00:44:18,42.4006042480469,-8.92100811004639,"Female"
"9004151",371994,2025-06-30 00:49:17,42.4004898071289,-8.92100048065186,"Female"
"9004151",371994,2025-06-30 00:54:17,42.4004058837891,-8.92104434967041,"Female"
"9004151",371994,2025-06-30 00:59:16,42.4004402160645,-8.92091751098633,"Female"
"9004151",371994,2025-06-30 01:04:17,42.4006500244141,-8.92115592956543,"Female"
"9004151",371994,2025-06-30 01:09:26,42.4005126953125,-8.92099285125732,"Female"
"9004151",371994,2025-06-30 01:14:19,42.4004364013672,-8.9209623336792,"Female"
"9004151",371994,2025-06-30 01:19:30,42.4004249572754,-8.92107105255127,"Female"
"9004151",371994,2025-06-30 01:24:34,42.4004325866699,-8.9210262298584,"Female"
"9004151",371994,2025-06-30 01:29:15,42.4004096984863,-8.92110347747803,"Female"
"9004151",371994,2025-06-30 01:34:15,42.4004173278809,-8.92102718353271,"Female"
"9004151",371994,2025-06-30 01:39:15,42.4004364013672,-8.9210205078125,"Female"
"9004151",371994,2025-06-30 01:44:15,42.4004096984863,-8.92101192474365,"Female"
"9004151",371994,2025-06-30 01:49:15,42.4004173278809,-8.92116451263428,"Female"
"9004151",371994,2025-06-30 01:54:15,42.4004135131836,-8.92110919952393,"Female"
"9004151",371994,2025-06-30 01:59:15,42.4003753662109,-8.92101573944092,"Female"
"9004151",371994,2025-06-30 02:04:15,42.4003219604492,-8.92113399505615,"Female"
"9004151",371994,2025-06-30 02:09:15,42.400390625,-8.92087745666504,"Female"
"9004151",371994,2025-06-30 02:14:15,42.4004974365234,-8.92103290557861,"Female"
"9004151",371994,2025-06-30 02:19:15,42.4004249572754,-8.92100048065186,"Female"
"9004151",371994,2025-06-30 02:24:16,42.4005699157715,-8.92104530334473,"Female"
"9004151",371994,2025-06-30 02:29:15,42.4004669189453,-8.92120170593262,"Female"
"9004151",371994,2025-06-30 02:34:15,42.4004287719727,-8.92111492156982,"Female"
"9004151",371994,2025-06-30 02:39:15,42.4003982543945,-8.92112255096436,"Female"
"9004151",371994,2025-06-30 02:44:18,42.4003524780273,-8.92094135284424,"Female"
"9004151",371994,2025-06-30 02:49:15,42.4002723693848,-8.92087745666504,"Female"
"9004151",371994,2025-06-30 02:54:16,42.4002265930176,-8.92097091674805,"Female"
"9004151",371994,2025-06-30 02:59:18,42.4006042480469,-8.92121887207031,"Female"
"9004151",371994,2025-06-30 03:04:42,42.4004096984863,-8.92123413085938,"Female"
"9004151",371994,2025-06-30 03:09:18,42.4004440307617,-8.92137622833252,"Female"
"9004151",371994,2025-06-30 03:14:17,42.4004135131836,-8.92096424102783,"Female"
"9004151",371994,2025-06-30 03:19:16,42.4005851745605,-8.92146492004395,"Female"
"9004151",371994,2025-06-30 03:24:16,42.4006767272949,-8.921311378479,"Female"
"9004151",371994,2025-06-30 03:29:15,42.4003410339355,-8.92113876342773,"Female"
"9004151",371994,2025-06-30 03:34:35,42.400390625,-8.92109870910645,"Female"
"9004151",371994,2025-06-30 03:39:24,42.4003372192383,-8.92104911804199,"Female"
"9004151",371994,2025-06-30 03:44:15,42.4002914428711,-8.92111587524414,"Female"
"9004151",371994,2025-06-30 03:49:19,42.4003982543945,-8.92103385925293,"Female"
"9004151",371994,2025-06-30 03:54:18,42.400318145752,-8.92110061645508,"Female"
"9004151",371994,2025-06-30 03:59:16,42.4004020690918,-8.92101669311523,"Female"
"9004151",371994,2025-06-30 04:04:17,42.4003143310547,-8.92103576660156,"Female"
"9004151",371994,2025-06-30 04:09:16,42.4004669189453,-8.9209680557251,"Female"
"9004151",371994,2025-06-30 04:14:17,42.4003562927246,-8.92106056213379,"Female"
"9004151",371994,2025-06-30 04:19:21,42.4003143310547,-8.92102718353271,"Female"
"9004151",371994,2025-06-30 04:24:34,42.4003028869629,-8.92119884490967,"Female"
"9004151",371994,2025-06-30 04:29:17,42.3999938964844,-8.92145442962646,"Female"
"9004151",371994,2025-06-30 04:34:44,42.4002342224121,-8.92132091522217,"Female"
"9004151",371994,2025-06-30 04:39:15,42.400203704834,-8.92136573791504,"Female"
"9004151",371994,2025-06-30 04:44:17,42.4000663757324,-8.92147731781006,"Female"
"9004151",371994,2025-06-30 04:49:15,42.4001922607422,-8.92126560211182,"Female"
"9004151",371994,2025-06-30 04:54:16,42.4001693725586,-8.9212646484375,"Female"
"9004151",371994,2025-06-30 04:59:18,42.4000549316406,-8.92134475708008,"Female"
"9004151",371994,2025-06-30 05:04:16,42.4001808166504,-8.92107677459717,"Female"
"9004151",371994,2025-06-30 05:09:20,42.4003753662109,-8.9210262298584,"Female"
"9004151",371994,2025-06-30 05:14:17,42.4002952575684,-8.92107200622559,"Female"
"9004151",371994,2025-06-30 05:19:16,42.4002113342285,-8.92095565795898,"Female"
"9004151",371994,2025-06-30 05:24:15,42.4003829956055,-8.92098331451416,"Female"
"9004151",371994,2025-06-30 05:29:18,42.4003143310547,-8.92098236083984,"Female"
"9004151",371994,2025-06-30 05:34:15,42.4002304077148,-8.92084503173828,"Female"
"9004151",371994,2025-06-30 05:39:15,42.4003524780273,-8.92088317871094,"Female"
"9004151",371994,2025-06-30 05:44:15,42.4002494812012,-8.92064762115479,"Female"
"9004151",371994,2025-06-30 05:49:24,42.4003143310547,-8.92108917236328,"Female"
"9004151",371994,2025-06-30 05:54:17,42.4005508422852,-8.92131519317627,"Female"
"9004151",371994,2025-06-30 05:59:24,42.4004440307617,-8.92103385925293,"Female"
"9004151",371994,2025-06-30 06:04:44,42.4005012512207,-8.92100811004639,"Female"
"9004151",371994,2025-06-30 06:09:16,42.4004020690918,-8.92082977294922,"Female"
"9004151",371994,2025-06-30 06:14:15,42.4004745483398,-8.92107582092285,"Female"
"9004151",371994,2025-06-30 06:19:15,42.4004974365234,-8.92092418670654,"Female"
"9004151",371994,2025-06-30 06:24:17,42.4005889892578,-8.92185497283936,"Female"
"9004151",371994,2025-06-30 06:29:26,42.4003601074219,-8.92110347747803,"Female"
"9004151",371994,2025-06-30 06:34:44,42.4003868103027,-8.92097187042236,"Female"
"9004151",371994,2025-06-30 06:39:18,42.3986778259277,-8.91809558868408,"Female"
"9004151",371994,2025-06-30 06:44:18,42.3986892700195,-8.91684436798096,"Female"
"9004151",371994,2025-06-30 06:49:24,42.3986930847168,-8.91583728790283,"Female"
"9004151",371994,2025-06-30 06:54:17,42.3967361450195,-8.90848636627197,"Female"
"9004151",371994,2025-06-30 06:59:19,42.4029388427734,-8.90679168701172,"Female"
"9004151",371994,2025-06-30 07:05:28,42.4065704345703,-8.89942932128906,"Female"
"9004151",371994,2025-06-30 07:11:57,42.4062232971191,-8.89803314208984,"Female"
"9004151",371994,2025-06-30 07:17:31,42.4068374633789,-8.89844512939453,"Female"
"9004151",371994,2025-06-30 07:23:24,42.4058532714844,-8.89854526519775,"Female"
"9004151",371994,2025-06-30 07:28:23,42.4069023132324,-8.89863109588623,"Female"
"9004151",371994,2025-06-30 07:33:44,42.4074668884277,-8.89838695526123,"Female"
"9004151",371994,2025-06-30 07:38:44,42.4076271057129,-8.89866924285889,"Female"
"9004151",371994,2025-06-30 07:43:18,42.4073677062988,-8.89729022979736,"Female"
"9004151",371994,2025-06-30 07:48:24,42.4077529907227,-8.89804267883301,"Female"
"9004151",371994,2025-06-30 07:53:24,42.4078788757324,-8.89768028259277,"Female"
"9004151",371994,2025-06-30 07:58:21,42.4323425292969,-8.90753936767578,"Female"
"9004151",371994,2025-06-30 08:03:30,42.4524574279785,-8.93374729156494,"Female"
"9004151",371994,2025-06-30 08:08:25,42.452449798584,-8.93359851837158,"Female"
"9004151",371994,2025-06-30 08:13:20,42.452579498291,-8.93397808074951,"Female"
"9004151",371994,2025-06-30 08:18:30,42.4524803161621,-8.93367385864258,"Female"
"9004151",371994,2025-06-30 08:23:24,42.469799041748,-8.94101715087891,"Female"
"9004151",371994,2025-06-30 08:28:25,42.4985275268555,-8.90777969360352,"Female"
"9004151",371994,2025-06-30 08:33:45,42.5138206481934,-8.8841552734375,"Female"
"9004151",371994,2025-06-30 08:38:30,42.5138664245605,-8.88423347473145,"Female"
"9004151",371994,2025-06-30 08:43:30,42.5348701477051,-8.856201171875,"Female"
"9004151",371994,2025-06-30 08:48:39,42.5367736816406,-8.85590744018555,"Female"
"9004151",371994,2025-06-30 08:54:14,42.5371246337891,-8.85459899902344,"Female"
"9004151",371994,2025-06-30 08:59:00,42.5368843078613,-8.8549690246582,"Female"
"9004151",371994,2025-06-30 09:04:27,42.5362129211426,-8.85612964630127,"Female"
"9004151",371994,2025-06-30 09:09:27,42.5362663269043,-8.85509395599365,"Female"
"9004151",371994,2025-06-30 09:14:45,42.5369529724121,-8.85407161712646,"Female"
"9004151",371994,2025-06-30 09:19:59,42.5379257202148,-8.85528182983398,"Female"
"9004151",371994,2025-06-30 09:25:23,42.5394439697266,-8.85533809661865,"Female"
"9004151",371994,2025-06-30 09:30:49,42.5383338928223,-8.85585403442383,"Female"
"9004151",371994,2025-06-30 09:36:29,42.5390090942383,-8.85605144500732,"Female"
"9004151",371994,2025-06-30 09:41:39,42.5395889282227,-8.85427474975586,"Female"
"9004151",371994,2025-06-30 10:03:35,42.5369987487793,-8.85503959655762,"Female"
"9004151",371994,2025-06-30 10:08:18,42.5360221862793,-8.85484790802002,"Female"
"9004151",371994,2025-06-30 10:13:39,42.5346527099609,-8.85408878326416,"Female"
"9004151",371994,2025-06-30 10:19:09,42.5335960388184,-8.85310840606689,"Female"
"9004151",371994,2025-06-30 10:24:09,42.5324058532715,-8.85284614562988,"Female"
"9004151",371994,2025-06-30 10:29:12,42.5317535400391,-8.8528938293457,"Female"
"9004151",371994,2025-06-30 10:34:11,42.524585723877,-8.85306358337402,"Female"
"9004151",371994,2025-06-30 10:39:09,42.5244598388672,-8.85397052764893,"Female"
"9004151",371994,2025-06-30 10:44:13,42.5244522094727,-8.8542308807373,"Female"
"9004151",371994,2025-06-30 10:49:23,42.5244750976562,-8.8543529510498,"Female"
"9004151",371994,2025-06-30 10:54:23,42.524486541748,-8.85428524017334,"Female"
"9004151",371994,2025-06-30 10:59:23,42.5244903564453,-8.85422897338867,"Female"
"9004151",371994,2025-06-30 11:04:35,42.5245246887207,-8.85416126251221,"Female"
"9004151",371994,2025-06-30 11:09:09,42.5245132446289,-8.85416221618652,"Female"
"9004151",371994,2025-06-30 11:14:09,42.5245323181152,-8.85413455963135,"Female"
"9004151",371994,2025-06-30 11:19:09,42.5245323181152,-8.85401916503906,"Female"
"9004151",371994,2025-06-30 11:24:09,42.5246353149414,-8.85394191741943,"Female"
"9004151",371994,2025-06-30 11:29:09,42.5247268676758,-8.85390853881836,"Female"
"9004151",371994,2025-06-30 11:34:09,42.5247001647949,-8.85392379760742,"Female"
"9004151",371994,2025-06-30 11:39:09,42.5246849060059,-8.85394954681396,"Female"
"9004151",371994,2025-06-30 11:44:09,42.5247268676758,-8.85390949249268,"Female"
"9004151",371994,2025-06-30 11:49:09,42.5247230529785,-8.85396385192871,"Female"
"9004151",371994,2025-06-30 11:54:09,42.524772644043,-8.8539342880249,"Female"
"9004151",371994,2025-06-30 11:59:09,42.5247955322266,-8.85394668579102,"Female"
"9004151",371994,2025-06-30 12:04:10,42.5247764587402,-8.85397148132324,"Female"
"9004151",371994,2025-06-30 12:09:09,42.5247650146484,-8.85396480560303,"Female"
"9004151",371994,2025-06-30 12:14:09,42.5248031616211,-8.85393714904785,"Female"
"9004151",371994,2025-06-30 12:19:09,42.5248069763184,-8.8539571762085,"Female"
"9004151",371994,2025-06-30 12:24:09,42.5248489379883,-8.85394382476807,"Female"
"9004151",371994,2025-06-30 12:29:10,42.5248641967773,-8.85398769378662,"Female"
"9004151",371994,2025-06-30 12:34:10,42.5248069763184,-8.85391807556152,"Female"
"9004151",371994,2025-06-30 12:39:10,42.5248374938965,-8.85391044616699,"Female"
"9004151",371994,2025-06-30 12:44:10,42.5248832702637,-8.85399913787842,"Female"
"9004151",371994,2025-06-30 12:49:10,42.524845123291,-8.85397624969482,"Female"
"9004151",371994,2025-06-30 12:54:09,42.5248832702637,-8.85401439666748,"Female"
"9004151",371994,2025-06-30 12:59:09,42.524845123291,-8.8539514541626,"Female"
"9004151",371994,2025-06-30 13:04:09,42.5248794555664,-8.8539981842041,"Female"
"9004151",371994,2025-06-30 13:09:09,42.5248489379883,-8.85395812988281,"Female"
"9004151",371994,2025-06-30 13:14:09,42.5248413085938,-8.85391998291016,"Female"
"9004151",371994,2025-06-30 13:19:09,42.5248794555664,-8.85394287109375,"Female"
"9004151",371994,2025-06-30 13:24:09,42.524845123291,-8.85397052764893,"Female"
"9004151",371994,2025-06-30 13:29:21,42.5249061584473,-8.85395908355713,"Female"
"9004151",371994,2025-06-30 13:34:09,42.5248718261719,-8.85395812988281,"Female"
"9004151",371994,2025-06-30 13:39:09,42.5248794555664,-8.85402584075928,"Female"
"9004151",371994,2025-06-30 13:44:09,42.5249061584473,-8.85402393341064,"Female"
"9004151",371994,2025-06-30 13:49:10,42.5249557495117,-8.85407638549805,"Female"
"9004151",371994,2025-06-30 13:54:09,42.5248794555664,-8.85388278961182,"Female"
"9004151",371994,2025-06-30 13:59:09,42.5248527526855,-8.8539867401123,"Female"
"9004151",371994,2025-06-30 14:04:09,42.5249443054199,-8.85406684875488,"Female"
"9004151",371994,2025-06-30 14:09:09,42.5248260498047,-8.85403823852539,"Female"
"9004151",371994,2025-06-30 14:14:09,42.5249328613281,-8.85410118103027,"Female"
"9004151",371994,2025-06-30 14:19:24,42.5248832702637,-8.85406494140625,"Female"
"9004151",371994,2025-06-30 14:24:22,42.5248603820801,-8.85407829284668,"Female"
"9004151",371994,2025-06-30 14:29:29,42.5358963012695,-8.8553352355957,"Female"
"9004151",371994,2025-06-30 14:34:47,42.5370216369629,-8.85415363311768,"Female"
"9004151",371994,2025-06-30 14:40:02,42.5379943847656,-8.85431480407715,"Female"
"9004151",371994,2025-06-30 14:45:34,42.5386009216309,-8.85570907592773,"Female"
"9004151",371994,2025-06-30 14:50:34,42.5375099182129,-8.85472202301025,"Female"
"9004151",371994,2025-06-30 14:56:12,42.5369682312012,-8.85261249542236,"Female"
"9004151",371994,2025-06-30 15:02:54,42.5373992919922,-8.85107517242432,"Female"
"9004151",371994,2025-06-30 15:07:56,42.5379409790039,-8.8509349822998,"Female"
"9004151",371994,2025-06-30 15:12:59,42.5378799438477,-8.85070896148682,"Female"
"9004151",371994,2025-06-30 15:18:09,42.5383758544922,-8.85112380981445,"Female"
"9004151",371994,2025-06-30 15:22:54,42.5383682250977,-8.85082244873047,"Female"
"9004151",371994,2025-06-30 15:28:01,42.5387153625488,-8.85055637359619,"Female"
"9004151",371994,2025-06-30 15:33:07,42.5394172668457,-8.8510856628418,"Female"
"9004151",371994,2025-06-30 15:38:23,42.5388336181641,-8.85075759887695,"Female"
"9004151",371994,2025-06-30 15:43:14,42.5384941101074,-8.85010051727295,"Female"
"9004151",371994,2025-06-30 15:48:02,42.5386543273926,-8.85052299499512,"Female"
"9004151",371994,2025-06-30 15:53:07,42.538646697998,-8.85045719146729,"Female"
"9004151",371994,2025-06-30 15:58:00,42.5379295349121,-8.85170936584473,"Female"
"9004151",371994,2025-06-30 16:04:29,42.537109375,-8.85157108306885,"Female"
"9004151",371994,2025-06-30 16:09:48,42.5378723144531,-8.85277462005615,"Female"
"9004151",371994,2025-06-30 16:15:18,42.5387496948242,-8.85358333587646,"Female"
"9004151",371994,2025-06-30 16:20:18,42.5377311706543,-8.85286903381348,"Female"
"9004151",371994,2025-06-30 16:26:06,42.5378761291504,-8.85448455810547,"Female"
"9004151",371994,2025-06-30 16:35:09,42.5356216430664,-8.8553295135498,"Female"
"9004151",371994,2025-06-30 16:40:04,42.5356407165527,-8.8541088104248,"Female"
"9004151",371994,2025-06-30 16:45:27,42.5345687866211,-8.85315322875977,"Female"
"9004151",371994,2025-06-30 16:52:44,42.5353851318359,-8.85091209411621,"Female"
"9004151",371994,2025-06-30 16:57:34,42.5365104675293,-8.85159301757812,"Female"
"9004151",371994,2025-06-30 17:02:57,42.5371704101562,-8.84952545166016,"Female"
"9004151",371994,2025-06-30 17:08:27,42.5364952087402,-8.84973239898682,"Female"
"9004151",371994,2025-06-30 17:14:10,42.5373420715332,-8.85140323638916,"Female"
"9004151",371994,2025-06-30 17:19:15,42.5369453430176,-8.85331916809082,"Female"
"9004151",371994,2025-06-30 17:24:08,42.5371894836426,-8.85506725311279,"Female"
"9004151",371994,2025-06-30 17:29:17,42.538745880127,-8.85455894470215,"Female"
"9004151",371994,2025-06-30 17:38:05,42.5387992858887,-8.85517692565918,"Female"
"9004151",371994,2025-06-30 17:42:44,42.5346870422363,-8.85600757598877,"Female"
"9004151",371994,2025-06-30 17:48:05,42.5248374938965,-8.85426998138428,"Female"
"9004151",371994,2025-06-30 17:52:44,42.5248336791992,-8.85426807403564,"Female"
"9004151",371994,2025-06-30 17:57:45,42.5249176025391,-8.8542652130127,"Female"
"9004151",371994,2025-06-30 18:02:51,42.5249099731445,-8.85425662994385,"Female"
"9004151",371994,2025-06-30 18:07:54,42.5248527526855,-8.8541841506958,"Female"
"9004151",371994,2025-06-30 18:16:17,42.524543762207,-8.85543441772461,"Female"
"9004151",371994,2025-06-30 18:21:17,42.5227661132812,-8.85646629333496,"Female"
"9004151",371994,2025-06-30 18:26:16,42.5070610046387,-8.88270854949951,"Female"
"9004151",371994,2025-06-30 18:31:18,42.4927291870117,-8.90155982971191,"Female"
"9004151",371994,2025-06-30 18:36:16,42.480785369873,-8.92917633056641,"Female"
"9004151",371994,2025-06-30 18:41:16,42.4766807556152,-8.9399881362915,"Female"
"9004151",371994,2025-06-30 18:46:18,42.4764137268066,-8.94022369384766,"Female"
"9004151",371994,2025-06-30 18:51:16,42.4736862182617,-8.94216060638428,"Female"
"9004151",371994,2025-06-30 18:56:16,42.4335403442383,-8.93723678588867,"Female"
"9004151",371994,2025-06-30 19:01:16,42.4214286804199,-8.93224906921387,"Female"
"9004151",371994,2025-06-30 19:06:20,42.4206619262695,-8.93240737915039,"Female"
"9004151",371994,2025-06-30 19:11:16,42.4144325256348,-8.92767238616943,"Female"
"9004151",371994,2025-06-30 19:16:16,42.4004364013672,-8.92107486724854,"Female"
"9004151",371994,2025-06-30 19:21:31,42.4004249572754,-8.92117404937744,"Female"
"9004151",371994,2025-06-30 19:26:44,42.4004249572754,-8.92110157012939,"Female"
"9004151",371994,2025-06-30 19:31:16,42.4004554748535,-8.92105293273926,"Female"
"9004151",371994,2025-06-30 19:38:17,42.4005508422852,-8.92070960998535,"Female"
"9004151",371994,2025-06-30 19:43:17,42.4003829956055,-8.92106914520264,"Female"
"9004151",371994,2025-06-30 19:48:17,42.4003791809082,-8.92105293273926,"Female"
"9004151",371994,2025-06-30 19:53:19,42.4004287719727,-8.92081165313721,"Female"
"9004151",371994,2025-06-30 19:58:20,42.4005165100098,-8.9210376739502,"Female"
"9004151",371994,2025-06-30 20:03:20,42.4007034301758,-8.9211311340332,"Female"
"9004151",371994,2025-06-30 20:08:44,42.4003829956055,-8.92096900939941,"Female"
"9004151",371994,2025-06-30 20:13:19,42.4003944396973,-8.92087078094482,"Female"
"9004151",371994,2025-06-30 20:18:17,42.400505065918,-8.92086601257324,"Female"
"9004151",371994,2025-06-30 20:23:20,42.4003639221191,-8.92086124420166,"Female"
"9004151",371994,2025-06-30 20:28:17,42.4003410339355,-8.92074680328369,"Female"
"9004151",371994,2025-06-30 20:33:17,42.4004173278809,-8.92087841033936,"Female"
"9004151",371994,2025-06-30 20:38:35,42.4003601074219,-8.92086124420166,"Female"
"9004151",371994,2025-06-30 20:43:22,42.4003143310547,-8.92078876495361,"Female"
"9004151",371994,2025-06-30 20:48:53,42.4004669189453,-8.92097473144531,"Female"
"9004151",371994,2025-06-30 20:53:18,42.4004096984863,-8.92059707641602,"Female"
"9004151",371994,2025-06-30 20:58:18,42.400520324707,-8.9209098815918,"Female"
"9004151",371994,2025-06-30 21:03:18,42.400447845459,-8.92117023468018,"Female"
"9004151",371994,2025-06-30 21:08:18,42.4004173278809,-8.92107105255127,"Female"
"9004151",371994,2025-06-30 21:13:18,42.4004936218262,-8.92117786407471,"Female"
"9004151",371994,2025-06-30 21:18:20,42.4004135131836,-8.9212646484375,"Female"
"9004151",371994,2025-06-30 21:23:20,42.4007339477539,-8.92194175720215,"Female"
"9004151",371994,2025-06-30 21:28:28,42.400562286377,-8.92085361480713,"Female"
"9004151",371994,2025-06-30 21:33:24,42.4005432128906,-8.92118072509766,"Female"
"9004151",371994,2025-06-30 21:38:19,42.4004058837891,-8.9213228225708,"Female"
"9004151",371994,2025-06-30 21:43:20,42.4003791809082,-8.92182731628418,"Female"
"9004151",371994,2025-06-30 21:48:20,42.4004669189453,-8.92130374908447,"Female"
"9004151",371994,2025-06-30 21:53:22,42.4004364013672,-8.92114162445068,"Female"
"9004151",371994,2025-06-30 21:58:42,42.4003753662109,-8.92097091674805,"Female"
"9004151",371994,2025-06-30 22:03:21,42.4005699157715,-8.92080879211426,"Female"
"9004151",371994,2025-06-30 22:08:21,42.4005088806152,-8.92097187042236,"Female"
"9004151",371994,2025-06-30 22:13:20,42.4005432128906,-8.92103576660156,"Female"
"9004151",371994,2025-06-30 22:18:17,42.4004783630371,-8.92085361480713,"Female"
"9004151",371994,2025-06-30 22:23:17,42.4003143310547,-8.92106819152832,"Female"
"9004151",371994,2025-06-30 22:28:17,42.4005966186523,-8.92099380493164,"Female"
"9004151",371994,2025-06-30 22:33:17,42.4004135131836,-8.92098808288574,"Female"
"9004151",371994,2025-06-30 22:38:17,42.4004364013672,-8.92081451416016,"Female"
"9004151",371994,2025-06-30 22:43:17,42.4004898071289,-8.92091941833496,"Female"
"9004151",371994,2025-06-30 22:48:44,42.4004516601562,-8.92099475860596,"Female"
"9004151",371994,2025-06-30 22:53:17,42.4004364013672,-8.92096614837646,"Female"
"9004151",371994,2025-06-30 22:58:17,42.4004554748535,-8.92092704772949,"Female"
"9004151",371994,2025-06-30 23:03:17,42.4004936218262,-8.9209623336792,"Female"
"9004151",371994,2025-06-30 23:08:18,42.4004898071289,-8.92104911804199,"Female"
"9004151",371994,2025-06-30 23:13:19,42.400562286377,-8.92093086242676,"Female"
"9004151",371994,2025-06-30 23:18:17,42.4006614685059,-8.92098712921143,"Female"
"9004151",371994,2025-06-30 23:23:17,42.4003791809082,-8.9209508895874,"Female"
"9004151",371994,2025-06-30 23:28:19,42.4004020690918,-8.92095756530762,"Female"
"9004151",371994,2025-06-30 23:33:33,42.4003372192383,-8.92108154296875,"Female"
"9004151",371994,2025-06-30 23:38:32,42.4000968933105,-8.92122268676758,"Female"
"9004151",371994,2025-06-30 23:43:32,42.4001541137695,-8.92118072509766,"Female"
"9004151",371994,2025-06-30 23:48:45,42.4006004333496,-8.92097091674805,"Female"
"9004151",371994,2025-06-30 23:53:17,42.4004707336426,-8.9209623336792,"Female"
"9004151",371994,2025-06-30 23:58:17,42.4001312255859,-8.92099571228027,"Female"
"9004151",371994,2025-07-01 00:03:18,42.4003372192383,-8.92099380493164,"Female"
"9004151",371994,2025-07-01 00:08:22,42.4008140563965,-8.92085361480713,"Female"
"9004151",371994,2025-07-01 00:13:21,42.4015312194824,-8.92098617553711,"Female"
"9004151",371994,2025-07-01 00:18:33,42.400089263916,-8.92284393310547,"Female"
"9004151",371994,2025-07-01 00:23:30,42.4004402160645,-8.92156028747559,"Female"
"9004151",371994,2025-07-01 00:28:30,42.4003372192383,-8.92185878753662,"Female"
"9004151",371994,2025-07-01 00:33:30,42.4004058837891,-8.92152786254883,"Female"
"9004151",371994,2025-07-01 00:38:30,42.4005928039551,-8.92123126983643,"Female"
"9004151",371994,2025-07-01 00:43:53,42.4004936218262,-8.92093181610107,"Female"
"9004151",371994,2025-07-01 00:48:18,42.4004783630371,-8.920973777771,"Female"
"9004151",371994,2025-07-01 00:53:18,42.4004325866699,-8.9210262298584,"Female"
"9004151",371994,2025-07-01 00:58:18,42.4004669189453,-8.92104148864746,"Female"
"9004151",371994,2025-07-01 01:03:18,42.4002532958984,-8.92116737365723,"Female"
"9004151",371994,2025-07-01 01:08:17,42.4003448486328,-8.92108631134033,"Female"
"9004151",371994,2025-07-01 01:13:17,42.4004707336426,-8.9208459854126,"Female"
"9004151",371994,2025-07-01 01:18:17,42.4004173278809,-8.92095947265625,"Female"
"9004151",371994,2025-07-01 01:23:17,42.4004554748535,-8.92104434967041,"Female"
"9004151",371994,2025-07-01 01:28:17,42.4004249572754,-8.92099285125732,"Female"
"9004151",371994,2025-07-01 01:33:20,42.4004096984863,-8.92110729217529,"Female"
"9004151",371994,2025-07-01 01:38:25,42.400463104248,-8.92106914520264,"Female"
"9004151",371994,2025-07-01 01:43:18,42.4004936218262,-8.92104816436768,"Female"
"9004151",371994,2025-07-01 01:48:17,42.4004287719727,-8.92111968994141,"Female"
"9004151",371994,2025-07-01 01:53:17,42.4004211425781,-8.92096614837646,"Female"
"9004151",371994,2025-07-01 01:58:22,42.4004211425781,-8.92093086242676,"Female"
"9004151",371994,2025-07-01 02:03:17,42.4004173278809,-8.92099475860596,"Female"
"9004151",371994,2025-07-01 02:08:17,42.4003868103027,-8.92097854614258,"Female"
"9004151",371994,2025-07-01 02:13:17,42.4003410339355,-8.92094039916992,"Female"
"9004151",371994,2025-07-01 02:18:17,42.4004936218262,-8.92097282409668,"Female"
"9004151",371994,2025-07-01 02:23:44,42.4004402160645,-8.92102146148682,"Female"
"9004151",371994,2025-07-01 02:28:17,42.4003677368164,-8.92093563079834,"Female"
"9004151",371994,2025-07-01 02:33:17,42.4004173278809,-8.92101860046387,"Female"
"9004151",371994,2025-07-01 02:38:17,42.400218963623,-8.92080307006836,"Female"
"9004151",371994,2025-07-01 02:43:18,42.4005355834961,-8.92096424102783,"Female"
"9004151",371994,2025-07-01 02:48:44,42.4004364013672,-8.92106819152832,"Female"
"9004151",371994,2025-07-01 02:53:19,42.4005699157715,-8.9208869934082,"Female"
"9004151",371994,2025-07-01 02:58:17,42.4004020690918,-8.92117404937744,"Female"
"9004151",371994,2025-07-01 03:03:21,42.4003562927246,-8.92142486572266,"Female"
"9004151",371994,2025-07-01 03:08:18,42.4002532958984,-8.92117977142334,"Female"
"9004151",371994,2025-07-01 03:13:17,42.4004783630371,-8.92116928100586,"Female"
"9004151",371994,2025-07-01 03:18:20,42.4003448486328,-8.92109203338623,"Female"
"9004151",371994,2025-07-01 03:23:18,42.4004135131836,-8.92112255096436,"Female"
"9004151",371994,2025-07-01 03:28:21,42.4006538391113,-8.92129802703857,"Female"
"9004151",371994,2025-07-01 03:33:30,42.4007453918457,-8.92102241516113,"Female"
"9004151",371994,2025-07-01 03:38:24,42.4002342224121,-8.92098903656006,"Female"
"9004151",371994,2025-07-01 03:43:25,42.400520324707,-8.92104816436768,"Female"
"9004151",371994,2025-07-01 03:48:45,42.4003944396973,-8.9210147857666,"Female"
"9004151",371994,2025-07-01 03:53:30,42.400447845459,-8.92107486724854,"Female"
"9004151",371994,2025-07-01 03:58:44,42.4005241394043,-8.92122077941895,"Female"
"9004151",371994,2025-07-01 04:03:17,42.400447845459,-8.92113399505615,"Female"
"9004151",371994,2025-07-01 04:08:39,42.4005889892578,-8.92116928100586,"Female"
"9004151",371994,2025-07-01 04:13:30,42.4006805419922,-8.92111873626709,"Female"
"9004151",371994,2025-07-01 04:18:40,42.4006156921387,-8.92144966125488,"Female"
"9004151",371994,2025-07-01 04:23:34,42.4006576538086,-8.92152786254883,"Female"
"9004151",371994,2025-07-01 04:28:31,42.4005393981934,-8.92165851593018,"Female"
"9004151",371994,2025-07-01 04:34:42,42.4002723693848,-8.92193412780762,"Female"
"9004151",371994,2025-07-01 04:38:53,42.4002151489258,-8.92185497283936,"Female"
"9004151",371994,2025-07-01 04:43:35,42.4001655578613,-8.92193412780762,"Female"
"9004151",371994,2025-07-01 04:48:44,42.4001808166504,-8.92185211181641,"Female"
"9004151",371994,2025-07-01 04:53:22,42.4004516601562,-8.9215726852417,"Female"
"9004151",371994,2025-07-01 04:58:20,42.4003295898438,-8.92173099517822,"Female"
"9004151",371994,2025-07-01 05:03:18,42.4002113342285,-8.92176151275635,"Female"
"9004151",371994,2025-07-01 05:08:18,42.4002494812012,-8.92174339294434,"Female"
"9004151",371994,2025-07-01 05:13:21,42.400447845459,-8.92140483856201,"Female"
"9004151",371994,2025-07-01 05:18:17,42.4002075195312,-8.92157077789307,"Female"
"9004151",371994,2025-07-01 05:23:19,42.4002876281738,-8.92098522186279,"Female"
"9004151",371994,2025-07-01 05:28:20,42.400203704834,-8.92097473144531,"Female"
"9004151",371994,2025-07-01 05:33:18,42.4003601074219,-8.92093276977539,"Female"
"9004151",371994,2025-07-01 05:38:52,42.4004592895508,-8.92099666595459,"Female"
"9004151",371994,2025-07-01 05:43:18,42.4007148742676,-8.92120361328125,"Female"
"9004151",371994,2025-07-01 05:48:18,42.4007186889648,-8.92117023468018,"Female"
"9004151",371994,2025-07-01 05:53:31,42.4005317687988,-8.92088317871094,"Female"
"9004151",371994,2025-07-01 05:58:18,42.4006767272949,-8.92096710205078,"Female"
"9004151",371994,2025-07-01 06:03:30,42.4007186889648,-8.9206714630127,"Female"
"9004151",371994,2025-07-01 06:08:20,42.4010238647461,-8.9207649230957,"Female"
"9004151",371994,2025-07-01 06:13:44,42.400562286377,-8.92089748382568,"Female"
"9004151",371994,2025-07-01 06:18:19,42.4006538391113,-8.92084693908691,"Female"
"9004151",371994,2025-07-01 06:23:53,42.4005432128906,-8.92084407806396,"Female"
"9004151",371994,2025-07-01 06:28:24,42.400634765625,-8.92089176177979,"Female"
"9004151",371994,2025-07-01 06:33:45,42.3978118896484,-8.92025089263916,"Female"
"9004151",371994,2025-07-01 06:38:21,42.3982696533203,-8.92049789428711,"Female"
"9004151",371994,2025-07-01 06:43:54,42.3986701965332,-8.90482902526855,"Female"
"9004151",371994,2025-07-01 06:49:19,42.4023513793945,-8.90127849578857,"Female"
"9004151",371994,2025-07-01 06:54:23,42.4024620056152,-8.9015417098999,"Female"
"9004151",371994,2025-07-01 06:59:48,42.4023895263672,-8.90014553070068,"Female"
"9004151",371994,2025-07-01 07:04:52,42.4033470153809,-8.90057849884033,"Female"
"9004151",371994,2025-07-01 07:11:04,42.4035987854004,-8.90189266204834,"Female"
"9004151",371994,2025-07-01 07:15:52,42.404956817627,-8.902174949646,"Female"
"9004151",371994,2025-07-01 07:21:18,42.4044418334961,-8.90247535705566,"Female"
"9004151",371994,2025-07-01 07:26:18,42.4037475585938,-8.90369129180908,"Female"
"9004151",371994,2025-07-01 07:31:35,42.400276184082,-8.92102241516113,"Female"
"9004151",371994,2025-07-01 07:36:07,42.400218963623,-8.92108058929443,"Female"
"9004151",371994,2025-07-01 07:41:07,42.4002685546875,-8.92103862762451,"Female"
"9004151",371994,2025-07-01 07:46:07,42.4004364013672,-8.92090797424316,"Female"
"9004151",371994,2025-07-01 07:51:07,42.4004211425781,-8.92092704772949,"Female"
"9004151",371994,2025-07-01 07:56:07,42.3995933532715,-8.92111301422119,"Female"
"9004151",371994,2025-07-01 08:01:07,42.4002838134766,-8.9210786819458,"Female"
"9004151",371994,2025-07-01 08:06:07,42.4002685546875,-8.92104530334473,"Female"
"9004151",371994,2025-07-01 08:11:07,42.3999977111816,-8.92098712921143,"Female"
"9004151",371994,2025-07-01 08:16:07,42.400203704834,-8.92098331451416,"Female"
"9004151",371994,2025-07-01 08:21:08,42.4002990722656,-8.92097091674805,"Female"
"9004151",371994,2025-07-01 08:26:09,42.4002799987793,-8.92117881774902,"Female"
"9004151",371994,2025-07-01 08:31:12,42.4001235961914,-8.92110443115234,"Female"
"9004151",371994,2025-07-01 08:36:15,42.4000587463379,-8.92114543914795,"Female"
"9004151",371994,2025-07-01 08:41:36,42.3999710083008,-8.92133331298828,"Female"
"9004151",371994,2025-07-01 08:46:36,42.4003257751465,-8.92105293273926,"Female"
"9004151",371994,2025-07-01 08:51:07,42.400318145752,-8.92113971710205,"Female"
"9004151",371994,2025-07-01 08:56:07,42.400218963623,-8.92094898223877,"Female"
"9004151",371994,2025-07-01 09:01:12,42.4130554199219,-8.91343212127686,"Female"
"9004151",371994,2025-07-01 09:06:22,42.4131927490234,-8.913405418396,"Female"
"9004151",371994,2025-07-01 09:11:20,42.4133567810059,-8.91323852539062,"Female"
"9004151",371994,2025-07-01 09:16:10,42.4150695800781,-8.91046047210693,"Female"
"9004151",371994,2025-07-01 09:21:10,42.4178314208984,-8.90834617614746,"Female"
"9004151",371994,2025-07-01 09:26:08,42.4241065979004,-8.90453052520752,"Female"
"9004151",371994,2025-07-01 09:31:09,42.425350189209,-8.90289878845215,"Female"
"9004151",371994,2025-07-01 09:37:13,42.4326171875,-8.89951515197754,"Female"
"9004151",371994,2025-07-01 09:42:19,42.4343490600586,-8.90067100524902,"Female"
"9004151",371994,2025-07-01 09:47:23,42.4379348754883,-8.90505123138428,"Female"
"9004151",371994,2025-07-01 09:52:31,42.4424629211426,-8.90188026428223,"Female"
"9004151",371994,2025-07-01 09:57:23,42.4455413818359,-8.91314506530762,"Female"
"9004151",371994,2025-07-01 10:02:30,42.4566879272461,-8.93828678131104,"Female"
"9004151",371994,2025-07-01 10:07:29,42.4566879272461,-8.93776416778564,"Female"
"9004151",371994,2025-07-01 10:12:34,42.4622344970703,-8.94301128387451,"Female"
"9004151",371994,2025-07-01 10:17:28,42.4660415649414,-8.94260501861572,"Female"
"9004151",371994,2025-07-01 10:22:34,42.4843788146973,-8.93649768829346,"Female"
"9004151",371994,2025-07-01 10:27:28,42.4852333068848,-8.93441009521484,"Female"
"9004151",371994,2025-07-01 10:32:36,42.4917640686035,-8.91932201385498,"Female"
"9004151",371994,2025-07-01 10:37:33,42.4988479614258,-8.90529918670654,"Female"
"9004151",371994,2025-07-01 10:42:44,42.4987564086914,-8.90534400939941,"Female"
"9004151",371994,2025-07-01 10:47:28,42.5131416320801,-8.87966823577881,"Female"
"9004151",371994,2025-07-01 10:52:31,42.5262107849121,-8.85825443267822,"Female"
"9004151",371994,2025-07-01 10:59:44,42.5313148498535,-8.85350608825684,"Female"
"9004151",371994,2025-07-01 11:05:54,42.5315704345703,-8.8507719039917,"Female"
"9004151",371994,2025-07-01 11:25:15,42.5339660644531,-8.84826946258545,"Female"
"9004151",371994,2025-07-01 11:29:35,42.5342140197754,-8.8493709564209,"Female"
"9004151",371994,2025-07-01 11:39:52,42.536018371582,-8.85084629058838,"Female"
"9004151",371994,2025-07-01 11:59:54,42.535888671875,-8.85221481323242,"Female"
"9004151",371994,2025-07-01 12:05:23,42.5347099304199,-8.85131740570068,"Female"
"9004151",371994,2025-07-01 12:10:40,42.5351715087891,-8.85002422332764,"Female"
"9004151",371994,2025-07-01 12:15:45,42.5359039306641,-8.84928894042969,"Female"
"9004151",371994,2025-07-01 12:21:18,42.5367774963379,-8.84957981109619,"Female"
"9004151",371994,2025-07-01 12:26:16,42.5365982055664,-8.85037994384766,"Female"
"9004151",371994,2025-07-01 12:31:22,42.5351448059082,-8.85018444061279,"Female"
"9004151",371994,2025-07-01 12:36:28,42.5348091125488,-8.8511438369751,"Female"
"9004151",371994,2025-07-01 12:41:39,42.5337867736816,-8.85133647918701,"Female"
"9004151",371994,2025-07-01 13:05:53,42.5283355712891,-8.85056781768799,"Female"
"9004151",371994,2025-07-01 13:09:35,42.5277519226074,-8.85062026977539,"Female"
"9004151",371994,2025-07-01 13:14:37,42.5260925292969,-8.84648418426514,"Female"
"9004151",371994,2025-07-01 13:19:38,42.5261192321777,-8.84634685516357,"Female"
"9004151",371994,2025-07-01 13:24:31,42.5260543823242,-8.84636783599854,"Female"
"9004151",371994,2025-07-01 13:30:05,42.5260429382324,-8.84620380401611,"Female"
"9004151",371994,2025-07-01 13:34:30,42.5261383056641,-8.84727764129639,"Female"
"9004151",371994,2025-07-01 13:39:30,42.5261383056641,-8.84733486175537,"Female"
"9004151",371994,2025-07-01 13:44:30,42.5261917114258,-8.84726047515869,"Female"
"9004151",371994,2025-07-01 13:49:30,42.5262222290039,-8.84727001190186,"Female"
"9004151",371994,2025-07-01 13:54:30,42.5261917114258,-8.84726810455322,"Female"
"9004151",371994,2025-07-01 13:59:30,42.5261688232422,-8.84729099273682,"Female"
"9004151",371994,2025-07-01 14:04:31,42.5261497497559,-8.8472957611084,"Female"
"9004151",371994,2025-07-01 14:09:31,42.5261764526367,-8.84724903106689,"Female"
"9004151",371994,2025-07-01 14:14:31,42.5262222290039,-8.84733104705811,"Female"
"9004151",371994,2025-07-01 14:19:30,42.5261192321777,-8.84739017486572,"Female"
"9004151",371994,2025-07-01 14:24:31,42.5262069702148,-8.84734916687012,"Female"
"9004151",371994,2025-07-01 14:29:31,42.526252746582,-8.84735012054443,"Female"
"9004151",371994,2025-07-01 14:34:31,42.5262107849121,-8.84736251831055,"Female"
"9004151",371994,2025-07-01 14:39:31,42.5261611938477,-8.84726715087891,"Female"
"9004151",371994,2025-07-01 14:44:39,42.5256576538086,-8.84726428985596,"Female"
"9004151",371994,2025-07-01 14:49:31,42.5262718200684,-8.84732246398926,"Female"
"9004151",371994,2025-07-01 14:54:32,42.5261421203613,-8.84743595123291,"Female"
"9004151",371994,2025-07-01 14:59:30,42.5260887145996,-8.84739398956299,"Female"
"9004151",371994,2025-07-01 15:04:30,42.5260009765625,-8.84736061096191,"Female"
"9004151",371994,2025-07-01 15:09:31,42.5259323120117,-8.8472900390625,"Female"
"9004151",371994,2025-07-01 15:14:44,42.5258865356445,-8.84729480743408,"Female"
"9004151",371994,2025-07-01 15:19:30,42.5261039733887,-8.84749031066895,"Female"
"9004151",371994,2025-07-01 15:24:33,42.5260925292969,-8.84747886657715,"Female"
"9004151",371994,2025-07-01 15:29:39,42.5263671875,-8.8477201461792,"Female"
"9004151",371994,2025-07-01 15:34:30,42.5264587402344,-8.8477783203125,"Female"
"9004151",371994,2025-07-01 15:39:43,42.5261306762695,-8.84744548797607,"Female"
"9004151",371994,2025-07-01 15:44:31,42.5257568359375,-8.84693908691406,"Female"
"9004151",371994,2025-07-01 15:49:34,42.5261039733887,-8.84745025634766,"Female"
"9004151",371994,2025-07-01 15:54:39,42.525993347168,-8.84727668762207,"Female"
"9004151",371994,2025-07-01 15:59:31,42.5260314941406,-8.84731292724609,"Female"
"9004151",371994,2025-07-01 16:04:33,42.5260543823242,-8.8473424911499,"Female"
"9004151",371994,2025-07-01 16:09:34,42.5260429382324,-8.84736442565918,"Female"
"9004151",371994,2025-07-01 16:14:42,42.5260467529297,-8.84738254547119,"Female"
"9004151",371994,2025-07-01 16:19:36,42.5259819030762,-8.84720325469971,"Female"
"9004151",371994,2025-07-01 16:24:40,42.5260276794434,-8.84727478027344,"Female"
"9004151",371994,2025-07-01 16:29:44,42.5260734558105,-8.84738159179688,"Female"
"9004151",371994,2025-07-01 16:34:39,42.5261001586914,-8.84739589691162,"Female"
"9004151",371994,2025-07-01 16:39:39,42.526065826416,-8.84720802307129,"Female"
"9004151",371994,2025-07-01 16:44:39,42.5261001586914,-8.84726142883301,"Female"
"9004151",371994,2025-07-01 16:50:05,42.5260429382324,-8.84734725952148,"Female"
"9004151",371994,2025-07-01 16:54:30,42.526065826416,-8.84740257263184,"Female"
"9004151",371994,2025-07-01 16:59:30,42.5260429382324,-8.84729957580566,"Female"
"9004151",371994,2025-07-01 17:04:30,42.5260391235352,-8.8474645614624,"Female"
"9004151",371994,2025-07-01 17:09:30,42.5260696411133,-8.84737300872803,"Female"
"9004151",371994,2025-07-01 17:14:30,42.5260925292969,-8.84741020202637,"Female"
"9004151",371994,2025-07-01 17:19:30,42.526050567627,-8.84740829467773,"Female"
"9004151",371994,2025-07-01 17:24:30,42.5260429382324,-8.84740257263184,"Female"
"9004151",371994,2025-07-01 17:29:30,42.5260734558105,-8.8474702835083,"Female"
"9004151",371994,2025-07-01 17:34:30,42.526065826416,-8.84741115570068,"Female"
"9004151",371994,2025-07-01 17:39:30,42.526065826416,-8.84741020202637,"Female"
"9004151",371994,2025-07-01 17:44:30,42.5260772705078,-8.84744358062744,"Female"
"9004151",371994,2025-07-01 17:49:30,42.5260734558105,-8.84741115570068,"Female"
"9004151",371994,2025-07-01 17:54:30,42.5260887145996,-8.84742164611816,"Female"
"9004151",371994,2025-07-01 17:59:30,42.526123046875,-8.84741687774658,"Female"
"9004151",371994,2025-07-01 18:04:31,42.5260963439941,-8.84744834899902,"Female"
"9004151",371994,2025-07-01 18:09:31,42.5261268615723,-8.84751319885254,"Female"
"9004151",371994,2025-07-01 18:14:31,42.5261573791504,-8.84750270843506,"Female"
"9004151",371994,2025-07-01 18:19:31,42.5261535644531,-8.84754371643066,"Female"
"9004151",371994,2025-07-01 18:24:31,42.5318946838379,-8.85145282745361,"Female"
"9004151",371994,2025-07-01 18:29:32,42.5331840515137,-8.85096454620361,"Female"
"9004151",371994,2025-07-01 18:35:03,42.5349769592285,-8.85052680969238,"Female"
"9004151",371994,2025-07-01 18:40:23,42.5351829528809,-8.84849262237549,"Female"
"9004151",371994,2025-07-01 18:45:52,42.5360336303711,-8.8492317199707,"Female"
"9004151",371994,2025-07-01 18:51:30,42.5365562438965,-8.85104084014893,"Female"
"9004151",371994,2025-07-01 18:56:39,42.535514831543,-8.85139846801758,"Female"
"9004151",371994,2025-07-01 19:02:04,42.5344123840332,-8.84951019287109,"Female"
"9004151",371994,2025-07-01 19:07:08,42.5339431762695,-8.85127449035645,"Female"
"9004151",371994,2025-07-01 19:12:08,42.5324325561523,-8.85172462463379,"Female"
"9004151",371994,2025-07-01 19:17:09,42.5311164855957,-8.85276508331299,"Female"
"9004151",371994,2025-07-01 19:22:09,42.5298080444336,-8.85372638702393,"Female"
"9004151",371994,2025-07-01 19:27:09,42.4983215332031,-8.8926420211792,"Female"
"9004151",371994,2025-07-01 19:32:09,42.4950180053711,-8.9000415802002,"Female"
"9004151",371994,2025-07-01 19:37:09,42.4803619384766,-8.9304027557373,"Female"
"9004151",371994,2025-07-01 19:42:10,42.4342880249023,-8.93614101409912,"Female"
"9004151",371994,2025-07-01 19:47:10,42.4333572387695,-8.93679332733154,"Female"
"9004151",371994,2025-07-01 19:52:33,42.4281616210938,-8.9343957901001,"Female"
"9004151",371994,2025-07-01 19:57:11,42.4008560180664,-8.92118072509766,"Female"
"9004151",371994,2025-07-01 20:02:35,42.4004592895508,-8.9210262298584,"Female"
"9004151",371994,2025-07-01 20:07:09,42.4004364013672,-8.92096042633057,"Female"
"9004151",371994,2025-07-01 22:32:35,42.4003715515137,-8.92119407653809,"Female"
"9004151",371994,2025-07-01 22:37:15,42.399471282959,-8.92111015319824,"Female"
"9004151",371994,2025-07-01 22:42:24,42.4004249572754,-8.92102241516113,"Female"
"9004151",371994,2025-07-01 22:47:15,42.4013748168945,-8.92093753814697,"Female"
"9004151",371994,2025-07-01 22:52:24,42.4003601074219,-8.92099666595459,"Female"
"9004151",371994,2025-07-01 22:57:15,42.4008102416992,-8.92093276977539,"Female"
"9004151",371994,2025-07-01 23:02:18,42.4007034301758,-8.92106819152832,"Female"
"9004151",371994,2025-07-01 23:07:23,42.4004325866699,-8.92090034484863,"Female"
"9004151",371994,2025-07-01 23:12:16,42.401439666748,-8.92078495025635,"Female"
"9004151",371994,2025-07-01 23:17:25,42.4003524780273,-8.92113304138184,"Female"
"9004151",371994,2025-07-01 23:22:14,42.4002685546875,-8.92119789123535,"Female"
"9004151",371994,2025-07-01 23:27:25,42.4003791809082,-8.92109775543213,"Female"
"9004151",371994,2025-07-01 23:32:20,42.4000511169434,-8.92127132415771,"Female"
"9004151",371994,2025-07-01 23:37:19,42.4003257751465,-8.92108917236328,"Female"
"9004151",371994,2025-07-01 23:42:19,42.4003105163574,-8.92118072509766,"Female"
"9004151",371994,2025-07-01 23:47:18,42.4000930786133,-8.92132568359375,"Female"
"9004151",371994,2025-07-01 23:52:26,42.4007453918457,-8.92075538635254,"Female"
"9004151",371994,2025-07-01 23:57:25,42.4004859924316,-8.92099285125732,"Female"
"9004151",371994,2025-07-02 00:02:28,42.3998107910156,-8.92146968841553,"Female"
"9004151",371994,2025-07-02 00:07:35,42.4004058837891,-8.92106151580811,"Female"
"9004151",371994,2025-07-02 00:12:18,42.4008483886719,-8.92078685760498,"Female"
"9004151",371994,2025-07-02 00:17:22,42.4013175964355,-8.92062187194824,"Female"
"9004151",371994,2025-07-02 00:22:15,42.4009475708008,-8.92077922821045,"Female"
"9004151",371994,2025-07-02 00:27:27,42.4009590148926,-8.92082118988037,"Female"
"9004151",371994,2025-07-02 00:32:25,42.4010124206543,-8.92077350616455,"Female"
"9004151",371994,2025-07-02 00:37:31,42.4008255004883,-8.92095756530762,"Female"
"9004151",371994,2025-07-02 00:42:25,42.4006958007812,-8.92101192474365,"Female"
"9004151",371994,2025-07-02 00:47:18,42.4008941650391,-8.9205207824707,"Female"
"9004151",371994,2025-07-02 00:52:18,42.4009323120117,-8.92035484313965,"Female"
"9004151",371994,2025-07-02 00:57:18,42.4008750915527,-8.92051601409912,"Female"
"9004151",371994,2025-07-02 01:02:22,42.4002723693848,-8.9219217300415,"Female"
"9004151",371994,2025-07-02 01:07:16,42.4008369445801,-8.92049598693848,"Female"
"9004151",371994,2025-07-02 01:12:18,42.4009780883789,-8.92007541656494,"Female"
"9004151",371994,2025-07-02 01:17:19,42.4008445739746,-8.92044448852539,"Female"
"9004151",371994,2025-07-02 01:22:44,42.4004020690918,-8.92109870910645,"Female"
"9004151",371994,2025-07-02 01:27:17,42.4004821777344,-8.92082786560059,"Female"
"9004151",371994,2025-07-02 01:32:14,42.4004936218262,-8.92067527770996,"Female"
"9004151",371994,2025-07-02 01:37:17,42.4004936218262,-8.92073154449463,"Female"
"9004151",371994,2025-07-02 01:42:14,42.400463104248,-8.92086982727051,"Female"
"9004151",371994,2025-07-02 01:47:41,42.400447845459,-8.92081737518311,"Female"
"9004151",371994,2025-07-02 01:52:14,42.400577545166,-8.92034435272217,"Female"
"9004151",371994,2025-07-02 01:57:16,42.4005241394043,-8.92080593109131,"Female"
"9004151",371994,2025-07-02 02:02:14,42.4007453918457,-8.92045402526855,"Female"
"9004151",371994,2025-07-02 02:07:19,42.4012870788574,-8.91941738128662,"Female"
"9004151",371994,2025-07-02 02:12:15,42.3999214172363,-8.92158794403076,"Female"
"9004151",371994,2025-07-02 02:17:16,42.4013748168945,-8.91958618164062,"Female"
"9004151",371994,2025-07-02 02:22:24,42.4005699157715,-8.92066287994385,"Female"
"9004151",371994,2025-07-02 02:27:14,42.400749206543,-8.92049121856689,"Female"
"9004151",371994,2025-07-02 02:32:20,42.4003448486328,-8.92194366455078,"Female"
"9004151",371994,2025-07-02 02:37:35,42.4003219604492,-8.92185688018799,"Female"
"9004151",371994,2025-07-02 02:42:13,42.399787902832,-8.92177200317383,"Female"
"9004151",371994,2025-07-02 02:47:13,42.399772644043,-8.92166423797607,"Female"
"9004151",371994,2025-07-02 02:52:16,42.3997611999512,-8.92167663574219,"Female"
"9004151",371994,2025-07-02 02:57:16,42.3998565673828,-8.92166233062744,"Female"
"9004151",371994,2025-07-02 03:02:13,42.399845123291,-8.92151355743408,"Female"
"9004151",371994,2025-07-02 03:07:13,42.3998680114746,-8.92160797119141,"Female"
"9004151",371994,2025-07-02 03:12:13,42.3998603820801,-8.92144393920898,"Female"
"9004151",371994,2025-07-02 03:17:14,42.3998527526855,-8.92180252075195,"Female"
"9004151",371994,2025-07-02 03:22:14,42.4005317687988,-8.92098426818848,"Female"
"9004151",371994,2025-07-02 03:27:15,42.4002532958984,-8.92117691040039,"Female"
"9004151",371994,2025-07-02 03:32:17,42.4004058837891,-8.92099571228027,"Female"
"9004151",371994,2025-07-02 03:37:16,42.4002723693848,-8.9212532043457,"Female"
"9004151",371994,2025-07-02 03:42:18,42.4000854492188,-8.92144680023193,"Female"
"9004151",371994,2025-07-02 03:47:23,42.4002799987793,-8.92118453979492,"Female"
"9004151",371994,2025-07-02 03:52:33,42.4004440307617,-8.92101669311523,"Female"
"9004151",371994,2025-07-02 03:57:27,42.400260925293,-8.92122459411621,"Female"
"9004151",371994,2025-07-02 04:02:17,42.4001693725586,-8.92136669158936,"Female"
"9004151",371994,2025-07-02 04:07:14,42.4001579284668,-8.92129611968994,"Female"
"9004151",371994,2025-07-02 04:12:14,42.4002227783203,-8.92131996154785,"Female"
"9004151",371994,2025-07-02 04:17:14,42.4001693725586,-8.92128086090088,"Female"
"9004151",371994,2025-07-02 04:22:14,42.4001731872559,-8.92114734649658,"Female"
"9004151",371994,2025-07-02 04:27:18,42.4002227783203,-8.92124366760254,"Female"
"9004151",371994,2025-07-02 04:32:14,42.400260925293,-8.92104816436768,"Female"
"9004151",371994,2025-07-02 04:37:14,42.4001693725586,-8.92129039764404,"Female"
"9004151",371994,2025-07-02 04:42:14,42.4002113342285,-8.92124557495117,"Female"
"9004151",371994,2025-07-02 04:47:14,42.4002494812012,-8.92115783691406,"Female"
"9004151",371994,2025-07-02 04:52:14,42.4000434875488,-8.92127895355225,"Female"
"9004151",371994,2025-07-02 04:57:14,42.4004898071289,-8.92088222503662,"Female"
"9004151",371994,2025-07-02 05:02:16,42.400276184082,-8.92093181610107,"Female"
"9004151",371994,2025-07-02 05:07:15,42.4002075195312,-8.92123603820801,"Female"
"9004151",371994,2025-07-02 05:12:16,42.4001502990723,-8.92115211486816,"Female"
"9004151",371994,2025-07-02 05:17:22,42.4004402160645,-8.92120265960693,"Female"
"9004151",371994,2025-07-02 05:22:23,42.4003868103027,-8.92124938964844,"Female"
"9004151",371994,2025-07-02 05:27:29,42.4003791809082,-8.92121410369873,"Female"
"9004151",371994,2025-07-02 05:32:19,42.4005737304688,-8.92142868041992,"Female"
"9004151",371994,2025-07-02 05:37:19,42.4003791809082,-8.9211950302124,"Female"
"9004151",371994,2025-07-02 05:42:20,42.3995742797852,-8.92209911346436,"Female"
"9004151",371994,2025-07-02 05:47:33,42.4001045227051,-8.92129707336426,"Female"
"9004151",371994,2025-07-02 05:52:26,42.4004516601562,-8.92114925384521,"Female"
"9004151",371994,2025-07-02 05:57:35,42.400505065918,-8.92105007171631,"Female"
"9004151",371994,2025-07-02 06:02:15,42.4005584716797,-8.92134094238281,"Female"
"9004151",371994,2025-07-02 06:07:19,42.4004821777344,-8.92120933532715,"Female"
"9004151",371994,2025-07-02 06:12:17,42.3999938964844,-8.9214973449707,"Female"
"9004151",371994,2025-07-02 06:17:22,42.3999824523926,-8.92154026031494,"Female"
"9004151",371994,2025-07-02 06:22:20,42.3999786376953,-8.9213809967041,"Female"
"9004151",371994,2025-07-02 06:27:23,42.4002113342285,-8.9213924407959,"Female"
"9004151",371994,2025-07-02 06:32:15,42.3998908996582,-8.92112159729004,"Female"
"9004151",371994,2025-07-02 06:37:20,42.399543762207,-8.92182445526123,"Female"
"9004151",371994,2025-07-02 06:42:25,42.3996620178223,-8.92201328277588,"Female"
"9004151",371994,2025-07-02 06:47:24,42.3997802734375,-8.92175388336182,"Female"
"9004151",371994,2025-07-02 06:52:15,42.3999862670898,-8.92093753814697,"Female"
"9004151",371994,2025-07-02 06:57:17,42.3997688293457,-8.9218635559082,"Female"
"9004151",371994,2025-07-02 07:02:25,42.4001350402832,-8.92105770111084,"Female"
"9004151",371994,2025-07-02 07:07:18,42.4002571105957,-8.92034721374512,"Female"
"9004151",371994,2025-07-02 07:12:15,42.4000587463379,-8.92138957977295,"Female"
"9004151",371994,2025-07-02 07:17:19,42.4000968933105,-8.92141151428223,"Female"
"9004151",371994,2025-07-02 07:22:15,42.4000778198242,-8.92155361175537,"Female"
"9004151",371994,2025-07-02 07:27:14,42.4001197814941,-8.92135429382324,"Female"
"9004151",371994,2025-07-02 07:32:16,42.4009208679199,-8.92290592193604,"Female"
"9004151",371994,2025-07-02 07:37:14,42.4100532531738,-8.93044662475586,"Female"
"9004151",371994,2025-07-02 07:42:14,42.4113388061523,-8.93697261810303,"Female"
"9004151",371994,2025-07-02 07:47:14,42.4314270019531,-8.94096088409424,"Female"
"9004151",371994,2025-07-02 07:52:14,42.4554710388184,-8.94062900543213,"Female"
"9004151",371994,2025-07-02 07:57:14,42.4646492004395,-8.94436550140381,"Female"
"9004151",371994,2025-07-02 08:02:14,42.4700698852539,-8.94344139099121,"Female"
"9004151",371994,2025-07-02 08:07:14,42.4807891845703,-8.93612098693848,"Female"
"9004151",371994,2025-07-02 08:12:14,42.4967079162598,-8.9082088470459,"Female"
"9004151",371994,2025-07-02 08:17:18,42.5062828063965,-8.88822078704834,"Female"
"9004151",371994,2025-07-02 08:22:14,42.5099639892578,-8.8802661895752,"Female"
"9004151",371994,2025-07-02 08:27:14,42.527271270752,-8.8592357635498,"Female"
"9004151",371994,2025-07-02 08:32:33,42.5338592529297,-8.85231876373291,"Female"
"9004151",371994,2025-07-02 08:38:10,42.5344429016113,-8.85045433044434,"Female"
"9004151",371994,2025-07-02 08:43:48,42.535400390625,-8.84971237182617,"Female"
"9004151",371994,2025-07-02 08:48:47,42.5355949401855,-8.84988212585449,"Female"
"9004151",371994,2025-07-02 08:53:49,42.5363960266113,-8.84927082061768,"Female"
"9004151",371994,2025-07-02 08:58:49,42.5371742248535,-8.84963321685791,"Female"
"9004151",371994,2025-07-02 09:04:20,42.5374374389648,-8.85217189788818,"Female"
"9004151",371994,2025-07-02 09:09:37,42.5375785827637,-8.85413932800293,"Female"
"9004151",371994,2025-07-02 09:15:03,42.5368118286133,-8.85485935211182,"Female"
"9004151",371994,2025-07-02 09:20:56,42.5367012023926,-8.85461330413818,"Female"
"9004151",371994,2025-07-02 09:25:57,42.5376129150391,-8.85460758209229,"Female"
"9004151",371994,2025-07-02 09:31:27,42.538028717041,-8.85292053222656,"Female"
"9004151",371994,2025-07-02 09:36:41,42.5374374389648,-8.85121440887451,"Female"
"9004151",371994,2025-07-02 09:41:40,42.5367279052734,-8.85043907165527,"Female"
"9004151",371994,2025-07-02 09:46:58,42.5363731384277,-8.8514404296875,"Female"
"9004151",371994,2025-07-02 09:51:58,42.5355072021484,-8.85380363464355,"Female"
"9004151",371994,2025-07-02 09:57:23,42.5349960327148,-8.8555383682251,"Female"
"9004151",371994,2025-07-02 10:02:24,42.5352783203125,-8.8571195602417,"Female"
"9004151",371994,2025-07-02 10:07:23,42.5354194641113,-8.85799694061279,"Female"
"9004151",371994,2025-07-02 10:12:38,42.5342025756836,-8.85649585723877,"Female"
"9004151",371994,2025-07-02 10:17:38,42.5331268310547,-8.85582447052002,"Female"
"9004151",371994,2025-07-02 10:22:38,42.5325775146484,-8.85521030426025,"Female"
"9004151",371994,2025-07-02 10:27:38,42.5333671569824,-8.85541820526123,"Female"
"9004151",371994,2025-07-02 10:32:38,42.5331573486328,-8.85583877563477,"Female"
"9004151",371994,2025-07-02 10:37:38,42.5321235656738,-8.85596656799316,"Female"
"9004151",371994,2025-07-02 10:42:42,42.5313682556152,-8.85590171813965,"Female"
"9004151",371994,2025-07-02 10:47:40,42.5252571105957,-8.85095024108887,"Female"
"9004151",371994,2025-07-02 10:52:38,42.5247230529785,-8.85395812988281,"Female"
"9004151",371994,2025-07-02 10:57:38,42.5246849060059,-8.85395240783691,"Female"
"9004151",371994,2025-07-02 11:02:38,42.5247039794922,-8.85395050048828,"Female"
"9004151",371994,2025-07-02 11:07:38,42.5246696472168,-8.85397148132324,"Female"
"9004151",371994,2025-07-02 11:12:39,42.5247421264648,-8.85394859313965,"Female"
"9004151",371994,2025-07-02 11:17:38,42.524658203125,-8.85402774810791,"Female"
"9004151",371994,2025-07-02 11:22:38,42.5246963500977,-8.85397624969482,"Female"
"9004151",371994,2025-07-02 11:27:38,42.5246734619141,-8.8540153503418,"Female"
"9004151",371994,2025-07-02 11:32:38,42.5247192382812,-8.85406684875488,"Female"
"9004151",371994,2025-07-02 11:37:38,42.5250244140625,-8.85423755645752,"Female"
"9004151",371994,2025-07-02 11:42:39,42.5249519348145,-8.85423183441162,"Female"
"9004151",371994,2025-07-02 11:47:39,42.5248794555664,-8.85419845581055,"Female"
"9004151",371994,2025-07-02 11:52:38,42.5249061584473,-8.85422706604004,"Female"
"9004151",371994,2025-07-02 11:57:38,42.5247421264648,-8.8541431427002,"Female"
"9004151",371994,2025-07-02 12:02:38,42.5247230529785,-8.85419654846191,"Female"
"9004151",371994,2025-07-02 12:07:38,42.5241737365723,-8.85416507720947,"Female"
"9004151",371994,2025-07-02 12:12:38,42.5249557495117,-8.85437774658203,"Female"
"9004151",371994,2025-07-02 12:17:38,42.5244560241699,-8.8542308807373,"Female"
"9004151",371994,2025-07-02 12:22:38,42.5249938964844,-8.85442352294922,"Female"
"9004151",371994,2025-07-02 12:27:38,42.5249671936035,-8.85435581207275,"Female"
"9004151",371994,2025-07-02 12:32:38,42.5247344970703,-8.85431003570557,"Female"
"9004151",371994,2025-07-02 12:37:38,42.5249328613281,-8.85434150695801,"Female"
"9004151",371994,2025-07-02 12:42:38,42.5250091552734,-8.85429286956787,"Female"
"9004151",371994,2025-07-02 12:47:38,42.5249633789062,-8.85435676574707,"Female"
"9004151",371994,2025-07-02 12:52:38,42.5249290466309,-8.85439586639404,"Female"
"9004151",371994,2025-07-02 12:57:38,42.5248680114746,-8.85446739196777,"Female"
"9004151",371994,2025-07-02 13:02:38,42.5248985290527,-8.85446357727051,"Female"
"9004151",371994,2025-07-02 13:07:38,42.5249404907227,-8.85436916351318,"Female"
"9004151",371994,2025-07-02 13:12:38,42.5248985290527,-8.8544454574585,"Female"
"9004151",371994,2025-07-02 13:17:38,42.5247611999512,-8.85445499420166,"Female"
"9004151",371994,2025-07-02 13:22:38,42.5249099731445,-8.85441589355469,"Female"
"9004151",371994,2025-07-02 13:27:38,42.5248832702637,-8.85447597503662,"Female"
"9004151",371994,2025-07-02 13:32:38,42.5247840881348,-8.8544340133667,"Female"
"9004151",371994,2025-07-02 13:37:38,42.5248832702637,-8.85447120666504,"Female"
"9004151",371994,2025-07-02 13:42:38,42.5248565673828,-8.85447025299072,"Female"
"9004151",371994,2025-07-02 13:48:02,42.5297775268555,-8.85474491119385,"Female"
"9004151",371994,2025-07-02 13:53:01,42.529956817627,-8.85316562652588,"Female"
"9004151",371994,2025-07-02 13:58:12,42.530216217041,-8.85151386260986,"Female"
"9004151",371994,2025-07-02 14:03:23,42.5312309265137,-8.85273742675781,"Female"
"9004151",371994,2025-07-02 14:08:22,42.5316390991211,-8.85354232788086,"Female"
"9004151",371994,2025-07-02 14:13:21,42.5320816040039,-8.85341167449951,"Female"
"9004151",371994,2025-07-02 14:18:22,42.532112121582,-8.85202026367188,"Female"
"9004151",371994,2025-07-02 14:23:22,42.5315895080566,-8.85147285461426,"Female"
"9004151",371994,2025-07-02 14:28:22,42.5309715270996,-8.85144138336182,"Female"
"9004151",371994,2025-07-02 14:33:40,42.5309181213379,-8.85031604766846,"Female"
"9004151",371994,2025-07-02 14:38:40,42.5310478210449,-8.84949398040771,"Female"
"9004151",371994,2025-07-02 14:43:39,42.531379699707,-8.85045528411865,"Female"
"9004151",371994,2025-07-02 14:49:26,42.5314750671387,-8.85091304779053,"Female"
"9004151",371994,2025-07-02 14:54:50,42.5325202941895,-8.85138034820557,"Female"
"9004151",371994,2025-07-02 14:59:51,42.5331382751465,-8.85227203369141,"Female"
"9004151",371994,2025-07-02 15:05:26,42.5337104797363,-8.8522891998291,"Female"
"9004151",371994,2025-07-02 15:10:33,42.533763885498,-8.85048961639404,"Female"
"9004151",371994,2025-07-02 15:16:03,42.5353736877441,-8.85044097900391,"Female"
"9004151",371994,2025-07-02 15:21:16,42.5361671447754,-8.84971904754639,"Female"
"9004151",371994,2025-07-02 15:26:16,42.5358848571777,-8.85099792480469,"Female"
"9004151",371994,2025-07-02 15:31:16,42.5366020202637,-8.85191822052002,"Female"
"9004151",371994,2025-07-02 15:36:44,42.53759765625,-8.85031604766846,"Female"
"9004151",371994,2025-07-02 15:42:12,42.5372772216797,-8.84835147857666,"Female"
"9004151",371994,2025-07-02 15:47:22,42.5378761291504,-8.84858322143555,"Female"
"9004151",371994,2025-07-02 15:52:47,42.5375328063965,-8.84949588775635,"Female"
"9004151",371994,2025-07-02 15:57:47,42.5365409851074,-8.8497142791748,"Female"
"9004151",371994,2025-07-02 16:03:16,42.5358009338379,-8.8501148223877,"Female"
"9004151",371994,2025-07-02 16:08:39,42.5353813171387,-8.85021018981934,"Female"
"9004151",371994,2025-07-02 16:13:57,42.535099029541,-8.8499116897583,"Female"
"9004151",371994,2025-07-02 16:19:32,42.5360374450684,-8.84904384613037,"Female"
"9004151",371994,2025-07-02 16:24:46,42.5354957580566,-8.84919738769531,"Female"
"9004151",371994,2025-07-02 16:30:19,42.5352973937988,-8.85044288635254,"Female"
"9004151",371994,2025-07-02 16:35:29,42.5338249206543,-8.85091209411621,"Female"
"9004151",371994,2025-07-02 16:40:31,42.533073425293,-8.85133361816406,"Female"
"9004151",371994,2025-07-02 16:45:30,42.5277976989746,-8.84848880767822,"Female"
"9004151",371994,2025-07-02 16:50:29,42.5243949890137,-8.85381507873535,"Female"
"9004151",371994,2025-07-02 16:55:36,42.5245018005371,-8.85424995422363,"Female"
"9004151",371994,2025-07-02 17:00:28,42.5246086120605,-8.85425186157227,"Female"
"9004151",371994,2025-07-02 17:05:28,42.524658203125,-8.8541898727417,"Female"
"9004151",371994,2025-07-02 17:10:28,42.5247497558594,-8.85437488555908,"Female"
"9004151",371994,2025-07-02 17:15:28,42.524658203125,-8.85422992706299,"Female"
"9004151",371994,2025-07-02 17:20:28,42.5247917175293,-8.85439491271973,"Female"
"9004151",371994,2025-07-02 17:25:28,42.5246238708496,-8.8542537689209,"Female"
"9004151",371994,2025-07-02 17:30:28,42.5245895385742,-8.85419750213623,"Female"
"9004151",371994,2025-07-02 17:35:28,42.5245742797852,-8.85413551330566,"Female"
"9004151",371994,2025-07-02 17:40:28,42.5249290466309,-8.85453319549561,"Female"
"9004151",371994,2025-07-02 17:45:28,42.5249290466309,-8.85456848144531,"Female"
"9004151",371994,2025-07-02 17:50:28,42.5249404907227,-8.85466194152832,"Female"
"9004151",371994,2025-07-02 17:55:28,42.5249710083008,-8.8547191619873,"Female"
"9004151",371994,2025-07-02 18:00:28,42.5246124267578,-8.85408782958984,"Female"
"9004151",371994,2025-07-02 18:05:28,42.5247535705566,-8.85427761077881,"Female"
"9004151",371994,2025-07-02 18:10:28,42.5251350402832,-8.85483932495117,"Female"
"9004151",371994,2025-07-02 18:15:28,42.5251235961914,-8.85484886169434,"Female"
"9004151",371994,2025-07-02 18:20:29,42.5250778198242,-8.85480690002441,"Female"
"9004151",371994,2025-07-02 18:25:28,42.5250625610352,-8.85482025146484,"Female"
"9004151",371994,2025-07-02 18:30:28,42.5250015258789,-8.85468101501465,"Female"
"9004151",371994,2025-07-02 18:35:28,42.5249938964844,-8.85477638244629,"Female"
"9004151",371994,2025-07-02 18:40:28,42.5087203979492,-8.87671852111816,"Female"
"9004151",371994,2025-07-02 18:45:28,42.5066909790039,-8.88079261779785,"Female"
"9004151",371994,2025-07-02 18:50:28,42.4915924072266,-8.91131210327148,"Female"
"9004151",371994,2025-07-02 18:55:28,42.4817543029785,-8.93088817596436,"Female"
"9004151",371994,2025-07-02 19:00:28,42.4527931213379,-8.9439058303833,"Female"
"9004151",371994,2025-07-02 19:05:31,42.4512710571289,-8.94385528564453,"Female"
"9004151",371994,2025-07-02 19:10:28,42.414119720459,-8.92837715148926,"Female"
"9004151",371994,2025-07-02 19:15:29,42.4009437561035,-8.92084693908691,"Female"
"9004151",371994,2025-07-02 19:20:30,42.4008598327637,-8.9208927154541,"Female"
"9004151",371994,2025-07-02 19:25:29,42.4008560180664,-8.92073059082031,"Female"
"9004151",371994,2025-07-02 19:30:28,42.4008369445801,-8.9207592010498,"Female"
"9004151",371994,2025-07-02 19:35:29,42.4008178710938,-8.92088794708252,"Female"
"9004151",371994,2025-07-02 19:40:29,42.4008293151855,-8.92084693908691,"Female"
"9004151",371994,2025-07-02 19:45:29,42.40087890625,-8.92084217071533,"Female"
"9004151",371994,2025-07-02 19:50:30,42.4008522033691,-8.92089176177979,"Female"
"9004151",371994,2025-07-02 19:55:29,42.4007759094238,-8.92073726654053,"Female"
"9004151",371994,2025-07-02 20:00:29,42.4007835388184,-8.92080879211426,"Female"
"9004151",371994,2025-07-02 20:05:30,42.4009246826172,-8.92108249664307,"Female"
"9004151",371994,2025-07-02 20:10:35,42.4008750915527,-8.92097949981689,"Female"
"9004151",371994,2025-07-02 20:15:29,42.4007606506348,-8.9206018447876,"Female"
"9004151",371994,2025-07-02 20:20:30,42.4007720947266,-8.92062282562256,"Female"
"9004151",371994,2025-07-02 20:25:29,42.4007110595703,-8.92053890228271,"Female"
"9004151",371994,2025-07-02 20:30:30,42.4010238647461,-8.92086029052734,"Female"
"9004151",371994,2025-07-02 20:35:29,42.4008522033691,-8.92061805725098,"Female"
"9004151",371994,2025-07-02 20:40:29,42.4002838134766,-8.92047500610352,"Female"
"9004151",371994,2025-07-02 20:45:28,42.4002799987793,-8.92133522033691,"Female"
"9004151",371994,2025-07-02 20:50:28,42.4002075195312,-8.92145729064941,"Female"
"9004151",371994,2025-07-02 20:55:28,42.4002151489258,-8.92137622833252,"Female"
"9004151",371994,2025-07-02 21:00:28,42.4001350402832,-8.92135524749756,"Female"
"9004151",371994,2025-07-02 21:05:28,42.4002723693848,-8.92148208618164,"Female"
"9004151",371994,2025-07-02 21:10:28,42.4002838134766,-8.92151355743408,"Female"
"9004151",371994,2025-07-02 21:15:30,42.4000205993652,-8.92172908782959,"Female"
"9004151",371994,2025-07-02 21:20:28,42.4001846313477,-8.92125225067139,"Female"
"9004151",371994,2025-07-02 21:25:31,42.3998527526855,-8.92056560516357,"Female"
"9004151",371994,2025-07-02 21:30:45,42.4003677368164,-8.92082691192627,"Female"
"9004151",371994,2025-07-02 21:35:32,42.4003410339355,-8.92103004455566,"Female"
"9004151",371994,2025-07-02 21:40:30,42.3997116088867,-8.92068099975586,"Female"
"9004151",371994,2025-07-02 21:45:33,42.4005508422852,-8.92079925537109,"Female"
"9004151",371994,2025-07-02 21:50:33,42.4003715515137,-8.9210033416748,"Female"
"9004151",371994,2025-07-02 21:55:42,42.4005012512207,-8.92084693908691,"Female"
"9004151",371994,2025-07-02 22:00:29,42.4012641906738,-8.92092418670654,"Female"
"9004151",371994,2025-07-02 22:05:36,42.4005126953125,-8.9208345413208,"Female"
"9004151",371994,2025-07-02 22:10:34,42.4004249572754,-8.92101669311523,"Female"
"9004151",371994,2025-07-02 22:15:34,42.4004669189453,-8.92096614837646,"Female"
"9004151",371994,2025-07-02 22:20:28,42.4005470275879,-8.92103672027588,"Female"
"9004151",371994,2025-07-02 22:25:35,42.4003028869629,-8.92133712768555,"Female"
"9004151",371994,2025-07-02 22:30:30,42.4010391235352,-8.92132472991943,"Female"
"9004151",371994,2025-07-02 22:35:31,42.3995475769043,-8.92159366607666,"Female"
"9004151",371994,2025-07-02 22:40:31,42.4006042480469,-8.92126655578613,"Female"
"9004151",371994,2025-07-02 22:45:28,42.4005928039551,-8.92130374908447,"Female"
"9004151",371994,2025-07-02 22:50:30,42.3993072509766,-8.92189884185791,"Female"
"9004151",371994,2025-07-02 22:55:30,42.3993606567383,-8.92188549041748,"Female"
"9004151",371994,2025-07-02 23:00:30,42.3993339538574,-8.92193794250488,"Female"
"9004151",371994,2025-07-02 23:05:31,42.3992156982422,-8.92204570770264,"Female"
"9004151",371994,2025-07-02 23:10:30,42.3992004394531,-8.9220724105835,"Female"
"9004151",371994,2025-07-02 23:15:31,42.3993873596191,-8.92201328277588,"Female"
"9004151",371994,2025-07-02 23:20:31,42.399356842041,-8.92207622528076,"Female"
"9004151",371994,2025-07-02 23:25:33,42.4003944396973,-8.9215202331543,"Female"
"9004151",371994,2025-07-02 23:30:34,42.4002799987793,-8.92171669006348,"Female"
"9004151",371994,2025-07-02 23:35:33,42.4002952575684,-8.92173671722412,"Female"
"9004151",371994,2025-07-02 23:40:29,42.401123046875,-8.92124271392822,"Female"
"9004151",371994,2025-07-02 23:45:29,42.400562286377,-8.92145252227783,"Female"
"9004151",371994,2025-07-02 23:50:29,42.4003257751465,-8.92157459259033,"Female"
"9004151",371994,2025-07-02 23:55:30,42.3996238708496,-8.92194175720215,"Female"
"9004151",371994,2025-07-03 00:00:30,42.3995170593262,-8.92194080352783,"Female"
"9004151",371994,2025-07-03 00:05:29,42.4012413024902,-8.92113494873047,"Female"
"9004151",371994,2025-07-03 00:10:30,42.4005126953125,-8.92133712768555,"Female"
"9004151",371994,2025-07-03 00:15:36,42.4004135131836,-8.92147159576416,"Female"
"9004151",371994,2025-07-03 00:20:30,42.4004821777344,-8.92139530181885,"Female"
"9004151",371994,2025-07-03 00:25:30,42.4004783630371,-8.92136573791504,"Female"
"9004151",371994,2025-07-03 00:30:30,42.4004859924316,-8.92134761810303,"Female"
"9004151",371994,2025-07-03 00:35:28,42.4004821777344,-8.92138290405273,"Female"
"9004151",371994,2025-07-03 00:40:28,42.400520324707,-8.92135715484619,"Female"
"9004151",371994,2025-07-03 00:45:28,42.4004898071289,-8.92136478424072,"Female"
"9004151",371994,2025-07-03 00:50:28,42.4004974365234,-8.9213228225708,"Female"
"9004151",371994,2025-07-03 00:55:30,42.4004898071289,-8.92134094238281,"Female"
"9004151",371994,2025-07-03 01:00:38,42.4004516601562,-8.92161655426025,"Female"
"9004151",371994,2025-07-03 01:06:52,42.4003982543945,-8.92198753356934,"Female"
"9004151",371994,2025-07-03 01:10:47,42.4004669189453,-8.92122364044189,"Female"
"9004151",371994,2025-07-03 01:15:31,42.4004783630371,-8.92116165161133,"Female"
"9004151",371994,2025-07-03 01:20:29,42.4005355834961,-8.92107582092285,"Female"
"9004151",371994,2025-07-03 01:25:31,42.4005546569824,-8.92113304138184,"Female"
"9004151",371994,2025-07-03 01:30:42,42.4005126953125,-8.9211950302124,"Female"
"9004151",371994,2025-07-03 01:35:43,42.4004898071289,-8.92106914520264,"Female"
"9004151",371994,2025-07-03 01:40:43,42.4004898071289,-8.92116069793701,"Female"
"9004151",371994,2025-07-03 01:45:28,42.4002532958984,-8.92165374755859,"Female"
"9004151",371994,2025-07-03 01:50:29,42.400218963623,-8.92145347595215,"Female"
"9004151",371994,2025-07-03 01:55:29,42.4001502990723,-8.92123222351074,"Female"
"9004151",371994,2025-07-03 02:00:28,42.4003410339355,-8.92118740081787,"Female"
"9004151",371994,2025-07-03 02:05:28,42.4001350402832,-8.92125415802002,"Female"
"9004151",371994,2025-07-03 02:10:29,42.4000701904297,-8.9212474822998,"Female"
"9004151",371994,2025-07-03 02:15:29,42.4000091552734,-8.92109775543213,"Female"
"9004151",371994,2025-07-03 02:20:28,42.4003753662109,-8.92143535614014,"Female"
"9004151",371994,2025-07-03 02:25:28,42.4005165100098,-8.92148876190186,"Female"
"9004151",371994,2025-07-03 02:30:28,42.4005699157715,-8.92125797271729,"Female"
"9004151",371994,2025-07-03 02:35:28,42.4005737304688,-8.92134571075439,"Female"
"9004151",371994,2025-07-03 02:40:29,42.4005470275879,-8.92137908935547,"Female"
"9004151",371994,2025-07-03 02:45:28,42.4005584716797,-8.92148399353027,"Female"
"9004151",371994,2025-07-03 02:50:29,42.4004707336426,-8.92156982421875,"Female"
"9004151",371994,2025-07-03 02:55:28,42.4005928039551,-8.92130184173584,"Female"
"9004151",371994,2025-07-03 03:00:29,42.4004707336426,-8.92129135131836,"Female"
"9004151",371994,2025-07-03 03:05:29,42.4007377624512,-8.92108726501465,"Female"
"9004151",371994,2025-07-03 03:10:29,42.4007415771484,-8.9211368560791,"Female"
"9004151",371994,2025-07-03 03:15:28,42.4007911682129,-8.92107582092285,"Female"
"9004151",371994,2025-07-03 03:20:29,42.4007034301758,-8.92116832733154,"Female"
"9004151",371994,2025-07-03 03:25:29,42.4004669189453,-8.92137813568115,"Female"
"9004151",371994,2025-07-03 03:30:30,42.4004936218262,-8.92123317718506,"Female"
"9004151",371994,2025-07-03 03:35:28,42.4006462097168,-8.92118263244629,"Female"
"9004151",371994,2025-07-03 03:40:28,42.4006576538086,-8.92120838165283,"Female"
"9004151",371994,2025-07-03 03:45:28,42.4006614685059,-8.92118740081787,"Female"
"9004151",371994,2025-07-03 03:50:28,42.4005889892578,-8.92132186889648,"Female"
"9004151",371994,2025-07-03 03:55:28,42.4006385803223,-8.92124557495117,"Female"
"9004151",371994,2025-07-03 04:00:28,42.4006309509277,-8.92123317718506,"Female"
"9004151",371994,2025-07-03 04:05:31,42.4004592895508,-8.92135429382324,"Female"
"9004151",371994,2025-07-03 04:10:29,42.4004936218262,-8.92132472991943,"Female"
"9004151",371994,2025-07-03 04:15:37,42.400089263916,-8.92169570922852,"Female"
"9004151",371994,2025-07-03 04:20:28,42.4003982543945,-8.92138862609863,"Female"
"9004151",371994,2025-07-03 04:25:35,42.4005241394043,-8.92104721069336,"Female"
"9004151",371994,2025-07-03 04:30:28,42.400577545166,-8.92127323150635,"Female"
"9004151",371994,2025-07-03 04:35:29,42.4006576538086,-8.92149066925049,"Female"
"9004151",371994,2025-07-03 04:40:29,42.4006958007812,-8.9213285446167,"Female"
"9004151",371994,2025-07-03 04:45:32,42.4008560180664,-8.92148494720459,"Female"
"9004151",371994,2025-07-03 04:50:30,42.4009170532227,-8.92148685455322,"Female"
"9004151",371994,2025-07-03 04:55:34,42.4006195068359,-8.92093086242676,"Female"
"9004151",371994,2025-07-03 05:00:33,42.4006767272949,-8.92113494873047,"Female"
"9004151",371994,2025-07-03 05:05:34,42.4006385803223,-8.92112731933594,"Female"
"9004151",371994,2025-07-03 05:10:34,42.4008178710938,-8.92077541351318,"Female"
"9004151",371994,2025-07-03 05:15:53,42.4005813598633,-8.92092514038086,"Female"
"9004151",371994,2025-07-03 05:20:34,42.4006500244141,-8.92108535766602,"Female"
"9004151",371994,2025-07-03 05:25:31,42.4006881713867,-8.92133903503418,"Female"
"9004151",371994,2025-07-03 05:30:29,42.4007568359375,-8.92131519317627,"Female"
"9004151",371994,2025-07-03 05:35:33,42.4005508422852,-8.92096519470215,"Female"
"9004151",371994,2025-07-03 05:40:31,42.4006309509277,-8.92114067077637,"Female"
"9004151",371994,2025-07-03 05:45:30,42.4004287719727,-8.92075157165527,"Female"
"9004151",371994,2025-07-03 05:50:40,42.4006729125977,-8.92075061798096,"Female"
"9004151",371994,2025-07-03 05:55:31,42.4006233215332,-8.92092037200928,"Female"
"9004151",371994,2025-07-03 06:00:34,42.4004898071289,-8.9209566116333,"Female"
"9004151",371994,2025-07-03 06:05:33,42.4004821777344,-8.92111396789551,"Female"
"9004151",371994,2025-07-03 06:10:33,42.4005355834961,-8.9210205078125,"Female"
"9004151",371994,2025-07-03 06:15:33,42.4005241394043,-8.92104911804199,"Female"
"9004151",371994,2025-07-03 06:20:38,42.4007568359375,-8.92110347747803,"Female"
"9004151",371994,2025-07-03 06:25:36,42.4009857177734,-8.9207239151001,"Female"
"9004151",371994,2025-07-03 06:30:31,42.4008865356445,-8.92105102539062,"Female"
"9004151",371994,2025-07-03 06:35:36,42.4006843566895,-8.92105865478516,"Female"
"9004151",371994,2025-07-03 06:40:35,42.4004821777344,-8.92122650146484,"Female"
"9004151",371994,2025-07-03 06:45:33,42.4001083374023,-8.92175483703613,"Female"
"9004151",371994,2025-07-03 06:50:33,42.4003067016602,-8.92162895202637,"Female"
"9004151",371994,2025-07-03 06:55:33,42.4006843566895,-8.92128467559814,"Female"
"9004151",371994,2025-07-03 07:00:36,42.4005355834961,-8.92121982574463,"Female"
"9004151",371994,2025-07-03 07:05:36,42.4004325866699,-8.92136764526367,"Female"
"9004151",371994,2025-07-03 07:10:34,42.4000663757324,-8.92185401916504,"Female"
"9004151",371994,2025-07-03 07:15:33,42.400333404541,-8.92160797119141,"Female"
"9004151",371994,2025-07-03 07:20:36,42.4006652832031,-8.92107772827148,"Female"
"9004151",371994,2025-07-03 07:25:33,42.400260925293,-8.92181777954102,"Female"
"9004151",371994,2025-07-03 07:30:37,42.4003715515137,-8.92148208618164,"Female"
"9004151",371994,2025-07-03 07:35:36,42.3996620178223,-8.92256641387939,"Female"
"9004151",371994,2025-07-03 07:40:31,42.3998641967773,-8.92257499694824,"Female"
"9004151",371994,2025-07-03 07:45:34,42.4003753662109,-8.92145347595215,"Female"
"9004151",371994,2025-07-03 07:50:36,42.3999824523926,-8.92223739624023,"Female"
"9004151",371994,2025-07-03 07:55:37,42.3999176025391,-8.92246723175049,"Female"
"9004151",371994,2025-07-03 08:00:35,42.4002723693848,-8.92164134979248,"Female"
"9004151",371994,2025-07-03 08:05:47,42.4001693725586,-8.92183017730713,"Female"
"9004151",371994,2025-07-03 08:10:31,42.4000968933105,-8.92180061340332,"Female"
"9004151",371994,2025-07-03 08:15:28,42.4001922607422,-8.92112922668457,"Female"
"9004151",371994,2025-07-03 08:20:28,42.4046974182129,-8.92126178741455,"Female"
"9004151",371994,2025-07-03 08:25:28,42.4255294799805,-8.91441059112549,"Female"
"9004151",371994,2025-07-03 08:30:33,42.4270668029785,-8.9132833480835,"Female"
"9004151",371994,2025-07-03 08:36:42,42.4330520629883,-8.90864944458008,"Female"
"9004151",371994,2025-07-03 08:42:08,42.4393463134766,-8.90167045593262,"Female"
"9004151",371994,2025-07-03 08:48:17,42.4416389465332,-8.90383529663086,"Female"
"9004151",371994,2025-07-03 08:54:08,42.4431800842285,-8.90399360656738,"Female"
"9004151",371994,2025-07-03 08:59:07,42.4495582580566,-8.91903877258301,"Female"
"9004151",371994,2025-07-03 09:04:08,42.4675407409668,-8.9466495513916,"Female"
"9004151",371994,2025-07-03 09:09:09,42.4823303222656,-8.93484115600586,"Female"
"9004151",371994,2025-07-03 09:14:07,42.4850044250488,-8.9315071105957,"Female"
"9004151",371994,2025-07-03 09:19:11,42.4890060424805,-8.9201831817627,"Female"
"9004151",371994,2025-07-03 09:28:09,42.5054359436035,-8.88993358612061,"Female"
"9004151",371994,2025-07-03 09:41:43,42.5166244506836,-8.86858177185059,"Female"
"9004151",371994,2025-07-03 09:46:48,42.5323867797852,-8.85215950012207,"Female"
"9004151",371994,2025-07-03 09:51:53,42.5326461791992,-8.85285377502441,"Female"
"9004151",371994,2025-07-03 09:57:28,42.5334014892578,-8.8486328125,"Female"
"9004151",371994,2025-07-03 10:03:02,42.5336112976074,-8.84765815734863,"Female"
"9004151",371994,2025-07-03 10:08:40,42.5344047546387,-8.8471622467041,"Female"
"9004151",371994,2025-07-03 10:14:30,42.5333518981934,-8.84616661071777,"Female"
"9004151",371994,2025-07-03 10:19:28,42.5260848999023,-8.84685802459717,"Female"
"9004151",371994,2025-07-03 10:24:29,42.5260772705078,-8.84685897827148,"Female"
"9004151",371994,2025-07-03 10:29:25,42.5260810852051,-8.8467903137207,"Female"
"9004151",371994,2025-07-03 10:34:11,42.5262794494629,-8.84698581695557,"Female"
"9004151",371994,2025-07-03 10:39:26,42.5260696411133,-8.84683895111084,"Female"
"9004151",371994,2025-07-03 10:44:12,42.5262184143066,-8.84696769714355,"Female"
"9004151",371994,2025-07-03 10:49:35,42.5261344909668,-8.84719848632812,"Female"
"9004151",371994,2025-07-03 10:54:06,42.5260810852051,-8.84714317321777,"Female"
"9004151",371994,2025-07-03 10:59:06,42.5260391235352,-8.84716510772705,"Female"
"9004151",371994,2025-07-03 11:04:06,42.5260391235352,-8.84716606140137,"Female"
"9004151",371994,2025-07-03 11:09:06,42.5260810852051,-8.84714603424072,"Female"
"9004151",371994,2025-07-03 11:14:05,42.5260238647461,-8.84717273712158,"Female"
"9004151",371994,2025-07-03 11:19:06,42.5260810852051,-8.84713554382324,"Female"
"9004151",371994,2025-07-03 11:24:06,42.5260353088379,-8.8472261428833,"Female"
"9004151",371994,2025-07-03 11:29:06,42.5260620117188,-8.84719276428223,"Female"
"9004151",371994,2025-07-03 11:34:06,42.526123046875,-8.84722137451172,"Female"
"9004151",371994,2025-07-03 11:39:06,42.5258941650391,-8.84729099273682,"Female"
"9004151",371994,2025-07-03 11:44:06,42.526123046875,-8.84721851348877,"Female"
"9004151",371994,2025-07-03 11:49:06,42.5261344909668,-8.84726810455322,"Female"
"9004151",371994,2025-07-03 11:54:05,42.5261077880859,-8.84723949432373,"Female"
"9004151",371994,2025-07-03 11:59:06,42.5260887145996,-8.84722518920898,"Female"
"9004151",371994,2025-07-03 12:04:06,42.525993347168,-8.84720897674561,"Female"
"9004151",371994,2025-07-03 12:09:06,42.5260276794434,-8.84726524353027,"Female"
"9004151",371994,2025-07-03 12:14:06,42.5260429382324,-8.84723663330078,"Female"
"9004151",371994,2025-07-03 12:19:06,42.5259437561035,-8.84721088409424,"Female"
"9004151",371994,2025-07-03 12:24:06,42.5260047912598,-8.84725189208984,"Female"
"9004151",371994,2025-07-03 12:29:06,42.5260047912598,-8.84723663330078,"Female"
"9004151",371994,2025-07-03 12:34:06,42.526008605957,-8.84721183776855,"Female"
"9004151",371994,2025-07-03 12:39:06,42.5258560180664,-8.8471565246582,"Female"
"9004151",371994,2025-07-03 12:44:06,42.5259437561035,-8.84723567962646,"Female"
"9004151",371994,2025-07-03 12:49:06,42.5260047912598,-8.84729385375977,"Female"
"9004151",371994,2025-07-03 12:54:06,42.5258445739746,-8.84718704223633,"Female"
"9004151",371994,2025-07-03 12:59:06,42.5274658203125,-8.84806346893311,"Female"
"9004151",371994,2025-07-03 13:04:39,42.5328788757324,-8.84939765930176,"Female"
"9004151",371994,2025-07-03 13:09:43,42.5337905883789,-8.84806442260742,"Female"
"9004151",371994,2025-07-03 13:15:20,42.5353851318359,-8.84767723083496,"Female"
"9004151",371994,2025-07-03 13:20:43,42.5364456176758,-8.84687232971191,"Female"
"9004151",371994,2025-07-03 13:26:03,42.5370941162109,-8.84933662414551,"Female"
"9004151",371994,2025-07-03 13:31:10,42.5362243652344,-8.85015392303467,"Female"
"9004151",371994,2025-07-03 13:36:06,42.5356063842773,-8.8509349822998,"Female"
"9004151",371994,2025-07-03 13:41:19,42.534782409668,-8.85158634185791,"Female"
"9004151",371994,2025-07-03 13:46:14,42.5341148376465,-8.8524866104126,"Female"
"9004151",371994,2025-07-03 13:51:19,42.5332450866699,-8.85299682617188,"Female"
"9004151",371994,2025-07-03 13:56:14,42.5328140258789,-8.85287094116211,"Female"
"9004151",371994,2025-07-03 14:01:21,42.5324516296387,-8.85220336914062,"Female"
"9004151",371994,2025-07-03 14:06:40,42.5324745178223,-8.8509521484375,"Female"
"9004151",371994,2025-07-03 14:11:42,42.5329818725586,-8.85012817382812,"Female"
"9004151",371994,2025-07-03 14:17:01,42.5326156616211,-8.85135173797607,"Female"
"9004151",371994,2025-07-03 14:22:28,42.5320472717285,-8.85222244262695,"Female"
"9004151",371994,2025-07-03 14:27:47,42.5311737060547,-8.85265254974365,"Female"
"9004151",371994,2025-07-03 14:33:16,42.5303916931152,-8.85146999359131,"Female"
"9004151",371994,2025-07-03 14:38:20,42.5304832458496,-8.85012435913086,"Female"
"9004151",371994,2025-07-03 14:46:52,42.531177520752,-8.85091781616211,"Female"
"9004151",371994,2025-07-03 14:54:59,42.5299072265625,-8.85342025756836,"Female"
"9004151",371994,2025-07-03 15:00:10,42.5287551879883,-8.85216903686523,"Female"
"9004151",371994,2025-07-03 15:05:04,42.5280113220215,-8.85110282897949,"Female"
"9004151",371994,2025-07-03 15:10:09,42.5277290344238,-8.85101509094238,"Female"
"9004151",371994,2025-07-03 15:15:05,42.5259056091309,-8.84749889373779,"Female"
"9004151",371994,2025-07-03 15:20:06,42.5259323120117,-8.84742259979248,"Female"
"9004151",371994,2025-07-03 15:25:07,42.5259170532227,-8.84746646881104,"Female"
"9004151",371994,2025-07-03 15:30:06,42.5258522033691,-8.8473072052002,"Female"
"9004151",371994,2025-07-03 15:35:06,42.5259246826172,-8.84731388092041,"Female"
"9004151",371994,2025-07-03 15:40:08,42.5259399414062,-8.84746742248535,"Female"
"9004151",371994,2025-07-03 15:45:07,42.5259437561035,-8.84745502471924,"Female"
"9004151",371994,2025-07-03 15:50:06,42.5259552001953,-8.84751892089844,"Female"
"9004151",371994,2025-07-03 15:55:06,42.5259780883789,-8.8475284576416,"Female"
"9004151",371994,2025-07-03 16:00:06,42.5259437561035,-8.84754180908203,"Female"
"9004151",371994,2025-07-03 16:05:06,42.5259094238281,-8.8474702835083,"Female"
"9004151",371994,2025-07-03 16:10:07,42.5259437561035,-8.84756469726562,"Female"
"9004151",371994,2025-07-03 16:15:08,42.5258750915527,-8.8474702835083,"Female"
"9004151",371994,2025-07-03 16:20:08,42.5258865356445,-8.84737014770508,"Female"
"9004151",371994,2025-07-03 16:25:11,42.5258483886719,-8.84727001190186,"Female"
"9004151",371994,2025-07-03 16:30:04,42.525707244873,-8.84706211090088,"Female"
"9004151",371994,2025-07-03 16:35:04,42.525749206543,-8.84710502624512,"Female"
"9004151",371994,2025-07-03 16:40:04,42.5258407592773,-8.84719848632812,"Female"
"9004151",371994,2025-07-03 16:45:04,42.5256195068359,-8.84675216674805,"Female"
"9004151",371994,2025-07-03 16:50:06,42.525691986084,-8.8468542098999,"Female"
"9004151",371994,2025-07-03 16:55:07,42.5258255004883,-8.84715557098389,"Female"
"9004151",371994,2025-07-03 17:00:09,42.5261192321777,-8.84768867492676,"Female"
"9004151",371994,2025-07-03 17:05:07,42.5261154174805,-8.84777355194092,"Female"
"9004151",371994,2025-07-03 17:10:20,42.5260391235352,-8.84762096405029,"Female"
"9004151",371994,2025-07-03 17:15:08,42.5264625549316,-8.84845542907715,"Female"
"9004151",371994,2025-07-03 17:20:08,42.5261459350586,-8.84772872924805,"Female"
"9004151",371994,2025-07-03 17:25:09,42.5259704589844,-8.8473596572876,"Female"
"9004151",371994,2025-07-03 17:30:08,42.5262145996094,-8.84803295135498,"Female"
"9004151",371994,2025-07-03 17:35:36,42.5301399230957,-8.85181617736816,"Female"
"9004151",371994,2025-07-03 17:41:05,42.5310821533203,-8.85208606719971,"Female"
"9004151",371994,2025-07-03 17:46:00,42.532039642334,-8.85196971893311,"Female"
"9004151",371994,2025-07-03 17:51:38,42.5334167480469,-8.85258007049561,"Female"
"9004151",371994,2025-07-03 17:57:02,42.5338401794434,-8.85177326202393,"Female"
"9004151",371994,2025-07-03 18:02:40,42.5339012145996,-8.85048961639404,"Female"
"9004151",371994,2025-07-03 18:09:22,42.5343971252441,-8.8484001159668,"Female"
"9004151",371994,2025-07-03 18:16:14,42.5354652404785,-8.84928226470947,"Female"
"9004151",371994,2025-07-03 18:22:15,42.536548614502,-8.85011196136475,"Female"
"9004151",371994,2025-07-03 18:29:56,42.5364265441895,-8.85191249847412,"Female"
"9004151",371994,2025-07-03 18:35:42,42.5346565246582,-8.85046100616455,"Female"
"9004151",371994,2025-07-03 18:41:11,42.5335578918457,-8.85116863250732,"Female"
"9004151",371994,2025-07-03 18:46:09,42.5322761535645,-8.85251045227051,"Female"
"9004151",371994,2025-07-03 18:51:11,42.530632019043,-8.85352993011475,"Female"
"9004151",371994,2025-07-03 18:56:11,42.5296859741211,-8.85914039611816,"Female"
"9004151",371994,2025-07-03 19:01:17,42.5122413635254,-8.87642574310303,"Female"
"9004151",371994,2025-07-03 19:06:12,42.5110092163086,-8.87704467773438,"Female"
"9004151",371994,2025-07-03 19:11:09,42.4803771972656,-8.93377304077148,"Female"
"9004151",371994,2025-07-03 19:16:22,42.4650955200195,-8.94705581665039,"Female"
"9004151",371994,2025-07-03 19:21:13,42.4633255004883,-8.94759178161621,"Female"
"9004151",371994,2025-07-03 19:26:10,42.4103126525879,-8.93365001678467,"Female"
"9004151",371994,2025-07-03 19:31:35,42.4003829956055,-8.92064094543457,"Female"
"9004151",371994,2025-07-03 20:50:01,42.3993873596191,-8.92041778564453,"Female"
"9004151",371994,2025-07-03 21:23:32,42.4006309509277,-8.92103672027588,"Female"
"9004151",371994,2025-07-03 21:29:01,42.4006233215332,-8.92069244384766,"Female"
"9004151",371994,2025-07-03 23:10:05,42.4004096984863,-8.92070865631104,"Female"
"9004151",371994,2025-07-03 23:14:36,42.4004287719727,-8.9207649230957,"Female"
"9004151",371994,2025-07-03 23:19:35,42.400390625,-8.92077827453613,"Female"
"9004151",371994,2025-07-03 23:24:35,42.4004402160645,-8.92076206207275,"Female"
"9004151",371994,2025-07-03 23:29:35,42.4004745483398,-8.92073535919189,"Female"
"9004151",371994,2025-07-03 23:34:37,42.4005470275879,-8.92091178894043,"Female"
"9004151",371994,2025-07-03 23:39:36,42.4003601074219,-8.92074012756348,"Female"
"9004151",371994,2025-07-03 23:44:36,42.4003143310547,-8.92077827453613,"Female"
"9004151",371994,2025-07-03 23:49:36,42.4002685546875,-8.92086410522461,"Female"
"9004151",371994,2025-07-03 23:54:36,42.4006576538086,-8.92089748382568,"Female"
"9004151",371994,2025-07-03 23:59:37,42.4004554748535,-8.92078971862793,"Female"
"9004151",371994,2025-07-04 00:04:40,42.4003677368164,-8.92093181610107,"Female"
"9004151",371994,2025-07-04 00:09:47,42.4000129699707,-8.92063045501709,"Female"
"9004151",371994,2025-07-04 00:14:36,42.4001197814941,-8.92081928253174,"Female"
"9004151",371994,2025-07-04 00:19:37,42.3997039794922,-8.92148685455322,"Female"
"9004151",371994,2025-07-04 00:24:40,42.4006805419922,-8.92121505737305,"Female"
"9004151",371994,2025-07-04 00:29:39,42.4006423950195,-8.9211950302124,"Female"
"9004151",371994,2025-07-04 00:34:38,42.4005508422852,-8.92119598388672,"Female"
"9004151",371994,2025-07-04 00:39:37,42.4007263183594,-8.92115783691406,"Female"
"9004151",371994,2025-07-04 00:44:37,42.4005928039551,-8.92111396789551,"Female"
"9004151",371994,2025-07-04 00:49:40,42.4006958007812,-8.92126655578613,"Female"
"9004151",371994,2025-07-04 00:54:38,42.4012794494629,-8.92159080505371,"Female"
"9004151",371994,2025-07-04 00:59:42,42.4011077880859,-8.92150211334229,"Female"
"9004151",371994,2025-07-04 01:04:41,42.4008865356445,-8.92136287689209,"Female"
"9004151",371994,2025-07-04 01:09:53,42.400806427002,-8.92120933532715,"Female"
"9004151",371994,2025-07-04 01:14:36,42.4005889892578,-8.92121410369873,"Female"
"9004151",371994,2025-07-04 01:19:36,42.4007415771484,-8.92122554779053,"Female"
"9004151",371994,2025-07-04 01:24:36,42.4005699157715,-8.92103099822998,"Female"
"9004151",371994,2025-07-04 01:29:42,42.400764465332,-8.92127132415771,"Female"
"9004151",371994,2025-07-04 01:34:37,42.4006690979004,-8.92104148864746,"Female"
"9004151",371994,2025-07-04 01:39:39,42.4005317687988,-8.92089557647705,"Female"
"9004151",371994,2025-07-04 01:44:37,42.4007415771484,-8.9213399887085,"Female"
"9004151",371994,2025-07-04 01:49:37,42.4007148742676,-8.92118740081787,"Female"
"9004151",371994,2025-07-04 01:54:39,42.4006843566895,-8.92112827301025,"Female"
"9004151",371994,2025-07-04 01:59:36,42.4005737304688,-8.92110443115234,"Female"
"9004151",371994,2025-07-04 02:04:36,42.4006767272949,-8.92113971710205,"Female"
"9004151",371994,2025-07-04 02:09:41,42.4007415771484,-8.92115879058838,"Female"
"9004151",371994,2025-07-04 02:14:50,42.4007034301758,-8.92109107971191,"Female"
"9004151",371994,2025-07-04 02:19:53,42.4001655578613,-8.92059993743896,"Female"
"9004151",371994,2025-07-04 02:24:53,42.4006271362305,-8.920973777771,"Female"
"9004151",371994,2025-07-04 02:29:54,42.4005546569824,-8.92090797424316,"Female"
"9004151",371994,2025-07-04 02:34:57,42.4004516601562,-8.9207763671875,"Female"
"9004151",371994,2025-07-04 02:39:58,42.400951385498,-8.92121028900146,"Female"
"9004151",371994,2025-07-04 02:44:46,42.4003524780273,-8.92066764831543,"Female"
"9004151",371994,2025-07-04 02:49:46,42.4006881713867,-8.92092609405518,"Female"
"9004151",371994,2025-07-04 02:54:46,42.4006614685059,-8.92088317871094,"Female"
"9004151",371994,2025-07-04 02:59:40,42.4010391235352,-8.92118549346924,"Female"
"9004151",371994,2025-07-04 03:04:49,42.4009780883789,-8.92110633850098,"Female"
"9004151",371994,2025-07-04 03:09:41,42.4010620117188,-8.9211540222168,"Female"
"9004151",371994,2025-07-04 03:14:46,42.4008026123047,-8.92099189758301,"Female"
"9004151",371994,2025-07-04 03:19:49,42.4008712768555,-8.92094135284424,"Female"
"9004151",371994,2025-07-04 03:24:49,42.4008140563965,-8.92095375061035,"Female"
"9004151",371994,2025-07-04 03:29:49,42.4006652832031,-8.92085552215576,"Female"
"9004151",371994,2025-07-04 03:34:38,42.4012069702148,-8.92122745513916,"Female"
"9004151",371994,2025-07-04 03:40:05,42.4005470275879,-8.9210090637207,"Female"
"9004151",371994,2025-07-04 03:44:36,42.4005889892578,-8.92098331451416,"Female"
"9004151",371994,2025-07-04 03:49:36,42.4003982543945,-8.92067241668701,"Female"
"9004151",371994,2025-07-04 03:54:37,42.4005012512207,-8.92096996307373,"Female"
"9004151",371994,2025-07-04 03:59:39,42.4003295898438,-8.92055702209473,"Female"
"9004151",371994,2025-07-04 04:04:40,42.4005165100098,-8.92079925537109,"Female"
"9004151",371994,2025-07-04 04:09:37,42.4004554748535,-8.92088222503662,"Female"
"9004151",371994,2025-07-04 04:14:36,42.4003410339355,-8.92085075378418,"Female"
"9004151",371994,2025-07-04 04:19:36,42.4003791809082,-8.92076873779297,"Female"
"9004151",371994,2025-07-04 04:24:38,42.4005088806152,-8.92074871063232,"Female"
"9004151",371994,2025-07-04 04:29:36,42.4005317687988,-8.92083835601807,"Female"
"9004151",371994,2025-07-04 04:34:36,42.4004821777344,-8.92085456848145,"Female"
"9004151",371994,2025-07-04 04:39:36,42.4003944396973,-8.9207067489624,"Female"
"9004151",371994,2025-07-04 04:44:36,42.4004974365234,-8.92091274261475,"Female"
"9004151",371994,2025-07-04 04:49:37,42.4005241394043,-8.92083549499512,"Female"
"9004151",371994,2025-07-04 04:54:36,42.400520324707,-8.92097187042236,"Female"
"9004151",371994,2025-07-04 04:59:37,42.4005470275879,-8.92091178894043,"Female"
"9004151",371994,2025-07-04 05:04:36,42.4006958007812,-8.92120838165283,"Female"
"9004151",371994,2025-07-04 05:09:36,42.4005889892578,-8.92090892791748,"Female"
"9004151",371994,2025-07-04 05:14:36,42.4005165100098,-8.92083168029785,"Female"
"9004151",371994,2025-07-04 05:19:36,42.4003639221191,-8.92066097259521,"Female"
"9004151",371994,2025-07-04 05:24:36,42.4005737304688,-8.92100238800049,"Female"
"9004151",371994,2025-07-04 05:29:39,42.4004707336426,-8.92086601257324,"Female"
"9004151",371994,2025-07-04 05:34:37,42.4003677368164,-8.92066192626953,"Female"
"9004151",371994,2025-07-04 05:39:36,42.4004020690918,-8.92070960998535,"Female"
"9004151",371994,2025-07-04 05:44:36,42.4004325866699,-8.92069244384766,"Female"
"9004151",371994,2025-07-04 05:49:39,42.400634765625,-8.92100811004639,"Female"
"9004151",371994,2025-07-04 05:54:39,42.4006881713867,-8.92107105255127,"Female"
"9004151",371994,2025-07-04 06:00:05,42.4004440307617,-8.92070484161377,"Female"
"9004151",371994,2025-07-04 06:04:36,42.4004287719727,-8.92063140869141,"Female"
"9004151",371994,2025-07-04 06:09:36,42.4004936218262,-8.92091655731201,"Female"
"9004151",371994,2025-07-04 06:14:36,42.400562286377,-8.92107963562012,"Female"
"9004151",371994,2025-07-04 06:19:37,42.4005279541016,-8.9210319519043,"Female"
"9004151",371994,2025-07-04 06:24:43,42.4004440307617,-8.92070865631104,"Female"
"9004151",371994,2025-07-04 06:29:37,42.4004974365234,-8.92093086242676,"Female"
"9004151",371994,2025-07-04 06:34:49,42.4003944396973,-8.92066955566406,"Female"
"9004151",371994,2025-07-04 06:39:40,42.4003868103027,-8.92097854614258,"Female"
"9004151",371994,2025-07-04 06:44:40,42.3991432189941,-8.91301822662354,"Female"
"9004151",371994,2025-07-04 06:49:39,42.4004936218262,-8.89630603790283,"Female"
"9004151",371994,2025-07-04 06:54:39,42.4008178710938,-8.89625644683838,"Female"
"9004151",371994,2025-07-04 06:59:40,42.4106407165527,-8.88875484466553,"Female"
"9004151",371994,2025-07-04 07:04:41,42.4103240966797,-8.88856506347656,"Female"
"9004151",371994,2025-07-04 07:09:43,42.4103507995605,-8.88830089569092,"Female"
"9004151",371994,2025-07-04 07:14:37,42.4107437133789,-8.88812065124512,"Female"
"9004151",371994,2025-07-04 07:19:44,42.4119415283203,-8.8883752822876,"Female"
"9004151",371994,2025-07-04 07:24:43,42.4123039245605,-8.88863754272461,"Female"
"9004151",371994,2025-07-04 07:29:45,42.4123687744141,-8.89025592803955,"Female"
"9004151",371994,2025-07-04 07:34:43,42.4123916625977,-8.89157104492188,"Female"
"9004151",371994,2025-07-04 07:39:44,42.404426574707,-8.90760135650635,"Female"
"9004151",371994,2025-07-04 07:45:05,42.400520324707,-8.92063331604004,"Female"
"9004151",371994,2025-07-04 07:49:41,42.4005279541016,-8.92066860198975,"Female"
"9004151",371994,2025-07-04 07:54:41,42.4004020690918,-8.92064762115479,"Female"
"9004151",371994,2025-07-04 07:59:40,42.400390625,-8.9206485748291,"Female"
"9004151",371994,2025-07-04 08:04:41,42.400447845459,-8.92062282562256,"Female"
"9004151",371994,2025-07-04 08:09:43,42.4005241394043,-8.92064762115479,"Female"
"9004151",371994,2025-07-04 08:14:41,42.4007377624512,-8.92074966430664,"Female"
"9004151",371994,2025-07-04 08:19:41,42.4006690979004,-8.92072200775146,"Female"
"9004151",371994,2025-07-04 08:24:48,42.4005088806152,-8.92071628570557,"Female"
"9004151",371994,2025-07-04 08:29:41,42.400505065918,-8.92065906524658,"Female"
"9004151",371994,2025-07-04 08:34:41,42.4005393981934,-8.92069530487061,"Female"
"9004151",371994,2025-07-04 08:39:41,42.4005165100098,-8.92069339752197,"Female"
"9004151",371994,2025-07-04 08:44:41,42.4005012512207,-8.92054080963135,"Female"
"9004151",371994,2025-07-04 08:49:41,42.4005241394043,-8.92063808441162,"Female"
"9004151",371994,2025-07-04 08:54:41,42.4005393981934,-8.92063903808594,"Female"
"9004151",371994,2025-07-04 08:59:41,42.400562286377,-8.92080211639404,"Female"
"9004151",371994,2025-07-04 09:04:41,42.4005279541016,-8.92059230804443,"Female"
"9004151",371994,2025-07-04 09:09:41,42.4004974365234,-8.92063903808594,"Female"
"9004151",371994,2025-07-04 09:14:41,42.4005165100098,-8.92065143585205,"Female"
"9004151",371994,2025-07-04 09:19:41,42.400505065918,-8.92063426971436,"Female"
"9004151",371994,2025-07-04 09:24:41,42.4005165100098,-8.92054271697998,"Female"
"9004151",371994,2025-07-04 09:30:05,42.4004745483398,-8.92068958282471,"Female"
"9004151",371994,2025-07-04 09:34:41,42.400577545166,-8.92057514190674,"Female"
"9004151",371994,2025-07-04 09:39:41,42.4005699157715,-8.92046451568604,"Female"
"9004151",371994,2025-07-04 09:44:41,42.4005165100098,-8.92053508758545,"Female"
"9004151",371994,2025-07-04 09:49:42,42.4005279541016,-8.92048931121826,"Female"
"9004151",371994,2025-07-04 09:54:41,42.4005546569824,-8.92037582397461,"Female"
"9004151",371994,2025-07-04 09:59:44,42.4005317687988,-8.92038536071777,"Female"
"9004151",371994,2025-07-04 10:04:42,42.4005851745605,-8.92030715942383,"Female"
"9004151",371994,2025-07-04 10:10:05,42.4005851745605,-8.92044734954834,"Female"
"9004151",371994,2025-07-04 10:14:42,42.4005355834961,-8.92018890380859,"Female"
"9004151",371994,2025-07-04 10:19:41,42.4004936218262,-8.92017650604248,"Female"
"9004151",371994,2025-07-04 10:24:42,42.4005126953125,-8.9201717376709,"Female"
"9004151",371994,2025-07-04 10:29:42,42.4004364013672,-8.92012596130371,"Female"
"9004151",371994,2025-07-04 10:34:43,42.4007797241211,-8.9205322265625,"Female"
"9004151",371994,2025-07-04 10:39:49,42.400764465332,-8.92035675048828,"Female"
"9004151",371994,2025-07-04 10:44:41,42.4003524780273,-8.91967964172363,"Female"
"9004151",371994,2025-07-04 10:49:48,42.4008750915527,-8.92068290710449,"Female"
"9004151",371994,2025-07-04 10:54:41,42.4014434814453,-8.92024326324463,"Female"
"9004151",371994,2025-07-04 10:59:42,42.4015884399414,-8.9202995300293,"Female"
"9004151",371994,2025-07-04 11:04:42,42.4017601013184,-8.9204797744751,"Female"
"9004151",371994,2025-07-04 11:09:41,42.4019050598145,-8.92061996459961,"Female"
"9004151",371994,2025-07-04 11:14:41,42.4019203186035,-8.92063903808594,"Female"
"9004151",371994,2025-07-04 11:19:41,42.40185546875,-8.92068767547607,"Female"
"9004151",371994,2025-07-04 11:24:42,42.4018936157227,-8.92073535919189,"Female"
"9004151",371994,2025-07-04 11:29:41,42.4019660949707,-8.920729637146,"Female"
"9004151",371994,2025-07-04 11:34:41,42.4018669128418,-8.92068290710449,"Female"
"9004151",371994,2025-07-04 11:39:41,42.4017791748047,-8.92075061798096,"Female"
"9004151",371994,2025-07-04 11:44:42,42.4017295837402,-8.92068481445312,"Female"
"9004151",371994,2025-07-04 11:49:41,42.4017333984375,-8.92067527770996,"Female"
"9004151",371994,2025-07-04 11:54:41,42.4018020629883,-8.92067909240723,"Female"
"9004151",371994,2025-07-04 11:59:41,42.4012222290039,-8.92068290710449,"Female"
"9004151",371994,2025-07-04 12:04:42,42.4011650085449,-8.92075729370117,"Female"
"9004151",371994,2025-07-04 12:09:42,42.4010467529297,-8.92073917388916,"Female"
"9004151",371994,2025-07-04 12:14:41,42.4007377624512,-8.92064666748047,"Female"
"9004151",371994,2025-07-04 12:19:41,42.4015731811523,-8.92065048217773,"Female"
"9004151",371994,2025-07-04 12:24:41,42.4015579223633,-8.92065334320068,"Female"
"9004151",371994,2025-07-04 12:29:42,42.4014892578125,-8.92061710357666,"Female"
"9004151",371994,2025-07-04 12:34:41,42.4013633728027,-8.9205961227417,"Female"
"9004151",371994,2025-07-04 12:39:41,42.4015426635742,-8.92062473297119,"Female"
"9004151",371994,2025-07-04 12:44:41,42.4015197753906,-8.92062091827393,"Female"
"9004151",371994,2025-07-04 12:49:41,42.401538848877,-8.92067337036133,"Female"
"9004151",371994,2025-07-04 12:54:41,42.401496887207,-8.92070198059082,"Female"
"9004151",371994,2025-07-04 12:59:41,42.4015159606934,-8.920654296875,"Female"
"9004151",371994,2025-07-04 13:04:41,42.4015274047852,-8.92070770263672,"Female"
"9004151",371994,2025-07-04 13:09:41,42.4014739990234,-8.92065334320068,"Female"
"9004151",371994,2025-07-04 13:14:41,42.401481628418,-8.92066478729248,"Female"
"9004151",371994,2025-07-04 13:19:41,42.401496887207,-8.92071437835693,"Female"
"9004151",371994,2025-07-04 13:24:41,42.4015121459961,-8.92059326171875,"Female"
"9004151",371994,2025-07-04 13:29:42,42.4027671813965,-8.90971088409424,"Female"
"9004151",371994,2025-07-04 13:34:41,42.4032974243164,-8.90927314758301,"Female"
"9004151",371994,2025-07-04 13:39:41,42.4035186767578,-8.9090633392334,"Female"
"9004151",371994,2025-07-04 13:44:41,42.4040832519531,-8.90879058837891,"Female"
"9004151",371994,2025-07-04 13:49:41,42.4041709899902,-8.90848636627197,"Female"
"9004151",371994,2025-07-04 13:55:05,42.4036331176758,-8.90849685668945,"Female"
"9004151",371994,2025-07-04 13:59:40,42.4096794128418,-8.90666007995605,"Female"
"9004151",371994,2025-07-04 14:04:40,42.4210891723633,-8.9003734588623,"Female"
"9004151",371994,2025-07-04 14:09:41,42.4232940673828,-8.89635467529297,"Female"
"9004151",371994,2025-07-04 14:15:13,42.424633026123,-8.89600658416748,"Female"
"9004151",371994,2025-07-04 14:20:28,42.4344749450684,-8.90058994293213,"Female"
"9004151",371994,2025-07-04 14:26:16,42.4353904724121,-8.9015007019043,"Female"
"9004151",371994,2025-07-04 14:31:46,42.4358711242676,-8.89969539642334,"Female"
"9004151",371994,2025-07-04 14:37:10,42.4363708496094,-8.89806747436523,"Female"
"9004151",371994,2025-07-04 14:43:16,42.4372901916504,-8.89619445800781,"Female"
"9004151",371994,2025-07-04 14:48:24,42.4385261535645,-8.89579963684082,"Female"
"9004151",371994,2025-07-04 14:53:32,42.4392738342285,-8.89570617675781,"Female"
"9004151",371994,2025-07-04 14:59:44,42.4395027160645,-8.8939905166626,"Female"
"9004151",371994,2025-07-04 15:04:43,42.4401588439941,-8.89324569702148,"Female"
"9004151",371994,2025-07-04 15:09:44,42.4409294128418,-8.8931303024292,"Female"
"9004151",371994,2025-07-04 15:14:44,42.4409599304199,-8.89405155181885,"Female"
"9004151",371994,2025-07-04 15:19:44,42.4402503967285,-8.89425086975098,"Female"
"9004151",371994,2025-07-04 15:25:03,42.4410247802734,-8.89299583435059,"Female"
"9004151",371994,2025-07-04 15:30:03,42.4418449401855,-8.89370441436768,"Female"
"9004151",371994,2025-07-04 15:35:08,42.4415588378906,-8.89506244659424,"Female"
"9004151",371994,2025-07-04 15:40:07,42.4419136047363,-8.89639091491699,"Female"
"9004151",371994,2025-07-04 15:45:08,42.4422035217285,-8.89746284484863,"Female"
"9004151",371994,2025-07-04 15:50:07,42.4420928955078,-8.89856433868408,"Female"
"9004151",371994,2025-07-04 15:56:22,42.4427261352539,-8.89991474151611,"Female"
"9004151",371994,2025-07-04 16:01:18,42.4443321228027,-8.90079212188721,"Female"
"9004151",371994,2025-07-04 16:07:18,42.4431037902832,-8.89697265625,"Female"
"9004151",371994,2025-07-04 16:12:16,42.4423217773438,-8.89662551879883,"Female"
"9004151",371994,2025-07-04 16:17:37,42.4408187866211,-8.89681529998779,"Female"
"9004151",371994,2025-07-04 16:23:58,42.4391822814941,-8.89683818817139,"Female"
"9004151",371994,2025-07-04 16:28:57,42.4383430480957,-8.89685821533203,"Female"
"9004151",371994,2025-07-04 16:33:57,42.4109001159668,-8.91025829315186,"Female"
"9004151",371994,2025-07-04 16:39:14,42.3998489379883,-8.92118549346924,"Female"
"9004151",371994,2025-07-04 16:43:57,42.4001998901367,-8.92108345031738,"Female"
"9004152",371985,2025-05-13 09:10:29,42.3972816467285,-8.92142486572266,"Male"
"9004152",371985,2025-05-13 09:13:54,42.3973197937012,-8.92138767242432,"Male"
"9004152",371985,2025-05-13 09:18:24,42.3973083496094,-8.92137908935547,"Male"
"9004152",371985,2025-05-13 09:23:26,42.397159576416,-8.92132949829102,"Male"
"9004152",371985,2025-05-13 09:28:30,42.396915435791,-8.92123794555664,"Male"
"9004152",371985,2025-05-13 09:33:24,42.3974304199219,-8.92135620117188,"Male"
"9004152",371985,2025-05-13 09:38:24,42.3972587585449,-8.92139148712158,"Male"
"9004152",371985,2025-05-13 09:43:27,42.3972053527832,-8.92136287689209,"Male"
"9004152",371985,2025-05-13 09:48:35,42.3973197937012,-8.92138385772705,"Male"
"9004152",371985,2025-05-13 09:53:17,42.3971977233887,-8.92152690887451,"Male"
"9004152",371985,2025-05-13 09:58:24,42.397289276123,-8.92129039764404,"Male"
"9004152",371985,2025-05-13 10:03:15,42.3972053527832,-8.92140007019043,"Male"
"9004152",371985,2025-05-13 10:08:23,42.3973121643066,-8.92131233215332,"Male"
"9004152",371985,2025-05-13 10:13:27,42.397331237793,-8.92126083374023,"Male"
"9004152",371985,2025-05-13 10:18:16,42.3972396850586,-8.92131996154785,"Male"
"9004152",371985,2025-05-13 10:23:25,42.397216796875,-8.92129421234131,"Male"
"9004152",371985,2025-05-13 10:28:27,42.3974456787109,-8.9212007522583,"Male"
"9004152",371985,2025-05-13 10:33:22,42.3974380493164,-8.92075443267822,"Male"
"9004152",371985,2025-05-13 10:38:44,42.3973083496094,-8.9211540222168,"Male"
"9004152",371985,2025-05-13 10:44:03,42.3972663879395,-8.92104244232178,"Male"
"9004152",371985,2025-05-13 10:48:35,42.3973121643066,-8.92118740081787,"Male"
"9004152",371985,2025-05-13 10:53:33,42.3973655700684,-8.92121696472168,"Male"
"9004152",371985,2025-05-13 10:59:40,42.3976898193359,-8.92150592803955,"Male"
"9004152",371985,2025-05-13 11:04:40,42.3976593017578,-8.92146968841553,"Male"
"9004152",371985,2025-05-13 11:09:40,42.3976020812988,-8.92146492004395,"Male"
"9004152",371985,2025-05-13 11:14:40,42.3976173400879,-8.92149257659912,"Male"
"9004152",371985,2025-05-13 11:18:15,42.3979949951172,-8.91765785217285,"Male"
"9004152",371985,2025-05-13 11:23:15,42.3980484008789,-8.91805267333984,"Male"
"9004152",371985,2025-05-13 11:28:16,42.3978881835938,-8.91822910308838,"Male"
"9004152",371985,2025-05-13 11:33:44,42.3977584838867,-8.91937065124512,"Male"
"9004152",371985,2025-05-13 11:38:19,42.3977890014648,-8.9191951751709,"Male"
"9004152",371985,2025-05-13 11:43:25,42.3982238769531,-8.91913986206055,"Male"
"9004152",371985,2025-05-13 11:48:17,42.3995666503906,-8.92078304290771,"Male"
"9004152",371985,2025-05-13 11:53:19,42.399471282959,-8.92085456848145,"Male"
"9004152",371985,2025-05-13 11:58:24,42.399471282959,-8.92082691192627,"Male"
"9004152",371985,2025-05-13 12:03:25,42.3995132446289,-8.92093849182129,"Male"
"9004152",371985,2025-05-13 12:08:21,42.3995018005371,-8.92098045349121,"Male"
"9004152",371985,2025-05-13 12:13:15,42.399585723877,-8.9208812713623,"Male"
"9004152",371985,2025-05-13 12:18:16,42.3994445800781,-8.92088890075684,"Male"
"9004152",371985,2025-05-13 12:23:16,42.3994827270508,-8.9210844039917,"Male"
"9004152",371985,2025-05-13 12:28:18,42.399471282959,-8.9208288192749,"Male"
"9004152",371985,2025-05-13 12:33:35,42.3994255065918,-8.92076206207275,"Male"
"9004152",371985,2025-05-13 12:38:44,42.3993911743164,-8.92075061798096,"Male"
"9004152",371985,2025-05-13 12:43:15,42.3992919921875,-8.92074203491211,"Male"
"9004152",371985,2025-05-13 12:48:23,42.3994674682617,-8.92068004608154,"Male"
"9004152",371985,2025-05-13 12:53:15,42.3994369506836,-8.92072200775146,"Male"
"9004152",371985,2025-05-13 12:58:21,42.399528503418,-8.92077827453613,"Male"
"9004152",371985,2025-05-13 13:03:16,42.3994483947754,-8.92066383361816,"Male"
"9004152",371985,2025-05-13 13:08:19,42.3994903564453,-8.92080497741699,"Male"
"9004152",371985,2025-05-13 13:13:15,42.399471282959,-8.92078495025635,"Male"
"9004152",371985,2025-05-13 13:18:17,42.3995628356934,-8.92080020904541,"Male"
"9004152",371985,2025-05-13 13:23:22,42.3995628356934,-8.92080593109131,"Male"
"9004152",371985,2025-05-13 13:28:23,42.3995475769043,-8.92084217071533,"Male"
"9004152",371985,2025-05-13 13:33:35,42.3995399475098,-8.92081260681152,"Male"
"9004152",371985,2025-05-13 13:38:16,42.3995666503906,-8.92084693908691,"Male"
"9004152",371985,2025-05-13 13:43:16,42.3995399475098,-8.92087173461914,"Male"
"9004152",371985,2025-05-13 13:48:16,42.3995246887207,-8.92080783843994,"Male"
"9004152",371985,2025-05-13 13:53:18,42.3995971679688,-8.92074680328369,"Male"
"9004152",371985,2025-05-13 13:58:17,42.399715423584,-8.92095947265625,"Male"
"9004152",371985,2025-05-13 14:03:17,42.3993721008301,-8.9204740524292,"Male"
"9004152",371985,2025-05-13 14:08:16,42.3993988037109,-8.92064476013184,"Male"
"9004152",371985,2025-05-13 14:13:24,42.3994369506836,-8.92071914672852,"Male"
"9004152",371985,2025-05-13 14:18:18,42.3994255065918,-8.92065143585205,"Male"
"9004152",371985,2025-05-13 14:23:24,42.3994369506836,-8.92072677612305,"Male"
"9004152",371985,2025-05-13 14:28:23,42.3994560241699,-8.9207067489624,"Male"
"9004152",371985,2025-05-13 14:33:23,42.3994598388672,-8.92067050933838,"Male"
"9004152",371985,2025-05-13 14:38:25,42.3994445800781,-8.92083263397217,"Male"
"9004152",371985,2025-05-13 14:43:44,42.3994293212891,-8.92080688476562,"Male"
"9004152",371985,2025-05-13 14:48:15,42.3994140625,-8.92072105407715,"Male"
"9004152",371985,2025-05-13 14:53:16,42.3994674682617,-8.92002773284912,"Male"
"9004152",371985,2025-05-13 14:58:17,42.3994026184082,-8.92005062103271,"Male"
"9004152",371985,2025-05-13 15:03:21,42.3994522094727,-8.91982078552246,"Male"
"9004152",371985,2025-05-13 15:08:22,42.3994407653809,-8.92004680633545,"Male"
"9004152",371985,2025-05-13 15:13:17,42.3994560241699,-8.9200553894043,"Male"
"9004152",371985,2025-05-13 15:18:21,42.3994522094727,-8.92019748687744,"Male"
"9004152",371985,2025-05-13 15:23:17,42.3995780944824,-8.91912841796875,"Male"
"9004152",371985,2025-05-13 15:28:18,42.4037628173828,-8.91155815124512,"Male"
"9004152",371985,2025-05-13 15:33:47,42.3981895446777,-8.91897964477539,"Male"
"9004152",371985,2025-05-13 15:38:15,42.3977699279785,-8.91993522644043,"Male"
"9004152",371985,2025-05-13 15:43:15,42.3978004455566,-8.92007827758789,"Male"
"9004152",371985,2025-05-13 15:48:49,42.4049224853516,-8.91209697723389,"Male"
"9004152",371985,2025-05-13 15:53:48,42.4032363891602,-8.91395568847656,"Male"
"9004152",371985,2025-05-13 15:58:48,42.3981056213379,-8.92001533508301,"Male"
"9004152",371985,2025-05-13 16:04:22,42.3979759216309,-8.92012786865234,"Male"
"9004152",371985,2025-05-13 16:08:47,42.39794921875,-8.92012691497803,"Male"
"9004152",371985,2025-05-13 16:13:47,42.3979606628418,-8.92008876800537,"Male"
"9004152",371985,2025-05-13 16:18:47,42.3979682922363,-8.92014980316162,"Male"
"9004152",371985,2025-05-13 16:23:47,42.3979187011719,-8.91997718811035,"Male"
"9004152",371985,2025-05-13 16:28:47,42.3980102539062,-8.92008304595947,"Male"
"9004152",371985,2025-05-13 16:33:47,42.3978843688965,-8.91999340057373,"Male"
"9004152",371985,2025-05-13 16:38:50,42.3979377746582,-8.92013454437256,"Male"
"9004152",371985,2025-05-13 16:43:48,42.3979721069336,-8.92005062103271,"Male"
"9004152",371985,2025-05-13 16:48:51,42.3980255126953,-8.92030048370361,"Male"
"9004152",371985,2025-05-13 16:53:48,42.3980331420898,-8.92036533355713,"Male"
"9004152",371985,2025-05-13 16:58:49,42.3979988098145,-8.92012214660645,"Male"
"9004152",371985,2025-05-13 17:03:49,42.398063659668,-8.9200553894043,"Male"
"9004152",371985,2025-05-13 17:08:50,42.3980102539062,-8.91982460021973,"Male"
"9004152",371985,2025-05-13 17:13:52,42.3980560302734,-8.9201078414917,"Male"
"9004152",371985,2025-05-13 17:18:57,42.3981246948242,-8.92041397094727,"Male"
"9004152",371985,2025-05-13 17:23:50,42.3981742858887,-8.92102241516113,"Male"
"9004152",371985,2025-05-13 17:29:00,42.3981170654297,-8.92044448852539,"Male"
"9004152",371985,2025-05-13 17:33:51,42.3980293273926,-8.91938209533691,"Male"
"9004152",371985,2025-05-13 17:39:00,42.3981437683105,-8.92036533355713,"Male"
"9004152",371985,2025-05-13 17:43:59,42.3981285095215,-8.92031955718994,"Male"
"9004152",371985,2025-05-13 17:49:00,42.3981285095215,-8.92033576965332,"Male"
"9004152",371985,2025-05-13 17:53:57,42.3981437683105,-8.92037582397461,"Male"
"9004152",371985,2025-05-13 17:58:52,42.3981399536133,-8.92077159881592,"Male"
"9004152",371985,2025-05-13 18:04:32,42.398006439209,-8.92031383514404,"Male"
"9004152",371985,2025-05-13 18:08:48,42.398021697998,-8.92045974731445,"Male"
"9004152",371985,2025-05-13 18:13:48,42.3979949951172,-8.92032909393311,"Male"
"9004152",371985,2025-05-13 18:18:54,42.3977127075195,-8.92305564880371,"Male"
"9004152",371985,2025-05-13 18:23:48,42.3976440429688,-8.92137336730957,"Male"
"9004152",371985,2025-05-13 18:28:49,42.3976707458496,-8.92107582092285,"Male"
"9004152",371985,2025-05-13 18:33:49,42.3981819152832,-8.92080688476562,"Male"
"9004152",371985,2025-05-13 18:38:50,42.3979530334473,-8.92126655578613,"Male"
"9004152",371985,2025-05-13 18:43:50,42.3979377746582,-8.92143249511719,"Male"
"9004152",371985,2025-05-13 18:48:51,42.3978462219238,-8.92143440246582,"Male"
"9004152",371985,2025-05-13 18:53:58,42.3975563049316,-8.92117118835449,"Male"
"9004152",371985,2025-05-13 18:58:58,42.3975296020508,-8.92054462432861,"Male"
"9004152",371985,2025-05-13 19:04:21,42.3975486755371,-8.92055988311768,"Male"
"9004152",371985,2025-05-13 19:08:48,42.3975563049316,-8.92068958282471,"Male"
"9004152",371985,2025-05-13 19:13:51,42.397647857666,-8.92065715789795,"Male"
"9004152",371985,2025-05-13 19:18:50,42.3976173400879,-8.92065525054932,"Male"
"9004152",371985,2025-05-13 19:23:49,42.3974800109863,-8.92072582244873,"Male"
"9004152",371985,2025-05-13 19:28:49,42.3975257873535,-8.92071342468262,"Male"
"9004152",371985,2025-05-13 19:33:47,42.3975830078125,-8.92061328887939,"Male"
"9004152",371985,2025-05-13 19:38:49,42.3975868225098,-8.92067813873291,"Male"
"9004152",371985,2025-05-13 19:43:49,42.397518157959,-8.92055606842041,"Male"
"9004152",371985,2025-05-13 19:48:50,42.3975868225098,-8.92059898376465,"Male"
"9004152",371985,2025-05-13 19:53:48,42.3975601196289,-8.92064476013184,"Male"
"9004152",371985,2025-05-13 19:58:48,42.3975639343262,-8.9206018447876,"Male"
"9004152",371985,2025-05-13 20:03:49,42.3974304199219,-8.92064762115479,"Male"
"9004152",371985,2025-05-13 20:09:14,42.3974266052246,-8.92064380645752,"Male"
"9004152",371985,2025-05-13 20:13:47,42.3976287841797,-8.9207649230957,"Male"
"9004152",371985,2025-05-13 20:18:48,42.3975143432617,-8.92064952850342,"Male"
"9004152",371985,2025-05-13 20:23:48,42.3975868225098,-8.92082405090332,"Male"
"9004152",371985,2025-05-13 20:28:49,42.3976364135742,-8.92074775695801,"Male"
"9004152",371985,2025-05-13 20:33:48,42.3976593017578,-8.92078876495361,"Male"
"9004152",371985,2025-05-13 20:38:49,42.3976669311523,-8.92090797424316,"Male"
"9004152",371985,2025-05-13 20:43:48,42.3976287841797,-8.92081546783447,"Male"
"9004152",371985,2025-05-13 20:49:14,42.3976173400879,-8.92089939117432,"Male"
"9004152",371985,2025-05-13 20:53:48,42.3976821899414,-8.92083168029785,"Male"
"9004152",371985,2025-05-13 20:58:48,42.3976821899414,-8.92077159881592,"Male"
"9004152",371985,2025-05-13 21:03:48,42.3977127075195,-8.92084980010986,"Male"
"9004152",371985,2025-05-13 21:08:48,42.3976936340332,-8.92079544067383,"Male"
"9004152",371985,2025-05-13 21:13:48,42.3976402282715,-8.9207706451416,"Male"
"9004152",371985,2025-05-13 21:18:48,42.3976593017578,-8.92078113555908,"Male"
"9004152",371985,2025-05-13 21:23:49,42.3975982666016,-8.92080593109131,"Male"
"9004152",371985,2025-05-13 21:28:51,42.397590637207,-8.92083168029785,"Male"
"9004152",371985,2025-05-13 21:33:48,42.3977088928223,-8.92072868347168,"Male"
"9004152",371985,2025-05-13 21:38:48,42.3976707458496,-8.92087268829346,"Male"
"9004152",371985,2025-05-13 21:43:49,42.3975219726562,-8.92079067230225,"Male"
"9004152",371985,2025-05-13 21:49:15,42.3976287841797,-8.92076873779297,"Male"
"9004152",371985,2025-05-13 21:54:23,42.3975791931152,-8.92064952850342,"Male"
"9004152",371985,2025-05-13 21:58:47,42.3976058959961,-8.9206485748291,"Male"
"9004152",371985,2025-05-13 22:03:47,42.3976516723633,-8.92051696777344,"Male"
"9004152",371985,2025-05-13 22:08:48,42.3976669311523,-8.92057800292969,"Male"
"9004152",371985,2025-05-13 22:13:47,42.3976020812988,-8.92068958282471,"Male"
"9004152",371985,2025-05-13 22:18:51,42.397274017334,-8.92090129852295,"Male"
"9004152",371985,2025-05-13 22:24:00,42.3974838256836,-8.92070293426514,"Male"
"9004152",371985,2025-05-13 22:28:52,42.3974838256836,-8.92066383361816,"Male"
"9004152",371985,2025-05-13 22:34:35,42.3975677490234,-8.92072772979736,"Male"
"9004152",371985,2025-05-13 22:38:47,42.3976173400879,-8.92093849182129,"Male"
"9004152",371985,2025-05-13 22:43:48,42.3975944519043,-8.92077350616455,"Male"
"9004152",371985,2025-05-13 22:48:48,42.3975524902344,-8.92072010040283,"Male"
"9004152",371985,2025-05-13 22:53:48,42.3975830078125,-8.92088985443115,"Male"
"9004152",371985,2025-05-13 22:58:47,42.3975982666016,-8.92074394226074,"Male"
"9004152",371985,2025-05-13 23:03:47,42.3976058959961,-8.92080974578857,"Male"
"9004152",371985,2025-05-13 23:08:47,42.3975639343262,-8.92082500457764,"Male"
"9004152",371985,2025-05-13 23:13:47,42.397575378418,-8.92080879211426,"Male"
"9004152",371985,2025-05-13 23:18:47,42.3976097106934,-8.92081260681152,"Male"
"9004152",371985,2025-05-13 23:23:48,42.3976020812988,-8.92080783843994,"Male"
"9004152",371985,2025-05-13 23:28:47,42.3975944519043,-8.92080116271973,"Male"
"9004152",371985,2025-05-13 23:33:47,42.397575378418,-8.92079544067383,"Male"
"9004152",371985,2025-05-13 23:39:14,42.3975982666016,-8.92074012756348,"Male"
"9004152",371985,2025-05-13 23:43:47,42.3975524902344,-8.92066287994385,"Male"
"9004152",371985,2025-05-13 23:48:48,42.3975028991699,-8.92071723937988,"Male"
"9004152",371985,2025-05-13 23:53:47,42.3976440429688,-8.92072677612305,"Male"
"9004152",371985,2025-05-13 23:58:47,42.397647857666,-8.92076683044434,"Male"
"9004152",371985,2025-05-14 00:03:50,42.3974914550781,-8.92066097259521,"Male"
"9004152",371985,2025-05-14 00:08:48,42.3973159790039,-8.9202823638916,"Male"
"9004152",371985,2025-05-14 00:13:51,42.3974533081055,-8.92055130004883,"Male"
"9004152",371985,2025-05-14 00:18:52,42.3976593017578,-8.92079067230225,"Male"
"9004152",371985,2025-05-14 00:23:52,42.3976440429688,-8.92072677612305,"Male"
"9004152",371985,2025-05-14 00:28:50,42.3975791931152,-8.92056846618652,"Male"
"9004152",371985,2025-05-14 00:34:14,42.3975143432617,-8.92045307159424,"Male"
"9004152",371985,2025-05-14 00:39:19,42.3975563049316,-8.92055130004883,"Male"
"9004152",371985,2025-05-14 00:44:08,42.3975601196289,-8.92062664031982,"Male"
"9004152",371985,2025-05-14 00:49:23,42.3975982666016,-8.92063999176025,"Male"
"9004152",371985,2025-05-14 00:53:48,42.3975296020508,-8.92051410675049,"Male"
"9004152",371985,2025-05-14 00:58:49,42.3976402282715,-8.92080688476562,"Male"
"9004152",371985,2025-05-14 01:03:49,42.3976440429688,-8.92082023620605,"Male"
"9004152",371985,2025-05-14 01:08:51,42.3975524902344,-8.9207706451416,"Male"
"9004152",371985,2025-05-14 01:14:00,42.3976440429688,-8.92057323455811,"Male"
"9004152",371985,2025-05-14 01:18:54,42.3976287841797,-8.92082691192627,"Male"
"9004152",371985,2025-05-14 01:23:54,42.3975257873535,-8.92073345184326,"Male"
"9004152",371985,2025-05-14 01:29:00,42.3976402282715,-8.92059993743896,"Male"
"9004152",371985,2025-05-14 01:33:57,42.397518157959,-8.92058563232422,"Male"
"9004152",371985,2025-05-14 01:39:01,42.3975639343262,-8.92068576812744,"Male"
"9004152",371985,2025-05-14 01:44:00,42.3975944519043,-8.92060375213623,"Male"
"9004152",371985,2025-05-14 01:49:01,42.3975944519043,-8.92056179046631,"Male"
"9004152",371985,2025-05-14 01:54:01,42.3976364135742,-8.92052936553955,"Male"
"9004152",371985,2025-05-14 01:59:14,42.3976211547852,-8.92033100128174,"Male"
"9004152",371985,2025-05-14 02:04:00,42.3975830078125,-8.92038154602051,"Male"
"9004152",371985,2025-05-14 02:09:00,42.3976135253906,-8.92030429840088,"Male"
"9004152",371985,2025-05-14 02:14:35,42.3976173400879,-8.92050838470459,"Male"
"9004152",371985,2025-05-14 02:18:47,42.3976936340332,-8.92072582244873,"Male"
"9004152",371985,2025-05-14 02:23:48,42.397647857666,-8.9205846786499,"Male"
"9004152",371985,2025-05-14 02:29:01,42.3976249694824,-8.9210901260376,"Male"
"9004152",371985,2025-05-14 02:33:51,42.3975868225098,-8.92098903656006,"Male"
"9004152",371985,2025-05-14 02:38:48,42.3976173400879,-8.92104244232178,"Male"
"9004152",371985,2025-05-14 02:44:00,42.3975715637207,-8.92096042633057,"Male"
"9004152",371985,2025-05-14 02:49:15,42.3976058959961,-8.92109680175781,"Male"
"9004152",371985,2025-05-14 02:54:33,42.3975944519043,-8.92084693908691,"Male"
"9004152",371985,2025-05-14 02:58:50,42.3971214294434,-8.9199275970459,"Male"
"9004152",371985,2025-05-14 03:03:55,42.3975830078125,-8.92067432403564,"Male"
"9004152",371985,2025-05-14 03:08:52,42.3976440429688,-8.92080020904541,"Male"
"9004152",371985,2025-05-14 03:13:53,42.3976707458496,-8.92083644866943,"Male"
"9004152",371985,2025-05-14 03:18:52,42.397819519043,-8.92119407653809,"Male"
"9004152",371985,2025-05-14 03:23:51,42.3975105285645,-8.92048454284668,"Male"
"9004152",371985,2025-05-14 03:28:52,42.3974571228027,-8.92064762115479,"Male"
"9004152",371985,2025-05-14 03:33:48,42.3977470397949,-8.92093849182129,"Male"
"9004152",371985,2025-05-14 03:38:54,42.3975524902344,-8.92055892944336,"Male"
"9004152",371985,2025-05-14 03:43:48,42.397575378418,-8.9203929901123,"Male"
"9004152",371985,2025-05-14 03:48:48,42.3975830078125,-8.92041206359863,"Male"
"9004152",371985,2025-05-14 03:53:48,42.3976097106934,-8.92036151885986,"Male"
"9004152",371985,2025-05-14 03:58:48,42.3976783752441,-8.92030143737793,"Male"
"9004152",371985,2025-05-14 04:03:48,42.3976669311523,-8.92026424407959,"Male"
"9004152",371985,2025-05-14 04:08:49,42.3976707458496,-8.92029571533203,"Male"
"9004152",371985,2025-05-14 04:13:48,42.3976440429688,-8.92024898529053,"Male"
"9004152",371985,2025-05-14 04:18:48,42.3975944519043,-8.92019653320312,"Male"
"9004152",371985,2025-05-14 04:23:49,42.3976516723633,-8.92034435272217,"Male"
"9004152",371985,2025-05-14 04:28:48,42.3975868225098,-8.92033863067627,"Male"
"9004152",371985,2025-05-14 04:33:48,42.397575378418,-8.92035102844238,"Male"
"9004152",371985,2025-05-14 04:38:49,42.3976364135742,-8.92031860351562,"Male"
"9004152",371985,2025-05-14 04:43:48,42.3977127075195,-8.92032623291016,"Male"
"9004152",371985,2025-05-14 04:48:48,42.3976211547852,-8.92042064666748,"Male"
"9004152",371985,2025-05-14 04:53:53,42.3976745605469,-8.92043399810791,"Male"
"9004152",371985,2025-05-14 04:58:50,42.3981742858887,-8.92023754119873,"Male"
"9004152",371985,2025-05-14 05:03:49,42.398193359375,-8.92027950286865,"Male"
"9004152",371985,2025-05-14 05:08:50,42.3981056213379,-8.92033576965332,"Male"
"9004152",371985,2025-05-14 05:13:49,42.3980979919434,-8.92025470733643,"Male"
"9004152",371985,2025-05-14 05:19:00,42.3981781005859,-8.92038726806641,"Male"
"9004152",371985,2025-05-14 05:23:48,42.3988914489746,-8.91621398925781,"Male"
"9004152",371985,2025-05-14 05:28:52,42.400074005127,-8.90347099304199,"Male"
"9004152",371985,2025-05-14 05:33:58,42.400203704834,-8.90275859832764,"Male"
"9004152",371985,2025-05-14 05:39:41,42.4001312255859,-8.90080642700195,"Male"
"9004152",371985,2025-05-14 05:45:18,42.4013557434082,-8.89905452728271,"Male"
"9004152",371985,2025-05-14 05:51:04,42.4048156738281,-8.89893913269043,"Male"
"9004152",371985,2025-05-14 05:56:23,42.4065628051758,-8.89963245391846,"Male"
"9004152",371985,2025-05-14 06:01:32,42.405876159668,-8.89933586120605,"Male"
"9004152",371985,2025-05-14 06:06:33,42.4050598144531,-8.90034675598145,"Male"
"9004152",371985,2025-05-14 06:11:39,42.4047355651855,-8.90022087097168,"Male"
"9004152",371985,2025-05-14 06:17:17,42.4036865234375,-8.90147686004639,"Male"
"9004152",371985,2025-05-14 06:22:16,42.4033584594727,-8.90155601501465,"Male"
"9004152",371985,2025-05-14 06:27:14,42.4097213745117,-8.87633800506592,"Male"
"9004152",371985,2025-05-14 06:32:30,42.4100112915039,-8.87441349029541,"Male"
"9004152",371985,2025-05-14 06:37:34,42.4086227416992,-8.87326431274414,"Male"
"9004152",371985,2025-05-14 06:42:37,42.4100341796875,-8.87334156036377,"Male"
"9004152",371985,2025-05-14 06:48:23,42.4098091125488,-8.8717679977417,"Male"
"9004152",371985,2025-05-14 06:53:57,42.4097137451172,-8.87154483795166,"Male"
"9004152",371985,2025-05-14 06:59:36,42.4112892150879,-8.87222385406494,"Male"
"9004152",371985,2025-05-14 07:04:42,42.4106330871582,-8.87180805206299,"Male"
"9004152",371985,2025-05-14 07:12:15,42.4111518859863,-8.87125110626221,"Male"
"9004152",371985,2025-05-14 07:17:14,42.4091453552246,-8.8722448348999,"Male"
"9004152",371985,2025-05-14 07:22:15,42.3995666503906,-8.86111831665039,"Male"
"9004152",371985,2025-05-14 07:27:16,42.3987159729004,-8.85884952545166,"Male"
"9004152",371985,2025-05-14 07:32:16,42.3983383178711,-8.85821628570557,"Male"
"9004152",371985,2025-05-14 07:37:15,42.398307800293,-8.85807418823242,"Male"
"9004152",371985,2025-05-14 07:42:16,42.3982429504395,-8.85802936553955,"Male"
"9004152",371985,2025-05-14 07:47:42,42.3984298706055,-8.85816287994385,"Male"
"9004152",371985,2025-05-14 07:52:14,42.3984565734863,-8.85819721221924,"Male"
"9004152",371985,2025-05-14 07:57:15,42.3984718322754,-8.85823726654053,"Male"
"9004152",371985,2025-05-14 08:02:15,42.3983955383301,-8.85823535919189,"Male"
"9004152",371985,2025-05-14 08:07:15,42.3984527587891,-8.85818481445312,"Male"
"9004152",371985,2025-05-14 08:12:15,42.3985633850098,-8.85809135437012,"Male"
"9004152",371985,2025-05-14 08:17:49,42.3966407775879,-8.85961818695068,"Male"
"9004152",371985,2025-05-14 08:23:15,42.3954086303711,-8.86037158966064,"Male"
"9004152",371985,2025-05-14 08:28:56,42.3959197998047,-8.86020851135254,"Male"
"9004152",371985,2025-05-14 08:33:56,42.3957672119141,-8.8591365814209,"Male"
"9004152",371985,2025-05-14 08:39:24,42.3961982727051,-8.86050605773926,"Male"
"9004152",371985,2025-05-14 08:44:24,42.3973922729492,-8.86056041717529,"Male"
"9004152",371985,2025-05-14 08:49:24,42.3971672058105,-8.86028289794922,"Male"
"9004152",371985,2025-05-14 08:54:24,42.3976211547852,-8.8602991104126,"Male"
"9004152",371985,2025-05-14 08:59:37,42.396800994873,-8.85941219329834,"Male"
"9004152",371985,2025-05-14 09:04:37,42.3973236083984,-8.86056804656982,"Male"
"9004152",371985,2025-05-14 09:09:37,42.3982009887695,-8.86147212982178,"Male"
"9004152",371985,2025-05-14 09:14:37,42.3987503051758,-8.85922622680664,"Male"
"9004152",371985,2025-05-14 09:19:37,42.3987121582031,-8.8590784072876,"Male"
"9004152",371985,2025-05-14 09:24:37,42.3987350463867,-8.85907077789307,"Male"
"9004152",371985,2025-05-14 09:29:37,42.3987197875977,-8.85908794403076,"Male"
"9004152",371985,2025-05-14 09:34:37,42.398681640625,-8.85900402069092,"Male"
"9004152",371985,2025-05-14 09:39:37,42.3986206054688,-8.8590612411499,"Male"
"9004152",371985,2025-05-14 09:44:37,42.3986320495605,-8.85904216766357,"Male"
"9004152",371985,2025-05-14 09:49:37,42.3986740112305,-8.85913944244385,"Male"
"9004152",371985,2025-05-14 09:54:37,42.3986396789551,-8.85917472839355,"Male"
"9004152",371985,2025-05-14 09:59:37,42.3986778259277,-8.85907936096191,"Male"
"9004152",371985,2025-05-14 10:04:37,42.3986968994141,-8.85923671722412,"Male"
"9004152",371985,2025-05-14 10:09:37,42.3984680175781,-8.85889911651611,"Male"
"9004152",371985,2025-05-14 10:14:37,42.3985290527344,-8.85893535614014,"Male"
"9004152",371985,2025-05-14 10:19:37,42.3984680175781,-8.85906314849854,"Male"
"9004152",371985,2025-05-14 10:24:37,42.3986511230469,-8.85900592803955,"Male"
"9004152",371985,2025-05-14 10:29:37,42.3984756469727,-8.85907554626465,"Male"
"9004152",371985,2025-05-14 10:34:37,42.3985710144043,-8.85889720916748,"Male"
"9004152",371985,2025-05-14 10:39:37,42.3984527587891,-8.85899639129639,"Male"
"9004152",371985,2025-05-14 10:44:37,42.3986167907715,-8.85909557342529,"Male"
"9004152",371985,2025-05-14 10:49:37,42.3984642028809,-8.85892486572266,"Male"
"9004152",371985,2025-05-14 10:54:37,42.3984680175781,-8.85891819000244,"Male"
"9004152",371985,2025-05-14 10:59:37,42.3984489440918,-8.85887241363525,"Male"
"9004152",371985,2025-05-14 11:04:37,42.3984603881836,-8.85883903503418,"Male"
"9004152",371985,2025-05-14 11:09:57,42.397403717041,-8.85998058319092,"Male"
"9004152",371985,2025-05-14 11:14:58,42.3966941833496,-8.85972881317139,"Male"
"9004152",371985,2025-05-14 11:19:57,42.3960113525391,-8.85910606384277,"Male"
"9004152",371985,2025-05-14 11:24:58,42.3955307006836,-8.85926818847656,"Male"
"9004152",371985,2025-05-14 11:29:58,42.3961944580078,-8.86074924468994,"Male"
"9004152",371985,2025-05-14 11:34:57,42.3970642089844,-8.86209487915039,"Male"
"9004152",371985,2025-05-14 11:39:58,42.3978843688965,-8.86264610290527,"Male"
"9004152",371985,2025-05-14 11:44:58,42.3984718322754,-8.86123943328857,"Male"
"9004152",371985,2025-05-14 11:49:58,42.398853302002,-8.8588228225708,"Male"
"9004152",371985,2025-05-14 11:54:57,42.3987159729004,-8.85849857330322,"Male"
"9004152",371985,2025-05-14 12:00:00,42.3984222412109,-8.85858726501465,"Male"
"9004152",371985,2025-05-14 12:04:58,42.3985023498535,-8.85855007171631,"Male"
"9004152",371985,2025-05-14 12:09:58,42.398551940918,-8.85881900787354,"Male"
"9004152",371985,2025-05-14 12:14:59,42.3985786437988,-8.85891151428223,"Male"
"9004152",371985,2025-05-14 12:19:59,42.3986663818359,-8.85894870758057,"Male"
"9004152",371985,2025-05-14 12:24:58,42.3989410400391,-8.85974788665771,"Male"
"9004152",371985,2025-05-14 12:30:08,42.401065826416,-8.86633205413818,"Male"
"9004152",371985,2025-05-14 12:34:58,42.401554107666,-8.8668270111084,"Male"
"9004152",371985,2025-05-14 12:39:58,42.4017028808594,-8.8723840713501,"Male"
"9004152",371985,2025-05-14 12:44:58,42.4016647338867,-8.88218688964844,"Male"
"9004152",371985,2025-05-14 12:50:00,42.4005546569824,-8.8946008682251,"Male"
"9004152",371985,2025-05-14 12:55:03,42.3995323181152,-8.90146064758301,"Male"
"9004152",371985,2025-05-14 13:00:05,42.3983879089355,-8.90825653076172,"Male"
"9004152",371985,2025-05-14 13:04:57,42.3982162475586,-8.91268539428711,"Male"
"9004152",371985,2025-05-14 13:09:57,42.3981742858887,-8.91721820831299,"Male"
"9004152",371985,2025-05-14 13:14:58,42.3981437683105,-8.91913223266602,"Male"
"9004152",371985,2025-05-14 13:19:59,42.3983726501465,-8.92006874084473,"Male"
"9004152",371985,2025-05-14 13:24:59,42.3983001708984,-8.92016887664795,"Male"
"9004152",371985,2025-05-14 13:29:57,42.3983573913574,-8.92028903961182,"Male"
"9004152",371985,2025-05-14 13:34:57,42.3984107971191,-8.9202995300293,"Male"
"9004152",371985,2025-05-14 13:39:57,42.3990249633789,-8.92175197601318,"Male"
"9004152",371985,2025-05-14 13:44:58,42.3988990783691,-8.91885662078857,"Male"
"9004152",371985,2025-05-14 13:49:57,42.3982582092285,-8.91995429992676,"Male"
"9004152",371985,2025-05-14 13:54:59,42.398307800293,-8.92017841339111,"Male"
"9004152",371985,2025-05-14 13:59:59,42.3982925415039,-8.9201135635376,"Male"
"9004152",371985,2025-05-14 14:05:00,42.3983268737793,-8.92028141021729,"Male"
"9004152",371985,2025-05-14 14:09:58,42.3984832763672,-8.92066383361816,"Male"
"9004152",371985,2025-05-14 14:15:00,42.3983459472656,-8.92031574249268,"Male"
"9004152",371985,2025-05-14 14:20:03,42.3983917236328,-8.92033386230469,"Male"
"9004152",371985,2025-05-14 14:25:01,42.3983459472656,-8.92033004760742,"Male"
"9004152",371985,2025-05-14 14:30:06,42.3984298706055,-8.92035102844238,"Male"
"9004152",371985,2025-05-14 14:34:58,42.3983039855957,-8.92053604125977,"Male"
"9004152",371985,2025-05-14 14:39:59,42.3980484008789,-8.92085266113281,"Male"
"9004152",371985,2025-05-14 14:45:01,42.3984680175781,-8.92050933837891,"Male"
"9004152",371985,2025-05-14 14:50:00,42.3982467651367,-8.92063331604004,"Male"
"9004152",371985,2025-05-14 14:54:59,42.3979644775391,-8.92084980010986,"Male"
"9004152",371985,2025-05-14 14:59:58,42.3980903625488,-8.92087650299072,"Male"
"9004152",371985,2025-05-14 15:05:00,42.3979148864746,-8.92121696472168,"Male"
"9004152",371985,2025-05-14 15:09:58,42.3981018066406,-8.9207763671875,"Male"
"9004152",371985,2025-05-14 15:14:58,42.3977546691895,-8.92185020446777,"Male"
"9004152",371985,2025-05-14 15:19:59,42.3975486755371,-8.92219924926758,"Male"
"9004152",371985,2025-05-14 15:24:59,42.3982963562012,-8.92109680175781,"Male"
"9004152",371985,2025-05-14 15:30:13,42.3985328674316,-8.92098331451416,"Male"
"9004152",371985,2025-05-14 15:35:01,42.3985939025879,-8.920823097229,"Male"
"9004152",371985,2025-05-14 15:40:01,42.3983573913574,-8.92047500610352,"Male"
"9004152",371985,2025-05-14 15:44:59,42.3981018066406,-8.92075347900391,"Male"
"9004152",371985,2025-05-14 15:49:59,42.3980560302734,-8.92077350616455,"Male"
"9004152",371985,2025-05-14 15:54:57,42.3980827331543,-8.92078018188477,"Male"
"9004152",371985,2025-05-14 16:00:01,42.398250579834,-8.92066860198975,"Male"
"9004152",371985,2025-05-14 16:04:58,42.3980941772461,-8.9207763671875,"Male"
"9004152",371985,2025-05-14 16:09:57,42.3981742858887,-8.92069911956787,"Male"
"9004152",371985,2025-05-14 16:14:57,42.3993530273438,-8.91875553131104,"Male"
"9004152",371985,2025-05-14 16:19:57,42.3986015319824,-8.92007541656494,"Male"
"9004152",371985,2025-05-14 16:24:57,42.3985862731934,-8.92006683349609,"Male"
"9004152",371985,2025-05-14 16:29:57,42.3986206054688,-8.92010021209717,"Male"
"9004152",371985,2025-05-14 16:34:57,42.3985977172852,-8.92009353637695,"Male"
"9004152",371985,2025-05-14 16:39:57,42.3986206054688,-8.92011737823486,"Male"
"9004152",371985,2025-05-14 16:44:57,42.3986968994141,-8.920166015625,"Male"
"9004152",371985,2025-05-14 16:49:57,42.3986930847168,-8.9202241897583,"Male"
"9004152",371985,2025-05-14 16:54:57,42.3985977172852,-8.92032337188721,"Male"
"9004152",371985,2025-05-14 16:59:57,42.3987045288086,-8.9202880859375,"Male"
"9004152",371985,2025-05-14 17:04:57,42.3987045288086,-8.92043972015381,"Male"
"9004152",371985,2025-05-14 17:09:57,42.3987731933594,-8.92042636871338,"Male"
"9004152",371985,2025-05-14 17:14:57,42.3983001708984,-8.91869926452637,"Male"
"9004152",371985,2025-05-14 17:19:57,42.3992309570312,-8.92171096801758,"Male"
"9004152",371985,2025-05-14 17:24:59,42.398078918457,-8.92083549499512,"Male"
"9004152",371985,2025-05-14 17:29:58,42.3981018066406,-8.92135429382324,"Male"
"9004152",371985,2025-05-14 17:34:57,42.3981132507324,-8.92103958129883,"Male"
"9004152",371985,2025-05-14 17:39:58,42.3979873657227,-8.92084693908691,"Male"
"9004152",371985,2025-05-14 17:44:58,42.3980102539062,-8.92061519622803,"Male"
"9004152",371985,2025-05-14 17:49:57,42.3981399536133,-8.92103672027588,"Male"
"9004152",371985,2025-05-14 17:54:58,42.3982696533203,-8.9212064743042,"Male"
"9004152",371985,2025-05-14 17:59:58,42.3981971740723,-8.92131233215332,"Male"
"9004152",371985,2025-05-14 18:04:57,42.3981628417969,-8.92123413085938,"Male"
"9004152",371985,2025-05-14 18:09:58,42.3982353210449,-8.92105388641357,"Male"
"9004152",371985,2025-05-14 18:14:58,42.3982086181641,-8.92116928100586,"Male"
"9004152",371985,2025-05-14 18:20:03,42.3981018066406,-8.92174625396729,"Male"
"9004152",371985,2025-05-14 18:24:59,42.3979911804199,-8.9216480255127,"Male"
"9004152",371985,2025-05-14 18:30:01,42.3980522155762,-8.92143058776855,"Male"
"9004152",371985,2025-05-14 18:34:58,42.3973960876465,-8.92199611663818,"Male"
"9004152",371985,2025-05-14 18:40:00,42.3973846435547,-8.92194557189941,"Male"
"9004152",371985,2025-05-14 18:45:01,42.398021697998,-8.92184448242188,"Male"
"9004152",371985,2025-05-14 18:50:06,42.3979873657227,-8.92188739776611,"Male"
"9004152",371985,2025-05-14 18:55:06,42.3979415893555,-8.92164516448975,"Male"
"9004152",371985,2025-05-14 19:00:01,42.3979644775391,-8.92163181304932,"Male"
"9004152",371985,2025-05-14 19:05:01,42.398120880127,-8.92129707336426,"Male"
"9004152",371985,2025-05-14 19:10:05,42.3980598449707,-8.92170524597168,"Male"
"9004152",371985,2025-05-14 19:14:58,42.3977470397949,-8.92172241210938,"Male"
"9004152",371985,2025-05-14 19:20:08,42.3980903625488,-8.92177391052246,"Male"
"9004152",371985,2025-05-14 19:25:03,42.3980865478516,-8.92187213897705,"Male"
"9004152",371985,2025-05-14 19:29:59,42.3979377746582,-8.92171001434326,"Male"
"9004152",371985,2025-05-14 19:35:00,42.3979110717773,-8.921311378479,"Male"
"9004152",371985,2025-05-14 19:39:57,42.3978080749512,-8.92119312286377,"Male"
"9004152",371985,2025-05-14 19:44:57,42.3981094360352,-8.91983032226562,"Male"
"9004152",371985,2025-05-14 19:49:57,42.3978691101074,-8.92025566101074,"Male"
"9004152",371985,2025-05-14 19:54:57,42.3977851867676,-8.92009925842285,"Male"
"9004152",371985,2025-05-14 19:59:57,42.3978691101074,-8.92031192779541,"Male"
"9004152",371985,2025-05-14 20:04:57,42.3978309631348,-8.92026901245117,"Male"
"9004152",371985,2025-05-14 20:09:57,42.3978538513184,-8.92018985748291,"Male"
"9004152",371985,2025-05-14 20:14:57,42.397834777832,-8.92025852203369,"Male"
"9004152",371985,2025-05-14 20:19:58,42.3978118896484,-8.92031764984131,"Male"
"9004152",371985,2025-05-14 20:24:58,42.3978424072266,-8.92029094696045,"Male"
"9004152",371985,2025-05-14 20:30:06,42.3977317810059,-8.92013454437256,"Male"
"9004152",371985,2025-05-14 20:34:58,42.3978576660156,-8.92027282714844,"Male"
"9004152",371985,2025-05-14 20:39:58,42.3977012634277,-8.92000675201416,"Male"
"9004152",371985,2025-05-14 20:44:57,42.3977890014648,-8.92012596130371,"Male"
"9004152",371985,2025-05-14 20:49:57,42.3973960876465,-8.91962718963623,"Male"
"9004152",371985,2025-05-14 20:54:57,42.3974876403809,-8.91972637176514,"Male"
"9004152",371985,2025-05-14 20:59:57,42.3975563049316,-8.91990184783936,"Male"
"9004152",371985,2025-05-14 21:04:57,42.3979530334473,-8.92050361633301,"Male"
"9004152",371985,2025-05-14 21:09:58,42.3981132507324,-8.92039203643799,"Male"
"9004152",371985,2025-05-14 21:15:00,42.3984146118164,-8.9208869934082,"Male"
"9004152",371985,2025-05-14 21:19:59,42.3979721069336,-8.92034244537354,"Male"
"9004152",371985,2025-05-14 21:24:59,42.398136138916,-8.92014980316162,"Male"
"9004152",371985,2025-05-14 21:30:00,42.397819519043,-8.92145824432373,"Male"
"9004152",371985,2025-05-14 21:35:01,42.3977737426758,-8.92132663726807,"Male"
"9004152",371985,2025-05-14 21:40:00,42.3977241516113,-8.92124366760254,"Male"
"9004152",371985,2025-05-14 21:45:00,42.3976211547852,-8.92135334014893,"Male"
"9004152",371985,2025-05-14 21:50:00,42.397647857666,-8.92103481292725,"Male"
"9004152",371985,2025-05-14 21:55:05,42.3979759216309,-8.92139911651611,"Male"
"9004152",371985,2025-05-14 22:00:00,42.3976707458496,-8.92094039916992,"Male"
"9004152",371985,2025-05-14 22:04:58,42.3976173400879,-8.92091083526611,"Male"
"9004152",371985,2025-05-14 22:09:58,42.3976860046387,-8.92076778411865,"Male"
"9004152",371985,2025-05-14 22:14:58,42.3976020812988,-8.9209451675415,"Male"
"9004152",371985,2025-05-14 22:19:58,42.3976516723633,-8.92083740234375,"Male"
"9004152",371985,2025-05-14 22:24:58,42.3976898193359,-8.92080974578857,"Male"
"9004152",371985,2025-05-14 22:29:58,42.397647857666,-8.92083072662354,"Male"
"9004152",371985,2025-05-14 22:34:58,42.3976211547852,-8.92080974578857,"Male"
"9004152",371985,2025-05-14 22:39:58,42.397647857666,-8.92084121704102,"Male"
"9004152",371985,2025-05-14 22:44:58,42.3976516723633,-8.92072486877441,"Male"
"9004152",371985,2025-05-14 22:49:58,42.3976936340332,-8.92079162597656,"Male"
"9004152",371985,2025-05-14 22:54:58,42.3977088928223,-8.92088603973389,"Male"
"9004152",371985,2025-05-14 22:59:58,42.3976631164551,-8.9207592010498,"Male"
"9004152",371985,2025-05-14 23:04:58,42.3977127075195,-8.9207010269165,"Male"
"9004152",371985,2025-05-14 23:09:57,42.3976554870605,-8.92072010040283,"Male"
"9004152",371985,2025-05-14 23:14:58,42.397647857666,-8.92062854766846,"Male"
"9004152",371985,2025-05-14 23:19:57,42.3976554870605,-8.92067623138428,"Male"
"9004152",371985,2025-05-14 23:24:57,42.3976860046387,-8.92064380645752,"Male"
"9004152",371985,2025-05-14 23:29:57,42.3976173400879,-8.92055988311768,"Male"
"9004152",371985,2025-05-14 23:34:58,42.3976554870605,-8.92052555084229,"Male"
"9004152",371985,2025-05-14 23:39:57,42.3976974487305,-8.92057800292969,"Male"
"9004152",371985,2025-05-14 23:44:57,42.3977355957031,-8.92060565948486,"Male"
"9004152",371985,2025-05-14 23:49:58,42.3977127075195,-8.92058086395264,"Male"
"9004152",371985,2025-05-14 23:54:58,42.3977203369141,-8.9205379486084,"Male"
"9004152",371985,2025-05-15,42.3978157043457,-8.92060852050781,"Male"
"9004152",371985,2025-05-15 00:05:01,42.3977928161621,-8.92060565948486,"Male"
"9004152",371985,2025-05-15 00:10:00,42.3981018066406,-8.9211540222168,"Male"
"9004152",371985,2025-05-15 00:14:57,42.3980903625488,-8.92096138000488,"Male"
"9004152",371985,2025-05-15 00:19:57,42.3981513977051,-8.92101764678955,"Male"
"9004152",371985,2025-05-15 00:24:57,42.398136138916,-8.92104625701904,"Male"
"9004152",371985,2025-05-15 00:29:58,42.3981628417969,-8.92080879211426,"Male"
"9004152",371985,2025-05-15 00:34:57,42.3981475830078,-8.92086696624756,"Male"
"9004152",371985,2025-05-15 00:39:58,42.3981552124023,-8.92092227935791,"Male"
"9004152",371985,2025-05-15 00:44:57,42.3980560302734,-8.92087936401367,"Male"
"9004152",371985,2025-05-15 00:49:57,42.3980484008789,-8.92081928253174,"Male"
"9004152",371985,2025-05-15 00:54:57,42.3979835510254,-8.92087936401367,"Male"
"9004152",371985,2025-05-15 00:59:57,42.3979949951172,-8.92080307006836,"Male"
"9004152",371985,2025-05-15 01:04:57,42.3979797363281,-8.920823097229,"Male"
"9004152",371985,2025-05-15 01:09:57,42.397819519043,-8.92080307006836,"Male"
"9004152",371985,2025-05-15 01:14:57,42.3979225158691,-8.92081928253174,"Male"
"9004152",371985,2025-05-15 01:19:57,42.3978500366211,-8.92087936401367,"Male"
"9004152",371985,2025-05-15 01:24:57,42.3977127075195,-8.92079830169678,"Male"
"9004152",371985,2025-05-15 01:29:58,42.3977813720703,-8.92086124420166,"Male"
"9004152",371985,2025-05-15 01:34:57,42.3978004455566,-8.92085266113281,"Male"
"9004152",371985,2025-05-15 01:39:57,42.397762298584,-8.92088031768799,"Male"
"9004152",371985,2025-05-15 01:44:58,42.3976974487305,-8.92083644866943,"Male"
"9004152",371985,2025-05-15 01:49:58,42.3976974487305,-8.92085075378418,"Male"
"9004152",371985,2025-05-15 01:54:58,42.3977546691895,-8.92069435119629,"Male"
"9004152",371985,2025-05-15 01:59:58,42.3977432250977,-8.92085361480713,"Male"
"9004152",371985,2025-05-15 02:04:58,42.3977317810059,-8.92087554931641,"Male"
"9004152",371985,2025-05-15 02:09:58,42.3978080749512,-8.92092704772949,"Male"
"9004152",371985,2025-05-15 02:14:58,42.3977851867676,-8.92076587677002,"Male"
"9004152",371985,2025-05-15 02:19:58,42.3978118896484,-8.92099571228027,"Male"
"9004152",371985,2025-05-15 02:25:01,42.3978042602539,-8.92091751098633,"Male"
"9004152",371985,2025-05-15 02:29:58,42.3977088928223,-8.92061710357666,"Male"
"9004152",371985,2025-05-15 02:34:59,42.3977355957031,-8.9207820892334,"Male"
"9004152",371985,2025-05-15 02:40:05,42.3977508544922,-8.92058849334717,"Male"
"9004152",371985,2025-05-15 02:46:20,42.3975677490234,-8.92068958282471,"Male"
"9004152",371985,2025-05-15 02:51:20,42.3975372314453,-8.92067718505859,"Male"
"9004152",371985,2025-05-15 02:56:20,42.3975410461426,-8.92067432403564,"Male"
"9004152",371985,2025-05-15 03:00:35,42.3975601196289,-8.92068386077881,"Male"
"9004152",371985,2025-05-15 03:05:05,42.3975296020508,-8.92064952850342,"Male"
"9004152",371985,2025-05-15 03:09:59,42.3975410461426,-8.92063617706299,"Male"
"9004152",371985,2025-05-15 03:14:59,42.3975715637207,-8.92071628570557,"Male"
"9004152",371985,2025-05-15 03:19:57,42.3975868225098,-8.92075061798096,"Male"
"9004152",371985,2025-05-15 03:25:01,42.3978271484375,-8.92140007019043,"Male"
"9004152",371985,2025-05-15 03:30:07,42.3975677490234,-8.92058944702148,"Male"
"9004152",371985,2025-05-15 03:35:05,42.3975028991699,-8.92063426971436,"Male"
"9004152",371985,2025-05-15 03:40:02,42.3975791931152,-8.92064189910889,"Male"
"9004152",371985,2025-05-15 03:45:01,42.3975944519043,-8.9206600189209,"Male"
"9004152",371985,2025-05-15 03:50:02,42.3977584838867,-8.9205846786499,"Male"
"9004152",371985,2025-05-15 03:54:59,42.397590637207,-8.92107772827148,"Male"
"9004152",371985,2025-05-15 04:00:07,42.3976669311523,-8.92051029205322,"Male"
"9004152",371985,2025-05-15 04:04:58,42.3975563049316,-8.92100429534912,"Male"
"9004152",371985,2025-05-15 04:10:07,42.3975563049316,-8.92063903808594,"Male"
"9004152",371985,2025-05-15 04:15:29,42.3976058959961,-8.92065334320068,"Male"
"9004152",371985,2025-05-15 04:20:02,42.3975219726562,-8.92066955566406,"Male"
"9004152",371985,2025-05-15 04:24:57,42.397647857666,-8.92071533203125,"Male"
"9004152",371985,2025-05-15 04:30:07,42.3976020812988,-8.9204626083374,"Male"
"9004152",371985,2025-05-15 04:34:58,42.3975868225098,-8.92031478881836,"Male"
"9004152",371985,2025-05-15 04:40:35,42.3975448608398,-8.92056369781494,"Male"
"9004152",371985,2025-05-15 04:44:58,42.397533416748,-8.92051124572754,"Male"
"9004152",371985,2025-05-15 04:49:57,42.3975982666016,-8.92057991027832,"Male"
"9004152",371985,2025-05-15 04:55:01,42.3975639343262,-8.92067813873291,"Male"
"9004152",371985,2025-05-15 04:59:57,42.397575378418,-8.92063045501709,"Male"
"9004152",371985,2025-05-15 05:04:57,42.3975257873535,-8.92054557800293,"Male"
"9004152",371985,2025-05-15 05:09:56,42.4053382873535,-8.8889741897583,"Male"
"9004152",371985,2025-05-15 05:15:08,42.4107055664062,-8.87583446502686,"Male"
"9004152",371985,2025-05-15 05:25:13,42.4109001159668,-8.87323665618896,"Male"
"9004152",371985,2025-05-15 05:31:08,42.4095764160156,-8.87167644500732,"Male"
"9004152",371985,2025-05-15 05:36:06,42.408374786377,-8.87109756469727,"Male"
"9004152",371985,2025-05-15 05:41:15,42.4081611633301,-8.87095928192139,"Male"
"9004152",371985,2025-05-15 05:46:35,42.4091873168945,-8.87016582489014,"Male"
"9004152",371985,2025-05-15 05:51:38,42.4099578857422,-8.87055778503418,"Male"
"9004152",371985,2025-05-15 05:56:39,42.4101104736328,-8.87130260467529,"Male"
"9004152",371985,2025-05-15 06:01:38,42.3972206115723,-8.91883563995361,"Male"
"9004152",371985,2025-05-15 06:06:39,42.3975830078125,-8.92009353637695,"Male"
"9004152",371985,2025-05-15 06:11:39,42.3976669311523,-8.92013740539551,"Male"
"9004152",371985,2025-05-15 06:16:39,42.3969078063965,-8.92092227935791,"Male"
"9004152",371985,2025-05-15 06:22:03,42.3975868225098,-8.92153453826904,"Male"
"9004152",371985,2025-05-15 06:26:53,42.3976669311523,-8.92152976989746,"Male"
"9004152",371985,2025-05-15 06:31:47,42.3975868225098,-8.92144680023193,"Male"
"9004152",371985,2025-05-15 06:37:22,42.3976364135742,-8.92151260375977,"Male"
"9004152",371985,2025-05-15 06:41:41,42.3976974487305,-8.92146682739258,"Male"
"9004152",371985,2025-05-15 06:46:43,42.3977203369141,-8.92137432098389,"Male"
"9004152",371985,2025-05-15 06:51:38,42.3976058959961,-8.9214506149292,"Male"
"9004152",371985,2025-05-15 06:56:40,42.3977203369141,-8.92151355743408,"Male"
"9004152",371985,2025-05-15 07:01:41,42.3977127075195,-8.92160129547119,"Male"
"9004152",371985,2025-05-15 07:06:39,42.3976593017578,-8.92160034179688,"Male"
"9004152",371985,2025-05-15 07:11:38,42.3976440429688,-8.92130565643311,"Male"
"9004152",371985,2025-05-15 07:16:38,42.3976364135742,-8.92153549194336,"Male"
"9004152",371985,2025-05-15 07:21:40,42.397647857666,-8.92149066925049,"Male"
"9004152",371985,2025-05-15 07:26:40,42.397632598877,-8.92119312286377,"Male"
"9004152",371985,2025-05-15 07:31:38,42.3976058959961,-8.92135334014893,"Male"
"9004152",371985,2025-05-15 07:36:39,42.3976860046387,-8.92162036895752,"Male"
"9004152",371985,2025-05-15 07:41:42,42.3976707458496,-8.92163848876953,"Male"
"9004152",371985,2025-05-15 07:46:42,42.3975486755371,-8.92096328735352,"Male"
"9004152",371985,2025-05-15 07:51:41,42.3975982666016,-8.92114543914795,"Male"
"9004152",371985,2025-05-15 07:56:39,42.3975563049316,-8.92120456695557,"Male"
"9004152",371985,2025-05-15 08:01:39,42.3975944519043,-8.92129421234131,"Male"
"9004152",371985,2025-05-15 08:06:40,42.3975791931152,-8.92121315002441,"Male"
"9004152",371985,2025-05-15 08:11:39,42.3974990844727,-8.92108058929443,"Male"
"9004152",371985,2025-05-15 08:16:51,42.397632598877,-8.92149066925049,"Male"
"9004152",371985,2025-05-15 08:22:14,42.3975639343262,-8.9214038848877,"Male"
"9004152",371985,2025-05-15 08:26:42,42.3975563049316,-8.92144298553467,"Male"
"9004152",371985,2025-05-15 08:31:42,42.3976402282715,-8.92149829864502,"Male"
"9004152",371985,2025-05-15 08:36:47,42.4020538330078,-8.90112590789795,"Male"
"9004152",371985,2025-05-15 08:41:46,42.4101448059082,-8.88028812408447,"Male"
"9004152",371985,2025-05-15 08:50:16,42.4119682312012,-8.87933254241943,"Male"
"9004152",371985,2025-05-15 08:55:16,42.4122352600098,-8.87939167022705,"Male"
"9004152",371985,2025-05-15 09:00:20,42.4132919311523,-8.87843704223633,"Male"
"9004152",371985,2025-05-15 09:05:20,42.4133224487305,-8.87862110137939,"Male"
"9004152",371985,2025-05-15 09:10:22,42.4133110046387,-8.87853908538818,"Male"
"9004152",371985,2025-05-15 09:15:27,42.4133529663086,-8.87864303588867,"Male"
"9004152",371985,2025-05-15 09:20:17,42.4132423400879,-8.87847805023193,"Male"
"9004152",371985,2025-05-15 09:25:25,42.4132881164551,-8.87845230102539,"Male"
"9004152",371985,2025-05-15 09:30:25,42.4133453369141,-8.878586769104,"Male"
"9004152",371985,2025-05-15 09:35:23,42.4133605957031,-8.87858104705811,"Male"
"9004152",371985,2025-05-15 09:40:25,42.4133262634277,-8.87853240966797,"Male"
"9004152",371985,2025-05-15 09:45:36,42.4133796691895,-8.8787899017334,"Male"
"9004152",371985,2025-05-15 09:50:13,42.4134101867676,-8.87873363494873,"Male"
"9004152",371985,2025-05-15 09:55:13,42.4133644104004,-8.87869071960449,"Male"
"9004152",371985,2025-05-15 10:00:14,42.4133415222168,-8.87877368927002,"Male"
"9004152",371985,2025-05-15 10:05:13,42.4133720397949,-8.87884616851807,"Male"
"9004152",371985,2025-05-15 10:10:13,42.4133224487305,-8.87878704071045,"Male"
"9004152",371985,2025-05-15 10:15:14,42.4133644104004,-8.87878131866455,"Male"
"9004152",371985,2025-05-15 10:20:13,42.4133758544922,-8.87875461578369,"Male"
"9004152",371985,2025-05-15 10:25:14,42.413444519043,-8.87876129150391,"Male"
"9004152",371985,2025-05-15 10:30:13,42.4133377075195,-8.87871932983398,"Male"
"9004152",371985,2025-05-15 10:35:13,42.4133834838867,-8.8787784576416,"Male"
"9004152",371985,2025-05-15 10:40:13,42.4133911132812,-8.87881565093994,"Male"
"9004152",371985,2025-05-15 10:45:13,42.4133415222168,-8.87883949279785,"Male"
"9004152",371985,2025-05-15 10:50:14,42.4134101867676,-8.87887763977051,"Male"
"9004152",371985,2025-05-15 10:55:13,42.4135208129883,-8.87887859344482,"Male"
"9004152",371985,2025-05-15 11:00:13,42.4132995605469,-8.8788013458252,"Male"
"9004152",371985,2025-05-15 11:05:49,42.4121551513672,-8.87809371948242,"Male"
"9004152",371985,2025-05-15 11:10:49,42.4109077453613,-8.87815189361572,"Male"
"9004152",371985,2025-05-15 11:16:26,42.4099578857422,-8.87796497344971,"Male"
"9004152",371985,2025-05-15 11:21:58,42.4105682373047,-8.87582969665527,"Male"
"9004152",371985,2025-05-15 11:26:57,42.4097709655762,-8.87459945678711,"Male"
"9004152",371985,2025-05-15 11:32:06,42.4104804992676,-8.87387752532959,"Male"
"9004152",371985,2025-05-15 11:37:49,42.4112358093262,-8.8733024597168,"Male"
"9004152",371985,2025-05-15 11:42:42,42.4119834899902,-8.87397480010986,"Male"
"9004152",371985,2025-05-15 11:48:21,42.4116897583008,-8.87316226959229,"Male"
"9004152",371985,2025-05-15 11:53:27,42.4112358093262,-8.87168598175049,"Male"
"9004152",371985,2025-05-15 11:58:36,42.4116706848145,-8.87060737609863,"Male"
"9004152",371985,2025-05-15 12:04:12,42.4109420776367,-8.87131118774414,"Male"
"9004152",371985,2025-05-15 12:09:16,42.4099960327148,-8.87292194366455,"Male"
"9004152",371985,2025-05-15 12:14:51,42.4103736877441,-8.87129688262939,"Male"
"9004152",371985,2025-05-15 12:20:03,42.4106369018555,-8.87039852142334,"Male"
"9004152",371985,2025-05-15 12:25:00,42.409294128418,-8.8709077835083,"Male"
"9004152",371985,2025-05-15 12:33:28,42.4103202819824,-8.86988735198975,"Male"
"9004152",371985,2025-05-15 12:38:52,42.4110488891602,-8.87036991119385,"Male"
"9004152",371985,2025-05-15 12:43:39,42.4113922119141,-8.87184238433838,"Male"
"9004152",371985,2025-05-15 12:48:39,42.4136848449707,-8.87372303009033,"Male"
"9004152",371985,2025-05-15 12:53:39,42.4136810302734,-8.87365055084229,"Male"
"9004152",371985,2025-05-15 12:58:38,42.4137115478516,-8.87367057800293,"Male"
"9004152",371985,2025-05-15 13:03:42,42.4137763977051,-8.87361240386963,"Male"
"9004152",371985,2025-05-15 13:08:29,42.413703918457,-8.87352848052979,"Male"
"9004152",371985,2025-05-15 13:13:28,42.4137268066406,-8.87357616424561,"Male"
"9004152",371985,2025-05-15 13:18:57,42.413028717041,-8.87350177764893,"Male"
"9004152",371985,2025-05-15 13:23:58,42.4121360778809,-8.87628173828125,"Male"
"9004152",371985,2025-05-15 13:29:02,42.4100608825684,-8.88218879699707,"Male"
"9004152",371985,2025-05-15 13:33:57,42.4050750732422,-8.89539527893066,"Male"
"9004152",371985,2025-05-15 13:39:04,42.4027061462402,-8.90328407287598,"Male"
"9004152",371985,2025-05-15 13:44:23,42.3978881835938,-8.92028331756592,"Male"
"9004152",371985,2025-05-15 13:48:51,42.3978652954102,-8.92085933685303,"Male"
"9004152",371985,2025-05-15 13:53:56,42.3979835510254,-8.92034339904785,"Male"
"9004152",371985,2025-05-15 13:58:55,42.3979530334473,-8.92028617858887,"Male"
"9004152",371985,2025-05-15 14:04:00,42.3979911804199,-8.92028427124023,"Male"
"9004152",371985,2025-05-15 14:09:00,42.3979797363281,-8.92026996612549,"Male"
"9004152",371985,2025-05-15 14:14:01,42.3979682922363,-8.92029857635498,"Male"
"9004152",371985,2025-05-15 14:19:23,42.3994331359863,-8.92302513122559,"Male"
"9004152",371985,2025-05-15 14:23:51,42.3977203369141,-8.92217063903809,"Male"
"9004152",371985,2025-05-15 14:28:55,42.3976783752441,-8.9218282699585,"Male"
"9004152",371985,2025-05-15 14:33:53,42.3977203369141,-8.92137241363525,"Male"
"9004152",371985,2025-05-15 14:38:53,42.3976669311523,-8.9213695526123,"Male"
"9004152",371985,2025-05-15 14:44:00,42.3976440429688,-8.92154026031494,"Male"
"9004152",371985,2025-05-15 14:49:14,42.3976707458496,-8.92154407501221,"Male"
"9004152",371985,2025-05-15 14:53:51,42.3976554870605,-8.92151737213135,"Male"
"9004152",371985,2025-05-15 14:59:23,42.3976707458496,-8.92151546478271,"Male"
"9004152",371985,2025-05-15 15:03:50,42.397705078125,-8.92138957977295,"Male"
"9004152",371985,2025-05-15 15:08:51,42.3976898193359,-8.92130947113037,"Male"
"9004152",371985,2025-05-15 15:13:51,42.3977203369141,-8.92119121551514,"Male"
"9004152",371985,2025-05-15 15:18:51,42.3977127075195,-8.92144966125488,"Male"
"9004152",371985,2025-05-15 15:23:51,42.3976707458496,-8.92138385772705,"Male"
"9004152",371985,2025-05-15 15:28:51,42.397705078125,-8.92123222351074,"Male"
"9004152",371985,2025-05-15 15:33:50,42.3977355957031,-8.92127704620361,"Male"
"9004152",371985,2025-05-15 15:38:52,42.3976898193359,-8.92122459411621,"Male"
"9004152",371985,2025-05-15 15:43:53,42.3977470397949,-8.92130184173584,"Male"
"9004152",371985,2025-05-15 15:49:14,42.3976440429688,-8.92141532897949,"Male"
"9004152",371985,2025-05-15 15:53:53,42.3977394104004,-8.92113590240479,"Male"
"9004152",371985,2025-05-15 15:58:57,42.3976020812988,-8.92136192321777,"Male"
"9004152",371985,2025-05-15 16:03:58,42.3976135253906,-8.9214563369751,"Male"
"9004152",371985,2025-05-15 16:08:59,42.3975944519043,-8.92161083221436,"Male"
"9004152",371985,2025-05-15 16:13:58,42.397647857666,-8.92180156707764,"Male"
"9004152",371985,2025-05-15 16:18:57,42.3975715637207,-8.92155075073242,"Male"
"9004152",371985,2025-05-15 16:23:58,42.3974609375,-8.92203807830811,"Male"
"9004152",371985,2025-05-15 16:28:54,42.3976440429688,-8.92244815826416,"Male"
"9004152",371985,2025-05-15 16:34:35,42.3977813720703,-8.92143249511719,"Male"
"9004152",371985,2025-05-15 16:39:04,42.3977241516113,-8.92134571075439,"Male"
"9004152",371985,2025-05-15 16:43:53,42.3977203369141,-8.92151069641113,"Male"
"9004152",371985,2025-05-15 16:48:54,42.3975601196289,-8.92071723937988,"Male"
"9004152",371985,2025-05-15 16:54:19,42.3975944519043,-8.92153358459473,"Male"
"9004152",371985,2025-05-15 16:58:54,42.397632598877,-8.92153453826904,"Male"
"9004152",371985,2025-05-15 17:03:53,42.397590637207,-8.92154407501221,"Male"
"9004152",371985,2025-05-15 17:08:54,42.3975143432617,-8.92155933380127,"Male"
"9004152",371985,2025-05-15 17:13:53,42.3977127075195,-8.92154693603516,"Male"
"9004152",371985,2025-05-15 17:18:52,42.3976287841797,-8.92143726348877,"Male"
"9004152",371985,2025-05-15 17:23:57,42.3977584838867,-8.92147731781006,"Male"
"9004152",371985,2025-05-15 17:29:14,42.3976821899414,-8.92135238647461,"Male"
"9004152",371985,2025-05-15 17:33:57,42.3977699279785,-8.9214448928833,"Male"
"9004152",371985,2025-05-15 17:39:02,42.3978271484375,-8.92135429382324,"Male"
"9004152",371985,2025-05-15 17:44:04,42.3976860046387,-8.92152500152588,"Male"
"9004152",371985,2025-05-15 17:49:14,42.3977317810059,-8.92137336730957,"Male"
"9004152",371985,2025-05-15 17:54:02,42.3977890014648,-8.92151641845703,"Male"
"9004152",371985,2025-05-15 17:59:02,42.3977241516113,-8.92148590087891,"Male"
"9004152",371985,2025-05-15 18:03:59,42.3975868225098,-8.92148494720459,"Male"
"9004152",371985,2025-05-15 18:09:53,42.3975791931152,-8.92144393920898,"Male"
"9004152",371985,2025-05-15 18:13:51,42.3979530334473,-8.92103862762451,"Male"
"9004152",371985,2025-05-15 18:18:52,42.398063659668,-8.92077445983887,"Male"
"9004152",371985,2025-05-15 18:23:51,42.3977546691895,-8.92117786407471,"Male"
"9004152",371985,2025-05-15 18:28:54,42.3976249694824,-8.92116546630859,"Male"
"9004152",371985,2025-05-15 18:33:53,42.3978881835938,-8.9211950302124,"Male"
"9004152",371985,2025-05-15 18:38:59,42.3976135253906,-8.92142200469971,"Male"
"9004152",371985,2025-05-15 18:43:53,42.3976669311523,-8.92139911651611,"Male"
"9004152",371985,2025-05-15 18:48:51,42.3978004455566,-8.92134094238281,"Male"
"9004152",371985,2025-05-15 18:54:29,42.397632598877,-8.9214448928833,"Male"
"9004152",371985,2025-05-15 18:58:51,42.3977432250977,-8.92151832580566,"Male"
"9004152",371985,2025-05-15 19:04:13,42.3976402282715,-8.92140483856201,"Male"
"9004152",371985,2025-05-15 19:08:51,42.3977241516113,-8.92146492004395,"Male"
"9004152",371985,2025-05-15 19:13:53,42.3976669311523,-8.92147445678711,"Male"
"9004152",371985,2025-05-15 19:18:52,42.3976898193359,-8.92143249511719,"Male"
"9004152",371985,2025-05-15 19:23:55,42.3975296020508,-8.92132949829102,"Male"
"9004152",371985,2025-05-15 19:28:54,42.3974227905273,-8.92115211486816,"Male"
"9004152",371985,2025-05-15 19:35:15,42.3976173400879,-8.92135524749756,"Male"
"9004152",371985,2025-05-15 19:40:15,42.3976135253906,-8.92137241363525,"Male"
"9004152",371985,2025-05-15 19:45:15,42.3976287841797,-8.92138957977295,"Male"
"9004152",371985,2025-05-15 19:50:15,42.3976669311523,-8.92141723632812,"Male"
"9004152",371985,2025-05-15 19:55:15,42.3977012634277,-8.92146682739258,"Male"
"9004152",371985,2025-05-15 20:00:15,42.3976860046387,-8.92149925231934,"Male"
"9004152",371985,2025-05-15 20:05:15,42.3976936340332,-8.92154407501221,"Male"
"9004152",371985,2025-05-15 20:09:35,42.3976707458496,-8.9214334487915,"Male"
"9004152",371985,2025-05-15 20:15:15,42.3976860046387,-8.92154598236084,"Male"
"9004152",371985,2025-05-15 20:19:14,42.3977088928223,-8.92148208618164,"Male"
"9004152",371985,2025-05-15 20:23:50,42.3976516723633,-8.92140007019043,"Male"
"9004152",371985,2025-05-15 20:28:50,42.3976898193359,-8.9214334487915,"Male"
"9004152",371985,2025-05-15 20:33:51,42.3975715637207,-8.92124462127686,"Male"
"9004152",371985,2025-05-15 20:38:50,42.3976669311523,-8.92136478424072,"Male"
"9004152",371985,2025-05-15 20:43:54,42.3977279663086,-8.9215612411499,"Male"
"9004152",371985,2025-05-15 20:48:53,42.3977508544922,-8.92154884338379,"Male"
"9004152",371985,2025-05-15 20:53:53,42.3977432250977,-8.92156219482422,"Male"
"9004152",371985,2025-05-15 20:58:58,42.3977813720703,-8.92157649993896,"Male"
"9004152",371985,2025-05-15 21:03:57,42.3978309631348,-8.92159366607666,"Male"
"9004152",371985,2025-05-15 21:08:54,42.3978118896484,-8.92165374755859,"Male"
"9004152",371985,2025-05-15 21:13:53,42.3977699279785,-8.92174816131592,"Male"
"9004152",371985,2025-05-15 21:18:54,42.3978424072266,-8.92177581787109,"Male"
"9004152",371985,2025-05-15 21:23:52,42.3977737426758,-8.92166709899902,"Male"
"9004152",371985,2025-05-15 21:28:54,42.3977470397949,-8.92160511016846,"Male"
"9004152",371985,2025-05-15 21:34:29,42.3977890014648,-8.92153549194336,"Male"
"9004152",371985,2025-05-15 21:38:52,42.3978157043457,-8.9214391708374,"Male"
"9004152",371985,2025-05-15 21:43:51,42.3978729248047,-8.9214038848877,"Male"
"9004152",371985,2025-05-15 21:48:52,42.3981781005859,-8.9211597442627,"Male"
"9004152",371985,2025-05-15 21:54:23,42.3977432250977,-8.9213228225708,"Male"
"9004152",371985,2025-05-15 21:58:53,42.3976516723633,-8.92137336730957,"Male"
"9004152",371985,2025-05-15 22:03:51,42.397705078125,-8.92150974273682,"Male"
"9004152",371985,2025-05-15 22:08:51,42.3976593017578,-8.92137050628662,"Male"
"9004152",371985,2025-05-15 22:13:52,42.397590637207,-8.92119216918945,"Male"
"9004152",371985,2025-05-15 22:18:52,42.3976860046387,-8.92138195037842,"Male"
"9004152",371985,2025-05-15 22:23:52,42.3976249694824,-8.92136192321777,"Male"
"9004152",371985,2025-05-15 22:28:52,42.3976402282715,-8.92130088806152,"Male"
"9004152",371985,2025-05-15 22:33:51,42.3977317810059,-8.92151832580566,"Male"
"9004152",371985,2025-05-15 22:38:52,42.3976097106934,-8.92128086090088,"Male"
"9004152",371985,2025-05-15 22:43:51,42.3976173400879,-8.92134380340576,"Male"
"9004152",371985,2025-05-15 22:48:53,42.3976593017578,-8.9213752746582,"Male"
"9004152",371985,2025-05-15 22:53:57,42.397705078125,-8.92162704467773,"Male"
"9004152",371985,2025-05-15 22:58:54,42.3976745605469,-8.9214563369751,"Male"
"9004152",371985,2025-05-15 23:04:12,42.3977203369141,-8.92160606384277,"Male"
"9004152",371985,2025-05-15 23:08:54,42.3975830078125,-8.92135810852051,"Male"
"9004152",371985,2025-05-15 23:13:51,42.3976440429688,-8.92152214050293,"Male"
"9004152",371985,2025-05-15 23:18:51,42.3976440429688,-8.92129325866699,"Male"
"9004152",371985,2025-05-15 23:23:51,42.3976821899414,-8.92155838012695,"Male"
"9004152",371985,2025-05-15 23:28:51,42.3977851867676,-8.92177104949951,"Male"
"9004152",371985,2025-05-15 23:33:52,42.3976898193359,-8.92155647277832,"Male"
"9004152",371985,2025-05-15 23:38:53,42.3976593017578,-8.92148208618164,"Male"
"9004152",371985,2025-05-15 23:43:54,42.3976287841797,-8.9214448928833,"Male"
"9004152",371985,2025-05-15 23:50:15,42.3976707458496,-8.92151737213135,"Male"
"9004152",371985,2025-05-15 23:55:15,42.3975639343262,-8.92135143280029,"Male"
"9004152",371985,2025-05-16 00:00:15,42.3975715637207,-8.92138862609863,"Male"
"9004152",371985,2025-05-16 00:05:14,42.3975524902344,-8.92134094238281,"Male"
"9004152",371985,2025-05-16 00:09:53,42.3976173400879,-8.92130470275879,"Male"
"9004152",371985,2025-05-16 00:13:50,42.397632598877,-8.92131042480469,"Male"
"9004152",371985,2025-05-16 00:18:52,42.3977279663086,-8.92140674591064,"Male"
"9004152",371985,2025-05-16 00:23:51,42.3977394104004,-8.92140960693359,"Male"
"9004152",371985,2025-05-16 00:28:55,42.397762298584,-8.92164325714111,"Male"
"9004152",371985,2025-05-16 00:33:50,42.3976516723633,-8.92155742645264,"Male"
"9004152",371985,2025-05-16 00:38:51,42.3976936340332,-8.92162799835205,"Male"
"9004152",371985,2025-05-16 00:43:51,42.3976745605469,-8.92145824432373,"Male"
"9004152",371985,2025-05-16 00:48:50,42.3976860046387,-8.92156505584717,"Male"
"9004152",371985,2025-05-16 00:53:50,42.3977432250977,-8.92145347595215,"Male"
"9004152",371985,2025-05-16 00:58:51,42.3976974487305,-8.9214038848877,"Male"
"9004152",371985,2025-05-16 01:03:51,42.3976516723633,-8.92132377624512,"Male"
"9004152",371985,2025-05-16 01:08:50,42.3985061645508,-8.91995143890381,"Male"
"9004152",371985,2025-05-16 01:13:51,42.3985481262207,-8.91993618011475,"Male"
"9004152",371985,2025-05-16 01:19:14,42.3985404968262,-8.91996479034424,"Male"
"9004152",371985,2025-05-16 01:23:51,42.3984222412109,-8.91979503631592,"Male"
"9004152",371985,2025-05-16 01:28:51,42.398609161377,-8.91975688934326,"Male"
"9004152",371985,2025-05-16 01:33:52,42.3985366821289,-8.91964817047119,"Male"
"9004152",371985,2025-05-16 01:38:54,42.3984413146973,-8.91948986053467,"Male"
"9004152",371985,2025-05-16 01:44:23,42.3984489440918,-8.91994285583496,"Male"
"9004152",371985,2025-05-16 01:48:50,42.3984069824219,-8.91989612579346,"Male"
"9004152",371985,2025-05-16 01:53:50,42.3984527587891,-8.92003059387207,"Male"
"9004152",371985,2025-05-16 01:58:50,42.398365020752,-8.9197359085083,"Male"
"9004152",371985,2025-05-16 02:03:50,42.3984031677246,-8.91989421844482,"Male"
"9004152",371985,2025-05-16 02:08:50,42.3984184265137,-8.91984558105469,"Male"
"9004152",371985,2025-05-16 02:13:50,42.3982696533203,-8.91968822479248,"Male"
"9004152",371985,2025-05-16 02:18:50,42.3984146118164,-8.91993618011475,"Male"
"9004152",371985,2025-05-16 02:23:51,42.3984909057617,-8.91996383666992,"Male"
"9004152",371985,2025-05-16 02:28:53,42.3984794616699,-8.92001438140869,"Male"
"9004152",371985,2025-05-16 02:33:51,42.3984909057617,-8.9200496673584,"Male"
"9004152",371985,2025-05-16 02:40:14,42.3983879089355,-8.92019557952881,"Male"
"9004152",371985,2025-05-16 02:44:01,42.398380279541,-8.92013549804688,"Male"
"9004152",371985,2025-05-16 02:48:51,42.3984832763672,-8.92052841186523,"Male"
"9004152",371985,2025-05-16 02:53:51,42.3987274169922,-8.92101860046387,"Male"
"9004152",371985,2025-05-16 02:58:52,42.3984184265137,-8.92076015472412,"Male"
"9004152",371985,2025-05-16 03:04:00,42.3984222412109,-8.92065906524658,"Male"
"9004152",371985,2025-05-16 03:08:51,42.3984565734863,-8.92082691192627,"Male"
"9004152",371985,2025-05-16 03:13:53,42.3983840942383,-8.92065238952637,"Male"
"9004152",371985,2025-05-16 03:18:53,42.3983421325684,-8.92057132720947,"Male"
"9004152",371985,2025-05-16 03:23:51,42.3983726501465,-8.92052841186523,"Male"
"9004152",371985,2025-05-16 03:28:53,42.3983840942383,-8.9205436706543,"Male"
"9004152",371985,2025-05-16 03:33:59,42.3983879089355,-8.92054080963135,"Male"
"9004152",371985,2025-05-16 03:39:14,42.3983917236328,-8.92056846618652,"Male"
"9004152",371985,2025-05-16 03:43:50,42.3983306884766,-8.92063617706299,"Male"
"9004152",371985,2025-05-16 03:48:50,42.398365020752,-8.92058658599854,"Male"
"9004152",371985,2025-05-16 03:53:54,42.3983306884766,-8.9206428527832,"Male"
"9004152",371985,2025-05-16 03:58:55,42.3984222412109,-8.92040824890137,"Male"
"9004152",371985,2025-05-16 04:04:29,42.398380279541,-8.92053699493408,"Male"
"9004152",371985,2025-05-16 04:08:50,42.3983955383301,-8.92057609558105,"Male"
"9004152",371985,2025-05-16 04:13:50,42.3983345031738,-8.92048740386963,"Male"
"9004152",371985,2025-05-16 04:18:50,42.398365020752,-8.9205379486084,"Male"
"9004152",371985,2025-05-16 04:23:50,42.3983345031738,-8.92049694061279,"Male"
"9004152",371985,2025-05-16 04:28:52,42.398365020752,-8.92057037353516,"Male"
"9004152",371985,2025-05-16 04:33:51,42.3983879089355,-8.9205904006958,"Male"
"9004152",371985,2025-05-16 04:38:51,42.3983955383301,-8.92052268981934,"Male"
"9004152",371985,2025-05-16 04:43:50,42.3983573913574,-8.92049503326416,"Male"
"9004152",371985,2025-05-16 04:48:51,42.3983764648438,-8.92051887512207,"Male"
"9004152",371985,2025-05-16 04:53:50,42.3982925415039,-8.92046737670898,"Male"
"9004152",371985,2025-05-16 04:58:50,42.3976783752441,-8.9202766418457,"Male"
"9004152",371985,2025-05-16 05:03:50,42.3976211547852,-8.92030620574951,"Male"
"9004152",371985,2025-05-16 05:08:50,42.3976745605469,-8.92036819458008,"Male"
"9004152",371985,2025-05-16 05:14:10,42.397705078125,-8.92024326324463,"Male"
"9004152",371985,2025-05-16 05:18:50,42.397647857666,-8.92045879364014,"Male"
"9004152",371985,2025-05-16 05:23:50,42.397762298584,-8.92035865783691,"Male"
"9004152",371985,2025-05-16 05:28:53,42.3976783752441,-8.92033195495605,"Male"
"9004152",371985,2025-05-16 05:34:02,42.3977661132812,-8.92036628723145,"Male"
"9004152",371985,2025-05-16 05:38:50,42.3977127075195,-8.92045211791992,"Male"
"9004152",371985,2025-05-16 05:43:51,42.3977279663086,-8.92045974731445,"Male"
"9004152",371985,2025-05-16 05:49:14,42.3977203369141,-8.92028141021729,"Male"
"9004152",371985,2025-05-16 05:53:50,42.397647857666,-8.92059326171875,"Male"
"9004152",371985,2025-05-16 05:59:00,42.4021911621094,-8.89904689788818,"Male"
"9004152",371985,2025-05-16 06:03:57,42.4028587341309,-8.89845085144043,"Male"
"9004152",371985,2025-05-16 06:09:15,42.4010887145996,-8.8990535736084,"Male"
"9004152",371985,2025-05-16 06:15:18,42.3999862670898,-8.90067386627197,"Male"
"9004152",371985,2025-05-16 06:20:59,42.4027519226074,-8.90281295776367,"Male"
"9004152",371985,2025-05-16 06:27:19,42.4078750610352,-8.89568328857422,"Male"
"9004152",371985,2025-05-16 06:32:20,42.4141807556152,-8.88650512695312,"Male"
"9004152",371985,2025-05-16 06:37:36,42.4143714904785,-8.88447093963623,"Male"
"9004152",371985,2025-05-16 06:42:37,42.4100646972656,-8.87698745727539,"Male"
"9004152",371985,2025-05-16 06:55:20,42.4994239807129,-8.7965145111084,"Male"
"9004152",371985,2025-05-16 07:02:09,42.4404830932617,-8.81733703613281,"Male"
"9004152",371985,2025-05-16 07:08:45,42.3995666503906,-8.86295032501221,"Male"
"9004152",371985,2025-05-16 07:13:38,42.4000701904297,-8.86232471466064,"Male"
"9004152",371985,2025-05-16 07:18:47,42.3967323303223,-8.8607292175293,"Male"
"9004152",371985,2025-05-16 07:23:46,42.3947486877441,-8.85984420776367,"Male"
"9004152",371985,2025-05-16 07:29:51,42.3942031860352,-8.86127471923828,"Male"
"9004152",371985,2025-05-16 07:35:40,42.3943023681641,-8.8609037399292,"Male"
"9004152",371985,2025-05-16 07:41:24,42.3949165344238,-8.86156272888184,"Male"
"9004152",371985,2025-05-16 07:46:24,42.4125595092773,-8.80383586883545,"Male"
"9004152",371985,2025-05-16 07:53:48,42.4088516235352,-8.87141895294189,"Male"
"9004152",371985,2025-05-16 07:58:52,42.4092025756836,-8.87154769897461,"Male"
"9004152",371985,2025-05-16 08:04:06,42.409595489502,-8.87038612365723,"Male"
"9004152",371985,2025-05-16 08:10:11,42.4097213745117,-8.87011241912842,"Male"
"9004152",371985,2025-05-16 08:15:41,42.4100532531738,-8.87071704864502,"Male"
"9004152",371985,2025-05-16 08:20:28,42.4107894897461,-8.87107753753662,"Male"
"9004152",371985,2025-05-16 08:25:27,42.4111099243164,-8.87187099456787,"Male"
"9004152",371985,2025-05-16 08:30:28,42.4117317199707,-8.87382411956787,"Male"
"9004152",371985,2025-05-16 08:35:30,42.4128723144531,-8.8765344619751,"Male"
"9004152",371985,2025-05-16 08:40:30,42.4132995605469,-8.878342628479,"Male"
"9004152",371985,2025-05-16 08:45:44,42.4132537841797,-8.87862300872803,"Male"
"9004152",371985,2025-05-16 08:50:35,42.4133071899414,-8.87873268127441,"Male"
"9004152",371985,2025-05-16 08:55:27,42.4132347106934,-8.87863731384277,"Male"
"9004152",371985,2025-05-16 09:00:37,42.4132919311523,-8.8787956237793,"Male"
"9004152",371985,2025-05-16 09:05:36,42.4132804870605,-8.87877941131592,"Male"
"9004152",371985,2025-05-16 09:10:27,42.4132995605469,-8.87864303588867,"Male"
"9004152",371985,2025-05-16 09:15:29,42.413143157959,-8.87828731536865,"Male"
"9004152",371985,2025-05-16 09:20:57,42.4133644104004,-8.87883949279785,"Male"
"9004152",371985,2025-05-16 09:25:27,42.4133911132812,-8.87880992889404,"Male"
"9004152",371985,2025-05-16 09:30:27,42.413402557373,-8.87879085540771,"Male"
"9004152",371985,2025-05-16 09:35:26,42.413387298584,-8.87881183624268,"Male"
"9004152",371985,2025-05-16 09:40:26,42.4133529663086,-8.8787899017334,"Male"
"9004152",371985,2025-05-16 09:45:26,42.4133796691895,-8.8788013458252,"Male"
"9004152",371985,2025-05-16 09:50:26,42.4133262634277,-8.87875556945801,"Male"
"9004152",371985,2025-05-16 09:55:26,42.4133262634277,-8.87878704071045,"Male"
"9004152",371985,2025-05-16 10:00:27,42.4133567810059,-8.87879753112793,"Male"
"9004152",371985,2025-05-16 10:05:27,42.4133605957031,-8.87880325317383,"Male"
"9004152",371985,2025-05-16 10:11:12,42.4132499694824,-8.87894821166992,"Male"
"9004152",371985,2025-05-16 10:15:43,42.4120292663574,-8.88008499145508,"Male"
"9004152",371985,2025-05-16 10:21:27,42.4102973937988,-8.87975311279297,"Male"
"9004152",371985,2025-05-16 10:27:03,42.4095573425293,-8.87899684906006,"Male"
"9004152",371985,2025-05-16 10:32:58,42.4100608825684,-8.87845420837402,"Male"
"9004152",371985,2025-05-16 10:37:58,42.4103088378906,-8.87777423858643,"Male"
"9004152",371985,2025-05-16 10:42:55,42.4131507873535,-8.87882518768311,"Male"
"9004152",371985,2025-05-16 10:47:55,42.4132919311523,-8.87860679626465,"Male"
"9004152",371985,2025-05-16 10:52:55,42.4131774902344,-8.87874603271484,"Male"
"9004152",371985,2025-05-16 10:57:55,42.4130592346191,-8.87884426116943,"Male"
"9004152",371985,2025-05-16 11:02:55,42.4129981994629,-8.87884140014648,"Male"
"9004152",371985,2025-05-16 11:07:55,42.4131355285645,-8.87879371643066,"Male"
"9004152",371985,2025-05-16 11:12:56,42.4131240844727,-8.8786449432373,"Male"
"9004152",371985,2025-05-16 11:17:55,42.4129753112793,-8.87874984741211,"Male"
"9004152",371985,2025-05-16 11:22:55,42.4129524230957,-8.87876605987549,"Male"
"9004152",371985,2025-05-16 11:28:45,42.412181854248,-8.87786960601807,"Male"
"9004152",371985,2025-05-16 11:34:07,42.4111709594727,-8.8773250579834,"Male"
"9004152",371985,2025-05-16 11:39:09,42.4105567932129,-8.8760232925415,"Male"
"9004152",371985,2025-05-16 11:44:37,42.4107894897461,-8.87617015838623,"Male"
"9004152",371985,2025-05-16 11:50:17,42.4102745056152,-8.874342918396,"Male"
"9004152",371985,2025-05-16 11:55:44,42.4095611572266,-8.87343215942383,"Male"
"9004152",371985,2025-05-16 12:00:42,42.410099029541,-8.87207317352295,"Male"
"9004152",371985,2025-05-16 12:06:02,42.4100227355957,-8.87008762359619,"Male"
"9004152",371985,2025-05-16 12:11:27,42.4111366271973,-8.87095832824707,"Male"
"9004152",371985,2025-05-16 12:16:27,42.4116325378418,-8.87113094329834,"Male"
"9004152",371985,2025-05-16 12:21:37,42.4105072021484,-8.87153244018555,"Male"
"9004152",371985,2025-05-16 12:26:36,42.4103927612305,-8.87215709686279,"Male"
"9004152",371985,2025-05-16 12:31:55,42.410343170166,-8.8710765838623,"Male"
"9004152",371985,2025-05-16 12:37:15,42.409839630127,-8.87100410461426,"Male"
"9004152",371985,2025-05-16 12:42:54,42.4092674255371,-8.87151336669922,"Male"
"9004152",371985,2025-05-16 12:47:53,42.4093208312988,-8.87331295013428,"Male"
"9004152",371985,2025-05-16 12:52:53,42.4001579284668,-8.90760803222656,"Male"
"9004152",371985,2025-05-16 12:57:57,42.398193359375,-8.91998767852783,"Male"
"9004152",371985,2025-05-16 13:02:54,42.3978271484375,-8.92134284973145,"Male"
"9004152",371985,2025-05-16 13:07:54,42.397819519043,-8.92133617401123,"Male"
"9004152",371985,2025-05-16 13:12:54,42.3995895385742,-8.92349720001221,"Male"
"9004152",371985,2025-05-16 13:17:54,42.4001922607422,-8.9247932434082,"Male"
"9004152",371985,2025-05-16 13:22:55,42.3975524902344,-8.91987609863281,"Male"
"9004152",371985,2025-05-16 13:27:53,42.397575378418,-8.91971111297607,"Male"
"9004152",371985,2025-05-16 13:33:00,42.3979988098145,-8.92553997039795,"Male"
"9004152",371985,2025-05-16 13:38:03,42.3988075256348,-8.92555904388428,"Male"
"9004152",371985,2025-05-16 13:43:04,42.3981437683105,-8.92035865783691,"Male"
"9004152",371985,2025-05-16 13:48:03,42.3982849121094,-8.91967964172363,"Male"
"9004152",371985,2025-05-16 13:53:03,42.3982048034668,-8.91965770721436,"Male"
"9004152",371985,2025-05-16 13:58:25,42.3982200622559,-8.91958427429199,"Male"
"9004152",371985,2025-05-16 14:03:34,42.3979072570801,-8.92019271850586,"Male"
"9004152",371985,2025-05-16 14:08:00,42.3979301452637,-8.92010498046875,"Male"
"9004152",371985,2025-05-16 14:12:59,42.3999519348145,-8.91929054260254,"Male"
"9004152",371985,2025-05-16 14:17:59,42.3978157043457,-8.92235946655273,"Male"
"9004152",371985,2025-05-16 14:23:03,42.3976516723633,-8.92167091369629,"Male"
"9004152",371985,2025-05-16 14:27:59,42.3977661132812,-8.92209625244141,"Male"
"9004152",371985,2025-05-16 14:33:00,42.3976211547852,-8.92140674591064,"Male"
"9004152",371985,2025-05-16 14:38:00,42.397647857666,-8.92137622833252,"Male"
"9004152",371985,2025-05-16 14:43:00,42.3976898193359,-8.92159175872803,"Male"
"9004152",371985,2025-05-16 14:48:00,42.3976707458496,-8.92163562774658,"Male"
"9004152",371985,2025-05-16 14:52:59,42.3976020812988,-8.92169952392578,"Male"
"9004152",371985,2025-05-16 14:57:59,42.3976020812988,-8.92162990570068,"Male"
"9004152",371985,2025-05-16 15:03:05,42.3977127075195,-8.92114734649658,"Male"
"9004152",371985,2025-05-16 15:08:05,42.3976745605469,-8.92098140716553,"Male"
"9004152",371985,2025-05-16 15:13:06,42.3976707458496,-8.92110919952393,"Male"
"9004152",371985,2025-05-16 15:18:03,42.3978080749512,-8.92064189910889,"Male"
"9004152",371985,2025-05-16 15:23:04,42.3978042602539,-8.92100620269775,"Male"
"9004152",371985,2025-05-16 15:28:12,42.3977813720703,-8.92098426818848,"Male"
"9004152",371985,2025-05-16 15:33:00,42.3977241516113,-8.92110157012939,"Male"
"9004152",371985,2025-05-16 15:38:02,42.3976936340332,-8.92067337036133,"Male"
"9004152",371985,2025-05-16 15:43:01,42.3979568481445,-8.9208869934082,"Male"
"9004152",371985,2025-05-16 15:48:09,42.3979415893555,-8.92084980010986,"Male"
"9004152",371985,2025-05-16 15:53:02,42.3978958129883,-8.92092227935791,"Male"
"9004152",371985,2025-05-16 15:58:09,42.3979644775391,-8.92094326019287,"Male"
"9004152",371985,2025-05-16 16:03:00,42.3979415893555,-8.91629314422607,"Male"
"9004152",371985,2025-05-16 16:08:00,42.4022789001465,-8.90067577362061,"Male"
"9004152",371985,2025-05-16 16:13:00,42.4031715393066,-8.89857959747314,"Male"
"9004152",371985,2025-05-16 16:18:48,42.410270690918,-8.8782205581665,"Male"
"9004152",371985,2025-05-16 16:23:47,42.4113349914551,-8.87630748748779,"Male"
"9004152",371985,2025-05-16 16:29:32,42.4108848571777,-8.87393093109131,"Male"
"9004152",371985,2025-05-16 16:34:33,42.4120903015137,-8.87246131896973,"Male"
"9004152",371985,2025-05-16 16:39:34,42.411434173584,-8.87049198150635,"Male"
"9004152",371985,2025-05-16 16:45:53,42.411376953125,-8.86849117279053,"Male"
"9004152",371985,2025-05-16 16:50:45,42.4108009338379,-8.86989688873291,"Male"
"9004152",371985,2025-05-16 16:56:23,42.4108963012695,-8.87064456939697,"Male"
"9004152",371985,2025-05-16 17:01:21,42.4100875854492,-8.8696346282959,"Male"
"9004152",371985,2025-05-16 17:06:23,42.4095878601074,-8.87069416046143,"Male"
"9004152",371985,2025-05-16 17:11:21,42.405689239502,-8.8877124786377,"Male"
"9004152",371985,2025-05-16 17:16:25,42.3975410461426,-8.91977024078369,"Male"
"9004152",371985,2025-05-16 17:21:22,42.3978500366211,-8.92008495330811,"Male"
"9004152",371985,2025-05-16 17:26:22,42.3977737426758,-8.92008399963379,"Male"
"9004152",371985,2025-05-16 17:31:22,42.3977813720703,-8.92009162902832,"Male"
"9004152",371985,2025-05-16 17:36:23,42.3978462219238,-8.92010307312012,"Male"
"9004152",371985,2025-05-16 17:41:21,42.3976402282715,-8.92309188842773,"Male"
"9004152",371985,2025-05-16 17:46:21,42.397575378418,-8.92138290405273,"Male"
"9004152",371985,2025-05-16 17:51:22,42.397518157959,-8.92122364044189,"Male"
"9004152",371985,2025-05-16 17:56:21,42.3976020812988,-8.92103004455566,"Male"
"9004152",371985,2025-05-16 18:01:21,42.3974914550781,-8.92135143280029,"Male"
"9004152",371985,2025-05-16 18:06:21,42.3974800109863,-8.9213399887085,"Male"
"9004152",371985,2025-05-16 18:11:21,42.3967552185059,-8.92058849334717,"Male"
"9004152",371985,2025-05-16 18:16:29,42.3977813720703,-8.92111682891846,"Male"
"9004152",371985,2025-05-16 18:21:22,42.3976020812988,-8.92117977142334,"Male"
"9004152",371985,2025-05-16 18:26:22,42.398307800293,-8.92090034484863,"Male"
"9004152",371985,2025-05-16 18:31:22,42.3981437683105,-8.92097473144531,"Male"
"9004152",371985,2025-05-16 18:36:22,42.3977966308594,-8.92092704772949,"Male"
"9004152",371985,2025-05-16 18:41:21,42.3979110717773,-8.92084789276123,"Male"
"9004152",371985,2025-05-16 18:46:22,42.3979949951172,-8.92096710205078,"Male"
"9004152",371985,2025-05-16 18:51:21,42.3977813720703,-8.92107105255127,"Male"
"9004152",371985,2025-05-16 18:56:23,42.3978233337402,-8.92108726501465,"Male"
"9004152",371985,2025-05-16 19:01:21,42.3977203369141,-8.92113018035889,"Male"
"9004152",371985,2025-05-16 19:06:34,42.3980445861816,-8.92123317718506,"Male"
"9004152",371985,2025-05-16 19:11:27,42.3981018066406,-8.92120265960693,"Male"
"9004152",371985,2025-05-16 19:16:24,42.3977584838867,-8.92107200622559,"Male"
"9004152",371985,2025-05-16 19:21:22,42.3977890014648,-8.92102146148682,"Male"
"9004152",371985,2025-05-16 19:26:22,42.3977317810059,-8.9210205078125,"Male"
"9004152",371985,2025-05-16 19:31:23,42.3977317810059,-8.9210786819458,"Male"
"9004152",371985,2025-05-16 19:36:24,42.3977851867676,-8.92098712921143,"Male"
"9004152",371985,2025-05-16 19:41:23,42.3977394104004,-8.9210262298584,"Male"
"9004152",371985,2025-05-16 19:46:24,42.3977432250977,-8.92113590240479,"Male"
"9004152",371985,2025-05-16 19:51:25,42.3981590270996,-8.92142391204834,"Male"
"9004152",371985,2025-05-16 19:56:28,42.3979339599609,-8.9215612411499,"Male"
"9004152",371985,2025-05-16 20:01:22,42.3976097106934,-8.92118740081787,"Male"
"9004152",371985,2025-05-16 20:06:24,42.3979606628418,-8.92129421234131,"Male"
"9004152",371985,2025-05-16 20:11:28,42.3979339599609,-8.92176246643066,"Male"
"9004152",371985,2025-05-16 20:16:21,42.3986206054688,-8.92115497589111,"Male"
"9004152",371985,2025-05-16 20:21:21,42.398681640625,-8.92113494873047,"Male"
"9004152",371985,2025-05-16 20:26:21,42.3986663818359,-8.92138671875,"Male"
"9004152",371985,2025-05-16 20:31:21,42.3986473083496,-8.92137718200684,"Male"
"9004152",371985,2025-05-16 20:36:21,42.3987808227539,-8.92133522033691,"Male"
"9004152",371985,2025-05-16 20:41:21,42.3988723754883,-8.92150497436523,"Male"
"9004152",371985,2025-05-16 20:46:21,42.3988800048828,-8.9215259552002,"Male"
"9004152",371985,2025-05-16 20:51:21,42.3988761901855,-8.9216365814209,"Male"
"9004152",371985,2025-05-16 20:56:21,42.3988571166992,-8.92163562774658,"Male"
"9004152",371985,2025-05-16 21:01:21,42.3988990783691,-8.92169570922852,"Male"
"9004152",371985,2025-05-16 21:06:21,42.3988304138184,-8.9217529296875,"Male"
"9004152",371985,2025-05-16 21:11:21,42.3988609313965,-8.92170906066895,"Male"
"9004152",371985,2025-05-16 21:16:21,42.3988456726074,-8.92170143127441,"Male"
"9004152",371985,2025-05-16 21:21:21,42.3987350463867,-8.92159366607666,"Male"
"9004152",371985,2025-05-16 21:26:21,42.3988037109375,-8.92162609100342,"Male"
"9004152",371985,2025-05-16 21:31:21,42.3987808227539,-8.9216194152832,"Male"
"9004152",371985,2025-05-16 21:36:21,42.3987579345703,-8.92162990570068,"Male"
"9004152",371985,2025-05-16 21:41:21,42.3987350463867,-8.92159461975098,"Male"
"9004152",371985,2025-05-16 21:46:21,42.3987045288086,-8.92154026031494,"Male"
"9004152",371985,2025-05-16 21:51:21,42.3986778259277,-8.92154026031494,"Male"
"9004152",371985,2025-05-16 21:56:21,42.3985862731934,-8.92153358459473,"Male"
"9004152",371985,2025-05-16 22:01:21,42.398624420166,-8.9215784072876,"Male"
"9004152",371985,2025-05-16 22:06:21,42.3985977172852,-8.92164421081543,"Male"
"9004152",371985,2025-05-16 22:11:21,42.3986701965332,-8.92192649841309,"Male"
"9004152",371985,2025-05-16 22:16:21,42.3987083435059,-8.92156028747559,"Male"
"9004152",371985,2025-05-16 22:21:21,42.3986701965332,-8.92185020446777,"Male"
"9004152",371985,2025-05-16 22:26:21,42.3986206054688,-8.92180824279785,"Male"
"9004152",371985,2025-05-16 22:31:21,42.3985557556152,-8.92177867889404,"Male"
"9004152",371985,2025-05-16 22:36:21,42.3984718322754,-8.92166328430176,"Male"
"9004152",371985,2025-05-16 22:41:21,42.3985023498535,-8.92152404785156,"Male"
"9004152",371985,2025-05-16 22:46:21,42.3984909057617,-8.92148876190186,"Male"
"9004152",371985,2025-05-16 22:51:21,42.3985290527344,-8.92145252227783,"Male"
"9004152",371985,2025-05-16 22:56:21,42.3985176086426,-8.92135238647461,"Male"
"9004152",371985,2025-05-16 23:01:21,42.3985214233398,-8.9213695526123,"Male"
"9004152",371985,2025-05-16 23:06:21,42.398494720459,-8.92131900787354,"Male"
"9004152",371985,2025-05-16 23:11:21,42.3985137939453,-8.92132091522217,"Male"
"9004152",371985,2025-05-16 23:16:21,42.3985328674316,-8.92125797271729,"Male"
"9004152",371985,2025-05-16 23:21:21,42.3986053466797,-8.921311378479,"Male"
"9004152",371985,2025-05-16 23:26:21,42.3985137939453,-8.92128276824951,"Male"
"9004152",371985,2025-05-16 23:31:22,42.3985023498535,-8.92121410369873,"Male"
"9004152",371985,2025-05-16 23:36:22,42.3984909057617,-8.92113494873047,"Male"
"9004152",371985,2025-05-16 23:41:22,42.3984985351562,-8.92116069793701,"Male"
"9004152",371985,2025-05-16 23:46:21,42.398681640625,-8.92139625549316,"Male"
"9004152",371985,2025-05-16 23:51:21,42.3994255065918,-8.92190933227539,"Male"
"9004152",371985,2025-05-16 23:56:21,42.3989219665527,-8.92165851593018,"Male"
"9004152",371985,2025-05-17 00:01:21,42.3988838195801,-8.92161560058594,"Male"
"9004152",371985,2025-05-17 00:06:21,42.3990592956543,-8.92182445526123,"Male"
"9004152",371985,2025-05-17 00:11:21,42.3991584777832,-8.92183303833008,"Male"
"9004152",371985,2025-05-17 00:16:21,42.399169921875,-8.92191028594971,"Male"
"9004152",371985,2025-05-17 00:21:21,42.3990249633789,-8.92177867889404,"Male"
"9004152",371985,2025-05-17 00:26:22,42.398983001709,-8.92177963256836,"Male"
"9004152",371985,2025-05-17 00:31:21,42.3989715576172,-8.9216833114624,"Male"
"9004152",371985,2025-05-17 00:36:21,42.398983001709,-8.92172145843506,"Male"
"9004152",371985,2025-05-17 00:41:21,42.3989524841309,-8.92177104949951,"Male"
"9004152",371985,2025-05-17 00:46:21,42.3988990783691,-8.92170333862305,"Male"
"9004152",371985,2025-05-17 00:51:21,42.3989105224609,-8.92172527313232,"Male"
"9004152",371985,2025-05-17 00:56:21,42.3988571166992,-8.92146682739258,"Male"
"9004152",371985,2025-05-17 01:01:21,42.3986206054688,-8.92192935943604,"Male"
"9004152",371985,2025-05-17 01:06:21,42.3988647460938,-8.92168617248535,"Male"
"9004152",371985,2025-05-17 01:11:21,42.3985977172852,-8.92148590087891,"Male"
"9004152",371985,2025-05-17 01:16:21,42.3988342285156,-8.92166900634766,"Male"
"9004152",371985,2025-05-17 01:21:21,42.3986358642578,-8.92175579071045,"Male"
"9004152",371985,2025-05-17 01:26:21,42.3986434936523,-8.92162704467773,"Male"
"9004152",371985,2025-05-17 01:31:21,42.398567199707,-8.92160320281982,"Male"
"9004152",371985,2025-05-17 01:36:21,42.3985137939453,-8.92151927947998,"Male"
"9004152",371985,2025-05-17 01:41:21,42.3985481262207,-8.92176628112793,"Male"
"9004152",371985,2025-05-17 01:46:22,42.3985404968262,-8.92181777954102,"Male"
"9004152",371985,2025-05-17 01:51:22,42.3985824584961,-8.92185878753662,"Male"
"9004152",371985,2025-05-17 01:56:21,42.3986358642578,-8.92193031311035,"Male"
"9004152",371985,2025-05-17 02:01:21,42.398551940918,-8.92171192169189,"Male"
"9004152",371985,2025-05-17 02:06:21,42.3985214233398,-8.92154788970947,"Male"
"9004152",371985,2025-05-17 02:11:22,42.398567199707,-8.92167949676514,"Male"
"9004152",371985,2025-05-17 02:16:22,42.3985176086426,-8.92150020599365,"Male"
"9004152",371985,2025-05-17 02:21:22,42.3984451293945,-8.92146873474121,"Male"
"9004152",371985,2025-05-17 02:26:21,42.3984565734863,-8.92143058776855,"Male"
"9004152",371985,2025-05-17 02:31:22,42.3985328674316,-8.92114639282227,"Male"
"9004152",371985,2025-05-17 02:36:22,42.3985862731934,-8.9215087890625,"Male"
"9004152",371985,2025-05-17 02:41:22,42.3984527587891,-8.92116546630859,"Male"
"9004152",371985,2025-05-17 02:46:24,42.3984565734863,-8.92113971710205,"Male"
"9004152",371985,2025-05-17 02:51:22,42.3984260559082,-8.92088508605957,"Male"
"9004152",371985,2025-05-17 02:56:22,42.3984107971191,-8.9209566116333,"Male"
"9004152",371985,2025-05-17 03:01:23,42.3980026245117,-8.92001247406006,"Male"
"9004152",371985,2025-05-17 03:06:22,42.3987503051758,-8.9216480255127,"Male"
"9004152",371985,2025-05-17 03:11:21,42.3986511230469,-8.92138957977295,"Male"
"9004152",371985,2025-05-17 03:16:22,42.3987007141113,-8.92158794403076,"Male"
"9004152",371985,2025-05-17 03:21:22,42.3986396789551,-8.92144584655762,"Male"
"9004152",371985,2025-05-17 03:26:22,42.3985557556152,-8.92155742645264,"Male"
"9004152",371985,2025-05-17 03:31:21,42.3986473083496,-8.92154407501221,"Male"
"9004152",371985,2025-05-17 03:36:21,42.3986015319824,-8.92144107818604,"Male"
"9004152",371985,2025-05-17 03:41:21,42.3984832763672,-8.92132949829102,"Male"
"9004152",371985,2025-05-17 03:46:21,42.3985176086426,-8.9213171005249,"Male"
"9004152",371985,2025-05-17 03:51:21,42.3985557556152,-8.92128849029541,"Male"
"9004152",371985,2025-05-17 03:56:21,42.3984375,-8.92134380340576,"Male"
"9004152",371985,2025-05-17 04:01:21,42.3985214233398,-8.92133617401123,"Male"
"9004152",371985,2025-05-17 04:06:21,42.3985061645508,-8.92132377624512,"Male"
"9004152",371985,2025-05-17 04:11:21,42.3985214233398,-8.92129421234131,"Male"
"9004152",371985,2025-05-17 04:16:21,42.3985748291016,-8.92132091522217,"Male"
"9004152",371985,2025-05-17 04:21:21,42.3985710144043,-8.92126655578613,"Male"
"9004152",371985,2025-05-17 04:26:21,42.3985557556152,-8.92133712768555,"Male"
"9004152",371985,2025-05-17 04:31:21,42.3984184265137,-8.92126369476318,"Male"
"9004152",371985,2025-05-17 04:36:21,42.3984184265137,-8.9212646484375,"Male"
"9004152",371985,2025-05-17 04:41:21,42.3984069824219,-8.92122745513916,"Male"
"9004152",371985,2025-05-17 04:46:21,42.3983764648438,-8.92133235931396,"Male"
"9004152",371985,2025-05-17 04:51:22,42.3983764648438,-8.92139911651611,"Male"
"9004152",371985,2025-05-17 04:56:21,42.397876739502,-8.92129325866699,"Male"
"9004152",371985,2025-05-17 05:01:21,42.3978233337402,-8.92136669158936,"Male"
"9004152",371985,2025-05-17 05:06:22,42.3978614807129,-8.92100811004639,"Male"
"9004152",371985,2025-05-17 05:11:23,42.3978385925293,-8.9213399887085,"Male"
"9004152",371985,2025-05-17 05:16:22,42.3977928161621,-8.92091751098633,"Male"
"9004152",371985,2025-05-17 05:21:22,42.3973808288574,-8.92172527313232,"Male"
"9004152",371985,2025-05-17 05:26:22,42.397777557373,-8.92015266418457,"Male"
"9004152",371985,2025-05-17 05:31:21,42.3977928161621,-8.92012119293213,"Male"
"9004152",371985,2025-05-17 05:36:22,42.3976516723633,-8.92001724243164,"Male"
"9004152",371985,2025-05-17 05:41:21,42.397647857666,-8.92009162902832,"Male"
"9004152",371985,2025-05-17 05:46:23,42.3976364135742,-8.91988658905029,"Male"
"9004152",371985,2025-05-17 05:51:22,42.397331237793,-8.91975498199463,"Male"
"9004152",371985,2025-05-17 05:56:21,42.3980903625488,-8.91003608703613,"Male"
"9004152",371985,2025-05-17 06:01:27,42.4003715515137,-8.90127849578857,"Male"
"9004152",371985,2025-05-17 06:07:24,42.4004859924316,-8.900710105896,"Male"
"9004152",371985,2025-05-17 06:12:25,42.4013786315918,-8.90133094787598,"Male"
"9004152",371985,2025-05-17 06:17:24,42.4060478210449,-8.89510059356689,"Male"
"9004152",371985,2025-05-17 06:22:24,42.4107704162598,-8.89185237884521,"Male"
"9004152",371985,2025-05-17 06:27:24,42.4185180664062,-8.88795375823975,"Male"
"9004152",371985,2025-05-17 06:32:24,42.4112434387207,-8.87545776367188,"Male"
"9004152",371985,2025-05-17 06:37:24,42.4110145568848,-8.87504196166992,"Male"
"9004152",371985,2025-05-17 06:42:25,42.4027061462402,-8.89787197113037,"Male"
"9004152",371985,2025-05-17 06:47:42,42.3977127075195,-8.9202709197998,"Male"
"9004152",371985,2025-05-17 06:52:24,42.3976936340332,-8.92025852203369,"Male"
"9004152",371985,2025-05-17 06:57:24,42.3977813720703,-8.92035007476807,"Male"
"9004152",371985,2025-05-17 07:02:24,42.3977432250977,-8.92021656036377,"Male"
"9004152",371985,2025-05-17 07:07:25,42.3977546691895,-8.92017269134521,"Male"
"9004152",371985,2025-05-17 07:12:24,42.3977432250977,-8.92004203796387,"Male"
"9004152",371985,2025-05-17 07:17:24,42.397647857666,-8.91991710662842,"Male"
"9004152",371985,2025-05-17 07:22:24,42.3986282348633,-8.92059803009033,"Male"
"9004152",371985,2025-05-17 07:27:24,42.3958702087402,-8.9201774597168,"Male"
"9004152",371985,2025-05-17 07:32:24,42.3959350585938,-8.92034339904785,"Male"
"9004152",371985,2025-05-17 07:37:24,42.3991813659668,-8.9209156036377,"Male"
"9004152",371985,2025-05-17 07:42:29,42.3978881835938,-8.92180061340332,"Male"
"9004152",371985,2025-05-17 07:47:25,42.3979949951172,-8.92206382751465,"Male"
"9004152",371985,2025-05-17 07:52:25,42.3981628417969,-8.92246055603027,"Male"
"9004152",371985,2025-05-17 07:57:25,42.3978996276855,-8.92168998718262,"Male"
"9004152",371985,2025-05-17 08:02:43,42.397590637207,-8.92138290405273,"Male"
"9004152",371985,2025-05-17 08:07:24,42.3975830078125,-8.92135334014893,"Male"
"9004152",371985,2025-05-17 08:12:30,42.3975372314453,-8.9210147857666,"Male"
"9004152",371985,2025-05-17 08:17:51,42.397705078125,-8.91986560821533,"Male"
"9004152",371985,2025-05-17 08:22:42,42.3977813720703,-8.9185037612915,"Male"
"9004152",371985,2025-05-17 08:27:53,42.3981590270996,-8.92224884033203,"Male"
"9004152",371985,2025-05-17 08:32:41,42.3978958129883,-8.9192533493042,"Male"
"9004152",371985,2025-05-17 08:37:27,42.3975448608398,-8.9216423034668,"Male"
"9004152",371985,2025-05-17 08:42:30,42.3977394104004,-8.92214107513428,"Male"
"9004152",371985,2025-05-17 08:47:31,42.3976745605469,-8.92142009735107,"Male"
"9004152",371985,2025-05-17 08:52:33,42.3976821899414,-8.92274475097656,"Male"
"9004152",371985,2025-05-17 08:57:26,42.3978652954102,-8.92136287689209,"Male"
"9004152",371985,2025-05-17 09:02:24,42.3977966308594,-8.92156410217285,"Male"
"9004152",371985,2025-05-17 09:07:24,42.3979301452637,-8.92158317565918,"Male"
"9004152",371985,2025-05-17 09:12:24,42.3978652954102,-8.92160797119141,"Male"
"9004152",371985,2025-05-17 09:17:24,42.3977012634277,-8.92176151275635,"Male"
"9004152",371985,2025-05-17 09:22:24,42.3976631164551,-8.9218053817749,"Male"
"9004152",371985,2025-05-17 09:27:24,42.3976745605469,-8.92168521881104,"Male"
"9004152",371985,2025-05-17 09:32:25,42.3979568481445,-8.92141437530518,"Male"
"9004152",371985,2025-05-17 09:37:25,42.3979110717773,-8.92144203186035,"Male"
"9004152",371985,2025-05-17 09:42:25,42.3979568481445,-8.92139911651611,"Male"
"9004152",371985,2025-05-17 09:47:25,42.3979568481445,-8.92136001586914,"Male"
"9004152",371985,2025-05-17 09:52:37,42.3976440429688,-8.92164421081543,"Male"
"9004152",371985,2025-05-17 09:57:26,42.4086608886719,-8.87874794006348,"Male"
"9004152",371985,2025-05-17 10:06:56,42.4104270935059,-8.87789249420166,"Male"
"9004152",371985,2025-05-17 10:12:28,42.4106559753418,-8.87673473358154,"Male"
"9004152",371985,2025-05-17 10:17:27,42.4101409912109,-8.87565422058105,"Male"
"9004152",371985,2025-05-17 10:23:26,42.4089775085449,-8.8746452331543,"Male"
"9004152",371985,2025-05-17 10:28:48,42.4101753234863,-8.8750581741333,"Male"
"9004152",371985,2025-05-17 10:33:47,42.4107856750488,-8.87379169464111,"Male"
"9004152",371985,2025-05-17 10:38:47,42.4109268188477,-8.87263870239258,"Male"
"9004152",371985,2025-05-17 10:43:47,42.4113693237305,-8.87116622924805,"Male"
"9004152",371985,2025-05-17 10:48:47,42.4128036499023,-8.87139129638672,"Male"
"9004152",371985,2025-05-17 10:53:47,42.4129905700684,-8.87170600891113,"Male"
"9004152",371985,2025-05-17 10:58:47,42.4129867553711,-8.87166023254395,"Male"
"9004152",371985,2025-05-17 11:03:47,42.4129638671875,-8.87154769897461,"Male"
"9004152",371985,2025-05-17 11:08:48,42.4130363464355,-8.87153911590576,"Male"
"9004152",371985,2025-05-17 11:13:47,42.4130363464355,-8.87146663665771,"Male"
"9004152",371985,2025-05-17 11:18:47,42.4131011962891,-8.87139320373535,"Male"
"9004152",371985,2025-05-17 11:23:48,42.4129066467285,-8.87138557434082,"Male"
"9004152",371985,2025-05-17 11:28:47,42.4129524230957,-8.87125110626221,"Male"
"9004152",371985,2025-05-17 11:33:47,42.4127426147461,-8.87101173400879,"Male"
"9004152",371985,2025-05-17 11:38:47,42.412841796875,-8.87089252471924,"Male"
"9004152",371985,2025-05-17 11:43:47,42.4142646789551,-8.87251663208008,"Male"
"9004152",371985,2025-05-17 11:48:48,42.4134292602539,-8.87182426452637,"Male"
"9004152",371985,2025-05-17 11:53:50,42.4135818481445,-8.87161540985107,"Male"
"9004152",371985,2025-05-17 11:58:48,42.4139213562012,-8.87203979492188,"Male"
"9004152",371985,2025-05-17 12:03:55,42.4137153625488,-8.87160778045654,"Male"
"9004152",371985,2025-05-17 12:08:47,42.4131164550781,-8.87188339233398,"Male"
"9004152",371985,2025-05-17 12:13:47,42.4137954711914,-8.87178802490234,"Male"
"9004152",371985,2025-05-17 12:18:48,42.4136619567871,-8.87176132202148,"Male"
"9004152",371985,2025-05-17 12:23:47,42.4137115478516,-8.87176132202148,"Male"
"9004152",371985,2025-05-17 12:28:47,42.4137344360352,-8.87173366546631,"Male"
"9004152",371985,2025-05-17 12:33:47,42.4136428833008,-8.87175846099854,"Male"
"9004152",371985,2025-05-17 12:38:48,42.4136390686035,-8.8717794418335,"Male"
"9004152",371985,2025-05-17 12:43:49,42.4136009216309,-8.87179756164551,"Male"
"9004152",371985,2025-05-17 12:48:47,42.4135589599609,-8.87176990509033,"Male"
"9004152",371985,2025-05-17 12:53:49,42.4134750366211,-8.87180423736572,"Male"
"9004152",371985,2025-05-17 12:58:48,42.4129753112793,-8.8715934753418,"Male"
"9004152",371985,2025-05-17 13:04:15,42.4120635986328,-8.87168884277344,"Male"
"9004152",371985,2025-05-17 13:09:52,42.4113121032715,-8.87027072906494,"Male"
"9004152",371985,2025-05-17 13:14:52,42.4107208251953,-8.87018585205078,"Male"
"9004152",371985,2025-05-17 13:20:04,42.4106674194336,-8.87069225311279,"Male"
"9004152",371985,2025-05-17 13:25:04,42.4100303649902,-8.86994171142578,"Male"
"9004152",371985,2025-05-17 13:30:40,42.4094505310059,-8.87001419067383,"Male"
"9004152",371985,2025-05-17 13:35:49,42.4087982177734,-8.8718147277832,"Male"
"9004152",371985,2025-05-17 13:40:47,42.4093437194824,-8.87057876586914,"Male"
"9004152",371985,2025-05-17 13:45:47,42.4093933105469,-8.87068843841553,"Male"
"9004152",371985,2025-05-17 13:50:47,42.4001388549805,-8.90530586242676,"Male"
"9004152",371985,2025-05-17 13:55:47,42.3981132507324,-8.92006778717041,"Male"
"9004152",371985,2025-05-17 14:00:49,42.3981781005859,-8.92034244537354,"Male"
"9004152",371985,2025-05-17 14:05:55,42.3980522155762,-8.91987133026123,"Male"
"9004152",371985,2025-05-17 14:10:50,42.3980903625488,-8.91982555389404,"Male"
"9004152",371985,2025-05-17 14:15:49,42.398551940918,-8.92118358612061,"Male"
"9004152",371985,2025-05-17 14:20:49,42.3985748291016,-8.92136573791504,"Male"
"9004152",371985,2025-05-17 14:25:53,42.3983497619629,-8.92088031768799,"Male"
"9004152",371985,2025-05-17 14:30:55,42.3996238708496,-8.92298698425293,"Male"
"9004152",371985,2025-05-17 14:35:50,42.3978500366211,-8.92156219482422,"Male"
"9004152",371985,2025-05-17 14:40:49,42.3979949951172,-8.9218282699585,"Male"
"9004152",371985,2025-05-17 14:51:50,42.3978576660156,-8.92148876190186,"Male"
"9004152",371985,2025-05-17 14:57:10,42.397777557373,-8.92156028747559,"Male"
"9004152",371985,2025-05-17 15:01:34,42.3977394104004,-8.9215669631958,"Male"
"9004152",371985,2025-05-17 15:05:54,42.397876739502,-8.92146873474121,"Male"
"9004152",371985,2025-05-17 15:10:50,42.3979377746582,-8.92142105102539,"Male"
"9004152",371985,2025-05-17 15:15:47,42.3979148864746,-8.92158317565918,"Male"
"9004152",371985,2025-05-17 15:20:53,42.3974800109863,-8.92148113250732,"Male"
"9004152",371985,2025-05-17 15:25:47,42.3979949951172,-8.92132091522217,"Male"
"9004152",371985,2025-05-17 15:30:52,42.3976516723633,-8.92127418518066,"Male"
"9004152",371985,2025-05-17 15:35:47,42.398120880127,-8.92120265960693,"Male"
"9004152",371985,2025-05-17 15:40:53,42.3980712890625,-8.92106246948242,"Male"
"9004152",371985,2025-05-17 15:45:49,42.398063659668,-8.92104053497314,"Male"
"9004152",371985,2025-05-17 15:50:49,42.3978729248047,-8.9212007522583,"Male"
"9004152",371985,2025-05-17 15:55:54,42.3976211547852,-8.92146682739258,"Male"
"9004152",371985,2025-05-17 16:00:48,42.3979034423828,-8.92093181610107,"Male"
"9004152",371985,2025-05-17 16:05:52,42.3980903625488,-8.92114162445068,"Male"
"9004152",371985,2025-05-17 16:10:50,42.3985061645508,-8.91876411437988,"Male"
"9004152",371985,2025-05-17 16:15:52,42.3974342346191,-8.92214298248291,"Male"
"9004152",371985,2025-05-17 16:20:52,42.3974380493164,-8.92228412628174,"Male"
"9004152",371985,2025-05-17 16:25:49,42.3977584838867,-8.92090225219727,"Male"
"9004152",371985,2025-05-17 16:30:54,42.3975028991699,-8.92217826843262,"Male"
"9004152",371985,2025-05-17 16:36:14,42.3975791931152,-8.92201709747314,"Male"
"9004152",371985,2025-05-17 16:40:54,42.3977203369141,-8.92148017883301,"Male"
"9004152",371985,2025-05-17 16:45:49,42.3977279663086,-8.92142009735107,"Male"
"9004152",371985,2025-05-17 16:50:47,42.3976554870605,-8.92103004455566,"Male"
"9004152",371985,2025-05-17 16:55:49,42.3976173400879,-8.92054653167725,"Male"
"9004152",371985,2025-05-17 17:01:02,42.3976249694824,-8.92177295684814,"Male"
"9004152",371985,2025-05-17 17:05:52,42.3975830078125,-8.92249393463135,"Male"
"9004152",371985,2025-05-17 17:11:03,42.3976135253906,-8.92221832275391,"Male"
"9004152",371985,2025-05-17 17:15:56,42.3976860046387,-8.92220783233643,"Male"
"9004152",371985,2025-05-17 17:20:56,42.3976516723633,-8.92249965667725,"Male"
"9004152",371985,2025-05-17 17:25:54,42.3975677490234,-8.92332935333252,"Male"
"9004152",371985,2025-05-17 17:30:55,42.3976783752441,-8.92103385925293,"Male"
"9004152",371985,2025-05-17 17:36:00,42.3977241516113,-8.92131805419922,"Male"
"9004152",371985,2025-05-17 17:41:04,42.3977088928223,-8.92152214050293,"Male"
"9004152",371985,2025-05-17 17:45:55,42.397518157959,-8.9216890335083,"Male"
"9004152",371985,2025-05-17 17:50:49,42.3977432250977,-8.92171096801758,"Male"
"9004152",371985,2025-05-17 17:55:47,42.3976173400879,-8.92245769500732,"Male"
"9004152",371985,2025-05-17 18:01:14,42.3976593017578,-8.92147541046143,"Male"
"9004152",371985,2025-05-17 18:05:47,42.3977279663086,-8.92205619812012,"Male"
"9004152",371985,2025-05-17 18:10:47,42.3977813720703,-8.92230606079102,"Male"
"9004152",371985,2025-05-17 18:15:47,42.3977737426758,-8.92204666137695,"Male"
"9004152",371985,2025-05-17 18:20:48,42.3977470397949,-8.92195796966553,"Male"
"9004152",371985,2025-05-17 18:25:48,42.397777557373,-8.92197608947754,"Male"
"9004152",371985,2025-05-17 18:30:47,42.3977012634277,-8.92172336578369,"Male"
"9004152",371985,2025-05-17 18:35:49,42.3978424072266,-8.92211437225342,"Male"
"9004152",371985,2025-05-17 18:40:49,42.3979606628418,-8.92223834991455,"Male"
"9004152",371985,2025-05-17 18:46:05,42.3977890014648,-8.92144298553467,"Male"
"9004152",371985,2025-05-17 18:50:47,42.3978538513184,-8.92162704467773,"Male"
"9004152",371985,2025-05-17 18:55:50,42.3976554870605,-8.92153930664062,"Male"
"9004152",371985,2025-05-17 19:00:52,42.3976097106934,-8.92151165008545,"Male"
"9004152",371985,2025-05-17 19:05:49,42.3975296020508,-8.92118549346924,"Male"
"9004152",371985,2025-05-17 19:10:50,42.397647857666,-8.92154216766357,"Male"
"9004152",371985,2025-05-17 19:15:49,42.3973655700684,-8.9207010269165,"Male"
"9004152",371985,2025-05-17 19:20:50,42.397647857666,-8.92152786254883,"Male"
"9004152",371985,2025-05-17 19:25:52,42.3976745605469,-8.92155742645264,"Male"
"9004152",371985,2025-05-17 19:30:50,42.397705078125,-8.92161750793457,"Male"
"9004152",371985,2025-05-17 19:35:53,42.3976936340332,-8.92151260375977,"Male"
"9004152",371985,2025-05-17 19:40:50,42.3976936340332,-8.92156887054443,"Male"
"9004152",371985,2025-05-17 19:45:53,42.3976974487305,-8.92155170440674,"Male"
"9004152",371985,2025-05-17 19:50:53,42.3976745605469,-8.92154693603516,"Male"
"9004152",371985,2025-05-17 19:55:52,42.3977432250977,-8.92164134979248,"Male"
"9004152",371985,2025-05-17 20:00:57,42.3978843688965,-8.92195510864258,"Male"
"9004152",371985,2025-05-17 20:05:52,42.3976860046387,-8.92154216766357,"Male"
"9004152",371985,2025-05-17 20:10:52,42.3977127075195,-8.92161273956299,"Male"
"9004152",371985,2025-05-17 20:15:52,42.3977317810059,-8.92161655426025,"Male"
"9004152",371985,2025-05-17 20:20:52,42.3977432250977,-8.92162895202637,"Male"
"9004152",371985,2025-05-17 20:25:48,42.3979072570801,-8.92185211181641,"Male"
"9004152",371985,2025-05-17 20:31:05,42.3976593017578,-8.9215612411499,"Male"
"9004152",371985,2025-05-17 20:35:47,42.3976593017578,-8.92147541046143,"Male"
"9004152",371985,2025-05-17 20:40:47,42.3976402282715,-8.92155075073242,"Male"
"9004152",371985,2025-05-17 20:45:47,42.3976821899414,-8.92162704467773,"Male"
"9004152",371985,2025-05-17 20:50:48,42.3978271484375,-8.92147636413574,"Male"
"9004152",371985,2025-05-17 20:55:47,42.3975067138672,-8.92155933380127,"Male"
"9004152",371985,2025-05-17 21:00:47,42.3976593017578,-8.92156887054443,"Male"
"9004152",371985,2025-05-17 21:05:47,42.3976821899414,-8.92159652709961,"Male"
"9004152",371985,2025-05-17 21:10:47,42.3978500366211,-8.92176246643066,"Male"
"9004152",371985,2025-05-17 21:15:52,42.3977851867676,-8.92179679870605,"Male"
"9004152",371985,2025-05-17 21:20:48,42.3978691101074,-8.92169666290283,"Male"
"9004152",371985,2025-05-17 21:25:53,42.3981056213379,-8.92200756072998,"Male"
"9004152",371985,2025-05-17 21:31:05,42.3976440429688,-8.92152881622314,"Male"
"9004152",371985,2025-05-17 21:35:47,42.3976364135742,-8.92153167724609,"Male"
"9004152",371985,2025-05-17 21:40:46,42.397647857666,-8.92148876190186,"Male"
"9004152",371985,2025-05-17 21:45:47,42.3976249694824,-8.92150211334229,"Male"
"9004152",371985,2025-05-17 21:50:48,42.3976593017578,-8.92148590087891,"Male"
"9004152",371985,2025-05-17 21:55:47,42.397590637207,-8.92155361175537,"Male"
"9004152",371985,2025-05-17 22:00:47,42.3975944519043,-8.92147541046143,"Male"
"9004152",371985,2025-05-17 22:05:46,42.3976020812988,-8.92158222198486,"Male"
"9004152",371985,2025-05-17 22:10:46,42.3976211547852,-8.92143440246582,"Male"
"9004152",371985,2025-05-17 22:15:47,42.3976516723633,-8.92156600952148,"Male"
"9004152",371985,2025-05-17 22:20:46,42.3976821899414,-8.92154216766357,"Male"
"9004152",371985,2025-05-17 22:25:49,42.3976058959961,-8.92154312133789,"Male"
"9004152",371985,2025-05-17 22:30:47,42.3976135253906,-8.92151069641113,"Male"
"9004152",371985,2025-05-17 22:35:47,42.3976287841797,-8.92159557342529,"Male"
"9004152",371985,2025-05-17 22:40:47,42.3976402282715,-8.92158126831055,"Male"
"9004152",371985,2025-05-17 22:45:47,42.3976135253906,-8.92146873474121,"Male"
"9004152",371985,2025-05-17 22:50:52,42.3976707458496,-8.92159748077393,"Male"
"9004152",371985,2025-05-17 22:55:54,42.3976860046387,-8.92160224914551,"Male"
"9004152",371985,2025-05-17 23:00:47,42.3976287841797,-8.92149066925049,"Male"
"9004152",371985,2025-05-17 23:05:54,42.3976211547852,-8.92152690887451,"Male"
"9004152",371985,2025-05-17 23:10:47,42.3976173400879,-8.92148399353027,"Male"
"9004152",371985,2025-05-17 23:15:48,42.3976898193359,-8.92178058624268,"Male"
"9004152",371985,2025-05-17 23:20:50,42.3976173400879,-8.92144107818604,"Male"
"9004152",371985,2025-05-17 23:25:49,42.3975524902344,-8.92139720916748,"Male"
"9004152",371985,2025-05-17 23:30:58,42.3965644836426,-8.91964626312256,"Male"
"9004152",371985,2025-05-17 23:35:47,42.3969993591309,-8.91981220245361,"Male"
"9004152",371985,2025-05-17 23:40:59,42.3974075317383,-8.92105388641357,"Male"
"9004152",371985,2025-05-17 23:45:52,42.3974304199219,-8.92105007171631,"Male"
"9004152",371985,2025-05-17 23:50:49,42.396915435791,-8.9206371307373,"Male"
"9004152",371985,2025-05-17 23:56:03,42.3974800109863,-8.92123603820801,"Male"
"9004152",371985,2025-05-18 00:00:47,42.3973579406738,-8.92076015472412,"Male"
"9004152",371985,2025-05-18 00:05:55,42.3975791931152,-8.92127895355225,"Male"
"9004152",371985,2025-05-18 00:11:23,42.3976593017578,-8.9214506149292,"Male"
"9004152",371985,2025-05-18 00:15:52,42.3975944519043,-8.92141151428223,"Male"
"9004152",371985,2025-05-18 00:20:47,42.3974342346191,-8.92109107971191,"Male"
"9004152",371985,2025-05-18 00:25:48,42.3976516723633,-8.92155361175537,"Male"
"9004152",371985,2025-05-18 00:30:47,42.3977737426758,-8.9216136932373,"Male"
"9004152",371985,2025-05-18 00:35:48,42.3977584838867,-8.92155838012695,"Male"
"9004152",371985,2025-05-18 00:40:48,42.3977432250977,-8.92152214050293,"Male"
"9004152",371985,2025-05-18 00:45:48,42.3977088928223,-8.92152976989746,"Male"
"9004152",371985,2025-05-18 00:50:56,42.3976516723633,-8.92144584655762,"Male"
"9004152",371985,2025-05-18 00:55:47,42.3976669311523,-8.92155361175537,"Male"
"9004152",371985,2025-05-18 01:00:47,42.3976936340332,-8.92152500152588,"Male"
"9004152",371985,2025-05-18 01:05:47,42.3976593017578,-8.92136669158936,"Male"
"9004152",371985,2025-05-18 01:10:47,42.3977432250977,-8.92158126831055,"Male"
"9004152",371985,2025-05-18 01:16:02,42.3975410461426,-8.92155838012695,"Male"
"9004152",371985,2025-05-18 01:20:47,42.3976821899414,-8.92149829864502,"Male"
"9004152",371985,2025-05-18 01:25:59,42.3975143432617,-8.92190170288086,"Male"
"9004152",371985,2025-05-18 01:31:05,42.3976287841797,-8.92146682739258,"Male"
"9004152",371985,2025-05-18 01:35:46,42.3976211547852,-8.92163181304932,"Male"
"9004152",371985,2025-05-18 01:40:48,42.3976364135742,-8.92149925231934,"Male"
"9004152",371985,2025-05-18 01:45:48,42.397632598877,-8.92153072357178,"Male"
"9004152",371985,2025-05-18 01:50:47,42.397647857666,-8.92153835296631,"Male"
"9004152",371985,2025-05-18 01:55:46,42.3976402282715,-8.92151737213135,"Male"
"9004152",371985,2025-05-18 02:00:47,42.3975791931152,-8.92138576507568,"Male"
"9004152",371985,2025-05-18 02:05:47,42.3975791931152,-8.9213924407959,"Male"
"9004152",371985,2025-05-18 02:10:48,42.3976669311523,-8.9214334487915,"Male"
"9004152",371985,2025-05-18 02:15:48,42.3978424072266,-8.92172908782959,"Male"
"9004152",371985,2025-05-18 02:20:46,42.3976745605469,-8.92158889770508,"Male"
"9004152",371985,2025-05-18 02:25:46,42.3976631164551,-8.92161655426025,"Male"
"9004152",371985,2025-05-18 02:30:55,42.3978042602539,-8.921950340271,"Male"
"9004152",371985,2025-05-18 02:36:14,42.3978004455566,-8.92198181152344,"Male"
"9004152",371985,2025-05-18 02:40:55,42.3977661132812,-8.92177677154541,"Male"
"9004152",371985,2025-05-18 02:45:59,42.3977165222168,-8.92158222198486,"Male"
"9004152",371985,2025-05-18 02:51:00,42.3978500366211,-8.92219543457031,"Male"
"9004152",371985,2025-05-18 02:56:00,42.3978538513184,-8.92226314544678,"Male"
"9004152",371985,2025-05-18 03:00:59,42.397777557373,-8.9218692779541,"Male"
"9004152",371985,2025-05-18 03:05:56,42.3976211547852,-8.92140674591064,"Male"
"9004152",371985,2025-05-18 03:10:50,42.3977279663086,-8.92131900787354,"Male"
"9004152",371985,2025-05-18 03:15:49,42.3977470397949,-8.92141151428223,"Male"
"9004152",371985,2025-05-18 03:20:54,42.3977699279785,-8.92121505737305,"Male"
"9004152",371985,2025-05-18 03:25:54,42.3976821899414,-8.92075252532959,"Male"
"9004152",371985,2025-05-18 03:30:48,42.3977546691895,-8.9208402633667,"Male"
"9004152",371985,2025-05-18 03:35:54,42.3976058959961,-8.92128753662109,"Male"
"9004152",371985,2025-05-18 03:40:59,42.3974494934082,-8.92171001434326,"Male"
"9004152",371985,2025-05-18 03:45:47,42.3974494934082,-8.92159748077393,"Male"
"9004152",371985,2025-05-18 03:51:05,42.397575378418,-8.92136478424072,"Male"
"9004152",371985,2025-05-18 03:55:47,42.3976669311523,-8.92134571075439,"Male"
"9004152",371985,2025-05-18 04:00:47,42.3976554870605,-8.92148780822754,"Male"
"9004152",371985,2025-05-18 04:05:48,42.3976898193359,-8.92144966125488,"Male"
"9004152",371985,2025-05-18 04:10:47,42.3976860046387,-8.92156887054443,"Male"
"9004152",371985,2025-05-18 04:15:46,42.3976669311523,-8.92145347595215,"Male"
"9004152",371985,2025-05-18 04:20:47,42.3976211547852,-8.92129802703857,"Male"
"9004152",371985,2025-05-18 04:25:46,42.3976707458496,-8.92140579223633,"Male"
"9004152",371985,2025-05-18 04:30:47,42.3976249694824,-8.92124176025391,"Male"
"9004152",371985,2025-05-18 04:35:48,42.3976097106934,-8.92136287689209,"Male"
"9004152",371985,2025-05-18 04:40:47,42.3977355957031,-8.92155265808105,"Male"
"9004152",371985,2025-05-18 04:45:48,42.3977317810059,-8.92156028747559,"Male"
"9004152",371985,2025-05-18 04:50:47,42.3976936340332,-8.92146682739258,"Male"
"9004152",371985,2025-05-18 04:55:47,42.397705078125,-8.92150211334229,"Male"
"9004152",371985,2025-05-18 05:00:47,42.397777557373,-8.92160892486572,"Male"
"9004152",371985,2025-05-18 05:05:52,42.397762298584,-8.92154026031494,"Male"
"9004152",371985,2025-05-18 05:10:47,42.3977470397949,-8.92141723632812,"Male"
"9004152",371985,2025-05-18 05:15:52,42.3976593017578,-8.92148303985596,"Male"
"9004152",371985,2025-05-18 05:21:02,42.3977203369141,-8.92024421691895,"Male"
"9004152",371985,2025-05-18 05:25:47,42.3976974487305,-8.92024421691895,"Male"
"9004152",371985,2025-05-18 05:30:46,42.3977127075195,-8.92022609710693,"Male"
"9004152",371985,2025-05-18 05:35:46,42.397777557373,-8.92029476165771,"Male"
"9004152",371985,2025-05-18 05:40:46,42.3977088928223,-8.92024421691895,"Male"
"9004152",371985,2025-05-18 05:45:47,42.3977203369141,-8.92001819610596,"Male"
"9004152",371985,2025-05-18 05:50:46,42.3981781005859,-8.91818523406982,"Male"
"9004152",371985,2025-05-18 05:55:46,42.3977737426758,-8.91615676879883,"Male"
"9004152",371985,2025-05-18 06:00:47,42.3972778320312,-8.91437911987305,"Male"
"9004152",371985,2025-05-18 06:06:52,42.3920402526855,-8.90798091888428,"Male"
"9004152",371985,2025-05-18 06:11:59,42.3923950195312,-8.90738773345947,"Male"
"9004152",371985,2025-05-18 06:18:19,42.3990440368652,-8.90323448181152,"Male"
"9004152",371985,2025-05-18 06:23:36,42.4018402099609,-8.90672874450684,"Male"
"9004152",371985,2025-05-18 06:29:29,42.4005279541016,-8.90640258789062,"Male"
"9004152",371985,2025-05-18 06:35:28,42.401927947998,-8.90604877471924,"Male"
"9004152",371985,2025-05-18 06:40:48,42.4055557250977,-8.90318489074707,"Male"
"9004152",371985,2025-05-18 06:45:53,42.4055328369141,-8.90135192871094,"Male"
"9004152",371985,2025-05-18 06:50:48,42.4039878845215,-8.8951301574707,"Male"
"9004152",371985,2025-05-18 06:56:39,42.4099655151367,-8.87259387969971,"Male"
"9004152",371985,2025-05-18 07:02:17,42.4102439880371,-8.87151050567627,"Male"
"9004152",371985,2025-05-18 07:07:48,42.4091186523438,-8.87128829956055,"Male"
"9004152",371985,2025-05-18 07:12:48,42.4083824157715,-8.87226486206055,"Male"
"9004152",371985,2025-05-18 07:17:53,42.4085884094238,-8.87223529815674,"Male"
"9004152",371985,2025-05-18 07:22:50,42.4080505371094,-8.87413787841797,"Male"
"9004152",371985,2025-05-18 07:28:38,42.4082336425781,-8.87392711639404,"Male"
"9004152",371985,2025-05-18 07:33:45,42.4099311828613,-8.87458229064941,"Male"
"9004152",371985,2025-05-18 07:38:57,42.4106636047363,-8.87657356262207,"Male"
"9004152",371985,2025-05-18 07:44:43,42.4103012084961,-8.87821197509766,"Male"
"9004152",371985,2025-05-18 07:50:14,42.4105072021484,-8.87750244140625,"Male"
"9004152",371985,2025-05-18 07:55:44,42.4106216430664,-8.87612724304199,"Male"
"9004152",371985,2025-05-18 08:03:56,42.4102210998535,-8.87631034851074,"Male"
"9004152",371985,2025-05-18 08:16:01,42.4108543395996,-8.87723636627197,"Male"
"9004152",371985,2025-05-18 08:36:06,42.410285949707,-8.87306308746338,"Male"
"9004152",371985,2025-05-18 08:47:35,42.4108581542969,-8.87170124053955,"Male"
"9004152",371985,2025-05-18 08:59:05,42.4101676940918,-8.87090492248535,"Male"
"9004152",371985,2025-05-18 09:04:38,42.4091377258301,-8.87034797668457,"Male"
"9004152",371985,2025-05-18 09:09:45,42.4098968505859,-8.87014293670654,"Male"
"9004152",371985,2025-05-18 09:32:32,42.4110641479492,-8.87098598480225,"Male"
"9004152",371985,2025-05-18 09:44:03,42.4089508056641,-8.87023162841797,"Male"
"9004152",371985,2025-05-18 09:49:40,42.4084053039551,-8.8726863861084,"Male"
"9004152",371985,2025-05-18 09:55:59,42.4089508056641,-8.8710298538208,"Male"
"9004152",371985,2025-05-18 10:00:19,42.4088859558105,-8.87069606781006,"Male"
"9004152",371985,2025-05-18 10:05:17,42.4054832458496,-8.86660099029541,"Male"
"9004152",371985,2025-05-18 10:10:17,42.3983306884766,-8.85775089263916,"Male"
"9004152",371985,2025-05-18 10:15:22,42.3983421325684,-8.85754776000977,"Male"
"9004152",371985,2025-05-18 10:20:20,42.3985137939453,-8.85733795166016,"Male"
"9004152",371985,2025-05-18 10:25:23,42.3985176086426,-8.85806941986084,"Male"
"9004152",371985,2025-05-18 10:30:17,42.3984603881836,-8.85820007324219,"Male"
"9004152",371985,2025-05-18 10:35:17,42.3984909057617,-8.85808658599854,"Male"
"9004152",371985,2025-05-18 10:40:17,42.3984565734863,-8.85806274414062,"Male"
"9004152",371985,2025-05-18 10:45:17,42.398193359375,-8.85813331604004,"Male"
"9004152",371985,2025-05-18 10:50:17,42.3980941772461,-8.85847854614258,"Male"
"9004152",371985,2025-05-18 10:55:52,42.4091415405273,-8.87008476257324,"Male"
"9004152",371985,2025-05-18 11:01:05,42.4100952148438,-8.86997985839844,"Male"
"9004152",371985,2025-05-18 11:06:06,42.4105682373047,-8.87140941619873,"Male"
"9004152",371985,2025-05-18 11:11:09,42.4101867675781,-8.87376308441162,"Male"
"9004152",371985,2025-05-18 11:16:50,42.4094696044922,-8.87494373321533,"Male"
"9004152",371985,2025-05-18 11:21:50,42.4094505310059,-8.8752555847168,"Male"
"9004152",371985,2025-05-18 11:27:30,42.4098167419434,-8.87475681304932,"Male"
"9004152",371985,2025-05-18 11:33:24,42.4112510681152,-8.87425327301025,"Male"
"9004152",371985,2025-05-18 11:39:00,42.4105834960938,-8.87600994110107,"Male"
"9004152",371985,2025-05-18 11:44:16,42.4100761413574,-8.87837696075439,"Male"
"9004152",371985,2025-05-18 11:49:17,42.4091186523438,-8.87848472595215,"Male"
"9004152",371985,2025-05-18 11:54:32,42.4095001220703,-8.87621593475342,"Male"
"9004152",371985,2025-05-18 11:59:32,42.4091949462891,-8.87442016601562,"Male"
"9004152",371985,2025-05-18 12:05:12,42.4092445373535,-8.87229537963867,"Male"
"9004152",371985,2025-05-18 12:10:11,42.4110717773438,-8.87082481384277,"Male"
"9004152",371985,2025-05-18 12:15:24,42.4099655151367,-8.87183380126953,"Male"
"9004152",371985,2025-05-18 12:20:52,42.4110832214355,-8.86980247497559,"Male"
"9004152",371985,2025-05-18 12:25:53,42.4102630615234,-8.87014293670654,"Male"
"9004152",371985,2025-05-18 12:30:53,42.4093208312988,-8.87069702148438,"Male"
"9004152",371985,2025-05-18 12:36:44,42.398365020752,-8.85826110839844,"Male"
"9004152",371985,2025-05-18 12:40:53,42.3986396789551,-8.85828113555908,"Male"
"9004152",371985,2025-05-18 12:45:54,42.3983764648438,-8.85823249816895,"Male"
"9004152",371985,2025-05-18 12:50:53,42.3987236022949,-8.85712051391602,"Male"
"9004152",371985,2025-05-18 12:55:54,42.3987159729004,-8.85770130157471,"Male"
"9004152",371985,2025-05-18 13:00:59,42.3986778259277,-8.85814094543457,"Male"
"9004152",371985,2025-05-18 13:06:14,42.398509979248,-8.85808658599854,"Male"
"9004152",371985,2025-05-18 13:10:51,42.3983459472656,-8.85812854766846,"Male"
"9004152",371985,2025-05-18 13:15:51,42.3983421325684,-8.85800266265869,"Male"
"9004152",371985,2025-05-18 13:20:51,42.3982009887695,-8.85813808441162,"Male"
"9004152",371985,2025-05-18 13:25:51,42.3982925415039,-8.85810947418213,"Male"
"9004152",371985,2025-05-18 13:31:14,42.3987083435059,-8.85822486877441,"Male"
"9004152",371985,2025-05-18 13:35:51,42.3986892700195,-8.85818862915039,"Male"
"9004152",371985,2025-05-18 13:40:57,42.3985214233398,-8.85834693908691,"Male"
"9004152",371985,2025-05-18 13:45:51,42.3986434936523,-8.85836505889893,"Male"
"9004152",371985,2025-05-18 13:50:51,42.3991661071777,-8.85747528076172,"Male"
"9004152",371985,2025-05-18 13:55:51,42.3985748291016,-8.85765838623047,"Male"
"9004152",371985,2025-05-18 14:00:51,42.398509979248,-8.85732173919678,"Male"
"9004152",371985,2025-05-18 14:05:52,42.4087219238281,-8.86975955963135,"Male"
"9004152",371985,2025-05-18 14:10:51,42.409496307373,-8.86966037750244,"Male"
"9004152",371985,2025-05-18 14:16:20,42.4104385375977,-8.87006950378418,"Male"
"9004152",371985,2025-05-18 14:22:48,42.4114646911621,-8.8703670501709,"Male"
"9004152",371985,2025-05-18 14:27:56,42.4114799499512,-8.86986637115479,"Male"
"9004152",371985,2025-05-18 14:33:46,42.4102783203125,-8.87130641937256,"Male"
"9004152",371985,2025-05-18 14:40:28,42.4087677001953,-8.87125301361084,"Male"
"9004152",371985,2025-05-18 14:45:28,42.4083633422852,-8.87085247039795,"Male"
"9004152",371985,2025-05-18 14:50:52,42.4095840454102,-8.8719596862793,"Male"
"9004152",371985,2025-05-18 14:56:22,42.4105186462402,-8.87301158905029,"Male"
"9004152",371985,2025-05-18 15:01:22,42.4115409851074,-8.87399578094482,"Male"
"9004152",371985,2025-05-18 15:06:35,42.4113960266113,-8.87490177154541,"Male"
"9004152",371985,2025-05-18 15:11:50,42.4106101989746,-8.87557792663574,"Male"
"9004152",371985,2025-05-18 15:17:20,42.4101066589355,-8.8764476776123,"Male"
"9004152",371985,2025-05-18 15:22:19,42.4096412658691,-8.8762035369873,"Male"
"9004152",371985,2025-05-18 15:28:30,42.409740447998,-8.87658977508545,"Male"
"9004152",371985,2025-05-18 15:34:10,42.4103965759277,-8.87477111816406,"Male"
"9004152",371985,2025-05-18 15:39:44,42.4086227416992,-8.87423706054688,"Male"
"9004152",371985,2025-05-18 15:44:44,42.408260345459,-8.87446594238281,"Male"
"9004152",371985,2025-05-18 15:49:44,42.4079437255859,-8.87569046020508,"Male"
"9004152",371985,2025-05-18 15:54:44,42.4062538146973,-8.87653636932373,"Male"
"9004152",371985,2025-05-18 15:59:44,42.4002227783203,-8.90132713317871,"Male"
"9004152",371985,2025-05-18 16:04:44,42.3979415893555,-8.91968822479248,"Male"
"9004152",371985,2025-05-18 16:09:44,42.3979301452637,-8.91982841491699,"Male"
"9004152",371985,2025-05-18 16:14:44,42.3980140686035,-8.9197301864624,"Male"
"9004152",371985,2025-05-18 16:19:44,42.3979263305664,-8.91970062255859,"Male"
"9004152",371985,2025-05-18 16:24:44,42.3979721069336,-8.91975975036621,"Male"
"9004152",371985,2025-05-18 16:29:44,42.398078918457,-8.91973114013672,"Male"
"9004152",371985,2025-05-18 16:34:44,42.3980255126953,-8.92002010345459,"Male"
"9004152",371985,2025-05-18 16:39:44,42.4013633728027,-8.92025470733643,"Male"
"9004152",371985,2025-05-18 16:44:44,42.396411895752,-8.92376613616943,"Male"
"9004152",371985,2025-05-18 16:49:49,42.3981399536133,-8.9215259552002,"Male"
"9004152",371985,2025-05-18 16:54:48,42.3982315063477,-8.92096424102783,"Male"
"9004152",371985,2025-05-18 16:59:47,42.3981437683105,-8.92105865478516,"Male"
"9004152",371985,2025-05-18 17:04:47,42.397891998291,-8.92214393615723,"Male"
"9004152",371985,2025-05-18 17:10:05,42.3978996276855,-8.92164325714111,"Male"
"9004152",371985,2025-05-18 17:14:43,42.3977890014648,-8.92205333709717,"Male"
"9004152",371985,2025-05-18 17:19:45,42.3976898193359,-8.92160701751709,"Male"
"9004152",371985,2025-05-18 17:24:47,42.3976669311523,-8.92146301269531,"Male"
"9004152",371985,2025-05-18 17:29:44,42.3977432250977,-8.92139720916748,"Male"
"9004152",371985,2025-05-18 17:34:44,42.397647857666,-8.92139911651611,"Male"
"9004152",371985,2025-05-18 17:39:45,42.3977661132812,-8.92145347595215,"Male"
"9004152",371985,2025-05-18 17:44:46,42.3977279663086,-8.92144775390625,"Male"
"9004152",371985,2025-05-18 17:49:44,42.3977279663086,-8.92141914367676,"Male"
"9004152",371985,2025-05-18 17:54:44,42.3977394104004,-8.92142868041992,"Male"
"9004152",371985,2025-05-18 17:59:44,42.3977661132812,-8.92152976989746,"Male"
"9004152",371985,2025-05-18 18:04:55,42.3978538513184,-8.92222118377686,"Male"
"9004152",371985,2025-05-18 18:09:44,42.3978157043457,-8.92132663726807,"Male"
"9004152",371985,2025-05-18 18:14:45,42.3976631164551,-8.92136383056641,"Male"
"9004152",371985,2025-05-18 18:19:45,42.3977394104004,-8.92132091522217,"Male"
"9004152",371985,2025-05-18 18:24:49,42.397590637207,-8.92116451263428,"Male"
"9004152",371985,2025-05-18 18:29:46,42.3973693847656,-8.92140865325928,"Male"
"9004152",371985,2025-05-18 18:34:47,42.3966865539551,-8.92114639282227,"Male"
"9004152",371985,2025-05-18 18:39:46,42.3971099853516,-8.92097091674805,"Male"
"9004152",371985,2025-05-18 18:44:45,42.3974685668945,-8.92131614685059,"Male"
"9004152",371985,2025-05-18 18:49:44,42.3974914550781,-8.9212064743042,"Male"
"9004152",371985,2025-05-18 18:54:49,42.3977012634277,-8.92131328582764,"Male"
"9004152",371985,2025-05-18 19:00:30,42.397647857666,-8.92117595672607,"Male"
"9004152",371985,2025-05-18 19:05:38,42.3975028991699,-8.92113494873047,"Male"
"9004152",371985,2025-05-18 19:10:14,42.3975067138672,-8.92117691040039,"Male"
"9004152",371985,2025-05-18 19:14:46,42.397834777832,-8.92148780822754,"Male"
"9004152",371985,2025-05-18 19:19:48,42.3976287841797,-8.92135238647461,"Male"
"9004152",371985,2025-05-18 19:24:47,42.3976364135742,-8.92139625549316,"Male"
"9004152",371985,2025-05-18 19:29:48,42.3975067138672,-8.92125415802002,"Male"
"9004152",371985,2025-05-18 19:34:48,42.3975944519043,-8.92132472991943,"Male"
"9004152",371985,2025-05-18 19:40:14,42.3976745605469,-8.9214506149292,"Male"
"9004152",371985,2025-05-18 19:44:44,42.397632598877,-8.92144870758057,"Male"
"9004152",371985,2025-05-18 19:49:45,42.3976058959961,-8.92141628265381,"Male"
"9004152",371985,2025-05-18 19:54:49,42.3976440429688,-8.92143058776855,"Male"
"9004152",371985,2025-05-18 19:59:48,42.3977279663086,-8.92162609100342,"Male"
"9004152",371985,2025-05-18 20:04:53,42.3977470397949,-8.92163372039795,"Male"
"9004152",371985,2025-05-18 20:09:44,42.397762298584,-8.92152881622314,"Male"
"9004152",371985,2025-05-18 20:14:44,42.3976745605469,-8.92149925231934,"Male"
"9004152",371985,2025-05-18 20:19:44,42.3975143432617,-8.92128849029541,"Male"
"9004152",371985,2025-05-18 20:24:44,42.3977394104004,-8.92153739929199,"Male"
"9004152",371985,2025-05-18 20:29:44,42.397819519043,-8.92163276672363,"Male"
"9004152",371985,2025-05-18 20:34:44,42.3979797363281,-8.9216775894165,"Male"
"9004152",371985,2025-05-18 20:39:44,42.3979644775391,-8.92191219329834,"Male"
"9004152",371985,2025-05-18 20:44:44,42.3979339599609,-8.92168807983398,"Male"
"9004152",371985,2025-05-18 20:49:44,42.3979530334473,-8.92170524597168,"Male"
"9004152",371985,2025-05-18 20:54:44,42.3979415893555,-8.92184448242188,"Male"
"9004152",371985,2025-05-18 20:59:44,42.3979225158691,-8.921706199646,"Male"
"9004152",371985,2025-05-18 21:04:44,42.3978881835938,-8.92173194885254,"Male"
"9004152",371985,2025-05-18 21:09:44,42.3979072570801,-8.92188167572021,"Male"
"9004152",371985,2025-05-18 21:14:44,42.3979682922363,-8.92167377471924,"Male"
"9004152",371985,2025-05-18 21:19:46,42.3980331420898,-8.92201137542725,"Male"
"9004152",371985,2025-05-18 21:24:44,42.3980140686035,-8.92182159423828,"Male"
"9004152",371985,2025-05-18 21:29:46,42.3981552124023,-8.92225074768066,"Male"
"9004152",371985,2025-05-18 21:34:46,42.3978309631348,-8.92179012298584,"Male"
"9004152",371985,2025-05-18 21:39:45,42.3979263305664,-8.92191982269287,"Male"
"9004152",371985,2025-05-18 21:44:45,42.3978691101074,-8.92206954956055,"Male"
"9004152",371985,2025-05-18 21:49:45,42.3979110717773,-8.92204856872559,"Male"
"9004152",371985,2025-05-18 21:54:44,42.3978881835938,-8.92198944091797,"Male"
"9004152",371985,2025-05-18 21:59:46,42.3979606628418,-8.9219856262207,"Male"
"9004152",371985,2025-05-18 22:04:44,42.3979034423828,-8.92187309265137,"Male"
"9004152",371985,2025-05-18 22:09:44,42.3977813720703,-8.92177772521973,"Male"
"9004152",371985,2025-05-18 22:14:44,42.3979072570801,-8.92188549041748,"Male"
"9004152",371985,2025-05-18 22:19:44,42.3978462219238,-8.92181491851807,"Male"
"9004152",371985,2025-05-18 22:24:44,42.3978576660156,-8.92182540893555,"Male"
"9004152",371985,2025-05-18 22:29:44,42.3977432250977,-8.92181205749512,"Male"
"9004152",371985,2025-05-18 22:34:44,42.3977470397949,-8.921706199646,"Male"
"9004152",371985,2025-05-18 22:39:44,42.3977241516113,-8.92154216766357,"Male"
"9004152",371985,2025-05-18 22:44:45,42.3977317810059,-8.92156219482422,"Male"
"9004152",371985,2025-05-18 22:49:44,42.3978157043457,-8.92156314849854,"Male"
"9004152",371985,2025-05-18 22:54:44,42.3977928161621,-8.92140007019043,"Male"
"9004152",371985,2025-05-18 22:59:44,42.3977966308594,-8.92135524749756,"Male"
"9004152",371985,2025-05-18 23:04:44,42.3973999023438,-8.91969108581543,"Male"
"9004152",371985,2025-05-18 23:09:44,42.3973197937012,-8.91916084289551,"Male"
"9004152",371985,2025-05-18 23:15:14,42.3976669311523,-8.92128276824951,"Male"
"9004152",371985,2025-05-18 23:19:44,42.3977241516113,-8.92142105102539,"Male"
"9004152",371985,2025-05-18 23:24:44,42.3977890014648,-8.92154979705811,"Male"
"9004152",371985,2025-05-18 23:29:47,42.3976402282715,-8.92147350311279,"Male"
"9004152",371985,2025-05-18 23:34:49,42.397705078125,-8.9215202331543,"Male"
"9004152",371985,2025-05-18 23:39:45,42.3977317810059,-8.92155075073242,"Male"
"9004152",371985,2025-05-18 23:44:49,42.3978080749512,-8.92149066925049,"Male"
"9004152",371985,2025-05-18 23:49:47,42.3977012634277,-8.92123222351074,"Male"
"9004152",371985,2025-05-18 23:54:45,42.4008331298828,-8.93030452728271,"Male"
"9004152",371985,2025-05-18 23:59:46,42.4008674621582,-8.93096446990967,"Male"
"9004152",371985,2025-05-19 00:04:44,42.3984298706055,-8.92349338531494,"Male"
"9004152",371985,2025-05-19 00:09:48,42.4008712768555,-8.9318265914917,"Male"
"9004152",371985,2025-05-19 00:14:49,42.4008941650391,-8.93224811553955,"Male"
"9004152",371985,2025-05-19 00:19:46,42.4013900756836,-8.93360710144043,"Male"
"9004152",371985,2025-05-19 00:24:48,42.3981018066406,-8.93513965606689,"Male"
"9004152",371985,2025-05-19 00:29:58,42.3955421447754,-8.93686389923096,"Male"
"9004152",371985,2025-05-19 00:34:47,42.3973503112793,-8.93568897247314,"Male"
"9004152",371985,2025-05-19 00:39:56,42.394947052002,-8.9364538192749,"Male"
"9004152",371985,2025-05-19 00:44:48,42.3971786499023,-8.93646717071533,"Male"
"9004152",371985,2025-05-19 00:49:51,42.3978004455566,-8.92142295837402,"Male"
"9004152",371985,2025-05-19 00:54:46,42.3964614868164,-8.9373836517334,"Male"
"9004152",371985,2025-05-19 00:59:45,42.3967361450195,-8.93754577636719,"Male"
"9004152",371985,2025-05-19 01:04:47,42.3967208862305,-8.93780040740967,"Male"
"9004152",371985,2025-05-19 01:09:47,42.3878898620605,-8.92209434509277,"Male"
"9004152",371985,2025-05-19 01:14:45,42.3978004455566,-8.92099475860596,"Male"
"9004152",371985,2025-05-19 01:19:55,42.3977661132812,-8.92112922668457,"Male"
"9004152",371985,2025-05-19 01:24:55,42.3977737426758,-8.92119312286377,"Male"
"9004152",371985,2025-05-19 01:29:54,42.3977737426758,-8.92074394226074,"Male"
"9004152",371985,2025-05-19 01:34:56,42.400447845459,-8.90776824951172,"Male"
"9004152",371985,2025-05-19 01:40:05,42.3976211547852,-8.92148303985596,"Male"
"9004152",371985,2025-05-19 01:44:43,42.3976097106934,-8.92143440246582,"Male"
"9004152",371985,2025-05-19 01:49:44,42.3976364135742,-8.92147541046143,"Male"
"9004152",371985,2025-05-19 01:54:43,42.3975715637207,-8.92157554626465,"Male"
"9004152",371985,2025-05-19 01:59:44,42.3976249694824,-8.92148303985596,"Male"
"9004152",371985,2025-05-19 02:04:44,42.3977279663086,-8.92163562774658,"Male"
"9004152",371985,2025-05-19 02:09:43,42.3977012634277,-8.92166137695312,"Male"
"9004152",371985,2025-05-19 02:14:44,42.3976974487305,-8.92156982421875,"Male"
"9004152",371985,2025-05-19 02:19:43,42.3976745605469,-8.92160415649414,"Male"
"9004152",371985,2025-05-19 02:24:43,42.3976554870605,-8.92152500152588,"Male"
"9004152",371985,2025-05-19 02:29:46,42.3977088928223,-8.92167282104492,"Male"
"9004152",371985,2025-05-19 02:35:12,42.3976707458496,-8.92156314849854,"Male"
"9004152",371985,2025-05-19 02:39:43,42.3976516723633,-8.92156028747559,"Male"
"9004152",371985,2025-05-19 02:44:43,42.3977127075195,-8.92155361175537,"Male"
"9004152",371985,2025-05-19 02:49:43,42.3977355957031,-8.92167472839355,"Male"
"9004152",371985,2025-05-19 02:54:43,42.3977317810059,-8.92178630828857,"Male"
"9004152",371985,2025-05-19 02:59:43,42.3978309631348,-8.92191696166992,"Male"
"9004152",371985,2025-05-19 03:04:43,42.3977012634277,-8.92162418365479,"Male"
"9004152",371985,2025-05-19 03:09:43,42.3976974487305,-8.92173767089844,"Male"
"9004152",371985,2025-05-19 03:14:43,42.3977165222168,-8.9215030670166,"Male"
"9004152",371985,2025-05-19 03:19:43,42.3977279663086,-8.9217700958252,"Male"
"9004152",371985,2025-05-19 03:24:43,42.3977355957031,-8.92172431945801,"Male"
"9004152",371985,2025-05-19 03:29:44,42.3976783752441,-8.92150402069092,"Male"
"9004152",371985,2025-05-19 03:34:48,42.3976440429688,-8.9215259552002,"Male"
"9004152",371985,2025-05-19 03:39:51,42.3975868225098,-8.92163372039795,"Male"
"9004152",371985,2025-05-19 03:44:47,42.3977279663086,-8.92135429382324,"Male"
"9004152",371985,2025-05-19 03:49:48,42.3977813720703,-8.92145442962646,"Male"
"9004152",371985,2025-05-19 03:54:44,42.3977699279785,-8.92152690887451,"Male"
"9004152",371985,2025-05-19 03:59:45,42.3978118896484,-8.92131519317627,"Male"
"9004152",371985,2025-05-19 04:04:45,42.397762298584,-8.92121124267578,"Male"
"9004152",371985,2025-05-19 04:09:44,42.3977661132812,-8.92144012451172,"Male"
"9004152",371985,2025-05-19 04:14:45,42.3977203369141,-8.92127799987793,"Male"
"9004152",371985,2025-05-19 04:19:44,42.3976631164551,-8.92129135131836,"Male"
"9004152",371985,2025-05-19 04:24:44,42.3976745605469,-8.92122650146484,"Male"
"9004152",371985,2025-05-19 04:29:45,42.397762298584,-8.92162418365479,"Male"
"9004152",371985,2025-05-19 04:34:44,42.3977470397949,-8.9214506149292,"Male"
"9004152",371985,2025-05-19 04:39:44,42.3977546691895,-8.92147541046143,"Male"
"9004152",371985,2025-05-19 04:44:44,42.3977317810059,-8.92164134979248,"Male"
"9004152",371985,2025-05-19 04:49:44,42.397777557373,-8.9216833114624,"Male"
"9004152",371985,2025-05-19 04:54:46,42.3978157043457,-8.92153549194336,"Male"
"9004152",371985,2025-05-19 04:59:44,42.3977851867676,-8.92138481140137,"Male"
"9004152",371985,2025-05-19 05:04:52,42.3977317810059,-8.92173385620117,"Male"
"9004152",371985,2025-05-19 05:09:47,42.3977279663086,-8.92150497436523,"Male"
"9004152",371985,2025-05-19 05:14:56,42.397819519043,-8.92225170135498,"Male"
"9004152",371985,2025-05-19 05:20:03,42.3976821899414,-8.92199420928955,"Male"
"9004152",371985,2025-05-19 05:25:05,42.3976860046387,-8.92025566101074,"Male"
"9004152",371985,2025-05-19 05:29:44,42.3976173400879,-8.92024612426758,"Male"
"9004152",371985,2025-05-19 05:34:44,42.3977661132812,-8.92039394378662,"Male"
"9004152",371985,2025-05-19 05:39:44,42.3978691101074,-8.91985893249512,"Male"
"9004152",371985,2025-05-19 05:44:44,42.3976821899414,-8.92023086547852,"Male"
"9004152",371985,2025-05-19 05:49:44,42.3977661132812,-8.92031002044678,"Male"
"9004152",371985,2025-05-19 05:54:44,42.4099578857422,-8.87784862518311,"Male"
"9004152",371985,2025-05-19 06:00:38,42.4109535217285,-8.8772554397583,"Male"
"9004152",371985,2025-05-19 06:05:45,42.4118309020996,-8.87722492218018,"Male"
"9004152",371985,2025-05-19 06:10:45,42.4109764099121,-8.87589454650879,"Male"
"9004152",371985,2025-05-19 06:16:05,42.4105949401855,-8.87399673461914,"Male"
"9004152",371985,2025-05-19 06:21:21,42.409984588623,-8.87209796905518,"Male"
"9004152",371985,2025-05-19 06:26:37,42.4094505310059,-8.8716869354248,"Male"
"9004152",371985,2025-05-19 06:31:37,42.4093704223633,-8.87044906616211,"Male"
"9004152",371985,2025-05-19 06:37:02,42.4104232788086,-8.87028312683105,"Male"
"9004152",371985,2025-05-19 06:42:01,42.411003112793,-8.87042903900146,"Male"
"9004152",371985,2025-05-19 06:47:37,42.4111557006836,-8.87289810180664,"Male"
"9004152",371985,2025-05-19 06:53:27,42.4111137390137,-8.87382793426514,"Male"
"9004152",371985,2025-05-19 06:58:26,42.4099960327148,-8.87217998504639,"Male"
"9004152",371985,2025-05-19 07:03:53,42.4102210998535,-8.87039756774902,"Male"
"9004152",371985,2025-05-19 07:09:32,42.4093551635742,-8.87039756774902,"Male"
"9004152",371985,2025-05-19 07:14:31,42.4091606140137,-8.87222003936768,"Male"
"9004152",371985,2025-05-19 07:20:16,42.4087600708008,-8.87128257751465,"Male"
"9004152",371985,2025-05-19 07:25:27,42.4094429016113,-8.86980724334717,"Male"
"9004152",371985,2025-05-19 07:30:27,42.4107780456543,-8.87073135375977,"Male"
"9004152",371985,2025-05-19 07:35:34,42.4116401672363,-8.87114334106445,"Male"
"9004152",371985,2025-05-19 07:41:04,42.4112129211426,-8.87088298797607,"Male"
"9004152",371985,2025-05-19 07:46:18,42.4108505249023,-8.87132358551025,"Male"
"9004152",371985,2025-05-19 07:51:18,42.411865234375,-8.87080574035645,"Male"
"9004152",371985,2025-05-19 07:56:20,42.3983421325684,-8.85802936553955,"Male"
"9004152",371985,2025-05-19 08:01:19,42.3983421325684,-8.85800647735596,"Male"
"9004152",371985,2025-05-19 08:06:22,42.3983497619629,-8.85790824890137,"Male"
"9004152",371985,2025-05-19 08:11:30,42.398365020752,-8.85789203643799,"Male"
"9004152",371985,2025-05-19 08:16:18,42.3984031677246,-8.85780811309814,"Male"
"9004152",371985,2025-05-19 08:21:18,42.3984680175781,-8.85788726806641,"Male"
"9004152",371985,2025-05-19 08:26:18,42.398380279541,-8.85792541503906,"Male"
"9004152",371985,2025-05-19 08:31:18,42.3983192443848,-8.85791969299316,"Male"
"9004152",371985,2025-05-19 08:36:30,42.398380279541,-8.85783100128174,"Male"
"9004152",371985,2025-05-19 08:41:19,42.3974533081055,-8.85698890686035,"Male"
"9004152",371985,2025-05-19 08:46:43,42.4096641540527,-8.87028408050537,"Male"
"9004152",371985,2025-05-19 08:52:06,42.4105262756348,-8.87028026580811,"Male"
"9004152",371985,2025-05-19 08:57:00,42.4099502563477,-8.87008285522461,"Male"
"9004152",371985,2025-05-19 09:02:06,42.3985290527344,-8.85789775848389,"Male"
"9004152",371985,2025-05-19 09:07:03,42.3985557556152,-8.85790538787842,"Male"
"9004152",371985,2025-05-19 09:12:06,42.3983879089355,-8.85815715789795,"Male"
"9004152",371985,2025-05-19 09:16:59,42.3983154296875,-8.8578519821167,"Male"
"9004152",371985,2025-05-19 09:22:06,42.3984375,-8.85801029205322,"Male"
"9004152",371985,2025-05-19 09:27:00,42.3982315063477,-8.8577995300293,"Male"
"9004152",371985,2025-05-19 09:32:29,42.3983917236328,-8.85821628570557,"Male"
"9004152",371985,2025-05-19 09:36:57,42.3982887268066,-8.85783386230469,"Male"
"9004152",371985,2025-05-19 09:41:58,42.3981437683105,-8.85739040374756,"Male"
"9004152",371985,2025-05-19 09:47:03,42.3984222412109,-8.8580846786499,"Male"
"9004152",371985,2025-05-19 09:51:58,42.398323059082,-8.85818958282471,"Male"
"9004152",371985,2025-05-19 09:56:58,42.3982696533203,-8.8582649230957,"Male"
"9004152",371985,2025-05-19 10:02:01,42.3982582092285,-8.85822677612305,"Male"
"9004152",371985,2025-05-19 10:06:58,42.3983192443848,-8.85783958435059,"Male"
"9004152",371985,2025-05-19 10:12:04,42.3982162475586,-8.85849475860596,"Male"
"9004152",371985,2025-05-19 10:17:06,42.3982162475586,-8.8585262298584,"Male"
"9004152",371985,2025-05-19 10:21:57,42.3982353210449,-8.85829448699951,"Male"
"9004152",371985,2025-05-19 10:27:05,42.3983383178711,-8.85823631286621,"Male"
"9004152",371985,2025-05-19 10:31:58,42.3982582092285,-8.85799217224121,"Male"
"9004152",371985,2025-05-19 10:37:01,42.3980827331543,-8.85868740081787,"Male"
"9004152",371985,2025-05-19 10:41:57,42.3981819152832,-8.85869979858398,"Male"
"9004152",371985,2025-05-19 10:46:58,42.4083518981934,-8.87023735046387,"Male"
"9004152",371985,2025-05-19 10:52:28,42.4095840454102,-8.87104034423828,"Male"
"9004152",371985,2025-05-19 10:57:50,42.410400390625,-8.87080860137939,"Male"
"9004152",371985,2025-05-19 11:02:58,42.4109802246094,-8.87198638916016,"Male"
"9004152",371985,2025-05-19 11:08:43,42.4115829467773,-8.87366390228271,"Male"
"9004152",371985,2025-05-19 11:14:23,42.4100074768066,-8.87404251098633,"Male"
"9004152",371985,2025-05-19 11:19:26,42.4097290039062,-8.87330055236816,"Male"
"9004152",371985,2025-05-19 11:25:12,42.4094886779785,-8.87531566619873,"Male"
"9004152",371985,2025-05-19 11:30:29,42.4081993103027,-8.87453079223633,"Male"
"9004152",371985,2025-05-19 11:36:09,42.4085159301758,-8.87453460693359,"Male"
"9004152",371985,2025-05-19 11:41:18,42.4099273681641,-8.87480545043945,"Male"
"9004152",371985,2025-05-19 11:46:08,42.409782409668,-8.87632369995117,"Male"
"9004152",371985,2025-05-19 11:51:10,42.4103202819824,-8.8782901763916,"Male"
"9004152",371985,2025-05-19 11:56:10,42.4092979431152,-8.87948608398438,"Male"
"9004152",371985,2025-05-19 12:01:11,42.4076385498047,-8.88161468505859,"Male"
"9004152",371985,2025-05-19 12:06:08,42.4050559997559,-8.88682270050049,"Male"
"9004152",371985,2025-05-19 12:11:35,42.397777557373,-8.92026329040527,"Male"
"9004152",371985,2025-05-19 12:16:08,42.3977317810059,-8.92028331756592,"Male"
"9004152",371985,2025-05-19 12:21:13,42.397632598877,-8.92032051086426,"Male"
"9004152",371985,2025-05-19 12:26:08,42.3976593017578,-8.92029285430908,"Male"
"9004152",371985,2025-05-19 12:31:08,42.3977088928223,-8.92026519775391,"Male"
"9004152",371985,2025-05-19 12:36:08,42.3976936340332,-8.92026519775391,"Male"
"9004152",371985,2025-05-19 12:41:08,42.3977508544922,-8.92024326324463,"Male"
"9004152",371985,2025-05-19 12:46:08,42.3976516723633,-8.9202995300293,"Male"
"9004152",371985,2025-05-19 12:51:08,42.3975830078125,-8.92069625854492,"Male"
"9004152",371985,2025-05-19 12:56:08,42.392822265625,-8.9223108291626,"Male"
"9004152",371985,2025-05-19 13:01:09,42.3974571228027,-8.92178726196289,"Male"
"9004152",371985,2025-05-19 13:07:04,42.3976402282715,-8.92163276672363,"Male"
"9004152",371985,2025-05-19 13:12:31,42.3976669311523,-8.92168998718262,"Male"
"9004152",371985,2025-05-19 13:17:20,42.3976745605469,-8.92172622680664,"Male"
"9004152",371985,2025-05-19 13:22:31,42.3976936340332,-8.92179203033447,"Male"
"9004152",371985,2025-05-19 13:26:33,42.3976860046387,-8.92176055908203,"Male"
"9004152",371985,2025-05-19 13:31:15,42.3977699279785,-8.92161846160889,"Male"
"9004152",371985,2025-05-19 13:36:13,42.397705078125,-8.92176628112793,"Male"
"9004152",371985,2025-05-19 13:41:12,42.3977966308594,-8.92173004150391,"Male"
"9004152",371985,2025-05-19 13:46:18,42.3976669311523,-8.92160034179688,"Male"
"9004152",371985,2025-05-19 13:51:08,42.3976402282715,-8.92140960693359,"Male"
"9004152",371985,2025-05-19 13:56:08,42.397575378418,-8.92120933532715,"Male"
"9004152",371985,2025-05-19 14:01:45,42.3977851867676,-8.92143249511719,"Male"
"9004152",371985,2025-05-19 14:06:28,42.3977279663086,-8.92147827148438,"Male"
"9004152",371985,2025-05-19 14:11:08,42.3977890014648,-8.92172622680664,"Male"
"9004152",371985,2025-05-19 14:16:08,42.3975486755371,-8.92119884490967,"Male"
"9004152",371985,2025-05-19 14:21:08,42.3976249694824,-8.92173004150391,"Male"
"9004152",371985,2025-05-19 14:26:08,42.3977203369141,-8.92172622680664,"Male"
"9004152",371985,2025-05-19 14:31:08,42.3976669311523,-8.9214448928833,"Male"
"9004152",371985,2025-05-19 14:36:08,42.3977317810059,-8.92153263092041,"Male"
"9004152",371985,2025-05-19 14:41:08,42.3976860046387,-8.92156410217285,"Male"
"9004152",371985,2025-05-19 14:46:08,42.3976554870605,-8.92145252227783,"Male"
"9004152",371985,2025-05-19 14:51:08,42.3977355957031,-8.92154407501221,"Male"
"9004152",371985,2025-05-19 14:56:08,42.3976593017578,-8.92142486572266,"Male"
"9004152",371985,2025-05-19 15:01:08,42.397632598877,-8.9215726852417,"Male"
"9004152",371985,2025-05-19 15:06:08,42.3977203369141,-8.92132472991943,"Male"
"9004152",371985,2025-05-19 15:11:10,42.3977584838867,-8.92120456695557,"Male"
"9004152",371985,2025-05-19 15:16:11,42.397533416748,-8.92155838012695,"Male"
"9004152",371985,2025-05-19 15:21:08,42.4000549316406,-8.91036891937256,"Male"
"9004152",371985,2025-05-19 15:27:04,42.4106025695801,-8.87724304199219,"Male"
"9004152",371985,2025-05-19 15:32:32,42.4114265441895,-8.87566471099854,"Male"
"9004152",371985,2025-05-19 15:37:39,42.4103813171387,-8.87552452087402,"Male"
"9004152",371985,2025-05-19 15:43:20,42.4109268188477,-8.87353897094727,"Male"
"9004152",371985,2025-05-19 15:48:26,42.4106864929199,-8.87167263031006,"Male"
"9004152",371985,2025-05-19 15:53:30,42.4109191894531,-8.8704137802124,"Male"
"9004152",371985,2025-05-19 15:58:29,42.4113616943359,-8.8710355758667,"Male"
"9004152",371985,2025-05-19 16:03:40,42.4107093811035,-8.87034893035889,"Male"
"9004152",371985,2025-05-19 16:09:01,42.4103317260742,-8.87057304382324,"Male"
"9004152",371985,2025-05-19 16:14:12,42.4095077514648,-8.86995124816895,"Male"
"9004152",371985,2025-05-19 16:19:42,42.4101448059082,-8.87036609649658,"Male"
"9004152",371985,2025-05-19 16:25:10,42.4113273620605,-8.87043476104736,"Male"
"9004152",371985,2025-05-19 16:30:17,42.4109878540039,-8.8710298538208,"Male"
"9004152",371985,2025-05-19 16:35:17,42.4104232788086,-8.87072849273682,"Male"
"9004152",371985,2025-05-19 16:40:19,42.4097900390625,-8.87030410766602,"Male"
"9004152",371985,2025-05-19 16:45:21,42.4091453552246,-8.87029361724854,"Male"
"9004152",371985,2025-05-19 16:50:56,42.409984588623,-8.87070465087891,"Male"
"9004152",371985,2025-05-19 16:56:01,42.4101448059082,-8.87026214599609,"Male"
"9004152",371985,2025-05-19 17:01:17,42.411319732666,-8.87074089050293,"Male"
"9004152",371985,2025-05-19 17:06:15,42.4109115600586,-8.87155342102051,"Male"
"9004152",371985,2025-05-19 17:11:15,42.4101371765137,-8.87157154083252,"Male"
"9004152",371985,2025-05-19 17:16:41,42.4100341796875,-8.87054347991943,"Male"
"9004152",371985,2025-05-19 17:22:02,42.4088821411133,-8.87043476104736,"Male"
"9004152",371985,2025-05-19 17:27:30,42.4090461730957,-8.87124538421631,"Male"
"9004152",371985,2025-05-19 17:32:29,42.4082946777344,-8.87189865112305,"Male"
"9004152",371985,2025-05-19 17:37:30,42.4092903137207,-8.87161827087402,"Male"
"9004152",371985,2025-05-19 17:42:30,42.4094734191895,-8.87015819549561,"Male"
"9004152",371985,2025-05-19 17:47:55,42.4101867675781,-8.87043857574463,"Male"
"9004152",371985,2025-05-19 17:53:33,42.4097709655762,-8.87082290649414,"Male"
"9004152",371985,2025-05-19 17:59:03,42.4109306335449,-8.87183856964111,"Male"
"9004152",371985,2025-05-19 18:04:04,42.411247253418,-8.87215042114258,"Male"
"9004152",371985,2025-05-19 18:08:58,42.4093627929688,-8.87592506408691,"Male"
"9004152",371985,2025-05-19 18:13:58,42.3985824584961,-8.91413593292236,"Male"
"9004152",371985,2025-05-19 18:18:58,42.3999633789062,-8.91970539093018,"Male"
"9004152",371985,2025-05-19 18:23:59,42.400032043457,-8.92010593414307,"Male"
"9004152",371985,2025-05-19 18:28:59,42.3998947143555,-8.92017650604248,"Male"
"9004152",371985,2025-05-19 18:34:05,42.3995056152344,-8.92023086547852,"Male"
"9004152",371985,2025-05-19 18:38:59,42.399715423584,-8.9202709197998,"Male"
"9004152",371985,2025-05-19 18:43:58,42.3997535705566,-8.92044067382812,"Male"
"9004152",371985,2025-05-19 18:49:03,42.397590637207,-8.92017555236816,"Male"
"9004152",371985,2025-05-19 18:54:01,42.397705078125,-8.92026996612549,"Male"
"9004152",371985,2025-05-19 18:59:04,42.397705078125,-8.92031002044678,"Male"
"9004152",371985,2025-05-19 19:03:59,42.4009170532227,-8.92102146148682,"Male"
"9004152",371985,2025-05-19 19:09:07,42.3981895446777,-8.92173862457275,"Male"
"9004152",371985,2025-05-19 19:14:03,42.3983764648438,-8.92178630828857,"Male"
"9004152",371985,2025-05-19 19:19:05,42.3984756469727,-8.92197322845459,"Male"
"9004152",371985,2025-05-19 19:24:03,42.3985977172852,-8.92219638824463,"Male"
"9004152",371985,2025-05-19 19:29:05,42.398754119873,-8.92251682281494,"Male"
"9004152",371985,2025-05-19 19:34:04,42.3990058898926,-8.92295455932617,"Male"
"9004152",371985,2025-05-19 19:39:04,42.3990631103516,-8.9232177734375,"Male"
"9004152",371985,2025-05-19 19:44:08,42.3993072509766,-8.92379951477051,"Male"
"9004152",371985,2025-05-19 19:49:11,42.3981895446777,-8.92171478271484,"Male"
"9004152",371985,2025-05-19 19:53:58,42.3976821899414,-8.92119598388672,"Male"
"9004152",371985,2025-05-19 19:58:58,42.3977279663086,-8.92128372192383,"Male"
"9004152",371985,2025-05-19 20:04:03,42.3967933654785,-8.92108726501465,"Male"
"9004152",371985,2025-05-19 20:09:05,42.3972053527832,-8.921217918396,"Male"
"9004152",371985,2025-05-19 20:14:06,42.3971710205078,-8.92130947113037,"Male"
"9004152",371985,2025-05-19 20:18:58,42.3974075317383,-8.92102718353271,"Male"
"9004152",371985,2025-05-19 20:24:04,42.3967742919922,-8.92070770263672,"Male"
"9004152",371985,2025-05-19 20:29:01,42.3972244262695,-8.92188739776611,"Male"
"9004152",371985,2025-05-19 20:34:01,42.3972702026367,-8.92184066772461,"Male"
"9004152",371985,2025-05-19 20:38:58,42.3972778320312,-8.92148208618164,"Male"
"9004152",371985,2025-05-19 20:43:58,42.3975296020508,-8.92123603820801,"Male"
"9004152",371985,2025-05-19 20:49:06,42.3973693847656,-8.92229747772217,"Male"
"9004152",371985,2025-05-19 20:54:07,42.3973731994629,-8.92217826843262,"Male"
"9004152",371985,2025-05-19 20:59:06,42.3973922729492,-8.92219161987305,"Male"
"9004152",371985,2025-05-19 21:04:06,42.3973541259766,-8.9220085144043,"Male"
"9004152",371985,2025-05-19 21:09:35,42.3979415893555,-8.92216968536377,"Male"
"9004152",371985,2025-05-19 21:14:18,42.3979148864746,-8.92217540740967,"Male"
"9004152",371985,2025-05-19 21:19:46,42.3980026245117,-8.92356014251709,"Male"
"9004152",371985,2025-05-19 21:24:18,42.3985748291016,-8.92376136779785,"Male"
"9004152",371985,2025-05-19 21:29:30,42.3978805541992,-8.92330169677734,"Male"
"9004152",371985,2025-05-19 21:34:19,42.3978652954102,-8.92309188842773,"Male"
"9004152",371985,2025-05-19 21:39:19,42.3978233337402,-8.92305564880371,"Male"
"9004152",371985,2025-05-19 21:44:18,42.3973121643066,-8.92297649383545,"Male"
"9004152",371985,2025-05-19 21:49:35,42.397762298584,-8.92185974121094,"Male"
"9004152",371985,2025-05-19 21:54:17,42.3978309631348,-8.92202091217041,"Male"
"9004152",371985,2025-05-19 21:59:24,42.3976745605469,-8.92160034179688,"Male"
"9004152",371985,2025-05-19 22:04:18,42.3977088928223,-8.92168235778809,"Male"
"9004152",371985,2025-05-19 22:09:17,42.3977546691895,-8.9217700958252,"Male"
"9004152",371985,2025-05-19 22:14:24,42.3976287841797,-8.92147636413574,"Male"
"9004152",371985,2025-05-19 22:19:18,42.3976783752441,-8.92171287536621,"Male"
"9004152",371985,2025-05-19 22:24:24,42.3975448608398,-8.92120361328125,"Male"
"9004152",371985,2025-05-19 22:29:18,42.3974952697754,-8.92099285125732,"Male"
"9004152",371985,2025-05-19 22:34:18,42.3974456787109,-8.92095470428467,"Male"
"9004152",371985,2025-05-19 22:39:24,42.3974189758301,-8.92083072662354,"Male"
"9004152",371985,2025-05-19 22:44:22,42.3973159790039,-8.92026329040527,"Male"
"9004152",371985,2025-05-19 22:49:19,42.3971939086914,-8.92014312744141,"Male"
"9004152",371985,2025-05-19 22:54:35,42.3972702026367,-8.9204273223877,"Male"
"9004152",371985,2025-05-19 22:59:17,42.3972816467285,-8.92036151885986,"Male"
"9004152",371985,2025-05-19 23:04:22,42.3971900939941,-8.92018795013428,"Male"
"9004152",371985,2025-05-19 23:09:19,42.397216796875,-8.92026710510254,"Male"
"9004152",371985,2025-05-19 23:14:44,42.3971672058105,-8.92019939422607,"Male"
"9004152",371985,2025-05-19 23:20:40,42.3972053527832,-8.92037868499756,"Male"
"9004152",371985,2025-05-19 23:25:40,42.3973159790039,-8.92071342468262,"Male"
"9004152",371985,2025-05-19 23:29:41,42.3973503112793,-8.92075252532959,"Male"
"9004152",371985,2025-05-19 23:34:18,42.3975105285645,-8.92105007171631,"Male"
"9004152",371985,2025-05-19 23:39:17,42.3976593017578,-8.92110729217529,"Male"
"9004152",371985,2025-05-19 23:44:18,42.3975067138672,-8.9208927154541,"Male"
"9004152",371985,2025-05-19 23:49:16,42.3974952697754,-8.92081069946289,"Male"
"9004152",371985,2025-05-19 23:54:22,42.3986663818359,-8.92324447631836,"Male"
"9004152",371985,2025-05-19 23:59:18,42.399227142334,-8.92485809326172,"Male"
"9004152",371985,2025-05-20 00:04:19,42.3986778259277,-8.9232349395752,"Male"
"9004152",371985,2025-05-20 00:09:18,42.3982048034668,-8.92202854156494,"Male"
"9004152",371985,2025-05-20 00:14:19,42.3986854553223,-8.92316055297852,"Male"
"9004152",371985,2025-05-20 00:19:17,42.3976783752441,-8.92059326171875,"Male"
"9004152",371985,2025-05-20 00:24:18,42.3974990844727,-8.91893482208252,"Male"
"9004152",371985,2025-05-20 00:29:18,42.3976135253906,-8.91953563690186,"Male"
"9004152",371985,2025-05-20 00:34:19,42.397891998291,-8.92166996002197,"Male"
"9004152",371985,2025-05-20 00:39:31,42.397533416748,-8.92397975921631,"Male"
"9004152",371985,2025-05-20 00:44:18,42.3971061706543,-8.92411136627197,"Male"
"9004152",371985,2025-05-20 00:49:18,42.3972206115723,-8.92401123046875,"Male"
"9004152",371985,2025-05-20 00:54:19,42.3973274230957,-8.92344951629639,"Male"
"9004152",371985,2025-05-20 00:59:18,42.3974685668945,-8.92331027984619,"Male"
"9004152",371985,2025-05-20 01:04:21,42.3973503112793,-8.92378425598145,"Male"
"9004152",371985,2025-05-20 01:09:18,42.3972434997559,-8.92410564422607,"Male"
"9004152",371985,2025-05-20 01:14:23,42.3972129821777,-8.92430591583252,"Male"
"9004152",371985,2025-05-20 01:19:18,42.3973274230957,-8.92406177520752,"Male"
"9004152",371985,2025-05-20 01:24:19,42.3974609375,-8.92393207550049,"Male"
"9004152",371985,2025-05-20 01:29:33,42.3976135253906,-8.92149353027344,"Male"
"9004152",371985,2025-05-20 01:34:18,42.3976707458496,-8.92132949829102,"Male"
"9004152",371985,2025-05-20 01:39:16,42.3975715637207,-8.92118358612061,"Male"
"9004152",371985,2025-05-20 01:44:24,42.397647857666,-8.92152500152588,"Male"
"9004152",371985,2025-05-20 01:49:17,42.3975486755371,-8.92100429534912,"Male"
"9004152",371985,2025-05-20 01:54:17,42.3976974487305,-8.92171382904053,"Male"
"9004152",371985,2025-05-20 01:59:22,42.3977584838867,-8.92051982879639,"Male"
"9004152",371985,2025-05-20 02:04:28,42.3978042602539,-8.92050838470459,"Male"
"9004152",371985,2025-05-20 02:09:35,42.3977279663086,-8.92171573638916,"Male"
"9004152",371985,2025-05-20 02:14:17,42.3976631164551,-8.92167568206787,"Male"
"9004152",371985,2025-05-20 02:19:16,42.3975677490234,-8.92150115966797,"Male"
"9004152",371985,2025-05-20 02:24:22,42.397632598877,-8.92159461975098,"Male"
"9004152",371985,2025-05-20 02:29:44,42.3976249694824,-8.92155933380127,"Male"
"9004152",371985,2025-05-20 02:34:16,42.3977127075195,-8.92170524597168,"Male"
"9004152",371985,2025-05-20 02:39:16,42.3976631164551,-8.92163944244385,"Male"
"9004152",371985,2025-05-20 02:44:16,42.3977661132812,-8.92199897766113,"Male"
"9004152",371985,2025-05-20 02:49:20,42.3976783752441,-8.92173767089844,"Male"
"9004152",371985,2025-05-20 02:55:14,42.3976936340332,-8.92166996002197,"Male"
"9004152",371985,2025-05-20 02:59:20,42.3976821899414,-8.92171669006348,"Male"
"9004152",371985,2025-05-20 03:04:20,42.3976707458496,-8.92161273956299,"Male"
"9004152",371985,2025-05-20 03:09:23,42.397705078125,-8.92165088653564,"Male"
"9004152",371985,2025-05-20 03:14:18,42.3976097106934,-8.92166614532471,"Male"
"9004152",371985,2025-05-20 03:19:19,42.3976783752441,-8.92154312133789,"Male"
"9004152",371985,2025-05-20 03:24:18,42.3976783752441,-8.92143154144287,"Male"
"9004152",371985,2025-05-20 03:29:17,42.3976173400879,-8.92156887054443,"Male"
"9004152",371985,2025-05-20 03:34:20,42.3976860046387,-8.92149066925049,"Male"
"9004152",371985,2025-05-20 03:39:18,42.3979034423828,-8.92132472991943,"Male"
"9004152",371985,2025-05-20 03:44:20,42.3978004455566,-8.9208402633667,"Male"
"9004152",371985,2025-05-20 03:49:20,42.3977699279785,-8.92099380493164,"Male"
"9004152",371985,2025-05-20 03:54:19,42.3977203369141,-8.92117023468018,"Male"
"9004152",371985,2025-05-20 03:59:18,42.3977737426758,-8.92126274108887,"Male"
"9004152",371985,2025-05-20 04:04:29,42.3977088928223,-8.92119312286377,"Male"
"9004152",371985,2025-05-20 04:09:20,42.397762298584,-8.92095470428467,"Male"
"9004152",371985,2025-05-20 04:14:20,42.3977317810059,-8.92107963562012,"Male"
"9004152",371985,2025-05-20 04:19:24,42.3977737426758,-8.92070770263672,"Male"
"9004152",371985,2025-05-20 04:24:22,42.3976974487305,-8.92103385925293,"Male"
"9004152",371985,2025-05-20 04:29:24,42.3977394104004,-8.92112827301025,"Male"
"9004152",371985,2025-05-20 04:34:20,42.3977127075195,-8.92124462127686,"Male"
"9004152",371985,2025-05-20 04:39:24,42.3976936340332,-8.92121028900146,"Male"
"9004152",371985,2025-05-20 04:44:25,42.3976974487305,-8.92137622833252,"Male"
"9004152",371985,2025-05-20 04:49:19,42.397575378418,-8.92098712921143,"Male"
"9004152",371985,2025-05-20 04:54:20,42.3978157043457,-8.92170810699463,"Male"
"9004152",371985,2025-05-20 04:59:23,42.3982162475586,-8.92192363739014,"Male"
"9004152",371985,2025-05-20 05:04:19,42.3978233337402,-8.9215202331543,"Male"
"9004152",371985,2025-05-20 05:09:40,42.3976898193359,-8.92133808135986,"Male"
"9004152",371985,2025-05-20 05:14:19,42.397632598877,-8.92126083374023,"Male"
"9004152",371985,2025-05-20 05:19:26,42.3978614807129,-8.92142295837402,"Male"
"9004152",371985,2025-05-20 05:24:25,42.398323059082,-8.92196655273438,"Male"
"9004152",371985,2025-05-20 05:29:25,42.3980484008789,-8.92163944244385,"Male"
"9004152",371985,2025-05-20 05:34:25,42.3987159729004,-8.92092227935791,"Male"
"9004152",371985,2025-05-20 05:39:35,42.397876739502,-8.920241355896,"Male"
"9004152",371985,2025-05-20 05:44:18,42.3977813720703,-8.92018699645996,"Male"
"9004152",371985,2025-05-20 05:49:17,42.3978233337402,-8.92045402526855,"Male"
"9004152",371985,2025-05-20 05:54:17,42.3975830078125,-8.92099285125732,"Male"
"9004152",371985,2025-05-20 05:59:17,42.3975868225098,-8.92068290710449,"Male"
"9004152",371985,2025-05-20 06:04:19,42.3974990844727,-8.92116165161133,"Male"
"9004152",371985,2025-05-20 06:09:17,42.3977203369141,-8.9206075668335,"Male"
"9004152",371985,2025-05-20 06:14:34,42.3977508544922,-8.92031764984131,"Male"
"9004152",371985,2025-05-20 06:19:17,42.3978843688965,-8.92010688781738,"Male"
"9004152",371985,2025-05-20 06:24:24,42.3977890014648,-8.92027282714844,"Male"
"9004152",371985,2025-05-20 06:29:16,42.4008102416992,-8.90625762939453,"Male"
"9004152",371985,2025-05-20 06:34:17,42.4097671508789,-8.87453269958496,"Male"
"9004152",371985,2025-05-20 06:39:16,42.4083633422852,-8.8737678527832,"Male"
"9004152",371985,2025-05-20 06:44:34,42.4095764160156,-8.87427806854248,"Male"
"9004152",371985,2025-05-20 06:49:34,42.4105453491211,-8.87380218505859,"Male"
"9004152",371985,2025-05-20 06:55:08,42.4105987548828,-8.87190723419189,"Male"
"9004152",371985,2025-05-20 07:00:57,42.4097328186035,-8.87023258209229,"Male"
"9004152",371985,2025-05-20 07:05:59,42.4109115600586,-8.87115573883057,"Male"
"9004152",371985,2025-05-20 07:10:56,42.4119491577148,-8.87137126922607,"Male"
"9004152",371985,2025-05-20 07:15:56,42.4135475158691,-8.87174415588379,"Male"
"9004152",371985,2025-05-20 07:20:56,42.4136390686035,-8.87191772460938,"Male"
"9004152",371985,2025-05-20 07:25:56,42.413646697998,-8.87197780609131,"Male"
"9004152",371985,2025-05-20 07:30:55,42.4136543273926,-8.8719310760498,"Male"
"9004152",371985,2025-05-20 07:35:56,42.4136352539062,-8.87189865112305,"Male"
"9004152",371985,2025-05-20 07:40:55,42.4136810302734,-8.87201690673828,"Male"
"9004152",371985,2025-05-20 07:45:55,42.4136734008789,-8.87199211120605,"Male"
"9004152",371985,2025-05-20 07:50:55,42.4136734008789,-8.87195682525635,"Male"
"9004152",371985,2025-05-20 07:55:56,42.4126472473145,-8.8712215423584,"Male"
"9004152",371985,2025-05-20 08:00:56,42.411937713623,-8.87082195281982,"Male"
"9004152",371985,2025-05-20 08:06:31,42.4107894897461,-8.8707160949707,"Male"
"9004152",371985,2025-05-20 08:11:42,42.4110794067383,-8.87200260162354,"Male"
"9004152",371985,2025-05-20 08:17:07,42.4103965759277,-8.87032604217529,"Male"
"9004152",371985,2025-05-20 08:22:59,42.4094581604004,-8.86984443664551,"Male"
"9004152",371985,2025-05-20 08:27:54,42.4087982177734,-8.8709545135498,"Male"
"9004152",371985,2025-05-20 08:33:15,42.4086723327637,-8.87224292755127,"Male"
"9004152",371985,2025-05-20 08:38:46,42.4097137451172,-8.87193489074707,"Male"
"9004152",371985,2025-05-20 08:44:28,42.4106636047363,-8.87117576599121,"Male"
"9004152",371985,2025-05-20 08:50:09,42.4121208190918,-8.87148666381836,"Male"
"9004152",371985,2025-05-20 08:55:17,42.4120025634766,-8.87069702148438,"Male"
"9004152",371985,2025-05-20 09:01:02,42.4116363525391,-8.87162208557129,"Male"
"9004152",371985,2025-05-20 09:06:39,42.411563873291,-8.87196826934814,"Male"
"9004152",371985,2025-05-20 09:21:23,42.4096565246582,-8.87017822265625,"Male"
"9004152",371985,2025-05-20 09:25:42,42.4091606140137,-8.86902141571045,"Male"
"9004152",371985,2025-05-20 09:30:42,42.4085388183594,-8.86745643615723,"Male"
"9004152",371985,2025-05-20 09:35:42,42.4077644348145,-8.86735439300537,"Male"
"9004152",371985,2025-05-20 09:40:42,42.4055824279785,-8.8666353225708,"Male"
"9004152",371985,2025-05-20 09:46:59,42.398551940918,-8.85794639587402,"Male"
"9004152",371985,2025-05-20 09:50:43,42.3985023498535,-8.85818290710449,"Male"
"9004152",371985,2025-05-20 09:55:43,42.3985748291016,-8.85755062103271,"Male"
"9004152",371985,2025-05-20 10:00:46,42.3983039855957,-8.8596019744873,"Male"
"9004152",371985,2025-05-20 10:05:48,42.3984489440918,-8.85865879058838,"Male"
"9004152",371985,2025-05-20 10:10:42,42.3985443115234,-8.85799980163574,"Male"
"9004152",371985,2025-05-20 10:15:43,42.398551940918,-8.85780620574951,"Male"
"9004152",371985,2025-05-20 10:20:43,42.3984031677246,-8.8582935333252,"Male"
"9004152",371985,2025-05-20 10:25:42,42.3984298706055,-8.85828399658203,"Male"
"9004152",371985,2025-05-20 10:30:42,42.3984336853027,-8.85830974578857,"Male"
"9004152",371985,2025-05-20 10:35:42,42.3985023498535,-8.8580265045166,"Male"
"9004152",371985,2025-05-20 10:40:45,42.3984069824219,-8.85819530487061,"Male"
"9004152",371985,2025-05-20 10:45:43,42.3984909057617,-8.85828399658203,"Male"
"9004152",371985,2025-05-20 10:50:43,42.3984489440918,-8.85835266113281,"Male"
"9004152",371985,2025-05-20 10:56:13,42.397762298584,-8.85990428924561,"Male"
"9004152",371985,2025-05-20 11:01:22,42.3969879150391,-8.85958385467529,"Male"
"9004152",371985,2025-05-20 11:06:21,42.3975944519043,-8.86027526855469,"Male"
"9004152",371985,2025-05-20 11:11:48,42.3969650268555,-8.86000442504883,"Male"
"9004152",371985,2025-05-20 11:17:01,42.3967323303223,-8.85970497131348,"Male"
"9004152",371985,2025-05-20 11:22:25,42.3963241577148,-8.85847663879395,"Male"
"9004152",371985,2025-05-20 11:28:07,42.3976860046387,-8.85949230194092,"Male"
"9004152",371985,2025-05-20 11:33:50,42.3975944519043,-8.85966014862061,"Male"
"9004152",371985,2025-05-20 11:39:04,42.3976287841797,-8.860182762146,"Male"
"9004152",371985,2025-05-20 11:44:40,42.3967590332031,-8.85975170135498,"Male"
"9004152",371985,2025-05-20 11:49:51,42.3975067138672,-8.86088085174561,"Male"
"9004152",371985,2025-05-20 11:54:37,42.3985176086426,-8.86388492584229,"Male"
"9004152",371985,2025-05-20 11:59:37,42.3966293334961,-8.90445899963379,"Male"
"9004152",371985,2025-05-20 12:05:11,42.3979072570801,-8.92018795013428,"Male"
"9004152",371985,2025-05-20 12:09:37,42.3979301452637,-8.92026138305664,"Male"
"9004152",371985,2025-05-20 12:14:40,42.3979911804199,-8.92018985748291,"Male"
"9004152",371985,2025-05-20 12:19:38,42.3979759216309,-8.92008686065674,"Male"
"9004152",371985,2025-05-20 12:24:37,42.3977203369141,-8.9203052520752,"Male"
"9004152",371985,2025-05-20 12:29:41,42.3979072570801,-8.92020606994629,"Male"
"9004152",371985,2025-05-20 12:34:40,42.3979759216309,-8.91996669769287,"Male"
"9004152",371985,2025-05-20 12:40:05,42.3974761962891,-8.92195129394531,"Male"
"9004152",371985,2025-05-20 12:44:51,42.3977203369141,-8.92212677001953,"Male"
"9004152",371985,2025-05-20 12:50:02,42.397705078125,-8.92162990570068,"Male"
"9004152",371985,2025-05-20 12:56:01,42.3976860046387,-8.92168998718262,"Male"
"9004152",371985,2025-05-20 13:01:01,42.3976821899414,-8.92170906066895,"Male"
"9004152",371985,2025-05-20 13:04:50,42.3976707458496,-8.92175769805908,"Male"
"9004152",371985,2025-05-20 13:09:41,42.3977241516113,-8.92172813415527,"Male"
"9004152",371985,2025-05-20 13:15:14,42.397647857666,-8.92159843444824,"Male"
"9004152",371985,2025-05-20 13:20:03,42.3976554870605,-8.92166996002197,"Male"
"9004152",371985,2025-05-20 13:24:38,42.3977432250977,-8.92151355743408,"Male"
"9004152",371985,2025-05-20 13:29:37,42.3976821899414,-8.92128849029541,"Male"
"9004152",371985,2025-05-20 13:34:38,42.3976669311523,-8.92137050628662,"Male"
"9004152",371985,2025-05-20 13:39:37,42.3976211547852,-8.92146110534668,"Male"
"9004152",371985,2025-05-20 13:44:38,42.397647857666,-8.92129898071289,"Male"
"9004152",371985,2025-05-20 13:49:40,42.3977012634277,-8.92133712768555,"Male"
"9004152",371985,2025-05-20 13:55:12,42.4097900390625,-8.8778133392334,"Male"
"9004152",371985,2025-05-20 14:00:10,42.410213470459,-8.87788581848145,"Male"
"9004152",371985,2025-05-20 14:05:35,42.4109382629395,-8.87764453887939,"Male"
"9004152",371985,2025-05-20 14:10:07,42.4108123779297,-8.87646770477295,"Male"
"9004152",371985,2025-05-20 14:15:49,42.4108352661133,-8.87447261810303,"Male"
"9004152",371985,2025-05-20 14:21:26,42.4106369018555,-8.87254524230957,"Male"
"9004152",371985,2025-05-20 14:26:25,42.4104652404785,-8.87064361572266,"Male"
"9004152",371985,2025-05-20 14:31:35,42.4096832275391,-8.87061882019043,"Male"
"9004152",371985,2025-05-20 14:36:59,42.4103126525879,-8.86983966827393,"Male"
"9004152",371985,2025-05-20 14:42:36,42.4106941223145,-8.87019443511963,"Male"
"9004152",371985,2025-05-20 14:47:40,42.4112739562988,-8.87032508850098,"Male"
"9004152",371985,2025-05-20 14:52:55,42.4106712341309,-8.87147235870361,"Male"
"9004152",371985,2025-05-20 14:58:15,42.4116096496582,-8.87099456787109,"Male"
"9004152",371985,2025-05-20 15:04:31,42.4122314453125,-8.8712158203125,"Male"
"9004152",371985,2025-05-20 15:09:30,42.4132614135742,-8.87144184112549,"Male"
"9004152",371985,2025-05-20 15:14:31,42.4133110046387,-8.87152004241943,"Male"
"9004152",371985,2025-05-20 15:19:32,42.4132881164551,-8.87152576446533,"Male"
"9004152",371985,2025-05-20 15:24:43,42.4133491516113,-8.87166213989258,"Male"
"9004152",371985,2025-05-20 15:29:29,42.4133415222168,-8.87165832519531,"Male"
"9004152",371985,2025-05-20 15:34:29,42.4133529663086,-8.87166309356689,"Male"
"9004152",371985,2025-05-20 15:39:29,42.4133148193359,-8.871657371521,"Male"
"9004152",371985,2025-05-20 15:44:29,42.4132080078125,-8.8715934753418,"Male"
"9004152",371985,2025-05-20 15:49:29,42.4133186340332,-8.87164688110352,"Male"
"9004152",371985,2025-05-20 15:54:29,42.4133186340332,-8.87162017822266,"Male"
"9004152",371985,2025-05-20 15:59:29,42.4133338928223,-8.87163066864014,"Male"
"9004152",371985,2025-05-20 16:04:28,42.4128723144531,-8.87195014953613,"Male"
"9004152",371985,2025-05-20 16:09:31,42.4125556945801,-8.87216281890869,"Male"
"9004152",371985,2025-05-20 16:14:29,42.4120063781738,-8.87200450897217,"Male"
"9004152",371985,2025-05-20 16:20:09,42.4113540649414,-8.8709020614624,"Male"
"9004152",371985,2025-05-20 16:26:24,42.4104614257812,-8.87035655975342,"Male"
"9004152",371985,2025-05-20 16:31:36,42.4100379943848,-8.86988544464111,"Male"
"9004152",371985,2025-05-20 16:37:09,42.4091911315918,-8.87020301818848,"Male"
"9004152",371985,2025-05-20 16:42:44,42.4091758728027,-8.87014198303223,"Male"
"9004152",371985,2025-05-20 16:50:32,42.408878326416,-8.87134456634521,"Male"
"9004152",371985,2025-05-20 16:56:24,42.4090614318848,-8.87200260162354,"Male"
"9004152",371985,2025-05-20 17:01:55,42.4084358215332,-8.87176609039307,"Male"
"9004152",371985,2025-05-20 17:06:56,42.4084625244141,-8.87230777740479,"Male"
"9004152",371985,2025-05-20 17:11:56,42.407772064209,-8.88023567199707,"Male"
"9004152",371985,2025-05-20 17:16:56,42.4016494750977,-8.92027568817139,"Male"
"9004152",371985,2025-05-20 17:22:14,42.3994750976562,-8.92308235168457,"Male"
"9004152",371985,2025-05-20 17:27:06,42.3976898193359,-8.92108345031738,"Male"
"9004152",371985,2025-05-20 17:32:07,42.3978691101074,-8.92181015014648,"Male"
"9004152",371985,2025-05-20 17:37:05,42.3977165222168,-8.92143821716309,"Male"
"9004152",371985,2025-05-20 17:42:05,42.3975639343262,-8.92135524749756,"Male"
"9004152",371985,2025-05-20 17:47:14,42.3975944519043,-8.92126178741455,"Male"
"9004152",371985,2025-05-20 17:52:07,42.3976402282715,-8.92134571075439,"Male"
"9004152",371985,2025-05-20 18:02:29,42.3974761962891,-8.92140579223633,"Male"
"9004152",371985,2025-05-20 18:06:56,42.3976707458496,-8.92127990722656,"Male"
"9004152",371985,2025-05-20 18:12:02,42.3974189758301,-8.92129039764404,"Male"
"9004152",371985,2025-05-20 18:16:57,42.3975028991699,-8.92120170593262,"Male"
"9004152",371985,2025-05-20 18:21:56,42.3975105285645,-8.92122554779053,"Male"
"9004152",371985,2025-05-20 18:26:55,42.3974075317383,-8.92130088806152,"Male"
"9004152",371985,2025-05-20 18:31:57,42.3974494934082,-8.92132472991943,"Male"
"9004152",371985,2025-05-20 18:37:34,42.3975067138672,-8.92124080657959,"Male"
"9004152",371985,2025-05-20 18:41:55,42.3975372314453,-8.92112159729004,"Male"
"9004152",371985,2025-05-20 18:46:56,42.3974456787109,-8.92107200622559,"Male"
"9004152",371985,2025-05-20 18:51:55,42.3975524902344,-8.92117691040039,"Male"
"9004152",371985,2025-05-20 18:56:58,42.3974380493164,-8.92111587524414,"Male"
"9004152",371985,2025-05-20 19:01:55,42.3974838256836,-8.92113876342773,"Male"
"9004152",371985,2025-05-20 19:07:01,42.3977317810059,-8.9214973449707,"Male"
"9004152",371985,2025-05-20 19:12:11,42.3975143432617,-8.92116260528564,"Male"
"9004152",371985,2025-05-20 19:16:55,42.3975639343262,-8.92129230499268,"Male"
"9004152",371985,2025-05-20 19:21:56,42.3976554870605,-8.92136764526367,"Male"
"9004152",371985,2025-05-20 19:26:58,42.3976097106934,-8.92134380340576,"Male"
"9004152",371985,2025-05-20 19:32:06,42.3977127075195,-8.92145156860352,"Male"
"9004152",371985,2025-05-20 19:37:01,42.3977317810059,-8.92153453826904,"Male"
"9004152",371985,2025-05-20 19:42:02,42.3977851867676,-8.92154026031494,"Male"
"9004152",371985,2025-05-20 19:47:44,42.3977241516113,-8.92150974273682,"Male"
"9004152",371985,2025-05-20 19:51:58,42.3975982666016,-8.9213981628418,"Male"
"9004152",371985,2025-05-20 19:56:55,42.3975563049316,-8.92128372192383,"Male"
"9004152",371985,2025-05-20 20:01:54,42.3976097106934,-8.92138671875,"Male"
"9004152",371985,2025-05-20 20:06:55,42.3976707458496,-8.92140197753906,"Male"
"9004152",371985,2025-05-20 20:11:55,42.397575378418,-8.92131328582764,"Male"
"9004152",371985,2025-05-20 20:16:57,42.3978157043457,-8.92174339294434,"Male"
"9004152",371985,2025-05-20 20:21:54,42.3976058959961,-8.92130184173584,"Male"
"9004152",371985,2025-05-20 20:26:55,42.3975563049316,-8.92129516601562,"Male"
"9004152",371985,2025-05-20 20:32:14,42.3979339599609,-8.92182445526123,"Male"
"9004152",371985,2025-05-20 20:36:55,42.3975067138672,-8.92131900787354,"Male"
"9004152",371985,2025-05-20 20:41:56,42.3976020812988,-8.92140674591064,"Male"
"9004152",371985,2025-05-20 20:46:56,42.397575378418,-8.92138195037842,"Male"
"9004152",371985,2025-05-20 20:51:55,42.397575378418,-8.92133235931396,"Male"
"9004152",371985,2025-05-20 20:56:55,42.3975524902344,-8.9215030670166,"Male"
"9004152",371985,2025-05-20 21:01:56,42.3976211547852,-8.92128276824951,"Male"
"9004152",371985,2025-05-20 21:06:56,42.3975715637207,-8.92136192321777,"Male"
"9004152",371985,2025-05-20 21:11:57,42.3975601196289,-8.9211893081665,"Male"
"9004152",371985,2025-05-20 21:17:57,42.3975982666016,-8.92115306854248,"Male"
"9004152",371985,2025-05-20 21:21:54,42.3974838256836,-8.92121696472168,"Male"
"9004152",371985,2025-05-20 21:26:54,42.3974304199219,-8.92115116119385,"Male"
"9004152",371985,2025-05-20 21:31:54,42.3974876403809,-8.92102432250977,"Male"
"9004152",371985,2025-05-20 21:36:55,42.3975601196289,-8.92116832733154,"Male"
"9004152",371985,2025-05-20 21:41:55,42.3976364135742,-8.92150974273682,"Male"
"9004152",371985,2025-05-20 21:47:14,42.3976364135742,-8.9214448928833,"Male"
"9004152",371985,2025-05-20 21:51:54,42.3976440429688,-8.92142391204834,"Male"
"9004152",371985,2025-05-20 21:56:54,42.3975639343262,-8.92140293121338,"Male"
"9004152",371985,2025-05-20 22:01:54,42.3976554870605,-8.9215202331543,"Male"
"9004152",371985,2025-05-20 22:06:54,42.3976669311523,-8.92151165008545,"Male"
"9004152",371985,2025-05-20 22:11:54,42.3976593017578,-8.92142677307129,"Male"
"9004152",371985,2025-05-20 22:16:54,42.3976783752441,-8.92154026031494,"Male"
"9004152",371985,2025-05-20 22:21:54,42.3977012634277,-8.92164039611816,"Male"
"9004152",371985,2025-05-20 22:26:54,42.3976135253906,-8.92143630981445,"Male"
"9004152",371985,2025-05-20 22:32:14,42.3976249694824,-8.92142295837402,"Male"
"9004152",371985,2025-05-20 22:36:57,42.3975944519043,-8.92134475708008,"Male"
"9004152",371985,2025-05-20 22:41:54,42.3976516723633,-8.92142486572266,"Male"
"9004152",371985,2025-05-20 22:46:54,42.3977432250977,-8.92161655426025,"Male"
"9004152",371985,2025-05-20 22:51:54,42.3977165222168,-8.92153358459473,"Male"
"9004152",371985,2025-05-20 22:56:54,42.397575378418,-8.92131042480469,"Male"
"9004152",371985,2025-05-20 23:01:54,42.3977088928223,-8.92158222198486,"Male"
"9004152",371985,2025-05-20 23:06:57,42.3977661132812,-8.92174339294434,"Male"
"9004152",371985,2025-05-20 23:11:54,42.3977699279785,-8.921706199646,"Male"
"9004152",371985,2025-05-20 23:16:57,42.3977127075195,-8.92158031463623,"Male"
"9004152",371985,2025-05-20 23:21:54,42.397647857666,-8.92145252227783,"Male"
"9004152",371985,2025-05-20 23:26:55,42.3976516723633,-8.92154216766357,"Male"
"9004152",371985,2025-05-20 23:32:14,42.3976135253906,-8.92131328582764,"Male"
"9004152",371985,2025-05-20 23:36:55,42.3976936340332,-8.921462059021,"Male"
"9004152",371985,2025-05-20 23:41:55,42.3976554870605,-8.92169952392578,"Male"
"9004152",371985,2025-05-20 23:46:55,42.3976631164551,-8.92174434661865,"Male"
"9004152",371985,2025-05-20 23:51:55,42.3976554870605,-8.92144012451172,"Male"
"9004152",371985,2025-05-20 23:57:29,42.3976593017578,-8.92150688171387,"Male"
"9004152",371985,2025-05-21 00:01:55,42.3976249694824,-8.92153549194336,"Male"
"9004152",371985,2025-05-21 00:06:55,42.397647857666,-8.92148780822754,"Male"
"9004152",371985,2025-05-21 00:11:55,42.3975410461426,-8.92125988006592,"Male"
"9004152",371985,2025-05-21 00:16:55,42.3976821899414,-8.92149925231934,"Male"
"9004152",371985,2025-05-21 00:21:55,42.3976287841797,-8.92139339447021,"Male"
"9004152",371985,2025-05-21 00:26:55,42.3976631164551,-8.92144870758057,"Male"
"9004152",371985,2025-05-21 00:31:57,42.3976669311523,-8.92164707183838,"Male"
"9004152",371985,2025-05-21 00:36:57,42.3976249694824,-8.92145156860352,"Male"
"9004152",371985,2025-05-21 00:41:56,42.3975296020508,-8.92126178741455,"Male"
"9004152",371985,2025-05-21 00:47:15,42.3977127075195,-8.92146778106689,"Male"
"9004152",371985,2025-05-21 00:51:59,42.3976516723633,-8.9214973449707,"Male"
"9004152",371985,2025-05-21 00:56:58,42.3976860046387,-8.92167854309082,"Male"
"9004152",371985,2025-05-21 01:02:35,42.3977012634277,-8.92139911651611,"Male"
"9004152",371985,2025-05-21 01:06:54,42.3977966308594,-8.92179203033447,"Male"
"9004152",371985,2025-05-21 01:12:03,42.3977584838867,-8.92188167572021,"Male"
"9004152",371985,2025-05-21 01:17:01,42.3977470397949,-8.92182540893555,"Male"
"9004152",371985,2025-05-21 01:21:58,42.3974380493164,-8.92086410522461,"Male"
"9004152",371985,2025-05-21 01:27:52,42.3976783752441,-8.92140579223633,"Male"
"9004152",371985,2025-05-21 01:32:27,42.3976898193359,-8.92141532897949,"Male"
"9004152",371985,2025-05-21 01:36:54,42.3976821899414,-8.92150211334229,"Male"
"9004152",371985,2025-05-21 01:41:56,42.3976783752441,-8.921462059021,"Male"
"9004152",371985,2025-05-21 01:46:56,42.3977508544922,-8.9214563369751,"Male"
"9004152",371985,2025-05-21 01:51:54,42.3976287841797,-8.92138576507568,"Male"
"9004152",371985,2025-05-21 01:56:54,42.3976898193359,-8.92147636413574,"Male"
"9004152",371985,2025-05-21 02:01:55,42.397819519043,-8.92165184020996,"Male"
"9004152",371985,2025-05-21 02:06:55,42.3976821899414,-8.92151546478271,"Male"
"9004152",371985,2025-05-21 02:11:55,42.3977355957031,-8.92137336730957,"Male"
"9004152",371985,2025-05-21 02:16:54,42.3976974487305,-8.92150020599365,"Male"
"9004152",371985,2025-05-21 02:21:57,42.3977012634277,-8.92145156860352,"Male"
"9004152",371985,2025-05-21 02:27:04,42.3976593017578,-8.92133712768555,"Male"
"9004152",371985,2025-05-21 02:32:14,42.3976898193359,-8.92142868041992,"Male"
"9004152",371985,2025-05-21 02:36:56,42.3976898193359,-8.92146873474121,"Male"
"9004152",371985,2025-05-21 02:42:34,42.397705078125,-8.92154407501221,"Male"
"9004152",371985,2025-05-21 02:46:57,42.3977432250977,-8.92171382904053,"Male"
"9004152",371985,2025-05-21 02:51:55,42.397647857666,-8.92149066925049,"Male"
"9004152",371985,2025-05-21 02:56:55,42.3976898193359,-8.92168140411377,"Male"
"9004152",371985,2025-05-21 03:01:56,42.3976593017578,-8.92154026031494,"Male"
"9004152",371985,2025-05-21 03:08:19,42.3976821899414,-8.92151355743408,"Male"
"9004152",371985,2025-05-21 03:11:54,42.3975715637207,-8.92165946960449,"Male"
"9004152",371985,2025-05-21 03:16:55,42.3976631164551,-8.92160320281982,"Male"
"9004152",371985,2025-05-21 03:22:04,42.3976364135742,-8.92155838012695,"Male"
"9004152",371985,2025-05-21 03:27:03,42.3976249694824,-8.92156028747559,"Male"
"9004152",371985,2025-05-21 03:32:06,42.3977203369141,-8.921630859375,"Male"
"9004152",371985,2025-05-21 03:37:15,42.3975982666016,-8.92160606384277,"Male"
"9004152",371985,2025-05-21 03:43:19,42.3976249694824,-8.92155170440674,"Male"
"9004152",371985,2025-05-21 03:46:55,42.3976211547852,-8.92158794403076,"Male"
"9004152",371985,2025-05-21 03:51:55,42.3976516723633,-8.9215030670166,"Male"
"9004152",371985,2025-05-21 03:56:54,42.3975944519043,-8.9213924407959,"Male"
"9004152",371985,2025-05-21 04:01:55,42.3976364135742,-8.92143058776855,"Male"
"9004152",371985,2025-05-21 04:06:54,42.3976287841797,-8.92155265808105,"Male"
"9004152",371985,2025-05-21 04:11:54,42.3976783752441,-8.92140483856201,"Male"
"9004152",371985,2025-05-21 04:16:54,42.3976554870605,-8.92168617248535,"Male"
"9004152",371985,2025-05-21 04:21:56,42.3976669311523,-8.92137241363525,"Male"
"9004152",371985,2025-05-21 04:26:54,42.3976554870605,-8.92142581939697,"Male"
"9004152",371985,2025-05-21 04:31:55,42.3977012634277,-8.92138671875,"Male"
"9004152",371985,2025-05-21 04:36:54,42.3977279663086,-8.92147350311279,"Male"
"9004152",371985,2025-05-21 04:41:54,42.3977127075195,-8.92139148712158,"Male"
"9004152",371985,2025-05-21 04:46:55,42.3977699279785,-8.92146396636963,"Male"
"9004152",371985,2025-05-21 04:52:15,42.3977279663086,-8.9213752746582,"Male"
"9004152",371985,2025-05-21 04:56:59,42.3977088928223,-8.9214563369751,"Male"
"9004152",371985,2025-05-21 05:01:56,42.3976631164551,-8.92132186889648,"Male"
"9004152",371985,2025-05-21 05:06:57,42.3976249694824,-8.92126655578613,"Male"
"9004152",371985,2025-05-21 05:12:00,42.3976707458496,-8.92126655578613,"Male"
"9004152",371985,2025-05-21 05:16:56,42.397762298584,-8.92161846160889,"Male"
"9004152",371985,2025-05-21 05:21:59,42.3976249694824,-8.92128372192383,"Male"
"9004152",371985,2025-05-21 05:26:59,42.3976593017578,-8.92156887054443,"Male"
"9004152",371985,2025-05-21 05:31:58,42.3975563049316,-8.92152500152588,"Male"
"9004152",371985,2025-05-21 05:37:04,42.3977394104004,-8.9213285446167,"Male"
"9004152",371985,2025-05-21 05:42:24,42.3977470397949,-8.92136669158936,"Male"
"9004152",371985,2025-05-21 05:47:14,42.3977355957031,-8.92144680023193,"Male"
"9004152",371985,2025-05-21 05:51:55,42.3974800109863,-8.92168807983398,"Male"
"9004152",371985,2025-05-21 05:56:55,42.3974571228027,-8.92189502716064,"Male"
"9004152",371985,2025-05-21 06:01:55,42.3976631164551,-8.92143726348877,"Male"
"9004152",371985,2025-05-21 06:06:56,42.3976440429688,-8.92152214050293,"Male"
"9004152",371985,2025-05-21 06:11:55,42.3977966308594,-8.92163467407227,"Male"
"9004152",371985,2025-05-21 06:16:56,42.3975257873535,-8.92201995849609,"Male"
"9004152",371985,2025-05-21 06:21:57,42.3978118896484,-8.92168521881104,"Male"
"9004152",371985,2025-05-21 06:26:55,42.3979110717773,-8.92037296295166,"Male"
"9004152",371985,2025-05-21 06:32:06,42.3978996276855,-8.9202709197998,"Male"
"9004152",371985,2025-05-21 06:36:57,42.3979415893555,-8.92023086547852,"Male"
"9004152",371985,2025-05-21 06:41:58,42.400089263916,-8.91256618499756,"Male"
"9004152",371985,2025-05-21 06:46:57,42.4027862548828,-8.90107917785645,"Male"
"9004152",371985,2025-05-21 06:52:03,42.4072265625,-8.89966583251953,"Male"
"9004152",371985,2025-05-21 06:57:02,42.4076957702637,-8.88622283935547,"Male"
"9004152",371985,2025-05-21 07:02:50,42.4102210998535,-8.87949371337891,"Male"
"9004152",371985,2025-05-21 07:08:30,42.4109191894531,-8.87747192382812,"Male"
"9004152",371985,2025-05-21 07:14:22,42.4111251831055,-8.87605571746826,"Male"
"9004152",371985,2025-05-21 07:20:08,42.4102554321289,-8.87731742858887,"Male"
"9004152",371985,2025-05-21 07:25:08,42.4099578857422,-8.8781852722168,"Male"
"9004152",371985,2025-05-21 07:30:08,42.398120880127,-8.85819149017334,"Male"
"9004152",371985,2025-05-21 07:35:08,42.3981590270996,-8.85809803009033,"Male"
"9004152",371985,2025-05-21 07:40:08,42.3981971740723,-8.85794925689697,"Male"
"9004152",371985,2025-05-21 07:45:08,42.3981857299805,-8.85796928405762,"Male"
"9004152",371985,2025-05-21 07:50:35,42.3984146118164,-8.8580493927002,"Male"
"9004152",371985,2025-05-21 07:55:06,42.3985290527344,-8.8579216003418,"Male"
"9004152",371985,2025-05-21 08:00:06,42.3985328674316,-8.85793304443359,"Male"
"9004152",371985,2025-05-21 08:05:05,42.3984527587891,-8.85780239105225,"Male"
"9004152",371985,2025-05-21 08:10:06,42.3984489440918,-8.85790157318115,"Male"
"9004152",371985,2025-05-21 08:15:06,42.3984489440918,-8.85791206359863,"Male"
"9004152",371985,2025-05-21 08:20:06,42.3985328674316,-8.85800361633301,"Male"
"9004152",371985,2025-05-21 08:25:06,42.3987731933594,-8.85819435119629,"Male"
"9004152",371985,2025-05-21 08:30:06,42.3986473083496,-8.85819149017334,"Male"
"9004152",371985,2025-05-21 08:35:06,42.3986396789551,-8.85792541503906,"Male"
"9004152",371985,2025-05-21 08:40:06,42.3990707397461,-8.85839939117432,"Male"
"9004152",371985,2025-05-21 08:45:06,42.3987655639648,-8.85829067230225,"Male"
"9004152",371985,2025-05-21 08:50:19,42.3978118896484,-8.86053466796875,"Male"
"9004152",371985,2025-05-21 08:56:05,42.397346496582,-8.86056804656982,"Male"
"9004152",371985,2025-05-21 09:01:06,42.39794921875,-8.86088275909424,"Male"
"9004152",371985,2025-05-21 09:06:11,42.3972969055176,-8.86057662963867,"Male"
"9004152",371985,2025-05-21 09:11:36,42.3967094421387,-8.86002540588379,"Male"
"9004152",371985,2025-05-21 09:16:52,42.396167755127,-8.86048793792725,"Male"
"9004152",371985,2025-05-21 09:21:55,42.3961219787598,-8.86030387878418,"Male"
"9004152",371985,2025-05-21 09:27:04,42.395679473877,-8.85965442657471,"Male"
"9004152",371985,2025-05-21 09:32:04,42.3955879211426,-8.86042594909668,"Male"
"9004152",371985,2025-05-21 09:37:04,42.3959503173828,-8.85999584197998,"Male"
"9004152",371985,2025-05-21 09:42:06,42.3974075317383,-8.85946655273438,"Male"
"9004152",371985,2025-05-21 09:47:43,42.3984031677246,-8.85807228088379,"Male"
"9004152",371985,2025-05-21 09:52:04,42.3986549377441,-8.85787391662598,"Male"
"9004152",371985,2025-05-21 09:57:04,42.3984489440918,-8.85817241668701,"Male"
"9004152",371985,2025-05-21 10:02:04,42.398365020752,-8.85829734802246,"Male"
"9004152",371985,2025-05-21 10:07:04,42.3984642028809,-8.85823249816895,"Male"
"9004152",371985,2025-05-21 10:12:07,42.3984527587891,-8.85811805725098,"Male"
"9004152",371985,2025-05-21 10:17:06,42.3984718322754,-8.85805416107178,"Male"
"9004152",371985,2025-05-21 10:22:04,42.3984260559082,-8.85804176330566,"Male"
"9004152",371985,2025-05-21 10:27:04,42.3984642028809,-8.85799884796143,"Male"
"9004152",371985,2025-05-21 10:32:04,42.3984184265137,-8.85805416107178,"Male"
"9004152",371985,2025-05-21 10:37:04,42.3983917236328,-8.85807991027832,"Male"
"9004152",371985,2025-05-21 10:42:04,42.3984031677246,-8.85802173614502,"Male"
"9004152",371985,2025-05-21 10:47:04,42.398380279541,-8.85794544219971,"Male"
"9004152",371985,2025-05-21 10:52:04,42.3984603881836,-8.85801792144775,"Male"
"9004152",371985,2025-05-21 10:57:04,42.3973808288574,-8.85912418365479,"Male"
"9004152",371985,2025-05-21 11:02:19,42.3969268798828,-8.85822868347168,"Male"
"9004152",371985,2025-05-21 11:07:31,42.3960571289062,-8.85734081268311,"Male"
"9004152",371985,2025-05-21 11:12:31,42.3951683044434,-8.85686492919922,"Male"
"9004152",371985,2025-05-21 11:17:55,42.3945465087891,-8.85598564147949,"Male"
"9004152",371985,2025-05-21 11:22:55,42.3956260681152,-8.85533905029297,"Male"
"9004152",371985,2025-05-21 11:28:27,42.3948860168457,-8.85624408721924,"Male"
"9004152",371985,2025-05-21 11:33:33,42.3956604003906,-8.85749340057373,"Male"
"9004152",371985,2025-05-21 11:39:13,42.3964462280273,-8.85842227935791,"Male"
"9004152",371985,2025-05-21 11:44:23,42.3974113464355,-8.85935020446777,"Male"
"9004152",371985,2025-05-21 11:50:01,42.3973350524902,-8.86025905609131,"Male"
"9004152",371985,2025-05-21 11:55:16,42.3963279724121,-8.85896873474121,"Male"
"9004152",371985,2025-05-21 12:00:22,42.3967666625977,-8.86059188842773,"Male"
"9004152",371985,2025-05-21 12:05:42,42.3968963623047,-8.85992622375488,"Male"
"9004152",371985,2025-05-21 12:10:41,42.3981857299805,-8.86069774627686,"Male"
"9004152",371985,2025-05-21 12:15:41,42.3982200622559,-8.86147880554199,"Male"
"9004152",371985,2025-05-21 12:20:41,42.3985824584961,-8.8767557144165,"Male"
"9004152",371985,2025-05-21 12:25:41,42.3974647521973,-8.91496276855469,"Male"
"9004152",371985,2025-05-21 12:30:42,42.3981781005859,-8.92037868499756,"Male"
"9004152",371985,2025-05-21 12:35:41,42.3982238769531,-8.92038726806641,"Male"
"9004152",371985,2025-05-21 12:40:41,42.3982467651367,-8.92044544219971,"Male"
"9004152",371985,2025-05-21 12:45:41,42.3979377746582,-8.92181968688965,"Male"
"9004152",371985,2025-05-21 12:51:14,42.3979530334473,-8.92242336273193,"Male"
"9004152",371985,2025-05-21 12:56:01,42.3979072570801,-8.92226600646973,"Male"
"9004152",371985,2025-05-21 13:02:04,42.3975944519043,-8.92225456237793,"Male"
"9004152",371985,2025-05-21 13:05:41,42.3976669311523,-8.922043800354,"Male"
"9004152",371985,2025-05-21 13:10:41,42.397632598877,-8.92194938659668,"Male"
"9004152",371985,2025-05-21 13:15:41,42.3975830078125,-8.92183113098145,"Male"
"9004152",371985,2025-05-21 13:20:41,42.3975791931152,-8.92167472839355,"Male"
"9004152",371985,2025-05-21 13:25:41,42.3975601196289,-8.92200660705566,"Male"
"9004152",371985,2025-05-21 13:30:42,42.3976440429688,-8.92176628112793,"Male"
"9004152",371985,2025-05-21 13:35:41,42.3973655700684,-8.9216365814209,"Male"
"9004152",371985,2025-05-21 13:40:41,42.3975601196289,-8.92185401916504,"Male"
"9004152",371985,2025-05-21 13:45:41,42.4033203125,-8.89627361297607,"Male"
"9004152",371985,2025-05-21 13:51:11,42.4086761474609,-8.87661933898926,"Male"
"9004152",371985,2025-05-21 13:56:59,42.4091644287109,-8.8762731552124,"Male"
"9004152",371985,2025-05-21 14:02:23,42.4097938537598,-8.87485504150391,"Male"
"9004152",371985,2025-05-21 14:07:24,42.4090156555176,-8.87423706054688,"Male"
"9004152",371985,2025-05-21 14:12:47,42.4083480834961,-8.87361526489258,"Male"
"9004152",371985,2025-05-21 14:17:59,42.4098587036133,-8.87314605712891,"Male"
"9004152",371985,2025-05-21 14:23:17,42.4095420837402,-8.87144184112549,"Male"
"9004152",371985,2025-05-21 14:28:16,42.4093017578125,-8.86990547180176,"Male"
"9004152",371985,2025-05-21 14:33:36,42.4091110229492,-8.87079906463623,"Male"
"9004152",371985,2025-05-21 14:39:07,42.4082374572754,-8.87174701690674,"Male"
"9004152",371985,2025-05-21 14:44:04,42.4090042114258,-8.87068939208984,"Male"
"9004152",371985,2025-05-21 14:49:30,42.4102363586426,-8.86984062194824,"Male"
"9004152",371985,2025-05-21 14:54:49,42.4102478027344,-8.87008857727051,"Male"
"9004152",371985,2025-05-21 14:59:52,42.4111518859863,-8.87029933929443,"Male"
"9004152",371985,2025-05-21 15:04:53,42.4121932983398,-8.87091732025146,"Male"
"9004152",371985,2025-05-21 15:09:52,42.4130783081055,-8.87163162231445,"Male"
"9004152",371985,2025-05-21 15:14:52,42.4132385253906,-8.87143135070801,"Male"
"9004152",371985,2025-05-21 15:19:52,42.4132537841797,-8.87147521972656,"Male"
"9004152",371985,2025-05-21 15:24:52,42.4133071899414,-8.87150859832764,"Male"
"9004152",371985,2025-05-21 15:29:52,42.4132118225098,-8.87143802642822,"Male"
"9004152",371985,2025-05-21 15:34:52,42.4131011962891,-8.87150573730469,"Male"
"9004152",371985,2025-05-21 15:39:52,42.4131011962891,-8.87147903442383,"Male"
"9004152",371985,2025-05-21 15:44:52,42.4131355285645,-8.87160968780518,"Male"
"9004152",371985,2025-05-21 15:49:52,42.4131317138672,-8.87162303924561,"Male"
"9004152",371985,2025-05-21 15:54:52,42.413200378418,-8.87144088745117,"Male"
"9004152",371985,2025-05-21 15:59:52,42.4131813049316,-8.87144660949707,"Male"
"9004152",371985,2025-05-21 16:04:52,42.4132652282715,-8.87129592895508,"Male"
"9004152",371985,2025-05-21 16:10:12,42.4119911193848,-8.8709888458252,"Male"
"9004152",371985,2025-05-21 16:15:28,42.4108695983887,-8.87022686004639,"Male"
"9004152",371985,2025-05-21 16:20:52,42.4098968505859,-8.87004852294922,"Male"
"9004152",371985,2025-05-21 16:25:59,42.409294128418,-8.87001514434814,"Male"
"9004152",371985,2025-05-21 16:31:08,42.408992767334,-8.87030696868896,"Male"
"9004152",371985,2025-05-21 16:36:44,42.4090385437012,-8.87121391296387,"Male"
"9004152",371985,2025-05-21 16:42:32,42.4098358154297,-8.87028980255127,"Male"
"9004152",371985,2025-05-21 16:47:48,42.4104347229004,-8.8705940246582,"Male"
"9004152",371985,2025-05-21 16:53:26,42.4102783203125,-8.87005519866943,"Male"
"9004152",371985,2025-05-21 16:58:25,42.4096031188965,-8.87016010284424,"Male"
"9004152",371985,2025-05-21 17:03:43,42.4091949462891,-8.87101173400879,"Male"
"9004152",371985,2025-05-21 17:08:43,42.4087371826172,-8.87185764312744,"Male"
"9004152",371985,2025-05-21 17:14:28,42.4098739624023,-8.87057685852051,"Male"
"9004152",371985,2025-05-21 17:19:32,42.4098472595215,-8.87017059326172,"Male"
"9004152",371985,2025-05-21 17:24:57,42.4103355407715,-8.87016582489014,"Male"
"9004152",371985,2025-05-21 17:30:26,42.4103126525879,-8.87125205993652,"Male"
"9004152",371985,2025-05-21 17:35:27,42.4095191955566,-8.87005615234375,"Male"
"9004152",371985,2025-05-21 17:40:54,42.4089813232422,-8.87019824981689,"Male"
"9004152",371985,2025-05-21 17:46:04,42.4083786010742,-8.87181949615479,"Male"
"9004152",371985,2025-05-21 17:51:47,42.4081840515137,-8.87171173095703,"Male"
"9004152",371985,2025-05-21 17:57:11,42.408519744873,-8.87206649780273,"Male"
"9004152",371985,2025-05-21 18:02:09,42.4092178344727,-8.87119674682617,"Male"
"9004152",371985,2025-05-21 18:07:09,42.4102401733398,-8.87152671813965,"Male"
"9004152",371985,2025-05-21 18:12:42,42.4105796813965,-8.87088680267334,"Male"
"9004152",371985,2025-05-21 18:17:42,42.4101829528809,-8.86993789672852,"Male"
"9004152",371985,2025-05-21 18:22:39,42.4015083312988,-8.90775775909424,"Male"
"9004152",371985,2025-05-21 18:27:41,42.4000663757324,-8.92232322692871,"Male"
"9004152",371985,2025-05-21 18:32:39,42.3972663879395,-8.92084407806396,"Male"
"9004152",371985,2025-05-21 18:38:30,42.3977966308594,-8.92117023468018,"Male"
"9004152",371985,2025-05-21 18:42:46,42.3975868225098,-8.92065620422363,"Male"
"9004152",371985,2025-05-21 18:48:14,42.3975791931152,-8.92102146148682,"Male"
"9004152",371985,2025-05-21 18:52:58,42.3978424072266,-8.92142963409424,"Male"
"9004152",371985,2025-05-21 18:57:45,42.3979606628418,-8.92148113250732,"Male"
"9004152",371985,2025-05-21 19:02:45,42.3978118896484,-8.92116451263428,"Male"
"9004152",371985,2025-05-21 19:07:42,42.3974304199219,-8.92088413238525,"Male"
"9004152",371985,2025-05-21 19:12:47,42.3977432250977,-8.9211540222168,"Male"
"9004152",371985,2025-05-21 19:17:46,42.3977546691895,-8.9210147857666,"Male"
"9004152",371985,2025-05-21 19:22:42,42.397159576416,-8.92048072814941,"Male"
"9004152",371985,2025-05-21 19:27:41,42.3973541259766,-8.92075347900391,"Male"
"9004152",371985,2025-05-21 19:32:42,42.3978538513184,-8.92150211334229,"Male"
"9004152",371985,2025-05-21 19:37:41,42.3978385925293,-8.9213171005249,"Male"
"9004152",371985,2025-05-21 19:42:47,42.3973350524902,-8.92081451416016,"Male"
"9004152",371985,2025-05-21 19:47:50,42.3972511291504,-8.92080307006836,"Male"
"9004152",371985,2025-05-21 19:52:45,42.3975067138672,-8.92090797424316,"Male"
"9004152",371985,2025-05-21 19:57:46,42.3973960876465,-8.92088222503662,"Male"
"9004152",371985,2025-05-21 20:02:42,42.3976020812988,-8.92076873779297,"Male"
"9004152",371985,2025-05-21 20:07:42,42.3975830078125,-8.92077350616455,"Male"
"9004152",371985,2025-05-21 20:12:40,42.3977661132812,-8.92111873626709,"Male"
"9004152",371985,2025-05-21 20:17:40,42.3978271484375,-8.92156600952148,"Male"
"9004152",371985,2025-05-21 20:22:41,42.3976669311523,-8.92089748382568,"Male"
"9004152",371985,2025-05-21 20:27:42,42.3978424072266,-8.92144680023193,"Male"
"9004152",371985,2025-05-21 20:32:45,42.3980178833008,-8.92188453674316,"Male"
"9004152",371985,2025-05-21 20:37:46,42.3982048034668,-8.92178535461426,"Male"
"9004152",371985,2025-05-21 20:42:45,42.3979988098145,-8.92171001434326,"Male"
"9004152",371985,2025-05-21 20:47:42,42.39794921875,-8.92159271240234,"Male"
"9004152",371985,2025-05-21 20:52:39,42.3978424072266,-8.9215784072876,"Male"
"9004152",371985,2025-05-21 20:57:46,42.3979797363281,-8.92177295684814,"Male"
"9004152",371985,2025-05-21 21:02:40,42.3979110717773,-8.92163467407227,"Male"
"9004152",371985,2025-05-21 21:07:40,42.3977317810059,-8.92155170440674,"Male"
"9004152",371985,2025-05-21 21:12:45,42.3980560302734,-8.92191505432129,"Male"
"9004152",371985,2025-05-21 21:17:48,42.3980522155762,-8.92184352874756,"Male"
"9004152",371985,2025-05-21 21:22:41,42.3979682922363,-8.92183876037598,"Male"
"9004152",371985,2025-05-21 21:27:42,42.3979568481445,-8.92196846008301,"Male"
"9004152",371985,2025-05-21 21:32:41,42.3979682922363,-8.92194557189941,"Male"
"9004152",371985,2025-05-21 21:37:40,42.3979797363281,-8.92195892333984,"Male"
"9004152",371985,2025-05-21 21:42:41,42.3979377746582,-8.92185401916504,"Male"
"9004152",371985,2025-05-21 21:47:39,42.3979835510254,-8.92190456390381,"Male"
"9004152",371985,2025-05-21 21:52:39,42.3979721069336,-8.92189884185791,"Male"
"9004152",371985,2025-05-21 21:57:40,42.3979644775391,-8.92189502716064,"Male"
"9004152",371985,2025-05-21 22:02:40,42.3979377746582,-8.92180728912354,"Male"
"9004152",371985,2025-05-21 22:07:40,42.3979835510254,-8.9218111038208,"Male"
"9004152",371985,2025-05-21 22:12:39,42.3978843688965,-8.92177581787109,"Male"
"9004152",371985,2025-05-21 22:17:39,42.3978843688965,-8.92176055908203,"Male"
"9004152",371985,2025-05-21 22:22:40,42.3979339599609,-8.92177391052246,"Male"
"9004152",371985,2025-05-21 22:27:40,42.3979415893555,-8.92178821563721,"Male"
"9004152",371985,2025-05-21 22:32:39,42.3979530334473,-8.92177581787109,"Male"
"9004152",371985,2025-05-21 22:37:41,42.3978614807129,-8.9216423034668,"Male"
"9004152",371985,2025-05-21 22:42:39,42.3978385925293,-8.92151832580566,"Male"
"9004152",371985,2025-05-21 22:47:39,42.3978576660156,-8.92147064208984,"Male"
"9004152",371985,2025-05-21 22:52:39,42.3978462219238,-8.92135620117188,"Male"
"9004152",371985,2025-05-21 22:57:40,42.3978958129883,-8.92144298553467,"Male"
"9004152",371985,2025-05-21 23:02:50,42.3977432250977,-8.92131328582764,"Male"
"9004152",371985,2025-05-21 23:07:55,42.3977813720703,-8.92120933532715,"Male"
"9004152",371985,2025-05-21 23:12:50,42.3977470397949,-8.92114925384521,"Male"
"9004152",371985,2025-05-21 23:17:59,42.3978271484375,-8.9212589263916,"Male"
"9004152",371985,2025-05-21 23:22:48,42.3979606628418,-8.9214916229248,"Male"
"9004152",371985,2025-05-21 23:27:45,42.3980178833008,-8.92156887054443,"Male"
"9004152",371985,2025-05-21 23:32:49,42.3980369567871,-8.92162799835205,"Male"
"9004152",371985,2025-05-21 23:37:43,42.3979301452637,-8.9214506149292,"Male"
"9004152",371985,2025-05-21 23:42:43,42.398078918457,-8.92169094085693,"Male"
"9004152",371985,2025-05-21 23:47:43,42.3981666564941,-8.92178344726562,"Male"
"9004152",371985,2025-05-21 23:52:40,42.3982734680176,-8.92173099517822,"Male"
"9004152",371985,2025-05-21 23:57:40,42.3983192443848,-8.92157459259033,"Male"
"9004152",371985,2025-05-22 00:02:40,42.3983421325684,-8.92172145843506,"Male"
"9004152",371985,2025-05-22 00:07:39,42.3982429504395,-8.92171478271484,"Male"
"9004152",371985,2025-05-22 00:12:40,42.398265838623,-8.92173099517822,"Male"
"9004152",371985,2025-05-22 00:17:41,42.3982429504395,-8.9217472076416,"Male"
"9004152",371985,2025-05-22 00:22:41,42.398136138916,-8.92185401916504,"Male"
"9004152",371985,2025-05-22 00:27:40,42.398120880127,-8.92184925079346,"Male"
"9004152",371985,2025-05-22 00:32:41,42.3981399536133,-8.92180347442627,"Male"
"9004152",371985,2025-05-22 00:37:41,42.3982543945312,-8.92167472839355,"Male"
"9004152",371985,2025-05-22 00:42:40,42.3979988098145,-8.92232131958008,"Male"
"9004152",371985,2025-05-22 00:47:41,42.3980941772461,-8.92181396484375,"Male"
"9004152",371985,2025-05-22 00:52:43,42.398193359375,-8.92177104949951,"Male"
"9004152",371985,2025-05-22 00:57:40,42.3981590270996,-8.92169094085693,"Male"
"9004152",371985,2025-05-22 01:02:41,42.3980979919434,-8.92166614532471,"Male"
"9004152",371985,2025-05-22 01:07:40,42.3981513977051,-8.92184829711914,"Male"
"9004152",371985,2025-05-22 01:12:40,42.3981094360352,-8.92155933380127,"Male"
"9004152",371985,2025-05-22 01:17:40,42.3980178833008,-8.92165851593018,"Male"
"9004152",371985,2025-05-22 01:22:40,42.3980484008789,-8.92168998718262,"Male"
"9004152",371985,2025-05-22 01:27:40,42.3980178833008,-8.92156314849854,"Male"
"9004152",371985,2025-05-22 01:32:40,42.3980445861816,-8.92158508300781,"Male"
"9004152",371985,2025-05-22 01:37:40,42.3979988098145,-8.92154121398926,"Male"
"9004152",371985,2025-05-22 01:42:40,42.3980255126953,-8.92153358459473,"Male"
"9004152",371985,2025-05-22 01:47:40,42.3979797363281,-8.92141056060791,"Male"
"9004152",371985,2025-05-22 01:52:40,42.3979873657227,-8.92144203186035,"Male"
"9004152",371985,2025-05-22 01:57:41,42.3981018066406,-8.92172145843506,"Male"
"9004152",371985,2025-05-22 02:02:41,42.398120880127,-8.92180252075195,"Male"
"9004152",371985,2025-05-22 02:07:45,42.398078918457,-8.92181015014648,"Male"
"9004152",371985,2025-05-22 02:12:40,42.3979454040527,-8.92143630981445,"Male"
"9004152",371985,2025-05-22 02:18:13,42.397777557373,-8.92172431945801,"Male"
"9004152",371985,2025-05-22 02:22:48,42.3977661132812,-8.92184925079346,"Male"
"9004152",371985,2025-05-22 02:29:02,42.3977203369141,-8.92182064056396,"Male"
"9004152",371985,2025-05-22 02:34:02,42.3976783752441,-8.92184352874756,"Male"
"9004152",371985,2025-05-22 02:38:17,42.3976783752441,-8.92180347442627,"Male"
"9004152",371985,2025-05-22 02:43:00,42.3976440429688,-8.92158699035645,"Male"
"9004152",371985,2025-05-22 02:47:51,42.3976821899414,-8.92163562774658,"Male"
"9004152",371985,2025-05-22 02:54:02,42.397705078125,-8.92151641845703,"Male"
"9004152",371985,2025-05-22 02:58:16,42.3977279663086,-8.92147922515869,"Male"
"9004152",371985,2025-05-22 03:02:55,42.3976783752441,-8.92152976989746,"Male"
"9004152",371985,2025-05-22 03:07:38,42.3977088928223,-8.92145347595215,"Male"
"9004152",371985,2025-05-22 03:12:42,42.3976173400879,-8.92156028747559,"Male"
"9004152",371985,2025-05-22 03:17:41,42.3976898193359,-8.92165184020996,"Male"
"9004152",371985,2025-05-22 03:22:39,42.3977279663086,-8.92146873474121,"Male"
"9004152",371985,2025-05-22 03:27:40,42.3977470397949,-8.92143154144287,"Male"
"9004152",371985,2025-05-22 03:32:40,42.3978118896484,-8.92158126831055,"Male"
"9004152",371985,2025-05-22 03:37:41,42.3978271484375,-8.92139911651611,"Male"
"9004152",371985,2025-05-22 03:42:41,42.3977661132812,-8.92137718200684,"Male"
"9004152",371985,2025-05-22 03:47:40,42.3977279663086,-8.92144107818604,"Male"
"9004152",371985,2025-05-22 03:52:39,42.3977546691895,-8.92145824432373,"Male"
"9004152",371985,2025-05-22 03:57:39,42.3977394104004,-8.92151260375977,"Male"
"9004152",371985,2025-05-22 04:02:39,42.3977012634277,-8.92139434814453,"Male"
"9004152",371985,2025-05-22 04:07:39,42.3977127075195,-8.92152881622314,"Male"
"9004152",371985,2025-05-22 04:12:40,42.3977394104004,-8.92147159576416,"Male"
"9004152",371985,2025-05-22 04:17:40,42.397762298584,-8.92111682891846,"Male"
"9004152",371985,2025-05-22 04:22:39,42.3977012634277,-8.92090892791748,"Male"
"9004152",371985,2025-05-22 04:27:41,42.3975944519043,-8.92062568664551,"Male"
"9004152",371985,2025-05-22 04:32:40,42.3977470397949,-8.92093944549561,"Male"
"9004152",371985,2025-05-22 04:37:39,42.3977279663086,-8.92113208770752,"Male"
"9004152",371985,2025-05-22 04:42:39,42.3978462219238,-8.92086505889893,"Male"
"9004152",371985,2025-05-22 04:47:40,42.397891998291,-8.92117500305176,"Male"
"9004152",371985,2025-05-22 04:52:41,42.397777557373,-8.92090129852295,"Male"
"9004152",371985,2025-05-22 04:57:40,42.397834777832,-8.92117881774902,"Male"
"9004152",371985,2025-05-22 05:02:40,42.3980178833008,-8.92107391357422,"Male"
"9004152",371985,2025-05-22 05:07:42,42.3979644775391,-8.92129135131836,"Male"
"9004152",371985,2025-05-22 05:12:56,42.3980827331543,-8.92152976989746,"Male"
"9004152",371985,2025-05-22 05:17:43,42.3980674743652,-8.92143726348877,"Male"
"9004152",371985,2025-05-22 05:22:39,42.3987426757812,-8.91890811920166,"Male"
"9004152",371985,2025-05-22 05:27:40,42.398624420166,-8.91946125030518,"Male"
"9004152",371985,2025-05-22 05:32:48,42.3982162475586,-8.92024230957031,"Male"
"9004152",371985,2025-05-22 05:37:40,42.3984298706055,-8.91993045806885,"Male"
"9004152",371985,2025-05-22 05:42:40,42.3986892700195,-8.91940307617188,"Male"
"9004152",371985,2025-05-22 05:47:40,42.3983726501465,-8.92003345489502,"Male"
"9004152",371985,2025-05-22 05:52:39,42.3981895446777,-8.92033672332764,"Male"
"9004152",371985,2025-05-22 05:57:39,42.398021697998,-8.92060279846191,"Male"
"9004152",371985,2025-05-22 06:02:39,42.3990058898926,-8.91500568389893,"Male"
"9004152",371985,2025-05-22 06:07:58,42.4045677185059,-8.90008068084717,"Male"
"9004152",371985,2025-05-22 06:12:55,42.409252166748,-8.89597988128662,"Male"
"9004152",371985,2025-05-22 06:18:19,42.4148216247559,-8.89168834686279,"Male"
"9004152",371985,2025-05-22 06:23:20,42.4199180603027,-8.88837337493896,"Male"
"9004152",371985,2025-05-22 06:29:33,42.4329719543457,-8.8856897354126,"Male"
"9004152",371985,2025-05-22 06:34:31,42.4127311706543,-8.87879371643066,"Male"
"9004152",371985,2025-05-22 06:40:03,42.4096031188965,-8.87444496154785,"Male"
"9004152",371985,2025-05-22 06:45:07,42.4097023010254,-8.87396144866943,"Male"
"9004152",371985,2025-05-22 06:50:28,42.4100761413574,-8.87328147888184,"Male"
"9004152",371985,2025-05-22 06:55:28,42.4106941223145,-8.87159824371338,"Male"
"9004152",371985,2025-05-22 07:00:28,42.3986206054688,-8.85816669464111,"Male"
"9004152",371985,2025-05-22 07:05:28,42.3985710144043,-8.85807228088379,"Male"
"9004152",371985,2025-05-22 07:10:29,42.3988418579102,-8.85797214508057,"Male"
"9004152",371985,2025-05-22 07:15:28,42.3986549377441,-8.85799694061279,"Male"
"9004152",371985,2025-05-22 07:20:28,42.3987464904785,-8.85793876647949,"Male"
"9004152",371985,2025-05-22 07:25:28,42.3987770080566,-8.8579273223877,"Male"
"9004152",371985,2025-05-22 07:30:28,42.3989486694336,-8.85790634155273,"Male"
"9004152",371985,2025-05-22 07:35:28,42.3988571166992,-8.85787963867188,"Male"
"9004152",371985,2025-05-22 07:40:35,42.3983917236328,-8.85775566101074,"Male"
"9004152",371985,2025-05-22 07:45:28,42.398509979248,-8.85786914825439,"Male"
"9004152",371985,2025-05-22 07:50:36,42.3984832763672,-8.85771083831787,"Male"
"9004152",371985,2025-05-22 07:55:34,42.3984069824219,-8.85765933990479,"Male"
"9004152",371985,2025-05-22 08:00:29,42.3986549377441,-8.85768413543701,"Male"
"9004152",371985,2025-05-22 08:05:54,42.3969497680664,-8.85966205596924,"Male"
"9004152",371985,2025-05-22 08:11:16,42.3977012634277,-8.86025047302246,"Male"
"9004152",371985,2025-05-22 08:16:16,42.3971862792969,-8.86034679412842,"Male"
"9004152",371985,2025-05-22 08:21:47,42.3967971801758,-8.85911846160889,"Male"
"9004152",371985,2025-05-22 08:26:55,42.3957176208496,-8.85840892791748,"Male"
"9004152",371985,2025-05-22 08:31:54,42.3962745666504,-8.85855007171631,"Male"
"9004152",371985,2025-05-22 08:36:57,42.3958549499512,-8.85786819458008,"Male"
"9004152",371985,2025-05-22 08:42:15,42.3981399536133,-8.86042499542236,"Male"
"9004152",371985,2025-05-22 08:47:42,42.3976974487305,-8.85964012145996,"Male"
"9004152",371985,2025-05-22 08:52:44,42.396484375,-8.85927295684814,"Male"
"9004152",371985,2025-05-22 08:57:53,42.3966903686523,-8.86013221740723,"Male"
"9004152",371985,2025-05-22 09:03:00,42.3975028991699,-8.85982227325439,"Male"
"9004152",371985,2025-05-22 09:08:47,42.398811340332,-8.85939693450928,"Male"
"9004152",371985,2025-05-22 09:13:45,42.399299621582,-8.85881423950195,"Male"
"9004152",371985,2025-05-22 09:18:45,42.3993225097656,-8.85879230499268,"Male"
"9004152",371985,2025-05-22 09:23:45,42.3992805480957,-8.85882472991943,"Male"
"9004152",371985,2025-05-22 09:28:45,42.3992691040039,-8.85883522033691,"Male"
"9004152",371985,2025-05-22 09:33:45,42.3992767333984,-8.85878562927246,"Male"
"9004152",371985,2025-05-22 09:38:47,42.3992347717285,-8.85877513885498,"Male"
"9004152",371985,2025-05-22 09:43:45,42.399227142334,-8.85878658294678,"Male"
"9004152",371985,2025-05-22 09:48:46,42.3992004394531,-8.85876083374023,"Male"
"9004152",371985,2025-05-22 09:53:49,42.399169921875,-8.85880374908447,"Male"
"9004152",371985,2025-05-22 09:58:53,42.3992958068848,-8.85867691040039,"Male"
"9004152",371985,2025-05-22 10:03:54,42.399341583252,-8.85861110687256,"Male"
"9004152",371985,2025-05-22 10:08:54,42.3993682861328,-8.85858726501465,"Male"
"9004152",371985,2025-05-22 10:13:55,42.3992347717285,-8.85868358612061,"Male"
"9004152",371985,2025-05-22 10:18:54,42.3994064331055,-8.85853099822998,"Male"
"9004152",371985,2025-05-22 10:24:35,42.3984031677246,-8.85995769500732,"Male"
"9004152",371985,2025-05-22 10:29:35,42.3975219726562,-8.86022472381592,"Male"
"9004152",371985,2025-05-22 10:34:36,42.3968467712402,-8.85962009429932,"Male"
"9004152",371985,2025-05-22 10:39:57,42.3957290649414,-8.85916423797607,"Male"
"9004152",371985,2025-05-22 10:44:57,42.39599609375,-8.86002731323242,"Male"
"9004152",371985,2025-05-22 10:50:20,42.3961601257324,-8.86057281494141,"Male"
"9004152",371985,2025-05-22 10:55:21,42.3960037231445,-8.8599967956543,"Male"
"9004152",371985,2025-05-22 11:00:50,42.3956527709961,-8.86015701293945,"Male"
"9004152",371985,2025-05-22 11:06:20,42.3958129882812,-8.85996150970459,"Male"
"9004152",371985,2025-05-22 11:11:33,42.3952331542969,-8.85939311981201,"Male"
"9004152",371985,2025-05-22 11:16:53,42.3959999084473,-8.85915851593018,"Male"
"9004152",371985,2025-05-22 11:21:53,42.3968315124512,-8.85957527160645,"Male"
"9004152",371985,2025-05-22 11:27:45,42.3978157043457,-8.86042881011963,"Male"
"9004152",371985,2025-05-22 11:32:45,42.3976249694824,-8.86153221130371,"Male"
"9004152",371985,2025-05-22 11:37:45,42.3996849060059,-8.88623428344727,"Male"
"9004152",371985,2025-05-22 11:42:45,42.3977813720703,-8.92033863067627,"Male"
"9004152",371985,2025-05-22 11:47:45,42.3957939147949,-8.92484474182129,"Male"
"9004152",371985,2025-05-22 11:52:46,42.3977966308594,-8.92163467407227,"Male"
"9004152",371985,2025-05-22 11:57:46,42.3978271484375,-8.92144775390625,"Male"
"9004152",371985,2025-05-22 12:02:48,42.3977966308594,-8.92150592803955,"Male"
"9004152",371985,2025-05-22 12:07:47,42.3977355957031,-8.92153358459473,"Male"
"9004152",371985,2025-05-22 12:12:46,42.3977012634277,-8.92143821716309,"Male"
"9004152",371985,2025-05-22 12:17:47,42.3976364135742,-8.92137241363525,"Male"
"9004152",371985,2025-05-22 12:22:46,42.397705078125,-8.92149639129639,"Male"
"9004152",371985,2025-05-22 12:27:52,42.3977737426758,-8.92145729064941,"Male"
"9004152",371985,2025-05-22 12:32:49,42.3977165222168,-8.92128372192383,"Male"
"9004152",371985,2025-05-22 12:37:51,42.3976860046387,-8.92137050628662,"Male"
"9004152",371985,2025-05-22 12:42:47,42.3976097106934,-8.92144107818604,"Male"
"9004152",371985,2025-05-22 12:47:55,42.3977661132812,-8.920090675354,"Male"
"9004152",371985,2025-05-22 12:52:54,42.397762298584,-8.9203987121582,"Male"
"9004152",371985,2025-05-22 12:57:53,42.3976745605469,-8.92015171051025,"Male"
"9004152",371985,2025-05-22 13:02:48,42.3976554870605,-8.92103385925293,"Male"
"9004152",371985,2025-05-22 13:07:45,42.4028358459473,-8.89782619476318,"Male"
"9004152",371985,2025-05-22 13:12:46,42.4091033935547,-8.87582397460938,"Male"
"9004152",371985,2025-05-22 13:17:45,42.4123687744141,-8.87708187103271,"Male"
"9004152",371985,2025-05-22 13:22:54,42.4150161743164,-8.87711143493652,"Male"
"9004152",371985,2025-05-22 13:27:53,42.4150581359863,-8.87708568572998,"Male"
"9004152",371985,2025-05-22 13:32:54,42.4151153564453,-8.87714767456055,"Male"
"9004152",371985,2025-05-22 13:37:47,42.4150238037109,-8.87700748443604,"Male"
"9004152",371985,2025-05-22 13:42:54,42.4151153564453,-8.87699890136719,"Male"
"9004152",371985,2025-05-22 13:47:48,42.4150428771973,-8.87684154510498,"Male"
"9004152",371985,2025-05-22 13:52:49,42.4151573181152,-8.87701034545898,"Male"
"9004152",371985,2025-05-22 13:57:51,42.4151039123535,-8.87691402435303,"Male"
"9004152",371985,2025-05-22 14:02:48,42.4150543212891,-8.87711143493652,"Male"
"9004152",371985,2025-05-22 14:07:54,42.4150466918945,-8.87703704833984,"Male"
"9004152",371985,2025-05-22 14:12:49,42.4150314331055,-8.87701988220215,"Male"
"9004152",371985,2025-05-22 14:17:54,42.4150695800781,-8.87704944610596,"Male"
"9004152",371985,2025-05-22 14:22:57,42.4150695800781,-8.87718772888184,"Male"
"9004152",371985,2025-05-22 14:27:49,42.4150695800781,-8.87706661224365,"Male"
"9004152",371985,2025-05-22 14:32:52,42.415153503418,-8.87680912017822,"Male"
"9004152",371985,2025-05-22 14:38:03,42.4146575927734,-8.877760887146,"Male"
"9004152",371985,2025-05-22 14:42:45,42.414680480957,-8.87768650054932,"Male"
"9004152",371985,2025-05-22 14:47:45,42.4146995544434,-8.87763977050781,"Male"
"9004152",371985,2025-05-22 14:52:46,42.4142303466797,-8.87778377532959,"Male"
"9004152",371985,2025-05-22 14:57:45,42.4129409790039,-8.87766265869141,"Male"
"9004152",371985,2025-05-22 15:02:45,42.4118919372559,-8.87734222412109,"Male"
"9004152",371985,2025-05-22 15:07:45,42.4108467102051,-8.87720394134521,"Male"
"9004152",371985,2025-05-22 15:12:46,42.4102096557617,-8.87650012969971,"Male"
"9004152",371985,2025-05-22 15:17:45,42.4096717834473,-8.87582969665527,"Male"
"9004152",371985,2025-05-22 15:22:46,42.4094276428223,-8.8743839263916,"Male"
"9004152",371985,2025-05-22 15:28:08,42.4084091186523,-8.87391757965088,"Male"
"9004152",371985,2025-05-22 15:33:50,42.4077949523926,-8.87345504760742,"Male"
"9004152",371985,2025-05-22 15:38:49,42.4087028503418,-8.87263298034668,"Male"
"9004152",371985,2025-05-22 15:43:50,42.4089736938477,-8.87089824676514,"Male"
"9004152",371985,2025-05-22 15:48:49,42.409236907959,-8.86984348297119,"Male"
"9004152",371985,2025-05-22 15:53:50,42.4096832275391,-8.87068557739258,"Male"
"9004152",371985,2025-05-22 15:59:09,42.4104423522949,-8.87009429931641,"Male"
"9004152",371985,2025-05-22 16:04:09,42.4093437194824,-8.86999607086182,"Male"
"9004152",371985,2025-05-22 16:09:56,42.4094467163086,-8.87039375305176,"Male"
"9004152",371985,2025-05-22 16:14:58,42.4104843139648,-8.87054443359375,"Male"
"9004152",371985,2025-05-22 16:20:23,42.4115295410156,-8.87019348144531,"Male"
"9004152",371985,2025-05-22 16:25:29,42.4120903015137,-8.87053966522217,"Male"
"9004152",371985,2025-05-22 16:30:27,42.412296295166,-8.87059116363525,"Male"
"9004152",371985,2025-05-22 16:35:34,42.4126167297363,-8.8711986541748,"Male"
"9004152",371985,2025-05-22 16:40:29,42.4131774902344,-8.87161540985107,"Male"
"9004152",371985,2025-05-22 16:45:27,42.4130592346191,-8.87143898010254,"Male"
"9004152",371985,2025-05-22 16:50:28,42.4132766723633,-8.87157726287842,"Male"
"9004152",371985,2025-05-22 16:55:27,42.4131355285645,-8.87147617340088,"Male"
"9004152",371985,2025-05-22 17:00:27,42.4130897521973,-8.87148666381836,"Male"
"9004152",371985,2025-05-22 17:05:28,42.4131164550781,-8.87149715423584,"Male"
"9004152",371985,2025-05-22 17:10:28,42.413215637207,-8.87165546417236,"Male"
"9004152",371985,2025-05-22 17:15:27,42.4130821228027,-8.87148666381836,"Male"
"9004152",371985,2025-05-22 17:20:27,42.4129371643066,-8.87144947052002,"Male"
"9004152",371985,2025-05-22 17:25:28,42.4126205444336,-8.87125492095947,"Male"
"9004152",371985,2025-05-22 17:31:09,42.4106254577637,-8.87025833129883,"Male"
"9004152",371985,2025-05-22 17:38:11,42.410400390625,-8.87007713317871,"Male"
"9004152",371985,2025-05-22 17:43:09,42.410457611084,-8.86977481842041,"Male"
"9004152",371985,2025-05-22 17:48:27,42.4099235534668,-8.87070465087891,"Male"
"9004152",371985,2025-05-22 17:53:32,42.4094390869141,-8.87005710601807,"Male"
"9004152",371985,2025-05-22 17:59:17,42.4090118408203,-8.87084579467773,"Male"
"9004152",371985,2025-05-22 18:04:16,42.4095191955566,-8.87118244171143,"Male"
"9004152",371985,2025-05-22 18:09:40,42.4106292724609,-8.87052536010742,"Male"
"9004152",371985,2025-05-22 18:15:20,42.4104995727539,-8.86898708343506,"Male"
"9004152",371985,2025-05-22 18:20:31,42.4114570617676,-8.87074851989746,"Male"
"9004152",371985,2025-05-22 18:25:58,42.411018371582,-8.8709716796875,"Male"
"9004152",371985,2025-05-22 18:31:14,42.4108695983887,-8.87127304077148,"Male"
"9004152",371985,2025-05-22 18:36:10,42.4129905700684,-8.87141227722168,"Male"
"9004152",371985,2025-05-22 18:40:57,42.4130706787109,-8.87145709991455,"Male"
"9004152",371985,2025-05-22 18:46:06,42.4129066467285,-8.87136840820312,"Male"
"9004152",371985,2025-05-22 18:50:58,42.4128341674805,-8.87126636505127,"Male"
"9004152",371985,2025-05-22 18:55:58,42.4129295349121,-8.87140560150146,"Male"
"9004152",371985,2025-05-22 19:01:25,42.411205291748,-8.87276554107666,"Male"
"9004152",371985,2025-05-22 19:06:40,42.4107322692871,-8.87253665924072,"Male"
"9004152",371985,2025-05-22 19:12:19,42.4102249145508,-8.87358951568604,"Male"
"9004152",371985,2025-05-22 19:17:48,42.4110984802246,-8.87311553955078,"Male"
"9004152",371985,2025-05-22 19:23:40,42.4103088378906,-8.8740758895874,"Male"
"9004152",371985,2025-05-22 19:28:36,42.4081611633301,-8.88477802276611,"Male"
"9004152",371985,2025-05-22 19:33:59,42.3954124450684,-8.92667198181152,"Male"
"9004152",371985,2025-05-22 19:39:05,42.3977584838867,-8.92143249511719,"Male"
"9004152",371985,2025-05-22 19:43:31,42.397762298584,-8.92142391204834,"Male"
"9004152",371985,2025-05-22 19:48:30,42.397762298584,-8.92139339447021,"Male"
"9004152",371985,2025-05-22 19:53:31,42.3978042602539,-8.92131614685059,"Male"
"9004152",371985,2025-05-22 19:58:30,42.397762298584,-8.92136764526367,"Male"
"9004152",371985,2025-05-22 20:03:30,42.3978004455566,-8.92133522033691,"Male"
"9004152",371985,2025-05-22 20:08:32,42.3977928161621,-8.92149066925049,"Male"
"9004152",371985,2025-05-22 20:13:30,42.3977241516113,-8.92153835296631,"Male"
"9004152",371985,2025-05-22 20:18:30,42.3978462219238,-8.92165374755859,"Male"
"9004152",371985,2025-05-22 20:23:31,42.3982543945312,-8.92128944396973,"Male"
"9004152",371985,2025-05-22 20:28:31,42.3982963562012,-8.92129707336426,"Male"
"9004152",371985,2025-05-22 20:33:31,42.3983497619629,-8.921462059021,"Male"
"9004152",371985,2025-05-22 20:38:33,42.3983840942383,-8.92178344726562,"Male"
"9004152",371985,2025-05-22 20:43:37,42.3984375,-8.92177963256836,"Male"
"9004152",371985,2025-05-22 20:48:32,42.3984870910645,-8.92178249359131,"Male"
"9004152",371985,2025-05-22 20:53:31,42.3981437683105,-8.92176914215088,"Male"
"9004152",371985,2025-05-22 20:58:31,42.3983039855957,-8.92143821716309,"Male"
"9004152",371985,2025-05-22 21:03:31,42.3983039855957,-8.92155456542969,"Male"
"9004152",371985,2025-05-22 21:08:39,42.398494720459,-8.92177391052246,"Male"
"9004152",371985,2025-05-22 21:13:39,42.3984451293945,-8.92160320281982,"Male"
"9004152",371985,2025-05-22 21:18:40,42.3982429504395,-8.92134284973145,"Male"
"9004152",371985,2025-05-22 21:23:48,42.3983421325684,-8.9215030670166,"Male"
"9004152",371985,2025-05-22 21:28:39,42.3982696533203,-8.92135143280029,"Male"
"9004152",371985,2025-05-22 21:33:44,42.3983306884766,-8.92150497436523,"Male"
"9004152",371985,2025-05-22 21:38:39,42.3984909057617,-8.92186260223389,"Male"
"9004152",371985,2025-05-22 21:43:42,42.3984680175781,-8.92198944091797,"Male"
"9004152",371985,2025-05-22 21:48:43,42.3995933532715,-8.92434787750244,"Male"
"9004152",371985,2025-05-22 21:53:47,42.3982887268066,-8.9215669631958,"Male"
"9004152",371985,2025-05-22 21:58:39,42.3983154296875,-8.92163276672363,"Male"
"9004152",371985,2025-05-22 22:03:46,42.3982772827148,-8.9214563369751,"Male"
"9004152",371985,2025-05-22 22:08:40,42.398323059082,-8.92175769805908,"Male"
"9004152",371985,2025-05-22 22:13:39,42.3982238769531,-8.92153358459473,"Male"
"9004152",371985,2025-05-22 22:18:39,42.398323059082,-8.9215784072876,"Male"
"9004152",371985,2025-05-22 22:23:39,42.398250579834,-8.9213695526123,"Male"
"9004152",371985,2025-05-22 22:28:39,42.3982925415039,-8.92148113250732,"Male"
"9004152",371985,2025-05-22 22:33:40,42.3983001708984,-8.92138195037842,"Male"
"9004152",371985,2025-05-22 22:38:39,42.3983421325684,-8.9213228225708,"Male"
"9004152",371985,2025-05-22 22:43:39,42.3983612060547,-8.92139434814453,"Male"
"9004152",371985,2025-05-22 22:48:39,42.3982620239258,-8.92146587371826,"Male"
"9004152",371985,2025-05-22 22:53:39,42.3981399536133,-8.92115783691406,"Male"
"9004152",371985,2025-05-22 22:58:39,42.3981819152832,-8.92125225067139,"Male"
"9004152",371985,2025-05-22 23:03:41,42.3982734680176,-8.92142677307129,"Male"
"9004152",371985,2025-05-22 23:08:39,42.3982849121094,-8.92131996154785,"Male"
"9004152",371985,2025-05-22 23:13:50,42.398307800293,-8.92123699188232,"Male"
"9004152",371985,2025-05-22 23:18:41,42.3983306884766,-8.92133808135986,"Male"
"9004152",371985,2025-05-22 23:23:40,42.3984489440918,-8.92147350311279,"Male"
"9004152",371985,2025-05-22 23:28:48,42.3984680175781,-8.92149257659912,"Male"
"9004152",371985,2025-05-22 23:33:40,42.3985710144043,-8.92153835296631,"Male"
"9004152",371985,2025-05-22 23:38:41,42.3974456787109,-8.91928195953369,"Male"
"9004152",371985,2025-05-22 23:43:39,42.3981666564941,-8.92132568359375,"Male"
"9004152",371985,2025-05-22 23:48:39,42.3979949951172,-8.92141628265381,"Male"
"9004152",371985,2025-05-22 23:53:41,42.3976173400879,-8.91945362091064,"Male"
"9004152",371985,2025-05-22 23:58:39,42.3980026245117,-8.92137432098389,"Male"
"9004152",371985,2025-05-23 00:03:39,42.3981590270996,-8.92125225067139,"Male"
"9004152",371985,2025-05-23 00:08:39,42.3980178833008,-8.92128086090088,"Male"
"9004152",371985,2025-05-23 00:13:39,42.3985176086426,-8.92089653015137,"Male"
"9004152",371985,2025-05-23 00:18:39,42.3982620239258,-8.92120170593262,"Male"
"9004152",371985,2025-05-23 00:23:39,42.3984565734863,-8.92097568511963,"Male"
"9004152",371985,2025-05-23 00:28:39,42.3983039855957,-8.92116737365723,"Male"
"9004152",371985,2025-05-23 00:33:39,42.3984565734863,-8.92102909088135,"Male"
"9004152",371985,2025-05-23 00:38:39,42.398380279541,-8.92104434967041,"Male"
"9004152",371985,2025-05-23 00:43:39,42.398250579834,-8.92130947113037,"Male"
"9004152",371985,2025-05-23 00:48:39,42.3984756469727,-8.92105770111084,"Male"
"9004152",371985,2025-05-23 00:53:39,42.3984260559082,-8.92115306854248,"Male"
"9004152",371985,2025-05-23 00:58:40,42.3983573913574,-8.92129039764404,"Male"
"9004152",371985,2025-05-23 01:03:39,42.3985252380371,-8.92128372192383,"Male"
"9004152",371985,2025-05-23 01:08:40,42.3983497619629,-8.92120456695557,"Male"
"9004152",371985,2025-05-23 01:13:39,42.3983459472656,-8.92116546630859,"Male"
"9004152",371985,2025-05-23 01:18:40,42.3983421325684,-8.92122936248779,"Male"
"9004152",371985,2025-05-23 01:23:39,42.3983993530273,-8.92129611968994,"Male"
"9004152",371985,2025-05-23 01:28:40,42.3984489440918,-8.92119312286377,"Male"
"9004152",371985,2025-05-23 01:33:41,42.3985443115234,-8.92121315002441,"Male"
"9004152",371985,2025-05-23 01:38:43,42.3983840942383,-8.92104244232178,"Male"
"9004152",371985,2025-05-23 01:43:41,42.3980941772461,-8.92069530487061,"Male"
"9004152",371985,2025-05-23 01:48:41,42.3981895446777,-8.92080593109131,"Male"
"9004152",371985,2025-05-23 01:53:40,42.3983154296875,-8.92089176177979,"Male"
"9004152",371985,2025-05-23 01:58:41,42.3982124328613,-8.92044448852539,"Male"
"9004152",371985,2025-05-23 02:04:05,42.3982315063477,-8.92087268829346,"Male"
"9004152",371985,2025-05-23 02:08:40,42.3983955383301,-8.92137813568115,"Male"
"9004152",371985,2025-05-23 02:13:48,42.3982849121094,-8.92111015319824,"Male"
"9004152",371985,2025-05-23 02:18:47,42.3982391357422,-8.92107677459717,"Male"
"9004152",371985,2025-05-23 02:23:42,42.3991889953613,-8.92336463928223,"Male"
"9004152",371985,2025-05-23 02:28:43,42.3982009887695,-8.92122650146484,"Male"
"9004152",371985,2025-05-23 02:33:40,42.3983955383301,-8.92173290252686,"Male"
"9004152",371985,2025-05-23 02:38:40,42.3985862731934,-8.92194175720215,"Male"
"9004152",371985,2025-05-23 02:43:40,42.3983345031738,-8.921555519104,"Male"
"9004152",371985,2025-05-23 02:48:41,42.3984680175781,-8.92168521881104,"Male"
"9004152",371985,2025-05-23 02:53:56,42.3982887268066,-8.92137241363525,"Male"
"9004152",371985,2025-05-23 02:58:41,42.3983116149902,-8.92142009735107,"Male"
"9004152",371985,2025-05-23 03:03:41,42.3982772827148,-8.92146301269531,"Male"
"9004152",371985,2025-05-23 03:08:39,42.3982696533203,-8.92127323150635,"Male"
"9004152",371985,2025-05-23 03:13:40,42.3982810974121,-8.92143821716309,"Male"
"9004152",371985,2025-05-23 03:18:39,42.3981246948242,-8.92140483856201,"Male"
"9004152",371985,2025-05-23 03:23:40,42.3983497619629,-8.92127418518066,"Male"
"9004152",371985,2025-05-23 03:28:42,42.3983306884766,-8.92139434814453,"Male"
"9004152",371985,2025-05-23 03:33:44,42.3985710144043,-8.9205961227417,"Male"
"9004152",371985,2025-05-23 03:39:05,42.3982696533203,-8.92129898071289,"Male"
"9004152",371985,2025-05-23 03:43:38,42.3983726501465,-8.92115497589111,"Male"
"9004152",371985,2025-05-23 03:48:38,42.3982925415039,-8.9211368560791,"Male"
"9004152",371985,2025-05-23 03:53:39,42.3982887268066,-8.92120742797852,"Male"
"9004152",371985,2025-05-23 03:58:39,42.3983154296875,-8.92125797271729,"Male"
"9004152",371985,2025-05-23 04:03:39,42.3982162475586,-8.92121887207031,"Male"
"9004152",371985,2025-05-23 04:08:39,42.3983306884766,-8.92124176025391,"Male"
"9004152",371985,2025-05-23 04:13:38,42.3982276916504,-8.92132472991943,"Male"
"9004152",371985,2025-05-23 04:18:39,42.3982276916504,-8.9212818145752,"Male"
"9004152",371985,2025-05-23 04:23:39,42.3982734680176,-8.92130279541016,"Male"
"9004152",371985,2025-05-23 04:28:38,42.398250579834,-8.9212818145752,"Male"
"9004152",371985,2025-05-23 04:33:38,42.3983612060547,-8.92135429382324,"Male"
"9004152",371985,2025-05-23 04:38:39,42.3982963562012,-8.921311378479,"Male"
"9004152",371985,2025-05-23 04:43:39,42.3982086181641,-8.92126846313477,"Male"
"9004152",371985,2025-05-23 04:48:39,42.3976707458496,-8.92150783538818,"Male"
"9004152",371985,2025-05-23 04:53:39,42.3976058959961,-8.92144680023193,"Male"
"9004152",371985,2025-05-23 04:58:41,42.3976402282715,-8.92140102386475,"Male"
"9004152",371985,2025-05-23 05:03:39,42.397647857666,-8.92145729064941,"Male"
"9004152",371985,2025-05-23 05:10:02,42.3976364135742,-8.92169570922852,"Male"
"9004152",371985,2025-05-23 05:13:57,42.3976631164551,-8.9216194152832,"Male"
"9004152",371985,2025-05-23 05:20:02,42.3975601196289,-8.9215669631958,"Male"
"9004152",371985,2025-05-23 05:25:02,42.3975486755371,-8.92154502868652,"Male"
"9004152",371985,2025-05-23 05:30:02,42.397647857666,-8.92166233062744,"Male"
"9004152",371985,2025-05-23 05:33:39,42.3975868225098,-8.92195415496826,"Male"
"9004152",371985,2025-05-23 05:38:41,42.3979110717773,-8.92007350921631,"Male"
"9004152",371985,2025-05-23 05:43:49,42.3977584838867,-8.92016220092773,"Male"
"9004152",371985,2025-05-23 05:48:49,42.3978233337402,-8.9201774597168,"Male"
"9004152",371985,2025-05-23 05:53:50,42.3978233337402,-8.92023277282715,"Male"
"9004152",371985,2025-05-23 05:59:05,42.397762298584,-8.92030811309814,"Male"
"9004152",371985,2025-05-23 06:03:38,42.3977127075195,-8.92037963867188,"Male"
"9004152",371985,2025-05-23 06:08:39,42.397777557373,-8.92025089263916,"Male"
"9004152",371985,2025-05-23 06:13:38,42.3978080749512,-8.92031574249268,"Male"
"9004152",371985,2025-05-23 06:19:16,42.4011840820312,-8.90101909637451,"Male"
"9004152",371985,2025-05-23 06:24:51,42.4037742614746,-8.8982048034668,"Male"
"9004152",371985,2025-05-23 06:30:11,42.4035301208496,-8.89843273162842,"Male"
"9004152",371985,2025-05-23 06:35:37,42.4036064147949,-8.89807319641113,"Male"
"9004152",371985,2025-05-23 06:40:54,42.4116973876953,-8.89345550537109,"Male"
"9004152",371985,2025-05-23 06:45:53,42.4153366088867,-8.88734722137451,"Male"
"9004152",371985,2025-05-23 06:51:31,42.416259765625,-8.88547801971436,"Male"
"9004152",371985,2025-05-23 06:56:31,42.4207725524902,-8.88308620452881,"Male"
"9004152",371985,2025-05-23 07:02:10,42.4225463867188,-8.88510227203369,"Male"
"9004152",371985,2025-05-23 07:07:10,42.4096717834473,-8.90460205078125,"Male"
"9004152",371985,2025-05-23 07:12:10,42.3977279663086,-8.92180824279785,"Male"
"9004152",371985,2025-05-23 07:17:09,42.3979148864746,-8.92216396331787,"Male"
"9004152",371985,2025-05-23 07:22:10,42.3976631164551,-8.92149448394775,"Male"
"9004152",371985,2025-05-23 07:27:10,42.3976135253906,-8.92148685455322,"Male"
"9004152",371985,2025-05-23 07:32:11,42.3977127075195,-8.92162322998047,"Male"
"9004152",371985,2025-05-23 07:37:11,42.3976821899414,-8.92155742645264,"Male"
"9004152",371985,2025-05-23 07:42:11,42.3976287841797,-8.92159938812256,"Male"
"9004152",371985,2025-05-23 07:47:10,42.3976936340332,-8.92163944244385,"Male"
"9004152",371985,2025-05-23 07:52:10,42.3976593017578,-8.92153644561768,"Male"
"9004152",371985,2025-05-23 07:57:33,42.3976707458496,-8.9216136932373,"Male"
"9004152",371985,2025-05-23 08:02:12,42.3976135253906,-8.92134475708008,"Male"
"9004152",371985,2025-05-23 08:07:10,42.3975982666016,-8.92139625549316,"Male"
"9004152",371985,2025-05-23 08:12:37,42.3980369567871,-8.92136287689209,"Male"
"9004152",371985,2025-05-23 08:17:13,42.3976135253906,-8.92143821716309,"Male"
"9004152",371985,2025-05-23 08:22:14,42.3977432250977,-8.92141723632812,"Male"
"9004152",371985,2025-05-23 08:27:15,42.3980331420898,-8.92140483856201,"Male"
"9004152",371985,2025-05-23 08:32:10,42.3980255126953,-8.92152690887451,"Male"
"9004152",371985,2025-05-23 08:37:11,42.3978080749512,-8.9209623336792,"Male"
"9004152",371985,2025-05-23 08:42:13,42.3979949951172,-8.92117023468018,"Male"
"9004152",371985,2025-05-23 08:47:10,42.397876739502,-8.92147445678711,"Male"
"9004152",371985,2025-05-23 08:52:09,42.3981170654297,-8.92111778259277,"Male"
"9004152",371985,2025-05-23 08:57:09,42.3979415893555,-8.92120170593262,"Male"
"9004152",371985,2025-05-23 09:02:10,42.398006439209,-8.92110061645508,"Male"
"9004152",371985,2025-05-23 09:07:09,42.3979682922363,-8.92110347747803,"Male"
"9004152",371985,2025-05-23 09:12:09,42.4009017944336,-8.90166282653809,"Male"
"9004152",371985,2025-05-23 09:17:10,42.4077186584473,-8.87269592285156,"Male"
"9004152",371985,2025-05-23 09:22:11,42.407901763916,-8.8730297088623,"Male"
"9004152",371985,2025-05-23 09:27:10,42.4087715148926,-8.87351608276367,"Male"
"9004152",371985,2025-05-23 09:32:11,42.4047813415527,-8.86123561859131,"Male"
"9004152",371985,2025-05-23 09:37:09,42.4047584533691,-8.86121082305908,"Male"
"9004152",371985,2025-05-23 09:42:35,42.4043655395508,-8.86154651641846,"Male"
"9004152",371985,2025-05-23 09:47:08,42.4043884277344,-8.86144065856934,"Male"
"9004152",371985,2025-05-23 09:52:09,42.4043998718262,-8.86136341094971,"Male"
"9004152",371985,2025-05-23 09:57:08,42.4044532775879,-8.86135196685791,"Male"
"9004152",371985,2025-05-23 10:02:09,42.4044456481934,-8.86135482788086,"Male"
"9004152",371985,2025-05-23 10:07:09,42.4044494628906,-8.86132907867432,"Male"
"9004152",371985,2025-05-23 10:12:09,42.4044151306152,-8.86136627197266,"Male"
"9004152",371985,2025-05-23 10:17:09,42.4044189453125,-8.86134147644043,"Male"
"9004152",371985,2025-05-23 10:22:09,42.4043579101562,-8.86138820648193,"Male"
"9004152",371985,2025-05-23 10:27:09,42.4043731689453,-8.861328125,"Male"
"9004152",371985,2025-05-23 10:32:08,42.4043579101562,-8.86140251159668,"Male"
"9004152",371985,2025-05-23 10:37:09,42.4043579101562,-8.86137676239014,"Male"
"9004152",371985,2025-05-23 10:42:08,42.4043617248535,-8.86139392852783,"Male"
"9004152",371985,2025-05-23 10:47:08,42.404354095459,-8.86141014099121,"Male"
"9004152",371985,2025-05-23 10:52:08,42.4043426513672,-8.86137866973877,"Male"
"9004152",371985,2025-05-23 10:57:09,42.4042930603027,-8.86134052276611,"Male"
"9004152",371985,2025-05-23 11:02:09,42.4043006896973,-8.86130046844482,"Male"
"9004152",371985,2025-05-23 11:07:09,42.4043197631836,-8.86134052276611,"Male"
"9004152",371985,2025-05-23 11:12:09,42.4043159484863,-8.8613452911377,"Male"
"9004152",371985,2025-05-23 11:17:09,42.4042816162109,-8.86124992370605,"Male"
"9004152",371985,2025-05-23 11:22:11,42.4040794372559,-8.8621654510498,"Male"
"9004152",371985,2025-05-23 11:27:09,42.4037590026855,-8.8632926940918,"Male"
"9004152",371985,2025-05-23 11:33:01,42.4041633605957,-8.86424255371094,"Male"
"9004152",371985,2025-05-23 11:39:00,42.4088973999023,-8.87045669555664,"Male"
"9004152",371985,2025-05-23 11:44:18,42.4096603393555,-8.87062740325928,"Male"
"9004152",371985,2025-05-23 11:49:16,42.4099197387695,-8.87074661254883,"Male"
"9004152",371985,2025-05-23 11:54:56,42.4110794067383,-8.87150859832764,"Male"
"9004152",371985,2025-05-23 12:00:57,42.4116249084473,-8.87129497528076,"Male"
"9004152",371985,2025-05-23 12:06:31,42.411205291748,-8.8709888458252,"Male"
"9004152",371985,2025-05-23 12:11:54,42.4109306335449,-8.87047863006592,"Male"
"9004152",371985,2025-05-23 12:16:52,42.4114837646484,-8.87160110473633,"Male"
"9004152",371985,2025-05-23 12:21:53,42.4122772216797,-8.87135314941406,"Male"
"9004152",371985,2025-05-23 12:26:52,42.4135398864746,-8.87187004089355,"Male"
"9004152",371985,2025-05-23 12:31:52,42.4134101867676,-8.87169075012207,"Male"
"9004152",371985,2025-05-23 12:36:55,42.413459777832,-8.87174510955811,"Male"
"9004152",371985,2025-05-23 12:41:52,42.4135131835938,-8.87161159515381,"Male"
"9004152",371985,2025-05-23 12:46:52,42.4134788513184,-8.87158870697021,"Male"
"9004152",371985,2025-05-23 12:51:52,42.4136390686035,-8.87152671813965,"Male"
"9004152",371985,2025-05-23 12:56:52,42.4136428833008,-8.87151718139648,"Male"
"9004152",371985,2025-05-23 13:01:52,42.4135665893555,-8.87153434753418,"Male"
"9004152",371985,2025-05-23 13:06:52,42.413646697998,-8.87151432037354,"Male"
"9004152",371985,2025-05-23 13:12:14,42.4135513305664,-8.87158393859863,"Male"
"9004152",371985,2025-05-23 13:16:52,42.413631439209,-8.87162971496582,"Male"
"9004152",371985,2025-05-23 13:21:52,42.4135322570801,-8.87165927886963,"Male"
"9004152",371985,2025-05-23 13:26:52,42.4138412475586,-8.87165641784668,"Male"
"9004152",371985,2025-05-23 13:31:52,42.4136390686035,-8.87162399291992,"Male"
"9004152",371985,2025-05-23 13:36:52,42.413646697998,-8.87168407440186,"Male"
"9004152",371985,2025-05-23 13:41:52,42.4135971069336,-8.87167263031006,"Male"
"9004152",371985,2025-05-23 13:46:52,42.4136238098145,-8.87179660797119,"Male"
"9004152",371985,2025-05-23 13:51:52,42.4136505126953,-8.87166595458984,"Male"
"9004152",371985,2025-05-23 13:56:52,42.4135856628418,-8.87188911437988,"Male"
"9004152",371985,2025-05-23 14:01:52,42.4136962890625,-8.87171459197998,"Male"
"9004152",371985,2025-05-23 14:06:53,42.4137268066406,-8.87168216705322,"Male"
"9004152",371985,2025-05-23 14:11:52,42.413703918457,-8.87174129486084,"Male"
"9004152",371985,2025-05-23 14:16:53,42.4137306213379,-8.87164211273193,"Male"
"9004152",371985,2025-05-23 14:21:52,42.4137229919434,-8.87169456481934,"Male"
"9004152",371985,2025-05-23 14:26:53,42.4137229919434,-8.87167549133301,"Male"
"9004152",371985,2025-05-23 14:31:53,42.4137687683105,-8.87162590026855,"Male"
"9004152",371985,2025-05-23 14:36:54,42.413745880127,-8.87174415588379,"Male"
"9004152",371985,2025-05-23 14:41:53,42.41357421875,-8.87135982513428,"Male"
"9004152",371985,2025-05-23 14:47:00,42.4118461608887,-8.8711051940918,"Male"
"9004152",371985,2025-05-23 14:52:19,42.4114532470703,-8.8709192276001,"Male"
"9004152",371985,2025-05-23 14:57:18,42.4107894897461,-8.87035655975342,"Male"
"9004152",371985,2025-05-23 15:02:58,42.4104118347168,-8.86984252929688,"Male"
"9004152",371985,2025-05-23 15:07:56,42.410774230957,-8.87100315093994,"Male"
"9004152",371985,2025-05-23 15:13:24,42.4113998413086,-8.87071895599365,"Male"
"9004152",371985,2025-05-23 15:19:02,42.4114227294922,-8.87064743041992,"Male"
"9004152",371985,2025-05-23 15:24:31,42.4109115600586,-8.87091541290283,"Male"
"9004152",371985,2025-05-23 15:29:29,42.4102935791016,-8.87074756622314,"Male"
"9004152",371985,2025-05-23 15:34:45,42.4101219177246,-8.87000465393066,"Male"
"9004152",371985,2025-05-23 15:39:46,42.4096336364746,-8.87057399749756,"Male"
"9004152",371985,2025-05-23 15:45:16,42.4102897644043,-8.87102699279785,"Male"
"9004152",371985,2025-05-23 15:50:15,42.4111671447754,-8.8705883026123,"Male"
"9004152",371985,2025-05-23 15:55:36,42.411190032959,-8.87034797668457,"Male"
"9004152",371985,2025-05-23 16:01:08,42.4104690551758,-8.87083625793457,"Male"
"9004152",371985,2025-05-23 16:06:35,42.4094505310059,-8.87025451660156,"Male"
"9004152",371985,2025-05-23 16:11:34,42.4096984863281,-8.8705883026123,"Male"
"9004152",371985,2025-05-23 16:17:16,42.4100532531738,-8.87092113494873,"Male"
"9004152",371985,2025-05-23 16:22:15,42.4106216430664,-8.87110710144043,"Male"
"9004152",371985,2025-05-23 16:27:14,42.4088287353516,-8.88990688323975,"Male"
"9004152",371985,2025-05-23 16:32:14,42.3979148864746,-8.92036056518555,"Male"
"9004152",371985,2025-05-23 16:37:14,42.3979034423828,-8.92031288146973,"Male"
"9004152",371985,2025-05-23 16:42:14,42.3979110717773,-8.9203519821167,"Male"
"9004152",371985,2025-05-23 16:47:15,42.3979721069336,-8.92037296295166,"Male"
"9004152",371985,2025-05-23 16:52:41,42.3975830078125,-8.9213285446167,"Male"
"9004152",371985,2025-05-23 16:57:21,42.3977012634277,-8.92150211334229,"Male"
"9004152",371985,2025-05-23 17:02:16,42.3977279663086,-8.92172241210938,"Male"
"9004152",371985,2025-05-23 17:07:18,42.3975601196289,-8.92168617248535,"Male"
"9004152",371985,2025-05-23 17:12:18,42.3977851867676,-8.92148017883301,"Male"
"9004152",371985,2025-05-23 17:17:19,42.3976974487305,-8.92151546478271,"Male"
"9004152",371985,2025-05-23 17:22:40,42.3977355957031,-8.92137718200684,"Male"
"9004152",371985,2025-05-23 17:27:29,42.3978157043457,-8.92127990722656,"Male"
"9004152",371985,2025-05-23 17:32:19,42.3978385925293,-8.9212064743042,"Male"
"9004152",371985,2025-05-23 17:37:59,42.397632598877,-8.92141723632812,"Male"
"9004152",371985,2025-05-23 17:42:13,42.3977355957031,-8.92126178741455,"Male"
"9004152",371985,2025-05-23 17:47:14,42.3978462219238,-8.921142578125,"Male"
"9004152",371985,2025-05-23 17:52:16,42.3979187011719,-8.92095375061035,"Male"
"9004152",371985,2025-05-23 17:57:16,42.3978424072266,-8.92086219787598,"Male"
"9004152",371985,2025-05-23 18:02:15,42.3978004455566,-8.92121410369873,"Male"
"9004152",371985,2025-05-23 18:07:19,42.3976097106934,-8.92134475708008,"Male"
"9004152",371985,2025-05-23 18:12:15,42.3976783752441,-8.92158699035645,"Male"
"9004152",371985,2025-05-23 18:17:15,42.3972587585449,-8.92090892791748,"Male"
"9004152",371985,2025-05-23 18:22:14,42.3970146179199,-8.9207592010498,"Male"
"9004152",371985,2025-05-23 18:27:14,42.397159576416,-8.92084980010986,"Male"
"9004152",371985,2025-05-23 18:32:15,42.3970108032227,-8.92057991027832,"Male"
"9004152",371985,2025-05-23 18:37:44,42.3975028991699,-8.92106151580811,"Male"
"9004152",371985,2025-05-23 18:42:13,42.3977165222168,-8.92131805419922,"Male"
"9004152",371985,2025-05-23 18:47:25,42.3976516723633,-8.92141914367676,"Male"
"9004152",371985,2025-05-23 18:52:14,42.3976898193359,-8.92154884338379,"Male"
"9004152",371985,2025-05-23 18:57:27,42.3976783752441,-8.92138862609863,"Male"
"9004152",371985,2025-05-23 19:02:34,42.3976402282715,-8.9214038848877,"Male"
"9004152",371985,2025-05-23 19:07:14,42.3976593017578,-8.92143440246582,"Male"
"9004152",371985,2025-05-23 19:12:14,42.3976745605469,-8.92148494720459,"Male"
"9004152",371985,2025-05-23 19:18:38,42.3976707458496,-8.92151546478271,"Male"
"9004152",371985,2025-05-23 19:27:17,42.397819519043,-8.92171287536621,"Male"
"9004152",371985,2025-05-23 19:32:16,42.3978424072266,-8.92171096801758,"Male"
"9004152",371985,2025-05-23 19:37:16,42.397819519043,-8.92165756225586,"Male"
"9004152",371985,2025-05-23 19:42:15,42.397762298584,-8.92174339294434,"Male"
"9004152",371985,2025-05-23 19:47:14,42.3977699279785,-8.92173957824707,"Male"
"9004152",371985,2025-05-23 19:52:15,42.3978309631348,-8.92179584503174,"Male"
"9004152",371985,2025-05-23 19:57:14,42.3978157043457,-8.92181873321533,"Male"
"9004152",371985,2025-05-23 20:02:14,42.3978462219238,-8.92172718048096,"Male"
"9004152",371985,2025-05-23 20:07:14,42.3978080749512,-8.92170143127441,"Male"
"9004152",371985,2025-05-23 20:12:15,42.3978157043457,-8.92184925079346,"Male"
"9004152",371985,2025-05-23 20:17:14,42.3978080749512,-8.92166423797607,"Male"
"9004152",371985,2025-05-23 20:22:14,42.3984146118164,-8.92144680023193,"Male"
"9004152",371985,2025-05-23 20:27:35,42.3983764648438,-8.92147254943848,"Male"
"9004152",371985,2025-05-23 20:32:14,42.3983154296875,-8.92146682739258,"Male"
"9004152",371985,2025-05-23 20:37:15,42.3983306884766,-8.9214038848877,"Male"
"9004152",371985,2025-05-23 20:42:14,42.3983268737793,-8.92128753662109,"Male"
"9004152",371985,2025-05-23 20:47:14,42.398323059082,-8.92141056060791,"Male"
"9004152",371985,2025-05-23 20:52:14,42.3982734680176,-8.92133045196533,"Male"
"9004152",371985,2025-05-23 20:57:14,42.3982772827148,-8.92138671875,"Male"
"9004152",371985,2025-05-23 21:02:14,42.3982162475586,-8.92122840881348,"Male"
"9004152",371985,2025-05-23 21:07:14,42.3982772827148,-8.9214038848877,"Male"
"9004152",371985,2025-05-23 21:12:14,42.3981742858887,-8.92111396789551,"Male"
"9004152",371985,2025-05-23 21:17:22,42.3983459472656,-8.92163944244385,"Male"
"9004152",371985,2025-05-23 21:22:14,42.3983879089355,-8.92169189453125,"Male"
"9004152",371985,2025-05-23 21:27:15,42.3984527587891,-8.92170715332031,"Male"
"9004152",371985,2025-05-23 21:32:35,42.3982467651367,-8.92132186889648,"Male"
"9004152",371985,2025-05-23 21:37:13,42.3982276916504,-8.92136001586914,"Male"
"9004152",371985,2025-05-23 21:42:13,42.3982925415039,-8.921311378479,"Male"
"9004152",371985,2025-05-23 21:47:14,42.3981971740723,-8.92137241363525,"Male"
"9004152",371985,2025-05-23 21:52:14,42.3982048034668,-8.92142105102539,"Male"
"9004152",371985,2025-05-23 21:57:13,42.398120880127,-8.92135810852051,"Male"
"9004152",371985,2025-05-23 22:02:14,42.3982276916504,-8.92132663726807,"Male"
"9004152",371985,2025-05-23 22:07:15,42.3983459472656,-8.92150592803955,"Male"
"9004152",371985,2025-05-23 22:12:15,42.3982276916504,-8.92131423950195,"Male"
"9004152",371985,2025-05-23 22:17:15,42.398250579834,-8.92138957977295,"Male"
"9004152",371985,2025-05-23 22:22:14,42.3982849121094,-8.92137241363525,"Male"
"9004152",371985,2025-05-23 22:27:14,42.398265838623,-8.92132949829102,"Male"
"9004152",371985,2025-05-23 22:32:14,42.3982963562012,-8.92142391204834,"Male"
"9004152",371985,2025-05-23 22:37:14,42.3983116149902,-8.92144775390625,"Male"
"9004152",371985,2025-05-23 22:42:14,42.3982200622559,-8.92146492004395,"Male"
"9004152",371985,2025-05-23 22:47:14,42.3983154296875,-8.92145919799805,"Male"
"9004152",371985,2025-05-23 22:52:15,42.3980102539062,-8.92158126831055,"Male"
"9004152",371985,2025-05-23 22:57:14,42.3982582092285,-8.92142009735107,"Male"
"9004152",371985,2025-05-23 23:02:14,42.3982276916504,-8.92135906219482,"Male"
"9004152",371985,2025-05-23 23:07:14,42.3983993530273,-8.92158508300781,"Male"
"9004152",371985,2025-05-23 23:12:14,42.398136138916,-8.92129993438721,"Male"
"9004152",371985,2025-05-23 23:17:15,42.398193359375,-8.92154884338379,"Male"
"9004152",371985,2025-05-23 23:22:14,42.3978881835938,-8.92126655578613,"Male"
"9004152",371985,2025-05-23 23:27:14,42.3982429504395,-8.9213809967041,"Male"
"9004152",371985,2025-05-23 23:32:14,42.3982887268066,-8.92137145996094,"Male"
"9004152",371985,2025-05-23 23:37:22,42.3982429504395,-8.92138195037842,"Male"
"9004152",371985,2025-05-23 23:42:35,42.398250579834,-8.92139434814453,"Male"
"9004152",371985,2025-05-23 23:47:15,42.3982810974121,-8.92136478424072,"Male"
"9004152",371985,2025-05-23 23:52:14,42.3982963562012,-8.92138576507568,"Male"
"9004152",371985,2025-05-23 23:57:14,42.3983116149902,-8.92144680023193,"Male"
"9004152",371985,2025-05-24 00:02:14,42.3983306884766,-8.9214038848877,"Male"
"9004152",371985,2025-05-24 00:07:14,42.3982772827148,-8.92140865325928,"Male"
"9004152",371985,2025-05-24 00:12:14,42.3982772827148,-8.92141819000244,"Male"
"9004152",371985,2025-05-24 00:17:14,42.398250579834,-8.92139625549316,"Male"
"9004152",371985,2025-05-24 00:22:14,42.3983268737793,-8.92133712768555,"Male"
"9004152",371985,2025-05-24 00:27:14,42.398250579834,-8.92133712768555,"Male"
"9004152",371985,2025-05-24 00:32:14,42.3982772827148,-8.92130088806152,"Male"
"9004152",371985,2025-05-24 00:37:14,42.3983001708984,-8.9212760925293,"Male"
"9004152",371985,2025-05-24 00:42:14,42.3983345031738,-8.92126083374023,"Male"
"9004152",371985,2025-05-24 00:47:14,42.3983116149902,-8.92124843597412,"Male"
"9004152",371985,2025-05-24 00:52:14,42.3983383178711,-8.92126750946045,"Male"
"9004152",371985,2025-05-24 00:57:14,42.3983154296875,-8.92123317718506,"Male"
"9004152",371985,2025-05-24 01:02:14,42.3983955383301,-8.92127990722656,"Male"
"9004152",371985,2025-05-24 01:07:14,42.3983345031738,-8.92118549346924,"Male"
"9004152",371985,2025-05-24 01:12:14,42.3983917236328,-8.92112350463867,"Male"
"9004152",371985,2025-05-24 01:17:14,42.3982810974121,-8.92107772827148,"Male"
"9004152",371985,2025-05-24 01:22:14,42.3983840942383,-8.92111682891846,"Male"
"9004152",371985,2025-05-24 01:27:14,42.3984222412109,-8.92118835449219,"Male"
"9004152",371985,2025-05-24 01:32:14,42.3983192443848,-8.92107677459717,"Male"
"9004152",371985,2025-05-24 01:37:14,42.3983688354492,-8.92114448547363,"Male"
"9004152",371985,2025-05-24 01:42:14,42.3983688354492,-8.92114353179932,"Male"
"9004152",371985,2025-05-24 01:47:14,42.3984527587891,-8.92119407653809,"Male"
"9004152",371985,2025-05-24 01:52:15,42.398323059082,-8.92145824432373,"Male"
"9004152",371985,2025-05-24 01:57:16,42.3984260559082,-8.92212772369385,"Male"
"9004152",371985,2025-05-24 02:02:14,42.3984870910645,-8.92208862304688,"Male"
"9004152",371985,2025-05-24 02:07:14,42.3983955383301,-8.92157745361328,"Male"
"9004152",371985,2025-05-24 02:12:15,42.3983917236328,-8.92158985137939,"Male"
"9004152",371985,2025-05-24 02:17:24,42.3983497619629,-8.92151165008545,"Male"
"9004152",371985,2025-05-24 02:22:14,42.3985137939453,-8.92191696166992,"Male"
"9004152",371985,2025-05-24 02:27:14,42.3985481262207,-8.92183399200439,"Male"
"9004152",371985,2025-05-24 02:32:15,42.3984680175781,-8.92171669006348,"Male"
"9004152",371985,2025-05-24 02:37:14,42.3985595703125,-8.92183685302734,"Male"
"9004152",371985,2025-05-24 02:42:15,42.3985061645508,-8.92177867889404,"Male"
"9004152",371985,2025-05-24 02:47:15,42.3985366821289,-8.92172241210938,"Male"
"9004152",371985,2025-05-24 02:52:14,42.3985595703125,-8.92182159423828,"Male"
"9004152",371985,2025-05-24 02:57:16,42.3984756469727,-8.92171573638916,"Male"
"9004152",371985,2025-05-24 03:02:16,42.3985252380371,-8.92173862457275,"Male"
"9004152",371985,2025-05-24 03:07:16,42.3985252380371,-8.92195701599121,"Male"
"9004152",371985,2025-05-24 03:12:14,42.398551940918,-8.9215202331543,"Male"
"9004152",371985,2025-05-24 03:17:15,42.3985290527344,-8.92145252227783,"Male"
"9004152",371985,2025-05-24 03:22:15,42.3985939025879,-8.92152118682861,"Male"
"9004152",371985,2025-05-24 03:27:14,42.3985900878906,-8.92149829864502,"Male"
"9004152",371985,2025-05-24 03:32:15,42.398567199707,-8.92163372039795,"Male"
"9004152",371985,2025-05-24 03:37:15,42.398609161377,-8.92165660858154,"Male"
"9004152",371985,2025-05-24 03:42:15,42.3985633850098,-8.92162227630615,"Male"
"9004152",371985,2025-05-24 03:47:15,42.3985481262207,-8.92175674438477,"Male"
"9004152",371985,2025-05-24 03:52:14,42.3984375,-8.92180728912354,"Male"
"9004152",371985,2025-05-24 03:57:15,42.3984260559082,-8.92165756225586,"Male"
"9004152",371985,2025-05-24 04:02:15,42.3984756469727,-8.92177104949951,"Male"
"9004152",371985,2025-05-24 04:07:14,42.3984909057617,-8.92171382904053,"Male"
"9004152",371985,2025-05-24 04:12:14,42.3984718322754,-8.92175483703613,"Male"
"9004152",371985,2025-05-24 04:17:14,42.3984375,-8.92167663574219,"Male"
"9004152",371985,2025-05-24 04:22:14,42.3984756469727,-8.92161750793457,"Male"
"9004152",371985,2025-05-24 04:27:14,42.3984680175781,-8.92164516448975,"Male"
"9004152",371985,2025-05-24 04:32:14,42.398509979248,-8.92165946960449,"Male"
"9004152",371985,2025-05-24 04:37:14,42.3984527587891,-8.92164325714111,"Male"
"9004152",371985,2025-05-24 04:42:14,42.3984413146973,-8.92179298400879,"Male"
"9004152",371985,2025-05-24 04:47:14,42.3983764648438,-8.92178630828857,"Male"
"9004152",371985,2025-05-24 04:52:14,42.3984298706055,-8.92175006866455,"Male"
"9004152",371985,2025-05-24 04:57:45,42.3974723815918,-8.92177867889404,"Male"
"9004152",371985,2025-05-24 05:02:16,42.3974838256836,-8.92193508148193,"Male"
"9004152",371985,2025-05-24 05:07:15,42.3976669311523,-8.92209053039551,"Male"
"9004152",371985,2025-05-24 05:12:16,42.3976631164551,-8.92223167419434,"Male"
"9004152",371985,2025-05-24 05:17:24,42.3979415893555,-8.92171764373779,"Male"
"9004152",371985,2025-05-24 05:22:15,42.3972702026367,-8.92237758636475,"Male"
"9004152",371985,2025-05-24 05:27:15,42.3982200622559,-8.92156219482422,"Male"
"9004152",371985,2025-05-24 05:32:14,42.3972320556641,-8.92080974578857,"Male"
"9004152",371985,2025-05-24 05:37:16,42.3972587585449,-8.91977882385254,"Male"
"9004152",371985,2025-05-24 05:42:17,42.3979721069336,-8.92088413238525,"Male"
"9004152",371985,2025-05-24 05:47:14,42.3991050720215,-8.91010093688965,"Male"
"9004152",371985,2025-05-24 05:52:15,42.4047775268555,-8.89890193939209,"Male"
"9004152",371985,2025-05-24 05:57:14,42.4081344604492,-8.89487648010254,"Male"
"9004152",371985,2025-05-24 06:02:23,42.4122276306152,-8.88796043395996,"Male"
"9004152",371985,2025-05-24 06:07:23,42.4140129089355,-8.88495349884033,"Male"
"9004152",371985,2025-05-24 06:12:22,42.4098434448242,-8.87557411193848,"Male"
"9004152",371985,2025-05-24 06:18:19,42.4089736938477,-8.87223625183105,"Male"
"9004152",371985,2025-05-24 06:23:48,42.4096641540527,-8.87177467346191,"Male"
"9004152",371985,2025-05-24 06:28:51,42.4108047485352,-8.87183094024658,"Male"
"9004152",371985,2025-05-24 06:33:53,42.4114189147949,-8.87274646759033,"Male"
"9004152",371985,2025-05-24 06:39:19,42.4108848571777,-8.8715181350708,"Male"
"9004152",371985,2025-05-24 06:44:47,42.4097366333008,-8.87108707427979,"Male"
"9004152",371985,2025-05-24 06:49:57,42.4098434448242,-8.87092113494873,"Male"
"9004152",371985,2025-05-24 06:55:00,42.4097061157227,-8.87196254730225,"Male"
"9004152",371985,2025-05-24 07:00:20,42.4106483459473,-8.87398147583008,"Male"
"9004152",371985,2025-05-24 07:05:39,42.4109497070312,-8.87343311309814,"Male"
"9004152",371985,2025-05-24 07:11:09,42.4115676879883,-8.87213802337646,"Male"
"9004152",371985,2025-05-24 07:16:33,42.4116439819336,-8.87233066558838,"Male"
"9004152",371985,2025-05-24 07:21:47,42.4108009338379,-8.87215423583984,"Male"
"9004152",371985,2025-05-24 07:27:04,42.4109497070312,-8.87169361114502,"Male"
"9004152",371985,2025-05-24 07:32:30,42.4114532470703,-8.87120819091797,"Male"
"9004152",371985,2025-05-24 07:37:28,42.4109802246094,-8.87035846710205,"Male"
"9004152",371985,2025-05-24 07:42:52,42.4110946655273,-8.87074756622314,"Male"
"9004152",371985,2025-05-24 07:48:54,42.4118995666504,-8.87146091461182,"Male"
"9004152",371985,2025-05-24 07:54:22,42.411205291748,-8.87375354766846,"Male"
"9004152",371985,2025-05-24 07:59:30,42.4101257324219,-8.87448978424072,"Male"
"9004152",371985,2025-05-24 08:04:40,42.4091873168945,-8.87432670593262,"Male"
"9004152",371985,2025-05-24 08:10:09,42.4091453552246,-8.87246131896973,"Male"
"9004152",371985,2025-05-24 08:15:26,42.4096870422363,-8.87033843994141,"Male"
"9004152",371985,2025-05-24 08:20:34,42.4096183776855,-8.86961650848389,"Male"
"9004152",371985,2025-05-24 08:25:42,42.4106750488281,-8.87098979949951,"Male"
"9004152",371985,2025-05-24 08:30:34,42.4111557006836,-8.87090396881104,"Male"
"9004152",371985,2025-05-24 08:35:36,42.4119911193848,-8.87111282348633,"Male"
"9004152",371985,2025-05-24 08:40:38,42.4122009277344,-8.87114238739014,"Male"
"9004152",371985,2025-05-24 08:45:44,42.412956237793,-8.87056636810303,"Male"
"9004152",371985,2025-05-24 08:50:36,42.4049072265625,-8.86240005493164,"Male"
"9004152",371985,2025-05-24 08:55:40,42.4046859741211,-8.86096477508545,"Male"
"9004152",371985,2025-05-24 09:00:37,42.4048194885254,-8.86119937896729,"Male"
"9004152",371985,2025-05-24 09:05:36,42.4045715332031,-8.8611478805542,"Male"
"9004152",371985,2025-05-24 09:10:36,42.4047241210938,-8.86095142364502,"Male"
"9004152",371985,2025-05-24 09:15:37,42.4047660827637,-8.86110210418701,"Male"
"9004152",371985,2025-05-24 09:20:37,42.4047164916992,-8.86109733581543,"Male"
"9004152",371985,2025-05-24 09:25:36,42.4047317504883,-8.86115455627441,"Male"
"9004152",371985,2025-05-24 09:30:39,42.4049835205078,-8.86151218414307,"Male"
"9004152",371985,2025-05-24 09:36:30,42.4057235717773,-8.8627233505249,"Male"
"9004152",371985,2025-05-24 09:46:25,42.4069213867188,-8.86391162872314,"Male"
"9004152",371985,2025-05-24 09:51:26,42.4069557189941,-8.86510562896729,"Male"
"9004152",371985,2025-05-24 09:56:38,42.4058685302734,-8.86429977416992,"Male"
"9004152",371985,2025-05-24 10:02:13,42.4045143127441,-8.86397552490234,"Male"
"9004152",371985,2025-05-24 10:07:19,42.403450012207,-8.86427783966064,"Male"
"9004152",371985,2025-05-24 10:12:27,42.3984527587891,-8.859206199646,"Male"
"9004152",371985,2025-05-24 10:18:02,42.3977737426758,-8.85983085632324,"Male"
"9004152",371985,2025-05-24 10:23:14,42.3973350524902,-8.85855197906494,"Male"
"9004152",371985,2025-05-24 10:28:35,42.3986663818359,-8.85889911651611,"Male"
"9004152",371985,2025-05-24 10:33:09,42.3986930847168,-8.8588981628418,"Male"
"9004152",371985,2025-05-24 10:38:09,42.3986358642578,-8.85888481140137,"Male"
"9004152",371985,2025-05-24 10:43:09,42.398609161377,-8.85878944396973,"Male"
"9004152",371985,2025-05-24 10:48:08,42.3987007141113,-8.85897350311279,"Male"
"9004152",371985,2025-05-24 10:53:08,42.3986625671387,-8.85891914367676,"Male"
"9004152",371985,2025-05-24 10:58:07,42.3986167907715,-8.8588752746582,"Male"
"9004152",371985,2025-05-24 11:03:08,42.3987083435059,-8.85891628265381,"Male"
"9004152",371985,2025-05-24 11:08:08,42.3985252380371,-8.85887622833252,"Male"
"9004152",371985,2025-05-24 11:13:07,42.3985786437988,-8.85892391204834,"Male"
"9004152",371985,2025-05-24 11:18:08,42.3985404968262,-8.85892581939697,"Male"
"9004152",371985,2025-05-24 11:23:08,42.3985939025879,-8.8589506149292,"Male"
"9004152",371985,2025-05-24 11:28:09,42.3988609313965,-8.85891342163086,"Male"
"9004152",371985,2025-05-24 11:33:15,42.397575378418,-8.85999870300293,"Male"
"9004152",371985,2025-05-24 11:38:39,42.396785736084,-8.85922145843506,"Male"
"9004152",371985,2025-05-24 11:43:33,42.3967170715332,-8.8601655960083,"Male"
"9004152",371985,2025-05-24 11:49:00,42.3977661132812,-8.86054515838623,"Male"
"9004152",371985,2025-05-24 11:54:54,42.3958549499512,-8.86019325256348,"Male"
"9004152",371985,2025-05-24 11:59:58,42.3962173461914,-8.86008548736572,"Male"
"9004152",371985,2025-05-24 12:07:53,42.3955268859863,-8.85952568054199,"Male"
"9004152",371985,2025-05-24 12:14:47,42.3977699279785,-8.86022567749023,"Male"
"9004152",371985,2025-05-24 12:20:01,42.3981170654297,-8.86068153381348,"Male"
"9004152",371985,2025-05-24 12:25:22,42.3972015380859,-8.85996532440186,"Male"
"9004152",371985,2025-05-24 12:30:18,42.3962783813477,-8.85905456542969,"Male"
"9004152",371985,2025-05-24 12:35:19,42.3959808349609,-8.8589038848877,"Male"
"9004152",371985,2025-05-24 12:40:20,42.3961448669434,-8.85682582855225,"Male"
"9004152",371985,2025-05-24 12:45:21,42.3974571228027,-8.85750102996826,"Male"
"9004152",371985,2025-05-24 12:50:22,42.3984718322754,-8.85829162597656,"Male"
"9004152",371985,2025-05-24 12:56:05,42.3985748291016,-8.85830497741699,"Male"
"9004152",371985,2025-05-24 13:00:18,42.3986625671387,-8.85792350769043,"Male"
"9004152",371985,2025-05-24 13:05:18,42.3985595703125,-8.85790061950684,"Male"
"9004152",371985,2025-05-24 13:10:18,42.398567199707,-8.85817241668701,"Male"
"9004152",371985,2025-05-24 13:15:19,42.3985557556152,-8.85811996459961,"Male"
"9004152",371985,2025-05-24 13:20:18,42.3985900878906,-8.85809230804443,"Male"
"9004152",371985,2025-05-24 13:25:20,42.3985214233398,-8.85815715789795,"Male"
"9004152",371985,2025-05-24 13:30:18,42.398567199707,-8.85808086395264,"Male"
"9004152",371985,2025-05-24 13:35:18,42.3985481262207,-8.85809421539307,"Male"
"9004152",371985,2025-05-24 13:40:18,42.3986015319824,-8.85808086395264,"Male"
"9004152",371985,2025-05-24 13:45:19,42.3985748291016,-8.85805892944336,"Male"
"9004152",371985,2025-05-24 13:50:19,42.3986320495605,-8.85804271697998,"Male"
"9004152",371985,2025-05-24 13:55:19,42.3984870910645,-8.85813903808594,"Male"
"9004152",371985,2025-05-24 14:00:19,42.3985290527344,-8.85813808441162,"Male"
"9004152",371985,2025-05-24 14:05:19,42.3986511230469,-8.85803985595703,"Male"
"9004152",371985,2025-05-24 14:10:19,42.3986587524414,-8.85808181762695,"Male"
"9004152",371985,2025-05-24 14:15:19,42.3986282348633,-8.85809707641602,"Male"
"9004152",371985,2025-05-24 14:20:41,42.3976020812988,-8.85914039611816,"Male"
"9004152",371985,2025-05-24 14:26:22,42.396656036377,-8.85806274414062,"Male"
"9004152",371985,2025-05-24 14:31:44,42.3971366882324,-8.85885810852051,"Male"
"9004152",371985,2025-05-24 14:36:55,42.3964080810547,-8.85841846466064,"Male"
"9004152",371985,2025-05-24 14:42:14,42.3955917358398,-8.85763549804688,"Male"
"9004152",371985,2025-05-24 14:47:38,42.3947525024414,-8.85603427886963,"Male"
"9004152",371985,2025-05-24 14:52:34,42.3946762084961,-8.85613632202148,"Male"
"9004152",371985,2025-05-24 14:57:34,42.3948860168457,-8.85678291320801,"Male"
"9004152",371985,2025-05-24 15:02:34,42.3965301513672,-8.8771915435791,"Male"
"9004152",371985,2025-05-24 15:07:34,42.3979415893555,-8.91894721984863,"Male"
"9004152",371985,2025-05-24 15:12:34,42.3977317810059,-8.92014980316162,"Male"
"9004152",371985,2025-05-24 15:17:36,42.3977394104004,-8.92018508911133,"Male"
"9004152",371985,2025-05-24 15:22:34,42.3977317810059,-8.92015647888184,"Male"
"9004152",371985,2025-05-24 15:27:34,42.3978691101074,-8.9202184677124,"Male"
"9004152",371985,2025-05-24 15:32:34,42.3978462219238,-8.92022895812988,"Male"
"9004152",371985,2025-05-24 15:37:34,42.3978118896484,-8.92018222808838,"Male"
"9004152",371985,2025-05-24 15:42:34,42.3980026245117,-8.91948890686035,"Male"
"9004152",371985,2025-05-24 15:47:40,42.398021697998,-8.92055416107178,"Male"
"9004152",371985,2025-05-24 15:52:34,42.3976249694824,-8.92154598236084,"Male"
"9004152",371985,2025-05-24 15:57:34,42.3976593017578,-8.92159938812256,"Male"
"9004152",371985,2025-05-24 16:02:34,42.3976593017578,-8.92155742645264,"Male"
"9004152",371985,2025-05-24 16:07:34,42.3977470397949,-8.92160892486572,"Male"
"9004152",371985,2025-05-24 16:12:34,42.397705078125,-8.92152786254883,"Male"
"9004152",371985,2025-05-24 16:17:34,42.397632598877,-8.92150115966797,"Male"
"9004152",371985,2025-05-24 16:22:34,42.3973846435547,-8.92156982421875,"Male"
"9004152",371985,2025-05-24 16:27:34,42.3976097106934,-8.92146396636963,"Male"
"9004152",371985,2025-05-24 16:32:36,42.3975563049316,-8.92146778106689,"Male"
"9004152",371985,2025-05-24 16:37:34,42.3975715637207,-8.92149829864502,"Male"
"9004152",371985,2025-05-24 16:42:34,42.3975448608398,-8.92143726348877,"Male"
"9004152",371985,2025-05-24 16:47:34,42.3974990844727,-8.9213342666626,"Male"
"9004152",371985,2025-05-24 16:52:38,42.397518157959,-8.92137432098389,"Male"
"9004152",371985,2025-05-24 16:57:41,42.3974838256836,-8.92130947113037,"Male"
"9004152",371985,2025-05-24 17:02:54,42.3976974487305,-8.92148685455322,"Male"
"9004152",371985,2025-05-24 17:07:40,42.3977203369141,-8.92146968841553,"Male"
"9004152",371985,2025-05-24 17:12:39,42.3977279663086,-8.9210262298584,"Male"
"9004152",371985,2025-05-24 17:17:40,42.3978271484375,-8.92124557495117,"Male"
"9004152",371985,2025-05-24 17:22:42,42.3976402282715,-8.9211311340332,"Male"
"9004152",371985,2025-05-24 17:27:39,42.3971557617188,-8.92088317871094,"Male"
"9004152",371985,2025-05-24 17:32:40,42.3973197937012,-8.9213228225708,"Male"
"9004152",371985,2025-05-24 17:37:40,42.397533416748,-8.92117214202881,"Male"
"9004152",371985,2025-05-24 17:42:49,42.3975601196289,-8.92060947418213,"Male"
"9004152",371985,2025-05-24 17:47:41,42.3974418640137,-8.92045211791992,"Male"
"9004152",371985,2025-05-24 17:52:40,42.3974609375,-8.92097568511963,"Male"
"9004152",371985,2025-05-24 17:57:40,42.3974800109863,-8.92082786560059,"Male"
"9004152",371985,2025-05-24 18:02:40,42.3975601196289,-8.92144680023193,"Male"
"9004152",371985,2025-05-24 18:07:43,42.397289276123,-8.9203634262085,"Male"
"9004152",371985,2025-05-24 18:12:41,42.3973197937012,-8.92008209228516,"Male"
"9004152",371985,2025-05-24 18:17:45,42.3975105285645,-8.92107772827148,"Male"
"9004152",371985,2025-05-24 18:23:05,42.3976364135742,-8.92135429382324,"Male"
"9004152",371985,2025-05-24 18:27:39,42.3976287841797,-8.92139625549316,"Male"
"9004152",371985,2025-05-24 18:32:34,42.3976936340332,-8.9213752746582,"Male"
"9004152",371985,2025-05-24 18:37:34,42.3976173400879,-8.92133712768555,"Male"
"9004152",371985,2025-05-24 18:42:37,42.3976707458496,-8.92138957977295,"Male"
"9004152",371985,2025-05-24 18:47:39,42.3976402282715,-8.92137718200684,"Male"
"9004152",371985,2025-05-24 18:52:48,42.3976516723633,-8.92131614685059,"Male"
"9004152",371985,2025-05-24 18:57:39,42.3976936340332,-8.92142963409424,"Male"
"9004152",371985,2025-05-24 19:02:43,42.3976364135742,-8.92138385772705,"Male"
"9004152",371985,2025-05-24 19:07:39,42.3975296020508,-8.92126369476318,"Male"
"9004152",371985,2025-05-24 19:12:39,42.3974113464355,-8.92116165161133,"Male"
"9004152",371985,2025-05-24 19:17:39,42.3975601196289,-8.92134284973145,"Male"
"9004152",371985,2025-05-24 19:22:39,42.3978881835938,-8.92176532745361,"Male"
"9004152",371985,2025-05-24 19:27:39,42.3977813720703,-8.92161846160889,"Male"
"9004152",371985,2025-05-24 19:32:43,42.3976173400879,-8.92143440246582,"Male"
"9004152",371985,2025-05-24 19:37:34,42.3976669311523,-8.92174625396729,"Male"
"9004152",371985,2025-05-24 19:42:38,42.3976287841797,-8.92139053344727,"Male"
"9004152",371985,2025-05-24 19:47:34,42.3975601196289,-8.92130661010742,"Male"
"9004152",371985,2025-05-24 19:52:36,42.3975982666016,-8.92141914367676,"Male"
"9004152",371985,2025-05-24 19:57:38,42.3974761962891,-8.92110443115234,"Male"
"9004152",371985,2025-05-24 20:02:37,42.3975105285645,-8.92110061645508,"Male"
"9004152",371985,2025-05-24 20:07:37,42.3976516723633,-8.92153739929199,"Male"
"9004152",371985,2025-05-24 20:12:37,42.3975944519043,-8.92161464691162,"Male"
"9004152",371985,2025-05-24 20:17:37,42.3977508544922,-8.9216947555542,"Male"
"9004152",371985,2025-05-24 20:22:36,42.3976631164551,-8.92154502868652,"Male"
"9004152",371985,2025-05-24 20:27:37,42.3977012634277,-8.92168617248535,"Male"
"9004152",371985,2025-05-24 20:33:05,42.3976287841797,-8.92138957977295,"Male"
"9004152",371985,2025-05-24 20:37:37,42.3975868225098,-8.92133140563965,"Male"
"9004152",371985,2025-05-24 20:42:34,42.3977127075195,-8.92141628265381,"Male"
"9004152",371985,2025-05-24 20:47:37,42.3975982666016,-8.92139053344727,"Male"
"9004152",371985,2025-05-24 20:52:37,42.3976707458496,-8.92148017883301,"Male"
"9004152",371985,2025-05-24 20:57:34,42.397647857666,-8.9214448928833,"Male"
"9004152",371985,2025-05-24 21:02:36,42.397647857666,-8.92141819000244,"Male"
"9004152",371985,2025-05-24 21:07:37,42.3976440429688,-8.92142581939697,"Male"
"9004152",371985,2025-05-24 21:12:40,42.3976287841797,-8.92142677307129,"Male"
"9004152",371985,2025-05-24 21:17:39,42.3976821899414,-8.92142009735107,"Male"
"9004152",371985,2025-05-24 21:22:40,42.3976249694824,-8.92148303985596,"Male"
"9004152",371985,2025-05-24 21:27:50,42.3976173400879,-8.92141246795654,"Male"
"9004152",371985,2025-05-24 21:33:05,42.3976669311523,-8.92146587371826,"Male"
"9004152",371985,2025-05-24 21:37:39,42.3976745605469,-8.92152881622314,"Male"
"9004152",371985,2025-05-24 21:42:37,42.3976020812988,-8.92147064208984,"Male"
"9004152",371985,2025-05-24 21:48:35,42.3976211547852,-8.92145538330078,"Male"
"9004152",371985,2025-05-24 21:52:34,42.397632598877,-8.92151546478271,"Male"
"9004152",371985,2025-05-24 21:57:33,42.3976974487305,-8.92140674591064,"Male"
"9004152",371985,2025-05-24 22:02:33,42.3977012634277,-8.92168045043945,"Male"
"9004152",371985,2025-05-24 22:07:33,42.3976402282715,-8.92157077789307,"Male"
"9004152",371985,2025-05-24 22:12:33,42.3976135253906,-8.92152976989746,"Male"
"9004152",371985,2025-05-24 22:17:33,42.3976745605469,-8.92154884338379,"Male"
"9004152",371985,2025-05-24 22:22:33,42.3976516723633,-8.92154407501221,"Male"
"9004152",371985,2025-05-24 22:27:43,42.3976249694824,-8.92150211334229,"Male"
"9004152",371985,2025-05-24 22:32:34,42.3976135253906,-8.92143630981445,"Male"
"9004152",371985,2025-05-24 22:37:44,42.3976554870605,-8.92149639129639,"Male"
"9004152",371985,2025-05-24 22:43:00,42.397647857666,-8.92150115966797,"Male"
"9004152",371985,2025-05-24 22:48:05,42.3976402282715,-8.92150402069092,"Male"
"9004152",371985,2025-05-24 22:52:36,42.3976707458496,-8.9215145111084,"Male"
"9004152",371985,2025-05-24 22:57:33,42.397705078125,-8.92156791687012,"Male"
"9004152",371985,2025-05-24 23:02:37,42.3976593017578,-8.92146873474121,"Male"
"9004152",371985,2025-05-24 23:07:43,42.3976249694824,-8.92148303985596,"Male"
"9004152",371985,2025-05-24 23:12:36,42.3976287841797,-8.92148780822754,"Male"
"9004152",371985,2025-05-24 23:17:37,42.3976593017578,-8.92150402069092,"Male"
"9004152",371985,2025-05-24 23:22:34,42.397590637207,-8.92135047912598,"Male"
"9004152",371985,2025-05-24 23:27:36,42.397632598877,-8.92169284820557,"Male"
"9004152",371985,2025-05-24 23:32:34,42.3977699279785,-8.92200756072998,"Male"
"9004152",371985,2025-05-24 23:37:35,42.397834777832,-8.92197513580322,"Male"
"9004152",371985,2025-05-24 23:42:34,42.397632598877,-8.9214973449707,"Male"
"9004152",371985,2025-05-24 23:47:34,42.3976554870605,-8.92165088653564,"Male"
"9004152",371985,2025-05-24 23:52:44,42.3976631164551,-8.92154979705811,"Male"
"9004152",371985,2025-05-24 23:57:34,42.3976516723633,-8.92161273956299,"Male"
"9004152",371985,2025-05-25 00:02:37,42.3976554870605,-8.92148685455322,"Male"
"9004152",371985,2025-05-25 00:07:36,42.3976249694824,-8.92149066925049,"Male"
"9004152",371985,2025-05-25 00:12:37,42.3976554870605,-8.92125511169434,"Male"
"9004152",371985,2025-05-25 00:17:38,42.3976745605469,-8.92192268371582,"Male"
"9004152",371985,2025-05-25 00:22:40,42.3976898193359,-8.92197322845459,"Male"
"9004152",371985,2025-05-25 00:27:40,42.3976669311523,-8.92145729064941,"Male"
"9004152",371985,2025-05-25 00:32:39,42.3976440429688,-8.92143726348877,"Male"
"9004152",371985,2025-05-25 00:37:40,42.3976364135742,-8.92133712768555,"Male"
"9004152",371985,2025-05-25 00:42:44,42.3976554870605,-8.9213695526123,"Male"
"9004152",371985,2025-05-25 00:47:37,42.397590637207,-8.92150115966797,"Male"
"9004152",371985,2025-05-25 00:52:34,42.3976783752441,-8.92168712615967,"Male"
"9004152",371985,2025-05-25 00:57:39,42.3977165222168,-8.9211483001709,"Male"
"9004152",371985,2025-05-25 01:02:39,42.3976707458496,-8.92166423797607,"Male"
"9004152",371985,2025-05-25 01:07:39,42.3976783752441,-8.92103481292725,"Male"
"9004152",371985,2025-05-25 01:12:39,42.3976974487305,-8.9210376739502,"Male"
"9004152",371985,2025-05-25 01:17:39,42.3976669311523,-8.92078399658203,"Male"
"9004152",371985,2025-05-25 01:22:44,42.3976058959961,-8.92139053344727,"Male"
"9004152",371985,2025-05-25 01:27:39,42.3975296020508,-8.92102527618408,"Male"
"9004152",371985,2025-05-25 01:32:39,42.3975944519043,-8.9215030670166,"Male"
"9004152",371985,2025-05-25 01:37:39,42.3976058959961,-8.92166996002197,"Male"
"9004152",371985,2025-05-25 01:42:43,42.3976287841797,-8.92164897918701,"Male"
"9004152",371985,2025-05-25 01:47:37,42.3975944519043,-8.92154216766357,"Male"
"9004152",371985,2025-05-25 01:52:37,42.3976211547852,-8.92195987701416,"Male"
"9004152",371985,2025-05-25 01:57:34,42.3976364135742,-8.92163467407227,"Male"
"9004152",371985,2025-05-25 02:02:38,42.3975791931152,-8.92158317565918,"Male"
"9004152",371985,2025-05-25 02:08:03,42.3975868225098,-8.92144680023193,"Male"
"9004152",371985,2025-05-25 02:12:34,42.3975868225098,-8.92148780822754,"Male"
"9004152",371985,2025-05-25 02:18:14,42.3976211547852,-8.9214506149292,"Male"
"9004152",371985,2025-05-25 02:22:34,42.3976097106934,-8.92145156860352,"Male"
"9004152",371985,2025-05-25 02:27:34,42.3976440429688,-8.92147445678711,"Male"
"9004152",371985,2025-05-25 02:32:33,42.3975944519043,-8.92138004302979,"Male"
"9004152",371985,2025-05-25 02:37:33,42.3976211547852,-8.92150020599365,"Male"
"9004152",371985,2025-05-25 02:42:37,42.3977546691895,-8.92164516448975,"Male"
"9004152",371985,2025-05-25 02:47:38,42.3977012634277,-8.92173957824707,"Male"
"9004152",371985,2025-05-25 02:52:34,42.3976554870605,-8.92160511016846,"Male"
"9004152",371985,2025-05-25 02:57:34,42.397705078125,-8.92163562774658,"Male"
"9004152",371985,2025-05-25 03:02:40,42.3977127075195,-8.92159175872803,"Male"
"9004152",371985,2025-05-25 03:07:34,42.3975601196289,-8.92178344726562,"Male"
"9004152",371985,2025-05-25 03:12:34,42.3975143432617,-8.9217529296875,"Male"
"9004152",371985,2025-05-25 03:17:39,42.3976287841797,-8.92169761657715,"Male"
"9004152",371985,2025-05-25 03:22:39,42.3975944519043,-8.92179489135742,"Male"
"9004152",371985,2025-05-25 03:27:39,42.3976211547852,-8.92167091369629,"Male"
"9004152",371985,2025-05-25 03:32:44,42.3976669311523,-8.92158126831055,"Male"
"9004152",371985,2025-05-25 03:37:39,42.3977127075195,-8.92152500152588,"Male"
"9004152",371985,2025-05-25 03:42:39,42.3974761962891,-8.92236614227295,"Male"
"9004152",371985,2025-05-25 03:47:49,42.3977699279785,-8.92138576507568,"Male"
"9004152",371985,2025-05-25 03:53:00,42.3977394104004,-8.92112350463867,"Male"
"9004152",371985,2025-05-25 03:58:05,42.3976249694824,-8.92140865325928,"Male"
"9004152",371985,2025-05-25 04:02:33,42.3976669311523,-8.92129516601562,"Male"
"9004152",371985,2025-05-25 04:07:34,42.3976593017578,-8.92152881622314,"Male"
"9004152",371985,2025-05-25 04:12:33,42.397632598877,-8.92111492156982,"Male"
"9004152",371985,2025-05-25 04:17:34,42.3976821899414,-8.92136383056641,"Male"
"9004152",371985,2025-05-25 04:22:33,42.3977317810059,-8.92101860046387,"Male"
"9004152",371985,2025-05-25 04:27:39,42.3975830078125,-8.92127513885498,"Male"
"9004152",371985,2025-05-25 04:32:34,42.3975868225098,-8.92135524749756,"Male"
"9004152",371985,2025-05-25 04:37:42,42.397705078125,-8.92154121398926,"Male"
"9004152",371985,2025-05-25 04:42:37,42.397647857666,-8.92152500152588,"Male"
"9004152",371985,2025-05-25 04:47:37,42.3976898193359,-8.9215145111084,"Male"
"9004152",371985,2025-05-25 04:52:34,42.3976249694824,-8.92131328582764,"Male"
"9004152",371985,2025-05-25 04:57:38,42.3976211547852,-8.92133140563965,"Male"
"9004152",371985,2025-05-25 05:02:39,42.397647857666,-8.92138862609863,"Male"
"9004152",371985,2025-05-25 05:07:38,42.3976745605469,-8.92146778106689,"Male"
"9004152",371985,2025-05-25 05:12:39,42.3976516723633,-8.92142009735107,"Male"
"9004152",371985,2025-05-25 05:17:39,42.397647857666,-8.92146587371826,"Male"
"9004152",371985,2025-05-25 05:22:39,42.3976554870605,-8.92146968841553,"Male"
"9004152",371985,2025-05-25 05:27:39,42.3976135253906,-8.92157459259033,"Male"
"9004152",371985,2025-05-25 05:32:37,42.3961372375488,-8.91908264160156,"Male"
"9004152",371985,2025-05-25 05:38:05,42.3977088928223,-8.92035007476807,"Male"
"9004152",371985,2025-05-25 05:42:34,42.3977127075195,-8.92038822174072,"Male"
"9004152",371985,2025-05-25 05:47:34,42.3977432250977,-8.92034339904785,"Male"
"9004152",371985,2025-05-25 05:52:33,42.3977966308594,-8.9203987121582,"Male"
"9004152",371985,2025-05-25 05:57:34,42.3977279663086,-8.92037200927734,"Male"
"9004152",371985,2025-05-25 06:02:33,42.397819519043,-8.92035675048828,"Male"
"9004152",371985,2025-05-25 06:07:33,42.3977203369141,-8.92035865783691,"Male"
"9004152",371985,2025-05-25 06:12:33,42.3978309631348,-8.92037868499756,"Male"
"9004152",371985,2025-05-25 06:17:37,42.3977546691895,-8.92041873931885,"Male"
"9004152",371985,2025-05-25 06:22:34,42.3976821899414,-8.92039680480957,"Male"
"9004152",371985,2025-05-25 06:27:34,42.4002838134766,-8.90817165374756,"Male"
"9004152",371985,2025-05-25 06:32:34,42.4052047729492,-8.89655780792236,"Male"
"9004152",371985,2025-05-25 06:38:39,42.4036102294922,-8.8889856338501,"Male"
"9004152",371985,2025-05-25 06:44:16,42.4043884277344,-8.88136768341064,"Male"
"9004152",371985,2025-05-25 06:49:15,42.4058570861816,-8.87438774108887,"Male"
"9004152",371985,2025-05-25 06:54:21,42.4054870605469,-8.87279605865479,"Male"
"9004152",371985,2025-05-25 06:59:39,42.409122467041,-8.87231254577637,"Male"
"9004152",371985,2025-05-25 07:04:39,42.409610748291,-8.87247085571289,"Male"
"9004152",371985,2025-05-25 07:10:19,42.4106101989746,-8.87277412414551,"Male"
"9004152",371985,2025-05-25 07:15:17,42.4103507995605,-8.87233638763428,"Male"
"9004152",371985,2025-05-25 07:20:16,42.413330078125,-8.87903308868408,"Male"
"9004152",371985,2025-05-25 07:25:16,42.4127082824707,-8.87923526763916,"Male"
"9004152",371985,2025-05-25 07:30:16,42.4054832458496,-8.90031909942627,"Male"
"9004152",371985,2025-05-25 07:35:35,42.3976936340332,-8.92019462585449,"Male"
"9004152",371985,2025-05-25 07:40:15,42.3977012634277,-8.92041778564453,"Male"
"9004152",371985,2025-05-25 07:45:17,42.3978500366211,-8.92058277130127,"Male"
"9004152",371985,2025-05-25 07:50:27,42.3976707458496,-8.92011642456055,"Male"
"9004152",371985,2025-05-25 07:55:25,42.3976860046387,-8.92010498046875,"Male"
"9004152",371985,2025-05-25 08:00:35,42.3977394104004,-8.92016887664795,"Male"
"9004152",371985,2025-05-25 08:05:15,42.3977966308594,-8.9197998046875,"Male"
"9004152",371985,2025-05-25 08:10:15,42.3977432250977,-8.92014503479004,"Male"
"9004152",371985,2025-05-25 08:15:15,42.3977508544922,-8.92023372650146,"Male"
"9004152",371985,2025-05-25 08:20:15,42.3977394104004,-8.92016792297363,"Male"
"9004152",371985,2025-05-25 08:25:15,42.3976821899414,-8.92021656036377,"Male"
"9004152",371985,2025-05-25 08:30:15,42.3976898193359,-8.92023944854736,"Male"
"9004152",371985,2025-05-25 08:35:15,42.3977317810059,-8.92021560668945,"Male"
"9004152",371985,2025-05-25 08:40:15,42.3992729187012,-8.92311096191406,"Male"
"9004152",371985,2025-05-25 08:45:15,42.3992919921875,-8.92317485809326,"Male"
"9004152",371985,2025-05-25 08:50:15,42.3991775512695,-8.92318630218506,"Male"
"9004152",371985,2025-05-25 08:55:15,42.3985366821289,-8.9181079864502,"Male"
"9004152",371985,2025-05-25 09:00:15,42.4008598327637,-8.91581153869629,"Male"
"9004152",371985,2025-05-25 09:05:16,42.398380279541,-8.92318630218506,"Male"
"9004152",371985,2025-05-25 09:10:48,42.3983535766602,-8.92315864562988,"Male"
"9004152",371985,2025-05-25 09:15:49,42.3984298706055,-8.92310237884521,"Male"
"9004152",371985,2025-05-25 09:20:53,42.3976860046387,-8.92156887054443,"Male"
"9004152",371985,2025-05-25 09:25:47,42.3977165222168,-8.92154502868652,"Male"
"9004152",371985,2025-05-25 09:30:50,42.3977584838867,-8.9218111038208,"Male"
"9004152",371985,2025-05-25 09:35:48,42.3977661132812,-8.92154216766357,"Male"
"9004152",371985,2025-05-25 09:41:05,42.3976287841797,-8.92127799987793,"Male"
"9004152",371985,2025-05-25 09:45:46,42.3976631164551,-8.92130088806152,"Male"
"9004152",371985,2025-05-25 09:50:53,42.3973274230957,-8.92180728912354,"Male"
"9004152",371985,2025-05-25 09:56:26,42.3976860046387,-8.92119312286377,"Male"
"9004152",371985,2025-05-25 10:00:46,42.3975944519043,-8.9212703704834,"Male"
"9004152",371985,2025-05-25 10:05:47,42.3977317810059,-8.92121028900146,"Male"
"9004152",371985,2025-05-25 10:10:46,42.3976211547852,-8.92118835449219,"Male"
"9004152",371985,2025-05-25 10:16:14,42.3975524902344,-8.92133712768555,"Male"
"9004152",371985,2025-05-25 10:20:48,42.3975563049316,-8.92114543914795,"Male"
"9004152",371985,2025-05-25 10:25:46,42.3974647521973,-8.92127513885498,"Male"
"9004152",371985,2025-05-25 10:30:47,42.3974914550781,-8.92136669158936,"Male"
"9004152",371985,2025-05-25 10:35:46,42.3975257873535,-8.921311378479,"Male"
"9004152",371985,2025-05-25 10:40:47,42.3975830078125,-8.92126369476318,"Male"
"9004152",371985,2025-05-25 10:45:50,42.3974761962891,-8.92124652862549,"Male"
"9004152",371985,2025-05-25 10:50:48,42.3976364135742,-8.92117881774902,"Male"
"9004152",371985,2025-05-25 10:55:49,42.3975601196289,-8.92091369628906,"Male"
"9004152",371985,2025-05-25 11:00:50,42.3977508544922,-8.92224407196045,"Male"
"9004152",371985,2025-05-25 11:06:01,42.3976593017578,-8.92164325714111,"Male"
"9004152",371985,2025-05-25 11:10:49,42.397834777832,-8.92244911193848,"Male"
"9004152",371985,2025-05-25 11:16:02,42.3976058959961,-8.92142486572266,"Male"
"9004152",371985,2025-05-25 11:20:48,42.3976707458496,-8.92141437530518,"Male"
"9004152",371985,2025-05-25 11:25:55,42.4079132080078,-8.88423538208008,"Male"
"9004152",371985,2025-05-25 11:30:47,42.4102821350098,-8.87939834594727,"Male"
"9004152",371985,2025-05-25 11:36:02,42.4113273620605,-8.87885665893555,"Male"
"9004152",371985,2025-05-25 11:41:16,42.4122886657715,-8.87882232666016,"Male"
"9004152",371985,2025-05-25 11:46:45,42.4123764038086,-8.878173828125,"Male"
"9004152",371985,2025-05-25 11:52:06,42.4110908508301,-8.87850570678711,"Male"
"9004152",371985,2025-05-25 11:57:11,42.4105911254883,-8.87803173065186,"Male"
"9004152",371985,2025-05-25 12:04:17,42.4104499816895,-8.8792028427124,"Male"
"9004152",371985,2025-05-25 12:09:28,42.4105987548828,-8.8770866394043,"Male"
"9004152",371985,2025-05-25 12:25:57,42.4110488891602,-8.87460136413574,"Male"
"9004152",371985,2025-05-25 12:31:38,42.4111518859863,-8.87238597869873,"Male"
"9004152",371985,2025-05-25 12:37:48,42.4109344482422,-8.87059688568115,"Male"
"9004152",371985,2025-05-25 12:43:28,42.4098625183105,-8.87031650543213,"Male"
"9004152",371985,2025-05-25 12:50:15,42.410457611084,-8.87020683288574,"Male"
"9004152",371985,2025-05-25 12:55:04,42.4113540649414,-8.87032794952393,"Male"
"9004152",371985,2025-05-25 13:00:22,42.4115447998047,-8.8703670501709,"Male"
"9004152",371985,2025-05-25 13:06:02,42.4105529785156,-8.87043476104736,"Male"
"9004152",371985,2025-05-25 13:11:02,42.4106826782227,-8.87077617645264,"Male"
"9004152",371985,2025-05-25 13:16:25,42.4105834960938,-8.87113857269287,"Male"
"9004152",371985,2025-05-25 13:29:05,42.4093856811523,-8.87001323699951,"Male"
"9004152",371985,2025-05-25 13:34:06,42.4098739624023,-8.8700704574585,"Male"
"9004152",371985,2025-05-25 13:39:07,42.4106788635254,-8.86996364593506,"Male"
"9004152",371985,2025-05-25 13:44:06,42.4036521911621,-8.86775875091553,"Male"
"9004152",371985,2025-05-25 13:49:06,42.3985214233398,-8.85808563232422,"Male"
"9004152",371985,2025-05-25 13:54:06,42.3985443115234,-8.85799026489258,"Male"
"9004152",371985,2025-05-25 13:59:06,42.3985824584961,-8.85799694061279,"Male"
"9004152",371985,2025-05-25 14:04:07,42.3987121582031,-8.85795211791992,"Male"
"9004152",371985,2025-05-25 14:09:05,42.3986549377441,-8.85802936553955,"Male"
"9004152",371985,2025-05-25 14:14:06,42.398624420166,-8.85797882080078,"Male"
"9004152",371985,2025-05-25 14:19:07,42.3987007141113,-8.85794925689697,"Male"
"9004152",371985,2025-05-25 14:24:06,42.3987045288086,-8.85803127288818,"Male"
"9004152",371985,2025-05-25 14:29:06,42.3987045288086,-8.85806941986084,"Male"
"9004152",371985,2025-05-25 14:34:06,42.3986740112305,-8.85805988311768,"Male"
"9004152",371985,2025-05-25 14:39:06,42.3987045288086,-8.85802936553955,"Male"
"9004152",371985,2025-05-25 14:44:06,42.3986663818359,-8.85804748535156,"Male"
"9004152",371985,2025-05-25 14:49:06,42.3986701965332,-8.85805130004883,"Male"
"9004152",371985,2025-05-25 14:54:10,42.3987274169922,-8.85801315307617,"Male"
"9004152",371985,2025-05-25 14:59:35,42.3985939025879,-8.85800933837891,"Male"
"9004152",371985,2025-05-25 15:04:06,42.3985404968262,-8.85798931121826,"Male"
"9004152",371985,2025-05-25 15:09:05,42.3986778259277,-8.85781669616699,"Male"
"9004152",371985,2025-05-25 15:14:05,42.3985214233398,-8.85799980163574,"Male"
"9004152",371985,2025-05-25 15:19:06,42.3985481262207,-8.85797691345215,"Male"
"9004152",371985,2025-05-25 15:24:06,42.3983612060547,-8.85786247253418,"Male"
"9004152",371985,2025-05-25 15:29:06,42.3984870910645,-8.85805606842041,"Male"
"9004152",371985,2025-05-25 15:34:07,42.3984603881836,-8.85807418823242,"Male"
"9004152",371985,2025-05-25 15:39:06,42.3984832763672,-8.85807132720947,"Male"
"9004152",371985,2025-05-25 15:44:06,42.3985061645508,-8.85800647735596,"Male"
"9004152",371985,2025-05-25 15:49:36,42.397029876709,-8.85867595672607,"Male"
"9004152",371985,2025-05-25 15:54:53,42.3959541320801,-8.85774707794189,"Male"
"9004152",371985,2025-05-25 16:00:30,42.3950805664062,-8.85651111602783,"Male"
"9004152",371985,2025-05-25 16:06:11,42.3950004577637,-8.85558605194092,"Male"
"9004152",371985,2025-05-25 16:11:09,42.3946304321289,-8.85610771179199,"Male"
"9004152",371985,2025-05-25 16:16:09,42.3945121765137,-8.85643863677979,"Male"
"9004152",371985,2025-05-25 16:21:10,42.3944969177246,-8.85675239562988,"Male"
"9004152",371985,2025-05-25 16:26:12,42.3987007141113,-8.85795974731445,"Male"
"9004152",371985,2025-05-25 16:31:19,42.3984451293945,-8.85803508758545,"Male"
"9004152",371985,2025-05-25 16:36:19,42.3984336853027,-8.85801124572754,"Male"
"9004152",371985,2025-05-25 16:41:19,42.3984832763672,-8.85827827453613,"Male"
"9004152",371985,2025-05-25 16:46:19,42.3984718322754,-8.85808944702148,"Male"
"9004152",371985,2025-05-25 16:51:19,42.3983688354492,-8.85782814025879,"Male"
"9004152",371985,2025-05-25 16:56:27,42.3984222412109,-8.85791206359863,"Male"
"9004152",371985,2025-05-25 17:01:21,42.3985328674316,-8.85798168182373,"Male"
"9004152",371985,2025-05-25 17:06:25,42.3986129760742,-8.85804462432861,"Male"
"9004152",371985,2025-05-25 17:11:29,42.3987503051758,-8.85810279846191,"Male"
"9004152",371985,2025-05-25 17:16:28,42.3989562988281,-8.85827827453613,"Male"
"9004152",371985,2025-05-25 17:21:32,42.3985366821289,-8.85807704925537,"Male"
"9004152",371985,2025-05-25 17:26:09,42.3983383178711,-8.88280582427979,"Male"
"9004152",371985,2025-05-25 17:31:11,42.3975448608398,-8.90707969665527,"Male"
"9004152",371985,2025-05-25 17:36:09,42.3965530395508,-8.90679454803467,"Male"
"9004152",371985,2025-05-25 17:41:35,42.3976287841797,-8.92144012451172,"Male"
"9004152",371985,2025-05-25 17:46:10,42.3978309631348,-8.92133522033691,"Male"
"9004152",371985,2025-05-25 17:51:12,42.3983306884766,-8.92115497589111,"Male"
"9004152",371985,2025-05-25 17:56:12,42.3981628417969,-8.92135524749756,"Male"
"9004152",371985,2025-05-25 18:01:11,42.3976058959961,-8.92069244384766,"Male"
"9004152",371985,2025-05-25 18:06:09,42.3974761962891,-8.9208984375,"Male"
"9004152",371985,2025-05-25 18:11:12,42.3978652954102,-8.9215784072876,"Male"
"9004152",371985,2025-05-25 18:16:35,42.3976097106934,-8.92136478424072,"Male"
"9004152",371985,2025-05-25 18:21:09,42.3976631164551,-8.92142009735107,"Male"
"9004152",371985,2025-05-25 18:26:08,42.3976898193359,-8.92141532897949,"Male"
"9004152",371985,2025-05-25 18:31:08,42.397632598877,-8.92140769958496,"Male"
"9004152",371985,2025-05-25 18:36:09,42.3978157043457,-8.92139625549316,"Male"
"9004152",371985,2025-05-25 18:41:12,42.3977165222168,-8.92147159576416,"Male"
"9004152",371985,2025-05-25 18:46:10,42.3977088928223,-8.92140579223633,"Male"
"9004152",371985,2025-05-25 18:51:11,42.3977737426758,-8.92128276824951,"Male"
"9004152",371985,2025-05-25 18:56:10,42.3976821899414,-8.92137432098389,"Male"
"9004152",371985,2025-05-25 19:01:08,42.3977165222168,-8.92142009735107,"Male"
"9004152",371985,2025-05-25 19:06:09,42.3976516723633,-8.92138195037842,"Male"
"9004152",371985,2025-05-25 19:11:10,42.3977508544922,-8.92151546478271,"Male"
"9004152",371985,2025-05-25 19:16:10,42.397705078125,-8.92135810852051,"Male"
"9004152",371985,2025-05-25 19:21:13,42.3977699279785,-8.92155647277832,"Male"
"9004152",371985,2025-05-25 19:26:08,42.397632598877,-8.9214391708374,"Male"
"9004152",371985,2025-05-25 19:31:35,42.3976898193359,-8.92143154144287,"Male"
"9004152",371985,2025-05-25 19:36:09,42.3976783752441,-8.92145442962646,"Male"
"9004152",371985,2025-05-25 19:41:09,42.3978385925293,-8.9215202331543,"Male"
"9004152",371985,2025-05-25 19:46:08,42.3976974487305,-8.92142295837402,"Male"
"9004152",371985,2025-05-25 19:51:08,42.3976364135742,-8.92149448394775,"Male"
"9004152",371985,2025-05-25 19:56:08,42.3976593017578,-8.92152309417725,"Male"
"9004152",371985,2025-05-25 20:01:09,42.3976936340332,-8.92149257659912,"Male"
"9004152",371985,2025-05-25 20:06:35,42.3976707458496,-8.92141437530518,"Male"
"9004152",371985,2025-05-25 20:11:08,42.3976974487305,-8.92140197753906,"Male"
"9004152",371985,2025-05-25 20:16:08,42.397647857666,-8.92150402069092,"Male"
"9004152",371985,2025-05-25 20:21:08,42.3976440429688,-8.92154216766357,"Male"
"9004152",371985,2025-05-25 20:26:44,42.3975982666016,-8.92147064208984,"Male"
"9004152",371985,2025-05-25 20:31:11,42.3976249694824,-8.92151927947998,"Male"
"9004152",371985,2025-05-25 20:36:11,42.3977012634277,-8.92160606384277,"Male"
"9004152",371985,2025-05-25 20:41:12,42.3982048034668,-8.92158317565918,"Male"
"9004152",371985,2025-05-25 20:46:11,42.3980140686035,-8.92183208465576,"Male"
"9004152",371985,2025-05-25 20:51:12,42.3979721069336,-8.92179584503174,"Male"
"9004152",371985,2025-05-25 20:56:11,42.3979606628418,-8.92191123962402,"Male"
"9004152",371985,2025-05-25 21:02:04,42.3977355957031,-8.92173480987549,"Male"
"9004152",371985,2025-05-25 21:06:18,42.3976669311523,-8.9215259552002,"Male"
"9004152",371985,2025-05-25 21:11:20,42.3976593017578,-8.92151165008545,"Male"
"9004152",371985,2025-05-25 21:16:23,42.3976402282715,-8.92152309417725,"Male"
"9004152",371985,2025-05-25 21:21:35,42.397632598877,-8.9215259552002,"Male"
"9004152",371985,2025-05-25 21:26:08,42.3976020812988,-8.92156887054443,"Male"
"9004152",371985,2025-05-25 21:31:10,42.3977012634277,-8.92152881622314,"Male"
"9004152",371985,2025-05-25 21:36:09,42.3976440429688,-8.92159271240234,"Male"
"9004152",371985,2025-05-25 21:41:10,42.3976249694824,-8.92156410217285,"Male"
"9004152",371985,2025-05-25 21:46:08,42.3976860046387,-8.92150783538818,"Male"
"9004152",371985,2025-05-25 21:51:10,42.3976669311523,-8.92155838012695,"Male"
"9004152",371985,2025-05-25 21:56:08,42.3976364135742,-8.92155265808105,"Male"
"9004152",371985,2025-05-25 22:01:08,42.3976669311523,-8.92155933380127,"Male"
"9004152",371985,2025-05-25 22:06:08,42.3976554870605,-8.9216194152832,"Male"
"9004152",371985,2025-05-25 22:11:09,42.397647857666,-8.92154502868652,"Male"
"9004152",371985,2025-05-25 22:16:11,42.3976211547852,-8.92162895202637,"Male"
"9004152",371985,2025-05-25 22:21:21,42.3976020812988,-8.92143821716309,"Male"
"9004152",371985,2025-05-25 22:26:12,42.3976364135742,-8.92159175872803,"Male"
"9004152",371985,2025-05-25 22:31:23,42.397647857666,-8.92152404785156,"Male"
"9004152",371985,2025-05-25 22:36:16,42.3976516723633,-8.92145824432373,"Male"
"9004152",371985,2025-05-25 22:41:17,42.3976745605469,-8.92155170440674,"Male"
"9004152",371985,2025-05-25 22:46:39,42.3976173400879,-8.92158508300781,"Male"
"9004152",371985,2025-05-25 22:51:18,42.3976593017578,-8.92155742645264,"Male"
"9004152",371985,2025-05-25 22:56:09,42.3976783752441,-8.92161655426025,"Male"
"9004152",371985,2025-05-25 23:01:10,42.3976020812988,-8.92148113250732,"Male"
"9004152",371985,2025-05-25 23:06:11,42.3976974487305,-8.92171382904053,"Male"
"9004152",371985,2025-05-25 23:11:11,42.3975639343262,-8.92138671875,"Male"
"9004152",371985,2025-05-25 23:16:10,42.3979110717773,-8.92230892181396,"Male"
"9004152",371985,2025-05-25 23:21:11,42.3974609375,-8.92137813568115,"Male"
"9004152",371985,2025-05-25 23:26:10,42.3974494934082,-8.92059707641602,"Male"
"9004152",371985,2025-05-25 23:31:10,42.3977317810059,-8.92177391052246,"Male"
"9004152",371985,2025-05-25 23:36:11,42.3976783752441,-8.92157936096191,"Male"
"9004152",371985,2025-05-25 23:41:12,42.3976707458496,-8.92156791687012,"Male"
"9004152",371985,2025-05-25 23:46:18,42.3977661132812,-8.92181205749512,"Male"
"9004152",371985,2025-05-25 23:51:13,42.3977165222168,-8.92157554626465,"Male"
"9004152",371985,2025-05-25 23:56:30,42.3977394104004,-8.92190647125244,"Male"
"9004152",371985,2025-05-26 00:01:23,42.3977088928223,-8.92179870605469,"Male"
"9004152",371985,2025-05-26 00:06:18,42.3977203369141,-8.92153739929199,"Male"
"9004152",371985,2025-05-26 00:11:24,42.3976707458496,-8.92221641540527,"Male"
"9004152",371985,2025-05-26 00:16:17,42.3977279663086,-8.92161464691162,"Male"
"9004152",371985,2025-05-26 00:21:13,42.3977012634277,-8.92155456542969,"Male"
"9004152",371985,2025-05-26 00:26:27,42.3976440429688,-8.92187213897705,"Male"
"9004152",371985,2025-05-26 00:31:11,42.3976860046387,-8.92155075073242,"Male"
"9004152",371985,2025-05-26 00:36:31,42.3977241516113,-8.92128086090088,"Male"
"9004152",371985,2025-05-26 00:41:11,42.3976936340332,-8.92163944244385,"Male"
"9004152",371985,2025-05-26 00:46:10,42.3977661132812,-8.92158985137939,"Male"
"9004152",371985,2025-05-26 00:51:32,42.3976631164551,-8.9212703704834,"Male"
"9004152",371985,2025-05-26 00:56:13,42.3977394104004,-8.92107009887695,"Male"
"9004152",371985,2025-05-26 01:01:22,42.3977928161621,-8.92013645172119,"Male"
"9004152",371985,2025-05-26 01:06:35,42.3975639343262,-8.92122745513916,"Male"
"9004152",371985,2025-05-26 01:11:10,42.397533416748,-8.9214391708374,"Male"
"9004152",371985,2025-05-26 01:16:10,42.3975639343262,-8.92141723632812,"Male"
"9004152",371985,2025-05-26 01:21:16,42.3976020812988,-8.9213981628418,"Male"
"9004152",371985,2025-05-26 01:26:09,42.3976173400879,-8.92136478424072,"Male"
"9004152",371985,2025-05-26 01:31:19,42.3975982666016,-8.92081069946289,"Male"
"9004152",371985,2025-05-26 01:36:11,42.3974723815918,-8.92116165161133,"Male"
"9004152",371985,2025-05-26 01:41:29,42.3976745605469,-8.92165660858154,"Male"
"9004152",371985,2025-05-26 01:46:32,42.3977279663086,-8.92187786102295,"Male"
"9004152",371985,2025-05-26 01:51:11,42.3976020812988,-8.92183876037598,"Male"
"9004152",371985,2025-05-26 01:56:12,42.3976707458496,-8.92164134979248,"Male"
"9004152",371985,2025-05-26 02:01:44,42.3976554870605,-8.92153739929199,"Male"
"9004152",371985,2025-05-26 02:06:08,42.397705078125,-8.9216136932373,"Male"
"9004152",371985,2025-05-26 02:11:11,42.3976516723633,-8.92156791687012,"Male"
"9004152",371985,2025-05-26 02:16:12,42.3976440429688,-8.92130470275879,"Male"
"9004152",371985,2025-05-26 02:21:08,42.3976821899414,-8.92140293121338,"Male"
"9004152",371985,2025-05-26 02:26:08,42.3976554870605,-8.92146396636963,"Male"
"9004152",371985,2025-05-26 02:31:13,42.3976516723633,-8.92141628265381,"Male"
"9004152",371985,2025-05-26 02:36:12,42.3976745605469,-8.92140197753906,"Male"
"9004152",371985,2025-05-26 02:41:11,42.3976554870605,-8.92176246643066,"Male"
"9004152",371985,2025-05-26 02:46:44,42.3976860046387,-8.92153453826904,"Male"
"9004152",371985,2025-05-26 02:51:08,42.3976745605469,-8.92151069641113,"Male"
"9004152",371985,2025-05-26 02:56:08,42.3977012634277,-8.92159271240234,"Male"
"9004152",371985,2025-05-26 03:01:35,42.3976974487305,-8.9214973449707,"Male"
"9004152",371985,2025-05-26 03:06:08,42.3976593017578,-8.92147731781006,"Male"
"9004152",371985,2025-05-26 03:11:07,42.3975410461426,-8.92178153991699,"Male"
"9004152",371985,2025-05-26 03:16:07,42.397575378418,-8.92189693450928,"Male"
"9004152",371985,2025-05-26 03:21:08,42.3977088928223,-8.92169094085693,"Male"
"9004152",371985,2025-05-26 03:26:08,42.3977203369141,-8.92178916931152,"Male"
"9004152",371985,2025-05-26 03:31:08,42.3977088928223,-8.92178916931152,"Male"
"9004152",371985,2025-05-26 03:36:12,42.3977127075195,-8.92182350158691,"Male"
"9004152",371985,2025-05-26 03:41:09,42.3976173400879,-8.9217004776001,"Male"
"9004152",371985,2025-05-26 03:46:08,42.397575378418,-8.92182922363281,"Male"
"9004152",371985,2025-05-26 03:51:08,42.3976669311523,-8.92161846160889,"Male"
"9004152",371985,2025-05-26 03:56:10,42.3977432250977,-8.9215087890625,"Male"
"9004152",371985,2025-05-26 04:01:14,42.3976287841797,-8.92171955108643,"Male"
"9004152",371985,2025-05-26 04:06:16,42.3976936340332,-8.92164134979248,"Male"
"9004152",371985,2025-05-26 04:11:13,42.3977470397949,-8.92135620117188,"Male"
"9004152",371985,2025-05-26 04:16:11,42.3977203369141,-8.92150211334229,"Male"
"9004152",371985,2025-05-26 04:21:34,42.3976821899414,-8.92166233062744,"Male"
"9004152",371985,2025-05-26 04:26:07,42.3976669311523,-8.92175769805908,"Male"
"9004152",371985,2025-05-26 04:31:08,42.3977088928223,-8.92185974121094,"Male"
"9004152",371985,2025-05-26 04:36:44,42.3976631164551,-8.92175483703613,"Male"
"9004152",371985,2025-05-26 04:41:07,42.3977165222168,-8.92180156707764,"Male"
"9004152",371985,2025-05-26 04:46:11,42.3976364135742,-8.92196178436279,"Male"
"9004152",371985,2025-05-26 04:52:05,42.3975868225098,-8.92168235778809,"Male"
"9004152",371985,2025-05-26 04:56:09,42.3974723815918,-8.92177867889404,"Male"
"9004152",371985,2025-05-26 05:01:28,42.3975639343262,-8.92161846160889,"Male"
"9004152",371985,2025-05-26 05:06:09,42.397533416748,-8.92158222198486,"Male"
"9004152",371985,2025-05-26 05:11:08,42.3976364135742,-8.92188262939453,"Male"
"9004152",371985,2025-05-26 05:16:10,42.3977470397949,-8.92145919799805,"Male"
"9004152",371985,2025-05-26 05:21:09,42.3976020812988,-8.92153358459473,"Male"
"9004152",371985,2025-05-26 05:26:09,42.3974800109863,-8.92160797119141,"Male"
"9004152",371985,2025-05-26 05:31:08,42.3976860046387,-8.92034721374512,"Male"
"9004152",371985,2025-05-26 05:36:08,42.3977317810059,-8.92031002044678,"Male"
"9004152",371985,2025-05-26 05:41:16,42.3976898193359,-8.92036914825439,"Male"
"9004152",371985,2025-05-26 05:46:31,42.3977890014648,-8.92038631439209,"Male"
"9004152",371985,2025-05-26 05:51:12,42.3977203369141,-8.9204158782959,"Male"
"9004152",371985,2025-05-26 05:56:07,42.3976745605469,-8.92041969299316,"Male"
"9004152",371985,2025-05-26 06:01:07,42.3977317810059,-8.92039585113525,"Male"
"9004152",371985,2025-05-26 06:06:07,42.3975868225098,-8.92035102844238,"Male"
"9004152",371985,2025-05-26 06:11:07,42.3978157043457,-8.92031860351562,"Male"
"9004152",371985,2025-05-26 06:16:08,42.3978004455566,-8.92039489746094,"Male"
"9004152",371985,2025-05-26 06:21:11,42.397819519043,-8.92036724090576,"Male"
"9004152",371985,2025-05-26 06:26:07,42.3977317810059,-8.92037582397461,"Male"
"9004152",371985,2025-05-26 06:31:08,42.3977737426758,-8.92038822174072,"Male"
"9004152",371985,2025-05-26 06:36:07,42.3978042602539,-8.92039203643799,"Male"
"9004152",371985,2025-05-26 06:41:07,42.3977966308594,-8.9204044342041,"Male"
"9004152",371985,2025-05-26 06:46:11,42.3978271484375,-8.92053890228271,"Male"
"9004152",371985,2025-05-26 06:51:08,42.3977661132812,-8.92038726806641,"Male"
"9004152",371985,2025-05-26 06:56:09,42.3978157043457,-8.92046546936035,"Male"
"9004152",371985,2025-05-26 07:01:07,42.3977470397949,-8.92037296295166,"Male"
"9004152",371985,2025-05-26 07:06:08,42.3978157043457,-8.92045402526855,"Male"
"9004152",371985,2025-05-26 07:11:07,42.400691986084,-8.90725421905518,"Male"
"9004152",371985,2025-05-26 07:16:08,42.4014129638672,-8.90293788909912,"Male"
"9004152",371985,2025-05-26 07:21:07,42.4060592651367,-8.88456344604492,"Male"
"9004152",371985,2025-05-26 07:26:46,42.4082679748535,-8.87425518035889,"Male"
"9004152",371985,2025-05-26 07:31:52,42.4086685180664,-8.87349510192871,"Male"
"9004152",371985,2025-05-26 07:39:48,42.4081535339355,-8.87384223937988,"Male"
"9004152",371985,2025-05-26 07:45:20,42.4082946777344,-8.8733491897583,"Male"
"9004152",371985,2025-05-26 07:50:32,42.40869140625,-8.87185478210449,"Male"
"9004152",371985,2025-05-26 07:55:31,42.4087600708008,-8.87037944793701,"Male"
"9004152",371985,2025-05-26 08:00:32,42.4091758728027,-8.87143993377686,"Male"
"9004152",371985,2025-05-26 08:06:01,42.4091758728027,-8.86980819702148,"Male"
"9004152",371985,2025-05-26 08:11:01,42.4092445373535,-8.86961460113525,"Male"
"9004152",371985,2025-05-26 08:16:03,42.4096145629883,-8.8697509765625,"Male"
"9004152",371985,2025-05-26 08:21:02,42.4043502807617,-8.8611307144165,"Male"
"9004152",371985,2025-05-26 08:26:01,42.4043388366699,-8.8611011505127,"Male"
"9004152",371985,2025-05-26 08:31:14,42.4044647216797,-8.86140727996826,"Male"
"9004152",371985,2025-05-26 08:36:02,42.4044227600098,-8.86119937896729,"Male"
"9004152",371985,2025-05-26 08:41:02,42.4045104980469,-8.86142539978027,"Male"
"9004152",371985,2025-05-26 08:46:03,42.4044189453125,-8.86143398284912,"Male"
"9004152",371985,2025-05-26 08:51:03,42.4044418334961,-8.86135959625244,"Male"
"9004152",371985,2025-05-26 08:56:14,42.404426574707,-8.86130332946777,"Male"
"9004152",371985,2025-05-26 09:01:03,42.4044303894043,-8.86120510101318,"Male"
"9004152",371985,2025-05-26 09:06:03,42.4044609069824,-8.86128425598145,"Male"
"9004152",371985,2025-05-26 09:11:00,42.4044303894043,-8.86123275756836,"Male"
"9004152",371985,2025-05-26 09:16:00,42.4044303894043,-8.8611946105957,"Male"
"9004152",371985,2025-05-26 09:21:00,42.4044647216797,-8.86130332946777,"Male"
"9004152",371985,2025-05-26 09:26:02,42.4045829772949,-8.86161804199219,"Male"
"9004152",371985,2025-05-26 09:31:01,42.4060020446777,-8.86499691009521,"Male"
"9004152",371985,2025-05-26 09:36:30,42.4085807800293,-8.8715124130249,"Male"
"9004152",371985,2025-05-26 09:41:34,42.408634185791,-8.87205791473389,"Male"
"9004152",371985,2025-05-26 09:51:44,42.4095268249512,-8.87020397186279,"Male"
"9004152",371985,2025-05-26 09:56:37,42.4103622436523,-8.8707275390625,"Male"
"9004152",371985,2025-05-26 10:01:54,42.4104461669922,-8.87186050415039,"Male"
"9004152",371985,2025-05-26 10:20:44,42.4113540649414,-8.87168025970459,"Male"
"9004152",371985,2025-05-26 10:26:14,42.4111709594727,-8.87071323394775,"Male"
"9004152",371985,2025-05-26 10:31:52,42.410213470459,-8.87043190002441,"Male"
"9004152",371985,2025-05-26 10:37:27,42.4101524353027,-8.8696756362915,"Male"
"9004152",371985,2025-05-26 10:42:32,42.4092216491699,-8.87002944946289,"Male"
"9004152",371985,2025-05-26 10:48:44,42.4085922241211,-8.87120532989502,"Male"
"9004152",371985,2025-05-26 10:53:55,42.408763885498,-8.87228870391846,"Male"
"9004152",371985,2025-05-26 10:59:23,42.4080810546875,-8.87413024902344,"Male"
"9004152",371985,2025-05-26 11:04:22,42.4078140258789,-8.87371635437012,"Male"
"9004152",371985,2025-05-26 11:09:51,42.4082832336426,-8.87388515472412,"Male"
"9004152",371985,2025-05-26 11:15:05,42.4090538024902,-8.87430095672607,"Male"
"9004152",371985,2025-05-26 11:20:08,42.4098434448242,-8.87401676177979,"Male"
"9004152",371985,2025-05-26 11:25:43,42.4106788635254,-8.87460613250732,"Male"
"9004152",371985,2025-05-26 11:31:07,42.4105529785156,-8.87364768981934,"Male"
"9004152",371985,2025-05-26 11:36:47,42.4103240966797,-8.87295055389404,"Male"
"9004152",371985,2025-05-26 11:43:18,42.4110336303711,-8.87128162384033,"Male"
"9004152",371985,2025-05-26 11:51:08,42.4101905822754,-8.87037944793701,"Male"
"9004152",371985,2025-05-26 11:56:07,42.4105339050293,-8.87024784088135,"Male"
"9004152",371985,2025-05-26 12:01:35,42.4104537963867,-8.87061500549316,"Male"
"9004152",371985,2025-05-26 12:06:08,42.4068336486816,-8.89126586914062,"Male"
"9004152",371985,2025-05-26 12:11:35,42.3978805541992,-8.92027187347412,"Male"
"9004152",371985,2025-05-26 12:16:03,42.3979034423828,-8.92016696929932,"Male"
"9004152",371985,2025-05-26 12:21:08,42.3978881835938,-8.920241355896,"Male"
"9004152",371985,2025-05-26 12:26:02,42.398609161377,-8.92368030548096,"Male"
"9004152",371985,2025-05-26 12:31:07,42.3979530334473,-8.9215030670166,"Male"
"9004152",371985,2025-05-26 12:36:35,42.3976821899414,-8.92215347290039,"Male"
"9004152",371985,2025-05-26 12:41:02,42.3977203369141,-8.92211437225342,"Male"
"9004152",371985,2025-05-26 12:46:03,42.3976211547852,-8.92223072052002,"Male"
"9004152",371985,2025-05-26 12:51:02,42.3977088928223,-8.92229652404785,"Male"
"9004152",371985,2025-05-26 12:56:06,42.3976287841797,-8.92239952087402,"Male"
"9004152",371985,2025-05-26 13:01:02,42.3976593017578,-8.92240238189697,"Male"
"9004152",371985,2025-05-26 13:06:07,42.397575378418,-8.92301273345947,"Male"
"9004152",371985,2025-05-26 13:11:07,42.3976020812988,-8.92300891876221,"Male"
"9004152",371985,2025-05-26 13:16:02,42.3977432250977,-8.92179679870605,"Male"
"9004152",371985,2025-05-26 13:21:03,42.3977470397949,-8.92181205749512,"Male"
"9004152",371985,2025-05-26 13:26:03,42.3976707458496,-8.92190647125244,"Male"
"9004152",371985,2025-05-26 13:31:05,42.3978309631348,-8.92202758789062,"Male"
"9004152",371985,2025-05-26 13:36:06,42.3977088928223,-8.92199039459229,"Male"
"9004152",371985,2025-05-26 13:41:06,42.3975296020508,-8.92090892791748,"Male"
"9004152",371985,2025-05-26 13:46:05,42.3976631164551,-8.92133617401123,"Male"
"9004152",371985,2025-05-26 13:51:06,42.3976631164551,-8.92140293121338,"Male"
"9004152",371985,2025-05-26 13:56:18,42.3976516723633,-8.92139339447021,"Male"
"9004152",371985,2025-05-26 14:01:05,42.3976402282715,-8.92127704620361,"Male"
"9004152",371985,2025-05-26 14:06:03,42.3976364135742,-8.92129516601562,"Male"
"9004152",371985,2025-05-26 14:11:05,42.3977317810059,-8.92125129699707,"Male"
"9004152",371985,2025-05-26 14:16:09,42.3977012634277,-8.92127799987793,"Male"
"9004152",371985,2025-05-26 14:21:07,42.3976516723633,-8.9213809967041,"Male"
"9004152",371985,2025-05-26 14:26:08,42.3977127075195,-8.92141914367676,"Male"
"9004152",371985,2025-05-26 14:31:07,42.3977394104004,-8.92142295837402,"Male"
"9004152",371985,2025-05-26 14:36:08,42.3977355957031,-8.92135334014893,"Male"
"9004152",371985,2025-05-26 14:41:13,42.397647857666,-8.92127990722656,"Male"
"9004152",371985,2025-05-26 14:46:09,42.3977088928223,-8.92129325866699,"Male"
"9004152",371985,2025-05-26 14:51:06,42.3976860046387,-8.92120170593262,"Male"
"9004152",371985,2025-05-26 14:56:05,42.397590637207,-8.92122936248779,"Male"
"9004152",371985,2025-05-26 15:01:06,42.3976287841797,-8.92124557495117,"Male"
"9004152",371985,2025-05-26 15:06:03,42.3976745605469,-8.92115306854248,"Male"
"9004152",371985,2025-05-26 15:11:08,42.3976364135742,-8.9212703704834,"Male"
"9004152",371985,2025-05-26 15:16:08,42.3976440429688,-8.921217918396,"Male"
"9004152",371985,2025-05-26 15:21:08,42.3976402282715,-8.92109394073486,"Male"
"9004152",371985,2025-05-26 15:26:08,42.3976783752441,-8.92125701904297,"Male"
"9004152",371985,2025-05-26 15:31:35,42.3976593017578,-8.921311378479,"Male"
"9004152",371985,2025-05-26 15:36:03,42.3976707458496,-8.92104530334473,"Male"
"9004152",371985,2025-05-26 15:41:03,42.3976440429688,-8.92105007171631,"Male"
"9004152",371985,2025-05-26 15:46:03,42.3976860046387,-8.92104148864746,"Male"
"9004152",371985,2025-05-26 15:51:03,42.3976821899414,-8.92119026184082,"Male"
"9004152",371985,2025-05-26 15:56:03,42.3976593017578,-8.92123985290527,"Male"
"9004152",371985,2025-05-26 16:01:07,42.3976516723633,-8.9214038848877,"Male"
"9004152",371985,2025-05-26 16:06:05,42.397575378418,-8.92124843597412,"Male"
"9004152",371985,2025-05-26 16:11:05,42.4018058776855,-8.90115451812744,"Male"
"9004152",371985,2025-05-26 16:23:14,42.4106025695801,-8.87769603729248,"Male"
"9004152",371985,2025-05-26 16:27:50,42.4108009338379,-8.87627029418945,"Male"
"9004152",371985,2025-05-26 16:33:39,42.411376953125,-8.87352561950684,"Male"
"9004152",371985,2025-05-26 16:39:09,42.4124336242676,-8.87312793731689,"Male"
"9004152",371985,2025-05-26 16:44:39,42.4119491577148,-8.87049674987793,"Male"
"9004152",371985,2025-05-26 16:51:14,42.4112167358398,-8.87060070037842,"Male"
"9004152",371985,2025-05-26 16:56:04,42.4111976623535,-8.8709545135498,"Male"
"9004152",371985,2025-05-26 17:01:07,42.4101982116699,-8.87057018280029,"Male"
"9004152",371985,2025-05-26 17:06:07,42.4104423522949,-8.87116718292236,"Male"
"9004152",371985,2025-05-26 17:11:06,42.4103889465332,-8.8714714050293,"Male"
"9004152",371985,2025-05-26 17:17:05,42.4102172851562,-8.8742561340332,"Male"
"9004152",371985,2025-05-26 17:21:01,42.4031219482422,-8.90655040740967,"Male"
"9004152",371985,2025-05-26 17:26:14,42.3994331359863,-8.92078590393066,"Male"
"9004152",371985,2025-05-26 17:31:05,42.3993873596191,-8.92055797576904,"Male"
"9004152",371985,2025-05-26 17:36:01,42.3994255065918,-8.92066860198975,"Male"
"9004152",371985,2025-05-26 17:41:09,42.399341583252,-8.92100524902344,"Male"
"9004152",371985,2025-05-26 17:46:14,42.3993797302246,-8.92070960998535,"Male"
"9004152",371985,2025-05-26 17:51:01,42.3978118896484,-8.92189884185791,"Male"
"9004152",371985,2025-05-26 17:56:12,42.3976402282715,-8.92151069641113,"Male"
"9004152",371985,2025-05-26 18:01:03,42.3978614807129,-8.92246055603027,"Male"
"9004152",371985,2025-05-26 18:06:09,42.397632598877,-8.92125606536865,"Male"
"9004152",371985,2025-05-26 18:11:09,42.3976783752441,-8.92137050628662,"Male"
"9004152",371985,2025-05-26 18:16:06,42.3976707458496,-8.92164325714111,"Male"
"9004152",371985,2025-05-26 18:21:07,42.3976745605469,-8.92128276824951,"Male"
"9004152",371985,2025-05-26 18:26:09,42.3976593017578,-8.92166233062744,"Male"
"9004152",371985,2025-05-26 18:31:35,42.3975296020508,-8.92123794555664,"Male"
"9004152",371985,2025-05-26 18:36:04,42.3975372314453,-8.92122554779053,"Male"
"9004152",371985,2025-05-26 18:41:10,42.3975486755371,-8.92128562927246,"Male"
"9004152",371985,2025-05-26 18:46:59,42.3975639343262,-8.92127513885498,"Male"
"9004152",371985,2025-05-26 18:51:01,42.3976135253906,-8.92138290405273,"Male"
"9004152",371985,2025-05-26 18:56:10,42.3976058959961,-8.9213695526123,"Male"
"9004152",371985,2025-05-26 19:01:02,42.3975715637207,-8.92149543762207,"Male"
"9004152",371985,2025-05-26 19:06:07,42.3977241516113,-8.92149448394775,"Male"
"9004152",371985,2025-05-26 19:11:04,42.3976516723633,-8.92137432098389,"Male"
"9004152",371985,2025-05-26 19:16:04,42.3976936340332,-8.92148303985596,"Male"
"9004152",371985,2025-05-26 19:21:03,42.3976440429688,-8.9214506149292,"Male"
"9004152",371985,2025-05-26 19:26:04,42.397705078125,-8.92159271240234,"Male"
"9004152",371985,2025-05-26 19:32:14,42.3977355957031,-8.92153835296631,"Male"
"9004152",371985,2025-05-26 19:36:08,42.3977584838867,-8.92167282104492,"Male"
"9004152",371985,2025-05-26 19:41:44,42.397705078125,-8.92145347595215,"Male"
"9004152",371985,2025-05-26 19:46:03,42.3975601196289,-8.92140007019043,"Male"
"9004152",371985,2025-05-26 19:51:06,42.3976783752441,-8.92133140563965,"Male"
"9004152",371985,2025-05-26 19:56:04,42.3977355957031,-8.92135238647461,"Male"
"9004152",371985,2025-05-26 20:01:02,42.3976287841797,-8.92144584655762,"Male"
"9004152",371985,2025-05-26 20:06:07,42.3979148864746,-8.92182922363281,"Male"
"9004152",371985,2025-05-26 20:11:08,42.3976211547852,-8.92145729064941,"Male"
"9004152",371985,2025-05-26 20:16:10,42.3978271484375,-8.92149639129639,"Male"
"9004152",371985,2025-05-26 20:21:03,42.3977165222168,-8.92161083221436,"Male"
"9004152",371985,2025-05-26 20:26:07,42.3976593017578,-8.92121982574463,"Male"
"9004152",371985,2025-05-26 20:31:44,42.3976974487305,-8.92141914367676,"Male"
"9004152",371985,2025-05-26 20:36:01,42.3976211547852,-8.92142581939697,"Male"
"9004152",371985,2025-05-26 20:41:02,42.3977928161621,-8.92163467407227,"Male"
"9004152",371985,2025-05-26 20:46:03,42.3978729248047,-8.92185592651367,"Male"
"9004152",371985,2025-05-26 20:51:06,42.3977699279785,-8.92180633544922,"Male"
"9004152",371985,2025-05-26 20:56:06,42.3979873657227,-8.92199230194092,"Male"
"9004152",371985,2025-05-26 21:01:01,42.3978042602539,-8.92200660705566,"Male"
"9004152",371985,2025-05-26 21:06:02,42.3977508544922,-8.9216423034668,"Male"
"9004152",371985,2025-05-26 21:11:10,42.3976554870605,-8.92153358459473,"Male"
"9004152",371985,2025-05-26 21:16:08,42.3976707458496,-8.92155456542969,"Male"
"9004152",371985,2025-05-26 21:21:44,42.3979415893555,-8.92212390899658,"Male"
"9004152",371985,2025-05-26 21:26:03,42.3976745605469,-8.92148208618164,"Male"
"9004152",371985,2025-05-26 21:31:01,42.3976058959961,-8.92128562927246,"Male"
"9004152",371985,2025-05-26 21:36:03,42.3976707458496,-8.92161178588867,"Male"
"9004152",371985,2025-05-26 21:41:03,42.3975982666016,-8.92139911651611,"Male"
"9004152",371985,2025-05-26 21:46:14,42.3976135253906,-8.92142200469971,"Male"
"9004152",371985,2025-05-26 21:51:01,42.3975639343262,-8.92147541046143,"Male"
"9004152",371985,2025-05-26 21:56:14,42.397632598877,-8.92150783538818,"Male"
"9004152",371985,2025-05-26 22:01:06,42.3975677490234,-8.92142677307129,"Male"
"9004152",371985,2025-05-26 22:06:01,42.397575378418,-8.92141628265381,"Male"
"9004152",371985,2025-05-26 22:11:01,42.3975944519043,-8.92140483856201,"Male"
"9004152",371985,2025-05-26 22:16:01,42.3975372314453,-8.92131328582764,"Male"
"9004152",371985,2025-05-26 22:21:02,42.3975868225098,-8.92131900787354,"Male"
"9004152",371985,2025-05-26 22:26:06,42.3975791931152,-8.92135524749756,"Male"
"9004152",371985,2025-05-26 22:31:35,42.3975868225098,-8.92138957977295,"Male"
"9004152",371985,2025-05-26 22:36:02,42.3976287841797,-8.921462059021,"Male"
"9004152",371985,2025-05-26 22:41:04,42.3976860046387,-8.92138290405273,"Male"
"9004152",371985,2025-05-26 22:47:14,42.3976440429688,-8.92152309417725,"Male"
"9004152",371985,2025-05-26 22:51:04,42.397777557373,-8.92173099517822,"Male"
"9004152",371985,2025-05-26 22:56:06,42.3976707458496,-8.92166614532471,"Male"
"9004152",371985,2025-05-26 23:02:14,42.3976860046387,-8.92168235778809,"Male"
"9004152",371985,2025-05-26 23:06:02,42.3978538513184,-8.92147827148438,"Male"
"9004152",371985,2025-05-26 23:11:02,42.397632598877,-8.92156028747559,"Male"
"9004152",371985,2025-05-26 23:16:02,42.3976898193359,-8.92151832580566,"Male"
"9004152",371985,2025-05-26 23:21:02,42.3976211547852,-8.92154598236084,"Male"
"9004152",371985,2025-05-26 23:26:04,42.3976554870605,-8.92150688171387,"Male"
"9004152",371985,2025-05-26 23:31:03,42.3976554870605,-8.92162799835205,"Male"
"9004152",371985,2025-05-26 23:36:04,42.3976516723633,-8.92162704467773,"Male"
"9004152",371985,2025-05-26 23:41:03,42.3976554870605,-8.92173957824707,"Male"
"9004152",371985,2025-05-26 23:46:35,42.3976249694824,-8.92147922515869,"Male"
"9004152",371985,2025-05-26 23:51:02,42.3976745605469,-8.92146396636963,"Male"
"9004152",371985,2025-05-26 23:56:01,42.3976364135742,-8.92154216766357,"Male"
"9004152",371985,2025-05-27 00:01:01,42.3975982666016,-8.9214334487915,"Male"
"9004152",371985,2025-05-27 00:06:06,42.3975791931152,-8.92149925231934,"Male"
"9004152",371985,2025-05-27 00:11:36,42.3976745605469,-8.92159080505371,"Male"
"9004152",371985,2025-05-27 00:16:03,42.3977088928223,-8.92171192169189,"Male"
"9004152",371985,2025-05-27 00:21:02,42.3976020812988,-8.92159938812256,"Male"
"9004152",371985,2025-05-27 00:26:01,42.3975830078125,-8.92162132263184,"Male"
"9004152",371985,2025-05-27 00:31:04,42.3976631164551,-8.92160987854004,"Male"
"9004152",371985,2025-05-27 00:36:03,42.3976058959961,-8.92155933380127,"Male"
"9004152",371985,2025-05-27 00:41:14,42.3976211547852,-8.92165279388428,"Male"
"9004152",371985,2025-05-27 00:46:01,42.3977203369141,-8.92179203033447,"Male"
"9004152",371985,2025-05-27 00:51:03,42.3976287841797,-8.92172431945801,"Male"
"9004152",371985,2025-05-27 00:56:35,42.3976249694824,-8.92166423797607,"Male"
"9004152",371985,2025-05-27 01:01:02,42.3975830078125,-8.92166328430176,"Male"
"9004152",371985,2025-05-27 01:06:01,42.3972663879395,-8.92170715332031,"Male"
"9004152",371985,2025-05-27 01:11:09,42.3976211547852,-8.92159461975098,"Male"
"9004152",371985,2025-05-27 01:16:02,42.3974952697754,-8.92153549194336,"Male"
"9004152",371985,2025-05-27 01:21:09,42.3976402282715,-8.92139434814453,"Male"
"9004152",371985,2025-05-27 01:26:09,42.3976402282715,-8.92148303985596,"Male"
"9004152",371985,2025-05-27 01:31:03,42.3975715637207,-8.9213695526123,"Male"
"9004152",371985,2025-05-27 01:36:14,42.3976707458496,-8.92186164855957,"Male"
"9004152",371985,2025-05-27 01:41:04,42.3977241516113,-8.92187118530273,"Male"
"9004152",371985,2025-05-27 01:46:03,42.3977661132812,-8.92187023162842,"Male"
"9004152",371985,2025-05-27 01:51:06,42.3977470397949,-8.92193794250488,"Male"
"9004152",371985,2025-05-27 01:56:06,42.3977966308594,-8.92182636260986,"Male"
"9004152",371985,2025-05-27 02:01:32,42.3978080749512,-8.92173671722412,"Male"
"9004152",371985,2025-05-27 02:06:04,42.3979263305664,-8.92176342010498,"Male"
"9004152",371985,2025-05-27 02:11:07,42.3978500366211,-8.921706199646,"Male"
"9004152",371985,2025-05-27 02:16:06,42.3978004455566,-8.92177104949951,"Male"
"9004152",371985,2025-05-27 02:21:09,42.3976745605469,-8.92182731628418,"Male"
"9004152",371985,2025-05-27 02:26:13,42.3977813720703,-8.92176151275635,"Male"
"9004152",371985,2025-05-27 02:32:25,42.3976516723633,-8.92171382904053,"Male"
"9004152",371985,2025-05-27 02:37:25,42.3978042602539,-8.92173480987549,"Male"
"9004152",371985,2025-05-27 02:42:25,42.397777557373,-8.92161083221436,"Male"
"9004152",371985,2025-05-27 02:46:14,42.3977203369141,-8.92167186737061,"Male"
"9004152",371985,2025-05-27 02:51:06,42.3977394104004,-8.92185211181641,"Male"
"9004152",371985,2025-05-27 02:56:04,42.3977584838867,-8.92153930664062,"Male"
"9004152",371985,2025-05-27 03:02:25,42.3976707458496,-8.92164039611816,"Male"
"9004152",371985,2025-05-27 03:07:04,42.3976402282715,-8.9216194152832,"Male"
"9004152",371985,2025-05-27 03:11:03,42.3976974487305,-8.92161178588867,"Male"
"9004152",371985,2025-05-27 03:16:03,42.3977165222168,-8.92171478271484,"Male"
"9004152",371985,2025-05-27 03:21:07,42.3976287841797,-8.92161655426025,"Male"
"9004152",371985,2025-05-27 03:26:06,42.3976974487305,-8.92153263092041,"Male"
"9004152",371985,2025-05-27 03:31:04,42.3976593017578,-8.9216480255127,"Male"
"9004152",371985,2025-05-27 03:36:07,42.3976745605469,-8.92161273956299,"Male"
"9004152",371985,2025-05-27 03:41:07,42.3976516723633,-8.92160987854004,"Male"
"9004152",371985,2025-05-27 03:46:14,42.3977127075195,-8.9216365814209,"Male"
"9004152",371985,2025-05-27 03:51:07,42.3976593017578,-8.92170715332031,"Male"
"9004152",371985,2025-05-27 03:56:14,42.397762298584,-8.92176818847656,"Male"
"9004152",371985,2025-05-27 04:01:06,42.3977928161621,-8.92165088653564,"Male"
"9004152",371985,2025-05-27 04:06:03,42.3978424072266,-8.92177867889404,"Male"
"9004152",371985,2025-05-27 04:11:14,42.397777557373,-8.9217357635498,"Male"
"9004152",371985,2025-05-27 04:16:03,42.3978157043457,-8.92216491699219,"Male"
"9004152",371985,2025-05-27 04:21:01,42.3977661132812,-8.92188453674316,"Male"
"9004152",371985,2025-05-27 04:26:01,42.3977088928223,-8.92158985137939,"Male"
"9004152",371985,2025-05-27 04:31:01,42.3977661132812,-8.92162322998047,"Male"
"9004152",371985,2025-05-27 04:36:02,42.3976898193359,-8.92168045043945,"Male"
"9004152",371985,2025-05-27 04:41:01,42.3977699279785,-8.92168807983398,"Male"
"9004152",371985,2025-05-27 04:46:35,42.3976669311523,-8.92159843444824,"Male"
"9004152",371985,2025-05-27 04:51:01,42.3976898193359,-8.92166996002197,"Male"
"9004152",371985,2025-05-27 04:57:25,42.3976745605469,-8.92158889770508,"Male"
"9004152",371985,2025-05-27 05:01:01,42.3975296020508,-8.92178916931152,"Male"
"9004152",371985,2025-05-27 05:06:03,42.3975448608398,-8.92178726196289,"Male"
"9004152",371985,2025-05-27 05:11:04,42.3976211547852,-8.92139530181885,"Male"
"9004152",371985,2025-05-27 05:16:02,42.3975982666016,-8.92154788970947,"Male"
"9004152",371985,2025-05-27 05:21:07,42.3977088928223,-8.92154979705811,"Male"
"9004152",371985,2025-05-27 05:26:03,42.3976211547852,-8.92155456542969,"Male"
"9004152",371985,2025-05-27 05:31:06,42.3976974487305,-8.9215145111084,"Male"
"9004152",371985,2025-05-27 05:36:01,42.3974571228027,-8.92160892486572,"Male"
"9004152",371985,2025-05-27 05:41:02,42.3976287841797,-8.92039680480957,"Male"
"9004152",371985,2025-05-27 05:46:02,42.3975296020508,-8.92021369934082,"Male"
"9004152",371985,2025-05-27 05:51:01,42.3975791931152,-8.92012882232666,"Male"
"9004152",371985,2025-05-27 05:56:02,42.3975257873535,-8.92021656036377,"Male"
"9004152",371985,2025-05-27 06:01:02,42.3974647521973,-8.92011070251465,"Male"
"9004152",371985,2025-05-27 06:06:02,42.3975105285645,-8.92012691497803,"Male"
"9004152",371985,2025-05-27 06:11:02,42.397590637207,-8.92008781433105,"Male"
"9004152",371985,2025-05-27 06:16:02,42.3976249694824,-8.92018413543701,"Male"
"9004152",371985,2025-05-27 06:21:02,42.3976593017578,-8.92008399963379,"Male"
"9004152",371985,2025-05-27 06:26:02,42.3977088928223,-8.9201192855835,"Male"
"9004152",371985,2025-05-27 06:31:02,42.3975982666016,-8.92010879516602,"Male"
"9004152",371985,2025-05-27 06:36:06,42.4005317687988,-8.90166091918945,"Male"
"9004152",371985,2025-05-27 06:41:31,42.404369354248,-8.89485931396484,"Male"
"9004152",371985,2025-05-27 06:46:30,42.4031639099121,-8.89465618133545,"Male"
"9004152",371985,2025-05-27 06:51:55,42.4036979675293,-8.88841915130615,"Male"
"9004152",371985,2025-05-27 06:56:42,42.4033470153809,-8.88736915588379,"Male"
"9004152",371985,2025-05-27 07:01:43,42.4046096801758,-8.88211917877197,"Male"
"9004152",371985,2025-05-27 07:06:41,42.4082107543945,-8.87431049346924,"Male"
"9004152",371985,2025-05-27 07:11:48,42.4080505371094,-8.874267578125,"Male"
"9004152",371985,2025-05-27 07:16:47,42.4075012207031,-8.87363815307617,"Male"
"9004152",371985,2025-05-27 07:21:47,42.4072265625,-8.8837308883667,"Male"
"9004152",371985,2025-05-27 07:26:48,42.3971633911133,-8.92015552520752,"Male"
"9004152",371985,2025-05-27 07:32:15,42.397087097168,-8.91987705230713,"Male"
"9004152",371985,2025-05-27 07:36:47,42.3970565795898,-8.9197244644165,"Male"
"9004152",371985,2025-05-27 07:41:47,42.3971557617188,-8.92001152038574,"Male"
"9004152",371985,2025-05-27 07:46:48,42.3976287841797,-8.9216890335083,"Male"
"9004152",371985,2025-05-27 07:51:47,42.3975486755371,-8.92139911651611,"Male"
"9004152",371985,2025-05-27 07:56:47,42.3975067138672,-8.92146396636963,"Male"
"9004152",371985,2025-05-27 08:01:51,42.397632598877,-8.921555519104,"Male"
"9004152",371985,2025-05-27 08:06:49,42.397632598877,-8.92148494720459,"Male"
"9004152",371985,2025-05-27 08:11:50,42.3975830078125,-8.92150402069092,"Male"
"9004152",371985,2025-05-27 08:16:49,42.3975486755371,-8.92143058776855,"Male"
"9004152",371985,2025-05-27 08:21:53,42.3975868225098,-8.92124271392822,"Male"
"9004152",371985,2025-05-27 08:26:46,42.3978233337402,-8.92185497283936,"Male"
"9004152",371985,2025-05-27 08:32:15,42.397533416748,-8.9215259552002,"Male"
"9004152",371985,2025-05-27 08:36:54,42.3975524902344,-8.92155170440674,"Male"
"9004152",371985,2025-05-27 08:42:00,42.3975601196289,-8.92155265808105,"Male"
"9004152",371985,2025-05-27 08:47:15,42.3976249694824,-8.92135429382324,"Male"
"9004152",371985,2025-05-27 08:52:00,42.3975868225098,-8.92133808135986,"Male"
"9004152",371985,2025-05-27 08:56:49,42.3979911804199,-8.92216205596924,"Male"
"9004152",371985,2025-05-27 09:01:50,42.3972206115723,-8.92087268829346,"Male"
"9004152",371985,2025-05-27 09:07:12,42.3973808288574,-8.92111778259277,"Male"
"9004152",371985,2025-05-27 09:11:59,42.3974990844727,-8.92120361328125,"Male"
"9004152",371985,2025-05-27 09:16:54,42.3975486755371,-8.92115116119385,"Male"
"9004152",371985,2025-05-27 09:21:53,42.3974609375,-8.92118263244629,"Male"
"9004152",371985,2025-05-27 09:26:48,42.3974990844727,-8.92116641998291,"Male"
"9004152",371985,2025-05-27 09:32:05,42.3975791931152,-8.92158603668213,"Male"
"9004152",371985,2025-05-27 09:36:52,42.3975868225098,-8.92147636413574,"Male"
"9004152",371985,2025-05-27 09:41:53,42.3975830078125,-8.9216833114624,"Male"
"9004152",371985,2025-05-27 09:47:05,42.3976211547852,-8.92164421081543,"Male"
"9004152",371985,2025-05-27 09:51:46,42.3974304199219,-8.92178821563721,"Male"
"9004152",371985,2025-05-27 09:56:47,42.3976402282715,-8.92133522033691,"Male"
"9004152",371985,2025-05-27 10:01:54,42.3977165222168,-8.92096519470215,"Male"
"9004152",371985,2025-05-27 10:07:12,42.3976173400879,-8.92113590240479,"Male"
"9004152",371985,2025-05-27 10:11:51,42.3975982666016,-8.92115020751953,"Male"
"9004152",371985,2025-05-27 10:16:47,42.4004554748535,-8.90730285644531,"Male"
"9004152",371985,2025-05-27 10:21:47,42.409610748291,-8.87566566467285,"Male"
"9004152",371985,2025-05-27 10:26:51,42.4105033874512,-8.87437057495117,"Male"
"9004152",371985,2025-05-27 10:32:39,42.4104881286621,-8.87344074249268,"Male"
"9004152",371985,2025-05-27 10:37:36,42.4103622436523,-8.87244319915771,"Male"
"9004152",371985,2025-05-27 10:42:38,42.4107971191406,-8.87145328521729,"Male"
"9004152",371985,2025-05-27 10:47:36,42.4111328125,-8.8709659576416,"Male"
"9004152",371985,2025-05-27 10:53:24,42.4103584289551,-8.87041664123535,"Male"
"9004152",371985,2025-05-27 10:58:31,42.4098434448242,-8.87082862854004,"Male"
"9004152",371985,2025-05-27 11:04:24,42.4094848632812,-8.87010955810547,"Male"
"9004152",371985,2025-05-27 11:09:25,42.4090766906738,-8.87024402618408,"Male"
"9004152",371985,2025-05-27 11:14:24,42.408634185791,-8.87140464782715,"Male"
"9004152",371985,2025-05-27 11:19:25,42.410343170166,-8.87166881561279,"Male"
"9004152",371985,2025-05-27 11:24:24,42.3984489440918,-8.85770511627197,"Male"
"9004152",371985,2025-05-27 11:29:25,42.3985290527344,-8.85763549804688,"Male"
"9004152",371985,2025-05-27 11:34:24,42.3984680175781,-8.85764598846436,"Male"
"9004152",371985,2025-05-27 11:39:24,42.3982963562012,-8.85787868499756,"Male"
"9004152",371985,2025-05-27 11:44:24,42.398567199707,-8.85767459869385,"Male"
"9004152",371985,2025-05-27 11:49:24,42.3984489440918,-8.85773754119873,"Male"
"9004152",371985,2025-05-27 11:54:35,42.398551940918,-8.85795974731445,"Male"
"9004152",371985,2025-05-27 11:59:14,42.3984565734863,-8.85810279846191,"Male"
"9004152",371985,2025-05-27 12:04:13,42.3984870910645,-8.85838413238525,"Male"
"9004152",371985,2025-05-27 12:09:16,42.3977890014648,-8.86076354980469,"Male"
"9004152",371985,2025-05-27 12:14:24,42.398551940918,-8.85792255401611,"Male"
"9004152",371985,2025-05-27 12:19:23,42.3984832763672,-8.85811233520508,"Male"
"9004152",371985,2025-05-27 12:24:16,42.3987159729004,-8.85738754272461,"Male"
"9004152",371985,2025-05-27 12:29:24,42.3986053466797,-8.85771942138672,"Male"
"9004152",371985,2025-05-27 12:34:13,42.3988304138184,-8.8572244644165,"Male"
"9004152",371985,2025-05-27 12:39:19,42.3985900878906,-8.85788631439209,"Male"
"9004152",371985,2025-05-27 12:44:24,42.3985633850098,-8.85794925689697,"Male"
"9004152",371985,2025-05-27 12:49:13,42.3986320495605,-8.8576602935791,"Male"
"9004152",371985,2025-05-27 12:54:18,42.3985633850098,-8.85791206359863,"Male"
"9004152",371985,2025-05-27 12:59:24,42.398509979248,-8.85823154449463,"Male"
"9004152",371985,2025-05-27 13:04:13,42.3985443115234,-8.85817050933838,"Male"
"9004152",371985,2025-05-27 13:09:13,42.3985977172852,-8.858154296875,"Male"
"9004152",371985,2025-05-27 13:14:14,42.3986167907715,-8.85820007324219,"Male"
"9004152",371985,2025-05-27 13:19:14,42.3985366821289,-8.85813903808594,"Male"
"9004152",371985,2025-05-27 13:24:15,42.3985977172852,-8.85812473297119,"Male"
"9004152",371985,2025-05-27 13:29:15,42.3985900878906,-8.85807514190674,"Male"
"9004152",371985,2025-05-27 13:34:18,42.3987045288086,-8.85807704925537,"Male"
"9004152",371985,2025-05-27 13:39:14,42.3986015319824,-8.85798358917236,"Male"
"9004152",371985,2025-05-27 13:44:17,42.3985404968262,-8.85813140869141,"Male"
"9004152",371985,2025-05-27 13:49:18,42.398567199707,-8.85805892944336,"Male"
"9004152",371985,2025-05-27 13:54:15,42.3986129760742,-8.85795021057129,"Male"
"9004152",371985,2025-05-27 13:59:14,42.3986854553223,-8.85799884796143,"Male"
"9004152",371985,2025-05-27 14:04:16,42.3983993530273,-8.85804653167725,"Male"
"9004152",371985,2025-05-27 14:09:17,42.3984718322754,-8.85814380645752,"Male"
"9004152",371985,2025-05-27 14:14:35,42.3985290527344,-8.85810089111328,"Male"
"9004152",371985,2025-05-27 14:19:13,42.398567199707,-8.8580436706543,"Male"
"9004152",371985,2025-05-27 14:24:13,42.3985481262207,-8.85798740386963,"Male"
"9004152",371985,2025-05-27 14:29:14,42.3984832763672,-8.85813522338867,"Male"
"9004152",371985,2025-05-27 14:34:13,42.3985481262207,-8.85800075531006,"Male"
"9004152",371985,2025-05-27 14:39:42,42.3969917297363,-8.85890483856201,"Male"
"9004152",371985,2025-05-27 14:44:41,42.396427154541,-8.85770702362061,"Male"
"9004152",371985,2025-05-27 14:49:41,42.3962097167969,-8.85767650604248,"Male"
"9004152",371985,2025-05-27 14:54:41,42.3951606750488,-8.85704517364502,"Male"
"9004152",371985,2025-05-27 15:00:15,42.3955764770508,-8.85578727722168,"Male"
"9004152",371985,2025-05-27 15:05:59,42.3948707580566,-8.85599231719971,"Male"
"9004152",371985,2025-05-27 15:11:28,42.3954582214355,-8.85616970062256,"Male"
"9004152",371985,2025-05-27 15:17:12,42.3956298828125,-8.85694408416748,"Male"
"9004152",371985,2025-05-27 15:22:11,42.396053314209,-8.85724639892578,"Male"
"9004152",371985,2025-05-27 15:27:10,42.3963012695312,-8.85746288299561,"Male"
"9004152",371985,2025-05-27 15:32:12,42.3960571289062,-8.85731029510498,"Male"
"9004152",371985,2025-05-27 15:37:11,42.3957977294922,-8.85716247558594,"Male"
"9004152",371985,2025-05-27 15:42:34,42.3959426879883,-8.85758876800537,"Male"
"9004152",371985,2025-05-27 15:47:49,42.3966827392578,-8.85748958587646,"Male"
"9004152",371985,2025-05-27 15:53:23,42.3963966369629,-8.85736274719238,"Male"
"9004152",371985,2025-05-27 15:58:37,42.3955383300781,-8.85684871673584,"Male"
"9004152",371985,2025-05-27 16:04:23,42.3985176086426,-8.85811328887939,"Male"
"9004152",371985,2025-05-27 16:08:33,42.3985252380371,-8.85804462432861,"Male"
"9004152",371985,2025-05-27 16:13:33,42.3985443115234,-8.85808181762695,"Male"
"9004152",371985,2025-05-27 16:18:33,42.3984603881836,-8.85818386077881,"Male"
"9004152",371985,2025-05-27 16:23:33,42.3985786437988,-8.85800933837891,"Male"
"9004152",371985,2025-05-27 16:28:33,42.3985748291016,-8.85806655883789,"Male"
"9004152",371985,2025-05-27 16:33:33,42.3984794616699,-8.85813236236572,"Male"
"9004152",371985,2025-05-27 16:38:33,42.3985481262207,-8.85806083679199,"Male"
"9004152",371985,2025-05-27 16:43:33,42.3985404968262,-8.8581018447876,"Male"
"9004152",371985,2025-05-27 16:48:33,42.3993453979492,-8.86088085174561,"Male"
"9004152",371985,2025-05-27 16:53:51,42.4082221984863,-8.87108707427979,"Male"
"9004152",371985,2025-05-27 16:58:49,42.4089431762695,-8.87057876586914,"Male"
"9004152",371985,2025-05-27 17:03:50,42.4097442626953,-8.87007522583008,"Male"
"9004152",371985,2025-05-27 17:09:23,42.4104270935059,-8.87031078338623,"Male"
"9004152",371985,2025-05-27 17:14:49,42.4099617004395,-8.87076759338379,"Male"
"9004152",371985,2025-05-27 17:19:46,42.4106521606445,-8.8703784942627,"Male"
"9004152",371985,2025-05-27 17:25:16,42.4106674194336,-8.87045478820801,"Male"
"9004152",371985,2025-05-27 17:30:28,42.4096794128418,-8.87005138397217,"Male"
"9004152",371985,2025-05-27 17:35:26,42.4096298217773,-8.8706636428833,"Male"
"9004152",371985,2025-05-27 17:40:27,42.4057846069336,-8.88869762420654,"Male"
"9004152",371985,2025-05-27 17:45:26,42.3997917175293,-8.92183971405029,"Male"
"9004152",371985,2025-05-27 17:50:29,42.3977928161621,-8.92169094085693,"Male"
"9004152",371985,2025-05-27 17:55:33,42.3978080749512,-8.92138195037842,"Male"
"9004152",371985,2025-05-27 18:00:30,42.3976287841797,-8.92167663574219,"Male"
"9004152",371985,2025-05-27 18:05:44,42.3978309631348,-8.92155361175537,"Male"
"9004152",371985,2025-05-27 18:10:27,42.3976860046387,-8.92131423950195,"Male"
"9004152",371985,2025-05-27 18:15:27,42.3977432250977,-8.92152881622314,"Male"
"9004152",371985,2025-05-27 18:20:27,42.3976974487305,-8.92151546478271,"Male"
"9004152",371985,2025-05-27 18:25:29,42.3976554870605,-8.9215202331543,"Male"
"9004152",371985,2025-05-27 18:30:29,42.3977661132812,-8.92155647277832,"Male"
"9004152",371985,2025-05-27 18:35:28,42.3976402282715,-8.92136573791504,"Male"
"9004152",371985,2025-05-27 18:40:30,42.3977241516113,-8.9215841293335,"Male"
"9004152",371985,2025-05-27 18:45:30,42.397819519043,-8.92184352874756,"Male"
"9004152",371985,2025-05-27 18:50:29,42.3977966308594,-8.92173290252686,"Male"
"9004152",371985,2025-05-27 18:55:28,42.3976211547852,-8.92147731781006,"Male"
"9004152",371985,2025-05-27 19:00:27,42.3978004455566,-8.92166137695312,"Male"
"9004152",371985,2025-05-27 19:05:27,42.3977699279785,-8.9216480255127,"Male"
"9004152",371985,2025-05-27 19:10:29,42.3977661132812,-8.92164897918701,"Male"
"9004152",371985,2025-05-27 19:15:27,42.3977394104004,-8.92163276672363,"Male"
"9004152",371985,2025-05-27 19:20:43,42.3977355957031,-8.92157649993896,"Male"
"9004152",371985,2025-05-27 19:26:50,42.3976821899414,-8.92149257659912,"Male"
"9004152",371985,2025-05-27 19:30:28,42.397705078125,-8.92151927947998,"Male"
"9004152",371985,2025-05-27 19:35:26,42.3975257873535,-8.92130374908447,"Male"
"9004152",371985,2025-05-27 19:40:26,42.3976593017578,-8.92146015167236,"Male"
"9004152",371985,2025-05-27 19:45:44,42.3976249694824,-8.92139625549316,"Male"
"9004152",371985,2025-05-27 19:50:27,42.3976058959961,-8.92139148712158,"Male"
"9004152",371985,2025-05-27 19:55:26,42.3975410461426,-8.92142200469971,"Male"
"9004152",371985,2025-05-27 20:00:26,42.3975639343262,-8.9213171005249,"Male"
"9004152",371985,2025-05-27 20:05:26,42.397647857666,-8.92146396636963,"Male"
"9004152",371985,2025-05-27 20:10:26,42.3976097106934,-8.92144966125488,"Male"
"9004152",371985,2025-05-27 20:15:27,42.3976211547852,-8.92159271240234,"Male"
"9004152",371985,2025-05-27 20:20:27,42.3976554870605,-8.92151737213135,"Male"
"9004152",371985,2025-05-27 20:25:26,42.3976821899414,-8.92159652709961,"Male"
"9004152",371985,2025-05-27 20:30:44,42.3976402282715,-8.92147541046143,"Male"
"9004152",371985,2025-05-27 20:35:28,42.3976135253906,-8.92137050628662,"Male"
"9004152",371985,2025-05-27 20:40:28,42.3976058959961,-8.92147445678711,"Male"
"9004152",371985,2025-05-27 20:45:29,42.3976669311523,-8.9214563369751,"Male"
"9004152",371985,2025-05-27 20:50:29,42.3978500366211,-8.92114639282227,"Male"
"9004152",371985,2025-05-27 20:55:30,42.3976364135742,-8.92151165008545,"Male"
"9004152",371985,2025-05-27 21:00:59,42.3976821899414,-8.92155075073242,"Male"
"9004152",371985,2025-05-27 21:05:26,42.3976707458496,-8.9215612411499,"Male"
"9004152",371985,2025-05-27 21:10:27,42.3975257873535,-8.92133522033691,"Male"
"9004152",371985,2025-05-27 21:15:28,42.3978691101074,-8.92188262939453,"Male"
"9004152",371985,2025-05-27 21:20:31,42.3976440429688,-8.92139339447021,"Male"
"9004152",371985,2025-05-27 21:25:27,42.397590637207,-8.92143440246582,"Male"
"9004152",371985,2025-05-27 21:30:45,42.3975982666016,-8.92146682739258,"Male"
"9004152",371985,2025-05-27 21:35:26,42.3976058959961,-8.92141628265381,"Male"
"9004152",371985,2025-05-27 21:40:27,42.3976135253906,-8.92146682739258,"Male"
"9004152",371985,2025-05-27 21:45:26,42.3976707458496,-8.92153930664062,"Male"
"9004152",371985,2025-05-27 21:50:30,42.3976211547852,-8.92152881622314,"Male"
"9004152",371985,2025-05-27 21:55:28,42.3976440429688,-8.92147254943848,"Male"
"9004152",371985,2025-05-27 22:00:29,42.3976783752441,-8.92158985137939,"Male"
"9004152",371985,2025-05-27 22:05:31,42.3976364135742,-8.92148017883301,"Male"
"9004152",371985,2025-05-27 22:10:34,42.3976440429688,-8.92144966125488,"Male"
"9004152",371985,2025-05-27 22:15:45,42.3976097106934,-8.92144203186035,"Male"
"9004152",371985,2025-05-27 22:20:27,42.3975868225098,-8.92138481140137,"Male"
"9004152",371985,2025-05-27 22:25:26,42.3975372314453,-8.9213285446167,"Male"
"9004152",371985,2025-05-27 22:30:27,42.397647857666,-8.92152690887451,"Male"
"9004152",371985,2025-05-27 22:35:26,42.3975982666016,-8.92137145996094,"Male"
"9004152",371985,2025-05-27 22:40:26,42.3977241516113,-8.92160511016846,"Male"
"9004152",371985,2025-05-27 22:45:59,42.397632598877,-8.92146682739258,"Male"
"9004152",371985,2025-05-27 22:50:28,42.3976631164551,-8.92148017883301,"Male"
"9004152",371985,2025-05-27 22:56:05,42.3976287841797,-8.92146682739258,"Male"
"9004152",371985,2025-05-27 23:00:33,42.3975982666016,-8.92136573791504,"Male"
"9004152",371985,2025-05-27 23:05:26,42.3976020812988,-8.92134666442871,"Male"
"9004152",371985,2025-05-27 23:10:26,42.3975601196289,-8.92138576507568,"Male"
"9004152",371985,2025-05-27 23:15:28,42.3977203369141,-8.92156887054443,"Male"
"9004152",371985,2025-05-27 23:20:27,42.3977012634277,-8.92168617248535,"Male"
"9004152",371985,2025-05-27 23:25:28,42.3977394104004,-8.92194080352783,"Male"
"9004152",371985,2025-05-27 23:30:28,42.3977279663086,-8.92168140411377,"Male"
"9004152",371985,2025-05-27 23:35:28,42.3977203369141,-8.92142009735107,"Male"
"9004152",371985,2025-05-27 23:40:27,42.3976707458496,-8.92153072357178,"Male"
"9004152",371985,2025-05-27 23:45:44,42.3977432250977,-8.9217643737793,"Male"
"9004152",371985,2025-05-27 23:50:29,42.3977279663086,-8.92173194885254,"Male"
"9004152",371985,2025-05-27 23:55:29,42.3976707458496,-8.92187976837158,"Male"
"9004152",371985,2025-05-28 00:00:37,42.397647857666,-8.92184734344482,"Male"
"9004152",371985,2025-05-28 00:05:37,42.3976821899414,-8.92170429229736,"Male"
"9004152",371985,2025-05-28 00:10:31,42.3975868225098,-8.92187786102295,"Male"
"9004152",371985,2025-05-28 00:15:28,42.3976058959961,-8.92182064056396,"Male"
"9004152",371985,2025-05-28 00:20:29,42.3976440429688,-8.9217700958252,"Male"
"9004152",371985,2025-05-28 00:25:34,42.397632598877,-8.92193222045898,"Male"
"9004152",371985,2025-05-28 00:30:59,42.3976631164551,-8.92154788970947,"Male"
"9004152",371985,2025-05-28 00:35:26,42.3976974487305,-8.92159366607666,"Male"
"9004152",371985,2025-05-28 00:40:27,42.3976058959961,-8.92161464691162,"Male"
"9004152",371985,2025-05-28 00:45:26,42.3976860046387,-8.92156028747559,"Male"
"9004152",371985,2025-05-28 00:50:44,42.3976593017578,-8.92157173156738,"Male"
"9004152",371985,2025-05-28 00:55:27,42.3976249694824,-8.92155742645264,"Male"
"9004152",371985,2025-05-28 01:00:27,42.397705078125,-8.92154693603516,"Male"
"9004152",371985,2025-05-28 01:05:29,42.3976554870605,-8.92158603668213,"Male"
"9004152",371985,2025-05-28 01:10:34,42.397590637207,-8.92144775390625,"Male"
"9004152",371985,2025-05-28 01:15:31,42.3976554870605,-8.92156600952148,"Male"
"9004152",371985,2025-05-28 01:20:28,42.3976516723633,-8.92150592803955,"Male"
"9004152",371985,2025-05-28 01:25:27,42.3977928161621,-8.92204189300537,"Male"
"9004152",371985,2025-05-28 01:30:26,42.3976058959961,-8.92142677307129,"Male"
"9004152",371985,2025-05-28 01:35:28,42.3976097106934,-8.92148113250732,"Male"
"9004152",371985,2025-05-28 01:40:26,42.3975868225098,-8.92154693603516,"Male"
"9004152",371985,2025-05-28 01:45:59,42.3976593017578,-8.92152976989746,"Male"
"9004152",371985,2025-05-28 01:50:26,42.3976821899414,-8.92161083221436,"Male"
"9004152",371985,2025-05-28 01:55:26,42.3977165222168,-8.92163562774658,"Male"
"9004152",371985,2025-05-28 02:00:27,42.3976974487305,-8.92175960540771,"Male"
"9004152",371985,2025-05-28 02:05:44,42.3976135253906,-8.9215726852417,"Male"
"9004152",371985,2025-05-28 02:10:26,42.3976631164551,-8.92154502868652,"Male"
"9004152",371985,2025-05-28 02:15:27,42.3977012634277,-8.92168617248535,"Male"
"9004152",371985,2025-05-28 02:20:28,42.3976249694824,-8.92159271240234,"Male"
"9004152",371985,2025-05-28 02:25:29,42.3975563049316,-8.92136764526367,"Male"
"9004152",371985,2025-05-28 02:31:50,42.3976898193359,-8.92156791687012,"Male"
"9004152",371985,2025-05-28 02:36:50,42.3976936340332,-8.92153644561768,"Male"
"9004152",371985,2025-05-28 02:41:50,42.3976936340332,-8.92153358459473,"Male"
"9004152",371985,2025-05-28 02:45:44,42.3976783752441,-8.92156314849854,"Male"
"9004152",371985,2025-05-28 02:50:26,42.397647857666,-8.92154884338379,"Male"
"9004152",371985,2025-05-28 02:55:58,42.3977241516113,-8.92139434814453,"Male"
"9004152",371985,2025-05-28 03:00:26,42.397705078125,-8.92166042327881,"Male"
"9004152",371985,2025-05-28 03:05:26,42.3976631164551,-8.92171096801758,"Male"
"9004152",371985,2025-05-28 03:10:28,42.3975524902344,-8.92190170288086,"Male"
"9004152",371985,2025-05-28 03:15:27,42.3977699279785,-8.92146682739258,"Male"
"9004152",371985,2025-05-28 03:20:26,42.3976097106934,-8.92187309265137,"Male"
"9004152",371985,2025-05-28 03:25:26,42.3976821899414,-8.92160034179688,"Male"
"9004152",371985,2025-05-28 03:30:26,42.397388458252,-8.92211627960205,"Male"
"9004152",371985,2025-05-28 03:35:27,42.3975982666016,-8.92165756225586,"Male"
"9004152",371985,2025-05-28 03:40:30,42.3974990844727,-8.92178630828857,"Male"
"9004152",371985,2025-05-28 03:45:45,42.3976554870605,-8.92142963409424,"Male"
"9004152",371985,2025-05-28 03:50:27,42.3976249694824,-8.9215145111084,"Male"
"9004152",371985,2025-05-28 03:55:26,42.3976783752441,-8.92164134979248,"Male"
"9004152",371985,2025-05-28 04:00:28,42.3976745605469,-8.92156219482422,"Male"
"9004152",371985,2025-05-28 04:05:28,42.3977088928223,-8.92159843444824,"Male"
"9004152",371985,2025-05-28 04:10:29,42.3976898193359,-8.92177486419678,"Male"
"9004152",371985,2025-05-28 04:15:31,42.3978042602539,-8.92178726196289,"Male"
"9004152",371985,2025-05-28 04:20:36,42.3977432250977,-8.92163372039795,"Male"
"9004152",371985,2025-05-28 04:25:30,42.3978042602539,-8.92140960693359,"Male"
"9004152",371985,2025-05-28 04:31:50,42.3977699279785,-8.92171669006348,"Male"
"9004152",371985,2025-05-28 04:41:50,42.3975982666016,-8.92140483856201,"Male"
"9004152",371985,2025-05-28 04:46:50,42.3977203369141,-8.92177772521973,"Male"
"9004152",371985,2025-05-28 04:51:50,42.3976554870605,-8.92152214050293,"Male"
"9004152",371985,2025-05-28 04:55:31,42.3975982666016,-8.92170715332031,"Male"
"9004152",371985,2025-05-28 05:00:27,42.3976402282715,-8.92160320281982,"Male"
"9004152",371985,2025-05-28 05:05:29,42.3975601196289,-8.92154788970947,"Male"
"9004152",371985,2025-05-28 05:10:34,42.3977661132812,-8.92202091217041,"Male"
"9004152",371985,2025-05-28 05:15:27,42.4035034179688,-8.89214706420898,"Male"
"9004152",371985,2025-05-28 05:20:29,42.4089965820312,-8.87624549865723,"Male"
"9004152",371985,2025-05-28 05:26:13,42.4099540710449,-8.87690162658691,"Male"
"9004152",371985,2025-05-28 05:32:03,42.4107360839844,-8.87594890594482,"Male"
"9004152",371985,2025-05-28 05:37:33,42.4097061157227,-8.87432098388672,"Male"
"9004152",371985,2025-05-28 05:43:09,42.4105567932129,-8.87428855895996,"Male"
"9004152",371985,2025-05-28 05:48:31,42.4104652404785,-8.87303352355957,"Male"
"9004152",371985,2025-05-28 05:53:55,42.4104499816895,-8.87159824371338,"Male"
"9004152",371985,2025-05-28 05:59:58,42.4089775085449,-8.87165546417236,"Male"
"9004152",371985,2025-05-28 06:05:25,42.4087104797363,-8.87103843688965,"Male"
"9004152",371985,2025-05-28 06:10:31,42.4088096618652,-8.87030601501465,"Male"
"9004152",371985,2025-05-28 06:15:44,42.3985252380371,-8.85807991027832,"Male"
"9004152",371985,2025-05-28 06:20:22,42.3985290527344,-8.85835361480713,"Male"
"9004152",371985,2025-05-28 06:25:22,42.3984718322754,-8.85824489593506,"Male"
"9004152",371985,2025-05-28 06:30:22,42.3986053466797,-8.85822868347168,"Male"
"9004152",371985,2025-05-28 06:35:22,42.3985786437988,-8.85800075531006,"Male"
"9004152",371985,2025-05-28 06:40:22,42.3986549377441,-8.85806179046631,"Male"
"9004152",371985,2025-05-28 06:45:45,42.3985328674316,-8.85813808441162,"Male"
"9004152",371985,2025-05-28 06:50:22,42.3984756469727,-8.85814666748047,"Male"
"9004152",371985,2025-05-28 06:55:21,42.3985176086426,-8.85801887512207,"Male"
"9004152",371985,2025-05-28 07:00:23,42.3985481262207,-8.85807514190674,"Male"
"9004152",371985,2025-05-28 07:05:22,42.3987731933594,-8.85773658752441,"Male"
"9004152",371985,2025-05-28 07:10:23,42.398567199707,-8.85801792144775,"Male"
"9004152",371985,2025-05-28 07:15:22,42.3990440368652,-8.85753154754639,"Male"
"9004152",371985,2025-05-28 07:20:30,42.3985443115234,-8.85798835754395,"Male"
"9004152",371985,2025-05-28 07:25:24,42.3984985351562,-8.85750389099121,"Male"
"9004152",371985,2025-05-28 07:30:45,42.3985061645508,-8.85910892486572,"Male"
"9004152",371985,2025-05-28 07:35:24,42.3986854553223,-8.86540794372559,"Male"
"9004152",371985,2025-05-28 07:40:24,42.3977890014648,-8.85834312438965,"Male"
"9004152",371985,2025-05-28 07:45:55,42.3985214233398,-8.85984992980957,"Male"
"9004152",371985,2025-05-28 07:51:07,42.3996162414551,-8.86070442199707,"Male"
"9004152",371985,2025-05-28 07:56:11,42.4003372192383,-8.86162567138672,"Male"
"9004152",371985,2025-05-28 08:01:45,42.4000587463379,-8.86109352111816,"Male"
"9004152",371985,2025-05-28 08:07:12,42.4003601074219,-8.86075592041016,"Male"
"9004152",371985,2025-05-28 08:12:10,42.3999633789062,-8.86051750183105,"Male"
"9004152",371985,2025-05-28 08:25:38,42.400089263916,-8.86144542694092,"Male"
"9004152",371985,2025-05-28 08:31:05,42.4000091552734,-8.86116313934326,"Male"
"9004152",371985,2025-05-28 08:35:31,42.4040565490723,-8.86210918426514,"Male"
"9004152",371985,2025-05-28 08:40:37,42.4039878845215,-8.86167907714844,"Male"
"9004152",371985,2025-05-28 08:46:05,42.4041366577148,-8.86127758026123,"Male"
"9004152",371985,2025-05-28 08:50:28,42.4040946960449,-8.86127471923828,"Male"
"9004152",371985,2025-05-28 08:55:28,42.4041175842285,-8.86130237579346,"Male"
"9004152",371985,2025-05-28 09:00:28,42.4040985107422,-8.86138534545898,"Male"
"9004152",371985,2025-05-28 09:05:47,42.4031715393066,-8.86196804046631,"Male"
"9004152",371985,2025-05-28 09:10:46,42.4028015136719,-8.86208534240723,"Male"
"9004152",371985,2025-05-28 09:15:58,42.4016609191895,-8.86147880554199,"Male"
"9004152",371985,2025-05-28 09:21:51,42.4002151489258,-8.86104297637939,"Male"
"9004152",371985,2025-05-28 09:27:06,42.4000358581543,-8.86097526550293,"Male"
"9004152",371985,2025-05-28 09:32:52,42.3998146057129,-8.86096000671387,"Male"
"9004152",371985,2025-05-28 09:38:03,42.3985633850098,-8.86042785644531,"Male"
"9004152",371985,2025-05-28 09:43:04,42.3978614807129,-8.86007118225098,"Male"
"9004152",371985,2025-05-28 09:48:27,42.3970184326172,-8.86005687713623,"Male"
"9004152",371985,2025-05-28 09:53:50,42.3967247009277,-8.85946846008301,"Male"
"9004152",371985,2025-05-28 09:58:49,42.3973846435547,-8.86094093322754,"Male"
"9004152",371985,2025-05-28 10:03:52,42.3978500366211,-8.8620662689209,"Male"
"9004152",371985,2025-05-28 10:08:49,42.3982353210449,-8.87094688415527,"Male"
"9004152",371985,2025-05-28 10:13:49,42.3974342346191,-8.91977691650391,"Male"
"9004152",371985,2025-05-28 10:18:59,42.3975715637207,-8.92032146453857,"Male"
"9004152",371985,2025-05-28 10:23:50,42.3975677490234,-8.92032337188721,"Male"
"9004152",371985,2025-05-28 10:29:03,42.3977546691895,-8.92137145996094,"Male"
"9004152",371985,2025-05-28 10:33:49,42.3975143432617,-8.9210033416748,"Male"
"9004152",371985,2025-05-28 10:38:54,42.3975524902344,-8.92121696472168,"Male"
"9004152",371985,2025-05-28 10:44:01,42.3974990844727,-8.92153167724609,"Male"
"9004152",371985,2025-05-28 10:48:49,42.3973236083984,-8.92134761810303,"Male"
"9004152",371985,2025-05-28 10:54:01,42.3974380493164,-8.92154121398926,"Male"
"9004152",371985,2025-05-28 10:58:52,42.3970375061035,-8.92100620269775,"Male"
"9004152",371985,2025-05-28 11:03:55,42.3974304199219,-8.92151260375977,"Male"
"9004152",371985,2025-05-28 11:09:15,42.4050559997559,-8.89440631866455,"Male"
"9004152",371985,2025-05-28 11:13:49,42.4103355407715,-8.87799167633057,"Male"
"9004152",371985,2025-05-28 11:19:02,42.4101829528809,-8.87631130218506,"Male"
"9004152",371985,2025-05-28 11:24:51,42.4101409912109,-8.87582492828369,"Male"
"9004152",371985,2025-05-28 11:30:30,42.4090194702148,-8.87542343139648,"Male"
"9004152",371985,2025-05-28 11:36:20,42.4087791442871,-8.87417221069336,"Male"
"9004152",371985,2025-05-28 11:41:20,42.4085388183594,-8.87380123138428,"Male"
"9004152",371985,2025-05-28 11:50:05,42.409049987793,-8.87289810180664,"Male"
"9004152",371985,2025-05-28 11:54:48,42.4092826843262,-8.87119388580322,"Male"
"9004152",371985,2025-05-28 11:59:46,42.4094886779785,-8.87118053436279,"Male"
"9004152",371985,2025-05-28 12:04:52,42.4101066589355,-8.87142086029053,"Male"
"9004152",371985,2025-05-28 12:09:46,42.4132118225098,-8.87167644500732,"Male"
"9004152",371985,2025-05-28 12:14:46,42.4132957458496,-8.87167644500732,"Male"
"9004152",371985,2025-05-28 12:19:46,42.4133186340332,-8.87167453765869,"Male"
"9004152",371985,2025-05-28 12:24:45,42.4131813049316,-8.87165832519531,"Male"
"9004152",371985,2025-05-28 12:29:45,42.413272857666,-8.87163543701172,"Male"
"9004152",371985,2025-05-28 12:34:45,42.4132118225098,-8.87171459197998,"Male"
"9004152",371985,2025-05-28 12:39:45,42.4131622314453,-8.87167167663574,"Male"
"9004152",371985,2025-05-28 12:44:45,42.4132308959961,-8.87167930603027,"Male"
"9004152",371985,2025-05-28 12:49:45,42.4131965637207,-8.87166118621826,"Male"
"9004152",371985,2025-05-28 12:54:45,42.4123840332031,-8.87176322937012,"Male"
"9004152",371985,2025-05-28 12:59:45,42.4115447998047,-8.87224388122559,"Male"
"9004152",371985,2025-05-28 13:04:45,42.4116477966309,-8.87132930755615,"Male"
"9004152",371985,2025-05-28 13:10:09,42.4112129211426,-8.8705358505249,"Male"
"9004152",371985,2025-05-28 13:15:38,42.4110984802246,-8.87049388885498,"Male"
"9004152",371985,2025-05-28 13:23:09,42.410213470459,-8.87047863006592,"Male"
"9004152",371985,2025-05-28 13:28:30,42.4094467163086,-8.87059879302979,"Male"
"9004152",371985,2025-05-28 13:35:17,42.4102478027344,-8.87208843231201,"Male"
"9004152",371985,2025-05-28 13:41:24,42.4111061096191,-8.87156105041504,"Male"
"9004152",371985,2025-05-28 13:46:24,42.410717010498,-8.8723611831665,"Male"
"9004152",371985,2025-05-28 13:51:40,42.4099578857422,-8.87043857574463,"Male"
"9004152",371985,2025-05-28 13:57:00,42.4092483520508,-8.87028503417969,"Male"
"9004152",371985,2025-05-28 14:02:42,42.4099617004395,-8.87067985534668,"Male"
"9004152",371985,2025-05-28 14:08:16,42.4109382629395,-8.87029838562012,"Male"
"9004152",371985,2025-05-28 14:14:00,42.4117126464844,-8.8702974319458,"Male"
"9004152",371985,2025-05-28 14:19:14,42.4115295410156,-8.86988639831543,"Male"
"9004152",371985,2025-05-28 14:24:40,42.4108047485352,-8.87040996551514,"Male"
"9004152",371985,2025-05-28 14:30:09,42.4105796813965,-8.87018585205078,"Male"
"9004152",371985,2025-05-28 14:37:35,42.4114303588867,-8.8714485168457,"Male"
"9004152",371985,2025-05-28 14:42:23,42.4122619628906,-8.87115287780762,"Male"
"9004152",371985,2025-05-28 14:47:29,42.4132118225098,-8.87297248840332,"Male"
"9004152",371985,2025-05-28 14:52:44,42.4141693115234,-8.87294578552246,"Male"
"9004152",371985,2025-05-28 14:57:24,42.4142646789551,-8.87299919128418,"Male"
"9004152",371985,2025-05-28 15:02:23,42.4141807556152,-8.87300491333008,"Male"
"9004152",371985,2025-05-28 15:07:24,42.4141540527344,-8.87299156188965,"Male"
"9004152",371985,2025-05-28 15:12:24,42.4137954711914,-8.87294006347656,"Male"
"9004152",371985,2025-05-28 15:17:24,42.4139862060547,-8.87304401397705,"Male"
"9004152",371985,2025-05-28 15:22:23,42.4137916564941,-8.87282562255859,"Male"
"9004152",371985,2025-05-28 15:27:25,42.4140510559082,-8.87302112579346,"Male"
"9004152",371985,2025-05-28 15:32:23,42.4137992858887,-8.87284088134766,"Male"
"9004152",371985,2025-05-28 15:37:24,42.412410736084,-8.87297534942627,"Male"
"9004152",371985,2025-05-28 15:43:00,42.4119300842285,-8.87117862701416,"Male"
"9004152",371985,2025-05-28 15:49:24,42.4114456176758,-8.87050628662109,"Male"
"9004152",371985,2025-05-28 15:55:18,42.4106483459473,-8.87086200714111,"Male"
"9004152",371985,2025-05-28 16:08:29,42.4098587036133,-8.87062358856201,"Male"
"9004152",371985,2025-05-28 16:12:43,42.409839630127,-8.87021350860596,"Male"
"9004152",371985,2025-05-28 16:17:40,42.4093246459961,-8.86994934082031,"Male"
"9004152",371985,2025-05-28 16:22:46,42.4088020324707,-8.87111568450928,"Male"
"9004152",371985,2025-05-28 16:28:01,42.4085006713867,-8.87102222442627,"Male"
"9004152",371985,2025-05-28 16:33:11,42.4086570739746,-8.87104797363281,"Male"
"9004152",371985,2025-05-28 16:38:36,42.4097633361816,-8.87082386016846,"Male"
"9004152",371985,2025-05-28 16:43:36,42.4103126525879,-8.87075901031494,"Male"
"9004152",371985,2025-05-28 16:48:47,42.4106178283691,-8.8708324432373,"Male"
"9004152",371985,2025-05-28 16:54:21,42.4101448059082,-8.87012386322021,"Male"
"9004152",371985,2025-05-28 16:59:23,42.4102096557617,-8.87055110931396,"Male"
"9004152",371985,2025-05-28 17:04:23,42.4098701477051,-8.87101936340332,"Male"
"9004152",371985,2025-05-28 17:09:23,42.409797668457,-8.87179279327393,"Male"
"9004152",371985,2025-05-28 17:14:23,42.4020919799805,-8.90163612365723,"Male"
"9004152",371985,2025-05-28 17:19:24,42.3982276916504,-8.91883850097656,"Male"
"9004152",371985,2025-05-28 17:24:28,42.3974723815918,-8.91887283325195,"Male"
"9004152",371985,2025-05-28 17:29:25,42.3976058959961,-8.91891193389893,"Male"
"9004152",371985,2025-05-28 17:34:44,42.3977394104004,-8.919189453125,"Male"
"9004152",371985,2025-05-28 17:39:25,42.3988952636719,-8.91629123687744,"Male"
"9004152",371985,2025-05-28 17:44:44,42.3977661132812,-8.92014694213867,"Male"
"9004152",371985,2025-05-28 17:49:23,42.3970832824707,-8.9201602935791,"Male"
"9004152",371985,2025-05-28 17:54:24,42.3970031738281,-8.9201192855835,"Male"
"9004152",371985,2025-05-28 17:59:23,42.3970794677734,-8.92006778717041,"Male"
"9004152",371985,2025-05-28 18:04:24,42.3969802856445,-8.91980266571045,"Male"
"9004152",371985,2025-05-28 18:09:24,42.3970642089844,-8.92003917694092,"Male"
"9004152",371985,2025-05-28 18:14:26,42.3986206054688,-8.92162036895752,"Male"
"9004152",371985,2025-05-28 18:19:29,42.3975028991699,-8.92119693756104,"Male"
"9004152",371985,2025-05-28 18:24:24,42.397891998291,-8.92182731628418,"Male"
"9004152",371985,2025-05-28 18:29:59,42.3976402282715,-8.92149257659912,"Male"
"9004152",371985,2025-05-28 18:34:44,42.3976440429688,-8.92141437530518,"Male"
"9004152",371985,2025-05-28 18:39:24,42.3976173400879,-8.92134380340576,"Male"
"9004152",371985,2025-05-28 18:44:23,42.397647857666,-8.92144107818604,"Male"
"9004152",371985,2025-05-28 18:49:23,42.3977928161621,-8.92161750793457,"Male"
"9004152",371985,2025-05-28 18:54:23,42.3976287841797,-8.92150497436523,"Male"
"9004152",371985,2025-05-28 18:59:23,42.3977165222168,-8.92146968841553,"Male"
"9004152",371985,2025-05-28 19:04:24,42.3975448608398,-8.92129039764404,"Male"
"9004152",371985,2025-05-28 19:09:24,42.3973083496094,-8.92081260681152,"Male"
"9004152",371985,2025-05-28 19:14:59,42.3976097106934,-8.92135429382324,"Male"
"9004152",371985,2025-05-28 19:19:23,42.3976974487305,-8.92151355743408,"Male"
"9004152",371985,2025-05-28 19:24:26,42.3976936340332,-8.92142963409424,"Male"
"9004152",371985,2025-05-28 19:29:24,42.3977203369141,-8.92148017883301,"Male"
"9004152",371985,2025-05-28 19:34:41,42.3977241516113,-8.9215726852417,"Male"
"9004152",371985,2025-05-28 19:39:22,42.3976898193359,-8.92159748077393,"Male"
"9004152",371985,2025-05-28 19:44:22,42.3976402282715,-8.92149639129639,"Male"
"9004152",371985,2025-05-28 19:49:28,42.3977012634277,-8.92156410217285,"Male"
"9004152",371985,2025-05-28 19:54:24,42.3977546691895,-8.92164897918701,"Male"
"9004152",371985,2025-05-28 19:59:24,42.3976898193359,-8.92183303833008,"Male"
"9004152",371985,2025-05-28 20:04:27,42.3978576660156,-8.92194271087646,"Male"
"9004152",371985,2025-05-28 20:09:44,42.3979759216309,-8.92216968536377,"Male"
"9004152",371985,2025-05-28 20:14:26,42.3977279663086,-8.92172241210938,"Male"
"9004152",371985,2025-05-28 20:19:25,42.3976707458496,-8.92148399353027,"Male"
"9004152",371985,2025-05-28 20:24:53,42.3976936340332,-8.92147350311279,"Male"
"9004152",371985,2025-05-28 20:29:25,42.3976364135742,-8.92138576507568,"Male"
"9004152",371985,2025-05-28 20:34:29,42.3977088928223,-8.92158222198486,"Male"
"9004152",371985,2025-05-28 20:39:30,42.3977966308594,-8.92171382904053,"Male"
"9004152",371985,2025-05-28 20:44:27,42.3977317810059,-8.92161464691162,"Male"
"9004152",371985,2025-05-28 20:49:59,42.3977012634277,-8.92149829864502,"Male"
"9004152",371985,2025-05-28 20:54:24,42.3976631164551,-8.92154407501221,"Male"
"9004152",371985,2025-05-28 20:59:25,42.3976440429688,-8.92147827148438,"Male"
"9004152",371985,2025-05-28 21:04:23,42.3975982666016,-8.92149639129639,"Male"
"9004152",371985,2025-05-28 21:09:30,42.3976898193359,-8.92159843444824,"Male"
"9004152",371985,2025-05-28 21:14:26,42.3977012634277,-8.92161464691162,"Male"
"9004152",371985,2025-05-28 21:19:36,42.3976058959961,-8.92148303985596,"Male"
"9004152",371985,2025-05-28 21:24:44,42.397632598877,-8.9215202331543,"Male"
"9004152",371985,2025-05-28 21:29:23,42.3976554870605,-8.92155170440674,"Male"
"9004152",371985,2025-05-28 21:34:23,42.3976440429688,-8.9215202331543,"Male"
"9004152",371985,2025-05-28 21:39:22,42.3977432250977,-8.92173480987549,"Male"
"9004152",371985,2025-05-28 21:44:23,42.3978118896484,-8.92194938659668,"Male"
"9004152",371985,2025-05-28 21:49:59,42.3976211547852,-8.92152881622314,"Male"
"9004152",371985,2025-05-28 21:54:22,42.3976249694824,-8.92159175872803,"Male"
"9004152",371985,2025-05-28 21:59:22,42.397647857666,-8.92161655426025,"Male"
"9004152",371985,2025-05-28 22:04:22,42.3976249694824,-8.92160606384277,"Male"
"9004152",371985,2025-05-28 22:09:23,42.3976783752441,-8.92159271240234,"Male"
"9004152",371985,2025-05-28 22:14:22,42.397632598877,-8.9215841293335,"Male"
"9004152",371985,2025-05-28 22:19:22,42.3975944519043,-8.92159366607666,"Male"
"9004152",371985,2025-05-28 22:24:24,42.3976707458496,-8.92178344726562,"Male"
"9004152",371985,2025-05-28 22:29:24,42.3976669311523,-8.92185401916504,"Male"
"9004152",371985,2025-05-28 22:34:24,42.3975677490234,-8.92107009887695,"Male"
"9004152",371985,2025-05-28 22:39:25,42.3976211547852,-8.92201328277588,"Male"
"9004152",371985,2025-05-28 22:44:44,42.3975868225098,-8.92139625549316,"Male"
"9004152",371985,2025-05-28 22:49:31,42.3975791931152,-8.92141056060791,"Male"
"9004152",371985,2025-05-28 22:54:24,42.3975448608398,-8.92135810852051,"Male"
"9004152",371985,2025-05-28 22:59:23,42.3976097106934,-8.92136764526367,"Male"
"9004152",371985,2025-05-28 23:04:23,42.3976440429688,-8.92148399353027,"Male"
"9004152",371985,2025-05-28 23:09:22,42.3976974487305,-8.92162036895752,"Male"
"9004152",371985,2025-05-28 23:14:24,42.3976173400879,-8.92144584655762,"Male"
"9004152",371985,2025-05-28 23:19:24,42.3976554870605,-8.92140007019043,"Male"
"9004152",371985,2025-05-28 23:24:23,42.3976860046387,-8.92158222198486,"Male"
"9004152",371985,2025-05-28 23:29:27,42.3976020812988,-8.92139530181885,"Male"
"9004152",371985,2025-05-28 23:34:59,42.3976745605469,-8.92157077789307,"Male"
"9004152",371985,2025-05-28 23:39:26,42.3975219726562,-8.92114543914795,"Male"
"9004152",371985,2025-05-28 23:44:29,42.3976440429688,-8.92160701751709,"Male"
"9004152",371985,2025-05-28 23:49:26,42.3977088928223,-8.9216947555542,"Male"
"9004152",371985,2025-05-28 23:54:28,42.3976898193359,-8.92172431945801,"Male"
"9004152",371985,2025-05-28 23:59:28,42.3979301452637,-8.92268753051758,"Male"
"9004152",371985,2025-05-29 00:04:30,42.3976364135742,-8.92167186737061,"Male"
"9004152",371985,2025-05-29 00:09:42,42.3975791931152,-8.92153263092041,"Male"
"9004152",371985,2025-05-29 00:14:31,42.3976783752441,-8.92184638977051,"Male"
"9004152",371985,2025-05-29 00:19:54,42.3976898193359,-8.92147922515869,"Male"
"9004152",371985,2025-05-29 00:24:42,42.3977088928223,-8.92146015167236,"Male"
"9004152",371985,2025-05-29 00:30:03,42.3977165222168,-8.92117404937744,"Male"
"9004152",371985,2025-05-29 00:34:24,42.3976516723633,-8.92109203338623,"Male"
"9004152",371985,2025-05-29 00:39:28,42.3976440429688,-8.9214916229248,"Male"
"9004152",371985,2025-05-29 00:44:25,42.3976936340332,-8.92125034332275,"Male"
"9004152",371985,2025-05-29 00:49:59,42.3976631164551,-8.92129325866699,"Male"
"9004152",371985,2025-05-29 00:54:22,42.3976821899414,-8.9213695526123,"Male"
"9004152",371985,2025-05-29 00:59:22,42.3975410461426,-8.92118835449219,"Male"
"9004152",371985,2025-05-29 01:04:22,42.3976593017578,-8.92131900787354,"Male"
"9004152",371985,2025-05-29 01:09:22,42.3974990844727,-8.92121028900146,"Male"
"9004152",371985,2025-05-29 01:14:22,42.3975830078125,-8.92120361328125,"Male"
"9004152",371985,2025-05-29 01:19:22,42.3976135253906,-8.92122840881348,"Male"
"9004152",371985,2025-05-29 01:24:22,42.3976058959961,-8.92124462127686,"Male"
"9004152",371985,2025-05-29 01:29:22,42.3976593017578,-8.9212474822998,"Male"
"9004152",371985,2025-05-29 01:34:22,42.3977355957031,-8.92151641845703,"Male"
"9004152",371985,2025-05-29 01:39:23,42.3976364135742,-8.92135047912598,"Male"
"9004152",371985,2025-05-29 01:44:22,42.3976974487305,-8.92141151428223,"Male"
"9004152",371985,2025-05-29 01:49:43,42.3976669311523,-8.92155933380127,"Male"
"9004152",371985,2025-05-29 01:54:22,42.3976593017578,-8.92147636413574,"Male"
"9004152",371985,2025-05-29 01:59:22,42.3976821899414,-8.9214973449707,"Male"
"9004152",371985,2025-05-29 02:04:22,42.3977546691895,-8.92170238494873,"Male"
"9004152",371985,2025-05-29 02:09:22,42.3977088928223,-8.92161750793457,"Male"
"9004152",371985,2025-05-29 02:14:22,42.3977394104004,-8.92161464691162,"Male"
"9004152",371985,2025-05-29 02:19:22,42.3976898193359,-8.92163562774658,"Male"
"9004152",371985,2025-05-29 02:24:22,42.3977813720703,-8.92174053192139,"Male"
"9004152",371985,2025-05-29 02:29:22,42.3978042602539,-8.92158699035645,"Male"
"9004152",371985,2025-05-29 02:34:22,42.3977317810059,-8.92161083221436,"Male"
"9004152",371985,2025-05-29 02:39:25,42.3977546691895,-8.92157936096191,"Male"
"9004152",371985,2025-05-29 02:44:28,42.3977355957031,-8.92151737213135,"Male"
"9004152",371985,2025-05-29 02:50:47,42.3975639343262,-8.92171192169189,"Male"
"9004152",371985,2025-05-29 02:55:27,42.3976364135742,-8.92165946960449,"Male"
"9004152",371985,2025-05-29 02:59:23,42.3976211547852,-8.92178440093994,"Male"
"9004152",371985,2025-05-29 03:04:22,42.3976516723633,-8.92160701751709,"Male"
"9004152",371985,2025-05-29 03:09:22,42.3977012634277,-8.92168521881104,"Male"
"9004152",371985,2025-05-29 03:14:24,42.3976707458496,-8.92172622680664,"Male"
"9004152",371985,2025-05-29 03:19:26,42.397575378418,-8.92153358459473,"Male"
"9004152",371985,2025-05-29 03:24:26,42.3976554870605,-8.92157554626465,"Male"
"9004152",371985,2025-05-29 03:29:22,42.3977508544922,-8.92177867889404,"Male"
"9004152",371985,2025-05-29 03:34:24,42.3976440429688,-8.92197036743164,"Male"
"9004152",371985,2025-05-29 03:39:24,42.3974952697754,-8.92159652709961,"Male"
"9004152",371985,2025-05-29 03:44:23,42.3972511291504,-8.92115879058838,"Male"
"9004152",371985,2025-05-29 03:49:23,42.3976135253906,-8.92170333862305,"Male"
"9004152",371985,2025-05-29 03:54:25,42.3978118896484,-8.92189788818359,"Male"
"9004152",371985,2025-05-29 03:59:25,42.3977279663086,-8.92175769805908,"Male"
"9004152",371985,2025-05-29 04:04:23,42.3976821899414,-8.9216890335083,"Male"
"9004152",371985,2025-05-29 04:09:25,42.3977432250977,-8.92164516448975,"Male"
"9004152",371985,2025-05-29 04:14:23,42.3976593017578,-8.92147922515869,"Male"
"9004152",371985,2025-05-29 04:19:57,42.3976974487305,-8.92153072357178,"Male"
"9004152",371985,2025-05-29 04:24:23,42.3977203369141,-8.9215145111084,"Male"
"9004152",371985,2025-05-29 04:29:44,42.3976287841797,-8.92148685455322,"Male"
"9004152",371985,2025-05-29 04:34:24,42.3975715637207,-8.92147159576416,"Male"
"9004152",371985,2025-05-29 04:39:25,42.3976249694824,-8.92135429382324,"Male"
"9004152",371985,2025-05-29 04:44:23,42.397289276123,-8.92148876190186,"Male"
"9004152",371985,2025-05-29 04:49:44,42.3975372314453,-8.92138481140137,"Male"
"9004152",371985,2025-05-29 04:55:47,42.3976669311523,-8.92148017883301,"Male"
"9004152",371985,2025-05-29 04:59:44,42.3976287841797,-8.92159938812256,"Male"
"9004152",371985,2025-05-29 05:05:47,42.3977088928223,-8.9220552444458,"Male"
"9004152",371985,2025-05-29 05:09:59,42.3976402282715,-8.92157173156738,"Male"
"9004152",371985,2025-05-29 05:14:24,42.3977012634277,-8.92148399353027,"Male"
"9004152",371985,2025-05-29 05:19:24,42.3977584838867,-8.92146301269531,"Male"
"9004152",371985,2025-05-29 05:24:27,42.397575378418,-8.92154121398926,"Male"
"9004152",371985,2025-05-29 05:29:25,42.3975791931152,-8.92155933380127,"Male"
"9004152",371985,2025-05-29 05:34:22,42.3977241516113,-8.92150974273682,"Male"
"9004152",371985,2025-05-29 05:39:22,42.3977470397949,-8.92151832580566,"Male"
"9004152",371985,2025-05-29 05:44:23,42.3976669311523,-8.92148971557617,"Male"
"9004152",371985,2025-05-29 05:49:43,42.3976593017578,-8.92155265808105,"Male"
"9004152",371985,2025-05-29 05:54:22,42.3977279663086,-8.92157077789307,"Male"
"9004152",371985,2025-05-29 05:59:22,42.3974380493164,-8.9199857711792,"Male"
"9004152",371985,2025-05-29 06:04:22,42.3975715637207,-8.92004299163818,"Male"
"9004152",371985,2025-05-29 06:09:22,42.4053916931152,-8.88709545135498,"Male"
"9004152",371985,2025-05-29 06:16:24,42.4093894958496,-8.87422180175781,"Male"
"9004152",371985,2025-05-29 06:21:42,42.4081954956055,-8.87416934967041,"Male"
"9004152",371985,2025-05-29 06:27:02,42.407886505127,-8.87330532073975,"Male"
"9004152",371985,2025-05-29 06:32:01,42.4080810546875,-8.87279033660889,"Male"
"9004152",371985,2025-05-29 06:37:46,42.4091262817383,-8.87171173095703,"Male"
"9004152",371985,2025-05-29 06:43:09,42.4104270935059,-8.8705587387085,"Male"
"9004152",371985,2025-05-29 06:48:36,42.4095993041992,-8.87026023864746,"Male"
"9004152",371985,2025-05-29 06:53:36,42.4092788696289,-8.87006855010986,"Male"
"9004152",371985,2025-05-29 06:58:35,42.410400390625,-8.87088871002197,"Male"
"9004152",371985,2025-05-29 07:04:07,42.4111480712891,-8.87163257598877,"Male"
"9004152",371985,2025-05-29 07:09:12,42.4109115600586,-8.87076377868652,"Male"
"9004152",371985,2025-05-29 07:14:14,42.3984222412109,-8.85805797576904,"Male"
"9004152",371985,2025-05-29 07:19:09,42.3984756469727,-8.85796642303467,"Male"
"9004152",371985,2025-05-29 07:24:07,42.3984603881836,-8.85801315307617,"Male"
"9004152",371985,2025-05-29 07:29:07,42.3985633850098,-8.85800170898438,"Male"
"9004152",371985,2025-05-29 07:34:06,42.3981819152832,-8.85801887512207,"Male"
"9004152",371985,2025-05-29 07:39:12,42.3985290527344,-8.85793590545654,"Male"
"9004152",371985,2025-05-29 07:44:18,42.3985328674316,-8.85795879364014,"Male"
"9004152",371985,2025-05-29 07:49:35,42.398624420166,-8.85806083679199,"Male"
"9004152",371985,2025-05-29 07:54:05,42.3982887268066,-8.8580493927002,"Male"
"9004152",371985,2025-05-29 07:59:09,42.398265838623,-8.85783386230469,"Male"
"9004152",371985,2025-05-29 08:04:10,42.3986625671387,-8.85805034637451,"Male"
"9004152",371985,2025-05-29 08:09:08,42.3985595703125,-8.85812568664551,"Male"
"9004152",371985,2025-05-29 08:14:07,42.3986511230469,-8.85813236236572,"Male"
"9004152",371985,2025-05-29 08:19:09,42.3985595703125,-8.85817241668701,"Male"
"9004152",371985,2025-05-29 08:24:35,42.3985595703125,-8.85785388946533,"Male"
"9004152",371985,2025-05-29 08:29:06,42.3985862731934,-8.85785388946533,"Male"
"9004152",371985,2025-05-29 08:34:06,42.3985900878906,-8.85789203643799,"Male"
"9004152",371985,2025-05-29 08:39:06,42.3985443115234,-8.85788536071777,"Male"
"9004152",371985,2025-05-29 08:44:06,42.3985290527344,-8.857834815979,"Male"
"9004152",371985,2025-05-29 08:49:06,42.3985710144043,-8.85787296295166,"Male"
"9004152",371985,2025-05-29 08:54:07,42.3985176086426,-8.85789775848389,"Male"
"9004152",371985,2025-05-29 08:59:12,42.3985290527344,-8.85783767700195,"Male"
"9004152",371985,2025-05-29 09:04:04,42.3974342346191,-8.8591480255127,"Male"
"9004152",371985,2025-05-29 09:11:12,42.3978385925293,-8.86051940917969,"Male"
"9004152",371985,2025-05-29 09:17:04,42.3969535827637,-8.86025524139404,"Male"
"9004152",371985,2025-05-29 09:22:30,42.396728515625,-8.85994815826416,"Male"
"9004152",371985,2025-05-29 09:28:00,42.3960227966309,-8.86019802093506,"Male"
"9004152",371985,2025-05-29 09:32:54,42.395622253418,-8.85984134674072,"Male"
"9004152",371985,2025-05-29 09:37:58,42.4008483886719,-8.86378288269043,"Male"
"9004152",371985,2025-05-29 09:42:55,42.4040565490723,-8.86135196685791,"Male"
"9004152",371985,2025-05-29 09:48:00,42.4040565490723,-8.86140918731689,"Male"
"9004152",371985,2025-05-29 09:52:54,42.4042930603027,-8.86176109313965,"Male"
"9004152",371985,2025-05-29 09:57:55,42.4041290283203,-8.86131954193115,"Male"
"9004152",371985,2025-05-29 10:03:14,42.4041213989258,-8.86132431030273,"Male"
"9004152",371985,2025-05-29 10:07:51,42.4040908813477,-8.86137199401855,"Male"
"9004152",371985,2025-05-29 10:13:43,42.4049034118652,-8.86257171630859,"Male"
"9004152",371985,2025-05-29 10:19:09,42.4062461853027,-8.8637113571167,"Male"
"9004152",371985,2025-05-29 10:24:04,42.4070320129395,-8.86496734619141,"Male"
"9004152",371985,2025-05-29 10:30:06,42.4078788757324,-8.8670768737793,"Male"
"9004152",371985,2025-05-29 10:35:10,42.407901763916,-8.86822986602783,"Male"
"9004152",371985,2025-05-29 10:40:12,42.4088439941406,-8.8693208694458,"Male"
"9004152",371985,2025-05-29 10:49:48,42.4098701477051,-8.87068843841553,"Male"
"9004152",371985,2025-05-29 10:56:10,42.4105453491211,-8.87163066864014,"Male"
"9004152",371985,2025-05-29 11:01:29,42.4113807678223,-8.8716926574707,"Male"
"9004152",371985,2025-05-29 11:09:01,42.4125633239746,-8.87188720703125,"Male"
"9004152",371985,2025-05-29 11:13:59,42.4127960205078,-8.87132740020752,"Male"
"9004152",371985,2025-05-29 11:19:00,42.4128494262695,-8.87144088745117,"Male"
"9004152",371985,2025-05-29 11:23:58,42.4127731323242,-8.87157344818115,"Male"
"9004152",371985,2025-05-29 11:28:58,42.4129180908203,-8.87124919891357,"Male"
"9004152",371985,2025-05-29 11:33:58,42.4128608703613,-8.87140846252441,"Male"
"9004152",371985,2025-05-29 11:39:01,42.412914276123,-8.87143611907959,"Male"
"9004152",371985,2025-05-29 11:43:59,42.4128723144531,-8.87157154083252,"Male"
"9004152",371985,2025-05-29 11:49:15,42.4127883911133,-8.8712854385376,"Male"
"9004152",371985,2025-05-29 11:53:58,42.4128570556641,-8.87122058868408,"Male"
"9004152",371985,2025-05-29 11:58:58,42.4128112792969,-8.87136077880859,"Male"
"9004152",371985,2025-05-29 12:04:10,42.4114303588867,-8.87101554870605,"Male"
"9004152",371985,2025-05-29 12:09:39,42.4107627868652,-8.8706226348877,"Male"
"9004152",371985,2025-05-29 12:14:43,42.4101371765137,-8.87117004394531,"Male"
"9004152",371985,2025-05-29 12:20:15,42.4098510742188,-8.87031745910645,"Male"
"9004152",371985,2025-05-29 12:25:37,42.4110946655273,-8.87093830108643,"Male"
"9004152",371985,2025-05-29 12:30:52,42.4118041992188,-8.87182235717773,"Male"
"9004152",371985,2025-05-29 12:35:52,42.4119644165039,-8.87043952941895,"Male"
"9004152",371985,2025-05-29 12:41:16,42.4126930236816,-8.87190246582031,"Male"
"9004152",371985,2025-05-29 12:46:45,42.4131355285645,-8.87159824371338,"Male"
"9004152",371985,2025-05-29 12:51:14,42.4131355285645,-8.87166786193848,"Male"
"9004152",371985,2025-05-29 12:56:17,42.4129867553711,-8.87150287628174,"Male"
"9004152",371985,2025-05-29 13:01:12,42.4130821228027,-8.87154102325439,"Male"
"9004152",371985,2025-05-29 13:06:13,42.4132652282715,-8.8716287612915,"Male"
"9004152",371985,2025-05-29 13:11:13,42.412769317627,-8.8715124130249,"Male"
"9004152",371985,2025-05-29 13:16:15,42.413501739502,-8.87171173095703,"Male"
"9004152",371985,2025-05-29 13:21:38,42.4118270874023,-8.87210750579834,"Male"
"9004152",371985,2025-05-29 13:26:32,42.4112892150879,-8.87114906311035,"Male"
"9004152",371985,2025-05-29 13:36:29,42.410572052002,-8.86859321594238,"Male"
"9004152",371985,2025-05-29 13:43:25,42.4097099304199,-8.87030506134033,"Male"
"9004152",371985,2025-05-29 13:48:32,42.4098091125488,-8.87064075469971,"Male"
"9004152",371985,2025-05-29 13:53:38,42.4107246398926,-8.87009906768799,"Male"
"9004152",371985,2025-05-29 13:59:05,42.4121360778809,-8.87097549438477,"Male"
"9004152",371985,2025-05-29 14:03:57,42.4135093688965,-8.87092685699463,"Male"
"9004152",371985,2025-05-29 14:08:55,42.4138069152832,-8.86941432952881,"Male"
"9004152",371985,2025-05-29 14:13:59,42.4133415222168,-8.87129878997803,"Male"
"9004152",371985,2025-05-29 14:18:59,42.4133987426758,-8.87160587310791,"Male"
"9004152",371985,2025-05-29 14:23:59,42.4133453369141,-8.87180042266846,"Male"
"9004152",371985,2025-05-29 14:28:59,42.4133720397949,-8.87180709838867,"Male"
"9004152",371985,2025-05-29 14:34:15,42.4136161804199,-8.87104988098145,"Male"
"9004152",371985,2025-05-29 14:38:56,42.4136428833008,-8.87137699127197,"Male"
"9004152",371985,2025-05-29 14:44:06,42.4136924743652,-8.87113285064697,"Male"
"9004152",371985,2025-05-29 14:48:56,42.4138565063477,-8.8702220916748,"Male"
"9004152",371985,2025-05-29 14:54:06,42.4125595092773,-8.87074756622314,"Male"
"9004152",371985,2025-05-29 15:07:55,42.4099388122559,-8.87015533447266,"Male"
"9004152",371985,2025-05-29 15:13:03,42.4104423522949,-8.87076568603516,"Male"
"9004152",371985,2025-05-29 15:18:28,42.4097671508789,-8.86919212341309,"Male"
"9004152",371985,2025-05-29 15:24:04,42.4090461730957,-8.87080860137939,"Male"
"9004152",371985,2025-05-29 15:29:24,42.4088668823242,-8.87100410461426,"Male"
"9004152",371985,2025-05-29 15:34:56,42.4084777832031,-8.87055110931396,"Male"
"9004152",371985,2025-05-29 15:41:42,42.4095306396484,-8.8700475692749,"Male"
"9004152",371985,2025-05-29 15:48:15,42.4093437194824,-8.87022399902344,"Male"
"9004152",371985,2025-05-29 15:55:30,42.4089088439941,-8.87088489532471,"Male"
"9004152",371985,2025-05-29 16:00:30,42.4085655212402,-8.87099456787109,"Male"
"9004152",371985,2025-05-29 16:06:06,42.4092903137207,-8.87122631072998,"Male"
"9004152",371985,2025-05-29 16:11:06,42.4092483520508,-8.8718900680542,"Male"
"9004152",371985,2025-05-29 16:16:06,42.409538269043,-8.87335777282715,"Male"
"9004152",371985,2025-05-29 16:21:06,42.4098014831543,-8.87551784515381,"Male"
"9004152",371985,2025-05-29 16:26:07,42.4058609008789,-8.88972663879395,"Male"
"9004152",371985,2025-05-29 16:31:14,42.4007453918457,-8.92092132568359,"Male"
"9004152",371985,2025-05-29 16:35:54,42.400806427002,-8.9208812713623,"Male"
"9004152",371985,2025-05-29 16:40:54,42.4008369445801,-8.92099761962891,"Male"
"9004152",371985,2025-05-29 16:45:55,42.397518157959,-8.92132472991943,"Male"
"9004152",371985,2025-05-29 16:51:06,42.3975296020508,-8.92068290710449,"Male"
"9004152",371985,2025-05-29 16:56:06,42.3974494934082,-8.92077350616455,"Male"
"9004152",371985,2025-05-29 17:01:04,42.3975067138672,-8.92102432250977,"Male"
"9004152",371985,2025-05-29 17:06:03,42.3975944519043,-8.92149257659912,"Male"
"9004152",371985,2025-05-29 17:11:12,42.397518157959,-8.92148017883301,"Male"
"9004152",371985,2025-05-29 17:16:14,42.3976020812988,-8.92162132263184,"Male"
"9004152",371985,2025-05-29 17:20:55,42.3978652954102,-8.92258834838867,"Male"
"9004152",371985,2025-05-29 17:25:57,42.397632598877,-8.92150211334229,"Male"
"9004152",371985,2025-05-29 17:30:58,42.397647857666,-8.92178344726562,"Male"
"9004152",371985,2025-05-29 17:36:06,42.3976211547852,-8.92154216766357,"Male"
"9004152",371985,2025-05-29 17:40:57,42.3979530334473,-8.92257213592529,"Male"
"9004152",371985,2025-05-29 17:46:15,42.3976593017578,-8.92168521881104,"Male"
"9004152",371985,2025-05-29 17:51:28,42.3976211547852,-8.92146492004395,"Male"
"9004152",371985,2025-05-29 17:55:53,42.3975639343262,-8.92141437530518,"Male"
"9004152",371985,2025-05-29 18:00:53,42.3976631164551,-8.92150974273682,"Male"
"9004152",371985,2025-05-29 18:05:53,42.3976669311523,-8.92141914367676,"Male"
"9004152",371985,2025-05-29 18:10:53,42.3976516723633,-8.92144966125488,"Male"
"9004152",371985,2025-05-29 18:15:54,42.3976593017578,-8.92146015167236,"Male"
"9004152",371985,2025-05-29 18:20:53,42.3976058959961,-8.92150783538818,"Male"
"9004152",371985,2025-05-29 18:25:53,42.3976936340332,-8.92150783538818,"Male"
"9004152",371985,2025-05-29 18:30:53,42.3976516723633,-8.92151546478271,"Male"
"9004152",371985,2025-05-29 18:35:53,42.3976402282715,-8.92149066925049,"Male"
"9004152",371985,2025-05-29 18:40:53,42.3976631164551,-8.92144012451172,"Male"
"9004152",371985,2025-05-29 18:45:53,42.3976669311523,-8.92146873474121,"Male"
"9004152",371985,2025-05-29 18:50:53,42.3976783752441,-8.92144966125488,"Male"
"9004152",371985,2025-05-29 18:55:55,42.3976783752441,-8.92151927947998,"Male"
"9004152",371985,2025-05-29 19:00:55,42.3976249694824,-8.92137336730957,"Male"
"9004152",371985,2025-05-29 19:05:53,42.3976402282715,-8.92141056060791,"Male"
"9004152",371985,2025-05-29 19:10:53,42.3977394104004,-8.92155742645264,"Male"
"9004152",371985,2025-05-29 19:16:14,42.3977241516113,-8.92151641845703,"Male"
"9004152",371985,2025-05-29 19:20:53,42.3977432250977,-8.92152500152588,"Male"
"9004152",371985,2025-05-29 19:25:53,42.3977203369141,-8.9215612411499,"Male"
"9004152",371985,2025-05-29 19:30:53,42.397762298584,-8.92162418365479,"Male"
"9004152",371985,2025-05-29 19:35:53,42.397777557373,-8.92166233062744,"Male"
"9004152",371985,2025-05-29 19:40:53,42.3977317810059,-8.92160224914551,"Male"
"9004152",371985,2025-05-29 19:46:14,42.3977165222168,-8.92157173156738,"Male"
"9004152",371985,2025-05-29 19:50:55,42.3977661132812,-8.92167663574219,"Male"
"9004152",371985,2025-05-29 19:55:53,42.3977813720703,-8.92169857025146,"Male"
"9004152",371985,2025-05-29 20:00:53,42.3978233337402,-8.92192840576172,"Male"
"9004152",371985,2025-05-29 20:05:53,42.3978042602539,-8.92178344726562,"Male"
"9004152",371985,2025-05-29 20:10:54,42.3977737426758,-8.92181396484375,"Male"
"9004152",371985,2025-05-29 20:15:53,42.3977432250977,-8.92177486419678,"Male"
"9004152",371985,2025-05-29 20:20:57,42.3977928161621,-8.92174243927002,"Male"
"9004152",371985,2025-05-29 20:25:54,42.3978080749512,-8.9217357635498,"Male"
"9004152",371985,2025-05-29 20:31:14,42.3976783752441,-8.92153263092041,"Male"
"9004152",371985,2025-05-29 20:35:56,42.3977355957031,-8.92171669006348,"Male"
"9004152",371985,2025-05-29 20:40:59,42.3977661132812,-8.92156410217285,"Male"
"9004152",371985,2025-05-29 20:46:29,42.3976173400879,-8.92141056060791,"Male"
"9004152",371985,2025-05-29 20:51:00,42.397518157959,-8.92143249511719,"Male"
"9004152",371985,2025-05-29 20:56:24,42.3976097106934,-8.92144870758057,"Male"
"9004152",371985,2025-05-29 21:01:35,42.3976745605469,-8.92145156860352,"Male"
"9004152",371985,2025-05-29 21:05:54,42.3976974487305,-8.92145252227783,"Male"
"9004152",371985,2025-05-29 21:10:53,42.3977737426758,-8.92133522033691,"Male"
"9004152",371985,2025-05-29 21:15:53,42.397632598877,-8.92142486572266,"Male"
"9004152",371985,2025-05-29 21:20:53,42.3976593017578,-8.92143630981445,"Male"
"9004152",371985,2025-05-29 21:25:53,42.3977088928223,-8.92130756378174,"Male"
"9004152",371985,2025-05-29 21:30:53,42.3974952697754,-8.92159271240234,"Male"
"9004152",371985,2025-05-29 21:35:53,42.3976936340332,-8.92143726348877,"Male"
"9004152",371985,2025-05-29 21:40:54,42.397575378418,-8.92138862609863,"Male"
"9004152",371985,2025-05-29 21:45:54,42.3975868225098,-8.92152690887451,"Male"
"9004152",371985,2025-05-29 21:50:55,42.3976135253906,-8.92158126831055,"Male"
"9004152",371985,2025-05-29 21:55:54,42.3976173400879,-8.92148017883301,"Male"
"9004152",371985,2025-05-29 22:01:29,42.3976287841797,-8.92149353027344,"Male"
"9004152",371985,2025-05-29 22:05:53,42.3975944519043,-8.92147541046143,"Male"
"9004152",371985,2025-05-29 22:10:54,42.3976211547852,-8.92148399353027,"Male"
"9004152",371985,2025-05-29 22:15:54,42.3976097106934,-8.92152118682861,"Male"
"9004152",371985,2025-05-29 22:20:56,42.397575378418,-8.92143630981445,"Male"
"9004152",371985,2025-05-29 22:26:05,42.397575378418,-8.92139434814453,"Male"
"9004152",371985,2025-05-29 22:30:53,42.3976860046387,-8.92152214050293,"Male"
"9004152",371985,2025-05-29 22:36:15,42.3976516723633,-8.92151737213135,"Male"
"9004152",371985,2025-05-29 22:41:14,42.3976554870605,-8.92156028747559,"Male"
"9004152",371985,2025-05-29 22:45:53,42.3976173400879,-8.92141532897949,"Male"
"9004152",371985,2025-05-29 22:51:14,42.3976745605469,-8.92160034179688,"Male"
"9004152",371985,2025-05-29 22:55:53,42.3975677490234,-8.92144393920898,"Male"
"9004152",371985,2025-05-29 23:00:53,42.3976783752441,-8.92151737213135,"Male"
"9004152",371985,2025-05-29 23:05:56,42.3977584838867,-8.92169284820557,"Male"
"9004152",371985,2025-05-29 23:10:58,42.3976936340332,-8.92160224914551,"Male"
"9004152",371985,2025-05-29 23:15:53,42.3977241516113,-8.92170238494873,"Male"
"9004152",371985,2025-05-29 23:21:00,42.397705078125,-8.92180728912354,"Male"
"9004152",371985,2025-05-29 23:25:55,42.3976745605469,-8.92164421081543,"Male"
"9004152",371985,2025-05-29 23:30:55,42.3976097106934,-8.92151927947998,"Male"
"9004152",371985,2025-05-29 23:35:55,42.3976211547852,-8.92126560211182,"Male"
"9004152",371985,2025-05-29 23:40:58,42.3978385925293,-8.92185592651367,"Male"
"9004152",371985,2025-05-29 23:46:29,42.397647857666,-8.92152690887451,"Male"
"9004152",371985,2025-05-29 23:50:53,42.3976936340332,-8.92156791687012,"Male"
"9004152",371985,2025-05-29 23:55:54,42.3976135253906,-8.92138576507568,"Male"
"9004152",371985,2025-05-30 00:00:54,42.397575378418,-8.9215030670166,"Male"
"9004152",371985,2025-05-30 00:05:56,42.3976516723633,-8.92149257659912,"Male"
"9004152",371985,2025-05-30 00:10:54,42.3975601196289,-8.92143630981445,"Male"
"9004152",371985,2025-05-30 00:15:53,42.3975448608398,-8.92146587371826,"Male"
"9004152",371985,2025-05-30 00:20:53,42.3976898193359,-8.92144012451172,"Male"
"9004152",371985,2025-05-30 00:26:14,42.3975868225098,-8.92143535614014,"Male"
"9004152",371985,2025-05-30 00:30:53,42.3976669311523,-8.92145252227783,"Male"
"9004152",371985,2025-05-30 00:35:55,42.3975830078125,-8.92153167724609,"Male"
"9004152",371985,2025-05-30 00:40:55,42.3976440429688,-8.9214391708374,"Male"
"9004152",371985,2025-05-30 00:46:17,42.3976554870605,-8.92147827148438,"Male"
"9004152",371985,2025-05-30 00:50:55,42.3977317810059,-8.92156887054443,"Male"
"9004152",371985,2025-05-30 00:55:54,42.3975677490234,-8.92137145996094,"Male"
"9004152",371985,2025-05-30 01:00:54,42.3976974487305,-8.92153072357178,"Male"
"9004152",371985,2025-05-30 01:06:29,42.3976516723633,-8.92148494720459,"Male"
"9004152",371985,2025-05-30 01:10:53,42.3976898193359,-8.92165374755859,"Male"
"9004152",371985,2025-05-30 01:15:53,42.3976936340332,-8.92155361175537,"Male"
"9004152",371985,2025-05-30 01:20:53,42.3976669311523,-8.92158794403076,"Male"
"9004152",371985,2025-05-30 01:25:53,42.3977088928223,-8.92171001434326,"Male"
"9004152",371985,2025-05-30 01:30:53,42.3977432250977,-8.92158985137939,"Male"
"9004152",371985,2025-05-30 01:35:53,42.3976058959961,-8.92142486572266,"Male"
"9004152",371985,2025-05-30 01:40:54,42.3976402282715,-8.9214563369751,"Male"
"9004152",371985,2025-05-30 01:46:12,42.3976173400879,-8.92147254943848,"Male"
"9004152",371985,2025-05-30 01:50:53,42.3976821899414,-8.92158031463623,"Male"
"9004152",371985,2025-05-30 01:55:53,42.397590637207,-8.92122840881348,"Male"
"9004152",371985,2025-05-30 02:00:53,42.3977966308594,-8.92169380187988,"Male"
"9004152",371985,2025-05-30 02:05:54,42.3977966308594,-8.92178440093994,"Male"
"9004152",371985,2025-05-30 02:10:53,42.3977851867676,-8.9216833114624,"Male"
"9004152",371985,2025-05-30 02:15:53,42.3977012634277,-8.92170810699463,"Male"
"9004152",371985,2025-05-30 02:20:53,42.397590637207,-8.92157745361328,"Male"
"9004152",371985,2025-05-30 02:25:54,42.3975982666016,-8.92159271240234,"Male"
"9004152",371985,2025-05-30 02:32:14,42.3976745605469,-8.92157173156738,"Male"
"9004152",371985,2025-05-30 02:35:54,42.3977546691895,-8.92161083221436,"Male"
"9004152",371985,2025-05-30 02:41:03,42.3976936340332,-8.92148399353027,"Male"
"9004152",371985,2025-05-30 02:45:56,42.3977470397949,-8.92148876190186,"Male"
"9004152",371985,2025-05-30 02:50:57,42.397533416748,-8.92150115966797,"Male"
"9004152",371985,2025-05-30 02:55:58,42.3976821899414,-8.92152118682861,"Male"
"9004152",371985,2025-05-30 03:01:20,42.3976249694824,-8.92175102233887,"Male"
"9004152",371985,2025-05-30 03:06:11,42.3977165222168,-8.92149639129639,"Male"
"9004152",371985,2025-05-30 03:11:29,42.3977127075195,-8.92146968841553,"Male"
"9004152",371985,2025-05-30 03:15:59,42.3977241516113,-8.92142391204834,"Male"
"9004152",371985,2025-05-30 03:21:29,42.3976745605469,-8.92155170440674,"Male"
"9004152",371985,2025-05-30 03:25:53,42.3975601196289,-8.92176151275635,"Male"
"9004152",371985,2025-05-30 03:30:53,42.3976402282715,-8.92164421081543,"Male"
"9004152",371985,2025-05-30 03:35:53,42.397590637207,-8.92167377471924,"Male"
"9004152",371985,2025-05-30 03:40:54,42.3974952697754,-8.92179298400879,"Male"
"9004152",371985,2025-05-30 03:45:56,42.3976287841797,-8.9221887588501,"Male"
"9004152",371985,2025-05-30 03:50:54,42.3976554870605,-8.92191123962402,"Male"
"9004152",371985,2025-05-30 03:55:54,42.397575378418,-8.92178440093994,"Male"
"9004152",371985,2025-05-30 04:01:01,42.3977394104004,-8.92190456390381,"Male"
"9004152",371985,2025-05-30 04:05:56,42.3977165222168,-8.92180156707764,"Male"
"9004152",371985,2025-05-30 04:11:14,42.3977355957031,-8.92190933227539,"Male"
"9004152",371985,2025-05-30 04:16:12,42.397834777832,-8.92195796966553,"Male"
"9004152",371985,2025-05-30 04:20:56,42.3978805541992,-8.92222309112549,"Male"
"9004152",371985,2025-05-30 04:26:14,42.3976402282715,-8.92166233062744,"Male"
"9004152",371985,2025-05-30 04:32:17,42.397632598877,-8.92160320281982,"Male"
"9004152",371985,2025-05-30 04:37:17,42.3976020812988,-8.92153358459473,"Male"
"9004152",371985,2025-05-30 04:41:35,42.3977165222168,-8.92154502868652,"Male"
"9004152",371985,2025-05-30 04:45:56,42.3974876403809,-8.92187690734863,"Male"
"9004152",371985,2025-05-30 04:50:54,42.3974800109863,-8.92189502716064,"Male"
"9004152",371985,2025-05-30 04:55:53,42.3974533081055,-8.92182540893555,"Male"
"9004152",371985,2025-05-30 05:00:53,42.3976135253906,-8.92154598236084,"Male"
"9004152",371985,2025-05-30 05:05:56,42.3977432250977,-8.9214563369751,"Male"
"9004152",371985,2025-05-30 05:10:55,42.3978042602539,-8.92120933532715,"Male"
"9004152",371985,2025-05-30 05:15:57,42.3975524902344,-8.92149448394775,"Male"
"9004152",371985,2025-05-30 05:20:53,42.3975830078125,-8.92154312133789,"Male"
"9004152",371985,2025-05-30 05:25:54,42.3975944519043,-8.92143630981445,"Male"
"9004152",371985,2025-05-30 05:30:54,42.397590637207,-8.92153358459473,"Male"
"9004152",371985,2025-05-30 05:35:53,42.3976669311523,-8.921555519104,"Male"
"9004152",371985,2025-05-30 05:40:53,42.3977813720703,-8.92166423797607,"Male"
"9004152",371985,2025-05-30 05:46:12,42.3976516723633,-8.92154979705811,"Male"
"9004152",371985,2025-05-30 05:50:53,42.3977088928223,-8.92152404785156,"Male"
"9004152",371985,2025-05-30 05:55:53,42.397533416748,-8.91974639892578,"Male"
"9004152",371985,2025-05-30 06:00:53,42.3975067138672,-8.91985893249512,"Male"
"9004152",371985,2025-05-30 06:05:53,42.3977088928223,-8.91990756988525,"Male"
"9004152",371985,2025-05-30 06:10:53,42.3979606628418,-8.90746879577637,"Male"
"9004152",371985,2025-05-30 06:15:53,42.3978080749512,-8.90703582763672,"Male"
"9004152",371985,2025-05-30 06:20:55,42.3982887268066,-8.90705108642578,"Male"
"9004152",371985,2025-05-30 06:25:56,42.4081878662109,-8.87371921539307,"Male"
"9004152",371985,2025-05-30 06:31:44,42.4078636169434,-8.8737964630127,"Male"
"9004152",371985,2025-05-30 06:36:33,42.4082946777344,-8.87375831604004,"Male"
"9004152",371985,2025-05-30 06:41:58,42.4090461730957,-8.87410354614258,"Male"
"9004152",371985,2025-05-30 06:47:30,42.4103584289551,-8.87461853027344,"Male"
"9004152",371985,2025-05-30 06:53:11,42.4106292724609,-8.87348079681396,"Male"
"9004152",371985,2025-05-30 06:58:10,42.410530090332,-8.87286949157715,"Male"
"9004152",371985,2025-05-30 07:04:48,42.40966796875,-8.87051200866699,"Male"
"9004152",371985,2025-05-30 07:11:37,42.4107475280762,-8.87150192260742,"Male"
"9004152",371985,2025-05-30 07:21:42,42.4111557006836,-8.87318134307861,"Male"
"9004152",371985,2025-05-30 07:26:44,42.4110260009766,-8.87345027923584,"Male"
"9004152",371985,2025-05-30 07:32:17,42.4103050231934,-8.87158679962158,"Male"
"9004152",371985,2025-05-30 07:37:36,42.4101791381836,-8.87061500549316,"Male"
"9004152",371985,2025-05-30 07:43:08,42.4106941223145,-8.87062644958496,"Male"
"9004152",371985,2025-05-30 07:48:59,42.4120826721191,-8.87112712860107,"Male"
"9004152",371985,2025-05-30 07:53:08,42.4134101867676,-8.8717622756958,"Male"
"9004152",371985,2025-05-30 07:58:04,42.4134941101074,-8.87166500091553,"Male"
"9004152",371985,2025-05-30 08:03:04,42.4134674072266,-8.87171363830566,"Male"
"9004152",371985,2025-05-30 08:08:04,42.4135398864746,-8.87173557281494,"Male"
"9004152",371985,2025-05-30 08:13:04,42.413501739502,-8.87175369262695,"Male"
"9004152",371985,2025-05-30 08:18:06,42.4135551452637,-8.87169647216797,"Male"
"9004152",371985,2025-05-30 08:23:08,42.4135322570801,-8.87170696258545,"Male"
"9004152",371985,2025-05-30 08:28:04,42.4135932922363,-8.87178707122803,"Male"
"9004152",371985,2025-05-30 08:33:06,42.4135437011719,-8.87178134918213,"Male"
"9004152",371985,2025-05-30 08:38:10,42.4134292602539,-8.87171268463135,"Male"
"9004152",371985,2025-05-30 08:43:04,42.4134407043457,-8.87171649932861,"Male"
"9004152",371985,2025-05-30 08:48:06,42.413444519043,-8.87173938751221,"Male"
"9004152",371985,2025-05-30 08:53:06,42.4135093688965,-8.87178039550781,"Male"
"9004152",371985,2025-05-30 08:58:07,42.4134368896484,-8.87171268463135,"Male"
"9004152",371985,2025-05-30 09:03:07,42.4135475158691,-8.87177276611328,"Male"
"9004152",371985,2025-05-30 09:08:08,42.4136123657227,-8.87173843383789,"Male"
"9004152",371985,2025-05-30 09:13:09,42.4133834838867,-8.87163066864014,"Male"
"9004152",371985,2025-05-30 09:18:16,42.4135093688965,-8.87172985076904,"Male"
"9004152",371985,2025-05-30 09:23:07,42.4135131835938,-8.87179470062256,"Male"
"9004152",371985,2025-05-30 09:28:06,42.4134902954102,-8.87177562713623,"Male"
"9004152",371985,2025-05-30 09:33:35,42.4135360717773,-8.8716869354248,"Male"
"9004152",371985,2025-05-30 09:38:04,42.4135055541992,-8.87171745300293,"Male"
"9004152",371985,2025-05-30 09:43:04,42.4135322570801,-8.87168502807617,"Male"
"9004152",371985,2025-05-30 09:48:04,42.4134902954102,-8.87173748016357,"Male"
"9004152",371985,2025-05-30 09:53:04,42.4134902954102,-8.87166309356689,"Male"
"9004152",371985,2025-05-30 09:58:06,42.4134902954102,-8.87184619903564,"Male"
"9004152",371985,2025-05-30 10:03:07,42.4134063720703,-8.87188053131104,"Male"
"9004152",371985,2025-05-30 10:08:04,42.4134941101074,-8.8718090057373,"Male"
"9004152",371985,2025-05-30 10:13:07,42.4135131835938,-8.87188339233398,"Male"
"9004152",371985,2025-05-30 10:18:04,42.4134483337402,-8.8717679977417,"Male"
"9004152",371985,2025-05-30 10:23:06,42.4127960205078,-8.8712682723999,"Male"
"9004152",371985,2025-05-30 10:28:42,42.4117698669434,-8.87055492401123,"Male"
"9004152",371985,2025-05-30 10:34:08,42.4107093811035,-8.87057113647461,"Male"
"9004152",371985,2025-05-30 10:39:25,42.4099311828613,-8.87074184417725,"Male"
"9004152",371985,2025-05-30 10:45:06,42.409782409668,-8.87045860290527,"Male"
"9004152",371985,2025-05-30 10:50:25,42.4091262817383,-8.87015819549561,"Male"
"9004152",371985,2025-05-30 10:55:25,42.4088554382324,-8.87064170837402,"Male"
"9004152",371985,2025-05-30 11:00:25,42.4085731506348,-8.87209892272949,"Male"
"9004152",371985,2025-05-30 11:05:33,42.408805847168,-8.87165927886963,"Male"
"9004152",371985,2025-05-30 11:10:34,42.4099655151367,-8.87255859375,"Male"
"9004152",371985,2025-05-30 11:15:33,42.4108657836914,-8.87182998657227,"Male"
"9004152",371985,2025-05-30 11:21:16,42.4111595153809,-8.87020969390869,"Male"
"9004152",371985,2025-05-30 11:26:18,42.410587310791,-8.87021446228027,"Male"
"9004152",371985,2025-05-30 11:31:26,42.4104614257812,-8.87029075622559,"Male"
"9004152",371985,2025-05-30 11:36:40,42.4103050231934,-8.87169170379639,"Male"
"9004152",371985,2025-05-30 11:41:42,42.4109077453613,-8.87222290039062,"Male"
"9004152",371985,2025-05-30 11:46:46,42.4120330810547,-8.8714714050293,"Male"
"9004152",371985,2025-05-30 11:51:41,42.412899017334,-8.87112712860107,"Male"
"9004152",371985,2025-05-30 11:56:42,42.4128761291504,-8.8706169128418,"Male"
"9004152",371985,2025-05-30 12:01:48,42.4129028320312,-8.87177562713623,"Male"
"9004152",371985,2025-05-30 12:06:48,42.4129180908203,-8.8717794418335,"Male"
"9004152",371985,2025-05-30 12:11:48,42.412971496582,-8.87176704406738,"Male"
"9004152",371985,2025-05-30 12:16:48,42.4129333496094,-8.87183570861816,"Male"
"9004152",371985,2025-05-30 12:21:48,42.412914276123,-8.87183856964111,"Male"
"9004152",371985,2025-05-30 12:26:48,42.4129829406738,-8.87178707122803,"Male"
"9004152",371985,2025-05-30 12:31:52,42.4129180908203,-8.87181949615479,"Male"
"9004152",371985,2025-05-30 12:36:52,42.412956237793,-8.87185287475586,"Male"
"9004152",371985,2025-05-30 12:41:52,42.4129829406738,-8.87181377410889,"Male"
"9004152",371985,2025-05-30 12:46:52,42.4129867553711,-8.87187671661377,"Male"
"9004152",371985,2025-05-30 12:51:52,42.4129943847656,-8.87185192108154,"Male"
"9004152",371985,2025-05-30 12:56:53,42.4129829406738,-8.8718786239624,"Male"
"9004152",371985,2025-05-30 13:01:51,42.4129829406738,-8.87191009521484,"Male"
"9004152",371985,2025-05-30 13:07:05,42.4130020141602,-8.87140560150146,"Male"
"9004152",371985,2025-05-30 13:11:40,42.4130249023438,-8.87141418457031,"Male"
"9004152",371985,2025-05-30 13:16:40,42.4127540588379,-8.87147998809814,"Male"
"9004152",371985,2025-05-30 13:22:20,42.4120979309082,-8.87216091156006,"Male"
"9004152",371985,2025-05-30 13:27:28,42.4116668701172,-8.87276077270508,"Male"
"9004152",371985,2025-05-30 13:33:07,42.411693572998,-8.87108898162842,"Male"
"9004152",371985,2025-05-30 13:38:29,42.410961151123,-8.87142753601074,"Male"
"9004152",371985,2025-05-30 13:44:00,42.4111099243164,-8.87091159820557,"Male"
"9004152",371985,2025-05-30 13:48:59,42.4108428955078,-8.87047576904297,"Male"
"9004152",371985,2025-05-30 13:54:00,42.4103317260742,-8.87024021148682,"Male"
"9004152",371985,2025-05-30 13:58:59,42.4103546142578,-8.86970520019531,"Male"
"9004152",371985,2025-05-30 14:04:45,42.4091911315918,-8.87020301818848,"Male"
"9004152",371985,2025-05-30 14:09:41,42.4091033935547,-8.87020206451416,"Male"
"9004152",371985,2025-05-30 14:14:43,42.4087257385254,-8.87118530273438,"Male"
"9004152",371985,2025-05-30 14:19:43,42.41015625,-8.87154197692871,"Male"
"9004152",371985,2025-05-30 14:25:04,42.4125442504883,-8.87148571014404,"Male"
"9004152",371985,2025-05-30 14:30:04,42.4136505126953,-8.87163543701172,"Male"
"9004152",371985,2025-05-30 14:35:04,42.4136199951172,-8.87166881561279,"Male"
"9004152",371985,2025-05-30 14:40:04,42.4135475158691,-8.87173366546631,"Male"
"9004152",371985,2025-05-30 14:45:04,42.413646697998,-8.87168025970459,"Male"
"9004152",371985,2025-05-30 14:50:04,42.4136123657227,-8.87172603607178,"Male"
"9004152",371985,2025-05-30 14:55:04,42.4136657714844,-8.87168025970459,"Male"
"9004152",371985,2025-05-30 15:00:04,42.4135818481445,-8.87172698974609,"Male"
"9004152",371985,2025-05-30 15:05:04,42.4135246276855,-8.8717155456543,"Male"
"9004152",371985,2025-05-30 15:10:06,42.4128227233887,-8.8719310760498,"Male"
"9004152",371985,2025-05-30 15:15:04,42.4124488830566,-8.872727394104,"Male"
"9004152",371985,2025-05-30 15:20:06,42.4121322631836,-8.87361240386963,"Male"
"9004152",371985,2025-05-30 15:25:10,42.4118728637695,-8.87461185455322,"Male"
"9004152",371985,2025-05-30 15:30:04,42.3996238708496,-8.90804100036621,"Male"
"9004152",371985,2025-05-30 15:35:04,42.397762298584,-8.92037582397461,"Male"
"9004152",371985,2025-05-30 15:40:04,42.3978576660156,-8.92037582397461,"Male"
"9004152",371985,2025-05-30 15:45:08,42.3978042602539,-8.92033004760742,"Male"
"9004152",371985,2025-05-30 15:50:03,42.3978652954102,-8.92033004760742,"Male"
"9004152",371985,2025-05-30 15:55:08,42.3978652954102,-8.92034816741943,"Male"
"9004152",371985,2025-05-30 16:00:04,42.3977928161621,-8.92036914825439,"Male"
"9004152",371985,2025-05-30 16:05:06,42.3940048217773,-8.9218168258667,"Male"
"9004152",371985,2025-05-30 16:10:08,42.3978271484375,-8.92168998718262,"Male"
"9004152",371985,2025-05-30 16:15:09,42.3977890014648,-8.92168235778809,"Male"
"9004152",371985,2025-05-30 16:20:13,42.3977317810059,-8.92160892486572,"Male"
"9004152",371985,2025-05-30 16:25:06,42.3976745605469,-8.92147064208984,"Male"
"9004152",371985,2025-05-30 16:30:06,42.3976631164551,-8.92149543762207,"Male"
"9004152",371985,2025-05-30 16:35:07,42.3977127075195,-8.92152976989746,"Male"
"9004152",371985,2025-05-30 16:40:09,42.3980560302734,-8.92092800140381,"Male"
"9004152",371985,2025-05-30 16:45:09,42.3979454040527,-8.92193794250488,"Male"
"9004152",371985,2025-05-30 16:50:13,42.3976936340332,-8.92156791687012,"Male"
"9004152",371985,2025-05-30 16:55:06,42.4086227416992,-8.88425445556641,"Male"
"9004152",371985,2025-05-30 17:00:54,42.4118614196777,-8.87733459472656,"Male"
"9004152",371985,2025-05-30 17:05:51,42.4114646911621,-8.8756799697876,"Male"
"9004152",371985,2025-05-30 17:11:09,42.410457611084,-8.87610816955566,"Male"
"9004152",371985,2025-05-30 17:16:50,42.4103050231934,-8.87474822998047,"Male"
"9004152",371985,2025-05-30 17:22:09,42.4095878601074,-8.87460422515869,"Male"
"9004152",371985,2025-05-30 17:27:13,42.4091529846191,-8.8737678527832,"Male"
"9004152",371985,2025-05-30 17:33:08,42.4105567932129,-8.87284374237061,"Male"
"9004152",371985,2025-05-30 17:38:03,42.4102210998535,-8.87430858612061,"Male"
"9004152",371985,2025-05-30 17:43:07,42.4090347290039,-8.87619304656982,"Male"
"9004152",371985,2025-05-30 17:48:44,42.3979682922363,-8.92049026489258,"Male"
"9004152",371985,2025-05-30 17:52:58,42.3979835510254,-8.92045879364014,"Male"
"9004152",371985,2025-05-30 17:57:57,42.3980674743652,-8.92053413391113,"Male"
"9004152",371985,2025-05-30 18:02:57,42.3980331420898,-8.92055606842041,"Male"
"9004152",371985,2025-05-30 18:08:07,42.3979797363281,-8.92042827606201,"Male"
"9004152",371985,2025-05-30 18:12:59,42.3979949951172,-8.92036628723145,"Male"
"9004152",371985,2025-05-30 18:18:07,42.3980941772461,-8.92037010192871,"Male"
"9004152",371985,2025-05-30 18:23:01,42.3982734680176,-8.92047786712646,"Male"
"9004152",371985,2025-05-30 18:28:07,42.3980102539062,-8.92064094543457,"Male"
"9004152",371985,2025-05-30 18:33:01,42.3978385925293,-8.92018795013428,"Male"
"9004152",371985,2025-05-30 18:38:07,42.3982009887695,-8.92042350769043,"Male"
"9004152",371985,2025-05-30 18:43:00,42.3982124328613,-8.9204740524292,"Male"
"9004152",371985,2025-05-30 18:48:29,42.3979721069336,-8.92045307159424,"Male"
"9004152",371985,2025-05-30 18:52:57,42.3979797363281,-8.92048740386963,"Male"
"9004152",371985,2025-05-30 18:57:57,42.3979759216309,-8.92037868499756,"Male"
"9004152",371985,2025-05-30 19:02:57,42.3979377746582,-8.92045783996582,"Male"
"9004152",371985,2025-05-30 19:07:57,42.3979530334473,-8.92048454284668,"Male"
"9004152",371985,2025-05-30 19:12:59,42.3979034423828,-8.92046165466309,"Male"
"9004152",371985,2025-05-30 19:17:57,42.3979225158691,-8.92049980163574,"Male"
"9004152",371985,2025-05-30 19:22:57,42.3979568481445,-8.92042636871338,"Male"
"9004152",371985,2025-05-30 19:27:57,42.3979415893555,-8.92046546936035,"Male"
"9004152",371985,2025-05-30 19:32:57,42.3979988098145,-8.92049694061279,"Male"
"9004152",371985,2025-05-30 19:37:58,42.3979606628418,-8.92046642303467,"Male"
"9004152",371985,2025-05-30 19:42:57,42.3979339599609,-8.92051792144775,"Male"
"9004152",371985,2025-05-30 19:48:14,42.3979530334473,-8.92045021057129,"Male"
"9004152",371985,2025-05-30 19:52:57,42.3979110717773,-8.92032718658447,"Male"
"9004152",371985,2025-05-30 19:58:08,42.3979682922363,-8.92049789428711,"Male"
"9004152",371985,2025-05-30 20:02:57,42.3981132507324,-8.92062282562256,"Male"
"9004152",371985,2025-05-30 20:07:57,42.39794921875,-8.92069149017334,"Male"
"9004152",371985,2025-05-30 20:13:05,42.3980674743652,-8.92059230804443,"Male"
"9004152",371985,2025-05-30 20:17:59,42.3959045410156,-8.92429542541504,"Male"
"9004152",371985,2025-05-30 20:22:57,42.3977355957031,-8.92074966430664,"Male"
"9004152",371985,2025-05-30 20:27:58,42.397762298584,-8.92110252380371,"Male"
"9004152",371985,2025-05-30 20:32:57,42.3976249694824,-8.92078971862793,"Male"
"9004152",371985,2025-05-30 20:38:28,42.3975448608398,-8.92068862915039,"Male"
"9004152",371985,2025-05-30 20:42:57,42.397518157959,-8.92068290710449,"Male"
"9004152",371985,2025-05-30 20:47:57,42.3975486755371,-8.92066478729248,"Male"
"9004152",371985,2025-05-30 20:52:57,42.3974952697754,-8.92072868347168,"Male"
"9004152",371985,2025-05-30 20:57:57,42.3975067138672,-8.9207067489624,"Male"
"9004152",371985,2025-05-30 21:02:57,42.3975105285645,-8.92068576812744,"Male"
"9004152",371985,2025-05-30 21:07:57,42.3974647521973,-8.92072772979736,"Male"
"9004152",371985,2025-05-30 21:12:57,42.3975028991699,-8.920654296875,"Male"
"9004152",371985,2025-05-30 21:17:57,42.3975143432617,-8.92067050933838,"Male"
"9004152",371985,2025-05-30 21:22:57,42.3975601196289,-8.9207181930542,"Male"
"9004152",371985,2025-05-30 21:27:57,42.397518157959,-8.92071628570557,"Male"
"9004152",371985,2025-05-30 21:32:57,42.3975563049316,-8.92066478729248,"Male"
"9004152",371985,2025-05-30 21:37:57,42.3975524902344,-8.92075252532959,"Male"
"9004152",371985,2025-05-30 21:42:57,42.3975257873535,-8.92075824737549,"Male"
"9004152",371985,2025-05-30 21:47:58,42.397518157959,-8.92064666748047,"Male"
"9004152",371985,2025-05-30 21:52:57,42.3975067138672,-8.92080211639404,"Male"
"9004152",371985,2025-05-30 21:57:58,42.3974723815918,-8.92058372497559,"Male"
"9004152",371985,2025-05-30 22:02:57,42.3975067138672,-8.92086696624756,"Male"
"9004152",371985,2025-05-30 22:07:57,42.3975524902344,-8.92093372344971,"Male"
"9004152",371985,2025-05-30 22:13:14,42.3974800109863,-8.92062377929688,"Male"
"9004152",371985,2025-05-30 22:17:57,42.3975639343262,-8.92070960998535,"Male"
"9004152",371985,2025-05-30 22:22:59,42.397533416748,-8.92073726654053,"Male"
"9004152",371985,2025-05-30 22:28:04,42.3975410461426,-8.92067718505859,"Male"
"9004152",371985,2025-05-30 22:32:58,42.3975486755371,-8.92082023620605,"Male"
"9004152",371985,2025-05-30 22:38:01,42.3975067138672,-8.92062664031982,"Male"
"9004152",371985,2025-05-30 22:43:14,42.3974876403809,-8.92061805725098,"Male"
"9004152",371985,2025-05-30 22:48:00,42.3975143432617,-8.92068290710449,"Male"
"9004152",371985,2025-05-30 22:52:57,42.3975639343262,-8.92068862915039,"Male"
"9004152",371985,2025-05-30 22:57:57,42.3974380493164,-8.92048835754395,"Male"
"9004152",371985,2025-05-30 23:03:00,42.3975639343262,-8.92071628570557,"Male"
"9004152",371985,2025-05-30 23:07:57,42.3975105285645,-8.92060852050781,"Male"
"9004152",371985,2025-05-30 23:12:59,42.3974952697754,-8.92065525054932,"Male"
"9004152",371985,2025-05-30 23:17:58,42.3974494934082,-8.92054080963135,"Male"
"9004152",371985,2025-05-30 23:22:57,42.397590637207,-8.92079257965088,"Male"
"9004152",371985,2025-05-30 23:27:58,42.3974952697754,-8.92059135437012,"Male"
"9004152",371985,2025-05-30 23:33:29,42.3974685668945,-8.92061328887939,"Male"
"9004152",371985,2025-05-30 23:37:57,42.3974838256836,-8.92066669464111,"Male"
"9004152",371985,2025-05-30 23:42:57,42.3975486755371,-8.92073154449463,"Male"
"9004152",371985,2025-05-30 23:47:57,42.3975257873535,-8.92068099975586,"Male"
"9004152",371985,2025-05-30 23:52:57,42.3974151611328,-8.92051315307617,"Male"
"9004152",371985,2025-05-30 23:57:57,42.3975219726562,-8.92063522338867,"Male"
"9004152",371985,2025-05-31 00:02:57,42.3974800109863,-8.92063903808594,"Male"
"9004152",371985,2025-05-31 00:07:57,42.3974914550781,-8.92064189910889,"Male"
"9004152",371985,2025-05-31 00:12:57,42.3975028991699,-8.92066287994385,"Male"
"9004152",371985,2025-05-31 00:17:57,42.3975105285645,-8.9206018447876,"Male"
"9004152",371985,2025-05-31 00:22:57,42.3974990844727,-8.92066097259521,"Male"
"9004152",371985,2025-05-31 00:27:57,42.3974418640137,-8.9205379486084,"Male"
"9004152",371985,2025-05-31 00:32:57,42.3975410461426,-8.92068958282471,"Male"
"9004152",371985,2025-05-31 00:37:57,42.3974990844727,-8.92065620422363,"Male"
"9004152",371985,2025-05-31 00:42:57,42.3974952697754,-8.92072868347168,"Male"
"9004152",371985,2025-05-31 00:47:58,42.3974990844727,-8.9206485748291,"Male"
"9004152",371985,2025-05-31 00:52:57,42.3975028991699,-8.92069435119629,"Male"
"9004152",371985,2025-05-31 00:57:57,42.3973731994629,-8.92063999176025,"Male"
"9004152",371985,2025-05-31 01:02:57,42.3975105285645,-8.92072010040283,"Male"
"9004152",371985,2025-05-31 01:07:57,42.3976058959961,-8.92087364196777,"Male"
"9004152",371985,2025-05-31 01:13:01,42.3975448608398,-8.92079544067383,"Male"
"9004152",371985,2025-05-31 01:17:58,42.3975677490234,-8.92085742950439,"Male"
"9004152",371985,2025-05-31 01:22:58,42.3975296020508,-8.92080020904541,"Male"
"9004152",371985,2025-05-31 01:27:57,42.3974227905273,-8.92062187194824,"Male"
"9004152",371985,2025-05-31 01:32:57,42.3975982666016,-8.92098522186279,"Male"
"9004152",371985,2025-05-31 01:38:12,42.3975028991699,-8.92082118988037,"Male"
"9004152",371985,2025-05-31 01:42:58,42.3974876403809,-8.92065238952637,"Male"
"9004152",371985,2025-05-31 01:47:58,42.397575378418,-8.92079162597656,"Male"
"9004152",371985,2025-05-31 01:52:57,42.3976669311523,-8.9210376739502,"Male"
"9004152",371985,2025-05-31 01:58:00,42.3975715637207,-8.92070770263672,"Male"
"9004152",371985,2025-05-31 02:03:07,42.3974952697754,-8.92052841186523,"Male"
"9004152",371985,2025-05-31 02:08:06,42.3975143432617,-8.9205150604248,"Male"
"9004152",371985,2025-05-31 02:13:07,42.397533416748,-8.92045021057129,"Male"
"9004152",371985,2025-05-31 02:18:07,42.3975219726562,-8.92069149017334,"Male"
"9004152",371985,2025-05-31 02:23:07,42.3975105285645,-8.92043590545654,"Male"
"9004152",371985,2025-05-31 02:28:04,42.3975105285645,-8.92078685760498,"Male"
"9004152",371985,2025-05-31 02:33:29,42.3975257873535,-8.92061328887939,"Male"
"9004152",371985,2025-05-31 02:37:58,42.3975028991699,-8.92050457000732,"Male"
"9004152",371985,2025-05-31 02:42:57,42.3974914550781,-8.92061614990234,"Male"
"9004152",371985,2025-05-31 02:47:58,42.3976364135742,-8.92043876647949,"Male"
"9004152",371985,2025-05-31 02:52:59,42.397834777832,-8.92026996612549,"Male"
"9004152",371985,2025-05-31 02:57:59,42.3976020812988,-8.92043304443359,"Male"
"9004152",371985,2025-05-31 03:02:59,42.3975830078125,-8.92068290710449,"Male"
"9004152",371985,2025-05-31 03:08:05,42.3974380493164,-8.92058372497559,"Male"
"9004152",371985,2025-05-31 03:12:59,42.3977508544922,-8.92046737670898,"Male"
"9004152",371985,2025-05-31 03:18:04,42.3973999023438,-8.92066192626953,"Male"
"9004152",371985,2025-05-31 03:22:57,42.3973236083984,-8.92070007324219,"Male"
"9004152",371985,2025-05-31 03:27:59,42.3974380493164,-8.92058849334717,"Male"
"9004152",371985,2025-05-31 03:32:58,42.3977737426758,-8.92061328887939,"Male"
"9004152",371985,2025-05-31 03:37:58,42.3974838256836,-8.92061424255371,"Male"
"9004152",371985,2025-05-31 03:42:59,42.3976058959961,-8.92061710357666,"Male"
"9004152",371985,2025-05-31 03:47:59,42.3977737426758,-8.92070865631104,"Male"
"9004152",371985,2025-05-31 03:53:00,42.3975143432617,-8.92062473297119,"Male"
"9004152",371985,2025-05-31 03:58:00,42.3976097106934,-8.92064094543457,"Male"
"9004152",371985,2025-05-31 04:03:07,42.3974876403809,-8.92061710357666,"Male"
"9004152",371985,2025-05-31 04:07:57,42.3975257873535,-8.92058372497559,"Male"
"9004152",371985,2025-05-31 04:12:59,42.3974914550781,-8.92064762115479,"Male"
"9004152",371985,2025-05-31 04:17:57,42.3974761962891,-8.92063045501709,"Male"
"9004152",371985,2025-05-31 04:22:57,42.3974723815918,-8.92057704925537,"Male"
"9004152",371985,2025-05-31 04:28:08,42.3974647521973,-8.92059993743896,"Male"
"9004152",371985,2025-05-31 04:33:01,42.3973388671875,-8.9205904006958,"Male"
"9004152",371985,2025-05-31 04:38:14,42.3975257873535,-8.92058277130127,"Male"
"9004152",371985,2025-05-31 04:42:58,42.3976097106934,-8.92073345184326,"Male"
"9004152",371985,2025-05-31 04:48:29,42.3975028991699,-8.92061614990234,"Male"
"9004152",371985,2025-05-31 04:52:57,42.3974952697754,-8.92058658599854,"Male"
"9004152",371985,2025-05-31 04:57:57,42.3975372314453,-8.92061710357666,"Male"
"9004152",371985,2025-05-31 05:02:57,42.3974952697754,-8.92062759399414,"Male"
"9004152",371985,2025-05-31 05:07:57,42.3975410461426,-8.92073535919189,"Male"
"9004152",371985,2025-05-31 05:12:59,42.3974990844727,-8.92064762115479,"Male"
"9004152",371985,2025-05-31 05:17:59,42.3975028991699,-8.92064380645752,"Male"
"9004152",371985,2025-05-31 05:22:57,42.3974151611328,-8.92026329040527,"Male"
"9004152",371985,2025-05-31 05:27:57,42.3976936340332,-8.92018795013428,"Male"
"9004152",371985,2025-05-31 05:32:57,42.3977890014648,-8.9202356338501,"Male"
"9004152",371985,2025-05-31 05:38:14,42.3977394104004,-8.92036819458008,"Male"
"9004152",371985,2025-05-31 05:42:57,42.397762298584,-8.92019271850586,"Male"
"9004152",371985,2025-05-31 05:47:57,42.3977241516113,-8.92032814025879,"Male"
"9004152",371985,2025-05-31 05:52:57,42.3977317810059,-8.92037868499756,"Male"
"9004152",371985,2025-05-31 05:57:57,42.3977127075195,-8.92030906677246,"Male"
"9004152",371985,2025-05-31 06:02:57,42.3977470397949,-8.92037868499756,"Male"
"9004152",371985,2025-05-31 06:07:59,42.3976364135742,-8.92009353637695,"Male"
"9004152",371985,2025-05-31 06:12:57,42.3976516723633,-8.92022037506104,"Male"
"9004152",371985,2025-05-31 06:17:59,42.3977203369141,-8.92022895812988,"Male"
"9004152",371985,2025-05-31 06:22:58,42.3977394104004,-8.92012786865234,"Male"
"9004152",371985,2025-05-31 06:27:57,42.3985786437988,-8.91575813293457,"Male"
"9004152",371985,2025-05-31 06:33:35,42.4013633728027,-8.8993034362793,"Male"
"9004152",371985,2025-05-31 06:38:13,42.4008369445801,-8.89864444732666,"Male"
"9004152",371985,2025-05-31 06:43:38,42.4087982177734,-8.87394046783447,"Male"
"9004152",371985,2025-05-31 06:49:11,42.4090614318848,-8.8741626739502,"Male"
"9004152",371985,2025-05-31 06:54:34,42.4095497131348,-8.87422943115234,"Male"
"9004152",371985,2025-05-31 06:59:33,42.4090003967285,-8.87185478210449,"Male"
"9004152",371985,2025-05-31 07:04:33,42.4101715087891,-8.86949157714844,"Male"
"9004152",371985,2025-05-31 07:09:44,42.3984184265137,-8.85798358917236,"Male"
"9004152",371985,2025-05-31 07:14:33,42.3984870910645,-8.85805892944336,"Male"
"9004152",371985,2025-05-31 07:19:32,42.3984832763672,-8.85794544219971,"Male"
"9004152",371985,2025-05-31 07:24:32,42.3983497619629,-8.85789203643799,"Male"
"9004152",371985,2025-05-31 07:29:44,42.3984222412109,-8.85799789428711,"Male"
"9004152",371985,2025-05-31 07:34:32,42.3985023498535,-8.85819721221924,"Male"
"9004152",371985,2025-05-31 07:39:32,42.3984870910645,-8.85816383361816,"Male"
"9004152",371985,2025-05-31 07:44:34,42.3984985351562,-8.85794639587402,"Male"
"9004152",371985,2025-05-31 07:50:05,42.3984260559082,-8.8581018447876,"Male"
"9004152",371985,2025-05-31 07:54:33,42.3984107971191,-8.85807514190674,"Male"
"9004152",371985,2025-05-31 07:59:32,42.3985900878906,-8.85832786560059,"Male"
"9004152",371985,2025-05-31 08:04:32,42.3985710144043,-8.85817813873291,"Male"
"9004152",371985,2025-05-31 08:09:33,42.3984107971191,-8.85803031921387,"Male"
"9004152",371985,2025-05-31 08:14:33,42.398494720459,-8.85806846618652,"Male"
"9004152",371985,2025-05-31 08:19:32,42.3984527587891,-8.85814380645752,"Male"
"9004152",371985,2025-05-31 08:24:35,42.3984565734863,-8.85823535919189,"Male"
"9004152",371985,2025-05-31 08:29:33,42.3985443115234,-8.85795211791992,"Male"
"9004152",371985,2025-05-31 08:34:32,42.3985214233398,-8.85819244384766,"Male"
"9004152",371985,2025-05-31 08:39:33,42.398380279541,-8.857985496521,"Male"
"9004152",371985,2025-05-31 08:44:33,42.3984031677246,-8.85819053649902,"Male"
"9004152",371985,2025-05-31 08:49:33,42.3968620300293,-8.86022281646729,"Male"
"9004152",371985,2025-05-31 08:55:13,42.3967514038086,-8.85987758636475,"Male"
"9004152",371985,2025-05-31 09:00:30,42.3976860046387,-8.86079216003418,"Male"
"9004152",371985,2025-05-31 09:05:33,42.3972434997559,-8.86030960083008,"Male"
"9004152",371985,2025-05-31 09:10:33,42.3972206115723,-8.86015701293945,"Male"
"9004152",371985,2025-05-31 09:15:39,42.3968391418457,-8.85998821258545,"Male"
"9004152",371985,2025-05-31 09:20:44,42.3973045349121,-8.85981178283691,"Male"
"9004152",371985,2025-05-31 09:25:42,42.3983993530273,-8.86018371582031,"Male"
"9004152",371985,2025-05-31 09:30:38,42.4003448486328,-8.86058330535889,"Male"
"9004152",371985,2025-05-31 09:35:38,42.4043922424316,-8.86133098602295,"Male"
"9004152",371985,2025-05-31 09:40:37,42.4044303894043,-8.8611478805542,"Male"
"9004152",371985,2025-05-31 09:45:44,42.4043884277344,-8.86114311218262,"Male"
"9004152",371985,2025-05-31 09:50:33,42.4043235778809,-8.86123180389404,"Male"
"9004152",371985,2025-05-31 09:55:32,42.4043884277344,-8.86110019683838,"Male"
"9004152",371985,2025-05-31 10:00:33,42.4043655395508,-8.86128044128418,"Male"
"9004152",371985,2025-05-31 10:05:33,42.4043006896973,-8.86136436462402,"Male"
"9004152",371985,2025-05-31 10:10:35,42.4043655395508,-8.8613109588623,"Male"
"9004152",371985,2025-05-31 10:15:33,42.4043807983398,-8.86134433746338,"Male"
"9004152",371985,2025-05-31 10:20:36,42.4043579101562,-8.86133003234863,"Male"
"9004152",371985,2025-05-31 10:25:33,42.4043807983398,-8.86149024963379,"Male"
"9004152",371985,2025-05-31 10:30:44,42.4043464660645,-8.86118984222412,"Male"
"9004152",371985,2025-05-31 10:35:33,42.404411315918,-8.86138343811035,"Male"
"9004152",371985,2025-05-31 10:40:33,42.4043197631836,-8.86123943328857,"Male"
"9004152",371985,2025-05-31 10:45:36,42.4045639038086,-8.8615608215332,"Male"
"9004152",371985,2025-05-31 10:50:37,42.4043426513672,-8.86119174957275,"Male"
"9004152",371985,2025-05-31 10:55:37,42.404369354248,-8.86131381988525,"Male"
"9004152",371985,2025-05-31 11:00:35,42.4045181274414,-8.86155986785889,"Male"
"9004152",371985,2025-05-31 11:05:35,42.4043617248535,-8.86117267608643,"Male"
"9004152",371985,2025-05-31 11:10:40,42.4043846130371,-8.86122512817383,"Male"
"9004152",371985,2025-05-31 11:15:33,42.4043197631836,-8.86137104034424,"Male"
"9004152",371985,2025-05-31 11:20:33,42.4042739868164,-8.86152076721191,"Male"
"9004152",371985,2025-05-31 11:25:37,42.4043006896973,-8.86137580871582,"Male"
"9004152",371985,2025-05-31 11:30:38,42.4042930603027,-8.86138820648193,"Male"
"9004152",371985,2025-05-31 11:35:33,42.4043579101562,-8.861403465271,"Male"
"9004152",371985,2025-05-31 11:40:38,42.4043617248535,-8.86141586303711,"Male"
"9004152",371985,2025-05-31 11:45:44,42.4044532775879,-8.86140060424805,"Male"
"9004152",371985,2025-05-31 11:50:38,42.4042816162109,-8.86145687103271,"Male"
"9004152",371985,2025-05-31 11:55:36,42.4043426513672,-8.86144351959229,"Male"
"9004152",371985,2025-05-31 12:00:38,42.4044036865234,-8.86139965057373,"Male"
"9004152",371985,2025-05-31 12:05:38,42.4043731689453,-8.86141777038574,"Male"
"9004152",371985,2025-05-31 12:10:38,42.4043769836426,-8.86157894134521,"Male"
"9004152",371985,2025-05-31 12:15:39,42.4043388366699,-8.86138153076172,"Male"
"9004152",371985,2025-05-31 12:20:38,42.4043312072754,-8.86144733428955,"Male"
"9004152",371985,2025-05-31 12:25:38,42.409122467041,-8.87037372589111,"Male"
"9004152",371985,2025-05-31 13:06:14,42.4108123779297,-8.8718786239624,"Male"
"9004152",371985,2025-05-31 13:11:03,42.4105987548828,-8.87354946136475,"Male"
"9004152",371985,2025-05-31 13:16:39,42.4098739624023,-8.87453269958496,"Male"
"9004152",371985,2025-05-31 13:22:28,42.4092292785645,-8.87429523468018,"Male"
"9004152",371985,2025-05-31 13:27:53,42.4081840515137,-8.87424850463867,"Male"
"9004152",371985,2025-05-31 13:35:30,42.4089317321777,-8.87289237976074,"Male"
"9004152",371985,2025-05-31 13:41:00,42.408260345459,-8.87244033813477,"Male"
"9004152",371985,2025-05-31 13:58:08,42.4093780517578,-8.87021350860596,"Male"
"9004152",371985,2025-05-31 14:10:36,42.4103050231934,-8.87068748474121,"Male"
"9004152",371985,2025-05-31 14:20:08,42.4098625183105,-8.87092590332031,"Male"
"9004152",371985,2025-05-31 14:27:48,42.4084587097168,-8.87146091461182,"Male"
"9004152",371985,2025-05-31 14:33:00,42.4085807800293,-8.87092781066895,"Male"
"9004152",371985,2025-05-31 14:38:48,42.4092979431152,-8.87093639373779,"Male"
"9004152",371985,2025-05-31 14:43:54,42.4098930358887,-8.87134265899658,"Male"
"9004152",371985,2025-05-31 15:00:53,42.4116744995117,-8.87111473083496,"Male"
"9004152",371985,2025-05-31 15:05:35,42.4113922119141,-8.87089443206787,"Male"
"9004152",371985,2025-05-31 15:09:32,42.3986434936523,-8.85801887512207,"Male"
"9004152",371985,2025-05-31 15:14:35,42.3986282348633,-8.85817337036133,"Male"
"9004152",371985,2025-05-31 15:19:40,42.3984107971191,-8.85815048217773,"Male"
"9004152",371985,2025-05-31 15:24:35,42.3986434936523,-8.85788440704346,"Male"
"9004152",371985,2025-05-31 15:29:33,42.3986358642578,-8.8580150604248,"Male"
"9004152",371985,2025-05-31 15:34:33,42.3985748291016,-8.85791206359863,"Male"
"9004152",371985,2025-05-31 15:39:33,42.3985481262207,-8.85794544219971,"Male"
"9004152",371985,2025-05-31 15:44:33,42.3982467651367,-8.85812282562256,"Male"
"9004152",371985,2025-05-31 15:49:44,42.3987922668457,-8.85801029205322,"Male"
"9004152",371985,2025-05-31 15:54:32,42.3983879089355,-8.85793972015381,"Male"
"9004152",371985,2025-05-31 15:59:32,42.3984222412109,-8.85786437988281,"Male"
"9004152",371985,2025-05-31 16:04:32,42.3975219726562,-8.85943508148193,"Male"
"9004152",371985,2025-05-31 16:10:02,42.3963775634766,-8.85815715789795,"Male"
"9004152",371985,2025-05-31 16:15:00,42.3958358764648,-8.85714626312256,"Male"
"9004152",371985,2025-05-31 16:20:12,42.3950576782227,-8.85667324066162,"Male"
"9004152",371985,2025-05-31 16:25:20,42.3953704833984,-8.85596942901611,"Male"
"9004152",371985,2025-05-31 16:30:18,42.3954010009766,-8.85681247711182,"Male"
"9004152",371985,2025-05-31 16:35:54,42.3960037231445,-8.85705947875977,"Male"
"9004152",371985,2025-05-31 16:40:52,42.3963775634766,-8.85856628417969,"Male"
"9004152",371985,2025-05-31 16:45:57,42.3985557556152,-8.85951900482178,"Male"
"9004152",371985,2025-05-31 16:50:51,42.3991737365723,-8.85987854003906,"Male"
"9004152",371985,2025-05-31 16:55:59,42.3993988037109,-8.86123275756836,"Male"
"9004152",371985,2025-05-31 17:00:51,42.4012718200684,-8.87378406524658,"Male"
"9004152",371985,2025-05-31 17:05:55,42.3974113464355,-8.91789722442627,"Male"
"9004152",371985,2025-05-31 17:11:23,42.3978500366211,-8.92041969299316,"Male"
"9004152",371985,2025-05-31 17:15:50,42.3977088928223,-8.92045116424561,"Male"
"9004152",371985,2025-05-31 17:20:53,42.3981018066406,-8.9199275970459,"Male"
"9004152",371985,2025-05-31 17:25:54,42.3978500366211,-8.9200325012207,"Male"
"9004152",371985,2025-05-31 17:30:51,42.3978538513184,-8.92024421691895,"Male"
"9004152",371985,2025-05-31 17:35:50,42.3970756530762,-8.92105388641357,"Male"
"9004152",371985,2025-05-31 17:40:50,42.3976898193359,-8.92154598236084,"Male"
"9004152",371985,2025-05-31 17:45:51,42.3977737426758,-8.92142486572266,"Male"
"9004152",371985,2025-05-31 17:51:13,42.3976097106934,-8.92147636413574,"Male"
"9004152",371985,2025-05-31 17:55:52,42.3977241516113,-8.92161083221436,"Male"
"9004152",371985,2025-05-31 18:01:12,42.3976173400879,-8.92142963409424,"Male"
"9004152",371985,2025-05-31 18:06:14,42.3975982666016,-8.92148017883301,"Male"
"9004152",371985,2025-05-31 18:10:51,42.3972396850586,-8.92106056213379,"Male"
"9004152",371985,2025-05-31 18:15:52,42.3974761962891,-8.92131519317627,"Male"
"9004152",371985,2025-05-31 18:20:53,42.3974533081055,-8.92109394073486,"Male"
"9004152",371985,2025-05-31 18:25:53,42.3974723815918,-8.92111015319824,"Male"
"9004152",371985,2025-05-31 18:31:14,42.3975715637207,-8.92136573791504,"Male"
"9004152",371985,2025-05-31 18:35:54,42.3975563049316,-8.92120838165283,"Male"
"9004152",371985,2025-05-31 18:40:54,42.3977661132812,-8.921706199646,"Male"
"9004152",371985,2025-05-31 18:45:53,42.3978080749512,-8.92168807983398,"Male"
"9004152",371985,2025-05-31 18:50:55,42.3974533081055,-8.9211368560791,"Male"
"9004152",371985,2025-05-31 18:55:53,42.397388458252,-8.92072200775146,"Male"
"9004152",371985,2025-05-31 19:00:55,42.397632598877,-8.9212646484375,"Male"
"9004152",371985,2025-05-31 19:05:59,42.3976440429688,-8.9213924407959,"Male"
"9004152",371985,2025-05-31 19:11:00,42.3975868225098,-8.92127418518066,"Male"
"9004152",371985,2025-05-31 19:16:23,42.3976402282715,-8.92145252227783,"Male"
"9004152",371985,2025-05-31 19:20:50,42.3976707458496,-8.92147254943848,"Male"
"9004152",371985,2025-05-31 19:25:50,42.3976860046387,-8.92136383056641,"Male"
"9004152",371985,2025-05-31 19:30:50,42.397705078125,-8.92147254943848,"Male"
"9004152",371985,2025-05-31 19:35:50,42.3976516723633,-8.92146873474121,"Male"
"9004152",371985,2025-05-31 19:40:50,42.3976821899414,-8.92149353027344,"Male"
"9004152",371985,2025-05-31 19:45:52,42.3976631164551,-8.92144012451172,"Male"
"9004152",371985,2025-05-31 19:50:50,42.397777557373,-8.92163467407227,"Male"
"9004152",371985,2025-05-31 19:55:52,42.3978004455566,-8.92179870605469,"Male"
"9004152",371985,2025-05-31 20:01:15,42.3977241516113,-8.92150020599365,"Male"
"9004152",371985,2025-05-31 20:05:53,42.3977203369141,-8.92156028747559,"Male"
"9004152",371985,2025-05-31 20:10:50,42.3977394104004,-8.92155647277832,"Male"
"9004152",371985,2025-05-31 20:16:14,42.3976860046387,-8.92162036895752,"Male"
"9004152",371985,2025-05-31 20:20:53,42.3976783752441,-8.92148017883301,"Male"
"9004152",371985,2025-05-31 20:25:51,42.3977432250977,-8.92175960540771,"Male"
"9004152",371985,2025-05-31 20:31:33,42.3976249694824,-8.92159175872803,"Male"
"9004152",371985,2025-05-31 20:35:57,42.3976554870605,-8.92158889770508,"Male"
"9004152",371985,2025-05-31 20:40:53,42.3973770141602,-8.92135715484619,"Male"
"9004152",371985,2025-05-31 20:46:14,42.3975791931152,-8.92154026031494,"Male"
"9004152",371985,2025-05-31 20:50:52,42.3976974487305,-8.92166709899902,"Male"
"9004152",371985,2025-05-31 20:55:52,42.3976440429688,-8.92155170440674,"Male"
"9004152",371985,2025-05-31 21:00:50,42.3972358703613,-8.92061042785645,"Male"
"9004152",371985,2025-05-31 21:05:55,42.3975715637207,-8.9212703704834,"Male"
"9004152",371985,2025-05-31 21:10:50,42.3976440429688,-8.92155456542969,"Male"
"9004152",371985,2025-05-31 21:15:50,42.3976516723633,-8.92169284820557,"Male"
"9004152",371985,2025-05-31 21:20:52,42.3976402282715,-8.92159271240234,"Male"
"9004152",371985,2025-05-31 21:25:55,42.3976440429688,-8.92160701751709,"Male"
"9004152",371985,2025-05-31 21:31:14,42.3976173400879,-8.92148399353027,"Male"
"9004152",371985,2025-05-31 21:35:58,42.3976249694824,-8.92151927947998,"Male"
"9004152",371985,2025-05-31 21:40:53,42.3976898193359,-8.9217700958252,"Male"
"9004152",371985,2025-05-31 21:45:50,42.3975257873535,-8.92109489440918,"Male"
"9004152",371985,2025-05-31 21:50:50,42.3975677490234,-8.92124176025391,"Male"
"9004152",371985,2025-05-31 21:55:50,42.3976707458496,-8.92152500152588,"Male"
"9004152",371985,2025-05-31 22:00:50,42.3977127075195,-8.92145252227783,"Male"
"9004152",371985,2025-05-31 22:05:54,42.3976745605469,-8.92150402069092,"Male"
"9004152",371985,2025-05-31 22:10:54,42.397647857666,-8.92147827148438,"Male"
"9004152",371985,2025-05-31 22:16:22,42.3976173400879,-8.92138957977295,"Male"
"9004152",371985,2025-05-31 22:20:52,42.3977241516113,-8.92143630981445,"Male"
"9004152",371985,2025-05-31 22:26:08,42.3977012634277,-8.92153263092041,"Male"
"9004152",371985,2025-05-31 22:30:53,42.3977355957031,-8.92158222198486,"Male"
"9004152",371985,2025-05-31 22:35:53,42.3976936340332,-8.9215145111084,"Male"
"9004152",371985,2025-05-31 22:41:29,42.3976745605469,-8.92146396636963,"Male"
"9004152",371985,2025-05-31 22:45:50,42.3977279663086,-8.92160129547119,"Male"
"9004152",371985,2025-05-31 22:50:51,42.397575378418,-8.92140865325928,"Male"
"9004152",371985,2025-05-31 22:55:50,42.397533416748,-8.92133808135986,"Male"
"9004152",371985,2025-05-31 23:00:50,42.3975639343262,-8.92141437530518,"Male"
"9004152",371985,2025-05-31 23:05:52,42.3977508544922,-8.92167091369629,"Male"
"9004152",371985,2025-05-31 23:10:50,42.3977432250977,-8.92159748077393,"Male"
"9004152",371985,2025-05-31 23:15:57,42.3976211547852,-8.92148208618164,"Male"
"9004152",371985,2025-05-31 23:20:50,42.3975677490234,-8.92126655578613,"Male"
"9004152",371985,2025-05-31 23:26:14,42.3976440429688,-8.92148876190186,"Male"
"9004152",371985,2025-05-31 23:30:51,42.3977012634277,-8.92153835296631,"Male"
"9004152",371985,2025-05-31 23:35:51,42.3976783752441,-8.92153358459473,"Male"
"9004152",371985,2025-05-31 23:40:51,42.397876739502,-8.92184925079346,"Male"
"9004152",371985,2025-05-31 23:46:14,42.3976440429688,-8.92142200469971,"Male"
"9004152",371985,2025-05-31 23:50:54,42.3976593017578,-8.92152404785156,"Male"
"9004152",371985,2025-05-31 23:55:51,42.3976898193359,-8.9215726852417,"Male"
"9004152",371985,2025-06-01 00:00:53,42.3977699279785,-8.92125797271729,"Male"
"9004152",371985,2025-06-01 00:05:54,42.3976898193359,-8.9216194152832,"Male"
"9004152",371985,2025-06-01 00:10:54,42.3975410461426,-8.92130661010742,"Male"
"9004152",371985,2025-06-01 00:16:13,42.3976211547852,-8.92129707336426,"Male"
"9004152",371985,2025-06-01 00:21:28,42.3976287841797,-8.9213171005249,"Male"
"9004152",371985,2025-06-01 00:25:53,42.3976364135742,-8.92122459411621,"Male"
"9004152",371985,2025-06-01 00:30:52,42.3976707458496,-8.92128658294678,"Male"
"9004152",371985,2025-06-01 00:35:53,42.3976821899414,-8.92132759094238,"Male"
"9004152",371985,2025-06-01 00:40:55,42.3976440429688,-8.92138004302979,"Male"
"9004152",371985,2025-06-01 00:46:14,42.3976707458496,-8.92141819000244,"Male"
"9004152",371985,2025-06-01 00:51:14,42.3976936340332,-8.92141151428223,"Male"
"9004152",371985,2025-06-01 00:56:23,42.3975944519043,-8.9212818145752,"Male"
"9004152",371985,2025-06-01 01:00:50,42.3976745605469,-8.92147827148438,"Male"
"9004152",371985,2025-06-01 01:05:51,42.397647857666,-8.92131900787354,"Male"
"9004152",371985,2025-06-01 01:10:51,42.3977546691895,-8.92153835296631,"Male"
"9004152",371985,2025-06-01 01:15:50,42.3976821899414,-8.92145729064941,"Male"
"9004152",371985,2025-06-01 01:20:51,42.3977203369141,-8.92140960693359,"Male"
"9004152",371985,2025-06-01 01:25:52,42.397705078125,-8.92144107818604,"Male"
"9004152",371985,2025-06-01 01:30:52,42.3977432250977,-8.92146396636963,"Male"
"9004152",371985,2025-06-01 01:37:15,42.397632598877,-8.92130756378174,"Male"
"9004152",371985,2025-06-01 01:41:12,42.397632598877,-8.92132377624512,"Male"
"9004152",371985,2025-06-01 01:45:52,42.3979187011719,-8.92210674285889,"Male"
"9004152",371985,2025-06-01 01:50:51,42.3979263305664,-8.92203807830811,"Male"
"9004152",371985,2025-06-01 01:56:00,42.3976058959961,-8.92155456542969,"Male"
"9004152",371985,2025-06-01 02:00:54,42.3973617553711,-8.92110729217529,"Male"
"9004152",371985,2025-06-01 02:05:52,42.3975296020508,-8.92127418518066,"Male"
"9004152",371985,2025-06-01 02:10:53,42.3976631164551,-8.92151355743408,"Male"
"9004152",371985,2025-06-01 02:15:52,42.3975982666016,-8.92150115966797,"Male"
"9004152",371985,2025-06-01 02:20:52,42.3973388671875,-8.92122840881348,"Male"
"9004152",371985,2025-06-01 02:25:50,42.3976783752441,-8.92157745361328,"Male"
"9004152",371985,2025-06-01 02:31:14,42.3976860046387,-8.92152404785156,"Male"
"9004152",371985,2025-06-01 02:36:00,42.3976898193359,-8.92169380187988,"Male"
"9004152",371985,2025-06-01 02:41:14,42.3977279663086,-8.92148685455322,"Male"
"9004152",371985,2025-06-01 02:46:38,42.3976898193359,-8.92147254943848,"Male"
"9004152",371985,2025-06-01 02:50:50,42.3976440429688,-8.9215087890625,"Male"
"9004152",371985,2025-06-01 02:55:53,42.3977279663086,-8.92134284973145,"Male"
"9004152",371985,2025-06-01 03:00:53,42.3976898193359,-8.92160034179688,"Male"
"9004152",371985,2025-06-01 03:05:53,42.3977012634277,-8.92148113250732,"Male"
"9004152",371985,2025-06-01 03:10:54,42.3977355957031,-8.92125797271729,"Male"
"9004152",371985,2025-06-01 03:16:23,42.3976593017578,-8.92140102386475,"Male"
"9004152",371985,2025-06-01 03:20:50,42.3976516723633,-8.92141437530518,"Male"
"9004152",371985,2025-06-01 03:25:51,42.3977584838867,-8.92154312133789,"Male"
"9004152",371985,2025-06-01 03:30:52,42.3977203369141,-8.92144203186035,"Male"
"9004152",371985,2025-06-01 03:35:52,42.3974113464355,-8.92136096954346,"Male"
"9004152",371985,2025-06-01 03:40:52,42.3977241516113,-8.92149639129639,"Male"
"9004152",371985,2025-06-01 03:45:54,42.3977508544922,-8.92152976989746,"Male"
"9004152",371985,2025-06-01 03:51:06,42.3976707458496,-8.92137050628662,"Male"
"9004152",371985,2025-06-01 03:55:55,42.3977203369141,-8.92149353027344,"Male"
"9004152",371985,2025-06-01 04:00:52,42.3975944519043,-8.92148303985596,"Male"
"9004152",371985,2025-06-01 04:05:53,42.3976974487305,-8.92147064208984,"Male"
"9004152",371985,2025-06-01 04:10:53,42.3976631164551,-8.92140293121338,"Male"
"9004152",371985,2025-06-01 04:15:55,42.3976516723633,-8.92137241363525,"Male"
"9004152",371985,2025-06-01 04:20:54,42.3976173400879,-8.92140293121338,"Male"
"9004152",371985,2025-06-01 04:26:02,42.3976173400879,-8.92130470275879,"Male"
"9004152",371985,2025-06-01 04:31:04,42.3975372314453,-8.92128658294678,"Male"
"9004152",371985,2025-06-01 04:36:15,42.3976936340332,-8.92146968841553,"Male"
"9004152",371985,2025-06-01 04:40:52,42.3977279663086,-8.92159938812256,"Male"
"9004152",371985,2025-06-01 04:45:53,42.3975257873535,-8.92142200469971,"Male"
"9004152",371985,2025-06-01 04:51:00,42.3976593017578,-8.92141437530518,"Male"
"9004152",371985,2025-06-01 04:55:55,42.3977203369141,-8.92159557342529,"Male"
"9004152",371985,2025-06-01 05:01:04,42.397762298584,-8.92044734954834,"Male"
"9004152",371985,2025-06-01 05:06:13,42.3977737426758,-8.91994285583496,"Male"
"9004152",371985,2025-06-01 05:11:00,42.3977890014648,-8.92005443572998,"Male"
"9004152",371985,2025-06-01 05:16:14,42.3977584838867,-8.92012119293213,"Male"
"9004152",371985,2025-06-01 05:20:50,42.3969573974609,-8.92178344726562,"Male"
"9004152",371985,2025-06-01 05:25:53,42.3975982666016,-8.92038822174072,"Male"
"9004152",371985,2025-06-01 05:31:00,42.3977355957031,-8.92022800445557,"Male"
"9004152",371985,2025-06-01 05:35:51,42.3978157043457,-8.92010593414307,"Male"
"9004152",371985,2025-06-01 05:40:57,42.3978309631348,-8.92028617858887,"Male"
"9004152",371985,2025-06-01 05:46:23,42.397762298584,-8.92029476165771,"Male"
"9004152",371985,2025-06-01 05:50:50,42.3978118896484,-8.92034244537354,"Male"
"9004152",371985,2025-06-01 05:55:50,42.3977928161621,-8.92030715942383,"Male"
"9004152",371985,2025-06-01 06:00:50,42.3978424072266,-8.9202880859375,"Male"
"9004152",371985,2025-06-01 06:05:50,42.3978042602539,-8.92031955718994,"Male"
"9004152",371985,2025-06-01 06:10:50,42.3976669311523,-8.92027378082275,"Male"
"9004152",371985,2025-06-01 06:15:50,42.397762298584,-8.92037010192871,"Male"
"9004152",371985,2025-06-01 06:20:50,42.3977546691895,-8.9202995300293,"Male"
"9004152",371985,2025-06-01 06:25:50,42.3972244262695,-8.91435813903809,"Male"
"9004152",371985,2025-06-01 06:31:24,42.399528503418,-8.91023540496826,"Male"
"9004152",371985,2025-06-01 06:37:42,42.3975830078125,-8.90651702880859,"Male"
"9004152",371985,2025-06-01 06:43:40,42.4033966064453,-8.89837265014648,"Male"
"9004152",371985,2025-06-01 06:49:13,42.4034461975098,-8.89861297607422,"Male"
"9004152",371985,2025-06-01 06:55:03,42.403636932373,-8.89929008483887,"Male"
"9004152",371985,2025-06-01 07:00:29,42.4028854370117,-8.89751625061035,"Male"
"9004152",371985,2025-06-01 07:06:03,42.4031372070312,-8.89837169647217,"Male"
"9004152",371985,2025-06-01 07:19:35,42.4029006958008,-8.89769172668457,"Male"
"9004152",371985,2025-06-01 07:24:58,42.4084129333496,-8.87378883361816,"Male"
"9004152",371985,2025-06-01 07:30:41,42.4079284667969,-8.87395763397217,"Male"
"9004152",371985,2025-06-01 07:35:42,42.4092178344727,-8.87334442138672,"Male"
"9004152",371985,2025-06-01 07:40:57,42.4086303710938,-8.87137031555176,"Male"
"9004152",371985,2025-06-01 07:46:27,42.4092979431152,-8.87031173706055,"Male"
"9004152",371985,2025-06-01 07:51:31,42.4103050231934,-8.87036323547363,"Male"
"9004152",371985,2025-06-01 07:56:24,42.3986434936523,-8.85815620422363,"Male"
"9004152",371985,2025-06-01 08:01:24,42.3985900878906,-8.85821342468262,"Male"
"9004152",371985,2025-06-01 08:06:44,42.3985328674316,-8.85811996459961,"Male"
"9004152",371985,2025-06-01 08:11:24,42.3986053466797,-8.85822200775146,"Male"
"9004152",371985,2025-06-01 08:16:25,42.3984985351562,-8.85800361633301,"Male"
"9004152",371985,2025-06-01 08:21:24,42.398509979248,-8.85797309875488,"Male"
"9004152",371985,2025-06-01 08:26:25,42.3985633850098,-8.85833835601807,"Male"
"9004152",371985,2025-06-01 08:31:25,42.3986320495605,-8.85804271697998,"Male"
"9004152",371985,2025-06-01 08:36:25,42.398754119873,-8.85825157165527,"Male"
"9004152",371985,2025-06-01 08:41:24,42.3987693786621,-8.85813522338867,"Male"
"9004152",371985,2025-06-01 08:46:59,42.3985290527344,-8.85815906524658,"Male"
"9004152",371985,2025-06-01 08:51:25,42.3984794616699,-8.85819149017334,"Male"
"9004152",371985,2025-06-01 08:56:27,42.3985900878906,-8.85809135437012,"Male"
"9004152",371985,2025-06-01 09:01:42,42.3985137939453,-8.85818099975586,"Male"
"9004152",371985,2025-06-01 09:06:48,42.3983573913574,-8.85838031768799,"Male"
"9004152",371985,2025-06-01 09:11:59,42.3985252380371,-8.85805225372314,"Male"
"9004152",371985,2025-06-01 09:16:24,42.3984298706055,-8.85807704925537,"Male"
"9004152",371985,2025-06-01 09:21:24,42.3985977172852,-8.85804271697998,"Male"
"9004152",371985,2025-06-01 09:26:24,42.3984794616699,-8.85809803009033,"Male"
"9004152",371985,2025-06-01 09:31:24,42.3977584838867,-8.85900974273682,"Male"
"9004152",371985,2025-06-01 09:36:57,42.3966979980469,-8.85847187042236,"Male"
"9004152",371985,2025-06-01 09:41:56,42.3968086242676,-8.85903930664062,"Male"
"9004152",371985,2025-06-01 09:47:00,42.397102355957,-8.86030292510986,"Male"
"9004152",371985,2025-06-01 09:52:37,42.3968658447266,-8.86025238037109,"Male"
"9004152",371985,2025-06-01 09:58:00,42.3975601196289,-8.86018943786621,"Male"
"9004152",371985,2025-06-01 10:03:00,42.3974227905273,-8.86055755615234,"Male"
"9004152",371985,2025-06-01 10:08:00,42.3970375061035,-8.8596773147583,"Male"
"9004152",371985,2025-06-01 10:13:08,42.3962745666504,-8.8591136932373,"Male"
"9004152",371985,2025-06-01 10:18:53,42.3962059020996,-8.86012172698975,"Male"
"9004152",371985,2025-06-01 10:24:13,42.3958702087402,-8.86012935638428,"Male"
"9004152",371985,2025-06-01 10:29:52,42.3955879211426,-8.8578462600708,"Male"
"9004152",371985,2025-06-01 10:34:53,42.3964042663574,-8.85781669616699,"Male"
"9004152",371985,2025-06-01 10:39:53,42.3970794677734,-8.85890960693359,"Male"
"9004152",371985,2025-06-01 10:45:15,42.3982429504395,-8.85992527008057,"Male"
"9004152",371985,2025-06-01 10:51:27,42.3992881774902,-8.86041259765625,"Male"
"9004152",371985,2025-06-01 10:56:24,42.3987655639648,-8.85887622833252,"Male"
"9004152",371985,2025-06-01 11:01:25,42.3984146118164,-8.85859680175781,"Male"
"9004152",371985,2025-06-01 11:06:24,42.3987007141113,-8.85902690887451,"Male"
"9004152",371985,2025-06-01 11:11:34,42.3987426757812,-8.85896301269531,"Male"
"9004152",371985,2025-06-01 11:16:24,42.3986396789551,-8.85894775390625,"Male"
"9004152",371985,2025-06-01 11:21:24,42.3987236022949,-8.85881042480469,"Male"
"9004152",371985,2025-06-01 11:26:24,42.3985862731934,-8.85834693908691,"Male"
"9004152",371985,2025-06-01 11:31:35,42.3987350463867,-8.85877704620361,"Male"
"9004152",371985,2025-06-01 11:36:35,42.3987312316895,-8.85885047912598,"Male"
"9004152",371985,2025-06-01 11:41:59,42.3987312316895,-8.85894298553467,"Male"
"9004152",371985,2025-06-01 11:46:23,42.3987884521484,-8.85894966125488,"Male"
"9004152",371985,2025-06-01 11:51:23,42.3987693786621,-8.85902404785156,"Male"
"9004152",371985,2025-06-01 11:56:24,42.3987312316895,-8.85898113250732,"Male"
"9004152",371985,2025-06-01 12:01:24,42.398754119873,-8.85894107818604,"Male"
"9004152",371985,2025-06-01 12:06:24,42.3986930847168,-8.85895824432373,"Male"
"9004152",371985,2025-06-01 12:11:23,42.3987464904785,-8.85898971557617,"Male"
"9004152",371985,2025-06-01 12:17:05,42.398609161377,-8.85984039306641,"Male"
"9004152",371985,2025-06-01 12:22:31,42.3980560302734,-8.8594446182251,"Male"
"9004152",371985,2025-06-01 12:27:41,42.3973579406738,-8.85815525054932,"Male"
"9004152",371985,2025-06-01 12:32:55,42.3966636657715,-8.8582592010498,"Male"
"9004152",371985,2025-06-01 12:38:16,42.3961982727051,-8.85736274719238,"Male"
"9004152",371985,2025-06-01 12:43:16,42.3954200744629,-8.85728931427002,"Male"
"9004152",371985,2025-06-01 12:48:27,42.3950500488281,-8.85643482208252,"Male"
"9004152",371985,2025-06-01 12:53:30,42.395320892334,-8.85555934906006,"Male"
"9004152",371985,2025-06-01 12:58:57,42.3948364257812,-8.85555839538574,"Male"
"9004152",371985,2025-06-01 13:03:59,42.3954391479492,-8.85602378845215,"Male"
"9004152",371985,2025-06-01 13:09:11,42.3958854675293,-8.8570499420166,"Male"
"9004152",371985,2025-06-01 13:14:11,42.396785736084,-8.85780143737793,"Male"
"9004152",371985,2025-06-01 13:19:09,42.3985824584961,-8.85965919494629,"Male"
"9004152",371985,2025-06-01 13:24:10,42.3986854553223,-8.85893058776855,"Male"
"9004152",371985,2025-06-01 13:29:12,42.3987693786621,-8.85853099822998,"Male"
"9004152",371985,2025-06-01 13:34:10,42.3987731933594,-8.85903263092041,"Male"
"9004152",371985,2025-06-01 13:39:10,42.3987922668457,-8.85846996307373,"Male"
"9004152",371985,2025-06-01 13:44:10,42.3987693786621,-8.85903549194336,"Male"
"9004152",371985,2025-06-01 13:49:10,42.398811340332,-8.85929298400879,"Male"
"9004152",371985,2025-06-01 13:54:11,42.3987121582031,-8.85897731781006,"Male"
"9004152",371985,2025-06-01 13:59:12,42.3988571166992,-8.85858535766602,"Male"
"9004152",371985,2025-06-01 14:05:04,42.4011039733887,-8.87956523895264,"Male"
"9004152",371985,2025-06-01 14:09:10,42.3976135253906,-8.91979503631592,"Male"
"9004152",371985,2025-06-01 14:14:35,42.3979454040527,-8.92026710510254,"Male"
"9004152",371985,2025-06-01 14:19:10,42.397819519043,-8.92036247253418,"Male"
"9004152",371985,2025-06-01 14:24:10,42.3979110717773,-8.92033290863037,"Male"
"9004152",371985,2025-06-01 14:29:11,42.3976631164551,-8.92159271240234,"Male"
"9004152",371985,2025-06-01 14:34:11,42.3975982666016,-8.92153453826904,"Male"
"9004152",371985,2025-06-01 14:39:10,42.3976364135742,-8.92149353027344,"Male"
"9004152",371985,2025-06-01 14:44:10,42.3976249694824,-8.92152690887451,"Male"
"9004152",371985,2025-06-01 14:49:10,42.3976058959961,-8.92152309417725,"Male"
"9004152",371985,2025-06-01 14:54:11,42.3976249694824,-8.92154979705811,"Male"
"9004152",371985,2025-06-01 14:59:11,42.3976020812988,-8.92147445678711,"Male"
"9004152",371985,2025-06-01 15:04:10,42.3976974487305,-8.92148113250732,"Male"
"9004152",371985,2025-06-01 15:09:10,42.3976898193359,-8.92151927947998,"Male"
"9004152",371985,2025-06-01 15:14:11,42.3977203369141,-8.92142868041992,"Male"
"9004152",371985,2025-06-01 15:19:10,42.3977203369141,-8.92146396636963,"Male"
"9004152",371985,2025-06-01 15:24:14,42.397819519043,-8.92161464691162,"Male"
"9004152",371985,2025-06-01 15:29:13,42.3978118896484,-8.92166900634766,"Male"
"9004152",371985,2025-06-01 15:34:21,42.3978080749512,-8.92146301269531,"Male"
"9004152",371985,2025-06-01 15:39:13,42.3978233337402,-8.92157459259033,"Male"
"9004152",371985,2025-06-01 15:44:16,42.397777557373,-8.92139339447021,"Male"
"9004152",371985,2025-06-01 15:49:16,42.3977699279785,-8.92168521881104,"Male"
"9004152",371985,2025-06-01 15:54:13,42.3976669311523,-8.92160129547119,"Male"
"9004152",371985,2025-06-01 15:59:13,42.3996429443359,-8.92309951782227,"Male"
"9004152",371985,2025-06-01 16:04:44,42.3977737426758,-8.92154598236084,"Male"
"9004152",371985,2025-06-01 16:09:12,42.3977279663086,-8.92161178588867,"Male"
"9004152",371985,2025-06-01 16:14:12,42.3977851867676,-8.92160987854004,"Male"
"9004152",371985,2025-06-01 16:19:12,42.397705078125,-8.92156600952148,"Male"
"9004152",371985,2025-06-01 16:24:12,42.3977546691895,-8.92153358459473,"Male"
"9004152",371985,2025-06-01 16:29:13,42.3977432250977,-8.92171192169189,"Male"
"9004152",371985,2025-06-01 16:34:13,42.3980293273926,-8.92200946807861,"Male"
"9004152",371985,2025-06-01 16:39:12,42.4010848999023,-8.9097785949707,"Male"
"9004152",371985,2025-06-01 16:44:41,42.4094200134277,-8.87861824035645,"Male"
"9004152",371985,2025-06-01 17:00:44,42.4100914001465,-8.87490844726562,"Male"
"9004152",371985,2025-06-01 17:05:24,42.4096984863281,-8.87396907806396,"Male"
"9004152",371985,2025-06-01 17:10:56,42.4085693359375,-8.8740348815918,"Male"
"9004152",371985,2025-06-01 17:15:54,42.4083557128906,-8.87254810333252,"Male"
"9004152",371985,2025-06-01 17:20:59,42.40869140625,-8.8705587387085,"Male"
"9004152",371985,2025-06-01 17:26:02,42.4094657897949,-8.87008285522461,"Male"
"9004152",371985,2025-06-01 17:31:07,42.4099578857422,-8.86991119384766,"Male"
"9004152",371985,2025-06-01 17:36:40,42.4103660583496,-8.8705005645752,"Male"
"9004152",371985,2025-06-01 17:41:46,42.4095611572266,-8.87069034576416,"Male"
"9004152",371985,2025-06-01 17:47:35,42.4101676940918,-8.87126636505127,"Male"
"9004152",371985,2025-06-01 17:51:46,42.400562286377,-8.91185665130615,"Male"
"9004152",371985,2025-06-01 17:57:05,42.3971786499023,-8.92006015777588,"Male"
"9004152",371985,2025-06-01 18:01:45,42.3982315063477,-8.92149829864502,"Male"
"9004152",371985,2025-06-01 18:06:45,42.3976440429688,-8.92149353027344,"Male"
"9004152",371985,2025-06-01 18:11:45,42.3976593017578,-8.92147636413574,"Male"
"9004152",371985,2025-06-01 18:16:47,42.3977203369141,-8.92151641845703,"Male"
"9004152",371985,2025-06-01 18:21:47,42.397518157959,-8.92152309417725,"Male"
"9004152",371985,2025-06-01 18:26:48,42.3976783752441,-8.92151927947998,"Male"
"9004152",371985,2025-06-01 18:31:46,42.3976669311523,-8.92153072357178,"Male"
"9004152",371985,2025-06-01 18:36:51,42.3976516723633,-8.92139911651611,"Male"
"9004152",371985,2025-06-01 18:41:46,42.3976554870605,-8.92148876190186,"Male"
"9004152",371985,2025-06-01 18:46:45,42.3983116149902,-8.92137336730957,"Male"
"9004152",371985,2025-06-01 18:51:53,42.3978996276855,-8.92114925384521,"Male"
"9004152",371985,2025-06-01 18:57:13,42.3979110717773,-8.92112731933594,"Male"
"9004152",371985,2025-06-01 19:01:45,42.3977088928223,-8.92116260528564,"Male"
"9004152",371985,2025-06-01 19:06:45,42.3977737426758,-8.92122173309326,"Male"
"9004152",371985,2025-06-01 19:12:23,42.3978805541992,-8.92113590240479,"Male"
"9004152",371985,2025-06-01 19:16:48,42.3979187011719,-8.92122268676758,"Male"
"9004152",371985,2025-06-01 19:21:51,42.3979148864746,-8.92118358612061,"Male"
"9004152",371985,2025-06-01 19:26:45,42.3978958129883,-8.92112255096436,"Male"
"9004152",371985,2025-06-01 19:31:47,42.3981857299805,-8.92086315155029,"Male"
"9004152",371985,2025-06-01 19:36:49,42.3979072570801,-8.92130947113037,"Male"
"9004152",371985,2025-06-01 19:41:49,42.3980522155762,-8.92132949829102,"Male"
"9004152",371985,2025-06-01 19:46:54,42.3978996276855,-8.92121601104736,"Male"
"9004152",371985,2025-06-01 19:52:00,42.3978652954102,-8.92116260528564,"Male"
"9004152",371985,2025-06-01 19:56:52,42.3979148864746,-8.92128562927246,"Male"
"9004152",371985,2025-06-01 20:02:14,42.3978805541992,-8.9211893081665,"Male"
"9004152",371985,2025-06-01 20:06:51,42.3978958129883,-8.92120361328125,"Male"
"9004152",371985,2025-06-01 20:11:50,42.3976097106934,-8.92128276824951,"Male"
"9004152",371985,2025-06-01 20:16:54,42.3974304199219,-8.92081260681152,"Male"
"9004152",371985,2025-06-01 20:21:54,42.3973999023438,-8.92065238952637,"Male"
"9004152",371985,2025-06-01 20:27:05,42.3978004455566,-8.92126846313477,"Male"
"9004152",371985,2025-06-01 20:31:45,42.3982810974121,-8.92134475708008,"Male"
"9004152",371985,2025-06-01 20:36:45,42.3982810974121,-8.9214038848877,"Male"
"9004152",371985,2025-06-01 20:41:46,42.3980827331543,-8.92150402069092,"Male"
"9004152",371985,2025-06-01 20:46:46,42.3980255126953,-8.92153453826904,"Male"
"9004152",371985,2025-06-01 20:51:47,42.3983383178711,-8.92160892486572,"Male"
"9004152",371985,2025-06-01 20:56:45,42.3982009887695,-8.92137336730957,"Male"
"9004152",371985,2025-06-01 21:01:45,42.3981590270996,-8.92129611968994,"Male"
"9004152",371985,2025-06-01 21:06:46,42.3982124328613,-8.92128753662109,"Male"
"9004152",371985,2025-06-01 21:11:48,42.3980979919434,-8.92117500305176,"Male"
"9004152",371985,2025-06-01 21:16:45,42.3981475830078,-8.92100620269775,"Male"
"9004152",371985,2025-06-01 21:21:45,42.3982200622559,-8.9212121963501,"Male"
"9004152",371985,2025-06-01 21:26:46,42.3982200622559,-8.92131328582764,"Male"
"9004152",371985,2025-06-01 21:31:46,42.3981628417969,-8.92104053497314,"Male"
"9004152",371985,2025-06-01 21:37:05,42.3982238769531,-8.92127513885498,"Male"
"9004152",371985,2025-06-01 21:41:45,42.3982772827148,-8.92125225067139,"Male"
"9004152",371985,2025-06-01 21:46:46,42.3981819152832,-8.92100524902344,"Male"
"9004152",371985,2025-06-01 21:51:47,42.3982009887695,-8.92122745513916,"Male"
"9004152",371985,2025-06-01 21:57:05,42.3982162475586,-8.92131328582764,"Male"
"9004152",371985,2025-06-01 22:01:45,42.3982086181641,-8.92130374908447,"Male"
"9004152",371985,2025-06-01 22:06:45,42.3982696533203,-8.92133045196533,"Male"
"9004152",371985,2025-06-01 22:11:45,42.3982238769531,-8.9213399887085,"Male"
"9004152",371985,2025-06-01 22:16:45,42.3982009887695,-8.92131328582764,"Male"
"9004152",371985,2025-06-01 22:21:45,42.3982543945312,-8.92132091522217,"Male"
"9004152",371985,2025-06-01 22:26:45,42.3981895446777,-8.92135429382324,"Male"
"9004152",371985,2025-06-01 22:31:45,42.398265838623,-8.92133903503418,"Male"
"9004152",371985,2025-06-01 22:36:46,42.3983039855957,-8.9213228225708,"Male"
"9004152",371985,2025-06-01 22:41:45,42.3981628417969,-8.92125511169434,"Male"
"9004152",371985,2025-06-01 22:46:45,42.3982200622559,-8.92127704620361,"Male"
"9004152",371985,2025-06-01 22:51:49,42.3982734680176,-8.92136669158936,"Male"
"9004152",371985,2025-06-01 22:56:48,42.3982009887695,-8.92125606536865,"Male"
"9004152",371985,2025-06-01 23:01:47,42.3982887268066,-8.92142581939697,"Male"
"9004152",371985,2025-06-01 23:07:14,42.3981971740723,-8.92123317718506,"Male"
"9004152",371985,2025-06-01 23:11:48,42.3982353210449,-8.92130088806152,"Male"
"9004152",371985,2025-06-01 23:16:47,42.3982467651367,-8.92137813568115,"Male"
"9004152",371985,2025-06-01 23:21:45,42.398193359375,-8.92117881774902,"Male"
"9004152",371985,2025-06-01 23:26:46,42.3982315063477,-8.92126655578613,"Male"
"9004152",371985,2025-06-01 23:31:46,42.3982696533203,-8.92133903503418,"Male"
"9004152",371985,2025-06-01 23:36:46,42.3981971740723,-8.92114353179932,"Male"
"9004152",371985,2025-06-01 23:41:46,42.3981704711914,-8.92110919952393,"Male"
"9004152",371985,2025-06-01 23:46:46,42.3983192443848,-8.92134857177734,"Male"
"9004152",371985,2025-06-01 23:51:46,42.3983001708984,-8.92132091522217,"Male"
"9004152",371985,2025-06-01 23:56:46,42.398307800293,-8.92133140563965,"Male"
"9004152",371985,2025-06-02 00:01:46,42.3983268737793,-8.92139530181885,"Male"
"9004152",371985,2025-06-02 00:06:46,42.3983573913574,-8.9213695526123,"Male"
"9004152",371985,2025-06-02 00:11:46,42.3984642028809,-8.92135810852051,"Male"
"9004152",371985,2025-06-02 00:16:47,42.3983917236328,-8.92127704620361,"Male"
"9004152",371985,2025-06-02 00:21:47,42.3984565734863,-8.92133331298828,"Male"
"9004152",371985,2025-06-02 00:26:46,42.398509979248,-8.9214563369751,"Male"
"9004152",371985,2025-06-02 00:31:47,42.3984336853027,-8.92129898071289,"Male"
"9004152",371985,2025-06-02 00:36:46,42.3984680175781,-8.92136478424072,"Male"
"9004152",371985,2025-06-02 00:41:46,42.3984146118164,-8.92136573791504,"Male"
"9004152",371985,2025-06-02 00:46:46,42.3984870910645,-8.92142295837402,"Male"
"9004152",371985,2025-06-02 00:51:46,42.3984260559082,-8.92117214202881,"Male"
"9004152",371985,2025-06-02 00:56:46,42.3984870910645,-8.92134666442871,"Male"
"9004152",371985,2025-06-02 01:01:47,42.3984527587891,-8.92110729217529,"Male"
"9004152",371985,2025-06-02 01:06:47,42.3983917236328,-8.92083358764648,"Male"
"9004152",371985,2025-06-02 01:11:46,42.3985176086426,-8.92125797271729,"Male"
"9004152",371985,2025-06-02 01:16:47,42.3983535766602,-8.92111396789551,"Male"
"9004152",371985,2025-06-02 01:21:47,42.398494720459,-8.92140293121338,"Male"
"9004152",371985,2025-06-02 01:26:47,42.3986701965332,-8.92156600952148,"Male"
"9004152",371985,2025-06-02 01:31:47,42.3982429504395,-8.92120838165283,"Male"
"9004152",371985,2025-06-02 01:36:47,42.3983840942383,-8.92144393920898,"Male"
"9004152",371985,2025-06-02 01:41:48,42.3983497619629,-8.92137908935547,"Male"
"9004152",371985,2025-06-02 01:46:52,42.3984680175781,-8.92170715332031,"Male"
"9004152",371985,2025-06-02 01:51:46,42.3984375,-8.92162227630615,"Male"
"9004152",371985,2025-06-02 01:56:47,42.3985366821289,-8.92209148406982,"Male"
"9004152",371985,2025-06-02 02:01:47,42.3985023498535,-8.92228317260742,"Male"
"9004152",371985,2025-06-02 02:06:46,42.3985748291016,-8.92249965667725,"Male"
"9004152",371985,2025-06-02 02:11:46,42.398551940918,-8.92243480682373,"Male"
"9004152",371985,2025-06-02 02:16:46,42.3983879089355,-8.92196559906006,"Male"
"9004152",371985,2025-06-02 02:21:46,42.3983917236328,-8.92188262939453,"Male"
"9004152",371985,2025-06-02 02:26:46,42.398365020752,-8.9218225479126,"Male"
"9004152",371985,2025-06-02 02:31:46,42.3985977172852,-8.92155742645264,"Male"
"9004152",371985,2025-06-02 02:36:46,42.3987426757812,-8.92136001586914,"Male"
"9004152",371985,2025-06-02 02:41:46,42.3987808227539,-8.92130088806152,"Male"
"9004152",371985,2025-06-02 02:46:46,42.3987350463867,-8.92132377624512,"Male"
"9004152",371985,2025-06-02 02:51:46,42.3986854553223,-8.92128944396973,"Male"
"9004152",371985,2025-06-02 02:56:46,42.3987503051758,-8.9213924407959,"Male"
"9004152",371985,2025-06-02 03:01:46,42.3986701965332,-8.92130279541016,"Male"
"9004152",371985,2025-06-02 03:06:46,42.3987731933594,-8.9213342666626,"Male"
"9004152",371985,2025-06-02 03:11:46,42.3987121582031,-8.92140579223633,"Male"
"9004152",371985,2025-06-02 03:16:46,42.3986968994141,-8.92142295837402,"Male"
"9004152",371985,2025-06-02 03:21:46,42.3986549377441,-8.92150402069092,"Male"
"9004152",371985,2025-06-02 03:26:46,42.3985443115234,-8.92146301269531,"Male"
"9004152",371985,2025-06-02 03:31:46,42.3986129760742,-8.92150783538818,"Male"
"9004152",371985,2025-06-02 03:36:46,42.3985939025879,-8.92149066925049,"Male"
"9004152",371985,2025-06-02 03:41:46,42.3985900878906,-8.9214563369751,"Male"
"9004152",371985,2025-06-02 03:46:46,42.3986206054688,-8.92151832580566,"Male"
"9004152",371985,2025-06-02 03:51:46,42.3985939025879,-8.92153167724609,"Male"
"9004152",371985,2025-06-02 03:56:46,42.3986282348633,-8.92156219482422,"Male"
"9004152",371985,2025-06-02 04:01:47,42.3985404968262,-8.92155170440674,"Male"
"9004152",371985,2025-06-02 04:06:46,42.3984336853027,-8.92168140411377,"Male"
"9004152",371985,2025-06-02 04:11:47,42.3984336853027,-8.92164993286133,"Male"
"9004152",371985,2025-06-02 04:16:47,42.3984680175781,-8.92157363891602,"Male"
"9004152",371985,2025-06-02 04:21:48,42.398380279541,-8.92142868041992,"Male"
"9004152",371985,2025-06-02 04:26:47,42.3982887268066,-8.92127799987793,"Male"
"9004152",371985,2025-06-02 04:31:46,42.3983726501465,-8.92141914367676,"Male"
"9004152",371985,2025-06-02 04:36:46,42.3985061645508,-8.92159175872803,"Male"
"9004152",371985,2025-06-02 04:41:47,42.3984069824219,-8.92160415649414,"Male"
"9004152",371985,2025-06-02 04:46:47,42.3983383178711,-8.92159175872803,"Male"
"9004152",371985,2025-06-02 04:51:47,42.3983154296875,-8.92156314849854,"Male"
"9004152",371985,2025-06-02 04:56:47,42.3979225158691,-8.92213535308838,"Male"
"9004152",371985,2025-06-02 05:01:47,42.3976554870605,-8.92272186279297,"Male"
"9004152",371985,2025-06-02 05:06:46,42.3979377746582,-8.92191982269287,"Male"
"9004152",371985,2025-06-02 05:11:46,42.3973731994629,-8.92104434967041,"Male"
"9004152",371985,2025-06-02 05:16:46,42.397533416748,-8.92028999328613,"Male"
"9004152",371985,2025-06-02 05:21:46,42.3973388671875,-8.92097473144531,"Male"
"9004152",371985,2025-06-02 05:26:46,42.3977966308594,-8.92031002044678,"Male"
"9004152",371985,2025-06-02 05:31:46,42.3978271484375,-8.92023754119873,"Male"
"9004152",371985,2025-06-02 05:36:46,42.3978157043457,-8.92050361633301,"Male"
"9004152",371985,2025-06-02 05:41:46,42.3978996276855,-8.92049121856689,"Male"
"9004152",371985,2025-06-02 05:46:46,42.3978157043457,-8.9203987121582,"Male"
"9004152",371985,2025-06-02 05:51:46,42.3979568481445,-8.92043209075928,"Male"
"9004152",371985,2025-06-02 05:56:46,42.3979721069336,-8.92033576965332,"Male"
"9004152",371985,2025-06-02 06:01:46,42.3979415893555,-8.9203634262085,"Male"
"9004152",371985,2025-06-02 06:06:46,42.3980102539062,-8.92026805877686,"Male"
"9004152",371985,2025-06-02 06:11:46,42.3979797363281,-8.92029666900635,"Male"
"9004152",371985,2025-06-02 06:16:46,42.3979644775391,-8.92022895812988,"Male"
"9004152",371985,2025-06-02 06:21:46,42.4009094238281,-8.90426445007324,"Male"
"9004152",371985,2025-06-02 06:27:17,42.4047927856445,-8.89930057525635,"Male"
"9004152",371985,2025-06-02 06:32:21,42.4051170349121,-8.8989782333374,"Male"
"9004152",371985,2025-06-02 06:37:56,42.4049415588379,-8.90146160125732,"Male"
"9004152",371985,2025-06-02 06:43:51,42.4100341796875,-8.87768077850342,"Male"
"9004152",371985,2025-06-02 06:49:06,42.4098320007324,-8.87781143188477,"Male"
"9004152",371985,2025-06-02 06:54:37,42.4099578857422,-8.87903881072998,"Male"
"9004152",371985,2025-06-02 06:59:47,42.4105911254883,-8.8785982131958,"Male"
"9004152",371985,2025-06-02 07:05:11,42.410774230957,-8.87716007232666,"Male"
"9004152",371985,2025-06-02 07:11:01,42.4110870361328,-8.8791389465332,"Male"
"9004152",371985,2025-06-02 07:16:47,42.4100341796875,-8.87821578979492,"Male"
"9004152",371985,2025-06-02 07:21:47,42.4027137756348,-8.86263179779053,"Male"
"9004152",371985,2025-06-02 07:26:46,42.3983955383301,-8.8578462600708,"Male"
"9004152",371985,2025-06-02 07:31:46,42.3984260559082,-8.85782432556152,"Male"
"9004152",371985,2025-06-02 07:36:46,42.3985748291016,-8.85798740386963,"Male"
"9004152",371985,2025-06-02 07:41:46,42.3994331359863,-8.85863399505615,"Male"
"9004152",371985,2025-06-02 07:46:46,42.399242401123,-8.85849475860596,"Male"
"9004152",371985,2025-06-02 07:51:46,42.3995666503906,-8.85892868041992,"Male"
"9004152",371985,2025-06-02 07:56:46,42.3994140625,-8.85884571075439,"Male"
"9004152",371985,2025-06-02 08:01:46,42.3992729187012,-8.85879802703857,"Male"
"9004152",371985,2025-06-02 08:06:46,42.3992767333984,-8.85889053344727,"Male"
"9004152",371985,2025-06-02 08:11:46,42.3988914489746,-8.8582935333252,"Male"
"9004152",371985,2025-06-02 08:16:46,42.3993034362793,-8.85917854309082,"Male"
"9004152",371985,2025-06-02 08:21:46,42.3986701965332,-8.85799598693848,"Male"
"9004152",371985,2025-06-02 08:26:47,42.3986434936523,-8.85804462432861,"Male"
"9004152",371985,2025-06-02 08:31:47,42.3982009887695,-8.85849571228027,"Male"
"9004152",371985,2025-06-02 08:36:47,42.3981857299805,-8.85832977294922,"Male"
"9004152",371985,2025-06-02 08:42:13,42.397575378418,-8.85901737213135,"Male"
"9004152",371985,2025-06-02 08:47:39,42.3965911865234,-8.85537624359131,"Male"
"9004152",371985,2025-06-02 08:52:43,42.3957939147949,-8.8581600189209,"Male"
"9004152",371985,2025-06-02 08:58:31,42.3967170715332,-8.85928916931152,"Male"
"9004152",371985,2025-06-02 09:03:43,42.3980751037598,-8.85842514038086,"Male"
"9004152",371985,2025-06-02 09:08:44,42.3981170654297,-8.85834407806396,"Male"
"9004152",371985,2025-06-02 09:13:44,42.398063659668,-8.85831356048584,"Male"
"9004152",371985,2025-06-02 09:18:44,42.398021697998,-8.85836410522461,"Male"
"9004152",371985,2025-06-02 09:23:44,42.3980026245117,-8.85837173461914,"Male"
"9004152",371985,2025-06-02 09:28:44,42.3980369567871,-8.85830688476562,"Male"
"9004152",371985,2025-06-02 09:33:44,42.3979301452637,-8.85822200775146,"Male"
"9004152",371985,2025-06-02 09:38:44,42.3980827331543,-8.85822772979736,"Male"
"9004152",371985,2025-06-02 09:43:44,42.3980293273926,-8.85805606842041,"Male"
"9004152",371985,2025-06-02 09:48:44,42.3979835510254,-8.85810375213623,"Male"
"9004152",371985,2025-06-02 09:53:44,42.3982009887695,-8.85813331604004,"Male"
"9004152",371985,2025-06-02 09:58:44,42.3980598449707,-8.85784149169922,"Male"
"9004152",371985,2025-06-02 10:03:44,42.3982124328613,-8.8579683303833,"Male"
"9004152",371985,2025-06-02 10:08:49,42.3971672058105,-8.86026477813721,"Male"
"9004152",371985,2025-06-02 10:14:10,42.3964691162109,-8.85947132110596,"Male"
"9004152",371985,2025-06-02 10:19:09,42.3966865539551,-8.860426902771,"Male"
"9004152",371985,2025-06-02 10:24:09,42.3975639343262,-8.86363697052002,"Male"
"9004152",371985,2025-06-02 10:29:11,42.3984451293945,-8.86645793914795,"Male"
"9004152",371985,2025-06-02 10:34:09,42.3966026306152,-8.91895294189453,"Male"
"9004152",371985,2025-06-02 10:39:10,42.3945007324219,-8.91712093353271,"Male"
"9004152",371985,2025-06-02 10:44:11,42.3982772827148,-8.9207010269165,"Male"
"9004152",371985,2025-06-02 10:49:09,42.3980674743652,-8.92339992523193,"Male"
"9004152",371985,2025-06-02 10:54:10,42.3983688354492,-8.92145919799805,"Male"
"9004152",371985,2025-06-02 10:59:09,42.3983764648438,-8.92144680023193,"Male"
"9004152",371985,2025-06-02 11:04:09,42.398323059082,-8.92166709899902,"Male"
"9004152",371985,2025-06-02 11:09:09,42.3983917236328,-8.92182159423828,"Male"
"9004152",371985,2025-06-02 11:14:09,42.3983497619629,-8.92179298400879,"Male"
"9004152",371985,2025-06-02 11:19:10,42.3983383178711,-8.92171001434326,"Male"
"9004152",371985,2025-06-02 11:24:09,42.3981742858887,-8.92178821563721,"Male"
"9004152",371985,2025-06-02 11:29:09,42.3982543945312,-8.92169284820557,"Male"
"9004152",371985,2025-06-02 11:34:09,42.3983306884766,-8.92200756072998,"Male"
"9004152",371985,2025-06-02 11:39:09,42.398120880127,-8.92185211181641,"Male"
"9004152",371985,2025-06-02 11:44:10,42.3980712890625,-8.92184352874756,"Male"
"9004152",371985,2025-06-02 11:49:09,42.3979225158691,-8.92196083068848,"Male"
"9004152",371985,2025-06-02 11:54:10,42.3979377746582,-8.92182445526123,"Male"
"9004152",371985,2025-06-02 11:59:09,42.3980178833008,-8.9185791015625,"Male"
"9004152",371985,2025-06-02 12:04:10,42.397762298584,-8.91812038421631,"Male"
"9004152",371985,2025-06-02 12:09:09,42.3983535766602,-8.92030811309814,"Male"
"9004152",371985,2025-06-02 12:14:09,42.3983421325684,-8.92028617858887,"Male"
"9004152",371985,2025-06-02 12:19:09,42.3982009887695,-8.92036724090576,"Male"
"9004152",371985,2025-06-02 12:24:09,42.3982353210449,-8.9205207824707,"Male"
"9004152",371985,2025-06-02 12:29:09,42.3982696533203,-8.92033958435059,"Male"
"9004152",371985,2025-06-02 12:34:09,42.3982429504395,-8.92032432556152,"Male"
"9004152",371985,2025-06-02 12:39:09,42.398120880127,-8.92032432556152,"Male"
"9004152",371985,2025-06-02 12:44:09,42.3982734680176,-8.9204273223877,"Male"
"9004152",371985,2025-06-02 12:49:09,42.3982696533203,-8.92040157318115,"Male"
"9004152",371985,2025-06-02 12:54:09,42.3982429504395,-8.92033290863037,"Male"
"9004152",371985,2025-06-02 12:59:09,42.3982162475586,-8.92043113708496,"Male"
"9004152",371985,2025-06-02 13:04:09,42.4056777954102,-8.89015483856201,"Male"
"9004152",371985,2025-06-02 13:09:09,42.4091644287109,-8.87595844268799,"Male"
"9004152",371985,2025-06-02 13:14:30,42.4087715148926,-8.87582302093506,"Male"
"9004152",371985,2025-06-02 13:20:06,42.4094276428223,-8.87597179412842,"Male"
"9004152",371985,2025-06-02 13:25:04,42.4098205566406,-8.87546348571777,"Male"
"9004152",371985,2025-06-02 13:30:04,42.4138793945312,-8.8731803894043,"Male"
"9004152",371985,2025-06-02 13:35:04,42.4138832092285,-8.8732271194458,"Male"
"9004152",371985,2025-06-02 13:40:04,42.4136772155762,-8.87333297729492,"Male"
"9004152",371985,2025-06-02 13:45:04,42.4137916564941,-8.87330436706543,"Male"
"9004152",371985,2025-06-02 13:50:04,42.4138107299805,-8.87324142456055,"Male"
"9004152",371985,2025-06-02 13:55:04,42.4136962890625,-8.87337875366211,"Male"
"9004152",371985,2025-06-02 14:00:04,42.4139251708984,-8.87327003479004,"Male"
"9004152",371985,2025-06-02 14:05:04,42.4137916564941,-8.87337398529053,"Male"
"9004152",371985,2025-06-02 14:10:04,42.4137840270996,-8.87328720092773,"Male"
"9004152",371985,2025-06-02 14:15:04,42.4138946533203,-8.87338542938232,"Male"
"9004152",371985,2025-06-02 14:20:04,42.4138412475586,-8.87337493896484,"Male"
"9004152",371985,2025-06-02 14:25:04,42.4139823913574,-8.87337493896484,"Male"
"9004152",371985,2025-06-02 14:30:04,42.4140853881836,-8.87332916259766,"Male"
"9004152",371985,2025-06-02 14:35:04,42.4141159057617,-8.87341785430908,"Male"
"9004152",371985,2025-06-02 14:40:04,42.4140548706055,-8.87336921691895,"Male"
"9004152",371985,2025-06-02 14:45:04,42.4140968322754,-8.87339305877686,"Male"
"9004152",371985,2025-06-02 14:50:04,42.4140167236328,-8.87349414825439,"Male"
"9004152",371985,2025-06-02 14:55:04,42.4140319824219,-8.87348365783691,"Male"
"9004152",371985,2025-06-02 15:00:04,42.4140777587891,-8.87346363067627,"Male"
"9004152",371985,2025-06-02 15:05:04,42.4140548706055,-8.87351703643799,"Male"
"9004152",371985,2025-06-02 15:10:04,42.4140396118164,-8.87348651885986,"Male"
"9004152",371985,2025-06-02 15:15:04,42.4140472412109,-8.87354373931885,"Male"
"9004152",371985,2025-06-02 15:20:04,42.4141464233398,-8.8736515045166,"Male"
"9004152",371985,2025-06-02 15:25:04,42.4140548706055,-8.87362289428711,"Male"
"9004152",371985,2025-06-02 15:30:04,42.4140930175781,-8.87368583679199,"Male"
"9004152",371985,2025-06-02 15:35:04,42.4140014648438,-8.87362194061279,"Male"
"9004152",371985,2025-06-02 15:40:04,42.4140586853027,-8.87361145019531,"Male"
"9004152",371985,2025-06-02 15:45:04,42.413932800293,-8.87349033355713,"Male"
"9004152",371985,2025-06-02 15:50:04,42.4138488769531,-8.8734827041626,"Male"
"9004152",371985,2025-06-02 15:55:04,42.4138565063477,-8.87349700927734,"Male"
"9004152",371985,2025-06-02 16:00:06,42.4138946533203,-8.87353610992432,"Male"
"9004152",371985,2025-06-02 16:05:04,42.413330078125,-8.87337303161621,"Male"
"9004152",371985,2025-06-02 16:10:36,42.4120826721191,-8.87227439880371,"Male"
"9004152",371985,2025-06-02 16:15:59,42.4113731384277,-8.87087821960449,"Male"
"9004152",371985,2025-06-02 16:21:14,42.4101638793945,-8.87053108215332,"Male"
"9004152",371985,2025-06-02 16:26:43,42.4096908569336,-8.87014198303223,"Male"
"9004152",371985,2025-06-02 16:32:12,42.4089736938477,-8.87173938751221,"Male"
"9004152",371985,2025-06-02 16:37:12,42.408519744873,-8.87182807922363,"Male"
"9004152",371985,2025-06-02 16:42:12,42.4089164733887,-8.87168121337891,"Male"
"9004152",371985,2025-06-02 16:47:13,42.4093322753906,-8.87180995941162,"Male"
"9004152",371985,2025-06-02 16:52:40,42.4100456237793,-8.87040328979492,"Male"
"9004152",371985,2025-06-02 16:57:53,42.4094085693359,-8.87008476257324,"Male"
"9004152",371985,2025-06-02 17:03:09,42.4103050231934,-8.87047481536865,"Male"
"9004152",371985,2025-06-02 17:08:33,42.4107856750488,-8.87159824371338,"Male"
"9004152",371985,2025-06-02 17:14:14,42.4101028442383,-8.87273502349854,"Male"
"9004152",371985,2025-06-02 17:20:04,42.4094696044922,-8.87183856964111,"Male"
"9004152",371985,2025-06-02 17:25:36,42.4084587097168,-8.87129211425781,"Male"
"9004152",371985,2025-06-02 17:30:39,42.4087333679199,-8.87238597869873,"Male"
"9004152",371985,2025-06-02 17:36:12,42.4087791442871,-8.87406730651855,"Male"
"9004152",371985,2025-06-02 17:41:48,42.4101066589355,-8.87440586090088,"Male"
"9004152",371985,2025-06-02 17:47:09,42.4104461669922,-8.87463283538818,"Male"
"9004152",371985,2025-06-02 17:52:30,42.410701751709,-8.87487030029297,"Male"
"9004152",371985,2025-06-02 17:57:39,42.4109840393066,-8.87342929840088,"Male"
"9004152",371985,2025-06-02 18:03:13,42.4100189208984,-8.87267971038818,"Male"
"9004152",371985,2025-06-02 18:09:01,42.4104614257812,-8.87098693847656,"Male"
"9004152",371985,2025-06-02 18:14:07,42.4107818603516,-8.87037181854248,"Male"
"9004152",371985,2025-06-02 18:19:06,42.4102020263672,-8.87098217010498,"Male"
"9004152",371985,2025-06-02 18:24:07,42.3971481323242,-8.91647243499756,"Male"
"9004152",371985,2025-06-02 18:29:06,42.3975639343262,-8.92013740539551,"Male"
"9004152",371985,2025-06-02 18:34:10,42.3979187011719,-8.92172908782959,"Male"
"9004152",371985,2025-06-02 18:39:09,42.3978080749512,-8.92174434661865,"Male"
"9004152",371985,2025-06-02 18:44:09,42.3978424072266,-8.92171287536621,"Male"
"9004152",371985,2025-06-02 18:49:09,42.397777557373,-8.92170906066895,"Male"
"9004152",371985,2025-06-02 18:54:08,42.3979682922363,-8.92160987854004,"Male"
"9004152",371985,2025-06-02 18:59:08,42.3977851867676,-8.92142486572266,"Male"
"9004152",371985,2025-06-02 19:04:07,42.3977737426758,-8.9214973449707,"Male"
"9004152",371985,2025-06-02 19:09:09,42.3976860046387,-8.9216775894165,"Male"
"9004152",371985,2025-06-02 19:14:09,42.3979034423828,-8.92177581787109,"Male"
"9004152",371985,2025-06-02 19:19:09,42.3979225158691,-8.92189598083496,"Male"
"9004152",371985,2025-06-02 19:24:06,42.3978691101074,-8.92172431945801,"Male"
"9004152",371985,2025-06-02 19:29:09,42.3979949951172,-8.92179203033447,"Male"
"9004152",371985,2025-06-02 19:34:14,42.3981246948242,-8.92165184020996,"Male"
"9004152",371985,2025-06-02 19:39:06,42.3981513977051,-8.92159175872803,"Male"
"9004152",371985,2025-06-02 19:44:06,42.3981399536133,-8.92179584503174,"Male"
"9004152",371985,2025-06-02 19:49:07,42.3984756469727,-8.92238616943359,"Male"
"9004152",371985,2025-06-02 19:54:07,42.3979873657227,-8.92195510864258,"Male"
"9004152",371985,2025-06-02 19:59:06,42.3981056213379,-8.92215538024902,"Male"
"9004152",371985,2025-06-02 20:04:06,42.3980331420898,-8.92211437225342,"Male"
"9004152",371985,2025-06-02 20:09:07,42.3984298706055,-8.92290782928467,"Male"
"9004152",371985,2025-06-02 20:14:09,42.3984260559082,-8.92277050018311,"Male"
"9004152",371985,2025-06-02 20:19:08,42.3982353210449,-8.92262077331543,"Male"
"9004152",371985,2025-06-02 20:24:08,42.3981590270996,-8.92309665679932,"Male"
"9004152",371985,2025-06-02 20:29:07,42.3983116149902,-8.92313098907471,"Male"
"9004152",371985,2025-06-02 20:34:07,42.3982315063477,-8.92243957519531,"Male"
"9004152",371985,2025-06-02 20:39:09,42.3981399536133,-8.92255306243896,"Male"
"9004152",371985,2025-06-02 20:44:08,42.3980445861816,-8.92230892181396,"Male"
"9004152",371985,2025-06-02 20:49:08,42.398006439209,-8.92252826690674,"Male"
"9004152",371985,2025-06-02 20:54:07,42.3979530334473,-8.92251300811768,"Male"
"9004152",371985,2025-06-02 20:59:06,42.3979721069336,-8.92234134674072,"Male"
"9004152",371985,2025-06-02 21:04:08,42.3979415893555,-8.9224328994751,"Male"
"9004152",371985,2025-06-02 21:09:07,42.3979110717773,-8.92234039306641,"Male"
"9004152",371985,2025-06-02 21:14:06,42.3978729248047,-8.92235374450684,"Male"
"9004152",371985,2025-06-02 21:19:07,42.3977813720703,-8.9221830368042,"Male"
"9004152",371985,2025-06-02 21:24:09,42.3978462219238,-8.92230033874512,"Male"
"9004152",371985,2025-06-02 21:29:08,42.397819519043,-8.92209339141846,"Male"
"9004152",371985,2025-06-02 21:34:06,42.3978080749512,-8.92207908630371,"Male"
"9004152",371985,2025-06-02 21:39:07,42.3978309631348,-8.92201042175293,"Male"
"9004152",371985,2025-06-02 21:44:07,42.3978500366211,-8.92196369171143,"Male"
"9004152",371985,2025-06-02 21:49:14,42.3980903625488,-8.92230224609375,"Male"
"9004152",371985,2025-06-02 21:54:06,42.398063659668,-8.92223072052002,"Male"
"9004152",371985,2025-06-02 21:59:06,42.3980712890625,-8.922043800354,"Male"
"9004152",371985,2025-06-02 22:04:09,42.3979797363281,-8.92197132110596,"Male"
"9004152",371985,2025-06-02 22:09:07,42.3979034423828,-8.92191886901855,"Male"
"9004152",371985,2025-06-02 22:14:21,42.3979606628418,-8.9217586517334,"Male"
"9004152",371985,2025-06-02 22:19:08,42.3983001708984,-8.92201614379883,"Male"
"9004152",371985,2025-06-02 22:24:24,42.3979835510254,-8.92176246643066,"Male"
"9004152",371985,2025-06-02 22:29:07,42.3976974487305,-8.92150497436523,"Male"
"9004152",371985,2025-06-02 22:34:06,42.3976516723633,-8.92134952545166,"Male"
"9004152",371985,2025-06-02 22:39:06,42.3979072570801,-8.92182922363281,"Male"
"9004152",371985,2025-06-02 22:44:05,42.3980941772461,-8.92196273803711,"Male"
"9004152",371985,2025-06-02 22:49:08,42.3983955383301,-8.92247867584229,"Male"
"9004152",371985,2025-06-02 22:54:08,42.3985290527344,-8.92259216308594,"Male"
"9004152",371985,2025-06-02 22:59:06,42.3984718322754,-8.92251014709473,"Male"
"9004152",371985,2025-06-02 23:04:06,42.3983573913574,-8.9222993850708,"Male"
"9004152",371985,2025-06-02 23:09:06,42.3984031677246,-8.92238616943359,"Male"
"9004152",371985,2025-06-02 23:14:06,42.3984222412109,-8.92236804962158,"Male"
"9004152",371985,2025-06-02 23:19:06,42.3984184265137,-8.92235660552979,"Male"
"9004152",371985,2025-06-02 23:24:07,42.3984336853027,-8.92248153686523,"Male"
"9004152",371985,2025-06-02 23:29:06,42.3984031677246,-8.92244625091553,"Male"
"9004152",371985,2025-06-02 23:34:07,42.3982467651367,-8.922532081604,"Male"
"9004152",371985,2025-06-02 23:39:07,42.3982276916504,-8.92251300811768,"Male"
"9004152",371985,2025-06-02 23:44:07,42.398136138916,-8.92256641387939,"Male"
"9004152",371985,2025-06-02 23:49:08,42.3979721069336,-8.92257404327393,"Male"
"9004152",371985,2025-06-02 23:54:06,42.3981895446777,-8.92251777648926,"Male"
"9004152",371985,2025-06-02 23:59:09,42.3981819152832,-8.92236423492432,"Male"
"9004152",371985,2025-06-03 00:04:09,42.3981742858887,-8.92233467102051,"Male"
"9004152",371985,2025-06-03 00:09:08,42.3978729248047,-8.92253684997559,"Male"
"9004152",371985,2025-06-03 00:14:08,42.3978538513184,-8.92242908477783,"Male"
"9004152",371985,2025-06-03 00:19:08,42.3978614807129,-8.92245388031006,"Male"
"9004152",371985,2025-06-03 00:24:08,42.3978538513184,-8.92247867584229,"Male"
"9004152",371985,2025-06-03 00:29:09,42.3978500366211,-8.92225360870361,"Male"
"9004152",371985,2025-06-03 00:34:08,42.3975105285645,-8.92173480987549,"Male"
"9004152",371985,2025-06-03 00:39:07,42.3977088928223,-8.92197322845459,"Male"
"9004152",371985,2025-06-03 00:44:08,42.3977279663086,-8.92196941375732,"Male"
"9004152",371985,2025-06-03 00:49:07,42.3976249694824,-8.9217586517334,"Male"
"9004152",371985,2025-06-03 00:54:08,42.3975830078125,-8.92150497436523,"Male"
"9004152",371985,2025-06-03 00:59:11,42.3976554870605,-8.92152214050293,"Male"
"9004152",371985,2025-06-03 01:04:08,42.3975410461426,-8.92109775543213,"Male"
"9004152",371985,2025-06-03 01:09:09,42.3976364135742,-8.92122936248779,"Male"
"9004152",371985,2025-06-03 01:14:08,42.3975791931152,-8.92085838317871,"Male"
"9004152",371985,2025-06-03 01:19:07,42.3977165222168,-8.92129993438721,"Male"
"9004152",371985,2025-06-03 01:24:08,42.3976936340332,-8.92111301422119,"Male"
"9004152",371985,2025-06-03 01:29:10,42.3977546691895,-8.92149066925049,"Male"
"9004152",371985,2025-06-03 01:34:08,42.3979873657227,-8.92242050170898,"Male"
"9004152",371985,2025-06-03 01:39:07,42.3979759216309,-8.92242908477783,"Male"
"9004152",371985,2025-06-03 01:44:05,42.3980369567871,-8.92199611663818,"Male"
"9004152",371985,2025-06-03 01:49:14,42.3979377746582,-8.92199230194092,"Male"
"9004152",371985,2025-06-03 01:54:05,42.3980178833008,-8.92240810394287,"Male"
"9004152",371985,2025-06-03 01:59:11,42.3979377746582,-8.92220306396484,"Male"
"9004152",371985,2025-06-03 02:04:07,42.3981666564941,-8.92221355438232,"Male"
"9004152",371985,2025-06-03 02:09:12,42.3983421325684,-8.9223690032959,"Male"
"9004152",371985,2025-06-03 02:14:12,42.3981170654297,-8.92237091064453,"Male"
"9004152",371985,2025-06-03 02:19:07,42.3980751037598,-8.9221830368042,"Male"
"9004152",371985,2025-06-03 02:24:16,42.3981323242188,-8.92208099365234,"Male"
"9004152",371985,2025-06-03 02:29:10,42.3981018066406,-8.92189121246338,"Male"
"9004152",371985,2025-06-03 02:34:10,42.3982048034668,-8.92158126831055,"Male"
"9004152",371985,2025-06-03 02:39:34,42.3974952697754,-8.92223453521729,"Male"
"9004152",371985,2025-06-03 02:44:08,42.3974800109863,-8.92251968383789,"Male"
"9004152",371985,2025-06-03 02:49:08,42.3975105285645,-8.92246532440186,"Male"
"9004152",371985,2025-06-03 02:54:08,42.3977699279785,-8.92201995849609,"Male"
"9004152",371985,2025-06-03 02:59:08,42.3976898193359,-8.92231369018555,"Male"
"9004152",371985,2025-06-03 03:04:08,42.3977508544922,-8.92235279083252,"Male"
"9004152",371985,2025-06-03 03:09:11,42.3977355957031,-8.92247200012207,"Male"
"9004152",371985,2025-06-03 03:14:06,42.3978233337402,-8.92230701446533,"Male"
"9004152",371985,2025-06-03 03:19:06,42.3977966308594,-8.92232799530029,"Male"
"9004152",371985,2025-06-03 03:24:05,42.3978157043457,-8.922043800354,"Male"
"9004152",371985,2025-06-03 03:29:08,42.3977203369141,-8.92242527008057,"Male"
"9004152",371985,2025-06-03 03:34:10,42.3976860046387,-8.92312049865723,"Male"
"9004152",371985,2025-06-03 03:39:08,42.3979187011719,-8.92295169830322,"Male"
"9004152",371985,2025-06-03 03:44:09,42.3977203369141,-8.92070770263672,"Male"
"9004152",371985,2025-06-03 03:49:12,42.3979530334473,-8.9226655960083,"Male"
"9004152",371985,2025-06-03 03:54:10,42.397876739502,-8.9224739074707,"Male"
"9004152",371985,2025-06-03 03:59:06,42.3977699279785,-8.92130374908447,"Male"
"9004152",371985,2025-06-03 04:04:05,42.3978080749512,-8.92184638977051,"Male"
"9004152",371985,2025-06-03 04:09:08,42.3979415893555,-8.92230129241943,"Male"
"9004152",371985,2025-06-03 04:14:08,42.3979530334473,-8.92243194580078,"Male"
"9004152",371985,2025-06-03 04:19:08,42.3978385925293,-8.9222354888916,"Male"
"9004152",371985,2025-06-03 04:24:09,42.3976135253906,-8.92185688018799,"Male"
"9004152",371985,2025-06-03 04:29:08,42.397876739502,-8.92229175567627,"Male"
"9004152",371985,2025-06-03 04:34:08,42.3974494934082,-8.91931056976318,"Male"
"9004152",371985,2025-06-03 04:39:08,42.3972358703613,-8.92214870452881,"Male"
"9004152",371985,2025-06-03 04:44:09,42.3973808288574,-8.91964054107666,"Male"
"9004152",371985,2025-06-03 04:49:14,42.3973541259766,-8.92095279693604,"Male"
"9004152",371985,2025-06-03 04:54:08,42.3973541259766,-8.92135906219482,"Male"
"9004152",371985,2025-06-03 04:59:15,42.3979644775391,-8.92160511016846,"Male"
"9004152",371985,2025-06-03 05:04:09,42.3975791931152,-8.9212064743042,"Male"
"9004152",371985,2025-06-03 05:09:08,42.3975105285645,-8.92001628875732,"Male"
"9004152",371985,2025-06-03 05:14:10,42.3976097106934,-8.92067050933838,"Male"
"9004152",371985,2025-06-03 05:19:08,42.3977737426758,-8.92177200317383,"Male"
"9004152",371985,2025-06-03 05:24:07,42.3977508544922,-8.92150783538818,"Male"
"9004152",371985,2025-06-03 05:29:07,42.3976860046387,-8.92179203033447,"Male"
"9004152",371985,2025-06-03 05:34:05,42.3977355957031,-8.92173004150391,"Male"
"9004152",371985,2025-06-03 05:39:07,42.3977432250977,-8.92169094085693,"Male"
"9004152",371985,2025-06-03 05:44:06,42.3980941772461,-8.92173671722412,"Male"
"9004152",371985,2025-06-03 05:49:14,42.3980560302734,-8.9218921661377,"Male"
"9004152",371985,2025-06-03 05:54:05,42.398063659668,-8.9219388961792,"Male"
"9004152",371985,2025-06-03 05:59:07,42.398063659668,-8.9218921661377,"Male"
"9004152",371985,2025-06-03 06:04:05,42.39794921875,-8.92190742492676,"Male"
"9004152",371985,2025-06-03 06:09:05,42.3978233337402,-8.92013359069824,"Male"
"9004152",371985,2025-06-03 06:14:05,42.3979148864746,-8.92009162902832,"Male"
"9004152",371985,2025-06-03 06:19:06,42.3978652954102,-8.92000579833984,"Male"
"9004152",371985,2025-06-03 06:24:05,42.3978652954102,-8.91995811462402,"Male"
"9004152",371985,2025-06-03 06:29:06,42.397777557373,-8.92023849487305,"Male"
"9004152",371985,2025-06-03 06:34:05,42.3978080749512,-8.91986846923828,"Male"
"9004152",371985,2025-06-03 06:40:00,42.4004707336426,-8.90554618835449,"Male"
"9004152",371985,2025-06-03 06:53:59,42.4057655334473,-8.89904022216797,"Male"
"9004152",371985,2025-06-03 07:02:48,42.4111785888672,-8.87827682495117,"Male"
"9004152",371985,2025-06-03 07:13:28,42.4099197387695,-8.87838077545166,"Male"
"9004152",371985,2025-06-03 07:18:27,42.4055976867676,-8.86603736877441,"Male"
"9004152",371985,2025-06-03 07:23:29,42.3984107971191,-8.85821628570557,"Male"
"9004152",371985,2025-06-03 07:28:28,42.3981895446777,-8.85862636566162,"Male"
"9004152",371985,2025-06-03 07:33:27,42.3984870910645,-8.85801029205322,"Male"
"9004152",371985,2025-06-03 07:38:36,42.398265838623,-8.85787773132324,"Male"
"9004152",371985,2025-06-03 07:43:27,42.3982925415039,-8.85829257965088,"Male"
"9004152",371985,2025-06-03 07:48:44,42.398365020752,-8.85826206207275,"Male"
"9004152",371985,2025-06-03 07:53:33,42.398509979248,-8.85803604125977,"Male"
"9004152",371985,2025-06-03 07:58:36,42.3984069824219,-8.85831928253174,"Male"
"9004152",371985,2025-06-03 08:03:35,42.3984756469727,-8.85824584960938,"Male"
"9004152",371985,2025-06-03 08:08:36,42.3984718322754,-8.85822200775146,"Male"
"9004152",371985,2025-06-03 08:13:36,42.3985633850098,-8.85813045501709,"Male"
"9004152",371985,2025-06-03 08:18:33,42.3984832763672,-8.85824775695801,"Male"
"9004152",371985,2025-06-03 08:23:33,42.3984413146973,-8.85831356048584,"Male"
"9004152",371985,2025-06-03 08:28:36,42.3984985351562,-8.85822582244873,"Male"
"9004152",371985,2025-06-03 08:33:36,42.398509979248,-8.85823059082031,"Male"
"9004152",371985,2025-06-03 08:38:42,42.3985443115234,-8.85807418823242,"Male"
"9004152",371985,2025-06-03 08:43:33,42.3984832763672,-8.85809135437012,"Male"
"9004152",371985,2025-06-03 08:48:36,42.3985290527344,-8.85808086395264,"Male"
"9004152",371985,2025-06-03 08:53:31,42.3985595703125,-8.85771179199219,"Male"
"9004152",371985,2025-06-03 08:58:36,42.3985481262207,-8.85794925689697,"Male"
"9004152",371985,2025-06-03 09:03:36,42.3985977172852,-8.8577709197998,"Male"
"9004152",371985,2025-06-03 09:09:23,42.3985900878906,-8.85797309875488,"Male"
"9004152",371985,2025-06-03 09:13:38,42.398509979248,-8.85806083679199,"Male"
"9004152",371985,2025-06-03 09:18:40,42.3986015319824,-8.85790920257568,"Male"
"9004152",371985,2025-06-03 09:23:50,42.3987464904785,-8.85773181915283,"Male"
"9004152",371985,2025-06-03 09:28:43,42.3985366821289,-8.85793399810791,"Male"
"9004152",371985,2025-06-03 09:33:38,42.3985061645508,-8.85802841186523,"Male"
"9004152",371985,2025-06-03 09:38:39,42.3986167907715,-8.85788536071777,"Male"
"9004152",371985,2025-06-03 09:43:38,42.3986320495605,-8.85788249969482,"Male"
"9004152",371985,2025-06-03 09:48:38,42.3983001708984,-8.85810947418213,"Male"
"9004152",371985,2025-06-03 09:53:38,42.3973121643066,-8.85874652862549,"Male"
"9004152",371985,2025-06-03 09:58:39,42.3966484069824,-8.8582067489624,"Male"
"9004152",371985,2025-06-03 10:03:38,42.3958473205566,-8.85751342773438,"Male"
"9004152",371985,2025-06-03 10:08:54,42.3962821960449,-8.8578929901123,"Male"
"9004152",371985,2025-06-03 10:14:16,42.3968620300293,-8.85930347442627,"Male"
"9004152",371985,2025-06-03 10:19:18,42.3978576660156,-8.85966873168945,"Male"
"9004152",371985,2025-06-03 10:24:29,42.3972625732422,-8.85979270935059,"Male"
"9004152",371985,2025-06-03 10:29:38,42.397388458252,-8.86025619506836,"Male"
"9004152",371985,2025-06-03 10:40:44,42.3974342346191,-8.86005115509033,"Male"
"9004152",371985,2025-06-03 10:45:12,42.3993225097656,-8.8605842590332,"Male"
"9004152",371985,2025-06-03 10:50:12,42.3983535766602,-8.85799789428711,"Male"
"9004152",371985,2025-06-03 10:55:11,42.3984527587891,-8.85797119140625,"Male"
"9004152",371985,2025-06-03 11:00:12,42.398323059082,-8.85798740386963,"Male"
"9004152",371985,2025-06-03 11:05:14,42.3986511230469,-8.85793972015381,"Male"
"9004152",371985,2025-06-03 11:10:16,42.3981971740723,-8.85811233520508,"Male"
"9004152",371985,2025-06-03 11:15:11,42.3982276916504,-8.85789966583252,"Male"
"9004152",371985,2025-06-03 11:20:16,42.398307800293,-8.85834407806396,"Male"
"9004152",371985,2025-06-03 11:25:12,42.398193359375,-8.85813617706299,"Male"
"9004152",371985,2025-06-03 11:30:35,42.3985176086426,-8.85819149017334,"Male"
"9004152",371985,2025-06-03 11:35:19,42.3979721069336,-8.85552883148193,"Male"
"9004152",371985,2025-06-03 11:40:44,42.3986167907715,-8.85806655883789,"Male"
"9004152",371985,2025-06-03 11:45:16,42.3986320495605,-8.85814571380615,"Male"
"9004152",371985,2025-06-03 11:50:13,42.3986625671387,-8.85824012756348,"Male"
"9004152",371985,2025-06-03 11:55:24,42.3985633850098,-8.8581018447876,"Male"
"9004152",371985,2025-06-03 12:00:14,42.3986854553223,-8.85822582244873,"Male"
"9004152",371985,2025-06-03 12:05:19,42.3985137939453,-8.85808563232422,"Male"
"9004152",371985,2025-06-03 12:10:12,42.3984222412109,-8.85807132720947,"Male"
"9004152",371985,2025-06-03 12:15:17,42.3984146118164,-8.85807037353516,"Male"
"9004152",371985,2025-06-03 12:20:21,42.398567199707,-8.85802745819092,"Male"
"9004152",371985,2025-06-03 12:25:51,42.3984909057617,-8.85813522338867,"Male"
"9004152",371985,2025-06-03 12:30:12,42.3984603881836,-8.8581428527832,"Male"
"9004152",371985,2025-06-03 12:35:26,42.398494720459,-8.85808181762695,"Male"
"9004152",371985,2025-06-03 12:40:13,42.3985824584961,-8.85796737670898,"Male"
"9004152",371985,2025-06-03 12:45:35,42.3985176086426,-8.85807323455811,"Male"
"9004152",371985,2025-06-03 12:50:13,42.3972358703613,-8.85892391204834,"Male"
"9004152",371985,2025-06-03 12:55:11,42.3964614868164,-8.85817337036133,"Male"
"9004152",371985,2025-06-03 13:00:44,42.3957328796387,-8.85696601867676,"Male"
"9004152",371985,2025-06-03 13:05:51,42.3954582214355,-8.85612869262695,"Male"
"9004152",371985,2025-06-03 13:10:52,42.394847869873,-8.85577964782715,"Male"
"9004152",371985,2025-06-03 13:15:56,42.3949356079102,-8.85636329650879,"Male"
"9004152",371985,2025-06-03 13:20:57,42.395866394043,-8.85714530944824,"Male"
"9004152",371985,2025-06-03 13:26:00,42.3954811096191,-8.85736083984375,"Male"
"9004152",371985,2025-06-03 13:31:32,42.3957252502441,-8.85742568969727,"Male"
"9004152",371985,2025-06-03 13:36:32,42.3967742919922,-8.85795497894287,"Male"
"9004152",371985,2025-06-03 13:41:57,42.3965339660645,-8.85846519470215,"Male"
"9004152",371985,2025-06-03 13:46:55,42.3966941833496,-8.85888290405273,"Male"
"9004152",371985,2025-06-03 13:52:06,42.3977317810059,-8.85945606231689,"Male"
"9004152",371985,2025-06-03 13:57:08,42.3973655700684,-8.85998153686523,"Male"
"9004152",371985,2025-06-03 14:02:07,42.3963241577148,-8.85913848876953,"Male"
"9004152",371985,2025-06-03 14:07:22,42.3964729309082,-8.85920143127441,"Male"
"9004152",371985,2025-06-03 14:12:24,42.3959465026855,-8.85947513580322,"Male"
"9004152",371985,2025-06-03 14:17:42,42.3957977294922,-8.85932636260986,"Male"
"9004152",371985,2025-06-03 14:22:42,42.3960723876953,-8.85982418060303,"Male"
"9004152",371985,2025-06-03 14:28:14,42.398681640625,-8.85809803009033,"Male"
"9004152",371985,2025-06-03 14:32:39,42.3988227844238,-8.85825538635254,"Male"
"9004152",371985,2025-06-03 14:37:42,42.398551940918,-8.85803604125977,"Male"
"9004152",371985,2025-06-03 14:42:46,42.3983383178711,-8.85804843902588,"Male"
"9004152",371985,2025-06-03 14:48:05,42.3985328674316,-8.85811042785645,"Male"
"9004152",371985,2025-06-03 14:52:39,42.3985176086426,-8.85824394226074,"Male"
"9004152",371985,2025-06-03 14:57:39,42.398624420166,-8.85822105407715,"Male"
"9004152",371985,2025-06-03 15:02:39,42.3984565734863,-8.85798740386963,"Male"
"9004152",371985,2025-06-03 15:07:39,42.398509979248,-8.85796737670898,"Male"
"9004152",371985,2025-06-03 15:12:39,42.4092178344727,-8.87028884887695,"Male"
"9004152",371985,2025-06-03 15:18:04,42.4091987609863,-8.87020301818848,"Male"
"9004152",371985,2025-06-03 15:23:15,42.4102401733398,-8.87045764923096,"Male"
"9004152",371985,2025-06-03 15:28:13,42.4107627868652,-8.87063121795654,"Male"
"9004152",371985,2025-06-03 15:33:21,42.4118537902832,-8.87036800384521,"Male"
"9004152",371985,2025-06-03 15:38:20,42.4129371643066,-8.87153434753418,"Male"
"9004152",371985,2025-06-03 15:43:19,42.4129943847656,-8.87154388427734,"Male"
"9004152",371985,2025-06-03 15:48:19,42.4129791259766,-8.87155342102051,"Male"
"9004152",371985,2025-06-03 15:53:19,42.4129981994629,-8.87151718139648,"Male"
"9004152",371985,2025-06-03 15:58:19,42.4129676818848,-8.87148189544678,"Male"
"9004152",371985,2025-06-03 16:03:20,42.4129943847656,-8.8715763092041,"Male"
"9004152",371985,2025-06-03 16:08:20,42.4131126403809,-8.87161159515381,"Male"
"9004152",371985,2025-06-03 16:13:20,42.4129257202148,-8.87146854400635,"Male"
"9004152",371985,2025-06-03 16:18:20,42.4129219055176,-8.87156581878662,"Male"
"9004152",371985,2025-06-03 16:23:22,42.4116630554199,-8.87105369567871,"Male"
"9004152",371985,2025-06-03 16:29:00,42.4108734130859,-8.87047386169434,"Male"
"9004152",371985,2025-06-03 16:34:26,42.4101409912109,-8.87038326263428,"Male"
"9004152",371985,2025-06-03 16:39:24,42.4096832275391,-8.87029457092285,"Male"
"9004152",371985,2025-06-03 16:44:44,42.4106636047363,-8.87048816680908,"Male"
"9004152",371985,2025-06-03 16:49:43,42.4112129211426,-8.8713960647583,"Male"
"9004152",371985,2025-06-03 16:54:43,42.4105529785156,-8.87103462219238,"Male"
"9004152",371985,2025-06-03 17:00:21,42.4096565246582,-8.87048530578613,"Male"
"9004152",371985,2025-06-03 17:05:34,42.4096603393555,-8.87142848968506,"Male"
"9004152",371985,2025-06-03 17:11:24,42.4086761474609,-8.87183475494385,"Male"
"9004152",371985,2025-06-03 17:16:38,42.4082221984863,-8.87147521972656,"Male"
"9004152",371985,2025-06-03 17:21:44,42.4089164733887,-8.87214088439941,"Male"
"9004152",371985,2025-06-03 17:26:48,42.408863067627,-8.87232112884521,"Male"
"9004152",371985,2025-06-03 17:32:05,42.405818939209,-8.88471603393555,"Male"
"9004152",371985,2025-06-03 17:36:35,42.401439666748,-8.92098712921143,"Male"
"9004152",371985,2025-06-03 17:41:37,42.3980522155762,-8.92124080657959,"Male"
"9004152",371985,2025-06-03 17:47:04,42.3977088928223,-8.92076778411865,"Male"
"9004152",371985,2025-06-03 17:51:36,42.3977432250977,-8.92077255249023,"Male"
"9004152",371985,2025-06-03 17:56:36,42.3976669311523,-8.92083358764648,"Male"
"9004152",371985,2025-06-03 18:01:35,42.3976440429688,-8.92152118682861,"Male"
"9004152",371985,2025-06-03 18:06:35,42.3976440429688,-8.92148113250732,"Male"
"9004152",371985,2025-06-03 18:11:40,42.397647857666,-8.92147350311279,"Male"
"9004152",371985,2025-06-03 18:16:41,42.3976364135742,-8.92148494720459,"Male"
"9004152",371985,2025-06-03 18:21:46,42.3976364135742,-8.92147350311279,"Male"
"9004152",371985,2025-06-03 18:26:41,42.397647857666,-8.92150115966797,"Male"
"9004152",371985,2025-06-03 18:31:42,42.3976936340332,-8.92149925231934,"Male"
"9004152",371985,2025-06-03 18:37:05,42.3976058959961,-8.92147159576416,"Male"
"9004152",371985,2025-06-03 18:41:35,42.3975410461426,-8.92148971557617,"Male"
"9004152",371985,2025-06-03 18:46:38,42.3979263305664,-8.92189598083496,"Male"
"9004152",371985,2025-06-03 18:51:37,42.3976516723633,-8.92147827148438,"Male"
"9004152",371985,2025-06-03 18:56:36,42.3976364135742,-8.92140102386475,"Male"
"9004152",371985,2025-06-03 19:01:35,42.3978157043457,-8.92148017883301,"Male"
"9004152",371985,2025-06-03 19:06:35,42.3977851867676,-8.92148780822754,"Male"
"9004152",371985,2025-06-03 19:11:41,42.3977813720703,-8.92153549194336,"Male"
"9004152",371985,2025-06-03 19:16:38,42.3977012634277,-8.92151737213135,"Male"
"9004152",371985,2025-06-03 19:21:41,42.397705078125,-8.92140197753906,"Male"
"9004152",371985,2025-06-03 19:26:49,42.3977546691895,-8.92141628265381,"Male"
"9004152",371985,2025-06-03 19:31:39,42.3977432250977,-8.92134857177734,"Male"
"9004152",371985,2025-06-03 19:36:39,42.3976898193359,-8.92133712768555,"Male"
"9004152",371985,2025-06-03 19:41:38,42.3976364135742,-8.92144203186035,"Male"
"9004152",371985,2025-06-03 19:46:40,42.3974571228027,-8.92116165161133,"Male"
"9004152",371985,2025-06-03 19:51:41,42.3973808288574,-8.92108821868896,"Male"
"9004152",371985,2025-06-03 19:56:49,42.3977966308594,-8.92167091369629,"Male"
"9004152",371985,2025-06-03 20:01:43,42.3978004455566,-8.92122554779053,"Male"
"9004152",371985,2025-06-03 20:06:36,42.3977890014648,-8.92119598388672,"Male"
"9004152",371985,2025-06-03 20:11:36,42.3978462219238,-8.92124080657959,"Male"
"9004152",371985,2025-06-03 20:16:38,42.398307800293,-8.92146968841553,"Male"
"9004152",371985,2025-06-03 20:21:36,42.3983497619629,-8.92145729064941,"Male"
"9004152",371985,2025-06-03 20:26:39,42.398323059082,-8.92149448394775,"Male"
"9004152",371985,2025-06-03 20:31:36,42.3983116149902,-8.92145538330078,"Male"
"9004152",371985,2025-06-03 20:36:48,42.3982315063477,-8.92129421234131,"Male"
"9004152",371985,2025-06-03 20:41:52,42.3982887268066,-8.9213285446167,"Male"
"9004152",371985,2025-06-03 20:47:03,42.3981971740723,-8.92131233215332,"Male"
"9004152",371985,2025-06-03 20:51:35,42.3982467651367,-8.92136573791504,"Male"
"9004152",371985,2025-06-03 20:56:36,42.3982048034668,-8.92127323150635,"Male"
"9004152",371985,2025-06-03 21:01:38,42.3982582092285,-8.92152690887451,"Male"
"9004152",371985,2025-06-03 21:06:38,42.3982391357422,-8.92145919799805,"Male"
"9004152",371985,2025-06-03 21:11:39,42.3983955383301,-8.92181301116943,"Male"
"9004152",371985,2025-06-03 21:16:39,42.3982315063477,-8.92125511169434,"Male"
"9004152",371985,2025-06-03 21:21:35,42.3981742858887,-8.92111396789551,"Male"
"9004152",371985,2025-06-03 21:26:35,42.3981513977051,-8.92097663879395,"Male"
"9004152",371985,2025-06-03 21:31:35,42.3982620239258,-8.92131233215332,"Male"
"9004152",371985,2025-06-03 21:36:35,42.3982238769531,-8.92122936248779,"Male"
"9004152",371985,2025-06-03 21:41:35,42.3981513977051,-8.92112731933594,"Male"
"9004152",371985,2025-06-03 21:46:36,42.3983116149902,-8.92167091369629,"Male"
"9004152",371985,2025-06-03 21:51:46,42.3982582092285,-8.9213809967041,"Male"
"9004152",371985,2025-06-03 21:56:41,42.3982543945312,-8.92147731781006,"Male"
"9004152",371985,2025-06-03 22:02:05,42.3981857299805,-8.92127513885498,"Male"
"9004152",371985,2025-06-03 22:06:36,42.3982353210449,-8.92124080657959,"Male"
"9004152",371985,2025-06-03 22:12:14,42.3981399536133,-8.92115306854248,"Male"
"9004152",371985,2025-06-03 22:16:40,42.3980903625488,-8.92112350463867,"Male"
"9004152",371985,2025-06-03 22:21:53,42.3980979919434,-8.92111968994141,"Male"
"9004152",371985,2025-06-03 22:26:39,42.3982315063477,-8.92126750946045,"Male"
"9004152",371985,2025-06-03 22:31:36,42.3981056213379,-8.92120170593262,"Male"
"9004152",371985,2025-06-03 22:36:35,42.3980484008789,-8.92114448547363,"Male"
"9004152",371985,2025-06-03 22:41:39,42.3983573913574,-8.9216833114624,"Male"
"9004152",371985,2025-06-03 22:47:02,42.3982124328613,-8.9212760925293,"Male"
"9004152",371985,2025-06-03 22:51:38,42.3982543945312,-8.92125797271729,"Male"
"9004152",371985,2025-06-03 22:56:36,42.3981666564941,-8.92128467559814,"Male"
"9004152",371985,2025-06-03 23:01:37,42.3982696533203,-8.92133140563965,"Male"
"9004152",371985,2025-06-03 23:06:36,42.3982238769531,-8.92128467559814,"Male"
"9004152",371985,2025-06-03 23:11:37,42.3982887268066,-8.92127799987793,"Male"
"9004152",371985,2025-06-03 23:16:36,42.3982086181641,-8.92134952545166,"Male"
"9004152",371985,2025-06-03 23:21:36,42.3982238769531,-8.92135810852051,"Male"
"9004152",371985,2025-06-03 23:26:35,42.3982429504395,-8.92139053344727,"Male"
"9004152",371985,2025-06-03 23:31:36,42.3981857299805,-8.92140674591064,"Male"
"9004152",371985,2025-06-03 23:36:36,42.3982048034668,-8.92133712768555,"Male"
"9004152",371985,2025-06-03 23:41:35,42.3981819152832,-8.92134571075439,"Male"
"9004152",371985,2025-06-03 23:46:36,42.3981666564941,-8.92134571075439,"Male"
"9004152",371985,2025-06-03 23:51:36,42.3982696533203,-8.92141342163086,"Male"
"9004152",371985,2025-06-03 23:56:36,42.3982276916504,-8.92134952545166,"Male"
"9004152",371985,2025-06-04 00:01:36,42.3981399536133,-8.92140769958496,"Male"
"9004152",371985,2025-06-04 00:06:36,42.3981437683105,-8.92142295837402,"Male"
"9004152",371985,2025-06-04 00:11:37,42.3981475830078,-8.92142677307129,"Male"
"9004152",371985,2025-06-04 00:16:36,42.398265838623,-8.92142295837402,"Male"
"9004152",371985,2025-06-04 00:21:39,42.3981552124023,-8.92142391204834,"Male"
"9004152",371985,2025-06-04 00:26:38,42.3983116149902,-8.92145729064941,"Male"
"9004152",371985,2025-06-04 00:31:39,42.3982696533203,-8.92149925231934,"Male"
"9004152",371985,2025-06-04 00:36:37,42.3984451293945,-8.92153930664062,"Male"
"9004152",371985,2025-06-04 00:41:39,42.3983421325684,-8.92141914367676,"Male"
"9004152",371985,2025-06-04 00:46:43,42.3982849121094,-8.92133045196533,"Male"
"9004152",371985,2025-06-04 00:51:52,42.3983573913574,-8.92146015167236,"Male"
"9004152",371985,2025-06-04 00:56:47,42.3983879089355,-8.92151832580566,"Male"
"9004152",371985,2025-06-04 01:02:05,42.3984909057617,-8.92153263092041,"Male"
"9004152",371985,2025-06-04 01:06:39,42.3982963562012,-8.92178916931152,"Male"
"9004152",371985,2025-06-04 01:11:37,42.3983268737793,-8.92173290252686,"Male"
"9004152",371985,2025-06-04 01:16:40,42.3983039855957,-8.92149448394775,"Male"
"9004152",371985,2025-06-04 01:22:59,42.3982086181641,-8.92139434814453,"Male"
"9004152",371985,2025-06-04 01:27:59,42.3982276916504,-8.92156791687012,"Male"
"9004152",371985,2025-06-04 01:32:59,42.3982620239258,-8.92180442810059,"Male"
"9004152",371985,2025-06-04 01:37:59,42.3981971740723,-8.9213981628418,"Male"
"9004152",371985,2025-06-04 01:41:38,42.3982963562012,-8.92159271240234,"Male"
"9004152",371985,2025-06-04 01:46:39,42.3988647460938,-8.922438621521,"Male"
"9004152",371985,2025-06-04 01:51:37,42.3983039855957,-8.92134189605713,"Male"
"9004152",371985,2025-06-04 01:56:37,42.3984069824219,-8.92156887054443,"Male"
"9004152",371985,2025-06-04 02:01:36,42.3983306884766,-8.92132663726807,"Male"
"9004152",371985,2025-06-04 02:06:36,42.398323059082,-8.92143535614014,"Male"
"9004152",371985,2025-06-04 02:11:36,42.3982925415039,-8.92123794555664,"Male"
"9004152",371985,2025-06-04 02:16:36,42.398307800293,-8.92129230499268,"Male"
"9004152",371985,2025-06-04 02:21:36,42.3983039855957,-8.92135810852051,"Male"
"9004152",371985,2025-06-04 02:26:36,42.3982849121094,-8.92124557495117,"Male"
"9004152",371985,2025-06-04 02:31:36,42.3983459472656,-8.92121410369873,"Male"
"9004152",371985,2025-06-04 02:36:36,42.3981742858887,-8.92121982574463,"Male"
"9004152",371985,2025-06-04 02:41:36,42.3981781005859,-8.92125511169434,"Male"
"9004152",371985,2025-06-04 02:46:36,42.3980598449707,-8.92119312286377,"Male"
"9004152",371985,2025-06-04 02:51:46,42.398307800293,-8.92119979858398,"Male"
"9004152",371985,2025-06-04 02:56:36,42.3982391357422,-8.92124462127686,"Male"
"9004152",371985,2025-06-04 03:01:36,42.3982429504395,-8.9212532043457,"Male"
"9004152",371985,2025-06-04 03:06:36,42.3982353210449,-8.92113876342773,"Male"
"9004152",371985,2025-06-04 03:11:36,42.398193359375,-8.92119884490967,"Male"
"9004152",371985,2025-06-04 03:16:36,42.3983039855957,-8.92133235931396,"Male"
"9004152",371985,2025-06-04 03:21:36,42.3982849121094,-8.92121696472168,"Male"
"9004152",371985,2025-06-04 03:26:36,42.3982238769531,-8.92122936248779,"Male"
"9004152",371985,2025-06-04 03:31:38,42.398307800293,-8.92131233215332,"Male"
"9004152",371985,2025-06-04 03:36:40,42.3983154296875,-8.92135047912598,"Male"
"9004152",371985,2025-06-04 03:41:41,42.3982276916504,-8.92145156860352,"Male"
"9004152",371985,2025-06-04 03:46:40,42.3983154296875,-8.9213171005249,"Male"
"9004152",371985,2025-06-04 03:51:48,42.3982696533203,-8.92130947113037,"Male"
"9004152",371985,2025-06-04 03:56:37,42.3982925415039,-8.92134857177734,"Male"
"9004152",371985,2025-06-04 04:01:37,42.3982009887695,-8.9212474822998,"Male"
"9004152",371985,2025-06-04 04:06:45,42.3982315063477,-8.92126083374023,"Male"
"9004152",371985,2025-06-04 04:11:48,42.3983268737793,-8.92136573791504,"Male"
"9004152",371985,2025-06-04 04:16:48,42.3982696533203,-8.92134475708008,"Male"
"9004152",371985,2025-06-04 04:22:05,42.3981704711914,-8.92134475708008,"Male"
"9004152",371985,2025-06-04 04:26:35,42.3981399536133,-8.92125701904297,"Male"
"9004152",371985,2025-06-04 04:31:36,42.3981513977051,-8.92133712768555,"Male"
"9004152",371985,2025-06-04 04:36:47,42.3982429504395,-8.92139720916748,"Male"
"9004152",371985,2025-06-04 04:41:38,42.3984107971191,-8.92150688171387,"Male"
"9004152",371985,2025-06-04 04:46:38,42.3985557556152,-8.92160034179688,"Male"
"9004152",371985,2025-06-04 04:51:40,42.3980026245117,-8.92104530334473,"Male"
"9004152",371985,2025-06-04 04:56:41,42.3982810974121,-8.92149829864502,"Male"
"9004152",371985,2025-06-04 05:02:05,42.3982429504395,-8.92134666442871,"Male"
"9004152",371985,2025-06-04 05:06:35,42.3981819152832,-8.9213695526123,"Male"
"9004152",371985,2025-06-04 05:11:38,42.3982162475586,-8.92143821716309,"Male"
"9004152",371985,2025-06-04 05:17:13,42.398323059082,-8.92129325866699,"Male"
"9004152",371985,2025-06-04 05:21:38,42.3983268737793,-8.92139434814453,"Male"
"9004152",371985,2025-06-04 05:26:38,42.3983306884766,-8.92154979705811,"Male"
"9004152",371985,2025-06-04 05:31:38,42.3983039855957,-8.92151927947998,"Male"
"9004152",371985,2025-06-04 05:36:38,42.398120880127,-8.92175197601318,"Male"
"9004152",371985,2025-06-04 05:41:42,42.3982467651367,-8.92147350311279,"Male"
"9004152",371985,2025-06-04 05:47:14,42.3982620239258,-8.9213285446167,"Male"
"9004152",371985,2025-06-04 05:51:36,42.3981742858887,-8.92148494720459,"Male"
"9004152",371985,2025-06-04 05:56:35,42.3982391357422,-8.92129993438721,"Male"
"9004152",371985,2025-06-04 06:01:35,42.3982009887695,-8.92130088806152,"Male"
"9004152",371985,2025-06-04 06:06:37,42.3982543945312,-8.92136192321777,"Male"
"9004152",371985,2025-06-04 06:11:35,42.3982963562012,-8.92142963409424,"Male"
"9004152",371985,2025-06-04 06:16:35,42.3982276916504,-8.92122268676758,"Male"
"9004152",371985,2025-06-04 06:21:36,42.3980979919434,-8.92004489898682,"Male"
"9004152",371985,2025-06-04 06:26:36,42.3977584838867,-8.92043304443359,"Male"
"9004152",371985,2025-06-04 06:31:40,42.3977851867676,-8.92043781280518,"Male"
"9004152",371985,2025-06-04 06:36:36,42.3978424072266,-8.9204626083374,"Male"
"9004152",371985,2025-06-04 06:42:05,42.3977546691895,-8.92030811309814,"Male"
"9004152",371985,2025-06-04 06:46:35,42.3977546691895,-8.9202709197998,"Male"
"9004152",371985,2025-06-04 06:51:35,42.3977127075195,-8.9202938079834,"Male"
"9004152",371985,2025-06-04 06:56:35,42.3977203369141,-8.92029762268066,"Male"
"9004152",371985,2025-06-04 07:01:35,42.397705078125,-8.92025184631348,"Male"
"9004152",371985,2025-06-04 07:06:35,42.397762298584,-8.92033672332764,"Male"
"9004152",371985,2025-06-04 07:12:16,42.3938255310059,-8.91146564483643,"Male"
"9004152",371985,2025-06-04 07:17:17,42.3965835571289,-8.90763187408447,"Male"
"9004152",371985,2025-06-04 07:22:17,42.4011116027832,-8.9072265625,"Male"
"9004152",371985,2025-06-04 07:28:14,42.4011421203613,-8.90581893920898,"Male"
"9004152",371985,2025-06-04 07:33:12,42.4090118408203,-8.87600326538086,"Male"
"9004152",371985,2025-06-04 07:38:29,42.4096565246582,-8.87709712982178,"Male"
"9004152",371985,2025-06-04 07:44:03,42.4103698730469,-8.87838363647461,"Male"
"9004152",371985,2025-06-04 07:49:18,42.4113540649414,-8.87735462188721,"Male"
"9004152",371985,2025-06-04 07:54:29,42.4107894897461,-8.87931823730469,"Male"
"9004152",371985,2025-06-04 07:59:28,42.4096527099609,-8.87886810302734,"Male"
"9004152",371985,2025-06-04 08:04:44,42.3985366821289,-8.85808086395264,"Male"
"9004152",371985,2025-06-04 08:09:33,42.3986854553223,-8.85830974578857,"Male"
"9004152",371985,2025-06-04 08:14:39,42.3986167907715,-8.85840129852295,"Male"
"9004152",371985,2025-06-04 08:19:45,42.3985328674316,-8.85705471038818,"Male"
"9004152",371985,2025-06-04 08:24:56,42.3985366821289,-8.85807800292969,"Male"
"9004152",371985,2025-06-04 08:29:46,42.3986053466797,-8.85824203491211,"Male"
"9004152",371985,2025-06-04 08:34:34,42.3984985351562,-8.8579044342041,"Male"
"9004152",371985,2025-06-04 08:39:34,42.3984069824219,-8.85776996612549,"Male"
"9004152",371985,2025-06-04 08:44:49,42.3985061645508,-8.85801124572754,"Male"
"9004152",371985,2025-06-04 08:50:04,42.3984107971191,-8.85800647735596,"Male"
"9004152",371985,2025-06-04 08:54:29,42.3983688354492,-8.85861015319824,"Male"
"9004152",371985,2025-06-04 08:59:29,42.3984298706055,-8.85838031768799,"Male"
"9004152",371985,2025-06-04 09:04:29,42.3984107971191,-8.8583402633667,"Male"
"9004152",371985,2025-06-04 09:10:20,42.3984794616699,-8.85809707641602,"Male"
"9004152",371985,2025-06-04 09:15:19,42.3985137939453,-8.85775947570801,"Male"
"9004152",371985,2025-06-04 09:20:19,42.3984680175781,-8.85812091827393,"Male"
"9004152",371985,2025-06-04 09:25:19,42.3984527587891,-8.85818767547607,"Male"
"9004152",371985,2025-06-04 09:30:19,42.3984603881836,-8.85796642303467,"Male"
"9004152",371985,2025-06-04 09:35:21,42.3984870910645,-8.85804271697998,"Male"
"9004152",371985,2025-06-04 09:40:20,42.3985328674316,-8.85821628570557,"Male"
"9004152",371985,2025-06-04 09:45:53,42.3974723815918,-8.85964202880859,"Male"
"9004152",371985,2025-06-04 09:51:30,42.3972816467285,-8.86038780212402,"Male"
"9004152",371985,2025-06-04 09:56:30,42.3969306945801,-8.85960388183594,"Male"
"9004152",371985,2025-06-04 10:01:29,42.3974075317383,-8.86031532287598,"Male"
"9004152",371985,2025-06-04 10:06:51,42.3963775634766,-8.85883617401123,"Male"
"9004152",371985,2025-06-04 10:11:54,42.396053314209,-8.85793590545654,"Male"
"9004152",371985,2025-06-04 10:17:26,42.395881652832,-8.85745143890381,"Male"
"9004152",371985,2025-06-04 10:22:38,42.3965263366699,-8.85838603973389,"Male"
"9004152",371985,2025-06-04 10:28:18,42.3976058959961,-8.85922622680664,"Male"
"9004152",371985,2025-06-04 10:34:31,42.398796081543,-8.85950374603271,"Male"
"9004152",371985,2025-06-04 10:39:35,42.3986358642578,-8.8590087890625,"Male"
"9004152",371985,2025-06-04 10:44:31,42.3987693786621,-8.85913753509521,"Male"
"9004152",371985,2025-06-04 10:49:33,42.3986167907715,-8.85815525054932,"Male"
"9004152",371985,2025-06-04 10:54:33,42.3986701965332,-8.85734367370605,"Male"
"9004152",371985,2025-06-04 10:59:40,42.3987846374512,-8.85893249511719,"Male"
"9004152",371985,2025-06-04 11:04:30,42.3987464904785,-8.85883331298828,"Male"
"9004152",371985,2025-06-04 11:09:31,42.3987197875977,-8.8589391708374,"Male"
"9004152",371985,2025-06-04 11:14:30,42.3988876342773,-8.85892581939697,"Male"
"9004152",371985,2025-06-04 11:19:31,42.3991470336914,-8.85884857177734,"Male"
"9004152",371985,2025-06-04 11:24:39,42.3990440368652,-8.85873603820801,"Male"
"9004152",371985,2025-06-04 11:29:39,42.399356842041,-8.85874843597412,"Male"
"9004152",371985,2025-06-04 11:35:05,42.3988380432129,-8.85888767242432,"Male"
"9004152",371985,2025-06-04 11:39:30,42.3986206054688,-8.85932064056396,"Male"
"9004152",371985,2025-06-04 11:44:30,42.3984603881836,-8.85926532745361,"Male"
"9004152",371985,2025-06-04 11:49:30,42.3986892700195,-8.85909843444824,"Male"
"9004152",371985,2025-06-04 11:54:30,42.3987350463867,-8.85916805267334,"Male"
"9004152",371985,2025-06-04 11:59:30,42.3986930847168,-8.85914039611816,"Male"
"9004152",371985,2025-06-04 12:04:30,42.3987274169922,-8.8590030670166,"Male"
"9004152",371985,2025-06-04 12:09:31,42.3987884521484,-8.85918235778809,"Male"
"9004152",371985,2025-06-04 12:14:31,42.3986015319824,-8.8593225479126,"Male"
"9004152",371985,2025-06-04 12:19:33,42.3986930847168,-8.8594856262207,"Male"
"9004152",371985,2025-06-04 12:24:31,42.3995132446289,-8.86039638519287,"Male"
"9004152",371985,2025-06-04 12:30:07,42.4000816345215,-8.86078262329102,"Male"
"9004152",371985,2025-06-04 12:35:19,42.4003067016602,-8.8612585067749,"Male"
"9004152",371985,2025-06-04 12:40:48,42.3996887207031,-8.86042785644531,"Male"
"9004152",371985,2025-06-04 12:46:26,42.4003601074219,-8.86112689971924,"Male"
"9004152",371985,2025-06-04 12:51:26,42.4005165100098,-8.86177730560303,"Male"
"9004152",371985,2025-06-04 12:56:34,42.4095687866211,-8.87090015411377,"Male"
"9004152",371985,2025-06-04 13:01:44,42.4106636047363,-8.8703498840332,"Male"
"9004152",371985,2025-06-04 13:06:42,42.4114151000977,-8.87047576904297,"Male"
"9004152",371985,2025-06-04 13:12:17,42.4119338989258,-8.87110614776611,"Male"
"9004152",371985,2025-06-04 13:17:45,42.411304473877,-8.87180137634277,"Male"
"9004152",371985,2025-06-04 13:22:48,42.4113235473633,-8.86996841430664,"Male"
"9004152",371985,2025-06-04 13:27:55,42.410083770752,-8.87006664276123,"Male"
"9004152",371985,2025-06-04 13:33:09,42.4092178344727,-8.86984539031982,"Male"
"9004152",371985,2025-06-04 13:38:08,42.4091339111328,-8.87016487121582,"Male"
"9004152",371985,2025-06-04 13:43:25,42.4092636108398,-8.87160396575928,"Male"
"9004152",371985,2025-06-04 13:48:24,42.4104270935059,-8.87201976776123,"Male"
"9004152",371985,2025-06-04 13:54:09,42.411548614502,-8.87172985076904,"Male"
"9004152",371985,2025-06-04 13:59:25,42.413143157959,-8.87136745452881,"Male"
"9004152",371985,2025-06-04 14:04:08,42.4134559631348,-8.87159252166748,"Male"
"9004152",371985,2025-06-04 14:09:35,42.4132461547852,-8.87157726287842,"Male"
"9004152",371985,2025-06-04 14:14:08,42.4133071899414,-8.87154483795166,"Male"
"9004152",371985,2025-06-04 14:19:08,42.4132652282715,-8.87158966064453,"Male"
"9004152",371985,2025-06-04 14:24:07,42.4132537841797,-8.87150764465332,"Male"
"9004152",371985,2025-06-04 14:29:08,42.4132499694824,-8.87149047851562,"Male"
"9004152",371985,2025-06-04 14:34:07,42.4132957458496,-8.87153053283691,"Male"
"9004152",371985,2025-06-04 14:39:07,42.4132766723633,-8.87150573730469,"Male"
"9004152",371985,2025-06-04 14:44:08,42.4132614135742,-8.87157249450684,"Male"
"9004152",371985,2025-06-04 14:49:08,42.4131813049316,-8.87158584594727,"Male"
"9004152",371985,2025-06-04 14:54:07,42.4132537841797,-8.87164402008057,"Male"
"9004152",371985,2025-06-04 14:59:08,42.4131965637207,-8.87160778045654,"Male"
"9004152",371985,2025-06-04 15:04:07,42.4132347106934,-8.87166595458984,"Male"
"9004152",371985,2025-06-04 15:09:07,42.4132385253906,-8.87163257598877,"Male"
"9004152",371985,2025-06-04 15:14:08,42.4132537841797,-8.87155055999756,"Male"
"9004152",371985,2025-06-04 15:19:08,42.4132308959961,-8.87161159515381,"Male"
"9004152",371985,2025-06-04 15:24:07,42.4132614135742,-8.87166213989258,"Male"
"9004152",371985,2025-06-04 15:29:09,42.4126091003418,-8.87162113189697,"Male"
"9004152",371985,2025-06-04 15:34:43,42.411319732666,-8.87136459350586,"Male"
"9004152",371985,2025-06-04 15:40:05,42.4103126525879,-8.87032699584961,"Male"
"9004152",371985,2025-06-04 15:45:14,42.4101142883301,-8.87088203430176,"Male"
"9004152",371985,2025-06-04 15:50:34,42.410514831543,-8.8703670501709,"Male"
"9004152",371985,2025-06-04 15:55:33,42.4095153808594,-8.87009143829346,"Male"
"9004152",371985,2025-06-04 16:00:47,42.4089851379395,-8.87054252624512,"Male"
"9004152",371985,2025-06-04 16:05:48,42.4087562561035,-8.87160587310791,"Male"
"9004152",371985,2025-06-04 16:10:46,42.4102897644043,-8.87163352966309,"Male"
"9004152",371985,2025-06-04 16:15:46,42.4119148254395,-8.87171840667725,"Male"
"9004152",371985,2025-06-04 16:20:47,42.412956237793,-8.87155532836914,"Male"
"9004152",371985,2025-06-04 16:25:47,42.4130210876465,-8.87158203125,"Male"
"9004152",371985,2025-06-04 16:30:46,42.4129867553711,-8.87152862548828,"Male"
"9004152",371985,2025-06-04 16:35:46,42.4129409790039,-8.87148761749268,"Male"
"9004152",371985,2025-06-04 16:40:46,42.4130249023438,-8.87148761749268,"Male"
"9004152",371985,2025-06-04 16:45:46,42.4130172729492,-8.87149906158447,"Male"
"9004152",371985,2025-06-04 16:50:46,42.4129791259766,-8.87154102325439,"Male"
"9004152",371985,2025-06-04 16:55:46,42.4130058288574,-8.87152004241943,"Male"
"9004152",371985,2025-06-04 17:00:46,42.412971496582,-8.87140941619873,"Male"
"9004152",371985,2025-06-04 17:05:46,42.413013458252,-8.87139987945557,"Male"
"9004152",371985,2025-06-04 17:10:46,42.4129409790039,-8.87149429321289,"Male"
"9004152",371985,2025-06-04 17:15:46,42.4130821228027,-8.87151050567627,"Male"
"9004152",371985,2025-06-04 17:20:46,42.4127578735352,-8.87149715423584,"Male"
"9004152",371985,2025-06-04 17:26:00,42.4113349914551,-8.87166213989258,"Male"
"9004152",371985,2025-06-04 17:31:18,42.4107208251953,-8.87058353424072,"Male"
"9004152",371985,2025-06-04 17:36:18,42.4101448059082,-8.87053298950195,"Male"
"9004152",371985,2025-06-04 17:41:17,42.4097442626953,-8.87086963653564,"Male"
"9004152",371985,2025-06-04 17:46:50,42.4096336364746,-8.87129020690918,"Male"
"9004152",371985,2025-06-04 17:52:21,42.4087791442871,-8.87119293212891,"Male"
"9004152",371985,2025-06-04 17:57:57,42.4087448120117,-8.87163066864014,"Male"
"9004152",371985,2025-06-04 18:03:23,42.4088478088379,-8.87159633636475,"Male"
"9004152",371985,2025-06-04 18:09:04,42.4088821411133,-8.87210464477539,"Male"
"9004152",371985,2025-06-04 18:14:21,42.4085388183594,-8.87332916259766,"Male"
"9004152",371985,2025-06-04 18:19:36,42.4084892272949,-8.87388515472412,"Male"
"9004152",371985,2025-06-04 18:24:59,42.4092025756836,-8.87412357330322,"Male"
"9004152",371985,2025-06-04 18:30:00,42.4092483520508,-8.87444305419922,"Male"
"9004152",371985,2025-06-04 18:35:20,42.39990234375,-8.90835666656494,"Male"
"9004152",371985,2025-06-04 18:39:58,42.3977851867676,-8.92009353637695,"Male"
"9004152",371985,2025-06-04 18:44:57,42.3977508544922,-8.92004203796387,"Male"
"9004152",371985,2025-06-04 18:49:58,42.3976707458496,-8.92002010345459,"Male"
"9004152",371985,2025-06-04 18:54:58,42.3977165222168,-8.91997051239014,"Male"
"9004152",371985,2025-06-04 18:59:58,42.3977928161621,-8.91998481750488,"Male"
"9004152",371985,2025-06-04 19:04:58,42.397705078125,-8.91989326477051,"Male"
"9004152",371985,2025-06-04 19:10:00,42.3977966308594,-8.91999816894531,"Male"
"9004152",371985,2025-06-04 19:14:59,42.3977966308594,-8.91996288299561,"Male"
"9004152",371985,2025-06-04 19:20:01,42.3977165222168,-8.91986751556396,"Male"
"9004152",371985,2025-06-04 19:25:08,42.3928489685059,-8.92142581939697,"Male"
"9004152",371985,2025-06-04 19:30:07,42.3977279663086,-8.92044544219971,"Male"
"9004152",371985,2025-06-04 19:35:16,42.3973693847656,-8.91995716094971,"Male"
"9004152",371985,2025-06-04 19:40:29,42.3983421325684,-8.9211483001709,"Male"
"9004152",371985,2025-06-04 19:44:56,42.3982620239258,-8.92115783691406,"Male"
"9004152",371985,2025-06-04 19:49:57,42.3982543945312,-8.92140960693359,"Male"
"9004152",371985,2025-06-04 19:54:56,42.3982429504395,-8.9212760925293,"Male"
"9004152",371985,2025-06-04 19:59:56,42.3983497619629,-8.92156505584717,"Male"
"9004152",371985,2025-06-04 20:04:58,42.3983001708984,-8.92142581939697,"Male"
"9004152",371985,2025-06-04 20:09:56,42.3984756469727,-8.92161655426025,"Male"
"9004152",371985,2025-06-04 20:14:57,42.3983116149902,-8.92149066925049,"Male"
"9004152",371985,2025-06-04 20:19:57,42.3983764648438,-8.9215145111084,"Male"
"9004152",371985,2025-06-04 20:24:59,42.3983497619629,-8.92156791687012,"Male"
"9004152",371985,2025-06-04 20:29:57,42.3983840942383,-8.92148494720459,"Male"
"9004152",371985,2025-06-04 20:35:07,42.3982887268066,-8.9213399887085,"Male"
"9004152",371985,2025-06-04 20:40:00,42.3982734680176,-8.92135524749756,"Male"
"9004152",371985,2025-06-04 20:45:05,42.3981781005859,-8.92163372039795,"Male"
"9004152",371985,2025-06-04 20:49:56,42.3982734680176,-8.92144775390625,"Male"
"9004152",371985,2025-06-04 20:55:02,42.398193359375,-8.92141914367676,"Male"
"9004152",371985,2025-06-04 20:59:59,42.3983535766602,-8.92172527313232,"Male"
"9004152",371985,2025-06-04 21:05:07,42.3982238769531,-8.92127990722656,"Male"
"9004152",371985,2025-06-04 21:10:00,42.3976058959961,-8.91964530944824,"Male"
"9004152",371985,2025-06-04 21:15:07,42.3982200622559,-8.92123031616211,"Male"
"9004152",371985,2025-06-04 21:20:06,42.3981971740723,-8.92116165161133,"Male"
"9004152",371985,2025-06-04 21:25:07,42.3982124328613,-8.92116737365723,"Male"
"9004152",371985,2025-06-04 21:30:04,42.3982238769531,-8.92105484008789,"Male"
"9004152",371985,2025-06-04 21:35:14,42.3982124328613,-8.92117691040039,"Male"
"9004152",371985,2025-06-04 21:40:29,42.3982276916504,-8.92128753662109,"Male"
"9004152",371985,2025-06-04 21:44:56,42.3982467651367,-8.92130565643311,"Male"
"9004152",371985,2025-06-04 21:49:56,42.3982353210449,-8.92134666442871,"Male"
"9004152",371985,2025-06-04 21:54:56,42.3982200622559,-8.92123794555664,"Male"
"9004152",371985,2025-06-04 21:59:56,42.3981971740723,-8.92129611968994,"Male"
"9004152",371985,2025-06-04 22:04:56,42.3982582092285,-8.92133712768555,"Male"
"9004152",371985,2025-06-04 22:09:56,42.3982315063477,-8.92129230499268,"Male"
"9004152",371985,2025-06-04 22:14:56,42.398250579834,-8.92126083374023,"Male"
"9004152",371985,2025-06-04 22:19:58,42.3982200622559,-8.92121028900146,"Male"
"9004152",371985,2025-06-04 22:24:58,42.3983421325684,-8.92144966125488,"Male"
"9004152",371985,2025-06-04 22:29:56,42.3983154296875,-8.9212646484375,"Male"
"9004152",371985,2025-06-04 22:34:56,42.398265838623,-8.92133808135986,"Male"
"9004152",371985,2025-06-04 22:39:56,42.3982276916504,-8.92125988006592,"Male"
"9004152",371985,2025-06-04 22:44:56,42.3982582092285,-8.92116546630859,"Male"
"9004152",371985,2025-06-04 22:49:57,42.3982200622559,-8.92115688323975,"Male"
"9004152",371985,2025-06-04 22:54:57,42.3982238769531,-8.92120838165283,"Male"
"9004152",371985,2025-06-04 22:59:57,42.3982276916504,-8.92119216918945,"Male"
"9004152",371985,2025-06-04 23:04:57,42.398265838623,-8.92121982574463,"Male"
"9004152",371985,2025-06-04 23:09:57,42.3982315063477,-8.92124843597412,"Male"
"9004152",371985,2025-06-04 23:15:04,42.3982086181641,-8.92124557495117,"Male"
"9004152",371985,2025-06-04 23:19:57,42.3981170654297,-8.92128086090088,"Male"
"9004152",371985,2025-06-04 23:24:57,42.3981781005859,-8.92120552062988,"Male"
"9004152",371985,2025-06-04 23:29:57,42.397891998291,-8.9201717376709,"Male"
"9004152",371985,2025-06-04 23:34:57,42.3980674743652,-8.92092418670654,"Male"
"9004152",371985,2025-06-04 23:39:57,42.3983192443848,-8.92140007019043,"Male"
"9004152",371985,2025-06-04 23:44:58,42.3982009887695,-8.92106628417969,"Male"
"9004152",371985,2025-06-04 23:49:57,42.3981666564941,-8.92100048065186,"Male"
"9004152",371985,2025-06-04 23:54:57,42.3982048034668,-8.92136859893799,"Male"
"9004152",371985,2025-06-05 00:00:28,42.3982315063477,-8.9213228225708,"Male"
"9004152",371985,2025-06-05 00:04:57,42.3982620239258,-8.92130279541016,"Male"
"9004152",371985,2025-06-05 00:09:57,42.3982124328613,-8.92124652862549,"Male"
"9004152",371985,2025-06-05 00:14:57,42.3982467651367,-8.92129516601562,"Male"
"9004152",371985,2025-06-05 00:19:57,42.3981590270996,-8.92130470275879,"Male"
"9004152",371985,2025-06-05 00:24:57,42.3981323242188,-8.92130374908447,"Male"
"9004152",371985,2025-06-05 00:29:57,42.398265838623,-8.92138004302979,"Male"
"9004152",371985,2025-06-05 00:34:57,42.3982849121094,-8.92138957977295,"Male"
"9004152",371985,2025-06-05 00:39:57,42.3982391357422,-8.9213752746582,"Male"
"9004152",371985,2025-06-05 00:44:57,42.3982734680176,-8.92132568359375,"Male"
"9004152",371985,2025-06-05 00:49:57,42.398265838623,-8.92128849029541,"Male"
"9004152",371985,2025-06-05 00:54:57,42.3982696533203,-8.92123317718506,"Male"
"9004152",371985,2025-06-05 00:59:57,42.3983383178711,-8.92148113250732,"Male"
"9004152",371985,2025-06-05 01:04:57,42.3982887268066,-8.92161750793457,"Male"
"9004152",371985,2025-06-05 01:09:57,42.3983001708984,-8.92167568206787,"Male"
"9004152",371985,2025-06-05 01:14:58,42.3982276916504,-8.92151260375977,"Male"
"9004152",371985,2025-06-05 01:20:13,42.398365020752,-8.92149829864502,"Male"
"9004152",371985,2025-06-05 01:24:58,42.3983001708984,-8.92165184020996,"Male"
"9004152",371985,2025-06-05 01:30:06,42.398323059082,-8.92157077789307,"Male"
"9004152",371985,2025-06-05 01:35:14,42.3982238769531,-8.92137813568115,"Male"
"9004152",371985,2025-06-05 01:39:59,42.3983345031738,-8.9218635559082,"Male"
"9004152",371985,2025-06-05 01:45:07,42.3982772827148,-8.92121124267578,"Male"
"9004152",371985,2025-06-05 01:49:59,42.3983993530273,-8.92116069793701,"Male"
"9004152",371985,2025-06-05 01:55:00,42.398323059082,-8.92109107971191,"Male"
"9004152",371985,2025-06-05 01:59:58,42.3981819152832,-8.92116641998291,"Male"
"9004152",371985,2025-06-05 02:04:58,42.3981513977051,-8.92100238800049,"Male"
"9004152",371985,2025-06-05 02:10:00,42.3982620239258,-8.92118358612061,"Male"
"9004152",371985,2025-06-05 02:14:58,42.3982276916504,-8.92124557495117,"Male"
"9004152",371985,2025-06-05 02:20:34,42.3982467651367,-8.92126178741455,"Male"
"9004152",371985,2025-06-05 02:24:56,42.3982353210449,-8.92133140563965,"Male"
"9004152",371985,2025-06-05 02:29:57,42.3982353210449,-8.92118453979492,"Male"
"9004152",371985,2025-06-05 02:34:56,42.3982315063477,-8.92123317718506,"Male"
"9004152",371985,2025-06-05 02:39:57,42.3982887268066,-8.92136478424072,"Male"
"9004152",371985,2025-06-05 02:44:56,42.398365020752,-8.92132949829102,"Male"
"9004152",371985,2025-06-05 02:49:57,42.3981704711914,-8.92132186889648,"Male"
"9004152",371985,2025-06-05 02:54:56,42.398250579834,-8.92130661010742,"Male"
"9004152",371985,2025-06-05 02:59:57,42.3983268737793,-8.92135810852051,"Male"
"9004152",371985,2025-06-05 03:04:57,42.3982734680176,-8.9212646484375,"Male"
"9004152",371985,2025-06-05 03:09:56,42.3983955383301,-8.9213695526123,"Male"
"9004152",371985,2025-06-05 03:14:56,42.3982887268066,-8.9212064743042,"Male"
"9004152",371985,2025-06-05 03:19:57,42.398380279541,-8.92145729064941,"Male"
"9004152",371985,2025-06-05 03:24:58,42.3982810974121,-8.92125129699707,"Male"
"9004152",371985,2025-06-05 03:29:58,42.398323059082,-8.92134189605713,"Male"
"9004152",371985,2025-06-05 03:34:58,42.3983421325684,-8.92152976989746,"Male"
"9004152",371985,2025-06-05 03:39:58,42.3982772827148,-8.92136764526367,"Male"
"9004152",371985,2025-06-05 03:44:58,42.398265838623,-8.92122364044189,"Male"
"9004152",371985,2025-06-05 03:50:01,42.3982963562012,-8.92135524749756,"Male"
"9004152",371985,2025-06-05 03:55:02,42.3982200622559,-8.92142391204834,"Male"
"9004152",371985,2025-06-05 04:00:04,42.3982276916504,-8.92139720916748,"Male"
"9004152",371985,2025-06-05 04:05:00,42.3982353210449,-8.9212007522583,"Male"
"9004152",371985,2025-06-05 04:10:13,42.3983345031738,-8.92138957977295,"Male"
"9004152",371985,2025-06-05 04:14:56,42.3981971740723,-8.92130374908447,"Male"
"9004152",371985,2025-06-05 04:19:58,42.3983612060547,-8.92141819000244,"Male"
"9004152",371985,2025-06-05 04:25:00,42.3983764648438,-8.92141342163086,"Male"
"9004152",371985,2025-06-05 04:29:58,42.3984375,-8.92160034179688,"Male"
"9004152",371985,2025-06-05 04:35:01,42.3984527587891,-8.92160129547119,"Male"
"9004152",371985,2025-06-05 04:40:01,42.3984603881836,-8.92146110534668,"Male"
"9004152",371985,2025-06-05 04:45:02,42.398509979248,-8.92168235778809,"Male"
"9004152",371985,2025-06-05 04:50:01,42.3983459472656,-8.92135429382324,"Male"
"9004152",371985,2025-06-05 04:55:07,42.3984870910645,-8.92166900634766,"Male"
"9004152",371985,2025-06-05 04:59:57,42.3984146118164,-8.92153835296631,"Male"
"9004152",371985,2025-06-05 05:05:02,42.3984870910645,-8.92178058624268,"Male"
"9004152",371985,2025-06-05 05:10:01,42.3984413146973,-8.92130661010742,"Male"
"9004152",371985,2025-06-05 05:15:07,42.3984870910645,-8.92138957977295,"Male"
"9004152",371985,2025-06-05 05:20:07,42.3984832763672,-8.92122364044189,"Male"
"9004152",371985,2025-06-05 05:25:14,42.3984832763672,-8.92100524902344,"Male"
"9004152",371985,2025-06-05 05:30:07,42.3984565734863,-8.92104530334473,"Male"
"9004152",371985,2025-06-05 05:35:14,42.3983688354492,-8.92125225067139,"Male"
"9004152",371985,2025-06-05 05:40:01,42.3978881835938,-8.92234230041504,"Male"
"9004152",371985,2025-06-05 05:45:02,42.3984756469727,-8.9211540222168,"Male"
"9004152",371985,2025-06-05 05:49:58,42.3983688354492,-8.92130565643311,"Male"
"9004152",371985,2025-06-05 05:55:01,42.3981437683105,-8.92217636108398,"Male"
"9004152",371985,2025-06-05 05:59:58,42.3981895446777,-8.92244243621826,"Male"
"9004152",371985,2025-06-05 06:04:58,42.3983459472656,-8.92155075073242,"Male"
"9004152",371985,2025-06-05 06:10:01,42.3983154296875,-8.9216775894165,"Male"
"9004152",371985,2025-06-05 06:15:01,42.3982582092285,-8.92179870605469,"Male"
"9004152",371985,2025-06-05 06:20:01,42.3982620239258,-8.92167091369629,"Male"
"9004152",371985,2025-06-05 06:25:01,42.3981704711914,-8.92159175872803,"Male"
"9004152",371985,2025-06-05 06:30:04,42.3981475830078,-8.9216947555542,"Male"
"9004152",371985,2025-06-05 06:35:06,42.3981170654297,-8.92168426513672,"Male"
"9004152",371985,2025-06-05 06:39:57,42.3981246948242,-8.9217414855957,"Male"
"9004152",371985,2025-06-05 06:44:58,42.398365020752,-8.9193754196167,"Male"
"9004152",371985,2025-06-05 06:50:45,42.4101676940918,-8.87936973571777,"Male"
"9004152",371985,2025-06-05 06:56:16,42.4110946655273,-8.87962913513184,"Male"
"9004152",371985,2025-06-05 07:02:02,42.4117469787598,-8.87817668914795,"Male"
"9004152",371985,2025-06-05 07:07:43,42.410457611084,-8.87722110748291,"Male"
"9004152",371985,2025-06-05 07:13:06,42.4098815917969,-8.87607002258301,"Male"
"9004152",371985,2025-06-05 07:18:11,42.4103851318359,-8.87453365325928,"Male"
"9004152",371985,2025-06-05 07:23:43,42.4105453491211,-8.87333869934082,"Male"
"9004152",371985,2025-06-05 07:28:45,42.4091911315918,-8.87181854248047,"Male"
"9004152",371985,2025-06-05 07:34:32,42.4086608886719,-8.8707914352417,"Male"
"9004152",371985,2025-06-05 07:40:07,42.4110870361328,-8.87028884887695,"Male"
"9004152",371985,2025-06-05 07:45:05,42.4101295471191,-8.87072277069092,"Male"
"9004152",371985,2025-06-05 07:50:07,42.4089317321777,-8.87114334106445,"Male"
"9004152",371985,2025-06-05 07:55:06,42.4055480957031,-8.86702156066895,"Male"
"9004152",371985,2025-06-05 08:00:34,42.3986854553223,-8.85780715942383,"Male"
"9004152",371985,2025-06-05 08:05:06,42.3984527587891,-8.85786628723145,"Male"
"9004152",371985,2025-06-05 08:10:10,42.3985481262207,-8.85787487030029,"Male"
"9004152",371985,2025-06-05 08:15:06,42.3985061645508,-8.85788345336914,"Male"
"9004152",371985,2025-06-05 08:20:04,42.3984756469727,-8.85774421691895,"Male"
"9004152",371985,2025-06-05 08:25:04,42.3984031677246,-8.85792255401611,"Male"
"9004152",371985,2025-06-05 08:30:04,42.3984985351562,-8.85781383514404,"Male"
"9004152",371985,2025-06-05 08:35:36,42.3971252441406,-8.85962390899658,"Male"
"9004152",371985,2025-06-05 08:41:24,42.3970527648926,-8.85997486114502,"Male"
"9004152",371985,2025-06-05 08:46:35,42.3965950012207,-8.85872840881348,"Male"
"9004152",371985,2025-06-05 08:52:02,42.3960304260254,-8.85738182067871,"Male"
"9004152",371985,2025-06-05 08:57:48,42.3953094482422,-8.85597896575928,"Male"
"9004152",371985,2025-06-05 09:02:46,42.3950576782227,-8.85664653778076,"Male"
"9004152",371985,2025-06-05 09:07:57,42.3958473205566,-8.85773658752441,"Male"
"9004152",371985,2025-06-05 09:12:57,42.3969039916992,-8.8581018447876,"Male"
"9004152",371985,2025-06-05 09:17:57,42.3973159790039,-8.85880374908447,"Male"
"9004152",371985,2025-06-05 09:23:18,42.3974647521973,-8.86013603210449,"Male"
"9004152",371985,2025-06-05 09:29:03,42.3972473144531,-8.86027908325195,"Male"
"9004152",371985,2025-06-05 09:34:26,42.3972663879395,-8.85979747772217,"Male"
"9004152",371985,2025-06-05 09:39:45,42.3966293334961,-8.85830020904541,"Male"
"9004152",371985,2025-06-05 09:45:03,42.3959732055664,-8.85763072967529,"Male"
"9004152",371985,2025-06-05 09:50:20,42.3965873718262,-8.8577709197998,"Male"
"9004152",371985,2025-06-05 09:55:50,42.3958206176758,-8.8570032119751,"Male"
"9004152",371985,2025-06-05 10:00:51,42.3951148986816,-8.85624217987061,"Male"
"9004152",371985,2025-06-05 10:06:21,42.3946876525879,-8.8563814163208,"Male"
"9004152",371985,2025-06-05 10:11:21,42.3954734802246,-8.85696315765381,"Male"
"9004152",371985,2025-06-05 10:16:21,42.3959121704102,-8.85740852355957,"Male"
"9004152",371985,2025-06-05 10:21:23,42.3966751098633,-8.8580904006958,"Male"
"9004152",371985,2025-06-05 10:26:31,42.397289276123,-8.85919857025146,"Male"
"9004152",371985,2025-06-05 10:31:42,42.3982238769531,-8.85833740234375,"Male"
"9004152",371985,2025-06-05 10:36:30,42.399600982666,-8.85939311981201,"Male"
"9004152",371985,2025-06-05 10:41:30,42.3984832763672,-8.8578405380249,"Male"
"9004152",371985,2025-06-05 10:46:30,42.3986358642578,-8.85784721374512,"Male"
"9004152",371985,2025-06-05 10:51:30,42.3986396789551,-8.85793972015381,"Male"
"9004152",371985,2025-06-05 10:56:32,42.3985862731934,-8.85825061798096,"Male"
"9004152",371985,2025-06-05 11:01:29,42.3985023498535,-8.85812759399414,"Male"
"9004152",371985,2025-06-05 11:06:31,42.3984489440918,-8.858154296875,"Male"
"9004152",371985,2025-06-05 11:11:36,42.3983268737793,-8.85805130004883,"Male"
"9004152",371985,2025-06-05 11:16:30,42.398494720459,-8.85849952697754,"Male"
"9004152",371985,2025-06-05 11:21:30,42.3986778259277,-8.85836219787598,"Male"
"9004152",371985,2025-06-05 11:26:30,42.3984756469727,-8.85870265960693,"Male"
"9004152",371985,2025-06-05 11:31:29,42.3985061645508,-8.85862445831299,"Male"
"9004152",371985,2025-06-05 11:36:31,42.3985061645508,-8.85888481140137,"Male"
"9004152",371985,2025-06-05 11:41:34,42.3986625671387,-8.85832786560059,"Male"
"9004152",371985,2025-06-05 11:46:30,42.398738861084,-8.85787296295166,"Male"
"9004152",371985,2025-06-05 11:51:31,42.3990783691406,-8.85677242279053,"Male"
"9004152",371985,2025-06-05 11:56:30,42.3990783691406,-8.8568868637085,"Male"
"9004152",371985,2025-06-05 12:01:31,42.3988342285156,-8.85762119293213,"Male"
"9004152",371985,2025-06-05 12:06:30,42.3986701965332,-8.85818672180176,"Male"
"9004152",371985,2025-06-05 12:11:31,42.3989067077637,-8.85717678070068,"Male"
"9004152",371985,2025-06-05 12:16:36,42.398811340332,-8.85711002349854,"Male"
"9004152",371985,2025-06-05 12:21:31,42.3988800048828,-8.85707569122314,"Male"
"9004152",371985,2025-06-05 12:26:30,42.3988952636719,-8.85722541809082,"Male"
"9004152",371985,2025-06-05 12:31:30,42.4090270996094,-8.87052917480469,"Male"
"9004152",371985,2025-06-05 12:36:54,42.4096412658691,-8.87128353118896,"Male"
"9004152",371985,2025-06-05 12:42:01,42.4106407165527,-8.870285987854,"Male"
"9004152",371985,2025-06-05 12:47:51,42.4113082885742,-8.87112426757812,"Male"
"9004152",371985,2025-06-05 12:53:25,42.4117698669434,-8.87282657623291,"Male"
"9004152",371985,2025-06-05 12:58:51,42.4112892150879,-8.87424659729004,"Male"
"9004152",371985,2025-06-05 13:04:14,42.4102821350098,-8.87427520751953,"Male"
"9004152",371985,2025-06-05 13:09:36,42.4094772338867,-8.87397575378418,"Male"
"9004152",371985,2025-06-05 13:15:15,42.4085273742676,-8.87354469299316,"Male"
"9004152",371985,2025-06-05 13:20:20,42.4079284667969,-8.87348747253418,"Male"
"9004152",371985,2025-06-05 13:25:35,42.4079437255859,-8.87329196929932,"Male"
"9004152",371985,2025-06-05 13:31:11,42.4077072143555,-8.87360572814941,"Male"
"9004152",371985,2025-06-05 13:36:11,42.407772064209,-8.87367820739746,"Male"
"9004152",371985,2025-06-05 13:41:32,42.4082412719727,-8.87346935272217,"Male"
"9004152",371985,2025-06-05 13:46:46,42.4082412719727,-8.87370491027832,"Male"
"9004152",371985,2025-06-05 13:51:46,42.4076080322266,-8.8735466003418,"Male"
"9004152",371985,2025-06-05 13:56:45,42.4033546447754,-8.86923503875732,"Male"
"9004152",371985,2025-06-05 14:01:47,42.3980369567871,-8.85793399810791,"Male"
"9004152",371985,2025-06-05 14:06:46,42.3985595703125,-8.85820579528809,"Male"
"9004152",371985,2025-06-05 14:11:46,42.3985328674316,-8.85820770263672,"Male"
"9004152",371985,2025-06-05 14:16:46,42.3986549377441,-8.85820293426514,"Male"
"9004152",371985,2025-06-05 14:21:46,42.3986473083496,-8.85823822021484,"Male"
"9004152",371985,2025-06-05 14:26:46,42.3986053466797,-8.85818672180176,"Male"
"9004152",371985,2025-06-05 14:31:45,42.3986396789551,-8.85824298858643,"Male"
"9004152",371985,2025-06-05 14:36:46,42.3986434936523,-8.85810279846191,"Male"
"9004152",371985,2025-06-05 14:41:46,42.3986663818359,-8.85780906677246,"Male"
"9004152",371985,2025-06-05 14:46:46,42.3987007141113,-8.85806274414062,"Male"
"9004152",371985,2025-06-05 14:51:46,42.3986206054688,-8.85806369781494,"Male"
"9004152",371985,2025-06-05 14:56:46,42.3987350463867,-8.85787391662598,"Male"
"9004152",371985,2025-06-05 15:01:46,42.398738861084,-8.85787582397461,"Male"
"9004152",371985,2025-06-05 15:06:48,42.3987007141113,-8.85785293579102,"Male"
"9004152",371985,2025-06-05 15:11:47,42.3986701965332,-8.85775375366211,"Male"
"9004152",371985,2025-06-05 15:16:46,42.3987808227539,-8.85758686065674,"Male"
"9004152",371985,2025-06-05 15:21:46,42.3986968994141,-8.85763549804688,"Male"
"9004152",371985,2025-06-05 15:26:46,42.3987121582031,-8.85770893096924,"Male"
"9004152",371985,2025-06-05 15:31:53,42.3988037109375,-8.85755348205566,"Male"
"9004152",371985,2025-06-05 15:36:48,42.3987655639648,-8.85810279846191,"Male"
"9004152",371985,2025-06-05 15:42:06,42.3982315063477,-8.85872745513916,"Male"
"9004152",371985,2025-06-05 15:47:06,42.3984794616699,-8.85831832885742,"Male"
"9004152",371985,2025-06-05 15:52:14,42.3985557556152,-8.85794067382812,"Male"
"9004152",371985,2025-06-05 15:56:45,42.3986473083496,-8.85786437988281,"Male"
"9004152",371985,2025-06-05 16:01:44,42.3986778259277,-8.85807991027832,"Male"
"9004152",371985,2025-06-05 16:06:45,42.398609161377,-8.8581428527832,"Male"
"9004152",371985,2025-06-05 16:11:45,42.3986778259277,-8.8581018447876,"Male"
"9004152",371985,2025-06-05 16:16:45,42.3986663818359,-8.85814476013184,"Male"
"9004152",371985,2025-06-05 16:21:45,42.3987159729004,-8.8579568862915,"Male"
"9004152",371985,2025-06-05 16:26:44,42.3987197875977,-8.8580379486084,"Male"
"9004152",371985,2025-06-05 16:31:45,42.3987159729004,-8.85797119140625,"Male"
"9004152",371985,2025-06-05 16:36:45,42.3987236022949,-8.85813999176025,"Male"
"9004152",371985,2025-06-05 16:42:03,42.3974609375,-8.85867404937744,"Male"
"9004152",371985,2025-06-05 16:47:19,42.3968238830566,-8.85816860198975,"Male"
"9004152",371985,2025-06-05 16:52:33,42.3967170715332,-8.85773849487305,"Male"
"9004152",371985,2025-06-05 16:57:55,42.3962593078613,-8.85750293731689,"Male"
"9004152",371985,2025-06-05 17:02:55,42.3967323303223,-8.8583927154541,"Male"
"9004152",371985,2025-06-05 17:08:30,42.3968849182129,-8.85970592498779,"Male"
"9004152",371985,2025-06-05 17:13:31,42.3978691101074,-8.85956859588623,"Male"
"9004152",371985,2025-06-05 17:18:30,42.3987655639648,-8.85822868347168,"Male"
"9004152",371985,2025-06-05 17:23:30,42.3987731933594,-8.85823154449463,"Male"
"9004152",371985,2025-06-05 17:28:30,42.3985328674316,-8.85826110839844,"Male"
"9004152",371985,2025-06-05 17:33:30,42.3985710144043,-8.85824298858643,"Male"
"9004152",371985,2025-06-05 17:38:30,42.3987159729004,-8.85823440551758,"Male"
"9004152",371985,2025-06-05 17:43:31,42.3986320495605,-8.8581428527832,"Male"
"9004152",371985,2025-06-05 17:48:30,42.3985595703125,-8.85823440551758,"Male"
"9004152",371985,2025-06-05 17:53:30,42.3986511230469,-8.85825824737549,"Male"
"9004152",371985,2025-06-05 17:58:30,42.3987159729004,-8.85831832885742,"Male"
"9004152",371985,2025-06-05 18:03:30,42.3985900878906,-8.85829925537109,"Male"
"9004152",371985,2025-06-05 18:08:30,42.3987274169922,-8.85811710357666,"Male"
"9004152",371985,2025-06-05 18:13:30,42.3988380432129,-8.85837268829346,"Male"
"9004152",371985,2025-06-05 18:18:30,42.3989677429199,-8.85895156860352,"Male"
"9004152",371985,2025-06-05 18:23:30,42.3988342285156,-8.85838413238525,"Male"
"9004152",371985,2025-06-05 18:28:31,42.3990325927734,-8.85803890228271,"Male"
"9004152",371985,2025-06-05 18:33:32,42.3989868164062,-8.85812759399414,"Male"
"9004152",371985,2025-06-05 18:38:31,42.4087257385254,-8.87125682830811,"Male"
"9004152",371985,2025-06-05 18:44:16,42.4095497131348,-8.87203216552734,"Male"
"9004152",371985,2025-06-05 18:50:01,42.4102325439453,-8.87139797210693,"Male"
"9004152",371985,2025-06-05 18:55:21,42.4112434387207,-8.87120819091797,"Male"
"9004152",371985,2025-06-05 19:00:22,42.410888671875,-8.87252998352051,"Male"
"9004152",371985,2025-06-05 19:05:32,42.4104919433594,-8.87405395507812,"Male"
"9004152",371985,2025-06-05 19:11:07,42.4094734191895,-8.87441158294678,"Male"
"9004152",371985,2025-06-05 19:16:44,42.4091835021973,-8.87463569641113,"Male"
"9004152",371985,2025-06-05 19:22:07,42.4103202819824,-8.87457942962646,"Male"
"9004152",371985,2025-06-05 19:27:05,42.4104957580566,-8.87555313110352,"Male"
"9004152",371985,2025-06-05 19:32:48,42.4098167419434,-8.8772668838501,"Male"
"9004152",371985,2025-06-05 19:37:48,42.4082679748535,-8.87920761108398,"Male"
"9004152",371985,2025-06-05 19:42:48,42.4012069702148,-8.91864109039307,"Male"
"9004152",371985,2025-06-05 19:47:49,42.4006843566895,-8.92048168182373,"Male"
"9004152",371985,2025-06-05 19:52:49,42.3980255126953,-8.92042350769043,"Male"
"9004152",371985,2025-06-05 19:57:51,42.398078918457,-8.92051124572754,"Male"
"9004152",371985,2025-06-05 20:02:48,42.3978958129883,-8.92033576965332,"Male"
"9004152",371985,2025-06-05 20:07:49,42.397876739502,-8.92032432556152,"Male"
"9004152",371985,2025-06-05 20:12:49,42.3979225158691,-8.920334815979,"Male"
"9004152",371985,2025-06-05 20:17:51,42.3978538513184,-8.92027759552002,"Male"
"9004152",371985,2025-06-05 20:22:52,42.3977890014648,-8.92036724090576,"Male"
"9004152",371985,2025-06-05 20:28:02,42.3976135253906,-8.92083549499512,"Male"
"9004152",371985,2025-06-05 20:33:15,42.3984375,-8.92012691497803,"Male"
"9004152",371985,2025-06-05 20:37:51,42.3977088928223,-8.92058181762695,"Male"
"9004152",371985,2025-06-05 20:42:48,42.3982696533203,-8.9199104309082,"Male"
"9004152",371985,2025-06-05 20:47:52,42.3981170654297,-8.92045211791992,"Male"
"9004152",371985,2025-06-05 20:53:00,42.3980903625488,-8.9206428527832,"Male"
"9004152",371985,2025-06-05 20:57:48,42.3979873657227,-8.9206485748291,"Male"
"9004152",371985,2025-06-05 21:02:48,42.3978462219238,-8.92073440551758,"Male"
"9004152",371985,2025-06-05 21:07:48,42.3978271484375,-8.92072010040283,"Male"
"9004152",371985,2025-06-05 21:12:48,42.3979110717773,-8.92066097259521,"Male"
"9004152",371985,2025-06-05 21:17:48,42.3978233337402,-8.92064571380615,"Male"
"9004152",371985,2025-06-05 21:22:48,42.3978614807129,-8.92065238952637,"Male"
"9004152",371985,2025-06-05 21:27:48,42.3977813720703,-8.92070579528809,"Male"
"9004152",371985,2025-06-05 21:32:50,42.3974914550781,-8.92058658599854,"Male"
"9004152",371985,2025-06-05 21:37:48,42.3977203369141,-8.92055606842041,"Male"
"9004152",371985,2025-06-05 21:43:01,42.3978691101074,-8.92058563232422,"Male"
"9004152",371985,2025-06-05 21:47:55,42.3978576660156,-8.92052173614502,"Male"
"9004152",371985,2025-06-05 21:53:00,42.3980102539062,-8.92049694061279,"Male"
"9004152",371985,2025-06-05 21:58:00,42.3980560302734,-8.92053413391113,"Male"
"9004152",371985,2025-06-05 22:03:00,42.3980865478516,-8.92051601409912,"Male"
"9004152",371985,2025-06-05 22:08:00,42.3981132507324,-8.92049503326416,"Male"
"9004152",371985,2025-06-05 22:12:49,42.3997802734375,-8.92200183868408,"Male"
"9004152",371985,2025-06-05 22:17:49,42.3992958068848,-8.92159557342529,"Male"
"9004152",371985,2025-06-05 22:22:50,42.398021697998,-8.92017459869385,"Male"
"9004152",371985,2025-06-05 22:27:49,42.3980674743652,-8.92031574249268,"Male"
"9004152",371985,2025-06-05 22:32:48,42.3979911804199,-8.92041778564453,"Male"
"9004152",371985,2025-06-05 22:37:49,42.3979949951172,-8.92045211791992,"Male"
"9004152",371985,2025-06-05 22:42:48,42.398063659668,-8.92047691345215,"Male"
"9004152",371985,2025-06-05 22:47:48,42.3980598449707,-8.9205207824707,"Male"
"9004152",371985,2025-06-05 22:52:48,42.398063659668,-8.92040252685547,"Male"
"9004152",371985,2025-06-05 22:57:48,42.3981246948242,-8.92042064666748,"Male"
"9004152",371985,2025-06-05 23:02:48,42.3980979919434,-8.92027282714844,"Male"
"9004152",371985,2025-06-05 23:07:49,42.3980903625488,-8.92038917541504,"Male"
"9004152",371985,2025-06-05 23:12:48,42.3981170654297,-8.92037010192871,"Male"
"9004152",371985,2025-06-05 23:17:49,42.3981475830078,-8.92041015625,"Male"
"9004152",371985,2025-06-05 23:22:48,42.3980484008789,-8.92044734954834,"Male"
"9004152",371985,2025-06-05 23:27:48,42.3981666564941,-8.920578956604,"Male"
"9004152",371985,2025-06-05 23:32:48,42.3981857299805,-8.92062950134277,"Male"
"9004152",371985,2025-06-05 23:37:48,42.3980941772461,-8.92060661315918,"Male"
"9004152",371985,2025-06-05 23:42:48,42.3981628417969,-8.92061996459961,"Male"
"9004152",371985,2025-06-05 23:47:48,42.3980712890625,-8.92049217224121,"Male"
"9004152",371985,2025-06-05 23:52:48,42.398006439209,-8.92056655883789,"Male"
"9004152",371985,2025-06-05 23:57:48,42.398006439209,-8.92055988311768,"Male"
"9004152",371985,2025-06-06 00:02:48,42.3979454040527,-8.9205322265625,"Male"
"9004152",371985,2025-06-06 00:07:48,42.3978996276855,-8.92055225372314,"Male"
"9004152",371985,2025-06-06 00:12:48,42.3979148864746,-8.92052173614502,"Male"
"9004152",371985,2025-06-06 00:17:48,42.3979110717773,-8.92047882080078,"Male"
"9004152",371985,2025-06-06 00:22:48,42.3979225158691,-8.92052555084229,"Male"
"9004152",371985,2025-06-06 00:27:48,42.3978805541992,-8.92062091827393,"Male"
"9004152",371985,2025-06-06 00:32:49,42.3979072570801,-8.92051124572754,"Male"
"9004152",371985,2025-06-06 00:37:48,42.3978729248047,-8.92043972015381,"Male"
"9004152",371985,2025-06-06 00:42:49,42.3978652954102,-8.92052555084229,"Male"
"9004152",371985,2025-06-06 00:47:48,42.3978729248047,-8.92038631439209,"Male"
"9004152",371985,2025-06-06 00:52:49,42.3978462219238,-8.92031002044678,"Male"
"9004152",371985,2025-06-06 00:57:50,42.3979072570801,-8.92050838470459,"Male"
"9004152",371985,2025-06-06 01:02:49,42.3978729248047,-8.92056655883789,"Male"
"9004152",371985,2025-06-06 01:07:48,42.3979530334473,-8.92049503326416,"Male"
"9004152",371985,2025-06-06 01:12:49,42.3977737426758,-8.92043113708496,"Male"
"9004152",371985,2025-06-06 01:17:58,42.3979644775391,-8.92073631286621,"Male"
"9004152",371985,2025-06-06 01:23:13,42.3979263305664,-8.9207649230957,"Male"
"9004152",371985,2025-06-06 01:27:49,42.3980407714844,-8.92086410522461,"Male"
"9004152",371985,2025-06-06 01:32:48,42.3978996276855,-8.92075729370117,"Male"
"9004152",371985,2025-06-06 01:37:48,42.3980674743652,-8.92094802856445,"Male"
"9004152",371985,2025-06-06 01:42:49,42.3981666564941,-8.92110252380371,"Male"
"9004152",371985,2025-06-06 01:47:49,42.3980331420898,-8.92100715637207,"Male"
"9004152",371985,2025-06-06 01:52:49,42.398006439209,-8.92078590393066,"Male"
"9004152",371985,2025-06-06 01:57:49,42.3979911804199,-8.92094039916992,"Male"
"9004152",371985,2025-06-06 02:02:48,42.3979835510254,-8.92072105407715,"Male"
"9004152",371985,2025-06-06 02:07:49,42.3979797363281,-8.92077827453613,"Male"
"9004152",371985,2025-06-06 02:12:49,42.3979988098145,-8.92073345184326,"Male"
"9004152",371985,2025-06-06 02:17:49,42.3979682922363,-8.92080593109131,"Male"
"9004152",371985,2025-06-06 02:22:49,42.3979606628418,-8.92067527770996,"Male"
"9004152",371985,2025-06-06 02:27:50,42.3978881835938,-8.92088985443115,"Male"
"9004152",371985,2025-06-06 02:32:48,42.3979835510254,-8.92070484161377,"Male"
"9004152",371985,2025-06-06 02:37:50,42.3979682922363,-8.92073917388916,"Male"
"9004152",371985,2025-06-06 02:42:52,42.3979644775391,-8.92073822021484,"Male"
"9004152",371985,2025-06-06 02:47:51,42.3979301452637,-8.92079448699951,"Male"
"9004152",371985,2025-06-06 02:52:51,42.3980979919434,-8.92075347900391,"Male"
"9004152",371985,2025-06-06 02:57:49,42.3980140686035,-8.92075061798096,"Male"
"9004152",371985,2025-06-06 03:02:48,42.3979530334473,-8.92074203491211,"Male"
"9004152",371985,2025-06-06 03:07:49,42.3980598449707,-8.92079257965088,"Male"
"9004152",371985,2025-06-06 03:12:51,42.3980369567871,-8.92089462280273,"Male"
"9004152",371985,2025-06-06 03:17:49,42.3980751037598,-8.92081546783447,"Male"
"9004152",371985,2025-06-06 03:22:48,42.3979835510254,-8.92073631286621,"Male"
"9004152",371985,2025-06-06 03:27:50,42.398021697998,-8.92073440551758,"Male"
"9004152",371985,2025-06-06 03:32:49,42.3980293273926,-8.92076301574707,"Male"
"9004152",371985,2025-06-06 03:37:48,42.3980484008789,-8.92083263397217,"Male"
"9004152",371985,2025-06-06 03:43:00,42.3980712890625,-8.92064476013184,"Male"
"9004152",371985,2025-06-06 03:47:51,42.3980941772461,-8.92060279846191,"Male"
"9004152",371985,2025-06-06 03:52:52,42.3980293273926,-8.92058372497559,"Male"
"9004152",371985,2025-06-06 03:57:57,42.3978271484375,-8.92034244537354,"Male"
"9004152",371985,2025-06-06 04:02:49,42.3976554870605,-8.91997241973877,"Male"
"9004152",371985,2025-06-06 04:07:50,42.3977241516113,-8.92038536071777,"Male"
"9004152",371985,2025-06-06 04:12:49,42.3976593017578,-8.92025566101074,"Male"
"9004152",371985,2025-06-06 04:17:49,42.3976974487305,-8.92030143737793,"Male"
"9004152",371985,2025-06-06 04:22:49,42.3977127075195,-8.92030620574951,"Male"
"9004152",371985,2025-06-06 04:27:50,42.3977355957031,-8.92029476165771,"Male"
"9004152",371985,2025-06-06 04:32:50,42.3977394104004,-8.92033100128174,"Male"
"9004152",371985,2025-06-06 04:38:00,42.3977928161621,-8.92001628875732,"Male"
"9004152",371985,2025-06-06 04:43:09,42.3978309631348,-8.91992664337158,"Male"
"9004152",371985,2025-06-06 04:48:04,42.3978500366211,-8.91996192932129,"Male"
"9004152",371985,2025-06-06 04:53:04,42.3978500366211,-8.91992473602295,"Male"
"9004152",371985,2025-06-06 04:58:04,42.3978958129883,-8.91989421844482,"Male"
"9004152",371985,2025-06-06 05:02:55,42.3979377746582,-8.92005634307861,"Male"
"9004152",371985,2025-06-06 05:07:51,42.3975677490234,-8.92057132720947,"Male"
"9004152",371985,2025-06-06 05:12:50,42.397518157959,-8.9208984375,"Male"
"9004152",371985,2025-06-06 05:17:59,42.3979225158691,-8.9204216003418,"Male"
"9004152",371985,2025-06-06 05:23:00,42.398006439209,-8.92028903961182,"Male"
"9004152",371985,2025-06-06 05:28:31,42.3978118896484,-8.92054748535156,"Male"
"9004152",371985,2025-06-06 05:32:49,42.3979606628418,-8.92042922973633,"Male"
"9004152",371985,2025-06-06 05:37:50,42.3979568481445,-8.92051982879639,"Male"
"9004152",371985,2025-06-06 05:42:49,42.3980140686035,-8.92040824890137,"Male"
"9004152",371985,2025-06-06 05:47:49,42.3979148864746,-8.92039394378662,"Male"
"9004152",371985,2025-06-06 05:52:48,42.3979072570801,-8.92041778564453,"Male"
"9004152",371985,2025-06-06 05:57:48,42.3979034423828,-8.92043495178223,"Male"
"9004152",371985,2025-06-06 06:02:48,42.3978843688965,-8.9203519821167,"Male"
"9004152",371985,2025-06-06 06:07:49,42.3978271484375,-8.92050647735596,"Male"
"9004152",371985,2025-06-06 06:12:51,42.3978462219238,-8.92060089111328,"Male"
"9004152",371985,2025-06-06 06:17:49,42.3977890014648,-8.92054176330566,"Male"
"9004152",371985,2025-06-06 06:22:48,42.3977699279785,-8.92066669464111,"Male"
"9004152",371985,2025-06-06 06:27:48,42.397834777832,-8.9207878112793,"Male"
"9004152",371985,2025-06-06 06:32:48,42.3978462219238,-8.92072105407715,"Male"
"9004152",371985,2025-06-06 06:37:48,42.3977813720703,-8.92074775695801,"Male"
"9004152",371985,2025-06-06 06:42:48,42.3978309631348,-8.92078399658203,"Male"
"9004152",371985,2025-06-06 06:47:50,42.3977584838867,-8.92074489593506,"Male"
"9004152",371985,2025-06-06 06:52:48,42.3977699279785,-8.92080020904541,"Male"
"9004152",371985,2025-06-06 06:57:48,42.3978080749512,-8.92071533203125,"Male"
"9004152",371985,2025-06-06 07:02:48,42.3977890014648,-8.92074489593506,"Male"
"9004152",371985,2025-06-06 07:07:48,42.3977699279785,-8.92073440551758,"Male"
"9004152",371985,2025-06-06 07:12:48,42.397705078125,-8.92071342468262,"Male"
"9004152",371985,2025-06-06 07:18:30,42.4098205566406,-8.87740612030029,"Male"
"9004152",371985,2025-06-06 07:23:31,42.4099426269531,-8.87711334228516,"Male"
"9004152",371985,2025-06-06 07:28:54,42.410270690918,-8.87469577789307,"Male"
"9004152",371985,2025-06-06 07:33:54,42.4090461730957,-8.87463569641113,"Male"
"9004152",371985,2025-06-06 07:39:42,42.4081802368164,-8.87431144714355,"Male"
"9004152",371985,2025-06-06 07:44:40,42.4079933166504,-8.87395858764648,"Male"
"9004152",371985,2025-06-06 07:50:08,42.407657623291,-8.87356281280518,"Male"
"9004152",371985,2025-06-06 07:55:08,42.408203125,-8.87443828582764,"Male"
"9004152",371985,2025-06-06 08:00:51,42.4085502624512,-8.87385654449463,"Male"
"9004152",371985,2025-06-06 08:06:10,42.4086456298828,-8.87370586395264,"Male"
"9004152",371985,2025-06-06 08:11:42,42.4089584350586,-8.87301826477051,"Male"
"9004152",371985,2025-06-06 08:16:42,42.4098777770996,-8.87271118164062,"Male"
"9004152",371985,2025-06-06 08:22:26,42.4107131958008,-8.87189865112305,"Male"
"9004152",371985,2025-06-06 08:28:01,42.4104232788086,-8.87039947509766,"Male"
"9004152",371985,2025-06-06 08:33:21,42.4108734130859,-8.8702278137207,"Male"
"9004152",371985,2025-06-06 08:38:53,42.4100074768066,-8.87026214599609,"Male"
"9004152",371985,2025-06-06 08:44:16,42.4091987609863,-8.87010478973389,"Male"
"9004152",371985,2025-06-06 08:49:59,42.4096984863281,-8.87010860443115,"Male"
"9004152",371985,2025-06-06 08:55:23,42.4105377197266,-8.87126159667969,"Male"
"9004152",371985,2025-06-06 09:01:00,42.4112243652344,-8.87034130096436,"Male"
"9004152",371985,2025-06-06 09:06:01,42.411434173584,-8.8712158203125,"Male"
"9004152",371985,2025-06-06 09:11:21,42.4106674194336,-8.87050628662109,"Male"
"9004152",371985,2025-06-06 09:16:22,42.4101219177246,-8.86956977844238,"Male"
"9004152",371985,2025-06-06 09:21:25,42.4091339111328,-8.86925792694092,"Male"
"9004152",371985,2025-06-06 09:26:19,42.4018936157227,-8.86282157897949,"Male"
"9004152",371985,2025-06-06 09:31:44,42.3985290527344,-8.85798072814941,"Male"
"9004152",371985,2025-06-06 09:36:24,42.3984756469727,-8.85780239105225,"Male"
"9004152",371985,2025-06-06 09:41:30,42.3985328674316,-8.85803413391113,"Male"
"9004152",371985,2025-06-06 09:46:27,42.3985443115234,-8.85791301727295,"Male"
"9004152",371985,2025-06-06 09:51:31,42.3985023498535,-8.85810661315918,"Male"
"9004152",371985,2025-06-06 09:56:25,42.398551940918,-8.85787105560303,"Male"
"9004152",371985,2025-06-06 10:01:29,42.3982353210449,-8.85795211791992,"Male"
"9004152",371985,2025-06-06 10:06:44,42.3986396789551,-8.85776615142822,"Male"
"9004152",371985,2025-06-06 10:11:23,42.3984527587891,-8.85741710662842,"Male"
"9004152",371985,2025-06-06 10:16:50,42.3987579345703,-8.85807514190674,"Male"
"9004152",371985,2025-06-06 10:21:29,42.3987426757812,-8.85790729522705,"Male"
"9004152",371985,2025-06-06 10:26:30,42.3987503051758,-8.85801601409912,"Male"
"9004152",371985,2025-06-06 10:31:27,42.3987998962402,-8.85802364349365,"Male"
"9004152",371985,2025-06-06 10:36:31,42.3988952636719,-8.85822677612305,"Male"
"9004152",371985,2025-06-06 10:41:30,42.3987884521484,-8.85801029205322,"Male"
"9004152",371985,2025-06-06 10:46:23,42.3993110656738,-8.85842990875244,"Male"
"9004152",371985,2025-06-06 10:51:42,42.3986282348633,-8.85802745819092,"Male"
"9004152",371985,2025-06-06 10:56:31,42.3985176086426,-8.85799980163574,"Male"
"9004152",371985,2025-06-06 11:01:27,42.3985023498535,-8.85809803009033,"Male"
"9004152",371985,2025-06-06 11:06:23,42.3990669250488,-8.85844802856445,"Male"
"9004152",371985,2025-06-06 11:11:20,42.3993644714355,-8.85842227935791,"Male"
"9004152",371985,2025-06-06 11:16:24,42.4002342224121,-8.85875034332275,"Male"
"9004152",371985,2025-06-06 11:21:42,42.398307800293,-8.85809516906738,"Male"
"9004152",371985,2025-06-06 11:26:18,42.3981285095215,-8.8580207824707,"Male"
"9004152",371985,2025-06-06 11:31:23,42.398078918457,-8.85803127288818,"Male"
"9004152",371985,2025-06-06 11:36:18,42.3985023498535,-8.85807704925537,"Male"
"9004152",371985,2025-06-06 11:41:21,42.3982353210449,-8.85746002197266,"Male"
"9004152",371985,2025-06-06 11:46:53,42.3985328674316,-8.85802555084229,"Male"
"9004152",371985,2025-06-06 11:51:17,42.3986358642578,-8.85799121856689,"Male"
"9004152",371985,2025-06-06 11:56:17,42.3985824584961,-8.85808277130127,"Male"
"9004152",371985,2025-06-06 12:01:17,42.3986167907715,-8.85805797576904,"Male"
"9004152",371985,2025-06-06 12:06:17,42.3985633850098,-8.85811519622803,"Male"
"9004152",371985,2025-06-06 12:11:17,42.398567199707,-8.85818862915039,"Male"
"9004152",371985,2025-06-06 12:16:17,42.3986358642578,-8.8580265045166,"Male"
"9004152",371985,2025-06-06 12:21:17,42.398551940918,-8.858154296875,"Male"
"9004152",371985,2025-06-06 12:26:18,42.4038505554199,-8.86445426940918,"Male"
"9004152",371985,2025-06-06 12:31:18,42.4072074890137,-8.86816596984863,"Male"
"9004152",371985,2025-06-06 12:37:03,42.4079742431641,-8.86762619018555,"Male"
"9004152",371985,2025-06-06 12:42:03,42.408576965332,-8.86824798583984,"Male"
"9004152",371985,2025-06-06 12:47:04,42.4085121154785,-8.87098789215088,"Male"
"9004152",371985,2025-06-06 12:52:07,42.4084854125977,-8.8718957901001,"Male"
"9004152",371985,2025-06-06 12:57:20,42.4092788696289,-8.87081623077393,"Male"
"9004152",371985,2025-06-06 13:02:25,42.4095993041992,-8.87003040313721,"Male"
"9004152",371985,2025-06-06 13:07:27,42.4104461669922,-8.87058544158936,"Male"
"9004152",371985,2025-06-06 13:12:28,42.4107055664062,-8.87168216705322,"Male"
"9004152",371985,2025-06-06 13:17:31,42.409912109375,-8.87342262268066,"Male"
"9004152",371985,2025-06-06 13:23:10,42.4088554382324,-8.87406730651855,"Male"
"9004152",371985,2025-06-06 13:28:19,42.4084815979004,-8.87382984161377,"Male"
"9004152",371985,2025-06-06 13:33:50,42.4077529907227,-8.87341976165771,"Male"
"9004152",371985,2025-06-06 13:38:50,42.4085884094238,-8.87371921539307,"Male"
"9004152",371985,2025-06-06 13:43:49,42.4091339111328,-8.87220859527588,"Male"
"9004152",371985,2025-06-06 13:49:30,42.4090614318848,-8.87073135375977,"Male"
"9004152",371985,2025-06-06 13:55:16,42.4097862243652,-8.87005138397217,"Male"
"9004152",371985,2025-06-06 14:00:35,42.4102325439453,-8.87051963806152,"Male"
"9004152",371985,2025-06-06 14:05:37,42.4110946655273,-8.87130737304688,"Male"
"9004152",371985,2025-06-06 14:10:44,42.4109802246094,-8.87043285369873,"Male"
"9004152",371985,2025-06-06 14:15:47,42.4107971191406,-8.87037754058838,"Male"
"9004152",371985,2025-06-06 14:20:46,42.4103813171387,-8.87026977539062,"Male"
"9004152",371985,2025-06-06 14:25:44,42.4086380004883,-8.86904811859131,"Male"
"9004152",371985,2025-06-06 14:30:44,42.3989944458008,-8.85814380645752,"Male"
"9004152",371985,2025-06-06 14:35:44,42.3989791870117,-8.85810947418213,"Male"
"9004152",371985,2025-06-06 14:40:44,42.3989944458008,-8.85832977294922,"Male"
"9004152",371985,2025-06-06 14:45:45,42.3988800048828,-8.85832214355469,"Male"
"9004152",371985,2025-06-06 14:50:45,42.398868560791,-8.85836410522461,"Male"
"9004152",371985,2025-06-06 14:55:44,42.3989067077637,-8.85835456848145,"Male"
"9004152",371985,2025-06-06 15:00:45,42.3990478515625,-8.85841464996338,"Male"
"9004152",371985,2025-06-06 15:05:44,42.3989868164062,-8.85824394226074,"Male"
"9004152",371985,2025-06-06 15:10:44,42.3988876342773,-8.85833835601807,"Male"
"9004152",371985,2025-06-06 15:15:44,42.3988380432129,-8.85840797424316,"Male"
"9004152",371985,2025-06-06 15:20:44,42.3988914489746,-8.85817909240723,"Male"
"9004152",371985,2025-06-06 15:25:45,42.3989868164062,-8.85823726654053,"Male"
"9004152",371985,2025-06-06 15:30:47,42.3989295959473,-8.85825824737549,"Male"
"9004152",371985,2025-06-06 15:35:54,42.398796081543,-8.85839080810547,"Male"
"9004152",371985,2025-06-06 15:40:49,42.3987731933594,-8.85843753814697,"Male"
"9004152",371985,2025-06-06 15:46:05,42.3987083435059,-8.85812377929688,"Male"
"9004152",371985,2025-06-06 15:50:44,42.398754119873,-8.85819816589355,"Male"
"9004152",371985,2025-06-06 15:55:45,42.3987426757812,-8.85811614990234,"Male"
"9004152",371985,2025-06-06 16:00:44,42.398738861084,-8.85818672180176,"Male"
"9004152",371985,2025-06-06 16:05:44,42.3986396789551,-8.85819816589355,"Male"
"9004152",371985,2025-06-06 16:10:44,42.3986434936523,-8.85816478729248,"Male"
"9004152",371985,2025-06-06 16:15:44,42.3986129760742,-8.85800361633301,"Male"
"9004152",371985,2025-06-06 16:20:44,42.3986206054688,-8.85805511474609,"Male"
"9004152",371985,2025-06-06 16:26:05,42.398494720459,-8.85798168182373,"Male"
"9004152",371985,2025-06-06 16:31:38,42.3971366882324,-8.85917949676514,"Male"
"9004152",371985,2025-06-06 16:36:42,42.3965835571289,-8.85808277130127,"Male"
"9004152",371985,2025-06-06 16:42:11,42.3958053588867,-8.85731029510498,"Male"
"9004152",371985,2025-06-06 16:48:06,42.3948097229004,-8.8560619354248,"Male"
"9004152",371985,2025-06-06 16:53:16,42.3952140808105,-8.85581874847412,"Male"
"9004152",371985,2025-06-06 16:58:15,42.3945503234863,-8.8559103012085,"Male"
"9004152",371985,2025-06-06 17:03:15,42.395336151123,-8.85580062866211,"Male"
"9004152",371985,2025-06-06 17:08:28,42.3957290649414,-8.85562419891357,"Male"
"9004152",371985,2025-06-06 17:13:56,42.3950576782227,-8.85616016387939,"Male"
"9004152",371985,2025-06-06 17:19:16,42.395565032959,-8.85742568969727,"Male"
"9004152",371985,2025-06-06 17:24:24,42.3965187072754,-8.85816192626953,"Male"
"9004152",371985,2025-06-06 17:29:24,42.3969841003418,-8.85831260681152,"Male"
"9004152",371985,2025-06-06 17:34:57,42.3971214294434,-8.85963916778564,"Male"
"9004152",371985,2025-06-06 17:40:03,42.3970603942871,-8.86002254486084,"Male"
"9004152",371985,2025-06-06 17:45:31,42.3968505859375,-8.85962295532227,"Male"
"9004152",371985,2025-06-06 17:50:48,42.3960037231445,-8.85909175872803,"Male"
"9004152",371985,2025-06-06 17:56:18,42.3955497741699,-8.85977840423584,"Male"
"9004152",371985,2025-06-06 18:02:07,42.3965301513672,-8.85979461669922,"Male"
"9004152",371985,2025-06-06 18:07:28,42.397590637207,-8.86021518707275,"Male"
"9004152",371985,2025-06-06 18:12:31,42.3968353271484,-8.85974979400635,"Male"
"9004152",371985,2025-06-06 18:17:31,42.3971290588379,-8.86009311676025,"Male"
"9004152",371985,2025-06-06 18:22:35,42.3980484008789,-8.85919380187988,"Male"
"9004152",371985,2025-06-06 18:27:33,42.3985481262207,-8.85810375213623,"Male"
"9004152",371985,2025-06-06 18:32:33,42.3982124328613,-8.85784149169922,"Male"
"9004152",371985,2025-06-06 18:37:33,42.398609161377,-8.85814666748047,"Male"
"9004152",371985,2025-06-06 18:42:34,42.3984680175781,-8.85816192626953,"Male"
"9004152",371985,2025-06-06 18:47:31,42.3987045288086,-8.85814571380615,"Male"
"9004152",371985,2025-06-06 18:52:31,42.3987045288086,-8.85813999176025,"Male"
"9004152",371985,2025-06-06 18:57:32,42.3986740112305,-8.85797119140625,"Male"
"9004152",371985,2025-06-06 19:02:37,42.3985481262207,-8.85803508758545,"Male"
"9004152",371985,2025-06-06 19:07:31,42.3984832763672,-8.85809993743896,"Male"
"9004152",371985,2025-06-06 19:12:31,42.4093627929688,-8.8746166229248,"Male"
"9004152",371985,2025-06-06 19:18:03,42.4105949401855,-8.87451553344727,"Male"
"9004152",371985,2025-06-06 19:23:21,42.4110260009766,-8.87451362609863,"Male"
"9004152",371985,2025-06-06 19:28:52,42.4100189208984,-8.87436389923096,"Male"
"9004152",371985,2025-06-06 19:34:02,42.4091758728027,-8.87425994873047,"Male"
"9004152",371985,2025-06-06 19:40:33,42.4080619812012,-8.87362861633301,"Male"
"9004152",371985,2025-06-06 19:45:54,42.4089546203613,-8.87443351745605,"Male"
"9004152",371985,2025-06-06 19:50:51,42.4082641601562,-8.87537002563477,"Male"
"9004152",371985,2025-06-06 19:55:51,42.4009780883789,-8.91001892089844,"Male"
"9004152",371985,2025-06-06 20:00:51,42.398567199707,-8.92074298858643,"Male"
"9004152",371985,2025-06-06 20:05:57,42.398551940918,-8.92050266265869,"Male"
"9004152",371985,2025-06-06 20:10:51,42.3962440490723,-8.92015266418457,"Male"
"9004152",371985,2025-06-06 20:15:51,42.3962631225586,-8.92013263702393,"Male"
"9004152",371985,2025-06-06 20:20:58,42.3963203430176,-8.92048263549805,"Male"
"9004152",371985,2025-06-06 20:26:13,42.3963623046875,-8.92038059234619,"Male"
"9004152",371985,2025-06-06 20:30:51,42.3961868286133,-8.9201135635376,"Male"
"9004152",371985,2025-06-06 20:35:51,42.3961868286133,-8.92000770568848,"Male"
"9004152",371985,2025-06-06 20:40:51,42.3962440490723,-8.92002773284912,"Male"
"9004152",371985,2025-06-06 20:46:01,42.3962478637695,-8.92014980316162,"Male"
"9004152",371985,2025-06-06 20:50:55,42.3962707519531,-8.92016220092773,"Male"
"9004152",371985,2025-06-06 20:55:55,42.3962249755859,-8.92019844055176,"Male"
"9004152",371985,2025-06-06 21:01:11,42.3962593078613,-8.92007350921631,"Male"
"9004152",371985,2025-06-06 21:05:52,42.396297454834,-8.92021942138672,"Male"
"9004152",371985,2025-06-06 21:10:52,42.3963470458984,-8.92006587982178,"Male"
"9004152",371985,2025-06-06 21:15:52,42.3963966369629,-8.91997909545898,"Male"
"9004152",371985,2025-06-06 21:20:53,42.3962478637695,-8.92049026489258,"Male"
"9004152",371985,2025-06-06 21:25:55,42.3963470458984,-8.92007350921631,"Male"
"9004152",371985,2025-06-06 21:30:52,42.3963394165039,-8.91982841491699,"Male"
"9004152",371985,2025-06-06 21:35:52,42.3963356018066,-8.92012214660645,"Male"
"9004152",371985,2025-06-06 21:40:54,42.3962059020996,-8.92035961151123,"Male"
"9004152",371985,2025-06-06 21:46:14,42.3962898254395,-8.92015075683594,"Male"
"9004152",371985,2025-06-06 21:50:53,42.3962478637695,-8.91991710662842,"Male"
"9004152",371985,2025-06-06 21:55:51,42.3963584899902,-8.91992282867432,"Male"
"9004152",371985,2025-06-06 22:00:54,42.3962936401367,-8.92031478881836,"Male"
"9004152",371985,2025-06-06 22:05:57,42.3963508605957,-8.92027854919434,"Male"
"9004152",371985,2025-06-06 22:10:53,42.3963279724121,-8.92030048370361,"Male"
"9004152",371985,2025-06-06 22:15:53,42.3963317871094,-8.92080688476562,"Male"
"9004152",371985,2025-06-06 22:20:51,42.3963356018066,-8.92062091827393,"Male"
"9004152",371985,2025-06-06 22:25:53,42.3965263366699,-8.92071533203125,"Male"
"9004152",371985,2025-06-06 22:31:05,42.3965072631836,-8.92057514190674,"Male"
"9004152",371985,2025-06-06 22:36:03,42.396556854248,-8.92055130004883,"Male"
"9004152",371985,2025-06-06 22:41:04,42.3965225219727,-8.92058944702148,"Male"
"9004152",371985,2025-06-06 22:46:01,42.3963432312012,-8.92076969146729,"Male"
"9004152",371985,2025-06-06 22:50:53,42.3960914611816,-8.9205150604248,"Male"
"9004152",371985,2025-06-06 22:56:12,42.3965530395508,-8.92023277282715,"Male"
"9004152",371985,2025-06-06 23:00:53,42.3961524963379,-8.92039775848389,"Male"
"9004152",371985,2025-06-06 23:05:51,42.3960990905762,-8.92072010040283,"Male"
"9004152",371985,2025-06-06 23:10:52,42.3961753845215,-8.9209680557251,"Male"
"9004152",371985,2025-06-06 23:15:57,42.3963356018066,-8.92023277282715,"Male"
"9004152",371985,2025-06-06 23:20:52,42.3969039916992,-8.92071914672852,"Male"
"9004152",371985,2025-06-06 23:25:52,42.3958587646484,-8.92084884643555,"Male"
"9004152",371985,2025-06-06 23:31:01,42.3962516784668,-8.92069244384766,"Male"
"9004152",371985,2025-06-06 23:35:58,42.3961791992188,-8.92060565948486,"Male"
"9004152",371985,2025-06-06 23:40:59,42.3961181640625,-8.92076301574707,"Male"
"9004152",371985,2025-06-06 23:46:14,42.3960037231445,-8.92076587677002,"Male"
"9004152",371985,2025-06-06 23:50:54,42.3961524963379,-8.92015838623047,"Male"
"9004152",371985,2025-06-06 23:56:00,42.3961563110352,-8.91994857788086,"Male"
"9004152",371985,2025-06-07 00:00:53,42.3962135314941,-8.91992855072021,"Male"
"9004152",371985,2025-06-07 00:05:57,42.3963508605957,-8.92009353637695,"Male"
"9004152",371985,2025-06-07 00:11:00,42.3962173461914,-8.91970920562744,"Male"
"9004152",371985,2025-06-07 00:16:12,42.3963508605957,-8.91990184783936,"Male"
"9004152",371985,2025-06-07 00:21:11,42.3963356018066,-8.92004585266113,"Male"
"9004152",371985,2025-06-07 00:26:09,42.3963203430176,-8.91993618011475,"Male"
"9004152",371985,2025-06-07 00:30:55,42.3962516784668,-8.92013168334961,"Male"
"9004152",371985,2025-06-07 00:35:57,42.3962936401367,-8.92003726959229,"Male"
"9004152",371985,2025-06-07 00:41:00,42.396183013916,-8.92013645172119,"Male"
"9004152",371985,2025-06-07 00:46:23,42.3962287902832,-8.92016983032227,"Male"
"9004152",371985,2025-06-07 00:50:51,42.3963356018066,-8.92016220092773,"Male"
"9004152",371985,2025-06-07 00:55:57,42.396297454834,-8.92047786712646,"Male"
"9004152",371985,2025-06-07 01:00:51,42.3962593078613,-8.92041778564453,"Male"
"9004152",371985,2025-06-07 01:05:51,42.396240234375,-8.9204273223877,"Male"
"9004152",371985,2025-06-07 01:10:51,42.3962020874023,-8.92022037506104,"Male"
"9004152",371985,2025-06-07 01:15:52,42.396240234375,-8.92038536071777,"Male"
"9004152",371985,2025-06-07 01:21:00,42.3962936401367,-8.9205207824707,"Male"
"9004152",371985,2025-06-07 01:25:51,42.3962554931641,-8.92039394378662,"Male"
"9004152",371985,2025-06-07 01:30:51,42.396297454834,-8.92045307159424,"Male"
"9004152",371985,2025-06-07 01:36:00,42.3962554931641,-8.92044448852539,"Male"
"9004152",371985,2025-06-07 01:40:51,42.3961791992188,-8.92038059234619,"Male"
"9004152",371985,2025-06-07 01:45:55,42.396312713623,-8.92044067382812,"Male"
"9004152",371985,2025-06-07 01:50:52,42.3962707519531,-8.92041110992432,"Male"
"9004152",371985,2025-06-07 01:55:51,42.3962707519531,-8.92042541503906,"Male"
"9004152",371985,2025-06-07 02:00:54,42.3962821960449,-8.92040061950684,"Male"
"9004152",371985,2025-06-07 02:05:52,42.3962821960449,-8.92039680480957,"Male"
"9004152",371985,2025-06-07 02:10:51,42.3963050842285,-8.92044830322266,"Male"
"9004152",371985,2025-06-07 02:15:51,42.3962745666504,-8.92028617858887,"Male"
"9004152",371985,2025-06-07 02:20:51,42.3963279724121,-8.92028045654297,"Male"
"9004152",371985,2025-06-07 02:25:51,42.396312713623,-8.9203519821167,"Male"
"9004152",371985,2025-06-07 02:30:58,42.3963508605957,-8.92021369934082,"Male"
"9004152",371985,2025-06-07 02:35:51,42.3963088989258,-8.9201831817627,"Male"
"9004152",371985,2025-06-07 02:40:51,42.3962745666504,-8.9202241897583,"Male"
"9004152",371985,2025-06-07 02:45:51,42.3962745666504,-8.92024803161621,"Male"
"9004152",371985,2025-06-07 02:50:51,42.3962745666504,-8.92025184631348,"Male"
"9004152",371985,2025-06-07 02:55:51,42.3962326049805,-8.92008399963379,"Male"
"9004152",371985,2025-06-07 03:01:00,42.3962554931641,-8.92031955718994,"Male"
"9004152",371985,2025-06-07 03:05:52,42.3963279724121,-8.92025470733643,"Male"
"9004152",371985,2025-06-07 03:11:00,42.3962249755859,-8.92046737670898,"Male"
"9004152",371985,2025-06-07 03:15:51,42.3962059020996,-8.92059993743896,"Male"
"9004152",371985,2025-06-07 03:21:00,42.3962135314941,-8.92055988311768,"Male"
"9004152",371985,2025-06-07 03:26:00,42.3962020874023,-8.92053318023682,"Male"
"9004152",371985,2025-06-07 03:30:51,42.3962020874023,-8.92063331604004,"Male"
"9004152",371985,2025-06-07 03:36:02,42.3961639404297,-8.92080783843994,"Male"
"9004152",371985,2025-06-07 03:40:54,42.3962554931641,-8.92044258117676,"Male"
"9004152",371985,2025-06-07 03:46:14,42.3962783813477,-8.92036533355713,"Male"
"9004152",371985,2025-06-07 03:50:51,42.3964195251465,-8.92033290863037,"Male"
"9004152",371985,2025-06-07 03:55:51,42.3962936401367,-8.92048645019531,"Male"
"9004152",371985,2025-06-07 04:00:51,42.3962249755859,-8.9205379486084,"Male"
"9004152",371985,2025-06-07 04:05:51,42.3959846496582,-8.9206428527832,"Male"
"9004152",371985,2025-06-07 04:10:53,42.3959655761719,-8.92037391662598,"Male"
"9004152",371985,2025-06-07 04:15:51,42.3958892822266,-8.92044258117676,"Male"
"9004152",371985,2025-06-07 04:20:51,42.3958854675293,-8.92086410522461,"Male"
"9004152",371985,2025-06-07 04:25:52,42.3957176208496,-8.92130947113037,"Male"
"9004152",371985,2025-06-07 04:31:11,42.3962097167969,-8.92025375366211,"Male"
"9004152",371985,2025-06-07 04:35:51,42.3960456848145,-8.9203052520752,"Male"
"9004152",371985,2025-06-07 04:40:51,42.3959541320801,-8.92066955566406,"Male"
"9004152",371985,2025-06-07 04:45:55,42.3963050842285,-8.91994285583496,"Male"
"9004152",371985,2025-06-07 04:50:51,42.3956184387207,-8.92151260375977,"Male"
"9004152",371985,2025-06-07 04:55:57,42.396369934082,-8.92044639587402,"Male"
"9004152",371985,2025-06-07 05:00:51,42.3966407775879,-8.92117118835449,"Male"
"9004152",371985,2025-06-07 05:05:52,42.3957748413086,-8.92146968841553,"Male"
"9004152",371985,2025-06-07 05:10:51,42.396369934082,-8.92000770568848,"Male"
"9004152",371985,2025-06-07 05:15:52,42.3966217041016,-8.9203929901123,"Male"
"9004152",371985,2025-06-07 05:21:14,42.3965225219727,-8.9206371307373,"Male"
"9004152",371985,2025-06-07 05:25:51,42.3962783813477,-8.92129230499268,"Male"
"9004152",371985,2025-06-07 05:30:53,42.3964881896973,-8.92149448394775,"Male"
"9004152",371985,2025-06-07 05:35:52,42.396354675293,-8.92164516448975,"Male"
"9004152",371985,2025-06-07 05:40:52,42.396369934082,-8.92154884338379,"Male"
"9004152",371985,2025-06-07 05:46:00,42.3965682983398,-8.92047309875488,"Male"
"9004152",371985,2025-06-07 05:51:00,42.3965797424316,-8.92060470581055,"Male"
"9004152",371985,2025-06-07 05:56:12,42.3965911865234,-8.92102241516113,"Male"
"9004152",371985,2025-06-07 06:00:53,42.3965721130371,-8.92059898376465,"Male"
"9004152",371985,2025-06-07 06:05:53,42.396354675293,-8.92086601257324,"Male"
"9004152",371985,2025-06-07 06:10:53,42.3963851928711,-8.9208459854126,"Male"
"9004152",371985,2025-06-07 06:15:51,42.3964691162109,-8.91993236541748,"Male"
"9004152",371985,2025-06-07 06:20:53,42.3980865478516,-8.92064380645752,"Male"
"9004152",371985,2025-06-07 06:26:02,42.3980293273926,-8.92092132568359,"Male"
"9004152",371985,2025-06-07 06:30:55,42.3976440429688,-8.92140102386475,"Male"
"9004152",371985,2025-06-07 06:35:57,42.3979187011719,-8.9201545715332,"Male"
"9004152",371985,2025-06-07 06:40:55,42.3978843688965,-8.92024040222168,"Male"
"9004152",371985,2025-06-07 06:46:14,42.3977127075195,-8.9212007522583,"Male"
"9004152",371985,2025-06-07 06:50:54,42.3978843688965,-8.92004871368408,"Male"
"9004152",371985,2025-06-07 06:55:52,42.3977241516113,-8.92156600952148,"Male"
"9004152",371985,2025-06-07 07:00:55,42.3977546691895,-8.92125511169434,"Male"
"9004152",371985,2025-06-07 07:05:52,42.3976745605469,-8.92160892486572,"Male"
"9004152",371985,2025-06-07 07:10:55,42.3976058959961,-8.92016315460205,"Male"
"9004152",371985,2025-06-07 07:15:57,42.3976287841797,-8.92007923126221,"Male"
"9004152",371985,2025-06-07 07:20:55,42.3961791992188,-8.91240787506104,"Male"
"9004152",371985,2025-06-07 07:26:17,42.3957290649414,-8.9050121307373,"Male"
"9004152",371985,2025-06-07 07:33:35,42.3952674865723,-8.90314865112305,"Male"
"9004152",371985,2025-06-07 07:39:14,42.4004707336426,-8.88542175292969,"Male"
"9004152",371985,2025-06-07 07:43:17,42.4011611938477,-8.88168144226074,"Male"
"9004152",371985,2025-06-07 07:49:07,42.4027824401855,-8.87950229644775,"Male"
"9004152",371985,2025-06-07 07:54:08,42.4035797119141,-8.87812423706055,"Male"
"9004152",371985,2025-06-07 07:59:08,42.4039154052734,-8.87686157226562,"Male"
"9004152",371985,2025-06-07 08:04:08,42.4131164550781,-8.87129211425781,"Male"
"9004152",371985,2025-06-07 08:09:07,42.413143157959,-8.8712043762207,"Male"
"9004152",371985,2025-06-07 08:14:09,42.4131851196289,-8.87166309356689,"Male"
"9004152",371985,2025-06-07 08:19:08,42.4131469726562,-8.87198734283447,"Male"
"9004152",371985,2025-06-07 08:24:23,42.4130973815918,-8.87164402008057,"Male"
"9004152",371985,2025-06-07 08:29:12,42.4130935668945,-8.87110710144043,"Male"
"9004152",371985,2025-06-07 08:34:35,42.4131317138672,-8.87161922454834,"Male"
"9004152",371985,2025-06-07 08:39:09,42.4131546020508,-8.87142181396484,"Male"
"9004152",371985,2025-06-07 08:44:07,42.4132423400879,-8.87192821502686,"Male"
"9004152",371985,2025-06-07 08:49:07,42.4131622314453,-8.8714771270752,"Male"
"9004152",371985,2025-06-07 08:54:07,42.4132118225098,-8.87172031402588,"Male"
"9004152",371985,2025-06-07 08:59:07,42.4131393432617,-8.87158584594727,"Male"
"9004152",371985,2025-06-07 09:04:07,42.412540435791,-8.87142086029053,"Male"
"9004152",371985,2025-06-07 09:09:14,42.411205291748,-8.87147617340088,"Male"
"9004152",371985,2025-06-07 09:14:14,42.4115905761719,-8.8711576461792,"Male"
"9004152",371985,2025-06-07 09:19:52,42.4114227294922,-8.87046813964844,"Male"
"9004152",371985,2025-06-07 09:25:09,42.4106025695801,-8.87052917480469,"Male"
"9004152",371985,2025-06-07 09:30:09,42.4099769592285,-8.87057685852051,"Male"
"9004152",371985,2025-06-07 09:35:42,42.4092712402344,-8.87147331237793,"Male"
"9004152",371985,2025-06-07 09:41:07,42.4084739685059,-8.87209415435791,"Male"
"9004152",371985,2025-06-07 09:46:07,42.408260345459,-8.87146091461182,"Male"
"9004152",371985,2025-06-07 09:51:19,42.4088287353516,-8.87171745300293,"Male"
"9004152",371985,2025-06-07 09:56:51,42.4088478088379,-8.87110042572021,"Male"
"9004152",371985,2025-06-07 10:02:25,42.4090881347656,-8.87027168273926,"Male"
"9004152",371985,2025-06-07 10:07:30,42.410041809082,-8.87028884887695,"Male"
"9004152",371985,2025-06-07 10:12:29,42.4100189208984,-8.87050724029541,"Male"
"9004152",371985,2025-06-07 10:17:54,42.4109039306641,-8.87119102478027,"Male"
"9004152",371985,2025-06-07 10:23:12,42.4103584289551,-8.87307453155518,"Male"
"9004152",371985,2025-06-07 10:28:49,42.4109878540039,-8.87508678436279,"Male"
"9004152",371985,2025-06-07 10:34:10,42.4115409851074,-8.8742733001709,"Male"
"9004152",371985,2025-06-07 10:39:27,42.4116973876953,-8.87458515167236,"Male"
"9004152",371985,2025-06-07 10:44:49,42.4118804931641,-8.87547969818115,"Male"
"9004152",371985,2025-06-07 10:50:43,42.4120903015137,-8.87395858764648,"Male"
"9004152",371985,2025-06-07 10:57:08,42.4131088256836,-8.873046875,"Male"
"9004152",371985,2025-06-07 11:02:08,42.4143486022949,-8.87368583679199,"Male"
"9004152",371985,2025-06-07 11:07:09,42.4143562316895,-8.8736743927002,"Male"
"9004152",371985,2025-06-07 11:12:09,42.4142684936523,-8.87407112121582,"Male"
"9004152",371985,2025-06-07 11:17:18,42.4140205383301,-8.87376403808594,"Male"
"9004152",371985,2025-06-07 11:22:08,42.4142799377441,-8.87393760681152,"Male"
"9004152",371985,2025-06-07 11:27:09,42.4143409729004,-8.87375545501709,"Male"
"9004152",371985,2025-06-07 11:32:18,42.4145164489746,-8.87310695648193,"Male"
"9004152",371985,2025-06-07 11:37:16,42.4145889282227,-8.87271404266357,"Male"
"9004152",371985,2025-06-07 11:42:09,42.4143905639648,-8.87280368804932,"Male"
"9004152",371985,2025-06-07 11:47:08,42.4141693115234,-8.87437343597412,"Male"
"9004152",371985,2025-06-07 11:52:09,42.4141006469727,-8.87439155578613,"Male"
"9004152",371985,2025-06-07 11:57:13,42.4143562316895,-8.87279605865479,"Male"
"9004152",371985,2025-06-07 12:02:11,42.4142761230469,-8.87343597412109,"Male"
"9004152",371985,2025-06-07 12:07:08,42.4142532348633,-8.87375354766846,"Male"
"9004152",371985,2025-06-07 12:12:08,42.4142074584961,-8.87414646148682,"Male"
"9004152",371985,2025-06-07 12:17:11,42.414249420166,-8.87385845184326,"Male"
"9004152",371985,2025-06-07 12:22:11,42.414234161377,-8.87373161315918,"Male"
"9004152",371985,2025-06-07 12:27:09,42.4142646789551,-8.87380313873291,"Male"
"9004152",371985,2025-06-07 12:32:08,42.4142532348633,-8.87374591827393,"Male"
"9004152",371985,2025-06-07 12:37:08,42.4142799377441,-8.87394428253174,"Male"
"9004152",371985,2025-06-07 12:42:08,42.4143676757812,-8.87362861633301,"Male"
"9004152",371985,2025-06-07 12:47:09,42.4142074584961,-8.87379264831543,"Male"
"9004152",371985,2025-06-07 12:52:25,42.4125595092773,-8.87314414978027,"Male"
"9004152",371985,2025-06-07 12:57:52,42.4119033813477,-8.87359809875488,"Male"
"9004152",371985,2025-06-07 13:02:49,42.4111785888672,-8.87448787689209,"Male"
"9004152",371985,2025-06-07 13:08:17,42.410514831543,-8.87457275390625,"Male"
"9004152",371985,2025-06-07 13:13:48,42.4100494384766,-8.8747091293335,"Male"
"9004152",371985,2025-06-07 13:19:17,42.4092140197754,-8.87426853179932,"Male"
"9004152",371985,2025-06-07 13:24:44,42.4082069396973,-8.87366962432861,"Male"
"9004152",371985,2025-06-07 13:29:40,42.4092330932617,-8.87391090393066,"Male"
"9004152",371985,2025-06-07 13:34:54,42.4091606140137,-8.87163639068604,"Male"
"9004152",371985,2025-06-07 13:41:16,42.4095191955566,-8.87012195587158,"Male"
"9004152",371985,2025-06-07 13:46:33,42.4104042053223,-8.87014579772949,"Male"
"9004152",371985,2025-06-07 13:51:30,42.4110298156738,-8.87098121643066,"Male"
"9004152",371985,2025-06-07 13:57:09,42.4117813110352,-8.87095737457275,"Male"
"9004152",371985,2025-06-07 14:03:00,42.4139862060547,-8.87151527404785,"Male"
"9004152",371985,2025-06-07 14:08:01,42.4140434265137,-8.87146282196045,"Male"
"9004152",371985,2025-06-07 14:13:00,42.4139976501465,-8.87151622772217,"Male"
"9004152",371985,2025-06-07 14:17:59,42.4141235351562,-8.87143135070801,"Male"
"9004152",371985,2025-06-07 14:23:00,42.414234161377,-8.87137317657471,"Male"
"9004152",371985,2025-06-07 14:27:59,42.4141502380371,-8.8715648651123,"Male"
"9004152",371985,2025-06-07 14:32:59,42.4140892028809,-8.87157726287842,"Male"
"9004152",371985,2025-06-07 14:38:00,42.4141159057617,-8.8715763092041,"Male"
"9004152",371985,2025-06-07 14:42:59,42.4139633178711,-8.8715991973877,"Male"
"9004152",371985,2025-06-07 14:48:01,42.4141845703125,-8.87162303924561,"Male"
"9004152",371985,2025-06-07 14:52:59,42.4141960144043,-8.87173938751221,"Male"
"9004152",371985,2025-06-07 14:57:59,42.4141654968262,-8.87167644500732,"Male"
"9004152",371985,2025-06-07 15:03:00,42.4141960144043,-8.87169456481934,"Male"
"9004152",371985,2025-06-07 15:07:59,42.4141960144043,-8.87178897857666,"Male"
"9004152",371985,2025-06-07 15:13:00,42.4141845703125,-8.87176990509033,"Male"
"9004152",371985,2025-06-07 15:18:02,42.4142265319824,-8.87178516387939,"Male"
"9004152",371985,2025-06-07 15:23:00,42.4142074584961,-8.87200164794922,"Male"
"9004152",371985,2025-06-07 15:28:00,42.4142265319824,-8.87195205688477,"Male"
"9004152",371985,2025-06-07 15:33:00,42.4142150878906,-8.87203884124756,"Male"
"9004152",371985,2025-06-07 15:38:00,42.4141693115234,-8.87192249298096,"Male"
"9004152",371985,2025-06-07 15:43:00,42.4141540527344,-8.87181568145752,"Male"
"9004152",371985,2025-06-07 15:48:06,42.4137496948242,-8.8713903427124,"Male"
"9004152",371985,2025-06-07 15:53:04,42.4134674072266,-8.87115859985352,"Male"
"9004152",371985,2025-06-07 15:58:00,42.4136047363281,-8.8712158203125,"Male"
"9004152",371985,2025-06-07 16:03:01,42.4144592285156,-8.87232398986816,"Male"
"9004152",371985,2025-06-07 16:08:01,42.4143829345703,-8.87228393554688,"Male"
"9004152",371985,2025-06-07 16:12:59,42.414436340332,-8.87235450744629,"Male"
"9004152",371985,2025-06-07 16:17:59,42.4143409729004,-8.87216854095459,"Male"
"9004152",371985,2025-06-07 16:23:00,42.4142303466797,-8.87204551696777,"Male"
"9004152",371985,2025-06-07 16:28:11,42.4106407165527,-8.86947822570801,"Male"
"9004152",371985,2025-06-07 16:34:35,42.4116287231445,-8.87026882171631,"Male"
"9004152",371985,2025-06-07 16:40:07,42.4109954833984,-8.87098693847656,"Male"
"9004152",371985,2025-06-07 16:45:50,42.4112281799316,-8.8714542388916,"Male"
"9004152",371985,2025-06-07 16:53:33,42.410213470459,-8.87005233764648,"Male"
"9004152",371985,2025-06-07 16:59:41,42.4093971252441,-8.87005615234375,"Male"
"9004152",371985,2025-06-07 17:05:51,42.4089889526367,-8.87104034423828,"Male"
"9004152",371985,2025-06-07 17:25:42,42.4062652587891,-8.88380813598633,"Male"
"9004152",371985,2025-06-07 17:30:45,42.398365020752,-8.91969776153564,"Male"
"9004152",371985,2025-06-07 17:35:43,42.398380279541,-8.91965579986572,"Male"
"9004152",371985,2025-06-07 17:40:43,42.3982429504395,-8.91986465454102,"Male"
"9004152",371985,2025-06-07 17:45:43,42.3983306884766,-8.91971778869629,"Male"
"9004152",371985,2025-06-07 17:50:42,42.3984451293945,-8.91952800750732,"Male"
"9004152",371985,2025-06-07 17:55:42,42.3983726501465,-8.91967391967773,"Male"
"9004152",371985,2025-06-07 18:00:42,42.3985443115234,-8.91945648193359,"Male"
"9004152",371985,2025-06-07 18:05:48,42.397876739502,-8.91992855072021,"Male"
"9004152",371985,2025-06-07 18:10:42,42.3984298706055,-8.91954708099365,"Male"
"9004152",371985,2025-06-07 18:15:42,42.3990821838379,-8.91896820068359,"Male"
"9004152",371985,2025-06-07 18:20:45,42.3981437683105,-8.92009735107422,"Male"
"9004152",371985,2025-06-07 18:25:44,42.3986129760742,-8.91917705535889,"Male"
"9004152",371985,2025-06-07 18:30:43,42.398609161377,-8.91921234130859,"Male"
"9004152",371985,2025-06-07 18:35:43,42.3989067077637,-8.91891384124756,"Male"
"9004152",371985,2025-06-07 18:40:50,42.3980140686035,-8.92046070098877,"Male"
"9004152",371985,2025-06-07 18:45:55,42.3980560302734,-8.92042541503906,"Male"
"9004152",371985,2025-06-07 18:50:43,42.3977432250977,-8.92075157165527,"Male"
"9004152",371985,2025-06-07 18:55:53,42.3980598449707,-8.92034912109375,"Male"
"9004152",371985,2025-06-07 19:00:42,42.3981552124023,-8.92026329040527,"Male"
"9004152",371985,2025-06-07 19:05:43,42.3981056213379,-8.92039203643799,"Male"
"9004152",371985,2025-06-07 19:11:03,42.3979835510254,-8.92031002044678,"Male"
"9004152",371985,2025-06-07 19:15:41,42.3979415893555,-8.92020893096924,"Male"
"9004152",371985,2025-06-07 19:20:44,42.3979187011719,-8.92022228240967,"Male"
"9004152",371985,2025-06-07 19:25:41,42.3979682922363,-8.92028331756592,"Male"
"9004152",371985,2025-06-07 19:30:41,42.3979835510254,-8.92031860351562,"Male"
"9004152",371985,2025-06-07 19:35:42,42.397891998291,-8.9202356338501,"Male"
"9004152",371985,2025-06-07 19:40:42,42.3978958129883,-8.92023372650146,"Male"
"9004152",371985,2025-06-07 19:45:44,42.3979873657227,-8.92027759552002,"Male"
"9004152",371985,2025-06-07 19:50:42,42.3979682922363,-8.92034912109375,"Male"
"9004152",371985,2025-06-07 19:55:41,42.3985443115234,-8.92181205749512,"Male"
"9004152",371985,2025-06-07 20:00:42,42.3982276916504,-8.9216136932373,"Male"
"9004152",371985,2025-06-07 20:05:42,42.3984642028809,-8.9213981628418,"Male"
"9004152",371985,2025-06-07 20:10:42,42.3981437683105,-8.92162704467773,"Male"
"9004152",371985,2025-06-07 20:15:42,42.3984107971191,-8.92139720916748,"Male"
"9004152",371985,2025-06-07 20:20:44,42.3982887268066,-8.92147254943848,"Male"
"9004152",371985,2025-06-07 20:25:44,42.3982620239258,-8.92152404785156,"Male"
"9004152",371985,2025-06-07 20:30:43,42.3981857299805,-8.92159557342529,"Male"
"9004152",371985,2025-06-07 20:35:42,42.3982963562012,-8.92144393920898,"Male"
"9004152",371985,2025-06-07 20:40:42,42.3983192443848,-8.92152309417725,"Male"
"9004152",371985,2025-06-07 20:45:44,42.3983001708984,-8.92156505584717,"Male"
"9004152",371985,2025-06-07 20:50:42,42.398323059082,-8.92150974273682,"Male"
"9004152",371985,2025-06-07 20:55:42,42.3982429504395,-8.92158508300781,"Male"
"9004152",371985,2025-06-07 21:00:42,42.3983535766602,-8.9214916229248,"Male"
"9004152",371985,2025-06-07 21:05:43,42.3982353210449,-8.92150211334229,"Male"
"9004152",371985,2025-06-07 21:10:42,42.3982772827148,-8.92145347595215,"Male"
"9004152",371985,2025-06-07 21:15:42,42.3982620239258,-8.92149829864502,"Male"
"9004152",371985,2025-06-07 21:20:42,42.3982620239258,-8.92150688171387,"Male"
"9004152",371985,2025-06-07 21:25:42,42.3982238769531,-8.92153644561768,"Male"
"9004152",371985,2025-06-07 21:30:42,42.3983345031738,-8.92158985137939,"Male"
"9004152",371985,2025-06-07 21:35:42,42.3982963562012,-8.92155647277832,"Male"
"9004152",371985,2025-06-07 21:40:42,42.398265838623,-8.92152214050293,"Male"
"9004152",371985,2025-06-07 21:45:42,42.3982009887695,-8.92144680023193,"Male"
"9004152",371985,2025-06-07 21:50:42,42.3982429504395,-8.92148399353027,"Male"
"9004152",371985,2025-06-07 21:55:43,42.3981742858887,-8.92142105102539,"Male"
"9004152",371985,2025-06-07 22:00:43,42.3978958129883,-8.92126655578613,"Male"
"9004152",371985,2025-06-07 22:06:05,42.3982810974121,-8.92144775390625,"Male"
"9004152",371985,2025-06-07 22:10:41,42.3981971740723,-8.92126560211182,"Male"
"9004152",371985,2025-06-07 22:15:41,42.3982048034668,-8.92125129699707,"Male"
"9004152",371985,2025-06-07 22:20:41,42.3982734680176,-8.92132186889648,"Male"
"9004152",371985,2025-06-07 22:25:42,42.3982124328613,-8.92134571075439,"Male"
"9004152",371985,2025-06-07 22:30:42,42.3982620239258,-8.9213285446167,"Male"
"9004152",371985,2025-06-07 22:35:42,42.3981590270996,-8.92123508453369,"Male"
"9004152",371985,2025-06-07 22:40:43,42.3982810974121,-8.92142963409424,"Male"
"9004152",371985,2025-06-07 22:45:43,42.3983421325684,-8.92144966125488,"Male"
"9004152",371985,2025-06-07 22:50:43,42.3982391357422,-8.92129802703857,"Male"
"9004152",371985,2025-06-07 22:55:43,42.3981552124023,-8.9211950302124,"Male"
"9004152",371985,2025-06-07 23:00:43,42.3982734680176,-8.92135906219482,"Male"
"9004152",371985,2025-06-07 23:05:43,42.3982887268066,-8.9213171005249,"Male"
"9004152",371985,2025-06-07 23:10:42,42.3982467651367,-8.92134094238281,"Male"
"9004152",371985,2025-06-07 23:15:42,42.3982391357422,-8.92122745513916,"Male"
"9004152",371985,2025-06-07 23:20:43,42.3983573913574,-8.92146682739258,"Male"
"9004152",371985,2025-06-07 23:25:43,42.398307800293,-8.92140674591064,"Male"
"9004152",371985,2025-06-07 23:30:43,42.3982887268066,-8.92136573791504,"Male"
"9004152",371985,2025-06-07 23:35:43,42.3982810974121,-8.92141914367676,"Male"
"9004152",371985,2025-06-07 23:40:43,42.3982543945312,-8.92129039764404,"Male"
"9004152",371985,2025-06-07 23:45:43,42.3983612060547,-8.92127513885498,"Male"
"9004152",371985,2025-06-07 23:50:42,42.3983459472656,-8.92145442962646,"Male"
"9004152",371985,2025-06-07 23:55:42,42.3982810974121,-8.92129230499268,"Male"
"9004152",371985,2025-06-08 00:00:45,42.398250579834,-8.92130088806152,"Male"
"9004152",371985,2025-06-08 00:05:43,42.3983268737793,-8.92147827148438,"Male"
"9004152",371985,2025-06-08 00:10:44,42.3981819152832,-8.92123603820801,"Male"
"9004152",371985,2025-06-08 00:15:42,42.3984146118164,-8.92128467559814,"Male"
"9004152",371985,2025-06-08 00:20:44,42.3983192443848,-8.92139530181885,"Male"
"9004152",371985,2025-06-08 00:25:42,42.3983573913574,-8.92162799835205,"Male"
"9004152",371985,2025-06-08 00:30:43,42.3981170654297,-8.92131805419922,"Male"
"9004152",371985,2025-06-08 00:35:42,42.3982810974121,-8.92132377624512,"Male"
"9004152",371985,2025-06-08 00:40:42,42.3983993530273,-8.92143440246582,"Male"
"9004152",371985,2025-06-08 00:45:42,42.3985710144043,-8.92154598236084,"Male"
"9004152",371985,2025-06-08 00:50:42,42.3986473083496,-8.9214391708374,"Male"
"9004152",371985,2025-06-08 00:55:43,42.3986587524414,-8.92138195037842,"Male"
"9004152",371985,2025-06-08 01:00:46,42.3983840942383,-8.92155265808105,"Male"
"9004152",371985,2025-06-08 01:05:44,42.3984375,-8.92131614685059,"Male"
"9004152",371985,2025-06-08 01:11:05,42.398323059082,-8.9212818145752,"Male"
"9004152",371985,2025-06-08 01:15:42,42.3982772827148,-8.9212064743042,"Male"
"9004152",371985,2025-06-08 01:20:42,42.3982772827148,-8.92112064361572,"Male"
"9004152",371985,2025-06-08 01:25:42,42.398307800293,-8.92134475708008,"Male"
"9004152",371985,2025-06-08 01:30:42,42.3983993530273,-8.92177295684814,"Male"
"9004152",371985,2025-06-08 01:35:43,42.3984527587891,-8.92184257507324,"Male"
"9004152",371985,2025-06-08 01:40:43,42.3984375,-8.92147636413574,"Male"
"9004152",371985,2025-06-08 01:46:14,42.398250579834,-8.92131328582764,"Male"
"9004152",371985,2025-06-08 01:50:42,42.3982543945312,-8.92133235931396,"Male"
"9004152",371985,2025-06-08 01:55:41,42.3982772827148,-8.92133140563965,"Male"
"9004152",371985,2025-06-08 02:00:41,42.3982810974121,-8.92126560211182,"Male"
"9004152",371985,2025-06-08 02:05:42,42.3983001708984,-8.92124366760254,"Male"
"9004152",371985,2025-06-08 02:10:41,42.3982582092285,-8.92140769958496,"Male"
"9004152",371985,2025-06-08 02:15:41,42.3983573913574,-8.92113876342773,"Male"
"9004152",371985,2025-06-08 02:20:41,42.398307800293,-8.92129802703857,"Male"
"9004152",371985,2025-06-08 02:25:42,42.3982582092285,-8.92133903503418,"Male"
"9004152",371985,2025-06-08 02:30:42,42.3984489440918,-8.92127418518066,"Male"
"9004152",371985,2025-06-08 02:35:41,42.3984718322754,-8.92121982574463,"Male"
"9004152",371985,2025-06-08 02:40:43,42.3983879089355,-8.92123317718506,"Male"
"9004152",371985,2025-06-08 02:45:45,42.3984718322754,-8.9213171005249,"Male"
"9004152",371985,2025-06-08 02:50:43,42.3984184265137,-8.9212703704834,"Male"
"9004152",371985,2025-06-08 02:55:44,42.398307800293,-8.92134857177734,"Male"
"9004152",371985,2025-06-08 03:00:44,42.3983688354492,-8.92131423950195,"Male"
"9004152",371985,2025-06-08 03:05:44,42.3983879089355,-8.92138195037842,"Male"
"9004152",371985,2025-06-08 03:10:45,42.3984870910645,-8.92137145996094,"Male"
"9004152",371985,2025-06-08 03:15:45,42.3985176086426,-8.92140007019043,"Male"
"9004152",371985,2025-06-08 03:20:43,42.3986930847168,-8.92149925231934,"Male"
"9004152",371985,2025-06-08 03:25:43,42.3985137939453,-8.92147541046143,"Male"
"9004152",371985,2025-06-08 03:30:45,42.3985748291016,-8.92149543762207,"Male"
"9004152",371985,2025-06-08 03:35:43,42.3985977172852,-8.9215030670166,"Male"
"9004152",371985,2025-06-08 03:40:43,42.3984069824219,-8.92144107818604,"Male"
"9004152",371985,2025-06-08 03:45:44,42.398551940918,-8.92149448394775,"Male"
"9004152",371985,2025-06-08 03:50:45,42.398551940918,-8.92158889770508,"Male"
"9004152",371985,2025-06-08 03:55:52,42.3981513977051,-8.92123699188232,"Male"
"9004152",371985,2025-06-08 04:00:44,42.398265838623,-8.92129325866699,"Male"
"9004152",371985,2025-06-08 04:05:42,42.3987464904785,-8.92176628112793,"Male"
"9004152",371985,2025-06-08 04:10:42,42.3986587524414,-8.92164897918701,"Male"
"9004152",371985,2025-06-08 04:15:42,42.3987464904785,-8.92175483703613,"Male"
"9004152",371985,2025-06-08 04:21:05,42.3984527587891,-8.92150020599365,"Male"
"9004152",371985,2025-06-08 04:25:42,42.3983764648438,-8.92147254943848,"Male"
"9004152",371985,2025-06-08 04:30:42,42.3983001708984,-8.92141723632812,"Male"
"9004152",371985,2025-06-08 04:35:42,42.3983497619629,-8.9213752746582,"Male"
"9004152",371985,2025-06-08 04:40:41,42.3983345031738,-8.92138004302979,"Male"
"9004152",371985,2025-06-08 04:45:42,42.3983840942383,-8.92147159576416,"Male"
"9004152",371985,2025-06-08 04:50:42,42.3984298706055,-8.9214038848877,"Male"
"9004152",371985,2025-06-08 04:55:42,42.3979187011719,-8.92132091522217,"Male"
"9004152",371985,2025-06-08 05:00:41,42.3978652954102,-8.92132568359375,"Male"
"9004152",371985,2025-06-08 05:05:42,42.3979682922363,-8.92138767242432,"Male"
"9004152",371985,2025-06-08 05:10:42,42.397876739502,-8.92131328582764,"Male"
"9004152",371985,2025-06-08 05:15:42,42.3978996276855,-8.92129135131836,"Male"
"9004152",371985,2025-06-08 05:20:42,42.3978233337402,-8.92134857177734,"Male"
"9004152",371985,2025-06-08 05:25:43,42.3978233337402,-8.92135047912598,"Male"
"9004152",371985,2025-06-08 05:30:44,42.3977203369141,-8.9215087890625,"Male"
"9004152",371985,2025-06-08 05:35:45,42.3977012634277,-8.92150783538818,"Male"
"9004152",371985,2025-06-08 05:40:43,42.3977813720703,-8.92030143737793,"Male"
"9004152",371985,2025-06-08 05:45:55,42.3977508544922,-8.92042636871338,"Male"
"9004152",371985,2025-06-08 05:50:42,42.3977699279785,-8.92032146453857,"Male"
"9004152",371985,2025-06-08 05:55:42,42.3978004455566,-8.92029666900635,"Male"
"9004152",371985,2025-06-08 06:00:50,42.3977546691895,-8.92026901245117,"Male"
"9004152",371985,2025-06-08 06:06:03,42.3977088928223,-8.92027378082275,"Male"
"9004152",371985,2025-06-08 06:11:05,42.3976554870605,-8.92021179199219,"Male"
"9004152",371985,2025-06-08 06:15:41,42.3977699279785,-8.92025184631348,"Male"
"9004152",371985,2025-06-08 06:20:42,42.397705078125,-8.92017841339111,"Male"
"9004152",371985,2025-06-08 06:25:42,42.3976821899414,-8.92025566101074,"Male"
"9004152",371985,2025-06-08 06:31:13,42.4030838012695,-8.90339660644531,"Male"
"9004152",371985,2025-06-08 06:36:47,42.404541015625,-8.90136623382568,"Male"
"9004152",371985,2025-06-08 06:42:24,42.403190612793,-8.89799404144287,"Male"
"9004152",371985,2025-06-08 06:48:16,42.4032936096191,-8.89787292480469,"Male"
"9004152",371985,2025-06-08 06:53:27,42.4035949707031,-8.89813613891602,"Male"
"9004152",371985,2025-06-08 06:59:14,42.4035224914551,-8.89727687835693,"Male"
"9004152",371985,2025-06-08 07:04:06,42.4042510986328,-8.8978967666626,"Male"
"9004152",371985,2025-06-08 07:08:58,42.3979377746582,-8.92018604278564,"Male"
"9004152",371985,2025-06-08 07:13:58,42.3978729248047,-8.92015552520752,"Male"
"9004152",371985,2025-06-08 07:18:58,42.3979339599609,-8.92022323608398,"Male"
"9004152",371985,2025-06-08 07:23:58,42.39794921875,-8.92023181915283,"Male"
"9004152",371985,2025-06-08 07:28:58,42.3979454040527,-8.92024517059326,"Male"
"9004152",371985,2025-06-08 07:33:58,42.3979759216309,-8.92031002044678,"Male"
"9004152",371985,2025-06-08 07:39:04,42.3978614807129,-8.92012691497803,"Male"
"9004152",371985,2025-06-08 07:44:29,42.3978652954102,-8.92016696929932,"Male"
"9004152",371985,2025-06-08 07:48:57,42.3979148864746,-8.92018604278564,"Male"
"9004152",371985,2025-06-08 07:53:57,42.3979377746582,-8.92012786865234,"Male"
"9004152",371985,2025-06-08 07:58:57,42.3978843688965,-8.92019081115723,"Male"
"9004152",371985,2025-06-08 08:03:57,42.3979301452637,-8.92016220092773,"Male"
"9004152",371985,2025-06-08 08:08:56,42.3979148864746,-8.9202241897583,"Male"
"9004152",371985,2025-06-08 08:13:57,42.3979072570801,-8.92025470733643,"Male"
"9004152",371985,2025-06-08 08:18:56,42.3978424072266,-8.92026901245117,"Male"
"9004152",371985,2025-06-08 08:23:56,42.3979034423828,-8.9202356338501,"Male"
"9004152",371985,2025-06-08 08:28:57,42.3979034423828,-8.92018413543701,"Male"
"9004152",371985,2025-06-08 08:33:56,42.3978881835938,-8.92017459869385,"Male"
"9004152",371985,2025-06-08 08:38:57,42.3979072570801,-8.92014789581299,"Male"
"9004152",371985,2025-06-08 08:43:56,42.3979072570801,-8.92017269134521,"Male"
"9004152",371985,2025-06-08 08:48:58,42.397834777832,-8.92028331756592,"Male"
"9004152",371985,2025-06-08 08:53:56,42.3978843688965,-8.92021560668945,"Male"
"9004152",371985,2025-06-08 08:58:57,42.3979034423828,-8.92028141021729,"Male"
"9004152",371985,2025-06-08 09:03:58,42.3978042602539,-8.92034149169922,"Male"
"9004152",371985,2025-06-08 09:09:09,42.3978538513184,-8.92028045654297,"Male"
"9004152",371985,2025-06-08 09:13:58,42.3977432250977,-8.9203929901123,"Male"
"9004152",371985,2025-06-08 09:18:58,42.3978538513184,-8.92034816741943,"Male"
"9004152",371985,2025-06-08 09:23:58,42.3977737426758,-8.9203519821167,"Male"
"9004152",371985,2025-06-08 09:28:58,42.3978729248047,-8.92031860351562,"Male"
"9004152",371985,2025-06-08 09:33:58,42.3977699279785,-8.92032051086426,"Male"
"9004152",371985,2025-06-08 09:38:58,42.397876739502,-8.92028427124023,"Male"
"9004152",371985,2025-06-08 09:43:58,42.3978118896484,-8.92030715942383,"Male"
"9004152",371985,2025-06-08 09:48:58,42.3978309631348,-8.92033290863037,"Male"
"9004152",371985,2025-06-08 09:53:58,42.3977317810059,-8.92026042938232,"Male"
"9004152",371985,2025-06-08 09:58:58,42.3978462219238,-8.92027282714844,"Male"
"9004152",371985,2025-06-08 10:03:58,42.3975982666016,-8.92013263702393,"Male"
"9004152",371985,2025-06-08 10:09:01,42.397590637207,-8.92008113861084,"Male"
"9004152",371985,2025-06-08 10:14:01,42.3971710205078,-8.91968631744385,"Male"
"9004152",371985,2025-06-08 10:19:04,42.3980140686035,-8.92043590545654,"Male"
"9004152",371985,2025-06-08 10:24:06,42.3980560302734,-8.92047882080078,"Male"
"9004152",371985,2025-06-08 10:29:20,42.3982162475586,-8.91942882537842,"Male"
"9004152",371985,2025-06-08 10:34:06,42.398250579834,-8.92054843902588,"Male"
"9004152",371985,2025-06-08 10:39:06,42.3982276916504,-8.92070960998535,"Male"
"9004152",371985,2025-06-08 10:44:06,42.3982963562012,-8.92074966430664,"Male"
"9004152",371985,2025-06-08 10:49:06,42.3983001708984,-8.92070484161377,"Male"
"9004152",371985,2025-06-08 10:54:06,42.3982925415039,-8.92069721221924,"Male"
"9004152",371985,2025-06-08 10:59:01,42.3982925415039,-8.92076587677002,"Male"
"9004152",371985,2025-06-08 11:04:11,42.3982124328613,-8.92080783843994,"Male"
"9004152",371985,2025-06-08 11:09:00,42.3984375,-8.92057991027832,"Male"
"9004152",371985,2025-06-08 11:13:57,42.3981781005859,-8.92080020904541,"Male"
"9004152",371985,2025-06-08 11:18:58,42.3980751037598,-8.92117404937744,"Male"
"9004152",371985,2025-06-08 11:23:59,42.3981132507324,-8.92102718353271,"Male"
"9004152",371985,2025-06-08 11:29:01,42.398193359375,-8.92116641998291,"Male"
"9004152",371985,2025-06-08 11:34:05,42.398120880127,-8.92101287841797,"Male"
"9004152",371985,2025-06-08 11:39:05,42.3982772827148,-8.92052745819092,"Male"
"9004152",371985,2025-06-08 11:44:11,42.3984260559082,-8.92020511627197,"Male"
"9004152",371985,2025-06-08 11:48:57,42.3984375,-8.92018413543701,"Male"
"9004152",371985,2025-06-08 11:53:57,42.3985862731934,-8.92011165618896,"Male"
"9004152",371985,2025-06-08 11:58:57,42.3984718322754,-8.92007350921631,"Male"
"9004152",371985,2025-06-08 12:03:58,42.3986282348633,-8.91998481750488,"Male"
"9004152",371985,2025-06-08 12:08:57,42.3985786437988,-8.9203052520752,"Male"
"9004152",371985,2025-06-08 12:13:57,42.3986511230469,-8.92042446136475,"Male"
"9004152",371985,2025-06-08 12:19:05,42.3984909057617,-8.92074203491211,"Male"
"9004152",371985,2025-06-08 12:24:01,42.3985061645508,-8.92012691497803,"Male"
"9004152",371985,2025-06-08 12:29:00,42.3976364135742,-8.91889381408691,"Male"
"9004152",371985,2025-06-08 12:34:14,42.3982925415039,-8.92039489746094,"Male"
"9004152",371985,2025-06-08 12:38:57,42.3999671936035,-8.91876125335693,"Male"
"9004152",371985,2025-06-08 12:43:58,42.4105606079102,-8.87843132019043,"Male"
"9004152",371985,2025-06-08 12:49:00,42.4108581542969,-8.87764167785645,"Male"
"9004152",371985,2025-06-08 12:54:25,42.4112701416016,-8.87655353546143,"Male"
"9004152",371985,2025-06-08 12:59:53,42.4111251831055,-8.87596416473389,"Male"
"9004152",371985,2025-06-08 13:05:11,42.4113960266113,-8.87409019470215,"Male"
"9004152",371985,2025-06-08 13:10:38,42.4102592468262,-8.87453460693359,"Male"
"9004152",371985,2025-06-08 13:15:41,42.4114036560059,-8.87343978881836,"Male"
"9004152",371985,2025-06-08 13:20:47,42.4132385253906,-8.87396907806396,"Male"
"9004152",371985,2025-06-08 13:25:37,42.4141044616699,-8.87375354766846,"Male"
"9004152",371985,2025-06-08 13:31:05,42.4139747619629,-8.87370014190674,"Male"
"9004152",371985,2025-06-08 13:35:35,42.4140396118164,-8.87355995178223,"Male"
"9004152",371985,2025-06-08 13:40:36,42.4140090942383,-8.87367630004883,"Male"
"9004152",371985,2025-06-08 13:45:36,42.4140434265137,-8.8735466003418,"Male"
"9004152",371985,2025-06-08 13:50:36,42.4140586853027,-8.87360763549805,"Male"
"9004152",371985,2025-06-08 13:55:38,42.4140815734863,-8.87355041503906,"Male"
"9004152",371985,2025-06-08 14:00:36,42.4140586853027,-8.8736400604248,"Male"
"9004152",371985,2025-06-08 14:05:36,42.4140815734863,-8.8735294342041,"Male"
"9004152",371985,2025-06-08 14:10:36,42.4140319824219,-8.87361335754395,"Male"
"9004152",371985,2025-06-08 14:15:37,42.4140701293945,-8.87360000610352,"Male"
"9004152",371985,2025-06-08 14:20:37,42.4140815734863,-8.87361717224121,"Male"
"9004152",371985,2025-06-08 14:25:35,42.4140243530273,-8.87368297576904,"Male"
"9004152",371985,2025-06-08 14:30:36,42.4139213562012,-8.87377262115479,"Male"
"9004152",371985,2025-06-08 14:35:37,42.4140090942383,-8.87361335754395,"Male"
"9004152",371985,2025-06-08 14:40:36,42.4140625,-8.87363147735596,"Male"
"9004152",371985,2025-06-08 14:45:36,42.414005279541,-8.87372875213623,"Male"
"9004152",371985,2025-06-08 14:50:35,42.4129905700684,-8.87340450286865,"Male"
"9004152",371985,2025-06-08 14:55:36,42.4120292663574,-8.87338829040527,"Male"
"9004152",371985,2025-06-08 15:00:35,42.4115791320801,-8.871994972229,"Male"
"9004152",371985,2025-06-08 15:05:35,42.4115715026855,-8.87060737609863,"Male"
"9004152",371985,2025-06-08 15:10:35,42.4112281799316,-8.87105369567871,"Male"
"9004152",371985,2025-06-08 15:15:36,42.3985977172852,-8.85808753967285,"Male"
"9004152",371985,2025-06-08 15:20:43,42.3985366821289,-8.85809230804443,"Male"
"9004152",371985,2025-06-08 15:25:38,42.3985023498535,-8.85813140869141,"Male"
"9004152",371985,2025-06-08 15:30:36,42.3983573913574,-8.85808181762695,"Male"
"9004152",371985,2025-06-08 15:35:36,42.3985824584961,-8.85785961151123,"Male"
"9004152",371985,2025-06-08 15:40:37,42.3984375,-8.85804462432861,"Male"
"9004152",371985,2025-06-08 15:45:36,42.3984756469727,-8.8581018447876,"Male"
"9004152",371985,2025-06-08 15:50:36,42.3987579345703,-8.85828971862793,"Male"
"9004152",371985,2025-06-08 15:55:36,42.3986625671387,-8.85808658599854,"Male"
"9004152",371985,2025-06-08 16:00:38,42.3989181518555,-8.85787105560303,"Male"
"9004152",371985,2025-06-08 16:05:37,42.3984146118164,-8.85800552368164,"Male"
"9004152",371985,2025-06-08 16:10:37,42.3983955383301,-8.85810947418213,"Male"
"9004152",371985,2025-06-08 16:15:37,42.3984451293945,-8.8582239151001,"Male"
"9004152",371985,2025-06-08 16:20:37,42.3984870910645,-8.85780048370361,"Male"
"9004152",371985,2025-06-08 16:25:37,42.3984832763672,-8.85796451568604,"Male"
"9004152",371985,2025-06-08 16:30:37,42.3984909057617,-8.8579683303833,"Male"
"9004152",371985,2025-06-08 16:35:37,42.3985328674316,-8.85801601409912,"Male"
"9004152",371985,2025-06-08 16:40:37,42.3986854553223,-8.85829734802246,"Male"
"9004152",371985,2025-06-08 16:45:38,42.3987693786621,-8.85826778411865,"Male"
"9004152",371985,2025-06-08 16:50:38,42.3988571166992,-8.85831069946289,"Male"
"9004152",371985,2025-06-08 16:55:43,42.3989105224609,-8.85847187042236,"Male"
"9004152",371985,2025-06-08 17:01:02,42.3984718322754,-8.85838031768799,"Male"
"9004152",371985,2025-06-08 17:05:35,42.3984985351562,-8.85808944702148,"Male"
"9004152",371985,2025-06-08 17:10:35,42.3985061645508,-8.85808849334717,"Male"
"9004152",371985,2025-06-08 17:15:35,42.3984565734863,-8.85812282562256,"Male"
"9004152",371985,2025-06-08 17:20:36,42.3986587524414,-8.85786151885986,"Male"
"9004152",371985,2025-06-08 17:25:35,42.3985633850098,-8.85799789428711,"Male"
"9004152",371985,2025-06-08 17:30:36,42.3985633850098,-8.85800838470459,"Male"
"9004152",371985,2025-06-08 17:35:35,42.3984832763672,-8.85801219940186,"Male"
"9004152",371985,2025-06-08 17:40:35,42.3985290527344,-8.85802936553955,"Male"
"9004152",371985,2025-06-08 17:45:35,42.3985252380371,-8.85797882080078,"Male"
"9004152",371985,2025-06-08 17:50:36,42.3984985351562,-8.85803699493408,"Male"
"9004152",371985,2025-06-08 17:55:35,42.3980102539062,-8.85980987548828,"Male"
"9004152",371985,2025-06-08 18:00:36,42.396785736084,-8.85959720611572,"Male"
"9004152",371985,2025-06-08 18:05:46,42.3963737487793,-8.85813426971436,"Male"
"9004152",371985,2025-06-08 18:10:59,42.3958930969238,-8.85753631591797,"Male"
"9004152",371985,2025-06-08 18:16:21,42.3959693908691,-8.85768222808838,"Male"
"9004152",371985,2025-06-08 18:21:19,42.3964805603027,-8.85839462280273,"Male"
"9004152",371985,2025-06-08 18:26:31,42.3970222473145,-8.85838603973389,"Male"
"9004152",371985,2025-06-08 18:32:00,42.3969802856445,-8.85917091369629,"Male"
"9004152",371985,2025-06-08 18:37:05,42.3978691101074,-8.85953712463379,"Male"
"9004152",371985,2025-06-08 18:42:03,42.398509979248,-8.85976219177246,"Male"
"9004152",371985,2025-06-08 18:47:21,42.3995819091797,-8.8602819442749,"Male"
"9004152",371985,2025-06-08 18:52:18,42.3999290466309,-8.86090087890625,"Male"
"9004152",371985,2025-06-08 18:57:18,42.4031829833984,-8.87752246856689,"Male"
"9004152",371985,2025-06-08 19:02:18,42.4018363952637,-8.90456104278564,"Male"
"9004152",371985,2025-06-08 19:07:18,42.3972206115723,-8.92003345489502,"Male"
"9004152",371985,2025-06-08 19:12:17,42.3971900939941,-8.92008495330811,"Male"
"9004152",371985,2025-06-08 19:17:18,42.3984680175781,-8.92299652099609,"Male"
"9004152",371985,2025-06-08 19:22:18,42.3979148864746,-8.92120933532715,"Male"
"9004152",371985,2025-06-08 19:27:21,42.39794921875,-8.92133331298828,"Male"
"9004152",371985,2025-06-08 19:32:24,42.3978996276855,-8.92123889923096,"Male"
"9004152",371985,2025-06-08 19:37:20,42.3978729248047,-8.92117023468018,"Male"
"9004152",371985,2025-06-08 19:42:20,42.397876739502,-8.92123985290527,"Male"
"9004152",371985,2025-06-08 19:47:20,42.3979339599609,-8.92130470275879,"Male"
"9004152",371985,2025-06-08 19:52:22,42.397819519043,-8.92112445831299,"Male"
"9004152",371985,2025-06-08 19:57:27,42.3979644775391,-8.92145919799805,"Male"
"9004152",371985,2025-06-08 20:02:21,42.3979759216309,-8.92146873474121,"Male"
"9004152",371985,2025-06-08 20:07:20,42.3981399536133,-8.92169094085693,"Male"
"9004152",371985,2025-06-08 20:12:41,42.3978309631348,-8.9211540222168,"Male"
"9004152",371985,2025-06-08 20:17:25,42.3977928161621,-8.92111206054688,"Male"
"9004152",371985,2025-06-08 20:22:18,42.3979225158691,-8.92161560058594,"Male"
"9004152",371985,2025-06-08 20:27:19,42.3978500366211,-8.92114925384521,"Male"
"9004152",371985,2025-06-08 20:32:18,42.397834777832,-8.92126846313477,"Male"
"9004152",371985,2025-06-08 20:37:18,42.3978881835938,-8.92122840881348,"Male"
"9004152",371985,2025-06-08 20:42:24,42.3979263305664,-8.92143249511719,"Male"
"9004152",371985,2025-06-08 20:47:44,42.3978691101074,-8.92104053497314,"Male"
"9004152",371985,2025-06-08 20:52:33,42.3979568481445,-8.92120456695557,"Male"
"9004152",371985,2025-06-08 20:57:41,42.3981819152832,-8.92134475708008,"Male"
"9004152",371985,2025-06-08 21:02:30,42.3981857299805,-8.92051124572754,"Male"
"9004152",371985,2025-06-08 21:07:53,42.3978652954102,-8.9212818145752,"Male"
"9004152",371985,2025-06-08 21:12:18,42.3979377746582,-8.92127704620361,"Male"
"9004152",371985,2025-06-08 21:17:19,42.3978614807129,-8.92124462127686,"Male"
"9004152",371985,2025-06-08 21:22:18,42.3978614807129,-8.92125701904297,"Male"
"9004152",371985,2025-06-08 21:27:20,42.3976936340332,-8.9209451675415,"Male"
"9004152",371985,2025-06-08 21:32:21,42.3977546691895,-8.92124080657959,"Male"
"9004152",371985,2025-06-08 21:37:20,42.3977317810059,-8.9211597442627,"Male"
"9004152",371985,2025-06-08 21:42:21,42.3977584838867,-8.92141628265381,"Male"
"9004152",371985,2025-06-08 21:47:31,42.397834777832,-8.92121124267578,"Male"
"9004152",371985,2025-06-08 21:52:37,42.3977890014648,-8.92102336883545,"Male"
"9004152",371985,2025-06-08 21:57:29,42.3978080749512,-8.92105388641357,"Male"
"9004152",371985,2025-06-08 22:02:44,42.3979949951172,-8.92151832580566,"Male"
"9004152",371985,2025-06-08 22:07:24,42.398006439209,-8.92156028747559,"Male"
"9004152",371985,2025-06-08 22:12:28,42.3979988098145,-8.92141437530518,"Male"
"9004152",371985,2025-06-08 22:17:27,42.3978538513184,-8.92124366760254,"Male"
"9004152",371985,2025-06-08 22:22:34,42.3979873657227,-8.92140197753906,"Male"
"9004152",371985,2025-06-08 22:27:28,42.3978309631348,-8.92116355895996,"Male"
"9004152",371985,2025-06-08 22:32:23,42.3978652954102,-8.92139434814453,"Male"
"9004152",371985,2025-06-08 22:37:34,42.3978843688965,-8.92123603820801,"Male"
"9004152",371985,2025-06-08 22:42:22,42.397891998291,-8.92140674591064,"Male"
"9004152",371985,2025-06-08 22:47:54,42.3979034423828,-8.92133522033691,"Male"
"9004152",371985,2025-06-08 22:52:21,42.3977890014648,-8.92088603973389,"Male"
"9004152",371985,2025-06-08 22:57:48,42.3977928161621,-8.92095851898193,"Male"
"9004152",371985,2025-06-08 23:02:51,42.3978424072266,-8.92123985290527,"Male"
"9004152",371985,2025-06-08 23:07:19,42.3979644775391,-8.92095851898193,"Male"
"9004152",371985,2025-06-08 23:12:19,42.397777557373,-8.92126655578613,"Male"
"9004152",371985,2025-06-08 23:17:18,42.3977966308594,-8.92123031616211,"Male"
"9004152",371985,2025-06-08 23:22:18,42.3978271484375,-8.92117309570312,"Male"
"9004152",371985,2025-06-08 23:27:18,42.3978462219238,-8.92110824584961,"Male"
"9004152",371985,2025-06-08 23:32:22,42.3978271484375,-8.92123508453369,"Male"
"9004152",371985,2025-06-08 23:37:24,42.3978614807129,-8.92112922668457,"Male"
"9004152",371985,2025-06-08 23:42:22,42.3977470397949,-8.92141437530518,"Male"
"9004152",371985,2025-06-08 23:47:25,42.3978233337402,-8.92139625549316,"Male"
"9004152",371985,2025-06-08 23:52:19,42.3977928161621,-8.92112255096436,"Male"
"9004152",371985,2025-06-08 23:57:19,42.3979606628418,-8.92088794708252,"Male"
"9004152",371985,2025-06-09 00:02:19,42.3976974487305,-8.9216423034668,"Male"
"9004152",371985,2025-06-09 00:07:21,42.3978271484375,-8.92173957824707,"Male"
"9004152",371985,2025-06-09 00:12:53,42.3978157043457,-8.92105865478516,"Male"
"9004152",371985,2025-06-09 00:17:17,42.3977890014648,-8.92105770111084,"Male"
"9004152",371985,2025-06-09 00:22:19,42.3977813720703,-8.92104148864746,"Male"
"9004152",371985,2025-06-09 00:27:19,42.3977813720703,-8.9209508895874,"Male"
"9004152",371985,2025-06-09 00:32:20,42.3978233337402,-8.92104434967041,"Male"
"9004152",371985,2025-06-09 00:37:20,42.397876739502,-8.92082500457764,"Male"
"9004152",371985,2025-06-09 00:42:22,42.3979072570801,-8.92113208770752,"Male"
"9004152",371985,2025-06-09 00:47:41,42.397834777832,-8.92099189758301,"Male"
"9004152",371985,2025-06-09 00:53:40,42.3978424072266,-8.92109107971191,"Male"
"9004152",371985,2025-06-09 00:57:23,42.3979339599609,-8.92107582092285,"Male"
"9004152",371985,2025-06-09 01:02:20,42.3979301452637,-8.92124843597412,"Male"
"9004152",371985,2025-06-09 01:07:19,42.3978996276855,-8.92104625701904,"Male"
"9004152",371985,2025-06-09 01:13:42,42.3980331420898,-8.92126941680908,"Male"
"9004152",371985,2025-06-09 01:17:40,42.3979797363281,-8.9212064743042,"Male"
"9004152",371985,2025-06-09 01:22:21,42.3980178833008,-8.92128849029541,"Male"
"9004152",371985,2025-06-09 01:27:23,42.3979873657227,-8.92149448394775,"Male"
"9004152",371985,2025-06-09 01:32:25,42.3979110717773,-8.92124080657959,"Male"
"9004152",371985,2025-06-09 01:37:24,42.3980178833008,-8.92173862457275,"Male"
"9004152",371985,2025-06-09 01:42:22,42.3978462219238,-8.92131423950195,"Male"
"9004152",371985,2025-06-09 01:47:27,42.3977432250977,-8.92133712768555,"Male"
"9004152",371985,2025-06-09 01:52:22,42.3977966308594,-8.92117118835449,"Male"
"9004152",371985,2025-06-09 01:57:24,42.3978576660156,-8.92137813568115,"Male"
"9004152",371985,2025-06-09 02:02:24,42.3979110717773,-8.9213399887085,"Male"
"9004152",371985,2025-06-09 02:07:21,42.3978805541992,-8.92152214050293,"Male"
"9004152",371985,2025-06-09 02:12:45,42.3979949951172,-8.92094993591309,"Male"
"9004152",371985,2025-06-09 02:17:20,42.39794921875,-8.92159557342529,"Male"
"9004152",371985,2025-06-09 02:22:21,42.398006439209,-8.92099094390869,"Male"
"9004152",371985,2025-06-09 02:28:06,42.3977851867676,-8.92139148712158,"Male"
"9004152",371985,2025-06-09 02:33:23,42.397891998291,-8.92096614837646,"Male"
"9004152",371985,2025-06-09 02:37:19,42.3979110717773,-8.92103385925293,"Male"
"9004152",371985,2025-06-09 02:42:17,42.3979148864746,-8.92100429534912,"Male"
"9004152",371985,2025-06-09 02:47:17,42.3979263305664,-8.92097759246826,"Male"
"9004152",371985,2025-06-09 02:52:17,42.3979225158691,-8.92099666595459,"Male"
"9004152",371985,2025-06-09 02:57:18,42.3979263305664,-8.92109203338623,"Male"
"9004152",371985,2025-06-09 03:02:17,42.3979301452637,-8.9209680557251,"Male"
"9004152",371985,2025-06-09 03:07:17,42.3979301452637,-8.92094135284424,"Male"
"9004152",371985,2025-06-09 03:12:17,42.3979759216309,-8.92088222503662,"Male"
"9004152",371985,2025-06-09 03:17:20,42.3979377746582,-8.9209041595459,"Male"
"9004152",371985,2025-06-09 03:22:17,42.3979072570801,-8.92106056213379,"Male"
"9004152",371985,2025-06-09 03:27:17,42.3979187011719,-8.92102241516113,"Male"
"9004152",371985,2025-06-09 03:32:18,42.3978881835938,-8.92092895507812,"Male"
"9004152",371985,2025-06-09 03:37:44,42.3978118896484,-8.92103481292725,"Male"
"9004152",371985,2025-06-09 03:42:19,42.397819519043,-8.92086315155029,"Male"
"9004152",371985,2025-06-09 03:47:18,42.3978424072266,-8.92061614990234,"Male"
"9004152",371985,2025-06-09 03:52:23,42.3976860046387,-8.92140197753906,"Male"
"9004152",371985,2025-06-09 03:57:39,42.3980255126953,-8.92091083526611,"Male"
"9004152",371985,2025-06-09 04:03:42,42.3978538513184,-8.9209451675415,"Male"
"9004152",371985,2025-06-09 04:08:05,42.3979072570801,-8.92132759094238,"Male"
"9004152",371985,2025-06-09 04:12:20,42.3978233337402,-8.92107772827148,"Male"
"9004152",371985,2025-06-09 04:17:29,42.3978691101074,-8.92114925384521,"Male"
"9004152",371985,2025-06-09 04:22:27,42.3977928161621,-8.92117691040039,"Male"
"9004152",371985,2025-06-09 04:28:03,42.3978271484375,-8.9212064743042,"Male"
"9004152",371985,2025-06-09 04:32:18,42.3979301452637,-8.92119598388672,"Male"
"9004152",371985,2025-06-09 04:37:18,42.397876739502,-8.9212589263916,"Male"
"9004152",371985,2025-06-09 04:42:17,42.3979949951172,-8.92115306854248,"Male"
"9004152",371985,2025-06-09 04:47:18,42.3978652954102,-8.92102527618408,"Male"
"9004152",371985,2025-06-09 04:52:19,42.3978729248047,-8.92116546630859,"Male"
"9004152",371985,2025-06-09 04:57:18,42.3978958129883,-8.92136001586914,"Male"
"9004152",371985,2025-06-09 05:02:30,42.3979644775391,-8.92107677459717,"Male"
"9004152",371985,2025-06-09 05:07:28,42.3978271484375,-8.92114925384521,"Male"
"9004152",371985,2025-06-09 05:12:21,42.3976135253906,-8.92078304290771,"Male"
"9004152",371985,2025-06-09 05:17:28,42.3979415893555,-8.92133235931396,"Male"
"9004152",371985,2025-06-09 05:22:20,42.3983116149902,-8.92234706878662,"Male"
"9004152",371985,2025-06-09 05:27:28,42.3978958129883,-8.9211540222168,"Male"
"9004152",371985,2025-06-09 05:32:18,42.3979568481445,-8.9213695526123,"Male"
"9004152",371985,2025-06-09 05:37:28,42.3978233337402,-8.92107009887695,"Male"
"9004152",371985,2025-06-09 05:42:20,42.3980941772461,-8.92148876190186,"Male"
"9004152",371985,2025-06-09 05:47:22,42.3977241516113,-8.92020416259766,"Male"
"9004152",371985,2025-06-09 05:52:32,42.3977012634277,-8.92013168334961,"Male"
"9004152",371985,2025-06-09 05:57:31,42.3976860046387,-8.92013168334961,"Male"
"9004152",371985,2025-06-09 06:02:38,42.3976669311523,-8.91982650756836,"Male"
"9004152",371985,2025-06-09 06:07:18,42.3981323242188,-8.91761302947998,"Male"
"9004152",371985,2025-06-09 06:13:08,42.4035911560059,-8.8995885848999,"Male"
"9004152",371985,2025-06-09 06:18:51,42.4073600769043,-8.89779472351074,"Male"
"9004152",371985,2025-06-09 06:23:43,42.4070243835449,-8.89826011657715,"Male"
"9004152",371985,2025-06-09 06:28:57,42.4069709777832,-8.89793395996094,"Male"
"9004152",371985,2025-06-09 06:33:55,42.4069137573242,-8.89785289764404,"Male"
"9004152",371985,2025-06-09 06:39:22,42.4067916870117,-8.89755821228027,"Male"
"9004152",371985,2025-06-09 06:45:16,42.4071731567383,-8.89791393280029,"Male"
"9004152",371985,2025-06-09 06:50:13,42.4070320129395,-8.89767169952393,"Male"
"9004152",371985,2025-06-09 06:55:29,42.4071464538574,-8.89763832092285,"Male"
"9004152",371985,2025-06-09 07:00:30,42.407787322998,-8.89867687225342,"Male"
"9004152",371985,2025-06-09 07:05:46,42.3979225158691,-8.92051982879639,"Male"
"9004152",371985,2025-06-09 07:10:28,42.3979568481445,-8.92059230804443,"Male"
"9004152",371985,2025-06-09 07:15:36,42.3979034423828,-8.92045497894287,"Male"
"9004152",371985,2025-06-09 07:20:29,42.3979187011719,-8.92048931121826,"Male"
"9004152",371985,2025-06-09 07:25:36,42.3976173400879,-8.91996192932129,"Male"
"9004152",371985,2025-06-09 07:30:28,42.3976058959961,-8.91995525360107,"Male"
"9004152",371985,2025-06-09 07:35:38,42.3980484008789,-8.92084217071533,"Male"
"9004152",371985,2025-06-09 07:40:33,42.3978958129883,-8.92055892944336,"Male"
"9004152",371985,2025-06-09 07:45:59,42.3976745605469,-8.92035579681396,"Male"
"9004152",371985,2025-06-09 07:50:27,42.3978500366211,-8.92046642303467,"Male"
"9004152",371985,2025-06-09 07:55:28,42.3977470397949,-8.92034149169922,"Male"
"9004152",371985,2025-06-09 08:00:29,42.3976402282715,-8.9203462600708,"Male"
"9004152",371985,2025-06-09 08:05:34,42.397777557373,-8.92020606994629,"Male"
"9004152",371985,2025-06-09 08:10:30,42.3976936340332,-8.92024326324463,"Male"
"9004152",371985,2025-06-09 08:15:34,42.3979110717773,-8.92005062103271,"Male"
"9004152",371985,2025-06-09 08:20:37,42.3977394104004,-8.9202766418457,"Male"
"9004152",371985,2025-06-09 08:25:29,42.3977355957031,-8.92067813873291,"Male"
"9004152",371985,2025-06-09 08:30:59,42.397819519043,-8.92010307312012,"Male"
"9004152",371985,2025-06-09 08:35:35,42.3978881835938,-8.92008018493652,"Male"
"9004152",371985,2025-06-09 08:40:34,42.3977813720703,-8.92012596130371,"Male"
"9004152",371985,2025-06-09 08:45:33,42.3976898193359,-8.92026805877686,"Male"
"9004152",371985,2025-06-09 08:50:30,42.3959121704102,-8.92109298706055,"Male"
"9004152",371985,2025-06-09 08:55:36,42.3978042602539,-8.92118072509766,"Male"
"9004152",371985,2025-06-09 09:00:34,42.3978881835938,-8.92112159729004,"Male"
"9004152",371985,2025-06-09 09:05:34,42.3978157043457,-8.92140769958496,"Male"
"9004152",371985,2025-06-09 09:10:42,42.3979187011719,-8.92112827301025,"Male"
"9004152",371985,2025-06-09 09:15:31,42.3977699279785,-8.92123699188232,"Male"
"9004152",371985,2025-06-09 09:20:36,42.3978805541992,-8.92128372192383,"Male"
"9004152",371985,2025-06-09 09:25:35,42.3980026245117,-8.92096138000488,"Male"
"9004152",371985,2025-06-09 09:30:34,42.397819519043,-8.921217918396,"Male"
"9004152",371985,2025-06-09 09:35:31,42.3978652954102,-8.92112827301025,"Male"
"9004152",371985,2025-06-09 09:40:33,42.3979377746582,-8.92150497436523,"Male"
"9004152",371985,2025-06-09 09:45:29,42.4004554748535,-8.91988658905029,"Male"
"9004152",371985,2025-06-09 09:50:35,42.4003562927246,-8.92040824890137,"Male"
"9004152",371985,2025-06-09 09:55:29,42.4003639221191,-8.9205207824707,"Male"
"9004152",371985,2025-06-09 10:00:40,42.4002265930176,-8.91979694366455,"Male"
"9004152",371985,2025-06-09 10:05:28,42.400333404541,-8.92041206359863,"Male"
"9004152",371985,2025-06-09 10:10:33,42.4003372192383,-8.92023277282715,"Male"
"9004152",371985,2025-06-09 10:15:36,42.4003524780273,-8.92024517059326,"Male"
"9004152",371985,2025-06-09 10:20:34,42.4005241394043,-8.92062187194824,"Male"
"9004152",371985,2025-06-09 10:25:28,42.4056549072266,-8.90486526489258,"Male"
"9004152",371985,2025-06-09 10:30:32,42.4106025695801,-8.87944889068604,"Male"
"9004152",371985,2025-06-09 10:36:29,42.4113540649414,-8.87967681884766,"Male"
"9004152",371985,2025-06-09 10:41:54,42.4116477966309,-8.87865447998047,"Male"
"9004152",371985,2025-06-09 10:47:29,42.4120597839355,-8.87749290466309,"Male"
"9004152",371985,2025-06-09 10:52:44,42.411792755127,-8.87690925598145,"Male"
"9004152",371985,2025-06-09 10:58:54,42.4115600585938,-8.87685012817383,"Male"
"9004152",371985,2025-06-09 11:05:09,42.4110107421875,-8.87633800506592,"Male"
"9004152",371985,2025-06-09 11:13:36,42.4100608825684,-8.87586307525635,"Male"
"9004152",371985,2025-06-09 11:25:03,42.4102478027344,-8.87332820892334,"Male"
"9004152",371985,2025-06-09 11:30:06,42.4107666015625,-8.87292671203613,"Male"
"9004152",371985,2025-06-09 11:35:44,42.4113235473633,-8.87154865264893,"Male"
"9004152",371985,2025-06-09 11:41:04,42.4104652404785,-8.87085056304932,"Male"
"9004152",371985,2025-06-09 12:19:29,42.4131698608398,-8.87149524688721,"Male"
"9004152",371985,2025-06-09 12:23:53,42.4135589599609,-8.87111377716064,"Male"
"9004152",371985,2025-06-09 12:28:45,42.4136505126953,-8.87108612060547,"Male"
"9004152",371985,2025-06-09 12:33:43,42.4137802124023,-8.87108993530273,"Male"
"9004152",371985,2025-06-09 12:38:43,42.413703918457,-8.87128925323486,"Male"
"9004152",371985,2025-06-09 12:43:43,42.4137954711914,-8.87108612060547,"Male"
"9004152",371985,2025-06-09 12:48:44,42.4137306213379,-8.87115478515625,"Male"
"9004152",371985,2025-06-09 12:53:44,42.4137878417969,-8.87114238739014,"Male"
"9004152",371985,2025-06-09 12:58:43,42.4137153625488,-8.87113285064697,"Male"
"9004152",371985,2025-06-09 13:03:44,42.4137573242188,-8.87111759185791,"Male"
"9004152",371985,2025-06-09 13:08:45,42.4137153625488,-8.87119483947754,"Male"
"9004152",371985,2025-06-09 13:13:45,42.4138603210449,-8.87103462219238,"Male"
"9004152",371985,2025-06-09 13:19:00,42.4126968383789,-8.87224102020264,"Male"
"9004152",371985,2025-06-09 13:24:04,42.4136123657227,-8.87122058868408,"Male"
"9004152",371985,2025-06-09 13:28:43,42.4136924743652,-8.87127113342285,"Male"
"9004152",371985,2025-06-09 13:33:43,42.4137115478516,-8.87123775482178,"Male"
"9004152",371985,2025-06-09 13:38:43,42.4137382507324,-8.87115859985352,"Male"
"9004152",371985,2025-06-09 13:43:43,42.4137344360352,-8.87125015258789,"Male"
"9004152",371985,2025-06-09 13:48:43,42.4137420654297,-8.87120628356934,"Male"
"9004152",371985,2025-06-09 13:53:43,42.4136734008789,-8.87118530273438,"Male"
"9004152",371985,2025-06-09 13:58:43,42.4136619567871,-8.87120532989502,"Male"
"9004152",371985,2025-06-09 14:03:43,42.4137344360352,-8.87116813659668,"Male"
"9004152",371985,2025-06-09 14:08:43,42.413761138916,-8.871169090271,"Male"
"9004152",371985,2025-06-09 14:13:43,42.413761138916,-8.87118244171143,"Male"
"9004152",371985,2025-06-09 14:18:42,42.4137153625488,-8.87116241455078,"Male"
"9004152",371985,2025-06-09 14:23:43,42.4137153625488,-8.87117958068848,"Male"
"9004152",371985,2025-06-09 14:28:43,42.4136276245117,-8.87115287780762,"Male"
"9004152",371985,2025-06-09 14:33:43,42.4136772155762,-8.87119579315186,"Male"
"9004152",371985,2025-06-09 14:38:43,42.4135627746582,-8.87117862701416,"Male"
"9004152",371985,2025-06-09 14:43:43,42.413402557373,-8.87093925476074,"Male"
"9004152",371985,2025-06-09 14:48:43,42.4135627746582,-8.87125492095947,"Male"
"9004152",371985,2025-06-09 14:53:43,42.4136123657227,-8.87128829956055,"Male"
"9004152",371985,2025-06-09 14:58:43,42.4134941101074,-8.87115859985352,"Male"
"9004152",371985,2025-06-09 15:04:20,42.4123840332031,-8.87103080749512,"Male"
"9004152",371985,2025-06-09 15:09:37,42.4116439819336,-8.87069225311279,"Male"
"9004152",371985,2025-06-09 15:15:11,42.4114112854004,-8.87097454071045,"Male"
"9004152",371985,2025-06-09 15:20:20,42.4103507995605,-8.8703784942627,"Male"
"9004152",371985,2025-06-09 15:25:21,42.4106369018555,-8.87098217010498,"Male"
"9004152",371985,2025-06-09 15:30:40,42.4113731384277,-8.87030982971191,"Male"
"9004152",371985,2025-06-09 15:35:52,42.4117164611816,-8.87085723876953,"Male"
"9004152",371985,2025-06-09 15:41:31,42.4121246337891,-8.8708438873291,"Male"
"9004152",371985,2025-06-09 15:46:27,42.4130897521973,-8.87150573730469,"Male"
"9004152",371985,2025-06-09 15:51:26,42.413745880127,-8.87118911743164,"Male"
"9004152",371985,2025-06-09 15:56:29,42.4136810302734,-8.87120151519775,"Male"
"9004152",371985,2025-06-09 16:01:28,42.4136657714844,-8.87115383148193,"Male"
"9004152",371985,2025-06-09 16:06:29,42.4133567810059,-8.87090969085693,"Male"
"9004152",371985,2025-06-09 16:11:31,42.413444519043,-8.87098979949951,"Male"
"9004152",371985,2025-06-09 16:16:34,42.4135589599609,-8.87103366851807,"Male"
"9004152",371985,2025-06-09 16:21:26,42.4133110046387,-8.87079906463623,"Male"
"9004152",371985,2025-06-09 16:26:34,42.4131622314453,-8.87066173553467,"Male"
"9004152",371985,2025-06-09 16:31:44,42.4135627746582,-8.8710355758667,"Male"
"9004152",371985,2025-06-09 16:36:26,42.41357421875,-8.87110996246338,"Male"
"9004152",371985,2025-06-09 16:41:27,42.41357421875,-8.87104225158691,"Male"
"9004152",371985,2025-06-09 16:46:26,42.4134063720703,-8.87077236175537,"Male"
"9004152",371985,2025-06-09 16:51:26,42.4137077331543,-8.87096881866455,"Male"
"9004152",371985,2025-06-09 16:56:26,42.4136276245117,-8.87103843688965,"Male"
"9004152",371985,2025-06-09 17:01:29,42.4134101867676,-8.87094306945801,"Male"
"9004152",371985,2025-06-09 17:06:28,42.4137725830078,-8.87111949920654,"Male"
"9004152",371985,2025-06-09 17:11:27,42.4131240844727,-8.87003517150879,"Male"
"9004152",371985,2025-06-09 17:17:14,42.4121246337891,-8.87032127380371,"Male"
"9004152",371985,2025-06-09 17:27:45,42.4106636047363,-8.86989593505859,"Male"
"9004152",371985,2025-06-09 17:32:17,42.4106903076172,-8.8709716796875,"Male"
"9004152",371985,2025-06-09 17:37:11,42.4112815856934,-8.86948299407959,"Male"
"9004152",371985,2025-06-09 17:43:24,42.411865234375,-8.87012767791748,"Male"
"9004152",371985,2025-06-09 18:15:22,42.408634185791,-8.87045097351074,"Male"
"9004152",371985,2025-06-09 18:21:05,42.4091987609863,-8.87283611297607,"Male"
"9004152",371985,2025-06-09 18:25:44,42.4091300964355,-8.87493228912354,"Male"
"9004152",371985,2025-06-09 18:30:27,42.408561706543,-8.87716293334961,"Male"
"9004152",371985,2025-06-09 18:35:44,42.3978157043457,-8.91761016845703,"Male"
"9004152",371985,2025-06-09 18:40:30,42.3978843688965,-8.92025756835938,"Male"
"9004152",371985,2025-06-09 18:45:45,42.3978424072266,-8.9201717376709,"Male"
"9004152",371985,2025-06-09 18:50:20,42.3977584838867,-8.92030048370361,"Male"
"9004152",371985,2025-06-09 18:55:20,42.3978309631348,-8.92013263702393,"Male"
"9004152",371985,2025-06-09 19:00:20,42.3979034423828,-8.92028522491455,"Male"
"9004152",371985,2025-06-09 19:05:20,42.3978042602539,-8.92004299163818,"Male"
"9004152",371985,2025-06-09 19:10:20,42.3978652954102,-8.92011737823486,"Male"
"9004152",371985,2025-06-09 19:15:21,42.3978691101074,-8.92017555236816,"Male"
"9004152",371985,2025-06-09 19:20:21,42.3978424072266,-8.92000579833984,"Male"
"9004152",371985,2025-06-09 19:25:27,42.3978042602539,-8.92026996612549,"Male"
"9004152",371985,2025-06-09 19:30:53,42.3978271484375,-8.92020034790039,"Male"
"9004152",371985,2025-06-09 19:35:19,42.3979377746582,-8.92007637023926,"Male"
"9004152",371985,2025-06-09 19:40:20,42.397891998291,-8.92028427124023,"Male"
"9004152",371985,2025-06-09 19:45:19,42.3978309631348,-8.92038726806641,"Male"
"9004152",371985,2025-06-09 19:50:19,42.397891998291,-8.92023277282715,"Male"
"9004152",371985,2025-06-09 19:55:20,42.3979148864746,-8.92028522491455,"Male"
"9004152",371985,2025-06-09 20:00:41,42.3979606628418,-8.92022228240967,"Male"
"9004152",371985,2025-06-09 20:05:23,42.3979072570801,-8.92009735107422,"Male"
"9004152",371985,2025-06-09 20:10:20,42.3977966308594,-8.92038631439209,"Male"
"9004152",371985,2025-06-09 20:15:22,42.3957176208496,-8.92061424255371,"Male"
"9004152",371985,2025-06-09 20:20:24,42.3959197998047,-8.92070865631104,"Male"
"9004152",371985,2025-06-09 20:25:43,42.3960380554199,-8.92038440704346,"Male"
"9004152",371985,2025-06-09 20:30:21,42.3960189819336,-8.92067718505859,"Male"
"9004152",371985,2025-06-09 20:35:20,42.3960380554199,-8.92037868499756,"Male"
"9004152",371985,2025-06-09 20:40:19,42.3960304260254,-8.9203987121582,"Male"
"9004152",371985,2025-06-09 20:45:32,42.3959884643555,-8.9205904006958,"Male"
"9004152",371985,2025-06-09 20:50:32,42.3959770202637,-8.92055130004883,"Male"
"9004152",371985,2025-06-09 20:55:34,42.3959732055664,-8.92054176330566,"Male"
"9004152",371985,2025-06-09 21:00:33,42.3959693908691,-8.92050647735596,"Male"
"9004152",371985,2025-06-09 21:05:37,42.3960113525391,-8.9205436706543,"Male"
"9004152",371985,2025-06-09 21:10:39,42.3959732055664,-8.92047882080078,"Male"
"9004152",371985,2025-06-09 21:15:44,42.396068572998,-8.92090129852295,"Male"
"9004152",371985,2025-06-09 21:20:20,42.3960800170898,-8.92066955566406,"Male"
"9004152",371985,2025-06-09 21:25:22,42.3960189819336,-8.92060279846191,"Male"
"9004152",371985,2025-06-09 21:30:22,42.396053314209,-8.92057609558105,"Male"
"9004152",371985,2025-06-09 21:35:53,42.3959884643555,-8.92046451568604,"Male"
"9004152",371985,2025-06-09 21:40:19,42.3960266113281,-8.92045497894287,"Male"
"9004152",371985,2025-06-09 21:45:19,42.3960151672363,-8.92047309875488,"Male"
"9004152",371985,2025-06-09 21:50:20,42.3960304260254,-8.92047500610352,"Male"
"9004152",371985,2025-06-09 21:55:20,42.3960075378418,-8.92045211791992,"Male"
"9004152",371985,2025-06-09 22:00:19,42.3959884643555,-8.92047691345215,"Male"
"9004152",371985,2025-06-09 22:05:19,42.3959541320801,-8.9203405380249,"Male"
"9004152",371985,2025-06-09 22:10:22,42.3960494995117,-8.92049980163574,"Male"
"9004152",371985,2025-06-09 22:15:30,42.3960113525391,-8.92041873931885,"Male"
"9004152",371985,2025-06-09 22:20:19,42.3961791992188,-8.92056751251221,"Male"
"9004152",371985,2025-06-09 22:25:30,42.3960037231445,-8.92043685913086,"Male"
"9004152",371985,2025-06-09 22:30:20,42.39599609375,-8.92043781280518,"Male"
"9004152",371985,2025-06-09 22:35:27,42.3960227966309,-8.92038154602051,"Male"
"9004152",371985,2025-06-09 22:40:24,42.3959083557129,-8.92023181915283,"Male"
"9004152",371985,2025-06-09 22:45:30,42.3960266113281,-8.92037677764893,"Male"
"9004152",371985,2025-06-09 22:50:20,42.3960571289062,-8.92039203643799,"Male"
"9004152",371985,2025-06-09 22:55:21,42.3959999084473,-8.92037487030029,"Male"
"9004152",371985,2025-06-09 23:00:23,42.3958587646484,-8.9199914932251,"Male"
"9004152",371985,2025-06-09 23:05:24,42.3959999084473,-8.92029762268066,"Male"
"9004152",371985,2025-06-09 23:10:21,42.3959541320801,-8.92020702362061,"Male"
"9004152",371985,2025-06-09 23:15:20,42.3960151672363,-8.92029094696045,"Male"
"9004152",371985,2025-06-09 23:20:23,42.3959426879883,-8.9201135635376,"Male"
"9004152",371985,2025-06-09 23:25:20,42.3960800170898,-8.92033576965332,"Male"
"9004152",371985,2025-06-09 23:30:21,42.3960609436035,-8.92024707794189,"Male"
"9004152",371985,2025-06-09 23:35:22,42.396110534668,-8.92022514343262,"Male"
"9004152",371985,2025-06-09 23:40:25,42.3960037231445,-8.9201545715332,"Male"
"9004152",371985,2025-06-09 23:45:29,42.3961791992188,-8.92024040222168,"Male"
"9004152",371985,2025-06-09 23:50:54,42.3959770202637,-8.92037010192871,"Male"
"9004152",371985,2025-06-09 23:55:21,42.3959884643555,-8.92038249969482,"Male"
"9004152",371985,2025-06-10 00:00:20,42.395923614502,-8.92040920257568,"Male"
"9004152",371985,2025-06-10 00:05:20,42.3960571289062,-8.92044162750244,"Male"
"9004152",371985,2025-06-10 00:10:19,42.3959999084473,-8.92042064666748,"Male"
"9004152",371985,2025-06-10 00:15:19,42.3960342407227,-8.92043590545654,"Male"
"9004152",371985,2025-06-10 00:20:19,42.3960380554199,-8.92038822174072,"Male"
"9004152",371985,2025-06-10 00:25:19,42.3960800170898,-8.92048740386963,"Male"
"9004152",371985,2025-06-10 00:30:19,42.3960227966309,-8.92043590545654,"Male"
"9004152",371985,2025-06-10 00:35:19,42.3959999084473,-8.9204740524292,"Male"
"9004152",371985,2025-06-10 00:40:19,42.3960151672363,-8.92043685913086,"Male"
"9004152",371985,2025-06-10 00:45:19,42.3960380554199,-8.92050457000732,"Male"
"9004152",371985,2025-06-10 00:50:19,42.3961296081543,-8.92054176330566,"Male"
"9004152",371985,2025-06-10 00:55:19,42.3960571289062,-8.9205207824707,"Male"
"9004152",371985,2025-06-10 01:00:19,42.3961372375488,-8.92058658599854,"Male"
"9004152",371985,2025-06-10 01:05:19,42.3960876464844,-8.9205379486084,"Male"
"9004152",371985,2025-06-10 01:10:19,42.3962478637695,-8.92064952850342,"Male"
"9004152",371985,2025-06-10 01:15:19,42.3960990905762,-8.92060470581055,"Male"
"9004152",371985,2025-06-10 01:20:19,42.396167755127,-8.92063522338867,"Male"
"9004152",371985,2025-06-10 01:25:21,42.3963279724121,-8.92066669464111,"Male"
"9004152",371985,2025-06-10 01:30:20,42.3961181640625,-8.92066955566406,"Male"
"9004152",371985,2025-06-10 01:35:20,42.396240234375,-8.92069625854492,"Male"
"9004152",371985,2025-06-10 01:40:24,42.3962020874023,-8.92066669464111,"Male"
"9004152",371985,2025-06-10 01:45:44,42.3959922790527,-8.92038345336914,"Male"
"9004152",371985,2025-06-10 01:50:22,42.3960227966309,-8.92075061798096,"Male"
"9004152",371985,2025-06-10 01:55:25,42.3959007263184,-8.92039108276367,"Male"
"9004152",371985,2025-06-10 02:00:44,42.3960266113281,-8.92034244537354,"Male"
"9004152",371985,2025-06-10 02:05:19,42.3961029052734,-8.92037200927734,"Male"
"9004152",371985,2025-06-10 02:10:19,42.3960342407227,-8.9203405380249,"Male"
"9004152",371985,2025-06-10 02:15:19,42.3960456848145,-8.92024898529053,"Male"
"9004152",371985,2025-06-10 02:20:19,42.3961143493652,-8.92032909393311,"Male"
"9004152",371985,2025-06-10 02:25:23,42.3960037231445,-8.92019081115723,"Male"
"9004152",371985,2025-06-10 02:30:19,42.3959846496582,-8.92031669616699,"Male"
"9004152",371985,2025-06-10 02:35:19,42.3960609436035,-8.92030048370361,"Male"
"9004152",371985,2025-06-10 02:40:19,42.3960189819336,-8.92029857635498,"Male"
"9004152",371985,2025-06-10 02:45:45,42.3959922790527,-8.92037391662598,"Male"
"9004152",371985,2025-06-10 02:50:19,42.3960380554199,-8.920334815979,"Male"
"9004152",371985,2025-06-10 02:55:19,42.3960380554199,-8.92036056518555,"Male"
"9004152",371985,2025-06-10 03:00:23,42.3959541320801,-8.92030143737793,"Male"
"9004152",371985,2025-06-10 03:05:20,42.3957977294922,-8.91966342926025,"Male"
"9004152",371985,2025-06-10 03:10:23,42.3960456848145,-8.92039680480957,"Male"
"9004152",371985,2025-06-10 03:15:21,42.3959197998047,-8.92016315460205,"Male"
"9004152",371985,2025-06-10 03:20:21,42.3960151672363,-8.92043590545654,"Male"
"9004152",371985,2025-06-10 03:25:24,42.3959083557129,-8.92053413391113,"Male"
"9004152",371985,2025-06-10 03:30:45,42.3959159851074,-8.92024326324463,"Male"
"9004152",371985,2025-06-10 03:35:24,42.3959159851074,-8.92018795013428,"Male"
"9004152",371985,2025-06-10 03:40:31,42.3959197998047,-8.92019271850586,"Male"
"9004152",371985,2025-06-10 03:45:31,42.3959197998047,-8.9201545715332,"Male"
"9004152",371985,2025-06-10 03:50:31,42.395923614502,-8.92018890380859,"Male"
"9004152",371985,2025-06-10 03:55:29,42.39599609375,-8.92027473449707,"Male"
"9004152",371985,2025-06-10 04:00:45,42.3960189819336,-8.92030620574951,"Male"
"9004152",371985,2025-06-10 04:05:36,42.3960075378418,-8.92021465301514,"Male"
"9004152",371985,2025-06-10 04:10:45,42.3960723876953,-8.92035865783691,"Male"
"9004152",371985,2025-06-10 04:15:30,42.3959846496582,-8.92033672332764,"Male"
"9004152",371985,2025-06-10 04:20:30,42.396053314209,-8.9203577041626,"Male"
"9004152",371985,2025-06-10 04:25:53,42.3960113525391,-8.92048645019531,"Male"
"9004152",371985,2025-06-10 04:30:20,42.3959197998047,-8.92067337036133,"Male"
"9004152",371985,2025-06-10 04:35:20,42.395824432373,-8.92074203491211,"Male"
"9004152",371985,2025-06-10 04:40:20,42.3959655761719,-8.92046451568604,"Male"
"9004152",371985,2025-06-10 04:45:22,42.395622253418,-8.92144775390625,"Male"
"9004152",371985,2025-06-10 04:50:31,42.396167755127,-8.92070198059082,"Male"
"9004152",371985,2025-06-10 04:55:30,42.3960990905762,-8.92065525054932,"Male"
"9004152",371985,2025-06-10 05:00:30,42.3960762023926,-8.92065620422363,"Male"
"9004152",371985,2025-06-10 05:05:30,42.3960571289062,-8.92072582244873,"Male"
"9004152",371985,2025-06-10 05:10:30,42.3960304260254,-8.92065525054932,"Male"
"9004152",371985,2025-06-10 05:15:34,42.3960647583008,-8.92063045501709,"Male"
"9004152",371985,2025-06-10 05:20:34,42.3960418701172,-8.92070579528809,"Male"
"9004152",371985,2025-06-10 05:25:34,42.3960494995117,-8.92063426971436,"Male"
"9004152",371985,2025-06-10 05:30:30,42.3960342407227,-8.92075729370117,"Male"
"9004152",371985,2025-06-10 05:35:33,42.3960304260254,-8.92072200775146,"Male"
"9004152",371985,2025-06-10 05:40:33,42.3960227966309,-8.92074012756348,"Male"
"9004152",371985,2025-06-10 05:45:31,42.3959999084473,-8.92071437835693,"Male"
"9004152",371985,2025-06-10 05:50:34,42.3976287841797,-8.9205493927002,"Male"
"9004152",371985,2025-06-10 05:55:34,42.3976516723633,-8.92041873931885,"Male"
"9004152",371985,2025-06-10 06:00:53,42.3976936340332,-8.92040538787842,"Male"
"9004152",371985,2025-06-10 06:05:20,42.3976669311523,-8.92029094696045,"Male"
"9004152",371985,2025-06-10 06:10:19,42.3976173400879,-8.92028903961182,"Male"
"9004152",371985,2025-06-10 06:15:19,42.3976783752441,-8.92034912109375,"Male"
"9004152",371985,2025-06-10 06:20:19,42.4021873474121,-8.90118312835693,"Male"
"9004152",371985,2025-06-10 06:26:00,42.402645111084,-8.89858055114746,"Male"
"9004152",371985,2025-06-10 06:31:12,42.398380279541,-8.88833236694336,"Male"
"9004152",371985,2025-06-10 06:35:58,42.4011001586914,-8.88027477264404,"Male"
"9004152",371985,2025-06-10 06:41:02,42.4063491821289,-8.87914943695068,"Male"
"9004152",371985,2025-06-10 06:47:04,42.4071617126465,-8.87637996673584,"Male"
"9004152",371985,2025-06-10 06:52:24,42.4084854125977,-8.87673187255859,"Male"
"9004152",371985,2025-06-10 06:57:30,42.4078712463379,-8.87729644775391,"Male"
"9004152",371985,2025-06-10 07:02:24,42.4067878723145,-8.87913799285889,"Male"
"9004152",371985,2025-06-10 07:07:23,42.4068031311035,-8.86531639099121,"Male"
"9004152",371985,2025-06-10 07:12:24,42.4045639038086,-8.86158084869385,"Male"
"9004152",371985,2025-06-10 07:17:24,42.4046363830566,-8.86179065704346,"Male"
"9004152",371985,2025-06-10 07:22:27,42.4044570922852,-8.86137104034424,"Male"
"9004152",371985,2025-06-10 07:27:40,42.4044570922852,-8.86135673522949,"Male"
"9004152",371985,2025-06-10 07:32:21,42.4045486450195,-8.86145687103271,"Male"
"9004152",371985,2025-06-10 07:37:22,42.4044876098633,-8.86134338378906,"Male"
"9004152",371985,2025-06-10 07:42:22,42.4044418334961,-8.86130046844482,"Male"
"9004152",371985,2025-06-10 07:47:44,42.4044303894043,-8.8612756729126,"Male"
"9004152",371985,2025-06-10 07:52:25,42.4043922424316,-8.86119079589844,"Male"
"9004152",371985,2025-06-10 07:57:22,42.404369354248,-8.8611888885498,"Male"
"9004152",371985,2025-06-10 08:02:28,42.4044418334961,-8.86132144927979,"Male"
"9004152",371985,2025-06-10 08:07:21,42.4043998718262,-8.86099147796631,"Male"
"9004152",371985,2025-06-10 08:12:30,42.404468536377,-8.86127185821533,"Male"
"9004152",371985,2025-06-10 08:17:28,42.4043884277344,-8.86105060577393,"Male"
"9004152",371985,2025-06-10 08:22:30,42.4044456481934,-8.86126708984375,"Male"
"9004152",371985,2025-06-10 08:27:40,42.4044494628906,-8.86134433746338,"Male"
"9004152",371985,2025-06-10 08:32:21,42.4044532775879,-8.86146545410156,"Male"
"9004152",371985,2025-06-10 08:37:21,42.4045677185059,-8.86167812347412,"Male"
"9004152",371985,2025-06-10 08:42:21,42.4044647216797,-8.86158084869385,"Male"
"9004152",371985,2025-06-10 08:48:05,42.4044723510742,-8.8615198135376,"Male"
"9004152",371985,2025-06-10 08:52:22,42.4044532775879,-8.86153125762939,"Male"
"9004152",371985,2025-06-10 08:57:21,42.4045028686523,-8.86143779754639,"Male"
"9004152",371985,2025-06-10 09:02:21,42.4044761657715,-8.86154174804688,"Male"
"9004152",371985,2025-06-10 09:07:21,42.4044761657715,-8.86155223846436,"Male"
"9004152",371985,2025-06-10 09:12:21,42.4044990539551,-8.86144256591797,"Male"
"9004152",371985,2025-06-10 09:17:22,42.4061698913574,-8.86449718475342,"Male"
"9004152",371985,2025-06-10 09:22:22,42.4090614318848,-8.86907291412354,"Male"
"9004152",371985,2025-06-10 09:27:45,42.4091758728027,-8.86945056915283,"Male"
"9004152",371985,2025-06-10 09:34:40,42.4101333618164,-8.87022686004639,"Male"
"9004152",371985,2025-06-10 09:40:14,42.4112281799316,-8.87039089202881,"Male"
"9004152",371985,2025-06-10 09:45:36,42.4116325378418,-8.87105083465576,"Male"
"9004152",371985,2025-06-10 09:51:22,42.4111824035645,-8.87135028839111,"Male"
"9004152",371985,2025-06-10 09:56:43,42.4123649597168,-8.87306308746338,"Male"
"9004152",371985,2025-06-10 10:02:15,42.411735534668,-8.87437343597412,"Male"
"9004152",371985,2025-06-10 10:07:12,42.4106826782227,-8.87434673309326,"Male"
"9004152",371985,2025-06-10 10:14:04,42.4124221801758,-8.87356281280518,"Male"
"9004152",371985,2025-06-10 10:19:01,42.4126510620117,-8.87236022949219,"Male"
"9004152",371985,2025-06-10 10:24:01,42.4130363464355,-8.87097072601318,"Male"
"9004152",371985,2025-06-10 10:29:03,42.4131240844727,-8.87131404876709,"Male"
"9004152",371985,2025-06-10 10:34:01,42.4131088256836,-8.87124443054199,"Male"
"9004152",371985,2025-06-10 10:39:04,42.4131317138672,-8.87127113342285,"Male"
"9004152",371985,2025-06-10 10:44:04,42.4131317138672,-8.87125873565674,"Male"
"9004152",371985,2025-06-10 10:49:04,42.4131240844727,-8.87122249603271,"Male"
"9004152",371985,2025-06-10 10:54:04,42.4131660461426,-8.87137985229492,"Male"
"9004152",371985,2025-06-10 10:59:04,42.4131698608398,-8.87135696411133,"Male"
"9004152",371985,2025-06-10 11:04:04,42.4131469726562,-8.871337890625,"Male"
"9004152",371985,2025-06-10 11:09:04,42.4131622314453,-8.87137031555176,"Male"
"9004152",371985,2025-06-10 11:14:04,42.4131622314453,-8.87132167816162,"Male"
"9004152",371985,2025-06-10 11:19:04,42.4131546020508,-8.87132263183594,"Male"
"9004152",371985,2025-06-10 11:24:15,42.413158416748,-8.87159729003906,"Male"
"9004152",371985,2025-06-10 11:28:54,42.4126968383789,-8.87155532836914,"Male"
"9004152",371985,2025-06-10 11:34:09,42.41162109375,-8.87063503265381,"Male"
"9004152",371985,2025-06-10 11:39:24,42.4114418029785,-8.87160778045654,"Male"
"9004152",371985,2025-06-10 11:44:33,42.4104232788086,-8.87050151824951,"Male"
"9004152",371985,2025-06-10 12:00:41,42.4122428894043,-8.8702564239502,"Male"
"9004152",371985,2025-06-10 12:06:23,42.4137878417969,-8.87191963195801,"Male"
"9004152",371985,2025-06-10 12:10:38,42.4138107299805,-8.87193584442139,"Male"
"9004152",371985,2025-06-10 12:15:38,42.4138488769531,-8.87193870544434,"Male"
"9004152",371985,2025-06-10 12:20:37,42.4138793945312,-8.87197780609131,"Male"
"9004152",371985,2025-06-10 12:25:34,42.413890838623,-8.8718900680542,"Male"
"9004152",371985,2025-06-10 12:30:34,42.4138526916504,-8.87195491790771,"Male"
"9004152",371985,2025-06-10 12:35:34,42.4139747619629,-8.87199783325195,"Male"
"9004152",371985,2025-06-10 12:41:06,42.4137077331543,-8.87158489227295,"Male"
"9004152",371985,2025-06-10 12:45:33,42.413646697998,-8.87163734436035,"Male"
"9004152",371985,2025-06-10 12:50:33,42.4137229919434,-8.87155437469482,"Male"
"9004152",371985,2025-06-10 12:55:33,42.4136810302734,-8.87164402008057,"Male"
"9004152",371985,2025-06-10 13:00:33,42.4137420654297,-8.87159442901611,"Male"
"9004152",371985,2025-06-10 13:05:33,42.4137153625488,-8.87163639068604,"Male"
"9004152",371985,2025-06-10 13:10:33,42.4137306213379,-8.87163829803467,"Male"
"9004152",371985,2025-06-10 13:15:33,42.4136695861816,-8.87168502807617,"Male"
"9004152",371985,2025-06-10 13:20:33,42.4136848449707,-8.87160587310791,"Male"
"9004152",371985,2025-06-10 13:25:33,42.4136428833008,-8.87163925170898,"Male"
"9004152",371985,2025-06-10 13:30:34,42.4129219055176,-8.87220478057861,"Male"
"9004152",371985,2025-06-10 13:35:33,42.4136123657227,-8.87437343597412,"Male"
"9004152",371985,2025-06-10 13:40:34,42.4145927429199,-8.8766918182373,"Male"
"9004152",371985,2025-06-10 13:45:33,42.415153503418,-8.87805938720703,"Male"
"9004152",371985,2025-06-10 13:50:34,42.4150505065918,-8.87812328338623,"Male"
"9004152",371985,2025-06-10 13:55:34,42.4149780273438,-8.87806129455566,"Male"
"9004152",371985,2025-06-10 14:00:33,42.4151306152344,-8.87801170349121,"Male"
"9004152",371985,2025-06-10 14:05:33,42.4150619506836,-8.87810707092285,"Male"
"9004152",371985,2025-06-10 14:10:34,42.4150199890137,-8.87814998626709,"Male"
"9004152",371985,2025-06-10 14:15:33,42.4148941040039,-8.87821102142334,"Male"
"9004152",371985,2025-06-10 14:20:34,42.4149742126465,-8.87804508209229,"Male"
"9004152",371985,2025-06-10 14:25:33,42.4148712158203,-8.87832164764404,"Male"
"9004152",371985,2025-06-10 14:30:33,42.4147720336914,-8.87806510925293,"Male"
"9004152",371985,2025-06-10 14:35:34,42.414924621582,-8.87812519073486,"Male"
"9004152",371985,2025-06-10 14:40:36,42.4149475097656,-8.87812614440918,"Male"
"9004152",371985,2025-06-10 14:45:34,42.4149360656738,-8.87810134887695,"Male"
"9004152",371985,2025-06-10 14:50:36,42.4148445129395,-8.87811374664307,"Male"
"9004152",371985,2025-06-10 14:55:37,42.414924621582,-8.8781156539917,"Male"
"9004152",371985,2025-06-10 15:00:33,42.4148979187012,-8.87816429138184,"Male"
"9004152",371985,2025-06-10 15:05:36,42.4148864746094,-8.87807846069336,"Male"
"9004152",371985,2025-06-10 15:10:34,42.4148445129395,-8.87800693511963,"Male"
"9004152",371985,2025-06-10 15:15:34,42.4148941040039,-8.87805461883545,"Male"
"9004152",371985,2025-06-10 15:20:34,42.414852142334,-8.87801742553711,"Male"
"9004152",371985,2025-06-10 15:25:33,42.4148750305176,-8.87803554534912,"Male"
"9004152",371985,2025-06-10 15:30:41,42.4150695800781,-8.87826824188232,"Male"
"9004152",371985,2025-06-10 15:35:36,42.4149780273438,-8.87819290161133,"Male"
"9004152",371985,2025-06-10 15:40:36,42.4150733947754,-8.87827110290527,"Male"
"9004152",371985,2025-06-10 15:45:37,42.4149856567383,-8.87815570831299,"Male"
"9004152",371985,2025-06-10 15:50:36,42.414966583252,-8.87812328338623,"Male"
"9004152",371985,2025-06-10 15:55:34,42.4149932861328,-8.87811851501465,"Male"
"9004152",371985,2025-06-10 16:00:36,42.4149780273438,-8.87817001342773,"Male"
"9004152",371985,2025-06-10 16:05:33,42.4150543212891,-8.87818431854248,"Male"
"9004152",371985,2025-06-10 16:10:34,42.4149627685547,-8.87815856933594,"Male"
"9004152",371985,2025-06-10 16:15:44,42.4150199890137,-8.87818622589111,"Male"
"9004152",371985,2025-06-10 16:20:33,42.4149131774902,-8.87806701660156,"Male"
"9004152",371985,2025-06-10 16:25:34,42.4148330688477,-8.87786769866943,"Male"
"9004152",371985,2025-06-10 16:30:34,42.4149017333984,-8.87801742553711,"Male"
"9004152",371985,2025-06-10 16:35:34,42.4146881103516,-8.87769317626953,"Male"
"9004152",371985,2025-06-10 16:40:37,42.4149703979492,-8.87810325622559,"Male"
"9004152",371985,2025-06-10 16:45:45,42.4149436950684,-8.87801551818848,"Male"
"9004152",371985,2025-06-10 16:50:33,42.4149360656738,-8.87807750701904,"Male"
"9004152",371985,2025-06-10 16:55:33,42.4149551391602,-8.87816524505615,"Male"
"9004152",371985,2025-06-10 17:00:36,42.4143142700195,-8.87767601013184,"Male"
"9004152",371985,2025-06-10 17:05:37,42.4124565124512,-8.87698364257812,"Male"
"9004152",371985,2025-06-10 17:10:38,42.4114151000977,-8.87606430053711,"Male"
"9004152",371985,2025-06-10 17:15:53,42.4104995727539,-8.87499713897705,"Male"
"9004152",371985,2025-06-10 17:21:04,42.4103507995605,-8.87380981445312,"Male"
"9004152",371985,2025-06-10 17:26:00,42.4104461669922,-8.87258911132812,"Male"
"9004152",371985,2025-06-10 18:20:01,42.4091148376465,-8.87204933166504,"Male"
"9004152",371985,2025-06-10 18:23:41,42.4092712402344,-8.87279605865479,"Male"
"9004152",371985,2025-06-10 18:28:40,42.4111366271973,-8.87313938140869,"Male"
"9004152",371985,2025-06-10 18:33:38,42.4128074645996,-8.87231922149658,"Male"
"9004152",371985,2025-06-10 18:38:39,42.4129943847656,-8.87144756317139,"Male"
"9004152",371985,2025-06-10 18:43:41,42.4130058288574,-8.87147808074951,"Male"
"9004152",371985,2025-06-10 18:48:40,42.4130554199219,-8.87145042419434,"Male"
"9004152",371985,2025-06-10 18:53:38,42.4130897521973,-8.87159252166748,"Male"
"9004152",371985,2025-06-10 18:58:39,42.4130897521973,-8.87148475646973,"Male"
"9004152",371985,2025-06-10 19:03:39,42.413200378418,-8.87154674530029,"Male"
"9004152",371985,2025-06-10 19:08:41,42.4133148193359,-8.87155342102051,"Male"
"9004152",371985,2025-06-10 19:13:41,42.4131050109863,-8.87178325653076,"Male"
"9004152",371985,2025-06-10 19:18:43,42.4018440246582,-8.90715408325195,"Male"
"9004152",371985,2025-06-10 19:23:49,42.397819519043,-8.92023944854736,"Male"
"9004152",371985,2025-06-10 19:28:49,42.3978080749512,-8.92030239105225,"Male"
"9004152",371985,2025-06-10 19:33:49,42.3978042602539,-8.92026424407959,"Male"
"9004152",371985,2025-06-10 19:38:49,42.3979072570801,-8.92039966583252,"Male"
"9004152",371985,2025-06-10 19:43:49,42.3976936340332,-8.92019748687744,"Male"
"9004152",371985,2025-06-10 19:48:49,42.397819519043,-8.92070198059082,"Male"
"9004152",371985,2025-06-10 19:53:51,42.3978538513184,-8.92084312438965,"Male"
"9004152",371985,2025-06-10 19:58:41,42.397590637207,-8.92047691345215,"Male"
"9004152",371985,2025-06-10 20:03:44,42.3978042602539,-8.9207878112793,"Male"
"9004152",371985,2025-06-10 20:08:39,42.3975486755371,-8.92073345184326,"Male"
"9004152",371985,2025-06-10 20:13:49,42.3977508544922,-8.92059707641602,"Male"
"9004152",371985,2025-06-10 20:18:39,42.3975448608398,-8.92031574249268,"Male"
"9004152",371985,2025-06-10 20:23:47,42.397819519043,-8.92069339752197,"Male"
"9004152",371985,2025-06-10 20:28:39,42.3976135253906,-8.92038249969482,"Male"
"9004152",371985,2025-06-10 20:33:43,42.3976745605469,-8.92040634155273,"Male"
"9004152",371985,2025-06-10 20:38:49,42.3979454040527,-8.92111206054688,"Male"
"9004152",371985,2025-06-10 20:44:05,42.3976593017578,-8.92068195343018,"Male"
"9004152",371985,2025-06-10 20:48:38,42.3976974487305,-8.92067527770996,"Male"
"9004152",371985,2025-06-10 20:53:37,42.3976783752441,-8.92063331604004,"Male"
"9004152",371985,2025-06-10 20:58:37,42.3976974487305,-8.92067050933838,"Male"
"9004152",371985,2025-06-10 21:03:37,42.3977127075195,-8.92070484161377,"Male"
"9004152",371985,2025-06-10 21:08:41,42.3977088928223,-8.92074012756348,"Male"
"9004152",371985,2025-06-10 21:13:41,42.3977279663086,-8.92075729370117,"Male"
"9004152",371985,2025-06-10 21:18:41,42.397777557373,-8.92064666748047,"Male"
"9004152",371985,2025-06-10 21:23:41,42.3976783752441,-8.92071914672852,"Male"
"9004152",371985,2025-06-10 21:28:41,42.3976783752441,-8.9207592010498,"Male"
"9004152",371985,2025-06-10 21:33:41,42.3977165222168,-8.92069911956787,"Male"
"9004152",371985,2025-06-10 21:38:50,42.3976936340332,-8.92073249816895,"Male"
"9004152",371985,2025-06-10 21:44:05,42.3977508544922,-8.92065906524658,"Male"
"9004152",371985,2025-06-10 21:48:41,42.3977394104004,-8.92065525054932,"Male"
"9004152",371985,2025-06-10 21:53:50,42.3977737426758,-8.92074203491211,"Male"
"9004152",371985,2025-06-10 21:58:46,42.3977737426758,-8.92081642150879,"Male"
"9004152",371985,2025-06-10 22:03:42,42.3977317810059,-8.92078399658203,"Male"
"9004152",371985,2025-06-10 22:08:41,42.3977699279785,-8.92055511474609,"Male"
"9004152",371985,2025-06-10 22:13:41,42.3977661132812,-8.9205493927002,"Male"
"9004152",371985,2025-06-10 22:18:41,42.3976364135742,-8.92043018341064,"Male"
"9004152",371985,2025-06-10 22:23:41,42.3977165222168,-8.9205493927002,"Male"
"9004152",371985,2025-06-10 22:28:41,42.3976287841797,-8.92039585113525,"Male"
"9004152",371985,2025-06-10 22:34:03,42.3977165222168,-8.92046737670898,"Male"
"9004152",371985,2025-06-10 22:38:41,42.3976516723633,-8.92043972015381,"Male"
"9004152",371985,2025-06-10 22:43:41,42.397533416748,-8.92032146453857,"Male"
"9004152",371985,2025-06-10 22:48:41,42.3976745605469,-8.92040252685547,"Male"
"9004152",371985,2025-06-10 22:53:42,42.3976936340332,-8.92039394378662,"Male"
"9004152",371985,2025-06-10 22:58:42,42.3976974487305,-8.92042064666748,"Male"
"9004152",371985,2025-06-10 23:04:05,42.3976631164551,-8.92048168182373,"Male"
"9004152",371985,2025-06-10 23:08:41,42.3976860046387,-8.92045211791992,"Male"
"9004152",371985,2025-06-10 23:13:41,42.3977279663086,-8.92049217224121,"Male"
"9004152",371985,2025-06-10 23:18:41,42.3976516723633,-8.92049884796143,"Male"
"9004152",371985,2025-06-10 23:23:41,42.3976669311523,-8.92053127288818,"Male"
"9004152",371985,2025-06-10 23:28:41,42.3976287841797,-8.92048263549805,"Male"
"9004152",371985,2025-06-10 23:33:41,42.3977165222168,-8.92046451568604,"Male"
"9004152",371985,2025-06-10 23:38:41,42.3976936340332,-8.92051219940186,"Male"
"9004152",371985,2025-06-10 23:43:42,42.3976974487305,-8.92042541503906,"Male"
"9004152",371985,2025-06-10 23:48:42,42.3977317810059,-8.92057037353516,"Male"
"9004152",371985,2025-06-10 23:53:41,42.3977203369141,-8.92051410675049,"Male"
"9004152",371985,2025-06-10 23:58:43,42.3977699279785,-8.92052459716797,"Male"
"9004152",371985,2025-06-11 00:03:42,42.3977088928223,-8.92053318023682,"Male"
"9004152",371985,2025-06-11 00:08:41,42.3976631164551,-8.92050266265869,"Male"
"9004152",371985,2025-06-11 00:13:43,42.397705078125,-8.92058086395264,"Male"
"9004152",371985,2025-06-11 00:18:42,42.3978042602539,-8.92065048217773,"Male"
"9004152",371985,2025-06-11 00:23:42,42.3977966308594,-8.92078876495361,"Male"
"9004152",371985,2025-06-11 00:28:46,42.3978157043457,-8.92085075378418,"Male"
"9004152",371985,2025-06-11 00:34:05,42.3977966308594,-8.92061328887939,"Male"
"9004152",371985,2025-06-11 00:38:42,42.3977508544922,-8.92048931121826,"Male"
"9004152",371985,2025-06-11 00:43:49,42.3978004455566,-8.92056560516357,"Male"
"9004152",371985,2025-06-11 00:48:45,42.397834777832,-8.92072486877441,"Male"
"9004152",371985,2025-06-11 00:53:45,42.3977394104004,-8.92058563232422,"Male"
"9004152",371985,2025-06-11 00:58:46,42.3980026245117,-8.92105102539062,"Male"
"9004152",371985,2025-06-11 01:03:43,42.3978538513184,-8.92074584960938,"Male"
"9004152",371985,2025-06-11 01:08:45,42.3981590270996,-8.92135429382324,"Male"
"9004152",371985,2025-06-11 01:13:45,42.3978843688965,-8.92077445983887,"Male"
"9004152",371985,2025-06-11 01:18:53,42.3979606628418,-8.92075824737549,"Male"
"9004152",371985,2025-06-11 01:23:50,42.3978080749512,-8.92066478729248,"Male"
"9004152",371985,2025-06-11 01:28:43,42.397819519043,-8.92014408111572,"Male"
"9004152",371985,2025-06-11 01:33:42,42.397762298584,-8.9203052520752,"Male"
"9004152",371985,2025-06-11 01:38:42,42.3978881835938,-8.92061424255371,"Male"
"9004152",371985,2025-06-11 01:43:43,42.3978118896484,-8.92055988311768,"Male"
"9004152",371985,2025-06-11 01:48:42,42.3978424072266,-8.92023181915283,"Male"
"9004152",371985,2025-06-11 01:53:46,42.3978157043457,-8.92049407958984,"Male"
"9004152",371985,2025-06-11 01:58:42,42.3978271484375,-8.92001152038574,"Male"
"9004152",371985,2025-06-11 02:03:47,42.3977127075195,-8.9211311340332,"Male"
"9004152",371985,2025-06-11 02:08:55,42.3977813720703,-8.92051887512207,"Male"
"9004152",371985,2025-06-11 02:13:48,42.3977508544922,-8.9207649230957,"Male"
"9004152",371985,2025-06-11 02:18:50,42.3977699279785,-8.92053031921387,"Male"
"9004152",371985,2025-06-11 02:24:05,42.3976783752441,-8.92051982879639,"Male"
"9004152",371985,2025-06-11 02:28:41,42.3977279663086,-8.92051219940186,"Male"
"9004152",371985,2025-06-11 02:33:41,42.3977203369141,-8.92053127288818,"Male"
"9004152",371985,2025-06-11 02:38:41,42.3977470397949,-8.92044544219971,"Male"
"9004152",371985,2025-06-11 02:43:41,42.3977699279785,-8.92051696777344,"Male"
"9004152",371985,2025-06-11 02:48:41,42.3977279663086,-8.92053508758545,"Male"
"9004152",371985,2025-06-11 02:53:41,42.3977355957031,-8.92060565948486,"Male"
"9004152",371985,2025-06-11 02:58:41,42.3977203369141,-8.92059230804443,"Male"
"9004152",371985,2025-06-11 03:03:41,42.3977317810059,-8.92057609558105,"Male"
"9004152",371985,2025-06-11 03:08:42,42.3977470397949,-8.92060470581055,"Male"
"9004152",371985,2025-06-11 03:13:41,42.3977317810059,-8.92065048217773,"Male"
"9004152",371985,2025-06-11 03:18:41,42.3977890014648,-8.92056655883789,"Male"
"9004152",371985,2025-06-11 03:23:42,42.3976898193359,-8.9205493927002,"Male"
"9004152",371985,2025-06-11 03:28:41,42.3977661132812,-8.92062473297119,"Male"
"9004152",371985,2025-06-11 03:33:48,42.397777557373,-8.92070007324219,"Male"
"9004152",371985,2025-06-11 03:38:41,42.3977127075195,-8.92063617706299,"Male"
"9004152",371985,2025-06-11 03:44:13,42.3977012634277,-8.92053890228271,"Male"
"9004152",371985,2025-06-11 03:48:41,42.3977355957031,-8.92059803009033,"Male"
"9004152",371985,2025-06-11 03:53:43,42.3976631164551,-8.92053318023682,"Male"
"9004152",371985,2025-06-11 03:58:46,42.3978157043457,-8.92075729370117,"Male"
"9004152",371985,2025-06-11 04:03:46,42.3980178833008,-8.921067237854,"Male"
"9004152",371985,2025-06-11 04:08:46,42.3977584838867,-8.92062282562256,"Male"
"9004152",371985,2025-06-11 04:13:47,42.3977737426758,-8.92065334320068,"Male"
"9004152",371985,2025-06-11 04:18:41,42.3977012634277,-8.92050743103027,"Male"
"9004152",371985,2025-06-11 04:23:45,42.3977203369141,-8.92049503326416,"Male"
"9004152",371985,2025-06-11 04:28:58,42.3977355957031,-8.92061424255371,"Male"
"9004152",371985,2025-06-11 04:34:05,42.3976783752441,-8.92055892944336,"Male"
"9004152",371985,2025-06-11 04:38:41,42.3978385925293,-8.9202709197998,"Male"
"9004152",371985,2025-06-11 04:43:41,42.3976669311523,-8.92057418823242,"Male"
"9004152",371985,2025-06-11 04:48:41,42.3977203369141,-8.9205436706543,"Male"
"9004152",371985,2025-06-11 04:53:41,42.3976516723633,-8.92060279846191,"Male"
"9004152",371985,2025-06-11 04:58:47,42.3976211547852,-8.92046451568604,"Male"
"9004152",371985,2025-06-11 05:03:41,42.3977813720703,-8.92032718658447,"Male"
"9004152",371985,2025-06-11 05:08:41,42.3977699279785,-8.92065525054932,"Male"
"9004152",371985,2025-06-11 05:13:42,42.3977432250977,-8.92054653167725,"Male"
"9004152",371985,2025-06-11 05:18:43,42.3976936340332,-8.92047786712646,"Male"
"9004152",371985,2025-06-11 05:23:43,42.3977699279785,-8.92082023620605,"Male"
"9004152",371985,2025-06-11 05:28:41,42.3977851867676,-8.92057037353516,"Male"
"9004152",371985,2025-06-11 05:33:43,42.3976364135742,-8.9202127456665,"Male"
"9004152",371985,2025-06-11 05:38:41,42.3976974487305,-8.92043972015381,"Male"
"9004152",371985,2025-06-11 05:43:42,42.3976554870605,-8.92028331756592,"Male"
"9004152",371985,2025-06-11 05:48:42,42.3976631164551,-8.92037200927734,"Male"
"9004152",371985,2025-06-11 05:53:42,42.3976860046387,-8.92036628723145,"Male"
"9004152",371985,2025-06-11 05:58:43,42.3977508544922,-8.92063045501709,"Male"
"9004152",371985,2025-06-11 06:04:05,42.3977165222168,-8.92053985595703,"Male"
"9004152",371985,2025-06-11 06:08:41,42.3976974487305,-8.920485496521,"Male"
"9004152",371985,2025-06-11 06:13:41,42.397891998291,-8.9202709197998,"Male"
"9004152",371985,2025-06-11 06:18:42,42.3978576660156,-8.92025661468506,"Male"
"9004152",371985,2025-06-11 06:23:41,42.397876739502,-8.92026901245117,"Male"
"9004152",371985,2025-06-11 06:28:42,42.3979187011719,-8.92035675048828,"Male"
"9004152",371985,2025-06-11 06:33:41,42.3978996276855,-8.92035579681396,"Male"
"9004152",371985,2025-06-11 06:38:41,42.3976974487305,-8.92024421691895,"Male"
"9004152",371985,2025-06-11 06:43:41,42.4042930603027,-8.8979024887085,"Male"
"9004152",371985,2025-06-11 06:49:33,42.402027130127,-8.894775390625,"Male"
"9004152",371985,2025-06-11 06:54:39,42.3986129760742,-8.90339660644531,"Male"
"9004152",371985,2025-06-11 06:59:38,42.3992576599121,-8.90673160552979,"Male"
"9004152",371985,2025-06-11 07:05:17,42.3992652893066,-8.90762233734131,"Male"
"9004152",371985,2025-06-11 07:10:33,42.3973197937012,-8.89980411529541,"Male"
"9004152",371985,2025-06-11 07:15:48,42.4051780700684,-8.90145301818848,"Male"
"9004152",371985,2025-06-11 07:20:53,42.4050407409668,-8.90023612976074,"Male"
"9004152",371985,2025-06-11 07:26:33,42.4069480895996,-8.90003776550293,"Male"
"9004152",371985,2025-06-11 07:37:48,42.4063186645508,-8.89829730987549,"Male"
"9004152",371985,2025-06-11 07:42:48,42.409595489502,-8.8760347366333,"Male"
"9004152",371985,2025-06-11 07:48:17,42.4103317260742,-8.87874507904053,"Male"
"9004152",371985,2025-06-11 07:54:06,42.4110488891602,-8.87959957122803,"Male"
"9004152",371985,2025-06-11 07:59:29,42.4112434387207,-8.87785243988037,"Male"
"9004152",371985,2025-06-11 08:05:03,42.4104957580566,-8.87568283081055,"Male"
"9004152",371985,2025-06-11 08:10:22,42.4109382629395,-8.87403869628906,"Male"
"9004152",371985,2025-06-11 08:15:25,42.4121284484863,-8.87307643890381,"Male"
"9004152",371985,2025-06-11 08:20:20,42.4130668640137,-8.87172031402588,"Male"
"9004152",371985,2025-06-11 08:25:22,42.4130706787109,-8.8717212677002,"Male"
"9004152",371985,2025-06-11 08:30:44,42.4129943847656,-8.87146949768066,"Male"
"9004152",371985,2025-06-11 08:35:20,42.4131736755371,-8.87221240997314,"Male"
"9004152",371985,2025-06-11 08:40:22,42.4128646850586,-8.87108135223389,"Male"
"9004152",371985,2025-06-11 08:45:21,42.4131011962891,-8.87191009521484,"Male"
"9004152",371985,2025-06-11 08:50:25,42.4131011962891,-8.87178421020508,"Male"
"9004152",371985,2025-06-11 08:55:24,42.4123916625977,-8.86989212036133,"Male"
"9004152",371985,2025-06-11 09:00:23,42.4130363464355,-8.87158012390137,"Male"
"9004152",371985,2025-06-11 09:05:31,42.4128952026367,-8.87129688262939,"Male"
"9004152",371985,2025-06-11 09:10:20,42.4129753112793,-8.87139987945557,"Male"
"9004152",371985,2025-06-11 09:15:46,42.4130630493164,-8.8720006942749,"Male"
"9004152",371985,2025-06-11 09:20:31,42.4131088256836,-8.8721752166748,"Male"
"9004152",371985,2025-06-11 09:25:31,42.4130554199219,-8.8720645904541,"Male"
"9004152",371985,2025-06-11 09:30:26,42.4130744934082,-8.87222862243652,"Male"
"9004152",371985,2025-06-11 09:35:45,42.413013458252,-8.87171936035156,"Male"
"9004152",371985,2025-06-11 09:40:43,42.4121780395508,-8.87215137481689,"Male"
"9004152",371985,2025-06-11 10:07:57,42.410400390625,-8.87425231933594,"Male"
"9004152",371985,2025-06-11 10:32:20,42.4078826904297,-8.87341499328613,"Male"
"9004152",371985,2025-06-11 10:38:11,42.4087715148926,-8.87301063537598,"Male"
"9004152",371985,2025-06-11 10:43:55,42.4087181091309,-8.872145652771,"Male"
"9004152",371985,2025-06-11 10:49:45,42.409008026123,-8.87215232849121,"Male"
"9004152",371985,2025-06-11 10:54:55,42.4084281921387,-8.87218952178955,"Male"
"9004152",371985,2025-06-11 11:02:07,42.4089889526367,-8.87186431884766,"Male"
"9004152",371985,2025-06-11 11:21:02,42.400463104248,-8.85965156555176,"Male"
"9004152",371985,2025-06-11 11:25:44,42.3986396789551,-8.85812473297119,"Male"
"9004152",371985,2025-06-11 11:30:15,42.3987350463867,-8.85809993743896,"Male"
"9004152",371985,2025-06-11 11:35:16,42.3985328674316,-8.85805702209473,"Male"
"9004152",371985,2025-06-11 11:40:14,42.3985366821289,-8.85810852050781,"Male"
"9004152",371985,2025-06-11 11:45:35,42.3986968994141,-8.85788631439209,"Male"
"9004152",371985,2025-06-11 11:50:16,42.3986549377441,-8.85786533355713,"Male"
"9004152",371985,2025-06-11 11:55:14,42.3987236022949,-8.8578462600708,"Male"
"9004152",371985,2025-06-11 12:00:35,42.3985443115234,-8.85805702209473,"Male"
"9004152",371985,2025-06-11 12:05:15,42.398609161377,-8.85823917388916,"Male"
"9004152",371985,2025-06-11 12:10:29,42.3985023498535,-8.85793685913086,"Male"
"9004152",371985,2025-06-11 12:15:16,42.3984222412109,-8.85793876647949,"Male"
"9004152",371985,2025-06-11 12:20:13,42.3985214233398,-8.85787963867188,"Male"
"9004152",371985,2025-06-11 12:25:14,42.3985595703125,-8.8580207824707,"Male"
"9004152",371985,2025-06-11 12:30:13,42.3985328674316,-8.85762310028076,"Male"
"9004152",371985,2025-06-11 12:35:13,42.398567199707,-8.85785484313965,"Male"
"9004152",371985,2025-06-11 12:40:13,42.3985557556152,-8.85786533355713,"Male"
"9004152",371985,2025-06-11 12:45:15,42.3985748291016,-8.85778331756592,"Male"
"9004152",371985,2025-06-11 12:50:12,42.3985481262207,-8.85811233520508,"Male"
"9004152",371985,2025-06-11 12:55:15,42.3985023498535,-8.85772514343262,"Male"
"9004152",371985,2025-06-11 13:00:13,42.3985328674316,-8.85776615142822,"Male"
"9004152",371985,2025-06-11 13:05:16,42.3987007141113,-8.85799694061279,"Male"
"9004152",371985,2025-06-11 13:10:18,42.3988418579102,-8.85845947265625,"Male"
"9004152",371985,2025-06-11 13:15:13,42.3986053466797,-8.85793113708496,"Male"
"9004152",371985,2025-06-11 13:20:14,42.3986778259277,-8.85787963867188,"Male"
"9004152",371985,2025-06-11 13:25:17,42.3985404968262,-8.85795211791992,"Male"
"9004152",371985,2025-06-11 13:30:24,42.3987312316895,-8.8579216003418,"Male"
"9004152",371985,2025-06-11 13:35:35,42.3985900878906,-8.85791492462158,"Male"
"9004152",371985,2025-06-11 13:40:13,42.3986167907715,-8.85793399810791,"Male"
"9004152",371985,2025-06-11 13:45:14,42.3985023498535,-8.85791301727295,"Male"
"9004152",371985,2025-06-11 13:50:12,42.3985633850098,-8.85794258117676,"Male"
"9004152",371985,2025-06-11 13:55:13,42.3984718322754,-8.85799026489258,"Male"
"9004152",371985,2025-06-11 14:00:12,42.3985633850098,-8.85790824890137,"Male"
"9004152",371985,2025-06-11 14:05:12,42.3984527587891,-8.85785484313965,"Male"
"9004152",371985,2025-06-11 14:10:12,42.3985595703125,-8.85792064666748,"Male"
"9004152",371985,2025-06-11 14:15:12,42.3985061645508,-8.85790061950684,"Male"
"9004152",371985,2025-06-11 14:20:12,42.3985786437988,-8.85793590545654,"Male"
"9004152",371985,2025-06-11 14:25:13,42.3985786437988,-8.85797882080078,"Male"
"9004152",371985,2025-06-11 14:30:12,42.3984298706055,-8.85805225372314,"Male"
"9004152",371985,2025-06-11 14:35:58,42.4090003967285,-8.87010860443115,"Male"
"9004152",371985,2025-06-11 14:41:24,42.4098663330078,-8.87022590637207,"Male"
"9004152",371985,2025-06-11 14:46:40,42.4101982116699,-8.86995124816895,"Male"
"9004152",371985,2025-06-11 14:52:07,42.4100914001465,-8.87085437774658,"Male"
"9004152",371985,2025-06-11 14:57:08,42.4112014770508,-8.87041854858398,"Male"
"9004152",371985,2025-06-11 15:02:47,42.4112930297852,-8.87176895141602,"Male"
"9004152",371985,2025-06-11 15:07:58,42.4106025695801,-8.87183094024658,"Male"
"9004152",371985,2025-06-11 15:12:55,42.4099426269531,-8.87097644805908,"Male"
"9004152",371985,2025-06-11 15:17:56,42.4094009399414,-8.87001609802246,"Male"
"9004152",371985,2025-06-11 15:22:55,42.3986206054688,-8.85866737365723,"Male"
"9004152",371985,2025-06-11 15:28:14,42.3985252380371,-8.85793304443359,"Male"
"9004152",371985,2025-06-11 15:32:58,42.3987350463867,-8.85798835754395,"Male"
"9004152",371985,2025-06-11 15:38:06,42.3984184265137,-8.8579568862915,"Male"
"9004152",371985,2025-06-11 15:43:06,42.3985557556152,-8.8579273223877,"Male"
"9004152",371985,2025-06-11 15:48:14,42.3984603881836,-8.85798645019531,"Male"
"9004152",371985,2025-06-11 15:52:56,42.3982048034668,-8.85783386230469,"Male"
"9004152",371985,2025-06-11 15:57:58,42.3984031677246,-8.85797309875488,"Male"
"9004152",371985,2025-06-11 16:02:56,42.3978805541992,-8.85792446136475,"Male"
"9004152",371985,2025-06-11 16:07:58,42.3984260559082,-8.85789108276367,"Male"
"9004152",371985,2025-06-11 16:13:01,42.398323059082,-8.85785388946533,"Male"
"9004152",371985,2025-06-11 16:18:04,42.3991661071777,-8.85837459564209,"Male"
"9004152",371985,2025-06-11 16:23:10,42.3985710144043,-8.85806465148926,"Male"
"9004152",371985,2025-06-11 16:27:59,42.3984642028809,-8.85791492462158,"Male"
"9004152",371985,2025-06-11 16:32:56,42.3987083435059,-8.85811710357666,"Male"
"9004152",371985,2025-06-11 16:38:03,42.3986663818359,-8.85736751556396,"Male"
"9004152",371985,2025-06-11 16:43:00,42.3989906311035,-8.85838603973389,"Male"
"9004152",371985,2025-06-11 16:48:18,42.3984909057617,-8.858323097229,"Male"
"9004152",371985,2025-06-11 16:53:29,42.3985137939453,-8.85805416107178,"Male"
"9004152",371985,2025-06-11 16:57:55,42.3985252380371,-8.85802364349365,"Male"
"9004152",371985,2025-06-11 17:02:55,42.3985710144043,-8.85779476165771,"Male"
"9004152",371985,2025-06-11 17:07:55,42.3985404968262,-8.85791110992432,"Male"
"9004152",371985,2025-06-11 17:12:55,42.4086532592773,-8.87067794799805,"Male"
"9004152",371985,2025-06-11 17:18:10,42.4084281921387,-8.87171077728271,"Male"
"9004152",371985,2025-06-11 17:23:08,42.408863067627,-8.8714771270752,"Male"
"9004152",371985,2025-06-11 17:28:14,42.4089660644531,-8.87043380737305,"Male"
"9004152",371985,2025-06-11 17:33:14,42.4091987609863,-8.87039566040039,"Male"
"9004152",371985,2025-06-11 17:38:14,42.4098358154297,-8.87018394470215,"Male"
"9004152",371985,2025-06-11 17:43:36,42.4097099304199,-8.87116622924805,"Male"
"9004152",371985,2025-06-11 17:49:20,42.4090118408203,-8.87198925018311,"Male"
"9004152",371985,2025-06-11 17:54:20,42.4081726074219,-8.8713960647583,"Male"
"9004152",371985,2025-06-11 17:59:49,42.4086456298828,-8.87239456176758,"Male"
"9004152",371985,2025-06-11 18:05:00,42.4081649780273,-8.87337112426758,"Male"
"9004152",371985,2025-06-11 18:10:00,42.4084663391113,-8.87411594390869,"Male"
"9004152",371985,2025-06-11 18:15:00,42.4097480773926,-8.87423229217529,"Male"
"9004152",371985,2025-06-11 18:20:05,42.4105415344238,-8.87462520599365,"Male"
"9004152",371985,2025-06-11 18:25:39,42.4099502563477,-8.87485313415527,"Male"
"9004152",371985,2025-06-11 18:30:59,42.4093818664551,-8.87485504150391,"Male"
"9004152",371985,2025-06-11 18:36:33,42.4095268249512,-8.87427616119385,"Male"
"9004152",371985,2025-06-11 18:41:49,42.4091262817383,-8.8744649887085,"Male"
"9004152",371985,2025-06-11 18:46:46,42.4093894958496,-8.87481498718262,"Male"
"9004152",371985,2025-06-11 18:51:47,42.4086418151855,-8.8745059967041,"Male"
"9004152",371985,2025-06-11 18:56:46,42.4060821533203,-8.88315773010254,"Male"
"9004152",371985,2025-06-11 19:01:49,42.4022064208984,-8.90272426605225,"Male"
"9004152",371985,2025-06-11 19:07:06,42.4015998840332,-8.90499496459961,"Male"
"9004152",371985,2025-06-11 19:12:03,42.400806427002,-8.91733455657959,"Male"
"9004152",371985,2025-06-11 19:17:05,42.3993263244629,-8.92071151733398,"Male"
"9004152",371985,2025-06-11 19:22:14,42.3993072509766,-8.92065334320068,"Male"
"9004152",371985,2025-06-11 19:27:07,42.3993339538574,-8.92061805725098,"Male"
"9004152",371985,2025-06-11 19:32:06,42.3992156982422,-8.92058849334717,"Male"
"9004152",371985,2025-06-11 19:37:02,42.3992233276367,-8.92049407958984,"Male"
"9004152",371985,2025-06-11 19:42:02,42.3991813659668,-8.92046928405762,"Male"
"9004152",371985,2025-06-11 19:47:14,42.3991966247559,-8.92048072814941,"Male"
"9004152",371985,2025-06-11 19:52:02,42.399284362793,-8.92080497741699,"Male"
"9004152",371985,2025-06-11 19:57:02,42.3991813659668,-8.9203052520752,"Male"
"9004152",371985,2025-06-11 20:02:07,42.3991508483887,-8.92031764984131,"Male"
"9004152",371985,2025-06-11 20:07:12,42.3992195129395,-8.92044448852539,"Male"
"9004152",371985,2025-06-11 20:12:05,42.3992614746094,-8.92043113708496,"Male"
"9004152",371985,2025-06-11 20:17:03,42.3991775512695,-8.92033576965332,"Male"
"9004152",371985,2025-06-11 20:22:34,42.3977851867676,-8.92045402526855,"Male"
"9004152",371985,2025-06-11 20:27:02,42.3975563049316,-8.9205961227417,"Male"
"9004152",371985,2025-06-11 20:32:02,42.3974685668945,-8.92067718505859,"Male"
"9004152",371985,2025-06-11 20:37:02,42.397533416748,-8.92061138153076,"Male"
"9004152",371985,2025-06-11 20:42:02,42.3975410461426,-8.92078113555908,"Male"
"9004152",371985,2025-06-11 20:47:02,42.3975677490234,-8.92082118988037,"Male"
"9004152",371985,2025-06-11 20:52:03,42.3975791931152,-8.92073631286621,"Male"
"9004152",371985,2025-06-11 20:57:02,42.3974342346191,-8.92080879211426,"Male"
"9004152",371985,2025-06-11 21:02:02,42.3975830078125,-8.92075252532959,"Male"
"9004152",371985,2025-06-11 21:07:03,42.3975219726562,-8.92064476013184,"Male"
"9004152",371985,2025-06-11 21:12:03,42.3975296020508,-8.92052364349365,"Male"
"9004152",371985,2025-06-11 21:17:07,42.3975982666016,-8.92038822174072,"Male"
"9004152",371985,2025-06-11 21:22:03,42.3976097106934,-8.92060661315918,"Male"
"9004152",371985,2025-06-11 21:27:14,42.3976097106934,-8.9205265045166,"Male"
"9004152",371985,2025-06-11 21:32:02,42.3975944519043,-8.92061614990234,"Male"
"9004152",371985,2025-06-11 21:37:02,42.3975067138672,-8.92044734954834,"Male"
"9004152",371985,2025-06-11 21:42:02,42.3974914550781,-8.92043590545654,"Male"
"9004152",371985,2025-06-11 21:47:14,42.3975219726562,-8.92051029205322,"Male"
"9004152",371985,2025-06-11 21:52:02,42.3974914550781,-8.92042922973633,"Male"
"9004152",371985,2025-06-11 21:57:02,42.3976058959961,-8.92053890228271,"Male"
"9004152",371985,2025-06-11 22:02:02,42.3975448608398,-8.92052936553955,"Male"
"9004152",371985,2025-06-11 22:07:02,42.397575378418,-8.92048645019531,"Male"
"9004152",371985,2025-06-11 22:12:02,42.397590637207,-8.92061710357666,"Male"
"9004152",371985,2025-06-11 22:17:02,42.3975257873535,-8.9205150604248,"Male"
"9004152",371985,2025-06-11 22:22:02,42.3975219726562,-8.92052173614502,"Male"
"9004152",371985,2025-06-11 22:27:02,42.3975563049316,-8.92059993743896,"Male"
"9004152",371985,2025-06-11 22:32:35,42.3974342346191,-8.92043399810791,"Male"
"9004152",371985,2025-06-11 22:37:02,42.3975601196289,-8.92059803009033,"Male"
"9004152",371985,2025-06-11 22:42:02,42.3975067138672,-8.92054271697998,"Male"
"9004152",371985,2025-06-11 22:47:02,42.3991317749023,-8.923095703125,"Male"
"9004152",371985,2025-06-11 22:52:03,42.3975982666016,-8.92072868347168,"Male"
"9004152",371985,2025-06-11 22:57:04,42.3975219726562,-8.9205436706543,"Male"
"9004152",371985,2025-06-11 23:02:03,42.397575378418,-8.92056846618652,"Male"
"9004152",371985,2025-06-11 23:07:09,42.3975257873535,-8.92052745819092,"Male"
"9004152",371985,2025-06-11 23:12:04,42.3975257873535,-8.9205379486084,"Male"
"9004152",371985,2025-06-11 23:17:02,42.3975601196289,-8.92057991027832,"Male"
"9004152",371985,2025-06-11 23:22:03,42.3975296020508,-8.9205846786499,"Male"
"9004152",371985,2025-06-11 23:27:35,42.3974990844727,-8.92055988311768,"Male"
"9004152",371985,2025-06-11 23:32:02,42.3975143432617,-8.92060947418213,"Male"
"9004152",371985,2025-06-11 23:37:02,42.3975296020508,-8.9206371307373,"Male"
"9004152",371985,2025-06-11 23:42:03,42.3975677490234,-8.92067909240723,"Male"
"9004152",371985,2025-06-11 23:47:02,42.3975410461426,-8.92073726654053,"Male"
"9004152",371985,2025-06-11 23:52:03,42.3975448608398,-8.92062377929688,"Male"
"9004152",371985,2025-06-11 23:57:04,42.3975067138672,-8.92069339752197,"Male"
"9004152",371985,2025-06-12 00:02:03,42.3975601196289,-8.92070960998535,"Male"
"9004152",371985,2025-06-12 00:07:14,42.3974990844727,-8.92118072509766,"Male"
"9004152",371985,2025-06-12 00:12:08,42.3975296020508,-8.9209508895874,"Male"
"9004152",371985,2025-06-12 00:17:02,42.3975601196289,-8.92109966278076,"Male"
"9004152",371985,2025-06-12 00:22:02,42.3975563049316,-8.92101860046387,"Male"
"9004152",371985,2025-06-12 00:27:04,42.3975601196289,-8.92070865631104,"Male"
"9004152",371985,2025-06-12 00:32:02,42.397575378418,-8.92059707641602,"Male"
"9004152",371985,2025-06-12 00:37:03,42.397590637207,-8.92086887359619,"Male"
"9004152",371985,2025-06-12 00:42:14,42.3975639343262,-8.92073917388916,"Male"
"9004152",371985,2025-06-12 00:47:02,42.3975563049316,-8.92065620422363,"Male"
"9004152",371985,2025-06-12 00:52:12,42.3975791931152,-8.92078113555908,"Male"
"9004152",371985,2025-06-12 00:57:03,42.3976020812988,-8.9211368560791,"Male"
"9004152",371985,2025-06-12 01:02:06,42.3975944519043,-8.92056751251221,"Male"
"9004152",371985,2025-06-12 01:07:09,42.3975524902344,-8.9204158782959,"Male"
"9004152",371985,2025-06-12 01:12:11,42.3975563049316,-8.92081928253174,"Male"
"9004152",371985,2025-06-12 01:17:07,42.3975868225098,-8.92091751098633,"Male"
"9004152",371985,2025-06-12 01:22:03,42.3976249694824,-8.92083168029785,"Male"
"9004152",371985,2025-06-12 01:27:09,42.3974990844727,-8.9207935333252,"Male"
"9004152",371985,2025-06-12 01:32:35,42.3976020812988,-8.92057609558105,"Male"
"9004152",371985,2025-06-12 01:37:02,42.3976211547852,-8.92070484161377,"Male"
"9004152",371985,2025-06-12 01:42:02,42.3976097106934,-8.9206485748291,"Male"
"9004152",371985,2025-06-12 01:47:07,42.3975486755371,-8.92059516906738,"Male"
"9004152",371985,2025-06-12 01:52:02,42.3975830078125,-8.9205904006958,"Male"
"9004152",371985,2025-06-12 01:57:02,42.3976745605469,-8.92023754119873,"Male"
"9004152",371985,2025-06-12 02:02:03,42.3975982666016,-8.92017936706543,"Male"
"9004152",371985,2025-06-12 02:07:02,42.397575378418,-8.92047214508057,"Male"
"9004152",371985,2025-06-12 02:12:02,42.3976440429688,-8.92032814025879,"Male"
"9004152",371985,2025-06-12 02:17:04,42.3975524902344,-8.92062759399414,"Male"
"9004152",371985,2025-06-12 02:22:02,42.3975830078125,-8.92055988311768,"Male"
"9004152",371985,2025-06-12 02:27:04,42.397533416748,-8.92056465148926,"Male"
"9004152",371985,2025-06-12 02:32:06,42.3976821899414,-8.92067337036133,"Male"
"9004152",371985,2025-06-12 02:37:12,42.3977355957031,-8.92064762115479,"Male"
"9004152",371985,2025-06-12 02:42:02,42.397647857666,-8.92063045501709,"Male"
"9004152",371985,2025-06-12 02:47:02,42.3975257873535,-8.92068862915039,"Male"
"9004152",371985,2025-06-12 02:52:02,42.3977508544922,-8.92091846466064,"Male"
"9004152",371985,2025-06-12 02:57:06,42.3974685668945,-8.92050457000732,"Male"
"9004152",371985,2025-06-12 03:02:10,42.3975563049316,-8.9207820892334,"Male"
"9004152",371985,2025-06-12 03:07:10,42.3974266052246,-8.92051219940186,"Male"
"9004152",371985,2025-06-12 03:12:07,42.3973236083984,-8.92028999328613,"Male"
"9004152",371985,2025-06-12 03:17:08,42.3972206115723,-8.92031669616699,"Male"
"9004152",371985,2025-06-12 03:22:11,42.3974838256836,-8.92023372650146,"Male"
"9004152",371985,2025-06-12 03:27:35,42.3975944519043,-8.92046451568604,"Male"
"9004152",371985,2025-06-12 03:32:04,42.3976287841797,-8.92051887512207,"Male"
"9004152",371985,2025-06-12 03:37:04,42.3977508544922,-8.92008209228516,"Male"
"9004152",371985,2025-06-12 03:42:06,42.3974761962891,-8.92068099975586,"Male"
"9004152",371985,2025-06-12 03:47:11,42.3975410461426,-8.92072486877441,"Male"
"9004152",371985,2025-06-12 03:52:02,42.3975410461426,-8.92074394226074,"Male"
"9004152",371985,2025-06-12 03:57:02,42.3975524902344,-8.92061614990234,"Male"
"9004152",371985,2025-06-12 04:02:02,42.3977317810059,-8.92058658599854,"Male"
"9004152",371985,2025-06-12 04:07:02,42.3976020812988,-8.92057132720947,"Male"
"9004152",371985,2025-06-12 04:12:03,42.3975257873535,-8.92064666748047,"Male"
"9004152",371985,2025-06-12 04:17:02,42.3975715637207,-8.92073631286621,"Male"
"9004152",371985,2025-06-12 04:22:04,42.3975143432617,-8.92041110992432,"Male"
"9004152",371985,2025-06-12 04:27:03,42.3975982666016,-8.92065238952637,"Male"
"9004152",371985,2025-06-12 04:32:35,42.3975982666016,-8.92061138153076,"Male"
"9004152",371985,2025-06-12 04:37:03,42.3976211547852,-8.92064094543457,"Male"
"9004152",371985,2025-06-12 04:42:09,42.3972969055176,-8.92018032073975,"Male"
"9004152",371985,2025-06-12 04:47:02,42.3971290588379,-8.92026996612549,"Male"
"9004152",371985,2025-06-12 04:52:11,42.3971710205078,-8.92024898529053,"Male"
"9004152",371985,2025-06-12 04:57:02,42.397216796875,-8.92004013061523,"Male"
"9004152",371985,2025-06-12 05:02:02,42.3970489501953,-8.92020988464355,"Male"
"9004152",371985,2025-06-12 05:07:02,42.3971557617188,-8.92013549804688,"Male"
"9004152",371985,2025-06-12 05:12:02,42.397102355957,-8.92026519775391,"Male"
"9004152",371985,2025-06-12 05:17:02,42.3971900939941,-8.92022514343262,"Male"
"9004152",371985,2025-06-12 05:22:02,42.3971366882324,-8.92028427124023,"Male"
"9004152",371985,2025-06-12 05:27:02,42.3971672058105,-8.92024517059326,"Male"
"9004152",371985,2025-06-12 05:32:07,42.3971519470215,-8.9201192855835,"Male"
"9004152",371985,2025-06-12 05:37:02,42.3971099853516,-8.92023181915283,"Male"
"9004152",371985,2025-06-12 05:42:02,42.3970680236816,-8.92003917694092,"Male"
"9004152",371985,2025-06-12 05:47:15,42.397159576416,-8.92025470733643,"Male"
"9004152",371985,2025-06-12 05:52:02,42.3971824645996,-8.9201774597168,"Male"
"9004152",371985,2025-06-12 05:57:34,42.3971710205078,-8.92019844055176,"Male"
"9004152",371985,2025-06-12 06:02:34,42.3971366882324,-8.92019557952881,"Male"
"9004152",371985,2025-06-12 06:07:04,42.3971672058105,-8.92013359069824,"Male"
"9004152",371985,2025-06-12 06:12:14,42.3972015380859,-8.92029857635498,"Male"
"9004152",371985,2025-06-12 06:17:05,42.3971519470215,-8.92021942138672,"Male"
"9004152",371985,2025-06-12 06:22:03,42.3971939086914,-8.9201078414917,"Male"
"9004152",371985,2025-06-12 06:27:02,42.3971977233887,-8.92021369934082,"Male"
"9004152",371985,2025-06-12 06:32:20,42.3953857421875,-8.9113302230835,"Male"
"9004152",371985,2025-06-12 06:37:20,42.3938827514648,-8.90603542327881,"Male"
"9004152",371985,2025-06-12 06:43:24,42.3952445983887,-8.89691352844238,"Male"
"9004152",371985,2025-06-12 06:48:24,42.3965606689453,-8.88423252105713,"Male"
"9004152",371985,2025-06-12 06:53:26,42.3978958129883,-8.86043453216553,"Male"
"9004152",371985,2025-06-12 06:59:04,42.3952903747559,-8.85925483703613,"Male"
"9004152",371985,2025-06-12 07:04:04,42.3933143615723,-8.85820007324219,"Male"
"9004152",371985,2025-06-12 07:09:33,42.4080352783203,-8.87167739868164,"Male"
"9004152",371985,2025-06-12 07:15:36,42.4088439941406,-8.8711404800415,"Male"
"9004152",371985,2025-06-12 07:35:05,42.4104843139648,-8.87411689758301,"Male"
"9004152",371985,2025-06-12 07:40:49,42.4096870422363,-8.87445831298828,"Male"
"9004152",371985,2025-06-12 07:45:51,42.4090728759766,-8.87457752227783,"Male"
"9004152",371985,2025-06-12 07:51:14,42.3985557556152,-8.85813903808594,"Male"
"9004152",371985,2025-06-12 07:55:53,42.3986282348633,-8.85811328887939,"Male"
"9004152",371985,2025-06-12 08:01:14,42.3985824584961,-8.85760021209717,"Male"
"9004152",371985,2025-06-12 08:05:51,42.3984718322754,-8.85733127593994,"Male"
"9004152",371985,2025-06-12 08:10:58,42.3985977172852,-8.85805225372314,"Male"
"9004152",371985,2025-06-12 08:15:50,42.3984298706055,-8.8576021194458,"Male"
"9004152",371985,2025-06-12 08:20:51,42.3985481262207,-8.85828399658203,"Male"
"9004152",371985,2025-06-12 08:26:23,42.3984527587891,-8.85773086547852,"Male"
"9004152",371985,2025-06-12 08:30:48,42.3983917236328,-8.85779285430908,"Male"
"9004152",371985,2025-06-12 08:35:47,42.398494720459,-8.85787010192871,"Male"
"9004152",371985,2025-06-12 08:40:47,42.3984870910645,-8.85793590545654,"Male"
"9004152",371985,2025-06-12 08:46:14,42.3985214233398,-8.85793685913086,"Male"
"9004152",371985,2025-06-12 08:50:47,42.3985176086426,-8.85787200927734,"Male"
"9004152",371985,2025-06-12 08:55:47,42.3985176086426,-8.85790538787842,"Male"
"9004152",371985,2025-06-12 09:00:48,42.3985557556152,-8.8577823638916,"Male"
"9004152",371985,2025-06-12 09:05:50,42.3983840942383,-8.85792446136475,"Male"
"9004152",371985,2025-06-12 09:10:47,42.3984756469727,-8.85798168182373,"Male"
"9004152",371985,2025-06-12 09:15:48,42.3983573913574,-8.85780811309814,"Male"
"9004152",371985,2025-06-12 09:20:55,42.3984413146973,-8.8579740524292,"Male"
"9004152",371985,2025-06-12 09:25:49,42.3985252380371,-8.85799121856689,"Male"
"9004152",371985,2025-06-12 09:30:50,42.3985710144043,-8.8582239151001,"Male"
"9004152",371985,2025-06-12 09:35:52,42.398551940918,-8.85829734802246,"Male"
"9004152",371985,2025-06-12 09:40:52,42.3984603881836,-8.85865783691406,"Male"
"9004152",371985,2025-06-12 09:45:48,42.4084281921387,-8.87124824523926,"Male"
"9004152",371985,2025-06-12 09:50:54,42.4090347290039,-8.87142276763916,"Male"
"9004152",371985,2025-06-12 09:55:54,42.4088821411133,-8.87152290344238,"Male"
"9004152",371985,2025-06-12 10:00:54,42.4084587097168,-8.87237453460693,"Male"
"9004152",371985,2025-06-12 10:06:07,42.4086418151855,-8.87382125854492,"Male"
"9004152",371985,2025-06-12 10:12:06,42.407527923584,-8.87360763549805,"Male"
"9004152",371985,2025-06-12 10:17:05,42.4077186584473,-8.87402248382568,"Male"
"9004152",371985,2025-06-12 10:22:26,42.4091300964355,-8.87423610687256,"Male"
"9004152",371985,2025-06-12 10:27:42,42.4101524353027,-8.87462043762207,"Male"
"9004152",371985,2025-06-12 10:33:57,42.4106559753418,-8.87438774108887,"Male"
"9004152",371985,2025-06-12 10:44:32,42.409725189209,-8.87645530700684,"Male"
"9004152",371985,2025-06-12 10:49:44,42.409839630127,-8.87568664550781,"Male"
"9004152",371985,2025-06-12 10:55:23,42.4093246459961,-8.87496471405029,"Male"
"9004152",371985,2025-06-12 11:08:16,42.408260345459,-8.87432861328125,"Male"
"9004152",371985,2025-06-12 11:12:35,42.4067230224609,-8.87292671203613,"Male"
"9004152",371985,2025-06-12 11:17:06,42.4035034179688,-8.86645412445068,"Male"
"9004152",371985,2025-06-12 11:22:16,42.3985748291016,-8.85862922668457,"Male"
"9004152",371985,2025-06-12 11:27:23,42.3987045288086,-8.85777568817139,"Male"
"9004152",371985,2025-06-12 11:31:53,42.3986320495605,-8.85830879211426,"Male"
"9004152",371985,2025-06-12 11:36:54,42.3986968994141,-8.85799312591553,"Male"
"9004152",371985,2025-06-12 11:41:57,42.3986701965332,-8.8580379486084,"Male"
"9004152",371985,2025-06-12 11:47:14,42.3985824584961,-8.85797309875488,"Male"
"9004152",371985,2025-06-12 11:52:08,42.3988227844238,-8.8579044342041,"Male"
"9004152",371985,2025-06-12 11:56:54,42.3984909057617,-8.85768508911133,"Male"
"9004152",371985,2025-06-12 12:02:00,42.398609161377,-8.85791110992432,"Male"
"9004152",371985,2025-06-12 12:07:14,42.3986167907715,-8.85793876647949,"Male"
"9004152",371985,2025-06-12 12:11:54,42.3980178833008,-8.85699272155762,"Male"
"9004152",371985,2025-06-12 12:16:57,42.3985710144043,-8.85799407958984,"Male"
"9004152",371985,2025-06-12 12:21:55,42.3985061645508,-8.85801124572754,"Male"
"9004152",371985,2025-06-12 12:26:54,42.3983993530273,-8.85760593414307,"Male"
"9004152",371985,2025-06-12 12:32:01,42.3987274169922,-8.85783100128174,"Male"
"9004152",371985,2025-06-12 12:36:55,42.3986206054688,-8.85785579681396,"Male"
"9004152",371985,2025-06-12 12:41:55,42.3985176086426,-8.85800647735596,"Male"
"9004152",371985,2025-06-12 12:47:03,42.3986701965332,-8.85787200927734,"Male"
"9004152",371985,2025-06-12 12:52:04,42.3986282348633,-8.85791492462158,"Male"
"9004152",371985,2025-06-12 12:57:01,42.3987617492676,-8.85780715942383,"Male"
"9004152",371985,2025-06-12 13:02:04,42.3987503051758,-8.85785007476807,"Male"
"9004152",371985,2025-06-12 13:07:03,42.3988647460938,-8.85776901245117,"Male"
"9004152",371985,2025-06-12 13:12:15,42.3985977172852,-8.85793781280518,"Male"
"9004152",371985,2025-06-12 13:17:04,42.3986892700195,-8.85778903961182,"Male"
"9004152",371985,2025-06-12 13:21:55,42.3985900878906,-8.85791110992432,"Male"
"9004152",371985,2025-06-12 13:27:08,42.3984832763672,-8.85800075531006,"Male"
"9004152",371985,2025-06-12 13:32:59,42.3984489440918,-8.85799217224121,"Male"
"9004152",371985,2025-06-12 13:36:51,42.3984794616699,-8.8580904006958,"Male"
"9004152",371985,2025-06-12 13:41:54,42.3985443115234,-8.85802173614502,"Male"
"9004152",371985,2025-06-12 13:46:51,42.3985366821289,-8.85800743103027,"Male"
"9004152",371985,2025-06-12 13:51:52,42.3984336853027,-8.85816192626953,"Male"
"9004152",371985,2025-06-12 13:56:51,42.3985443115234,-8.85799312591553,"Male"
"9004152",371985,2025-06-12 14:01:51,42.3985443115234,-8.8580207824707,"Male"
"9004152",371985,2025-06-12 14:06:52,42.3984603881836,-8.85809326171875,"Male"
"9004152",371985,2025-06-12 14:11:54,42.3985366821289,-8.85813140869141,"Male"
"9004152",371985,2025-06-12 14:16:53,42.398494720459,-8.85794162750244,"Male"
"9004152",371985,2025-06-12 14:21:58,42.3985633850098,-8.85809803009033,"Male"
"9004152",371985,2025-06-12 14:26:54,42.3983573913574,-8.85798168182373,"Male"
"9004152",371985,2025-06-12 14:32:14,42.3983993530273,-8.85799503326416,"Male"
"9004152",371985,2025-06-12 14:36:52,42.3984451293945,-8.85794830322266,"Male"
"9004152",371985,2025-06-12 14:42:00,42.3985481262207,-8.85803508758545,"Male"
"9004152",371985,2025-06-12 14:46:51,42.398609161377,-8.85794544219971,"Male"
"9004152",371985,2025-06-12 14:51:52,42.3984489440918,-8.85795402526855,"Male"
"9004152",371985,2025-06-12 14:56:57,42.3984870910645,-8.85801315307617,"Male"
"9004152",371985,2025-06-12 15:01:54,42.3984909057617,-8.85800457000732,"Male"
"9004152",371985,2025-06-12 15:06:57,42.3982696533203,-8.85783958435059,"Male"
"9004152",371985,2025-06-12 15:11:59,42.398551940918,-8.85795116424561,"Male"
"9004152",371985,2025-06-12 15:17:00,42.3984603881836,-8.85798931121826,"Male"
"9004152",371985,2025-06-12 15:22:00,42.398494720459,-8.85797023773193,"Male"
"9004152",371985,2025-06-12 15:27:00,42.3985977172852,-8.85800838470459,"Male"
"9004152",371985,2025-06-12 15:32:15,42.3985252380371,-8.85788440704346,"Male"
"9004152",371985,2025-06-12 15:36:52,42.3985939025879,-8.85801124572754,"Male"
"9004152",371985,2025-06-12 15:41:51,42.3986396789551,-8.85806465148926,"Male"
"9004152",371985,2025-06-12 15:46:51,42.3986740112305,-8.85805797576904,"Male"
"9004152",371985,2025-06-12 15:51:52,42.3985786437988,-8.85792922973633,"Male"
"9004152",371985,2025-06-12 15:56:53,42.39892578125,-8.85829257965088,"Male"
"9004152",371985,2025-06-12 16:01:57,42.3984336853027,-8.8578405380249,"Male"
"9004152",371985,2025-06-12 16:06:52,42.3988342285156,-8.85832214355469,"Male"
"9004152",371985,2025-06-12 16:11:58,42.398624420166,-8.85811519622803,"Male"
"9004152",371985,2025-06-12 16:16:51,42.3985824584961,-8.85805225372314,"Male"
"9004152",371985,2025-06-12 16:21:52,42.3987197875977,-8.85828495025635,"Male"
"9004152",371985,2025-06-12 16:26:58,42.3986320495605,-8.85813236236572,"Male"
"9004152",371985,2025-06-12 16:32:16,42.3985977172852,-8.85799789428711,"Male"
"9004152",371985,2025-06-12 16:36:55,42.3986587524414,-8.85817337036133,"Male"
"9004152",371985,2025-06-12 16:41:58,42.3986892700195,-8.85817050933838,"Male"
"9004152",371985,2025-06-12 16:47:06,42.3986282348633,-8.85812759399414,"Male"
"9004152",371985,2025-06-12 16:52:14,42.3985862731934,-8.85794734954834,"Male"
"9004152",371985,2025-06-12 16:57:23,42.3985786437988,-8.85789489746094,"Male"
"9004152",371985,2025-06-12 17:01:53,42.3984565734863,-8.85780429840088,"Male"
"9004152",371985,2025-06-12 17:06:57,42.3984451293945,-8.85779666900635,"Male"
"9004152",371985,2025-06-12 17:11:55,42.3985137939453,-8.85784149169922,"Male"
"9004152",371985,2025-06-12 17:17:35,42.4085540771484,-8.87102031707764,"Male"
"9004152",371985,2025-06-12 17:23:18,42.409984588623,-8.87093448638916,"Male"
"9004152",371985,2025-06-12 17:28:24,42.4105339050293,-8.87065124511719,"Male"
"9004152",371985,2025-06-12 17:33:24,42.4101791381836,-8.87181091308594,"Male"
"9004152",371985,2025-06-12 17:38:23,42.4094352722168,-8.87185668945312,"Male"
"9004152",371985,2025-06-12 17:43:24,42.4015960693359,-8.86216449737549,"Male"
"9004152",371985,2025-06-12 17:48:44,42.3985252380371,-8.85797119140625,"Male"
"9004152",371985,2025-06-12 17:53:16,42.398609161377,-8.85842609405518,"Male"
"9004152",371985,2025-06-12 17:58:17,42.3986930847168,-8.85823440551758,"Male"
"9004152",371985,2025-06-12 18:03:16,42.3988037109375,-8.85858726501465,"Male"
"9004152",371985,2025-06-12 18:08:16,42.3984680175781,-8.85812473297119,"Male"
"9004152",371985,2025-06-12 18:13:16,42.3980903625488,-8.85789489746094,"Male"
"9004152",371985,2025-06-12 18:18:17,42.3984603881836,-8.85818290710449,"Male"
"9004152",371985,2025-06-12 18:23:17,42.3982391357422,-8.85795116424561,"Male"
"9004152",371985,2025-06-12 18:28:19,42.3983879089355,-8.85805225372314,"Male"
"9004152",371985,2025-06-12 18:33:18,42.398365020752,-8.85802268981934,"Male"
"9004152",371985,2025-06-12 18:38:17,42.3983497619629,-8.85816860198975,"Male"
"9004152",371985,2025-06-12 18:43:19,42.3982849121094,-8.85801887512207,"Male"
"9004152",371985,2025-06-12 18:48:53,42.3986129760742,-8.85803127288818,"Male"
"9004152",371985,2025-06-12 18:53:17,42.3986663818359,-8.85806846618652,"Male"
"9004152",371985,2025-06-12 18:58:17,42.3985786437988,-8.85803890228271,"Male"
"9004152",371985,2025-06-12 19:03:27,42.3986434936523,-8.85801887512207,"Male"
"9004152",371985,2025-06-12 19:08:16,42.3984870910645,-8.85802268981934,"Male"
"9004152",371985,2025-06-12 19:13:17,42.3985557556152,-8.85809898376465,"Male"
"9004152",371985,2025-06-12 19:18:17,42.3987884521484,-8.88151836395264,"Male"
"9004152",371985,2025-06-12 19:23:27,42.3991050720215,-8.88329410552979,"Male"
"9004152",371985,2025-06-12 19:28:16,42.3962707519531,-8.9201078414917,"Male"
"9004152",371985,2025-06-12 19:33:16,42.3962745666504,-8.92019748687744,"Male"
"9004152",371985,2025-06-12 19:38:16,42.3963317871094,-8.9201717376709,"Male"
"9004152",371985,2025-06-12 19:43:16,42.3963737487793,-8.9202766418457,"Male"
"9004152",371985,2025-06-12 19:48:16,42.3962821960449,-8.92019176483154,"Male"
"9004152",371985,2025-06-12 19:53:21,42.3963050842285,-8.92014598846436,"Male"
"9004152",371985,2025-06-12 19:58:16,42.396240234375,-8.92007446289062,"Male"
"9004152",371985,2025-06-12 20:03:24,42.3963012695312,-8.92017841339111,"Male"
"9004152",371985,2025-06-12 20:08:17,42.3964347839355,-8.9204626083374,"Male"
"9004152",371985,2025-06-12 20:13:24,42.3958206176758,-8.92060375213623,"Male"
"9004152",371985,2025-06-12 20:18:24,42.3958587646484,-8.92069435119629,"Male"
"9004152",371985,2025-06-12 20:23:22,42.3958282470703,-8.920485496521,"Male"
"9004152",371985,2025-06-12 20:28:22,42.3958435058594,-8.92070198059082,"Male"
"9004152",371985,2025-06-12 20:33:20,42.3960571289062,-8.9210033416748,"Male"
"9004152",371985,2025-06-12 20:38:26,42.3956413269043,-8.92057704925537,"Male"
"9004152",371985,2025-06-12 20:44:05,42.3958549499512,-8.92057228088379,"Male"
"9004152",371985,2025-06-12 20:48:16,42.3956985473633,-8.92012310028076,"Male"
"9004152",371985,2025-06-12 20:53:17,42.3959197998047,-8.92066478729248,"Male"
"9004152",371985,2025-06-12 20:58:17,42.3958778381348,-8.92071628570557,"Male"
"9004152",371985,2025-06-12 21:03:17,42.3959121704102,-8.92076683044434,"Male"
"9004152",371985,2025-06-12 21:08:39,42.3959274291992,-8.92070388793945,"Male"
"9004152",371985,2025-06-12 21:13:40,42.3958625793457,-8.9205904006958,"Male"
"9004152",371985,2025-06-12 21:18:39,42.3957176208496,-8.92005634307861,"Male"
"9004152",371985,2025-06-12 21:23:40,42.3964004516602,-8.92177772521973,"Male"
"9004152",371985,2025-06-12 21:28:41,42.3957557678223,-8.92041301727295,"Male"
"9004152",371985,2025-06-12 21:33:41,42.395694732666,-8.92017936706543,"Male"
"9004152",371985,2025-06-12 21:38:39,42.3958358764648,-8.9205150604248,"Male"
"9004152",371985,2025-06-12 21:43:41,42.3956260681152,-8.92003154754639,"Male"
"9004152",371985,2025-06-12 21:48:48,42.3958473205566,-8.92047119140625,"Male"
"9004152",371985,2025-06-12 21:53:40,42.3958740234375,-8.92070770263672,"Male"
"9004152",371985,2025-06-12 21:58:40,42.3956260681152,-8.92017078399658,"Male"
"9004152",371985,2025-06-12 22:03:40,42.3957977294922,-8.92047691345215,"Male"
"9004152",371985,2025-06-12 22:08:39,42.3957405090332,-8.92040252685547,"Male"
"9004152",371985,2025-06-12 22:13:41,42.3959770202637,-8.92076587677002,"Male"
"9004152",371985,2025-06-12 22:18:41,42.3958435058594,-8.92060565948486,"Male"
"9004152",371985,2025-06-12 22:23:40,42.39599609375,-8.92074012756348,"Male"
"9004152",371985,2025-06-12 22:28:46,42.3958396911621,-8.92050838470459,"Male"
"9004152",371985,2025-06-12 22:33:43,42.3957672119141,-8.9205207824707,"Male"
"9004152",371985,2025-06-12 22:38:48,42.3958206176758,-8.92052173614502,"Male"
"9004152",371985,2025-06-12 22:43:48,42.3958206176758,-8.92055606842041,"Male"
"9004152",371985,2025-06-12 22:48:48,42.3957939147949,-8.9205493927002,"Male"
"9004152",371985,2025-06-12 22:53:46,42.3958358764648,-8.9205493927002,"Male"
"9004152",371985,2025-06-12 22:58:48,42.3958320617676,-8.92059421539307,"Male"
"9004152",371985,2025-06-12 23:03:48,42.3958206176758,-8.92062759399414,"Male"
"9004152",371985,2025-06-12 23:08:45,42.3958435058594,-8.9205265045166,"Male"
"9004152",371985,2025-06-12 23:13:48,42.3958206176758,-8.9205150604248,"Male"
"9004152",371985,2025-06-12 23:18:48,42.3958358764648,-8.92050361633301,"Male"
"9004152",371985,2025-06-12 23:23:47,42.3958549499512,-8.92051601409912,"Male"
"9004152",371985,2025-06-12 23:28:47,42.3961296081543,-8.92065143585205,"Male"
"9004152",371985,2025-06-12 23:33:48,42.3958969116211,-8.92047214508057,"Male"
"9004152",371985,2025-06-12 23:39:05,42.3958892822266,-8.92051792144775,"Male"
"9004152",371985,2025-06-12 23:43:39,42.3958930969238,-8.92052459716797,"Male"
"9004152",371985,2025-06-12 23:48:39,42.3958473205566,-8.92053699493408,"Male"
"9004152",371985,2025-06-12 23:53:39,42.3958854675293,-8.92052745819092,"Male"
"9004152",371985,2025-06-12 23:58:39,42.395923614502,-8.92052459716797,"Male"
"9004152",371985,2025-06-13 00:03:39,42.3959197998047,-8.92048931121826,"Male"
"9004152",371985,2025-06-13 00:08:39,42.3958854675293,-8.92054557800293,"Male"
"9004152",371985,2025-06-13 00:13:39,42.3959503173828,-8.92055702209473,"Male"
"9004152",371985,2025-06-13 00:18:39,42.3959197998047,-8.92058944702148,"Male"
"9004152",371985,2025-06-13 00:23:39,42.3959426879883,-8.92057037353516,"Male"
"9004152",371985,2025-06-13 00:28:39,42.3959045410156,-8.92055320739746,"Male"
"9004152",371985,2025-06-13 00:33:39,42.3959121704102,-8.92050170898438,"Male"
"9004152",371985,2025-06-13 00:38:40,42.3959121704102,-8.92055797576904,"Male"
"9004152",371985,2025-06-13 00:43:39,42.395938873291,-8.92051696777344,"Male"
"9004152",371985,2025-06-13 00:48:39,42.3959083557129,-8.92056560516357,"Male"
"9004152",371985,2025-06-13 00:53:41,42.3960304260254,-8.92062854766846,"Male"
"9004152",371985,2025-06-13 00:58:42,42.3962249755859,-8.92072868347168,"Male"
"9004152",371985,2025-06-13 01:03:42,42.3959693908691,-8.9205846786499,"Male"
"9004152",371985,2025-06-13 01:08:42,42.3960838317871,-8.92063999176025,"Male"
"9004152",371985,2025-06-13 01:13:47,42.3959617614746,-8.92056369781494,"Male"
"9004152",371985,2025-06-13 01:19:05,42.3959770202637,-8.92054748535156,"Male"
"9004152",371985,2025-06-13 01:23:39,42.3959350585938,-8.92055034637451,"Male"
"9004152",371985,2025-06-13 01:28:39,42.3959884643555,-8.92060470581055,"Male"
"9004152",371985,2025-06-13 01:33:40,42.3959045410156,-8.92062282562256,"Male"
"9004152",371985,2025-06-13 01:38:40,42.3960838317871,-8.92078113555908,"Male"
"9004152",371985,2025-06-13 01:43:42,42.3961334228516,-8.92075824737549,"Male"
"9004152",371985,2025-06-13 01:48:42,42.3960800170898,-8.92091751098633,"Male"
"9004152",371985,2025-06-13 01:53:42,42.3959922790527,-8.91937732696533,"Male"
"9004152",371985,2025-06-13 01:58:43,42.3959159851074,-8.92042636871338,"Male"
"9004152",371985,2025-06-13 02:04:14,42.3959808349609,-8.92051696777344,"Male"
"9004152",371985,2025-06-13 02:08:40,42.3960914611816,-8.92061519622803,"Male"
"9004152",371985,2025-06-13 02:13:40,42.3959465026855,-8.92051696777344,"Male"
"9004152",371985,2025-06-13 02:18:40,42.3960266113281,-8.92056179046631,"Male"
"9004152",371985,2025-06-13 02:23:40,42.3959503173828,-8.92053508758545,"Male"
"9004152",371985,2025-06-13 02:28:39,42.3959732055664,-8.92047882080078,"Male"
"9004152",371985,2025-06-13 02:33:47,42.3959732055664,-8.920485496521,"Male"
"9004152",371985,2025-06-13 02:38:45,42.3959617614746,-8.92053604125977,"Male"
"9004152",371985,2025-06-13 02:43:42,42.3959846496582,-8.92033767700195,"Male"
"9004152",371985,2025-06-13 02:48:43,42.395938873291,-8.92052745819092,"Male"
"9004152",371985,2025-06-13 02:53:40,42.3960418701172,-8.92064094543457,"Male"
"9004152",371985,2025-06-13 02:58:41,42.3959045410156,-8.92060565948486,"Male"
"9004152",371985,2025-06-13 03:03:43,42.3958930969238,-8.92056655883789,"Male"
"9004152",371985,2025-06-13 03:08:42,42.3959770202637,-8.92068481445312,"Male"
"9004152",371985,2025-06-13 03:13:46,42.3960151672363,-8.92057991027832,"Male"
"9004152",371985,2025-06-13 03:18:43,42.3959350585938,-8.92062473297119,"Male"
"9004152",371985,2025-06-13 03:23:45,42.3959503173828,-8.92062950134277,"Male"
"9004152",371985,2025-06-13 03:34:04,42.3959350585938,-8.92060852050781,"Male"
"9004152",371985,2025-06-13 03:43:40,42.3957786560059,-8.92045021057129,"Male"
"9004152",371985,2025-06-13 03:53:43,42.395866394043,-8.9206371307373,"Male"
"9004152",371985,2025-06-13 04:03:42,42.3957901000977,-8.92047882080078,"Male"
"9004152",371985,2025-06-13 04:08:48,42.395881652832,-8.92062377929688,"Male"
"9004152",371985,2025-06-13 04:18:40,42.3958587646484,-8.92059803009033,"Male"
"9004152",371985,2025-06-13 04:28:42,42.3959350585938,-8.92058181762695,"Male"
"9004152",371985,2025-06-13 04:33:42,42.395866394043,-8.92057323455811,"Male"
"9004152",371985,2025-06-13 04:38:43,42.3959426879883,-8.92061710357666,"Male"
"9004152",371985,2025-06-13 04:43:48,42.3958358764648,-8.92049980163574,"Male"
"9004152",371985,2025-06-13 04:53:48,42.3958969116211,-8.92062091827393,"Male"
"9004152",371985,2025-06-13 04:58:46,42.3958778381348,-8.92056941986084,"Male"
"9004152",371985,2025-06-13 05:08:50,42.3958969116211,-8.92060375213623,"Male"
"9004152",371985,2025-06-13 05:19:08,42.3959121704102,-8.92076396942139,"Male"
"9004152",371985,2025-06-13 05:29:16,42.3958930969238,-8.92051696777344,"Male"
"9004152",371985,2025-06-13 05:38:43,42.3958587646484,-8.92055511474609,"Male"
"9004152",371985,2025-06-13 05:48:39,42.3958930969238,-8.92057418823242,"Male"
"9004152",371985,2025-06-13 05:58:39,42.3959350585938,-8.92063236236572,"Male"
"9004152",371985,2025-06-13 06:09:05,42.3960113525391,-8.92050743103027,"Male"
"9004152",371985,2025-06-13 06:18:39,42.3958396911621,-8.92053699493408,"Male"
"9004152",371985,2025-06-13 06:23:39,42.3958320617676,-8.9204740524292,"Male"
"9004152",371985,2025-06-13 06:34:05,42.397647857666,-8.9202709197998,"Male"
"9004152",371985,2025-06-13 06:43:39,42.3976745605469,-8.92026805877686,"Male"
"9004152",371985,2025-06-13 06:53:40,42.397647857666,-8.92030906677246,"Male"
"9004152",371985,2025-06-13 07:03:40,42.3976593017578,-8.92029190063477,"Male"
"9004152",371985,2025-06-13 07:13:40,42.3977241516113,-8.9203405380249,"Male"
"9004152",371985,2025-06-13 07:23:40,42.4086799621582,-8.87856960296631,"Male"
"9004152",371985,2025-06-13 07:29:00,42.4101409912109,-8.87584590911865,"Male"
"9004152",371985,2025-06-13 07:39:26,42.410041809082,-8.87448310852051,"Male"
"9004152",371985,2025-06-13 07:49:57,42.4080352783203,-8.87381839752197,"Male"
"9004152",371985,2025-06-13 08:13:59,42.4086380004883,-8.87108898162842,"Male"
"9004152",371985,2025-06-13 08:24:17,42.4088745117188,-8.87069034576416,"Male"
"9004152",371985,2025-06-13 09:21:39,42.409122467041,-8.8715648651123,"Male"
"9004152",371985,2025-06-13 09:31:49,42.410213470459,-8.86958885192871,"Male"
"9004152",371985,2025-06-13 09:42:31,42.4103317260742,-8.87137699127197,"Male"
"9004152",371985,2025-06-13 10:11:03,42.4083938598633,-8.87578868865967,"Male"
"9004152",371985,2025-06-13 10:20:23,42.3979988098145,-8.85830211639404,"Male"
"9004152",371985,2025-06-13 10:29:43,42.3987579345703,-8.85827732086182,"Male"
"9004152",371985,2025-06-13 10:39:46,42.3986892700195,-8.85799217224121,"Male"
"9004152",371985,2025-06-13 10:49:43,42.3985481262207,-8.85879325866699,"Male"
"9004152",371985,2025-06-13 11:00:14,42.3986053466797,-8.85807800292969,"Male"
"9004152",371985,2025-06-13 11:09:43,42.3986167907715,-8.85727596282959,"Male"
"9004152",371985,2025-06-13 11:20:23,42.3962631225586,-8.85697746276855,"Male"
"9004152",371985,2025-06-13 11:30:29,42.3954162597656,-8.85639667510986,"Male"
"9004152",371985,2025-06-13 11:41:09,42.3962020874023,-8.85546016693115,"Male"
"9004152",371985,2025-06-13 11:54:01,42.3952827453613,-8.85578536987305,"Male"
"9004152",371985,2025-06-13 12:04:07,42.3945770263672,-8.8547534942627,"Male"
"9004152",371985,2025-06-13 12:14:24,42.3951072692871,-8.85570621490479,"Male"
"9004152",371985,2025-06-13 12:24:45,42.3966293334961,-8.85795593261719,"Male"
"9004152",371985,2025-06-13 12:34:44,42.3985443115234,-8.85808277130127,"Male"
"9004152",371985,2025-06-13 12:44:44,42.398551940918,-8.85793495178223,"Male"
"9004152",371985,2025-06-13 12:54:44,42.3984680175781,-8.85800075531006,"Male"
"9004152",371985,2025-06-13 13:04:45,42.3986625671387,-8.85783195495605,"Male"
"9004152",371985,2025-06-13 13:15:05,42.3985328674316,-8.85797309875488,"Male"
"9004152",371985,2025-06-13 13:24:44,42.3985290527344,-8.8578577041626,"Male"
"9004152",371985,2025-06-13 13:34:44,42.3984489440918,-8.85800838470459,"Male"
"9004152",371985,2025-06-13 13:45:05,42.3984375,-8.85805511474609,"Male"
"9004152",371985,2025-06-13 13:54:43,42.4068756103516,-8.86132526397705,"Male"
"9004152",371985,2025-06-13 14:04:42,42.4069747924805,-8.86131000518799,"Male"
"9004152",371985,2025-06-13 14:15:28,42.40673828125,-8.8646411895752,"Male"
"9004152",371985,2025-06-13 14:25:51,42.4066696166992,-8.86521434783936,"Male"
"9004152",371985,2025-06-13 14:36:33,42.4057731628418,-8.86519527435303,"Male"
"9004152",371985,2025-06-13 14:46:39,42.3983764648438,-8.85793209075928,"Male"
"9004152",371985,2025-06-13 14:51:39,42.3984642028809,-8.85796070098877,"Male"
"9004152",371985,2025-06-13 15:01:41,42.3984336853027,-8.8580493927002,"Male"
"9004152",371985,2025-06-13 15:11:30,42.3986740112305,-8.85816478729248,"Male"
"9004152",371985,2025-06-13 15:21:37,42.3986015319824,-8.85772514343262,"Male"
"9004152",371985,2025-06-13 15:31:39,42.3985710144043,-8.8579568862915,"Male"
"9004152",371985,2025-06-13 15:41:30,42.3985748291016,-8.85781574249268,"Male"
"9004152",371985,2025-06-13 15:51:45,42.3985328674316,-8.85790824890137,"Male"
"9004152",371985,2025-06-13 15:56:29,42.3986854553223,-8.85837364196777,"Male"
"9004152",371985,2025-06-13 16:06:32,42.3985176086426,-8.85806179046631,"Male"
"9004152",371985,2025-06-13 16:11:31,42.3985939025879,-8.85778617858887,"Male"
"9004152",371985,2025-06-13 16:16:32,42.3984832763672,-8.85774803161621,"Male"
"9004152",371985,2025-06-13 16:21:37,42.3985328674316,-8.85777473449707,"Male"
"9004152",371985,2025-06-13 16:26:46,42.3985595703125,-8.85778045654297,"Male"
"9004152",371985,2025-06-13 16:31:30,42.3984451293945,-8.85726833343506,"Male"
"9004152",371985,2025-06-13 16:36:34,42.398567199707,-8.8576831817627,"Male"
"9004152",371985,2025-06-13 16:41:30,42.3985710144043,-8.85748100280762,"Male"
"9004152",371985,2025-06-13 16:47:05,42.3984909057617,-8.85799026489258,"Male"
"9004152",371985,2025-06-13 16:52:09,42.4093704223633,-8.87019634246826,"Male"
"9004152",371985,2025-06-13 16:57:37,42.4099273681641,-8.87023067474365,"Male"
"9004152",371985,2025-06-13 17:03:28,42.4108695983887,-8.8705587387085,"Male"
"9004152",371985,2025-06-13 17:09:14,42.4103965759277,-8.87051296234131,"Male"
"9004152",371985,2025-06-13 17:14:47,42.4098892211914,-8.87035942077637,"Male"
"9004152",371985,2025-06-13 17:19:56,42.4090614318848,-8.87054347991943,"Male"
"9004152",371985,2025-06-13 17:24:56,42.4084892272949,-8.87111759185791,"Male"
"9004152",371985,2025-06-13 17:29:58,42.4086875915527,-8.8719425201416,"Male"
"9004152",371985,2025-06-13 17:34:58,42.4091453552246,-8.87343597412109,"Male"
"9004152",371985,2025-06-13 17:39:56,42.4082717895508,-8.87564468383789,"Male"
"9004152",371985,2025-06-13 17:44:58,42.398796081543,-8.91290855407715,"Male"
"9004152",371985,2025-06-13 17:49:59,42.3978691101074,-8.92060661315918,"Male"
"9004152",371985,2025-06-13 17:54:58,42.3979568481445,-8.92074394226074,"Male"
"9004152",371985,2025-06-13 18:00:07,42.3977813720703,-8.92062759399414,"Male"
"9004152",371985,2025-06-13 18:05:14,42.3977851867676,-8.92063426971436,"Male"
"9004152",371985,2025-06-13 18:09:57,42.3976211547852,-8.92053604125977,"Male"
"9004152",371985,2025-06-13 18:14:59,42.3977737426758,-8.92071533203125,"Male"
"9004152",371985,2025-06-13 18:19:57,42.3976898193359,-8.92057418823242,"Male"
"9004152",371985,2025-06-13 18:24:57,42.3976936340332,-8.92063331604004,"Male"
"9004152",371985,2025-06-13 18:30:00,42.3977432250977,-8.92060470581055,"Male"
"9004152",371985,2025-06-13 18:35:14,42.3978042602539,-8.9206428527832,"Male"
"9004152",371985,2025-06-13 18:39:56,42.3977317810059,-8.92058563232422,"Male"
"9004152",371985,2025-06-13 18:44:56,42.3977165222168,-8.92057609558105,"Male"
"9004152",371985,2025-06-13 18:49:56,42.3977203369141,-8.92056941986084,"Male"
"9004152",371985,2025-06-13 18:54:58,42.3978080749512,-8.92068195343018,"Male"
"9004152",371985,2025-06-13 19:00:13,42.3977584838867,-8.92053318023682,"Male"
"9004152",371985,2025-06-13 19:04:59,42.3977508544922,-8.92056369781494,"Male"
"9004152",371985,2025-06-13 19:09:59,42.3980178833008,-8.92098236083984,"Male"
"9004152",371985,2025-06-13 19:14:59,42.3977966308594,-8.92069721221924,"Male"
"9004152",371985,2025-06-13 19:20:00,42.3978385925293,-8.92067813873291,"Male"
"9004152",371985,2025-06-13 19:24:59,42.3978118896484,-8.92066860198975,"Male"
"9004152",371985,2025-06-13 19:29:56,42.397762298584,-8.92060470581055,"Male"
"9004152",371985,2025-06-13 19:34:56,42.3977584838867,-8.92063617706299,"Male"
"9004152",371985,2025-06-13 19:39:56,42.3977470397949,-8.920578956604,"Male"
"9004152",371985,2025-06-13 19:44:56,42.3978309631348,-8.92068290710449,"Male"
"9004152",371985,2025-06-13 19:50:14,42.3978881835938,-8.92077445983887,"Male"
"9004152",371985,2025-06-13 19:54:58,42.3977317810059,-8.92050457000732,"Male"
"9004152",371985,2025-06-13 19:59:58,42.3978462219238,-8.92070388793945,"Male"
"9004152",371985,2025-06-13 20:04:57,42.3977813720703,-8.92068767547607,"Male"
"9004152",371985,2025-06-13 20:09:56,42.3977928161621,-8.92071723937988,"Male"
"9004152",371985,2025-06-13 20:15:07,42.3977928161621,-8.92071151733398,"Male"
"9004152",371985,2025-06-13 20:19:57,42.3975067138672,-8.92037582397461,"Male"
"9004152",371985,2025-06-13 20:25:07,42.3976783752441,-8.92064666748047,"Male"
"9004152",371985,2025-06-13 20:30:01,42.3977279663086,-8.92083263397217,"Male"
"9004152",371985,2025-06-13 20:35:14,42.3977546691895,-8.9208288192749,"Male"
"9004152",371985,2025-06-13 20:40:07,42.3977088928223,-8.92071628570557,"Male"
"9004152",371985,2025-06-13 20:45:07,42.397705078125,-8.92069053649902,"Male"
"9004152",371985,2025-06-13 20:50:07,42.3977508544922,-8.92082977294922,"Male"
"9004152",371985,2025-06-13 20:55:07,42.3978118896484,-8.92081451416016,"Male"
"9004152",371985,2025-06-13 21:00:07,42.3979339599609,-8.92076873779297,"Male"
"9004152",371985,2025-06-13 21:05:29,42.3978538513184,-8.92077541351318,"Male"
"9004152",371985,2025-06-13 21:09:56,42.3978843688965,-8.92075252532959,"Male"
"9004152",371985,2025-06-13 21:19:56,42.3977966308594,-8.92080211639404,"Male"
"9004152",371985,2025-06-13 21:30:02,42.397876739502,-8.92067813873291,"Male"
"9004152",371985,2025-06-13 21:40:12,42.3979187011719,-8.92070198059082,"Male"
"9004152",371985,2025-06-13 21:50:14,42.3979034423828,-8.92070007324219,"Male"
"9004152",371985,2025-06-13 22:00:29,42.3979187011719,-8.92070007324219,"Male"
"9004152",371985,2025-06-13 22:04:56,42.39794921875,-8.92065715789795,"Male"
"9004152",371985,2025-06-13 22:14:56,42.3979415893555,-8.92079734802246,"Male"
"9004152",371985,2025-06-13 22:24:57,42.3978729248047,-8.92065334320068,"Male"
"9004152",371985,2025-06-13 22:34:57,42.3977355957031,-8.92060565948486,"Male"
"9004152",371985,2025-06-13 22:44:57,42.3977203369141,-8.92059516906738,"Male"
"9004152",371985,2025-06-13 22:54:55,42.3978004455566,-8.92089176177979,"Male"
"9004152",371985,2025-06-13 23:04:56,42.3978996276855,-8.92081260681152,"Male"
"9004152",371985,2025-06-13 23:14:56,42.3977546691895,-8.92075061798096,"Male"
"9004152",371985,2025-06-13 23:24:58,42.3975944519043,-8.92066287994385,"Male"
"9004152",371985,2025-06-13 23:34:57,42.3977432250977,-8.92068862915039,"Male"
"9004152",371985,2025-06-13 23:44:57,42.3978271484375,-8.92080402374268,"Male"
"9004152",371985,2025-06-13 23:55:07,42.3978881835938,-8.92075252532959,"Male"
"9004152",371985,2025-06-14 00:04:57,42.3978157043457,-8.92069339752197,"Male"
"9004152",371985,2025-06-14 00:14:58,42.3978691101074,-8.92083358764648,"Male"
"9004152",371985,2025-06-14 00:24:59,42.3979301452637,-8.92070388793945,"Male"
"9004152",371985,2025-06-14 00:35:32,42.397876739502,-8.9207649230957,"Male"
"9004152",371985,2025-06-14 00:45:11,42.3978538513184,-8.92076683044434,"Male"
"9004152",371985,2025-06-14 00:54:56,42.3979644775391,-8.920654296875,"Male"
"9004152",371985,2025-06-14 01:04:55,42.3980979919434,-8.92058086395264,"Male"
"9004152",371985,2025-06-14 01:14:55,42.3979835510254,-8.92080402374268,"Male"
"9004152",371985,2025-06-14 01:24:59,42.3979110717773,-8.92060661315918,"Male"
"9004152",371985,2025-06-14 01:35:12,42.39794921875,-8.92066860198975,"Male"
"9004152",371985,2025-06-14 01:44:56,42.398078918457,-8.92082595825195,"Male"
"9004152",371985,2025-06-14 01:54:58,42.3980598449707,-8.92086887359619,"Male"
"9004152",371985,2025-06-14 02:05:00,42.3979454040527,-8.92079448699951,"Male"
"9004152",371985,2025-06-14 02:14:59,42.3979148864746,-8.92064189910889,"Male"
"9004152",371985,2025-06-14 02:25:01,42.3979225158691,-8.92068099975586,"Male"
"9004152",371985,2025-06-14 02:35:08,42.397891998291,-8.92064571380615,"Male"
"9004152",371985,2025-06-14 02:45:14,42.397777557373,-8.92059707641602,"Male"
"9004152",371985,2025-06-14 02:55:06,42.3978462219238,-8.92062377929688,"Male"
"9004152",371985,2025-06-14 03:05:06,42.3978576660156,-8.92061328887939,"Male"
"9004152",371985,2025-06-14 03:15:04,42.3979187011719,-8.92063808441162,"Male"
"9004152",371985,2025-06-14 03:24:57,42.3978958129883,-8.92065143585205,"Male"
"9004152",371985,2025-06-14 03:35:14,42.3978996276855,-8.92072772979736,"Male"
"9004152",371985,2025-06-14 03:44:57,42.3977699279785,-8.92066669464111,"Male"
"9004152",371985,2025-06-14 03:54:55,42.3979301452637,-8.92071342468262,"Male"
"9004152",371985,2025-06-14 04:04:57,42.3977699279785,-8.9207124710083,"Male"
"9004152",371985,2025-06-14 04:14:58,42.3979415893555,-8.9208517074585,"Male"
"9004152",371985,2025-06-14 04:25:01,42.3979873657227,-8.92085552215576,"Male"
"9004152",371985,2025-06-14 04:35:26,42.3979034423828,-8.92084121704102,"Male"
"9004152",371985,2025-06-14 04:44:55,42.3978691101074,-8.92066669464111,"Male"
"9004152",371985,2025-06-14 04:54:57,42.3979530334473,-8.92083644866943,"Male"
"9004152",371985,2025-06-14 05:04:59,42.3978500366211,-8.92073249816895,"Male"
"9004152",371985,2025-06-14 05:14:57,42.3977546691895,-8.92075061798096,"Male"
"9004152",371985,2025-06-14 05:24:59,42.3977012634277,-8.92053890228271,"Male"
"9004152",371985,2025-06-14 05:35:13,42.3978691101074,-8.92080307006836,"Male"
"9004152",371985,2025-06-14 05:44:58,42.3977470397949,-8.92032623291016,"Male"
"9004152",371985,2025-06-14 05:54:55,42.3977546691895,-8.92028522491455,"Male"
"9004152",371985,2025-06-14 06:04:55,42.3977546691895,-8.9203405380249,"Male"
"9004152",371985,2025-06-14 06:14:55,42.3977508544922,-8.92031574249268,"Male"
"9004152",371985,2025-06-14 06:24:58,42.3978691101074,-8.92074680328369,"Male"
"9004152",371985,2025-06-14 06:35:14,42.3977127075195,-8.92022705078125,"Male"
"9004152",371985,2025-06-14 06:44:56,42.3977012634277,-8.92036437988281,"Male"
"9004152",371985,2025-06-14 06:54:55,42.3976974487305,-8.9202184677124,"Male"
"9004152",371985,2025-06-14 07:05:03,42.3947830200195,-8.91081809997559,"Male"
"9004152",371985,2025-06-14 07:15:07,42.3948364257812,-8.90980243682861,"Male"
"9004152",371985,2025-06-14 07:25:35,42.4111404418945,-8.87609386444092,"Male"
"9004152",371985,2025-06-14 07:35:16,42.4114418029785,-8.87817192077637,"Male"
"9004152",371985,2025-06-14 07:45:29,42.4116363525391,-8.8775520324707,"Male"
"9004152",371985,2025-06-14 07:55:42,42.4125823974609,-8.87689971923828,"Male"
"9004152",371985,2025-06-14 08:06:17,42.4122886657715,-8.87829780578613,"Male"
"9004152",371985,2025-06-14 08:16:35,42.4118499755859,-8.87738990783691,"Male"
"9004152",371985,2025-06-14 08:27:10,42.4117813110352,-8.87698936462402,"Male"
"9004152",371985,2025-06-14 08:37:11,42.4114151000977,-8.87552452087402,"Male"
"9004152",371985,2025-06-14 08:47:36,42.413745880127,-8.87347221374512,"Male"
"9004152",371985,2025-06-14 08:57:28,42.4137725830078,-8.87362480163574,"Male"
"9004152",371985,2025-06-14 09:07:29,42.4137382507324,-8.87363719940186,"Male"
"9004152",371985,2025-06-14 09:17:28,42.4137802124023,-8.87366485595703,"Male"
"9004152",371985,2025-06-14 09:27:28,42.4137344360352,-8.87368965148926,"Male"
"9004152",371985,2025-06-14 09:37:28,42.4137420654297,-8.87368106842041,"Male"
"9004152",371985,2025-06-14 09:42:30,42.4137382507324,-8.87360572814941,"Male"
"9004152",371985,2025-06-14 09:47:28,42.4136505126953,-8.87353610992432,"Male"
"9004152",371985,2025-06-14 09:52:29,42.4136619567871,-8.87353897094727,"Male"
"9004152",371985,2025-06-14 09:57:34,42.413215637207,-8.87344932556152,"Male"
"9004152",371985,2025-06-14 10:03:33,42.4120407104492,-8.87339115142822,"Male"
"9004152",371985,2025-06-14 10:08:19,42.4113616943359,-8.87437057495117,"Male"
"9004152",371985,2025-06-14 10:14:36,42.4104690551758,-8.87429428100586,"Male"
"9004152",371985,2025-06-14 10:19:52,42.409839630127,-8.87486171722412,"Male"
"9004152",371985,2025-06-14 10:24:53,42.4093170166016,-8.87462902069092,"Male"
"9004152",371985,2025-06-14 11:13:14,42.4130744934082,-8.87989807128906,"Male"
"9004152",371985,2025-06-14 11:22:52,42.4144248962402,-8.87762832641602,"Male"
"9004152",371985,2025-06-14 11:27:55,42.4146003723145,-8.87778472900391,"Male"
"9004152",371985,2025-06-14 11:32:55,42.4143142700195,-8.8781156539917,"Male"
"9004152",371985,2025-06-14 11:37:55,42.4146499633789,-8.877685546875,"Male"
"9004152",371985,2025-06-14 11:42:55,42.4145393371582,-8.87777996063232,"Male"
"9004152",371985,2025-06-14 11:48:14,42.4145736694336,-8.87765407562256,"Male"
"9004152",371985,2025-06-14 11:53:00,42.4147567749023,-8.87757396697998,"Male"
"9004152",371985,2025-06-14 11:58:06,42.4145545959473,-8.87771415710449,"Male"
"9004152",371985,2025-06-14 12:02:57,42.4142456054688,-8.8777961730957,"Male"
"9004152",371985,2025-06-14 12:07:55,42.4142646789551,-8.87780094146729,"Male"
"9004152",371985,2025-06-14 12:12:55,42.4141654968262,-8.87795257568359,"Male"
"9004152",371985,2025-06-14 12:18:07,42.414665222168,-8.87766170501709,"Male"
"9004152",371985,2025-06-14 12:22:53,42.4144859313965,-8.87783908843994,"Male"
"9004152",371985,2025-06-14 12:28:03,42.4146919250488,-8.87757778167725,"Male"
"9004152",371985,2025-06-14 12:32:54,42.4146690368652,-8.87764835357666,"Male"
"9004152",371985,2025-06-14 12:37:53,42.414608001709,-8.87772464752197,"Male"
"9004152",371985,2025-06-14 12:42:59,42.4146003723145,-8.87770080566406,"Male"
"9004152",371985,2025-06-14 12:48:15,42.414623260498,-8.87769317626953,"Male"
"9004152",371985,2025-06-14 12:52:53,42.4145469665527,-8.87813854217529,"Male"
"9004152",371985,2025-06-14 12:58:00,42.4146842956543,-8.87765312194824,"Male"
"9004152",371985,2025-06-14 13:02:55,42.4137496948242,-8.87728118896484,"Male"
"9004152",371985,2025-06-14 13:08:18,42.4125137329102,-8.8770923614502,"Male"
"9004152",371985,2025-06-14 13:13:07,42.4119758605957,-8.87693786621094,"Male"
"9004152",371985,2025-06-14 13:18:17,42.4111671447754,-8.87634754180908,"Male"
"9004152",371985,2025-06-14 13:24:53,42.4108276367188,-8.87781047821045,"Male"
"9004152",371985,2025-06-14 13:30:00,42.4106979370117,-8.87831497192383,"Male"
"9004152",371985,2025-06-14 13:35:31,42.4117317199707,-8.87851715087891,"Male"
"9004152",371985,2025-06-14 13:40:53,42.4118995666504,-8.87768459320068,"Male"
"9004152",371985,2025-06-14 13:58:21,42.4120941162109,-8.8719539642334,"Male"
"9004152",371985,2025-06-14 14:03:21,42.4124565124512,-8.87110137939453,"Male"
"9004152",371985,2025-06-14 14:08:21,42.4133071899414,-8.87106704711914,"Male"
"9004152",371985,2025-06-14 14:13:21,42.4133415222168,-8.87113666534424,"Male"
"9004152",371985,2025-06-14 14:18:21,42.413501739502,-8.87106037139893,"Male"
"9004152",371985,2025-06-14 14:23:21,42.4134674072266,-8.87111473083496,"Male"
"9004152",371985,2025-06-14 14:28:21,42.4134559631348,-8.87110424041748,"Male"
"9004152",371985,2025-06-14 14:33:21,42.4134483337402,-8.87114334106445,"Male"
"9004152",371985,2025-06-14 14:38:22,42.4134788513184,-8.87107181549072,"Male"
"9004152",371985,2025-06-14 14:43:21,42.4134864807129,-8.87100601196289,"Male"
"9004152",371985,2025-06-14 14:48:21,42.4134254455566,-8.87105464935303,"Male"
"9004152",371985,2025-06-14 14:53:21,42.4135131835938,-8.87105655670166,"Male"
"9004152",371985,2025-06-14 14:58:21,42.4136390686035,-8.87112426757812,"Male"
"9004152",371985,2025-06-14 15:03:21,42.4134902954102,-8.87106227874756,"Male"
"9004152",371985,2025-06-14 15:08:21,42.413444519043,-8.87102127075195,"Male"
"9004152",371985,2025-06-14 15:13:27,42.4123229980469,-8.87116718292236,"Male"
"9004152",371985,2025-06-14 15:18:49,42.4112930297852,-8.87034034729004,"Male"
"9004152",371985,2025-06-14 15:23:55,42.4105377197266,-8.87098121643066,"Male"
"9004152",371985,2025-06-14 15:28:56,42.4113006591797,-8.87129306793213,"Male"
"9004152",371985,2025-06-14 15:34:19,42.4110641479492,-8.87182140350342,"Male"
"9004152",371985,2025-06-14 15:39:59,42.4103202819824,-8.87106132507324,"Male"
"9004152",371985,2025-06-14 15:45:11,42.4095458984375,-8.87012386322021,"Male"
"9004152",371985,2025-06-14 15:51:25,42.4092063903809,-8.8702335357666,"Male"
"9004152",371985,2025-06-14 15:57:04,42.4090957641602,-8.87136745452881,"Male"
"9004152",371985,2025-06-14 16:29:04,42.4106216430664,-8.87109279632568,"Male"
"9004152",371985,2025-06-14 16:34:32,42.4104461669922,-8.87186813354492,"Male"
"9004152",371985,2025-06-14 16:40:08,42.4103622436523,-8.87266635894775,"Male"
"9004152",371985,2025-06-14 16:49:55,42.4122505187988,-8.87284660339355,"Male"
"9004152",371985,2025-06-14 16:57:09,42.4115791320801,-8.87185955047607,"Male"
"9004152",371985,2025-06-14 18:20:29,42.397762298584,-8.92031192779541,"Male"
"9004152",371985,2025-06-14 18:29:27,42.3977737426758,-8.92028331756592,"Male"
"9004152",371985,2025-06-14 18:39:34,42.3981132507324,-8.92022132873535,"Male"
"9004152",371985,2025-06-14 18:49:27,42.3984413146973,-8.92124843597412,"Male"
"9004152",371985,2025-06-14 18:59:44,42.3984909057617,-8.92131423950195,"Male"
"9004152",371985,2025-06-14 19:09:27,42.3986854553223,-8.92170429229736,"Male"
"9004152",371985,2025-06-14 19:19:27,42.3985176086426,-8.92145824432373,"Male"
"9004152",371985,2025-06-14 19:29:44,42.3984909057617,-8.92126846313477,"Male"
"9004152",371985,2025-06-14 19:39:29,42.3985710144043,-8.92155456542969,"Male"
"9004152",371985,2025-06-14 19:49:59,42.3984375,-8.92132186889648,"Male"
"9004152",371985,2025-06-14 19:59:28,42.3983955383301,-8.92139434814453,"Male"
"9004152",371985,2025-06-14 20:09:31,42.3985366821289,-8.92149257659912,"Male"
"9004152",371985,2025-06-14 20:19:27,42.3983497619629,-8.92132759094238,"Male"
"9004152",371985,2025-06-14 20:29:27,42.3983955383301,-8.92134571075439,"Male"
"9004152",371985,2025-06-14 20:39:28,42.3974990844727,-8.92069053649902,"Male"
"9004152",371985,2025-06-14 20:49:44,42.3978080749512,-8.92090702056885,"Male"
"9004152",371985,2025-06-14 20:59:44,42.3977661132812,-8.92075061798096,"Male"
"9004152",371985,2025-06-14 21:09:28,42.3977813720703,-8.92086315155029,"Male"
"9004152",371985,2025-06-14 21:19:33,42.3977355957031,-8.92074489593506,"Male"
"9004152",371985,2025-06-14 21:29:27,42.3978004455566,-8.92090511322021,"Male"
"9004152",371985,2025-06-14 21:39:28,42.397834777832,-8.9208927154541,"Male"
"9004152",371985,2025-06-14 21:50:52,42.3977546691895,-8.92079067230225,"Male"
"9004152",371985,2025-06-14 22:00:05,42.3977699279785,-8.92076587677002,"Male"
"9004152",371985,2025-06-14 22:09:28,42.3978576660156,-8.9209566116333,"Male"
"9004152",371985,2025-06-14 22:19:27,42.3976936340332,-8.9204626083374,"Male"
"9004152",371985,2025-06-14 22:29:28,42.3977355957031,-8.92063522338867,"Male"
"9004152",371985,2025-06-14 22:39:28,42.3977584838867,-8.92073440551758,"Male"
"9004152",371985,2025-06-14 22:49:28,42.3977813720703,-8.92074775695801,"Male"
"9004152",371985,2025-06-14 22:59:28,42.3978042602539,-8.92077732086182,"Male"
"9004152",371985,2025-06-14 23:09:28,42.3977584838867,-8.92058944702148,"Male"
"9004152",371985,2025-06-14 23:19:44,42.3977813720703,-8.92095947265625,"Male"
"9004152",371985,2025-06-14 23:29:27,42.3977851867676,-8.92060375213623,"Male"
"9004152",371985,2025-06-14 23:39:28,42.3977813720703,-8.92056655883789,"Male"
"9004152",371985,2025-06-14 23:49:44,42.3977737426758,-8.92076969146729,"Male"
"9004152",371985,2025-06-14 23:59:44,42.3977928161621,-8.92078018188477,"Male"
"9004152",371985,2025-06-15 00:09:28,42.3978004455566,-8.92100524902344,"Male"
"9004152",371985,2025-06-15 00:20:05,42.3978233337402,-8.92085361480713,"Male"
"9004152",371985,2025-06-15 00:29:35,42.3977890014648,-8.92078113555908,"Male"
"9004152",371985,2025-06-15 00:39:29,42.3978538513184,-8.92087936401367,"Male"
"9004152",371985,2025-06-15 00:49:44,42.3977928161621,-8.92080211639404,"Male"
"9004152",371985,2025-06-15 00:59:28,42.397777557373,-8.92078304290771,"Male"
"9004152",371985,2025-06-15 01:09:28,42.3978538513184,-8.92084884643555,"Male"
"9004152",371985,2025-06-15 01:19:28,42.3978118896484,-8.92088794708252,"Male"
"9004152",371985,2025-06-15 01:29:28,42.3978233337402,-8.92090129852295,"Male"
"9004152",371985,2025-06-15 01:39:28,42.3978614807129,-8.92093563079834,"Male"
"9004152",371985,2025-06-15 01:49:28,42.3978462219238,-8.92086219787598,"Male"
"9004152",371985,2025-06-15 01:59:28,42.3978958129883,-8.92098522186279,"Male"
"9004152",371985,2025-06-15 02:09:30,42.3978729248047,-8.92084312438965,"Male"
"9004152",371985,2025-06-15 02:19:28,42.3979339599609,-8.9209156036377,"Male"
"9004152",371985,2025-06-15 02:29:28,42.3978729248047,-8.92083168029785,"Male"
"9004152",371985,2025-06-15 02:39:28,42.3978958129883,-8.92068862915039,"Male"
"9004152",371985,2025-06-15 02:49:29,42.3978462219238,-8.92073726654053,"Male"
"9004152",371985,2025-06-15 02:59:28,42.3978424072266,-8.92070198059082,"Male"
"9004152",371985,2025-06-15 03:09:29,42.3978538513184,-8.92074871063232,"Male"
"9004152",371985,2025-06-15 03:19:33,42.3978881835938,-8.92056465148926,"Male"
"9004152",371985,2025-06-15 03:29:31,42.3977584838867,-8.9207878112793,"Male"
"9004152",371985,2025-06-15 03:39:29,42.3979606628418,-8.92123794555664,"Male"
"9004152",371985,2025-06-15 03:50:05,42.3976898193359,-8.92086029052734,"Male"
"9004152",371985,2025-06-15 04:00:05,42.3978042602539,-8.92081642150879,"Male"
"9004152",371985,2025-06-15 04:09:33,42.3978118896484,-8.92088603973389,"Male"
"9004152",371985,2025-06-15 04:19:27,42.397834777832,-8.92075252532959,"Male"
"9004152",371985,2025-06-15 04:29:28,42.3981437683105,-8.92036819458008,"Male"
"9004152",371985,2025-06-15 04:39:30,42.3976631164551,-8.92082595825195,"Male"
"9004152",371985,2025-06-15 04:49:36,42.3976821899414,-8.92076301574707,"Male"
"9004152",371985,2025-06-15 04:59:36,42.3977584838867,-8.92081069946289,"Male"
"9004152",371985,2025-06-15 05:09:28,42.3978309631348,-8.92081356048584,"Male"
"9004152",371985,2025-06-15 05:19:36,42.3977813720703,-8.92072772979736,"Male"
"9004152",371985,2025-06-15 05:29:27,42.3974761962891,-8.92003726959229,"Male"
"9004152",371985,2025-06-15 05:39:36,42.3975677490234,-8.92030429840088,"Male"
"9004152",371985,2025-06-15 05:49:27,42.3975830078125,-8.92025947570801,"Male"
"9004152",371985,2025-06-15 05:59:34,42.3983116149902,-8.91646385192871,"Male"
"9004152",371985,2025-06-15 06:09:29,42.4084129333496,-8.89677715301514,"Male"
"9004152",371985,2025-06-15 06:25:54,42.4163780212402,-8.88627815246582,"Male"
"9004152",371985,2025-06-15 06:36:30,42.4130897521973,-8.88210010528564,"Male"
"9004152",371985,2025-06-15 06:54:40,42.4084510803223,-8.87177658081055,"Male"
"9004152",371985,2025-06-15 07:09:06,42.4083213806152,-8.87632083892822,"Male"
"9004152",371985,2025-06-15 07:20:17,42.4097747802734,-8.87913417816162,"Male"
"9004152",371985,2025-06-15 07:30:20,42.40966796875,-8.8796911239624,"Male"
"9004152",371985,2025-06-15 07:40:45,42.4147300720215,-8.8773946762085,"Male"
"9004152",371985,2025-06-15 07:50:18,42.4147033691406,-8.87723827362061,"Male"
"9004152",371985,2025-06-15 08:00:19,42.4147834777832,-8.87756729125977,"Male"
"9004152",371985,2025-06-15 08:10:33,42.414924621582,-8.87757015228271,"Male"
"9004152",371985,2025-06-15 08:20:18,42.414794921875,-8.87746334075928,"Male"
"9004152",371985,2025-06-15 08:30:35,42.414794921875,-8.87757778167725,"Male"
"9004152",371985,2025-06-15 08:40:09,42.4147796630859,-8.87760257720947,"Male"
"9004152",371985,2025-06-15 08:50:09,42.4148139953613,-8.87759208679199,"Male"
"9004152",371985,2025-06-15 09:00:09,42.4148063659668,-8.87757301330566,"Male"
"9004152",371985,2025-06-15 09:10:09,42.4148216247559,-8.8775577545166,"Male"
"9004152",371985,2025-06-15 09:15:09,42.4148178100586,-8.87759780883789,"Male"
"9004152",371985,2025-06-15 09:20:09,42.4147644042969,-8.87756252288818,"Male"
"9004152",371985,2025-06-15 09:25:09,42.4146995544434,-8.87753295898438,"Male"
"9004152",371985,2025-06-15 09:30:10,42.4148139953613,-8.87760353088379,"Male"
"9004152",371985,2025-06-15 09:35:10,42.4147109985352,-8.87764644622803,"Male"
"9004152",371985,2025-06-15 09:40:13,42.413501739502,-8.87642955780029,"Male"
"9004152",371985,2025-06-15 09:45:31,42.4119834899902,-8.87524890899658,"Male"
"9004152",371985,2025-06-15 09:50:59,42.4112167358398,-8.87420082092285,"Male"
"9004152",371985,2025-06-15 09:56:01,42.4106712341309,-8.87446594238281,"Male"
"9004152",371985,2025-06-15 10:01:39,42.4104614257812,-8.87307357788086,"Male"
"9004152",371985,2025-06-15 10:06:41,42.4098625183105,-8.87123107910156,"Male"
"9004152",371985,2025-06-15 10:11:50,42.4107818603516,-8.87124443054199,"Male"
"9004152",371985,2025-06-15 10:17:29,42.4110374450684,-8.87073993682861,"Male"
"9004152",371985,2025-06-15 10:23:04,42.4116973876953,-8.87104797363281,"Male"
"9004152",371985,2025-06-15 10:28:17,42.4115676879883,-8.87194442749023,"Male"
"9004152",371985,2025-06-15 10:33:45,42.4117317199707,-8.87320041656494,"Male"
"9004152",371985,2025-06-15 10:39:06,42.4131202697754,-8.87511730194092,"Male"
"9004152",371985,2025-06-15 10:44:07,42.4144668579102,-8.87734031677246,"Male"
"9004152",371985,2025-06-15 10:49:04,42.4144897460938,-8.87739658355713,"Male"
"9004152",371985,2025-06-15 10:54:12,42.414436340332,-8.8773365020752,"Male"
"9004152",371985,2025-06-15 10:59:04,42.4144287109375,-8.87736320495605,"Male"
"9004152",371985,2025-06-15 11:04:04,42.414493560791,-8.87734794616699,"Male"
"9004152",371985,2025-06-15 11:09:04,42.4144554138184,-8.87740230560303,"Male"
"9004152",371985,2025-06-15 11:14:04,42.4144248962402,-8.87739181518555,"Male"
"9004152",371985,2025-06-15 11:19:04,42.4143714904785,-8.87743663787842,"Male"
"9004152",371985,2025-06-15 11:24:06,42.4145126342773,-8.87726974487305,"Male"
"9004152",371985,2025-06-15 11:29:04,42.4144172668457,-8.8774938583374,"Male"
"9004152",371985,2025-06-15 11:34:07,42.4144401550293,-8.87755680084229,"Male"
"9004152",371985,2025-06-15 11:39:04,42.4140663146973,-8.87753868103027,"Male"
"9004152",371985,2025-06-15 11:44:09,42.4133415222168,-8.87752056121826,"Male"
"9004152",371985,2025-06-15 11:49:14,42.4133644104004,-8.87875175476074,"Male"
"9004152",371985,2025-06-15 11:54:06,42.4133949279785,-8.87882041931152,"Male"
"9004152",371985,2025-06-15 11:59:04,42.4134407043457,-8.87881851196289,"Male"
"9004152",371985,2025-06-15 12:04:09,42.4133186340332,-8.87887668609619,"Male"
"9004152",371985,2025-06-15 12:09:04,42.4134101867676,-8.87874889373779,"Male"
"9004152",371985,2025-06-15 12:14:10,42.413402557373,-8.87880420684814,"Male"
"9004152",371985,2025-06-15 12:19:08,42.4134712219238,-8.8787202835083,"Male"
"9004152",371985,2025-06-15 12:24:08,42.413459777832,-8.87883567810059,"Male"
"9004152",371985,2025-06-15 12:29:08,42.413387298584,-8.87873363494873,"Male"
"9004152",371985,2025-06-15 12:34:09,42.4133567810059,-8.87864017486572,"Male"
"9004152",371985,2025-06-15 12:39:35,42.4133415222168,-8.87869453430176,"Male"
"9004152",371985,2025-06-15 12:44:04,42.4133644104004,-8.87868022918701,"Male"
"9004152",371985,2025-06-15 12:49:04,42.4133415222168,-8.87869071960449,"Male"
"9004152",371985,2025-06-15 12:54:04,42.4133453369141,-8.87867546081543,"Male"
"9004152",371985,2025-06-15 12:59:03,42.4133415222168,-8.87866973876953,"Male"
"9004152",371985,2025-06-15 13:04:04,42.4133567810059,-8.87866497039795,"Male"
"9004152",371985,2025-06-15 13:09:06,42.4124870300293,-8.87844562530518,"Male"
"9004152",371985,2025-06-15 13:14:49,42.4117736816406,-8.87782192230225,"Male"
"9004152",371985,2025-06-15 13:20:21,42.4108543395996,-8.87699604034424,"Male"
"9004152",371985,2025-06-15 13:26:07,42.4102935791016,-8.8758020401001,"Male"
"9004152",371985,2025-06-15 13:31:43,42.4107208251953,-8.87441158294678,"Male"
"9004152",371985,2025-06-15 13:36:58,42.410717010498,-8.87316608428955,"Male"
"9004152",371985,2025-06-15 13:42:25,42.4101219177246,-8.87224292755127,"Male"
"9004152",371985,2025-06-15 13:47:59,42.4113655090332,-8.87093162536621,"Male"
"9004152",371985,2025-06-15 13:53:45,42.411205291748,-8.87062358856201,"Male"
"9004152",371985,2025-06-15 13:58:43,42.4102516174316,-8.87024879455566,"Male"
"9004152",371985,2025-06-15 14:04:28,42.4103927612305,-8.87088584899902,"Male"
"9004152",371985,2025-06-15 14:09:40,42.4101448059082,-8.87142753601074,"Male"
"9004152",371985,2025-06-15 14:15:03,42.4096336364746,-8.87010192871094,"Male"
"9004152",371985,2025-06-15 14:20:43,42.410041809082,-8.86988925933838,"Male"
"9004152",371985,2025-06-15 14:25:43,42.4101142883301,-8.87085247039795,"Male"
"9004152",371985,2025-06-15 14:31:14,42.4094085693359,-8.87027931213379,"Male"
"9004152",371985,2025-06-15 14:36:56,42.4087295532227,-8.87124729156494,"Male"
"9004152",371985,2025-06-15 14:42:14,42.4088096618652,-8.87171077728271,"Male"
"9004152",371985,2025-06-15 14:47:50,42.4099235534668,-8.87092590332031,"Male"
"9004152",371985,2025-06-15 14:52:53,42.4112586975098,-8.87035369873047,"Male"
"9004152",371985,2025-06-15 14:57:52,42.4112243652344,-8.87068176269531,"Male"
"9004152",371985,2025-06-15 15:02:55,42.4120063781738,-8.87133502960205,"Male"
"9004152",371985,2025-06-15 15:08:02,42.4108581542969,-8.87138557434082,"Male"
"9004152",371985,2025-06-15 15:13:59,42.4102478027344,-8.87109184265137,"Male"
"9004152",371985,2025-06-15 15:19:15,42.4098320007324,-8.87021446228027,"Male"
"9004152",371985,2025-06-15 15:25:01,42.4106826782227,-8.87088775634766,"Male"
"9004152",371985,2025-06-15 15:30:04,42.4110794067383,-8.87111282348633,"Male"
"9004152",371985,2025-06-15 15:35:03,42.4118194580078,-8.87213325500488,"Male"
"9004152",371985,2025-06-15 15:40:03,42.4130172729492,-8.87385082244873,"Male"
"9004152",371985,2025-06-15 15:45:52,42.4148139953613,-8.87755393981934,"Male"
"9004152",371985,2025-06-15 15:50:51,42.4147338867188,-8.87750625610352,"Male"
"9004152",371985,2025-06-15 15:56:00,42.4146766662598,-8.8774528503418,"Male"
"9004152",371985,2025-06-15 16:00:52,42.4148483276367,-8.87763404846191,"Male"
"9004152",371985,2025-06-15 16:05:52,42.4148139953613,-8.87756156921387,"Male"
"9004152",371985,2025-06-15 16:10:52,42.4147987365723,-8.87764930725098,"Male"
"9004152",371985,2025-06-15 16:15:51,42.4148178100586,-8.87755870819092,"Male"
"9004152",371985,2025-06-15 16:20:51,42.4147796630859,-8.87754440307617,"Male"
"9004152",371985,2025-06-15 16:25:51,42.4148216247559,-8.87762451171875,"Male"
"9004152",371985,2025-06-15 16:30:51,42.4148101806641,-8.87749671936035,"Male"
"9004152",371985,2025-06-15 16:35:51,42.414794921875,-8.87760066986084,"Male"
"9004152",371985,2025-06-15 16:40:51,42.414794921875,-8.87749767303467,"Male"
"9004152",371985,2025-06-15 16:45:51,42.4147605895996,-8.87751865386963,"Male"
"9004152",371985,2025-06-15 16:50:58,42.4149169921875,-8.8773250579834,"Male"
"9004152",371985,2025-06-15 16:56:04,42.4151382446289,-8.87714672088623,"Male"
"9004152",371985,2025-06-15 17:01:15,42.4147453308105,-8.87734889984131,"Male"
"9004152",371985,2025-06-15 17:05:51,42.4147834777832,-8.87740135192871,"Male"
"9004152",371985,2025-06-15 17:11:00,42.4142150878906,-8.87717437744141,"Male"
"9004152",371985,2025-06-15 17:23:09,42.4113006591797,-8.87379264831543,"Male"
"9004152",371985,2025-06-15 17:29:35,42.4103546142578,-8.87336444854736,"Male"
"9004152",371985,2025-06-15 17:36:01,42.4106254577637,-8.87175369262695,"Male"
"9004152",371985,2025-06-15 17:41:38,42.4104232788086,-8.8701868057251,"Male"
"9004152",371985,2025-06-15 17:50:14,42.4090728759766,-8.86997985839844,"Male"
"9004152",371985,2025-06-15 17:54:57,42.4100875854492,-8.87037372589111,"Male"
"9004152",371985,2025-06-15 17:59:56,42.4107818603516,-8.87025356292725,"Male"
"9004152",371985,2025-06-15 18:06:00,42.410758972168,-8.87145519256592,"Male"
"9004152",371985,2025-06-15 18:10:51,42.4115219116211,-8.87109184265137,"Male"
"9004152",371985,2025-06-15 18:16:39,42.4107856750488,-8.87015533447266,"Male"
"9004152",371985,2025-06-15 18:21:39,42.4100227355957,-8.87060737609863,"Male"
"9004152",371985,2025-06-15 18:26:39,42.4100723266602,-8.8712215423584,"Male"
"9004152",371985,2025-06-15 18:31:31,42.4101371765137,-8.88498973846436,"Male"
"9004152",371985,2025-06-15 18:36:46,42.3981323242188,-8.92029762268066,"Male"
"9004152",371985,2025-06-15 18:41:31,42.398120880127,-8.9202241897583,"Male"
"9004152",371985,2025-06-15 18:46:44,42.3985824584961,-8.92166709899902,"Male"
"9004152",371985,2025-06-15 18:51:39,42.3990135192871,-8.92195606231689,"Male"
"9004152",371985,2025-06-15 18:56:38,42.3985900878906,-8.92179393768311,"Male"
"9004152",371985,2025-06-15 19:02:05,42.3979835510254,-8.92118835449219,"Male"
"9004152",371985,2025-06-15 19:06:36,42.3980522155762,-8.92114162445068,"Male"
"9004152",371985,2025-06-15 19:11:33,42.3979988098145,-8.92123889923096,"Male"
"9004152",371985,2025-06-15 19:16:39,42.3979988098145,-8.92117977142334,"Male"
"9004152",371985,2025-06-15 19:21:34,42.398006439209,-8.92117404937744,"Male"
"9004152",371985,2025-06-15 19:26:39,42.3979530334473,-8.92124080657959,"Male"
"9004152",371985,2025-06-15 19:31:32,42.3981437683105,-8.92099380493164,"Male"
"9004152",371985,2025-06-15 19:36:37,42.398021697998,-8.9213228225708,"Male"
"9004152",371985,2025-06-15 19:41:32,42.3981056213379,-8.92121028900146,"Male"
"9004152",371985,2025-06-15 19:46:34,42.3978691101074,-8.92118835449219,"Male"
"9004152",371985,2025-06-15 19:51:32,42.3980178833008,-8.92106819152832,"Male"
"9004152",371985,2025-06-15 19:56:31,42.3973922729492,-8.92141437530518,"Male"
"9004152",371985,2025-06-15 20:01:34,42.3979644775391,-8.92117786407471,"Male"
"9004152",371985,2025-06-15 20:06:32,42.3981018066406,-8.92116165161133,"Male"
"9004152",371985,2025-06-15 20:11:34,42.3979187011719,-8.92124366760254,"Male"
"9004152",371985,2025-06-15 20:16:43,42.3979187011719,-8.92147064208984,"Male"
"9004152",371985,2025-06-15 20:21:33,42.3976097106934,-8.92115306854248,"Male"
"9004152",371985,2025-06-15 20:26:33,42.3984909057617,-8.92143249511719,"Male"
"9004152",371985,2025-06-15 20:31:34,42.3979530334473,-8.92129802703857,"Male"
"9004152",371985,2025-06-15 20:36:34,42.3979606628418,-8.92126655578613,"Male"
"9004152",371985,2025-06-15 20:41:42,42.3978729248047,-8.92132568359375,"Male"
"9004152",371985,2025-06-15 20:46:36,42.39794921875,-8.92134857177734,"Male"
"9004152",371985,2025-06-15 20:51:44,42.39794921875,-8.92129230499268,"Male"
"9004152",371985,2025-06-15 20:57:03,42.3978996276855,-8.92123508453369,"Male"
"9004152",371985,2025-06-15 21:01:30,42.3977737426758,-8.9211893081665,"Male"
"9004152",371985,2025-06-15 21:06:30,42.3978233337402,-8.92117500305176,"Male"
"9004152",371985,2025-06-15 21:11:30,42.3979530334473,-8.92134094238281,"Male"
"9004152",371985,2025-06-15 21:16:33,42.3979263305664,-8.921217918396,"Male"
"9004152",371985,2025-06-15 21:21:32,42.3978118896484,-8.92119693756104,"Male"
"9004152",371985,2025-06-15 21:26:32,42.3978271484375,-8.92120552062988,"Male"
"9004152",371985,2025-06-15 21:31:33,42.3977851867676,-8.92126846313477,"Male"
"9004152",371985,2025-06-15 21:37:17,42.397891998291,-8.92105293273926,"Male"
"9004152",371985,2025-06-15 21:41:32,42.397777557373,-8.92099380493164,"Male"
"9004152",371985,2025-06-15 21:46:31,42.3978576660156,-8.92091464996338,"Male"
"9004152",371985,2025-06-15 21:51:31,42.3978996276855,-8.92073822021484,"Male"
"9004152",371985,2025-06-15 21:56:33,42.3978538513184,-8.92097187042236,"Male"
"9004152",371985,2025-06-15 22:01:32,42.3979530334473,-8.92094612121582,"Male"
"9004152",371985,2025-06-15 22:06:34,42.397891998291,-8.9209098815918,"Male"
"9004152",371985,2025-06-15 22:11:33,42.3978004455566,-8.92077827453613,"Male"
"9004152",371985,2025-06-15 22:16:32,42.3978881835938,-8.92092514038086,"Male"
"9004152",371985,2025-06-15 22:21:31,42.3978004455566,-8.92090225219727,"Male"
"9004152",371985,2025-06-15 22:26:32,42.3978462219238,-8.9210033416748,"Male"
"9004152",371985,2025-06-15 22:31:34,42.3978691101074,-8.92104911804199,"Male"
"9004152",371985,2025-06-15 22:36:34,42.3978996276855,-8.92092037200928,"Male"
"9004152",371985,2025-06-15 22:41:44,42.397891998291,-8.92100620269775,"Male"
"9004152",371985,2025-06-15 22:46:39,42.3978538513184,-8.92098617553711,"Male"
"9004152",371985,2025-06-15 22:52:05,42.3977928161621,-8.92098712921143,"Male"
"9004152",371985,2025-06-15 22:56:30,42.397876739502,-8.92100715637207,"Male"
"9004152",371985,2025-06-15 23:01:30,42.3978500366211,-8.92102718353271,"Male"
"9004152",371985,2025-06-15 23:06:30,42.397819519043,-8.92103481292725,"Male"
"9004152",371985,2025-06-15 23:11:32,42.3978271484375,-8.92103099822998,"Male"
"9004152",371985,2025-06-15 23:16:30,42.3978805541992,-8.92101764678955,"Male"
"9004152",371985,2025-06-15 23:21:33,42.3979377746582,-8.92104053497314,"Male"
"9004152",371985,2025-06-15 23:26:33,42.397876739502,-8.92098045349121,"Male"
"9004152",371985,2025-06-15 23:31:33,42.3978805541992,-8.92089366912842,"Male"
"9004152",371985,2025-06-15 23:36:37,42.3978118896484,-8.92097759246826,"Male"
"9004152",371985,2025-06-15 23:41:36,42.3978309631348,-8.92104434967041,"Male"
"9004152",371985,2025-06-15 23:46:34,42.3978576660156,-8.9209566116333,"Male"
"9004152",371985,2025-06-15 23:51:34,42.3978271484375,-8.92101001739502,"Male"
"9004152",371985,2025-06-15 23:56:37,42.3978576660156,-8.92092895507812,"Male"
"9004152",371985,2025-06-16 00:01:34,42.397819519043,-8.92124557495117,"Male"
"9004152",371985,2025-06-16 00:06:35,42.3978843688965,-8.92092704772949,"Male"
"9004152",371985,2025-06-16 00:11:35,42.3977737426758,-8.92111968994141,"Male"
"9004152",371985,2025-06-16 00:16:38,42.3978042602539,-8.92117595672607,"Male"
"9004152",371985,2025-06-16 00:21:33,42.3979530334473,-8.921142578125,"Male"
"9004152",371985,2025-06-16 00:26:34,42.3978118896484,-8.92108154296875,"Male"
"9004152",371985,2025-06-16 00:31:36,42.3978614807129,-8.92114162445068,"Male"
"9004152",371985,2025-06-16 00:36:40,42.3978004455566,-8.92113590240479,"Male"
"9004152",371985,2025-06-16 00:41:45,42.397777557373,-8.92102527618408,"Male"
"9004152",371985,2025-06-16 00:46:38,42.3977851867676,-8.92120361328125,"Male"
"9004152",371985,2025-06-16 00:51:43,42.397834777832,-8.92122173309326,"Male"
"9004152",371985,2025-06-16 00:56:36,42.3977432250977,-8.92088985443115,"Male"
"9004152",371985,2025-06-16 01:01:43,42.3978500366211,-8.9213285446167,"Male"
"9004152",371985,2025-06-16 01:06:37,42.3978576660156,-8.92129135131836,"Male"
"9004152",371985,2025-06-16 01:11:37,42.3978652954102,-8.92130088806152,"Male"
"9004152",371985,2025-06-16 01:16:36,42.397891998291,-8.92122077941895,"Male"
"9004152",371985,2025-06-16 01:21:39,42.397891998291,-8.9212064743042,"Male"
"9004152",371985,2025-06-16 01:26:32,42.3978004455566,-8.92128372192383,"Male"
"9004152",371985,2025-06-16 01:31:33,42.3978729248047,-8.9212818145752,"Male"
"9004152",371985,2025-06-16 01:36:33,42.3977928161621,-8.92128944396973,"Male"
"9004152",371985,2025-06-16 01:41:31,42.397876739502,-8.92121124267578,"Male"
"9004152",371985,2025-06-16 01:46:39,42.3979187011719,-8.92108249664307,"Male"
"9004152",371985,2025-06-16 01:51:34,42.398120880127,-8.92098712921143,"Male"
"9004152",371985,2025-06-16 01:56:36,42.3979187011719,-8.92109394073486,"Male"
"9004152",371985,2025-06-16 02:01:39,42.3980293273926,-8.92106246948242,"Male"
"9004152",371985,2025-06-16 02:06:39,42.3979911804199,-8.921067237854,"Male"
"9004152",371985,2025-06-16 02:11:43,42.3979873657227,-8.92115211486816,"Male"
"9004152",371985,2025-06-16 02:16:43,42.3980102539062,-8.92103385925293,"Male"
"9004152",371985,2025-06-16 02:21:50,42.3979797363281,-8.92092418670654,"Male"
"9004152",371985,2025-06-16 02:27:05,42.3979682922363,-8.9212064743042,"Male"
"9004152",371985,2025-06-16 02:31:40,42.3979148864746,-8.92119121551514,"Male"
"9004152",371985,2025-06-16 02:36:39,42.398006439209,-8.92125225067139,"Male"
"9004152",371985,2025-06-16 02:41:33,42.3979530334473,-8.92125988006592,"Male"
"9004152",371985,2025-06-16 02:46:31,42.3979568481445,-8.92118453979492,"Male"
"9004152",371985,2025-06-16 02:51:37,42.3979339599609,-8.92125415802002,"Male"
"9004152",371985,2025-06-16 02:56:33,42.3978958129883,-8.92116928100586,"Male"
"9004152",371985,2025-06-16 03:01:33,42.397876739502,-8.92113971710205,"Male"
"9004152",371985,2025-06-16 03:06:31,42.3978004455566,-8.92128467559814,"Male"
"9004152",371985,2025-06-16 03:11:36,42.3980712890625,-8.92150974273682,"Male"
"9004152",371985,2025-06-16 03:16:36,42.3980026245117,-8.92147159576416,"Male"
"9004152",371985,2025-06-16 03:21:33,42.3980369567871,-8.92145919799805,"Male"
"9004152",371985,2025-06-16 03:26:38,42.3981056213379,-8.92154502868652,"Male"
"9004152",371985,2025-06-16 03:31:34,42.3980712890625,-8.92170333862305,"Male"
"9004152",371985,2025-06-16 03:36:36,42.398120880127,-8.92184448242188,"Male"
"9004152",371985,2025-06-16 03:41:39,42.398136138916,-8.92183208465576,"Male"
"9004152",371985,2025-06-16 03:46:34,42.397876739502,-8.92229652404785,"Male"
"9004152",371985,2025-06-16 03:51:44,42.398078918457,-8.92161178588867,"Male"
"9004152",371985,2025-06-16 03:57:35,42.3980293273926,-8.92102813720703,"Male"
"9004152",371985,2025-06-16 04:01:41,42.3978996276855,-8.92095851898193,"Male"
"9004152",371985,2025-06-16 04:06:34,42.3980407714844,-8.92101287841797,"Male"
"9004152",371985,2025-06-16 04:11:37,42.3980407714844,-8.92097949981689,"Male"
"9004152",371985,2025-06-16 04:16:32,42.397891998291,-8.9212474822998,"Male"
"9004152",371985,2025-06-16 04:21:35,42.3973197937012,-8.92256546020508,"Male"
"9004152",371985,2025-06-16 04:26:36,42.3979415893555,-8.92144012451172,"Male"
"9004152",371985,2025-06-16 04:31:34,42.3980712890625,-8.92134380340576,"Male"
"9004152",371985,2025-06-16 04:36:31,42.3978424072266,-8.92182636260986,"Male"
"9004152",371985,2025-06-16 04:41:33,42.3978691101074,-8.9218921661377,"Male"
"9004152",371985,2025-06-16 04:46:31,42.3976707458496,-8.92095565795898,"Male"
"9004152",371985,2025-06-16 04:51:43,42.3982353210449,-8.92090034484863,"Male"
"9004152",371985,2025-06-16 04:56:39,42.3981742858887,-8.92087841033936,"Male"
"9004152",371985,2025-06-16 05:01:39,42.3980979919434,-8.92094326019287,"Male"
"9004152",371985,2025-06-16 05:06:32,42.3980445861816,-8.92107582092285,"Male"
"9004152",371985,2025-06-16 05:11:33,42.3977546691895,-8.92114734649658,"Male"
"9004152",371985,2025-06-16 05:16:34,42.3978729248047,-8.92138481140137,"Male"
"9004152",371985,2025-06-16 05:21:33,42.397834777832,-8.92119789123535,"Male"
"9004152",371985,2025-06-16 05:26:41,42.3976554870605,-8.92103385925293,"Male"
"9004152",371985,2025-06-16 05:31:34,42.3979721069336,-8.92095279693604,"Male"
"9004152",371985,2025-06-16 05:36:33,42.3977813720703,-8.92112159729004,"Male"
"9004152",371985,2025-06-16 05:41:39,42.3979187011719,-8.92098712921143,"Male"
"9004152",371985,2025-06-16 05:46:31,42.3977355957031,-8.92091178894043,"Male"
"9004152",371985,2025-06-16 05:51:32,42.397777557373,-8.9208402633667,"Male"
"9004152",371985,2025-06-16 05:56:31,42.3976516723633,-8.92043018341064,"Male"
"9004152",371985,2025-06-16 06:01:31,42.4017715454102,-8.90161895751953,"Male"
"9004152",371985,2025-06-16 06:06:32,42.4059524536133,-8.89779949188232,"Male"
"9004152",371985,2025-06-16 06:11:33,42.4059219360352,-8.89845180511475,"Male"
"9004152",371985,2025-06-16 06:16:32,42.4066543579102,-8.89000988006592,"Male"
"9004152",371985,2025-06-16 06:21:32,42.4056625366211,-8.88215923309326,"Male"
"9004152",371985,2025-06-16 06:26:40,42.406005859375,-8.87404155731201,"Male"
"9004152",371985,2025-06-16 06:31:40,42.4063835144043,-8.87246036529541,"Male"
"9004152",371985,2025-06-16 06:37:02,42.4048042297363,-8.87260818481445,"Male"
"9004152",371985,2025-06-16 06:42:02,42.4050331115723,-8.87309551239014,"Male"
"9004152",371985,2025-06-16 06:47:03,42.4149513244629,-8.87740421295166,"Male"
"9004152",371985,2025-06-16 06:52:06,42.4149131774902,-8.87729358673096,"Male"
"9004152",371985,2025-06-16 06:57:02,42.4150161743164,-8.87743854522705,"Male"
"9004152",371985,2025-06-16 07:02:03,42.4150085449219,-8.87738704681396,"Male"
"9004152",371985,2025-06-16 07:07:03,42.4149894714355,-8.87774753570557,"Male"
"9004152",371985,2025-06-16 07:12:04,42.4149932861328,-8.87763690948486,"Male"
"9004152",371985,2025-06-16 07:17:03,42.4150199890137,-8.87758636474609,"Male"
"9004152",371985,2025-06-16 07:22:02,42.4150772094727,-8.87768840789795,"Male"
"9004152",371985,2025-06-16 07:27:02,42.4145812988281,-8.8780574798584,"Male"
"9004152",371985,2025-06-16 07:32:03,42.414608001709,-8.8779993057251,"Male"
"9004152",371985,2025-06-16 07:37:03,42.4145431518555,-8.87792015075684,"Male"
"9004152",371985,2025-06-16 07:42:03,42.4146881103516,-8.87804508209229,"Male"
"9004152",371985,2025-06-16 07:47:02,42.4144287109375,-8.87813091278076,"Male"
"9004152",371985,2025-06-16 07:52:02,42.4143333435059,-8.87815189361572,"Male"
"9004152",371985,2025-06-16 07:57:02,42.4143676757812,-8.87813377380371,"Male"
"9004152",371985,2025-06-16 08:02:02,42.4144744873047,-8.8780689239502,"Male"
"9004152",371985,2025-06-16 08:07:02,42.414981842041,-8.8777437210083,"Male"
"9004152",371985,2025-06-16 08:12:03,42.4149131774902,-8.8777027130127,"Male"
"9004152",371985,2025-06-16 08:17:02,42.4146766662598,-8.87774658203125,"Male"
"9004152",371985,2025-06-16 08:22:02,42.414680480957,-8.87742900848389,"Male"
"9004152",371985,2025-06-16 08:27:02,42.4147758483887,-8.87747573852539,"Male"
"9004152",371985,2025-06-16 08:32:02,42.4146690368652,-8.87744331359863,"Male"
"9004152",371985,2025-06-16 08:37:02,42.4147300720215,-8.87736415863037,"Male"
"9004152",371985,2025-06-16 08:42:02,42.4148178100586,-8.87759590148926,"Male"
"9004152",371985,2025-06-16 08:47:02,42.4148559570312,-8.87749671936035,"Male"
"9004152",371985,2025-06-16 08:52:02,42.4147148132324,-8.87726593017578,"Male"
"9004152",371985,2025-06-16 08:57:02,42.4146461486816,-8.87725162506104,"Male"
"9004152",371985,2025-06-16 09:02:02,42.4142074584961,-8.87676429748535,"Male"
"9004152",371985,2025-06-16 09:07:02,42.4133758544922,-8.87606620788574,"Male"
"9004152",371985,2025-06-16 09:12:03,42.4122276306152,-8.87502288818359,"Male"
"9004152",371985,2025-06-16 09:17:03,42.4118919372559,-8.87488651275635,"Male"
"9004152",371985,2025-06-16 09:22:07,42.4107704162598,-8.87611770629883,"Male"
"9004152",371985,2025-06-16 09:27:04,42.4095993041992,-8.87469387054443,"Male"
"9004152",371985,2025-06-16 09:32:25,42.4108581542969,-8.8742561340332,"Male"
"9004152",371985,2025-06-16 09:37:39,42.411678314209,-8.87343788146973,"Male"
"9004152",371985,2025-06-16 09:42:44,42.4134902954102,-8.87314605712891,"Male"
"9004152",371985,2025-06-16 09:47:41,42.413402557373,-8.87286376953125,"Male"
"9004152",371985,2025-06-16 09:52:41,42.4136123657227,-8.87362480163574,"Male"
"9004152",371985,2025-06-16 09:57:41,42.4135131835938,-8.87360763549805,"Male"
"9004152",371985,2025-06-16 10:02:41,42.4132919311523,-8.87367820739746,"Male"
"9004152",371985,2025-06-16 10:07:41,42.4137268066406,-8.87356567382812,"Male"
"9004152",371985,2025-06-16 10:12:41,42.4135704040527,-8.87358856201172,"Male"
"9004152",371985,2025-06-16 10:17:41,42.413745880127,-8.87352275848389,"Male"
"9004152",371985,2025-06-16 10:22:41,42.4136848449707,-8.8735876083374,"Male"
"9004152",371985,2025-06-16 10:27:41,42.413761138916,-8.87360763549805,"Male"
"9004152",371985,2025-06-16 10:32:41,42.4135894775391,-8.87336444854736,"Male"
"9004152",371985,2025-06-16 10:37:41,42.4125480651855,-8.87384986877441,"Male"
"9004152",371985,2025-06-16 10:42:41,42.4114418029785,-8.87444400787354,"Male"
"9004152",371985,2025-06-16 10:47:41,42.4110260009766,-8.8743371963501,"Male"
"9004152",371985,2025-06-16 10:53:28,42.4113426208496,-8.8754415512085,"Male"
"9004152",371985,2025-06-16 10:58:45,42.4116821289062,-8.87674236297607,"Male"
"9004152",371985,2025-06-16 11:04:03,42.4119873046875,-8.8781795501709,"Male"
"9004152",371985,2025-06-16 11:09:22,42.4112396240234,-8.8784294128418,"Male"
"9004152",371985,2025-06-16 11:14:59,42.4109153747559,-8.87695121765137,"Male"
"9004152",371985,2025-06-16 11:20:16,42.4111213684082,-8.87823867797852,"Male"
"9004152",371985,2025-06-16 11:25:44,42.4119033813477,-8.87800025939941,"Male"
"9004152",371985,2025-06-16 11:30:52,42.4112815856934,-8.8771448135376,"Male"
"9004152",371985,2025-06-16 11:35:51,42.4128532409668,-8.87773132324219,"Male"
"9004152",371985,2025-06-16 11:40:52,42.4129600524902,-8.87806224822998,"Male"
"9004152",371985,2025-06-16 11:45:52,42.4130516052246,-8.87815761566162,"Male"
"9004152",371985,2025-06-16 11:50:53,42.412899017334,-8.87799072265625,"Male"
"9004152",371985,2025-06-16 11:55:52,42.413200378418,-8.87819766998291,"Male"
"9004152",371985,2025-06-16 12:00:52,42.4134216308594,-8.87828731536865,"Male"
"9004152",371985,2025-06-16 12:05:52,42.4134674072266,-8.87834739685059,"Male"
"9004152",371985,2025-06-16 12:10:52,42.4133987426758,-8.87848091125488,"Male"
"9004152",371985,2025-06-16 12:15:52,42.4134559631348,-8.87847709655762,"Male"
"9004152",371985,2025-06-16 12:20:52,42.4134292602539,-8.8784294128418,"Male"
"9004152",371985,2025-06-16 12:25:52,42.4134902954102,-8.87850189208984,"Male"
"9004152",371985,2025-06-16 12:30:52,42.4134902954102,-8.87850570678711,"Male"
"9004152",371985,2025-06-16 12:35:52,42.4134979248047,-8.8784875869751,"Male"
"9004152",371985,2025-06-16 12:40:52,42.4135856628418,-8.87849998474121,"Male"
"9004152",371985,2025-06-16 12:45:52,42.4134864807129,-8.8785514831543,"Male"
"9004152",371985,2025-06-16 12:50:52,42.413459777832,-8.87850093841553,"Male"
"9004152",371985,2025-06-16 12:55:52,42.4134864807129,-8.87855911254883,"Male"
"9004152",371985,2025-06-16 13:00:52,42.4134979248047,-8.87856388092041,"Male"
"9004152",371985,2025-06-16 13:05:52,42.4134712219238,-8.87859630584717,"Male"
"9004152",371985,2025-06-16 13:10:52,42.4134178161621,-8.8785982131958,"Male"
"9004152",371985,2025-06-16 13:15:52,42.4134902954102,-8.87864398956299,"Male"
"9004152",371985,2025-06-16 13:20:52,42.4135055541992,-8.87867832183838,"Male"
"9004152",371985,2025-06-16 13:26:12,42.4130668640137,-8.87767314910889,"Male"
"9004152",371985,2025-06-16 13:31:36,42.4117279052734,-8.87682056427002,"Male"
"9004152",371985,2025-06-16 13:37:06,42.411262512207,-8.87671089172363,"Male"
"9004152",371985,2025-06-16 13:42:45,42.4118118286133,-8.87534046173096,"Male"
"9004152",371985,2025-06-16 13:47:45,42.4123573303223,-8.87397384643555,"Male"
"9004152",371985,2025-06-16 13:52:45,42.4136657714844,-8.87626457214355,"Male"
"9004152",371985,2025-06-16 13:57:44,42.4145011901855,-8.87729454040527,"Male"
"9004152",371985,2025-06-16 14:02:44,42.4144744873047,-8.87726497650146,"Male"
"9004152",371985,2025-06-16 14:07:44,42.4145431518555,-8.87729263305664,"Male"
"9004152",371985,2025-06-16 14:12:44,42.414493560791,-8.87730503082275,"Male"
"9004152",371985,2025-06-16 14:17:45,42.4145736694336,-8.87733745574951,"Male"
"9004152",371985,2025-06-16 14:22:44,42.4144744873047,-8.8773775100708,"Male"
"9004152",371985,2025-06-16 14:27:44,42.4145698547363,-8.87744617462158,"Male"
"9004152",371985,2025-06-16 14:32:45,42.4145088195801,-8.87740802764893,"Male"
"9004152",371985,2025-06-16 14:37:45,42.413761138916,-8.87731075286865,"Male"
"9004152",371985,2025-06-16 14:42:45,42.4146347045898,-8.8775634765625,"Male"
"9004152",371985,2025-06-16 14:47:45,42.4147567749023,-8.87767505645752,"Male"
"9004152",371985,2025-06-16 14:52:44,42.4147758483887,-8.87770366668701,"Male"
"9004152",371985,2025-06-16 14:57:44,42.414737701416,-8.87764644622803,"Male"
"9004152",371985,2025-06-16 15:02:45,42.4146537780762,-8.87757873535156,"Male"
"9004152",371985,2025-06-16 15:07:45,42.4147033691406,-8.87761783599854,"Male"
"9004152",371985,2025-06-16 15:12:46,42.4147109985352,-8.87766647338867,"Male"
"9004152",371985,2025-06-16 15:17:45,42.415355682373,-8.87808418273926,"Male"
"9004152",371985,2025-06-16 15:22:46,42.4150657653809,-8.87781047821045,"Male"
"9004152",371985,2025-06-16 15:27:45,42.414924621582,-8.87756061553955,"Male"
"9004152",371985,2025-06-16 15:32:45,42.4148406982422,-8.87752819061279,"Male"
"9004152",371985,2025-06-16 15:37:44,42.4156150817871,-8.87828826904297,"Male"
"9004152",371985,2025-06-16 15:42:44,42.4147109985352,-8.87735748291016,"Male"
"9004152",371985,2025-06-16 15:47:46,42.4144554138184,-8.87778186798096,"Male"
"9004152",371985,2025-06-16 15:52:44,42.4146995544434,-8.8773832321167,"Male"
"9004152",371985,2025-06-16 15:57:46,42.4146995544434,-8.87735080718994,"Male"
"9004152",371985,2025-06-16 16:02:46,42.4145431518555,-8.87754821777344,"Male"
"9004152",371985,2025-06-16 16:07:45,42.4147033691406,-8.87731170654297,"Male"
"9004152",371985,2025-06-16 16:12:45,42.4145851135254,-8.87731647491455,"Male"
"9004152",371985,2025-06-16 16:17:45,42.4145317077637,-8.87740421295166,"Male"
"9004152",371985,2025-06-16 16:22:47,42.4145431518555,-8.87741851806641,"Male"
"9004152",371985,2025-06-16 16:27:45,42.4134101867676,-8.87692546844482,"Male"
"9004152",371985,2025-06-16 16:32:45,42.412036895752,-8.8768892288208,"Male"
"9004152",371985,2025-06-16 16:37:45,42.4061012268066,-8.89159393310547,"Male"
"9004152",371985,2025-06-16 16:42:55,42.3980522155762,-8.91968631744385,"Male"
"9004152",371985,2025-06-16 16:47:44,42.3981170654297,-8.91957759857178,"Male"
"9004152",371985,2025-06-16 16:52:47,42.398078918457,-8.91964244842529,"Male"
"9004152",371985,2025-06-16 16:57:55,42.3980522155762,-8.91968250274658,"Male"
"9004152",371985,2025-06-16 17:02:55,42.3980560302734,-8.91967105865479,"Male"
"9004152",371985,2025-06-16 17:07:55,42.3980369567871,-8.91969776153564,"Male"
"9004152",371985,2025-06-16 17:12:55,42.3980712890625,-8.919677734375,"Male"
"9004152",371985,2025-06-16 17:17:55,42.3980712890625,-8.91971683502197,"Male"
"9004152",371985,2025-06-16 17:22:55,42.3980941772461,-8.91968441009521,"Male"
"9004152",371985,2025-06-16 17:27:55,42.3981285095215,-8.91974639892578,"Male"
"9004152",371985,2025-06-16 17:32:55,42.398120880127,-8.91972732543945,"Male"
"9004152",371985,2025-06-16 17:37:55,42.3981246948242,-8.91974639892578,"Male"
"9004152",371985,2025-06-16 17:42:49,42.397819519043,-8.9197883605957,"Male"
"9004152",371985,2025-06-16 17:47:55,42.3981056213379,-8.91971397399902,"Male"
"9004152",371985,2025-06-16 17:53:04,42.3979873657227,-8.91989898681641,"Male"
"9004152",371985,2025-06-16 17:58:05,42.3978805541992,-8.92001342773438,"Male"
"9004152",371985,2025-06-16 18:03:04,42.3979377746582,-8.92020606994629,"Male"
"9004152",371985,2025-06-16 18:07:43,42.3978843688965,-8.9202356338501,"Male"
"9004152",371985,2025-06-16 18:12:44,42.3979873657227,-8.92026615142822,"Male"
"9004152",371985,2025-06-16 18:17:44,42.3979721069336,-8.9202241897583,"Male"
"9004152",371985,2025-06-16 18:22:44,42.3979721069336,-8.92026329040527,"Male"
"9004152",371985,2025-06-16 18:27:44,42.397891998291,-8.9196720123291,"Male"
"9004152",371985,2025-06-16 18:32:44,42.4013481140137,-8.92078590393066,"Male"
"9004152",371985,2025-06-16 18:37:44,42.4014739990234,-8.92083263397217,"Male"
"9004152",371985,2025-06-16 18:42:44,42.4016304016113,-8.92109394073486,"Male"
"9004152",371985,2025-06-16 18:47:44,42.4015464782715,-8.9210090637207,"Male"
"9004152",371985,2025-06-16 18:52:44,42.4016189575195,-8.92108917236328,"Male"
"9004152",371985,2025-06-16 18:57:43,42.4016380310059,-8.92106342315674,"Male"
"9004152",371985,2025-06-16 19:02:44,42.4015769958496,-8.92111587524414,"Male"
"9004152",371985,2025-06-16 19:07:44,42.4016647338867,-8.92120265960693,"Male"
"9004152",371985,2025-06-16 19:12:44,42.4016914367676,-8.92119979858398,"Male"
"9004152",371985,2025-06-16 19:17:44,42.4016723632812,-8.92120552062988,"Male"
"9004152",371985,2025-06-16 19:22:44,42.4017333984375,-8.92107963562012,"Male"
"9004152",371985,2025-06-16 19:27:44,42.4015998840332,-8.92106628417969,"Male"
"9004152",371985,2025-06-16 19:32:44,42.4016418457031,-8.92114162445068,"Male"
"9004152",371985,2025-06-16 19:37:44,42.4015922546387,-8.92111206054688,"Male"
"9004152",371985,2025-06-16 19:42:44,42.401611328125,-8.92110824584961,"Male"
"9004152",371985,2025-06-16 19:47:44,42.4015426635742,-8.92112827301025,"Male"
"9004152",371985,2025-06-16 19:52:44,42.4015693664551,-8.92115783691406,"Male"
"9004152",371985,2025-06-16 19:57:44,42.4015274047852,-8.92115020751953,"Male"
"9004152",371985,2025-06-16 20:02:44,42.3973274230957,-8.92067432403564,"Male"
"9004152",371985,2025-06-16 20:07:44,42.3961715698242,-8.92087745666504,"Male"
"9004152",371985,2025-06-16 20:12:44,42.3960838317871,-8.92093467712402,"Male"
"9004152",371985,2025-06-16 20:17:44,42.3960990905762,-8.9208517074585,"Male"
"9004152",371985,2025-06-16 20:22:44,42.396053314209,-8.92088603973389,"Male"
"9004152",371985,2025-06-16 20:27:44,42.396110534668,-8.9209041595459,"Male"
"9004152",371985,2025-06-16 20:32:44,42.3959922790527,-8.92069053649902,"Male"
"9004152",371985,2025-06-16 20:37:44,42.3960456848145,-8.92067623138428,"Male"
"9004152",371985,2025-06-16 20:42:44,42.3959922790527,-8.92068099975586,"Male"
"9004152",371985,2025-06-16 20:47:44,42.3961601257324,-8.92073726654053,"Male"
"9004152",371985,2025-06-16 20:52:44,42.3961448669434,-8.92075634002686,"Male"
"9004152",371985,2025-06-16 20:57:44,42.3961372375488,-8.92065525054932,"Male"
"9004152",371985,2025-06-16 21:02:45,42.3961029052734,-8.92069816589355,"Male"
"9004152",371985,2025-06-16 21:07:44,42.3960647583008,-8.92072105407715,"Male"
"9004152",371985,2025-06-16 21:12:44,42.3960762023926,-8.92067337036133,"Male"
"9004152",371985,2025-06-16 21:17:45,42.3960266113281,-8.92063808441162,"Male"
"9004152",371985,2025-06-16 21:22:44,42.3960380554199,-8.92051219940186,"Male"
"9004152",371985,2025-06-16 21:27:44,42.396068572998,-8.92039489746094,"Male"
"9004152",371985,2025-06-16 21:32:44,42.3960227966309,-8.92043209075928,"Male"
"9004152",371985,2025-06-16 21:37:44,42.3961524963379,-8.92038726806641,"Male"
"9004152",371985,2025-06-16 21:42:48,42.3964691162109,-8.92045497894287,"Male"
"9004152",371985,2025-06-16 21:47:44,42.3968505859375,-8.92111396789551,"Male"
"9004152",371985,2025-06-16 21:52:44,42.3969841003418,-8.9211950302124,"Male"
"9004152",371985,2025-06-16 21:57:45,42.3967018127441,-8.92094230651855,"Male"
"9004152",371985,2025-06-16 22:02:44,42.3968620300293,-8.92113399505615,"Male"
"9004152",371985,2025-06-16 22:07:46,42.3966522216797,-8.92113876342773,"Male"
"9004152",371985,2025-06-16 22:12:45,42.3966751098633,-8.92093944549561,"Male"
"9004152",371985,2025-06-16 22:17:45,42.3967132568359,-8.9211893081665,"Male"
"9004152",371985,2025-06-16 22:22:45,42.3966255187988,-8.92117404937744,"Male"
"9004152",371985,2025-06-16 22:27:45,42.396858215332,-8.92158126831055,"Male"
"9004152",371985,2025-06-16 22:32:45,42.3967704772949,-8.92142009735107,"Male"
"9004152",371985,2025-06-16 22:37:45,42.3964347839355,-8.92101383209229,"Male"
"9004152",371985,2025-06-16 22:42:44,42.3964462280273,-8.92069053649902,"Male"
"9004152",371985,2025-06-16 22:47:44,42.3964424133301,-8.92086982727051,"Male"
"9004152",371985,2025-06-16 22:52:44,42.3963165283203,-8.92111873626709,"Male"
"9004152",371985,2025-06-16 22:57:44,42.3964614868164,-8.92092418670654,"Male"
"9004152",371985,2025-06-16 23:02:44,42.396484375,-8.92020130157471,"Male"
"9004152",371985,2025-06-16 23:07:44,42.3961181640625,-8.92239475250244,"Male"
"9004152",371985,2025-06-16 23:12:44,42.3962631225586,-8.92146682739258,"Male"
"9004152",371985,2025-06-16 23:17:44,42.3962745666504,-8.92142295837402,"Male"
"9004152",371985,2025-06-16 23:22:45,42.3962097167969,-8.92142105102539,"Male"
"9004152",371985,2025-06-16 23:27:45,42.3961944580078,-8.92142295837402,"Male"
"9004152",371985,2025-06-16 23:32:45,42.3963470458984,-8.92157936096191,"Male"
"9004152",371985,2025-06-16 23:37:45,42.3963203430176,-8.92154502868652,"Male"
"9004152",371985,2025-06-16 23:42:45,42.3963394165039,-8.92155933380127,"Male"
"9004152",371985,2025-06-16 23:47:45,42.3963088989258,-8.92145156860352,"Male"
"9004152",371985,2025-06-16 23:52:45,42.3962631225586,-8.9214506149292,"Male"
"9004152",371985,2025-06-16 23:57:45,42.3960342407227,-8.9210729598999,"Male"
"9004152",371985,2025-06-17 00:02:47,42.3962554931641,-8.92116832733154,"Male"
"9004152",371985,2025-06-17 00:07:48,42.3960723876953,-8.92020416259766,"Male"
"9004152",371985,2025-06-17 00:12:47,42.3958549499512,-8.91986560821533,"Male"
"9004152",371985,2025-06-17 00:17:44,42.395866394043,-8.92017841339111,"Male"
"9004152",371985,2025-06-17 00:22:44,42.3958206176758,-8.92033767700195,"Male"
"9004152",371985,2025-06-17 00:27:46,42.3958549499512,-8.9197359085083,"Male"
"9004152",371985,2025-06-17 00:32:46,42.3957252502441,-8.91953945159912,"Male"
"9004152",371985,2025-06-17 00:37:46,42.3952980041504,-8.91849231719971,"Male"
"9004152",371985,2025-06-17 00:42:47,42.3947906494141,-8.91737079620361,"Male"
"9004152",371985,2025-06-17 00:47:44,42.3960609436035,-8.92027378082275,"Male"
"9004152",371985,2025-06-17 00:52:44,42.3959579467773,-8.92049503326416,"Male"
"9004152",371985,2025-06-17 00:57:44,42.3959579467773,-8.92050457000732,"Male"
"9004152",371985,2025-06-17 01:02:44,42.3959312438965,-8.92068958282471,"Male"
"9004152",371985,2025-06-17 01:07:44,42.395923614502,-8.92075443267822,"Male"
"9004152",371985,2025-06-17 01:12:43,42.3959045410156,-8.92082023620605,"Male"
"9004152",371985,2025-06-17 01:17:44,42.396053314209,-8.92035961151123,"Male"
"9004152",371985,2025-06-17 01:22:43,42.3959426879883,-8.92066478729248,"Male"
"9004152",371985,2025-06-17 01:27:45,42.3962821960449,-8.92018699645996,"Male"
"9004152",371985,2025-06-17 01:32:45,42.3962554931641,-8.92021656036377,"Male"
"9004152",371985,2025-06-17 01:37:44,42.3962326049805,-8.92045783996582,"Male"
"9004152",371985,2025-06-17 01:42:54,42.3962135314941,-8.92051124572754,"Male"
"9004152",371985,2025-06-17 01:47:44,42.3962593078613,-8.92048263549805,"Male"
"9004152",371985,2025-06-17 01:52:43,42.3962020874023,-8.92060089111328,"Male"
"9004152",371985,2025-06-17 01:57:44,42.3962211608887,-8.92054557800293,"Male"
"9004152",371985,2025-06-17 02:02:44,42.396354675293,-8.92052364349365,"Male"
"9004152",371985,2025-06-17 02:07:44,42.3963851928711,-8.92052745819092,"Male"
"9004152",371985,2025-06-17 02:12:44,42.3964233398438,-8.9205322265625,"Male"
"9004152",371985,2025-06-17 02:17:44,42.3963241577148,-8.92060470581055,"Male"
"9004152",371985,2025-06-17 02:22:45,42.3962059020996,-8.92056846618652,"Male"
"9004152",371985,2025-06-17 02:27:44,42.396167755127,-8.92076969146729,"Male"
"9004152",371985,2025-06-17 02:32:44,42.396183013916,-8.9207706451416,"Male"
"9004152",371985,2025-06-17 02:37:43,42.3962440490723,-8.92076778411865,"Male"
"9004152",371985,2025-06-17 02:42:44,42.3962669372559,-8.92077541351318,"Male"
"9004152",371985,2025-06-17 02:47:43,42.396312713623,-8.92079544067383,"Male"
"9004152",371985,2025-06-17 02:52:43,42.3962554931641,-8.92085647583008,"Male"
"9004152",371985,2025-06-17 02:57:44,42.3962478637695,-8.92082118988037,"Male"
"9004152",371985,2025-06-17 03:02:43,42.3962707519531,-8.92085647583008,"Male"
"9004152",371985,2025-06-17 03:07:43,42.3962516784668,-8.92086315155029,"Male"
"9004152",371985,2025-06-17 03:12:43,42.3962516784668,-8.92082595825195,"Male"
"9004152",371985,2025-06-17 03:17:45,42.3963088989258,-8.92092895507812,"Male"
"9004152",371985,2025-06-17 03:22:43,42.3962936401367,-8.92086887359619,"Male"
"9004152",371985,2025-06-17 03:28:02,42.3959617614746,-8.9205265045166,"Male"
"9004152",371985,2025-06-17 03:32:42,42.3959999084473,-8.92032432556152,"Male"
"9004152",371985,2025-06-17 03:37:44,42.3958015441895,-8.9203634262085,"Male"
"9004152",371985,2025-06-17 03:42:43,42.3959197998047,-8.92042064666748,"Male"
"9004152",371985,2025-06-17 03:47:43,42.3958435058594,-8.92027378082275,"Male"
"9004152",371985,2025-06-17 03:52:43,42.3957328796387,-8.92019367218018,"Male"
"9004152",371985,2025-06-17 03:57:44,42.3957939147949,-8.92027378082275,"Male"
"9004152",371985,2025-06-17 04:02:43,42.3961143493652,-8.92054653167725,"Male"
"9004152",371985,2025-06-17 04:07:43,42.3958778381348,-8.92030715942383,"Male"
"9004152",371985,2025-06-17 04:12:44,42.3958587646484,-8.92032909393311,"Male"
"9004152",371985,2025-06-17 04:17:44,42.3960990905762,-8.92047595977783,"Male"
"9004152",371985,2025-06-17 04:22:43,42.3960990905762,-8.92057132720947,"Male"
"9004152",371985,2025-06-17 04:27:43,42.395751953125,-8.92023849487305,"Male"
"9004152",371985,2025-06-17 04:32:43,42.3960456848145,-8.92051219940186,"Male"
"9004152",371985,2025-06-17 04:37:43,42.3959503173828,-8.92045593261719,"Male"
"9004152",371985,2025-06-17 04:42:43,42.3960304260254,-8.92051601409912,"Male"
"9004152",371985,2025-06-17 04:47:43,42.3959197998047,-8.92021083831787,"Male"
"9004152",371985,2025-06-17 04:52:43,42.3959732055664,-8.92044162750244,"Male"
"9004152",371985,2025-06-17 04:57:43,42.3959579467773,-8.92022323608398,"Male"
"9004152",371985,2025-06-17 05:02:43,42.3962898254395,-8.92036056518555,"Male"
"9004152",371985,2025-06-17 05:07:52,42.396354675293,-8.92036914825439,"Male"
"9004152",371985,2025-06-17 05:12:43,42.3963584899902,-8.92037773132324,"Male"
"9004152",371985,2025-06-17 05:17:43,42.3963584899902,-8.92026424407959,"Male"
"9004152",371985,2025-06-17 05:22:43,42.3961753845215,-8.91983413696289,"Male"
"9004152",371985,2025-06-17 05:27:43,42.3977088928223,-8.92036724090576,"Male"
"9004152",371985,2025-06-17 05:32:43,42.3977508544922,-8.92048358917236,"Male"
"9004152",371985,2025-06-17 05:37:43,42.3977088928223,-8.92041492462158,"Male"
"9004152",371985,2025-06-17 05:42:43,42.3976783752441,-8.92020702362061,"Male"
"9004152",371985,2025-06-17 05:47:43,42.3977012634277,-8.92012214660645,"Male"
"9004152",371985,2025-06-17 05:52:43,42.3976135253906,-8.92006015777588,"Male"
"9004152",371985,2025-06-17 05:57:43,42.3977241516113,-8.92008399963379,"Male"
"9004152",371985,2025-06-17 06:02:43,42.3976821899414,-8.92019844055176,"Male"
"9004152",371985,2025-06-17 06:07:43,42.3976669311523,-8.92018413543701,"Male"
"9004152",371985,2025-06-17 06:12:54,42.3975143432617,-8.91988658905029,"Male"
"9004152",371985,2025-06-17 06:17:55,42.3975105285645,-8.91989517211914,"Male"
"9004152",371985,2025-06-17 06:23:10,42.4030532836914,-8.90146160125732,"Male"
"9004152",371985,2025-06-17 06:29:10,42.4085998535156,-8.89727687835693,"Male"
"9004152",371985,2025-06-17 06:35:01,42.403923034668,-8.89180564880371,"Male"
"9004152",371985,2025-06-17 06:40:42,42.4032821655273,-8.88000679016113,"Male"
"9004152",371985,2025-06-17 06:45:27,42.400520324707,-8.87364101409912,"Male"
"9004152",371985,2025-06-17 06:50:46,42.4082374572754,-8.87166213989258,"Male"
"9004152",371985,2025-06-17 06:55:45,42.4088325500488,-8.87168979644775,"Male"
"9004152",371985,2025-06-17 07:01:07,42.4088859558105,-8.87168216705322,"Male"
"9004152",371985,2025-06-17 07:06:36,42.4102554321289,-8.87196636199951,"Male"
"9004152",371985,2025-06-17 07:11:41,42.4112243652344,-8.87149429321289,"Male"
"9004152",371985,2025-06-17 07:16:38,42.4108123779297,-8.8712215423584,"Male"
"9004152",371985,2025-06-17 07:22:38,42.4099884033203,-8.87069416046143,"Male"
"9004152",371985,2025-06-17 07:28:50,42.4113006591797,-8.87167549133301,"Male"
"9004152",371985,2025-06-17 07:37:34,42.4112014770508,-8.87403583526611,"Male"
"9004152",371985,2025-06-17 07:42:58,42.4108390808105,-8.8765172958374,"Male"
"9004152",371985,2025-06-17 07:48:40,42.4117469787598,-8.8787145614624,"Male"
"9004152",371985,2025-06-17 07:53:31,42.4124488830566,-8.88014698028564,"Male"
"9004152",371985,2025-06-17 07:58:31,42.4134368896484,-8.88119697570801,"Male"
"9004152",371985,2025-06-17 08:04:02,42.4131965637207,-8.88046741485596,"Male"
"9004152",371985,2025-06-17 08:09:43,42.4118537902832,-8.87947654724121,"Male"
"9004152",371985,2025-06-17 08:14:43,42.4104957580566,-8.87936592102051,"Male"
"9004152",371985,2025-06-17 08:20:10,42.4107055664062,-8.87767696380615,"Male"
"9004152",371985,2025-06-17 08:25:10,42.4108123779297,-8.87699127197266,"Male"
"9004152",371985,2025-06-17 08:30:50,42.4109687805176,-8.87633991241455,"Male"
"9004152",371985,2025-06-17 08:36:22,42.4109878540039,-8.87477779388428,"Male"
"9004152",371985,2025-06-17 08:41:21,42.4112777709961,-8.87347412109375,"Male"
"9004152",371985,2025-06-17 08:53:22,42.4112091064453,-8.87065505981445,"Male"
"9004152",371985,2025-06-17 08:59:28,42.4112129211426,-8.87059593200684,"Male"
"9004152",371985,2025-06-17 09:05:03,42.4108200073242,-8.87157249450684,"Male"
"9004152",371985,2025-06-17 09:22:29,42.4108810424805,-8.87026214599609,"Male"
"9004152",371985,2025-06-17 09:26:33,42.4107131958008,-8.87156867980957,"Male"
"9004152",371985,2025-06-17 09:32:21,42.4091415405273,-8.87137126922607,"Male"
"9004152",371985,2025-06-17 09:38:03,42.4088897705078,-8.87141132354736,"Male"
"9004152",371985,2025-06-17 09:43:45,42.4084625244141,-8.87163734436035,"Male"
"9004152",371985,2025-06-17 09:48:42,42.4085540771484,-8.87221527099609,"Male"
"9004152",371985,2025-06-17 09:54:28,42.409423828125,-8.87421703338623,"Male"
"9004152",371985,2025-06-17 09:59:52,42.4106788635254,-8.87440776824951,"Male"
"9004152",371985,2025-06-17 10:05:16,42.4107437133789,-8.87334537506104,"Male"
"9004152",371985,2025-06-17 10:18:46,42.4115447998047,-8.87055397033691,"Male"
"9004152",371985,2025-06-17 10:26:04,42.4114761352539,-8.87070655822754,"Male"
"9004152",371985,2025-06-17 10:31:06,42.4110145568848,-8.87170314788818,"Male"
"9004152",371985,2025-06-17 10:36:16,42.4114379882812,-8.87224197387695,"Male"
"9004152",371985,2025-06-17 10:41:25,42.4111671447754,-8.87453842163086,"Male"
"9004152",371985,2025-06-17 10:46:26,42.411247253418,-8.87654113769531,"Male"
"9004152",371985,2025-06-17 10:52:23,42.4107704162598,-8.8768949508667,"Male"
"9004152",371985,2025-06-17 10:59:18,42.4116821289062,-8.87556648254395,"Male"
"9004152",371985,2025-06-17 11:09:11,42.4099388122559,-8.87706851959229,"Male"
"9004152",371985,2025-06-17 11:15:33,42.4099807739258,-8.87455081939697,"Male"
"9004152",371985,2025-06-17 11:23:09,42.4117889404297,-8.87383079528809,"Male"
"9004152",371985,2025-06-17 11:29:14,42.4129028320312,-8.8721399307251,"Male"
"9004152",371985,2025-06-17 11:34:10,42.4129600524902,-8.87159633636475,"Male"
"9004152",371985,2025-06-17 11:39:12,42.4129447937012,-8.87162303924561,"Male"
"9004152",371985,2025-06-17 11:44:13,42.4129867553711,-8.87164974212646,"Male"
"9004152",371985,2025-06-17 11:49:35,42.4130249023438,-8.87154483795166,"Male"
"9004152",371985,2025-06-17 11:54:03,42.4130439758301,-8.87140560150146,"Male"
"9004152",371985,2025-06-17 11:59:03,42.4130401611328,-8.87143325805664,"Male"
"9004152",371985,2025-06-17 12:04:04,42.4129219055176,-8.87130737304688,"Male"
"9004152",371985,2025-06-17 12:09:03,42.4129829406738,-8.87131404876709,"Male"
"9004152",371985,2025-06-17 12:14:03,42.4129409790039,-8.87135028839111,"Male"
"9004152",371985,2025-06-17 12:20:53,42.4117012023926,-8.87067985534668,"Male"
"9004152",371985,2025-06-17 12:26:01,42.4107284545898,-8.87068367004395,"Male"
"9004152",371985,2025-06-17 12:30:59,42.4103317260742,-8.87065505981445,"Male"
"9004152",371985,2025-06-17 12:36:30,42.4101524353027,-8.87078189849854,"Male"
"9004152",371985,2025-06-17 12:41:58,42.409496307373,-8.86989879608154,"Male"
"9004152",371985,2025-06-17 13:49:05,42.4128684997559,-8.87128734588623,"Male"
"9004152",371985,2025-06-17 13:53:16,42.4129333496094,-8.87131023406982,"Male"
"9004152",371985,2025-06-17 13:58:16,42.4128341674805,-8.8713207244873,"Male"
"9004152",371985,2025-06-17 14:03:17,42.4128646850586,-8.87129402160645,"Male"
"9004152",371985,2025-06-17 14:08:16,42.412841796875,-8.87130260467529,"Male"
"9004152",371985,2025-06-17 14:13:17,42.4129180908203,-8.87131023406982,"Male"
"9004152",371985,2025-06-17 14:18:16,42.4129371643066,-8.87134265899658,"Male"
"9004152",371985,2025-06-17 14:23:16,42.4128799438477,-8.87132453918457,"Male"
"9004152",371985,2025-06-17 14:28:17,42.4128189086914,-8.87142181396484,"Male"
"9004152",371985,2025-06-17 14:33:43,42.4113426208496,-8.87211799621582,"Male"
"9004152",371985,2025-06-17 14:39:23,42.4105072021484,-8.87026977539062,"Male"
"9004152",371985,2025-06-17 14:44:52,42.4107933044434,-8.87024879455566,"Male"
"9004152",371985,2025-06-17 14:50:40,42.4111518859863,-8.87075138092041,"Male"
"9004152",371985,2025-06-17 14:56:20,42.4110717773438,-8.87058639526367,"Male"
"9004152",371985,2025-06-17 15:01:21,42.4103660583496,-8.87065887451172,"Male"
"9004152",371985,2025-06-17 15:06:28,42.409423828125,-8.8699312210083,"Male"
"9004152",371985,2025-06-17 15:11:28,42.4098892211914,-8.87038135528564,"Male"
"9004152",371985,2025-06-17 15:17:15,42.4113464355469,-8.87138843536377,"Male"
"9004152",371985,2025-06-17 15:22:23,42.412296295166,-8.87142276763916,"Male"
"9004152",371985,2025-06-17 15:27:30,42.4132652282715,-8.87167930603027,"Male"
"9004152",371985,2025-06-17 15:32:23,42.413272857666,-8.87178421020508,"Male"
"9004152",371985,2025-06-17 15:37:22,42.4133071899414,-8.87170886993408,"Male"
"9004152",371985,2025-06-17 15:42:27,42.4133453369141,-8.87171173095703,"Male"
"9004152",371985,2025-06-17 15:47:22,42.4132652282715,-8.87170505523682,"Male"
"9004152",371985,2025-06-17 15:52:36,42.4133491516113,-8.8718204498291,"Male"
"9004152",371985,2025-06-17 15:57:43,42.4133224487305,-8.87170886993408,"Male"
"9004152",371985,2025-06-17 16:02:22,42.4132804870605,-8.87166023254395,"Male"
"9004152",371985,2025-06-17 16:07:22,42.4135437011719,-8.87201690673828,"Male"
"9004152",371985,2025-06-17 16:12:22,42.4133834838867,-8.87174224853516,"Male"
"9004152",371985,2025-06-17 16:17:27,42.4131660461426,-8.87154006958008,"Male"
"9004152",371985,2025-06-17 16:22:22,42.4133262634277,-8.87174320220947,"Male"
"9004152",371985,2025-06-17 16:27:23,42.4132270812988,-8.87160778045654,"Male"
"9004152",371985,2025-06-17 16:32:23,42.4132957458496,-8.87156200408936,"Male"
"9004152",371985,2025-06-17 16:37:22,42.4135322570801,-8.87189292907715,"Male"
"9004152",371985,2025-06-17 16:45:28,42.411319732666,-8.87154293060303,"Male"
"9004152",371985,2025-06-17 16:50:06,42.4121284484863,-8.87095165252686,"Male"
"9004152",371985,2025-06-17 16:55:04,42.41357421875,-8.87163639068604,"Male"
"9004152",371985,2025-06-17 17:00:01,42.4134750366211,-8.8715877532959,"Male"
"9004152",371985,2025-06-17 17:05:01,42.4135093688965,-8.87172985076904,"Male"
"9004152",371985,2025-06-17 17:10:01,42.4134330749512,-8.87167453765869,"Male"
"9004152",371985,2025-06-17 17:15:02,42.4135208129883,-8.87171268463135,"Male"
"9004152",371985,2025-06-17 17:20:02,42.4134979248047,-8.87170696258545,"Male"
"9004152",371985,2025-06-17 17:25:02,42.4134750366211,-8.87178516387939,"Male"
"9004152",371985,2025-06-17 17:30:01,42.4134674072266,-8.87174797058105,"Male"
"9004152",371985,2025-06-17 17:35:01,42.4134521484375,-8.87170219421387,"Male"
"9004152",371985,2025-06-17 17:40:05,42.4134330749512,-8.87177467346191,"Male"
"9004152",371985,2025-06-17 17:45:14,42.41357421875,-8.87179470062256,"Male"
"9004152",371985,2025-06-17 17:50:01,42.4135437011719,-8.87173748016357,"Male"
"9004152",371985,2025-06-17 17:55:01,42.4134902954102,-8.8716926574707,"Male"
"9004152",371985,2025-06-17 18:00:02,42.4133987426758,-8.87166023254395,"Male"
"9004152",371985,2025-06-17 18:05:02,42.413444519043,-8.87174797058105,"Male"
"9004152",371985,2025-06-17 18:10:03,42.4133262634277,-8.87158584594727,"Male"
"9004152",371985,2025-06-17 18:15:02,42.4134216308594,-8.87164211273193,"Male"
"9004152",371985,2025-06-17 18:20:02,42.4134483337402,-8.87165641784668,"Male"
"9004152",371985,2025-06-17 18:25:02,42.4133987426758,-8.87168121337891,"Male"
"9004152",371985,2025-06-17 18:30:11,42.4135856628418,-8.87180137634277,"Male"
"9004152",371985,2025-06-17 18:35:02,42.4126853942871,-8.87211227416992,"Male"
"9004152",371985,2025-06-17 18:40:40,42.4112129211426,-8.87114715576172,"Male"
"9004152",371985,2025-06-17 18:45:40,42.4105644226074,-8.87046527862549,"Male"
"9004152",371985,2025-06-17 18:50:54,42.409423828125,-8.87008666992188,"Male"
"9004152",371985,2025-06-17 18:56:09,42.4099311828613,-8.87087631225586,"Male"
"9004152",371985,2025-06-17 19:01:29,42.4100189208984,-8.87164115905762,"Male"
"9004152",371985,2025-06-17 19:06:43,42.4089965820312,-8.87185668945312,"Male"
"9004152",371985,2025-06-17 19:12:02,42.4084587097168,-8.87206077575684,"Male"
"9004152",371985,2025-06-17 19:17:02,42.4069900512695,-8.8811731338501,"Male"
"9004152",371985,2025-06-17 19:22:02,42.3959083557129,-8.92072582244873,"Male"
"9004152",371985,2025-06-17 19:27:09,42.3964729309082,-8.92052268981934,"Male"
"9004152",371985,2025-06-17 19:32:03,42.396369934082,-8.92024898529053,"Male"
"9004152",371985,2025-06-17 19:37:01,42.3962326049805,-8.92004299163818,"Male"
"9004152",371985,2025-06-17 19:42:12,42.3964195251465,-8.92055320739746,"Male"
"9004152",371985,2025-06-17 19:47:01,42.3963203430176,-8.9202356338501,"Male"
"9004152",371985,2025-06-17 19:52:07,42.3965034484863,-8.92054176330566,"Male"
"9004152",371985,2025-06-17 19:57:14,42.3965034484863,-8.92005348205566,"Male"
"9004152",371985,2025-06-17 20:02:02,42.3963851928711,-8.92007732391357,"Male"
"9004152",371985,2025-06-17 20:07:03,42.3964920043945,-8.92010116577148,"Male"
"9004152",371985,2025-06-17 20:12:04,42.3964653015137,-8.9199800491333,"Male"
"9004152",371985,2025-06-17 20:17:02,42.396556854248,-8.91991710662842,"Male"
"9004152",371985,2025-06-17 20:22:12,42.3965454101562,-8.91998672485352,"Male"
"9004152",371985,2025-06-17 20:27:43,42.3972702026367,-8.92025947570801,"Male"
"9004152",371985,2025-06-17 20:32:01,42.3972015380859,-8.92020320892334,"Male"
"9004152",371985,2025-06-17 20:37:01,42.3962821960449,-8.92043972015381,"Male"
"9004152",371985,2025-06-17 20:42:01,42.3962783813477,-8.92044544219971,"Male"
"9004152",371985,2025-06-17 20:47:01,42.3962554931641,-8.92048168182373,"Male"
"9004152",371985,2025-06-17 20:52:14,42.3963088989258,-8.92047500610352,"Male"
"9004152",371985,2025-06-17 20:57:01,42.3963241577148,-8.92024993896484,"Male"
"9004152",371985,2025-06-17 21:02:01,42.3962364196777,-8.91988754272461,"Male"
"9004152",371985,2025-06-17 21:07:01,42.3963470458984,-8.92035388946533,"Male"
"9004152",371985,2025-06-17 21:12:01,42.3963584899902,-8.92031669616699,"Male"
"9004152",371985,2025-06-17 21:17:01,42.3962554931641,-8.92032051086426,"Male"
"9004152",371985,2025-06-17 21:22:01,42.3963508605957,-8.92033100128174,"Male"
"9004152",371985,2025-06-17 21:27:01,42.3962936401367,-8.92012310028076,"Male"
"9004152",371985,2025-06-17 21:32:01,42.3963050842285,-8.9203634262085,"Male"
"9004152",371985,2025-06-17 21:37:01,42.3962249755859,-8.92030429840088,"Male"
"9004152",371985,2025-06-17 21:42:01,42.3962516784668,-8.92019748687744,"Male"
"9004152",371985,2025-06-17 21:47:01,42.3962593078613,-8.92020702362061,"Male"
"9004152",371985,2025-06-17 21:52:01,42.3962669372559,-8.92020320892334,"Male"
"9004152",371985,2025-06-17 21:57:01,42.3962783813477,-8.92019081115723,"Male"
"9004152",371985,2025-06-17 22:02:01,42.3962898254395,-8.92019367218018,"Male"
"9004152",371985,2025-06-17 22:07:01,42.3963203430176,-8.92019367218018,"Male"
"9004152",371985,2025-06-17 22:12:01,42.3963165283203,-8.92021369934082,"Male"
"9004152",371985,2025-06-17 22:17:01,42.3963470458984,-8.92026042938232,"Male"
"9004152",371985,2025-06-17 22:22:01,42.396297454834,-8.92019081115723,"Male"
"9004152",371985,2025-06-17 22:27:01,42.3963203430176,-8.92020034790039,"Male"
"9004152",371985,2025-06-17 22:32:09,42.3964309692383,-8.92046642303467,"Male"
"9004152",371985,2025-06-17 22:37:01,42.3963623046875,-8.9202184677124,"Male"
"9004152",371985,2025-06-17 22:42:01,42.3963966369629,-8.92024993896484,"Male"
"9004152",371985,2025-06-17 22:47:03,42.3963966369629,-8.9204273223877,"Male"
"9004152",371985,2025-06-17 22:52:01,42.3963775634766,-8.92025566101074,"Male"
"9004152",371985,2025-06-17 22:57:01,42.3963317871094,-8.92026519775391,"Male"
"9004152",371985,2025-06-17 23:02:01,42.396354675293,-8.92029762268066,"Male"
"9004152",371985,2025-06-17 23:07:01,42.3963928222656,-8.92024326324463,"Male"
"9004152",371985,2025-06-17 23:12:01,42.3964500427246,-8.92032337188721,"Male"
"9004152",371985,2025-06-17 23:17:02,42.3964233398438,-8.92027378082275,"Male"
"9004152",371985,2025-06-17 23:22:12,42.3964996337891,-8.9199857711792,"Male"
"9004152",371985,2025-06-17 23:27:03,42.3964385986328,-8.92012500762939,"Male"
"9004152",371985,2025-06-17 23:32:02,42.3964462280273,-8.92014503479004,"Male"
"9004152",371985,2025-06-17 23:37:08,42.3963661193848,-8.92004585266113,"Male"
"9004152",371985,2025-06-17 23:42:06,42.396411895752,-8.91996097564697,"Male"
"9004152",371985,2025-06-17 23:47:12,42.396354675293,-8.92000198364258,"Male"
"9004152",371985,2025-06-17 23:52:09,42.3963241577148,-8.92000198364258,"Male"
"9004152",371985,2025-06-17 23:57:12,42.3963356018066,-8.91999816894531,"Male"
"9004152",371985,2025-06-18 00:02:12,42.3961944580078,-8.92008399963379,"Male"
"9004152",371985,2025-06-18 00:07:04,42.3962593078613,-8.92007923126221,"Male"
"9004152",371985,2025-06-18 00:12:07,42.3962669372559,-8.92006492614746,"Male"
"9004152",371985,2025-06-18 00:17:09,42.3962821960449,-8.92000198364258,"Male"
"9004152",371985,2025-06-18 00:22:04,42.3962669372559,-8.9199857711792,"Male"
"9004152",371985,2025-06-18 00:27:04,42.3961372375488,-8.91988277435303,"Male"
"9004152",371985,2025-06-18 00:32:09,42.3961181640625,-8.91985893249512,"Male"
"9004152",371985,2025-06-18 00:37:08,42.3961486816406,-8.9198637008667,"Male"
"9004152",371985,2025-06-18 00:42:08,42.3962097167969,-8.91995048522949,"Male"
"9004152",371985,2025-06-18 00:47:15,42.3963203430176,-8.92042350769043,"Male"
"9004152",371985,2025-06-18 00:52:08,42.3964424133301,-8.92044830322266,"Male"
"9004152",371985,2025-06-18 00:57:35,42.3962745666504,-8.92029571533203,"Male"
"9004152",371985,2025-06-18 01:02:00,42.3962554931641,-8.92046928405762,"Male"
"9004152",371985,2025-06-18 01:07:00,42.3962669372559,-8.92040157318115,"Male"
"9004152",371985,2025-06-18 01:12:00,42.3962097167969,-8.92046356201172,"Male"
"9004152",371985,2025-06-18 01:17:00,42.3962593078613,-8.92038726806641,"Male"
"9004152",371985,2025-06-18 01:22:00,42.3962631225586,-8.92044544219971,"Male"
"9004152",371985,2025-06-18 01:27:00,42.396240234375,-8.92045021057129,"Male"
"9004152",371985,2025-06-18 01:32:00,42.3962898254395,-8.9203987121582,"Male"
"9004152",371985,2025-06-18 01:37:00,42.3962669372559,-8.92034435272217,"Male"
"9004152",371985,2025-06-18 01:42:00,42.3962860107422,-8.92038059234619,"Male"
"9004152",371985,2025-06-18 01:47:00,42.396240234375,-8.92032051086426,"Male"
"9004152",371985,2025-06-18 01:52:00,42.3962631225586,-8.92036056518555,"Male"
"9004152",371985,2025-06-18 01:57:00,42.3962516784668,-8.92033195495605,"Male"
"9004152",371985,2025-06-18 02:02:01,42.3962593078613,-8.92032718658447,"Male"
"9004152",371985,2025-06-18 02:07:01,42.3962669372559,-8.92024040222168,"Male"
"9004152",371985,2025-06-18 02:12:01,42.3962936401367,-8.92028331756592,"Male"
"9004152",371985,2025-06-18 02:17:01,42.3962173461914,-8.92031097412109,"Male"
"9004152",371985,2025-06-18 02:22:00,42.3962669372559,-8.92028903961182,"Male"
"9004152",371985,2025-06-18 02:27:01,42.3962783813477,-8.92033863067627,"Male"
"9004152",371985,2025-06-18 02:32:01,42.3962631225586,-8.9203405380249,"Male"
"9004152",371985,2025-06-18 02:37:00,42.3962783813477,-8.92026996612549,"Male"
"9004152",371985,2025-06-18 02:42:01,42.3962745666504,-8.92041110992432,"Male"
"9004152",371985,2025-06-18 02:47:01,42.3963279724121,-8.92039108276367,"Male"
"9004152",371985,2025-06-18 02:52:00,42.3962173461914,-8.92030334472656,"Male"
"9004152",371985,2025-06-18 02:57:09,42.3962860107422,-8.92031669616699,"Male"
"9004152",371985,2025-06-18 03:02:01,42.3962249755859,-8.92025661468506,"Male"
"9004152",371985,2025-06-18 03:07:03,42.3962478637695,-8.92028331756592,"Male"
"9004152",371985,2025-06-18 03:13:24,42.3962249755859,-8.92033672332764,"Male"
"9004152",371985,2025-06-18 03:17:58,42.3962249755859,-8.92034244537354,"Male"
"9004152",371985,2025-06-18 03:22:00,42.3962745666504,-8.92037582397461,"Male"
"9004152",371985,2025-06-18 03:27:01,42.3962860107422,-8.92039489746094,"Male"
"9004152",371985,2025-06-18 03:32:01,42.3962936401367,-8.92038440704346,"Male"
"9004152",371985,2025-06-18 03:37:00,42.3962173461914,-8.92030620574951,"Male"
"9004152",371985,2025-06-18 03:42:00,42.3962478637695,-8.92032909393311,"Male"
"9004152",371985,2025-06-18 03:47:00,42.396297454834,-8.92041873931885,"Male"
"9004152",371985,2025-06-18 03:52:00,42.3962440490723,-8.92036724090576,"Male"
"9004152",371985,2025-06-18 03:57:00,42.3962745666504,-8.92041873931885,"Male"
"9004152",371985,2025-06-18 04:02:00,42.3962211608887,-8.92036151885986,"Male"
"9004152",371985,2025-06-18 04:07:00,42.3962516784668,-8.92038249969482,"Male"
"9004152",371985,2025-06-18 04:12:00,42.3962631225586,-8.92036247253418,"Male"
"9004152",371985,2025-06-18 04:17:01,42.3962936401367,-8.92033863067627,"Male"
"9004152",371985,2025-06-18 04:22:01,42.3962707519531,-8.92046546936035,"Male"
"9004152",371985,2025-06-18 04:27:03,42.3964080810547,-8.92031764984131,"Male"
"9004152",371985,2025-06-18 04:32:03,42.3970375061035,-8.91987705230713,"Male"
"9004152",371985,2025-06-18 04:37:02,42.3964157104492,-8.92032909393311,"Male"
"9004152",371985,2025-06-18 04:42:03,42.3963394165039,-8.92043399810791,"Male"
"9004152",371985,2025-06-18 04:47:03,42.3963165283203,-8.92052936553955,"Male"
"9004152",371985,2025-06-18 04:52:04,42.3962898254395,-8.92051887512207,"Male"
"9004152",371985,2025-06-18 04:57:02,42.3963394165039,-8.92045593261719,"Male"
"9004152",371985,2025-06-18 05:02:01,42.3963088989258,-8.920485496521,"Male"
"9004152",371985,2025-06-18 05:07:01,42.3964042663574,-8.92054557800293,"Male"
"9004152",371985,2025-06-18 05:12:01,42.3963012695312,-8.92045593261719,"Male"
"9004152",371985,2025-06-18 05:17:02,42.3963241577148,-8.9204683303833,"Male"
"9004152",371985,2025-06-18 05:22:05,42.3962783813477,-8.92046070098877,"Male"
"9004152",371985,2025-06-18 05:27:01,42.3963470458984,-8.92055034637451,"Male"
"9004152",371985,2025-06-18 05:32:01,42.3963394165039,-8.92054462432861,"Male"
"9004152",371985,2025-06-18 05:37:01,42.396354675293,-8.92057132720947,"Male"
"9004152",371985,2025-06-18 05:42:01,42.3963165283203,-8.92052745819092,"Male"
"9004152",371985,2025-06-18 05:47:01,42.3977394104004,-8.92034339904785,"Male"
"9004152",371985,2025-06-18 05:52:01,42.3977355957031,-8.92037582397461,"Male"
"9004152",371985,2025-06-18 05:57:02,42.3978424072266,-8.92047691345215,"Male"
"9004152",371985,2025-06-18 06:02:05,42.3977661132812,-8.92037773132324,"Male"
"9004152",371985,2025-06-18 06:07:01,42.3977241516113,-8.92025661468506,"Male"
"9004152",371985,2025-06-18 06:12:03,42.3977966308594,-8.92040157318115,"Male"
"9004152",371985,2025-06-18 06:17:01,42.3960762023926,-8.91581153869629,"Male"
"9004152",371985,2025-06-18 06:22:52,42.3985366821289,-8.90687847137451,"Male"
"9004152",371985,2025-06-18 06:28:53,42.401969909668,-8.91130256652832,"Male"
"9004152",371985,2025-06-18 06:33:55,42.3963394165039,-8.9124059677124,"Male"
"9004152",371985,2025-06-18 06:39:56,42.396167755127,-8.91083908081055,"Male"
"9004152",371985,2025-06-18 06:44:56,42.3977737426758,-8.90994358062744,"Male"
"9004152",371985,2025-06-18 06:50:12,42.3978614807129,-8.91066741943359,"Male"
"9004152",371985,2025-06-18 06:55:08,42.3991432189941,-8.91072177886963,"Male"
"9004152",371985,2025-06-18 07:01:08,42.3987159729004,-8.91087436676025,"Male"
"9004152",371985,2025-06-18 07:06:14,42.3984985351562,-8.91057872772217,"Male"
"9004152",371985,2025-06-18 07:11:14,42.3978080749512,-8.91134643554688,"Male"
"9004152",371985,2025-06-18 07:16:14,42.3976211547852,-8.91087245941162,"Male"
"9004152",371985,2025-06-18 07:21:36,42.3972625732422,-8.91153907775879,"Male"
"9004152",371985,2025-06-18 07:26:36,42.3978424072266,-8.90396690368652,"Male"
"9004152",371985,2025-06-18 07:32:16,42.4092712402344,-8.87168407440186,"Male"
"9004152",371985,2025-06-18 07:37:40,42.4093132019043,-8.87160015106201,"Male"
"9004152",371985,2025-06-18 07:42:42,42.4087257385254,-8.87205505371094,"Male"
"9004152",371985,2025-06-18 07:48:28,42.4081268310547,-8.8721227645874,"Male"
"9004152",371985,2025-06-18 07:54:06,42.409610748291,-8.8712854385376,"Male"
"9004152",371985,2025-06-18 07:58:56,42.4108238220215,-8.87136459350586,"Male"
"9004152",371985,2025-06-18 08:04:30,42.4122695922852,-8.87112140655518,"Male"
"9004152",371985,2025-06-18 08:09:41,42.4116325378418,-8.87093257904053,"Male"
"9004152",371985,2025-06-18 08:14:39,42.4127502441406,-8.87031745910645,"Male"
"9004152",371985,2025-06-18 08:19:39,42.4119720458984,-8.87025737762451,"Male"
"9004152",371985,2025-06-18 08:24:43,42.4113693237305,-8.87167930603027,"Male"
"9004152",371985,2025-06-18 08:29:43,42.4118423461914,-8.8734130859375,"Male"
"9004152",371985,2025-06-18 08:35:20,42.4116287231445,-8.87406253814697,"Male"
"9004152",371985,2025-06-18 08:40:20,42.4105644226074,-8.87455749511719,"Male"
"9004152",371985,2025-06-18 08:45:52,42.4115142822266,-8.87636470794678,"Male"
"9004152",371985,2025-06-18 08:51:20,42.4116477966309,-8.87599849700928,"Male"
"9004152",371985,2025-06-18 08:56:55,42.4128494262695,-8.87738800048828,"Male"
"9004152",371985,2025-06-18 09:02:37,42.4129981994629,-8.87732410430908,"Male"
"9004152",371985,2025-06-18 09:08:03,42.4123382568359,-8.87732410430908,"Male"
"9004152",371985,2025-06-18 09:13:15,42.4122467041016,-8.8786506652832,"Male"
"9004152",371985,2025-06-18 09:18:39,42.4122886657715,-8.87745571136475,"Male"
"9004152",371985,2025-06-18 09:23:56,42.4130058288574,-8.87708473205566,"Male"
"9004152",371985,2025-06-18 09:29:19,42.4120559692383,-8.8767204284668,"Male"
"9004152",371985,2025-06-18 09:34:18,42.4115295410156,-8.87583827972412,"Male"
"9004152",371985,2025-06-18 09:39:57,42.4109992980957,-8.87580013275146,"Male"
"9004152",371985,2025-06-18 09:45:41,42.4107933044434,-8.87459945678711,"Male"
"9004152",371985,2025-06-18 09:50:40,42.4114799499512,-8.87467765808105,"Male"
"9004152",371985,2025-06-18 09:55:41,42.4130401611328,-8.87383270263672,"Male"
"9004152",371985,2025-06-18 10:00:44,42.4142799377441,-8.87164878845215,"Male"
"9004152",371985,2025-06-18 10:05:40,42.4142227172852,-8.87169933319092,"Male"
"9004152",371985,2025-06-18 10:10:40,42.4142417907715,-8.8717041015625,"Male"
"9004152",371985,2025-06-18 10:15:40,42.4142456054688,-8.87174701690674,"Male"
"9004152",371985,2025-06-18 10:20:40,42.4140586853027,-8.87167167663574,"Male"
"9004152",371985,2025-06-18 10:25:40,42.4137763977051,-8.87162780761719,"Male"
"9004152",371985,2025-06-18 10:30:40,42.413761138916,-8.87162590026855,"Male"
"9004152",371985,2025-06-18 10:35:40,42.413818359375,-8.87161731719971,"Male"
"9004152",371985,2025-06-18 10:40:40,42.4138412475586,-8.87173748016357,"Male"
"9004152",371985,2025-06-18 10:45:40,42.413875579834,-8.87159252166748,"Male"
"9004152",371985,2025-06-18 10:50:40,42.4139404296875,-8.87164974212646,"Male"
"9004152",371985,2025-06-18 10:55:40,42.4139595031738,-8.87163257598877,"Male"
"9004152",371985,2025-06-18 11:00:40,42.413948059082,-8.8716287612915,"Male"
"9004152",371985,2025-06-18 11:05:40,42.4138984680176,-8.87166786193848,"Male"
"9004152",371985,2025-06-18 11:10:40,42.4139518737793,-8.87167167663574,"Male"
"9004152",371985,2025-06-18 11:15:40,42.4139404296875,-8.87168216705322,"Male"
"9004152",371985,2025-06-18 11:20:40,42.4139442443848,-8.87167549133301,"Male"
"9004152",371985,2025-06-18 11:25:40,42.413890838623,-8.87164974212646,"Male"
"9004152",371985,2025-06-18 11:30:40,42.4138488769531,-8.87164115905762,"Male"
"9004152",371985,2025-06-18 11:35:40,42.4138298034668,-8.87164974212646,"Male"
"9004152",371985,2025-06-18 11:40:40,42.4137153625488,-8.87154674530029,"Male"
"9004152",371985,2025-06-18 11:45:40,42.4137954711914,-8.87169647216797,"Male"
"9004152",371985,2025-06-18 11:50:40,42.4137001037598,-8.87156200408936,"Male"
"9004152",371985,2025-06-18 11:55:40,42.4138526916504,-8.87188529968262,"Male"
"9004152",371985,2025-06-18 12:00:40,42.4136734008789,-8.87168312072754,"Male"
"9004152",371985,2025-06-18 12:05:40,42.4137649536133,-8.87182521820068,"Male"
"9004152",371985,2025-06-18 12:10:40,42.4137268066406,-8.87169742584229,"Male"
"9004152",371985,2025-06-18 12:15:40,42.413745880127,-8.87178325653076,"Male"
"9004152",371985,2025-06-18 12:20:40,42.4136810302734,-8.87167549133301,"Male"
"9004152",371985,2025-06-18 12:25:40,42.4116744995117,-8.87307929992676,"Male"
"9004152",371985,2025-06-18 12:30:55,42.410888671875,-8.87441062927246,"Male"
"9004152",371985,2025-06-18 12:36:06,42.4102554321289,-8.87444496154785,"Male"
"9004152",371985,2025-06-18 12:41:47,42.4097099304199,-8.87435436248779,"Male"
"9004152",371985,2025-06-18 12:46:51,42.4088287353516,-8.8740930557251,"Male"
"9004152",371985,2025-06-18 12:51:50,42.4081916809082,-8.87425136566162,"Male"
"9004152",371985,2025-06-18 12:57:10,42.4075965881348,-8.87350749969482,"Male"
"9004152",371985,2025-06-18 13:02:42,42.4085807800293,-8.87393856048584,"Male"
"9004152",371985,2025-06-18 13:08:10,42.4095916748047,-8.87422752380371,"Male"
"9004152",371985,2025-06-18 13:13:20,42.4094657897949,-8.87515258789062,"Male"
"9004152",371985,2025-06-18 13:18:29,42.4086799621582,-8.87453079223633,"Male"
"9004152",371985,2025-06-18 13:24:19,42.4084281921387,-8.87363433837891,"Male"
"9004152",371985,2025-06-18 13:29:51,42.4092826843262,-8.87276649475098,"Male"
"9004152",371985,2025-06-18 13:34:52,42.4090156555176,-8.87139701843262,"Male"
"9004152",371985,2025-06-18 13:40:23,42.408504486084,-8.87138652801514,"Male"
"9004152",371985,2025-06-18 13:45:50,42.4094696044922,-8.87110710144043,"Male"
"9004152",371985,2025-06-18 13:51:36,42.4096260070801,-8.86993980407715,"Male"
"9004152",371985,2025-06-18 13:57:04,42.4099960327148,-8.86985778808594,"Male"
"9004152",371985,2025-06-18 14:02:37,42.410285949707,-8.87045860290527,"Male"
"9004152",371985,2025-06-18 14:07:41,42.4110527038574,-8.87138080596924,"Male"
"9004152",371985,2025-06-18 14:13:20,42.410587310791,-8.87267589569092,"Male"
"9004152",371985,2025-06-18 14:18:45,42.410774230957,-8.8742561340332,"Male"
"9004152",371985,2025-06-18 14:24:16,42.4113121032715,-8.87443065643311,"Male"
"9004152",371985,2025-06-18 14:29:52,42.4122695922852,-8.87490177154541,"Male"
"9004152",371985,2025-06-18 14:35:33,42.4112854003906,-8.8764181137085,"Male"
"9004152",371985,2025-06-18 14:40:34,42.410327911377,-8.87612533569336,"Male"
"9004152",371985,2025-06-18 14:45:33,42.3985137939453,-8.85809993743896,"Male"
"9004152",371985,2025-06-18 14:50:34,42.3983039855957,-8.85805225372314,"Male"
"9004152",371985,2025-06-18 14:55:34,42.3982963562012,-8.85801982879639,"Male"
"9004152",371985,2025-06-18 15:00:33,42.3985252380371,-8.85801315307617,"Male"
"9004152",371985,2025-06-18 15:05:33,42.3984756469727,-8.85805988311768,"Male"
"9004152",371985,2025-06-18 15:10:33,42.3984642028809,-8.85795497894287,"Male"
"9004152",371985,2025-06-18 15:15:33,42.3984718322754,-8.85795593261719,"Male"
"9004152",371985,2025-06-18 15:20:33,42.3984375,-8.85794067382812,"Male"
"9004152",371985,2025-06-18 15:25:53,42.3971099853516,-8.85818195343018,"Male"
"9004152",371985,2025-06-18 15:31:12,42.3970718383789,-8.85776329040527,"Male"
"9004152",371985,2025-06-18 15:36:36,42.3955955505371,-8.85662174224854,"Male"
"9004152",371985,2025-06-18 15:41:49,42.3953170776367,-8.85551929473877,"Male"
"9004152",371985,2025-06-18 15:47:12,42.3955688476562,-8.85538482666016,"Male"
"9004152",371985,2025-06-18 15:52:11,42.3947715759277,-8.85550117492676,"Male"
"9004152",371985,2025-06-18 15:57:37,42.3943824768066,-8.85592746734619,"Male"
"9004152",371985,2025-06-18 16:03:12,42.3951568603516,-8.85688495635986,"Male"
"9004152",371985,2025-06-18 16:08:10,42.3960647583008,-8.85635566711426,"Male"
"9004152",371985,2025-06-18 16:13:10,42.3960647583008,-8.85630989074707,"Male"
"9004152",371985,2025-06-18 16:18:10,42.3960647583008,-8.85630035400391,"Male"
"9004152",371985,2025-06-18 16:23:10,42.3961143493652,-8.85623550415039,"Male"
"9004152",371985,2025-06-18 16:28:10,42.3960762023926,-8.85627365112305,"Male"
"9004152",371985,2025-06-18 16:33:10,42.396053314209,-8.85626602172852,"Male"
"9004152",371985,2025-06-18 16:38:10,42.3960762023926,-8.8563117980957,"Male"
"9004152",371985,2025-06-18 16:43:10,42.3960609436035,-8.85630893707275,"Male"
"9004152",371985,2025-06-18 16:48:10,42.3960914611816,-8.85632801055908,"Male"
"9004152",371985,2025-06-18 16:53:10,42.3960494995117,-8.85628128051758,"Male"
"9004152",371985,2025-06-18 16:58:11,42.396312713623,-8.85637474060059,"Male"
"9004152",371985,2025-06-18 17:03:11,42.3961601257324,-8.85641384124756,"Male"
"9004152",371985,2025-06-18 17:08:10,42.3961372375488,-8.85628223419189,"Male"
"9004152",371985,2025-06-18 17:13:10,42.3960914611816,-8.85646533966064,"Male"
"9004152",371985,2025-06-18 17:18:10,42.3961029052734,-8.85643482208252,"Male"
"9004152",371985,2025-06-18 17:23:10,42.3984069824219,-8.85772800445557,"Male"
"9004152",371985,2025-06-18 17:28:10,42.3984489440918,-8.85771751403809,"Male"
"9004152",371985,2025-06-18 17:33:15,42.3982429504395,-8.85791969299316,"Male"
"9004152",371985,2025-06-18 17:38:11,42.3979377746582,-8.85798168182373,"Male"
"9004152",371985,2025-06-18 17:43:11,42.3980598449707,-8.85774898529053,"Male"
"9004152",371985,2025-06-18 17:48:13,42.3980865478516,-8.85849666595459,"Male"
"9004152",371985,2025-06-18 17:53:11,42.398021697998,-8.85767459869385,"Male"
"9004152",371985,2025-06-18 17:58:12,42.3981323242188,-8.85735034942627,"Male"
"9004152",371985,2025-06-18 18:03:11,42.3980598449707,-8.85757350921631,"Male"
"9004152",371985,2025-06-18 18:08:11,42.3981399536133,-8.85757732391357,"Male"
"9004152",371985,2025-06-18 18:13:11,42.3981513977051,-8.85747909545898,"Male"
"9004152",371985,2025-06-18 18:18:11,42.3981781005859,-8.85741710662842,"Male"
"9004152",371985,2025-06-18 18:23:10,42.3981781005859,-8.85746383666992,"Male"
"9004152",371985,2025-06-18 18:28:10,42.3981819152832,-8.85737895965576,"Male"
"9004152",371985,2025-06-18 18:33:10,42.3981742858887,-8.85732555389404,"Male"
"9004152",371985,2025-06-18 18:38:11,42.3982810974121,-8.85740756988525,"Male"
"9004152",371985,2025-06-18 18:43:11,42.3982200622559,-8.85732746124268,"Male"
"9004152",371985,2025-06-18 18:48:11,42.3978424072266,-8.85685443878174,"Male"
"9004152",371985,2025-06-18 18:53:10,42.4001121520996,-8.85943794250488,"Male"
"9004152",371985,2025-06-18 18:58:16,42.3986701965332,-8.85794734954834,"Male"
"9004152",371985,2025-06-18 19:03:13,42.3987617492676,-8.8585319519043,"Male"
"9004152",371985,2025-06-18 19:08:21,42.3987236022949,-8.8580961227417,"Male"
"9004152",371985,2025-06-18 19:13:53,42.3988723754883,-8.85788726806641,"Male"
"9004152",371985,2025-06-18 19:18:10,42.3994827270508,-8.85844326019287,"Male"
"9004152",371985,2025-06-18 19:23:12,42.3984832763672,-8.85792255401611,"Male"
"9004152",371985,2025-06-18 19:28:13,42.3986396789551,-8.85802364349365,"Male"
"9004152",371985,2025-06-18 19:33:11,42.3973121643066,-8.856858253479,"Male"
"9004152",371985,2025-06-18 19:38:12,42.3977088928223,-8.8576774597168,"Male"
"9004152",371985,2025-06-18 19:43:12,42.397331237793,-8.85648345947266,"Male"
"9004152",371985,2025-06-18 19:48:11,42.3978805541992,-8.85816669464111,"Male"
"9004152",371985,2025-06-18 19:53:16,42.398078918457,-8.85893630981445,"Male"
"9004152",371985,2025-06-18 19:58:19,42.3979873657227,-8.85939121246338,"Male"
"9004152",371985,2025-06-18 20:03:18,42.3979644775391,-8.85930156707764,"Male"
"9004152",371985,2025-06-18 20:08:11,42.3978843688965,-8.85910415649414,"Male"
"9004152",371985,2025-06-18 20:13:24,42.3979568481445,-8.85918426513672,"Male"
"9004152",371985,2025-06-18 20:18:25,42.3979949951172,-8.85929203033447,"Male"
"9004152",371985,2025-06-18 20:23:21,42.3982353210449,-8.85917854309082,"Male"
"9004152",371985,2025-06-18 20:28:10,42.3981895446777,-8.85793590545654,"Male"
"9004152",371985,2025-06-18 20:33:11,42.398323059082,-8.8578462600708,"Male"
"9004152",371985,2025-06-18 20:38:11,42.3982238769531,-8.85804080963135,"Male"
"9004152",371985,2025-06-18 20:43:12,42.3983459472656,-8.85803413391113,"Male"
"9004152",371985,2025-06-18 20:48:11,42.3981704711914,-8.85793876647949,"Male"
"9004152",371985,2025-06-18 20:53:10,42.3982391357422,-8.85800361633301,"Male"
"9004152",371985,2025-06-18 20:58:11,42.398265838623,-8.85802173614502,"Male"
"9004152",371985,2025-06-18 21:03:11,42.3982315063477,-8.85821533203125,"Male"
"9004152",371985,2025-06-18 21:08:11,42.3982543945312,-8.85818862915039,"Male"
"9004152",371985,2025-06-18 21:13:10,42.3981323242188,-8.85841178894043,"Male"
"9004152",371985,2025-06-18 21:18:11,42.3981666564941,-8.85845756530762,"Male"
"9004152",371985,2025-06-18 21:23:11,42.398193359375,-8.85842609405518,"Male"
"9004152",371985,2025-06-18 21:28:15,42.3981666564941,-8.85836410522461,"Male"
"9004152",371985,2025-06-18 21:33:14,42.3982086181641,-8.85876178741455,"Male"
"9004152",371985,2025-06-18 21:38:11,42.3983192443848,-8.85858154296875,"Male"
"9004152",371985,2025-06-18 21:43:10,42.3980674743652,-8.85861682891846,"Male"
"9004152",371985,2025-06-18 21:48:11,42.3981170654297,-8.85862350463867,"Male"
"9004152",371985,2025-06-18 21:53:11,42.3981018066406,-8.85864925384521,"Male"
"9004152",371985,2025-06-18 21:58:11,42.3981246948242,-8.85855865478516,"Male"
"9004152",371985,2025-06-18 22:03:10,42.3979988098145,-8.85885238647461,"Male"
"9004152",371985,2025-06-18 22:08:10,42.3981285095215,-8.85860061645508,"Male"
"9004152",371985,2025-06-18 22:13:11,42.3981895446777,-8.85853004455566,"Male"
"9004152",371985,2025-06-18 22:18:31,42.3982772827148,-8.85851192474365,"Male"
"9004152",371985,2025-06-18 22:23:43,42.3987693786621,-8.85762596130371,"Male"
"9004152",371985,2025-06-18 22:28:17,42.3985252380371,-8.85824871063232,"Male"
"9004152",371985,2025-06-18 22:33:19,42.398609161377,-8.85821151733398,"Male"
"9004152",371985,2025-06-18 22:38:10,42.3986778259277,-8.85795974731445,"Male"
"9004152",371985,2025-06-18 22:43:11,42.3986358642578,-8.85796451568604,"Male"
"9004152",371985,2025-06-18 22:48:10,42.398609161377,-8.85825347900391,"Male"
"9004152",371985,2025-06-18 22:53:11,42.3986740112305,-8.85791969299316,"Male"
"9004152",371985,2025-06-18 22:58:10,42.3986778259277,-8.85785102844238,"Male"
"9004152",371985,2025-06-18 23:03:10,42.3986129760742,-8.85818672180176,"Male"
"9004152",371985,2025-06-18 23:08:18,42.3986625671387,-8.85793399810791,"Male"
"9004152",371985,2025-06-18 23:13:11,42.398567199707,-8.85812950134277,"Male"
"9004152",371985,2025-06-18 23:18:10,42.3986282348633,-8.85799694061279,"Male"
"9004152",371985,2025-06-18 23:23:10,42.3986358642578,-8.85795974731445,"Male"
"9004152",371985,2025-06-18 23:28:10,42.3986778259277,-8.85798263549805,"Male"
"9004152",371985,2025-06-18 23:33:10,42.3986854553223,-8.85782241821289,"Male"
"9004152",371985,2025-06-18 23:38:10,42.398624420166,-8.85791683197021,"Male"
"9004152",371985,2025-06-18 23:43:10,42.3986587524414,-8.85796642303467,"Male"
"9004152",371985,2025-06-18 23:48:10,42.3986053466797,-8.85809707641602,"Male"
"9004152",371985,2025-06-18 23:53:10,42.3986053466797,-8.85825538635254,"Male"
"9004152",371985,2025-06-18 23:58:10,42.3986282348633,-8.8579216003418,"Male"
"9004152",371985,2025-06-19 00:03:10,42.3987312316895,-8.85795021057129,"Male"
"9004152",371985,2025-06-19 00:08:10,42.3986396789551,-8.8579044342041,"Male"
"9004152",371985,2025-06-19 00:13:10,42.3985862731934,-8.85791110992432,"Male"
"9004152",371985,2025-06-19 00:18:10,42.3986854553223,-8.85785102844238,"Male"
"9004152",371985,2025-06-19 00:23:10,42.3987274169922,-8.8577299118042,"Male"
"9004152",371985,2025-06-19 00:28:10,42.3986778259277,-8.85785388946533,"Male"
"9004152",371985,2025-06-19 00:33:11,42.3987121582031,-8.85800266265869,"Male"
"9004152",371985,2025-06-19 00:38:10,42.3987045288086,-8.85790920257568,"Male"
"9004152",371985,2025-06-19 00:43:10,42.3987350463867,-8.85801696777344,"Male"
"9004152",371985,2025-06-19 00:48:10,42.3987922668457,-8.8579158782959,"Male"
"9004152",371985,2025-06-19 00:53:10,42.3986930847168,-8.85790824890137,"Male"
"9004152",371985,2025-06-19 00:58:10,42.398853302002,-8.8579626083374,"Male"
"9004152",371985,2025-06-19 01:03:10,42.3988647460938,-8.85785007476807,"Male"
"9004152",371985,2025-06-19 01:08:10,42.3989334106445,-8.85800266265869,"Male"
"9004152",371985,2025-06-19 01:13:11,42.3989753723145,-8.85775852203369,"Male"
"9004152",371985,2025-06-19 01:18:10,42.3989334106445,-8.85812187194824,"Male"
"9004152",371985,2025-06-19 01:23:10,42.3989715576172,-8.85822772979736,"Male"
"9004152",371985,2025-06-19 01:28:10,42.3989868164062,-8.85806179046631,"Male"
"9004152",371985,2025-06-19 01:33:11,42.3988990783691,-8.85822772979736,"Male"
"9004152",371985,2025-06-19 01:38:11,42.3989448547363,-8.85803699493408,"Male"
"9004152",371985,2025-06-19 01:43:15,42.3989753723145,-8.85813045501709,"Male"
"9004152",371985,2025-06-19 01:48:15,42.3989410400391,-8.85814571380615,"Male"
"9004152",371985,2025-06-19 01:53:13,42.3991661071777,-8.85828113555908,"Male"
"9004152",371985,2025-06-19 01:58:13,42.399169921875,-8.85828590393066,"Male"
"9004152",371985,2025-06-19 02:03:17,42.3989448547363,-8.85863780975342,"Male"
"9004152",371985,2025-06-19 02:09:00,42.3986740112305,-8.8580265045166,"Male"
"9004152",371985,2025-06-19 02:13:44,42.3986396789551,-8.85789966583252,"Male"
"9004152",371985,2025-06-19 02:19:24,42.398609161377,-8.85797500610352,"Male"
"9004152",371985,2025-06-19 02:23:09,42.3985786437988,-8.85804843902588,"Male"
"9004152",371985,2025-06-19 02:28:09,42.398551940918,-8.8580207824707,"Male"
"9004152",371985,2025-06-19 02:33:09,42.3986129760742,-8.85803127288818,"Male"
"9004152",371985,2025-06-19 02:38:09,42.3986129760742,-8.85796737670898,"Male"
"9004152",371985,2025-06-19 02:43:09,42.3985939025879,-8.85796737670898,"Male"
"9004152",371985,2025-06-19 02:48:09,42.3984451293945,-8.85810565948486,"Male"
"9004152",371985,2025-06-19 02:53:12,42.3984489440918,-8.85830020904541,"Male"
"9004152",371985,2025-06-19 02:58:12,42.3983573913574,-8.85823440551758,"Male"
"9004152",371985,2025-06-19 03:03:11,42.3976974487305,-8.85802173614502,"Male"
"9004152",371985,2025-06-19 03:08:11,42.3981285095215,-8.85810279846191,"Male"
"9004152",371985,2025-06-19 03:13:15,42.3987579345703,-8.85821056365967,"Male"
"9004152",371985,2025-06-19 03:18:13,42.3988304138184,-8.85785007476807,"Male"
"9004152",371985,2025-06-19 03:23:41,42.3987121582031,-8.85765647888184,"Male"
"9004152",371985,2025-06-19 03:28:12,42.3980751037598,-8.85791397094727,"Male"
"9004152",371985,2025-06-19 03:33:16,42.3985214233398,-8.85847091674805,"Male"
"9004152",371985,2025-06-19 03:38:12,42.3984527587891,-8.85864448547363,"Male"
"9004152",371985,2025-06-19 03:43:12,42.3986434936523,-8.85820770263672,"Male"
"9004152",371985,2025-06-19 03:48:12,42.3989639282227,-8.85806465148926,"Male"
"9004152",371985,2025-06-19 03:53:11,42.3988914489746,-8.85825824737549,"Male"
"9004152",371985,2025-06-19 03:58:13,42.3987236022949,-8.85813331604004,"Male"
"9004152",371985,2025-06-19 04:03:18,42.3986358642578,-8.8580322265625,"Male"
"9004152",371985,2025-06-19 04:08:12,42.3989486694336,-8.85793972015381,"Male"
"9004152",371985,2025-06-19 04:13:12,42.3987083435059,-8.8580265045166,"Male"
"9004152",371985,2025-06-19 04:18:10,42.3988838195801,-8.85809898376465,"Male"
"9004152",371985,2025-06-19 04:23:16,42.398738861084,-8.85836791992188,"Male"
"9004152",371985,2025-06-19 04:28:13,42.3987350463867,-8.85827350616455,"Male"
"9004152",371985,2025-06-19 04:33:10,42.3986587524414,-8.85834693908691,"Male"
"9004152",371985,2025-06-19 04:38:14,42.3985481262207,-8.8580150604248,"Male"
"9004152",371985,2025-06-19 04:43:13,42.3987579345703,-8.85853481292725,"Male"
"9004152",371985,2025-06-19 04:48:16,42.3981132507324,-8.85871124267578,"Male"
"9004152",371985,2025-06-19 04:53:53,42.3981781005859,-8.85865020751953,"Male"
"9004152",371985,2025-06-19 04:58:16,42.3981552124023,-8.85866928100586,"Male"
"9004152",371985,2025-06-19 05:03:13,42.398494720459,-8.85867500305176,"Male"
"9004152",371985,2025-06-19 05:08:14,42.3981781005859,-8.85867881774902,"Male"
"9004152",371985,2025-06-19 05:13:25,42.3982696533203,-8.85856342315674,"Male"
"9004152",371985,2025-06-19 05:18:13,42.3973121643066,-8.85941791534424,"Male"
"9004152",371985,2025-06-19 05:23:18,42.3982543945312,-8.85867404937744,"Male"
"9004152",371985,2025-06-19 05:28:18,42.3983917236328,-8.85855865478516,"Male"
"9004152",371985,2025-06-19 05:33:19,42.3982963562012,-8.85872459411621,"Male"
"9004152",371985,2025-06-19 05:38:23,42.3985214233398,-8.85819911956787,"Male"
"9004152",371985,2025-06-19 05:43:19,42.3985862731934,-8.8580846786499,"Male"
"9004152",371985,2025-06-19 05:48:19,42.3984909057617,-8.85832405090332,"Male"
"9004152",371985,2025-06-19 05:53:16,42.3986167907715,-8.85800075531006,"Male"
"9004152",371985,2025-06-19 05:58:17,42.3986511230469,-8.85807800292969,"Male"
"9004152",371985,2025-06-19 06:03:12,42.3976783752441,-8.858473777771,"Male"
"9004152",371985,2025-06-19 06:08:26,42.398609161377,-8.85799980163574,"Male"
"9004152",371985,2025-06-19 06:13:19,42.3986053466797,-8.85803604125977,"Male"
"9004152",371985,2025-06-19 06:18:17,42.3986625671387,-8.85793685913086,"Male"
"9004152",371985,2025-06-19 06:23:10,42.3983001708984,-8.85983276367188,"Male"
"9004152",371985,2025-06-19 06:28:10,42.3977241516113,-8.86089324951172,"Male"
"9004152",371985,2025-06-19 06:33:28,42.3972587585449,-8.8598518371582,"Male"
"9004152",371985,2025-06-19 06:39:10,42.3969802856445,-8.85966873168945,"Male"
"9004152",371985,2025-06-19 06:44:11,42.3964347839355,-8.85832977294922,"Male"
"9004152",371985,2025-06-19 06:49:49,42.3962745666504,-8.85775756835938,"Male"
"9004152",371985,2025-06-19 06:55:02,42.3951225280762,-8.85647296905518,"Male"
"9004152",371985,2025-06-19 07:00:46,42.3960914611816,-8.85586643218994,"Male"
"9004152",371985,2025-06-19 07:05:51,42.3965454101562,-8.8569803237915,"Male"
"9004152",371985,2025-06-19 07:10:50,42.3963737487793,-8.858154296875,"Male"
"9004152",371985,2025-06-19 07:16:02,42.3990745544434,-8.8579797744751,"Male"
"9004152",371985,2025-06-19 07:20:53,42.3986396789551,-8.8579044342041,"Male"
"9004152",371985,2025-06-19 07:26:14,42.3985633850098,-8.85811138153076,"Male"
"9004152",371985,2025-06-19 07:30:51,42.3985290527344,-8.85807704925537,"Male"
"9004152",371985,2025-06-19 07:36:02,42.398567199707,-8.85802173614502,"Male"
"9004152",371985,2025-06-19 07:40:55,42.3985328674316,-8.85803031921387,"Male"
"9004152",371985,2025-06-19 07:46:12,42.3987007141113,-8.8590202331543,"Male"
"9004152",371985,2025-06-19 07:51:39,42.4077987670898,-8.87364768981934,"Male"
"9004152",371985,2025-06-19 07:57:17,42.4078903198242,-8.87419319152832,"Male"
"9004152",371985,2025-06-19 08:03:14,42.4102592468262,-8.87563228607178,"Male"
"9004152",371985,2025-06-19 08:09:04,42.4112358093262,-8.87656402587891,"Male"
"9004152",371985,2025-06-19 08:15:41,42.411449432373,-8.87722873687744,"Male"
"9004152",371985,2025-06-19 08:20:35,42.411304473877,-8.87692356109619,"Male"
"9004152",371985,2025-06-19 08:26:47,42.4115982055664,-8.87707424163818,"Male"
"9004152",371985,2025-06-19 08:32:15,42.4116134643555,-8.87630176544189,"Male"
"9004152",371985,2025-06-19 08:37:34,42.4133529663086,-8.87696361541748,"Male"
"9004152",371985,2025-06-19 08:43:04,42.413646697998,-8.87722587585449,"Male"
"9004152",371985,2025-06-19 08:48:35,42.4147071838379,-8.87728023529053,"Male"
"9004152",371985,2025-06-19 08:53:01,42.4148712158203,-8.87751770019531,"Male"
"9004152",371985,2025-06-19 08:57:46,42.4147605895996,-8.87756538391113,"Male"
"9004152",371985,2025-06-19 09:02:46,42.4148635864258,-8.87750720977783,"Male"
"9004152",371985,2025-06-19 09:07:46,42.4148559570312,-8.87754440307617,"Male"
"9004152",371985,2025-06-19 09:12:46,42.4149360656738,-8.87749004364014,"Male"
"9004152",371985,2025-06-19 09:17:46,42.4149436950684,-8.87772083282471,"Male"
"9004152",371985,2025-06-19 09:22:46,42.414924621582,-8.87757205963135,"Male"
"9004152",371985,2025-06-19 09:27:46,42.4149131774902,-8.87770652770996,"Male"
"9004152",371985,2025-06-19 09:32:46,42.4147987365723,-8.8776912689209,"Male"
"9004152",371985,2025-06-19 09:37:46,42.4148063659668,-8.8776969909668,"Male"
"9004152",371985,2025-06-19 09:42:46,42.4148368835449,-8.87768936157227,"Male"
"9004152",371985,2025-06-19 09:47:46,42.4150390625,-8.87768745422363,"Male"
"9004152",371985,2025-06-19 09:52:46,42.4150505065918,-8.87776374816895,"Male"
"9004152",371985,2025-06-19 09:57:48,42.414981842041,-8.87759971618652,"Male"
"9004152",371985,2025-06-19 10:02:48,42.4149475097656,-8.87763118743896,"Male"
"9004152",371985,2025-06-19 10:07:46,42.4151802062988,-8.87758255004883,"Male"
"9004152",371985,2025-06-19 10:12:46,42.4148559570312,-8.87761974334717,"Male"
"9004152",371985,2025-06-19 10:17:50,42.4145851135254,-8.87740612030029,"Male"
"9004152",371985,2025-06-19 10:23:13,42.4126510620117,-8.87767505645752,"Male"
"9004152",371985,2025-06-19 10:28:45,42.4118881225586,-8.87903213500977,"Male"
"9004152",371985,2025-06-19 10:34:21,42.4124755859375,-8.87816333770752,"Male"
"9004152",371985,2025-06-19 10:39:48,42.4123191833496,-8.87748432159424,"Male"
"9004152",371985,2025-06-19 10:45:13,42.4119186401367,-8.87806987762451,"Male"
"9004152",371985,2025-06-19 10:50:19,42.4118766784668,-8.87707042694092,"Male"
"9004152",371985,2025-06-19 10:55:36,42.4108695983887,-8.87730407714844,"Male"
"9004152",371985,2025-06-19 11:01:17,42.4112815856934,-8.87623977661133,"Male"
"9004152",371985,2025-06-19 11:06:56,42.4108352661133,-8.87613868713379,"Male"
"9004152",371985,2025-06-19 11:12:12,42.410758972168,-8.87556743621826,"Male"
"9004152",371985,2025-06-19 11:17:54,42.4111747741699,-8.87425899505615,"Male"
"9004152",371985,2025-06-19 11:23:38,42.4107513427734,-8.87367725372314,"Male"
"9004152",371985,2025-06-19 11:30:02,42.4115943908691,-8.8738431930542,"Male"
"9004152",371985,2025-06-19 11:35:24,42.411693572998,-8.87471675872803,"Male"
"9004152",371985,2025-06-19 11:40:30,42.4126243591309,-8.8734130859375,"Male"
"9004152",371985,2025-06-19 11:47:10,42.411808013916,-8.87194347381592,"Male"
"9004152",371985,2025-06-19 11:52:14,42.4118957519531,-8.87107276916504,"Male"
"9004152",371985,2025-06-19 11:57:48,42.4122200012207,-8.87120151519775,"Male"
"9004152",371985,2025-06-19 12:02:47,42.4137954711914,-8.87185764312744,"Male"
"9004152",371985,2025-06-19 12:07:48,42.4137649536133,-8.87171459197998,"Male"
"9004152",371985,2025-06-19 12:12:46,42.4137344360352,-8.87190628051758,"Male"
"9004152",371985,2025-06-19 12:17:48,42.4138870239258,-8.87211608886719,"Male"
"9004152",371985,2025-06-19 12:22:47,42.4137344360352,-8.87197017669678,"Male"
"9004152",371985,2025-06-19 12:27:46,42.4138221740723,-8.87224769592285,"Male"
"9004152",371985,2025-06-19 12:32:46,42.4138679504395,-8.87202453613281,"Male"
"9004152",371985,2025-06-19 12:37:58,42.4136352539062,-8.87168312072754,"Male"
"9004152",371985,2025-06-19 12:42:47,42.4138641357422,-8.87178516387939,"Male"
"9004152",371985,2025-06-19 12:48:07,42.413330078125,-8.87155818939209,"Male"
"9004152",371985,2025-06-19 12:52:46,42.4136238098145,-8.87160301208496,"Male"
"9004152",371985,2025-06-19 12:57:46,42.4134750366211,-8.87165546417236,"Male"
"9004152",371985,2025-06-19 13:02:46,42.4131393432617,-8.87189292907715,"Male"
"9004152",371985,2025-06-19 13:07:46,42.4129943847656,-8.87206554412842,"Male"
"9004152",371985,2025-06-19 13:12:46,42.4135780334473,-8.87176036834717,"Male"
"9004152",371985,2025-06-19 13:17:46,42.4132804870605,-8.87137222290039,"Male"
"9004152",371985,2025-06-19 13:22:46,42.4136085510254,-8.87160491943359,"Male"
"9004152",371985,2025-06-19 13:27:53,42.413402557373,-8.87137985229492,"Male"
"9004152",371985,2025-06-19 13:32:46,42.413703918457,-8.87172222137451,"Male"
"9004152",371985,2025-06-19 13:37:46,42.4135894775391,-8.87174797058105,"Male"
"9004152",371985,2025-06-19 13:42:46,42.4135627746582,-8.87164783477783,"Male"
"9004152",371985,2025-06-19 13:47:46,42.4135704040527,-8.87159633636475,"Male"
"9004152",371985,2025-06-19 13:52:46,42.413200378418,-8.87152099609375,"Male"
"9004152",371985,2025-06-19 13:58:08,42.4125938415527,-8.87092399597168,"Male"
"9004152",371985,2025-06-19 14:03:29,42.4117317199707,-8.87103366851807,"Male"
"9004152",371985,2025-06-19 14:08:33,42.411376953125,-8.87065410614014,"Male"
"9004152",371985,2025-06-19 14:13:43,42.4112205505371,-8.87088489532471,"Male"
"9004152",371985,2025-06-19 14:19:08,42.4106674194336,-8.87110137939453,"Male"
"9004152",371985,2025-06-19 14:24:22,42.4100303649902,-8.87001895904541,"Male"
"9004152",371985,2025-06-19 14:29:23,42.4103660583496,-8.869384765625,"Male"
"9004152",371985,2025-06-19 14:34:46,42.411319732666,-8.86987209320068,"Male"
"9004152",371985,2025-06-19 14:40:03,42.4106750488281,-8.86997032165527,"Male"
"9004152",371985,2025-06-19 14:45:24,42.410717010498,-8.87074851989746,"Male"
"9004152",371985,2025-06-19 14:50:54,42.4101982116699,-8.87013912200928,"Male"
"9004152",371985,2025-06-19 14:55:59,42.4093589782715,-8.86907958984375,"Male"
"9004152",371985,2025-06-19 15:01:06,42.4092826843262,-8.87011432647705,"Male"
"9004152",371985,2025-06-19 15:06:27,42.4102668762207,-8.87100410461426,"Male"
"9004152",371985,2025-06-19 15:11:46,42.410717010498,-8.87122535705566,"Male"
"9004152",371985,2025-06-19 15:17:25,42.4116630554199,-8.87086486816406,"Male"
"9004152",371985,2025-06-19 15:23:01,42.4107513427734,-8.87064552307129,"Male"
"9004152",371985,2025-06-19 15:28:16,42.411075592041,-8.87111949920654,"Male"
"9004152",371985,2025-06-19 15:33:28,42.4123039245605,-8.87067413330078,"Male"
"9004152",371985,2025-06-19 15:38:28,42.4130516052246,-8.87018299102783,"Male"
"9004152",371985,2025-06-19 15:43:30,42.4129028320312,-8.87132930755615,"Male"
"9004152",371985,2025-06-19 15:48:27,42.4129981994629,-8.87124633789062,"Male"
"9004152",371985,2025-06-19 15:53:27,42.4128265380859,-8.87168788909912,"Male"
"9004152",371985,2025-06-19 15:58:27,42.412712097168,-8.87168598175049,"Male"
"9004152",371985,2025-06-19 16:03:28,42.4041633605957,-8.86172485351562,"Male"
"9004152",371985,2025-06-19 16:08:29,42.4041748046875,-8.86157989501953,"Male"
"9004152",371985,2025-06-19 16:13:27,42.4042549133301,-8.86169815063477,"Male"
"9004152",371985,2025-06-19 16:18:28,42.4041786193848,-8.86133193969727,"Male"
"9004152",371985,2025-06-19 16:23:28,42.4041595458984,-8.86134815216064,"Male"
"9004152",371985,2025-06-19 16:28:28,42.4043159484863,-8.86165618896484,"Male"
"9004152",371985,2025-06-19 16:33:32,42.4047317504883,-8.86183261871338,"Male"
"9004152",371985,2025-06-19 16:38:28,42.4041633605957,-8.86163139343262,"Male"
"9004152",371985,2025-06-19 16:43:27,42.4046440124512,-8.86192893981934,"Male"
"9004152",371985,2025-06-19 16:48:28,42.4046478271484,-8.86189460754395,"Male"
"9004152",371985,2025-06-19 16:53:46,42.4087715148926,-8.87088966369629,"Male"
"9004152",371985,2025-06-19 16:58:50,42.4089584350586,-8.87189388275146,"Male"
"9004152",371985,2025-06-19 17:04:36,42.4087905883789,-8.87246322631836,"Male"
"9004152",371985,2025-06-19 17:10:11,42.4091720581055,-8.87192535400391,"Male"
"9004152",371985,2025-06-19 17:15:43,42.4092826843262,-8.8712272644043,"Male"
"9004152",371985,2025-06-19 17:20:54,42.4093627929688,-8.87090969085693,"Male"
"9004152",371985,2025-06-19 17:26:02,42.4102668762207,-8.87051773071289,"Male"
"9004152",371985,2025-06-19 17:31:18,42.4106063842773,-8.87135887145996,"Male"
"9004152",371985,2025-06-19 17:36:58,42.4100723266602,-8.87204170227051,"Male"
"9004152",371985,2025-06-19 17:41:59,42.4103546142578,-8.87193489074707,"Male"
"9004152",371985,2025-06-19 17:46:59,42.411808013916,-8.87368488311768,"Male"
"9004152",371985,2025-06-19 17:52:00,42.4134941101074,-8.87362289428711,"Male"
"9004152",371985,2025-06-19 17:56:57,42.4135818481445,-8.87413787841797,"Male"
"9004152",371985,2025-06-19 18:01:57,42.4135246276855,-8.87217426300049,"Male"
"9004152",371985,2025-06-19 18:06:57,42.4138336181641,-8.87120723724365,"Male"
"9004152",371985,2025-06-19 18:11:57,42.413272857666,-8.87223148345947,"Male"
"9004152",371985,2025-06-19 18:16:57,42.4131736755371,-8.87201404571533,"Male"
"9004152",371985,2025-06-19 18:21:57,42.4131736755371,-8.87204265594482,"Male"
"9004152",371985,2025-06-19 18:26:58,42.4130744934082,-8.87170696258545,"Male"
"9004152",371985,2025-06-19 18:31:57,42.4134864807129,-8.87256908416748,"Male"
"9004152",371985,2025-06-19 18:36:56,42.4134140014648,-8.87243843078613,"Male"
"9004152",371985,2025-06-19 18:41:59,42.4133834838867,-8.87230205535889,"Male"
"9004152",371985,2025-06-19 18:47:05,42.4132118225098,-8.87200260162354,"Male"
"9004152",371985,2025-06-19 18:51:56,42.4135360717773,-8.87264633178711,"Male"
"9004152",371985,2025-06-19 18:56:58,42.4132347106934,-8.87303733825684,"Male"
"9004152",371985,2025-06-19 19:01:57,42.400936126709,-8.90829849243164,"Male"
"9004152",371985,2025-06-19 19:07:04,42.3958358764648,-8.92085456848145,"Male"
"9004152",371985,2025-06-19 19:11:56,42.396240234375,-8.92156600952148,"Male"
"9004152",371985,2025-06-19 19:16:57,42.3961944580078,-8.92133331298828,"Male"
"9004152",371985,2025-06-19 19:22:10,42.396053314209,-8.92071914672852,"Male"
"9004152",371985,2025-06-19 19:26:57,42.3959159851074,-8.92052173614502,"Male"
"9004152",371985,2025-06-19 19:31:57,42.3960762023926,-8.92064666748047,"Male"
"9004152",371985,2025-06-19 19:36:57,42.3959999084473,-8.92052173614502,"Male"
"9004152",371985,2025-06-19 19:41:57,42.3956451416016,-8.92053318023682,"Male"
"9004152",371985,2025-06-19 19:47:14,42.3959541320801,-8.92061614990234,"Male"
"9004152",371985,2025-06-19 19:52:01,42.3965225219727,-8.92080307006836,"Male"
"9004152",371985,2025-06-19 19:56:59,42.396369934082,-8.920823097229,"Male"
"9004152",371985,2025-06-19 20:02:01,42.3962135314941,-8.92073154449463,"Male"
"9004152",371985,2025-06-19 20:07:01,42.3961448669434,-8.92102241516113,"Male"
"9004152",371985,2025-06-19 20:11:59,42.3959770202637,-8.92093086242676,"Male"
"9004152",371985,2025-06-19 20:17:04,42.3961372375488,-8.9208345413208,"Male"
"9004152",371985,2025-06-19 20:21:57,42.3959655761719,-8.92093086242676,"Male"
"9004152",371985,2025-06-19 20:27:00,42.3964576721191,-8.92148399353027,"Male"
"9004152",371985,2025-06-19 20:32:07,42.3962211608887,-8.92100238800049,"Male"
"9004152",371985,2025-06-19 20:37:07,42.3962554931641,-8.92101383209229,"Male"
"9004152",371985,2025-06-19 20:42:07,42.3962745666504,-8.92105102539062,"Male"
"9004152",371985,2025-06-19 20:47:07,42.3962707519531,-8.92102527618408,"Male"
"9004152",371985,2025-06-19 20:52:07,42.3962554931641,-8.92102432250977,"Male"
"9004152",371985,2025-06-19 20:57:07,42.3962669372559,-8.92103099822998,"Male"
"9004152",371985,2025-06-19 21:02:07,42.3963279724121,-8.92107009887695,"Male"
"9004152",371985,2025-06-19 21:07:07,42.3963088989258,-8.92108917236328,"Male"
"9004152",371985,2025-06-19 21:12:06,42.3963050842285,-8.92108631134033,"Male"
"9004152",371985,2025-06-19 21:17:06,42.3963279724121,-8.92106151580811,"Male"
"9004152",371985,2025-06-19 21:22:00,42.394458770752,-8.91776657104492,"Male"
"9004152",371985,2025-06-19 21:27:03,42.3963584899902,-8.92103004455566,"Male"
"9004152",371985,2025-06-19 21:32:12,42.3962593078613,-8.92096519470215,"Male"
"9004152",371985,2025-06-19 21:36:57,42.3957366943359,-8.92013263702393,"Male"
"9004152",371985,2025-06-19 21:41:57,42.3956413269043,-8.91955471038818,"Male"
"9004152",371985,2025-06-19 21:46:57,42.3956146240234,-8.91910457611084,"Male"
"9004152",371985,2025-06-19 21:51:58,42.3958129882812,-8.91981029510498,"Male"
"9004152",371985,2025-06-19 21:56:59,42.3955841064453,-8.91926860809326,"Male"
"9004152",371985,2025-06-19 22:02:01,42.3951530456543,-8.92014217376709,"Male"
"9004152",371985,2025-06-19 22:06:57,42.3953437805176,-8.91915512084961,"Male"
"9004152",371985,2025-06-19 22:11:57,42.3953819274902,-8.919508934021,"Male"
"9004152",371985,2025-06-19 22:17:01,42.3971214294434,-8.92055797576904,"Male"
"9004152",371985,2025-06-19 22:21:59,42.3966751098633,-8.91987991333008,"Male"
"9004152",371985,2025-06-19 22:27:00,42.3955039978027,-8.91942882537842,"Male"
"9004152",371985,2025-06-19 22:32:29,42.395938873291,-8.92059421539307,"Male"
"9004152",371985,2025-06-19 22:36:55,42.395923614502,-8.92061233520508,"Male"
"9004152",371985,2025-06-19 22:41:56,42.3958625793457,-8.92050266265869,"Male"
"9004152",371985,2025-06-19 22:46:55,42.3958358764648,-8.92048454284668,"Male"
"9004152",371985,2025-06-19 22:51:55,42.3958473205566,-8.92050361633301,"Male"
"9004152",371985,2025-06-19 22:56:55,42.395881652832,-8.9204683303833,"Male"
"9004152",371985,2025-06-19 23:01:56,42.395923614502,-8.92054271697998,"Male"
"9004152",371985,2025-06-19 23:06:56,42.3958740234375,-8.92044353485107,"Male"
"9004152",371985,2025-06-19 23:11:55,42.395881652832,-8.92038631439209,"Male"
"9004152",371985,2025-06-19 23:16:57,42.3958969116211,-8.92048835754395,"Male"
"9004152",371985,2025-06-19 23:21:55,42.3958587646484,-8.9203987121582,"Male"
"9004152",371985,2025-06-19 23:26:56,42.3958892822266,-8.9205265045166,"Male"
"9004152",371985,2025-06-19 23:31:56,42.3958549499512,-8.92044067382812,"Male"
"9004152",371985,2025-06-19 23:36:56,42.3958625793457,-8.92046546936035,"Male"
"9004152",371985,2025-06-19 23:41:56,42.3958511352539,-8.92044734954834,"Male"
"9004152",371985,2025-06-19 23:46:56,42.3958549499512,-8.92046451568604,"Male"
"9004152",371985,2025-06-19 23:51:56,42.3958473205566,-8.92045879364014,"Male"
"9004152",371985,2025-06-19 23:56:56,42.3958282470703,-8.9203929901123,"Male"
"9004152",371985,2025-06-20 00:01:56,42.3958511352539,-8.92053127288818,"Male"
"9004152",371985,2025-06-20 00:06:56,42.3959121704102,-8.92058944702148,"Male"
"9004152",371985,2025-06-20 00:11:56,42.395866394043,-8.92054271697998,"Male"
"9004152",371985,2025-06-20 00:16:56,42.3957786560059,-8.92042255401611,"Male"
"9004152",371985,2025-06-20 00:21:56,42.3957214355469,-8.92042922973633,"Male"
"9004152",371985,2025-06-20 00:26:57,42.3957786560059,-8.92045116424561,"Male"
"9004152",371985,2025-06-20 00:31:56,42.3957748413086,-8.92048263549805,"Male"
"9004152",371985,2025-06-20 00:36:57,42.3958053588867,-8.92049503326416,"Male"
"9004152",371985,2025-06-20 00:41:56,42.3957633972168,-8.92043781280518,"Male"
"9004152",371985,2025-06-20 00:46:56,42.3959770202637,-8.92052555084229,"Male"
"9004152",371985,2025-06-20 00:51:56,42.3959503173828,-8.92049598693848,"Male"
"9004152",371985,2025-06-20 00:56:56,42.3959503173828,-8.92053127288818,"Male"
"9004152",371985,2025-06-20 01:01:56,42.3960151672363,-8.9206371307373,"Male"
"9004152",371985,2025-06-20 01:06:57,42.3960151672363,-8.92068099975586,"Male"
"9004152",371985,2025-06-20 01:11:56,42.39599609375,-8.92066764831543,"Male"
"9004152",371985,2025-06-20 01:16:56,42.3959846496582,-8.92065715789795,"Male"
"9004152",371985,2025-06-20 01:21:56,42.3959846496582,-8.92073917388916,"Male"
"9004152",371985,2025-06-20 01:26:56,42.3959197998047,-8.92071151733398,"Male"
"9004152",371985,2025-06-20 01:31:56,42.3959465026855,-8.92074584960938,"Male"
"9004152",371985,2025-06-20 01:36:56,42.3959350585938,-8.92072105407715,"Male"
"9004152",371985,2025-06-20 01:41:56,42.3959159851074,-8.92076683044434,"Male"
"9004152",371985,2025-06-20 01:46:56,42.3959693908691,-8.92072582244873,"Male"
"9004152",371985,2025-06-20 01:51:56,42.3959617614746,-8.92068004608154,"Male"
"9004152",371985,2025-06-20 01:56:56,42.3959274291992,-8.92071437835693,"Male"
"9004152",371985,2025-06-20 02:01:56,42.3959999084473,-8.92077350616455,"Male"
"9004152",371985,2025-06-20 02:06:57,42.3960647583008,-8.92072582244873,"Male"
"9004152",371985,2025-06-20 02:11:56,42.3959655761719,-8.92076873779297,"Male"
"9004152",371985,2025-06-20 02:16:56,42.3961029052734,-8.9208402633667,"Male"
"9004152",371985,2025-06-20 02:21:56,42.396053314209,-8.92083835601807,"Male"
"9004152",371985,2025-06-20 02:26:56,42.3961029052734,-8.92089462280273,"Male"
"9004152",371985,2025-06-20 02:31:56,42.3960494995117,-8.92090892791748,"Male"
"9004152",371985,2025-06-20 02:36:56,42.3961219787598,-8.92085647583008,"Male"
"9004152",371985,2025-06-20 02:41:56,42.3959045410156,-8.92088413238525,"Male"
"9004152",371985,2025-06-20 02:46:56,42.395881652832,-8.92089080810547,"Male"
"9004152",371985,2025-06-20 02:51:56,42.3959770202637,-8.92096328735352,"Male"
"9004152",371985,2025-06-20 02:56:56,42.3959541320801,-8.92090511322021,"Male"
"9004152",371985,2025-06-20 03:01:56,42.3959197998047,-8.92086791992188,"Male"
"9004152",371985,2025-06-20 03:06:58,42.3962020874023,-8.92105865478516,"Male"
"9004152",371985,2025-06-20 03:11:57,42.3961982727051,-8.92112350463867,"Male"
"9004152",371985,2025-06-20 03:16:56,42.3961944580078,-8.92118549346924,"Male"
"9004152",371985,2025-06-20 03:21:57,42.3961868286133,-8.92115688323975,"Male"
"9004152",371985,2025-06-20 03:26:57,42.3962554931641,-8.9211368560791,"Male"
"9004152",371985,2025-06-20 03:31:58,42.3962783813477,-8.92101764678955,"Male"
"9004152",371985,2025-06-20 03:36:56,42.3960075378418,-8.92087078094482,"Male"
"9004152",371985,2025-06-20 03:41:57,42.3959312438965,-8.92078685760498,"Male"
"9004152",371985,2025-06-20 03:46:57,42.3960227966309,-8.92086410522461,"Male"
"9004152",371985,2025-06-20 03:51:59,42.3962554931641,-8.92108345031738,"Male"
"9004152",371985,2025-06-20 03:56:59,42.3962097167969,-8.92104625701904,"Male"
"9004152",371985,2025-06-20 04:01:58,42.3963241577148,-8.92117595672607,"Male"
"9004152",371985,2025-06-20 04:07:05,42.3962669372559,-8.92102718353271,"Male"
"9004152",371985,2025-06-20 04:12:03,42.3962173461914,-8.92095279693604,"Male"
"9004152",371985,2025-06-20 04:16:56,42.396053314209,-8.92083549499512,"Male"
"9004152",371985,2025-06-20 04:21:56,42.3961029052734,-8.92086505889893,"Male"
"9004152",371985,2025-06-20 04:26:56,42.3959579467773,-8.92072010040283,"Male"
"9004152",371985,2025-06-20 04:31:57,42.3960189819336,-8.92074108123779,"Male"
"9004152",371985,2025-06-20 04:36:57,42.3960494995117,-8.92075252532959,"Male"
"9004152",371985,2025-06-20 04:41:56,42.3960723876953,-8.92085361480713,"Male"
"9004152",371985,2025-06-20 04:47:00,42.3961067199707,-8.92090797424316,"Male"
"9004152",371985,2025-06-20 04:51:59,42.396125793457,-8.92092418670654,"Male"
"9004152",371985,2025-06-20 04:56:58,42.3961181640625,-8.92103290557861,"Male"
"9004152",371985,2025-06-20 05:01:57,42.3961486816406,-8.92099571228027,"Male"
"9004152",371985,2025-06-20 05:06:59,42.3961601257324,-8.92103290557861,"Male"
"9004152",371985,2025-06-20 05:11:57,42.3961563110352,-8.920973777771,"Male"
"9004152",371985,2025-06-20 05:17:04,42.3960990905762,-8.92076206207275,"Male"
"9004152",371985,2025-06-20 05:21:57,42.3960952758789,-8.92071914672852,"Male"
"9004152",371985,2025-06-20 05:26:56,42.3960876464844,-8.92071437835693,"Male"
"9004152",371985,2025-06-20 05:31:56,42.3960838317871,-8.92075538635254,"Male"
"9004152",371985,2025-06-20 05:36:56,42.3974456787109,-8.92075824737549,"Male"
"9004152",371985,2025-06-20 05:41:56,42.3980979919434,-8.92101383209229,"Male"
"9004152",371985,2025-06-20 05:46:56,42.3977546691895,-8.92025947570801,"Male"
"9004152",371985,2025-06-20 05:51:56,42.3977928161621,-8.92020893096924,"Male"
"9004152",371985,2025-06-20 05:56:56,42.3977928161621,-8.92018413543701,"Male"
"9004152",371985,2025-06-20 06:01:56,42.3978004455566,-8.92021465301514,"Male"
"9004152",371985,2025-06-20 06:06:56,42.3978385925293,-8.92014980316162,"Male"
"9004152",371985,2025-06-20 06:11:56,42.3977890014648,-8.92017364501953,"Male"
"9004152",371985,2025-06-20 06:16:56,42.3978309631348,-8.92017269134521,"Male"
"9004152",371985,2025-06-20 06:21:56,42.3978881835938,-8.92011833190918,"Male"
"9004152",371985,2025-06-20 06:26:57,42.3978233337402,-8.92013168334961,"Male"
"9004152",371985,2025-06-20 06:31:56,42.3988189697266,-8.91840171813965,"Male"
"9004152",371985,2025-06-20 06:36:56,42.3991165161133,-8.91699600219727,"Male"
"9004152",371985,2025-06-20 06:41:56,42.3988456726074,-8.91553115844727,"Male"
"9004152",371985,2025-06-20 06:46:58,42.3985366821289,-8.90696239471436,"Male"
"9004152",371985,2025-06-20 06:52:40,42.4069290161133,-8.89928150177002,"Male"
"9004152",371985,2025-06-20 06:57:39,42.4123077392578,-8.89013671875,"Male"
"9004152",371985,2025-06-20 07:03:13,42.4161758422852,-8.88761711120605,"Male"
"9004152",371985,2025-06-20 07:08:17,42.4161224365234,-8.8879976272583,"Male"
"9004152",371985,2025-06-20 07:13:36,42.4165153503418,-8.88802909851074,"Male"
"9004152",371985,2025-06-20 07:19:19,42.4166603088379,-8.88899230957031,"Male"
"9004152",371985,2025-06-20 07:24:25,42.4168663024902,-8.88901996612549,"Male"
"9004152",371985,2025-06-20 07:30:23,42.4174041748047,-8.88796520233154,"Male"
"9004152",371985,2025-06-20 07:35:38,42.4160461425781,-8.88865566253662,"Male"
"9004152",371985,2025-06-20 07:40:36,42.4181251525879,-8.88978385925293,"Male"
"9004152",371985,2025-06-20 07:46:29,42.4168586730957,-8.89211654663086,"Male"
"9004152",371985,2025-06-20 07:50:36,42.415111541748,-8.87783908843994,"Male"
"9004152",371985,2025-06-20 07:55:35,42.4147338867188,-8.87806510925293,"Male"
"9004152",371985,2025-06-20 08:00:35,42.4148216247559,-8.87775897979736,"Male"
"9004152",371985,2025-06-20 08:05:35,42.4148292541504,-8.87776947021484,"Male"
"9004152",371985,2025-06-20 08:10:35,42.4149131774902,-8.87770175933838,"Male"
"9004152",371985,2025-06-20 08:15:35,42.4148216247559,-8.87769603729248,"Male"
"9004152",371985,2025-06-20 08:20:40,42.4148216247559,-8.87774753570557,"Male"
"9004152",371985,2025-06-20 08:25:36,42.4148559570312,-8.87760639190674,"Male"
"9004152",371985,2025-06-20 08:30:36,42.4149703979492,-8.87770175933838,"Male"
"9004152",371985,2025-06-20 08:35:36,42.4148979187012,-8.87744808197021,"Male"
"9004152",371985,2025-06-20 08:40:36,42.4148254394531,-8.87741374969482,"Male"
"9004152",371985,2025-06-20 08:45:35,42.4148826599121,-8.8777027130127,"Male"
"9004152",371985,2025-06-20 08:50:35,42.4148483276367,-8.87726020812988,"Male"
"9004152",371985,2025-06-20 08:55:35,42.4148063659668,-8.87729454040527,"Male"
"9004152",371985,2025-06-20 09:00:36,42.4148025512695,-8.87756633758545,"Male"
"9004152",371985,2025-06-20 09:05:36,42.4148559570312,-8.87717914581299,"Male"
"9004152",371985,2025-06-20 09:10:36,42.4148406982422,-8.87754535675049,"Male"
"9004152",371985,2025-06-20 09:15:35,42.414852142334,-8.87721633911133,"Male"
"9004152",371985,2025-06-20 09:20:35,42.415153503418,-8.87783813476562,"Male"
"9004152",371985,2025-06-20 09:25:36,42.4150657653809,-8.87772369384766,"Male"
"9004152",371985,2025-06-20 09:30:35,42.4151382446289,-8.87772464752197,"Male"
"9004152",371985,2025-06-20 09:35:35,42.4148902893066,-8.87703514099121,"Male"
"9004152",371985,2025-06-20 09:40:36,42.4154090881348,-8.87772655487061,"Male"
"9004152",371985,2025-06-20 09:45:35,42.4154052734375,-8.87774467468262,"Male"
"9004152",371985,2025-06-20 09:50:35,42.4154510498047,-8.87770557403564,"Male"
"9004152",371985,2025-06-20 09:55:35,42.4154014587402,-8.87771129608154,"Male"
"9004152",371985,2025-06-20 10:00:36,42.415355682373,-8.87757587432861,"Male"
"9004152",371985,2025-06-20 10:05:36,42.415355682373,-8.87761211395264,"Male"
"9004152",371985,2025-06-20 10:10:36,42.4154052734375,-8.87754249572754,"Male"
"9004152",371985,2025-06-20 10:15:35,42.4153518676758,-8.87756729125977,"Male"
"9004152",371985,2025-06-20 10:20:35,42.4153137207031,-8.87764167785645,"Male"
"9004152",371985,2025-06-20 10:25:35,42.4153099060059,-8.8775634765625,"Male"
"9004152",371985,2025-06-20 10:30:35,42.415168762207,-8.87754535675049,"Male"
"9004152",371985,2025-06-20 10:35:36,42.4151573181152,-8.87727642059326,"Male"
"9004152",371985,2025-06-20 10:40:36,42.4151954650879,-8.877272605896,"Male"
"9004152",371985,2025-06-20 10:45:36,42.4152565002441,-8.87719440460205,"Male"
"9004152",371985,2025-06-20 10:50:36,42.4152145385742,-8.87723064422607,"Male"
"9004152",371985,2025-06-20 10:55:45,42.4139938354492,-8.8769359588623,"Male"
"9004152",371985,2025-06-20 11:00:43,42.4126930236816,-8.87724685668945,"Male"
"9004152",371985,2025-06-20 11:06:07,42.4127769470215,-8.87679386138916,"Male"
"9004152",371985,2025-06-20 11:11:21,42.4124565124512,-8.87742519378662,"Male"
"9004152",371985,2025-06-20 11:16:30,42.411750793457,-8.8768138885498,"Male"
"9004152",371985,2025-06-20 11:21:28,42.4121398925781,-8.87571048736572,"Male"
"9004152",371985,2025-06-20 11:26:59,42.4107856750488,-8.87612819671631,"Male"
"9004152",371985,2025-06-20 11:31:58,42.4112167358398,-8.87517833709717,"Male"
"9004152",371985,2025-06-20 11:37:13,42.4105415344238,-8.87521934509277,"Male"
"9004152",371985,2025-06-20 11:42:51,42.4110450744629,-8.8737211227417,"Male"
"9004152",371985,2025-06-20 11:48:31,42.4101905822754,-8.87473297119141,"Male"
"9004152",371985,2025-06-20 11:53:50,42.4106750488281,-8.87402248382568,"Male"
"9004152",371985,2025-06-20 11:59:27,42.4096374511719,-8.8740758895874,"Male"
"9004152",371985,2025-06-20 12:04:55,42.409984588623,-8.87288475036621,"Male"
"9004152",371985,2025-06-20 12:10:25,42.4104652404785,-8.87181949615479,"Male"
"9004152",371985,2025-06-20 12:15:41,42.4115524291992,-8.87157726287842,"Male"
"9004152",371985,2025-06-20 12:21:07,42.4111175537109,-8.8706521987915,"Male"
"9004152",371985,2025-06-20 12:26:35,42.4120178222656,-8.87121391296387,"Male"
"9004152",371985,2025-06-20 12:33:15,42.4117736816406,-8.87016010284424,"Male"
"9004152",371985,2025-06-20 12:38:15,42.4108543395996,-8.87064552307129,"Male"
"9004152",371985,2025-06-20 12:43:44,42.4108505249023,-8.87103176116943,"Male"
"9004152",371985,2025-06-20 12:50:01,42.4115295410156,-8.8714075088501,"Male"
"9004152",371985,2025-06-20 12:55:31,42.4116096496582,-8.87161540985107,"Male"
"9004152",371985,2025-06-20 13:00:31,42.412914276123,-8.87143230438232,"Male"
"9004152",371985,2025-06-20 13:05:31,42.4134216308594,-8.87178325653076,"Male"
"9004152",371985,2025-06-20 13:10:30,42.4133377075195,-8.87179756164551,"Male"
"9004152",371985,2025-06-20 13:16:05,42.4135551452637,-8.87167549133301,"Male"
"9004152",371985,2025-06-20 13:20:30,42.4135284423828,-8.87172222137451,"Male"
"9004152",371985,2025-06-20 13:25:30,42.413688659668,-8.87174034118652,"Male"
"9004152",371985,2025-06-20 13:30:30,42.4136772155762,-8.87178802490234,"Male"
"9004152",371985,2025-06-20 13:35:30,42.4136276245117,-8.87186527252197,"Male"
"9004152",371985,2025-06-20 13:40:30,42.4137306213379,-8.87181854248047,"Male"
"9004152",371985,2025-06-20 13:45:30,42.4137306213379,-8.87174892425537,"Male"
"9004152",371985,2025-06-20 13:50:30,42.4135894775391,-8.87193012237549,"Male"
"9004152",371985,2025-06-20 13:55:31,42.4136581420898,-8.87178039550781,"Male"
"9004152",371985,2025-06-20 14:00:30,42.4137001037598,-8.87188529968262,"Male"
"9004152",371985,2025-06-20 14:05:30,42.4136810302734,-8.87187576293945,"Male"
"9004152",371985,2025-06-20 14:10:30,42.4136734008789,-8.87192440032959,"Male"
"9004152",371985,2025-06-20 14:15:30,42.4137268066406,-8.87192153930664,"Male"
"9004152",371985,2025-06-20 14:20:30,42.4137840270996,-8.87192726135254,"Male"
"9004152",371985,2025-06-20 14:25:30,42.4137916564941,-8.87186145782471,"Male"
"9004152",371985,2025-06-20 14:30:30,42.413745880127,-8.87185287475586,"Male"
"9004152",371985,2025-06-20 14:35:30,42.413745880127,-8.87195014953613,"Male"
"9004152",371985,2025-06-20 14:40:30,42.4137306213379,-8.87200450897217,"Male"
"9004152",371985,2025-06-20 14:45:30,42.4134559631348,-8.87180233001709,"Male"
"9004152",371985,2025-06-20 14:50:30,42.4131240844727,-8.87167453765869,"Male"
"9004152",371985,2025-06-20 14:55:30,42.4131278991699,-8.87163925170898,"Male"
"9004152",371985,2025-06-20 15:00:30,42.4131927490234,-8.87167835235596,"Male"
"9004152",371985,2025-06-20 15:05:30,42.413257598877,-8.8717212677002,"Male"
"9004152",371985,2025-06-20 15:10:30,42.4132308959961,-8.87173271179199,"Male"
"9004152",371985,2025-06-20 15:15:30,42.4132194519043,-8.87163829803467,"Male"
"9004152",371985,2025-06-20 15:20:44,42.4131202697754,-8.87156581878662,"Male"
"9004152",371985,2025-06-20 15:25:30,42.4132423400879,-8.87174034118652,"Male"
"9004152",371985,2025-06-20 15:30:30,42.4132270812988,-8.87170791625977,"Male"
"9004152",371985,2025-06-20 15:35:30,42.4132194519043,-8.8716869354248,"Male"
"9004152",371985,2025-06-20 15:40:30,42.4132652282715,-8.87168979644775,"Male"
"9004152",371985,2025-06-20 15:45:44,42.4131927490234,-8.87169361114502,"Male"
"9004152",371985,2025-06-20 15:50:30,42.4132385253906,-8.87167358398438,"Male"
"9004152",371985,2025-06-20 15:55:30,42.413215637207,-8.87166404724121,"Male"
"9004152",371985,2025-06-20 16:00:30,42.413272857666,-8.87170028686523,"Male"
"9004152",371985,2025-06-20 16:05:30,42.4132499694824,-8.87168788909912,"Male"
"9004152",371985,2025-06-20 16:10:32,42.4127578735352,-8.87185287475586,"Male"
"9004152",371985,2025-06-20 16:16:08,42.4116439819336,-8.87088680267334,"Male"
"9004152",371985,2025-06-20 16:21:08,42.4108047485352,-8.87061595916748,"Male"
"9004152",371985,2025-06-20 16:26:08,42.4105186462402,-8.87100219726562,"Male"
"9004152",371985,2025-06-20 16:32:17,42.412410736084,-8.8717041015625,"Male"
"9004152",371985,2025-06-20 16:37:44,42.413257598877,-8.8715763092041,"Male"
"9004152",371985,2025-06-20 16:42:16,42.4129600524902,-8.87092113494873,"Male"
"9004152",371985,2025-06-20 16:47:15,42.4131851196289,-8.87174701690674,"Male"
"9004152",371985,2025-06-20 16:52:16,42.4132041931152,-8.8716287612915,"Male"
"9004152",371985,2025-06-20 16:57:16,42.4132347106934,-8.87161159515381,"Male"
"9004152",371985,2025-06-20 17:02:16,42.4131393432617,-8.87165832519531,"Male"
"9004152",371985,2025-06-20 17:07:16,42.4132194519043,-8.87159061431885,"Male"
"9004152",371985,2025-06-20 17:12:16,42.4132080078125,-8.87155342102051,"Male"
"9004152",371985,2025-06-20 17:17:16,42.4130744934082,-8.87172698974609,"Male"
"9004152",371985,2025-06-20 17:22:16,42.4130249023438,-8.8714656829834,"Male"
"9004152",371985,2025-06-20 17:27:16,42.4131355285645,-8.8714714050293,"Male"
"9004152",371985,2025-06-20 17:32:16,42.4133262634277,-8.87137508392334,"Male"
"9004152",371985,2025-06-20 17:37:20,42.4130630493164,-8.8711986541748,"Male"
"9004152",371985,2025-06-20 17:42:22,42.4119300842285,-8.87171173095703,"Male"
"9004152",371985,2025-06-20 17:47:26,42.404239654541,-8.89654541015625,"Male"
"9004152",371985,2025-06-20 17:52:24,42.3972511291504,-8.91949272155762,"Male"
"9004152",371985,2025-06-20 17:57:24,42.3972663879395,-8.91952419281006,"Male"
"9004152",371985,2025-06-20 18:02:44,42.3973808288574,-8.91960334777832,"Male"
"9004152",371985,2025-06-20 18:07:17,42.3974952697754,-8.91996097564697,"Male"
"9004152",371985,2025-06-20 18:12:35,42.3971557617188,-8.91995143890381,"Male"
"9004152",371985,2025-06-20 18:17:15,42.3971557617188,-8.92006206512451,"Male"
"9004152",371985,2025-06-20 18:22:15,42.3971176147461,-8.92009830474854,"Male"
"9004152",371985,2025-06-20 18:27:15,42.3972091674805,-8.92016315460205,"Male"
"9004152",371985,2025-06-20 18:32:15,42.3972702026367,-8.92011547088623,"Male"
"9004152",371985,2025-06-20 18:37:15,42.3973159790039,-8.92030715942383,"Male"
"9004152",371985,2025-06-20 18:42:15,42.3972511291504,-8.9201602935791,"Male"
"9004152",371985,2025-06-20 18:47:16,42.3973045349121,-8.9200963973999,"Male"
"9004152",371985,2025-06-20 18:52:17,42.3971138000488,-8.92031383514404,"Male"
"9004152",371985,2025-06-20 18:57:16,42.3961448669434,-8.9229679107666,"Male"
"9004152",371985,2025-06-20 19:02:16,42.39794921875,-8.92126941680908,"Male"
"9004152",371985,2025-06-20 19:07:16,42.397891998291,-8.92120742797852,"Male"
"9004152",371985,2025-06-20 19:12:16,42.3978729248047,-8.92124366760254,"Male"
"9004152",371985,2025-06-20 19:17:16,42.3978843688965,-8.92119598388672,"Male"
"9004152",371985,2025-06-20 19:22:16,42.3978500366211,-8.92117595672607,"Male"
"9004152",371985,2025-06-20 19:27:16,42.3978958129883,-8.92123603820801,"Male"
"9004152",371985,2025-06-20 19:32:17,42.3979034423828,-8.92119312286377,"Male"
"9004152",371985,2025-06-20 19:37:16,42.3978805541992,-8.92123699188232,"Male"
"9004152",371985,2025-06-20 19:42:15,42.3978958129883,-8.92127323150635,"Male"
"9004152",371985,2025-06-20 19:47:16,42.3978805541992,-8.92125225067139,"Male"
"9004152",371985,2025-06-20 19:52:16,42.3978576660156,-8.9213285446167,"Male"
"9004152",371985,2025-06-20 19:57:16,42.3979148864746,-8.92143058776855,"Male"
"9004152",371985,2025-06-20 20:02:16,42.3979225158691,-8.92143821716309,"Male"
"9004152",371985,2025-06-20 20:07:16,42.3979034423828,-8.92148017883301,"Male"
"9004152",371985,2025-06-20 20:12:16,42.3978729248047,-8.92142105102539,"Male"
"9004152",371985,2025-06-20 20:17:16,42.3979644775391,-8.92141151428223,"Male"
"9004152",371985,2025-06-20 20:22:16,42.3979568481445,-8.92139720916748,"Male"
"9004152",371985,2025-06-20 20:27:16,42.3979835510254,-8.92138195037842,"Male"
"9004152",371985,2025-06-20 20:32:16,42.39794921875,-8.92135334014893,"Male"
"9004152",371985,2025-06-20 20:37:16,42.3979263305664,-8.92139434814453,"Male"
"9004152",371985,2025-06-20 20:42:16,42.3978881835938,-8.92130279541016,"Male"
"9004152",371985,2025-06-20 20:47:16,42.3978996276855,-8.92131614685059,"Male"
"9004152",371985,2025-06-20 20:52:16,42.3978958129883,-8.92136096954346,"Male"
"9004152",371985,2025-06-20 20:57:16,42.3978881835938,-8.92136478424072,"Male"
"9004152",371985,2025-06-20 21:02:15,42.397834777832,-8.92132663726807,"Male"
"9004152",371985,2025-06-20 21:07:16,42.3978080749512,-8.92132091522217,"Male"
"9004152",371985,2025-06-20 21:12:16,42.3977699279785,-8.92126560211182,"Male"
"9004152",371985,2025-06-20 21:17:16,42.3976287841797,-8.92112350463867,"Male"
"9004152",371985,2025-06-20 21:22:16,42.3977699279785,-8.92123889923096,"Male"
"9004152",371985,2025-06-20 21:27:16,42.3978576660156,-8.92136287689209,"Male"
"9004152",371985,2025-06-20 21:32:16,42.3975677490234,-8.92097091674805,"Male"
"9004152",371985,2025-06-20 21:37:16,42.3974151611328,-8.92068862915039,"Male"
"9004152",371985,2025-06-20 21:42:16,42.3975677490234,-8.92081069946289,"Male"
"9004152",371985,2025-06-20 21:47:16,42.3979072570801,-8.9213752746582,"Male"
"9004152",371985,2025-06-20 21:52:16,42.3978614807129,-8.92121028900146,"Male"
"9004152",371985,2025-06-20 21:57:16,42.3977584838867,-8.92098712921143,"Male"
"9004152",371985,2025-06-20 22:02:16,42.3972854614258,-8.92008876800537,"Male"
"9004152",371985,2025-06-20 22:07:17,42.3976402282715,-8.9205846786499,"Male"
"9004152",371985,2025-06-20 22:12:16,42.3977661132812,-8.92090702056885,"Male"
"9004152",371985,2025-06-20 22:17:16,42.3977241516113,-8.92077255249023,"Male"
"9004152",371985,2025-06-20 22:22:17,42.3977279663086,-8.92066764831543,"Male"
"9004152",371985,2025-06-20 22:27:35,42.3977012634277,-8.92076110839844,"Male"
"9004152",371985,2025-06-20 22:32:16,42.3979759216309,-8.92043972015381,"Male"
"9004152",371985,2025-06-20 22:37:15,42.3978271484375,-8.9207010269165,"Male"
"9004152",371985,2025-06-20 22:42:16,42.3978157043457,-8.92063808441162,"Male"
"9004152",371985,2025-06-20 22:47:16,42.3978500366211,-8.92067813873291,"Male"
"9004152",371985,2025-06-20 22:52:16,42.397876739502,-8.92058753967285,"Male"
"9004152",371985,2025-06-20 22:57:16,42.3978424072266,-8.9206428527832,"Male"
"9004152",371985,2025-06-20 23:02:16,42.3978538513184,-8.92063999176025,"Male"
"9004152",371985,2025-06-20 23:07:16,42.3978614807129,-8.92067623138428,"Male"
"9004152",371985,2025-06-20 23:12:16,42.3979606628418,-8.92062091827393,"Male"
"9004152",371985,2025-06-20 23:17:16,42.3978385925293,-8.92063236236572,"Male"
"9004152",371985,2025-06-20 23:22:15,42.397819519043,-8.92070484161377,"Male"
"9004152",371985,2025-06-20 23:27:16,42.3978424072266,-8.92072677612305,"Male"
"9004152",371985,2025-06-20 23:32:16,42.3979034423828,-8.92080020904541,"Male"
"9004152",371985,2025-06-20 23:37:16,42.3978843688965,-8.9208345413208,"Male"
"9004152",371985,2025-06-20 23:42:20,42.3978691101074,-8.92077159881592,"Male"
"9004152",371985,2025-06-20 23:47:16,42.3979225158691,-8.92086124420166,"Male"
"9004152",371985,2025-06-20 23:52:18,42.3978080749512,-8.9209156036377,"Male"
"9004152",371985,2025-06-20 23:57:35,42.397762298584,-8.9210205078125,"Male"
"9004152",371985,2025-06-21 00:02:15,42.3979873657227,-8.92117977142334,"Male"
"9004152",371985,2025-06-21 00:07:16,42.3978729248047,-8.92116546630859,"Male"
"9004152",371985,2025-06-21 00:12:16,42.3981971740723,-8.92191505432129,"Male"
"9004152",371985,2025-06-21 00:17:16,42.3974304199219,-8.92024707794189,"Male"
"9004152",371985,2025-06-21 00:22:19,42.3978004455566,-8.9211950302124,"Male"
"9004152",371985,2025-06-21 00:27:17,42.3983192443848,-8.92224597930908,"Male"
"9004152",371985,2025-06-21 00:32:16,42.3980445861816,-8.92172431945801,"Male"
"9004152",371985,2025-06-21 00:37:17,42.398021697998,-8.92159080505371,"Male"
"9004152",371985,2025-06-21 00:42:16,42.3977203369141,-8.92068958282471,"Male"
"9004152",371985,2025-06-21 00:47:18,42.3979873657227,-8.92149543762207,"Male"
"9004152",371985,2025-06-21 00:52:26,42.3978424072266,-8.921142578125,"Male"
"9004152",371985,2025-06-21 00:57:16,42.397876739502,-8.92123126983643,"Male"
"9004152",371985,2025-06-21 01:02:15,42.3978500366211,-8.92117214202881,"Male"
"9004152",371985,2025-06-21 01:07:19,42.3978271484375,-8.92111587524414,"Male"
"9004152",371985,2025-06-21 01:12:16,42.3978691101074,-8.92124462127686,"Male"
"9004152",371985,2025-06-21 01:17:16,42.3978652954102,-8.92148590087891,"Male"
"9004152",371985,2025-06-21 01:22:16,42.3978691101074,-8.92122077941895,"Male"
"9004152",371985,2025-06-21 01:27:33,42.3978729248047,-8.92112827301025,"Male"
"9004152",371985,2025-06-21 01:32:15,42.3978576660156,-8.921142578125,"Male"
"9004152",371985,2025-06-21 01:37:15,42.3977661132812,-8.92117309570312,"Male"
"9004152",371985,2025-06-21 01:42:15,42.3978691101074,-8.92116451263428,"Male"
"9004152",371985,2025-06-21 01:47:16,42.3979148864746,-8.92093086242676,"Male"
"9004152",371985,2025-06-21 01:52:16,42.397819519043,-8.9211950302124,"Male"
"9004152",371985,2025-06-21 01:57:16,42.3978042602539,-8.92112350463867,"Male"
"9004152",371985,2025-06-21 02:02:16,42.3978424072266,-8.92116355895996,"Male"
"9004152",371985,2025-06-21 02:07:17,42.3977890014648,-8.92116832733154,"Male"
"9004152",371985,2025-06-21 02:12:17,42.3977508544922,-8.92115020751953,"Male"
"9004152",371985,2025-06-21 02:17:15,42.397819519043,-8.92116928100586,"Male"
"9004152",371985,2025-06-21 02:22:15,42.3979263305664,-8.9211483001709,"Male"
"9004152",371985,2025-06-21 02:27:16,42.3977851867676,-8.92108249664307,"Male"
"9004152",371985,2025-06-21 02:32:18,42.3979377746582,-8.92118549346924,"Male"
"9004152",371985,2025-06-21 02:37:15,42.3978691101074,-8.92111682891846,"Male"
"9004152",371985,2025-06-21 02:42:17,42.3979835510254,-8.92117118835449,"Male"
"9004152",371985,2025-06-21 02:47:16,42.3978805541992,-8.92116355895996,"Male"
"9004152",371985,2025-06-21 02:52:16,42.397891998291,-8.92112827301025,"Male"
"9004152",371985,2025-06-21 02:57:15,42.3978691101074,-8.92119693756104,"Male"
"9004152",371985,2025-06-21 03:02:17,42.3978424072266,-8.92116069793701,"Male"
"9004152",371985,2025-06-21 03:07:17,42.3977394104004,-8.92107963562012,"Male"
"9004152",371985,2025-06-21 03:12:19,42.3980941772461,-8.92145824432373,"Male"
"9004152",371985,2025-06-21 03:17:31,42.3979034423828,-8.92116737365723,"Male"
"9004152",371985,2025-06-21 03:22:17,42.3978538513184,-8.92120170593262,"Male"
"9004152",371985,2025-06-21 03:27:21,42.3978576660156,-8.92120456695557,"Male"
"9004152",371985,2025-06-21 03:32:16,42.3978996276855,-8.9211483001709,"Male"
"9004152",371985,2025-06-21 03:37:17,42.3978614807129,-8.92117786407471,"Male"
"9004152",371985,2025-06-21 03:42:16,42.3979187011719,-8.92112445831299,"Male"
"9004152",371985,2025-06-21 03:47:24,42.3979110717773,-8.9211254119873,"Male"
"9004152",371985,2025-06-21 03:52:17,42.3979568481445,-8.9210901260376,"Male"
"9004152",371985,2025-06-21 03:57:24,42.3978691101074,-8.92116260528564,"Male"
"9004152",371985,2025-06-21 04:02:17,42.3978996276855,-8.92104911804199,"Male"
"9004152",371985,2025-06-21 04:07:24,42.3978385925293,-8.92122268676758,"Male"
"9004152",371985,2025-06-21 04:12:17,42.3978500366211,-8.9212007522583,"Male"
"9004152",371985,2025-06-21 04:17:32,42.3977966308594,-8.9211893081665,"Male"
"9004152",371985,2025-06-21 04:22:15,42.3978309631348,-8.92128276824951,"Male"
"9004152",371985,2025-06-21 04:27:15,42.3978576660156,-8.92113399505615,"Male"
"9004152",371985,2025-06-21 04:32:15,42.3978157043457,-8.92118358612061,"Male"
"9004152",371985,2025-06-21 04:37:16,42.397274017334,-8.91993236541748,"Male"
"9004152",371985,2025-06-21 04:42:16,42.397159576416,-8.91992378234863,"Male"
"9004152",371985,2025-06-21 04:47:16,42.3972129821777,-8.91999626159668,"Male"
"9004152",371985,2025-06-21 04:52:16,42.397388458252,-8.92009258270264,"Male"
"9004152",371985,2025-06-21 04:57:16,42.3973731994629,-8.92000961303711,"Male"
"9004152",371985,2025-06-21 05:02:16,42.3973693847656,-8.92008781433105,"Male"
"9004152",371985,2025-06-21 05:07:16,42.3973731994629,-8.92002391815186,"Male"
"9004152",371985,2025-06-21 05:12:15,42.3973426818848,-8.92008590698242,"Male"
"9004152",371985,2025-06-21 05:17:17,42.3974723815918,-8.92011642456055,"Male"
"9004152",371985,2025-06-21 05:22:15,42.3975524902344,-8.92016410827637,"Male"
"9004152",371985,2025-06-21 05:27:15,42.3973846435547,-8.91999435424805,"Male"
"9004152",371985,2025-06-21 05:32:16,42.3973541259766,-8.91986083984375,"Male"
"9004152",371985,2025-06-21 05:37:16,42.3973808288574,-8.91999053955078,"Male"
"9004152",371985,2025-06-21 05:42:15,42.3972129821777,-8.91993713378906,"Male"
"9004152",371985,2025-06-21 05:47:16,42.3974761962891,-8.91988563537598,"Male"
"9004152",371985,2025-06-21 05:52:16,42.397102355957,-8.91987800598145,"Male"
"9004152",371985,2025-06-21 05:57:16,42.3971366882324,-8.91987133026123,"Male"
"9004152",371985,2025-06-21 06:02:16,42.3972663879395,-8.92019176483154,"Male"
"9004152",371985,2025-06-21 06:07:16,42.3973770141602,-8.92039012908936,"Male"
"9004152",371985,2025-06-21 06:12:16,42.3972206115723,-8.91988849639893,"Male"
"9004152",371985,2025-06-21 06:17:17,42.3972549438477,-8.9201078414917,"Male"
"9004152",371985,2025-06-21 06:22:18,42.3973731994629,-8.92027282714844,"Male"
"9004152",371985,2025-06-21 06:27:16,42.3972816467285,-8.92030811309814,"Male"
"9004152",371985,2025-06-21 06:32:16,42.3973083496094,-8.92027854919434,"Male"
"9004152",371985,2025-06-21 06:37:16,42.4009971618652,-8.90081787109375,"Male"
"9004152",371985,2025-06-21 06:42:22,42.4029998779297,-8.89744281768799,"Male"
"9004152",371985,2025-06-21 06:48:05,42.404296875,-8.88919830322266,"Male"
"9004152",371985,2025-06-21 06:53:07,42.4038276672363,-8.88895606994629,"Male"
"9004152",371985,2025-06-21 06:58:24,42.4038772583008,-8.88985443115234,"Male"
"9004152",371985,2025-06-21 07:03:42,42.4036102294922,-8.88948059082031,"Male"
"9004152",371985,2025-06-21 07:09:34,42.4039916992188,-8.88910388946533,"Male"
"9004152",371985,2025-06-21 07:15:17,42.403980255127,-8.88838386535645,"Male"
"9004152",371985,2025-06-21 07:20:17,42.4033813476562,-8.88841724395752,"Male"
"9004152",371985,2025-06-21 07:25:27,42.4041290283203,-8.88855361938477,"Male"
"9004152",371985,2025-06-21 07:30:24,42.4033660888672,-8.88842105865479,"Male"
"9004152",371985,2025-06-21 07:35:21,42.4029731750488,-8.88725852966309,"Male"
"9004152",371985,2025-06-21 07:40:50,42.4024696350098,-8.88282299041748,"Male"
"9004152",371985,2025-06-21 07:45:16,42.4056243896484,-8.87574672698975,"Male"
"9004152",371985,2025-06-21 07:50:41,42.4145545959473,-8.8776741027832,"Male"
"9004152",371985,2025-06-21 07:55:16,42.41455078125,-8.87764167785645,"Male"
"9004152",371985,2025-06-21 08:00:16,42.4148216247559,-8.87731742858887,"Male"
"9004152",371985,2025-06-21 08:05:16,42.4148178100586,-8.87739562988281,"Male"
"9004152",371985,2025-06-21 08:10:16,42.4148902893066,-8.87741661071777,"Male"
"9004152",371985,2025-06-21 08:15:16,42.4146575927734,-8.87730407714844,"Male"
"9004152",371985,2025-06-21 08:20:16,42.4146461486816,-8.8773078918457,"Male"
"9004152",371985,2025-06-21 08:25:16,42.4148597717285,-8.87750434875488,"Male"
"9004152",371985,2025-06-21 08:30:16,42.4149169921875,-8.87763690948486,"Male"
"9004152",371985,2025-06-21 08:35:27,42.4148406982422,-8.8775691986084,"Male"
"9004152",371985,2025-06-21 08:40:19,42.4148483276367,-8.87752628326416,"Male"
"9004152",371985,2025-06-21 08:45:25,42.4150466918945,-8.87761402130127,"Male"
"9004152",371985,2025-06-21 08:50:25,42.4150924682617,-8.8776159286499,"Male"
"9004152",371985,2025-06-21 08:55:19,42.4147605895996,-8.87751960754395,"Male"
"9004152",371985,2025-06-21 09:00:17,42.4151344299316,-8.87753772735596,"Male"
"9004152",371985,2025-06-21 09:05:35,42.4147911071777,-8.87755966186523,"Male"
"9004152",371985,2025-06-21 09:11:46,42.4149398803711,-8.87734222412109,"Male"
"9004152",371985,2025-06-21 09:16:44,42.4148559570312,-8.87759876251221,"Male"
"9004152",371985,2025-06-21 09:21:44,42.4146995544434,-8.87760639190674,"Male"
"9004152",371985,2025-06-21 09:26:44,42.4148559570312,-8.87755966186523,"Male"
"9004152",371985,2025-06-21 09:31:44,42.4147796630859,-8.87759971618652,"Male"
"9004152",371985,2025-06-21 09:36:44,42.4147834777832,-8.87753486633301,"Male"
"9004152",371985,2025-06-21 09:41:44,42.4148025512695,-8.87755584716797,"Male"
"9004152",371985,2025-06-21 09:46:44,42.4148902893066,-8.87752342224121,"Male"
"9004152",371985,2025-06-21 09:51:47,42.4147834777832,-8.87766647338867,"Male"
"9004152",371985,2025-06-21 09:56:44,42.4146347045898,-8.8776273727417,"Male"
"9004152",371985,2025-06-21 10:01:48,42.4147987365723,-8.8775634765625,"Male"
"9004152",371985,2025-06-21 10:06:46,42.4149055480957,-8.87723636627197,"Male"
"9004152",371985,2025-06-21 10:11:46,42.4148864746094,-8.87733554840088,"Male"
"9004152",371985,2025-06-21 10:16:47,42.4148864746094,-8.87724781036377,"Male"
"9004152",371985,2025-06-21 10:21:47,42.4148712158203,-8.87724494934082,"Male"
"9004152",371985,2025-06-21 10:26:46,42.4148635864258,-8.87722587585449,"Male"
"9004152",371985,2025-06-21 10:31:46,42.4148445129395,-8.87728691101074,"Male"
"9004152",371985,2025-06-21 10:36:47,42.4148712158203,-8.87729072570801,"Male"
"9004152",371985,2025-06-21 10:41:46,42.4148597717285,-8.87732601165771,"Male"
"9004152",371985,2025-06-21 10:46:46,42.4148483276367,-8.87736511230469,"Male"
"9004152",371985,2025-06-21 10:51:46,42.4148483276367,-8.87733268737793,"Male"
"9004152",371985,2025-06-21 10:56:46,42.4148597717285,-8.87734127044678,"Male"
"9004152",371985,2025-06-21 11:01:52,42.4148216247559,-8.87748050689697,"Male"
"9004152",371985,2025-06-21 11:06:45,42.4148330688477,-8.87736511230469,"Male"
"9004152",371985,2025-06-21 11:11:46,42.4148178100586,-8.87733745574951,"Male"
"9004152",371985,2025-06-21 11:16:58,42.4148063659668,-8.87754344940186,"Male"
"9004152",371985,2025-06-21 11:21:54,42.4142417907715,-8.87685394287109,"Male"
"9004152",371985,2025-06-21 11:27:41,42.4126892089844,-8.87568664550781,"Male"
"9004152",371985,2025-06-21 11:33:41,42.4120178222656,-8.87380504608154,"Male"
"9004152",371985,2025-06-21 11:39:05,42.4117813110352,-8.87268829345703,"Male"
"9004152",371985,2025-06-21 11:44:08,42.4116744995117,-8.8711576461792,"Male"
"9004152",371985,2025-06-21 11:50:06,42.411262512207,-8.87057018280029,"Male"
"9004152",371985,2025-06-21 11:55:15,42.4109725952148,-8.87089538574219,"Male"
"9004152",371985,2025-06-21 12:01:09,42.4114303588867,-8.87148189544678,"Male"
"9004152",371985,2025-06-21 12:08:36,42.4117012023926,-8.87120628356934,"Male"
"9004152",371985,2025-06-21 12:13:53,42.4116706848145,-8.87225341796875,"Male"
"9004152",371985,2025-06-21 12:20:51,42.410888671875,-8.87101936340332,"Male"
"9004152",371985,2025-06-21 12:26:57,42.410457611084,-8.8704080581665,"Male"
"9004152",371985,2025-06-21 12:32:24,42.4104919433594,-8.87082481384277,"Male"
"9004152",371985,2025-06-21 13:45:01,42.4117584228516,-8.87083148956299,"Male"
"9004152",371985,2025-06-21 13:51:29,42.4139175415039,-8.8724365234375,"Male"
"9004152",371985,2025-06-21 13:55:29,42.4139289855957,-8.87256813049316,"Male"
"9004152",371985,2025-06-21 14:00:36,42.4139595031738,-8.87265110015869,"Male"
"9004152",371985,2025-06-21 14:05:29,42.414005279541,-8.87233638763428,"Male"
"9004152",371985,2025-06-21 14:10:36,42.4138832092285,-8.87263965606689,"Male"
"9004152",371985,2025-06-21 14:15:29,42.4138298034668,-8.87357711791992,"Male"
"9004152",371985,2025-06-21 14:20:36,42.4139404296875,-8.87256622314453,"Male"
"9004152",371985,2025-06-21 14:25:26,42.4137420654297,-8.87372207641602,"Male"
"9004152",371985,2025-06-21 14:30:28,42.4138526916504,-8.87425231933594,"Male"
"9004152",371985,2025-06-21 14:35:28,42.4140472412109,-8.87294101715088,"Male"
"9004152",371985,2025-06-21 14:40:36,42.4139366149902,-8.87351417541504,"Male"
"9004152",371985,2025-06-21 14:45:26,42.4139366149902,-8.87362957000732,"Male"
"9004152",371985,2025-06-21 14:50:27,42.4140167236328,-8.87365913391113,"Male"
"9004152",371985,2025-06-21 14:55:44,42.4139366149902,-8.87363338470459,"Male"
"9004152",371985,2025-06-21 15:00:31,42.4139213562012,-8.87365436553955,"Male"
"9004152",371985,2025-06-21 15:05:31,42.413990020752,-8.87356090545654,"Male"
"9004152",371985,2025-06-21 15:10:26,42.4139518737793,-8.87377834320068,"Male"
"9004152",371985,2025-06-21 15:15:26,42.4140892028809,-8.87348556518555,"Male"
"9004152",371985,2025-06-21 15:20:27,42.4139709472656,-8.87370681762695,"Male"
"9004152",371985,2025-06-21 15:25:34,42.4139556884766,-8.87363243103027,"Male"
"9004152",371985,2025-06-21 15:30:26,42.4139060974121,-8.8736457824707,"Male"
"9004152",371985,2025-06-21 15:35:26,42.4138221740723,-8.87366580963135,"Male"
"9004152",371985,2025-06-21 15:40:27,42.4138412475586,-8.87376499176025,"Male"
"9004152",371985,2025-06-21 15:45:44,42.4138488769531,-8.87353897094727,"Male"
"9004152",371985,2025-06-21 15:50:26,42.4138069152832,-8.87368392944336,"Male"
"9004152",371985,2025-06-21 15:55:26,42.4140892028809,-8.8731689453125,"Male"
"9004152",371985,2025-06-21 16:00:26,42.4137725830078,-8.87376117706299,"Male"
"9004152",371985,2025-06-21 16:05:26,42.4137687683105,-8.87367153167725,"Male"
"9004152",371985,2025-06-21 16:10:26,42.413818359375,-8.87375450134277,"Male"
"9004152",371985,2025-06-21 16:15:26,42.4138488769531,-8.87368774414062,"Male"
"9004152",371985,2025-06-21 16:20:26,42.4138832092285,-8.87361717224121,"Male"
"9004152",371985,2025-06-21 16:25:29,42.4138526916504,-8.87356185913086,"Male"
"9004152",371985,2025-06-21 16:30:59,42.4138298034668,-8.87355899810791,"Male"
"9004152",371985,2025-06-21 16:35:26,42.4138526916504,-8.87358093261719,"Male"
"9004152",371985,2025-06-21 16:40:26,42.4138488769531,-8.87356662750244,"Male"
"9004152",371985,2025-06-21 16:45:26,42.4138717651367,-8.87362003326416,"Male"
"9004152",371985,2025-06-21 16:50:26,42.4138641357422,-8.87359809875488,"Male"
"9004152",371985,2025-06-21 16:55:26,42.4138374328613,-8.87368202209473,"Male"
"9004152",371985,2025-06-21 17:00:26,42.4134521484375,-8.87347793579102,"Male"
"9004152",371985,2025-06-21 17:05:44,42.4123153686523,-8.87299919128418,"Male"
"9004152",371985,2025-06-21 17:10:42,42.4118423461914,-8.8720006942749,"Male"
"9004152",371985,2025-06-21 17:16:05,42.4113845825195,-8.87035942077637,"Male"
"9004152",371985,2025-06-21 17:21:41,42.4106483459473,-8.87054538726807,"Male"
"9004152",371985,2025-06-21 17:27:07,42.4098815917969,-8.87078762054443,"Male"
"9004152",371985,2025-06-21 17:32:05,42.4090805053711,-8.87006187438965,"Male"
"9004152",371985,2025-06-21 17:37:33,42.4099540710449,-8.87010383605957,"Male"
"9004152",371985,2025-06-21 17:42:43,42.4105644226074,-8.87069416046143,"Male"
"9004152",371985,2025-06-21 17:47:43,42.4101257324219,-8.87167835235596,"Male"
"9004152",371985,2025-06-21 17:52:43,42.4049873352051,-8.8892936706543,"Male"
"9004152",371985,2025-06-21 17:57:43,42.3967018127441,-8.91994667053223,"Male"
"9004152",371985,2025-06-21 18:02:42,42.3966331481934,-8.92014598846436,"Male"
"9004152",371985,2025-06-21 18:07:43,42.3966484069824,-8.92020702362061,"Male"
"9004152",371985,2025-06-21 18:12:42,42.3967208862305,-8.92040061950684,"Male"
"9004152",371985,2025-06-21 18:17:42,42.3968086242676,-8.92045211791992,"Male"
"9004152",371985,2025-06-21 18:22:42,42.3966445922852,-8.92024707794189,"Male"
"9004152",371985,2025-06-21 18:27:42,42.3967094421387,-8.9203462600708,"Male"
"9004152",371985,2025-06-21 18:32:43,42.3966941833496,-8.92038631439209,"Male"
"9004152",371985,2025-06-21 18:37:43,42.3967056274414,-8.9204044342041,"Male"
"9004152",371985,2025-06-21 18:42:43,42.3967170715332,-8.92037296295166,"Male"
"9004152",371985,2025-06-21 18:47:44,42.3967361450195,-8.92043113708496,"Male"
"9004152",371985,2025-06-21 18:52:45,42.3965950012207,-8.9202127456665,"Male"
"9004152",371985,2025-06-21 18:58:05,42.3966598510742,-8.92032241821289,"Male"
"9004152",371985,2025-06-21 19:02:43,42.3966217041016,-8.92030906677246,"Male"
"9004152",371985,2025-06-21 19:07:43,42.3966751098633,-8.92032051086426,"Male"
"9004152",371985,2025-06-21 19:12:43,42.3966674804688,-8.92034149169922,"Male"
"9004152",371985,2025-06-21 19:17:43,42.3966369628906,-8.92029476165771,"Male"
"9004152",371985,2025-06-21 19:22:43,42.397159576416,-8.92016124725342,"Male"
"9004152",371985,2025-06-21 19:27:43,42.397159576416,-8.9202356338501,"Male"
"9004152",371985,2025-06-21 19:32:43,42.397159576416,-8.92025375366211,"Male"
"9004152",371985,2025-06-21 19:37:43,42.3971519470215,-8.92025279998779,"Male"
"9004152",371985,2025-06-21 19:42:43,42.3971824645996,-8.92022705078125,"Male"
"9004152",371985,2025-06-21 19:47:43,42.3971633911133,-8.92018795013428,"Male"
"9004152",371985,2025-06-21 19:52:45,42.3971710205078,-8.92023754119873,"Male"
"9004152",371985,2025-06-21 19:57:43,42.3971633911133,-8.92024040222168,"Male"
"9004152",371985,2025-06-21 20:02:42,42.3971519470215,-8.92024517059326,"Male"
"9004152",371985,2025-06-21 20:07:43,42.3971862792969,-8.92017936706543,"Male"
"9004152",371985,2025-06-21 20:12:43,42.3981018066406,-8.92173004150391,"Male"
"9004152",371985,2025-06-21 20:17:42,42.3981628417969,-8.92164707183838,"Male"
"9004152",371985,2025-06-21 20:22:43,42.3981132507324,-8.92163848876953,"Male"
"9004152",371985,2025-06-21 20:27:43,42.3981285095215,-8.92166900634766,"Male"
"9004152",371985,2025-06-21 20:32:43,42.3981590270996,-8.92163848876953,"Male"
"9004152",371985,2025-06-21 20:37:43,42.3982048034668,-8.92167282104492,"Male"
"9004152",371985,2025-06-21 20:42:43,42.3982620239258,-8.9217414855957,"Male"
"9004152",371985,2025-06-21 20:47:43,42.3982200622559,-8.92157745361328,"Male"
"9004152",371985,2025-06-21 20:52:43,42.3982620239258,-8.92166614532471,"Male"
"9004152",371985,2025-06-21 20:57:43,42.3983497619629,-8.92163372039795,"Male"
"9004152",371985,2025-06-21 21:02:44,42.3983039855957,-8.92199611663818,"Male"
"9004152",371985,2025-06-21 21:07:45,42.3981704711914,-8.92156505584717,"Male"
"9004152",371985,2025-06-21 21:12:46,42.3979568481445,-8.92127895355225,"Male"
"9004152",371985,2025-06-21 21:18:02,42.3981819152832,-8.92133522033691,"Male"
"9004152",371985,2025-06-21 21:22:43,42.3982810974121,-8.92144298553467,"Male"
"9004152",371985,2025-06-21 21:27:42,42.398193359375,-8.9213285446167,"Male"
"9004152",371985,2025-06-21 21:32:44,42.3981666564941,-8.92132377624512,"Male"
"9004152",371985,2025-06-21 21:37:44,42.3982009887695,-8.92140102386475,"Male"
"9004152",371985,2025-06-21 21:42:43,42.3982162475586,-8.92135906219482,"Male"
"9004152",371985,2025-06-21 21:47:45,42.3983039855957,-8.92158603668213,"Male"
"9004152",371985,2025-06-21 21:52:44,42.3982963562012,-8.92139530181885,"Male"
"9004152",371985,2025-06-21 21:57:44,42.3982963562012,-8.92150783538818,"Male"
"9004152",371985,2025-06-21 22:02:44,42.3981857299805,-8.92102336883545,"Male"
"9004152",371985,2025-06-21 22:07:43,42.3983383178711,-8.92162227630615,"Male"
"9004152",371985,2025-06-21 22:12:43,42.3981475830078,-8.92104816436768,"Male"
"9004152",371985,2025-06-21 22:17:43,42.3982467651367,-8.92131328582764,"Male"
"9004152",371985,2025-06-21 22:22:43,42.3982620239258,-8.92144107818604,"Male"
"9004152",371985,2025-06-21 22:27:43,42.3982734680176,-8.92142200469971,"Male"
"9004152",371985,2025-06-21 22:32:47,42.3982353210449,-8.92146778106689,"Male"
"9004152",371985,2025-06-21 22:37:43,42.3982772827148,-8.92160320281982,"Male"
"9004152",371985,2025-06-21 22:42:44,42.398307800293,-8.92189311981201,"Male"
"9004152",371985,2025-06-21 22:47:43,42.3983345031738,-8.92180633544922,"Male"
"9004152",371985,2025-06-21 22:52:43,42.3983116149902,-8.92166137695312,"Male"
"9004152",371985,2025-06-21 22:58:02,42.3982048034668,-8.9213285446167,"Male"
"9004152",371985,2025-06-21 23:02:43,42.3982009887695,-8.92174339294434,"Male"
"9004152",371985,2025-06-21 23:07:43,42.3981666564941,-8.92158699035645,"Male"
"9004152",371985,2025-06-21 23:12:43,42.3981742858887,-8.92139911651611,"Male"
"9004152",371985,2025-06-21 23:17:43,42.3981590270996,-8.92141914367676,"Male"
"9004152",371985,2025-06-21 23:22:43,42.3981552124023,-8.92125129699707,"Male"
"9004152",371985,2025-06-21 23:27:43,42.3982200622559,-8.92137908935547,"Male"
"9004152",371985,2025-06-21 23:32:43,42.3981742858887,-8.92147731781006,"Male"
"9004152",371985,2025-06-21 23:37:43,42.3981704711914,-8.92134571075439,"Male"
"9004152",371985,2025-06-21 23:42:43,42.3981971740723,-8.92135047912598,"Male"
"9004152",371985,2025-06-21 23:47:43,42.3981819152832,-8.92132186889648,"Male"
"9004152",371985,2025-06-21 23:52:42,42.3982162475586,-8.92133903503418,"Male"
"9004152",371985,2025-06-21 23:57:43,42.3981513977051,-8.92133808135986,"Male"
"9004152",371985,2025-06-22 00:02:43,42.3982162475586,-8.92135715484619,"Male"
"9004152",371985,2025-06-22 00:07:43,42.3981895446777,-8.92135810852051,"Male"
"9004152",371985,2025-06-22 00:12:46,42.3981895446777,-8.92135429382324,"Male"
"9004152",371985,2025-06-22 00:17:43,42.3982086181641,-8.9213342666626,"Male"
"9004152",371985,2025-06-22 00:22:55,42.3982543945312,-8.92141914367676,"Male"
"9004152",371985,2025-06-22 00:27:55,42.3982849121094,-8.92151355743408,"Male"
"9004152",371985,2025-06-22 00:32:54,42.398265838623,-8.92147445678711,"Male"
"9004152",371985,2025-06-22 00:37:53,42.3982696533203,-8.92136096954346,"Male"
"9004152",371985,2025-06-22 00:42:54,42.3982696533203,-8.92141628265381,"Male"
"9004152",371985,2025-06-22 00:47:48,42.3983726501465,-8.92146396636963,"Male"
"9004152",371985,2025-06-22 00:53:14,42.3981781005859,-8.9212818145752,"Male"
"9004152",371985,2025-06-22 00:57:43,42.3981819152832,-8.92126750946045,"Male"
"9004152",371985,2025-06-22 01:02:43,42.3982048034668,-8.92118835449219,"Male"
"9004152",371985,2025-06-22 01:07:43,42.3981628417969,-8.92135143280029,"Male"
"9004152",371985,2025-06-22 01:12:43,42.3982048034668,-8.92126178741455,"Male"
"9004152",371985,2025-06-22 01:17:42,42.3981475830078,-8.92120361328125,"Male"
"9004152",371985,2025-06-22 01:22:44,42.3980445861816,-8.92111968994141,"Male"
"9004152",371985,2025-06-22 01:27:43,42.3981170654297,-8.92122650146484,"Male"
"9004152",371985,2025-06-22 01:32:43,42.3981132507324,-8.92123794555664,"Male"
"9004152",371985,2025-06-22 01:37:43,42.3981781005859,-8.92129325866699,"Male"
"9004152",371985,2025-06-22 01:42:42,42.3981513977051,-8.92114448547363,"Male"
"9004152",371985,2025-06-22 01:47:43,42.3981513977051,-8.92104625701904,"Male"
"9004152",371985,2025-06-22 01:52:43,42.3981285095215,-8.92127990722656,"Male"
"9004152",371985,2025-06-22 01:57:43,42.3980979919434,-8.92128562927246,"Male"
"9004152",371985,2025-06-22 02:02:45,42.3981857299805,-8.92124271392822,"Male"
"9004152",371985,2025-06-22 02:07:55,42.3981513977051,-8.92116451263428,"Male"
"9004152",371985,2025-06-22 02:12:44,42.3981094360352,-8.92109107971191,"Male"
"9004152",371985,2025-06-22 02:17:57,42.3981742858887,-8.92126560211182,"Male"
"9004152",371985,2025-06-22 02:22:54,42.3981513977051,-8.92122173309326,"Male"
"9004152",371985,2025-06-22 02:27:50,42.3981323242188,-8.92118740081787,"Male"
"9004152",371985,2025-06-22 02:32:57,42.3981475830078,-8.92129039764404,"Male"
"9004152",371985,2025-06-22 02:38:05,42.3981666564941,-8.92133045196533,"Male"
"9004152",371985,2025-06-22 02:42:43,42.3980407714844,-8.92122077941895,"Male"
"9004152",371985,2025-06-22 02:47:43,42.3982543945312,-8.92133712768555,"Male"
"9004152",371985,2025-06-22 02:52:43,42.3982124328613,-8.92135238647461,"Male"
"9004152",371985,2025-06-22 02:58:14,42.3982200622559,-8.92138195037842,"Male"
"9004152",371985,2025-06-22 03:02:42,42.3982162475586,-8.92137718200684,"Male"
"9004152",371985,2025-06-22 03:07:42,42.3982391357422,-8.92141914367676,"Male"
"9004152",371985,2025-06-22 03:12:42,42.3980674743652,-8.92119789123535,"Male"
"9004152",371985,2025-06-22 03:17:42,42.3981628417969,-8.92130947113037,"Male"
"9004152",371985,2025-06-22 03:22:42,42.3982620239258,-8.9214391708374,"Male"
"9004152",371985,2025-06-22 03:27:42,42.3982620239258,-8.92142486572266,"Male"
"9004152",371985,2025-06-22 03:32:42,42.3981170654297,-8.9212646484375,"Male"
"9004152",371985,2025-06-22 03:37:42,42.3983116149902,-8.9214973449707,"Male"
"9004152",371985,2025-06-22 03:42:42,42.3983001708984,-8.92146301269531,"Male"
"9004152",371985,2025-06-22 03:47:43,42.3982887268066,-8.92146110534668,"Male"
"9004152",371985,2025-06-22 03:52:42,42.3983001708984,-8.92153930664062,"Male"
"9004152",371985,2025-06-22 03:57:42,42.3983840942383,-8.9216365814209,"Male"
"9004152",371985,2025-06-22 04:02:43,42.3982467651367,-8.92152500152588,"Male"
"9004152",371985,2025-06-22 04:07:43,42.3982009887695,-8.9213285446167,"Male"
"9004152",371985,2025-06-22 04:12:47,42.3982543945312,-8.92164611816406,"Male"
"9004152",371985,2025-06-22 04:18:05,42.3981399536133,-8.9215612411499,"Male"
"9004152",371985,2025-06-22 04:22:45,42.3982124328613,-8.92157745361328,"Male"
"9004152",371985,2025-06-22 04:27:44,42.3982620239258,-8.92153644561768,"Male"
"9004152",371985,2025-06-22 04:32:42,42.3982276916504,-8.92148685455322,"Male"
"9004152",371985,2025-06-22 04:37:42,42.3982048034668,-8.9216365814209,"Male"
"9004152",371985,2025-06-22 04:42:42,42.3982200622559,-8.92156982421875,"Male"
"9004152",371985,2025-06-22 04:47:46,42.3981857299805,-8.92163372039795,"Male"
"9004152",371985,2025-06-22 04:52:42,42.3982238769531,-8.92155170440674,"Male"
"9004152",371985,2025-06-22 04:57:43,42.3981857299805,-8.92151165008545,"Male"
"9004152",371985,2025-06-22 05:02:42,42.3981590270996,-8.92157459259033,"Male"
"9004152",371985,2025-06-22 05:07:43,42.398136138916,-8.92145919799805,"Male"
"9004152",371985,2025-06-22 05:12:42,42.3981590270996,-8.92154598236084,"Male"
"9004152",371985,2025-06-22 05:17:44,42.3981971740723,-8.92154216766357,"Male"
"9004152",371985,2025-06-22 05:22:43,42.3975448608398,-8.92014312744141,"Male"
"9004152",371985,2025-06-22 05:27:43,42.3974609375,-8.92007541656494,"Male"
"9004152",371985,2025-06-22 05:32:43,42.3974876403809,-8.92000865936279,"Male"
"9004152",371985,2025-06-22 05:37:43,42.3975105285645,-8.91993618011475,"Male"
"9004152",371985,2025-06-22 05:43:01,42.3975677490234,-8.92022132873535,"Male"
"9004152",371985,2025-06-22 05:47:43,42.3975639343262,-8.92019939422607,"Male"
"9004152",371985,2025-06-22 05:52:43,42.3975143432617,-8.92015647888184,"Male"
"9004152",371985,2025-06-22 05:57:43,42.397518157959,-8.92026329040527,"Male"
"9004152",371985,2025-06-22 06:02:43,42.397590637207,-8.92021751403809,"Male"
"9004152",371985,2025-06-22 06:07:43,42.3975639343262,-8.92003536224365,"Male"
"9004152",371985,2025-06-22 06:12:43,42.3976173400879,-8.92020988464355,"Male"
"9004152",371985,2025-06-22 06:17:52,42.3976440429688,-8.92028141021729,"Male"
"9004152",371985,2025-06-22 06:22:55,42.3977279663086,-8.92034912109375,"Male"
"9004152",371985,2025-06-22 06:27:54,42.3975791931152,-8.92022705078125,"Male"
"9004152",371985,2025-06-22 06:32:50,42.3976516723633,-8.92029094696045,"Male"
"9004152",371985,2025-06-22 06:37:52,42.4005470275879,-8.89881420135498,"Male"
"9004152",371985,2025-06-22 06:42:44,42.3993797302246,-8.8980073928833,"Male"
"9004152",371985,2025-06-22 06:47:58,42.4011383056641,-8.89107704162598,"Male"
"9004152",371985,2025-06-22 06:52:58,42.4085693359375,-8.89334487915039,"Male"
"9004152",371985,2025-06-22 07:02:39,42.408519744873,-8.89655017852783,"Male"
"9004152",371985,2025-06-22 07:07:57,42.4081802368164,-8.89672660827637,"Male"
"9004152",371985,2025-06-22 07:13:13,42.4082183837891,-8.89567470550537,"Male"
"9004152",371985,2025-06-22 07:18:27,42.4053153991699,-8.90145969390869,"Male"
"9004152",371985,2025-06-22 07:24:52,42.4050140380859,-8.90201663970947,"Male"
"9004152",371985,2025-06-22 07:34:39,42.4051399230957,-8.90199089050293,"Male"
"9004152",371985,2025-06-22 07:42:29,42.4037818908691,-8.9018611907959,"Male"
"9004152",371985,2025-06-22 07:55:40,42.4035301208496,-8.9017162322998,"Male"
"9004152",371985,2025-06-22 08:01:15,42.4039001464844,-8.90225696563721,"Male"
"9004152",371985,2025-06-22 08:06:12,42.4037475585938,-8.90292263031006,"Male"
"9004152",371985,2025-06-22 08:11:19,42.4028816223145,-8.90122318267822,"Male"
"9004152",371985,2025-06-22 08:16:31,42.414379119873,-8.87749767303467,"Male"
"9004152",371985,2025-06-22 08:21:14,42.4145202636719,-8.87753295898438,"Male"
"9004152",371985,2025-06-22 08:26:12,42.41455078125,-8.87756729125977,"Male"
"9004152",371985,2025-06-22 08:31:12,42.4145736694336,-8.87756633758545,"Male"
"9004152",371985,2025-06-22 08:36:12,42.4145622253418,-8.87766647338867,"Male"
"9004152",371985,2025-06-22 08:41:15,42.4110946655273,-8.87479019165039,"Male"
"9004152",371985,2025-06-22 08:46:50,42.4105529785156,-8.87679481506348,"Male"
"9004152",371985,2025-06-22 08:52:09,42.4107551574707,-8.87678623199463,"Male"
"9004152",371985,2025-06-22 08:58:30,42.4097442626953,-8.87596416473389,"Male"
"9004152",371985,2025-06-22 09:03:52,42.4097099304199,-8.87508583068848,"Male"
"9004152",371985,2025-06-22 09:09:29,42.4099235534668,-8.87455940246582,"Male"
"9004152",371985,2025-06-22 09:16:11,42.4100608825684,-8.87418937683105,"Male"
"9004152",371985,2025-06-22 09:22:04,42.4096412658691,-8.87470436096191,"Male"
"9004152",371985,2025-06-22 09:27:02,42.4099578857422,-8.87333679199219,"Male"
"9004152",371985,2025-06-22 09:32:41,42.4116897583008,-8.87294960021973,"Male"
"9004152",371985,2025-06-22 09:38:18,42.4114799499512,-8.87157917022705,"Male"
"9004152",371985,2025-06-22 09:43:19,42.4113502502441,-8.871413230896,"Male"
"9004152",371985,2025-06-22 09:48:17,42.4107894897461,-8.87117671966553,"Male"
"9004152",371985,2025-06-22 09:54:58,42.4108428955078,-8.87133693695068,"Male"
"9004152",371985,2025-06-22 09:59:58,42.4100761413574,-8.87117195129395,"Male"
"9004152",371985,2025-06-22 10:05:42,42.4108428955078,-8.87145709991455,"Male"
"9004152",371985,2025-06-22 10:11:00,42.4119453430176,-8.87156009674072,"Male"
"9004152",371985,2025-06-22 10:16:16,42.4117660522461,-8.87344646453857,"Male"
"9004152",371985,2025-06-22 10:22:00,42.4122848510742,-8.87397575378418,"Male"
"9004152",371985,2025-06-22 10:28:16,42.4125328063965,-8.87452793121338,"Male"
"9004152",371985,2025-06-22 10:33:33,42.4120903015137,-8.87518501281738,"Male"
"9004152",371985,2025-06-22 10:39:09,42.4116592407227,-8.87378787994385,"Male"
"9004152",371985,2025-06-22 10:44:09,42.4129028320312,-8.8740234375,"Male"
"9004152",371985,2025-06-22 10:49:44,42.4141387939453,-8.87357711791992,"Male"
"9004152",371985,2025-06-22 10:54:11,42.4141731262207,-8.87337017059326,"Male"
"9004152",371985,2025-06-22 10:59:08,42.414119720459,-8.87341976165771,"Male"
"9004152",371985,2025-06-22 11:04:13,42.4139633178711,-8.87354946136475,"Male"
"9004152",371985,2025-06-22 11:09:08,42.4139251708984,-8.87352085113525,"Male"
"9004152",371985,2025-06-22 11:14:35,42.4140548706055,-8.87364673614502,"Male"
"9004152",371985,2025-06-22 11:19:07,42.4140243530273,-8.87362861633301,"Male"
"9004152",371985,2025-06-22 11:24:08,42.4140167236328,-8.87368011474609,"Male"
"9004152",371985,2025-06-22 11:29:07,42.4140357971191,-8.87355899810791,"Male"
"9004152",371985,2025-06-22 11:34:07,42.4140663146973,-8.87368106842041,"Male"
"9004152",371985,2025-06-22 11:39:07,42.4140434265137,-8.87366390228271,"Male"
"9004152",371985,2025-06-22 11:44:07,42.4140434265137,-8.87374496459961,"Male"
"9004152",371985,2025-06-22 11:49:08,42.4140815734863,-8.87372779846191,"Male"
"9004152",371985,2025-06-22 11:54:08,42.4140853881836,-8.87370491027832,"Male"
"9004152",371985,2025-06-22 11:59:07,42.4140739440918,-8.87370681762695,"Male"
"9004152",371985,2025-06-22 12:04:07,42.4140396118164,-8.87371349334717,"Male"
"9004152",371985,2025-06-22 12:09:08,42.4141998291016,-8.87374210357666,"Male"
"9004152",371985,2025-06-22 12:14:08,42.4141426086426,-8.87369441986084,"Male"
"9004152",371985,2025-06-22 12:19:08,42.4140396118164,-8.87372207641602,"Male"
"9004152",371985,2025-06-22 12:24:07,42.4142074584961,-8.8736047744751,"Male"
"9004152",371985,2025-06-22 12:29:08,42.4141502380371,-8.8736572265625,"Male"
"9004152",371985,2025-06-22 12:34:08,42.4141235351562,-8.87359142303467,"Male"
"9004152",371985,2025-06-22 12:39:10,42.4141159057617,-8.87365818023682,"Male"
"9004152",371985,2025-06-22 12:44:19,42.4141426086426,-8.87357997894287,"Male"
"9004152",371985,2025-06-22 12:49:17,42.4128074645996,-8.87270736694336,"Male"
"9004152",371985,2025-06-22 12:54:40,42.4123077392578,-8.87172508239746,"Male"
"9004152",371985,2025-06-22 13:00:21,42.4117469787598,-8.87082767486572,"Male"
"9004152",371985,2025-06-22 13:17:56,42.4109992980957,-8.87024974822998,"Male"
"9004152",371985,2025-06-22 13:23:22,42.4100494384766,-8.8707447052002,"Male"
"9004152",371985,2025-06-22 13:28:36,42.409294128418,-8.87037181854248,"Male"
"9004152",371985,2025-06-22 13:34:21,42.4088478088379,-8.87135410308838,"Male"
"9004152",371985,2025-06-22 13:39:39,42.408935546875,-8.87154102325439,"Male"
"9004152",371985,2025-06-22 13:44:53,42.4098930358887,-8.87114238739014,"Male"
"9004152",371985,2025-06-22 13:51:04,42.4106292724609,-8.87074279785156,"Male"
"9004152",371985,2025-06-22 13:55:44,42.3985748291016,-8.85820484161377,"Male"
"9004152",371985,2025-06-22 14:01:05,42.3985366821289,-8.85804653167725,"Male"
"9004152",371985,2025-06-22 14:05:30,42.3985748291016,-8.85803699493408,"Male"
"9004152",371985,2025-06-22 14:10:30,42.3985061645508,-8.8580207824707,"Male"
"9004152",371985,2025-06-22 14:15:30,42.3985366821289,-8.85802268981934,"Male"
"9004152",371985,2025-06-22 14:20:30,42.3984298706055,-8.85798835754395,"Male"
"9004152",371985,2025-06-22 14:25:32,42.3983306884766,-8.85797882080078,"Male"
"9004152",371985,2025-06-22 14:30:32,42.398509979248,-8.85798263549805,"Male"
"9004152",371985,2025-06-22 14:35:30,42.398120880127,-8.85789012908936,"Male"
"9004152",371985,2025-06-22 14:40:30,42.3984680175781,-8.8580846786499,"Male"
"9004152",371985,2025-06-22 14:46:05,42.3985023498535,-8.85804462432861,"Male"
"9004152",371985,2025-06-22 14:50:30,42.3985557556152,-8.8580379486084,"Male"
"9004152",371985,2025-06-22 14:55:30,42.3984603881836,-8.85804843902588,"Male"
"9004152",371985,2025-06-22 15:00:30,42.3985366821289,-8.85805034637451,"Male"
"9004152",371985,2025-06-22 15:05:30,42.3985176086426,-8.85799884796143,"Male"
"9004152",371985,2025-06-22 15:10:30,42.3985633850098,-8.85800170898438,"Male"
"9004152",371985,2025-06-22 15:15:30,42.3987655639648,-8.85799789428711,"Male"
"9004152",371985,2025-06-22 15:20:30,42.3985977172852,-8.85807323455811,"Male"
"9004152",371985,2025-06-22 15:25:30,42.398494720459,-8.85800266265869,"Male"
"9004152",371985,2025-06-22 15:30:41,42.3984794616699,-8.85799312591553,"Male"
"9004152",371985,2025-06-22 15:35:31,42.3983879089355,-8.85789489746094,"Male"
"9004152",371985,2025-06-22 15:40:30,42.3985328674316,-8.85805988311768,"Male"
"9004152",371985,2025-06-22 15:45:32,42.3985290527344,-8.85807037353516,"Male"
"9004152",371985,2025-06-22 15:50:31,42.3983573913574,-8.85803699493408,"Male"
"9004152",371985,2025-06-22 15:55:34,42.3986015319824,-8.8578634262085,"Male"
"9004152",371985,2025-06-22 16:00:34,42.3985481262207,-8.85784339904785,"Male"
"9004152",371985,2025-06-22 16:05:32,42.3985748291016,-8.85784149169922,"Male"
"9004152",371985,2025-06-22 16:10:35,42.3984642028809,-8.85797309875488,"Male"
"9004152",371985,2025-06-22 16:15:45,42.3984985351562,-8.85799503326416,"Male"
"9004152",371985,2025-06-22 16:20:37,42.3984680175781,-8.85792541503906,"Male"
"9004152",371985,2025-06-22 16:25:43,42.3985137939453,-8.85803985595703,"Male"
"9004152",371985,2025-06-22 16:30:45,42.3985061645508,-8.85805225372314,"Male"
"9004152",371985,2025-06-22 16:35:32,42.3984565734863,-8.8579683303833,"Male"
"9004152",371985,2025-06-22 16:40:39,42.3985633850098,-8.85806846618652,"Male"
"9004152",371985,2025-06-22 16:46:23,42.4086570739746,-8.87051105499268,"Male"
"9004152",371985,2025-06-22 16:51:50,42.4085922241211,-8.87123584747314,"Male"
"9004152",371985,2025-06-22 16:56:54,42.4083442687988,-8.87138175964355,"Male"
"9004152",371985,2025-06-22 17:02:24,42.4093475341797,-8.8703498840332,"Male"
"9004152",371985,2025-06-22 17:10:18,42.4104309082031,-8.87017345428467,"Male"
"9004152",371985,2025-06-22 17:23:31,42.410816192627,-8.87063217163086,"Male"
"9004152",371985,2025-06-22 17:28:48,42.410774230957,-8.8712329864502,"Male"
"9004152",371985,2025-06-22 18:00:32,42.4116973876953,-8.87158679962158,"Male"
"9004152",371985,2025-06-22 18:04:56,42.4112510681152,-8.87197971343994,"Male"
"9004152",371985,2025-06-22 18:09:54,42.4048385620117,-8.89245414733887,"Male"
"9004152",371985,2025-06-22 18:14:55,42.3978881835938,-8.92023849487305,"Male"
"9004152",371985,2025-06-22 18:19:54,42.3979110717773,-8.92025852203369,"Male"
"9004152",371985,2025-06-22 18:24:55,42.3978157043457,-8.92020893096924,"Male"
"9004152",371985,2025-06-22 18:29:54,42.3979072570801,-8.92030239105225,"Male"
"9004152",371985,2025-06-22 18:35:10,42.397834777832,-8.92017555236816,"Male"
"9004152",371985,2025-06-22 18:39:55,42.3978576660156,-8.92018127441406,"Male"
"9004152",371985,2025-06-22 18:44:56,42.3979377746582,-8.92022323608398,"Male"
"9004152",371985,2025-06-22 18:49:56,42.3979263305664,-8.92035102844238,"Male"
"9004152",371985,2025-06-22 18:55:29,42.3978652954102,-8.92015647888184,"Male"
"9004152",371985,2025-06-22 18:59:54,42.3979339599609,-8.92027187347412,"Male"
"9004152",371985,2025-06-22 19:04:53,42.3979110717773,-8.92019653320312,"Male"
"9004152",371985,2025-06-22 19:09:53,42.3979110717773,-8.92031192779541,"Male"
"9004152",371985,2025-06-22 19:14:56,42.3978958129883,-8.92020034790039,"Male"
"9004152",371985,2025-06-22 19:20:00,42.3978500366211,-8.92025661468506,"Male"
"9004152",371985,2025-06-22 19:25:01,42.3981819152832,-8.92028999328613,"Male"
"9004152",371985,2025-06-22 19:29:58,42.398136138916,-8.92030143737793,"Male"
"9004152",371985,2025-06-22 19:35:01,42.3980522155762,-8.92009925842285,"Male"
"9004152",371985,2025-06-22 19:40:10,42.3978843688965,-8.92026615142822,"Male"
"9004152",371985,2025-06-22 19:44:58,42.3979721069336,-8.92019176483154,"Male"
"9004152",371985,2025-06-22 19:50:29,42.3978652954102,-8.9201831817627,"Male"
"9004152",371985,2025-06-22 19:54:53,42.3978424072266,-8.92012023925781,"Male"
"9004152",371985,2025-06-22 19:59:54,42.397834777832,-8.92012977600098,"Male"
"9004152",371985,2025-06-22 20:04:54,42.3975563049316,-8.921311378479,"Male"
"9004152",371985,2025-06-22 20:09:54,42.3983612060547,-8.92159557342529,"Male"
"9004152",371985,2025-06-22 20:14:53,42.3979568481445,-8.92132186889648,"Male"
"9004152",371985,2025-06-22 20:19:57,42.398193359375,-8.92181301116943,"Male"
"9004152",371985,2025-06-22 20:24:56,42.3977470397949,-8.92147731781006,"Male"
"9004152",371985,2025-06-22 20:29:56,42.3979454040527,-8.92148494720459,"Male"
"9004152",371985,2025-06-22 20:34:54,42.3977966308594,-8.92133331298828,"Male"
"9004152",371985,2025-06-22 20:39:55,42.3977966308594,-8.92094707489014,"Male"
"9004152",371985,2025-06-22 20:44:53,42.3978309631348,-8.92121601104736,"Male"
"9004152",371985,2025-06-22 20:49:55,42.3978614807129,-8.92122364044189,"Male"
"9004152",371985,2025-06-22 20:55:05,42.3978042602539,-8.92122077941895,"Male"
"9004152",371985,2025-06-22 20:59:56,42.3978004455566,-8.92119598388672,"Male"
"9004152",371985,2025-06-22 21:05:11,42.3978500366211,-8.92122650146484,"Male"
"9004152",371985,2025-06-22 21:09:53,42.3977470397949,-8.92125225067139,"Male"
"9004152",371985,2025-06-22 21:14:55,42.3977661132812,-8.9212474822998,"Male"
"9004152",371985,2025-06-22 21:19:53,42.3978157043457,-8.92126655578613,"Male"
"9004152",371985,2025-06-22 21:24:57,42.3978996276855,-8.92128276824951,"Male"
"9004152",371985,2025-06-22 21:29:59,42.3980255126953,-8.92151927947998,"Male"
"9004152",371985,2025-06-22 21:34:55,42.3980751037598,-8.92157936096191,"Male"
"9004152",371985,2025-06-22 21:39:58,42.3978576660156,-8.92115116119385,"Male"
"9004152",371985,2025-06-22 21:44:54,42.3979415893555,-8.92193794250488,"Male"
"9004152",371985,2025-06-22 21:49:55,42.3979187011719,-8.92150020599365,"Male"
"9004152",371985,2025-06-22 21:54:57,42.3978729248047,-8.92068004608154,"Male"
"9004152",371985,2025-06-22 22:00:14,42.3978271484375,-8.92103672027588,"Male"
"9004152",371985,2025-06-22 22:04:54,42.3978729248047,-8.9210147857666,"Male"
"9004152",371985,2025-06-22 22:09:54,42.397819519043,-8.92098331451416,"Male"
"9004152",371985,2025-06-22 22:15:06,42.3978614807129,-8.92128944396973,"Male"
"9004152",371985,2025-06-22 22:20:35,42.3978881835938,-8.92127990722656,"Male"
"9004152",371985,2025-06-22 22:24:53,42.3977966308594,-8.92134094238281,"Male"
"9004152",371985,2025-06-22 22:29:56,42.39794921875,-8.92173290252686,"Male"
"9004152",371985,2025-06-22 22:35:01,42.3978996276855,-8.92132568359375,"Male"
"9004152",371985,2025-06-22 22:40:29,42.397876739502,-8.92139053344727,"Male"
"9004152",371985,2025-06-22 22:44:57,42.3978424072266,-8.92131805419922,"Male"
"9004152",371985,2025-06-22 22:50:30,42.3978462219238,-8.92131900787354,"Male"
"9004152",371985,2025-06-22 22:54:55,42.3979225158691,-8.9213695526123,"Male"
"9004152",371985,2025-06-22 22:59:52,42.3978462219238,-8.9213399887085,"Male"
"9004152",371985,2025-06-22 23:04:56,42.3979835510254,-8.92119312286377,"Male"
"9004152",371985,2025-06-22 23:10:14,42.3978996276855,-8.92085552215576,"Male"
"9004152",371985,2025-06-22 23:14:54,42.3978958129883,-8.92077350616455,"Male"
"9004152",371985,2025-06-22 23:19:53,42.3978652954102,-8.92114448547363,"Male"
"9004152",371985,2025-06-22 23:25:29,42.3978500366211,-8.92089176177979,"Male"
"9004152",371985,2025-06-22 23:29:52,42.3977661132812,-8.92069149017334,"Male"
"9004152",371985,2025-06-22 23:34:54,42.3977890014648,-8.92093467712402,"Male"
"9004152",371985,2025-06-22 23:39:53,42.397705078125,-8.92092037200928,"Male"
"9004152",371985,2025-06-22 23:44:52,42.3977813720703,-8.92083644866943,"Male"
"9004152",371985,2025-06-22 23:49:54,42.3977966308594,-8.92108726501465,"Male"
"9004152",371985,2025-06-22 23:54:53,42.3980979919434,-8.92123889923096,"Male"
"9004152",371985,2025-06-23 00:00:21,42.3978729248047,-8.92124176025391,"Male"
"9004152",371985,2025-06-23 00:04:58,42.3978538513184,-8.92114925384521,"Male"
"9004152",371985,2025-06-23 00:09:55,42.3978805541992,-8.92120552062988,"Male"
"9004152",371985,2025-06-23 00:14:54,42.3979225158691,-8.92130279541016,"Male"
"9004152",371985,2025-06-23 00:21:17,42.3979072570801,-8.92125606536865,"Male"
"9004152",371985,2025-06-23 00:26:17,42.3978958129883,-8.9212760925293,"Male"
"9004152",371985,2025-06-23 00:31:17,42.3978996276855,-8.92128849029541,"Male"
"9004152",371985,2025-06-23 00:35:59,42.3978805541992,-8.92122650146484,"Male"
"9004152",371985,2025-06-23 00:39:54,42.3978996276855,-8.92131328582764,"Male"
"9004152",371985,2025-06-23 00:44:58,42.3979225158691,-8.92126083374023,"Male"
"9004152",371985,2025-06-23 00:49:56,42.3979530334473,-8.92132186889648,"Male"
"9004152",371985,2025-06-23 00:54:57,42.3979339599609,-8.92137813568115,"Male"
"9004152",371985,2025-06-23 00:59:57,42.3979072570801,-8.92134666442871,"Male"
"9004152",371985,2025-06-23 01:04:57,42.3979415893555,-8.92116260528564,"Male"
"9004152",371985,2025-06-23 01:09:57,42.3979187011719,-8.92113494873047,"Male"
"9004152",371985,2025-06-23 01:15:05,42.3978614807129,-8.92121601104736,"Male"
"9004152",371985,2025-06-23 01:19:58,42.3979682922363,-8.92072200775146,"Male"
"9004152",371985,2025-06-23 01:25:06,42.3979072570801,-8.921142578125,"Male"
"9004152",371985,2025-06-23 01:30:29,42.397876739502,-8.92115211486816,"Male"
"9004152",371985,2025-06-23 01:34:55,42.3979530334473,-8.92136669158936,"Male"
"9004152",371985,2025-06-23 01:40:06,42.3979148864746,-8.9210205078125,"Male"
"9004152",371985,2025-06-23 01:44:55,42.3979225158691,-8.92114448547363,"Male"
"9004152",371985,2025-06-23 01:50:00,42.3978691101074,-8.92085742950439,"Male"
"9004152",371985,2025-06-23 01:54:54,42.3978538513184,-8.92055225372314,"Male"
"9004152",371985,2025-06-23 02:00:14,42.3979034423828,-8.92099571228027,"Male"
"9004152",371985,2025-06-23 02:05:35,42.3978691101074,-8.92104244232178,"Male"
"9004152",371985,2025-06-23 02:09:52,42.3979339599609,-8.92104053497314,"Male"
"9004152",371985,2025-06-23 02:14:52,42.3979339599609,-8.9209680557251,"Male"
"9004152",371985,2025-06-23 02:19:52,42.3979110717773,-8.92093467712402,"Male"
"9004152",371985,2025-06-23 02:25:29,42.3979034423828,-8.920973777771,"Male"
"9004152",371985,2025-06-23 02:29:55,42.397876739502,-8.92108631134033,"Male"
"9004152",371985,2025-06-23 02:34:54,42.3979339599609,-8.92115116119385,"Male"
"9004152",371985,2025-06-23 02:40:00,42.3978843688965,-8.92120265960693,"Male"
"9004152",371985,2025-06-23 02:44:55,42.3978385925293,-8.92113304138184,"Male"
"9004152",371985,2025-06-23 02:49:55,42.3978080749512,-8.92111968994141,"Male"
"9004152",371985,2025-06-23 02:55:13,42.3978805541992,-8.92108345031738,"Male"
"9004152",371985,2025-06-23 02:59:54,42.3979187011719,-8.92105102539062,"Male"
"9004152",371985,2025-06-23 03:04:55,42.3979072570801,-8.92103958129883,"Male"
"9004152",371985,2025-06-23 03:09:59,42.3979072570801,-8.92113590240479,"Male"
"9004152",371985,2025-06-23 03:14:57,42.3977661132812,-8.92142295837402,"Male"
"9004152",371985,2025-06-23 03:19:57,42.3977127075195,-8.92167854309082,"Male"
"9004152",371985,2025-06-23 03:24:53,42.3974952697754,-8.92160224914551,"Male"
"9004152",371985,2025-06-23 03:29:57,42.3979377746582,-8.92123794555664,"Male"
"9004152",371985,2025-06-23 03:35:00,42.3978576660156,-8.92105960845947,"Male"
"9004152",371985,2025-06-23 03:40:01,42.397891998291,-8.92058849334717,"Male"
"9004152",371985,2025-06-23 03:45:01,42.3977470397949,-8.92133140563965,"Male"
"9004152",371985,2025-06-23 03:50:01,42.3976287841797,-8.92151832580566,"Male"
"9004152",371985,2025-06-23 03:55:01,42.3977279663086,-8.92134666442871,"Male"
"9004152",371985,2025-06-23 04:00:01,42.3978233337402,-8.92140769958496,"Male"
"9004152",371985,2025-06-23 04:05:01,42.3979949951172,-8.9207010269165,"Male"
"9004152",371985,2025-06-23 04:11:17,42.3979148864746,-8.92136383056641,"Male"
"9004152",371985,2025-06-23 04:14:54,42.3979187011719,-8.92143821716309,"Male"
"9004152",371985,2025-06-23 04:20:29,42.3978614807129,-8.92119979858398,"Male"
"9004152",371985,2025-06-23 04:24:52,42.3977737426758,-8.92123508453369,"Male"
"9004152",371985,2025-06-23 04:29:52,42.3978958129883,-8.92118549346924,"Male"
"9004152",371985,2025-06-23 04:34:53,42.397777557373,-8.92122173309326,"Male"
"9004152",371985,2025-06-23 04:39:52,42.3978080749512,-8.92107105255127,"Male"
"9004152",371985,2025-06-23 04:44:53,42.397819519043,-8.92124557495117,"Male"
"9004152",371985,2025-06-23 04:49:54,42.397876739502,-8.9211893081665,"Male"
"9004152",371985,2025-06-23 04:54:52,42.3979530334473,-8.92120456695557,"Male"
"9004152",371985,2025-06-23 04:59:52,42.3979835510254,-8.92130756378174,"Male"
"9004152",371985,2025-06-23 05:04:52,42.3978729248047,-8.92099571228027,"Male"
"9004152",371985,2025-06-23 05:09:54,42.3979110717773,-8.92128562927246,"Male"
"9004152",371985,2025-06-23 05:14:52,42.397891998291,-8.92120265960693,"Male"
"9004152",371985,2025-06-23 05:19:52,42.3979110717773,-8.92125511169434,"Male"
"9004152",371985,2025-06-23 05:24:54,42.3976669311523,-8.92008972167969,"Male"
"9004152",371985,2025-06-23 05:29:52,42.3977203369141,-8.92018795013428,"Male"
"9004152",371985,2025-06-23 05:34:53,42.3976783752441,-8.92007350921631,"Male"
"9004152",371985,2025-06-23 05:40:14,42.3976173400879,-8.92006397247314,"Male"
"9004152",371985,2025-06-23 05:44:54,42.3976783752441,-8.91999816894531,"Male"
"9004152",371985,2025-06-23 05:49:55,42.3975296020508,-8.92002105712891,"Male"
"9004152",371985,2025-06-23 05:54:59,42.3975639343262,-8.91994094848633,"Male"
"9004152",371985,2025-06-23 05:59:55,42.3977508544922,-8.92037200927734,"Male"
"9004152",371985,2025-06-23 06:04:55,42.397762298584,-8.92038917541504,"Male"
"9004152",371985,2025-06-23 06:09:55,42.397632598877,-8.92017555236816,"Male"
"9004152",371985,2025-06-23 06:14:53,42.3977127075195,-8.92029666900635,"Male"
"9004152",371985,2025-06-23 06:19:55,42.3976898193359,-8.9201192855835,"Male"
"9004152",371985,2025-06-23 06:24:55,42.3977317810059,-8.92030048370361,"Male"
"9004152",371985,2025-06-23 06:29:58,42.4011840820312,-8.90267467498779,"Male"
"9004152",371985,2025-06-23 06:37:35,42.4081077575684,-8.89869976043701,"Male"
"9004152",371985,2025-06-23 06:43:24,42.4156455993652,-8.88901901245117,"Male"
"9004152",371985,2025-06-23 06:48:12,42.4178009033203,-8.88661670684814,"Male"
"9004152",371985,2025-06-23 06:53:41,42.4182777404785,-8.88649368286133,"Male"
"9004152",371985,2025-06-23 06:58:58,42.4203643798828,-8.88249969482422,"Male"
"9004152",371985,2025-06-23 07:04:23,42.4198150634766,-8.88131809234619,"Male"
"9004152",371985,2025-06-23 07:10:30,42.4096565246582,-8.87685108184814,"Male"
"9004152",371985,2025-06-23 07:15:33,42.4092216491699,-8.87853813171387,"Male"
"9004152",371985,2025-06-23 07:20:39,42.4099731445312,-8.8792552947998,"Male"
"9004152",371985,2025-06-23 07:26:20,42.4111404418945,-8.87919044494629,"Male"
"9004152",371985,2025-06-23 08:06:24,42.411563873291,-8.8774299621582,"Male"
"9004152",371985,2025-06-23 08:11:38,42.4111824035645,-8.87698554992676,"Male"
"9004152",371985,2025-06-23 08:17:07,42.4108734130859,-8.87632656097412,"Male"
"9004152",371985,2025-06-23 08:21:59,42.4116897583008,-8.8780574798584,"Male"
"9004152",371985,2025-06-23 08:28:06,42.4110145568848,-8.87619972229004,"Male"
"9004152",371985,2025-06-23 08:33:48,42.4105796813965,-8.87742710113525,"Male"
"9004152",371985,2025-06-23 08:39:36,42.4108238220215,-8.8776912689209,"Male"
"9004152",371985,2025-06-23 08:44:38,42.4122734069824,-8.87773609161377,"Male"
"9004152",371985,2025-06-23 08:49:36,42.4131393432617,-8.87906932830811,"Male"
"9004152",371985,2025-06-23 08:54:36,42.4131393432617,-8.87902545928955,"Male"
"9004152",371985,2025-06-23 08:59:36,42.4129638671875,-8.87895107269287,"Male"
"9004152",371985,2025-06-23 09:04:36,42.4130020141602,-8.87901401519775,"Male"
"9004152",371985,2025-06-23 09:09:36,42.4130935668945,-8.87890815734863,"Male"
"9004152",371985,2025-06-23 09:14:44,42.4133110046387,-8.87878322601318,"Male"
"9004152",371985,2025-06-23 09:19:25,42.4133224487305,-8.87882709503174,"Male"
"9004152",371985,2025-06-23 09:24:25,42.4133834838867,-8.87873268127441,"Male"
"9004152",371985,2025-06-23 09:29:25,42.4132957458496,-8.87881565093994,"Male"
"9004152",371985,2025-06-23 09:34:25,42.4131851196289,-8.87869358062744,"Male"
"9004152",371985,2025-06-23 09:39:25,42.4132347106934,-8.87876319885254,"Male"
"9004152",371985,2025-06-23 09:44:26,42.4125633239746,-8.87473964691162,"Male"
"9004152",371985,2025-06-23 10:00:14,42.4114418029785,-8.87441730499268,"Male"
"9004152",371985,2025-06-23 10:05:34,42.4107360839844,-8.87462997436523,"Male"
"9004152",371985,2025-06-23 10:10:50,42.4113464355469,-8.87344646453857,"Male"
"9004152",371985,2025-06-23 10:16:29,42.4125671386719,-8.87382030487061,"Male"
"9004152",371985,2025-06-23 10:21:34,42.4126586914062,-8.87328624725342,"Male"
"9004152",371985,2025-06-23 10:26:57,42.4120216369629,-8.87217617034912,"Male"
"9004152",371985,2025-06-23 10:31:59,42.4122772216797,-8.87146186828613,"Male"
"9004152",371985,2025-06-23 10:37:00,42.411548614502,-8.87102222442627,"Male"
"9004152",371985,2025-06-23 10:42:30,42.410961151123,-8.87186241149902,"Male"
"9004152",371985,2025-06-23 11:02:29,42.4135704040527,-8.87101650238037,"Male"
"9004152",371985,2025-06-23 11:06:37,42.4135932922363,-8.87108421325684,"Male"
"9004152",371985,2025-06-23 11:11:39,42.4135780334473,-8.87109565734863,"Male"
"9004152",371985,2025-06-23 11:16:38,42.4135856628418,-8.87106800079346,"Male"
"9004152",371985,2025-06-23 11:21:36,42.4135780334473,-8.87105941772461,"Male"
"9004152",371985,2025-06-23 11:26:36,42.4135589599609,-8.87107467651367,"Male"
"9004152",371985,2025-06-23 11:31:36,42.4135475158691,-8.87106037139893,"Male"
"9004152",371985,2025-06-23 11:36:37,42.4135627746582,-8.8710765838623,"Male"
"9004152",371985,2025-06-23 11:41:35,42.413516998291,-8.87103366851807,"Male"
"9004152",371985,2025-06-23 11:46:36,42.4136352539062,-8.87114906311035,"Male"
"9004152",371985,2025-06-23 11:51:36,42.413703918457,-8.871262550354,"Male"
"9004152",371985,2025-06-23 11:56:39,42.4134635925293,-8.87097835540771,"Male"
"9004152",371985,2025-06-23 12:02:05,42.4135131835938,-8.87107467651367,"Male"
"9004152",371985,2025-06-23 12:06:34,42.4135055541992,-8.87110233306885,"Male"
"9004152",371985,2025-06-23 12:11:34,42.413501739502,-8.87096405029297,"Male"
"9004152",371985,2025-06-23 12:16:34,42.4135322570801,-8.87101364135742,"Male"
"9004152",371985,2025-06-23 12:21:34,42.4135055541992,-8.87100791931152,"Male"
"9004152",371985,2025-06-23 12:26:34,42.4135284423828,-8.87102222442627,"Male"
"9004152",371985,2025-06-23 12:31:35,42.4134902954102,-8.87089729309082,"Male"
"9004152",371985,2025-06-23 12:36:36,42.4124374389648,-8.87143802642822,"Male"
"9004152",371985,2025-06-23 12:41:34,42.4116592407227,-8.87166976928711,"Male"
"9004152",371985,2025-06-23 12:46:36,42.4109420776367,-8.87165641784668,"Male"
"9004152",371985,2025-06-23 12:52:17,42.4121932983398,-8.87127685546875,"Male"
"9004152",371985,2025-06-23 12:57:29,42.4119834899902,-8.87208366394043,"Male"
"9004152",371985,2025-06-23 13:02:38,42.4121971130371,-8.87352466583252,"Male"
"9004152",371985,2025-06-23 13:07:37,42.4126281738281,-8.87285614013672,"Male"
"9004152",371985,2025-06-23 13:12:38,42.4126052856445,-8.87259769439697,"Male"
"9004152",371985,2025-06-23 13:18:04,42.4122505187988,-8.8737211227417,"Male"
"9004152",371985,2025-06-23 13:23:33,42.4118461608887,-8.87507343292236,"Male"
"9004152",371985,2025-06-23 13:28:33,42.4114189147949,-8.87398052215576,"Male"
"9004152",371985,2025-06-23 13:33:55,42.4111137390137,-8.8734827041626,"Male"
"9004152",371985,2025-06-23 13:39:35,42.4104919433594,-8.87382030487061,"Male"
"9004152",371985,2025-06-23 13:45:06,42.4104347229004,-8.87220764160156,"Male"
"9004152",371985,2025-06-23 13:50:10,42.4109687805176,-8.8706521987915,"Male"
"9004152",371985,2025-06-23 13:55:29,42.4117965698242,-8.87106227874756,"Male"
"9004152",371985,2025-06-23 14:00:32,42.4125671386719,-8.872389793396,"Male"
"9004152",371985,2025-06-23 14:05:40,42.4138946533203,-8.87348079681396,"Male"
"9004152",371985,2025-06-23 14:10:32,42.4139785766602,-8.87369823455811,"Male"
"9004152",371985,2025-06-23 14:15:32,42.414005279541,-8.87368583679199,"Male"
"9004152",371985,2025-06-23 14:20:33,42.4139938354492,-8.87369441986084,"Male"
"9004152",371985,2025-06-23 14:25:32,42.4138984680176,-8.8736515045166,"Male"
"9004152",371985,2025-06-23 14:30:36,42.4139671325684,-8.87371826171875,"Male"
"9004152",371985,2025-06-23 14:35:32,42.4139366149902,-8.87370777130127,"Male"
"9004152",371985,2025-06-23 14:40:36,42.4141044616699,-8.8736515045166,"Male"
"9004152",371985,2025-06-23 14:45:34,42.4140167236328,-8.87367343902588,"Male"
"9004152",371985,2025-06-23 14:50:34,42.4141273498535,-8.87361431121826,"Male"
"9004152",371985,2025-06-23 14:55:33,42.4139099121094,-8.87366008758545,"Male"
"9004152",371985,2025-06-23 15:00:33,42.4138221740723,-8.87356948852539,"Male"
"9004152",371985,2025-06-23 15:05:33,42.4137115478516,-8.87355899810791,"Male"
"9004152",371985,2025-06-23 15:10:33,42.4135322570801,-8.8733959197998,"Male"
"9004152",371985,2025-06-23 15:15:36,42.4138412475586,-8.87362957000732,"Male"
"9004152",371985,2025-06-23 15:20:44,42.4139022827148,-8.87374687194824,"Male"
"9004152",371985,2025-06-23 15:25:32,42.4137573242188,-8.87355422973633,"Male"
"9004152",371985,2025-06-23 15:30:39,42.4139137268066,-8.87371826171875,"Male"
"9004152",371985,2025-06-23 15:35:32,42.413818359375,-8.87355804443359,"Male"
"9004152",371985,2025-06-23 15:40:39,42.4138641357422,-8.87370014190674,"Male"
"9004152",371985,2025-06-23 15:45:44,42.4138793945312,-8.87363910675049,"Male"
"9004152",371985,2025-06-23 15:50:34,42.4137001037598,-8.87335109710693,"Male"
"9004152",371985,2025-06-23 15:55:41,42.4129753112793,-8.87151527404785,"Male"
"9004152",371985,2025-06-23 16:00:37,42.412467956543,-8.87151432037354,"Male"
"9004152",371985,2025-06-23 16:05:34,42.4119529724121,-8.87210369110107,"Male"
"9004152",371985,2025-06-23 16:13:48,42.4117698669434,-8.87015342712402,"Male"
"9004152",371985,2025-06-23 16:23:59,42.4109153747559,-8.87047004699707,"Male"
"9004152",371985,2025-06-23 17:28:13,42.4128265380859,-8.87343883514404,"Male"
"9004152",371985,2025-06-23 17:32:21,42.4130058288574,-8.87142086029053,"Male"
"9004152",371985,2025-06-23 17:36:51,42.4129791259766,-8.87143421173096,"Male"
"9004152",371985,2025-06-23 17:41:50,42.4130363464355,-8.87142562866211,"Male"
"9004152",371985,2025-06-23 17:46:51,42.4130058288574,-8.87152671813965,"Male"
"9004152",371985,2025-06-23 17:51:48,42.412956237793,-8.87149715423584,"Male"
"9004152",371985,2025-06-23 17:56:49,42.4130020141602,-8.87146949768066,"Male"
"9004152",371985,2025-06-23 18:01:49,42.4133186340332,-8.87118244171143,"Male"
"9004152",371985,2025-06-23 18:06:48,42.4130325317383,-8.87146091461182,"Male"
"9004152",371985,2025-06-23 18:11:48,42.4130020141602,-8.87143611907959,"Male"
"9004152",371985,2025-06-23 18:16:48,42.4131164550781,-8.87153148651123,"Male"
"9004152",371985,2025-06-23 18:21:48,42.4130477905273,-8.87146472930908,"Male"
"9004152",371985,2025-06-23 18:26:50,42.4131126403809,-8.87148761749268,"Male"
"9004152",371985,2025-06-23 18:32:14,42.4130210876465,-8.87146377563477,"Male"
"9004152",371985,2025-06-23 18:36:48,42.412956237793,-8.8714771270752,"Male"
"9004152",371985,2025-06-23 18:41:48,42.4130325317383,-8.87153244018555,"Male"
"9004152",371985,2025-06-23 18:47:30,42.4118690490723,-8.87223720550537,"Male"
"9004152",371985,2025-06-23 18:52:27,42.4111213684082,-8.8730936050415,"Male"
"9004152",371985,2025-06-23 18:57:28,42.41015625,-8.87458610534668,"Male"
"9004152",371985,2025-06-23 19:02:27,42.400806427002,-8.90503025054932,"Male"
"9004152",371985,2025-06-23 19:07:30,42.3967247009277,-8.91983699798584,"Male"
"9004152",371985,2025-06-23 19:12:35,42.396842956543,-8.91993713378906,"Male"
"9004152",371985,2025-06-23 19:17:28,42.3967208862305,-8.91997623443604,"Male"
"9004152",371985,2025-06-23 19:22:29,42.3968162536621,-8.9198055267334,"Male"
"9004152",371985,2025-06-23 19:27:36,42.3967666625977,-8.92004108428955,"Male"
"9004152",371985,2025-06-23 19:32:59,42.3967819213867,-8.92013454437256,"Male"
"9004152",371985,2025-06-23 19:37:28,42.3967971801758,-8.92049312591553,"Male"
"9004152",371985,2025-06-23 19:42:33,42.3967628479004,-8.92015838623047,"Male"
"9004152",371985,2025-06-23 19:47:29,42.3964920043945,-8.92002201080322,"Male"
"9004152",371985,2025-06-23 19:52:36,42.3959197998047,-8.92076969146729,"Male"
"9004152",371985,2025-06-23 19:57:28,42.3956069946289,-8.92002010345459,"Male"
"9004152",371985,2025-06-23 20:02:34,42.3959197998047,-8.92068672180176,"Male"
"9004152",371985,2025-06-23 20:07:36,42.3958930969238,-8.92065334320068,"Male"
"9004152",371985,2025-06-23 20:12:35,42.3959465026855,-8.92073917388916,"Male"
"9004152",371985,2025-06-23 20:17:44,42.3958854675293,-8.92068576812744,"Male"
"9004152",371985,2025-06-23 20:22:30,42.3958129882812,-8.92041969299316,"Male"
"9004152",371985,2025-06-23 20:27:31,42.395881652832,-8.92061710357666,"Male"
"9004152",371985,2025-06-23 20:32:30,42.3958396911621,-8.92055130004883,"Male"
"9004152",371985,2025-06-23 20:37:28,42.3959808349609,-8.92077255249023,"Male"
"9004152",371985,2025-06-23 20:42:28,42.3959426879883,-8.92078113555908,"Male"
"9004152",371985,2025-06-23 20:47:44,42.3958549499512,-8.92056179046631,"Male"
"9004152",371985,2025-06-23 20:52:27,42.3958854675293,-8.9205961227417,"Male"
"9004152",371985,2025-06-23 20:57:28,42.3959846496582,-8.92080974578857,"Male"
"9004152",371985,2025-06-23 21:02:33,42.3958740234375,-8.92055892944336,"Male"
"9004152",371985,2025-06-23 21:07:31,42.3958358764648,-8.92058086395264,"Male"
"9004152",371985,2025-06-23 21:12:30,42.3958549499512,-8.92069911956787,"Male"
"9004152",371985,2025-06-23 21:17:31,42.3959045410156,-8.92053699493408,"Male"
"9004152",371985,2025-06-23 21:22:28,42.395809173584,-8.92061424255371,"Male"
"9004152",371985,2025-06-23 21:27:28,42.3959274291992,-8.92062091827393,"Male"
"9004152",371985,2025-06-23 21:32:44,42.3958702087402,-8.92058563232422,"Male"
"9004152",371985,2025-06-23 21:37:28,42.3958740234375,-8.92074584960938,"Male"
"9004152",371985,2025-06-23 21:42:29,42.3958396911621,-8.92044544219971,"Male"
"9004152",371985,2025-06-23 21:47:35,42.3959274291992,-8.92060565948486,"Male"
"9004152",371985,2025-06-23 21:52:28,42.3958702087402,-8.92070388793945,"Male"
"9004152",371985,2025-06-23 21:57:36,42.3958740234375,-8.92058849334717,"Male"
"9004152",371985,2025-06-23 22:02:38,42.3959159851074,-8.92049694061279,"Male"
"9004152",371985,2025-06-23 22:07:38,42.3959579467773,-8.92056083679199,"Male"
"9004152",371985,2025-06-23 22:12:45,42.3958473205566,-8.92060279846191,"Male"
"9004152",371985,2025-06-23 22:17:34,42.3958892822266,-8.92068004608154,"Male"
"9004152",371985,2025-06-23 22:22:31,42.3959884643555,-8.92058563232422,"Male"
"9004152",371985,2025-06-23 22:27:38,42.3959541320801,-8.92061138153076,"Male"
"9004152",371985,2025-06-23 22:32:33,42.3958969116211,-8.92075157165527,"Male"
"9004152",371985,2025-06-23 22:37:38,42.3959655761719,-8.92087745666504,"Male"
"9004152",371985,2025-06-23 22:42:36,42.3959350585938,-8.92076110839844,"Male"
"9004152",371985,2025-06-23 22:47:45,42.3959274291992,-8.92071056365967,"Male"
"9004152",371985,2025-06-23 22:52:34,42.395923614502,-8.92074489593506,"Male"
"9004152",371985,2025-06-23 22:57:58,42.3959999084473,-8.92068862915039,"Male"
"9004152",371985,2025-06-23 23:02:31,42.395824432373,-8.9205493927002,"Male"
"9004152",371985,2025-06-23 23:07:27,42.3959465026855,-8.92071151733398,"Male"
"9004152",371985,2025-06-23 23:12:27,42.3958740234375,-8.92054176330566,"Male"
"9004152",371985,2025-06-23 23:17:27,42.395809173584,-8.92046546936035,"Male"
"9004152",371985,2025-06-23 23:22:28,42.3958969116211,-8.92056465148926,"Male"
"9004152",371985,2025-06-23 23:27:28,42.3958511352539,-8.92044544219971,"Male"
"9004152",371985,2025-06-23 23:32:27,42.3959197998047,-8.92061328887939,"Male"
"9004152",371985,2025-06-23 23:37:28,42.3958892822266,-8.92056179046631,"Male"
"9004152",371985,2025-06-23 23:42:27,42.3958854675293,-8.92051029205322,"Male"
"9004152",371985,2025-06-23 23:47:27,42.3958396911621,-8.92043018341064,"Male"
"9004152",371985,2025-06-23 23:52:36,42.3959083557129,-8.92068767547607,"Male"
"9004152",371985,2025-06-23 23:57:36,42.3958854675293,-8.92060852050781,"Male"
"9004152",371985,2025-06-24 00:02:28,42.3958930969238,-8.92052173614502,"Male"
"9004152",371985,2025-06-24 00:07:31,42.3959083557129,-8.92057132720947,"Male"
"9004152",371985,2025-06-24 00:12:30,42.3964195251465,-8.92167282104492,"Male"
"9004152",371985,2025-06-24 00:17:29,42.3961448669434,-8.92111015319824,"Male"
"9004152",371985,2025-06-24 00:22:28,42.396110534668,-8.92113971710205,"Male"
"9004152",371985,2025-06-24 00:27:36,42.3958702087402,-8.9205493927002,"Male"
"9004152",371985,2025-06-24 00:32:28,42.3960571289062,-8.92088222503662,"Male"
"9004152",371985,2025-06-24 00:37:29,42.3959999084473,-8.92088317871094,"Male"
"9004152",371985,2025-06-24 00:42:30,42.3959541320801,-8.92096424102783,"Male"
"9004152",371985,2025-06-24 00:47:30,42.3960571289062,-8.92076683044434,"Male"
"9004152",371985,2025-06-24 00:52:29,42.3958778381348,-8.92053318023682,"Male"
"9004152",371985,2025-06-24 00:57:30,42.3960227966309,-8.92075634002686,"Male"
"9004152",371985,2025-06-24 01:02:36,42.3959693908691,-8.92049503326416,"Male"
"9004152",371985,2025-06-24 01:07:28,42.3959617614746,-8.92089748382568,"Male"
"9004152",371985,2025-06-24 01:12:35,42.39599609375,-8.92051887512207,"Male"
"9004152",371985,2025-06-24 01:17:35,42.3959274291992,-8.920578956604,"Male"
"9004152",371985,2025-06-24 01:22:41,42.395923614502,-8.92048358917236,"Male"
"9004152",371985,2025-06-24 01:27:27,42.3959922790527,-8.92049980163574,"Male"
"9004152",371985,2025-06-24 01:32:27,42.3959693908691,-8.92050743103027,"Male"
"9004152",371985,2025-06-24 01:37:29,42.3959426879883,-8.92072582244873,"Male"
"9004152",371985,2025-06-24 01:42:37,42.3962593078613,-8.921067237854,"Male"
"9004152",371985,2025-06-24 01:47:45,42.3959693908691,-8.92065525054932,"Male"
"9004152",371985,2025-06-24 01:52:27,42.3960494995117,-8.92073440551758,"Male"
"9004152",371985,2025-06-24 01:57:27,42.3960723876953,-8.92073535919189,"Male"
"9004152",371985,2025-06-24 02:02:29,42.3958053588867,-8.92042827606201,"Male"
"9004152",371985,2025-06-24 02:07:29,42.3958282470703,-8.92033767700195,"Male"
"9004152",371985,2025-06-24 02:12:29,42.3955726623535,-8.92002010345459,"Male"
"9004152",371985,2025-06-24 02:17:31,42.3959426879883,-8.92067337036133,"Male"
"9004152",371985,2025-06-24 02:22:29,42.3958930969238,-8.92047595977783,"Male"
"9004152",371985,2025-06-24 02:27:29,42.3956909179688,-8.92006874084473,"Male"
"9004152",371985,2025-06-24 02:32:45,42.3958778381348,-8.92056560516357,"Male"
"9004152",371985,2025-06-24 02:37:27,42.3958740234375,-8.9205493927002,"Male"
"9004152",371985,2025-06-24 02:42:27,42.3958969116211,-8.92060661315918,"Male"
"9004152",371985,2025-06-24 02:47:28,42.3958854675293,-8.92051887512207,"Male"
"9004152",371985,2025-06-24 02:52:27,42.3958168029785,-8.92043972015381,"Male"
"9004152",371985,2025-06-24 02:57:27,42.3958358764648,-8.92048454284668,"Male"
"9004152",371985,2025-06-24 03:02:31,42.3959846496582,-8.92069244384766,"Male"
"9004152",371985,2025-06-24 03:07:38,42.3959808349609,-8.9207181930542,"Male"
"9004152",371985,2025-06-24 03:12:44,42.3959350585938,-8.9205150604248,"Male"
"9004152",371985,2025-06-24 03:17:28,42.3962783813477,-8.92075157165527,"Male"
"9004152",371985,2025-06-24 03:22:28,42.3962707519531,-8.92072200775146,"Male"
"9004152",371985,2025-06-24 03:27:30,42.395923614502,-8.92048072814941,"Male"
"9004152",371985,2025-06-24 03:32:30,42.3959465026855,-8.92057991027832,"Male"
"9004152",371985,2025-06-24 03:37:30,42.3959808349609,-8.92054653167725,"Male"
"9004152",371985,2025-06-24 03:42:31,42.3959541320801,-8.92052459716797,"Male"
"9004152",371985,2025-06-24 03:47:59,42.3958969116211,-8.92053508758545,"Male"
"9004152",371985,2025-06-24 03:52:27,42.395923614502,-8.92056941986084,"Male"
"9004152",371985,2025-06-24 03:57:27,42.3958549499512,-8.92040729522705,"Male"
"9004152",371985,2025-06-24 04:02:27,42.3959541320801,-8.92061424255371,"Male"
"9004152",371985,2025-06-24 04:07:28,42.3959083557129,-8.9206714630127,"Male"
"9004152",371985,2025-06-24 04:12:28,42.3958587646484,-8.92057037353516,"Male"
"9004152",371985,2025-06-24 04:17:30,42.3959312438965,-8.92073059082031,"Male"
"9004152",371985,2025-06-24 04:22:27,42.3958740234375,-8.92053127288818,"Male"
"9004152",371985,2025-06-24 04:27:27,42.3958969116211,-8.92044258117676,"Male"
"9004152",371985,2025-06-24 04:32:44,42.3959121704102,-8.92061233520508,"Male"
"9004152",371985,2025-06-24 04:37:27,42.3959159851074,-8.92065715789795,"Male"
"9004152",371985,2025-06-24 04:42:30,42.3959083557129,-8.92062759399414,"Male"
"9004152",371985,2025-06-24 04:47:27,42.3958969116211,-8.92054080963135,"Male"
"9004152",371985,2025-06-24 04:52:29,42.395881652832,-8.92046642303467,"Male"
"9004152",371985,2025-06-24 04:57:30,42.3959121704102,-8.92055511474609,"Male"
"9004152",371985,2025-06-24 05:02:31,42.3958930969238,-8.9205846786499,"Male"
"9004152",371985,2025-06-24 05:07:29,42.3959121704102,-8.92050361633301,"Male"
"9004152",371985,2025-06-24 05:12:30,42.3959922790527,-8.92094707489014,"Male"
"9004152",371985,2025-06-24 05:17:27,42.3960571289062,-8.92135238647461,"Male"
"9004152",371985,2025-06-24 05:22:30,42.3963012695312,-8.92158317565918,"Male"
"9004152",371985,2025-06-24 05:27:37,42.3963394165039,-8.9215841293335,"Male"
"9004152",371985,2025-06-24 05:32:59,42.395881652832,-8.92056465148926,"Male"
"9004152",371985,2025-06-24 05:37:28,42.3959922790527,-8.92073249816895,"Male"
"9004152",371985,2025-06-24 05:42:30,42.3960609436035,-8.92070579528809,"Male"
"9004152",371985,2025-06-24 05:47:29,42.395824432373,-8.92055511474609,"Male"
"9004152",371985,2025-06-24 05:52:27,42.3958549499512,-8.92058181762695,"Male"
"9004152",371985,2025-06-24 05:57:27,42.3958282470703,-8.92050266265869,"Male"
"9004152",371985,2025-06-24 06:02:29,42.3958206176758,-8.92048645019531,"Male"
"9004152",371985,2025-06-24 06:07:36,42.3958930969238,-8.92056083679199,"Male"
"9004152",371985,2025-06-24 06:12:27,42.3976898193359,-8.92038059234619,"Male"
"9004152",371985,2025-06-24 06:17:29,42.3977508544922,-8.92045307159424,"Male"
"9004152",371985,2025-06-24 06:22:30,42.3977165222168,-8.92041969299316,"Male"
"9004152",371985,2025-06-24 06:27:30,42.3976402282715,-8.92029762268066,"Male"
"9004152",371985,2025-06-24 06:32:44,42.3975563049316,-8.92026996612549,"Male"
"9004152",371985,2025-06-24 06:37:31,42.3975372314453,-8.92014122009277,"Male"
"9004152",371985,2025-06-24 06:42:36,42.3975639343262,-8.92044162750244,"Male"
"9004152",371985,2025-06-24 06:47:40,42.3975448608398,-8.92030620574951,"Male"
"9004152",371985,2025-06-24 06:52:33,42.3974838256836,-8.91999912261963,"Male"
"9004152",371985,2025-06-24 06:57:30,42.3975677490234,-8.92032718658447,"Male"
"9004152",371985,2025-06-24 07:02:38,42.3975219726562,-8.92029476165771,"Male"
"9004152",371985,2025-06-24 07:07:37,42.3973579406738,-8.92032718658447,"Male"
"9004152",371985,2025-06-24 07:12:28,42.397533416748,-8.92045783996582,"Male"
"9004152",371985,2025-06-24 07:17:31,42.3976554870605,-8.91811370849609,"Male"
"9004152",371985,2025-06-24 07:22:30,42.3982391357422,-8.91696262359619,"Male"
"9004152",371985,2025-06-24 07:27:36,42.3986053466797,-8.91561889648438,"Male"
"9004152",371985,2025-06-24 07:34:35,42.3926429748535,-8.91033458709717,"Male"
"9004152",371985,2025-06-24 07:39:05,42.4062767028809,-8.87934398651123,"Male"
"9004152",371985,2025-06-24 07:45:00,42.408763885498,-8.8742504119873,"Male"
"9004152",371985,2025-06-24 07:50:10,42.4076881408691,-8.87410831451416,"Male"
"9004152",371985,2025-06-24 07:55:11,42.4085998535156,-8.87355518341064,"Male"
"9004152",371985,2025-06-24 08:01:36,42.40966796875,-8.87235260009766,"Male"
"9004152",371985,2025-06-24 08:06:21,42.408935546875,-8.8717794418335,"Male"
"9004152",371985,2025-06-24 08:12:04,42.4085807800293,-8.87145519256592,"Male"
"9004152",371985,2025-06-24 08:17:08,42.4094734191895,-8.87087917327881,"Male"
"9004152",371985,2025-06-24 08:22:31,42.4106369018555,-8.87086296081543,"Male"
"9004152",371985,2025-06-24 08:28:16,42.410888671875,-8.87120151519775,"Male"
"9004152",371985,2025-06-24 08:33:45,42.4117164611816,-8.8716402053833,"Male"
"9004152",371985,2025-06-24 08:39:17,42.4115219116211,-8.87265777587891,"Male"
"9004152",371985,2025-06-24 08:44:46,42.4111976623535,-8.87472820281982,"Male"
"9004152",371985,2025-06-24 08:49:45,42.4106216430664,-8.87508583068848,"Male"
"9004152",371985,2025-06-24 08:55:09,42.4109878540039,-8.87459278106689,"Male"
"9004152",371985,2025-06-24 09:00:08,42.4108428955078,-8.87617015838623,"Male"
"9004152",371985,2025-06-24 09:07:29,42.4109764099121,-8.87554836273193,"Male"
"9004152",371985,2025-06-24 09:15:22,42.4100723266602,-8.87460708618164,"Male"
"9004152",371985,2025-06-24 09:20:16,42.410472869873,-8.873779296875,"Male"
"9004152",371985,2025-06-24 09:25:40,42.410213470459,-8.87259769439697,"Male"
"9004152",371985,2025-06-24 09:31:24,42.4111022949219,-8.87137699127197,"Male"
"9004152",371985,2025-06-24 09:37:52,42.4104347229004,-8.87068653106689,"Male"
"9004152",371985,2025-06-24 09:49:53,42.4100189208984,-8.86951351165771,"Male"
"9004152",371985,2025-06-24 09:53:47,42.4084510803223,-8.86984348297119,"Male"
"9004152",371985,2025-06-24 09:59:44,42.4042282104492,-8.86891937255859,"Male"
"9004152",371985,2025-06-24 10:04:15,42.3986549377441,-8.85799407958984,"Male"
"9004152",371985,2025-06-24 10:08:46,42.3987693786621,-8.85788917541504,"Male"
"9004152",371985,2025-06-24 10:13:54,42.3987884521484,-8.85790252685547,"Male"
"9004152",371985,2025-06-24 10:18:47,42.3987617492676,-8.8580322265625,"Male"
"9004152",371985,2025-06-24 10:23:43,42.3990592956543,-8.85819911956787,"Male"
"9004152",371985,2025-06-24 10:28:49,42.3987083435059,-8.85803127288818,"Male"
"9004152",371985,2025-06-24 10:33:54,42.399169921875,-8.85808658599854,"Male"
"9004152",371985,2025-06-24 10:39:05,42.3985633850098,-8.85803985595703,"Male"
"9004152",371985,2025-06-24 10:43:42,42.3985481262207,-8.85799694061279,"Male"
"9004152",371985,2025-06-24 10:48:44,42.3985443115234,-8.8579626083374,"Male"
"9004152",371985,2025-06-24 10:53:43,42.3984527587891,-8.85801982879639,"Male"
"9004152",371985,2025-06-24 10:58:43,42.3985290527344,-8.85797214508057,"Male"
"9004152",371985,2025-06-24 11:03:43,42.3984565734863,-8.85820960998535,"Male"
"9004152",371985,2025-06-24 11:08:42,42.398509979248,-8.8580150604248,"Male"
"9004152",371985,2025-06-24 11:13:42,42.3986015319824,-8.85795497894287,"Male"
"9004152",371985,2025-06-24 11:18:42,42.3985290527344,-8.85798263549805,"Male"
"9004152",371985,2025-06-24 11:23:42,42.3984832763672,-8.85805034637451,"Male"
"9004152",371985,2025-06-24 11:28:42,42.3985443115234,-8.85798740386963,"Male"
"9004152",371985,2025-06-24 11:33:42,42.3985748291016,-8.85792446136475,"Male"
"9004152",371985,2025-06-24 11:38:42,42.3985595703125,-8.85805225372314,"Male"
"9004152",371985,2025-06-24 11:43:51,42.3985633850098,-8.8579626083374,"Male"
"9004152",371985,2025-06-24 11:48:42,42.3984985351562,-8.85799789428711,"Male"
"9004152",371985,2025-06-24 11:53:42,42.398567199707,-8.85797691345215,"Male"
"9004152",371985,2025-06-24 11:58:43,42.3985366821289,-8.85794353485107,"Male"
"9004152",371985,2025-06-24 12:04:05,42.3985824584961,-8.85801792144775,"Male"
"9004152",371985,2025-06-24 12:08:42,42.3984756469727,-8.85816287994385,"Male"
"9004152",371985,2025-06-24 12:13:42,42.3984260559082,-8.8580379486084,"Male"
"9004152",371985,2025-06-24 12:18:42,42.3986511230469,-8.85813140869141,"Male"
"9004152",371985,2025-06-24 12:23:42,42.3985137939453,-8.85807514190674,"Male"
"9004152",371985,2025-06-24 12:28:43,42.3985862731934,-8.8580207824707,"Male"
"9004152",371985,2025-06-24 12:33:46,42.398551940918,-8.85802841186523,"Male"
"9004152",371985,2025-06-24 12:38:43,42.3987503051758,-8.85803413391113,"Male"
"9004152",371985,2025-06-24 12:43:43,42.398853302002,-8.85801410675049,"Male"
"9004152",371985,2025-06-24 12:48:43,42.3987846374512,-8.85795307159424,"Male"
"9004152",371985,2025-06-24 12:53:43,42.3985862731934,-8.85799312591553,"Male"
"9004152",371985,2025-06-24 12:58:43,42.3984985351562,-8.85793209075928,"Male"
"9004152",371985,2025-06-24 13:03:44,42.3982734680176,-8.85805892944336,"Male"
"9004152",371985,2025-06-24 13:08:43,42.3984260559082,-8.85806274414062,"Male"
"9004152",371985,2025-06-24 13:13:43,42.3985176086426,-8.85810279846191,"Male"
"9004152",371985,2025-06-24 13:18:42,42.3984489440918,-8.85806083679199,"Male"
"9004152",371985,2025-06-24 13:23:43,42.3984718322754,-8.85808753967285,"Male"
"9004152",371985,2025-06-24 13:28:44,42.3983840942383,-8.85788249969482,"Male"
"9004152",371985,2025-06-24 13:33:45,42.3984909057617,-8.8580322265625,"Male"
"9004152",371985,2025-06-24 13:38:48,42.3984069824219,-8.85791873931885,"Male"
"9004152",371985,2025-06-24 13:43:46,42.3984222412109,-8.85794353485107,"Male"
"9004152",371985,2025-06-24 13:48:52,42.3985710144043,-8.85806179046631,"Male"
"9004152",371985,2025-06-24 13:53:47,42.3984680175781,-8.85786914825439,"Male"
"9004152",371985,2025-06-24 13:59:05,42.3984985351562,-8.85804653167725,"Male"
"9004152",371985,2025-06-24 14:03:42,42.3984642028809,-8.85811138153076,"Male"
"9004152",371985,2025-06-24 14:08:42,42.40283203125,-8.86273670196533,"Male"
"9004152",371985,2025-06-24 14:14:23,42.4101142883301,-8.87075138092041,"Male"
"9004152",371985,2025-06-24 14:19:55,42.4115333557129,-8.87049293518066,"Male"
"9004152",371985,2025-06-24 14:25:19,42.4121170043945,-8.87200450897217,"Male"
"9004152",371985,2025-06-24 14:30:20,42.4124450683594,-8.87296199798584,"Male"
"9004152",371985,2025-06-24 14:35:45,42.411808013916,-8.87355422973633,"Male"
"9004152",371985,2025-06-24 14:40:52,42.4118881225586,-8.87488651275635,"Male"
"9004152",371985,2025-06-24 14:45:51,42.4120864868164,-8.87487888336182,"Male"
"9004152",371985,2025-06-24 14:51:20,42.4126853942871,-8.87346267700195,"Male"
"9004152",371985,2025-06-24 14:56:22,42.4136962890625,-8.87339687347412,"Male"
"9004152",371985,2025-06-24 15:01:20,42.414005279541,-8.87292194366455,"Male"
"9004152",371985,2025-06-24 15:06:21,42.4141426086426,-8.87303352355957,"Male"
"9004152",371985,2025-06-24 15:11:22,42.4141540527344,-8.87311840057373,"Male"
"9004152",371985,2025-06-24 15:16:20,42.4141540527344,-8.87300300598145,"Male"
"9004152",371985,2025-06-24 15:21:21,42.4139518737793,-8.8729076385498,"Male"
"9004152",371985,2025-06-24 15:26:21,42.414192199707,-8.87315940856934,"Male"
"9004152",371985,2025-06-24 15:31:29,42.4138946533203,-8.87276649475098,"Male"
"9004152",371985,2025-06-24 15:36:20,42.4143600463867,-8.87324047088623,"Male"
"9004152",371985,2025-06-24 15:41:21,42.4143676757812,-8.87343597412109,"Male"
"9004152",371985,2025-06-24 15:46:31,42.4133834838867,-8.87202072143555,"Male"
"9004152",371985,2025-06-24 15:51:44,42.4133758544922,-8.87235927581787,"Male"
"9004152",371985,2025-06-24 15:56:27,42.4130630493164,-8.8715991973877,"Male"
"9004152",371985,2025-06-24 16:01:27,42.4134483337402,-8.87205982208252,"Male"
"9004152",371985,2025-06-24 16:06:27,42.4141540527344,-8.87304210662842,"Male"
"9004152",371985,2025-06-24 16:11:24,42.4139175415039,-8.87265205383301,"Male"
"9004152",371985,2025-06-24 16:16:28,42.4139366149902,-8.87272357940674,"Male"
"9004152",371985,2025-06-24 16:21:21,42.4140396118164,-8.87285804748535,"Male"
"9004152",371985,2025-06-24 16:26:28,42.4140586853027,-8.87287139892578,"Male"
"9004152",371985,2025-06-24 16:31:21,42.4138565063477,-8.87249183654785,"Male"
"9004152",371985,2025-06-24 16:36:30,42.4140090942383,-8.87276554107666,"Male"
"9004152",371985,2025-06-24 16:41:24,42.4140510559082,-8.87282657623291,"Male"
"9004152",371985,2025-06-24 16:46:44,42.4124069213867,-8.87365627288818,"Male"
"9004152",371985,2025-06-24 16:52:06,42.412166595459,-8.87196731567383,"Male"
"9004152",371985,2025-06-24 16:57:47,42.4118766784668,-8.87135314941406,"Male"
"9004152",371985,2025-06-24 17:03:33,42.4115676879883,-8.87058258056641,"Male"
"9004152",371985,2025-06-24 17:09:06,42.4108200073242,-8.87057399749756,"Male"
"9004152",371985,2025-06-24 17:15:11,42.4105949401855,-8.87129688262939,"Male"
"9004152",371985,2025-06-24 17:21:31,42.411563873291,-8.87144470214844,"Male"
"9004152",371985,2025-06-24 17:27:00,42.4117088317871,-8.87080574035645,"Male"
"9004152",371985,2025-06-24 17:37:58,42.4118232727051,-8.87122344970703,"Male"
"9004152",371985,2025-06-24 17:43:29,42.4121398925781,-8.87189865112305,"Male"
"9004152",371985,2025-06-24 17:49:09,42.412166595459,-8.87270545959473,"Male"
"9004152",371985,2025-06-24 17:54:32,42.4125137329102,-8.87300968170166,"Male"
"9004152",371985,2025-06-24 18:06:53,42.4118614196777,-8.87402439117432,"Male"
"9004152",371985,2025-06-24 18:10:49,42.4142417907715,-8.87735271453857,"Male"
"9004152",371985,2025-06-24 18:15:51,42.4141693115234,-8.87731742858887,"Male"
"9004152",371985,2025-06-24 18:20:50,42.4142265319824,-8.87728214263916,"Male"
"9004152",371985,2025-06-24 18:26:14,42.4142227172852,-8.87738227844238,"Male"
"9004152",371985,2025-06-24 18:30:49,42.4142913818359,-8.87744808197021,"Male"
"9004152",371985,2025-06-24 18:35:49,42.414306640625,-8.87744235992432,"Male"
"9004152",371985,2025-06-24 18:40:49,42.4142684936523,-8.87736320495605,"Male"
"9004152",371985,2025-06-24 18:45:50,42.4142150878906,-8.87730979919434,"Male"
"9004152",371985,2025-06-24 18:50:49,42.4141616821289,-8.87724208831787,"Male"
"9004152",371985,2025-06-24 18:55:55,42.4142990112305,-8.87745189666748,"Male"
"9004152",371985,2025-06-24 19:00:50,42.4143295288086,-8.87754440307617,"Male"
"9004152",371985,2025-06-24 19:06:00,42.4143409729004,-8.87753009796143,"Male"
"9004152",371985,2025-06-24 19:10:53,42.4131507873535,-8.87724018096924,"Male"
"9004152",371985,2025-06-24 19:16:09,42.4119110107422,-8.87778472900391,"Male"
"9004152",371985,2025-06-24 19:21:04,42.4105262756348,-8.88212299346924,"Male"
"9004152",371985,2025-06-24 19:26:15,42.3985710144043,-8.92063999176025,"Male"
"9004152",371985,2025-06-24 19:31:07,42.3985939025879,-8.92053127288818,"Male"
"9004152",371985,2025-06-24 19:36:13,42.3972282409668,-8.92023086547852,"Male"
"9004152",371985,2025-06-24 19:41:04,42.3963088989258,-8.92046356201172,"Male"
"9004152",371985,2025-06-24 19:46:04,42.3962173461914,-8.92050552368164,"Male"
"9004152",371985,2025-06-24 19:51:35,42.3962516784668,-8.9205207824707,"Male"
"9004152",371985,2025-06-24 19:56:03,42.396183013916,-8.92057418823242,"Male"
"9004152",371985,2025-06-24 20:01:03,42.396183013916,-8.92054843902588,"Male"
"9004152",371985,2025-06-24 20:06:03,42.3962249755859,-8.92054748535156,"Male"
"9004152",371985,2025-06-24 20:11:03,42.396240234375,-8.92050647735596,"Male"
"9004152",371985,2025-06-24 20:16:03,42.3962173461914,-8.92048263549805,"Male"
"9004152",371985,2025-06-24 20:21:03,42.396297454834,-8.92034530639648,"Male"
"9004152",371985,2025-06-24 20:26:03,42.3963050842285,-8.92038154602051,"Male"
"9004152",371985,2025-06-24 20:31:03,42.3962135314941,-8.92037105560303,"Male"
"9004152",371985,2025-06-24 20:36:03,42.395938873291,-8.92063903808594,"Male"
"9004152",371985,2025-06-24 20:41:03,42.3959465026855,-8.92060375213623,"Male"
"9004152",371985,2025-06-24 20:46:04,42.3959350585938,-8.92056941986084,"Male"
"9004152",371985,2025-06-24 20:51:03,42.3958854675293,-8.92059421539307,"Male"
"9004152",371985,2025-06-24 20:56:03,42.3959274291992,-8.92059421539307,"Male"
"9004152",371985,2025-06-24 21:01:04,42.3959083557129,-8.92056465148926,"Male"
"9004152",371985,2025-06-24 21:06:04,42.3958778381348,-8.92054271697998,"Male"
"9004152",371985,2025-06-24 21:11:03,42.3959007263184,-8.92057132720947,"Male"
"9004152",371985,2025-06-24 21:16:03,42.3958282470703,-8.92047691345215,"Male"
"9004152",371985,2025-06-24 21:21:04,42.3959121704102,-8.92063045501709,"Male"
"9004152",371985,2025-06-24 21:26:04,42.3960075378418,-8.920654296875,"Male"
"9004152",371985,2025-06-24 21:31:03,42.3960075378418,-8.92069625854492,"Male"
"9004152",371985,2025-06-24 21:36:13,42.395866394043,-8.9205207824707,"Male"
"9004152",371985,2025-06-24 21:41:04,42.3958740234375,-8.9205265045166,"Male"
"9004152",371985,2025-06-24 21:46:04,42.3958587646484,-8.92054176330566,"Male"
"9004152",371985,2025-06-24 21:51:04,42.3958320617676,-8.92048931121826,"Male"
"9004152",371985,2025-06-24 21:56:04,42.3957939147949,-8.92030048370361,"Male"
"9004152",371985,2025-06-24 22:01:14,42.3958778381348,-8.9205207824707,"Male"
"9004152",371985,2025-06-24 22:06:04,42.3958778381348,-8.9205436706543,"Male"
"9004152",371985,2025-06-24 22:11:04,42.3958969116211,-8.92057991027832,"Male"
"9004152",371985,2025-06-24 22:16:04,42.3959045410156,-8.92051410675049,"Male"
"9004152",371985,2025-06-24 22:21:04,42.3959083557129,-8.9205379486084,"Male"
"9004152",371985,2025-06-24 22:26:10,42.3959312438965,-8.92066860198975,"Male"
"9004152",371985,2025-06-24 22:31:06,42.3959503173828,-8.92054271697998,"Male"
"9004152",371985,2025-06-24 22:36:06,42.3959617614746,-8.92056179046631,"Male"
"9004152",371985,2025-06-24 22:41:06,42.3959426879883,-8.92054557800293,"Male"
"9004152",371985,2025-06-24 22:46:35,42.3958625793457,-8.92052745819092,"Male"
"9004152",371985,2025-06-24 22:51:03,42.3958473205566,-8.92055606842041,"Male"
"9004152",371985,2025-06-24 22:56:03,42.3958587646484,-8.92049789428711,"Male"
"9004152",371985,2025-06-24 23:01:03,42.3958969116211,-8.92053890228271,"Male"
"9004152",371985,2025-06-24 23:06:03,42.3959197998047,-8.92060470581055,"Male"
"9004152",371985,2025-06-24 23:11:03,42.3959503173828,-8.92061710357666,"Male"
"9004152",371985,2025-06-24 23:16:03,42.395938873291,-8.92059993743896,"Male"
"9004152",371985,2025-06-24 23:21:03,42.3959808349609,-8.92064666748047,"Male"
"9004152",371985,2025-06-24 23:26:03,42.3959846496582,-8.92062473297119,"Male"
"9004152",371985,2025-06-24 23:31:04,42.3960151672363,-8.92067432403564,"Male"
"9004152",371985,2025-06-24 23:36:04,42.3959350585938,-8.92057514190674,"Male"
"9004152",371985,2025-06-24 23:41:04,42.3959732055664,-8.92068195343018,"Male"
"9004152",371985,2025-06-24 23:46:04,42.3959312438965,-8.92058944702148,"Male"
"9004152",371985,2025-06-24 23:51:03,42.3959465026855,-8.92060947418213,"Male"
"9004152",371985,2025-06-24 23:56:04,42.3961334228516,-8.92076015472412,"Male"
"9004152",371985,2025-06-25 00:01:13,42.3960800170898,-8.92076969146729,"Male"
"9004152",371985,2025-06-25 00:06:08,42.3960990905762,-8.92079639434814,"Male"
"9004152",371985,2025-06-25 00:11:07,42.39599609375,-8.92066478729248,"Male"
"9004152",371985,2025-06-25 00:16:04,42.3959274291992,-8.92055988311768,"Male"
"9004152",371985,2025-06-25 00:21:08,42.3959350585938,-8.92057132720947,"Male"
"9004152",371985,2025-06-25 00:26:04,42.3959503173828,-8.9206428527832,"Male"
"9004152",371985,2025-06-25 00:31:07,42.3959312438965,-8.92062664031982,"Male"
"9004152",371985,2025-06-25 00:36:04,42.3959732055664,-8.92063045501709,"Male"
"9004152",371985,2025-06-25 00:41:04,42.3958930969238,-8.92058753967285,"Male"
"9004152",371985,2025-06-25 00:46:08,42.3959846496582,-8.92056179046631,"Male"
"9004152",371985,2025-06-25 00:51:10,42.3959426879883,-8.92061614990234,"Male"
"9004152",371985,2025-06-25 00:56:09,42.3960113525391,-8.92055225372314,"Male"
"9004152",371985,2025-06-25 01:01:09,42.39599609375,-8.92054271697998,"Male"
"9004152",371985,2025-06-25 01:06:13,42.3959617614746,-8.92049026489258,"Male"
"9004152",371985,2025-06-25 01:11:13,42.3959159851074,-8.92055034637451,"Male"
"9004152",371985,2025-06-25 01:16:09,42.3959007263184,-8.92056465148926,"Male"
"9004152",371985,2025-06-25 01:21:09,42.3959541320801,-8.92047214508057,"Male"
"9004152",371985,2025-06-25 01:26:35,42.3959312438965,-8.92050743103027,"Male"
"9004152",371985,2025-06-25 01:31:04,42.3959083557129,-8.92063236236572,"Male"
"9004152",371985,2025-06-25 01:36:04,42.3958778381348,-8.92050743103027,"Male"
"9004152",371985,2025-06-25 01:41:03,42.3958892822266,-8.92055988311768,"Male"
"9004152",371985,2025-06-25 01:46:03,42.3959197998047,-8.92057228088379,"Male"
"9004152",371985,2025-06-25 01:51:03,42.3959426879883,-8.9205493927002,"Male"
"9004152",371985,2025-06-25 01:56:04,42.3959617614746,-8.92074775695801,"Male"
"9004152",371985,2025-06-25 02:01:06,42.3959503173828,-8.92077445983887,"Male"
"9004152",371985,2025-06-25 02:06:04,42.3959083557129,-8.92058563232422,"Male"
"9004152",371985,2025-06-25 02:11:04,42.395938873291,-8.92062759399414,"Male"
"9004152",371985,2025-06-25 02:16:03,42.3959350585938,-8.92051410675049,"Male"
"9004152",371985,2025-06-25 02:21:03,42.3959541320801,-8.92065334320068,"Male"
"9004152",371985,2025-06-25 02:26:03,42.3959808349609,-8.92069435119629,"Male"
"9004152",371985,2025-06-25 02:31:04,42.3959693908691,-8.92067813873291,"Male"
"9004152",371985,2025-06-25 02:36:04,42.3959999084473,-8.9205322265625,"Male"
"9004152",371985,2025-06-25 02:41:06,42.3959770202637,-8.92058753967285,"Male"
"9004152",371985,2025-06-25 02:46:34,42.3959274291992,-8.92055225372314,"Male"
"9004152",371985,2025-06-25 02:51:04,42.3959808349609,-8.92055606842041,"Male"
"9004152",371985,2025-06-25 02:56:04,42.3958969116211,-8.92056274414062,"Male"
"9004152",371985,2025-06-25 03:01:03,42.395923614502,-8.920578956604,"Male"
"9004152",371985,2025-06-25 03:06:04,42.3959617614746,-8.9206371307373,"Male"
"9004152",371985,2025-06-25 03:11:03,42.3959884643555,-8.92069625854492,"Male"
"9004152",371985,2025-06-25 03:16:04,42.3959312438965,-8.92063140869141,"Male"
"9004152",371985,2025-06-25 03:21:03,42.3959312438965,-8.92056465148926,"Male"
"9004152",371985,2025-06-25 03:26:03,42.3959159851074,-8.92053985595703,"Male"
"9004152",371985,2025-06-25 03:31:04,42.3958969116211,-8.92053413391113,"Male"
"9004152",371985,2025-06-25 03:36:03,42.3959655761719,-8.92066383361816,"Male"
"9004152",371985,2025-06-25 03:41:07,42.395923614502,-8.92057991027832,"Male"
"9004152",371985,2025-06-25 03:46:03,42.3959503173828,-8.92064094543457,"Male"
"9004152",371985,2025-06-25 03:51:04,42.3959274291992,-8.92056083679199,"Male"
"9004152",371985,2025-06-25 03:56:03,42.3959426879883,-8.92067527770996,"Male"
"9004152",371985,2025-06-25 04:01:04,42.395923614502,-8.9205493927002,"Male"
"9004152",371985,2025-06-25 04:06:04,42.3959312438965,-8.92052936553955,"Male"
"9004152",371985,2025-06-25 04:11:04,42.3959655761719,-8.9205961227417,"Male"
"9004152",371985,2025-06-25 04:16:09,42.3959426879883,-8.92063045501709,"Male"
"9004152",371985,2025-06-25 04:21:09,42.3959350585938,-8.92062568664551,"Male"
"9004152",371985,2025-06-25 04:26:08,42.395923614502,-8.92070770263672,"Male"
"9004152",371985,2025-06-25 04:31:08,42.3959159851074,-8.92057037353516,"Male"
"9004152",371985,2025-06-25 04:36:15,42.3959617614746,-8.92056179046631,"Male"
"9004152",371985,2025-06-25 04:41:03,42.3960494995117,-8.92053031921387,"Male"
"9004152",371985,2025-06-25 04:46:03,42.3958892822266,-8.92037010192871,"Male"
"9004152",371985,2025-06-25 04:51:04,42.3959503173828,-8.9204158782959,"Male"
"9004152",371985,2025-06-25 04:56:04,42.3960380554199,-8.92036437988281,"Male"
"9004152",371985,2025-06-25 05:01:03,42.395938873291,-8.92055797576904,"Male"
"9004152",371985,2025-06-25 05:06:07,42.3959999084473,-8.92054462432861,"Male"
"9004152",371985,2025-06-25 05:11:07,42.3959693908691,-8.92052459716797,"Male"
"9004152",371985,2025-06-25 05:16:03,42.3956832885742,-8.92037773132324,"Male"
"9004152",371985,2025-06-25 05:21:03,42.395751953125,-8.92044925689697,"Male"
"9004152",371985,2025-06-25 05:26:03,42.3957023620605,-8.9203462600708,"Male"
"9004152",371985,2025-06-25 05:31:14,42.3958625793457,-8.9205493927002,"Male"
"9004152",371985,2025-06-25 05:36:03,42.3958282470703,-8.92044544219971,"Male"
"9004152",371985,2025-06-25 05:41:03,42.3947677612305,-8.91011714935303,"Male"
"9004152",371985,2025-06-25 05:46:03,42.3951416015625,-8.90868759155273,"Male"
"9004152",371985,2025-06-25 05:51:08,42.3949508666992,-8.90777206420898,"Male"
"9004152",371985,2025-06-25 05:56:03,42.4096298217773,-8.87516498565674,"Male"
"9004152",371985,2025-06-25 06:01:56,42.4106330871582,-8.87553977966309,"Male"
"9004152",371985,2025-06-25 06:07:09,42.4102363586426,-8.87543392181396,"Male"
"9004152",371985,2025-06-25 06:12:25,42.4105987548828,-8.87568664550781,"Male"
"9004152",371985,2025-06-25 06:36:05,42.4125900268555,-8.87694835662842,"Male"
"9004152",371985,2025-06-25 06:41:56,42.4131393432617,-8.8771505355835,"Male"
"9004152",371985,2025-06-25 06:47:16,42.4124641418457,-8.87746906280518,"Male"
"9004152",371985,2025-06-25 06:52:50,42.4124870300293,-8.8768367767334,"Male"
"9004152",371985,2025-06-25 06:59:14,42.4132919311523,-8.87751770019531,"Male"
"9004152",371985,2025-06-25 07:04:10,42.4133758544922,-8.87862873077393,"Male"
"9004152",371985,2025-06-25 07:09:25,42.413402557373,-8.8787088394165,"Male"
"9004152",371985,2025-06-25 07:14:16,42.4133758544922,-8.87875175476074,"Male"
"9004152",371985,2025-06-25 07:19:16,42.4134407043457,-8.87880229949951,"Male"
"9004152",371985,2025-06-25 07:24:20,42.4133491516113,-8.878737449646,"Male"
"9004152",371985,2025-06-25 07:29:20,42.4133796691895,-8.87876605987549,"Male"
"9004152",371985,2025-06-25 07:34:11,42.4133338928223,-8.87874603271484,"Male"
"9004152",371985,2025-06-25 07:39:35,42.4133644104004,-8.87870502471924,"Male"
"9004152",371985,2025-06-25 07:44:11,42.4133720397949,-8.87869453430176,"Male"
"9004152",371985,2025-06-25 07:49:11,42.4133377075195,-8.87867259979248,"Male"
"9004152",371985,2025-06-25 07:54:10,42.4133911132812,-8.87872314453125,"Male"
"9004152",371985,2025-06-25 07:59:11,42.4133567810059,-8.87875843048096,"Male"
"9004152",371985,2025-06-25 08:04:10,42.4133644104004,-8.87870979309082,"Male"
"9004152",371985,2025-06-25 08:09:10,42.4120941162109,-8.87689113616943,"Male"
"9004152",371985,2025-06-25 08:14:27,42.4117622375488,-8.8785982131958,"Male"
"9004152",371985,2025-06-25 08:19:58,42.4124183654785,-8.87755107879639,"Male"
"9004152",371985,2025-06-25 08:25:37,42.413215637207,-8.87813568115234,"Male"
"9004152",371985,2025-06-25 08:30:36,42.4128646850586,-8.87959003448486,"Male"
"9004152",371985,2025-06-25 08:36:00,42.4134941101074,-8.88134384155273,"Male"
"9004152",371985,2025-06-25 08:41:36,42.4143753051758,-8.88157272338867,"Male"
"9004152",371985,2025-06-25 08:46:36,42.4138107299805,-8.88143920898438,"Male"
"9004152",371985,2025-06-25 08:52:27,42.4128494262695,-8.88107872009277,"Male"
"9004152",371985,2025-06-25 08:57:30,42.4122657775879,-8.8800106048584,"Male"
"9004152",371985,2025-06-25 09:02:26,42.4122848510742,-8.87957763671875,"Male"
"9004152",371985,2025-06-25 09:08:15,42.4111747741699,-8.8791389465332,"Male"
"9004152",371985,2025-06-25 09:13:31,42.4108963012695,-8.87771892547607,"Male"
"9004152",371985,2025-06-25 09:18:33,42.4111976623535,-8.87706565856934,"Male"
"9004152",371985,2025-06-25 09:24:27,42.4125709533691,-8.87763690948486,"Male"
"9004152",371985,2025-06-25 09:29:33,42.4116020202637,-8.8767261505127,"Male"
"9004152",371985,2025-06-25 09:34:36,42.4114189147949,-8.87617588043213,"Male"
"9004152",371985,2025-06-25 09:39:49,42.4106712341309,-8.87706565856934,"Male"
"9004152",371985,2025-06-25 10:02:05,42.4126625061035,-8.87417888641357,"Male"
"9004152",371985,2025-06-25 10:11:44,42.414192199707,-8.87707233428955,"Male"
"9004152",371985,2025-06-25 10:16:49,42.4145126342773,-8.87795734405518,"Male"
"9004152",371985,2025-06-25 10:21:55,42.4144897460938,-8.87804317474365,"Male"
"9004152",371985,2025-06-25 10:27:05,42.414623260498,-8.87754917144775,"Male"
"9004152",371985,2025-06-25 10:31:45,42.414623260498,-8.87813949584961,"Male"
"9004152",371985,2025-06-25 10:36:55,42.4146347045898,-8.87754058837891,"Male"
"9004152",371985,2025-06-25 10:41:44,42.4146499633789,-8.87758255004883,"Male"
"9004152",371985,2025-06-25 10:46:49,42.4145660400391,-8.87662887573242,"Male"
"9004152",371985,2025-06-25 10:51:47,42.4145050048828,-8.87645435333252,"Male"
"9004152",371985,2025-06-25 10:56:46,42.4144630432129,-8.87640380859375,"Male"
"9004152",371985,2025-06-25 11:01:45,42.414680480957,-8.87701892852783,"Male"
"9004152",371985,2025-06-25 11:07:14,42.4145851135254,-8.87755012512207,"Male"
"9004152",371985,2025-06-25 11:11:43,42.414478302002,-8.87764453887939,"Male"
"9004152",371985,2025-06-25 11:16:47,42.4127388000488,-8.87570190429688,"Male"
"9004152",371985,2025-06-25 11:22:15,42.4128456115723,-8.87428665161133,"Male"
"9004152",371985,2025-06-25 11:28:17,42.4129486083984,-8.8726167678833,"Male"
"9004152",371985,2025-06-25 11:33:23,42.4122505187988,-8.87336444854736,"Male"
"9004152",371985,2025-06-25 11:38:36,42.4124908447266,-8.87221813201904,"Male"
"9004152",371985,2025-06-25 11:44:08,42.4122276306152,-8.8718433380127,"Male"
"9004152",371985,2025-06-25 11:50:59,42.4131774902344,-8.87157535552979,"Male"
"9004152",371985,2025-06-25 11:56:44,42.412296295166,-8.87209892272949,"Male"
"9004152",371985,2025-06-25 12:04:29,42.4112968444824,-8.87080669403076,"Male"
"9004152",371985,2025-06-25 12:08:14,42.4104385375977,-8.87132740020752,"Male"
"9004152",371985,2025-06-25 12:13:44,42.3985137939453,-8.85800361633301,"Male"
"9004152",371985,2025-06-25 12:18:14,42.3984794616699,-8.8579740524292,"Male"
"9004152",371985,2025-06-25 12:23:14,42.3984603881836,-8.8579740524292,"Male"
"9004152",371985,2025-06-25 12:28:15,42.3984870910645,-8.85801696777344,"Male"
"9004152",371985,2025-06-25 12:33:15,42.3985595703125,-8.85828876495361,"Male"
"9004152",371985,2025-06-25 12:38:15,42.3988151550293,-8.8581657409668,"Male"
"9004152",371985,2025-06-25 12:43:17,42.3986968994141,-8.85814666748047,"Male"
"9004152",371985,2025-06-25 12:48:44,42.3984298706055,-8.8581018447876,"Male"
"9004152",371985,2025-06-25 12:53:14,42.3985252380371,-8.85809135437012,"Male"
"9004152",371985,2025-06-25 12:58:15,42.3984260559082,-8.85807991027832,"Male"
"9004152",371985,2025-06-25 13:03:15,42.3984603881836,-8.85808849334717,"Male"
"9004152",371985,2025-06-25 13:08:14,42.3984413146973,-8.85808563232422,"Male"
"9004152",371985,2025-06-25 13:13:14,42.3985023498535,-8.85813140869141,"Male"
"9004152",371985,2025-06-25 13:18:13,42.3985252380371,-8.8581657409668,"Male"
"9004152",371985,2025-06-25 13:23:14,42.3985633850098,-8.85811328887939,"Male"
"9004152",371985,2025-06-25 13:28:17,42.3984298706055,-8.85804176330566,"Male"
"9004152",371985,2025-06-25 13:33:35,42.3984909057617,-8.85804557800293,"Male"
"9004152",371985,2025-06-25 13:38:14,42.3984756469727,-8.85809135437012,"Male"
"9004152",371985,2025-06-25 13:43:15,42.3984603881836,-8.85807418823242,"Male"
"9004152",371985,2025-06-25 13:48:14,42.3984680175781,-8.85800552368164,"Male"
"9004152",371985,2025-06-25 13:53:16,42.3984756469727,-8.85806751251221,"Male"
"9004152",371985,2025-06-25 13:58:14,42.3984718322754,-8.85797214508057,"Male"
"9004152",371985,2025-06-25 14:03:16,42.3985786437988,-8.85769557952881,"Male"
"9004152",371985,2025-06-25 14:08:14,42.3984413146973,-8.85793972015381,"Male"
"9004152",371985,2025-06-25 14:13:14,42.3985176086426,-8.85803699493408,"Male"
"9004152",371985,2025-06-25 14:18:35,42.3985176086426,-8.85794353485107,"Male"
"9004152",371985,2025-06-25 14:23:14,42.3984985351562,-8.85807037353516,"Male"
"9004152",371985,2025-06-25 14:28:14,42.3984413146973,-8.85816192626953,"Male"
"9004152",371985,2025-06-25 14:33:14,42.398551940918,-8.85801219940186,"Male"
"9004152",371985,2025-06-25 14:38:14,42.3984985351562,-8.85799503326416,"Male"
"9004152",371985,2025-06-25 14:43:14,42.3984985351562,-8.85807991027832,"Male"
"9004152",371985,2025-06-25 14:48:14,42.3985633850098,-8.8580436706543,"Male"
"9004152",371985,2025-06-25 14:53:14,42.3984870910645,-8.8580265045166,"Male"
"9004152",371985,2025-06-25 14:58:20,42.3984985351562,-8.85805988311768,"Male"
"9004152",371985,2025-06-25 15:03:14,42.3984107971191,-8.85798168182373,"Male"
"9004152",371985,2025-06-25 15:08:14,42.3985176086426,-8.85801601409912,"Male"
"9004152",371985,2025-06-25 15:13:20,42.3984832763672,-8.85798931121826,"Male"
"9004152",371985,2025-06-25 15:18:14,42.3985824584961,-8.85794830322266,"Male"
"9004152",371985,2025-06-25 15:23:14,42.398494720459,-8.85792541503906,"Male"
"9004152",371985,2025-06-25 15:28:14,42.3986358642578,-8.85820770263672,"Male"
"9004152",371985,2025-06-25 15:33:16,42.3985481262207,-8.85811519622803,"Male"
"9004152",371985,2025-06-25 15:38:18,42.3985748291016,-8.85808658599854,"Male"
"9004152",371985,2025-06-25 15:43:15,42.3984909057617,-8.85805606842041,"Male"
"9004152",371985,2025-06-25 15:48:15,42.3986663818359,-8.85807704925537,"Male"
"9004152",371985,2025-06-25 15:53:14,42.3983039855957,-8.85774040222168,"Male"
"9004152",371985,2025-06-25 15:58:14,42.3985328674316,-8.85798931121826,"Male"
"9004152",371985,2025-06-25 16:03:34,42.3985366821289,-8.85803699493408,"Male"
"9004152",371985,2025-06-25 16:08:14,42.3985176086426,-8.85800361633301,"Male"
"9004152",371985,2025-06-25 16:13:14,42.3986167907715,-8.85800457000732,"Male"
"9004152",371985,2025-06-25 16:18:13,42.3984069824219,-8.85827255249023,"Male"
"9004152",371985,2025-06-25 16:23:14,42.3984909057617,-8.85811805725098,"Male"
"9004152",371985,2025-06-25 16:28:14,42.3985748291016,-8.85795593261719,"Male"
"9004152",371985,2025-06-25 16:33:14,42.3984680175781,-8.85814380645752,"Male"
"9004152",371985,2025-06-25 16:38:15,42.3985290527344,-8.85797309875488,"Male"
"9004152",371985,2025-06-25 16:43:14,42.3985900878906,-8.85796356201172,"Male"
"9004152",371985,2025-06-25 16:48:15,42.3985786437988,-8.85795497894287,"Male"
"9004152",371985,2025-06-25 16:53:16,42.3984909057617,-8.85794925689697,"Male"
"9004152",371985,2025-06-25 16:58:15,42.3985023498535,-8.85802364349365,"Male"
"9004152",371985,2025-06-25 17:03:14,42.3985290527344,-8.85805225372314,"Male"
"9004152",371985,2025-06-25 17:08:22,42.398551940918,-8.85804176330566,"Male"
"9004152",371985,2025-06-25 17:13:30,42.3985404968262,-8.85785675048828,"Male"
"9004152",371985,2025-06-25 17:19:15,42.3984870910645,-8.8580961227417,"Male"
"9004152",371985,2025-06-25 17:23:13,42.3984184265137,-8.85819816589355,"Male"
"9004152",371985,2025-06-25 17:28:13,42.3984489440918,-8.85814476013184,"Male"
"9004152",371985,2025-06-25 17:33:13,42.3984489440918,-8.85814666748047,"Male"
"9004152",371985,2025-06-25 17:38:14,42.3983955383301,-8.85826778411865,"Male"
"9004152",371985,2025-06-25 17:43:14,42.3984298706055,-8.85828304290771,"Male"
"9004152",371985,2025-06-25 17:48:25,42.4091186523438,-8.86992740631104,"Male"
"9004152",371985,2025-06-25 17:53:32,42.409969329834,-8.87066078186035,"Male"
"9004152",371985,2025-06-25 17:58:37,42.4105606079102,-8.87098693847656,"Male"
"9004152",371985,2025-06-25 18:06:20,42.4117622375488,-8.87204837799072,"Male"
"9004152",371985,2025-06-25 18:11:59,42.4107360839844,-8.87183284759521,"Male"
"9004152",371985,2025-06-25 18:17:17,42.4097709655762,-8.87132930755615,"Male"
"9004152",371985,2025-06-25 18:22:17,42.4103469848633,-8.87211608886719,"Male"
"9004152",371985,2025-06-25 18:27:30,42.4101333618164,-8.87294387817383,"Male"
"9004152",371985,2025-06-25 18:32:51,42.4106483459473,-8.87432384490967,"Male"
"9004152",371985,2025-06-25 18:38:21,42.4107818603516,-8.87574672698975,"Male"
"9004152",371985,2025-06-25 18:43:21,42.4105644226074,-8.87759399414062,"Male"
"9004152",371985,2025-06-25 18:48:25,42.4097328186035,-8.8787317276001,"Male"
"9004152",371985,2025-06-25 18:53:23,42.409351348877,-8.87990474700928,"Male"
"9004152",371985,2025-06-25 18:58:23,42.4007949829102,-8.91814136505127,"Male"
"9004152",371985,2025-06-25 19:03:44,42.3981094360352,-8.92049312591553,"Male"
"9004152",371985,2025-06-25 19:08:23,42.3980979919434,-8.92041301727295,"Male"
"9004152",371985,2025-06-25 19:13:24,42.3980865478516,-8.92049789428711,"Male"
"9004152",371985,2025-06-25 19:18:23,42.3981170654297,-8.92046928405762,"Male"
"9004152",371985,2025-06-25 19:23:23,42.3980026245117,-8.92057514190674,"Male"
"9004152",371985,2025-06-25 19:28:23,42.3980979919434,-8.92045402526855,"Male"
"9004152",371985,2025-06-25 19:33:23,42.3959159851074,-8.92058086395264,"Male"
"9004152",371985,2025-06-25 19:38:23,42.3959045410156,-8.92063236236572,"Male"
"9004152",371985,2025-06-25 19:43:23,42.3958969116211,-8.92053699493408,"Male"
"9004152",371985,2025-06-25 19:48:43,42.3958854675293,-8.92063045501709,"Male"
"9004152",371985,2025-06-25 19:53:23,42.3958778381348,-8.92055320739746,"Male"
"9004152",371985,2025-06-25 19:58:23,42.3959045410156,-8.92062759399414,"Male"
"9004152",371985,2025-06-25 20:03:23,42.3959083557129,-8.92065811157227,"Male"
"9004152",371985,2025-06-25 20:08:23,42.395923614502,-8.92062282562256,"Male"
"9004152",371985,2025-06-25 20:13:23,42.3959045410156,-8.92059516906738,"Male"
"9004152",371985,2025-06-25 20:18:26,42.3960151672363,-8.92074775695801,"Male"
"9004152",371985,2025-06-25 20:23:24,42.3960342407227,-8.92080307006836,"Male"
"9004152",371985,2025-06-25 20:28:23,42.3960418701172,-8.92071914672852,"Male"
"9004152",371985,2025-06-25 20:33:23,42.3959808349609,-8.92072296142578,"Male"
"9004152",371985,2025-06-25 20:38:27,42.3960990905762,-8.92096996307373,"Male"
"9004152",371985,2025-06-25 20:43:26,42.3960151672363,-8.92081165313721,"Male"
"9004152",371985,2025-06-25 20:48:59,42.3958892822266,-8.92055892944336,"Male"
"9004152",371985,2025-06-25 20:53:23,42.3958168029785,-8.92056846618652,"Male"
"9004152",371985,2025-06-25 20:58:24,42.3958168029785,-8.92054271697998,"Male"
"9004152",371985,2025-06-25 21:03:25,42.3957977294922,-8.92053413391113,"Male"
"9004152",371985,2025-06-25 21:09:09,42.3960418701172,-8.92063236236572,"Male"
"9004152",371985,2025-06-25 21:14:13,42.3959083557129,-8.92059421539307,"Male"
"9004152",371985,2025-06-25 21:18:47,42.3959007263184,-8.92057514190674,"Male"
"9004152",371985,2025-06-25 21:23:47,42.3959274291992,-8.92061710357666,"Male"
"9004152",371985,2025-06-25 21:28:47,42.395824432373,-8.9206018447876,"Male"
"9004152",371985,2025-06-25 21:33:47,42.3959274291992,-8.92057132720947,"Male"
"9004152",371985,2025-06-25 21:38:48,42.3959999084473,-8.92051601409912,"Male"
"9004152",371985,2025-06-25 21:43:48,42.3959312438965,-8.92033290863037,"Male"
"9004152",371985,2025-06-25 21:49:23,42.3959159851074,-8.92055320739746,"Male"
"9004152",371985,2025-06-25 21:53:47,42.3958778381348,-8.92058563232422,"Male"
"9004152",371985,2025-06-25 21:58:47,42.3959045410156,-8.92061519622803,"Male"
"9004152",371985,2025-06-25 22:03:47,42.3958625793457,-8.92062568664551,"Male"
"9004152",371985,2025-06-25 22:08:47,42.3959197998047,-8.92053318023682,"Male"
"9004152",371985,2025-06-25 22:13:47,42.395809173584,-8.920654296875,"Male"
"9004152",371985,2025-06-25 22:18:47,42.3958625793457,-8.92053031921387,"Male"
"9004152",371985,2025-06-25 22:23:47,42.3958740234375,-8.92053413391113,"Male"
"9004152",371985,2025-06-25 22:28:47,42.3958854675293,-8.92058849334717,"Male"
"9004152",371985,2025-06-25 22:33:47,42.3958320617676,-8.92055130004883,"Male"
"9004152",371985,2025-06-25 22:38:48,42.3958854675293,-8.92057228088379,"Male"
"9004152",371985,2025-06-25 22:43:47,42.3958930969238,-8.92056560516357,"Male"
"9004152",371985,2025-06-25 22:48:47,42.3959121704102,-8.92056465148926,"Male"
"9004152",371985,2025-06-25 22:53:47,42.395824432373,-8.92057800292969,"Male"
"9004152",371985,2025-06-25 22:58:47,42.395881652832,-8.92055225372314,"Male"
"9004152",371985,2025-06-25 23:03:47,42.3959197998047,-8.92055130004883,"Male"
"9004152",371985,2025-06-25 23:08:47,42.3958549499512,-8.92057037353516,"Male"
"9004152",371985,2025-06-25 23:13:47,42.395938873291,-8.92063045501709,"Male"
"9004152",371985,2025-06-25 23:18:47,42.3959159851074,-8.92059803009033,"Male"
"9004152",371985,2025-06-25 23:23:47,42.3959350585938,-8.92057991027832,"Male"
"9004152",371985,2025-06-25 23:28:47,42.3959083557129,-8.92059993743896,"Male"
"9004152",371985,2025-06-25 23:33:48,42.3959274291992,-8.92061233520508,"Male"
"9004152",371985,2025-06-25 23:38:48,42.3959884643555,-8.92059421539307,"Male"
"9004152",371985,2025-06-25 23:43:47,42.3958549499512,-8.9205904006958,"Male"
"9004152",371985,2025-06-25 23:48:47,42.3958282470703,-8.9205436706543,"Male"
"9004152",371985,2025-06-25 23:53:47,42.3958473205566,-8.92052173614502,"Male"
"9004152",371985,2025-06-25 23:58:47,42.395824432373,-8.92055892944336,"Male"
"9004152",371985,2025-06-26 00:03:47,42.3958587646484,-8.9205265045166,"Male"
"9004152",371985,2025-06-26 00:08:47,42.3958511352539,-8.92054557800293,"Male"
"9004152",371985,2025-06-26 00:14:09,42.3958740234375,-8.92061424255371,"Male"
"9004152",371985,2025-06-26 00:19:01,42.3958473205566,-8.92061519622803,"Male"
"9004152",371985,2025-06-26 00:24:01,42.3959007263184,-8.92067050933838,"Male"
"9004152",371985,2025-06-26 00:29:01,42.395866394043,-8.92065811157227,"Male"
"9004152",371985,2025-06-26 00:34:05,42.3959350585938,-8.92069435119629,"Male"
"9004152",371985,2025-06-26 00:39:01,42.3958892822266,-8.92071723937988,"Male"
"9004152",371985,2025-06-26 00:44:02,42.3959121704102,-8.9207010269165,"Male"
"9004152",371985,2025-06-26 00:49:14,42.3958892822266,-8.92057609558105,"Male"
"9004152",371985,2025-06-26 00:53:47,42.3960151672363,-8.9204626083374,"Male"
"9004152",371985,2025-06-26 00:58:48,42.3960418701172,-8.92041778564453,"Male"
"9004152",371985,2025-06-26 01:03:47,42.3958778381348,-8.92063617706299,"Male"
"9004152",371985,2025-06-26 01:08:47,42.3959846496582,-8.92059898376465,"Male"
"9004152",371985,2025-06-26 01:13:50,42.3956642150879,-8.92094993591309,"Male"
"9004152",371985,2025-06-26 01:18:47,42.3959808349609,-8.92052841186523,"Male"
"9004152",371985,2025-06-26 01:23:47,42.3957176208496,-8.92086219787598,"Male"
"9004152",371985,2025-06-26 01:28:51,42.3963050842285,-8.92032527923584,"Male"
"9004152",371985,2025-06-26 01:33:54,42.3959541320801,-8.92061805725098,"Male"
"9004152",371985,2025-06-26 01:38:49,42.3961524963379,-8.92057228088379,"Male"
"9004152",371985,2025-06-26 01:43:51,42.3965263366699,-8.92022705078125,"Male"
"9004152",371985,2025-06-26 01:49:14,42.3959083557129,-8.92055797576904,"Male"
"9004152",371985,2025-06-26 01:53:47,42.3959045410156,-8.92056465148926,"Male"
"9004152",371985,2025-06-26 01:58:48,42.3959846496582,-8.92064571380615,"Male"
"9004152",371985,2025-06-26 02:03:51,42.3962707519531,-8.92020702362061,"Male"
"9004152",371985,2025-06-26 02:08:54,42.3961372375488,-8.92043018341064,"Male"
"9004152",371985,2025-06-26 02:14:00,42.3959846496582,-8.92063045501709,"Male"
"9004152",371985,2025-06-26 02:19:00,42.3964385986328,-8.92027950286865,"Male"
"9004152",371985,2025-06-26 02:24:00,42.3961067199707,-8.92037200927734,"Male"
"9004152",371985,2025-06-26 02:29:00,42.3962783813477,-8.92044258117676,"Male"
"9004152",371985,2025-06-26 02:34:00,42.3959465026855,-8.92059135437012,"Male"
"9004152",371985,2025-06-26 02:39:00,42.3960800170898,-8.92050552368164,"Male"
"9004152",371985,2025-06-26 02:44:00,42.395866394043,-8.92068099975586,"Male"
"9004152",371985,2025-06-26 02:49:16,42.3959503173828,-8.92050647735596,"Male"
"9004152",371985,2025-06-26 02:53:51,42.3958435058594,-8.92029666900635,"Male"
"9004152",371985,2025-06-26 02:58:48,42.3958435058594,-8.9207010269165,"Male"
"9004152",371985,2025-06-26 03:03:51,42.3957443237305,-8.9204044342041,"Male"
"9004152",371985,2025-06-26 03:08:53,42.3957595825195,-8.92038154602051,"Male"
"9004152",371985,2025-06-26 03:13:52,42.3959922790527,-8.92047309875488,"Male"
"9004152",371985,2025-06-26 03:18:52,42.3958892822266,-8.9203987121582,"Male"
"9004152",371985,2025-06-26 03:24:20,42.3960304260254,-8.92047500610352,"Male"
"9004152",371985,2025-06-26 03:28:48,42.3959999084473,-8.92045211791992,"Male"
"9004152",371985,2025-06-26 03:33:48,42.3960037231445,-8.92046546936035,"Male"
"9004152",371985,2025-06-26 03:38:48,42.3959312438965,-8.92049217224121,"Male"
"9004152",371985,2025-06-26 03:43:47,42.3959655761719,-8.92052268981934,"Male"
"9004152",371985,2025-06-26 03:48:47,42.3960151672363,-8.92051696777344,"Male"
"9004152",371985,2025-06-26 03:53:47,42.3959922790527,-8.9205493927002,"Male"
"9004152",371985,2025-06-26 03:58:47,42.395923614502,-8.92052459716797,"Male"
"9004152",371985,2025-06-26 04:03:47,42.3958396911621,-8.92063426971436,"Male"
"9004152",371985,2025-06-26 04:08:47,42.3959770202637,-8.92057514190674,"Male"
"9004152",371985,2025-06-26 04:13:47,42.3959617614746,-8.92062568664551,"Male"
"9004152",371985,2025-06-26 04:18:54,42.3957977294922,-8.92074584960938,"Male"
"9004152",371985,2025-06-26 04:23:47,42.3959045410156,-8.92060089111328,"Male"
"9004152",371985,2025-06-26 04:28:49,42.3957633972168,-8.92074966430664,"Male"
"9004152",371985,2025-06-26 04:33:50,42.3956985473633,-8.92083072662354,"Male"
"9004152",371985,2025-06-26 04:39:06,42.3957176208496,-8.9207763671875,"Male"
"9004152",371985,2025-06-26 04:43:49,42.3958396911621,-8.9206371307373,"Male"
"9004152",371985,2025-06-26 04:48:59,42.3957824707031,-8.92072677612305,"Male"
"9004152",371985,2025-06-26 04:53:53,42.3958053588867,-8.92068862915039,"Male"
"9004152",371985,2025-06-26 04:58:47,42.3958625793457,-8.92066478729248,"Male"
"9004152",371985,2025-06-26 05:03:48,42.3958625793457,-8.92057037353516,"Male"
"9004152",371985,2025-06-26 05:08:48,42.3959045410156,-8.92074108123779,"Male"
"9004152",371985,2025-06-26 05:13:50,42.3958625793457,-8.9206657409668,"Male"
"9004152",371985,2025-06-26 05:18:49,42.3959007263184,-8.92073535919189,"Male"
"9004152",371985,2025-06-26 05:23:48,42.3959197998047,-8.92071914672852,"Male"
"9004152",371985,2025-06-26 05:29:13,42.3975143432617,-8.92024707794189,"Male"
"9004152",371985,2025-06-26 05:33:47,42.3975143432617,-8.9202184677124,"Male"
"9004152",371985,2025-06-26 05:38:47,42.3975372314453,-8.92024612426758,"Male"
"9004152",371985,2025-06-26 05:43:47,42.397533416748,-8.92019081115723,"Male"
"9004152",371985,2025-06-26 05:49:14,42.3975639343262,-8.92026519775391,"Male"
"9004152",371985,2025-06-26 05:53:47,42.3975868225098,-8.92030048370361,"Male"
"9004152",371985,2025-06-26 05:58:47,42.397216796875,-8.91991806030273,"Male"
"9004152",371985,2025-06-26 06:03:49,42.3975830078125,-8.92022037506104,"Male"
"9004152",371985,2025-06-26 06:08:47,42.3975448608398,-8.92026615142822,"Male"
"9004152",371985,2025-06-26 06:13:48,42.397647857666,-8.92042064666748,"Male"
"9004152",371985,2025-06-26 06:18:49,42.3976821899414,-8.92031574249268,"Male"
"9004152",371985,2025-06-26 06:23:48,42.3974990844727,-8.92013454437256,"Male"
"9004152",371985,2025-06-26 06:28:50,42.3975791931152,-8.9204740524292,"Male"
"9004152",371985,2025-06-26 06:34:12,42.3975219726562,-8.92025947570801,"Male"
"9004152",371985,2025-06-26 06:39:13,42.397590637207,-8.9201717376709,"Male"
"9004152",371985,2025-06-26 06:43:52,42.3976058959961,-8.92003917694092,"Male"
"9004152",371985,2025-06-26 06:48:58,42.3976135253906,-8.92029476165771,"Male"
"9004152",371985,2025-06-26 06:53:49,42.3976554870605,-8.92097759246826,"Male"
"9004152",371985,2025-06-26 06:58:54,42.3955039978027,-8.91154384613037,"Male"
"9004152",371985,2025-06-26 07:03:58,42.3970108032227,-8.90233421325684,"Male"
"9004152",371985,2025-06-26 07:11:39,42.3992614746094,-8.90089225769043,"Male"
"9004152",371985,2025-06-26 07:17:00,42.3994941711426,-8.89993286132812,"Male"
"9004152",371985,2025-06-26 07:22:09,42.3999404907227,-8.90128326416016,"Male"
"9004152",371985,2025-06-26 07:27:30,42.397647857666,-8.89240455627441,"Male"
"9004152",371985,2025-06-26 07:32:53,42.397144317627,-8.87732124328613,"Male"
"9004152",371985,2025-06-26 07:37:43,42.4101257324219,-8.87081241607666,"Male"
"9004152",371985,2025-06-26 07:42:43,42.4110488891602,-8.87142562866211,"Male"
"9004152",371985,2025-06-26 07:47:52,42.4112777709961,-8.87132930755615,"Male"
"9004152",371985,2025-06-26 07:53:33,42.411319732666,-8.87154960632324,"Male"
"9004152",371985,2025-06-26 07:58:37,42.4120330810547,-8.87190818786621,"Male"
"9004152",371985,2025-06-26 08:29:58,42.4114036560059,-8.87744140625,"Male"
"9004152",371985,2025-06-26 08:36:38,42.4121971130371,-8.87832546234131,"Male"
"9004152",371985,2025-06-26 08:42:59,42.4122047424316,-8.87755680084229,"Male"
"9004152",371985,2025-06-26 08:59:50,42.4109230041504,-8.87671184539795,"Male"
"9004152",371985,2025-06-26 09:04:51,42.411060333252,-8.87576293945312,"Male"
"9004152",371985,2025-06-26 09:11:04,42.4097671508789,-8.87483310699463,"Male"
"9004152",371985,2025-06-26 09:21:13,42.4102058410645,-8.8746223449707,"Male"
"9004152",371985,2025-06-26 09:26:32,42.4113311767578,-8.87447834014893,"Male"
"9004152",371985,2025-06-26 09:31:42,42.411750793457,-8.87389659881592,"Male"
"9004152",371985,2025-06-26 09:37:04,42.4124450683594,-8.8713207244873,"Male"
"9004152",371985,2025-06-26 09:41:39,42.4117164611816,-8.87133026123047,"Male"
"9004152",371985,2025-06-26 09:47:05,42.4128837585449,-8.87134552001953,"Male"
"9004152",371985,2025-06-26 09:51:29,42.4128913879395,-8.87127017974854,"Male"
"9004152",371985,2025-06-26 09:56:31,42.4129447937012,-8.87125587463379,"Male"
"9004152",371985,2025-06-26 10:01:31,42.4128189086914,-8.87137317657471,"Male"
"9004152",371985,2025-06-26 10:06:31,42.4130210876465,-8.87109661102295,"Male"
"9004152",371985,2025-06-26 10:11:30,42.4130516052246,-8.87100315093994,"Male"
"9004152",371985,2025-06-26 10:16:30,42.4128875732422,-8.87118625640869,"Male"
"9004152",371985,2025-06-26 10:21:29,42.4127578735352,-8.87146759033203,"Male"
"9004152",371985,2025-06-26 10:26:29,42.412914276123,-8.87110710144043,"Male"
"9004152",371985,2025-06-26 10:31:30,42.4128646850586,-8.87123870849609,"Male"
"9004152",371985,2025-06-26 10:36:29,42.4127159118652,-8.87158966064453,"Male"
"9004152",371985,2025-06-26 10:41:29,42.4128303527832,-8.87115097045898,"Male"
"9004152",371985,2025-06-26 10:46:29,42.4128952026367,-8.87138557434082,"Male"
"9004152",371985,2025-06-26 10:51:29,42.4128952026367,-8.87112236022949,"Male"
"9004152",371985,2025-06-26 10:56:29,42.4129180908203,-8.8714427947998,"Male"
"9004152",371985,2025-06-26 11:01:29,42.412899017334,-8.87122535705566,"Male"
"9004152",371985,2025-06-26 11:06:29,42.4128570556641,-8.87111759185791,"Male"
"9004152",371985,2025-06-26 11:11:29,42.412899017334,-8.87132740020752,"Male"
"9004152",371985,2025-06-26 11:16:29,42.4128646850586,-8.8711462020874,"Male"
"9004152",371985,2025-06-26 11:21:29,42.4128303527832,-8.87118053436279,"Male"
"9004152",371985,2025-06-26 11:26:30,42.4120407104492,-8.87084007263184,"Male"
"9004152",371985,2025-06-26 11:31:46,42.4114112854004,-8.87203598022461,"Male"
"9004152",371985,2025-06-26 11:37:24,42.4111404418945,-8.87154102325439,"Male"
"9004152",371985,2025-06-26 11:43:57,42.4106254577637,-8.87108421325684,"Male"
"9004152",371985,2025-06-26 12:20:40,42.4103965759277,-8.87257862091064,"Male"
"9004152",371985,2025-06-26 12:26:39,42.4107818603516,-8.8713493347168,"Male"
"9004152",371985,2025-06-26 12:31:38,42.411808013916,-8.87093544006348,"Male"
"9004152",371985,2025-06-26 12:37:04,42.4118385314941,-8.87084579467773,"Male"
"9004152",371985,2025-06-26 12:42:09,42.4126243591309,-8.87174129486084,"Male"
"9004152",371985,2025-06-26 13:19:15,42.4141731262207,-8.87131500244141,"Male"
"9004152",371985,2025-06-26 13:24:05,42.4136238098145,-8.87166118621826,"Male"
"9004152",371985,2025-06-26 13:28:39,42.413631439209,-8.87170219421387,"Male"
"9004152",371985,2025-06-26 13:33:38,42.4135780334473,-8.87164497375488,"Male"
"9004152",371985,2025-06-26 13:38:38,42.4136123657227,-8.87168884277344,"Male"
"9004152",371985,2025-06-26 13:43:38,42.4147987365723,-8.87746906280518,"Male"
"9004152",371985,2025-06-26 13:48:38,42.4149017333984,-8.87749195098877,"Male"
"9004152",371985,2025-06-26 13:53:38,42.4148635864258,-8.87758350372314,"Male"
"9004152",371985,2025-06-26 13:58:39,42.414924621582,-8.87761306762695,"Male"
"9004152",371985,2025-06-26 14:03:38,42.4148750305176,-8.87757396697998,"Male"
"9004152",371985,2025-06-26 14:08:38,42.4149169921875,-8.87759494781494,"Male"
"9004152",371985,2025-06-26 14:13:39,42.4149589538574,-8.87772369384766,"Male"
"9004152",371985,2025-06-26 14:19:05,42.4147682189941,-8.87755012512207,"Male"
"9004152",371985,2025-06-26 14:23:39,42.4150009155273,-8.87799167633057,"Male"
"9004152",371985,2025-06-26 14:28:38,42.4149513244629,-8.87813472747803,"Male"
"9004152",371985,2025-06-26 14:33:38,42.4149360656738,-8.87812900543213,"Male"
"9004152",371985,2025-06-26 14:38:38,42.4149284362793,-8.87810802459717,"Male"
"9004152",371985,2025-06-26 14:43:38,42.4149551391602,-8.87812614440918,"Male"
"9004152",371985,2025-06-26 14:48:38,42.4149398803711,-8.8781566619873,"Male"
"9004152",371985,2025-06-26 14:53:38,42.414924621582,-8.87810611724854,"Male"
"9004152",371985,2025-06-26 14:58:39,42.4150085449219,-8.87814903259277,"Male"
"9004152",371985,2025-06-26 15:03:38,42.4149398803711,-8.87809181213379,"Male"
"9004152",371985,2025-06-26 15:08:38,42.4150009155273,-8.87815761566162,"Male"
"9004152",371985,2025-06-26 15:13:40,42.4149627685547,-8.87809658050537,"Male"
"9004152",371985,2025-06-26 15:19:04,42.4149475097656,-8.87808418273926,"Male"
"9004152",371985,2025-06-26 15:23:38,42.4150047302246,-8.87813472747803,"Male"
"9004152",371985,2025-06-26 15:28:38,42.4149742126465,-8.87818241119385,"Male"
"9004152",371985,2025-06-26 15:33:39,42.4149703979492,-8.87811946868896,"Male"
"9004152",371985,2025-06-26 15:38:38,42.4149513244629,-8.87807846069336,"Male"
"9004152",371985,2025-06-26 15:43:38,42.4149360656738,-8.87803745269775,"Male"
"9004152",371985,2025-06-26 15:48:39,42.4150428771973,-8.87814426422119,"Male"
"9004152",371985,2025-06-26 15:54:23,42.4116363525391,-8.87351131439209,"Male"
"9004152",371985,2025-06-26 15:59:50,42.4116706848145,-8.87091732025146,"Male"
"9004152",371985,2025-06-26 16:05:05,42.4107818603516,-8.8703145980835,"Male"
"9004152",371985,2025-06-26 16:10:07,42.4099578857422,-8.86975288391113,"Male"
"9004152",371985,2025-06-26 16:16:00,42.4104652404785,-8.8704252243042,"Male"
"9004152",371985,2025-06-26 16:22:52,42.4099197387695,-8.87048625946045,"Male"
"9004152",371985,2025-06-26 16:27:45,42.4140472412109,-8.87370872497559,"Male"
"9004152",371985,2025-06-26 16:32:57,42.414005279541,-8.87363910675049,"Male"
"9004152",371985,2025-06-26 16:38:04,42.4140014648438,-8.87372493743896,"Male"
"9004152",371985,2025-06-26 16:42:45,42.4139785766602,-8.87364768981934,"Male"
"9004152",371985,2025-06-26 16:47:48,42.413890838623,-8.87366008758545,"Male"
"9004152",371985,2025-06-26 16:52:51,42.4140319824219,-8.87365245819092,"Male"
"9004152",371985,2025-06-26 16:57:46,42.4140357971191,-8.87375164031982,"Male"
"9004152",371985,2025-06-26 17:02:45,42.4139862060547,-8.87359714508057,"Male"
"9004152",371985,2025-06-26 17:07:45,42.4140205383301,-8.87372779846191,"Male"
"9004152",371985,2025-06-26 17:12:47,42.413932800293,-8.87368869781494,"Male"
"9004152",371985,2025-06-26 17:17:54,42.4139862060547,-8.8736400604248,"Male"
"9004152",371985,2025-06-26 17:22:47,42.414665222168,-8.87387657165527,"Male"
"9004152",371985,2025-06-26 17:27:46,42.413948059082,-8.87377548217773,"Male"
"9004152",371985,2025-06-26 17:32:46,42.4127426147461,-8.87390804290771,"Male"
"9004152",371985,2025-06-26 17:38:23,42.4120674133301,-8.87157154083252,"Male"
"9004152",371985,2025-06-26 17:43:36,42.4113121032715,-8.8702335357666,"Male"
"9004152",371985,2025-06-26 17:48:41,42.410472869873,-8.87024021148682,"Male"
"9004152",371985,2025-06-26 17:54:25,42.410327911377,-8.87058162689209,"Male"
"9004152",371985,2025-06-26 17:59:29,42.4108657836914,-8.87114810943604,"Male"
"9004152",371985,2025-06-26 18:05:10,42.4112319946289,-8.87059688568115,"Male"
"9004152",371985,2025-06-26 18:10:40,42.4102325439453,-8.87022495269775,"Male"
"9004152",371985,2025-06-26 18:15:39,42.4094009399414,-8.87025165557861,"Male"
"9004152",371985,2025-06-26 18:21:05,42.4019737243652,-8.89659404754639,"Male"
"9004152",371985,2025-06-26 18:25:37,42.3958892822266,-8.92051410675049,"Male"
"9004152",371985,2025-06-26 18:30:37,42.3960227966309,-8.92071628570557,"Male"
"9004152",371985,2025-06-26 18:35:38,42.3958892822266,-8.92084121704102,"Male"
"9004152",371985,2025-06-26 18:40:37,42.3958358764648,-8.92079830169678,"Male"
"9004152",371985,2025-06-26 18:45:37,42.3959197998047,-8.9207010269165,"Male"
"9004152",371985,2025-06-26 18:50:37,42.3958892822266,-8.9206714630127,"Male"
"9004152",371985,2025-06-26 18:55:37,42.3958206176758,-8.92072010040283,"Male"
"9004152",371985,2025-06-26 19:00:37,42.3958206176758,-8.92067241668701,"Male"
"9004152",371985,2025-06-26 19:05:37,42.3958473205566,-8.92062187194824,"Male"
"9004152",371985,2025-06-26 19:10:37,42.3958511352539,-8.92067623138428,"Male"
"9004152",371985,2025-06-26 19:15:37,42.3958587646484,-8.92061614990234,"Male"
"9004152",371985,2025-06-26 19:20:37,42.3958892822266,-8.92064189910889,"Male"
"9004152",371985,2025-06-26 19:25:37,42.3958778381348,-8.92059326171875,"Male"
"9004152",371985,2025-06-26 19:30:38,42.3959274291992,-8.92052459716797,"Male"
"9004152",371985,2025-06-26 19:35:37,42.3959007263184,-8.92071437835693,"Male"
"9004152",371985,2025-06-26 19:40:37,42.3958473205566,-8.92064189910889,"Male"
"9004152",371985,2025-06-26 19:45:37,42.3959312438965,-8.92064666748047,"Male"
"9004152",371985,2025-06-26 19:50:37,42.3959007263184,-8.92061328887939,"Male"
"9004152",371985,2025-06-26 19:55:37,42.3958778381348,-8.92059326171875,"Male"
"9004152",371985,2025-06-26 20:00:37,42.395866394043,-8.92064476013184,"Male"
"9004152",371985,2025-06-26 20:05:37,42.3958740234375,-8.92062091827393,"Male"
"9004152",371985,2025-06-26 20:10:37,42.3959007263184,-8.92057228088379,"Male"
"9004152",371985,2025-06-26 20:15:37,42.3958969116211,-8.9206075668335,"Male"
"9004152",371985,2025-06-26 20:20:37,42.395881652832,-8.92053318023682,"Male"
"9004152",371985,2025-06-26 20:25:37,42.3959083557129,-8.92063999176025,"Male"
"9004152",371985,2025-06-26 20:30:37,42.3958549499512,-8.92054748535156,"Male"
"9004152",371985,2025-06-26 20:35:37,42.3959197998047,-8.9206075668335,"Male"
"9004152",371985,2025-06-26 20:40:37,42.3959083557129,-8.92056083679199,"Male"
"9004152",371985,2025-06-26 20:45:37,42.3958549499512,-8.92051887512207,"Male"
"9004152",371985,2025-06-26 20:50:37,42.3958740234375,-8.92054557800293,"Male"
"9004152",371985,2025-06-26 20:55:37,42.3958053588867,-8.92050552368164,"Male"
"9004152",371985,2025-06-26 21:00:37,42.3959197998047,-8.92067241668701,"Male"
"9004152",371985,2025-06-26 21:05:37,42.3957672119141,-8.92051315307617,"Male"
"9004152",371985,2025-06-26 21:10:39,42.3958930969238,-8.92051696777344,"Male"
"9004152",371985,2025-06-26 21:15:38,42.3959617614746,-8.92053031921387,"Male"
"9004152",371985,2025-06-26 21:20:37,42.3958625793457,-8.92059516906738,"Male"
"9004152",371985,2025-06-26 21:26:05,42.395923614502,-8.92055320739746,"Male"
"9004152",371985,2025-06-26 21:30:37,42.3958740234375,-8.92053890228271,"Male"
"9004152",371985,2025-06-26 21:35:37,42.3959159851074,-8.9205904006958,"Male"
"9004152",371985,2025-06-26 21:40:37,42.3960189819336,-8.92053127288818,"Male"
"9004152",371985,2025-06-26 21:45:37,42.3959007263184,-8.92055988311768,"Male"
"9004152",371985,2025-06-26 21:50:37,42.3959045410156,-8.92056941986084,"Male"
"9004152",371985,2025-06-26 21:55:37,42.3959159851074,-8.92049217224121,"Male"
"9004152",371985,2025-06-26 22:00:39,42.3958625793457,-8.92055892944336,"Male"
"9004152",371985,2025-06-26 22:05:38,42.3958168029785,-8.92057991027832,"Male"
"9004152",371985,2025-06-26 22:10:38,42.3958740234375,-8.92054462432861,"Male"
"9004152",371985,2025-06-26 22:15:38,42.3960113525391,-8.92050743103027,"Male"
"9004152",371985,2025-06-26 22:20:38,42.3958587646484,-8.92057800292969,"Male"
"9004152",371985,2025-06-26 22:25:42,42.395881652832,-8.92061805725098,"Male"
"9004152",371985,2025-06-26 22:30:38,42.395923614502,-8.92061138153076,"Male"
"9004152",371985,2025-06-26 22:35:38,42.3956413269043,-8.92061901092529,"Male"
"9004152",371985,2025-06-26 22:40:38,42.3959121704102,-8.92059421539307,"Male"
"9004152",371985,2025-06-26 22:45:39,42.3958511352539,-8.92054557800293,"Male"
"9004152",371985,2025-06-26 22:50:38,42.3957939147949,-8.92058944702148,"Male"
"9004152",371985,2025-06-26 22:55:38,42.3959999084473,-8.92057228088379,"Male"
"9004152",371985,2025-06-26 23:00:39,42.3957824707031,-8.9205961227417,"Male"
"9004152",371985,2025-06-26 23:05:41,42.3960113525391,-8.92061710357666,"Male"
"9004152",371985,2025-06-26 23:10:41,42.3959922790527,-8.92060852050781,"Male"
"9004152",371985,2025-06-26 23:15:42,42.3959312438965,-8.92056941986084,"Male"
"9004152",371985,2025-06-26 23:20:41,42.3960494995117,-8.92058563232422,"Male"
"9004152",371985,2025-06-26 23:25:40,42.3958854675293,-8.92055320739746,"Male"
"9004152",371985,2025-06-26 23:30:41,42.3959770202637,-8.92064094543457,"Male"
"9004152",371985,2025-06-26 23:35:46,42.3958854675293,-8.92059516906738,"Male"
"9004152",371985,2025-06-26 23:40:43,42.395923614502,-8.92059707641602,"Male"
"9004152",371985,2025-06-26 23:45:39,42.39599609375,-8.92063999176025,"Male"
"9004152",371985,2025-06-26 23:50:38,42.3959121704102,-8.92061996459961,"Male"
"9004152",371985,2025-06-26 23:55:38,42.3959465026855,-8.92062759399414,"Male"
"9004152",371985,2025-06-27 00:01:05,42.3959197998047,-8.92055606842041,"Male"
"9004152",371985,2025-06-27 00:05:38,42.3959655761719,-8.92055225372314,"Male"
"9004152",371985,2025-06-27 00:10:38,42.39599609375,-8.92053413391113,"Male"
"9004152",371985,2025-06-27 00:15:38,42.3959732055664,-8.92052555084229,"Male"
"9004152",371985,2025-06-27 00:20:39,42.3960075378418,-8.92069149017334,"Male"
"9004152",371985,2025-06-27 00:25:39,42.3959693908691,-8.92076587677002,"Male"
"9004152",371985,2025-06-27 00:30:38,42.3960838317871,-8.920823097229,"Male"
"9004152",371985,2025-06-27 00:35:38,42.3959579467773,-8.92053699493408,"Male"
"9004152",371985,2025-06-27 00:40:42,42.3959655761719,-8.92065334320068,"Male"
"9004152",371985,2025-06-27 00:45:40,42.3960494995117,-8.92100429534912,"Male"
"9004152",371985,2025-06-27 00:50:39,42.3960227966309,-8.92082023620605,"Male"
"9004152",371985,2025-06-27 00:55:39,42.3960418701172,-8.92075634002686,"Male"
"9004152",371985,2025-06-27 01:00:52,42.3960723876953,-8.92055511474609,"Male"
"9004152",371985,2025-06-27 01:05:50,42.396068572998,-8.92055988311768,"Male"
"9004152",371985,2025-06-27 01:10:52,42.3960418701172,-8.92058277130127,"Male"
"9004152",371985,2025-06-27 01:16:05,42.3959121704102,-8.92059516906738,"Male"
"9004152",371985,2025-06-27 01:20:37,42.3958892822266,-8.92059230804443,"Male"
"9004152",371985,2025-06-27 01:25:38,42.3958053588867,-8.92056274414062,"Male"
"9004152",371985,2025-06-27 01:30:38,42.3958587646484,-8.92050743103027,"Male"
"9004152",371985,2025-06-27 01:35:37,42.3958969116211,-8.92057991027832,"Male"
"9004152",371985,2025-06-27 01:40:37,42.3959083557129,-8.92051410675049,"Male"
"9004152",371985,2025-06-27 01:45:37,42.3959045410156,-8.92049312591553,"Male"
"9004152",371985,2025-06-27 01:50:38,42.3960037231445,-8.92053413391113,"Male"
"9004152",371985,2025-06-27 01:55:37,42.3959693908691,-8.92051982879639,"Male"
"9004152",371985,2025-06-27 02:00:37,42.3958740234375,-8.9204158782959,"Male"
"9004152",371985,2025-06-27 02:05:41,42.3958129882812,-8.92050075531006,"Male"
"9004152",371985,2025-06-27 02:10:49,42.3959007263184,-8.9205322265625,"Male"
"9004152",371985,2025-06-27 02:15:49,42.3958625793457,-8.92049503326416,"Male"
"9004152",371985,2025-06-27 02:21:05,42.3959426879883,-8.92059326171875,"Male"
"9004152",371985,2025-06-27 02:25:37,42.3959007263184,-8.92055702209473,"Male"
"9004152",371985,2025-06-27 02:30:37,42.3959121704102,-8.92055416107178,"Male"
"9004152",371985,2025-06-27 02:35:37,42.3958930969238,-8.92048263549805,"Male"
"9004152",371985,2025-06-27 02:40:37,42.3958930969238,-8.92055702209473,"Male"
"9004152",371985,2025-06-27 02:45:37,42.3959159851074,-8.92052936553955,"Male"
"9004152",371985,2025-06-27 02:50:37,42.3959045410156,-8.92054271697998,"Male"
"9004152",371985,2025-06-27 02:55:37,42.3958740234375,-8.92053318023682,"Male"
"9004152",371985,2025-06-27 03:00:38,42.3959197998047,-8.92055606842041,"Male"
"9004152",371985,2025-06-27 03:05:40,42.3960189819336,-8.92063426971436,"Male"
"9004152",371985,2025-06-27 03:10:37,42.3958854675293,-8.92054557800293,"Male"
"9004152",371985,2025-06-27 03:15:37,42.3959808349609,-8.92064952850342,"Male"
"9004152",371985,2025-06-27 03:20:38,42.3959159851074,-8.92059230804443,"Male"
"9004152",371985,2025-06-27 03:25:38,42.395923614502,-8.92060279846191,"Male"
"9004152",371985,2025-06-27 03:30:38,42.3958511352539,-8.92055034637451,"Male"
"9004152",371985,2025-06-27 03:35:41,42.3959426879883,-8.92058753967285,"Male"
"9004152",371985,2025-06-27 03:40:38,42.3957748413086,-8.9204683303833,"Male"
"9004152",371985,2025-06-27 03:45:38,42.3959655761719,-8.92061996459961,"Male"
"9004152",371985,2025-06-27 03:50:39,42.3958854675293,-8.92060852050781,"Male"
"9004152",371985,2025-06-27 03:55:42,42.3958778381348,-8.92063236236572,"Male"
"9004152",371985,2025-06-27 04:00:39,42.3958778381348,-8.92052364349365,"Male"
"9004152",371985,2025-06-27 04:06:04,42.3958549499512,-8.92051410675049,"Male"
"9004152",371985,2025-06-27 04:10:39,42.3958969116211,-8.92044258117676,"Male"
"9004152",371985,2025-06-27 04:15:37,42.3959770202637,-8.92050457000732,"Male"
"9004152",371985,2025-06-27 04:20:37,42.395923614502,-8.92041778564453,"Male"
"9004152",371985,2025-06-27 04:25:37,42.3959541320801,-8.9203577041626,"Male"
"9004152",371985,2025-06-27 04:30:37,42.3959007263184,-8.92039585113525,"Male"
"9004152",371985,2025-06-27 04:35:37,42.3959503173828,-8.92033100128174,"Male"
"9004152",371985,2025-06-27 04:40:37,42.3959579467773,-8.92026329040527,"Male"
"9004152",371985,2025-06-27 04:45:37,42.3960189819336,-8.9203462600708,"Male"
"9004152",371985,2025-06-27 04:50:37,42.3960037231445,-8.92037582397461,"Male"
"9004152",371985,2025-06-27 04:55:37,42.3960075378418,-8.92033863067627,"Male"
"9004152",371985,2025-06-27 05:00:37,42.3960342407227,-8.92031860351562,"Male"
"9004152",371985,2025-06-27 05:05:37,42.3959007263184,-8.92050647735596,"Male"
"9004152",371985,2025-06-27 05:10:38,42.3960189819336,-8.92043685913086,"Male"
"9004152",371985,2025-06-27 05:15:37,42.3959922790527,-8.92043972015381,"Male"
"9004152",371985,2025-06-27 05:20:37,42.3959693908691,-8.92039775848389,"Male"
"9004152",371985,2025-06-27 05:25:37,42.3960189819336,-8.92046070098877,"Male"
"9004152",371985,2025-06-27 05:31:03,42.3975448608398,-8.92024421691895,"Male"
"9004152",371985,2025-06-27 05:35:37,42.397575378418,-8.92025852203369,"Male"
"9004152",371985,2025-06-27 05:40:38,42.3976821899414,-8.92027378082275,"Male"
"9004152",371985,2025-06-27 05:45:38,42.3974418640137,-8.92015933990479,"Male"
"9004152",371985,2025-06-27 05:50:38,42.3973045349121,-8.92004203796387,"Male"
"9004152",371985,2025-06-27 05:55:37,42.3975143432617,-8.92020606994629,"Male"
"9004152",371985,2025-06-27 06:00:41,42.397533416748,-8.92023086547852,"Male"
"9004152",371985,2025-06-27 06:05:47,42.3976058959961,-8.92025375366211,"Male"
"9004152",371985,2025-06-27 06:11:04,42.3977203369141,-8.92046356201172,"Male"
"9004152",371985,2025-06-27 06:15:37,42.3976783752441,-8.92052841186523,"Male"
"9004152",371985,2025-06-27 06:20:39,42.3976211547852,-8.92054462432861,"Male"
"9004152",371985,2025-06-27 06:25:45,42.3978042602539,-8.91837120056152,"Male"
"9004152",371985,2025-06-27 06:30:40,42.4029693603516,-8.89780712127686,"Male"
"9004152",371985,2025-06-27 06:35:37,42.402759552002,-8.89662837982178,"Male"
"9004152",371985,2025-06-27 06:40:38,42.4041213989258,-8.88986492156982,"Male"
"9004152",371985,2025-06-27 06:46:46,42.4057426452637,-8.88211917877197,"Male"
"9004152",371985,2025-06-27 06:52:00,42.405330657959,-8.88033199310303,"Male"
"9004152",371985,2025-06-27 06:57:30,42.4056816101074,-8.87985038757324,"Male"
"9004152",371985,2025-06-27 07:02:34,42.4054946899414,-8.87919807434082,"Male"
"9004152",371985,2025-06-27 07:08:27,42.4061431884766,-8.87910652160645,"Male"
"9004152",371985,2025-06-27 07:14:42,42.4061317443848,-8.87866306304932,"Male"
"9004152",371985,2025-06-27 07:19:26,42.4058303833008,-8.87938404083252,"Male"
"9004152",371985,2025-06-27 07:25:16,42.4057960510254,-8.87978649139404,"Male"
"9004152",371985,2025-06-27 07:31:08,42.4059028625488,-8.87995338439941,"Male"
"9004152",371985,2025-06-27 07:36:03,42.4058418273926,-8.87996387481689,"Male"
"9004152",371985,2025-06-27 07:41:31,42.4061660766602,-8.88108730316162,"Male"
"9004152",371985,2025-06-27 07:46:44,42.410228729248,-8.87895393371582,"Male"
"9004152",371985,2025-06-27 07:51:28,42.4145469665527,-8.87714004516602,"Male"
"9004152",371985,2025-06-27 07:56:27,42.4145393371582,-8.87724113464355,"Male"
"9004152",371985,2025-06-27 08:01:26,42.4143943786621,-8.87707614898682,"Male"
"9004152",371985,2025-06-27 08:06:27,42.4147148132324,-8.87754058837891,"Male"
"9004152",371985,2025-06-27 08:11:42,42.4143409729004,-8.8770055770874,"Male"
"9004152",371985,2025-06-27 08:16:27,42.4143867492676,-8.87713718414307,"Male"
"9004152",371985,2025-06-27 08:21:28,42.414966583252,-8.87680435180664,"Male"
"9004152",371985,2025-06-27 08:26:30,42.4141120910645,-8.87698841094971,"Male"
"9004152",371985,2025-06-27 08:31:41,42.4143600463867,-8.87713623046875,"Male"
"9004152",371985,2025-06-27 08:36:30,42.4153060913086,-8.87643432617188,"Male"
"9004152",371985,2025-06-27 08:41:36,42.4144287109375,-8.87711143493652,"Male"
"9004152",371985,2025-06-27 08:46:39,42.4145431518555,-8.87754535675049,"Male"
"9004152",371985,2025-06-27 08:51:36,42.4144134521484,-8.87698364257812,"Male"
"9004152",371985,2025-06-27 08:56:36,42.4144172668457,-8.87706565856934,"Male"
"9004152",371985,2025-06-27 09:01:36,42.4144477844238,-8.87722587585449,"Male"
"9004152",371985,2025-06-27 09:06:57,42.414421081543,-8.87722492218018,"Male"
"9004152",371985,2025-06-27 09:11:26,42.4144859313965,-8.87711906433105,"Male"
"9004152",371985,2025-06-27 09:16:26,42.414478302002,-8.87703609466553,"Male"
"9004152",371985,2025-06-27 09:21:26,42.4145240783691,-8.87710475921631,"Male"
"9004152",371985,2025-06-27 09:26:26,42.4145050048828,-8.87711143493652,"Male"
"9004152",371985,2025-06-27 09:31:26,42.4144325256348,-8.87711143493652,"Male"
"9004152",371985,2025-06-27 09:36:26,42.4145202636719,-8.87709903717041,"Male"
"9004152",371985,2025-06-27 09:41:26,42.4145164489746,-8.87697315216064,"Male"
"9004152",371985,2025-06-27 09:46:26,42.4144859313965,-8.87707328796387,"Male"
"9004152",371985,2025-06-27 09:51:29,42.414493560791,-8.87710380554199,"Male"
"9004152",371985,2025-06-27 09:56:44,42.4144668579102,-8.87708282470703,"Male"
"9004152",371985,2025-06-27 10:01:29,42.4144515991211,-8.8769588470459,"Male"
"9004152",371985,2025-06-27 10:06:26,42.4139022827148,-8.87659454345703,"Male"
"9004152",371985,2025-06-27 10:11:27,42.4129257202148,-8.87548446655273,"Male"
"9004152",371985,2025-06-27 10:16:45,42.4118766784668,-8.87505054473877,"Male"
"9004152",371985,2025-06-27 10:46:45,42.4118309020996,-8.87151432037354,"Male"
"9004152",371985,2025-06-27 10:51:51,42.412239074707,-8.87278366088867,"Male"
"9004152",371985,2025-06-27 10:57:45,42.4119873046875,-8.87328720092773,"Male"
"9004152",371985,2025-06-27 11:02:42,42.410945892334,-8.87354373931885,"Male"
"9004152",371985,2025-06-27 11:08:22,42.4110221862793,-8.87281131744385,"Male"
"9004152",371985,2025-06-27 11:15:49,42.412166595459,-8.87353515625,"Male"
"9004152",371985,2025-06-27 11:20:58,42.4132080078125,-8.87482833862305,"Male"
"9004152",371985,2025-06-27 11:25:58,42.4140129089355,-8.87697601318359,"Male"
"9004152",371985,2025-06-27 11:31:15,42.4141540527344,-8.87719917297363,"Male"
"9004152",371985,2025-06-27 11:35:55,42.4141273498535,-8.87707424163818,"Male"
"9004152",371985,2025-06-27 11:41:00,42.4141387939453,-8.87727451324463,"Male"
"9004152",371985,2025-06-27 11:45:55,42.414134979248,-8.87712574005127,"Male"
"9004152",371985,2025-06-27 11:51:29,42.4141578674316,-8.87720203399658,"Male"
"9004152",371985,2025-06-27 11:55:55,42.4141387939453,-8.87709999084473,"Male"
"9004152",371985,2025-06-27 12:00:55,42.4141883850098,-8.87702655792236,"Male"
"9004152",371985,2025-06-27 12:05:55,42.4141387939453,-8.87713241577148,"Male"
"9004152",371985,2025-06-27 12:10:55,42.414176940918,-8.87713527679443,"Male"
"9004152",371985,2025-06-27 12:15:55,42.4141960144043,-8.87711906433105,"Male"
"9004152",371985,2025-06-27 12:20:59,42.4145088195801,-8.87696170806885,"Male"
"9004152",371985,2025-06-27 12:25:55,42.414794921875,-8.87744522094727,"Male"
"9004152",371985,2025-06-27 12:30:56,42.4148788452148,-8.87742614746094,"Male"
"9004152",371985,2025-06-27 12:35:55,42.4148178100586,-8.87750148773193,"Male"
"9004152",371985,2025-06-27 12:40:55,42.4148330688477,-8.87763786315918,"Male"
"9004152",371985,2025-06-27 12:46:14,42.4147720336914,-8.87752819061279,"Male"
"9004152",371985,2025-06-27 12:50:55,42.4148406982422,-8.87754058837891,"Male"
"9004152",371985,2025-06-27 12:55:56,42.4146957397461,-8.87771987915039,"Male"
"9004152",371985,2025-06-27 13:00:58,42.4147186279297,-8.8776159286499,"Male"
"9004152",371985,2025-06-27 13:05:55,42.4147872924805,-8.87746524810791,"Male"
"9004152",371985,2025-06-27 13:10:58,42.4149513244629,-8.87706184387207,"Male"
"9004152",371985,2025-06-27 13:15:56,42.4148941040039,-8.87705516815186,"Male"
"9004152",371985,2025-06-27 13:20:59,42.414794921875,-8.87722873687744,"Male"
"9004152",371985,2025-06-27 13:25:56,42.4152908325195,-8.87641429901123,"Male"
"9004152",371985,2025-06-27 13:31:14,42.4147262573242,-8.87752056121826,"Male"
"9004152",371985,2025-06-27 13:35:55,42.4147605895996,-8.87734699249268,"Male"
"9004152",371985,2025-06-27 13:40:55,42.414737701416,-8.87742137908936,"Male"
"9004152",371985,2025-06-27 13:45:56,42.4147186279297,-8.87751007080078,"Male"
"9004152",371985,2025-06-27 13:50:57,42.4147567749023,-8.87752723693848,"Male"
"9004152",371985,2025-06-27 13:55:56,42.4148063659668,-8.87660503387451,"Male"
"9004152",371985,2025-06-27 14:00:58,42.4142417907715,-8.87691783905029,"Male"
"9004152",371985,2025-06-27 14:07:01,42.4127769470215,-8.87597751617432,"Male"
"9004152",371985,2025-06-27 14:12:09,42.4117393493652,-8.87692356109619,"Male"
"9004152",371985,2025-06-27 15:51:59,42.4140930175781,-8.87275981903076,"Male"
"9004152",371985,2025-06-27 15:56:28,42.4140815734863,-8.87253379821777,"Male"
"9004152",371985,2025-06-27 16:01:31,42.4140396118164,-8.8726167678833,"Male"
"9004152",371985,2025-06-27 16:06:28,42.4141464233398,-8.87269401550293,"Male"
"9004152",371985,2025-06-27 16:11:31,42.4140701293945,-8.87273216247559,"Male"
"9004152",371985,2025-06-27 16:16:30,42.4140319824219,-8.87259674072266,"Male"
"9004152",371985,2025-06-27 16:21:30,42.4140205383301,-8.87274742126465,"Male"
"9004152",371985,2025-06-27 16:26:30,42.4139404296875,-8.872802734375,"Male"
"9004152",371985,2025-06-27 16:31:59,42.4140930175781,-8.8727855682373,"Male"
"9004152",371985,2025-06-27 16:36:28,42.4140663146973,-8.8728141784668,"Male"
"9004152",371985,2025-06-27 16:41:29,42.4140625,-8.87285614013672,"Male"
"9004152",371985,2025-06-27 16:46:31,42.4140014648438,-8.8728494644165,"Male"
"9004152",371985,2025-06-27 16:51:28,42.4139595031738,-8.87276840209961,"Male"
"9004152",371985,2025-06-27 16:56:28,42.4140434265137,-8.87294578552246,"Male"
"9004152",371985,2025-06-27 17:01:28,42.4140586853027,-8.872802734375,"Male"
"9004152",371985,2025-06-27 17:06:28,42.4140472412109,-8.87288856506348,"Male"
"9004152",371985,2025-06-27 17:11:28,42.4141426086426,-8.87289905548096,"Male"
"9004152",371985,2025-06-27 17:16:44,42.4140625,-8.8728723526001,"Male"
"9004152",371985,2025-06-27 17:21:28,42.4140205383301,-8.87280178070068,"Male"
"9004152",371985,2025-06-27 17:26:28,42.414249420166,-8.87285804748535,"Male"
"9004152",371985,2025-06-27 17:31:28,42.414119720459,-8.87282657623291,"Male"
"9004152",371985,2025-06-27 17:36:30,42.414134979248,-8.87302589416504,"Male"
"9004152",371985,2025-06-27 17:41:28,42.4138641357422,-8.87239551544189,"Male"
"9004152",371985,2025-06-27 17:46:44,42.4141273498535,-8.87281799316406,"Male"
"9004152",371985,2025-06-27 17:51:29,42.4139747619629,-8.87273025512695,"Male"
"9004152",371985,2025-06-27 17:56:28,42.4141464233398,-8.87287425994873,"Male"
"9004152",371985,2025-06-27 18:01:28,42.4140281677246,-8.87281894683838,"Male"
"9004152",371985,2025-06-27 18:06:28,42.4140968322754,-8.87278079986572,"Male"
"9004152",371985,2025-06-27 18:11:30,42.4139785766602,-8.87285232543945,"Male"
"9004152",371985,2025-06-27 18:16:31,42.4140281677246,-8.87269115447998,"Male"
"9004152",371985,2025-06-27 18:21:34,42.4141654968262,-8.87296295166016,"Male"
"9004152",371985,2025-06-27 18:26:42,42.4140281677246,-8.8729362487793,"Male"
"9004152",371985,2025-06-27 18:31:28,42.4139823913574,-8.87281131744385,"Male"
"9004152",371985,2025-06-27 18:36:33,42.4074058532715,-8.86425876617432,"Male"
"9004152",371985,2025-06-27 18:43:16,42.4062767028809,-8.86515235900879,"Male"
"9004152",371985,2025-06-27 18:49:10,42.4068298339844,-8.8655891418457,"Male"
"9004152",371985,2025-06-27 18:54:12,42.4093399047852,-8.87008476257324,"Male"
"9004152",371985,2025-06-27 18:59:39,42.4090919494629,-8.87056446075439,"Male"
"9004152",371985,2025-06-27 19:05:27,42.4085845947266,-8.87090682983398,"Male"
"9004152",371985,2025-06-27 19:10:39,42.4080543518066,-8.87156105041504,"Male"
"9004152",371985,2025-06-27 19:15:40,42.4076728820801,-8.8732271194458,"Male"
"9004152",371985,2025-06-27 19:20:23,42.4076843261719,-8.87495708465576,"Male"
"9004152",371985,2025-06-27 19:25:27,42.407096862793,-8.8763370513916,"Male"
"9004152",371985,2025-06-27 19:30:27,42.4044532775879,-8.88453578948975,"Male"
"9004152",371985,2025-06-27 19:35:25,42.395694732666,-8.92024230957031,"Male"
"9004152",371985,2025-06-27 19:40:25,42.3956718444824,-8.92032527923584,"Male"
"9004152",371985,2025-06-27 19:45:44,42.395866394043,-8.92047595977783,"Male"
"9004152",371985,2025-06-27 19:50:24,42.3958473205566,-8.92039489746094,"Male"
"9004152",371985,2025-06-27 19:55:28,42.3950996398926,-8.91986083984375,"Male"
"9004152",371985,2025-06-27 20:00:45,42.3958282470703,-8.92036533355713,"Male"
"9004152",371985,2025-06-27 20:05:23,42.3957939147949,-8.92045879364014,"Male"
"9004152",371985,2025-06-27 20:10:37,42.3958320617676,-8.92041206359863,"Male"
"9004152",371985,2025-06-27 20:15:40,42.3957214355469,-8.92038536071777,"Male"
"9004152",371985,2025-06-27 20:20:39,42.3958778381348,-8.9207649230957,"Male"
"9004152",371985,2025-06-27 20:25:24,42.3956832885742,-8.92048835754395,"Male"
"9004152",371985,2025-06-27 20:30:26,42.3958053588867,-8.9203577041626,"Male"
"9004152",371985,2025-06-27 20:35:37,42.3957061767578,-8.9205961227417,"Male"
"9004152",371985,2025-06-27 20:40:25,42.3957633972168,-8.92059707641602,"Male"
"9004152",371985,2025-06-27 20:45:46,42.3957290649414,-8.92060565948486,"Male"
"9004152",371985,2025-06-27 20:50:35,42.3957405090332,-8.92060470581055,"Male"
"9004152",371985,2025-06-27 20:55:37,42.3956298828125,-8.92053985595703,"Male"
"9004152",371985,2025-06-27 21:00:35,42.3956565856934,-8.92055034637451,"Male"
"9004152",371985,2025-06-27 21:05:34,42.3957176208496,-8.92050647735596,"Male"
"9004152",371985,2025-06-27 21:10:37,42.3958015441895,-8.92054843902588,"Male"
"9004152",371985,2025-06-27 21:15:26,42.3957939147949,-8.92030715942383,"Male"
"9004152",371985,2025-06-27 21:20:37,42.3956871032715,-8.92056560516357,"Male"
"9004152",371985,2025-06-27 21:25:30,42.3955230712891,-8.92049121856689,"Male"
"9004152",371985,2025-06-27 21:30:45,42.3957023620605,-8.92066287994385,"Male"
"9004152",371985,2025-06-27 21:35:28,42.3955841064453,-8.92053318023682,"Male"
"9004152",371985,2025-06-27 21:40:59,42.3958854675293,-8.92056465148926,"Male"
"9004152",371985,2025-06-27 21:45:23,42.3958854675293,-8.92064762115479,"Male"
"9004152",371985,2025-06-27 21:50:23,42.395866394043,-8.92051601409912,"Male"
"9004152",371985,2025-06-27 21:55:24,42.3958969116211,-8.92061519622803,"Male"
"9004152",371985,2025-06-27 22:00:24,42.3958892822266,-8.92057323455811,"Male"
"9004152",371985,2025-06-27 22:05:23,42.3959007263184,-8.92055702209473,"Male"
"9004152",371985,2025-06-27 22:10:23,42.3958969116211,-8.92059421539307,"Male"
"9004152",371985,2025-06-27 22:15:23,42.3959045410156,-8.92057991027832,"Male"
"9004152",371985,2025-06-27 22:20:23,42.3958587646484,-8.92046451568604,"Male"
"9004152",371985,2025-06-27 22:25:23,42.3958930969238,-8.92062759399414,"Male"
"9004152",371985,2025-06-27 22:30:23,42.3958358764648,-8.9205436706543,"Male"
"9004152",371985,2025-06-27 22:35:23,42.3958206176758,-8.92061805725098,"Male"
"9004152",371985,2025-06-27 22:40:23,42.3959770202637,-8.9205207824707,"Male"
"9004152",371985,2025-06-27 22:45:23,42.3958625793457,-8.92059326171875,"Male"
"9004152",371985,2025-06-27 22:50:23,42.3958854675293,-8.92057514190674,"Male"
"9004152",371985,2025-06-27 22:55:23,42.3959617614746,-8.92056941986084,"Male"
"9004152",371985,2025-06-27 23:00:23,42.3958587646484,-8.9205379486084,"Male"
"9004152",371985,2025-06-27 23:05:23,42.3958778381348,-8.9205493927002,"Male"
"9004152",371985,2025-06-27 23:10:23,42.3959045410156,-8.92063426971436,"Male"
"9004152",371985,2025-06-27 23:15:23,42.3959083557129,-8.92061996459961,"Male"
"9004152",371985,2025-06-27 23:20:23,42.3958740234375,-8.92054271697998,"Male"
"9004152",371985,2025-06-27 23:25:23,42.3958740234375,-8.9205207824707,"Male"
"9004152",371985,2025-06-27 23:30:23,42.3958587646484,-8.9205904006958,"Male"
"9004152",371985,2025-06-27 23:35:23,42.3958969116211,-8.92057037353516,"Male"
"9004152",371985,2025-06-27 23:40:23,42.3958473205566,-8.9206075668335,"Male"
"9004152",371985,2025-06-27 23:45:23,42.3958702087402,-8.92053031921387,"Male"
"9004152",371985,2025-06-27 23:50:23,42.395866394043,-8.9205322265625,"Male"
"9004152",371985,2025-06-27 23:55:23,42.3958358764648,-8.92055892944336,"Male"
"9004152",371985,2025-06-28 00:00:23,42.3958435058594,-8.92053985595703,"Male"
"9004152",371985,2025-06-28 00:05:26,42.3958587646484,-8.92055416107178,"Male"
"9004152",371985,2025-06-28 00:10:35,42.3958053588867,-8.92058849334717,"Male"
"9004152",371985,2025-06-28 00:15:24,42.3958320617676,-8.92055225372314,"Male"
"9004152",371985,2025-06-28 00:20:44,42.3958969116211,-8.92057800292969,"Male"
"9004152",371985,2025-06-28 00:25:23,42.3959579467773,-8.92065048217773,"Male"
"9004152",371985,2025-06-28 00:30:23,42.3959083557129,-8.92054080963135,"Male"
"9004152",371985,2025-06-28 00:35:23,42.3959732055664,-8.92053031921387,"Male"
"9004152",371985,2025-06-28 00:40:24,42.3958854675293,-8.92082214355469,"Male"
"9004152",371985,2025-06-28 00:45:45,42.3959312438965,-8.92068576812744,"Male"
"9004152",371985,2025-06-28 00:50:42,42.3958969116211,-8.92060279846191,"Male"
"9004152",371985,2025-06-28 00:55:28,42.3959007263184,-8.92058753967285,"Male"
"9004152",371985,2025-06-28 01:00:26,42.3960800170898,-8.9209680557251,"Male"
"9004152",371985,2025-06-28 01:05:25,42.3959503173828,-8.92080211639404,"Male"
"9004152",371985,2025-06-28 01:10:26,42.3962631225586,-8.92092323303223,"Male"
"9004152",371985,2025-06-28 01:15:32,42.3959922790527,-8.92062854766846,"Male"
"9004152",371985,2025-06-28 01:20:25,42.3961982727051,-8.92079925537109,"Male"
"9004152",371985,2025-06-28 01:25:26,42.3960838317871,-8.92073345184326,"Male"
"9004152",371985,2025-06-28 01:30:30,42.3960494995117,-8.9207239151001,"Male"
"9004152",371985,2025-06-28 01:35:29,42.3964195251465,-8.92091083526611,"Male"
"9004152",371985,2025-06-28 01:40:44,42.3958740234375,-8.92048835754395,"Male"
"9004152",371985,2025-06-28 01:45:23,42.395881652832,-8.92060470581055,"Male"
"9004152",371985,2025-06-28 01:50:26,42.3958587646484,-8.92061519622803,"Male"
"9004152",371985,2025-06-28 01:55:24,42.3959274291992,-8.92040729522705,"Male"
"9004152",371985,2025-06-28 02:00:23,42.3959121704102,-8.92053985595703,"Male"
"9004152",371985,2025-06-28 02:05:28,42.3957862854004,-8.9205846786499,"Male"
"9004152",371985,2025-06-28 02:10:23,42.3956871032715,-8.92073822021484,"Male"
"9004152",371985,2025-06-28 02:15:25,42.3959617614746,-8.92050743103027,"Male"
"9004152",371985,2025-06-28 02:20:29,42.3957595825195,-8.92057418823242,"Male"
"9004152",371985,2025-06-28 02:25:31,42.3960456848145,-8.92056751251221,"Male"
"9004152",371985,2025-06-28 02:30:59,42.3959007263184,-8.9205846786499,"Male"
"9004152",371985,2025-06-28 02:35:23,42.3959655761719,-8.92057704925537,"Male"
"9004152",371985,2025-06-28 02:40:23,42.3958892822266,-8.92053031921387,"Male"
"9004152",371985,2025-06-28 02:45:23,42.3958396911621,-8.9204740524292,"Male"
"9004152",371985,2025-06-28 02:50:23,42.3959655761719,-8.92061614990234,"Male"
"9004152",371985,2025-06-28 02:55:24,42.395881652832,-8.92047309875488,"Male"
"9004152",371985,2025-06-28 03:00:25,42.3958549499512,-8.92048168182373,"Male"
"9004152",371985,2025-06-28 03:05:26,42.3959541320801,-8.92055416107178,"Male"
"9004152",371985,2025-06-28 03:10:24,42.3960304260254,-8.92066287994385,"Male"
"9004152",371985,2025-06-28 03:15:26,42.3959007263184,-8.92057132720947,"Male"
"9004152",371985,2025-06-28 03:20:26,42.3959197998047,-8.92056846618652,"Male"
"9004152",371985,2025-06-28 03:25:38,42.3959465026855,-8.92064476013184,"Male"
"9004152",371985,2025-06-28 03:30:38,42.3960914611816,-8.92070960998535,"Male"
"9004152",371985,2025-06-28 03:35:43,42.3959579467773,-8.9206075668335,"Male"
"9004152",371985,2025-06-28 03:40:29,42.3956604003906,-8.92041110992432,"Male"
"9004152",371985,2025-06-28 03:45:44,42.3960151672363,-8.92068958282471,"Male"
"9004152",371985,2025-06-28 03:50:26,42.395938873291,-8.92063999176025,"Male"
"9004152",371985,2025-06-28 03:55:26,42.3960418701172,-8.9207124710083,"Male"
"9004152",371985,2025-06-28 04:00:26,42.3958892822266,-8.92061138153076,"Male"
"9004152",371985,2025-06-28 04:05:26,42.3959197998047,-8.92061328887939,"Male"
"9004152",371985,2025-06-28 04:10:27,42.3960113525391,-8.92078018188477,"Male"
"9004152",371985,2025-06-28 04:15:44,42.3959732055664,-8.92083740234375,"Male"
"9004152",371985,2025-06-28 04:20:25,42.3960037231445,-8.92089748382568,"Male"
"9004152",371985,2025-06-28 04:25:26,42.3960075378418,-8.92098712921143,"Male"
"9004152",371985,2025-06-28 04:30:59,42.3958435058594,-8.92065715789795,"Male"
"9004152",371985,2025-06-28 04:35:23,42.3958473205566,-8.92058277130127,"Male"
"9004152",371985,2025-06-28 04:40:23,42.395866394043,-8.92066764831543,"Male"
"9004152",371985,2025-06-28 04:45:23,42.3959045410156,-8.92058753967285,"Male"
"9004152",371985,2025-06-28 04:50:23,42.3959007263184,-8.92066097259521,"Male"
"9004152",371985,2025-06-28 04:55:23,42.3958740234375,-8.92057418823242,"Male"
"9004152",371985,2025-06-28 05:00:23,42.3959083557129,-8.92063617706299,"Male"
"9004152",371985,2025-06-28 05:05:23,42.3959045410156,-8.92062377929688,"Male"
"9004152",371985,2025-06-28 05:10:23,42.3959350585938,-8.92062091827393,"Male"
"9004152",371985,2025-06-28 05:15:23,42.3974876403809,-8.92018222808838,"Male"
"9004152",371985,2025-06-28 05:20:29,42.3973999023438,-8.92009258270264,"Male"
"9004152",371985,2025-06-28 05:25:25,42.3974266052246,-8.92016887664795,"Male"
"9004152",371985,2025-06-28 05:30:24,42.3975219726562,-8.9202880859375,"Male"
"9004152",371985,2025-06-28 05:35:38,42.3973770141602,-8.92001724243164,"Male"
"9004152",371985,2025-06-28 05:40:23,42.3975372314453,-8.92032051086426,"Male"
"9004152",371985,2025-06-28 05:45:25,42.3974533081055,-8.92025852203369,"Male"
"9004152",371985,2025-06-28 05:50:24,42.3974800109863,-8.92027378082275,"Male"
"9004152",371985,2025-06-28 05:55:29,42.3974761962891,-8.92026138305664,"Male"
"9004152",371985,2025-06-28 06:00:24,42.3975791931152,-8.92037773132324,"Male"
"9004152",371985,2025-06-28 06:05:24,42.3976745605469,-8.92051982879639,"Male"
"9004152",371985,2025-06-28 06:10:24,42.3975219726562,-8.92024612426758,"Male"
"9004152",371985,2025-06-28 06:15:24,42.397575378418,-8.92036628723145,"Male"
"9004152",371985,2025-06-28 06:20:25,42.3975868225098,-8.92043781280518,"Male"
"9004152",371985,2025-06-28 06:25:25,42.3975944519043,-8.92034149169922,"Male"
"9004152",371985,2025-06-28 06:30:25,42.3975219726562,-8.92026042938232,"Male"
"9004152",371985,2025-06-28 06:35:30,42.3975372314453,-8.92029094696045,"Male"
"9004152",371985,2025-06-28 06:40:24,42.4026222229004,-8.9044771194458,"Male"
"9004152",371985,2025-06-28 06:45:37,42.4058609008789,-8.89832592010498,"Male"
"9004152",371985,2025-06-28 06:50:34,42.4094429016113,-8.8983211517334,"Male"
"9004152",371985,2025-06-28 06:55:48,42.4186592102051,-8.89467430114746,"Male"
"9004152",371985,2025-06-28 07:00:50,42.422737121582,-8.88842868804932,"Male"
"9004152",371985,2025-06-28 07:08:03,42.4227104187012,-8.884352684021,"Male"
"9004152",371985,2025-06-28 07:13:38,42.422477722168,-8.88465976715088,"Male"
"9004152",371985,2025-06-28 07:19:00,42.4236221313477,-8.88440227508545,"Male"
"9004152",371985,2025-06-28 07:24:49,42.4230995178223,-8.88440608978271,"Male"
"9004152",371985,2025-06-28 07:30:01,42.4223899841309,-8.8843469619751,"Male"
"9004152",371985,2025-06-28 07:42:14,42.4219284057617,-8.88413238525391,"Male"
"9004152",371985,2025-06-28 07:47:09,42.4214286804199,-8.88313102722168,"Male"
"9004152",371985,2025-06-28 07:52:22,42.4214706420898,-8.88399124145508,"Male"
"9004152",371985,2025-06-28 07:57:50,42.4196090698242,-8.88507556915283,"Male"
"9004152",371985,2025-06-28 08:03:39,42.4193916320801,-8.88556480407715,"Male"
"9004152",371985,2025-06-28 08:08:42,42.4197845458984,-8.88507843017578,"Male"
"9004152",371985,2025-06-28 08:13:43,42.4131622314453,-8.87169361114502,"Male"
"9004152",371985,2025-06-28 08:18:47,42.4131278991699,-8.87156391143799,"Male"
"9004152",371985,2025-06-28 08:23:42,42.4131126403809,-8.87166213989258,"Male"
"9004152",371985,2025-06-28 08:28:47,42.413200378418,-8.871901512146,"Male"
"9004152",371985,2025-06-28 08:34:05,42.413215637207,-8.87153244018555,"Male"
"9004152",371985,2025-06-28 08:38:35,42.4132041931152,-8.87156200408936,"Male"
"9004152",371985,2025-06-28 08:43:36,42.4131393432617,-8.87153720855713,"Male"
"9004152",371985,2025-06-28 08:48:36,42.4131698608398,-8.87163066864014,"Male"
"9004152",371985,2025-06-28 08:53:35,42.4131927490234,-8.87166786193848,"Male"
"9004152",371985,2025-06-28 08:58:38,42.4132270812988,-8.87163734436035,"Male"
"9004152",371985,2025-06-28 09:03:35,42.4131927490234,-8.87160301208496,"Male"
"9004152",371985,2025-06-28 09:08:48,42.4128952026367,-8.87109756469727,"Male"
"9004152",371985,2025-06-28 09:13:53,42.4126930236816,-8.87058639526367,"Male"
"9004152",371985,2025-06-28 09:19:02,42.4133033752441,-8.87174320220947,"Male"
"9004152",371985,2025-06-28 09:23:49,42.4130783081055,-8.87129688262939,"Male"
"9004152",371985,2025-06-28 09:28:51,42.4133224487305,-8.87182712554932,"Male"
"9004152",371985,2025-06-28 09:33:53,42.4122695922852,-8.86840534210205,"Male"
"9004152",371985,2025-06-28 09:39:02,42.4133377075195,-8.87188243865967,"Male"
"9004152",371985,2025-06-28 09:43:52,42.4133987426758,-8.8724193572998,"Male"
"9004152",371985,2025-06-28 09:49:02,42.4132652282715,-8.87182331085205,"Male"
"9004152",371985,2025-06-28 09:53:53,42.4131889343262,-8.87079620361328,"Male"
"9004152",371985,2025-06-28 10:25:06,42.4124221801758,-8.87976360321045,"Male"
"9004152",371985,2025-06-28 10:30:37,42.4135208129883,-8.88108348846436,"Male"
"9004152",371985,2025-06-28 10:36:01,42.4142074584961,-8.88179492950439,"Male"
"9004152",371985,2025-06-28 10:41:36,42.414005279541,-8.88154602050781,"Male"
"9004152",371985,2025-06-28 11:06:57,42.4116668701172,-8.87796497344971,"Male"
"9004152",371985,2025-06-28 11:12:44,42.4123382568359,-8.87665843963623,"Male"
"9004152",371985,2025-06-28 11:51:44,42.4137229919434,-8.87742614746094,"Male"
"9004152",371985,2025-06-28 11:56:10,42.4141845703125,-8.87735748291016,"Male"
"9004152",371985,2025-06-28 12:01:14,42.4141807556152,-8.8771505355835,"Male"
"9004152",371985,2025-06-28 12:06:12,42.4141883850098,-8.87733459472656,"Male"
"9004152",371985,2025-06-28 12:11:12,42.4142646789551,-8.87741756439209,"Male"
"9004152",371985,2025-06-28 12:16:14,42.4141006469727,-8.87704086303711,"Male"
"9004152",371985,2025-06-28 12:21:09,42.4139938354492,-8.87732982635498,"Male"
"9004152",371985,2025-06-28 12:26:12,42.4143180847168,-8.87760734558105,"Male"
"9004152",371985,2025-06-28 12:31:36,42.4144287109375,-8.87766170501709,"Male"
"9004152",371985,2025-06-28 12:36:10,42.4144554138184,-8.87764263153076,"Male"
"9004152",371985,2025-06-28 12:41:10,42.414493560791,-8.877610206604,"Male"
"9004152",371985,2025-06-28 12:46:09,42.414478302002,-8.87760066986084,"Male"
"9004152",371985,2025-06-28 12:51:09,42.4144096374512,-8.87764930725098,"Male"
"9004152",371985,2025-06-28 12:56:10,42.4143371582031,-8.87760925292969,"Male"
"9004152",371985,2025-06-28 13:01:10,42.414493560791,-8.87758350372314,"Male"
"9004152",371985,2025-06-28 13:06:10,42.4143753051758,-8.87763690948486,"Male"
"9004152",371985,2025-06-28 13:11:10,42.4144058227539,-8.87761688232422,"Male"
"9004152",371985,2025-06-28 13:16:10,42.4145164489746,-8.8776216506958,"Male"
"9004152",371985,2025-06-28 13:21:10,42.4145126342773,-8.87760734558105,"Male"
"9004152",371985,2025-06-28 13:26:10,42.4144134521484,-8.8775806427002,"Male"
"9004152",371985,2025-06-28 13:31:10,42.4145202636719,-8.8775053024292,"Male"
"9004152",371985,2025-06-28 13:36:10,42.4145240783691,-8.87755966186523,"Male"
"9004152",371985,2025-06-28 13:41:10,42.4144897460938,-8.87762832641602,"Male"
"9004152",371985,2025-06-28 13:46:10,42.4144744873047,-8.87760448455811,"Male"
"9004152",371985,2025-06-28 13:51:10,42.4140434265137,-8.87728881835938,"Male"
"9004152",371985,2025-06-28 13:56:50,42.4129028320312,-8.87626075744629,"Male"
"9004152",371985,2025-06-28 14:02:06,42.412296295166,-8.87664222717285,"Male"
"9004152",371985,2025-06-28 14:07:31,42.4115905761719,-8.87669563293457,"Male"
"9004152",371985,2025-06-28 14:12:48,42.4110641479492,-8.87561416625977,"Male"
"9004152",371985,2025-06-28 14:18:06,42.4103469848633,-8.87612533569336,"Male"
"9004152",371985,2025-06-28 14:23:09,42.4112510681152,-8.87619876861572,"Male"
"9004152",371985,2025-06-28 14:29:50,42.4123077392578,-8.87393856048584,"Male"
"9004152",371985,2025-06-28 14:35:21,42.4122276306152,-8.87304592132568,"Male"
"9004152",371985,2025-06-28 14:40:45,42.4122619628906,-8.87154960632324,"Male"
"9004152",371985,2025-06-28 14:46:17,42.4121170043945,-8.87118053436279,"Male"
"9004152",371985,2025-06-28 14:53:39,42.4129829406738,-8.87105178833008,"Male"
"9004152",371985,2025-06-28 14:58:46,42.413387298584,-8.87093639373779,"Male"
"9004152",371985,2025-06-28 15:03:39,42.4135627746582,-8.87102603912354,"Male"
"9004152",371985,2025-06-28 15:08:42,42.413516998291,-8.8710765838623,"Male"
"9004152",371985,2025-06-28 15:14:04,42.413516998291,-8.8710412979126,"Male"
"9004152",371985,2025-06-28 15:18:38,42.4135284423828,-8.87105369567871,"Male"
"9004152",371985,2025-06-28 15:23:38,42.4135093688965,-8.87104225158691,"Male"
"9004152",371985,2025-06-28 15:28:38,42.4135665893555,-8.87111663818359,"Male"
"9004152",371985,2025-06-28 15:33:39,42.4135246276855,-8.87094783782959,"Male"
"9004152",371985,2025-06-28 15:38:39,42.4134750366211,-8.87092113494873,"Male"
"9004152",371985,2025-06-28 15:43:38,42.4135856628418,-8.8710412979126,"Male"
"9004152",371985,2025-06-28 15:48:38,42.4135932922363,-8.87099838256836,"Male"
"9004152",371985,2025-06-28 15:53:47,42.4135208129883,-8.87105941772461,"Male"
"9004152",371985,2025-06-28 15:58:41,42.4135322570801,-8.87101268768311,"Male"
"9004152",371985,2025-06-28 16:03:48,42.4124031066895,-8.87141990661621,"Male"
"9004152",371985,2025-06-28 16:09:17,42.4112586975098,-8.87034034729004,"Male"
"9004152",371985,2025-06-28 16:27:05,42.4102592468262,-8.87082195281982,"Male"
"9004152",371985,2025-06-28 16:32:23,42.4105606079102,-8.87021541595459,"Male"
"9004152",371985,2025-06-28 16:37:22,42.411190032959,-8.87094402313232,"Male"
"9004152",371985,2025-06-28 16:43:07,42.4114456176758,-8.87148475646973,"Male"
"9004152",371985,2025-06-28 16:48:42,42.4109878540039,-8.87154579162598,"Male"
"9004152",371985,2025-06-28 16:53:43,42.4112319946289,-8.87189483642578,"Male"
"9004152",371985,2025-06-28 16:59:12,42.4106483459473,-8.87156867980957,"Male"
"9004152",371985,2025-06-28 17:04:51,42.4103889465332,-8.87066459655762,"Male"
"9004152",371985,2025-06-28 17:10:43,42.4101104736328,-8.87083148956299,"Male"
"9004152",371985,2025-06-28 17:16:22,42.411205291748,-8.87030982971191,"Male"
"9004152",371985,2025-06-28 17:34:03,42.4104309082031,-8.87109279632568,"Male"
"9004152",371985,2025-06-28 17:39:04,42.4113502502441,-8.8703441619873,"Male"
"9004152",371985,2025-06-28 17:44:35,42.4136772155762,-8.87258338928223,"Male"
"9004152",371985,2025-06-28 17:49:30,42.4099235534668,-8.87686634063721,"Male"
"9004152",371985,2025-06-28 17:54:31,42.3961143493652,-8.91708850860596,"Male"
"9004152",371985,2025-06-28 17:59:31,42.3959693908691,-8.92057228088379,"Male"
"9004152",371985,2025-06-28 18:04:31,42.3958015441895,-8.92037391662598,"Male"
"9004152",371985,2025-06-28 18:09:31,42.3960800170898,-8.92088413238525,"Male"
"9004152",371985,2025-06-28 18:14:32,42.3958740234375,-8.92045402526855,"Male"
"9004152",371985,2025-06-28 18:19:30,42.3960151672363,-8.92076778411865,"Male"
"9004152",371985,2025-06-28 18:24:33,42.3958129882812,-8.92047214508057,"Male"
"9004152",371985,2025-06-28 18:29:31,42.3959045410156,-8.92047786712646,"Male"
"9004152",371985,2025-06-28 18:34:44,42.3959503173828,-8.92056560516357,"Male"
"9004152",371985,2025-06-28 18:39:30,42.395923614502,-8.92052841186523,"Male"
"9004152",371985,2025-06-28 18:44:30,42.3957977294922,-8.92042541503906,"Male"
"9004152",371985,2025-06-28 18:49:32,42.3959121704102,-8.92055511474609,"Male"
"9004152",371985,2025-06-28 18:54:30,42.3960037231445,-8.92066860198975,"Male"
"9004152",371985,2025-06-28 18:59:30,42.3958740234375,-8.92041015625,"Male"
"9004152",371985,2025-06-28 19:04:33,42.3958396911621,-8.92054271697998,"Male"
"9004152",371985,2025-06-28 19:09:30,42.3958473205566,-8.92051029205322,"Male"
"9004152",371985,2025-06-28 19:14:38,42.3958015441895,-8.92035007476807,"Male"
"9004152",371985,2025-06-28 19:19:31,42.3957824707031,-8.92051887512207,"Male"
"9004152",371985,2025-06-28 19:24:38,42.3959121704102,-8.92058372497559,"Male"
"9004152",371985,2025-06-28 19:29:30,42.3958930969238,-8.92055988311768,"Male"
"9004152",371985,2025-06-28 19:34:50,42.3958702087402,-8.920654296875,"Male"
"9004152",371985,2025-06-28 19:39:30,42.3955993652344,-8.92055702209473,"Male"
"9004152",371985,2025-06-28 19:44:38,42.3955154418945,-8.92090606689453,"Male"
"9004152",371985,2025-06-28 19:49:43,42.3954429626465,-8.92097091674805,"Male"
"9004152",371985,2025-06-28 19:54:36,42.3952903747559,-8.92109966278076,"Male"
"9004152",371985,2025-06-28 19:59:40,42.3957824707031,-8.92073631286621,"Male"
"9004152",371985,2025-06-28 20:04:38,42.3959732055664,-8.92054176330566,"Male"
"9004152",371985,2025-06-28 20:09:38,42.3959503173828,-8.92059993743896,"Male"
"9004152",371985,2025-06-28 20:14:38,42.3959732055664,-8.92054748535156,"Male"
"9004152",371985,2025-06-28 20:19:33,42.3959465026855,-8.92058277130127,"Male"
"9004152",371985,2025-06-28 20:24:31,42.3958511352539,-8.92134761810303,"Male"
"9004152",371985,2025-06-28 20:29:38,42.39599609375,-8.92051982879639,"Male"
"9004152",371985,2025-06-28 20:34:32,42.3959655761719,-8.92103862762451,"Male"
"9004152",371985,2025-06-28 20:39:31,42.3961181640625,-8.92016696929932,"Male"
"9004152",371985,2025-06-28 20:44:33,42.3962211608887,-8.92028141021729,"Male"
"9004152",371985,2025-06-28 20:49:50,42.3954315185547,-8.92126178741455,"Male"
"9004152",371985,2025-06-28 20:54:39,42.3952674865723,-8.92142868041992,"Male"
"9004152",371985,2025-06-28 21:00:00,42.3958053588867,-8.92057609558105,"Male"
"9004152",371985,2025-06-28 21:04:43,42.395881652832,-8.92055606842041,"Male"
"9004152",371985,2025-06-28 21:09:36,42.39599609375,-8.92052841186523,"Male"
"9004152",371985,2025-06-28 21:14:30,42.3959503173828,-8.92069911956787,"Male"
"9004152",371985,2025-06-28 21:19:36,42.3960189819336,-8.92057132720947,"Male"
"9004152",371985,2025-06-28 21:24:33,42.3961029052734,-8.92071151733398,"Male"
"9004152",371985,2025-06-28 21:29:41,42.3959465026855,-8.92053699493408,"Male"
"9004152",371985,2025-06-28 21:34:38,42.3960380554199,-8.92056655883789,"Male"
"9004152",371985,2025-06-28 21:39:36,42.3959045410156,-8.92033672332764,"Male"
"9004152",371985,2025-06-28 21:44:36,42.3959121704102,-8.92047023773193,"Male"
"9004152",371985,2025-06-28 21:49:47,42.395881652832,-8.92062282562256,"Male"
"9004152",371985,2025-06-28 21:54:41,42.3959693908691,-8.92069053649902,"Male"
"9004152",371985,2025-06-28 21:59:38,42.3959770202637,-8.92065620422363,"Male"
"9004152",371985,2025-06-28 22:04:51,42.3959884643555,-8.92048072814941,"Male"
"9004152",371985,2025-06-28 22:09:38,42.3960418701172,-8.92054843902588,"Male"
"9004152",371985,2025-06-28 22:14:38,42.3960151672363,-8.92063140869141,"Male"
"9004152",371985,2025-06-28 22:19:39,42.3959732055664,-8.92059707641602,"Male"
"9004152",371985,2025-06-28 22:24:39,42.3958854675293,-8.92054843902588,"Male"
"9004152",371985,2025-06-28 22:29:39,42.3959884643555,-8.9205436706543,"Male"
"9004152",371985,2025-06-28 22:34:38,42.3958854675293,-8.92051219940186,"Male"
"9004152",371985,2025-06-28 22:39:54,42.3959770202637,-8.9210319519043,"Male"
"9004152",371985,2025-06-28 22:44:31,42.3959579467773,-8.92095851898193,"Male"
"9004152",371985,2025-06-28 22:49:45,42.3958930969238,-8.920578956604,"Male"
"9004152",371985,2025-06-28 22:54:35,42.3958702087402,-8.9205379486084,"Male"
"9004152",371985,2025-06-28 22:59:31,42.3958282470703,-8.92031669616699,"Male"
"9004152",371985,2025-06-28 23:04:33,42.3958854675293,-8.92042541503906,"Male"
"9004152",371985,2025-06-28 23:09:36,42.3958587646484,-8.92051696777344,"Male"
"9004152",371985,2025-06-28 23:14:37,42.395866394043,-8.92041206359863,"Male"
"9004152",371985,2025-06-28 23:19:33,42.3959083557129,-8.92053031921387,"Male"
"9004152",371985,2025-06-28 23:24:40,42.3959274291992,-8.92069149017334,"Male"
"9004152",371985,2025-06-28 23:29:30,42.3959007263184,-8.92058372497559,"Male"
"9004152",371985,2025-06-28 23:34:30,42.3959465026855,-8.92073822021484,"Male"
"9004152",371985,2025-06-28 23:39:31,42.3958625793457,-8.92078495025635,"Male"
"9004152",371985,2025-06-28 23:44:33,42.3958702087402,-8.92061805725098,"Male"
"9004152",371985,2025-06-28 23:50:05,42.3959083557129,-8.92054271697998,"Male"
"9004152",371985,2025-06-28 23:54:31,42.395923614502,-8.92058563232422,"Male"
"9004152",371985,2025-06-28 23:59:31,42.3959274291992,-8.92055606842041,"Male"
"9004152",371985,2025-06-29 00:04:31,42.3960418701172,-8.92067527770996,"Male"
"9004152",371985,2025-06-29 00:09:31,42.3959655761719,-8.92049789428711,"Male"
"9004152",371985,2025-06-29 00:14:31,42.3959999084473,-8.92052459716797,"Male"
"9004152",371985,2025-06-29 00:19:31,42.3959312438965,-8.92062187194824,"Male"
"9004152",371985,2025-06-29 00:24:31,42.3958930969238,-8.92062187194824,"Male"
"9004152",371985,2025-06-29 00:29:30,42.3959197998047,-8.92052364349365,"Male"
"9004152",371985,2025-06-29 00:34:31,42.3958778381348,-8.92050743103027,"Male"
"9004152",371985,2025-06-29 00:39:32,42.3960113525391,-8.92067050933838,"Male"
"9004152",371985,2025-06-29 00:44:32,42.39599609375,-8.92061519622803,"Male"
"9004152",371985,2025-06-29 00:49:37,42.3959770202637,-8.92066383361816,"Male"
"9004152",371985,2025-06-29 00:54:42,42.3959426879883,-8.92060089111328,"Male"
"9004152",371985,2025-06-29 00:59:33,42.3960037231445,-8.9204797744751,"Male"
"9004152",371985,2025-06-29 01:04:33,42.3960227966309,-8.92051029205322,"Male"
"9004152",371985,2025-06-29 01:09:33,42.3957672119141,-8.92097282409668,"Male"
"9004152",371985,2025-06-29 01:14:36,42.3960762023926,-8.92062759399414,"Male"
"9004152",371985,2025-06-29 01:19:31,42.3959274291992,-8.92044830322266,"Male"
"9004152",371985,2025-06-29 01:24:35,42.3959884643555,-8.92054748535156,"Male"
"9004152",371985,2025-06-29 01:29:38,42.3960914611816,-8.92090129852295,"Male"
"9004152",371985,2025-06-29 01:34:43,42.3961143493652,-8.92083168029785,"Male"
"9004152",371985,2025-06-29 01:39:30,42.3961334228516,-8.920823097229,"Male"
"9004152",371985,2025-06-29 01:44:30,42.396053314209,-8.92083930969238,"Male"
"9004152",371985,2025-06-29 01:49:30,42.3960952758789,-8.92077255249023,"Male"
"9004152",371985,2025-06-29 01:54:30,42.396125793457,-8.92086219787598,"Male"
"9004152",371985,2025-06-29 01:59:30,42.3961639404297,-8.92086982727051,"Male"
"9004152",371985,2025-06-29 02:04:30,42.3961486816406,-8.92081069946289,"Male"
"9004152",371985,2025-06-29 02:09:32,42.3962287902832,-8.92080879211426,"Male"
"9004152",371985,2025-06-29 02:14:40,42.3961219787598,-8.92064094543457,"Male"
"9004152",371985,2025-06-29 02:19:36,42.3960571289062,-8.92061519622803,"Male"
"9004152",371985,2025-06-29 02:24:30,42.3959732055664,-8.92056751251221,"Male"
"9004152",371985,2025-06-29 02:29:30,42.3959693908691,-8.92058753967285,"Male"
"9004152",371985,2025-06-29 02:35:04,42.3959007263184,-8.92053604125977,"Male"
"9004152",371985,2025-06-29 02:39:30,42.3960151672363,-8.92064476013184,"Male"
"9004152",371985,2025-06-29 02:44:31,42.3957214355469,-8.92034530639648,"Male"
"9004152",371985,2025-06-29 02:49:31,42.3959083557129,-8.92055606842041,"Male"
"9004152",371985,2025-06-29 02:54:32,42.3954620361328,-8.92010879516602,"Male"
"9004152",371985,2025-06-29 02:59:32,42.3958625793457,-8.9205961227417,"Male"
"9004152",371985,2025-06-29 03:04:32,42.3958473205566,-8.92055988311768,"Male"
"9004152",371985,2025-06-29 03:09:31,42.3957557678223,-8.92045879364014,"Male"
"9004152",371985,2025-06-29 03:14:31,42.3958892822266,-8.9205150604248,"Male"
"9004152",371985,2025-06-29 03:19:32,42.3957977294922,-8.92050743103027,"Male"
"9004152",371985,2025-06-29 03:24:33,42.3957672119141,-8.92049598693848,"Male"
"9004152",371985,2025-06-29 03:29:42,42.3958854675293,-8.92056941986084,"Male"
"9004152",371985,2025-06-29 03:34:44,42.3959884643555,-8.92067718505859,"Male"
"9004152",371985,2025-06-29 03:39:30,42.3958930969238,-8.92038917541504,"Male"
"9004152",371985,2025-06-29 03:44:30,42.3959846496582,-8.92064476013184,"Male"
"9004152",371985,2025-06-29 03:49:30,42.3958435058594,-8.92051124572754,"Male"
"9004152",371985,2025-06-29 03:54:30,42.3959693908691,-8.92068767547607,"Male"
"9004152",371985,2025-06-29 03:59:34,42.3959808349609,-8.9203929901123,"Male"
"9004152",371985,2025-06-29 04:04:31,42.395809173584,-8.92072010040283,"Male"
"9004152",371985,2025-06-29 04:09:39,42.3959579467773,-8.92053985595703,"Male"
"9004152",371985,2025-06-29 04:14:39,42.3959884643555,-8.92061042785645,"Male"
"9004152",371985,2025-06-29 04:19:36,42.3959503173828,-8.92065715789795,"Male"
"9004152",371985,2025-06-29 04:24:42,42.3959274291992,-8.92059707641602,"Male"
"9004152",371985,2025-06-29 04:29:40,42.3959159851074,-8.92058563232422,"Male"
"9004152",371985,2025-06-29 04:35:05,42.3958511352539,-8.92056941986084,"Male"
"9004152",371985,2025-06-29 04:39:31,42.395809173584,-8.92059803009033,"Male"
"9004152",371985,2025-06-29 04:44:30,42.3958892822266,-8.92056179046631,"Male"
"9004152",371985,2025-06-29 04:49:32,42.3959274291992,-8.92063617706299,"Male"
"9004152",371985,2025-06-29 04:54:30,42.397533416748,-8.92017650604248,"Male"
"9004152",371985,2025-06-29 04:59:34,42.3975715637207,-8.92021369934082,"Male"
"9004152",371985,2025-06-29 05:04:30,42.3975524902344,-8.9202127456665,"Male"
"9004152",371985,2025-06-29 05:09:30,42.3974609375,-8.92025661468506,"Male"
"9004152",371985,2025-06-29 05:14:36,42.3975067138672,-8.92020416259766,"Male"
"9004152",371985,2025-06-29 05:19:32,42.3973808288574,-8.92197704315186,"Male"
"9004152",371985,2025-06-29 05:24:32,42.3973655700684,-8.92273616790771,"Male"
"9004152",371985,2025-06-29 05:29:33,42.3963203430176,-8.92201232910156,"Male"
"9004152",371985,2025-06-29 05:34:32,42.4000205993652,-8.92837715148926,"Male"
"9004152",371985,2025-06-29 05:40:02,42.3975448608398,-8.92019176483154,"Male"
"9004152",371985,2025-06-29 05:44:31,42.3975830078125,-8.92026519775391,"Male"
"9004152",371985,2025-06-29 05:49:30,42.3975448608398,-8.92023372650146,"Male"
"9004152",371985,2025-06-29 05:54:30,42.3976402282715,-8.92025566101074,"Male"
"9004152",371985,2025-06-29 05:59:31,42.3976669311523,-8.92029571533203,"Male"
"9004152",371985,2025-06-29 06:04:31,42.3976783752441,-8.92028427124023,"Male"
"9004152",371985,2025-06-29 06:09:30,42.3976669311523,-8.92026424407959,"Male"
"9004152",371985,2025-06-29 06:14:30,42.3975486755371,-8.92021465301514,"Male"
"9004152",371985,2025-06-29 06:19:31,42.3976287841797,-8.92026233673096,"Male"
"9004152",371985,2025-06-29 06:24:31,42.3977127075195,-8.92018985748291,"Male"
"9004152",371985,2025-06-29 06:29:30,42.3975944519043,-8.92031478881836,"Male"
"9004152",371985,2025-06-29 06:34:30,42.3977012634277,-8.92027568817139,"Male"
"9004152",371985,2025-06-29 06:39:30,42.3962631225586,-8.91462421417236,"Male"
"9004152",371985,2025-06-29 06:45:29,42.3970260620117,-8.90431594848633,"Male"
"9004152",371985,2025-06-29 06:51:07,42.4004669189453,-8.9030065536499,"Male"
"9004152",371985,2025-06-29 06:56:50,42.4011154174805,-8.9030294418335,"Male"
"9004152",371985,2025-06-29 07:01:48,42.4024505615234,-8.90177249908447,"Male"
"9004152",371985,2025-06-29 07:07:27,42.4025421142578,-8.90092086791992,"Male"
"9004152",371985,2025-06-29 07:12:29,42.4023284912109,-8.90128421783447,"Male"
"9004152",371985,2025-06-29 07:17:40,42.4024047851562,-8.90078163146973,"Male"
"9004152",371985,2025-06-29 07:22:48,42.402229309082,-8.90119171142578,"Male"
"9004152",371985,2025-06-29 07:28:30,42.402416229248,-8.90120887756348,"Male"
"9004152",371985,2025-06-29 07:34:12,42.4020881652832,-8.90122032165527,"Male"
"9004152",371985,2025-06-29 07:39:37,42.4018669128418,-8.90181732177734,"Male"
"9004152",371985,2025-06-29 07:44:47,42.4023056030273,-8.90203285217285,"Male"
"9004152",371985,2025-06-29 07:49:47,42.4021034240723,-8.90349197387695,"Male"
"9004152",371985,2025-06-29 07:56:14,42.4014854431152,-8.90556812286377,"Male"
"9004152",371985,2025-06-29 08:01:01,42.4015502929688,-8.90577125549316,"Male"
"9004152",371985,2025-06-29 08:05:59,42.4014587402344,-8.90700244903564,"Male"
"9004152",371985,2025-06-29 08:11:00,42.3979530334473,-8.92010593414307,"Male"
"9004152",371985,2025-06-29 08:15:59,42.3979072570801,-8.92005252838135,"Male"
"9004152",371985,2025-06-29 08:21:00,42.3979034423828,-8.92015266418457,"Male"
"9004152",371985,2025-06-29 08:26:00,42.3979072570801,-8.92021656036377,"Male"
"9004152",371985,2025-06-29 08:31:00,42.3979759216309,-8.92040157318115,"Male"
"9004152",371985,2025-06-29 08:36:01,42.3980102539062,-8.92071723937988,"Male"
"9004152",371985,2025-06-29 08:41:03,42.3981132507324,-8.92087554931641,"Male"
"9004152",371985,2025-06-29 08:46:14,42.3978652954102,-8.92008781433105,"Male"
"9004152",371985,2025-06-29 08:51:02,42.3978614807129,-8.91999912261963,"Male"
"9004152",371985,2025-06-29 08:56:09,42.3979682922363,-8.92031860351562,"Male"
"9004152",371985,2025-06-29 09:01:03,42.39794921875,-8.91987323760986,"Male"
"9004152",371985,2025-06-29 09:06:03,42.3979949951172,-8.92021942138672,"Male"
"9004152",371985,2025-06-29 09:11:09,42.3980178833008,-8.92039012908936,"Male"
"9004152",371985,2025-06-29 09:16:09,42.3979988098145,-8.92037391662598,"Male"
"9004152",371985,2025-06-29 09:21:09,42.3980827331543,-8.9205150604248,"Male"
"9004152",371985,2025-06-29 09:26:09,42.3980293273926,-8.92044925689697,"Male"
"9004152",371985,2025-06-29 09:31:14,42.3980979919434,-8.92025470733643,"Male"
"9004152",371985,2025-06-29 09:36:00,42.397891998291,-8.9202823638916,"Male"
"9004152",371985,2025-06-29 09:41:00,42.3978843688965,-8.92043495178223,"Male"
"9004152",371985,2025-06-29 09:46:00,42.3979377746582,-8.9203929901123,"Male"
"9004152",371985,2025-06-29 09:51:00,42.3974952697754,-8.91946220397949,"Male"
"9004152",371985,2025-06-29 09:56:01,42.4004707336426,-8.89631843566895,"Male"
"9004152",371985,2025-06-29 10:01:03,42.4097290039062,-8.87631034851074,"Male"
"9004152",371985,2025-06-29 10:06:42,42.4115333557129,-8.87659454345703,"Male"
"9004152",371985,2025-06-29 10:12:18,42.4128837585449,-8.87787437438965,"Male"
"9004152",371985,2025-06-29 10:23:05,42.4145317077637,-8.87709903717041,"Male"
"9004152",371985,2025-06-29 10:27:36,42.4145317077637,-8.87711143493652,"Male"
"9004152",371985,2025-06-29 10:32:36,42.4145660400391,-8.87711143493652,"Male"
"9004152",371985,2025-06-29 10:37:37,42.4145317077637,-8.87707328796387,"Male"
"9004152",371985,2025-06-29 10:42:36,42.4145164489746,-8.87710571289062,"Male"
"9004152",371985,2025-06-29 10:47:36,42.4145164489746,-8.877121925354,"Male"
"9004152",371985,2025-06-29 10:52:36,42.4145278930664,-8.8771800994873,"Male"
"9004152",371985,2025-06-29 10:57:36,42.4145393371582,-8.8770809173584,"Male"
"9004152",371985,2025-06-29 11:02:36,42.4145469665527,-8.87717151641846,"Male"
"9004152",371985,2025-06-29 11:07:36,42.4145240783691,-8.8771390914917,"Male"
"9004152",371985,2025-06-29 11:12:38,42.41455078125,-8.87710285186768,"Male"
"9004152",371985,2025-06-29 11:17:36,42.4145660400391,-8.87720394134521,"Male"
"9004152",371985,2025-06-29 11:23:05,42.4145393371582,-8.8771333694458,"Male"
"9004152",371985,2025-06-29 11:27:36,42.4144401550293,-8.87718963623047,"Male"
"9004152",371985,2025-06-29 11:32:34,42.4144592285156,-8.87721538543701,"Male"
"9004152",371985,2025-06-29 11:37:34,42.4144706726074,-8.87714099884033,"Male"
"9004152",371985,2025-06-29 11:42:34,42.414478302002,-8.87719440460205,"Male"
"9004152",371985,2025-06-29 11:47:36,42.4144134521484,-8.87721252441406,"Male"
"9004152",371985,2025-06-29 11:52:36,42.414478302002,-8.87716960906982,"Male"
"9004152",371985,2025-06-29 11:57:36,42.4144401550293,-8.87721252441406,"Male"
"9004152",371985,2025-06-29 12:02:34,42.4144744873047,-8.87713146209717,"Male"
"9004152",371985,2025-06-29 12:07:34,42.4144859313965,-8.87712097167969,"Male"
"9004152",371985,2025-06-29 12:12:36,42.4145050048828,-8.87713146209717,"Male"
"9004152",371985,2025-06-29 12:17:34,42.4144973754883,-8.87709617614746,"Male"
"9004152",371985,2025-06-29 12:22:34,42.4144973754883,-8.87717151641846,"Male"
"9004152",371985,2025-06-29 12:27:34,42.4145050048828,-8.87715625762939,"Male"
"9004152",371985,2025-06-29 12:32:37,42.4144439697266,-8.87716007232666,"Male"
"9004152",371985,2025-06-29 12:37:34,42.4144401550293,-8.87713146209717,"Male"
"9004152",371985,2025-06-29 12:42:34,42.4144859313965,-8.87716770172119,"Male"
"9004152",371985,2025-06-29 12:47:34,42.4144668579102,-8.87716770172119,"Male"
"9004152",371985,2025-06-29 12:52:34,42.414478302002,-8.8771448135376,"Male"
"9004152",371985,2025-06-29 12:57:34,42.4143981933594,-8.87716865539551,"Male"
"9004152",371985,2025-06-29 13:02:34,42.4144172668457,-8.87720012664795,"Male"
"9004152",371985,2025-06-29 13:07:34,42.414421081543,-8.87721729278564,"Male"
"9004152",371985,2025-06-29 13:12:34,42.4144325256348,-8.87716388702393,"Male"
"9004152",371985,2025-06-29 13:17:34,42.4144172668457,-8.87712097167969,"Male"
"9004152",371985,2025-06-29 13:22:34,42.4139938354492,-8.87676429748535,"Male"
"9004152",371985,2025-06-29 13:27:49,42.4126014709473,-8.87672138214111,"Male"
"9004152",371985,2025-06-29 13:33:09,42.4117393493652,-8.87633514404297,"Male"
"9004152",371985,2025-06-29 13:38:08,42.4113693237305,-8.87673854827881,"Male"
"9004152",371985,2025-06-29 13:43:43,42.4106941223145,-8.87655544281006,"Male"
"9004152",371985,2025-06-29 13:48:53,42.4111824035645,-8.87620162963867,"Male"
"9004152",371985,2025-06-29 13:54:20,42.4110908508301,-8.87443065643311,"Male"
"9004152",371985,2025-06-29 13:59:18,42.4107284545898,-8.87386798858643,"Male"
"9004152",371985,2025-06-29 14:05:02,42.4112396240234,-8.87253475189209,"Male"
"9004152",371985,2025-06-29 14:10:40,42.4122886657715,-8.87300109863281,"Male"
"9004152",371985,2025-06-29 14:16:44,42.4138374328613,-8.87360286712646,"Male"
"9004152",371985,2025-06-29 14:21:42,42.4137344360352,-8.87347602844238,"Male"
"9004152",371985,2025-06-29 14:26:41,42.4139060974121,-8.87365818023682,"Male"
"9004152",371985,2025-06-29 14:31:40,42.4138526916504,-8.87363910675049,"Male"
"9004152",371985,2025-06-29 14:36:48,42.4138031005859,-8.87354850769043,"Male"
"9004152",371985,2025-06-29 14:41:40,42.4137725830078,-8.87348556518555,"Male"
"9004152",371985,2025-06-29 14:46:48,42.413761138916,-8.87351894378662,"Male"
"9004152",371985,2025-06-29 14:51:48,42.4137535095215,-8.87355327606201,"Male"
"9004152",371985,2025-06-29 14:56:50,42.4136848449707,-8.8735408782959,"Male"
"9004152",371985,2025-06-29 15:01:48,42.4137420654297,-8.87352085113525,"Male"
"9004152",371985,2025-06-29 15:06:48,42.4137535095215,-8.87343788146973,"Male"
"9004152",371985,2025-06-29 15:11:48,42.4136619567871,-8.87343597412109,"Male"
"9004152",371985,2025-06-29 15:17:05,42.4137954711914,-8.87346267700195,"Male"
"9004152",371985,2025-06-29 15:21:40,42.4137077331543,-8.87352657318115,"Male"
"9004152",371985,2025-06-29 15:26:40,42.4127883911133,-8.87381744384766,"Male"
"9004152",371985,2025-06-29 15:31:41,42.4122009277344,-8.87403106689453,"Male"
"9004152",371985,2025-06-29 15:36:40,42.4116363525391,-8.87390804290771,"Male"
"9004152",371985,2025-06-29 15:41:40,42.4114456176758,-8.87344932556152,"Male"
"9004152",371985,2025-06-29 15:46:41,42.4113655090332,-8.87247657775879,"Male"
"9004152",371985,2025-06-29 15:52:21,42.4115982055664,-8.87070751190186,"Male"
"9004152",371985,2025-06-29 15:58:03,42.4111289978027,-8.87089920043945,"Male"
"9004152",371985,2025-06-29 16:03:02,42.4104995727539,-8.87132358551025,"Male"
"9004152",371985,2025-06-29 16:08:36,42.4101524353027,-8.87016296386719,"Male"
"9004152",371985,2025-06-29 16:14:10,42.4098625183105,-8.87113857269287,"Male"
"9004152",371985,2025-06-29 16:19:31,42.410099029541,-8.87206554412842,"Male"
"9004152",371985,2025-06-29 16:25:09,42.4105644226074,-8.87262344360352,"Male"
"9004152",371985,2025-06-29 16:30:41,42.4096374511719,-8.8723783493042,"Male"
"9004152",371985,2025-06-29 16:36:13,42.4088134765625,-8.87142944335938,"Male"
"9004152",371985,2025-06-29 16:41:33,42.4087028503418,-8.87101650238037,"Male"
"9004152",371985,2025-06-29 16:46:53,42.409496307373,-8.86997985839844,"Male"
"9004152",371985,2025-06-29 16:52:08,42.4106636047363,-8.87021446228027,"Male"
"9004152",371985,2025-06-29 16:57:55,42.4103012084961,-8.87021255493164,"Male"
"9004152",371985,2025-06-29 17:02:54,42.4103393554688,-8.87080764770508,"Male"
"9004152",371985,2025-06-29 17:07:55,42.4105377197266,-8.87194538116455,"Male"
"9004152",371985,2025-06-29 17:12:57,42.4101791381836,-8.87351703643799,"Male"
"9004152",371985,2025-06-29 17:18:06,42.3986930847168,-8.85797023773193,"Male"
"9004152",371985,2025-06-29 17:23:06,42.3987121582031,-8.85801601409912,"Male"
"9004152",371985,2025-06-29 17:28:06,42.3986549377441,-8.8578987121582,"Male"
"9004152",371985,2025-06-29 17:33:06,42.3986396789551,-8.85803031921387,"Male"
"9004152",371985,2025-06-29 17:38:06,42.3987007141113,-8.8580265045166,"Male"
"9004152",371985,2025-06-29 17:43:08,42.3986892700195,-8.85799789428711,"Male"
"9004152",371985,2025-06-29 17:48:06,42.3986549377441,-8.85796070098877,"Male"
"9004152",371985,2025-06-29 17:53:06,42.3987045288086,-8.85797500610352,"Male"
"9004152",371985,2025-06-29 17:58:05,42.3988418579102,-8.85820770263672,"Male"
"9004152",371985,2025-06-29 18:03:06,42.3987426757812,-8.85810565948486,"Male"
"9004152",371985,2025-06-29 18:08:01,42.39892578125,-8.85812854766846,"Male"
"9004152",371985,2025-06-29 18:13:06,42.3988380432129,-8.85814094543457,"Male"
"9004152",371985,2025-06-29 18:18:01,42.398796081543,-8.85837078094482,"Male"
"9004152",371985,2025-06-29 18:23:06,42.398811340332,-8.85841751098633,"Male"
"9004152",371985,2025-06-29 18:28:08,42.3987998962402,-8.85834217071533,"Male"
"9004152",371985,2025-06-29 18:33:12,42.3986167907715,-8.85819149017334,"Male"
"9004152",371985,2025-06-29 18:37:57,42.3982849121094,-8.85839557647705,"Male"
"9004152",371985,2025-06-29 18:42:55,42.3974609375,-8.85803699493408,"Male"
"9004152",371985,2025-06-29 18:47:55,42.3974571228027,-8.85809516906738,"Male"
"9004152",371985,2025-06-29 18:52:54,42.3984451293945,-8.85816764831543,"Male"
"9004152",371985,2025-06-29 18:57:55,42.3985290527344,-8.85780906677246,"Male"
"9004152",371985,2025-06-29 19:02:56,42.3974113464355,-8.85798263549805,"Male"
"9004152",371985,2025-06-29 19:07:54,42.397575378418,-8.85805511474609,"Male"
"9004152",371985,2025-06-29 19:12:56,42.3979797363281,-8.85915946960449,"Male"
"9004152",371985,2025-06-29 19:17:55,42.3982467651367,-8.85870552062988,"Male"
"9004152",371985,2025-06-29 19:23:06,42.3984222412109,-8.85852527618408,"Male"
"9004152",371985,2025-06-29 19:28:09,42.3982734680176,-8.85851001739502,"Male"
"9004152",371985,2025-06-29 19:33:18,42.3983039855957,-8.85691928863525,"Male"
"9004152",371985,2025-06-29 19:37:58,42.3976287841797,-8.8557596206665,"Male"
"9004152",371985,2025-06-29 19:43:05,42.3984069824219,-8.85893726348877,"Male"
"9004152",371985,2025-06-29 19:48:06,42.3984222412109,-8.85896873474121,"Male"
"9004152",371985,2025-06-29 19:53:11,42.3984260559082,-8.85897064208984,"Male"
"9004152",371985,2025-06-29 19:57:58,42.3846321105957,-8.85270500183105,"Male"
"9004152",371985,2025-06-29 20:03:08,42.3994293212891,-8.85007762908936,"Male"
"9004152",371985,2025-06-29 20:08:25,42.3989295959473,-8.85895824432373,"Male"
"9004152",371985,2025-06-29 20:13:05,42.3990211486816,-8.85907649993896,"Male"
"9004152",371985,2025-06-29 20:18:29,42.3982200622559,-8.85417938232422,"Male"
"9004152",371985,2025-06-29 20:23:05,42.3986778259277,-8.85789394378662,"Male"
"9004152",371985,2025-06-29 20:28:02,42.3987083435059,-8.85787010192871,"Male"
"9004152",371985,2025-06-29 20:33:09,42.3986129760742,-8.85802173614502,"Male"
"9004152",371985,2025-06-29 20:38:07,42.3986930847168,-8.85778331756592,"Male"
"9004152",371985,2025-06-29 20:43:07,42.3985214233398,-8.85818767547607,"Male"
"9004152",371985,2025-06-29 20:48:15,42.3981819152832,-8.8583927154541,"Male"
"9004152",371985,2025-06-29 20:53:29,42.3986129760742,-8.85791301727295,"Male"
"9004152",371985,2025-06-29 20:57:54,42.3986206054688,-8.85797882080078,"Male"
"9004152",371985,2025-06-29 21:02:53,42.3986511230469,-8.85786628723145,"Male"
"9004152",371985,2025-06-29 21:07:53,42.3986663818359,-8.8578519821167,"Male"
"9004152",371985,2025-06-29 21:12:54,42.3987121582031,-8.85794925689697,"Male"
"9004152",371985,2025-06-29 21:17:57,42.4002685546875,-8.85730075836182,"Male"
"9004152",371985,2025-06-29 21:22:54,42.3993759155273,-8.85914611816406,"Male"
"9004152",371985,2025-06-29 21:27:53,42.3991661071777,-8.85953807830811,"Male"
"9004152",371985,2025-06-29 21:32:54,42.3999633789062,-8.8587532043457,"Male"
"9004152",371985,2025-06-29 21:37:54,42.3999137878418,-8.85880470275879,"Male"
"9004152",371985,2025-06-29 21:42:54,42.3992233276367,-8.85949325561523,"Male"
"9004152",371985,2025-06-29 21:48:05,42.4000663757324,-8.85856246948242,"Male"
"9004152",371985,2025-06-29 21:53:11,42.3982276916504,-8.85867404937744,"Male"
"9004152",371985,2025-06-29 21:57:54,42.3994255065918,-8.858962059021,"Male"
"9004152",371985,2025-06-29 22:02:53,42.3996391296387,-8.85901260375977,"Male"
"9004152",371985,2025-06-29 22:07:54,42.399471282959,-8.85893726348877,"Male"
"9004152",371985,2025-06-29 22:12:54,42.3983879089355,-8.85863780975342,"Male"
"9004152",371985,2025-06-29 22:17:54,42.39990234375,-8.85835933685303,"Male"
"9004152",371985,2025-06-29 22:22:54,42.3998947143555,-8.85833358764648,"Male"
"9004152",371985,2025-06-29 22:27:54,42.4000358581543,-8.85823440551758,"Male"
"9004152",371985,2025-06-29 22:32:54,42.4000205993652,-8.85818099975586,"Male"
"9004152",371985,2025-06-29 22:37:54,42.3984146118164,-8.8581485748291,"Male"
"9004152",371985,2025-06-29 22:42:54,42.4001541137695,-8.85799503326416,"Male"
"9004152",371985,2025-06-29 22:47:54,42.4000129699707,-8.85831260681152,"Male"
"9004152",371985,2025-06-29 22:52:54,42.4003486633301,-8.85756683349609,"Male"
"9004152",371985,2025-06-29 22:57:54,42.400318145752,-8.85754489898682,"Male"
"9004152",371985,2025-06-29 23:02:54,42.3986549377441,-8.85803318023682,"Male"
"9004152",371985,2025-06-29 23:07:54,42.3987007141113,-8.85791683197021,"Male"
"9004152",371985,2025-06-29 23:12:54,42.3988342285156,-8.85771751403809,"Male"
"9004152",371985,2025-06-29 23:17:58,42.3983840942383,-8.85706996917725,"Male"
"9004152",371985,2025-06-29 23:22:57,42.3983612060547,-8.85730934143066,"Male"
"9004152",371985,2025-06-29 23:27:57,42.397891998291,-8.85726451873779,"Male"
"9004152",371985,2025-06-29 23:33:01,42.3986053466797,-8.8576021194458,"Male"
"9004152",371985,2025-06-29 23:37:57,42.3976898193359,-8.85750198364258,"Male"
"9004152",371985,2025-06-29 23:42:56,42.398120880127,-8.85730075836182,"Male"
"9004152",371985,2025-06-29 23:47:55,42.3976249694824,-8.8570032119751,"Male"
"9004152",371985,2025-06-29 23:52:57,42.3977355957031,-8.8575963973999,"Male"
"9004152",371985,2025-06-29 23:57:57,42.397819519043,-8.85785102844238,"Male"
"9004152",371985,2025-06-30 00:03:06,42.3997192382812,-8.85736083984375,"Male"
"9004152",371985,2025-06-30 00:07:57,42.3975410461426,-8.85811805725098,"Male"
"9004152",371985,2025-06-30 00:12:57,42.3978614807129,-8.85795211791992,"Male"
"9004152",371985,2025-06-30 00:17:56,42.3971176147461,-8.86070823669434,"Male"
"9004152",371985,2025-06-30 00:23:06,42.3981475830078,-8.86023807525635,"Male"
"9004152",371985,2025-06-30 00:28:06,42.3978576660156,-8.85995864868164,"Male"
"9004152",371985,2025-06-30 00:32:59,42.3965644836426,-8.85998916625977,"Male"
"9004152",371985,2025-06-30 00:38:14,42.398136138916,-8.86317729949951,"Male"
"9004152",371985,2025-06-30 00:42:55,42.3981437683105,-8.86315250396729,"Male"
"9004152",371985,2025-06-30 00:47:54,42.3977165222168,-8.86213874816895,"Male"
"9004152",371985,2025-06-30 00:52:55,42.3970260620117,-8.86174964904785,"Male"
"9004152",371985,2025-06-30 00:57:54,42.3965873718262,-8.86134052276611,"Male"
"9004152",371985,2025-06-30 01:02:57,42.3962631225586,-8.85980033874512,"Male"
"9004152",371985,2025-06-30 01:08:11,42.4006462097168,-8.86214447021484,"Male"
"9004152",371985,2025-06-30 01:13:14,42.3987045288086,-8.85767555236816,"Male"
"9004152",371985,2025-06-30 01:17:59,42.3983879089355,-8.85761451721191,"Male"
"9004152",371985,2025-06-30 01:22:54,42.3985633850098,-8.8577241897583,"Male"
"9004152",371985,2025-06-30 01:27:57,42.3983612060547,-8.85764598846436,"Male"
"9004152",371985,2025-06-30 01:32:54,42.3988609313965,-8.8574333190918,"Male"
"9004152",371985,2025-06-30 01:37:54,42.3988800048828,-8.85794734954834,"Male"
"9004152",371985,2025-06-30 01:43:02,42.3985290527344,-8.85844230651855,"Male"
"9004152",371985,2025-06-30 01:48:20,42.3982009887695,-8.85884380340576,"Male"
"9004152",371985,2025-06-30 01:53:10,42.3987007141113,-8.85939502716064,"Male"
"9004152",371985,2025-06-30 01:58:09,42.3987007141113,-8.85832023620605,"Male"
"9004152",371985,2025-06-30 02:03:07,42.398796081543,-8.85911178588867,"Male"
"9004152",371985,2025-06-30 02:08:04,42.3986778259277,-8.85841369628906,"Male"
"9004152",371985,2025-06-30 02:13:01,42.3987579345703,-8.85853385925293,"Male"
"9004152",371985,2025-06-30 02:18:11,42.3987922668457,-8.85815143585205,"Male"
"9004152",371985,2025-06-30 02:22:55,42.3986892700195,-8.8580379486084,"Male"
"9004152",371985,2025-06-30 02:27:54,42.3984336853027,-8.85802364349365,"Male"
"9004152",371985,2025-06-30 02:32:54,42.3986701965332,-8.85810279846191,"Male"
"9004152",371985,2025-06-30 02:37:56,42.3987655639648,-8.85773086547852,"Male"
"9004152",371985,2025-06-30 02:42:57,42.3985824584961,-8.8579683303833,"Male"
"9004152",371985,2025-06-30 02:48:10,42.3987846374512,-8.85823535919189,"Male"
"9004152",371985,2025-06-30 02:52:55,42.3987693786621,-8.85807132720947,"Male"
"9004152",371985,2025-06-30 02:57:54,42.3990173339844,-8.85778713226318,"Male"
"9004152",371985,2025-06-30 03:02:54,42.3989906311035,-8.85785579681396,"Male"
"9004152",371985,2025-06-30 03:07:54,42.3991355895996,-8.85768985748291,"Male"
"9004152",371985,2025-06-30 03:12:56,42.398796081543,-8.85781288146973,"Male"
"9004152",371985,2025-06-30 03:17:54,42.39892578125,-8.85793304443359,"Male"
"9004152",371985,2025-06-30 03:22:54,42.3990859985352,-8.85790252685547,"Male"
"9004152",371985,2025-06-30 03:27:54,42.3990783691406,-8.85783958435059,"Male"
"9004152",371985,2025-06-30 03:32:54,42.3991050720215,-8.85793018341064,"Male"
"9004152",371985,2025-06-30 03:37:55,42.3990287780762,-8.85785007476807,"Male"
"9004152",371985,2025-06-30 03:42:55,42.3981704711914,-8.85851860046387,"Male"
"9004152",371985,2025-06-30 03:47:55,42.3980522155762,-8.85896682739258,"Male"
"9004152",371985,2025-06-30 03:53:14,42.3978385925293,-8.85888957977295,"Male"
"9004152",371985,2025-06-30 03:57:58,42.3982467651367,-8.85847854614258,"Male"
"9004152",371985,2025-06-30 04:02:55,42.3984642028809,-8.85801124572754,"Male"
"9004152",371985,2025-06-30 04:07:55,42.3984107971191,-8.85825347900391,"Male"
"9004152",371985,2025-06-30 04:12:54,42.3974609375,-8.85826206207275,"Male"
"9004152",371985,2025-06-30 04:17:58,42.3983459472656,-8.85936641693115,"Male"
"9004152",371985,2025-06-30 04:22:54,42.3984146118164,-8.85909843444824,"Male"
"9004152",371985,2025-06-30 04:27:55,42.3983383178711,-8.85908603668213,"Male"
"9004152",371985,2025-06-30 04:32:54,42.3984603881836,-8.8597297668457,"Male"
"9004152",371985,2025-06-30 04:37:55,42.3983039855957,-8.8590087890625,"Male"
"9004152",371985,2025-06-30 04:42:54,42.3982276916504,-8.85903167724609,"Male"
"9004152",371985,2025-06-30 04:47:55,42.3980674743652,-8.8590784072876,"Male"
"9004152",371985,2025-06-30 04:52:55,42.3981666564941,-8.8588981628418,"Male"
"9004152",371985,2025-06-30 04:57:55,42.3981246948242,-8.85889530181885,"Male"
"9004152",371985,2025-06-30 05:02:55,42.3981285095215,-8.85889911651611,"Male"
"9004152",371985,2025-06-30 05:07:55,42.3981628417969,-8.85882377624512,"Male"
"9004152",371985,2025-06-30 05:12:55,42.3981513977051,-8.85877704620361,"Male"
"9004152",371985,2025-06-30 05:17:57,42.3983840942383,-8.85866451263428,"Male"
"9004152",371985,2025-06-30 05:22:54,42.398193359375,-8.85879421234131,"Male"
"9004152",371985,2025-06-30 05:27:54,42.3981781005859,-8.85895156860352,"Male"
"9004152",371985,2025-06-30 05:32:56,42.398120880127,-8.85888195037842,"Male"
"9004152",371985,2025-06-30 05:37:55,42.3982734680176,-8.85879516601562,"Male"
"9004152",371985,2025-06-30 05:42:59,42.3984222412109,-8.85902500152588,"Male"
"9004152",371985,2025-06-30 05:47:56,42.3984146118164,-8.85906887054443,"Male"
"9004152",371985,2025-06-30 05:52:57,42.3987693786621,-8.85832595825195,"Male"
"9004152",371985,2025-06-30 05:58:05,42.3988189697266,-8.85781002044678,"Male"
"9004152",371985,2025-06-30 06:03:07,42.3984107971191,-8.85811996459961,"Male"
"9004152",371985,2025-06-30 06:08:14,42.3985290527344,-8.85794448852539,"Male"
"9004152",371985,2025-06-30 06:12:54,42.3990173339844,-8.85762214660645,"Male"
"9004152",371985,2025-06-30 06:17:57,42.3990249633789,-8.8582067489624,"Male"
"9004152",371985,2025-06-30 06:22:55,42.3985977172852,-8.85780620574951,"Male"
"9004152",371985,2025-06-30 06:27:58,42.3993606567383,-8.85687351226807,"Male"
"9004152",371985,2025-06-30 06:32:55,42.398609161377,-8.85745525360107,"Male"
"9004152",371985,2025-06-30 06:37:55,42.3985252380371,-8.85734367370605,"Male"
"9004152",371985,2025-06-30 06:42:54,42.3985214233398,-8.85737037658691,"Male"
"9004152",371985,2025-06-30 06:47:56,42.3985710144043,-8.85623741149902,"Male"
"9004152",371985,2025-06-30 06:52:58,42.3987007141113,-8.85495853424072,"Male"
"9004152",371985,2025-06-30 06:58:05,42.3984413146973,-8.85844039916992,"Male"
"9004152",371985,2025-06-30 07:03:47,42.4091873168945,-8.87130451202393,"Male"
"9004152",371985,2025-06-30 07:08:47,42.408145904541,-8.8713903427124,"Male"
"9004152",371985,2025-06-30 07:13:47,42.4090728759766,-8.87169456481934,"Male"
"9004152",371985,2025-06-30 07:19:42,42.4095916748047,-8.87071514129639,"Male"
"9004152",371985,2025-06-30 07:24:42,42.4103126525879,-8.87102794647217,"Male"
"9004152",371985,2025-06-30 07:30:12,42.410514831543,-8.87429714202881,"Male"
"9004152",371985,2025-06-30 07:35:39,42.4101371765137,-8.87549114227295,"Male"
"9004152",371985,2025-06-30 07:40:50,42.4106864929199,-8.87712097167969,"Male"
"9004152",371985,2025-06-30 07:46:09,42.4110527038574,-8.87794971466064,"Male"
"9004152",371985,2025-06-30 07:51:25,42.4119873046875,-8.87766742706299,"Male"
"9004152",371985,2025-06-30 07:56:56,42.4136390686035,-8.87765216827393,"Male"
"9004152",371985,2025-06-30 08:02:24,42.4149436950684,-8.87802314758301,"Male"
"9004152",371985,2025-06-30 08:06:56,42.4149131774902,-8.87814807891846,"Male"
"9004152",371985,2025-06-30 08:11:55,42.4150009155273,-8.87808704376221,"Male"
"9004152",371985,2025-06-30 08:16:55,42.4149742126465,-8.87807559967041,"Male"
"9004152",371985,2025-06-30 08:21:56,42.4149475097656,-8.8779993057251,"Male"
"9004152",371985,2025-06-30 08:26:55,42.4149589538574,-8.87797737121582,"Male"
"9004152",371985,2025-06-30 08:31:55,42.4149017333984,-8.87786960601807,"Male"
"9004152",371985,2025-06-30 08:36:55,42.4149131774902,-8.87781810760498,"Male"
"9004152",371985,2025-06-30 08:41:55,42.4150428771973,-8.87828731536865,"Male"
"9004152",371985,2025-06-30 08:46:56,42.4150657653809,-8.87835597991943,"Male"
"9004152",371985,2025-06-30 08:51:55,42.4151420593262,-8.87829875946045,"Male"
"9004152",371985,2025-06-30 08:56:56,42.4154205322266,-8.87836742401123,"Male"
"9004152",371985,2025-06-30 09:01:55,42.415454864502,-8.87833213806152,"Male"
"9004152",371985,2025-06-30 09:06:59,42.4154624938965,-8.87830829620361,"Male"
"9004152",371985,2025-06-30 09:11:55,42.4154052734375,-8.8781909942627,"Male"
"9004152",371985,2025-06-30 09:16:55,42.415355682373,-8.87831211090088,"Male"
"9004152",371985,2025-06-30 09:21:55,42.4153900146484,-8.87834453582764,"Male"
"9004152",371985,2025-06-30 09:26:55,42.415397644043,-8.87827491760254,"Male"
"9004152",371985,2025-06-30 09:31:55,42.4154052734375,-8.87835502624512,"Male"
"9004152",371985,2025-06-30 09:36:55,42.4153366088867,-8.87823963165283,"Male"
"9004152",371985,2025-06-30 09:41:56,42.4153137207031,-8.87821292877197,"Male"
"9004152",371985,2025-06-30 09:46:55,42.4153900146484,-8.87845802307129,"Male"
"9004152",371985,2025-06-30 09:51:56,42.4113388061523,-8.87567901611328,"Male"
"9004152",371985,2025-06-30 09:58:18,42.4106483459473,-8.87438011169434,"Male"
"9004152",371985,2025-06-30 10:03:27,42.4108085632324,-8.87328052520752,"Male"
"9004152",371985,2025-06-30 10:08:56,42.4109268188477,-8.87363052368164,"Male"
"9004152",371985,2025-06-30 10:14:20,42.4115943908691,-8.87285137176514,"Male"
"9004152",371985,2025-06-30 10:19:23,42.4127578735352,-8.87240028381348,"Male"
"9004152",371985,2025-06-30 10:24:33,42.4108505249023,-8.87309074401855,"Male"
"9004152",371985,2025-06-30 10:30:06,42.412525177002,-8.87284088134766,"Male"
"9004152",371985,2025-06-30 10:35:07,42.4138450622559,-8.87340545654297,"Male"
"9004152",371985,2025-06-30 10:40:07,42.4138107299805,-8.87325477600098,"Male"
"9004152",371985,2025-06-30 10:45:06,42.4139137268066,-8.8731517791748,"Male"
"9004152",371985,2025-06-30 10:50:06,42.4138946533203,-8.8732385635376,"Male"
"9004152",371985,2025-06-30 10:55:06,42.4139022827148,-8.87316989898682,"Male"
"9004152",371985,2025-06-30 11:00:06,42.4138603210449,-8.87325191497803,"Male"
"9004152",371985,2025-06-30 11:05:06,42.413875579834,-8.87321949005127,"Male"
"9004152",371985,2025-06-30 11:10:06,42.4138717651367,-8.87320899963379,"Male"
"9004152",371985,2025-06-30 11:15:06,42.4139938354492,-8.87326049804688,"Male"
"9004152",371985,2025-06-30 11:20:07,42.4140663146973,-8.87331771850586,"Male"
"9004152",371985,2025-06-30 11:25:06,42.4140739440918,-8.87338733673096,"Male"
"9004152",371985,2025-06-30 11:30:06,42.4139442443848,-8.87342548370361,"Male"
"9004152",371985,2025-06-30 11:35:06,42.4139862060547,-8.87343502044678,"Male"
"9004152",371985,2025-06-30 11:40:06,42.413990020752,-8.87340927124023,"Male"
"9004152",371985,2025-06-30 11:45:06,42.4139785766602,-8.87352848052979,"Male"
"9004152",371985,2025-06-30 11:50:06,42.414005279541,-8.87356281280518,"Male"
"9004152",371985,2025-06-30 11:55:06,42.4139633178711,-8.87360954284668,"Male"
"9004152",371985,2025-06-30 12:00:07,42.4139213562012,-8.87363815307617,"Male"
"9004152",371985,2025-06-30 12:05:06,42.4140129089355,-8.87362480163574,"Male"
"9004152",371985,2025-06-30 12:10:06,42.4139404296875,-8.87365245819092,"Male"
"9004152",371985,2025-06-30 12:15:06,42.4139137268066,-8.87362957000732,"Male"
"9004152",371985,2025-06-30 12:20:06,42.4138679504395,-8.87364768981934,"Male"
"9004152",371985,2025-06-30 12:25:07,42.4138984680176,-8.87369251251221,"Male"
"9004152",371985,2025-06-30 12:30:06,42.4139823913574,-8.87366676330566,"Male"
"9004152",371985,2025-06-30 12:35:06,42.4138984680176,-8.87369346618652,"Male"
"9004152",371985,2025-06-30 12:40:06,42.4138603210449,-8.87366199493408,"Male"
"9004152",371985,2025-06-30 12:45:32,42.412712097168,-8.87334442138672,"Male"
"9004152",371985,2025-06-30 12:50:46,42.4129104614258,-8.87165641784668,"Male"
"9004152",371985,2025-06-30 12:55:44,42.4125633239746,-8.87074184417725,"Male"
"9004152",371985,2025-06-30 13:00:52,42.4113082885742,-8.87166500091553,"Male"
"9004152",371985,2025-06-30 13:05:54,42.4118804931641,-8.87144756317139,"Male"
"9004152",371985,2025-06-30 13:10:54,42.4122848510742,-8.87085151672363,"Male"
"9004152",371985,2025-06-30 13:16:31,42.411979675293,-8.87133312225342,"Male"
"9004152",371985,2025-06-30 13:22:07,42.4115753173828,-8.87054920196533,"Male"
"9004152",371985,2025-06-30 13:27:40,42.4114532470703,-8.87144470214844,"Male"
"9004152",371985,2025-06-30 13:33:13,42.4114456176758,-8.87144374847412,"Male"
"9004152",371985,2025-06-30 13:39:15,42.411449432373,-8.87128925323486,"Male"
"9004152",371985,2025-06-30 13:44:53,42.4111938476562,-8.87130165100098,"Male"
"9004152",371985,2025-06-30 13:50:17,42.4111824035645,-8.87095546722412,"Male"
"9004152",371985,2025-06-30 13:55:56,42.4104537963867,-8.87001800537109,"Male"
"9004152",371985,2025-06-30 14:01:26,42.4107093811035,-8.87117671966553,"Male"
"9004152",371985,2025-06-30 14:07:08,42.4097480773926,-8.87005996704102,"Male"
"9004152",371985,2025-06-30 14:12:06,42.4093208312988,-8.87022590637207,"Male"
"9004152",371985,2025-06-30 14:17:33,42.4100875854492,-8.87058925628662,"Male"
"9004152",371985,2025-06-30 14:23:18,42.4109115600586,-8.87038993835449,"Male"
"9004152",371985,2025-06-30 14:28:18,42.410026550293,-8.86993598937988,"Male"
"9004152",371985,2025-06-30 14:33:19,42.4089317321777,-8.86883068084717,"Male"
"9004152",371985,2025-06-30 14:38:19,42.4086151123047,-8.87048435211182,"Male"
"9004152",371985,2025-06-30 14:43:18,42.4074630737305,-8.87082481384277,"Male"
"9004152",371985,2025-06-30 14:48:17,42.3984375,-8.85780715942383,"Male"
"9004152",371985,2025-06-30 14:53:18,42.3983726501465,-8.85773181915283,"Male"
"9004152",371985,2025-06-30 14:58:18,42.3983840942383,-8.85762023925781,"Male"
"9004152",371985,2025-06-30 15:03:19,42.3984603881836,-8.85763835906982,"Male"
"9004152",371985,2025-06-30 15:08:19,42.3983955383301,-8.857590675354,"Male"
"9004152",371985,2025-06-30 15:13:19,42.3983993530273,-8.85763645172119,"Male"
"9004152",371985,2025-06-30 15:18:18,42.3982238769531,-8.85739898681641,"Male"
"9004152",371985,2025-06-30 15:23:24,42.3984985351562,-8.85757923126221,"Male"
"9004152",371985,2025-06-30 15:28:21,42.3985824584961,-8.85743045806885,"Male"
"9004152",371985,2025-06-30 15:33:23,42.3985252380371,-8.85745334625244,"Male"
"9004152",371985,2025-06-30 15:38:36,42.3986778259277,-8.85773277282715,"Male"
"9004152",371985,2025-06-30 15:43:44,42.3985900878906,-8.85785865783691,"Male"
"9004152",371985,2025-06-30 15:48:18,42.3985176086426,-8.85793876647949,"Male"
"9004152",371985,2025-06-30 15:53:17,42.3985023498535,-8.85786914825439,"Male"
"9004152",371985,2025-06-30 15:58:17,42.3984565734863,-8.85800457000732,"Male"
"9004152",371985,2025-06-30 16:03:17,42.3985061645508,-8.85790729522705,"Male"
"9004152",371985,2025-06-30 16:08:17,42.3985214233398,-8.85787010192871,"Male"
"9004152",371985,2025-06-30 16:13:17,42.3984718322754,-8.85804748535156,"Male"
"9004152",371985,2025-06-30 16:18:17,42.3984756469727,-8.8580150604248,"Male"
"9004152",371985,2025-06-30 16:23:17,42.3985786437988,-8.85791969299316,"Male"
"9004152",371985,2025-06-30 16:28:17,42.3984298706055,-8.85800266265869,"Male"
"9004152",371985,2025-06-30 16:33:18,42.3985214233398,-8.85814666748047,"Male"
"9004152",371985,2025-06-30 16:38:18,42.3984985351562,-8.85817050933838,"Male"
"9004152",371985,2025-06-30 16:43:18,42.3983154296875,-8.85797882080078,"Male"
"9004152",371985,2025-06-30 16:48:18,42.3982200622559,-8.85801029205322,"Male"
"9004152",371985,2025-06-30 16:53:23,42.3984642028809,-8.85798931121826,"Male"
"9004152",371985,2025-06-30 16:58:24,42.398307800293,-8.85812854766846,"Male"
"9004152",371985,2025-06-30 17:03:18,42.4001350402832,-8.85825157165527,"Male"
"9004152",371985,2025-06-30 17:08:25,42.3985176086426,-8.857985496521,"Male"
"9004152",371985,2025-06-30 17:13:19,42.398494720459,-8.85797309875488,"Male"
"9004152",371985,2025-06-30 17:18:19,42.3985404968262,-8.85811328887939,"Male"
"9004152",371985,2025-06-30 17:23:17,42.399772644043,-8.85866546630859,"Male"
"9004152",371985,2025-06-30 17:28:18,42.3992919921875,-8.85853576660156,"Male"
"9004152",371985,2025-06-30 17:33:17,42.397045135498,-8.85919284820557,"Male"
"9004152",371985,2025-06-30 17:38:17,42.3992500305176,-8.85865497589111,"Male"
"9004152",371985,2025-06-30 17:43:17,42.399040222168,-8.858473777771,"Male"
"9004152",371985,2025-06-30 17:48:17,42.3990058898926,-8.85845851898193,"Male"
"9004152",371985,2025-06-30 17:53:17,42.3988800048828,-8.85838603973389,"Male"
"9004152",371985,2025-06-30 17:58:17,42.3987579345703,-8.85833072662354,"Male"
"9004152",371985,2025-06-30 18:03:17,42.3988227844238,-8.85848140716553,"Male"
"9004152",371985,2025-06-30 18:08:26,42.3985481262207,-8.85873222351074,"Male"
"9004152",371985,2025-06-30 18:13:22,42.3987045288086,-8.85857677459717,"Male"
"9004152",371985,2025-06-30 18:18:23,42.3986892700195,-8.85853385925293,"Male"
"9004152",371985,2025-06-30 18:23:21,42.3985748291016,-8.85853385925293,"Male"
"9004152",371985,2025-06-30 18:28:21,42.3981513977051,-8.85873985290527,"Male"
"9004152",371985,2025-06-30 18:33:18,42.3968658447266,-8.85696887969971,"Male"
"9004152",371985,2025-06-30 18:38:21,42.3980484008789,-8.85973072052002,"Male"
"9004152",371985,2025-06-30 18:43:18,42.3978233337402,-8.85930824279785,"Male"
"9004152",371985,2025-06-30 18:48:32,42.398063659668,-8.85950660705566,"Male"
"9004152",371985,2025-06-30 18:53:28,42.3982276916504,-8.85912990570068,"Male"
"9004152",371985,2025-06-30 18:58:30,42.3978958129883,-8.85958194732666,"Male"
"9004152",371985,2025-06-30 19:03:23,42.398063659668,-8.85921764373779,"Male"
"9004152",371985,2025-06-30 19:08:21,42.3987731933594,-8.85861492156982,"Male"
"9004152",371985,2025-06-30 19:13:17,42.3979530334473,-8.85878658294678,"Male"
"9004152",371985,2025-06-30 19:18:20,42.3979377746582,-8.85820960998535,"Male"
"9004152",371985,2025-06-30 19:23:44,42.3984375,-8.85790348052979,"Male"
"9004152",371985,2025-06-30 19:28:17,42.3985137939453,-8.85794925689697,"Male"
"9004152",371985,2025-06-30 19:33:18,42.3984756469727,-8.85797882080078,"Male"
"9004152",371985,2025-06-30 19:38:35,42.3983879089355,-8.85798454284668,"Male"
"9004152",371985,2025-06-30 19:43:16,42.4009475708008,-8.85991477966309,"Male"
"9004152",371985,2025-06-30 19:48:59,42.398136138916,-8.85930156707764,"Male"
"9004152",371985,2025-06-30 19:53:16,42.3977355957031,-8.86045551300049,"Male"
"9004152",371985,2025-06-30 19:58:21,42.3987579345703,-8.85762691497803,"Male"
"9004152",371985,2025-06-30 20:03:29,42.3987846374512,-8.85750389099121,"Male"
"9004152",371985,2025-06-30 20:08:22,42.398021697998,-8.85751724243164,"Male"
"9004152",371985,2025-06-30 20:13:24,42.398681640625,-8.85763931274414,"Male"
"9004152",371985,2025-06-30 20:18:24,42.3987808227539,-8.85748958587646,"Male"
"9004152",371985,2025-06-30 20:23:24,42.3985137939453,-8.85817623138428,"Male"
"9004152",371985,2025-06-30 20:28:23,42.3986053466797,-8.85792541503906,"Male"
"9004152",371985,2025-06-30 20:33:24,42.3986892700195,-8.8576021194458,"Male"
"9004152",371985,2025-06-30 20:38:24,42.3987426757812,-8.85715198516846,"Male"
"9004152",371985,2025-06-30 20:43:52,42.3986167907715,-8.85792827606201,"Male"
"9004152",371985,2025-06-30 20:48:53,42.3985977172852,-8.85799694061279,"Male"
"9004152",371985,2025-06-30 20:53:16,42.3986625671387,-8.85802173614502,"Male"
"9004152",371985,2025-06-30 20:58:16,42.3986282348633,-8.85800170898438,"Male"
"9004152",371985,2025-06-30 21:03:16,42.3986511230469,-8.85787010192871,"Male"
"9004152",371985,2025-06-30 21:08:17,42.3987007141113,-8.85798740386963,"Male"
"9004152",371985,2025-06-30 21:13:18,42.3986663818359,-8.85798263549805,"Male"
"9004152",371985,2025-06-30 21:18:16,42.3986282348633,-8.85801792144775,"Male"
"9004152",371985,2025-06-30 21:23:17,42.3986625671387,-8.85807704925537,"Male"
"9004152",371985,2025-06-30 21:28:16,42.3987464904785,-8.85824966430664,"Male"
"9004152",371985,2025-06-30 21:33:17,42.3988037109375,-8.85793781280518,"Male"
"9004152",371985,2025-06-30 21:38:25,42.3985214233398,-8.85806465148926,"Male"
"9004152",371985,2025-06-30 21:43:21,42.3982391357422,-8.85830497741699,"Male"
"9004152",371985,2025-06-30 21:48:24,42.3984222412109,-8.85813236236572,"Male"
"9004152",371985,2025-06-30 21:53:38,42.3984565734863,-8.85805130004883,"Male"
"9004152",371985,2025-06-30 21:58:44,42.3984603881836,-8.85803508758545,"Male"
"9004152",371985,2025-06-30 22:03:19,42.3984375,-8.85809516906738,"Male"
"9004152",371985,2025-06-30 22:08:17,42.3983306884766,-8.85812664031982,"Male"
"9004152",371985,2025-06-30 22:13:18,42.3979377746582,-8.85810375213623,"Male"
"9004152",371985,2025-06-30 22:18:23,42.3984642028809,-8.85806751251221,"Male"
"9004152",371985,2025-06-30 22:23:29,42.3985824584961,-8.85808658599854,"Male"
"9004152",371985,2025-06-30 22:28:21,42.3985061645508,-8.85798072814941,"Male"
"9004152",371985,2025-06-30 22:33:19,42.3984146118164,-8.85800838470459,"Male"
"9004152",371985,2025-06-30 22:38:23,42.3986701965332,-8.85800743103027,"Male"
"9004152",371985,2025-06-30 22:43:18,42.3985862731934,-8.8581428527832,"Male"
"9004152",371985,2025-06-30 22:48:44,42.3986968994141,-8.85791683197021,"Male"
"9004152",371985,2025-06-30 22:53:17,42.3986434936523,-8.85791015625,"Male"
"9004152",371985,2025-06-30 22:58:16,42.3985862731934,-8.85793018341064,"Male"
"9004152",371985,2025-06-30 23:03:16,42.3986053466797,-8.85780334472656,"Male"
"9004152",371985,2025-06-30 23:08:17,42.3987350463867,-8.857985496521,"Male"
"9004152",371985,2025-06-30 23:13:16,42.3985748291016,-8.85782718658447,"Male"
"9004152",371985,2025-06-30 23:18:16,42.3988265991211,-8.85792636871338,"Male"
"9004152",371985,2025-06-30 23:23:16,42.3987426757812,-8.8579683303833,"Male"
"9004152",371985,2025-06-30 23:28:17,42.3987350463867,-8.85805702209473,"Male"
"9004152",371985,2025-06-30 23:33:17,42.3988265991211,-8.85804080963135,"Male"
"9004152",371985,2025-06-30 23:38:17,42.3987007141113,-8.85795974731445,"Male"
"9004152",371985,2025-06-30 23:43:19,42.3985252380371,-8.85813236236572,"Male"
"9004152",371985,2025-06-30 23:48:54,42.3987693786621,-8.85815143585205,"Male"
"9004152",371985,2025-06-30 23:53:31,42.3990440368652,-8.85844135284424,"Male"
"9004152",371985,2025-06-30 23:58:31,42.3986701965332,-8.85814762115479,"Male"
"9004152",371985,2025-07-01 00:03:25,42.3984107971191,-8.85779857635498,"Male"
"9004152",371985,2025-07-01 00:08:24,42.3984603881836,-8.85801601409912,"Male"
"9004152",371985,2025-07-01 00:13:35,42.3985824584961,-8.85790157318115,"Male"
"9004152",371985,2025-07-01 00:18:33,42.3986320495605,-8.85796070098877,"Male"
"9004152",371985,2025-07-01 00:23:20,42.3985061645508,-8.8580961227417,"Male"
"9004152",371985,2025-07-01 00:28:53,42.3986854553223,-8.85799026489258,"Male"
"9004152",371985,2025-07-01 00:33:19,42.3986015319824,-8.85794067382812,"Male"
"9004152",371985,2025-07-01 00:38:27,42.3986778259277,-8.85800838470459,"Male"
"9004152",371985,2025-07-01 00:43:19,42.3987007141113,-8.85806846618652,"Male"
"9004152",371985,2025-07-01 00:48:39,42.3986740112305,-8.85795021057129,"Male"
"9004152",371985,2025-07-01 00:53:29,42.3986778259277,-8.85793113708496,"Male"
"9004152",371985,2025-07-01 00:58:24,42.398609161377,-8.85795021057129,"Male"
"9004152",371985,2025-07-01 01:03:21,42.3986320495605,-8.85790348052979,"Male"
"9004152",371985,2025-07-01 01:08:52,42.3985290527344,-8.85817813873291,"Male"
"9004152",371985,2025-07-01 01:13:20,42.3985481262207,-8.85810089111328,"Male"
"9004152",371985,2025-07-01 01:18:25,42.3985862731934,-8.85806179046631,"Male"
"9004152",371985,2025-07-01 01:23:24,42.3986015319824,-8.85797309875488,"Male"
"9004152",371985,2025-07-01 01:28:22,42.3985404968262,-8.85813617706299,"Male"
"9004152",371985,2025-07-01 01:33:22,42.3985786437988,-8.85787105560303,"Male"
"9004152",371985,2025-07-01 01:38:16,42.398681640625,-8.85786533355713,"Male"
"9004152",371985,2025-07-01 01:43:16,42.3986282348633,-8.85784530639648,"Male"
"9004152",371985,2025-07-01 01:48:18,42.398567199707,-8.85773754119873,"Male"
"9004152",371985,2025-07-01 01:53:17,42.398609161377,-8.85794734954834,"Male"
"9004152",371985,2025-07-01 01:58:22,42.3987197875977,-8.85793018341064,"Male"
"9004152",371985,2025-07-01 02:03:19,42.3985824584961,-8.8580436706543,"Male"
"9004152",371985,2025-07-01 02:08:22,42.3986206054688,-8.85795974731445,"Male"
"9004152",371985,2025-07-01 02:13:22,42.3986854553223,-8.85791492462158,"Male"
"9004152",371985,2025-07-01 02:18:24,42.3987312316895,-8.85782241821289,"Male"
"9004152",371985,2025-07-01 02:23:47,42.3986740112305,-8.85779190063477,"Male"
"9004152",371985,2025-07-01 02:28:18,42.398609161377,-8.85812282562256,"Male"
"9004152",371985,2025-07-01 02:33:37,42.3986282348633,-8.85807132720947,"Male"
"9004152",371985,2025-07-01 02:38:35,42.3986015319824,-8.85819911956787,"Male"
"9004152",371985,2025-07-01 02:43:16,42.3981819152832,-8.85844230651855,"Male"
"9004152",371985,2025-07-01 02:48:19,42.3986740112305,-8.8580150604248,"Male"
"9004152",371985,2025-07-01 02:53:18,42.3988227844238,-8.85811138153076,"Male"
"9004152",371985,2025-07-01 02:58:22,42.3986625671387,-8.85799121856689,"Male"
"9004152",371985,2025-07-01 03:03:18,42.3987121582031,-8.85816478729248,"Male"
"9004152",371985,2025-07-01 03:08:17,42.398754119873,-8.85816860198975,"Male"
"9004152",371985,2025-07-01 03:13:17,42.3987503051758,-8.85793113708496,"Male"
"9004152",371985,2025-07-01 03:18:22,42.3987464904785,-8.85790824890137,"Male"
"9004152",371985,2025-07-01 03:23:30,42.3987426757812,-8.85826587677002,"Male"
"9004152",371985,2025-07-01 03:28:19,42.3985939025879,-8.85829448699951,"Male"
"9004152",371985,2025-07-01 03:33:21,42.3985443115234,-8.8583984375,"Male"
"9004152",371985,2025-07-01 03:38:21,42.3986015319824,-8.85829639434814,"Male"
"9004152",371985,2025-07-01 03:43:21,42.3987083435059,-8.8582124710083,"Male"
"9004152",371985,2025-07-01 03:48:22,42.3984642028809,-8.85837745666504,"Male"
"9004152",371985,2025-07-01 03:53:22,42.3986015319824,-8.85828971862793,"Male"
"9004152",371985,2025-07-01 03:58:24,42.3985748291016,-8.85844802856445,"Male"
"9004152",371985,2025-07-01 04:03:24,42.3984451293945,-8.85867023468018,"Male"
"9004152",371985,2025-07-01 04:08:29,42.3983573913574,-8.85846138000488,"Male"
"9004152",371985,2025-07-01 04:13:24,42.3983154296875,-8.85843181610107,"Male"
"9004152",371985,2025-07-01 04:18:44,42.3985786437988,-8.85819053649902,"Male"
"9004152",371985,2025-07-01 04:23:17,42.3985977172852,-8.8583984375,"Male"
"9004152",371985,2025-07-01 04:28:17,42.3986053466797,-8.85839748382568,"Male"
"9004152",371985,2025-07-01 04:33:19,42.3985633850098,-8.85793304443359,"Male"
"9004152",371985,2025-07-01 04:38:18,42.3982772827148,-8.85860633850098,"Male"
"9004152",371985,2025-07-01 04:43:17,42.3986625671387,-8.85807132720947,"Male"
"9004152",371985,2025-07-01 04:48:44,42.3985710144043,-8.85818672180176,"Male"
"9004152",371985,2025-07-01 04:53:17,42.3986740112305,-8.8579626083374,"Male"
"9004152",371985,2025-07-01 04:58:17,42.3987197875977,-8.8579044342041,"Male"
"9004152",371985,2025-07-01 05:03:18,42.3985786437988,-8.85782527923584,"Male"
"9004152",371985,2025-07-01 05:08:19,42.3986206054688,-8.85780143737793,"Male"
"9004152",371985,2025-07-01 05:13:35,42.3983993530273,-8.85784149169922,"Male"
"9004152",371985,2025-07-01 05:18:50,42.3983955383301,-8.85796642303467,"Male"
"9004152",371985,2025-07-01 05:23:24,42.3985061645508,-8.85815715789795,"Male"
"9004152",371985,2025-07-01 05:28:19,42.3986701965332,-8.85811996459961,"Male"
"9004152",371985,2025-07-01 05:33:17,42.398811340332,-8.85820198059082,"Male"
"9004152",371985,2025-07-01 05:38:23,42.3986587524414,-8.85780143737793,"Male"
"9004152",371985,2025-07-01 05:43:26,42.3986473083496,-8.85813522338867,"Male"
"9004152",371985,2025-07-01 05:48:23,42.3985366821289,-8.85803127288818,"Male"
"9004152",371985,2025-07-01 05:53:48,42.3985977172852,-8.85799503326416,"Male"
"9004152",371985,2025-07-01 05:58:34,42.398624420166,-8.85806083679199,"Male"
"9004152",371985,2025-07-01 06:03:27,42.3985977172852,-8.8579797744751,"Male"
"9004152",371985,2025-07-01 06:08:23,42.3986358642578,-8.85807037353516,"Male"
"9004152",371985,2025-07-01 06:13:17,42.4094200134277,-8.8698148727417,"Male"
"9004152",371985,2025-07-01 06:18:41,42.4106559753418,-8.87077617645264,"Male"
"9004152",371985,2025-07-01 06:24:00,42.4124183654785,-8.87166976928711,"Male"
"9004152",371985,2025-07-01 06:29:06,42.4123306274414,-8.87226390838623,"Male"
"9004152",371985,2025-07-01 06:34:16,42.4120674133301,-8.87503051757812,"Male"
"9004152",371985,2025-07-01 06:39:15,42.4127464294434,-8.87658786773682,"Male"
"9004152",371985,2025-07-01 06:44:16,42.415096282959,-8.87752914428711,"Male"
"9004152",371985,2025-07-01 06:49:15,42.4150619506836,-8.8776273727417,"Male"
"9004152",371985,2025-07-01 06:54:16,42.4151229858398,-8.87773036956787,"Male"
"9004152",371985,2025-07-01 06:59:34,42.4151229858398,-8.87786102294922,"Male"
"9004152",371985,2025-07-01 07:04:25,42.4148712158203,-8.87753295898438,"Male"
"9004152",371985,2025-07-01 07:09:14,42.4148979187012,-8.87758922576904,"Male"
"9004152",371985,2025-07-01 07:14:14,42.4148750305176,-8.87762832641602,"Male"
"9004152",371985,2025-07-01 07:19:15,42.414924621582,-8.87766170501709,"Male"
"9004152",371985,2025-07-01 07:24:16,42.4149322509766,-8.87776565551758,"Male"
"9004152",371985,2025-07-01 07:29:18,42.4149284362793,-8.8778190612793,"Male"
"9004152",371985,2025-07-01 07:34:15,42.4148635864258,-8.8775577545166,"Male"
"9004152",371985,2025-07-01 07:39:14,42.4148864746094,-8.87760448455811,"Male"
"9004152",371985,2025-07-01 07:44:15,42.4148902893066,-8.87764167785645,"Male"
"9004152",371985,2025-07-01 07:49:15,42.4148712158203,-8.87761211395264,"Male"
"9004152",371985,2025-07-01 07:54:15,42.4148826599121,-8.87755489349365,"Male"
"9004152",371985,2025-07-01 07:59:15,42.4149017333984,-8.87766361236572,"Male"
"9004152",371985,2025-07-01 08:04:15,42.4148902893066,-8.87757015228271,"Male"
"9004152",371985,2025-07-01 08:09:15,42.4149322509766,-8.87773036956787,"Male"
"9004152",371985,2025-07-01 08:14:15,42.4148788452148,-8.87757110595703,"Male"
"9004152",371985,2025-07-01 08:19:15,42.4149398803711,-8.87781715393066,"Male"
"9004152",371985,2025-07-01 08:24:15,42.4148902893066,-8.87758350372314,"Male"
"9004152",371985,2025-07-01 08:29:17,42.4148178100586,-8.87757396697998,"Male"
"9004152",371985,2025-07-01 08:35:11,42.4129447937012,-8.8773193359375,"Male"
"9004152",371985,2025-07-01 08:40:52,42.4117965698242,-8.87863540649414,"Male"
"9004152",371985,2025-07-01 08:45:51,42.411693572998,-8.87710475921631,"Male"
"9004152",371985,2025-07-01 08:50:50,42.4120063781738,-8.87598514556885,"Male"
"9004152",371985,2025-07-01 08:55:51,42.4114875793457,-8.8767728805542,"Male"
"9004152",371985,2025-07-01 09:01:12,42.4104537963867,-8.87764930725098,"Male"
"9004152",371985,2025-07-01 09:06:12,42.4109077453613,-8.87679290771484,"Male"
"9004152",371985,2025-07-01 09:14:00,42.4148597717285,-8.87755393981934,"Male"
"9004152",371985,2025-07-01 09:18:05,42.4148559570312,-8.87757587432861,"Male"
"9004152",371985,2025-07-01 09:22:36,42.4148559570312,-8.87764167785645,"Male"
"9004152",371985,2025-07-01 09:27:36,42.4147605895996,-8.87765979766846,"Male"
"9004152",371985,2025-07-01 09:32:35,42.414794921875,-8.87766647338867,"Male"
"9004152",371985,2025-07-01 09:37:35,42.4148559570312,-8.87755584716797,"Male"
"9004152",371985,2025-07-01 09:42:36,42.4149856567383,-8.87744140625,"Male"
"9004152",371985,2025-07-01 09:47:35,42.4147758483887,-8.87750434875488,"Male"
"9004152",371985,2025-07-01 09:52:35,42.4147033691406,-8.87778759002686,"Male"
"9004152",371985,2025-07-01 09:57:35,42.4147491455078,-8.87777709960938,"Male"
"9004152",371985,2025-07-01 10:02:37,42.4148788452148,-8.87754440307617,"Male"
"9004152",371985,2025-07-01 10:07:35,42.4148712158203,-8.8777322769165,"Male"
"9004152",371985,2025-07-01 10:12:35,42.4148864746094,-8.87729549407959,"Male"
"9004152",371985,2025-07-01 10:17:36,42.4148025512695,-8.87783527374268,"Male"
"9004152",371985,2025-07-01 10:22:36,42.4147529602051,-8.8779125213623,"Male"
"9004152",371985,2025-07-01 10:27:36,42.4149017333984,-8.87746906280518,"Male"
"9004152",371985,2025-07-01 10:32:38,42.4148139953613,-8.87743663787842,"Male"
"9004152",371985,2025-07-01 10:37:52,42.4149475097656,-8.87755966186523,"Male"
"9004152",371985,2025-07-01 10:43:05,42.4148826599121,-8.87755393981934,"Male"
"9004152",371985,2025-07-01 10:47:35,42.4148902893066,-8.87744426727295,"Male"
"9004152",371985,2025-07-01 10:52:35,42.4149436950684,-8.87723922729492,"Male"
"9004152",371985,2025-07-01 10:57:35,42.4149208068848,-8.87740421295166,"Male"
"9004152",371985,2025-07-01 11:02:35,42.4149475097656,-8.877366065979,"Male"
"9004152",371985,2025-07-01 11:07:35,42.4149589538574,-8.87732219696045,"Male"
"9004152",371985,2025-07-01 11:12:35,42.4149055480957,-8.87741947174072,"Male"
"9004152",371985,2025-07-01 11:17:35,42.4148368835449,-8.87750434875488,"Male"
"9004152",371985,2025-07-01 11:22:40,42.4148445129395,-8.87746810913086,"Male"
"9004152",371985,2025-07-01 11:27:35,42.4148750305176,-8.87743473052979,"Male"
"9004152",371985,2025-07-01 11:32:35,42.4149894714355,-8.87744331359863,"Male"
"9004152",371985,2025-07-01 11:37:35,42.4149017333984,-8.87745952606201,"Male"
"9004152",371985,2025-07-01 11:42:35,42.4148750305176,-8.87745475769043,"Male"
"9004152",371985,2025-07-01 11:47:35,42.4149475097656,-8.87742710113525,"Male"
"9004152",371985,2025-07-01 11:52:37,42.4149322509766,-8.87750911712646,"Male"
"9004152",371985,2025-07-01 11:57:35,42.4150276184082,-8.8777027130127,"Male"
"9004152",371985,2025-07-01 12:02:37,42.4144134521484,-8.87758827209473,"Male"
"9004152",371985,2025-07-01 12:07:38,42.4130592346191,-8.87692356109619,"Male"
"9004152",371985,2025-07-01 12:12:38,42.4117088317871,-8.8768196105957,"Male"
"9004152",371985,2025-07-01 12:17:38,42.4110069274902,-8.87582111358643,"Male"
"9004152",371985,2025-07-01 12:23:09,42.4111671447754,-8.87441730499268,"Male"
"9004152",371985,2025-07-01 12:30:13,42.4113960266113,-8.87421703338623,"Male"
"9004152",371985,2025-07-01 12:35:36,42.4108695983887,-8.87321186065674,"Male"
"9004152",371985,2025-07-01 12:42:46,42.4101409912109,-8.87208461761475,"Male"
"9004152",371985,2025-07-01 13:02:16,42.4116477966309,-8.87154293060303,"Male"
"9004152",371985,2025-07-01 13:12:25,42.410327911377,-8.8709774017334,"Male"
"9004152",371985,2025-07-01 13:30:49,42.4118995666504,-8.87213611602783,"Male"
"9004152",371985,2025-07-01 15:05:59,42.411937713623,-8.87247943878174,"Male"
"9004152",371985,2025-07-01 15:09:47,42.4112892150879,-8.8735466003418,"Male"
"9004152",371985,2025-07-01 15:15:17,42.410572052002,-8.87406444549561,"Male"
"9004152",371985,2025-07-01 15:20:39,42.4106407165527,-8.87427806854248,"Male"
"9004152",371985,2025-07-01 15:25:50,42.4104309082031,-8.87465953826904,"Male"
"9004152",371985,2025-07-01 15:31:39,42.4095115661621,-8.87436962127686,"Male"
"9004152",371985,2025-07-01 15:36:53,42.4091415405273,-8.87424373626709,"Male"
"9004152",371985,2025-07-01 15:41:59,42.4102439880371,-8.87369632720947,"Male"
"9004152",371985,2025-07-01 15:59:06,42.4106407165527,-8.87119960784912,"Male"
"9004152",371985,2025-07-01 16:03:21,42.4132652282715,-8.87153816223145,"Male"
"9004152",371985,2025-07-01 16:08:20,42.4132194519043,-8.87160682678223,"Male"
"9004152",371985,2025-07-01 16:13:21,42.4135971069336,-8.87169075012207,"Male"
"9004152",371985,2025-07-01 16:18:20,42.4135246276855,-8.87176895141602,"Male"
"9004152",371985,2025-07-01 16:23:20,42.4135627746582,-8.87175178527832,"Male"
"9004152",371985,2025-07-01 16:28:20,42.4135475158691,-8.87169361114502,"Male"
"9004152",371985,2025-07-01 16:33:24,42.4135093688965,-8.871750831604,"Male"
"9004152",371985,2025-07-01 16:38:22,42.4135246276855,-8.87172603607178,"Male"
"9004152",371985,2025-07-01 16:43:44,42.413501739502,-8.87169647216797,"Male"
"9004152",371985,2025-07-01 16:48:20,42.4135284423828,-8.87165260314941,"Male"
"9004152",371985,2025-07-01 16:53:23,42.4134750366211,-8.87165260314941,"Male"
"9004152",371985,2025-07-01 16:58:20,42.4136428833008,-8.87181186676025,"Male"
"9004152",371985,2025-07-01 17:03:21,42.413516998291,-8.87168502807617,"Male"
"9004152",371985,2025-07-01 17:09:11,42.4120101928711,-8.87215328216553,"Male"
"9004152",371985,2025-07-01 17:15:46,42.4112205505371,-8.87007427215576,"Male"
"9004152",371985,2025-07-01 17:20:48,42.4100074768066,-8.87026119232178,"Male"
"9004152",371985,2025-07-01 17:25:52,42.4104652404785,-8.87058544158936,"Male"
"9004152",371985,2025-07-01 17:34:15,42.409309387207,-8.87090110778809,"Male"
"9004152",371985,2025-07-01 17:39:16,42.4092102050781,-8.8716983795166,"Male"
"9004152",371985,2025-07-01 17:44:40,42.4089088439941,-8.87111473083496,"Male"
"9004152",371985,2025-07-01 17:50:07,42.4087295532227,-8.87231254577637,"Male"
"9004152",371985,2025-07-01 17:55:13,42.4094924926758,-8.87196159362793,"Male"
"9004152",371985,2025-07-01 18:00:50,42.4092864990234,-8.87048721313477,"Male"
"9004152",371985,2025-07-01 18:06:16,42.410285949707,-8.87077713012695,"Male"
"9004152",371985,2025-07-01 18:11:14,42.4108543395996,-8.87148952484131,"Male"
"9004152",371985,2025-07-01 18:16:12,42.4111175537109,-8.87569046020508,"Male"
"9004152",371985,2025-07-01 18:21:11,42.3961143493652,-8.9207820892334,"Male"
"9004152",371985,2025-07-01 18:26:12,42.3960304260254,-8.9206657409668,"Male"
"9004152",371985,2025-07-01 18:31:12,42.3958969116211,-8.92055892944336,"Male"
"9004152",371985,2025-07-01 18:36:12,42.3958358764648,-8.92045211791992,"Male"
"9004152",371985,2025-07-01 18:41:14,42.3959541320801,-8.92069149017334,"Male"
"9004152",371985,2025-07-01 18:46:19,42.3959541320801,-8.92055702209473,"Male"
"9004152",371985,2025-07-01 18:51:19,42.3959999084473,-8.92059326171875,"Male"
"9004152",371985,2025-07-01 18:56:23,42.3960456848145,-8.92063140869141,"Male"
"9004152",371985,2025-07-01 19:01:19,42.3960723876953,-8.92059421539307,"Male"
"9004152",371985,2025-07-01 19:06:29,42.3960266113281,-8.92053318023682,"Male"
"9004152",371985,2025-07-01 19:11:35,42.3960075378418,-8.92090797424316,"Male"
"9004152",371985,2025-07-01 19:16:11,42.3961753845215,-8.9205904006958,"Male"
"9004152",371985,2025-07-01 19:21:11,42.395923614502,-8.92062187194824,"Male"
"9004152",371985,2025-07-01 19:26:13,42.395938873291,-8.92084503173828,"Male"
"9004152",371985,2025-07-01 19:31:18,42.3959999084473,-8.92074775695801,"Male"
"9004152",371985,2025-07-01 19:36:13,42.3960266113281,-8.92075252532959,"Male"
"9004152",371985,2025-07-01 19:41:11,42.3960762023926,-8.92078495025635,"Male"
"9004152",371985,2025-07-01 19:46:19,42.3959732055664,-8.92078495025635,"Male"
"9004152",371985,2025-07-01 19:51:35,42.3959503173828,-8.92072677612305,"Male"
"9004152",371985,2025-07-01 19:56:10,42.3959159851074,-8.92079639434814,"Male"
"9004152",371985,2025-07-01 20:01:10,42.3959426879883,-8.92076778411865,"Male"
"9004152",371985,2025-07-01 20:06:10,42.3958892822266,-8.92075824737549,"Male"
"9004152",371985,2025-07-01 20:11:10,42.3959465026855,-8.92082214355469,"Male"
"9004152",371985,2025-07-01 20:16:21,42.3960342407227,-8.92089462280273,"Male"
"9004152",371985,2025-07-01 20:21:35,42.3959770202637,-8.92073822021484,"Male"
"9004152",371985,2025-07-01 20:26:10,42.3959007263184,-8.92044448852539,"Male"
"9004152",371985,2025-07-01 20:31:13,42.3959693908691,-8.92087554931641,"Male"
"9004152",371985,2025-07-01 20:36:11,42.3959350585938,-8.92065525054932,"Male"
"9004152",371985,2025-07-01 20:41:11,42.3960800170898,-8.92086410522461,"Male"
"9004152",371985,2025-07-01 20:46:11,42.3961219787598,-8.92078971862793,"Male"
"9004152",371985,2025-07-01 20:51:12,42.396125793457,-8.92073345184326,"Male"
"9004152",371985,2025-07-01 20:56:11,42.3960914611816,-8.92074489593506,"Male"
"9004152",371985,2025-07-01 21:01:11,42.3960113525391,-8.92077350616455,"Male"
"9004152",371985,2025-07-01 21:06:10,42.3960266113281,-8.92079639434814,"Male"
"9004152",371985,2025-07-01 21:11:12,42.3960189819336,-8.92080402374268,"Male"
"9004152",371985,2025-07-01 21:16:12,42.3960075378418,-8.92072582244873,"Male"
"9004152",371985,2025-07-01 21:21:11,42.3961143493652,-8.92082500457764,"Male"
"9004152",371985,2025-07-01 21:26:11,42.3959007263184,-8.92063331604004,"Male"
"9004152",371985,2025-07-01 21:31:11,42.3959350585938,-8.92062568664551,"Male"
"9004152",371985,2025-07-01 21:36:11,42.3958892822266,-8.92062377929688,"Male"
"9004152",371985,2025-07-01 21:41:11,42.3958320617676,-8.92054462432861,"Male"
"9004152",371985,2025-07-01 21:46:10,42.395923614502,-8.92057037353516,"Male"
"9004152",371985,2025-07-01 21:51:10,42.3959465026855,-8.92068672180176,"Male"
"9004152",371985,2025-07-01 21:56:11,42.3959274291992,-8.92060470581055,"Male"
"9004152",371985,2025-07-01 22:01:11,42.3959426879883,-8.92063140869141,"Male"
"9004152",371985,2025-07-01 22:06:12,42.3959770202637,-8.92074298858643,"Male"
"9004152",371985,2025-07-01 22:11:11,42.3959770202637,-8.9206600189209,"Male"
"9004152",371985,2025-07-01 22:16:18,42.3959617614746,-8.92044639587402,"Male"
"9004152",371985,2025-07-01 22:21:11,42.3959503173828,-8.92050838470459,"Male"
"9004152",371985,2025-07-01 22:26:11,42.3959541320801,-8.92050838470459,"Male"
"9004152",371985,2025-07-01 22:31:25,42.3957862854004,-8.92054557800293,"Male"
"9004152",371985,2025-07-01 22:36:11,42.3959312438965,-8.92047119140625,"Male"
"9004152",371985,2025-07-01 22:41:19,42.3959503173828,-8.92041969299316,"Male"
"9004152",371985,2025-07-01 22:46:19,42.3958320617676,-8.92046546936035,"Male"
"9004152",371985,2025-07-01 22:51:19,42.3958587646484,-8.92045593261719,"Male"
"9004152",371985,2025-07-01 22:56:19,42.39599609375,-8.92045116424561,"Male"
"9004152",371985,2025-07-01 23:01:19,42.3959808349609,-8.92045402526855,"Male"
"9004152",371985,2025-07-01 23:06:19,42.3961219787598,-8.92048263549805,"Male"
"9004152",371985,2025-07-01 23:11:19,42.3960380554199,-8.92044544219971,"Male"
"9004152",371985,2025-07-01 23:16:12,42.3960838317871,-8.92043876647949,"Male"
"9004152",371985,2025-07-01 23:21:16,42.3960762023926,-8.92040252685547,"Male"
"9004152",371985,2025-07-01 23:26:23,42.39599609375,-8.92051029205322,"Male"
"9004152",371985,2025-07-01 23:31:23,42.396110534668,-8.92050743103027,"Male"
"9004152",371985,2025-07-01 23:36:35,42.3958892822266,-8.92057323455811,"Male"
"9004152",371985,2025-07-01 23:41:10,42.395938873291,-8.92053890228271,"Male"
"9004152",371985,2025-07-01 23:46:10,42.3958435058594,-8.92057704925537,"Male"
"9004152",371985,2025-07-01 23:51:10,42.3959770202637,-8.92059421539307,"Male"
"9004152",371985,2025-07-01 23:56:10,42.3959274291992,-8.9205493927002,"Male"
"9004152",371985,2025-07-02 00:01:10,42.395824432373,-8.92057514190674,"Male"
"9004152",371985,2025-07-02 00:06:10,42.3958168029785,-8.92054176330566,"Male"
"9004152",371985,2025-07-02 00:11:11,42.3958778381348,-8.92049980163574,"Male"
"9004152",371985,2025-07-02 00:16:34,42.3959159851074,-8.92052268981934,"Male"
"9004152",371985,2025-07-02 00:21:11,42.395881652832,-8.92057037353516,"Male"
"9004152",371985,2025-07-02 00:26:11,42.3958511352539,-8.92057132720947,"Male"
"9004152",371985,2025-07-02 00:31:11,42.3959121704102,-8.92061328887939,"Male"
"9004152",371985,2025-07-02 00:36:10,42.3959426879883,-8.92058563232422,"Male"
"9004152",371985,2025-07-02 00:41:10,42.3958892822266,-8.92056179046631,"Male"
"9004152",371985,2025-07-02 00:46:11,42.3959121704102,-8.9205961227417,"Male"
"9004152",371985,2025-07-02 00:51:11,42.3958969116211,-8.92056179046631,"Male"
"9004152",371985,2025-07-02 00:56:11,42.3958854675293,-8.92052364349365,"Male"
"9004152",371985,2025-07-02 01:01:10,42.3957672119141,-8.92032337188721,"Male"
"9004152",371985,2025-07-02 01:06:12,42.3958435058594,-8.92045402526855,"Male"
"9004152",371985,2025-07-02 01:11:10,42.3959045410156,-8.92047119140625,"Male"
"9004152",371985,2025-07-02 01:16:11,42.3959579467773,-8.92052364349365,"Male"
"9004152",371985,2025-07-02 01:21:11,42.3959007263184,-8.92051315307617,"Male"
"9004152",371985,2025-07-02 01:26:11,42.3959350585938,-8.92054748535156,"Male"
"9004152",371985,2025-07-02 01:31:13,42.3959884643555,-8.92044925689697,"Male"
"9004152",371985,2025-07-02 01:36:13,42.3959426879883,-8.92052364349365,"Male"
"9004152",371985,2025-07-02 01:41:12,42.3959732055664,-8.92059421539307,"Male"
"9004152",371985,2025-07-02 01:46:10,42.3960456848145,-8.92062091827393,"Male"
"9004152",371985,2025-07-02 01:51:11,42.3957328796387,-8.92029285430908,"Male"
"9004152",371985,2025-07-02 01:56:11,42.395923614502,-8.92052173614502,"Male"
"9004152",371985,2025-07-02 02:01:12,42.3959159851074,-8.92050552368164,"Male"
"9004152",371985,2025-07-02 02:06:11,42.3958473205566,-8.92044258117676,"Male"
"9004152",371985,2025-07-02 02:11:12,42.395923614502,-8.9205150604248,"Male"
"9004152",371985,2025-07-02 02:16:34,42.3959083557129,-8.9205379486084,"Male"
"9004152",371985,2025-07-02 02:21:11,42.3959465026855,-8.92053890228271,"Male"
"9004152",371985,2025-07-02 02:26:10,42.3959159851074,-8.9205207824707,"Male"
"9004152",371985,2025-07-02 02:31:11,42.3959465026855,-8.92060089111328,"Male"
"9004152",371985,2025-07-02 02:36:10,42.3959350585938,-8.92052841186523,"Male"
"9004152",371985,2025-07-02 02:41:11,42.3959274291992,-8.92059516906738,"Male"
"9004152",371985,2025-07-02 02:46:10,42.3959884643555,-8.92059898376465,"Male"
"9004152",371985,2025-07-02 02:51:11,42.3958282470703,-8.92066860198975,"Male"
"9004152",371985,2025-07-02 02:56:10,42.3959350585938,-8.92051124572754,"Male"
"9004152",371985,2025-07-02 03:01:10,42.3959350585938,-8.92049217224121,"Male"
"9004152",371985,2025-07-02 03:06:10,42.3959350585938,-8.92057037353516,"Male"
"9004152",371985,2025-07-02 03:11:10,42.3959999084473,-8.92052173614502,"Male"
"9004152",371985,2025-07-02 03:16:10,42.3960304260254,-8.92047119140625,"Male"
"9004152",371985,2025-07-02 03:21:10,42.3959846496582,-8.92049598693848,"Male"
"9004152",371985,2025-07-02 03:26:11,42.3960266113281,-8.92048358917236,"Male"
"9004152",371985,2025-07-02 03:31:10,42.3959503173828,-8.9205846786499,"Male"
"9004152",371985,2025-07-02 03:36:10,42.3959007263184,-8.92068004608154,"Male"
"9004152",371985,2025-07-02 03:41:10,42.3959350585938,-8.92044353485107,"Male"
"9004152",371985,2025-07-02 03:46:10,42.3958702087402,-8.92071151733398,"Male"
"9004152",371985,2025-07-02 03:51:11,42.3959579467773,-8.92057704925537,"Male"
"9004152",371985,2025-07-02 03:56:11,42.3958053588867,-8.92026233673096,"Male"
"9004152",371985,2025-07-02 04:01:13,42.3959159851074,-8.92068481445312,"Male"
"9004152",371985,2025-07-02 04:06:13,42.3958625793457,-8.92056560516357,"Male"
"9004152",371985,2025-07-02 04:11:19,42.3959312438965,-8.92076015472412,"Male"
"9004152",371985,2025-07-02 04:16:11,42.3959770202637,-8.92070388793945,"Male"
"9004152",371985,2025-07-02 04:21:12,42.3960037231445,-8.92075634002686,"Male"
"9004152",371985,2025-07-02 04:26:11,42.3960037231445,-8.92072582244873,"Male"
"9004152",371985,2025-07-02 04:31:12,42.3957557678223,-8.92062377929688,"Male"
"9004152",371985,2025-07-02 04:36:11,42.3959655761719,-8.92071628570557,"Male"
"9004152",371985,2025-07-02 04:41:11,42.3977470397949,-8.92026233673096,"Male"
"9004152",371985,2025-07-02 04:46:11,42.3977241516113,-8.92024230957031,"Male"
"9004152",371985,2025-07-02 04:51:11,42.3977584838867,-8.92031574249268,"Male"
"9004152",371985,2025-07-02 04:56:11,42.3977661132812,-8.92032623291016,"Male"
"9004152",371985,2025-07-02 05:01:11,42.3976783752441,-8.9202241897583,"Male"
"9004152",371985,2025-07-02 05:06:11,42.3977241516113,-8.92020797729492,"Male"
"9004152",371985,2025-07-02 05:11:12,42.3976364135742,-8.92021083831787,"Male"
"9004152",371985,2025-07-02 05:16:12,42.3976593017578,-8.92012977600098,"Male"
"9004152",371985,2025-07-02 05:21:12,42.3976135253906,-8.9202299118042,"Male"
"9004152",371985,2025-07-02 05:26:11,42.3976860046387,-8.92026996612549,"Male"
"9004152",371985,2025-07-02 05:31:11,42.3976783752441,-8.92026805877686,"Male"
"9004152",371985,2025-07-02 05:36:11,42.3976020812988,-8.92018795013428,"Male"
"9004152",371985,2025-07-02 05:41:11,42.3976745605469,-8.92034149169922,"Male"
"9004152",371985,2025-07-02 05:46:13,42.3976249694824,-8.92008686065674,"Male"
"9004152",371985,2025-07-02 05:51:11,42.3974914550781,-8.91964626312256,"Male"
"9004152",371985,2025-07-02 05:56:12,42.3975105285645,-8.92033386230469,"Male"
"9004152",371985,2025-07-02 06:01:12,42.3976821899414,-8.92033863067627,"Male"
"9004152",371985,2025-07-02 06:06:11,42.3977394104004,-8.92038917541504,"Male"
"9004152",371985,2025-07-02 06:11:11,42.3977546691895,-8.92032051086426,"Male"
"9004152",371985,2025-07-02 06:16:12,42.3977279663086,-8.92033576965332,"Male"
"9004152",371985,2025-07-02 06:21:29,42.3979454040527,-8.92023849487305,"Male"
"9004152",371985,2025-07-02 06:26:14,42.3978996276855,-8.92024421691895,"Male"
"9004152",371985,2025-07-02 06:31:16,42.3978271484375,-8.92026901245117,"Male"
"9004152",371985,2025-07-02 06:36:35,42.3977661132812,-8.92005348205566,"Male"
"9004152",371985,2025-07-02 06:41:10,42.3976364135742,-8.92001628875732,"Male"
"9004152",371985,2025-07-02 06:46:10,42.3976554870605,-8.91997241973877,"Male"
"9004152",371985,2025-07-02 06:51:11,42.3986358642578,-8.91043567657471,"Male"
"9004152",371985,2025-07-02 06:56:18,42.4032821655273,-8.89923858642578,"Male"
"9004152",371985,2025-07-02 07:01:20,42.4046058654785,-8.89886283874512,"Male"
"9004152",371985,2025-07-02 07:07:05,42.40478515625,-8.89874935150146,"Male"
"9004152",371985,2025-07-02 07:13:05,42.404670715332,-8.89841079711914,"Male"
"9004152",371985,2025-07-02 07:18:47,42.4044227600098,-8.89898777008057,"Male"
"9004152",371985,2025-07-02 07:23:47,42.4051704406738,-8.89865779876709,"Male"
"9004152",371985,2025-07-02 07:28:47,42.4099578857422,-8.87409114837646,"Male"
"9004152",371985,2025-07-02 07:34:34,42.4103698730469,-8.87643718719482,"Male"
"9004152",371985,2025-07-02 07:39:50,42.4117126464844,-8.87810707092285,"Male"
"9004152",371985,2025-07-02 07:45:01,42.4113578796387,-8.87621307373047,"Male"
"9004152",371985,2025-07-02 07:50:23,42.4124946594238,-8.87753009796143,"Male"
"9004152",371985,2025-07-02 07:55:23,42.4142608642578,-8.87764644622803,"Male"
"9004152",371985,2025-07-02 08:00:23,42.4147415161133,-8.87759113311768,"Male"
"9004152",371985,2025-07-02 08:05:23,42.4147109985352,-8.87755966186523,"Male"
"9004152",371985,2025-07-02 08:10:23,42.4147605895996,-8.87760734558105,"Male"
"9004152",371985,2025-07-02 08:15:22,42.4147605895996,-8.87753582000732,"Male"
"9004152",371985,2025-07-02 08:20:23,42.4148216247559,-8.87755489349365,"Male"
"9004152",371985,2025-07-02 08:25:23,42.414852142334,-8.87743091583252,"Male"
"9004152",371985,2025-07-02 08:30:22,42.4149131774902,-8.87767219543457,"Male"
"9004152",371985,2025-07-02 08:35:22,42.4148254394531,-8.87763595581055,"Male"
"9004152",371985,2025-07-02 08:40:22,42.4148063659668,-8.87757968902588,"Male"
"9004152",371985,2025-07-02 08:45:25,42.4149475097656,-8.87753772735596,"Male"
"9004152",371985,2025-07-02 08:50:22,42.4148254394531,-8.87757587432861,"Male"
"9004152",371985,2025-07-02 08:55:24,42.4147338867188,-8.87763500213623,"Male"
"9004152",371985,2025-07-02 09:00:23,42.4149360656738,-8.87774562835693,"Male"
"9004152",371985,2025-07-02 09:05:22,42.4150543212891,-8.87790107727051,"Male"
"9004152",371985,2025-07-02 09:10:23,42.4148635864258,-8.87748432159424,"Male"
"9004152",371985,2025-07-02 09:15:22,42.4142646789551,-8.87705421447754,"Male"
"9004152",371985,2025-07-02 09:21:11,42.4133148193359,-8.87604331970215,"Male"
"9004152",371985,2025-07-02 09:26:36,42.413745880127,-8.87651824951172,"Male"
"9004152",371985,2025-07-02 09:31:37,42.4130210876465,-8.8756160736084,"Male"
"9004152",371985,2025-07-02 09:37:00,42.4124984741211,-8.87506580352783,"Male"
"9004152",371985,2025-07-02 09:42:22,42.4116630554199,-8.87802124023438,"Male"
"9004152",371985,2025-07-02 09:47:37,42.4118194580078,-8.87771701812744,"Male"
"9004152",371985,2025-07-02 09:53:04,42.4125556945801,-8.87778663635254,"Male"
"9004152",371985,2025-07-02 09:58:40,42.4123344421387,-8.87582683563232,"Male"
"9004152",371985,2025-07-02 10:04:09,42.4118957519531,-8.87459278106689,"Male"
"9004152",371985,2025-07-02 10:09:56,42.4122543334961,-8.87442874908447,"Male"
"9004152",371985,2025-07-02 10:15:32,42.4111328125,-8.87447357177734,"Male"
"9004152",371985,2025-07-02 10:20:41,42.4109992980957,-8.87436866760254,"Male"
"9004152",371985,2025-07-02 10:25:53,42.4116592407227,-8.87367248535156,"Male"
"9004152",371985,2025-07-02 10:31:19,42.4127006530762,-8.8730354309082,"Male"
"9004152",371985,2025-07-02 10:36:29,42.4127922058105,-8.8726167678833,"Male"
"9004152",371985,2025-07-02 10:41:52,42.4125289916992,-8.87156295776367,"Male"
"9004152",371985,2025-07-02 10:47:02,42.4121475219727,-8.87224102020264,"Male"
"9004152",371985,2025-07-02 10:52:43,42.4119606018066,-8.87171459197998,"Male"
"9004152",371985,2025-07-02 10:57:52,42.4119644165039,-8.87117004394531,"Male"
"9004152",371985,2025-07-02 11:03:12,42.4116973876953,-8.87161922454834,"Male"
"9004152",371985,2025-07-02 11:08:33,42.4110870361328,-8.87143039703369,"Male"
"9004152",371985,2025-07-02 11:14:04,42.410270690918,-8.87117767333984,"Male"
"9004152",371985,2025-07-02 11:19:12,42.4091987609863,-8.8716344833374,"Male"
"9004152",371985,2025-07-02 11:24:11,42.4093589782715,-8.87116813659668,"Male"
"9004152",371985,2025-07-02 11:29:29,42.4096298217773,-8.86989784240723,"Male"
"9004152",371985,2025-07-02 11:34:28,42.4093132019043,-8.87020206451416,"Male"
"9004152",371985,2025-07-02 11:39:31,42.4094161987305,-8.86904430389404,"Male"
"9004152",371985,2025-07-02 11:44:58,42.4099922180176,-8.86886692047119,"Male"
"9004152",371985,2025-07-02 11:51:15,42.4111480712891,-8.87007236480713,"Male"
"9004152",371985,2025-07-02 11:56:50,42.4123878479004,-8.87104797363281,"Male"
"9004152",371985,2025-07-02 12:01:49,42.4130592346191,-8.87165451049805,"Male"
"9004152",371985,2025-07-02 12:06:49,42.4130172729492,-8.87167263031006,"Male"
"9004152",371985,2025-07-02 12:11:50,42.4130783081055,-8.87171745300293,"Male"
"9004152",371985,2025-07-02 12:16:50,42.4130897521973,-8.87166690826416,"Male"
"9004152",371985,2025-07-02 12:21:52,42.4130477905273,-8.8717212677002,"Male"
"9004152",371985,2025-07-02 12:26:50,42.4131050109863,-8.87157535552979,"Male"
"9004152",371985,2025-07-02 12:31:50,42.4133110046387,-8.87142753601074,"Male"
"9004152",371985,2025-07-02 12:36:52,42.4133224487305,-8.87142467498779,"Male"
"9004152",371985,2025-07-02 12:41:50,42.4133682250977,-8.8714771270752,"Male"
"9004152",371985,2025-07-02 12:46:57,42.4133834838867,-8.87150764465332,"Male"
"9004152",371985,2025-07-02 12:51:50,42.4133796691895,-8.8714542388916,"Male"
"9004152",371985,2025-07-02 12:56:50,42.4133911132812,-8.87148952484131,"Male"
"9004152",371985,2025-07-02 13:01:52,42.4133453369141,-8.87149143218994,"Male"
"9004152",371985,2025-07-02 13:06:51,42.4132385253906,-8.87147617340088,"Male"
"9004152",371985,2025-07-02 13:11:50,42.4136085510254,-8.8715991973877,"Male"
"9004152",371985,2025-07-02 13:16:50,42.4135513305664,-8.87161445617676,"Male"
"9004152",371985,2025-07-02 13:21:50,42.4134559631348,-8.87156772613525,"Male"
"9004152",371985,2025-07-02 13:26:50,42.4134712219238,-8.87162494659424,"Male"
"9004152",371985,2025-07-02 13:31:50,42.4134101867676,-8.87153434753418,"Male"
"9004152",371985,2025-07-02 13:36:52,42.4133987426758,-8.87158107757568,"Male"
"9004152",371985,2025-07-02 13:41:52,42.413330078125,-8.87156772613525,"Male"
"9004152",371985,2025-07-02 13:46:51,42.4129447937012,-8.87139225006104,"Male"
"9004152",371985,2025-07-02 13:52:34,42.4114532470703,-8.87079906463623,"Male"
"9004152",371985,2025-07-02 13:57:47,42.41064453125,-8.87003231048584,"Male"
"9004152",371985,2025-07-02 14:03:18,42.409423828125,-8.87012386322021,"Male"
"9004152",371985,2025-07-02 14:08:45,42.4098243713379,-8.87069129943848,"Male"
"9004152",371985,2025-07-02 14:14:11,42.4099349975586,-8.8708610534668,"Male"
"9004152",371985,2025-07-02 14:19:29,42.4111709594727,-8.87054538726807,"Male"
"9004152",371985,2025-07-02 14:24:34,42.4127044677734,-8.87087440490723,"Male"
"9004152",371985,2025-07-02 14:29:33,42.4130592346191,-8.87114334106445,"Male"
"9004152",371985,2025-07-02 14:34:34,42.4130592346191,-8.87114524841309,"Male"
"9004152",371985,2025-07-02 14:39:34,42.413013458252,-8.87133502960205,"Male"
"9004152",371985,2025-07-02 14:44:33,42.4131050109863,-8.87160015106201,"Male"
"9004152",371985,2025-07-02 14:49:35,42.4130096435547,-8.87122249603271,"Male"
"9004152",371985,2025-07-02 14:54:34,42.4129943847656,-8.87127590179443,"Male"
"9004152",371985,2025-07-02 14:59:35,42.4099235534668,-8.87059783935547,"Male"
"9004152",371985,2025-07-02 15:04:33,42.4130973815918,-8.87129974365234,"Male"
"9004152",371985,2025-07-02 15:09:33,42.4131774902344,-8.8712854385376,"Male"
"9004152",371985,2025-07-02 15:14:33,42.4131774902344,-8.87133693695068,"Male"
"9004152",371985,2025-07-02 15:19:32,42.4125747680664,-8.87209415435791,"Male"
"9004152",371985,2025-07-02 15:24:34,42.4128952026367,-8.87160110473633,"Male"
"9004152",371985,2025-07-02 15:29:33,42.4131622314453,-8.87124347686768,"Male"
"9004152",371985,2025-07-02 15:34:33,42.4127807617188,-8.87174415588379,"Male"
"9004152",371985,2025-07-02 15:39:33,42.4129638671875,-8.87172508239746,"Male"
"9004152",371985,2025-07-02 15:44:35,42.4130554199219,-8.87151908874512,"Male"
"9004152",371985,2025-07-02 15:49:37,42.4129409790039,-8.87086963653564,"Male"
"9004152",371985,2025-07-02 15:54:32,42.4131355285645,-8.87137508392334,"Male"
"9004152",371985,2025-07-02 15:59:33,42.4136924743652,-8.870680809021,"Male"
"9004152",371985,2025-07-02 16:04:38,42.4128189086914,-8.87118530273438,"Male"
"9004152",371985,2025-07-02 16:10:01,42.4117050170898,-8.87105464935303,"Male"
"9004152",371985,2025-07-02 16:15:33,42.4114189147949,-8.8699779510498,"Male"
"9004152",371985,2025-07-02 16:20:53,42.4105606079102,-8.87001800537109,"Male"
"9004152",371985,2025-07-02 16:26:36,42.4103507995605,-8.86966991424561,"Male"
"9004152",371985,2025-07-02 16:31:52,42.4099044799805,-8.87028503417969,"Male"
"9004152",371985,2025-07-02 16:37:00,42.4096488952637,-8.86972904205322,"Male"
"9004152",371985,2025-07-02 16:42:14,42.4090690612793,-8.8703556060791,"Male"
"9004152",371985,2025-07-02 16:47:56,42.4080467224121,-8.87160396575928,"Male"
"9004152",371985,2025-07-02 16:53:22,42.4086990356445,-8.8713960647583,"Male"
"9004152",371985,2025-07-02 16:58:34,42.4095802307129,-8.870849609375,"Male"
"9004152",371985,2025-07-02 17:04:05,42.4105949401855,-8.87041568756104,"Male"
"9004152",371985,2025-07-02 17:09:43,42.411563873291,-8.87021732330322,"Male"
"9004152",371985,2025-07-02 17:14:51,42.4122886657715,-8.87058258056641,"Male"
"9004152",371985,2025-07-02 17:19:50,42.4133033752441,-8.8705415725708,"Male"
"9004152",371985,2025-07-02 17:24:49,42.4130592346191,-8.87034797668457,"Male"
"9004152",371985,2025-07-02 17:29:50,42.4136085510254,-8.87097549438477,"Male"
"9004152",371985,2025-07-02 17:34:49,42.4129638671875,-8.87017822265625,"Male"
"9004152",371985,2025-07-02 17:39:49,42.4138717651367,-8.87140083312988,"Male"
"9004152",371985,2025-07-02 17:44:52,42.4134254455566,-8.87130260467529,"Male"
"9004152",371985,2025-07-02 17:49:49,42.4135932922363,-8.87102317810059,"Male"
"9004152",371985,2025-07-02 17:54:50,42.4134254455566,-8.87128639221191,"Male"
"9004152",371985,2025-07-02 17:59:49,42.4135055541992,-8.87113094329834,"Male"
"9004152",371985,2025-07-02 18:04:49,42.4134750366211,-8.87105083465576,"Male"
"9004152",371985,2025-07-02 18:09:49,42.4127960205078,-8.87145900726318,"Male"
"9004152",371985,2025-07-02 18:14:56,42.411979675293,-8.87044429779053,"Male"
"9004152",371985,2025-07-02 18:20:13,42.4115295410156,-8.87055110931396,"Male"
"9004152",371985,2025-07-02 18:25:11,42.4117126464844,-8.87143325805664,"Male"
"9004152",371985,2025-07-02 18:30:50,42.4102363586426,-8.87141895294189,"Male"
"9004152",371985,2025-07-02 18:36:21,42.4104843139648,-8.87082099914551,"Male"
"9004152",371985,2025-07-02 18:41:28,42.4101257324219,-8.87008285522461,"Male"
"9004152",371985,2025-07-02 18:46:28,42.4098625183105,-8.87153720855713,"Male"
"9004152",371985,2025-07-02 18:51:56,42.4108123779297,-8.87149715423584,"Male"
"9004152",371985,2025-07-02 18:57:25,42.409854888916,-8.87216854095459,"Male"
"9004152",371985,2025-07-02 19:03:00,42.4105949401855,-8.872878074646,"Male"
"9004152",371985,2025-07-02 19:08:09,42.4106330871582,-8.87382698059082,"Male"
"9004152",371985,2025-07-02 19:13:07,42.4073371887207,-8.89573287963867,"Male"
"9004152",371985,2025-07-02 19:18:08,42.3968353271484,-8.92018795013428,"Male"
"9004152",371985,2025-07-02 19:23:08,42.3968391418457,-8.92010593414307,"Male"
"9004152",371985,2025-07-02 19:28:07,42.3968315124512,-8.91988945007324,"Male"
"9004152",371985,2025-07-02 19:33:09,42.3968238830566,-8.92004680633545,"Male"
"9004152",371985,2025-07-02 19:38:07,42.3967971801758,-8.92002773284912,"Male"
"9004152",371985,2025-07-02 19:43:07,42.3982315063477,-8.92033863067627,"Male"
"9004152",371985,2025-07-02 19:48:07,42.3983116149902,-8.92037296295166,"Male"
"9004152",371985,2025-07-02 19:53:07,42.3982353210449,-8.92024326324463,"Male"
"9004152",371985,2025-07-02 19:58:07,42.398193359375,-8.92008781433105,"Male"
"9004152",371985,2025-07-02 20:03:08,42.3983345031738,-8.92004013061523,"Male"
"9004152",371985,2025-07-02 20:08:08,42.398021697998,-8.91939258575439,"Male"
"9004152",371985,2025-07-02 20:13:35,42.3982353210449,-8.92037296295166,"Male"
"9004152",371985,2025-07-02 20:18:35,42.3982124328613,-8.92039585113525,"Male"
"9004152",371985,2025-07-02 20:23:07,42.3985023498535,-8.92053127288818,"Male"
"9004152",371985,2025-07-02 20:28:07,42.3983764648438,-8.92060089111328,"Male"
"9004152",371985,2025-07-02 20:33:06,42.3984336853027,-8.92058849334717,"Male"
"9004152",371985,2025-07-02 20:38:07,42.3983879089355,-8.92060947418213,"Male"
"9004152",371985,2025-07-02 20:43:07,42.3986167907715,-8.92084217071533,"Male"
"9004152",371985,2025-07-02 20:48:07,42.398609161377,-8.92082595825195,"Male"
"9004152",371985,2025-07-02 20:53:07,42.3986358642578,-8.92095184326172,"Male"
"9004152",371985,2025-07-02 20:58:07,42.3985633850098,-8.92078495025635,"Male"
"9004152",371985,2025-07-02 21:03:07,42.398681640625,-8.92094230651855,"Male"
"9004152",371985,2025-07-02 21:08:08,42.3985023498535,-8.92087459564209,"Male"
"9004152",371985,2025-07-02 21:13:07,42.3985786437988,-8.92085456848145,"Male"
"9004152",371985,2025-07-02 21:18:07,42.3984069824219,-8.92069053649902,"Male"
"9004152",371985,2025-07-02 21:23:07,42.3983612060547,-8.92059993743896,"Male"
"9004152",371985,2025-07-02 21:28:07,42.398509979248,-8.92070388793945,"Male"
"9004152",371985,2025-07-02 21:33:07,42.3986663818359,-8.92078399658203,"Male"
"9004152",371985,2025-07-02 21:38:08,42.3979148864746,-8.92158031463623,"Male"
"9004152",371985,2025-07-02 21:43:07,42.3978462219238,-8.92182922363281,"Male"
"9004152",371985,2025-07-02 21:48:07,42.398120880127,-8.92130661010742,"Male"
"9004152",371985,2025-07-02 21:53:08,42.3981475830078,-8.92137145996094,"Male"
"9004152",371985,2025-07-02 21:58:08,42.398193359375,-8.92138290405273,"Male"
"9004152",371985,2025-07-02 22:03:08,42.3980941772461,-8.92144393920898,"Male"
"9004152",371985,2025-07-02 22:08:07,42.3980598449707,-8.92140483856201,"Male"
"9004152",371985,2025-07-02 22:13:07,42.3980751037598,-8.92129802703857,"Male"
"9004152",371985,2025-07-02 22:18:07,42.3980827331543,-8.92164325714111,"Male"
"9004152",371985,2025-07-02 22:23:08,42.3980865478516,-8.92142963409424,"Male"
"9004152",371985,2025-07-02 22:28:09,42.398078918457,-8.92140102386475,"Male"
"9004152",371985,2025-07-02 22:33:07,42.3981018066406,-8.92149829864502,"Male"
"9004152",371985,2025-07-02 22:38:07,42.3981246948242,-8.92156314849854,"Male"
"9004152",371985,2025-07-02 22:43:07,42.3982391357422,-8.92168426513672,"Male"
"9004152",371985,2025-07-02 22:48:08,42.3982009887695,-8.92160892486572,"Male"
"9004152",371985,2025-07-02 22:53:09,42.3981781005859,-8.92045307159424,"Male"
"9004152",371985,2025-07-02 22:58:10,42.3981628417969,-8.92024707794189,"Male"
"9004152",371985,2025-07-02 23:03:08,42.3982048034668,-8.92037296295166,"Male"
"9004152",371985,2025-07-02 23:08:09,42.3983154296875,-8.92044448852539,"Male"
"9004152",371985,2025-07-02 23:13:09,42.3983383178711,-8.92052173614502,"Male"
"9004152",371985,2025-07-02 23:18:08,42.3983459472656,-8.92041110992432,"Male"
"9004152",371985,2025-07-02 23:23:24,42.3982276916504,-8.92043399810791,"Male"
"9004152",371985,2025-07-02 23:28:11,42.3985443115234,-8.92121982574463,"Male"
"9004152",371985,2025-07-02 23:33:08,42.3982162475586,-8.92019462585449,"Male"
"9004152",371985,2025-07-02 23:38:17,42.3980903625488,-8.92033672332764,"Male"
"9004152",371985,2025-07-02 23:43:15,42.3979187011719,-8.92028331756592,"Male"
"9004152",371985,2025-07-02 23:48:17,42.3983917236328,-8.9204044342041,"Male"
"9004152",371985,2025-07-02 23:53:09,42.3984222412109,-8.92050838470459,"Male"
"9004152",371985,2025-07-02 23:58:10,42.3984489440918,-8.92036819458008,"Male"
"9004152",371985,2025-07-03 00:03:08,42.3986778259277,-8.92099857330322,"Male"
"9004152",371985,2025-07-03 00:08:10,42.3985633850098,-8.92096614837646,"Male"
"9004152",371985,2025-07-03 00:13:07,42.3984565734863,-8.92074680328369,"Male"
"9004152",371985,2025-07-03 00:18:07,42.3983345031738,-8.92091846466064,"Male"
"9004152",371985,2025-07-03 00:23:07,42.3982772827148,-8.92090892791748,"Male"
"9004152",371985,2025-07-03 00:28:07,42.3982772827148,-8.9206018447876,"Male"
"9004152",371985,2025-07-03 00:33:07,42.3983154296875,-8.9207010269165,"Male"
"9004152",371985,2025-07-03 00:38:07,42.3983383178711,-8.92065811157227,"Male"
"9004152",371985,2025-07-03 00:43:07,42.3983039855957,-8.92066192626953,"Male"
"9004152",371985,2025-07-03 00:48:07,42.3983192443848,-8.92074203491211,"Male"
"9004152",371985,2025-07-03 00:53:07,42.3982810974121,-8.92068767547607,"Male"
"9004152",371985,2025-07-03 00:58:07,42.3982887268066,-8.92065715789795,"Male"
"9004152",371985,2025-07-03 01:03:07,42.3982582092285,-8.92068672180176,"Male"
"9004152",371985,2025-07-03 01:08:07,42.3982810974121,-8.92066192626953,"Male"
"9004152",371985,2025-07-03 01:13:07,42.3983154296875,-8.92063236236572,"Male"
"9004152",371985,2025-07-03 01:18:07,42.3983116149902,-8.92061233520508,"Male"
"9004152",371985,2025-07-03 01:23:07,42.3983688354492,-8.9207706451416,"Male"
"9004152",371985,2025-07-03 01:28:07,42.3983154296875,-8.92054176330566,"Male"
"9004152",371985,2025-07-03 01:33:07,42.398307800293,-8.92059707641602,"Male"
"9004152",371985,2025-07-03 01:38:08,42.3983573913574,-8.92069244384766,"Male"
"9004152",371985,2025-07-03 01:43:07,42.398193359375,-8.9204683303833,"Male"
"9004152",371985,2025-07-03 01:48:08,42.3982238769531,-8.92049026489258,"Male"
"9004152",371985,2025-07-03 01:53:08,42.3984260559082,-8.9204216003418,"Male"
"9004152",371985,2025-07-03 01:58:10,42.3984031677246,-8.92043113708496,"Male"
"9004152",371985,2025-07-03 02:03:11,42.3983840942383,-8.92024612426758,"Male"
"9004152",371985,2025-07-03 02:08:13,42.3984565734863,-8.92064952850342,"Male"
"9004152",371985,2025-07-03 02:13:11,42.3984794616699,-8.92049884796143,"Male"
"9004152",371985,2025-07-03 02:18:10,42.3984756469727,-8.92005157470703,"Male"
"9004152",371985,2025-07-03 02:23:09,42.3987197875977,-8.92016696929932,"Male"
"9004152",371985,2025-07-03 02:28:08,42.398754119873,-8.92017936706543,"Male"
"9004152",371985,2025-07-03 02:33:09,42.3987236022949,-8.92023849487305,"Male"
"9004152",371985,2025-07-03 02:38:09,42.3987884521484,-8.92019557952881,"Male"
"9004152",371985,2025-07-03 02:43:09,42.3985023498535,-8.92091846466064,"Male"
"9004152",371985,2025-07-03 02:48:10,42.3985252380371,-8.92081260681152,"Male"
"9004152",371985,2025-07-03 02:53:08,42.3984489440918,-8.92089653015137,"Male"
"9004152",371985,2025-07-03 02:58:11,42.3982887268066,-8.9211254119873,"Male"
"9004152",371985,2025-07-03 03:03:12,42.3983535766602,-8.92101001739502,"Male"
"9004152",371985,2025-07-03 03:08:15,42.3986396789551,-8.92057514190674,"Male"
"9004152",371985,2025-07-03 03:13:09,42.398509979248,-8.92069053649902,"Male"
"9004152",371985,2025-07-03 03:18:08,42.398250579834,-8.92103004455566,"Male"
"9004152",371985,2025-07-03 03:23:08,42.3982391357422,-8.92109680175781,"Male"
"9004152",371985,2025-07-03 03:28:08,42.3982200622559,-8.92101955413818,"Male"
"9004152",371985,2025-07-03 03:33:08,42.3980903625488,-8.92099189758301,"Male"
"9004152",371985,2025-07-03 03:38:09,42.3982353210449,-8.9208869934082,"Male"
"9004152",371985,2025-07-03 03:43:10,42.3982810974121,-8.92082595825195,"Male"
"9004152",371985,2025-07-03 03:48:18,42.3985366821289,-8.92057704925537,"Male"
"9004152",371985,2025-07-03 03:53:11,42.3981857299805,-8.92079257965088,"Male"
"9004152",371985,2025-07-03 03:58:08,42.3982696533203,-8.92063808441162,"Male"
"9004152",371985,2025-07-03 04:03:18,42.3983383178711,-8.92068862915039,"Male"
"9004152",371985,2025-07-03 04:08:08,42.3982543945312,-8.92070960998535,"Male"
"9004152",371985,2025-07-03 04:13:10,42.3982810974121,-8.9206485748291,"Male"
"9004152",371985,2025-07-03 04:18:08,42.3982162475586,-8.92060947418213,"Male"
"9004152",371985,2025-07-03 04:23:08,42.3982124328613,-8.92061328887939,"Male"
"9004152",371985,2025-07-03 04:28:08,42.3982086181641,-8.92063236236572,"Male"
"9004152",371985,2025-07-03 04:33:08,42.3981781005859,-8.92057037353516,"Male"
"9004152",371985,2025-07-03 04:38:08,42.3981285095215,-8.92047691345215,"Male"
"9004152",371985,2025-07-03 04:43:10,42.3981285095215,-8.92046642303467,"Male"
"9004152",371985,2025-07-03 04:48:12,42.3981399536133,-8.92044067382812,"Male"
"9004152",371985,2025-07-03 04:53:09,42.3980941772461,-8.92044639587402,"Male"
"9004152",371985,2025-07-03 04:58:08,42.3981781005859,-8.92046451568604,"Male"
"9004152",371985,2025-07-03 05:03:08,42.3981437683105,-8.92038536071777,"Male"
"9004152",371985,2025-07-03 05:08:18,42.3982238769531,-8.92057323455811,"Male"
"9004152",371985,2025-07-03 05:13:08,42.398078918457,-8.92034339904785,"Male"
"9004152",371985,2025-07-03 05:18:08,42.3981018066406,-8.92023658752441,"Male"
"9004152",371985,2025-07-03 05:23:08,42.3980865478516,-8.92015743255615,"Male"
"9004152",371985,2025-07-03 05:28:08,42.3981246948242,-8.92019462585449,"Male"
"9004152",371985,2025-07-03 05:33:08,42.3981094360352,-8.92015838623047,"Male"
"9004152",371985,2025-07-03 05:38:08,42.3986434936523,-8.9207239151001,"Male"
"9004152",371985,2025-07-03 05:43:08,42.3986015319824,-8.92068672180176,"Male"
"9004152",371985,2025-07-03 05:48:08,42.3987922668457,-8.92093181610107,"Male"
"9004152",371985,2025-07-03 05:53:08,42.3983535766602,-8.92023086547852,"Male"
"9004152",371985,2025-07-03 05:58:08,42.3986320495605,-8.92067718505859,"Male"
"9004152",371985,2025-07-03 06:03:15,42.3986015319824,-8.92072105407715,"Male"
"9004152",371985,2025-07-03 06:08:18,42.3987045288086,-8.92053985595703,"Male"
"9004152",371985,2025-07-03 06:13:09,42.3977928161621,-8.91985607147217,"Male"
"9004152",371985,2025-07-03 06:18:35,42.3979034423828,-8.92045211791992,"Male"
"9004152",371985,2025-07-03 06:23:12,42.3981895446777,-8.92146778106689,"Male"
"9004152",371985,2025-07-03 06:28:08,42.4000434875488,-8.91034317016602,"Male"
"9004152",371985,2025-07-03 06:33:23,42.4039306640625,-8.9002513885498,"Male"
"9004152",371985,2025-07-03 06:38:23,42.4068298339844,-8.89632701873779,"Male"
"9004152",371985,2025-07-03 06:44:08,42.4109420776367,-8.876784324646,"Male"
"9004152",371985,2025-07-03 06:50:09,42.4107704162598,-8.87649345397949,"Male"
"9004152",371985,2025-07-03 06:55:15,42.4113235473633,-8.87639236450195,"Male"
"9004152",371985,2025-07-03 07:00:29,42.4118576049805,-8.87620258331299,"Male"
"9004152",371985,2025-07-03 07:05:57,42.411304473877,-8.87581825256348,"Male"
"9004152",371985,2025-07-03 07:11:19,42.4104652404785,-8.87437534332275,"Male"
"9004152",371985,2025-07-03 07:17:03,42.4102325439453,-8.87333583831787,"Male"
"9004152",371985,2025-07-03 07:22:42,42.4113578796387,-8.87281608581543,"Male"
"9004152",371985,2025-07-03 07:28:18,42.4121894836426,-8.87485885620117,"Male"
"9004152",371985,2025-07-03 07:33:38,42.4122734069824,-8.87373161315918,"Male"
"9004152",371985,2025-07-03 07:39:22,42.4110565185547,-8.87322807312012,"Male"
"9004152",371985,2025-07-03 07:44:42,42.4101448059082,-8.87386322021484,"Male"
"9004152",371985,2025-07-03 07:49:52,42.4098815917969,-8.87266635894775,"Male"
"9004152",371985,2025-07-03 07:54:51,42.4102210998535,-8.87168407440186,"Male"
"9004152",371985,2025-07-03 08:02:01,42.4112167358398,-8.87158393859863,"Male"
"9004152",371985,2025-07-03 08:07:01,42.411808013916,-8.87103176116943,"Male"
"9004152",371985,2025-07-03 08:12:45,42.413646697998,-8.87077331542969,"Male"
"9004152",371985,2025-07-03 08:17:19,42.4137268066406,-8.87091255187988,"Male"
"9004152",371985,2025-07-03 08:22:19,42.4136924743652,-8.87081432342529,"Male"
"9004152",371985,2025-07-03 08:27:23,42.4136581420898,-8.87120914459229,"Male"
"9004152",371985,2025-07-03 08:32:17,42.4136962890625,-8.87103080749512,"Male"
"9004152",371985,2025-07-03 08:37:34,42.4138793945312,-8.87094593048096,"Male"
"9004152",371985,2025-07-03 08:42:25,42.4138374328613,-8.87081813812256,"Male"
"9004152",371985,2025-07-03 08:47:30,42.4138526916504,-8.87083148956299,"Male"
"9004152",371985,2025-07-03 08:52:27,42.4137954711914,-8.87083625793457,"Male"
"9004152",371985,2025-07-03 08:57:44,42.4136085510254,-8.87119770050049,"Male"
"9004152",371985,2025-07-03 09:02:17,42.4135818481445,-8.87113094329834,"Male"
"9004152",371985,2025-07-03 09:07:21,42.4135475158691,-8.87098026275635,"Male"
"9004152",371985,2025-07-03 09:12:18,42.4134902954102,-8.87104511260986,"Male"
"9004152",371985,2025-07-03 09:17:18,42.413501739502,-8.87103843688965,"Male"
"9004152",371985,2025-07-03 09:22:21,42.4135093688965,-8.87103080749512,"Male"
"9004152",371985,2025-07-03 09:27:17,42.4135131835938,-8.87101459503174,"Male"
"9004152",371985,2025-07-03 09:32:19,42.4136009216309,-8.87104797363281,"Male"
"9004152",371985,2025-07-03 09:37:18,42.4123649597168,-8.87069034576416,"Male"
"9004152",371985,2025-07-03 09:42:22,42.4134635925293,-8.87089920043945,"Male"
"9004152",371985,2025-07-03 09:47:28,42.4133567810059,-8.87085914611816,"Male"
"9004152",371985,2025-07-03 09:52:32,42.4131698608398,-8.87102508544922,"Male"
"9004152",371985,2025-07-03 09:57:17,42.4133911132812,-8.87113094329834,"Male"
"9004152",371985,2025-07-03 10:02:44,42.413459777832,-8.87103080749512,"Male"
"9004152",371985,2025-07-03 10:07:16,42.4134712219238,-8.87105846405029,"Male"
"9004152",371985,2025-07-03 10:12:17,42.4134902954102,-8.87099742889404,"Male"
"9004152",371985,2025-07-03 10:17:16,42.4133987426758,-8.87104320526123,"Male"
"9004152",371985,2025-07-03 10:22:17,42.4135780334473,-8.87119960784912,"Male"
"9004152",371985,2025-07-03 10:27:17,42.4135856628418,-8.87119960784912,"Male"
"9004152",371985,2025-07-03 10:32:22,42.412914276123,-8.87092590332031,"Male"
"9004152",371985,2025-07-03 10:37:17,42.4126205444336,-8.87034702301025,"Male"
"9004152",371985,2025-07-03 10:43:48,42.4113235473633,-8.87026882171631,"Male"
"9004152",371985,2025-07-03 11:16:51,42.4108734130859,-8.87066650390625,"Male"
"9004152",371985,2025-07-03 11:21:46,42.412769317627,-8.87093639373779,"Male"
"9004152",371985,2025-07-03 11:26:50,42.4128799438477,-8.87052249908447,"Male"
"9004152",371985,2025-07-03 11:31:46,42.4129829406738,-8.87056827545166,"Male"
"9004152",371985,2025-07-03 11:36:48,42.4130516052246,-8.87051963806152,"Male"
"9004152",371985,2025-07-03 11:41:47,42.4130401611328,-8.87057209014893,"Male"
"9004152",371985,2025-07-03 11:46:38,42.4134750366211,-8.87059116363525,"Male"
"9004152",371985,2025-07-03 11:52:00,42.4129333496094,-8.87070751190186,"Male"
"9004152",371985,2025-07-03 11:57:04,42.4133224487305,-8.87089347839355,"Male"
"9004152",371985,2025-07-03 12:01:37,42.4132957458496,-8.87087917327881,"Male"
"9004152",371985,2025-07-03 12:06:37,42.413272857666,-8.87090015411377,"Male"
"9004152",371985,2025-07-03 12:11:37,42.4133110046387,-8.87087821960449,"Male"
"9004152",371985,2025-07-03 12:16:37,42.4132804870605,-8.87087726593018,"Male"
"9004152",371985,2025-07-03 12:21:36,42.4133720397949,-8.87082767486572,"Male"
"9004152",371985,2025-07-03 12:26:37,42.4131927490234,-8.87086486816406,"Male"
"9004152",371985,2025-07-03 12:31:37,42.4132118225098,-8.87080383300781,"Male"
"9004152",371985,2025-07-03 12:36:37,42.4132690429688,-8.87086296081543,"Male"
"9004152",371985,2025-07-03 12:41:36,42.413330078125,-8.87085342407227,"Male"
"9004152",371985,2025-07-03 12:46:37,42.4132690429688,-8.87087440490723,"Male"
"9004152",371985,2025-07-03 12:51:36,42.4132461547852,-8.87092018127441,"Male"
"9004152",371985,2025-07-03 12:56:36,42.4133071899414,-8.8708963394165,"Male"
"9004152",371985,2025-07-03 13:01:36,42.413200378418,-8.87082290649414,"Male"
"9004152",371985,2025-07-03 13:06:36,42.413272857666,-8.87090492248535,"Male"
"9004152",371985,2025-07-03 13:11:36,42.4132690429688,-8.87089920043945,"Male"
"9004152",371985,2025-07-03 13:16:36,42.4132804870605,-8.8709716796875,"Male"
"9004152",371985,2025-07-03 13:21:37,42.4132919311523,-8.87090301513672,"Male"
"9004152",371985,2025-07-03 13:26:38,42.4132804870605,-8.87099170684814,"Male"
"9004152",371985,2025-07-03 13:31:37,42.4132804870605,-8.87100028991699,"Male"
"9004152",371985,2025-07-03 13:36:37,42.413200378418,-8.87091732025146,"Male"
"9004152",371985,2025-07-03 13:41:37,42.4132766723633,-8.87089157104492,"Male"
"9004152",371985,2025-07-03 13:46:39,42.4131774902344,-8.87088966369629,"Male"
"9004152",371985,2025-07-03 13:51:37,42.4132843017578,-8.87096309661865,"Male"
"9004152",371985,2025-07-03 13:56:37,42.4131889343262,-8.8708324432373,"Male"
"9004152",371985,2025-07-03 14:01:37,42.4133796691895,-8.87097358703613,"Male"
"9004152",371985,2025-07-03 14:06:37,42.4132843017578,-8.87095928192139,"Male"
"9004152",371985,2025-07-03 14:11:37,42.4132423400879,-8.87088298797607,"Male"
"9004152",371985,2025-07-03 14:16:37,42.4133529663086,-8.87093162536621,"Male"
"9004152",371985,2025-07-03 14:21:37,42.4132347106934,-8.87091255187988,"Male"
"9004152",371985,2025-07-03 14:26:37,42.4133605957031,-8.87092018127441,"Male"
"9004152",371985,2025-07-03 14:31:37,42.413330078125,-8.87088203430176,"Male"
"9004152",371985,2025-07-03 14:36:37,42.4131507873535,-8.87074851989746,"Male"
"9004152",371985,2025-07-03 14:41:38,42.4131851196289,-8.87080478668213,"Male"
"9004152",371985,2025-07-03 14:46:37,42.4131965637207,-8.87083435058594,"Male"
"9004152",371985,2025-07-03 14:52:05,42.4132270812988,-8.87085342407227,"Male"
"9004152",371985,2025-07-03 14:56:37,42.4134712219238,-8.87128734588623,"Male"
"9004152",371985,2025-07-03 15:01:36,42.4133110046387,-8.87089538574219,"Male"
"9004152",371985,2025-07-03 15:06:37,42.4132995605469,-8.87089347839355,"Male"
"9004152",371985,2025-07-03 15:11:37,42.4133071899414,-8.87099838256836,"Male"
"9004152",371985,2025-07-03 15:16:37,42.4133758544922,-8.87088680267334,"Male"
"9004152",371985,2025-07-03 15:21:37,42.4132843017578,-8.87094879150391,"Male"
"9004152",371985,2025-07-03 15:26:37,42.413272857666,-8.87090969085693,"Male"
"9004152",371985,2025-07-03 15:31:37,42.4132347106934,-8.87094306945801,"Male"
"9004152",371985,2025-07-03 15:36:37,42.413272857666,-8.87090015411377,"Male"
"9004152",371985,2025-07-03 15:41:37,42.4132804870605,-8.87091636657715,"Male"
"9004152",371985,2025-07-03 15:46:37,42.4122924804688,-8.87059020996094,"Male"
"9004152",371985,2025-07-03 15:51:38,42.4110870361328,-8.87050819396973,"Male"
"9004152",371985,2025-07-03 15:57:18,42.4108543395996,-8.87076950073242,"Male"
"9004152",371985,2025-07-03 16:02:43,42.4101524353027,-8.87178611755371,"Male"
"9004152",371985,2025-07-03 16:08:22,42.409912109375,-8.87110042572021,"Male"
"9004152",371985,2025-07-03 16:13:34,42.4103088378906,-8.8706693649292,"Male"
"9004152",371985,2025-07-03 16:18:34,42.404857635498,-8.87121295928955,"Male"
"9004152",371985,2025-07-03 16:23:57,42.4099273681641,-8.87470436096191,"Male"
"9004152",371985,2025-07-03 16:29:11,42.4105072021484,-8.87410068511963,"Male"
"9004152",371985,2025-07-03 16:34:19,42.4109039306641,-8.87247943878174,"Male"
"9004152",371985,2025-07-03 16:39:18,42.4108276367188,-8.87284755706787,"Male"
"9004152",371985,2025-07-03 16:44:17,42.4115142822266,-8.87217903137207,"Male"
"9004152",371985,2025-07-03 16:49:25,42.4121360778809,-8.87112808227539,"Male"
"9004152",371985,2025-07-03 16:54:46,42.4118995666504,-8.87235164642334,"Male"
"9004152",371985,2025-07-03 17:00:22,42.4106788635254,-8.87222576141357,"Male"
"9004152",371985,2025-07-03 17:05:57,42.4108772277832,-8.87048149108887,"Male"
"9004152",371985,2025-07-03 17:11:05,42.4128303527832,-8.87149524688721,"Male"
"9004152",371985,2025-07-03 17:15:58,42.4132232666016,-8.87115573883057,"Male"
"9004152",371985,2025-07-03 17:20:58,42.4130668640137,-8.87125301361084,"Male"
"9004152",371985,2025-07-03 17:25:58,42.4132423400879,-8.87128257751465,"Male"
"9004152",371985,2025-07-03 17:30:58,42.4132614135742,-8.87123775482178,"Male"
"9004152",371985,2025-07-03 17:35:58,42.4131469726562,-8.8714485168457,"Male"
"9004152",371985,2025-07-03 17:40:58,42.4123268127441,-8.87308406829834,"Male"
"9004152",371985,2025-07-03 17:46:00,42.4122619628906,-8.8757495880127,"Male"
"9004152",371985,2025-07-03 17:51:23,42.4129676818848,-8.87870788574219,"Male"
"9004152",371985,2025-07-03 17:56:21,42.4133148193359,-8.87898063659668,"Male"
"9004152",371985,2025-07-03 18:01:21,42.4133949279785,-8.87914085388184,"Male"
"9004152",371985,2025-07-03 18:06:21,42.4133338928223,-8.87915897369385,"Male"
"9004152",371985,2025-07-03 18:11:21,42.413387298584,-8.87906169891357,"Male"
"9004152",371985,2025-07-03 18:16:21,42.4131011962891,-8.87954902648926,"Male"
"9004152",371985,2025-07-03 18:21:21,42.4033966064453,-8.90886211395264,"Male"
"9004152",371985,2025-07-03 18:26:21,42.3982429504395,-8.92073059082031,"Male"
"9004152",371985,2025-07-03 18:31:21,42.3982200622559,-8.92079162597656,"Male"
"9004152",371985,2025-07-03 18:36:21,42.3986015319824,-8.92049503326416,"Male"
"9004152",371985,2025-07-03 18:41:21,42.3982467651367,-8.92085742950439,"Male"
"9004152",371985,2025-07-03 18:46:21,42.3984642028809,-8.92074489593506,"Male"
"9004152",371985,2025-07-03 18:51:21,42.3982696533203,-8.92066669464111,"Male"
"9004152",371985,2025-07-03 18:56:21,42.3983192443848,-8.92058277130127,"Male"
"9004152",371985,2025-07-03 19:01:21,42.398307800293,-8.92064952850342,"Male"
"9004152",371985,2025-07-03 19:06:21,42.3982963562012,-8.92043399810791,"Male"
"9004152",371985,2025-07-03 19:11:21,42.3983345031738,-8.9210147857666,"Male"
"9004152",371985,2025-07-03 19:16:21,42.3982391357422,-8.92073440551758,"Male"
"9004152",371985,2025-07-03 19:21:21,42.398307800293,-8.92063331604004,"Male"
"9004152",371985,2025-07-03 19:26:21,42.3981056213379,-8.92056083679199,"Male"
"9004152",371985,2025-07-03 19:31:21,42.3983192443848,-8.92081832885742,"Male"
"9004152",371985,2025-07-03 19:36:21,42.398307800293,-8.92070007324219,"Male"
"9004152",371985,2025-07-03 19:41:21,42.3983345031738,-8.92072486877441,"Male"
"9004152",371985,2025-07-03 19:46:22,42.3982810974121,-8.92079162597656,"Male"
"9004152",371985,2025-07-03 19:51:21,42.3982734680176,-8.92086505889893,"Male"
"9004152",371985,2025-07-03 19:56:22,42.3980484008789,-8.92069721221924,"Male"
"9004152",371985,2025-07-03 20:01:21,42.3981399536133,-8.92087078094482,"Male"
"9004152",371985,2025-07-03 20:06:21,42.3981094360352,-8.92083549499512,"Male"
"9004152",371985,2025-07-03 20:11:21,42.3981132507324,-8.92073154449463,"Male"
"9004152",371985,2025-07-03 20:16:22,42.398136138916,-8.92080783843994,"Male"
"9004152",371985,2025-07-03 20:21:21,42.3981399536133,-8.92084789276123,"Male"
"9004152",371985,2025-07-03 20:26:21,42.3980674743652,-8.92071723937988,"Male"
"9004152",371985,2025-07-03 20:31:21,42.3980941772461,-8.92071533203125,"Male"
"9004152",371985,2025-07-03 20:36:22,42.398250579834,-8.92078113555908,"Male"
"9004152",371985,2025-07-03 20:41:22,42.3982009887695,-8.92072868347168,"Male"
"9004152",371985,2025-07-03 20:46:22,42.3982810974121,-8.92079734802246,"Male"
"9004152",371985,2025-07-03 20:51:22,42.3982276916504,-8.92075824737549,"Male"
"9004152",371985,2025-07-03 20:56:21,42.3983612060547,-8.92080211639404,"Male"
"9004152",371985,2025-07-03 21:01:21,42.3982925415039,-8.92065811157227,"Male"
"9004152",371985,2025-07-03 21:06:22,42.3985137939453,-8.92066287994385,"Male"
"9004152",371985,2025-07-03 21:11:21,42.3983383178711,-8.92076587677002,"Male"
"9004152",371985,2025-07-03 21:16:21,42.3984527587891,-8.92132186889648,"Male"
"9004152",371985,2025-07-03 21:21:22,42.3983383178711,-8.9207592010498,"Male"
"9004152",371985,2025-07-03 21:26:21,42.3983535766602,-8.92077732086182,"Male"
"9004152",371985,2025-07-03 21:31:22,42.398380279541,-8.92075538635254,"Male"
"9004152",371985,2025-07-03 21:36:22,42.3983879089355,-8.92087078094482,"Male"
"9004152",371985,2025-07-03 21:41:21,42.3984184265137,-8.92079734802246,"Male"
"9004152",371985,2025-07-03 21:46:21,42.3983573913574,-8.92080879211426,"Male"
"9004152",371985,2025-07-03 21:51:21,42.3983955383301,-8.92079448699951,"Male"
"9004152",371985,2025-07-03 21:56:21,42.3983764648438,-8.92074012756348,"Male"
"9004152",371985,2025-07-03 22:01:22,42.3983421325684,-8.9206600189209,"Male"
"9004152",371985,2025-07-03 22:06:22,42.3983039855957,-8.92072296142578,"Male"
"9004152",371985,2025-07-03 22:11:21,42.3983306884766,-8.92061233520508,"Male"
"9004152",371985,2025-07-03 22:16:22,42.3982696533203,-8.92053318023682,"Male"
"9004152",371985,2025-07-03 22:21:21,42.3983497619629,-8.92079734802246,"Male"
"9004152",371985,2025-07-03 22:26:22,42.3983726501465,-8.92057704925537,"Male"
"9004152",371985,2025-07-03 22:31:22,42.3983612060547,-8.92067813873291,"Male"
"9004152",371985,2025-07-03 22:36:21,42.3983383178711,-8.920654296875,"Male"
"9004152",371985,2025-07-03 22:41:24,42.3985824584961,-8.91889667510986,"Male"
"9004152",371985,2025-07-03 22:46:22,42.3986282348633,-8.9187126159668,"Male"
"9004152",371985,2025-07-03 22:51:22,42.3985748291016,-8.91891384124756,"Male"
"9004152",371985,2025-07-03 22:56:23,42.3985214233398,-8.9191198348999,"Male"
"9004152",371985,2025-07-03 23:01:30,42.3983497619629,-8.92021560668945,"Male"
"9004152",371985,2025-07-03 23:06:22,42.3984336853027,-8.92010402679443,"Male"
"9004152",371985,2025-07-03 23:11:23,42.3984680175781,-8.91910171508789,"Male"
"9004152",371985,2025-07-03 23:16:25,42.3983116149902,-8.92019081115723,"Male"
"9004152",371985,2025-07-03 23:21:24,42.3983268737793,-8.92051315307617,"Male"
"9004152",371985,2025-07-03 23:26:44,42.3983421325684,-8.92022228240967,"Male"
"9004152",371985,2025-07-03 23:31:47,42.3983993530273,-8.9205436706543,"Male"
"9004152",371985,2025-07-03 23:36:27,42.3984146118164,-8.92045497894287,"Male"
"9004152",371985,2025-07-03 23:41:23,42.3984184265137,-8.92024707794189,"Male"
"9004152",371985,2025-07-03 23:46:53,42.3982276916504,-8.92049980163574,"Male"
"9004152",371985,2025-07-03 23:51:21,42.3981666564941,-8.92049407958984,"Male"
"9004152",371985,2025-07-03 23:56:21,42.3982391357422,-8.92073154449463,"Male"
"9004152",371985,2025-07-04 00:01:21,42.3982582092285,-8.92089939117432,"Male"
"9004152",371985,2025-07-04 00:06:21,42.398193359375,-8.92072582244873,"Male"
"9004152",371985,2025-07-04 00:11:23,42.3981552124023,-8.92055130004883,"Male"
"9004152",371985,2025-07-04 00:16:23,42.3982391357422,-8.92071151733398,"Male"
"9004152",371985,2025-07-04 00:21:22,42.3981895446777,-8.92050838470459,"Male"
"9004152",371985,2025-07-04 00:26:21,42.3982353210449,-8.92046070098877,"Male"
"9004152",371985,2025-07-04 00:31:22,42.398193359375,-8.92046165466309,"Male"
"9004152",371985,2025-07-04 00:36:21,42.398193359375,-8.92043685913086,"Male"
"9004152",371985,2025-07-04 00:41:21,42.3982238769531,-8.92045879364014,"Male"
"9004152",371985,2025-07-04 00:46:21,42.3982429504395,-8.92049217224121,"Male"
"9004152",371985,2025-07-04 00:51:21,42.3983497619629,-8.92036724090576,"Male"
"9004152",371985,2025-07-04 00:56:23,42.3982696533203,-8.92052364349365,"Male"
"9004152",371985,2025-07-04 01:01:23,42.3981628417969,-8.92049026489258,"Male"
"9004152",371985,2025-07-04 01:06:27,42.3982315063477,-8.92024993896484,"Male"
"9004152",371985,2025-07-04 01:11:21,42.3981552124023,-8.92021656036377,"Male"
"9004152",371985,2025-07-04 01:16:22,42.3981170654297,-8.92020893096924,"Male"
"9004152",371985,2025-07-04 01:21:21,42.3980941772461,-8.92025089263916,"Male"
"9004152",371985,2025-07-04 01:26:21,42.3980941772461,-8.92017555236816,"Male"
"9004152",371985,2025-07-04 01:31:21,42.3981437683105,-8.9200963973999,"Male"
"9004152",371985,2025-07-04 01:36:21,42.3981285095215,-8.92012596130371,"Male"
"9004152",371985,2025-07-04 01:41:21,42.3981781005859,-8.92008209228516,"Male"
"9004152",371985,2025-07-04 01:46:21,42.398078918457,-8.91993427276611,"Male"
"9004152",371985,2025-07-04 01:51:30,42.3982238769531,-8.92048072814941,"Male"
"9004152",371985,2025-07-04 01:56:21,42.3982429504395,-8.92046546936035,"Male"
"9004152",371985,2025-07-04 02:01:30,42.3982238769531,-8.92042350769043,"Male"
"9004152",371985,2025-07-04 02:06:33,42.3981895446777,-8.92046642303467,"Male"
"9004152",371985,2025-07-04 02:11:21,42.3982467651367,-8.92058181762695,"Male"
"9004152",371985,2025-07-04 02:16:44,42.3982315063477,-8.9205207824707,"Male"
"9004152",371985,2025-07-04 02:21:22,42.3981666564941,-8.92070198059082,"Male"
"9004152",371985,2025-07-04 02:26:25,42.3982353210449,-8.92041397094727,"Male"
"9004152",371985,2025-07-04 02:31:24,42.3977584838867,-8.92247009277344,"Male"
"9004152",371985,2025-07-04 02:36:30,42.3980369567871,-8.92001438140869,"Male"
"9004152",371985,2025-07-04 02:41:23,42.3980407714844,-8.92078876495361,"Male"
"9004152",371985,2025-07-04 02:46:44,42.3981590270996,-8.92039394378662,"Male"
"9004152",371985,2025-07-04 02:51:30,42.3981895446777,-8.92030143737793,"Male"
"9004152",371985,2025-07-04 02:56:32,42.3981971740723,-8.92024993896484,"Male"
"9004152",371985,2025-07-04 03:01:30,42.398265838623,-8.92018985748291,"Male"
"9004152",371985,2025-07-04 03:06:33,42.3982048034668,-8.9203462600708,"Male"
"9004152",371985,2025-07-04 03:11:35,42.3986701965332,-8.92057132720947,"Male"
"9004152",371985,2025-07-04 03:16:28,42.3981742858887,-8.92036724090576,"Male"
"9004152",371985,2025-07-04 03:21:44,42.3980445861816,-8.92031764984131,"Male"
"9004152",371985,2025-07-04 03:26:21,42.3978462219238,-8.92077350616455,"Male"
"9004152",371985,2025-07-04 03:31:30,42.3982124328613,-8.92035293579102,"Male"
"9004152",371985,2025-07-04 03:36:30,42.3980598449707,-8.92033863067627,"Male"
"9004152",371985,2025-07-04 03:41:32,42.3980560302734,-8.92041778564453,"Male"
"9004152",371985,2025-07-04 03:46:50,42.3980522155762,-8.9203634262085,"Male"
"9004152",371985,2025-07-04 03:51:21,42.398136138916,-8.92045021057129,"Male"
"9004152",371985,2025-07-04 03:56:21,42.3980484008789,-8.92031383514404,"Male"
"9004152",371985,2025-07-04 04:01:25,42.3980865478516,-8.92038631439209,"Male"
"9004152",371985,2025-07-04 04:06:21,42.3980560302734,-8.92041683197021,"Male"
"9004152",371985,2025-07-04 04:11:21,42.3980712890625,-8.92043590545654,"Male"
"9004152",371985,2025-07-04 04:16:21,42.3981018066406,-8.92047691345215,"Male"
"9004152",371985,2025-07-04 04:21:21,42.3980903625488,-8.92044830322266,"Male"
"9004152",371985,2025-07-04 04:26:21,42.3981781005859,-8.92047500610352,"Male"
"9004152",371985,2025-07-04 04:31:21,42.3981056213379,-8.92043972015381,"Male"
"9004152",371985,2025-07-04 04:36:21,42.3981170654297,-8.92043495178223,"Male"
"9004152",371985,2025-07-04 04:41:21,42.3980140686035,-8.92023468017578,"Male"
"9004152",371985,2025-07-04 04:46:21,42.3982810974121,-8.92081642150879,"Male"
"9004152",371985,2025-07-04 04:51:44,42.3981246948242,-8.92051219940186,"Male"
"9004152",371985,2025-07-04 04:56:22,42.3972587585449,-8.91969776153564,"Male"
"9004152",371985,2025-07-04 05:01:22,42.398307800293,-8.92077445983887,"Male"
"9004152",371985,2025-07-04 05:06:22,42.3984451293945,-8.92112159729004,"Male"
"9004152",371985,2025-07-04 05:11:28,42.3980751037598,-8.92037010192871,"Male"
"9004152",371985,2025-07-04 05:16:21,42.3982162475586,-8.92068958282471,"Male"
"9004152",371985,2025-07-04 05:21:21,42.3981513977051,-8.92049217224121,"Male"
"9004152",371985,2025-07-04 05:26:24,42.3983383178711,-8.92083263397217,"Male"
"9004152",371985,2025-07-04 05:31:32,42.3981781005859,-8.92036628723145,"Male"
"9004152",371985,2025-07-04 05:36:21,42.398136138916,-8.92033863067627,"Male"
"9004152",371985,2025-07-04 05:41:21,42.3979797363281,-8.92049789428711,"Male"
"9004152",371985,2025-07-04 05:46:44,42.3981170654297,-8.91885089874268,"Male"
"9004152",371985,2025-07-04 05:51:21,42.3981018066406,-8.9188756942749,"Male"
"9004152",371985,2025-07-04 05:56:36,42.3981437683105,-8.92036247253418,"Male"
"9004152",371985,2025-07-04 06:01:53,42.3982391357422,-8.92046642303467,"Male"
"9004152",371985,2025-07-04 06:06:21,42.3982353210449,-8.92049598693848,"Male"
"9004152",371985,2025-07-04 06:11:21,42.3981895446777,-8.92068958282471,"Male"
"9004152",371985,2025-07-04 06:16:21,42.3976440429688,-8.92032718658447,"Male"
"9004152",371985,2025-07-04 06:21:21,42.397632598877,-8.92037296295166,"Male"
"9004152",371985,2025-07-04 06:26:21,42.3975944519043,-8.92033767700195,"Male"
"9004152",371985,2025-07-04 06:31:21,42.3976058959961,-8.92035484313965,"Male"
"9004152",371985,2025-07-04 06:36:20,42.3975868225098,-8.92035388946533,"Male"
"9004152",371985,2025-07-04 06:41:59,42.4053382873535,-8.89980888366699,"Male"
"9004152",371985,2025-07-04 06:47:21,42.4088363647461,-8.894775390625,"Male"
"9004152",371985,2025-07-04 06:52:38,42.4121894836426,-8.88696575164795,"Male"
"9004152",371985,2025-07-04 06:57:37,42.4128723144531,-8.88592624664307,"Male"
"9004152",371985,2025-07-04 07:03:22,42.4123954772949,-8.87834072113037,"Male"
"9004152",371985,2025-07-04 07:08:21,42.4104270935059,-8.87697887420654,"Male"
"9004152",371985,2025-07-04 07:14:56,42.4080543518066,-8.87613487243652,"Male"
"9004152",371985,2025-07-04 07:21:24,42.406120300293,-8.8732271194458,"Male"
"9004152",371985,2025-07-04 07:26:30,42.4051475524902,-8.87348461151123,"Male"
"9004152",371985,2025-07-04 07:31:33,42.404899597168,-8.87325382232666,"Male"
"9004152",371985,2025-07-04 07:36:29,42.4059562683105,-8.86849880218506,"Male"
"9004152",371985,2025-07-04 07:41:29,42.4043312072754,-8.8613224029541,"Male"
"9004152",371985,2025-07-04 07:46:29,42.4043197631836,-8.86117267608643,"Male"
"9004152",371985,2025-07-04 07:51:29,42.4043426513672,-8.86111450195312,"Male"
"9004152",371985,2025-07-04 07:56:29,42.4042625427246,-8.86124992370605,"Male"
"9004152",371985,2025-07-04 08:01:59,42.4042739868164,-8.86132335662842,"Male"
"9004152",371985,2025-07-04 08:06:29,42.4042663574219,-8.86122226715088,"Male"
"9004152",371985,2025-07-04 08:11:29,42.4042510986328,-8.86126804351807,"Male"
"9004152",371985,2025-07-04 08:16:30,42.4042549133301,-8.86110496520996,"Male"
"9004152",371985,2025-07-04 08:21:29,42.4043083190918,-8.86100578308105,"Male"
"9004152",371985,2025-07-04 08:26:30,42.4043197631836,-8.8609619140625,"Male"
"9004152",371985,2025-07-04 08:31:30,42.4043197631836,-8.86094665527344,"Male"
"9004152",371985,2025-07-04 08:36:29,42.4043197631836,-8.86126041412354,"Male"
"9004152",371985,2025-07-04 08:41:29,42.4043350219727,-8.86104583740234,"Male"
"9004152",371985,2025-07-04 08:46:30,42.4092674255371,-8.86965465545654,"Male"
"9004152",371985,2025-07-04 08:51:29,42.4095077514648,-8.87084674835205,"Male"
"9004152",371985,2025-07-04 08:56:29,42.4136123657227,-8.87179756164551,"Male"
"9004152",371985,2025-07-04 09:01:29,42.4136276245117,-8.8718433380127,"Male"
"9004152",371985,2025-07-04 09:06:29,42.4136123657227,-8.87179183959961,"Male"
"9004152",371985,2025-07-04 09:11:29,42.413703918457,-8.87180805206299,"Male"
"9004152",371985,2025-07-04 09:16:29,42.4135665893555,-8.87194919586182,"Male"
"9004152",371985,2025-07-04 09:21:29,42.4136810302734,-8.87186336517334,"Male"
"9004152",371985,2025-07-04 09:26:29,42.4137191772461,-8.87186622619629,"Male"
"9004152",371985,2025-07-04 09:31:29,42.4137306213379,-8.87181663513184,"Male"
"9004152",371985,2025-07-04 09:36:29,42.4139060974121,-8.87136650085449,"Male"
"9004152",371985,2025-07-04 09:41:29,42.4139289855957,-8.87171268463135,"Male"
"9004152",371985,2025-07-04 09:46:29,42.4139022827148,-8.87193393707275,"Male"
"9004152",371985,2025-07-04 09:51:29,42.4137840270996,-8.87155246734619,"Male"
"9004152",371985,2025-07-04 09:56:29,42.4139022827148,-8.87152194976807,"Male"
"9004152",371985,2025-07-04 10:01:29,42.4137268066406,-8.87188148498535,"Male"
"9004152",371985,2025-07-04 10:06:29,42.4137687683105,-8.87173652648926,"Male"
"9004152",371985,2025-07-04 10:11:29,42.4136009216309,-8.87207126617432,"Male"
"9004152",371985,2025-07-04 10:16:29,42.4136924743652,-8.87182331085205,"Male"
"9004152",371985,2025-07-04 10:21:59,42.413688659668,-8.87157726287842,"Male"
"9004152",371985,2025-07-04 10:26:29,42.4137115478516,-8.8717622756958,"Male"
"9004152",371985,2025-07-04 10:31:28,42.4136619567871,-8.87180519104004,"Male"
"9004152",371985,2025-07-04 10:36:29,42.4136238098145,-8.8717565536499,"Male"
"9004152",371985,2025-07-04 10:41:29,42.4137229919434,-8.87159156799316,"Male"
"9004152",371985,2025-07-04 10:46:29,42.4136352539062,-8.8717565536499,"Male"
"9004152",371985,2025-07-04 10:51:30,42.4136161804199,-8.87169075012207,"Male"
"9004152",371985,2025-07-04 10:56:29,42.4135208129883,-8.87176990509033,"Male"
"9004152",371985,2025-07-04 11:01:29,42.4125862121582,-8.87216854095459,"Male"
"9004152",371985,2025-07-04 11:06:29,42.4115333557129,-8.87238311767578,"Male"
"9004152",371985,2025-07-04 11:11:31,42.4111251831055,-8.87274742126465,"Male"
"9004152",371985,2025-07-04 11:16:30,42.4123077392578,-8.87250709533691,"Male"
"9004152",371985,2025-07-04 11:21:29,42.4135894775391,-8.87168121337891,"Male"
"9004152",371985,2025-07-04 11:26:29,42.4135437011719,-8.87171840667725,"Male"
"9004152",371985,2025-07-04 11:31:30,42.4136047363281,-8.87170124053955,"Male"
"9004152",371985,2025-07-04 11:36:29,42.4136619567871,-8.87167072296143,"Male"
"9004152",371985,2025-07-04 11:41:29,42.4136772155762,-8.87166881561279,"Male"
"9004152",371985,2025-07-04 11:46:29,42.4136085510254,-8.8716926574707,"Male"
"9004152",371985,2025-07-04 11:51:29,42.4136619567871,-8.87168884277344,"Male"
"9004152",371985,2025-07-04 11:56:29,42.4135360717773,-8.87174415588379,"Male"
"9004152",371985,2025-07-04 12:01:29,42.41357421875,-8.87170696258545,"Male"
"9004152",371985,2025-07-04 12:06:29,42.4135665893555,-8.87170791625977,"Male"
"9004152",371985,2025-07-04 12:11:29,42.4136428833008,-8.87171459197998,"Male"
"9004152",371985,2025-07-04 12:16:29,42.4138145446777,-8.87172698974609,"Male"
"9004152",371985,2025-07-04 12:21:29,42.4138221740723,-8.87170219421387,"Male"
"9004152",371985,2025-07-04 12:26:29,42.4137992858887,-8.87174606323242,"Male"
"9004152",371985,2025-07-04 12:31:29,42.4138259887695,-8.87175273895264,"Male"
"9004152",371985,2025-07-04 12:36:29,42.4140243530273,-8.87182998657227,"Male"
"9004152",371985,2025-07-04 12:41:29,42.4139175415039,-8.87172603607178,"Male"
"9004152",371985,2025-07-04 12:46:29,42.4139404296875,-8.87174701690674,"Male"
"9004152",371985,2025-07-04 12:51:29,42.4139518737793,-8.87179660797119,"Male"
"9004152",371985,2025-07-04 12:56:29,42.4139366149902,-8.87174987792969,"Male"
"9004152",371985,2025-07-04 13:01:29,42.4138031005859,-8.87160491943359,"Male"
"9004152",371985,2025-07-04 13:06:29,42.4138069152832,-8.87164688110352,"Male"
"9004152",371985,2025-07-04 13:11:29,42.4138450622559,-8.87168216705322,"Male"
"9004152",371985,2025-07-04 13:16:29,42.4138221740723,-8.87165927886963,"Male"
"9004152",371985,2025-07-04 13:21:29,42.4136428833008,-8.87174892425537,"Male"
"9004152",371985,2025-07-04 13:26:29,42.4137001037598,-8.87174510955811,"Male"
"9004152",371985,2025-07-04 13:31:29,42.413818359375,-8.87176418304443,"Male"
"9004152",371985,2025-07-04 13:36:29,42.4136276245117,-8.87175750732422,"Male"
"9004152",371985,2025-07-04 13:41:29,42.4137992858887,-8.87184429168701,"Male"
"9004152",371985,2025-07-04 13:46:29,42.4137840270996,-8.87187194824219,"Male"
"9004152",371985,2025-07-04 13:51:29,42.4137878417969,-8.87186527252197,"Male"
"9004152",371985,2025-07-04 13:56:29,42.413818359375,-8.87187671661377,"Male"
"9004152",371985,2025-07-04 14:01:29,42.4137916564941,-8.87204456329346,"Male"
"9004152",371985,2025-07-04 14:06:29,42.4137573242188,-8.87184238433838,"Male"
"9004152",371985,2025-07-04 14:11:30,42.4138832092285,-8.8718957901001,"Male"
"9004152",371985,2025-07-04 14:16:29,42.413688659668,-8.87186050415039,"Male"
"9004152",371985,2025-07-04 14:21:29,42.4136772155762,-8.87193965911865,"Male"
"9004152",371985,2025-07-04 14:26:29,42.4137649536133,-8.87192630767822,"Male"
"9004152",371985,2025-07-04 14:31:29,42.4137191772461,-8.87185668945312,"Male"
"9004152",371985,2025-07-04 14:36:30,42.4136734008789,-8.87182235717773,"Male"
"9004152",371985,2025-07-04 14:41:29,42.4135665893555,-8.87205123901367,"Male"
"9004152",371985,2025-07-04 14:46:30,42.4132919311523,-8.87144470214844,"Male"
"9004152",371985,2025-07-04 14:51:29,42.4134941101074,-8.87166118621826,"Male"
"9004152",371985,2025-07-04 14:56:30,42.4134254455566,-8.87176418304443,"Male"
"9004152",371985,2025-07-04 15:01:30,42.4134788513184,-8.87155055999756,"Male"
"9004152",371985,2025-07-04 15:06:29,42.4130897521973,-8.87110900878906,"Male"
"9004152",371985,2025-07-04 15:11:29,42.4130859375,-8.87129497528076,"Male"
"9004152",371985,2025-07-04 15:16:30,42.4131774902344,-8.87160110473633,"Male"
"9004152",371985,2025-07-04 15:21:30,42.4132919311523,-8.87167358398438,"Male"
"9004152",371985,2025-07-04 15:26:30,42.4133338928223,-8.8717041015625,"Male"
"9004152",371985,2025-07-04 15:31:30,42.4126396179199,-8.87219715118408,"Male"
"9004152",371985,2025-07-04 15:36:44,42.4120101928711,-8.87338256835938,"Male"
"9004152",371985,2025-07-04 15:42:13,42.4114265441895,-8.874680519104,"Male"
"9004152",371985,2025-07-04 15:47:23,42.4101257324219,-8.87456226348877,"Male"
"9004152",371985,2025-07-04 15:52:30,42.4100875854492,-8.87375831604004,"Male"
"9004152",371985,2025-07-04 15:57:41,42.4105453491211,-8.87222194671631,"Male"
"9004152",371985,2025-07-04 16:03:08,42.4104537963867,-8.8700590133667,"Male"
"9004152",371985,2025-07-04 16:08:06,42.4111938476562,-8.87034606933594,"Male"
"9004152",371985,2025-07-04 16:13:29,42.4118614196777,-8.87038993835449,"Male"
"9004152",371985,2025-07-04 16:18:28,42.4130744934082,-8.87122535705566,"Male"
"9004152",371985,2025-07-04 16:23:27,42.4127960205078,-8.87204742431641,"Male"
"9004152",371985,2025-07-04 16:28:26,42.4131660461426,-8.87114906311035,"Male"
"9004152",371985,2025-07-04 16:33:28,42.4132041931152,-8.87109184265137,"Male"
"9004152",371985,2025-07-04 16:38:27,42.4131698608398,-8.87127113342285,"Male"
"9004152",371985,2025-07-04 16:43:27,42.4131774902344,-8.87120246887207,"Male"
"9004152",371985,2025-07-04 16:48:26,42.4131813049316,-8.87125396728516,"Male"
"9004152",371985,2025-07-04 16:53:27,42.4131736755371,-8.87118339538574,"Male"
"9004152",371985,2025-07-04 16:58:26,42.4131889343262,-8.87118148803711,"Male"
"9004152",371985,2025-07-04 17:03:26,42.4131927490234,-8.87115097045898,"Male"
"9004152",371985,2025-07-04 17:08:27,42.4132461547852,-8.87111949920654,"Male"
"9004152",371985,2025-07-04 17:13:27,42.4132308959961,-8.87112998962402,"Male"
"9004152",371985,2025-07-04 17:18:27,42.4132614135742,-8.87108135223389,"Male"
"9004152",371985,2025-07-04 17:23:27,42.4131698608398,-8.87106418609619,"Male"
"9004152",371985,2025-07-04 17:28:27,42.4132194519043,-8.87109375,"Male"
"9004152",371985,2025-07-04 17:33:27,42.4131851196289,-8.87094783782959,"Male"
"9004152",371985,2025-07-04 17:38:27,42.4131660461426,-8.87097549438477,"Male"
"9004152",371985,2025-07-04 17:43:27,42.4131927490234,-8.87096500396729,"Male"
"9004152",371985,2025-07-04 17:48:27,42.4126663208008,-8.87142848968506,"Male"
"9004152",371985,2025-07-04 17:53:45,42.4118423461914,-8.8709888458252,"Male"
"9004152",371985,2025-07-04 17:59:11,42.4108352661133,-8.87076377868652,"Male"
"9004152",371985,2025-07-04 18:04:31,42.4106674194336,-8.87045383453369,"Male"
"9004152",371985,2025-07-04 18:09:31,42.4119758605957,-8.8708381652832,"Male"
"9004152",371985,2025-07-04 18:15:13,42.4108848571777,-8.87293529510498,"Male"
"9004152",371985,2025-07-04 18:20:30,42.4107551574707,-8.87088680267334,"Male"
"9004152",371985,2025-07-04 18:26:45,42.4098815917969,-8.87226963043213,"Male"
"9004152",371985,2025-07-04 18:32:02,42.4100456237793,-8.87231636047363,"Male"
"9004152",371985,2025-07-04 18:37:02,42.4102821350098,-8.87172222137451,"Male"
"9004152",371985,2025-07-04 18:42:06,42.4119873046875,-8.87080478668213,"Male"
"9004152",371985,2025-07-04 18:47:02,42.4133529663086,-8.87182521820068,"Male"
"9004152",371985,2025-07-04 18:52:02,42.4134140014648,-8.87178421020508,"Male"
"9004152",371985,2025-07-04 18:57:02,42.4125289916992,-8.87224388122559,"Male"
"9004152",371985,2025-07-04 19:02:04,42.4117279052734,-8.87430667877197,"Male"
"9004152",371985,2025-07-04 19:07:02,42.4116325378418,-8.87664985656738,"Male"
"9004152",371985,2025-07-04 19:12:02,42.4106636047363,-8.87900257110596,"Male"
"9004152",371985,2025-07-04 19:17:02,42.4099960327148,-8.88066673278809,"Male"
"9004152",371985,2025-07-04 19:22:01,42.4011268615723,-8.90183162689209,"Male"
"9004152",371985,2025-07-04 19:27:01,42.3962059020996,-8.92089939117432,"Male"
"9004152",371985,2025-07-04 19:32:03,42.3961524963379,-8.92071914672852,"Male"
"9004152",371985,2025-07-04 19:37:02,42.3961753845215,-8.92075729370117,"Male"
"9004152",371985,2025-07-04 19:42:01,42.3960723876953,-8.92075824737549,"Male"
"9004152",371985,2025-07-04 19:47:01,42.3961067199707,-8.92066097259521,"Male"
"9004152",371985,2025-07-04 19:52:01,42.3958892822266,-8.92064571380615,"Male"
"9004152",371985,2025-07-04 19:57:02,42.3959083557129,-8.92053604125977,"Male"
"9004152",371985,2025-07-04 20:02:01,42.3960494995117,-8.92050266265869,"Male"
"9004152",371985,2025-07-04 20:07:01,42.3959197998047,-8.92062950134277,"Male"
"9004152",371985,2025-07-04 20:12:01,42.3961906433105,-8.92100048065186,"Male"
"9004152",371985,2025-07-04 20:17:02,42.3959579467773,-8.9205493927002,"Male"
"9004152",371985,2025-07-04 20:22:35,42.3959846496582,-8.92058181762695,"Male"
"9004152",371985,2025-07-04 20:27:00,42.3958930969238,-8.92057323455811,"Male"
"9004152",371985,2025-07-04 20:32:00,42.3956298828125,-8.92047023773193,"Male"
"9004152",371985,2025-07-04 20:37:01,42.3957481384277,-8.92061614990234,"Male"
"9004152",371985,2025-07-04 20:42:01,42.3958778381348,-8.92064571380615,"Male"
"9004152",371985,2025-07-04 20:47:00,42.3959426879883,-8.9206600189209,"Male"
"9004152",371985,2025-07-04 20:52:01,42.3960037231445,-8.92071342468262,"Male"
"9004152",371985,2025-07-04 20:57:01,42.3959121704102,-8.92049884796143,"Male"
"9004152",371985,2025-07-04 21:02:02,42.39599609375,-8.92071533203125,"Male"
"9004152",371985,2025-07-04 21:07:01,42.3960189819336,-8.92073726654053,"Male"
"9004153",371987,2025-05-13 10:33:16,42.3973846435547,-8.92098617553711,"Female"
"9004153",371987,2025-05-13 10:38:35,42.3973274230957,-8.92130088806152,"Female"
"9004153",371987,2025-05-13 10:43:18,42.3973388671875,-8.92142581939697,"Female"
"9004153",371987,2025-05-13 10:49:14,42.3972587585449,-8.92122459411621,"Female"
"9004153",371987,2025-05-13 10:53:16,42.397331237793,-8.92128753662109,"Female"
"9004153",371987,2025-05-13 10:58:07,42.397346496582,-8.92129707336426,"Female"
"9004153",371987,2025-05-13 11:03:18,42.397346496582,-8.92036437988281,"Female"
"9004153",371987,2025-05-13 11:09:31,42.3975372314453,-8.92089653015137,"Female"
"9004153",371987,2025-05-13 11:13:44,42.3974266052246,-8.92094802856445,"Female"
"9004153",371987,2025-05-13 11:18:12,42.3973846435547,-8.9210205078125,"Female"
"9004153",371987,2025-05-13 11:23:13,42.3972320556641,-8.92159366607666,"Female"
"9004153",371987,2025-05-13 11:29:31,42.3974342346191,-8.9208927154541,"Female"
"9004153",371987,2025-05-13 11:34:31,42.3974914550781,-8.92099952697754,"Female"
"9004153",371987,2025-05-13 11:39:31,42.3975143432617,-8.92091464996338,"Female"
"9004153",371987,2025-05-13 11:44:31,42.3974838256836,-8.92104816436768,"Female"
"9004153",371987,2025-05-13 11:49:31,42.3974380493164,-8.92088890075684,"Female"
"9004153",371987,2025-05-13 11:54:31,42.3974266052246,-8.92087173461914,"Female"
"9004153",371987,2025-05-13 11:59:31,42.397518157959,-8.92120742797852,"Female"
"9004153",371987,2025-05-13 12:09:31,42.397647857666,-8.92178916931152,"Female"
"9004153",371987,2025-05-13 12:34:31,42.397632598877,-8.92083835601807,"Female"
"9004153",371987,2025-05-13 12:39:31,42.3974533081055,-8.9208927154541,"Female"
"9004153",371987,2025-05-13 12:44:31,42.3974685668945,-8.92105484008789,"Female"
"9004153",371987,2025-05-13 12:49:31,42.3974456787109,-8.92102527618408,"Female"
"9004153",371987,2025-05-13 12:54:31,42.397403717041,-8.92104530334473,"Female"
"9004153",371987,2025-05-13 12:59:31,42.3973922729492,-8.92102336883545,"Female"
"9004153",371987,2025-05-13 13:04:31,42.3974227905273,-8.92106819152832,"Female"
"9004153",371987,2025-05-13 13:09:31,42.3972129821777,-8.92116546630859,"Female"
"9004153",371987,2025-05-13 13:14:31,42.3974342346191,-8.92102146148682,"Female"
"9004153",371987,2025-05-13 13:19:31,42.3973960876465,-8.92123126983643,"Female"
"9004153",371987,2025-05-13 13:24:31,42.397087097168,-8.92162704467773,"Female"
"9004153",371987,2025-05-13 13:29:31,42.3973731994629,-8.92136859893799,"Female"
"9004153",371987,2025-05-13 13:34:31,42.3972511291504,-8.92152786254883,"Female"
"9004153",371987,2025-05-13 13:39:31,42.3974189758301,-8.92146015167236,"Female"
"9004153",371987,2025-05-13 13:49:31,42.397346496582,-8.92121601104736,"Female"
"9004153",371987,2025-05-13 13:59:31,42.3974075317383,-8.92100143432617,"Female"
"9004153",371987,2025-05-13 15:08:36,42.4115409851074,-8.91753101348877,"Female"
"9004153",371987,2025-05-13 15:18:07,42.4575576782227,-8.9400110244751,"Female"
"9004153",371987,2025-05-13 15:28:12,42.4929237365723,-8.92989253997803,"Female"
"9004153",371987,2025-05-13 15:33:13,42.5239906311035,-8.90245819091797,"Female"
"9004153",371987,2025-05-13 15:38:08,42.5405960083008,-8.89442348480225,"Female"
"9004153",371987,2025-05-13 15:43:13,42.5414695739746,-8.89362239837646,"Female"
"9004153",371987,2025-05-13 15:48:18,42.5444755554199,-8.8882417678833,"Female"
"9004153",371987,2025-05-13 15:53:12,42.5443954467773,-8.88825130462646,"Female"
"9004153",371987,2025-05-13 15:58:18,42.5444793701172,-8.88825607299805,"Female"
"9004153",371987,2025-05-13 16:03:08,42.5720825195312,-8.89007472991943,"Female"
"9004153",371987,2025-05-13 16:08:08,42.6013526916504,-8.87658596038818,"Female"
"9004153",371987,2025-05-13 16:13:08,42.6014060974121,-8.87657928466797,"Female"
"9004153",371987,2025-05-13 16:18:08,42.6014175415039,-8.87657928466797,"Female"
"9004153",371987,2025-05-13 16:23:11,42.6013679504395,-8.87658500671387,"Female"
"9004153",371987,2025-05-13 16:28:09,42.604923248291,-8.86979293823242,"Female"
"9004153",371987,2025-05-13 16:33:09,42.6049537658691,-8.86983776092529,"Female"
"9004153",371987,2025-05-13 16:39:00,42.6054306030273,-8.87203979492188,"Female"
"9004153",371987,2025-05-13 16:44:29,42.6055564880371,-8.87374019622803,"Female"
"9004153",371987,2025-05-13 16:50:12,42.6051139831543,-8.8743724822998,"Female"
"9004153",371987,2025-05-13 16:55:30,42.6048202514648,-8.8752498626709,"Female"
"9004153",371987,2025-05-13 17:00:30,42.6051368713379,-8.87580490112305,"Female"
"9004153",371987,2025-05-13 17:05:30,42.6014709472656,-8.876784324646,"Female"
"9004153",371987,2025-05-13 17:10:24,42.6015090942383,-8.87681198120117,"Female"
"9004153",371987,2025-05-13 17:15:30,42.6015281677246,-8.87676429748535,"Female"
"9004153",371987,2025-05-13 17:20:44,42.6014251708984,-8.87664699554443,"Female"
"9004153",371987,2025-05-13 17:25:20,42.6014785766602,-8.87679862976074,"Female"
"9004153",371987,2025-05-13 17:30:24,42.6014862060547,-8.87680339813232,"Female"
"9004153",371987,2025-05-13 17:35:22,42.601432800293,-8.87665843963623,"Female"
"9004153",371987,2025-05-13 17:40:22,42.6014595031738,-8.87668895721436,"Female"
"9004153",371987,2025-05-13 17:45:45,42.6014556884766,-8.87667274475098,"Female"
"9004153",371987,2025-05-13 17:50:24,42.6015090942383,-8.87676906585693,"Female"
"9004153",371987,2025-05-13 17:55:20,42.6014213562012,-8.87654304504395,"Female"
"9004153",371987,2025-05-13 18:00:21,42.6015472412109,-8.87683868408203,"Female"
"9004153",371987,2025-05-13 18:05:22,42.6014976501465,-8.87673377990723,"Female"
"9004153",371987,2025-05-13 18:10:25,42.601375579834,-8.87634181976318,"Female"
"9004153",371987,2025-05-13 18:15:25,42.6015777587891,-8.87608909606934,"Female"
"9004153",371987,2025-05-13 18:20:23,42.6023902893066,-8.87540817260742,"Female"
"9004153",371987,2025-05-13 18:25:54,42.6023597717285,-8.87284183502197,"Female"
"9004153",371987,2025-05-13 18:37:05,42.6040306091309,-8.87125492095947,"Female"
"9004153",371987,2025-05-13 18:42:24,42.6045761108398,-8.87219905853271,"Female"
"9004153",371987,2025-05-13 18:47:30,42.6042175292969,-8.87171173095703,"Female"
"9004153",371987,2025-05-13 18:59:13,42.6024055480957,-8.87197017669678,"Female"
"9004153",371987,2025-05-13 19:03:31,42.602294921875,-8.87489795684814,"Female"
"9004153",371987,2025-05-13 19:08:39,42.6003875732422,-8.8768253326416,"Female"
"9004153",371987,2025-05-13 19:13:39,42.6004333496094,-8.87701892852783,"Female"
"9004153",371987,2025-05-13 19:18:39,42.6004791259766,-8.87697982788086,"Female"
"9004153",371987,2025-05-13 19:23:39,42.601375579834,-8.87666320800781,"Female"
"9004153",371987,2025-05-13 19:28:39,42.6013832092285,-8.87674427032471,"Female"
"9004153",371987,2025-05-13 19:34:05,42.6013870239258,-8.876633644104,"Female"
"9004153",371987,2025-05-13 19:38:30,42.6014404296875,-8.87667179107666,"Female"
"9004153",371987,2025-05-13 19:43:31,42.6014671325684,-8.87662315368652,"Female"
"9004153",371987,2025-05-13 19:48:31,42.6014442443848,-8.87666893005371,"Female"
"9004153",371987,2025-05-13 19:53:30,42.6014251708984,-8.87666893005371,"Female"
"9004153",371987,2025-05-13 19:58:30,42.6014556884766,-8.87663841247559,"Female"
"9004153",371987,2025-05-13 20:03:30,42.6014633178711,-8.87661647796631,"Female"
"9004153",371987,2025-05-13 20:08:30,42.6014175415039,-8.87662982940674,"Female"
"9004153",371987,2025-05-13 20:13:30,42.6014289855957,-8.87669277191162,"Female"
"9004153",371987,2025-05-13 20:18:30,42.6014442443848,-8.87663173675537,"Female"
"9004153",371987,2025-05-13 20:23:30,42.6014366149902,-8.87666511535645,"Female"
"9004153",371987,2025-05-13 20:28:30,42.6014671325684,-8.87668418884277,"Female"
"9004153",371987,2025-05-13 20:33:30,42.6013832092285,-8.87655067443848,"Female"
"9004153",371987,2025-05-13 20:38:30,42.601448059082,-8.87670516967773,"Female"
"9004153",371987,2025-05-13 20:43:31,42.6015014648438,-8.8767786026001,"Female"
"9004153",371987,2025-05-13 20:48:35,42.6014442443848,-8.8767032623291,"Female"
"9004153",371987,2025-05-13 20:53:35,42.6015281677246,-8.87677192687988,"Female"
"9004153",371987,2025-05-13 20:58:36,42.6015129089355,-8.87673473358154,"Female"
"9004153",371987,2025-05-13 21:03:36,42.6015472412109,-8.87673187255859,"Female"
"9004153",371987,2025-05-13 21:08:34,42.6015014648438,-8.87677001953125,"Female"
"9004153",371987,2025-05-13 21:13:34,42.6014442443848,-8.87664604187012,"Female"
"9004153",371987,2025-05-13 21:18:36,42.6015434265137,-8.87686729431152,"Female"
"9004153",371987,2025-05-13 21:23:37,42.6015510559082,-8.8767728805542,"Female"
"9004153",371987,2025-05-13 21:28:38,42.6014747619629,-8.87673950195312,"Female"
"9004153",371987,2025-05-13 21:33:36,42.6015357971191,-8.87683296203613,"Female"
"9004153",371987,2025-05-13 21:38:36,42.6015243530273,-8.87678050994873,"Female"
"9004153",371987,2025-05-13 21:43:36,42.601490020752,-8.87672233581543,"Female"
"9004153",371987,2025-05-13 21:48:34,42.6015625,-8.87667655944824,"Female"
"9004153",371987,2025-05-13 21:53:36,42.6014862060547,-8.87675857543945,"Female"
"9004153",371987,2025-05-13 21:58:35,42.6014595031738,-8.87671566009521,"Female"
"9004153",371987,2025-05-13 22:03:36,42.6014595031738,-8.87673950195312,"Female"
"9004153",371987,2025-05-13 22:08:36,42.6013832092285,-8.87677955627441,"Female"
"9004153",371987,2025-05-13 22:13:36,42.6014251708984,-8.87666034698486,"Female"
"9004153",371987,2025-05-13 22:18:35,42.601448059082,-8.87661647796631,"Female"
"9004153",371987,2025-05-13 22:23:35,42.6013565063477,-8.8765344619751,"Female"
"9004153",371987,2025-05-13 22:28:36,42.6013298034668,-8.87659740447998,"Female"
"9004153",371987,2025-05-13 22:33:35,42.601448059082,-8.87679290771484,"Female"
"9004153",371987,2025-05-13 22:38:36,42.601375579834,-8.87656688690186,"Female"
"9004153",371987,2025-05-13 22:43:36,42.6013565063477,-8.87649059295654,"Female"
"9004153",371987,2025-05-13 22:48:35,42.6014137268066,-8.8765230178833,"Female"
"9004153",371987,2025-05-13 22:58:36,42.6014251708984,-8.87643909454346,"Female"
"9004153",371987,2025-05-13 23:03:37,42.6014022827148,-8.87648105621338,"Female"
"9004153",371987,2025-05-13 23:08:35,42.6013221740723,-8.87646961212158,"Female"
"9004153",371987,2025-05-13 23:13:36,42.6013946533203,-8.87644481658936,"Female"
"9004153",371987,2025-05-13 23:18:39,42.6013793945312,-8.87643527984619,"Female"
"9004153",371987,2025-05-13 23:23:40,42.6013946533203,-8.87655544281006,"Female"
"9004153",371987,2025-05-13 23:28:37,42.6014213562012,-8.87669086456299,"Female"
"9004153",371987,2025-05-13 23:33:37,42.6014251708984,-8.8765230178833,"Female"
"9004153",371987,2025-05-13 23:43:36,42.6012992858887,-8.87638473510742,"Female"
"9004153",371987,2025-05-13 23:48:37,42.601318359375,-8.87618541717529,"Female"
"9004153",371987,2025-05-13 23:58:38,42.6013603210449,-8.87614059448242,"Female"
"9004153",371987,2025-05-14 00:08:40,42.6013031005859,-8.87636852264404,"Female"
"9004153",371987,2025-05-14 00:13:37,42.6013679504395,-8.87624454498291,"Female"
"9004153",371987,2025-05-14 00:23:37,42.601505279541,-8.87658309936523,"Female"
"9004153",371987,2025-05-14 00:33:36,42.6017074584961,-8.87629985809326,"Female"
"9004153",371987,2025-05-14 00:43:38,42.601692199707,-8.87631416320801,"Female"
"9004153",371987,2025-05-14 00:48:38,42.601634979248,-8.87622451782227,"Female"
"9004153",371987,2025-05-14 00:58:37,42.6016654968262,-8.87632656097412,"Female"
"9004153",371987,2025-05-14 01:03:39,42.6016311645508,-8.87637710571289,"Female"
"9004153",371987,2025-05-14 01:13:38,42.6016273498535,-8.87619400024414,"Female"
"9004153",371987,2025-05-14 01:23:38,42.6014366149902,-8.87637042999268,"Female"
"9004153",371987,2025-05-14 01:33:43,42.6012649536133,-8.87667083740234,"Female"
"9004153",371987,2025-05-14 01:43:36,42.6012535095215,-8.8766040802002,"Female"
"9004153",371987,2025-05-14 01:53:36,42.601619720459,-8.87621879577637,"Female"
"9004153",371987,2025-05-14 02:03:37,42.6014289855957,-8.87627601623535,"Female"
"9004153",371987,2025-05-14 02:13:36,42.6014938354492,-8.87630367279053,"Female"
"9004153",371987,2025-05-14 02:23:36,42.6014862060547,-8.87631797790527,"Female"
"9004153",371987,2025-05-14 02:33:36,42.6014366149902,-8.87629985809326,"Female"
"9004153",371987,2025-05-14 02:43:36,42.6010627746582,-8.87624359130859,"Female"
"9004153",371987,2025-05-14 02:53:43,42.6013336181641,-8.8763542175293,"Female"
"9004153",371987,2025-05-14 03:03:37,42.6012344360352,-8.87625980377197,"Female"
"9004153",371987,2025-05-14 03:14:05,42.6013526916504,-8.87639904022217,"Female"
"9004153",371987,2025-05-14 03:23:37,42.6014289855957,-8.87657260894775,"Female"
"9004153",371987,2025-05-14 03:33:36,42.6013946533203,-8.8765172958374,"Female"
"9004153",371987,2025-05-14 03:43:36,42.601448059082,-8.87663173675537,"Female"
"9004153",371987,2025-05-14 03:53:36,42.6014060974121,-8.87654685974121,"Female"
"9004153",371987,2025-05-14 04:03:35,42.6014747619629,-8.87651538848877,"Female"
"9004153",371987,2025-05-14 04:13:35,42.6014022827148,-8.87644195556641,"Female"
"9004153",371987,2025-05-14 04:23:35,42.6014289855957,-8.8764705657959,"Female"
"9004153",371987,2025-05-14 04:33:35,42.6014289855957,-8.87650012969971,"Female"
"9004153",371987,2025-05-14 04:43:35,42.6014404296875,-8.87660503387451,"Female"
"9004153",371987,2025-05-14 04:53:37,42.6014595031738,-8.8767032623291,"Female"
"9004153",371987,2025-05-14 05:03:36,42.6014442443848,-8.87668132781982,"Female"
"9004153",371987,2025-05-14 05:13:35,42.601448059082,-8.87663459777832,"Female"
"9004153",371987,2025-05-14 05:24:25,42.6043167114258,-8.87591743469238,"Female"
"9004153",371987,2025-05-14 05:34:25,42.6014518737793,-8.87668800354004,"Female"
"9004153",371987,2025-05-14 05:44:25,42.6013336181641,-8.87662601470947,"Female"
"9004153",371987,2025-05-14 05:54:26,42.6012153625488,-8.87654781341553,"Female"
"9004153",371987,2025-05-14 06:04:25,42.6012306213379,-8.87649059295654,"Female"
"9004153",371987,2025-05-14 06:14:24,42.6015892028809,-8.87683200836182,"Female"
"9004153",371987,2025-05-14 06:24:24,42.6015319824219,-8.87690734863281,"Female"
"9004153",371987,2025-05-14 06:34:24,42.6088752746582,-8.87452125549316,"Female"
"9004153",371987,2025-05-14 06:44:37,42.6105194091797,-8.87284088134766,"Female"
"9004153",371987,2025-05-14 06:54:42,42.610897064209,-8.87206554412842,"Female"
"9004153",371987,2025-05-14 07:04:42,42.6096725463867,-8.87301158905029,"Female"
"9004153",371987,2025-05-14 07:14:42,42.6084136962891,-8.87384223937988,"Female"
"9004153",371987,2025-05-14 07:25:30,42.6067161560059,-8.87465000152588,"Female"
"9004153",371987,2025-05-14 07:35:37,42.6063461303711,-8.87689399719238,"Female"
"9004153",371987,2025-05-14 07:45:37,42.6046714782715,-8.88167190551758,"Female"
"9004153",371987,2025-05-14 07:55:37,42.6044578552246,-8.88149166107178,"Female"
"9004153",371987,2025-05-14 08:05:37,42.5770454406738,-8.89137363433838,"Female"
"9004153",371987,2025-05-14 08:10:37,42.539665222168,-8.90607357025146,"Female"
"9004153",371987,2025-05-14 08:15:37,42.5133171081543,-8.92002201080322,"Female"
"9004153",371987,2025-05-14 08:20:37,42.5126190185547,-8.92215919494629,"Female"
"9004153",371987,2025-05-14 08:25:37,42.5124778747559,-8.92345142364502,"Female"
"9004153",371987,2025-05-14 08:30:37,42.511775970459,-8.92441749572754,"Female"
"9004153",371987,2025-05-14 08:35:37,42.4892196655273,-8.93525695800781,"Female"
"9004153",371987,2025-05-14 08:40:37,42.4508590698242,-8.94418334960938,"Female"
"9004153",371987,2025-05-14 08:45:37,42.4126052856445,-8.93443298339844,"Female"
"9004153",371987,2025-05-14 08:50:37,42.396240234375,-8.92018795013428,"Female"
"9004153",371987,2025-05-14 08:55:37,42.3962821960449,-8.92016220092773,"Female"
"9004153",371987,2025-05-14 09:00:37,42.396354675293,-8.92011737823486,"Female"
"9004153",371987,2025-05-14 09:05:37,42.3973655700684,-8.9202184677124,"Female"
"9004153",371987,2025-05-14 09:10:40,42.3978538513184,-8.92092323303223,"Female"
"9004153",371987,2025-05-14 09:15:37,42.3978576660156,-8.92079448699951,"Female"
"9004153",371987,2025-05-14 09:20:37,42.3977355957031,-8.92110157012939,"Female"
"9004153",371987,2025-05-14 09:25:37,42.3978004455566,-8.92075443267822,"Female"
"9004153",371987,2025-05-14 09:30:37,42.397834777832,-8.92077159881592,"Female"
"9004153",371987,2025-05-14 09:35:37,42.3978233337402,-8.92078971862793,"Female"
"9004153",371987,2025-05-14 09:40:37,42.3978576660156,-8.92076778411865,"Female"
"9004153",371987,2025-05-14 09:45:37,42.3978271484375,-8.92084980010986,"Female"
"9004153",371987,2025-05-14 09:50:37,42.3977890014648,-8.92076301574707,"Female"
"9004153",371987,2025-05-14 09:55:37,42.3978309631348,-8.92081260681152,"Female"
"9004153",371987,2025-05-14 10:00:39,42.3977355957031,-8.92074775695801,"Female"
"9004153",371987,2025-05-14 10:05:39,42.3977012634277,-8.92077255249023,"Female"
"9004153",371987,2025-05-14 10:10:41,42.397777557373,-8.92047595977783,"Female"
"9004153",371987,2025-05-14 10:15:53,42.3976860046387,-8.92041873931885,"Female"
"9004153",371987,2025-05-14 10:20:47,42.3976440429688,-8.9205493927002,"Female"
"9004153",371987,2025-05-14 10:25:42,42.3977165222168,-8.92051219940186,"Female"
"9004153",371987,2025-05-14 10:30:42,42.3977165222168,-8.92043685913086,"Female"
"9004153",371987,2025-05-14 10:35:53,42.3976593017578,-8.92017841339111,"Female"
"9004153",371987,2025-05-14 10:40:42,42.3976821899414,-8.92039203643799,"Female"
"9004153",371987,2025-05-14 10:45:54,42.3976287841797,-8.92059707641602,"Female"
"9004153",371987,2025-05-14 10:50:50,42.3976097106934,-8.92057991027832,"Female"
"9004153",371987,2025-05-14 10:55:41,42.3976898193359,-8.92066192626953,"Female"
"9004153",371987,2025-05-14 11:00:43,42.3977355957031,-8.92104625701904,"Female"
"9004153",371987,2025-05-14 11:06:03,42.397403717041,-8.92072582244873,"Female"
"9004153",371987,2025-05-14 11:10:39,42.3974571228027,-8.92057991027832,"Female"
"9004153",371987,2025-05-14 11:15:41,42.3978614807129,-8.92016792297363,"Female"
"9004153",371987,2025-05-14 11:20:40,42.3975982666016,-8.92038154602051,"Female"
"9004153",371987,2025-05-14 11:25:45,42.3973083496094,-8.92037773132324,"Female"
"9004153",371987,2025-05-14 11:30:40,42.3978996276855,-8.92023372650146,"Female"
"9004153",371987,2025-05-14 11:35:42,42.3971900939941,-8.92049217224121,"Female"
"9004153",371987,2025-05-14 11:40:41,42.3965148925781,-8.92002105712891,"Female"
"9004153",371987,2025-05-14 11:45:46,42.3975296020508,-8.92065525054932,"Female"
"9004153",371987,2025-05-14 11:50:43,42.3974761962891,-8.92078304290771,"Female"
"9004153",371987,2025-05-14 11:55:43,42.3977699279785,-8.92068862915039,"Female"
"9004153",371987,2025-05-14 12:00:37,42.3980369567871,-8.92116641998291,"Female"
"9004153",371987,2025-05-14 12:05:42,42.3973617553711,-8.92137432098389,"Female"
"9004153",371987,2025-05-14 12:10:45,42.3981018066406,-8.92069625854492,"Female"
"9004153",371987,2025-05-14 12:15:45,42.3976821899414,-8.92075443267822,"Female"
"9004153",371987,2025-05-14 12:20:40,42.3982276916504,-8.92042827606201,"Female"
"9004153",371987,2025-05-14 12:25:47,42.3982620239258,-8.92048168182373,"Female"
"9004153",371987,2025-05-14 12:32:00,42.3978309631348,-8.9207935333252,"Female"
"9004153",371987,2025-05-14 12:36:43,42.3974456787109,-8.92077541351318,"Female"
"9004153",371987,2025-05-14 12:40:37,42.3973121643066,-8.92063426971436,"Female"
"9004153",371987,2025-05-14 12:45:39,42.3974494934082,-8.92081356048584,"Female"
"9004153",371987,2025-05-14 12:50:43,42.3975105285645,-8.92072200775146,"Female"
"9004153",371987,2025-05-14 12:55:48,42.397518157959,-8.92085266113281,"Female"
"9004153",371987,2025-05-14 13:00:48,42.3974838256836,-8.92075443267822,"Female"
"9004153",371987,2025-05-14 13:05:41,42.3974494934082,-8.92079162597656,"Female"
"9004153",371987,2025-05-14 13:10:41,42.3976287841797,-8.92052173614502,"Female"
"9004153",371987,2025-05-14 13:15:39,42.3976364135742,-8.92048740386963,"Female"
"9004153",371987,2025-05-14 13:20:38,42.3974800109863,-8.92058181762695,"Female"
"9004153",371987,2025-05-14 13:25:41,42.3975105285645,-8.92075252532959,"Female"
"9004153",371987,2025-05-14 13:30:37,42.3975639343262,-8.92058658599854,"Female"
"9004153",371987,2025-05-14 13:35:37,42.3993186950684,-8.91875553131104,"Female"
"9004153",371987,2025-05-14 13:40:38,42.3995513916016,-8.91857242584229,"Female"
"9004153",371987,2025-05-14 13:45:36,42.4009056091309,-8.92024898529053,"Female"
"9004153",371987,2025-05-14 13:50:37,42.4010009765625,-8.92032814025879,"Female"
"9004153",371987,2025-05-14 13:55:37,42.4011268615723,-8.92077827453613,"Female"
"9004153",371987,2025-05-14 14:00:37,42.4010848999023,-8.92086887359619,"Female"
"9004153",371987,2025-05-14 14:05:38,42.4012565612793,-8.92096424102783,"Female"
"9004153",371987,2025-05-14 14:10:37,42.4013061523438,-8.92087745666504,"Female"
"9004153",371987,2025-05-14 14:15:38,42.4013938903809,-8.92089366912842,"Female"
"9004153",371987,2025-05-14 14:20:40,42.4013214111328,-8.9209451675415,"Female"
"9004153",371987,2025-05-14 14:25:48,42.4015121459961,-8.92070007324219,"Female"
"9004153",371987,2025-05-14 14:30:48,42.4014778137207,-8.92074203491211,"Female"
"9004153",371987,2025-05-14 14:35:40,42.4015007019043,-8.92142295837402,"Female"
"9004153",371987,2025-05-14 14:40:38,42.4017028808594,-8.92119979858398,"Female"
"9004153",371987,2025-05-14 14:45:38,42.401668548584,-8.92076778411865,"Female"
"9004153",371987,2025-05-14 14:50:38,42.40185546875,-8.92035102844238,"Female"
"9004153",371987,2025-05-14 14:55:37,42.4009284973145,-8.92086410522461,"Female"
"9004153",371987,2025-05-14 15:00:37,42.3984298706055,-8.92090511322021,"Female"
"9004153",371987,2025-05-14 15:05:38,42.3984718322754,-8.92084789276123,"Female"
"9004153",371987,2025-05-14 15:10:37,42.3984603881836,-8.92082691192627,"Female"
"9004153",371987,2025-05-14 15:15:37,42.3984298706055,-8.9208984375,"Female"
"9004153",371987,2025-05-14 15:20:37,42.3984184265137,-8.92089653015137,"Female"
"9004153",371987,2025-05-14 15:25:37,42.3984031677246,-8.92087936401367,"Female"
"9004153",371987,2025-05-14 15:30:37,42.3985404968262,-8.92070198059082,"Female"
"9004153",371987,2025-05-14 15:35:37,42.3979873657227,-8.92064380645752,"Female"
"9004153",371987,2025-05-14 15:40:37,42.3981094360352,-8.92074775695801,"Female"
"9004153",371987,2025-05-14 15:45:37,42.3978614807129,-8.92098236083984,"Female"
"9004153",371987,2025-05-14 15:50:37,42.3980865478516,-8.92076587677002,"Female"
"9004153",371987,2025-05-14 15:55:37,42.3978271484375,-8.92092704772949,"Female"
"9004153",371987,2025-05-14 16:00:37,42.3978385925293,-8.92093181610107,"Female"
"9004153",371987,2025-05-14 16:05:37,42.3978271484375,-8.9209451675415,"Female"
"9004153",371987,2025-05-14 16:10:38,42.3977851867676,-8.92092514038086,"Female"
"9004153",371987,2025-05-14 16:15:38,42.3978004455566,-8.92101192474365,"Female"
"9004153",371987,2025-05-14 16:20:37,42.3976860046387,-8.92084503173828,"Female"
"9004153",371987,2025-05-14 16:25:37,42.3976745605469,-8.92080307006836,"Female"
"9004153",371987,2025-05-14 16:30:37,42.3978500366211,-8.92078113555908,"Female"
"9004153",371987,2025-05-14 16:35:37,42.3977088928223,-8.92083263397217,"Female"
"9004153",371987,2025-05-14 16:40:37,42.3977890014648,-8.92092609405518,"Female"
"9004153",371987,2025-05-14 16:45:37,42.3977279663086,-8.92075252532959,"Female"
"9004153",371987,2025-05-14 16:50:37,42.3977737426758,-8.92078971862793,"Female"
"9004153",371987,2025-05-14 16:55:37,42.3976860046387,-8.92074489593506,"Female"
"9004153",371987,2025-05-14 17:00:37,42.3976669311523,-8.92074394226074,"Female"
"9004153",371987,2025-05-14 17:05:38,42.3976593017578,-8.92074489593506,"Female"
"9004153",371987,2025-05-14 17:10:38,42.397632598877,-8.92069244384766,"Female"
"9004153",371987,2025-05-14 17:15:37,42.3975830078125,-8.92068099975586,"Female"
"9004153",371987,2025-05-14 17:20:38,42.3976898193359,-8.92062950134277,"Female"
"9004153",371987,2025-05-14 17:25:37,42.3977470397949,-8.92071056365967,"Female"
"9004153",371987,2025-05-14 17:30:37,42.3977432250977,-8.92069911956787,"Female"
"9004153",371987,2025-05-14 17:35:37,42.3977661132812,-8.92069339752197,"Female"
"9004153",371987,2025-05-14 17:40:37,42.3977699279785,-8.92074108123779,"Female"
"9004153",371987,2025-05-14 17:45:37,42.397705078125,-8.92065238952637,"Female"
"9004153",371987,2025-05-14 17:50:37,42.3977661132812,-8.92070293426514,"Female"
"9004153",371987,2025-05-14 17:55:37,42.3978042602539,-8.92064189910889,"Female"
"9004153",371987,2025-05-14 18:00:37,42.3977546691895,-8.92067623138428,"Female"
"9004153",371987,2025-05-14 18:05:38,42.3977508544922,-8.92067050933838,"Female"
"9004153",371987,2025-05-14 18:10:38,42.3978118896484,-8.92068481445312,"Female"
"9004153",371987,2025-05-14 18:15:37,42.3977737426758,-8.92066860198975,"Female"
"9004153",371987,2025-05-14 18:20:37,42.3976898193359,-8.92070388793945,"Female"
"9004153",371987,2025-05-14 18:25:37,42.3977241516113,-8.92069435119629,"Female"
"9004153",371987,2025-05-14 18:30:37,42.3977127075195,-8.92079067230225,"Female"
"9004153",371987,2025-05-14 18:35:38,42.3977584838867,-8.92077827453613,"Female"
"9004153",371987,2025-05-14 18:40:37,42.3977432250977,-8.92068958282471,"Female"
"9004153",371987,2025-05-14 18:45:37,42.3977203369141,-8.92070579528809,"Female"
"9004153",371987,2025-05-14 18:50:37,42.3977241516113,-8.92078495025635,"Female"
"9004153",371987,2025-05-14 18:55:37,42.3976974487305,-8.92071056365967,"Female"
"9004153",371987,2025-05-14 19:00:37,42.397705078125,-8.9207763671875,"Female"
"9004153",371987,2025-05-14 19:05:37,42.3976974487305,-8.92074966430664,"Female"
"9004153",371987,2025-05-14 19:10:38,42.3976821899414,-8.92076873779297,"Female"
"9004153",371987,2025-05-14 19:15:38,42.3975715637207,-8.9206371307373,"Female"
"9004153",371987,2025-05-14 19:20:47,42.3978652954102,-8.92091751098633,"Female"
"9004153",371987,2025-05-14 19:25:47,42.3978958129883,-8.9209156036377,"Female"
"9004153",371987,2025-05-14 19:30:40,42.3976287841797,-8.92065620422363,"Female"
"9004153",371987,2025-05-14 19:35:40,42.3976173400879,-8.92085075378418,"Female"
"9004153",371987,2025-05-14 19:40:39,42.3977127075195,-8.92066955566406,"Female"
"9004153",371987,2025-05-14 19:45:39,42.3976516723633,-8.92068576812744,"Female"
"9004153",371987,2025-05-14 19:50:45,42.397819519043,-8.92074203491211,"Female"
"9004153",371987,2025-05-14 19:55:37,42.3976669311523,-8.92070007324219,"Female"
"9004153",371987,2025-05-14 20:00:38,42.3976211547852,-8.9206075668335,"Female"
"9004153",371987,2025-05-14 20:05:39,42.3976669311523,-8.92065715789795,"Female"
"9004153",371987,2025-05-14 20:10:37,42.3976516723633,-8.92061328887939,"Female"
"9004153",371987,2025-05-14 20:15:45,42.3977699279785,-8.92084789276123,"Female"
"9004153",371987,2025-05-14 20:20:46,42.3977890014648,-8.92088413238525,"Female"
"9004153",371987,2025-05-14 20:25:45,42.3977699279785,-8.9207820892334,"Female"
"9004153",371987,2025-05-14 20:30:38,42.3977508544922,-8.92079162597656,"Female"
"9004153",371987,2025-05-14 20:35:42,42.3976936340332,-8.92072868347168,"Female"
"9004153",371987,2025-05-14 20:40:38,42.3978309631348,-8.92091369628906,"Female"
"9004153",371987,2025-05-14 20:45:37,42.3979606628418,-8.92094135284424,"Female"
"9004153",371987,2025-05-14 20:50:37,42.3978881835938,-8.92084121704102,"Female"
"9004153",371987,2025-05-14 20:55:37,42.3977699279785,-8.92079639434814,"Female"
"9004153",371987,2025-05-14 21:00:37,42.3977966308594,-8.92082977294922,"Female"
"9004153",371987,2025-05-14 21:05:37,42.3978157043457,-8.9207820892334,"Female"
"9004153",371987,2025-05-14 21:10:37,42.3977928161621,-8.92078971862793,"Female"
"9004153",371987,2025-05-14 21:15:37,42.3977546691895,-8.92069911956787,"Female"
"9004153",371987,2025-05-14 21:20:37,42.3977088928223,-8.92077445983887,"Female"
"9004153",371987,2025-05-14 21:25:37,42.3977127075195,-8.92070579528809,"Female"
"9004153",371987,2025-05-14 21:30:37,42.3976440429688,-8.92068481445312,"Female"
"9004153",371987,2025-05-14 21:35:37,42.3976669311523,-8.92074012756348,"Female"
"9004153",371987,2025-05-14 21:40:37,42.3976516723633,-8.92068004608154,"Female"
"9004153",371987,2025-05-14 21:45:37,42.3976745605469,-8.9206075668335,"Female"
"9004153",371987,2025-05-14 21:50:37,42.397647857666,-8.92061901092529,"Female"
"9004153",371987,2025-05-14 21:55:37,42.3976364135742,-8.92059230804443,"Female"
"9004153",371987,2025-05-14 22:00:37,42.3976249694824,-8.92058944702148,"Female"
"9004153",371987,2025-05-14 22:05:37,42.397590637207,-8.92059803009033,"Female"
"9004153",371987,2025-05-14 22:10:37,42.3976020812988,-8.92058086395264,"Female"
"9004153",371987,2025-05-14 22:15:38,42.3975563049316,-8.9206075668335,"Female"
"9004153",371987,2025-05-14 22:20:38,42.3976058959961,-8.92056560516357,"Female"
"9004153",371987,2025-05-14 22:25:38,42.3975868225098,-8.92057609558105,"Female"
"9004153",371987,2025-05-14 22:30:38,42.3975791931152,-8.92056941986084,"Female"
"9004153",371987,2025-05-14 22:35:39,42.3975486755371,-8.92054843902588,"Female"
"9004153",371987,2025-05-14 22:40:38,42.3975639343262,-8.92050266265869,"Female"
"9004153",371987,2025-05-14 22:45:39,42.3975601196289,-8.92051219940186,"Female"
"9004153",371987,2025-05-14 22:50:41,42.3975601196289,-8.92048168182373,"Female"
"9004153",371987,2025-05-14 22:55:48,42.397533416748,-8.92047214508057,"Female"
"9004153",371987,2025-05-14 23:00:40,42.397575378418,-8.92039966583252,"Female"
"9004153",371987,2025-05-14 23:05:48,42.3975982666016,-8.92056274414062,"Female"
"9004153",371987,2025-05-14 23:11:05,42.3975257873535,-8.92058372497559,"Female"
"9004153",371987,2025-05-14 23:15:40,42.3974914550781,-8.92083263397217,"Female"
"9004153",371987,2025-05-14 23:20:38,42.3975448608398,-8.92103385925293,"Female"
"9004153",371987,2025-05-14 23:25:37,42.3975524902344,-8.92108821868896,"Female"
"9004153",371987,2025-05-14 23:30:38,42.3975486755371,-8.92109680175781,"Female"
"9004153",371987,2025-05-14 23:35:37,42.3975601196289,-8.92105388641357,"Female"
"9004153",371987,2025-05-14 23:40:37,42.397575378418,-8.92109680175781,"Female"
"9004153",371987,2025-05-14 23:45:37,42.3975067138672,-8.92101192474365,"Female"
"9004153",371987,2025-05-14 23:50:37,42.3975982666016,-8.92113494873047,"Female"
"9004153",371987,2025-05-14 23:55:37,42.3975830078125,-8.92108249664307,"Female"
"9004153",371987,2025-05-15 00:00:37,42.3974685668945,-8.92094326019287,"Female"
"9004153",371987,2025-05-15 00:05:38,42.3975067138672,-8.92097091674805,"Female"
"9004153",371987,2025-05-15 00:10:37,42.3976020812988,-8.92101764678955,"Female"
"9004153",371987,2025-05-15 00:15:38,42.3976402282715,-8.92101287841797,"Female"
"9004153",371987,2025-05-15 00:20:37,42.3979415893555,-8.92095470428467,"Female"
"9004153",371987,2025-05-15 00:25:37,42.3977012634277,-8.92094135284424,"Female"
"9004153",371987,2025-05-15 00:30:37,42.3978042602539,-8.92098808288574,"Female"
"9004153",371987,2025-05-15 00:35:38,42.3974914550781,-8.92072486877441,"Female"
"9004153",371987,2025-05-15 00:40:37,42.3974113464355,-8.92070579528809,"Female"
"9004153",371987,2025-05-15 00:45:37,42.3973121643066,-8.92053699493408,"Female"
"9004153",371987,2025-05-15 00:50:37,42.3975868225098,-8.92088508605957,"Female"
"9004153",371987,2025-05-15 00:55:37,42.3975296020508,-8.92095470428467,"Female"
"9004153",371987,2025-05-15 01:00:37,42.3974952697754,-8.92088031768799,"Female"
"9004153",371987,2025-05-15 01:05:37,42.397289276123,-8.92099094390869,"Female"
"9004153",371987,2025-05-15 01:10:37,42.3974609375,-8.92086029052734,"Female"
"9004153",371987,2025-05-15 01:15:37,42.3974113464355,-8.92087364196777,"Female"
"9004153",371987,2025-05-15 01:20:38,42.3973999023438,-8.92083835601807,"Female"
"9004153",371987,2025-05-15 01:25:38,42.3973693847656,-8.92072868347168,"Female"
"9004153",371987,2025-05-15 01:30:37,42.3973274230957,-8.92076301574707,"Female"
"9004153",371987,2025-05-15 01:35:37,42.3973617553711,-8.9207820892334,"Female"
"9004153",371987,2025-05-15 01:40:37,42.3973503112793,-8.92072772979736,"Female"
"9004153",371987,2025-05-15 01:45:38,42.3973274230957,-8.92066669464111,"Female"
"9004153",371987,2025-05-15 01:50:37,42.3973693847656,-8.92067050933838,"Female"
"9004153",371987,2025-05-15 01:55:38,42.3972434997559,-8.92063903808594,"Female"
"9004153",371987,2025-05-15 02:00:37,42.3973808288574,-8.92056751251221,"Female"
"9004153",371987,2025-05-15 02:05:38,42.397403717041,-8.92056274414062,"Female"
"9004153",371987,2025-05-15 02:10:38,42.3973731994629,-8.92050075531006,"Female"
"9004153",371987,2025-05-15 02:15:38,42.3973579406738,-8.92034149169922,"Female"
"9004153",371987,2025-05-15 02:20:38,42.397346496582,-8.92037010192871,"Female"
"9004153",371987,2025-05-15 02:26:05,42.3974189758301,-8.92054557800293,"Female"
"9004153",371987,2025-05-15 02:30:39,42.3973693847656,-8.92058753967285,"Female"
"9004153",371987,2025-05-15 02:35:38,42.3974113464355,-8.92068958282471,"Female"
"9004153",371987,2025-05-15 02:40:38,42.396785736084,-8.91926288604736,"Female"
"9004153",371987,2025-05-15 02:45:39,42.396167755127,-8.91798400878906,"Female"
"9004153",371987,2025-05-15 02:50:38,42.3973007202148,-8.92029571533203,"Female"
"9004153",371987,2025-05-15 02:55:42,42.39794921875,-8.92174625396729,"Female"
"9004153",371987,2025-05-15 03:02:00,42.3975143432617,-8.92096328735352,"Female"
"9004153",371987,2025-05-15 03:05:41,42.3975372314453,-8.92074298858643,"Female"
"9004153",371987,2025-05-15 03:10:40,42.397518157959,-8.92074489593506,"Female"
"9004153",371987,2025-05-15 03:15:49,42.3975448608398,-8.92079067230225,"Female"
"9004153",371987,2025-05-15 03:20:39,42.397575378418,-8.92104244232178,"Female"
"9004153",371987,2025-05-15 03:25:37,42.397590637207,-8.92073917388916,"Female"
"9004153",371987,2025-05-15 03:30:38,42.3976783752441,-8.92099189758301,"Female"
"9004153",371987,2025-05-15 03:35:38,42.3977966308594,-8.92085361480713,"Female"
"9004153",371987,2025-05-15 03:40:37,42.3976707458496,-8.92065238952637,"Female"
"9004153",371987,2025-05-15 03:45:37,42.3976860046387,-8.92060947418213,"Female"
"9004153",371987,2025-05-15 03:50:37,42.3976898193359,-8.92050647735596,"Female"
"9004153",371987,2025-05-15 03:55:38,42.3976249694824,-8.92054462432861,"Female"
"9004153",371987,2025-05-15 04:00:37,42.3976707458496,-8.92061042785645,"Female"
"9004153",371987,2025-05-15 04:05:37,42.3975791931152,-8.92055892944336,"Female"
"9004153",371987,2025-05-15 04:10:37,42.3976516723633,-8.92051982879639,"Female"
"9004153",371987,2025-05-15 04:15:37,42.3975639343262,-8.92055034637451,"Female"
"9004153",371987,2025-05-15 04:20:40,42.3976821899414,-8.92059707641602,"Female"
"9004153",371987,2025-05-15 04:25:37,42.3976860046387,-8.92050552368164,"Female"
"9004153",371987,2025-05-15 04:30:37,42.3975982666016,-8.92053413391113,"Female"
"9004153",371987,2025-05-15 04:35:37,42.3975791931152,-8.92056655883789,"Female"
"9004153",371987,2025-05-15 04:40:37,42.3976173400879,-8.92056751251221,"Female"
"9004153",371987,2025-05-15 04:45:38,42.397632598877,-8.92055702209473,"Female"
"9004153",371987,2025-05-15 04:50:37,42.3976211547852,-8.92060089111328,"Female"
"9004153",371987,2025-05-15 04:55:37,42.3976364135742,-8.92065811157227,"Female"
"9004153",371987,2025-05-15 05:00:37,42.4031829833984,-8.92072582244873,"Female"
"9004153",371987,2025-05-15 05:05:37,42.4157485961914,-8.92084217071533,"Female"
"9004153",371987,2025-05-15 05:10:37,42.4415473937988,-8.92425155639648,"Female"
"9004153",371987,2025-05-15 05:15:38,42.4487991333008,-8.92560291290283,"Female"
"9004153",371987,2025-05-15 05:20:38,42.4511985778809,-8.93110370635986,"Female"
"9004153",371987,2025-05-15 05:25:37,42.4794921875,-8.93825817108154,"Female"
"9004153",371987,2025-05-15 05:30:38,42.495548248291,-8.92827033996582,"Female"
"9004153",371987,2025-05-15 05:35:37,42.5116806030273,-8.91672515869141,"Female"
"9004153",371987,2025-05-15 05:40:38,42.5349769592285,-8.89834117889404,"Female"
"9004153",371987,2025-05-15 05:45:38,42.5420265197754,-8.89231967926025,"Female"
"9004153",371987,2025-05-15 05:51:11,42.5428581237793,-8.89124488830566,"Female"
"9004153",371987,2025-05-15 05:56:36,42.5435256958008,-8.89108467102051,"Female"
"9004153",371987,2025-05-15 06:01:36,42.543758392334,-8.89123916625977,"Female"
"9004153",371987,2025-05-15 06:06:36,42.5444374084473,-8.88804721832275,"Female"
"9004153",371987,2025-05-15 06:11:37,42.5444259643555,-8.88803386688232,"Female"
"9004153",371987,2025-05-15 06:16:36,42.5445442199707,-8.88815307617188,"Female"
"9004153",371987,2025-05-15 06:21:36,42.544490814209,-8.88814926147461,"Female"
"9004153",371987,2025-05-15 06:26:37,42.5446319580078,-8.8883171081543,"Female"
"9004153",371987,2025-05-15 06:31:36,42.5447387695312,-8.8883581161499,"Female"
"9004153",371987,2025-05-15 06:36:35,42.544620513916,-8.88826560974121,"Female"
"9004153",371987,2025-05-15 06:41:58,42.5458564758301,-8.88930320739746,"Female"
"9004153",371987,2025-05-15 06:47:12,42.546558380127,-8.88814544677734,"Female"
"9004153",371987,2025-05-15 06:52:38,42.5466995239258,-8.88738536834717,"Female"
"9004153",371987,2025-05-15 06:57:36,42.5462265014648,-8.8884744644165,"Female"
"9004153",371987,2025-05-15 07:02:43,42.5447998046875,-8.88920307159424,"Female"
"9004153",371987,2025-05-15 07:07:40,42.5446128845215,-8.88826847076416,"Female"
"9004153",371987,2025-05-15 07:12:39,42.544563293457,-8.88825225830078,"Female"
"9004153",371987,2025-05-15 07:17:40,42.5443382263184,-8.88852405548096,"Female"
"9004153",371987,2025-05-15 07:22:47,42.5445404052734,-8.88827323913574,"Female"
"9004153",371987,2025-05-15 07:27:46,42.5445556640625,-8.88823223114014,"Female"
"9004153",371987,2025-05-15 07:32:40,42.5444526672363,-8.88841533660889,"Female"
"9004153",371987,2025-05-15 07:37:47,42.5445861816406,-8.88819694519043,"Female"
"9004153",371987,2025-05-15 07:42:44,42.544563293457,-8.88821601867676,"Female"
"9004153",371987,2025-05-15 07:47:43,42.5445365905762,-8.88829708099365,"Female"
"9004153",371987,2025-05-15 07:53:40,42.5455055236816,-8.88938903808594,"Female"
"9004153",371987,2025-05-15 07:58:42,42.5460586547852,-8.88899517059326,"Female"
"9004153",371987,2025-05-15 08:04:51,42.5470199584961,-8.88840675354004,"Female"
"9004153",371987,2025-05-15 08:09:50,42.5443687438965,-8.88837718963623,"Female"
"9004153",371987,2025-05-15 08:14:52,42.5443420410156,-8.8887186050415,"Female"
"9004153",371987,2025-05-15 08:19:50,42.5443840026855,-8.88845825195312,"Female"
"9004153",371987,2025-05-15 08:24:50,42.5444450378418,-8.88835430145264,"Female"
"9004153",371987,2025-05-15 08:29:54,42.5435600280762,-8.8871374130249,"Female"
"9004153",371987,2025-05-15 08:35:38,42.5440330505371,-8.88642311096191,"Female"
"9004153",371987,2025-05-15 08:40:39,42.5431060791016,-8.88666343688965,"Female"
"9004153",371987,2025-05-15 08:46:26,42.5431365966797,-8.88622760772705,"Female"
"9004153",371987,2025-05-15 08:51:33,42.5432510375977,-8.88690185546875,"Female"
"9004153",371987,2025-05-15 08:56:57,42.5439186096191,-8.88594150543213,"Female"
"9004153",371987,2025-05-15 09:02:24,42.5442962646484,-8.88437747955322,"Female"
"9004153",371987,2025-05-15 09:07:24,42.5450897216797,-8.88232612609863,"Female"
"9004153",371987,2025-05-15 09:12:25,42.5451698303223,-8.88334465026855,"Female"
"9004153",371987,2025-05-15 09:17:26,42.5449066162109,-8.88516807556152,"Female"
"9004153",371987,2025-05-15 09:22:41,42.5435676574707,-8.88645172119141,"Female"
"9004153",371987,2025-05-15 09:27:42,42.5427627563477,-8.88686275482178,"Female"
"9004153",371987,2025-05-15 09:32:41,42.5444259643555,-8.88535022735596,"Female"
"9004153",371987,2025-05-15 09:37:41,42.5456619262695,-8.88482570648193,"Female"
"9004153",371987,2025-05-15 09:42:41,42.545654296875,-8.88481140136719,"Female"
"9004153",371987,2025-05-15 09:47:43,42.5456161499023,-8.88478851318359,"Female"
"9004153",371987,2025-05-15 09:52:41,42.5457038879395,-8.88475704193115,"Female"
"9004153",371987,2025-05-15 09:57:49,42.5458984375,-8.88461112976074,"Female"
"9004153",371987,2025-05-15 10:02:39,42.5455436706543,-8.88484668731689,"Female"
"9004153",371987,2025-05-15 10:07:56,42.5460777282715,-8.88354396820068,"Female"
"9004153",371987,2025-05-15 10:13:02,42.5463638305664,-8.8845272064209,"Female"
"9004153",371987,2025-05-15 10:18:05,42.5463180541992,-8.88342189788818,"Female"
"9004153",371987,2025-05-15 10:23:02,42.548225402832,-8.88285541534424,"Female"
"9004153",371987,2025-05-15 10:28:02,42.5484352111816,-8.88388061523438,"Female"
"9004153",371987,2025-05-15 10:33:38,42.5488586425781,-8.8834400177002,"Female"
"9004153",371987,2025-05-15 10:38:40,42.5479393005371,-8.88306522369385,"Female"
"9004153",371987,2025-05-15 10:43:38,42.5488128662109,-8.88271999359131,"Female"
"9004153",371987,2025-05-15 10:49:24,42.5493927001953,-8.8822135925293,"Female"
"9004153",371987,2025-05-15 10:54:46,42.5493583679199,-8.8820858001709,"Female"
"9004153",371987,2025-05-15 10:59:46,42.5494842529297,-8.8829174041748,"Female"
"9004153",371987,2025-05-15 11:05:19,42.5489501953125,-8.88411617279053,"Female"
"9004153",371987,2025-05-15 11:10:40,42.5480422973633,-8.88586235046387,"Female"
"9004153",371987,2025-05-15 11:15:40,42.5479965209961,-8.88606834411621,"Female"
"9004153",371987,2025-05-15 11:20:40,42.5484619140625,-8.88591575622559,"Female"
"9004153",371987,2025-05-15 11:25:59,42.5487594604492,-8.88479518890381,"Female"
"9004153",371987,2025-05-15 11:31:45,42.5491027832031,-8.88415718078613,"Female"
"9004153",371987,2025-05-15 11:36:45,42.5490570068359,-8.88379573822021,"Female"
"9004153",371987,2025-05-15 11:41:47,42.5486259460449,-8.88518238067627,"Female"
"9004153",371987,2025-05-15 11:46:45,42.5474472045898,-8.88648319244385,"Female"
"9004153",371987,2025-05-15 11:51:50,42.5477294921875,-8.88683700561523,"Female"
"9004153",371987,2025-05-15 11:56:54,42.547004699707,-8.88610172271729,"Female"
"9004153",371987,2025-05-15 12:01:43,42.5467681884766,-8.88502025604248,"Female"
"9004153",371987,2025-05-15 12:06:55,42.5459480285645,-8.8845796585083,"Female"
"9004153",371987,2025-05-15 12:11:44,42.5461807250977,-8.88417148590088,"Female"
"9004153",371987,2025-05-15 12:16:44,42.5460357666016,-8.8842134475708,"Female"
"9004153",371987,2025-05-15 12:21:44,42.5460548400879,-8.88418674468994,"Female"
"9004153",371987,2025-05-15 12:26:44,42.5362091064453,-8.9008617401123,"Female"
"9004153",371987,2025-05-15 12:31:44,42.5364456176758,-8.90194320678711,"Female"
"9004153",371987,2025-05-15 12:36:44,42.536506652832,-8.90212440490723,"Female"
"9004153",371987,2025-05-15 12:41:45,42.5128974914551,-8.91922283172607,"Female"
"9004153",371987,2025-05-15 12:46:46,42.5120582580566,-8.91940975189209,"Female"
"9004153",371987,2025-05-15 12:51:44,42.4988594055176,-8.9255485534668,"Female"
"9004153",371987,2025-05-15 12:56:44,42.4644508361816,-8.94507503509521,"Female"
"9004153",371987,2025-05-15 13:01:45,42.4617919921875,-8.94575881958008,"Female"
"9004153",371987,2025-05-15 13:06:46,42.4424362182617,-8.94292068481445,"Female"
"9004153",371987,2025-05-15 13:11:46,42.4408187866211,-8.94212532043457,"Female"
"9004153",371987,2025-05-15 13:16:44,42.4005546569824,-8.92373561859131,"Female"
"9004153",371987,2025-05-15 13:21:46,42.3980522155762,-8.92026519775391,"Female"
"9004153",371987,2025-05-15 13:26:45,42.3980560302734,-8.92028045654297,"Female"
"9004153",371987,2025-05-15 13:31:45,42.3980941772461,-8.92028331756592,"Female"
"9004153",371987,2025-05-15 13:37:03,42.3976097106934,-8.9210147857666,"Female"
"9004153",371987,2025-05-15 13:41:57,42.3974113464355,-8.92082691192627,"Female"
"9004153",371987,2025-05-15 13:47:15,42.3972816467285,-8.92098426818848,"Female"
"9004153",371987,2025-05-15 13:52:29,42.3972663879395,-8.92095375061035,"Female"
"9004153",371987,2025-05-15 13:56:59,42.3974075317383,-8.92129993438721,"Female"
"9004153",371987,2025-05-15 14:02:07,42.3974113464355,-8.92132377624512,"Female"
"9004153",371987,2025-05-15 14:08:07,42.3975105285645,-8.92196464538574,"Female"
"9004153",371987,2025-05-15 14:12:19,42.3974761962891,-8.92297267913818,"Female"
"9004153",371987,2025-05-15 14:17:48,42.3972816467285,-8.9208984375,"Female"
"9004153",371987,2025-05-15 14:21:48,42.3973236083984,-8.92079257965088,"Female"
"9004153",371987,2025-05-15 14:26:58,42.3973503112793,-8.92029762268066,"Female"
"9004153",371987,2025-05-15 14:32:10,42.3974418640137,-8.92083168029785,"Female"
"9004153",371987,2025-05-15 14:37:00,42.3976287841797,-8.91957473754883,"Female"
"9004153",371987,2025-05-15 14:41:58,42.3971099853516,-8.92132949829102,"Female"
"9004153",371987,2025-05-15 14:46:53,42.3973808288574,-8.92092418670654,"Female"
"9004153",371987,2025-05-15 14:51:58,42.3974418640137,-8.92068290710449,"Female"
"9004153",371987,2025-05-15 14:57:06,42.3976669311523,-8.9206428527832,"Female"
"9004153",371987,2025-05-15 15:02:42,42.3977470397949,-8.92053604125977,"Female"
"9004153",371987,2025-05-15 15:08:07,42.3976402282715,-8.92061710357666,"Female"
"9004153",371987,2025-05-15 15:11:58,42.3978538513184,-8.92065048217773,"Female"
"9004153",371987,2025-05-15 15:16:45,42.3974533081055,-8.92083263397217,"Female"
"9004153",371987,2025-05-15 15:21:53,42.397346496582,-8.92090225219727,"Female"
"9004153",371987,2025-05-15 15:27:00,42.3974342346191,-8.9207763671875,"Female"
"9004153",371987,2025-05-15 15:31:43,42.3978462219238,-8.91893577575684,"Female"
"9004153",371987,2025-05-15 15:37:32,42.3963966369629,-8.91694259643555,"Female"
"9004153",371987,2025-05-15 15:42:31,42.395149230957,-8.915846824646,"Female"
"9004153",371987,2025-05-15 15:47:31,42.3950843811035,-8.91476154327393,"Female"
"9004153",371987,2025-05-15 15:52:32,42.3931541442871,-8.91496753692627,"Female"
"9004153",371987,2025-05-15 15:57:33,42.3959274291992,-8.91731643676758,"Female"
"9004153",371987,2025-05-15 16:02:31,42.3975791931152,-8.92026138305664,"Female"
"9004153",371987,2025-05-15 16:07:32,42.3976554870605,-8.92012023925781,"Female"
"9004153",371987,2025-05-15 16:12:32,42.3980522155762,-8.92050552368164,"Female"
"9004153",371987,2025-05-15 16:17:32,42.3979988098145,-8.92046642303467,"Female"
"9004153",371987,2025-05-15 16:22:31,42.3980712890625,-8.92054176330566,"Female"
"9004153",371987,2025-05-15 16:27:31,42.398021697998,-8.92044544219971,"Female"
"9004153",371987,2025-05-15 16:32:32,42.3981590270996,-8.92074012756348,"Female"
"9004153",371987,2025-05-15 16:37:31,42.3978271484375,-8.92063617706299,"Female"
"9004153",371987,2025-05-15 16:42:31,42.3976135253906,-8.920485496521,"Female"
"9004153",371987,2025-05-15 16:47:31,42.3976974487305,-8.92079067230225,"Female"
"9004153",371987,2025-05-15 16:52:32,42.3974266052246,-8.92074489593506,"Female"
"9004153",371987,2025-05-15 16:57:32,42.3974113464355,-8.9207124710083,"Female"
"9004153",371987,2025-05-15 17:02:31,42.3974418640137,-8.92083549499512,"Female"
"9004153",371987,2025-05-15 17:07:37,42.3974952697754,-8.92084884643555,"Female"
"9004153",371987,2025-05-15 17:12:33,42.3975028991699,-8.92087459564209,"Female"
"9004153",371987,2025-05-15 17:17:48,42.3975410461426,-8.92085266113281,"Female"
"9004153",371987,2025-05-15 17:22:33,42.3974151611328,-8.92070960998535,"Female"
"9004153",371987,2025-05-15 17:28:04,42.3974914550781,-8.92083072662354,"Female"
"9004153",371987,2025-05-15 17:32:31,42.3974876403809,-8.92083358764648,"Female"
"9004153",371987,2025-05-15 17:37:30,42.3974647521973,-8.92085933685303,"Female"
"9004153",371987,2025-05-15 17:42:30,42.3974494934082,-8.92080402374268,"Female"
"9004153",371987,2025-05-15 17:47:30,42.3975524902344,-8.9208812713623,"Female"
"9004153",371987,2025-05-15 17:52:31,42.3975219726562,-8.92085647583008,"Female"
"9004153",371987,2025-05-15 17:57:31,42.3975257873535,-8.92087841033936,"Female"
"9004153",371987,2025-05-15 18:02:31,42.3974952697754,-8.92085838317871,"Female"
"9004153",371987,2025-05-15 18:07:31,42.3974647521973,-8.9207878112793,"Female"
"9004153",371987,2025-05-15 18:12:31,42.3974990844727,-8.92086887359619,"Female"
"9004153",371987,2025-05-15 18:17:31,42.3975830078125,-8.9209041595459,"Female"
"9004153",371987,2025-05-15 18:22:31,42.3976364135742,-8.92095184326172,"Female"
"9004153",371987,2025-05-15 18:27:31,42.3976287841797,-8.92101573944092,"Female"
"9004153",371987,2025-05-15 18:32:31,42.3976249694824,-8.92097663879395,"Female"
"9004153",371987,2025-05-15 18:37:31,42.397632598877,-8.92099285125732,"Female"
"9004153",371987,2025-05-15 18:42:31,42.397647857666,-8.92095279693604,"Female"
"9004153",371987,2025-05-15 18:47:31,42.3976821899414,-8.92101097106934,"Female"
"9004153",371987,2025-05-15 18:52:31,42.397647857666,-8.92104244232178,"Female"
"9004153",371987,2025-05-15 18:57:31,42.3976135253906,-8.92096042633057,"Female"
"9004153",371987,2025-05-15 19:02:31,42.3976898193359,-8.92109775543213,"Female"
"9004153",371987,2025-05-15 19:07:31,42.3976516723633,-8.92113208770752,"Female"
"9004153",371987,2025-05-15 19:12:31,42.3977508544922,-8.92113590240479,"Female"
"9004153",371987,2025-05-15 19:17:39,42.3978881835938,-8.92153930664062,"Female"
"9004153",371987,2025-05-15 19:22:31,42.3975372314453,-8.92116355895996,"Female"
"9004153",371987,2025-05-15 19:27:31,42.3975410461426,-8.92097949981689,"Female"
"9004153",371987,2025-05-15 19:32:33,42.3975486755371,-8.92098331451416,"Female"
"9004153",371987,2025-05-15 19:37:32,42.3976058959961,-8.92104911804199,"Female"
"9004153",371987,2025-05-15 19:42:31,42.3975601196289,-8.92097949981689,"Female"
"9004153",371987,2025-05-15 19:47:31,42.3975601196289,-8.92092704772949,"Female"
"9004153",371987,2025-05-15 19:52:31,42.3975944519043,-8.92104434967041,"Female"
"9004153",371987,2025-05-15 19:57:31,42.3975677490234,-8.92096042633057,"Female"
"9004153",371987,2025-05-15 20:02:32,42.3975982666016,-8.92103481292725,"Female"
"9004153",371987,2025-05-15 20:07:32,42.3978881835938,-8.92157077789307,"Female"
"9004153",371987,2025-05-15 20:12:44,42.397647857666,-8.9210205078125,"Female"
"9004153",371987,2025-05-15 20:17:31,42.3976860046387,-8.92103481292725,"Female"
"9004153",371987,2025-05-15 20:22:31,42.397647857666,-8.92091941833496,"Female"
"9004153",371987,2025-05-15 20:27:31,42.3977317810059,-8.92107582092285,"Female"
"9004153",371987,2025-05-15 20:32:31,42.3976287841797,-8.92100143432617,"Female"
"9004153",371987,2025-05-15 20:37:31,42.3976745605469,-8.92105007171631,"Female"
"9004153",371987,2025-05-15 20:42:31,42.3976707458496,-8.92102718353271,"Female"
"9004153",371987,2025-05-15 20:47:31,42.3979644775391,-8.92169380187988,"Female"
"9004153",371987,2025-05-15 20:52:31,42.3979301452637,-8.9214506149292,"Female"
"9004153",371987,2025-05-15 20:57:31,42.3978309631348,-8.92125606536865,"Female"
"9004153",371987,2025-05-15 21:02:31,42.3978652954102,-8.92122745513916,"Female"
"9004153",371987,2025-05-15 21:07:32,42.3976249694824,-8.92102527618408,"Female"
"9004153",371987,2025-05-15 21:12:32,42.3976783752441,-8.92105484008789,"Female"
"9004153",371987,2025-05-15 21:17:32,42.3977088928223,-8.92122364044189,"Female"
"9004153",371987,2025-05-15 21:22:31,42.3977165222168,-8.92108917236328,"Female"
"9004153",371987,2025-05-15 21:27:32,42.3979835510254,-8.92142105102539,"Female"
"9004153",371987,2025-05-15 21:32:34,42.3980484008789,-8.92138195037842,"Female"
"9004153",371987,2025-05-15 21:37:34,42.3978004455566,-8.92118263244629,"Female"
"9004153",371987,2025-05-15 21:42:32,42.3980331420898,-8.9216890335083,"Female"
"9004153",371987,2025-05-15 21:47:33,42.3979072570801,-8.92163467407227,"Female"
"9004153",371987,2025-05-15 21:52:32,42.3978233337402,-8.92134094238281,"Female"
"9004153",371987,2025-05-15 21:57:35,42.3974418640137,-8.92073726654053,"Female"
"9004153",371987,2025-05-15 22:02:36,42.3974380493164,-8.92049217224121,"Female"
"9004153",371987,2025-05-15 22:07:43,42.3976516723633,-8.92099380493164,"Female"
"9004153",371987,2025-05-15 22:12:43,42.3976364135742,-8.92088031768799,"Female"
"9004153",371987,2025-05-15 22:17:44,42.3975601196289,-8.92073726654053,"Female"
"9004153",371987,2025-05-15 22:22:44,42.3975639343262,-8.92069435119629,"Female"
"9004153",371987,2025-05-15 22:27:45,42.3975715637207,-8.92062950134277,"Female"
"9004153",371987,2025-05-15 22:32:45,42.3975486755371,-8.92056179046631,"Female"
"9004153",371987,2025-05-15 22:37:45,42.3975524902344,-8.92050838470459,"Female"
"9004153",371987,2025-05-15 22:42:44,42.3975715637207,-8.92062950134277,"Female"
"9004153",371987,2025-05-15 22:47:43,42.3976554870605,-8.92080593109131,"Female"
"9004153",371987,2025-05-15 22:52:43,42.397705078125,-8.92105102539062,"Female"
"9004153",371987,2025-05-15 22:57:45,42.3979034423828,-8.92160892486572,"Female"
"9004153",371987,2025-05-15 23:02:52,42.3981819152832,-8.92251396179199,"Female"
"9004153",371987,2025-05-15 23:07:58,42.3986282348633,-8.92392635345459,"Female"
"9004153",371987,2025-05-15 23:12:52,42.3980407714844,-8.92198276519775,"Female"
"9004153",371987,2025-05-15 23:17:36,42.3984260559082,-8.9230785369873,"Female"
"9004153",371987,2025-05-15 23:22:44,42.3977508544922,-8.92116641998291,"Female"
"9004153",371987,2025-05-15 23:27:38,42.3977928161621,-8.92115116119385,"Female"
"9004153",371987,2025-05-15 23:32:32,42.3982772827148,-8.92255306243896,"Female"
"9004153",371987,2025-05-15 23:37:43,42.3977508544922,-8.92106819152832,"Female"
"9004153",371987,2025-05-15 23:42:32,42.397705078125,-8.92089176177979,"Female"
"9004153",371987,2025-05-15 23:47:36,42.3978538513184,-8.921142578125,"Female"
"9004153",371987,2025-05-15 23:52:32,42.3978538513184,-8.92105007171631,"Female"
"9004153",371987,2025-05-15 23:57:33,42.3978538513184,-8.92103576660156,"Female"
"9004153",371987,2025-05-16 00:02:45,42.3981246948242,-8.92104816436768,"Female"
"9004153",371987,2025-05-16 00:07:31,42.3981246948242,-8.92100715637207,"Female"
"9004153",371987,2025-05-16 00:12:32,42.3979377746582,-8.92097473144531,"Female"
"9004153",371987,2025-05-16 00:17:31,42.397834777832,-8.92093276977539,"Female"
"9004153",371987,2025-05-16 00:22:32,42.397518157959,-8.92084217071533,"Female"
"9004153",371987,2025-05-16 00:27:32,42.3976020812988,-8.92084312438965,"Female"
"9004153",371987,2025-05-16 00:32:31,42.3976249694824,-8.92080593109131,"Female"
"9004153",371987,2025-05-16 00:37:31,42.3979072570801,-8.92159080505371,"Female"
"9004153",371987,2025-05-16 00:42:32,42.3966636657715,-8.92081260681152,"Female"
"9004153",371987,2025-05-16 00:47:31,42.396427154541,-8.92069053649902,"Female"
"9004153",371987,2025-05-16 00:52:31,42.397346496582,-8.92034435272217,"Female"
"9004153",371987,2025-05-16 00:57:31,42.3974342346191,-8.92071914672852,"Female"
"9004153",371987,2025-05-16 01:02:31,42.3973503112793,-8.92030906677246,"Female"
"9004153",371987,2025-05-16 01:07:31,42.3972702026367,-8.92038440704346,"Female"
"9004153",371987,2025-05-16 01:12:31,42.3973693847656,-8.92050266265869,"Female"
"9004153",371987,2025-05-16 01:17:31,42.3973617553711,-8.92060279846191,"Female"
"9004153",371987,2025-05-16 01:22:31,42.3972396850586,-8.92046451568604,"Female"
"9004153",371987,2025-05-16 01:27:36,42.3976707458496,-8.92071914672852,"Female"
"9004153",371987,2025-05-16 01:32:33,42.3970565795898,-8.92031383514404,"Female"
"9004153",371987,2025-05-16 01:37:34,42.3975296020508,-8.92058277130127,"Female"
"9004153",371987,2025-05-16 01:42:36,42.3975944519043,-8.9207935333252,"Female"
"9004153",371987,2025-05-16 01:47:44,42.3975448608398,-8.92068672180176,"Female"
"9004153",371987,2025-05-16 01:52:31,42.3975448608398,-8.92070865631104,"Female"
"9004153",371987,2025-05-16 01:57:31,42.3974876403809,-8.9207010269165,"Female"
"9004153",371987,2025-05-16 02:02:31,42.3975715637207,-8.92072010040283,"Female"
"9004153",371987,2025-05-16 02:07:32,42.3965454101562,-8.92012500762939,"Female"
"9004153",371987,2025-05-16 02:12:33,42.397575378418,-8.92105770111084,"Female"
"9004153",371987,2025-05-16 02:17:32,42.3975715637207,-8.92109966278076,"Female"
"9004153",371987,2025-05-16 02:23:05,42.397575378418,-8.92116832733154,"Female"
"9004153",371987,2025-05-16 02:27:30,42.3977661132812,-8.92158603668213,"Female"
"9004153",371987,2025-05-16 02:32:31,42.3975791931152,-8.92095470428467,"Female"
"9004153",371987,2025-05-16 02:37:31,42.397518157959,-8.9208345413208,"Female"
"9004153",371987,2025-05-16 02:42:31,42.3976097106934,-8.92107486724854,"Female"
"9004153",371987,2025-05-16 02:47:34,42.3974761962891,-8.92078304290771,"Female"
"9004153",371987,2025-05-16 02:52:32,42.3977890014648,-8.92141723632812,"Female"
"9004153",371987,2025-05-16 02:57:32,42.3977546691895,-8.92141628265381,"Female"
"9004153",371987,2025-05-16 03:02:32,42.3976058959961,-8.92106914520264,"Female"
"9004153",371987,2025-05-16 03:07:33,42.3976020812988,-8.92105865478516,"Female"
"9004153",371987,2025-05-16 03:12:33,42.3975410461426,-8.92088317871094,"Female"
"9004153",371987,2025-05-16 03:17:32,42.3976364135742,-8.92103290557861,"Female"
"9004153",371987,2025-05-16 03:22:33,42.3975830078125,-8.92091751098633,"Female"
"9004153",371987,2025-05-16 03:27:32,42.3974990844727,-8.92086601257324,"Female"
"9004153",371987,2025-05-16 03:32:37,42.3975143432617,-8.92076206207275,"Female"
"9004153",371987,2025-05-16 03:37:31,42.3975219726562,-8.92080974578857,"Female"
"9004153",371987,2025-05-16 03:42:31,42.3975524902344,-8.92081260681152,"Female"
"9004153",371987,2025-05-16 03:47:31,42.397590637207,-8.92090892791748,"Female"
"9004153",371987,2025-05-16 03:52:31,42.3976287841797,-8.92086601257324,"Female"
"9004153",371987,2025-05-16 03:57:39,42.3975524902344,-8.92073535919189,"Female"
"9004153",371987,2025-05-16 04:02:31,42.3975296020508,-8.92070388793945,"Female"
"9004153",371987,2025-05-16 04:07:32,42.3976135253906,-8.92075443267822,"Female"
"9004153",371987,2025-05-16 04:12:34,42.3975410461426,-8.92072010040283,"Female"
"9004153",371987,2025-05-16 04:17:32,42.3975601196289,-8.92073059082031,"Female"
"9004153",371987,2025-05-16 04:22:39,42.3975524902344,-8.92074394226074,"Female"
"9004153",371987,2025-05-16 04:27:31,42.3975410461426,-8.92062854766846,"Female"
"9004153",371987,2025-05-16 04:32:39,42.3975372314453,-8.92072296142578,"Female"
"9004153",371987,2025-05-16 04:37:33,42.3975448608398,-8.92076778411865,"Female"
"9004153",371987,2025-05-16 04:42:44,42.397533416748,-8.92071533203125,"Female"
"9004153",371987,2025-05-16 04:47:31,42.397575378418,-8.92072677612305,"Female"
"9004153",371987,2025-05-16 04:52:31,42.4004249572754,-8.92036056518555,"Female"
"9004153",371987,2025-05-16 04:57:38,42.4003791809082,-8.92043685913086,"Female"
"9004153",371987,2025-05-16 05:02:31,42.4039916992188,-8.92146968841553,"Female"
"9004153",371987,2025-05-16 05:07:38,42.4083251953125,-8.92283630371094,"Female"
"9004153",371987,2025-05-16 05:12:31,42.4327011108398,-8.92490482330322,"Female"
"9004153",371987,2025-05-16 05:17:32,42.4607620239258,-8.9410572052002,"Female"
"9004153",371987,2025-05-16 05:22:31,42.4890365600586,-8.93234729766846,"Female"
"9004153",371987,2025-05-16 05:27:31,42.4954261779785,-8.92822647094727,"Female"
"9004153",371987,2025-05-16 05:32:44,42.5127067565918,-8.91600894927979,"Female"
"9004153",371987,2025-05-16 05:37:31,42.5307197570801,-8.90131092071533,"Female"
"9004153",371987,2025-05-16 05:43:24,42.5423393249512,-8.89262866973877,"Female"
"9004153",371987,2025-05-16 05:49:09,42.5427551269531,-8.89069366455078,"Female"
"9004153",371987,2025-05-16 05:54:31,42.5436706542969,-8.8902473449707,"Female"
"9004153",371987,2025-05-16 05:59:41,42.5441055297852,-8.890869140625,"Female"
"9004153",371987,2025-05-16 06:04:51,42.5440711975098,-8.89048194885254,"Female"
"9004153",371987,2025-05-16 06:09:42,42.5446014404297,-8.88863849639893,"Female"
"9004153",371987,2025-05-16 06:14:49,42.5445518493652,-8.88859844207764,"Female"
"9004153",371987,2025-05-16 06:19:42,42.5441017150879,-8.88810729980469,"Female"
"9004153",371987,2025-05-16 06:24:59,42.5446510314941,-8.88849830627441,"Female"
"9004153",371987,2025-05-16 06:30:05,42.5441017150879,-8.88820457458496,"Female"
"9004153",371987,2025-05-16 06:34:39,42.5440521240234,-8.88768482208252,"Female"
"9004153",371987,2025-05-16 06:39:40,42.5459022521973,-8.88870239257812,"Female"
"9004153",371987,2025-05-16 06:45:05,42.5471954345703,-8.88786602020264,"Female"
"9004153",371987,2025-05-16 06:50:16,42.5481986999512,-8.88716411590576,"Female"
"9004153",371987,2025-05-16 06:55:15,42.5480575561523,-8.88464450836182,"Female"
"9004153",371987,2025-05-16 07:00:38,42.5490379333496,-8.88372230529785,"Female"
"9004153",371987,2025-05-16 07:06:22,42.5494270324707,-8.88248920440674,"Female"
"9004153",371987,2025-05-16 07:11:32,42.5500755310059,-8.88168525695801,"Female"
"9004153",371987,2025-05-16 07:16:32,42.5516510009766,-8.88147354125977,"Female"
"9004153",371987,2025-05-16 07:21:32,42.5516319274902,-8.88147449493408,"Female"
"9004153",371987,2025-05-16 07:26:32,42.5516166687012,-8.88150691986084,"Female"
"9004153",371987,2025-05-16 07:31:33,42.5517959594727,-8.88179016113281,"Female"
"9004153",371987,2025-05-16 07:36:32,42.551643371582,-8.881516456604,"Female"
"9004153",371987,2025-05-16 07:41:32,42.5515785217285,-8.88138008117676,"Female"
"9004153",371987,2025-05-16 07:46:32,42.5516052246094,-8.88144588470459,"Female"
"9004153",371987,2025-05-16 07:51:32,42.5609169006348,-8.88811492919922,"Female"
"9004153",371987,2025-05-16 07:56:37,42.5658569335938,-8.89008903503418,"Female"
"9004153",371987,2025-05-16 08:01:33,42.5659065246582,-8.89047527313232,"Female"
"9004153",371987,2025-05-16 08:06:42,42.566219329834,-8.89112663269043,"Female"
"9004153",371987,2025-05-16 08:11:43,42.5698623657227,-8.89191818237305,"Female"
"9004153",371987,2025-05-16 08:16:42,42.5698471069336,-8.89191818237305,"Female"
"9004153",371987,2025-05-16 08:21:42,42.5966110229492,-8.88136672973633,"Female"
"9004153",371987,2025-05-16 08:26:42,42.6015014648438,-8.87670993804932,"Female"
"9004153",371987,2025-05-16 08:31:42,42.6004753112793,-8.87549018859863,"Female"
"9004153",371987,2025-05-16 08:36:59,42.600154876709,-8.87605953216553,"Female"
"9004153",371987,2025-05-16 08:42:01,42.600456237793,-8.87592124938965,"Female"
"9004153",371987,2025-05-16 08:47:06,42.5996932983398,-8.87571620941162,"Female"
"9004153",371987,2025-05-16 08:52:43,42.5999908447266,-8.8748083114624,"Female"
"9004153",371987,2025-05-16 08:59:04,42.6008949279785,-8.87567138671875,"Female"
"9004153",371987,2025-05-16 09:04:06,42.6005783081055,-8.87682628631592,"Female"
"9004153",371987,2025-05-16 09:09:04,42.6006774902344,-8.87736892700195,"Female"
"9004153",371987,2025-05-16 09:14:04,42.6004905700684,-8.87715148925781,"Female"
"9004153",371987,2025-05-16 09:19:04,42.6004905700684,-8.87715721130371,"Female"
"9004153",371987,2025-05-16 09:24:04,42.6004676818848,-8.87719821929932,"Female"
"9004153",371987,2025-05-16 09:29:04,42.6004791259766,-8.87720203399658,"Female"
"9004153",371987,2025-05-16 09:34:14,42.6004867553711,-8.87708568572998,"Female"
"9004153",371987,2025-05-16 09:39:04,42.6005058288574,-8.87715625762939,"Female"
"9004153",371987,2025-05-16 09:44:04,42.6004905700684,-8.87716007232666,"Female"
"9004153",371987,2025-05-16 09:49:04,42.6004753112793,-8.8771390914917,"Female"
"9004153",371987,2025-05-16 09:54:04,42.600513458252,-8.87716579437256,"Female"
"9004153",371987,2025-05-16 09:59:04,42.6003341674805,-8.8771276473999,"Female"
"9004153",371987,2025-05-16 10:04:04,42.6004257202148,-8.87713241577148,"Female"
"9004153",371987,2025-05-16 10:09:56,42.6006660461426,-8.87569332122803,"Female"
"9004153",371987,2025-05-16 10:15:19,42.6002731323242,-8.87529754638672,"Female"
"9004153",371987,2025-05-16 10:20:53,42.5994148254395,-8.87447071075439,"Female"
"9004153",371987,2025-05-16 10:26:22,42.5992889404297,-8.87308979034424,"Female"
"9004153",371987,2025-05-16 10:31:22,42.5988731384277,-8.87233257293701,"Female"
"9004153",371987,2025-05-16 10:36:22,42.5982818603516,-8.87402439117432,"Female"
"9004153",371987,2025-05-16 10:41:22,42.5984725952148,-8.87444019317627,"Female"
"9004153",371987,2025-05-16 10:46:56,42.5994300842285,-8.87652778625488,"Female"
"9004153",371987,2025-05-16 10:51:56,42.6002388000488,-8.87702655792236,"Female"
"9004153",371987,2025-05-16 10:56:56,42.6003875732422,-8.8768482208252,"Female"
"9004153",371987,2025-05-16 11:01:56,42.6002655029297,-8.87692832946777,"Female"
"9004153",371987,2025-05-16 11:06:56,42.6002998352051,-8.87695503234863,"Female"
"9004153",371987,2025-05-16 11:11:56,42.6002006530762,-8.87683200836182,"Female"
"9004153",371987,2025-05-16 11:16:56,42.6002998352051,-8.87681579589844,"Female"
"9004153",371987,2025-05-16 11:21:56,42.6002807617188,-8.87671756744385,"Female"
"9004153",371987,2025-05-16 11:27:02,42.5999717712402,-8.87581539154053,"Female"
"9004153",371987,2025-05-16 11:32:38,42.5990333557129,-8.87660884857178,"Female"
"9004153",371987,2025-05-16 11:37:37,42.5996894836426,-8.87737083435059,"Female"
"9004153",371987,2025-05-16 11:42:39,42.5992736816406,-8.87618160247803,"Female"
"9004153",371987,2025-05-16 11:47:37,42.6002807617188,-8.87679195404053,"Female"
"9004153",371987,2025-05-16 11:53:08,42.6005477905273,-8.8782377243042,"Female"
"9004153",371987,2025-05-16 11:59:01,42.6030883789062,-8.87833881378174,"Female"
"9004153",371987,2025-05-16 12:04:09,42.6045684814453,-8.87808227539062,"Female"
"9004153",371987,2025-05-16 12:09:50,42.605598449707,-8.87743282318115,"Female"
"9004153",371987,2025-05-16 12:15:10,42.6063346862793,-8.87725162506104,"Female"
"9004153",371987,2025-05-16 12:20:18,42.606258392334,-8.87769412994385,"Female"
"9004153",371987,2025-05-16 12:25:23,42.605396270752,-8.87942409515381,"Female"
"9004153",371987,2025-05-16 12:30:11,42.6047744750977,-8.88134384155273,"Female"
"9004153",371987,2025-05-16 12:35:10,42.6047325134277,-8.88102722167969,"Female"
"9004153",371987,2025-05-16 12:40:10,42.6049919128418,-8.88102531433105,"Female"
"9004153",371987,2025-05-16 12:45:10,42.6050834655762,-8.88091659545898,"Female"
"9004153",371987,2025-05-16 12:50:11,42.6039619445801,-8.88166332244873,"Female"
"9004153",371987,2025-05-16 12:55:11,42.6036911010742,-8.8822135925293,"Female"
"9004153",371987,2025-05-16 13:00:10,42.6027908325195,-8.88255977630615,"Female"
"9004153",371987,2025-05-16 13:05:10,42.6009140014648,-8.88394927978516,"Female"
"9004153",371987,2025-05-16 13:10:10,42.6002426147461,-8.88504314422607,"Female"
"9004153",371987,2025-05-16 13:15:11,42.596996307373,-8.88751316070557,"Female"
"9004153",371987,2025-05-16 13:20:11,42.5955390930176,-8.88763046264648,"Female"
"9004153",371987,2025-05-16 13:25:11,42.5941429138184,-8.88804817199707,"Female"
"9004153",371987,2025-05-16 13:30:10,42.5928382873535,-8.88825511932373,"Female"
"9004153",371987,2025-05-16 13:35:10,42.5927505493164,-8.88751697540283,"Female"
"9004153",371987,2025-05-16 13:40:11,42.5913429260254,-8.88616561889648,"Female"
"9004153",371987,2025-05-16 13:45:11,42.5720977783203,-8.89154243469238,"Female"
"9004153",371987,2025-05-16 13:50:11,42.5707015991211,-8.89181613922119,"Female"
"9004153",371987,2025-05-16 13:55:54,42.569278717041,-8.8922233581543,"Female"
"9004153",371987,2025-05-16 14:00:53,42.5675277709961,-8.89242172241211,"Female"
"9004153",371987,2025-05-16 14:06:47,42.5655403137207,-8.89303874969482,"Female"
"9004153",371987,2025-05-16 14:11:48,42.5637283325195,-8.89309787750244,"Female"
"9004153",371987,2025-05-16 14:16:55,42.5619697570801,-8.89262199401855,"Female"
"9004153",371987,2025-05-16 14:21:48,42.5599632263184,-8.89167881011963,"Female"
"9004153",371987,2025-05-16 14:26:47,42.5412292480469,-8.90576076507568,"Female"
"9004153",371987,2025-05-16 14:31:47,42.5396690368652,-8.90780735015869,"Female"
"9004153",371987,2025-05-16 14:36:47,42.5397071838379,-8.90774917602539,"Female"
"9004153",371987,2025-05-16 14:41:47,42.539794921875,-8.90754222869873,"Female"
"9004153",371987,2025-05-16 14:46:47,42.5398788452148,-8.90739631652832,"Female"
"9004153",371987,2025-05-16 14:51:47,42.5202484130859,-8.91492652893066,"Female"
"9004153",371987,2025-05-16 14:56:47,42.5182952880859,-8.91451072692871,"Female"
"9004153",371987,2025-05-16 15:01:48,42.5161895751953,-8.91362285614014,"Female"
"9004153",371987,2025-05-16 15:06:48,42.514087677002,-8.9129753112793,"Female"
"9004153",371987,2025-05-16 15:11:47,42.4835472106934,-8.93505954742432,"Female"
"9004153",371987,2025-05-16 15:16:49,42.4785041809082,-8.94018459320068,"Female"
"9004153",371987,2025-05-16 15:21:47,42.4560585021973,-8.9443416595459,"Female"
"9004153",371987,2025-05-16 15:26:47,42.4530639648438,-8.94363880157471,"Female"
"9004153",371987,2025-05-16 15:31:48,42.4514312744141,-8.9431848526001,"Female"
"9004153",371987,2025-05-16 15:36:47,42.4286308288574,-8.93837547302246,"Female"
"9004153",371987,2025-05-16 15:42:05,42.3963432312012,-8.91987609863281,"Female"
"9004153",371987,2025-05-16 15:46:47,42.3963317871094,-8.91991233825684,"Female"
"9004153",371987,2025-05-16 15:51:47,42.3963203430176,-8.91990852355957,"Female"
"9004153",371987,2025-05-16 15:56:47,42.3970565795898,-8.91970348358154,"Female"
"9004153",371987,2025-05-16 16:01:47,42.3975257873535,-8.92076206207275,"Female"
"9004153",371987,2025-05-16 16:06:49,42.3976211547852,-8.92105674743652,"Female"
"9004153",371987,2025-05-16 16:11:49,42.3976287841797,-8.92110538482666,"Female"
"9004153",371987,2025-05-16 16:16:50,42.3974952697754,-8.92097473144531,"Female"
"9004153",371987,2025-05-16 16:21:49,42.3976249694824,-8.92078495025635,"Female"
"9004153",371987,2025-05-16 16:26:52,42.3977203369141,-8.92090129852295,"Female"
"9004153",371987,2025-05-16 16:31:49,42.3977165222168,-8.92088413238525,"Female"
"9004153",371987,2025-05-16 16:36:52,42.3973846435547,-8.92074394226074,"Female"
"9004153",371987,2025-05-16 16:41:48,42.3975791931152,-8.9208345413208,"Female"
"9004153",371987,2025-05-16 16:46:49,42.3975143432617,-8.92077732086182,"Female"
"9004153",371987,2025-05-16 16:51:50,42.397518157959,-8.92079448699951,"Female"
"9004153",371987,2025-05-16 16:56:49,42.3974800109863,-8.92069911956787,"Female"
"9004153",371987,2025-05-16 17:01:51,42.3974876403809,-8.92074203491211,"Female"
"9004153",371987,2025-05-16 17:06:52,42.3974685668945,-8.92073917388916,"Female"
"9004153",371987,2025-05-16 17:11:51,42.3974761962891,-8.92074680328369,"Female"
"9004153",371987,2025-05-16 17:16:52,42.3974990844727,-8.92082405090332,"Female"
"9004153",371987,2025-05-16 17:21:49,42.3974990844727,-8.92075538635254,"Female"
"9004153",371987,2025-05-16 17:26:49,42.3969421386719,-8.92009353637695,"Female"
"9004153",371987,2025-05-16 17:31:48,42.3976745605469,-8.92074108123779,"Female"
"9004153",371987,2025-05-16 17:36:48,42.3975028991699,-8.92080593109131,"Female"
"9004153",371987,2025-05-16 17:41:48,42.397518157959,-8.92081165313721,"Female"
"9004153",371987,2025-05-16 17:46:48,42.3976173400879,-8.92077350616455,"Female"
"9004153",371987,2025-05-16 17:52:00,42.3974227905273,-8.92072677612305,"Female"
"9004153",371987,2025-05-16 17:56:48,42.3976402282715,-8.92086791992188,"Female"
"9004153",371987,2025-05-16 18:01:48,42.3976821899414,-8.92081356048584,"Female"
"9004153",371987,2025-05-16 18:06:48,42.3976516723633,-8.92081928253174,"Female"
"9004153",371987,2025-05-16 18:11:48,42.3976516723633,-8.92083549499512,"Female"
"9004153",371987,2025-05-16 18:16:48,42.3974494934082,-8.92049789428711,"Female"
"9004153",371987,2025-05-16 18:21:48,42.3977432250977,-8.92101383209229,"Female"
"9004153",371987,2025-05-16 18:26:48,42.3976631164551,-8.92080020904541,"Female"
"9004153",371987,2025-05-16 18:31:48,42.3977737426758,-8.9208402633667,"Female"
"9004153",371987,2025-05-16 18:36:48,42.3977127075195,-8.92081260681152,"Female"
"9004153",371987,2025-05-16 18:41:48,42.3976593017578,-8.92077445983887,"Female"
"9004153",371987,2025-05-16 18:46:50,42.3976821899414,-8.92082786560059,"Female"
"9004153",371987,2025-05-16 18:51:49,42.397403717041,-8.92082214355469,"Female"
"9004153",371987,2025-05-16 18:56:48,42.3972930908203,-8.92074012756348,"Female"
"9004153",371987,2025-05-16 19:01:50,42.3973617553711,-8.92080783843994,"Female"
"9004153",371987,2025-05-16 19:06:50,42.3977546691895,-8.92101287841797,"Female"
"9004153",371987,2025-05-16 19:12:01,42.3977432250977,-8.92101955413818,"Female"
"9004153",371987,2025-05-16 19:17:14,42.3977279663086,-8.92095851898193,"Female"
"9004153",371987,2025-05-16 19:21:48,42.3976364135742,-8.92086791992188,"Female"
"9004153",371987,2025-05-16 19:26:48,42.397575378418,-8.92077159881592,"Female"
"9004153",371987,2025-05-16 19:31:50,42.3976173400879,-8.92070198059082,"Female"
"9004153",371987,2025-05-16 19:36:48,42.3974227905273,-8.92063808441162,"Female"
"9004153",371987,2025-05-16 19:41:48,42.3974456787109,-8.92051792144775,"Female"
"9004153",371987,2025-05-16 19:47:15,42.3976402282715,-8.92077732086182,"Female"
"9004153",371987,2025-05-16 19:51:47,42.397403717041,-8.92045211791992,"Female"
"9004153",371987,2025-05-16 19:56:47,42.3974952697754,-8.92052459716797,"Female"
"9004153",371987,2025-05-16 20:01:48,42.3967247009277,-8.91931629180908,"Female"
"9004153",371987,2025-05-16 20:06:52,42.3969841003418,-8.91964817047119,"Female"
"9004153",371987,2025-05-16 20:11:49,42.3963928222656,-8.91851615905762,"Female"
"9004153",371987,2025-05-16 20:17:14,42.3976554870605,-8.92059326171875,"Female"
"9004153",371987,2025-05-16 20:21:50,42.3978233337402,-8.92115497589111,"Female"
"9004153",371987,2025-05-16 20:26:50,42.3978691101074,-8.92152786254883,"Female"
"9004153",371987,2025-05-16 20:31:50,42.3981666564941,-8.92208099365234,"Female"
"9004153",371987,2025-05-16 20:36:54,42.398120880127,-8.92203521728516,"Female"
"9004153",371987,2025-05-16 20:42:00,42.3989791870117,-8.92362785339355,"Female"
"9004153",371987,2025-05-16 20:47:05,42.3976898193359,-8.92069053649902,"Female"
"9004153",371987,2025-05-16 20:51:49,42.3984565734863,-8.91972732543945,"Female"
"9004153",371987,2025-05-16 20:56:48,42.3977890014648,-8.92077445983887,"Female"
"9004153",371987,2025-05-16 21:01:52,42.3976593017578,-8.92087554931641,"Female"
"9004153",371987,2025-05-16 21:06:47,42.3976821899414,-8.92087745666504,"Female"
"9004153",371987,2025-05-16 21:11:48,42.3977127075195,-8.92074298858643,"Female"
"9004153",371987,2025-05-16 21:16:48,42.397590637207,-8.92070865631104,"Female"
"9004153",371987,2025-05-16 21:21:48,42.3979873657227,-8.92102813720703,"Female"
"9004153",371987,2025-05-16 21:26:49,42.397705078125,-8.9207878112793,"Female"
"9004153",371987,2025-05-16 21:31:48,42.3980903625488,-8.92133712768555,"Female"
"9004153",371987,2025-05-16 21:37:13,42.3981513977051,-8.92152214050293,"Female"
"9004153",371987,2025-05-16 21:41:50,42.3979644775391,-8.92164611816406,"Female"
"9004153",371987,2025-05-16 21:46:48,42.3979682922363,-8.92185306549072,"Female"
"9004153",371987,2025-05-16 21:52:23,42.3976249694824,-8.9208345413208,"Female"
"9004153",371987,2025-05-16 21:56:46,42.3974990844727,-8.92101669311523,"Female"
"9004153",371987,2025-05-16 22:01:47,42.3975296020508,-8.92109394073486,"Female"
"9004153",371987,2025-05-16 22:06:48,42.3974800109863,-8.92101383209229,"Female"
"9004153",371987,2025-05-16 22:11:47,42.3974342346191,-8.92097663879395,"Female"
"9004153",371987,2025-05-16 22:16:46,42.3972663879395,-8.92105484008789,"Female"
"9004153",371987,2025-05-16 22:21:47,42.3974571228027,-8.92090225219727,"Female"
"9004153",371987,2025-05-16 22:26:46,42.3975105285645,-8.92087936401367,"Female"
"9004153",371987,2025-05-16 22:31:47,42.3975296020508,-8.9208927154541,"Female"
"9004153",371987,2025-05-16 22:36:46,42.3975486755371,-8.92087268829346,"Female"
"9004153",371987,2025-05-16 22:41:47,42.3974914550781,-8.9209156036377,"Female"
"9004153",371987,2025-05-16 22:46:47,42.3975257873535,-8.92085647583008,"Female"
"9004153",371987,2025-05-16 22:51:46,42.3974647521973,-8.92085933685303,"Female"
"9004153",371987,2025-05-16 22:56:47,42.3975028991699,-8.92095565795898,"Female"
"9004153",371987,2025-05-16 23:01:47,42.3974647521973,-8.92093753814697,"Female"
"9004153",371987,2025-05-16 23:06:47,42.3975067138672,-8.92091274261475,"Female"
"9004153",371987,2025-05-16 23:11:47,42.3974838256836,-8.92090511322021,"Female"
"9004153",371987,2025-05-16 23:16:47,42.3974800109863,-8.92095947265625,"Female"
"9004153",371987,2025-05-16 23:21:47,42.397518157959,-8.92099571228027,"Female"
"9004153",371987,2025-05-16 23:27:11,42.3975830078125,-8.92102527618408,"Female"
"9004153",371987,2025-05-16 23:31:49,42.3975219726562,-8.92096138000488,"Female"
"9004153",371987,2025-05-16 23:36:47,42.3974838256836,-8.92086124420166,"Female"
"9004153",371987,2025-05-16 23:41:47,42.3973846435547,-8.92071342468262,"Female"
"9004153",371987,2025-05-16 23:46:48,42.3976249694824,-8.92105960845947,"Female"
"9004153",371987,2025-05-16 23:51:48,42.3969306945801,-8.91995906829834,"Female"
"9004153",371987,2025-05-16 23:56:48,42.3966674804688,-8.91971683502197,"Female"
"9004153",371987,2025-05-17 00:01:47,42.3974151611328,-8.9207706451416,"Female"
"9004153",371987,2025-05-17 00:06:48,42.3974647521973,-8.92085647583008,"Female"
"9004153",371987,2025-05-17 00:11:48,42.3973960876465,-8.92071437835693,"Female"
"9004153",371987,2025-05-17 00:16:47,42.3973541259766,-8.92068386077881,"Female"
"9004153",371987,2025-05-17 00:21:47,42.3973007202148,-8.92067241668701,"Female"
"9004153",371987,2025-05-17 00:26:47,42.3972244262695,-8.92053890228271,"Female"
"9004153",371987,2025-05-17 00:31:48,42.3973579406738,-8.92062568664551,"Female"
"9004153",371987,2025-05-17 00:36:48,42.3974838256836,-8.92061996459961,"Female"
"9004153",371987,2025-05-17 00:41:47,42.3973655700684,-8.92057418823242,"Female"
"9004153",371987,2025-05-17 00:46:48,42.3973541259766,-8.92016983032227,"Female"
"9004153",371987,2025-05-17 00:51:48,42.3974380493164,-8.92025756835938,"Female"
"9004153",371987,2025-05-17 00:56:48,42.3974609375,-8.92023277282715,"Female"
"9004153",371987,2025-05-17 01:01:47,42.3976898193359,-8.92028617858887,"Female"
"9004153",371987,2025-05-17 01:06:48,42.3976821899414,-8.92038059234619,"Female"
"9004153",371987,2025-05-17 01:11:47,42.3975944519043,-8.92044544219971,"Female"
"9004153",371987,2025-05-17 01:16:48,42.3974685668945,-8.92043018341064,"Female"
"9004153",371987,2025-05-17 01:21:49,42.3976020812988,-8.92049217224121,"Female"
"9004153",371987,2025-05-17 01:26:48,42.3975791931152,-8.92055606842041,"Female"
"9004153",371987,2025-05-17 01:31:49,42.3974342346191,-8.9204626083374,"Female"
"9004153",371987,2025-05-17 01:36:51,42.3974266052246,-8.92057609558105,"Female"
"9004153",371987,2025-05-17 01:41:48,42.3973007202148,-8.9204216003418,"Female"
"9004153",371987,2025-05-17 01:46:49,42.3974723815918,-8.92058849334717,"Female"
"9004153",371987,2025-05-17 01:51:48,42.3974800109863,-8.92059898376465,"Female"
"9004153",371987,2025-05-17 01:56:50,42.3975677490234,-8.92075824737549,"Female"
"9004153",371987,2025-05-17 02:02:04,42.3974418640137,-8.92064571380615,"Female"
"9004153",371987,2025-05-17 02:07:03,42.3974266052246,-8.92066192626953,"Female"
"9004153",371987,2025-05-17 02:12:12,42.3974647521973,-8.92063617706299,"Female"
"9004153",371987,2025-05-17 02:16:50,42.3973503112793,-8.92075347900391,"Female"
"9004153",371987,2025-05-17 02:21:53,42.3972930908203,-8.92052459716797,"Female"
"9004153",371987,2025-05-17 02:26:49,42.3972396850586,-8.92058086395264,"Female"
"9004153",371987,2025-05-17 02:31:52,42.3975105285645,-8.92065048217773,"Female"
"9004153",371987,2025-05-17 02:36:58,42.3976173400879,-8.92072582244873,"Female"
"9004153",371987,2025-05-17 02:42:01,42.3975639343262,-8.92068099975586,"Female"
"9004153",371987,2025-05-17 02:46:50,42.397834777832,-8.92120456695557,"Female"
"9004153",371987,2025-05-17 02:51:51,42.3978118896484,-8.92086791992188,"Female"
"9004153",371987,2025-05-17 02:56:49,42.397762298584,-8.92079734802246,"Female"
"9004153",371987,2025-05-17 03:01:48,42.3976898193359,-8.92070388793945,"Female"
"9004153",371987,2025-05-17 03:06:49,42.3974609375,-8.92065048217773,"Female"
"9004153",371987,2025-05-17 03:11:47,42.3975028991699,-8.92069625854492,"Female"
"9004153",371987,2025-05-17 03:16:48,42.3974914550781,-8.92070293426514,"Female"
"9004153",371987,2025-05-17 03:21:47,42.3974647521973,-8.92069721221924,"Female"
"9004153",371987,2025-05-17 03:26:48,42.3974876403809,-8.92076110839844,"Female"
"9004153",371987,2025-05-17 03:31:47,42.3974533081055,-8.92065334320068,"Female"
"9004153",371987,2025-05-17 03:36:48,42.3976593017578,-8.92033767700195,"Female"
"9004153",371987,2025-05-17 03:41:48,42.3973693847656,-8.91948318481445,"Female"
"9004153",371987,2025-05-17 03:46:48,42.3977165222168,-8.92039203643799,"Female"
"9004153",371987,2025-05-17 03:51:50,42.3974761962891,-8.92003726959229,"Female"
"9004153",371987,2025-05-17 03:56:47,42.3974723815918,-8.92007064819336,"Female"
"9004153",371987,2025-05-17 04:01:47,42.3976554870605,-8.92003059387207,"Female"
"9004153",371987,2025-05-17 04:06:52,42.3981437683105,-8.92134284973145,"Female"
"9004153",371987,2025-05-17 04:11:53,42.3982162475586,-8.92159557342529,"Female"
"9004153",371987,2025-05-17 04:16:52,42.3974266052246,-8.91993618011475,"Female"
"9004153",371987,2025-05-17 04:21:53,42.3975257873535,-8.92078590393066,"Female"
"9004153",371987,2025-05-17 04:26:47,42.397632598877,-8.9202823638916,"Female"
"9004153",371987,2025-05-17 04:31:47,42.3976211547852,-8.92054080963135,"Female"
"9004153",371987,2025-05-17 04:36:51,42.3975410461426,-8.92078685760498,"Female"
"9004153",371987,2025-05-17 04:41:48,42.3976020812988,-8.92042255401611,"Female"
"9004153",371987,2025-05-17 04:46:52,42.3975448608398,-8.92075347900391,"Female"
"9004153",371987,2025-05-17 04:51:47,42.3975410461426,-8.92041873931885,"Female"
"9004153",371987,2025-05-17 04:56:55,42.3975715637207,-8.9208517074585,"Female"
"9004153",371987,2025-05-17 05:01:49,42.4001045227051,-8.92083168029785,"Female"
"9004153",371987,2025-05-17 05:06:50,42.40576171875,-8.92276191711426,"Female"
"9004153",371987,2025-05-17 05:11:48,42.4331703186035,-8.92492961883545,"Female"
"9004153",371987,2025-05-17 05:16:47,42.4640350341797,-8.94352245330811,"Female"
"9004153",371987,2025-05-17 05:21:47,42.4911689758301,-8.92721366882324,"Female"
"9004153",371987,2025-05-17 05:26:47,42.5163040161133,-8.90884399414062,"Female"
"9004153",371987,2025-05-17 05:31:47,42.5396614074707,-8.89401149749756,"Female"
"9004153",371987,2025-05-17 05:36:47,42.5413932800293,-8.89057445526123,"Female"
"9004153",371987,2025-05-17 05:41:49,42.5415420532227,-8.88888454437256,"Female"
"9004153",371987,2025-05-17 05:47:40,42.5426177978516,-8.88611602783203,"Female"
"9004153",371987,2025-05-17 05:53:00,42.5437927246094,-8.88442420959473,"Female"
"9004153",371987,2025-05-17 05:58:08,42.5449333190918,-8.8832893371582,"Female"
"9004153",371987,2025-05-17 06:03:07,42.5467109680176,-8.88256359100342,"Female"
"9004153",371987,2025-05-17 06:09:43,42.5501976013184,-8.88384056091309,"Female"
"9004153",371987,2025-05-17 06:15:30,42.5510787963867,-8.88396549224854,"Female"
"9004153",371987,2025-05-17 06:20:34,42.553279876709,-8.88455867767334,"Female"
"9004153",371987,2025-05-17 06:25:31,42.5531463623047,-8.88460254669189,"Female"
"9004153",371987,2025-05-17 06:30:37,42.5710563659668,-8.89230632781982,"Female"
"9004153",371987,2025-05-17 06:35:37,42.6009788513184,-8.87837505340576,"Female"
"9004153",371987,2025-05-17 06:42:01,42.6037178039551,-8.8748140335083,"Female"
"9004153",371987,2025-05-17 06:49:11,42.6044654846191,-8.87749195098877,"Female"
"9004153",371987,2025-05-17 06:54:35,42.6013374328613,-8.87666130065918,"Female"
"9004153",371987,2025-05-17 06:59:11,42.6013679504395,-8.8765697479248,"Female"
"9004153",371987,2025-05-17 07:04:11,42.6014671325684,-8.87674331665039,"Female"
"9004153",371987,2025-05-17 07:09:11,42.6014556884766,-8.87665271759033,"Female"
"9004153",371987,2025-05-17 07:14:11,42.60107421875,-8.87635898590088,"Female"
"9004153",371987,2025-05-17 07:19:11,42.6010780334473,-8.87629413604736,"Female"
"9004153",371987,2025-05-17 07:24:11,42.6012382507324,-8.87654590606689,"Female"
"9004153",371987,2025-05-17 07:29:11,42.6012840270996,-8.8765754699707,"Female"
"9004153",371987,2025-05-17 07:34:11,42.6027030944824,-8.87406063079834,"Female"
"9004153",371987,2025-05-17 07:39:46,42.6042327880859,-8.87101554870605,"Female"
"9004153",371987,2025-05-17 07:44:46,42.6032066345215,-8.87115669250488,"Female"
"9004153",371987,2025-05-17 07:49:53,42.601863861084,-8.8709077835083,"Female"
"9004153",371987,2025-05-17 07:55:22,42.6005630493164,-8.8696928024292,"Female"
"9004153",371987,2025-05-17 08:00:43,42.6003875732422,-8.87063980102539,"Female"
"9004153",371987,2025-05-17 08:06:03,42.6006660461426,-8.86905574798584,"Female"
"9004153",371987,2025-05-17 08:11:02,42.601188659668,-8.86877727508545,"Female"
"9004153",371987,2025-05-17 08:16:35,42.6011772155762,-8.86896896362305,"Female"
"9004153",371987,2025-05-17 08:21:36,42.6020278930664,-8.86836051940918,"Female"
"9004153",371987,2025-05-17 08:26:44,42.6034545898438,-8.86802959442139,"Female"
"9004153",371987,2025-05-17 08:31:43,42.6040496826172,-8.86708545684814,"Female"
"9004153",371987,2025-05-17 08:36:43,42.6040802001953,-8.86706161499023,"Female"
"9004153",371987,2025-05-17 08:41:43,42.6041221618652,-8.86724758148193,"Female"
"9004153",371987,2025-05-17 08:46:43,42.6041679382324,-8.86722278594971,"Female"
"9004153",371987,2025-05-17 08:51:43,42.604118347168,-8.86722278594971,"Female"
"9004153",371987,2025-05-17 08:56:43,42.6041526794434,-8.86721801757812,"Female"
"9004153",371987,2025-05-17 09:01:44,42.604190826416,-8.8672342300415,"Female"
"9004153",371987,2025-05-17 09:06:43,42.6041488647461,-8.86721801757812,"Female"
"9004153",371987,2025-05-17 09:11:43,42.6038360595703,-8.86690425872803,"Female"
"9004153",371987,2025-05-17 09:17:05,42.6041259765625,-8.86712265014648,"Female"
"9004153",371987,2025-05-17 09:21:43,42.6040954589844,-8.86711978912354,"Female"
"9004153",371987,2025-05-17 09:26:42,42.6040534973145,-8.86718082427979,"Female"
"9004153",371987,2025-05-17 09:31:43,42.604133605957,-8.86715412139893,"Female"
"9004153",371987,2025-05-17 09:36:42,42.6041069030762,-8.86710739135742,"Female"
"9004153",371987,2025-05-17 09:41:43,42.6039962768555,-8.86709690093994,"Female"
"9004153",371987,2025-05-17 09:46:43,42.6038208007812,-8.867262840271,"Female"
"9004153",371987,2025-05-17 09:51:43,42.6038513183594,-8.86721706390381,"Female"
"9004153",371987,2025-05-17 09:57:21,42.6036834716797,-8.86786460876465,"Female"
"9004153",371987,2025-05-17 10:03:05,42.6027565002441,-8.86762523651123,"Female"
"9004153",371987,2025-05-17 10:08:04,42.6025848388672,-8.866623878479,"Female"
"9004153",371987,2025-05-17 10:13:39,42.602481842041,-8.86669635772705,"Female"
"9004153",371987,2025-05-17 10:18:41,42.6029434204102,-8.86706447601318,"Female"
"9004153",371987,2025-05-17 10:23:41,42.6041831970215,-8.86706733703613,"Female"
"9004153",371987,2025-05-17 10:28:40,42.6042175292969,-8.86701011657715,"Female"
"9004153",371987,2025-05-17 10:33:40,42.6040840148926,-8.86700916290283,"Female"
"9004153",371987,2025-05-17 10:38:39,42.604133605957,-8.86699867248535,"Female"
"9004153",371987,2025-05-17 10:43:39,42.6041221618652,-8.86697006225586,"Female"
"9004153",371987,2025-05-17 10:48:40,42.6042900085449,-8.8668966293335,"Female"
"9004153",371987,2025-05-17 10:53:39,42.6043472290039,-8.86690521240234,"Female"
"9004153",371987,2025-05-17 10:59:05,42.6038589477539,-8.86574554443359,"Female"
"9004153",371987,2025-05-17 11:04:04,42.6036491394043,-8.86444759368896,"Female"
"9004153",371987,2025-05-17 11:09:39,42.6041984558105,-8.86424827575684,"Female"
"9004153",371987,2025-05-17 11:15:09,42.6035995483398,-8.86545562744141,"Female"
"9004153",371987,2025-05-17 11:20:08,42.6034851074219,-8.86642265319824,"Female"
"9004153",371987,2025-05-17 11:25:09,42.6039848327637,-8.86659908294678,"Female"
"9004153",371987,2025-05-17 11:30:08,42.6042594909668,-8.86717891693115,"Female"
"9004153",371987,2025-05-17 11:35:08,42.6042175292969,-8.86719512939453,"Female"
"9004153",371987,2025-05-17 11:40:08,42.604320526123,-8.86721611022949,"Female"
"9004153",371987,2025-05-17 11:45:08,42.6042327880859,-8.86693477630615,"Female"
"9004153",371987,2025-05-17 11:50:08,42.6043548583984,-8.86689949035645,"Female"
"9004153",371987,2025-05-17 11:55:08,42.6036376953125,-8.86794662475586,"Female"
"9004153",371987,2025-05-17 12:00:15,42.6022872924805,-8.86690998077393,"Female"
"9004153",371987,2025-05-17 12:05:28,42.6020011901855,-8.86638927459717,"Female"
"9004153",371987,2025-05-17 12:10:50,42.6008453369141,-8.86832046508789,"Female"
"9004153",371987,2025-05-17 12:15:49,42.6000862121582,-8.86898040771484,"Female"
"9004153",371987,2025-05-17 12:21:12,42.5995979309082,-8.87056446075439,"Female"
"9004153",371987,2025-05-17 12:26:30,42.5993499755859,-8.86956882476807,"Female"
"9004153",371987,2025-05-17 12:31:29,42.599308013916,-8.87115669250488,"Female"
"9004153",371987,2025-05-17 12:37:03,42.5993156433105,-8.87179946899414,"Female"
"9004153",371987,2025-05-17 12:42:48,42.5983428955078,-8.87402820587158,"Female"
"9004153",371987,2025-05-17 12:47:48,42.5975036621094,-8.875901222229,"Female"
"9004153",371987,2025-05-17 12:52:54,42.5967140197754,-8.87403964996338,"Female"
"9004153",371987,2025-05-17 12:57:54,42.5956764221191,-8.8738899230957,"Female"
"9004153",371987,2025-05-17 13:02:48,42.5945892333984,-8.87258148193359,"Female"
"9004153",371987,2025-05-17 13:08:05,42.593017578125,-8.87473201751709,"Female"
"9004153",371987,2025-05-17 13:12:43,42.592170715332,-8.87556648254395,"Female"
"9004153",371987,2025-05-17 13:17:44,42.5918197631836,-8.87545013427734,"Female"
"9004153",371987,2025-05-17 13:22:43,42.5907211303711,-8.87588882446289,"Female"
"9004153",371987,2025-05-17 13:27:43,42.5865173339844,-8.88022041320801,"Female"
"9004153",371987,2025-05-17 13:32:43,42.5636138916016,-8.89566040039062,"Female"
"9004153",371987,2025-05-17 13:37:43,42.5625915527344,-8.89552688598633,"Female"
"9004153",371987,2025-05-17 13:42:43,42.5613975524902,-8.89563179016113,"Female"
"9004153",371987,2025-05-17 13:47:43,42.5602874755859,-8.89556121826172,"Female"
"9004153",371987,2025-05-17 13:52:44,42.5587882995605,-8.89528465270996,"Female"
"9004153",371987,2025-05-17 13:57:44,42.5578155517578,-8.89501190185547,"Female"
"9004153",371987,2025-05-17 14:02:44,42.5561599731445,-8.8944206237793,"Female"
"9004153",371987,2025-05-17 14:09:19,42.5551490783691,-8.89210033416748,"Female"
"9004153",371987,2025-05-17 14:14:17,42.5507011413574,-8.89326000213623,"Female"
"9004153",371987,2025-05-17 14:19:18,42.5444564819336,-8.88832950592041,"Female"
"9004153",371987,2025-05-17 14:24:18,42.5444297790527,-8.88830757141113,"Female"
"9004153",371987,2025-05-17 14:29:18,42.5444526672363,-8.88826179504395,"Female"
"9004153",371987,2025-05-17 14:34:18,42.5444297790527,-8.88815593719482,"Female"
"9004153",371987,2025-05-17 14:39:18,42.5444145202637,-8.88822364807129,"Female"
"9004153",371987,2025-05-17 14:44:18,42.5444526672363,-8.88822078704834,"Female"
"9004153",371987,2025-05-17 14:49:18,42.5445404052734,-8.88826179504395,"Female"
"9004153",371987,2025-05-17 14:54:18,42.5444412231445,-8.88823413848877,"Female"
"9004153",371987,2025-05-17 14:59:18,42.5407562255859,-8.88663005828857,"Female"
"9004153",371987,2025-05-17 15:05:04,42.5389862060547,-8.88627624511719,"Female"
"9004153",371987,2025-05-17 15:10:05,42.5381088256836,-8.88521862030029,"Female"
"9004153",371987,2025-05-17 15:15:05,42.5366516113281,-8.88535594940186,"Female"
"9004153",371987,2025-05-17 15:20:04,42.536247253418,-8.90224266052246,"Female"
"9004153",371987,2025-05-17 15:25:03,42.536491394043,-8.90240287780762,"Female"
"9004153",371987,2025-05-17 15:30:04,42.5364723205566,-8.90234279632568,"Female"
"9004153",371987,2025-05-17 15:35:04,42.5365257263184,-8.90240478515625,"Female"
"9004153",371987,2025-05-17 15:40:31,42.5381889343262,-8.90283393859863,"Female"
"9004153",371987,2025-05-17 15:45:31,42.5395202636719,-8.90367603302002,"Female"
"9004153",371987,2025-05-17 15:50:42,42.5402603149414,-8.90470314025879,"Female"
"9004153",371987,2025-05-17 15:56:03,42.5402297973633,-8.90596485137939,"Female"
"9004153",371987,2025-05-17 16:01:07,42.5395011901855,-8.90781116485596,"Female"
"9004153",371987,2025-05-17 16:07:07,42.5390319824219,-8.90745639801025,"Female"
"9004153",371987,2025-05-17 16:12:08,42.5387840270996,-8.90756607055664,"Female"
"9004153",371987,2025-05-17 16:17:07,42.5384826660156,-8.90757465362549,"Female"
"9004153",371987,2025-05-17 16:22:07,42.5382843017578,-8.90751075744629,"Female"
"9004153",371987,2025-05-17 16:27:07,42.5085678100586,-8.922682762146,"Female"
"9004153",371987,2025-05-17 16:32:07,42.4807395935059,-8.93694114685059,"Female"
"9004153",371987,2025-05-17 16:37:07,42.4807434082031,-8.93695640563965,"Female"
"9004153",371987,2025-05-17 16:42:07,42.4807586669922,-8.93692302703857,"Female"
"9004153",371987,2025-05-17 16:47:07,42.4807090759277,-8.93698406219482,"Female"
"9004153",371987,2025-05-17 16:52:07,42.4806709289551,-8.93701362609863,"Female"
"9004153",371987,2025-05-17 16:57:07,42.4472770690918,-8.94346904754639,"Female"
"9004153",371987,2025-05-17 17:02:07,42.4074516296387,-8.92626857757568,"Female"
"9004153",371987,2025-05-17 17:07:07,42.3963775634766,-8.92057132720947,"Female"
"9004153",371987,2025-05-17 17:12:07,42.3964042663574,-8.92048740386963,"Female"
"9004153",371987,2025-05-17 17:17:07,42.3988494873047,-8.92408275604248,"Female"
"9004153",371987,2025-05-17 17:22:12,42.3975067138672,-8.92113590240479,"Female"
"9004153",371987,2025-05-17 17:27:29,42.3971939086914,-8.9213171005249,"Female"
"9004153",371987,2025-05-17 17:32:21,42.3971366882324,-8.92114734649658,"Female"
"9004153",371987,2025-05-17 17:37:24,42.3973579406738,-8.92108154296875,"Female"
"9004153",371987,2025-05-17 17:42:19,42.3973541259766,-8.92122077941895,"Female"
"9004153",371987,2025-05-17 17:47:09,42.3973159790039,-8.9211483001709,"Female"
"9004153",371987,2025-05-17 17:52:49,42.3974914550781,-8.92107009887695,"Female"
"9004153",371987,2025-05-17 17:57:10,42.3974571228027,-8.92083263397217,"Female"
"9004153",371987,2025-05-17 18:03:30,42.3975219726562,-8.92098140716553,"Female"
"9004153",371987,2025-05-17 18:07:10,42.3974266052246,-8.92105770111084,"Female"
"9004153",371987,2025-05-17 18:13:10,42.3975067138672,-8.92098617553711,"Female"
"9004153",371987,2025-05-17 18:17:24,42.3975410461426,-8.9210033416748,"Female"
"9004153",371987,2025-05-17 18:22:54,42.3975410461426,-8.92097473144531,"Female"
"9004153",371987,2025-05-17 18:27:31,42.3974876403809,-8.92097663879395,"Female"
"9004153",371987,2025-05-17 18:32:13,42.3975524902344,-8.92095184326172,"Female"
"9004153",371987,2025-05-17 18:37:11,42.3974533081055,-8.92129611968994,"Female"
"9004153",371987,2025-05-17 18:42:07,42.3974571228027,-8.92071723937988,"Female"
"9004153",371987,2025-05-17 18:48:30,42.3975639343262,-8.92095565795898,"Female"
"9004153",371987,2025-05-17 18:52:37,42.3976211547852,-8.92104721069336,"Female"
"9004153",371987,2025-05-17 18:58:30,42.3973655700684,-8.92085933685303,"Female"
"9004153",371987,2025-05-17 19:03:30,42.3974761962891,-8.92100048065186,"Female"
"9004153",371987,2025-05-17 19:08:25,42.3976669311523,-8.92111110687256,"Female"
"9004153",371987,2025-05-17 19:12:11,42.3976440429688,-8.92133808135986,"Female"
"9004153",371987,2025-05-17 19:17:30,42.3975105285645,-8.92110919952393,"Female"
"9004153",371987,2025-05-17 19:22:13,42.3975486755371,-8.92120456695557,"Female"
"9004153",371987,2025-05-17 19:27:22,42.3974647521973,-8.92095851898193,"Female"
"9004153",371987,2025-05-17 19:32:33,42.3975143432617,-8.92105007171631,"Female"
"9004153",371987,2025-05-17 19:37:06,42.3976440429688,-8.92084312438965,"Female"
"9004153",371987,2025-05-17 19:42:06,42.397590637207,-8.92094230651855,"Female"
"9004153",371987,2025-05-17 19:47:07,42.397575378418,-8.92089939117432,"Female"
"9004153",371987,2025-05-17 19:52:13,42.3975715637207,-8.92086410522461,"Female"
"9004153",371987,2025-05-17 19:57:10,42.3976554870605,-8.9210786819458,"Female"
"9004153",371987,2025-05-17 20:02:44,42.397590637207,-8.92091274261475,"Female"
"9004153",371987,2025-05-17 20:07:07,42.3977012634277,-8.9211368560791,"Female"
"9004153",371987,2025-05-17 20:12:07,42.3977355957031,-8.92107677459717,"Female"
"9004153",371987,2025-05-17 20:17:07,42.3977432250977,-8.92104148864746,"Female"
"9004153",371987,2025-05-17 20:22:07,42.3976898193359,-8.92098808288574,"Female"
"9004153",371987,2025-05-17 20:27:07,42.3977661132812,-8.92106533050537,"Female"
"9004153",371987,2025-05-17 20:32:07,42.3977317810059,-8.92103290557861,"Female"
"9004153",371987,2025-05-17 20:37:07,42.3978233337402,-8.92111301422119,"Female"
"9004153",371987,2025-05-17 20:42:07,42.3978080749512,-8.9210844039917,"Female"
"9004153",371987,2025-05-17 20:47:35,42.3975639343262,-8.92093372344971,"Female"
"9004153",371987,2025-05-17 20:52:06,42.3975257873535,-8.92082977294922,"Female"
"9004153",371987,2025-05-17 20:57:06,42.397533416748,-8.92095470428467,"Female"
"9004153",371987,2025-05-17 21:02:07,42.3975410461426,-8.92092418670654,"Female"
"9004153",371987,2025-05-17 21:07:07,42.3976707458496,-8.92101764678955,"Female"
"9004153",371987,2025-05-17 21:12:06,42.3976593017578,-8.92108917236328,"Female"
"9004153",371987,2025-05-17 21:17:06,42.3976249694824,-8.92106342315674,"Female"
"9004153",371987,2025-05-17 21:22:07,42.3976058959961,-8.9209680557251,"Female"
"9004153",371987,2025-05-17 21:27:07,42.3976249694824,-8.92102813720703,"Female"
"9004153",371987,2025-05-17 21:32:06,42.397647857666,-8.92109680175781,"Female"
"9004153",371987,2025-05-17 21:37:07,42.3975982666016,-8.92101955413818,"Female"
"9004153",371987,2025-05-17 21:42:07,42.3976020812988,-8.9210033416748,"Female"
"9004153",371987,2025-05-17 21:47:07,42.3975944519043,-8.92111301422119,"Female"
"9004153",371987,2025-05-17 21:52:07,42.3975791931152,-8.92109394073486,"Female"
"9004153",371987,2025-05-17 21:57:07,42.3976287841797,-8.92112731933594,"Female"
"9004153",371987,2025-05-17 22:02:07,42.3976249694824,-8.92115211486816,"Female"
"9004153",371987,2025-05-17 22:07:07,42.3976135253906,-8.92107772827148,"Female"
"9004153",371987,2025-05-17 22:12:07,42.3976020812988,-8.92113208770752,"Female"
"9004153",371987,2025-05-17 22:17:07,42.3976173400879,-8.92119884490967,"Female"
"9004153",371987,2025-05-17 22:22:07,42.3975563049316,-8.92105960845947,"Female"
"9004153",371987,2025-05-17 22:27:07,42.3975372314453,-8.92117500305176,"Female"
"9004153",371987,2025-05-17 22:32:07,42.3975524902344,-8.92105579376221,"Female"
"9004153",371987,2025-05-17 22:37:07,42.3975296020508,-8.921067237854,"Female"
"9004153",371987,2025-05-17 22:42:35,42.3974800109863,-8.92089366912842,"Female"
"9004153",371987,2025-05-17 22:47:06,42.3974990844727,-8.92093372344971,"Female"
"9004153",371987,2025-05-17 22:52:06,42.3974914550781,-8.92092132568359,"Female"
"9004153",371987,2025-05-17 22:57:06,42.3974876403809,-8.92094612121582,"Female"
"9004153",371987,2025-05-17 23:02:07,42.3974914550781,-8.92085075378418,"Female"
"9004153",371987,2025-05-17 23:07:07,42.3974876403809,-8.92080974578857,"Female"
"9004153",371987,2025-05-17 23:12:06,42.3975677490234,-8.92081832885742,"Female"
"9004153",371987,2025-05-17 23:17:06,42.397533416748,-8.92098045349121,"Female"
"9004153",371987,2025-05-17 23:22:08,42.3975486755371,-8.92095375061035,"Female"
"9004153",371987,2025-05-17 23:27:09,42.3975448608398,-8.92100524902344,"Female"
"9004153",371987,2025-05-17 23:32:11,42.3975563049316,-8.92095756530762,"Female"
"9004153",371987,2025-05-17 23:37:35,42.3975524902344,-8.92091751098633,"Female"
"9004153",371987,2025-05-17 23:42:06,42.3974266052246,-8.92081737518311,"Female"
"9004153",371987,2025-05-17 23:47:06,42.3975372314453,-8.92096042633057,"Female"
"9004153",371987,2025-05-17 23:52:06,42.3975372314453,-8.92083263397217,"Female"
"9004153",371987,2025-05-17 23:57:07,42.3975830078125,-8.92088508605957,"Female"
"9004153",371987,2025-05-18 00:02:06,42.3975830078125,-8.92091369628906,"Female"
"9004153",371987,2025-05-18 00:07:07,42.3975563049316,-8.92092704772949,"Female"
"9004153",371987,2025-05-18 00:12:07,42.3975143432617,-8.92089080810547,"Female"
"9004153",371987,2025-05-18 00:17:07,42.3975524902344,-8.92086124420166,"Female"
"9004153",371987,2025-05-18 00:22:07,42.397533416748,-8.92083930969238,"Female"
"9004153",371987,2025-05-18 00:27:06,42.3974952697754,-8.9208345413208,"Female"
"9004153",371987,2025-05-18 00:32:07,42.3975372314453,-8.9208869934082,"Female"
"9004153",371987,2025-05-18 00:37:07,42.397533416748,-8.92091274261475,"Female"
"9004153",371987,2025-05-18 00:42:06,42.397518157959,-8.92092132568359,"Female"
"9004153",371987,2025-05-18 00:47:09,42.3975219726562,-8.92089939117432,"Female"
"9004153",371987,2025-05-18 00:52:07,42.3974494934082,-8.92077445983887,"Female"
"9004153",371987,2025-05-18 00:57:07,42.3974838256836,-8.92082786560059,"Female"
"9004153",371987,2025-05-18 01:02:07,42.3974914550781,-8.92081737518311,"Female"
"9004153",371987,2025-05-18 01:07:07,42.3974647521973,-8.92083644866943,"Female"
"9004153",371987,2025-05-18 01:12:07,42.3974723815918,-8.92084407806396,"Female"
"9004153",371987,2025-05-18 01:17:07,42.3974494934082,-8.92096900939941,"Female"
"9004153",371987,2025-05-18 01:22:07,42.3975105285645,-8.92079448699951,"Female"
"9004153",371987,2025-05-18 01:27:07,42.3974876403809,-8.920823097229,"Female"
"9004153",371987,2025-05-18 01:32:07,42.3975143432617,-8.92117023468018,"Female"
"9004153",371987,2025-05-18 01:37:07,42.3974647521973,-8.92078971862793,"Female"
"9004153",371987,2025-05-18 01:42:07,42.3974952697754,-8.92099857330322,"Female"
"9004153",371987,2025-05-18 01:47:07,42.3975028991699,-8.92090606689453,"Female"
"9004153",371987,2025-05-18 01:52:07,42.3975639343262,-8.92132949829102,"Female"
"9004153",371987,2025-05-18 01:57:07,42.3975677490234,-8.92110919952393,"Female"
"9004153",371987,2025-05-18 02:02:07,42.3975563049316,-8.92115688323975,"Female"
"9004153",371987,2025-05-18 02:07:07,42.3975601196289,-8.92121982574463,"Female"
"9004153",371987,2025-05-18 02:12:26,42.3975486755371,-8.92076587677002,"Female"
"9004153",371987,2025-05-18 02:17:35,42.3975257873535,-8.92085933685303,"Female"
"9004153",371987,2025-05-18 02:22:07,42.3975067138672,-8.92075634002686,"Female"
"9004153",371987,2025-05-18 02:27:07,42.3974761962891,-8.92074108123779,"Female"
"9004153",371987,2025-05-18 02:32:07,42.3975448608398,-8.92088603973389,"Female"
"9004153",371987,2025-05-18 02:37:07,42.397575378418,-8.92111968994141,"Female"
"9004153",371987,2025-05-18 02:42:07,42.3975143432617,-8.92079925537109,"Female"
"9004153",371987,2025-05-18 02:47:07,42.3975715637207,-8.92084980010986,"Female"
"9004153",371987,2025-05-18 02:52:10,42.3975524902344,-8.92075729370117,"Female"
"9004153",371987,2025-05-18 02:57:10,42.3977394104004,-8.9211311340332,"Female"
"9004153",371987,2025-05-18 03:02:12,42.3975677490234,-8.92080688476562,"Female"
"9004153",371987,2025-05-18 03:07:16,42.3976364135742,-8.92093181610107,"Female"
"9004153",371987,2025-05-18 03:12:13,42.3976020812988,-8.92077732086182,"Female"
"9004153",371987,2025-05-18 03:17:09,42.397575378418,-8.9206485748291,"Female"
"9004153",371987,2025-05-18 03:22:08,42.3976364135742,-8.9208402633667,"Female"
"9004153",371987,2025-05-18 03:27:14,42.3976669311523,-8.92073726654053,"Female"
"9004153",371987,2025-05-18 03:32:07,42.3976402282715,-8.92054080963135,"Female"
"9004153",371987,2025-05-18 03:37:07,42.3975715637207,-8.92054462432861,"Female"
"9004153",371987,2025-05-18 03:42:08,42.3976020812988,-8.92052745819092,"Female"
"9004153",371987,2025-05-18 03:47:08,42.397590637207,-8.92060470581055,"Female"
"9004153",371987,2025-05-18 03:52:08,42.3976135253906,-8.92056751251221,"Female"
"9004153",371987,2025-05-18 03:57:07,42.3975791931152,-8.92066192626953,"Female"
"9004153",371987,2025-05-18 04:02:35,42.3974990844727,-8.92064476013184,"Female"
"9004153",371987,2025-05-18 04:07:07,42.397518157959,-8.92071056365967,"Female"
"9004153",371987,2025-05-18 04:12:07,42.3974685668945,-8.92052555084229,"Female"
"9004153",371987,2025-05-18 04:17:07,42.3975105285645,-8.92071437835693,"Female"
"9004153",371987,2025-05-18 04:22:07,42.3975028991699,-8.92069435119629,"Female"
"9004153",371987,2025-05-18 04:27:07,42.3975410461426,-8.92078304290771,"Female"
"9004153",371987,2025-05-18 04:32:07,42.3974990844727,-8.92080211639404,"Female"
"9004153",371987,2025-05-18 04:37:07,42.3975944519043,-8.92073822021484,"Female"
"9004153",371987,2025-05-18 04:42:07,42.3975791931152,-8.92079830169678,"Female"
"9004153",371987,2025-05-18 04:47:07,42.3975410461426,-8.92072868347168,"Female"
"9004153",371987,2025-05-18 04:52:10,42.3975257873535,-8.91977310180664,"Female"
"9004153",371987,2025-05-18 04:57:07,42.3975143432617,-8.92058944702148,"Female"
"9004153",371987,2025-05-18 05:02:06,42.3975219726562,-8.92076206207275,"Female"
"9004153",371987,2025-05-18 05:07:07,42.3974571228027,-8.9203987121582,"Female"
"9004153",371987,2025-05-18 05:12:06,42.397518157959,-8.92078304290771,"Female"
"9004153",371987,2025-05-18 05:17:13,42.4118461608887,-8.91977405548096,"Female"
"9004153",371987,2025-05-18 05:22:33,42.4453086853027,-8.92661285400391,"Female"
"9004153",371987,2025-05-18 05:27:06,42.4729080200195,-8.94207000732422,"Female"
"9004153",371987,2025-05-18 05:32:07,42.4875755310059,-8.93497180938721,"Female"
"9004153",371987,2025-05-18 05:37:06,42.5012855529785,-8.92598438262939,"Female"
"9004153",371987,2025-05-18 05:42:06,42.5272064208984,-8.91018867492676,"Female"
"9004153",371987,2025-05-18 05:47:06,42.5443878173828,-8.9029712677002,"Female"
"9004153",371987,2025-05-18 05:52:56,42.5460510253906,-8.9028205871582,"Female"
"9004153",371987,2025-05-18 05:57:55,42.5590019226074,-8.89503383636475,"Female"
"9004153",371987,2025-05-18 06:02:55,42.5873947143555,-8.88350200653076,"Female"
"9004153",371987,2025-05-18 06:08:30,42.6049194335938,-8.87412929534912,"Female"
"9004153",371987,2025-05-18 06:13:54,42.6052703857422,-8.87491416931152,"Female"
"9004153",371987,2025-05-18 06:19:16,42.6043739318848,-8.87574291229248,"Female"
"9004153",371987,2025-05-18 06:24:31,42.6016998291016,-8.87664985656738,"Female"
"9004153",371987,2025-05-18 06:29:17,42.6018180847168,-8.87678909301758,"Female"
"9004153",371987,2025-05-18 06:34:35,42.6017112731934,-8.87662696838379,"Female"
"9004153",371987,2025-05-18 06:39:15,42.6020278930664,-8.87644195556641,"Female"
"9004153",371987,2025-05-18 06:44:18,42.6015090942383,-8.87657737731934,"Female"
"9004153",371987,2025-05-18 06:49:22,42.6016960144043,-8.87661647796631,"Female"
"9004153",371987,2025-05-18 06:54:15,42.601806640625,-8.87659358978271,"Female"
"9004153",371987,2025-05-18 06:59:15,42.601676940918,-8.87648677825928,"Female"
"9004153",371987,2025-05-18 07:04:15,42.6016807556152,-8.87649726867676,"Female"
"9004153",371987,2025-05-18 07:09:15,42.6016883850098,-8.8764705657959,"Female"
"9004153",371987,2025-05-18 07:14:15,42.6017456054688,-8.87642955780029,"Female"
"9004153",371987,2025-05-18 07:19:15,42.6032829284668,-8.87507629394531,"Female"
"9004153",371987,2025-05-18 07:24:50,42.604621887207,-8.87436676025391,"Female"
"9004153",371987,2025-05-18 07:30:22,42.6052627563477,-8.87350177764893,"Female"
"9004153",371987,2025-05-18 07:35:31,42.6056060791016,-8.87314033508301,"Female"
"9004153",371987,2025-05-18 07:40:57,42.6050567626953,-8.87319087982178,"Female"
"9004153",371987,2025-05-18 07:45:58,42.6044006347656,-8.8735876083374,"Female"
"9004153",371987,2025-05-18 07:50:58,42.603759765625,-8.87308597564697,"Female"
"9004153",371987,2025-05-18 07:55:58,42.6038055419922,-8.87322235107422,"Female"
"9004153",371987,2025-05-18 08:00:58,42.6037712097168,-8.87320041656494,"Female"
"9004153",371987,2025-05-18 08:05:58,42.6037826538086,-8.87319087982178,"Female"
"9004153",371987,2025-05-18 08:11:34,42.6045112609863,-8.87271213531494,"Female"
"9004153",371987,2025-05-18 08:16:35,42.6050300598145,-8.87184047698975,"Female"
"9004153",371987,2025-05-18 08:21:34,42.605899810791,-8.87112331390381,"Female"
"9004153",371987,2025-05-18 08:27:08,42.607048034668,-8.87107849121094,"Female"
"9004153",371987,2025-05-18 08:32:34,42.6067504882812,-8.8726053237915,"Female"
"9004153",371987,2025-05-18 08:37:35,42.6062698364258,-8.87346363067627,"Female"
"9004153",371987,2025-05-18 08:43:25,42.6038475036621,-8.87513446807861,"Female"
"9004153",371987,2025-05-18 08:50:29,42.6015701293945,-8.87653827667236,"Female"
"9004153",371987,2025-05-18 08:54:51,42.6016998291016,-8.8765983581543,"Female"
"9004153",371987,2025-05-18 08:59:51,42.601676940918,-8.87650966644287,"Female"
"9004153",371987,2025-05-18 09:04:51,42.6016998291016,-8.87653827667236,"Female"
"9004153",371987,2025-05-18 09:09:51,42.6017227172852,-8.87655925750732,"Female"
"9004153",371987,2025-05-18 09:14:51,42.6016731262207,-8.87653732299805,"Female"
"9004153",371987,2025-05-18 09:19:53,42.6008224487305,-8.87656307220459,"Female"
"9004153",371987,2025-05-18 09:24:53,42.5994682312012,-8.87724876403809,"Female"
"9004153",371987,2025-05-18 09:30:00,42.5936088562012,-8.87989807128906,"Female"
"9004153",371987,2025-05-18 09:34:54,42.5928039550781,-8.88155937194824,"Female"
"9004153",371987,2025-05-18 09:39:53,42.5919342041016,-8.8827600479126,"Female"
"9004153",371987,2025-05-18 09:44:51,42.5873870849609,-8.88561630249023,"Female"
"9004153",371987,2025-05-18 09:49:57,42.5751800537109,-8.88865184783936,"Female"
"9004153",371987,2025-05-18 09:54:51,42.5751419067383,-8.88850688934326,"Female"
"9004153",371987,2025-05-18 09:59:54,42.5751075744629,-8.88858222961426,"Female"
"9004153",371987,2025-05-18 10:04:54,42.5689544677734,-8.89162731170654,"Female"
"9004153",371987,2025-05-18 10:10:11,42.5527687072754,-8.89964485168457,"Female"
"9004153",371987,2025-05-18 10:14:52,42.5527534484863,-8.89984798431396,"Female"
"9004153",371987,2025-05-18 10:19:53,42.5521926879883,-8.9000186920166,"Female"
"9004153",371987,2025-05-18 10:24:54,42.5366630554199,-8.90722751617432,"Female"
"9004153",371987,2025-05-18 10:29:57,42.5327491760254,-8.90987110137939,"Female"
"9004153",371987,2025-05-18 10:34:52,42.5327072143555,-8.90940093994141,"Female"
"9004153",371987,2025-05-18 10:40:02,42.5133819580078,-8.91590309143066,"Female"
"9004153",371987,2025-05-18 10:44:59,42.5127182006836,-8.91567420959473,"Female"
"9004153",371987,2025-05-18 10:50:15,42.5116920471191,-8.91499423980713,"Female"
"9004153",371987,2025-05-18 10:55:14,42.5015106201172,-8.91695213317871,"Female"
"9004153",371987,2025-05-18 10:59:51,42.5015602111816,-8.91694736480713,"Female"
"9004153",371987,2025-05-18 11:04:50,42.4992179870605,-8.91888618469238,"Female"
"9004153",371987,2025-05-18 11:09:51,42.4926605224609,-8.92517852783203,"Female"
"9004153",371987,2025-05-18 11:14:51,42.4851570129395,-8.93409538269043,"Female"
"9004153",371987,2025-05-18 11:19:51,42.4795417785645,-8.93852615356445,"Female"
"9004153",371987,2025-05-18 11:24:51,42.4709281921387,-8.94198131561279,"Female"
"9004153",371987,2025-05-18 11:30:09,42.4546699523926,-8.94599437713623,"Female"
"9004153",371987,2025-05-18 11:34:55,42.453929901123,-8.94629287719727,"Female"
"9004153",371987,2025-05-18 11:39:52,42.4401588439941,-8.94189262390137,"Female"
"9004153",371987,2025-05-18 11:45:00,42.4321136474609,-8.93899059295654,"Female"
"9004153",371987,2025-05-18 11:50:23,42.4163703918457,-8.92994689941406,"Female"
"9004153",371987,2025-05-18 11:54:53,42.3971672058105,-8.92046546936035,"Female"
"9004153",371987,2025-05-18 12:00:19,42.3975563049316,-8.92072868347168,"Female"
"9004153",371987,2025-05-18 12:05:00,42.3973350524902,-8.92088031768799,"Female"
"9004153",371987,2025-05-18 12:09:54,42.3969841003418,-8.92097949981689,"Female"
"9004153",371987,2025-05-18 12:14:54,42.3974609375,-8.92074394226074,"Female"
"9004153",371987,2025-05-18 12:19:54,42.3974113464355,-8.92073059082031,"Female"
"9004153",371987,2025-05-18 12:25:00,42.3975410461426,-8.92080020904541,"Female"
"9004153",371987,2025-05-18 12:30:04,42.3974456787109,-8.92076206207275,"Female"
"9004153",371987,2025-05-18 12:35:05,42.3974494934082,-8.92014980316162,"Female"
"9004153",371987,2025-05-18 12:40:23,42.3974113464355,-8.9210205078125,"Female"
"9004153",371987,2025-05-18 12:45:00,42.3974723815918,-8.92105197906494,"Female"
"9004153",371987,2025-05-18 12:49:54,42.397346496582,-8.92105293273926,"Female"
"9004153",371987,2025-05-18 12:54:56,42.3974113464355,-8.92099857330322,"Female"
"9004153",371987,2025-05-18 12:59:54,42.3974952697754,-8.9210786819458,"Female"
"9004153",371987,2025-05-18 13:05:01,42.3974571228027,-8.92109394073486,"Female"
"9004153",371987,2025-05-18 13:10:00,42.3975715637207,-8.92070198059082,"Female"
"9004153",371987,2025-05-18 13:14:58,42.3974952697754,-8.92091178894043,"Female"
"9004153",371987,2025-05-18 13:19:53,42.3974876403809,-8.92097091674805,"Female"
"9004153",371987,2025-05-18 13:24:53,42.3974456787109,-8.92090797424316,"Female"
"9004153",371987,2025-05-18 13:29:58,42.3974151611328,-8.9207706451416,"Female"
"9004153",371987,2025-05-18 13:34:53,42.3974113464355,-8.92090606689453,"Female"
"9004153",371987,2025-05-18 13:39:51,42.3974266052246,-8.92105865478516,"Female"
"9004153",371987,2025-05-18 13:44:51,42.3974876403809,-8.92108249664307,"Female"
"9004153",371987,2025-05-18 13:49:51,42.3974914550781,-8.92111968994141,"Female"
"9004153",371987,2025-05-18 13:55:27,42.3974800109863,-8.92084980010986,"Female"
"9004153",371987,2025-05-18 13:59:52,42.3975563049316,-8.92097854614258,"Female"
"9004153",371987,2025-05-18 14:04:53,42.3976058959961,-8.92112636566162,"Female"
"9004153",371987,2025-05-18 14:09:52,42.3975677490234,-8.92112350463867,"Female"
"9004153",371987,2025-05-18 14:14:52,42.3974227905273,-8.92075538635254,"Female"
"9004153",371987,2025-05-18 14:20:25,42.3974266052246,-8.92079067230225,"Female"
"9004153",371987,2025-05-18 14:24:59,42.397388458252,-8.92076206207275,"Female"
"9004153",371987,2025-05-18 14:29:54,42.397575378418,-8.92089366912842,"Female"
"9004153",371987,2025-05-18 14:34:54,42.3975448608398,-8.92097663879395,"Female"
"9004153",371987,2025-05-18 14:39:50,42.3984146118164,-8.91911697387695,"Female"
"9004153",371987,2025-05-18 14:44:50,42.3987808227539,-8.91915035247803,"Female"
"9004153",371987,2025-05-18 14:49:51,42.3978118896484,-8.92014503479004,"Female"
"9004153",371987,2025-05-18 14:55:00,42.3977737426758,-8.92009353637695,"Female"
"9004153",371987,2025-05-18 14:59:51,42.3977966308594,-8.92013835906982,"Female"
"9004153",371987,2025-05-18 15:04:51,42.3977584838867,-8.92029857635498,"Female"
"9004153",371987,2025-05-18 15:09:51,42.3978004455566,-8.92006587982178,"Female"
"9004153",371987,2025-05-18 15:14:51,42.3978004455566,-8.92005348205566,"Female"
"9004153",371987,2025-05-18 15:19:51,42.3977737426758,-8.9200611114502,"Female"
"9004153",371987,2025-05-18 15:25:03,42.3980712890625,-8.92008113861084,"Female"
"9004153",371987,2025-05-18 15:29:51,42.3975257873535,-8.91985034942627,"Female"
"9004153",371987,2025-05-18 15:34:51,42.3975067138672,-8.92064952850342,"Female"
"9004153",371987,2025-05-18 15:39:51,42.3973007202148,-8.92068290710449,"Female"
"9004153",371987,2025-05-18 15:44:59,42.3977432250977,-8.92042350769043,"Female"
"9004153",371987,2025-05-18 15:49:53,42.3978576660156,-8.92005062103271,"Female"
"9004153",371987,2025-05-18 15:55:00,42.3976707458496,-8.92032718658447,"Female"
"9004153",371987,2025-05-18 15:59:53,42.3974075317383,-8.92092514038086,"Female"
"9004153",371987,2025-05-18 16:04:58,42.3976364135742,-8.9202184677124,"Female"
"9004153",371987,2025-05-18 16:09:57,42.3975868225098,-8.9202127456665,"Female"
"9004153",371987,2025-05-18 16:14:58,42.3975639343262,-8.9202299118042,"Female"
"9004153",371987,2025-05-18 16:19:59,42.3975143432617,-8.92028331756592,"Female"
"9004153",371987,2025-05-18 16:25:00,42.3974838256836,-8.92026615142822,"Female"
"9004153",371987,2025-05-18 16:30:00,42.3974685668945,-8.92032241821289,"Female"
"9004153",371987,2025-05-18 16:35:00,42.3974266052246,-8.92035865783691,"Female"
"9004153",371987,2025-05-18 16:40:00,42.3973999023438,-8.92049598693848,"Female"
"9004153",371987,2025-05-18 16:45:02,42.3974075317383,-8.92061424255371,"Female"
"9004153",371987,2025-05-18 16:50:02,42.3973846435547,-8.92069625854492,"Female"
"9004153",371987,2025-05-18 16:55:05,42.3974189758301,-8.9208402633667,"Female"
"9004153",371987,2025-05-18 17:00:08,42.3973999023438,-8.92090320587158,"Female"
"9004153",371987,2025-05-18 17:05:04,42.3975448608398,-8.92113208770752,"Female"
"9004153",371987,2025-05-18 17:10:11,42.3974685668945,-8.92074489593506,"Female"
"9004153",371987,2025-05-18 17:14:51,42.3973808288574,-8.92036914825439,"Female"
"9004153",371987,2025-05-18 17:19:51,42.3974456787109,-8.9203405380249,"Female"
"9004153",371987,2025-05-18 17:24:51,42.397403717041,-8.92041492462158,"Female"
"9004153",371987,2025-05-18 17:29:51,42.3973999023438,-8.92066669464111,"Female"
"9004153",371987,2025-05-18 17:34:51,42.3978843688965,-8.92101192474365,"Female"
"9004153",371987,2025-05-18 17:39:52,42.3979034423828,-8.92114162445068,"Female"
"9004153",371987,2025-05-18 17:44:51,42.3979339599609,-8.92133045196533,"Female"
"9004153",371987,2025-05-18 17:50:09,42.3979187011719,-8.92087459564209,"Female"
"9004153",371987,2025-05-18 17:55:14,42.3974800109863,-8.92072677612305,"Female"
"9004153",371987,2025-05-18 17:59:51,42.3975639343262,-8.92086601257324,"Female"
"9004153",371987,2025-05-18 18:04:54,42.397819519043,-8.92226123809814,"Female"
"9004153",371987,2025-05-18 18:09:54,42.3979454040527,-8.92228698730469,"Female"
"9004153",371987,2025-05-18 18:14:57,42.3975410461426,-8.92117118835449,"Female"
"9004153",371987,2025-05-18 18:19:51,42.3978004455566,-8.92179298400879,"Female"
"9004153",371987,2025-05-18 18:24:53,42.3977737426758,-8.92165565490723,"Female"
"9004153",371987,2025-05-18 18:29:51,42.3977317810059,-8.92138576507568,"Female"
"9004153",371987,2025-05-18 18:35:02,42.398796081543,-8.92497634887695,"Female"
"9004153",371987,2025-05-18 18:40:03,42.3984260559082,-8.92355155944824,"Female"
"9004153",371987,2025-05-18 18:45:23,42.3976249694824,-8.92078876495361,"Female"
"9004153",371987,2025-05-18 18:49:51,42.3974914550781,-8.92093467712402,"Female"
"9004153",371987,2025-05-18 18:54:50,42.397518157959,-8.92085266113281,"Female"
"9004153",371987,2025-05-18 18:59:50,42.3975677490234,-8.92087173461914,"Female"
"9004153",371987,2025-05-18 19:04:50,42.3974838256836,-8.92089366912842,"Female"
"9004153",371987,2025-05-18 19:09:50,42.3974876403809,-8.92087459564209,"Female"
"9004153",371987,2025-05-18 19:14:50,42.3974761962891,-8.92086219787598,"Female"
"9004153",371987,2025-05-18 19:19:50,42.3975028991699,-8.92086696624756,"Female"
"9004153",371987,2025-05-18 19:24:50,42.3975105285645,-8.92086791992188,"Female"
"9004153",371987,2025-05-18 19:29:50,42.3974990844727,-8.92092227935791,"Female"
"9004153",371987,2025-05-18 19:34:50,42.397518157959,-8.92088794708252,"Female"
"9004153",371987,2025-05-18 19:39:50,42.3975524902344,-8.92096710205078,"Female"
"9004153",371987,2025-05-18 19:44:51,42.3975410461426,-8.9208869934082,"Female"
"9004153",371987,2025-05-18 19:49:50,42.3975296020508,-8.92090034484863,"Female"
"9004153",371987,2025-05-18 19:54:51,42.3975067138672,-8.92085647583008,"Female"
"9004153",371987,2025-05-18 20:00:14,42.3974838256836,-8.92077922821045,"Female"
"9004153",371987,2025-05-18 20:04:53,42.3974609375,-8.92075252532959,"Female"
"9004153",371987,2025-05-18 20:09:50,42.3976440429688,-8.92111301422119,"Female"
"9004153",371987,2025-05-18 20:14:51,42.3975028991699,-8.92081642150879,"Female"
"9004153",371987,2025-05-18 20:19:53,42.397533416748,-8.9209041595459,"Female"
"9004153",371987,2025-05-18 20:24:51,42.3973541259766,-8.92074871063232,"Female"
"9004153",371987,2025-05-18 20:29:51,42.3973731994629,-8.9207592010498,"Female"
"9004153",371987,2025-05-18 20:34:51,42.3974685668945,-8.92084789276123,"Female"
"9004153",371987,2025-05-18 20:39:52,42.3974075317383,-8.92079830169678,"Female"
"9004153",371987,2025-05-18 20:44:52,42.3975448608398,-8.92096138000488,"Female"
"9004153",371987,2025-05-18 20:49:52,42.3976058959961,-8.92105579376221,"Female"
"9004153",371987,2025-05-18 20:54:53,42.3976211547852,-8.92107677459717,"Female"
"9004153",371987,2025-05-18 20:59:53,42.3975524902344,-8.92093086242676,"Female"
"9004153",371987,2025-05-18 21:04:54,42.3977165222168,-8.92122840881348,"Female"
"9004153",371987,2025-05-18 21:09:54,42.3978233337402,-8.9214448928833,"Female"
"9004153",371987,2025-05-18 21:14:54,42.3979225158691,-8.92155075073242,"Female"
"9004153",371987,2025-05-18 21:19:54,42.3978385925293,-8.92139530181885,"Female"
"9004153",371987,2025-05-18 21:24:54,42.3978042602539,-8.92142486572266,"Female"
"9004153",371987,2025-05-18 21:29:54,42.3978004455566,-8.92144966125488,"Female"
"9004153",371987,2025-05-18 21:35:11,42.3974800109863,-8.92075729370117,"Female"
"9004153",371987,2025-05-18 21:39:50,42.3975296020508,-8.92063331604004,"Female"
"9004153",371987,2025-05-18 21:44:58,42.3973846435547,-8.92062568664551,"Female"
"9004153",371987,2025-05-18 21:49:57,42.3973350524902,-8.92073822021484,"Female"
"9004153",371987,2025-05-18 21:54:52,42.3972358703613,-8.92049217224121,"Female"
"9004153",371987,2025-05-18 21:59:53,42.3973770141602,-8.9205846786499,"Female"
"9004153",371987,2025-05-18 22:04:54,42.3974761962891,-8.92082405090332,"Female"
"9004153",371987,2025-05-18 22:09:55,42.3972816467285,-8.92049694061279,"Female"
"9004153",371987,2025-05-18 22:14:57,42.3973045349121,-8.92049694061279,"Female"
"9004153",371987,2025-05-18 22:20:13,42.3970489501953,-8.92094039916992,"Female"
"9004153",371987,2025-05-18 22:24:55,42.397403717041,-8.92068767547607,"Female"
"9004153",371987,2025-05-18 22:29:54,42.3975067138672,-8.92087459564209,"Female"
"9004153",371987,2025-05-18 22:35:08,42.3973083496094,-8.92079830169678,"Female"
"9004153",371987,2025-05-18 22:40:10,42.3974304199219,-8.92076683044434,"Female"
"9004153",371987,2025-05-18 22:45:00,42.3970603942871,-8.92094230651855,"Female"
"9004153",371987,2025-05-18 22:50:16,42.3972587585449,-8.92083072662354,"Female"
"9004153",371987,2025-05-18 22:55:03,42.397533416748,-8.9207592010498,"Female"
"9004153",371987,2025-05-18 23:00:02,42.3974418640137,-8.92071056365967,"Female"
"9004153",371987,2025-05-18 23:05:04,42.3974952697754,-8.92072677612305,"Female"
"9004153",371987,2025-05-18 23:10:04,42.3974838256836,-8.92077922821045,"Female"
"9004153",371987,2025-05-18 23:15:04,42.3976440429688,-8.92085361480713,"Female"
"9004153",371987,2025-05-18 23:20:03,42.3974304199219,-8.92084980010986,"Female"
"9004153",371987,2025-05-18 23:25:00,42.3970336914062,-8.92065143585205,"Female"
"9004153",371987,2025-05-18 23:30:14,42.3975028991699,-8.92078399658203,"Female"
"9004153",371987,2025-05-18 23:35:00,42.3975372314453,-8.92071342468262,"Female"
"9004153",371987,2025-05-18 23:40:00,42.3974151611328,-8.92052936553955,"Female"
"9004153",371987,2025-05-18 23:45:02,42.3974952697754,-8.92056465148926,"Female"
"9004153",371987,2025-05-18 23:50:23,42.3974876403809,-8.92079925537109,"Female"
"9004153",371987,2025-05-18 23:54:51,42.3974685668945,-8.92073822021484,"Female"
"9004153",371987,2025-05-18 23:59:51,42.3975067138672,-8.92087745666504,"Female"
"9004153",371987,2025-05-19 00:04:52,42.3974876403809,-8.92071533203125,"Female"
"9004153",371987,2025-05-19 00:09:51,42.3975257873535,-8.92085552215576,"Female"
"9004153",371987,2025-05-19 00:14:51,42.3974418640137,-8.92084407806396,"Female"
"9004153",371987,2025-05-19 00:19:51,42.3974418640137,-8.92068004608154,"Female"
"9004153",371987,2025-05-19 00:24:51,42.3975067138672,-8.92081260681152,"Female"
"9004153",371987,2025-05-19 00:29:51,42.3974113464355,-8.92079162597656,"Female"
"9004153",371987,2025-05-19 00:34:51,42.3974914550781,-8.92080497741699,"Female"
"9004153",371987,2025-05-19 00:39:51,42.3974838256836,-8.92082691192627,"Female"
"9004153",371987,2025-05-19 00:44:50,42.3975143432617,-8.92082500457764,"Female"
"9004153",371987,2025-05-19 00:49:51,42.3975372314453,-8.92085361480713,"Female"
"9004153",371987,2025-05-19 00:54:50,42.3974685668945,-8.92080116271973,"Female"
"9004153",371987,2025-05-19 00:59:50,42.3973999023438,-8.92080974578857,"Female"
"9004153",371987,2025-05-19 01:04:51,42.3974418640137,-8.92080688476562,"Female"
"9004153",371987,2025-05-19 01:09:51,42.3973083496094,-8.92070293426514,"Female"
"9004153",371987,2025-05-19 01:14:51,42.3974876403809,-8.92095851898193,"Female"
"9004153",371987,2025-05-19 01:19:51,42.3975372314453,-8.92089748382568,"Female"
"9004153",371987,2025-05-19 01:24:51,42.3975296020508,-8.92088508605957,"Female"
"9004153",371987,2025-05-19 01:29:51,42.3975296020508,-8.92087936401367,"Female"
"9004153",371987,2025-05-19 01:34:53,42.3975028991699,-8.92086124420166,"Female"
"9004153",371987,2025-05-19 01:39:51,42.3975067138672,-8.92080688476562,"Female"
"9004153",371987,2025-05-19 01:44:51,42.3974761962891,-8.92083835601807,"Female"
"9004153",371987,2025-05-19 01:49:51,42.3974456787109,-8.92082595825195,"Female"
"9004153",371987,2025-05-19 01:54:52,42.3974304199219,-8.92082118988037,"Female"
"9004153",371987,2025-05-19 01:59:54,42.3975257873535,-8.92082214355469,"Female"
"9004153",371987,2025-05-19 02:04:52,42.3974609375,-8.92081356048584,"Female"
"9004153",371987,2025-05-19 02:09:53,42.3975143432617,-8.9208459854126,"Female"
"9004153",371987,2025-05-19 02:14:54,42.3975296020508,-8.92074298858643,"Female"
"9004153",371987,2025-05-19 02:20:01,42.3974952697754,-8.92079925537109,"Female"
"9004153",371987,2025-05-19 02:25:00,42.3975219726562,-8.92085075378418,"Female"
"9004153",371987,2025-05-19 02:30:06,42.3974647521973,-8.92080116271973,"Female"
"9004153",371987,2025-05-19 02:35:12,42.3975715637207,-8.92087841033936,"Female"
"9004153",371987,2025-05-19 02:39:51,42.3975067138672,-8.92087364196777,"Female"
"9004153",371987,2025-05-19 02:44:54,42.3975830078125,-8.92088890075684,"Female"
"9004153",371987,2025-05-19 02:49:53,42.3974723815918,-8.92075634002686,"Female"
"9004153",371987,2025-05-19 02:54:53,42.3974075317383,-8.92057991027832,"Female"
"9004153",371987,2025-05-19 02:59:54,42.3973045349121,-8.92044639587402,"Female"
"9004153",371987,2025-05-19 03:04:57,42.3973922729492,-8.9207124710083,"Female"
"9004153",371987,2025-05-19 03:10:00,42.3973007202148,-8.92069625854492,"Female"
"9004153",371987,2025-05-19 03:15:00,42.3974533081055,-8.92083263397217,"Female"
"9004153",371987,2025-05-19 03:20:01,42.3973846435547,-8.92068576812744,"Female"
"9004153",371987,2025-05-19 03:24:53,42.3970603942871,-8.92018795013428,"Female"
"9004153",371987,2025-05-19 03:29:55,42.3970832824707,-8.92021656036377,"Female"
"9004153",371987,2025-05-19 03:35:14,42.3974533081055,-8.92075729370117,"Female"
"9004153",371987,2025-05-19 03:39:52,42.3976402282715,-8.92099380493164,"Female"
"9004153",371987,2025-05-19 03:44:52,42.3977203369141,-8.92118549346924,"Female"
"9004153",371987,2025-05-19 03:49:59,42.3974914550781,-8.92078304290771,"Female"
"9004153",371987,2025-05-19 03:54:52,42.3974800109863,-8.92078685760498,"Female"
"9004153",371987,2025-05-19 03:59:55,42.3976898193359,-8.92080402374268,"Female"
"9004153",371987,2025-05-19 04:04:51,42.3976135253906,-8.92097663879395,"Female"
"9004153",371987,2025-05-19 04:10:01,42.3974800109863,-8.92088413238525,"Female"
"9004153",371987,2025-05-19 04:14:54,42.3975028991699,-8.92091369628906,"Female"
"9004153",371987,2025-05-19 04:19:53,42.3975143432617,-8.92109107971191,"Female"
"9004153",371987,2025-05-19 04:24:55,42.3974952697754,-8.9208984375,"Female"
"9004153",371987,2025-05-19 04:30:15,42.397331237793,-8.92078304290771,"Female"
"9004153",371987,2025-05-19 04:35:11,42.3971824645996,-8.92077827453613,"Female"
"9004153",371987,2025-05-19 04:39:58,42.3976707458496,-8.92061805725098,"Female"
"9004153",371987,2025-05-19 04:44:53,42.3975677490234,-8.92075538635254,"Female"
"9004153",371987,2025-05-19 04:49:56,42.3975143432617,-8.9207706451416,"Female"
"9004153",371987,2025-05-19 04:55:01,42.3975601196289,-8.92079830169678,"Female"
"9004153",371987,2025-05-19 04:59:51,42.397632598877,-8.92075443267822,"Female"
"9004153",371987,2025-05-19 05:04:51,42.4155006408691,-8.91874599456787,"Female"
"9004153",371987,2025-05-19 05:10:23,42.4165573120117,-8.91903877258301,"Female"
"9004153",371987,2025-05-19 05:14:51,42.4484672546387,-8.92710208892822,"Female"
"9004153",371987,2025-05-19 05:19:51,42.4823570251465,-8.93574523925781,"Female"
"9004153",371987,2025-05-19 05:24:51,42.5190696716309,-8.91223621368408,"Female"
"9004153",371987,2025-05-19 05:29:51,42.5582962036133,-8.89771366119385,"Female"
"9004153",371987,2025-05-19 05:34:51,42.5797691345215,-8.88711547851562,"Female"
"9004153",371987,2025-05-19 05:39:51,42.6034927368164,-8.87386703491211,"Female"
"9004153",371987,2025-05-19 05:45:00,42.6043510437012,-8.87491130828857,"Female"
"9004153",371987,2025-05-19 05:50:07,42.6045303344727,-8.87600803375244,"Female"
"9004153",371987,2025-05-19 05:55:27,42.6045074462891,-8.8746509552002,"Female"
"9004153",371987,2025-05-19 06:00:45,42.6044845581055,-8.87347030639648,"Female"
"9004153",371987,2025-05-19 06:05:55,42.6014366149902,-8.87672519683838,"Female"
"9004153",371987,2025-05-19 06:10:43,42.6014747619629,-8.87674331665039,"Female"
"9004153",371987,2025-05-19 06:15:44,42.6014862060547,-8.87674999237061,"Female"
"9004153",371987,2025-05-19 06:20:43,42.6014747619629,-8.87673759460449,"Female"
"9004153",371987,2025-05-19 06:25:52,42.6014289855957,-8.87667274475098,"Female"
"9004153",371987,2025-05-19 06:30:44,42.6015701293945,-8.87683391571045,"Female"
"9004153",371987,2025-05-19 06:36:08,42.601203918457,-8.87526416778564,"Female"
"9004153",371987,2025-05-19 06:41:14,42.6005821228027,-8.87499046325684,"Female"
"9004153",371987,2025-05-19 06:46:39,42.6011238098145,-8.87357807159424,"Female"
"9004153",371987,2025-05-19 06:51:44,42.6015205383301,-8.87422180175781,"Female"
"9004153",371987,2025-05-19 06:56:41,42.6013832092285,-8.87413883209229,"Female"
"9004153",371987,2025-05-19 07:01:42,42.6013145446777,-8.87377548217773,"Female"
"9004153",371987,2025-05-19 07:06:41,42.6012687683105,-8.87356472015381,"Female"
"9004153",371987,2025-05-19 07:11:42,42.6013717651367,-8.87386131286621,"Female"
"9004153",371987,2025-05-19 07:16:42,42.6013565063477,-8.87400722503662,"Female"
"9004153",371987,2025-05-19 07:21:42,42.6014671325684,-8.87416553497314,"Female"
"9004153",371987,2025-05-19 07:26:42,42.6014862060547,-8.87425422668457,"Female"
"9004153",371987,2025-05-19 08:32:39,42.6014976501465,-8.87670135498047,"Female"
"9004153",371987,2025-05-19 08:37:37,42.6014404296875,-8.87656497955322,"Female"
"9004153",371987,2025-05-19 08:42:28,42.6012878417969,-8.87647819519043,"Female"
"9004153",371987,2025-05-19 08:47:26,42.6013412475586,-8.87652206420898,"Female"
"9004153",371987,2025-05-19 08:52:28,42.6014289855957,-8.8766565322876,"Female"
"9004153",371987,2025-05-19 08:57:32,42.6014633178711,-8.87663650512695,"Female"
"9004153",371987,2025-05-19 09:02:45,42.6013412475586,-8.87635803222656,"Female"
"9004153",371987,2025-05-19 09:07:59,42.6015663146973,-8.87646389007568,"Female"
"9004153",371987,2025-05-19 09:12:25,42.6042213439941,-8.87529754638672,"Female"
"9004153",371987,2025-05-19 09:17:41,42.6049346923828,-8.87545394897461,"Female"
"9004153",371987,2025-05-19 09:22:41,42.6053504943848,-8.87481307983398,"Female"
"9004153",371987,2025-05-19 09:27:37,42.6048736572266,-8.86967086791992,"Female"
"9004153",371987,2025-05-19 09:32:37,42.6048774719238,-8.86965847015381,"Female"
"9004153",371987,2025-05-19 09:37:38,42.6048927307129,-8.86962509155273,"Female"
"9004153",371987,2025-05-19 09:42:39,42.6054801940918,-8.86740779876709,"Female"
"9004153",371987,2025-05-19 09:48:12,42.6049652099609,-8.86696434020996,"Female"
"9004153",371987,2025-05-19 09:54:14,42.6056594848633,-8.86731433868408,"Female"
"9004153",371987,2025-05-19 10:09:14,42.6050796508789,-8.86618137359619,"Female"
"9004153",371987,2025-05-19 10:13:51,42.6035194396973,-8.86784553527832,"Female"
"9004153",371987,2025-05-19 10:19:01,42.6040382385254,-8.86702251434326,"Female"
"9004153",371987,2025-05-19 10:23:54,42.6039848327637,-8.86712551116943,"Female"
"9004153",371987,2025-05-19 10:29:01,42.60400390625,-8.86696529388428,"Female"
"9004153",371987,2025-05-19 10:33:51,42.6041374206543,-8.86669158935547,"Female"
"9004153",371987,2025-05-19 10:39:14,42.6040115356445,-8.86706256866455,"Female"
"9004153",371987,2025-05-19 10:43:48,42.6039505004883,-8.86700820922852,"Female"
"9004153",371987,2025-05-19 10:48:48,42.6039619445801,-8.86700916290283,"Female"
"9004153",371987,2025-05-19 10:53:57,42.6031379699707,-8.86657428741455,"Female"
"9004153",371987,2025-05-19 10:59:33,42.6030006408691,-8.86507797241211,"Female"
"9004153",371987,2025-05-19 11:04:32,42.6059226989746,-8.87217235565186,"Female"
"9004153",371987,2025-05-19 11:09:34,42.6065864562988,-8.87245082855225,"Female"
"9004153",371987,2025-05-19 11:14:33,42.6069221496582,-8.87230205535889,"Female"
"9004153",371987,2025-05-19 11:19:51,42.6074295043945,-8.87271976470947,"Female"
"9004153",371987,2025-05-19 11:24:50,42.6073532104492,-8.87301635742188,"Female"
"9004153",371987,2025-05-19 11:29:50,42.6075553894043,-8.8726053237915,"Female"
"9004153",371987,2025-05-19 11:42:44,42.6037635803223,-8.87326812744141,"Female"
"9004153",371987,2025-05-19 11:47:20,42.6037559509277,-8.87327766418457,"Female"
"9004153",371987,2025-05-19 11:52:22,42.6037940979004,-8.873215675354,"Female"
"9004153",371987,2025-05-19 11:57:19,42.6038856506348,-8.87345600128174,"Female"
"9004153",371987,2025-05-19 12:02:29,42.6038360595703,-8.87341022491455,"Female"
"9004153",371987,2025-05-19 12:07:41,42.6038093566895,-8.87329292297363,"Female"
"9004153",371987,2025-05-19 12:12:29,42.6038818359375,-8.87348175048828,"Female"
"9004153",371987,2025-05-19 12:17:29,42.6037826538086,-8.87331867218018,"Female"
"9004153",371987,2025-05-19 12:22:29,42.6038093566895,-8.87334251403809,"Female"
"9004153",371987,2025-05-19 12:27:30,42.6037750244141,-8.87337017059326,"Female"
"9004153",371987,2025-05-19 12:33:05,42.6038932800293,-8.8732213973999,"Female"
"9004153",371987,2025-05-19 12:37:36,42.6052703857422,-8.8732852935791,"Female"
"9004153",371987,2025-05-19 12:42:54,42.6053237915039,-8.87360000610352,"Female"
"9004153",371987,2025-05-19 12:48:35,42.6058616638184,-8.87358093261719,"Female"
"9004153",371987,2025-05-19 12:53:35,42.6056327819824,-8.87319850921631,"Female"
"9004153",371987,2025-05-19 12:58:33,42.6048278808594,-8.87385272979736,"Female"
"9004153",371987,2025-05-19 13:03:33,42.6048278808594,-8.87481212615967,"Female"
"9004153",371987,2025-05-19 13:09:07,42.6043930053711,-8.87475681304932,"Female"
"9004153",371987,2025-05-19 13:14:04,42.6040267944336,-8.87358474731445,"Female"
"9004153",371987,2025-05-19 13:19:05,42.6038703918457,-8.87329578399658,"Female"
"9004153",371987,2025-05-19 13:24:09,42.6038093566895,-8.87327003479004,"Female"
"9004153",371987,2025-05-19 13:29:05,42.6038513183594,-8.87326812744141,"Female"
"9004153",371987,2025-05-19 13:34:03,42.6038703918457,-8.87331485748291,"Female"
"9004153",371987,2025-05-19 13:39:03,42.6038017272949,-8.87329864501953,"Female"
"9004153",371987,2025-05-19 13:44:03,42.6038627624512,-8.87323760986328,"Female"
"9004153",371987,2025-05-19 13:49:03,42.6038475036621,-8.87327289581299,"Female"
"9004153",371987,2025-05-19 13:54:03,42.6037979125977,-8.87327194213867,"Female"
"9004153",371987,2025-05-19 13:59:03,42.603832244873,-8.87333011627197,"Female"
"9004153",371987,2025-05-19 14:04:03,42.6037864685059,-8.87325382232666,"Female"
"9004153",371987,2025-05-19 14:09:03,42.603832244873,-8.8733081817627,"Female"
"9004153",371987,2025-05-19 14:14:03,42.6044692993164,-8.87375068664551,"Female"
"9004153",371987,2025-05-19 14:19:08,42.605655670166,-8.87343788146973,"Female"
"9004153",371987,2025-05-19 14:24:31,42.6062545776367,-8.87332439422607,"Female"
"9004153",371987,2025-05-19 14:30:13,42.6070823669434,-8.8736457824707,"Female"
"9004153",371987,2025-05-19 14:35:35,42.6066360473633,-8.87270832061768,"Female"
"9004153",371987,2025-05-19 14:40:33,42.6070709228516,-8.87133979797363,"Female"
"9004153",371987,2025-05-19 14:45:33,42.6067810058594,-8.87139892578125,"Female"
"9004153",371987,2025-05-19 14:50:45,42.606502532959,-8.87204265594482,"Female"
"9004153",371987,2025-05-19 14:55:43,42.6061058044434,-8.87135314941406,"Female"
"9004153",371987,2025-05-19 15:00:43,42.6051216125488,-8.87154388427734,"Female"
"9004153",371987,2025-05-19 15:06:07,42.603889465332,-8.87301635742188,"Female"
"9004153",371987,2025-05-19 15:11:14,42.6034507751465,-8.87307071685791,"Female"
"9004153",371987,2025-05-19 15:16:02,42.6034736633301,-8.87306594848633,"Female"
"9004153",371987,2025-05-19 15:21:01,42.6034164428711,-8.87305927276611,"Female"
"9004153",371987,2025-05-19 15:26:01,42.6034736633301,-8.873122215271,"Female"
"9004153",371987,2025-05-19 15:31:02,42.6034736633301,-8.87306022644043,"Female"
"9004153",371987,2025-05-19 15:36:03,42.6032562255859,-8.87301349639893,"Female"
"9004153",371987,2025-05-19 15:41:14,42.6034355163574,-8.87307167053223,"Female"
"9004153",371987,2025-05-19 15:46:02,42.6033973693848,-8.87313652038574,"Female"
"9004153",371987,2025-05-19 15:51:01,42.6033630371094,-8.87306976318359,"Female"
"9004153",371987,2025-05-19 15:56:14,42.6033821105957,-8.87327289581299,"Female"
"9004153",371987,2025-05-19 16:01:01,42.6034393310547,-8.87311553955078,"Female"
"9004153",371987,2025-05-19 16:06:03,42.6033973693848,-8.87332534790039,"Female"
"9004153",371987,2025-05-19 16:11:01,42.6032943725586,-8.87358283996582,"Female"
"9004153",371987,2025-05-19 16:16:03,42.6034202575684,-8.87275123596191,"Female"
"9004153",371987,2025-05-19 16:21:06,42.6034049987793,-8.87302780151367,"Female"
"9004153",371987,2025-05-19 16:26:03,42.6034088134766,-8.87299728393555,"Female"
"9004153",371987,2025-05-19 16:31:03,42.6033668518066,-8.87310600280762,"Female"
"9004153",371987,2025-05-19 16:36:05,42.6012649536133,-8.87630271911621,"Female"
"9004153",371987,2025-05-19 16:41:16,42.6012763977051,-8.87716293334961,"Female"
"9004153",371987,2025-05-19 16:46:14,42.6014404296875,-8.87673473358154,"Female"
"9004153",371987,2025-05-19 16:51:08,42.6014099121094,-8.87664985656738,"Female"
"9004153",371987,2025-05-19 16:56:08,42.6013946533203,-8.87667083740234,"Female"
"9004153",371987,2025-05-19 17:01:08,42.601390838623,-8.87671279907227,"Female"
"9004153",371987,2025-05-19 17:06:09,42.6013793945312,-8.87673282623291,"Female"
"9004153",371987,2025-05-19 17:11:12,42.6014633178711,-8.87678146362305,"Female"
"9004153",371987,2025-05-19 17:16:08,42.6013793945312,-8.87666416168213,"Female"
"9004153",371987,2025-05-19 17:21:14,42.6014595031738,-8.87673282623291,"Female"
"9004153",371987,2025-05-19 17:26:06,42.6015357971191,-8.876784324646,"Female"
"9004153",371987,2025-05-19 17:31:14,42.6014099121094,-8.87669658660889,"Female"
"9004153",371987,2025-05-19 17:36:03,42.6014938354492,-8.87653541564941,"Female"
"9004153",371987,2025-05-19 17:41:01,42.6015739440918,-8.87692642211914,"Female"
"9004153",371987,2025-05-19 17:46:05,42.601448059082,-8.87652111053467,"Female"
"9004153",371987,2025-05-19 17:51:05,42.6014366149902,-8.87657642364502,"Female"
"9004153",371987,2025-05-19 17:56:11,42.6014671325684,-8.87652111053467,"Female"
"9004153",371987,2025-05-19 18:01:05,42.6014976501465,-8.87642288208008,"Female"
"9004153",371987,2025-05-19 18:06:07,42.6014823913574,-8.8765983581543,"Female"
"9004153",371987,2025-05-19 18:11:07,42.6014938354492,-8.87667083740234,"Female"
"9004153",371987,2025-05-19 18:16:14,42.6015357971191,-8.87644386291504,"Female"
"9004153",371987,2025-05-19 18:21:35,42.6023254394531,-8.8766508102417,"Female"
"9004153",371987,2025-05-19 18:26:02,42.6024932861328,-8.87679767608643,"Female"
"9004153",371987,2025-05-19 18:31:14,42.6024322509766,-8.87688064575195,"Female"
"9004153",371987,2025-05-19 18:36:02,42.6024398803711,-8.87728595733643,"Female"
"9004153",371987,2025-05-19 18:41:06,42.602424621582,-8.87675094604492,"Female"
"9004153",371987,2025-05-19 18:46:06,42.6023559570312,-8.87674236297607,"Female"
"9004153",371987,2025-05-19 18:51:07,42.6024284362793,-8.87675857543945,"Female"
"9004153",371987,2025-05-19 18:56:10,42.6023864746094,-8.87675666809082,"Female"
"9004153",371987,2025-05-19 19:01:07,42.6024131774902,-8.87676620483398,"Female"
"9004153",371987,2025-05-19 19:06:16,42.602466583252,-8.87674713134766,"Female"
"9004153",371987,2025-05-19 19:11:09,42.6024513244629,-8.87681198120117,"Female"
"9004153",371987,2025-05-19 19:16:59,42.6023292541504,-8.87671566009521,"Female"
"9004153",371987,2025-05-19 19:21:14,42.6023635864258,-8.87670230865479,"Female"
"9004153",371987,2025-05-19 19:26:11,42.6023712158203,-8.87675476074219,"Female"
"9004153",371987,2025-05-19 19:31:08,42.6023368835449,-8.87668132781982,"Female"
"9004153",371987,2025-05-19 19:36:04,42.6023368835449,-8.87677955627441,"Female"
"9004153",371987,2025-05-19 19:41:08,42.6023902893066,-8.87685680389404,"Female"
"9004153",371987,2025-05-19 19:46:23,42.6023254394531,-8.87685012817383,"Female"
"9004153",371987,2025-05-19 19:51:09,42.6022109985352,-8.8766393661499,"Female"
"9004153",371987,2025-05-19 19:56:15,42.6021003723145,-8.87651634216309,"Female"
"9004153",371987,2025-05-19 20:01:35,42.602237701416,-8.87657928466797,"Female"
"9004153",371987,2025-05-19 20:06:03,42.6023826599121,-8.87673282623291,"Female"
"9004153",371987,2025-05-19 20:11:09,42.6020584106445,-8.876784324646,"Female"
"9004153",371987,2025-05-19 20:16:03,42.6020126342773,-8.87674713134766,"Female"
"9004153",371987,2025-05-19 20:21:04,42.6021118164062,-8.8767557144165,"Female"
"9004153",371987,2025-05-19 20:26:06,42.6023101806641,-8.87680053710938,"Female"
"9004153",371987,2025-05-19 20:31:04,42.6017646789551,-8.87680053710938,"Female"
"9004153",371987,2025-05-19 20:36:08,42.6021499633789,-8.87672519683838,"Female"
"9004153",371987,2025-05-19 20:41:08,42.6022109985352,-8.87665271759033,"Female"
"9004153",371987,2025-05-19 20:46:17,42.6021919250488,-8.87674522399902,"Female"
"9004153",371987,2025-05-19 20:51:35,42.6023101806641,-8.87679862976074,"Female"
"9004153",371987,2025-05-19 20:56:01,42.6024742126465,-8.87664985656738,"Female"
"9004153",371987,2025-05-19 21:01:01,42.602294921875,-8.87684154510498,"Female"
"9004153",371987,2025-05-19 21:06:01,42.6023292541504,-8.87674331665039,"Female"
"9004153",371987,2025-05-19 21:11:02,42.602352142334,-8.87674903869629,"Female"
"9004153",371987,2025-05-19 21:16:02,42.6024322509766,-8.87669658660889,"Female"
"9004153",371987,2025-05-19 21:21:02,42.6022987365723,-8.87683200836182,"Female"
"9004153",371987,2025-05-19 21:26:01,42.6023483276367,-8.87673664093018,"Female"
"9004153",371987,2025-05-19 21:31:01,42.6023406982422,-8.8768138885498,"Female"
"9004153",371987,2025-05-19 21:36:01,42.6023445129395,-8.8767786026001,"Female"
"9004153",371987,2025-05-19 21:41:01,42.6023139953613,-8.87682151794434,"Female"
"9004153",371987,2025-05-19 21:46:02,42.602294921875,-8.87679386138916,"Female"
"9004153",371987,2025-05-19 21:51:06,42.6022987365723,-8.87682914733887,"Female"
"9004153",371987,2025-05-19 21:56:07,42.6022911071777,-8.87677383422852,"Female"
"9004153",371987,2025-05-19 22:01:01,42.6023216247559,-8.87674522399902,"Female"
"9004153",371987,2025-05-19 22:06:01,42.6024894714355,-8.8767261505127,"Female"
"9004153",371987,2025-05-19 22:11:01,42.6024017333984,-8.8768310546875,"Female"
"9004153",371987,2025-05-19 22:16:04,42.6023445129395,-8.87680721282959,"Female"
"9004153",371987,2025-05-19 22:21:12,42.6022834777832,-8.87671089172363,"Female"
"9004153",371987,2025-05-19 22:26:01,42.6022567749023,-8.87670421600342,"Female"
"9004153",371987,2025-05-19 22:31:01,42.6022529602051,-8.87675189971924,"Female"
"9004153",371987,2025-05-19 22:36:01,42.602294921875,-8.87681198120117,"Female"
"9004153",371987,2025-05-19 22:41:02,42.6022987365723,-8.87668418884277,"Female"
"9004153",371987,2025-05-19 22:46:14,42.6023635864258,-8.8768196105957,"Female"
"9004153",371987,2025-05-19 22:51:07,42.6022300720215,-8.87690734863281,"Female"
"9004153",371987,2025-05-19 22:56:02,42.6022605895996,-8.87665939331055,"Female"
"9004153",371987,2025-05-19 23:01:03,42.6023368835449,-8.87683582305908,"Female"
"9004153",371987,2025-05-19 23:06:01,42.6021614074707,-8.87680816650391,"Female"
"9004153",371987,2025-05-19 23:11:01,42.6023483276367,-8.87662982940674,"Female"
"9004153",371987,2025-05-19 23:16:04,42.6024017333984,-8.87673568725586,"Female"
"9004153",371987,2025-05-19 23:21:03,42.6023406982422,-8.87671661376953,"Female"
"9004153",371987,2025-05-19 23:26:07,42.6025314331055,-8.8766565322876,"Female"
"9004153",371987,2025-05-19 23:32:17,42.6025924682617,-8.87669277191162,"Female"
"9004153",371987,2025-05-19 23:36:01,42.6025199890137,-8.87651538848877,"Female"
"9004153",371987,2025-05-19 23:41:01,42.602596282959,-8.87651443481445,"Female"
"9004153",371987,2025-05-19 23:46:04,42.6022720336914,-8.87667369842529,"Female"
"9004153",371987,2025-05-19 23:51:01,42.602481842041,-8.87650585174561,"Female"
"9004153",371987,2025-05-19 23:56:01,42.6025009155273,-8.87648868560791,"Female"
"9004153",371987,2025-05-20 00:01:01,42.602481842041,-8.87657451629639,"Female"
"9004153",371987,2025-05-20 00:06:02,42.6023330688477,-8.87670612335205,"Female"
"9004153",371987,2025-05-20 00:11:01,42.6024703979492,-8.87655067443848,"Female"
"9004153",371987,2025-05-20 00:16:02,42.6019172668457,-8.87639808654785,"Female"
"9004153",371987,2025-05-20 00:21:04,42.6023635864258,-8.87656116485596,"Female"
"9004153",371987,2025-05-20 00:26:03,42.6024284362793,-8.87659549713135,"Female"
"9004153",371987,2025-05-20 00:31:35,42.6024627685547,-8.87653541564941,"Female"
"9004153",371987,2025-05-20 00:36:01,42.6024551391602,-8.8765754699707,"Female"
"9004153",371987,2025-05-20 00:41:01,42.6024284362793,-8.87657928466797,"Female"
"9004153",371987,2025-05-20 00:46:01,42.6024208068848,-8.8766040802002,"Female"
"9004153",371987,2025-05-20 00:51:01,42.6025199890137,-8.8764820098877,"Female"
"9004153",371987,2025-05-20 00:56:01,42.6024742126465,-8.87658405303955,"Female"
"9004153",371987,2025-05-20 01:01:01,42.6023902893066,-8.87645244598389,"Female"
"9004153",371987,2025-05-20 01:06:01,42.602409362793,-8.87660789489746,"Female"
"9004153",371987,2025-05-20 01:11:01,42.6024475097656,-8.8765754699707,"Female"
"9004153",371987,2025-05-20 01:16:01,42.6024017333984,-8.87654972076416,"Female"
"9004153",371987,2025-05-20 01:21:01,42.6024055480957,-8.876540184021,"Female"
"9004153",371987,2025-05-20 01:26:01,42.6023445129395,-8.87646102905273,"Female"
"9004153",371987,2025-05-20 01:31:02,42.6023559570312,-8.87645626068115,"Female"
"9004153",371987,2025-05-20 01:36:02,42.6023559570312,-8.87645816802979,"Female"
"9004153",371987,2025-05-20 01:41:07,42.602352142334,-8.87649631500244,"Female"
"9004153",371987,2025-05-20 01:46:01,42.6023864746094,-8.87635326385498,"Female"
"9004153",371987,2025-05-20 01:51:03,42.6023712158203,-8.87653064727783,"Female"
"9004153",371987,2025-05-20 01:56:14,42.602352142334,-8.87655162811279,"Female"
"9004153",371987,2025-05-20 02:01:01,42.602352142334,-8.87673664093018,"Female"
"9004153",371987,2025-05-20 02:06:01,42.6024894714355,-8.87658596038818,"Female"
"9004153",371987,2025-05-20 02:11:02,42.6023788452148,-8.87672805786133,"Female"
"9004153",371987,2025-05-20 02:16:03,42.6024169921875,-8.87657356262207,"Female"
"9004153",371987,2025-05-20 02:21:01,42.6023788452148,-8.87673091888428,"Female"
"9004153",371987,2025-05-20 02:26:03,42.6025009155273,-8.87678718566895,"Female"
"9004153",371987,2025-05-20 02:31:01,42.6026000976562,-8.87670707702637,"Female"
"9004153",371987,2025-05-20 02:36:03,42.6025390625,-8.87681484222412,"Female"
"9004153",371987,2025-05-20 02:41:33,42.6024932861328,-8.87668037414551,"Female"
"9004153",371987,2025-05-20 02:46:04,42.6024436950684,-8.87674140930176,"Female"
"9004153",371987,2025-05-20 02:51:13,42.6023902893066,-8.87670230865479,"Female"
"9004153",371987,2025-05-20 02:56:04,42.6024436950684,-8.87664794921875,"Female"
"9004153",371987,2025-05-20 03:01:03,42.6024627685547,-8.87664318084717,"Female"
"9004153",371987,2025-05-20 03:06:08,42.6023902893066,-8.87657642364502,"Female"
"9004153",371987,2025-05-20 03:11:17,42.6024208068848,-8.87671184539795,"Female"
"9004153",371987,2025-05-20 03:16:17,42.6023979187012,-8.87659549713135,"Female"
"9004153",371987,2025-05-20 03:21:14,42.6024360656738,-8.87662506103516,"Female"
"9004153",371987,2025-05-20 03:26:06,42.6024436950684,-8.87650394439697,"Female"
"9004153",371987,2025-05-20 03:31:02,42.602367401123,-8.87682723999023,"Female"
"9004153",371987,2025-05-20 03:36:03,42.602596282959,-8.87626171112061,"Female"
"9004153",371987,2025-05-20 03:41:06,42.6024513244629,-8.87650299072266,"Female"
"9004153",371987,2025-05-20 03:46:35,42.6024208068848,-8.87641048431396,"Female"
"9004153",371987,2025-05-20 03:51:10,42.6024551391602,-8.87633609771729,"Female"
"9004153",371987,2025-05-20 03:56:01,42.602466583252,-8.87642955780029,"Female"
"9004153",371987,2025-05-20 04:01:01,42.6023216247559,-8.87646675109863,"Female"
"9004153",371987,2025-05-20 04:06:01,42.6023368835449,-8.87645530700684,"Female"
"9004153",371987,2025-05-20 04:11:01,42.6024017333984,-8.8764181137085,"Female"
"9004153",371987,2025-05-20 04:16:01,42.602424621582,-8.87631607055664,"Female"
"9004153",371987,2025-05-20 04:21:01,42.6024169921875,-8.87645721435547,"Female"
"9004153",371987,2025-05-20 04:26:01,42.6024513244629,-8.87643146514893,"Female"
"9004153",371987,2025-05-20 04:31:01,42.6024856567383,-8.87642955780029,"Female"
"9004153",371987,2025-05-20 04:36:02,42.6024703979492,-8.87651252746582,"Female"
"9004153",371987,2025-05-20 04:41:06,42.6024398803711,-8.87653923034668,"Female"
"9004153",371987,2025-05-20 04:46:14,42.6025505065918,-8.87641429901123,"Female"
"9004153",371987,2025-05-20 04:51:06,42.6025009155273,-8.87649059295654,"Female"
"9004153",371987,2025-05-20 04:56:08,42.6025924682617,-8.87648105621338,"Female"
"9004153",371987,2025-05-20 05:01:14,42.6026000976562,-8.87661743164062,"Female"
"9004153",371987,2025-05-20 05:06:10,42.6025848388672,-8.87653064727783,"Female"
"9004153",371987,2025-05-20 05:11:06,42.6029167175293,-8.87471485137939,"Female"
"9004153",371987,2025-05-20 05:16:06,42.6037673950195,-8.87298679351807,"Female"
"9004153",371987,2025-05-20 05:21:34,42.6047782897949,-8.87232494354248,"Female"
"9004153",371987,2025-05-20 05:31:51,42.6042060852051,-8.87162685394287,"Female"
"9004153",371987,2025-05-20 05:37:07,42.6033477783203,-8.87321472167969,"Female"
"9004153",371987,2025-05-20 05:41:55,42.6033477783203,-8.87334251403809,"Female"
"9004153",371987,2025-05-20 05:47:23,42.6034927368164,-8.87318325042725,"Female"
"9004153",371987,2025-05-20 05:51:48,42.603458404541,-8.87343883514404,"Female"
"9004153",371987,2025-05-20 05:56:48,42.6035385131836,-8.87319755554199,"Female"
"9004153",371987,2025-05-20 06:01:48,42.6035385131836,-8.87316417694092,"Female"
"9004153",371987,2025-05-20 06:06:48,42.6034774780273,-8.87319946289062,"Female"
"9004153",371987,2025-05-20 06:11:48,42.6034774780273,-8.87310028076172,"Female"
"9004153",371987,2025-05-20 06:16:48,42.6033973693848,-8.87302398681641,"Female"
"9004153",371987,2025-05-20 06:21:48,42.6034889221191,-8.87311363220215,"Female"
"9004153",371987,2025-05-20 06:26:48,42.6033821105957,-8.87317180633545,"Female"
"9004153",371987,2025-05-20 06:31:54,42.6034126281738,-8.87325477600098,"Female"
"9004153",371987,2025-05-20 06:37:14,42.6030616760254,-8.8729190826416,"Female"
"9004153",371987,2025-05-20 06:43:43,42.6016082763672,-8.87310600280762,"Female"
"9004153",371987,2025-05-20 06:48:18,42.6002807617188,-8.87362003326416,"Female"
"9004153",371987,2025-05-20 06:53:42,42.5997695922852,-8.87474822998047,"Female"
"9004153",371987,2025-05-20 06:58:41,42.6004676818848,-8.87647533416748,"Female"
"9004153",371987,2025-05-20 07:03:41,42.6004829406738,-8.8771390914917,"Female"
"9004153",371987,2025-05-20 07:08:46,42.6004791259766,-8.87694931030273,"Female"
"9004153",371987,2025-05-20 07:13:42,42.6005058288574,-8.87697124481201,"Female"
"9004153",371987,2025-05-20 07:18:41,42.6005363464355,-8.87723445892334,"Female"
"9004153",371987,2025-05-20 07:23:41,42.6005973815918,-8.87723255157471,"Female"
"9004153",371987,2025-05-20 07:29:14,42.6002807617188,-8.87540149688721,"Female"
"9004153",371987,2025-05-20 07:38:36,42.6002883911133,-8.87599563598633,"Female"
"9004153",371987,2025-05-20 07:43:35,42.600513458252,-8.87691497802734,"Female"
"9004153",371987,2025-05-20 07:48:35,42.6005744934082,-8.87697410583496,"Female"
"9004153",371987,2025-05-20 07:53:35,42.6005096435547,-8.87696933746338,"Female"
"9004153",371987,2025-05-20 07:58:41,42.6004905700684,-8.87687015533447,"Female"
"9004153",371987,2025-05-20 08:03:41,42.6002769470215,-8.87723159790039,"Female"
"9004153",371987,2025-05-20 08:08:43,42.5988922119141,-8.87741279602051,"Female"
"9004153",371987,2025-05-20 08:13:57,42.5978775024414,-8.87740802764893,"Female"
"9004153",371987,2025-05-20 08:18:55,42.596607208252,-8.87851428985596,"Female"
"9004153",371987,2025-05-20 08:23:55,42.5947723388672,-8.87944507598877,"Female"
"9004153",371987,2025-05-20 08:28:57,42.5928993225098,-8.88050556182861,"Female"
"9004153",371987,2025-05-20 08:33:56,42.591194152832,-8.88183116912842,"Female"
"9004153",371987,2025-05-20 08:38:57,42.589672088623,-8.88307094573975,"Female"
"9004153",371987,2025-05-20 08:43:55,42.5820960998535,-8.88622283935547,"Female"
"9004153",371987,2025-05-20 08:49:35,42.5781097412109,-8.88874816894531,"Female"
"9004153",371987,2025-05-20 08:53:56,42.5765609741211,-8.8905029296875,"Female"
"9004153",371987,2025-05-20 08:58:56,42.5745124816895,-8.89187717437744,"Female"
"9004153",371987,2025-05-20 09:03:56,42.57275390625,-8.89229393005371,"Female"
"9004153",371987,2025-05-20 09:08:56,42.5713996887207,-8.89378643035889,"Female"
"9004153",371987,2025-05-20 09:13:56,42.5418167114258,-8.90593433380127,"Female"
"9004153",371987,2025-05-20 09:18:57,42.5396041870117,-8.90787601470947,"Female"
"9004153",371987,2025-05-20 09:23:57,42.5395965576172,-8.90783786773682,"Female"
"9004153",371987,2025-05-20 09:28:56,42.539608001709,-8.90785503387451,"Female"
"9004153",371987,2025-05-20 09:33:56,42.5396194458008,-8.90783596038818,"Female"
"9004153",371987,2025-05-20 09:38:56,42.5105133056641,-8.92002964019775,"Female"
"9004153",371987,2025-05-20 09:43:56,42.4786415100098,-8.9395112991333,"Female"
"9004153",371987,2025-05-20 09:48:56,42.4451141357422,-8.94186592102051,"Female"
"9004153",371987,2025-05-20 09:53:56,42.4094772338867,-8.92736434936523,"Female"
"9004153",371987,2025-05-20 09:58:56,42.3971328735352,-8.92025661468506,"Female"
"9004153",371987,2025-05-20 10:03:56,42.3970832824707,-8.92026329040527,"Female"
"9004153",371987,2025-05-20 10:08:56,42.3975486755371,-8.92092609405518,"Female"
"9004153",371987,2025-05-20 10:14:11,42.3973541259766,-8.92098426818848,"Female"
"9004153",371987,2025-05-20 10:19:01,42.3973770141602,-8.92119693756104,"Female"
"9004153",371987,2025-05-20 10:24:00,42.3973236083984,-8.92098999023438,"Female"
"9004153",371987,2025-05-20 10:29:00,42.3974494934082,-8.92115497589111,"Female"
"9004153",371987,2025-05-20 10:34:04,42.3973541259766,-8.92098617553711,"Female"
"9004153",371987,2025-05-20 10:39:00,42.3973846435547,-8.9210786819458,"Female"
"9004153",371987,2025-05-20 10:44:01,42.3973426818848,-8.92105579376221,"Female"
"9004153",371987,2025-05-20 10:49:01,42.3973846435547,-8.92124176025391,"Female"
"9004153",371987,2025-05-20 10:54:05,42.3973541259766,-8.92093181610107,"Female"
"9004153",371987,2025-05-20 10:58:59,42.3973770141602,-8.92109966278076,"Female"
"9004153",371987,2025-05-20 11:03:58,42.3972702026367,-8.92093276977539,"Female"
"9004153",371987,2025-05-20 11:09:00,42.3973236083984,-8.92093849182129,"Female"
"9004153",371987,2025-05-20 11:13:59,42.3972587585449,-8.92100238800049,"Female"
"9004153",371987,2025-05-20 11:19:09,42.3973426818848,-8.92094898223877,"Female"
"9004153",371987,2025-05-20 11:24:01,42.3973617553711,-8.92078113555908,"Female"
"9004153",371987,2025-05-20 11:28:59,42.3973159790039,-8.92094993591309,"Female"
"9004153",371987,2025-05-20 11:34:24,42.3974952697754,-8.91975688934326,"Female"
"9004153",371987,2025-05-20 11:39:23,42.3976898193359,-8.92012214660645,"Female"
"9004153",371987,2025-05-20 11:44:21,42.3977546691895,-8.92014312744141,"Female"
"9004153",371987,2025-05-20 11:49:20,42.3979225158691,-8.92040538787842,"Female"
"9004153",371987,2025-05-20 11:54:21,42.3979415893555,-8.92047214508057,"Female"
"9004153",371987,2025-05-20 11:59:44,42.3977890014648,-8.92012977600098,"Female"
"9004153",371987,2025-05-20 12:04:20,42.3976936340332,-8.91998195648193,"Female"
"9004153",371987,2025-05-20 12:09:21,42.3976593017578,-8.91981792449951,"Female"
"9004153",371987,2025-05-20 12:14:21,42.3977661132812,-8.9201078414917,"Female"
"9004153",371987,2025-05-20 12:19:53,42.3977928161621,-8.92014026641846,"Female"
"9004153",371987,2025-05-20 12:24:21,42.3977890014648,-8.92016887664795,"Female"
"9004153",371987,2025-05-20 12:29:21,42.3978004455566,-8.9201135635376,"Female"
"9004153",371987,2025-05-20 12:34:22,42.3977737426758,-8.9200439453125,"Female"
"9004153",371987,2025-05-20 12:39:23,42.3977851867676,-8.9202995300293,"Female"
"9004153",371987,2025-05-20 12:44:31,42.3977699279785,-8.92020416259766,"Female"
"9004153",371987,2025-05-20 12:49:44,42.3978691101074,-8.92020416259766,"Female"
"9004153",371987,2025-05-20 12:54:24,42.4201774597168,-8.9199104309082,"Female"
"9004153",371987,2025-05-20 12:59:25,42.4535102844238,-8.93517971038818,"Female"
"9004153",371987,2025-05-20 13:04:29,42.456413269043,-8.93887901306152,"Female"
"9004153",371987,2025-05-20 13:09:31,42.4853134155273,-8.93432521820068,"Female"
"9004153",371987,2025-05-20 13:14:29,42.485408782959,-8.93432521820068,"Female"
"9004153",371987,2025-05-20 13:19:29,42.4978485107422,-8.92102146148682,"Female"
"9004153",371987,2025-05-20 13:24:29,42.5368461608887,-8.89666748046875,"Female"
"9004153",371987,2025-05-20 13:29:44,42.5431747436523,-8.89109516143799,"Female"
"9004153",371987,2025-05-20 13:34:57,42.5448265075684,-8.89065742492676,"Female"
"9004153",371987,2025-05-20 13:40:03,42.5457878112793,-8.88951206207275,"Female"
"9004153",371987,2025-05-20 13:47:36,42.5470428466797,-8.88752460479736,"Female"
"9004153",371987,2025-05-20 13:52:35,42.5476112365723,-8.88638305664062,"Female"
"9004153",371987,2025-05-20 13:58:12,42.5483131408691,-8.8852424621582,"Female"
"9004153",371987,2025-05-20 14:03:50,42.5485649108887,-8.88502025604248,"Female"
"9004153",371987,2025-05-20 14:08:49,42.5479316711426,-8.88655567169189,"Female"
"9004153",371987,2025-05-20 14:14:20,42.5475997924805,-8.88708591461182,"Female"
"9004153",371987,2025-05-20 14:19:44,42.5467224121094,-8.88827133178711,"Female"
"9004153",371987,2025-05-20 14:24:52,42.5461044311523,-8.88912105560303,"Female"
"9004153",371987,2025-05-20 14:29:58,42.5459289550781,-8.89001750946045,"Female"
"9004153",371987,2025-05-20 14:35:35,42.5455780029297,-8.88945007324219,"Female"
"9004153",371987,2025-05-20 14:41:53,42.5443077087402,-8.88821697235107,"Female"
"9004153",371987,2025-05-20 14:45:37,42.5443229675293,-8.88821125030518,"Female"
"9004153",371987,2025-05-20 14:50:32,42.5440406799316,-8.88819885253906,"Female"
"9004153",371987,2025-05-20 14:55:35,42.5446434020996,-8.8884449005127,"Female"
"9004153",371987,2025-05-20 15:00:33,42.5441360473633,-8.88819026947021,"Female"
"9004153",371987,2025-05-20 15:05:32,42.544361114502,-8.88841724395752,"Female"
"9004153",371987,2025-05-20 15:10:42,42.5442733764648,-8.88831806182861,"Female"
"9004153",371987,2025-05-20 15:15:31,42.5442848205566,-8.88836669921875,"Female"
"9004153",371987,2025-05-20 15:20:34,42.5442924499512,-8.88825607299805,"Female"
"9004153",371987,2025-05-20 15:25:34,42.5443267822266,-8.88816833496094,"Female"
"9004153",371987,2025-05-20 15:30:37,42.5443153381348,-8.88823509216309,"Female"
"9004153",371987,2025-05-20 15:35:33,42.544319152832,-8.88831520080566,"Female"
"9004153",371987,2025-05-20 15:40:33,42.5444221496582,-8.88840389251709,"Female"
"9004153",371987,2025-05-20 15:45:32,42.5449066162109,-8.88904857635498,"Female"
"9004153",371987,2025-05-20 15:51:10,42.5463485717773,-8.88895034790039,"Female"
"9004153",371987,2025-05-20 15:56:52,42.5457000732422,-8.88980484008789,"Female"
"9004153",371987,2025-05-20 16:01:50,42.5454635620117,-8.89001369476318,"Female"
"9004153",371987,2025-05-20 16:06:55,42.5456008911133,-8.89049530029297,"Female"
"9004153",371987,2025-05-20 16:11:52,42.5471839904785,-8.88976001739502,"Female"
"9004153",371987,2025-05-20 16:16:56,42.5490379333496,-8.88938045501709,"Female"
"9004153",371987,2025-05-20 16:21:53,42.548999786377,-8.88925552368164,"Female"
"9004153",371987,2025-05-20 16:27:01,42.5490951538086,-8.88938808441162,"Female"
"9004153",371987,2025-05-20 16:31:53,42.549072265625,-8.88943195343018,"Female"
"9004153",371987,2025-05-20 16:36:53,42.5490188598633,-8.88930320739746,"Female"
"9004153",371987,2025-05-20 16:41:59,42.5490989685059,-8.88944625854492,"Female"
"9004153",371987,2025-05-20 16:46:56,42.5490493774414,-8.88939380645752,"Female"
"9004153",371987,2025-05-20 16:51:59,42.549072265625,-8.88941383361816,"Female"
"9004153",371987,2025-05-20 16:57:14,42.5491828918457,-8.88933181762695,"Female"
"9004153",371987,2025-05-20 17:01:52,42.5492286682129,-8.88948440551758,"Female"
"9004153",371987,2025-05-20 17:07:01,42.549144744873,-8.8892879486084,"Female"
"9004153",371987,2025-05-20 17:11:52,42.5491561889648,-8.88947677612305,"Female"
"9004153",371987,2025-05-20 17:17:00,42.5491561889648,-8.88907814025879,"Female"
"9004153",371987,2025-05-20 17:22:03,42.5481452941895,-8.88915061950684,"Female"
"9004153",371987,2025-05-20 17:27:16,42.5462417602539,-8.8887186050415,"Female"
"9004153",371987,2025-05-20 17:33:13,42.5462875366211,-8.89081382751465,"Female"
"9004153",371987,2025-05-20 17:39:00,42.5448913574219,-8.89075565338135,"Female"
"9004153",371987,2025-05-20 17:44:24,42.5443344116211,-8.89085865020752,"Female"
"9004153",371987,2025-05-20 17:50:44,42.5430641174316,-8.89055156707764,"Female"
"9004153",371987,2025-05-20 17:56:21,42.5443954467773,-8.8905086517334,"Female"
"9004153",371987,2025-05-20 18:01:48,42.5454750061035,-8.88985443115234,"Female"
"9004153",371987,2025-05-20 18:07:43,42.5443992614746,-8.88873195648193,"Female"
"9004153",371987,2025-05-20 18:12:16,42.5444602966309,-8.88846302032471,"Female"
"9004153",371987,2025-05-20 18:17:16,42.5445022583008,-8.88849830627441,"Female"
"9004153",371987,2025-05-20 18:22:19,42.544548034668,-8.88853073120117,"Female"
"9004153",371987,2025-05-20 18:27:11,42.5441665649414,-8.88832473754883,"Female"
"9004153",371987,2025-05-20 18:32:13,42.5393257141113,-8.89228057861328,"Female"
"9004153",371987,2025-05-20 18:38:08,42.5179290771484,-8.907151222229,"Female"
"9004153",371987,2025-05-20 18:42:15,42.517017364502,-8.90759181976318,"Female"
"9004153",371987,2025-05-20 18:48:14,42.4861335754395,-8.93322372436523,"Female"
"9004153",371987,2025-05-20 18:52:10,42.4805717468262,-8.93640518188477,"Female"
"9004153",371987,2025-05-20 18:57:19,42.4805145263672,-8.93634414672852,"Female"
"9004153",371987,2025-05-20 19:02:11,42.4739112854004,-8.94171714782715,"Female"
"9004153",371987,2025-05-20 19:07:16,42.4440116882324,-8.94319534301758,"Female"
"9004153",371987,2025-05-20 19:12:16,42.4432792663574,-8.94326210021973,"Female"
"9004153",371987,2025-05-20 19:17:14,42.4423942565918,-8.94324779510498,"Female"
"9004153",371987,2025-05-20 19:22:19,42.4412803649902,-8.94300746917725,"Female"
"9004153",371987,2025-05-20 19:27:19,42.440299987793,-8.94267654418945,"Female"
"9004153",371987,2025-05-20 19:32:16,42.4053993225098,-8.92874813079834,"Female"
"9004153",371987,2025-05-20 19:37:35,42.3974418640137,-8.92082405090332,"Female"
"9004153",371987,2025-05-20 19:42:11,42.3974876403809,-8.92081832885742,"Female"
"9004153",371987,2025-05-20 19:47:11,42.3974952697754,-8.92082977294922,"Female"
"9004153",371987,2025-05-20 19:52:11,42.3975486755371,-8.92085552215576,"Female"
"9004153",371987,2025-05-20 19:57:10,42.3974914550781,-8.9207878112793,"Female"
"9004153",371987,2025-05-20 20:02:16,42.3974571228027,-8.92083263397217,"Female"
"9004153",371987,2025-05-20 20:07:12,42.3975067138672,-8.92084217071533,"Female"
"9004153",371987,2025-05-20 20:12:12,42.3975677490234,-8.92090320587158,"Female"
"9004153",371987,2025-05-20 20:17:12,42.3975524902344,-8.92081642150879,"Female"
"9004153",371987,2025-05-20 20:22:11,42.3975296020508,-8.92080783843994,"Female"
"9004153",371987,2025-05-20 20:27:11,42.3974761962891,-8.92075729370117,"Female"
"9004153",371987,2025-05-20 20:32:11,42.3975372314453,-8.92082977294922,"Female"
"9004153",371987,2025-05-20 20:37:11,42.3974800109863,-8.92082595825195,"Female"
"9004153",371987,2025-05-20 20:42:11,42.397518157959,-8.92087078094482,"Female"
"9004153",371987,2025-05-20 20:47:10,42.397518157959,-8.92082214355469,"Female"
"9004153",371987,2025-05-20 20:52:12,42.3975524902344,-8.92097568511963,"Female"
"9004153",371987,2025-05-20 20:57:16,42.3974952697754,-8.92081737518311,"Female"
"9004153",371987,2025-05-20 21:02:10,42.3974456787109,-8.92075824737549,"Female"
"9004153",371987,2025-05-20 21:07:10,42.3974876403809,-8.92081928253174,"Female"
"9004153",371987,2025-05-20 21:12:10,42.3973579406738,-8.92061233520508,"Female"
"9004153",371987,2025-05-20 21:17:10,42.3975296020508,-8.92082786560059,"Female"
"9004153",371987,2025-05-20 21:22:10,42.3974685668945,-8.92075347900391,"Female"
"9004153",371987,2025-05-20 21:27:10,42.3973960876465,-8.92056751251221,"Female"
"9004153",371987,2025-05-20 21:32:10,42.3973274230957,-8.92044544219971,"Female"
"9004153",371987,2025-05-20 21:37:10,42.3972511291504,-8.92028522491455,"Female"
"9004153",371987,2025-05-20 21:42:10,42.3974113464355,-8.92062282562256,"Female"
"9004153",371987,2025-05-20 21:47:12,42.3974533081055,-8.92063426971436,"Female"
"9004153",371987,2025-05-20 21:52:15,42.3975143432617,-8.92082023620605,"Female"
"9004153",371987,2025-05-20 21:57:11,42.3973007202148,-8.92021179199219,"Female"
"9004153",371987,2025-05-20 22:02:16,42.3975219726562,-8.92083168029785,"Female"
"9004153",371987,2025-05-20 22:07:16,42.3974914550781,-8.92079067230225,"Female"
"9004153",371987,2025-05-20 22:12:35,42.3974876403809,-8.92081069946289,"Female"
"9004153",371987,2025-05-20 22:17:09,42.3975257873535,-8.92070293426514,"Female"
"9004153",371987,2025-05-20 22:22:09,42.3975105285645,-8.9207592010498,"Female"
"9004153",371987,2025-05-20 22:27:09,42.397518157959,-8.92079162597656,"Female"
"9004153",371987,2025-05-20 22:32:09,42.3974609375,-8.92074871063232,"Female"
"9004153",371987,2025-05-20 22:37:09,42.3974685668945,-8.92082977294922,"Female"
"9004153",371987,2025-05-20 22:42:09,42.3974533081055,-8.92075634002686,"Female"
"9004153",371987,2025-05-20 22:47:09,42.3974571228027,-8.92080402374268,"Female"
"9004153",371987,2025-05-20 22:52:09,42.3974876403809,-8.92078399658203,"Female"
"9004153",371987,2025-05-20 22:57:09,42.3975677490234,-8.9209508895874,"Female"
"9004153",371987,2025-05-20 23:02:10,42.3975448608398,-8.92091274261475,"Female"
"9004153",371987,2025-05-20 23:07:35,42.3974723815918,-8.92074871063232,"Female"
"9004153",371987,2025-05-20 23:12:13,42.3974990844727,-8.92082500457764,"Female"
"9004153",371987,2025-05-20 23:17:19,42.3974685668945,-8.92076969146729,"Female"
"9004153",371987,2025-05-20 23:22:17,42.3974990844727,-8.92087078094482,"Female"
"9004153",371987,2025-05-20 23:27:13,42.3974723815918,-8.92073535919189,"Female"
"9004153",371987,2025-05-20 23:32:10,42.3974418640137,-8.92066097259521,"Female"
"9004153",371987,2025-05-20 23:37:11,42.3974151611328,-8.92085361480713,"Female"
"9004153",371987,2025-05-20 23:42:10,42.3975028991699,-8.92084217071533,"Female"
"9004153",371987,2025-05-20 23:47:09,42.3974533081055,-8.92078495025635,"Female"
"9004153",371987,2025-05-20 23:52:09,42.3974189758301,-8.9206600189209,"Female"
"9004153",371987,2025-05-20 23:57:10,42.3974723815918,-8.92079544067383,"Female"
"9004153",371987,2025-05-21 00:02:10,42.3974571228027,-8.9207592010498,"Female"
"9004153",371987,2025-05-21 00:07:10,42.3974990844727,-8.92080116271973,"Female"
"9004153",371987,2025-05-21 00:12:11,42.3975257873535,-8.92091751098633,"Female"
"9004153",371987,2025-05-21 00:17:10,42.3974647521973,-8.92075061798096,"Female"
"9004153",371987,2025-05-21 00:22:10,42.3974609375,-8.92083358764648,"Female"
"9004153",371987,2025-05-21 00:27:10,42.3975448608398,-8.92087745666504,"Female"
"9004153",371987,2025-05-21 00:32:10,42.3975105285645,-8.92085361480713,"Female"
"9004153",371987,2025-05-21 00:37:10,42.3974647521973,-8.92074298858643,"Female"
"9004153",371987,2025-05-21 00:42:10,42.3974990844727,-8.92086124420166,"Female"
"9004153",371987,2025-05-21 00:47:10,42.3974876403809,-8.92073059082031,"Female"
"9004153",371987,2025-05-21 00:52:10,42.397518157959,-8.92089080810547,"Female"
"9004153",371987,2025-05-21 00:57:10,42.3974571228027,-8.92077159881592,"Female"
"9004153",371987,2025-05-21 01:02:19,42.3975143432617,-8.92079639434814,"Female"
"9004153",371987,2025-05-21 01:07:13,42.3974723815918,-8.92071723937988,"Female"
"9004153",371987,2025-05-21 01:12:35,42.3974800109863,-8.92076015472412,"Female"
"9004153",371987,2025-05-21 01:17:09,42.3974380493164,-8.92068576812744,"Female"
"9004153",371987,2025-05-21 01:22:09,42.3974800109863,-8.9207820892334,"Female"
"9004153",371987,2025-05-21 01:27:09,42.3974876403809,-8.92077732086182,"Female"
"9004153",371987,2025-05-21 01:32:09,42.3975219726562,-8.9208459854126,"Female"
"9004153",371987,2025-05-21 01:37:09,42.3975028991699,-8.92072105407715,"Female"
"9004153",371987,2025-05-21 01:42:09,42.3975410461426,-8.9209098815918,"Female"
"9004153",371987,2025-05-21 01:47:09,42.3975067138672,-8.92084503173828,"Female"
"9004153",371987,2025-05-21 01:52:10,42.3974342346191,-8.92059993743896,"Female"
"9004153",371987,2025-05-21 01:57:10,42.3974838256836,-8.92070579528809,"Female"
"9004153",371987,2025-05-21 02:02:10,42.3974952697754,-8.92070388793945,"Female"
"9004153",371987,2025-05-21 02:07:09,42.3974838256836,-8.92068004608154,"Female"
"9004153",371987,2025-05-21 02:12:10,42.3974609375,-8.9207010269165,"Female"
"9004153",371987,2025-05-21 02:17:10,42.3974723815918,-8.92066192626953,"Female"
"9004153",371987,2025-05-21 02:22:10,42.3975486755371,-8.92074584960938,"Female"
"9004153",371987,2025-05-21 02:27:16,42.3975372314453,-8.9208869934082,"Female"
"9004153",371987,2025-05-21 02:32:24,42.397590637207,-8.92096424102783,"Female"
"9004153",371987,2025-05-21 02:37:35,42.3975296020508,-8.92083644866943,"Female"
"9004153",371987,2025-05-21 02:42:10,42.3974838256836,-8.92079639434814,"Female"
"9004153",371987,2025-05-21 02:47:10,42.3975524902344,-8.92083835601807,"Female"
"9004153",371987,2025-05-21 02:52:12,42.3975028991699,-8.92080783843994,"Female"
"9004153",371987,2025-05-21 02:57:11,42.3975143432617,-8.92079925537109,"Female"
"9004153",371987,2025-05-21 03:02:09,42.3975105285645,-8.9207010269165,"Female"
"9004153",371987,2025-05-21 03:07:12,42.3975830078125,-8.92078399658203,"Female"
"9004153",371987,2025-05-21 03:12:11,42.3975982666016,-8.92068767547607,"Female"
"9004153",371987,2025-05-21 03:17:10,42.3975563049316,-8.92072486877441,"Female"
"9004153",371987,2025-05-21 03:22:10,42.3975868225098,-8.92068290710449,"Female"
"9004153",371987,2025-05-21 03:27:10,42.3975639343262,-8.92058849334717,"Female"
"9004153",371987,2025-05-21 03:32:13,42.397575378418,-8.9205493927002,"Female"
"9004153",371987,2025-05-21 03:37:13,42.3976097106934,-8.92055797576904,"Female"
"9004153",371987,2025-05-21 03:42:15,42.3976669311523,-8.92050647735596,"Female"
"9004153",371987,2025-05-21 03:47:12,42.3975448608398,-8.92067527770996,"Female"
"9004153",371987,2025-05-21 03:52:10,42.3975715637207,-8.92057609558105,"Female"
"9004153",371987,2025-05-21 03:57:12,42.3975601196289,-8.92068958282471,"Female"
"9004153",371987,2025-05-21 04:02:10,42.3975296020508,-8.92074108123779,"Female"
"9004153",371987,2025-05-21 04:07:10,42.397533416748,-8.92069339752197,"Female"
"9004153",371987,2025-05-21 04:12:10,42.3976211547852,-8.92065143585205,"Female"
"9004153",371987,2025-05-21 04:17:10,42.3976173400879,-8.92062473297119,"Female"
"9004153",371987,2025-05-21 04:22:11,42.3976745605469,-8.92069244384766,"Female"
"9004153",371987,2025-05-21 04:27:10,42.3976936340332,-8.92074012756348,"Female"
"9004153",371987,2025-05-21 04:32:35,42.3975601196289,-8.92074584960938,"Female"
"9004153",371987,2025-05-21 04:37:09,42.3975563049316,-8.92084789276123,"Female"
"9004153",371987,2025-05-21 04:42:10,42.3975296020508,-8.92072200775146,"Female"
"9004153",371987,2025-05-21 04:47:09,42.3974876403809,-8.92080497741699,"Female"
"9004153",371987,2025-05-21 04:52:09,42.3975868225098,-8.92090606689453,"Female"
"9004153",371987,2025-05-21 04:57:20,42.3974418640137,-8.92074298858643,"Female"
"9004153",371987,2025-05-21 05:02:09,42.3975601196289,-8.92083072662354,"Female"
"9004153",371987,2025-05-21 05:07:34,42.3974227905273,-8.92076683044434,"Female"
"9004153",371987,2025-05-21 05:12:10,42.3974571228027,-8.9208345413208,"Female"
"9004153",371987,2025-05-21 05:17:19,42.3974609375,-8.92095565795898,"Female"
"9004153",371987,2025-05-21 05:22:13,42.3974800109863,-8.92086982727051,"Female"
"9004153",371987,2025-05-21 05:27:12,42.3975105285645,-8.92039966583252,"Female"
"9004153",371987,2025-05-21 05:32:19,42.3973007202148,-8.92097091674805,"Female"
"9004153",371987,2025-05-21 05:37:18,42.3975524902344,-8.92091083526611,"Female"
"9004153",371987,2025-05-21 05:42:12,42.3975944519043,-8.92045116424561,"Female"
"9004153",371987,2025-05-21 05:47:18,42.3974647521973,-8.92088794708252,"Female"
"9004153",371987,2025-05-21 05:52:21,42.397331237793,-8.92081832885742,"Female"
"9004153",371987,2025-05-21 05:57:31,42.3977127075195,-8.92075443267822,"Female"
"9004153",371987,2025-05-21 06:02:26,42.3975944519043,-8.92083549499512,"Female"
"9004153",371987,2025-05-21 06:08:33,42.3975410461426,-8.92081928253174,"Female"
"9004153",371987,2025-05-21 06:13:13,42.3974456787109,-8.920823097229,"Female"
"9004153",371987,2025-05-21 06:17:13,42.3973846435547,-8.92083263397217,"Female"
"9004153",371987,2025-05-21 06:22:15,42.3975067138672,-8.92088508605957,"Female"
"9004153",371987,2025-05-21 06:27:15,42.3975067138672,-8.92088985443115,"Female"
"9004153",371987,2025-05-21 06:32:10,42.3977928161621,-8.92012214660645,"Female"
"9004153",371987,2025-05-21 06:37:10,42.3977851867676,-8.92025089263916,"Female"
"9004153",371987,2025-05-21 06:42:10,42.3996353149414,-8.91244888305664,"Female"
"9004153",371987,2025-05-21 06:47:11,42.4020767211914,-8.90275764465332,"Female"
"9004153",371987,2025-05-21 06:52:13,42.4062576293945,-8.9002103805542,"Female"
"9004153",371987,2025-05-21 06:57:32,42.4065208435059,-8.89982604980469,"Female"
"9004153",371987,2025-05-21 07:02:32,42.421817779541,-8.90457725524902,"Female"
"9004153",371987,2025-05-21 07:07:32,42.4508056640625,-8.92720603942871,"Female"
"9004153",371987,2025-05-21 07:12:32,42.4786376953125,-8.93935489654541,"Female"
"9004153",371987,2025-05-21 07:17:32,42.509105682373,-8.92083168029785,"Female"
"9004153",371987,2025-05-21 07:22:32,42.5376091003418,-8.90865898132324,"Female"
"9004153",371987,2025-05-21 07:27:32,42.5400009155273,-8.90792179107666,"Female"
"9004153",371987,2025-05-21 07:32:32,42.5399475097656,-8.90793895721436,"Female"
"9004153",371987,2025-05-21 07:38:04,42.5429649353027,-8.90930366516113,"Female"
"9004153",371987,2025-05-21 07:43:02,42.5456695556641,-8.90726566314697,"Female"
"9004153",371987,2025-05-21 07:48:02,42.5591659545898,-8.89691257476807,"Female"
"9004153",371987,2025-05-21 07:53:02,42.589225769043,-8.88295745849609,"Female"
"9004153",371987,2025-05-21 07:59:02,42.6015357971191,-8.87243461608887,"Female"
"9004153",371987,2025-05-21 08:04:10,42.6022644042969,-8.8716516494751,"Female"
"9004153",371987,2025-05-21 08:09:40,42.6036987304688,-8.87141227722168,"Female"
"9004153",371987,2025-05-21 08:15:16,42.605281829834,-8.87115859985352,"Female"
"9004153",371987,2025-05-21 08:20:16,42.6064109802246,-8.87118244171143,"Female"
"9004153",371987,2025-05-21 08:25:43,42.606632232666,-8.86996555328369,"Female"
"9004153",371987,2025-05-21 08:30:42,42.6063842773438,-8.87008571624756,"Female"
"9004153",371987,2025-05-21 08:35:42,42.6056289672852,-8.87031173706055,"Female"
"9004153",371987,2025-05-21 08:40:42,42.6056671142578,-8.87020015716553,"Female"
"9004153",371987,2025-05-21 08:45:43,42.6056900024414,-8.87036418914795,"Female"
"9004153",371987,2025-05-21 08:50:42,42.6056709289551,-8.87036418914795,"Female"
"9004153",371987,2025-05-21 08:55:42,42.605712890625,-8.87035369873047,"Female"
"9004153",371987,2025-05-21 09:00:42,42.6058044433594,-8.87039470672607,"Female"
"9004153",371987,2025-05-21 09:05:42,42.605541229248,-8.87017631530762,"Female"
"9004153",371987,2025-05-21 09:10:42,42.6057624816895,-8.87032604217529,"Female"
"9004153",371987,2025-05-21 09:15:42,42.6057205200195,-8.87026405334473,"Female"
"9004153",371987,2025-05-21 09:20:42,42.6055679321289,-8.87042331695557,"Female"
"9004153",371987,2025-05-21 09:25:42,42.6056289672852,-8.87050914764404,"Female"
"9004153",371987,2025-05-21 09:30:42,42.60546875,-8.87040710449219,"Female"
"9004153",371987,2025-05-21 09:35:43,42.6056289672852,-8.87018585205078,"Female"
"9004153",371987,2025-05-21 09:40:42,42.6056327819824,-8.87018013000488,"Female"
"9004153",371987,2025-05-21 09:45:54,42.6066589355469,-8.86988258361816,"Female"
"9004153",371987,2025-05-21 09:50:53,42.6067428588867,-8.86942672729492,"Female"
"9004153",371987,2025-05-21 09:56:03,42.6057548522949,-8.86746215820312,"Female"
"9004153",371987,2025-05-21 10:01:29,42.6047744750977,-8.86795806884766,"Female"
"9004153",371987,2025-05-21 10:06:58,42.6051368713379,-8.86764144897461,"Female"
"9004153",371987,2025-05-21 10:11:57,42.6039276123047,-8.86710643768311,"Female"
"9004153",371987,2025-05-21 10:16:56,42.6040306091309,-8.86702537536621,"Female"
"9004153",371987,2025-05-21 10:21:56,42.6039733886719,-8.86706829071045,"Female"
"9004153",371987,2025-05-21 10:26:57,42.6039085388184,-8.86708831787109,"Female"
"9004153",371987,2025-05-21 10:31:56,42.60400390625,-8.86691379547119,"Female"
"9004153",371987,2025-05-21 10:36:56,42.6040344238281,-8.86692905426025,"Female"
"9004153",371987,2025-05-21 10:41:56,42.6040992736816,-8.86680221557617,"Female"
"9004153",371987,2025-05-21 10:46:56,42.6040382385254,-8.86678600311279,"Female"
"9004153",371987,2025-05-21 10:51:56,42.6040534973145,-8.8669376373291,"Female"
"9004153",371987,2025-05-21 10:56:56,42.6041450500488,-8.86691856384277,"Female"
"9004153",371987,2025-05-21 11:01:56,42.6040496826172,-8.86675357818604,"Female"
"9004153",371987,2025-05-21 11:06:57,42.6041107177734,-8.86668300628662,"Female"
"9004153",371987,2025-05-21 11:11:57,42.6044273376465,-8.86677074432373,"Female"
"9004153",371987,2025-05-21 11:16:56,42.604175567627,-8.8667163848877,"Female"
"9004153",371987,2025-05-21 11:22:23,42.6028327941895,-8.8684778213501,"Female"
"9004153",371987,2025-05-21 11:27:52,42.6011199951172,-8.87044334411621,"Female"
"9004153",371987,2025-05-21 11:32:57,42.6008644104004,-8.87118434906006,"Female"
"9004153",371987,2025-05-21 11:38:20,42.6014251708984,-8.87194442749023,"Female"
"9004153",371987,2025-05-21 11:43:19,42.6012268066406,-8.87364196777344,"Female"
"9004153",371987,2025-05-21 11:48:19,42.6017837524414,-8.87421321868896,"Female"
"9004153",371987,2025-05-21 11:53:19,42.6017570495605,-8.87419891357422,"Female"
"9004153",371987,2025-05-21 11:58:19,42.6020355224609,-8.87421131134033,"Female"
"9004153",371987,2025-05-21 12:03:20,42.6018295288086,-8.87399196624756,"Female"
"9004153",371987,2025-05-21 12:08:19,42.6016044616699,-8.87369728088379,"Female"
"9004153",371987,2025-05-21 12:13:20,42.6019706726074,-8.87427997589111,"Female"
"9004153",371987,2025-05-21 12:18:20,42.601978302002,-8.87428569793701,"Female"
"9004153",371987,2025-05-21 12:23:20,42.6018333435059,-8.87417507171631,"Female"
"9004153",371987,2025-05-21 12:28:20,42.6016693115234,-8.87459087371826,"Female"
"9004153",371987,2025-05-21 12:33:20,42.6018142700195,-8.87417984008789,"Female"
"9004153",371987,2025-05-21 12:38:19,42.6018333435059,-8.87486743927002,"Female"
"9004153",371987,2025-05-21 12:43:20,42.6017303466797,-8.87408828735352,"Female"
"9004153",371987,2025-05-21 12:48:20,42.6018562316895,-8.87407779693604,"Female"
"9004153",371987,2025-05-21 12:53:21,42.6022262573242,-8.87388038635254,"Female"
"9004153",371987,2025-05-21 12:58:25,42.6034812927246,-8.87443065643311,"Female"
"9004153",371987,2025-05-21 13:03:23,42.6052017211914,-8.87509059906006,"Female"
"9004153",371987,2025-05-21 13:08:49,42.6061172485352,-8.87574672698975,"Female"
"9004153",371987,2025-05-21 13:13:52,42.606517791748,-8.87462139129639,"Female"
"9004153",371987,2025-05-21 13:19:34,42.6058578491211,-8.87512397766113,"Female"
"9004153",371987,2025-05-21 13:24:43,42.6051940917969,-8.87517929077148,"Female"
"9004153",371987,2025-05-21 13:29:43,42.6043014526367,-8.87453460693359,"Female"
"9004153",371987,2025-05-21 13:34:43,42.6032333374023,-8.8727445602417,"Female"
"9004153",371987,2025-05-21 13:39:43,42.6031455993652,-8.87265014648438,"Female"
"9004153",371987,2025-05-21 13:44:43,42.6031608581543,-8.87271118164062,"Female"
"9004153",371987,2025-05-21 13:49:43,42.6036911010742,-8.87271690368652,"Female"
"9004153",371987,2025-05-21 13:54:44,42.6035118103027,-8.87278175354004,"Female"
"9004153",371987,2025-05-21 13:59:43,42.6034240722656,-8.87281608581543,"Female"
"9004153",371987,2025-05-21 14:04:43,42.6034164428711,-8.87280178070068,"Female"
"9004153",371987,2025-05-21 14:09:45,42.6033477783203,-8.87281703948975,"Female"
"9004153",371987,2025-05-21 14:14:43,42.6041221618652,-8.87348747253418,"Female"
"9004153",371987,2025-05-21 14:19:43,42.6048965454102,-8.87414932250977,"Female"
"9004153",371987,2025-05-21 14:24:52,42.6052703857422,-8.87340545654297,"Female"
"9004153",371987,2025-05-21 14:29:55,42.6058006286621,-8.87380790710449,"Female"
"9004153",371987,2025-05-21 14:35:09,42.6048202514648,-8.87472152709961,"Female"
"9004153",371987,2025-05-21 14:40:08,42.604076385498,-8.87327861785889,"Female"
"9004153",371987,2025-05-21 14:45:07,42.6039924621582,-8.87316036224365,"Female"
"9004153",371987,2025-05-21 14:50:07,42.6039848327637,-8.87326526641846,"Female"
"9004153",371987,2025-05-21 14:55:07,42.6033821105957,-8.87314796447754,"Female"
"9004153",371987,2025-05-21 15:00:08,42.603645324707,-8.87331485748291,"Female"
"9004153",371987,2025-05-21 15:05:08,42.6026153564453,-8.87275695800781,"Female"
"9004153",371987,2025-05-21 15:10:07,42.6039505004883,-8.87316703796387,"Female"
"9004153",371987,2025-05-21 15:15:08,42.6038017272949,-8.87313175201416,"Female"
"9004153",371987,2025-05-21 15:20:08,42.6038436889648,-8.8731517791748,"Female"
"9004153",371987,2025-05-21 15:25:07,42.6038703918457,-8.87312984466553,"Female"
"9004153",371987,2025-05-21 15:30:07,42.6038856506348,-8.87312507629395,"Female"
"9004153",371987,2025-05-21 15:35:07,42.6038246154785,-8.87314891815186,"Female"
"9004153",371987,2025-05-21 15:40:07,42.6038246154785,-8.87311458587646,"Female"
"9004153",371987,2025-05-21 15:45:08,42.5820808410645,-8.88639640808105,"Female"
"9004153",371987,2025-05-21 15:50:07,42.5805397033691,-8.88811779022217,"Female"
"9004153",371987,2025-05-21 15:55:08,42.5787582397461,-8.89013767242432,"Female"
"9004153",371987,2025-05-21 16:00:07,42.5673942565918,-8.89822959899902,"Female"
"9004153",371987,2025-05-21 16:05:07,42.5396881103516,-8.90773582458496,"Female"
"9004153",371987,2025-05-21 16:10:07,42.539665222168,-8.90774440765381,"Female"
"9004153",371987,2025-05-21 16:15:07,42.5396499633789,-8.90769577026367,"Female"
"9004153",371987,2025-05-21 16:20:08,42.539623260498,-8.90773677825928,"Female"
"9004153",371987,2025-05-21 16:25:07,42.5396881103516,-8.90763664245605,"Female"
"9004153",371987,2025-05-21 16:30:07,42.5192108154297,-8.91537570953369,"Female"
"9004153",371987,2025-05-21 16:35:08,42.4857063293457,-8.9315881729126,"Female"
"9004153",371987,2025-05-21 16:40:42,42.4843368530273,-8.93228054046631,"Female"
"9004153",371987,2025-05-21 16:45:41,42.4570541381836,-8.94435977935791,"Female"
"9004153",371987,2025-05-21 16:50:40,42.4514350891113,-8.94480323791504,"Female"
"9004153",371987,2025-05-21 16:55:40,42.4432983398438,-8.94296646118164,"Female"
"9004153",371987,2025-05-21 17:00:40,42.3965301513672,-8.91830062866211,"Female"
"9004153",371987,2025-05-21 17:05:40,42.3978042602539,-8.92032909393311,"Female"
"9004153",371987,2025-05-21 17:10:40,42.397762298584,-8.92048645019531,"Female"
"9004153",371987,2025-05-21 17:15:40,42.3971939086914,-8.91990280151367,"Female"
"9004153",371987,2025-05-21 17:20:41,42.3972129821777,-8.91990184783936,"Female"
"9004153",371987,2025-05-21 17:25:40,42.3972129821777,-8.91992092132568,"Female"
"9004153",371987,2025-05-21 17:30:41,42.397289276123,-8.91983222961426,"Female"
"9004153",371987,2025-05-21 17:35:41,42.3976974487305,-8.92018795013428,"Female"
"9004153",371987,2025-05-21 17:41:05,42.3974838256836,-8.92037582397461,"Female"
"9004153",371987,2025-05-21 17:45:40,42.3975067138672,-8.92053413391113,"Female"
"9004153",371987,2025-05-21 17:50:40,42.3975143432617,-8.92057418823242,"Female"
"9004153",371987,2025-05-21 17:55:40,42.397403717041,-8.92054557800293,"Female"
"9004153",371987,2025-05-21 18:00:41,42.3974609375,-8.92047691345215,"Female"
"9004153",371987,2025-05-21 18:05:40,42.3973808288574,-8.92065715789795,"Female"
"9004153",371987,2025-05-21 18:10:42,42.397388458252,-8.92057609558105,"Female"
"9004153",371987,2025-05-21 18:15:41,42.3973770141602,-8.92049217224121,"Female"
"9004153",371987,2025-05-21 18:20:41,42.3973121643066,-8.92073440551758,"Female"
"9004153",371987,2025-05-21 18:25:40,42.3973350524902,-8.92048358917236,"Female"
"9004153",371987,2025-05-21 18:30:40,42.397289276123,-8.92066192626953,"Female"
"9004153",371987,2025-05-21 18:35:40,42.397289276123,-8.92061901092529,"Female"
"9004153",371987,2025-05-21 18:40:40,42.3972930908203,-8.92064762115479,"Female"
"9004153",371987,2025-05-21 18:45:40,42.3973503112793,-8.92082214355469,"Female"
"9004153",371987,2025-05-21 18:50:41,42.3972969055176,-8.92073631286621,"Female"
"9004153",371987,2025-05-21 18:55:42,42.3974227905273,-8.92073154449463,"Female"
"9004153",371987,2025-05-21 19:00:40,42.3975143432617,-8.9206714630127,"Female"
"9004153",371987,2025-05-21 19:05:41,42.3974342346191,-8.92068099975586,"Female"
"9004153",371987,2025-05-21 19:10:40,42.3972206115723,-8.92101001739502,"Female"
"9004153",371987,2025-05-21 19:15:40,42.3971405029297,-8.92095375061035,"Female"
"9004153",371987,2025-05-21 19:20:42,42.3970794677734,-8.92090225219727,"Female"
"9004153",371987,2025-05-21 19:25:42,42.3974227905273,-8.92081069946289,"Female"
"9004153",371987,2025-05-21 19:30:43,42.3975410461426,-8.92094230651855,"Female"
"9004153",371987,2025-05-21 19:35:41,42.3973693847656,-8.92067432403564,"Female"
"9004153",371987,2025-05-21 19:40:46,42.3976440429688,-8.92095565795898,"Female"
"9004153",371987,2025-05-21 19:45:42,42.397029876709,-8.92054843902588,"Female"
"9004153",371987,2025-05-21 19:50:41,42.3974685668945,-8.92065811157227,"Female"
"9004153",371987,2025-05-21 19:55:40,42.3972396850586,-8.92043399810791,"Female"
"9004153",371987,2025-05-21 20:00:40,42.397274017334,-8.92047595977783,"Female"
"9004153",371987,2025-05-21 20:05:40,42.3971138000488,-8.92021179199219,"Female"
"9004153",371987,2025-05-21 20:10:41,42.3977165222168,-8.92076110839844,"Female"
"9004153",371987,2025-05-21 20:15:41,42.3979301452637,-8.9207649230957,"Female"
"9004153",371987,2025-05-21 20:20:41,42.3978996276855,-8.92087650299072,"Female"
"9004153",371987,2025-05-21 20:25:40,42.3975677490234,-8.92069816589355,"Female"
"9004153",371987,2025-05-21 20:30:40,42.3979034423828,-8.92098236083984,"Female"
"9004153",371987,2025-05-21 20:35:40,42.3977470397949,-8.92083549499512,"Female"
"9004153",371987,2025-05-21 20:40:42,42.3978500366211,-8.9210844039917,"Female"
"9004153",371987,2025-05-21 20:45:40,42.3978385925293,-8.9211368560791,"Female"
"9004153",371987,2025-05-21 20:50:40,42.3978385925293,-8.92109394073486,"Female"
"9004153",371987,2025-05-21 20:55:40,42.3977851867676,-8.92105102539062,"Female"
"9004153",371987,2025-05-21 21:00:42,42.3978042602539,-8.92115306854248,"Female"
"9004153",371987,2025-05-21 21:05:40,42.3977851867676,-8.92116165161133,"Female"
"9004153",371987,2025-05-21 21:10:40,42.3978042602539,-8.92112731933594,"Female"
"9004153",371987,2025-05-21 21:15:40,42.3978271484375,-8.92106914520264,"Female"
"9004153",371987,2025-05-21 21:20:40,42.3978462219238,-8.92103290557861,"Female"
"9004153",371987,2025-05-21 21:25:40,42.3978576660156,-8.92098999023438,"Female"
"9004153",371987,2025-05-21 21:30:41,42.3978385925293,-8.92099189758301,"Female"
"9004153",371987,2025-05-21 21:35:43,42.3978385925293,-8.92096519470215,"Female"
"9004153",371987,2025-05-21 21:40:42,42.3974075317383,-8.92118072509766,"Female"
"9004153",371987,2025-05-21 21:45:42,42.3977813720703,-8.92082405090332,"Female"
"9004153",371987,2025-05-21 21:50:42,42.3977432250977,-8.9207592010498,"Female"
"9004153",371987,2025-05-21 21:55:42,42.397705078125,-8.92076778411865,"Female"
"9004153",371987,2025-05-21 22:00:42,42.3976020812988,-8.92093658447266,"Female"
"9004153",371987,2025-05-21 22:05:45,42.3976898193359,-8.92098236083984,"Female"
"9004153",371987,2025-05-21 22:10:41,42.3974685668945,-8.92120361328125,"Female"
"9004153",371987,2025-05-21 22:15:41,42.3976020812988,-8.92108249664307,"Female"
"9004153",371987,2025-05-21 22:20:40,42.3974380493164,-8.92139339447021,"Female"
"9004153",371987,2025-05-21 22:25:40,42.3975830078125,-8.92117309570312,"Female"
"9004153",371987,2025-05-21 22:30:40,42.3974418640137,-8.9211950302124,"Female"
"9004153",371987,2025-05-21 22:35:40,42.3975944519043,-8.92109203338623,"Female"
"9004153",371987,2025-05-21 22:40:40,42.3977851867676,-8.9209623336792,"Female"
"9004153",371987,2025-05-21 22:45:40,42.3977355957031,-8.92099952697754,"Female"
"9004153",371987,2025-05-21 22:50:44,42.3979454040527,-8.92078018188477,"Female"
"9004153",371987,2025-05-21 22:55:43,42.3977203369141,-8.92088317871094,"Female"
"9004153",371987,2025-05-21 23:00:40,42.3976974487305,-8.9207820892334,"Female"
"9004153",371987,2025-05-21 23:05:40,42.3976173400879,-8.92069339752197,"Female"
"9004153",371987,2025-05-21 23:10:41,42.3978996276855,-8.92077445983887,"Female"
"9004153",371987,2025-05-21 23:15:41,42.3978538513184,-8.92069244384766,"Female"
"9004153",371987,2025-05-21 23:20:42,42.3982009887695,-8.92101001739502,"Female"
"9004153",371987,2025-05-21 23:25:48,42.3986434936523,-8.92098617553711,"Female"
"9004153",371987,2025-05-21 23:30:46,42.3959159851074,-8.92003536224365,"Female"
"9004153",371987,2025-05-21 23:35:44,42.3979415893555,-8.92111110687256,"Female"
"9004153",371987,2025-05-21 23:40:42,42.3982925415039,-8.92144680023193,"Female"
"9004153",371987,2025-05-21 23:45:41,42.3984832763672,-8.92157173156738,"Female"
"9004153",371987,2025-05-21 23:50:40,42.3983535766602,-8.92158031463623,"Female"
"9004153",371987,2025-05-21 23:55:40,42.3981285095215,-8.92125129699707,"Female"
"9004153",371987,2025-05-22 00:00:41,42.398265838623,-8.9214506149292,"Female"
"9004153",371987,2025-05-22 00:05:40,42.3982849121094,-8.9214916229248,"Female"
"9004153",371987,2025-05-22 00:10:48,42.3982582092285,-8.92126655578613,"Female"
"9004153",371987,2025-05-22 00:15:40,42.3980941772461,-8.92124271392822,"Female"
"9004153",371987,2025-05-22 00:20:40,42.3981475830078,-8.92131900787354,"Female"
"9004153",371987,2025-05-22 00:25:40,42.398120880127,-8.92136096954346,"Female"
"9004153",371987,2025-05-22 00:30:40,42.3981170654297,-8.92126369476318,"Female"
"9004153",371987,2025-05-22 00:35:40,42.3980522155762,-8.92132472991943,"Female"
"9004153",371987,2025-05-22 00:40:40,42.3979949951172,-8.92125988006592,"Female"
"9004153",371987,2025-05-22 00:45:40,42.3980827331543,-8.92135906219482,"Female"
"9004153",371987,2025-05-22 00:50:40,42.3979339599609,-8.92130661010742,"Female"
"9004153",371987,2025-05-22 00:55:40,42.3979606628418,-8.921217918396,"Female"
"9004153",371987,2025-05-22 01:00:40,42.3978958129883,-8.92115211486816,"Female"
"9004153",371987,2025-05-22 01:05:41,42.3978614807129,-8.92120552062988,"Female"
"9004153",371987,2025-05-22 01:10:41,42.3978652954102,-8.92116928100586,"Female"
"9004153",371987,2025-05-22 01:15:41,42.397834777832,-8.92119693756104,"Female"
"9004153",371987,2025-05-22 01:20:40,42.3978157043457,-8.92106437683105,"Female"
"9004153",371987,2025-05-22 01:25:41,42.3978157043457,-8.92101001739502,"Female"
"9004153",371987,2025-05-22 01:30:41,42.397777557373,-8.92093658447266,"Female"
"9004153",371987,2025-05-22 01:35:41,42.3978233337402,-8.9209508895874,"Female"
"9004153",371987,2025-05-22 01:40:41,42.3977241516113,-8.92088031768799,"Female"
"9004153",371987,2025-05-22 01:45:41,42.3977355957031,-8.92081928253174,"Female"
"9004153",371987,2025-05-22 01:50:40,42.3976936340332,-8.92069911956787,"Female"
"9004153",371987,2025-05-22 01:55:40,42.3976669311523,-8.92068958282471,"Female"
"9004153",371987,2025-05-22 02:00:40,42.3979797363281,-8.9211950302124,"Female"
"9004153",371987,2025-05-22 02:05:41,42.3979988098145,-8.92108058929443,"Female"
"9004153",371987,2025-05-22 02:10:46,42.3979148864746,-8.92103004455566,"Female"
"9004153",371987,2025-05-22 02:15:44,42.3978843688965,-8.92101860046387,"Female"
"9004153",371987,2025-05-22 02:20:49,42.3979148864746,-8.92097568511963,"Female"
"9004153",371987,2025-05-22 02:25:49,42.397891998291,-8.9210205078125,"Female"
"9004153",371987,2025-05-22 02:30:49,42.3978958129883,-8.92101573944092,"Female"
"9004153",371987,2025-05-22 02:35:43,42.3979606628418,-8.92122554779053,"Female"
"9004153",371987,2025-05-22 02:40:42,42.3979568481445,-8.92116355895996,"Female"
"9004153",371987,2025-05-22 02:45:41,42.3979225158691,-8.92113971710205,"Female"
"9004153",371987,2025-05-22 02:50:41,42.3979339599609,-8.92119312286377,"Female"
"9004153",371987,2025-05-22 02:55:41,42.3979339599609,-8.92114067077637,"Female"
"9004153",371987,2025-05-22 03:00:41,42.3979415893555,-8.92103099822998,"Female"
"9004153",371987,2025-05-22 03:05:42,42.3978080749512,-8.92108058929443,"Female"
"9004153",371987,2025-05-22 03:10:41,42.3978118896484,-8.92131900787354,"Female"
"9004153",371987,2025-05-22 03:15:42,42.39794921875,-8.92139434814453,"Female"
"9004153",371987,2025-05-22 03:20:44,42.3978233337402,-8.92110061645508,"Female"
"9004153",371987,2025-05-22 03:25:40,42.3978271484375,-8.92105674743652,"Female"
"9004153",371987,2025-05-22 03:30:44,42.3977966308594,-8.92104911804199,"Female"
"9004153",371987,2025-05-22 03:35:40,42.3977508544922,-8.92109298706055,"Female"
"9004153",371987,2025-05-22 03:40:42,42.3977165222168,-8.92102813720703,"Female"
"9004153",371987,2025-05-22 03:45:41,42.3977470397949,-8.92106819152832,"Female"
"9004153",371987,2025-05-22 03:50:40,42.3977546691895,-8.9210844039917,"Female"
"9004153",371987,2025-05-22 03:55:40,42.3976707458496,-8.92108058929443,"Female"
"9004153",371987,2025-05-22 04:00:40,42.397705078125,-8.92105293273926,"Female"
"9004153",371987,2025-05-22 04:05:40,42.397705078125,-8.92108535766602,"Female"
"9004153",371987,2025-05-22 04:10:40,42.3977241516113,-8.92131614685059,"Female"
"9004153",371987,2025-05-22 04:15:41,42.397647857666,-8.92117977142334,"Female"
"9004153",371987,2025-05-22 04:20:41,42.3977203369141,-8.92098712921143,"Female"
"9004153",371987,2025-05-22 04:25:40,42.397819519043,-8.92112731933594,"Female"
"9004153",371987,2025-05-22 04:30:40,42.3976974487305,-8.92112159729004,"Female"
"9004153",371987,2025-05-22 04:35:41,42.3978271484375,-8.9211950302124,"Female"
"9004153",371987,2025-05-22 04:40:40,42.3978004455566,-8.92120838165283,"Female"
"9004153",371987,2025-05-22 04:45:40,42.3977127075195,-8.9211950302124,"Female"
"9004153",371987,2025-05-22 04:50:40,42.3978652954102,-8.92118358612061,"Female"
"9004153",371987,2025-05-22 04:55:40,42.3978042602539,-8.92086410522461,"Female"
"9004153",371987,2025-05-22 05:00:40,42.3978004455566,-8.92106628417969,"Female"
"9004153",371987,2025-05-22 05:05:40,42.3977203369141,-8.92098617553711,"Female"
"9004153",371987,2025-05-22 05:10:43,42.3978958129883,-8.92116355895996,"Female"
"9004153",371987,2025-05-22 05:15:41,42.3977890014648,-8.92109107971191,"Female"
"9004153",371987,2025-05-22 05:20:41,42.3977890014648,-8.92108535766602,"Female"
"9004153",371987,2025-05-22 05:25:40,42.3977661132812,-8.92107486724854,"Female"
"9004153",371987,2025-05-22 05:30:42,42.3977317810059,-8.92104911804199,"Female"
"9004153",371987,2025-05-22 05:35:40,42.3978729248047,-8.92116928100586,"Female"
"9004153",371987,2025-05-22 05:40:40,42.3976745605469,-8.92096519470215,"Female"
"9004153",371987,2025-05-22 05:45:40,42.3996315002441,-8.91915321350098,"Female"
"9004153",371987,2025-05-22 05:50:53,42.3984336853027,-8.92058181762695,"Female"
"9004153",371987,2025-05-22 05:55:43,42.3982620239258,-8.92055130004883,"Female"
"9004153",371987,2025-05-22 06:00:41,42.398265838623,-8.92034721374512,"Female"
"9004153",371987,2025-05-22 06:06:17,42.4027633666992,-8.90242862701416,"Female"
"9004153",371987,2025-05-22 06:11:16,42.4087295532227,-8.89716529846191,"Female"
"9004153",371987,2025-05-22 06:16:15,42.4149284362793,-8.89167213439941,"Female"
"9004153",371987,2025-05-22 06:21:40,42.4188919067383,-8.88977813720703,"Female"
"9004153",371987,2025-05-22 06:26:40,42.4351768493652,-8.88647651672363,"Female"
"9004153",371987,2025-05-22 06:31:37,42.439266204834,-8.88823127746582,"Female"
"9004153",371987,2025-05-22 06:36:37,42.4496574401855,-8.89744758605957,"Female"
"9004153",371987,2025-05-22 06:41:37,42.458438873291,-8.93888282775879,"Female"
"9004153",371987,2025-05-22 06:46:38,42.486743927002,-8.93542289733887,"Female"
"9004153",371987,2025-05-22 06:51:39,42.5111694335938,-8.92110252380371,"Female"
"9004153",371987,2025-05-22 06:56:41,42.5348777770996,-8.90433406829834,"Female"
"9004153",371987,2025-05-22 07:01:40,42.5438537597656,-8.89087104797363,"Female"
"9004153",371987,2025-05-22 07:07:04,42.5453681945801,-8.8897180557251,"Female"
"9004153",371987,2025-05-22 07:13:06,42.5464172363281,-8.88835144042969,"Female"
"9004153",371987,2025-05-22 07:19:23,42.5464744567871,-8.88731861114502,"Female"
"9004153",371987,2025-05-22 07:23:36,42.5470275878906,-8.88704013824463,"Female"
"9004153",371987,2025-05-22 07:29:09,42.5473251342773,-8.88601303100586,"Female"
"9004153",371987,2025-05-22 07:34:08,42.5462265014648,-8.88559913635254,"Female"
"9004153",371987,2025-05-22 07:39:08,42.5457229614258,-8.88458919525146,"Female"
"9004153",371987,2025-05-22 07:44:08,42.5457534790039,-8.88457489013672,"Female"
"9004153",371987,2025-05-22 07:49:08,42.545783996582,-8.88460445404053,"Female"
"9004153",371987,2025-05-22 07:54:16,42.5456886291504,-8.88456916809082,"Female"
"9004153",371987,2025-05-22 07:59:33,42.5456275939941,-8.88457202911377,"Female"
"9004153",371987,2025-05-22 08:05:25,42.5456581115723,-8.88461685180664,"Female"
"9004153",371987,2025-05-22 08:10:23,42.5457992553711,-8.88470268249512,"Female"
"9004153",371987,2025-05-22 08:15:23,42.5458030700684,-8.88471794128418,"Female"
"9004153",371987,2025-05-22 08:20:23,42.5457420349121,-8.88448047637939,"Female"
"9004153",371987,2025-05-22 08:25:24,42.5461540222168,-8.88339233398438,"Female"
"9004153",371987,2025-05-22 08:30:23,42.5453491210938,-8.88307666778564,"Female"
"9004153",371987,2025-05-22 08:36:01,42.5448455810547,-8.88235473632812,"Female"
"9004153",371987,2025-05-22 08:41:10,42.5457649230957,-8.8817195892334,"Female"
"9004153",371987,2025-05-22 08:46:09,42.5465469360352,-8.88113307952881,"Female"
"9004153",371987,2025-05-22 08:51:10,42.5465393066406,-8.8824577331543,"Female"
"9004153",371987,2025-05-22 08:56:11,42.546875,-8.88413143157959,"Female"
"9004153",371987,2025-05-22 09:01:10,42.5468978881836,-8.88257122039795,"Female"
"9004153",371987,2025-05-22 09:06:16,42.5459175109863,-8.88370323181152,"Female"
"9004153",371987,2025-05-22 09:11:11,42.5456314086914,-8.88233375549316,"Female"
"9004153",371987,2025-05-22 09:16:10,42.5467185974121,-8.88168430328369,"Female"
"9004153",371987,2025-05-22 09:21:47,42.5475692749023,-8.8823127746582,"Female"
"9004153",371987,2025-05-22 09:26:59,42.5486183166504,-8.88280582427979,"Female"
"9004153",371987,2025-05-22 09:32:15,42.5493927001953,-8.88262939453125,"Female"
"9004153",371987,2025-05-22 09:37:58,42.5496940612793,-8.88205432891846,"Female"
"9004153",371987,2025-05-22 09:42:57,42.5486793518066,-8.88356399536133,"Female"
"9004153",371987,2025-05-22 09:48:38,42.5472297668457,-8.88422870635986,"Female"
"9004153",371987,2025-05-22 09:54:11,42.5468101501465,-8.88551044464111,"Female"
"9004153",371987,2025-05-22 09:59:04,42.5461082458496,-8.88599586486816,"Female"
"9004153",371987,2025-05-22 10:04:06,42.5447196960449,-8.88963413238525,"Female"
"9004153",371987,2025-05-22 10:09:02,42.5445022583008,-8.88908863067627,"Female"
"9004153",371987,2025-05-22 10:14:02,42.54443359375,-8.88874626159668,"Female"
"9004153",371987,2025-05-22 10:19:04,42.5444183349609,-8.88767337799072,"Female"
"9004153",371987,2025-05-22 10:24:02,42.5443229675293,-8.88875961303711,"Female"
"9004153",371987,2025-05-22 10:29:05,42.544303894043,-8.88817977905273,"Female"
"9004153",371987,2025-05-22 10:34:07,42.5442276000977,-8.88854026794434,"Female"
"9004153",371987,2025-05-22 10:39:08,42.5442886352539,-8.88831520080566,"Female"
"9004153",371987,2025-05-22 10:44:07,42.5442237854004,-8.88814449310303,"Female"
"9004153",371987,2025-05-22 10:49:35,42.5443572998047,-8.88829898834229,"Female"
"9004153",371987,2025-05-22 10:53:59,42.5443305969238,-8.88837814331055,"Female"
"9004153",371987,2025-05-22 10:58:59,42.5443687438965,-8.88835144042969,"Female"
"9004153",371987,2025-05-22 11:03:59,42.5444183349609,-8.88840579986572,"Female"
"9004153",371987,2025-05-22 11:08:59,42.5444297790527,-8.88825130462646,"Female"
"9004153",371987,2025-05-22 11:14:00,42.5444259643555,-8.88828754425049,"Female"
"9004153",371987,2025-05-22 11:19:21,42.5453453063965,-8.88886260986328,"Female"
"9004153",371987,2025-05-22 11:24:19,42.5466651916504,-8.88746547698975,"Female"
"9004153",371987,2025-05-22 11:29:55,42.5475234985352,-8.88655662536621,"Female"
"9004153",371987,2025-05-22 11:35:12,42.5483779907227,-8.88570976257324,"Female"
"9004153",371987,2025-05-22 11:40:46,42.5478515625,-8.88698863983154,"Female"
"9004153",371987,2025-05-22 11:45:57,42.5467262268066,-8.88853168487549,"Female"
"9004153",371987,2025-05-22 11:51:22,42.5459480285645,-8.88982963562012,"Female"
"9004153",371987,2025-05-22 11:56:21,42.5452270507812,-8.8905668258667,"Female"
"9004153",371987,2025-05-22 12:01:22,42.544261932373,-8.89078426361084,"Female"
"9004153",371987,2025-05-22 12:06:20,42.5431137084961,-8.89113330841064,"Female"
"9004153",371987,2025-05-22 12:11:22,42.5437850952148,-8.89013957977295,"Female"
"9004153",371987,2025-05-22 12:16:21,42.5443649291992,-8.88866138458252,"Female"
"9004153",371987,2025-05-22 12:21:20,42.5444717407227,-8.88829898834229,"Female"
"9004153",371987,2025-05-22 12:26:20,42.5444374084473,-8.88828086853027,"Female"
"9004153",371987,2025-05-22 12:31:21,42.5444259643555,-8.88828182220459,"Female"
"9004153",371987,2025-05-22 12:36:23,42.5444984436035,-8.88819122314453,"Female"
"9004153",371987,2025-05-22 12:41:21,42.5443687438965,-8.88819980621338,"Female"
"9004153",371987,2025-05-22 12:46:20,42.5444717407227,-8.88817596435547,"Female"
"9004153",371987,2025-05-22 12:51:21,42.5467376708984,-8.88774585723877,"Female"
"9004153",371987,2025-05-22 12:56:23,42.5457572937012,-8.88956165313721,"Female"
"9004153",371987,2025-05-22 13:01:32,42.5456199645996,-8.89000988006592,"Female"
"9004153",371987,2025-05-22 13:07:03,42.5454292297363,-8.8896427154541,"Female"
"9004153",371987,2025-05-22 13:12:04,42.5450859069824,-8.89065742492676,"Female"
"9004153",371987,2025-05-22 13:17:32,42.545524597168,-8.89083480834961,"Female"
"9004153",371987,2025-05-22 13:22:29,42.5457992553711,-8.88985061645508,"Female"
"9004153",371987,2025-05-22 13:27:37,42.5441207885742,-8.88967514038086,"Female"
"9004153",371987,2025-05-22 13:32:37,42.5442390441895,-8.88788223266602,"Female"
"9004153",371987,2025-05-22 13:37:39,42.5444259643555,-8.88812351226807,"Female"
"9004153",371987,2025-05-22 13:42:37,42.5444679260254,-8.88798713684082,"Female"
"9004153",371987,2025-05-22 13:47:39,42.5443992614746,-8.88813018798828,"Female"
"9004153",371987,2025-05-22 13:52:39,42.5443229675293,-8.88829612731934,"Female"
"9004153",371987,2025-05-22 13:57:39,42.5443420410156,-8.88827133178711,"Female"
"9004153",371987,2025-05-22 14:02:36,42.5177307128906,-8.91054534912109,"Female"
"9004153",371987,2025-05-22 14:07:37,42.5169296264648,-8.91308498382568,"Female"
"9004153",371987,2025-05-22 14:12:37,42.5161361694336,-8.91537761688232,"Female"
"9004153",371987,2025-05-22 14:17:36,42.5009994506836,-8.92773628234863,"Female"
"9004153",371987,2025-05-22 14:22:36,42.4572525024414,-8.94480419158936,"Female"
"9004153",371987,2025-05-22 14:27:35,42.4554710388184,-8.9444408416748,"Female"
"9004153",371987,2025-05-22 14:32:37,42.4534759521484,-8.94398307800293,"Female"
"9004153",371987,2025-05-22 14:37:38,42.451530456543,-8.94287490844727,"Female"
"9004153",371987,2025-05-22 14:42:38,42.450309753418,-8.94172382354736,"Female"
"9004153",371987,2025-05-22 14:47:39,42.4171409606934,-8.92934417724609,"Female"
"9004153",371987,2025-05-22 14:52:37,42.4148483276367,-8.92912197113037,"Female"
"9004153",371987,2025-05-22 14:57:40,42.3977699279785,-8.91982650756836,"Female"
"9004153",371987,2025-05-22 15:02:37,42.3977737426758,-8.91977119445801,"Female"
"9004153",371987,2025-05-22 15:07:37,42.3978004455566,-8.91992568969727,"Female"
"9004153",371987,2025-05-22 15:12:38,42.3976173400879,-8.92030239105225,"Female"
"9004153",371987,2025-05-22 15:18:35,42.3974800109863,-8.92092609405518,"Female"
"9004153",371987,2025-05-22 15:22:42,42.3974571228027,-8.92077922821045,"Female"
"9004153",371987,2025-05-22 15:27:36,42.397403717041,-8.92080116271973,"Female"
"9004153",371987,2025-05-22 15:32:46,42.3974189758301,-8.9208459854126,"Female"
"9004153",371987,2025-05-22 15:37:37,42.3974151611328,-8.92090129852295,"Female"
"9004153",371987,2025-05-22 15:42:36,42.3974380493164,-8.92089080810547,"Female"
"9004153",371987,2025-05-22 15:47:42,42.3974647521973,-8.92090797424316,"Female"
"9004153",371987,2025-05-22 15:52:36,42.3974151611328,-8.92090797424316,"Female"
"9004153",371987,2025-05-22 15:57:35,42.397331237793,-8.9207820892334,"Female"
"9004153",371987,2025-05-22 16:02:35,42.397518157959,-8.92105770111084,"Female"
"9004153",371987,2025-05-22 16:07:39,42.3974838256836,-8.92104530334473,"Female"
"9004153",371987,2025-05-22 16:12:36,42.3974304199219,-8.92092704772949,"Female"
"9004153",371987,2025-05-22 16:17:37,42.3974952697754,-8.92095470428467,"Female"
"9004153",371987,2025-05-22 16:22:36,42.3976936340332,-8.92117404937744,"Female"
"9004153",371987,2025-05-22 16:27:40,42.3974914550781,-8.9210033416748,"Female"
"9004153",371987,2025-05-22 16:32:35,42.3974723815918,-8.92100715637207,"Female"
"9004153",371987,2025-05-22 16:37:35,42.3974113464355,-8.9208869934082,"Female"
"9004153",371987,2025-05-22 16:42:50,42.3974189758301,-8.92089653015137,"Female"
"9004153",371987,2025-05-22 16:47:38,42.3972969055176,-8.92078876495361,"Female"
"9004153",371987,2025-05-22 16:52:38,42.3973350524902,-8.92081451416016,"Female"
"9004153",371987,2025-05-22 16:57:42,42.397331237793,-8.92080593109131,"Female"
"9004153",371987,2025-05-22 17:02:42,42.3974113464355,-8.92080974578857,"Female"
"9004153",371987,2025-05-22 17:07:45,42.3975791931152,-8.92075157165527,"Female"
"9004153",371987,2025-05-22 17:12:53,42.3974609375,-8.92100143432617,"Female"
"9004153",371987,2025-05-22 17:17:39,42.3975372314453,-8.92098808288574,"Female"
"9004153",371987,2025-05-22 17:22:35,42.3975028991699,-8.9209156036377,"Female"
"9004153",371987,2025-05-22 17:27:58,42.3973236083984,-8.92099761962891,"Female"
"9004153",371987,2025-05-22 17:33:14,42.3973846435547,-8.92089366912842,"Female"
"9004153",371987,2025-05-22 17:37:36,42.3975524902344,-8.92086696624756,"Female"
"9004153",371987,2025-05-22 17:42:35,42.3975143432617,-8.92086791992188,"Female"
"9004153",371987,2025-05-22 17:47:36,42.3975028991699,-8.92083835601807,"Female"
"9004153",371987,2025-05-22 17:52:38,42.397331237793,-8.92087268829346,"Female"
"9004153",371987,2025-05-22 17:57:36,42.3974494934082,-8.92091178894043,"Female"
"9004153",371987,2025-05-22 18:02:36,42.3975372314453,-8.92086219787598,"Female"
"9004153",371987,2025-05-22 18:07:36,42.3974342346191,-8.92083835601807,"Female"
"9004153",371987,2025-05-22 18:12:36,42.3974456787109,-8.92084980010986,"Female"
"9004153",371987,2025-05-22 18:17:35,42.3975486755371,-8.92086887359619,"Female"
"9004153",371987,2025-05-22 18:22:36,42.3979606628418,-8.9212760925293,"Female"
"9004153",371987,2025-05-22 18:27:36,42.397891998291,-8.92126846313477,"Female"
"9004153",371987,2025-05-22 18:32:39,42.397518157959,-8.92068862915039,"Female"
"9004153",371987,2025-05-22 18:38:05,42.3975830078125,-8.9207010269165,"Female"
"9004153",371987,2025-05-22 18:42:34,42.3975563049316,-8.92078495025635,"Female"
"9004153",371987,2025-05-22 18:47:34,42.3975372314453,-8.92078971862793,"Female"
"9004153",371987,2025-05-22 18:52:34,42.3976058959961,-8.92077445983887,"Female"
"9004153",371987,2025-05-22 18:57:34,42.3975372314453,-8.92086505889893,"Female"
"9004153",371987,2025-05-22 19:02:34,42.3974647521973,-8.92082118988037,"Female"
"9004153",371987,2025-05-22 19:07:37,42.3974838256836,-8.92084312438965,"Female"
"9004153",371987,2025-05-22 19:12:34,42.3975296020508,-8.9208459854126,"Female"
"9004153",371987,2025-05-22 19:17:34,42.3975486755371,-8.92081165313721,"Female"
"9004153",371987,2025-05-22 19:22:35,42.3975372314453,-8.9208288192749,"Female"
"9004153",371987,2025-05-22 19:27:36,42.3975219726562,-8.9207878112793,"Female"
"9004153",371987,2025-05-22 19:32:36,42.3975372314453,-8.92086219787598,"Female"
"9004153",371987,2025-05-22 19:37:36,42.3975486755371,-8.92083740234375,"Female"
"9004153",371987,2025-05-22 19:42:36,42.3975296020508,-8.92085838317871,"Female"
"9004153",371987,2025-05-22 19:47:37,42.3975486755371,-8.92096614837646,"Female"
"9004153",371987,2025-05-22 19:52:36,42.397533416748,-8.9209041595459,"Female"
"9004153",371987,2025-05-22 19:57:36,42.3975563049316,-8.92087745666504,"Female"
"9004153",371987,2025-05-22 20:02:36,42.3975830078125,-8.92088794708252,"Female"
"9004153",371987,2025-05-22 20:07:36,42.3975448608398,-8.92093086242676,"Female"
"9004153",371987,2025-05-22 20:12:36,42.3976020812988,-8.92089462280273,"Female"
"9004153",371987,2025-05-22 20:17:36,42.397575378418,-8.92088031768799,"Female"
"9004153",371987,2025-05-22 20:22:35,42.3975868225098,-8.92095565795898,"Female"
"9004153",371987,2025-05-22 20:27:36,42.3976364135742,-8.92099285125732,"Female"
"9004153",371987,2025-05-22 20:32:37,42.3976936340332,-8.92104721069336,"Female"
"9004153",371987,2025-05-22 20:37:37,42.3976554870605,-8.92105197906494,"Female"
"9004153",371987,2025-05-22 20:42:35,42.397705078125,-8.92111110687256,"Female"
"9004153",371987,2025-05-22 20:47:36,42.3977279663086,-8.92113590240479,"Female"
"9004153",371987,2025-05-22 20:52:35,42.3976516723633,-8.92109107971191,"Female"
"9004153",371987,2025-05-22 20:57:35,42.3977127075195,-8.92107486724854,"Female"
"9004153",371987,2025-05-22 21:02:37,42.3978805541992,-8.92136669158936,"Female"
"9004153",371987,2025-05-22 21:07:36,42.3977279663086,-8.92126369476318,"Female"
"9004153",371987,2025-05-22 21:12:37,42.3974876403809,-8.92092990875244,"Female"
"9004153",371987,2025-05-22 21:17:36,42.397590637207,-8.92091369628906,"Female"
"9004153",371987,2025-05-22 21:22:35,42.3974876403809,-8.92075157165527,"Female"
"9004153",371987,2025-05-22 21:28:05,42.3974761962891,-8.92079162597656,"Female"
"9004153",371987,2025-05-22 21:32:34,42.3974952697754,-8.92081451416016,"Female"
"9004153",371987,2025-05-22 21:37:35,42.3975448608398,-8.92091369628906,"Female"
"9004153",371987,2025-05-22 21:42:34,42.3974609375,-8.92078876495361,"Female"
"9004153",371987,2025-05-22 21:47:34,42.3974456787109,-8.9207763671875,"Female"
"9004153",371987,2025-05-22 21:52:34,42.3974990844727,-8.92080211639404,"Female"
"9004153",371987,2025-05-22 21:57:35,42.3974723815918,-8.92087745666504,"Female"
"9004153",371987,2025-05-22 22:02:34,42.3974571228027,-8.92083358764648,"Female"
"9004153",371987,2025-05-22 22:07:34,42.3974647521973,-8.92086315155029,"Female"
"9004153",371987,2025-05-22 22:12:34,42.3975143432617,-8.92077255249023,"Female"
"9004153",371987,2025-05-22 22:17:35,42.3974723815918,-8.92079830169678,"Female"
"9004153",371987,2025-05-22 22:22:34,42.3974990844727,-8.92083644866943,"Female"
"9004153",371987,2025-05-22 22:27:34,42.3974685668945,-8.92081260681152,"Female"
"9004153",371987,2025-05-22 22:32:38,42.3974418640137,-8.92078304290771,"Female"
"9004153",371987,2025-05-22 22:37:34,42.3974876403809,-8.92080307006836,"Female"
"9004153",371987,2025-05-22 22:42:34,42.3974533081055,-8.92083263397217,"Female"
"9004153",371987,2025-05-22 22:47:39,42.3974609375,-8.92079734802246,"Female"
"9004153",371987,2025-05-22 22:52:35,42.3974800109863,-8.92084884643555,"Female"
"9004153",371987,2025-05-22 22:57:40,42.397518157959,-8.92092990875244,"Female"
"9004153",371987,2025-05-22 23:02:41,42.3976669311523,-8.92125129699707,"Female"
"9004153",371987,2025-05-22 23:07:52,42.3976554870605,-8.92105579376221,"Female"
"9004153",371987,2025-05-22 23:12:46,42.3974685668945,-8.92084121704102,"Female"
"9004153",371987,2025-05-22 23:17:42,42.397029876709,-8.9203519821167,"Female"
"9004153",371987,2025-05-22 23:22:53,42.3973731994629,-8.92070579528809,"Female"
"9004153",371987,2025-05-22 23:27:41,42.3975830078125,-8.92095947265625,"Female"
"9004153",371987,2025-05-22 23:33:05,42.3974800109863,-8.92077350616455,"Female"
"9004153",371987,2025-05-22 23:37:35,42.3975028991699,-8.92067337036133,"Female"
"9004153",371987,2025-05-22 23:42:36,42.3976287841797,-8.92099475860596,"Female"
"9004153",371987,2025-05-22 23:47:36,42.3974952697754,-8.92066860198975,"Female"
"9004153",371987,2025-05-22 23:52:35,42.3974342346191,-8.92072010040283,"Female"
"9004153",371987,2025-05-22 23:57:35,42.3974342346191,-8.92076396942139,"Female"
"9004153",371987,2025-05-23 00:02:36,42.3971786499023,-8.92031478881836,"Female"
"9004153",371987,2025-05-23 00:07:36,42.3974914550781,-8.92075729370117,"Female"
"9004153",371987,2025-05-23 00:12:36,42.3974800109863,-8.92075443267822,"Female"
"9004153",371987,2025-05-23 00:17:35,42.3974266052246,-8.9207010269165,"Female"
"9004153",371987,2025-05-23 00:22:35,42.3975486755371,-8.92071342468262,"Female"
"9004153",371987,2025-05-23 00:27:35,42.3974533081055,-8.92072868347168,"Female"
"9004153",371987,2025-05-23 00:32:35,42.3975105285645,-8.92070865631104,"Female"
"9004153",371987,2025-05-23 00:37:35,42.3974647521973,-8.92066287994385,"Female"
"9004153",371987,2025-05-23 00:42:35,42.3975677490234,-8.92065048217773,"Female"
"9004153",371987,2025-05-23 00:47:35,42.3976287841797,-8.9206714630127,"Female"
"9004153",371987,2025-05-23 00:52:35,42.3975830078125,-8.92066669464111,"Female"
"9004153",371987,2025-05-23 00:57:35,42.3975563049316,-8.92064380645752,"Female"
"9004153",371987,2025-05-23 01:02:35,42.3975601196289,-8.920729637146,"Female"
"9004153",371987,2025-05-23 01:07:35,42.3974533081055,-8.9206485748291,"Female"
"9004153",371987,2025-05-23 01:12:35,42.3975791931152,-8.92063045501709,"Female"
"9004153",371987,2025-05-23 01:17:35,42.3975219726562,-8.92068576812744,"Female"
"9004153",371987,2025-05-23 01:22:37,42.3975067138672,-8.92068004608154,"Female"
"9004153",371987,2025-05-23 01:27:37,42.3974723815918,-8.92070293426514,"Female"
"9004153",371987,2025-05-23 01:32:35,42.3975372314453,-8.92070293426514,"Female"
"9004153",371987,2025-05-23 01:37:37,42.3974494934082,-8.92047786712646,"Female"
"9004153",371987,2025-05-23 01:42:35,42.3974685668945,-8.92067337036133,"Female"
"9004153",371987,2025-05-23 01:47:38,42.3974189758301,-8.92073535919189,"Female"
"9004153",371987,2025-05-23 01:52:37,42.3974113464355,-8.9207181930542,"Female"
"9004153",371987,2025-05-23 01:57:35,42.3975372314453,-8.92073440551758,"Female"
"9004153",371987,2025-05-23 02:03:05,42.3974571228027,-8.92072582244873,"Female"
"9004153",371987,2025-05-23 02:07:35,42.3974952697754,-8.92080593109131,"Female"
"9004153",371987,2025-05-23 02:12:36,42.3974761962891,-8.92066955566406,"Female"
"9004153",371987,2025-05-23 02:17:36,42.3974456787109,-8.92074012756348,"Female"
"9004153",371987,2025-05-23 02:22:39,42.397533416748,-8.92067241668701,"Female"
"9004153",371987,2025-05-23 02:27:40,42.3975143432617,-8.92073726654053,"Female"
"9004153",371987,2025-05-23 02:32:39,42.3974723815918,-8.92074203491211,"Female"
"9004153",371987,2025-05-23 02:37:37,42.3974952697754,-8.92071914672852,"Female"
"9004153",371987,2025-05-23 02:42:37,42.3974609375,-8.92070960998535,"Female"
"9004153",371987,2025-05-23 02:47:36,42.3974304199219,-8.92061042785645,"Female"
"9004153",371987,2025-05-23 02:52:36,42.3974990844727,-8.92070293426514,"Female"
"9004153",371987,2025-05-23 02:57:35,42.3975639343262,-8.92080688476562,"Female"
"9004153",371987,2025-05-23 03:02:36,42.3974609375,-8.92057132720947,"Female"
"9004153",371987,2025-05-23 03:07:36,42.3974456787109,-8.92057323455811,"Female"
"9004153",371987,2025-05-23 03:12:36,42.397403717041,-8.92061519622803,"Female"
"9004153",371987,2025-05-23 03:17:36,42.3974151611328,-8.92059898376465,"Female"
"9004153",371987,2025-05-23 03:22:36,42.3975067138672,-8.92049694061279,"Female"
"9004153",371987,2025-05-23 03:27:36,42.3976898193359,-8.92060375213623,"Female"
"9004153",371987,2025-05-23 03:32:39,42.3975257873535,-8.92064571380615,"Female"
"9004153",371987,2025-05-23 03:37:43,42.3975067138672,-8.92068004608154,"Female"
"9004153",371987,2025-05-23 03:42:39,42.397533416748,-8.92059516906738,"Female"
"9004153",371987,2025-05-23 03:47:38,42.3974227905273,-8.92059803009033,"Female"
"9004153",371987,2025-05-23 03:52:44,42.3973388671875,-8.92066097259521,"Female"
"9004153",371987,2025-05-23 03:57:36,42.3977317810059,-8.92081165313721,"Female"
"9004153",371987,2025-05-23 04:02:36,42.3975448608398,-8.9205846786499,"Female"
"9004153",371987,2025-05-23 04:07:36,42.3974342346191,-8.92055702209473,"Female"
"9004153",371987,2025-05-23 04:12:36,42.397590637207,-8.92069530487061,"Female"
"9004153",371987,2025-05-23 04:17:36,42.3975677490234,-8.92074203491211,"Female"
"9004153",371987,2025-05-23 04:22:40,42.3975868225098,-8.92071914672852,"Female"
"9004153",371987,2025-05-23 04:27:38,42.3976249694824,-8.92072677612305,"Female"
"9004153",371987,2025-05-23 04:32:39,42.3975486755371,-8.92093563079834,"Female"
"9004153",371987,2025-05-23 04:37:36,42.3974609375,-8.92068386077881,"Female"
"9004153",371987,2025-05-23 04:42:37,42.397575378418,-8.9208517074585,"Female"
"9004153",371987,2025-05-23 04:47:39,42.3978958129883,-8.92072772979736,"Female"
"9004153",371987,2025-05-23 04:52:36,42.3976058959961,-8.9209156036377,"Female"
"9004153",371987,2025-05-23 04:57:37,42.397533416748,-8.92122268676758,"Female"
"9004153",371987,2025-05-23 05:02:36,42.3970336914062,-8.92097187042236,"Female"
"9004153",371987,2025-05-23 05:07:36,42.3977241516113,-8.92144393920898,"Female"
"9004153",371987,2025-05-23 05:12:38,42.4180717468262,-8.92042541503906,"Female"
"9004153",371987,2025-05-23 05:17:35,42.4429969787598,-8.92391681671143,"Female"
"9004153",371987,2025-05-23 05:22:37,42.4660148620605,-8.94490814208984,"Female"
"9004153",371987,2025-05-23 05:27:37,42.4882354736328,-8.93488788604736,"Female"
"9004153",371987,2025-05-23 05:32:36,42.4922561645508,-8.93345642089844,"Female"
"9004153",371987,2025-05-23 05:37:37,42.4921340942383,-8.93342781066895,"Female"
"9004153",371987,2025-05-23 05:42:35,42.4927597045898,-8.9339542388916,"Female"
"9004153",371987,2025-05-23 05:47:36,42.5073318481445,-8.92152404785156,"Female"
"9004153",371987,2025-05-23 05:52:36,42.5239181518555,-8.90851974487305,"Female"
"9004153",371987,2025-05-23 05:57:36,42.5432815551758,-8.89080810546875,"Female"
"9004153",371987,2025-05-23 06:03:28,42.5449638366699,-8.89068508148193,"Female"
"9004153",371987,2025-05-23 06:09:14,42.5454216003418,-8.88980484008789,"Female"
"9004153",371987,2025-05-23 06:14:13,42.5455589294434,-8.89034652709961,"Female"
"9004153",371987,2025-05-23 06:19:17,42.5445594787598,-8.89089488983154,"Female"
"9004153",371987,2025-05-23 06:24:41,42.5447692871094,-8.89104175567627,"Female"
"9004153",371987,2025-05-23 06:29:59,42.5456237792969,-8.8901948928833,"Female"
"9004153",371987,2025-05-23 06:35:01,42.5459289550781,-8.888991355896,"Female"
"9004153",371987,2025-05-23 06:40:06,42.5469284057617,-8.8871603012085,"Female"
"9004153",371987,2025-05-23 06:44:59,42.5463104248047,-8.8872537612915,"Female"
"9004153",371987,2025-05-23 06:50:06,42.545108795166,-8.88574028015137,"Female"
"9004153",371987,2025-05-23 06:54:59,42.545539855957,-8.88499450683594,"Female"
"9004153",371987,2025-05-23 06:59:58,42.5453567504883,-8.88521289825439,"Female"
"9004153",371987,2025-05-23 07:04:59,42.5454521179199,-8.88500022888184,"Female"
"9004153",371987,2025-05-23 07:09:58,42.5453567504883,-8.88518714904785,"Female"
"9004153",371987,2025-05-23 07:15:14,42.5456848144531,-8.88457107543945,"Female"
"9004153",371987,2025-05-23 07:19:58,42.5456886291504,-8.88458347320557,"Female"
"9004153",371987,2025-05-23 07:24:58,42.5456428527832,-8.88455677032471,"Female"
"9004153",371987,2025-05-23 07:30:01,42.5438117980957,-8.88435554504395,"Female"
"9004153",371987,2025-05-23 07:35:11,42.5426826477051,-8.88478088378906,"Female"
"9004153",371987,2025-05-23 07:40:11,42.5424613952637,-8.88639831542969,"Female"
"9004153",371987,2025-05-23 07:45:39,42.5412406921387,-8.88663578033447,"Female"
"9004153",371987,2025-05-23 07:50:39,42.5400543212891,-8.88770198822021,"Female"
"9004153",371987,2025-05-23 07:56:09,42.5394515991211,-8.88802528381348,"Female"
"9004153",371987,2025-05-23 08:01:11,42.5389060974121,-8.88868999481201,"Female"
"9004153",371987,2025-05-23 08:06:10,42.5393447875977,-8.88794231414795,"Female"
"9004153",371987,2025-05-23 08:11:10,42.5390892028809,-8.88731479644775,"Female"
"9004153",371987,2025-05-23 08:16:50,42.5406265258789,-8.88771629333496,"Female"
"9004153",371987,2025-05-23 08:21:49,42.5443267822266,-8.88767623901367,"Female"
"9004153",371987,2025-05-23 08:26:49,42.5444602966309,-8.88761615753174,"Female"
"9004153",371987,2025-05-23 08:31:51,42.5444488525391,-8.88746356964111,"Female"
"9004153",371987,2025-05-23 08:36:49,42.5445327758789,-8.88766384124756,"Female"
"9004153",371987,2025-05-23 08:41:49,42.5444869995117,-8.88753795623779,"Female"
"9004153",371987,2025-05-23 08:46:49,42.5446624755859,-8.8881139755249,"Female"
"9004153",371987,2025-05-23 08:51:50,42.5447006225586,-8.88811874389648,"Female"
"9004153",371987,2025-05-23 08:56:49,42.5446853637695,-8.88812255859375,"Female"
"9004153",371987,2025-05-23 09:01:48,42.5446128845215,-8.88818264007568,"Female"
"9004153",371987,2025-05-23 09:06:48,42.5446586608887,-8.88821983337402,"Female"
"9004153",371987,2025-05-23 09:12:14,42.5444869995117,-8.88825035095215,"Female"
"9004153",371987,2025-05-23 09:16:48,42.544605255127,-8.88848495483398,"Female"
"9004153",371987,2025-05-23 09:22:19,42.545467376709,-8.88962459564209,"Female"
"9004153",371987,2025-05-23 09:27:13,42.546932220459,-8.8838939666748,"Female"
"9004153",371987,2025-05-23 09:32:13,42.5479011535645,-8.88269424438477,"Female"
"9004153",371987,2025-05-23 09:37:17,42.5481185913086,-8.8812255859375,"Female"
"9004153",371987,2025-05-23 09:42:15,42.5487098693848,-8.88033199310303,"Female"
"9004153",371987,2025-05-23 09:47:39,42.5500106811523,-8.88150215148926,"Female"
"9004153",371987,2025-05-23 09:52:48,42.5495529174805,-8.88252735137939,"Female"
"9004153",371987,2025-05-23 09:59:01,42.5484580993652,-8.88319778442383,"Female"
"9004153",371987,2025-05-23 10:04:07,42.5487365722656,-8.88379955291748,"Female"
"9004153",371987,2025-05-23 10:09:04,42.5500259399414,-8.88352584838867,"Female"
"9004153",371987,2025-05-23 10:14:07,42.5501251220703,-8.88384914398193,"Female"
"9004153",371987,2025-05-23 10:19:06,42.5502090454102,-8.88363265991211,"Female"
"9004153",371987,2025-05-23 10:24:07,42.5502014160156,-8.88363933563232,"Female"
"9004153",371987,2025-05-23 10:29:07,42.5502433776855,-8.88371276855469,"Female"
"9004153",371987,2025-05-23 10:34:07,42.550220489502,-8.88368225097656,"Female"
"9004153",371987,2025-05-23 10:39:07,42.550220489502,-8.88362789154053,"Female"
"9004153",371987,2025-05-23 10:44:06,42.5502281188965,-8.88367462158203,"Female"
"9004153",371987,2025-05-23 10:49:06,42.5501899719238,-8.88362503051758,"Female"
"9004153",371987,2025-05-23 10:54:06,42.550178527832,-8.88361740112305,"Female"
"9004153",371987,2025-05-23 10:59:06,42.5501556396484,-8.88364601135254,"Female"
"9004153",371987,2025-05-23 11:04:06,42.5502052307129,-8.88358211517334,"Female"
"9004153",371987,2025-05-23 11:09:05,42.5495147705078,-8.88321304321289,"Female"
"9004153",371987,2025-05-23 11:14:08,42.5499267578125,-8.88230800628662,"Female"
"9004153",371987,2025-05-23 11:20:33,42.5507202148438,-8.88174629211426,"Female"
"9004153",371987,2025-05-23 11:25:32,42.550479888916,-8.88105297088623,"Female"
"9004153",371987,2025-05-23 11:31:31,42.5500640869141,-8.87970542907715,"Female"
"9004153",371987,2025-05-23 11:37:04,42.5481224060059,-8.87915420532227,"Female"
"9004153",371987,2025-05-23 11:42:41,42.5504035949707,-8.87765026092529,"Female"
"9004153",371987,2025-05-23 11:47:36,42.5508003234863,-8.87771224975586,"Female"
"9004153",371987,2025-05-23 11:52:50,42.5501480102539,-8.87802505493164,"Female"
"9004153",371987,2025-05-23 11:58:23,42.5481376647949,-8.87929058074951,"Female"
"9004153",371987,2025-05-23 12:03:48,42.5485763549805,-8.8808536529541,"Female"
"9004153",371987,2025-05-23 12:08:49,42.5499649047852,-8.88164234161377,"Female"
"9004153",371987,2025-05-23 12:15:09,42.54931640625,-8.88233852386475,"Female"
"9004153",371987,2025-05-23 12:20:04,42.548713684082,-8.88365173339844,"Female"
"9004153",371987,2025-05-23 12:25:04,42.5483131408691,-8.88441181182861,"Female"
"9004153",371987,2025-05-23 12:30:53,42.5482368469238,-8.88565444946289,"Female"
"9004153",371987,2025-05-23 12:36:51,42.549129486084,-8.88547801971436,"Female"
"9004153",371987,2025-05-23 12:41:53,42.5502052307129,-8.88383102416992,"Female"
"9004153",371987,2025-05-23 12:47:14,42.5501480102539,-8.88376712799072,"Female"
"9004153",371987,2025-05-23 12:51:50,42.5500259399414,-8.88396644592285,"Female"
"9004153",371987,2025-05-23 12:56:51,42.5500793457031,-8.88371849060059,"Female"
"9004153",371987,2025-05-23 13:01:50,42.549488067627,-8.88450145721436,"Female"
"9004153",371987,2025-05-23 13:06:50,42.5500373840332,-8.88377952575684,"Female"
"9004153",371987,2025-05-23 13:11:51,42.5502128601074,-8.88401412963867,"Female"
"9004153",371987,2025-05-23 13:16:50,42.5494575500488,-8.88423633575439,"Female"
"9004153",371987,2025-05-23 13:22:43,42.5492897033691,-8.8824291229248,"Female"
"9004153",371987,2025-05-23 13:27:31,42.5478515625,-8.88320827484131,"Female"
"9004153",371987,2025-05-23 13:32:31,42.5464782714844,-8.883544921875,"Female"
"9004153",371987,2025-05-23 13:37:45,42.5471458435059,-8.88292503356934,"Female"
"9004153",371987,2025-05-23 13:43:40,42.5482482910156,-8.88203907012939,"Female"
"9004153",371987,2025-05-23 13:50:39,42.5496940612793,-8.88056755065918,"Female"
"9004153",371987,2025-05-23 13:57:35,42.5498046875,-8.87964725494385,"Female"
"9004153",371987,2025-05-23 14:02:49,42.5498847961426,-8.88055801391602,"Female"
"9004153",371987,2025-05-23 14:08:17,42.5492782592773,-8.88236618041992,"Female"
"9004153",371987,2025-05-23 14:13:15,42.5489540100098,-8.88342666625977,"Female"
"9004153",371987,2025-05-23 14:18:20,42.5488548278809,-8.88352680206299,"Female"
"9004153",371987,2025-05-23 14:23:18,42.5486717224121,-8.88270664215088,"Female"
"9004153",371987,2025-05-23 14:28:18,42.5478515625,-8.88392162322998,"Female"
"9004153",371987,2025-05-23 14:33:19,42.5470161437988,-8.88473224639893,"Female"
"9004153",371987,2025-05-23 14:38:18,42.5477905273438,-8.88648891448975,"Female"
"9004153",371987,2025-05-23 14:43:58,42.5468597412109,-8.88831806182861,"Female"
"9004153",371987,2025-05-23 14:48:59,42.5458335876465,-8.88987064361572,"Female"
"9004153",371987,2025-05-23 14:54:26,42.5458068847656,-8.89067935943604,"Female"
"9004153",371987,2025-05-23 14:59:24,42.5449676513672,-8.89032459259033,"Female"
"9004153",371987,2025-05-23 15:04:35,42.5435409545898,-8.88853740692139,"Female"
"9004153",371987,2025-05-23 15:09:24,42.5435104370117,-8.8885669708252,"Female"
"9004153",371987,2025-05-23 15:14:24,42.543571472168,-8.88856792449951,"Female"
"9004153",371987,2025-05-23 15:19:24,42.5435218811035,-8.8885555267334,"Female"
"9004153",371987,2025-05-23 15:24:24,42.5436172485352,-8.88857650756836,"Female"
"9004153",371987,2025-05-23 15:29:25,42.5424842834473,-8.88712978363037,"Female"
"9004153",371987,2025-05-23 15:34:24,42.5407905578613,-8.88650035858154,"Female"
"9004153",371987,2025-05-23 15:39:34,42.5403289794922,-8.88497734069824,"Female"
"9004153",371987,2025-05-23 15:44:34,42.5402603149414,-8.88339328765869,"Female"
"9004153",371987,2025-05-23 15:49:36,42.5411949157715,-8.88350296020508,"Female"
"9004153",371987,2025-05-23 15:54:41,42.5395774841309,-8.88465690612793,"Female"
"9004153",371987,2025-05-23 15:59:40,42.5379409790039,-8.88545036315918,"Female"
"9004153",371987,2025-05-23 16:04:40,42.5368118286133,-8.8875732421875,"Female"
"9004153",371987,2025-05-23 16:09:40,42.5378532409668,-8.89198589324951,"Female"
"9004153",371987,2025-05-23 16:14:42,42.5363807678223,-8.90234661102295,"Female"
"9004153",371987,2025-05-23 16:19:40,42.5364189147949,-8.90219783782959,"Female"
"9004153",371987,2025-05-23 16:24:40,42.536434173584,-8.90220165252686,"Female"
"9004153",371987,2025-05-23 16:29:40,42.5352821350098,-8.90374946594238,"Female"
"9004153",371987,2025-05-23 16:34:40,42.4907112121582,-8.93420124053955,"Female"
"9004153",371987,2025-05-23 16:39:40,42.455249786377,-8.94375038146973,"Female"
"9004153",371987,2025-05-23 16:44:40,42.4536018371582,-8.94376754760742,"Female"
"9004153",371987,2025-05-23 16:49:40,42.4435615539551,-8.93812942504883,"Female"
"9004153",371987,2025-05-23 16:54:40,42.3968315124512,-8.91896057128906,"Female"
"9004153",371987,2025-05-23 16:59:40,42.4015235900879,-8.92063808441162,"Female"
"9004153",371987,2025-05-23 17:04:40,42.4015007019043,-8.92063331604004,"Female"
"9004153",371987,2025-05-23 17:09:40,42.4014625549316,-8.92060852050781,"Female"
"9004153",371987,2025-05-23 17:14:41,42.4014511108398,-8.92074775695801,"Female"
"9004153",371987,2025-05-23 17:19:41,42.3977546691895,-8.92084693908691,"Female"
"9004153",371987,2025-05-23 17:24:51,42.3976936340332,-8.92094993591309,"Female"
"9004153",371987,2025-05-23 17:29:41,42.3976593017578,-8.92088222503662,"Female"
"9004153",371987,2025-05-23 17:34:41,42.397647857666,-8.92091655731201,"Female"
"9004153",371987,2025-05-23 17:39:41,42.3976440429688,-8.92086029052734,"Female"
"9004153",371987,2025-05-23 17:44:41,42.3976631164551,-8.92090797424316,"Female"
"9004153",371987,2025-05-23 17:49:58,42.3977470397949,-8.92083930969238,"Female"
"9004153",371987,2025-05-23 17:55:02,42.3973541259766,-8.92085361480713,"Female"
"9004153",371987,2025-05-23 18:00:00,42.3979873657227,-8.92105102539062,"Female"
"9004153",371987,2025-05-23 18:05:26,42.3978385925293,-8.92092037200928,"Female"
"9004153",371987,2025-05-23 18:10:53,42.3976287841797,-8.92108631134033,"Female"
"9004153",371987,2025-05-23 18:14:43,42.3975563049316,-8.92110538482666,"Female"
"9004153",371987,2025-05-23 18:19:44,42.3970718383789,-8.92043972015381,"Female"
"9004153",371987,2025-05-23 18:25:13,42.3975601196289,-8.92098045349121,"Female"
"9004153",371987,2025-05-23 18:29:45,42.3974380493164,-8.92095947265625,"Female"
"9004153",371987,2025-05-23 18:34:46,42.3975410461426,-8.92124938964844,"Female"
"9004153",371987,2025-05-23 18:40:05,42.3975830078125,-8.92106628417969,"Female"
"9004153",371987,2025-05-23 18:44:45,42.3974876403809,-8.92094898223877,"Female"
"9004153",371987,2025-05-23 18:49:52,42.3974418640137,-8.92090892791748,"Female"
"9004153",371987,2025-05-23 18:54:43,42.3975524902344,-8.92099761962891,"Female"
"9004153",371987,2025-05-23 18:59:41,42.397590637207,-8.92117404937744,"Female"
"9004153",371987,2025-05-23 19:04:43,42.3976287841797,-8.9211483001709,"Female"
"9004153",371987,2025-05-23 19:09:41,42.3974761962891,-8.92099952697754,"Female"
"9004153",371987,2025-05-23 19:14:41,42.3975067138672,-8.92100620269775,"Female"
"9004153",371987,2025-05-23 19:19:41,42.3975257873535,-8.92088794708252,"Female"
"9004153",371987,2025-05-23 19:24:41,42.3976402282715,-8.92095851898193,"Female"
"9004153",371987,2025-05-23 19:29:41,42.3976135253906,-8.92086791992188,"Female"
"9004153",371987,2025-05-23 19:34:41,42.3974723815918,-8.92068386077881,"Female"
"9004153",371987,2025-05-23 19:39:41,42.3976631164551,-8.92093086242676,"Female"
"9004153",371987,2025-05-23 19:44:41,42.3976898193359,-8.92088985443115,"Female"
"9004153",371987,2025-05-23 19:49:41,42.3976402282715,-8.92090606689453,"Female"
"9004153",371987,2025-05-23 19:54:41,42.3974227905273,-8.92055416107178,"Female"
"9004153",371987,2025-05-23 19:59:41,42.3976669311523,-8.92090892791748,"Female"
"9004153",371987,2025-05-23 20:04:41,42.3977355957031,-8.92111015319824,"Female"
"9004153",371987,2025-05-23 20:09:41,42.3978500366211,-8.92115306854248,"Female"
"9004153",371987,2025-05-23 20:14:41,42.3977890014648,-8.92116165161133,"Female"
"9004153",371987,2025-05-23 20:19:41,42.397834777832,-8.92111682891846,"Female"
"9004153",371987,2025-05-23 20:24:41,42.3976898193359,-8.92098331451416,"Female"
"9004153",371987,2025-05-23 20:29:41,42.3979034423828,-8.92123794555664,"Female"
"9004153",371987,2025-05-23 20:34:41,42.3979148864746,-8.92118453979492,"Female"
"9004153",371987,2025-05-23 20:39:41,42.398021697998,-8.92128086090088,"Female"
"9004153",371987,2025-05-23 20:44:41,42.3979301452637,-8.92111587524414,"Female"
"9004153",371987,2025-05-23 20:49:42,42.3978080749512,-8.9210958480835,"Female"
"9004153",371987,2025-05-23 20:54:41,42.3978652954102,-8.92111015319824,"Female"
"9004153",371987,2025-05-23 20:59:41,42.397876739502,-8.92115116119385,"Female"
"9004153",371987,2025-05-23 21:04:41,42.3978576660156,-8.92106151580811,"Female"
"9004153",371987,2025-05-23 21:09:41,42.397891998291,-8.92101287841797,"Female"
"9004153",371987,2025-05-23 21:14:41,42.3978881835938,-8.92103958129883,"Female"
"9004153",371987,2025-05-23 21:19:41,42.3978424072266,-8.92108631134033,"Female"
"9004153",371987,2025-05-23 21:24:41,42.3978424072266,-8.92098236083984,"Female"
"9004153",371987,2025-05-23 21:29:41,42.3978233337402,-8.92095565795898,"Female"
"9004153",371987,2025-05-23 21:34:41,42.3977432250977,-8.92101383209229,"Female"
"9004153",371987,2025-05-23 21:39:41,42.3977699279785,-8.92094898223877,"Female"
"9004153",371987,2025-05-23 21:44:42,42.3977394104004,-8.9208517074585,"Female"
"9004153",371987,2025-05-23 21:49:42,42.3977279663086,-8.92084217071533,"Female"
"9004153",371987,2025-05-23 21:54:41,42.3977241516113,-8.92091178894043,"Female"
"9004153",371987,2025-05-23 21:59:41,42.3976936340332,-8.92084217071533,"Female"
"9004153",371987,2025-05-23 22:04:41,42.3977432250977,-8.92098331451416,"Female"
"9004153",371987,2025-05-23 22:09:41,42.3977508544922,-8.9209156036377,"Female"
"9004153",371987,2025-05-23 22:14:41,42.3977699279785,-8.92095375061035,"Female"
"9004153",371987,2025-05-23 22:19:41,42.397819519043,-8.92100524902344,"Female"
"9004153",371987,2025-05-23 22:24:42,42.3978500366211,-8.92104625701904,"Female"
"9004153",371987,2025-05-23 22:29:41,42.3977279663086,-8.92099571228027,"Female"
"9004153",371987,2025-05-23 22:34:43,42.3977432250977,-8.92096900939941,"Female"
"9004153",371987,2025-05-23 22:39:42,42.3977584838867,-8.92093467712402,"Female"
"9004153",371987,2025-05-23 22:44:42,42.3977851867676,-8.92106533050537,"Female"
"9004153",371987,2025-05-23 22:49:41,42.3978233337402,-8.92098999023438,"Female"
"9004153",371987,2025-05-23 22:54:41,42.3978576660156,-8.9209508895874,"Female"
"9004153",371987,2025-05-23 22:59:41,42.3978576660156,-8.92089748382568,"Female"
"9004153",371987,2025-05-23 23:04:41,42.3976745605469,-8.9210147857666,"Female"
"9004153",371987,2025-05-23 23:09:41,42.3978080749512,-8.92094135284424,"Female"
"9004153",371987,2025-05-23 23:14:42,42.3978118896484,-8.92081165313721,"Female"
"9004153",371987,2025-05-23 23:19:41,42.3980102539062,-8.92093563079834,"Female"
"9004153",371987,2025-05-23 23:24:42,42.3978500366211,-8.92082405090332,"Female"
"9004153",371987,2025-05-23 23:29:42,42.3980560302734,-8.92102241516113,"Female"
"9004153",371987,2025-05-23 23:34:41,42.3978500366211,-8.92066669464111,"Female"
"9004153",371987,2025-05-23 23:39:41,42.3978271484375,-8.92061614990234,"Female"
"9004153",371987,2025-05-23 23:44:42,42.3977851867676,-8.92056846618652,"Female"
"9004153",371987,2025-05-23 23:49:42,42.3970527648926,-8.91959095001221,"Female"
"9004153",371987,2025-05-23 23:54:42,42.3974533081055,-8.92030811309814,"Female"
"9004153",371987,2025-05-23 23:59:41,42.3975410461426,-8.92044830322266,"Female"
"9004153",371987,2025-05-24 00:04:42,42.3974990844727,-8.92025947570801,"Female"
"9004153",371987,2025-05-24 00:09:41,42.3974838256836,-8.9202127456665,"Female"
"9004153",371987,2025-05-24 00:14:42,42.3975639343262,-8.92037105560303,"Female"
"9004153",371987,2025-05-24 00:19:42,42.3974266052246,-8.92032718658447,"Female"
"9004153",371987,2025-05-24 00:24:42,42.3975982666016,-8.92031097412109,"Female"
"9004153",371987,2025-05-24 00:29:41,42.3976364135742,-8.92032051086426,"Female"
"9004153",371987,2025-05-24 00:34:41,42.3977127075195,-8.92032146453857,"Female"
"9004153",371987,2025-05-24 00:39:41,42.3977241516113,-8.92036056518555,"Female"
"9004153",371987,2025-05-24 00:44:41,42.3978309631348,-8.92038059234619,"Female"
"9004153",371987,2025-05-24 00:49:41,42.3979339599609,-8.92032623291016,"Female"
"9004153",371987,2025-05-24 00:54:41,42.3978805541992,-8.92047691345215,"Female"
"9004153",371987,2025-05-24 00:59:42,42.3978881835938,-8.92050457000732,"Female"
"9004153",371987,2025-05-24 01:04:41,42.3978996276855,-8.92024326324463,"Female"
"9004153",371987,2025-05-24 01:09:42,42.3978881835938,-8.92014980316162,"Female"
"9004153",371987,2025-05-24 01:14:42,42.3979225158691,-8.92018222808838,"Female"
"9004153",371987,2025-05-24 01:19:43,42.3978042602539,-8.92035484313965,"Female"
"9004153",371987,2025-05-24 01:24:42,42.3978843688965,-8.92022800445557,"Female"
"9004153",371987,2025-05-24 01:29:45,42.3976821899414,-8.92014408111572,"Female"
"9004153",371987,2025-05-24 01:34:42,42.3979415893555,-8.92018795013428,"Female"
"9004153",371987,2025-05-24 01:39:47,42.3977394104004,-8.9200267791748,"Female"
"9004153",371987,2025-05-24 01:44:55,42.3976745605469,-8.92030143737793,"Female"
"9004153",371987,2025-05-24 01:49:53,42.397632598877,-8.9204683303833,"Female"
"9004153",371987,2025-05-24 01:54:46,42.3977203369141,-8.92105674743652,"Female"
"9004153",371987,2025-05-24 01:59:42,42.3974838256836,-8.92048835754395,"Female"
"9004153",371987,2025-05-24 02:04:45,42.397705078125,-8.9211540222168,"Female"
"9004153",371987,2025-05-24 02:09:45,42.397705078125,-8.92101669311523,"Female"
"9004153",371987,2025-05-24 02:14:42,42.3969116210938,-8.919264793396,"Female"
"9004153",371987,2025-05-24 02:19:48,42.3976440429688,-8.92097854614258,"Female"
"9004153",371987,2025-05-24 02:24:43,42.397632598877,-8.92095279693604,"Female"
"9004153",371987,2025-05-24 02:29:42,42.3972320556641,-8.92000770568848,"Female"
"9004153",371987,2025-05-24 02:34:42,42.397144317627,-8.91980457305908,"Female"
"9004153",371987,2025-05-24 02:39:42,42.3975296020508,-8.92051696777344,"Female"
"9004153",371987,2025-05-24 02:44:41,42.3974342346191,-8.92040920257568,"Female"
"9004153",371987,2025-05-24 02:49:41,42.3974876403809,-8.92048263549805,"Female"
"9004153",371987,2025-05-24 02:54:42,42.3975028991699,-8.92048931121826,"Female"
"9004153",371987,2025-05-24 02:59:42,42.3973083496094,-8.9202995300293,"Female"
"9004153",371987,2025-05-24 03:04:41,42.3972854614258,-8.92026138305664,"Female"
"9004153",371987,2025-05-24 03:09:45,42.3970680236816,-8.9208288192749,"Female"
"9004153",371987,2025-05-24 03:14:43,42.3974342346191,-8.91988182067871,"Female"
"9004153",371987,2025-05-24 03:19:42,42.3973999023438,-8.92042446136475,"Female"
"9004153",371987,2025-05-24 03:25:05,42.3974494934082,-8.92053985595703,"Female"
"9004153",371987,2025-05-24 03:29:40,42.3975028991699,-8.92070293426514,"Female"
"9004153",371987,2025-05-24 03:34:43,42.3975791931152,-8.9208517074585,"Female"
"9004153",371987,2025-05-24 03:40:05,42.3974723815918,-8.92068290710449,"Female"
"9004153",371987,2025-05-24 03:44:40,42.3974761962891,-8.92062664031982,"Female"
"9004153",371987,2025-05-24 03:49:40,42.3975028991699,-8.92066860198975,"Female"
"9004153",371987,2025-05-24 03:54:40,42.3974571228027,-8.92069911956787,"Female"
"9004153",371987,2025-05-24 03:59:40,42.3975410461426,-8.92068672180176,"Female"
"9004153",371987,2025-05-24 04:04:42,42.3975105285645,-8.9206714630127,"Female"
"9004153",371987,2025-05-24 04:09:40,42.3974647521973,-8.92071914672852,"Female"
"9004153",371987,2025-05-24 04:14:41,42.3975219726562,-8.92074871063232,"Female"
"9004153",371987,2025-05-24 04:19:40,42.3974723815918,-8.920729637146,"Female"
"9004153",371987,2025-05-24 04:24:40,42.3975067138672,-8.92073154449463,"Female"
"9004153",371987,2025-05-24 04:29:40,42.3975563049316,-8.92077350616455,"Female"
"9004153",371987,2025-05-24 04:34:41,42.3975143432617,-8.92071437835693,"Female"
"9004153",371987,2025-05-24 04:39:41,42.3975830078125,-8.9205322265625,"Female"
"9004153",371987,2025-05-24 04:44:41,42.3974456787109,-8.92064762115479,"Female"
"9004153",371987,2025-05-24 04:49:41,42.3973846435547,-8.92065048217773,"Female"
"9004153",371987,2025-05-24 04:54:41,42.397346496582,-8.92062091827393,"Female"
"9004153",371987,2025-05-24 04:59:41,42.3972778320312,-8.92067527770996,"Female"
"9004153",371987,2025-05-24 05:04:41,42.3973388671875,-8.92018604278564,"Female"
"9004153",371987,2025-05-24 05:09:41,42.4016761779785,-8.91918182373047,"Female"
"9004153",371987,2025-05-24 05:14:41,42.4040489196777,-8.91904735565186,"Female"
"9004153",371987,2025-05-24 05:19:41,42.4202117919922,-8.91925716400146,"Female"
"9004153",371987,2025-05-24 05:24:41,42.4480285644531,-8.92715835571289,"Female"
"9004153",371987,2025-05-24 05:29:41,42.4731292724609,-8.94415092468262,"Female"
"9004153",371987,2025-05-24 05:34:41,42.495922088623,-8.93220615386963,"Female"
"9004153",371987,2025-05-24 05:39:41,42.5148811340332,-8.9203519821167,"Female"
"9004153",371987,2025-05-24 05:44:41,42.5342178344727,-8.90621471405029,"Female"
"9004153",371987,2025-05-24 05:49:54,42.5422210693359,-8.89220237731934,"Female"
"9004153",371987,2025-05-24 05:54:51,42.5425033569336,-8.89035987854004,"Female"
"9004153",371987,2025-05-24 06:00:09,42.5416107177734,-8.89024925231934,"Female"
"9004153",371987,2025-05-24 06:05:09,42.5413475036621,-8.88941097259521,"Female"
"9004153",371987,2025-05-24 06:12:21,42.5411109924316,-8.88923645019531,"Female"
"9004153",371987,2025-05-24 06:17:22,42.5421714782715,-8.88943862915039,"Female"
"9004153",371987,2025-05-24 06:22:24,42.5424766540527,-8.89025020599365,"Female"
"9004153",371987,2025-05-24 06:28:24,42.5418472290039,-8.88896083831787,"Female"
"9004153",371987,2025-05-24 06:33:48,42.541633605957,-8.88772296905518,"Female"
"9004153",371987,2025-05-24 06:38:49,42.5424919128418,-8.88686943054199,"Female"
"9004153",371987,2025-05-24 06:43:46,42.5438117980957,-8.8867359161377,"Female"
"9004153",371987,2025-05-24 06:53:11,42.5447044372559,-8.88487720489502,"Female"
"9004153",371987,2025-05-24 06:58:13,42.5456123352051,-8.88455486297607,"Female"
"9004153",371987,2025-05-24 07:03:04,42.5457077026367,-8.88453197479248,"Female"
"9004153",371987,2025-05-24 07:08:05,42.5458564758301,-8.88465785980225,"Female"
"9004153",371987,2025-05-24 07:13:08,42.5457229614258,-8.88469696044922,"Female"
"9004153",371987,2025-05-24 07:18:02,42.5457534790039,-8.88461971282959,"Female"
"9004153",371987,2025-05-24 07:23:04,42.5458450317383,-8.88488292694092,"Female"
"9004153",371987,2025-05-24 07:28:02,42.5459213256836,-8.88503932952881,"Female"
"9004153",371987,2025-05-24 07:33:02,42.545783996582,-8.88485050201416,"Female"
"9004153",371987,2025-05-24 07:38:03,42.5458602905273,-8.88519859313965,"Female"
"9004153",371987,2025-05-24 07:43:04,42.5459022521973,-8.88517284393311,"Female"
"9004153",371987,2025-05-24 07:48:14,42.5456809997559,-8.88457202911377,"Female"
"9004153",371987,2025-05-24 07:53:06,42.5465202331543,-8.88470554351807,"Female"
"9004153",371987,2025-05-24 07:58:57,42.5481643676758,-8.88355445861816,"Female"
"9004153",371987,2025-05-24 08:04:06,42.5476417541504,-8.8816032409668,"Female"
"9004153",371987,2025-05-24 08:09:03,42.5467567443848,-8.88161849975586,"Female"
"9004153",371987,2025-05-24 08:14:07,42.5468673706055,-8.88106822967529,"Female"
"9004153",371987,2025-05-24 08:19:47,42.5484237670898,-8.88012313842773,"Female"
"9004153",371987,2025-05-24 08:25:02,42.549674987793,-8.8799991607666,"Female"
"9004153",371987,2025-05-24 08:29:59,42.5516967773438,-8.8803653717041,"Female"
"9004153",371987,2025-05-24 08:35:00,42.5517692565918,-8.88046264648438,"Female"
"9004153",371987,2025-05-24 08:39:59,42.5518074035645,-8.8807315826416,"Female"
"9004153",371987,2025-05-24 08:44:59,42.5518112182617,-8.88078784942627,"Female"
"9004153",371987,2025-05-24 08:50:14,42.5516815185547,-8.88055515289307,"Female"
"9004153",371987,2025-05-24 08:54:59,42.5516967773438,-8.88058090209961,"Female"
"9004153",371987,2025-05-24 08:59:59,42.5517311096191,-8.88074111938477,"Female"
"9004153",371987,2025-05-24 09:05:03,42.5516777038574,-8.88036441802979,"Female"
"9004153",371987,2025-05-24 09:10:04,42.5805931091309,-8.88963508605957,"Female"
"9004153",371987,2025-05-24 09:14:59,42.6037292480469,-8.87314128875732,"Female"
"9004153",371987,2025-05-24 09:20:04,42.6037673950195,-8.87328624725342,"Female"
"9004153",371987,2025-05-24 09:26:48,42.6045379638672,-8.87320709228516,"Female"
"9004153",371987,2025-05-24 09:31:42,42.6056709289551,-8.87349128723145,"Female"
"9004153",371987,2025-05-24 09:36:39,42.6064491271973,-8.87282943725586,"Female"
"9004153",371987,2025-05-24 09:42:13,42.6072883605957,-8.8731517791748,"Female"
"9004153",371987,2025-05-24 09:58:00,42.6058883666992,-8.87154674530029,"Female"
"9004153",371987,2025-05-24 10:03:18,42.6059112548828,-8.87160778045654,"Female"
"9004153",371987,2025-05-24 10:08:28,42.6057777404785,-8.87158679962158,"Female"
"9004153",371987,2025-05-24 10:14:09,42.6055030822754,-8.87323474884033,"Female"
"9004153",371987,2025-05-24 10:20:29,42.6039924621582,-8.8725414276123,"Female"
"9004153",371987,2025-05-24 10:25:38,42.603889465332,-8.87258625030518,"Female"
"9004153",371987,2025-05-24 10:30:40,42.6038780212402,-8.87292003631592,"Female"
"9004153",371987,2025-05-24 10:35:23,42.6039047241211,-8.87302207946777,"Female"
"9004153",371987,2025-05-24 10:40:23,42.6039352416992,-8.87297534942627,"Female"
"9004153",371987,2025-05-24 10:45:23,42.6038932800293,-8.87300777435303,"Female"
"9004153",371987,2025-05-24 10:50:24,42.6039505004883,-8.87296772003174,"Female"
"9004153",371987,2025-05-24 10:55:27,42.6038055419922,-8.87374019622803,"Female"
"9004153",371987,2025-05-24 11:00:29,42.6038970947266,-8.87393093109131,"Female"
"9004153",371987,2025-05-24 11:05:29,42.6038360595703,-8.87353324890137,"Female"
"9004153",371987,2025-05-24 11:10:30,42.6038284301758,-8.87361621856689,"Female"
"9004153",371987,2025-05-24 11:19:06,42.6050567626953,-8.87406444549561,"Female"
"9004153",371987,2025-05-24 11:24:40,42.6041259765625,-8.87482929229736,"Female"
"9004153",371987,2025-05-24 11:30:04,42.6041984558105,-8.8754940032959,"Female"
"9004153",371987,2025-05-24 11:35:08,42.6033325195312,-8.87527561187744,"Female"
"9004153",371987,2025-05-24 11:40:45,42.6038932800293,-8.87581062316895,"Female"
"9004153",371987,2025-05-24 11:46:05,42.6045379638672,-8.87588024139404,"Female"
"9004153",371987,2025-05-24 11:50:42,42.6033706665039,-8.87530708312988,"Female"
"9004153",371987,2025-05-24 11:55:42,42.6032295227051,-8.87451457977295,"Female"
"9004153",371987,2025-05-24 12:00:42,42.6032066345215,-8.87449836730957,"Female"
"9004153",371987,2025-05-24 12:05:42,42.6032295227051,-8.87449169158936,"Female"
"9004153",371987,2025-05-24 12:10:42,42.6032447814941,-8.87452602386475,"Female"
"9004153",371987,2025-05-24 12:15:42,42.603271484375,-8.8744649887085,"Female"
"9004153",371987,2025-05-24 12:20:42,42.6033210754395,-8.87443828582764,"Female"
"9004153",371987,2025-05-24 12:25:42,42.6039428710938,-8.87547206878662,"Female"
"9004153",371987,2025-05-24 12:30:42,42.6042976379395,-8.87633895874023,"Female"
"9004153",371987,2025-05-24 12:35:42,42.6036338806152,-8.87657833099365,"Female"
"9004153",371987,2025-05-24 12:40:49,42.6018295288086,-8.8765926361084,"Female"
"9004153",371987,2025-05-24 12:45:43,42.601505279541,-8.87677955627441,"Female"
"9004153",371987,2025-05-24 12:50:44,42.6014785766602,-8.8767728805542,"Female"
"9004153",371987,2025-05-24 12:55:43,42.6014518737793,-8.87674617767334,"Female"
"9004153",371987,2025-05-24 13:00:43,42.601432800293,-8.87680912017822,"Female"
"9004153",371987,2025-05-24 13:05:43,42.6014671325684,-8.87685966491699,"Female"
"9004153",371987,2025-05-24 13:10:43,42.601448059082,-8.87685012817383,"Female"
"9004153",371987,2025-05-24 13:15:43,42.6014595031738,-8.87682819366455,"Female"
"9004153",371987,2025-05-24 13:20:43,42.6014022827148,-8.87666893005371,"Female"
"9004153",371987,2025-05-24 13:25:45,42.6015357971191,-8.87601280212402,"Female"
"9004153",371987,2025-05-24 13:30:44,42.601490020752,-8.87662982940674,"Female"
"9004153",371987,2025-05-24 13:35:43,42.6014976501465,-8.8765697479248,"Female"
"9004153",371987,2025-05-24 13:40:48,42.6013832092285,-8.87591934204102,"Female"
"9004153",371987,2025-05-24 13:45:45,42.6014175415039,-8.87609195709229,"Female"
"9004153",371987,2025-05-24 13:50:44,42.6013603210449,-8.87587547302246,"Female"
"9004153",371987,2025-05-24 13:55:46,42.6014213562012,-8.87607383728027,"Female"
"9004153",371987,2025-05-24 14:00:47,42.6014404296875,-8.876145362854,"Female"
"9004153",371987,2025-05-24 14:06:05,42.6014938354492,-8.87656497955322,"Female"
"9004153",371987,2025-05-24 14:10:42,42.6014747619629,-8.87663078308105,"Female"
"9004153",371987,2025-05-24 14:15:43,42.6013031005859,-8.87622737884521,"Female"
"9004153",371987,2025-05-24 14:20:42,42.6013221740723,-8.87620830535889,"Female"
"9004153",371987,2025-05-24 14:25:43,42.601505279541,-8.87667560577393,"Female"
"9004153",371987,2025-05-24 14:30:43,42.6015739440918,-8.87671375274658,"Female"
"9004153",371987,2025-05-24 14:35:43,42.6015510559082,-8.87665557861328,"Female"
"9004153",371987,2025-05-24 14:40:43,42.5991516113281,-8.87686443328857,"Female"
"9004153",371987,2025-05-24 14:45:43,42.5983963012695,-8.87728118896484,"Female"
"9004153",371987,2025-05-24 14:50:46,42.5974426269531,-8.87756633758545,"Female"
"9004153",371987,2025-05-24 14:55:49,42.5967025756836,-8.87781810760498,"Female"
"9004153",371987,2025-05-24 15:00:43,42.5967063903809,-8.87773704528809,"Female"
"9004153",371987,2025-05-24 15:05:43,42.5965690612793,-8.87790298461914,"Female"
"9004153",371987,2025-05-24 15:10:44,42.5965194702148,-8.87784004211426,"Female"
"9004153",371987,2025-05-24 15:15:47,42.5965538024902,-8.8779296875,"Female"
"9004153",371987,2025-05-24 15:20:44,42.5959892272949,-8.87825107574463,"Female"
"9004153",371987,2025-05-24 15:25:43,42.5964088439941,-8.87806510925293,"Female"
"9004153",371987,2025-05-24 15:30:43,42.5960540771484,-8.87813282012939,"Female"
"9004153",371987,2025-05-24 15:35:43,42.5962333679199,-8.8779993057251,"Female"
"9004153",371987,2025-05-24 15:40:44,42.5955924987793,-8.87837982177734,"Female"
"9004153",371987,2025-05-24 15:45:43,42.5843696594238,-8.88233757019043,"Female"
"9004153",371987,2025-05-24 15:50:43,42.5531616210938,-8.90021133422852,"Female"
"9004153",371987,2025-05-24 15:55:43,42.5395812988281,-8.90805625915527,"Female"
"9004153",371987,2025-05-24 16:00:43,42.5395317077637,-8.90796089172363,"Female"
"9004153",371987,2025-05-24 16:05:43,42.5396194458008,-8.90800762176514,"Female"
"9004153",371987,2025-05-24 16:10:43,42.5395469665527,-8.90793037414551,"Female"
"9004153",371987,2025-05-24 16:15:50,42.5396537780762,-8.90797233581543,"Female"
"9004153",371987,2025-05-24 16:20:43,42.5396575927734,-8.90801334381104,"Female"
"9004153",371987,2025-05-24 16:25:43,42.5396537780762,-8.90795993804932,"Female"
"9004153",371987,2025-05-24 16:30:43,42.5396347045898,-8.90795135498047,"Female"
"9004153",371987,2025-05-24 16:35:43,42.539623260498,-8.90795135498047,"Female"
"9004153",371987,2025-05-24 16:40:44,42.539665222168,-8.90797710418701,"Female"
"9004153",371987,2025-05-24 16:45:43,42.5396537780762,-8.90806198120117,"Female"
"9004153",371987,2025-05-24 16:50:43,42.5396728515625,-8.90806198120117,"Female"
"9004153",371987,2025-05-24 16:55:43,42.5395774841309,-8.9079008102417,"Female"
"9004153",371987,2025-05-24 17:00:43,42.5396499633789,-8.9079761505127,"Female"
"9004153",371987,2025-05-24 17:05:44,42.5294761657715,-8.91404628753662,"Female"
"9004153",371987,2025-05-24 17:10:45,42.4948120117188,-8.92957878112793,"Female"
"9004153",371987,2025-05-24 17:15:50,42.4855041503906,-8.93453502655029,"Female"
"9004153",371987,2025-05-24 17:20:45,42.4832344055176,-8.93679237365723,"Female"
"9004153",371987,2025-05-24 17:25:56,42.4420852661133,-8.9425630569458,"Female"
"9004153",371987,2025-05-24 17:30:44,42.3993377685547,-8.92366218566895,"Female"
"9004153",371987,2025-05-24 17:36:16,42.3976097106934,-8.92090892791748,"Female"
"9004153",371987,2025-05-24 17:40:56,42.3976402282715,-8.92091846466064,"Female"
"9004153",371987,2025-05-24 17:45:49,42.3975143432617,-8.92121124267578,"Female"
"9004153",371987,2025-05-24 17:51:02,42.3978538513184,-8.9209451675415,"Female"
"9004153",371987,2025-05-24 17:56:07,42.3976554870605,-8.92091178894043,"Female"
"9004153",371987,2025-05-24 18:01:00,42.3980178833008,-8.92114448547363,"Female"
"9004153",371987,2025-05-24 18:05:50,42.3978500366211,-8.92111873626709,"Female"
"9004153",371987,2025-05-24 18:10:52,42.3976669311523,-8.92095470428467,"Female"
"9004153",371987,2025-05-24 18:15:56,42.3975715637207,-8.92103672027588,"Female"
"9004153",371987,2025-05-24 18:20:45,42.3976097106934,-8.92144870758057,"Female"
"9004153",371987,2025-05-24 18:26:01,42.3974952697754,-8.9208812713623,"Female"
"9004153",371987,2025-05-24 18:30:54,42.3975448608398,-8.92079448699951,"Female"
"9004153",371987,2025-05-24 18:35:44,42.397518157959,-8.92082500457764,"Female"
"9004153",371987,2025-05-24 18:40:44,42.3975219726562,-8.92082500457764,"Female"
"9004153",371987,2025-05-24 18:45:43,42.3974647521973,-8.92082691192627,"Female"
"9004153",371987,2025-05-24 18:50:44,42.3975219726562,-8.92086696624756,"Female"
"9004153",371987,2025-05-24 18:55:43,42.3974761962891,-8.92087459564209,"Female"
"9004153",371987,2025-05-24 19:00:43,42.3974227905273,-8.92081356048584,"Female"
"9004153",371987,2025-05-24 19:05:48,42.3973579406738,-8.92062282562256,"Female"
"9004153",371987,2025-05-24 19:10:43,42.3975105285645,-8.92086410522461,"Female"
"9004153",371987,2025-05-24 19:15:44,42.3975486755371,-8.92093276977539,"Female"
"9004153",371987,2025-05-24 19:20:44,42.3974914550781,-8.9208984375,"Female"
"9004153",371987,2025-05-24 19:25:45,42.3974876403809,-8.92088317871094,"Female"
"9004153",371987,2025-05-24 19:30:44,42.3974952697754,-8.92094039916992,"Female"
"9004153",371987,2025-05-24 19:35:44,42.3975448608398,-8.92094898223877,"Female"
"9004153",371987,2025-05-24 19:40:44,42.3974685668945,-8.92084789276123,"Female"
"9004153",371987,2025-05-24 19:45:44,42.3974533081055,-8.9208459854126,"Female"
"9004153",371987,2025-05-24 19:50:57,42.3975601196289,-8.92098522186279,"Female"
"9004153",371987,2025-05-24 19:55:44,42.397575378418,-8.92104053497314,"Female"
"9004153",371987,2025-05-24 20:00:56,42.3975639343262,-8.9210033416748,"Female"
"9004153",371987,2025-05-24 20:05:44,42.3976669311523,-8.92102909088135,"Female"
"9004153",371987,2025-05-24 20:10:44,42.3976402282715,-8.92100620269775,"Female"
"9004153",371987,2025-05-24 20:15:44,42.3976364135742,-8.9209451675415,"Female"
"9004153",371987,2025-05-24 20:20:44,42.3976058959961,-8.92095279693604,"Female"
"9004153",371987,2025-05-24 20:25:44,42.3976783752441,-8.9210729598999,"Female"
"9004153",371987,2025-05-24 20:30:44,42.3976745605469,-8.9210205078125,"Female"
"9004153",371987,2025-05-24 20:35:44,42.3977203369141,-8.92113971710205,"Female"
"9004153",371987,2025-05-24 20:40:44,42.3977317810059,-8.92111682891846,"Female"
"9004153",371987,2025-05-24 20:45:44,42.3977317810059,-8.92118167877197,"Female"
"9004153",371987,2025-05-24 20:50:44,42.3976593017578,-8.92108154296875,"Female"
"9004153",371987,2025-05-24 20:55:44,42.3977470397949,-8.92112064361572,"Female"
"9004153",371987,2025-05-24 21:00:45,42.3978118896484,-8.92134761810303,"Female"
"9004153",371987,2025-05-24 21:05:45,42.3977584838867,-8.92131805419922,"Female"
"9004153",371987,2025-05-24 21:11:01,42.3975448608398,-8.92082595825195,"Female"
"9004153",371987,2025-05-24 21:15:43,42.397518157959,-8.92082214355469,"Female"
"9004153",371987,2025-05-24 21:20:43,42.3975524902344,-8.92076301574707,"Female"
"9004153",371987,2025-05-24 21:25:43,42.3975143432617,-8.92083263397217,"Female"
"9004153",371987,2025-05-24 21:30:43,42.3975143432617,-8.9208288192749,"Female"
"9004153",371987,2025-05-24 21:35:43,42.3975257873535,-8.92079067230225,"Female"
"9004153",371987,2025-05-24 21:40:43,42.3975143432617,-8.92084980010986,"Female"
"9004153",371987,2025-05-24 21:45:43,42.3975143432617,-8.92083263397217,"Female"
"9004153",371987,2025-05-24 21:50:43,42.3975105285645,-8.9208517074585,"Female"
"9004153",371987,2025-05-24 21:55:43,42.3974342346191,-8.9208812713623,"Female"
"9004153",371987,2025-05-24 22:00:44,42.3974227905273,-8.9209156036377,"Female"
"9004153",371987,2025-05-24 22:05:53,42.3975143432617,-8.92082023620605,"Female"
"9004153",371987,2025-05-24 22:10:44,42.397647857666,-8.92067050933838,"Female"
"9004153",371987,2025-05-24 22:15:53,42.3974571228027,-8.92083358764648,"Female"
"9004153",371987,2025-05-24 22:20:47,42.3975563049316,-8.92086791992188,"Female"
"9004153",371987,2025-05-24 22:26:03,42.3974800109863,-8.92087554931641,"Female"
"9004153",371987,2025-05-24 22:30:45,42.3976249694824,-8.92107582092285,"Female"
"9004153",371987,2025-05-24 22:35:45,42.3976287841797,-8.92121124267578,"Female"
"9004153",371987,2025-05-24 22:40:48,42.3974647521973,-8.92051792144775,"Female"
"9004153",371987,2025-05-24 22:45:48,42.3975410461426,-8.92124271392822,"Female"
"9004153",371987,2025-05-24 22:50:47,42.3975639343262,-8.92103958129883,"Female"
"9004153",371987,2025-05-24 22:55:48,42.3975791931152,-8.92111301422119,"Female"
"9004153",371987,2025-05-24 23:00:49,42.3975143432617,-8.92081928253174,"Female"
"9004153",371987,2025-05-24 23:05:47,42.3975486755371,-8.92096614837646,"Female"
"9004153",371987,2025-05-24 23:10:51,42.3974304199219,-8.9207124710083,"Female"
"9004153",371987,2025-05-24 23:15:51,42.3974876403809,-8.9207067489624,"Female"
"9004153",371987,2025-05-24 23:20:46,42.3974418640137,-8.92065143585205,"Female"
"9004153",371987,2025-05-24 23:25:47,42.3974075317383,-8.92058944702148,"Female"
"9004153",371987,2025-05-24 23:30:47,42.3973426818848,-8.92045593261719,"Female"
"9004153",371987,2025-05-24 23:36:05,42.3974761962891,-8.92075061798096,"Female"
"9004153",371987,2025-05-24 23:40:43,42.3975105285645,-8.9206714630127,"Female"
"9004153",371987,2025-05-24 23:45:43,42.3974914550781,-8.92071914672852,"Female"
"9004153",371987,2025-05-24 23:50:43,42.3974914550781,-8.92072868347168,"Female"
"9004153",371987,2025-05-24 23:55:43,42.3974723815918,-8.92073726654053,"Female"
"9004153",371987,2025-05-25 00:00:43,42.3974990844727,-8.92077445983887,"Female"
"9004153",371987,2025-05-25 00:05:43,42.397518157959,-8.92083168029785,"Female"
"9004153",371987,2025-05-25 00:10:43,42.3974761962891,-8.92073917388916,"Female"
"9004153",371987,2025-05-25 00:15:43,42.397518157959,-8.92081165313721,"Female"
"9004153",371987,2025-05-25 00:20:43,42.3974952697754,-8.92077445983887,"Female"
"9004153",371987,2025-05-25 00:25:43,42.3974952697754,-8.9207592010498,"Female"
"9004153",371987,2025-05-25 00:30:43,42.3974990844727,-8.92081737518311,"Female"
"9004153",371987,2025-05-25 00:35:42,42.3975028991699,-8.92067718505859,"Female"
"9004153",371987,2025-05-25 00:40:43,42.3974876403809,-8.92080402374268,"Female"
"9004153",371987,2025-05-25 00:45:43,42.3974609375,-8.92083930969238,"Female"
"9004153",371987,2025-05-25 00:50:42,42.3974800109863,-8.92079448699951,"Female"
"9004153",371987,2025-05-25 00:55:42,42.3974151611328,-8.92083168029785,"Female"
"9004153",371987,2025-05-25 01:00:42,42.3974342346191,-8.92076301574707,"Female"
"9004153",371987,2025-05-25 01:05:43,42.3974800109863,-8.92069435119629,"Female"
"9004153",371987,2025-05-25 01:10:42,42.3975143432617,-8.92078399658203,"Female"
"9004153",371987,2025-05-25 01:15:43,42.3975639343262,-8.92076110839844,"Female"
"9004153",371987,2025-05-25 01:20:43,42.3974533081055,-8.9207763671875,"Female"
"9004153",371987,2025-05-25 01:25:43,42.3974800109863,-8.92101573944092,"Female"
"9004153",371987,2025-05-25 01:30:44,42.3975372314453,-8.92081928253174,"Female"
"9004153",371987,2025-05-25 01:35:44,42.3974723815918,-8.92075347900391,"Female"
"9004153",371987,2025-05-25 01:40:48,42.3975830078125,-8.92128849029541,"Female"
"9004153",371987,2025-05-25 01:45:48,42.3975677490234,-8.92145729064941,"Female"
"9004153",371987,2025-05-25 01:51:05,42.3975257873535,-8.92091751098633,"Female"
"9004153",371987,2025-05-25 01:55:43,42.3974800109863,-8.92084217071533,"Female"
"9004153",371987,2025-05-25 02:00:54,42.3974609375,-8.92085838317871,"Female"
"9004153",371987,2025-05-25 02:05:54,42.3975448608398,-8.92082214355469,"Female"
"9004153",371987,2025-05-25 02:10:55,42.3975143432617,-8.92068481445312,"Female"
"9004153",371987,2025-05-25 02:15:55,42.3974876403809,-8.92079639434814,"Female"
"9004153",371987,2025-05-25 02:20:55,42.3974876403809,-8.92080020904541,"Female"
"9004153",371987,2025-05-25 02:25:54,42.3975486755371,-8.92083263397217,"Female"
"9004153",371987,2025-05-25 02:30:47,42.3975143432617,-8.92086887359619,"Female"
"9004153",371987,2025-05-25 02:35:46,42.3975868225098,-8.92097282409668,"Female"
"9004153",371987,2025-05-25 02:40:45,42.3975677490234,-8.92086029052734,"Female"
"9004153",371987,2025-05-25 02:45:56,42.3975143432617,-8.92079257965088,"Female"
"9004153",371987,2025-05-25 02:50:43,42.3974761962891,-8.92076587677002,"Female"
"9004153",371987,2025-05-25 02:55:44,42.3975028991699,-8.92068576812744,"Female"
"9004153",371987,2025-05-25 03:00:45,42.3975410461426,-8.92086505889893,"Female"
"9004153",371987,2025-05-25 03:05:44,42.3975486755371,-8.92087745666504,"Female"
"9004153",371987,2025-05-25 03:10:44,42.3974952697754,-8.92096138000488,"Female"
"9004153",371987,2025-05-25 03:16:05,42.3974800109863,-8.92073631286621,"Female"
"9004153",371987,2025-05-25 03:20:43,42.3976135253906,-8.92076301574707,"Female"
"9004153",371987,2025-05-25 03:25:42,42.3973693847656,-8.92085933685303,"Female"
"9004153",371987,2025-05-25 03:30:43,42.3973960876465,-8.92086982727051,"Female"
"9004153",371987,2025-05-25 03:35:43,42.3973808288574,-8.92084503173828,"Female"
"9004153",371987,2025-05-25 03:40:42,42.3974418640137,-8.92079544067383,"Female"
"9004153",371987,2025-05-25 03:45:42,42.3974075317383,-8.92084312438965,"Female"
"9004153",371987,2025-05-25 03:50:44,42.3974800109863,-8.92076873779297,"Female"
"9004153",371987,2025-05-25 03:55:42,42.3973846435547,-8.92071151733398,"Female"
"9004153",371987,2025-05-25 04:00:44,42.3974418640137,-8.92074108123779,"Female"
"9004153",371987,2025-05-25 04:05:44,42.3974494934082,-8.92067623138428,"Female"
"9004153",371987,2025-05-25 04:10:45,42.3974151611328,-8.92072582244873,"Female"
"9004153",371987,2025-05-25 04:15:44,42.3973617553711,-8.9207706451416,"Female"
"9004153",371987,2025-05-25 04:20:45,42.3969917297363,-8.92025947570801,"Female"
"9004153",371987,2025-05-25 04:25:46,42.3974342346191,-8.92065048217773,"Female"
"9004153",371987,2025-05-25 04:30:46,42.3974304199219,-8.92076110839844,"Female"
"9004153",371987,2025-05-25 04:35:52,42.3974609375,-8.92079830169678,"Female"
"9004153",371987,2025-05-25 04:40:58,42.3973236083984,-8.92062282562256,"Female"
"9004153",371987,2025-05-25 04:46:05,42.3974876403809,-8.92075824737549,"Female"
"9004153",371987,2025-05-25 04:50:43,42.3974609375,-8.92080783843994,"Female"
"9004153",371987,2025-05-25 04:55:48,42.397533416748,-8.92091655731201,"Female"
"9004153",371987,2025-05-25 05:00:43,42.3974571228027,-8.92091751098633,"Female"
"9004153",371987,2025-05-25 05:05:46,42.3974533081055,-8.92088890075684,"Female"
"9004153",371987,2025-05-25 05:10:53,42.3974800109863,-8.92086982727051,"Female"
"9004153",371987,2025-05-25 05:15:57,42.3975448608398,-8.92103385925293,"Female"
"9004153",371987,2025-05-25 05:20:49,42.3972663879395,-8.92069911956787,"Female"
"9004153",371987,2025-05-25 05:25:49,42.3974227905273,-8.92089939117432,"Female"
"9004153",371987,2025-05-25 05:30:48,42.3975067138672,-8.92118835449219,"Female"
"9004153",371987,2025-05-25 05:37:07,42.3974113464355,-8.92090225219727,"Female"
"9004153",371987,2025-05-25 05:40:47,42.3974533081055,-8.92074775695801,"Female"
"9004153",371987,2025-05-25 05:45:48,42.3976440429688,-8.92113780975342,"Female"
"9004153",371987,2025-05-25 05:50:46,42.3975410461426,-8.92080688476562,"Female"
"9004153",371987,2025-05-25 05:55:54,42.3973770141602,-8.92087173461914,"Female"
"9004153",371987,2025-05-25 06:00:42,42.3979301452637,-8.92046070098877,"Female"
"9004153",371987,2025-05-25 06:05:43,42.3977928161621,-8.92032146453857,"Female"
"9004153",371987,2025-05-25 06:10:44,42.3979072570801,-8.92063236236572,"Female"
"9004153",371987,2025-05-25 06:15:58,42.3978080749512,-8.92062187194824,"Female"
"9004153",371987,2025-05-25 06:20:47,42.3984909057617,-8.92233180999756,"Female"
"9004153",371987,2025-05-25 06:25:49,42.3983879089355,-8.91849613189697,"Female"
"9004153",371987,2025-05-25 06:31:24,42.4040107727051,-8.89856338500977,"Female"
"9004153",371987,2025-05-25 06:36:36,42.4045486450195,-8.89375400543213,"Female"
"9004153",371987,2025-05-25 06:42:25,42.4042739868164,-8.8810396194458,"Female"
"9004153",371987,2025-05-25 06:48:19,42.4053955078125,-8.87390518188477,"Female"
"9004153",371987,2025-05-25 06:53:21,42.405818939209,-8.87328720092773,"Female"
"9004153",371987,2025-05-25 06:58:23,42.4339370727539,-8.89288330078125,"Female"
"9004153",371987,2025-05-25 07:03:25,42.4526901245117,-8.93330192565918,"Female"
"9004153",371987,2025-05-25 07:08:25,42.485969543457,-8.93190479278564,"Female"
"9004153",371987,2025-05-25 07:13:18,42.5160140991211,-8.91703128814697,"Female"
"9004153",371987,2025-05-25 07:18:18,42.5468063354492,-8.90208625793457,"Female"
"9004153",371987,2025-05-25 07:23:24,42.5696296691895,-8.8885440826416,"Female"
"9004153",371987,2025-05-25 07:29:06,42.5705451965332,-8.88783168792725,"Female"
"9004153",371987,2025-05-25 07:34:05,42.5816230773926,-8.8825855255127,"Female"
"9004153",371987,2025-05-25 07:39:07,42.5999565124512,-8.87295436859131,"Female"
"9004153",371987,2025-05-25 07:44:06,42.5998573303223,-8.87276649475098,"Female"
"9004153",371987,2025-05-25 07:49:17,42.5999145507812,-8.87327289581299,"Female"
"9004153",371987,2025-05-25 07:53:58,42.5997009277344,-8.87282848358154,"Female"
"9004153",371987,2025-05-25 07:58:57,42.6030311584473,-8.87158584594727,"Female"
"9004153",371987,2025-05-25 08:04:12,42.6036262512207,-8.87026405334473,"Female"
"9004153",371987,2025-05-25 08:09:24,42.6037101745605,-8.86941909790039,"Female"
"9004153",371987,2025-05-25 08:14:17,42.6030654907227,-8.87000179290771,"Female"
"9004153",371987,2025-05-25 08:19:17,42.6032791137695,-8.87220859527588,"Female"
"9004153",371987,2025-05-25 08:24:19,42.6020774841309,-8.87272453308105,"Female"
"9004153",371987,2025-05-25 08:29:30,42.6014595031738,-8.87344551086426,"Female"
"9004153",371987,2025-05-25 08:34:31,42.6012649536133,-8.87300300598145,"Female"
"9004153",371987,2025-05-25 08:39:36,42.6014671325684,-8.87398624420166,"Female"
"9004153",371987,2025-05-25 08:45:01,42.6015472412109,-8.87401008605957,"Female"
"9004153",371987,2025-05-25 08:49:29,42.6016120910645,-8.87412166595459,"Female"
"9004153",371987,2025-05-25 08:54:28,42.6015510559082,-8.87417602539062,"Female"
"9004153",371987,2025-05-25 08:59:30,42.6016311645508,-8.87406730651855,"Female"
"9004153",371987,2025-05-25 09:04:29,42.6012763977051,-8.87421226501465,"Female"
"9004153",371987,2025-05-25 09:09:29,42.6013793945312,-8.87424468994141,"Female"
"9004153",371987,2025-05-25 09:14:29,42.6013641357422,-8.87426567077637,"Female"
"9004153",371987,2025-05-25 09:19:28,42.6014404296875,-8.87431144714355,"Female"
"9004153",371987,2025-05-25 09:24:29,42.601448059082,-8.87428379058838,"Female"
"9004153",371987,2025-05-25 09:29:28,42.601490020752,-8.87420654296875,"Female"
"9004153",371987,2025-05-25 09:34:28,42.6016273498535,-8.87409496307373,"Female"
"9004153",371987,2025-05-25 09:39:29,42.6014671325684,-8.87428569793701,"Female"
"9004153",371987,2025-05-25 09:44:29,42.6013984680176,-8.87435340881348,"Female"
"9004153",371987,2025-05-25 09:49:29,42.6013832092285,-8.8743839263916,"Female"
"9004153",371987,2025-05-25 09:54:29,42.6014556884766,-8.874342918396,"Female"
"9004153",371987,2025-05-25 10:00:01,42.6012153625488,-8.8735408782959,"Female"
"9004153",371987,2025-05-25 10:05:11,42.5997123718262,-8.87404251098633,"Female"
"9004153",371987,2025-05-25 10:10:57,42.5985374450684,-8.87423610687256,"Female"
"9004153",371987,2025-05-25 10:16:19,42.5977325439453,-8.87515830993652,"Female"
"9004153",371987,2025-05-25 10:22:05,42.5976982116699,-8.87625503540039,"Female"
"9004153",371987,2025-05-25 10:27:06,42.5973930358887,-8.87700080871582,"Female"
"9004153",371987,2025-05-25 10:32:05,42.5974884033203,-8.87850093841553,"Female"
"9004153",371987,2025-05-25 10:37:06,42.5976066589355,-8.87881374359131,"Female"
"9004153",371987,2025-05-25 10:42:06,42.5976028442383,-8.87886524200439,"Female"
"9004153",371987,2025-05-25 10:47:06,42.5975875854492,-8.8788537979126,"Female"
"9004153",371987,2025-05-25 10:52:06,42.5976295471191,-8.87894058227539,"Female"
"9004153",371987,2025-05-25 10:57:06,42.597583770752,-8.87889385223389,"Female"
"9004153",371987,2025-05-25 11:02:06,42.5976142883301,-8.87887859344482,"Female"
"9004153",371987,2025-05-25 11:07:06,42.597599029541,-8.87887954711914,"Female"
"9004153",371987,2025-05-25 11:12:06,42.5975341796875,-8.87889385223389,"Female"
"9004153",371987,2025-05-25 11:17:06,42.5975799560547,-8.8788537979126,"Female"
"9004153",371987,2025-05-25 11:22:06,42.5976066589355,-8.87886333465576,"Female"
"9004153",371987,2025-05-25 11:27:06,42.5975914001465,-8.87880325317383,"Female"
"9004153",371987,2025-05-25 11:32:06,42.5975723266602,-8.87888145446777,"Female"
"9004153",371987,2025-05-25 11:37:06,42.5975646972656,-8.87887191772461,"Female"
"9004153",371987,2025-05-25 11:42:06,42.6042137145996,-8.87454509735107,"Female"
"9004153",371987,2025-05-25 11:47:15,42.6050834655762,-8.87463092803955,"Female"
"9004153",371987,2025-05-25 11:52:57,42.606330871582,-8.8744010925293,"Female"
"9004153",371987,2025-05-25 11:57:57,42.6075134277344,-8.8746337890625,"Female"
"9004153",371987,2025-05-25 12:03:33,42.608283996582,-8.87403774261475,"Female"
"9004153",371987,2025-05-25 12:09:09,42.6093368530273,-8.87518882751465,"Female"
"9004153",371987,2025-05-25 12:14:42,42.6101608276367,-8.87629318237305,"Female"
"9004153",371987,2025-05-25 12:25:30,42.6107902526855,-8.87337589263916,"Female"
"9004153",371987,2025-05-25 12:30:30,42.6094818115234,-8.87282848358154,"Female"
"9004153",371987,2025-05-25 12:35:34,42.6043739318848,-8.87296390533447,"Female"
"9004153",371987,2025-05-25 12:40:40,42.6014785766602,-8.87430763244629,"Female"
"9004153",371987,2025-05-25 12:45:33,42.6015167236328,-8.87423610687256,"Female"
"9004153",371987,2025-05-25 12:50:33,42.6014671325684,-8.87435436248779,"Female"
"9004153",371987,2025-05-25 12:55:29,42.6014976501465,-8.87429046630859,"Female"
"9004153",371987,2025-05-25 13:00:33,42.601432800293,-8.87448596954346,"Female"
"9004153",371987,2025-05-25 13:05:35,42.6014518737793,-8.87446880340576,"Female"
"9004153",371987,2025-05-25 13:10:34,42.6014442443848,-8.87442493438721,"Female"
"9004153",371987,2025-05-25 13:15:35,42.601448059082,-8.87451839447021,"Female"
"9004153",371987,2025-05-25 13:20:37,42.6014442443848,-8.87425136566162,"Female"
"9004153",371987,2025-05-25 13:25:37,42.6014442443848,-8.87429809570312,"Female"
"9004153",371987,2025-05-25 13:30:45,42.6014442443848,-8.87403869628906,"Female"
"9004153",371987,2025-05-25 13:35:37,42.6012687683105,-8.87384128570557,"Female"
"9004153",371987,2025-05-25 13:52:05,42.5995445251465,-8.87559127807617,"Female"
"9004153",371987,2025-05-25 13:56:16,42.5984725952148,-8.87488174438477,"Female"
"9004153",371987,2025-05-25 14:01:18,42.5982208251953,-8.8733377456665,"Female"
"9004153",371987,2025-05-25 14:06:54,42.5994834899902,-8.87282276153564,"Female"
"9004153",371987,2025-05-25 14:12:23,42.5994720458984,-8.87086963653564,"Female"
"9004153",371987,2025-05-25 14:18:03,42.5994606018066,-8.86946487426758,"Female"
"9004153",371987,2025-05-25 14:23:24,42.5993118286133,-8.8695125579834,"Female"
"9004153",371987,2025-05-25 14:28:30,42.6000671386719,-8.86900329589844,"Female"
"9004153",371987,2025-05-25 14:33:35,42.6002998352051,-8.86971187591553,"Female"
"9004153",371987,2025-05-25 14:38:47,42.599494934082,-8.86972808837891,"Female"
"9004153",371987,2025-05-25 14:48:47,42.6016082763672,-8.87393188476562,"Female"
"9004153",371987,2025-05-25 14:54:05,42.6016159057617,-8.87421226501465,"Female"
"9004153",371987,2025-05-25 14:58:44,42.6015853881836,-8.87418651580811,"Female"
"9004153",371987,2025-05-25 15:03:44,42.6015930175781,-8.87420272827148,"Female"
"9004153",371987,2025-05-25 15:08:43,42.6015815734863,-8.87427043914795,"Female"
"9004153",371987,2025-05-25 15:13:44,42.6016387939453,-8.87422180175781,"Female"
"9004153",371987,2025-05-25 15:18:44,42.6014556884766,-8.87427806854248,"Female"
"9004153",371987,2025-05-25 15:23:44,42.6014022827148,-8.8742561340332,"Female"
"9004153",371987,2025-05-25 15:28:43,42.6014251708984,-8.87420463562012,"Female"
"9004153",371987,2025-05-25 15:33:43,42.6010246276855,-8.87417411804199,"Female"
"9004153",371987,2025-05-25 15:39:17,42.6004676818848,-8.87561988830566,"Female"
"9004153",371987,2025-05-25 15:44:49,42.6006164550781,-8.87592506408691,"Female"
"9004153",371987,2025-05-25 15:49:49,42.6000938415527,-8.8751277923584,"Female"
"9004153",371987,2025-05-25 15:54:47,42.5987014770508,-8.87581443786621,"Female"
"9004153",371987,2025-05-25 15:59:48,42.5975494384766,-8.876633644104,"Female"
"9004153",371987,2025-05-25 16:04:48,42.5961875915527,-8.87786293029785,"Female"
"9004153",371987,2025-05-25 16:09:47,42.5960998535156,-8.87776851654053,"Female"
"9004153",371987,2025-05-25 16:14:48,42.5961227416992,-8.8777961730957,"Female"
"9004153",371987,2025-05-25 16:19:47,42.5961265563965,-8.87782764434814,"Female"
"9004153",371987,2025-05-25 16:24:48,42.5961608886719,-8.87778854370117,"Female"
"9004153",371987,2025-05-25 16:29:48,42.596061706543,-8.8776798248291,"Female"
"9004153",371987,2025-05-25 16:34:48,42.5961570739746,-8.87778949737549,"Female"
"9004153",371987,2025-05-25 16:39:48,42.5960273742676,-8.87767314910889,"Female"
"9004153",371987,2025-05-25 16:44:48,42.5963439941406,-8.87806606292725,"Female"
"9004153",371987,2025-05-25 16:49:47,42.596118927002,-8.8779125213623,"Female"
"9004153",371987,2025-05-25 16:54:48,42.5961494445801,-8.87780380249023,"Female"
"9004153",371987,2025-05-25 16:59:50,42.5961303710938,-8.87780952453613,"Female"
"9004153",371987,2025-05-25 17:04:48,42.5961952209473,-8.87786674499512,"Female"
"9004153",371987,2025-05-25 17:09:48,42.5953216552734,-8.8778715133667,"Female"
"9004153",371987,2025-05-25 17:14:48,42.5936126708984,-8.87841796875,"Female"
"9004153",371987,2025-05-25 17:19:48,42.5724678039551,-8.88885402679443,"Female"
"9004153",371987,2025-05-25 17:24:48,42.5396423339844,-8.90792274475098,"Female"
"9004153",371987,2025-05-25 17:29:50,42.5398101806641,-8.90810108184814,"Female"
"9004153",371987,2025-05-25 17:34:51,42.5399436950684,-8.90812301635742,"Female"
"9004153",371987,2025-05-25 17:39:51,42.5398902893066,-8.90832614898682,"Female"
"9004153",371987,2025-05-25 17:44:49,42.5398635864258,-8.90828227996826,"Female"
"9004153",371987,2025-05-25 17:49:49,42.5109977722168,-8.92419052124023,"Female"
"9004153",371987,2025-05-25 17:54:49,42.4709587097168,-8.94328308105469,"Female"
"9004153",371987,2025-05-25 18:00:36,42.4416046142578,-8.94341659545898,"Female"
"9004153",371987,2025-05-25 18:05:05,42.4400367736816,-8.94293689727783,"Female"
"9004153",371987,2025-05-25 18:10:14,42.4108467102051,-8.93401432037354,"Female"
"9004153",371987,2025-05-25 18:15:26,42.3973426818848,-8.92087078094482,"Female"
"9004153",371987,2025-05-25 18:19:53,42.3971710205078,-8.92053413391113,"Female"
"9004153",371987,2025-05-25 18:24:48,42.397274017334,-8.92074871063232,"Female"
"9004153",371987,2025-05-25 18:29:50,42.3974571228027,-8.92096614837646,"Female"
"9004153",371987,2025-05-25 18:34:50,42.3974266052246,-8.92081642150879,"Female"
"9004153",371987,2025-05-25 18:39:52,42.3974151611328,-8.92081356048584,"Female"
"9004153",371987,2025-05-25 18:44:52,42.3975639343262,-8.92099285125732,"Female"
"9004153",371987,2025-05-25 18:50:02,42.3974876403809,-8.92093849182129,"Female"
"9004153",371987,2025-05-25 18:55:02,42.3974494934082,-8.92092132568359,"Female"
"9004153",371987,2025-05-25 19:00:03,42.3974609375,-8.9209041595459,"Female"
"9004153",371987,2025-05-25 19:05:04,42.3974609375,-8.92089939117432,"Female"
"9004153",371987,2025-05-25 19:10:03,42.3974418640137,-8.92081260681152,"Female"
"9004153",371987,2025-05-25 19:15:06,42.3974609375,-8.92092323303223,"Female"
"9004153",371987,2025-05-25 19:20:07,42.3974647521973,-8.92093181610107,"Female"
"9004153",371987,2025-05-25 19:25:10,42.3974494934082,-8.92084121704102,"Female"
"9004153",371987,2025-05-25 19:29:49,42.3974342346191,-8.92112159729004,"Female"
"9004153",371987,2025-05-25 19:34:49,42.3975448608398,-8.92104530334473,"Female"
"9004153",371987,2025-05-25 19:39:50,42.3975296020508,-8.92137336730957,"Female"
"9004153",371987,2025-05-25 19:44:52,42.3971977233887,-8.92048645019531,"Female"
"9004153",371987,2025-05-25 19:50:03,42.3968772888184,-8.91963481903076,"Female"
"9004153",371987,2025-05-25 19:54:48,42.3967399597168,-8.91954517364502,"Female"
"9004153",371987,2025-05-25 19:59:59,42.3967056274414,-8.91946792602539,"Female"
"9004153",371987,2025-05-25 20:05:15,42.3962211608887,-8.92171382904053,"Female"
"9004153",371987,2025-05-25 20:09:51,42.3967208862305,-8.92057800292969,"Female"
"9004153",371987,2025-05-25 20:14:53,42.397045135498,-8.92020893096924,"Female"
"9004153",371987,2025-05-25 20:19:55,42.3971328735352,-8.91991710662842,"Female"
"9004153",371987,2025-05-25 20:25:01,42.3958168029785,-8.92165279388428,"Female"
"9004153",371987,2025-05-25 20:29:51,42.3970832824707,-8.91994857788086,"Female"
"9004153",371987,2025-05-25 20:35:01,42.3957977294922,-8.9213695526123,"Female"
"9004153",371987,2025-05-25 20:40:01,42.3959197998047,-8.92032432556152,"Female"
"9004153",371987,2025-05-25 20:45:01,42.3957176208496,-8.92070960998535,"Female"
"9004153",371987,2025-05-25 20:50:15,42.3954658508301,-8.92154407501221,"Female"
"9004153",371987,2025-05-25 20:54:50,42.3945541381836,-8.92102718353271,"Female"
"9004153",371987,2025-05-25 21:00:02,42.3958358764648,-8.9213695526123,"Female"
"9004153",371987,2025-05-25 21:05:00,42.3964691162109,-8.92124843597412,"Female"
"9004153",371987,2025-05-25 21:10:01,42.3968696594238,-8.92129039764404,"Female"
"9004153",371987,2025-05-25 21:15:01,42.3968200683594,-8.92137908935547,"Female"
"9004153",371987,2025-05-25 21:20:01,42.396900177002,-8.92141532897949,"Female"
"9004153",371987,2025-05-25 21:25:01,42.3969078063965,-8.92156028747559,"Female"
"9004153",371987,2025-05-25 21:30:01,42.3969650268555,-8.921799659729,"Female"
"9004153",371987,2025-05-25 21:35:01,42.396900177002,-8.92196655273438,"Female"
"9004153",371987,2025-05-25 21:40:01,42.3969192504883,-8.92213439941406,"Female"
"9004153",371987,2025-05-25 21:45:01,42.396900177002,-8.92220020294189,"Female"
"9004153",371987,2025-05-25 21:50:14,42.3968849182129,-8.92210674285889,"Female"
"9004153",371987,2025-05-25 21:55:04,42.3968658447266,-8.92238140106201,"Female"
"9004153",371987,2025-05-25 22:00:08,42.396800994873,-8.92277240753174,"Female"
"9004153",371987,2025-05-25 22:05:23,42.3974075317383,-8.9209156036377,"Female"
"9004153",371987,2025-05-25 22:09:47,42.3974800109863,-8.9209451675415,"Female"
"9004153",371987,2025-05-25 22:14:47,42.3974418640137,-8.9208402633667,"Female"
"9004153",371987,2025-05-25 22:19:47,42.3974266052246,-8.92084407806396,"Female"
"9004153",371987,2025-05-25 22:24:47,42.3974418640137,-8.92093181610107,"Female"
"9004153",371987,2025-05-25 22:29:47,42.3974189758301,-8.92088794708252,"Female"
"9004153",371987,2025-05-25 22:34:47,42.3974151611328,-8.92088508605957,"Female"
"9004153",371987,2025-05-25 22:39:47,42.3974075317383,-8.92088508605957,"Female"
"9004153",371987,2025-05-25 22:44:47,42.3973731994629,-8.92089939117432,"Female"
"9004153",371987,2025-05-25 22:49:47,42.397403717041,-8.92091083526611,"Female"
"9004153",371987,2025-05-25 22:54:47,42.3974533081055,-8.92093753814697,"Female"
"9004153",371987,2025-05-25 22:59:47,42.3973693847656,-8.92081642150879,"Female"
"9004153",371987,2025-05-25 23:04:48,42.3974571228027,-8.9208812713623,"Female"
"9004153",371987,2025-05-25 23:09:47,42.3974266052246,-8.92093753814697,"Female"
"9004153",371987,2025-05-25 23:15:01,42.3975372314453,-8.92116546630859,"Female"
"9004153",371987,2025-05-25 23:19:49,42.3973693847656,-8.92075443267822,"Female"
"9004153",371987,2025-05-25 23:25:06,42.3974380493164,-8.92079734802246,"Female"
"9004153",371987,2025-05-25 23:29:56,42.397533416748,-8.92083930969238,"Female"
"9004153",371987,2025-05-25 23:35:14,42.3974685668945,-8.92080307006836,"Female"
"9004153",371987,2025-05-25 23:39:48,42.3974609375,-8.92107582092285,"Female"
"9004153",371987,2025-05-25 23:44:47,42.3974304199219,-8.92119693756104,"Female"
"9004153",371987,2025-05-25 23:49:49,42.3974266052246,-8.92105579376221,"Female"
"9004153",371987,2025-05-25 23:54:48,42.3973617553711,-8.9210901260376,"Female"
"9004153",371987,2025-05-25 23:59:48,42.3975639343262,-8.92113590240479,"Female"
"9004153",371987,2025-05-26 00:04:49,42.3974914550781,-8.92080211639404,"Female"
"9004153",371987,2025-05-26 00:09:48,42.397518157959,-8.92114543914795,"Female"
"9004153",371987,2025-05-26 00:14:49,42.3974876403809,-8.92076873779297,"Female"
"9004153",371987,2025-05-26 00:19:49,42.3974914550781,-8.92112636566162,"Female"
"9004153",371987,2025-05-26 00:24:50,42.3974266052246,-8.9209623336792,"Female"
"9004153",371987,2025-05-26 00:29:48,42.3974227905273,-8.92104148864746,"Female"
"9004153",371987,2025-05-26 00:34:50,42.3974571228027,-8.92076015472412,"Female"
"9004153",371987,2025-05-26 00:39:49,42.3974189758301,-8.9210844039917,"Female"
"9004153",371987,2025-05-26 00:44:49,42.3974189758301,-8.92117977142334,"Female"
"9004153",371987,2025-05-26 00:49:50,42.3974456787109,-8.92120552062988,"Female"
"9004153",371987,2025-05-26 00:54:50,42.3974723815918,-8.92095947265625,"Female"
"9004153",371987,2025-05-26 00:59:56,42.3974571228027,-8.9209623336792,"Female"
"9004153",371987,2025-05-26 01:04:58,42.3974952697754,-8.92105197906494,"Female"
"9004153",371987,2025-05-26 01:10:02,42.3974876403809,-8.92102336883545,"Female"
"9004153",371987,2025-05-26 01:15:02,42.3974494934082,-8.92087173461914,"Female"
"9004153",371987,2025-05-26 01:20:14,42.3975105285645,-8.92113780975342,"Female"
"9004153",371987,2025-05-26 01:24:51,42.3974571228027,-8.92094898223877,"Female"
"9004153",371987,2025-05-26 01:29:53,42.3975486755371,-8.92127704620361,"Female"
"9004153",371987,2025-05-26 01:34:53,42.3974876403809,-8.92124557495117,"Female"
"9004153",371987,2025-05-26 01:39:53,42.3975372314453,-8.92097949981689,"Female"
"9004153",371987,2025-05-26 01:45:03,42.397518157959,-8.92123603820801,"Female"
"9004153",371987,2025-05-26 01:50:15,42.3974761962891,-8.92101192474365,"Female"
"9004153",371987,2025-05-26 01:54:52,42.3972778320312,-8.92103672027588,"Female"
"9004153",371987,2025-05-26 01:59:50,42.3972358703613,-8.92101001739502,"Female"
"9004153",371987,2025-05-26 02:04:50,42.3972091674805,-8.92106151580811,"Female"
"9004153",371987,2025-05-26 02:09:49,42.3974723815918,-8.92091369628906,"Female"
"9004153",371987,2025-05-26 02:14:56,42.3975105285645,-8.92100048065186,"Female"
"9004153",371987,2025-05-26 02:19:49,42.3973350524902,-8.92096138000488,"Female"
"9004153",371987,2025-05-26 02:25:01,42.3974838256836,-8.92079639434814,"Female"
"9004153",371987,2025-05-26 02:29:49,42.3974227905273,-8.92080783843994,"Female"
"9004153",371987,2025-05-26 02:34:49,42.3974838256836,-8.92093753814697,"Female"
"9004153",371987,2025-05-26 02:39:47,42.3973808288574,-8.9207763671875,"Female"
"9004153",371987,2025-05-26 02:44:55,42.3975830078125,-8.92079067230225,"Female"
"9004153",371987,2025-05-26 02:50:24,42.3977241516113,-8.92071342468262,"Female"
"9004153",371987,2025-05-26 02:54:49,42.3978233337402,-8.92000675201416,"Female"
"9004153",371987,2025-05-26 02:59:49,42.3975486755371,-8.92112159729004,"Female"
"9004153",371987,2025-05-26 03:05:01,42.3975791931152,-8.92076110839844,"Female"
"9004153",371987,2025-05-26 03:09:50,42.3973846435547,-8.92168998718262,"Female"
"9004153",371987,2025-05-26 03:14:59,42.3974151611328,-8.92080974578857,"Female"
"9004153",371987,2025-05-26 03:19:49,42.3974494934082,-8.92126274108887,"Female"
"9004153",371987,2025-05-26 03:24:51,42.3974952697754,-8.92092800140381,"Female"
"9004153",371987,2025-05-26 03:30:01,42.3975563049316,-8.92080783843994,"Female"
"9004153",371987,2025-05-26 03:34:47,42.3976135253906,-8.92097473144531,"Female"
"9004153",371987,2025-05-26 03:39:48,42.3976593017578,-8.92092418670654,"Female"
"9004153",371987,2025-05-26 03:44:48,42.3976898193359,-8.92091178894043,"Female"
"9004153",371987,2025-05-26 03:49:47,42.3976898193359,-8.92101573944092,"Female"
"9004153",371987,2025-05-26 03:54:47,42.3976020812988,-8.9208927154541,"Female"
"9004153",371987,2025-05-26 03:59:47,42.3976631164551,-8.92098617553711,"Female"
"9004153",371987,2025-05-26 04:04:47,42.3975448608398,-8.9208517074585,"Female"
"9004153",371987,2025-05-26 04:09:48,42.3977584838867,-8.92105865478516,"Female"
"9004153",371987,2025-05-26 04:14:48,42.3976783752441,-8.920973777771,"Female"
"9004153",371987,2025-05-26 04:19:48,42.3977546691895,-8.92110919952393,"Female"
"9004153",371987,2025-05-26 04:24:48,42.3976440429688,-8.92098617553711,"Female"
"9004153",371987,2025-05-26 04:29:48,42.3976440429688,-8.92097949981689,"Female"
"9004153",371987,2025-05-26 04:34:52,42.3977584838867,-8.92109966278076,"Female"
"9004153",371987,2025-05-26 04:39:50,42.3975791931152,-8.92108249664307,"Female"
"9004153",371987,2025-05-26 04:44:56,42.3976135253906,-8.92099094390869,"Female"
"9004153",371987,2025-05-26 04:50:14,42.397403717041,-8.92098236083984,"Female"
"9004153",371987,2025-05-26 04:54:47,42.3974380493164,-8.92094135284424,"Female"
"9004153",371987,2025-05-26 04:59:48,42.397331237793,-8.92103004455566,"Female"
"9004153",371987,2025-05-26 05:04:49,42.3974533081055,-8.92092132568359,"Female"
"9004153",371987,2025-05-26 05:09:50,42.3974685668945,-8.92094707489014,"Female"
"9004153",371987,2025-05-26 05:14:49,42.3974914550781,-8.92094612121582,"Female"
"9004153",371987,2025-05-26 05:19:49,42.3976516723633,-8.92103576660156,"Female"
"9004153",371987,2025-05-26 05:24:53,42.3976440429688,-8.92105007171631,"Female"
"9004153",371987,2025-05-26 05:29:54,42.3974914550781,-8.9210786819458,"Female"
"9004153",371987,2025-05-26 05:34:52,42.3974609375,-8.92114448547363,"Female"
"9004153",371987,2025-05-26 05:41:11,42.3974151611328,-8.92123603820801,"Female"
"9004153",371987,2025-05-26 05:45:44,42.3973693847656,-8.92105102539062,"Female"
"9004153",371987,2025-05-26 05:49:50,42.3977546691895,-8.9218168258667,"Female"
"9004153",371987,2025-05-26 05:55:03,42.3973693847656,-8.92098808288574,"Female"
"9004153",371987,2025-05-26 05:59:49,42.3972969055176,-8.92094135284424,"Female"
"9004153",371987,2025-05-26 06:04:51,42.3974151611328,-8.92093467712402,"Female"
"9004153",371987,2025-05-26 06:09:50,42.3974914550781,-8.92098617553711,"Female"
"9004153",371987,2025-05-26 06:14:55,42.3974418640137,-8.92095851898193,"Female"
"9004153",371987,2025-05-26 06:19:48,42.3973999023438,-8.92077541351318,"Female"
"9004153",371987,2025-05-26 06:24:57,42.3975067138672,-8.92095279693604,"Female"
"9004153",371987,2025-05-26 06:29:51,42.3975296020508,-8.92093181610107,"Female"
"9004153",371987,2025-05-26 06:35:00,42.3973045349121,-8.92062950134277,"Female"
"9004153",371987,2025-05-26 06:40:23,42.397518157959,-8.92105007171631,"Female"
"9004153",371987,2025-05-26 06:44:57,42.397346496582,-8.92089176177979,"Female"
"9004153",371987,2025-05-26 06:49:52,42.3974800109863,-8.92102813720703,"Female"
"9004153",371987,2025-05-26 06:54:47,42.3974990844727,-8.92095851898193,"Female"
"9004153",371987,2025-05-26 06:59:54,42.3974456787109,-8.92085742950439,"Female"
"9004153",371987,2025-05-26 07:04:49,42.3974304199219,-8.92079448699951,"Female"
"9004153",371987,2025-05-26 07:09:54,42.397403717041,-8.92076015472412,"Female"
"9004153",371987,2025-05-26 07:14:46,42.3973770141602,-8.9207239151001,"Female"
"9004153",371987,2025-05-26 07:19:48,42.3974494934082,-8.92084312438965,"Female"
"9004153",371987,2025-05-26 07:24:48,42.3973922729492,-8.92073059082031,"Female"
"9004153",371987,2025-05-26 07:30:01,42.3975601196289,-8.92123603820801,"Female"
"9004153",371987,2025-05-26 07:36:11,42.397403717041,-8.92079257965088,"Female"
"9004153",371987,2025-05-26 07:39:46,42.3975143432617,-8.92105388641357,"Female"
"9004153",371987,2025-05-26 07:44:46,42.3975296020508,-8.92099952697754,"Female"
"9004153",371987,2025-05-26 07:49:48,42.3974800109863,-8.92081451416016,"Female"
"9004153",371987,2025-05-26 07:54:48,42.3973808288574,-8.92082405090332,"Female"
"9004153",371987,2025-05-26 07:59:49,42.3974304199219,-8.92088317871094,"Female"
"9004153",371987,2025-05-26 08:04:52,42.3974609375,-8.92091751098633,"Female"
"9004153",371987,2025-05-26 08:09:49,42.3975067138672,-8.92089748382568,"Female"
"9004153",371987,2025-05-26 08:14:54,42.3974266052246,-8.9210147857666,"Female"
"9004153",371987,2025-05-26 08:19:53,42.3974723815918,-8.92012310028076,"Female"
"9004153",371987,2025-05-26 08:25:02,42.3974227905273,-8.92080688476562,"Female"
"9004153",371987,2025-05-26 08:29:52,42.3973655700684,-8.92070293426514,"Female"
"9004153",371987,2025-05-26 08:35:14,42.3973655700684,-8.92076110839844,"Female"
"9004153",371987,2025-05-26 08:40:21,42.3973846435547,-8.92077827453613,"Female"
"9004153",371987,2025-05-26 08:44:46,42.3973579406738,-8.92080593109131,"Female"
"9004153",371987,2025-05-26 08:49:47,42.3974342346191,-8.92088794708252,"Female"
"9004153",371987,2025-05-26 08:54:50,42.4000549316406,-8.91903209686279,"Female"
"9004153",371987,2025-05-26 08:59:46,42.4047241210938,-8.91964054107666,"Female"
"9004153",371987,2025-05-26 09:04:46,42.4294624328613,-8.92257404327393,"Female"
"9004153",371987,2025-05-26 09:09:46,42.455020904541,-8.93657875061035,"Female"
"9004153",371987,2025-05-26 09:14:46,42.4814109802246,-8.93706703186035,"Female"
"9004153",371987,2025-05-26 09:19:46,42.5068511962891,-8.91926193237305,"Female"
"9004153",371987,2025-05-26 09:24:46,42.532543182373,-8.90222930908203,"Female"
"9004153",371987,2025-05-26 09:29:47,42.5443458557129,-8.89170074462891,"Female"
"9004153",371987,2025-05-26 09:35:08,42.5450668334961,-8.89091491699219,"Female"
"9004153",371987,2025-05-26 09:40:08,42.5441627502441,-8.890944480896,"Female"
"9004153",371987,2025-05-26 09:45:36,42.5434913635254,-8.8906307220459,"Female"
"9004153",371987,2025-05-26 09:50:34,42.54296875,-8.88879489898682,"Female"
"9004153",371987,2025-05-26 09:55:38,42.5429611206055,-8.88879299163818,"Female"
"9004153",371987,2025-05-26 10:00:40,42.5429573059082,-8.88877868652344,"Female"
"9004153",371987,2025-05-26 10:05:44,42.5429267883301,-8.88881492614746,"Female"
"9004153",371987,2025-05-26 10:10:35,42.5429496765137,-8.88881874084473,"Female"
"9004153",371987,2025-05-26 10:15:34,42.5429573059082,-8.88885021209717,"Female"
"9004153",371987,2025-05-26 10:20:36,42.5429077148438,-8.88873386383057,"Female"
"9004153",371987,2025-05-26 10:25:35,42.5429077148438,-8.88877391815186,"Female"
"9004153",371987,2025-05-26 10:30:35,42.5429039001465,-8.88886737823486,"Female"
"9004153",371987,2025-05-26 10:35:36,42.543285369873,-8.8884744644165,"Female"
"9004153",371987,2025-05-26 10:40:37,42.5435218811035,-8.89105415344238,"Female"
"9004153",371987,2025-05-26 10:47:14,42.5442543029785,-8.89113426208496,"Female"
"9004153",371987,2025-05-26 10:51:50,42.5450553894043,-8.89163589477539,"Female"
"9004153",371987,2025-05-26 10:56:50,42.5457649230957,-8.89061164855957,"Female"
"9004153",371987,2025-05-26 11:01:48,42.5451011657715,-8.89009094238281,"Female"
"9004153",371987,2025-05-26 11:07:37,42.5457458496094,-8.89002227783203,"Female"
"9004153",371987,2025-05-26 11:12:45,42.5467224121094,-8.8890962600708,"Female"
"9004153",371987,2025-05-26 11:17:38,42.5475463867188,-8.88795280456543,"Female"
"9004153",371987,2025-05-26 11:22:38,42.5486106872559,-8.88627910614014,"Female"
"9004153",371987,2025-05-26 11:28:12,42.5489234924316,-8.8846378326416,"Female"
"9004153",371987,2025-05-26 11:35:44,42.5499839782715,-8.88232040405273,"Female"
"9004153",371987,2025-05-26 11:40:24,42.5517082214355,-8.88179206848145,"Female"
"9004153",371987,2025-05-26 11:45:17,42.5516510009766,-8.88194561004639,"Female"
"9004153",371987,2025-05-26 11:50:31,42.5516815185547,-8.88184833526611,"Female"
"9004153",371987,2025-05-26 11:55:21,42.5516777038574,-8.88180637359619,"Female"
"9004153",371987,2025-05-26 12:00:17,42.5516815185547,-8.88121509552002,"Female"
"9004153",371987,2025-05-26 12:05:33,42.5516624450684,-8.88169384002686,"Female"
"9004153",371987,2025-05-26 12:10:24,42.5516548156738,-8.88179588317871,"Female"
"9004153",371987,2025-05-26 12:15:16,42.5516929626465,-8.8815336227417,"Female"
"9004153",371987,2025-05-26 12:20:40,42.551685333252,-8.88184547424316,"Female"
"9004153",371987,2025-05-26 12:25:17,42.5516700744629,-8.88175201416016,"Female"
"9004153",371987,2025-05-26 12:30:22,42.5516395568848,-8.88131809234619,"Female"
"9004153",371987,2025-05-26 12:35:16,42.5568656921387,-8.88443851470947,"Female"
"9004153",371987,2025-05-26 12:40:17,42.5594520568848,-8.88587474822998,"Female"
"9004153",371987,2025-05-26 12:46:05,42.5598258972168,-8.88631534576416,"Female"
"9004153",371987,2025-05-26 12:50:34,42.5599822998047,-8.88704013824463,"Female"
"9004153",371987,2025-05-26 12:55:37,42.560962677002,-8.88804149627686,"Female"
"9004153",371987,2025-05-26 13:00:35,42.561695098877,-8.88880634307861,"Female"
"9004153",371987,2025-05-26 13:05:36,42.5628204345703,-8.88962268829346,"Female"
"9004153",371987,2025-05-26 13:10:54,42.5634689331055,-8.89078521728516,"Female"
"9004153",371987,2025-05-26 13:15:52,42.5625839233398,-8.8919153213501,"Female"
"9004153",371987,2025-05-26 13:20:52,42.5624923706055,-8.89190673828125,"Female"
"9004153",371987,2025-05-26 13:25:52,42.5624580383301,-8.89189052581787,"Female"
"9004153",371987,2025-05-26 13:30:52,42.562442779541,-8.89191627502441,"Female"
"9004153",371987,2025-05-26 13:35:52,42.562427520752,-8.89191436767578,"Female"
"9004153",371987,2025-05-26 13:40:53,42.5624198913574,-8.89191055297852,"Female"
"9004153",371987,2025-05-26 13:45:53,42.5624389648438,-8.89192771911621,"Female"
"9004153",371987,2025-05-26 13:50:53,42.5623893737793,-8.89204025268555,"Female"
"9004153",371987,2025-05-26 13:55:53,42.5624237060547,-8.89200401306152,"Female"
"9004153",371987,2025-05-26 14:00:53,42.5623741149902,-8.89201068878174,"Female"
"9004153",371987,2025-05-26 14:05:53,42.5624122619629,-8.89200973510742,"Female"
"9004153",371987,2025-05-26 14:10:53,42.5624046325684,-8.89200115203857,"Female"
"9004153",371987,2025-05-26 14:16:24,42.5627326965332,-8.89031314849854,"Female"
"9004153",371987,2025-05-26 14:21:24,42.5631484985352,-8.88894081115723,"Female"
"9004153",371987,2025-05-26 14:26:49,42.5638694763184,-8.88897037506104,"Female"
"9004153",371987,2025-05-26 14:31:47,42.5633087158203,-8.88973522186279,"Female"
"9004153",371987,2025-05-26 14:36:47,42.562183380127,-8.88973522186279,"Female"
"9004153",371987,2025-05-26 14:42:22,42.562126159668,-8.88896083831787,"Female"
"9004153",371987,2025-05-26 14:47:21,42.5623321533203,-8.88930892944336,"Female"
"9004153",371987,2025-05-26 14:52:21,42.5625839233398,-8.8897647857666,"Female"
"9004153",371987,2025-05-26 14:57:22,42.5609321594238,-8.89037609100342,"Female"
"9004153",371987,2025-05-26 15:02:23,42.5445175170898,-8.88819217681885,"Female"
"9004153",371987,2025-05-26 15:07:21,42.5445289611816,-8.88818836212158,"Female"
"9004153",371987,2025-05-26 15:12:20,42.5445251464844,-8.88820838928223,"Female"
"9004153",371987,2025-05-26 15:17:21,42.5446281433105,-8.88815975189209,"Female"
"9004153",371987,2025-05-26 15:22:20,42.544490814209,-8.88823223114014,"Female"
"9004153",371987,2025-05-26 15:27:20,42.5444374084473,-8.88825035095215,"Female"
"9004153",371987,2025-05-26 15:32:22,42.544490814209,-8.88861751556396,"Female"
"9004153",371987,2025-05-26 15:37:49,42.5456314086914,-8.88971519470215,"Female"
"9004153",371987,2025-05-26 15:42:49,42.5450134277344,-8.88993358612061,"Female"
"9004153",371987,2025-05-26 15:47:57,42.5459098815918,-8.88970565795898,"Female"
"9004153",371987,2025-05-26 15:53:04,42.545352935791,-8.89086151123047,"Female"
"9004153",371987,2025-05-26 15:58:47,42.5445404052734,-8.89107227325439,"Female"
"9004153",371987,2025-05-26 16:04:06,42.5449485778809,-8.89045906066895,"Female"
"9004153",371987,2025-05-26 16:09:40,42.5449485778809,-8.89087200164795,"Female"
"9004153",371987,2025-05-26 16:15:38,42.5448417663574,-8.89126682281494,"Female"
"9004153",371987,2025-05-26 16:21:02,42.5439147949219,-8.89066982269287,"Female"
"9004153",371987,2025-05-26 16:27:05,42.5439834594727,-8.89047336578369,"Female"
"9004153",371987,2025-05-26 16:31:43,42.5421867370605,-8.8908519744873,"Female"
"9004153",371987,2025-05-26 16:36:42,42.539966583252,-8.89181423187256,"Female"
"9004153",371987,2025-05-26 16:41:43,42.5392417907715,-8.89388942718506,"Female"
"9004153",371987,2025-05-26 16:46:41,42.5380973815918,-8.89548015594482,"Female"
"9004153",371987,2025-05-26 16:51:42,42.5359687805176,-8.89622974395752,"Female"
"9004153",371987,2025-05-26 16:57:05,42.5189094543457,-8.9163236618042,"Female"
"9004153",371987,2025-05-26 17:01:42,42.4766731262207,-8.94195938110352,"Female"
"9004153",371987,2025-05-26 17:06:41,42.463321685791,-8.94639492034912,"Female"
"9004153",371987,2025-05-26 17:11:43,42.461254119873,-8.94613170623779,"Female"
"9004153",371987,2025-05-26 17:16:47,42.4593124389648,-8.94630908966064,"Female"
"9004153",371987,2025-05-26 17:21:46,42.4569625854492,-8.94618892669678,"Female"
"9004153",371987,2025-05-26 17:27:12,42.4434356689453,-8.94305992126465,"Female"
"9004153",371987,2025-05-26 17:31:44,42.4000587463379,-8.92254161834717,"Female"
"9004153",371987,2025-05-26 17:36:41,42.3977012634277,-8.92089366912842,"Female"
"9004153",371987,2025-05-26 17:41:45,42.3977584838867,-8.92085933685303,"Female"
"9004153",371987,2025-05-26 17:47:01,42.3990516662598,-8.92437553405762,"Female"
"9004153",371987,2025-05-26 17:51:43,42.3975219726562,-8.92068099975586,"Female"
"9004153",371987,2025-05-26 17:56:48,42.3979644775391,-8.92069053649902,"Female"
"9004153",371987,2025-05-26 18:01:47,42.3976745605469,-8.92090606689453,"Female"
"9004153",371987,2025-05-26 18:06:46,42.3974761962891,-8.920654296875,"Female"
"9004153",371987,2025-05-26 18:12:04,42.3974304199219,-8.92077350616455,"Female"
"9004153",371987,2025-05-26 18:17:13,42.3974266052246,-8.92073249816895,"Female"
"9004153",371987,2025-05-26 18:21:42,42.3973922729492,-8.9207592010498,"Female"
"9004153",371987,2025-05-26 18:26:45,42.3974227905273,-8.92083072662354,"Female"
"9004153",371987,2025-05-26 18:31:42,42.3974571228027,-8.92082214355469,"Female"
"9004153",371987,2025-05-26 18:36:42,42.3975486755371,-8.92087745666504,"Female"
"9004153",371987,2025-05-26 18:41:44,42.3973693847656,-8.92070484161377,"Female"
"9004153",371987,2025-05-26 18:47:05,42.3974342346191,-8.92081642150879,"Female"
"9004153",371987,2025-05-26 18:51:41,42.3974685668945,-8.92082405090332,"Female"
"9004153",371987,2025-05-26 18:56:42,42.3974227905273,-8.9207067489624,"Female"
"9004153",371987,2025-05-26 19:01:41,42.3974456787109,-8.9207935333252,"Female"
"9004153",371987,2025-05-26 19:06:41,42.3974609375,-8.92079448699951,"Female"
"9004153",371987,2025-05-26 19:11:41,42.3974533081055,-8.92083549499512,"Female"
"9004153",371987,2025-05-26 19:16:41,42.3974494934082,-8.92081832885742,"Female"
"9004153",371987,2025-05-26 19:21:41,42.3974113464355,-8.92081165313721,"Female"
"9004153",371987,2025-05-26 19:26:41,42.3974380493164,-8.92080497741699,"Female"
"9004153",371987,2025-05-26 19:31:41,42.3974418640137,-8.92083168029785,"Female"
"9004153",371987,2025-05-26 19:36:41,42.3974685668945,-8.9208459854126,"Female"
"9004153",371987,2025-05-26 19:41:41,42.3974723815918,-8.92082405090332,"Female"
"9004153",371987,2025-05-26 19:46:41,42.397518157959,-8.92089462280273,"Female"
"9004153",371987,2025-05-26 19:52:01,42.3974990844727,-8.9208927154541,"Female"
"9004153",371987,2025-05-26 19:56:44,42.3974838256836,-8.92087745666504,"Female"
"9004153",371987,2025-05-26 20:01:43,42.3974418640137,-8.92083644866943,"Female"
"9004153",371987,2025-05-26 20:06:42,42.3974800109863,-8.92091178894043,"Female"
"9004153",371987,2025-05-26 20:11:42,42.3974761962891,-8.92083358764648,"Female"
"9004153",371987,2025-05-26 20:16:42,42.3975296020508,-8.92096996307373,"Female"
"9004153",371987,2025-05-26 20:21:42,42.3974266052246,-8.92087936401367,"Female"
"9004153",371987,2025-05-26 20:26:42,42.3974380493164,-8.92092514038086,"Female"
"9004153",371987,2025-05-26 20:31:44,42.3974113464355,-8.92084789276123,"Female"
"9004153",371987,2025-05-26 20:36:42,42.3974075317383,-8.92083740234375,"Female"
"9004153",371987,2025-05-26 20:41:42,42.3975982666016,-8.92113494873047,"Female"
"9004153",371987,2025-05-26 20:46:43,42.3974456787109,-8.92099094390869,"Female"
"9004153",371987,2025-05-26 20:51:44,42.3974266052246,-8.92090320587158,"Female"
"9004153",371987,2025-05-26 20:56:45,42.3971061706543,-8.92037868499756,"Female"
"9004153",371987,2025-05-26 21:02:05,42.3974075317383,-8.92087364196777,"Female"
"9004153",371987,2025-05-26 21:06:41,42.3973960876465,-8.92083644866943,"Female"
"9004153",371987,2025-05-26 21:11:41,42.3973922729492,-8.92085361480713,"Female"
"9004153",371987,2025-05-26 21:16:41,42.3973808288574,-8.92089748382568,"Female"
"9004153",371987,2025-05-26 21:21:41,42.3974189758301,-8.92086124420166,"Female"
"9004153",371987,2025-05-26 21:26:41,42.397403717041,-8.92089939117432,"Female"
"9004153",371987,2025-05-26 21:31:41,42.3973960876465,-8.92081260681152,"Female"
"9004153",371987,2025-05-26 21:36:41,42.3974189758301,-8.92079734802246,"Female"
"9004153",371987,2025-05-26 21:41:41,42.3974304199219,-8.92085361480713,"Female"
"9004153",371987,2025-05-26 21:46:41,42.3974342346191,-8.92083263397217,"Female"
"9004153",371987,2025-05-26 21:51:41,42.3974227905273,-8.92086887359619,"Female"
"9004153",371987,2025-05-26 21:56:41,42.3974075317383,-8.92084980010986,"Female"
"9004153",371987,2025-05-26 22:01:41,42.3974571228027,-8.9208927154541,"Female"
"9004153",371987,2025-05-26 22:06:41,42.3974342346191,-8.92089748382568,"Female"
"9004153",371987,2025-05-26 22:11:41,42.3974266052246,-8.920823097229,"Female"
"9004153",371987,2025-05-26 22:16:41,42.397403717041,-8.92076969146729,"Female"
"9004153",371987,2025-05-26 22:21:41,42.3974304199219,-8.9208402633667,"Female"
"9004153",371987,2025-05-26 22:26:41,42.3974266052246,-8.92089939117432,"Female"
"9004153",371987,2025-05-26 22:31:41,42.3974494934082,-8.92087650299072,"Female"
"9004153",371987,2025-05-26 22:36:41,42.3974380493164,-8.92083168029785,"Female"
"9004153",371987,2025-05-26 22:42:05,42.3974075317383,-8.92083644866943,"Female"
"9004153",371987,2025-05-26 22:46:49,42.3973999023438,-8.92083263397217,"Female"
"9004153",371987,2025-05-26 22:51:41,42.3973350524902,-8.9208517074585,"Female"
"9004153",371987,2025-05-26 22:56:41,42.3975219726562,-8.92086029052734,"Female"
"9004153",371987,2025-05-26 23:01:41,42.3974571228027,-8.92086410522461,"Female"
"9004153",371987,2025-05-26 23:06:41,42.3974647521973,-8.92081451416016,"Female"
"9004153",371987,2025-05-26 23:11:44,42.3974609375,-8.92086124420166,"Female"
"9004153",371987,2025-05-26 23:16:42,42.3974761962891,-8.92092132568359,"Female"
"9004153",371987,2025-05-26 23:21:41,42.397518157959,-8.92095947265625,"Female"
"9004153",371987,2025-05-26 23:26:41,42.3974266052246,-8.92084312438965,"Female"
"9004153",371987,2025-05-26 23:31:41,42.3974685668945,-8.92084884643555,"Female"
"9004153",371987,2025-05-26 23:37:13,42.3974533081055,-8.92083740234375,"Female"
"9004153",371987,2025-05-26 23:41:41,42.3974189758301,-8.92081165313721,"Female"
"9004153",371987,2025-05-26 23:46:41,42.3974342346191,-8.92073726654053,"Female"
"9004153",371987,2025-05-26 23:51:41,42.3972282409668,-8.92053318023682,"Female"
"9004153",371987,2025-05-26 23:56:43,42.3974189758301,-8.92080402374268,"Female"
"9004153",371987,2025-05-27 00:01:43,42.3973960876465,-8.92079830169678,"Female"
"9004153",371987,2025-05-27 00:06:42,42.397575378418,-8.92110252380371,"Female"
"9004153",371987,2025-05-27 00:11:42,42.3974952697754,-8.92089557647705,"Female"
"9004153",371987,2025-05-27 00:16:43,42.3974571228027,-8.92086124420166,"Female"
"9004153",371987,2025-05-27 00:21:43,42.3974227905273,-8.92103958129883,"Female"
"9004153",371987,2025-05-27 00:26:44,42.3974609375,-8.92092514038086,"Female"
"9004153",371987,2025-05-27 00:32:05,42.3974609375,-8.92084693908691,"Female"
"9004153",371987,2025-05-27 00:36:41,42.3974342346191,-8.92090320587158,"Female"
"9004153",371987,2025-05-27 00:41:41,42.3974761962891,-8.92087936401367,"Female"
"9004153",371987,2025-05-27 00:46:41,42.3973579406738,-8.920823097229,"Female"
"9004153",371987,2025-05-27 00:51:41,42.3973999023438,-8.92081165313721,"Female"
"9004153",371987,2025-05-27 00:56:41,42.3974571228027,-8.92086696624756,"Female"
"9004153",371987,2025-05-27 01:01:41,42.3973731994629,-8.92082691192627,"Female"
"9004153",371987,2025-05-27 01:06:41,42.3973770141602,-8.92083263397217,"Female"
"9004153",371987,2025-05-27 01:11:41,42.3974456787109,-8.92086505889893,"Female"
"9004153",371987,2025-05-27 01:16:42,42.3974533081055,-8.92077922821045,"Female"
"9004153",371987,2025-05-27 01:21:44,42.3974266052246,-8.9209098815918,"Female"
"9004153",371987,2025-05-27 01:26:42,42.3974342346191,-8.92096519470215,"Female"
"9004153",371987,2025-05-27 01:31:42,42.3974304199219,-8.92098712921143,"Female"
"9004153",371987,2025-05-27 01:36:46,42.397403717041,-8.92082786560059,"Female"
"9004153",371987,2025-05-27 01:41:42,42.3974456787109,-8.92084884643555,"Female"
"9004153",371987,2025-05-27 01:46:42,42.397518157959,-8.92108154296875,"Female"
"9004153",371987,2025-05-27 01:51:42,42.3974189758301,-8.92091751098633,"Female"
"9004153",371987,2025-05-27 01:57:14,42.3974800109863,-8.92098236083984,"Female"
"9004153",371987,2025-05-27 02:01:46,42.3974418640137,-8.92094135284424,"Female"
"9004153",371987,2025-05-27 02:06:44,42.3974914550781,-8.92092800140381,"Female"
"9004153",371987,2025-05-27 02:11:42,42.3975296020508,-8.92095470428467,"Female"
"9004153",371987,2025-05-27 02:16:44,42.3974952697754,-8.92095565795898,"Female"
"9004153",371987,2025-05-27 02:21:41,42.3974914550781,-8.92100238800049,"Female"
"9004153",371987,2025-05-27 02:26:44,42.3974838256836,-8.92090320587158,"Female"
"9004153",371987,2025-05-27 02:31:44,42.3974685668945,-8.92095470428467,"Female"
"9004153",371987,2025-05-27 02:36:44,42.3974418640137,-8.92094326019287,"Female"
"9004153",371987,2025-05-27 02:41:41,42.3974876403809,-8.92086601257324,"Female"
"9004153",371987,2025-05-27 02:46:56,42.3974418640137,-8.92092323303223,"Female"
"9004153",371987,2025-05-27 02:52:05,42.3974533081055,-8.92097568511963,"Female"
"9004153",371987,2025-05-27 02:56:42,42.3974952697754,-8.92098712921143,"Female"
"9004153",371987,2025-05-27 03:01:41,42.3974838256836,-8.92095565795898,"Female"
"9004153",371987,2025-05-27 03:06:41,42.3974800109863,-8.92101001739502,"Female"
"9004153",371987,2025-05-27 03:11:41,42.3974418640137,-8.9209623336792,"Female"
"9004153",371987,2025-05-27 03:16:41,42.3974723815918,-8.92095375061035,"Female"
"9004153",371987,2025-05-27 03:21:41,42.3974494934082,-8.92090797424316,"Female"
"9004153",371987,2025-05-27 03:26:41,42.3974380493164,-8.92095851898193,"Female"
"9004153",371987,2025-05-27 03:31:41,42.3974380493164,-8.92085361480713,"Female"
"9004153",371987,2025-05-27 03:36:41,42.3974761962891,-8.92096328735352,"Female"
"9004153",371987,2025-05-27 03:41:41,42.3974876403809,-8.92094707489014,"Female"
"9004153",371987,2025-05-27 03:46:41,42.3974189758301,-8.92094993591309,"Female"
"9004153",371987,2025-05-27 03:51:42,42.3974914550781,-8.92095184326172,"Female"
"9004153",371987,2025-05-27 03:56:47,42.3974952697754,-8.92098999023438,"Female"
"9004153",371987,2025-05-27 04:01:43,42.3974838256836,-8.92102527618408,"Female"
"9004153",371987,2025-05-27 04:06:44,42.3974761962891,-8.92090320587158,"Female"
"9004153",371987,2025-05-27 04:11:44,42.397518157959,-8.92084693908691,"Female"
"9004153",371987,2025-05-27 04:16:45,42.3975219726562,-8.92100715637207,"Female"
"9004153",371987,2025-05-27 04:21:46,42.3974685668945,-8.92098617553711,"Female"
"9004153",371987,2025-05-27 04:27:05,42.3974571228027,-8.92086696624756,"Female"
"9004153",371987,2025-05-27 04:31:41,42.3974189758301,-8.92075443267822,"Female"
"9004153",371987,2025-05-27 04:36:41,42.3974075317383,-8.9207935333252,"Female"
"9004153",371987,2025-05-27 04:41:41,42.3974151611328,-8.92081642150879,"Female"
"9004153",371987,2025-05-27 04:46:41,42.3974075317383,-8.92091846466064,"Female"
"9004153",371987,2025-05-27 04:52:13,42.3973693847656,-8.92091464996338,"Female"
"9004153",371987,2025-05-27 04:56:42,42.3973350524902,-8.92104530334473,"Female"
"9004153",371987,2025-05-27 05:01:42,42.3974151611328,-8.92098140716553,"Female"
"9004153",371987,2025-05-27 05:06:43,42.3972702026367,-8.92114734649658,"Female"
"9004153",371987,2025-05-27 05:11:43,42.3976440429688,-8.92062759399414,"Female"
"9004153",371987,2025-05-27 05:16:46,42.3975601196289,-8.92074584960938,"Female"
"9004153",371987,2025-05-27 05:21:42,42.3978004455566,-8.92054080963135,"Female"
"9004153",371987,2025-05-27 05:26:43,42.3978996276855,-8.92051696777344,"Female"
"9004153",371987,2025-05-27 05:31:48,42.3973655700684,-8.92125129699707,"Female"
"9004153",371987,2025-05-27 05:37:05,42.3976669311523,-8.92099285125732,"Female"
"9004153",371987,2025-05-27 05:41:52,42.3975067138672,-8.92098140716553,"Female"
"9004153",371987,2025-05-27 05:47:29,42.3975563049316,-8.9211540222168,"Female"
"9004153",371987,2025-05-27 05:51:52,42.3975296020508,-8.92123699188232,"Female"
"9004153",371987,2025-05-27 05:56:43,42.397518157959,-8.92089557647705,"Female"
"9004153",371987,2025-05-27 06:01:55,42.3976707458496,-8.92092704772949,"Female"
"9004153",371987,2025-05-27 06:06:43,42.3986129760742,-8.91910457611084,"Female"
"9004153",371987,2025-05-27 06:12:01,42.3976898193359,-8.92012882232666,"Female"
"9004153",371987,2025-05-27 06:16:57,42.3976974487305,-8.92016315460205,"Female"
"9004153",371987,2025-05-27 06:21:56,42.397705078125,-8.92017841339111,"Female"
"9004153",371987,2025-05-27 06:26:44,42.3976287841797,-8.92012405395508,"Female"
"9004153",371987,2025-05-27 06:32:05,42.397834777832,-8.91983413696289,"Female"
"9004153",371987,2025-05-27 06:36:42,42.4226875305176,-8.91896438598633,"Female"
"9004153",371987,2025-05-27 06:41:41,42.4527587890625,-8.93282127380371,"Female"
"9004153",371987,2025-05-27 06:46:42,42.4787139892578,-8.94018363952637,"Female"
"9004153",371987,2025-05-27 06:51:42,42.5015296936035,-8.9259090423584,"Female"
"9004153",371987,2025-05-27 06:56:41,42.5241317749023,-8.91025257110596,"Female"
"9004153",371987,2025-05-27 07:03:30,42.5424003601074,-8.89214420318604,"Female"
"9004153",371987,2025-05-27 07:08:44,42.5425987243652,-8.89048290252686,"Female"
"9004153",371987,2025-05-27 07:13:43,42.5436553955078,-8.8901195526123,"Female"
"9004153",371987,2025-05-27 07:18:42,42.5450439453125,-8.89155578613281,"Female"
"9004153",371987,2025-05-27 07:23:46,42.545482635498,-8.88919258117676,"Female"
"9004153",371987,2025-05-27 07:39:14,42.5471382141113,-8.88698768615723,"Female"
"9004153",371987,2025-05-27 07:43:34,42.5471305847168,-8.88665866851807,"Female"
"9004153",371987,2025-05-27 07:48:34,42.5455665588379,-8.88444805145264,"Female"
"9004153",371987,2025-05-27 07:53:33,42.5453605651855,-8.88440990447998,"Female"
"9004153",371987,2025-05-27 07:58:36,42.5456428527832,-8.88448238372803,"Female"
"9004153",371987,2025-05-27 08:03:32,42.5453796386719,-8.88432121276855,"Female"
"9004153",371987,2025-05-27 08:08:39,42.5456390380859,-8.88462543487549,"Female"
"9004153",371987,2025-05-27 08:13:34,42.5456123352051,-8.88452625274658,"Female"
"9004153",371987,2025-05-27 08:18:38,42.5456161499023,-8.88447570800781,"Female"
"9004153",371987,2025-05-27 08:23:36,42.5456275939941,-8.88446426391602,"Female"
"9004153",371987,2025-05-27 08:28:39,42.5456008911133,-8.88453197479248,"Female"
"9004153",371987,2025-05-27 08:33:44,42.5456466674805,-8.88445568084717,"Female"
"9004153",371987,2025-05-27 08:38:32,42.545955657959,-8.88500785827637,"Female"
"9004153",371987,2025-05-27 08:43:48,42.5453491210938,-8.88346290588379,"Female"
"9004153",371987,2025-05-27 08:52:12,42.5461273193359,-8.88153171539307,"Female"
"9004153",371987,2025-05-27 09:00:39,42.5462684631348,-8.87687110900879,"Female"
"9004153",371987,2025-05-27 09:06:07,42.5479736328125,-8.88198375701904,"Female"
"9004153",371987,2025-05-27 09:10:59,42.5478286743164,-8.88048553466797,"Female"
"9004153",371987,2025-05-27 09:16:14,42.5490989685059,-8.8815336227417,"Female"
"9004153",371987,2025-05-27 09:24:14,42.5501136779785,-8.88189125061035,"Female"
"9004153",371987,2025-05-27 09:28:59,42.5503540039062,-8.88457584381104,"Female"
"9004153",371987,2025-05-27 09:34:22,42.5500297546387,-8.88429641723633,"Female"
"9004153",371987,2025-05-27 09:39:28,42.5501556396484,-8.88422107696533,"Female"
"9004153",371987,2025-05-27 09:43:54,42.5503044128418,-8.88416481018066,"Female"
"9004153",371987,2025-05-27 09:48:55,42.5502510070801,-8.88419246673584,"Female"
"9004153",371987,2025-05-27 09:53:54,42.5502243041992,-8.88424873352051,"Female"
"9004153",371987,2025-05-27 09:58:55,42.5502471923828,-8.88420963287354,"Female"
"9004153",371987,2025-05-27 10:03:54,42.5593299865723,-8.88695526123047,"Female"
"9004153",371987,2025-05-27 10:08:54,42.5904159545898,-8.88490390777588,"Female"
"9004153",371987,2025-05-27 10:13:56,42.6049957275391,-8.87700939178467,"Female"
"9004153",371987,2025-05-27 10:18:56,42.6060485839844,-8.87756633758545,"Female"
"9004153",371987,2025-05-27 10:23:55,42.6066093444824,-8.87658500671387,"Female"
"9004153",371987,2025-05-27 10:29:31,42.6066703796387,-8.87576866149902,"Female"
"9004153",371987,2025-05-27 10:34:31,42.6014518737793,-8.87432670593262,"Female"
"9004153",371987,2025-05-27 10:39:31,42.6014709472656,-8.87429141998291,"Female"
"9004153",371987,2025-05-27 10:44:30,42.6013832092285,-8.87413787841797,"Female"
"9004153",371987,2025-05-27 10:49:31,42.6014060974121,-8.87420177459717,"Female"
"9004153",371987,2025-05-27 10:54:31,42.6014175415039,-8.87424373626709,"Female"
"9004153",371987,2025-05-27 10:59:31,42.601390838623,-8.87411880493164,"Female"
"9004153",371987,2025-05-27 11:04:31,42.6013221740723,-8.87398147583008,"Female"
"9004153",371987,2025-05-27 11:09:31,42.6013298034668,-8.87404918670654,"Female"
"9004153",371987,2025-05-27 11:14:32,42.6015739440918,-8.87444686889648,"Female"
"9004153",371987,2025-05-27 11:19:36,42.6015167236328,-8.87442207336426,"Female"
"9004153",371987,2025-05-27 11:24:31,42.6014137268066,-8.87411975860596,"Female"
"9004153",371987,2025-05-27 11:29:30,42.6018524169922,-8.87487697601318,"Female"
"9004153",371987,2025-05-27 11:34:30,42.601921081543,-8.87491703033447,"Female"
"9004153",371987,2025-05-27 11:39:31,42.601993560791,-8.87486362457275,"Female"
"9004153",371987,2025-05-27 11:44:30,42.6018447875977,-8.87493324279785,"Female"
"9004153",371987,2025-05-27 11:49:30,42.6018333435059,-8.8750638961792,"Female"
"9004153",371987,2025-05-27 11:54:32,42.6023178100586,-8.8751974105835,"Female"
"9004153",371987,2025-05-27 12:00:31,42.6025619506836,-8.87563610076904,"Female"
"9004153",371987,2025-05-27 12:05:28,42.6039962768555,-8.87536239624023,"Female"
"9004153",371987,2025-05-27 12:10:56,42.6048698425293,-8.8756685256958,"Female"
"9004153",371987,2025-05-27 12:16:12,42.6041984558105,-8.8764591217041,"Female"
"9004153",371987,2025-05-27 12:21:18,42.6041603088379,-8.87643909454346,"Female"
"9004153",371987,2025-05-27 12:26:24,42.6038398742676,-8.87644863128662,"Female"
"9004153",371987,2025-05-27 12:31:28,42.6035995483398,-8.87581157684326,"Female"
"9004153",371987,2025-05-27 12:36:29,42.6031761169434,-8.87476634979248,"Female"
"9004153",371987,2025-05-27 12:41:29,42.6031608581543,-8.87476634979248,"Female"
"9004153",371987,2025-05-27 12:46:29,42.6031761169434,-8.8748025894165,"Female"
"9004153",371987,2025-05-27 12:51:29,42.6031951904297,-8.87480926513672,"Female"
"9004153",371987,2025-05-27 12:56:29,42.6031761169434,-8.87483024597168,"Female"
"9004153",371987,2025-05-27 13:01:29,42.6031837463379,-8.87488269805908,"Female"
"9004153",371987,2025-05-27 13:06:29,42.6031913757324,-8.87484836578369,"Female"
"9004153",371987,2025-05-27 13:11:29,42.6031799316406,-8.87488460540771,"Female"
"9004153",371987,2025-05-27 13:16:29,42.6031875610352,-8.87499809265137,"Female"
"9004153",371987,2025-05-27 13:21:29,42.6034088134766,-8.87501621246338,"Female"
"9004153",371987,2025-05-27 13:33:08,42.6051559448242,-8.87320327758789,"Female"
"9004153",371987,2025-05-27 13:38:08,42.6050872802734,-8.87354469299316,"Female"
"9004153",371987,2025-05-27 13:43:13,42.6042213439941,-8.8730297088623,"Female"
"9004153",371987,2025-05-27 13:48:08,42.6038055419922,-8.87313175201416,"Female"
"9004153",371987,2025-05-27 13:53:08,42.6038208007812,-8.87317085266113,"Female"
"9004153",371987,2025-05-27 13:58:09,42.603759765625,-8.87315940856934,"Female"
"9004153",371987,2025-05-27 14:03:14,42.6038360595703,-8.8731803894043,"Female"
"9004153",371987,2025-05-27 14:08:05,42.6031837463379,-8.8734016418457,"Female"
"9004153",371987,2025-05-27 14:13:31,42.6018218994141,-8.87430095672607,"Female"
"9004153",371987,2025-05-27 14:18:26,42.6013717651367,-8.87420272827148,"Female"
"9004153",371987,2025-05-27 14:23:30,42.6014289855957,-8.87461853027344,"Female"
"9004153",371987,2025-05-27 14:28:29,42.601375579834,-8.87467861175537,"Female"
"9004153",371987,2025-05-27 14:33:36,42.6013603210449,-8.87487030029297,"Female"
"9004153",371987,2025-05-27 14:38:36,42.6013679504395,-8.87493419647217,"Female"
"9004153",371987,2025-05-27 14:43:36,42.6013679504395,-8.8749475479126,"Female"
"9004153",371987,2025-05-27 14:48:45,42.6014137268066,-8.8745174407959,"Female"
"9004153",371987,2025-05-27 14:53:46,42.6012763977051,-8.87491989135742,"Female"
"9004153",371987,2025-05-27 14:59:16,42.6007232666016,-8.87345600128174,"Female"
"9004153",371987,2025-05-27 15:05:39,42.6022682189941,-8.87198352813721,"Female"
"9004153",371987,2025-05-27 15:11:14,42.6023216247559,-8.87304782867432,"Female"
"9004153",371987,2025-05-27 15:16:09,42.6014099121094,-8.87442684173584,"Female"
"9004153",371987,2025-05-27 15:21:10,42.6015777587891,-8.87446784973145,"Female"
"9004153",371987,2025-05-27 15:26:13,42.6014213562012,-8.8745231628418,"Female"
"9004153",371987,2025-05-27 15:31:09,42.6016159057617,-8.87447643280029,"Female"
"9004153",371987,2025-05-27 15:36:10,42.6016387939453,-8.87454414367676,"Female"
"9004153",371987,2025-05-27 15:41:10,42.601634979248,-8.87450885772705,"Female"
"9004153",371987,2025-05-27 15:46:10,42.6016235351562,-8.8745641708374,"Female"
"9004153",371987,2025-05-27 15:51:10,42.6016464233398,-8.87448883056641,"Female"
"9004153",371987,2025-05-27 15:56:10,42.6016426086426,-8.87449836730957,"Female"
"9004153",371987,2025-05-27 16:01:10,42.601692199707,-8.87457275390625,"Female"
"9004153",371987,2025-05-27 16:06:18,42.6015701293945,-8.87434387207031,"Female"
"9004153",371987,2025-05-27 16:11:18,42.6015243530273,-8.87427043914795,"Female"
"9004153",371987,2025-05-27 16:16:18,42.6015129089355,-8.87428283691406,"Female"
"9004153",371987,2025-05-27 16:21:18,42.6014556884766,-8.87426948547363,"Female"
"9004153",371987,2025-05-27 16:26:22,42.6014556884766,-8.87426376342773,"Female"
"9004153",371987,2025-05-27 16:31:22,42.5958518981934,-8.87754344940186,"Female"
"9004153",371987,2025-05-27 16:36:35,42.5519866943359,-8.90057945251465,"Female"
"9004153",371987,2025-05-27 16:41:09,42.5405387878418,-8.90596961975098,"Female"
"9004153",371987,2025-05-27 16:46:09,42.5405616760254,-8.90597152709961,"Female"
"9004153",371987,2025-05-27 16:51:09,42.5405235290527,-8.90602207183838,"Female"
"9004153",371987,2025-05-27 16:56:10,42.5392379760742,-8.90699768066406,"Female"
"9004153",371987,2025-05-27 17:01:09,42.5141944885254,-8.92089080810547,"Female"
"9004153",371987,2025-05-27 17:06:09,42.4748420715332,-8.9411506652832,"Female"
"9004153",371987,2025-05-27 17:11:09,42.4257850646973,-8.93930721282959,"Female"
"9004153",371987,2025-05-27 17:16:09,42.3976554870605,-8.92088222503662,"Female"
"9004153",371987,2025-05-27 17:21:09,42.3975448608398,-8.92079830169678,"Female"
"9004153",371987,2025-05-27 17:26:09,42.3975677490234,-8.92083549499512,"Female"
"9004153",371987,2025-05-27 17:31:11,42.3972129821777,-8.92123699188232,"Female"
"9004153",371987,2025-05-27 17:36:12,42.3976249694824,-8.92062568664551,"Female"
"9004153",371987,2025-05-27 17:41:11,42.3976058959961,-8.9206485748291,"Female"
"9004153",371987,2025-05-27 17:46:15,42.3974456787109,-8.92095565795898,"Female"
"9004153",371987,2025-05-27 17:51:16,42.3973350524902,-8.92077732086182,"Female"
"9004153",371987,2025-05-27 17:56:10,42.3980140686035,-8.920823097229,"Female"
"9004153",371987,2025-05-27 18:01:10,42.3975372314453,-8.92085552215576,"Female"
"9004153",371987,2025-05-27 18:06:11,42.3973579406738,-8.92100048065186,"Female"
"9004153",371987,2025-05-27 18:11:09,42.3974723815918,-8.92084503173828,"Female"
"9004153",371987,2025-05-27 18:16:09,42.3974075317383,-8.92094707489014,"Female"
"9004153",371987,2025-05-27 18:21:09,42.3974494934082,-8.92086601257324,"Female"
"9004153",371987,2025-05-27 18:26:10,42.3974914550781,-8.92086887359619,"Female"
"9004153",371987,2025-05-27 18:31:11,42.3974456787109,-8.92084312438965,"Female"
"9004153",371987,2025-05-27 18:36:09,42.3974685668945,-8.92092800140381,"Female"
"9004153",371987,2025-05-27 18:41:09,42.3974990844727,-8.92083644866943,"Female"
"9004153",371987,2025-05-27 18:46:10,42.3975982666016,-8.92096900939941,"Female"
"9004153",371987,2025-05-27 18:51:09,42.3974952697754,-8.92075824737549,"Female"
"9004153",371987,2025-05-27 18:56:10,42.3975296020508,-8.92081260681152,"Female"
"9004153",371987,2025-05-27 19:01:09,42.397518157959,-8.9207878112793,"Female"
"9004153",371987,2025-05-27 19:06:09,42.3975486755371,-8.92078876495361,"Female"
"9004153",371987,2025-05-27 19:11:35,42.3974647521973,-8.92079544067383,"Female"
"9004153",371987,2025-05-27 19:16:09,42.3976097106934,-8.9208927154541,"Female"
"9004153",371987,2025-05-27 19:21:09,42.397575378418,-8.92074298858643,"Female"
"9004153",371987,2025-05-27 19:26:09,42.3974952697754,-8.920823097229,"Female"
"9004153",371987,2025-05-27 19:31:09,42.3974647521973,-8.92078590393066,"Female"
"9004153",371987,2025-05-27 19:36:09,42.3975219726562,-8.92081642150879,"Female"
"9004153",371987,2025-05-27 19:41:09,42.3975028991699,-8.92079448699951,"Female"
"9004153",371987,2025-05-27 19:46:09,42.3975563049316,-8.92081451416016,"Female"
"9004153",371987,2025-05-27 19:51:09,42.3974380493164,-8.920729637146,"Female"
"9004153",371987,2025-05-27 19:56:09,42.3975830078125,-8.92081165313721,"Female"
"9004153",371987,2025-05-27 20:01:35,42.3975486755371,-8.92091083526611,"Female"
"9004153",371987,2025-05-27 20:06:10,42.3974418640137,-8.92086124420166,"Female"
"9004153",371987,2025-05-27 20:11:11,42.3977127075195,-8.92072772979736,"Female"
"9004153",371987,2025-05-27 20:16:09,42.397575378418,-8.92090511322021,"Female"
"9004153",371987,2025-05-27 20:21:10,42.3975715637207,-8.92087936401367,"Female"
"9004153",371987,2025-05-27 20:26:12,42.3975028991699,-8.92076301574707,"Female"
"9004153",371987,2025-05-27 20:31:19,42.3975448608398,-8.92084884643555,"Female"
"9004153",371987,2025-05-27 20:36:16,42.3975257873535,-8.92090892791748,"Female"
"9004153",371987,2025-05-27 20:41:11,42.3975410461426,-8.92089557647705,"Female"
"9004153",371987,2025-05-27 20:46:11,42.3974990844727,-8.92090511322021,"Female"
"9004153",371987,2025-05-27 20:51:13,42.3975563049316,-8.9209041595459,"Female"
"9004153",371987,2025-05-27 20:56:13,42.3975067138672,-8.92083549499512,"Female"
"9004153",371987,2025-05-27 21:01:11,42.3974609375,-8.92088031768799,"Female"
"9004153",371987,2025-05-27 21:06:18,42.3974609375,-8.92089176177979,"Female"
"9004153",371987,2025-05-27 21:11:35,42.3974914550781,-8.92083549499512,"Female"
"9004153",371987,2025-05-27 21:16:15,42.3974723815918,-8.92080211639404,"Female"
"9004153",371987,2025-05-27 21:21:09,42.397575378418,-8.92087745666504,"Female"
"9004153",371987,2025-05-27 21:26:10,42.3975296020508,-8.92079639434814,"Female"
"9004153",371987,2025-05-27 21:31:10,42.3975028991699,-8.92087936401367,"Female"
"9004153",371987,2025-05-27 21:36:12,42.3974800109863,-8.92081546783447,"Female"
"9004153",371987,2025-05-27 21:41:10,42.3974838256836,-8.92080593109131,"Female"
"9004153",371987,2025-05-27 21:46:11,42.3973579406738,-8.9207592010498,"Female"
"9004153",371987,2025-05-27 21:51:16,42.3974647521973,-8.92081451416016,"Female"
"9004153",371987,2025-05-27 21:56:11,42.3974990844727,-8.92087841033936,"Female"
"9004153",371987,2025-05-27 22:01:09,42.3974761962891,-8.9209098815918,"Female"
"9004153",371987,2025-05-27 22:06:35,42.3974761962891,-8.92082500457764,"Female"
"9004153",371987,2025-05-27 22:11:09,42.3975219726562,-8.9207592010498,"Female"
"9004153",371987,2025-05-27 22:16:09,42.3975105285645,-8.92074871063232,"Female"
"9004153",371987,2025-05-27 22:21:10,42.3974761962891,-8.92076969146729,"Female"
"9004153",371987,2025-05-27 22:26:09,42.3974304199219,-8.92089748382568,"Female"
"9004153",371987,2025-05-27 22:31:09,42.3974647521973,-8.92081165313721,"Female"
"9004153",371987,2025-05-27 22:36:09,42.3975028991699,-8.92083644866943,"Female"
"9004153",371987,2025-05-27 22:41:10,42.3974380493164,-8.92085075378418,"Female"
"9004153",371987,2025-05-27 22:46:10,42.3975257873535,-8.92078971862793,"Female"
"9004153",371987,2025-05-27 22:51:09,42.3974647521973,-8.92074298858643,"Female"
"9004153",371987,2025-05-27 22:56:10,42.3975601196289,-8.92086791992188,"Female"
"9004153",371987,2025-05-27 23:01:09,42.3975219726562,-8.92080688476562,"Female"
"9004153",371987,2025-05-27 23:06:09,42.3973846435547,-8.92067813873291,"Female"
"9004153",371987,2025-05-27 23:11:09,42.3974761962891,-8.92076778411865,"Female"
"9004153",371987,2025-05-27 23:16:11,42.3977127075195,-8.92104434967041,"Female"
"9004153",371987,2025-05-27 23:21:13,42.3976211547852,-8.9210958480835,"Female"
"9004153",371987,2025-05-27 23:26:17,42.3974800109863,-8.92076110839844,"Female"
"9004153",371987,2025-05-27 23:31:09,42.3975028991699,-8.92075634002686,"Female"
"9004153",371987,2025-05-27 23:36:35,42.3975067138672,-8.92075061798096,"Female"
"9004153",371987,2025-05-27 23:41:10,42.3975296020508,-8.92075347900391,"Female"
"9004153",371987,2025-05-27 23:46:10,42.3975067138672,-8.92074680328369,"Female"
"9004153",371987,2025-05-27 23:51:10,42.3974685668945,-8.92079162597656,"Female"
"9004153",371987,2025-05-27 23:56:09,42.3974647521973,-8.92074966430664,"Female"
"9004153",371987,2025-05-28 00:01:10,42.3975524902344,-8.92080307006836,"Female"
"9004153",371987,2025-05-28 00:06:09,42.3975296020508,-8.92079734802246,"Female"
"9004153",371987,2025-05-28 00:11:09,42.3971748352051,-8.92077732086182,"Female"
"9004153",371987,2025-05-28 00:16:09,42.3974800109863,-8.9207935333252,"Female"
"9004153",371987,2025-05-28 00:21:09,42.3975372314453,-8.92076206207275,"Female"
"9004153",371987,2025-05-28 00:26:09,42.3975296020508,-8.92080020904541,"Female"
"9004153",371987,2025-05-28 00:31:10,42.397518157959,-8.92094612121582,"Female"
"9004153",371987,2025-05-28 00:36:19,42.3975410461426,-8.92093849182129,"Female"
"9004153",371987,2025-05-28 00:41:09,42.3975677490234,-8.92080497741699,"Female"
"9004153",371987,2025-05-28 00:46:09,42.397575378418,-8.92078495025635,"Female"
"9004153",371987,2025-05-28 00:51:10,42.397575378418,-8.92086791992188,"Female"
"9004153",371987,2025-05-28 00:56:11,42.397590637207,-8.92087745666504,"Female"
"9004153",371987,2025-05-28 01:01:13,42.397518157959,-8.92078590393066,"Female"
"9004153",371987,2025-05-28 01:06:09,42.3975944519043,-8.92098522186279,"Female"
"9004153",371987,2025-05-28 01:11:16,42.3975105285645,-8.92088508605957,"Female"
"9004153",371987,2025-05-28 01:16:13,42.3976173400879,-8.92107963562012,"Female"
"9004153",371987,2025-05-28 01:21:13,42.3975257873535,-8.92087459564209,"Female"
"9004153",371987,2025-05-28 01:26:21,42.3975601196289,-8.92087459564209,"Female"
"9004153",371987,2025-05-28 01:31:35,42.397518157959,-8.92093372344971,"Female"
"9004153",371987,2025-05-28 01:36:10,42.3974838256836,-8.9208345413208,"Female"
"9004153",371987,2025-05-28 01:41:09,42.397518157959,-8.92093849182129,"Female"
"9004153",371987,2025-05-28 01:46:10,42.3975105285645,-8.92079067230225,"Female"
"9004153",371987,2025-05-28 01:51:43,42.3975105285645,-8.92070960998535,"Female"
"9004153",371987,2025-05-28 01:56:09,42.3975296020508,-8.92077827453613,"Female"
"9004153",371987,2025-05-28 02:01:09,42.397518157959,-8.92082405090332,"Female"
"9004153",371987,2025-05-28 02:06:09,42.3975028991699,-8.92081451416016,"Female"
"9004153",371987,2025-05-28 02:11:09,42.3975296020508,-8.92074775695801,"Female"
"9004153",371987,2025-05-28 02:16:09,42.3975372314453,-8.9209566116333,"Female"
"9004153",371987,2025-05-28 02:21:10,42.3975601196289,-8.92075538635254,"Female"
"9004153",371987,2025-05-28 02:26:09,42.3975105285645,-8.92075347900391,"Female"
"9004153",371987,2025-05-28 02:31:09,42.3975372314453,-8.92070770263672,"Female"
"9004153",371987,2025-05-28 02:36:09,42.3975677490234,-8.92068576812744,"Female"
"9004153",371987,2025-05-28 02:41:10,42.3975677490234,-8.92077827453613,"Female"
"9004153",371987,2025-05-28 02:46:35,42.3975410461426,-8.92074680328369,"Female"
"9004153",371987,2025-05-28 02:51:09,42.3976020812988,-8.92060470581055,"Female"
"9004153",371987,2025-05-28 02:56:09,42.397590637207,-8.92065334320068,"Female"
"9004153",371987,2025-05-28 03:01:10,42.3977699279785,-8.92038917541504,"Female"
"9004153",371987,2025-05-28 03:06:12,42.3976669311523,-8.92063903808594,"Female"
"9004153",371987,2025-05-28 03:11:10,42.3976936340332,-8.9205493927002,"Female"
"9004153",371987,2025-05-28 03:16:10,42.3976058959961,-8.92069816589355,"Female"
"9004153",371987,2025-05-28 03:21:10,42.3977546691895,-8.92067050933838,"Female"
"9004153",371987,2025-05-28 03:26:10,42.3976707458496,-8.92072582244873,"Female"
"9004153",371987,2025-05-28 03:31:10,42.397575378418,-8.92077541351318,"Female"
"9004153",371987,2025-05-28 03:36:10,42.3977165222168,-8.92073249816895,"Female"
"9004153",371987,2025-05-28 03:41:10,42.3977508544922,-8.92078590393066,"Female"
"9004153",371987,2025-05-28 03:46:10,42.397891998291,-8.92082691192627,"Female"
"9004153",371987,2025-05-28 03:51:10,42.3979415893555,-8.92087936401367,"Female"
"9004153",371987,2025-05-28 03:56:11,42.3976440429688,-8.92081832885742,"Female"
"9004153",371987,2025-05-28 04:01:18,42.3975257873535,-8.92080402374268,"Female"
"9004153",371987,2025-05-28 04:06:35,42.3975296020508,-8.92083263397217,"Female"
"9004153",371987,2025-05-28 04:11:09,42.3975143432617,-8.92077159881592,"Female"
"9004153",371987,2025-05-28 04:16:11,42.397590637207,-8.92081642150879,"Female"
"9004153",371987,2025-05-28 04:21:09,42.3973350524902,-8.92063331604004,"Female"
"9004153",371987,2025-05-28 04:26:09,42.3975410461426,-8.9208402633667,"Female"
"9004153",371987,2025-05-28 04:31:09,42.3975257873535,-8.92082405090332,"Female"
"9004153",371987,2025-05-28 04:36:09,42.3975715637207,-8.92086505889893,"Female"
"9004153",371987,2025-05-28 04:41:11,42.3974876403809,-8.92076396942139,"Female"
"9004153",371987,2025-05-28 04:46:15,42.3974952697754,-8.92083263397217,"Female"
"9004153",371987,2025-05-28 04:51:09,42.3973770141602,-8.92071056365967,"Female"
"9004153",371987,2025-05-28 04:56:35,42.3974227905273,-8.92088413238525,"Female"
"9004153",371987,2025-05-28 05:01:10,42.3973159790039,-8.92107486724854,"Female"
"9004153",371987,2025-05-28 05:06:11,42.397388458252,-8.92083549499512,"Female"
"9004153",371987,2025-05-28 05:11:13,42.3974685668945,-8.92082118988037,"Female"
"9004153",371987,2025-05-28 05:16:13,42.3974380493164,-8.92084980010986,"Female"
"9004153",371987,2025-05-28 05:21:12,42.3974418640137,-8.92087078094482,"Female"
"9004153",371987,2025-05-28 05:26:12,42.3975372314453,-8.92090606689453,"Female"
"9004153",371987,2025-05-28 05:31:18,42.3972969055176,-8.92085266113281,"Female"
"9004153",371987,2025-05-28 05:36:10,42.3970756530762,-8.92105007171631,"Female"
"9004153",371987,2025-05-28 05:41:12,42.3977966308594,-8.92109680175781,"Female"
"9004153",371987,2025-05-28 05:46:55,42.3978805541992,-8.92144012451172,"Female"
"9004153",371987,2025-05-28 05:51:40,42.3982315063477,-8.92180061340332,"Female"
"9004153",371987,2025-05-28 05:56:10,42.3979835510254,-8.92148876190186,"Female"
"9004153",371987,2025-05-28 06:01:33,42.3973846435547,-8.92086696624756,"Female"
"9004153",371987,2025-05-28 06:06:09,42.3974418640137,-8.92081165313721,"Female"
"9004153",371987,2025-05-28 06:11:09,42.3974266052246,-8.92075824737549,"Female"
"9004153",371987,2025-05-28 06:16:09,42.3974075317383,-8.92083930969238,"Female"
"9004153",371987,2025-05-28 06:21:10,42.4033317565918,-8.91961288452148,"Female"
"9004153",371987,2025-05-28 06:26:10,42.4158363342285,-8.92028903961182,"Female"
"9004153",371987,2025-05-28 06:31:10,42.4469909667969,-8.92896938323975,"Female"
"9004153",371987,2025-05-28 06:36:09,42.471752166748,-8.94278144836426,"Female"
"9004153",371987,2025-05-28 06:41:09,42.492805480957,-8.93050289154053,"Female"
"9004153",371987,2025-05-28 06:46:09,42.5141067504883,-8.9151611328125,"Female"
"9004153",371987,2025-05-28 06:51:10,42.5351905822754,-8.90170955657959,"Female"
"9004153",371987,2025-05-28 06:56:56,42.5423202514648,-8.8920259475708,"Female"
"9004153",371987,2025-05-28 07:02:07,42.5432815551758,-8.89083194732666,"Female"
"9004153",371987,2025-05-28 07:07:48,42.5449638366699,-8.89019012451172,"Female"
"9004153",371987,2025-05-28 07:12:48,42.5457496643066,-8.88902473449707,"Female"
"9004153",371987,2025-05-28 07:18:00,42.5469017028809,-8.88719749450684,"Female"
"9004153",371987,2025-05-28 07:22:59,42.5474319458008,-8.88642978668213,"Female"
"9004153",371987,2025-05-28 07:28:00,42.5477027893066,-8.8845911026001,"Female"
"9004153",371987,2025-05-28 07:33:14,42.5480842590332,-8.88538265228271,"Female"
"9004153",371987,2025-05-28 07:38:44,42.5486755371094,-8.88474369049072,"Female"
"9004153",371987,2025-05-28 07:44:32,42.5517196655273,-8.88663673400879,"Female"
"9004153",371987,2025-05-28 07:48:29,42.5517501831055,-8.88666248321533,"Female"
"9004153",371987,2025-05-28 07:53:27,42.5517692565918,-8.88662528991699,"Female"
"9004153",371987,2025-05-28 07:58:27,42.566047668457,-8.89152431488037,"Female"
"9004153",371987,2025-05-28 08:03:31,42.5941619873047,-8.88184356689453,"Female"
"9004153",371987,2025-05-28 08:08:58,42.6046028137207,-8.87797927856445,"Female"
"9004153",371987,2025-05-28 08:15:14,42.6056518554688,-8.87703895568848,"Female"
"9004153",371987,2025-05-28 08:19:59,42.6059074401855,-8.87634086608887,"Female"
"9004153",371987,2025-05-28 08:25:53,42.6069679260254,-8.87608337402344,"Female"
"9004153",371987,2025-05-28 08:32:05,42.6078491210938,-8.87542819976807,"Female"
"9004153",371987,2025-05-28 08:36:47,42.6095008850098,-8.87685108184814,"Female"
"9004153",371987,2025-05-28 08:41:51,42.609920501709,-8.87742614746094,"Female"
"9004153",371987,2025-05-28 08:46:45,42.6100082397461,-8.87750053405762,"Female"
"9004153",371987,2025-05-28 08:51:46,42.6099472045898,-8.87761211395264,"Female"
"9004153",371987,2025-05-28 08:56:51,42.6094932556152,-8.87797832489014,"Female"
"9004153",371987,2025-05-28 09:01:45,42.6098480224609,-8.87817859649658,"Female"
"9004153",371987,2025-05-28 09:06:46,42.6099586486816,-8.87778949737549,"Female"
"9004153",371987,2025-05-28 09:11:46,42.6099700927734,-8.87789249420166,"Female"
"9004153",371987,2025-05-28 09:16:47,42.6100082397461,-8.87798881530762,"Female"
"9004153",371987,2025-05-28 09:21:46,42.6100158691406,-8.87810039520264,"Female"
"9004153",371987,2025-05-28 09:26:47,42.6099662780762,-8.87820529937744,"Female"
"9004153",371987,2025-05-28 09:31:54,42.6098785400391,-8.87752723693848,"Female"
"9004153",371987,2025-05-28 09:36:47,42.6098823547363,-8.87761116027832,"Female"
"9004153",371987,2025-05-28 09:41:54,42.6098556518555,-8.87752151489258,"Female"
"9004153",371987,2025-05-28 09:46:52,42.6098518371582,-8.87749671936035,"Female"
"9004153",371987,2025-05-28 09:51:47,42.6099395751953,-8.87774848937988,"Female"
"9004153",371987,2025-05-28 09:56:49,42.6098442077637,-8.87746143341064,"Female"
"9004153",371987,2025-05-28 10:01:54,42.6098365783691,-8.87757110595703,"Female"
"9004153",371987,2025-05-28 10:06:54,42.6098594665527,-8.87754344940186,"Female"
"9004153",371987,2025-05-28 10:12:32,42.6099548339844,-8.87709903717041,"Female"
"9004153",371987,2025-05-28 10:18:00,42.6100540161133,-8.87631511688232,"Female"
"9004153",371987,2025-05-28 10:25:07,42.608325958252,-8.87484645843506,"Female"
"9004153",371987,2025-05-28 10:30:30,42.6075668334961,-8.87600803375244,"Female"
"9004153",371987,2025-05-28 10:36:19,42.6068344116211,-8.87658882141113,"Female"
"9004153",371987,2025-05-28 10:41:54,42.6070327758789,-8.87525749206543,"Female"
"9004153",371987,2025-05-28 10:47:35,42.6070594787598,-8.87472724914551,"Female"
"9004153",371987,2025-05-28 10:52:16,42.6069869995117,-8.8755931854248,"Female"
"9004153",371987,2025-05-28 10:57:19,42.6099967956543,-8.8775110244751,"Female"
"9004153",371987,2025-05-28 11:02:17,42.6095542907715,-8.8770923614502,"Female"
"9004153",371987,2025-05-28 11:07:18,42.6097030639648,-8.87725925445557,"Female"
"9004153",371987,2025-05-28 11:12:22,42.6099548339844,-8.87753200531006,"Female"
"9004153",371987,2025-05-28 11:17:16,42.6098442077637,-8.87740516662598,"Female"
"9004153",371987,2025-05-28 11:22:23,42.6099472045898,-8.8775634765625,"Female"
"9004153",371987,2025-05-28 11:27:16,42.609977722168,-8.87756824493408,"Female"
"9004153",371987,2025-05-28 11:32:16,42.6098709106445,-8.87728786468506,"Female"
"9004153",371987,2025-05-28 11:37:16,42.6097717285156,-8.8771390914917,"Female"
"9004153",371987,2025-05-28 11:42:16,42.609806060791,-8.87698650360107,"Female"
"9004153",371987,2025-05-28 11:47:16,42.6097793579102,-8.87673664093018,"Female"
"9004153",371987,2025-05-28 11:52:17,42.6096649169922,-8.87647533416748,"Female"
"9004153",371987,2025-05-28 11:57:18,42.6086235046387,-8.87592506408691,"Female"
"9004153",371987,2025-05-28 12:02:37,42.607048034668,-8.87511444091797,"Female"
"9004153",371987,2025-05-28 12:08:18,42.6056747436523,-8.87567234039307,"Female"
"9004153",371987,2025-05-28 12:13:25,42.6046829223633,-8.87593936920166,"Female"
"9004153",371987,2025-05-28 12:19:56,42.6040687561035,-8.87595748901367,"Female"
"9004153",371987,2025-05-28 12:30:03,42.6042251586914,-8.87333011627197,"Female"
"9004153",371987,2025-05-28 12:34:34,42.6038208007812,-8.87321949005127,"Female"
"9004153",371987,2025-05-28 12:39:34,42.6038932800293,-8.87333869934082,"Female"
"9004153",371987,2025-05-28 12:44:34,42.6038551330566,-8.87328147888184,"Female"
"9004153",371987,2025-05-28 12:49:37,42.6038703918457,-8.87327480316162,"Female"
"9004153",371987,2025-05-28 12:54:34,42.6038398742676,-8.87331104278564,"Female"
"9004153",371987,2025-05-28 12:59:34,42.6039695739746,-8.87347030639648,"Female"
"9004153",371987,2025-05-28 13:04:36,42.6037292480469,-8.87310314178467,"Female"
"9004153",371987,2025-05-28 13:09:39,42.6040191650391,-8.87351322174072,"Female"
"9004153",371987,2025-05-28 13:14:34,42.6041374206543,-8.87375259399414,"Female"
"9004153",371987,2025-05-28 13:19:39,42.6038360595703,-8.87316417694092,"Female"
"9004153",371987,2025-05-28 13:24:44,42.6040115356445,-8.87337875366211,"Female"
"9004153",371987,2025-05-28 13:29:39,42.6040191650391,-8.87333679199219,"Female"
"9004153",371987,2025-05-28 13:34:38,42.604663848877,-8.87314224243164,"Female"
"9004153",371987,2025-05-28 13:40:01,42.6051712036133,-8.87319469451904,"Female"
"9004153",371987,2025-05-28 13:45:06,42.6048164367676,-8.87308788299561,"Female"
"9004153",371987,2025-05-28 13:51:09,42.6034355163574,-8.87203407287598,"Female"
"9004153",371987,2025-05-28 13:56:31,42.6039161682129,-8.87219524383545,"Female"
"9004153",371987,2025-05-28 14:05:35,42.6037521362305,-8.87159156799316,"Female"
"9004153",371987,2025-05-28 14:10:34,42.6022415161133,-8.87316131591797,"Female"
"9004153",371987,2025-05-28 14:15:34,42.6015129089355,-8.87426280975342,"Female"
"9004153",371987,2025-05-28 14:20:34,42.6015014648438,-8.87432479858398,"Female"
"9004153",371987,2025-05-28 14:25:34,42.6015472412109,-8.8742618560791,"Female"
"9004153",371987,2025-05-28 14:30:34,42.6015205383301,-8.87428188323975,"Female"
"9004153",371987,2025-05-28 14:35:34,42.6015014648438,-8.87433052062988,"Female"
"9004153",371987,2025-05-28 14:40:34,42.6015090942383,-8.8742618560791,"Female"
"9004153",371987,2025-05-28 14:45:34,42.601505279541,-8.87424945831299,"Female"
"9004153",371987,2025-05-28 14:50:34,42.6014671325684,-8.87423133850098,"Female"
"9004153",371987,2025-05-28 14:55:34,42.6015434265137,-8.87424945831299,"Female"
"9004153",371987,2025-05-28 15:00:34,42.6014976501465,-8.87424945831299,"Female"
"9004153",371987,2025-05-28 15:05:34,42.6011238098145,-8.87512588500977,"Female"
"9004153",371987,2025-05-28 15:10:41,42.6000328063965,-8.876389503479,"Female"
"9004153",371987,2025-05-28 15:15:55,42.598705291748,-8.87667942047119,"Female"
"9004153",371987,2025-05-28 15:20:52,42.599063873291,-8.87586879730225,"Female"
"9004153",371987,2025-05-28 15:26:01,42.5987739562988,-8.87535667419434,"Female"
"9004153",371987,2025-05-28 15:30:59,42.5977630615234,-8.87717628479004,"Female"
"9004153",371987,2025-05-28 15:35:59,42.5973320007324,-8.87945747375488,"Female"
"9004153",371987,2025-05-28 15:40:59,42.5977516174316,-8.87896633148193,"Female"
"9004153",371987,2025-05-28 15:45:59,42.5978355407715,-8.87889957427979,"Female"
"9004153",371987,2025-05-28 15:50:58,42.5978584289551,-8.87900447845459,"Female"
"9004153",371987,2025-05-28 15:55:59,42.5977668762207,-8.87903594970703,"Female"
"9004153",371987,2025-05-28 16:00:59,42.5975646972656,-8.87929248809814,"Female"
"9004153",371987,2025-05-28 16:05:59,42.5974044799805,-8.87944793701172,"Female"
"9004153",371987,2025-05-28 16:10:59,42.5963935852051,-8.88024234771729,"Female"
"9004153",371987,2025-05-28 16:15:58,42.5951080322266,-8.88099575042725,"Female"
"9004153",371987,2025-05-28 16:20:58,42.5935287475586,-8.88179397583008,"Female"
"9004153",371987,2025-05-28 16:26:11,42.5927200317383,-8.88220500946045,"Female"
"9004153",371987,2025-05-28 16:30:58,42.5916328430176,-8.8825159072876,"Female"
"9004153",371987,2025-05-28 16:35:58,42.5834732055664,-8.88733863830566,"Female"
"9004153",371987,2025-05-28 16:40:58,42.5478324890137,-8.90145683288574,"Female"
"9004153",371987,2025-05-28 16:46:14,42.5396041870117,-8.907883644104,"Female"
"9004153",371987,2025-05-28 16:50:58,42.5396766662598,-8.90791606903076,"Female"
"9004153",371987,2025-05-28 16:55:58,42.5396690368652,-8.90797424316406,"Female"
"9004153",371987,2025-05-28 17:00:58,42.539665222168,-8.90797519683838,"Female"
"9004153",371987,2025-05-28 17:05:58,42.5396461486816,-8.90788459777832,"Female"
"9004153",371987,2025-05-28 17:10:58,42.5396614074707,-8.90797901153564,"Female"
"9004153",371987,2025-05-28 17:16:00,42.5396423339844,-8.90792560577393,"Female"
"9004153",371987,2025-05-28 17:20:59,42.5395202636719,-8.90781879425049,"Female"
"9004153",371987,2025-05-28 17:25:59,42.5395355224609,-8.90776920318604,"Female"
"9004153",371987,2025-05-28 17:31:14,42.5395774841309,-8.90787029266357,"Female"
"9004153",371987,2025-05-28 17:35:58,42.4999313354492,-8.92477989196777,"Female"
"9004153",371987,2025-05-28 17:41:01,42.4586486816406,-8.9433422088623,"Female"
"9004153",371987,2025-05-28 17:45:58,42.4518013000488,-8.94094371795654,"Female"
"9004153",371987,2025-05-28 17:51:00,42.4366111755371,-8.93492698669434,"Female"
"9004153",371987,2025-05-28 17:56:00,42.3966751098633,-8.91889476776123,"Female"
"9004153",371987,2025-05-28 18:01:00,42.3969192504883,-8.92039680480957,"Female"
"9004153",371987,2025-05-28 18:06:01,42.3973731994629,-8.92053890228271,"Female"
"9004153",371987,2025-05-28 18:11:00,42.3993148803711,-8.92439556121826,"Female"
"9004153",371987,2025-05-28 18:16:15,42.3973274230957,-8.92078971862793,"Female"
"9004153",371987,2025-05-28 18:21:08,42.3972816467285,-8.92069149017334,"Female"
"9004153",371987,2025-05-28 18:25:59,42.3980102539062,-8.92172050476074,"Female"
"9004153",371987,2025-05-28 18:31:07,42.397403717041,-8.92066192626953,"Female"
"9004153",371987,2025-05-28 18:35:58,42.3972854614258,-8.92046451568604,"Female"
"9004153",371987,2025-05-28 18:41:07,42.3974189758301,-8.92073535919189,"Female"
"9004153",371987,2025-05-28 18:46:15,42.3974380493164,-8.92069625854492,"Female"
"9004153",371987,2025-05-28 18:51:07,42.3974723815918,-8.92082977294922,"Female"
"9004153",371987,2025-05-28 18:56:20,42.3974914550781,-8.92076110839844,"Female"
"9004153",371987,2025-05-28 19:01:04,42.3975028991699,-8.92082595825195,"Female"
"9004153",371987,2025-05-28 19:06:04,42.3973579406738,-8.92068958282471,"Female"
"9004153",371987,2025-05-28 19:11:14,42.3974685668945,-8.92080402374268,"Female"
"9004153",371987,2025-05-28 19:16:02,42.3974380493164,-8.92079639434814,"Female"
"9004153",371987,2025-05-28 19:21:01,42.3974380493164,-8.92093372344971,"Female"
"9004153",371987,2025-05-28 19:26:05,42.3974761962891,-8.92078304290771,"Female"
"9004153",371987,2025-05-28 19:31:00,42.3974723815918,-8.9207239151001,"Female"
"9004153",371987,2025-05-28 19:36:05,42.3974456787109,-8.92090320587158,"Female"
"9004153",371987,2025-05-28 19:41:11,42.3972663879395,-8.92096138000488,"Female"
"9004153",371987,2025-05-28 19:46:12,42.39794921875,-8.92080974578857,"Female"
"9004153",371987,2025-05-28 19:51:29,42.3975830078125,-8.92086124420166,"Female"
"9004153",371987,2025-05-28 19:55:58,42.3977355957031,-8.92106819152832,"Female"
"9004153",371987,2025-05-28 20:01:04,42.3975982666016,-8.92100620269775,"Female"
"9004153",371987,2025-05-28 20:06:02,42.3975868225098,-8.92098426818848,"Female"
"9004153",371987,2025-05-28 20:11:04,42.3977012634277,-8.92112731933594,"Female"
"9004153",371987,2025-05-28 20:16:02,42.3977241516113,-8.92123794555664,"Female"
"9004153",371987,2025-05-28 20:20:59,42.3975868225098,-8.92104434967041,"Female"
"9004153",371987,2025-05-28 20:25:59,42.3975791931152,-8.92103862762451,"Female"
"9004153",371987,2025-05-28 20:31:14,42.3974494934082,-8.92086124420166,"Female"
"9004153",371987,2025-05-28 20:35:58,42.3973617553711,-8.92071437835693,"Female"
"9004153",371987,2025-05-28 20:40:58,42.3973846435547,-8.920654296875,"Female"
"9004153",371987,2025-05-28 20:45:59,42.3973770141602,-8.92061805725098,"Female"
"9004153",371987,2025-05-28 20:50:59,42.3973617553711,-8.91987133026123,"Female"
"9004153",371987,2025-05-28 20:55:58,42.3973426818848,-8.91995620727539,"Female"
"9004153",371987,2025-05-28 21:01:00,42.3974494934082,-8.92072677612305,"Female"
"9004153",371987,2025-05-28 21:05:59,42.3980674743652,-8.92194175720215,"Female"
"9004153",371987,2025-05-28 21:11:00,42.3978004455566,-8.92155361175537,"Female"
"9004153",371987,2025-05-28 21:16:15,42.3974990844727,-8.92083168029785,"Female"
"9004153",371987,2025-05-28 21:20:59,42.3974723815918,-8.92089080810547,"Female"
"9004153",371987,2025-05-28 21:25:58,42.3976173400879,-8.92126083374023,"Female"
"9004153",371987,2025-05-28 21:30:59,42.3975067138672,-8.92155456542969,"Female"
"9004153",371987,2025-05-28 21:36:07,42.3975791931152,-8.92113876342773,"Female"
"9004153",371987,2025-05-28 21:41:02,42.397590637207,-8.92106437683105,"Female"
"9004153",371987,2025-05-28 21:46:15,42.3975410461426,-8.92107391357422,"Female"
"9004153",371987,2025-05-28 21:50:58,42.3975601196289,-8.92115306854248,"Female"
"9004153",371987,2025-05-28 21:55:58,42.3974761962891,-8.92100429534912,"Female"
"9004153",371987,2025-05-28 22:00:58,42.3974800109863,-8.92114448547363,"Female"
"9004153",371987,2025-05-28 22:05:58,42.3975791931152,-8.92112922668457,"Female"
"9004153",371987,2025-05-28 22:11:08,42.3975410461426,-8.92095184326172,"Female"
"9004153",371987,2025-05-28 22:15:58,42.397575378418,-8.92108917236328,"Female"
"9004153",371987,2025-05-28 22:21:05,42.3975830078125,-8.92099189758301,"Female"
"9004153",371987,2025-05-28 22:26:01,42.3976287841797,-8.92099380493164,"Female"
"9004153",371987,2025-05-28 22:31:29,42.3973274230957,-8.9207010269165,"Female"
"9004153",371987,2025-05-28 22:35:58,42.3973159790039,-8.92062950134277,"Female"
"9004153",371987,2025-05-28 22:40:58,42.3972511291504,-8.92052745819092,"Female"
"9004153",371987,2025-05-28 22:45:58,42.397331237793,-8.92057418823242,"Female"
"9004153",371987,2025-05-28 22:51:02,42.3974838256836,-8.92088794708252,"Female"
"9004153",371987,2025-05-28 22:56:07,42.3973274230957,-8.92068576812744,"Female"
"9004153",371987,2025-05-28 23:01:34,42.3973236083984,-8.92061614990234,"Female"
"9004153",371987,2025-05-28 23:05:58,42.3973197937012,-8.92060947418213,"Female"
"9004153",371987,2025-05-28 23:11:06,42.3973045349121,-8.92057228088379,"Female"
"9004153",371987,2025-05-28 23:15:58,42.3973693847656,-8.92063045501709,"Female"
"9004153",371987,2025-05-28 23:21:01,42.3973083496094,-8.92055797576904,"Female"
"9004153",371987,2025-05-28 23:25:57,42.3974533081055,-8.92074298858643,"Female"
"9004153",371987,2025-05-28 23:30:59,42.3973693847656,-8.92070484161377,"Female"
"9004153",371987,2025-05-28 23:36:02,42.3972358703613,-8.92063522338867,"Female"
"9004153",371987,2025-05-28 23:40:57,42.3973541259766,-8.92061424255371,"Female"
"9004153",371987,2025-05-28 23:46:14,42.3974609375,-8.92069435119629,"Female"
"9004153",371987,2025-05-28 23:50:58,42.3974838256836,-8.92048168182373,"Female"
"9004153",371987,2025-05-28 23:55:57,42.3974685668945,-8.92074394226074,"Female"
"9004153",371987,2025-05-29 00:00:57,42.3974647521973,-8.92054462432861,"Female"
"9004153",371987,2025-05-29 00:05:57,42.3974456787109,-8.92072582244873,"Female"
"9004153",371987,2025-05-29 00:11:00,42.3975028991699,-8.92091274261475,"Female"
"9004153",371987,2025-05-29 00:16:00,42.3974800109863,-8.92100620269775,"Female"
"9004153",371987,2025-05-29 00:20:59,42.3974609375,-8.92080211639404,"Female"
"9004153",371987,2025-05-29 00:26:00,42.3974800109863,-8.92063236236572,"Female"
"9004153",371987,2025-05-29 00:31:29,42.3974647521973,-8.92073345184326,"Female"
"9004153",371987,2025-05-29 00:35:57,42.3974761962891,-8.92071628570557,"Female"
"9004153",371987,2025-05-29 00:40:57,42.397518157959,-8.92084121704102,"Female"
"9004153",371987,2025-05-29 00:45:57,42.3974304199219,-8.920654296875,"Female"
"9004153",371987,2025-05-29 00:50:57,42.3974609375,-8.92068958282471,"Female"
"9004153",371987,2025-05-29 00:55:57,42.3974838256836,-8.92071533203125,"Female"
"9004153",371987,2025-05-29 01:00:57,42.3974609375,-8.92074394226074,"Female"
"9004153",371987,2025-05-29 01:05:57,42.3975296020508,-8.92086315155029,"Female"
"9004153",371987,2025-05-29 01:10:57,42.3974838256836,-8.92073822021484,"Female"
"9004153",371987,2025-05-29 01:15:57,42.3973922729492,-8.92060470581055,"Female"
"9004153",371987,2025-05-29 01:20:57,42.3974723815918,-8.92076969146729,"Female"
"9004153",371987,2025-05-29 01:25:57,42.3974647521973,-8.92073726654053,"Female"
"9004153",371987,2025-05-29 01:31:03,42.3974609375,-8.92069149017334,"Female"
"9004153",371987,2025-05-29 01:36:04,42.3974342346191,-8.92070484161377,"Female"
"9004153",371987,2025-05-29 01:40:57,42.3974761962891,-8.92073726654053,"Female"
"9004153",371987,2025-05-29 01:46:12,42.3974380493164,-8.92063522338867,"Female"
"9004153",371987,2025-05-29 01:50:59,42.3974800109863,-8.92066383361816,"Female"
"9004153",371987,2025-05-29 01:56:00,42.3974647521973,-8.92084884643555,"Female"
"9004153",371987,2025-05-29 02:00:57,42.3974533081055,-8.92083358764648,"Female"
"9004153",371987,2025-05-29 02:05:58,42.3974418640137,-8.9207592010498,"Female"
"9004153",371987,2025-05-29 02:10:58,42.3973274230957,-8.92055416107178,"Female"
"9004153",371987,2025-05-29 02:15:59,42.3973999023438,-8.92043781280518,"Female"
"9004153",371987,2025-05-29 02:21:03,42.3974304199219,-8.92076969146729,"Female"
"9004153",371987,2025-05-29 02:26:00,42.3974113464355,-8.92079734802246,"Female"
"9004153",371987,2025-05-29 02:31:35,42.3974609375,-8.92079925537109,"Female"
"9004153",371987,2025-05-29 02:35:57,42.3974342346191,-8.92082500457764,"Female"
"9004153",371987,2025-05-29 02:40:57,42.3974456787109,-8.9207706451416,"Female"
"9004153",371987,2025-05-29 02:45:57,42.3974494934082,-8.9208869934082,"Female"
"9004153",371987,2025-05-29 02:50:57,42.3975296020508,-8.92074775695801,"Female"
"9004153",371987,2025-05-29 02:55:58,42.3974914550781,-8.92083072662354,"Female"
"9004153",371987,2025-05-29 03:00:59,42.3976173400879,-8.92057514190674,"Female"
"9004153",371987,2025-05-29 03:05:59,42.3976860046387,-8.92025947570801,"Female"
"9004153",371987,2025-05-29 03:11:06,42.3975257873535,-8.92091464996338,"Female"
"9004153",371987,2025-05-29 03:17:22,42.3974571228027,-8.92093563079834,"Female"
"9004153",371987,2025-05-29 03:20:57,42.3974914550781,-8.92068576812744,"Female"
"9004153",371987,2025-05-29 03:25:59,42.3974342346191,-8.92053318023682,"Female"
"9004153",371987,2025-05-29 03:31:00,42.3974380493164,-8.92039775848389,"Female"
"9004153",371987,2025-05-29 03:36:00,42.3974456787109,-8.92063808441162,"Female"
"9004153",371987,2025-05-29 03:40:57,42.3974380493164,-8.92039012908936,"Female"
"9004153",371987,2025-05-29 03:45:58,42.3974304199219,-8.9203462600708,"Female"
"9004153",371987,2025-05-29 03:51:00,42.3974380493164,-8.92059993743896,"Female"
"9004153",371987,2025-05-29 03:56:00,42.3974990844727,-8.92096138000488,"Female"
"9004153",371987,2025-05-29 04:00:57,42.3974952697754,-8.92051696777344,"Female"
"9004153",371987,2025-05-29 04:06:03,42.3974418640137,-8.92076873779297,"Female"
"9004153",371987,2025-05-29 04:11:06,42.3974227905273,-8.92079162597656,"Female"
"9004153",371987,2025-05-29 04:16:14,42.3973846435547,-8.92061233520508,"Female"
"9004153",371987,2025-05-29 04:21:00,42.3974342346191,-8.92071533203125,"Female"
"9004153",371987,2025-05-29 04:26:00,42.3974227905273,-8.92079544067383,"Female"
"9004153",371987,2025-05-29 04:31:04,42.397403717041,-8.92058372497559,"Female"
"9004153",371987,2025-05-29 04:36:14,42.3974266052246,-8.92063808441162,"Female"
"9004153",371987,2025-05-29 04:40:57,42.3971290588379,-8.92115879058838,"Female"
"9004153",371987,2025-05-29 04:46:01,42.3974571228027,-8.92103099822998,"Female"
"9004153",371987,2025-05-29 04:50:59,42.3968696594238,-8.92175102233887,"Female"
"9004153",371987,2025-05-29 04:55:58,42.3970603942871,-8.9213399887085,"Female"
"9004153",371987,2025-05-29 05:01:06,42.397403717041,-8.9210147857666,"Female"
"9004153",371987,2025-05-29 05:05:58,42.3971900939941,-8.92137145996094,"Female"
"9004153",371987,2025-05-29 05:10:58,42.3970603942871,-8.92157554626465,"Female"
"9004153",371987,2025-05-29 05:16:29,42.3974418640137,-8.92092895507812,"Female"
"9004153",371987,2025-05-29 05:21:01,42.3974227905273,-8.92084693908691,"Female"
"9004153",371987,2025-05-29 05:25:59,42.3973045349121,-8.92123889923096,"Female"
"9004153",371987,2025-05-29 05:31:01,42.3974914550781,-8.9208927154541,"Female"
"9004153",371987,2025-05-29 05:36:14,42.3974647521973,-8.92095947265625,"Female"
"9004153",371987,2025-05-29 05:41:01,42.3975448608398,-8.9209156036377,"Female"
"9004153",371987,2025-05-29 05:46:01,42.3975524902344,-8.92092895507812,"Female"
"9004153",371987,2025-05-29 05:51:15,42.3975601196289,-8.92099571228027,"Female"
"9004153",371987,2025-05-29 05:56:00,42.3976631164551,-8.92068481445312,"Female"
"9004153",371987,2025-05-29 06:01:02,42.4030570983887,-8.91983509063721,"Female"
"9004153",371987,2025-05-29 06:06:04,42.4037055969238,-8.91968631744385,"Female"
"9004153",371987,2025-05-29 06:11:01,42.3978271484375,-8.92036533355713,"Female"
"9004153",371987,2025-05-29 06:15:57,42.3978996276855,-8.92040634155273,"Female"
"9004153",371987,2025-05-29 06:21:03,42.4204597473145,-8.92126369476318,"Female"
"9004153",371987,2025-05-29 06:25:59,42.4545249938965,-8.93560791015625,"Female"
"9004153",371987,2025-05-29 06:31:14,42.4909515380859,-8.93376541137695,"Female"
"9004153",371987,2025-05-29 06:35:57,42.5244369506836,-8.91641235351562,"Female"
"9004153",371987,2025-05-29 06:40:57,42.5558700561523,-8.89558219909668,"Female"
"9004153",371987,2025-05-29 06:45:57,42.589973449707,-8.88142108917236,"Female"
"9004153",371987,2025-05-29 06:51:40,42.5988807678223,-8.87703990936279,"Female"
"9004153",371987,2025-05-29 06:56:40,42.5997581481934,-8.87662506103516,"Female"
"9004153",371987,2025-05-29 07:01:50,42.6008453369141,-8.87582302093506,"Female"
"9004153",371987,2025-05-29 07:06:51,42.6013374328613,-8.87378883361816,"Female"
"9004153",371987,2025-05-29 07:11:48,42.6013793945312,-8.87366390228271,"Female"
"9004153",371987,2025-05-29 07:17:14,42.6014251708984,-8.87417030334473,"Female"
"9004153",371987,2025-05-29 07:22:11,42.6014442443848,-8.87422847747803,"Female"
"9004153",371987,2025-05-29 07:26:48,42.6014747619629,-8.87420082092285,"Female"
"9004153",371987,2025-05-29 07:31:47,42.6014518737793,-8.87398529052734,"Female"
"9004153",371987,2025-05-29 07:36:51,42.6014251708984,-8.87407684326172,"Female"
"9004153",371987,2025-05-29 07:41:51,42.601375579834,-8.87431526184082,"Female"
"9004153",371987,2025-05-29 07:47:15,42.6015510559082,-8.87430667877197,"Female"
"9004153",371987,2025-05-29 07:51:48,42.6016159057617,-8.87442111968994,"Female"
"9004153",371987,2025-05-29 07:57:02,42.6014823913574,-8.87412548065186,"Female"
"9004153",371987,2025-05-29 08:02:14,42.6014709472656,-8.87410163879395,"Female"
"9004153",371987,2025-05-29 08:06:57,42.6014671325684,-8.87413787841797,"Female"
"9004153",371987,2025-05-29 08:11:53,42.6007080078125,-8.87567615509033,"Female"
"9004153",371987,2025-05-29 08:17:06,42.598934173584,-8.8740406036377,"Female"
"9004153",371987,2025-05-29 08:24:22,42.5986633300781,-8.87249279022217,"Female"
"9004153",371987,2025-05-29 08:29:23,42.5990447998047,-8.87194156646729,"Female"
"9004153",371987,2025-05-29 08:35:43,42.5994987487793,-8.87053775787354,"Female"
"9004153",371987,2025-05-29 08:40:37,42.6000556945801,-8.86923408508301,"Female"
"9004153",371987,2025-05-29 08:45:54,42.5996017456055,-8.87007236480713,"Female"
"9004153",371987,2025-05-29 08:51:05,42.6002578735352,-8.86923027038574,"Female"
"9004153",371987,2025-05-29 08:55:47,42.6017379760742,-8.8767614364624,"Female"
"9004153",371987,2025-05-29 09:00:47,42.6016654968262,-8.87656593322754,"Female"
"9004153",371987,2025-05-29 09:05:45,42.6016426086426,-8.87640476226807,"Female"
"9004153",371987,2025-05-29 09:10:48,42.6017990112305,-8.87697601318359,"Female"
"9004153",371987,2025-05-29 09:15:49,42.6017303466797,-8.87683963775635,"Female"
"9004153",371987,2025-05-29 09:20:47,42.6017608642578,-8.87689685821533,"Female"
"9004153",371987,2025-05-29 09:25:54,42.6017379760742,-8.87668800354004,"Female"
"9004153",371987,2025-05-29 09:31:05,42.601505279541,-8.87423706054688,"Female"
"9004153",371987,2025-05-29 09:35:44,42.6015090942383,-8.87422943115234,"Female"
"9004153",371987,2025-05-29 09:40:44,42.6015281677246,-8.87425231933594,"Female"
"9004153",371987,2025-05-29 09:45:44,42.6015243530273,-8.87422943115234,"Female"
"9004153",371987,2025-05-29 09:50:44,42.601505279541,-8.87425994873047,"Female"
"9004153",371987,2025-05-29 09:55:45,42.6015129089355,-8.87429046630859,"Female"
"9004153",371987,2025-05-29 10:00:45,42.6014747619629,-8.87429809570312,"Female"
"9004153",371987,2025-05-29 10:05:44,42.6012382507324,-8.87349128723145,"Female"
"9004153",371987,2025-05-29 10:11:15,42.6006546020508,-8.87191009521484,"Female"
"9004153",371987,2025-05-29 10:16:15,42.5995712280273,-8.8717041015625,"Female"
"9004153",371987,2025-05-29 10:22:00,42.5993995666504,-8.8703441619873,"Female"
"9004153",371987,2025-05-29 10:27:01,42.6003761291504,-8.86924266815186,"Female"
"9004153",371987,2025-05-29 10:32:21,42.6017723083496,-8.86819267272949,"Female"
"9004153",371987,2025-05-29 10:37:20,42.602725982666,-8.86957550048828,"Female"
"9004153",371987,2025-05-29 10:42:21,42.6027488708496,-8.86994361877441,"Female"
"9004153",371987,2025-05-29 10:47:22,42.6027297973633,-8.86998081207275,"Female"
"9004153",371987,2025-05-29 10:52:21,42.6027374267578,-8.86996841430664,"Female"
"9004153",371987,2025-05-29 10:57:21,42.601448059082,-8.87430953979492,"Female"
"9004153",371987,2025-05-29 11:02:22,42.6014595031738,-8.87417602539062,"Female"
"9004153",371987,2025-05-29 11:07:21,42.6015739440918,-8.87443351745605,"Female"
"9004153",371987,2025-05-29 11:12:21,42.6014633178711,-8.87421321868896,"Female"
"9004153",371987,2025-05-29 11:17:21,42.6014633178711,-8.87417125701904,"Female"
"9004153",371987,2025-05-29 11:22:22,42.6012077331543,-8.87375926971436,"Female"
"9004153",371987,2025-05-29 11:27:21,42.601318359375,-8.87390327453613,"Female"
"9004153",371987,2025-05-29 11:32:21,42.6012840270996,-8.87369537353516,"Female"
"9004153",371987,2025-05-29 11:37:23,42.6013221740723,-8.87359142303467,"Female"
"9004153",371987,2025-05-29 11:42:22,42.6014175415039,-8.87391567230225,"Female"
"9004153",371987,2025-05-29 11:47:23,42.6013336181641,-8.87340354919434,"Female"
"9004153",371987,2025-05-29 11:52:49,42.6004981994629,-8.87406921386719,"Female"
"9004153",371987,2025-05-29 11:58:17,42.5998611450195,-8.87514400482178,"Female"
"9004153",371987,2025-05-29 12:08:35,42.598503112793,-8.87521934509277,"Female"
"9004153",371987,2025-05-29 12:13:49,42.5979232788086,-8.87593841552734,"Female"
"9004153",371987,2025-05-29 12:19:06,42.5987930297852,-8.87405014038086,"Female"
"9004153",371987,2025-05-29 12:24:01,42.6004066467285,-8.87395477294922,"Female"
"9004153",371987,2025-05-29 12:29:00,42.6014518737793,-8.87488269805908,"Female"
"9004153",371987,2025-05-29 12:34:03,42.6015396118164,-8.87439346313477,"Female"
"9004153",371987,2025-05-29 12:39:14,42.6014709472656,-8.87424373626709,"Female"
"9004153",371987,2025-05-29 12:43:57,42.601390838623,-8.8742094039917,"Female"
"9004153",371987,2025-05-29 12:48:58,42.6014556884766,-8.87425422668457,"Female"
"9004153",371987,2025-05-29 12:53:57,42.6014671325684,-8.87420845031738,"Female"
"9004153",371987,2025-05-29 12:58:57,42.6014633178711,-8.87406539916992,"Female"
"9004153",371987,2025-05-29 13:04:03,42.6014366149902,-8.87421894073486,"Female"
"9004153",371987,2025-05-29 13:09:00,42.601432800293,-8.87418746948242,"Female"
"9004153",371987,2025-05-29 13:13:57,42.6014862060547,-8.87431335449219,"Female"
"9004153",371987,2025-05-29 13:18:57,42.6014556884766,-8.87416553497314,"Female"
"9004153",371987,2025-05-29 13:23:57,42.6014938354492,-8.87419986724854,"Female"
"9004153",371987,2025-05-29 13:28:57,42.6015090942383,-8.87431621551514,"Female"
"9004153",371987,2025-05-29 13:34:14,42.6015205383301,-8.87429904937744,"Female"
"9004153",371987,2025-05-29 13:38:57,42.6014976501465,-8.87442111968994,"Female"
"9004153",371987,2025-05-29 13:43:57,42.601245880127,-8.87314128875732,"Female"
"9004153",371987,2025-05-29 13:48:57,42.6009292602539,-8.87195301055908,"Female"
"9004153",371987,2025-05-29 13:54:09,42.60009765625,-8.87042617797852,"Female"
"9004153",371987,2025-05-29 13:59:06,42.6001014709473,-8.87027645111084,"Female"
"9004153",371987,2025-05-29 14:04:08,42.6000938415527,-8.87033462524414,"Female"
"9004153",371987,2025-05-29 14:09:09,42.6001281738281,-8.87138175964355,"Female"
"9004153",371987,2025-05-29 14:14:35,42.6003646850586,-8.87171649932861,"Female"
"9004153",371987,2025-05-29 14:19:06,42.6007614135742,-8.87194347381592,"Female"
"9004153",371987,2025-05-29 14:24:07,42.6014976501465,-8.87233448028564,"Female"
"9004153",371987,2025-05-29 14:29:07,42.6016578674316,-8.87244892120361,"Female"
"9004153",371987,2025-05-29 14:34:08,42.6017417907715,-8.87372016906738,"Female"
"9004153",371987,2025-05-29 14:39:06,42.6015014648438,-8.87425422668457,"Female"
"9004153",371987,2025-05-29 14:44:06,42.6015090942383,-8.87417030334473,"Female"
"9004153",371987,2025-05-29 14:49:06,42.6014976501465,-8.87426567077637,"Female"
"9004153",371987,2025-05-29 14:54:06,42.6014862060547,-8.87422466278076,"Female"
"9004153",371987,2025-05-29 14:59:06,42.6014633178711,-8.87432765960693,"Female"
"9004153",371987,2025-05-29 15:04:06,42.6014137268066,-8.87429809570312,"Female"
"9004153",371987,2025-05-29 15:09:06,42.6015090942383,-8.87421798706055,"Female"
"9004153",371987,2025-05-29 15:14:06,42.6015129089355,-8.87424278259277,"Female"
"9004153",371987,2025-05-29 15:19:06,42.6014938354492,-8.87423610687256,"Female"
"9004153",371987,2025-05-29 15:24:06,42.6015319824219,-8.87427711486816,"Female"
"9004153",371987,2025-05-29 15:29:06,42.6016578674316,-8.8743953704834,"Female"
"9004153",371987,2025-05-29 15:34:07,42.6014175415039,-8.87542629241943,"Female"
"9004153",371987,2025-05-29 15:39:08,42.6005363464355,-8.87523078918457,"Female"
"9004153",371987,2025-05-29 15:44:38,42.599853515625,-8.87646675109863,"Female"
"9004153",371987,2025-05-29 15:49:53,42.6005783081055,-8.87567329406738,"Female"
"9004153",371987,2025-05-29 15:55:07,42.6009674072266,-8.87460327148438,"Female"
"9004153",371987,2025-05-29 16:00:24,42.5998344421387,-8.87549877166748,"Female"
"9004153",371987,2025-05-29 16:05:24,42.6007652282715,-8.87530612945557,"Female"
"9004153",371987,2025-05-29 16:10:29,42.6015777587891,-8.87663269042969,"Female"
"9004153",371987,2025-05-29 16:15:23,42.6015777587891,-8.87666893005371,"Female"
"9004153",371987,2025-05-29 16:20:23,42.6015625,-8.87665748596191,"Female"
"9004153",371987,2025-05-29 16:25:23,42.6015586853027,-8.87668514251709,"Female"
"9004153",371987,2025-05-29 16:30:23,42.6014862060547,-8.87660217285156,"Female"
"9004153",371987,2025-05-29 16:35:23,42.6015014648438,-8.87656497955322,"Female"
"9004153",371987,2025-05-29 16:40:23,42.6015319824219,-8.87660217285156,"Female"
"9004153",371987,2025-05-29 16:45:23,42.6015892028809,-8.87668037414551,"Female"
"9004153",371987,2025-05-29 16:50:23,42.6015243530273,-8.87658882141113,"Female"
"9004153",371987,2025-05-29 16:55:23,42.6015014648438,-8.87660884857178,"Female"
"9004153",371987,2025-05-29 17:00:23,42.6015968322754,-8.87671566009521,"Female"
"9004153",371987,2025-05-29 17:05:23,42.6013793945312,-8.876540184021,"Female"
"9004153",371987,2025-05-29 17:10:42,42.6015586853027,-8.8766508102417,"Female"
"9004153",371987,2025-05-29 17:15:25,42.6022872924805,-8.87654972076416,"Female"
"9004153",371987,2025-05-29 17:20:23,42.6023750305176,-8.87678146362305,"Female"
"9004153",371987,2025-05-29 17:25:35,42.6024169921875,-8.876877784729,"Female"
"9004153",371987,2025-05-29 17:30:28,42.6023139953613,-8.87644290924072,"Female"
"9004153",371987,2025-05-29 17:35:25,42.6023712158203,-8.87684154510498,"Female"
"9004153",371987,2025-05-29 17:40:26,42.6023979187012,-8.87710857391357,"Female"
"9004153",371987,2025-05-29 17:45:59,42.6022033691406,-8.87647342681885,"Female"
"9004153",371987,2025-05-29 17:50:24,42.6022491455078,-8.87647819519043,"Female"
"9004153",371987,2025-05-29 17:55:27,42.6022300720215,-8.87652111053467,"Female"
"9004153",371987,2025-05-29 18:00:24,42.6024131774902,-8.87680530548096,"Female"
"9004153",371987,2025-05-29 18:05:25,42.6023483276367,-8.87657642364502,"Female"
"9004153",371987,2025-05-29 18:10:36,42.6021842956543,-8.87631797790527,"Female"
"9004153",371987,2025-05-29 18:15:24,42.6021499633789,-8.87636947631836,"Female"
"9004153",371987,2025-05-29 18:20:45,42.6021995544434,-8.87635803222656,"Female"
"9004153",371987,2025-05-29 18:25:23,42.6022415161133,-8.87642002105713,"Female"
"9004153",371987,2025-05-29 18:30:23,42.6022071838379,-8.876540184021,"Female"
"9004153",371987,2025-05-29 18:35:25,42.6021461486816,-8.87645626068115,"Female"
"9004153",371987,2025-05-29 18:40:44,42.6022338867188,-8.87661170959473,"Female"
"9004153",371987,2025-05-29 18:45:26,42.6022605895996,-8.8766975402832,"Female"
"9004153",371987,2025-05-29 18:50:35,42.602180480957,-8.87641906738281,"Female"
"9004153",371987,2025-05-29 18:55:31,42.6022453308105,-8.87655735015869,"Female"
"9004153",371987,2025-05-29 19:00:29,42.6020584106445,-8.87667369842529,"Female"
"9004153",371987,2025-05-29 19:05:33,42.6022720336914,-8.87660789489746,"Female"
"9004153",371987,2025-05-29 19:10:27,42.602237701416,-8.87648105621338,"Female"
"9004153",371987,2025-05-29 19:16:13,42.6021728515625,-8.87675285339355,"Female"
"9004153",371987,2025-05-29 19:21:31,42.6023597717285,-8.87672710418701,"Female"
"9004153",371987,2025-05-29 19:25:30,42.6024398803711,-8.87649726867676,"Female"
"9004153",371987,2025-05-29 19:30:26,42.6025581359863,-8.87640190124512,"Female"
"9004153",371987,2025-05-29 19:35:25,42.6027069091797,-8.8765344619751,"Female"
"9004153",371987,2025-05-29 19:40:24,42.6026725769043,-8.87638092041016,"Female"
"9004153",371987,2025-05-29 19:45:44,42.6025657653809,-8.87664794921875,"Female"
"9004153",371987,2025-05-29 19:50:29,42.6025047302246,-8.87647819519043,"Female"
"9004153",371987,2025-05-29 19:55:25,42.6025505065918,-8.87664413452148,"Female"
"9004153",371987,2025-05-29 20:00:24,42.6023597717285,-8.87679576873779,"Female"
"9004153",371987,2025-05-29 20:05:26,42.6035003662109,-8.87581443786621,"Female"
"9004153",371987,2025-05-29 20:10:38,42.602466583252,-8.87674045562744,"Female"
"9004153",371987,2025-05-29 20:15:26,42.6024169921875,-8.87686729431152,"Female"
"9004153",371987,2025-05-29 20:20:29,42.6026077270508,-8.87684726715088,"Female"
"9004153",371987,2025-05-29 20:25:37,42.6023178100586,-8.87667846679688,"Female"
"9004153",371987,2025-05-29 20:30:45,42.602481842041,-8.87673568725586,"Female"
"9004153",371987,2025-05-29 20:35:27,42.6023712158203,-8.87679004669189,"Female"
"9004153",371987,2025-05-29 20:40:27,42.6024055480957,-8.87678718566895,"Female"
"9004153",371987,2025-05-29 20:45:27,42.6024398803711,-8.87698650360107,"Female"
"9004153",371987,2025-05-29 20:50:26,42.6023902893066,-8.87690544128418,"Female"
"9004153",371987,2025-05-29 20:55:27,42.6024055480957,-8.87688732147217,"Female"
"9004153",371987,2025-05-29 21:00:59,42.6023597717285,-8.87678241729736,"Female"
"9004153",371987,2025-05-29 21:05:23,42.6023559570312,-8.87680149078369,"Female"
"9004153",371987,2025-05-29 21:10:23,42.6023178100586,-8.87676334381104,"Female"
"9004153",371987,2025-05-29 21:15:23,42.6023864746094,-8.8767557144165,"Female"
"9004153",371987,2025-05-29 21:20:23,42.6023788452148,-8.87683773040771,"Female"
"9004153",371987,2025-05-29 21:25:23,42.6023941040039,-8.87676239013672,"Female"
"9004153",371987,2025-05-29 21:30:23,42.6022338867188,-8.87682247161865,"Female"
"9004153",371987,2025-05-29 21:35:23,42.6023368835449,-8.87678050994873,"Female"
"9004153",371987,2025-05-29 21:40:23,42.6023559570312,-8.87677955627441,"Female"
"9004153",371987,2025-05-29 21:45:23,42.602294921875,-8.87679100036621,"Female"
"9004153",371987,2025-05-29 21:50:24,42.602424621582,-8.87687683105469,"Female"
"9004153",371987,2025-05-29 21:55:23,42.6021919250488,-8.8768835067749,"Female"
"9004153",371987,2025-05-29 22:00:31,42.6022529602051,-8.87680149078369,"Female"
"9004153",371987,2025-05-29 22:05:27,42.6023864746094,-8.87685966491699,"Female"
"9004153",371987,2025-05-29 22:10:25,42.6023559570312,-8.87678050994873,"Female"
"9004153",371987,2025-05-29 22:15:33,42.6022720336914,-8.87681770324707,"Female"
"9004153",371987,2025-05-29 22:20:44,42.6023559570312,-8.87688255310059,"Female"
"9004153",371987,2025-05-29 22:25:23,42.6023635864258,-8.87683868408203,"Female"
"9004153",371987,2025-05-29 22:30:25,42.6023406982422,-8.87685680389404,"Female"
"9004153",371987,2025-05-29 22:35:25,42.6024055480957,-8.87677192687988,"Female"
"9004153",371987,2025-05-29 22:40:23,42.6023216247559,-8.8768835067749,"Female"
"9004153",371987,2025-05-29 22:45:44,42.6023368835449,-8.87688732147217,"Female"
"9004153",371987,2025-05-29 22:50:25,42.6022834777832,-8.87697982788086,"Female"
"9004153",371987,2025-05-29 22:55:23,42.6022605895996,-8.87714099884033,"Female"
"9004153",371987,2025-05-29 23:00:26,42.602367401123,-8.87660598754883,"Female"
"9004153",371987,2025-05-29 23:05:59,42.6023368835449,-8.87645149230957,"Female"
"9004153",371987,2025-05-29 23:10:23,42.6024856567383,-8.87654399871826,"Female"
"9004153",371987,2025-05-29 23:15:24,42.6025581359863,-8.87658786773682,"Female"
"9004153",371987,2025-05-29 23:20:23,42.6023826599121,-8.87653541564941,"Female"
"9004153",371987,2025-05-29 23:25:23,42.6024131774902,-8.87653541564941,"Female"
"9004153",371987,2025-05-29 23:30:24,42.6023826599121,-8.87652397155762,"Female"
"9004153",371987,2025-05-29 23:35:23,42.6024169921875,-8.87655830383301,"Female"
"9004153",371987,2025-05-29 23:40:23,42.6023864746094,-8.87650108337402,"Female"
"9004153",371987,2025-05-29 23:45:23,42.6024169921875,-8.87662029266357,"Female"
"9004153",371987,2025-05-29 23:50:23,42.6024131774902,-8.87654399871826,"Female"
"9004153",371987,2025-05-29 23:55:24,42.6023941040039,-8.87654972076416,"Female"
"9004153",371987,2025-05-30 00:00:23,42.6023750305176,-8.87654495239258,"Female"
"9004153",371987,2025-05-30 00:05:33,42.6024055480957,-8.87661170959473,"Female"
"9004153",371987,2025-05-30 00:10:23,42.6023635864258,-8.87667083740234,"Female"
"9004153",371987,2025-05-30 00:15:44,42.6024055480957,-8.87664604187012,"Female"
"9004153",371987,2025-05-30 00:20:23,42.6023445129395,-8.87652397155762,"Female"
"9004153",371987,2025-05-30 00:25:23,42.6024131774902,-8.87668514251709,"Female"
"9004153",371987,2025-05-30 00:30:27,42.6023788452148,-8.87643527984619,"Female"
"9004153",371987,2025-05-30 00:35:23,42.6023483276367,-8.87668132781982,"Female"
"9004153",371987,2025-05-30 00:40:23,42.6023178100586,-8.87666130065918,"Female"
"9004153",371987,2025-05-30 00:45:59,42.6024055480957,-8.87661933898926,"Female"
"9004153",371987,2025-05-30 00:50:23,42.6023941040039,-8.87654972076416,"Female"
"9004153",371987,2025-05-30 00:55:23,42.6023216247559,-8.87649059295654,"Female"
"9004153",371987,2025-05-30 01:00:23,42.6023864746094,-8.87647151947021,"Female"
"9004153",371987,2025-05-30 01:05:23,42.6023826599121,-8.87659740447998,"Female"
"9004153",371987,2025-05-30 01:10:25,42.6024208068848,-8.87662887573242,"Female"
"9004153",371987,2025-05-30 01:15:44,42.6024017333984,-8.87660503387451,"Female"
"9004153",371987,2025-05-30 01:20:25,42.6024017333984,-8.87650394439697,"Female"
"9004153",371987,2025-05-30 01:25:44,42.6025772094727,-8.8765172958374,"Female"
"9004153",371987,2025-05-30 01:30:23,42.6025085449219,-8.87666702270508,"Female"
"9004153",371987,2025-05-30 01:35:27,42.6024398803711,-8.87669849395752,"Female"
"9004153",371987,2025-05-30 01:40:28,42.6023597717285,-8.87667465209961,"Female"
"9004153",371987,2025-05-30 01:46:05,42.6025009155273,-8.87672901153564,"Female"
"9004153",371987,2025-05-30 01:50:36,42.6025428771973,-8.87690448760986,"Female"
"9004153",371987,2025-05-30 01:55:44,42.6024894714355,-8.8767614364624,"Female"
"9004153",371987,2025-05-30 02:00:35,42.6025085449219,-8.87682056427002,"Female"
"9004153",371987,2025-05-30 02:05:26,42.6024513244629,-8.87681198120117,"Female"
"9004153",371987,2025-05-30 02:10:26,42.6024055480957,-8.87677955627441,"Female"
"9004153",371987,2025-05-30 02:15:27,42.602409362793,-8.87686824798584,"Female"
"9004153",371987,2025-05-30 02:20:36,42.6023826599121,-8.87666606903076,"Female"
"9004153",371987,2025-05-30 02:25:28,42.602466583252,-8.87672519683838,"Female"
"9004153",371987,2025-05-30 02:30:44,42.602409362793,-8.87661933898926,"Female"
"9004153",371987,2025-05-30 02:35:25,42.6024742126465,-8.87663555145264,"Female"
"9004153",371987,2025-05-30 02:40:27,42.6025390625,-8.87660217285156,"Female"
"9004153",371987,2025-05-30 02:45:28,42.6020317077637,-8.87717151641846,"Female"
"9004153",371987,2025-05-30 02:50:25,42.6025047302246,-8.87665557861328,"Female"
"9004153",371987,2025-05-30 02:55:28,42.6022758483887,-8.87649631500244,"Female"
"9004153",371987,2025-05-30 03:00:44,42.602367401123,-8.87670230865479,"Female"
"9004153",371987,2025-05-30 03:05:27,42.6025161743164,-8.87666511535645,"Female"
"9004153",371987,2025-05-30 03:10:27,42.6024055480957,-8.87669372558594,"Female"
"9004153",371987,2025-05-30 03:15:25,42.6024589538574,-8.87634754180908,"Female"
"9004153",371987,2025-05-30 03:20:27,42.602466583252,-8.87646293640137,"Female"
"9004153",371987,2025-05-30 03:25:59,42.6023902893066,-8.87671184539795,"Female"
"9004153",371987,2025-05-30 03:30:24,42.6023902893066,-8.87668991088867,"Female"
"9004153",371987,2025-05-30 03:35:23,42.6024398803711,-8.87657833099365,"Female"
"9004153",371987,2025-05-30 03:40:23,42.6023902893066,-8.87653160095215,"Female"
"9004153",371987,2025-05-30 03:45:26,42.6022987365723,-8.87666320800781,"Female"
"9004153",371987,2025-05-30 03:50:28,42.6023750305176,-8.87661933898926,"Female"
"9004153",371987,2025-05-30 03:55:35,42.6023712158203,-8.8766508102417,"Female"
"9004153",371987,2025-05-30 04:00:44,42.6023979187012,-8.87655258178711,"Female"
"9004153",371987,2025-05-30 04:05:28,42.602367401123,-8.87667751312256,"Female"
"9004153",371987,2025-05-30 04:10:26,42.6024017333984,-8.87661457061768,"Female"
"9004153",371987,2025-05-30 04:15:26,42.6025047302246,-8.87666511535645,"Female"
"9004153",371987,2025-05-30 04:20:25,42.6025238037109,-8.87661457061768,"Female"
"9004153",371987,2025-05-30 04:25:25,42.6025047302246,-8.87656497955322,"Female"
"9004153",371987,2025-05-30 04:30:59,42.6023864746094,-8.87667560577393,"Female"
"9004153",371987,2025-05-30 04:35:23,42.602424621582,-8.87691211700439,"Female"
"9004153",371987,2025-05-30 04:40:23,42.6021728515625,-8.87679672241211,"Female"
"9004153",371987,2025-05-30 04:45:23,42.6023635864258,-8.8764762878418,"Female"
"9004153",371987,2025-05-30 04:50:26,42.6022148132324,-8.87658596038818,"Female"
"9004153",371987,2025-05-30 04:55:24,42.6019744873047,-8.87746524810791,"Female"
"9004153",371987,2025-05-30 05:00:29,42.6021461486816,-8.87691211700439,"Female"
"9004153",371987,2025-05-30 05:05:26,42.6021842956543,-8.87687969207764,"Female"
"9004153",371987,2025-05-30 05:10:43,42.6043434143066,-8.87354373931885,"Female"
"9004153",371987,2025-05-30 05:15:45,42.6046752929688,-8.87268352508545,"Female"
"9004153",371987,2025-05-30 05:20:56,42.6046142578125,-8.87176609039307,"Female"
"9004153",371987,2025-05-30 05:25:55,42.6038932800293,-8.87060070037842,"Female"
"9004153",371987,2025-05-30 05:31:39,42.60400390625,-8.87278366088867,"Female"
"9004153",371987,2025-05-30 05:37:03,42.6016578674316,-8.87660789489746,"Female"
"9004153",371987,2025-05-30 05:41:36,42.6016616821289,-8.87662982940674,"Female"
"9004153",371987,2025-05-30 05:46:36,42.6016693115234,-8.87657833099365,"Female"
"9004153",371987,2025-05-30 05:51:36,42.6016731262207,-8.87665748596191,"Female"
"9004153",371987,2025-05-30 05:56:36,42.6014175415039,-8.87663841247559,"Female"
"9004153",371987,2025-05-30 06:01:36,42.6014099121094,-8.87666893005371,"Female"
"9004153",371987,2025-05-30 06:06:36,42.6013717651367,-8.87664127349854,"Female"
"9004153",371987,2025-05-30 06:11:36,42.601375579834,-8.8766040802002,"Female"
"9004153",371987,2025-05-30 06:16:36,42.6013679504395,-8.87666320800781,"Female"
"9004153",371987,2025-05-30 06:21:36,42.6013984680176,-8.87662506103516,"Female"
"9004153",371987,2025-05-30 06:26:36,42.6013946533203,-8.87664890289307,"Female"
"9004153",371987,2025-05-30 06:31:36,42.6013717651367,-8.87658023834229,"Female"
"9004153",371987,2025-05-30 06:36:37,42.6014595031738,-8.876633644104,"Female"
"9004153",371987,2025-05-30 06:41:36,42.6013793945312,-8.87660026550293,"Female"
"9004153",371987,2025-05-30 06:46:36,42.6013221740723,-8.87657070159912,"Female"
"9004153",371987,2025-05-30 06:51:36,42.6013259887695,-8.87661647796631,"Female"
"9004153",371987,2025-05-30 06:56:36,42.6012496948242,-8.87668037414551,"Female"
"9004153",371987,2025-05-30 07:01:36,42.6014060974121,-8.87666320800781,"Female"
"9004153",371987,2025-05-30 07:06:37,42.6016960144043,-8.87608909606934,"Female"
"9004153",371987,2025-05-30 07:11:37,42.6012535095215,-8.876633644104,"Female"
"9004153",371987,2025-05-30 07:16:36,42.601432800293,-8.8766450881958,"Female"
"9004153",371987,2025-05-30 07:22:14,42.6035919189453,-8.87440967559814,"Female"
"9004153",371987,2025-05-30 07:26:58,42.6048583984375,-8.87438774108887,"Female"
"9004153",371987,2025-05-30 07:32:13,42.6053695678711,-8.87334728240967,"Female"
"9004153",371987,2025-05-30 07:37:40,42.6045379638672,-8.87287044525146,"Female"
"9004153",371987,2025-05-30 07:43:09,42.6040573120117,-8.87459659576416,"Female"
"9004153",371987,2025-05-30 07:49:01,42.6044654846191,-8.87541961669922,"Female"
"9004153",371987,2025-05-30 07:54:00,42.6046943664551,-8.87467288970947,"Female"
"9004153",371987,2025-05-30 07:59:31,42.6042594909668,-8.87297248840332,"Female"
"9004153",371987,2025-05-30 08:04:44,42.6039047241211,-8.87344360351562,"Female"
"9004153",371987,2025-05-30 08:09:27,42.60400390625,-8.87356185913086,"Female"
"9004153",371987,2025-05-30 08:14:25,42.6040306091309,-8.87361335754395,"Female"
"9004153",371987,2025-05-30 08:19:27,42.6040802001953,-8.87380123138428,"Female"
"9004153",371987,2025-05-30 08:24:27,42.6040153503418,-8.8736743927002,"Female"
"9004153",371987,2025-05-30 08:29:27,42.604076385498,-8.87402248382568,"Female"
"9004153",371987,2025-05-30 08:34:44,42.6038970947266,-8.87341213226318,"Female"
"9004153",371987,2025-05-30 08:39:29,42.6038856506348,-8.87364292144775,"Female"
"9004153",371987,2025-05-30 08:44:34,42.6038551330566,-8.87337493896484,"Female"
"9004153",371987,2025-05-30 08:49:27,42.6039695739746,-8.87356758117676,"Female"
"9004153",371987,2025-05-30 08:54:32,42.603759765625,-8.87311744689941,"Female"
"9004153",371987,2025-05-30 08:59:29,42.603271484375,-8.87174510955811,"Female"
"9004153",371987,2025-05-30 09:04:28,42.6032638549805,-8.871994972229,"Female"
"9004153",371987,2025-05-30 09:09:37,42.6035461425781,-8.87329387664795,"Female"
"9004153",371987,2025-05-30 09:14:37,42.6036720275879,-8.87331390380859,"Female"
"9004153",371987,2025-05-30 09:19:37,42.6034393310547,-8.87335395812988,"Female"
"9004153",371987,2025-05-30 09:24:46,42.6046295166016,-8.87364482879639,"Female"
"9004153",371987,2025-05-30 09:48:18,42.6023483276367,-8.87187957763672,"Female"
"9004153",371987,2025-05-30 09:53:16,42.6013679504395,-8.87238502502441,"Female"
"9004153",371987,2025-05-30 09:58:18,42.6005935668945,-8.87224102020264,"Female"
"9004153",371987,2025-05-30 10:15:44,42.6033058166504,-8.87311840057373,"Female"
"9004153",371987,2025-05-30 10:19:42,42.6032752990723,-8.87305355072021,"Female"
"9004153",371987,2025-05-30 10:24:42,42.6034164428711,-8.87299346923828,"Female"
"9004153",371987,2025-05-30 10:29:45,42.6032257080078,-8.87302684783936,"Female"
"9004153",371987,2025-05-30 10:34:43,42.6033554077148,-8.87319850921631,"Female"
"9004153",371987,2025-05-30 10:39:54,42.6033515930176,-8.87311172485352,"Female"
"9004153",371987,2025-05-30 10:44:54,42.6032676696777,-8.87301349639893,"Female"
"9004153",371987,2025-05-30 10:50:05,42.6034202575684,-8.87317752838135,"Female"
"9004153",371987,2025-05-30 10:54:42,42.6034507751465,-8.87316417694092,"Female"
"9004153",371987,2025-05-30 10:59:42,42.6034240722656,-8.87322616577148,"Female"
"9004153",371987,2025-05-30 11:04:42,42.6034202575684,-8.87319183349609,"Female"
"9004153",371987,2025-05-30 11:09:42,42.6034736633301,-8.87317657470703,"Female"
"9004153",371987,2025-05-30 11:14:42,42.6034240722656,-8.87318897247314,"Female"
"9004153",371987,2025-05-30 11:20:11,42.6037712097168,-8.8715295791626,"Female"
"9004153",371987,2025-05-30 11:25:25,42.6042366027832,-8.87135124206543,"Female"
"9004153",371987,2025-05-30 11:30:52,42.6032104492188,-8.87176418304443,"Female"
"9004153",371987,2025-05-30 11:36:17,42.6021041870117,-8.87262439727783,"Female"
"9004153",371987,2025-05-30 11:41:20,42.601692199707,-8.87335205078125,"Female"
"9004153",371987,2025-05-30 11:46:18,42.5997123718262,-8.87395477294922,"Female"
"9004153",371987,2025-05-30 11:51:48,42.5986976623535,-8.87417125701904,"Female"
"9004153",371987,2025-05-30 11:57:34,42.5969924926758,-8.87270069122314,"Female"
"9004153",371987,2025-05-30 12:01:42,42.5969734191895,-8.87271690368652,"Female"
"9004153",371987,2025-05-30 12:06:42,42.5969581604004,-8.87270450592041,"Female"
"9004153",371987,2025-05-30 12:11:42,42.5969429016113,-8.8726978302002,"Female"
"9004153",371987,2025-05-30 12:16:42,42.5970077514648,-8.87269020080566,"Female"
"9004153",371987,2025-05-30 12:21:42,42.5969429016113,-8.87271499633789,"Female"
"9004153",371987,2025-05-30 12:26:42,42.5969429016113,-8.87267303466797,"Female"
"9004153",371987,2025-05-30 12:31:42,42.5969619750977,-8.87273025512695,"Female"
"9004153",371987,2025-05-30 12:36:42,42.5969657897949,-8.87270355224609,"Female"
"9004153",371987,2025-05-30 12:41:42,42.5969619750977,-8.87265396118164,"Female"
"9004153",371987,2025-05-30 12:46:42,42.5968894958496,-8.8726224899292,"Female"
"9004153",371987,2025-05-30 12:51:42,42.5968971252441,-8.87264251708984,"Female"
"9004153",371987,2025-05-30 12:56:42,42.5968704223633,-8.87264347076416,"Female"
"9004153",371987,2025-05-30 13:01:43,42.5877990722656,-8.87943649291992,"Female"
"9004153",371987,2025-05-30 13:06:49,42.5855293273926,-8.88050746917725,"Female"
"9004153",371987,2025-05-30 13:11:42,42.5745162963867,-8.88694763183594,"Female"
"9004153",371987,2025-05-30 13:16:47,42.5747299194336,-8.88724517822266,"Female"
"9004153",371987,2025-05-30 13:22:14,42.5746307373047,-8.88697338104248,"Female"
"9004153",371987,2025-05-30 13:26:42,42.5746154785156,-8.88695049285889,"Female"
"9004153",371987,2025-05-30 13:31:42,42.5746116638184,-8.88698768615723,"Female"
"9004153",371987,2025-05-30 13:36:42,42.5601997375488,-8.89472198486328,"Female"
"9004153",371987,2025-05-30 13:41:42,42.5341835021973,-8.90860939025879,"Female"
"9004153",371987,2025-05-30 13:47:05,42.5327415466309,-8.90966796875,"Female"
"9004153",371987,2025-05-30 13:51:42,42.5327453613281,-8.90969753265381,"Female"
"9004153",371987,2025-05-30 13:56:42,42.5301322937012,-8.91167163848877,"Female"
"9004153",371987,2025-05-30 14:01:42,42.5003204345703,-8.92210292816162,"Female"
"9004153",371987,2025-05-30 14:06:43,42.480525970459,-8.93647003173828,"Female"
"9004153",371987,2025-05-30 14:11:42,42.4526786804199,-8.94399452209473,"Female"
"9004153",371987,2025-05-30 14:16:46,42.4424095153809,-8.94165706634521,"Female"
"9004153",371987,2025-05-30 14:21:43,42.4228134155273,-8.93232154846191,"Female"
"9004153",371987,2025-05-30 14:26:43,42.416820526123,-8.92697429656982,"Female"
"9004153",371987,2025-05-30 14:31:43,42.4100494384766,-8.92153930664062,"Female"
"9004153",371987,2025-05-30 14:36:43,42.4116821289062,-8.92056941986084,"Female"
"9004153",371987,2025-05-30 14:41:42,42.4261283874512,-8.91641044616699,"Female"
"9004153",371987,2025-05-30 14:46:42,42.4306793212891,-8.90863704681396,"Female"
"9004153",371987,2025-05-30 14:51:43,42.4376525878906,-8.90698146820068,"Female"
"9004153",371987,2025-05-30 14:56:45,42.4563026428223,-8.8917407989502,"Female"
"9004153",371987,2025-05-30 15:01:44,42.456729888916,-8.89408111572266,"Female"
"9004153",371987,2025-05-30 15:06:42,42.4573936462402,-8.89484119415283,"Female"
"9004153",371987,2025-05-30 15:12:16,42.4562721252441,-8.89717388153076,"Female"
"9004153",371987,2025-05-30 15:17:15,42.4549293518066,-8.89909934997559,"Female"
"9004153",371987,2025-05-30 15:22:13,42.457935333252,-8.9028787612915,"Female"
"9004153",371987,2025-05-30 15:27:13,42.4579925537109,-8.90288257598877,"Female"
"9004153",371987,2025-05-30 15:32:13,42.457950592041,-8.90289497375488,"Female"
"9004153",371987,2025-05-30 15:37:13,42.457950592041,-8.90292072296143,"Female"
"9004153",371987,2025-05-30 15:42:13,42.4580383300781,-8.90294647216797,"Female"
"9004153",371987,2025-05-30 15:47:15,42.4579887390137,-8.90298366546631,"Female"
"9004153",371987,2025-05-30 15:52:24,42.4580039978027,-8.90295696258545,"Female"
"9004153",371987,2025-05-30 15:57:19,42.4580116271973,-8.9029541015625,"Female"
"9004153",371987,2025-05-30 16:02:35,42.4580268859863,-8.90293025970459,"Female"
"9004153",371987,2025-05-30 16:07:13,42.4580345153809,-8.90292072296143,"Female"
"9004153",371987,2025-05-30 16:12:13,42.4580078125,-8.90289974212646,"Female"
"9004153",371987,2025-05-30 16:17:13,42.4580039978027,-8.90292072296143,"Female"
"9004153",371987,2025-05-30 16:22:13,42.4580535888672,-8.9029598236084,"Female"
"9004153",371987,2025-05-30 16:27:13,42.4580078125,-8.90293788909912,"Female"
"9004153",371987,2025-05-30 16:32:13,42.4378700256348,-8.91103553771973,"Female"
"9004153",371987,2025-05-30 16:37:13,42.4043617248535,-8.91943836212158,"Female"
"9004153",371987,2025-05-30 16:42:13,42.3970489501953,-8.92012596130371,"Female"
"9004153",371987,2025-05-30 16:47:15,42.3971557617188,-8.92023944854736,"Female"
"9004153",371987,2025-05-30 16:52:21,42.3971748352051,-8.92019844055176,"Female"
"9004153",371987,2025-05-30 16:57:13,42.3971138000488,-8.92022037506104,"Female"
"9004153",371987,2025-05-30 17:02:13,42.3971862792969,-8.92028331756592,"Female"
"9004153",371987,2025-05-30 17:07:15,42.3971519470215,-8.92026138305664,"Female"
"9004153",371987,2025-05-30 17:12:15,42.3971977233887,-8.92037296295166,"Female"
"9004153",371987,2025-05-30 17:17:14,42.3974914550781,-8.92091274261475,"Female"
"9004153",371987,2025-05-30 17:22:18,42.3974571228027,-8.92106151580811,"Female"
"9004153",371987,2025-05-30 17:27:13,42.3975830078125,-8.92121028900146,"Female"
"9004153",371987,2025-05-30 17:32:13,42.3976173400879,-8.92120170593262,"Female"
"9004153",371987,2025-05-30 17:37:14,42.3976173400879,-8.92112064361572,"Female"
"9004153",371987,2025-05-30 17:42:17,42.3975067138672,-8.92108058929443,"Female"
"9004153",371987,2025-05-30 17:47:21,42.3973541259766,-8.92082500457764,"Female"
"9004153",371987,2025-05-30 17:52:14,42.3976097106934,-8.92093753814697,"Female"
"9004153",371987,2025-05-30 17:57:15,42.3977012634277,-8.92106342315674,"Female"
"9004153",371987,2025-05-30 18:02:35,42.3975067138672,-8.92078113555908,"Female"
"9004153",371987,2025-05-30 18:07:13,42.3975372314453,-8.92081737518311,"Female"
"9004153",371987,2025-05-30 18:12:13,42.3975601196289,-8.92082023620605,"Female"
"9004153",371987,2025-05-30 18:17:14,42.3975524902344,-8.92080593109131,"Female"
"9004153",371987,2025-05-30 18:22:13,42.3975448608398,-8.92081928253174,"Female"
"9004153",371987,2025-05-30 18:27:18,42.3975143432617,-8.9207649230957,"Female"
"9004153",371987,2025-05-30 18:32:14,42.3975257873535,-8.92074775695801,"Female"
"9004153",371987,2025-05-30 18:37:13,42.397575378418,-8.92073345184326,"Female"
"9004153",371987,2025-05-30 18:42:13,42.3976364135742,-8.92078590393066,"Female"
"9004153",371987,2025-05-30 18:47:22,42.397590637207,-8.92072868347168,"Female"
"9004153",371987,2025-05-30 18:52:15,42.3975296020508,-8.920654296875,"Female"
"9004153",371987,2025-05-30 18:57:24,42.3975563049316,-8.9206485748291,"Female"
"9004153",371987,2025-05-30 19:02:25,42.3976211547852,-8.92082405090332,"Female"
"9004153",371987,2025-05-30 19:07:13,42.3976783752441,-8.92080974578857,"Female"
"9004153",371987,2025-05-30 19:12:44,42.3975639343262,-8.92066287994385,"Female"
"9004153",371987,2025-05-30 19:17:13,42.3977584838867,-8.92105007171631,"Female"
"9004153",371987,2025-05-30 19:22:17,42.3975601196289,-8.9207878112793,"Female"
"9004153",371987,2025-05-30 19:27:13,42.3974838256836,-8.92072105407715,"Female"
"9004153",371987,2025-05-30 19:32:14,42.3975639343262,-8.92083263397217,"Female"
"9004153",371987,2025-05-30 19:37:13,42.3975791931152,-8.92068958282471,"Female"
"9004153",371987,2025-05-30 19:42:35,42.3975830078125,-8.92090320587158,"Female"
"9004153",371987,2025-05-30 19:47:13,42.3976249694824,-8.92090702056885,"Female"
"9004153",371987,2025-05-30 19:52:16,42.3976173400879,-8.92092990875244,"Female"
"9004153",371987,2025-05-30 19:57:13,42.3975296020508,-8.92076683044434,"Female"
"9004153",371987,2025-05-30 20:02:15,42.3976173400879,-8.92081165313721,"Female"
"9004153",371987,2025-05-30 20:07:15,42.397647857666,-8.92080307006836,"Female"
"9004153",371987,2025-05-30 20:12:14,42.3976135253906,-8.9207763671875,"Female"
"9004153",371987,2025-05-30 20:17:16,42.3975944519043,-8.92062854766846,"Female"
"9004153",371987,2025-05-30 20:22:22,42.3976707458496,-8.92081451416016,"Female"
"9004153",371987,2025-05-30 20:27:13,42.3976402282715,-8.9208927154541,"Female"
"9004153",371987,2025-05-30 20:32:14,42.3974876403809,-8.92065906524658,"Female"
"9004153",371987,2025-05-30 20:37:14,42.3978004455566,-8.92113399505615,"Female"
"9004153",371987,2025-05-30 20:42:15,42.397647857666,-8.92090320587158,"Female"
"9004153",371987,2025-05-30 20:47:14,42.3974952697754,-8.92062664031982,"Female"
"9004153",371987,2025-05-30 20:52:24,42.3975982666016,-8.92086887359619,"Female"
"9004153",371987,2025-05-30 20:57:13,42.3974647521973,-8.92070960998535,"Female"
"9004153",371987,2025-05-30 21:02:24,42.3975486755371,-8.92076778411865,"Female"
"9004153",371987,2025-05-30 21:07:14,42.3974304199219,-8.92038631439209,"Female"
"9004153",371987,2025-05-30 21:12:35,42.3975677490234,-8.92078495025635,"Female"
"9004153",371987,2025-05-30 21:17:13,42.3975677490234,-8.92084980010986,"Female"
"9004153",371987,2025-05-30 21:22:13,42.3975219726562,-8.92082691192627,"Female"
"9004153",371987,2025-05-30 21:27:13,42.3975410461426,-8.92081165313721,"Female"
"9004153",371987,2025-05-30 21:32:13,42.397590637207,-8.92073631286621,"Female"
"9004153",371987,2025-05-30 21:37:13,42.3975715637207,-8.92079257965088,"Female"
"9004153",371987,2025-05-30 21:42:13,42.3975715637207,-8.92078495025635,"Female"
"9004153",371987,2025-05-30 21:47:13,42.3975944519043,-8.92082118988037,"Female"
"9004153",371987,2025-05-30 21:52:13,42.3976135253906,-8.92080783843994,"Female"
"9004153",371987,2025-05-30 21:57:13,42.3975563049316,-8.92078495025635,"Female"
"9004153",371987,2025-05-30 22:02:13,42.3976020812988,-8.92086505889893,"Female"
"9004153",371987,2025-05-30 22:07:13,42.3975982666016,-8.92076206207275,"Female"
"9004153",371987,2025-05-30 22:12:13,42.3975563049316,-8.92080974578857,"Female"
"9004153",371987,2025-05-30 22:17:13,42.397590637207,-8.92083072662354,"Female"
"9004153",371987,2025-05-30 22:22:13,42.397575378418,-8.92093563079834,"Female"
"9004153",371987,2025-05-30 22:27:35,42.3975830078125,-8.9207706451416,"Female"
"9004153",371987,2025-05-30 22:32:13,42.3975868225098,-8.92073345184326,"Female"
"9004153",371987,2025-05-30 22:37:13,42.3975410461426,-8.92073917388916,"Female"
"9004153",371987,2025-05-30 22:42:13,42.3974838256836,-8.92071628570557,"Female"
"9004153",371987,2025-05-30 22:47:13,42.3976020812988,-8.92075252532959,"Female"
"9004153",371987,2025-05-30 22:52:13,42.3976364135742,-8.92083644866943,"Female"
"9004153",371987,2025-05-30 22:57:13,42.3975601196289,-8.92073345184326,"Female"
"9004153",371987,2025-05-30 23:02:13,42.397575378418,-8.92066669464111,"Female"
"9004153",371987,2025-05-30 23:07:13,42.3974876403809,-8.92057800292969,"Female"
"9004153",371987,2025-05-30 23:12:14,42.3975143432617,-8.92065715789795,"Female"
"9004153",371987,2025-05-30 23:17:15,42.3975982666016,-8.92077541351318,"Female"
"9004153",371987,2025-05-30 23:22:33,42.3975677490234,-8.92074108123779,"Female"
"9004153",371987,2025-05-30 23:27:14,42.3974723815918,-8.92068004608154,"Female"
"9004153",371987,2025-05-30 23:32:14,42.3975944519043,-8.92070579528809,"Female"
"9004153",371987,2025-05-30 23:37:13,42.3975067138672,-8.92070579528809,"Female"
"9004153",371987,2025-05-30 23:42:22,42.3974838256836,-8.92068767547607,"Female"
"9004153",371987,2025-05-30 23:47:21,42.3974838256836,-8.92075061798096,"Female"
"9004153",371987,2025-05-30 23:52:44,42.3975868225098,-8.92080307006836,"Female"
"9004153",371987,2025-05-30 23:57:13,42.3975067138672,-8.92076396942139,"Female"
"9004153",371987,2025-05-31 00:02:13,42.3976402282715,-8.92086982727051,"Female"
"9004153",371987,2025-05-31 00:07:14,42.3975448608398,-8.92082214355469,"Female"
"9004153",371987,2025-05-31 00:12:17,42.3976440429688,-8.92091083526611,"Female"
"9004153",371987,2025-05-31 00:17:16,42.3975486755371,-8.92078304290771,"Female"
"9004153",371987,2025-05-31 00:22:53,42.3976135253906,-8.92089080810547,"Female"
"9004153",371987,2025-05-31 00:27:14,42.3976173400879,-8.92081069946289,"Female"
"9004153",371987,2025-05-31 00:32:15,42.3976707458496,-8.92112064361572,"Female"
"9004153",371987,2025-05-31 00:37:13,42.3976020812988,-8.9209508895874,"Female"
"9004153",371987,2025-05-31 00:42:14,42.3975296020508,-8.92077159881592,"Female"
"9004153",371987,2025-05-31 00:47:15,42.397518157959,-8.92073440551758,"Female"
"9004153",371987,2025-05-31 00:52:19,42.397518157959,-8.92068481445312,"Female"
"9004153",371987,2025-05-31 00:57:21,42.3975296020508,-8.92079067230225,"Female"
"9004153",371987,2025-05-31 01:02:24,42.3974609375,-8.92084217071533,"Female"
"9004153",371987,2025-05-31 01:07:24,42.3974952697754,-8.92085361480713,"Female"
"9004153",371987,2025-05-31 01:12:24,42.3975067138672,-8.92094326019287,"Female"
"9004153",371987,2025-05-31 01:17:26,42.3975639343262,-8.92105674743652,"Female"
"9004153",371987,2025-05-31 01:22:35,42.397590637207,-8.92069721221924,"Female"
"9004153",371987,2025-05-31 01:27:13,42.3975639343262,-8.9206018447876,"Female"
"9004153",371987,2025-05-31 01:32:14,42.3975639343262,-8.92074584960938,"Female"
"9004153",371987,2025-05-31 01:37:13,42.3976249694824,-8.92074108123779,"Female"
"9004153",371987,2025-05-31 01:42:16,42.3975944519043,-8.92074394226074,"Female"
"9004153",371987,2025-05-31 01:47:16,42.3975601196289,-8.92074775695801,"Female"
"9004153",371987,2025-05-31 01:52:19,42.3975601196289,-8.92072486877441,"Female"
"9004153",371987,2025-05-31 01:57:17,42.3977355957031,-8.92108345031738,"Female"
"9004153",371987,2025-05-31 02:02:24,42.3972587585449,-8.92063999176025,"Female"
"9004153",371987,2025-05-31 02:07:25,42.397102355957,-8.92057037353516,"Female"
"9004153",371987,2025-05-31 02:12:35,42.397590637207,-8.92069816589355,"Female"
"9004153",371987,2025-05-31 02:17:13,42.3975982666016,-8.92067909240723,"Female"
"9004153",371987,2025-05-31 02:22:13,42.3975791931152,-8.92060375213623,"Female"
"9004153",371987,2025-05-31 02:27:13,42.3976631164551,-8.92055797576904,"Female"
"9004153",371987,2025-05-31 02:32:13,42.3976020812988,-8.92071628570557,"Female"
"9004153",371987,2025-05-31 02:37:14,42.3976173400879,-8.92070579528809,"Female"
"9004153",371987,2025-05-31 02:42:13,42.3975944519043,-8.92075538635254,"Female"
"9004153",371987,2025-05-31 02:47:14,42.3975868225098,-8.92074203491211,"Female"
"9004153",371987,2025-05-31 02:52:13,42.3976440429688,-8.92086124420166,"Female"
"9004153",371987,2025-05-31 02:57:13,42.3975982666016,-8.92073917388916,"Female"
"9004153",371987,2025-05-31 03:02:13,42.3975830078125,-8.92074775695801,"Female"
"9004153",371987,2025-05-31 03:07:13,42.3975639343262,-8.9208288192749,"Female"
"9004153",371987,2025-05-31 03:12:13,42.3976058959961,-8.92078304290771,"Female"
"9004153",371987,2025-05-31 03:17:13,42.3975486755371,-8.92091941833496,"Female"
"9004153",371987,2025-05-31 03:22:13,42.3975639343262,-8.92085266113281,"Female"
"9004153",371987,2025-05-31 03:27:14,42.3975944519043,-8.92094612121582,"Female"
"9004153",371987,2025-05-31 03:32:14,42.3976440429688,-8.92026901245117,"Female"
"9004153",371987,2025-05-31 03:37:13,42.3975296020508,-8.92049789428711,"Female"
"9004153",371987,2025-05-31 03:42:14,42.3975944519043,-8.92006778717041,"Female"
"9004153",371987,2025-05-31 03:47:13,42.3975982666016,-8.92031383514404,"Female"
"9004153",371987,2025-05-31 03:52:14,42.3976898193359,-8.92024898529053,"Female"
"9004153",371987,2025-05-31 03:57:13,42.3975982666016,-8.92027568817139,"Female"
"9004153",371987,2025-05-31 04:02:14,42.3976211547852,-8.92047786712646,"Female"
"9004153",371987,2025-05-31 04:07:14,42.3975982666016,-8.92094993591309,"Female"
"9004153",371987,2025-05-31 04:12:42,42.3975296020508,-8.92087841033936,"Female"
"9004153",371987,2025-05-31 04:17:13,42.397518157959,-8.92054271697998,"Female"
"9004153",371987,2025-05-31 04:22:13,42.397518157959,-8.92090606689453,"Female"
"9004153",371987,2025-05-31 04:27:34,42.3975677490234,-8.92070960998535,"Female"
"9004153",371987,2025-05-31 04:32:13,42.3975601196289,-8.92082977294922,"Female"
"9004153",371987,2025-05-31 04:37:14,42.3975868225098,-8.92073059082031,"Female"
"9004153",371987,2025-05-31 04:42:13,42.3975372314453,-8.92092323303223,"Female"
"9004153",371987,2025-05-31 04:47:35,42.3975372314453,-8.92078399658203,"Female"
"9004153",371987,2025-05-31 04:52:13,42.3978881835938,-8.92031669616699,"Female"
"9004153",371987,2025-05-31 04:57:14,42.3973579406738,-8.92110919952393,"Female"
"9004153",371987,2025-05-31 05:02:14,42.3974533081055,-8.92092609405518,"Female"
"9004153",371987,2025-05-31 05:07:14,42.3974456787109,-8.92088317871094,"Female"
"9004153",371987,2025-05-31 05:12:14,42.3974571228027,-8.92080497741699,"Female"
"9004153",371987,2025-05-31 05:17:16,42.3974342346191,-8.92092418670654,"Female"
"9004153",371987,2025-05-31 05:22:15,42.3974876403809,-8.92075443267822,"Female"
"9004153",371987,2025-05-31 05:27:18,42.3974838256836,-8.9208345413208,"Female"
"9004153",371987,2025-05-31 05:32:24,42.3974761962891,-8.92086505889893,"Female"
"9004153",371987,2025-05-31 05:37:24,42.3974723815918,-8.92088508605957,"Female"
"9004153",371987,2025-05-31 05:42:35,42.3974380493164,-8.92086219787598,"Female"
"9004153",371987,2025-05-31 05:47:13,42.3974456787109,-8.92092037200928,"Female"
"9004153",371987,2025-05-31 05:52:14,42.3974227905273,-8.92083835601807,"Female"
"9004153",371987,2025-05-31 05:57:13,42.3974113464355,-8.92088508605957,"Female"
"9004153",371987,2025-05-31 06:02:13,42.3974761962891,-8.9207820892334,"Female"
"9004153",371987,2025-05-31 06:07:13,42.3974647521973,-8.92085742950439,"Female"
"9004153",371987,2025-05-31 06:12:14,42.3975067138672,-8.92073535919189,"Female"
"9004153",371987,2025-05-31 06:17:15,42.4012870788574,-8.91940975189209,"Female"
"9004153",371987,2025-05-31 06:22:14,42.4014053344727,-8.91953277587891,"Female"
"9004153",371987,2025-05-31 06:27:34,42.3978576660156,-8.92033576965332,"Female"
"9004153",371987,2025-05-31 06:32:13,42.4028053283691,-8.92011642456055,"Female"
"9004153",371987,2025-05-31 06:37:34,42.4335060119629,-8.92412185668945,"Female"
"9004153",371987,2025-05-31 06:42:13,42.4607620239258,-8.94153308868408,"Female"
"9004153",371987,2025-05-31 06:47:18,42.4806251525879,-8.93642139434814,"Female"
"9004153",371987,2025-05-31 06:52:13,42.5001564025879,-8.92370223999023,"Female"
"9004153",371987,2025-05-31 06:57:13,42.5240173339844,-8.90797138214111,"Female"
"9004153",371987,2025-05-31 07:02:57,42.5423011779785,-8.89306735992432,"Female"
"9004153",371987,2025-05-31 07:08:13,42.5424270629883,-8.8915376663208,"Female"
"9004153",371987,2025-05-31 07:13:47,42.5433044433594,-8.89016342163086,"Female"
"9004153",371987,2025-05-31 07:18:49,42.5441780090332,-8.89037704467773,"Female"
"9004153",371987,2025-05-31 07:23:46,42.544792175293,-8.89017391204834,"Female"
"9004153",371987,2025-05-31 07:28:46,42.545825958252,-8.88935375213623,"Female"
"9004153",371987,2025-05-31 07:33:53,42.5457229614258,-8.89008712768555,"Female"
"9004153",371987,2025-05-31 07:38:54,42.5445327758789,-8.88832187652588,"Female"
"9004153",371987,2025-05-31 07:43:53,42.5444030761719,-8.88823127746582,"Female"
"9004153",371987,2025-05-31 07:48:52,42.544376373291,-8.88815212249756,"Female"
"9004153",371987,2025-05-31 07:53:53,42.5443267822266,-8.88808631896973,"Female"
"9004153",371987,2025-05-31 07:59:00,42.5444030761719,-8.88819313049316,"Female"
"9004153",371987,2025-05-31 08:03:53,42.5445747375488,-8.88840675354004,"Female"
"9004153",371987,2025-05-31 08:08:55,42.5442962646484,-8.88817882537842,"Female"
"9004153",371987,2025-05-31 08:13:59,42.5443115234375,-8.88822174072266,"Female"
"9004153",371987,2025-05-31 08:18:59,42.5443229675293,-8.88818836212158,"Female"
"9004153",371987,2025-05-31 08:24:41,42.5462455749512,-8.8891429901123,"Female"
"9004153",371987,2025-05-31 08:31:05,42.5455169677734,-8.89081287384033,"Female"
"9004153",371987,2025-05-31 08:36:32,42.5457229614258,-8.89022541046143,"Female"
"9004153",371987,2025-05-31 08:41:32,42.5451812744141,-8.89066123962402,"Female"
"9004153",371987,2025-05-31 08:46:51,42.5454025268555,-8.89031314849854,"Female"
"9004153",371987,2025-05-31 08:51:52,42.5444526672363,-8.88803291320801,"Female"
"9004153",371987,2025-05-31 08:56:49,42.5444946289062,-8.88813304901123,"Female"
"9004153",371987,2025-05-31 09:01:51,42.5445365905762,-8.88832092285156,"Female"
"9004153",371987,2025-05-31 09:06:52,42.544506072998,-8.88820362091064,"Female"
"9004153",371987,2025-05-31 09:12:01,42.5445518493652,-8.88823413848877,"Female"
"9004153",371987,2025-05-31 09:16:53,42.5445022583008,-8.88819313049316,"Female"
"9004153",371987,2025-05-31 09:22:02,42.5445098876953,-8.88822650909424,"Female"
"9004153",371987,2025-05-31 09:27:02,42.5445022583008,-8.88825798034668,"Female"
"9004153",371987,2025-05-31 09:32:02,42.5445137023926,-8.88820648193359,"Female"
"9004153",371987,2025-05-31 09:37:02,42.5445175170898,-8.88824939727783,"Female"
"9004153",371987,2025-05-31 09:42:02,42.5445175170898,-8.88822269439697,"Female"
"9004153",371987,2025-05-31 09:47:02,42.5445098876953,-8.8882303237915,"Female"
"9004153",371987,2025-05-31 09:52:14,42.5444526672363,-8.88827800750732,"Female"
"9004153",371987,2025-05-31 09:56:48,42.544361114502,-8.88813972473145,"Female"
"9004153",371987,2025-05-31 10:01:48,42.5444984436035,-8.88841342926025,"Female"
"9004153",371987,2025-05-31 10:06:49,42.5450325012207,-8.89077949523926,"Female"
"9004153",371987,2025-05-31 10:11:52,42.5444412231445,-8.8914966583252,"Female"
"9004153",371987,2025-05-31 10:16:50,42.5439872741699,-8.89077377319336,"Female"
"9004153",371987,2025-05-31 10:22:05,42.5450706481934,-8.89085102081299,"Female"
"9004153",371987,2025-05-31 10:27:15,42.5458869934082,-8.89083671569824,"Female"
"9004153",371987,2025-05-31 10:32:55,42.5459785461426,-8.88984394073486,"Female"
"9004153",371987,2025-05-31 10:37:53,42.5491752624512,-8.88794708251953,"Female"
"9004153",371987,2025-05-31 10:42:53,42.5492935180664,-8.88794898986816,"Female"
"9004153",371987,2025-05-31 10:48:15,42.549430847168,-8.88807773590088,"Female"
"9004153",371987,2025-05-31 10:52:52,42.5494995117188,-8.88804149627686,"Female"
"9004153",371987,2025-05-31 10:57:54,42.5494575500488,-8.88803672790527,"Female"
"9004153",371987,2025-05-31 11:02:52,42.549503326416,-8.88802337646484,"Female"
"9004153",371987,2025-05-31 11:07:52,42.5494575500488,-8.88795852661133,"Female"
"9004153",371987,2025-05-31 11:12:54,42.5495223999023,-8.88799667358398,"Female"
"9004153",371987,2025-05-31 11:17:52,42.5556297302246,-8.88785648345947,"Female"
"9004153",371987,2025-05-31 11:23:38,42.5603637695312,-8.8862133026123,"Female"
"9004153",371987,2025-05-31 11:29:02,42.5603675842285,-8.88719463348389,"Female"
"9004153",371987,2025-05-31 11:33:59,42.5746650695801,-8.8920316696167,"Female"
"9004153",371987,2025-05-31 11:39:00,42.6016159057617,-8.87576007843018,"Female"
"9004153",371987,2025-05-31 11:44:00,42.601749420166,-8.87421989440918,"Female"
"9004153",371987,2025-05-31 11:49:15,42.6015014648438,-8.87425136566162,"Female"
"9004153",371987,2025-05-31 11:53:58,42.6028518676758,-8.87316513061523,"Female"
"9004153",371987,2025-05-31 11:58:58,42.6038665771484,-8.8732385635376,"Female"
"9004153",371987,2025-05-31 12:03:58,42.6038398742676,-8.87324142456055,"Female"
"9004153",371987,2025-05-31 12:09:00,42.6033668518066,-8.87233448028564,"Female"
"9004153",371987,2025-05-31 12:14:09,42.603874206543,-8.870361328125,"Female"
"9004153",371987,2025-05-31 12:19:25,42.6028671264648,-8.8708438873291,"Female"
"9004153",371987,2025-05-31 12:24:34,42.6012535095215,-8.86962032318115,"Female"
"9004153",371987,2025-05-31 12:29:59,42.6003684997559,-8.86896228790283,"Female"
"9004153",371987,2025-05-31 12:34:54,42.5998001098633,-8.86845016479492,"Female"
"9004153",371987,2025-05-31 12:40:12,42.6009635925293,-8.86762809753418,"Female"
"9004153",371987,2025-05-31 12:45:59,42.6003303527832,-8.86635398864746,"Female"
"9004153",371987,2025-05-31 12:50:07,42.6004295349121,-8.86603832244873,"Female"
"9004153",371987,2025-05-31 12:55:07,42.6003723144531,-8.8660135269165,"Female"
"9004153",371987,2025-05-31 13:00:08,42.6004180908203,-8.86598777770996,"Female"
"9004153",371987,2025-05-31 13:05:07,42.600513458252,-8.86600780487061,"Female"
"9004153",371987,2025-05-31 13:10:08,42.6005592346191,-8.8659553527832,"Female"
"9004153",371987,2025-05-31 13:15:08,42.6012229919434,-8.86599445343018,"Female"
"9004153",371987,2025-05-31 13:20:19,42.6003532409668,-8.86581039428711,"Female"
"9004153",371987,2025-05-31 13:25:07,42.6006278991699,-8.86598110198975,"Female"
"9004153",371987,2025-05-31 13:30:07,42.6006813049316,-8.86599445343018,"Female"
"9004153",371987,2025-05-31 13:35:08,42.6004104614258,-8.8659839630127,"Female"
"9004153",371987,2025-05-31 13:40:07,42.6007385253906,-8.86612796783447,"Female"
"9004153",371987,2025-05-31 13:45:06,42.6013832092285,-8.86631488800049,"Female"
"9004153",371987,2025-05-31 13:50:06,42.6010055541992,-8.8661937713623,"Female"
"9004153",371987,2025-05-31 13:55:08,42.6004905700684,-8.86600589752197,"Female"
"9004153",371987,2025-05-31 14:00:35,42.6004295349121,-8.86593627929688,"Female"
"9004153",371987,2025-05-31 14:05:07,42.6004524230957,-8.86595153808594,"Female"
"9004153",371987,2025-05-31 14:10:07,42.6004486083984,-8.86590671539307,"Female"
"9004153",371987,2025-05-31 14:15:07,42.6004600524902,-8.86588668823242,"Female"
"9004153",371987,2025-05-31 14:20:07,42.6004409790039,-8.86587715148926,"Female"
"9004153",371987,2025-05-31 14:25:08,42.6004524230957,-8.86587810516357,"Female"
"9004153",371987,2025-05-31 14:30:08,42.6008110046387,-8.86764335632324,"Female"
"9004153",371987,2025-05-31 14:35:54,42.6009712219238,-8.86891460418701,"Female"
"9004153",371987,2025-05-31 14:40:53,42.5996742248535,-8.86916351318359,"Female"
"9004153",371987,2025-05-31 14:46:08,42.6035079956055,-8.87320899963379,"Female"
"9004153",371987,2025-05-31 14:51:14,42.6035194396973,-8.87319946289062,"Female"
"9004153",371987,2025-05-31 14:55:53,42.6035308837891,-8.87321090698242,"Female"
"9004153",371987,2025-05-31 15:00:53,42.6034698486328,-8.87321472167969,"Female"
"9004153",371987,2025-05-31 15:05:53,42.6035194396973,-8.87326431274414,"Female"
"9004153",371987,2025-05-31 15:11:26,42.6041030883789,-8.87477684020996,"Female"
"9004153",371987,2025-05-31 15:16:58,42.6041526794434,-8.87676811218262,"Female"
"9004153",371987,2025-05-31 15:22:21,42.6041717529297,-8.87681865692139,"Female"
"9004153",371987,2025-05-31 15:27:20,42.6038131713867,-8.87690258026123,"Female"
"9004153",371987,2025-05-31 15:32:18,42.6051254272461,-8.87631130218506,"Female"
"9004153",371987,2025-05-31 15:37:18,42.6058006286621,-8.87452125549316,"Female"
"9004153",371987,2025-05-31 15:42:32,42.606143951416,-8.87247848510742,"Female"
"9004153",371987,2025-05-31 15:48:15,42.6054344177246,-8.87316989898682,"Female"
"9004153",371987,2025-05-31 15:52:53,42.6016502380371,-8.8766040802002,"Female"
"9004153",371987,2025-05-31 15:57:55,42.6015434265137,-8.87424945831299,"Female"
"9004153",371987,2025-05-31 16:02:53,42.6015281677246,-8.8742618560791,"Female"
"9004153",371987,2025-05-31 16:08:01,42.6014671325684,-8.87428665161133,"Female"
"9004153",371987,2025-05-31 16:13:14,42.6014518737793,-8.87424373626709,"Female"
"9004153",371987,2025-05-31 16:17:55,42.6014099121094,-8.87416553497314,"Female"
"9004153",371987,2025-05-31 16:23:00,42.6013870239258,-8.87417602539062,"Female"
"9004153",371987,2025-05-31 16:28:13,42.6014633178711,-8.87414932250977,"Female"
"9004153",371987,2025-05-31 16:32:53,42.6017265319824,-8.87477016448975,"Female"
"9004153",371987,2025-05-31 16:38:01,42.6013870239258,-8.87397289276123,"Female"
"9004153",371987,2025-05-31 16:42:59,42.6014022827148,-8.87396430969238,"Female"
"9004153",371987,2025-05-31 16:48:23,42.6015930175781,-8.87424945831299,"Female"
"9004153",371987,2025-05-31 16:52:52,42.6014785766602,-8.87417697906494,"Female"
"9004153",371987,2025-05-31 16:57:52,42.6015472412109,-8.87416744232178,"Female"
"9004153",371987,2025-05-31 17:02:52,42.6014938354492,-8.87412452697754,"Female"
"9004153",371987,2025-05-31 17:08:09,42.6015205383301,-8.87323474884033,"Female"
"9004153",371987,2025-05-31 17:13:49,42.6012840270996,-8.87140560150146,"Female"
"9004153",371987,2025-05-31 17:19:18,42.5997467041016,-8.8705530166626,"Female"
"9004153",371987,2025-05-31 17:24:13,42.6016693115234,-8.87444877624512,"Female"
"9004153",371987,2025-05-31 17:29:14,42.6018714904785,-8.87497043609619,"Female"
"9004153",371987,2025-05-31 17:34:15,42.6016540527344,-8.87450313568115,"Female"
"9004153",371987,2025-05-31 17:39:15,42.6015625,-8.8743371963501,"Female"
"9004153",371987,2025-05-31 17:44:32,42.6014976501465,-8.87424373626709,"Female"
"9004153",371987,2025-05-31 17:49:12,42.6015129089355,-8.87423992156982,"Female"
"9004153",371987,2025-05-31 17:54:12,42.6015281677246,-8.87422180175781,"Female"
"9004153",371987,2025-05-31 17:59:12,42.6015129089355,-8.87427425384521,"Female"
"9004153",371987,2025-05-31 18:04:12,42.6015205383301,-8.87423229217529,"Female"
"9004153",371987,2025-05-31 18:09:12,42.6015243530273,-8.8742561340332,"Female"
"9004153",371987,2025-05-31 18:14:15,42.6023178100586,-8.87679386138916,"Female"
"9004153",371987,2025-05-31 18:19:12,42.6023559570312,-8.87664699554443,"Female"
"9004153",371987,2025-05-31 18:24:13,42.6022415161133,-8.87670516967773,"Female"
"9004153",371987,2025-05-31 18:29:13,42.6014595031738,-8.87664222717285,"Female"
"9004153",371987,2025-05-31 18:34:14,42.6023483276367,-8.87675952911377,"Female"
"9004153",371987,2025-05-31 18:39:16,42.6023139953613,-8.87679195404053,"Female"
"9004153",371987,2025-05-31 18:44:13,42.6022567749023,-8.87680339813232,"Female"
"9004153",371987,2025-05-31 18:49:16,42.6022605895996,-8.87677574157715,"Female"
"9004153",371987,2025-05-31 18:54:16,42.6022758483887,-8.87688064575195,"Female"
"9004153",371987,2025-05-31 18:59:16,42.6023330688477,-8.87672901153564,"Female"
"9004153",371987,2025-05-31 19:04:17,42.6023139953613,-8.87683296203613,"Female"
"9004153",371987,2025-05-31 19:09:17,42.602409362793,-8.87661647796631,"Female"
"9004153",371987,2025-05-31 19:14:16,42.6023559570312,-8.87663555145264,"Female"
"9004153",371987,2025-05-31 19:19:24,42.6023330688477,-8.87673759460449,"Female"
"9004153",371987,2025-05-31 19:24:15,42.6027908325195,-8.8759593963623,"Female"
"9004153",371987,2025-05-31 19:29:35,42.6024284362793,-8.87663459777832,"Female"
"9004153",371987,2025-05-31 19:34:16,42.6026992797852,-8.87621021270752,"Female"
"9004153",371987,2025-05-31 19:39:14,42.6024589538574,-8.87672328948975,"Female"
"9004153",371987,2025-05-31 19:44:12,42.6024169921875,-8.87637615203857,"Female"
"9004153",371987,2025-05-31 19:49:15,42.6015396118164,-8.87663459777832,"Female"
"9004153",371987,2025-05-31 19:54:13,42.6014556884766,-8.87670421600342,"Female"
"9004153",371987,2025-05-31 19:59:12,42.6015129089355,-8.87672805786133,"Female"
"9004153",371987,2025-05-31 20:04:13,42.601318359375,-8.87656497955322,"Female"
"9004153",371987,2025-05-31 20:09:13,42.6014823913574,-8.87672328948975,"Female"
"9004153",371987,2025-05-31 20:14:16,42.6015205383301,-8.87687301635742,"Female"
"9004153",371987,2025-05-31 20:19:13,42.6013717651367,-8.87665843963623,"Female"
"9004153",371987,2025-05-31 20:24:13,42.6014213562012,-8.87675857543945,"Female"
"9004153",371987,2025-05-31 20:29:18,42.6014251708984,-8.87663555145264,"Female"
"9004153",371987,2025-05-31 20:34:14,42.6016883850098,-8.87693119049072,"Female"
"9004153",371987,2025-05-31 20:39:14,42.6014366149902,-8.87666130065918,"Female"
"9004153",371987,2025-05-31 20:44:24,42.6014175415039,-8.87670230865479,"Female"
"9004153",371987,2025-05-31 20:49:24,42.6014137268066,-8.87666797637939,"Female"
"9004153",371987,2025-05-31 20:54:35,42.601390838623,-8.87672138214111,"Female"
"9004153",371987,2025-05-31 20:59:14,42.6012763977051,-8.8764762878418,"Female"
"9004153",371987,2025-05-31 21:04:26,42.6013984680176,-8.87666320800781,"Female"
"9004153",371987,2025-05-31 21:09:26,42.6013870239258,-8.87668037414551,"Female"
"9004153",371987,2025-05-31 21:14:25,42.6014022827148,-8.87665557861328,"Female"
"9004153",371987,2025-05-31 21:19:25,42.6014099121094,-8.87674617767334,"Female"
"9004153",371987,2025-05-31 21:24:25,42.6013107299805,-8.87656021118164,"Female"
"9004153",371987,2025-05-31 21:29:35,42.6014099121094,-8.87665462493896,"Female"
"9004153",371987,2025-05-31 21:34:13,42.601448059082,-8.87661457061768,"Female"
"9004153",371987,2025-05-31 21:39:13,42.6014366149902,-8.87661361694336,"Female"
"9004153",371987,2025-05-31 21:44:13,42.6014289855957,-8.87660026550293,"Female"
"9004153",371987,2025-05-31 21:49:13,42.6013832092285,-8.87664127349854,"Female"
"9004153",371987,2025-05-31 21:54:13,42.6013488769531,-8.87662220001221,"Female"
"9004153",371987,2025-05-31 21:59:13,42.6013717651367,-8.87666511535645,"Female"
"9004153",371987,2025-05-31 22:04:13,42.601390838623,-8.87667846679688,"Female"
"9004153",371987,2025-05-31 22:09:13,42.6013717651367,-8.87660503387451,"Female"
"9004153",371987,2025-05-31 22:14:13,42.6014099121094,-8.87663650512695,"Female"
"9004153",371987,2025-05-31 22:19:13,42.6013679504395,-8.87661552429199,"Female"
"9004153",371987,2025-05-31 22:24:13,42.6014442443848,-8.87664699554443,"Female"
"9004153",371987,2025-05-31 22:29:13,42.601390838623,-8.8766393661499,"Female"
"9004153",371987,2025-05-31 22:34:13,42.6013946533203,-8.87670230865479,"Female"
"9004153",371987,2025-05-31 22:39:13,42.6015014648438,-8.87659358978271,"Female"
"9004153",371987,2025-05-31 22:44:15,42.6012878417969,-8.87662601470947,"Female"
"9004153",371987,2025-05-31 22:49:15,42.6015281677246,-8.87676334381104,"Female"
"9004153",371987,2025-05-31 22:54:18,42.6012802124023,-8.8765172958374,"Female"
"9004153",371987,2025-05-31 22:59:19,42.6012954711914,-8.87655258178711,"Female"
"9004153",371987,2025-05-31 23:04:25,42.6014060974121,-8.87660884857178,"Female"
"9004153",371987,2025-05-31 23:09:14,42.6012535095215,-8.87643241882324,"Female"
"9004153",371987,2025-05-31 23:14:14,42.6015625,-8.87676811218262,"Female"
"9004153",371987,2025-05-31 23:19:15,42.6014747619629,-8.87668132781982,"Female"
"9004153",371987,2025-05-31 23:24:14,42.6013832092285,-8.87650108337402,"Female"
"9004153",371987,2025-05-31 23:29:15,42.6012268066406,-8.87649631500244,"Female"
"9004153",371987,2025-05-31 23:34:14,42.6013374328613,-8.87640762329102,"Female"
"9004153",371987,2025-05-31 23:39:18,42.601734161377,-8.87676429748535,"Female"
"9004153",371987,2025-05-31 23:44:27,42.6014709472656,-8.87650489807129,"Female"
"9004153",371987,2025-05-31 23:49:18,42.6015434265137,-8.8767147064209,"Female"
"9004153",371987,2025-05-31 23:54:17,42.601432800293,-8.87659454345703,"Female"
"9004153",371987,2025-05-31 23:59:28,42.6013526916504,-8.87648868560791,"Female"
"9004153",371987,2025-06-01 00:04:16,42.6014938354492,-8.87619781494141,"Female"
"9004153",371987,2025-06-01 00:09:26,42.601490020752,-8.87650489807129,"Female"
"9004153",371987,2025-06-01 00:14:24,42.6013412475586,-8.87683486938477,"Female"
"9004153",371987,2025-06-01 00:19:35,42.6014060974121,-8.87658214569092,"Female"
"9004153",371987,2025-06-01 00:24:13,42.6014595031738,-8.87652587890625,"Female"
"9004153",371987,2025-06-01 00:29:14,42.6013374328613,-8.87637615203857,"Female"
"9004153",371987,2025-06-01 00:34:14,42.601318359375,-8.8764705657959,"Female"
"9004153",371987,2025-06-01 00:39:15,42.6013679504395,-8.87637519836426,"Female"
"9004153",371987,2025-06-01 00:44:14,42.6013298034668,-8.87645816802979,"Female"
"9004153",371987,2025-06-01 00:49:14,42.6013488769531,-8.87648010253906,"Female"
"9004153",371987,2025-06-01 00:54:14,42.6012725830078,-8.87641906738281,"Female"
"9004153",371987,2025-06-01 00:59:14,42.6012687683105,-8.87618637084961,"Female"
"9004153",371987,2025-06-01 01:04:14,42.6012535095215,-8.87628078460693,"Female"
"9004153",371987,2025-06-01 01:09:14,42.6014556884766,-8.8765754699707,"Female"
"9004153",371987,2025-06-01 01:14:14,42.6014175415039,-8.8765811920166,"Female"
"9004153",371987,2025-06-01 01:19:14,42.6014976501465,-8.87661170959473,"Female"
"9004153",371987,2025-06-01 01:24:15,42.6012344360352,-8.87654972076416,"Female"
"9004153",371987,2025-06-01 01:29:14,42.601619720459,-8.87658309936523,"Female"
"9004153",371987,2025-06-01 01:34:15,42.6012687683105,-8.87657356262207,"Female"
"9004153",371987,2025-06-01 01:39:14,42.6013259887695,-8.87666034698486,"Female"
"9004153",371987,2025-06-01 01:44:15,42.6012954711914,-8.87654876708984,"Female"
"9004153",371987,2025-06-01 01:49:15,42.6012001037598,-8.8766975402832,"Female"
"9004153",371987,2025-06-01 01:54:14,42.6014022827148,-8.87665271759033,"Female"
"9004153",371987,2025-06-01 01:59:14,42.6012992858887,-8.87657165527344,"Female"
"9004153",371987,2025-06-01 02:04:14,42.6012802124023,-8.87655639648438,"Female"
"9004153",371987,2025-06-01 02:09:14,42.601448059082,-8.87677192687988,"Female"
"9004153",371987,2025-06-01 02:14:15,42.6015357971191,-8.87672805786133,"Female"
"9004153",371987,2025-06-01 02:19:14,42.6014633178711,-8.87678337097168,"Female"
"9004153",371987,2025-06-01 02:24:14,42.601448059082,-8.87683010101318,"Female"
"9004153",371987,2025-06-01 02:29:15,42.6013832092285,-8.87689781188965,"Female"
"9004153",371987,2025-06-01 02:34:14,42.6014518737793,-8.876784324646,"Female"
"9004153",371987,2025-06-01 02:39:14,42.6016006469727,-8.87664127349854,"Female"
"9004153",371987,2025-06-01 02:44:14,42.601432800293,-8.87655258178711,"Female"
"9004153",371987,2025-06-01 02:49:14,42.6018371582031,-8.87647247314453,"Female"
"9004153",371987,2025-06-01 02:54:15,42.6018333435059,-8.87643623352051,"Female"
"9004153",371987,2025-06-01 02:59:15,42.6018409729004,-8.87646675109863,"Female"
"9004153",371987,2025-06-01 03:04:15,42.6019630432129,-8.87629127502441,"Female"
"9004153",371987,2025-06-01 03:09:16,42.6018829345703,-8.87631988525391,"Female"
"9004153",371987,2025-06-01 03:14:15,42.6017532348633,-8.87650966644287,"Female"
"9004153",371987,2025-06-01 03:19:15,42.6018218994141,-8.87654304504395,"Female"
"9004153",371987,2025-06-01 03:24:14,42.6017799377441,-8.87665557861328,"Female"
"9004153",371987,2025-06-01 03:29:14,42.6017837524414,-8.87655067443848,"Female"
"9004153",371987,2025-06-01 03:34:14,42.6017189025879,-8.87658882141113,"Female"
"9004153",371987,2025-06-01 03:39:14,42.601863861084,-8.87663745880127,"Female"
"9004153",371987,2025-06-01 03:44:14,42.6017570495605,-8.87677478790283,"Female"
"9004153",371987,2025-06-01 03:49:14,42.6017379760742,-8.87680625915527,"Female"
"9004153",371987,2025-06-01 03:54:14,42.6017723083496,-8.87683963775635,"Female"
"9004153",371987,2025-06-01 03:59:14,42.6017684936523,-8.87680149078369,"Female"
"9004153",371987,2025-06-01 04:04:14,42.6018257141113,-8.87677574157715,"Female"
"9004153",371987,2025-06-01 04:09:14,42.6017990112305,-8.8767728805542,"Female"
"9004153",371987,2025-06-01 04:14:14,42.601806640625,-8.87679481506348,"Female"
"9004153",371987,2025-06-01 04:19:15,42.6018333435059,-8.87668704986572,"Female"
"9004153",371987,2025-06-01 04:24:14,42.6018753051758,-8.87669563293457,"Female"
"9004153",371987,2025-06-01 04:29:14,42.6018257141113,-8.87678527832031,"Female"
"9004153",371987,2025-06-01 04:34:14,42.6018104553223,-8.87672901153564,"Female"
"9004153",371987,2025-06-01 04:39:15,42.6018524169922,-8.87664127349854,"Female"
"9004153",371987,2025-06-01 04:44:14,42.6018676757812,-8.87671375274658,"Female"
"9004153",371987,2025-06-01 04:49:14,42.601806640625,-8.87662220001221,"Female"
"9004153",371987,2025-06-01 04:54:14,42.6018562316895,-8.87667655944824,"Female"
"9004153",371987,2025-06-01 04:59:14,42.6018524169922,-8.8766393661499,"Female"
"9004153",371987,2025-06-01 05:04:14,42.6018409729004,-8.87661838531494,"Female"
"9004153",371987,2025-06-01 05:09:14,42.6018562316895,-8.87425708770752,"Female"
"9004153",371987,2025-06-01 05:14:24,42.6069145202637,-8.86753749847412,"Female"
"9004153",371987,2025-06-01 05:19:27,42.6069374084473,-8.86522006988525,"Female"
"9004153",371987,2025-06-01 05:24:37,42.6058883666992,-8.8656005859375,"Female"
"9004153",371987,2025-06-01 05:29:38,42.6051025390625,-8.86719131469727,"Female"
"9004153",371987,2025-06-01 05:34:59,42.6050987243652,-8.86830711364746,"Female"
"9004153",371987,2025-06-01 05:40:40,42.6033363342285,-8.86836719512939,"Female"
"9004153",371987,2025-06-01 05:45:41,42.6036071777344,-8.87228965759277,"Female"
"9004153",371987,2025-06-01 05:50:40,42.6015815734863,-8.87673664093018,"Female"
"9004153",371987,2025-06-01 05:55:40,42.6014785766602,-8.87680721282959,"Female"
"9004153",371987,2025-06-01 06:00:49,42.6015090942383,-8.87681102752686,"Female"
"9004153",371987,2025-06-01 06:05:49,42.6015357971191,-8.8767786026001,"Female"
"9004153",371987,2025-06-01 06:10:49,42.6015357971191,-8.87654399871826,"Female"
"9004153",371987,2025-06-01 06:15:49,42.6014633178711,-8.87663078308105,"Female"
"9004153",371987,2025-06-01 06:20:49,42.6015243530273,-8.87640857696533,"Female"
"9004153",371987,2025-06-01 06:25:49,42.6014671325684,-8.87663459777832,"Female"
"9004153",371987,2025-06-01 06:30:49,42.6014785766602,-8.87655448913574,"Female"
"9004153",371987,2025-06-01 06:35:49,42.6013221740723,-8.8766565322876,"Female"
"9004153",371987,2025-06-01 06:40:49,42.6015663146973,-8.87655925750732,"Female"
"9004153",371987,2025-06-01 06:45:49,42.6013298034668,-8.87656784057617,"Female"
"9004153",371987,2025-06-01 06:50:49,42.6013603210449,-8.87654590606689,"Female"
"9004153",371987,2025-06-01 06:55:49,42.6050643920898,-8.87301921844482,"Female"
"9004153",371987,2025-06-01 07:01:17,42.605655670166,-8.87337589263916,"Female"
"9004153",371987,2025-06-01 07:06:47,42.6048355102539,-8.87504196166992,"Female"
"9004153",371987,2025-06-01 07:12:15,42.6040306091309,-8.87479209899902,"Female"
"9004153",371987,2025-06-01 07:17:47,42.6039581298828,-8.87622451782227,"Female"
"9004153",371987,2025-06-01 07:22:47,42.6039428710938,-8.87474155426025,"Female"
"9004153",371987,2025-06-01 07:27:47,42.6032257080078,-8.87422847747803,"Female"
"9004153",371987,2025-06-01 07:32:46,42.6031799316406,-8.87418842315674,"Female"
"9004153",371987,2025-06-01 07:37:46,42.6032257080078,-8.87426376342773,"Female"
"9004153",371987,2025-06-01 07:42:47,42.6032981872559,-8.87428569793701,"Female"
"9004153",371987,2025-06-01 07:47:47,42.6033515930176,-8.87420558929443,"Female"
"9004153",371987,2025-06-01 07:52:46,42.6034240722656,-8.87419986724854,"Female"
"9004153",371987,2025-06-01 07:57:46,42.6034698486328,-8.87424659729004,"Female"
"9004153",371987,2025-06-01 08:06:38,42.6034660339355,-8.87422370910645,"Female"
"9004153",371987,2025-06-01 08:11:38,42.6034507751465,-8.87420272827148,"Female"
"9004153",371987,2025-06-01 08:16:39,42.6034736633301,-8.87420558929443,"Female"
"9004153",371987,2025-06-01 08:21:38,42.6033554077148,-8.87414932250977,"Female"
"9004153",371987,2025-06-01 08:26:38,42.6032447814941,-8.87422657012939,"Female"
"9004153",371987,2025-06-01 08:31:38,42.6034278869629,-8.87414360046387,"Female"
"9004153",371987,2025-06-01 08:36:42,42.6029052734375,-8.87282371520996,"Female"
"9004153",371987,2025-06-01 08:42:15,42.6014556884766,-8.87216567993164,"Female"
"9004153",371987,2025-06-01 08:47:36,42.6004257202148,-8.87109375,"Female"
"9004153",371987,2025-06-01 08:52:55,42.5997047424316,-8.86979484558105,"Female"
"9004153",371987,2025-06-01 08:57:57,42.5998115539551,-8.86905860900879,"Female"
"9004153",371987,2025-06-01 09:03:14,42.600025177002,-8.86808013916016,"Female"
"9004153",371987,2025-06-01 09:08:35,42.6007766723633,-8.86771583557129,"Female"
"9004153",371987,2025-06-01 09:13:47,42.6014785766602,-8.86830043792725,"Female"
"9004153",371987,2025-06-01 09:19:21,42.6022529602051,-8.86803245544434,"Female"
"9004153",371987,2025-06-01 09:24:38,42.603214263916,-8.86743259429932,"Female"
"9004153",371987,2025-06-01 09:29:37,42.6040649414062,-8.86601066589355,"Female"
"9004153",371987,2025-06-01 09:34:42,42.6041870117188,-8.8648624420166,"Female"
"9004153",371987,2025-06-01 09:39:37,42.6039924621582,-8.86641502380371,"Female"
"9004153",371987,2025-06-01 09:44:37,42.6037712097168,-8.86720657348633,"Female"
"9004153",371987,2025-06-01 09:49:37,42.6039276123047,-8.86623096466064,"Female"
"9004153",371987,2025-06-01 09:54:37,42.6030387878418,-8.86685180664062,"Female"
"9004153",371987,2025-06-01 09:59:37,42.6039619445801,-8.86637687683105,"Female"
"9004153",371987,2025-06-01 10:04:37,42.6037178039551,-8.86668014526367,"Female"
"9004153",371987,2025-06-01 10:09:37,42.6037521362305,-8.86717987060547,"Female"
"9004153",371987,2025-06-01 10:14:37,42.6034965515137,-8.86657619476318,"Female"
"9004153",371987,2025-06-01 10:19:37,42.6040000915527,-8.86681938171387,"Female"
"9004153",371987,2025-06-01 10:24:37,42.6039085388184,-8.86683082580566,"Female"
"9004153",371987,2025-06-01 10:29:37,42.6033668518066,-8.8664379119873,"Female"
"9004153",371987,2025-06-01 10:34:37,42.6033248901367,-8.86635780334473,"Female"
"9004153",371987,2025-06-01 10:39:37,42.6039237976074,-8.86693286895752,"Female"
"9004153",371987,2025-06-01 10:45:20,42.6026992797852,-8.86504745483398,"Female"
"9004153",371987,2025-06-01 10:51:06,42.6012115478516,-8.86618900299072,"Female"
"9004153",371987,2025-06-01 10:56:06,42.6002731323242,-8.86785984039307,"Female"
"9004153",371987,2025-06-01 11:01:07,42.6000328063965,-8.8696928024292,"Female"
"9004153",371987,2025-06-01 11:06:23,42.598258972168,-8.87129592895508,"Female"
"9004153",371987,2025-06-01 11:11:21,42.5979080200195,-8.87248229980469,"Female"
"9004153",371987,2025-06-01 11:16:45,42.5986709594727,-8.87394523620605,"Female"
"9004153",371987,2025-06-01 11:22:27,42.6007385253906,-8.87445831298828,"Female"
"9004153",371987,2025-06-01 11:27:09,42.6011428833008,-8.8743314743042,"Female"
"9004153",371987,2025-06-01 11:32:25,42.6008529663086,-8.87478542327881,"Female"
"9004153",371987,2025-06-01 11:37:12,42.6018028259277,-8.87435722351074,"Female"
"9004153",371987,2025-06-01 11:42:12,42.602409362793,-8.87365341186523,"Female"
"9004153",371987,2025-06-01 11:47:10,42.6026649475098,-8.87350749969482,"Female"
"9004153",371987,2025-06-01 11:52:10,42.6023559570312,-8.87366008758545,"Female"
"9004153",371987,2025-06-01 11:57:10,42.6019821166992,-8.8738260269165,"Female"
"9004153",371987,2025-06-01 12:02:09,42.6008758544922,-8.87805271148682,"Female"
"9004153",371987,2025-06-01 12:07:11,42.6010856628418,-8.88191604614258,"Female"
"9004153",371987,2025-06-01 12:12:19,42.6008911132812,-8.87493324279785,"Female"
"9004153",371987,2025-06-01 12:17:18,42.6008377075195,-8.87495231628418,"Female"
"9004153",371987,2025-06-01 12:22:11,42.6004791259766,-8.87026596069336,"Female"
"9004153",371987,2025-06-01 12:27:11,42.6005973815918,-8.87093257904053,"Female"
"9004153",371987,2025-06-01 12:32:47,42.5994300842285,-8.8739652633667,"Female"
"9004153",371987,2025-06-01 12:38:03,42.5973930358887,-8.87344837188721,"Female"
"9004153",371987,2025-06-01 12:43:11,42.5970916748047,-8.87339115142822,"Female"
"9004153",371987,2025-06-01 12:48:58,42.5976600646973,-8.87512683868408,"Female"
"9004153",371987,2025-06-01 12:54:36,42.5971527099609,-8.87601280212402,"Female"
"9004153",371987,2025-06-01 12:59:38,42.5962028503418,-8.87765407562256,"Female"
"9004153",371987,2025-06-01 13:04:34,42.5962753295898,-8.87755870819092,"Female"
"9004153",371987,2025-06-01 13:09:34,42.5964698791504,-8.87746143341064,"Female"
"9004153",371987,2025-06-01 13:14:34,42.5964508056641,-8.87707710266113,"Female"
"9004153",371987,2025-06-01 13:19:38,42.5964469909668,-8.87736892700195,"Female"
"9004153",371987,2025-06-01 13:24:34,42.5964469909668,-8.87737083435059,"Female"
"9004153",371987,2025-06-01 13:29:34,42.5964660644531,-8.87752819061279,"Female"
"9004153",371987,2025-06-01 13:34:34,42.5964584350586,-8.87750816345215,"Female"
"9004153",371987,2025-06-01 13:39:34,42.5963897705078,-8.87752056121826,"Female"
"9004153",371987,2025-06-01 13:44:34,42.5964202880859,-8.87742614746094,"Female"
"9004153",371987,2025-06-01 13:49:33,42.5964012145996,-8.87755012512207,"Female"
"9004153",371987,2025-06-01 13:54:33,42.5964546203613,-8.87742137908936,"Female"
"9004153",371987,2025-06-01 13:59:34,42.5964698791504,-8.87744426727295,"Female"
"9004153",371987,2025-06-01 14:04:34,42.5964279174805,-8.87756156921387,"Female"
"9004153",371987,2025-06-01 14:09:34,42.5964775085449,-8.87744045257568,"Female"
"9004153",371987,2025-06-01 14:14:33,42.5965766906738,-8.8774585723877,"Female"
"9004153",371987,2025-06-01 14:19:34,42.5965728759766,-8.87745094299316,"Female"
"9004153",371987,2025-06-01 14:24:33,42.5965957641602,-8.87755584716797,"Female"
"9004153",371987,2025-06-01 14:29:33,42.5886459350586,-8.87777423858643,"Female"
"9004153",371987,2025-06-01 14:34:38,42.5451316833496,-8.90094947814941,"Female"
"9004153",371987,2025-06-01 14:39:34,42.5282020568848,-8.91149044036865,"Female"
"9004153",371987,2025-06-01 14:44:34,42.5274391174316,-8.91254043579102,"Female"
"9004153",371987,2025-06-01 14:49:33,42.5015029907227,-8.92340087890625,"Female"
"9004153",371987,2025-06-01 14:54:36,42.4563827514648,-8.94419956207275,"Female"
"9004153",371987,2025-06-01 14:59:34,42.4519691467285,-8.9424352645874,"Female"
"9004153",371987,2025-06-01 15:04:33,42.4499130249023,-8.94020080566406,"Female"
"9004153",371987,2025-06-01 15:09:36,42.4121932983398,-8.93095970153809,"Female"
"9004153",371987,2025-06-01 15:14:34,42.3970489501953,-8.92048835754395,"Female"
"9004153",371987,2025-06-01 15:19:34,42.3969535827637,-8.92049407958984,"Female"
"9004153",371987,2025-06-01 15:24:34,42.3970108032227,-8.92047882080078,"Female"
"9004153",371987,2025-06-01 15:29:34,42.3970336914062,-8.92039489746094,"Female"
"9004153",371987,2025-06-01 15:34:33,42.3970603942871,-8.92038249969482,"Female"
"9004153",371987,2025-06-01 15:39:36,42.3975257873535,-8.92112731933594,"Female"
"9004153",371987,2025-06-01 15:44:34,42.3973503112793,-8.92114067077637,"Female"
"9004153",371987,2025-06-01 15:49:35,42.3973350524902,-8.92104244232178,"Female"
"9004153",371987,2025-06-01 15:54:43,42.3973693847656,-8.92083930969238,"Female"
"9004153",371987,2025-06-01 15:59:33,42.3972358703613,-8.92079734802246,"Female"
"9004153",371987,2025-06-01 16:04:33,42.3975486755371,-8.92069721221924,"Female"
"9004153",371987,2025-06-01 16:09:33,42.3976783752441,-8.92062091827393,"Female"
"9004153",371987,2025-06-01 16:14:33,42.3977470397949,-8.92071914672852,"Female"
"9004153",371987,2025-06-01 16:19:33,42.3978538513184,-8.92064666748047,"Female"
"9004153",371987,2025-06-01 16:24:33,42.3978614807129,-8.92074871063232,"Female"
"9004153",371987,2025-06-01 16:29:33,42.3978958129883,-8.92071342468262,"Female"
"9004153",371987,2025-06-01 16:34:33,42.3979072570801,-8.92065238952637,"Female"
"9004153",371987,2025-06-01 16:39:33,42.3978385925293,-8.92060279846191,"Female"
"9004153",371987,2025-06-01 16:44:33,42.3978576660156,-8.92064571380615,"Female"
"9004153",371987,2025-06-01 16:49:33,42.3979301452637,-8.92083168029785,"Female"
"9004153",371987,2025-06-01 16:54:33,42.3979225158691,-8.92075252532959,"Female"
"9004153",371987,2025-06-01 16:59:33,42.3979454040527,-8.92088508605957,"Female"
"9004153",371987,2025-06-01 17:04:33,42.3979148864746,-8.92088222503662,"Female"
"9004153",371987,2025-06-01 17:09:33,42.3979530334473,-8.92097282409668,"Female"
"9004153",371987,2025-06-01 17:14:33,42.3980522155762,-8.92063808441162,"Female"
"9004153",371987,2025-06-01 17:19:33,42.3980369567871,-8.92057514190674,"Female"
"9004153",371987,2025-06-01 17:24:33,42.3979263305664,-8.92090797424316,"Female"
"9004153",371987,2025-06-01 17:29:33,42.3980407714844,-8.92098712921143,"Female"
"9004153",371987,2025-06-01 17:34:34,42.3980369567871,-8.92100048065186,"Female"
"9004153",371987,2025-06-01 17:39:33,42.3979110717773,-8.92083740234375,"Female"
"9004153",371987,2025-06-01 17:44:33,42.3977432250977,-8.92112064361572,"Female"
"9004153",371987,2025-06-01 17:49:33,42.3977317810059,-8.92078304290771,"Female"
"9004153",371987,2025-06-01 17:54:33,42.3977890014648,-8.92060565948486,"Female"
"9004153",371987,2025-06-01 17:59:33,42.3977737426758,-8.92061138153076,"Female"
"9004153",371987,2025-06-01 18:04:33,42.397762298584,-8.92057991027832,"Female"
"9004153",371987,2025-06-01 18:09:33,42.3978118896484,-8.92077350616455,"Female"
"9004153",371987,2025-06-01 18:14:33,42.3978538513184,-8.92071533203125,"Female"
"9004153",371987,2025-06-01 18:19:33,42.3979835510254,-8.92073535919189,"Female"
"9004153",371987,2025-06-01 18:24:33,42.3979682922363,-8.92084503173828,"Female"
"9004153",371987,2025-06-01 18:29:33,42.3979415893555,-8.92087554931641,"Female"
"9004153",371987,2025-06-01 18:34:33,42.3980140686035,-8.920973777771,"Female"
"9004153",371987,2025-06-01 18:39:33,42.3979949951172,-8.92095470428467,"Female"
"9004153",371987,2025-06-01 18:44:33,42.398021697998,-8.92097282409668,"Female"
"9004153",371987,2025-06-01 18:49:33,42.3979949951172,-8.92093849182129,"Female"
"9004153",371987,2025-06-01 18:54:33,42.3980102539062,-8.92095375061035,"Female"
"9004153",371987,2025-06-01 18:59:33,42.3980255126953,-8.92105388641357,"Female"
"9004153",371987,2025-06-01 19:04:33,42.398006439209,-8.92118072509766,"Female"
"9004153",371987,2025-06-01 19:09:33,42.398021697998,-8.921067237854,"Female"
"9004153",371987,2025-06-01 19:14:33,42.398021697998,-8.92112159729004,"Female"
"9004153",371987,2025-06-01 19:19:33,42.3979721069336,-8.92111110687256,"Female"
"9004153",371987,2025-06-01 19:24:33,42.3980407714844,-8.92116165161133,"Female"
"9004153",371987,2025-06-01 19:29:33,42.3979568481445,-8.92101573944092,"Female"
"9004153",371987,2025-06-01 19:34:33,42.3979454040527,-8.92101287841797,"Female"
"9004153",371987,2025-06-01 19:39:33,42.3979225158691,-8.92110061645508,"Female"
"9004153",371987,2025-06-01 19:44:33,42.3979568481445,-8.92094707489014,"Female"
"9004153",371987,2025-06-01 19:49:34,42.397575378418,-8.92052936553955,"Female"
"9004153",371987,2025-06-01 19:54:33,42.3979377746582,-8.92098236083984,"Female"
"9004153",371987,2025-06-01 19:59:33,42.3979377746582,-8.92096519470215,"Female"
"9004153",371987,2025-06-01 20:04:33,42.3977584838867,-8.92084312438965,"Female"
"9004153",371987,2025-06-01 20:09:33,42.3978004455566,-8.92091464996338,"Female"
"9004153",371987,2025-06-01 20:14:33,42.3977928161621,-8.92094326019287,"Female"
"9004153",371987,2025-06-01 20:19:34,42.3977851867676,-8.92080020904541,"Female"
"9004153",371987,2025-06-01 20:24:33,42.3978118896484,-8.92092037200928,"Female"
"9004153",371987,2025-06-01 20:29:33,42.3978118896484,-8.92097949981689,"Female"
"9004153",371987,2025-06-01 20:34:33,42.3978004455566,-8.92091655731201,"Female"
"9004153",371987,2025-06-01 20:39:33,42.3978462219238,-8.92091751098633,"Female"
"9004153",371987,2025-06-01 20:44:33,42.3977355957031,-8.92098236083984,"Female"
"9004153",371987,2025-06-01 20:49:33,42.3976745605469,-8.92103004455566,"Female"
"9004153",371987,2025-06-01 20:54:33,42.3978004455566,-8.92095279693604,"Female"
"9004153",371987,2025-06-01 20:59:33,42.3976974487305,-8.92103958129883,"Female"
"9004153",371987,2025-06-01 21:04:33,42.3976783752441,-8.92096424102783,"Female"
"9004153",371987,2025-06-01 21:09:33,42.3977165222168,-8.92096996307373,"Female"
"9004153",371987,2025-06-01 21:14:33,42.3977203369141,-8.9209156036377,"Female"
"9004153",371987,2025-06-01 21:19:34,42.3977928161621,-8.92088890075684,"Female"
"9004153",371987,2025-06-01 21:24:34,42.3977661132812,-8.92091751098633,"Female"
"9004153",371987,2025-06-01 21:29:33,42.3978080749512,-8.92096138000488,"Female"
"9004153",371987,2025-06-01 21:34:33,42.3978042602539,-8.92098617553711,"Female"
"9004153",371987,2025-06-01 21:39:33,42.3977928161621,-8.92105007171631,"Female"
"9004153",371987,2025-06-01 21:44:33,42.3978157043457,-8.92099189758301,"Female"
"9004153",371987,2025-06-01 21:49:33,42.3978309631348,-8.92103672027588,"Female"
"9004153",371987,2025-06-01 21:54:33,42.3978500366211,-8.92107486724854,"Female"
"9004153",371987,2025-06-01 21:59:33,42.3978462219238,-8.92103004455566,"Female"
"9004153",371987,2025-06-01 22:04:33,42.3978424072266,-8.92101192474365,"Female"
"9004153",371987,2025-06-01 22:09:33,42.3978500366211,-8.92098808288574,"Female"
"9004153",371987,2025-06-01 22:14:33,42.3979072570801,-8.9210033416748,"Female"
"9004153",371987,2025-06-01 22:19:33,42.3978881835938,-8.9210319519043,"Female"
"9004153",371987,2025-06-01 22:24:33,42.3979454040527,-8.92104339599609,"Female"
"9004153",371987,2025-06-01 22:29:33,42.3979568481445,-8.92107582092285,"Female"
"9004153",371987,2025-06-01 22:34:33,42.3979682922363,-8.92113971710205,"Female"
"9004153",371987,2025-06-01 22:39:33,42.3979530334473,-8.92111110687256,"Female"
"9004153",371987,2025-06-01 22:44:33,42.3979339599609,-8.92109966278076,"Female"
"9004153",371987,2025-06-01 22:49:33,42.3979263305664,-8.92111110687256,"Female"
"9004153",371987,2025-06-01 22:54:33,42.3979988098145,-8.92114543914795,"Female"
"9004153",371987,2025-06-01 22:59:34,42.3978614807129,-8.92115211486816,"Female"
"9004153",371987,2025-06-01 23:04:33,42.3979873657227,-8.92122459411621,"Female"
"9004153",371987,2025-06-01 23:09:34,42.3978500366211,-8.92119216918945,"Female"
"9004153",371987,2025-06-01 23:14:33,42.3978118896484,-8.92119216918945,"Female"
"9004153",371987,2025-06-01 23:19:34,42.397762298584,-8.92136573791504,"Female"
"9004153",371987,2025-06-01 23:24:34,42.3978157043457,-8.92127513885498,"Female"
"9004153",371987,2025-06-01 23:29:34,42.3978080749512,-8.92115497589111,"Female"
"9004153",371987,2025-06-01 23:34:34,42.397891998291,-8.92118740081787,"Female"
"9004153",371987,2025-06-01 23:39:34,42.3978233337402,-8.92113208770752,"Female"
"9004153",371987,2025-06-01 23:44:34,42.3978500366211,-8.92116641998291,"Female"
"9004153",371987,2025-06-01 23:49:33,42.3977890014648,-8.92121982574463,"Female"
"9004153",371987,2025-06-01 23:54:34,42.3979034423828,-8.92110824584961,"Female"
"9004153",371987,2025-06-01 23:59:33,42.3977470397949,-8.92116641998291,"Female"
"9004153",371987,2025-06-02 00:04:33,42.3978691101074,-8.92110633850098,"Female"
"9004153",371987,2025-06-02 00:09:33,42.397891998291,-8.92123794555664,"Female"
"9004153",371987,2025-06-02 00:14:33,42.3978576660156,-8.92114353179932,"Female"
"9004153",371987,2025-06-02 00:19:33,42.3978996276855,-8.92105865478516,"Female"
"9004153",371987,2025-06-02 00:24:33,42.3978729248047,-8.92121601104736,"Female"
"9004153",371987,2025-06-02 00:29:33,42.3978500366211,-8.92109966278076,"Female"
"9004153",371987,2025-06-02 00:34:33,42.3979225158691,-8.92120742797852,"Female"
"9004153",371987,2025-06-02 00:39:33,42.3979415893555,-8.92117977142334,"Female"
"9004153",371987,2025-06-02 00:44:33,42.3979034423828,-8.92119979858398,"Female"
"9004153",371987,2025-06-02 00:49:34,42.3978576660156,-8.92105197906494,"Female"
"9004153",371987,2025-06-02 00:54:34,42.3978614807129,-8.92103672027588,"Female"
"9004153",371987,2025-06-02 00:59:38,42.3978080749512,-8.92101001739502,"Female"
"9004153",371987,2025-06-02 01:04:34,42.3978462219238,-8.92097759246826,"Female"
"9004153",371987,2025-06-02 01:09:34,42.3977966308594,-8.92097663879395,"Female"
"9004153",371987,2025-06-02 01:14:34,42.3977851867676,-8.92098999023438,"Female"
"9004153",371987,2025-06-02 01:19:34,42.3978004455566,-8.92105484008789,"Female"
"9004153",371987,2025-06-02 01:24:34,42.3977584838867,-8.92092609405518,"Female"
"9004153",371987,2025-06-02 01:29:39,42.3978042602539,-8.92094898223877,"Female"
"9004153",371987,2025-06-02 01:34:39,42.397819519043,-8.92097473144531,"Female"
"9004153",371987,2025-06-02 01:39:39,42.3978462219238,-8.92101287841797,"Female"
"9004153",371987,2025-06-02 01:44:39,42.3978462219238,-8.92110252380371,"Female"
"9004153",371987,2025-06-02 01:49:39,42.3978576660156,-8.92101955413818,"Female"
"9004153",371987,2025-06-02 01:54:39,42.3978691101074,-8.92102813720703,"Female"
"9004153",371987,2025-06-02 01:59:39,42.3978462219238,-8.92097759246826,"Female"
"9004153",371987,2025-06-02 02:04:34,42.3979072570801,-8.92098426818848,"Female"
"9004153",371987,2025-06-02 02:09:39,42.3978576660156,-8.92095184326172,"Female"
"9004153",371987,2025-06-02 02:14:34,42.3978538513184,-8.92094707489014,"Female"
"9004153",371987,2025-06-02 02:19:34,42.3979110717773,-8.9210090637207,"Female"
"9004153",371987,2025-06-02 02:24:34,42.3978233337402,-8.9209680557251,"Female"
"9004153",371987,2025-06-02 02:29:33,42.397705078125,-8.92087459564209,"Female"
"9004153",371987,2025-06-02 02:34:33,42.3975105285645,-8.92062950134277,"Female"
"9004153",371987,2025-06-02 02:39:33,42.3974761962891,-8.92067337036133,"Female"
"9004153",371987,2025-06-02 02:44:33,42.3973770141602,-8.92066383361816,"Female"
"9004153",371987,2025-06-02 02:49:36,42.3977699279785,-8.92062282562256,"Female"
"9004153",371987,2025-06-02 02:54:35,42.3973388671875,-8.92066860198975,"Female"
"9004153",371987,2025-06-02 02:59:41,42.3974151611328,-8.92066383361816,"Female"
"9004153",371987,2025-06-02 03:04:33,42.3974723815918,-8.92065048217773,"Female"
"9004153",371987,2025-06-02 03:09:32,42.3970718383789,-8.92039489746094,"Female"
"9004153",371987,2025-06-02 03:14:38,42.3977279663086,-8.91985130310059,"Female"
"9004153",371987,2025-06-02 03:19:38,42.3977966308594,-8.91987419128418,"Female"
"9004153",371987,2025-06-02 03:24:38,42.3977813720703,-8.91999530792236,"Female"
"9004153",371987,2025-06-02 03:29:35,42.3978424072266,-8.92005729675293,"Female"
"9004153",371987,2025-06-02 03:34:32,42.3979301452637,-8.91992950439453,"Female"
"9004153",371987,2025-06-02 03:39:38,42.3979949951172,-8.91982364654541,"Female"
"9004153",371987,2025-06-02 03:44:38,42.3982353210449,-8.91967964172363,"Female"
"9004153",371987,2025-06-02 03:49:40,42.3980369567871,-8.91981983184814,"Female"
"9004153",371987,2025-06-02 03:54:32,42.3980407714844,-8.91974449157715,"Female"
"9004153",371987,2025-06-02 03:59:32,42.3980941772461,-8.9198637008667,"Female"
"9004153",371987,2025-06-02 04:04:36,42.3980407714844,-8.91973400115967,"Female"
"9004153",371987,2025-06-02 04:09:36,42.398193359375,-8.91977882385254,"Female"
"9004153",371987,2025-06-02 04:14:36,42.3982429504395,-8.91956520080566,"Female"
"9004153",371987,2025-06-02 04:19:37,42.3982238769531,-8.91934967041016,"Female"
"9004153",371987,2025-06-02 04:24:38,42.398120880127,-8.91937160491943,"Female"
"9004153",371987,2025-06-02 04:29:37,42.3984718322754,-8.9192419052124,"Female"
"9004153",371987,2025-06-02 04:34:39,42.3981513977051,-8.91918754577637,"Female"
"9004153",371987,2025-06-02 04:39:45,42.3979072570801,-8.92069339752197,"Female"
"9004153",371987,2025-06-02 04:44:39,42.3962745666504,-8.92128944396973,"Female"
"9004153",371987,2025-06-02 04:49:44,42.3976173400879,-8.92098712921143,"Female"
"9004153",371987,2025-06-02 04:54:38,42.3976287841797,-8.9210901260376,"Female"
"9004153",371987,2025-06-02 04:59:38,42.3976211547852,-8.92100238800049,"Female"
"9004153",371987,2025-06-02 05:04:38,42.3976249694824,-8.92122936248779,"Female"
"9004153",371987,2025-06-02 05:09:38,42.3975639343262,-8.92115020751953,"Female"
"9004153",371987,2025-06-02 05:14:38,42.3974990844727,-8.92143058776855,"Female"
"9004153",371987,2025-06-02 05:19:38,42.3974914550781,-8.92161273956299,"Female"
"9004153",371987,2025-06-02 05:24:37,42.3974189758301,-8.9209508895874,"Female"
"9004153",371987,2025-06-02 05:29:39,42.3973655700684,-8.92132186889648,"Female"
"9004153",371987,2025-06-02 05:34:38,42.3975257873535,-8.92230892181396,"Female"
"9004153",371987,2025-06-02 05:39:41,42.3976364135742,-8.9208927154541,"Female"
"9004153",371987,2025-06-02 05:44:38,42.397575378418,-8.92060661315918,"Female"
"9004153",371987,2025-06-02 05:49:38,42.3976249694824,-8.92044544219971,"Female"
"9004153",371987,2025-06-02 05:54:38,42.3976173400879,-8.92061042785645,"Female"
"9004153",371987,2025-06-02 05:59:38,42.3975639343262,-8.92061901092529,"Female"
"9004153",371987,2025-06-02 06:04:42,42.4045028686523,-8.9205322265625,"Female"
"9004153",371987,2025-06-02 06:09:32,42.421085357666,-8.92195987701416,"Female"
"9004153",371987,2025-06-02 06:14:32,42.4448318481445,-8.93039512634277,"Female"
"9004153",371987,2025-06-02 06:19:33,42.4731254577637,-8.94119834899902,"Female"
"9004153",371987,2025-06-02 06:24:36,42.4949531555176,-8.92889785766602,"Female"
"9004153",371987,2025-06-02 06:29:33,42.5172576904297,-8.91165828704834,"Female"
"9004153",371987,2025-06-02 06:34:41,42.5421333312988,-8.89414978027344,"Female"
"9004153",371987,2025-06-02 06:40:07,42.5441055297852,-8.88996410369873,"Female"
"9004153",371987,2025-06-02 06:45:05,42.5512199401855,-8.8899974822998,"Female"
"9004153",371987,2025-06-02 06:50:58,42.5652732849121,-8.88990497589111,"Female"
"9004153",371987,2025-06-02 06:56:31,42.5657501220703,-8.89064693450928,"Female"
"9004153",371987,2025-06-02 07:02:02,42.5665321350098,-8.89084911346436,"Female"
"9004153",371987,2025-06-02 07:07:49,42.5666580200195,-8.89174652099609,"Female"
"9004153",371987,2025-06-02 07:12:43,42.5709495544434,-8.89168834686279,"Female"
"9004153",371987,2025-06-02 07:18:02,42.5730476379395,-8.89021873474121,"Female"
"9004153",371987,2025-06-02 07:22:45,42.5729293823242,-8.89026927947998,"Female"
"9004153",371987,2025-06-02 07:28:00,42.5729789733887,-8.8902473449707,"Female"
"9004153",371987,2025-06-02 07:33:04,42.5728492736816,-8.89035034179688,"Female"
"9004153",371987,2025-06-02 07:37:39,42.5729942321777,-8.89065456390381,"Female"
"9004153",371987,2025-06-02 07:42:39,42.5729026794434,-8.89044761657715,"Female"
"9004153",371987,2025-06-02 07:47:39,42.5729331970215,-8.89056301116943,"Female"
"9004153",371987,2025-06-02 07:52:40,42.5731430053711,-8.89085960388184,"Female"
"9004153",371987,2025-06-02 07:57:40,42.5729103088379,-8.89031410217285,"Female"
"9004153",371987,2025-06-02 08:02:39,42.5731010437012,-8.89060497283936,"Female"
"9004153",371987,2025-06-02 08:07:41,42.570728302002,-8.88810062408447,"Female"
"9004153",371987,2025-06-02 08:13:11,42.5689544677734,-8.88707256317139,"Female"
"9004153",371987,2025-06-02 08:18:29,42.5687408447266,-8.88822650909424,"Female"
"9004153",371987,2025-06-02 08:23:59,42.5692558288574,-8.88682270050049,"Female"
"9004153",371987,2025-06-02 08:28:52,42.5719108581543,-8.88785076141357,"Female"
"9004153",371987,2025-06-02 08:33:54,42.5728912353516,-8.88825511932373,"Female"
"9004153",371987,2025-06-02 08:38:54,42.5723037719727,-8.88956069946289,"Female"
"9004153",371987,2025-06-02 08:43:52,42.5719985961914,-8.88897228240967,"Female"
"9004153",371987,2025-06-02 08:48:53,42.5717277526855,-8.88876247406006,"Female"
"9004153",371987,2025-06-02 08:53:53,42.5719146728516,-8.88891410827637,"Female"
"9004153",371987,2025-06-02 08:58:53,42.5719413757324,-8.88898277282715,"Female"
"9004153",371987,2025-06-02 09:03:53,42.5719146728516,-8.88909816741943,"Female"
"9004153",371987,2025-06-02 09:08:53,42.5719146728516,-8.88916492462158,"Female"
"9004153",371987,2025-06-02 09:13:53,42.571949005127,-8.88921451568604,"Female"
"9004153",371987,2025-06-02 09:18:53,42.5718231201172,-8.88911628723145,"Female"
"9004153",371987,2025-06-02 09:23:53,42.5718650817871,-8.88921737670898,"Female"
"9004153",371987,2025-06-02 09:28:55,42.5718994140625,-8.88912487030029,"Female"
"9004153",371987,2025-06-02 09:33:55,42.5718803405762,-8.88917636871338,"Female"
"9004153",371987,2025-06-02 09:38:52,42.572093963623,-8.88944530487061,"Female"
"9004153",371987,2025-06-02 09:43:53,42.5718383789062,-8.88897800445557,"Female"
"9004153",371987,2025-06-02 09:48:55,42.5718955993652,-8.88909816741943,"Female"
"9004153",371987,2025-06-02 09:53:52,42.5692138671875,-8.8861722946167,"Female"
"9004153",371987,2025-06-02 09:59:03,42.5696105957031,-8.88527393341064,"Female"
"9004153",371987,2025-06-02 10:03:57,42.5686645507812,-8.88563823699951,"Female"
"9004153",371987,2025-06-02 10:09:25,42.5685729980469,-8.88789176940918,"Female"
"9004153",371987,2025-06-02 10:14:21,42.5688743591309,-8.88939380645752,"Female"
"9004153",371987,2025-06-02 10:19:19,42.5709800720215,-8.88976669311523,"Female"
"9004153",371987,2025-06-02 10:24:18,42.5708427429199,-8.88971614837646,"Female"
"9004153",371987,2025-06-02 10:29:25,42.5709571838379,-8.88974285125732,"Female"
"9004153",371987,2025-06-02 10:34:21,42.570930480957,-8.88981533050537,"Female"
"9004153",371987,2025-06-02 10:39:19,42.5708274841309,-8.88982391357422,"Female"
"9004153",371987,2025-06-02 10:44:34,42.5709838867188,-8.88991546630859,"Female"
"9004153",371987,2025-06-02 10:49:15,42.570987701416,-8.88993453979492,"Female"
"9004153",371987,2025-06-02 10:54:15,42.5709609985352,-8.88983249664307,"Female"
"9004153",371987,2025-06-02 10:59:15,42.570915222168,-8.88978958129883,"Female"
"9004153",371987,2025-06-02 11:04:15,42.5709190368652,-8.88986015319824,"Female"
"9004153",371987,2025-06-02 11:09:15,42.5710601806641,-8.88990688323975,"Female"
"9004153",371987,2025-06-02 11:14:15,42.5709381103516,-8.88980674743652,"Female"
"9004153",371987,2025-06-02 11:19:15,42.5710258483887,-8.88983821868896,"Female"
"9004153",371987,2025-06-02 11:24:15,42.5709686279297,-8.88987636566162,"Female"
"9004153",371987,2025-06-02 11:29:15,42.5709114074707,-8.8897876739502,"Female"
"9004153",371987,2025-06-02 11:34:16,42.5706825256348,-8.89295196533203,"Female"
"9004153",371987,2025-06-02 11:40:16,42.5696792602539,-8.89494323730469,"Female"
"9004153",371987,2025-06-02 11:45:14,42.566478729248,-8.8918285369873,"Female"
"9004153",371987,2025-06-02 11:49:55,42.565746307373,-8.89195251464844,"Female"
"9004153",371987,2025-06-02 11:55:34,42.5651893615723,-8.89208126068115,"Female"
"9004153",371987,2025-06-02 12:01:00,42.5642700195312,-8.89194774627686,"Female"
"9004153",371987,2025-06-02 12:05:58,42.5644874572754,-8.8916015625,"Female"
"9004153",371987,2025-06-02 12:11:35,42.5656280517578,-8.89177989959717,"Female"
"9004153",371987,2025-06-02 12:16:32,42.566089630127,-8.89284610748291,"Female"
"9004153",371987,2025-06-02 12:21:34,42.5649032592773,-8.89383602142334,"Female"
"9004153",371987,2025-06-02 12:26:36,42.5645141601562,-8.89346694946289,"Female"
"9004153",371987,2025-06-02 12:31:39,42.5644912719727,-8.8934211730957,"Female"
"9004153",371987,2025-06-02 12:36:39,42.5644836425781,-8.89341449737549,"Female"
"9004153",371987,2025-06-02 12:41:39,42.5644454956055,-8.89348030090332,"Female"
"9004153",371987,2025-06-02 12:46:39,42.5645446777344,-8.89333438873291,"Female"
"9004153",371987,2025-06-02 12:51:39,42.5645599365234,-8.89335823059082,"Female"
"9004153",371987,2025-06-02 12:56:39,42.5645141601562,-8.89337730407715,"Female"
"9004153",371987,2025-06-02 13:01:39,42.5657730102539,-8.89180850982666,"Female"
"9004153",371987,2025-06-02 13:06:46,42.5669250488281,-8.89236736297607,"Female"
"9004153",371987,2025-06-02 13:11:49,42.5667457580566,-8.89247894287109,"Female"
"9004153",371987,2025-06-02 13:17:09,42.5661697387695,-8.89204788208008,"Female"
"9004153",371987,2025-06-02 13:22:11,42.5656852722168,-8.89118480682373,"Female"
"9004153",371987,2025-06-02 13:27:07,42.5656127929688,-8.89094924926758,"Female"
"9004153",371987,2025-06-02 13:32:29,42.5652694702148,-8.89122676849365,"Female"
"9004153",371987,2025-06-02 13:37:58,42.5639038085938,-8.89177417755127,"Female"
"9004153",371987,2025-06-02 13:42:58,42.5624580383301,-8.89239692687988,"Female"
"9004153",371987,2025-06-02 13:48:04,42.563549041748,-8.89464569091797,"Female"
"9004153",371987,2025-06-02 13:53:08,42.5630111694336,-8.89616107940674,"Female"
"9004153",371987,2025-06-02 13:58:00,42.5607872009277,-8.89532947540283,"Female"
"9004153",371987,2025-06-02 14:03:05,42.5610885620117,-8.89572620391846,"Female"
"9004153",371987,2025-06-02 14:08:01,42.5613136291504,-8.895751953125,"Female"
"9004153",371987,2025-06-02 14:13:08,42.5607948303223,-8.89522266387939,"Female"
"9004153",371987,2025-06-02 14:18:01,42.5611724853516,-8.89537811279297,"Female"
"9004153",371987,2025-06-02 14:23:07,42.5612373352051,-8.89574337005615,"Female"
"9004153",371987,2025-06-02 14:28:07,42.5610885620117,-8.89561080932617,"Female"
"9004153",371987,2025-06-02 14:33:08,42.5611038208008,-8.89561748504639,"Female"
"9004153",371987,2025-06-02 14:38:08,42.5609741210938,-8.89548015594482,"Female"
"9004153",371987,2025-06-02 14:43:11,42.5608062744141,-8.89516353607178,"Female"
"9004153",371987,2025-06-02 14:47:59,42.5607566833496,-8.89403915405273,"Female"
"9004153",371987,2025-06-02 14:53:00,42.5606575012207,-8.89516735076904,"Female"
"9004153",371987,2025-06-02 14:58:00,42.5608978271484,-8.89537906646729,"Female"
"9004153",371987,2025-06-02 15:02:59,42.5607147216797,-8.89485645294189,"Female"
"9004153",371987,2025-06-02 15:07:59,42.5418434143066,-8.90552425384521,"Female"
"9004153",371987,2025-06-02 15:12:59,42.5279388427734,-8.90855598449707,"Female"
"9004153",371987,2025-06-02 15:18:16,42.5266494750977,-8.9090576171875,"Female"
"9004153",371987,2025-06-02 15:23:14,42.5228576660156,-8.90828037261963,"Female"
"9004153",371987,2025-06-02 15:28:14,42.4775886535645,-8.94001293182373,"Female"
"9004153",371987,2025-06-02 15:33:32,42.4525146484375,-8.9429874420166,"Female"
"9004153",371987,2025-06-02 15:38:27,42.4513092041016,-8.94349193572998,"Female"
"9004153",371987,2025-06-02 15:43:36,42.4100303649902,-8.93292331695557,"Female"
"9004153",371987,2025-06-02 15:48:39,42.4023513793945,-8.92285633087158,"Female"
"9004153",371987,2025-06-02 15:53:44,42.3979606628418,-8.92067718505859,"Female"
"9004153",371987,2025-06-02 15:58:12,42.3974761962891,-8.91994953155518,"Female"
"9004153",371987,2025-06-02 16:03:13,42.3974685668945,-8.92008304595947,"Female"
"9004153",371987,2025-06-02 16:08:13,42.3975067138672,-8.91915130615234,"Female"
"9004153",371987,2025-06-02 16:13:12,42.3974838256836,-8.92032909393311,"Female"
"9004153",371987,2025-06-02 16:18:13,42.3974876403809,-8.92025852203369,"Female"
"9004153",371987,2025-06-02 16:23:15,42.3976287841797,-8.92042541503906,"Female"
"9004153",371987,2025-06-02 16:28:14,42.3975791931152,-8.92007637023926,"Female"
"9004153",371987,2025-06-02 16:33:15,42.3976364135742,-8.92077350616455,"Female"
"9004153",371987,2025-06-02 16:38:15,42.3976135253906,-8.92105674743652,"Female"
"9004153",371987,2025-06-02 16:43:13,42.3973503112793,-8.91976070404053,"Female"
"9004153",371987,2025-06-02 16:48:35,42.3976745605469,-8.92090225219727,"Female"
"9004153",371987,2025-06-02 16:53:12,42.3976287841797,-8.92083930969238,"Female"
"9004153",371987,2025-06-02 16:58:12,42.3976135253906,-8.92080211639404,"Female"
"9004153",371987,2025-06-02 17:03:11,42.3976173400879,-8.92076301574707,"Female"
"9004153",371987,2025-06-02 17:08:12,42.3976058959961,-8.92078399658203,"Female"
"9004153",371987,2025-06-02 17:13:12,42.3976364135742,-8.92079067230225,"Female"
"9004153",371987,2025-06-02 17:18:12,42.3976516723633,-8.92086410522461,"Female"
"9004153",371987,2025-06-02 17:23:11,42.3976058959961,-8.92073822021484,"Female"
"9004153",371987,2025-06-02 17:28:12,42.3976135253906,-8.9207649230957,"Female"
"9004153",371987,2025-06-02 17:33:12,42.397647857666,-8.92077350616455,"Female"
"9004153",371987,2025-06-02 17:38:11,42.3976287841797,-8.92081165313721,"Female"
"9004153",371987,2025-06-02 17:43:13,42.3975868225098,-8.92080593109131,"Female"
"9004153",371987,2025-06-02 17:48:22,42.397533416748,-8.92067050933838,"Female"
"9004153",371987,2025-06-02 17:53:12,42.3975677490234,-8.92069053649902,"Female"
"9004153",371987,2025-06-02 17:58:14,42.3977317810059,-8.92104339599609,"Female"
"9004153",371987,2025-06-02 18:03:24,42.3975296020508,-8.92069435119629,"Female"
"9004153",371987,2025-06-02 18:08:12,42.3976097106934,-8.92085933685303,"Female"
"9004153",371987,2025-06-02 18:13:15,42.3977203369141,-8.92110157012939,"Female"
"9004153",371987,2025-06-02 18:18:16,42.3977088928223,-8.92107486724854,"Female"
"9004153",371987,2025-06-02 18:23:13,42.3976936340332,-8.92096996307373,"Female"
"9004153",371987,2025-06-02 18:28:15,42.3976020812988,-8.92081451416016,"Female"
"9004153",371987,2025-06-02 18:33:14,42.3976821899414,-8.92101287841797,"Female"
"9004153",371987,2025-06-02 18:38:15,42.3975677490234,-8.92085075378418,"Female"
"9004153",371987,2025-06-02 18:43:14,42.3975410461426,-8.92072200775146,"Female"
"9004153",371987,2025-06-02 18:48:13,42.3976249694824,-8.92084980010986,"Female"
"9004153",371987,2025-06-02 18:53:23,42.3973503112793,-8.92031192779541,"Female"
"9004153",371987,2025-06-02 18:58:16,42.397705078125,-8.92103099822998,"Female"
"9004153",371987,2025-06-02 19:03:35,42.3974914550781,-8.92067813873291,"Female"
"9004153",371987,2025-06-02 19:08:12,42.3974189758301,-8.92062664031982,"Female"
"9004153",371987,2025-06-02 19:13:12,42.3974952697754,-8.92063522338867,"Female"
"9004153",371987,2025-06-02 19:18:13,42.3972702026367,-8.92063999176025,"Female"
"9004153",371987,2025-06-02 19:23:14,42.3973655700684,-8.92062282562256,"Female"
"9004153",371987,2025-06-02 19:28:16,42.3975067138672,-8.92085647583008,"Female"
"9004153",371987,2025-06-02 19:33:13,42.3972244262695,-8.92041397094727,"Female"
"9004153",371987,2025-06-02 19:38:15,42.3974876403809,-8.92099285125732,"Female"
"9004153",371987,2025-06-02 19:43:14,42.3975410461426,-8.92077350616455,"Female"
"9004153",371987,2025-06-02 19:48:14,42.3976135253906,-8.9207935333252,"Female"
"9004153",371987,2025-06-02 19:53:14,42.3976364135742,-8.92093467712402,"Female"
"9004153",371987,2025-06-02 19:58:14,42.3976287841797,-8.92083644866943,"Female"
"9004153",371987,2025-06-02 20:03:15,42.3976211547852,-8.92085647583008,"Female"
"9004153",371987,2025-06-02 20:08:17,42.3983917236328,-8.92190647125244,"Female"
"9004153",371987,2025-06-02 20:13:35,42.3975982666016,-8.92078685760498,"Female"
"9004153",371987,2025-06-02 20:18:12,42.3976058959961,-8.92083358764648,"Female"
"9004153",371987,2025-06-02 20:23:12,42.3975257873535,-8.92081546783447,"Female"
"9004153",371987,2025-06-02 20:28:12,42.3975563049316,-8.92081356048584,"Female"
"9004153",371987,2025-06-02 20:33:12,42.397632598877,-8.92079925537109,"Female"
"9004153",371987,2025-06-02 20:38:14,42.3976058959961,-8.92087268829346,"Female"
"9004153",371987,2025-06-02 20:43:14,42.3977088928223,-8.92100524902344,"Female"
"9004153",371987,2025-06-02 20:48:16,42.3976440429688,-8.92100238800049,"Female"
"9004153",371987,2025-06-02 20:53:16,42.3975601196289,-8.9207878112793,"Female"
"9004153",371987,2025-06-02 20:58:17,42.3975524902344,-8.92078971862793,"Female"
"9004153",371987,2025-06-02 21:03:17,42.3975830078125,-8.92087364196777,"Female"
"9004153",371987,2025-06-02 21:08:17,42.3977508544922,-8.92119884490967,"Female"
"9004153",371987,2025-06-02 21:13:18,42.3978462219238,-8.92147827148438,"Female"
"9004153",371987,2025-06-02 21:18:17,42.3976631164551,-8.92110157012939,"Female"
"9004153",371987,2025-06-02 21:23:19,42.3975715637207,-8.92077159881592,"Female"
"9004153",371987,2025-06-02 21:28:22,42.397575378418,-8.9209566116333,"Female"
"9004153",371987,2025-06-02 21:33:23,42.3975677490234,-8.92073249816895,"Female"
"9004153",371987,2025-06-02 21:38:23,42.3975982666016,-8.92104625701904,"Female"
"9004153",371987,2025-06-02 21:43:25,42.3975448608398,-8.92075634002686,"Female"
"9004153",371987,2025-06-02 21:48:27,42.3975372314453,-8.9207239151001,"Female"
"9004153",371987,2025-06-02 21:53:34,42.3975639343262,-8.92076778411865,"Female"
"9004153",371987,2025-06-02 21:58:13,42.3975524902344,-8.92076110839844,"Female"
"9004153",371987,2025-06-02 22:03:13,42.3976173400879,-8.92074584960938,"Female"
"9004153",371987,2025-06-02 22:08:14,42.3974952697754,-8.9207124710083,"Female"
"9004153",371987,2025-06-02 22:13:14,42.3975410461426,-8.9208288192749,"Female"
"9004153",371987,2025-06-02 22:18:14,42.397575378418,-8.92082595825195,"Female"
"9004153",371987,2025-06-02 22:23:13,42.3975639343262,-8.92076587677002,"Female"
"9004153",371987,2025-06-02 22:28:15,42.3975448608398,-8.92074394226074,"Female"
"9004153",371987,2025-06-02 22:33:13,42.3975791931152,-8.92076110839844,"Female"
"9004153",371987,2025-06-02 22:38:13,42.3975524902344,-8.92074489593506,"Female"
"9004153",371987,2025-06-02 22:43:13,42.3975982666016,-8.92086696624756,"Female"
"9004153",371987,2025-06-02 22:48:14,42.3974914550781,-8.9206657409668,"Female"
"9004153",371987,2025-06-02 22:53:15,42.3976058959961,-8.9209098815918,"Female"
"9004153",371987,2025-06-02 22:58:14,42.3974990844727,-8.92067337036133,"Female"
"9004153",371987,2025-06-02 23:03:13,42.3973388671875,-8.92052268981934,"Female"
"9004153",371987,2025-06-02 23:08:14,42.3976364135742,-8.92082023620605,"Female"
"9004153",371987,2025-06-02 23:13:14,42.3975410461426,-8.92071151733398,"Female"
"9004153",371987,2025-06-02 23:18:14,42.3975028991699,-8.92067241668701,"Female"
"9004153",371987,2025-06-02 23:23:14,42.3975028991699,-8.92075443267822,"Female"
"9004153",371987,2025-06-02 23:28:14,42.3975868225098,-8.92077445983887,"Female"
"9004153",371987,2025-06-02 23:33:17,42.3975219726562,-8.92069721221924,"Female"
"9004153",371987,2025-06-02 23:38:22,42.3974952697754,-8.92065811157227,"Female"
"9004153",371987,2025-06-02 23:43:14,42.3976020812988,-8.92070865631104,"Female"
"9004153",371987,2025-06-02 23:48:14,42.3975563049316,-8.92074394226074,"Female"
"9004153",371987,2025-06-02 23:53:14,42.3975524902344,-8.92072582244873,"Female"
"9004153",371987,2025-06-02 23:58:14,42.3975944519043,-8.92079257965088,"Female"
"9004153",371987,2025-06-03 00:03:14,42.3975944519043,-8.92077827453613,"Female"
"9004153",371987,2025-06-03 00:08:14,42.3975830078125,-8.92089557647705,"Female"
"9004153",371987,2025-06-03 00:13:18,42.3975563049316,-8.92084121704102,"Female"
"9004153",371987,2025-06-03 00:18:17,42.3973693847656,-8.92138671875,"Female"
"9004153",371987,2025-06-03 00:23:25,42.3974800109863,-8.92105484008789,"Female"
"9004153",371987,2025-06-03 00:28:32,42.3975639343262,-8.92078304290771,"Female"
"9004153",371987,2025-06-03 00:33:13,42.3975982666016,-8.92079257965088,"Female"
"9004153",371987,2025-06-03 00:38:14,42.3975982666016,-8.92079925537109,"Female"
"9004153",371987,2025-06-03 00:43:14,42.397590637207,-8.92078399658203,"Female"
"9004153",371987,2025-06-03 00:48:14,42.3975677490234,-8.92080402374268,"Female"
"9004153",371987,2025-06-03 00:53:14,42.3976058959961,-8.92083930969238,"Female"
"9004153",371987,2025-06-03 00:58:13,42.3976516723633,-8.92078304290771,"Female"
"9004153",371987,2025-06-03 01:03:15,42.3976135253906,-8.92089748382568,"Female"
"9004153",371987,2025-06-03 01:08:18,42.3976402282715,-8.92112255096436,"Female"
"9004153",371987,2025-06-03 01:13:18,42.3976516723633,-8.92105197906494,"Female"
"9004153",371987,2025-06-03 01:18:18,42.3976058959961,-8.9208402633667,"Female"
"9004153",371987,2025-06-03 01:23:35,42.3976669311523,-8.92088794708252,"Female"
"9004153",371987,2025-06-03 01:28:17,42.3976516723633,-8.92093753814697,"Female"
"9004153",371987,2025-06-03 01:33:25,42.3976860046387,-8.92094612121582,"Female"
"9004153",371987,2025-06-03 01:38:18,42.3976745605469,-8.92083549499512,"Female"
"9004153",371987,2025-06-03 01:43:25,42.3976821899414,-8.92086791992188,"Female"
"9004153",371987,2025-06-03 01:48:19,42.3979225158691,-8.92138957977295,"Female"
"9004153",371987,2025-06-03 01:53:35,42.3977355957031,-8.92081928253174,"Female"
"9004153",371987,2025-06-03 01:58:35,42.3976783752441,-8.92072582244873,"Female"
"9004153",371987,2025-06-03 02:03:17,42.3977279663086,-8.92071723937988,"Female"
"9004153",371987,2025-06-03 02:08:14,42.3978042602539,-8.92027187347412,"Female"
"9004153",371987,2025-06-03 02:13:16,42.3977394104004,-8.92043781280518,"Female"
"9004153",371987,2025-06-03 02:18:16,42.3977546691895,-8.92026901245117,"Female"
"9004153",371987,2025-06-03 02:23:19,42.3978271484375,-8.9203405380249,"Female"
"9004153",371987,2025-06-03 02:28:25,42.3976287841797,-8.92082786560059,"Female"
"9004153",371987,2025-06-03 02:33:16,42.3975791931152,-8.92084407806396,"Female"
"9004153",371987,2025-06-03 02:38:24,42.3976211547852,-8.92083168029785,"Female"
"9004153",371987,2025-06-03 02:43:59,42.3976020812988,-8.9207706451416,"Female"
"9004153",371987,2025-06-03 02:48:13,42.397632598877,-8.92071533203125,"Female"
"9004153",371987,2025-06-03 02:53:14,42.397876739502,-8.92058563232422,"Female"
"9004153",371987,2025-06-03 02:58:18,42.3978996276855,-8.92085456848145,"Female"
"9004153",371987,2025-06-03 03:03:13,42.3979949951172,-8.92067718505859,"Female"
"9004153",371987,2025-06-03 03:08:14,42.3980560302734,-8.92061042785645,"Female"
"9004153",371987,2025-06-03 03:13:13,42.3979263305664,-8.92083549499512,"Female"
"9004153",371987,2025-06-03 03:18:13,42.3978462219238,-8.9207763671875,"Female"
"9004153",371987,2025-06-03 03:23:14,42.397876739502,-8.92087078094482,"Female"
"9004153",371987,2025-06-03 03:28:14,42.3978729248047,-8.92082691192627,"Female"
"9004153",371987,2025-06-03 03:33:14,42.3978652954102,-8.92083835601807,"Female"
"9004153",371987,2025-06-03 03:38:14,42.397891998291,-8.92090892791748,"Female"
"9004153",371987,2025-06-03 03:43:13,42.3978958129883,-8.92090892791748,"Female"
"9004153",371987,2025-06-03 03:48:14,42.3979911804199,-8.92094039916992,"Female"
"9004153",371987,2025-06-03 03:53:15,42.3977966308594,-8.9209451675415,"Female"
"9004153",371987,2025-06-03 03:58:16,42.3980560302734,-8.92108917236328,"Female"
"9004153",371987,2025-06-03 04:03:17,42.3977584838867,-8.92091941833496,"Female"
"9004153",371987,2025-06-03 04:08:19,42.397762298584,-8.9208927154541,"Female"
"9004153",371987,2025-06-03 04:13:23,42.3976402282715,-8.92078971862793,"Female"
"9004153",371987,2025-06-03 04:18:42,42.3975563049316,-8.92080116271973,"Female"
"9004153",371987,2025-06-03 04:23:13,42.3975257873535,-8.92076206207275,"Female"
"9004153",371987,2025-06-03 04:28:15,42.3975868225098,-8.92085933685303,"Female"
"9004153",371987,2025-06-03 04:33:13,42.3974914550781,-8.9206428527832,"Female"
"9004153",371987,2025-06-03 04:38:23,42.3976058959961,-8.92077541351318,"Female"
"9004153",371987,2025-06-03 04:43:15,42.3975563049316,-8.92078018188477,"Female"
"9004153",371987,2025-06-03 04:48:35,42.3976287841797,-8.92080974578857,"Female"
"9004153",371987,2025-06-03 04:53:13,42.3976020812988,-8.92084121704102,"Female"
"9004153",371987,2025-06-03 04:58:13,42.3976402282715,-8.92081069946289,"Female"
"9004153",371987,2025-06-03 05:03:14,42.3976593017578,-8.92087364196777,"Female"
"9004153",371987,2025-06-03 05:08:14,42.3976058959961,-8.92087841033936,"Female"
"9004153",371987,2025-06-03 05:13:14,42.4225425720215,-8.92013549804688,"Female"
"9004153",371987,2025-06-03 05:18:14,42.4326171875,-8.92040824890137,"Female"
"9004153",371987,2025-06-03 05:23:14,42.4569892883301,-8.9378547668457,"Female"
"9004153",371987,2025-06-03 05:28:14,42.4784545898438,-8.93270874023438,"Female"
"9004153",371987,2025-06-03 05:33:13,42.482738494873,-8.92898178100586,"Female"
"9004153",371987,2025-06-03 05:38:14,42.5107154846191,-8.90881538391113,"Female"
"9004153",371987,2025-06-03 05:43:14,42.5375709533691,-8.8883228302002,"Female"
"9004153",371987,2025-06-03 05:48:48,42.5411567687988,-8.88503074645996,"Female"
"9004153",371987,2025-06-03 05:53:48,42.5423545837402,-8.88441276550293,"Female"
"9004153",371987,2025-06-03 05:58:48,42.5445709228516,-8.8838996887207,"Female"
"9004153",371987,2025-06-03 06:03:48,42.544548034668,-8.88473033905029,"Female"
"9004153",371987,2025-06-03 06:09:07,42.5451126098633,-8.88432598114014,"Female"
"9004153",371987,2025-06-03 06:14:05,42.5501098632812,-8.88412952423096,"Female"
"9004153",371987,2025-06-03 06:19:06,42.5502738952637,-8.88419055938721,"Female"
"9004153",371987,2025-06-03 06:24:06,42.5501022338867,-8.88420963287354,"Female"
"9004153",371987,2025-06-03 06:29:06,42.550235748291,-8.88422107696533,"Female"
"9004153",371987,2025-06-03 06:34:06,42.5667190551758,-8.89174175262451,"Female"
"9004153",371987,2025-06-03 06:39:16,42.566032409668,-8.89097595214844,"Female"
"9004153",371987,2025-06-03 06:44:16,42.5649833679199,-8.89076137542725,"Female"
"9004153",371987,2025-06-03 06:49:40,42.5652084350586,-8.8913631439209,"Female"
"9004153",371987,2025-06-03 06:55:14,42.5663261413574,-8.89180374145508,"Female"
"9004153",371987,2025-06-03 07:00:01,42.5698776245117,-8.89178848266602,"Female"
"9004153",371987,2025-06-03 07:05:03,42.5749740600586,-8.88998889923096,"Female"
"9004153",371987,2025-06-03 07:10:01,42.5751419067383,-8.89007472991943,"Female"
"9004153",371987,2025-06-03 07:15:02,42.5745735168457,-8.88991165161133,"Female"
"9004153",371987,2025-06-03 07:20:01,42.5749473571777,-8.88987827301025,"Female"
"9004153",371987,2025-06-03 07:25:02,42.5748634338379,-8.88992786407471,"Female"
"9004153",371987,2025-06-03 07:30:01,42.575080871582,-8.89013862609863,"Female"
"9004153",371987,2025-06-03 07:35:02,42.574951171875,-8.88998699188232,"Female"
"9004153",371987,2025-06-03 07:40:01,42.5749969482422,-8.88988018035889,"Female"
"9004153",371987,2025-06-03 07:45:01,42.5746307373047,-8.88956069946289,"Female"
"9004153",371987,2025-06-03 07:50:02,42.5753784179688,-8.89027214050293,"Female"
"9004153",371987,2025-06-03 07:55:01,42.5750694274902,-8.89008617401123,"Female"
"9004153",371987,2025-06-03 08:00:01,42.5751266479492,-8.89015674591064,"Female"
"9004153",371987,2025-06-03 08:05:10,42.5840530395508,-8.88373851776123,"Female"
"9004153",371987,2025-06-03 08:10:35,42.6038436889648,-8.87319850921631,"Female"
"9004153",371987,2025-06-03 08:15:31,42.6042709350586,-8.87322235107422,"Female"
"9004153",371987,2025-06-03 08:21:11,42.6057548522949,-8.8737211227417,"Female"
"9004153",371987,2025-06-03 08:26:11,42.6056365966797,-8.8746395111084,"Female"
"9004153",371987,2025-06-03 08:31:11,42.6053504943848,-8.87389659881592,"Female"
"9004153",371987,2025-06-03 08:36:30,42.6052932739258,-8.87523460388184,"Female"
"9004153",371987,2025-06-03 08:41:29,42.6047210693359,-8.87589645385742,"Female"
"9004153",371987,2025-06-03 08:46:31,42.6037826538086,-8.87700176239014,"Female"
"9004153",371987,2025-06-03 08:52:05,42.6015319824219,-8.87423610687256,"Female"
"9004153",371987,2025-06-03 08:56:32,42.6015243530273,-8.87423515319824,"Female"
"9004153",371987,2025-06-03 09:01:29,42.6015243530273,-8.87428760528564,"Female"
"9004153",371987,2025-06-03 09:06:37,42.6015167236328,-8.87422466278076,"Female"
"9004153",371987,2025-06-03 09:11:30,42.6015396118164,-8.87427234649658,"Female"
"9004153",371987,2025-06-03 09:16:39,42.6015281677246,-8.87424278259277,"Female"
"9004153",371987,2025-06-03 09:21:30,42.6015701293945,-8.87440490722656,"Female"
"9004153",371987,2025-06-03 09:26:43,42.6015243530273,-8.87421131134033,"Female"
"9004153",371987,2025-06-03 09:31:30,42.6014862060547,-8.87418651580811,"Female"
"9004153",371987,2025-06-03 09:36:29,42.6015090942383,-8.87425136566162,"Female"
"9004153",371987,2025-06-03 09:41:30,42.6015663146973,-8.87439441680908,"Female"
"9004153",371987,2025-06-03 09:46:36,42.6014823913574,-8.87422657012939,"Female"
"9004153",371987,2025-06-03 09:51:30,42.6015357971191,-8.87430572509766,"Female"
"9004153",371987,2025-06-03 09:57:04,42.6015090942383,-8.87428951263428,"Female"
"9004153",371987,2025-06-03 10:01:29,42.601490020752,-8.87432861328125,"Female"
"9004153",371987,2025-06-03 10:06:29,42.6015205383301,-8.87428855895996,"Female"
"9004153",371987,2025-06-03 10:11:29,42.6014976501465,-8.87432956695557,"Female"
"9004153",371987,2025-06-03 10:16:29,42.6015014648438,-8.87434005737305,"Female"
"9004153",371987,2025-06-03 10:21:29,42.6015090942383,-8.87432098388672,"Female"
"9004153",371987,2025-06-03 10:26:29,42.6015167236328,-8.874342918396,"Female"
"9004153",371987,2025-06-03 10:31:29,42.6015281677246,-8.87436771392822,"Female"
"9004153",371987,2025-06-03 10:36:30,42.6014022827148,-8.87424087524414,"Female"
"9004153",371987,2025-06-03 10:41:29,42.6014938354492,-8.87429523468018,"Female"
"9004153",371987,2025-06-03 10:46:31,42.6015129089355,-8.87438583374023,"Female"
"9004153",371987,2025-06-03 10:51:29,42.6063385009766,-8.87227725982666,"Female"
"9004153",371987,2025-06-03 10:56:41,42.6070213317871,-8.87090969085693,"Female"
"9004153",371987,2025-06-03 11:01:45,42.6063537597656,-8.87197971343994,"Female"
"9004153",371987,2025-06-03 11:06:42,42.6064720153809,-8.87252044677734,"Female"
"9004153",371987,2025-06-03 11:11:46,42.6062393188477,-8.87184715270996,"Female"
"9004153",371987,2025-06-03 11:16:56,42.6061744689941,-8.87158107757568,"Female"
"9004153",371987,2025-06-03 11:22:19,42.6048927307129,-8.87153053283691,"Female"
"9004153",371987,2025-06-03 11:27:17,42.6047134399414,-8.87059307098389,"Female"
"9004153",371987,2025-06-03 11:32:17,42.6046676635742,-8.87085628509521,"Female"
"9004153",371987,2025-06-03 11:37:18,42.6046867370605,-8.87124347686768,"Female"
"9004153",371987,2025-06-03 11:42:19,42.6046867370605,-8.87025833129883,"Female"
"9004153",371987,2025-06-03 11:47:19,42.6046981811523,-8.87026977539062,"Female"
"9004153",371987,2025-06-03 11:52:21,42.6046981811523,-8.87027645111084,"Female"
"9004153",371987,2025-06-03 11:57:19,42.6047210693359,-8.86994934082031,"Female"
"9004153",371987,2025-06-03 12:02:22,42.6046714782715,-8.86863231658936,"Female"
"9004153",371987,2025-06-03 12:07:19,42.604679107666,-8.87023830413818,"Female"
"9004153",371987,2025-06-03 12:12:19,42.6047019958496,-8.87027549743652,"Female"
"9004153",371987,2025-06-03 12:17:19,42.6047019958496,-8.87029933929443,"Female"
"9004153",371987,2025-06-03 12:22:19,42.6047134399414,-8.87030029296875,"Female"
"9004153",371987,2025-06-03 12:27:19,42.6047058105469,-8.87011909484863,"Female"
"9004153",371987,2025-06-03 12:32:19,42.6047401428223,-8.87019443511963,"Female"
"9004153",371987,2025-06-03 12:37:19,42.6047210693359,-8.87018299102783,"Female"
"9004153",371987,2025-06-03 12:42:19,42.6047325134277,-8.87016677856445,"Female"
"9004153",371987,2025-06-03 12:51:11,42.6041641235352,-8.87071228027344,"Female"
"9004153",371987,2025-06-03 13:19:05,42.6042366027832,-8.87601566314697,"Female"
"9004153",371987,2025-06-03 13:23:40,42.6045989990234,-8.8747615814209,"Female"
"9004153",371987,2025-06-03 13:29:08,42.6048393249512,-8.87346458435059,"Female"
"9004153",371987,2025-06-03 13:34:05,42.6035270690918,-8.87301731109619,"Female"
"9004153",371987,2025-06-03 13:39:06,42.6034736633301,-8.87302684783936,"Female"
"9004153",371987,2025-06-03 13:44:05,42.6034736633301,-8.87306785583496,"Female"
"9004153",371987,2025-06-03 13:49:05,42.6034622192383,-8.87310314178467,"Female"
"9004153",371987,2025-06-03 13:54:04,42.6035041809082,-8.87306213378906,"Female"
"9004153",371987,2025-06-03 13:59:06,42.6035232543945,-8.87300491333008,"Female"
"9004153",371987,2025-06-03 14:04:06,42.6034164428711,-8.87324905395508,"Female"
"9004153",371987,2025-06-03 14:09:05,42.6034202575684,-8.87327575683594,"Female"
"9004153",371987,2025-06-03 14:14:05,42.6034507751465,-8.87313652038574,"Female"
"9004153",371987,2025-06-03 14:19:05,42.6034126281738,-8.87318229675293,"Female"
"9004153",371987,2025-06-03 14:24:05,42.6034202575684,-8.87319564819336,"Female"
"9004153",371987,2025-06-03 14:29:05,42.6034545898438,-8.87319087982178,"Female"
"9004153",371987,2025-06-03 14:34:05,42.6033210754395,-8.87259960174561,"Female"
"9004153",371987,2025-06-03 14:39:05,42.6034545898438,-8.87331485748291,"Female"
"9004153",371987,2025-06-03 14:44:06,42.6034469604492,-8.8733024597168,"Female"
"9004153",371987,2025-06-03 14:49:05,42.6035003662109,-8.8732852935791,"Female"
"9004153",371987,2025-06-03 14:54:06,42.604362487793,-8.87420463562012,"Female"
"9004153",371987,2025-06-03 14:59:49,42.6048698425293,-8.87486553192139,"Female"
"9004153",371987,2025-06-03 15:04:58,42.604175567627,-8.87547302246094,"Female"
"9004153",371987,2025-06-03 15:10:02,42.6039390563965,-8.87621307373047,"Female"
"9004153",371987,2025-06-03 15:15:20,42.6039619445801,-8.87706279754639,"Female"
"9004153",371987,2025-06-03 15:20:54,42.6036376953125,-8.87625885009766,"Female"
"9004153",371987,2025-06-03 15:25:50,42.6019287109375,-8.87621116638184,"Female"
"9004153",371987,2025-06-03 15:30:53,42.6018371582031,-8.87581825256348,"Female"
"9004153",371987,2025-06-03 15:36:00,42.6015205383301,-8.87434101104736,"Female"
"9004153",371987,2025-06-03 15:41:21,42.6015129089355,-8.87429332733154,"Female"
"9004153",371987,2025-06-03 15:45:47,42.6014709472656,-8.87432479858398,"Female"
"9004153",371987,2025-06-03 15:50:47,42.6015472412109,-8.8743257522583,"Female"
"9004153",371987,2025-06-03 15:55:47,42.6014938354492,-8.87430000305176,"Female"
"9004153",371987,2025-06-03 16:00:47,42.6014595031738,-8.87427520751953,"Female"
"9004153",371987,2025-06-03 16:05:47,42.6014938354492,-8.87431812286377,"Female"
"9004153",371987,2025-06-03 16:10:47,42.6015968322754,-8.87439632415771,"Female"
"9004153",371987,2025-06-03 16:15:47,42.6015205383301,-8.87434482574463,"Female"
"9004153",371987,2025-06-03 16:20:47,42.6015510559082,-8.87439727783203,"Female"
"9004153",371987,2025-06-03 16:25:47,42.6015090942383,-8.87434864044189,"Female"
"9004153",371987,2025-06-03 16:30:47,42.6014671325684,-8.87427234649658,"Female"
"9004153",371987,2025-06-03 16:35:47,42.6014823913574,-8.87427806854248,"Female"
"9004153",371987,2025-06-03 16:40:49,42.6014175415039,-8.87427425384521,"Female"
"9004153",371987,2025-06-03 16:45:49,42.6015014648438,-8.874192237854,"Female"
"9004153",371987,2025-06-03 16:51:20,42.6015014648438,-8.87432384490967,"Female"
"9004153",371987,2025-06-03 16:55:47,42.6014518737793,-8.87427997589111,"Female"
"9004153",371987,2025-06-03 17:00:47,42.601505279541,-8.87430572509766,"Female"
"9004153",371987,2025-06-03 17:05:47,42.6014976501465,-8.87425804138184,"Female"
"9004153",371987,2025-06-03 17:10:47,42.6014633178711,-8.87435722351074,"Female"
"9004153",371987,2025-06-03 17:15:47,42.6015129089355,-8.87434482574463,"Female"
"9004153",371987,2025-06-03 17:20:47,42.6014518737793,-8.87433624267578,"Female"
"9004153",371987,2025-06-03 17:25:47,42.6014213562012,-8.87431907653809,"Female"
"9004153",371987,2025-06-03 17:30:47,42.601448059082,-8.8743257522583,"Female"
"9004153",371987,2025-06-03 17:35:53,42.6016502380371,-8.87455463409424,"Female"
"9004153",371987,2025-06-03 17:40:54,42.601734161377,-8.87462615966797,"Female"
"9004153",371987,2025-06-03 17:45:55,42.601490020752,-8.87429428100586,"Female"
"9004153",371987,2025-06-03 17:51:38,42.6015167236328,-8.87431621551514,"Female"
"9004153",371987,2025-06-03 17:55:51,42.6014633178711,-8.87430763244629,"Female"
"9004153",371987,2025-06-03 18:01:11,42.6014595031738,-8.87420749664307,"Female"
"9004153",371987,2025-06-03 18:06:23,42.6023139953613,-8.87664890289307,"Female"
"9004153",371987,2025-06-03 18:10:49,42.6022605895996,-8.87663078308105,"Female"
"9004153",371987,2025-06-03 18:15:58,42.6023292541504,-8.87665462493896,"Female"
"9004153",371987,2025-06-03 18:20:51,42.6021614074707,-8.87642478942871,"Female"
"9004153",371987,2025-06-03 18:25:48,42.6016120910645,-8.87661361694336,"Female"
"9004153",371987,2025-06-03 18:30:47,42.6016540527344,-8.87660312652588,"Female"
"9004153",371987,2025-06-03 18:35:47,42.6016006469727,-8.87650489807129,"Female"
"9004153",371987,2025-06-03 18:40:48,42.6017303466797,-8.87665176391602,"Female"
"9004153",371987,2025-06-03 18:45:48,42.601634979248,-8.87663555145264,"Female"
"9004153",371987,2025-06-03 18:50:47,42.601676940918,-8.87660217285156,"Female"
"9004153",371987,2025-06-03 18:55:49,42.6023635864258,-8.87671566009521,"Female"
"9004153",371987,2025-06-03 19:00:52,42.6022872924805,-8.87672138214111,"Female"
"9004153",371987,2025-06-03 19:05:47,42.6022605895996,-8.87654304504395,"Female"
"9004153",371987,2025-06-03 19:10:48,42.6023750305176,-8.87671661376953,"Female"
"9004153",371987,2025-06-03 19:15:53,42.6022529602051,-8.87647533416748,"Female"
"9004153",371987,2025-06-03 19:20:52,42.601448059082,-8.87666130065918,"Female"
"9004153",371987,2025-06-03 19:25:53,42.6014595031738,-8.87665271759033,"Female"
"9004153",371987,2025-06-03 19:31:00,42.6023559570312,-8.8766450881958,"Female"
"9004153",371987,2025-06-03 19:36:23,42.6024475097656,-8.87672996520996,"Female"
"9004153",371987,2025-06-03 19:40:48,42.6024971008301,-8.87684726715088,"Female"
"9004153",371987,2025-06-03 19:45:51,42.6024017333984,-8.87669277191162,"Female"
"9004153",371987,2025-06-03 19:50:49,42.6024398803711,-8.87667560577393,"Female"
"9004153",371987,2025-06-03 19:56:01,42.6022987365723,-8.87678241729736,"Female"
"9004153",371987,2025-06-03 20:00:49,42.6023483276367,-8.87686920166016,"Female"
"9004153",371987,2025-06-03 20:05:53,42.6022758483887,-8.87687492370605,"Female"
"9004153",371987,2025-06-03 20:10:53,42.6022987365723,-8.8771800994873,"Female"
"9004153",371987,2025-06-03 20:15:53,42.6022071838379,-8.8770923614502,"Female"
"9004153",371987,2025-06-03 20:20:50,42.6022109985352,-8.87702465057373,"Female"
"9004153",371987,2025-06-03 20:25:49,42.6023712158203,-8.87716484069824,"Female"
"9004153",371987,2025-06-03 20:30:51,42.6023635864258,-8.87709331512451,"Female"
"9004153",371987,2025-06-03 20:35:51,42.6023330688477,-8.87685775756836,"Female"
"9004153",371987,2025-06-03 20:40:51,42.602653503418,-8.87778282165527,"Female"
"9004153",371987,2025-06-03 20:46:00,42.6023330688477,-8.8767728805542,"Female"
"9004153",371987,2025-06-03 20:50:49,42.6021575927734,-8.87665367126465,"Female"
"9004153",371987,2025-06-03 20:56:00,42.6023406982422,-8.87679004669189,"Female"
"9004153",371987,2025-06-03 21:00:57,42.6020393371582,-8.8766918182373,"Female"
"9004153",371987,2025-06-03 21:05:52,42.6023330688477,-8.87672138214111,"Female"
"9004153",371987,2025-06-03 21:11:00,42.6023483276367,-8.87679576873779,"Female"
"9004153",371987,2025-06-03 21:15:54,42.6022911071777,-8.87670040130615,"Female"
"9004153",371987,2025-06-03 21:21:00,42.6023216247559,-8.8768196105957,"Female"
"9004153",371987,2025-06-03 21:25:52,42.6023826599121,-8.87677001953125,"Female"
"9004153",371987,2025-06-03 21:31:51,42.602352142334,-8.87678241729736,"Female"
"9004153",371987,2025-06-03 21:35:52,42.6021766662598,-8.87685012817383,"Female"
"9004153",371987,2025-06-03 21:40:50,42.6022262573242,-8.87674140930176,"Female"
"9004153",371987,2025-06-03 21:45:51,42.6023941040039,-8.87704467773438,"Female"
"9004153",371987,2025-06-03 21:50:52,42.6019515991211,-8.87618827819824,"Female"
"9004153",371987,2025-06-03 21:55:54,42.6023750305176,-8.87671089172363,"Female"
"9004153",371987,2025-06-03 22:00:50,42.602653503418,-8.87739276885986,"Female"
"9004153",371987,2025-06-03 22:06:14,42.6024208068848,-8.87668704986572,"Female"
"9004153",371987,2025-06-03 22:10:49,42.6025543212891,-8.87691879272461,"Female"
"9004153",371987,2025-06-03 22:15:51,42.6023483276367,-8.87717151641846,"Female"
"9004153",371987,2025-06-03 22:20:54,42.6024436950684,-8.87674808502197,"Female"
"9004153",371987,2025-06-03 22:26:41,42.6024398803711,-8.87661457061768,"Female"
"9004153",371987,2025-06-03 22:31:36,42.6024894714355,-8.87663841247559,"Female"
"9004153",371987,2025-06-03 22:35:50,42.6025009155273,-8.87672710418701,"Female"
"9004153",371987,2025-06-03 22:40:51,42.6023292541504,-8.87693977355957,"Female"
"9004153",371987,2025-06-03 22:46:14,42.6022605895996,-8.87675857543945,"Female"
"9004153",371987,2025-06-03 22:50:54,42.6022186279297,-8.87700843811035,"Female"
"9004153",371987,2025-06-03 22:55:51,42.6023406982422,-8.87687015533447,"Female"
"9004153",371987,2025-06-03 23:00:50,42.6022415161133,-8.87675380706787,"Female"
"9004153",371987,2025-06-03 23:05:50,42.6022338867188,-8.87684726715088,"Female"
"9004153",371987,2025-06-03 23:10:51,42.6022644042969,-8.87676620483398,"Female"
"9004153",371987,2025-06-03 23:15:48,42.6022300720215,-8.87680053710938,"Female"
"9004153",371987,2025-06-03 23:20:48,42.6020889282227,-8.87671852111816,"Female"
"9004153",371987,2025-06-03 23:25:49,42.6021537780762,-8.87668323516846,"Female"
"9004153",371987,2025-06-03 23:30:50,42.6022338867188,-8.87693691253662,"Female"
"9004153",371987,2025-06-03 23:35:50,42.6023025512695,-8.8765230178833,"Female"
"9004153",371987,2025-06-03 23:40:49,42.6022911071777,-8.87648773193359,"Female"
"9004153",371987,2025-06-03 23:45:49,42.602352142334,-8.87652683258057,"Female"
"9004153",371987,2025-06-03 23:50:51,42.6022453308105,-8.87645816802979,"Female"
"9004153",371987,2025-06-03 23:55:49,42.6023406982422,-8.8768835067749,"Female"
"9004153",371987,2025-06-04 00:00:54,42.6024780273438,-8.87641716003418,"Female"
"9004153",371987,2025-06-04 00:05:52,42.602611541748,-8.87641334533691,"Female"
"9004153",371987,2025-06-04 00:10:52,42.6024589538574,-8.87637615203857,"Female"
"9004153",371987,2025-06-04 00:15:52,42.6024856567383,-8.87644958496094,"Female"
"9004153",371987,2025-06-04 00:21:00,42.6024551391602,-8.87629508972168,"Female"
"9004153",371987,2025-06-04 00:26:00,42.6023864746094,-8.87673854827881,"Female"
"9004153",371987,2025-06-04 00:31:23,42.6023101806641,-8.87624645233154,"Female"
"9004153",371987,2025-06-04 00:36:50,42.6024284362793,-8.87631130218506,"Female"
"9004153",371987,2025-06-04 00:41:48,42.6024780273438,-8.87636756896973,"Female"
"9004153",371987,2025-06-04 00:45:58,42.6025047302246,-8.87630176544189,"Female"
"9004153",371987,2025-06-04 00:50:55,42.6025314331055,-8.87644004821777,"Female"
"9004153",371987,2025-06-04 00:56:24,42.6027297973633,-8.87638378143311,"Female"
"9004153",371987,2025-06-04 01:01:44,42.6026458740234,-8.87654590606689,"Female"
"9004153",371987,2025-06-04 01:05:58,42.6026191711426,-8.87649440765381,"Female"
"9004153",371987,2025-06-04 01:10:51,42.6026039123535,-8.87659072875977,"Female"
"9004153",371987,2025-06-04 01:15:57,42.6023406982422,-8.8766508102417,"Female"
"9004153",371987,2025-06-04 01:22:10,42.6024589538574,-8.87667179107666,"Female"
"9004153",371987,2025-06-04 01:25:51,42.602352142334,-8.87660503387451,"Female"
"9004153",371987,2025-06-04 01:31:07,42.6024398803711,-8.87657642364502,"Female"
"9004153",371987,2025-06-04 01:36:10,42.6024322509766,-8.8767147064209,"Female"
"9004153",371987,2025-06-04 01:41:59,42.6024436950684,-8.87675857543945,"Female"
"9004153",371987,2025-06-04 01:47:05,42.6023712158203,-8.87667179107666,"Female"
"9004153",371987,2025-06-04 01:50:52,42.6023292541504,-8.87680053710938,"Female"
"9004153",371987,2025-06-04 01:55:58,42.6024208068848,-8.87670230865479,"Female"
"9004153",371987,2025-06-04 02:00:50,42.6024932861328,-8.87664222717285,"Female"
"9004153",371987,2025-06-04 02:06:00,42.6023483276367,-8.87666130065918,"Female"
"9004153",371987,2025-06-04 02:10:49,42.6023292541504,-8.87681102752686,"Female"
"9004153",371987,2025-06-04 02:16:00,42.6023483276367,-8.87674045562744,"Female"
"9004153",371987,2025-06-04 02:20:49,42.6023902893066,-8.87677192687988,"Female"
"9004153",371987,2025-06-04 02:25:51,42.6022148132324,-8.87679004669189,"Female"
"9004153",371987,2025-06-04 02:30:49,42.6023368835449,-8.87672328948975,"Female"
"9004153",371987,2025-06-04 02:35:51,42.6023292541504,-8.87681579589844,"Female"
"9004153",371987,2025-06-04 02:41:00,42.6023292541504,-8.87667560577393,"Female"
"9004153",371987,2025-06-04 02:46:00,42.6023750305176,-8.87672710418701,"Female"
"9004153",371987,2025-06-04 02:51:00,42.602294921875,-8.87671184539795,"Female"
"9004153",371987,2025-06-04 02:56:00,42.6023025512695,-8.87666416168213,"Female"
"9004153",371987,2025-06-04 03:01:00,42.6023063659668,-8.8767786026001,"Female"
"9004153",371987,2025-06-04 03:06:00,42.6022911071777,-8.87689399719238,"Female"
"9004153",371987,2025-06-04 03:11:00,42.6023597717285,-8.8767261505127,"Female"
"9004153",371987,2025-06-04 03:16:22,42.6023750305176,-8.8767557144165,"Female"
"9004153",371987,2025-06-04 03:20:59,42.6023559570312,-8.87671852111816,"Female"
"9004153",371987,2025-06-04 03:25:51,42.6023063659668,-8.8770580291748,"Female"
"9004153",371987,2025-06-04 03:31:00,42.602783203125,-8.8767032623291,"Female"
"9004153",371987,2025-06-04 03:35:52,42.6022529602051,-8.87627696990967,"Female"
"9004153",371987,2025-06-04 03:40:55,42.6023864746094,-8.87668704986572,"Female"
"9004153",371987,2025-06-04 03:46:00,42.6025657653809,-8.8767671585083,"Female"
"9004153",371987,2025-06-04 03:51:00,42.6022872924805,-8.87668895721436,"Female"
"9004153",371987,2025-06-04 03:55:49,42.6024131774902,-8.87654304504395,"Female"
"9004153",371987,2025-06-04 04:01:00,42.6022720336914,-8.87657260894775,"Female"
"9004153",371987,2025-06-04 04:06:00,42.6022262573242,-8.87652015686035,"Female"
"9004153",371987,2025-06-04 04:11:15,42.6023292541504,-8.87662792205811,"Female"
"9004153",371987,2025-06-04 04:16:03,42.602352142334,-8.87660789489746,"Female"
"9004153",371987,2025-06-04 04:20:49,42.6020278930664,-8.87711906433105,"Female"
"9004153",371987,2025-06-04 04:25:52,42.6022911071777,-8.87682056427002,"Female"
"9004153",371987,2025-06-04 04:30:51,42.6020584106445,-8.87714099884033,"Female"
"9004153",371987,2025-06-04 04:35:52,42.6020393371582,-8.87708759307861,"Female"
"9004153",371987,2025-06-04 04:41:01,42.6026458740234,-8.87632846832275,"Female"
"9004153",371987,2025-06-04 04:46:44,42.6027679443359,-8.87666034698486,"Female"
"9004153",371987,2025-06-04 04:51:34,42.6028251647949,-8.8766393661499,"Female"
"9004153",371987,2025-06-04 04:55:48,42.6028137207031,-8.87691688537598,"Female"
"9004153",371987,2025-06-04 05:00:48,42.6023254394531,-8.87654113769531,"Female"
"9004153",371987,2025-06-04 05:05:49,42.602237701416,-8.87688064575195,"Female"
"9004153",371987,2025-06-04 05:11:00,42.6024894714355,-8.87661933898926,"Female"
"9004153",371987,2025-06-04 05:15:50,42.6023902893066,-8.87693023681641,"Female"
"9004153",371987,2025-06-04 05:20:48,42.6017990112305,-8.87559700012207,"Female"
"9004153",371987,2025-06-04 05:26:26,42.6003532409668,-8.87440967559814,"Female"
"9004153",371987,2025-06-04 05:31:26,42.6017799377441,-8.87334156036377,"Female"
"9004153",371987,2025-06-04 05:36:25,42.6025199890137,-8.87253284454346,"Female"
"9004153",371987,2025-06-04 05:41:25,42.6024551391602,-8.87206649780273,"Female"
"9004153",371987,2025-06-04 05:46:31,42.6016120910645,-8.873703956604,"Female"
"9004153",371987,2025-06-04 05:51:30,42.601490020752,-8.87432479858398,"Female"
"9004153",371987,2025-06-04 05:56:30,42.6015319824219,-8.87436103820801,"Female"
"9004153",371987,2025-06-04 06:01:32,42.6014747619629,-8.87435245513916,"Female"
"9004153",371987,2025-06-04 06:06:30,42.6014671325684,-8.87437152862549,"Female"
"9004153",371987,2025-06-04 06:11:30,42.601432800293,-8.87434577941895,"Female"
"9004153",371987,2025-06-04 06:16:29,42.604377746582,-8.87266063690186,"Female"
"9004153",371987,2025-06-04 06:21:30,42.6122817993164,-8.87480449676514,"Female"
"9004153",371987,2025-06-04 06:26:30,42.6123466491699,-8.87470626831055,"Female"
"9004153",371987,2025-06-04 06:31:30,42.6122779846191,-8.87474918365479,"Female"
"9004153",371987,2025-06-04 06:36:37,42.6116142272949,-8.87343502044678,"Female"
"9004153",371987,2025-06-04 06:42:01,42.6106605529785,-8.87372970581055,"Female"
"9004153",371987,2025-06-04 06:47:31,42.6112251281738,-8.87268161773682,"Female"
"9004153",371987,2025-06-04 06:52:42,42.610294342041,-8.87335872650146,"Female"
"9004153",371987,2025-06-04 06:58:03,42.6090850830078,-8.87454509735107,"Female"
"9004153",371987,2025-06-04 07:03:31,42.6074447631836,-8.87479209899902,"Female"
"9004153",371987,2025-06-04 07:08:38,42.6064300537109,-8.87566471099854,"Female"
"9004153",371987,2025-06-04 07:13:38,42.6050453186035,-8.87761688232422,"Female"
"9004153",371987,2025-06-04 07:18:38,42.6013412475586,-8.87662792205811,"Female"
"9004153",371987,2025-06-04 07:23:38,42.6013870239258,-8.87663555145264,"Female"
"9004153",371987,2025-06-04 07:28:38,42.6013603210449,-8.87660884857178,"Female"
"9004153",371987,2025-06-04 07:33:41,42.6013641357422,-8.87661075592041,"Female"
"9004153",371987,2025-06-04 07:38:41,42.6013641357422,-8.87652587890625,"Female"
"9004153",371987,2025-06-04 07:43:46,42.6016120910645,-8.87691497802734,"Female"
"9004153",371987,2025-06-04 07:48:43,42.601203918457,-8.87673568725586,"Female"
"9004153",371987,2025-06-04 07:53:42,42.6017990112305,-8.87667465209961,"Female"
"9004153",371987,2025-06-04 07:58:41,42.6018180847168,-8.87665939331055,"Female"
"9004153",371987,2025-06-04 08:03:42,42.6017951965332,-8.87666511535645,"Female"
"9004153",371987,2025-06-04 08:08:42,42.6016464233398,-8.87689304351807,"Female"
"9004153",371987,2025-06-04 08:13:43,42.6013221740723,-8.87709999084473,"Female"
"9004153",371987,2025-06-04 08:18:48,42.6013336181641,-8.87706661224365,"Female"
"9004153",371987,2025-06-04 08:23:46,42.6011619567871,-8.87665367126465,"Female"
"9004153",371987,2025-06-04 08:28:49,42.6011009216309,-8.87716770172119,"Female"
"9004153",371987,2025-06-04 08:33:54,42.6009902954102,-8.87731075286865,"Female"
"9004153",371987,2025-06-04 08:38:48,42.6017303466797,-8.87676620483398,"Female"
"9004153",371987,2025-06-04 08:43:50,42.6012840270996,-8.87704372406006,"Female"
"9004153",371987,2025-06-04 08:49:04,42.6012382507324,-8.8769588470459,"Female"
"9004153",371987,2025-06-04 08:53:43,42.6012725830078,-8.87688064575195,"Female"
"9004153",371987,2025-06-04 08:58:42,42.6012725830078,-8.8767261505127,"Female"
"9004153",371987,2025-06-04 09:03:41,42.6035652160645,-8.87612724304199,"Female"
"9004153",371987,2025-06-04 09:09:20,42.604175567627,-8.87706089019775,"Female"
"9004153",371987,2025-06-04 09:14:20,42.6050300598145,-8.87541770935059,"Female"
"9004153",371987,2025-06-04 09:20:05,42.6058769226074,-8.87621116638184,"Female"
"9004153",371987,2025-06-04 09:25:06,42.6057815551758,-8.8760347366333,"Female"
"9004153",371987,2025-06-04 09:30:06,42.6038017272949,-8.87934494018555,"Female"
"9004153",371987,2025-06-04 09:35:06,42.6025428771973,-8.8783483505249,"Female"
"9004153",371987,2025-06-04 09:40:22,42.6008110046387,-8.87713527679443,"Female"
"9004153",371987,2025-06-04 09:45:22,42.6004257202148,-8.87679672241211,"Female"
"9004153",371987,2025-06-04 09:50:22,42.6003837585449,-8.87675380706787,"Female"
"9004153",371987,2025-06-04 09:55:22,42.6003379821777,-8.87673854827881,"Female"
"9004153",371987,2025-06-04 10:00:22,42.6003341674805,-8.87670612335205,"Female"
"9004153",371987,2025-06-04 10:05:22,42.6003456115723,-8.8766565322876,"Female"
"9004153",371987,2025-06-04 10:10:22,42.6003341674805,-8.87667369842529,"Female"
"9004153",371987,2025-06-04 10:15:22,42.6004333496094,-8.87665367126465,"Female"
"9004153",371987,2025-06-04 10:20:22,42.6003913879395,-8.87671756744385,"Female"
"9004153",371987,2025-06-04 10:25:22,42.6003646850586,-8.87677001953125,"Female"
"9004153",371987,2025-06-04 10:30:22,42.6005172729492,-8.87682628631592,"Female"
"9004153",371987,2025-06-04 10:35:22,42.600513458252,-8.87667846679688,"Female"
"9004153",371987,2025-06-04 10:40:22,42.6005210876465,-8.87682056427002,"Female"
"9004153",371987,2025-06-04 10:45:22,42.6006317138672,-8.8767261505127,"Female"
"9004153",371987,2025-06-04 10:50:22,42.6004905700684,-8.87684440612793,"Female"
"9004153",371987,2025-06-04 10:55:22,42.6005706787109,-8.8768367767334,"Female"
"9004153",371987,2025-06-04 11:00:22,42.6005363464355,-8.87681674957275,"Female"
"9004153",371987,2025-06-04 11:05:22,42.6006927490234,-8.87674617767334,"Female"
"9004153",371987,2025-06-04 11:10:22,42.6006813049316,-8.87686920166016,"Female"
"9004153",371987,2025-06-04 11:15:22,42.6006317138672,-8.8768310546875,"Female"
"9004153",371987,2025-06-04 11:20:22,42.6008338928223,-8.87674999237061,"Female"
"9004153",371987,2025-06-04 11:25:21,42.6007995605469,-8.8767786026001,"Female"
"9004153",371987,2025-06-04 11:30:28,42.5997200012207,-8.87681674957275,"Female"
"9004153",371987,2025-06-04 11:35:28,42.5993003845215,-8.87519073486328,"Female"
"9004153",371987,2025-06-04 11:41:06,42.599437713623,-8.8735237121582,"Female"
"9004153",371987,2025-06-04 11:46:55,42.5993156433105,-8.87392520904541,"Female"
"9004153",371987,2025-06-04 11:51:54,42.5996360778809,-8.87243366241455,"Female"
"9004153",371987,2025-06-04 11:56:54,42.6013374328613,-8.87201595306396,"Female"
"9004153",371987,2025-06-04 12:01:54,42.6016731262207,-8.87375068664551,"Female"
"9004153",371987,2025-06-04 12:06:55,42.6019172668457,-8.87411689758301,"Female"
"9004153",371987,2025-06-04 12:11:54,42.6017112731934,-8.87408828735352,"Female"
"9004153",371987,2025-06-04 12:16:54,42.6019401550293,-8.87421798706055,"Female"
"9004153",371987,2025-06-04 12:21:54,42.6019172668457,-8.87422180175781,"Female"
"9004153",371987,2025-06-04 12:26:54,42.6016082763672,-8.8741626739502,"Female"
"9004153",371987,2025-06-04 12:31:54,42.6016693115234,-8.8742094039917,"Female"
"9004153",371987,2025-06-04 12:36:54,42.601634979248,-8.87437629699707,"Female"
"9004153",371987,2025-06-04 12:41:54,42.6015205383301,-8.8742036819458,"Female"
"9004153",371987,2025-06-04 12:46:54,42.6015434265137,-8.87410831451416,"Female"
"9004153",371987,2025-06-04 12:51:54,42.6014976501465,-8.87414264678955,"Female"
"9004153",371987,2025-06-04 12:56:54,42.6015434265137,-8.87417697906494,"Female"
"9004153",371987,2025-06-04 13:01:54,42.6041831970215,-8.87376880645752,"Female"
"9004153",371987,2025-06-04 13:06:54,42.6050033569336,-8.87305927276611,"Female"
"9004153",371987,2025-06-04 13:12:18,42.6052474975586,-8.87344074249268,"Female"
"9004153",371987,2025-06-04 13:17:58,42.605224609375,-8.87363910675049,"Female"
"9004153",371987,2025-06-04 13:23:14,42.6059036254883,-8.8726749420166,"Female"
"9004153",371987,2025-06-04 13:28:37,42.6066207885742,-8.87203216552734,"Female"
"9004153",371987,2025-06-04 13:33:40,42.6065368652344,-8.87197494506836,"Female"
"9004153",371987,2025-06-04 13:38:40,42.6074028015137,-8.87131023406982,"Female"
"9004153",371987,2025-06-04 13:43:40,42.6071815490723,-8.87176036834717,"Female"
"9004153",371987,2025-06-04 13:48:59,42.6066513061523,-8.87107086181641,"Female"
"9004153",371987,2025-06-04 13:53:57,42.6060523986816,-8.87248992919922,"Female"
"9004153",371987,2025-06-04 13:58:58,42.6044578552246,-8.87298011779785,"Female"
"9004153",371987,2025-06-04 14:03:59,42.6039123535156,-8.87312984466553,"Female"
"9004153",371987,2025-06-04 14:08:57,42.6040878295898,-8.87320423126221,"Female"
"9004153",371987,2025-06-04 14:13:58,42.6040992736816,-8.87320804595947,"Female"
"9004153",371987,2025-06-04 14:18:57,42.603889465332,-8.87308406829834,"Female"
"9004153",371987,2025-06-04 14:23:57,42.6040954589844,-8.87318420410156,"Female"
"9004153",371987,2025-06-04 14:28:57,42.6040802001953,-8.87320613861084,"Female"
"9004153",371987,2025-06-04 14:33:57,42.6041374206543,-8.87321949005127,"Female"
"9004153",371987,2025-06-04 14:38:57,42.6041107177734,-8.87320137023926,"Female"
"9004153",371987,2025-06-04 14:43:57,42.6040458679199,-8.87323379516602,"Female"
"9004153",371987,2025-06-04 14:48:57,42.6041641235352,-8.87314701080322,"Female"
"9004153",371987,2025-06-04 14:53:57,42.6039962768555,-8.87313270568848,"Female"
"9004153",371987,2025-06-04 14:58:57,42.6040725708008,-8.87320995330811,"Female"
"9004153",371987,2025-06-04 15:03:57,42.6040115356445,-8.87319850921631,"Female"
"9004153",371987,2025-06-04 15:08:57,42.6039772033691,-8.87319469451904,"Female"
"9004153",371987,2025-06-04 15:13:57,42.6039810180664,-8.87322616577148,"Female"
"9004153",371987,2025-06-04 15:18:57,42.6039657592773,-8.87316608428955,"Female"
"9004153",371987,2025-06-04 15:23:57,42.601634979248,-8.87417507171631,"Female"
"9004153",371987,2025-06-04 15:28:57,42.6016654968262,-8.87426090240479,"Female"
"9004153",371987,2025-06-04 15:33:57,42.6015892028809,-8.87416839599609,"Female"
"9004153",371987,2025-06-04 15:38:57,42.6016159057617,-8.87428951263428,"Female"
"9004153",371987,2025-06-04 15:43:57,42.6016273498535,-8.87428951263428,"Female"
"9004153",371987,2025-06-04 15:48:57,42.6016273498535,-8.87419509887695,"Female"
"9004153",371987,2025-06-04 15:53:57,42.6015815734863,-8.8743314743042,"Female"
"9004153",371987,2025-06-04 15:58:57,42.6015472412109,-8.87421226501465,"Female"
"9004153",371987,2025-06-04 16:03:57,42.6014976501465,-8.87421131134033,"Female"
"9004153",371987,2025-06-04 16:08:57,42.6015319824219,-8.87433242797852,"Female"
"9004153",371987,2025-06-04 16:13:57,42.6015281677246,-8.87425708770752,"Female"
"9004153",371987,2025-06-04 16:18:58,42.6014976501465,-8.87434482574463,"Female"
"9004153",371987,2025-06-04 16:23:57,42.6015014648438,-8.87420177459717,"Female"
"9004153",371987,2025-06-04 16:28:57,42.6014633178711,-8.87424087524414,"Female"
"9004153",371987,2025-06-04 16:33:57,42.6015396118164,-8.87422275543213,"Female"
"9004153",371987,2025-06-04 16:38:57,42.6015243530273,-8.87409019470215,"Female"
"9004153",371987,2025-06-04 16:43:58,42.6015892028809,-8.87429141998291,"Female"
"9004153",371987,2025-06-04 16:48:58,42.6017227172852,-8.87473964691162,"Female"
"9004153",371987,2025-06-04 16:53:57,42.6023101806641,-8.87603187561035,"Female"
"9004153",371987,2025-06-04 16:58:57,42.6015243530273,-8.87654685974121,"Female"
"9004153",371987,2025-06-04 17:03:57,42.6015625,-8.87653064727783,"Female"
"9004153",371987,2025-06-04 17:08:57,42.6016540527344,-8.87664699554443,"Female"
"9004153",371987,2025-06-04 17:13:57,42.6015739440918,-8.87653923034668,"Female"
"9004153",371987,2025-06-04 17:18:57,42.6016845703125,-8.87668037414551,"Female"
"9004153",371987,2025-06-04 17:23:57,42.601692199707,-8.87668323516846,"Female"
"9004153",371987,2025-06-04 17:28:57,42.6016502380371,-8.87654685974121,"Female"
"9004153",371987,2025-06-04 17:33:57,42.6017036437988,-8.87647342681885,"Female"
"9004153",371987,2025-06-04 17:38:58,42.6017112731934,-8.87650680541992,"Female"
"9004153",371987,2025-06-04 17:43:58,42.6015815734863,-8.87668800354004,"Female"
"9004153",371987,2025-06-04 17:48:57,42.6015434265137,-8.8766975402832,"Female"
"9004153",371987,2025-06-04 17:53:58,42.6016578674316,-8.87655925750732,"Female"
"9004153",371987,2025-06-04 17:58:58,42.6017608642578,-8.87639427185059,"Female"
"9004153",371987,2025-06-04 18:03:58,42.6015777587891,-8.87652778625488,"Female"
"9004153",371987,2025-06-04 18:08:58,42.6016502380371,-8.87662410736084,"Female"
"9004153",371987,2025-06-04 18:13:59,42.6015739440918,-8.87687492370605,"Female"
"9004153",371987,2025-06-04 18:18:57,42.6016235351562,-8.87661743164062,"Female"
"9004153",371987,2025-06-04 18:23:58,42.6016578674316,-8.87663078308105,"Female"
"9004153",371987,2025-06-04 18:28:57,42.6017227172852,-8.87673759460449,"Female"
"9004153",371987,2025-06-04 18:33:57,42.6016578674316,-8.87668895721436,"Female"
"9004153",371987,2025-06-04 18:38:57,42.6016807556152,-8.8767147064209,"Female"
"9004153",371987,2025-06-04 18:43:57,42.601749420166,-8.87679576873779,"Female"
"9004153",371987,2025-06-04 18:48:57,42.6017227172852,-8.87666702270508,"Female"
"9004153",371987,2025-06-04 18:53:57,42.6016159057617,-8.87675094604492,"Female"
"9004153",371987,2025-06-04 18:58:57,42.6017036437988,-8.87668609619141,"Female"
"9004153",371987,2025-06-04 19:03:57,42.6017417907715,-8.87669467926025,"Female"
"9004153",371987,2025-06-04 19:08:56,42.6016044616699,-8.87697696685791,"Female"
"9004153",371987,2025-06-04 19:13:57,42.6016311645508,-8.87656211853027,"Female"
"9004153",371987,2025-06-04 19:18:57,42.6025009155273,-8.8766565322876,"Female"
"9004153",371987,2025-06-04 19:23:58,42.6023597717285,-8.87714385986328,"Female"
"9004153",371987,2025-06-04 19:28:59,42.6026954650879,-8.87686443328857,"Female"
"9004153",371987,2025-06-04 19:33:56,42.6028289794922,-8.87647533416748,"Female"
"9004153",371987,2025-06-04 19:38:56,42.601806640625,-8.87697219848633,"Female"
"9004153",371987,2025-06-04 19:43:56,42.6018371582031,-8.87690353393555,"Female"
"9004153",371987,2025-06-04 19:48:58,42.6026840209961,-8.87693214416504,"Female"
"9004153",371987,2025-06-04 19:54:03,42.6027641296387,-8.87691688537598,"Female"
"9004153",371987,2025-06-04 19:59:00,42.6024856567383,-8.87693786621094,"Female"
"9004153",371987,2025-06-04 20:04:01,42.6027755737305,-8.87695980072021,"Female"
"9004153",371987,2025-06-04 20:09:00,42.6026802062988,-8.87673473358154,"Female"
"9004153",371987,2025-06-04 20:13:56,42.6017112731934,-8.87688255310059,"Female"
"9004153",371987,2025-06-04 20:18:56,42.601734161377,-8.87684440612793,"Female"
"9004153",371987,2025-06-04 20:23:56,42.6016464233398,-8.87689399719238,"Female"
"9004153",371987,2025-06-04 20:28:56,42.6016540527344,-8.87689399719238,"Female"
"9004153",371987,2025-06-04 20:33:56,42.6016464233398,-8.8768253326416,"Female"
"9004153",371987,2025-06-04 20:38:57,42.6016273498535,-8.87686347961426,"Female"
"9004153",371987,2025-06-04 20:43:56,42.6016502380371,-8.87682628631592,"Female"
"9004153",371987,2025-06-04 20:48:56,42.6015930175781,-8.87682723999023,"Female"
"9004153",371987,2025-06-04 20:53:56,42.6015930175781,-8.87681007385254,"Female"
"9004153",371987,2025-06-04 20:58:56,42.6016120910645,-8.87678241729736,"Female"
"9004153",371987,2025-06-04 21:03:56,42.601634979248,-8.87682247161865,"Female"
"9004153",371987,2025-06-04 21:08:56,42.6015090942383,-8.87678813934326,"Female"
"9004153",371987,2025-06-04 21:13:56,42.6015625,-8.87672519683838,"Female"
"9004153",371987,2025-06-04 21:18:56,42.6015548706055,-8.87673759460449,"Female"
"9004153",371987,2025-06-04 21:23:56,42.6015357971191,-8.87671947479248,"Female"
"9004153",371987,2025-06-04 21:28:56,42.6015472412109,-8.87670135498047,"Female"
"9004153",371987,2025-06-04 21:33:56,42.6015777587891,-8.87666797637939,"Female"
"9004153",371987,2025-06-04 21:38:56,42.6015625,-8.87672710418701,"Female"
"9004153",371987,2025-06-04 21:43:56,42.6015434265137,-8.87662887573242,"Female"
"9004153",371987,2025-06-04 21:48:56,42.6014976501465,-8.87676525115967,"Female"
"9004153",371987,2025-06-04 21:53:56,42.6016159057617,-8.87662124633789,"Female"
"9004153",371987,2025-06-04 21:58:56,42.6014747619629,-8.87666893005371,"Female"
"9004153",371987,2025-06-04 22:03:56,42.6015090942383,-8.87652111053467,"Female"
"9004153",371987,2025-06-04 22:08:57,42.6014862060547,-8.87647533416748,"Female"
"9004153",371987,2025-06-04 22:13:56,42.6015205383301,-8.8764476776123,"Female"
"9004153",371987,2025-06-04 22:18:56,42.6015396118164,-8.87654781341553,"Female"
"9004153",371987,2025-06-04 22:23:56,42.6015701293945,-8.87647724151611,"Female"
"9004153",371987,2025-06-04 22:28:56,42.6016311645508,-8.87660884857178,"Female"
"9004153",371987,2025-06-04 22:33:56,42.6015777587891,-8.87646389007568,"Female"
"9004153",371987,2025-06-04 22:38:57,42.6017303466797,-8.87648487091064,"Female"
"9004153",371987,2025-06-04 22:43:56,42.6016616821289,-8.8765811920166,"Female"
"9004153",371987,2025-06-04 22:48:56,42.6017417907715,-8.87650585174561,"Female"
"9004153",371987,2025-06-04 22:53:56,42.6016464233398,-8.87661552429199,"Female"
"9004153",371987,2025-06-04 22:58:56,42.6016540527344,-8.87660884857178,"Female"
"9004153",371987,2025-06-04 23:03:56,42.6016540527344,-8.87660121917725,"Female"
"9004153",371987,2025-06-04 23:08:56,42.6016616821289,-8.87659358978271,"Female"
"9004153",371987,2025-06-04 23:13:57,42.6017303466797,-8.87661743164062,"Female"
"9004153",371987,2025-06-04 23:18:56,42.6017112731934,-8.87662506103516,"Female"
"9004153",371987,2025-06-04 23:23:56,42.601692199707,-8.87656593322754,"Female"
"9004153",371987,2025-06-04 23:28:56,42.6019096374512,-8.87665271759033,"Female"
"9004153",371987,2025-06-04 23:33:56,42.6019020080566,-8.87669563293457,"Female"
"9004153",371987,2025-06-04 23:38:56,42.6017799377441,-8.87666511535645,"Female"
"9004153",371987,2025-06-04 23:43:57,42.6017608642578,-8.87664985656738,"Female"
"9004153",371987,2025-06-04 23:48:57,42.6019287109375,-8.87668800354004,"Female"
"9004153",371987,2025-06-04 23:53:57,42.6019248962402,-8.87668514251709,"Female"
"9004153",371987,2025-06-04 23:58:57,42.6018218994141,-8.87658309936523,"Female"
"9004153",371987,2025-06-05 00:03:57,42.6018676757812,-8.87656021118164,"Female"
"9004153",371987,2025-06-05 00:08:57,42.6016120910645,-8.87712478637695,"Female"
"9004153",371987,2025-06-05 00:13:57,42.6016311645508,-8.87728881835938,"Female"
"9004153",371987,2025-06-05 00:18:57,42.601505279541,-8.87686157226562,"Female"
"9004153",371987,2025-06-05 00:23:57,42.6016159057617,-8.8767032623291,"Female"
"9004153",371987,2025-06-05 00:28:57,42.6016120910645,-8.8766975402832,"Female"
"9004153",371987,2025-06-05 00:33:56,42.6016044616699,-8.8767147064209,"Female"
"9004153",371987,2025-06-05 00:38:56,42.6015739440918,-8.87671279907227,"Female"
"9004153",371987,2025-06-05 00:43:56,42.6016464233398,-8.87678813934326,"Female"
"9004153",371987,2025-06-05 00:48:56,42.6015663146973,-8.87662029266357,"Female"
"9004153",371987,2025-06-05 00:53:57,42.6015510559082,-8.87642097473145,"Female"
"9004153",371987,2025-06-05 00:58:56,42.6016540527344,-8.87666606903076,"Female"
"9004153",371987,2025-06-05 01:03:56,42.6016807556152,-8.8770866394043,"Female"
"9004153",371987,2025-06-05 01:08:56,42.6016540527344,-8.87679290771484,"Female"
"9004153",371987,2025-06-05 01:13:56,42.6016654968262,-8.87678718566895,"Female"
"9004153",371987,2025-06-05 01:18:56,42.6016235351562,-8.87668418884277,"Female"
"9004153",371987,2025-06-05 01:23:56,42.6016807556152,-8.87684631347656,"Female"
"9004153",371987,2025-06-05 01:28:56,42.6015281677246,-8.87674617767334,"Female"
"9004153",371987,2025-06-05 01:33:57,42.6015205383301,-8.87675476074219,"Female"
"9004153",371987,2025-06-05 01:38:57,42.6014785766602,-8.87666702270508,"Female"
"9004153",371987,2025-06-05 01:43:57,42.6015625,-8.87703132629395,"Female"
"9004153",371987,2025-06-05 01:48:56,42.6015853881836,-8.87705230712891,"Female"
"9004153",371987,2025-06-05 01:53:56,42.6015815734863,-8.8770923614502,"Female"
"9004153",371987,2025-06-05 01:58:57,42.6016311645508,-8.8770694732666,"Female"
"9004153",371987,2025-06-05 02:03:56,42.6015434265137,-8.87700366973877,"Female"
"9004153",371987,2025-06-05 02:08:57,42.6015586853027,-8.87699317932129,"Female"
"9004153",371987,2025-06-05 02:13:56,42.6015434265137,-8.87682247161865,"Female"
"9004153",371987,2025-06-05 02:18:56,42.6015625,-8.87671852111816,"Female"
"9004153",371987,2025-06-05 02:23:56,42.6016845703125,-8.87663078308105,"Female"
"9004153",371987,2025-06-05 02:28:56,42.6016426086426,-8.87668895721436,"Female"
"9004153",371987,2025-06-05 02:33:56,42.6016464233398,-8.8767786026001,"Female"
"9004153",371987,2025-06-05 02:38:57,42.6016426086426,-8.87665939331055,"Female"
"9004153",371987,2025-06-05 02:43:57,42.6016578674316,-8.87662887573242,"Female"
"9004153",371987,2025-06-05 02:48:56,42.6016044616699,-8.87675285339355,"Female"
"9004153",371987,2025-06-05 02:53:56,42.6015968322754,-8.87666797637939,"Female"
"9004153",371987,2025-06-05 02:58:56,42.6016159057617,-8.87662029266357,"Female"
"9004153",371987,2025-06-05 03:03:57,42.601619720459,-8.87662982940674,"Female"
"9004153",371987,2025-06-05 03:08:56,42.6016120910645,-8.87663650512695,"Female"
"9004153",371987,2025-06-05 03:13:57,42.6016387939453,-8.87656307220459,"Female"
"9004153",371987,2025-06-05 03:18:56,42.6016540527344,-8.87671947479248,"Female"
"9004153",371987,2025-06-05 03:23:56,42.6015663146973,-8.87667179107666,"Female"
"9004153",371987,2025-06-05 03:28:57,42.6016540527344,-8.87672710418701,"Female"
"9004153",371987,2025-06-05 03:33:56,42.6016731262207,-8.87674617767334,"Female"
"9004153",371987,2025-06-05 03:38:56,42.601692199707,-8.87678813934326,"Female"
"9004153",371987,2025-06-05 03:43:56,42.6016654968262,-8.87674808502197,"Female"
"9004153",371987,2025-06-05 03:48:56,42.6016654968262,-8.87672996520996,"Female"
"9004153",371987,2025-06-05 03:53:57,42.6016578674316,-8.87681293487549,"Female"
"9004153",371987,2025-06-05 03:58:57,42.6016960144043,-8.8763599395752,"Female"
"9004153",371987,2025-06-05 04:04:00,42.6017265319824,-8.87669086456299,"Female"
"9004153",371987,2025-06-05 04:08:57,42.601432800293,-8.87663459777832,"Female"
"9004153",371987,2025-06-05 04:13:58,42.6011161804199,-8.877028465271,"Female"
"9004153",371987,2025-06-05 04:18:58,42.6011123657227,-8.87681007385254,"Female"
"9004153",371987,2025-06-05 04:23:57,42.6011047363281,-8.87701225280762,"Female"
"9004153",371987,2025-06-05 04:28:58,42.6010932922363,-8.87659740447998,"Female"
"9004153",371987,2025-06-05 04:33:58,42.6012878417969,-8.87647533416748,"Female"
"9004153",371987,2025-06-05 04:38:59,42.6012802124023,-8.87648391723633,"Female"
"9004153",371987,2025-06-05 04:44:00,42.6012306213379,-8.87643337249756,"Female"
"9004153",371987,2025-06-05 04:48:57,42.6010360717773,-8.87619495391846,"Female"
"9004153",371987,2025-06-05 04:53:56,42.6001815795898,-8.87556457519531,"Female"
"9004153",371987,2025-06-05 04:58:56,42.6013259887695,-8.87639808654785,"Female"
"9004153",371987,2025-06-05 05:03:57,42.6014709472656,-8.87659358978271,"Female"
"9004153",371987,2025-06-05 05:08:58,42.6017875671387,-8.87741470336914,"Female"
"9004153",371987,2025-06-05 05:13:56,42.6014671325684,-8.87660884857178,"Female"
"9004153",371987,2025-06-05 05:18:57,42.6018409729004,-8.87713718414307,"Female"
"9004153",371987,2025-06-05 05:24:08,42.6016998291016,-8.87675094604492,"Female"
"9004153",371987,2025-06-05 05:28:57,42.6020965576172,-8.8779468536377,"Female"
"9004153",371987,2025-06-05 05:34:06,42.6016654968262,-8.87670230865479,"Female"
"9004153",371987,2025-06-05 05:38:56,42.6014709472656,-8.87621688842773,"Female"
"9004153",371987,2025-06-05 05:43:57,42.601261138916,-8.87548637390137,"Female"
"9004153",371987,2025-06-05 05:48:56,42.6039619445801,-8.8733549118042,"Female"
"9004153",371987,2025-06-05 05:53:59,42.6045989990234,-8.87343692779541,"Female"
"9004153",371987,2025-06-05 05:59:13,42.6051902770996,-8.87190055847168,"Female"
"9004153",371987,2025-06-05 06:04:09,42.605842590332,-8.87048149108887,"Female"
"9004153",371987,2025-06-05 06:09:12,42.6049957275391,-8.87258625030518,"Female"
"9004153",371987,2025-06-05 06:14:15,42.6037368774414,-8.87348175048828,"Female"
"9004153",371987,2025-06-05 06:19:12,42.6039123535156,-8.87410163879395,"Female"
"9004153",371987,2025-06-05 06:24:11,42.6040267944336,-8.87439441680908,"Female"
"9004153",371987,2025-06-05 06:29:30,42.6034088134766,-8.87271881103516,"Female"
"9004153",371987,2025-06-05 06:34:12,42.6038932800293,-8.87407398223877,"Female"
"9004153",371987,2025-06-05 06:39:13,42.6036109924316,-8.87331104278564,"Female"
"9004153",371987,2025-06-05 06:44:13,42.6035652160645,-8.87325954437256,"Female"
"9004153",371987,2025-06-05 06:49:10,42.6037445068359,-8.87337112426758,"Female"
"9004153",371987,2025-06-05 06:54:10,42.6031265258789,-8.87244319915771,"Female"
"9004153",371987,2025-06-05 06:59:09,42.6035766601562,-8.87315464019775,"Female"
"9004153",371987,2025-06-05 07:04:09,42.603572845459,-8.87331676483154,"Female"
"9004153",371987,2025-06-05 07:09:12,42.6035346984863,-8.87318801879883,"Female"
"9004153",371987,2025-06-05 07:14:10,42.6034317016602,-8.87296485900879,"Female"
"9004153",371987,2025-06-05 07:19:18,42.6036796569824,-8.87319660186768,"Female"
"9004153",371987,2025-06-05 07:24:19,42.6035614013672,-8.87315654754639,"Female"
"9004153",371987,2025-06-05 07:29:18,42.6035614013672,-8.87317943572998,"Female"
"9004153",371987,2025-06-05 07:34:13,42.603630065918,-8.87314319610596,"Female"
"9004153",371987,2025-06-05 07:39:18,42.6044502258301,-8.87197685241699,"Female"
"9004153",371987,2025-06-05 07:44:17,42.6053276062012,-8.87116718292236,"Female"
"9004153",371987,2025-06-05 07:49:17,42.6059761047363,-8.87151050567627,"Female"
"9004153",371987,2025-06-05 07:54:24,42.6069526672363,-8.87194156646729,"Female"
"9004153",371987,2025-06-05 08:00:35,42.6072463989258,-8.87331390380859,"Female"
"9004153",371987,2025-06-05 08:05:39,42.6073188781738,-8.87491893768311,"Female"
"9004153",371987,2025-06-05 08:11:21,42.6073799133301,-8.87573337554932,"Female"
"9004153",371987,2025-06-05 08:17:23,42.6072387695312,-8.87673950195312,"Female"
"9004153",371987,2025-06-05 08:22:36,42.606575012207,-8.8812780380249,"Female"
"9004153",371987,2025-06-05 08:27:16,42.6065292358398,-8.88138675689697,"Female"
"9004153",371987,2025-06-05 08:32:15,42.6065330505371,-8.88140296936035,"Female"
"9004153",371987,2025-06-05 08:37:10,42.6064567565918,-8.88135051727295,"Female"
"9004153",371987,2025-06-05 08:42:31,42.6062469482422,-8.8814115524292,"Female"
"9004153",371987,2025-06-05 08:47:12,42.6061210632324,-8.88145446777344,"Female"
"9004153",371987,2025-06-05 08:52:10,42.6057434082031,-8.8811674118042,"Female"
"9004153",371987,2025-06-05 08:57:10,42.6057090759277,-8.88109111785889,"Female"
"9004153",371987,2025-06-05 09:02:10,42.6057205200195,-8.88104248046875,"Female"
"9004153",371987,2025-06-05 09:07:10,42.6057014465332,-8.88100528717041,"Female"
"9004153",371987,2025-06-05 09:12:10,42.6057548522949,-8.88097095489502,"Female"
"9004153",371987,2025-06-05 09:17:11,42.6056060791016,-8.88061618804932,"Female"
"9004153",371987,2025-06-05 09:22:11,42.6056900024414,-8.88074111938477,"Female"
"9004153",371987,2025-06-05 09:27:13,42.606201171875,-8.8814001083374,"Female"
"9004153",371987,2025-06-05 09:32:13,42.6061782836914,-8.88143539428711,"Female"
"9004153",371987,2025-06-05 09:37:13,42.6061630249023,-8.88142776489258,"Female"
"9004153",371987,2025-06-05 09:42:11,42.6066474914551,-8.88243198394775,"Female"
"9004153",371987,2025-06-05 09:47:11,42.6064910888672,-8.88224983215332,"Female"
"9004153",371987,2025-06-05 09:52:10,42.6064605712891,-8.88233184814453,"Female"
"9004153",371987,2025-06-05 09:57:10,42.6064300537109,-8.88230323791504,"Female"
"9004153",371987,2025-06-05 10:02:15,42.6059379577637,-8.88174343109131,"Female"
"9004153",371987,2025-06-05 10:07:12,42.6042938232422,-8.87745189666748,"Female"
"9004153",371987,2025-06-05 10:12:11,42.604248046875,-8.8779821395874,"Female"
"9004153",371987,2025-06-05 10:17:37,42.604175567627,-8.87853813171387,"Female"
"9004153",371987,2025-06-05 10:22:36,42.603271484375,-8.87842178344727,"Female"
"9004153",371987,2025-06-05 10:28:00,42.6029891967773,-8.87912845611572,"Female"
"9004153",371987,2025-06-05 10:33:03,42.6029472351074,-8.87875652313232,"Female"
"9004153",371987,2025-06-05 10:38:14,42.6029090881348,-8.87933158874512,"Female"
"9004153",371987,2025-06-05 10:43:14,42.6036796569824,-8.87811470031738,"Female"
"9004153",371987,2025-06-05 10:48:13,42.6027641296387,-8.87716674804688,"Female"
"9004153",371987,2025-06-05 10:53:31,42.6028900146484,-8.87717437744141,"Female"
"9004153",371987,2025-06-05 10:58:13,42.6028633117676,-8.87711715698242,"Female"
"9004153",371987,2025-06-05 11:03:12,42.6029586791992,-8.87717723846436,"Female"
"9004153",371987,2025-06-05 11:08:12,42.6004943847656,-8.87508392333984,"Female"
"9004153",371987,2025-06-05 11:13:12,42.6014137268066,-8.87653160095215,"Female"
"9004153",371987,2025-06-05 11:18:12,42.6014251708984,-8.8765344619751,"Female"
"9004153",371987,2025-06-05 11:23:12,42.6014175415039,-8.87650775909424,"Female"
"9004153",371987,2025-06-05 11:28:12,42.6014404296875,-8.87653732299805,"Female"
"9004153",371987,2025-06-05 11:33:19,42.6013984680176,-8.87665271759033,"Female"
"9004153",371987,2025-06-05 11:38:19,42.6014137268066,-8.87647724151611,"Female"
"9004153",371987,2025-06-05 11:43:19,42.6014251708984,-8.8764705657959,"Female"
"9004153",371987,2025-06-05 11:48:19,42.6014137268066,-8.87648677825928,"Female"
"9004153",371987,2025-06-05 11:53:20,42.6043815612793,-8.87464046478271,"Female"
"9004153",371987,2025-06-05 11:58:57,42.604907989502,-8.87480545043945,"Female"
"9004153",371987,2025-06-05 12:04:09,42.6048278808594,-8.87364959716797,"Female"
"9004153",371987,2025-06-05 12:09:40,42.604606628418,-8.87346458435059,"Female"
"9004153",371987,2025-06-05 12:14:38,42.6053924560547,-8.87371253967285,"Female"
"9004153",371987,2025-06-05 12:20:13,42.6057014465332,-8.87357997894287,"Female"
"9004153",371987,2025-06-05 12:25:43,42.6047706604004,-8.8748197555542,"Female"
"9004153",371987,2025-06-05 12:30:43,42.6031455993652,-8.87446212768555,"Female"
"9004153",371987,2025-06-05 12:35:43,42.603141784668,-8.87449836730957,"Female"
"9004153",371987,2025-06-05 12:40:40,42.6031875610352,-8.87472057342529,"Female"
"9004153",371987,2025-06-05 12:45:42,42.6032180786133,-8.8747091293335,"Female"
"9004153",371987,2025-06-05 12:50:56,42.601375579834,-8.87669467926025,"Female"
"9004153",371987,2025-06-05 12:56:02,42.6015281677246,-8.87657737731934,"Female"
"9004153",371987,2025-06-05 13:00:39,42.6015243530273,-8.87662410736084,"Female"
"9004153",371987,2025-06-05 13:05:40,42.6015014648438,-8.87663078308105,"Female"
"9004153",371987,2025-06-05 13:10:40,42.6015472412109,-8.87662029266357,"Female"
"9004153",371987,2025-06-05 13:15:40,42.6014671325684,-8.87652397155762,"Female"
"9004153",371987,2025-06-05 13:20:40,42.6014137268066,-8.87663078308105,"Female"
"9004153",371987,2025-06-05 13:25:40,42.6014862060547,-8.87659645080566,"Female"
"9004153",371987,2025-06-05 13:30:40,42.6014213562012,-8.87660789489746,"Female"
"9004153",371987,2025-06-05 13:35:40,42.6015701293945,-8.87679195404053,"Female"
"9004153",371987,2025-06-05 13:40:40,42.6015319824219,-8.87663459777832,"Female"
"9004153",371987,2025-06-05 13:45:40,42.6015892028809,-8.87667179107666,"Female"
"9004153",371987,2025-06-05 13:50:46,42.6013526916504,-8.87654781341553,"Female"
"9004153",371987,2025-06-05 13:55:40,42.6014251708984,-8.87645244598389,"Female"
"9004153",371987,2025-06-05 14:01:05,42.6015586853027,-8.87651824951172,"Female"
"9004153",371987,2025-06-05 14:05:40,42.6016807556152,-8.87635517120361,"Female"
"9004153",371987,2025-06-05 14:10:40,42.6015510559082,-8.87646675109863,"Female"
"9004153",371987,2025-06-05 14:15:39,42.6014976501465,-8.87655735015869,"Female"
"9004153",371987,2025-06-05 14:20:40,42.6015205383301,-8.87652492523193,"Female"
"9004153",371987,2025-06-05 14:25:40,42.601448059082,-8.87660694122314,"Female"
"9004153",371987,2025-06-05 14:30:40,42.6014099121094,-8.87663841247559,"Female"
"9004153",371987,2025-06-05 14:35:40,42.6014823913574,-8.87661552429199,"Female"
"9004153",371987,2025-06-05 14:40:40,42.601375579834,-8.87668037414551,"Female"
"9004153",371987,2025-06-05 14:45:39,42.6014404296875,-8.87663269042969,"Female"
"9004153",371987,2025-06-05 14:50:40,42.6014060974121,-8.8766975402832,"Female"
"9004153",371987,2025-06-05 14:55:40,42.6013984680176,-8.87665367126465,"Female"
"9004153",371987,2025-06-05 15:00:40,42.6014518737793,-8.87668418884277,"Female"
"9004153",371987,2025-06-05 15:05:39,42.6013603210449,-8.87667942047119,"Female"
"9004153",371987,2025-06-05 15:10:40,42.6015281677246,-8.87660980224609,"Female"
"9004153",371987,2025-06-05 15:15:40,42.601390838623,-8.87663745880127,"Female"
"9004153",371987,2025-06-05 15:20:40,42.6014022827148,-8.87665748596191,"Female"
"9004153",371987,2025-06-05 15:25:40,42.6014022827148,-8.87671566009521,"Female"
"9004153",371987,2025-06-05 15:30:40,42.6014862060547,-8.87662601470947,"Female"
"9004153",371987,2025-06-05 15:35:40,42.601634979248,-8.87663745880127,"Female"
"9004153",371987,2025-06-05 15:40:40,42.6016120910645,-8.87664318084717,"Female"
"9004153",371987,2025-06-05 15:45:40,42.6015968322754,-8.87663269042969,"Female"
"9004153",371987,2025-06-05 15:50:39,42.6016464233398,-8.87663745880127,"Female"
"9004153",371987,2025-06-05 15:55:39,42.6016578674316,-8.87668323516846,"Female"
"9004153",371987,2025-06-05 16:00:40,42.6015510559082,-8.87653732299805,"Female"
"9004153",371987,2025-06-05 16:06:01,42.6047973632812,-8.87461566925049,"Female"
"9004153",371987,2025-06-05 16:11:12,42.6054916381836,-8.87380790710449,"Female"
"9004153",371987,2025-06-05 16:16:18,42.6055335998535,-8.87398147583008,"Female"
"9004153",371987,2025-06-05 16:21:49,42.604850769043,-8.87410449981689,"Female"
"9004153",371987,2025-06-05 16:26:59,42.6040954589844,-8.87319755554199,"Female"
"9004153",371987,2025-06-05 16:31:55,42.6034355163574,-8.87314128875732,"Female"
"9004153",371987,2025-06-05 16:36:55,42.6035499572754,-8.87318229675293,"Female"
"9004153",371987,2025-06-05 16:41:55,42.6035041809082,-8.87319660186768,"Female"
"9004153",371987,2025-06-05 16:46:56,42.6013603210449,-8.87416362762451,"Female"
"9004153",371987,2025-06-05 16:51:56,42.6015739440918,-8.874436378479,"Female"
"9004153",371987,2025-06-05 16:56:57,42.601619720459,-8.87445545196533,"Female"
"9004153",371987,2025-06-05 17:01:56,42.6016044616699,-8.87443256378174,"Female"
"9004153",371987,2025-06-05 17:06:56,42.6016540527344,-8.87443256378174,"Female"
"9004153",371987,2025-06-05 17:11:56,42.6017761230469,-8.87459468841553,"Female"
"9004153",371987,2025-06-05 17:16:55,42.6015892028809,-8.87442874908447,"Female"
"9004153",371987,2025-06-05 17:21:56,42.6017379760742,-8.87455654144287,"Female"
"9004153",371987,2025-06-05 17:26:55,42.601676940918,-8.87462615966797,"Female"
"9004153",371987,2025-06-05 17:31:56,42.6016426086426,-8.87455177307129,"Female"
"9004153",371987,2025-06-05 17:36:57,42.6017303466797,-8.87465381622314,"Female"
"9004153",371987,2025-06-05 17:41:57,42.6017036437988,-8.87466144561768,"Female"
"9004153",371987,2025-06-05 17:46:57,42.6017227172852,-8.87464904785156,"Female"
"9004153",371987,2025-06-05 17:52:11,42.6016464233398,-8.87438201904297,"Female"
"9004153",371987,2025-06-05 17:56:55,42.6015815734863,-8.8743143081665,"Female"
"9004153",371987,2025-06-05 18:01:55,42.6015701293945,-8.87433528900146,"Female"
"9004153",371987,2025-06-05 18:06:54,42.601448059082,-8.87438297271729,"Female"
"9004153",371987,2025-06-05 18:11:55,42.6014060974121,-8.87431335449219,"Female"
"9004153",371987,2025-06-05 18:16:55,42.6013412475586,-8.87422370910645,"Female"
"9004153",371987,2025-06-05 18:21:55,42.6014022827148,-8.87660789489746,"Female"
"9004153",371987,2025-06-05 18:26:56,42.6017570495605,-8.87704849243164,"Female"
"9004153",371987,2025-06-05 18:31:55,42.6025466918945,-8.87692642211914,"Female"
"9004153",371987,2025-06-05 18:36:56,42.6025810241699,-8.87681198120117,"Female"
"9004153",371987,2025-06-05 18:42:02,42.6022071838379,-8.87665557861328,"Female"
"9004153",371987,2025-06-05 18:47:14,42.6024742126465,-8.87722396850586,"Female"
"9004153",371987,2025-06-05 18:52:09,42.6023483276367,-8.87703037261963,"Female"
"9004153",371987,2025-06-05 18:57:09,42.6022796630859,-8.87716579437256,"Female"
"9004153",371987,2025-06-05 19:02:08,42.6022109985352,-8.877197265625,"Female"
"9004153",371987,2025-06-05 19:07:05,42.6021270751953,-8.87720680236816,"Female"
"9004153",371987,2025-06-05 19:12:13,42.6019973754883,-8.87803745269775,"Female"
"9004153",371987,2025-06-05 19:17:10,42.6019287109375,-8.8779993057251,"Female"
"9004153",371987,2025-06-05 19:22:07,42.6018714904785,-8.87798500061035,"Female"
"9004153",371987,2025-06-05 19:27:04,42.6021995544434,-8.87665939331055,"Female"
"9004153",371987,2025-06-05 19:32:02,42.6022605895996,-8.87666320800781,"Female"
"9004153",371987,2025-06-05 19:37:11,42.6018142700195,-8.87765884399414,"Female"
"9004153",371987,2025-06-05 19:42:07,42.6022720336914,-8.87643909454346,"Female"
"9004153",371987,2025-06-05 19:47:08,42.6023178100586,-8.87633419036865,"Female"
"9004153",371987,2025-06-05 19:51:55,42.6016960144043,-8.87600421905518,"Female"
"9004153",371987,2025-06-05 19:57:02,42.6014442443848,-8.87551784515381,"Female"
"9004153",371987,2025-06-05 20:02:02,42.6015014648438,-8.87537002563477,"Female"
"9004153",371987,2025-06-05 20:06:57,42.6014213562012,-8.87547206878662,"Female"
"9004153",371987,2025-06-05 20:12:10,42.6015739440918,-8.87654876708984,"Female"
"9004153",371987,2025-06-05 20:16:59,42.6011352539062,-8.87711429595947,"Female"
"9004153",371987,2025-06-05 20:21:56,42.6009979248047,-8.87713813781738,"Female"
"9004153",371987,2025-06-05 20:26:55,42.6016578674316,-8.87701034545898,"Female"
"9004153",371987,2025-06-05 20:31:56,42.6016845703125,-8.87630176544189,"Female"
"9004153",371987,2025-06-05 20:36:57,42.601936340332,-8.87632083892822,"Female"
"9004153",371987,2025-06-05 20:41:56,42.6014747619629,-8.87675476074219,"Female"
"9004153",371987,2025-06-05 20:47:14,42.6016082763672,-8.87698936462402,"Female"
"9004153",371987,2025-06-05 20:51:56,42.6012420654297,-8.87693691253662,"Female"
"9004153",371987,2025-06-05 20:56:55,42.6017532348633,-8.87638473510742,"Female"
"9004153",371987,2025-06-05 21:01:56,42.6013107299805,-8.87661170959473,"Female"
"9004153",371987,2025-06-05 21:06:55,42.6015472412109,-8.87672805786133,"Female"
"9004153",371987,2025-06-05 21:11:55,42.6016006469727,-8.87678050994873,"Female"
"9004153",371987,2025-06-05 21:16:55,42.6011810302734,-8.87749862670898,"Female"
"9004153",371987,2025-06-05 21:21:55,42.6013870239258,-8.87659168243408,"Female"
"9004153",371987,2025-06-05 21:26:55,42.6016311645508,-8.87671375274658,"Female"
"9004153",371987,2025-06-05 21:32:14,42.6014785766602,-8.87669563293457,"Female"
"9004153",371987,2025-06-05 21:36:56,42.6016006469727,-8.87673282623291,"Female"
"9004153",371987,2025-06-05 21:41:57,42.6016807556152,-8.87673950195312,"Female"
"9004153",371987,2025-06-05 21:46:55,42.6013412475586,-8.87653732299805,"Female"
"9004153",371987,2025-06-05 21:51:55,42.6017265319824,-8.87553119659424,"Female"
"9004153",371987,2025-06-05 21:56:55,42.6013603210449,-8.8765172958374,"Female"
"9004153",371987,2025-06-05 22:01:55,42.6014137268066,-8.87654781341553,"Female"
"9004153",371987,2025-06-05 22:06:55,42.6015319824219,-8.87643623352051,"Female"
"9004153",371987,2025-06-05 22:11:55,42.6012687683105,-8.8769359588623,"Female"
"9004153",371987,2025-06-05 22:16:55,42.6013336181641,-8.87657642364502,"Female"
"9004153",371987,2025-06-05 22:21:55,42.6013946533203,-8.87671375274658,"Female"
"9004153",371987,2025-06-05 22:26:57,42.6013870239258,-8.87651443481445,"Female"
"9004153",371987,2025-06-05 22:32:14,42.6014556884766,-8.87638378143311,"Female"
"9004153",371987,2025-06-05 22:36:55,42.601432800293,-8.87647533416748,"Female"
"9004153",371987,2025-06-05 22:41:55,42.601390838623,-8.87646865844727,"Female"
"9004153",371987,2025-06-05 22:46:57,42.6014785766602,-8.87643337249756,"Female"
"9004153",371987,2025-06-05 22:51:57,42.6015281677246,-8.87609195709229,"Female"
"9004153",371987,2025-06-05 22:56:55,42.6014633178711,-8.87626361846924,"Female"
"9004153",371987,2025-06-05 23:01:54,42.6014060974121,-8.87635326385498,"Female"
"9004153",371987,2025-06-05 23:06:55,42.6014404296875,-8.87639045715332,"Female"
"9004153",371987,2025-06-05 23:11:55,42.6014213562012,-8.87621974945068,"Female"
"9004153",371987,2025-06-05 23:16:55,42.601432800293,-8.87633609771729,"Female"
"9004153",371987,2025-06-05 23:21:55,42.6013946533203,-8.87635135650635,"Female"
"9004153",371987,2025-06-05 23:26:55,42.6013832092285,-8.8764762878418,"Female"
"9004153",371987,2025-06-05 23:31:57,42.6016578674316,-8.87643146514893,"Female"
"9004153",371987,2025-06-05 23:36:57,42.6017189025879,-8.87646961212158,"Female"
"9004153",371987,2025-06-05 23:41:58,42.6017761230469,-8.87639904022217,"Female"
"9004153",371987,2025-06-05 23:47:14,42.6014556884766,-8.87641525268555,"Female"
"9004153",371987,2025-06-05 23:51:55,42.601448059082,-8.87652015686035,"Female"
"9004153",371987,2025-06-05 23:56:55,42.601505279541,-8.87656116485596,"Female"
"9004153",371987,2025-06-06 00:01:55,42.6014938354492,-8.87653160095215,"Female"
"9004153",371987,2025-06-06 00:06:55,42.6015357971191,-8.87652397155762,"Female"
"9004153",371987,2025-06-06 00:11:55,42.6014518737793,-8.87652206420898,"Female"
"9004153",371987,2025-06-06 00:16:56,42.6015777587891,-8.8765115737915,"Female"
"9004153",371987,2025-06-06 00:21:55,42.6013793945312,-8.87649726867676,"Female"
"9004153",371987,2025-06-06 00:26:55,42.6012229919434,-8.87648582458496,"Female"
"9004153",371987,2025-06-06 00:32:06,42.6013641357422,-8.87645530700684,"Female"
"9004153",371987,2025-06-06 00:37:00,42.6014785766602,-8.87652587890625,"Female"
"9004153",371987,2025-06-06 00:42:01,42.6016044616699,-8.87675476074219,"Female"
"9004153",371987,2025-06-06 00:46:59,42.6013565063477,-8.87653350830078,"Female"
"9004153",371987,2025-06-06 00:52:10,42.6013679504395,-8.87643623352051,"Female"
"9004153",371987,2025-06-06 00:57:00,42.6016883850098,-8.87657833099365,"Female"
"9004153",371987,2025-06-06 01:01:58,42.6015090942383,-8.87669086456299,"Female"
"9004153",371987,2025-06-06 01:06:56,42.6012725830078,-8.87657833099365,"Female"
"9004153",371987,2025-06-06 01:11:55,42.6014175415039,-8.8766393661499,"Female"
"9004153",371987,2025-06-06 01:16:55,42.6014251708984,-8.87652969360352,"Female"
"9004153",371987,2025-06-06 01:21:55,42.6012992858887,-8.87644195556641,"Female"
"9004153",371987,2025-06-06 01:26:55,42.6014404296875,-8.87665367126465,"Female"
"9004153",371987,2025-06-06 01:31:55,42.6013793945312,-8.87656402587891,"Female"
"9004153",371987,2025-06-06 01:36:59,42.6013488769531,-8.87651920318604,"Female"
"9004153",371987,2025-06-06 01:41:58,42.6014862060547,-8.87665939331055,"Female"
"9004153",371987,2025-06-06 01:47:14,42.601490020752,-8.87666320800781,"Female"
"9004153",371987,2025-06-06 01:51:58,42.6015357971191,-8.87663650512695,"Female"
"9004153",371987,2025-06-06 01:56:55,42.6015663146973,-8.87661170959473,"Female"
"9004153",371987,2025-06-06 02:01:55,42.6014747619629,-8.8766975402832,"Female"
"9004153",371987,2025-06-06 02:06:55,42.6014747619629,-8.87667560577393,"Female"
"9004153",371987,2025-06-06 02:11:55,42.6016311645508,-8.8766622543335,"Female"
"9004153",371987,2025-06-06 02:16:58,42.6017189025879,-8.87677001953125,"Female"
"9004153",371987,2025-06-06 02:21:56,42.6017837524414,-8.87678050994873,"Female"
"9004153",371987,2025-06-06 02:26:56,42.6015930175781,-8.87662696838379,"Female"
"9004153",371987,2025-06-06 02:32:18,42.6015167236328,-8.87674331665039,"Female"
"9004153",371987,2025-06-06 02:36:57,42.6015396118164,-8.8767786026001,"Female"
"9004153",371987,2025-06-06 02:41:56,42.6016616821289,-8.87683773040771,"Female"
"9004153",371987,2025-06-06 02:47:11,42.6014366149902,-8.87665367126465,"Female"
"9004153",371987,2025-06-06 02:51:54,42.601432800293,-8.87661361694336,"Female"
"9004153",371987,2025-06-06 02:56:57,42.6015167236328,-8.87656211853027,"Female"
"9004153",371987,2025-06-06 03:01:57,42.601261138916,-8.8766393661499,"Female"
"9004153",371987,2025-06-06 03:07:03,42.6011276245117,-8.87668704986572,"Female"
"9004153",371987,2025-06-06 03:12:10,42.6014785766602,-8.87677955627441,"Female"
"9004153",371987,2025-06-06 03:17:13,42.6014251708984,-8.87662220001221,"Female"
"9004153",371987,2025-06-06 03:21:57,42.601676940918,-8.87660217285156,"Female"
"9004153",371987,2025-06-06 03:26:58,42.6017837524414,-8.87645435333252,"Female"
"9004153",371987,2025-06-06 03:31:57,42.6017990112305,-8.87673091888428,"Female"
"9004153",371987,2025-06-06 03:37:05,42.6014785766602,-8.87680053710938,"Female"
"9004153",371987,2025-06-06 03:41:54,42.6014595031738,-8.87664604187012,"Female"
"9004153",371987,2025-06-06 03:47:14,42.6014404296875,-8.87658882141113,"Female"
"9004153",371987,2025-06-06 03:51:58,42.6017379760742,-8.8763370513916,"Female"
"9004153",371987,2025-06-06 03:57:07,42.6014671325684,-8.87656021118164,"Female"
"9004153",371987,2025-06-06 04:01:59,42.6018257141113,-8.87619209289551,"Female"
"9004153",371987,2025-06-06 04:07:00,42.6018142700195,-8.87621784210205,"Female"
"9004153",371987,2025-06-06 04:12:05,42.6015243530273,-8.87652111053467,"Female"
"9004153",371987,2025-06-06 04:17:07,42.6015434265137,-8.87650108337402,"Female"
"9004153",371987,2025-06-06 04:21:58,42.601692199707,-8.87630844116211,"Female"
"9004153",371987,2025-06-06 04:27:10,42.6015434265137,-8.87652206420898,"Female"
"9004153",371987,2025-06-06 04:32:07,42.6015586853027,-8.87645816802979,"Female"
"9004153",371987,2025-06-06 04:37:06,42.6015129089355,-8.87662220001221,"Female"
"9004153",371987,2025-06-06 04:42:08,42.6015586853027,-8.87663173675537,"Female"
"9004153",371987,2025-06-06 04:47:36,42.6016426086426,-8.87672519683838,"Female"
"9004153",371987,2025-06-06 04:52:06,42.6016273498535,-8.87670993804932,"Female"
"9004153",371987,2025-06-06 04:57:09,42.6015548706055,-8.87673091888428,"Female"
"9004153",371987,2025-06-06 05:02:07,42.6011199951172,-8.87718677520752,"Female"
"9004153",371987,2025-06-06 05:07:08,42.6008377075195,-8.87743282318115,"Female"
"9004153",371987,2025-06-06 05:12:08,42.6008224487305,-8.87762641906738,"Female"
"9004153",371987,2025-06-06 05:17:08,42.600700378418,-8.87771606445312,"Female"
"9004153",371987,2025-06-06 05:22:05,42.6008682250977,-8.87765693664551,"Female"
"9004153",371987,2025-06-06 05:27:08,42.6008415222168,-8.87784576416016,"Female"
"9004153",371987,2025-06-06 05:32:09,42.6008148193359,-8.87785911560059,"Female"
"9004153",371987,2025-06-06 05:37:01,42.6008071899414,-8.87793636322021,"Female"
"9004153",371987,2025-06-06 05:41:55,42.60107421875,-8.87680053710938,"Female"
"9004153",371987,2025-06-06 05:46:56,42.6010513305664,-8.8773136138916,"Female"
"9004153",371987,2025-06-06 05:51:54,42.6010551452637,-8.87703895568848,"Female"
"9004153",371987,2025-06-06 05:56:54,42.6010971069336,-8.87721824645996,"Female"
"9004153",371987,2025-06-06 06:01:55,42.6011734008789,-8.87769412994385,"Female"
"9004153",371987,2025-06-06 06:07:14,42.6011352539062,-8.87722015380859,"Female"
"9004153",371987,2025-06-06 06:11:54,42.6011848449707,-8.87663269042969,"Female"
"9004153",371987,2025-06-06 06:16:54,42.6012382507324,-8.87673854827881,"Female"
"9004153",371987,2025-06-06 06:22:10,42.6007537841797,-8.87466049194336,"Female"
"9004153",371987,2025-06-06 06:27:07,42.6014518737793,-8.87292861938477,"Female"
"9004153",371987,2025-06-06 06:32:32,42.6026344299316,-8.87206077575684,"Female"
"9004153",371987,2025-06-06 06:37:49,42.6037254333496,-8.8714656829834,"Female"
"9004153",371987,2025-06-06 06:43:10,42.6048927307129,-8.87111473083496,"Female"
"9004153",371987,2025-06-06 06:48:09,42.6038551330566,-8.87295818328857,"Female"
"9004153",371987,2025-06-06 06:53:09,42.6014747619629,-8.87683963775635,"Female"
"9004153",371987,2025-06-06 06:58:09,42.6014976501465,-8.87680721282959,"Female"
"9004153",371987,2025-06-06 07:03:09,42.6014709472656,-8.87681579589844,"Female"
"9004153",371987,2025-06-06 07:08:44,42.6015472412109,-8.87668323516846,"Female"
"9004153",371987,2025-06-06 07:13:09,42.6015815734863,-8.87666034698486,"Female"
"9004153",371987,2025-06-06 07:18:09,42.6015434265137,-8.87672233581543,"Female"
"9004153",371987,2025-06-06 07:23:09,42.6015510559082,-8.87676620483398,"Female"
"9004153",371987,2025-06-06 07:28:09,42.6015472412109,-8.8766918182373,"Female"
"9004153",371987,2025-06-06 07:33:09,42.6015243530273,-8.87674427032471,"Female"
"9004153",371987,2025-06-06 07:38:09,42.6015548706055,-8.87668704986572,"Female"
"9004153",371987,2025-06-06 07:43:09,42.601634979248,-8.87673759460449,"Female"
"9004153",371987,2025-06-06 07:48:09,42.6014823913574,-8.87669563293457,"Female"
"9004153",371987,2025-06-06 07:53:09,42.6015586853027,-8.87675380706787,"Female"
"9004153",371987,2025-06-06 07:58:09,42.6015701293945,-8.8767204284668,"Female"
"9004153",371987,2025-06-06 08:03:09,42.6015167236328,-8.87678718566895,"Female"
"9004153",371987,2025-06-06 08:08:09,42.6015701293945,-8.87678050994873,"Female"
"9004153",371987,2025-06-06 08:13:09,42.6016235351562,-8.87675952911377,"Female"
"9004153",371987,2025-06-06 08:18:09,42.6015625,-8.87671756744385,"Female"
"9004153",371987,2025-06-06 08:23:38,42.5990142822266,-8.87459754943848,"Female"
"9004153",371987,2025-06-06 08:28:37,42.5978546142578,-8.8744068145752,"Female"
"9004153",371987,2025-06-06 08:34:02,42.597728729248,-8.87524795532227,"Female"
"9004153",371987,2025-06-06 08:39:35,42.5981407165527,-8.87414741516113,"Female"
"9004153",371987,2025-06-06 08:44:46,42.599250793457,-8.87269496917725,"Female"
"9004153",371987,2025-06-06 08:49:47,42.6005096435547,-8.87178516387939,"Female"
"9004153",371987,2025-06-06 08:54:46,42.6003570556641,-8.8720006942749,"Female"
"9004153",371987,2025-06-06 08:59:59,42.5996475219727,-8.87258052825928,"Female"
"9004153",371987,2025-06-06 09:05:00,42.6001281738281,-8.87269401550293,"Female"
"9004153",371987,2025-06-06 09:09:59,42.6005096435547,-8.87372875213623,"Female"
"9004153",371987,2025-06-06 09:14:59,42.6017265319824,-8.87405300140381,"Female"
"9004153",371987,2025-06-06 09:19:59,42.6017189025879,-8.87402439117432,"Female"
"9004153",371987,2025-06-06 09:24:59,42.6016998291016,-8.87399387359619,"Female"
"9004153",371987,2025-06-06 09:30:00,42.6017227172852,-8.87398624420166,"Female"
"9004153",371987,2025-06-06 09:34:59,42.6018943786621,-8.87390613555908,"Female"
"9004153",371987,2025-06-06 09:39:59,42.6016235351562,-8.87634658813477,"Female"
"9004153",371987,2025-06-06 09:44:59,42.601692199707,-8.87637042999268,"Female"
"9004153",371987,2025-06-06 09:49:59,42.6016998291016,-8.87636852264404,"Female"
"9004153",371987,2025-06-06 09:54:59,42.6016960144043,-8.87637519836426,"Female"
"9004153",371987,2025-06-06 09:59:59,42.6016273498535,-8.87646389007568,"Female"
"9004153",371987,2025-06-06 10:05:01,42.6015357971191,-8.87634944915771,"Female"
"9004153",371987,2025-06-06 10:10:00,42.6016578674316,-8.87648582458496,"Female"
"9004153",371987,2025-06-06 10:15:00,42.6016731262207,-8.87648868560791,"Female"
"9004153",371987,2025-06-06 10:20:00,42.6016387939453,-8.87612247467041,"Female"
"9004153",371987,2025-06-06 10:24:59,42.6016235351562,-8.87665176391602,"Female"
"9004153",371987,2025-06-06 10:29:59,42.6013488769531,-8.87575721740723,"Female"
"9004153",371987,2025-06-06 10:34:59,42.6014442443848,-8.87576484680176,"Female"
"9004153",371987,2025-06-06 10:40:00,42.6013984680176,-8.87559604644775,"Female"
"9004153",371987,2025-06-06 10:45:00,42.601390838623,-8.87556838989258,"Female"
"9004153",371987,2025-06-06 10:50:06,42.6016693115234,-8.87620258331299,"Female"
"9004153",371987,2025-06-06 10:55:00,42.6021270751953,-8.87747859954834,"Female"
"9004153",371987,2025-06-06 11:00:02,42.601936340332,-8.87630748748779,"Female"
"9004153",371987,2025-06-06 11:05:01,42.6020278930664,-8.87682056427002,"Female"
"9004153",371987,2025-06-06 11:09:59,42.6014251708984,-8.87737655639648,"Female"
"9004153",371987,2025-06-06 11:14:59,42.6049156188965,-8.87374687194824,"Female"
"9004153",371987,2025-06-06 11:20:36,42.6059150695801,-8.87124919891357,"Female"
"9004153",371987,2025-06-06 11:25:31,42.6068496704102,-8.87075901031494,"Female"
"9004153",371987,2025-06-06 11:30:39,42.6080703735352,-8.87032222747803,"Female"
"9004153",371987,2025-06-06 11:35:57,42.6073379516602,-8.87142372131348,"Female"
"9004153",371987,2025-06-06 11:41:29,42.6061782836914,-8.87283992767334,"Female"
"9004153",371987,2025-06-06 11:46:41,42.6058387756348,-8.87311840057373,"Female"
"9004153",371987,2025-06-06 11:52:02,42.6056823730469,-8.87377262115479,"Female"
"9004153",371987,2025-06-06 11:57:11,42.6054077148438,-8.8743782043457,"Female"
"9004153",371987,2025-06-06 12:02:42,42.6059761047363,-8.87398910522461,"Female"
"9004153",371987,2025-06-06 12:07:44,42.6056671142578,-8.87418842315674,"Female"
"9004153",371987,2025-06-06 12:16:24,42.6034202575684,-8.87603950500488,"Female"
"9004153",371987,2025-06-06 12:21:27,42.6027870178223,-8.87625503540039,"Female"
"9004153",371987,2025-06-06 12:26:59,42.6025199890137,-8.87653350830078,"Female"
"9004153",371987,2025-06-06 12:31:23,42.6024398803711,-8.87693214416504,"Female"
"9004153",371987,2025-06-06 12:36:22,42.6023788452148,-8.87682342529297,"Female"
"9004153",371987,2025-06-06 12:41:22,42.602367401123,-8.87687587738037,"Female"
"9004153",371987,2025-06-06 12:46:23,42.6023178100586,-8.87666988372803,"Female"
"9004153",371987,2025-06-06 12:51:22,42.6024017333984,-8.87671852111816,"Female"
"9004153",371987,2025-06-06 12:56:22,42.6023597717285,-8.87680625915527,"Female"
"9004153",371987,2025-06-06 13:01:22,42.6023979187012,-8.87692832946777,"Female"
"9004153",371987,2025-06-06 13:06:23,42.602367401123,-8.87676429748535,"Female"
"9004153",371987,2025-06-06 13:11:22,42.6023864746094,-8.87677574157715,"Female"
"9004153",371987,2025-06-06 13:16:22,42.6023750305176,-8.87677955627441,"Female"
"9004153",371987,2025-06-06 13:21:22,42.6023864746094,-8.87684059143066,"Female"
"9004153",371987,2025-06-06 13:26:22,42.6023941040039,-8.87674617767334,"Female"
"9004153",371987,2025-06-06 13:31:22,42.602352142334,-8.87669944763184,"Female"
"9004153",371987,2025-06-06 13:36:22,42.6024360656738,-8.87664604187012,"Female"
"9004153",371987,2025-06-06 13:41:22,42.6023712158203,-8.87685012817383,"Female"
"9004153",371987,2025-06-06 13:46:22,42.6023750305176,-8.8767261505127,"Female"
"9004153",371987,2025-06-06 13:51:22,42.6023292541504,-8.87665176391602,"Female"
"9004153",371987,2025-06-06 13:56:22,42.6023292541504,-8.87656116485596,"Female"
"9004153",371987,2025-06-06 14:01:22,42.6023864746094,-8.87659645080566,"Female"
"9004153",371987,2025-06-06 14:06:22,42.602409362793,-8.87656784057617,"Female"
"9004153",371987,2025-06-06 14:11:22,42.6024894714355,-8.87641143798828,"Female"
"9004153",371987,2025-06-06 14:16:22,42.6025466918945,-8.87673282623291,"Female"
"9004153",371987,2025-06-06 14:21:22,42.602222442627,-8.87704849243164,"Female"
"9004153",371987,2025-06-06 14:26:23,42.6045074462891,-8.87603282928467,"Female"
"9004153",371987,2025-06-06 14:31:22,42.6053733825684,-8.87523078918457,"Female"
"9004153",371987,2025-06-06 14:36:52,42.605541229248,-8.87456512451172,"Female"
"9004153",371987,2025-06-06 14:42:32,42.6047744750977,-8.8748950958252,"Female"
"9004153",371987,2025-06-06 14:48:12,42.6028251647949,-8.87663459777832,"Female"
"9004153",371987,2025-06-06 14:53:11,42.6023941040039,-8.87697124481201,"Female"
"9004153",371987,2025-06-06 14:58:11,42.6024513244629,-8.87703227996826,"Female"
"9004153",371987,2025-06-06 15:03:11,42.6023750305176,-8.87708950042725,"Female"
"9004153",371987,2025-06-06 15:08:11,42.6024131774902,-8.87709331512451,"Female"
"9004153",371987,2025-06-06 15:13:11,42.6023330688477,-8.87698936462402,"Female"
"9004153",371987,2025-06-06 15:18:11,42.6023941040039,-8.87692260742188,"Female"
"9004153",371987,2025-06-06 15:23:11,42.6023941040039,-8.87695503234863,"Female"
"9004153",371987,2025-06-06 15:28:12,42.6023254394531,-8.87684535980225,"Female"
"9004153",371987,2025-06-06 15:33:11,42.6024398803711,-8.87695121765137,"Female"
"9004153",371987,2025-06-06 15:38:11,42.6024551391602,-8.87693405151367,"Female"
"9004153",371987,2025-06-06 15:43:11,42.6024436950684,-8.87699604034424,"Female"
"9004153",371987,2025-06-06 15:48:11,42.6024513244629,-8.87698554992676,"Female"
"9004153",371987,2025-06-06 15:53:15,42.6024322509766,-8.87683582305908,"Female"
"9004153",371987,2025-06-06 15:58:44,42.6024284362793,-8.87662792205811,"Female"
"9004153",371987,2025-06-06 16:03:11,42.6024475097656,-8.8766450881958,"Female"
"9004153",371987,2025-06-06 16:08:11,42.6024360656738,-8.87700366973877,"Female"
"9004153",371987,2025-06-06 16:13:12,42.6023712158203,-8.87691688537598,"Female"
"9004153",371987,2025-06-06 16:18:11,42.6023597717285,-8.87712478637695,"Female"
"9004153",371987,2025-06-06 16:23:11,42.6024017333984,-8.87697124481201,"Female"
"9004153",371987,2025-06-06 16:28:10,42.6023368835449,-8.87710380554199,"Female"
"9004153",371987,2025-06-06 16:33:12,42.6022834777832,-8.87727165222168,"Female"
"9004153",371987,2025-06-06 16:38:13,42.6022796630859,-8.87717723846436,"Female"
"9004153",371987,2025-06-06 16:43:11,42.6022415161133,-8.87709331512451,"Female"
"9004153",371987,2025-06-06 16:48:20,42.6026992797852,-8.8767147064209,"Female"
"9004153",371987,2025-06-06 16:53:15,42.6026992797852,-8.87671089172363,"Female"
"9004153",371987,2025-06-06 16:58:11,42.6019554138184,-8.87718677520752,"Female"
"9004153",371987,2025-06-06 17:03:29,42.6028861999512,-8.87766170501709,"Female"
"9004153",371987,2025-06-06 17:08:35,42.6023826599121,-8.87669658660889,"Female"
"9004153",371987,2025-06-06 17:13:11,42.6022720336914,-8.87650012969971,"Female"
"9004153",371987,2025-06-06 17:18:10,42.6022682189941,-8.8765869140625,"Female"
"9004153",371987,2025-06-06 17:23:11,42.6023139953613,-8.87653255462646,"Female"
"9004153",371987,2025-06-06 17:28:11,42.6023063659668,-8.87661170959473,"Female"
"9004153",371987,2025-06-06 17:33:12,42.6025276184082,-8.87711811065674,"Female"
"9004153",371987,2025-06-06 17:38:11,42.6021881103516,-8.87663745880127,"Female"
"9004153",371987,2025-06-06 17:43:12,42.6022758483887,-8.876633644104,"Female"
"9004153",371987,2025-06-06 17:48:10,42.602222442627,-8.87674331665039,"Female"
"9004153",371987,2025-06-06 17:53:11,42.6023292541504,-8.87669086456299,"Female"
"9004153",371987,2025-06-06 17:58:10,42.6022415161133,-8.87672519683838,"Female"
"9004153",371987,2025-06-06 18:03:10,42.6022911071777,-8.87667083740234,"Female"
"9004153",371987,2025-06-06 18:08:10,42.6023406982422,-8.87673854827881,"Female"
"9004153",371987,2025-06-06 18:13:10,42.602352142334,-8.87668609619141,"Female"
"9004153",371987,2025-06-06 18:18:11,42.6022758483887,-8.87673187255859,"Female"
"9004153",371987,2025-06-06 18:23:11,42.6022605895996,-8.87665176391602,"Female"
"9004153",371987,2025-06-06 18:28:35,42.6022491455078,-8.87668418884277,"Female"
"9004153",371987,2025-06-06 18:33:11,42.6022567749023,-8.87668895721436,"Female"
"9004153",371987,2025-06-06 18:38:10,42.6023254394531,-8.87669467926025,"Female"
"9004153",371987,2025-06-06 18:43:11,42.6022529602051,-8.8767614364624,"Female"
"9004153",371987,2025-06-06 18:48:10,42.6022262573242,-8.87669372558594,"Female"
"9004153",371987,2025-06-06 18:53:10,42.6023139953613,-8.87672424316406,"Female"
"9004153",371987,2025-06-06 18:58:10,42.6022338867188,-8.87670516967773,"Female"
"9004153",371987,2025-06-06 19:03:10,42.6023216247559,-8.8766918182373,"Female"
"9004153",371987,2025-06-06 19:08:11,42.601390838623,-8.87658786773682,"Female"
"9004153",371987,2025-06-06 19:13:11,42.6014022827148,-8.87668609619141,"Female"
"9004153",371987,2025-06-06 19:18:11,42.6014137268066,-8.87662410736084,"Female"
"9004153",371987,2025-06-06 19:23:11,42.6014137268066,-8.8765754699707,"Female"
"9004153",371987,2025-06-06 19:28:11,42.6014633178711,-8.87660217285156,"Female"
"9004153",371987,2025-06-06 19:33:11,42.6014556884766,-8.87665939331055,"Female"
"9004153",371987,2025-06-06 19:38:10,42.6014022827148,-8.87658882141113,"Female"
"9004153",371987,2025-06-06 19:43:11,42.6014099121094,-8.87659358978271,"Female"
"9004153",371987,2025-06-06 19:48:11,42.6013946533203,-8.87657260894775,"Female"
"9004153",371987,2025-06-06 19:53:11,42.6013603210449,-8.87656402587891,"Female"
"9004153",371987,2025-06-06 19:58:11,42.6013221740723,-8.87661170959473,"Female"
"9004153",371987,2025-06-06 20:03:11,42.6013221740723,-8.87648582458496,"Female"
"9004153",371987,2025-06-06 20:08:11,42.6013488769531,-8.87653636932373,"Female"
"9004153",371987,2025-06-06 20:13:11,42.601261138916,-8.87632465362549,"Female"
"9004153",371987,2025-06-06 20:18:11,42.601261138916,-8.87637615203857,"Female"
"9004153",371987,2025-06-06 20:23:34,42.6023330688477,-8.87668609619141,"Female"
"9004153",371987,2025-06-06 20:28:12,42.6023025512695,-8.87677574157715,"Female"
"9004153",371987,2025-06-06 20:33:16,42.6022186279297,-8.87675476074219,"Female"
"9004153",371987,2025-06-06 20:38:15,42.6023025512695,-8.87664985656738,"Female"
"9004153",371987,2025-06-06 20:43:22,42.602222442627,-8.8767557144165,"Female"
"9004153",371987,2025-06-06 20:48:44,42.6022682189941,-8.87671947479248,"Female"
"9004153",371987,2025-06-06 20:53:17,42.6023788452148,-8.87651920318604,"Female"
"9004153",371987,2025-06-06 20:58:17,42.6025276184082,-8.87651348114014,"Female"
"9004153",371987,2025-06-06 21:03:19,42.6023139953613,-8.87697792053223,"Female"
"9004153",371987,2025-06-06 21:08:18,42.6023750305176,-8.87673664093018,"Female"
"9004153",371987,2025-06-06 21:13:22,42.6023101806641,-8.87687110900879,"Female"
"9004153",371987,2025-06-06 21:18:24,42.6021614074707,-8.87645721435547,"Female"
"9004153",371987,2025-06-06 21:23:24,42.6023330688477,-8.87674903869629,"Female"
"9004153",371987,2025-06-06 21:28:23,42.6020317077637,-8.8762845993042,"Female"
"9004153",371987,2025-06-06 21:33:25,42.6023445129395,-8.87634468078613,"Female"
"9004153",371987,2025-06-06 21:38:25,42.6021995544434,-8.87646865844727,"Female"
"9004153",371987,2025-06-06 21:43:33,42.6022720336914,-8.8766975402832,"Female"
"9004153",371987,2025-06-06 21:48:44,42.6024475097656,-8.8765697479248,"Female"
"9004153",371987,2025-06-06 21:53:18,42.603199005127,-8.87524795532227,"Female"
"9004153",371987,2025-06-06 21:58:30,42.6010093688965,-8.87687301635742,"Female"
"9004153",371987,2025-06-06 22:03:24,42.6013107299805,-8.87691402435303,"Female"
"9004153",371987,2025-06-06 22:08:41,42.6010513305664,-8.87708759307861,"Female"
"9004153",371987,2025-06-06 22:13:17,42.602237701416,-8.87750625610352,"Female"
"9004153",371987,2025-06-06 22:18:19,42.6023826599121,-8.87648296356201,"Female"
"9004153",371987,2025-06-06 22:23:53,42.6023368835449,-8.87651824951172,"Female"
"9004153",371987,2025-06-06 22:28:19,42.6024971008301,-8.87659072875977,"Female"
"9004153",371987,2025-06-06 22:33:18,42.6023826599121,-8.87664031982422,"Female"
"9004153",371987,2025-06-06 22:38:21,42.602294921875,-8.87659454345703,"Female"
"9004153",371987,2025-06-06 22:43:21,42.6023139953613,-8.87661552429199,"Female"
"9004153",371987,2025-06-06 22:48:44,42.6024055480957,-8.87661170959473,"Female"
"9004153",371987,2025-06-06 22:53:22,42.6023635864258,-8.87669277191162,"Female"
"9004153",371987,2025-06-06 22:58:17,42.6024551391602,-8.87672233581543,"Female"
"9004153",371987,2025-06-06 23:03:36,42.6023254394531,-8.87685203552246,"Female"
"9004153",371987,2025-06-06 23:08:18,42.6024742126465,-8.87650203704834,"Female"
"9004153",371987,2025-06-06 23:13:17,42.6024627685547,-8.87670135498047,"Female"
"9004153",371987,2025-06-06 23:18:18,42.6022987365723,-8.87659072875977,"Female"
"9004153",371987,2025-06-06 23:23:17,42.6023597717285,-8.87657737731934,"Female"
"9004153",371987,2025-06-06 23:28:18,42.6023597717285,-8.87649822235107,"Female"
"9004153",371987,2025-06-06 23:33:18,42.6023597717285,-8.8769416809082,"Female"
"9004153",371987,2025-06-06 23:38:24,42.6023254394531,-8.87687206268311,"Female"
"9004153",371987,2025-06-06 23:43:18,42.6023635864258,-8.87689876556396,"Female"
"9004153",371987,2025-06-06 23:48:22,42.6023635864258,-8.87677001953125,"Female"
"9004153",371987,2025-06-06 23:53:23,42.6023292541504,-8.87689113616943,"Female"
"9004153",371987,2025-06-06 23:58:22,42.6023139953613,-8.87642669677734,"Female"
"9004153",371987,2025-06-07 00:03:20,42.6023864746094,-8.87648963928223,"Female"
"9004153",371987,2025-06-07 00:08:30,42.6024131774902,-8.87658023834229,"Female"
"9004153",371987,2025-06-07 00:13:24,42.6023750305176,-8.87632369995117,"Female"
"9004153",371987,2025-06-07 00:18:25,42.6024017333984,-8.87598133087158,"Female"
"9004153",371987,2025-06-07 00:23:30,42.6023597717285,-8.87611484527588,"Female"
"9004153",371987,2025-06-07 00:28:30,42.6023635864258,-8.8770055770874,"Female"
"9004153",371987,2025-06-07 00:33:34,42.602367401123,-8.87618732452393,"Female"
"9004153",371987,2025-06-07 00:38:52,42.6024131774902,-8.87640953063965,"Female"
"9004153",371987,2025-06-07 00:43:25,42.6025085449219,-8.87655830383301,"Female"
"9004153",371987,2025-06-07 00:48:28,42.6024322509766,-8.87656116485596,"Female"
"9004153",371987,2025-06-07 00:53:30,42.6025047302246,-8.87644577026367,"Female"
"9004153",371987,2025-06-07 00:58:23,42.6025657653809,-8.87659740447998,"Female"
"9004153",371987,2025-06-07 01:03:44,42.6026496887207,-8.87649917602539,"Female"
"9004153",371987,2025-06-07 01:08:18,42.6024932861328,-8.87668418884277,"Female"
"9004153",371987,2025-06-07 01:13:18,42.6025085449219,-8.8766918182373,"Female"
"9004153",371987,2025-06-07 01:19:40,42.6022682189941,-8.87654399871826,"Female"
"9004153",371987,2025-06-07 01:24:40,42.602367401123,-8.87668037414551,"Female"
"9004153",371987,2025-06-07 01:29:40,42.6021881103516,-8.87673568725586,"Female"
"9004153",371987,2025-06-07 01:34:40,42.6023788452148,-8.87669849395752,"Female"
"9004153",371987,2025-06-07 01:38:53,42.6022796630859,-8.87676620483398,"Female"
"9004153",371987,2025-06-07 01:43:24,42.6023216247559,-8.87677669525146,"Female"
"9004153",371987,2025-06-07 01:48:19,42.6023254394531,-8.87683200836182,"Female"
"9004153",371987,2025-06-07 01:53:19,42.6023063659668,-8.8768835067749,"Female"
"9004153",371987,2025-06-07 01:58:19,42.6023101806641,-8.87683200836182,"Female"
"9004153",371987,2025-06-07 02:03:17,42.6020774841309,-8.87898254394531,"Female"
"9004153",371987,2025-06-07 02:08:23,42.6025314331055,-8.87639808654785,"Female"
"9004153",371987,2025-06-07 02:13:18,42.6024131774902,-8.8765869140625,"Female"
"9004153",371987,2025-06-07 02:18:25,42.6023788452148,-8.87674045562744,"Female"
"9004153",371987,2025-06-07 02:23:20,42.6023559570312,-8.87664318084717,"Female"
"9004153",371987,2025-06-07 02:28:17,42.6024360656738,-8.87663555145264,"Female"
"9004153",371987,2025-06-07 02:33:44,42.602481842041,-8.87668037414551,"Female"
"9004153",371987,2025-06-07 02:38:20,42.602367401123,-8.87662887573242,"Female"
"9004153",371987,2025-06-07 02:43:23,42.6023979187012,-8.87662792205811,"Female"
"9004153",371987,2025-06-07 02:48:20,42.6023635864258,-8.87667560577393,"Female"
"9004153",371987,2025-06-07 02:53:19,42.6024513244629,-8.87679386138916,"Female"
"9004153",371987,2025-06-07 02:58:24,42.6022567749023,-8.87668037414551,"Female"
"9004153",371987,2025-06-07 03:03:24,42.6024017333984,-8.87676525115967,"Female"
"9004153",371987,2025-06-07 03:08:28,42.602409362793,-8.87679672241211,"Female"
"9004153",371987,2025-06-07 03:13:27,42.602409362793,-8.87675666809082,"Female"
"9004153",371987,2025-06-07 03:18:53,42.6024398803711,-8.87669849395752,"Female"
"9004153",371987,2025-06-07 03:23:19,42.6025047302246,-8.87666797637939,"Female"
"9004153",371987,2025-06-07 03:28:17,42.6024971008301,-8.87677574157715,"Female"
"9004153",371987,2025-06-07 03:33:19,42.602466583252,-8.87681674957275,"Female"
"9004153",371987,2025-06-07 03:38:20,42.6025047302246,-8.87679576873779,"Female"
"9004153",371987,2025-06-07 03:43:38,42.6024131774902,-8.8768892288208,"Female"
"9004153",371987,2025-06-07 03:48:23,42.6023864746094,-8.87688827514648,"Female"
"9004153",371987,2025-06-07 03:53:20,42.6022911071777,-8.87674617767334,"Female"
"9004153",371987,2025-06-07 03:58:53,42.6024017333984,-8.87686443328857,"Female"
"9004153",371987,2025-06-07 04:03:33,42.602294921875,-8.87683773040771,"Female"
"9004153",371987,2025-06-07 04:09:08,42.6023750305176,-8.87679672241211,"Female"
"9004153",371987,2025-06-07 04:13:51,42.6023178100586,-8.87678718566895,"Female"
"9004153",371987,2025-06-07 04:18:19,42.6023902893066,-8.87677669525146,"Female"
"9004153",371987,2025-06-07 04:23:22,42.6022186279297,-8.87685775756836,"Female"
"9004153",371987,2025-06-07 04:28:18,42.6023216247559,-8.87768363952637,"Female"
"9004153",371987,2025-06-07 04:33:17,42.6022720336914,-8.87638664245605,"Female"
"9004153",371987,2025-06-07 04:38:17,42.6022758483887,-8.87659168243408,"Female"
"9004153",371987,2025-06-07 04:43:17,42.6023635864258,-8.87651920318604,"Female"
"9004153",371987,2025-06-07 04:48:18,42.6021957397461,-8.87727546691895,"Female"
"9004153",371987,2025-06-07 04:53:18,42.6024513244629,-8.87685489654541,"Female"
"9004153",371987,2025-06-07 04:58:20,42.602294921875,-8.87688064575195,"Female"
"9004153",371987,2025-06-07 05:03:34,42.6024551391602,-8.87662506103516,"Female"
"9004153",371987,2025-06-07 05:08:17,42.6014747619629,-8.87685298919678,"Female"
"9004153",371987,2025-06-07 05:13:16,42.6015548706055,-8.87680244445801,"Female"
"9004153",371987,2025-06-07 05:18:17,42.6014251708984,-8.87674808502197,"Female"
"9004153",371987,2025-06-07 05:23:17,42.6014938354492,-8.87685585021973,"Female"
"9004153",371987,2025-06-07 05:28:17,42.6015472412109,-8.87668514251709,"Female"
"9004153",371987,2025-06-07 05:33:17,42.6015243530273,-8.8766040802002,"Female"
"9004153",371987,2025-06-07 05:38:17,42.6015129089355,-8.87666702270508,"Female"
"9004153",371987,2025-06-07 05:43:17,42.6015205383301,-8.8766975402832,"Female"
"9004153",371987,2025-06-07 05:48:17,42.6015014648438,-8.87666416168213,"Female"
"9004153",371987,2025-06-07 05:53:17,42.6015281677246,-8.87670421600342,"Female"
"9004153",371987,2025-06-07 05:58:18,42.6014709472656,-8.8765172958374,"Female"
"9004153",371987,2025-06-07 06:03:17,42.6015319824219,-8.87676429748535,"Female"
"9004153",371987,2025-06-07 06:08:17,42.6015434265137,-8.8767147064209,"Female"
"9004153",371987,2025-06-07 06:13:18,42.601505279541,-8.87691497802734,"Female"
"9004153",371987,2025-06-07 06:18:17,42.6014862060547,-8.87665557861328,"Female"
"9004153",371987,2025-06-07 06:23:17,42.6014671325684,-8.87663173675537,"Female"
"9004153",371987,2025-06-07 06:28:17,42.6015090942383,-8.87656784057617,"Female"
"9004153",371987,2025-06-07 06:33:17,42.6014442443848,-8.87659072875977,"Female"
"9004153",371987,2025-06-07 06:38:18,42.6014556884766,-8.87647247314453,"Female"
"9004153",371987,2025-06-07 06:43:17,42.6013526916504,-8.87626934051514,"Female"
"9004153",371987,2025-06-07 06:48:18,42.601245880127,-8.87612247467041,"Female"
"9004153",371987,2025-06-07 06:53:19,42.6011085510254,-8.87621402740479,"Female"
"9004153",371987,2025-06-07 06:58:17,42.6012229919434,-8.87619400024414,"Female"
"9004153",371987,2025-06-07 07:03:25,42.6010856628418,-8.8758544921875,"Female"
"9004153",371987,2025-06-07 07:08:17,42.600715637207,-8.87550163269043,"Female"
"9004153",371987,2025-06-07 07:13:18,42.6029281616211,-8.86531639099121,"Female"
"9004153",371987,2025-06-07 07:18:19,42.6038665771484,-8.86531352996826,"Female"
"9004153",371987,2025-06-07 07:23:43,42.6036605834961,-8.86429500579834,"Female"
"9004153",371987,2025-06-07 07:28:52,42.6044311523438,-8.86830902099609,"Female"
"9004153",371987,2025-06-07 07:34:23,42.6038093566895,-8.86980247497559,"Female"
"9004153",371987,2025-06-07 07:39:31,42.60302734375,-8.87914371490479,"Female"
"9004153",371987,2025-06-07 07:44:21,42.6030616760254,-8.87926006317139,"Female"
"9004153",371987,2025-06-07 07:49:23,42.6025657653809,-8.87837219238281,"Female"
"9004153",371987,2025-06-07 07:54:22,42.602352142334,-8.8778133392334,"Female"
"9004153",371987,2025-06-07 07:59:24,42.6018714904785,-8.87673568725586,"Female"
"9004153",371987,2025-06-07 08:04:24,42.6018600463867,-8.87670516967773,"Female"
"9004153",371987,2025-06-07 08:09:24,42.601879119873,-8.87668228149414,"Female"
"9004153",371987,2025-06-07 08:14:44,42.6014366149902,-8.87660026550293,"Female"
"9004153",371987,2025-06-07 08:19:21,42.6018676757812,-8.8769588470459,"Female"
"9004153",371987,2025-06-07 08:24:21,42.6017799377441,-8.87716579437256,"Female"
"9004153",371987,2025-06-07 08:29:21,42.6017951965332,-8.8770694732666,"Female"
"9004153",371987,2025-06-07 08:34:23,42.6020622253418,-8.87735939025879,"Female"
"9004153",371987,2025-06-07 08:39:21,42.6018524169922,-8.87668704986572,"Female"
"9004153",371987,2025-06-07 08:44:24,42.6017761230469,-8.87724494934082,"Female"
"9004153",371987,2025-06-07 08:49:26,42.6020011901855,-8.87631511688232,"Female"
"9004153",371987,2025-06-07 08:54:26,42.6020050048828,-8.87628364562988,"Female"
"9004153",371987,2025-06-07 09:00:32,42.6050643920898,-8.87442970275879,"Female"
"9004153",371987,2025-06-07 09:06:43,42.6055183410645,-8.87584209442139,"Female"
"9004153",371987,2025-06-07 09:11:50,42.605842590332,-8.87468147277832,"Female"
"9004153",371987,2025-06-07 09:17:24,42.6052513122559,-8.87357425689697,"Female"
"9004153",371987,2025-06-07 09:22:36,42.6047821044922,-8.87277126312256,"Female"
"9004153",371987,2025-06-07 09:28:16,42.6036682128906,-8.87244033813477,"Female"
"9004153",371987,2025-06-07 09:33:36,42.602668762207,-8.87160873413086,"Female"
"9004153",371987,2025-06-07 09:38:42,42.6034927368164,-8.87309455871582,"Female"
"9004153",371987,2025-06-07 09:43:39,42.6036987304688,-8.8729887008667,"Female"
"9004153",371987,2025-06-07 09:48:44,42.6038284301758,-8.87321853637695,"Female"
"9004153",371987,2025-06-07 09:53:37,42.6038780212402,-8.87305164337158,"Female"
"9004153",371987,2025-06-07 09:58:34,42.6039581298828,-8.87328052520752,"Female"
"9004153",371987,2025-06-07 10:03:34,42.6038398742676,-8.87315559387207,"Female"
"9004153",371987,2025-06-07 10:08:34,42.6039161682129,-8.87328338623047,"Female"
"9004153",371987,2025-06-07 10:13:34,42.6037788391113,-8.8732852935791,"Female"
"9004153",371987,2025-06-07 10:18:34,42.603816986084,-8.87329864501953,"Female"
"9004153",371987,2025-06-07 10:23:34,42.603759765625,-8.87334823608398,"Female"
"9004153",371987,2025-06-07 10:28:37,42.6037635803223,-8.87325477600098,"Female"
"9004153",371987,2025-06-07 10:33:38,42.6038475036621,-8.87395286560059,"Female"
"9004153",371987,2025-06-07 10:38:36,42.6037139892578,-8.87325954437256,"Female"
"9004153",371987,2025-06-07 10:43:34,42.603946685791,-8.87319087982178,"Female"
"9004153",371987,2025-06-07 10:48:36,42.6040840148926,-8.87298107147217,"Female"
"9004153",371987,2025-06-07 10:53:43,42.6037178039551,-8.87266540527344,"Female"
"9004153",371987,2025-06-07 10:58:40,42.6037521362305,-8.87263870239258,"Female"
"9004153",371987,2025-06-07 11:03:37,42.6045875549316,-8.87305450439453,"Female"
"9004153",371987,2025-06-07 11:08:34,42.6047668457031,-8.87345218658447,"Female"
"9004153",371987,2025-06-07 11:13:43,42.6046867370605,-8.87339878082275,"Female"
"9004153",371987,2025-06-07 11:18:37,42.6043510437012,-8.87333011627197,"Female"
"9004153",371987,2025-06-07 11:23:34,42.6044692993164,-8.873459815979,"Female"
"9004153",371987,2025-06-07 11:28:34,42.6039962768555,-8.87340641021729,"Female"
"9004153",371987,2025-06-07 11:33:34,42.6045074462891,-8.87320613861084,"Female"
"9004153",371987,2025-06-07 11:38:36,42.6046943664551,-8.87339782714844,"Female"
"9004153",371987,2025-06-07 11:43:34,42.6054916381836,-8.87247562408447,"Female"
"9004153",371987,2025-06-07 11:48:52,42.6070175170898,-8.87197971343994,"Female"
"9004153",371987,2025-06-07 11:55:03,42.6071281433105,-8.8710241317749,"Female"
"9004153",371987,2025-06-07 12:13:42,42.601619720459,-8.87156677246094,"Female"
"9004153",371987,2025-06-07 12:18:50,42.6008605957031,-8.87105274200439,"Female"
"9004153",371987,2025-06-07 12:24:27,42.6013412475586,-8.87064552307129,"Female"
"9004153",371987,2025-06-07 12:29:52,42.6019630432129,-8.87267017364502,"Female"
"9004153",371987,2025-06-07 12:34:52,42.6013488769531,-8.87596607208252,"Female"
"9004153",371987,2025-06-07 12:39:49,42.6012878417969,-8.87584686279297,"Female"
"9004153",371987,2025-06-07 12:44:53,42.6013526916504,-8.87592029571533,"Female"
"9004153",371987,2025-06-07 12:49:52,42.6013679504395,-8.87600708007812,"Female"
"9004153",371987,2025-06-07 12:54:46,42.6017684936523,-8.87737369537354,"Female"
"9004153",371987,2025-06-07 12:59:51,42.601375579834,-8.87627410888672,"Female"
"9004153",371987,2025-06-07 13:04:46,42.6014442443848,-8.87649440765381,"Female"
"9004153",371987,2025-06-07 13:09:48,42.6015319824219,-8.87672138214111,"Female"
"9004153",371987,2025-06-07 13:14:47,42.6015663146973,-8.87672328948975,"Female"
"9004153",371987,2025-06-07 13:19:46,42.6015243530273,-8.87666034698486,"Female"
"9004153",371987,2025-06-07 13:24:46,42.6014442443848,-8.87650966644287,"Female"
"9004153",371987,2025-06-07 13:29:57,42.6014747619629,-8.87655258178711,"Female"
"9004153",371987,2025-06-07 13:34:46,42.6014518737793,-8.87668418884277,"Female"
"9004153",371987,2025-06-07 13:39:46,42.601448059082,-8.87664031982422,"Female"
"9004153",371987,2025-06-07 13:44:48,42.601448059082,-8.87660598754883,"Female"
"9004153",371987,2025-06-07 13:50:05,42.6020851135254,-8.87630367279053,"Female"
"9004153",371987,2025-06-07 13:55:17,42.6039276123047,-8.8767032623291,"Female"
"9004153",371987,2025-06-07 14:00:15,42.6045837402344,-8.87590312957764,"Female"
"9004153",371987,2025-06-07 14:05:55,42.6051292419434,-8.87501430511475,"Female"
"9004153",371987,2025-06-07 14:10:57,42.6058807373047,-8.8752555847168,"Female"
"9004153",371987,2025-06-07 14:16:36,42.6059989929199,-8.87568283081055,"Female"
"9004153",371987,2025-06-07 14:21:33,42.6061248779297,-8.87475967407227,"Female"
"9004153",371987,2025-06-07 14:27:07,42.6050224304199,-8.8741569519043,"Female"
"9004153",371987,2025-06-07 14:32:30,42.6042747497559,-8.87571144104004,"Female"
"9004153",371987,2025-06-07 14:37:29,42.6029319763184,-8.87695407867432,"Female"
"9004153",371987,2025-06-07 14:42:28,42.6025543212891,-8.87660026550293,"Female"
"9004153",371987,2025-06-07 14:47:28,42.6025505065918,-8.8767786026001,"Female"
"9004153",371987,2025-06-07 14:52:28,42.6028442382812,-8.87700080871582,"Female"
"9004153",371987,2025-06-07 14:57:28,42.6028709411621,-8.87699031829834,"Female"
"9004153",371987,2025-06-07 15:02:28,42.6029243469238,-8.87756824493408,"Female"
"9004153",371987,2025-06-07 15:07:28,42.6027984619141,-8.87732887268066,"Female"
"9004153",371987,2025-06-07 15:12:28,42.6025085449219,-8.87666034698486,"Female"
"9004153",371987,2025-06-07 15:17:28,42.602970123291,-8.87715530395508,"Female"
"9004153",371987,2025-06-07 15:22:28,42.6029510498047,-8.87727928161621,"Female"
"9004153",371987,2025-06-07 15:27:30,42.6029167175293,-8.87712574005127,"Female"
"9004153",371987,2025-06-07 15:32:31,42.6025047302246,-8.87612915039062,"Female"
"9004153",371987,2025-06-07 15:37:33,42.602466583252,-8.87613773345947,"Female"
"9004153",371987,2025-06-07 15:42:28,42.6025390625,-8.87625885009766,"Female"
"9004153",371987,2025-06-07 15:47:33,42.602409362793,-8.87617874145508,"Female"
"9004153",371987,2025-06-07 15:52:30,42.6026649475098,-8.87662220001221,"Female"
"9004153",371987,2025-06-07 15:57:33,42.6022071838379,-8.87619209289551,"Female"
"9004153",371987,2025-06-07 16:02:34,42.6024284362793,-8.87611961364746,"Female"
"9004153",371987,2025-06-07 16:07:42,42.6022529602051,-8.87604999542236,"Female"
"9004153",371987,2025-06-07 16:12:29,42.6022567749023,-8.87606716156006,"Female"
"9004153",371987,2025-06-07 16:17:29,42.6022033691406,-8.87595748901367,"Female"
"9004153",371987,2025-06-07 16:22:28,42.6021728515625,-8.87583351135254,"Female"
"9004153",371987,2025-06-07 16:27:33,42.6025085449219,-8.876953125,"Female"
"9004153",371987,2025-06-07 16:32:34,42.6023941040039,-8.87621307373047,"Female"
"9004153",371987,2025-06-07 16:37:33,42.6023063659668,-8.87635326385498,"Female"
"9004153",371987,2025-06-07 16:42:33,42.602165222168,-8.87645053863525,"Female"
"9004153",371987,2025-06-07 16:47:44,42.6018867492676,-8.87672996520996,"Female"
"9004153",371987,2025-06-07 16:52:29,42.6019668579102,-8.87677478790283,"Female"
"9004153",371987,2025-06-07 16:57:31,42.6018295288086,-8.87669277191162,"Female"
"9004153",371987,2025-06-07 17:02:30,42.6019477844238,-8.87674999237061,"Female"
"9004153",371987,2025-06-07 17:07:28,42.6014785766602,-8.8766918182373,"Female"
"9004153",371987,2025-06-07 17:12:31,42.6013641357422,-8.87670230865479,"Female"
"9004153",371987,2025-06-07 17:17:28,42.6019973754883,-8.8768253326416,"Female"
"9004153",371987,2025-06-07 17:22:36,42.6028709411621,-8.87695503234863,"Female"
"9004153",371987,2025-06-07 17:27:36,42.6022720336914,-8.87680435180664,"Female"
"9004153",371987,2025-06-07 17:32:43,42.6023559570312,-8.87668514251709,"Female"
"9004153",371987,2025-06-07 17:37:43,42.602653503418,-8.87542247772217,"Female"
"9004153",371987,2025-06-07 17:42:36,42.6025390625,-8.87619686126709,"Female"
"9004153",371987,2025-06-07 17:47:31,42.6026268005371,-8.87625980377197,"Female"
"9004153",371987,2025-06-07 17:52:37,42.6027641296387,-8.8762845993042,"Female"
"9004153",371987,2025-06-07 17:57:42,42.6023139953613,-8.8767261505127,"Female"
"9004153",371987,2025-06-07 18:02:36,42.6022796630859,-8.87702655792236,"Female"
"9004153",371987,2025-06-07 18:07:30,42.6024131774902,-8.8770694732666,"Female"
"9004153",371987,2025-06-07 18:12:36,42.6023101806641,-8.87668991088867,"Female"
"9004153",371987,2025-06-07 18:17:34,42.6023712158203,-8.8767261505127,"Female"
"9004153",371987,2025-06-07 18:22:33,42.6022148132324,-8.87685680389404,"Female"
"9004153",371987,2025-06-07 18:27:35,42.6022911071777,-8.87677192687988,"Female"
"9004153",371987,2025-06-07 18:32:38,42.6022911071777,-8.87678813934326,"Female"
"9004153",371987,2025-06-07 18:37:36,42.6023216247559,-8.8768253326416,"Female"
"9004153",371987,2025-06-07 18:42:41,42.6021919250488,-8.87687110900879,"Female"
"9004153",371987,2025-06-07 18:47:59,42.6023254394531,-8.87664890289307,"Female"
"9004153",371987,2025-06-07 18:52:27,42.6023712158203,-8.87664794921875,"Female"
"9004153",371987,2025-06-07 18:57:27,42.6023178100586,-8.87675952911377,"Female"
"9004153",371987,2025-06-07 19:02:28,42.6014747619629,-8.87662887573242,"Female"
"9004153",371987,2025-06-07 19:07:28,42.6014671325684,-8.87664031982422,"Female"
"9004153",371987,2025-06-07 19:12:28,42.6014060974121,-8.87664890289307,"Female"
"9004153",371987,2025-06-07 19:17:28,42.6014556884766,-8.87668132781982,"Female"
"9004153",371987,2025-06-07 19:22:29,42.6015281677246,-8.87676239013672,"Female"
"9004153",371987,2025-06-07 19:27:28,42.6014633178711,-8.87672519683838,"Female"
"9004153",371987,2025-06-07 19:32:29,42.6016426086426,-8.87698745727539,"Female"
"9004153",371987,2025-06-07 19:37:28,42.6015205383301,-8.87683868408203,"Female"
"9004153",371987,2025-06-07 19:42:28,42.6017036437988,-8.87709903717041,"Female"
"9004153",371987,2025-06-07 19:47:28,42.6014938354492,-8.87678146362305,"Female"
"9004153",371987,2025-06-07 19:52:28,42.6017646789551,-8.87719345092773,"Female"
"9004153",371987,2025-06-07 19:57:28,42.6016845703125,-8.87706184387207,"Female"
"9004153",371987,2025-06-07 20:02:28,42.6015739440918,-8.87688064575195,"Female"
"9004153",371987,2025-06-07 20:07:28,42.6017036437988,-8.87706184387207,"Female"
"9004153",371987,2025-06-07 20:12:29,42.6030616760254,-8.87591361999512,"Female"
"9004153",371987,2025-06-07 20:17:31,42.6034469604492,-8.8788537979126,"Female"
"9004153",371987,2025-06-07 20:22:45,42.6028175354004,-8.87944316864014,"Female"
"9004153",371987,2025-06-07 20:27:55,42.6013793945312,-8.87667369842529,"Female"
"9004153",371987,2025-06-07 20:32:28,42.6012840270996,-8.8764066696167,"Female"
"9004153",371987,2025-06-07 20:37:29,42.601318359375,-8.87639331817627,"Female"
"9004153",371987,2025-06-07 20:42:29,42.6014442443848,-8.87662506103516,"Female"
"9004153",371987,2025-06-07 20:47:29,42.6014556884766,-8.87677383422852,"Female"
"9004153",371987,2025-06-07 20:52:29,42.6012763977051,-8.87635326385498,"Female"
"9004153",371987,2025-06-07 20:57:29,42.6013450622559,-8.87648296356201,"Female"
"9004153",371987,2025-06-07 21:02:29,42.6013565063477,-8.87649917602539,"Female"
"9004153",371987,2025-06-07 21:07:28,42.6011772155762,-8.87610626220703,"Female"
"9004153",371987,2025-06-07 21:12:33,42.6014404296875,-8.87663459777832,"Female"
"9004153",371987,2025-06-07 21:17:31,42.6014137268066,-8.87665176391602,"Female"
"9004153",371987,2025-06-07 21:22:30,42.6012420654297,-8.87623119354248,"Female"
"9004153",371987,2025-06-07 21:27:29,42.6011848449707,-8.87625026702881,"Female"
"9004153",371987,2025-06-07 21:32:29,42.6011199951172,-8.87588977813721,"Female"
"9004153",371987,2025-06-07 21:37:28,42.6013565063477,-8.87659740447998,"Female"
"9004153",371987,2025-06-07 21:42:29,42.6016235351562,-8.87708950042725,"Female"
"9004153",371987,2025-06-07 21:47:36,42.6013984680176,-8.87661743164062,"Female"
"9004153",371987,2025-06-07 21:52:29,42.601921081543,-8.87708854675293,"Female"
"9004153",371987,2025-06-07 21:57:29,42.601432800293,-8.87661075592041,"Female"
"9004153",371987,2025-06-07 22:02:28,42.6014976501465,-8.87679767608643,"Female"
"9004153",371987,2025-06-07 22:07:44,42.6014060974121,-8.87665271759033,"Female"
"9004153",371987,2025-06-07 22:12:28,42.601490020752,-8.87682151794434,"Female"
"9004153",371987,2025-06-07 22:17:28,42.601432800293,-8.87661552429199,"Female"
"9004153",371987,2025-06-07 22:22:28,42.6015205383301,-8.87679862976074,"Female"
"9004153",371987,2025-06-07 22:27:28,42.601432800293,-8.87662124633789,"Female"
"9004153",371987,2025-06-07 22:32:28,42.601806640625,-8.87676620483398,"Female"
"9004153",371987,2025-06-07 22:37:36,42.601375579834,-8.87652397155762,"Female"
"9004153",371987,2025-06-07 22:42:29,42.6015281677246,-8.87668895721436,"Female"
"9004153",371987,2025-06-07 22:47:36,42.6014060974121,-8.87660598754883,"Female"
"9004153",371987,2025-06-07 22:53:05,42.601448059082,-8.87660694122314,"Female"
"9004153",371987,2025-06-07 22:57:28,42.6014785766602,-8.87663555145264,"Female"
"9004153",371987,2025-06-07 23:02:27,42.6014060974121,-8.87659549713135,"Female"
"9004153",371987,2025-06-07 23:07:27,42.601432800293,-8.87662696838379,"Female"
"9004153",371987,2025-06-07 23:12:29,42.601448059082,-8.87658309936523,"Female"
"9004153",371987,2025-06-07 23:17:27,42.6014518737793,-8.87656784057617,"Female"
"9004153",371987,2025-06-07 23:22:27,42.6014633178711,-8.87663555145264,"Female"
"9004153",371987,2025-06-07 23:27:27,42.6014442443848,-8.87658977508545,"Female"
"9004153",371987,2025-06-07 23:32:27,42.6014556884766,-8.87652778625488,"Female"
"9004153",371987,2025-06-07 23:37:27,42.6014823913574,-8.87660121917725,"Female"
"9004153",371987,2025-06-07 23:42:27,42.6014366149902,-8.87656784057617,"Female"
"9004153",371987,2025-06-07 23:47:27,42.6014251708984,-8.87664318084717,"Female"
"9004153",371987,2025-06-07 23:52:27,42.601448059082,-8.87666988372803,"Female"
"9004153",371987,2025-06-07 23:57:28,42.6014251708984,-8.87655448913574,"Female"
"9004153",371987,2025-06-08 00:02:27,42.6014671325684,-8.87660121917725,"Female"
"9004153",371987,2025-06-08 00:07:28,42.6014060974121,-8.87663555145264,"Female"
"9004153",371987,2025-06-08 00:12:28,42.6013870239258,-8.87656688690186,"Female"
"9004153",371987,2025-06-08 00:17:28,42.6014099121094,-8.8765869140625,"Female"
"9004153",371987,2025-06-08 00:22:28,42.6014137268066,-8.87661933898926,"Female"
"9004153",371987,2025-06-08 00:27:28,42.6014175415039,-8.87662601470947,"Female"
"9004153",371987,2025-06-08 00:32:28,42.6014404296875,-8.87658882141113,"Female"
"9004153",371987,2025-06-08 00:37:28,42.6014595031738,-8.87662315368652,"Female"
"9004153",371987,2025-06-08 00:42:28,42.6014366149902,-8.87663269042969,"Female"
"9004153",371987,2025-06-08 00:47:28,42.6014060974121,-8.87655067443848,"Female"
"9004153",371987,2025-06-08 00:52:28,42.6014518737793,-8.8766393661499,"Female"
"9004153",371987,2025-06-08 00:57:27,42.6015472412109,-8.87668609619141,"Female"
"9004153",371987,2025-06-08 01:02:29,42.6014785766602,-8.87666511535645,"Female"
"9004153",371987,2025-06-08 01:07:28,42.6014633178711,-8.8766040802002,"Female"
"9004153",371987,2025-06-08 01:12:28,42.6015548706055,-8.87674140930176,"Female"
"9004153",371987,2025-06-08 01:17:29,42.601505279541,-8.87669849395752,"Female"
"9004153",371987,2025-06-08 01:22:28,42.6015663146973,-8.8767147064209,"Female"
"9004153",371987,2025-06-08 01:27:43,42.6014785766602,-8.87664699554443,"Female"
"9004153",371987,2025-06-08 01:32:28,42.6015548706055,-8.87672901153564,"Female"
"9004153",371987,2025-06-08 01:37:28,42.6015548706055,-8.87672233581543,"Female"
"9004153",371987,2025-06-08 01:42:28,42.601749420166,-8.87677574157715,"Female"
"9004153",371987,2025-06-08 01:47:42,42.6014671325684,-8.87667942047119,"Female"
"9004153",371987,2025-06-08 01:52:28,42.6014175415039,-8.87670040130615,"Female"
"9004153",371987,2025-06-08 01:57:29,42.6013336181641,-8.87675857543945,"Female"
"9004153",371987,2025-06-08 02:02:30,42.6017799377441,-8.87670040130615,"Female"
"9004153",371987,2025-06-08 02:07:33,42.6013870239258,-8.87683582305908,"Female"
"9004153",371987,2025-06-08 02:12:28,42.6013259887695,-8.87685012817383,"Female"
"9004153",371987,2025-06-08 02:17:28,42.6011924743652,-8.87698745727539,"Female"
"9004153",371987,2025-06-08 02:22:28,42.6011924743652,-8.87691593170166,"Female"
"9004153",371987,2025-06-08 02:27:29,42.6011428833008,-8.87680244445801,"Female"
"9004153",371987,2025-06-08 02:32:44,42.6013793945312,-8.87666320800781,"Female"
"9004153",371987,2025-06-08 02:37:59,42.6014137268066,-8.87664604187012,"Female"
"9004153",371987,2025-06-08 02:42:27,42.601448059082,-8.87659645080566,"Female"
"9004153",371987,2025-06-08 02:47:27,42.6013984680176,-8.87668514251709,"Female"
"9004153",371987,2025-06-08 02:52:27,42.601432800293,-8.87661075592041,"Female"
"9004153",371987,2025-06-08 02:57:28,42.6014175415039,-8.87659168243408,"Female"
"9004153",371987,2025-06-08 03:02:27,42.6014022827148,-8.87664699554443,"Female"
"9004153",371987,2025-06-08 03:07:27,42.6013832092285,-8.87660026550293,"Female"
"9004153",371987,2025-06-08 03:12:28,42.601375579834,-8.87666606903076,"Female"
"9004153",371987,2025-06-08 03:17:28,42.6013870239258,-8.87664699554443,"Female"
"9004153",371987,2025-06-08 03:22:28,42.6013641357422,-8.87665557861328,"Female"
"9004153",371987,2025-06-08 03:27:28,42.6013565063477,-8.87660217285156,"Female"
"9004153",371987,2025-06-08 03:32:28,42.6014595031738,-8.87669849395752,"Female"
"9004153",371987,2025-06-08 03:37:30,42.6014938354492,-8.87664985656738,"Female"
"9004153",371987,2025-06-08 03:42:28,42.6014785766602,-8.87661457061768,"Female"
"9004153",371987,2025-06-08 03:47:28,42.601490020752,-8.87660694122314,"Female"
"9004153",371987,2025-06-08 03:52:31,42.601490020752,-8.87666416168213,"Female"
"9004153",371987,2025-06-08 03:57:29,42.6015510559082,-8.87666893005371,"Female"
"9004153",371987,2025-06-08 04:02:44,42.6013717651367,-8.87651824951172,"Female"
"9004153",371987,2025-06-08 04:07:28,42.6013069152832,-8.87643718719482,"Female"
"9004153",371987,2025-06-08 04:12:28,42.6013603210449,-8.87642383575439,"Female"
"9004153",371987,2025-06-08 04:17:28,42.6013374328613,-8.87642574310303,"Female"
"9004153",371987,2025-06-08 04:22:28,42.6011734008789,-8.87635135650635,"Female"
"9004153",371987,2025-06-08 04:27:28,42.6017646789551,-8.87695980072021,"Female"
"9004153",371987,2025-06-08 04:32:39,42.6014518737793,-8.87659454345703,"Female"
"9004153",371987,2025-06-08 04:37:34,42.601432800293,-8.87665939331055,"Female"
"9004153",371987,2025-06-08 04:42:28,42.6014404296875,-8.87666034698486,"Female"
"9004153",371987,2025-06-08 04:47:42,42.6017875671387,-8.87722396850586,"Female"
"9004153",371987,2025-06-08 04:52:44,42.601448059082,-8.87660598754883,"Female"
"9004153",371987,2025-06-08 04:57:30,42.601505279541,-8.87656021118164,"Female"
"9004153",371987,2025-06-08 05:02:59,42.6014823913574,-8.87660121917725,"Female"
"9004153",371987,2025-06-08 05:07:27,42.6014442443848,-8.87662124633789,"Female"
"9004153",371987,2025-06-08 05:12:27,42.6014175415039,-8.87665271759033,"Female"
"9004153",371987,2025-06-08 05:17:28,42.6014518737793,-8.87660026550293,"Female"
"9004153",371987,2025-06-08 05:22:28,42.6014785766602,-8.87657070159912,"Female"
"9004153",371987,2025-06-08 05:27:27,42.6014595031738,-8.87656021118164,"Female"
"9004153",371987,2025-06-08 05:32:27,42.6014709472656,-8.87657260894775,"Female"
"9004153",371987,2025-06-08 05:37:28,42.601448059082,-8.87661075592041,"Female"
"9004153",371987,2025-06-08 05:42:28,42.6014595031738,-8.87658405303955,"Female"
"9004153",371987,2025-06-08 05:47:27,42.6014213562012,-8.87660312652588,"Female"
"9004153",371987,2025-06-08 05:52:28,42.6014518737793,-8.8766565322876,"Female"
"9004153",371987,2025-06-08 05:57:28,42.6025314331055,-8.87590980529785,"Female"
"9004153",371987,2025-06-08 06:02:28,42.6016616821289,-8.87658309936523,"Female"
"9004153",371987,2025-06-08 06:07:28,42.6015167236328,-8.87414455413818,"Female"
"9004153",371987,2025-06-08 06:12:29,42.6034545898438,-8.87270736694336,"Female"
"9004153",371987,2025-06-08 06:17:36,42.6049003601074,-8.87222957611084,"Female"
"9004153",371987,2025-06-08 06:22:55,42.6046142578125,-8.87343978881836,"Female"
"9004153",371987,2025-06-08 06:27:56,42.6051025390625,-8.87421417236328,"Female"
"9004153",371987,2025-06-08 06:33:34,42.6059036254883,-8.87416839599609,"Female"
"9004153",371987,2025-06-08 06:38:33,42.6053886413574,-8.8736457824707,"Female"
"9004153",371987,2025-06-08 06:43:33,42.6037979125977,-8.87333011627197,"Female"
"9004153",371987,2025-06-08 06:48:33,42.6037521362305,-8.87321472167969,"Female"
"9004153",371987,2025-06-08 06:53:33,42.6037521362305,-8.87326145172119,"Female"
"9004153",371987,2025-06-08 06:58:33,42.6035690307617,-8.87314891815186,"Female"
"9004153",371987,2025-06-08 07:03:34,42.6038131713867,-8.87326240539551,"Female"
"9004153",371987,2025-06-08 07:08:33,42.6039581298828,-8.87354373931885,"Female"
"9004153",371987,2025-06-08 07:13:33,42.6037826538086,-8.87304401397705,"Female"
"9004153",371987,2025-06-08 07:18:33,42.603832244873,-8.87339496612549,"Female"
"9004153",371987,2025-06-08 07:23:32,42.6038551330566,-8.87322044372559,"Female"
"9004153",371987,2025-06-08 07:28:33,42.6038780212402,-8.87332344055176,"Female"
"9004153",371987,2025-06-08 07:33:33,42.603874206543,-8.87329959869385,"Female"
"9004153",371987,2025-06-08 07:38:33,42.6037979125977,-8.87303447723389,"Female"
"9004153",371987,2025-06-08 07:43:34,42.6038856506348,-8.87329959869385,"Female"
"9004153",371987,2025-06-08 07:48:34,42.603759765625,-8.872971534729,"Female"
"9004153",371987,2025-06-08 07:53:37,42.6037521362305,-8.87294006347656,"Female"
"9004153",371987,2025-06-08 07:58:33,42.6037292480469,-8.87300109863281,"Female"
"9004153",371987,2025-06-08 08:03:33,42.6037101745605,-8.87298107147217,"Female"
"9004153",371987,2025-06-08 08:08:39,42.6037635803223,-8.87303924560547,"Female"
"9004153",371987,2025-06-08 08:13:33,42.6037673950195,-8.87302494049072,"Female"
"9004153",371987,2025-06-08 08:18:39,42.6072845458984,-8.87239360809326,"Female"
"9004153",371987,2025-06-08 08:24:06,42.6061744689941,-8.87334632873535,"Female"
"9004153",371987,2025-06-08 08:29:36,42.6058921813965,-8.87307643890381,"Female"
"9004153",371987,2025-06-08 08:35:35,42.6046562194824,-8.87288188934326,"Female"
"9004153",371987,2025-06-08 08:40:05,42.6033821105957,-8.87231636047363,"Female"
"9004153",371987,2025-06-08 08:45:06,42.6034355163574,-8.87316417694092,"Female"
"9004153",371987,2025-06-08 08:50:07,42.6034965515137,-8.87308025360107,"Female"
"9004153",371987,2025-06-08 08:55:05,42.6034469604492,-8.87309741973877,"Female"
"9004153",371987,2025-06-08 09:00:06,42.6034812927246,-8.87315368652344,"Female"
"9004153",371987,2025-06-08 09:05:06,42.6034240722656,-8.87308788299561,"Female"
"9004153",371987,2025-06-08 09:10:07,42.6034774780273,-8.87312602996826,"Female"
"9004153",371987,2025-06-08 09:15:04,42.603401184082,-8.87307739257812,"Female"
"9004153",371987,2025-06-08 09:20:06,42.6033821105957,-8.87306785583496,"Female"
"9004153",371987,2025-06-08 09:25:06,42.6034469604492,-8.87312412261963,"Female"
"9004153",371987,2025-06-08 09:30:06,42.6033325195312,-8.87307929992676,"Female"
"9004153",371987,2025-06-08 09:35:06,42.6034240722656,-8.87309265136719,"Female"
"9004153",371987,2025-06-08 09:40:06,42.6033973693848,-8.87312507629395,"Female"
"9004153",371987,2025-06-08 09:45:06,42.6034965515137,-8.87314319610596,"Female"
"9004153",371987,2025-06-08 09:50:07,42.6033668518066,-8.87308311462402,"Female"
"9004153",371987,2025-06-08 09:55:06,42.6034202575684,-8.87308788299561,"Female"
"9004153",371987,2025-06-08 10:00:06,42.6033821105957,-8.87307739257812,"Female"
"9004153",371987,2025-06-08 10:06:35,42.6057205200195,-8.87258529663086,"Female"
"9004153",371987,2025-06-08 10:13:39,42.6059799194336,-8.87397003173828,"Female"
"9004153",371987,2025-06-08 10:18:39,42.6060638427734,-8.8759593963623,"Female"
"9004153",371987,2025-06-08 10:24:25,42.6067123413086,-8.87485122680664,"Female"
"9004153",371987,2025-06-08 10:29:27,42.6061477661133,-8.87411499023438,"Female"
"9004153",371987,2025-06-08 10:34:27,42.6056938171387,-8.87382221221924,"Female"
"9004153",371987,2025-06-08 10:39:29,42.603515625,-8.87038135528564,"Female"
"9004153",371987,2025-06-08 10:44:27,42.6041374206543,-8.86700820922852,"Female"
"9004153",371987,2025-06-08 10:49:27,42.6040992736816,-8.8670129776001,"Female"
"9004153",371987,2025-06-08 10:54:27,42.6041069030762,-8.8669900894165,"Female"
"9004153",371987,2025-06-08 10:59:27,42.6042022705078,-8.86695003509521,"Female"
"9004153",371987,2025-06-08 11:04:27,42.6042442321777,-8.86695384979248,"Female"
"9004153",371987,2025-06-08 11:09:27,42.6040725708008,-8.86692237854004,"Female"
"9004153",371987,2025-06-08 11:14:28,42.6040649414062,-8.86718368530273,"Female"
"9004153",371987,2025-06-08 11:19:31,42.6040534973145,-8.8670654296875,"Female"
"9004153",371987,2025-06-08 11:24:40,42.6032447814941,-8.86789703369141,"Female"
"9004153",371987,2025-06-08 11:30:18,42.6059341430664,-8.87310218811035,"Female"
"9004153",371987,2025-06-08 11:35:46,42.6059341430664,-8.87390232086182,"Female"
"9004153",371987,2025-06-08 11:40:42,42.605167388916,-8.87362098693848,"Female"
"9004153",371987,2025-06-08 11:46:37,42.6053352355957,-8.87477779388428,"Female"
"9004153",371987,2025-06-08 11:51:47,42.6044235229492,-8.87521171569824,"Female"
"9004153",371987,2025-06-08 11:58:35,42.603214263916,-8.87432384490967,"Female"
"9004153",371987,2025-06-08 12:02:46,42.6032218933105,-8.87427425384521,"Female"
"9004153",371987,2025-06-08 12:07:46,42.6032104492188,-8.87423133850098,"Female"
"9004153",371987,2025-06-08 12:12:46,42.6031875610352,-8.87423229217529,"Female"
"9004153",371987,2025-06-08 12:17:46,42.6032180786133,-8.87478828430176,"Female"
"9004153",371987,2025-06-08 12:22:45,42.6032180786133,-8.87416076660156,"Female"
"9004153",371987,2025-06-08 12:27:46,42.6032028198242,-8.87404918670654,"Female"
"9004153",371987,2025-06-08 12:32:48,42.6032333374023,-8.87419319152832,"Female"
"9004153",371987,2025-06-08 12:37:55,42.6033096313477,-8.87443923950195,"Female"
"9004153",371987,2025-06-08 12:43:05,42.603271484375,-8.8744010925293,"Female"
"9004153",371987,2025-06-08 12:47:44,42.6032295227051,-8.87447834014893,"Female"
"9004153",371987,2025-06-08 12:52:44,42.6032371520996,-8.8744478225708,"Female"
"9004153",371987,2025-06-08 12:57:44,42.6032257080078,-8.87442016601562,"Female"
"9004153",371987,2025-06-08 13:02:45,42.6032371520996,-8.87447929382324,"Female"
"9004153",371987,2025-06-08 13:07:44,42.6032066345215,-8.87449836730957,"Female"
"9004153",371987,2025-06-08 13:12:44,42.6032180786133,-8.87445259094238,"Female"
"9004153",371987,2025-06-08 13:17:45,42.6032638549805,-8.87448883056641,"Female"
"9004153",371987,2025-06-08 13:22:44,42.6032180786133,-8.87449932098389,"Female"
"9004153",371987,2025-06-08 13:28:04,42.603328704834,-8.8748083114624,"Female"
"9004153",371987,2025-06-08 13:33:03,42.6042366027832,-8.87651538848877,"Female"
"9004153",371987,2025-06-08 13:38:03,42.6041450500488,-8.87667083740234,"Female"
"9004153",371987,2025-06-08 13:43:36,42.6038703918457,-8.87663650512695,"Female"
"9004153",371987,2025-06-08 13:48:52,42.6048545837402,-8.87748527526855,"Female"
"9004153",371987,2025-06-08 13:53:51,42.6046752929688,-8.87806510925293,"Female"
"9004153",371987,2025-06-08 13:58:51,42.6034774780273,-8.87878799438477,"Female"
"9004153",371987,2025-06-08 14:06:07,42.6033020019531,-8.87836265563965,"Female"
"9004153",371987,2025-06-08 14:11:43,42.6017417907715,-8.87862777709961,"Female"
"9004153",371987,2025-06-08 14:16:49,42.6023864746094,-8.87898445129395,"Female"
"9004153",371987,2025-06-08 14:22:07,42.602725982666,-8.8783540725708,"Female"
"9004153",371987,2025-06-08 14:27:20,42.6039695739746,-8.87819766998291,"Female"
"9004153",371987,2025-06-08 14:32:30,42.6035118103027,-8.87832641601562,"Female"
"9004153",371987,2025-06-08 14:37:28,42.6024169921875,-8.87765502929688,"Female"
"9004153",371987,2025-06-08 14:42:28,42.6024360656738,-8.87763404846191,"Female"
"9004153",371987,2025-06-08 14:47:28,42.6024894714355,-8.87765312194824,"Female"
"9004153",371987,2025-06-08 14:52:28,42.6023902893066,-8.87770557403564,"Female"
"9004153",371987,2025-06-08 14:57:28,42.602424621582,-8.87767791748047,"Female"
"9004153",371987,2025-06-08 15:02:29,42.6023750305176,-8.87758159637451,"Female"
"9004153",371987,2025-06-08 15:07:29,42.6023979187012,-8.87764167785645,"Female"
"9004153",371987,2025-06-08 15:12:34,42.602424621582,-8.87763500213623,"Female"
"9004153",371987,2025-06-08 15:17:43,42.6023483276367,-8.8776159286499,"Female"
"9004153",371987,2025-06-08 15:22:29,42.6023788452148,-8.8776159286499,"Female"
"9004153",371987,2025-06-08 15:27:29,42.6023941040039,-8.87755870819092,"Female"
"9004153",371987,2025-06-08 15:32:28,42.6022529602051,-8.87795257568359,"Female"
"9004153",371987,2025-06-08 15:37:29,42.6016578674316,-8.87801265716553,"Female"
"9004153",371987,2025-06-08 15:42:29,42.6012077331543,-8.87832355499268,"Female"
"9004153",371987,2025-06-08 15:47:29,42.5754928588867,-8.88778209686279,"Female"
"9004153",371987,2025-06-08 15:52:29,42.5382804870605,-8.89795017242432,"Female"
"9004153",371987,2025-06-08 15:57:30,42.5364227294922,-8.90235042572021,"Female"
"9004153",371987,2025-06-08 16:02:59,42.5361785888672,-8.90226650238037,"Female"
"9004153",371987,2025-06-08 16:07:28,42.5362091064453,-8.90227794647217,"Female"
"9004153",371987,2025-06-08 16:12:28,42.5362701416016,-8.90230274200439,"Female"
"9004153",371987,2025-06-08 16:17:28,42.5362854003906,-8.90231037139893,"Female"
"9004153",371987,2025-06-08 16:22:28,42.5362434387207,-8.90233421325684,"Female"
"9004153",371987,2025-06-08 16:27:28,42.5362129211426,-8.90232181549072,"Female"
"9004153",371987,2025-06-08 16:32:28,42.5362586975098,-8.90230464935303,"Female"
"9004153",371987,2025-06-08 16:37:28,42.536190032959,-8.90237045288086,"Female"
"9004153",371987,2025-06-08 16:42:29,42.536262512207,-8.90225887298584,"Female"
"9004153",371987,2025-06-08 16:47:29,42.5362548828125,-8.90227127075195,"Female"
"9004153",371987,2025-06-08 16:52:29,42.536247253418,-8.90225696563721,"Female"
"9004153",371987,2025-06-08 16:57:29,42.5431175231934,-8.88711547851562,"Female"
"9004153",371987,2025-06-08 17:02:29,42.5445175170898,-8.88829135894775,"Female"
"9004153",371987,2025-06-08 17:07:29,42.5445861816406,-8.88829135894775,"Female"
"9004153",371987,2025-06-08 17:12:29,42.5445175170898,-8.88833904266357,"Female"
"9004153",371987,2025-06-08 17:17:29,42.5445709228516,-8.88830280303955,"Female"
"9004153",371987,2025-06-08 17:22:29,42.544548034668,-8.88834667205811,"Female"
"9004153",371987,2025-06-08 17:28:03,42.5453300476074,-8.88986587524414,"Female"
"9004153",371987,2025-06-08 17:33:02,42.5457229614258,-8.89011573791504,"Female"
"9004153",371987,2025-06-08 17:38:32,42.5453681945801,-8.89045810699463,"Female"
"9004153",371987,2025-06-08 17:44:22,42.544548034668,-8.8906135559082,"Female"
"9004153",371987,2025-06-08 17:49:42,42.5453147888184,-8.88994979858398,"Female"
"9004153",371987,2025-06-08 17:55:21,42.5460815429688,-8.88864421844482,"Female"
"9004153",371987,2025-06-08 18:00:37,42.546760559082,-8.88754272460938,"Female"
"9004153",371987,2025-06-08 18:05:35,42.547191619873,-8.88693332672119,"Female"
"9004153",371987,2025-06-08 18:10:36,42.5491752624512,-8.8864574432373,"Female"
"9004153",371987,2025-06-08 18:15:36,42.549186706543,-8.88651943206787,"Female"
"9004153",371987,2025-06-08 18:20:35,42.549186706543,-8.88643646240234,"Female"
"9004153",371987,2025-06-08 18:25:35,42.5491714477539,-8.88634300231934,"Female"
"9004153",371987,2025-06-08 18:30:35,42.5490303039551,-8.88632106781006,"Female"
"9004153",371987,2025-06-08 18:35:35,42.5491142272949,-8.88630962371826,"Female"
"9004153",371987,2025-06-08 18:40:36,42.5492286682129,-8.88641262054443,"Female"
"9004153",371987,2025-06-08 18:45:35,42.5734596252441,-8.89231300354004,"Female"
"9004153",371987,2025-06-08 18:50:36,42.5869140625,-8.8876314163208,"Female"
"9004153",371987,2025-06-08 18:55:36,42.6014633178711,-8.8767261505127,"Female"
"9004153",371987,2025-06-08 19:00:36,42.6015739440918,-8.87679576873779,"Female"
"9004153",371987,2025-06-08 19:05:36,42.6015930175781,-8.87673187255859,"Female"
"9004153",371987,2025-06-08 19:10:36,42.6018218994141,-8.8768196105957,"Female"
"9004153",371987,2025-06-08 19:15:36,42.6015701293945,-8.87440586090088,"Female"
"9004153",371987,2025-06-08 19:20:36,42.6016616821289,-8.87437343597412,"Female"
"9004153",371987,2025-06-08 19:25:38,42.6012649536133,-8.87423229217529,"Female"
"9004153",371987,2025-06-08 19:30:54,42.6005210876465,-8.8755350112915,"Female"
"9004153",371987,2025-06-08 19:36:44,42.5994148254395,-8.87717819213867,"Female"
"9004153",371987,2025-06-08 19:41:51,42.6003265380859,-8.87659645080566,"Female"
"9004153",371987,2025-06-08 19:46:55,42.6014633178711,-8.87652587890625,"Female"
"9004153",371987,2025-06-08 19:51:50,42.6016426086426,-8.87671852111816,"Female"
"9004153",371987,2025-06-08 19:56:49,42.6019973754883,-8.87710285186768,"Female"
"9004153",371987,2025-06-08 20:01:54,42.6016654968262,-8.87657833099365,"Female"
"9004153",371987,2025-06-08 20:06:47,42.6020202636719,-8.87717056274414,"Female"
"9004153",371987,2025-06-08 20:12:04,42.601634979248,-8.87659358978271,"Female"
"9004153",371987,2025-06-08 20:16:47,42.6017303466797,-8.87692546844482,"Female"
"9004153",371987,2025-06-08 20:21:55,42.6016998291016,-8.87661933898926,"Female"
"9004153",371987,2025-06-08 20:26:47,42.602424621582,-8.87706756591797,"Female"
"9004153",371987,2025-06-08 20:31:55,42.6022186279297,-8.87680530548096,"Female"
"9004153",371987,2025-06-08 20:36:49,42.6021156311035,-8.87651062011719,"Female"
"9004153",371987,2025-06-08 20:41:55,42.6021270751953,-8.87697410583496,"Female"
"9004153",371987,2025-06-08 20:46:48,42.6018447875977,-8.87573432922363,"Female"
"9004153",371987,2025-06-08 20:51:55,42.602237701416,-8.87704849243164,"Female"
"9004153",371987,2025-06-08 20:56:50,42.6022148132324,-8.87706851959229,"Female"
"9004153",371987,2025-06-08 21:01:52,42.6023063659668,-8.87712669372559,"Female"
"9004153",371987,2025-06-08 21:06:55,42.6023597717285,-8.87723636627197,"Female"
"9004153",371987,2025-06-08 21:11:55,42.602409362793,-8.87735748291016,"Female"
"9004153",371987,2025-06-08 21:17:05,42.6023101806641,-8.87721061706543,"Female"
"9004153",371987,2025-06-08 21:21:46,42.6023483276367,-8.87728977203369,"Female"
"9004153",371987,2025-06-08 21:26:49,42.6024322509766,-8.877197265625,"Female"
"9004153",371987,2025-06-08 21:31:46,42.6024017333984,-8.87734413146973,"Female"
"9004153",371987,2025-06-08 21:36:49,42.6026725769043,-8.87721538543701,"Female"
"9004153",371987,2025-06-08 21:42:23,42.6023635864258,-8.8766508102417,"Female"
"9004153",371987,2025-06-08 21:46:46,42.6022567749023,-8.87677001953125,"Female"
"9004153",371987,2025-06-08 21:51:46,42.6024284362793,-8.87667274475098,"Female"
"9004153",371987,2025-06-08 21:56:55,42.6024360656738,-8.8766975402832,"Female"
"9004153",371987,2025-06-08 22:01:58,42.6024436950684,-8.87665271759033,"Female"
"9004153",371987,2025-06-08 22:06:55,42.6024703979492,-8.87665748596191,"Female"
"9004153",371987,2025-06-08 22:11:59,42.6024360656738,-8.87662410736084,"Female"
"9004153",371987,2025-06-08 22:16:48,42.6024284362793,-8.87663078308105,"Female"
"9004153",371987,2025-06-08 22:21:49,42.6024169921875,-8.87680530548096,"Female"
"9004153",371987,2025-06-08 22:27:08,42.6023712158203,-8.87677764892578,"Female"
"9004153",371987,2025-06-08 22:31:48,42.6022682189941,-8.87673377990723,"Female"
"9004153",371987,2025-06-08 22:36:46,42.6023101806641,-8.87678527832031,"Female"
"9004153",371987,2025-06-08 22:41:58,42.6023292541504,-8.87671566009521,"Female"
"9004153",371987,2025-06-08 22:46:57,42.6023559570312,-8.87672328948975,"Female"
"9004153",371987,2025-06-08 22:52:12,42.6022911071777,-8.87671947479248,"Female"
"9004153",371987,2025-06-08 22:56:46,42.6022911071777,-8.87673568725586,"Female"
"9004153",371987,2025-06-08 23:01:51,42.6023139953613,-8.87669086456299,"Female"
"9004153",371987,2025-06-08 23:06:45,42.6023292541504,-8.87670040130615,"Female"
"9004153",371987,2025-06-08 23:11:48,42.6023330688477,-8.87671375274658,"Female"
"9004153",371987,2025-06-08 23:16:45,42.6023368835449,-8.87672805786133,"Female"
"9004153",371987,2025-06-08 23:21:45,42.6023292541504,-8.87678337097168,"Female"
"9004153",371987,2025-06-08 23:26:46,42.6023559570312,-8.87679004669189,"Female"
"9004153",371987,2025-06-08 23:31:48,42.6023368835449,-8.87679481506348,"Female"
"9004153",371987,2025-06-08 23:36:48,42.6023597717285,-8.8767671585083,"Female"
"9004153",371987,2025-06-08 23:41:49,42.6023368835449,-8.87678050994873,"Female"
"9004153",371987,2025-06-08 23:47:23,42.6023406982422,-8.8766393661499,"Female"
"9004153",371987,2025-06-08 23:51:45,42.6023292541504,-8.87661838531494,"Female"
"9004153",371987,2025-06-08 23:56:45,42.6023635864258,-8.87684345245361,"Female"
"9004153",371987,2025-06-09 00:01:46,42.6023178100586,-8.87658882141113,"Female"
"9004153",371987,2025-06-09 00:06:46,42.602352142334,-8.87684917449951,"Female"
"9004153",371987,2025-06-09 00:11:45,42.6023254394531,-8.87659645080566,"Female"
"9004153",371987,2025-06-09 00:16:46,42.6023178100586,-8.87673854827881,"Female"
"9004153",371987,2025-06-09 00:21:49,42.602409362793,-8.87682723999023,"Female"
"9004153",371987,2025-06-09 00:26:48,42.6023368835449,-8.87674140930176,"Female"
"9004153",371987,2025-06-09 00:31:46,42.6023483276367,-8.87662220001221,"Female"
"9004153",371987,2025-06-09 00:37:14,42.602367401123,-8.87677764892578,"Female"
"9004153",371987,2025-06-09 00:41:48,42.6023712158203,-8.8766508102417,"Female"
"9004153",371987,2025-06-09 00:46:47,42.6023597717285,-8.87654495239258,"Female"
"9004153",371987,2025-06-09 00:51:49,42.6023368835449,-8.87674140930176,"Female"
"9004153",371987,2025-06-09 00:56:48,42.6023216247559,-8.87672519683838,"Female"
"9004153",371987,2025-06-09 01:02:04,42.6023025512695,-8.87668323516846,"Female"
"9004153",371987,2025-06-09 01:06:48,42.6023635864258,-8.87683868408203,"Female"
"9004153",371987,2025-06-09 01:11:59,42.6023483276367,-8.87687397003174,"Female"
"9004153",371987,2025-06-09 01:16:49,42.6024131774902,-8.87689113616943,"Female"
"9004153",371987,2025-06-09 01:21:49,42.6023559570312,-8.87685871124268,"Female"
"9004153",371987,2025-06-09 01:26:51,42.6023483276367,-8.87687015533447,"Female"
"9004153",371987,2025-06-09 01:32:14,42.6023254394531,-8.87680721282959,"Female"
"9004153",371987,2025-06-09 01:36:51,42.602294921875,-8.87689113616943,"Female"
"9004153",371987,2025-06-09 01:42:01,42.6023139953613,-8.87679004669189,"Female"
"9004153",371987,2025-06-09 01:47:05,42.602294921875,-8.8768949508667,"Female"
"9004153",371987,2025-06-09 01:51:49,42.602294921875,-8.8771333694458,"Female"
"9004153",371987,2025-06-09 01:56:57,42.6023216247559,-8.87676811218262,"Female"
"9004153",371987,2025-06-09 02:01:54,42.6022529602051,-8.87687110900879,"Female"
"9004153",371987,2025-06-09 02:06:49,42.602409362793,-8.87674903869629,"Female"
"9004153",371987,2025-06-09 02:11:52,42.6023063659668,-8.87674522399902,"Female"
"9004153",371987,2025-06-09 02:16:51,42.6024475097656,-8.87664413452148,"Female"
"9004153",371987,2025-06-09 02:22:05,42.6023597717285,-8.87661266326904,"Female"
"9004153",371987,2025-06-09 02:26:45,42.602481842041,-8.87654399871826,"Female"
"9004153",371987,2025-06-09 02:31:58,42.6025276184082,-8.87665462493896,"Female"
"9004153",371987,2025-06-09 02:36:58,42.6024627685547,-8.87670040130615,"Female"
"9004153",371987,2025-06-09 02:41:54,42.6025161743164,-8.87672901153564,"Female"
"9004153",371987,2025-06-09 02:46:58,42.6024208068848,-8.87679481506348,"Female"
"9004153",371987,2025-06-09 02:51:53,42.6024856567383,-8.87668228149414,"Female"
"9004153",371987,2025-06-09 02:56:54,42.6024856567383,-8.87673950195312,"Female"
"9004153",371987,2025-06-09 03:01:54,42.6024780273438,-8.87679386138916,"Female"
"9004153",371987,2025-06-09 03:06:54,42.6024932861328,-8.87672138214111,"Female"
"9004153",371987,2025-06-09 03:11:54,42.6024932861328,-8.87666797637939,"Female"
"9004153",371987,2025-06-09 03:16:54,42.6024780273438,-8.87684535980225,"Female"
"9004153",371987,2025-06-09 03:21:54,42.6025276184082,-8.87671566009521,"Female"
"9004153",371987,2025-06-09 03:26:54,42.6025085449219,-8.87681293487549,"Female"
"9004153",371987,2025-06-09 03:32:05,42.6022796630859,-8.87670230865479,"Female"
"9004153",371987,2025-06-09 03:36:54,42.6021957397461,-8.87673282623291,"Female"
"9004153",371987,2025-06-09 03:41:51,42.6023597717285,-8.87680244445801,"Female"
"9004153",371987,2025-06-09 03:46:46,42.6026344299316,-8.87702083587646,"Female"
"9004153",371987,2025-06-09 03:52:05,42.6022300720215,-8.87685585021973,"Female"
"9004153",371987,2025-06-09 03:56:46,42.6024169921875,-8.87699699401855,"Female"
"9004153",371987,2025-06-09 04:02:05,42.6022605895996,-8.87675666809082,"Female"
"9004153",371987,2025-06-09 04:06:49,42.6023635864258,-8.87683486938477,"Female"
"9004153",371987,2025-06-09 04:11:45,42.6022453308105,-8.8768835067749,"Female"
"9004153",371987,2025-06-09 04:16:47,42.6022796630859,-8.87661361694336,"Female"
"9004153",371987,2025-06-09 04:21:46,42.6022567749023,-8.87637901306152,"Female"
"9004153",371987,2025-06-09 04:26:46,42.6022491455078,-8.87648582458496,"Female"
"9004153",371987,2025-06-09 04:31:47,42.6023483276367,-8.87701225280762,"Female"
"9004153",371987,2025-06-09 04:36:59,42.6023635864258,-8.87675857543945,"Female"
"9004153",371987,2025-06-09 04:41:54,42.6023254394531,-8.87673377990723,"Female"
"9004153",371987,2025-06-09 04:46:54,42.6017990112305,-8.87678050994873,"Female"
"9004153",371987,2025-06-09 04:51:46,42.6017074584961,-8.87674427032471,"Female"
"9004153",371987,2025-06-09 04:57:01,42.6017379760742,-8.87663173675537,"Female"
"9004153",371987,2025-06-09 05:02:14,42.6015090942383,-8.87665843963623,"Female"
"9004153",371987,2025-06-09 05:06:48,42.6015701293945,-8.87671947479248,"Female"
"9004153",371987,2025-06-09 05:11:46,42.6013832092285,-8.8762378692627,"Female"
"9004153",371987,2025-06-09 05:16:54,42.6014823913574,-8.8766565322876,"Female"
"9004153",371987,2025-06-09 05:21:46,42.6015014648438,-8.87659168243408,"Female"
"9004153",371987,2025-06-09 05:26:54,42.6014976501465,-8.87663078308105,"Female"
"9004153",371987,2025-06-09 05:31:48,42.6013488769531,-8.87645244598389,"Female"
"9004153",371987,2025-06-09 05:36:53,42.6014556884766,-8.87668514251709,"Female"
"9004153",371987,2025-06-09 05:41:49,42.6015167236328,-8.87671661376953,"Female"
"9004153",371987,2025-06-09 05:46:54,42.6014709472656,-8.87668037414551,"Female"
"9004153",371987,2025-06-09 05:51:46,42.6015167236328,-8.87678718566895,"Female"
"9004153",371987,2025-06-09 05:56:46,42.6013336181641,-8.87662506103516,"Female"
"9004153",371987,2025-06-09 06:01:46,42.6013031005859,-8.87648773193359,"Female"
"9004153",371987,2025-06-09 06:06:46,42.6011581420898,-8.87638759613037,"Female"
"9004153",371987,2025-06-09 06:11:46,42.6010780334473,-8.87625026702881,"Female"
"9004153",371987,2025-06-09 06:16:47,42.6013221740723,-8.87630653381348,"Female"
"9004153",371987,2025-06-09 06:21:46,42.6036949157715,-8.87293148040771,"Female"
"9004153",371987,2025-06-09 06:26:48,42.6051063537598,-8.87188625335693,"Female"
"9004153",371987,2025-06-09 06:32:21,42.6051979064941,-8.8712215423584,"Female"
"9004153",371987,2025-06-09 06:37:18,42.605598449707,-8.87235927581787,"Female"
"9004153",371987,2025-06-09 06:42:30,42.6051750183105,-8.8736515045166,"Female"
"9004153",371987,2025-06-09 06:48:40,42.6046829223633,-8.87389850616455,"Female"
"9004153",371987,2025-06-09 06:53:45,42.6039733886719,-8.87405014038086,"Female"
"9004153",371987,2025-06-09 06:58:48,42.6037635803223,-8.87295532226562,"Female"
"9004153",371987,2025-06-09 07:03:43,42.6037101745605,-8.87305355072021,"Female"
"9004153",371987,2025-06-09 07:08:48,42.6037483215332,-8.87268924713135,"Female"
"9004153",371987,2025-06-09 07:13:39,42.6036720275879,-8.87295055389404,"Female"
"9004153",371987,2025-06-09 07:19:01,42.6037902832031,-8.87318897247314,"Female"
"9004153",371987,2025-06-09 07:23:39,42.6037979125977,-8.87320137023926,"Female"
"9004153",371987,2025-06-09 07:28:39,42.6037864685059,-8.87318992614746,"Female"
"9004153",371987,2025-06-09 07:33:38,42.6037902832031,-8.873122215271,"Female"
"9004153",371987,2025-06-09 07:38:38,42.6038093566895,-8.87324523925781,"Female"
"9004153",371987,2025-06-09 07:43:39,42.6037979125977,-8.87321662902832,"Female"
"9004153",371987,2025-06-09 07:48:38,42.603816986084,-8.87322998046875,"Female"
"9004153",371987,2025-06-09 07:53:39,42.6039237976074,-8.8734130859375,"Female"
"9004153",371987,2025-06-09 07:58:39,42.6038246154785,-8.87319660186768,"Female"
"9004153",371987,2025-06-09 08:03:39,42.6037940979004,-8.87323665618896,"Female"
"9004153",371987,2025-06-09 08:08:39,42.6037750244141,-8.87317752838135,"Female"
"9004153",371987,2025-06-09 08:13:39,42.603832244873,-8.87320041656494,"Female"
"9004153",371987,2025-06-09 08:18:39,42.6038284301758,-8.87315940856934,"Female"
"9004153",371987,2025-06-09 08:23:38,42.6038513183594,-8.87318801879883,"Female"
"9004153",371987,2025-06-09 08:28:39,42.603816986084,-8.87316608428955,"Female"
"9004153",371987,2025-06-09 08:33:39,42.6067047119141,-8.8755521774292,"Female"
"9004153",371987,2025-06-09 08:38:55,42.6053161621094,-8.87430286407471,"Female"
"9004153",371987,2025-06-09 08:44:13,42.6045036315918,-8.87558555603027,"Female"
"9004153",371987,2025-06-09 08:49:57,42.6042213439941,-8.8768482208252,"Female"
"9004153",371987,2025-06-09 08:55:19,42.6042976379395,-8.8755521774292,"Female"
"9004153",371987,2025-06-09 09:00:18,42.6038284301758,-8.87320518493652,"Female"
"9004153",371987,2025-06-09 09:05:18,42.6037559509277,-8.87305355072021,"Female"
"9004153",371987,2025-06-09 09:10:18,42.603759765625,-8.87314319610596,"Female"
"9004153",371987,2025-06-09 09:15:18,42.6037063598633,-8.87300872802734,"Female"
"9004153",371987,2025-06-09 09:20:18,42.6037254333496,-8.87315368652344,"Female"
"9004153",371987,2025-06-09 09:25:19,42.6037139892578,-8.87297630310059,"Female"
"9004153",371987,2025-06-09 09:30:18,42.6036567687988,-8.87291622161865,"Female"
"9004153",371987,2025-06-09 09:35:18,42.6036987304688,-8.87307071685791,"Female"
"9004153",371987,2025-06-09 09:40:18,42.6036643981934,-8.87269592285156,"Female"
"9004153",371987,2025-06-09 09:45:17,42.6037673950195,-8.87321472167969,"Female"
"9004153",371987,2025-06-09 09:50:20,42.6034202575684,-8.87301731109619,"Female"
"9004153",371987,2025-06-09 09:55:18,42.6037521362305,-8.8735466003418,"Female"
"9004153",371987,2025-06-09 10:00:18,42.6038246154785,-8.87321186065674,"Female"
"9004153",371987,2025-06-09 10:05:19,42.6037406921387,-8.87315940856934,"Female"
"9004153",371987,2025-06-09 10:10:18,42.6037445068359,-8.87324714660645,"Female"
"9004153",371987,2025-06-09 10:15:18,42.6037521362305,-8.87324142456055,"Female"
"9004153",371987,2025-06-09 10:20:21,42.6037826538086,-8.87328720092773,"Female"
"9004153",371987,2025-06-09 10:25:18,42.6037483215332,-8.87307357788086,"Female"
"9004153",371987,2025-06-09 10:30:21,42.6037445068359,-8.87306785583496,"Female"
"9004153",371987,2025-06-09 10:35:20,42.6037559509277,-8.87311172485352,"Female"
"9004153",371987,2025-06-09 10:40:19,42.6038475036621,-8.87338542938232,"Female"
"9004153",371987,2025-06-09 10:45:19,42.6038780212402,-8.87355041503906,"Female"
"9004153",371987,2025-06-09 10:53:21,42.6056213378906,-8.8741626739502,"Female"
"9004153",371987,2025-06-09 10:58:38,42.6044235229492,-8.87370777130127,"Female"
"9004153",371987,2025-06-09 11:04:09,42.6041259765625,-8.87474060058594,"Female"
"9004153",371987,2025-06-09 11:09:30,42.604133605957,-8.87539577484131,"Female"
"9004153",371987,2025-06-09 11:14:33,42.6026382446289,-8.87627696990967,"Female"
"9004153",371987,2025-06-09 11:20:43,42.6010894775391,-8.87453556060791,"Female"
"9004153",371987,2025-06-09 11:24:44,42.6015205383301,-8.8742208480835,"Female"
"9004153",371987,2025-06-09 11:29:25,42.6013259887695,-8.87459564208984,"Female"
"9004153",371987,2025-06-09 11:34:26,42.6015930175781,-8.87429428100586,"Female"
"9004153",371987,2025-06-09 11:39:29,42.6015586853027,-8.87426662445068,"Female"
"9004153",371987,2025-06-09 11:44:26,42.6017303466797,-8.87439632415771,"Female"
"9004153",371987,2025-06-09 11:49:44,42.6013832092285,-8.87451076507568,"Female"
"9004153",371987,2025-06-09 11:54:25,42.601188659668,-8.8747386932373,"Female"
"9004153",371987,2025-06-09 11:59:27,42.6013069152832,-8.87466526031494,"Female"
"9004153",371987,2025-06-09 12:04:36,42.6014518737793,-8.87432670593262,"Female"
"9004153",371987,2025-06-09 12:09:36,42.6014633178711,-8.87433052062988,"Female"
"9004153",371987,2025-06-09 12:14:36,42.6014862060547,-8.87430953979492,"Female"
"9004153",371987,2025-06-09 12:19:36,42.6016006469727,-8.87427520751953,"Female"
"9004153",371987,2025-06-09 12:24:36,42.6014709472656,-8.87431812286377,"Female"
"9004153",371987,2025-06-09 12:29:36,42.6015396118164,-8.87426471710205,"Female"
"9004153",371987,2025-06-09 12:34:28,42.6015129089355,-8.87434196472168,"Female"
"9004153",371987,2025-06-09 12:39:25,42.6013870239258,-8.87436485290527,"Female"
"9004153",371987,2025-06-09 12:44:25,42.6014137268066,-8.87435340881348,"Female"
"9004153",371987,2025-06-09 12:49:59,42.6015319824219,-8.87431621551514,"Female"
"9004153",371987,2025-06-09 12:54:24,42.6015243530273,-8.87424182891846,"Female"
"9004153",371987,2025-06-09 12:59:24,42.6013526916504,-8.87360763549805,"Female"
"9004153",371987,2025-06-09 13:04:54,42.6006965637207,-8.87180423736572,"Female"
"9004153",371987,2025-06-09 13:10:37,42.5996971130371,-8.87152194976807,"Female"
"9004153",371987,2025-06-09 13:16:22,42.6005401611328,-8.87032222747803,"Female"
"9004153",371987,2025-06-09 13:21:23,42.6006164550781,-8.87047672271729,"Female"
"9004153",371987,2025-06-09 13:26:30,42.6001739501953,-8.87224292755127,"Female"
"9004153",371987,2025-06-09 13:31:42,42.6012840270996,-8.8737907409668,"Female"
"9004153",371987,2025-06-09 13:36:41,42.6015167236328,-8.87425804138184,"Female"
"9004153",371987,2025-06-09 13:41:41,42.6015396118164,-8.87423038482666,"Female"
"9004153",371987,2025-06-09 13:46:41,42.6015243530273,-8.87422752380371,"Female"
"9004153",371987,2025-06-09 13:51:41,42.6015129089355,-8.87423419952393,"Female"
"9004153",371987,2025-06-09 13:56:41,42.6015281677246,-8.87423229217529,"Female"
"9004153",371987,2025-06-09 14:01:40,42.6015243530273,-8.87424564361572,"Female"
"9004153",371987,2025-06-09 14:06:40,42.6014595031738,-8.87424468994141,"Female"
"9004153",371987,2025-06-09 14:11:40,42.6015090942383,-8.87421321868896,"Female"
"9004153",371987,2025-06-09 14:16:40,42.6014633178711,-8.87400245666504,"Female"
"9004153",371987,2025-06-09 14:21:40,42.6014442443848,-8.87429237365723,"Female"
"9004153",371987,2025-06-09 14:26:40,42.6015129089355,-8.87428092956543,"Female"
"9004153",371987,2025-06-09 14:31:40,42.6015396118164,-8.87430000305176,"Female"
"9004153",371987,2025-06-09 14:36:40,42.6015129089355,-8.87430095672607,"Female"
"9004153",371987,2025-06-09 14:41:41,42.6015472412109,-8.8743314743042,"Female"
"9004153",371987,2025-06-09 14:46:41,42.6014404296875,-8.87433242797852,"Female"
"9004153",371987,2025-06-09 14:51:41,42.601505279541,-8.87424278259277,"Female"
"9004153",371987,2025-06-09 14:56:41,42.6015319824219,-8.87427806854248,"Female"
"9004153",371987,2025-06-09 15:01:41,42.590389251709,-8.87242603302002,"Female"
"9004153",371987,2025-06-09 15:06:41,42.5898132324219,-8.87252235412598,"Female"
"9004153",371987,2025-06-09 15:11:41,42.5887565612793,-8.87431907653809,"Female"
"9004153",371987,2025-06-09 15:16:41,42.580810546875,-8.88103675842285,"Female"
"9004153",371987,2025-06-09 15:21:41,42.5434913635254,-8.89461994171143,"Female"
"9004153",371987,2025-06-09 15:26:41,42.5362091064453,-8.90236949920654,"Female"
"9004153",371987,2025-06-09 15:31:42,42.5361518859863,-8.90229034423828,"Female"
"9004153",371987,2025-06-09 15:36:42,42.5361862182617,-8.90233039855957,"Female"
"9004153",371987,2025-06-09 15:41:41,42.5361709594727,-8.90230560302734,"Female"
"9004153",371987,2025-06-09 15:46:42,42.5361938476562,-8.90231323242188,"Female"
"9004153",371987,2025-06-09 15:51:41,42.5362510681152,-8.90233325958252,"Female"
"9004153",371987,2025-06-09 15:56:45,42.5361824035645,-8.9023551940918,"Female"
"9004153",371987,2025-06-09 16:01:43,42.5362510681152,-8.90232563018799,"Female"
"9004153",371987,2025-06-09 16:06:42,42.5362167358398,-8.90230560302734,"Female"
"9004153",371987,2025-06-09 16:11:43,42.5361976623535,-8.90226364135742,"Female"
"9004153",371987,2025-06-09 16:16:47,42.5362968444824,-8.90238857269287,"Female"
"9004153",371987,2025-06-09 16:22:05,42.5362167358398,-8.90226745605469,"Female"
"9004153",371987,2025-06-09 16:26:41,42.5362319946289,-8.90227222442627,"Female"
"9004153",371987,2025-06-09 16:31:41,42.5361976623535,-8.90229988098145,"Female"
"9004153",371987,2025-06-09 16:36:41,42.536205291748,-8.90232276916504,"Female"
"9004153",371987,2025-06-09 16:41:41,42.5362358093262,-8.90223026275635,"Female"
"9004153",371987,2025-06-09 16:46:41,42.5362777709961,-8.90222454071045,"Female"
"9004153",371987,2025-06-09 16:51:41,42.5362396240234,-8.90227699279785,"Female"
"9004153",371987,2025-06-09 16:56:41,42.5361824035645,-8.90221118927002,"Female"
"9004153",371987,2025-06-09 17:01:41,42.5361289978027,-8.90223503112793,"Female"
"9004153",371987,2025-06-09 17:06:41,42.5361633300781,-8.90229415893555,"Female"
"9004153",371987,2025-06-09 17:11:41,42.536262512207,-8.90232276916504,"Female"
"9004153",371987,2025-06-09 17:16:44,42.5362701416016,-8.90250110626221,"Female"
"9004153",371987,2025-06-09 17:21:41,42.5360984802246,-8.90220832824707,"Female"
"9004153",371987,2025-06-09 17:26:41,42.5361061096191,-8.90224361419678,"Female"
"9004153",371987,2025-06-09 17:31:41,42.5361175537109,-8.9022331237793,"Female"
"9004153",371987,2025-06-09 17:36:41,42.5360984802246,-8.90227603912354,"Female"
"9004153",371987,2025-06-09 17:41:42,42.5361289978027,-8.90228176116943,"Female"
"9004153",371987,2025-06-09 17:46:42,42.5361213684082,-8.90225887298584,"Female"
"9004153",371987,2025-06-09 17:51:42,42.5361099243164,-8.90224552154541,"Female"
"9004153",371987,2025-06-09 17:56:42,42.5236663818359,-8.91881561279297,"Female"
"9004153",371987,2025-06-09 18:01:42,42.487232208252,-8.93464374542236,"Female"
"9004153",371987,2025-06-09 18:06:42,42.4762878417969,-8.94484996795654,"Female"
"9004153",371987,2025-06-09 18:11:41,42.4762344360352,-8.94484043121338,"Female"
"9004153",371987,2025-06-09 18:16:42,42.4762001037598,-8.94486141204834,"Female"
"9004153",371987,2025-06-09 18:21:42,42.4762954711914,-8.9449291229248,"Female"
"9004153",371987,2025-06-09 18:26:41,42.4762573242188,-8.94483089447021,"Female"
"9004153",371987,2025-06-09 18:31:42,42.4762725830078,-8.94485759735107,"Female"
"9004153",371987,2025-06-09 18:36:41,42.4370460510254,-8.94159507751465,"Female"
"9004153",371987,2025-06-09 18:41:41,42.4251022338867,-8.93710803985596,"Female"
"9004153",371987,2025-06-09 18:46:42,42.4156379699707,-8.93471717834473,"Female"
"9004153",371987,2025-06-09 18:51:42,42.3977317810059,-8.9202880859375,"Female"
"9004153",371987,2025-06-09 18:56:42,42.397647857666,-8.92015361785889,"Female"
"9004153",371987,2025-06-09 19:01:42,42.3976936340332,-8.92025089263916,"Female"
"9004153",371987,2025-06-09 19:06:42,42.3977088928223,-8.92029476165771,"Female"
"9004153",371987,2025-06-09 19:11:42,42.3978576660156,-8.9204797744751,"Female"
"9004153",371987,2025-06-09 19:16:42,42.398021697998,-8.92066955566406,"Female"
"9004153",371987,2025-06-09 19:21:42,42.395679473877,-8.91866016387939,"Female"
"9004153",371987,2025-06-09 19:26:43,42.3971633911133,-8.92020034790039,"Female"
"9004153",371987,2025-06-09 19:31:46,42.3970680236816,-8.92004489898682,"Female"
"9004153",371987,2025-06-09 19:37:02,42.3971939086914,-8.92028522491455,"Female"
"9004153",371987,2025-06-09 19:41:42,42.3972015380859,-8.92031383514404,"Female"
"9004153",371987,2025-06-09 19:46:41,42.3971786499023,-8.92042350769043,"Female"
"9004153",371987,2025-06-09 19:51:42,42.3976097106934,-8.92087364196777,"Female"
"9004153",371987,2025-06-09 19:56:41,42.3988151550293,-8.92090606689453,"Female"
"9004153",371987,2025-06-09 20:01:41,42.3988304138184,-8.92092990875244,"Female"
"9004153",371987,2025-06-09 20:06:41,42.3987922668457,-8.92087078094482,"Female"
"9004153",371987,2025-06-09 20:11:41,42.398681640625,-8.92098712921143,"Female"
"9004153",371987,2025-06-09 20:16:41,42.3986968994141,-8.92093563079834,"Female"
"9004153",371987,2025-06-09 20:21:42,42.3986892700195,-8.92093467712402,"Female"
"9004153",371987,2025-06-09 20:26:42,42.3986473083496,-8.92086315155029,"Female"
"9004153",371987,2025-06-09 20:31:41,42.3987121582031,-8.92082405090332,"Female"
"9004153",371987,2025-06-09 20:36:42,42.3987159729004,-8.9208984375,"Female"
"9004153",371987,2025-06-09 20:41:41,42.3987045288086,-8.92086315155029,"Female"
"9004153",371987,2025-06-09 20:46:42,42.3987121582031,-8.92082786560059,"Female"
"9004153",371987,2025-06-09 20:51:41,42.3987312316895,-8.92080974578857,"Female"
"9004153",371987,2025-06-09 20:56:43,42.3987236022949,-8.92076301574707,"Female"
"9004153",371987,2025-06-09 21:01:41,42.3987579345703,-8.92090034484863,"Female"
"9004153",371987,2025-06-09 21:06:41,42.3986968994141,-8.92086696624756,"Female"
"9004153",371987,2025-06-09 21:11:41,42.3987274169922,-8.92080497741699,"Female"
"9004153",371987,2025-06-09 21:16:41,42.3986968994141,-8.92086410522461,"Female"
"9004153",371987,2025-06-09 21:21:44,42.3987426757812,-8.92087554931641,"Female"
"9004153",371987,2025-06-09 21:26:41,42.3987083435059,-8.9207181930542,"Female"
"9004153",371987,2025-06-09 21:31:43,42.3988189697266,-8.92110443115234,"Female"
"9004153",371987,2025-06-09 21:37:05,42.3986968994141,-8.92079734802246,"Female"
"9004153",371987,2025-06-09 21:41:41,42.3987045288086,-8.92080593109131,"Female"
"9004153",371987,2025-06-09 21:46:41,42.3986892700195,-8.92083358764648,"Female"
"9004153",371987,2025-06-09 21:51:41,42.3986740112305,-8.92079830169678,"Female"
"9004153",371987,2025-06-09 21:56:42,42.3987159729004,-8.9207878112793,"Female"
"9004153",371987,2025-06-09 22:01:41,42.3987007141113,-8.92077350616455,"Female"
"9004153",371987,2025-06-09 22:06:41,42.3987236022949,-8.92070293426514,"Female"
"9004153",371987,2025-06-09 22:11:41,42.3987731933594,-8.92082214355469,"Female"
"9004153",371987,2025-06-09 22:16:41,42.3986549377441,-8.92077159881592,"Female"
"9004153",371987,2025-06-09 22:21:42,42.398738861084,-8.92084789276123,"Female"
"9004153",371987,2025-06-09 22:26:45,42.3986320495605,-8.92070293426514,"Female"
"9004153",371987,2025-06-09 22:31:42,42.3986968994141,-8.92076587677002,"Female"
"9004153",371987,2025-06-09 22:37:05,42.3987045288086,-8.92077445983887,"Female"
"9004153",371987,2025-06-09 22:41:42,42.3988647460938,-8.92102336883545,"Female"
"9004153",371987,2025-06-09 22:46:42,42.3986587524414,-8.92066955566406,"Female"
"9004153",371987,2025-06-09 22:51:42,42.3988838195801,-8.92102241516113,"Female"
"9004153",371987,2025-06-09 22:56:41,42.3987579345703,-8.92090511322021,"Female"
"9004153",371987,2025-06-09 23:01:41,42.3988800048828,-8.92107772827148,"Female"
"9004153",371987,2025-06-09 23:06:43,42.3987846374512,-8.92091083526611,"Female"
"9004153",371987,2025-06-09 23:11:43,42.3987922668457,-8.92094326019287,"Female"
"9004153",371987,2025-06-09 23:16:43,42.3987846374512,-8.92093563079834,"Female"
"9004153",371987,2025-06-09 23:21:41,42.3987884521484,-8.92104148864746,"Female"
"9004153",371987,2025-06-09 23:26:41,42.39892578125,-8.92108917236328,"Female"
"9004153",371987,2025-06-09 23:31:43,42.398681640625,-8.92077350616455,"Female"
"9004153",371987,2025-06-09 23:36:42,42.3987884521484,-8.92098236083984,"Female"
"9004153",371987,2025-06-09 23:41:42,42.3987197875977,-8.92088222503662,"Female"
"9004153",371987,2025-06-09 23:46:42,42.3987808227539,-8.92084407806396,"Female"
"9004153",371987,2025-06-09 23:51:42,42.3987121582031,-8.92089462280273,"Female"
"9004153",371987,2025-06-09 23:56:42,42.3987236022949,-8.92095565795898,"Female"
"9004153",371987,2025-06-10 00:02:05,42.398681640625,-8.92078876495361,"Female"
"9004153",371987,2025-06-10 00:06:41,42.3986701965332,-8.92087078094482,"Female"
"9004153",371987,2025-06-10 00:11:41,42.3986930847168,-8.92086315155029,"Female"
"9004153",371987,2025-06-10 00:16:41,42.3986854553223,-8.92092227935791,"Female"
"9004153",371987,2025-06-10 00:21:41,42.3986396789551,-8.92086505889893,"Female"
"9004153",371987,2025-06-10 00:26:41,42.3987007141113,-8.92083835601807,"Female"
"9004153",371987,2025-06-10 00:31:44,42.3987007141113,-8.92085647583008,"Female"
"9004153",371987,2025-06-10 00:36:44,42.3986663818359,-8.92082786560059,"Female"
"9004153",371987,2025-06-10 00:42:05,42.3987617492676,-8.92092514038086,"Female"
"9004153",371987,2025-06-10 00:46:42,42.3987770080566,-8.92108726501465,"Female"
"9004153",371987,2025-06-10 00:51:42,42.3986473083496,-8.92051887512207,"Female"
"9004153",371987,2025-06-10 00:56:43,42.3983573913574,-8.91994285583496,"Female"
"9004153",371987,2025-06-10 01:01:44,42.3984909057617,-8.92023944854736,"Female"
"9004153",371987,2025-06-10 01:06:54,42.3988571166992,-8.92088508605957,"Female"
"9004153",371987,2025-06-10 01:11:45,42.3988151550293,-8.92089176177979,"Female"
"9004153",371987,2025-06-10 01:16:43,42.3988227844238,-8.92089462280273,"Female"
"9004153",371987,2025-06-10 01:21:43,42.3988876342773,-8.92113399505615,"Female"
"9004153",371987,2025-06-10 01:26:49,42.3987808227539,-8.92082691192627,"Female"
"9004153",371987,2025-06-10 01:31:43,42.3987312316895,-8.92064476013184,"Female"
"9004153",371987,2025-06-10 01:36:42,42.3987808227539,-8.92073249816895,"Female"
"9004153",371987,2025-06-10 01:41:42,42.3987808227539,-8.9206075668335,"Female"
"9004153",371987,2025-06-10 01:46:42,42.3986854553223,-8.92055225372314,"Female"
"9004153",371987,2025-06-10 01:51:42,42.3987350463867,-8.92065525054932,"Female"
"9004153",371987,2025-06-10 01:56:43,42.3988571166992,-8.92068386077881,"Female"
"9004153",371987,2025-06-10 02:01:54,42.3988151550293,-8.92072296142578,"Female"
"9004153",371987,2025-06-10 02:06:46,42.398681640625,-8.92143821716309,"Female"
"9004153",371987,2025-06-10 02:11:47,42.3987922668457,-8.92073249816895,"Female"
"9004153",371987,2025-06-10 02:16:47,42.3988189697266,-8.92079734802246,"Female"
"9004153",371987,2025-06-10 02:21:54,42.3987350463867,-8.92088317871094,"Female"
"9004153",371987,2025-06-10 02:27:05,42.3987464904785,-8.92083358764648,"Female"
"9004153",371987,2025-06-10 02:31:41,42.3987045288086,-8.92082023620605,"Female"
"9004153",371987,2025-06-10 02:36:41,42.3986701965332,-8.92086124420166,"Female"
"9004153",371987,2025-06-10 02:41:41,42.3986625671387,-8.92083644866943,"Female"
"9004153",371987,2025-06-10 02:46:41,42.3986663818359,-8.92080116271973,"Female"
"9004153",371987,2025-06-10 02:51:41,42.3986968994141,-8.92076873779297,"Female"
"9004153",371987,2025-06-10 02:56:41,42.398551940918,-8.92073535919189,"Female"
"9004153",371987,2025-06-10 03:01:42,42.3987693786621,-8.92078304290771,"Female"
"9004153",371987,2025-06-10 03:06:41,42.3985290527344,-8.9207124710083,"Female"
"9004153",371987,2025-06-10 03:11:42,42.398624420166,-8.92075157165527,"Female"
"9004153",371987,2025-06-10 03:16:41,42.3986282348633,-8.92065525054932,"Female"
"9004153",371987,2025-06-10 03:21:41,42.3985443115234,-8.92061805725098,"Female"
"9004153",371987,2025-06-10 03:26:42,42.3986129760742,-8.92068672180176,"Female"
"9004153",371987,2025-06-10 03:31:41,42.3986663818359,-8.92074871063232,"Female"
"9004153",371987,2025-06-10 03:36:41,42.3986129760742,-8.92070484161377,"Female"
"9004153",371987,2025-06-10 03:41:42,42.3986778259277,-8.92073535919189,"Female"
"9004153",371987,2025-06-10 03:47:03,42.3987159729004,-8.92078876495361,"Female"
"9004153",371987,2025-06-10 03:51:42,42.3987464904785,-8.92079067230225,"Female"
"9004153",371987,2025-06-10 03:56:41,42.3988304138184,-8.92089939117432,"Female"
"9004153",371987,2025-06-10 04:01:41,42.3987998962402,-8.92068099975586,"Female"
"9004153",371987,2025-06-10 04:06:42,42.3986358642578,-8.92082500457764,"Female"
"9004153",371987,2025-06-10 04:11:43,42.3985214233398,-8.92094039916992,"Female"
"9004153",371987,2025-06-10 04:16:43,42.3986282348633,-8.92077255249023,"Female"
"9004153",371987,2025-06-10 04:21:43,42.3987350463867,-8.92083930969238,"Female"
"9004153",371987,2025-06-10 04:26:42,42.3985824584961,-8.92072582244873,"Female"
"9004153",371987,2025-06-10 04:31:43,42.3985710144043,-8.92073822021484,"Female"
"9004153",371987,2025-06-10 04:36:42,42.3985939025879,-8.92056083679199,"Female"
"9004153",371987,2025-06-10 04:41:43,42.3987274169922,-8.92097949981689,"Female"
"9004153",371987,2025-06-10 04:46:41,42.3978500366211,-8.92048931121826,"Female"
"9004153",371987,2025-06-10 04:51:41,42.3970985412598,-8.92029190063477,"Female"
"9004153",371987,2025-06-10 04:57:05,42.3979034423828,-8.92046165466309,"Female"
"9004153",371987,2025-06-10 05:01:42,42.3978614807129,-8.9204797744751,"Female"
"9004153",371987,2025-06-10 05:06:41,42.3979034423828,-8.92050361633301,"Female"
"9004153",371987,2025-06-10 05:11:41,42.3978958129883,-8.92052364349365,"Female"
"9004153",371987,2025-06-10 05:16:41,42.3978729248047,-8.92048168182373,"Female"
"9004153",371987,2025-06-10 05:21:41,42.3978424072266,-8.92053985595703,"Female"
"9004153",371987,2025-06-10 05:26:41,42.3978843688965,-8.92050457000732,"Female"
"9004153",371987,2025-06-10 05:31:41,42.397819519043,-8.92054843902588,"Female"
"9004153",371987,2025-06-10 05:36:41,42.397819519043,-8.92049407958984,"Female"
"9004153",371987,2025-06-10 05:41:41,42.3962249755859,-8.92026615142822,"Female"
"9004153",371987,2025-06-10 05:46:41,42.3962669372559,-8.92039108276367,"Female"
"9004153",371987,2025-06-10 05:51:43,42.3977432250977,-8.92070960998535,"Female"
"9004153",371987,2025-06-10 05:56:41,42.3977966308594,-8.92061519622803,"Female"
"9004153",371987,2025-06-10 06:02:05,42.3977699279785,-8.92061901092529,"Female"
"9004153",371987,2025-06-10 06:06:41,42.3974075317383,-8.92082118988037,"Female"
"9004153",371987,2025-06-10 06:11:41,42.3978652954102,-8.91965770721436,"Female"
"9004153",371987,2025-06-10 06:16:41,42.3977546691895,-8.92011737823486,"Female"
"9004153",371987,2025-06-10 06:21:41,42.3978538513184,-8.92011165618896,"Female"
"9004153",371987,2025-06-10 06:26:41,42.3982238769531,-8.91896820068359,"Female"
"9004153",371987,2025-06-10 06:31:41,42.4339447021484,-8.91447639465332,"Female"
"9004153",371987,2025-06-10 06:36:41,42.4612503051758,-8.94187545776367,"Female"
"9004153",371987,2025-06-10 06:41:42,42.4916229248047,-8.92834281921387,"Female"
"9004153",371987,2025-06-10 06:46:41,42.4925117492676,-8.928053855896,"Female"
"9004153",371987,2025-06-10 06:51:41,42.5101432800293,-8.91220951080322,"Female"
"9004153",371987,2025-06-10 06:56:44,42.5403175354004,-8.89050483703613,"Female"
"9004153",371987,2025-06-10 07:01:50,42.5407447814941,-8.89115238189697,"Female"
"9004153",371987,2025-06-10 07:07:17,42.5412292480469,-8.89086532592773,"Female"
"9004153",371987,2025-06-10 07:12:15,42.5478477478027,-8.8882532119751,"Female"
"9004153",371987,2025-06-10 07:17:16,42.5490646362305,-8.88602352142334,"Female"
"9004153",371987,2025-06-10 07:22:15,42.5490570068359,-8.88604831695557,"Female"
"9004153",371987,2025-06-10 07:27:16,42.5491752624512,-8.88613700866699,"Female"
"9004153",371987,2025-06-10 07:32:22,42.5492134094238,-8.88637447357178,"Female"
"9004153",371987,2025-06-10 07:37:31,42.5492286682129,-8.88648223876953,"Female"
"9004153",371987,2025-06-10 07:42:14,42.5492134094238,-8.88645458221436,"Female"
"9004153",371987,2025-06-10 07:47:14,42.549201965332,-8.88647556304932,"Female"
"9004153",371987,2025-06-10 07:52:14,42.5492782592773,-8.88653659820557,"Female"
"9004153",371987,2025-06-10 07:57:14,42.5492515563965,-8.88652324676514,"Female"
"9004153",371987,2025-06-10 08:02:14,42.5492668151855,-8.88666439056396,"Female"
"9004153",371987,2025-06-10 08:07:15,42.5513610839844,-8.88769626617432,"Female"
"9004153",371987,2025-06-10 08:12:14,42.5512237548828,-8.88743305206299,"Female"
"9004153",371987,2025-06-10 08:19:40,42.5512313842773,-8.88784313201904,"Female"
"9004153",371987,2025-06-10 08:24:26,42.5512428283691,-8.88773250579834,"Female"
"9004153",371987,2025-06-10 08:29:26,42.5509605407715,-8.88785457611084,"Female"
"9004153",371987,2025-06-10 08:34:27,42.5509796142578,-8.88798809051514,"Female"
"9004153",371987,2025-06-10 08:39:28,42.550968170166,-8.88795375823975,"Female"
"9004153",371987,2025-06-10 08:44:31,42.5509643554688,-8.88793563842773,"Female"
"9004153",371987,2025-06-10 08:49:44,42.5509986877441,-8.8879566192627,"Female"
"9004153",371987,2025-06-10 08:54:26,42.5509910583496,-8.88802528381348,"Female"
"9004153",371987,2025-06-10 08:59:26,42.5509986877441,-8.88772392272949,"Female"
"9004153",371987,2025-06-10 09:04:26,42.5510139465332,-8.88778972625732,"Female"
"9004153",371987,2025-06-10 09:09:26,42.5509300231934,-8.88775730133057,"Female"
"9004153",371987,2025-06-10 09:14:27,42.5509300231934,-8.8877477645874,"Female"
"9004153",371987,2025-06-10 09:19:27,42.5508880615234,-8.88755226135254,"Female"
"9004153",371987,2025-06-10 09:24:28,42.550968170166,-8.88792037963867,"Female"
"9004153",371987,2025-06-10 09:29:27,42.5509033203125,-8.8874454498291,"Female"
"9004153",371987,2025-06-10 09:34:27,42.5513916015625,-8.8869514465332,"Female"
"9004153",371987,2025-06-10 09:39:28,42.5524635314941,-8.88565921783447,"Female"
"9004153",371987,2025-06-10 09:44:29,42.5532493591309,-8.88469123840332,"Female"
"9004153",371987,2025-06-10 09:49:34,42.564323425293,-8.89113235473633,"Female"
"9004153",371987,2025-06-10 09:54:59,42.5658111572266,-8.89164161682129,"Female"
"9004153",371987,2025-06-10 10:00:19,42.5664100646973,-8.8916597366333,"Female"
"9004153",371987,2025-06-10 10:05:26,42.5661010742188,-8.8925313949585,"Female"
"9004153",371987,2025-06-10 10:10:35,42.6014251708984,-8.87668323516846,"Female"
"9004153",371987,2025-06-10 10:15:13,42.601432800293,-8.87673377990723,"Female"
"9004153",371987,2025-06-10 10:20:13,42.6014442443848,-8.87670612335205,"Female"
"9004153",371987,2025-06-10 10:25:14,42.6014251708984,-8.87672424316406,"Female"
"9004153",371987,2025-06-10 10:30:14,42.6016273498535,-8.87678718566895,"Female"
"9004153",371987,2025-06-10 10:35:14,42.6014709472656,-8.877121925354,"Female"
"9004153",371987,2025-06-10 10:40:15,42.6012496948242,-8.87611103057861,"Female"
"9004153",371987,2025-06-10 10:45:14,42.6022796630859,-8.87988376617432,"Female"
"9004153",371987,2025-06-10 10:50:14,42.6013870239258,-8.87644577026367,"Female"
"9004153",371987,2025-06-10 10:55:14,42.6040802001953,-8.87444305419922,"Female"
"9004153",371987,2025-06-10 11:00:14,42.6045303344727,-8.87288951873779,"Female"
"9004153",371987,2025-06-10 11:08:26,42.6038513183594,-8.87333202362061,"Female"
"9004153",371987,2025-06-10 11:13:25,42.6037483215332,-8.87352848052979,"Female"
"9004153",371987,2025-06-10 11:18:17,42.603816986084,-8.8729133605957,"Female"
"9004153",371987,2025-06-10 11:23:33,42.603832244873,-8.87326526641846,"Female"
"9004153",371987,2025-06-10 11:28:17,42.6039428710938,-8.87321949005127,"Female"
"9004153",371987,2025-06-10 11:33:16,42.6038513183594,-8.87324333190918,"Female"
"9004153",371987,2025-06-10 11:38:17,42.6038627624512,-8.87327194213867,"Female"
"9004153",371987,2025-06-10 11:43:17,42.6039199829102,-8.87325191497803,"Female"
"9004153",371987,2025-06-10 11:48:18,42.603874206543,-8.87328720092773,"Female"
"9004153",371987,2025-06-10 11:53:17,42.6038665771484,-8.87326145172119,"Female"
"9004153",371987,2025-06-10 11:58:17,42.6040573120117,-8.87498092651367,"Female"
"9004153",371987,2025-06-10 12:03:35,42.6045608520508,-8.87339973449707,"Female"
"9004153",371987,2025-06-10 12:08:35,42.6054420471191,-8.87191581726074,"Female"
"9004153",371987,2025-06-10 12:14:07,42.6066284179688,-8.87183284759521,"Female"
"9004153",371987,2025-06-10 12:19:09,42.6072082519531,-8.87186050415039,"Female"
"9004153",371987,2025-06-10 12:24:08,42.6067543029785,-8.87276744842529,"Female"
"9004153",371987,2025-06-10 12:29:19,42.6065826416016,-8.87208271026611,"Female"
"9004153",371987,2025-06-10 12:34:22,42.6065101623535,-8.87270450592041,"Female"
"9004153",371987,2025-06-10 12:39:22,42.6053237915039,-8.87341213226318,"Female"
"9004153",371987,2025-06-10 12:44:46,42.6043167114258,-8.87458896636963,"Female"
"9004153",371987,2025-06-10 12:49:43,42.6026840209961,-8.87636470794678,"Female"
"9004153",371987,2025-06-10 12:55:05,42.6022911071777,-8.87659549713135,"Female"
"9004153",371987,2025-06-10 12:59:41,42.6022300720215,-8.87639904022217,"Female"
"9004153",371987,2025-06-10 13:04:41,42.602222442627,-8.87638187408447,"Female"
"9004153",371987,2025-06-10 13:09:42,42.602237701416,-8.87639904022217,"Female"
"9004153",371987,2025-06-10 13:14:43,42.6022796630859,-8.87651538848877,"Female"
"9004153",371987,2025-06-10 13:19:41,42.6023254394531,-8.87646675109863,"Female"
"9004153",371987,2025-06-10 13:24:45,42.602222442627,-8.87642765045166,"Female"
"9004153",371987,2025-06-10 13:29:43,42.6020240783691,-8.87631893157959,"Female"
"9004153",371987,2025-06-10 13:34:48,42.6022987365723,-8.87663078308105,"Female"
"9004153",371987,2025-06-10 13:40:04,42.602424621582,-8.87658214569092,"Female"
"9004153",371987,2025-06-10 13:45:01,42.602352142334,-8.87664890289307,"Female"
"9004153",371987,2025-06-10 13:49:43,42.6022644042969,-8.87676525115967,"Female"
"9004153",371987,2025-06-10 13:54:48,42.6028022766113,-8.87635231018066,"Female"
"9004153",371987,2025-06-10 13:59:55,42.6022109985352,-8.87666034698486,"Female"
"9004153",371987,2025-06-10 14:04:41,42.6020584106445,-8.87681484222412,"Female"
"9004153",371987,2025-06-10 14:09:46,42.6023406982422,-8.87666988372803,"Female"
"9004153",371987,2025-06-10 14:14:42,42.6020584106445,-8.8767032623291,"Female"
"9004153",371987,2025-06-10 14:19:43,42.6022605895996,-8.87675476074219,"Female"
"9004153",371987,2025-06-10 14:24:43,42.6022567749023,-8.87674045562744,"Female"
"9004153",371987,2025-06-10 14:29:41,42.6022109985352,-8.8766975402832,"Female"
"9004153",371987,2025-06-10 14:34:41,42.6021461486816,-8.87669277191162,"Female"
"9004153",371987,2025-06-10 14:39:42,42.6021575927734,-8.87668037414551,"Female"
"9004153",371987,2025-06-10 14:44:41,42.6022415161133,-8.87671661376953,"Female"
"9004153",371987,2025-06-10 14:49:41,42.6022453308105,-8.87664222717285,"Female"
"9004153",371987,2025-06-10 14:54:41,42.6022834777832,-8.87671375274658,"Female"
"9004153",371987,2025-06-10 14:59:41,42.6022415161133,-8.87667942047119,"Female"
"9004153",371987,2025-06-10 15:04:49,42.6022491455078,-8.87667846679688,"Female"
"9004153",371987,2025-06-10 15:09:46,42.6022644042969,-8.87676239013672,"Female"
"9004153",371987,2025-06-10 15:14:43,42.6022300720215,-8.87671852111816,"Female"
"9004153",371987,2025-06-10 15:19:44,42.6022491455078,-8.87677574157715,"Female"
"9004153",371987,2025-06-10 15:24:44,42.6021957397461,-8.87657260894775,"Female"
"9004153",371987,2025-06-10 15:29:41,42.6022109985352,-8.8766565322876,"Female"
"9004153",371987,2025-06-10 15:35:05,42.6022682189941,-8.87662792205811,"Female"
"9004153",371987,2025-06-10 15:39:41,42.6022911071777,-8.8767204284668,"Female"
"9004153",371987,2025-06-10 15:44:42,42.601505279541,-8.87416934967041,"Female"
"9004153",371987,2025-06-10 15:49:41,42.6015968322754,-8.87433624267578,"Female"
"9004153",371987,2025-06-10 15:54:41,42.601490020752,-8.87421607971191,"Female"
"9004153",371987,2025-06-10 15:59:42,42.6014747619629,-8.87423324584961,"Female"
"9004153",371987,2025-06-10 16:04:42,42.6015625,-8.87426090240479,"Female"
"9004153",371987,2025-06-10 16:09:41,42.6015243530273,-8.87425804138184,"Female"
"9004153",371987,2025-06-10 16:14:41,42.6015090942383,-8.87422561645508,"Female"
"9004153",371987,2025-06-10 16:19:42,42.6015205383301,-8.87425804138184,"Female"
"9004153",371987,2025-06-10 16:24:41,42.6015243530273,-8.8743143081665,"Female"
"9004153",371987,2025-06-10 16:29:42,42.6015739440918,-8.87430667877197,"Female"
"9004153",371987,2025-06-10 16:34:41,42.6016387939453,-8.87438201904297,"Female"
"9004153",371987,2025-06-10 16:39:42,42.6014671325684,-8.87419128417969,"Female"
"9004153",371987,2025-06-10 16:44:43,42.6015701293945,-8.87427234649658,"Female"
"9004153",371987,2025-06-10 16:49:45,42.6015319824219,-8.87424850463867,"Female"
"9004153",371987,2025-06-10 16:54:43,42.6017913818359,-8.87451648712158,"Female"
"9004153",371987,2025-06-10 16:59:44,42.6015434265137,-8.87424564361572,"Female"
"9004153",371987,2025-06-10 17:05:05,42.6015396118164,-8.87425708770752,"Female"
"9004153",371987,2025-06-10 17:09:41,42.6015281677246,-8.874267578125,"Female"
"9004153",371987,2025-06-10 17:14:41,42.6014747619629,-8.87429237365723,"Female"
"9004153",371987,2025-06-10 17:19:42,42.603687286377,-8.87571334838867,"Female"
"9004153",371987,2025-06-10 17:25:05,42.6048355102539,-8.87487888336182,"Female"
"9004153",371987,2025-06-10 17:30:02,42.6056022644043,-8.87389469146729,"Female"
"9004153",371987,2025-06-10 17:35:38,42.6049652099609,-8.87458324432373,"Female"
"9004153",371987,2025-06-10 17:40:39,42.6049194335938,-8.87487316131592,"Female"
"9004153",371987,2025-06-10 17:45:44,42.6023750305176,-8.87654876708984,"Female"
"9004153",371987,2025-06-10 17:50:43,42.6022720336914,-8.87669658660889,"Female"
"9004153",371987,2025-06-10 17:55:39,42.6023254394531,-8.8766622543335,"Female"
"9004153",371987,2025-06-10 18:00:38,42.602352142334,-8.87655639648438,"Female"
"9004153",371987,2025-06-10 18:05:38,42.6023330688477,-8.87653923034668,"Female"
"9004153",371987,2025-06-10 18:11:05,42.6023406982422,-8.8766622543335,"Female"
"9004153",371987,2025-06-10 18:15:38,42.6023292541504,-8.87666893005371,"Female"
"9004153",371987,2025-06-10 18:20:38,42.6023330688477,-8.87666320800781,"Female"
"9004153",371987,2025-06-10 18:25:38,42.6023063659668,-8.87673950195312,"Female"
"9004153",371987,2025-06-10 18:30:38,42.6023788452148,-8.87667655944824,"Female"
"9004153",371987,2025-06-10 18:35:38,42.6023254394531,-8.87663745880127,"Female"
"9004153",371987,2025-06-10 18:40:38,42.601490020752,-8.87659168243408,"Female"
"9004153",371987,2025-06-10 18:45:38,42.601505279541,-8.87664794921875,"Female"
"9004153",371987,2025-06-10 18:50:38,42.6015129089355,-8.87663555145264,"Female"
"9004153",371987,2025-06-10 18:55:38,42.6014099121094,-8.87660789489746,"Female"
"9004153",371987,2025-06-10 19:00:39,42.601505279541,-8.87662124633789,"Female"
"9004153",371987,2025-06-10 19:05:38,42.601505279541,-8.87666034698486,"Female"
"9004153",371987,2025-06-10 19:10:38,42.6015968322754,-8.87667369842529,"Female"
"9004153",371987,2025-06-10 19:15:39,42.6015243530273,-8.8768138885498,"Female"
"9004153",371987,2025-06-10 19:20:40,42.6015167236328,-8.87670993804932,"Female"
"9004153",371987,2025-06-10 19:25:51,42.6014976501465,-8.87664127349854,"Female"
"9004153",371987,2025-06-10 19:31:05,42.6014862060547,-8.87664127349854,"Female"
"9004153",371987,2025-06-10 19:35:38,42.6014556884766,-8.87668704986572,"Female"
"9004153",371987,2025-06-10 19:40:38,42.6014747619629,-8.8766450881958,"Female"
"9004153",371987,2025-06-10 19:45:38,42.6014671325684,-8.87661552429199,"Female"
"9004153",371987,2025-06-10 19:50:38,42.6014823913574,-8.87659358978271,"Female"
"9004153",371987,2025-06-10 19:55:39,42.6014595031738,-8.87663269042969,"Female"
"9004153",371987,2025-06-10 20:00:38,42.6014862060547,-8.87661933898926,"Female"
"9004153",371987,2025-06-10 20:05:38,42.6016807556152,-8.87666606903076,"Female"
"9004153",371987,2025-06-10 20:10:38,42.6007041931152,-8.8762788772583,"Female"
"9004153",371987,2025-06-10 20:15:38,42.6023483276367,-8.87678337097168,"Female"
"9004153",371987,2025-06-10 20:20:38,42.6023292541504,-8.87683391571045,"Female"
"9004153",371987,2025-06-10 20:25:38,42.6023483276367,-8.87679767608643,"Female"
"9004153",371987,2025-06-10 20:30:39,42.6022872924805,-8.87678337097168,"Female"
"9004153",371987,2025-06-10 20:35:40,42.6023139953613,-8.87673473358154,"Female"
"9004153",371987,2025-06-10 20:40:39,42.6023902893066,-8.87676048278809,"Female"
"9004153",371987,2025-06-10 20:45:38,42.6022796630859,-8.87696075439453,"Female"
"9004153",371987,2025-06-10 20:50:38,42.6023597717285,-8.876784324646,"Female"
"9004153",371987,2025-06-10 20:55:38,42.6023941040039,-8.876784324646,"Female"
"9004153",371987,2025-06-10 21:00:39,42.6024627685547,-8.87682723999023,"Female"
"9004153",371987,2025-06-10 21:05:40,42.6023941040039,-8.87682342529297,"Female"
"9004153",371987,2025-06-10 21:10:39,42.6022644042969,-8.87698268890381,"Female"
"9004153",371987,2025-06-10 21:15:40,42.6022796630859,-8.87701034545898,"Female"
"9004153",371987,2025-06-10 21:20:50,42.6023330688477,-8.87665939331055,"Female"
"9004153",371987,2025-06-10 21:25:49,42.6023979187012,-8.87663269042969,"Female"
"9004153",371987,2025-06-10 21:31:14,42.6024017333984,-8.87660598754883,"Female"
"9004153",371987,2025-06-10 21:35:39,42.6022262573242,-8.87668991088867,"Female"
"9004153",371987,2025-06-10 21:40:41,42.6021575927734,-8.87687015533447,"Female"
"9004153",371987,2025-06-10 21:45:48,42.6022911071777,-8.87653350830078,"Female"
"9004153",371987,2025-06-10 21:51:01,42.6023864746094,-8.8765811920166,"Female"
"9004153",371987,2025-06-10 21:55:40,42.6023178100586,-8.87673282623291,"Female"
"9004153",371987,2025-06-10 22:00:38,42.6023292541504,-8.87687015533447,"Female"
"9004153",371987,2025-06-10 22:05:38,42.6023712158203,-8.87662696838379,"Female"
"9004153",371987,2025-06-10 22:10:41,42.6022758483887,-8.87680721282959,"Female"
"9004153",371987,2025-06-10 22:16:14,42.6023063659668,-8.87658500671387,"Female"
"9004153",371987,2025-06-10 22:20:42,42.6023788452148,-8.87648868560791,"Female"
"9004153",371987,2025-06-10 22:25:38,42.6025390625,-8.87652969360352,"Female"
"9004153",371987,2025-06-10 22:30:40,42.6023292541504,-8.87666797637939,"Female"
"9004153",371987,2025-06-10 22:35:41,42.6023406982422,-8.87666416168213,"Female"
"9004153",371987,2025-06-10 22:40:38,42.6023712158203,-8.87671279907227,"Female"
"9004153",371987,2025-06-10 22:46:14,42.6023941040039,-8.87656116485596,"Female"
"9004153",371987,2025-06-10 22:50:38,42.6025352478027,-8.87646007537842,"Female"
"9004153",371987,2025-06-10 22:55:39,42.6023445129395,-8.87649917602539,"Female"
"9004153",371987,2025-06-10 23:00:38,42.6026000976562,-8.87664222717285,"Female"
"9004153",371987,2025-06-10 23:05:38,42.6024894714355,-8.87658882141113,"Female"
"9004153",371987,2025-06-10 23:10:38,42.6023941040039,-8.87643718719482,"Female"
"9004153",371987,2025-06-10 23:15:39,42.6023750305176,-8.87656307220459,"Female"
"9004153",371987,2025-06-10 23:20:39,42.6023445129395,-8.87661170959473,"Female"
"9004153",371987,2025-06-10 23:25:42,42.6023368835449,-8.87638092041016,"Female"
"9004153",371987,2025-06-10 23:31:05,42.6025123596191,-8.87636852264404,"Female"
"9004153",371987,2025-06-10 23:35:41,42.6023750305176,-8.87673091888428,"Female"
"9004153",371987,2025-06-10 23:40:42,42.6024589538574,-8.87655162811279,"Female"
"9004153",371987,2025-06-10 23:46:00,42.6022186279297,-8.87708282470703,"Female"
"9004153",371987,2025-06-10 23:50:49,42.6023483276367,-8.87678909301758,"Female"
"9004153",371987,2025-06-10 23:55:48,42.6022987365723,-8.87681102752686,"Female"
"9004153",371987,2025-06-11 00:00:46,42.6022644042969,-8.87675189971924,"Female"
"9004153",371987,2025-06-11 00:07:02,42.6023254394531,-8.87662982940674,"Female"
"9004153",371987,2025-06-11 00:10:53,42.6023826599121,-8.87668704986572,"Female"
"9004153",371987,2025-06-11 00:15:41,42.6022605895996,-8.87665843963623,"Female"
"9004153",371987,2025-06-11 00:20:46,42.6024894714355,-8.87675952911377,"Female"
"9004153",371987,2025-06-11 00:25:42,42.602294921875,-8.87675762176514,"Female"
"9004153",371987,2025-06-11 00:30:46,42.6026878356934,-8.87656593322754,"Female"
"9004153",371987,2025-06-11 00:35:41,42.6026763916016,-8.87654781341553,"Female"
"9004153",371987,2025-06-11 00:40:45,42.602653503418,-8.87656116485596,"Female"
"9004153",371987,2025-06-11 00:46:14,42.6026611328125,-8.87668037414551,"Female"
"9004153",371987,2025-06-11 00:50:39,42.6028633117676,-8.87683582305908,"Female"
"9004153",371987,2025-06-11 00:55:40,42.6024513244629,-8.87676811218262,"Female"
"9004153",371987,2025-06-11 01:00:40,42.6025390625,-8.87669277191162,"Female"
"9004153",371987,2025-06-11 01:07:03,42.6026649475098,-8.87690258026123,"Female"
"9004153",371987,2025-06-11 01:12:03,42.6026802062988,-8.87682914733887,"Female"
"9004153",371987,2025-06-11 01:16:14,42.6025466918945,-8.87673091888428,"Female"
"9004153",371987,2025-06-11 01:20:41,42.6025276184082,-8.87674427032471,"Female"
"9004153",371987,2025-06-11 01:25:45,42.6025085449219,-8.87668418884277,"Female"
"9004153",371987,2025-06-11 01:30:48,42.6025085449219,-8.87666893005371,"Female"
"9004153",371987,2025-06-11 01:35:43,42.6024971008301,-8.8766040802002,"Female"
"9004153",371987,2025-06-11 01:40:42,42.6025238037109,-8.87631797790527,"Female"
"9004153",371987,2025-06-11 01:47:02,42.6024780273438,-8.876708984375,"Female"
"9004153",371987,2025-06-11 01:51:35,42.6024513244629,-8.87670135498047,"Female"
"9004153",371987,2025-06-11 01:55:39,42.6025238037109,-8.87662696838379,"Female"
"9004153",371987,2025-06-11 02:00:38,42.6024589538574,-8.87666511535645,"Female"
"9004153",371987,2025-06-11 02:05:38,42.6024398803711,-8.8766393661499,"Female"
"9004153",371987,2025-06-11 02:10:38,42.6024284362793,-8.87663745880127,"Female"
"9004153",371987,2025-06-11 02:15:38,42.602409362793,-8.87664794921875,"Female"
"9004153",371987,2025-06-11 02:20:38,42.6024932861328,-8.87664413452148,"Female"
"9004153",371987,2025-06-11 02:25:38,42.6023941040039,-8.87660694122314,"Female"
"9004153",371987,2025-06-11 02:30:43,42.6024551391602,-8.87657070159912,"Female"
"9004153",371987,2025-06-11 02:35:39,42.6024131774902,-8.87659931182861,"Female"
"9004153",371987,2025-06-11 02:40:38,42.6023941040039,-8.87661075592041,"Female"
"9004153",371987,2025-06-11 02:45:38,42.6024208068848,-8.87662124633789,"Female"
"9004153",371987,2025-06-11 02:50:39,42.6023445129395,-8.87662982940674,"Female"
"9004153",371987,2025-06-11 02:55:41,42.6023902893066,-8.87660884857178,"Female"
"9004153",371987,2025-06-11 03:00:48,42.6024589538574,-8.87663173675537,"Female"
"9004153",371987,2025-06-11 03:06:14,42.6023979187012,-8.87667846679688,"Female"
"9004153",371987,2025-06-11 03:10:54,42.6025199890137,-8.87655544281006,"Female"
"9004153",371987,2025-06-11 03:15:41,42.6024131774902,-8.87649440765381,"Female"
"9004153",371987,2025-06-11 03:20:46,42.6024513244629,-8.87672424316406,"Female"
"9004153",371987,2025-06-11 03:26:55,42.6025733947754,-8.87669849395752,"Female"
"9004153",371987,2025-06-11 03:30:42,42.6024780273438,-8.87679958343506,"Female"
"9004153",371987,2025-06-11 03:35:48,42.6025199890137,-8.87666416168213,"Female"
"9004153",371987,2025-06-11 03:42:02,42.6025199890137,-8.87675189971924,"Female"
"9004153",371987,2025-06-11 03:46:15,42.6023712158203,-8.87677955627441,"Female"
"9004153",371987,2025-06-11 03:50:39,42.6023635864258,-8.87669563293457,"Female"
"9004153",371987,2025-06-11 03:56:05,42.6022567749023,-8.87684535980225,"Female"
"9004153",371987,2025-06-11 04:00:38,42.6021995544434,-8.87703514099121,"Female"
"9004153",371987,2025-06-11 04:05:39,42.6021995544434,-8.87703704833984,"Female"
"9004153",371987,2025-06-11 04:10:38,42.6022529602051,-8.8768310546875,"Female"
"9004153",371987,2025-06-11 04:15:38,42.6022529602051,-8.87663650512695,"Female"
"9004153",371987,2025-06-11 04:20:39,42.6022415161133,-8.87666702270508,"Female"
"9004153",371987,2025-06-11 04:25:39,42.6023902893066,-8.87677097320557,"Female"
"9004153",371987,2025-06-11 04:30:39,42.6023979187012,-8.87641143798828,"Female"
"9004153",371987,2025-06-11 04:35:39,42.6024475097656,-8.87661266326904,"Female"
"9004153",371987,2025-06-11 04:40:41,42.602409362793,-8.87657737731934,"Female"
"9004153",371987,2025-06-11 04:46:11,42.6023368835449,-8.87681579589844,"Female"
"9004153",371987,2025-06-11 04:50:38,42.602294921875,-8.87685298919678,"Female"
"9004153",371987,2025-06-11 04:55:38,42.6023864746094,-8.87680053710938,"Female"
"9004153",371987,2025-06-11 05:00:38,42.6022338867188,-8.87669658660889,"Female"
"9004153",371987,2025-06-11 05:05:39,42.602352142334,-8.87681293487549,"Female"
"9004153",371987,2025-06-11 05:10:39,42.6025505065918,-8.87725162506104,"Female"
"9004153",371987,2025-06-11 05:15:39,42.6022033691406,-8.87669563293457,"Female"
"9004153",371987,2025-06-11 05:20:38,42.6023445129395,-8.87673473358154,"Female"
"9004153",371987,2025-06-11 05:25:38,42.6023216247559,-8.87660789489746,"Female"
"9004153",371987,2025-06-11 05:30:48,42.6023902893066,-8.87684917449951,"Female"
"9004153",371987,2025-06-11 05:35:42,42.602367401123,-8.87686729431152,"Female"
"9004153",371987,2025-06-11 05:40:48,42.6023941040039,-8.87682342529297,"Female"
"9004153",371987,2025-06-11 05:45:41,42.6022605895996,-8.87660503387451,"Female"
"9004153",371987,2025-06-11 05:50:48,42.602424621582,-8.87681198120117,"Female"
"9004153",371987,2025-06-11 05:55:48,42.6024169921875,-8.87668037414551,"Female"
"9004153",371987,2025-06-11 06:00:47,42.6023941040039,-8.87690925598145,"Female"
"9004153",371987,2025-06-11 06:06:05,42.602424621582,-8.87665176391602,"Female"
"9004153",371987,2025-06-11 06:10:39,42.6024589538574,-8.87667655944824,"Female"
"9004153",371987,2025-06-11 06:15:39,42.6023979187012,-8.87649822235107,"Female"
"9004153",371987,2025-06-11 06:20:43,42.6023941040039,-8.87667751312256,"Female"
"9004153",371987,2025-06-11 06:25:38,42.602424621582,-8.87659072875977,"Female"
"9004153",371987,2025-06-11 06:31:04,42.6023826599121,-8.87667846679688,"Female"
"9004153",371987,2025-06-11 06:35:50,42.602352142334,-8.87671184539795,"Female"
"9004153",371987,2025-06-11 06:41:14,42.6023864746094,-8.87675857543945,"Female"
"9004153",371987,2025-06-11 06:45:38,42.6025466918945,-8.87660503387451,"Female"
"9004153",371987,2025-06-11 06:50:38,42.6014213562012,-8.87660217285156,"Female"
"9004153",371987,2025-06-11 06:55:40,42.601490020752,-8.87659549713135,"Female"
"9004153",371987,2025-06-11 07:00:38,42.6015853881836,-8.87673091888428,"Female"
"9004153",371987,2025-06-11 07:05:39,42.601734161377,-8.87693977355957,"Female"
"9004153",371987,2025-06-11 07:10:39,42.6016426086426,-8.87684631347656,"Female"
"9004153",371987,2025-06-11 07:15:40,42.6009101867676,-8.87537670135498,"Female"
"9004153",371987,2025-06-11 07:21:02,42.6000328063965,-8.87399291992188,"Female"
"9004153",371987,2025-06-11 07:26:02,42.5998916625977,-8.87261295318604,"Female"
"9004153",371987,2025-06-11 07:31:02,42.6002311706543,-8.87184524536133,"Female"
"9004153",371987,2025-06-11 07:36:11,42.6011734008789,-8.87169647216797,"Female"
"9004153",371987,2025-06-11 07:41:31,42.6019287109375,-8.87230587005615,"Female"
"9004153",371987,2025-06-11 07:46:32,42.6020622253418,-8.87406921386719,"Female"
"9004153",371987,2025-06-11 07:51:30,42.6015739440918,-8.87443256378174,"Female"
"9004153",371987,2025-06-11 07:56:31,42.6015129089355,-8.87428665161133,"Female"
"9004153",371987,2025-06-11 08:01:29,42.6015739440918,-8.87444496154785,"Female"
"9004153",371987,2025-06-11 08:06:29,42.6015129089355,-8.8742151260376,"Female"
"9004153",371987,2025-06-11 08:11:29,42.6015281677246,-8.87439250946045,"Female"
"9004153",371987,2025-06-11 08:16:29,42.6014137268066,-8.87395572662354,"Female"
"9004153",371987,2025-06-11 08:21:31,42.6015548706055,-8.87427234649658,"Female"
"9004153",371987,2025-06-11 08:26:29,42.6016159057617,-8.87466812133789,"Female"
"9004153",371987,2025-06-11 08:31:45,42.6015472412109,-8.87434482574463,"Female"
"9004153",371987,2025-06-11 08:36:28,42.6015930175781,-8.87443542480469,"Female"
"9004153",371987,2025-06-11 08:41:28,42.6015319824219,-8.87436199188232,"Female"
"9004153",371987,2025-06-11 08:46:28,42.6015853881836,-8.87437534332275,"Female"
"9004153",371987,2025-06-11 08:51:28,42.6015586853027,-8.87429046630859,"Female"
"9004153",371987,2025-06-11 08:56:28,42.6015548706055,-8.87432289123535,"Female"
"9004153",371987,2025-06-11 09:01:28,42.6015396118164,-8.8744478225708,"Female"
"9004153",371987,2025-06-11 09:06:29,42.6015930175781,-8.87443256378174,"Female"
"9004153",371987,2025-06-11 09:11:34,42.6015739440918,-8.87436962127686,"Female"
"9004153",371987,2025-06-11 09:16:41,42.6015167236328,-8.87430572509766,"Female"
"9004153",371987,2025-06-11 09:21:28,42.6015167236328,-8.87419605255127,"Female"
"9004153",371987,2025-06-11 09:26:29,42.6013946533203,-8.87429332733154,"Female"
"9004153",371987,2025-06-11 09:31:29,42.600212097168,-8.87312030792236,"Female"
"9004153",371987,2025-06-11 09:36:37,42.5991744995117,-8.87342929840088,"Female"
"9004153",371987,2025-06-11 09:41:42,42.5997314453125,-8.87401866912842,"Female"
"9004153",371987,2025-06-11 09:50:48,42.5992469787598,-8.87266540527344,"Female"
"9004153",371987,2025-06-11 09:56:30,42.6009979248047,-8.87110614776611,"Female"
"9004153",371987,2025-06-11 10:03:11,42.5993003845215,-8.87141799926758,"Female"
"9004153",371987,2025-06-11 10:08:15,42.5995483398438,-8.87122440338135,"Female"
"9004153",371987,2025-06-11 10:14:16,42.5987091064453,-8.87315464019775,"Female"
"9004153",371987,2025-06-11 10:20:50,42.6017913818359,-8.8742733001709,"Female"
"9004153",371987,2025-06-11 10:25:06,42.6013450622559,-8.87438011169434,"Female"
"9004153",371987,2025-06-11 10:30:07,42.6003570556641,-8.87461376190186,"Female"
"9004153",371987,2025-06-11 10:35:14,42.6015129089355,-8.87436103820801,"Female"
"9004153",371987,2025-06-11 10:39:55,42.6020774841309,-8.87445640563965,"Female"
"9004153",371987,2025-06-11 10:45:06,42.601505279541,-8.87431526184082,"Female"
"9004153",371987,2025-06-11 10:50:06,42.6013145446777,-8.87419605255127,"Female"
"9004153",371987,2025-06-11 10:55:06,42.601505279541,-8.87428379058838,"Female"
"9004153",371987,2025-06-11 10:59:59,42.6015853881836,-8.87428665161133,"Female"
"9004153",371987,2025-06-11 11:04:57,42.6015281677246,-8.87433338165283,"Female"
"9004153",371987,2025-06-11 11:09:57,42.6038970947266,-8.8763484954834,"Female"
"9004153",371987,2025-06-11 11:15:06,42.6015739440918,-8.87441062927246,"Female"
"9004153",371987,2025-06-11 11:20:06,42.6015548706055,-8.87439823150635,"Female"
"9004153",371987,2025-06-11 11:25:06,42.6015853881836,-8.87438583374023,"Female"
"9004153",371987,2025-06-11 11:30:29,42.6014213562012,-8.87668037414551,"Female"
"9004153",371987,2025-06-11 11:34:55,42.6014442443848,-8.87665748596191,"Female"
"9004153",371987,2025-06-11 11:39:55,42.6014823913574,-8.87676334381104,"Female"
"9004153",371987,2025-06-11 11:44:56,42.6014747619629,-8.8765811920166,"Female"
"9004153",371987,2025-06-11 11:49:55,42.6014785766602,-8.8765697479248,"Female"
"9004153",371987,2025-06-11 11:55:00,42.6014747619629,-8.87678050994873,"Female"
"9004153",371987,2025-06-11 11:59:55,42.6014442443848,-8.87655735015869,"Female"
"9004153",371987,2025-06-11 12:04:55,42.601505279541,-8.87660312652588,"Female"
"9004153",371987,2025-06-11 12:09:55,42.601448059082,-8.87669372558594,"Female"
"9004153",371987,2025-06-11 12:14:56,42.6014633178711,-8.87657833099365,"Female"
"9004153",371987,2025-06-11 12:19:55,42.6015853881836,-8.87666797637939,"Female"
"9004153",371987,2025-06-11 12:25:01,42.6015014648438,-8.87668895721436,"Female"
"9004153",371987,2025-06-11 12:29:56,42.601634979248,-8.87664413452148,"Female"
"9004153",371987,2025-06-11 12:34:55,42.6015777587891,-8.87668228149414,"Female"
"9004153",371987,2025-06-11 12:39:56,42.6017303466797,-8.87676525115967,"Female"
"9004153",371987,2025-06-11 12:44:56,42.601734161377,-8.87672710418701,"Female"
"9004153",371987,2025-06-11 12:49:56,42.6016731262207,-8.87679290771484,"Female"
"9004153",371987,2025-06-11 12:55:14,42.6014938354492,-8.87661266326904,"Female"
"9004153",371987,2025-06-11 12:59:59,42.6014747619629,-8.87658023834229,"Female"
"9004153",371987,2025-06-11 13:05:00,42.6013145446777,-8.87646579742432,"Female"
"9004153",371987,2025-06-11 13:09:58,42.6014709472656,-8.87658309936523,"Female"
"9004153",371987,2025-06-11 13:14:57,42.6013145446777,-8.87642574310303,"Female"
"9004153",371987,2025-06-11 13:19:58,42.6010932922363,-8.87630271911621,"Female"
"9004153",371987,2025-06-11 13:24:58,42.6017112731934,-8.87672710418701,"Female"
"9004153",371987,2025-06-11 13:29:56,42.6009521484375,-8.87608909606934,"Female"
"9004153",371987,2025-06-11 13:34:58,42.6013031005859,-8.87651062011719,"Female"
"9004153",371987,2025-06-11 13:39:58,42.6010360717773,-8.87625122070312,"Female"
"9004153",371987,2025-06-11 13:44:58,42.6010513305664,-8.87630558013916,"Female"
"9004153",371987,2025-06-11 13:50:29,42.6014747619629,-8.87642765045166,"Female"
"9004153",371987,2025-06-11 13:54:55,42.6028594970703,-8.87655162811279,"Female"
"9004153",371987,2025-06-11 13:59:56,42.6030921936035,-8.87637710571289,"Female"
"9004153",371987,2025-06-11 14:05:19,42.6044120788574,-8.87528133392334,"Female"
"9004153",371987,2025-06-11 14:10:23,42.6053466796875,-8.87430286407471,"Female"
"9004153",371987,2025-06-11 14:15:33,42.6060981750488,-8.87278175354004,"Female"
"9004153",371987,2025-06-11 14:35:35,42.6042251586914,-8.87483310699463,"Female"
"9004153",371987,2025-06-11 14:40:08,42.6023178100586,-8.87656211853027,"Female"
"9004153",371987,2025-06-11 14:44:56,42.6022300720215,-8.87671947479248,"Female"
"9004153",371987,2025-06-11 14:49:57,42.6022109985352,-8.8767032623291,"Female"
"9004153",371987,2025-06-11 14:54:56,42.6022262573242,-8.87678527832031,"Female"
"9004153",371987,2025-06-11 14:59:57,42.6021842956543,-8.87676239013672,"Female"
"9004153",371987,2025-06-11 15:04:56,42.6022338867188,-8.87670612335205,"Female"
"9004153",371987,2025-06-11 15:09:57,42.6022453308105,-8.87690448760986,"Female"
"9004153",371987,2025-06-11 15:14:58,42.6022338867188,-8.87674522399902,"Female"
"9004153",371987,2025-06-11 15:19:56,42.6022720336914,-8.8766975402832,"Female"
"9004153",371987,2025-06-11 15:24:57,42.6022453308105,-8.87670230865479,"Female"
"9004153",371987,2025-06-11 15:29:59,42.6022338867188,-8.87664699554443,"Female"
"9004153",371987,2025-06-11 15:35:10,42.6022529602051,-8.87678241729736,"Female"
"9004153",371987,2025-06-11 15:39:56,42.6021957397461,-8.87662887573242,"Female"
"9004153",371987,2025-06-11 15:44:59,42.6023139953613,-8.87672424316406,"Female"
"9004153",371987,2025-06-11 15:49:59,42.6022453308105,-8.87669849395752,"Female"
"9004153",371987,2025-06-11 15:55:15,42.6023750305176,-8.87674236297607,"Female"
"9004153",371987,2025-06-11 16:00:07,42.6026039123535,-8.87683486938477,"Female"
"9004153",371987,2025-06-11 16:05:29,42.602367401123,-8.87674808502197,"Female"
"9004153",371987,2025-06-11 16:09:56,42.6014976501465,-8.87664985656738,"Female"
"9004153",371987,2025-06-11 16:14:57,42.6013984680176,-8.87678527832031,"Female"
"9004153",371987,2025-06-11 16:19:56,42.6021690368652,-8.8779411315918,"Female"
"9004153",371987,2025-06-11 16:24:57,42.6022109985352,-8.8770580291748,"Female"
"9004153",371987,2025-06-11 16:30:59,42.6022567749023,-8.87656402587891,"Female"
"9004153",371987,2025-06-11 16:34:58,42.602222442627,-8.87651920318604,"Female"
"9004153",371987,2025-06-11 16:39:57,42.6022071838379,-8.87666416168213,"Female"
"9004153",371987,2025-06-11 16:44:56,42.6022872924805,-8.87666320800781,"Female"
"9004153",371987,2025-06-11 16:49:57,42.602222442627,-8.87686157226562,"Female"
"9004153",371987,2025-06-11 16:54:57,42.6022109985352,-8.87673091888428,"Female"
"9004153",371987,2025-06-11 16:59:58,42.6022415161133,-8.87666130065918,"Female"
"9004153",371987,2025-06-11 17:04:59,42.6022109985352,-8.87664699554443,"Female"
"9004153",371987,2025-06-11 17:09:57,42.6023139953613,-8.87665748596191,"Female"
"9004153",371987,2025-06-11 17:14:58,42.602222442627,-8.87674331665039,"Female"
"9004153",371987,2025-06-11 17:20:14,42.602294921875,-8.87669658660889,"Female"
"9004153",371987,2025-06-11 17:25:14,42.6022529602051,-8.87666034698486,"Female"
"9004153",371987,2025-06-11 17:29:57,42.6023254394531,-8.87674427032471,"Female"
"9004153",371987,2025-06-11 17:34:56,42.6023864746094,-8.87686252593994,"Female"
"9004153",371987,2025-06-11 17:40:07,42.6022987365723,-8.87663745880127,"Female"
"9004153",371987,2025-06-11 17:44:56,42.6022834777832,-8.87656497955322,"Female"
"9004153",371987,2025-06-11 17:50:35,42.6023101806641,-8.87663650512695,"Female"
"9004153",371987,2025-06-11 17:54:56,42.6023139953613,-8.87663269042969,"Female"
"9004153",371987,2025-06-11 17:59:56,42.6023254394531,-8.87666416168213,"Female"
"9004153",371987,2025-06-11 18:04:56,42.6023139953613,-8.87665557861328,"Female"
"9004153",371987,2025-06-11 18:09:56,42.6022834777832,-8.8767204284668,"Female"
"9004153",371987,2025-06-11 18:14:56,42.6022148132324,-8.87670230865479,"Female"
"9004153",371987,2025-06-11 18:19:56,42.602237701416,-8.87667369842529,"Female"
"9004153",371987,2025-06-11 18:25:13,42.6027183532715,-8.87636947631836,"Female"
"9004153",371987,2025-06-11 18:30:12,42.601978302002,-8.87652778625488,"Female"
"9004153",371987,2025-06-11 18:35:14,42.6020812988281,-8.87659358978271,"Female"
"9004153",371987,2025-06-11 18:40:15,42.60205078125,-8.87652111053467,"Female"
"9004153",371987,2025-06-11 18:45:13,42.6024017333984,-8.87676525115967,"Female"
"9004153",371987,2025-06-11 18:50:14,42.6022720336914,-8.87666702270508,"Female"
"9004153",371987,2025-06-11 18:55:12,42.6021270751953,-8.87647819519043,"Female"
"9004153",371987,2025-06-11 19:00:14,42.6022415161133,-8.87658309936523,"Female"
"9004153",371987,2025-06-11 19:05:13,42.6023559570312,-8.87671089172363,"Female"
"9004153",371987,2025-06-11 19:10:45,42.602409362793,-8.87669086456299,"Female"
"9004153",371987,2025-06-11 19:15:12,42.6023941040039,-8.87672996520996,"Female"
"9004153",371987,2025-06-11 19:20:12,42.6023979187012,-8.876708984375,"Female"
"9004153",371987,2025-06-11 19:25:12,42.6022872924805,-8.87680244445801,"Female"
"9004153",371987,2025-06-11 19:30:12,42.6022796630859,-8.87679481506348,"Female"
"9004153",371987,2025-06-11 19:35:13,42.6024971008301,-8.8767786026001,"Female"
"9004153",371987,2025-06-11 19:40:13,42.6014289855957,-8.87657833099365,"Female"
"9004153",371987,2025-06-11 19:45:44,42.6023559570312,-8.87671852111816,"Female"
"9004153",371987,2025-06-11 19:50:12,42.6022491455078,-8.87659645080566,"Female"
"9004153",371987,2025-06-11 19:55:13,42.6023445129395,-8.87658596038818,"Female"
"9004153",371987,2025-06-11 20:00:13,42.6023635864258,-8.87674999237061,"Female"
"9004153",371987,2025-06-11 20:05:15,42.6023941040039,-8.8768253326416,"Female"
"9004153",371987,2025-06-11 20:10:13,42.6024322509766,-8.87691783905029,"Female"
"9004153",371987,2025-06-11 20:15:15,42.6022987365723,-8.8766040802002,"Female"
"9004153",371987,2025-06-11 20:20:15,42.6022567749023,-8.87652111053467,"Female"
"9004153",371987,2025-06-11 20:25:15,42.6022300720215,-8.87661743164062,"Female"
"9004153",371987,2025-06-11 20:30:35,42.6022834777832,-8.87672710418701,"Female"
"9004153",371987,2025-06-11 20:35:12,42.6023178100586,-8.87669086456299,"Female"
"9004153",371987,2025-06-11 20:40:12,42.6022758483887,-8.87675952911377,"Female"
"9004153",371987,2025-06-11 20:45:12,42.6023025512695,-8.87669467926025,"Female"
"9004153",371987,2025-06-11 20:50:12,42.602352142334,-8.8766918182373,"Female"
"9004153",371987,2025-06-11 20:55:12,42.6022758483887,-8.87674903869629,"Female"
"9004153",371987,2025-06-11 21:00:12,42.6023254394531,-8.87669563293457,"Female"
"9004153",371987,2025-06-11 21:05:12,42.6022415161133,-8.87671566009521,"Female"
"9004153",371987,2025-06-11 21:10:12,42.6022758483887,-8.87674999237061,"Female"
"9004153",371987,2025-06-11 21:15:12,42.6023063659668,-8.87675857543945,"Female"
"9004153",371987,2025-06-11 21:20:12,42.6022682189941,-8.87674045562744,"Female"
"9004153",371987,2025-06-11 21:25:12,42.6022720336914,-8.87673091888428,"Female"
"9004153",371987,2025-06-11 21:30:12,42.602222442627,-8.87668895721436,"Female"
"9004153",371987,2025-06-11 21:35:12,42.6022720336914,-8.87668132781982,"Female"
"9004153",371987,2025-06-11 21:40:12,42.602294921875,-8.87671089172363,"Female"
"9004153",371987,2025-06-11 21:45:12,42.6022605895996,-8.87678813934326,"Female"
"9004153",371987,2025-06-11 21:50:12,42.6022911071777,-8.87666606903076,"Female"
"9004153",371987,2025-06-11 21:55:12,42.6022605895996,-8.87666320800781,"Female"
"9004153",371987,2025-06-11 22:00:13,42.6021003723145,-8.87647342681885,"Female"
"9004153",371987,2025-06-11 22:05:13,42.6025619506836,-8.87694835662842,"Female"
"9004153",371987,2025-06-11 22:10:25,42.6023139953613,-8.87672805786133,"Female"
"9004153",371987,2025-06-11 22:15:12,42.6023178100586,-8.87668609619141,"Female"
"9004153",371987,2025-06-11 22:20:13,42.602367401123,-8.87673854827881,"Female"
"9004153",371987,2025-06-11 22:25:35,42.602294921875,-8.87665367126465,"Female"
"9004153",371987,2025-06-11 22:30:12,42.6023483276367,-8.87664604187012,"Female"
"9004153",371987,2025-06-11 22:35:12,42.6023941040039,-8.87682723999023,"Female"
"9004153",371987,2025-06-11 22:40:12,42.6022987365723,-8.87670230865479,"Female"
"9004153",371987,2025-06-11 22:45:13,42.6023178100586,-8.87659072875977,"Female"
"9004153",371987,2025-06-11 22:50:12,42.6023292541504,-8.87660884857178,"Female"
"9004153",371987,2025-06-11 22:55:12,42.6022644042969,-8.8765869140625,"Female"
"9004153",371987,2025-06-11 23:00:12,42.6023902893066,-8.87680721282959,"Female"
"9004153",371987,2025-06-11 23:05:12,42.6023635864258,-8.8767671585083,"Female"
"9004153",371987,2025-06-11 23:10:12,42.602367401123,-8.8768253326416,"Female"
"9004153",371987,2025-06-11 23:15:12,42.6024055480957,-8.87681102752686,"Female"
"9004153",371987,2025-06-11 23:20:12,42.6022758483887,-8.87679004669189,"Female"
"9004153",371987,2025-06-11 23:25:12,42.6023101806641,-8.87685680389404,"Female"
"9004153",371987,2025-06-11 23:30:12,42.6023368835449,-8.87668514251709,"Female"
"9004153",371987,2025-06-11 23:35:13,42.6023292541504,-8.87665462493896,"Female"
"9004153",371987,2025-06-11 23:40:12,42.6023750305176,-8.87669563293457,"Female"
"9004153",371987,2025-06-11 23:45:12,42.6023941040039,-8.87677478790283,"Female"
"9004153",371987,2025-06-11 23:50:12,42.602367401123,-8.87678623199463,"Female"
"9004153",371987,2025-06-11 23:55:15,42.6023902893066,-8.87686538696289,"Female"
"9004153",371987,2025-06-12 00:00:16,42.6023864746094,-8.87678050994873,"Female"
"9004153",371987,2025-06-12 00:05:14,42.6023597717285,-8.87673377990723,"Female"
"9004153",371987,2025-06-12 00:10:17,42.602367401123,-8.87686729431152,"Female"
"9004153",371987,2025-06-12 00:15:18,42.6022796630859,-8.87674522399902,"Female"
"9004153",371987,2025-06-12 00:20:18,42.6023445129395,-8.87663841247559,"Female"
"9004153",371987,2025-06-12 00:25:32,42.6023368835449,-8.87667751312256,"Female"
"9004153",371987,2025-06-12 00:30:12,42.6022415161133,-8.87668418884277,"Female"
"9004153",371987,2025-06-12 00:35:13,42.602294921875,-8.87670803070068,"Female"
"9004153",371987,2025-06-12 00:40:12,42.6022911071777,-8.87636756896973,"Female"
"9004153",371987,2025-06-12 00:45:13,42.6023178100586,-8.87665557861328,"Female"
"9004153",371987,2025-06-12 00:50:13,42.6023941040039,-8.87668323516846,"Female"
"9004153",371987,2025-06-12 00:55:16,42.6024436950684,-8.87673759460449,"Female"
"9004153",371987,2025-06-12 01:00:20,42.6023597717285,-8.87673282623291,"Female"
"9004153",371987,2025-06-12 01:05:12,42.6022605895996,-8.87668704986572,"Female"
"9004153",371987,2025-06-12 01:10:14,42.6023750305176,-8.87671184539795,"Female"
"9004153",371987,2025-06-12 01:15:17,42.6026344299316,-8.87692928314209,"Female"
"9004153",371987,2025-06-12 01:20:18,42.6026229858398,-8.87702369689941,"Female"
"9004153",371987,2025-06-12 01:25:15,42.6025123596191,-8.8768424987793,"Female"
"9004153",371987,2025-06-12 01:30:17,42.6027145385742,-8.87679195404053,"Female"
"9004153",371987,2025-06-12 01:35:31,42.6025047302246,-8.87660789489746,"Female"
"9004153",371987,2025-06-12 01:40:13,42.6023559570312,-8.8765344619751,"Female"
"9004153",371987,2025-06-12 01:45:15,42.6023025512695,-8.87666034698486,"Female"
"9004153",371987,2025-06-12 01:50:11,42.6024208068848,-8.87668132781982,"Female"
"9004153",371987,2025-06-12 01:55:17,42.6024894714355,-8.87670135498047,"Female"
"9004153",371987,2025-06-12 02:00:12,42.602481842041,-8.87678241729736,"Female"
"9004153",371987,2025-06-12 02:05:11,42.6024131774902,-8.87673950195312,"Female"
"9004153",371987,2025-06-12 02:10:11,42.6024742126465,-8.87668800354004,"Female"
"9004153",371987,2025-06-12 02:15:12,42.602481842041,-8.87680530548096,"Female"
"9004153",371987,2025-06-12 02:20:14,42.6023216247559,-8.87664699554443,"Female"
"9004153",371987,2025-06-12 02:25:14,42.6024436950684,-8.87685871124268,"Female"
"9004153",371987,2025-06-12 02:30:12,42.6023483276367,-8.87667179107666,"Female"
"9004153",371987,2025-06-12 02:35:15,42.6023254394531,-8.87672424316406,"Female"
"9004153",371987,2025-06-12 02:40:11,42.6022987365723,-8.87678718566895,"Female"
"9004153",371987,2025-06-12 02:45:11,42.6023483276367,-8.87677955627441,"Female"
"9004153",371987,2025-06-12 02:50:11,42.602409362793,-8.87681007385254,"Female"
"9004153",371987,2025-06-12 02:55:13,42.6023902893066,-8.87673091888428,"Female"
"9004153",371987,2025-06-12 03:00:11,42.6024398803711,-8.87685012817383,"Female"
"9004153",371987,2025-06-12 03:05:11,42.6023597717285,-8.87679576873779,"Female"
"9004153",371987,2025-06-12 03:10:11,42.6025123596191,-8.87691211700439,"Female"
"9004153",371987,2025-06-12 03:15:12,42.6024551391602,-8.87672996520996,"Female"
"9004153",371987,2025-06-12 03:20:11,42.6024589538574,-8.87685298919678,"Female"
"9004153",371987,2025-06-12 03:25:11,42.6024208068848,-8.8768196105957,"Female"
"9004153",371987,2025-06-12 03:30:24,42.6023178100586,-8.87670707702637,"Female"
"9004153",371987,2025-06-12 03:35:25,42.6024932861328,-8.87681293487549,"Female"
"9004153",371987,2025-06-12 03:40:25,42.6023788452148,-8.87675952911377,"Female"
"9004153",371987,2025-06-12 03:45:26,42.6024742126465,-8.87682056427002,"Female"
"9004153",371987,2025-06-12 03:50:35,42.6023406982422,-8.87672233581543,"Female"
"9004153",371987,2025-06-12 03:55:16,42.6022300720215,-8.87666416168213,"Female"
"9004153",371987,2025-06-12 04:00:35,42.6022148132324,-8.87678623199463,"Female"
"9004153",371987,2025-06-12 04:05:12,42.6021842956543,-8.87679100036621,"Female"
"9004153",371987,2025-06-12 04:10:13,42.602237701416,-8.87694263458252,"Female"
"9004153",371987,2025-06-12 04:15:17,42.6023254394531,-8.87601566314697,"Female"
"9004153",371987,2025-06-12 04:20:26,42.6022796630859,-8.87676906585693,"Female"
"9004153",371987,2025-06-12 04:25:22,42.6022453308105,-8.87674522399902,"Female"
"9004153",371987,2025-06-12 04:30:24,42.6022758483887,-8.8767728805542,"Female"
"9004153",371987,2025-06-12 04:35:24,42.6022758483887,-8.87676334381104,"Female"
"9004153",371987,2025-06-12 04:40:49,42.602352142334,-8.8767204284668,"Female"
"9004153",371987,2025-06-12 04:45:43,42.6023635864258,-8.87674140930176,"Female"
"9004153",371987,2025-06-12 04:50:59,42.6023788452148,-8.87675380706787,"Female"
"9004153",371987,2025-06-12 04:55:16,42.6023406982422,-8.87672901153564,"Female"
"9004153",371987,2025-06-12 05:00:11,42.6023216247559,-8.8766918182373,"Female"
"9004153",371987,2025-06-12 05:05:11,42.6023025512695,-8.87679386138916,"Female"
"9004153",371987,2025-06-12 05:10:11,42.6021118164062,-8.87666702270508,"Female"
"9004153",371987,2025-06-12 05:15:11,42.6023101806641,-8.87672805786133,"Female"
"9004153",371987,2025-06-12 05:20:11,42.6023025512695,-8.87681007385254,"Female"
"9004153",371987,2025-06-12 05:25:11,42.6023178100586,-8.87670135498047,"Female"
"9004153",371987,2025-06-12 05:30:11,42.6022644042969,-8.87675380706787,"Female"
"9004153",371987,2025-06-12 05:35:11,42.6014175415039,-8.87657070159912,"Female"
"9004153",371987,2025-06-12 05:40:11,42.601432800293,-8.87660121917725,"Female"
"9004153",371987,2025-06-12 05:45:11,42.6015090942383,-8.87672996520996,"Female"
"9004153",371987,2025-06-12 05:50:11,42.601505279541,-8.87672138214111,"Female"
"9004153",371987,2025-06-12 05:55:11,42.6014442443848,-8.87663269042969,"Female"
"9004153",371987,2025-06-12 06:00:35,42.601432800293,-8.87662696838379,"Female"
"9004153",371987,2025-06-12 06:05:11,42.601432800293,-8.87663173675537,"Female"
"9004153",371987,2025-06-12 06:10:11,42.6014747619629,-8.87664985656738,"Female"
"9004153",371987,2025-06-12 06:15:12,42.6014060974121,-8.8765811920166,"Female"
"9004153",371987,2025-06-12 06:20:12,42.6014366149902,-8.87659931182861,"Female"
"9004153",371987,2025-06-12 06:25:12,42.6014022827148,-8.87663745880127,"Female"
"9004153",371987,2025-06-12 06:30:12,42.6014366149902,-8.87661838531494,"Female"
"9004153",371987,2025-06-12 06:35:13,42.6014442443848,-8.87663650512695,"Female"
"9004153",371987,2025-06-12 06:40:12,42.6014404296875,-8.87665367126465,"Female"
"9004153",371987,2025-06-12 06:45:12,42.6014823913574,-8.87657928466797,"Female"
"9004153",371987,2025-06-12 06:50:12,42.6014633178711,-8.87657737731934,"Female"
"9004153",371987,2025-06-12 06:55:12,42.6014747619629,-8.87652587890625,"Female"
"9004153",371987,2025-06-12 07:00:12,42.6014785766602,-8.87649536132812,"Female"
"9004153",371987,2025-06-12 07:05:13,42.6016311645508,-8.87633228302002,"Female"
"9004153",371987,2025-06-12 07:10:12,42.6015319824219,-8.87644958496094,"Female"
"9004153",371987,2025-06-12 07:15:29,42.6032218933105,-8.87272644042969,"Female"
"9004153",371987,2025-06-12 07:20:29,42.6041450500488,-8.87192153930664,"Female"
"9004153",371987,2025-06-12 07:25:29,42.6055450439453,-8.87159156799316,"Female"
"9004153",371987,2025-06-12 07:30:44,42.606071472168,-8.87204360961914,"Female"
"9004153",371987,2025-06-12 07:35:56,42.6049156188965,-8.87230014801025,"Female"
"9004153",371987,2025-06-12 07:41:33,42.6050453186035,-8.87250423431396,"Female"
"9004153",371987,2025-06-12 07:46:41,42.6042671203613,-8.87316036224365,"Female"
"9004153",371987,2025-06-12 07:51:58,42.6047439575195,-8.87258911132812,"Female"
"9004153",371987,2025-06-12 07:57:04,42.6044921875,-8.87257385253906,"Female"
"9004153",371987,2025-06-12 08:02:04,42.6040802001953,-8.87370204925537,"Female"
"9004153",371987,2025-06-12 08:07:03,42.6017074584961,-8.87660503387451,"Female"
"9004153",371987,2025-06-12 08:12:03,42.6016120910645,-8.87667465209961,"Female"
"9004153",371987,2025-06-12 08:17:03,42.6016159057617,-8.87654399871826,"Female"
"9004153",371987,2025-06-12 08:22:03,42.6013679504395,-8.87666606903076,"Female"
"9004153",371987,2025-06-12 08:27:03,42.601432800293,-8.87658596038818,"Female"
"9004153",371987,2025-06-12 08:32:03,42.6014251708984,-8.87661933898926,"Female"
"9004153",371987,2025-06-12 08:37:03,42.6013450622559,-8.87672805786133,"Female"
"9004153",371987,2025-06-12 08:42:03,42.601448059082,-8.87659931182861,"Female"
"9004153",371987,2025-06-12 08:47:03,42.601390838623,-8.8766622543335,"Female"
"9004153",371987,2025-06-12 08:52:03,42.6014595031738,-8.87663459777832,"Female"
"9004153",371987,2025-06-12 08:57:03,42.6013984680176,-8.8765344619751,"Female"
"9004153",371987,2025-06-12 09:02:03,42.6014137268066,-8.87662220001221,"Female"
"9004153",371987,2025-06-12 09:07:03,42.6013488769531,-8.87661266326904,"Female"
"9004153",371987,2025-06-12 09:12:03,42.6013336181641,-8.87660312652588,"Female"
"9004153",371987,2025-06-12 09:17:03,42.6013221740723,-8.87656497955322,"Female"
"9004153",371987,2025-06-12 09:22:03,42.6014251708984,-8.87660217285156,"Female"
"9004153",371987,2025-06-12 09:27:03,42.6014518737793,-8.87673759460449,"Female"
"9004153",371987,2025-06-12 09:32:03,42.6014747619629,-8.87675666809082,"Female"
"9004153",371987,2025-06-12 09:37:03,42.6013679504395,-8.87662696838379,"Female"
"9004153",371987,2025-06-12 09:42:03,42.6013984680176,-8.87651634216309,"Female"
"9004153",371987,2025-06-12 09:47:03,42.6013565063477,-8.8764820098877,"Female"
"9004153",371987,2025-06-12 09:52:03,42.6018028259277,-8.87239456176758,"Female"
"9004153",371987,2025-06-12 09:57:17,42.6029624938965,-8.87155055999756,"Female"
"9004153",371987,2025-06-12 10:02:18,42.6030464172363,-8.87049579620361,"Female"
"9004153",371987,2025-06-12 10:07:47,42.6021041870117,-8.87083625793457,"Female"
"9004153",371987,2025-06-12 10:12:46,42.603141784668,-8.87152194976807,"Female"
"9004153",371987,2025-06-12 10:17:53,42.6043663024902,-8.87243175506592,"Female"
"9004153",371987,2025-06-12 10:22:52,42.603084564209,-8.87345886230469,"Female"
"9004153",371987,2025-06-12 10:27:53,42.6026077270508,-8.87359428405762,"Female"
"9004153",371987,2025-06-12 10:32:52,42.6037063598633,-8.87392616271973,"Female"
"9004153",371987,2025-06-12 10:37:52,42.603328704834,-8.87321949005127,"Female"
"9004153",371987,2025-06-12 10:42:52,42.6035537719727,-8.87348937988281,"Female"
"9004153",371987,2025-06-12 10:48:01,42.6035614013672,-8.8735179901123,"Female"
"9004153",371987,2025-06-12 10:52:52,42.6034469604492,-8.87341976165771,"Female"
"9004153",371987,2025-06-12 10:57:52,42.6033630371094,-8.87340450286865,"Female"
"9004153",371987,2025-06-12 11:02:52,42.6033821105957,-8.87340831756592,"Female"
"9004153",371987,2025-06-12 11:07:53,42.6033973693848,-8.87328052520752,"Female"
"9004153",371987,2025-06-12 11:12:52,42.6035308837891,-8.87344551086426,"Female"
"9004153",371987,2025-06-12 11:17:52,42.6024703979492,-8.87687683105469,"Female"
"9004153",371987,2025-06-12 11:22:52,42.6024475097656,-8.87687206268311,"Female"
"9004153",371987,2025-06-12 11:27:52,42.6024703979492,-8.8769474029541,"Female"
"9004153",371987,2025-06-12 11:32:52,42.602424621582,-8.87687206268311,"Female"
"9004153",371987,2025-06-12 11:37:52,42.6024284362793,-8.87694263458252,"Female"
"9004153",371987,2025-06-12 11:42:52,42.6024284362793,-8.87698650360107,"Female"
"9004153",371987,2025-06-12 11:47:54,42.602466583252,-8.87700653076172,"Female"
"9004153",371987,2025-06-12 11:52:52,42.6023788452148,-8.8770227432251,"Female"
"9004153",371987,2025-06-12 11:57:53,42.6021423339844,-8.87649917602539,"Female"
"9004153",371987,2025-06-12 12:02:52,42.6023635864258,-8.87697219848633,"Female"
"9004153",371987,2025-06-12 12:07:52,42.6023406982422,-8.87693500518799,"Female"
"9004153",371987,2025-06-12 12:12:52,42.6023101806641,-8.87690353393555,"Female"
"9004153",371987,2025-06-12 12:17:54,42.6024131774902,-8.87722873687744,"Female"
"9004153",371987,2025-06-12 12:22:52,42.6023902893066,-8.87706756591797,"Female"
"9004153",371987,2025-06-12 12:28:43,42.6004371643066,-8.87290859222412,"Female"
"9004153",371987,2025-06-12 12:33:48,42.5993423461914,-8.87249183654785,"Female"
"9004153",371987,2025-06-12 12:38:52,42.5987510681152,-8.87190055847168,"Female"
"9004153",371987,2025-06-12 12:44:27,42.5984649658203,-8.87117481231689,"Female"
"9004153",371987,2025-06-12 12:50:07,42.5993270874023,-8.87023448944092,"Female"
"9004153",371987,2025-06-12 12:55:06,42.5993461608887,-8.87052249908447,"Female"
"9004153",371987,2025-06-12 13:00:14,42.5990715026855,-8.87117671966553,"Female"
"9004153",371987,2025-06-12 13:05:36,42.5996513366699,-8.87230205535889,"Female"
"9004153",371987,2025-06-12 13:10:35,42.6014404296875,-8.87464046478271,"Female"
"9004153",371987,2025-06-12 13:15:37,42.6022415161133,-8.87659358978271,"Female"
"9004153",371987,2025-06-12 13:20:42,42.6021461486816,-8.87672901153564,"Female"
"9004153",371987,2025-06-12 13:25:37,42.6019515991211,-8.87676620483398,"Female"
"9004153",371987,2025-06-12 13:30:36,42.6023979187012,-8.87639999389648,"Female"
"9004153",371987,2025-06-12 13:35:39,42.6024856567383,-8.87649250030518,"Female"
"9004153",371987,2025-06-12 13:40:37,42.6021194458008,-8.87671756744385,"Female"
"9004153",371987,2025-06-12 13:45:35,42.6026039123535,-8.87629699707031,"Female"
"9004153",371987,2025-06-12 13:50:36,42.6024742126465,-8.8763542175293,"Female"
"9004153",371987,2025-06-12 13:55:36,42.6025276184082,-8.8763370513916,"Female"
"9004153",371987,2025-06-12 14:00:36,42.602481842041,-8.87639617919922,"Female"
"9004153",371987,2025-06-12 14:05:36,42.6025352478027,-8.87647342681885,"Female"
"9004153",371987,2025-06-12 14:10:36,42.6025657653809,-8.8763542175293,"Female"
"9004153",371987,2025-06-12 14:15:35,42.6025428771973,-8.87645053863525,"Female"
"9004153",371987,2025-06-12 14:20:37,42.6025848388672,-8.87644195556641,"Female"
"9004153",371987,2025-06-12 14:25:37,42.6025428771973,-8.87639427185059,"Female"
"9004153",371987,2025-06-12 14:30:37,42.6025772094727,-8.87652969360352,"Female"
"9004153",371987,2025-06-12 14:35:37,42.6025810241699,-8.8765344619751,"Female"
"9004153",371987,2025-06-12 14:40:37,42.6023941040039,-8.87670612335205,"Female"
"9004153",371987,2025-06-12 14:45:36,42.6028213500977,-8.87699794769287,"Female"
"9004153",371987,2025-06-12 14:50:36,42.602840423584,-8.87713432312012,"Female"
"9004153",371987,2025-06-12 14:55:36,42.6028137207031,-8.87734317779541,"Female"
"9004153",371987,2025-06-12 15:00:37,42.6025428771973,-8.87688064575195,"Female"
"9004153",371987,2025-06-12 15:05:37,42.6026725769043,-8.8770637512207,"Female"
"9004153",371987,2025-06-12 15:10:37,42.6024398803711,-8.87663173675537,"Female"
"9004153",371987,2025-06-12 15:15:36,42.6024398803711,-8.87674045562744,"Female"
"9004153",371987,2025-06-12 15:20:37,42.6023902893066,-8.8765811920166,"Female"
"9004153",371987,2025-06-12 15:25:36,42.6022872924805,-8.87673568725586,"Female"
"9004153",371987,2025-06-12 15:30:37,42.6023292541504,-8.87670612335205,"Female"
"9004153",371987,2025-06-12 15:35:36,42.6023178100586,-8.87673377990723,"Female"
"9004153",371987,2025-06-12 15:40:36,42.6022644042969,-8.87650680541992,"Female"
"9004153",371987,2025-06-12 15:45:36,42.6021499633789,-8.87649726867676,"Female"
"9004153",371987,2025-06-12 15:50:37,42.6022872924805,-8.87669849395752,"Female"
"9004153",371987,2025-06-12 15:55:36,42.6022300720215,-8.87666320800781,"Female"
"9004153",371987,2025-06-12 16:00:37,42.6024017333984,-8.87656879425049,"Female"
"9004153",371987,2025-06-12 16:05:37,42.602710723877,-8.87642669677734,"Female"
"9004153",371987,2025-06-12 16:10:37,42.6023292541504,-8.87645244598389,"Female"
"9004153",371987,2025-06-12 16:15:40,42.602481842041,-8.87659645080566,"Female"
"9004153",371987,2025-06-12 16:20:41,42.6024475097656,-8.87646865844727,"Female"
"9004153",371987,2025-06-12 16:25:36,42.6025199890137,-8.87637233734131,"Female"
"9004153",371987,2025-06-12 16:30:41,42.6025123596191,-8.87619972229004,"Female"
"9004153",371987,2025-06-12 16:35:40,42.6026878356934,-8.87632465362549,"Female"
"9004153",371987,2025-06-12 16:40:38,42.6024856567383,-8.87621402740479,"Female"
"9004153",371987,2025-06-12 16:45:36,42.6024780273438,-8.87617778778076,"Female"
"9004153",371987,2025-06-12 16:50:36,42.6024971008301,-8.8762092590332,"Female"
"9004153",371987,2025-06-12 16:55:36,42.6024475097656,-8.87616157531738,"Female"
"9004153",371987,2025-06-12 17:00:36,42.6020431518555,-8.87622547149658,"Female"
"9004153",371987,2025-06-12 17:05:36,42.602123260498,-8.87628364562988,"Female"
"9004153",371987,2025-06-12 17:10:36,42.6021041870117,-8.87626838684082,"Female"
"9004153",371987,2025-06-12 17:15:37,42.6020355224609,-8.87626266479492,"Female"
"9004153",371987,2025-06-12 17:20:39,42.6021308898926,-8.87638092041016,"Female"
"9004153",371987,2025-06-12 17:25:36,42.6021270751953,-8.87642478942871,"Female"
"9004153",371987,2025-06-12 17:30:40,42.6020660400391,-8.87614345550537,"Female"
"9004153",371987,2025-06-12 17:35:38,42.6020927429199,-8.87617492675781,"Female"
"9004153",371987,2025-06-12 17:40:37,42.6020469665527,-8.8761157989502,"Female"
"9004153",371987,2025-06-12 17:45:37,42.6020965576172,-8.87625598907471,"Female"
"9004153",371987,2025-06-12 17:50:36,42.6020927429199,-8.87607383728027,"Female"
"9004153",371987,2025-06-12 17:55:37,42.6020851135254,-8.87615776062012,"Female"
"9004153",371987,2025-06-12 18:00:36,42.6020736694336,-8.8760871887207,"Female"
"9004153",371987,2025-06-12 18:05:36,42.6020431518555,-8.87607192993164,"Female"
"9004153",371987,2025-06-12 18:10:36,42.60205078125,-8.87607669830322,"Female"
"9004153",371987,2025-06-12 18:15:37,42.6019554138184,-8.8761568069458,"Female"
"9004153",371987,2025-06-12 18:20:39,42.6019630432129,-8.87617969512939,"Female"
"9004153",371987,2025-06-12 18:25:39,42.6018981933594,-8.87611865997314,"Female"
"9004153",371987,2025-06-12 18:30:39,42.6018447875977,-8.87613201141357,"Female"
"9004153",371987,2025-06-12 18:35:39,42.6018371582031,-8.87605094909668,"Female"
"9004153",371987,2025-06-12 18:40:37,42.6026229858398,-8.87674045562744,"Female"
"9004153",371987,2025-06-12 18:45:37,42.6023139953613,-8.87712001800537,"Female"
"9004153",371987,2025-06-12 18:50:36,42.6023559570312,-8.87682437896729,"Female"
"9004153",371987,2025-06-12 18:55:36,42.6023750305176,-8.87690544128418,"Female"
"9004153",371987,2025-06-12 19:00:36,42.6022415161133,-8.87694644927979,"Female"
"9004153",371987,2025-06-12 19:05:36,42.6024322509766,-8.87685012817383,"Female"
"9004153",371987,2025-06-12 19:10:36,42.6025924682617,-8.87675476074219,"Female"
"9004153",371987,2025-06-12 19:15:36,42.6026229858398,-8.87681865692139,"Female"
"9004153",371987,2025-06-12 19:20:39,42.6028442382812,-8.87674713134766,"Female"
"9004153",371987,2025-06-12 19:25:36,42.6027297973633,-8.87668037414551,"Female"
"9004153",371987,2025-06-12 19:30:36,42.6027412414551,-8.87669467926025,"Female"
"9004153",371987,2025-06-12 19:35:36,42.6025619506836,-8.87672233581543,"Female"
"9004153",371987,2025-06-12 19:40:37,42.6025733947754,-8.8766975402832,"Female"
"9004153",371987,2025-06-12 19:45:41,42.6030311584473,-8.87672996520996,"Female"
"9004153",371987,2025-06-12 19:50:36,42.6028518676758,-8.87650394439697,"Female"
"9004153",371987,2025-06-12 19:55:36,42.6018180847168,-8.87650871276855,"Female"
"9004153",371987,2025-06-12 20:00:36,42.601734161377,-8.87664890289307,"Female"
"9004153",371987,2025-06-12 20:05:36,42.6017456054688,-8.87657928466797,"Female"
"9004153",371987,2025-06-12 20:10:36,42.6016311645508,-8.87685108184814,"Female"
"9004153",371987,2025-06-12 20:15:36,42.6015434265137,-8.87680912017822,"Female"
"9004153",371987,2025-06-12 20:20:36,42.6015090942383,-8.87662315368652,"Female"
"9004153",371987,2025-06-12 20:25:36,42.6014709472656,-8.87651062011719,"Female"
"9004153",371987,2025-06-12 20:30:36,42.6015129089355,-8.87677478790283,"Female"
"9004153",371987,2025-06-12 20:35:36,42.6014633178711,-8.87672996520996,"Female"
"9004153",371987,2025-06-12 20:40:36,42.6014633178711,-8.87677955627441,"Female"
"9004153",371987,2025-06-12 20:45:36,42.6015281677246,-8.87661170959473,"Female"
"9004153",371987,2025-06-12 20:50:36,42.6015129089355,-8.87656307220459,"Female"
"9004153",371987,2025-06-12 20:55:36,42.6015319824219,-8.8765344619751,"Female"
"9004153",371987,2025-06-12 21:00:36,42.601448059082,-8.8765754699707,"Female"
"9004153",371987,2025-06-12 21:05:36,42.6015548706055,-8.8764705657959,"Female"
"9004153",371987,2025-06-12 21:10:36,42.6016273498535,-8.87642097473145,"Female"
"9004153",371987,2025-06-12 21:15:36,42.6015281677246,-8.8765172958374,"Female"
"9004153",371987,2025-06-12 21:20:36,42.6014862060547,-8.87644386291504,"Female"
"9004153",371987,2025-06-12 21:25:36,42.6014938354492,-8.87642097473145,"Female"
"9004153",371987,2025-06-12 21:30:36,42.6015167236328,-8.87655925750732,"Female"
"9004153",371987,2025-06-12 21:35:36,42.6014785766602,-8.87648868560791,"Female"
"9004153",371987,2025-06-12 21:40:36,42.6014938354492,-8.87647151947021,"Female"
"9004153",371987,2025-06-12 21:45:36,42.6016693115234,-8.87659645080566,"Female"
"9004153",371987,2025-06-12 21:50:36,42.6015090942383,-8.87657260894775,"Female"
"9004153",371987,2025-06-12 21:55:36,42.6015319824219,-8.87657928466797,"Female"
"9004153",371987,2025-06-12 22:00:35,42.6014137268066,-8.87646961212158,"Female"
"9004153",371987,2025-06-12 22:05:36,42.6016311645508,-8.87642002105713,"Female"
"9004153",371987,2025-06-12 22:10:37,42.6015205383301,-8.87628936767578,"Female"
"9004153",371987,2025-06-12 22:15:36,42.6014595031738,-8.87649154663086,"Female"
"9004153",371987,2025-06-12 22:20:36,42.6016807556152,-8.87646579742432,"Female"
"9004153",371987,2025-06-12 22:25:36,42.6017684936523,-8.87661552429199,"Female"
"9004153",371987,2025-06-12 22:30:36,42.6016998291016,-8.87643337249756,"Female"
"9004153",371987,2025-06-12 22:35:36,42.6017112731934,-8.87652206420898,"Female"
"9004153",371987,2025-06-12 22:40:36,42.6017990112305,-8.87649726867676,"Female"
"9004153",371987,2025-06-12 22:45:36,42.6017875671387,-8.87661457061768,"Female"
"9004153",371987,2025-06-12 22:50:36,42.6018600463867,-8.87666320800781,"Female"
"9004153",371987,2025-06-12 22:55:36,42.6017799377441,-8.87648868560791,"Female"
"9004153",371987,2025-06-12 23:00:36,42.6018371582031,-8.87631130218506,"Female"
"9004153",371987,2025-06-12 23:05:36,42.601734161377,-8.87634181976318,"Female"
"9004153",371987,2025-06-12 23:10:36,42.6017684936523,-8.87631607055664,"Female"
"9004153",371987,2025-06-12 23:15:35,42.6016044616699,-8.87646389007568,"Female"
"9004153",371987,2025-06-12 23:20:35,42.6019096374512,-8.87659931182861,"Female"
"9004153",371987,2025-06-12 23:25:36,42.6018981933594,-8.87631607055664,"Female"
"9004153",371987,2025-06-12 23:30:35,42.6019859313965,-8.87665557861328,"Female"
"9004153",371987,2025-06-12 23:35:36,42.6017112731934,-8.87641525268555,"Female"
"9004153",371987,2025-06-12 23:40:36,42.6018180847168,-8.87635326385498,"Female"
"9004153",371987,2025-06-12 23:45:36,42.6017303466797,-8.87643241882324,"Female"
"9004153",371987,2025-06-12 23:50:36,42.6017112731934,-8.87645149230957,"Female"
"9004153",371987,2025-06-12 23:55:36,42.6016654968262,-8.87650012969971,"Female"
"9004153",371987,2025-06-13 00:00:36,42.6017265319824,-8.87653636932373,"Female"
"9004153",371987,2025-06-13 00:05:36,42.6017303466797,-8.87654876708984,"Female"
"9004153",371987,2025-06-13 00:10:36,42.6017189025879,-8.87655735015869,"Female"
"9004153",371987,2025-06-13 00:15:36,42.6017074584961,-8.87656784057617,"Female"
"9004153",371987,2025-06-13 00:20:36,42.601692199707,-8.87663745880127,"Female"
"9004153",371987,2025-06-13 00:25:36,42.6017227172852,-8.87658309936523,"Female"
"9004153",371987,2025-06-13 00:30:36,42.6017417907715,-8.87661838531494,"Female"
"9004153",371987,2025-06-13 00:35:36,42.6017532348633,-8.87668228149414,"Female"
"9004153",371987,2025-06-13 00:40:36,42.6016273498535,-8.87680912017822,"Female"
"9004153",371987,2025-06-13 00:45:36,42.601749420166,-8.87667846679688,"Female"
"9004153",371987,2025-06-13 00:50:36,42.6016235351562,-8.87680530548096,"Female"
"9004153",371987,2025-06-13 00:55:36,42.6017036437988,-8.87676429748535,"Female"
"9004153",371987,2025-06-13 01:00:36,42.6016120910645,-8.87688064575195,"Female"
"9004153",371987,2025-06-13 01:05:36,42.6016273498535,-8.87682914733887,"Female"
"9004153",371987,2025-06-13 01:10:36,42.6016960144043,-8.87677574157715,"Female"
"9004153",371987,2025-06-13 01:15:36,42.6016883850098,-8.87674427032471,"Female"
"9004153",371987,2025-06-13 01:20:36,42.6016731262207,-8.87678241729736,"Female"
"9004153",371987,2025-06-13 01:25:36,42.6016311645508,-8.87676429748535,"Female"
"9004153",371987,2025-06-13 01:30:36,42.6016387939453,-8.87675666809082,"Female"
"9004153",371987,2025-06-13 01:35:36,42.6016464233398,-8.87672233581543,"Female"
"9004153",371987,2025-06-13 01:40:36,42.6016807556152,-8.87668704986572,"Female"
"9004153",371987,2025-06-13 01:45:36,42.6016387939453,-8.87660026550293,"Female"
"9004153",371987,2025-06-13 01:50:36,42.6016693115234,-8.87659454345703,"Female"
"9004153",371987,2025-06-13 01:55:36,42.6016540527344,-8.87658882141113,"Female"
"9004153",371987,2025-06-13 02:00:36,42.6016502380371,-8.87656497955322,"Female"
"9004153",371987,2025-06-13 02:05:36,42.6016044616699,-8.87654781341553,"Female"
"9004153",371987,2025-06-13 02:10:36,42.6015510559082,-8.87655735015869,"Female"
"9004153",371987,2025-06-13 02:15:36,42.6015853881836,-8.87655448913574,"Female"
"9004153",371987,2025-06-13 02:20:36,42.601634979248,-8.8765287399292,"Female"
"9004153",371987,2025-06-13 02:25:36,42.6016044616699,-8.87654590606689,"Female"
"9004153",371987,2025-06-13 02:30:36,42.6015853881836,-8.87654495239258,"Female"
"9004153",371987,2025-06-13 02:35:36,42.6016006469727,-8.87652397155762,"Female"
"9004153",371987,2025-06-13 02:40:36,42.6015853881836,-8.87652397155762,"Female"
"9004153",371987,2025-06-13 02:45:36,42.6016044616699,-8.87662506103516,"Female"
"9004153",371987,2025-06-13 02:50:36,42.6016464233398,-8.87661361694336,"Female"
"9004153",371987,2025-06-13 02:55:36,42.6016159057617,-8.87661552429199,"Female"
"9004153",371987,2025-06-13 03:00:36,42.6016960144043,-8.87659549713135,"Female"
"9004153",371987,2025-06-13 03:05:36,42.601676940918,-8.87664413452148,"Female"
"9004153",371987,2025-06-13 03:10:36,42.6015625,-8.87666320800781,"Female"
"9004153",371987,2025-06-13 03:15:36,42.6016693115234,-8.87659740447998,"Female"
"9004153",371987,2025-06-13 03:20:36,42.6016044616699,-8.87663078308105,"Female"
"9004153",371987,2025-06-13 03:25:36,42.601619720459,-8.87667083740234,"Female"
"9004153",371987,2025-06-13 03:30:37,42.6015701293945,-8.87666606903076,"Female"
"9004153",371987,2025-06-13 03:35:37,42.6016883850098,-8.87662696838379,"Female"
"9004153",371987,2025-06-13 03:40:36,42.6016120910645,-8.87666034698486,"Female"
"9004153",371987,2025-06-13 03:45:36,42.6015892028809,-8.8767147064209,"Female"
"9004153",371987,2025-06-13 03:50:36,42.6016998291016,-8.87664318084717,"Female"
"9004153",371987,2025-06-13 03:55:36,42.6016616821289,-8.87676525115967,"Female"
"9004153",371987,2025-06-13 04:00:36,42.6016578674316,-8.8766508102417,"Female"
"9004153",371987,2025-06-13 04:05:36,42.6016540527344,-8.87665843963623,"Female"
"9004153",371987,2025-06-13 04:10:37,42.6016502380371,-8.87669563293457,"Female"
"9004153",371987,2025-06-13 04:15:36,42.6016426086426,-8.87663459777832,"Female"
"9004153",371987,2025-06-13 04:20:37,42.6016540527344,-8.87666130065918,"Female"
"9004153",371987,2025-06-13 04:25:36,42.6018142700195,-8.87659168243408,"Female"
"9004153",371987,2025-06-13 04:30:37,42.6017265319824,-8.8766450881958,"Female"
"9004153",371987,2025-06-13 04:35:36,42.601692199707,-8.8768196105957,"Female"
"9004153",371987,2025-06-13 04:40:36,42.6017112731934,-8.87670421600342,"Female"
"9004153",371987,2025-06-13 04:45:36,42.6017608642578,-8.87663650512695,"Female"
"9004153",371987,2025-06-13 04:50:37,42.6016845703125,-8.87676334381104,"Female"
"9004153",371987,2025-06-13 04:55:36,42.6017723083496,-8.87677955627441,"Female"
"9004153",371987,2025-06-13 05:00:36,42.601676940918,-8.87670993804932,"Female"
"9004153",371987,2025-06-13 05:05:36,42.6017074584961,-8.87677955627441,"Female"
"9004153",371987,2025-06-13 05:10:36,42.6017227172852,-8.87675380706787,"Female"
"9004153",371987,2025-06-13 05:15:36,42.6017684936523,-8.8767557144165,"Female"
"9004153",371987,2025-06-13 05:20:36,42.6016807556152,-8.87676048278809,"Female"
"9004153",371987,2025-06-13 05:25:36,42.6016693115234,-8.87677764892578,"Female"
"9004153",371987,2025-06-13 05:30:35,42.6016387939453,-8.87686634063721,"Female"
"9004153",371987,2025-06-13 05:35:36,42.6016159057617,-8.87673664093018,"Female"
"9004153",371987,2025-06-13 05:40:36,42.6015968322754,-8.87676239013672,"Female"
"9004153",371987,2025-06-13 05:45:36,42.6015701293945,-8.87676048278809,"Female"
"9004153",371987,2025-06-13 05:50:36,42.6015319824219,-8.87675189971924,"Female"
"9004153",371987,2025-06-13 05:55:36,42.6015739440918,-8.87676334381104,"Female"
"9004153",371987,2025-06-13 06:00:36,42.6015090942383,-8.87668991088867,"Female"
"9004153",371987,2025-06-13 06:05:36,42.6015319824219,-8.87675285339355,"Female"
"9004153",371987,2025-06-13 06:10:37,42.601490020752,-8.8766450881958,"Female"
"9004153",371987,2025-06-13 06:15:37,42.601448059082,-8.87665557861328,"Female"
"9004153",371987,2025-06-13 06:20:36,42.6014366149902,-8.87667655944824,"Female"
"9004153",371987,2025-06-13 06:25:37,42.601390838623,-8.87668514251709,"Female"
"9004153",371987,2025-06-13 06:30:36,42.6014633178711,-8.87662601470947,"Female"
"9004153",371987,2025-06-13 06:35:36,42.6015014648438,-8.87656021118164,"Female"
"9004153",371987,2025-06-13 06:40:36,42.6014289855957,-8.87655258178711,"Female"
"9004153",371987,2025-06-13 06:45:36,42.6014175415039,-8.87655353546143,"Female"
"9004153",371987,2025-06-13 06:50:36,42.6014251708984,-8.87637519836426,"Female"
"9004153",371987,2025-06-13 06:55:36,42.6013832092285,-8.87642574310303,"Female"
"9004153",371987,2025-06-13 07:00:36,42.6016082763672,-8.87648487091064,"Female"
"9004153",371987,2025-06-13 07:05:36,42.601806640625,-8.87650680541992,"Female"
"9004153",371987,2025-06-13 07:10:36,42.6018257141113,-8.87648105621338,"Female"
"9004153",371987,2025-06-13 07:15:36,42.6018905639648,-8.8763542175293,"Female"
"9004153",371987,2025-06-13 07:20:37,42.6020660400391,-8.87623691558838,"Female"
"9004153",371987,2025-06-13 07:25:36,42.6020469665527,-8.87631225585938,"Female"
"9004153",371987,2025-06-13 07:30:36,42.6001625061035,-8.8730354309082,"Female"
"9004153",371987,2025-06-13 07:35:56,42.5987777709961,-8.8704719543457,"Female"
"9004153",371987,2025-06-13 07:41:13,42.5993309020996,-8.87110996246338,"Female"
"9004153",371987,2025-06-13 07:46:54,42.5985870361328,-8.87101364135742,"Female"
"9004153",371987,2025-06-13 07:51:55,42.5992469787598,-8.87101554870605,"Female"
"9004153",371987,2025-06-13 07:56:56,42.5999145507812,-8.8720064163208,"Female"
"9004153",371987,2025-06-13 08:02:41,42.6018180847168,-8.87425708770752,"Female"
"9004153",371987,2025-06-13 08:07:39,42.6019515991211,-8.87448787689209,"Female"
"9004153",371987,2025-06-13 08:12:39,42.6018257141113,-8.87443542480469,"Female"
"9004153",371987,2025-06-13 08:17:37,42.6020317077637,-8.87471103668213,"Female"
"9004153",371987,2025-06-13 08:22:38,42.6020545959473,-8.87528228759766,"Female"
"9004153",371987,2025-06-13 08:27:39,42.6015014648438,-8.87457942962646,"Female"
"9004153",371987,2025-06-13 08:32:39,42.6014251708984,-8.87461853027344,"Female"
"9004153",371987,2025-06-13 08:37:40,42.601749420166,-8.87560367584229,"Female"
"9004153",371987,2025-06-13 08:42:40,42.6015777587891,-8.8756275177002,"Female"
"9004153",371987,2025-06-13 08:47:41,42.6014633178711,-8.87549304962158,"Female"
"9004153",371987,2025-06-13 08:52:38,42.6013107299805,-8.87511348724365,"Female"
"9004153",371987,2025-06-13 08:57:38,42.6011505126953,-8.87476062774658,"Female"
"9004153",371987,2025-06-13 09:02:42,42.6010284423828,-8.87412357330322,"Female"
"9004153",371987,2025-06-13 09:07:38,42.6009826660156,-8.87363624572754,"Female"
"9004153",371987,2025-06-13 09:12:38,42.6009712219238,-8.87324523925781,"Female"
"9004153",371987,2025-06-13 09:18:02,42.6015739440918,-8.87430763244629,"Female"
"9004153",371987,2025-06-13 09:22:36,42.6015090942383,-8.87431812286377,"Female"
"9004153",371987,2025-06-13 09:27:36,42.6015167236328,-8.87440776824951,"Female"
"9004153",371987,2025-06-13 09:32:36,42.6015396118164,-8.87434768676758,"Female"
"9004153",371987,2025-06-13 09:37:36,42.6015205383301,-8.87432289123535,"Female"
"9004153",371987,2025-06-13 09:42:35,42.6013565063477,-8.8742561340332,"Female"
"9004153",371987,2025-06-13 09:47:36,42.601505279541,-8.87445259094238,"Female"
"9004153",371987,2025-06-13 09:52:36,42.6013946533203,-8.87422561645508,"Female"
"9004153",371987,2025-06-13 09:57:36,42.6014976501465,-8.8743143081665,"Female"
"9004153",371987,2025-06-13 10:02:36,42.6014862060547,-8.87432289123535,"Female"
"9004153",371987,2025-06-13 10:07:36,42.6015129089355,-8.87436771392822,"Female"
"9004153",371987,2025-06-13 10:12:36,42.6015205383301,-8.87429237365723,"Female"
"9004153",371987,2025-06-13 10:17:36,42.6015090942383,-8.87430191040039,"Female"
"9004153",371987,2025-06-13 10:23:08,42.5987892150879,-8.87120819091797,"Female"
"9004153",371987,2025-06-13 10:28:08,42.5984878540039,-8.8713436126709,"Female"
"9004153",371987,2025-06-13 10:33:33,42.5983619689941,-8.87235832214355,"Female"
"9004153",371987,2025-06-13 10:38:33,42.5986022949219,-8.87135314941406,"Female"
"9004153",371987,2025-06-13 10:44:17,42.5991096496582,-8.87025356292725,"Female"
"9004153",371987,2025-06-13 10:49:20,42.5992050170898,-8.87109851837158,"Female"
"9004153",371987,2025-06-13 10:54:52,42.5994300842285,-8.8712272644043,"Female"
"9004153",371987,2025-06-13 11:00:07,42.5986938476562,-8.87154293060303,"Female"
"9004153",371987,2025-06-13 11:05:06,42.598518371582,-8.87156677246094,"Female"
"9004153",371987,2025-06-13 11:10:39,42.5986709594727,-8.87210559844971,"Female"
"9004153",371987,2025-06-13 11:15:40,42.5993156433105,-8.87301158905029,"Female"
"9004153",371987,2025-06-13 11:21:13,42.6014022827148,-8.87416076660156,"Female"
"9004153",371987,2025-06-13 11:26:09,42.6014823913574,-8.8740406036377,"Female"
"9004153",371987,2025-06-13 11:31:09,42.6015472412109,-8.87399959564209,"Female"
"9004153",371987,2025-06-13 11:36:09,42.6014976501465,-8.8739709854126,"Female"
"9004153",371987,2025-06-13 11:41:08,42.6015434265137,-8.87395095825195,"Female"
"9004153",371987,2025-06-13 11:46:10,42.6014785766602,-8.87391757965088,"Female"
"9004153",371987,2025-06-13 11:51:09,42.6015014648438,-8.87402439117432,"Female"
"9004153",371987,2025-06-13 11:56:08,42.601619720459,-8.8740873336792,"Female"
"9004153",371987,2025-06-13 12:01:16,42.6015815734863,-8.87419700622559,"Female"
"9004153",371987,2025-06-13 12:06:13,42.6015548706055,-8.87423992156982,"Female"
"9004153",371987,2025-06-13 12:11:18,42.6013679504395,-8.87456703186035,"Female"
"9004153",371987,2025-06-13 12:16:18,42.6015396118164,-8.87654495239258,"Female"
"9004153",371987,2025-06-13 12:21:16,42.6015243530273,-8.8765811920166,"Female"
"9004153",371987,2025-06-13 12:26:16,42.6015434265137,-8.87655544281006,"Female"
"9004153",371987,2025-06-13 12:31:21,42.6015205383301,-8.876540184021,"Female"
"9004153",371987,2025-06-13 12:36:21,42.6015205383301,-8.87660312652588,"Female"
"9004153",371987,2025-06-13 12:41:11,42.6014747619629,-8.8765811920166,"Female"
"9004153",371987,2025-06-13 12:46:13,42.6014060974121,-8.8765869140625,"Female"
"9004153",371987,2025-06-13 12:51:12,42.6014366149902,-8.87672710418701,"Female"
"9004153",371987,2025-06-13 12:56:35,42.6015281677246,-8.8766622543335,"Female"
"9004153",371987,2025-06-13 13:01:07,42.6016807556152,-8.87673568725586,"Female"
"9004153",371987,2025-06-13 13:06:08,42.6014976501465,-8.87657451629639,"Female"
"9004153",371987,2025-06-13 13:11:08,42.601490020752,-8.87648487091064,"Female"
"9004153",371987,2025-06-13 13:16:07,42.6015434265137,-8.87667655944824,"Female"
"9004153",371987,2025-06-13 13:21:08,42.6015853881836,-8.8767204284668,"Female"
"9004153",371987,2025-06-13 13:26:08,42.6015434265137,-8.8767204284668,"Female"
"9004153",371987,2025-06-13 13:31:11,42.6016883850098,-8.87669658660889,"Female"
"9004153",371987,2025-06-13 13:36:11,42.6014518737793,-8.87653827667236,"Female"
"9004153",371987,2025-06-13 13:41:08,42.6015090942383,-8.87665462493896,"Female"
"9004153",371987,2025-06-13 13:46:08,42.6013641357422,-8.87655448913574,"Female"
"9004153",371987,2025-06-13 13:51:08,42.6014938354492,-8.87649536132812,"Female"
"9004153",371987,2025-06-13 13:56:10,42.6014938354492,-8.87656497955322,"Female"
"9004153",371987,2025-06-13 14:01:08,42.6014976501465,-8.87691593170166,"Female"
"9004153",371987,2025-06-13 14:06:08,42.6014976501465,-8.87695980072021,"Female"
"9004153",371987,2025-06-13 14:11:08,42.6015205383301,-8.87692165374756,"Female"
"9004153",371987,2025-06-13 14:16:08,42.6014518737793,-8.87697696685791,"Female"
"9004153",371987,2025-06-13 14:21:08,42.6015930175781,-8.87695789337158,"Female"
"9004153",371987,2025-06-13 14:26:08,42.6015396118164,-8.87687683105469,"Female"
"9004153",371987,2025-06-13 14:31:08,42.6015548706055,-8.87691307067871,"Female"
"9004153",371987,2025-06-13 14:36:08,42.6015625,-8.87686157226562,"Female"
"9004153",371987,2025-06-13 14:41:08,42.6015701293945,-8.87692260742188,"Female"
"9004153",371987,2025-06-13 14:46:08,42.6015586853027,-8.87680721282959,"Female"
"9004153",371987,2025-06-13 14:51:09,42.6015014648438,-8.87690544128418,"Female"
"9004153",371987,2025-06-13 14:56:09,42.601619720459,-8.87700271606445,"Female"
"9004153",371987,2025-06-13 15:01:09,42.6015739440918,-8.87695980072021,"Female"
"9004153",371987,2025-06-13 15:06:08,42.601490020752,-8.87670516967773,"Female"
"9004153",371987,2025-06-13 15:11:08,42.6015777587891,-8.8767786026001,"Female"
"9004153",371987,2025-06-13 15:16:08,42.6015014648438,-8.87671852111816,"Female"
"9004153",371987,2025-06-13 15:21:09,42.6015129089355,-8.87671852111816,"Female"
"9004153",371987,2025-06-13 15:26:11,42.6014595031738,-8.87656307220459,"Female"
"9004153",371987,2025-06-13 15:31:11,42.6014747619629,-8.87664127349854,"Female"
"9004153",371987,2025-06-13 15:36:11,42.6014175415039,-8.87657833099365,"Female"
"9004153",371987,2025-06-13 15:41:11,42.6014633178711,-8.87662887573242,"Female"
"9004153",371987,2025-06-13 15:46:11,42.6012191772461,-8.87610149383545,"Female"
"9004153",371987,2025-06-13 15:51:31,42.5997924804688,-8.875168800354,"Female"
"9004153",371987,2025-06-13 15:56:38,42.5978736877441,-8.87363243103027,"Female"
"9004153",371987,2025-06-13 16:01:33,42.5977668762207,-8.87296676635742,"Female"
"9004153",371987,2025-06-13 16:06:52,42.5980682373047,-8.87159061431885,"Female"
"9004153",371987,2025-06-13 16:13:15,42.5988807678223,-8.87034320831299,"Female"
"9004153",371987,2025-06-13 16:22:03,42.5991477966309,-8.87045764923096,"Female"
"9004153",371987,2025-06-13 16:27:23,42.5987281799316,-8.87109279632568,"Female"
"9004153",371987,2025-06-13 16:33:39,42.5985069274902,-8.8715991973877,"Female"
"9004153",371987,2025-06-13 16:38:29,42.5992889404297,-8.87386322021484,"Female"
"9004153",371987,2025-06-13 16:43:05,42.6013717651367,-8.87651634216309,"Female"
"9004153",371987,2025-06-13 16:47:48,42.601448059082,-8.8765115737915,"Female"
"9004153",371987,2025-06-13 16:52:48,42.6015090942383,-8.87648963928223,"Female"
"9004153",371987,2025-06-13 16:58:05,42.6014976501465,-8.87663459777832,"Female"
"9004153",371987,2025-06-13 17:02:38,42.6015090942383,-8.87653160095215,"Female"
"9004153",371987,2025-06-13 17:07:38,42.6014213562012,-8.87663841247559,"Female"
"9004153",371987,2025-06-13 17:12:38,42.6015014648438,-8.87660121917725,"Female"
"9004153",371987,2025-06-13 17:17:38,42.6014404296875,-8.87663173675537,"Female"
"9004153",371987,2025-06-13 17:22:38,42.6014671325684,-8.87662982940674,"Female"
"9004153",371987,2025-06-13 17:27:39,42.6014823913574,-8.87658023834229,"Female"
"9004153",371987,2025-06-13 17:32:38,42.6014823913574,-8.87663459777832,"Female"
"9004153",371987,2025-06-13 17:37:39,42.6014709472656,-8.87665176391602,"Female"
"9004153",371987,2025-06-13 17:42:39,42.6014709472656,-8.87658786773682,"Female"
"9004153",371987,2025-06-13 17:47:38,42.601432800293,-8.87655067443848,"Female"
"9004153",371987,2025-06-13 17:52:39,42.6014671325684,-8.87657642364502,"Female"
"9004153",371987,2025-06-13 17:57:38,42.6014785766602,-8.87658214569092,"Female"
"9004153",371987,2025-06-13 18:02:39,42.6014671325684,-8.87664699554443,"Female"
"9004153",371987,2025-06-13 18:07:39,42.6014213562012,-8.87659549713135,"Female"
"9004153",371987,2025-06-13 18:12:39,42.6013870239258,-8.87667179107666,"Female"
"9004153",371987,2025-06-13 18:17:39,42.601448059082,-8.87661552429199,"Female"
"9004153",371987,2025-06-13 18:22:39,42.6014404296875,-8.87661170959473,"Female"
"9004153",371987,2025-06-13 18:27:39,42.6013603210449,-8.87654972076416,"Female"
"9004153",371987,2025-06-13 18:32:39,42.6014518737793,-8.87658977508545,"Female"
"9004153",371987,2025-06-13 18:37:41,42.601448059082,-8.8765926361084,"Female"
"9004153",371987,2025-06-13 18:42:40,42.6014747619629,-8.87664127349854,"Female"
"9004153",371987,2025-06-13 18:47:42,42.6015853881836,-8.87671852111816,"Female"
"9004153",371987,2025-06-13 18:52:42,42.6017227172852,-8.87691211700439,"Female"
"9004153",371987,2025-06-13 18:57:40,42.6015357971191,-8.87675476074219,"Female"
"9004153",371987,2025-06-13 19:02:48,42.601448059082,-8.8765983581543,"Female"
"9004153",371987,2025-06-13 19:07:40,42.6014404296875,-8.87657642364502,"Female"
"9004153",371987,2025-06-13 19:12:42,42.6018218994141,-8.87723159790039,"Female"
"9004153",371987,2025-06-13 19:17:39,42.6026573181152,-8.87722682952881,"Female"
"9004153",371987,2025-06-13 19:22:40,42.6026725769043,-8.87727355957031,"Female"
"9004153",371987,2025-06-13 19:27:39,42.6026725769043,-8.87727832794189,"Female"
"9004153",371987,2025-06-13 19:32:47,42.6025924682617,-8.87719821929932,"Female"
"9004153",371987,2025-06-13 19:37:43,42.6025390625,-8.87725257873535,"Female"
"9004153",371987,2025-06-13 19:42:43,42.6020889282227,-8.87658309936523,"Female"
"9004153",371987,2025-06-13 19:47:40,42.6024017333984,-8.87706756591797,"Female"
"9004153",371987,2025-06-13 19:53:05,42.6023788452148,-8.87671279907227,"Female"
"9004153",371987,2025-06-13 19:57:39,42.6024627685547,-8.87708950042725,"Female"
"9004153",371987,2025-06-13 20:02:45,42.6022682189941,-8.87678909301758,"Female"
"9004153",371987,2025-06-13 20:07:39,42.6023406982422,-8.87685775756836,"Female"
"9004153",371987,2025-06-13 20:12:39,42.6019630432129,-8.87735366821289,"Female"
"9004153",371987,2025-06-13 20:17:40,42.602108001709,-8.87716007232666,"Female"
"9004153",371987,2025-06-13 20:22:42,42.6024017333984,-8.87688255310059,"Female"
"9004153",371987,2025-06-13 20:27:41,42.6023864746094,-8.87695407867432,"Female"
"9004153",371987,2025-06-13 20:32:47,42.6023826599121,-8.87697505950928,"Female"
"9004153",371987,2025-06-13 20:37:39,42.6013526916504,-8.87695789337158,"Female"
"9004153",371987,2025-06-13 20:42:39,42.601318359375,-8.87683963775635,"Female"
"9004153",371987,2025-06-13 20:47:39,42.6014213562012,-8.87703323364258,"Female"
"9004153",371987,2025-06-13 20:52:39,42.6014709472656,-8.87697124481201,"Female"
"9004153",371987,2025-06-13 20:57:39,42.6014251708984,-8.87703037261963,"Female"
"9004153",371987,2025-06-13 21:02:39,42.6015167236328,-8.87662220001221,"Female"
"9004153",371987,2025-06-13 21:07:39,42.6013832092285,-8.87660312652588,"Female"
"9004153",371987,2025-06-13 21:12:39,42.6013870239258,-8.87668991088867,"Female"
"9004153",371987,2025-06-13 21:17:39,42.6014785766602,-8.87669563293457,"Female"
"9004153",371987,2025-06-13 21:22:39,42.6014099121094,-8.87662506103516,"Female"
"9004153",371987,2025-06-13 21:27:39,42.6015167236328,-8.87670516967773,"Female"
"9004153",371987,2025-06-13 21:32:41,42.6014785766602,-8.87667465209961,"Female"
"9004153",371987,2025-06-13 21:37:39,42.6014709472656,-8.87666416168213,"Female"
"9004153",371987,2025-06-13 21:42:39,42.601390838623,-8.87648773193359,"Female"
"9004153",371987,2025-06-13 21:47:39,42.6011772155762,-8.87657165527344,"Female"
"9004153",371987,2025-06-13 21:52:39,42.6012878417969,-8.87646961212158,"Female"
"9004153",371987,2025-06-13 21:57:39,42.6014022827148,-8.8765172958374,"Female"
"9004153",371987,2025-06-13 22:02:39,42.6012954711914,-8.87637901306152,"Female"
"9004153",371987,2025-06-13 22:07:39,42.6013870239258,-8.87648773193359,"Female"
"9004153",371987,2025-06-13 22:12:39,42.6011810302734,-8.87618637084961,"Female"
"9004153",371987,2025-06-13 22:17:39,42.6013259887695,-8.87632751464844,"Female"
"9004153",371987,2025-06-13 22:22:39,42.6013946533203,-8.87635612487793,"Female"
"9004153",371987,2025-06-13 22:27:39,42.6014099121094,-8.87631607055664,"Female"
"9004153",371987,2025-06-13 22:32:39,42.6014366149902,-8.87632846832275,"Female"
"9004153",371987,2025-06-13 22:37:40,42.6015510559082,-8.87645530700684,"Female"
"9004153",371987,2025-06-13 22:42:39,42.6015701293945,-8.87635803222656,"Female"
"9004153",371987,2025-06-13 22:47:39,42.6016311645508,-8.87639999389648,"Female"
"9004153",371987,2025-06-13 22:52:39,42.6014366149902,-8.87642765045166,"Female"
"9004153",371987,2025-06-13 22:57:39,42.6015510559082,-8.87629795074463,"Female"
"9004153",371987,2025-06-13 23:02:39,42.6015243530273,-8.87632751464844,"Female"
"9004153",371987,2025-06-13 23:07:39,42.6018257141113,-8.87602519989014,"Female"
"9004153",371987,2025-06-13 23:12:39,42.6015014648438,-8.87631893157959,"Female"
"9004153",371987,2025-06-13 23:17:39,42.6016654968262,-8.87624454498291,"Female"
"9004153",371987,2025-06-13 23:22:39,42.6015930175781,-8.87628364562988,"Female"
"9004153",371987,2025-06-13 23:27:42,42.6015815734863,-8.87633228302002,"Female"
"9004153",371987,2025-06-13 23:32:39,42.6016426086426,-8.87630367279053,"Female"
"9004153",371987,2025-06-13 23:37:40,42.6016502380371,-8.8762845993042,"Female"
"9004153",371987,2025-06-13 23:42:43,42.6014175415039,-8.87636756896973,"Female"
"9004153",371987,2025-06-13 23:47:41,42.6015357971191,-8.87644290924072,"Female"
"9004153",371987,2025-06-13 23:52:39,42.6017570495605,-8.87635707855225,"Female"
"9004153",371987,2025-06-13 23:57:39,42.6016883850098,-8.87638759613037,"Female"
"9004153",371987,2025-06-14 00:02:39,42.6016235351562,-8.87641429901123,"Female"
"9004153",371987,2025-06-14 00:07:39,42.6016120910645,-8.87647724151611,"Female"
"9004153",371987,2025-06-14 00:12:39,42.6015701293945,-8.87651252746582,"Female"
"9004153",371987,2025-06-14 00:17:41,42.6014175415039,-8.87646198272705,"Female"
"9004153",371987,2025-06-14 00:22:43,42.6015663146973,-8.87654972076416,"Female"
"9004153",371987,2025-06-14 00:27:39,42.6015853881836,-8.87648963928223,"Female"
"9004153",371987,2025-06-14 00:32:46,42.6013984680176,-8.87647247314453,"Female"
"9004153",371987,2025-06-14 00:37:39,42.6014518737793,-8.87648582458496,"Female"
"9004153",371987,2025-06-14 00:42:41,42.6014442443848,-8.87647342681885,"Female"
"9004153",371987,2025-06-14 00:47:45,42.601432800293,-8.87648677825928,"Female"
"9004153",371987,2025-06-14 00:52:41,42.6013259887695,-8.87657928466797,"Female"
"9004153",371987,2025-06-14 00:57:43,42.6015090942383,-8.87657260894775,"Female"
"9004153",371987,2025-06-14 01:02:41,42.601390838623,-8.87645816802979,"Female"
"9004153",371987,2025-06-14 01:07:53,42.6014747619629,-8.87653732299805,"Female"
"9004153",371987,2025-06-14 01:12:45,42.6015472412109,-8.87659740447998,"Female"
"9004153",371987,2025-06-14 01:17:59,42.6015663146973,-8.87661075592041,"Female"
"9004153",371987,2025-06-14 01:23:04,42.6014633178711,-8.8765811920166,"Female"
"9004153",371987,2025-06-14 01:27:40,42.6014595031738,-8.87667751312256,"Female"
"9004153",371987,2025-06-14 01:32:40,42.6015396118164,-8.8765869140625,"Female"
"9004153",371987,2025-06-14 01:37:39,42.6015243530273,-8.87660312652588,"Female"
"9004153",371987,2025-06-14 01:42:39,42.6015167236328,-8.87654876708984,"Female"
"9004153",371987,2025-06-14 01:47:39,42.6015777587891,-8.87642383575439,"Female"
"9004153",371987,2025-06-14 01:52:40,42.6014938354492,-8.87659740447998,"Female"
"9004153",371987,2025-06-14 01:57:39,42.6014289855957,-8.87649917602539,"Female"
"9004153",371987,2025-06-14 02:02:39,42.6015396118164,-8.87660026550293,"Female"
"9004153",371987,2025-06-14 02:07:39,42.6013145446777,-8.87656116485596,"Female"
"9004153",371987,2025-06-14 02:12:39,42.6013069152832,-8.87656688690186,"Female"
"9004153",371987,2025-06-14 02:17:39,42.6012916564941,-8.87660789489746,"Female"
"9004153",371987,2025-06-14 02:22:39,42.6013450622559,-8.87658977508545,"Female"
"9004153",371987,2025-06-14 02:27:39,42.6013298034668,-8.87654495239258,"Female"
"9004153",371987,2025-06-14 02:32:41,42.6013717651367,-8.87658977508545,"Female"
"9004153",371987,2025-06-14 02:37:40,42.6014251708984,-8.87664318084717,"Female"
"9004153",371987,2025-06-14 02:42:39,42.6014633178711,-8.8766508102417,"Female"
"9004153",371987,2025-06-14 02:47:40,42.6015281677246,-8.87662601470947,"Female"
"9004153",371987,2025-06-14 02:52:40,42.6014709472656,-8.87672328948975,"Female"
"9004153",371987,2025-06-14 02:57:42,42.6014785766602,-8.87661457061768,"Female"
"9004153",371987,2025-06-14 03:02:43,42.6014823913574,-8.8766040802002,"Female"
"9004153",371987,2025-06-14 03:07:39,42.6014251708984,-8.87664318084717,"Female"
"9004153",371987,2025-06-14 03:12:39,42.6013984680176,-8.87662696838379,"Female"
"9004153",371987,2025-06-14 03:17:39,42.6014404296875,-8.87665271759033,"Female"
"9004153",371987,2025-06-14 03:22:40,42.6015090942383,-8.87666320800781,"Female"
"9004153",371987,2025-06-14 03:27:43,42.6015129089355,-8.8767032623291,"Female"
"9004153",371987,2025-06-14 03:32:41,42.6014175415039,-8.87649250030518,"Female"
"9004153",371987,2025-06-14 03:37:42,42.6015281677246,-8.87670516967773,"Female"
"9004153",371987,2025-06-14 03:42:39,42.6015090942383,-8.8766918182373,"Female"
"9004153",371987,2025-06-14 03:47:43,42.601634979248,-8.87685871124268,"Female"
"9004153",371987,2025-06-14 03:52:39,42.6013793945312,-8.87656593322754,"Female"
"9004153",371987,2025-06-14 03:57:42,42.6015090942383,-8.87671279907227,"Female"
"9004153",371987,2025-06-14 04:02:42,42.6015357971191,-8.87673568725586,"Female"
"9004153",371987,2025-06-14 04:07:40,42.6014823913574,-8.87664794921875,"Female"
"9004153",371987,2025-06-14 04:12:40,42.6015663146973,-8.87679958343506,"Female"
"9004153",371987,2025-06-14 04:17:40,42.6015281677246,-8.87675857543945,"Female"
"9004153",371987,2025-06-14 04:22:46,42.6015205383301,-8.87672996520996,"Female"
"9004153",371987,2025-06-14 04:27:43,42.6014976501465,-8.87669849395752,"Female"
"9004153",371987,2025-06-14 04:32:39,42.6016540527344,-8.87685108184814,"Female"
"9004153",371987,2025-06-14 04:37:39,42.6015167236328,-8.87668132781982,"Female"
"9004153",371987,2025-06-14 04:42:41,42.6016082763672,-8.87681293487549,"Female"
"9004153",371987,2025-06-14 04:47:42,42.6016807556152,-8.87681770324707,"Female"
"9004153",371987,2025-06-14 04:52:41,42.6015777587891,-8.87673091888428,"Female"
"9004153",371987,2025-06-14 04:57:41,42.601619720459,-8.87686347961426,"Female"
"9004153",371987,2025-06-14 05:02:42,42.6016464233398,-8.87683010101318,"Female"
"9004153",371987,2025-06-14 05:07:45,42.6016082763672,-8.87674522399902,"Female"
"9004153",371987,2025-06-14 05:13:03,42.601448059082,-8.87662696838379,"Female"
"9004153",371987,2025-06-14 05:17:38,42.6014556884766,-8.87657642364502,"Female"
"9004153",371987,2025-06-14 05:22:38,42.6014518737793,-8.87662315368652,"Female"
"9004153",371987,2025-06-14 05:27:40,42.601448059082,-8.87662506103516,"Female"
"9004153",371987,2025-06-14 05:32:38,42.6014289855957,-8.8765926361084,"Female"
"9004153",371987,2025-06-14 05:37:38,42.6014366149902,-8.87665462493896,"Female"
"9004153",371987,2025-06-14 05:42:39,42.6014099121094,-8.87658977508545,"Female"
"9004153",371987,2025-06-14 05:47:39,42.6013603210449,-8.8766393661499,"Female"
"9004153",371987,2025-06-14 05:52:39,42.6014556884766,-8.87663459777832,"Female"
"9004153",371987,2025-06-14 05:57:39,42.6014442443848,-8.87664985656738,"Female"
"9004153",371987,2025-06-14 06:02:39,42.6014747619629,-8.87668609619141,"Female"
"9004153",371987,2025-06-14 06:07:39,42.6014022827148,-8.87665367126465,"Female"
"9004153",371987,2025-06-14 06:12:39,42.601448059082,-8.87665557861328,"Female"
"9004153",371987,2025-06-14 06:17:39,42.6014938354492,-8.87664127349854,"Female"
"9004153",371987,2025-06-14 06:22:38,42.6014709472656,-8.87670421600342,"Female"
"9004153",371987,2025-06-14 06:27:38,42.6014938354492,-8.87662792205811,"Female"
"9004153",371987,2025-06-14 06:32:39,42.6014404296875,-8.87668418884277,"Female"
"9004153",371987,2025-06-14 06:37:39,42.6014938354492,-8.87672901153564,"Female"
"9004153",371987,2025-06-14 06:42:39,42.601448059082,-8.87668609619141,"Female"
"9004153",371987,2025-06-14 06:47:39,42.6014785766602,-8.8767204284668,"Female"
"9004153",371987,2025-06-14 06:52:39,42.6014556884766,-8.87666988372803,"Female"
"9004153",371987,2025-06-14 06:57:39,42.6015243530273,-8.87679862976074,"Female"
"9004153",371987,2025-06-14 07:02:40,42.6014785766602,-8.87666988372803,"Female"
"9004153",371987,2025-06-14 07:07:39,42.6016693115234,-8.87658023834229,"Female"
"9004153",371987,2025-06-14 07:12:39,42.6028747558594,-8.87653350830078,"Female"
"9004153",371987,2025-06-14 07:17:39,42.6031150817871,-8.87575340270996,"Female"
"9004153",371987,2025-06-14 07:22:49,42.6037063598633,-8.87437057495117,"Female"
"9004153",371987,2025-06-14 07:28:08,42.6053886413574,-8.87370777130127,"Female"
"9004153",371987,2025-06-14 07:33:08,42.6049461364746,-8.87309741973877,"Female"
"9004153",371987,2025-06-14 07:39:00,42.6035270690918,-8.87280082702637,"Female"
"9004153",371987,2025-06-14 07:43:59,42.603946685791,-8.87348079681396,"Female"
"9004153",371987,2025-06-14 07:48:58,42.6040077209473,-8.8735523223877,"Female"
"9004153",371987,2025-06-14 07:53:58,42.6040115356445,-8.87360000610352,"Female"
"9004153",371987,2025-06-14 07:58:58,42.6040649414062,-8.87357044219971,"Female"
"9004153",371987,2025-06-14 08:03:58,42.6040267944336,-8.87369346618652,"Female"
"9004153",371987,2025-06-14 08:09:14,42.6040687561035,-8.8735523223877,"Female"
"9004153",371987,2025-06-14 08:13:59,42.6037940979004,-8.8734884262085,"Female"
"9004153",371987,2025-06-14 08:18:58,42.603874206543,-8.8735179901123,"Female"
"9004153",371987,2025-06-14 08:23:58,42.6037940979004,-8.87351131439209,"Female"
"9004153",371987,2025-06-14 08:29:03,42.6041030883789,-8.87356758117676,"Female"
"9004153",371987,2025-06-14 08:33:58,42.6039543151855,-8.87353706359863,"Female"
"9004153",371987,2025-06-14 08:38:58,42.603946685791,-8.87351131439209,"Female"
"9004153",371987,2025-06-14 08:43:58,42.6038703918457,-8.87344264984131,"Female"
"9004153",371987,2025-06-14 08:48:58,42.6041297912598,-8.87355804443359,"Female"
"9004153",371987,2025-06-14 08:53:58,42.6037216186523,-8.87357711791992,"Female"
"9004153",371987,2025-06-14 08:58:58,42.6040878295898,-8.87374019622803,"Female"
"9004153",371987,2025-06-14 09:03:58,42.604305267334,-8.87369155883789,"Female"
"9004153",371987,2025-06-14 09:08:58,42.6038208007812,-8.87359714508057,"Female"
"9004153",371987,2025-06-14 09:14:00,42.6042022705078,-8.87349128723145,"Female"
"9004153",371987,2025-06-14 09:18:58,42.6041564941406,-8.87356948852539,"Female"
"9004153",371987,2025-06-14 09:23:58,42.6041679382324,-8.87362575531006,"Female"
"9004153",371987,2025-06-14 09:28:59,42.6042098999023,-8.87364387512207,"Female"
"9004153",371987,2025-06-14 09:33:58,42.6040344238281,-8.87348079681396,"Female"
"9004153",371987,2025-06-14 09:38:58,42.60400390625,-8.87338733673096,"Female"
"9004153",371987,2025-06-14 09:43:58,42.6036987304688,-8.87303733825684,"Female"
"9004153",371987,2025-06-14 09:48:58,42.6039657592773,-8.87319183349609,"Female"
"9004153",371987,2025-06-14 09:53:59,42.6036109924316,-8.87312602996826,"Female"
"9004153",371987,2025-06-14 09:58:58,42.6024589538574,-8.87107563018799,"Female"
"9004153",371987,2025-06-14 10:03:58,42.6026191711426,-8.87271881103516,"Female"
"9004153",371987,2025-06-14 10:08:58,42.6035423278809,-8.87325572967529,"Female"
"9004153",371987,2025-06-14 10:14:16,42.6050338745117,-8.87426471710205,"Female"
"9004153",371987,2025-06-14 10:19:40,42.6058959960938,-8.8740234375,"Female"
"9004153",371987,2025-06-14 10:24:39,42.6055297851562,-8.87456798553467,"Female"
"9004153",371987,2025-06-14 10:30:11,42.6049461364746,-8.87466430664062,"Female"
"9004153",371987,2025-06-14 10:35:12,42.6034126281738,-8.87317848205566,"Female"
"9004153",371987,2025-06-14 10:40:18,42.6034545898438,-8.8728494644165,"Female"
"9004153",371987,2025-06-14 10:45:11,42.6033668518066,-8.87290096282959,"Female"
"9004153",371987,2025-06-14 10:50:11,42.6034393310547,-8.87289714813232,"Female"
"9004153",371987,2025-06-14 10:55:35,42.6036834716797,-8.87302207946777,"Female"
"9004153",371987,2025-06-14 11:00:10,42.6036758422852,-8.87301635742188,"Female"
"9004153",371987,2025-06-14 11:05:10,42.6035003662109,-8.87320041656494,"Female"
"9004153",371987,2025-06-14 11:10:10,42.6034698486328,-8.87310123443604,"Female"
"9004153",371987,2025-06-14 11:15:10,42.6034393310547,-8.87308979034424,"Female"
"9004153",371987,2025-06-14 11:20:10,42.6034698486328,-8.87308788299561,"Female"
"9004153",371987,2025-06-14 11:25:10,42.6034393310547,-8.87304973602295,"Female"
"9004153",371987,2025-06-14 11:30:10,42.6034660339355,-8.87303829193115,"Female"
"9004153",371987,2025-06-14 11:35:10,42.6034812927246,-8.87306880950928,"Female"
"9004153",371987,2025-06-14 11:40:16,42.6035499572754,-8.87306022644043,"Female"
"9004153",371987,2025-06-14 11:45:10,42.6035003662109,-8.87308120727539,"Female"
"9004153",371987,2025-06-14 11:50:10,42.6039123535156,-8.87341690063477,"Female"
"9004153",371987,2025-06-14 11:55:13,42.604808807373,-8.87336254119873,"Female"
"9004153",371987,2025-06-14 12:00:11,42.6036148071289,-8.8732328414917,"Female"
"9004153",371987,2025-06-14 12:05:11,42.6035957336426,-8.87315082550049,"Female"
"9004153",371987,2025-06-14 12:10:11,42.6035766601562,-8.87319946289062,"Female"
"9004153",371987,2025-06-14 12:15:11,42.6037330627441,-8.87330055236816,"Female"
"9004153",371987,2025-06-14 12:20:11,42.603630065918,-8.87324905395508,"Female"
"9004153",371987,2025-06-14 12:25:18,42.6035652160645,-8.87317848205566,"Female"
"9004153",371987,2025-06-14 12:30:11,42.6035537719727,-8.87318325042725,"Female"
"9004153",371987,2025-06-14 12:35:11,42.603588104248,-8.87318134307861,"Female"
"9004153",371987,2025-06-14 12:40:11,42.6035308837891,-8.87321376800537,"Female"
"9004153",371987,2025-06-14 12:45:20,42.6035499572754,-8.8732385635376,"Female"
"9004153",371987,2025-06-14 12:50:11,42.6035575866699,-8.87319183349609,"Female"
"9004153",371987,2025-06-14 12:55:11,42.6035652160645,-8.8732213973999,"Female"
"9004153",371987,2025-06-14 13:00:11,42.6035499572754,-8.87320423126221,"Female"
"9004153",371987,2025-06-14 13:05:11,42.6035575866699,-8.87324905395508,"Female"
"9004153",371987,2025-06-14 13:10:12,42.6046714782715,-8.87274646759033,"Female"
"9004153",371987,2025-06-14 13:15:31,42.6055603027344,-8.87335681915283,"Female"
"9004153",371987,2025-06-14 13:20:49,42.606689453125,-8.87194061279297,"Female"
"9004153",371987,2025-06-14 13:25:50,42.6065254211426,-8.87277030944824,"Female"
"9004153",371987,2025-06-14 13:31:13,42.6060829162598,-8.87257385253906,"Female"
"9004153",371987,2025-06-14 13:36:12,42.6059226989746,-8.87337875366211,"Female"
"9004153",371987,2025-06-14 13:41:33,42.6050453186035,-8.87410163879395,"Female"
"9004153",371987,2025-06-14 13:46:41,42.6038703918457,-8.87355327606201,"Female"
"9004153",371987,2025-06-14 13:51:40,42.6035232543945,-8.87313175201416,"Female"
"9004153",371987,2025-06-14 13:56:40,42.6035690307617,-8.87315845489502,"Female"
"9004153",371987,2025-06-14 14:01:40,42.6035270690918,-8.87317276000977,"Female"
"9004153",371987,2025-06-14 14:06:40,42.6034698486328,-8.87313175201416,"Female"
"9004153",371987,2025-06-14 14:11:40,42.6034812927246,-8.87326526641846,"Female"
"9004153",371987,2025-06-14 14:16:40,42.6034774780273,-8.873215675354,"Female"
"9004153",371987,2025-06-14 14:21:40,42.6035308837891,-8.8731861114502,"Female"
"9004153",371987,2025-06-14 14:26:40,42.6035003662109,-8.87328243255615,"Female"
"9004153",371987,2025-06-14 14:31:40,42.6034889221191,-8.87325668334961,"Female"
"9004153",371987,2025-06-14 14:36:40,42.6034278869629,-8.87331962585449,"Female"
"9004153",371987,2025-06-14 14:41:40,42.6034164428711,-8.87336254119873,"Female"
"9004153",371987,2025-06-14 14:46:40,42.6033554077148,-8.87348747253418,"Female"
"9004153",371987,2025-06-14 14:51:40,42.6014289855957,-8.87450981140137,"Female"
"9004153",371987,2025-06-14 14:56:40,42.6014976501465,-8.87458419799805,"Female"
"9004153",371987,2025-06-14 15:01:40,42.6014137268066,-8.87447166442871,"Female"
"9004153",371987,2025-06-14 15:06:40,42.6014595031738,-8.87448787689209,"Female"
"9004153",371987,2025-06-14 15:12:05,42.6015090942383,-8.87431526184082,"Female"
"9004153",371987,2025-06-14 15:16:40,42.6015625,-8.87433052062988,"Female"
"9004153",371987,2025-06-14 15:21:39,42.6015510559082,-8.87435150146484,"Female"
"9004153",371987,2025-06-14 15:26:40,42.6015319824219,-8.87433815002441,"Female"
"9004153",371987,2025-06-14 15:31:40,42.6015663146973,-8.87437057495117,"Female"
"9004153",371987,2025-06-14 15:36:40,42.6015815734863,-8.87440776824951,"Female"
"9004153",371987,2025-06-14 15:41:40,42.6015663146973,-8.87435054779053,"Female"
"9004153",371987,2025-06-14 15:46:40,42.6015853881836,-8.87439727783203,"Female"
"9004153",371987,2025-06-14 15:51:40,42.6015777587891,-8.87436008453369,"Female"
"9004153",371987,2025-06-14 15:56:40,42.6016006469727,-8.87447738647461,"Female"
"9004153",371987,2025-06-14 16:01:40,42.6016311645508,-8.87441635131836,"Female"
"9004153",371987,2025-06-14 16:06:40,42.6015434265137,-8.87440967559814,"Female"
"9004153",371987,2025-06-14 16:11:41,42.6016578674316,-8.87446022033691,"Female"
"9004153",371987,2025-06-14 16:16:41,42.6016426086426,-8.87447643280029,"Female"
"9004153",371987,2025-06-14 16:21:41,42.6016387939453,-8.87445735931396,"Female"
"9004153",371987,2025-06-14 16:26:41,42.6017456054688,-8.87453842163086,"Female"
"9004153",371987,2025-06-14 16:31:41,42.6017189025879,-8.87457084655762,"Female"
"9004153",371987,2025-06-14 16:36:41,42.6015090942383,-8.8742618560791,"Female"
"9004153",371987,2025-06-14 16:41:41,42.6016654968262,-8.87447166442871,"Female"
"9004153",371987,2025-06-14 16:46:41,42.6016807556152,-8.87449645996094,"Female"
"9004153",371987,2025-06-14 16:51:42,42.6016693115234,-8.87449264526367,"Female"
"9004153",371987,2025-06-14 16:56:41,42.6017265319824,-8.87452697753906,"Female"
"9004153",371987,2025-06-14 17:01:46,42.6016883850098,-8.87461185455322,"Female"
"9004153",371987,2025-06-14 17:06:41,42.6016960144043,-8.87457084655762,"Female"
"9004153",371987,2025-06-14 17:11:42,42.6017761230469,-8.87459659576416,"Female"
"9004153",371987,2025-06-14 17:16:41,42.6016540527344,-8.87437438964844,"Female"
"9004153",371987,2025-06-14 17:21:41,42.6016044616699,-8.8743724822998,"Female"
"9004153",371987,2025-06-14 17:26:41,42.6015815734863,-8.87455081939697,"Female"
"9004153",371987,2025-06-14 17:31:40,42.6016464233398,-8.87468433380127,"Female"
"9004153",371987,2025-06-14 17:36:42,42.60205078125,-8.87442588806152,"Female"
"9004153",371987,2025-06-14 17:42:04,42.6051712036133,-8.87315940856934,"Female"
"9004153",371987,2025-06-14 17:47:39,42.6060218811035,-8.87389183044434,"Female"
"9004153",371987,2025-06-14 17:52:42,42.6057205200195,-8.87435150146484,"Female"
"9004153",371987,2025-06-14 17:57:40,42.606143951416,-8.87335968017578,"Female"
"9004153",371987,2025-06-14 18:02:43,42.6069679260254,-8.87278175354004,"Female"
"9004153",371987,2025-06-14 18:07:45,42.6067695617676,-8.87130832672119,"Female"
"9004153",371987,2025-06-14 18:12:44,42.6064949035645,-8.87094402313232,"Female"
"9004153",371987,2025-06-14 18:17:44,42.6049423217773,-8.86994934082031,"Female"
"9004153",371987,2025-06-14 18:22:45,42.6048431396484,-8.86998558044434,"Female"
"9004153",371987,2025-06-14 18:27:44,42.6048851013184,-8.86979866027832,"Female"
"9004153",371987,2025-06-14 18:33:05,42.6048393249512,-8.8698034286499,"Female"
"9004153",371987,2025-06-14 18:37:44,42.6048545837402,-8.86986827850342,"Female"
"9004153",371987,2025-06-14 18:42:44,42.6049156188965,-8.86988735198975,"Female"
"9004153",371987,2025-06-14 18:47:43,42.6049003601074,-8.8698673248291,"Female"
"9004153",371987,2025-06-14 18:52:44,42.6014785766602,-8.8764820098877,"Female"
"9004153",371987,2025-06-14 18:57:44,42.6014671325684,-8.87667655944824,"Female"
"9004153",371987,2025-06-14 19:02:45,42.6014556884766,-8.87677192687988,"Female"
"9004153",371987,2025-06-14 19:07:43,42.6015357971191,-8.87675476074219,"Female"
"9004153",371987,2025-06-14 19:12:43,42.6014747619629,-8.87664604187012,"Female"
"9004153",371987,2025-06-14 19:17:44,42.6014785766602,-8.87673091888428,"Female"
"9004153",371987,2025-06-14 19:22:44,42.6014862060547,-8.87674140930176,"Female"
"9004153",371987,2025-06-14 19:27:44,42.6014595031738,-8.87673568725586,"Female"
"9004153",371987,2025-06-14 19:32:44,42.601490020752,-8.87674331665039,"Female"
"9004153",371987,2025-06-14 19:37:44,42.6015129089355,-8.87676429748535,"Female"
"9004153",371987,2025-06-14 19:42:44,42.6015090942383,-8.87676048278809,"Female"
"9004153",371987,2025-06-14 19:47:44,42.6014862060547,-8.87672138214111,"Female"
"9004153",371987,2025-06-14 19:52:44,42.6024055480957,-8.87678909301758,"Female"
"9004153",371987,2025-06-14 19:57:44,42.6014785766602,-8.87665939331055,"Female"
"9004153",371987,2025-06-14 20:02:44,42.6014785766602,-8.87670230865479,"Female"
"9004153",371987,2025-06-14 20:07:44,42.6024131774902,-8.87678241729736,"Female"
"9004153",371987,2025-06-14 20:12:44,42.6025543212891,-8.87671375274658,"Female"
"9004153",371987,2025-06-14 20:17:44,42.6013870239258,-8.87657737731934,"Female"
"9004153",371987,2025-06-14 20:22:44,42.6013488769531,-8.87653255462646,"Female"
"9004153",371987,2025-06-14 20:27:44,42.6013679504395,-8.8765230178833,"Female"
"9004153",371987,2025-06-14 20:32:44,42.6014060974121,-8.87653636932373,"Female"
"9004153",371987,2025-06-14 20:37:44,42.6013031005859,-8.8766040802002,"Female"
"9004153",371987,2025-06-14 20:42:44,42.6013717651367,-8.87655830383301,"Female"
"9004153",371987,2025-06-14 20:47:44,42.6012840270996,-8.87652587890625,"Female"
"9004153",371987,2025-06-14 20:52:44,42.6014022827148,-8.87644672393799,"Female"
"9004153",371987,2025-06-14 20:57:44,42.6013946533203,-8.87648010253906,"Female"
"9004153",371987,2025-06-14 21:02:44,42.6013793945312,-8.87665939331055,"Female"
"9004153",371987,2025-06-14 21:07:45,42.6011848449707,-8.87649345397949,"Female"
"9004153",371987,2025-06-14 21:12:44,42.6012535095215,-8.87650394439697,"Female"
"9004153",371987,2025-06-14 21:17:44,42.6013069152832,-8.87651443481445,"Female"
"9004153",371987,2025-06-14 21:22:44,42.6013412475586,-8.87641620635986,"Female"
"9004153",371987,2025-06-14 21:27:44,42.6013488769531,-8.87664604187012,"Female"
"9004153",371987,2025-06-14 21:32:44,42.6012649536133,-8.87653923034668,"Female"
"9004153",371987,2025-06-14 21:37:44,42.6013832092285,-8.8766450881958,"Female"
"9004153",371987,2025-06-14 21:42:44,42.6014060974121,-8.87667369842529,"Female"
"9004153",371987,2025-06-14 21:47:44,42.6013450622559,-8.87654972076416,"Female"
"9004153",371987,2025-06-14 21:52:44,42.6014556884766,-8.87667942047119,"Female"
"9004153",371987,2025-06-14 21:57:44,42.6014289855957,-8.87664604187012,"Female"
"9004153",371987,2025-06-14 22:02:44,42.601203918457,-8.87639713287354,"Female"
"9004153",371987,2025-06-14 22:07:44,42.6013336181641,-8.87650966644287,"Female"
"9004153",371987,2025-06-14 22:13:05,42.6014404296875,-8.87663555145264,"Female"
"9004153",371987,2025-06-14 22:17:44,42.6014289855957,-8.87655067443848,"Female"
"9004153",371987,2025-06-14 22:22:43,42.6014556884766,-8.87661647796631,"Female"
"9004153",371987,2025-06-14 22:27:45,42.6012840270996,-8.87651634216309,"Female"
"9004153",371987,2025-06-14 22:32:43,42.6014442443848,-8.87654304504395,"Female"
"9004153",371987,2025-06-14 22:37:43,42.6014404296875,-8.8765754699707,"Female"
"9004153",371987,2025-06-14 22:42:43,42.6014137268066,-8.87659549713135,"Female"
"9004153",371987,2025-06-14 22:47:43,42.6014022827148,-8.87658882141113,"Female"
"9004153",371987,2025-06-14 22:52:43,42.6014137268066,-8.87656784057617,"Female"
"9004153",371987,2025-06-14 22:57:43,42.6013374328613,-8.87659931182861,"Female"
"9004153",371987,2025-06-14 23:02:43,42.6013832092285,-8.8766918182373,"Female"
"9004153",371987,2025-06-14 23:07:43,42.6013374328613,-8.87660980224609,"Female"
"9004153",371987,2025-06-14 23:12:43,42.6014099121094,-8.87662220001221,"Female"
"9004153",371987,2025-06-14 23:17:43,42.6013870239258,-8.87660217285156,"Female"
"9004153",371987,2025-06-14 23:22:43,42.601390838623,-8.87654685974121,"Female"
"9004153",371987,2025-06-14 23:27:44,42.601432800293,-8.87659931182861,"Female"
"9004153",371987,2025-06-14 23:32:43,42.6013832092285,-8.87666893005371,"Female"
"9004153",371987,2025-06-14 23:37:43,42.6014175415039,-8.87663078308105,"Female"
"9004153",371987,2025-06-14 23:42:44,42.601448059082,-8.87666130065918,"Female"
"9004153",371987,2025-06-14 23:47:43,42.601448059082,-8.87662982940674,"Female"
"9004153",371987,2025-06-14 23:52:43,42.6014366149902,-8.87663269042969,"Female"
"9004153",371987,2025-06-14 23:57:43,42.6013984680176,-8.87664890289307,"Female"
"9004153",371987,2025-06-15 00:02:43,42.601432800293,-8.87665843963623,"Female"
"9004153",371987,2025-06-15 00:07:43,42.6014785766602,-8.87666893005371,"Female"
"9004153",371987,2025-06-15 00:12:42,42.6014518737793,-8.87667751312256,"Female"
"9004153",371987,2025-06-15 00:17:43,42.6014976501465,-8.87669944763184,"Female"
"9004153",371987,2025-06-15 00:22:42,42.6015739440918,-8.87670135498047,"Female"
"9004153",371987,2025-06-15 00:27:43,42.601490020752,-8.87667083740234,"Female"
"9004153",371987,2025-06-15 00:32:44,42.6015739440918,-8.8767032623291,"Female"
"9004153",371987,2025-06-15 00:37:42,42.6015090942383,-8.87672519683838,"Female"
"9004153",371987,2025-06-15 00:42:43,42.6015586853027,-8.87668418884277,"Female"
"9004153",371987,2025-06-15 00:47:44,42.6015815734863,-8.8767557144165,"Female"
"9004153",371987,2025-06-15 00:52:43,42.6014633178711,-8.87663650512695,"Female"
"9004153",371987,2025-06-15 00:57:43,42.6016235351562,-8.87679100036621,"Female"
"9004153",371987,2025-06-15 01:02:43,42.6014099121094,-8.87658023834229,"Female"
"9004153",371987,2025-06-15 01:08:05,42.6014099121094,-8.87658214569092,"Female"
"9004153",371987,2025-06-15 01:12:43,42.6013832092285,-8.8765983581543,"Female"
"9004153",371987,2025-06-15 01:17:43,42.601448059082,-8.87654876708984,"Female"
"9004153",371987,2025-06-15 01:22:43,42.6013832092285,-8.87660598754883,"Female"
"9004153",371987,2025-06-15 01:27:42,42.6014976501465,-8.87658023834229,"Female"
"9004153",371987,2025-06-15 01:32:43,42.6014747619629,-8.8766622543335,"Female"
"9004153",371987,2025-06-15 01:37:43,42.6014442443848,-8.87667369842529,"Female"
"9004153",371987,2025-06-15 01:42:42,42.6014442443848,-8.87665462493896,"Female"
"9004153",371987,2025-06-15 01:47:43,42.6015396118164,-8.87648391723633,"Female"
"9004153",371987,2025-06-15 01:52:43,42.6014442443848,-8.876540184021,"Female"
"9004153",371987,2025-06-15 01:57:43,42.6014785766602,-8.87652111053467,"Female"
"9004153",371987,2025-06-15 02:02:43,42.6014518737793,-8.87654781341553,"Female"
"9004153",371987,2025-06-15 02:07:44,42.6013870239258,-8.87657737731934,"Female"
"9004153",371987,2025-06-15 02:12:43,42.6013336181641,-8.87668514251709,"Female"
"9004153",371987,2025-06-15 02:17:43,42.6014099121094,-8.87658405303955,"Female"
"9004153",371987,2025-06-15 02:22:43,42.6014785766602,-8.87664890289307,"Female"
"9004153",371987,2025-06-15 02:27:43,42.6014137268066,-8.87657260894775,"Female"
"9004153",371987,2025-06-15 02:32:43,42.6013717651367,-8.87672710418701,"Female"
"9004153",371987,2025-06-15 02:37:43,42.6014671325684,-8.87659931182861,"Female"
"9004153",371987,2025-06-15 02:42:43,42.6015434265137,-8.87663555145264,"Female"
"9004153",371987,2025-06-15 02:47:43,42.6015472412109,-8.87668704986572,"Female"
"9004153",371987,2025-06-15 02:52:43,42.6014137268066,-8.87662696838379,"Female"
"9004153",371987,2025-06-15 02:57:43,42.6013679504395,-8.8765983581543,"Female"
"9004153",371987,2025-06-15 03:02:43,42.6014099121094,-8.87653350830078,"Female"
"9004153",371987,2025-06-15 03:07:43,42.6014289855957,-8.87658309936523,"Female"
"9004153",371987,2025-06-15 03:12:43,42.6012992858887,-8.87652492523193,"Female"
"9004153",371987,2025-06-15 03:17:43,42.601318359375,-8.87653160095215,"Female"
"9004153",371987,2025-06-15 03:22:43,42.6013793945312,-8.87661170959473,"Female"
"9004153",371987,2025-06-15 03:27:43,42.6013565063477,-8.87655544281006,"Female"
"9004153",371987,2025-06-15 03:32:43,42.6013984680176,-8.87654876708984,"Female"
"9004153",371987,2025-06-15 03:37:43,42.6015853881836,-8.87683391571045,"Female"
"9004153",371987,2025-06-15 03:42:43,42.6016616821289,-8.87683200836182,"Female"
"9004153",371987,2025-06-15 03:47:43,42.6015777587891,-8.87675762176514,"Female"
"9004153",371987,2025-06-15 03:52:43,42.6016616821289,-8.87685012817383,"Female"
"9004153",371987,2025-06-15 03:57:43,42.6016387939453,-8.87683391571045,"Female"
"9004153",371987,2025-06-15 04:02:43,42.6017646789551,-8.87689685821533,"Female"
"9004153",371987,2025-06-15 04:07:43,42.6015625,-8.87667751312256,"Female"
"9004153",371987,2025-06-15 04:12:43,42.6016731262207,-8.87675857543945,"Female"
"9004153",371987,2025-06-15 04:17:43,42.6016616821289,-8.876708984375,"Female"
"9004153",371987,2025-06-15 04:22:43,42.6017379760742,-8.87679576873779,"Female"
"9004153",371987,2025-06-15 04:27:43,42.6017112731934,-8.87680053710938,"Female"
"9004153",371987,2025-06-15 04:32:43,42.6017761230469,-8.87681007385254,"Female"
"9004153",371987,2025-06-15 04:37:43,42.6017646789551,-8.87682819366455,"Female"
"9004153",371987,2025-06-15 04:42:43,42.6017723083496,-8.87695407867432,"Female"
"9004153",371987,2025-06-15 04:47:44,42.6017646789551,-8.87679004669189,"Female"
"9004153",371987,2025-06-15 04:52:43,42.6018333435059,-8.87698173522949,"Female"
"9004153",371987,2025-06-15 04:57:45,42.6015090942383,-8.87695693969727,"Female"
"9004153",371987,2025-06-15 05:02:48,42.601734161377,-8.87687015533447,"Female"
"9004153",371987,2025-06-15 05:07:44,42.6015968322754,-8.87692928314209,"Female"
"9004153",371987,2025-06-15 05:12:43,42.6016426086426,-8.87685298919678,"Female"
"9004153",371987,2025-06-15 05:17:43,42.6016311645508,-8.87682437896729,"Female"
"9004153",371987,2025-06-15 05:22:44,42.6016616821289,-8.87677669525146,"Female"
"9004153",371987,2025-06-15 05:27:43,42.601619720459,-8.87675857543945,"Female"
"9004153",371987,2025-06-15 05:32:43,42.6016044616699,-8.87680339813232,"Female"
"9004153",371987,2025-06-15 05:37:43,42.6016082763672,-8.87674140930176,"Female"
"9004153",371987,2025-06-15 05:42:43,42.6013984680176,-8.87688541412354,"Female"
"9004153",371987,2025-06-15 05:47:44,42.6014099121094,-8.87683200836182,"Female"
"9004153",371987,2025-06-15 05:52:44,42.6013679504395,-8.8768253326416,"Female"
"9004153",371987,2025-06-15 05:57:44,42.6013069152832,-8.87671566009521,"Female"
"9004153",371987,2025-06-15 06:02:44,42.6015167236328,-8.87671089172363,"Female"
"9004153",371987,2025-06-15 06:07:43,42.6015548706055,-8.8766918182373,"Female"
"9004153",371987,2025-06-15 06:12:44,42.6015625,-8.87670516967773,"Female"
"9004153",371987,2025-06-15 06:17:46,42.6013412475586,-8.87653732299805,"Female"
"9004153",371987,2025-06-15 06:22:48,42.6015396118164,-8.87661838531494,"Female"
"9004153",371987,2025-06-15 06:27:46,42.6015319824219,-8.87666702270508,"Female"
"9004153",371987,2025-06-15 06:32:46,42.6015663146973,-8.87662982940674,"Female"
"9004153",371987,2025-06-15 06:37:59,42.601375579834,-8.87645149230957,"Female"
"9004153",371987,2025-06-15 06:42:47,42.6014251708984,-8.87645626068115,"Female"
"9004153",371987,2025-06-15 06:47:48,42.6014823913574,-8.87648868560791,"Female"
"9004153",371987,2025-06-15 06:53:05,42.6015701293945,-8.87659549713135,"Female"
"9004153",371987,2025-06-15 06:58:16,42.6018486022949,-8.87657928466797,"Female"
"9004153",371987,2025-06-15 07:03:12,42.6014823913574,-8.87662410736084,"Female"
"9004153",371987,2025-06-15 07:07:42,42.6019401550293,-8.87634658813477,"Female"
"9004153",371987,2025-06-15 07:12:43,42.601692199707,-8.8764705657959,"Female"
"9004153",371987,2025-06-15 07:17:43,42.6017990112305,-8.87650871276855,"Female"
"9004153",371987,2025-06-15 07:22:48,42.6023559570312,-8.87637805938721,"Female"
"9004153",371987,2025-06-15 07:27:43,42.6012954711914,-8.87685871124268,"Female"
"9004153",371987,2025-06-15 07:32:43,42.6022872924805,-8.8767786026001,"Female"
"9004153",371987,2025-06-15 07:37:47,42.6017227172852,-8.87465190887451,"Female"
"9004153",371987,2025-06-15 07:42:47,42.6014785766602,-8.87451362609863,"Female"
"9004153",371987,2025-06-15 07:51:35,42.6005859375,-8.87234497070312,"Female"
"9004153",371987,2025-06-15 07:58:13,42.6008415222168,-8.87161540985107,"Female"
"9004153",371987,2025-06-15 08:03:12,42.6013412475586,-8.87441921234131,"Female"
"9004153",371987,2025-06-15 08:08:35,42.6014785766602,-8.87428092956543,"Female"
"9004153",371987,2025-06-15 08:13:10,42.6014595031738,-8.87433528900146,"Female"
"9004153",371987,2025-06-15 08:18:09,42.6014823913574,-8.87427234649658,"Female"
"9004153",371987,2025-06-15 08:23:09,42.6014595031738,-8.87434482574463,"Female"
"9004153",371987,2025-06-15 08:28:09,42.6014442443848,-8.87431812286377,"Female"
"9004153",371987,2025-06-15 08:33:09,42.6014671325684,-8.87428188323975,"Female"
"9004153",371987,2025-06-15 08:38:10,42.6014556884766,-8.87435531616211,"Female"
"9004153",371987,2025-06-15 08:43:10,42.601490020752,-8.87427234649658,"Female"
"9004153",371987,2025-06-15 08:48:16,42.601505279541,-8.87428188323975,"Female"
"9004153",371987,2025-06-15 08:53:16,42.601505279541,-8.87428379058838,"Female"
"9004153",371987,2025-06-15 08:58:16,42.6014556884766,-8.87426948547363,"Female"
"9004153",371987,2025-06-15 09:03:15,42.6014785766602,-8.87435626983643,"Female"
"9004153",371987,2025-06-15 09:08:16,42.601505279541,-8.87430763244629,"Female"
"9004153",371987,2025-06-15 09:13:15,42.6014747619629,-8.87430667877197,"Female"
"9004153",371987,2025-06-15 09:18:16,42.6014976501465,-8.87433338165283,"Female"
"9004153",371987,2025-06-15 09:23:16,42.6014976501465,-8.87430667877197,"Female"
"9004153",371987,2025-06-15 09:28:16,42.601490020752,-8.87431812286377,"Female"
"9004153",371987,2025-06-15 09:33:16,42.601432800293,-8.87431240081787,"Female"
"9004153",371987,2025-06-15 09:38:16,42.6015090942383,-8.87431716918945,"Female"
"9004153",371987,2025-06-15 09:43:16,42.6014366149902,-8.87437343597412,"Female"
"9004153",371987,2025-06-15 09:48:16,42.6014022827148,-8.87448310852051,"Female"
"9004153",371987,2025-06-15 09:53:16,42.6014099121094,-8.8742790222168,"Female"
"9004153",371987,2025-06-15 09:58:16,42.6015090942383,-8.87430667877197,"Female"
"9004153",371987,2025-06-15 10:03:16,42.6015281677246,-8.87433052062988,"Female"
"9004153",371987,2025-06-15 10:08:16,42.6015205383301,-8.87435913085938,"Female"
"9004153",371987,2025-06-15 10:13:16,42.6015129089355,-8.87435245513916,"Female"
"9004153",371987,2025-06-15 10:18:17,42.6040382385254,-8.87536144256592,"Female"
"9004153",371987,2025-06-15 10:24:11,42.6042747497559,-8.87730693817139,"Female"
"9004153",371987,2025-06-15 10:29:24,42.6034698486328,-8.87870693206787,"Female"
"9004153",371987,2025-06-15 10:34:49,42.6024780273438,-8.87893581390381,"Female"
"9004153",371987,2025-06-15 10:39:50,42.6023941040039,-8.87915325164795,"Female"
"9004153",371987,2025-06-15 10:44:49,42.6025276184082,-8.87895679473877,"Female"
"9004153",371987,2025-06-15 10:49:54,42.6020355224609,-8.87894725799561,"Female"
"9004153",371987,2025-06-15 10:54:54,42.6028137207031,-8.87911605834961,"Female"
"9004153",371987,2025-06-15 10:59:53,42.6031837463379,-8.87640476226807,"Female"
"9004153",371987,2025-06-15 11:04:54,42.6015319824219,-8.8741979598999,"Female"
"9004153",371987,2025-06-15 11:09:53,42.6015663146973,-8.87420272827148,"Female"
"9004153",371987,2025-06-15 11:14:53,42.6015548706055,-8.87416553497314,"Female"
"9004153",371987,2025-06-15 11:19:53,42.6015357971191,-8.87411403656006,"Female"
"9004153",371987,2025-06-15 11:24:53,42.6011238098145,-8.87365627288818,"Female"
"9004153",371987,2025-06-15 11:29:53,42.6015357971191,-8.87411308288574,"Female"
"9004153",371987,2025-06-15 11:34:53,42.6038398742676,-8.87311840057373,"Female"
"9004153",371987,2025-06-15 11:39:53,42.6042900085449,-8.87430095672607,"Female"
"9004153",371987,2025-06-15 11:45:12,42.6042098999023,-8.8760232925415,"Female"
"9004153",371987,2025-06-15 11:50:52,42.6039276123047,-8.87567615509033,"Female"
"9004153",371987,2025-06-15 11:56:29,42.604549407959,-8.87511348724365,"Female"
"9004153",371987,2025-06-15 12:03:39,42.6041831970215,-8.87434768676758,"Female"
"9004153",371987,2025-06-15 12:08:39,42.6034278869629,-8.87311935424805,"Female"
"9004153",371987,2025-06-15 12:13:40,42.6034927368164,-8.87318515777588,"Female"
"9004153",371987,2025-06-15 12:18:31,42.603458404541,-8.87312412261963,"Female"
"9004153",371987,2025-06-15 12:23:31,42.6034393310547,-8.87319946289062,"Female"
"9004153",371987,2025-06-15 12:28:31,42.6035461425781,-8.87318420410156,"Female"
"9004153",371987,2025-06-15 12:33:31,42.6035842895508,-8.87303161621094,"Female"
"9004153",371987,2025-06-15 12:38:31,42.6035575866699,-8.87317657470703,"Female"
"9004153",371987,2025-06-15 12:43:31,42.6036529541016,-8.87308216094971,"Female"
"9004153",371987,2025-06-15 12:48:41,42.603401184082,-8.87306022644043,"Female"
"9004153",371987,2025-06-15 12:53:38,42.6034622192383,-8.87298774719238,"Female"
"9004153",371987,2025-06-15 12:58:33,42.6032524108887,-8.87292194366455,"Female"
"9004153",371987,2025-06-15 13:03:34,42.6034126281738,-8.87305068969727,"Female"
"9004153",371987,2025-06-15 13:08:39,42.603816986084,-8.87259483337402,"Female"
"9004153",371987,2025-06-15 13:13:44,42.6035346984863,-8.87303638458252,"Female"
"9004153",371987,2025-06-15 13:18:31,42.6034393310547,-8.87335395812988,"Female"
"9004153",371987,2025-06-15 13:23:31,42.603572845459,-8.87295436859131,"Female"
"9004153",371987,2025-06-15 13:28:33,42.6034774780273,-8.87311840057373,"Female"
"9004153",371987,2025-06-15 13:33:36,42.603443145752,-8.87293148040771,"Female"
"9004153",371987,2025-06-15 13:38:32,42.6036491394043,-8.87215232849121,"Female"
"9004153",371987,2025-06-15 13:43:32,42.603458404541,-8.87243175506592,"Female"
"9004153",371987,2025-06-15 13:48:44,42.6034965515137,-8.87315273284912,"Female"
"9004153",371987,2025-06-15 13:53:32,42.6035766601562,-8.87314987182617,"Female"
"9004153",371987,2025-06-15 13:58:33,42.6035575866699,-8.87302398681641,"Female"
"9004153",371987,2025-06-15 14:03:33,42.6036720275879,-8.87315273284912,"Female"
"9004153",371987,2025-06-15 14:08:34,42.6034278869629,-8.87272071838379,"Female"
"9004153",371987,2025-06-15 14:13:34,42.6035385131836,-8.87249374389648,"Female"
"9004153",371987,2025-06-15 14:18:37,42.6037216186523,-8.87274360656738,"Female"
"9004153",371987,2025-06-15 14:23:34,42.6034049987793,-8.87278842926025,"Female"
"9004153",371987,2025-06-15 14:29:15,42.6030044555664,-8.87121486663818,"Female"
"9004153",371987,2025-06-15 14:34:47,42.6009750366211,-8.87148189544678,"Female"
"9004153",371987,2025-06-15 14:40:30,42.600715637207,-8.87094593048096,"Female"
"9004153",371987,2025-06-15 14:58:39,42.5988807678223,-8.87154674530029,"Female"
"9004153",371987,2025-06-15 15:04:02,42.5995063781738,-8.87269306182861,"Female"
"9004153",371987,2025-06-15 15:09:35,42.6013717651367,-8.87436389923096,"Female"
"9004153",371987,2025-06-15 15:14:28,42.6014862060547,-8.87438201904297,"Female"
"9004153",371987,2025-06-15 15:19:32,42.6015701293945,-8.87437629699707,"Female"
"9004153",371987,2025-06-15 15:24:39,42.6016159057617,-8.87436676025391,"Female"
"9004153",371987,2025-06-15 15:29:44,42.601448059082,-8.87454891204834,"Female"
"9004153",371987,2025-06-15 15:34:43,42.6012496948242,-8.87476634979248,"Female"
"9004153",371987,2025-06-15 15:39:22,42.6015319824219,-8.87509536743164,"Female"
"9004153",371987,2025-06-15 15:44:31,42.6014976501465,-8.87425899505615,"Female"
"9004153",371987,2025-06-15 15:49:33,42.6013870239258,-8.87460136413574,"Female"
"9004153",371987,2025-06-15 15:54:21,42.6014595031738,-8.87427711486816,"Female"
"9004153",371987,2025-06-15 15:59:30,42.6014823913574,-8.87428760528564,"Female"
"9004153",371987,2025-06-15 16:04:24,42.6015930175781,-8.87455081939697,"Female"
"9004153",371987,2025-06-15 16:09:37,42.6014595031738,-8.8743839263916,"Female"
"9004153",371987,2025-06-15 16:14:20,42.6014137268066,-8.87436199188232,"Female"
"9004153",371987,2025-06-15 16:19:34,42.6014862060547,-8.87435054779053,"Female"
"9004153",371987,2025-06-15 16:24:19,42.6015205383301,-8.87439632415771,"Female"
"9004153",371987,2025-06-15 16:29:29,42.6014213562012,-8.87421894073486,"Female"
"9004153",371987,2025-06-15 16:34:44,42.6014060974121,-8.8744421005249,"Female"
"9004153",371987,2025-06-15 16:39:21,42.6013717651367,-8.87407970428467,"Female"
"9004153",371987,2025-06-15 16:44:27,42.6013031005859,-8.87433815002441,"Female"
"9004153",371987,2025-06-15 16:49:25,42.6013259887695,-8.87427234649658,"Female"
"9004153",371987,2025-06-15 16:54:31,42.6036224365234,-8.87569618225098,"Female"
"9004153",371987,2025-06-15 16:59:35,42.6032028198242,-8.87680244445801,"Female"
"9004153",371987,2025-06-15 17:04:39,42.6027946472168,-8.87671375274658,"Female"
"9004153",371987,2025-06-15 17:09:39,42.6021499633789,-8.87676525115967,"Female"
"9004153",371987,2025-06-15 17:14:39,42.6021881103516,-8.87681770324707,"Female"
"9004153",371987,2025-06-15 17:19:32,42.6023178100586,-8.87687492370605,"Female"
"9004153",371987,2025-06-15 17:24:42,42.6018333435059,-8.87666797637939,"Female"
"9004153",371987,2025-06-15 17:29:31,42.6017532348633,-8.87662982940674,"Female"
"9004153",371987,2025-06-15 17:34:30,42.6017913818359,-8.87678146362305,"Female"
"9004153",371987,2025-06-15 17:39:33,42.6016616821289,-8.87677955627441,"Female"
"9004153",371987,2025-06-15 17:44:32,42.6016883850098,-8.87678527832031,"Female"
"9004153",371987,2025-06-15 17:49:44,42.6017456054688,-8.87668037414551,"Female"
"9004153",371987,2025-06-15 17:54:20,42.6017150878906,-8.87665939331055,"Female"
"9004153",371987,2025-06-15 17:59:19,42.601734161377,-8.87668323516846,"Female"
"9004153",371987,2025-06-15 18:04:22,42.6018218994141,-8.87666797637939,"Female"
"9004153",371987,2025-06-15 18:09:23,42.6022567749023,-8.87629890441895,"Female"
"9004153",371987,2025-06-15 18:14:20,42.6028671264648,-8.87679672241211,"Female"
"9004153",371987,2025-06-15 18:19:22,42.6013298034668,-8.87674236297607,"Female"
"9004153",371987,2025-06-15 18:24:24,42.6019515991211,-8.8767786026001,"Female"
"9004153",371987,2025-06-15 18:29:29,42.6015663146973,-8.87665462493896,"Female"
"9004153",371987,2025-06-15 18:34:35,42.6015434265137,-8.8767261505127,"Female"
"9004153",371987,2025-06-15 18:39:24,42.6016578674316,-8.87673568725586,"Female"
"9004153",371987,2025-06-15 18:44:33,42.6015968322754,-8.87676334381104,"Female"
"9004153",371987,2025-06-15 18:49:44,42.6015014648438,-8.87660598754883,"Female"
"9004153",371987,2025-06-15 18:54:33,42.6011924743652,-8.87678146362305,"Female"
"9004153",371987,2025-06-15 18:59:40,42.6014022827148,-8.87661457061768,"Female"
"9004153",371987,2025-06-15 19:04:19,42.6014060974121,-8.87659072875977,"Female"
"9004153",371987,2025-06-15 19:09:20,42.6015167236328,-8.87648582458496,"Female"
"9004153",371987,2025-06-15 19:14:19,42.6012687683105,-8.87668037414551,"Female"
"9004153",371987,2025-06-15 19:19:19,42.6019248962402,-8.87663078308105,"Female"
"9004153",371987,2025-06-15 19:24:28,42.6023750305176,-8.87665748596191,"Female"
"9004153",371987,2025-06-15 19:29:19,42.6013412475586,-8.87661933898926,"Female"
"9004153",371987,2025-06-15 19:34:19,42.6013679504395,-8.87663459777832,"Female"
"9004153",371987,2025-06-15 19:39:19,42.6013641357422,-8.87664604187012,"Female"
"9004153",371987,2025-06-15 19:44:19,42.6022262573242,-8.87677192687988,"Female"
"9004153",371987,2025-06-15 19:49:44,42.6022300720215,-8.87679958343506,"Female"
"9004153",371987,2025-06-15 19:54:21,42.6022338867188,-8.87670612335205,"Female"
"9004153",371987,2025-06-15 19:59:30,42.6022338867188,-8.87680816650391,"Female"
"9004153",371987,2025-06-15 20:04:24,42.6023445129395,-8.87616920471191,"Female"
"9004153",371987,2025-06-15 20:09:53,42.6022872924805,-8.87670612335205,"Female"
"9004153",371987,2025-06-15 20:14:19,42.6023216247559,-8.87671375274658,"Female"
"9004153",371987,2025-06-15 20:19:19,42.6023254394531,-8.87674236297607,"Female"
"9004153",371987,2025-06-15 20:24:19,42.6023406982422,-8.87689113616943,"Female"
"9004153",371987,2025-06-15 20:29:19,42.6023597717285,-8.87686824798584,"Female"
"9004153",371987,2025-06-15 20:34:19,42.602367401123,-8.87702465057373,"Female"
"9004153",371987,2025-06-15 20:39:19,42.602352142334,-8.87694358825684,"Female"
"9004153",371987,2025-06-15 20:44:19,42.602237701416,-8.87661075592041,"Female"
"9004153",371987,2025-06-15 20:49:21,42.6024284362793,-8.87708282470703,"Female"
"9004153",371987,2025-06-15 20:54:32,42.6023330688477,-8.87684726715088,"Female"
"9004153",371987,2025-06-15 20:59:21,42.6022987365723,-8.87679862976074,"Female"
"9004153",371987,2025-06-15 21:04:41,42.6022682189941,-8.87667465209961,"Female"
"9004153",371987,2025-06-15 21:09:20,42.602165222168,-8.87638759613037,"Female"
"9004153",371987,2025-06-15 21:14:22,42.6021690368652,-8.8763256072998,"Female"
"9004153",371987,2025-06-15 21:19:21,42.6021957397461,-8.87643241882324,"Female"
"9004153",371987,2025-06-15 21:24:22,42.602294921875,-8.87663173675537,"Female"
"9004153",371987,2025-06-15 21:29:23,42.6021614074707,-8.87623596191406,"Female"
"9004153",371987,2025-06-15 21:34:21,42.6021728515625,-8.87636184692383,"Female"
"9004153",371987,2025-06-15 21:39:21,42.6023178100586,-8.87662506103516,"Female"
"9004153",371987,2025-06-15 21:44:38,42.6022567749023,-8.87646579742432,"Female"
"9004153",371987,2025-06-15 21:49:19,42.6022567749023,-8.87658977508545,"Female"
"9004153",371987,2025-06-15 21:54:44,42.6022911071777,-8.87670803070068,"Female"
"9004153",371987,2025-06-15 21:59:21,42.602222442627,-8.87655162811279,"Female"
"9004153",371987,2025-06-15 22:04:19,42.6021118164062,-8.87637615203857,"Female"
"9004153",371987,2025-06-15 22:09:20,42.6022644042969,-8.8765811920166,"Female"
"9004153",371987,2025-06-15 22:14:40,42.6022911071777,-8.87670707702637,"Female"
"9004153",371987,2025-06-15 22:19:53,42.6023063659668,-8.87671089172363,"Female"
"9004153",371987,2025-06-15 22:24:18,42.6023597717285,-8.87668037414551,"Female"
"9004153",371987,2025-06-15 22:29:18,42.6023292541504,-8.87673187255859,"Female"
"9004153",371987,2025-06-15 22:34:18,42.602352142334,-8.87670516967773,"Female"
"9004153",371987,2025-06-15 22:39:18,42.6023330688477,-8.87668895721436,"Female"
"9004153",371987,2025-06-15 22:44:18,42.6023025512695,-8.87666702270508,"Female"
"9004153",371987,2025-06-15 22:49:19,42.6023292541504,-8.87671566009521,"Female"
"9004153",371987,2025-06-15 22:54:19,42.6022796630859,-8.87669563293457,"Female"
"9004153",371987,2025-06-15 22:59:19,42.6022872924805,-8.87668418884277,"Female"
"9004153",371987,2025-06-15 23:04:19,42.6022987365723,-8.87672138214111,"Female"
"9004153",371987,2025-06-15 23:09:19,42.6023216247559,-8.87666893005371,"Female"
"9004153",371987,2025-06-15 23:14:19,42.6023368835449,-8.87671756744385,"Female"
"9004153",371987,2025-06-15 23:19:19,42.6022758483887,-8.8766622543335,"Female"
"9004153",371987,2025-06-15 23:24:18,42.6023292541504,-8.87672710418701,"Female"
"9004153",371987,2025-06-15 23:29:19,42.6023216247559,-8.87672805786133,"Female"
"9004153",371987,2025-06-15 23:34:19,42.6023368835449,-8.87669372558594,"Female"
"9004153",371987,2025-06-15 23:39:19,42.602352142334,-8.87676811218262,"Female"
"9004153",371987,2025-06-15 23:44:19,42.6022834777832,-8.87670135498047,"Female"
"9004153",371987,2025-06-15 23:49:19,42.6023941040039,-8.87671756744385,"Female"
"9004153",371987,2025-06-15 23:54:19,42.6023330688477,-8.87675762176514,"Female"
"9004153",371987,2025-06-15 23:59:19,42.6024894714355,-8.87677097320557,"Female"
"9004153",371987,2025-06-16 00:04:19,42.6023559570312,-8.87673091888428,"Female"
"9004153",371987,2025-06-16 00:09:19,42.6023101806641,-8.87673473358154,"Female"
"9004153",371987,2025-06-16 00:14:19,42.602367401123,-8.87673091888428,"Female"
"9004153",371987,2025-06-16 00:19:21,42.6023483276367,-8.87678623199463,"Female"
"9004153",371987,2025-06-16 00:24:22,42.6024131774902,-8.876784324646,"Female"
"9004153",371987,2025-06-16 00:29:21,42.6022109985352,-8.87677955627441,"Female"
"9004153",371987,2025-06-16 00:34:44,42.6023330688477,-8.87672519683838,"Female"
"9004153",371987,2025-06-16 00:39:19,42.6023712158203,-8.87677383422852,"Female"
"9004153",371987,2025-06-16 00:44:53,42.6023216247559,-8.87674045562744,"Female"
"9004153",371987,2025-06-16 00:49:18,42.6023483276367,-8.87674808502197,"Female"
"9004153",371987,2025-06-16 00:54:18,42.6023330688477,-8.87674331665039,"Female"
"9004153",371987,2025-06-16 00:59:18,42.6023559570312,-8.87669849395752,"Female"
"9004153",371987,2025-06-16 01:04:18,42.6024017333984,-8.87696838378906,"Female"
"9004153",371987,2025-06-16 01:09:18,42.6023788452148,-8.87683296203613,"Female"
"9004153",371987,2025-06-16 01:14:18,42.6023635864258,-8.8768367767334,"Female"
"9004153",371987,2025-06-16 01:19:19,42.6023483276367,-8.87672328948975,"Female"
"9004153",371987,2025-06-16 01:24:19,42.602424621582,-8.87697982788086,"Female"
"9004153",371987,2025-06-16 01:29:18,42.6023559570312,-8.87691307067871,"Female"
"9004153",371987,2025-06-16 01:34:19,42.6024322509766,-8.87672901153564,"Female"
"9004153",371987,2025-06-16 01:39:20,42.6023788452148,-8.87711334228516,"Female"
"9004153",371987,2025-06-16 01:44:20,42.6023979187012,-8.87661552429199,"Female"
"9004153",371987,2025-06-16 01:49:19,42.6023788452148,-8.87710189819336,"Female"
"9004153",371987,2025-06-16 01:54:19,42.6023445129395,-8.87688159942627,"Female"
"9004153",371987,2025-06-16 01:59:21,42.6025314331055,-8.87678050994873,"Female"
"9004153",371987,2025-06-16 02:04:20,42.6025657653809,-8.87675380706787,"Female"
"9004153",371987,2025-06-16 02:09:22,42.6026268005371,-8.8767032623291,"Female"
"9004153",371987,2025-06-16 02:14:19,42.602481842041,-8.87674522399902,"Female"
"9004153",371987,2025-06-16 02:19:19,42.6024703979492,-8.87677192687988,"Female"
"9004153",371987,2025-06-16 02:24:19,42.6024284362793,-8.87681102752686,"Female"
"9004153",371987,2025-06-16 02:29:19,42.6025161743164,-8.87685585021973,"Female"
"9004153",371987,2025-06-16 02:34:20,42.6024475097656,-8.87679004669189,"Female"
"9004153",371987,2025-06-16 02:39:24,42.6025505065918,-8.87687683105469,"Female"
"9004153",371987,2025-06-16 02:44:19,42.6024780273438,-8.87679576873779,"Female"
"9004153",371987,2025-06-16 02:49:19,42.6025123596191,-8.87686157226562,"Female"
"9004153",371987,2025-06-16 02:54:21,42.6024551391602,-8.87684059143066,"Female"
"9004153",371987,2025-06-16 02:59:21,42.6026573181152,-8.87697315216064,"Female"
"9004153",371987,2025-06-16 03:04:21,42.6025390625,-8.87689208984375,"Female"
"9004153",371987,2025-06-16 03:09:19,42.6025657653809,-8.87688064575195,"Female"
"9004153",371987,2025-06-16 03:14:19,42.6027183532715,-8.87707424163818,"Female"
"9004153",371987,2025-06-16 03:19:20,42.6025695800781,-8.8769063949585,"Female"
"9004153",371987,2025-06-16 03:24:44,42.6022758483887,-8.87668895721436,"Female"
"9004153",371987,2025-06-16 03:29:19,42.6023063659668,-8.87666606903076,"Female"
"9004153",371987,2025-06-16 03:34:19,42.6022758483887,-8.87662601470947,"Female"
"9004153",371987,2025-06-16 03:39:19,42.6022834777832,-8.87664985656738,"Female"
"9004153",371987,2025-06-16 03:44:19,42.6022720336914,-8.87662982940674,"Female"
"9004153",371987,2025-06-16 03:49:44,42.6022567749023,-8.87663078308105,"Female"
"9004153",371987,2025-06-16 03:54:19,42.6022720336914,-8.87670707702637,"Female"
"9004153",371987,2025-06-16 03:59:19,42.6023101806641,-8.87664127349854,"Female"
"9004153",371987,2025-06-16 04:04:21,42.6022605895996,-8.87664985656738,"Female"
"9004153",371987,2025-06-16 04:09:23,42.6025199890137,-8.87684440612793,"Female"
"9004153",371987,2025-06-16 04:14:21,42.6023712158203,-8.87674236297607,"Female"
"9004153",371987,2025-06-16 04:19:22,42.6023597717285,-8.87668704986572,"Female"
"9004153",371987,2025-06-16 04:24:53,42.6024208068848,-8.87680339813232,"Female"
"9004153",371987,2025-06-16 04:29:18,42.602294921875,-8.87688732147217,"Female"
"9004153",371987,2025-06-16 04:34:18,42.6023445129395,-8.87684059143066,"Female"
"9004153",371987,2025-06-16 04:39:19,42.6025123596191,-8.8767204284668,"Female"
"9004153",371987,2025-06-16 04:44:18,42.6022415161133,-8.87687301635742,"Female"
"9004153",371987,2025-06-16 04:49:19,42.6023559570312,-8.87685298919678,"Female"
"9004153",371987,2025-06-16 04:54:19,42.6023483276367,-8.87683391571045,"Female"
"9004153",371987,2025-06-16 04:59:19,42.6023826599121,-8.87678146362305,"Female"
"9004153",371987,2025-06-16 05:04:19,42.6023788452148,-8.87682342529297,"Female"
"9004153",371987,2025-06-16 05:09:19,42.601993560791,-8.87686729431152,"Female"
"9004153",371987,2025-06-16 05:14:19,42.6020240783691,-8.87680625915527,"Female"
"9004153",371987,2025-06-16 05:19:19,42.6020278930664,-8.87671375274658,"Female"
"9004153",371987,2025-06-16 05:24:19,42.6019821166992,-8.87672328948975,"Female"
"9004153",371987,2025-06-16 05:29:19,42.6020965576172,-8.87674427032471,"Female"
"9004153",371987,2025-06-16 05:34:19,42.601936340332,-8.87689399719238,"Female"
"9004153",371987,2025-06-16 05:39:19,42.602165222168,-8.87679767608643,"Female"
"9004153",371987,2025-06-16 05:44:19,42.6020660400391,-8.87678241729736,"Female"
"9004153",371987,2025-06-16 05:49:19,42.60205078125,-8.87687206268311,"Female"
"9004153",371987,2025-06-16 05:54:25,42.6020965576172,-8.87678337097168,"Female"
"9004153",371987,2025-06-16 05:59:19,42.6021308898926,-8.87670707702637,"Female"
"9004153",371987,2025-06-16 06:04:25,42.6020431518555,-8.87675380706787,"Female"
"9004153",371987,2025-06-16 06:09:21,42.6019401550293,-8.87663650512695,"Female"
"9004153",371987,2025-06-16 06:14:19,42.6020851135254,-8.87650585174561,"Female"
"9004153",371987,2025-06-16 06:19:19,42.6020889282227,-8.87650489807129,"Female"
"9004153",371987,2025-06-16 06:24:30,42.60107421875,-8.87281894683838,"Female"
"9004153",371987,2025-06-16 06:29:40,42.6007766723633,-8.8709077835083,"Female"
"9004153",371987,2025-06-16 06:34:39,42.6001358032227,-8.87124919891357,"Female"
"9004153",371987,2025-06-16 06:39:40,42.601203918457,-8.87333583831787,"Female"
"9004153",371987,2025-06-16 06:44:39,42.601863861084,-8.87699508666992,"Female"
"9004153",371987,2025-06-16 06:49:42,42.6015548706055,-8.876389503479,"Female"
"9004153",371987,2025-06-16 06:54:43,42.6015129089355,-8.87641143798828,"Female"
"9004153",371987,2025-06-16 06:59:47,42.6017150878906,-8.87677383422852,"Female"
"9004153",371987,2025-06-16 07:04:39,42.6016311645508,-8.87665748596191,"Female"
"9004153",371987,2025-06-16 07:09:41,42.6016387939453,-8.87651920318604,"Female"
"9004153",371987,2025-06-16 07:14:49,42.6016807556152,-8.87670993804932,"Female"
"9004153",371987,2025-06-16 07:19:50,42.6017265319824,-8.87674713134766,"Female"
"9004153",371987,2025-06-16 07:24:50,42.6016845703125,-8.87672710418701,"Female"
"9004153",371987,2025-06-16 07:29:50,42.6016998291016,-8.87674903869629,"Female"
"9004153",371987,2025-06-16 07:34:50,42.6016693115234,-8.87668037414551,"Female"
"9004153",371987,2025-06-16 07:39:50,42.601692199707,-8.87675952911377,"Female"
"9004153",371987,2025-06-16 07:44:50,42.6017112731934,-8.8767728805542,"Female"
"9004153",371987,2025-06-16 07:49:50,42.6017112731934,-8.87669944763184,"Female"
"9004153",371987,2025-06-16 07:54:49,42.6016578674316,-8.87666893005371,"Female"
"9004153",371987,2025-06-16 08:00:05,42.6016044616699,-8.87662506103516,"Female"
"9004153",371987,2025-06-16 08:04:38,42.6016387939453,-8.8766393661499,"Female"
"9004153",371987,2025-06-16 08:10:00,42.6015548706055,-8.8766450881958,"Female"
"9004153",371987,2025-06-16 08:15:09,42.6014633178711,-8.8768892288208,"Female"
"9004153",371987,2025-06-16 08:20:05,42.6015777587891,-8.87657451629639,"Female"
"9004153",371987,2025-06-16 08:24:39,42.6015853881836,-8.87658214569092,"Female"
"9004153",371987,2025-06-16 08:29:39,42.6014938354492,-8.87426662445068,"Female"
"9004153",371987,2025-06-16 08:34:39,42.6014442443848,-8.87425422668457,"Female"
"9004153",371987,2025-06-16 08:39:39,42.6014633178711,-8.87427616119385,"Female"
"9004153",371987,2025-06-16 08:44:40,42.6005020141602,-8.87065696716309,"Female"
"9004153",371987,2025-06-16 08:52:07,42.6006393432617,-8.87032604217529,"Female"
"9004153",371987,2025-06-16 08:58:05,42.6004486083984,-8.86935520172119,"Female"
"9004153",371987,2025-06-16 09:03:38,42.6007995605469,-8.87019634246826,"Female"
"9004153",371987,2025-06-16 09:08:37,42.6022644042969,-8.87097549438477,"Female"
"9004153",371987,2025-06-16 09:13:38,42.6033554077148,-8.872878074646,"Female"
"9004153",371987,2025-06-16 09:18:38,42.6033515930176,-8.87281799316406,"Female"
"9004153",371987,2025-06-16 09:23:37,42.603458404541,-8.87320804595947,"Female"
"9004153",371987,2025-06-16 09:28:37,42.6034126281738,-8.87310123443604,"Female"
"9004153",371987,2025-06-16 09:33:38,42.6032485961914,-8.87268447875977,"Female"
"9004153",371987,2025-06-16 09:38:38,42.6033172607422,-8.87276840209961,"Female"
"9004153",371987,2025-06-16 09:43:38,42.6031494140625,-8.87230014801025,"Female"
"9004153",371987,2025-06-16 09:48:38,42.603141784668,-8.87237548828125,"Female"
"9004153",371987,2025-06-16 09:53:39,42.60302734375,-8.87209033966064,"Female"
"9004153",371987,2025-06-16 09:58:41,42.6030464172363,-8.8720703125,"Female"
"9004153",371987,2025-06-16 10:03:41,42.6025085449219,-8.87074375152588,"Female"
"9004153",371987,2025-06-16 10:08:38,42.6033592224121,-8.87290000915527,"Female"
"9004153",371987,2025-06-16 10:13:38,42.6037216186523,-8.87315464019775,"Female"
"9004153",371987,2025-06-16 10:18:37,42.6034393310547,-8.87307167053223,"Female"
"9004153",371987,2025-06-16 10:23:40,42.6036376953125,-8.87314796447754,"Female"
"9004153",371987,2025-06-16 10:28:36,42.6035194396973,-8.87319183349609,"Female"
"9004153",371987,2025-06-16 10:33:36,42.6035308837891,-8.87314701080322,"Female"
"9004153",371987,2025-06-16 10:38:40,42.6035957336426,-8.87314224243164,"Female"
"9004153",371987,2025-06-16 10:43:43,42.6036911010742,-8.87294483184814,"Female"
"9004153",371987,2025-06-16 10:49:05,42.6034965515137,-8.87316703796387,"Female"
"9004153",371987,2025-06-16 10:53:40,42.6034469604492,-8.87345409393311,"Female"
"9004153",371987,2025-06-16 10:58:35,42.6034545898438,-8.87333869934082,"Female"
"9004153",371987,2025-06-16 11:03:48,42.6034812927246,-8.87315273284912,"Female"
"9004153",371987,2025-06-16 11:08:39,42.6034851074219,-8.87281703948975,"Female"
"9004153",371987,2025-06-16 11:13:48,42.6034812927246,-8.87317085266113,"Female"
"9004153",371987,2025-06-16 11:18:36,42.6035118103027,-8.87356567382812,"Female"
"9004153",371987,2025-06-16 11:23:48,42.6034889221191,-8.87316417694092,"Female"
"9004153",371987,2025-06-16 11:28:38,42.6035346984863,-8.87290382385254,"Female"
"9004153",371987,2025-06-16 11:33:39,42.6034851074219,-8.87282371520996,"Female"
"9004153",371987,2025-06-16 11:38:39,42.6034774780273,-8.87268257141113,"Female"
"9004153",371987,2025-06-16 11:43:37,42.6034774780273,-8.87277030944824,"Female"
"9004153",371987,2025-06-16 11:48:38,42.6046028137207,-8.87289047241211,"Female"
"9004153",371987,2025-06-16 11:54:21,42.6049385070801,-8.87334251403809,"Female"
"9004153",371987,2025-06-16 11:59:17,42.6034851074219,-8.87264633178711,"Female"
"9004153",371987,2025-06-16 12:04:24,42.6036071777344,-8.87310791015625,"Female"
"9004153",371987,2025-06-16 12:09:17,42.603687286377,-8.8735876083374,"Female"
"9004153",371987,2025-06-16 12:14:24,42.6034965515137,-8.87304878234863,"Female"
"9004153",371987,2025-06-16 12:19:33,42.6006088256836,-8.87399673461914,"Female"
"9004153",371987,2025-06-16 12:24:16,42.6001129150391,-8.87412357330322,"Female"
"9004153",371987,2025-06-16 12:29:15,42.5998878479004,-8.8736047744751,"Female"
"9004153",371987,2025-06-16 12:34:15,42.5999526977539,-8.87355709075928,"Female"
"9004153",371987,2025-06-16 12:39:36,42.6000022888184,-8.87469673156738,"Female"
"9004153",371987,2025-06-16 12:45:04,42.5995445251465,-8.87661075592041,"Female"
"9004153",371987,2025-06-16 12:50:03,42.6007232666016,-8.87549304962158,"Female"
"9004153",371987,2025-06-16 12:56:01,42.600658416748,-8.87452602386475,"Female"
"9004153",371987,2025-06-16 13:01:31,42.6000633239746,-8.87655639648438,"Female"
"9004153",371987,2025-06-16 13:06:55,42.6005249023438,-8.87567806243896,"Female"
"9004153",371987,2025-06-16 13:12:11,42.6012115478516,-8.87489414215088,"Female"
"9004153",371987,2025-06-16 13:17:11,42.6015472412109,-8.87433052062988,"Female"
"9004153",371987,2025-06-16 13:22:10,42.6016883850098,-8.87419319152832,"Female"
"9004153",371987,2025-06-16 13:27:11,42.6017684936523,-8.87421607971191,"Female"
"9004153",371987,2025-06-16 13:32:11,42.6014823913574,-8.87405776977539,"Female"
"9004153",371987,2025-06-16 13:37:11,42.6014709472656,-8.87429618835449,"Female"
"9004153",371987,2025-06-16 13:42:11,42.6014823913574,-8.87421131134033,"Female"
"9004153",371987,2025-06-16 13:47:11,42.6014213562012,-8.87423896789551,"Female"
"9004153",371987,2025-06-16 13:52:11,42.6015090942383,-8.87415218353271,"Female"
"9004153",371987,2025-06-16 13:57:11,42.6013450622559,-8.87423992156982,"Female"
"9004153",371987,2025-06-16 14:02:11,42.6013336181641,-8.87433052062988,"Female"
"9004153",371987,2025-06-16 14:07:11,42.6014213562012,-8.87429904937744,"Female"
"9004153",371987,2025-06-16 14:12:11,42.6014137268066,-8.87432289123535,"Female"
"9004153",371987,2025-06-16 14:17:11,42.6014442443848,-8.87430286407471,"Female"
"9004153",371987,2025-06-16 14:22:11,42.6015319824219,-8.87435245513916,"Female"
"9004153",371987,2025-06-16 14:27:12,42.6014213562012,-8.87434005737305,"Female"
"9004153",371987,2025-06-16 14:32:11,42.6014022827148,-8.87430763244629,"Female"
"9004153",371987,2025-06-16 14:37:12,42.6015243530273,-8.87454414367676,"Female"
"9004153",371987,2025-06-16 14:42:50,42.6015319824219,-8.87465667724609,"Female"
"9004153",371987,2025-06-16 14:47:48,42.6019401550293,-8.8754301071167,"Female"
"9004153",371987,2025-06-16 14:52:52,42.6026954650879,-8.87571907043457,"Female"
"9004153",371987,2025-06-16 14:57:49,42.6030616760254,-8.87594127655029,"Female"
"9004153",371987,2025-06-16 15:02:52,42.6016540527344,-8.87633323669434,"Female"
"9004153",371987,2025-06-16 15:07:56,42.601390838623,-8.87669944763184,"Female"
"9004153",371987,2025-06-16 15:13:15,42.6013412475586,-8.87659168243408,"Female"
"9004153",371987,2025-06-16 15:17:47,42.6013603210449,-8.87673759460449,"Female"
"9004153",371987,2025-06-16 15:22:48,42.601448059082,-8.87661552429199,"Female"
"9004153",371987,2025-06-16 15:27:48,42.6015014648438,-8.87665271759033,"Female"
"9004153",371987,2025-06-16 15:32:47,42.6015243530273,-8.87665557861328,"Female"
"9004153",371987,2025-06-16 15:37:47,42.6014671325684,-8.87665462493896,"Female"
"9004153",371987,2025-06-16 15:42:47,42.6013488769531,-8.8766040802002,"Female"
"9004153",371987,2025-06-16 15:48:14,42.601448059082,-8.87664794921875,"Female"
"9004153",371987,2025-06-16 15:52:47,42.6015090942383,-8.87668323516846,"Female"
"9004153",371987,2025-06-16 15:57:59,42.6014823913574,-8.87659072875977,"Female"
"9004153",371987,2025-06-16 16:02:46,42.6015281677246,-8.87662982940674,"Female"
"9004153",371987,2025-06-16 16:07:46,42.6015243530273,-8.87667560577393,"Female"
"9004153",371987,2025-06-16 16:12:49,42.6014862060547,-8.87659645080566,"Female"
"9004153",371987,2025-06-16 16:17:48,42.6014556884766,-8.87657451629639,"Female"
"9004153",371987,2025-06-16 16:22:47,42.6015625,-8.87670993804932,"Female"
"9004153",371987,2025-06-16 16:27:54,42.6015701293945,-8.87654113769531,"Female"
"9004153",371987,2025-06-16 16:32:51,42.6014175415039,-8.87653255462646,"Female"
"9004153",371987,2025-06-16 16:37:47,42.6016082763672,-8.8766918182373,"Female"
"9004153",371987,2025-06-16 16:42:47,42.6016731262207,-8.87649250030518,"Female"
"9004153",371987,2025-06-16 16:48:14,42.6015396118164,-8.87655162811279,"Female"
"9004153",371987,2025-06-16 16:52:47,42.6016044616699,-8.87651062011719,"Female"
"9004153",371987,2025-06-16 16:57:48,42.6016044616699,-8.87656307220459,"Female"
"9004153",371987,2025-06-16 17:02:48,42.6015892028809,-8.87637424468994,"Female"
"9004153",371987,2025-06-16 17:07:51,42.6014976501465,-8.87619400024414,"Female"
"9004153",371987,2025-06-16 17:12:51,42.6013946533203,-8.87618255615234,"Female"
"9004153",371987,2025-06-16 17:17:48,42.6014862060547,-8.87642288208008,"Female"
"9004153",371987,2025-06-16 17:22:49,42.6012191772461,-8.87618637084961,"Female"
"9004153",371987,2025-06-16 17:27:54,42.6010131835938,-8.87591075897217,"Female"
"9004153",371987,2025-06-16 17:32:54,42.6008987426758,-8.87592601776123,"Female"
"9004153",371987,2025-06-16 17:38:23,42.6014137268066,-8.87658596038818,"Female"
"9004153",371987,2025-06-16 17:42:46,42.6014366149902,-8.87662696838379,"Female"
"9004153",371987,2025-06-16 17:47:46,42.6013717651367,-8.87655639648438,"Female"
"9004153",371987,2025-06-16 17:52:46,42.6013870239258,-8.87656497955322,"Female"
"9004153",371987,2025-06-16 17:57:46,42.6014022827148,-8.87654876708984,"Female"
"9004153",371987,2025-06-16 18:02:47,42.6013832092285,-8.87656211853027,"Female"
"9004153",371987,2025-06-16 18:07:47,42.6013679504395,-8.87654304504395,"Female"
"9004153",371987,2025-06-16 18:12:47,42.6014595031738,-8.87665271759033,"Female"
"9004153",371987,2025-06-16 18:17:47,42.6013793945312,-8.87656879425049,"Female"
"9004153",371987,2025-06-16 18:22:47,42.6013565063477,-8.87656021118164,"Female"
"9004153",371987,2025-06-16 18:27:47,42.6013679504395,-8.87655925750732,"Female"
"9004153",371987,2025-06-16 18:32:47,42.6015892028809,-8.87676334381104,"Female"
"9004153",371987,2025-06-16 18:37:47,42.6015243530273,-8.87674236297607,"Female"
"9004153",371987,2025-06-16 18:42:47,42.6013679504395,-8.87656211853027,"Female"
"9004153",371987,2025-06-16 18:47:47,42.601432800293,-8.87654590606689,"Female"
"9004153",371987,2025-06-16 18:52:47,42.6015472412109,-8.87671756744385,"Female"
"9004153",371987,2025-06-16 18:57:47,42.6017036437988,-8.87687969207764,"Female"
"9004153",371987,2025-06-16 19:02:47,42.6015701293945,-8.87682247161865,"Female"
"9004153",371987,2025-06-16 19:07:49,42.6014137268066,-8.87653255462646,"Female"
"9004153",371987,2025-06-16 19:12:50,42.6012725830078,-8.87628936767578,"Female"
"9004153",371987,2025-06-16 19:17:51,42.6015396118164,-8.87682437896729,"Female"
"9004153",371987,2025-06-16 19:22:47,42.6016387939453,-8.87690258026123,"Female"
"9004153",371987,2025-06-16 19:27:47,42.6014747619629,-8.87674713134766,"Female"
"9004153",371987,2025-06-16 19:32:47,42.6014595031738,-8.87674140930176,"Female"
"9004153",371987,2025-06-16 19:37:47,42.6015167236328,-8.87676906585693,"Female"
"9004153",371987,2025-06-16 19:43:14,42.6013832092285,-8.87651824951172,"Female"
"9004153",371987,2025-06-16 19:47:49,42.6022644042969,-8.87657928466797,"Female"
"9004153",371987,2025-06-16 19:52:52,42.6026954650879,-8.8774881362915,"Female"
"9004153",371987,2025-06-16 19:58:23,42.602367401123,-8.87673377990723,"Female"
"9004153",371987,2025-06-16 20:02:46,42.6023216247559,-8.87672328948975,"Female"
"9004153",371987,2025-06-16 20:07:46,42.6022529602051,-8.8767728805542,"Female"
"9004153",371987,2025-06-16 20:12:46,42.6022644042969,-8.87682819366455,"Female"
"9004153",371987,2025-06-16 20:17:46,42.6022262573242,-8.87676334381104,"Female"
"9004153",371987,2025-06-16 20:22:46,42.6021881103516,-8.87682914733887,"Female"
"9004153",371987,2025-06-16 20:27:46,42.6022720336914,-8.87675380706787,"Female"
"9004153",371987,2025-06-16 20:32:46,42.6023063659668,-8.87675952911377,"Female"
"9004153",371987,2025-06-16 20:37:46,42.6023712158203,-8.87670993804932,"Female"
"9004153",371987,2025-06-16 20:42:46,42.6023635864258,-8.87667369842529,"Female"
"9004153",371987,2025-06-16 20:47:46,42.6023139953613,-8.8767728805542,"Female"
"9004153",371987,2025-06-16 20:52:46,42.6024055480957,-8.8766622543335,"Female"
"9004153",371987,2025-06-16 20:57:46,42.6023368835449,-8.8767261505127,"Female"
"9004153",371987,2025-06-16 21:02:46,42.6023712158203,-8.87670040130615,"Female"
"9004153",371987,2025-06-16 21:07:47,42.6022529602051,-8.87673950195312,"Female"
"9004153",371987,2025-06-16 21:12:46,42.6023979187012,-8.87672996520996,"Female"
"9004153",371987,2025-06-16 21:17:46,42.6023788452148,-8.8767147064209,"Female"
"9004153",371987,2025-06-16 21:22:46,42.6023788452148,-8.87671756744385,"Female"
"9004153",371987,2025-06-16 21:27:47,42.6024322509766,-8.87673091888428,"Female"
"9004153",371987,2025-06-16 21:32:47,42.6023712158203,-8.87673282623291,"Female"
"9004153",371987,2025-06-16 21:37:47,42.602367401123,-8.87674903869629,"Female"
"9004153",371987,2025-06-16 21:42:46,42.6023902893066,-8.87673187255859,"Female"
"9004153",371987,2025-06-16 21:47:47,42.6021690368652,-8.87652683258057,"Female"
"9004153",371987,2025-06-16 21:52:47,42.6024169921875,-8.87685871124268,"Female"
"9004153",371987,2025-06-16 21:57:47,42.6025047302246,-8.87685489654541,"Female"
"9004153",371987,2025-06-16 22:02:48,42.6022033691406,-8.87655830383301,"Female"
"9004153",371987,2025-06-16 22:07:54,42.6021537780762,-8.87648868560791,"Female"
"9004153",371987,2025-06-16 22:12:52,42.6022911071777,-8.87663650512695,"Female"
"9004153",371987,2025-06-16 22:17:47,42.6023139953613,-8.87668323516846,"Female"
"9004153",371987,2025-06-16 22:22:49,42.6023330688477,-8.87670707702637,"Female"
"9004153",371987,2025-06-16 22:27:48,42.6024131774902,-8.87677764892578,"Female"
"9004153",371987,2025-06-16 22:32:52,42.6022834777832,-8.87680435180664,"Female"
"9004153",371987,2025-06-16 22:38:09,42.6024322509766,-8.87649345397949,"Female"
"9004153",371987,2025-06-16 22:43:11,42.6023788452148,-8.87680816650391,"Female"
"9004153",371987,2025-06-16 22:47:49,42.6024017333984,-8.8769588470459,"Female"
"9004153",371987,2025-06-16 22:52:47,42.6024742126465,-8.8768138885498,"Female"
"9004153",371987,2025-06-16 22:57:57,42.6021881103516,-8.87666702270508,"Female"
"9004153",371987,2025-06-16 23:02:49,42.6023712158203,-8.87648963928223,"Female"
"9004153",371987,2025-06-16 23:07:54,42.6022338867188,-8.8765983581543,"Female"
"9004153",371987,2025-06-16 23:12:51,42.6023597717285,-8.87669658660889,"Female"
"9004153",371987,2025-06-16 23:17:49,42.6023330688477,-8.87673664093018,"Female"
"9004153",371987,2025-06-16 23:22:49,42.6023292541504,-8.87690258026123,"Female"
"9004153",371987,2025-06-16 23:27:50,42.6023368835449,-8.87686634063721,"Female"
"9004153",371987,2025-06-16 23:33:14,42.6023292541504,-8.87668895721436,"Female"
"9004153",371987,2025-06-16 23:37:48,42.6022796630859,-8.87650489807129,"Female"
"9004153",371987,2025-06-16 23:42:47,42.6022338867188,-8.8763256072998,"Female"
"9004153",371987,2025-06-16 23:47:48,42.6023750305176,-8.87673473358154,"Female"
"9004153",371987,2025-06-16 23:52:51,42.6024169921875,-8.87658309936523,"Female"
"9004153",371987,2025-06-16 23:58:05,42.6022453308105,-8.87659549713135,"Female"
"9004153",371987,2025-06-17 00:02:47,42.6024208068848,-8.87710475921631,"Female"
"9004153",371987,2025-06-17 00:07:52,42.602294921875,-8.87654972076416,"Female"
"9004153",371987,2025-06-17 00:12:52,42.6022338867188,-8.8765287399292,"Female"
"9004153",371987,2025-06-17 00:17:51,42.6023979187012,-8.87698268890381,"Female"
"9004153",371987,2025-06-17 00:22:54,42.6022491455078,-8.87659549713135,"Female"
"9004153",371987,2025-06-17 00:27:49,42.6022758483887,-8.87660503387451,"Female"
"9004153",371987,2025-06-17 00:33:23,42.602367401123,-8.8766975402832,"Female"
"9004153",371987,2025-06-17 00:37:46,42.602409362793,-8.87676620483398,"Female"
"9004153",371987,2025-06-17 00:42:46,42.6024055480957,-8.87679576873779,"Female"
"9004153",371987,2025-06-17 00:47:47,42.6023902893066,-8.87675189971924,"Female"
"9004153",371987,2025-06-17 00:52:46,42.6024475097656,-8.87702178955078,"Female"
"9004153",371987,2025-06-17 00:57:46,42.6023712158203,-8.87674999237061,"Female"
"9004153",371987,2025-06-17 01:02:49,42.602367401123,-8.87671756744385,"Female"
"9004153",371987,2025-06-17 01:07:47,42.6024055480957,-8.87670230865479,"Female"
"9004153",371987,2025-06-17 01:12:47,42.6024284362793,-8.87692356109619,"Female"
"9004153",371987,2025-06-17 01:17:46,42.6025123596191,-8.87693881988525,"Female"
"9004153",371987,2025-06-17 01:22:47,42.6023750305176,-8.87665462493896,"Female"
"9004153",371987,2025-06-17 01:27:46,42.6024017333984,-8.87639331817627,"Female"
"9004153",371987,2025-06-17 01:33:00,42.6024513244629,-8.87663555145264,"Female"
"9004153",371987,2025-06-17 01:37:49,42.6024627685547,-8.87662887573242,"Female"
"9004153",371987,2025-06-17 01:42:47,42.6023712158203,-8.87686824798584,"Female"
"9004153",371987,2025-06-17 01:48:11,42.6023902893066,-8.87668895721436,"Female"
"9004153",371987,2025-06-17 01:52:47,42.6024017333984,-8.8765344619751,"Female"
"9004153",371987,2025-06-17 01:57:47,42.6024894714355,-8.87662696838379,"Female"
"9004153",371987,2025-06-17 02:02:47,42.6023635864258,-8.8767147064209,"Female"
"9004153",371987,2025-06-17 02:07:47,42.6024475097656,-8.87666893005371,"Female"
"9004153",371987,2025-06-17 02:12:47,42.602352142334,-8.87676048278809,"Female"
"9004153",371987,2025-06-17 02:17:47,42.602222442627,-8.87703132629395,"Female"
"9004153",371987,2025-06-17 02:22:47,42.6024894714355,-8.87673091888428,"Female"
"9004153",371987,2025-06-17 02:27:47,42.6022682189941,-8.8766508102417,"Female"
"9004153",371987,2025-06-17 02:32:49,42.6022109985352,-8.87662601470947,"Female"
"9004153",371987,2025-06-17 02:37:47,42.6020164489746,-8.87655925750732,"Female"
"9004153",371987,2025-06-17 02:42:47,42.6022186279297,-8.87662220001221,"Female"
"9004153",371987,2025-06-17 02:47:48,42.6024589538574,-8.87691211700439,"Female"
"9004153",371987,2025-06-17 02:52:49,42.602668762207,-8.8769702911377,"Female"
"9004153",371987,2025-06-17 02:57:48,42.6026039123535,-8.87695789337158,"Female"
"9004153",371987,2025-06-17 03:02:47,42.6025543212891,-8.87692832946777,"Female"
"9004153",371987,2025-06-17 03:07:59,42.6026878356934,-8.87697410583496,"Female"
"9004153",371987,2025-06-17 03:12:48,42.6027030944824,-8.87695789337158,"Female"
"9004153",371987,2025-06-17 03:18:11,42.6023788452148,-8.87673377990723,"Female"
"9004153",371987,2025-06-17 03:22:47,42.6023902893066,-8.87671375274658,"Female"
"9004153",371987,2025-06-17 03:27:47,42.6023826599121,-8.87672519683838,"Female"
"9004153",371987,2025-06-17 03:32:47,42.6022796630859,-8.87655258178711,"Female"
"9004153",371987,2025-06-17 03:37:47,42.6023635864258,-8.87676906585693,"Female"
"9004153",371987,2025-06-17 03:42:49,42.6023635864258,-8.87671661376953,"Female"
"9004153",371987,2025-06-17 03:48:14,42.6023635864258,-8.87672805786133,"Female"
"9004153",371987,2025-06-17 03:52:47,42.6021842956543,-8.87660121917725,"Female"
"9004153",371987,2025-06-17 03:57:53,42.6024742126465,-8.87680721282959,"Female"
"9004153",371987,2025-06-17 04:02:49,42.6021842956543,-8.8765926361084,"Female"
"9004153",371987,2025-06-17 04:08:06,42.6026496887207,-8.87714767456055,"Female"
"9004153",371987,2025-06-17 04:13:08,42.6024551391602,-8.87693786621094,"Female"
"9004153",371987,2025-06-17 04:18:23,42.6022300720215,-8.87679290771484,"Female"
"9004153",371987,2025-06-17 04:22:46,42.6021194458008,-8.87715530395508,"Female"
"9004153",371987,2025-06-17 04:27:46,42.6021728515625,-8.87691879272461,"Female"
"9004153",371987,2025-06-17 04:32:46,42.6022186279297,-8.87673282623291,"Female"
"9004153",371987,2025-06-17 04:37:46,42.6021614074707,-8.87662029266357,"Female"
"9004153",371987,2025-06-17 04:42:46,42.6021194458008,-8.8765344619751,"Female"
"9004153",371987,2025-06-17 04:47:46,42.6022338867188,-8.87676239013672,"Female"
"9004153",371987,2025-06-17 04:52:46,42.6022605895996,-8.87672328948975,"Female"
"9004153",371987,2025-06-17 04:57:47,42.6022033691406,-8.87667560577393,"Female"
"9004153",371987,2025-06-17 05:02:46,42.6022720336914,-8.87669277191162,"Female"
"9004153",371987,2025-06-17 05:07:46,42.6022491455078,-8.87678623199463,"Female"
"9004153",371987,2025-06-17 05:12:46,42.602352142334,-8.87674713134766,"Female"
"9004153",371987,2025-06-17 05:17:47,42.6023101806641,-8.87656593322754,"Female"
"9004153",371987,2025-06-17 05:22:46,42.6021881103516,-8.87635040283203,"Female"
"9004153",371987,2025-06-17 05:27:46,42.6013717651367,-8.8766508102417,"Female"
"9004153",371987,2025-06-17 05:32:46,42.601448059082,-8.87674808502197,"Female"
"9004153",371987,2025-06-17 05:37:46,42.6023406982422,-8.87684726715088,"Female"
"9004153",371987,2025-06-17 05:42:46,42.6023941040039,-8.87686538696289,"Female"
"9004153",371987,2025-06-17 05:47:46,42.6023445129395,-8.87680053710938,"Female"
"9004153",371987,2025-06-17 05:52:47,42.6024017333984,-8.87685680389404,"Female"
"9004153",371987,2025-06-17 05:57:46,42.6023368835449,-8.87680530548096,"Female"
"9004153",371987,2025-06-17 06:02:46,42.6082191467285,-8.87092304229736,"Female"
"9004153",371987,2025-06-17 06:08:23,42.6068801879883,-8.87186336517334,"Female"
"9004153",371987,2025-06-17 06:13:22,42.6062660217285,-8.87264537811279,"Female"
"9004153",371987,2025-06-17 06:18:47,42.6057662963867,-8.87426471710205,"Female"
"9004153",371987,2025-06-17 06:23:53,42.6049690246582,-8.87529850006104,"Female"
"9004153",371987,2025-06-17 06:28:54,42.6055755615234,-8.87506675720215,"Female"
"9004153",371987,2025-06-17 06:34:47,42.6045188903809,-8.87393760681152,"Female"
"9004153",371987,2025-06-17 06:39:45,42.6033401489258,-8.87304210662842,"Female"
"9004153",371987,2025-06-17 06:44:45,42.6035118103027,-8.87323474884033,"Female"
"9004153",371987,2025-06-17 06:49:46,42.6033210754395,-8.87310123443604,"Female"
"9004153",371987,2025-06-17 06:54:44,42.6033477783203,-8.87303924560547,"Female"
"9004153",371987,2025-06-17 06:59:45,42.6015014648438,-8.87427520751953,"Female"
"9004153",371987,2025-06-17 07:04:45,42.6013221740723,-8.87396430969238,"Female"
"9004153",371987,2025-06-17 07:09:46,42.6017684936523,-8.87459278106689,"Female"
"9004153",371987,2025-06-17 07:14:44,42.6014366149902,-8.87405776977539,"Female"
"9004153",371987,2025-06-17 07:19:48,42.6014556884766,-8.87406063079834,"Female"
"9004153",371987,2025-06-17 07:24:48,42.6013870239258,-8.87403869628906,"Female"
"9004153",371987,2025-06-17 07:29:47,42.6012344360352,-8.87356853485107,"Female"
"9004153",371987,2025-06-17 07:35:05,42.6015319824219,-8.8742151260376,"Female"
"9004153",371987,2025-06-17 07:39:44,42.6015701293945,-8.87419414520264,"Female"
"9004153",371987,2025-06-17 07:44:44,42.6015014648438,-8.87426567077637,"Female"
"9004153",371987,2025-06-17 07:49:44,42.6015205383301,-8.87426280975342,"Female"
"9004153",371987,2025-06-17 07:54:46,42.6015281677246,-8.87427616119385,"Female"
"9004153",371987,2025-06-17 07:59:44,42.6015205383301,-8.87425518035889,"Female"
"9004153",371987,2025-06-17 08:04:45,42.6015014648438,-8.87430572509766,"Female"
"9004153",371987,2025-06-17 08:09:44,42.6015396118164,-8.87424564361572,"Female"
"9004153",371987,2025-06-17 08:14:44,42.6015357971191,-8.87426662445068,"Female"
"9004153",371987,2025-06-17 08:19:44,42.6015014648438,-8.87427806854248,"Female"
"9004153",371987,2025-06-17 08:24:44,42.6015281677246,-8.87424182891846,"Female"
"9004153",371987,2025-06-17 08:29:44,42.6015930175781,-8.87422847747803,"Female"
"9004153",371987,2025-06-17 08:34:45,42.6015129089355,-8.87425327301025,"Female"
"9004153",371987,2025-06-17 08:39:45,42.601448059082,-8.87431907653809,"Female"
"9004153",371987,2025-06-17 08:44:44,42.6014938354492,-8.87429618835449,"Female"
"9004153",371987,2025-06-17 08:50:16,42.6014747619629,-8.87432670593262,"Female"
"9004153",371987,2025-06-17 08:54:48,42.6015014648438,-8.87429523468018,"Female"
"9004153",371987,2025-06-17 08:59:48,42.6014823913574,-8.87441825866699,"Female"
"9004153",371987,2025-06-17 09:04:51,42.6014251708984,-8.87428092956543,"Female"
"9004153",371987,2025-06-17 09:09:49,42.601432800293,-8.87442207336426,"Female"
"9004153",371987,2025-06-17 09:14:44,42.6015205383301,-8.87428951263428,"Female"
"9004153",371987,2025-06-17 09:19:49,42.6013336181641,-8.87389183044434,"Female"
"9004153",371987,2025-06-17 09:24:53,42.5997200012207,-8.8717794418335,"Female"
"9004153",371987,2025-06-17 09:30:39,42.5993881225586,-8.8709659576416,"Female"
"9004153",371987,2025-06-17 09:36:04,42.5993156433105,-8.87058925628662,"Female"
"9004153",371987,2025-06-17 09:41:09,42.5996437072754,-8.87011241912842,"Female"
"9004153",371987,2025-06-17 09:46:35,42.5999908447266,-8.86965465545654,"Female"
"9004153",371987,2025-06-17 09:51:06,42.5999565124512,-8.8692626953125,"Female"
"9004153",371987,2025-06-17 09:57:28,42.6022148132324,-8.86834907531738,"Female"
"9004153",371987,2025-06-17 10:01:05,42.6040573120117,-8.86708450317383,"Female"
"9004153",371987,2025-06-17 10:06:11,42.6040458679199,-8.86707401275635,"Female"
"9004153",371987,2025-06-17 10:11:14,42.6040382385254,-8.86708068847656,"Female"
"9004153",371987,2025-06-17 10:16:35,42.6040802001953,-8.86709499359131,"Female"
"9004153",371987,2025-06-17 10:21:04,42.604076385498,-8.86705493927002,"Female"
"9004153",371987,2025-06-17 10:26:04,42.6041412353516,-8.86714649200439,"Female"
"9004153",371987,2025-06-17 10:31:13,42.6016578674316,-8.86888122558594,"Female"
"9004153",371987,2025-06-17 10:36:35,42.6034698486328,-8.87330627441406,"Female"
"9004153",371987,2025-06-17 10:41:32,42.6035232543945,-8.8732442855835,"Female"
"9004153",371987,2025-06-17 10:46:33,42.6035041809082,-8.87325477600098,"Female"
"9004153",371987,2025-06-17 10:51:05,42.6034812927246,-8.87326335906982,"Female"
"9004153",371987,2025-06-17 10:56:04,42.6035346984863,-8.87313938140869,"Female"
"9004153",371987,2025-06-17 11:01:04,42.603515625,-8.87312793731689,"Female"
"9004153",371987,2025-06-17 11:06:04,42.6035346984863,-8.87315845489502,"Female"
"9004153",371987,2025-06-17 11:11:04,42.6034889221191,-8.87334060668945,"Female"
"9004153",371987,2025-06-17 11:16:04,42.6035270690918,-8.8731632232666,"Female"
"9004153",371987,2025-06-17 11:21:04,42.6035003662109,-8.87324237823486,"Female"
"9004153",371987,2025-06-17 11:26:04,42.603515625,-8.87321186065674,"Female"
"9004153",371987,2025-06-17 11:31:04,42.6035194396973,-8.87320041656494,"Female"
"9004153",371987,2025-06-17 11:36:05,42.6035041809082,-8.87318229675293,"Female"
"9004153",371987,2025-06-17 11:41:04,42.6028213500977,-8.87252807617188,"Female"
"9004153",371987,2025-06-17 11:46:04,42.6017189025879,-8.87262916564941,"Female"
"9004153",371987,2025-06-17 11:51:04,42.6006546020508,-8.87381458282471,"Female"
"9004153",371987,2025-06-17 11:56:04,42.6001014709473,-8.87461566925049,"Female"
"9004153",371987,2025-06-17 12:01:04,42.599666595459,-8.87464237213135,"Female"
"9004153",371987,2025-06-17 12:06:11,42.5984497070312,-8.87421035766602,"Female"
"9004153",371987,2025-06-17 12:11:20,42.5980682373047,-8.87400531768799,"Female"
"9004153",371987,2025-06-17 12:16:34,42.5986557006836,-8.87326145172119,"Female"
"9004153",371987,2025-06-17 12:21:33,42.5987586975098,-8.87276554107666,"Female"
"9004153",371987,2025-06-17 12:26:49,42.5989685058594,-8.87201595306396,"Female"
"9004153",371987,2025-06-17 12:31:48,42.5987396240234,-8.87173843383789,"Female"
"9004153",371987,2025-06-17 12:37:18,42.5996704101562,-8.87307643890381,"Female"
"9004153",371987,2025-06-17 12:42:14,42.6015434265137,-8.87441349029541,"Female"
"9004153",371987,2025-06-17 12:47:14,42.601676940918,-8.87445640563965,"Female"
"9004153",371987,2025-06-17 12:52:25,42.6014289855957,-8.87432861328125,"Female"
"9004153",371987,2025-06-17 12:57:14,42.6015739440918,-8.87433528900146,"Female"
"9004153",371987,2025-06-17 13:02:15,42.6016426086426,-8.87423229217529,"Female"
"9004153",371987,2025-06-17 13:07:17,42.601806640625,-8.87429237365723,"Female"
"9004153",371987,2025-06-17 13:12:16,42.6016693115234,-8.87429523468018,"Female"
"9004153",371987,2025-06-17 13:17:19,42.602409362793,-8.87448596954346,"Female"
"9004153",371987,2025-06-17 13:22:24,42.601505279541,-8.87436389923096,"Female"
"9004153",371987,2025-06-17 13:27:35,42.6015167236328,-8.87428569793701,"Female"
"9004153",371987,2025-06-17 13:32:16,42.6013870239258,-8.87444305419922,"Female"
"9004153",371987,2025-06-17 13:37:16,42.6014633178711,-8.87429237365723,"Female"
"9004153",371987,2025-06-17 13:42:16,42.6016006469727,-8.87426090240479,"Female"
"9004153",371987,2025-06-17 13:47:16,42.6015701293945,-8.87425327301025,"Female"
"9004153",371987,2025-06-17 13:52:17,42.6018371582031,-8.87404441833496,"Female"
"9004153",371987,2025-06-17 13:57:18,42.6015167236328,-8.87413692474365,"Female"
"9004153",371987,2025-06-17 14:02:18,42.6016044616699,-8.87411594390869,"Female"
"9004153",371987,2025-06-17 14:07:18,42.6018714904785,-8.87385654449463,"Female"
"9004153",371987,2025-06-17 14:12:19,42.6015510559082,-8.87416553497314,"Female"
"9004153",371987,2025-06-17 14:17:18,42.6015167236328,-8.87419414520264,"Female"
"9004153",371987,2025-06-17 14:22:43,42.6015701293945,-8.87417697906494,"Female"
"9004153",371987,2025-06-17 14:27:15,42.6015625,-8.87412261962891,"Female"
"9004153",371987,2025-06-17 14:32:21,42.6015815734863,-8.87436199188232,"Female"
"9004153",371987,2025-06-17 14:37:17,42.6015396118164,-8.87401103973389,"Female"
"9004153",371987,2025-06-17 14:42:23,42.6015739440918,-8.87424087524414,"Female"
"9004153",371987,2025-06-17 14:47:35,42.601490020752,-8.87431621551514,"Female"
"9004153",371987,2025-06-17 14:52:24,42.6015815734863,-8.87434864044189,"Female"
"9004153",371987,2025-06-17 14:57:15,42.6014137268066,-8.87428569793701,"Female"
"9004153",371987,2025-06-17 15:02:24,42.6014938354492,-8.87431716918945,"Female"
"9004153",371987,2025-06-17 15:07:27,42.6017456054688,-8.87453460693359,"Female"
"9004153",371987,2025-06-17 15:12:17,42.6021766662598,-8.87456607818604,"Female"
"9004153",371987,2025-06-17 15:17:16,42.6023330688477,-8.87508964538574,"Female"
"9004153",371987,2025-06-17 15:22:17,42.6013565063477,-8.87462902069092,"Female"
"9004153",371987,2025-06-17 15:27:26,42.6025886535645,-8.87512111663818,"Female"
"9004153",371987,2025-06-17 15:32:22,42.604850769043,-8.87663173675537,"Female"
"9004153",371987,2025-06-17 15:37:35,42.6015319824219,-8.87427616119385,"Female"
"9004153",371987,2025-06-17 15:42:15,42.6015167236328,-8.87432193756104,"Female"
"9004153",371987,2025-06-17 15:47:14,42.6016502380371,-8.87441825866699,"Female"
"9004153",371987,2025-06-17 15:52:14,42.6016540527344,-8.8744592666626,"Female"
"9004153",371987,2025-06-17 15:57:15,42.6016387939453,-8.87441158294678,"Female"
"9004153",371987,2025-06-17 16:02:14,42.6016273498535,-8.87450122833252,"Female"
"9004153",371987,2025-06-17 16:07:15,42.6016426086426,-8.87440586090088,"Female"
"9004153",371987,2025-06-17 16:12:15,42.6029052734375,-8.87448787689209,"Female"
"9004153",371987,2025-06-17 16:17:15,42.6033325195312,-8.87465286254883,"Female"
"9004153",371987,2025-06-17 16:22:15,42.6033134460449,-8.87466812133789,"Female"
"9004153",371987,2025-06-17 16:27:15,42.6033401489258,-8.87465763092041,"Female"
"9004153",371987,2025-06-17 16:32:15,42.6033401489258,-8.87467765808105,"Female"
"9004153",371987,2025-06-17 16:37:15,42.6036567687988,-8.87338447570801,"Female"
"9004153",371987,2025-06-17 16:42:15,42.6036224365234,-8.87338638305664,"Female"
"9004153",371987,2025-06-17 16:47:15,42.6036643981934,-8.87338924407959,"Female"
"9004153",371987,2025-06-17 16:52:15,42.603645324707,-8.87335968017578,"Female"
"9004153",371987,2025-06-17 16:57:15,42.6035804748535,-8.87338161468506,"Female"
"9004153",371987,2025-06-17 17:02:15,42.6035079956055,-8.87337207794189,"Female"
"9004153",371987,2025-06-17 17:07:15,42.6036758422852,-8.87326622009277,"Female"
"9004153",371987,2025-06-17 17:12:25,42.6036033630371,-8.87333679199219,"Female"
"9004153",371987,2025-06-17 17:17:22,42.6034812927246,-8.87340450286865,"Female"
"9004153",371987,2025-06-17 17:22:22,42.6035842895508,-8.87332725524902,"Female"
"9004153",371987,2025-06-17 17:27:15,42.6035308837891,-8.87335872650146,"Female"
"9004153",371987,2025-06-17 17:32:15,42.6036338806152,-8.87331104278564,"Female"
"9004153",371987,2025-06-17 17:37:15,42.603630065918,-8.87330436706543,"Female"
"9004153",371987,2025-06-17 17:42:15,42.6036415100098,-8.8732967376709,"Female"
"9004153",371987,2025-06-17 17:47:15,42.6036605834961,-8.87329578399658,"Female"
"9004153",371987,2025-06-17 17:52:15,42.6036415100098,-8.87328147888184,"Female"
"9004153",371987,2025-06-17 17:57:15,42.6036987304688,-8.87335681915283,"Female"
"9004153",371987,2025-06-17 18:02:15,42.6033363342285,-8.87395668029785,"Female"
"9004153",371987,2025-06-17 18:07:15,42.6015853881836,-8.87668800354004,"Female"
"9004153",371987,2025-06-17 18:12:15,42.6015853881836,-8.8766565322876,"Female"
"9004153",371987,2025-06-17 18:17:15,42.6016616821289,-8.87666130065918,"Female"
"9004153",371987,2025-06-17 18:22:15,42.6016082763672,-8.8766622543335,"Female"
"9004153",371987,2025-06-17 18:27:15,42.6016616821289,-8.87668991088867,"Female"
"9004153",371987,2025-06-17 18:32:15,42.6015815734863,-8.87662220001221,"Female"
"9004153",371987,2025-06-17 18:37:15,42.6015853881836,-8.87666511535645,"Female"
"9004153",371987,2025-06-17 18:42:15,42.6015892028809,-8.87665367126465,"Female"
"9004153",371987,2025-06-17 18:47:16,42.6016006469727,-8.87653923034668,"Female"
"9004153",371987,2025-06-17 18:52:23,42.6016082763672,-8.8766450881958,"Female"
"9004153",371987,2025-06-17 18:57:16,42.6015319824219,-8.87640571594238,"Female"
"9004153",371987,2025-06-17 19:02:15,42.6015472412109,-8.87642669677734,"Female"
"9004153",371987,2025-06-17 19:07:15,42.6015281677246,-8.87641143798828,"Female"
"9004153",371987,2025-06-17 19:12:17,42.6018981933594,-8.87710857391357,"Female"
"9004153",371987,2025-06-17 19:17:16,42.6016960144043,-8.87669658660889,"Female"
"9004153",371987,2025-06-17 19:22:16,42.6019020080566,-8.87719058990479,"Female"
"9004153",371987,2025-06-17 19:27:18,42.6020278930664,-8.87729644775391,"Female"
"9004153",371987,2025-06-17 19:32:17,42.6019020080566,-8.87727355957031,"Female"
"9004153",371987,2025-06-17 19:37:21,42.6017532348633,-8.87688446044922,"Female"
"9004153",371987,2025-06-17 19:42:15,42.6017379760742,-8.87686634063721,"Female"
"9004153",371987,2025-06-17 19:47:17,42.6019172668457,-8.87729167938232,"Female"
"9004153",371987,2025-06-17 19:52:35,42.6026039123535,-8.87637615203857,"Female"
"9004153",371987,2025-06-17 19:57:15,42.6026496887207,-8.87630653381348,"Female"
"9004153",371987,2025-06-17 20:02:15,42.6023063659668,-8.87676048278809,"Female"
"9004153",371987,2025-06-17 20:07:15,42.602237701416,-8.87673759460449,"Female"
"9004153",371987,2025-06-17 20:12:16,42.6023178100586,-8.87661552429199,"Female"
"9004153",371987,2025-06-17 20:17:15,42.6023254394531,-8.87661838531494,"Female"
"9004153",371987,2025-06-17 20:22:25,42.6023330688477,-8.87687683105469,"Female"
"9004153",371987,2025-06-17 20:27:15,42.6023254394531,-8.87663841247559,"Female"
"9004153",371987,2025-06-17 20:32:22,42.6023330688477,-8.87687015533447,"Female"
"9004153",371987,2025-06-17 20:37:17,42.6022491455078,-8.87657165527344,"Female"
"9004153",371987,2025-06-17 20:42:15,42.6022491455078,-8.87661266326904,"Female"
"9004153",371987,2025-06-17 20:47:15,42.6023101806641,-8.87649059295654,"Female"
"9004153",371987,2025-06-17 20:52:15,42.6022720336914,-8.87661743164062,"Female"
"9004153",371987,2025-06-17 20:57:15,42.6021919250488,-8.87655258178711,"Female"
"9004153",371987,2025-06-17 21:02:15,42.602222442627,-8.87649822235107,"Female"
"9004153",371987,2025-06-17 21:07:16,42.6022300720215,-8.87642669677734,"Female"
"9004153",371987,2025-06-17 21:12:15,42.6022148132324,-8.87651348114014,"Female"
"9004153",371987,2025-06-17 21:17:15,42.6022033691406,-8.87632846832275,"Female"
"9004153",371987,2025-06-17 21:22:15,42.6022644042969,-8.87650108337402,"Female"
"9004153",371987,2025-06-17 21:27:17,42.6021385192871,-8.87639904022217,"Female"
"9004153",371987,2025-06-17 21:32:18,42.6022605895996,-8.87637805938721,"Female"
"9004153",371987,2025-06-17 21:37:21,42.6026496887207,-8.87651062011719,"Female"
"9004153",371987,2025-06-17 21:42:17,42.6023406982422,-8.87667751312256,"Female"
"9004153",371987,2025-06-17 21:47:15,42.6023445129395,-8.87671852111816,"Female"
"9004153",371987,2025-06-17 21:52:44,42.6023101806641,-8.87674427032471,"Female"
"9004153",371987,2025-06-17 21:57:14,42.6020927429199,-8.87687683105469,"Female"
"9004153",371987,2025-06-17 22:02:14,42.6022567749023,-8.87684917449951,"Female"
"9004153",371987,2025-06-17 22:07:14,42.6022453308105,-8.87688636779785,"Female"
"9004153",371987,2025-06-17 22:12:14,42.6023826599121,-8.87672710418701,"Female"
"9004153",371987,2025-06-17 22:17:14,42.6021766662598,-8.87679481506348,"Female"
"9004153",371987,2025-06-17 22:22:14,42.6022071838379,-8.87675666809082,"Female"
"9004153",371987,2025-06-17 22:27:15,42.6021537780762,-8.87675380706787,"Female"
"9004153",371987,2025-06-17 22:32:15,42.6020851135254,-8.87668991088867,"Female"
"9004153",371987,2025-06-17 22:37:15,42.6020812988281,-8.87676239013672,"Female"
"9004153",371987,2025-06-17 22:42:14,42.6020889282227,-8.8767614364624,"Female"
"9004153",371987,2025-06-17 22:47:16,42.6021842956543,-8.87670803070068,"Female"
"9004153",371987,2025-06-17 22:52:15,42.6021575927734,-8.87673854827881,"Female"
"9004153",371987,2025-06-17 22:57:16,42.6020812988281,-8.87672710418701,"Female"
"9004153",371987,2025-06-17 23:02:15,42.6021575927734,-8.87664604187012,"Female"
"9004153",371987,2025-06-17 23:07:15,42.6021270751953,-8.87667083740234,"Female"
"9004153",371987,2025-06-17 23:12:15,42.6022758483887,-8.87672996520996,"Female"
"9004153",371987,2025-06-17 23:17:15,42.602165222168,-8.87666606903076,"Female"
"9004153",371987,2025-06-17 23:22:15,42.6022682189941,-8.8767032623291,"Female"
"9004153",371987,2025-06-17 23:27:15,42.6022415161133,-8.87668609619141,"Female"
"9004153",371987,2025-06-17 23:32:19,42.6022720336914,-8.87668704986572,"Female"
"9004153",371987,2025-06-17 23:37:24,42.6022644042969,-8.87668800354004,"Female"
"9004153",371987,2025-06-17 23:42:14,42.6022796630859,-8.87677574157715,"Female"
"9004153",371987,2025-06-17 23:47:23,42.6022834777832,-8.87671661376953,"Female"
"9004153",371987,2025-06-17 23:52:26,42.6023330688477,-8.87669944763184,"Female"
"9004153",371987,2025-06-17 23:57:25,42.6023139953613,-8.87664604187012,"Female"
"9004153",371987,2025-06-18 00:02:25,42.6023292541504,-8.87667655944824,"Female"
"9004153",371987,2025-06-18 00:07:25,42.6023368835449,-8.87663078308105,"Female"
"9004153",371987,2025-06-18 00:12:27,42.6023216247559,-8.87664985656738,"Female"
"9004153",371987,2025-06-18 00:17:16,42.6024131774902,-8.87678813934326,"Female"
"9004153",371987,2025-06-18 00:22:28,42.6021499633789,-8.87680244445801,"Female"
"9004153",371987,2025-06-18 00:27:35,42.6023330688477,-8.87672138214111,"Female"
"9004153",371987,2025-06-18 00:32:14,42.6023864746094,-8.87673950195312,"Female"
"9004153",371987,2025-06-18 00:37:15,42.6023902893066,-8.87670993804932,"Female"
"9004153",371987,2025-06-18 00:42:15,42.6023139953613,-8.87664031982422,"Female"
"9004153",371987,2025-06-18 00:47:16,42.6023483276367,-8.87668323516846,"Female"
"9004153",371987,2025-06-18 00:52:15,42.6023292541504,-8.87670803070068,"Female"
"9004153",371987,2025-06-18 00:57:18,42.6023712158203,-8.87668991088867,"Female"
"9004153",371987,2025-06-18 01:02:17,42.6023483276367,-8.87670803070068,"Female"
"9004153",371987,2025-06-18 01:07:16,42.6022529602051,-8.87651538848877,"Female"
"9004153",371987,2025-06-18 01:12:15,42.602294921875,-8.87673950195312,"Female"
"9004153",371987,2025-06-18 01:17:18,42.602367401123,-8.87654781341553,"Female"
"9004153",371987,2025-06-18 01:22:27,42.6024589538574,-8.87666988372803,"Female"
"9004153",371987,2025-06-18 01:27:16,42.6024017333984,-8.87665843963623,"Female"
"9004153",371987,2025-06-18 01:32:18,42.6023712158203,-8.87654781341553,"Female"
"9004153",371987,2025-06-18 01:37:15,42.6024780273438,-8.87653255462646,"Female"
"9004153",371987,2025-06-18 01:42:15,42.6023139953613,-8.87654972076416,"Female"
"9004153",371987,2025-06-18 01:47:25,42.6024589538574,-8.87656688690186,"Female"
"9004153",371987,2025-06-18 01:52:25,42.6022911071777,-8.87650299072266,"Female"
"9004153",371987,2025-06-18 01:57:35,42.6023368835449,-8.87668037414551,"Female"
"9004153",371987,2025-06-18 02:02:14,42.6023368835449,-8.87666416168213,"Female"
"9004153",371987,2025-06-18 02:07:14,42.6023712158203,-8.87669944763184,"Female"
"9004153",371987,2025-06-18 02:12:14,42.6023330688477,-8.87673377990723,"Female"
"9004153",371987,2025-06-18 02:17:14,42.6023635864258,-8.87673568725586,"Female"
"9004153",371987,2025-06-18 02:22:14,42.6023216247559,-8.87672138214111,"Female"
"9004153",371987,2025-06-18 02:27:14,42.6023788452148,-8.87667083740234,"Female"
"9004153",371987,2025-06-18 02:32:14,42.6023902893066,-8.87671184539795,"Female"
"9004153",371987,2025-06-18 02:37:15,42.6023406982422,-8.87669086456299,"Female"
"9004153",371987,2025-06-18 02:42:15,42.602352142334,-8.87672328948975,"Female"
"9004153",371987,2025-06-18 02:47:15,42.6023178100586,-8.87666034698486,"Female"
"9004153",371987,2025-06-18 02:52:15,42.602367401123,-8.87676048278809,"Female"
"9004153",371987,2025-06-18 02:57:14,42.6023750305176,-8.87671279907227,"Female"
"9004153",371987,2025-06-18 03:02:14,42.6023063659668,-8.87663650512695,"Female"
"9004153",371987,2025-06-18 03:07:15,42.6022872924805,-8.87666416168213,"Female"
"9004153",371987,2025-06-18 03:12:15,42.6023979187012,-8.87676048278809,"Female"
"9004153",371987,2025-06-18 03:17:15,42.6023292541504,-8.87664127349854,"Female"
"9004153",371987,2025-06-18 03:22:14,42.6023826599121,-8.87673759460449,"Female"
"9004153",371987,2025-06-18 03:27:15,42.6021881103516,-8.87649536132812,"Female"
"9004153",371987,2025-06-18 03:32:14,42.6023216247559,-8.87665557861328,"Female"
"9004153",371987,2025-06-18 03:37:15,42.6023368835449,-8.87672710418701,"Female"
"9004153",371987,2025-06-18 03:42:15,42.602367401123,-8.87672519683838,"Female"
"9004153",371987,2025-06-18 03:47:15,42.6024055480957,-8.8768482208252,"Female"
"9004153",371987,2025-06-18 03:52:15,42.602352142334,-8.87679576873779,"Female"
"9004153",371987,2025-06-18 03:57:16,42.6023559570312,-8.87678527832031,"Female"
"9004153",371987,2025-06-18 04:02:15,42.6023063659668,-8.87682342529297,"Female"
"9004153",371987,2025-06-18 04:07:15,42.602294921875,-8.87685203552246,"Female"
"9004153",371987,2025-06-18 04:12:15,42.6022109985352,-8.87685203552246,"Female"
"9004153",371987,2025-06-18 04:17:15,42.6019897460938,-8.87675857543945,"Female"
"9004153",371987,2025-06-18 04:22:15,42.6021270751953,-8.87681007385254,"Female"
"9004153",371987,2025-06-18 04:27:15,42.6022834777832,-8.87662124633789,"Female"
"9004153",371987,2025-06-18 04:32:15,42.6022911071777,-8.87657642364502,"Female"
"9004153",371987,2025-06-18 04:37:15,42.6023445129395,-8.87650680541992,"Female"
"9004153",371987,2025-06-18 04:42:15,42.6023254394531,-8.87656116485596,"Female"
"9004153",371987,2025-06-18 04:47:16,42.602481842041,-8.87639427185059,"Female"
"9004153",371987,2025-06-18 04:52:16,42.6023979187012,-8.87645053863525,"Female"
"9004153",371987,2025-06-18 04:57:16,42.6025238037109,-8.87636089324951,"Female"
"9004153",371987,2025-06-18 05:02:17,42.6024971008301,-8.87648868560791,"Female"
"9004153",371987,2025-06-18 05:07:17,42.6025428771973,-8.87650203704834,"Female"
"9004153",371987,2025-06-18 05:12:16,42.6024208068848,-8.87667083740234,"Female"
"9004153",371987,2025-06-18 05:17:16,42.6024398803711,-8.87657260894775,"Female"
"9004153",371987,2025-06-18 05:22:16,42.6025505065918,-8.87649822235107,"Female"
"9004153",371987,2025-06-18 05:27:16,42.602466583252,-8.87649345397949,"Female"
"9004153",371987,2025-06-18 05:32:16,42.6024780273438,-8.87642765045166,"Female"
"9004153",371987,2025-06-18 05:37:19,42.6024856567383,-8.87659072875977,"Female"
"9004153",371987,2025-06-18 05:42:15,42.6025199890137,-8.87681770324707,"Female"
"9004153",371987,2025-06-18 05:47:17,42.6025466918945,-8.87685012817383,"Female"
"9004153",371987,2025-06-18 05:52:15,42.6021995544434,-8.8765869140625,"Female"
"9004153",371987,2025-06-18 05:57:15,42.6021690368652,-8.87649631500244,"Female"
"9004153",371987,2025-06-18 06:02:16,42.6022453308105,-8.87672233581543,"Female"
"9004153",371987,2025-06-18 06:07:15,42.6022148132324,-8.87675476074219,"Female"
"9004153",371987,2025-06-18 06:12:15,42.6022453308105,-8.87672805786133,"Female"
"9004153",371987,2025-06-18 06:17:15,42.6013565063477,-8.87635898590088,"Female"
"9004153",371987,2025-06-18 06:22:15,42.6013412475586,-8.87666702270508,"Female"
"9004153",371987,2025-06-18 06:27:16,42.6011848449707,-8.87635135650635,"Female"
"9004153",371987,2025-06-18 06:32:15,42.6013603210449,-8.87660503387451,"Female"
"9004153",371987,2025-06-18 06:37:15,42.6014213562012,-8.87665939331055,"Female"
"9004153",371987,2025-06-18 06:42:16,42.6017761230469,-8.87430000305176,"Female"
"9004153",371987,2025-06-18 06:47:15,42.6016540527344,-8.87446403503418,"Female"
"9004153",371987,2025-06-18 06:52:15,42.6015434265137,-8.87425804138184,"Female"
"9004153",371987,2025-06-18 06:57:15,42.6015892028809,-8.87431144714355,"Female"
"9004153",371987,2025-06-18 07:02:15,42.6015129089355,-8.87429523468018,"Female"
"9004153",371987,2025-06-18 07:07:15,42.6016845703125,-8.87424755096436,"Female"
"9004153",371987,2025-06-18 07:12:15,42.6013793945312,-8.87425994873047,"Female"
"9004153",371987,2025-06-18 07:17:58,42.5992469787598,-8.8709831237793,"Female"
"9004153",371987,2025-06-18 07:22:58,42.5995750427246,-8.86995601654053,"Female"
"9004153",371987,2025-06-18 07:28:45,42.6020050048828,-8.87006664276123,"Female"
"9004153",371987,2025-06-18 07:34:17,42.6038856506348,-8.87010288238525,"Female"
"9004153",371987,2025-06-18 07:39:16,42.6044502258301,-8.87030220031738,"Female"
"9004153",371987,2025-06-18 07:44:16,42.6042938232422,-8.87056541442871,"Female"
"9004153",371987,2025-06-18 07:49:16,42.6046257019043,-8.87017154693604,"Female"
"9004153",371987,2025-06-18 07:54:17,42.6045188903809,-8.87030029296875,"Female"
"9004153",371987,2025-06-18 07:59:17,42.6044006347656,-8.8703441619873,"Female"
"9004153",371987,2025-06-18 08:04:16,42.6047477722168,-8.87030601501465,"Female"
"9004153",371987,2025-06-18 08:09:17,42.604621887207,-8.87030982971191,"Female"
"9004153",371987,2025-06-18 08:14:16,42.6047286987305,-8.87016677856445,"Female"
"9004153",371987,2025-06-18 08:19:16,42.6046600341797,-8.8702564239502,"Female"
"9004153",371987,2025-06-18 08:24:16,42.6047019958496,-8.87027168273926,"Female"
"9004153",371987,2025-06-18 08:29:16,42.6047859191895,-8.87034130096436,"Female"
"9004153",371987,2025-06-18 08:34:16,42.6047172546387,-8.87034893035889,"Female"
"9004153",371987,2025-06-18 08:39:16,42.6046562194824,-8.87027931213379,"Female"
"9004153",371987,2025-06-18 08:44:16,42.604663848877,-8.8703088760376,"Female"
"9004153",371987,2025-06-18 08:49:16,42.6046028137207,-8.8702917098999,"Female"
"9004153",371987,2025-06-18 08:54:16,42.6045570373535,-8.87027931213379,"Female"
"9004153",371987,2025-06-18 08:59:16,42.6045722961426,-8.87018966674805,"Female"
"9004153",371987,2025-06-18 09:04:23,42.6044845581055,-8.8705415725708,"Female"
"9004153",371987,2025-06-18 09:09:26,42.6042442321777,-8.87105941772461,"Female"
"9004153",371987,2025-06-18 09:14:43,42.6056251525879,-8.87092590332031,"Female"
"9004153",371987,2025-06-18 09:20:05,42.6055297851562,-8.87136077880859,"Female"
"9004153",371987,2025-06-18 09:25:34,42.606128692627,-8.87196159362793,"Female"
"9004153",371987,2025-06-18 09:30:33,42.6048583984375,-8.87043952941895,"Female"
"9004153",371987,2025-06-18 09:35:33,42.6045303344727,-8.8695821762085,"Female"
"9004153",371987,2025-06-18 09:40:33,42.6045379638672,-8.86957454681396,"Female"
"9004153",371987,2025-06-18 09:45:33,42.6045608520508,-8.86952972412109,"Female"
"9004153",371987,2025-06-18 09:50:34,42.6047325134277,-8.86954116821289,"Female"
"9004153",371987,2025-06-18 09:55:33,42.6045150756836,-8.86958789825439,"Female"
"9004153",371987,2025-06-18 10:00:33,42.6045684814453,-8.8695707321167,"Female"
"9004153",371987,2025-06-18 10:05:35,42.6046409606934,-8.8695182800293,"Female"
"9004153",371987,2025-06-18 10:10:34,42.6047325134277,-8.86952114105225,"Female"
"9004153",371987,2025-06-18 10:15:34,42.6046142578125,-8.86955642700195,"Female"
"9004153",371987,2025-06-18 10:20:33,42.6048965454102,-8.86965084075928,"Female"
"9004153",371987,2025-06-18 10:25:34,42.6047782897949,-8.86951065063477,"Female"
"9004153",371987,2025-06-18 10:30:34,42.6048355102539,-8.86952304840088,"Female"
"9004153",371987,2025-06-18 10:35:34,42.6048431396484,-8.86956214904785,"Female"
"9004153",371987,2025-06-18 10:40:33,42.6048965454102,-8.86946201324463,"Female"
"9004153",371987,2025-06-18 10:45:33,42.6049385070801,-8.86948871612549,"Female"
"9004153",371987,2025-06-18 10:50:33,42.6049842834473,-8.86951160430908,"Female"
"9004153",371987,2025-06-18 10:55:33,42.6049499511719,-8.86952114105225,"Female"
"9004153",371987,2025-06-18 11:00:33,42.6049919128418,-8.8695011138916,"Female"
"9004153",371987,2025-06-18 11:05:33,42.6050338745117,-8.86959838867188,"Female"
"9004153",371987,2025-06-18 11:10:33,42.6049537658691,-8.86946868896484,"Female"
"9004153",371987,2025-06-18 11:15:33,42.6049461364746,-8.86946773529053,"Female"
"9004153",371987,2025-06-18 11:20:32,42.60498046875,-8.86950302124023,"Female"
"9004153",371987,2025-06-18 11:25:32,42.6049308776855,-8.86947631835938,"Female"
"9004153",371987,2025-06-18 11:30:34,42.6049156188965,-8.86931800842285,"Female"
"9004153",371987,2025-06-18 11:35:33,42.6060256958008,-8.87154102325439,"Female"
"9004153",371987,2025-06-18 11:40:32,42.6070289611816,-8.87112712860107,"Female"
"9004153",371987,2025-06-18 11:45:32,42.6068878173828,-8.87180614471436,"Female"
"9004153",371987,2025-06-18 11:51:08,42.6062850952148,-8.87272453308105,"Female"
"9004153",371987,2025-06-18 11:56:06,42.6051597595215,-8.87291145324707,"Female"
"9004153",371987,2025-06-18 12:01:07,42.6048812866211,-8.87363719940186,"Female"
"9004153",371987,2025-06-18 12:06:34,42.6045913696289,-8.87410259246826,"Female"
"9004153",371987,2025-06-18 12:11:35,42.6054039001465,-8.87421226501465,"Female"
"9004153",371987,2025-06-18 12:16:35,42.6045532226562,-8.87358379364014,"Female"
"9004153",371987,2025-06-18 12:21:34,42.603946685791,-8.8730001449585,"Female"
"9004153",371987,2025-06-18 12:26:35,42.6038093566895,-8.87295627593994,"Female"
"9004153",371987,2025-06-18 12:31:34,42.6039009094238,-8.8730993270874,"Female"
"9004153",371987,2025-06-18 12:36:34,42.6038970947266,-8.87304306030273,"Female"
"9004153",371987,2025-06-18 12:41:34,42.6039123535156,-8.87306499481201,"Female"
"9004153",371987,2025-06-18 12:46:34,42.6039199829102,-8.87307643890381,"Female"
"9004153",371987,2025-06-18 12:51:33,42.6039161682129,-8.8730354309082,"Female"
"9004153",371987,2025-06-18 12:56:34,42.6038932800293,-8.87308692932129,"Female"
"9004153",371987,2025-06-18 13:01:34,42.6039047241211,-8.87306880950928,"Female"
"9004153",371987,2025-06-18 13:06:34,42.6039619445801,-8.87309551239014,"Female"
"9004153",371987,2025-06-18 13:11:33,42.6039123535156,-8.87314796447754,"Female"
"9004153",371987,2025-06-18 13:16:33,42.6039428710938,-8.87310695648193,"Female"
"9004153",371987,2025-06-18 13:21:34,42.6039962768555,-8.87314605712891,"Female"
"9004153",371987,2025-06-18 13:26:33,42.603946685791,-8.87307357788086,"Female"
"9004153",371987,2025-06-18 13:31:33,42.6039581298828,-8.87314224243164,"Female"
"9004153",371987,2025-06-18 13:36:33,42.6039772033691,-8.8731861114502,"Female"
"9004153",371987,2025-06-18 13:41:33,42.6039772033691,-8.87320137023926,"Female"
"9004153",371987,2025-06-18 13:46:33,42.6040115356445,-8.87321186065674,"Female"
"9004153",371987,2025-06-18 13:51:33,42.6039657592773,-8.87314319610596,"Female"
"9004153",371987,2025-06-18 13:56:33,42.6039657592773,-8.87316799163818,"Female"
"9004153",371987,2025-06-18 14:01:33,42.6039962768555,-8.8732385635376,"Female"
"9004153",371987,2025-06-18 14:06:33,42.6039772033691,-8.87318897247314,"Female"
"9004153",371987,2025-06-18 14:11:33,42.60400390625,-8.87324905395508,"Female"
"9004153",371987,2025-06-18 14:16:33,42.60400390625,-8.87332630157471,"Female"
"9004153",371987,2025-06-18 14:21:33,42.6040573120117,-8.87330341339111,"Female"
"9004153",371987,2025-06-18 14:26:34,42.6039237976074,-8.8731803894043,"Female"
"9004153",371987,2025-06-18 14:31:33,42.6041641235352,-8.87335395812988,"Female"
"9004153",371987,2025-06-18 14:36:33,42.6042175292969,-8.87337112426758,"Female"
"9004153",371987,2025-06-18 14:41:36,42.604320526123,-8.87348079681396,"Female"
"9004153",371987,2025-06-18 14:46:34,42.6042747497559,-8.87355709075928,"Female"
"9004153",371987,2025-06-18 14:51:34,42.6042404174805,-8.87338161468506,"Female"
"9004153",371987,2025-06-18 14:56:34,42.6042518615723,-8.87345790863037,"Female"
"9004153",371987,2025-06-18 15:01:34,42.604175567627,-8.87348937988281,"Female"
"9004153",371987,2025-06-18 15:06:33,42.6040382385254,-8.87320327758789,"Female"
"9004153",371987,2025-06-18 15:11:34,42.6035461425781,-8.87280464172363,"Female"
"9004153",371987,2025-06-18 15:16:34,42.6035537719727,-8.87279891967773,"Female"
"9004153",371987,2025-06-18 15:21:34,42.6038398742676,-8.8730297088623,"Female"
"9004153",371987,2025-06-18 15:26:34,42.6032485961914,-8.87248706817627,"Female"
"9004153",371987,2025-06-18 15:31:35,42.6035957336426,-8.87270355224609,"Female"
"9004153",371987,2025-06-18 15:36:35,42.603889465332,-8.87306976318359,"Female"
"9004153",371987,2025-06-18 15:41:35,42.6038856506348,-8.87310409545898,"Female"
"9004153",371987,2025-06-18 15:46:52,42.6048240661621,-8.87331295013428,"Female"
"9004153",371987,2025-06-18 15:51:56,42.6057167053223,-8.87348747253418,"Female"
"9004153",371987,2025-06-18 15:57:09,42.606559753418,-8.87301445007324,"Female"
"9004153",371987,2025-06-18 16:02:14,42.6060523986816,-8.87427616119385,"Female"
"9004153",371987,2025-06-18 16:07:16,42.6056251525879,-8.87512588500977,"Female"
"9004153",371987,2025-06-18 16:12:27,42.6048469543457,-8.87546634674072,"Female"
"9004153",371987,2025-06-18 16:17:27,42.6039237976074,-8.87600994110107,"Female"
"9004153",371987,2025-06-18 16:22:26,42.6018524169922,-8.87442588806152,"Female"
"9004153",371987,2025-06-18 16:27:27,42.6018486022949,-8.87440299987793,"Female"
"9004153",371987,2025-06-18 16:32:26,42.601749420166,-8.87459850311279,"Female"
"9004153",371987,2025-06-18 16:37:25,42.601634979248,-8.87466049194336,"Female"
"9004153",371987,2025-06-18 16:42:27,42.6017799377441,-8.87457752227783,"Female"
"9004153",371987,2025-06-18 16:55:08,42.6015625,-8.87477874755859,"Female"
"9004153",371987,2025-06-18 17:00:28,42.601806640625,-8.87446689605713,"Female"
"9004153",371987,2025-06-18 17:06:35,42.6017646789551,-8.87447166442871,"Female"
"9004153",371987,2025-06-18 17:12:38,42.6016998291016,-8.87438201904297,"Female"
"9004153",371987,2025-06-18 17:23:48,42.6016845703125,-8.87407302856445,"Female"
"9004153",371987,2025-06-18 17:39:58,42.6016616821289,-8.87679862976074,"Female"
"9004153",371987,2025-06-18 17:44:57,42.6016387939453,-8.87678241729736,"Female"
"9004153",371987,2025-06-18 17:49:57,42.6017265319824,-8.87672519683838,"Female"
"9004153",371987,2025-06-18 17:54:57,42.6017684936523,-8.8766565322876,"Female"
"9004153",371987,2025-06-18 18:00:00,42.6018562316895,-8.8765983581543,"Female"
"9004153",371987,2025-06-18 18:04:58,42.6019134521484,-8.87662601470947,"Female"
"9004153",371987,2025-06-18 18:09:56,42.6018829345703,-8.87662315368652,"Female"
"9004153",371987,2025-06-18 18:14:56,42.601936340332,-8.87661457061768,"Female"
"9004153",371987,2025-06-18 18:19:56,42.6020050048828,-8.87664127349854,"Female"
"9004153",371987,2025-06-18 18:24:56,42.6019744873047,-8.87666130065918,"Female"
"9004153",371987,2025-06-18 18:29:57,42.6021347045898,-8.87674713134766,"Female"
"9004153",371987,2025-06-18 18:34:57,42.6021041870117,-8.87686538696289,"Female"
"9004153",371987,2025-06-18 18:39:56,42.602123260498,-8.8767671585083,"Female"
"9004153",371987,2025-06-18 18:44:57,42.6030502319336,-8.87691593170166,"Female"
"9004153",371987,2025-06-18 18:49:56,42.6031341552734,-8.8769702911377,"Female"
"9004153",371987,2025-06-18 18:54:58,42.603084564209,-8.876953125,"Female"
"9004153",371987,2025-06-18 18:59:57,42.6030693054199,-8.87693023681641,"Female"
"9004153",371987,2025-06-18 19:04:57,42.6030578613281,-8.87696743011475,"Female"
"9004153",371987,2025-06-18 19:10:05,42.6031532287598,-8.87707996368408,"Female"
"9004153",371987,2025-06-18 19:14:56,42.602668762207,-8.8763313293457,"Female"
"9004153",371987,2025-06-18 19:19:56,42.602596282959,-8.87608337402344,"Female"
"9004153",371987,2025-06-18 19:24:56,42.6025848388672,-8.8761043548584,"Female"
"9004153",371987,2025-06-18 19:29:57,42.6023750305176,-8.87639617919922,"Female"
"9004153",371987,2025-06-18 19:34:57,42.6023178100586,-8.87665843963623,"Female"
"9004153",371987,2025-06-18 19:39:57,42.6024284362793,-8.87651824951172,"Female"
"9004153",371987,2025-06-18 19:44:56,42.6022834777832,-8.87669944763184,"Female"
"9004153",371987,2025-06-18 19:49:56,42.6023139953613,-8.87683391571045,"Female"
"9004153",371987,2025-06-18 19:54:57,42.6024322509766,-8.87648868560791,"Female"
"9004153",371987,2025-06-18 19:59:58,42.602123260498,-8.87688159942627,"Female"
"9004153",371987,2025-06-18 20:04:57,42.6000556945801,-8.87895488739014,"Female"
"9004153",371987,2025-06-18 20:09:58,42.6025695800781,-8.87692642211914,"Female"
"9004153",371987,2025-06-18 20:15:07,42.602424621582,-8.87713050842285,"Female"
"9004153",371987,2025-06-18 20:19:58,42.6026191711426,-8.87691879272461,"Female"
"9004153",371987,2025-06-18 20:25:00,42.6026153564453,-8.87691688537598,"Female"
"9004153",371987,2025-06-18 20:30:00,42.6025161743164,-8.8769474029541,"Female"
"9004153",371987,2025-06-18 20:34:57,42.6025810241699,-8.87685108184814,"Female"
"9004153",371987,2025-06-18 20:39:58,42.6026077270508,-8.87679862976074,"Female"
"9004153",371987,2025-06-18 20:44:57,42.602611541748,-8.87669467926025,"Female"
"9004153",371987,2025-06-18 20:49:56,42.6026000976562,-8.87673568725586,"Female"
"9004153",371987,2025-06-18 20:54:57,42.6026039123535,-8.87668323516846,"Female"
"9004153",371987,2025-06-18 20:59:57,42.6026420593262,-8.87667083740234,"Female"
"9004153",371987,2025-06-18 21:04:57,42.602653503418,-8.87669277191162,"Female"
"9004153",371987,2025-06-18 21:09:57,42.6025772094727,-8.87668991088867,"Female"
"9004153",371987,2025-06-18 21:14:57,42.6023368835449,-8.87625122070312,"Female"
"9004153",371987,2025-06-18 21:19:57,42.6025581359863,-8.87665462493896,"Female"
"9004153",371987,2025-06-18 21:24:57,42.6026420593262,-8.87651920318604,"Female"
"9004153",371987,2025-06-18 21:29:57,42.6025581359863,-8.87668514251709,"Female"
"9004153",371987,2025-06-18 21:34:57,42.6026344299316,-8.87674140930176,"Female"
"9004153",371987,2025-06-18 21:39:57,42.602653503418,-8.87673091888428,"Female"
"9004153",371987,2025-06-18 21:44:57,42.6027450561523,-8.87681293487549,"Female"
"9004153",371987,2025-06-18 21:49:57,42.6026649475098,-8.87681770324707,"Female"
"9004153",371987,2025-06-18 21:55:00,42.6020469665527,-8.87689781188965,"Female"
"9004153",371987,2025-06-18 21:59:57,42.6044006347656,-8.87662506103516,"Female"
"9004153",371987,2025-06-18 22:04:58,42.6030158996582,-8.87697792053223,"Female"
"9004153",371987,2025-06-18 22:09:57,42.6034049987793,-8.8770923614502,"Female"
"9004153",371987,2025-06-18 22:14:57,42.6027069091797,-8.877272605896,"Female"
"9004153",371987,2025-06-18 22:19:57,42.6025047302246,-8.8772439956665,"Female"
"9004153",371987,2025-06-18 22:24:57,42.6025390625,-8.87722396850586,"Female"
"9004153",371987,2025-06-18 22:29:57,42.6024360656738,-8.8770751953125,"Female"
"9004153",371987,2025-06-18 22:34:57,42.6021957397461,-8.87722396850586,"Female"
"9004153",371987,2025-06-18 22:39:57,42.6025161743164,-8.87757396697998,"Female"
"9004153",371987,2025-06-18 22:44:57,42.6024780273438,-8.87732982635498,"Female"
"9004153",371987,2025-06-18 22:49:57,42.6023826599121,-8.87725353240967,"Female"
"9004153",371987,2025-06-18 22:54:57,42.6024398803711,-8.87727546691895,"Female"
"9004153",371987,2025-06-18 22:59:57,42.602466583252,-8.87722396850586,"Female"
"9004153",371987,2025-06-18 23:04:57,42.6023902893066,-8.87696933746338,"Female"
"9004153",371987,2025-06-18 23:09:58,42.6024360656738,-8.87699604034424,"Female"
"9004153",371987,2025-06-18 23:14:57,42.6025161743164,-8.87717819213867,"Female"
"9004153",371987,2025-06-18 23:19:57,42.6023559570312,-8.87683010101318,"Female"
"9004153",371987,2025-06-18 23:24:58,42.6022682189941,-8.87687587738037,"Female"
"9004153",371987,2025-06-18 23:29:56,42.6024322509766,-8.87689971923828,"Female"
"9004153",371987,2025-06-18 23:34:57,42.6024780273438,-8.87718868255615,"Female"
"9004153",371987,2025-06-18 23:39:57,42.602424621582,-8.87680530548096,"Female"
"9004153",371987,2025-06-18 23:44:58,42.6023025512695,-8.87665939331055,"Female"
"9004153",371987,2025-06-18 23:49:59,42.6020545959473,-8.87609672546387,"Female"
"9004153",371987,2025-06-18 23:54:58,42.6021385192871,-8.87671089172363,"Female"
"9004153",371987,2025-06-18 23:59:57,42.6023101806641,-8.87652492523193,"Female"
"9004153",371987,2025-06-19 00:04:57,42.6022262573242,-8.87636184692383,"Female"
"9004153",371987,2025-06-19 00:09:57,42.6021842956543,-8.87623500823975,"Female"
"9004153",371987,2025-06-19 00:14:57,42.6022071838379,-8.87618255615234,"Female"
"9004153",371987,2025-06-19 00:19:57,42.6022071838379,-8.87600994110107,"Female"
"9004153",371987,2025-06-19 00:24:57,42.6023788452148,-8.87619209289551,"Female"
"9004153",371987,2025-06-19 00:29:56,42.602424621582,-8.87635231018066,"Female"
"9004153",371987,2025-06-19 00:34:57,42.6023788452148,-8.87611389160156,"Female"
"9004153",371987,2025-06-19 00:39:57,42.6024055480957,-8.87623023986816,"Female"
"9004153",371987,2025-06-19 00:44:56,42.6024589538574,-8.87627124786377,"Female"
"9004153",371987,2025-06-19 00:50:06,42.6026153564453,-8.87676525115967,"Female"
"9004153",371987,2025-06-19 00:54:57,42.6026802062988,-8.87684345245361,"Female"
"9004153",371987,2025-06-19 00:59:57,42.602725982666,-8.87691020965576,"Female"
"9004153",371987,2025-06-19 01:05:03,42.6028785705566,-8.87677192687988,"Female"
"9004153",371987,2025-06-19 01:09:58,42.602653503418,-8.87693691253662,"Female"
"9004153",371987,2025-06-19 01:14:58,42.6027336120605,-8.87689304351807,"Female"
"9004153",371987,2025-06-19 01:19:58,42.6026763916016,-8.87695598602295,"Female"
"9004153",371987,2025-06-19 01:24:57,42.6026000976562,-8.87676620483398,"Female"
"9004153",371987,2025-06-19 01:29:56,42.602725982666,-8.87678337097168,"Female"
"9004153",371987,2025-06-19 01:34:56,42.6027412414551,-8.87665176391602,"Female"
"9004153",371987,2025-06-19 01:39:58,42.6025886535645,-8.87695789337158,"Female"
"9004153",371987,2025-06-19 01:44:56,42.6023559570312,-8.87676620483398,"Female"
"9004153",371987,2025-06-19 01:49:57,42.602424621582,-8.87683773040771,"Female"
"9004153",371987,2025-06-19 01:54:56,42.6026268005371,-8.87682151794434,"Female"
"9004153",371987,2025-06-19 01:59:56,42.6025695800781,-8.87709617614746,"Female"
"9004153",371987,2025-06-19 02:04:57,42.6028251647949,-8.87707233428955,"Female"
"9004153",371987,2025-06-19 02:09:57,42.6026725769043,-8.87706661224365,"Female"
"9004153",371987,2025-06-19 02:14:57,42.6026992797852,-8.87705898284912,"Female"
"9004153",371987,2025-06-19 02:19:57,42.6027412414551,-8.87668418884277,"Female"
"9004153",371987,2025-06-19 02:24:56,42.6026458740234,-8.87704563140869,"Female"
"9004153",371987,2025-06-19 02:29:56,42.6026649475098,-8.87693786621094,"Female"
"9004153",371987,2025-06-19 02:34:56,42.6026573181152,-8.87691497802734,"Female"
"9004153",371987,2025-06-19 02:39:56,42.6026611328125,-8.87699508666992,"Female"
"9004153",371987,2025-06-19 02:44:56,42.6026916503906,-8.8770923614502,"Female"
"9004153",371987,2025-06-19 02:49:57,42.6026039123535,-8.87701320648193,"Female"
"9004153",371987,2025-06-19 02:54:56,42.6026344299316,-8.87709712982178,"Female"
"9004153",371987,2025-06-19 02:59:56,42.6026229858398,-8.87704944610596,"Female"
"9004153",371987,2025-06-19 03:04:56,42.602653503418,-8.87702369689941,"Female"
"9004153",371987,2025-06-19 03:09:57,42.602668762207,-8.87705230712891,"Female"
"9004153",371987,2025-06-19 03:14:58,42.6024589538574,-8.87686634063721,"Female"
"9004153",371987,2025-06-19 03:19:57,42.6027297973633,-8.87709522247314,"Female"
"9004153",371987,2025-06-19 03:24:57,42.6027145385742,-8.87702655792236,"Female"
"9004153",371987,2025-06-19 03:29:57,42.6027145385742,-8.87703132629395,"Female"
"9004153",371987,2025-06-19 03:34:57,42.6027526855469,-8.87711048126221,"Female"
"9004153",371987,2025-06-19 03:39:57,42.6027069091797,-8.87698841094971,"Female"
"9004153",371987,2025-06-19 03:44:58,42.6027183532715,-8.8770112991333,"Female"
"9004153",371987,2025-06-19 03:49:57,42.6026268005371,-8.8769359588623,"Female"
"9004153",371987,2025-06-19 03:54:57,42.6027679443359,-8.87704658508301,"Female"
"9004153",371987,2025-06-19 03:59:57,42.6021690368652,-8.87742233276367,"Female"
"9004153",371987,2025-06-19 04:05:00,42.6021194458008,-8.87737846374512,"Female"
"9004153",371987,2025-06-19 04:09:58,42.6021842956543,-8.87700462341309,"Female"
"9004153",371987,2025-06-19 04:14:56,42.6023292541504,-8.87718391418457,"Female"
"9004153",371987,2025-06-19 04:19:56,42.6025352478027,-8.87720775604248,"Female"
"9004153",371987,2025-06-19 04:24:56,42.6024856567383,-8.87713813781738,"Female"
"9004153",371987,2025-06-19 04:29:56,42.6024398803711,-8.87717819213867,"Female"
"9004153",371987,2025-06-19 04:34:57,42.6023406982422,-8.87663650512695,"Female"
"9004153",371987,2025-06-19 04:39:57,42.6023597717285,-8.87654972076416,"Female"
"9004153",371987,2025-06-19 04:44:58,42.6023635864258,-8.87656593322754,"Female"
"9004153",371987,2025-06-19 04:49:56,42.602352142334,-8.87654781341553,"Female"
"9004153",371987,2025-06-19 04:54:58,42.6024284362793,-8.87654972076416,"Female"
"9004153",371987,2025-06-19 05:00:06,42.6025238037109,-8.8767728805542,"Female"
"9004153",371987,2025-06-19 05:04:56,42.6024208068848,-8.87650680541992,"Female"
"9004153",371987,2025-06-19 05:10:13,42.6025352478027,-8.87654113769531,"Female"
"9004153",371987,2025-06-19 05:14:56,42.6024932861328,-8.87655925750732,"Female"
"9004153",371987,2025-06-19 05:19:57,42.6023750305176,-8.87685298919678,"Female"
"9004153",371987,2025-06-19 05:24:56,42.6024055480957,-8.8766622543335,"Female"
"9004153",371987,2025-06-19 05:29:56,42.6024742126465,-8.87658500671387,"Female"
"9004153",371987,2025-06-19 05:34:57,42.6024894714355,-8.87660598754883,"Female"
"9004153",371987,2025-06-19 05:39:56,42.6024131774902,-8.87648773193359,"Female"
"9004153",371987,2025-06-19 05:44:56,42.6024475097656,-8.87652206420898,"Female"
"9004153",371987,2025-06-19 05:49:56,42.6022567749023,-8.8762788772583,"Female"
"9004153",371987,2025-06-19 05:54:56,42.6020698547363,-8.87533187866211,"Female"
"9004153",371987,2025-06-19 05:59:59,42.6024360656738,-8.87634658813477,"Female"
"9004153",371987,2025-06-19 06:05:14,42.6015281677246,-8.87616443634033,"Female"
"9004153",371987,2025-06-19 06:09:57,42.6015434265137,-8.87633323669434,"Female"
"9004153",371987,2025-06-19 06:14:56,42.6014785766602,-8.87627220153809,"Female"
"9004153",371987,2025-06-19 06:19:56,42.6015014648438,-8.8760814666748,"Female"
"9004153",371987,2025-06-19 06:24:56,42.6014785766602,-8.87599849700928,"Female"
"9004153",371987,2025-06-19 06:29:58,42.6014404296875,-8.87613201141357,"Female"
"9004153",371987,2025-06-19 06:34:57,42.6013565063477,-8.87642860412598,"Female"
"9004153",371987,2025-06-19 06:40:00,42.6014175415039,-8.87605762481689,"Female"
"9004153",371987,2025-06-19 06:44:57,42.6013984680176,-8.87652206420898,"Female"
"9004153",371987,2025-06-19 06:50:07,42.6017456054688,-8.87654685974121,"Female"
"9004153",371987,2025-06-19 06:59:02,42.5987434387207,-8.87279891967773,"Female"
"9004153",371987,2025-06-19 07:06:02,42.5989799499512,-8.87088584899902,"Female"
"9004153",371987,2025-06-19 07:11:15,42.5995101928711,-8.87063789367676,"Female"
"9004153",371987,2025-06-19 07:16:15,42.6013603210449,-8.87709522247314,"Female"
"9004153",371987,2025-06-19 07:21:17,42.6015167236328,-8.87666130065918,"Female"
"9004153",371987,2025-06-19 07:26:17,42.6015968322754,-8.87674140930176,"Female"
"9004153",371987,2025-06-19 07:31:27,42.6014595031738,-8.87657451629639,"Female"
"9004153",371987,2025-06-19 07:36:16,42.6016006469727,-8.87684440612793,"Female"
"9004153",371987,2025-06-19 07:41:18,42.6015357971191,-8.87662124633789,"Female"
"9004153",371987,2025-06-19 07:46:44,42.601448059082,-8.87661933898926,"Female"
"9004153",371987,2025-06-19 07:51:15,42.6014175415039,-8.87665843963623,"Female"
"9004153",371987,2025-06-19 07:56:18,42.6014938354492,-8.87673282623291,"Female"
"9004153",371987,2025-06-19 08:01:18,42.6014976501465,-8.87654781341553,"Female"
"9004153",371987,2025-06-19 08:06:19,42.6015472412109,-8.87670803070068,"Female"
"9004153",371987,2025-06-19 08:11:15,42.6021194458008,-8.87852478027344,"Female"
"9004153",371987,2025-06-19 08:16:16,42.6060028076172,-8.89030742645264,"Female"
"9004153",371987,2025-06-19 08:21:24,42.601619720459,-8.87664604187012,"Female"
"9004153",371987,2025-06-19 08:26:14,42.6016807556152,-8.87679576873779,"Female"
"9004153",371987,2025-06-19 08:31:35,42.6014060974121,-8.87662410736084,"Female"
"9004153",371987,2025-06-19 08:36:14,42.6014099121094,-8.87661743164062,"Female"
"9004153",371987,2025-06-19 08:41:14,42.6014556884766,-8.87665748596191,"Female"
"9004153",371987,2025-06-19 08:46:14,42.6013870239258,-8.87662220001221,"Female"
"9004153",371987,2025-06-19 08:51:14,42.6014251708984,-8.87665271759033,"Female"
"9004153",371987,2025-06-19 08:56:14,42.6014289855957,-8.87660121917725,"Female"
"9004153",371987,2025-06-19 09:01:14,42.6013984680176,-8.87665462493896,"Female"
"9004153",371987,2025-06-19 09:06:14,42.6014137268066,-8.87664890289307,"Female"
"9004153",371987,2025-06-19 09:11:14,42.6014099121094,-8.87668228149414,"Female"
"9004153",371987,2025-06-19 09:16:19,42.6013679504395,-8.87666797637939,"Female"
"9004153",371987,2025-06-19 09:21:14,42.6014175415039,-8.87668228149414,"Female"
"9004153",371987,2025-06-19 09:26:14,42.6013259887695,-8.87666893005371,"Female"
"9004153",371987,2025-06-19 09:31:15,42.6015892028809,-8.87677955627441,"Female"
"9004153",371987,2025-06-19 09:36:14,42.6015815734863,-8.87676429748535,"Female"
"9004153",371987,2025-06-19 09:41:14,42.6014366149902,-8.8768367767334,"Female"
"9004153",371987,2025-06-19 09:46:14,42.6015472412109,-8.87675285339355,"Female"
"9004153",371987,2025-06-19 09:51:16,42.6013870239258,-8.87644386291504,"Female"
"9004153",371987,2025-06-19 09:56:14,42.6014022827148,-8.87663459777832,"Female"
"9004153",371987,2025-06-19 10:01:15,42.6015434265137,-8.87632465362549,"Female"
"9004153",371987,2025-06-19 10:06:13,42.6009407043457,-8.87428855895996,"Female"
"9004153",371987,2025-06-19 10:11:14,42.6005249023438,-8.87223339080811,"Female"
"9004153",371987,2025-06-19 10:16:47,42.5992965698242,-8.8713903427124,"Female"
"9004153",371987,2025-06-19 10:22:00,42.5997924804688,-8.87062835693359,"Female"
"9004153",371987,2025-06-19 10:27:00,42.600040435791,-8.87073707580566,"Female"
"9004153",371987,2025-06-19 10:32:38,42.6003761291504,-8.8697624206543,"Female"
"9004153",371987,2025-06-19 10:38:08,42.6003112792969,-8.86856651306152,"Female"
"9004153",371987,2025-06-19 10:43:25,42.6005249023438,-8.86903858184814,"Female"
"9004153",371987,2025-06-19 10:48:48,42.6022491455078,-8.86949253082275,"Female"
"9004153",371987,2025-06-19 10:54:07,42.602653503418,-8.87225437164307,"Female"
"9004153",371987,2025-06-19 10:59:09,42.6015777587891,-8.87372207641602,"Female"
"9004153",371987,2025-06-19 11:04:08,42.6016273498535,-8.87351322174072,"Female"
"9004153",371987,2025-06-19 11:09:11,42.6016311645508,-8.87342643737793,"Female"
"9004153",371987,2025-06-19 11:14:08,42.6016464233398,-8.8736686706543,"Female"
"9004153",371987,2025-06-19 11:19:07,42.6014747619629,-8.87381172180176,"Female"
"9004153",371987,2025-06-19 11:24:08,42.6014518737793,-8.87365055084229,"Female"
"9004153",371987,2025-06-19 11:29:06,42.6015930175781,-8.87351894378662,"Female"
"9004153",371987,2025-06-19 11:34:06,42.6014785766602,-8.87346744537354,"Female"
"9004153",371987,2025-06-19 11:39:11,42.6014404296875,-8.87326622009277,"Female"
"9004153",371987,2025-06-19 11:44:14,42.6015090942383,-8.873948097229,"Female"
"9004153",371987,2025-06-19 11:49:14,42.6015625,-8.87391662597656,"Female"
"9004153",371987,2025-06-19 11:54:09,42.6019630432129,-8.87413597106934,"Female"
"9004153",371987,2025-06-19 11:59:08,42.6017837524414,-8.87395763397217,"Female"
"9004153",371987,2025-06-19 12:04:09,42.6016006469727,-8.87388515472412,"Female"
"9004153",371987,2025-06-19 12:09:06,42.6015434265137,-8.87467575073242,"Female"
"9004153",371987,2025-06-19 12:14:07,42.6015281677246,-8.87441349029541,"Female"
"9004153",371987,2025-06-19 12:19:08,42.6015090942383,-8.87415599822998,"Female"
"9004153",371987,2025-06-19 12:24:06,42.6015930175781,-8.87467098236084,"Female"
"9004153",371987,2025-06-19 12:29:10,42.6012268066406,-8.87495231628418,"Female"
"9004153",371987,2025-06-19 12:34:09,42.5996284484863,-8.87531566619873,"Female"
"9004153",371987,2025-06-19 12:39:09,42.5987815856934,-8.87549304962158,"Female"
"9004153",371987,2025-06-19 12:44:09,42.5985374450684,-8.87487316131592,"Female"
"9004153",371987,2025-06-19 12:49:23,42.5983123779297,-8.87340831756592,"Female"
"9004153",371987,2025-06-19 12:54:19,42.5990371704102,-8.87215805053711,"Female"
"9004153",371987,2025-06-19 13:02:45,42.5994529724121,-8.87091159820557,"Female"
"9004153",371987,2025-06-19 13:07:59,42.5998229980469,-8.86971282958984,"Female"
"9004153",371987,2025-06-19 13:13:05,42.600269317627,-8.86918067932129,"Female"
"9004153",371987,2025-06-19 13:19:01,42.6000022888184,-8.8704662322998,"Female"
"9004153",371987,2025-06-19 13:24:19,42.6006507873535,-8.87208652496338,"Female"
"9004153",371987,2025-06-19 13:29:18,42.6014671325684,-8.87446212768555,"Female"
"9004153",371987,2025-06-19 13:34:19,42.6014404296875,-8.87433338165283,"Female"
"9004153",371987,2025-06-19 13:39:21,42.6015281677246,-8.8743257522583,"Female"
"9004153",371987,2025-06-19 13:44:23,42.6015396118164,-8.87431144714355,"Female"
"9004153",371987,2025-06-19 13:49:22,42.6014785766602,-8.87429428100586,"Female"
"9004153",371987,2025-06-19 13:54:22,42.6015357971191,-8.87434196472168,"Female"
"9004153",371987,2025-06-19 13:59:19,42.6014518737793,-8.87428092956543,"Female"
"9004153",371987,2025-06-19 14:04:21,42.6004257202148,-8.87694072723389,"Female"
"9004153",371987,2025-06-19 14:09:22,42.600471496582,-8.87700176239014,"Female"
"9004153",371987,2025-06-19 14:14:22,42.600414276123,-8.87696170806885,"Female"
"9004153",371987,2025-06-19 14:19:22,42.600471496582,-8.87698554992676,"Female"
"9004153",371987,2025-06-19 14:24:23,42.6004981994629,-8.87700748443604,"Female"
"9004153",371987,2025-06-19 14:29:24,42.6004981994629,-8.87700843811035,"Female"
"9004153",371987,2025-06-19 14:34:24,42.6004829406738,-8.8770112991333,"Female"
"9004153",371987,2025-06-19 14:39:24,42.6005363464355,-8.87706661224365,"Female"
"9004153",371987,2025-06-19 14:44:29,42.6005249023438,-8.87707901000977,"Female"
"9004153",371987,2025-06-19 14:49:33,42.6004638671875,-8.87699127197266,"Female"
"9004153",371987,2025-06-19 14:54:16,42.6004257202148,-8.87695407867432,"Female"
"9004153",371987,2025-06-19 14:59:16,42.6004409790039,-8.87700653076172,"Female"
"9004153",371987,2025-06-19 15:04:16,42.6005096435547,-8.87708377838135,"Female"
"9004153",371987,2025-06-19 15:09:16,42.6005401611328,-8.87708854675293,"Female"
"9004153",371987,2025-06-19 15:14:16,42.6005096435547,-8.87714099884033,"Female"
"9004153",371987,2025-06-19 15:19:16,42.6004829406738,-8.87704563140869,"Female"
"9004153",371987,2025-06-19 15:24:16,42.6004905700684,-8.87704086303711,"Female"
"9004153",371987,2025-06-19 15:29:16,42.6004905700684,-8.87702465057373,"Female"
"9004153",371987,2025-06-19 15:34:16,42.6005058288574,-8.87700748443604,"Female"
"9004153",371987,2025-06-19 15:39:17,42.6005249023438,-8.8770580291748,"Female"
"9004153",371987,2025-06-19 15:44:17,42.6005401611328,-8.87704372406006,"Female"
"9004153",371987,2025-06-19 15:49:16,42.6003952026367,-8.87690830230713,"Female"
"9004153",371987,2025-06-19 15:54:16,42.6006202697754,-8.87709140777588,"Female"
"9004153",371987,2025-06-19 15:59:16,42.6006278991699,-8.87710666656494,"Female"
"9004153",371987,2025-06-19 16:04:17,42.6004753112793,-8.87701511383057,"Female"
"9004153",371987,2025-06-19 16:09:16,42.6005668640137,-8.87704467773438,"Female"
"9004153",371987,2025-06-19 16:14:16,42.6006050109863,-8.87711143493652,"Female"
"9004153",371987,2025-06-19 16:19:17,42.6006317138672,-8.87691402435303,"Female"
"9004153",371987,2025-06-19 16:24:18,42.6007766723633,-8.87723255157471,"Female"
"9004153",371987,2025-06-19 16:29:19,42.6006660461426,-8.87723255157471,"Female"
"9004153",371987,2025-06-19 16:34:18,42.6007690429688,-8.87720584869385,"Female"
"9004153",371987,2025-06-19 16:39:31,42.6006011962891,-8.87707138061523,"Female"
"9004153",371987,2025-06-19 16:44:17,42.6000633239746,-8.87734413146973,"Female"
"9004153",371987,2025-06-19 16:49:15,42.6004600524902,-8.87693309783936,"Female"
"9004153",371987,2025-06-19 16:54:16,42.600414276123,-8.87697696685791,"Female"
"9004153",371987,2025-06-19 16:59:15,42.6001129150391,-8.87736320495605,"Female"
"9004153",371987,2025-06-19 17:04:16,42.6004638671875,-8.87686157226562,"Female"
"9004153",371987,2025-06-19 17:09:15,42.6004791259766,-8.87687206268311,"Female"
"9004153",371987,2025-06-19 17:14:16,42.6004676818848,-8.87687969207764,"Female"
"9004153",371987,2025-06-19 17:19:15,42.6003761291504,-8.87700080871582,"Female"
"9004153",371987,2025-06-19 17:24:16,42.6004257202148,-8.87694931030273,"Female"
"9004153",371987,2025-06-19 17:29:16,42.6004066467285,-8.8769416809082,"Female"
"9004153",371987,2025-06-19 17:34:16,42.6004104614258,-8.87690925598145,"Female"
"9004153",371987,2025-06-19 17:39:15,42.600399017334,-8.87693881988525,"Female"
"9004153",371987,2025-06-19 17:44:17,42.6003646850586,-8.87693119049072,"Female"
"9004153",371987,2025-06-19 17:49:16,42.6004257202148,-8.87699413299561,"Female"
"9004153",371987,2025-06-19 17:54:16,42.6004066467285,-8.87692546844482,"Female"
"9004153",371987,2025-06-19 17:59:16,42.6004257202148,-8.87693405151367,"Female"
"9004153",371987,2025-06-19 18:04:16,42.600414276123,-8.87693119049072,"Female"
"9004153",371987,2025-06-19 18:09:16,42.6003608703613,-8.8768949508667,"Female"
"9004153",371987,2025-06-19 18:14:16,42.6002655029297,-8.8767786026001,"Female"
"9004153",371987,2025-06-19 18:19:18,42.6005020141602,-8.87703132629395,"Female"
"9004153",371987,2025-06-19 18:24:18,42.6025657653809,-8.87689018249512,"Female"
"9004153",371987,2025-06-19 18:29:19,42.6025085449219,-8.8769006729126,"Female"
"9004153",371987,2025-06-19 18:34:25,42.6022720336914,-8.8766565322876,"Female"
"9004153",371987,2025-06-19 18:39:33,42.6013641357422,-8.87661075592041,"Female"
"9004153",371987,2025-06-19 18:44:16,42.6015510559082,-8.87663555145264,"Female"
"9004153",371987,2025-06-19 18:49:16,42.6014976501465,-8.87679767608643,"Female"
"9004153",371987,2025-06-19 18:54:16,42.6014862060547,-8.87671947479248,"Female"
"9004153",371987,2025-06-19 18:59:15,42.6016616821289,-8.87688159942627,"Female"
"9004153",371987,2025-06-19 19:04:16,42.6014289855957,-8.87668418884277,"Female"
"9004153",371987,2025-06-19 19:09:15,42.601505279541,-8.87672138214111,"Female"
"9004153",371987,2025-06-19 19:14:16,42.6015319824219,-8.87677574157715,"Female"
"9004153",371987,2025-06-19 19:19:15,42.6015396118164,-8.87682914733887,"Female"
"9004153",371987,2025-06-19 19:24:17,42.6014556884766,-8.87669944763184,"Female"
"9004153",371987,2025-06-19 19:29:16,42.6015396118164,-8.87685489654541,"Female"
"9004153",371987,2025-06-19 19:34:16,42.6022987365723,-8.87675857543945,"Female"
"9004153",371987,2025-06-19 19:39:17,42.6026458740234,-8.8774299621582,"Female"
"9004153",371987,2025-06-19 19:44:18,42.6024131774902,-8.87708568572998,"Female"
"9004153",371987,2025-06-19 19:49:20,42.602352142334,-8.87674331665039,"Female"
"9004153",371987,2025-06-19 19:54:16,42.602294921875,-8.87646961212158,"Female"
"9004153",371987,2025-06-19 19:59:18,42.6022605895996,-8.87662124633789,"Female"
"9004153",371987,2025-06-19 20:04:18,42.6022338867188,-8.87679862976074,"Female"
"9004153",371987,2025-06-19 20:09:16,42.6022720336914,-8.87671566009521,"Female"
"9004153",371987,2025-06-19 20:14:17,42.6023292541504,-8.87683296203613,"Female"
"9004153",371987,2025-06-19 20:19:18,42.6022529602051,-8.87662887573242,"Female"
"9004153",371987,2025-06-19 20:24:23,42.602352142334,-8.87673854827881,"Female"
"9004153",371987,2025-06-19 20:29:16,42.6023712158203,-8.87681674957275,"Female"
"9004153",371987,2025-06-19 20:34:19,42.6022605895996,-8.876633644104,"Female"
"9004153",371987,2025-06-19 20:39:18,42.602180480957,-8.8765115737915,"Female"
"9004153",371987,2025-06-19 20:44:17,42.6023063659668,-8.87667751312256,"Female"
"9004153",371987,2025-06-19 20:49:18,42.6022071838379,-8.87651538848877,"Female"
"9004153",371987,2025-06-19 20:54:18,42.6022605895996,-8.87658786773682,"Female"
"9004153",371987,2025-06-19 20:59:22,42.6023788452148,-8.87685298919678,"Female"
"9004153",371987,2025-06-19 21:04:26,42.6023712158203,-8.87678146362305,"Female"
"9004153",371987,2025-06-19 21:09:26,42.602409362793,-8.87677192687988,"Female"
"9004153",371987,2025-06-19 21:14:25,42.6023597717285,-8.87668800354004,"Female"
"9004153",371987,2025-06-19 21:19:31,42.6024055480957,-8.87684631347656,"Female"
"9004153",371987,2025-06-19 21:24:16,42.6019287109375,-8.87598991394043,"Female"
"9004153",371987,2025-06-19 21:29:17,42.6022071838379,-8.8763599395752,"Female"
"9004153",371987,2025-06-19 21:34:20,42.6022300720215,-8.87619400024414,"Female"
"9004153",371987,2025-06-19 21:39:18,42.6020889282227,-8.87585353851318,"Female"
"9004153",371987,2025-06-19 21:44:20,42.6021690368652,-8.87618350982666,"Female"
"9004153",371987,2025-06-19 21:49:19,42.6021118164062,-8.87605571746826,"Female"
"9004153",371987,2025-06-19 21:54:20,42.6022491455078,-8.87644958496094,"Female"
"9004153",371987,2025-06-19 21:59:16,42.6023139953613,-8.87637233734131,"Female"
"9004153",371987,2025-06-19 22:04:17,42.6022720336914,-8.87647247314453,"Female"
"9004153",371987,2025-06-19 22:09:18,42.602352142334,-8.87636566162109,"Female"
"9004153",371987,2025-06-19 22:14:16,42.6023483276367,-8.87635231018066,"Female"
"9004153",371987,2025-06-19 22:19:20,42.602294921875,-8.87644481658936,"Female"
"9004153",371987,2025-06-19 22:24:16,42.6022567749023,-8.87634563446045,"Female"
"9004153",371987,2025-06-19 22:29:16,42.6022605895996,-8.87614440917969,"Female"
"9004153",371987,2025-06-19 22:34:16,42.602222442627,-8.87618350982666,"Female"
"9004153",371987,2025-06-19 22:39:17,42.6022987365723,-8.87649917602539,"Female"
"9004153",371987,2025-06-19 22:44:16,42.6024856567383,-8.87634563446045,"Female"
"9004153",371987,2025-06-19 22:49:17,42.6023025512695,-8.87655830383301,"Female"
"9004153",371987,2025-06-19 22:54:23,42.6023788452148,-8.87642574310303,"Female"
"9004153",371987,2025-06-19 22:59:16,42.6023941040039,-8.87644672393799,"Female"
"9004153",371987,2025-06-19 23:04:16,42.6022605895996,-8.87651824951172,"Female"
"9004153",371987,2025-06-19 23:09:18,42.6021194458008,-8.87660980224609,"Female"
"9004153",371987,2025-06-19 23:14:25,42.6026153564453,-8.87635803222656,"Female"
"9004153",371987,2025-06-19 23:19:25,42.6024703979492,-8.87639427185059,"Female"
"9004153",371987,2025-06-19 23:24:25,42.6028327941895,-8.8763313293457,"Female"
"9004153",371987,2025-06-19 23:29:35,42.6021614074707,-8.87671279907227,"Female"
"9004153",371987,2025-06-19 23:34:17,42.6021347045898,-8.87676048278809,"Female"
"9004153",371987,2025-06-19 23:39:17,42.6021461486816,-8.87675476074219,"Female"
"9004153",371987,2025-06-19 23:44:17,42.6022071838379,-8.87668323516846,"Female"
"9004153",371987,2025-06-19 23:49:17,42.6021385192871,-8.8767147064209,"Female"
"9004153",371987,2025-06-19 23:54:17,42.6022644042969,-8.87672328948975,"Female"
"9004153",371987,2025-06-19 23:59:19,42.6021308898926,-8.87666416168213,"Female"
"9004153",371987,2025-06-20 00:04:20,42.6022911071777,-8.87668991088867,"Female"
"9004153",371987,2025-06-20 00:09:18,42.6023406982422,-8.87668323516846,"Female"
"9004153",371987,2025-06-20 00:14:19,42.6022682189941,-8.87668323516846,"Female"
"9004153",371987,2025-06-20 00:19:18,42.6023063659668,-8.87666893005371,"Female"
"9004153",371987,2025-06-20 00:24:18,42.6023330688477,-8.87670040130615,"Female"
"9004153",371987,2025-06-20 00:29:18,42.6023750305176,-8.87672233581543,"Female"
"9004153",371987,2025-06-20 00:34:20,42.6022987365723,-8.87671279907227,"Female"
"9004153",371987,2025-06-20 00:39:18,42.6023254394531,-8.87671089172363,"Female"
"9004153",371987,2025-06-20 00:44:17,42.6024742126465,-8.87674045562744,"Female"
"9004153",371987,2025-06-20 00:49:18,42.6024932861328,-8.87680625915527,"Female"
"9004153",371987,2025-06-20 00:54:22,42.6023406982422,-8.87673187255859,"Female"
"9004153",371987,2025-06-20 00:59:23,42.6023902893066,-8.87666416168213,"Female"
"9004153",371987,2025-06-20 01:04:31,42.6023483276367,-8.87661838531494,"Female"
"9004153",371987,2025-06-20 01:09:19,42.6023941040039,-8.87686252593994,"Female"
"9004153",371987,2025-06-20 01:14:21,42.6023635864258,-8.87664985656738,"Female"
"9004153",371987,2025-06-20 01:19:16,42.6020393371582,-8.87644958496094,"Female"
"9004153",371987,2025-06-20 01:24:16,42.602424621582,-8.87658405303955,"Female"
"9004153",371987,2025-06-20 01:29:25,42.6022605895996,-8.87658309936523,"Female"
"9004153",371987,2025-06-20 01:34:35,42.602352142334,-8.87665939331055,"Female"
"9004153",371987,2025-06-20 01:39:16,42.6023979187012,-8.87660312652588,"Female"
"9004153",371987,2025-06-20 01:44:16,42.6024284362793,-8.87668514251709,"Female"
"9004153",371987,2025-06-20 01:49:16,42.6023750305176,-8.87660598754883,"Female"
"9004153",371987,2025-06-20 01:54:16,42.602409362793,-8.87662887573242,"Female"
"9004153",371987,2025-06-20 01:59:17,42.6024436950684,-8.87664794921875,"Female"
"9004153",371987,2025-06-20 02:04:35,42.6024055480957,-8.87671279907227,"Female"
"9004153",371987,2025-06-20 02:09:15,42.6023445129395,-8.87675380706787,"Female"
"9004153",371987,2025-06-20 02:14:16,42.6024589538574,-8.87660026550293,"Female"
"9004153",371987,2025-06-20 02:19:18,42.6022605895996,-8.87671756744385,"Female"
"9004153",371987,2025-06-20 02:24:16,42.6023826599121,-8.87673282623291,"Female"
"9004153",371987,2025-06-20 02:29:16,42.6023178100586,-8.87662506103516,"Female"
"9004153",371987,2025-06-20 02:34:16,42.6023979187012,-8.87667083740234,"Female"
"9004153",371987,2025-06-20 02:39:16,42.6024055480957,-8.87679195404053,"Female"
"9004153",371987,2025-06-20 02:44:16,42.6023788452148,-8.87665462493896,"Female"
"9004153",371987,2025-06-20 02:49:16,42.602424621582,-8.87666034698486,"Female"
"9004153",371987,2025-06-20 02:54:16,42.6023025512695,-8.87664699554443,"Female"
"9004153",371987,2025-06-20 02:59:16,42.6023483276367,-8.87634944915771,"Female"
"9004153",371987,2025-06-20 03:04:17,42.6022071838379,-8.87667655944824,"Female"
"9004153",371987,2025-06-20 03:09:16,42.6020469665527,-8.87669849395752,"Female"
"9004153",371987,2025-06-20 03:14:16,42.6023292541504,-8.87651920318604,"Female"
"9004153",371987,2025-06-20 03:19:16,42.6022491455078,-8.87663745880127,"Female"
"9004153",371987,2025-06-20 03:24:16,42.6023826599121,-8.87652015686035,"Female"
"9004153",371987,2025-06-20 03:29:15,42.6021690368652,-8.87693977355957,"Female"
"9004153",371987,2025-06-20 03:34:21,42.6022720336914,-8.87668228149414,"Female"
"9004153",371987,2025-06-20 03:39:16,42.602367401123,-8.87597179412842,"Female"
"9004153",371987,2025-06-20 03:44:19,42.6022605895996,-8.87673282623291,"Female"
"9004153",371987,2025-06-20 03:49:15,42.6022262573242,-8.87671756744385,"Female"
"9004153",371987,2025-06-20 03:54:16,42.6022911071777,-8.87660980224609,"Female"
"9004153",371987,2025-06-20 03:59:16,42.602367401123,-8.87648010253906,"Female"
"9004153",371987,2025-06-20 04:04:15,42.6022605895996,-8.87689781188965,"Female"
"9004153",371987,2025-06-20 04:09:16,42.6026153564453,-8.87609481811523,"Female"
"9004153",371987,2025-06-20 04:14:15,42.6022300720215,-8.87664318084717,"Female"
"9004153",371987,2025-06-20 04:19:22,42.602180480957,-8.87671279907227,"Female"
"9004153",371987,2025-06-20 04:24:15,42.6022567749023,-8.87668514251709,"Female"
"9004153",371987,2025-06-20 04:29:15,42.6023483276367,-8.87648296356201,"Female"
"9004153",371987,2025-06-20 04:34:16,42.6024169921875,-8.87649726867676,"Female"
"9004153",371987,2025-06-20 04:39:16,42.6024131774902,-8.87653350830078,"Female"
"9004153",371987,2025-06-20 04:44:19,42.6025543212891,-8.87649536132812,"Female"
"9004153",371987,2025-06-20 04:49:15,42.6015815734863,-8.87657165527344,"Female"
"9004153",371987,2025-06-20 04:54:16,42.6015014648438,-8.87666130065918,"Female"
"9004153",371987,2025-06-20 04:59:16,42.6015357971191,-8.87667274475098,"Female"
"9004153",371987,2025-06-20 05:04:15,42.6015167236328,-8.87669849395752,"Female"
"9004153",371987,2025-06-20 05:09:15,42.6014709472656,-8.87668132781982,"Female"
"9004153",371987,2025-06-20 05:14:15,42.6014709472656,-8.87669467926025,"Female"
"9004153",371987,2025-06-20 05:19:15,42.6015090942383,-8.87668895721436,"Female"
"9004153",371987,2025-06-20 05:24:15,42.6014442443848,-8.87666988372803,"Female"
"9004153",371987,2025-06-20 05:29:15,42.6014633178711,-8.87664794921875,"Female"
"9004153",371987,2025-06-20 05:34:15,42.6014060974121,-8.87666511535645,"Female"
"9004153",371987,2025-06-20 05:39:15,42.6015129089355,-8.87679004669189,"Female"
"9004153",371987,2025-06-20 05:44:15,42.6015357971191,-8.87679672241211,"Female"
"9004153",371987,2025-06-20 05:49:15,42.6014747619629,-8.87669658660889,"Female"
"9004153",371987,2025-06-20 05:54:15,42.6014366149902,-8.87670803070068,"Female"
"9004153",371987,2025-06-20 05:59:15,42.601505279541,-8.87680721282959,"Female"
"9004153",371987,2025-06-20 06:04:15,42.6014137268066,-8.87670993804932,"Female"
"9004153",371987,2025-06-20 06:09:15,42.6015281677246,-8.87672519683838,"Female"
"9004153",371987,2025-06-20 06:14:15,42.6014595031738,-8.8767261505127,"Female"
"9004153",371987,2025-06-20 06:19:15,42.6014823913574,-8.87679958343506,"Female"
"9004153",371987,2025-06-20 06:24:15,42.6014709472656,-8.8766975402832,"Female"
"9004153",371987,2025-06-20 06:29:15,42.6014785766602,-8.87677192687988,"Female"
"9004153",371987,2025-06-20 06:34:15,42.6016464233398,-8.8767147064209,"Female"
"9004153",371987,2025-06-20 06:39:15,42.6014366149902,-8.8767204284668,"Female"
"9004153",371987,2025-06-20 06:44:15,42.6014595031738,-8.876784324646,"Female"
"9004153",371987,2025-06-20 06:49:15,42.6014404296875,-8.87675952911377,"Female"
"9004153",371987,2025-06-20 06:54:17,42.6015319824219,-8.87670707702637,"Female"
"9004153",371987,2025-06-20 06:59:15,42.6015129089355,-8.87672519683838,"Female"
"9004153",371987,2025-06-20 07:04:15,42.6014633178711,-8.87675380706787,"Female"
"9004153",371987,2025-06-20 07:09:15,42.6014556884766,-8.87672424316406,"Female"
"9004153",371987,2025-06-20 07:14:15,42.6014595031738,-8.8766918182373,"Female"
"9004153",371987,2025-06-20 07:19:15,42.601490020752,-8.8766975402832,"Female"
"9004153",371987,2025-06-20 07:24:15,42.6014785766602,-8.87672901153564,"Female"
"9004153",371987,2025-06-20 07:29:15,42.6014747619629,-8.87669277191162,"Female"
"9004153",371987,2025-06-20 07:34:15,42.6013870239258,-8.87666034698486,"Female"
"9004153",371987,2025-06-20 07:39:15,42.6019554138184,-8.87122917175293,"Female"
"9004153",371987,2025-06-20 07:44:33,42.6027297973633,-8.86994934082031,"Female"
"9004153",371987,2025-06-20 07:50:05,42.6018676757812,-8.86916828155518,"Female"
"9004153",371987,2025-06-20 07:54:49,42.6008567810059,-8.86781024932861,"Female"
"9004153",371987,2025-06-20 08:00:36,42.6010246276855,-8.86803436279297,"Female"
"9004153",371987,2025-06-20 08:06:04,42.6009101867676,-8.86783409118652,"Female"
"9004153",371987,2025-06-20 08:11:21,42.5998764038086,-8.86922740936279,"Female"
"9004153",371987,2025-06-20 08:16:30,42.5993232727051,-8.87048244476318,"Female"
"9004153",371987,2025-06-20 08:21:48,42.5988273620605,-8.87140846252441,"Female"
"9004153",371987,2025-06-20 08:26:49,42.5988731384277,-8.87321186065674,"Female"
"9004153",371987,2025-06-20 08:31:48,42.601432800293,-8.8742208480835,"Female"
"9004153",371987,2025-06-20 08:36:48,42.601448059082,-8.87427139282227,"Female"
"9004153",371987,2025-06-20 08:41:48,42.6015205383301,-8.87430858612061,"Female"
"9004153",371987,2025-06-20 08:46:48,42.6014175415039,-8.8742561340332,"Female"
"9004153",371987,2025-06-20 08:51:48,42.6014251708984,-8.87430763244629,"Female"
"9004153",371987,2025-06-20 08:56:48,42.601505279541,-8.87432479858398,"Female"
"9004153",371987,2025-06-20 09:01:48,42.6015243530273,-8.87431907653809,"Female"
"9004153",371987,2025-06-20 09:06:48,42.6014556884766,-8.87429904937744,"Female"
"9004153",371987,2025-06-20 09:11:48,42.6014976501465,-8.87427997589111,"Female"
"9004153",371987,2025-06-20 09:16:48,42.6014633178711,-8.87417221069336,"Female"
"9004153",371987,2025-06-20 09:21:48,42.6015129089355,-8.87437438964844,"Female"
"9004153",371987,2025-06-20 09:26:48,42.6014862060547,-8.8742733001709,"Female"
"9004153",371987,2025-06-20 09:31:48,42.6014785766602,-8.87426376342773,"Female"
"9004153",371987,2025-06-20 09:36:48,42.6014137268066,-8.87415885925293,"Female"
"9004153",371987,2025-06-20 09:41:48,42.6015548706055,-8.87437534332275,"Female"
"9004153",371987,2025-06-20 09:46:48,42.6015472412109,-8.8743200302124,"Female"
"9004153",371987,2025-06-20 09:51:50,42.6015625,-8.87428760528564,"Female"
"9004153",371987,2025-06-20 09:56:48,42.6015510559082,-8.87433910369873,"Female"
"9004153",371987,2025-06-20 10:01:48,42.6015892028809,-8.87437152862549,"Female"
"9004153",371987,2025-06-20 10:06:48,42.6016387939453,-8.87464141845703,"Female"
"9004153",371987,2025-06-20 10:11:48,42.6015090942383,-8.87428283691406,"Female"
"9004153",371987,2025-06-20 10:16:48,42.6015815734863,-8.8746223449707,"Female"
"9004153",371987,2025-06-20 10:21:48,42.6015930175781,-8.8747615814209,"Female"
"9004153",371987,2025-06-20 10:27:14,42.6015548706055,-8.87393760681152,"Female"
"9004153",371987,2025-06-20 10:31:51,42.6017074584961,-8.87416648864746,"Female"
"9004153",371987,2025-06-20 10:36:48,42.6016731262207,-8.87428379058838,"Female"
"9004153",371987,2025-06-20 10:41:48,42.6017951965332,-8.87413120269775,"Female"
"9004153",371987,2025-06-20 10:46:48,42.5999221801758,-8.87445259094238,"Female"
"9004153",371987,2025-06-20 10:52:08,42.5994529724121,-8.87215614318848,"Female"
"9004153",371987,2025-06-20 10:57:08,42.5995674133301,-8.87130832672119,"Female"
"9004153",371987,2025-06-20 11:02:42,42.5992240905762,-8.87242698669434,"Female"
"9004153",371987,2025-06-20 11:07:45,42.6008338928223,-8.87158012390137,"Female"
"9004153",371987,2025-06-20 11:14:23,42.6025123596191,-8.87243461608887,"Female"
"9004153",371987,2025-06-20 11:22:25,42.6049766540527,-8.87321949005127,"Female"
"9004153",371987,2025-06-20 11:27:27,42.6040077209473,-8.87294006347656,"Female"
"9004153",371987,2025-06-20 11:32:27,42.6040229797363,-8.87291145324707,"Female"
"9004153",371987,2025-06-20 11:37:24,42.6039924621582,-8.87295246124268,"Female"
"9004153",371987,2025-06-20 11:42:21,42.6040840148926,-8.87287425994873,"Female"
"9004153",371987,2025-06-20 11:47:44,42.6040115356445,-8.87310886383057,"Female"
"9004153",371987,2025-06-20 11:52:17,42.6040267944336,-8.8729190826416,"Female"
"9004153",371987,2025-06-20 11:57:16,42.6039619445801,-8.87311363220215,"Female"
"9004153",371987,2025-06-20 12:02:17,42.6039886474609,-8.87314414978027,"Female"
"9004153",371987,2025-06-20 12:07:16,42.6039543151855,-8.87311840057373,"Female"
"9004153",371987,2025-06-20 12:12:40,42.6039581298828,-8.87300109863281,"Female"
"9004153",371987,2025-06-20 12:21:55,42.6040954589844,-8.87345886230469,"Female"
"9004153",371987,2025-06-20 12:26:54,42.6038360595703,-8.87323474884033,"Female"
"9004153",371987,2025-06-20 12:31:51,42.6036262512207,-8.87368202209473,"Female"
"9004153",371987,2025-06-20 12:37:14,42.6037635803223,-8.87316513061523,"Female"
"9004153",371987,2025-06-20 12:41:59,42.6037445068359,-8.87313461303711,"Female"
"9004153",371987,2025-06-20 12:46:51,42.6037139892578,-8.87353324890137,"Female"
"9004153",371987,2025-06-20 12:51:51,42.6036834716797,-8.87354564666748,"Female"
"9004153",371987,2025-06-20 12:57:14,42.6038055419922,-8.87322235107422,"Female"
"9004153",371987,2025-06-20 13:01:51,42.6032943725586,-8.87393283843994,"Female"
"9004153",371987,2025-06-20 13:06:51,42.603328704834,-8.87394905090332,"Female"
"9004153",371987,2025-06-20 13:11:51,42.6035537719727,-8.87360191345215,"Female"
"9004153",371987,2025-06-20 13:16:51,42.6033172607422,-8.87382316589355,"Female"
"9004153",371987,2025-06-20 13:21:51,42.6033630371094,-8.87381744384766,"Female"
"9004153",371987,2025-06-20 13:26:51,42.6039810180664,-8.87302303314209,"Female"
"9004153",371987,2025-06-20 13:32:02,42.6046485900879,-8.8739652633667,"Female"
"9004153",371987,2025-06-20 13:37:02,42.60498046875,-8.87417697906494,"Female"
"9004153",371987,2025-06-20 13:42:43,42.6054039001465,-8.87417030334473,"Female"
"9004153",371987,2025-06-20 13:47:41,42.6053047180176,-8.87499237060547,"Female"
"9004153",371987,2025-06-20 13:53:10,42.605842590332,-8.8739128112793,"Female"
"9004153",371987,2025-06-20 13:58:52,42.6051788330078,-8.87422561645508,"Female"
"9004153",371987,2025-06-20 14:03:51,42.6038932800293,-8.87315368652344,"Female"
"9004153",371987,2025-06-20 14:08:51,42.6039886474609,-8.8730411529541,"Female"
"9004153",371987,2025-06-20 14:13:50,42.6039199829102,-8.8729944229126,"Female"
"9004153",371987,2025-06-20 14:18:50,42.6040000915527,-8.87320232391357,"Female"
"9004153",371987,2025-06-20 14:23:50,42.6040267944336,-8.87298679351807,"Female"
"9004153",371987,2025-06-20 14:28:50,42.6040000915527,-8.87293815612793,"Female"
"9004153",371987,2025-06-20 14:33:50,42.6041297912598,-8.87319374084473,"Female"
"9004153",371987,2025-06-20 14:38:50,42.6041412353516,-8.87312412261963,"Female"
"9004153",371987,2025-06-20 14:43:50,42.6039810180664,-8.87296581268311,"Female"
"9004153",371987,2025-06-20 14:48:50,42.6039047241211,-8.87298393249512,"Female"
"9004153",371987,2025-06-20 14:53:50,42.6038703918457,-8.8729419708252,"Female"
"9004153",371987,2025-06-20 14:58:50,42.6040115356445,-8.8730583190918,"Female"
"9004153",371987,2025-06-20 15:03:50,42.6038284301758,-8.87290382385254,"Female"
"9004153",371987,2025-06-20 15:08:50,42.6038475036621,-8.8729772567749,"Female"
"9004153",371987,2025-06-20 15:13:51,42.6039047241211,-8.87311363220215,"Female"
"9004153",371987,2025-06-20 15:18:52,42.6038513183594,-8.87297630310059,"Female"
"9004153",371987,2025-06-20 15:23:50,42.6038360595703,-8.87295055389404,"Female"
"9004153",371987,2025-06-20 15:28:50,42.6037559509277,-8.87291145324707,"Female"
"9004153",371987,2025-06-20 15:33:50,42.6037635803223,-8.87290191650391,"Female"
"9004153",371987,2025-06-20 15:38:50,42.6037330627441,-8.87292098999023,"Female"
"9004153",371987,2025-06-20 15:43:50,42.6035842895508,-8.87279415130615,"Female"
"9004153",371987,2025-06-20 15:48:50,42.6036491394043,-8.87289714813232,"Female"
"9004153",371987,2025-06-20 15:53:50,42.6038093566895,-8.87303733825684,"Female"
"9004153",371987,2025-06-20 15:58:50,42.6037483215332,-8.87298393249512,"Female"
"9004153",371987,2025-06-20 16:03:50,42.6038131713867,-8.87313461303711,"Female"
"9004153",371987,2025-06-20 16:08:50,42.603832244873,-8.87317371368408,"Female"
"9004153",371987,2025-06-20 16:13:50,42.6037902832031,-8.8730297088623,"Female"
"9004153",371987,2025-06-20 16:18:50,42.6038932800293,-8.87320613861084,"Female"
"9004153",371987,2025-06-20 16:23:50,42.6003723144531,-8.87672805786133,"Female"
"9004153",371987,2025-06-20 16:28:50,42.6004409790039,-8.87698459625244,"Female"
"9004153",371987,2025-06-20 16:33:50,42.6005706787109,-8.87691974639893,"Female"
"9004153",371987,2025-06-20 16:38:50,42.600528717041,-8.87682342529297,"Female"
"9004153",371987,2025-06-20 16:43:50,42.600528717041,-8.87681865692139,"Female"
"9004153",371987,2025-06-20 16:48:50,42.6005439758301,-8.87690925598145,"Female"
"9004153",371987,2025-06-20 16:53:50,42.6012878417969,-8.87633037567139,"Female"
"9004153",371987,2025-06-20 16:58:51,42.6011810302734,-8.87620735168457,"Female"
"9004153",371987,2025-06-20 17:03:51,42.601203918457,-8.87633037567139,"Female"
"9004153",371987,2025-06-20 17:08:50,42.6011428833008,-8.87642383575439,"Female"
"9004153",371987,2025-06-20 17:13:51,42.6010284423828,-8.8764820098877,"Female"
"9004153",371987,2025-06-20 17:18:50,42.6011962890625,-8.87655353546143,"Female"
"9004153",371987,2025-06-20 17:23:50,42.6010894775391,-8.87656402587891,"Female"
"9004153",371987,2025-06-20 17:28:50,42.6011428833008,-8.87658214569092,"Female"
"9004153",371987,2025-06-20 17:33:50,42.601146697998,-8.87666988372803,"Female"
"9004153",371987,2025-06-20 17:38:50,42.60107421875,-8.87673282623291,"Female"
"9004153",371987,2025-06-20 17:43:50,42.6010093688965,-8.87676239013672,"Female"
"9004153",371987,2025-06-20 17:48:50,42.6010818481445,-8.87681198120117,"Female"
"9004153",371987,2025-06-20 17:53:50,42.6020584106445,-8.87415027618408,"Female"
"9004153",371987,2025-06-20 17:58:50,42.6020736694336,-8.87414646148682,"Female"
"9004153",371987,2025-06-20 18:03:50,42.6020011901855,-8.87423801422119,"Female"
"9004153",371987,2025-06-20 18:08:50,42.6019973754883,-8.87424278259277,"Female"
"9004153",371987,2025-06-20 18:13:50,42.6020278930664,-8.87430667877197,"Female"
"9004153",371987,2025-06-20 18:18:50,42.6020469665527,-8.874342918396,"Female"
"9004153",371987,2025-06-20 18:23:50,42.6019821166992,-8.87430191040039,"Female"
"9004153",371987,2025-06-20 18:28:50,42.6020355224609,-8.87439060211182,"Female"
"9004153",371987,2025-06-20 18:34:23,42.6017951965332,-8.87435150146484,"Female"
"9004153",371987,2025-06-20 18:39:37,42.6049156188965,-8.87499141693115,"Female"
"9004153",371987,2025-06-20 18:45:05,42.6059608459473,-8.87360382080078,"Female"
"9004153",371987,2025-06-20 18:50:19,42.6064834594727,-8.87153816223145,"Female"
"9004153",371987,2025-06-20 18:55:27,42.6065711975098,-8.87080574035645,"Female"
"9004153",371987,2025-06-20 19:00:26,42.6013298034668,-8.87399196624756,"Female"
"9004153",371987,2025-06-20 19:05:26,42.6016044616699,-8.87445068359375,"Female"
"9004153",371987,2025-06-20 19:10:26,42.6015472412109,-8.87440967559814,"Female"
"9004153",371987,2025-06-20 19:15:26,42.6014099121094,-8.87415790557861,"Female"
"9004153",371987,2025-06-20 19:20:26,42.6013717651367,-8.87406158447266,"Female"
"9004153",371987,2025-06-20 19:25:26,42.6014633178711,-8.87671947479248,"Female"
"9004153",371987,2025-06-20 19:30:26,42.6012344360352,-8.87625122070312,"Female"
"9004153",371987,2025-06-20 19:35:26,42.6020660400391,-8.8765697479248,"Female"
"9004153",371987,2025-06-20 19:40:27,42.601734161377,-8.87570190429688,"Female"
"9004153",371987,2025-06-20 19:45:27,42.6022033691406,-8.8757152557373,"Female"
"9004153",371987,2025-06-20 19:50:44,42.6023483276367,-8.87699222564697,"Female"
"9004153",371987,2025-06-20 19:55:26,42.6024742126465,-8.87733936309814,"Female"
"9004153",371987,2025-06-20 20:00:26,42.6023139953613,-8.8769474029541,"Female"
"9004153",371987,2025-06-20 20:05:25,42.6022605895996,-8.87666702270508,"Female"
"9004153",371987,2025-06-20 20:10:26,42.602294921875,-8.87688732147217,"Female"
"9004153",371987,2025-06-20 20:15:26,42.6025009155273,-8.87710952758789,"Female"
"9004153",371987,2025-06-20 20:20:29,42.6022987365723,-8.87687587738037,"Female"
"9004153",371987,2025-06-20 20:25:29,42.6023025512695,-8.87694644927979,"Female"
"9004153",371987,2025-06-20 20:30:26,42.6024131774902,-8.8770751953125,"Female"
"9004153",371987,2025-06-20 20:35:31,42.6025314331055,-8.87726306915283,"Female"
"9004153",371987,2025-06-20 20:40:29,42.6023063659668,-8.87676048278809,"Female"
"9004153",371987,2025-06-20 20:45:36,42.6024703979492,-8.87719058990479,"Female"
"9004153",371987,2025-06-20 20:50:29,42.602653503418,-8.87760734558105,"Female"
"9004153",371987,2025-06-20 20:55:36,42.602481842041,-8.87726783752441,"Female"
"9004153",371987,2025-06-20 21:00:28,42.6025695800781,-8.87740516662598,"Female"
"9004153",371987,2025-06-20 21:05:36,42.6024627685547,-8.87712574005127,"Female"
"9004153",371987,2025-06-20 21:10:27,42.6024475097656,-8.87697219848633,"Female"
"9004153",371987,2025-06-20 21:15:27,42.6024017333984,-8.87692642211914,"Female"
"9004153",371987,2025-06-20 21:20:27,42.602123260498,-8.87645721435547,"Female"
"9004153",371987,2025-06-20 21:25:36,42.6024627685547,-8.87704372406006,"Female"
"9004153",371987,2025-06-20 21:30:26,42.6023559570312,-8.87681674957275,"Female"
"9004153",371987,2025-06-20 21:35:26,42.6023559570312,-8.87684535980225,"Female"
"9004153",371987,2025-06-20 21:40:29,42.6023941040039,-8.87693309783936,"Female"
"9004153",371987,2025-06-20 21:45:27,42.6023902893066,-8.87689399719238,"Female"
"9004153",371987,2025-06-20 21:50:26,42.6024551391602,-8.87692451477051,"Female"
"9004153",371987,2025-06-20 21:55:26,42.6024856567383,-8.87698459625244,"Female"
"9004153",371987,2025-06-20 22:00:28,42.6024475097656,-8.8769474029541,"Female"
"9004153",371987,2025-06-20 22:05:27,42.6026229858398,-8.87694263458252,"Female"
"9004153",371987,2025-06-20 22:10:27,42.6025772094727,-8.87692928314209,"Female"
"9004153",371987,2025-06-20 22:15:28,42.602466583252,-8.87693119049072,"Female"
"9004153",371987,2025-06-20 22:20:29,42.6024856567383,-8.87695693969727,"Female"
"9004153",371987,2025-06-20 22:25:29,42.6024856567383,-8.87696552276611,"Female"
"9004153",371987,2025-06-20 22:30:28,42.6024055480957,-8.87720966339111,"Female"
"9004153",371987,2025-06-20 22:35:29,42.6024284362793,-8.87722778320312,"Female"
"9004153",371987,2025-06-20 22:40:28,42.602466583252,-8.87700939178467,"Female"
"9004153",371987,2025-06-20 22:45:28,42.6024780273438,-8.87696361541748,"Female"
"9004153",371987,2025-06-20 22:50:29,42.6023635864258,-8.87692642211914,"Female"
"9004153",371987,2025-06-20 22:55:29,42.6024551391602,-8.87684535980225,"Female"
"9004153",371987,2025-06-20 23:00:29,42.6024169921875,-8.87683963775635,"Female"
"9004153",371987,2025-06-20 23:05:28,42.6024894714355,-8.87680816650391,"Female"
"9004153",371987,2025-06-20 23:10:27,42.6023902893066,-8.87677955627441,"Female"
"9004153",371987,2025-06-20 23:15:29,42.6024208068848,-8.87671852111816,"Female"
"9004153",371987,2025-06-20 23:20:33,42.6024971008301,-8.87666702270508,"Female"
"9004153",371987,2025-06-20 23:25:59,42.602352142334,-8.87669658660889,"Female"
"9004153",371987,2025-06-20 23:30:26,42.602237701416,-8.87665748596191,"Female"
"9004153",371987,2025-06-20 23:35:26,42.6023864746094,-8.87672901153564,"Female"
"9004153",371987,2025-06-20 23:40:26,42.6024513244629,-8.87676620483398,"Female"
"9004153",371987,2025-06-20 23:45:26,42.6023979187012,-8.8766975402832,"Female"
"9004153",371987,2025-06-20 23:50:26,42.6024589538574,-8.87675380706787,"Female"
"9004153",371987,2025-06-20 23:55:44,42.602424621582,-8.87674045562744,"Female"
"9004153",371987,2025-06-21 00:00:26,42.6024169921875,-8.87674713134766,"Female"
"9004153",371987,2025-06-21 00:05:26,42.6024894714355,-8.8766622543335,"Female"
"9004153",371987,2025-06-21 00:10:26,42.6024780273438,-8.87674522399902,"Female"
"9004153",371987,2025-06-21 00:15:26,42.6024742126465,-8.87674713134766,"Female"
"9004153",371987,2025-06-21 00:20:26,42.6025581359863,-8.87675380706787,"Female"
"9004153",371987,2025-06-21 00:25:26,42.6026344299316,-8.87673759460449,"Female"
"9004153",371987,2025-06-21 00:30:26,42.6026306152344,-8.8767147064209,"Female"
"9004153",371987,2025-06-21 00:35:26,42.6027565002441,-8.87686538696289,"Female"
"9004153",371987,2025-06-21 00:40:26,42.6027488708496,-8.87683296203613,"Female"
"9004153",371987,2025-06-21 00:45:26,42.6026954650879,-8.87664222717285,"Female"
"9004153",371987,2025-06-21 00:50:27,42.6026573181152,-8.87656402587891,"Female"
"9004153",371987,2025-06-21 00:55:26,42.6026916503906,-8.87663650512695,"Female"
"9004153",371987,2025-06-21 01:00:26,42.6027336120605,-8.87678241729736,"Female"
"9004153",371987,2025-06-21 01:05:27,42.602710723877,-8.87665748596191,"Female"
"9004153",371987,2025-06-21 01:10:27,42.6027336120605,-8.87666320800781,"Female"
"9004153",371987,2025-06-21 01:15:26,42.6026420593262,-8.87672138214111,"Female"
"9004153",371987,2025-06-21 01:20:26,42.6026039123535,-8.87679386138916,"Female"
"9004153",371987,2025-06-21 01:25:26,42.6026191711426,-8.87676811218262,"Female"
"9004153",371987,2025-06-21 01:30:26,42.6025543212891,-8.87673473358154,"Female"
"9004153",371987,2025-06-21 01:35:28,42.6025581359863,-8.87669372558594,"Female"
"9004153",371987,2025-06-21 01:40:26,42.6025047302246,-8.87661933898926,"Female"
"9004153",371987,2025-06-21 01:45:26,42.6025695800781,-8.87671089172363,"Female"
"9004153",371987,2025-06-21 01:50:26,42.6025543212891,-8.87664031982422,"Female"
"9004153",371987,2025-06-21 01:55:27,42.6025352478027,-8.87655448913574,"Female"
"9004153",371987,2025-06-21 02:00:40,42.602596282959,-8.8765869140625,"Female"
"9004153",371987,2025-06-21 02:05:26,42.6024627685547,-8.87685203552246,"Female"
"9004153",371987,2025-06-21 02:10:30,42.6024627685547,-8.87673568725586,"Female"
"9004153",371987,2025-06-21 02:15:26,42.602481842041,-8.87671089172363,"Female"
"9004153",371987,2025-06-21 02:20:26,42.6024551391602,-8.87672996520996,"Female"
"9004153",371987,2025-06-21 02:25:30,42.6024169921875,-8.87660884857178,"Female"
"9004153",371987,2025-06-21 02:30:26,42.6024475097656,-8.87657451629639,"Female"
"9004153",371987,2025-06-21 02:35:28,42.6024932861328,-8.87721347808838,"Female"
"9004153",371987,2025-06-21 02:40:27,42.6024589538574,-8.87660312652588,"Female"
"9004153",371987,2025-06-21 02:45:30,42.6022987365723,-8.87673759460449,"Female"
"9004153",371987,2025-06-21 02:50:41,42.6024017333984,-8.87663078308105,"Female"
"9004153",371987,2025-06-21 02:55:26,42.6024627685547,-8.87661838531494,"Female"
"9004153",371987,2025-06-21 03:00:26,42.602466583252,-8.87666606903076,"Female"
"9004153",371987,2025-06-21 03:05:26,42.602424621582,-8.87662506103516,"Female"
"9004153",371987,2025-06-21 03:10:26,42.6025085449219,-8.87671947479248,"Female"
"9004153",371987,2025-06-21 03:15:26,42.6023292541504,-8.87666034698486,"Female"
"9004153",371987,2025-06-21 03:20:30,42.6022987365723,-8.87667655944824,"Female"
"9004153",371987,2025-06-21 03:25:30,42.602180480957,-8.8765754699707,"Female"
"9004153",371987,2025-06-21 03:30:27,42.6022796630859,-8.87674999237061,"Female"
"9004153",371987,2025-06-21 03:35:29,42.601936340332,-8.87670993804932,"Female"
"9004153",371987,2025-06-21 03:40:59,42.6022758483887,-8.87679386138916,"Female"
"9004153",371987,2025-06-21 03:45:25,42.6023101806641,-8.87668132781982,"Female"
"9004153",371987,2025-06-21 03:50:26,42.6023101806641,-8.87694549560547,"Female"
"9004153",371987,2025-06-21 03:55:26,42.6022605895996,-8.8768835067749,"Female"
"9004153",371987,2025-06-21 04:00:26,42.6022529602051,-8.87674522399902,"Female"
"9004153",371987,2025-06-21 04:05:26,42.6023445129395,-8.87646198272705,"Female"
"9004153",371987,2025-06-21 04:10:26,42.6022720336914,-8.87677097320557,"Female"
"9004153",371987,2025-06-21 04:15:27,42.6023254394531,-8.87669563293457,"Female"
"9004153",371987,2025-06-21 04:20:26,42.6023330688477,-8.87664413452148,"Female"
"9004153",371987,2025-06-21 04:25:26,42.6023216247559,-8.87669467926025,"Female"
"9004153",371987,2025-06-21 04:30:35,42.6023445129395,-8.87675857543945,"Female"
"9004153",371987,2025-06-21 04:35:27,42.6024017333984,-8.87673854827881,"Female"
"9004153",371987,2025-06-21 04:40:27,42.6021461486816,-8.87615394592285,"Female"
"9004153",371987,2025-06-21 04:45:28,42.602222442627,-8.87636470794678,"Female"
"9004153",371987,2025-06-21 04:50:27,42.6022567749023,-8.87632179260254,"Female"
"9004153",371987,2025-06-21 04:55:30,42.6022148132324,-8.87640571594238,"Female"
"9004153",371987,2025-06-21 05:00:33,42.6024398803711,-8.87676620483398,"Female"
"9004153",371987,2025-06-21 05:05:26,42.6023178100586,-8.87674903869629,"Female"
"9004153",371987,2025-06-21 05:10:26,42.6014404296875,-8.87672328948975,"Female"
"9004153",371987,2025-06-21 05:15:28,42.601505279541,-8.87674903869629,"Female"
"9004153",371987,2025-06-21 05:20:26,42.6015014648438,-8.87668704986572,"Female"
"9004153",371987,2025-06-21 05:25:28,42.6014137268066,-8.87662220001221,"Female"
"9004153",371987,2025-06-21 05:30:26,42.6014366149902,-8.87666702270508,"Female"
"9004153",371987,2025-06-21 05:35:26,42.601432800293,-8.87658596038818,"Female"
"9004153",371987,2025-06-21 05:40:33,42.6014671325684,-8.87668037414551,"Female"
"9004153",371987,2025-06-21 05:45:26,42.6013412475586,-8.87639331817627,"Female"
"9004153",371987,2025-06-21 05:50:26,42.6014518737793,-8.87668800354004,"Female"
"9004153",371987,2025-06-21 05:55:26,42.6014709472656,-8.87667369842529,"Female"
"9004153",371987,2025-06-21 06:00:44,42.6014366149902,-8.87657833099365,"Female"
"9004153",371987,2025-06-21 06:05:26,42.6013450622559,-8.87651634216309,"Female"
"9004153",371987,2025-06-21 06:10:26,42.6012992858887,-8.87645530700684,"Female"
"9004153",371987,2025-06-21 06:15:26,42.6012344360352,-8.87637805938721,"Female"
"9004153",371987,2025-06-21 06:20:27,42.6013679504395,-8.87662696838379,"Female"
"9004153",371987,2025-06-21 06:25:26,42.6013717651367,-8.87636947631836,"Female"
"9004153",371987,2025-06-21 06:30:27,42.6013793945312,-8.87659549713135,"Female"
"9004153",371987,2025-06-21 06:35:36,42.6013793945312,-8.87669467926025,"Female"
"9004153",371987,2025-06-21 06:40:35,42.6013221740723,-8.8765344619751,"Female"
"9004153",371987,2025-06-21 06:45:52,42.6014709472656,-8.87676048278809,"Female"
"9004153",371987,2025-06-21 06:50:36,42.6013374328613,-8.87657260894775,"Female"
"9004153",371987,2025-06-21 06:55:34,42.6011543273926,-8.87620067596436,"Female"
"9004153",371987,2025-06-21 07:00:46,42.6013298034668,-8.87668323516846,"Female"
"9004153",371987,2025-06-21 07:05:36,42.601448059082,-8.87662124633789,"Female"
"9004153",371987,2025-06-21 07:10:36,42.6014595031738,-8.87695026397705,"Female"
"9004153",371987,2025-06-21 07:15:36,42.6013832092285,-8.87674713134766,"Female"
"9004153",371987,2025-06-21 07:20:39,42.6014060974121,-8.87680721282959,"Female"
"9004153",371987,2025-06-21 07:25:59,42.6013603210449,-8.8765926361084,"Female"
"9004153",371987,2025-06-21 07:30:25,42.6013793945312,-8.8766040802002,"Female"
"9004153",371987,2025-06-21 07:35:26,42.6014022827148,-8.87663650512695,"Female"
"9004153",371987,2025-06-21 07:40:30,42.6014747619629,-8.87655258178711,"Female"
"9004153",371987,2025-06-21 07:45:56,42.6014442443848,-8.87659168243408,"Female"
"9004153",371987,2025-06-21 07:50:25,42.6015243530273,-8.87656211853027,"Female"
"9004153",371987,2025-06-21 07:55:25,42.6012115478516,-8.87678718566895,"Female"
"9004153",371987,2025-06-21 08:00:27,42.6015129089355,-8.8765926361084,"Female"
"9004153",371987,2025-06-21 08:05:25,42.6015243530273,-8.87651920318604,"Female"
"9004153",371987,2025-06-21 08:10:26,42.6014976501465,-8.87657070159912,"Female"
"9004153",371987,2025-06-21 08:15:25,42.6015434265137,-8.87656593322754,"Female"
"9004153",371987,2025-06-21 08:20:26,42.601921081543,-8.87668895721436,"Female"
"9004153",371987,2025-06-21 08:25:25,42.6019668579102,-8.87669658660889,"Female"
"9004153",371987,2025-06-21 08:30:26,42.6022567749023,-8.87678337097168,"Female"
"9004153",371987,2025-06-21 08:35:26,42.6030120849609,-8.87742233276367,"Female"
"9004153",371987,2025-06-21 08:40:26,42.6023216247559,-8.87674713134766,"Female"
"9004153",371987,2025-06-21 08:45:29,42.6024017333984,-8.87668132781982,"Female"
"9004153",371987,2025-06-21 08:50:28,42.6022453308105,-8.87675666809082,"Female"
"9004153",371987,2025-06-21 08:55:26,42.6029777526855,-8.8726167678833,"Female"
"9004153",371987,2025-06-21 09:00:26,42.6052894592285,-8.86778259277344,"Female"
"9004153",371987,2025-06-21 09:05:30,42.6058158874512,-8.86973571777344,"Female"
"9004153",371987,2025-06-21 09:10:26,42.6071243286133,-8.87118244171143,"Female"
"9004153",371987,2025-06-21 09:15:28,42.6038436889648,-8.87327098846436,"Female"
"9004153",371987,2025-06-21 09:20:27,42.6038360595703,-8.87328720092773,"Female"
"9004153",371987,2025-06-21 09:25:26,42.6038055419922,-8.87323760986328,"Female"
"9004153",371987,2025-06-21 09:30:26,42.6038093566895,-8.8732328414917,"Female"
"9004153",371987,2025-06-21 09:35:26,42.6037483215332,-8.87326717376709,"Female"
"9004153",371987,2025-06-21 09:40:26,42.6038055419922,-8.87326526641846,"Female"
"9004153",371987,2025-06-21 09:45:26,42.603816986084,-8.87325859069824,"Female"
"9004153",371987,2025-06-21 09:50:26,42.604621887207,-8.8735523223877,"Female"
"9004153",371987,2025-06-21 09:55:51,42.6061668395996,-8.87435531616211,"Female"
"9004153",371987,2025-06-21 10:01:22,42.6069679260254,-8.87372207641602,"Female"
"9004153",371987,2025-06-21 10:06:40,42.6065902709961,-8.87464427947998,"Female"
"9004153",371987,2025-06-21 10:11:27,42.6072540283203,-8.87305355072021,"Female"
"9004153",371987,2025-06-21 10:16:27,42.6093559265137,-8.87294006347656,"Female"
"9004153",371987,2025-06-21 10:21:30,42.6114387512207,-8.87368774414062,"Female"
"9004153",371987,2025-06-21 10:26:31,42.6113929748535,-8.87511348724365,"Female"
"9004153",371987,2025-06-21 10:31:44,42.6112098693848,-8.87622165679932,"Female"
"9004153",371987,2025-06-21 10:36:45,42.6015625,-8.87448024749756,"Female"
"9004153",371987,2025-06-21 10:42:19,42.6035995483398,-8.87348747253418,"Female"
"9004153",371987,2025-06-21 10:47:44,42.6037788391113,-8.87342548370361,"Female"
"9004153",371987,2025-06-21 10:52:19,42.6036987304688,-8.87335395812988,"Female"
"9004153",371987,2025-06-21 10:57:21,42.603759765625,-8.87364864349365,"Female"
"9004153",371987,2025-06-21 11:02:21,42.6035385131836,-8.87346076965332,"Female"
"9004153",371987,2025-06-21 11:07:19,42.6033210754395,-8.87289524078369,"Female"
"9004153",371987,2025-06-21 11:12:20,42.6035003662109,-8.87321853637695,"Female"
"9004153",371987,2025-06-21 11:17:32,42.6036186218262,-8.87270545959473,"Female"
"9004153",371987,2025-06-21 11:22:19,42.6033325195312,-8.87344074249268,"Female"
"9004153",371987,2025-06-21 11:27:20,42.603515625,-8.87293148040771,"Female"
"9004153",371987,2025-06-21 11:32:44,42.6037635803223,-8.8733434677124,"Female"
"9004153",371987,2025-06-21 11:37:18,42.603832244873,-8.87338447570801,"Female"
"9004153",371987,2025-06-21 11:42:21,42.6037673950195,-8.87321281433105,"Female"
"9004153",371987,2025-06-21 11:47:21,42.6030769348145,-8.87443161010742,"Female"
"9004153",371987,2025-06-21 11:52:19,42.6036834716797,-8.87334728240967,"Female"
"9004153",371987,2025-06-21 11:57:22,42.6036643981934,-8.87331485748291,"Female"
"9004153",371987,2025-06-21 12:02:31,42.603702545166,-8.87326812744141,"Female"
"9004153",371987,2025-06-21 12:07:25,42.6036529541016,-8.87335395812988,"Female"
"9004153",371987,2025-06-21 12:12:29,42.6037063598633,-8.87325382232666,"Female"
"9004153",371987,2025-06-21 12:17:21,42.6039085388184,-8.87288951873779,"Female"
"9004153",371987,2025-06-21 12:22:30,42.6037330627441,-8.87326145172119,"Female"
"9004153",371987,2025-06-21 12:27:21,42.6040077209473,-8.87268733978271,"Female"
"9004153",371987,2025-06-21 12:32:44,42.6037139892578,-8.87330341339111,"Female"
"9004153",371987,2025-06-21 12:37:19,42.6037406921387,-8.87333106994629,"Female"
"9004153",371987,2025-06-21 12:42:19,42.6037521362305,-8.87326717376709,"Female"
"9004153",371987,2025-06-21 12:47:31,42.6048622131348,-8.87399387359619,"Female"
"9004153",371987,2025-06-21 12:52:23,42.6060523986816,-8.87417221069336,"Female"
"9004153",371987,2025-06-21 12:57:30,42.6069755554199,-8.87571716308594,"Female"
"9004153",371987,2025-06-21 13:02:23,42.6071968078613,-8.87612819671631,"Female"
"9004153",371987,2025-06-21 13:07:32,42.6065826416016,-8.87653541564941,"Female"
"9004153",371987,2025-06-21 13:12:22,42.6017608642578,-8.87816619873047,"Female"
"9004153",371987,2025-06-21 13:17:33,42.6025085449219,-8.87756824493408,"Female"
"9004153",371987,2025-06-21 13:22:24,42.602409362793,-8.87775993347168,"Female"
"9004153",371987,2025-06-21 13:27:25,42.6024169921875,-8.8775691986084,"Female"
"9004153",371987,2025-06-21 13:32:53,42.6024513244629,-8.87758255004883,"Female"
"9004153",371987,2025-06-21 13:37:20,42.6024398803711,-8.87760639190674,"Female"
"9004153",371987,2025-06-21 13:42:20,42.6024131774902,-8.877610206604,"Female"
"9004153",371987,2025-06-21 13:47:20,42.602424621582,-8.87762832641602,"Female"
"9004153",371987,2025-06-21 13:52:20,42.6024398803711,-8.87762260437012,"Female"
"9004153",371987,2025-06-21 13:57:20,42.6024208068848,-8.87763977050781,"Female"
"9004153",371987,2025-06-21 14:02:20,42.6024055480957,-8.87763786315918,"Female"
"9004153",371987,2025-06-21 14:07:20,42.6024284362793,-8.87759399414062,"Female"
"9004153",371987,2025-06-21 14:12:20,42.6023864746094,-8.8776388168335,"Female"
"9004153",371987,2025-06-21 14:17:20,42.6024169921875,-8.8776273727417,"Female"
"9004153",371987,2025-06-21 14:22:20,42.6024436950684,-8.877685546875,"Female"
"9004153",371987,2025-06-21 14:27:20,42.6024513244629,-8.87766551971436,"Female"
"9004153",371987,2025-06-21 14:32:21,42.602424621582,-8.87766170501709,"Female"
"9004153",371987,2025-06-21 14:37:20,42.6024475097656,-8.87766075134277,"Female"
"9004153",371987,2025-06-21 14:42:21,42.602424621582,-8.87763595581055,"Female"
"9004153",371987,2025-06-21 14:47:21,42.6024627685547,-8.87765502929688,"Female"
"9004153",371987,2025-06-21 14:52:21,42.6024589538574,-8.87769508361816,"Female"
"9004153",371987,2025-06-21 14:57:21,42.602424621582,-8.87765598297119,"Female"
"9004153",371987,2025-06-21 15:02:21,42.6024513244629,-8.87765121459961,"Female"
"9004153",371987,2025-06-21 15:07:21,42.6024589538574,-8.87762832641602,"Female"
"9004153",371987,2025-06-21 15:12:21,42.6024742126465,-8.87766075134277,"Female"
"9004153",371987,2025-06-21 15:17:21,42.6025009155273,-8.8776683807373,"Female"
"9004153",371987,2025-06-21 15:22:21,42.6025924682617,-8.87777137756348,"Female"
"9004153",371987,2025-06-21 15:27:21,42.6024780273438,-8.87766647338867,"Female"
"9004153",371987,2025-06-21 15:32:21,42.6025276184082,-8.87773895263672,"Female"
"9004153",371987,2025-06-21 15:37:21,42.6025009155273,-8.87771606445312,"Female"
"9004153",371987,2025-06-21 15:42:21,42.6025238037109,-8.87770843505859,"Female"
"9004153",371987,2025-06-21 15:47:21,42.6024971008301,-8.87770462036133,"Female"
"9004153",371987,2025-06-21 15:52:21,42.6024742126465,-8.87768650054932,"Female"
"9004153",371987,2025-06-21 15:57:21,42.6025428771973,-8.87773704528809,"Female"
"9004153",371987,2025-06-21 16:02:21,42.6024894714355,-8.87770080566406,"Female"
"9004153",371987,2025-06-21 16:07:21,42.6025238037109,-8.87774085998535,"Female"
"9004153",371987,2025-06-21 16:12:23,42.6024208068848,-8.87760829925537,"Female"
"9004153",371987,2025-06-21 16:17:28,42.6019973754883,-8.87700366973877,"Female"
"9004153",371987,2025-06-21 16:22:43,42.6025276184082,-8.87774467468262,"Female"
"9004153",371987,2025-06-21 16:27:21,42.6024169921875,-8.8775520324707,"Female"
"9004153",371987,2025-06-21 16:32:21,42.602352142334,-8.87748908996582,"Female"
"9004153",371987,2025-06-21 16:37:22,42.6014976501465,-8.87408828735352,"Female"
"9004153",371987,2025-06-21 16:42:22,42.6015243530273,-8.87428951263428,"Female"
"9004153",371987,2025-06-21 16:47:51,42.6015510559082,-8.87427234649658,"Female"
"9004153",371987,2025-06-21 16:52:26,42.601505279541,-8.87427234649658,"Female"
"9004153",371987,2025-06-21 16:57:23,42.601448059082,-8.87434768676758,"Female"
"9004153",371987,2025-06-21 17:02:26,42.6013298034668,-8.8742618560791,"Female"
"9004153",371987,2025-06-21 17:07:28,42.6013259887695,-8.87422275543213,"Female"
"9004153",371987,2025-06-21 17:12:23,42.6013221740723,-8.87425518035889,"Female"
"9004153",371987,2025-06-21 17:17:28,42.6014633178711,-8.8742847442627,"Female"
"9004153",371987,2025-06-21 17:22:22,42.6014709472656,-8.87424087524414,"Female"
"9004153",371987,2025-06-21 17:27:29,42.6014785766602,-8.87427711486816,"Female"
"9004153",371987,2025-06-21 17:32:22,42.6015892028809,-8.87443161010742,"Female"
"9004153",371987,2025-06-21 17:37:32,42.6015586853027,-8.87429904937744,"Female"
"9004153",371987,2025-06-21 17:42:32,42.6014595031738,-8.87432670593262,"Female"
"9004153",371987,2025-06-21 17:47:32,42.6014862060547,-8.87431240081787,"Female"
"9004153",371987,2025-06-21 17:52:23,42.6014099121094,-8.87434577941895,"Female"
"9004153",371987,2025-06-21 17:57:32,42.6014976501465,-8.8743200302124,"Female"
"9004153",371987,2025-06-21 18:02:43,42.601490020752,-8.87421703338623,"Female"
"9004153",371987,2025-06-21 18:07:21,42.6014556884766,-8.87411212921143,"Female"
"9004153",371987,2025-06-21 18:12:21,42.601448059082,-8.87414264678955,"Female"
"9004153",371987,2025-06-21 18:17:21,42.6014213562012,-8.87416934967041,"Female"
"9004153",371987,2025-06-21 18:22:22,42.6016464233398,-8.87404155731201,"Female"
"9004153",371987,2025-06-21 18:27:21,42.6014633178711,-8.87414932250977,"Female"
"9004153",371987,2025-06-21 18:32:22,42.6014404296875,-8.87422657012939,"Female"
"9004153",371987,2025-06-21 18:37:21,42.6015701293945,-8.87398624420166,"Female"
"9004153",371987,2025-06-21 18:42:21,42.601432800293,-8.87417793273926,"Female"
"9004153",371987,2025-06-21 18:47:30,42.6015396118164,-8.87426662445068,"Female"
"9004153",371987,2025-06-21 18:52:29,42.6015396118164,-8.8741512298584,"Female"
"9004153",371987,2025-06-21 19:09:11,42.6042175292969,-8.87120914459229,"Female"
"9004153",371987,2025-06-21 19:24:15,42.6042556762695,-8.87392520904541,"Female"
"9004153",371987,2025-06-21 19:28:50,42.6034851074219,-8.87401676177979,"Female"
"9004153",371987,2025-06-21 19:34:05,42.6032562255859,-8.87450885772705,"Female"
"9004153",371987,2025-06-21 19:38:46,42.6032562255859,-8.87450504302979,"Female"
"9004153",371987,2025-06-21 19:43:46,42.6032562255859,-8.87449932098389,"Female"
"9004153",371987,2025-06-21 19:48:46,42.6022872924805,-8.87675952911377,"Female"
"9004153",371987,2025-06-21 19:53:46,42.6023254394531,-8.87684440612793,"Female"
"9004153",371987,2025-06-21 19:58:46,42.6023368835449,-8.87677192687988,"Female"
"9004153",371987,2025-06-21 20:03:46,42.6024284362793,-8.87676620483398,"Female"
"9004153",371987,2025-06-21 20:08:46,42.6022911071777,-8.87681770324707,"Female"
"9004153",371987,2025-06-21 20:13:46,42.6022872924805,-8.876784324646,"Female"
"9004153",371987,2025-06-21 20:18:46,42.602352142334,-8.87689208984375,"Female"
"9004153",371987,2025-06-21 20:23:46,42.602352142334,-8.87695980072021,"Female"
"9004153",371987,2025-06-21 20:28:46,42.6023750305176,-8.87698650360107,"Female"
"9004153",371987,2025-06-21 20:33:46,42.601318359375,-8.87660884857178,"Female"
"9004153",371987,2025-06-21 20:38:46,42.601978302002,-8.87685298919678,"Female"
"9004153",371987,2025-06-21 20:43:47,42.6020278930664,-8.87703514099121,"Female"
"9004153",371987,2025-06-21 20:48:47,42.6021308898926,-8.87705421447754,"Female"
"9004153",371987,2025-06-21 20:53:48,42.601993560791,-8.87696838378906,"Female"
"9004153",371987,2025-06-21 20:58:51,42.6020088195801,-8.8768310546875,"Female"
"9004153",371987,2025-06-21 21:03:52,42.6019821166992,-8.8768138885498,"Female"
"9004153",371987,2025-06-21 21:09:10,42.6020431518555,-8.8769359588623,"Female"
"9004153",371987,2025-06-21 21:13:48,42.6021995544434,-8.87719917297363,"Female"
"9004153",371987,2025-06-21 21:18:48,42.6021537780762,-8.87716293334961,"Female"
"9004153",371987,2025-06-21 21:23:47,42.6020889282227,-8.87700748443604,"Female"
"9004153",371987,2025-06-21 21:28:46,42.6021118164062,-8.87704563140869,"Female"
"9004153",371987,2025-06-21 21:34:02,42.6019897460938,-8.87662315368652,"Female"
"9004153",371987,2025-06-21 21:38:46,42.6020088195801,-8.87679195404053,"Female"
"9004153",371987,2025-06-21 21:43:46,42.6019706726074,-8.87671184539795,"Female"
"9004153",371987,2025-06-21 21:48:46,42.6020545959473,-8.87671947479248,"Female"
"9004153",371987,2025-06-21 21:53:46,42.6020240783691,-8.87690353393555,"Female"
"9004153",371987,2025-06-21 21:58:46,42.6020469665527,-8.87684917449951,"Female"
"9004153",371987,2025-06-21 22:03:47,42.6021766662598,-8.87654781341553,"Female"
"9004153",371987,2025-06-21 22:08:51,42.6023597717285,-8.87664985656738,"Female"
"9004153",371987,2025-06-21 22:13:56,42.602352142334,-8.87667751312256,"Female"
"9004153",371987,2025-06-21 22:18:51,42.6024017333984,-8.87672710418701,"Female"
"9004153",371987,2025-06-21 22:23:48,42.602123260498,-8.87689590454102,"Female"
"9004153",371987,2025-06-21 22:29:03,42.6019592285156,-8.87662887573242,"Female"
"9004153",371987,2025-06-21 22:33:45,42.601936340332,-8.87659072875977,"Female"
"9004153",371987,2025-06-21 22:38:46,42.6019744873047,-8.87662982940674,"Female"
"9004153",371987,2025-06-21 22:43:46,42.6019172668457,-8.87666416168213,"Female"
"9004153",371987,2025-06-21 22:48:45,42.6020164489746,-8.87653255462646,"Female"
"9004153",371987,2025-06-21 22:53:45,42.6019592285156,-8.87654495239258,"Female"
"9004153",371987,2025-06-21 22:58:46,42.6019058227539,-8.87670135498047,"Female"
"9004153",371987,2025-06-21 23:03:46,42.6019477844238,-8.87665843963623,"Female"
"9004153",371987,2025-06-21 23:08:46,42.601936340332,-8.8766393661499,"Female"
"9004153",371987,2025-06-21 23:13:46,42.6019706726074,-8.87662220001221,"Female"
"9004153",371987,2025-06-21 23:18:45,42.6019439697266,-8.87662792205811,"Female"
"9004153",371987,2025-06-21 23:23:45,42.6019554138184,-8.8765869140625,"Female"
"9004153",371987,2025-06-21 23:28:45,42.6019134521484,-8.87665843963623,"Female"
"9004153",371987,2025-06-21 23:33:46,42.601921081543,-8.87662696838379,"Female"
"9004153",371987,2025-06-21 23:38:45,42.6019439697266,-8.87663745880127,"Female"
"9004153",371987,2025-06-21 23:43:45,42.601936340332,-8.87667274475098,"Female"
"9004153",371987,2025-06-21 23:48:45,42.6019515991211,-8.87658214569092,"Female"
"9004153",371987,2025-06-21 23:53:45,42.6019439697266,-8.87666893005371,"Female"
"9004153",371987,2025-06-21 23:58:45,42.6018867492676,-8.87664031982422,"Female"
"9004153",371987,2025-06-22 00:03:46,42.6019172668457,-8.876633644104,"Female"
"9004153",371987,2025-06-22 00:08:47,42.6019439697266,-8.87657070159912,"Female"
"9004153",371987,2025-06-22 00:13:46,42.6019439697266,-8.87666320800781,"Female"
"9004153",371987,2025-06-22 00:18:48,42.6019020080566,-8.87659358978271,"Female"
"9004153",371987,2025-06-22 00:23:54,42.6020164489746,-8.87662696838379,"Female"
"9004153",371987,2025-06-22 00:28:46,42.6019325256348,-8.8766622543335,"Female"
"9004153",371987,2025-06-22 00:33:46,42.601993560791,-8.8766508102417,"Female"
"9004153",371987,2025-06-22 00:38:46,42.6019515991211,-8.87671566009521,"Female"
"9004153",371987,2025-06-22 00:43:46,42.6018600463867,-8.87680339813232,"Female"
"9004153",371987,2025-06-22 00:48:47,42.6019248962402,-8.87677764892578,"Female"
"9004153",371987,2025-06-22 00:53:47,42.6020698547363,-8.87662315368652,"Female"
"9004153",371987,2025-06-22 00:58:49,42.6020927429199,-8.87661552429199,"Female"
"9004153",371987,2025-06-22 01:04:03,42.6020774841309,-8.87656784057617,"Female"
"9004153",371987,2025-06-22 01:08:46,42.6020660400391,-8.87652969360352,"Female"
"9004153",371987,2025-06-22 01:13:46,42.6019821166992,-8.87657737731934,"Female"
"9004153",371987,2025-06-22 01:18:46,42.6018753051758,-8.87640571594238,"Female"
"9004153",371987,2025-06-22 01:23:46,42.6020317077637,-8.87691211700439,"Female"
"9004153",371987,2025-06-22 01:28:47,42.601863861084,-8.87641429901123,"Female"
"9004153",371987,2025-06-22 01:33:52,42.6020660400391,-8.87675380706787,"Female"
"9004153",371987,2025-06-22 01:38:45,42.6018829345703,-8.87652969360352,"Female"
"9004153",371987,2025-06-22 01:43:47,42.6019248962402,-8.87622165679932,"Female"
"9004153",371987,2025-06-22 01:48:48,42.6019477844238,-8.87650775909424,"Female"
"9004153",371987,2025-06-22 01:53:48,42.6018600463867,-8.87598037719727,"Female"
"9004153",371987,2025-06-22 01:59:05,42.6019287109375,-8.87647819519043,"Female"
"9004153",371987,2025-06-22 02:03:46,42.6019859313965,-8.87643241882324,"Female"
"9004153",371987,2025-06-22 02:08:45,42.6019554138184,-8.87655735015869,"Female"
"9004153",371987,2025-06-22 02:13:46,42.6018218994141,-8.87655925750732,"Female"
"9004153",371987,2025-06-22 02:18:46,42.6018257141113,-8.8768367767334,"Female"
"9004153",371987,2025-06-22 02:23:46,42.6018333435059,-8.87661170959473,"Female"
"9004153",371987,2025-06-22 02:28:51,42.6019439697266,-8.87658977508545,"Female"
"9004153",371987,2025-06-22 02:33:46,42.6019706726074,-8.87670803070068,"Female"
"9004153",371987,2025-06-22 02:38:48,42.6019744873047,-8.87673091888428,"Female"
"9004153",371987,2025-06-22 02:43:46,42.6019325256348,-8.87654304504395,"Female"
"9004153",371987,2025-06-22 02:48:47,42.6018218994141,-8.87661361694336,"Female"
"9004153",371987,2025-06-22 02:54:04,42.6019325256348,-8.8766508102417,"Female"
"9004153",371987,2025-06-22 02:58:45,42.6019477844238,-8.87655544281006,"Female"
"9004153",371987,2025-06-22 03:03:47,42.6018295288086,-8.87662124633789,"Female"
"9004153",371987,2025-06-22 03:08:49,42.6018943786621,-8.87677955627441,"Female"
"9004153",371987,2025-06-22 03:13:46,42.6017990112305,-8.87703704833984,"Female"
"9004153",371987,2025-06-22 03:18:48,42.6019515991211,-8.87638092041016,"Female"
"9004153",371987,2025-06-22 03:23:52,42.601993560791,-8.87662696838379,"Female"
"9004153",371987,2025-06-22 03:28:46,42.6020660400391,-8.87639904022217,"Female"
"9004153",371987,2025-06-22 03:33:47,42.60205078125,-8.87633800506592,"Female"
"9004153",371987,2025-06-22 03:38:49,42.6018104553223,-8.87669563293457,"Female"
"9004153",371987,2025-06-22 03:43:47,42.6021766662598,-8.87666893005371,"Female"
"9004153",371987,2025-06-22 03:48:47,42.6021575927734,-8.87709522247314,"Female"
"9004153",371987,2025-06-22 03:53:46,42.6021003723145,-8.87650012969971,"Female"
"9004153",371987,2025-06-22 03:58:48,42.6020278930664,-8.87695121765137,"Female"
"9004153",371987,2025-06-22 04:04:10,42.6023063659668,-8.87695026397705,"Female"
"9004153",371987,2025-06-22 04:08:52,42.6022338867188,-8.87696647644043,"Female"
"9004153",371987,2025-06-22 04:13:46,42.6021308898926,-8.87696266174316,"Female"
"9004153",371987,2025-06-22 04:18:46,42.6020622253418,-8.87701416015625,"Female"
"9004153",371987,2025-06-22 04:23:46,42.6020736694336,-8.87685012817383,"Female"
"9004153",371987,2025-06-22 04:28:53,42.6022415161133,-8.87709140777588,"Female"
"9004153",371987,2025-06-22 04:33:57,42.6019134521484,-8.87658214569092,"Female"
"9004153",371987,2025-06-22 04:38:46,42.6017189025879,-8.87580108642578,"Female"
"9004153",371987,2025-06-22 04:43:47,42.6017570495605,-8.87591648101807,"Female"
"9004153",371987,2025-06-22 04:49:01,42.6020278930664,-8.8767204284668,"Female"
"9004153",371987,2025-06-22 04:53:46,42.6020698547363,-8.87687969207764,"Female"
"9004153",371987,2025-06-22 04:58:52,42.6015396118164,-8.87690734863281,"Female"
"9004153",371987,2025-06-22 05:03:46,42.6015281677246,-8.87691593170166,"Female"
"9004153",371987,2025-06-22 05:08:47,42.6015281677246,-8.87694454193115,"Female"
"9004153",371987,2025-06-22 05:13:47,42.6015205383301,-8.87684917449951,"Female"
"9004153",371987,2025-06-22 05:18:52,42.6015205383301,-8.87697601318359,"Female"
"9004153",371987,2025-06-22 05:24:02,42.6014137268066,-8.87664794921875,"Female"
"9004153",371987,2025-06-22 05:28:46,42.6013565063477,-8.87663650512695,"Female"
"9004153",371987,2025-06-22 05:33:55,42.601490020752,-8.87668704986572,"Female"
"9004153",371987,2025-06-22 05:38:54,42.6014823913574,-8.87662315368652,"Female"
"9004153",371987,2025-06-22 05:43:47,42.6015129089355,-8.87669372558594,"Female"
"9004153",371987,2025-06-22 05:48:51,42.601448059082,-8.87670135498047,"Female"
"9004153",371987,2025-06-22 05:53:48,42.6014747619629,-8.87673664093018,"Female"
"9004153",371987,2025-06-22 05:58:59,42.6014823913574,-8.8767614364624,"Female"
"9004153",371987,2025-06-22 06:04:05,42.6014518737793,-8.87663555145264,"Female"
"9004153",371987,2025-06-22 06:08:45,42.6014289855957,-8.87661647796631,"Female"
"9004153",371987,2025-06-22 06:13:45,42.6014747619629,-8.8766975402832,"Female"
"9004153",371987,2025-06-22 06:18:45,42.6014404296875,-8.87660884857178,"Female"
"9004153",371987,2025-06-22 06:23:45,42.601448059082,-8.87664794921875,"Female"
"9004153",371987,2025-06-22 06:28:52,42.6014022827148,-8.87660312652588,"Female"
"9004153",371987,2025-06-22 06:33:45,42.6014671325684,-8.87664318084717,"Female"
"9004153",371987,2025-06-22 06:38:46,42.6014404296875,-8.87658977508545,"Female"
"9004153",371987,2025-06-22 06:43:52,42.6014556884766,-8.87665557861328,"Female"
"9004153",371987,2025-06-22 06:48:46,42.6014366149902,-8.87660980224609,"Female"
"9004153",371987,2025-06-22 06:53:45,42.6013793945312,-8.87659740447998,"Female"
"9004153",371987,2025-06-22 06:58:45,42.6014595031738,-8.87659740447998,"Female"
"9004153",371987,2025-06-22 07:03:45,42.6014404296875,-8.87666034698486,"Female"
"9004153",371987,2025-06-22 07:08:45,42.6014289855957,-8.87662410736084,"Female"
"9004153",371987,2025-06-22 07:13:45,42.6014175415039,-8.8766622543335,"Female"
"9004153",371987,2025-06-22 07:18:45,42.6013946533203,-8.87662982940674,"Female"
"9004153",371987,2025-06-22 07:23:46,42.6013679504395,-8.87652778625488,"Female"
"9004153",371987,2025-06-22 07:28:47,42.6014518737793,-8.87663841247559,"Female"
"9004153",371987,2025-06-22 07:33:47,42.601505279541,-8.87664031982422,"Female"
"9004153",371987,2025-06-22 07:38:49,42.6014518737793,-8.87663078308105,"Female"
"9004153",371987,2025-06-22 07:43:51,42.6014595031738,-8.87665176391602,"Female"
"9004153",371987,2025-06-22 07:49:05,42.6014289855957,-8.87664699554443,"Female"
"9004153",371987,2025-06-22 07:53:45,42.6014137268066,-8.87672710418701,"Female"
"9004153",371987,2025-06-22 07:58:45,42.6016159057617,-8.87668323516846,"Female"
"9004153",371987,2025-06-22 08:03:45,42.6016654968262,-8.87654209136963,"Female"
"9004153",371987,2025-06-22 08:08:45,42.5991020202637,-8.87099742889404,"Female"
"9004153",371987,2025-06-22 08:14:13,42.6007881164551,-8.86784267425537,"Female"
"9004153",371987,2025-06-22 08:19:11,42.6000442504883,-8.86813545227051,"Female"
"9004153",371987,2025-06-22 08:24:34,42.5994911193848,-8.86962032318115,"Female"
"9004153",371987,2025-06-22 08:30:28,42.5982666015625,-8.87008857727051,"Female"
"9004153",371987,2025-06-22 08:35:27,42.6038131713867,-8.87326717376709,"Female"
"9004153",371987,2025-06-22 08:40:26,42.6037902832031,-8.87321186065674,"Female"
"9004153",371987,2025-06-22 08:45:26,42.6037788391113,-8.87323093414307,"Female"
"9004153",371987,2025-06-22 08:50:27,42.6037559509277,-8.87323188781738,"Female"
"9004153",371987,2025-06-22 08:55:27,42.6037559509277,-8.87322998046875,"Female"
"9004153",371987,2025-06-22 09:00:27,42.6037788391113,-8.87326335906982,"Female"
"9004153",371987,2025-06-22 09:05:27,42.6037712097168,-8.87320899963379,"Female"
"9004153",371987,2025-06-22 09:10:27,42.6037216186523,-8.87320899963379,"Female"
"9004153",371987,2025-06-22 09:15:27,42.6037559509277,-8.87322425842285,"Female"
"9004153",371987,2025-06-22 09:20:27,42.6037788391113,-8.87319660186768,"Female"
"9004153",371987,2025-06-22 09:25:28,42.6024284362793,-8.87753582000732,"Female"
"9004153",371987,2025-06-22 09:30:30,42.602409362793,-8.87753868103027,"Female"
"9004153",371987,2025-06-22 09:35:27,42.6024398803711,-8.87763404846191,"Female"
"9004153",371987,2025-06-22 09:40:27,42.6024932861328,-8.87765502929688,"Female"
"9004153",371987,2025-06-22 09:45:27,42.6023559570312,-8.87734508514404,"Female"
"9004153",371987,2025-06-22 09:50:47,42.6026954650879,-8.8778715133667,"Female"
"9004153",371987,2025-06-22 09:56:20,42.6021881103516,-8.87885475158691,"Female"
"9004153",371987,2025-06-22 10:01:37,42.6012382507324,-8.8800220489502,"Female"
"9004153",371987,2025-06-22 10:06:38,42.6026153564453,-8.87862777709961,"Female"
"9004153",371987,2025-06-22 10:11:58,42.6024017333984,-8.87772178649902,"Female"
"9004153",371987,2025-06-22 10:17:05,42.6024551391602,-8.87765789031982,"Female"
"9004153",371987,2025-06-22 10:21:35,42.6023445129395,-8.87777709960938,"Female"
"9004153",371987,2025-06-22 10:26:36,42.602409362793,-8.87772083282471,"Female"
"9004153",371987,2025-06-22 10:31:35,42.6024284362793,-8.87771129608154,"Female"
"9004153",371987,2025-06-22 10:36:36,42.602409362793,-8.87781620025635,"Female"
"9004153",371987,2025-06-22 10:41:36,42.602409362793,-8.87768268585205,"Female"
"9004153",371987,2025-06-22 10:46:36,42.6024284362793,-8.87774848937988,"Female"
"9004153",371987,2025-06-22 10:51:36,42.6024131774902,-8.87783145904541,"Female"
"9004153",371987,2025-06-22 10:56:46,42.6029090881348,-8.87939453125,"Female"
"9004153",371987,2025-06-22 11:01:45,42.604248046875,-8.87876987457275,"Female"
"9004153",371987,2025-06-22 11:07:38,42.6059875488281,-8.87761497497559,"Female"
"9004153",371987,2025-06-22 11:13:18,42.6070785522461,-8.87643432617188,"Female"
"9004153",371987,2025-06-22 11:18:47,42.6076545715332,-8.87611198425293,"Female"
"9004153",371987,2025-06-22 11:24:18,42.6073417663574,-8.87698745727539,"Female"
"9004153",371987,2025-06-22 11:29:15,42.6063613891602,-8.87950992584229,"Female"
"9004153",371987,2025-06-22 11:34:15,42.6071166992188,-8.88153266906738,"Female"
"9004153",371987,2025-06-22 11:39:15,42.6071510314941,-8.88160991668701,"Female"
"9004153",371987,2025-06-22 11:44:16,42.6071243286133,-8.88158988952637,"Female"
"9004153",371987,2025-06-22 11:49:32,42.607063293457,-8.88155651092529,"Female"
"9004153",371987,2025-06-22 11:54:10,42.607063293457,-8.88150119781494,"Female"
"9004153",371987,2025-06-22 11:59:10,42.6070823669434,-8.88142395019531,"Female"
"9004153",371987,2025-06-22 12:04:35,42.6070709228516,-8.88151359558105,"Female"
"9004153",371987,2025-06-22 12:09:10,42.6070899963379,-8.88151454925537,"Female"
"9004153",371987,2025-06-22 12:14:10,42.6070938110352,-8.88153743743896,"Female"
"9004153",371987,2025-06-22 12:19:10,42.6070556640625,-8.88153553009033,"Female"
"9004153",371987,2025-06-22 12:24:13,42.6071395874023,-8.88148975372314,"Female"
"9004153",371987,2025-06-22 12:29:10,42.6070671081543,-8.88141918182373,"Female"
"9004153",371987,2025-06-22 12:34:10,42.607105255127,-8.88144874572754,"Female"
"9004153",371987,2025-06-22 12:39:10,42.6071014404297,-8.88143348693848,"Female"
"9004153",371987,2025-06-22 12:44:10,42.6071548461914,-8.88143444061279,"Female"
"9004153",371987,2025-06-22 12:49:11,42.6071090698242,-8.88136005401611,"Female"
"9004153",371987,2025-06-22 12:54:11,42.6070747375488,-8.88141441345215,"Female"
"9004153",371987,2025-06-22 12:59:11,42.6070938110352,-8.88138866424561,"Female"
"9004153",371987,2025-06-22 13:04:10,42.6070709228516,-8.88138675689697,"Female"
"9004153",371987,2025-06-22 13:09:11,42.6070899963379,-8.88138103485107,"Female"
"9004153",371987,2025-06-22 13:14:11,42.607177734375,-8.88137912750244,"Female"
"9004153",371987,2025-06-22 13:19:10,42.6071281433105,-8.88136577606201,"Female"
"9004153",371987,2025-06-22 13:24:10,42.6070899963379,-8.8813648223877,"Female"
"9004153",371987,2025-06-22 13:29:11,42.6070709228516,-8.88136959075928,"Female"
"9004153",371987,2025-06-22 13:34:11,42.6070556640625,-8.88136768341064,"Female"
"9004153",371987,2025-06-22 13:39:10,42.6070442199707,-8.88144207000732,"Female"
"9004153",371987,2025-06-22 13:44:11,42.6070327758789,-8.88142776489258,"Female"
"9004153",371987,2025-06-22 13:49:11,42.607048034668,-8.88142776489258,"Female"
"9004153",371987,2025-06-22 13:54:11,42.6070899963379,-8.8813648223877,"Female"
"9004153",371987,2025-06-22 13:59:11,42.6070823669434,-8.88141536712646,"Female"
"9004153",371987,2025-06-22 14:04:11,42.6070365905762,-8.88143730163574,"Female"
"9004153",371987,2025-06-22 14:09:11,42.607063293457,-8.88142204284668,"Female"
"9004153",371987,2025-06-22 14:14:11,42.6070365905762,-8.88145923614502,"Female"
"9004153",371987,2025-06-22 14:19:11,42.6070022583008,-8.8814582824707,"Female"
"9004153",371987,2025-06-22 14:24:11,42.606990814209,-8.88142108917236,"Female"
"9004153",371987,2025-06-22 14:29:11,42.6070365905762,-8.8814525604248,"Female"
"9004153",371987,2025-06-22 14:34:11,42.6068992614746,-8.88138103485107,"Female"
"9004153",371987,2025-06-22 14:39:11,42.6069793701172,-8.88142395019531,"Female"
"9004153",371987,2025-06-22 14:44:11,42.6069946289062,-8.8814582824707,"Female"
"9004153",371987,2025-06-22 14:49:11,42.6069755554199,-8.88141441345215,"Female"
"9004153",371987,2025-06-22 14:54:11,42.6068496704102,-8.88136100769043,"Female"
"9004153",371987,2025-06-22 15:00:18,42.610279083252,-8.88169765472412,"Female"
"9004153",371987,2025-06-22 15:04:53,42.611198425293,-8.88242530822754,"Female"
"9004153",371987,2025-06-22 15:10:07,42.6113243103027,-8.88231468200684,"Female"
"9004153",371987,2025-06-22 15:15:10,42.6059761047363,-8.88127994537354,"Female"
"9004153",371987,2025-06-22 15:20:04,42.6058387756348,-8.88117790222168,"Female"
"9004153",371987,2025-06-22 15:25:04,42.6057891845703,-8.88112545013428,"Female"
"9004153",371987,2025-06-22 15:30:10,42.606029510498,-8.88127517700195,"Female"
"9004153",371987,2025-06-22 15:35:00,42.606029510498,-8.88130283355713,"Female"
"9004153",371987,2025-06-22 15:40:01,42.6060371398926,-8.88128566741943,"Female"
"9004153",371987,2025-06-22 15:45:00,42.6060638427734,-8.88132381439209,"Female"
"9004153",371987,2025-06-22 15:50:00,42.6059722900391,-8.8811559677124,"Female"
"9004153",371987,2025-06-22 15:55:03,42.6060523986816,-8.88130760192871,"Female"
"9004153",371987,2025-06-22 16:00:35,42.6060562133789,-8.88135147094727,"Female"
"9004153",371987,2025-06-22 16:05:01,42.6060104370117,-8.88132476806641,"Female"
"9004153",371987,2025-06-22 16:10:01,42.6058921813965,-8.88120079040527,"Female"
"9004153",371987,2025-06-22 16:15:01,42.6061210632324,-8.88132572174072,"Female"
"9004153",371987,2025-06-22 16:20:07,42.606071472168,-8.88120651245117,"Female"
"9004153",371987,2025-06-22 16:25:42,42.6060104370117,-8.88115978240967,"Female"
"9004153",371987,2025-06-22 16:30:06,42.6059265136719,-8.88129997253418,"Female"
"9004153",371987,2025-06-22 16:35:03,42.6058082580566,-8.88108825683594,"Female"
"9004153",371987,2025-06-22 16:41:05,42.6039390563965,-8.87830543518066,"Female"
"9004153",371987,2025-06-22 16:49:40,42.6016807556152,-8.87894821166992,"Female"
"9004153",371987,2025-06-22 16:54:42,42.6015663146973,-8.87414073944092,"Female"
"9004153",371987,2025-06-22 16:59:37,42.6015396118164,-8.87420654296875,"Female"
"9004153",371987,2025-06-22 17:04:39,42.6015205383301,-8.87422847747803,"Female"
"9004153",371987,2025-06-22 17:09:40,42.6014709472656,-8.87437438964844,"Female"
"9004153",371987,2025-06-22 17:14:39,42.6003456115723,-8.87438106536865,"Female"
"9004153",371987,2025-06-22 17:19:47,42.6035003662109,-8.87313652038574,"Female"
"9004153",371987,2025-06-22 17:24:39,42.6019897460938,-8.87329769134521,"Female"
"9004153",371987,2025-06-22 17:29:39,42.6022453308105,-8.87312507629395,"Female"
"9004153",371987,2025-06-22 17:34:39,42.6028747558594,-8.87309074401855,"Female"
"9004153",371987,2025-06-22 17:39:38,42.6031532287598,-8.87306880950928,"Female"
"9004153",371987,2025-06-22 17:57:14,42.6063346862793,-8.87445735931396,"Female"
"9004153",371987,2025-06-22 18:02:13,42.6051940917969,-8.87421894073486,"Female"
"9004153",371987,2025-06-22 18:07:54,42.6044311523438,-8.8752269744873,"Female"
"9004153",371987,2025-06-22 18:12:51,42.6029319763184,-8.87146472930908,"Female"
"9004153",371987,2025-06-22 18:17:53,42.6037292480469,-8.87327766418457,"Female"
"9004153",371987,2025-06-22 18:22:53,42.6035919189453,-8.87320899963379,"Female"
"9004153",371987,2025-06-22 18:27:50,42.6035041809082,-8.87331008911133,"Female"
"9004153",371987,2025-06-22 18:32:51,42.6036605834961,-8.87318515777588,"Female"
"9004153",371987,2025-06-22 18:37:51,42.6009979248047,-8.87478256225586,"Female"
"9004153",371987,2025-06-22 18:42:59,42.6034851074219,-8.87322425842285,"Female"
"9004153",371987,2025-06-22 18:47:59,42.6035041809082,-8.8732967376709,"Female"
"9004153",371987,2025-06-22 18:53:14,42.6035194396973,-8.8731164932251,"Female"
"9004153",371987,2025-06-22 18:57:53,42.6037330627441,-8.87310123443604,"Female"
"9004153",371987,2025-06-22 19:03:00,42.6035194396973,-8.873215675354,"Female"
"9004153",371987,2025-06-22 19:08:00,42.6035308837891,-8.87318515777588,"Female"
"9004153",371987,2025-06-22 19:13:00,42.6035270690918,-8.87321281433105,"Female"
"9004153",371987,2025-06-22 19:18:00,42.6035270690918,-8.8732271194458,"Female"
"9004153",371987,2025-06-22 19:22:59,42.6035079956055,-8.87322044372559,"Female"
"9004153",371987,2025-06-22 19:27:57,42.6034965515137,-8.87320613861084,"Female"
"9004153",371987,2025-06-22 19:32:57,42.6036682128906,-8.87520313262939,"Female"
"9004153",371987,2025-06-22 19:38:12,42.602294921875,-8.87666893005371,"Female"
"9004153",371987,2025-06-22 19:42:53,42.6022911071777,-8.87679004669189,"Female"
"9004153",371987,2025-06-22 19:47:55,42.6022720336914,-8.87691593170166,"Female"
"9004153",371987,2025-06-22 19:52:51,42.6023101806641,-8.87674617767334,"Female"
"9004153",371987,2025-06-22 19:57:53,42.6016807556152,-8.87654781341553,"Female"
"9004153",371987,2025-06-22 20:03:13,42.6019668579102,-8.87656402587891,"Female"
"9004153",371987,2025-06-22 20:07:58,42.6021003723145,-8.87677669525146,"Female"
"9004153",371987,2025-06-22 20:12:54,42.6023254394531,-8.87673187255859,"Female"
"9004153",371987,2025-06-22 20:17:58,42.6023712158203,-8.87670707702637,"Female"
"9004153",371987,2025-06-22 20:22:57,42.6023330688477,-8.87666416168213,"Female"
"9004153",371987,2025-06-22 20:27:53,42.6023292541504,-8.87662506103516,"Female"
"9004153",371987,2025-06-22 20:33:02,42.6023101806641,-8.87653923034668,"Female"
"9004153",371987,2025-06-22 20:38:14,42.6023216247559,-8.87656879425049,"Female"
"9004153",371987,2025-06-22 20:42:53,42.6024513244629,-8.87626171112061,"Female"
"9004153",371987,2025-06-22 20:47:54,42.6023063659668,-8.87644386291504,"Female"
"9004153",371987,2025-06-22 20:53:00,42.6022529602051,-8.8765344619751,"Female"
"9004153",371987,2025-06-22 20:58:00,42.6023445129395,-8.87646770477295,"Female"
"9004153",371987,2025-06-22 21:03:00,42.6023445129395,-8.8765344619751,"Female"
"9004153",371987,2025-06-22 21:07:49,42.602294921875,-8.87669086456299,"Female"
"9004153",371987,2025-06-22 21:12:51,42.6023216247559,-8.8768138885498,"Female"
"9004153",371987,2025-06-22 21:17:54,42.602409362793,-8.8772144317627,"Female"
"9004153",371987,2025-06-22 21:22:54,42.6022834777832,-8.87707138061523,"Female"
"9004153",371987,2025-06-22 21:27:54,42.6025390625,-8.87734413146973,"Female"
"9004153",371987,2025-06-22 21:33:14,42.602108001709,-8.87659454345703,"Female"
"9004153",371987,2025-06-22 21:37:58,42.6021385192871,-8.87678241729736,"Female"
"9004153",371987,2025-06-22 21:42:53,42.6020584106445,-8.87678909301758,"Female"
"9004153",371987,2025-06-22 21:47:54,42.6020355224609,-8.87680339813232,"Female"
"9004153",371987,2025-06-22 21:52:54,42.6029205322266,-8.87719917297363,"Female"
"9004153",371987,2025-06-22 21:58:05,42.6022682189941,-8.87741470336914,"Female"
"9004153",371987,2025-06-22 22:03:23,42.6023406982422,-8.87664127349854,"Female"
"9004153",371987,2025-06-22 22:07:49,42.6023483276367,-8.8767204284668,"Female"
"9004153",371987,2025-06-22 22:12:49,42.6024284362793,-8.87669372558594,"Female"
"9004153",371987,2025-06-22 22:17:49,42.6023597717285,-8.87675952911377,"Female"
"9004153",371987,2025-06-22 22:22:50,42.6022682189941,-8.87672710418701,"Female"
"9004153",371987,2025-06-22 22:27:49,42.6023559570312,-8.87684345245361,"Female"
"9004153",371987,2025-06-22 22:32:49,42.6023178100586,-8.87674427032471,"Female"
"9004153",371987,2025-06-22 22:37:50,42.6023025512695,-8.87671566009521,"Female"
"9004153",371987,2025-06-22 22:42:50,42.6023712158203,-8.8768138885498,"Female"
"9004153",371987,2025-06-22 22:47:49,42.6022567749023,-8.87676429748535,"Female"
"9004153",371987,2025-06-22 22:52:51,42.6023635864258,-8.87672996520996,"Female"
"9004153",371987,2025-06-22 22:57:50,42.6022605895996,-8.87674522399902,"Female"
"9004153",371987,2025-06-22 23:02:50,42.6021881103516,-8.87667655944824,"Female"
"9004153",371987,2025-06-22 23:07:50,42.6022491455078,-8.87666034698486,"Female"
"9004153",371987,2025-06-22 23:12:50,42.6022453308105,-8.87665367126465,"Female"
"9004153",371987,2025-06-22 23:17:50,42.6023101806641,-8.87666797637939,"Female"
"9004153",371987,2025-06-22 23:22:50,42.6023330688477,-8.87668418884277,"Female"
"9004153",371987,2025-06-22 23:27:53,42.6023483276367,-8.87672710418701,"Female"
"9004153",371987,2025-06-22 23:32:50,42.6023712158203,-8.87677574157715,"Female"
"9004153",371987,2025-06-22 23:37:52,42.6023483276367,-8.8767032623291,"Female"
"9004153",371987,2025-06-22 23:42:52,42.6022796630859,-8.8767204284668,"Female"
"9004153",371987,2025-06-22 23:47:52,42.6023063659668,-8.87672233581543,"Female"
"9004153",371987,2025-06-22 23:52:53,42.6023712158203,-8.87676811218262,"Female"
"9004153",371987,2025-06-22 23:57:53,42.6022262573242,-8.87661743164062,"Female"
"9004153",371987,2025-06-23 00:02:52,42.6023406982422,-8.87675189971924,"Female"
"9004153",371987,2025-06-23 00:07:53,42.602352142334,-8.8767032623291,"Female"
"9004153",371987,2025-06-23 00:12:53,42.6023788452148,-8.87681007385254,"Female"
"9004153",371987,2025-06-23 00:17:56,42.6023750305176,-8.87681865692139,"Female"
"9004153",371987,2025-06-23 00:23:10,42.6023788452148,-8.87675094604492,"Female"
"9004153",371987,2025-06-23 00:27:49,42.6024971008301,-8.87696075439453,"Female"
"9004153",371987,2025-06-23 00:32:52,42.6024627685547,-8.87683963775635,"Female"
"9004153",371987,2025-06-23 00:37:53,42.6023788452148,-8.87670803070068,"Female"
"9004153",371987,2025-06-23 00:42:53,42.6025009155273,-8.87686920166016,"Female"
"9004153",371987,2025-06-23 00:48:15,42.6023445129395,-8.87665271759033,"Female"
"9004153",371987,2025-06-23 00:52:52,42.6023406982422,-8.87657165527344,"Female"
"9004153",371987,2025-06-23 00:57:51,42.6023368835449,-8.87658405303955,"Female"
"9004153",371987,2025-06-23 01:02:50,42.6023902893066,-8.8766622543335,"Female"
"9004153",371987,2025-06-23 01:07:49,42.6023445129395,-8.87654113769531,"Female"
"9004153",371987,2025-06-23 01:13:01,42.6023712158203,-8.87672901153564,"Female"
"9004153",371987,2025-06-23 01:18:01,42.6023483276367,-8.87670803070068,"Female"
"9004153",371987,2025-06-23 01:23:01,42.6023368835449,-8.87673473358154,"Female"
"9004153",371987,2025-06-23 01:28:01,42.6023406982422,-8.87681674957275,"Female"
"9004153",371987,2025-06-23 01:33:01,42.6023254394531,-8.87685012817383,"Female"
"9004153",371987,2025-06-23 01:38:16,42.6023216247559,-8.87688159942627,"Female"
"9004153",371987,2025-06-23 01:43:06,42.602180480957,-8.8771448135376,"Female"
"9004153",371987,2025-06-23 01:48:14,42.6023368835449,-8.87683773040771,"Female"
"9004153",371987,2025-06-23 01:52:58,42.6023178100586,-8.87685871124268,"Female"
"9004153",371987,2025-06-23 01:57:58,42.6023254394531,-8.87686061859131,"Female"
"9004153",371987,2025-06-23 02:02:58,42.6022872924805,-8.87688732147217,"Female"
"9004153",371987,2025-06-23 02:07:59,42.6024169921875,-8.8768424987793,"Female"
"9004153",371987,2025-06-23 02:13:01,42.6024322509766,-8.87687301635742,"Female"
"9004153",371987,2025-06-23 02:17:55,42.6020355224609,-8.87763500213623,"Female"
"9004153",371987,2025-06-23 02:23:23,42.6024169921875,-8.87670135498047,"Female"
"9004153",371987,2025-06-23 02:27:49,42.6023406982422,-8.87668514251709,"Female"
"9004153",371987,2025-06-23 02:32:50,42.6024360656738,-8.87673473358154,"Female"
"9004153",371987,2025-06-23 02:37:49,42.602367401123,-8.87670803070068,"Female"
"9004153",371987,2025-06-23 02:42:49,42.6025314331055,-8.87683963775635,"Female"
"9004153",371987,2025-06-23 02:47:50,42.602352142334,-8.87669849395752,"Female"
"9004153",371987,2025-06-23 02:52:50,42.6022872924805,-8.87665843963623,"Female"
"9004153",371987,2025-06-23 02:58:10,42.6022758483887,-8.87662315368652,"Female"
"9004153",371987,2025-06-23 03:02:51,42.6023178100586,-8.87668228149414,"Female"
"9004153",371987,2025-06-23 03:07:51,42.6020927429199,-8.87648010253906,"Female"
"9004153",371987,2025-06-23 03:12:50,42.6023178100586,-8.87667179107666,"Female"
"9004153",371987,2025-06-23 03:17:49,42.6022872924805,-8.87671089172363,"Female"
"9004153",371987,2025-06-23 03:22:52,42.6021308898926,-8.87650585174561,"Female"
"9004153",371987,2025-06-23 03:27:49,42.6023178100586,-8.87667846679688,"Female"
"9004153",371987,2025-06-23 03:32:50,42.6022987365723,-8.87666893005371,"Female"
"9004153",371987,2025-06-23 03:37:50,42.6022834777832,-8.87669086456299,"Female"
"9004153",371987,2025-06-23 03:42:51,42.6023292541504,-8.87672328948975,"Female"
"9004153",371987,2025-06-23 03:47:54,42.6023178100586,-8.8766565322876,"Female"
"9004153",371987,2025-06-23 03:53:02,42.6021537780762,-8.87690353393555,"Female"
"9004153",371987,2025-06-23 03:58:12,42.6022033691406,-8.87698554992676,"Female"
"9004153",371987,2025-06-23 04:02:49,42.6021766662598,-8.87703895568848,"Female"
"9004153",371987,2025-06-23 04:07:55,42.6022872924805,-8.87703990936279,"Female"
"9004153",371987,2025-06-23 04:12:50,42.6022872924805,-8.87658214569092,"Female"
"9004153",371987,2025-06-23 04:17:51,42.6022453308105,-8.87673854827881,"Female"
"9004153",371987,2025-06-23 04:22:51,42.6021461486816,-8.87668895721436,"Female"
"9004153",371987,2025-06-23 04:27:53,42.6022033691406,-8.87666416168213,"Female"
"9004153",371987,2025-06-23 04:32:53,42.6023025512695,-8.87655830383301,"Female"
"9004153",371987,2025-06-23 04:37:53,42.6021728515625,-8.8767671585083,"Female"
"9004153",371987,2025-06-23 04:42:53,42.6022491455078,-8.87671566009521,"Female"
"9004153",371987,2025-06-23 04:48:14,42.6023178100586,-8.87671947479248,"Female"
"9004153",371987,2025-06-23 04:52:50,42.6023292541504,-8.87679004669189,"Female"
"9004153",371987,2025-06-23 04:57:53,42.6024398803711,-8.87691402435303,"Female"
"9004153",371987,2025-06-23 05:02:54,42.6023902893066,-8.8768949508667,"Female"
"9004153",371987,2025-06-23 05:07:50,42.6023559570312,-8.87685871124268,"Female"
"9004153",371987,2025-06-23 05:13:03,42.602466583252,-8.87746715545654,"Female"
"9004153",371987,2025-06-23 05:18:01,42.6024589538574,-8.87733554840088,"Female"
"9004153",371987,2025-06-23 05:23:01,42.6025733947754,-8.87765121459961,"Female"
"9004153",371987,2025-06-23 05:27:53,42.6025161743164,-8.87757205963135,"Female"
"9004153",371987,2025-06-23 05:33:01,42.6023979187012,-8.87705516815186,"Female"
"9004153",371987,2025-06-23 05:38:23,42.6023559570312,-8.87687110900879,"Female"
"9004153",371987,2025-06-23 05:42:49,42.6023750305176,-8.87692070007324,"Female"
"9004153",371987,2025-06-23 05:47:49,42.6023139953613,-8.87680530548096,"Female"
"9004153",371987,2025-06-23 05:52:49,42.6023254394531,-8.87679004669189,"Female"
"9004153",371987,2025-06-23 05:57:49,42.6023445129395,-8.87676906585693,"Female"
"9004153",371987,2025-06-23 06:02:49,42.6022491455078,-8.87674140930176,"Female"
"9004153",371987,2025-06-23 06:07:50,42.6026000976562,-8.87649726867676,"Female"
"9004153",371987,2025-06-23 06:12:49,42.6024055480957,-8.87560939788818,"Female"
"9004153",371987,2025-06-23 06:19:27,42.6006813049316,-8.87524318695068,"Female"
"9004153",371987,2025-06-23 06:24:25,42.5998191833496,-8.87642002105713,"Female"
"9004153",371987,2025-06-23 06:29:46,42.6000671386719,-8.87635040283203,"Female"
"9004153",371987,2025-06-23 06:36:31,42.5996360778809,-8.87589836120605,"Female"
"9004153",371987,2025-06-23 06:41:44,42.6016159057617,-8.8768196105957,"Female"
"9004153",371987,2025-06-23 06:46:38,42.6017150878906,-8.87663555145264,"Female"
"9004153",371987,2025-06-23 06:51:39,42.6016273498535,-8.8766565322876,"Female"
"9004153",371987,2025-06-23 06:56:30,42.601634979248,-8.87665367126465,"Female"
"9004153",371987,2025-06-23 07:01:30,42.6016426086426,-8.87659931182861,"Female"
"9004153",371987,2025-06-23 07:06:31,42.6016502380371,-8.87667465209961,"Female"
"9004153",371987,2025-06-23 07:11:39,42.6017150878906,-8.87670135498047,"Female"
"9004153",371987,2025-06-23 07:16:31,42.6017303466797,-8.87666511535645,"Female"
"9004153",371987,2025-06-23 07:21:39,42.6016540527344,-8.87650203704834,"Female"
"9004153",371987,2025-06-23 07:26:30,42.6016464233398,-8.87653350830078,"Female"
"9004153",371987,2025-06-23 07:32:05,42.6016960144043,-8.87657070159912,"Female"
"9004153",371987,2025-06-23 07:36:32,42.6016387939453,-8.87662029266357,"Female"
"9004153",371987,2025-06-23 07:41:32,42.6016540527344,-8.87659931182861,"Female"
"9004153",371987,2025-06-23 07:46:31,42.6016464233398,-8.87662506103516,"Female"
"9004153",371987,2025-06-23 07:51:30,42.6017189025879,-8.87662315368652,"Female"
"9004153",371987,2025-06-23 07:56:32,42.6014556884766,-8.87664127349854,"Female"
"9004153",371987,2025-06-23 08:01:30,42.6014518737793,-8.87653827667236,"Female"
"9004153",371987,2025-06-23 08:06:34,42.6014709472656,-8.87650299072266,"Female"
"9004153",371987,2025-06-23 08:11:30,42.6015129089355,-8.87663841247559,"Female"
"9004153",371987,2025-06-23 08:16:30,42.6014671325684,-8.87660503387451,"Female"
"9004153",371987,2025-06-23 08:21:33,42.6010665893555,-8.87600135803223,"Female"
"9004153",371987,2025-06-23 08:26:33,42.6010589599609,-8.87581920623779,"Female"
"9004153",371987,2025-06-23 08:31:39,42.601490020752,-8.87656784057617,"Female"
"9004153",371987,2025-06-23 08:36:30,42.6015815734863,-8.87667274475098,"Female"
"9004153",371987,2025-06-23 08:41:36,42.6015205383301,-8.87652587890625,"Female"
"9004153",371987,2025-06-23 08:46:43,42.6034927368164,-8.87611961364746,"Female"
"9004153",371987,2025-06-23 08:52:46,42.6042633056641,-8.87557792663574,"Female"
"9004153",371987,2025-06-23 08:58:46,42.6044082641602,-8.87501049041748,"Female"
"9004153",371987,2025-06-23 09:05:06,42.6046524047852,-8.87546634674072,"Female"
"9004153",371987,2025-06-23 09:10:40,42.6040115356445,-8.87612056732178,"Female"
"9004153",371987,2025-06-23 09:31:44,42.6035194396973,-8.87329006195068,"Female"
"9004153",371987,2025-06-23 09:36:03,42.6035079956055,-8.87329196929932,"Female"
"9004153",371987,2025-06-23 09:41:05,42.6035003662109,-8.87324714660645,"Female"
"9004153",371987,2025-06-23 09:46:07,42.6034812927246,-8.87329864501953,"Female"
"9004153",371987,2025-06-23 09:51:08,42.6034889221191,-8.87333297729492,"Female"
"9004153",371987,2025-06-23 09:56:08,42.6034851074219,-8.87333965301514,"Female"
"9004153",371987,2025-06-23 10:01:08,42.6035842895508,-8.87332344055176,"Female"
"9004153",371987,2025-06-23 10:06:08,42.6034851074219,-8.87333488464355,"Female"
"9004153",371987,2025-06-23 10:11:08,42.6035423278809,-8.87327766418457,"Female"
"9004153",371987,2025-06-23 10:16:35,42.6034049987793,-8.87330055236816,"Female"
"9004153",371987,2025-06-23 10:21:00,42.6033782958984,-8.87335109710693,"Female"
"9004153",371987,2025-06-23 10:26:00,42.6034088134766,-8.87331581115723,"Female"
"9004153",371987,2025-06-23 10:31:00,42.6033668518066,-8.87332344055176,"Female"
"9004153",371987,2025-06-23 10:36:00,42.6034088134766,-8.87329387664795,"Female"
"9004153",371987,2025-06-23 10:41:00,42.6034049987793,-8.87326622009277,"Female"
"9004153",371987,2025-06-23 10:46:00,42.6034736633301,-8.8733549118042,"Female"
"9004153",371987,2025-06-23 10:51:00,42.6035118103027,-8.87324714660645,"Female"
"9004153",371987,2025-06-23 10:56:00,42.6035385131836,-8.87327098846436,"Female"
"9004153",371987,2025-06-23 11:01:00,42.6034812927246,-8.87325096130371,"Female"
"9004153",371987,2025-06-23 11:06:02,42.6037254333496,-8.87350940704346,"Female"
"9004153",371987,2025-06-23 11:11:36,42.604320526123,-8.87542915344238,"Female"
"9004153",371987,2025-06-23 11:16:36,42.6036987304688,-8.87655830383301,"Female"
"9004153",371987,2025-06-23 11:21:42,42.6036338806152,-8.87619781494141,"Female"
"9004153",371987,2025-06-23 11:26:48,42.6044540405273,-8.87708282470703,"Female"
"9004153",371987,2025-06-23 11:31:45,42.6058769226074,-8.87551689147949,"Female"
"9004153",371987,2025-06-23 11:36:45,42.6059646606445,-8.87471389770508,"Female"
"9004153",371987,2025-06-23 11:41:51,42.6050987243652,-8.87479114532471,"Female"
"9004153",371987,2025-06-23 11:47:12,42.6062927246094,-8.87625885009766,"Female"
"9004153",371987,2025-06-23 11:52:50,42.6060562133789,-8.87600708007812,"Female"
"9004153",371987,2025-06-23 11:57:51,42.6053810119629,-8.87605094909668,"Female"
"9004153",371987,2025-06-23 12:04:14,42.6021385192871,-8.87430095672607,"Female"
"9004153",371987,2025-06-23 12:08:55,42.6022796630859,-8.87671089172363,"Female"
"9004153",371987,2025-06-23 12:13:54,42.6022491455078,-8.87670040130615,"Female"
"9004153",371987,2025-06-23 12:18:55,42.6021957397461,-8.87664127349854,"Female"
"9004153",371987,2025-06-23 12:23:55,42.6022987365723,-8.87672424316406,"Female"
"9004153",371987,2025-06-23 12:29:00,42.6022644042969,-8.87672138214111,"Female"
"9004153",371987,2025-06-23 12:34:03,42.6023101806641,-8.87672138214111,"Female"
"9004153",371987,2025-06-23 12:39:01,42.602367401123,-8.87670612335205,"Female"
"9004153",371987,2025-06-23 12:44:32,42.6023902893066,-8.87665462493896,"Female"
"9004153",371987,2025-06-23 12:48:51,42.6023368835449,-8.87670421600342,"Female"
"9004153",371987,2025-06-23 12:53:51,42.6020011901855,-8.87705135345459,"Female"
"9004153",371987,2025-06-23 12:58:52,42.6022071838379,-8.87678527832031,"Female"
"9004153",371987,2025-06-23 13:03:52,42.6019554138184,-8.87701511383057,"Female"
"9004153",371987,2025-06-23 13:08:54,42.6018600463867,-8.87699222564697,"Female"
"9004153",371987,2025-06-23 13:13:51,42.6022071838379,-8.87682056427002,"Female"
"9004153",371987,2025-06-23 13:18:52,42.6020126342773,-8.87681293487549,"Female"
"9004153",371987,2025-06-23 13:23:51,42.6020812988281,-8.87678146362305,"Female"
"9004153",371987,2025-06-23 13:28:51,42.6021347045898,-8.87674045562744,"Female"
"9004153",371987,2025-06-23 13:33:51,42.6022300720215,-8.87667465209961,"Female"
"9004153",371987,2025-06-23 13:38:51,42.602180480957,-8.87669849395752,"Female"
"9004153",371987,2025-06-23 13:43:51,42.6021919250488,-8.87670803070068,"Female"
"9004153",371987,2025-06-23 13:48:51,42.6021995544434,-8.87667465209961,"Female"
"9004153",371987,2025-06-23 13:53:51,42.6021881103516,-8.87670993804932,"Female"
"9004153",371987,2025-06-23 13:58:51,42.6022148132324,-8.87666416168213,"Female"
"9004153",371987,2025-06-23 14:03:53,42.6022338867188,-8.87666893005371,"Female"
"9004153",371987,2025-06-23 14:08:51,42.6022872924805,-8.87666893005371,"Female"
"9004153",371987,2025-06-23 14:13:51,42.602222442627,-8.87665843963623,"Female"
"9004153",371987,2025-06-23 14:18:52,42.6022644042969,-8.87666702270508,"Female"
"9004153",371987,2025-06-23 14:23:51,42.6022682189941,-8.8766918182373,"Female"
"9004153",371987,2025-06-23 14:28:51,42.6022186279297,-8.87665843963623,"Female"
"9004153",371987,2025-06-23 14:34:02,42.6023406982422,-8.87676239013672,"Female"
"9004153",371987,2025-06-23 14:39:02,42.6023101806641,-8.87673568725586,"Female"
"9004153",371987,2025-06-23 14:43:59,42.6023216247559,-8.87673377990723,"Female"
"9004153",371987,2025-06-23 14:49:02,42.6023254394531,-8.87674427032471,"Female"
"9004153",371987,2025-06-23 14:54:04,42.6023368835449,-8.87675666809082,"Female"
"9004153",371987,2025-06-23 14:59:03,42.6023254394531,-8.87672901153564,"Female"
"9004153",371987,2025-06-23 15:04:04,42.6023330688477,-8.87671566009521,"Female"
"9004153",371987,2025-06-23 15:09:05,42.6022758483887,-8.87663650512695,"Female"
"9004153",371987,2025-06-23 15:14:03,42.6023445129395,-8.87675380706787,"Female"
"9004153",371987,2025-06-23 15:19:05,42.6023101806641,-8.87669849395752,"Female"
"9004153",371987,2025-06-23 15:24:03,42.6023559570312,-8.87677955627441,"Female"
"9004153",371987,2025-06-23 15:29:09,42.6023902893066,-8.87683582305908,"Female"
"9004153",371987,2025-06-23 15:34:05,42.602424621582,-8.87687110900879,"Female"
"9004153",371987,2025-06-23 15:39:05,42.6022758483887,-8.87672519683838,"Female"
"9004153",371987,2025-06-23 15:44:14,42.6023406982422,-8.87674522399902,"Female"
"9004153",371987,2025-06-23 15:49:00,42.6023292541504,-8.87662696838379,"Female"
"9004153",371987,2025-06-23 15:54:00,42.6022834777832,-8.87679576873779,"Female"
"9004153",371987,2025-06-23 15:58:51,42.6022758483887,-8.87639904022217,"Female"
"9004153",371987,2025-06-23 16:04:19,42.6023330688477,-8.87684154510498,"Female"
"9004153",371987,2025-06-23 16:08:51,42.6023101806641,-8.87681770324707,"Female"
"9004153",371987,2025-06-23 16:13:51,42.6023559570312,-8.87675762176514,"Female"
"9004153",371987,2025-06-23 16:18:51,42.6023826599121,-8.8767204284668,"Female"
"9004153",371987,2025-06-23 16:23:51,42.6023826599121,-8.87668323516846,"Female"
"9004153",371987,2025-06-23 16:28:51,42.602367401123,-8.87671947479248,"Female"
"9004153",371987,2025-06-23 16:33:51,42.6023368835449,-8.8767786026001,"Female"
"9004153",371987,2025-06-23 16:38:51,42.6023902893066,-8.87672233581543,"Female"
"9004153",371987,2025-06-23 16:43:51,42.6023750305176,-8.87671279907227,"Female"
"9004153",371987,2025-06-23 16:48:51,42.6023635864258,-8.8767032623291,"Female"
"9004153",371987,2025-06-23 16:53:51,42.6023635864258,-8.87679481506348,"Female"
"9004153",371987,2025-06-23 16:58:51,42.6024208068848,-8.87676906585693,"Female"
"9004153",371987,2025-06-23 17:03:51,42.6023979187012,-8.87678527832031,"Female"
"9004153",371987,2025-06-23 17:08:51,42.6023406982422,-8.87674331665039,"Female"
"9004153",371987,2025-06-23 17:13:51,42.602367401123,-8.87674331665039,"Female"
"9004153",371987,2025-06-23 17:18:51,42.6023979187012,-8.87677001953125,"Female"
"9004153",371987,2025-06-23 17:23:51,42.6024169921875,-8.87681007385254,"Female"
"9004153",371987,2025-06-23 17:29:28,42.6014366149902,-8.87421989440918,"Female"
"9004153",371987,2025-06-23 17:34:35,42.6015357971191,-8.87429332733154,"Female"
"9004153",371987,2025-06-23 17:39:10,42.6015357971191,-8.87434196472168,"Female"
"9004153",371987,2025-06-23 17:44:10,42.601505279541,-8.87429523468018,"Female"
"9004153",371987,2025-06-23 17:49:10,42.6014976501465,-8.87425422668457,"Female"
"9004153",371987,2025-06-23 17:54:10,42.601505279541,-8.8743143081665,"Female"
"9004153",371987,2025-06-23 17:59:10,42.6015472412109,-8.87429046630859,"Female"
"9004153",371987,2025-06-23 18:04:10,42.6015281677246,-8.87430000305176,"Female"
"9004153",371987,2025-06-23 18:09:10,42.6015548706055,-8.87431716918945,"Female"
"9004153",371987,2025-06-23 18:14:10,42.6015205383301,-8.8742847442627,"Female"
"9004153",371987,2025-06-23 18:19:10,42.6015281677246,-8.87425422668457,"Female"
"9004153",371987,2025-06-23 18:24:10,42.6014938354492,-8.87426280975342,"Female"
"9004153",371987,2025-06-23 18:29:10,42.6015510559082,-8.8743371963501,"Female"
"9004153",371987,2025-06-23 18:34:10,42.6015815734863,-8.87431621551514,"Female"
"9004153",371987,2025-06-23 18:39:10,42.6015319824219,-8.87429523468018,"Female"
"9004153",371987,2025-06-23 18:44:10,42.6015853881836,-8.87436389923096,"Female"
"9004153",371987,2025-06-23 18:49:10,42.6016845703125,-8.87446689605713,"Female"
"9004153",371987,2025-06-23 18:54:40,42.6002922058105,-8.87542724609375,"Female"
"9004153",371987,2025-06-23 18:59:33,42.5996704101562,-8.87539863586426,"Female"
"9004153",371987,2025-06-23 19:04:46,42.6011581420898,-8.87607669830322,"Female"
"9004153",371987,2025-06-23 19:09:45,42.6015090942383,-8.87611865997314,"Female"
"9004153",371987,2025-06-23 19:14:44,42.6012306213379,-8.87605667114258,"Female"
"9004153",371987,2025-06-23 19:19:44,42.6009063720703,-8.87534141540527,"Female"
"9004153",371987,2025-06-23 19:24:54,42.6014823913574,-8.87645626068115,"Female"
"9004153",371987,2025-06-23 19:29:44,42.6012840270996,-8.8761568069458,"Female"
"9004153",371987,2025-06-23 19:34:45,42.6023979187012,-8.87685203552246,"Female"
"9004153",371987,2025-06-23 19:39:55,42.6022605895996,-8.87682437896729,"Female"
"9004153",371987,2025-06-23 19:44:46,42.6023063659668,-8.87679481506348,"Female"
"9004153",371987,2025-06-23 19:49:46,42.6019744873047,-8.87625503540039,"Female"
"9004153",371987,2025-06-23 19:54:54,42.6021270751953,-8.87673377990723,"Female"
"9004153",371987,2025-06-23 19:59:48,42.6015625,-8.87697696685791,"Female"
"9004153",371987,2025-06-23 20:04:54,42.601490020752,-8.87685775756836,"Female"
"9004153",371987,2025-06-23 20:09:54,42.601448059082,-8.87677764892578,"Female"
"9004153",371987,2025-06-23 20:15:05,42.6013870239258,-8.8767147064209,"Female"
"9004153",371987,2025-06-23 20:19:44,42.6013870239258,-8.87664699554443,"Female"
"9004153",371987,2025-06-23 20:24:45,42.6013526916504,-8.87657356262207,"Female"
"9004153",371987,2025-06-23 20:29:45,42.6013870239258,-8.87669086456299,"Female"
"9004153",371987,2025-06-23 20:34:45,42.6013717651367,-8.87657928466797,"Female"
"9004153",371987,2025-06-23 20:39:45,42.6014404296875,-8.87671566009521,"Female"
"9004153",371987,2025-06-23 20:44:46,42.6014175415039,-8.87658596038818,"Female"
"9004153",371987,2025-06-23 20:49:48,42.6013450622559,-8.87666130065918,"Female"
"9004153",371987,2025-06-23 20:54:54,42.6013832092285,-8.87668609619141,"Female"
"9004153",371987,2025-06-23 20:59:54,42.601390838623,-8.87670612335205,"Female"
"9004153",371987,2025-06-23 21:04:53,42.6014022827148,-8.87672424316406,"Female"
"9004153",371987,2025-06-23 21:09:53,42.6013793945312,-8.87670612335205,"Female"
"9004153",371987,2025-06-23 21:14:55,42.601390838623,-8.87676048278809,"Female"
"9004153",371987,2025-06-23 21:19:54,42.6013793945312,-8.87674713134766,"Female"
"9004153",371987,2025-06-23 21:25:05,42.6014709472656,-8.87660312652588,"Female"
"9004153",371987,2025-06-23 21:29:44,42.6013259887695,-8.87660312652588,"Female"
"9004153",371987,2025-06-23 21:34:45,42.6013374328613,-8.87655925750732,"Female"
"9004153",371987,2025-06-23 21:39:44,42.6015281677246,-8.87655067443848,"Female"
"9004153",371987,2025-06-23 21:44:44,42.6013946533203,-8.87663173675537,"Female"
"9004153",371987,2025-06-23 21:49:44,42.6014709472656,-8.87654209136963,"Female"
"9004153",371987,2025-06-23 21:54:45,42.601390838623,-8.87654972076416,"Female"
"9004153",371987,2025-06-23 21:59:45,42.6013717651367,-8.8765983581543,"Female"
"9004153",371987,2025-06-23 22:04:44,42.6014556884766,-8.87663173675537,"Female"
"9004153",371987,2025-06-23 22:09:44,42.6013793945312,-8.8765754699707,"Female"
"9004153",371987,2025-06-23 22:14:51,42.6014595031738,-8.87655735015869,"Female"
"9004153",371987,2025-06-23 22:19:48,42.6013679504395,-8.87654876708984,"Female"
"9004153",371987,2025-06-23 22:24:44,42.6014099121094,-8.87662220001221,"Female"
"9004153",371987,2025-06-23 22:29:44,42.6014366149902,-8.87659645080566,"Female"
"9004153",371987,2025-06-23 22:34:44,42.6014099121094,-8.87654495239258,"Female"
"9004153",371987,2025-06-23 22:39:44,42.6014099121094,-8.87660980224609,"Female"
"9004153",371987,2025-06-23 22:44:45,42.6014213562012,-8.87651634216309,"Female"
"9004153",371987,2025-06-23 22:49:44,42.6014785766602,-8.87652492523193,"Female"
"9004153",371987,2025-06-23 22:54:46,42.6015510559082,-8.87654590606689,"Female"
"9004153",371987,2025-06-23 22:59:51,42.601448059082,-8.87678813934326,"Female"
"9004153",371987,2025-06-23 23:04:53,42.6014366149902,-8.87581920623779,"Female"
"9004153",371987,2025-06-23 23:09:45,42.6014862060547,-8.87598705291748,"Female"
"9004153",371987,2025-06-23 23:15:05,42.6013870239258,-8.87661361694336,"Female"
"9004153",371987,2025-06-23 23:19:44,42.601448059082,-8.87660312652588,"Female"
"9004153",371987,2025-06-23 23:24:44,42.6014099121094,-8.87664699554443,"Female"
"9004153",371987,2025-06-23 23:29:44,42.601375579834,-8.87665367126465,"Female"
"9004153",371987,2025-06-23 23:34:44,42.601390838623,-8.87660217285156,"Female"
"9004153",371987,2025-06-23 23:39:44,42.6013870239258,-8.87664222717285,"Female"
"9004153",371987,2025-06-23 23:44:45,42.6014060974121,-8.87664985656738,"Female"
"9004153",371987,2025-06-23 23:49:44,42.601390838623,-8.87659358978271,"Female"
"9004153",371987,2025-06-23 23:54:44,42.6013793945312,-8.8765811920166,"Female"
"9004153",371987,2025-06-23 23:59:45,42.6013526916504,-8.87657833099365,"Female"
"9004153",371987,2025-06-24 00:04:44,42.6014137268066,-8.87659740447998,"Female"
"9004153",371987,2025-06-24 00:09:45,42.6014099121094,-8.87661647796631,"Female"
"9004153",371987,2025-06-24 00:14:44,42.601448059082,-8.87663078308105,"Female"
"9004153",371987,2025-06-24 00:19:45,42.6014289855957,-8.87659168243408,"Female"
"9004153",371987,2025-06-24 00:24:44,42.6014022827148,-8.8766450881958,"Female"
"9004153",371987,2025-06-24 00:29:44,42.6014595031738,-8.87662220001221,"Female"
"9004153",371987,2025-06-24 00:34:44,42.601448059082,-8.87659454345703,"Female"
"9004153",371987,2025-06-24 00:39:45,42.6014366149902,-8.8766040802002,"Female"
"9004153",371987,2025-06-24 00:44:44,42.6014442443848,-8.87652015686035,"Female"
"9004153",371987,2025-06-24 00:49:45,42.6016006469727,-8.87664794921875,"Female"
"9004153",371987,2025-06-24 00:54:45,42.6014518737793,-8.87665367126465,"Female"
"9004153",371987,2025-06-24 00:59:44,42.6015205383301,-8.87664794921875,"Female"
"9004153",371987,2025-06-24 01:05:04,42.6014595031738,-8.87663650512695,"Female"
"9004153",371987,2025-06-24 01:09:45,42.6014060974121,-8.87653827667236,"Female"
"9004153",371987,2025-06-24 01:14:45,42.6015548706055,-8.87667655944824,"Female"
"9004153",371987,2025-06-24 01:19:44,42.6016159057617,-8.8767147064209,"Female"
"9004153",371987,2025-06-24 01:24:47,42.6016006469727,-8.87674522399902,"Female"
"9004153",371987,2025-06-24 01:29:56,42.6014366149902,-8.87659549713135,"Female"
"9004153",371987,2025-06-24 01:35:12,42.6014671325684,-8.87659454345703,"Female"
"9004153",371987,2025-06-24 01:39:45,42.6017684936523,-8.87678623199463,"Female"
"9004153",371987,2025-06-24 01:44:46,42.6014785766602,-8.87660884857178,"Female"
"9004153",371987,2025-06-24 01:49:46,42.601490020752,-8.87666702270508,"Female"
"9004153",371987,2025-06-24 01:54:45,42.6018257141113,-8.87702560424805,"Female"
"9004153",371987,2025-06-24 01:59:45,42.6017799377441,-8.8768892288208,"Female"
"9004153",371987,2025-06-24 02:05:05,42.6014289855957,-8.87663269042969,"Female"
"9004153",371987,2025-06-24 02:09:44,42.6014366149902,-8.87663459777832,"Female"
"9004153",371987,2025-06-24 02:14:44,42.601390838623,-8.8766040802002,"Female"
"9004153",371987,2025-06-24 02:19:44,42.6014251708984,-8.87667751312256,"Female"
"9004153",371987,2025-06-24 02:24:47,42.6013603210449,-8.87671566009521,"Female"
"9004153",371987,2025-06-24 02:29:47,42.6013412475586,-8.87662792205811,"Female"
"9004153",371987,2025-06-24 02:34:44,42.6012687683105,-8.87656307220459,"Female"
"9004153",371987,2025-06-24 02:39:44,42.6013336181641,-8.87668323516846,"Female"
"9004153",371987,2025-06-24 02:44:47,42.6013374328613,-8.87650108337402,"Female"
"9004153",371987,2025-06-24 02:49:45,42.6014213562012,-8.8766393661499,"Female"
"9004153",371987,2025-06-24 02:54:44,42.6013031005859,-8.87657642364502,"Female"
"9004153",371987,2025-06-24 02:59:46,42.6012916564941,-8.87657356262207,"Female"
"9004153",371987,2025-06-24 03:04:44,42.6014633178711,-8.87668991088867,"Female"
"9004153",371987,2025-06-24 03:09:47,42.6013717651367,-8.87663745880127,"Female"
"9004153",371987,2025-06-24 03:14:46,42.6015548706055,-8.87675857543945,"Female"
"9004153",371987,2025-06-24 03:19:46,42.6010513305664,-8.87617683410645,"Female"
"9004153",371987,2025-06-24 03:24:46,42.6015129089355,-8.87678623199463,"Female"
"9004153",371987,2025-06-24 03:29:46,42.6013984680176,-8.87659740447998,"Female"
"9004153",371987,2025-06-24 03:34:47,42.601261138916,-8.87657451629639,"Female"
"9004153",371987,2025-06-24 03:39:47,42.6013526916504,-8.87652492523193,"Female"
"9004153",371987,2025-06-24 03:44:47,42.601448059082,-8.87670993804932,"Female"
"9004153",371987,2025-06-24 03:49:46,42.6014442443848,-8.87659931182861,"Female"
"9004153",371987,2025-06-24 03:54:47,42.6012992858887,-8.8764123916626,"Female"
"9004153",371987,2025-06-24 03:59:45,42.6014060974121,-8.87651634216309,"Female"
"9004153",371987,2025-06-24 04:05:05,42.6014022827148,-8.87669372558594,"Female"
"9004153",371987,2025-06-24 04:09:44,42.6013870239258,-8.87667083740234,"Female"
"9004153",371987,2025-06-24 04:14:45,42.6014213562012,-8.87669467926025,"Female"
"9004153",371987,2025-06-24 04:19:44,42.6014137268066,-8.87665748596191,"Female"
"9004153",371987,2025-06-24 04:24:44,42.6014518737793,-8.87661457061768,"Female"
"9004153",371987,2025-06-24 04:29:44,42.6013565063477,-8.87673759460449,"Female"
"9004153",371987,2025-06-24 04:34:44,42.6014747619629,-8.87661361694336,"Female"
"9004153",371987,2025-06-24 04:39:44,42.6013641357422,-8.87656497955322,"Female"
"9004153",371987,2025-06-24 04:44:44,42.6012916564941,-8.87631416320801,"Female"
"9004153",371987,2025-06-24 04:49:44,42.6012840270996,-8.87631797790527,"Female"
"9004153",371987,2025-06-24 04:54:45,42.6014785766602,-8.87640476226807,"Female"
"9004153",371987,2025-06-24 04:59:52,42.6014251708984,-8.87666988372803,"Female"
"9004153",371987,2025-06-24 05:04:46,42.601448059082,-8.87662029266357,"Female"
"9004153",371987,2025-06-24 05:09:44,42.6014289855957,-8.87661552429199,"Female"
"9004153",371987,2025-06-24 05:14:45,42.6014595031738,-8.87665367126465,"Female"
"9004153",371987,2025-06-24 05:19:53,42.6014442443848,-8.87657642364502,"Female"
"9004153",371987,2025-06-24 05:24:44,42.6014251708984,-8.87663555145264,"Female"
"9004153",371987,2025-06-24 05:29:45,42.6014518737793,-8.87670421600342,"Female"
"9004153",371987,2025-06-24 05:35:04,42.6014785766602,-8.87657356262207,"Female"
"9004153",371987,2025-06-24 05:39:44,42.6014938354492,-8.87657833099365,"Female"
"9004153",371987,2025-06-24 05:44:44,42.6014595031738,-8.87660598754883,"Female"
"9004153",371987,2025-06-24 05:49:44,42.6015319824219,-8.87663745880127,"Female"
"9004153",371987,2025-06-24 05:54:44,42.6014175415039,-8.87661838531494,"Female"
"9004153",371987,2025-06-24 05:59:44,42.6013984680176,-8.87663078308105,"Female"
"9004153",371987,2025-06-24 06:04:44,42.6014518737793,-8.87660026550293,"Female"
"9004153",371987,2025-06-24 06:09:44,42.6014289855957,-8.87659645080566,"Female"
"9004153",371987,2025-06-24 06:14:44,42.6014518737793,-8.87665748596191,"Female"
"9004153",371987,2025-06-24 06:19:44,42.6014785766602,-8.87666511535645,"Female"
"9004153",371987,2025-06-24 06:24:44,42.6014404296875,-8.87664127349854,"Female"
"9004153",371987,2025-06-24 06:29:45,42.6014823913574,-8.87672996520996,"Female"
"9004153",371987,2025-06-24 06:34:44,42.6014556884766,-8.87670230865479,"Female"
"9004153",371987,2025-06-24 06:39:44,42.601432800293,-8.8767261505127,"Female"
"9004153",371987,2025-06-24 06:44:49,42.6014938354492,-8.87663173675537,"Female"
"9004153",371987,2025-06-24 06:49:55,42.6014976501465,-8.87665176391602,"Female"
"9004153",371987,2025-06-24 06:54:44,42.6015167236328,-8.87660121917725,"Female"
"9004153",371987,2025-06-24 06:59:47,42.6015243530273,-8.8766622543335,"Female"
"9004153",371987,2025-06-24 07:04:44,42.6014785766602,-8.87663459777832,"Female"
"9004153",371987,2025-06-24 07:10:05,42.6014404296875,-8.87656211853027,"Female"
"9004153",371987,2025-06-24 07:14:44,42.6014213562012,-8.87654972076416,"Female"
"9004153",371987,2025-06-24 07:19:44,42.6014976501465,-8.87649440765381,"Female"
"9004153",371987,2025-06-24 07:24:44,42.6014595031738,-8.87656784057617,"Female"
"9004153",371987,2025-06-24 07:29:44,42.6001472473145,-8.87582874298096,"Female"
"9004153",371987,2025-06-24 07:34:52,42.5995864868164,-8.87485027313232,"Female"
"9004153",371987,2025-06-24 07:40:07,42.5988960266113,-8.87583351135254,"Female"
"9004153",371987,2025-06-24 07:45:06,42.5976676940918,-8.87590885162354,"Female"
"9004153",371987,2025-06-24 07:50:07,42.5977554321289,-8.87427520751953,"Female"
"9004153",371987,2025-06-24 07:55:07,42.598331451416,-8.87390995025635,"Female"
"9004153",371987,2025-06-24 08:00:07,42.5979537963867,-8.87428665161133,"Female"
"9004153",371987,2025-06-24 08:05:07,42.5993461608887,-8.87372398376465,"Female"
"9004153",371987,2025-06-24 08:11:30,42.6006317138672,-8.87356758117676,"Female"
"9004153",371987,2025-06-24 08:15:35,42.6015014648438,-8.87423324584961,"Female"
"9004153",371987,2025-06-24 08:20:06,42.6014862060547,-8.8742561340332,"Female"
"9004153",371987,2025-06-24 08:25:10,42.6013870239258,-8.87432098388672,"Female"
"9004153",371987,2025-06-24 08:30:06,42.6015090942383,-8.87427997589111,"Female"
"9004153",371987,2025-06-24 08:35:06,42.6015434265137,-8.8743257522583,"Female"
"9004153",371987,2025-06-24 08:40:06,42.6014862060547,-8.87430191040039,"Female"
"9004153",371987,2025-06-24 08:45:06,42.6015815734863,-8.87422466278076,"Female"
"9004153",371987,2025-06-24 08:50:09,42.6015281677246,-8.87424850463867,"Female"
"9004153",371987,2025-06-24 08:55:08,42.6015243530273,-8.87429332733154,"Female"
"9004153",371987,2025-06-24 09:00:06,42.6015853881836,-8.87439727783203,"Female"
"9004153",371987,2025-06-24 09:05:06,42.6016426086426,-8.87677001953125,"Female"
"9004153",371987,2025-06-24 09:10:06,42.601634979248,-8.87678241729736,"Female"
"9004153",371987,2025-06-24 09:15:18,42.6014404296875,-8.87664699554443,"Female"
"9004153",371987,2025-06-24 09:20:09,42.6017303466797,-8.87694454193115,"Female"
"9004153",371987,2025-06-24 09:25:35,42.6014785766602,-8.8766565322876,"Female"
"9004153",371987,2025-06-24 09:30:06,42.6014175415039,-8.87693023681641,"Female"
"9004153",371987,2025-06-24 09:35:07,42.6014747619629,-8.87691497802734,"Female"
"9004153",371987,2025-06-24 09:40:19,42.6014518737793,-8.87665176391602,"Female"
"9004153",371987,2025-06-24 09:45:07,42.601490020752,-8.87683582305908,"Female"
"9004153",371987,2025-06-24 09:50:08,42.6014976501465,-8.87755870819092,"Female"
"9004153",371987,2025-06-24 09:55:07,42.6014633178711,-8.87716197967529,"Female"
"9004153",371987,2025-06-24 10:00:07,42.6014099121094,-8.8772497177124,"Female"
"9004153",371987,2025-06-24 10:05:08,42.6015586853027,-8.87629127502441,"Female"
"9004153",371987,2025-06-24 10:10:08,42.6014709472656,-8.876784324646,"Female"
"9004153",371987,2025-06-24 10:15:10,42.6014709472656,-8.87735176086426,"Female"
"9004153",371987,2025-06-24 10:20:15,42.6015510559082,-8.87664604187012,"Female"
"9004153",371987,2025-06-24 10:25:10,42.6015014648438,-8.87597465515137,"Female"
"9004153",371987,2025-06-24 10:30:59,42.6049385070801,-8.87268447875977,"Female"
"9004153",371987,2025-06-24 10:36:06,42.6056442260742,-8.87185192108154,"Female"
"9004153",371987,2025-06-24 10:40:58,42.6065444946289,-8.8725004196167,"Female"
"9004153",371987,2025-06-24 10:46:28,42.60595703125,-8.8729772567749,"Female"
"9004153",371987,2025-06-24 10:51:44,42.6053314208984,-8.87312889099121,"Female"
"9004153",371987,2025-06-24 10:56:44,42.6032295227051,-8.87421607971191,"Female"
"9004153",371987,2025-06-24 11:01:43,42.6032562255859,-8.87455272674561,"Female"
"9004153",371987,2025-06-24 11:06:43,42.603214263916,-8.87431907653809,"Female"
"9004153",371987,2025-06-24 11:11:43,42.6031608581543,-8.87434196472168,"Female"
"9004153",371987,2025-06-24 11:16:45,42.6030921936035,-8.8737964630127,"Female"
"9004153",371987,2025-06-24 11:22:01,42.6032562255859,-8.87439632415771,"Female"
"9004153",371987,2025-06-24 11:26:41,42.6032676696777,-8.87436580657959,"Female"
"9004153",371987,2025-06-24 11:31:41,42.6032218933105,-8.87453842163086,"Female"
"9004153",371987,2025-06-24 11:36:41,42.6032218933105,-8.87447547912598,"Female"
"9004153",371987,2025-06-24 11:41:42,42.6038627624512,-8.87430572509766,"Female"
"9004153",371987,2025-06-24 11:46:41,42.605110168457,-8.87413501739502,"Female"
"9004153",371987,2025-06-24 11:51:46,42.6056823730469,-8.87438201904297,"Female"
"9004153",371987,2025-06-24 11:57:37,42.6055908203125,-8.87531757354736,"Female"
"9004153",371987,2025-06-24 12:02:36,42.6062126159668,-8.87484645843506,"Female"
"9004153",371987,2025-06-24 12:07:36,42.6057815551758,-8.87558555603027,"Female"
"9004153",371987,2025-06-24 12:13:07,42.6057243347168,-8.87504100799561,"Female"
"9004153",371987,2025-06-24 12:18:07,42.604850769043,-8.87532138824463,"Female"
"9004153",371987,2025-06-24 12:23:49,42.6025543212891,-8.87644958496094,"Female"
"9004153",371987,2025-06-24 12:28:48,42.6022644042969,-8.87654304504395,"Female"
"9004153",371987,2025-06-24 12:33:50,42.6022529602051,-8.87642765045166,"Female"
"9004153",371987,2025-06-24 12:39:11,42.6022529602051,-8.87650489807129,"Female"
"9004153",371987,2025-06-24 12:44:23,42.6022148132324,-8.87651824951172,"Female"
"9004153",371987,2025-06-24 12:48:48,42.6022720336914,-8.87660217285156,"Female"
"9004153",371987,2025-06-24 12:53:47,42.6022415161133,-8.87657833099365,"Female"
"9004153",371987,2025-06-24 12:58:47,42.6021766662598,-8.87667465209961,"Female"
"9004153",371987,2025-06-24 13:03:47,42.6022682189941,-8.87675762176514,"Female"
"9004153",371987,2025-06-24 13:08:50,42.6023445129395,-8.87666988372803,"Female"
"9004153",371987,2025-06-24 13:13:47,42.6021919250488,-8.87670516967773,"Female"
"9004153",371987,2025-06-24 13:18:47,42.6021957397461,-8.87680912017822,"Female"
"9004153",371987,2025-06-24 13:23:47,42.6022071838379,-8.8767557144165,"Female"
"9004153",371987,2025-06-24 13:28:47,42.6021919250488,-8.87670040130615,"Female"
"9004153",371987,2025-06-24 13:33:47,42.6021728515625,-8.87662220001221,"Female"
"9004153",371987,2025-06-24 13:38:49,42.6022033691406,-8.87668514251709,"Female"
"9004153",371987,2025-06-24 13:43:49,42.6021919250488,-8.87665748596191,"Female"
"9004153",371987,2025-06-24 13:48:51,42.6022033691406,-8.87658309936523,"Female"
"9004153",371987,2025-06-24 13:53:49,42.6022033691406,-8.87671566009521,"Female"
"9004153",371987,2025-06-24 13:58:48,42.6021957397461,-8.87662410736084,"Female"
"9004153",371987,2025-06-24 14:04:14,42.6022491455078,-8.87664413452148,"Female"
"9004153",371987,2025-06-24 14:08:55,42.6022453308105,-8.87670516967773,"Female"
"9004153",371987,2025-06-24 14:13:55,42.6022033691406,-8.87670135498047,"Female"
"9004153",371987,2025-06-24 14:19:00,42.6023941040039,-8.87695217132568,"Female"
"9004153",371987,2025-06-24 14:24:00,42.6020164489746,-8.8764476776123,"Female"
"9004153",371987,2025-06-24 14:29:03,42.6018676757812,-8.87630271911621,"Female"
"9004153",371987,2025-06-24 14:34:15,42.6021842956543,-8.87664222717285,"Female"
"9004153",371987,2025-06-24 14:38:47,42.6021842956543,-8.87664985656738,"Female"
"9004153",371987,2025-06-24 14:43:48,42.602237701416,-8.87667751312256,"Female"
"9004153",371987,2025-06-24 14:48:50,42.6020660400391,-8.87653160095215,"Female"
"9004153",371987,2025-06-24 14:53:53,42.6020965576172,-8.87656497955322,"Female"
"9004153",371987,2025-06-24 14:59:23,42.6022644042969,-8.87670230865479,"Female"
"9004153",371987,2025-06-24 15:03:47,42.6022682189941,-8.87671947479248,"Female"
"9004153",371987,2025-06-24 15:08:47,42.6022529602051,-8.87672424316406,"Female"
"9004153",371987,2025-06-24 15:13:47,42.6022567749023,-8.87668895721436,"Female"
"9004153",371987,2025-06-24 15:18:47,42.6022529602051,-8.87667274475098,"Female"
"9004153",371987,2025-06-24 15:23:47,42.602237701416,-8.87666797637939,"Female"
"9004153",371987,2025-06-24 15:28:47,42.6022262573242,-8.87666416168213,"Female"
"9004153",371987,2025-06-24 15:33:47,42.6022300720215,-8.87666606903076,"Female"
"9004153",371987,2025-06-24 15:38:48,42.6023559570312,-8.8764123916626,"Female"
"9004153",371987,2025-06-24 15:43:48,42.6028480529785,-8.87626552581787,"Female"
"9004153",371987,2025-06-24 15:49:26,42.6039962768555,-8.87681484222412,"Female"
"9004153",371987,2025-06-24 15:54:25,42.6042137145996,-8.8754243850708,"Female"
"9004153",371987,2025-06-24 15:59:26,42.6044769287109,-8.87354469299316,"Female"
"9004153",371987,2025-06-24 16:04:42,42.6041984558105,-8.871994972229,"Female"
"9004153",371987,2025-06-24 16:10:21,42.6040802001953,-8.87129402160645,"Female"
"9004153",371987,2025-06-24 16:15:18,42.6034774780273,-8.87318515777588,"Female"
"9004153",371987,2025-06-24 16:20:17,42.6034202575684,-8.87302875518799,"Female"
"9004153",371987,2025-06-24 16:25:25,42.6034851074219,-8.87318515777588,"Female"
"9004153",371987,2025-06-24 16:30:35,42.6034851074219,-8.87317752838135,"Female"
"9004153",371987,2025-06-24 16:35:15,42.6034889221191,-8.87318706512451,"Female"
"9004153",371987,2025-06-24 16:40:16,42.6034507751465,-8.87320041656494,"Female"
"9004153",371987,2025-06-24 16:45:16,42.6035499572754,-8.87312698364258,"Female"
"9004153",371987,2025-06-24 16:50:16,42.6034622192383,-8.87326145172119,"Female"
"9004153",371987,2025-06-24 16:55:16,42.6034355163574,-8.87327289581299,"Female"
"9004153",371987,2025-06-24 17:00:15,42.6034927368164,-8.87320518493652,"Female"
"9004153",371987,2025-06-24 17:05:15,42.6035499572754,-8.87319087982178,"Female"
"9004153",371987,2025-06-24 17:10:15,42.603458404541,-8.87317085266113,"Female"
"9004153",371987,2025-06-24 17:15:15,42.6034774780273,-8.87323474884033,"Female"
"9004153",371987,2025-06-24 17:20:15,42.6034812927246,-8.87320232391357,"Female"
"9004153",371987,2025-06-24 17:25:15,42.6035232543945,-8.87317085266113,"Female"
"9004153",371987,2025-06-24 17:30:15,42.6035423278809,-8.87326335906982,"Female"
"9004153",371987,2025-06-24 17:35:15,42.6034774780273,-8.87310218811035,"Female"
"9004153",371987,2025-06-24 17:40:15,42.6035118103027,-8.87329196929932,"Female"
"9004153",371987,2025-06-24 17:45:16,42.6035041809082,-8.87323951721191,"Female"
"9004153",371987,2025-06-24 17:50:18,42.6034774780273,-8.8731861114502,"Female"
"9004153",371987,2025-06-24 17:55:15,42.6036834716797,-8.87346744537354,"Female"
"9004153",371987,2025-06-24 18:00:17,42.6033744812012,-8.8730354309082,"Female"
"9004153",371987,2025-06-24 18:05:19,42.6036720275879,-8.8734827041626,"Female"
"9004153",371987,2025-06-24 18:10:16,42.603645324707,-8.87339878082275,"Female"
"9004153",371987,2025-06-24 18:15:16,42.6034049987793,-8.87310600280762,"Female"
"9004153",371987,2025-06-24 18:20:17,42.6036262512207,-8.87337493896484,"Female"
"9004153",371987,2025-06-24 18:25:20,42.6034812927246,-8.87317752838135,"Female"
"9004153",371987,2025-06-24 18:30:24,42.603443145752,-8.87316226959229,"Female"
"9004153",371987,2025-06-24 18:35:16,42.6035499572754,-8.87326335906982,"Female"
"9004153",371987,2025-06-24 18:40:25,42.6034355163574,-8.87314605712891,"Female"
"9004153",371987,2025-06-24 18:45:25,42.6034660339355,-8.87317848205566,"Female"
"9004153",371987,2025-06-24 18:50:31,42.6035003662109,-8.87322521209717,"Female"
"9004153",371987,2025-06-24 18:55:33,42.6045188903809,-8.87296009063721,"Female"
"9004153",371987,2025-06-24 19:01:09,42.6044235229492,-8.87185668945312,"Female"
"9004153",371987,2025-06-24 19:06:21,42.6053237915039,-8.87121677398682,"Female"
"9004153",371987,2025-06-24 19:11:49,42.6042404174805,-8.87186527252197,"Female"
"9004153",371987,2025-06-24 19:16:48,42.6019554138184,-8.87410640716553,"Female"
"9004153",371987,2025-06-24 19:21:49,42.6014862060547,-8.87432098388672,"Female"
"9004153",371987,2025-06-24 19:26:48,42.601505279541,-8.87429618835449,"Female"
"9004153",371987,2025-06-24 19:31:49,42.6004486083984,-8.87699317932129,"Female"
"9004153",371987,2025-06-24 19:36:48,42.601375579834,-8.87666416168213,"Female"
"9004153",371987,2025-06-24 19:41:48,42.6014556884766,-8.87663173675537,"Female"
"9004153",371987,2025-06-24 19:46:48,42.6012840270996,-8.87671566009521,"Female"
"9004153",371987,2025-06-24 19:51:48,42.6013450622559,-8.87668704986572,"Female"
"9004153",371987,2025-06-24 19:56:48,42.6013717651367,-8.87661457061768,"Female"
"9004153",371987,2025-06-24 20:01:48,42.6013450622559,-8.8766622543335,"Female"
"9004153",371987,2025-06-24 20:06:48,42.6014823913574,-8.87664890289307,"Female"
"9004153",371987,2025-06-24 20:11:48,42.6014823913574,-8.8765926361084,"Female"
"9004153",371987,2025-06-24 20:16:53,42.6014213562012,-8.87664127349854,"Female"
"9004153",371987,2025-06-24 20:21:48,42.601432800293,-8.87662792205811,"Female"
"9004153",371987,2025-06-24 20:26:48,42.6014556884766,-8.87666416168213,"Female"
"9004153",371987,2025-06-24 20:31:48,42.6013603210449,-8.87664890289307,"Female"
"9004153",371987,2025-06-24 20:36:48,42.6013221740723,-8.87665748596191,"Female"
"9004153",371987,2025-06-24 20:41:48,42.6013259887695,-8.87668895721436,"Female"
"9004153",371987,2025-06-24 20:46:48,42.6014938354492,-8.87666416168213,"Female"
"9004153",371987,2025-06-24 20:51:48,42.6013488769531,-8.87667655944824,"Female"
"9004153",371987,2025-06-24 20:56:49,42.601505279541,-8.87670421600342,"Female"
"9004153",371987,2025-06-24 21:01:48,42.6011924743652,-8.87655258178711,"Female"
"9004153",371987,2025-06-24 21:06:49,42.6015014648438,-8.87673950195312,"Female"
"9004153",371987,2025-06-24 21:11:49,42.6014633178711,-8.87672805786133,"Female"
"9004153",371987,2025-06-24 21:16:49,42.6014862060547,-8.87676811218262,"Female"
"9004153",371987,2025-06-24 21:21:49,42.6014823913574,-8.87668991088867,"Female"
"9004153",371987,2025-06-24 21:26:50,42.6012840270996,-8.87657928466797,"Female"
"9004153",371987,2025-06-24 21:31:49,42.6014938354492,-8.87677192687988,"Female"
"9004153",371987,2025-06-24 21:36:48,42.6014709472656,-8.87677764892578,"Female"
"9004153",371987,2025-06-24 21:41:52,42.6017303466797,-8.87682723999023,"Female"
"9004153",371987,2025-06-24 21:46:51,42.6013946533203,-8.87660789489746,"Female"
"9004153",371987,2025-06-24 21:52:12,42.6014137268066,-8.87658977508545,"Female"
"9004153",371987,2025-06-24 21:56:48,42.6015205383301,-8.87669372558594,"Female"
"9004153",371987,2025-06-24 22:02:19,42.6014938354492,-8.87655353546143,"Female"
"9004153",371987,2025-06-24 22:06:48,42.6013832092285,-8.87659740447998,"Female"
"9004153",371987,2025-06-24 22:11:48,42.6013870239258,-8.87664604187012,"Female"
"9004153",371987,2025-06-24 22:16:48,42.6013412475586,-8.87656784057617,"Female"
"9004153",371987,2025-06-24 22:21:48,42.6013641357422,-8.87654685974121,"Female"
"9004153",371987,2025-06-24 22:26:48,42.6013488769531,-8.87645244598389,"Female"
"9004153",371987,2025-06-24 22:31:48,42.6014709472656,-8.87655448913574,"Female"
"9004153",371987,2025-06-24 22:36:48,42.6013069152832,-8.87651920318604,"Female"
"9004153",371987,2025-06-24 22:41:48,42.6013526916504,-8.87650489807129,"Female"
"9004153",371987,2025-06-24 22:46:48,42.6014442443848,-8.8764705657959,"Female"
"9004153",371987,2025-06-24 22:51:49,42.601390838623,-8.87672138214111,"Female"
"9004153",371987,2025-06-24 22:56:48,42.6014404296875,-8.87675380706787,"Female"
"9004153",371987,2025-06-24 23:01:48,42.6015129089355,-8.87679767608643,"Female"
"9004153",371987,2025-06-24 23:06:50,42.6013412475586,-8.87662601470947,"Female"
"9004153",371987,2025-06-24 23:11:48,42.6013565063477,-8.87654495239258,"Female"
"9004153",371987,2025-06-24 23:16:48,42.6014862060547,-8.87675380706787,"Female"
"9004153",371987,2025-06-24 23:21:50,42.6014251708984,-8.87663650512695,"Female"
"9004153",371987,2025-06-24 23:26:49,42.601448059082,-8.87668037414551,"Female"
"9004153",371987,2025-06-24 23:31:48,42.6014137268066,-8.87667655944824,"Female"
"9004153",371987,2025-06-24 23:36:49,42.6013679504395,-8.8767261505127,"Female"
"9004153",371987,2025-06-24 23:41:49,42.6014213562012,-8.87668323516846,"Female"
"9004153",371987,2025-06-24 23:46:49,42.6013031005859,-8.87650394439697,"Female"
"9004153",371987,2025-06-24 23:51:51,42.601261138916,-8.87643718719482,"Female"
"9004153",371987,2025-06-24 23:56:51,42.6014709472656,-8.87672805786133,"Female"
"9004153",371987,2025-06-25 00:02:14,42.6013793945312,-8.87664794921875,"Female"
"9004153",371987,2025-06-25 00:06:48,42.6014137268066,-8.87668228149414,"Female"
"9004153",371987,2025-06-25 00:11:48,42.6016578674316,-8.87675666809082,"Female"
"9004153",371987,2025-06-25 00:16:48,42.6014175415039,-8.87669086456299,"Female"
"9004153",371987,2025-06-25 00:21:48,42.601318359375,-8.87663841247559,"Female"
"9004153",371987,2025-06-25 00:26:52,42.6013298034668,-8.87651538848877,"Female"
"9004153",371987,2025-06-25 00:31:48,42.6013717651367,-8.8766918182373,"Female"
"9004153",371987,2025-06-25 00:36:51,42.6013565063477,-8.87656784057617,"Female"
"9004153",371987,2025-06-25 00:41:48,42.6014251708984,-8.87661266326904,"Female"
"9004153",371987,2025-06-25 00:47:23,42.6014366149902,-8.87668704986572,"Female"
"9004153",371987,2025-06-25 00:51:48,42.6014175415039,-8.87661743164062,"Female"
"9004153",371987,2025-06-25 00:56:48,42.6014137268066,-8.87656116485596,"Female"
"9004153",371987,2025-06-25 01:01:48,42.6014671325684,-8.8765983581543,"Female"
"9004153",371987,2025-06-25 01:06:49,42.6013641357422,-8.87665271759033,"Female"
"9004153",371987,2025-06-25 01:11:49,42.6015548706055,-8.87666130065918,"Female"
"9004153",371987,2025-06-25 01:16:49,42.6013488769531,-8.87667655944824,"Female"
"9004153",371987,2025-06-25 01:21:55,42.601505279541,-8.87662696838379,"Female"
"9004153",371987,2025-06-25 01:26:48,42.6015167236328,-8.87658309936523,"Female"
"9004153",371987,2025-06-25 01:31:52,42.6014366149902,-8.87667751312256,"Female"
"9004153",371987,2025-06-25 01:36:49,42.6014785766602,-8.87667942047119,"Female"
"9004153",371987,2025-06-25 01:41:51,42.6013946533203,-8.87664127349854,"Female"
"9004153",371987,2025-06-25 01:46:48,42.6015090942383,-8.87663841247559,"Female"
"9004153",371987,2025-06-25 01:51:51,42.6014213562012,-8.87667369842529,"Female"
"9004153",371987,2025-06-25 01:56:47,42.6014823913574,-8.87671947479248,"Female"
"9004153",371987,2025-06-25 02:01:47,42.6015777587891,-8.87676429748535,"Female"
"9004153",371987,2025-06-25 02:06:48,42.601490020752,-8.87664318084717,"Female"
"9004153",371987,2025-06-25 02:11:48,42.6015129089355,-8.87669467926025,"Female"
"9004153",371987,2025-06-25 02:16:47,42.6018524169922,-8.87700462341309,"Female"
"9004153",371987,2025-06-25 02:21:47,42.6015014648438,-8.87668609619141,"Female"
"9004153",371987,2025-06-25 02:26:49,42.6014595031738,-8.87670421600342,"Female"
"9004153",371987,2025-06-25 02:31:50,42.6015777587891,-8.8768138885498,"Female"
"9004153",371987,2025-06-25 02:36:48,42.6015968322754,-8.87678623199463,"Female"
"9004153",371987,2025-06-25 02:41:52,42.6016464233398,-8.87684631347656,"Female"
"9004153",371987,2025-06-25 02:47:21,42.6013946533203,-8.87664318084717,"Female"
"9004153",371987,2025-06-25 02:51:47,42.6013336181641,-8.87678050994873,"Female"
"9004153",371987,2025-06-25 02:56:47,42.6014556884766,-8.87666320800781,"Female"
"9004153",371987,2025-06-25 03:01:47,42.6014595031738,-8.87664699554443,"Female"
"9004153",371987,2025-06-25 03:06:49,42.6013717651367,-8.87660503387451,"Female"
"9004153",371987,2025-06-25 03:11:47,42.6013870239258,-8.87662792205811,"Female"
"9004153",371987,2025-06-25 03:16:47,42.6013832092285,-8.87661170959473,"Female"
"9004153",371987,2025-06-25 03:21:49,42.6012763977051,-8.87648391723633,"Female"
"9004153",371987,2025-06-25 03:26:49,42.6013298034668,-8.87660980224609,"Female"
"9004153",371987,2025-06-25 03:31:47,42.6014251708984,-8.87665367126465,"Female"
"9004153",371987,2025-06-25 03:36:49,42.601203918457,-8.87645816802979,"Female"
"9004153",371987,2025-06-25 03:41:48,42.6012725830078,-8.87642574310303,"Female"
"9004153",371987,2025-06-25 03:46:48,42.6013603210449,-8.87657356262207,"Female"
"9004153",371987,2025-06-25 03:51:48,42.6013984680176,-8.87660980224609,"Female"
"9004153",371987,2025-06-25 03:56:59,42.6014022827148,-8.87666606903076,"Female"
"9004153",371987,2025-06-25 04:01:48,42.6012001037598,-8.87649917602539,"Female"
"9004153",371987,2025-06-25 04:07:00,42.6013946533203,-8.87665176391602,"Female"
"9004153",371987,2025-06-25 04:11:50,42.6011352539062,-8.87647342681885,"Female"
"9004153",371987,2025-06-25 04:16:53,42.6014099121094,-8.87671184539795,"Female"
"9004153",371987,2025-06-25 04:22:00,42.6012496948242,-8.87662792205811,"Female"
"9004153",371987,2025-06-25 04:27:14,42.6014976501465,-8.87655639648438,"Female"
"9004153",371987,2025-06-25 04:32:01,42.6012954711914,-8.87660789489746,"Female"
"9004153",371987,2025-06-25 04:37:01,42.6013984680176,-8.87659168243408,"Female"
"9004153",371987,2025-06-25 04:42:01,42.6014060974121,-8.87652587890625,"Female"
"9004153",371987,2025-06-25 04:47:23,42.6014709472656,-8.87656021118164,"Female"
"9004153",371987,2025-06-25 04:51:47,42.6016082763672,-8.87657737731934,"Female"
"9004153",371987,2025-06-25 04:56:47,42.6015434265137,-8.8765811920166,"Female"
"9004153",371987,2025-06-25 05:01:48,42.6015930175781,-8.87657642364502,"Female"
"9004153",371987,2025-06-25 05:06:49,42.6015663146973,-8.87664031982422,"Female"
"9004153",371987,2025-06-25 05:11:48,42.6010589599609,-8.87697696685791,"Female"
"9004153",371987,2025-06-25 05:16:48,42.6014633178711,-8.87663173675537,"Female"
"9004153",371987,2025-06-25 05:21:48,42.6014976501465,-8.87665176391602,"Female"
"9004153",371987,2025-06-25 05:26:49,42.6013336181641,-8.8767032623291,"Female"
"9004153",371987,2025-06-25 05:31:48,42.6017074584961,-8.87639808654785,"Female"
"9004153",371987,2025-06-25 05:37:20,42.6014518737793,-8.87667465209961,"Female"
"9004153",371987,2025-06-25 05:41:47,42.6014137268066,-8.87659454345703,"Female"
"9004153",371987,2025-06-25 05:46:47,42.6014556884766,-8.87664222717285,"Female"
"9004153",371987,2025-06-25 05:51:47,42.601432800293,-8.87663173675537,"Female"
"9004153",371987,2025-06-25 05:56:47,42.601432800293,-8.87657451629639,"Female"
"9004153",371987,2025-06-25 06:01:47,42.6014671325684,-8.87660789489746,"Female"
"9004153",371987,2025-06-25 06:06:47,42.6014518737793,-8.87666416168213,"Female"
"9004153",371987,2025-06-25 06:11:48,42.601448059082,-8.87667751312256,"Female"
"9004153",371987,2025-06-25 06:16:50,42.6014976501465,-8.876708984375,"Female"
"9004153",371987,2025-06-25 06:21:47,42.6015090942383,-8.8767147064209,"Female"
"9004153",371987,2025-06-25 06:26:47,42.6015930175781,-8.87686538696289,"Female"
"9004153",371987,2025-06-25 06:32:14,42.6014823913574,-8.87675476074219,"Female"
"9004153",371987,2025-06-25 06:36:47,42.6014976501465,-8.8768367767334,"Female"
"9004153",371987,2025-06-25 06:41:47,42.6015205383301,-8.87677478790283,"Female"
"9004153",371987,2025-06-25 06:46:48,42.6018180847168,-8.87713718414307,"Female"
"9004153",371987,2025-06-25 06:51:48,42.6013298034668,-8.87667655944824,"Female"
"9004153",371987,2025-06-25 06:56:48,42.6011924743652,-8.87673187255859,"Female"
"9004153",371987,2025-06-25 07:01:51,42.601448059082,-8.87670707702637,"Female"
"9004153",371987,2025-06-25 07:07:06,42.601432800293,-8.87682056427002,"Female"
"9004153",371987,2025-06-25 07:11:58,42.6013946533203,-8.8767786026001,"Female"
"9004153",371987,2025-06-25 07:16:51,42.6015625,-8.8768367767334,"Female"
"9004153",371987,2025-06-25 07:21:48,42.6015548706055,-8.87680530548096,"Female"
"9004153",371987,2025-06-25 07:27:14,42.6023941040039,-8.8769588470459,"Female"
"9004153",371987,2025-06-25 07:31:47,42.6019325256348,-8.87640285491943,"Female"
"9004153",371987,2025-06-25 07:36:47,42.6022109985352,-8.87668514251709,"Female"
"9004153",371987,2025-06-25 07:41:49,42.6019744873047,-8.87674999237061,"Female"
"9004153",371987,2025-06-25 07:47:14,42.6020622253418,-8.87673759460449,"Female"
"9004153",371987,2025-06-25 07:52:27,42.5979270935059,-8.87469673156738,"Female"
"9004153",371987,2025-06-25 07:57:52,42.5984649658203,-8.87349414825439,"Female"
"9004153",371987,2025-06-25 08:02:59,42.5985641479492,-8.87223339080811,"Female"
"9004153",371987,2025-06-25 08:08:29,42.6000862121582,-8.87286758422852,"Female"
"9004153",371987,2025-06-25 08:13:42,42.6016006469727,-8.87452697753906,"Female"
"9004153",371987,2025-06-25 08:18:47,42.6014175415039,-8.87410640716553,"Female"
"9004153",371987,2025-06-25 08:23:40,42.6015815734863,-8.87441539764404,"Female"
"9004153",371987,2025-06-25 08:28:40,42.6017837524414,-8.87477588653564,"Female"
"9004153",371987,2025-06-25 08:34:05,42.6014137268066,-8.87432098388672,"Female"
"9004153",371987,2025-06-25 08:38:48,42.6014060974121,-8.87435054779053,"Female"
"9004153",371987,2025-06-25 08:43:46,42.6014175415039,-8.87428760528564,"Female"
"9004153",371987,2025-06-25 08:48:46,42.6011619567871,-8.87441062927246,"Female"
"9004153",371987,2025-06-25 08:54:05,42.6013946533203,-8.87660217285156,"Female"
"9004153",371987,2025-06-25 08:58:47,42.6014137268066,-8.87667560577393,"Female"
"9004153",371987,2025-06-25 09:03:39,42.6014671325684,-8.87671661376953,"Female"
"9004153",371987,2025-06-25 09:08:40,42.601375579834,-8.87641525268555,"Female"
"9004153",371987,2025-06-25 09:13:40,42.6014099121094,-8.87664413452148,"Female"
"9004153",371987,2025-06-25 09:18:40,42.6016845703125,-8.87706470489502,"Female"
"9004153",371987,2025-06-25 09:23:39,42.6014747619629,-8.87659645080566,"Female"
"9004153",371987,2025-06-25 09:28:42,42.601432800293,-8.87667655944824,"Female"
"9004153",371987,2025-06-25 09:33:43,42.6014823913574,-8.87669849395752,"Female"
"9004153",371987,2025-06-25 09:38:39,42.6014823913574,-8.87660217285156,"Female"
"9004153",371987,2025-06-25 09:43:40,42.6014862060547,-8.87680721282959,"Female"
"9004153",371987,2025-06-25 09:48:39,42.6014022827148,-8.8765287399292,"Female"
"9004153",371987,2025-06-25 09:53:42,42.6014137268066,-8.87683582305908,"Female"
"9004153",371987,2025-06-25 09:58:39,42.6014633178711,-8.87669563293457,"Female"
"9004153",371987,2025-06-25 10:03:39,42.601490020752,-8.8767147064209,"Female"
"9004153",371987,2025-06-25 10:08:40,42.6014709472656,-8.87675762176514,"Female"
"9004153",371987,2025-06-25 10:13:42,42.6014518737793,-8.87731266021729,"Female"
"9004153",371987,2025-06-25 10:18:43,42.6014213562012,-8.87666416168213,"Female"
"9004153",371987,2025-06-25 10:23:42,42.601448059082,-8.87631034851074,"Female"
"9004153",371987,2025-06-25 10:28:48,42.601448059082,-8.87665271759033,"Female"
"9004153",371987,2025-06-25 10:33:41,42.6014556884766,-8.87650871276855,"Female"
"9004153",371987,2025-06-25 10:38:41,42.6014404296875,-8.8757381439209,"Female"
"9004153",371987,2025-06-25 10:43:41,42.6014709472656,-8.87668800354004,"Female"
"9004153",371987,2025-06-25 10:48:42,42.6014099121094,-8.8760871887207,"Female"
"9004153",371987,2025-06-25 10:53:40,42.6014671325684,-8.87633895874023,"Female"
"9004153",371987,2025-06-25 10:58:41,42.6014518737793,-8.8762264251709,"Female"
"9004153",371987,2025-06-25 11:03:42,42.6014518737793,-8.87653064727783,"Female"
"9004153",371987,2025-06-25 11:08:51,42.5989379882812,-8.87185764312744,"Female"
"9004153",371987,2025-06-25 11:22:45,42.5998306274414,-8.87072277069092,"Female"
"9004153",371987,2025-06-25 11:28:02,42.5995025634766,-8.87134265899658,"Female"
"9004153",371987,2025-06-25 11:33:43,42.599723815918,-8.87125873565674,"Female"
"9004153",371987,2025-06-25 11:38:39,42.6002426147461,-8.86943340301514,"Female"
"9004153",371987,2025-06-25 11:43:40,42.6001434326172,-8.86971282958984,"Female"
"9004153",371987,2025-06-25 12:05:35,42.6015777587891,-8.87420749664307,"Female"
"9004153",371987,2025-06-25 12:10:06,42.6015014648438,-8.87422561645508,"Female"
"9004153",371987,2025-06-25 12:15:05,42.6014442443848,-8.87414073944092,"Female"
"9004153",371987,2025-06-25 12:20:06,42.6016464233398,-8.87421035766602,"Female"
"9004153",371987,2025-06-25 12:25:05,42.6017456054688,-8.8741979598999,"Female"
"9004153",371987,2025-06-25 12:30:09,42.6017570495605,-8.87422847747803,"Female"
"9004153",371987,2025-06-25 12:35:08,42.6015090942383,-8.87422657012939,"Female"
"9004153",371987,2025-06-25 12:40:10,42.6022987365723,-8.87488746643066,"Female"
"9004153",371987,2025-06-25 12:45:35,42.6023216247559,-8.87665271759033,"Female"
"9004153",371987,2025-06-25 12:50:06,42.6022300720215,-8.87670612335205,"Female"
"9004153",371987,2025-06-25 12:55:06,42.6022720336914,-8.87671184539795,"Female"
"9004153",371987,2025-06-25 13:00:05,42.6022262573242,-8.87685585021973,"Female"
"9004153",371987,2025-06-25 13:05:05,42.6022148132324,-8.87671375274658,"Female"
"9004153",371987,2025-06-25 13:10:09,42.6022186279297,-8.87672805786133,"Female"
"9004153",371987,2025-06-25 13:15:05,42.6021881103516,-8.87673854827881,"Female"
"9004153",371987,2025-06-25 13:20:05,42.6022262573242,-8.87670040130615,"Female"
"9004153",371987,2025-06-25 13:25:05,42.6022071838379,-8.87672328948975,"Female"
"9004153",371987,2025-06-25 13:30:05,42.6022071838379,-8.87668991088867,"Female"
"9004153",371987,2025-06-25 13:35:06,42.6022071838379,-8.87670421600342,"Female"
"9004153",371987,2025-06-25 13:40:05,42.6021919250488,-8.87666034698486,"Female"
"9004153",371987,2025-06-25 13:45:05,42.602180480957,-8.8766508102417,"Female"
"9004153",371987,2025-06-25 13:50:05,42.6021842956543,-8.87661361694336,"Female"
"9004153",371987,2025-06-25 13:55:05,42.6021728515625,-8.87666988372803,"Female"
"9004153",371987,2025-06-25 14:00:35,42.6022720336914,-8.87668323516846,"Female"
"9004153",371987,2025-06-25 14:05:05,42.6022834777832,-8.87672138214111,"Female"
"9004153",371987,2025-06-25 14:10:05,42.6023368835449,-8.87679481506348,"Female"
"9004153",371987,2025-06-25 14:15:05,42.6022872924805,-8.87676620483398,"Female"
"9004153",371987,2025-06-25 14:20:06,42.6022796630859,-8.87689876556396,"Female"
"9004153",371987,2025-06-25 14:25:17,42.6023254394531,-8.87678146362305,"Female"
"9004153",371987,2025-06-25 14:30:07,42.6022605895996,-8.87675666809082,"Female"
"9004153",371987,2025-06-25 14:35:09,42.6022720336914,-8.87674903869629,"Female"
"9004153",371987,2025-06-25 14:40:08,42.6022491455078,-8.87670421600342,"Female"
"9004153",371987,2025-06-25 14:45:07,42.6022720336914,-8.87697219848633,"Female"
"9004153",371987,2025-06-25 14:50:07,42.6022644042969,-8.87669467926025,"Female"
"9004153",371987,2025-06-25 14:55:06,42.6022720336914,-8.87677383422852,"Female"
"9004153",371987,2025-06-25 15:00:06,42.6022796630859,-8.87681007385254,"Female"
"9004153",371987,2025-06-25 15:05:05,42.6023216247559,-8.87710380554199,"Female"
"9004153",371987,2025-06-25 15:10:21,42.6023445129395,-8.87686252593994,"Female"
"9004153",371987,2025-06-25 15:15:22,42.6023750305176,-8.87684631347656,"Female"
"9004153",371987,2025-06-25 15:20:35,42.6023941040039,-8.87682437896729,"Female"
"9004153",371987,2025-06-25 15:25:24,42.6023559570312,-8.87680053710938,"Female"
"9004153",371987,2025-06-25 15:30:34,42.6023025512695,-8.87677001953125,"Female"
"9004153",371987,2025-06-25 15:35:09,42.602481842041,-8.87656879425049,"Female"
"9004153",371987,2025-06-25 15:40:08,42.602237701416,-8.87670612335205,"Female"
"9004153",371987,2025-06-25 15:45:06,42.6023445129395,-8.87663555145264,"Female"
"9004153",371987,2025-06-25 15:50:07,42.6024475097656,-8.87666606903076,"Female"
"9004153",371987,2025-06-25 15:55:05,42.6023826599121,-8.87667560577393,"Female"
"9004153",371987,2025-06-25 16:00:06,42.6023864746094,-8.87668323516846,"Female"
"9004153",371987,2025-06-25 16:05:06,42.6023063659668,-8.8767261505127,"Female"
"9004153",371987,2025-06-25 16:10:33,42.6022682189941,-8.87666702270508,"Female"
"9004153",371987,2025-06-25 16:15:05,42.6023216247559,-8.87661838531494,"Female"
"9004153",371987,2025-06-25 16:20:05,42.6022529602051,-8.87673187255859,"Female"
"9004153",371987,2025-06-25 16:25:06,42.6022682189941,-8.87664318084717,"Female"
"9004153",371987,2025-06-25 16:30:05,42.6022491455078,-8.8766918182373,"Female"
"9004153",371987,2025-06-25 16:35:05,42.6023178100586,-8.87667846679688,"Female"
"9004153",371987,2025-06-25 16:40:05,42.6022720336914,-8.87665939331055,"Female"
"9004153",371987,2025-06-25 16:45:40,42.6038513183594,-8.87641906738281,"Female"
"9004153",371987,2025-06-25 16:50:42,42.6055145263672,-8.87572002410889,"Female"
"9004153",371987,2025-06-25 16:55:52,42.606029510498,-8.87503719329834,"Female"
"9004153",371987,2025-06-25 17:00:50,42.6056938171387,-8.8739767074585,"Female"
"9004153",371987,2025-06-25 17:05:51,42.6054534912109,-8.87386703491211,"Female"
"9004153",371987,2025-06-25 17:11:21,42.6054420471191,-8.87432479858398,"Female"
"9004153",371987,2025-06-25 17:19:42,42.6043319702148,-8.87415218353271,"Female"
"9004153",371987,2025-06-25 17:23:59,42.6023101806641,-8.87664413452148,"Female"
"9004153",371987,2025-06-25 17:28:25,42.6023559570312,-8.87663555145264,"Female"
"9004153",371987,2025-06-25 17:33:26,42.6022758483887,-8.8766393661499,"Female"
"9004153",371987,2025-06-25 17:38:27,42.6022529602051,-8.876633644104,"Female"
"9004153",371987,2025-06-25 17:43:25,42.6022071838379,-8.87656593322754,"Female"
"9004153",371987,2025-06-25 17:48:25,42.6023559570312,-8.87677955627441,"Female"
"9004153",371987,2025-06-25 17:53:29,42.6022796630859,-8.87666606903076,"Female"
"9004153",371987,2025-06-25 17:58:25,42.6022529602051,-8.87665176391602,"Female"
"9004153",371987,2025-06-25 18:03:26,42.6023216247559,-8.87677764892578,"Female"
"9004153",371987,2025-06-25 18:08:28,42.6022415161133,-8.87662982940674,"Female"
"9004153",371987,2025-06-25 18:13:28,42.6024360656738,-8.87681579589844,"Female"
"9004153",371987,2025-06-25 18:18:29,42.6025009155273,-8.87690544128418,"Female"
"9004153",371987,2025-06-25 18:23:41,42.6021919250488,-8.87652492523193,"Female"
"9004153",371987,2025-06-25 18:28:25,42.6022682189941,-8.87660694122314,"Female"
"9004153",371987,2025-06-25 18:33:26,42.6022186279297,-8.87657928466797,"Female"
"9004153",371987,2025-06-25 18:38:26,42.6022682189941,-8.87663650512695,"Female"
"9004153",371987,2025-06-25 18:43:26,42.6022033691406,-8.8765983581543,"Female"
"9004153",371987,2025-06-25 18:48:44,42.602294921875,-8.87666511535645,"Female"
"9004153",371987,2025-06-25 18:53:26,42.6022796630859,-8.87668228149414,"Female"
"9004153",371987,2025-06-25 18:58:26,42.6023139953613,-8.87665939331055,"Female"
"9004153",371987,2025-06-25 19:03:26,42.6015701293945,-8.87643623352051,"Female"
"9004153",371987,2025-06-25 19:08:29,42.6014823913574,-8.87668704986572,"Female"
"9004153",371987,2025-06-25 19:13:33,42.6014137268066,-8.87640953063965,"Female"
"9004153",371987,2025-06-25 19:18:25,42.6013870239258,-8.87660694122314,"Female"
"9004153",371987,2025-06-25 19:23:29,42.6016807556152,-8.87651634216309,"Female"
"9004153",371987,2025-06-25 19:28:28,42.6013374328613,-8.87650966644287,"Female"
"9004153",371987,2025-06-25 19:33:29,42.6009750366211,-8.8766450881958,"Female"
"9004153",371987,2025-06-25 19:38:28,42.600341796875,-8.87690353393555,"Female"
"9004153",371987,2025-06-25 19:43:27,42.6005020141602,-8.87740039825439,"Female"
"9004153",371987,2025-06-25 19:48:45,42.6005783081055,-8.87688636779785,"Female"
"9004153",371987,2025-06-25 19:53:27,42.6005172729492,-8.87699317932129,"Female"
"9004153",371987,2025-06-25 19:58:26,42.6005096435547,-8.87694263458252,"Female"
"9004153",371987,2025-06-25 20:03:28,42.6004981994629,-8.87702655792236,"Female"
"9004153",371987,2025-06-25 20:08:36,42.6005630493164,-8.87690448760986,"Female"
"9004153",371987,2025-06-25 20:13:31,42.6002616882324,-8.87727642059326,"Female"
"9004153",371987,2025-06-25 20:18:29,42.5999298095703,-8.87718391418457,"Female"
"9004153",371987,2025-06-25 20:23:29,42.6003379821777,-8.87711906433105,"Female"
"9004153",371987,2025-06-25 20:28:29,42.6000366210938,-8.87743854522705,"Female"
"9004153",371987,2025-06-25 20:33:30,42.6002655029297,-8.87709999084473,"Female"
"9004153",371987,2025-06-25 20:38:41,42.6000823974609,-8.87738132476807,"Female"
"9004153",371987,2025-06-25 20:43:25,42.6002883911133,-8.87731552124023,"Female"
"9004153",371987,2025-06-25 20:48:44,42.6013259887695,-8.87675857543945,"Female"
"9004153",371987,2025-06-25 20:53:59,42.6013946533203,-8.87670040130615,"Female"
"9004153",371987,2025-06-25 20:58:25,42.6014442443848,-8.87675189971924,"Female"
"9004153",371987,2025-06-25 21:03:25,42.6014099121094,-8.87661075592041,"Female"
"9004153",371987,2025-06-25 21:08:25,42.601375579834,-8.8766393661499,"Female"
"9004153",371987,2025-06-25 21:13:25,42.6013946533203,-8.87661266326904,"Female"
"9004153",371987,2025-06-25 21:18:25,42.6013832092285,-8.87667560577393,"Female"
"9004153",371987,2025-06-25 21:23:25,42.6013374328613,-8.87661457061768,"Female"
"9004153",371987,2025-06-25 21:28:25,42.6014366149902,-8.87662506103516,"Female"
"9004153",371987,2025-06-25 21:33:25,42.6013565063477,-8.87665176391602,"Female"
"9004153",371987,2025-06-25 21:38:25,42.6014022827148,-8.87661933898926,"Female"
"9004153",371987,2025-06-25 21:43:25,42.6013984680176,-8.87663078308105,"Female"
"9004153",371987,2025-06-25 21:48:25,42.6014289855957,-8.87664031982422,"Female"
"9004153",371987,2025-06-25 21:53:25,42.6013984680176,-8.87661266326904,"Female"
"9004153",371987,2025-06-25 21:58:25,42.6014099121094,-8.87661457061768,"Female"
"9004153",371987,2025-06-25 22:03:25,42.6014099121094,-8.87667369842529,"Female"
"9004153",371987,2025-06-25 22:08:25,42.601390838623,-8.87660789489746,"Female"
"9004153",371987,2025-06-25 22:13:27,42.6013946533203,-8.87661552429199,"Female"
"9004153",371987,2025-06-25 22:18:35,42.601432800293,-8.87667942047119,"Female"
"9004153",371987,2025-06-25 22:23:28,42.601390838623,-8.87666130065918,"Female"
"9004153",371987,2025-06-25 22:28:25,42.6014251708984,-8.87661743164062,"Female"
"9004153",371987,2025-06-25 22:33:30,42.6014099121094,-8.87663269042969,"Female"
"9004153",371987,2025-06-25 22:38:34,42.6014366149902,-8.87654399871826,"Female"
"9004153",371987,2025-06-25 22:43:41,42.6014060974121,-8.87661743164062,"Female"
"9004153",371987,2025-06-25 22:48:25,42.6013717651367,-8.87654399871826,"Female"
"9004153",371987,2025-06-25 22:53:26,42.6014251708984,-8.87650680541992,"Female"
"9004153",371987,2025-06-25 22:58:26,42.6013870239258,-8.87651634216309,"Female"
"9004153",371987,2025-06-25 23:03:25,42.6014404296875,-8.87660884857178,"Female"
"9004153",371987,2025-06-25 23:08:25,42.6014213562012,-8.87655353546143,"Female"
"9004153",371987,2025-06-25 23:13:25,42.6014709472656,-8.8767032623291,"Female"
"9004153",371987,2025-06-25 23:18:33,42.6014060974121,-8.87626934051514,"Female"
"9004153",371987,2025-06-25 23:23:28,42.6014785766602,-8.87660217285156,"Female"
"9004153",371987,2025-06-25 23:28:28,42.6014671325684,-8.87660694122314,"Female"
"9004153",371987,2025-06-25 23:33:30,42.6014175415039,-8.87662410736084,"Female"
"9004153",371987,2025-06-25 23:38:33,42.6014289855957,-8.87661838531494,"Female"
"9004153",371987,2025-06-25 23:43:26,42.6014251708984,-8.87668418884277,"Female"
"9004153",371987,2025-06-25 23:48:33,42.6014137268066,-8.87669467926025,"Female"
"9004153",371987,2025-06-25 23:53:33,42.601448059082,-8.87663555145264,"Female"
"9004153",371987,2025-06-25 23:58:35,42.6014137268066,-8.87663841247559,"Female"
"9004153",371987,2025-06-26 00:03:38,42.6014556884766,-8.87668991088867,"Female"
"9004153",371987,2025-06-26 00:08:38,42.6014442443848,-8.87672233581543,"Female"
"9004153",371987,2025-06-26 00:13:45,42.6015243530273,-8.87673568725586,"Female"
"9004153",371987,2025-06-26 00:18:25,42.6014976501465,-8.8767557144165,"Female"
"9004153",371987,2025-06-26 00:23:25,42.6015510559082,-8.87678337097168,"Female"
"9004153",371987,2025-06-26 00:28:26,42.6015625,-8.87669658660889,"Female"
"9004153",371987,2025-06-26 00:33:25,42.6015281677246,-8.87669944763184,"Female"
"9004153",371987,2025-06-26 00:38:25,42.6015357971191,-8.87671947479248,"Female"
"9004153",371987,2025-06-26 00:43:25,42.6015968322754,-8.87679004669189,"Female"
"9004153",371987,2025-06-26 00:48:45,42.6015319824219,-8.87664604187012,"Female"
"9004153",371987,2025-06-26 00:53:25,42.6016120910645,-8.87686347961426,"Female"
"9004153",371987,2025-06-26 00:58:37,42.6015396118164,-8.8767261505127,"Female"
"9004153",371987,2025-06-26 01:03:27,42.6015625,-8.87667369842529,"Female"
"9004153",371987,2025-06-26 01:08:25,42.6016311645508,-8.87676906585693,"Female"
"9004153",371987,2025-06-26 01:13:25,42.6015853881836,-8.87672328948975,"Female"
"9004153",371987,2025-06-26 01:18:31,42.6014518737793,-8.87674236297607,"Female"
"9004153",371987,2025-06-26 01:23:28,42.6015205383301,-8.87675952911377,"Female"
"9004153",371987,2025-06-26 01:28:30,42.6017608642578,-8.87690258026123,"Female"
"9004153",371987,2025-06-26 01:33:38,42.6013526916504,-8.87656688690186,"Female"
"9004153",371987,2025-06-26 01:38:34,42.6013793945312,-8.87659549713135,"Female"
"9004153",371987,2025-06-26 01:43:28,42.6019248962402,-8.87697887420654,"Female"
"9004153",371987,2025-06-26 01:48:46,42.6012420654297,-8.87635135650635,"Female"
"9004153",371987,2025-06-26 01:53:34,42.6011505126953,-8.87617874145508,"Female"
"9004153",371987,2025-06-26 01:58:26,42.6012916564941,-8.87628269195557,"Female"
"9004153",371987,2025-06-26 02:03:45,42.6013679504395,-8.87619113922119,"Female"
"9004153",371987,2025-06-26 02:08:59,42.6013870239258,-8.87640380859375,"Female"
"9004153",371987,2025-06-26 02:13:25,42.6014099121094,-8.87653350830078,"Female"
"9004153",371987,2025-06-26 02:18:26,42.6014747619629,-8.87648582458496,"Female"
"9004153",371987,2025-06-26 02:23:26,42.6014404296875,-8.87667274475098,"Female"
"9004153",371987,2025-06-26 02:28:25,42.6013488769531,-8.87684059143066,"Female"
"9004153",371987,2025-06-26 02:33:25,42.601505279541,-8.87644100189209,"Female"
"9004153",371987,2025-06-26 02:38:25,42.601432800293,-8.876633644104,"Female"
"9004153",371987,2025-06-26 02:43:26,42.6015892028809,-8.87659931182861,"Female"
"9004153",371987,2025-06-26 02:48:26,42.6013336181641,-8.8763599395752,"Female"
"9004153",371987,2025-06-26 02:53:26,42.6013603210449,-8.87653636932373,"Female"
"9004153",371987,2025-06-26 02:58:29,42.6010627746582,-8.87628650665283,"Female"
"9004153",371987,2025-06-26 03:03:27,42.6013031005859,-8.87611865997314,"Female"
"9004153",371987,2025-06-26 03:08:27,42.6015396118164,-8.87667846679688,"Female"
"9004153",371987,2025-06-26 03:13:25,42.6013679504395,-8.87662410736084,"Female"
"9004153",371987,2025-06-26 03:18:27,42.6013565063477,-8.8765754699707,"Female"
"9004153",371987,2025-06-26 03:23:25,42.601390838623,-8.87656116485596,"Female"
"9004153",371987,2025-06-26 03:28:25,42.6014099121094,-8.87659168243408,"Female"
"9004153",371987,2025-06-26 03:33:25,42.6014060974121,-8.87659549713135,"Female"
"9004153",371987,2025-06-26 03:38:26,42.6013946533203,-8.87662792205811,"Female"
"9004153",371987,2025-06-26 03:43:37,42.6014633178711,-8.87668323516846,"Female"
"9004153",371987,2025-06-26 03:48:26,42.6017112731934,-8.8768424987793,"Female"
"9004153",371987,2025-06-26 03:53:27,42.6019592285156,-8.87701320648193,"Female"
"9004153",371987,2025-06-26 03:58:26,42.6016731262207,-8.87677574157715,"Female"
"9004153",371987,2025-06-26 04:03:25,42.6015129089355,-8.87670230865479,"Female"
"9004153",371987,2025-06-26 04:08:36,42.6016883850098,-8.87680625915527,"Female"
"9004153",371987,2025-06-26 04:13:36,42.6014556884766,-8.8767147064209,"Female"
"9004153",371987,2025-06-26 04:18:25,42.6014747619629,-8.87666702270508,"Female"
"9004153",371987,2025-06-26 04:23:44,42.601676940918,-8.87698173522949,"Female"
"9004153",371987,2025-06-26 04:28:25,42.6016082763672,-8.87702941894531,"Female"
"9004153",371987,2025-06-26 04:33:26,42.6013679504395,-8.87685012817383,"Female"
"9004153",371987,2025-06-26 04:38:26,42.6017265319824,-8.87449359893799,"Female"
"9004153",371987,2025-06-26 04:43:26,42.6018943786621,-8.87486934661865,"Female"
"9004153",371987,2025-06-26 04:48:45,42.6015090942383,-8.87435531616211,"Female"
"9004153",371987,2025-06-26 04:53:25,42.6015205383301,-8.8743257522583,"Female"
"9004153",371987,2025-06-26 04:58:25,42.6015090942383,-8.87429332733154,"Female"
"9004153",371987,2025-06-26 05:03:26,42.6014709472656,-8.8742208480835,"Female"
"9004153",371987,2025-06-26 05:08:25,42.6016082763672,-8.8743143081665,"Female"
"9004153",371987,2025-06-26 05:13:25,42.6016120910645,-8.87431240081787,"Female"
"9004153",371987,2025-06-26 05:18:34,42.6015739440918,-8.87415313720703,"Female"
"9004153",371987,2025-06-26 05:23:25,42.6015396118164,-8.87433815002441,"Female"
"9004153",371987,2025-06-26 05:28:58,42.6015434265137,-8.87425231933594,"Female"
"9004153",371987,2025-06-26 05:33:26,42.6015548706055,-8.8742790222168,"Female"
"9004153",371987,2025-06-26 05:38:25,42.6015625,-8.87431526184082,"Female"
"9004153",371987,2025-06-26 05:43:25,42.6014976501465,-8.8742561340332,"Female"
"9004153",371987,2025-06-26 05:48:25,42.6014862060547,-8.8742504119873,"Female"
"9004153",371987,2025-06-26 05:53:25,42.6015396118164,-8.87429714202881,"Female"
"9004153",371987,2025-06-26 05:58:25,42.6016311645508,-8.87447738647461,"Female"
"9004153",371987,2025-06-26 06:03:25,42.6015129089355,-8.87430381774902,"Female"
"9004153",371987,2025-06-26 06:08:25,42.6016845703125,-8.87453556060791,"Female"
"9004153",371987,2025-06-26 06:13:27,42.6018295288086,-8.87421607971191,"Female"
"9004153",371987,2025-06-26 06:18:26,42.6015510559082,-8.87432861328125,"Female"
"9004153",371987,2025-06-26 06:23:25,42.6016235351562,-8.87446212768555,"Female"
"9004153",371987,2025-06-26 06:28:25,42.6015968322754,-8.87437152862549,"Female"
"9004153",371987,2025-06-26 06:33:25,42.6016044616699,-8.874436378479,"Female"
"9004153",371987,2025-06-26 06:38:28,42.6017951965332,-8.87488746643066,"Female"
"9004153",371987,2025-06-26 06:43:28,42.6016273498535,-8.87444877624512,"Female"
"9004153",371987,2025-06-26 06:49:11,42.6019630432129,-8.87471485137939,"Female"
"9004153",371987,2025-06-26 06:57:42,42.6016540527344,-8.87402725219727,"Female"
"9004153",371987,2025-06-26 07:03:31,42.6023292541504,-8.87453746795654,"Female"
"9004153",371987,2025-06-26 07:08:28,42.601634979248,-8.87414836883545,"Female"
"9004153",371987,2025-06-26 07:13:24,42.6017189025879,-8.87457656860352,"Female"
"9004153",371987,2025-06-26 07:18:31,42.6016387939453,-8.87410354614258,"Female"
"9004153",371987,2025-06-26 07:23:26,42.6016273498535,-8.87413024902344,"Female"
"9004153",371987,2025-06-26 07:28:25,42.6019248962402,-8.87587833404541,"Female"
"9004153",371987,2025-06-26 07:33:31,42.6015930175781,-8.87407970428467,"Female"
"9004153",371987,2025-06-26 07:38:31,42.6016006469727,-8.87405395507812,"Female"
"9004153",371987,2025-06-26 07:43:44,42.6016044616699,-8.87407207489014,"Female"
"9004153",371987,2025-06-26 07:48:22,42.601619720459,-8.87424087524414,"Female"
"9004153",371987,2025-06-26 07:53:23,42.6018447875977,-8.87512111663818,"Female"
"9004153",371987,2025-06-26 07:58:22,42.601749420166,-8.87493515014648,"Female"
"9004153",371987,2025-06-26 08:03:21,42.6014938354492,-8.8740873336792,"Female"
"9004153",371987,2025-06-26 08:08:22,42.6015701293945,-8.87418079376221,"Female"
"9004153",371987,2025-06-26 08:13:24,42.6016235351562,-8.8743839263916,"Female"
"9004153",371987,2025-06-26 08:18:23,42.6016235351562,-8.87438583374023,"Female"
"9004153",371987,2025-06-26 08:23:24,42.6016540527344,-8.87468433380127,"Female"
"9004153",371987,2025-06-26 08:28:29,42.6016807556152,-8.87483882904053,"Female"
"9004153",371987,2025-06-26 08:33:45,42.6015739440918,-8.874192237854,"Female"
"9004153",371987,2025-06-26 08:38:24,42.6017570495605,-8.87454128265381,"Female"
"9004153",371987,2025-06-26 08:43:25,42.6012840270996,-8.87378215789795,"Female"
"9004153",371987,2025-06-26 08:48:34,42.6015396118164,-8.87415313720703,"Female"
"9004153",371987,2025-06-26 08:53:30,42.6014289855957,-8.87395191192627,"Female"
"9004153",371987,2025-06-26 08:59:04,42.6013679504395,-8.87190246582031,"Female"
"9004153",371987,2025-06-26 09:05:04,42.6005401611328,-8.87087726593018,"Female"
"9004153",371987,2025-06-26 09:10:40,42.6012001037598,-8.86988258361816,"Female"
"9004153",371987,2025-06-26 09:15:41,42.6012649536133,-8.86877059936523,"Female"
"9004153",371987,2025-06-26 09:21:29,42.6004409790039,-8.86948490142822,"Female"
"9004153",371987,2025-06-26 09:26:32,42.599536895752,-8.87075901031494,"Female"
"9004153",371987,2025-06-26 09:47:23,42.5982284545898,-8.87345314025879,"Female"
"9004153",371987,2025-06-26 09:51:53,42.5971527099609,-8.87210369110107,"Female"
"9004153",371987,2025-06-26 09:57:00,42.5972633361816,-8.8726167678833,"Female"
"9004153",371987,2025-06-26 10:02:14,42.597053527832,-8.87347221374512,"Female"
"9004153",371987,2025-06-26 10:06:59,42.596996307373,-8.87347507476807,"Female"
"9004153",371987,2025-06-26 10:12:02,42.5970993041992,-8.87305355072021,"Female"
"9004153",371987,2025-06-26 10:17:01,42.5970344543457,-8.87308216094971,"Female"
"9004153",371987,2025-06-26 10:22:01,42.5969619750977,-8.87304496765137,"Female"
"9004153",371987,2025-06-26 10:27:01,42.5969543457031,-8.87261486053467,"Female"
"9004153",371987,2025-06-26 10:32:23,42.5970420837402,-8.87267971038818,"Female"
"9004153",371987,2025-06-26 10:36:50,42.5970306396484,-8.87276935577393,"Female"
"9004153",371987,2025-06-26 10:41:49,42.5970306396484,-8.87276554107666,"Female"
"9004153",371987,2025-06-26 10:46:50,42.5971641540527,-8.87294864654541,"Female"
"9004153",371987,2025-06-26 10:51:49,42.5970115661621,-8.87266254425049,"Female"
"9004153",371987,2025-06-26 10:56:49,42.5970039367676,-8.87274169921875,"Female"
"9004153",371987,2025-06-26 11:01:50,42.5971984863281,-8.87271118164062,"Female"
"9004153",371987,2025-06-26 11:06:49,42.5971984863281,-8.87276554107666,"Female"
"9004153",371987,2025-06-26 11:12:01,42.5971870422363,-8.87274837493896,"Female"
"9004153",371987,2025-06-26 11:16:49,42.5972290039062,-8.8727855682373,"Female"
"9004153",371987,2025-06-26 11:21:49,42.5972518920898,-8.87294387817383,"Female"
"9004153",371987,2025-06-26 11:26:58,42.5971794128418,-8.8727445602417,"Female"
"9004153",371987,2025-06-26 11:31:55,42.5971870422363,-8.87273120880127,"Female"
"9004153",371987,2025-06-26 11:36:49,42.5972061157227,-8.87274932861328,"Female"
"9004153",371987,2025-06-26 11:41:49,42.5970764160156,-8.87257099151611,"Female"
"9004153",371987,2025-06-26 11:46:50,42.5972518920898,-8.87274932861328,"Female"
"9004153",371987,2025-06-26 11:51:49,42.5971565246582,-8.87274646759033,"Female"
"9004153",371987,2025-06-26 11:56:49,42.5972099304199,-8.87281131744385,"Female"
"9004153",371987,2025-06-26 12:02:44,42.5985412597656,-8.87186050415039,"Female"
"9004153",371987,2025-06-26 12:08:40,42.5982284545898,-8.87126922607422,"Female"
"9004153",371987,2025-06-26 12:13:40,42.5988311767578,-8.87061595916748,"Female"
"9004153",371987,2025-06-26 12:19:25,42.5987968444824,-8.87163734436035,"Female"
"9004153",371987,2025-06-26 12:26:13,42.5972862243652,-8.87261199951172,"Female"
"9004153",371987,2025-06-26 12:30:43,42.5972709655762,-8.87262058258057,"Female"
"9004153",371987,2025-06-26 12:35:34,42.5972862243652,-8.87261581420898,"Female"
"9004153",371987,2025-06-26 12:40:39,42.5972747802734,-8.87259864807129,"Female"
"9004153",371987,2025-06-26 12:45:34,42.597240447998,-8.87272548675537,"Female"
"9004153",371987,2025-06-26 12:50:44,42.5975875854492,-8.87280368804932,"Female"
"9004153",371987,2025-06-26 12:55:34,42.5973930358887,-8.87274074554443,"Female"
"9004153",371987,2025-06-26 13:00:39,42.5974197387695,-8.87273502349854,"Female"
"9004153",371987,2025-06-26 13:05:37,42.5975914001465,-8.87277793884277,"Female"
"9004153",371987,2025-06-26 13:10:39,42.5975761413574,-8.8728084564209,"Female"
"9004153",371987,2025-06-26 13:15:36,42.597412109375,-8.87277030944824,"Female"
"9004153",371987,2025-06-26 13:21:05,42.597240447998,-8.87260913848877,"Female"
"9004153",371987,2025-06-26 13:25:34,42.5972671508789,-8.87262058258057,"Female"
"9004153",371987,2025-06-26 13:30:34,42.5972175598145,-8.8726282119751,"Female"
"9004153",371987,2025-06-26 13:35:34,42.5972175598145,-8.87256622314453,"Female"
"9004153",371987,2025-06-26 13:40:33,42.5971908569336,-8.87259006500244,"Female"
"9004153",371987,2025-06-26 13:45:34,42.5972633361816,-8.87268161773682,"Female"
"9004153",371987,2025-06-26 13:50:34,42.5972023010254,-8.87262439727783,"Female"
"9004153",371987,2025-06-26 13:55:34,42.5972328186035,-8.87262725830078,"Female"
"9004153",371987,2025-06-26 14:00:34,42.5972747802734,-8.8726634979248,"Female"
"9004153",371987,2025-06-26 14:05:34,42.5972671508789,-8.87264347076416,"Female"
"9004153",371987,2025-06-26 14:10:34,42.5972785949707,-8.87264823913574,"Female"
"9004153",371987,2025-06-26 14:15:36,42.597225189209,-8.87259864807129,"Female"
"9004153",371987,2025-06-26 14:20:40,42.5972633361816,-8.87265110015869,"Female"
"9004153",371987,2025-06-26 14:25:34,42.5972595214844,-8.87261772155762,"Female"
"9004153",371987,2025-06-26 14:30:34,42.5972137451172,-8.87253093719482,"Female"
"9004153",371987,2025-06-26 14:35:33,42.597282409668,-8.8728084564209,"Female"
"9004153",371987,2025-06-26 14:40:36,42.597282409668,-8.87244701385498,"Female"
"9004153",371987,2025-06-26 14:45:38,42.5972442626953,-8.87242603302002,"Female"
"9004153",371987,2025-06-26 14:50:34,42.5972633361816,-8.87248611450195,"Female"
"9004153",371987,2025-06-26 14:55:35,42.5972442626953,-8.87272357940674,"Female"
"9004153",371987,2025-06-26 15:00:38,42.5972595214844,-8.87260246276855,"Female"
"9004153",371987,2025-06-26 15:05:38,42.5973205566406,-8.87263298034668,"Female"
"9004153",371987,2025-06-26 15:10:34,42.597282409668,-8.87258625030518,"Female"
"9004153",371987,2025-06-26 15:15:41,42.5972709655762,-8.87264633178711,"Female"
"9004153",371987,2025-06-26 15:20:34,42.597297668457,-8.87260627746582,"Female"
"9004153",371987,2025-06-26 15:25:36,42.5973091125488,-8.87277126312256,"Female"
"9004153",371987,2025-06-26 15:30:36,42.5975112915039,-8.87308597564697,"Female"
"9004153",371987,2025-06-26 15:35:36,42.5972862243652,-8.87275314331055,"Female"
"9004153",371987,2025-06-26 15:40:41,42.5971946716309,-8.87265872955322,"Female"
"9004153",371987,2025-06-26 15:45:34,42.597297668457,-8.87269687652588,"Female"
"9004153",371987,2025-06-26 15:50:34,42.597053527832,-8.87251281738281,"Female"
"9004153",371987,2025-06-26 15:55:38,42.6003189086914,-8.87239551544189,"Female"
"9004153",371987,2025-06-26 16:04:44,42.600700378418,-8.87252998352051,"Female"
"9004153",371987,2025-06-26 16:08:48,42.6014251708984,-8.87676429748535,"Female"
"9004153",371987,2025-06-26 16:13:43,42.6014213562012,-8.87670516967773,"Female"
"9004153",371987,2025-06-26 16:18:45,42.601448059082,-8.8767728805542,"Female"
"9004153",371987,2025-06-26 16:23:47,42.6013717651367,-8.8767147064209,"Female"
"9004153",371987,2025-06-26 16:28:44,42.6014404296875,-8.87690162658691,"Female"
"9004153",371987,2025-06-26 16:34:06,42.6014823913574,-8.87662506103516,"Female"
"9004153",371987,2025-06-26 16:38:42,42.6014633178711,-8.87661743164062,"Female"
"9004153",371987,2025-06-26 16:43:42,42.6014556884766,-8.87663459777832,"Female"
"9004153",371987,2025-06-26 16:48:42,42.6015090942383,-8.87659454345703,"Female"
"9004153",371987,2025-06-26 16:53:42,42.6014938354492,-8.87661457061768,"Female"
"9004153",371987,2025-06-26 16:58:42,42.6014823913574,-8.87665939331055,"Female"
"9004153",371987,2025-06-26 17:03:42,42.6014366149902,-8.8766622543335,"Female"
"9004153",371987,2025-06-26 17:08:42,42.601490020752,-8.87656211853027,"Female"
"9004153",371987,2025-06-26 17:13:42,42.6013870239258,-8.87671375274658,"Female"
"9004153",371987,2025-06-26 17:18:43,42.6014137268066,-8.87665557861328,"Female"
"9004153",371987,2025-06-26 17:23:42,42.601505279541,-8.87667083740234,"Female"
"9004153",371987,2025-06-26 17:28:42,42.6014671325684,-8.87667751312256,"Female"
"9004153",371987,2025-06-26 17:33:42,42.601505279541,-8.87666130065918,"Female"
"9004153",371987,2025-06-26 17:38:42,42.6014366149902,-8.87667179107666,"Female"
"9004153",371987,2025-06-26 17:43:42,42.6014289855957,-8.87672996520996,"Female"
"9004153",371987,2025-06-26 17:48:42,42.6015434265137,-8.87669086456299,"Female"
"9004153",371987,2025-06-26 17:53:42,42.6015205383301,-8.87674140930176,"Female"
"9004153",371987,2025-06-26 17:58:42,42.6015396118164,-8.87673377990723,"Female"
"9004153",371987,2025-06-26 18:03:42,42.6014823913574,-8.87671279907227,"Female"
"9004153",371987,2025-06-26 18:08:41,42.601490020752,-8.87670803070068,"Female"
"9004153",371987,2025-06-26 18:13:43,42.6014709472656,-8.87672519683838,"Female"
"9004153",371987,2025-06-26 18:19:05,42.601448059082,-8.87666893005371,"Female"
"9004153",371987,2025-06-26 18:23:43,42.6023216247559,-8.87674140930176,"Female"
"9004153",371987,2025-06-26 18:28:42,42.6023292541504,-8.87672901153564,"Female"
"9004153",371987,2025-06-26 18:33:41,42.6039962768555,-8.87420177459717,"Female"
"9004153",371987,2025-06-26 18:38:41,42.6045722961426,-8.87316226959229,"Female"
"9004153",371987,2025-06-26 18:44:14,42.6049880981445,-8.8734188079834,"Female"
"9004153",371987,2025-06-26 18:49:56,42.6061019897461,-8.87343692779541,"Female"
"9004153",371987,2025-06-26 18:55:16,42.6056518554688,-8.87427997589111,"Female"
"9004153",371987,2025-06-26 19:01:14,42.6042022705078,-8.87495422363281,"Female"
"9004153",371987,2025-06-26 19:06:13,42.6039161682129,-8.8760232925415,"Female"
"9004153",371987,2025-06-26 19:11:13,42.6022758483887,-8.87673568725586,"Female"
"9004153",371987,2025-06-26 19:16:13,42.6023101806641,-8.87671852111816,"Female"
"9004153",371987,2025-06-26 19:21:13,42.6022796630859,-8.87673664093018,"Female"
"9004153",371987,2025-06-26 19:26:13,42.6023178100586,-8.87670230865479,"Female"
"9004153",371987,2025-06-26 19:31:13,42.6023025512695,-8.87670421600342,"Female"
"9004153",371987,2025-06-26 19:36:13,42.6023101806641,-8.8766975402832,"Female"
"9004153",371987,2025-06-26 19:41:13,42.6022872924805,-8.8766918182373,"Female"
"9004153",371987,2025-06-26 19:46:13,42.6022682189941,-8.87678623199463,"Female"
"9004153",371987,2025-06-26 19:51:13,42.6023139953613,-8.87674808502197,"Female"
"9004153",371987,2025-06-26 19:56:13,42.6022338867188,-8.87674999237061,"Female"
"9004153",371987,2025-06-26 20:01:14,42.6020965576172,-8.87627983093262,"Female"
"9004153",371987,2025-06-26 20:06:14,42.6014595031738,-8.87682914733887,"Female"
"9004153",371987,2025-06-26 20:11:13,42.6014099121094,-8.87673950195312,"Female"
"9004153",371987,2025-06-26 20:16:13,42.6014289855957,-8.87677192687988,"Female"
"9004153",371987,2025-06-26 20:21:14,42.6014442443848,-8.87670612335205,"Female"
"9004153",371987,2025-06-26 20:26:13,42.6014251708984,-8.87678050994873,"Female"
"9004153",371987,2025-06-26 20:31:13,42.6013107299805,-8.87649250030518,"Female"
"9004153",371987,2025-06-26 20:36:14,42.6013679504395,-8.87630081176758,"Female"
"9004153",371987,2025-06-26 20:41:44,42.601390838623,-8.87664413452148,"Female"
"9004153",371987,2025-06-26 20:46:14,42.6013336181641,-8.87657356262207,"Female"
"9004153",371987,2025-06-26 20:51:17,42.6013984680176,-8.87658214569092,"Female"
"9004153",371987,2025-06-26 20:56:14,42.6014366149902,-8.8766918182373,"Female"
"9004153",371987,2025-06-26 21:01:13,42.6014137268066,-8.87656879425049,"Female"
"9004153",371987,2025-06-26 21:06:18,42.6015586853027,-8.8770637512207,"Female"
"9004153",371987,2025-06-26 21:11:16,42.6016082763672,-8.8770580291748,"Female"
"9004153",371987,2025-06-26 21:16:17,42.6014633178711,-8.87703227996826,"Female"
"9004153",371987,2025-06-26 21:21:16,42.6014595031738,-8.87705993652344,"Female"
"9004153",371987,2025-06-26 21:26:22,42.6014747619629,-8.87680721282959,"Female"
"9004153",371987,2025-06-26 21:31:34,42.6014175415039,-8.87666130065918,"Female"
"9004153",371987,2025-06-26 21:36:13,42.6014785766602,-8.87669086456299,"Female"
"9004153",371987,2025-06-26 21:41:14,42.6014289855957,-8.87663745880127,"Female"
"9004153",371987,2025-06-26 21:46:14,42.6013221740723,-8.87656402587891,"Female"
"9004153",371987,2025-06-26 21:51:13,42.6014595031738,-8.87674808502197,"Female"
"9004153",371987,2025-06-26 21:56:13,42.6013984680176,-8.87656116485596,"Female"
"9004153",371987,2025-06-26 22:01:14,42.6014442443848,-8.87674045562744,"Female"
"9004153",371987,2025-06-26 22:06:13,42.6015129089355,-8.87694931030273,"Female"
"9004153",371987,2025-06-26 22:11:13,42.6015625,-8.87689781188965,"Female"
"9004153",371987,2025-06-26 22:16:13,42.601390838623,-8.87653827667236,"Female"
"9004153",371987,2025-06-26 22:21:13,42.6014022827148,-8.87654495239258,"Female"
"9004153",371987,2025-06-26 22:26:25,42.6014099121094,-8.87662601470947,"Female"
"9004153",371987,2025-06-26 22:31:13,42.6013565063477,-8.87660598754883,"Female"
"9004153",371987,2025-06-26 22:36:17,42.6013984680176,-8.87661075592041,"Female"
"9004153",371987,2025-06-26 22:41:35,42.6014099121094,-8.87661552429199,"Female"
"9004153",371987,2025-06-26 22:46:14,42.6013870239258,-8.87664794921875,"Female"
"9004153",371987,2025-06-26 22:51:14,42.601390838623,-8.87659072875977,"Female"
"9004153",371987,2025-06-26 22:56:14,42.6014289855957,-8.87662315368652,"Female"
"9004153",371987,2025-06-26 23:01:13,42.601390838623,-8.87660598754883,"Female"
"9004153",371987,2025-06-26 23:06:13,42.6014022827148,-8.87655544281006,"Female"
"9004153",371987,2025-06-26 23:11:13,42.6013717651367,-8.87660503387451,"Female"
"9004153",371987,2025-06-26 23:16:13,42.6013984680176,-8.87656497955322,"Female"
"9004153",371987,2025-06-26 23:21:13,42.601375579834,-8.87662315368652,"Female"
"9004153",371987,2025-06-26 23:26:13,42.6014022827148,-8.876633644104,"Female"
"9004153",371987,2025-06-26 23:31:14,42.601375579834,-8.87662601470947,"Female"
"9004153",371987,2025-06-26 23:36:13,42.6013793945312,-8.87660789489746,"Female"
"9004153",371987,2025-06-26 23:41:14,42.6014022827148,-8.87664222717285,"Female"
"9004153",371987,2025-06-26 23:46:13,42.6014556884766,-8.87658977508545,"Female"
"9004153",371987,2025-06-26 23:51:14,42.6014366149902,-8.87668609619141,"Female"
"9004153",371987,2025-06-26 23:56:13,42.6014099121094,-8.87661743164062,"Female"
"9004153",371987,2025-06-27 00:01:17,42.6014175415039,-8.87662982940674,"Female"
"9004153",371987,2025-06-27 00:06:13,42.6014175415039,-8.87662029266357,"Female"
"9004153",371987,2025-06-27 00:11:14,42.6014442443848,-8.87664413452148,"Female"
"9004153",371987,2025-06-27 00:16:13,42.6014404296875,-8.8766622543335,"Female"
"9004153",371987,2025-06-27 00:21:14,42.601432800293,-8.87665367126465,"Female"
"9004153",371987,2025-06-27 00:26:13,42.6014175415039,-8.87662887573242,"Female"
"9004153",371987,2025-06-27 00:31:13,42.6015243530273,-8.87666320800781,"Female"
"9004153",371987,2025-06-27 00:36:14,42.6014747619629,-8.87660121917725,"Female"
"9004153",371987,2025-06-27 00:41:13,42.6015014648438,-8.87665939331055,"Female"
"9004153",371987,2025-06-27 00:46:13,42.6015167236328,-8.876708984375,"Female"
"9004153",371987,2025-06-27 00:51:14,42.6015815734863,-8.876708984375,"Female"
"9004153",371987,2025-06-27 00:56:13,42.6014823913574,-8.87666988372803,"Female"
"9004153",371987,2025-06-27 01:01:14,42.6014862060547,-8.87662506103516,"Female"
"9004153",371987,2025-06-27 01:06:14,42.6013565063477,-8.87656211853027,"Female"
"9004153",371987,2025-06-27 01:11:17,42.6013488769531,-8.87655162811279,"Female"
"9004153",371987,2025-06-27 01:16:14,42.6014976501465,-8.87666130065918,"Female"
"9004153",371987,2025-06-27 01:21:14,42.6015014648438,-8.87673950195312,"Female"
"9004153",371987,2025-06-27 01:26:16,42.601505279541,-8.87658596038818,"Female"
"9004153",371987,2025-06-27 01:31:13,42.6015434265137,-8.87663650512695,"Female"
"9004153",371987,2025-06-27 01:36:35,42.6014022827148,-8.87661170959473,"Female"
"9004153",371987,2025-06-27 01:41:13,42.6013946533203,-8.87662220001221,"Female"
"9004153",371987,2025-06-27 01:46:13,42.6013717651367,-8.87654399871826,"Female"
"9004153",371987,2025-06-27 01:51:13,42.6014099121094,-8.87659072875977,"Female"
"9004153",371987,2025-06-27 01:56:13,42.6012268066406,-8.87651920318604,"Female"
"9004153",371987,2025-06-27 02:01:13,42.6014404296875,-8.87662696838379,"Female"
"9004153",371987,2025-06-27 02:06:14,42.6013717651367,-8.87662792205811,"Female"
"9004153",371987,2025-06-27 02:11:13,42.6014518737793,-8.87667369842529,"Female"
"9004153",371987,2025-06-27 02:16:13,42.6014976501465,-8.8766508102417,"Female"
"9004153",371987,2025-06-27 02:21:14,42.6014862060547,-8.87666606903076,"Female"
"9004153",371987,2025-06-27 02:26:13,42.6014595031738,-8.87668991088867,"Female"
"9004153",371987,2025-06-27 02:31:13,42.6014671325684,-8.87665939331055,"Female"
"9004153",371987,2025-06-27 02:36:35,42.6014175415039,-8.87657928466797,"Female"
"9004153",371987,2025-06-27 02:41:14,42.6014289855957,-8.87659454345703,"Female"
"9004153",371987,2025-06-27 02:46:14,42.6013641357422,-8.87652397155762,"Female"
"9004153",371987,2025-06-27 02:51:13,42.6014175415039,-8.87660312652588,"Female"
"9004153",371987,2025-06-27 02:56:13,42.6014518737793,-8.87660884857178,"Female"
"9004153",371987,2025-06-27 03:01:14,42.6014099121094,-8.87652015686035,"Female"
"9004153",371987,2025-06-27 03:06:17,42.6014022827148,-8.87667083740234,"Female"
"9004153",371987,2025-06-27 03:11:13,42.6014404296875,-8.87667369842529,"Female"
"9004153",371987,2025-06-27 03:16:14,42.6014366149902,-8.87659931182861,"Female"
"9004153",371987,2025-06-27 03:21:14,42.601375579834,-8.87659358978271,"Female"
"9004153",371987,2025-06-27 03:26:15,42.6014289855957,-8.87656879425049,"Female"
"9004153",371987,2025-06-27 03:31:13,42.6014556884766,-8.87660217285156,"Female"
"9004153",371987,2025-06-27 03:36:13,42.6014137268066,-8.87657737731934,"Female"
"9004153",371987,2025-06-27 03:41:15,42.6014289855957,-8.87659645080566,"Female"
"9004153",371987,2025-06-27 03:46:14,42.6014213562012,-8.87660312652588,"Female"
"9004153",371987,2025-06-27 03:51:17,42.6013717651367,-8.87651252746582,"Female"
"9004153",371987,2025-06-27 03:56:13,42.6014137268066,-8.87662601470947,"Female"
"9004153",371987,2025-06-27 04:01:24,42.601505279541,-8.87647247314453,"Female"
"9004153",371987,2025-06-27 04:06:14,42.6015205383301,-8.8764820098877,"Female"
"9004153",371987,2025-06-27 04:11:13,42.6014671325684,-8.87648677825928,"Female"
"9004153",371987,2025-06-27 04:16:26,42.6014671325684,-8.87653827667236,"Female"
"9004153",371987,2025-06-27 04:21:26,42.6014976501465,-8.87652206420898,"Female"
"9004153",371987,2025-06-27 04:26:26,42.6013832092285,-8.87662410736084,"Female"
"9004153",371987,2025-06-27 04:31:26,42.6014289855957,-8.8765811920166,"Female"
"9004153",371987,2025-06-27 04:36:26,42.6014289855957,-8.87657833099365,"Female"
"9004153",371987,2025-06-27 04:41:26,42.6014671325684,-8.8766450881958,"Female"
"9004153",371987,2025-06-27 04:46:35,42.6014099121094,-8.87658786773682,"Female"
"9004153",371987,2025-06-27 04:51:13,42.6014595031738,-8.87654590606689,"Female"
"9004153",371987,2025-06-27 04:56:13,42.6014671325684,-8.87659740447998,"Female"
"9004153",371987,2025-06-27 05:01:13,42.6014671325684,-8.8766393661499,"Female"
"9004153",371987,2025-06-27 05:06:13,42.6014862060547,-8.87656211853027,"Female"
"9004153",371987,2025-06-27 05:11:13,42.6015472412109,-8.87402057647705,"Female"
"9004153",371987,2025-06-27 05:16:15,42.6014709472656,-8.87401866912842,"Female"
"9004153",371987,2025-06-27 05:21:35,42.6015281677246,-8.87415599822998,"Female"
"9004153",371987,2025-06-27 05:26:13,42.6015357971191,-8.87422466278076,"Female"
"9004153",371987,2025-06-27 05:31:13,42.6015815734863,-8.87428569793701,"Female"
"9004153",371987,2025-06-27 05:36:13,42.6016082763672,-8.87429428100586,"Female"
"9004153",371987,2025-06-27 05:41:13,42.6016159057617,-8.87434482574463,"Female"
"9004153",371987,2025-06-27 05:46:13,42.6016616821289,-8.87432861328125,"Female"
"9004153",371987,2025-06-27 05:51:13,42.601692199707,-8.87434768676758,"Female"
"9004153",371987,2025-06-27 05:56:15,42.6018218994141,-8.87455081939697,"Female"
"9004153",371987,2025-06-27 06:01:15,42.6015090942383,-8.87426376342773,"Female"
"9004153",371987,2025-06-27 06:06:14,42.6018218994141,-8.87459278106689,"Female"
"9004153",371987,2025-06-27 06:11:15,42.6016273498535,-8.87435150146484,"Female"
"9004153",371987,2025-06-27 06:16:18,42.6012306213379,-8.87396240234375,"Female"
"9004153",371987,2025-06-27 06:21:13,42.6016540527344,-8.87444686889648,"Female"
"9004153",371987,2025-06-27 06:26:23,42.6014709472656,-8.87418270111084,"Female"
"9004153",371987,2025-06-27 06:31:13,42.6015930175781,-8.87434005737305,"Female"
"9004153",371987,2025-06-27 06:36:22,42.6038055419922,-8.87319660186768,"Female"
"9004153",371987,2025-06-27 06:41:25,42.6038055419922,-8.87320327758789,"Female"
"9004153",371987,2025-06-27 06:46:13,42.6037635803223,-8.87302875518799,"Female"
"9004153",371987,2025-06-27 06:51:24,42.6037750244141,-8.8731803894043,"Female"
"9004153",371987,2025-06-27 06:56:14,42.6037521362305,-8.87303638458252,"Female"
"9004153",371987,2025-06-27 07:01:35,42.6037559509277,-8.87320613861084,"Female"
"9004153",371987,2025-06-27 07:06:13,42.6070938110352,-8.87142753601074,"Female"
"9004153",371987,2025-06-27 07:11:38,42.6060523986816,-8.87276554107666,"Female"
"9004153",371987,2025-06-27 07:17:22,42.6105041503906,-8.87239170074463,"Female"
"9004153",371987,2025-06-27 07:22:23,42.6104888916016,-8.87265110015869,"Female"
"9004153",371987,2025-06-27 07:27:27,42.610221862793,-8.87220191955566,"Female"
"9004153",371987,2025-06-27 07:32:52,42.610107421875,-8.8725061416626,"Female"
"9004153",371987,2025-06-27 07:38:19,42.6100578308105,-8.87335586547852,"Female"
"9004153",371987,2025-06-27 07:43:25,42.6108818054199,-8.87393856048584,"Female"
"9004153",371987,2025-06-27 07:48:23,42.6124114990234,-8.87491321563721,"Female"
"9004153",371987,2025-06-27 07:53:23,42.6123695373535,-8.87492656707764,"Female"
"9004153",371987,2025-06-27 07:58:23,42.6123542785645,-8.8748197555542,"Female"
"9004153",371987,2025-06-27 08:03:23,42.6123085021973,-8.87485599517822,"Female"
"9004153",371987,2025-06-27 08:08:23,42.6123085021973,-8.87456893920898,"Female"
"9004153",371987,2025-06-27 08:13:23,42.6123580932617,-8.87480354309082,"Female"
"9004153",371987,2025-06-27 08:18:23,42.6124000549316,-8.87501811981201,"Female"
"9004153",371987,2025-06-27 08:23:36,42.6123237609863,-8.87492275238037,"Female"
"9004153",371987,2025-06-27 08:28:28,42.6122550964355,-8.874587059021,"Female"
"9004153",371987,2025-06-27 08:33:25,42.6123962402344,-8.87496662139893,"Female"
"9004153",371987,2025-06-27 08:38:25,42.6121788024902,-8.87428283691406,"Female"
"9004153",371987,2025-06-27 08:43:27,42.612190246582,-8.87429618835449,"Female"
"9004153",371987,2025-06-27 08:48:37,42.6123580932617,-8.87485980987549,"Female"
"9004153",371987,2025-06-27 08:53:30,42.6123733520508,-8.87501239776611,"Female"
"9004153",371987,2025-06-27 08:58:39,42.6123580932617,-8.87490653991699,"Female"
"9004153",371987,2025-06-27 09:03:29,42.6122856140137,-8.87487030029297,"Female"
"9004153",371987,2025-06-27 09:08:39,42.6123886108398,-8.87502193450928,"Female"
"9004153",371987,2025-06-27 09:13:29,42.612361907959,-8.87492752075195,"Female"
"9004153",371987,2025-06-27 09:19:05,42.6123695373535,-8.87492847442627,"Female"
"9004153",371987,2025-06-27 09:23:29,42.6123733520508,-8.87495994567871,"Female"
"9004153",371987,2025-06-27 09:28:29,42.6124305725098,-8.87492370605469,"Female"
"9004153",371987,2025-06-27 09:33:30,42.6122894287109,-8.87498188018799,"Female"
"9004153",371987,2025-06-27 09:39:06,42.6113357543945,-8.87600135803223,"Female"
"9004153",371987,2025-06-27 09:44:31,42.6048431396484,-8.87556934356689,"Female"
"9004153",371987,2025-06-27 09:49:32,42.6042861938477,-8.87508201599121,"Female"
"9004153",371987,2025-06-27 09:54:47,42.6046447753906,-8.8735408782959,"Female"
"9004153",371987,2025-06-27 09:59:46,42.5989265441895,-8.87294578552246,"Female"
"9004153",371987,2025-06-27 10:04:46,42.6015777587891,-8.8742151260376,"Female"
"9004153",371987,2025-06-27 10:09:47,42.6016273498535,-8.87415409088135,"Female"
"9004153",371987,2025-06-27 10:14:46,42.601634979248,-8.87418556213379,"Female"
"9004153",371987,2025-06-27 10:19:48,42.6016006469727,-8.87421226501465,"Female"
"9004153",371987,2025-06-27 10:24:47,42.601676940918,-8.87419891357422,"Female"
"9004153",371987,2025-06-27 10:29:47,42.6015968322754,-8.8742151260376,"Female"
"9004153",371987,2025-06-27 10:34:46,42.6016311645508,-8.874192237854,"Female"
"9004153",371987,2025-06-27 10:39:46,42.6016120910645,-8.87420082092285,"Female"
"9004153",371987,2025-06-27 10:44:46,42.6015434265137,-8.87423801422119,"Female"
"9004153",371987,2025-06-27 10:49:55,42.5998001098633,-8.87390232086182,"Female"
"9004153",371987,2025-06-27 10:55:11,42.5990943908691,-8.87479877471924,"Female"
"9004153",371987,2025-06-27 11:00:15,42.5996742248535,-8.87630939483643,"Female"
"9004153",371987,2025-06-27 11:05:19,42.5986976623535,-8.8762845993042,"Female"
"9004153",371987,2025-06-27 11:10:21,42.5978851318359,-8.87720966339111,"Female"
"9004153",371987,2025-06-27 11:16:05,42.5985145568848,-8.87636375427246,"Female"
"9004153",371987,2025-06-27 11:20:43,42.5996284484863,-8.87548542022705,"Female"
"9004153",371987,2025-06-27 11:26:14,42.6014022827148,-8.87446689605713,"Female"
"9004153",371987,2025-06-27 11:31:12,42.601490020752,-8.87431526184082,"Female"
"9004153",371987,2025-06-27 11:36:12,42.6015319824219,-8.87427806854248,"Female"
"9004153",371987,2025-06-27 11:41:11,42.6015243530273,-8.87428665161133,"Female"
"9004153",371987,2025-06-27 11:46:12,42.6015396118164,-8.87430763244629,"Female"
"9004153",371987,2025-06-27 11:51:11,42.6015777587891,-8.87433052062988,"Female"
"9004153",371987,2025-06-27 11:56:12,42.6016044616699,-8.87432861328125,"Female"
"9004153",371987,2025-06-27 12:01:14,42.6016426086426,-8.87430858612061,"Female"
"9004153",371987,2025-06-27 12:06:35,42.6015129089355,-8.87424850463867,"Female"
"9004153",371987,2025-06-27 12:11:11,42.6015090942383,-8.87424850463867,"Female"
"9004153",371987,2025-06-27 12:16:11,42.6015167236328,-8.87421035766602,"Female"
"9004153",371987,2025-06-27 12:21:11,42.601490020752,-8.87414932250977,"Female"
"9004153",371987,2025-06-27 12:26:11,42.6015319824219,-8.87414836883545,"Female"
"9004153",371987,2025-06-27 12:31:11,42.6014747619629,-8.87422275543213,"Female"
"9004153",371987,2025-06-27 12:36:11,42.6015586853027,-8.87419605255127,"Female"
"9004153",371987,2025-06-27 12:41:11,42.6015510559082,-8.874192237854,"Female"
"9004153",371987,2025-06-27 12:46:11,42.6015014648438,-8.87420845031738,"Female"
"9004153",371987,2025-06-27 12:51:12,42.6014671325684,-8.87430000305176,"Female"
"9004153",371987,2025-06-27 12:56:11,42.6014556884766,-8.87425994873047,"Female"
"9004153",371987,2025-06-27 13:01:11,42.601505279541,-8.87422752380371,"Female"
"9004153",371987,2025-06-27 13:06:23,42.6003837585449,-8.87380123138428,"Female"
"9004153",371987,2025-06-27 13:11:42,42.5988006591797,-8.87355327606201,"Female"
"9004153",371987,2025-06-27 13:16:41,42.5978736877441,-8.87415981292725,"Female"
"9004153",371987,2025-06-27 13:21:41,42.6013946533203,-8.87661647796631,"Female"
"9004153",371987,2025-06-27 13:26:41,42.6014747619629,-8.8766040802002,"Female"
"9004153",371987,2025-06-27 13:31:41,42.6014442443848,-8.87656784057617,"Female"
"9004153",371987,2025-06-27 13:36:41,42.6014137268066,-8.87659549713135,"Female"
"9004153",371987,2025-06-27 13:41:41,42.6014213562012,-8.87662982940674,"Female"
"9004153",371987,2025-06-27 13:46:41,42.6014289855957,-8.87667083740234,"Female"
"9004153",371987,2025-06-27 13:51:41,42.601390838623,-8.8766565322876,"Female"
"9004153",371987,2025-06-27 13:56:41,42.6014099121094,-8.87662887573242,"Female"
"9004153",371987,2025-06-27 14:01:41,42.6014213562012,-8.87662887573242,"Female"
"9004153",371987,2025-06-27 14:06:41,42.6014289855957,-8.87666416168213,"Female"
"9004153",371987,2025-06-27 14:11:41,42.6014022827148,-8.87664318084717,"Female"
"9004153",371987,2025-06-27 14:16:41,42.6014213562012,-8.87664222717285,"Female"
"9004153",371987,2025-06-27 14:21:41,42.6013450622559,-8.87661361694336,"Female"
"9004153",371987,2025-06-27 14:26:41,42.6014595031738,-8.87669658660889,"Female"
"9004153",371987,2025-06-27 14:31:43,42.6014404296875,-8.87667369842529,"Female"
"9004153",371987,2025-06-27 14:36:41,42.6014823913574,-8.87667369842529,"Female"
"9004153",371987,2025-06-27 14:41:41,42.6015205383301,-8.87670421600342,"Female"
"9004153",371987,2025-06-27 14:46:42,42.6014633178711,-8.87668132781982,"Female"
"9004153",371987,2025-06-27 14:51:42,42.601432800293,-8.87662887573242,"Female"
"9004153",371987,2025-06-27 14:56:43,42.6013412475586,-8.87661743164062,"Female"
"9004153",371987,2025-06-27 15:01:43,42.6016120910645,-8.87671184539795,"Female"
"9004153",371987,2025-06-27 15:06:44,42.6013603210449,-8.87660980224609,"Female"
"9004153",371987,2025-06-27 15:11:47,42.6015625,-8.87681007385254,"Female"
"9004153",371987,2025-06-27 15:16:54,42.6016845703125,-8.8768949508667,"Female"
"9004153",371987,2025-06-27 15:21:42,42.6017074584961,-8.87691688537598,"Female"
"9004153",371987,2025-06-27 15:26:54,42.6017189025879,-8.87692260742188,"Female"
"9004153",371987,2025-06-27 15:31:54,42.601676940918,-8.87692928314209,"Female"
"9004153",371987,2025-06-27 15:36:54,42.6017150878906,-8.87695407867432,"Female"
"9004153",371987,2025-06-27 15:41:54,42.6017150878906,-8.87697124481201,"Female"
"9004153",371987,2025-06-27 15:46:54,42.6017189025879,-8.87697792053223,"Female"
"9004153",371987,2025-06-27 15:51:54,42.6017265319824,-8.87700366973877,"Female"
"9004153",371987,2025-06-27 15:56:54,42.6017303466797,-8.87699699401855,"Female"
"9004153",371987,2025-06-27 16:02:05,42.6014213562012,-8.87664699554443,"Female"
"9004153",371987,2025-06-27 16:06:45,42.601432800293,-8.87667179107666,"Female"
"9004153",371987,2025-06-27 16:11:43,42.6016883850098,-8.87709903717041,"Female"
"9004153",371987,2025-06-27 16:16:44,42.6014518737793,-8.87670993804932,"Female"
"9004153",371987,2025-06-27 16:21:42,42.6015014648438,-8.87682151794434,"Female"
"9004153",371987,2025-06-27 16:26:44,42.6014747619629,-8.87676239013672,"Female"
"9004153",371987,2025-06-27 16:31:45,42.6015930175781,-8.87687397003174,"Female"
"9004153",371987,2025-06-27 16:36:44,42.6013946533203,-8.87654304504395,"Female"
"9004153",371987,2025-06-27 16:41:48,42.6013069152832,-8.8757963180542,"Female"
"9004153",371987,2025-06-27 16:46:48,42.6015167236328,-8.87645149230957,"Female"
"9004153",371987,2025-06-27 16:51:45,42.6014633178711,-8.87677001953125,"Female"
"9004153",371987,2025-06-27 16:56:46,42.6014213562012,-8.87660884857178,"Female"
"9004153",371987,2025-06-27 17:01:45,42.6015014648438,-8.87683963775635,"Female"
"9004153",371987,2025-06-27 17:06:44,42.601318359375,-8.87634944915771,"Female"
"9004153",371987,2025-06-27 17:12:05,42.6014022827148,-8.87667560577393,"Female"
"9004153",371987,2025-06-27 17:16:42,42.6014137268066,-8.87663459777832,"Female"
"9004153",371987,2025-06-27 17:21:41,42.6014175415039,-8.87665843963623,"Female"
"9004153",371987,2025-06-27 17:26:41,42.6014137268066,-8.87664413452148,"Female"
"9004153",371987,2025-06-27 17:31:41,42.6014137268066,-8.87666034698486,"Female"
"9004153",371987,2025-06-27 17:36:41,42.601448059082,-8.87661361694336,"Female"
"9004153",371987,2025-06-27 17:41:41,42.6014823913574,-8.87660789489746,"Female"
"9004153",371987,2025-06-27 17:46:41,42.6014137268066,-8.87665843963623,"Female"
"9004153",371987,2025-06-27 17:51:41,42.6014938354492,-8.8767147064209,"Female"
"9004153",371987,2025-06-27 17:56:41,42.601505279541,-8.87668132781982,"Female"
"9004153",371987,2025-06-27 18:01:41,42.6013984680176,-8.87660503387451,"Female"
"9004153",371987,2025-06-27 18:06:42,42.6014289855957,-8.87668991088867,"Female"
"9004153",371987,2025-06-27 18:11:42,42.6013870239258,-8.87660694122314,"Female"
"9004153",371987,2025-06-27 18:16:43,42.6014442443848,-8.87671566009521,"Female"
"9004153",371987,2025-06-27 18:21:43,42.6014213562012,-8.87665748596191,"Female"
"9004153",371987,2025-06-27 18:26:42,42.6014785766602,-8.87668228149414,"Female"
"9004153",371987,2025-06-27 18:31:43,42.6024971008301,-8.87691211700439,"Female"
"9004153",371987,2025-06-27 18:36:43,42.6025390625,-8.87704753875732,"Female"
"9004153",371987,2025-06-27 18:41:43,42.6019744873047,-8.87611961364746,"Female"
"9004153",371987,2025-06-27 18:46:44,42.6022033691406,-8.87651538848877,"Female"
"9004153",371987,2025-06-27 18:51:44,42.6026954650879,-8.87736892700195,"Female"
"9004153",371987,2025-06-27 18:56:44,42.602409362793,-8.87686920166016,"Female"
"9004153",371987,2025-06-27 19:01:44,42.6023445129395,-8.87679481506348,"Female"
"9004153",371987,2025-06-27 19:06:44,42.6022109985352,-8.87655639648438,"Female"
"9004153",371987,2025-06-27 19:11:53,42.6014175415039,-8.87668609619141,"Female"
"9004153",371987,2025-06-27 19:16:42,42.601375579834,-8.87669467926025,"Female"
"9004153",371987,2025-06-27 19:21:43,42.601261138916,-8.87631511688232,"Female"
"9004153",371987,2025-06-27 19:26:43,42.6013450622559,-8.87648677825928,"Female"
"9004153",371987,2025-06-27 19:31:43,42.6013336181641,-8.87651634216309,"Female"
"9004153",371987,2025-06-27 19:36:42,42.6012763977051,-8.87646961212158,"Female"
"9004153",371987,2025-06-27 19:41:43,42.6014060974121,-8.8767147064209,"Female"
"9004153",371987,2025-06-27 19:46:43,42.6013641357422,-8.87643241882324,"Female"
"9004153",371987,2025-06-27 19:51:43,42.6012954711914,-8.87645626068115,"Female"
"9004153",371987,2025-06-27 19:56:42,42.6013832092285,-8.87669372558594,"Female"
"9004153",371987,2025-06-27 20:01:44,42.6013641357422,-8.87658500671387,"Female"
"9004153",371987,2025-06-27 20:06:44,42.6012878417969,-8.87638473510742,"Female"
"9004153",371987,2025-06-27 20:12:02,42.6014213562012,-8.87660884857178,"Female"
"9004153",371987,2025-06-27 20:16:42,42.6014137268066,-8.87660503387451,"Female"
"9004153",371987,2025-06-27 20:21:42,42.6015319824219,-8.87430953979492,"Female"
"9004153",371987,2025-06-27 20:26:42,42.6014556884766,-8.87429332733154,"Female"
"9004153",371987,2025-06-27 20:31:42,42.6015090942383,-8.87427616119385,"Female"
"9004153",371987,2025-06-27 20:36:42,42.601490020752,-8.87427425384521,"Female"
"9004153",371987,2025-06-27 20:41:42,42.601432800293,-8.87429141998291,"Female"
"9004153",371987,2025-06-27 20:46:42,42.6014137268066,-8.87670421600342,"Female"
"9004153",371987,2025-06-27 20:51:42,42.6014213562012,-8.8765115737915,"Female"
"9004153",371987,2025-06-27 20:56:42,42.6014099121094,-8.8766622543335,"Female"
"9004153",371987,2025-06-27 21:01:42,42.6014404296875,-8.87660312652588,"Female"
"9004153",371987,2025-06-27 21:06:42,42.601490020752,-8.87667369842529,"Female"
"9004153",371987,2025-06-27 21:11:42,42.6011505126953,-8.87644004821777,"Female"
"9004153",371987,2025-06-27 21:16:42,42.6015014648438,-8.87668132781982,"Female"
"9004153",371987,2025-06-27 21:21:54,42.6014366149902,-8.87666416168213,"Female"
"9004153",371987,2025-06-27 21:26:54,42.601375579834,-8.87662601470947,"Female"
"9004153",371987,2025-06-27 21:31:53,42.6014366149902,-8.87661743164062,"Female"
"9004153",371987,2025-06-27 21:36:43,42.6015663146973,-8.87685298919678,"Female"
"9004153",371987,2025-06-27 21:41:47,42.6013832092285,-8.87661743164062,"Female"
"9004153",371987,2025-06-27 21:46:48,42.601978302002,-8.87743854522705,"Female"
"9004153",371987,2025-06-27 21:52:05,42.6013450622559,-8.87660598754883,"Female"
"9004153",371987,2025-06-27 21:56:43,42.6012725830078,-8.87685966491699,"Female"
"9004153",371987,2025-06-27 22:01:43,42.6014175415039,-8.87669658660889,"Female"
"9004153",371987,2025-06-27 22:06:43,42.6013298034668,-8.87667846679688,"Female"
"9004153",371987,2025-06-27 22:11:43,42.6013565063477,-8.87668704986572,"Female"
"9004153",371987,2025-06-27 22:16:42,42.6014099121094,-8.8766565322876,"Female"
"9004153",371987,2025-06-27 22:21:42,42.6013374328613,-8.87666320800781,"Female"
"9004153",371987,2025-06-27 22:26:44,42.6014060974121,-8.87658596038818,"Female"
"9004153",371987,2025-06-27 22:31:42,42.6012954711914,-8.87662124633789,"Female"
"9004153",371987,2025-06-27 22:36:43,42.6013412475586,-8.87672710418701,"Female"
"9004153",371987,2025-06-27 22:41:42,42.601375579834,-8.87666702270508,"Female"
"9004153",371987,2025-06-27 22:46:42,42.6013603210449,-8.87673473358154,"Female"
"9004153",371987,2025-06-27 22:51:42,42.6014404296875,-8.87664127349854,"Female"
"9004153",371987,2025-06-27 22:56:42,42.6013603210449,-8.8765811920166,"Female"
"9004153",371987,2025-06-27 23:01:42,42.6013450622559,-8.87662410736084,"Female"
"9004153",371987,2025-06-27 23:06:42,42.6015167236328,-8.87670993804932,"Female"
"9004153",371987,2025-06-27 23:11:42,42.6013336181641,-8.87666797637939,"Female"
"9004153",371987,2025-06-27 23:16:42,42.6014022827148,-8.87664222717285,"Female"
"9004153",371987,2025-06-27 23:21:42,42.6013793945312,-8.87662220001221,"Female"
"9004153",371987,2025-06-27 23:26:42,42.6014022827148,-8.87666130065918,"Female"
"9004153",371987,2025-06-27 23:31:42,42.6013031005859,-8.87669277191162,"Female"
"9004153",371987,2025-06-27 23:36:43,42.6014022827148,-8.87662696838379,"Female"
"9004153",371987,2025-06-27 23:41:43,42.6014251708984,-8.87665748596191,"Female"
"9004153",371987,2025-06-27 23:46:42,42.6014251708984,-8.87661552429199,"Female"
"9004153",371987,2025-06-27 23:51:42,42.6012878417969,-8.87655544281006,"Female"
"9004153",371987,2025-06-27 23:56:45,42.6012802124023,-8.87642574310303,"Female"
"9004153",371987,2025-06-28 00:01:44,42.6013793945312,-8.87662601470947,"Female"
"9004153",371987,2025-06-28 00:06:43,42.6014175415039,-8.87663650512695,"Female"
"9004153",371987,2025-06-28 00:11:43,42.6013031005859,-8.87651348114014,"Female"
"9004153",371987,2025-06-28 00:16:42,42.6012344360352,-8.87638854980469,"Female"
"9004153",371987,2025-06-28 00:21:48,42.6014823913574,-8.87643814086914,"Female"
"9004153",371987,2025-06-28 00:26:46,42.601375579834,-8.87664985656738,"Female"
"9004153",371987,2025-06-28 00:31:45,42.6016159057617,-8.87687110900879,"Female"
"9004153",371987,2025-06-28 00:37:05,42.6014251708984,-8.87661743164062,"Female"
"9004153",371987,2025-06-28 00:41:43,42.6013946533203,-8.87654399871826,"Female"
"9004153",371987,2025-06-28 00:46:45,42.6013107299805,-8.87660789489746,"Female"
"9004153",371987,2025-06-28 00:51:43,42.601375579834,-8.87664699554443,"Female"
"9004153",371987,2025-06-28 00:56:43,42.6017990112305,-8.87671089172363,"Female"
"9004153",371987,2025-06-28 01:01:44,42.601505279541,-8.87665748596191,"Female"
"9004153",371987,2025-06-28 01:06:43,42.601432800293,-8.87660789489746,"Female"
"9004153",371987,2025-06-28 01:11:47,42.6012001037598,-8.87656307220459,"Female"
"9004153",371987,2025-06-28 01:17:02,42.6014289855957,-8.87663173675537,"Female"
"9004153",371987,2025-06-28 01:21:42,42.6013603210449,-8.87672233581543,"Female"
"9004153",371987,2025-06-28 01:26:42,42.6014633178711,-8.87654685974121,"Female"
"9004153",371987,2025-06-28 01:31:42,42.6013946533203,-8.8766508102417,"Female"
"9004153",371987,2025-06-28 01:36:42,42.6014595031738,-8.87661170959473,"Female"
"9004153",371987,2025-06-28 01:41:42,42.6013565063477,-8.8767261505127,"Female"
"9004153",371987,2025-06-28 01:46:42,42.6013679504395,-8.87671661376953,"Female"
"9004153",371987,2025-06-28 01:51:43,42.6013984680176,-8.87677001953125,"Female"
"9004153",371987,2025-06-28 01:56:42,42.6013793945312,-8.87668418884277,"Female"
"9004153",371987,2025-06-28 02:01:42,42.6013565063477,-8.87670993804932,"Female"
"9004153",371987,2025-06-28 02:06:42,42.6013526916504,-8.87675952911377,"Female"
"9004153",371987,2025-06-28 02:11:42,42.6014137268066,-8.87666034698486,"Female"
"9004153",371987,2025-06-28 02:16:42,42.6013870239258,-8.87668609619141,"Female"
"9004153",371987,2025-06-28 02:21:42,42.6014213562012,-8.87665367126465,"Female"
"9004153",371987,2025-06-28 02:26:42,42.601432800293,-8.87662124633789,"Female"
"9004153",371987,2025-06-28 02:31:42,42.601375579834,-8.8765983581543,"Female"
"9004153",371987,2025-06-28 02:37:05,42.6014175415039,-8.87660694122314,"Female"
"9004153",371987,2025-06-28 02:41:42,42.6013603210449,-8.87661361694336,"Female"
"9004153",371987,2025-06-28 02:46:46,42.6013450622559,-8.87651443481445,"Female"
"9004153",371987,2025-06-28 02:51:42,42.6013679504395,-8.87661647796631,"Female"
"9004153",371987,2025-06-28 02:56:42,42.6014556884766,-8.87661361694336,"Female"
"9004153",371987,2025-06-28 03:01:42,42.6013946533203,-8.87660598754883,"Female"
"9004153",371987,2025-06-28 03:06:43,42.601390838623,-8.8765811920166,"Female"
"9004153",371987,2025-06-28 03:11:45,42.6015853881836,-8.87674522399902,"Female"
"9004153",371987,2025-06-28 03:16:43,42.6013069152832,-8.87651062011719,"Female"
"9004153",371987,2025-06-28 03:21:43,42.6016387939453,-8.87687015533447,"Female"
"9004153",371987,2025-06-28 03:26:43,42.6014747619629,-8.87667465209961,"Female"
"9004153",371987,2025-06-28 03:31:43,42.601245880127,-8.87646961212158,"Female"
"9004153",371987,2025-06-28 03:36:43,42.6016273498535,-8.87686347961426,"Female"
"9004153",371987,2025-06-28 03:41:43,42.6016273498535,-8.87676048278809,"Female"
"9004153",371987,2025-06-28 03:46:44,42.601692199707,-8.87697696685791,"Female"
"9004153",371987,2025-06-28 03:51:43,42.6015167236328,-8.87672901153564,"Female"
"9004153",371987,2025-06-28 03:56:44,42.6015243530273,-8.87682151794434,"Female"
"9004153",371987,2025-06-28 04:01:48,42.6015167236328,-8.87676048278809,"Female"
"9004153",371987,2025-06-28 04:07:02,42.6013488769531,-8.87667942047119,"Female"
"9004153",371987,2025-06-28 04:11:44,42.601448059082,-8.87683582305908,"Female"
"9004153",371987,2025-06-28 04:16:42,42.6014442443848,-8.87680721282959,"Female"
"9004153",371987,2025-06-28 04:21:43,42.6016044616699,-8.87460994720459,"Female"
"9004153",371987,2025-06-28 04:26:42,42.6015090942383,-8.87434864044189,"Female"
"9004153",371987,2025-06-28 04:31:42,42.601505279541,-8.87426376342773,"Female"
"9004153",371987,2025-06-28 04:36:42,42.6016120910645,-8.87439060211182,"Female"
"9004153",371987,2025-06-28 04:41:42,42.6014442443848,-8.87423801422119,"Female"
"9004153",371987,2025-06-28 04:46:42,42.6014862060547,-8.8742790222168,"Female"
"9004153",371987,2025-06-28 04:51:42,42.6012382507324,-8.87439918518066,"Female"
"9004153",371987,2025-06-28 04:56:42,42.6013145446777,-8.87427616119385,"Female"
"9004153",371987,2025-06-28 05:01:42,42.601448059082,-8.87433338165283,"Female"
"9004153",371987,2025-06-28 05:06:42,42.6013603210449,-8.87434196472168,"Female"
"9004153",371987,2025-06-28 05:11:46,42.6013526916504,-8.87421703338623,"Female"
"9004153",371987,2025-06-28 05:16:47,42.601261138916,-8.8738489151001,"Female"
"9004153",371987,2025-06-28 05:21:54,42.6015472412109,-8.87360668182373,"Female"
"9004153",371987,2025-06-28 05:27:01,42.6015968322754,-8.87366390228271,"Female"
"9004153",371987,2025-06-28 05:31:42,42.6016960144043,-8.87417125701904,"Female"
"9004153",371987,2025-06-28 05:36:42,42.6017951965332,-8.87423419952393,"Female"
"9004153",371987,2025-06-28 05:41:42,42.6014976501465,-8.87426948547363,"Female"
"9004153",371987,2025-06-28 05:47:23,42.6005363464355,-8.87040424346924,"Female"
"9004153",371987,2025-06-28 05:52:22,42.6000213623047,-8.87052154541016,"Female"
"9004153",371987,2025-06-28 05:57:29,42.6000442504883,-8.86936378479004,"Female"
"9004153",371987,2025-06-28 06:02:31,42.6001625061035,-8.86981773376465,"Female"
"9004153",371987,2025-06-28 06:07:54,42.5992126464844,-8.87096691131592,"Female"
"9004153",371987,2025-06-28 06:13:27,42.5991363525391,-8.87018775939941,"Female"
"9004153",371987,2025-06-28 06:19:24,42.598949432373,-8.87159061431885,"Female"
"9004153",371987,2025-06-28 06:24:44,42.5985641479492,-8.87087440490723,"Female"
"9004153",371987,2025-06-28 06:29:43,42.6020011901855,-8.87641429901123,"Female"
"9004153",371987,2025-06-28 06:34:49,42.6016235351562,-8.87668228149414,"Female"
"9004153",371987,2025-06-28 06:39:43,42.6019668579102,-8.87655448913574,"Female"
"9004153",371987,2025-06-28 06:44:49,42.6015892028809,-8.87659358978271,"Female"
"9004153",371987,2025-06-28 06:50:05,42.6016082763672,-8.87656688690186,"Female"
"9004153",371987,2025-06-28 06:54:40,42.6016044616699,-8.87658309936523,"Female"
"9004153",371987,2025-06-28 06:59:40,42.6016731262207,-8.87659549713135,"Female"
"9004153",371987,2025-06-28 07:04:40,42.6016273498535,-8.87655925750732,"Female"
"9004153",371987,2025-06-28 07:09:40,42.6016006469727,-8.87645053863525,"Female"
"9004153",371987,2025-06-28 07:14:40,42.6016654968262,-8.87640953063965,"Female"
"9004153",371987,2025-06-28 07:19:42,42.6017456054688,-8.87637329101562,"Female"
"9004153",371987,2025-06-28 07:24:40,42.6015739440918,-8.87650775909424,"Female"
"9004153",371987,2025-06-28 07:29:40,42.6016120910645,-8.87651538848877,"Female"
"9004153",371987,2025-06-28 07:34:40,42.6016731262207,-8.87654972076416,"Female"
"9004153",371987,2025-06-28 07:39:40,42.6016387939453,-8.87653636932373,"Female"
"9004153",371987,2025-06-28 07:44:41,42.6015586853027,-8.87642860412598,"Female"
"9004153",371987,2025-06-28 07:49:40,42.601634979248,-8.87649631500244,"Female"
"9004153",371987,2025-06-28 07:54:42,42.6016082763672,-8.87638759613037,"Female"
"9004153",371987,2025-06-28 08:00:05,42.6016883850098,-8.87662601470947,"Female"
"9004153",371987,2025-06-28 08:04:40,42.6017456054688,-8.87671852111816,"Female"
"9004153",371987,2025-06-28 08:09:40,42.6015777587891,-8.87660980224609,"Female"
"9004153",371987,2025-06-28 08:14:40,42.6016998291016,-8.87665748596191,"Female"
"9004153",371987,2025-06-28 08:19:42,42.6015739440918,-8.87661361694336,"Female"
"9004153",371987,2025-06-28 08:24:40,42.6016502380371,-8.87667560577393,"Female"
"9004153",371987,2025-06-28 08:29:42,42.6025695800781,-8.87773704528809,"Female"
"9004153",371987,2025-06-28 08:34:41,42.6025505065918,-8.87773609161377,"Female"
"9004153",371987,2025-06-28 08:40:16,42.6029663085938,-8.87876987457275,"Female"
"9004153",371987,2025-06-28 08:45:27,42.6029968261719,-8.87913990020752,"Female"
"9004153",371987,2025-06-28 08:51:00,42.6025581359863,-8.87879371643066,"Female"
"9004153",371987,2025-06-28 08:56:50,42.6012420654297,-8.87862396240234,"Female"
"9004153",371987,2025-06-28 09:01:52,42.6014976501465,-8.8781213760376,"Female"
"9004153",371987,2025-06-28 09:06:51,42.6013107299805,-8.87879467010498,"Female"
"9004153",371987,2025-06-28 09:11:53,42.6014022827148,-8.87899303436279,"Female"
"9004153",371987,2025-06-28 09:17:01,42.6010818481445,-8.87847137451172,"Female"
"9004153",371987,2025-06-28 09:22:01,42.6010780334473,-8.87844944000244,"Female"
"9004153",371987,2025-06-28 09:27:14,42.6010856628418,-8.8784008026123,"Female"
"9004153",371987,2025-06-28 09:31:50,42.6010971069336,-8.87841510772705,"Female"
"9004153",371987,2025-06-28 09:36:50,42.6011123657227,-8.87842273712158,"Female"
"9004153",371987,2025-06-28 09:41:50,42.6010322570801,-8.87837409973145,"Female"
"9004153",371987,2025-06-28 09:47:03,42.6010322570801,-8.8783540725708,"Female"
"9004153",371987,2025-06-28 09:52:02,42.601001739502,-8.87832164764404,"Female"
"9004153",371987,2025-06-28 09:58:19,42.599609375,-8.87854194641113,"Female"
"9004153",371987,2025-06-28 10:04:05,42.5986404418945,-8.87861347198486,"Female"
"9004153",371987,2025-06-28 10:08:13,42.5992164611816,-8.87790966033936,"Female"
"9004153",371987,2025-06-28 10:13:11,42.5984573364258,-8.87148475646973,"Female"
"9004153",371987,2025-06-28 10:18:11,42.5980644226074,-8.87162303924561,"Female"
"9004153",371987,2025-06-28 10:23:12,42.5985565185547,-8.87065124511719,"Female"
"9004153",371987,2025-06-28 10:29:02,42.5981674194336,-8.87176990509033,"Female"
"9004153",371987,2025-06-28 10:34:01,42.5972747802734,-8.87252998352051,"Female"
"9004153",371987,2025-06-28 10:39:01,42.5971031188965,-8.87285709381104,"Female"
"9004153",371987,2025-06-28 10:44:01,42.5970344543457,-8.87270736694336,"Female"
"9004153",371987,2025-06-28 10:49:02,42.5970497131348,-8.87275314331055,"Female"
"9004153",371987,2025-06-28 10:54:02,42.5969848632812,-8.87271404266357,"Female"
"9004153",371987,2025-06-28 10:59:01,42.5970420837402,-8.87274932861328,"Female"
"9004153",371987,2025-06-28 11:04:00,42.5970153808594,-8.87280941009521,"Female"
"9004153",371987,2025-06-28 11:09:00,42.5970649719238,-8.87283802032471,"Female"
"9004153",371987,2025-06-28 11:14:00,42.5971755981445,-8.87283325195312,"Female"
"9004153",371987,2025-06-28 11:19:02,42.5970726013184,-8.87268543243408,"Female"
"9004153",371987,2025-06-28 11:24:00,42.5970611572266,-8.87270736694336,"Female"
"9004153",371987,2025-06-28 11:29:00,42.5972137451172,-8.87279796600342,"Female"
"9004153",371987,2025-06-28 11:34:03,42.5969276428223,-8.87284374237061,"Female"
"9004153",371987,2025-06-28 11:39:05,42.5970115661621,-8.87270450592041,"Female"
"9004153",371987,2025-06-28 11:44:01,42.597038269043,-8.8726978302002,"Female"
"9004153",371987,2025-06-28 11:49:01,42.5971870422363,-8.87290477752686,"Female"
"9004153",371987,2025-06-28 11:54:02,42.596981048584,-8.87264633178711,"Female"
"9004153",371987,2025-06-28 11:59:01,42.5971069335938,-8.87276744842529,"Female"
"9004153",371987,2025-06-28 12:04:01,42.5968170166016,-8.87251567840576,"Female"
"9004153",371987,2025-06-28 12:09:03,42.5969123840332,-8.87259006500244,"Female"
"9004153",371987,2025-06-28 12:14:01,42.6008567810059,-8.87437057495117,"Female"
"9004153",371987,2025-06-28 12:19:02,42.6056175231934,-8.87564563751221,"Female"
"9004153",371987,2025-06-28 12:24:02,42.6062278747559,-8.87575531005859,"Female"
"9004153",371987,2025-06-28 12:29:49,42.6058197021484,-8.87695789337158,"Female"
"9004153",371987,2025-06-28 12:35:37,42.6058082580566,-8.87647151947021,"Female"
"9004153",371987,2025-06-28 12:41:35,42.6054000854492,-8.87645530700684,"Female"
"9004153",371987,2025-06-28 12:47:06,42.6045875549316,-8.87451267242432,"Female"
"9004153",371987,2025-06-28 12:52:03,42.6015586853027,-8.87421035766602,"Female"
"9004153",371987,2025-06-28 12:57:03,42.6014747619629,-8.87419605255127,"Female"
"9004153",371987,2025-06-28 13:02:03,42.6015625,-8.8742094039917,"Female"
"9004153",371987,2025-06-28 13:07:03,42.6014747619629,-8.87421607971191,"Female"
"9004153",371987,2025-06-28 13:12:03,42.6014823913574,-8.8743143081665,"Female"
"9004153",371987,2025-06-28 13:17:03,42.6014862060547,-8.87428569793701,"Female"
"9004153",371987,2025-06-28 13:22:03,42.6014747619629,-8.87422847747803,"Female"
"9004153",371987,2025-06-28 13:27:03,42.6014862060547,-8.8742504119873,"Female"
"9004153",371987,2025-06-28 13:32:03,42.6015357971191,-8.87427997589111,"Female"
"9004153",371987,2025-06-28 13:37:03,42.6014366149902,-8.87429714202881,"Female"
"9004153",371987,2025-06-28 13:42:03,42.6014709472656,-8.87425231933594,"Female"
"9004153",371987,2025-06-28 13:47:03,42.6014671325684,-8.87428283691406,"Female"
"9004153",371987,2025-06-28 13:52:03,42.601448059082,-8.8742733001709,"Female"
"9004153",371987,2025-06-28 13:57:05,42.6014747619629,-8.87426376342773,"Female"
"9004153",371987,2025-06-28 14:02:05,42.6014442443848,-8.87427806854248,"Female"
"9004153",371987,2025-06-28 14:07:03,42.6014251708984,-8.87420654296875,"Female"
"9004153",371987,2025-06-28 14:12:05,42.6014709472656,-8.8742790222168,"Female"
"9004153",371987,2025-06-28 14:17:05,42.6014671325684,-8.87426090240479,"Female"
"9004153",371987,2025-06-28 14:22:03,42.6014671325684,-8.87426853179932,"Female"
"9004153",371987,2025-06-28 14:27:05,42.6014556884766,-8.87423419952393,"Female"
"9004153",371987,2025-06-28 14:32:05,42.6014099121094,-8.87423610687256,"Female"
"9004153",371987,2025-06-28 14:37:03,42.6014137268066,-8.87420558929443,"Female"
"9004153",371987,2025-06-28 14:42:10,42.6014595031738,-8.87424278259277,"Female"
"9004153",371987,2025-06-28 14:47:04,42.601634979248,-8.87432765960693,"Female"
"9004153",371987,2025-06-28 14:52:06,42.6015625,-8.87427520751953,"Female"
"9004153",371987,2025-06-28 14:57:04,42.6015968322754,-8.87429618835449,"Female"
"9004153",371987,2025-06-28 15:02:06,42.6014823913574,-8.8742151260376,"Female"
"9004153",371987,2025-06-28 15:07:04,42.6015663146973,-8.87428569793701,"Female"
"9004153",371987,2025-06-28 15:12:06,42.6015625,-8.87432861328125,"Female"
"9004153",371987,2025-06-28 15:17:05,42.6016731262207,-8.87435722351074,"Female"
"9004153",371987,2025-06-28 15:22:05,42.6016654968262,-8.87437534332275,"Female"
"9004153",371987,2025-06-28 15:27:05,42.6016273498535,-8.87436866760254,"Female"
"9004153",371987,2025-06-28 15:32:35,42.6016540527344,-8.87437915802002,"Female"
"9004153",371987,2025-06-28 15:37:05,42.6015701293945,-8.87429141998291,"Female"
"9004153",371987,2025-06-28 15:42:04,42.6016426086426,-8.87417888641357,"Female"
"9004153",371987,2025-06-28 15:47:04,42.6016006469727,-8.87430286407471,"Female"
"9004153",371987,2025-06-28 15:52:05,42.6016120910645,-8.87427520751953,"Female"
"9004153",371987,2025-06-28 15:57:04,42.6015434265137,-8.87421417236328,"Female"
"9004153",371987,2025-06-28 16:02:05,42.6016044616699,-8.87431049346924,"Female"
"9004153",371987,2025-06-28 16:07:06,42.6015777587891,-8.87431621551514,"Female"
"9004153",371987,2025-06-28 16:12:05,42.6016235351562,-8.87430572509766,"Female"
"9004153",371987,2025-06-28 16:17:05,42.6016082763672,-8.8742151260376,"Female"
"9004153",371987,2025-06-28 16:22:04,42.6015357971191,-8.87436103820801,"Female"
"9004153",371987,2025-06-28 16:27:05,42.6015090942383,-8.8743953704834,"Female"
"9004153",371987,2025-06-28 16:32:05,42.6015739440918,-8.87435626983643,"Female"
"9004153",371987,2025-06-28 16:37:04,42.6015892028809,-8.87442779541016,"Female"
"9004153",371987,2025-06-28 16:42:04,42.6015815734863,-8.87431335449219,"Female"
"9004153",371987,2025-06-28 16:47:04,42.6015319824219,-8.8742790222168,"Female"
"9004153",371987,2025-06-28 16:52:05,42.6015548706055,-8.87425518035889,"Female"
"9004153",371987,2025-06-28 16:57:05,42.6015815734863,-8.87427711486816,"Female"
"9004153",371987,2025-06-28 17:02:04,42.6015167236328,-8.8743257522583,"Female"
"9004153",371987,2025-06-28 17:07:05,42.6015281677246,-8.87424659729004,"Female"
"9004153",371987,2025-06-28 17:12:05,42.6015090942383,-8.87431144714355,"Female"
"9004153",371987,2025-06-28 17:17:06,42.6015357971191,-8.87425136566162,"Female"
"9004153",371987,2025-06-28 17:22:06,42.6015663146973,-8.87422847747803,"Female"
"9004153",371987,2025-06-28 17:27:05,42.6014518737793,-8.87424659729004,"Female"
"9004153",371987,2025-06-28 17:32:06,42.6015167236328,-8.8742733001709,"Female"
"9004153",371987,2025-06-28 17:37:05,42.6015014648438,-8.87419700622559,"Female"
"9004153",371987,2025-06-28 17:42:04,42.6015625,-8.87432289123535,"Female"
"9004153",371987,2025-06-28 17:47:05,42.6015396118164,-8.8743143081665,"Female"
"9004153",371987,2025-06-28 17:52:04,42.6015319824219,-8.87437057495117,"Female"
"9004153",371987,2025-06-28 17:57:04,42.6015548706055,-8.874342918396,"Female"
"9004153",371987,2025-06-28 18:02:35,42.6015205383301,-8.87428855895996,"Female"
"9004153",371987,2025-06-28 18:07:04,42.6015129089355,-8.87430953979492,"Female"
"9004153",371987,2025-06-28 18:12:04,42.6015129089355,-8.8742790222168,"Female"
"9004153",371987,2025-06-28 18:17:04,42.6015281677246,-8.87426567077637,"Female"
"9004153",371987,2025-06-28 18:22:05,42.6015663146973,-8.87423801422119,"Female"
"9004153",371987,2025-06-28 18:27:05,42.6015510559082,-8.87423610687256,"Female"
"9004153",371987,2025-06-28 18:32:04,42.6015129089355,-8.87426376342773,"Female"
"9004153",371987,2025-06-28 18:37:05,42.6015243530273,-8.87427997589111,"Female"
"9004153",371987,2025-06-28 18:42:34,42.5995788574219,-8.87243461608887,"Female"
"9004153",371987,2025-06-28 18:47:33,42.5983428955078,-8.87210369110107,"Female"
"9004153",371987,2025-06-28 18:52:50,42.59814453125,-8.87347602844238,"Female"
"9004153",371987,2025-06-28 18:57:49,42.6006965637207,-8.87227439880371,"Female"
"9004153",371987,2025-06-28 19:02:49,42.6014289855957,-8.87664604187012,"Female"
"9004153",371987,2025-06-28 19:07:48,42.601448059082,-8.87666416168213,"Female"
"9004153",371987,2025-06-28 19:12:48,42.601390838623,-8.8766918182373,"Female"
"9004153",371987,2025-06-28 19:17:48,42.6013946533203,-8.87670516967773,"Female"
"9004153",371987,2025-06-28 19:22:49,42.6014785766602,-8.87662601470947,"Female"
"9004153",371987,2025-06-28 19:27:48,42.6014060974121,-8.8767204284668,"Female"
"9004153",371987,2025-06-28 19:32:49,42.601375579834,-8.87674045562744,"Female"
"9004153",371987,2025-06-28 19:37:48,42.6014671325684,-8.87667560577393,"Female"
"9004153",371987,2025-06-28 19:42:48,42.6013870239258,-8.87674999237061,"Female"
"9004153",371987,2025-06-28 19:47:49,42.6013870239258,-8.87670612335205,"Female"
"9004153",371987,2025-06-28 19:52:48,42.6013946533203,-8.87671375274658,"Female"
"9004153",371987,2025-06-28 19:57:49,42.6014175415039,-8.87674427032471,"Female"
"9004153",371987,2025-06-28 20:02:49,42.601390838623,-8.87671947479248,"Female"
"9004153",371987,2025-06-28 20:08:13,42.601448059082,-8.87665462493896,"Female"
"9004153",371987,2025-06-28 20:12:49,42.6012115478516,-8.87682914733887,"Female"
"9004153",371987,2025-06-28 20:17:52,42.6009521484375,-8.87799835205078,"Female"
"9004153",371987,2025-06-28 20:22:54,42.601146697998,-8.87828350067139,"Female"
"9004153",371987,2025-06-28 20:28:00,42.6014289855957,-8.8767728805542,"Female"
"9004153",371987,2025-06-28 20:32:49,42.6015777587891,-8.8767786026001,"Female"
"9004153",371987,2025-06-28 20:37:51,42.6017646789551,-8.87646102905273,"Female"
"9004153",371987,2025-06-28 20:42:50,42.6016273498535,-8.87630176544189,"Female"
"9004153",371987,2025-06-28 20:48:15,42.6014595031738,-8.87669467926025,"Female"
"9004153",371987,2025-06-28 20:52:51,42.6014518737793,-8.8767204284668,"Female"
"9004153",371987,2025-06-28 20:57:48,42.6015892028809,-8.87689018249512,"Female"
"9004153",371987,2025-06-28 21:03:23,42.6014022827148,-8.87661838531494,"Female"
"9004153",371987,2025-06-28 21:07:48,42.6014633178711,-8.8766508102417,"Female"
"9004153",371987,2025-06-28 21:12:48,42.6014595031738,-8.87664127349854,"Female"
"9004153",371987,2025-06-28 21:17:48,42.6014366149902,-8.87665939331055,"Female"
"9004153",371987,2025-06-28 21:22:49,42.6013984680176,-8.87660694122314,"Female"
"9004153",371987,2025-06-28 21:27:48,42.6013793945312,-8.87661933898926,"Female"
"9004153",371987,2025-06-28 21:32:48,42.601432800293,-8.87666606903076,"Female"
"9004153",371987,2025-06-28 21:37:48,42.6014404296875,-8.8766040802002,"Female"
"9004153",371987,2025-06-28 21:42:48,42.6013603210449,-8.87657928466797,"Female"
"9004153",371987,2025-06-28 21:47:48,42.6014022827148,-8.87661838531494,"Female"
"9004153",371987,2025-06-28 21:52:48,42.6014022827148,-8.87658023834229,"Female"
"9004153",371987,2025-06-28 21:57:48,42.601390838623,-8.87659072875977,"Female"
"9004153",371987,2025-06-28 22:02:48,42.6013793945312,-8.87657070159912,"Female"
"9004153",371987,2025-06-28 22:07:48,42.6014442443848,-8.87660121917725,"Female"
"9004153",371987,2025-06-28 22:12:48,42.6014022827148,-8.87661075592041,"Female"
"9004153",371987,2025-06-28 22:17:49,42.6013374328613,-8.87667369842529,"Female"
"9004153",371987,2025-06-28 22:22:48,42.6014289855957,-8.8765811920166,"Female"
"9004153",371987,2025-06-28 22:27:48,42.601375579834,-8.87663745880127,"Female"
"9004153",371987,2025-06-28 22:32:48,42.6014175415039,-8.87665557861328,"Female"
"9004153",371987,2025-06-28 22:37:48,42.6014556884766,-8.87656497955322,"Female"
"9004153",371987,2025-06-28 22:42:48,42.6014060974121,-8.87666130065918,"Female"
"9004153",371987,2025-06-28 22:47:50,42.6014099121094,-8.87664222717285,"Female"
"9004153",371987,2025-06-28 22:52:53,42.6013145446777,-8.87646198272705,"Female"
"9004153",371987,2025-06-28 22:57:48,42.6014099121094,-8.8765983581543,"Female"
"9004153",371987,2025-06-28 23:03:14,42.6013793945312,-8.8765983581543,"Female"
"9004153",371987,2025-06-28 23:07:48,42.6013450622559,-8.8766565322876,"Female"
"9004153",371987,2025-06-28 23:12:48,42.6013412475586,-8.8767261505127,"Female"
"9004153",371987,2025-06-28 23:17:48,42.6013374328613,-8.87664699554443,"Female"
"9004153",371987,2025-06-28 23:22:48,42.6013336181641,-8.87665748596191,"Female"
"9004153",371987,2025-06-28 23:27:48,42.6013259887695,-8.87655639648438,"Female"
"9004153",371987,2025-06-28 23:32:48,42.6013259887695,-8.87668800354004,"Female"
"9004153",371987,2025-06-28 23:37:49,42.6014823913574,-8.87668514251709,"Female"
"9004153",371987,2025-06-28 23:42:50,42.6013946533203,-8.8766565322876,"Female"
"9004153",371987,2025-06-28 23:48:14,42.6013450622559,-8.87670040130615,"Female"
"9004153",371987,2025-06-28 23:52:49,42.6013069152832,-8.87668800354004,"Female"
"9004153",371987,2025-06-28 23:57:49,42.6012344360352,-8.87686347961426,"Female"
"9004153",371987,2025-06-29 00:02:53,42.6012649536133,-8.87676525115967,"Female"
"9004153",371987,2025-06-29 00:07:52,42.601131439209,-8.87678527832031,"Female"
"9004153",371987,2025-06-29 00:12:52,42.6012916564941,-8.87705421447754,"Female"
"9004153",371987,2025-06-29 00:17:54,42.6006202697754,-8.87704849243164,"Female"
"9004153",371987,2025-06-29 00:23:00,42.6014404296875,-8.87656307220459,"Female"
"9004153",371987,2025-06-29 00:27:51,42.6015739440918,-8.87673473358154,"Female"
"9004153",371987,2025-06-29 00:32:57,42.6013298034668,-8.87676429748535,"Female"
"9004153",371987,2025-06-29 00:38:03,42.6018562316895,-8.87659931182861,"Female"
"9004153",371987,2025-06-29 00:42:54,42.6017990112305,-8.87663745880127,"Female"
"9004153",371987,2025-06-29 00:48:15,42.6015548706055,-8.87633037567139,"Female"
"9004153",371987,2025-06-29 00:52:54,42.6015586853027,-8.87632179260254,"Female"
"9004153",371987,2025-06-29 00:58:14,42.6014289855957,-8.87660598754883,"Female"
"9004153",371987,2025-06-29 01:02:50,42.6014289855957,-8.8765115737915,"Female"
"9004153",371987,2025-06-29 01:07:53,42.6015014648438,-8.87645626068115,"Female"
"9004153",371987,2025-06-29 01:12:53,42.6014938354492,-8.87654495239258,"Female"
"9004153",371987,2025-06-29 01:17:54,42.6014022827148,-8.87661743164062,"Female"
"9004153",371987,2025-06-29 01:22:53,42.6014289855957,-8.8767147064209,"Female"
"9004153",371987,2025-06-29 01:27:55,42.6014366149902,-8.87670707702637,"Female"
"9004153",371987,2025-06-29 01:32:50,42.6013832092285,-8.87679195404053,"Female"
"9004153",371987,2025-06-29 01:37:52,42.6014671325684,-8.87665367126465,"Female"
"9004153",371987,2025-06-29 01:42:53,42.6010131835938,-8.87727928161621,"Female"
"9004153",371987,2025-06-29 01:48:15,42.6014251708984,-8.87656784057617,"Female"
"9004153",371987,2025-06-29 01:52:51,42.6014060974121,-8.87655067443848,"Female"
"9004153",371987,2025-06-29 01:57:48,42.6013259887695,-8.87658214569092,"Female"
"9004153",371987,2025-06-29 02:02:55,42.6013832092285,-8.87662220001221,"Female"
"9004153",371987,2025-06-29 02:07:54,42.6014785766602,-8.87656688690186,"Female"
"9004153",371987,2025-06-29 02:12:52,42.6014823913574,-8.87647247314453,"Female"
"9004153",371987,2025-06-29 02:17:51,42.6016654968262,-8.87659931182861,"Female"
"9004153",371987,2025-06-29 02:22:50,42.6015243530273,-8.87655448913574,"Female"
"9004153",371987,2025-06-29 02:27:49,42.6013069152832,-8.87672138214111,"Female"
"9004153",371987,2025-06-29 02:32:55,42.6016120910645,-8.87661743164062,"Female"
"9004153",371987,2025-06-29 02:37:55,42.6015815734863,-8.87661552429199,"Female"
"9004153",371987,2025-06-29 02:42:57,42.6016578674316,-8.87663555145264,"Female"
"9004153",371987,2025-06-29 02:48:16,42.6015357971191,-8.87654972076416,"Female"
"9004153",371987,2025-06-29 02:52:50,42.6018142700195,-8.87654972076416,"Female"
"9004153",371987,2025-06-29 02:57:52,42.6025428771973,-8.87629318237305,"Female"
"9004153",371987,2025-06-29 03:03:14,42.6012573242188,-8.87662982940674,"Female"
"9004153",371987,2025-06-29 03:07:51,42.601505279541,-8.87678527832031,"Female"
"9004153",371987,2025-06-29 03:12:50,42.601375579834,-8.87671566009521,"Female"
"9004153",371987,2025-06-29 03:17:49,42.601318359375,-8.87669277191162,"Female"
"9004153",371987,2025-06-29 03:23:02,42.6013679504395,-8.8767614364624,"Female"
"9004153",371987,2025-06-29 03:28:14,42.6014251708984,-8.87676811218262,"Female"
"9004153",371987,2025-06-29 03:32:51,42.6015853881836,-8.8763542175293,"Female"
"9004153",371987,2025-06-29 03:37:51,42.6013793945312,-8.87691020965576,"Female"
"9004153",371987,2025-06-29 03:43:06,42.6016578674316,-8.87666320800781,"Female"
"9004153",371987,2025-06-29 03:48:23,42.6013298034668,-8.87665462493896,"Female"
"9004153",371987,2025-06-29 03:52:51,42.6013374328613,-8.87669944763184,"Female"
"9004153",371987,2025-06-29 03:57:48,42.6014022827148,-8.87648010253906,"Female"
"9004153",371987,2025-06-29 04:02:48,42.601432800293,-8.87649726867676,"Female"
"9004153",371987,2025-06-29 04:07:48,42.6013565063477,-8.87644195556641,"Female"
"9004153",371987,2025-06-29 04:12:48,42.6013984680176,-8.8764705657959,"Female"
"9004153",371987,2025-06-29 04:17:48,42.6013488769531,-8.87646675109863,"Female"
"9004153",371987,2025-06-29 04:22:50,42.6014442443848,-8.87638378143311,"Female"
"9004153",371987,2025-06-29 04:27:49,42.6013946533203,-8.87660312652588,"Female"
"9004153",371987,2025-06-29 04:32:49,42.6014442443848,-8.87643909454346,"Female"
"9004153",371987,2025-06-29 04:37:48,42.6013450622559,-8.87649250030518,"Female"
"9004153",371987,2025-06-29 04:42:48,42.6013526916504,-8.87642288208008,"Female"
"9004153",371987,2025-06-29 04:47:48,42.6014022827148,-8.87658309936523,"Female"
"9004153",371987,2025-06-29 04:52:50,42.6014366149902,-8.87663745880127,"Female"
"9004153",371987,2025-06-29 04:57:48,42.6013679504395,-8.87655544281006,"Female"
"9004153",371987,2025-06-29 05:02:52,42.6014137268066,-8.87652111053467,"Female"
"9004153",371987,2025-06-29 05:07:51,42.6014442443848,-8.87651443481445,"Female"
"9004153",371987,2025-06-29 05:12:49,42.6013832092285,-8.87655448913574,"Female"
"9004153",371987,2025-06-29 05:18:14,42.6012687683105,-8.87645053863525,"Female"
"9004153",371987,2025-06-29 05:22:48,42.6013793945312,-8.8765811920166,"Female"
"9004153",371987,2025-06-29 05:27:49,42.601505279541,-8.8767147064209,"Female"
"9004153",371987,2025-06-29 05:32:50,42.6011199951172,-8.87670803070068,"Female"
"9004153",371987,2025-06-29 05:37:50,42.6014289855957,-8.87666606903076,"Female"
"9004153",371987,2025-06-29 05:42:49,42.6014366149902,-8.87664985656738,"Female"
"9004153",371987,2025-06-29 05:48:14,42.6015396118164,-8.87682628631592,"Female"
"9004153",371987,2025-06-29 05:52:49,42.6015281677246,-8.87676429748535,"Female"
"9004153",371987,2025-06-29 05:57:49,42.6014976501465,-8.87678146362305,"Female"
"9004153",371987,2025-06-29 06:02:53,42.601619720459,-8.87682247161865,"Female"
"9004153",371987,2025-06-29 06:07:52,42.6016235351562,-8.87703990936279,"Female"
"9004153",371987,2025-06-29 06:12:49,42.6013946533203,-8.8766622543335,"Female"
"9004153",371987,2025-06-29 06:17:54,42.6018753051758,-8.87744426727295,"Female"
"9004153",371987,2025-06-29 06:22:49,42.6014747619629,-8.87674999237061,"Female"
"9004153",371987,2025-06-29 06:28:00,42.6015892028809,-8.87695407867432,"Female"
"9004153",371987,2025-06-29 06:32:50,42.6014213562012,-8.8765697479248,"Female"
"9004153",371987,2025-06-29 06:38:03,42.6015968322754,-8.87700843811035,"Female"
"9004153",371987,2025-06-29 06:43:04,42.601692199707,-8.87714958190918,"Female"
"9004153",371987,2025-06-29 06:48:15,42.6014862060547,-8.8768138885498,"Female"
"9004153",371987,2025-06-29 06:52:49,42.6015243530273,-8.87674427032471,"Female"
"9004153",371987,2025-06-29 06:58:00,42.6016159057617,-8.87697601318359,"Female"
"9004153",371987,2025-06-29 07:03:14,42.6017227172852,-8.87683773040771,"Female"
"9004153",371987,2025-06-29 07:08:00,42.6026649475098,-8.87748908996582,"Female"
"9004153",371987,2025-06-29 07:13:00,42.6026382446289,-8.87756252288818,"Female"
"9004153",371987,2025-06-29 07:17:53,42.6022491455078,-8.87637424468994,"Female"
"9004153",371987,2025-06-29 07:23:36,42.6032562255859,-8.87903881072998,"Female"
"9004153",371987,2025-06-29 07:28:34,42.6026458740234,-8.87833118438721,"Female"
"9004153",371987,2025-06-29 07:33:30,42.6043014526367,-8.87754821777344,"Female"
"9004153",371987,2025-06-29 07:40:20,42.6047973632812,-8.87610912322998,"Female"
"9004153",371987,2025-06-29 07:46:41,42.6058311462402,-8.87444591522217,"Female"
"9004153",371987,2025-06-29 07:52:06,42.605899810791,-8.87430572509766,"Female"
"9004153",371987,2025-06-29 07:57:36,42.605110168457,-8.87399101257324,"Female"
"9004153",371987,2025-06-29 08:04:33,42.6033210754395,-8.87320137023926,"Female"
"9004153",371987,2025-06-29 08:09:22,42.6034164428711,-8.87315845489502,"Female"
"9004153",371987,2025-06-29 08:14:44,42.6034164428711,-8.8732442855835,"Female"
"9004153",371987,2025-06-29 08:19:18,42.6034622192383,-8.87325859069824,"Female"
"9004153",371987,2025-06-29 08:24:18,42.6034736633301,-8.87328720092773,"Female"
"9004153",371987,2025-06-29 08:29:18,42.6034851074219,-8.87327289581299,"Female"
"9004153",371987,2025-06-29 08:34:18,42.6034469604492,-8.87327194213867,"Female"
"9004153",371987,2025-06-29 08:39:17,42.6035194396973,-8.87330341339111,"Female"
"9004153",371987,2025-06-29 08:44:17,42.6036186218262,-8.87323474884033,"Female"
"9004153",371987,2025-06-29 08:49:19,42.603401184082,-8.87333202362061,"Female"
"9004153",371987,2025-06-29 08:54:18,42.603401184082,-8.87317562103271,"Female"
"9004153",371987,2025-06-29 08:59:24,42.603458404541,-8.87317180633545,"Female"
"9004153",371987,2025-06-29 09:04:23,42.6035270690918,-8.8731746673584,"Female"
"9004153",371987,2025-06-29 09:09:18,42.6034278869629,-8.87314987182617,"Female"
"9004153",371987,2025-06-29 09:14:19,42.6034088134766,-8.87317943572998,"Female"
"9004153",371987,2025-06-29 09:19:18,42.6034774780273,-8.87315940856934,"Female"
"9004153",371987,2025-06-29 09:24:43,42.6035919189453,-8.87318515777588,"Female"
"9004153",371987,2025-06-29 09:29:17,42.6036224365234,-8.87333106994629,"Female"
"9004153",371987,2025-06-29 09:34:20,42.6033477783203,-8.87340259552002,"Female"
"9004153",371987,2025-06-29 09:39:18,42.6035194396973,-8.87336158752441,"Female"
"9004153",371987,2025-06-29 09:44:22,42.6035270690918,-8.87334537506104,"Female"
"9004153",371987,2025-06-29 09:49:45,42.6035537719727,-8.873366355896,"Female"
"9004153",371987,2025-06-29 09:54:18,42.6034774780273,-8.87344360351562,"Female"
"9004153",371987,2025-06-29 09:59:19,42.6035461425781,-8.87338924407959,"Female"
"9004153",371987,2025-06-29 10:04:17,42.6035118103027,-8.87338542938232,"Female"
"9004153",371987,2025-06-29 10:09:18,42.6035232543945,-8.87339496612549,"Female"
"9004153",371987,2025-06-29 10:14:18,42.6035575866699,-8.87341213226318,"Female"
"9004153",371987,2025-06-29 10:19:18,42.6035690307617,-8.87338924407959,"Female"
"9004153",371987,2025-06-29 10:24:18,42.6036415100098,-8.87327575683594,"Female"
"9004153",371987,2025-06-29 10:29:18,42.603572845459,-8.8734130859375,"Female"
"9004153",371987,2025-06-29 10:34:18,42.603588104248,-8.87345600128174,"Female"
"9004153",371987,2025-06-29 10:39:18,42.6034736633301,-8.87355041503906,"Female"
"9004153",371987,2025-06-29 10:44:20,42.6054534912109,-8.87524032592773,"Female"
"9004153",371987,2025-06-29 10:49:45,42.6034545898438,-8.87328910827637,"Female"
"9004153",371987,2025-06-29 10:54:31,42.5992813110352,-8.87319755554199,"Female"
"9004153",371987,2025-06-29 11:00:07,42.5986404418945,-8.87038612365723,"Female"
"9004153",371987,2025-06-29 11:05:02,42.5992202758789,-8.86989116668701,"Female"
"9004153",371987,2025-06-29 11:10:12,42.599739074707,-8.8690824508667,"Female"
"9004153",371987,2025-06-29 11:16:04,42.599193572998,-8.86825561523438,"Female"
"9004153",371987,2025-06-29 11:21:24,42.5980834960938,-8.86824035644531,"Female"
"9004153",371987,2025-06-29 11:26:08,42.5977478027344,-8.86851215362549,"Female"
"9004153",371987,2025-06-29 11:30:59,42.5977973937988,-8.86845588684082,"Female"
"9004153",371987,2025-06-29 11:35:59,42.5976905822754,-8.86848640441895,"Female"
"9004153",371987,2025-06-29 11:41:14,42.5979270935059,-8.86828804016113,"Female"
"9004153",371987,2025-06-29 11:45:50,42.5979499816895,-8.86826324462891,"Female"
"9004153",371987,2025-06-29 11:51:00,42.5979194641113,-8.8682336807251,"Female"
"9004153",371987,2025-06-29 11:56:00,42.5979194641113,-8.86826705932617,"Female"
"9004153",371987,2025-06-29 12:01:23,42.597972869873,-8.86805725097656,"Female"
"9004153",371987,2025-06-29 12:05:49,42.5979690551758,-8.86801242828369,"Female"
"9004153",371987,2025-06-29 12:10:49,42.5980033874512,-8.8680534362793,"Female"
"9004153",371987,2025-06-29 12:15:49,42.5980033874512,-8.86796951293945,"Female"
"9004153",371987,2025-06-29 12:20:49,42.597972869873,-8.86796855926514,"Female"
"9004153",371987,2025-06-29 12:25:49,42.5980339050293,-8.86787891387939,"Female"
"9004153",371987,2025-06-29 12:30:49,42.5980072021484,-8.86789417266846,"Female"
"9004153",371987,2025-06-29 12:35:49,42.5979690551758,-8.86804389953613,"Female"
"9004153",371987,2025-06-29 12:40:49,42.5979042053223,-8.86816024780273,"Female"
"9004153",371987,2025-06-29 12:45:50,42.5983619689941,-8.86737823486328,"Female"
"9004153",371987,2025-06-29 12:50:51,42.5981178283691,-8.86782073974609,"Female"
"9004153",371987,2025-06-29 12:55:52,42.598087310791,-8.86793327331543,"Female"
"9004153",371987,2025-06-29 13:01:01,42.5979843139648,-8.86806297302246,"Female"
"9004153",371987,2025-06-29 13:05:50,42.5979347229004,-8.86816310882568,"Female"
"9004153",371987,2025-06-29 13:11:03,42.597972869873,-8.8680591583252,"Female"
"9004153",371987,2025-06-29 13:15:49,42.5979957580566,-8.86809349060059,"Female"
"9004153",371987,2025-06-29 13:20:50,42.5978317260742,-8.86826515197754,"Female"
"9004153",371987,2025-06-29 13:25:50,42.5978317260742,-8.86832046508789,"Female"
"9004153",371987,2025-06-29 13:30:49,42.5979766845703,-8.86810493469238,"Female"
"9004153",371987,2025-06-29 13:35:50,42.5988922119141,-8.87078475952148,"Female"
"9004153",371987,2025-06-29 13:40:52,42.59814453125,-8.87191200256348,"Female"
"9004153",371987,2025-06-29 13:45:50,42.5980796813965,-8.87181091308594,"Female"
"9004153",371987,2025-06-29 13:50:52,42.597972869873,-8.87227916717529,"Female"
"9004153",371987,2025-06-29 13:56:11,42.5971145629883,-8.87278079986572,"Female"
"9004153",371987,2025-06-29 14:00:49,42.5971488952637,-8.87276554107666,"Female"
"9004153",371987,2025-06-29 14:05:49,42.5971221923828,-8.87279605865479,"Female"
"9004153",371987,2025-06-29 14:10:49,42.597110748291,-8.8727388381958,"Female"
"9004153",371987,2025-06-29 14:15:49,42.5971336364746,-8.87269973754883,"Female"
"9004153",371987,2025-06-29 14:20:49,42.5971069335938,-8.87279796600342,"Female"
"9004153",371987,2025-06-29 14:26:13,42.5971221923828,-8.87281513214111,"Female"
"9004153",371987,2025-06-29 14:30:49,42.5971488952637,-8.87284088134766,"Female"
"9004153",371987,2025-06-29 14:35:49,42.5971832275391,-8.87283420562744,"Female"
"9004153",371987,2025-06-29 14:40:49,42.59716796875,-8.87279891967773,"Female"
"9004153",371987,2025-06-29 14:46:14,42.5971298217773,-8.87276268005371,"Female"
"9004153",371987,2025-06-29 14:50:49,42.5970840454102,-8.87278270721436,"Female"
"9004153",371987,2025-06-29 14:55:49,42.5972747802734,-8.8728723526001,"Female"
"9004153",371987,2025-06-29 15:00:49,42.5973052978516,-8.87291240692139,"Female"
"9004153",371987,2025-06-29 15:05:49,42.5969390869141,-8.87258338928223,"Female"
"9004153",371987,2025-06-29 15:10:50,42.5970115661621,-8.87271022796631,"Female"
"9004153",371987,2025-06-29 15:15:49,42.5967597961426,-8.87251949310303,"Female"
"9004153",371987,2025-06-29 15:20:54,42.5973663330078,-8.8729887008667,"Female"
"9004153",371987,2025-06-29 15:25:51,42.597728729248,-8.87298488616943,"Female"
"9004153",371987,2025-06-29 15:33:36,42.5975036621094,-8.87391757965088,"Female"
"9004153",371987,2025-06-29 15:38:04,42.6036376953125,-8.87638473510742,"Female"
"9004153",371987,2025-06-29 15:43:03,42.6014060974121,-8.87403869628906,"Female"
"9004153",371987,2025-06-29 15:48:03,42.601390838623,-8.87403678894043,"Female"
"9004153",371987,2025-06-29 15:53:04,42.6014747619629,-8.8741979598999,"Female"
"9004153",371987,2025-06-29 15:58:04,42.6015472412109,-8.87430667877197,"Female"
"9004153",371987,2025-06-29 16:03:13,42.6015281677246,-8.8742733001709,"Female"
"9004153",371987,2025-06-29 16:08:03,42.6014595031738,-8.87413311004639,"Female"
"9004153",371987,2025-06-29 16:13:03,42.6015281677246,-8.8742504119873,"Female"
"9004153",371987,2025-06-29 16:18:03,42.6013870239258,-8.87400054931641,"Female"
"9004153",371987,2025-06-29 16:23:04,42.6013946533203,-8.87405014038086,"Female"
"9004153",371987,2025-06-29 16:28:03,42.601390838623,-8.87394714355469,"Female"
"9004153",371987,2025-06-29 16:33:03,42.6015472412109,-8.87442016601562,"Female"
"9004153",371987,2025-06-29 16:38:04,42.6015510559082,-8.8743782043457,"Female"
"9004153",371987,2025-06-29 16:43:35,42.601490020752,-8.87423038482666,"Female"
"9004153",371987,2025-06-29 16:48:35,42.6018447875977,-8.87451648712158,"Female"
"9004153",371987,2025-06-29 16:53:33,42.6014175415039,-8.87658786773682,"Female"
"9004153",371987,2025-06-29 16:58:33,42.6014175415039,-8.876633644104,"Female"
"9004153",371987,2025-06-29 17:03:33,42.6014671325684,-8.87659454345703,"Female"
"9004153",371987,2025-06-29 17:08:33,42.6013984680176,-8.87671661376953,"Female"
"9004153",371987,2025-06-29 17:13:33,42.6014213562012,-8.87660884857178,"Female"
"9004153",371987,2025-06-29 17:18:33,42.6014518737793,-8.87661457061768,"Female"
"9004153",371987,2025-06-29 17:23:34,42.6014366149902,-8.87663459777832,"Female"
"9004153",371987,2025-06-29 17:28:33,42.6014633178711,-8.87668609619141,"Female"
"9004153",371987,2025-06-29 17:33:33,42.6014289855957,-8.87669277191162,"Female"
"9004153",371987,2025-06-29 17:38:36,42.6014137268066,-8.87655639648438,"Female"
"9004153",371987,2025-06-29 17:43:33,42.6013946533203,-8.87648105621338,"Female"
"9004153",371987,2025-06-29 17:48:33,42.601490020752,-8.87668323516846,"Female"
"9004153",371987,2025-06-29 17:53:34,42.601448059082,-8.876540184021,"Female"
"9004153",371987,2025-06-29 17:58:42,42.6014823913574,-8.8767147064209,"Female"
"9004153",371987,2025-06-29 18:03:34,42.6014976501465,-8.87668037414551,"Female"
"9004153",371987,2025-06-29 18:08:33,42.6015357971191,-8.87674903869629,"Female"
"9004153",371987,2025-06-29 18:13:34,42.6014289855957,-8.87660121917725,"Female"
"9004153",371987,2025-06-29 18:18:34,42.6013984680176,-8.87656497955322,"Female"
"9004153",371987,2025-06-29 18:23:37,42.6014442443848,-8.87666893005371,"Female"
"9004153",371987,2025-06-29 18:29:05,42.601432800293,-8.87662124633789,"Female"
"9004153",371987,2025-06-29 18:33:34,42.6014213562012,-8.87664794921875,"Female"
"9004153",371987,2025-06-29 18:38:34,42.601432800293,-8.87666606903076,"Female"
"9004153",371987,2025-06-29 18:43:34,42.6014518737793,-8.87667942047119,"Female"
"9004153",371987,2025-06-29 18:48:34,42.601390838623,-8.87666988372803,"Female"
"9004153",371987,2025-06-29 18:53:34,42.6015090942383,-8.87661075592041,"Female"
"9004153",371987,2025-06-29 18:58:33,42.601432800293,-8.87664318084717,"Female"
"9004153",371987,2025-06-29 19:03:32,42.6015243530273,-8.87663841247559,"Female"
"9004153",371987,2025-06-29 19:08:33,42.6022186279297,-8.87672519683838,"Female"
"9004153",371987,2025-06-29 19:13:33,42.6023178100586,-8.87674140930176,"Female"
"9004153",371987,2025-06-29 19:18:33,42.6023216247559,-8.87672328948975,"Female"
"9004153",371987,2025-06-29 19:23:33,42.6022987365723,-8.87673282623291,"Female"
"9004153",371987,2025-06-29 19:28:33,42.602294921875,-8.87673759460449,"Female"
"9004153",371987,2025-06-29 19:33:41,42.6023368835449,-8.87673377990723,"Female"
"9004153",371987,2025-06-29 19:38:33,42.6023826599121,-8.8766508102417,"Female"
"9004153",371987,2025-06-29 19:43:33,42.6023025512695,-8.87673377990723,"Female"
"9004153",371987,2025-06-29 19:48:33,42.6023750305176,-8.8766565322876,"Female"
"9004153",371987,2025-06-29 19:53:33,42.6023635864258,-8.87664318084717,"Female"
"9004153",371987,2025-06-29 19:58:33,42.6023559570312,-8.87670803070068,"Female"
"9004153",371987,2025-06-29 20:03:33,42.6023788452148,-8.87664985656738,"Female"
"9004153",371987,2025-06-29 20:08:33,42.6023788452148,-8.87655639648438,"Female"
"9004153",371987,2025-06-29 20:13:34,42.6014366149902,-8.87669277191162,"Female"
"9004153",371987,2025-06-29 20:18:39,42.6014060974121,-8.87655162811279,"Female"
"9004153",371987,2025-06-29 20:23:33,42.6014671325684,-8.87664031982422,"Female"
"9004153",371987,2025-06-29 20:28:37,42.6014518737793,-8.87664985656738,"Female"
"9004153",371987,2025-06-29 20:34:05,42.6014251708984,-8.87663173675537,"Female"
"9004153",371987,2025-06-29 20:38:33,42.6013946533203,-8.87669372558594,"Female"
"9004153",371987,2025-06-29 20:43:34,42.6013870239258,-8.876633644104,"Female"
"9004153",371987,2025-06-29 20:49:39,42.6014862060547,-8.87664604187012,"Female"
"9004153",371987,2025-06-29 20:54:39,42.6014175415039,-8.87661170959473,"Female"
"9004153",371987,2025-06-29 20:59:39,42.6013984680176,-8.87663078308105,"Female"
"9004153",371987,2025-06-29 21:04:39,42.6013221740723,-8.87658214569092,"Female"
"9004153",371987,2025-06-29 21:09:39,42.6014137268066,-8.87663745880127,"Female"
"9004153",371987,2025-06-29 21:14:56,42.6013565063477,-8.8766508102417,"Female"
"9004153",371987,2025-06-29 21:19:49,42.6013641357422,-8.87662887573242,"Female"
"9004153",371987,2025-06-29 21:24:41,42.6013946533203,-8.87662029266357,"Female"
"9004153",371987,2025-06-29 21:29:39,42.6014213562012,-8.87663078308105,"Female"
"9004153",371987,2025-06-29 21:34:40,42.6014137268066,-8.87664127349854,"Female"
"9004153",371987,2025-06-29 21:39:39,42.6013488769531,-8.87661361694336,"Female"
"9004153",371987,2025-06-29 21:44:39,42.6013946533203,-8.87664604187012,"Female"
"9004153",371987,2025-06-29 21:49:39,42.6014556884766,-8.87664031982422,"Female"
"9004153",371987,2025-06-29 21:54:39,42.601448059082,-8.87665748596191,"Female"
"9004153",371987,2025-06-29 21:59:39,42.6014442443848,-8.87661552429199,"Female"
"9004153",371987,2025-06-29 22:04:49,42.6014099121094,-8.87668514251709,"Female"
"9004153",371987,2025-06-29 22:09:40,42.6014366149902,-8.87668514251709,"Female"
"9004153",371987,2025-06-29 22:14:42,42.6014022827148,-8.8766450881958,"Female"
"9004153",371987,2025-06-29 22:19:39,42.6013603210449,-8.87656593322754,"Female"
"9004153",371987,2025-06-29 22:24:39,42.5982093811035,-8.87292003631592,"Female"
"9004153",371987,2025-06-29 22:29:40,42.5979766845703,-8.87301635742188,"Female"
"9004153",371987,2025-06-29 22:34:39,42.6004333496094,-8.88075733184814,"Female"
"9004153",371987,2025-06-29 22:39:39,42.5930290222168,-8.88538837432861,"Female"
"9004153",371987,2025-06-29 22:44:40,42.593017578125,-8.88608074188232,"Female"
"9004153",371987,2025-06-29 22:49:39,42.5930862426758,-8.88657665252686,"Female"
"9004153",371987,2025-06-29 22:54:39,42.5931587219238,-8.88710403442383,"Female"
"9004153",371987,2025-06-29 22:59:39,42.5933799743652,-8.88751697540283,"Female"
"9004153",371987,2025-06-29 23:04:39,42.5774002075195,-8.90959930419922,"Female"
"9004153",371987,2025-06-29 23:09:40,42.5770034790039,-8.90996837615967,"Female"
"9004153",371987,2025-06-29 23:14:40,42.5765647888184,-8.91025829315186,"Female"
"9004153",371987,2025-06-29 23:19:43,42.5762405395508,-8.91064357757568,"Female"
"9004153",371987,2025-06-29 23:25:05,42.5757484436035,-8.91109180450439,"Female"
"9004153",371987,2025-06-29 23:29:39,42.5754127502441,-8.91155624389648,"Female"
"9004153",371987,2025-06-29 23:34:39,42.5750503540039,-8.91191005706787,"Female"
"9004153",371987,2025-06-29 23:39:39,42.5746116638184,-8.91234016418457,"Female"
"9004153",371987,2025-06-29 23:44:39,42.5670013427734,-8.92427158355713,"Female"
"9004153",371987,2025-06-29 23:49:39,42.5559959411621,-8.9405460357666,"Female"
"9004153",371987,2025-06-29 23:54:39,42.5542068481445,-8.94354820251465,"Female"
"9004153",371987,2025-06-29 23:59:39,42.5564155578613,-8.94356060028076,"Female"
"9004153",371987,2025-06-30 00:04:39,42.5535583496094,-8.933424949646,"Female"
"9004153",371987,2025-06-30 00:09:39,42.555591583252,-8.93106746673584,"Female"
"9004153",371987,2025-06-30 00:14:39,42.556209564209,-8.93102931976318,"Female"
"9004153",371987,2025-06-30 00:19:39,42.5571670532227,-8.93029975891113,"Female"
"9004153",371987,2025-06-30 00:24:39,42.5577087402344,-8.92878246307373,"Female"
"9004153",371987,2025-06-30 00:29:39,42.558048248291,-8.92869091033936,"Female"
"9004153",371987,2025-06-30 00:34:46,42.5586929321289,-8.92948627471924,"Female"
"9004153",371987,2025-06-30 00:39:47,42.5587425231934,-8.93000793457031,"Female"
"9004153",371987,2025-06-30 00:44:39,42.5589065551758,-8.93036079406738,"Female"
"9004153",371987,2025-06-30 00:49:40,42.558895111084,-8.9307165145874,"Female"
"9004153",371987,2025-06-30 00:54:40,42.558952331543,-8.93120384216309,"Female"
"9004153",371987,2025-06-30 00:59:40,42.5590591430664,-8.93180561065674,"Female"
"9004153",371987,2025-06-30 01:04:46,42.5591278076172,-8.93209171295166,"Female"
"9004153",371987,2025-06-30 01:10:04,42.5591430664062,-8.93231678009033,"Female"
"9004153",371987,2025-06-30 01:14:39,42.5592041015625,-8.93250370025635,"Female"
"9004153",371987,2025-06-30 01:19:39,42.559326171875,-8.93285083770752,"Female"
"9004153",371987,2025-06-30 01:24:39,42.5594062805176,-8.93312835693359,"Female"
"9004153",371987,2025-06-30 01:29:39,42.5593757629395,-8.93341255187988,"Female"
"9004153",371987,2025-06-30 01:34:39,42.559398651123,-8.93370914459229,"Female"
"9004153",371987,2025-06-30 01:39:39,42.5593452453613,-8.93398284912109,"Female"
"9004153",371987,2025-06-30 01:44:39,42.5593109130859,-8.93411922454834,"Female"
"9004153",371987,2025-06-30 01:49:39,42.5592956542969,-8.93370532989502,"Female"
"9004153",371987,2025-06-30 01:54:39,42.5593070983887,-8.93350696563721,"Female"
"9004153",371987,2025-06-30 01:59:39,42.5591201782227,-8.93363761901855,"Female"
"9004153",371987,2025-06-30 02:04:39,42.5589141845703,-8.93370056152344,"Female"
"9004153",371987,2025-06-30 02:09:40,42.5588798522949,-8.93381023406982,"Female"
"9004153",371987,2025-06-30 02:14:40,42.558837890625,-8.9341344833374,"Female"
"9004153",371987,2025-06-30 02:19:40,42.5588264465332,-8.93436145782471,"Female"
"9004153",371987,2025-06-30 02:25:03,42.5588760375977,-8.93451595306396,"Female"
"9004153",371987,2025-06-30 02:29:39,42.5589447021484,-8.93462181091309,"Female"
"9004153",371987,2025-06-30 02:34:39,42.5590972900391,-8.9348087310791,"Female"
"9004153",371987,2025-06-30 02:39:39,42.5592498779297,-8.9349193572998,"Female"
"9004153",371987,2025-06-30 02:44:39,42.5593605041504,-8.93489742279053,"Female"
"9004153",371987,2025-06-30 02:49:39,42.5596084594727,-8.93508243560791,"Female"
"9004153",371987,2025-06-30 02:54:40,42.5595932006836,-8.93503379821777,"Female"
"9004153",371987,2025-06-30 02:59:39,42.5596199035645,-8.93498420715332,"Female"
"9004153",371987,2025-06-30 03:04:39,42.5596961975098,-8.93500518798828,"Female"
"9004153",371987,2025-06-30 03:09:41,42.559455871582,-8.93466377258301,"Female"
"9004153",371987,2025-06-30 03:14:41,42.5597114562988,-8.93482494354248,"Female"
"9004153",371987,2025-06-30 03:19:39,42.5595359802246,-8.93463802337646,"Female"
"9004153",371987,2025-06-30 03:24:39,42.5597648620605,-8.93454170227051,"Female"
"9004153",371987,2025-06-30 03:29:39,42.5599632263184,-8.93448066711426,"Female"
"9004153",371987,2025-06-30 03:34:40,42.5598678588867,-8.93391036987305,"Female"
"9004153",371987,2025-06-30 03:39:42,42.560188293457,-8.93427753448486,"Female"
"9004153",371987,2025-06-30 03:44:40,42.5601501464844,-8.93398857116699,"Female"
"9004153",371987,2025-06-30 03:49:42,42.560359954834,-8.93405055999756,"Female"
"9004153",371987,2025-06-30 03:54:41,42.5605697631836,-8.93410873413086,"Female"
"9004153",371987,2025-06-30 03:59:42,42.5604209899902,-8.93359279632568,"Female"
"9004153",371987,2025-06-30 04:04:49,42.5605278015137,-8.93326377868652,"Female"
"9004153",371987,2025-06-30 04:09:41,42.5607795715332,-8.93350505828857,"Female"
"9004153",371987,2025-06-30 04:14:49,42.5607490539551,-8.93325424194336,"Female"
"9004153",371987,2025-06-30 04:19:49,42.5603828430176,-8.9353666305542,"Female"
"9004153",371987,2025-06-30 04:25:05,42.5488586425781,-8.93883037567139,"Female"
"9004153",371987,2025-06-30 04:29:39,42.5488815307617,-8.93881893157959,"Female"
"9004153",371987,2025-06-30 04:34:39,42.5487976074219,-8.93879890441895,"Female"
"9004153",371987,2025-06-30 04:39:39,42.5488662719727,-8.93889999389648,"Female"
"9004153",371987,2025-06-30 04:44:39,42.5488891601562,-8.93894004821777,"Female"
"9004153",371987,2025-06-30 04:49:39,42.5489120483398,-8.93891525268555,"Female"
"9004153",371987,2025-06-30 04:54:39,42.5488967895508,-8.93886184692383,"Female"
"9004153",371987,2025-06-30 04:59:39,42.5489082336426,-8.93882465362549,"Female"
"9004153",371987,2025-06-30 05:04:39,42.5488967895508,-8.93888092041016,"Female"
"9004153",371987,2025-06-30 05:09:39,42.5489158630371,-8.93885326385498,"Female"
"9004153",371987,2025-06-30 05:14:49,42.5488357543945,-8.93879127502441,"Female"
"9004153",371987,2025-06-30 05:19:50,42.5488204956055,-8.93877506256104,"Female"
"9004153",371987,2025-06-30 05:25:05,42.5488395690918,-8.93881034851074,"Female"
"9004153",371987,2025-06-30 05:29:39,42.5488815307617,-8.93888759613037,"Female"
"9004153",371987,2025-06-30 05:34:39,42.5488929748535,-8.93892192840576,"Female"
"9004153",371987,2025-06-30 05:39:39,42.5489616394043,-8.93897438049316,"Female"
"9004153",371987,2025-06-30 05:44:39,42.5489540100098,-8.93898010253906,"Female"
"9004153",371987,2025-06-30 05:49:40,42.5489692687988,-8.93902015686035,"Female"
"9004153",371987,2025-06-30 05:54:39,42.5492706298828,-8.93935680389404,"Female"
"9004153",371987,2025-06-30 05:59:39,42.5490913391113,-8.93915557861328,"Female"
"9004153",371987,2025-06-30 06:04:38,42.5489845275879,-8.93898963928223,"Female"
"9004153",371987,2025-06-30 06:09:42,42.5490608215332,-8.93911552429199,"Female"
"9004153",371987,2025-06-30 06:14:39,42.5489120483398,-8.93893051147461,"Female"
"9004153",371987,2025-06-30 06:19:39,42.5489540100098,-8.93893432617188,"Female"
"9004153",371987,2025-06-30 06:24:39,42.5489654541016,-8.93895435333252,"Female"
"9004153",371987,2025-06-30 06:29:46,42.5489311218262,-8.93885612487793,"Female"
"9004153",371987,2025-06-30 06:34:39,42.5488967895508,-8.93879508972168,"Female"
"9004153",371987,2025-06-30 06:39:48,42.5489273071289,-8.93884181976318,"Female"
"9004153",371987,2025-06-30 06:44:40,42.5488891601562,-8.93881416320801,"Female"
"9004153",371987,2025-06-30 06:49:48,42.5488929748535,-8.93878173828125,"Female"
"9004153",371987,2025-06-30 06:54:38,42.5489196777344,-8.93889808654785,"Female"
"9004153",371987,2025-06-30 06:59:48,42.548942565918,-8.93889141082764,"Female"
"9004153",371987,2025-06-30 07:04:39,42.5488929748535,-8.93890285491943,"Female"
"9004153",371987,2025-06-30 07:09:49,42.5489730834961,-8.93859672546387,"Female"
"9004153",371987,2025-06-30 07:15:05,42.5489082336426,-8.93883037567139,"Female"
"9004153",371987,2025-06-30 07:19:39,42.5489044189453,-8.93884658813477,"Female"
"9004153",371987,2025-06-30 07:24:39,42.5488700866699,-8.93881702423096,"Female"
"9004153",371987,2025-06-30 07:29:39,42.5488891601562,-8.93882846832275,"Female"
"9004153",371987,2025-06-30 07:34:39,42.5488815307617,-8.93881893157959,"Female"
"9004153",371987,2025-06-30 07:39:39,42.548900604248,-8.93887138366699,"Female"
"9004153",371987,2025-06-30 07:44:39,42.5480194091797,-8.93905639648438,"Female"
"9004153",371987,2025-06-30 07:49:41,42.5486221313477,-8.93785285949707,"Female"
"9004153",371987,2025-06-30 07:54:39,42.5484390258789,-8.93770885467529,"Female"
"9004153",371987,2025-06-30 07:59:39,42.549186706543,-8.93829345703125,"Female"
"9004153",371987,2025-06-30 08:04:38,42.5491142272949,-8.93825531005859,"Female"
"9004153",371987,2025-06-30 08:09:39,42.5491180419922,-8.93836116790771,"Female"
"9004153",371987,2025-06-30 08:14:38,42.5491561889648,-8.93832778930664,"Female"
"9004153",371987,2025-06-30 08:19:39,42.5491600036621,-8.93836307525635,"Female"
"9004153",371987,2025-06-30 08:24:38,42.549186706543,-8.93834018707275,"Female"
"9004153",371987,2025-06-30 08:29:39,42.5491676330566,-8.93835067749023,"Female"
"9004153",371987,2025-06-30 08:34:39,42.5491523742676,-8.93832397460938,"Female"
"9004153",371987,2025-06-30 08:39:39,42.5491142272949,-8.93831729888916,"Female"
"9004153",371987,2025-06-30 08:44:39,42.5491561889648,-8.93832302093506,"Female"
"9004153",371987,2025-06-30 08:51:49,42.5490074157715,-8.93816471099854,"Female"
"9004153",371987,2025-06-30 08:57:06,42.548885345459,-8.93849754333496,"Female"
"9004153",371987,2025-06-30 09:02:03,42.5493774414062,-8.93857097625732,"Female"
"9004153",371987,2025-06-30 09:07:02,42.5494537353516,-8.93859004974365,"Female"
"9004153",371987,2025-06-30 09:12:13,42.5492820739746,-8.93835639953613,"Female"
"9004153",371987,2025-06-30 09:17:02,42.5490951538086,-8.93863582611084,"Female"
"9004153",371987,2025-06-30 09:22:01,42.5490608215332,-8.93859767913818,"Female"
"9004153",371987,2025-06-30 09:27:03,42.5489616394043,-8.93832206726074,"Female"
"9004153",371987,2025-06-30 09:32:02,42.5490531921387,-8.93859767913818,"Female"
"9004153",371987,2025-06-30 09:37:03,42.5490188598633,-8.93844413757324,"Female"
"9004153",371987,2025-06-30 09:42:02,42.5490531921387,-8.93858051300049,"Female"
"9004153",371987,2025-06-30 09:47:12,42.5489501953125,-8.93837738037109,"Female"
"9004153",371987,2025-06-30 09:52:02,42.5489616394043,-8.93846416473389,"Female"
"9004153",371987,2025-06-30 09:57:03,42.5489501953125,-8.93840503692627,"Female"
"9004153",371987,2025-06-30 10:02:08,42.5488586425781,-8.93848323822021,"Female"
"9004153",371987,2025-06-30 10:07:08,42.548900604248,-8.93841361999512,"Female"
"9004153",371987,2025-06-30 10:12:03,42.5489044189453,-8.93838119506836,"Female"
"9004153",371987,2025-06-30 10:17:02,42.5489807128906,-8.93851661682129,"Female"
"9004153",371987,2025-06-30 10:22:05,42.5488891601562,-8.93840312957764,"Female"
"9004153",371987,2025-06-30 10:27:08,42.548900604248,-8.93825912475586,"Female"
"9004153",371987,2025-06-30 10:32:14,42.5489654541016,-8.93840599060059,"Female"
"9004153",371987,2025-06-30 10:37:02,42.5489768981934,-8.9384937286377,"Female"
"9004153",371987,2025-06-30 10:42:02,42.5489387512207,-8.93829250335693,"Female"
"9004153",371987,2025-06-30 10:47:05,42.5490074157715,-8.93836402893066,"Female"
"9004153",371987,2025-06-30 10:52:02,42.5490798950195,-8.93848705291748,"Female"
"9004153",371987,2025-06-30 10:57:02,42.5494346618652,-8.93870258331299,"Female"
"9004153",371987,2025-06-30 11:02:02,42.549144744873,-8.9382905960083,"Female"
"9004153",371987,2025-06-30 11:07:02,42.5492858886719,-8.93830490112305,"Female"
"9004153",371987,2025-06-30 11:12:02,42.5491638183594,-8.93839263916016,"Female"
"9004153",371987,2025-06-30 11:17:05,42.5491561889648,-8.93780708312988,"Female"
"9004153",371987,2025-06-30 11:22:03,42.5490989685059,-8.93784999847412,"Female"
"9004153",371987,2025-06-30 11:27:02,42.5490455627441,-8.93784999847412,"Female"
"9004153",371987,2025-06-30 11:32:14,42.5489387512207,-8.937912940979,"Female"
"9004153",371987,2025-06-30 11:37:08,42.5490989685059,-8.93782138824463,"Female"
"9004153",371987,2025-06-30 11:42:08,42.5487976074219,-8.93812370300293,"Female"
"9004153",371987,2025-06-30 11:47:06,42.5489540100098,-8.93797969818115,"Female"
"9004153",371987,2025-06-30 11:52:02,42.5488967895508,-8.93785953521729,"Female"
"9004153",371987,2025-06-30 11:57:08,42.5490226745605,-8.93789958953857,"Female"
"9004153",371987,2025-06-30 12:02:08,42.5490646362305,-8.93792915344238,"Female"
"9004153",371987,2025-06-30 12:07:08,42.5490875244141,-8.93777751922607,"Female"
"9004153",371987,2025-06-30 12:12:08,42.5489158630371,-8.93789863586426,"Female"
"9004153",371987,2025-06-30 12:17:08,42.5490112304688,-8.93785095214844,"Female"
"9004153",371987,2025-06-30 12:22:08,42.5489349365234,-8.93809700012207,"Female"
"9004153",371987,2025-06-30 12:27:08,42.549015045166,-8.93795490264893,"Female"
"9004153",371987,2025-06-30 12:32:15,42.5489768981934,-8.93784046173096,"Female"
"9004153",371987,2025-06-30 12:37:08,42.5489959716797,-8.93781185150146,"Female"
"9004153",371987,2025-06-30 12:42:08,42.549015045166,-8.93787097930908,"Female"
"9004153",371987,2025-06-30 12:47:08,42.5490036010742,-8.93775463104248,"Female"
"9004153",371987,2025-06-30 12:52:08,42.5490646362305,-8.93792629241943,"Female"
"9004153",371987,2025-06-30 12:57:35,42.5490837097168,-8.93787002563477,"Female"
"9004153",371987,2025-06-30 13:02:01,42.5506210327148,-8.93718528747559,"Female"
"9004153",371987,2025-06-30 13:07:01,42.5519065856934,-8.93647384643555,"Female"
"9004153",371987,2025-06-30 13:12:01,42.5530242919922,-8.93547534942627,"Female"
"9004153",371987,2025-06-30 13:17:01,42.5534324645996,-8.93429374694824,"Female"
"9004153",371987,2025-06-30 13:22:49,42.5450439453125,-8.91000747680664,"Female"
"9004153",371987,2025-06-30 13:28:44,42.5446357727051,-8.8905086517334,"Female"
"9004153",371987,2025-06-30 13:34:18,42.5459251403809,-8.88947772979736,"Female"
"9004153",371987,2025-06-30 13:40:19,42.5470809936523,-8.88755893707275,"Female"
"9004153",371987,2025-06-30 13:45:36,42.5478401184082,-8.88590145111084,"Female"
"9004153",371987,2025-06-30 13:50:43,42.5487594604492,-8.8845043182373,"Female"
"9004153",371987,2025-06-30 13:56:28,42.5509986877441,-8.88265609741211,"Female"
"9004153",371987,2025-06-30 14:01:27,42.5505256652832,-8.88263893127441,"Female"
"9004153",371987,2025-06-30 14:07:04,42.5504608154297,-8.88396453857422,"Female"
"9004153",371987,2025-06-30 14:11:51,42.5504760742188,-8.88398551940918,"Female"
"9004153",371987,2025-06-30 14:16:50,42.5505218505859,-8.88395977020264,"Female"
"9004153",371987,2025-06-30 14:21:51,42.5504417419434,-8.88391876220703,"Female"
"9004153",371987,2025-06-30 14:26:50,42.550464630127,-8.88392448425293,"Female"
"9004153",371987,2025-06-30 14:31:52,42.5504341125488,-8.8838996887207,"Female"
"9004153",371987,2025-06-30 14:36:52,42.5504264831543,-8.88389778137207,"Female"
"9004153",371987,2025-06-30 14:41:54,42.5506591796875,-8.88407421112061,"Female"
"9004153",371987,2025-06-30 14:46:58,42.5504951477051,-8.88392925262451,"Female"
"9004153",371987,2025-06-30 14:52:13,42.5505142211914,-8.88395023345947,"Female"
"9004153",371987,2025-06-30 14:56:50,42.550422668457,-8.88385200500488,"Female"
"9004153",371987,2025-06-30 15:01:51,42.5504455566406,-8.88382625579834,"Female"
"9004153",371987,2025-06-30 15:06:50,42.5503730773926,-8.88377857208252,"Female"
"9004153",371987,2025-06-30 15:11:50,42.5502548217773,-8.88361835479736,"Female"
"9004153",371987,2025-06-30 15:16:51,42.5503005981445,-8.88369369506836,"Female"
"9004153",371987,2025-06-30 15:21:53,42.5503234863281,-8.88360595703125,"Female"
"9004153",371987,2025-06-30 15:26:51,42.5504913330078,-8.88393688201904,"Female"
"9004153",371987,2025-06-30 15:31:57,42.5503807067871,-8.88384819030762,"Female"
"9004153",371987,2025-06-30 15:36:53,42.5505142211914,-8.88409519195557,"Female"
"9004153",371987,2025-06-30 15:41:50,42.5503692626953,-8.88382720947266,"Female"
"9004153",371987,2025-06-30 15:47:14,42.5504341125488,-8.88386631011963,"Female"
"9004153",371987,2025-06-30 15:51:54,42.5504608154297,-8.88385677337646,"Female"
"9004153",371987,2025-06-30 15:57:31,42.550407409668,-8.88383102416992,"Female"
"9004153",371987,2025-06-30 16:01:58,42.5503883361816,-8.88385677337646,"Female"
"9004153",371987,2025-06-30 16:06:52,42.55029296875,-8.8837194442749,"Female"
"9004153",371987,2025-06-30 16:11:55,42.5503692626953,-8.8838415145874,"Female"
"9004153",371987,2025-06-30 16:16:54,42.5501976013184,-8.88376712799072,"Female"
"9004153",371987,2025-06-30 16:21:55,42.5503044128418,-8.88377952575684,"Female"
"9004153",371987,2025-06-30 16:26:58,42.5503120422363,-8.88387966156006,"Female"
"9004153",371987,2025-06-30 16:32:16,42.550350189209,-8.8837251663208,"Female"
"9004153",371987,2025-06-30 16:37:23,42.5503387451172,-8.88383960723877,"Female"
"9004153",371987,2025-06-30 16:41:50,42.5502128601074,-8.8839168548584,"Female"
"9004153",371987,2025-06-30 16:46:52,42.5503578186035,-8.88386917114258,"Female"
"9004153",371987,2025-06-30 16:51:54,42.5500297546387,-8.88352966308594,"Female"
"9004153",371987,2025-06-30 16:56:51,42.5503578186035,-8.88387203216553,"Female"
"9004153",371987,2025-06-30 17:01:50,42.5503082275391,-8.88392734527588,"Female"
"9004153",371987,2025-06-30 17:06:52,42.5502052307129,-8.88386249542236,"Female"
"9004153",371987,2025-06-30 17:11:50,42.550178527832,-8.88386154174805,"Female"
"9004153",371987,2025-06-30 17:16:50,42.550106048584,-8.88385391235352,"Female"
"9004153",371987,2025-06-30 17:21:50,42.5501670837402,-8.88387680053711,"Female"
"9004153",371987,2025-06-30 17:26:51,42.5498466491699,-8.88364315032959,"Female"
"9004153",371987,2025-06-30 17:32:14,42.5502395629883,-8.88387203216553,"Female"
"9004153",371987,2025-06-30 17:36:50,42.5502433776855,-8.8838529586792,"Female"
"9004153",371987,2025-06-30 17:41:50,42.5502700805664,-8.88388061523438,"Female"
"9004153",371987,2025-06-30 17:46:50,42.5502662658691,-8.88391590118408,"Female"
"9004153",371987,2025-06-30 17:51:50,42.5502433776855,-8.88388442993164,"Female"
"9004153",371987,2025-06-30 17:56:50,42.5502853393555,-8.88399887084961,"Female"
"9004153",371987,2025-06-30 18:01:50,42.5503005981445,-8.88398265838623,"Female"
"9004153",371987,2025-06-30 18:06:50,42.5502624511719,-8.88392925262451,"Female"
"9004153",371987,2025-06-30 18:11:50,42.5503387451172,-8.88399600982666,"Female"
"9004153",371987,2025-06-30 18:16:50,42.5502624511719,-8.88398933410645,"Female"
"9004153",371987,2025-06-30 18:21:50,42.5503044128418,-8.88411808013916,"Female"
"9004153",371987,2025-06-30 18:26:50,42.5514869689941,-8.88566207885742,"Female"
"9004153",371987,2025-06-30 18:32:14,42.5917625427246,-8.8830041885376,"Female"
"9004153",371987,2025-06-30 18:36:50,42.6014862060547,-8.87672233581543,"Female"
"9004153",371987,2025-06-30 18:41:53,42.6016044616699,-8.87668991088867,"Female"
"9004153",371987,2025-06-30 18:46:51,42.6015701293945,-8.87688732147217,"Female"
"9004153",371987,2025-06-30 18:51:51,42.6014633178711,-8.87659740447998,"Female"
"9004153",371987,2025-06-30 18:56:50,42.6015014648438,-8.87678813934326,"Female"
"9004153",371987,2025-06-30 19:01:50,42.6015815734863,-8.87695217132568,"Female"
"9004153",371987,2025-06-30 19:07:05,42.6023216247559,-8.87658882141113,"Female"
"9004153",371987,2025-06-30 19:12:23,42.6023445129395,-8.87665271759033,"Female"
"9004153",371987,2025-06-30 19:16:50,42.6023559570312,-8.87663841247559,"Female"
"9004153",371987,2025-06-30 19:21:50,42.602367401123,-8.87665843963623,"Female"
"9004153",371987,2025-06-30 19:26:51,42.602352142334,-8.87664985656738,"Female"
"9004153",371987,2025-06-30 19:31:50,42.6022796630859,-8.87672805786133,"Female"
"9004153",371987,2025-06-30 19:36:50,42.6023483276367,-8.87661457061768,"Female"
"9004153",371987,2025-06-30 19:41:50,42.6023483276367,-8.87668609619141,"Female"
"9004153",371987,2025-06-30 19:46:50,42.6023483276367,-8.87667083740234,"Female"
"9004153",371987,2025-06-30 19:51:50,42.6023368835449,-8.87665748596191,"Female"
"9004153",371987,2025-06-30 19:56:50,42.6023254394531,-8.87663841247559,"Female"
"9004153",371987,2025-06-30 20:01:50,42.6023139953613,-8.87669563293457,"Female"
"9004153",371987,2025-06-30 20:06:50,42.6024055480957,-8.876708984375,"Female"
"9004153",371987,2025-06-30 20:11:52,42.6022872924805,-8.87665271759033,"Female"
"9004153",371987,2025-06-30 20:17:09,42.6022987365723,-8.87668800354004,"Female"
"9004153",371987,2025-06-30 20:22:14,42.6023139953613,-8.87664985656738,"Female"
"9004153",371987,2025-06-30 20:26:51,42.6023063659668,-8.87636375427246,"Female"
"9004153",371987,2025-06-30 20:31:53,42.6021957397461,-8.876296043396,"Female"
"9004153",371987,2025-06-30 20:36:52,42.6018600463867,-8.87528133392334,"Female"
"9004153",371987,2025-06-30 20:41:57,42.6023178100586,-8.87672328948975,"Female"
"9004153",371987,2025-06-30 20:47:14,42.6022872924805,-8.87667560577393,"Female"
"9004153",371987,2025-06-30 20:51:51,42.6022911071777,-8.87651252746582,"Female"
"9004153",371987,2025-06-30 20:56:52,42.6013031005859,-8.87622356414795,"Female"
"9004153",371987,2025-06-30 21:01:51,42.6013679504395,-8.87666606903076,"Female"
"9004153",371987,2025-06-30 21:07:02,42.6013717651367,-8.87654304504395,"Female"
"9004153",371987,2025-06-30 21:11:52,42.6012649536133,-8.87613868713379,"Female"
"9004153",371987,2025-06-30 21:16:51,42.6013450622559,-8.87648868560791,"Female"
"9004153",371987,2025-06-30 21:21:54,42.6013984680176,-8.87655735015869,"Female"
"9004153",371987,2025-06-30 21:26:58,42.6013984680176,-8.87666893005371,"Female"
"9004153",371987,2025-06-30 21:32:14,42.6014213562012,-8.8767671585083,"Female"
"9004153",371987,2025-06-30 21:36:51,42.6013984680176,-8.87661552429199,"Female"
"9004153",371987,2025-06-30 21:42:00,42.6014595031738,-8.87686538696289,"Female"
"9004153",371987,2025-06-30 21:46:53,42.6014823913574,-8.87702751159668,"Female"
"9004153",371987,2025-06-30 21:51:50,42.6013946533203,-8.87654781341553,"Female"
"9004153",371987,2025-06-30 21:56:55,42.6014709472656,-8.87689781188965,"Female"
"9004153",371987,2025-06-30 22:01:51,42.601432800293,-8.87674331665039,"Female"
"9004153",371987,2025-06-30 22:06:55,42.6014175415039,-8.8764705657959,"Female"
"9004153",371987,2025-06-30 22:12:00,42.601490020752,-8.87685585021973,"Female"
"9004153",371987,2025-06-30 22:17:09,42.6014823913574,-8.87606811523438,"Female"
"9004153",371987,2025-06-30 22:22:14,42.6014709472656,-8.87636756896973,"Female"
"9004153",371987,2025-06-30 22:26:55,42.6014518737793,-8.87636566162109,"Female"
"9004153",371987,2025-06-30 22:31:57,42.6013832092285,-8.87660503387451,"Female"
"9004153",371987,2025-06-30 22:37:00,42.6014404296875,-8.87630081176758,"Female"
"9004153",371987,2025-06-30 22:41:53,42.6014862060547,-8.87716960906982,"Female"
"9004153",371987,2025-06-30 22:47:16,42.6013374328613,-8.87672805786133,"Female"
"9004153",371987,2025-06-30 22:51:55,42.601261138916,-8.87666416168213,"Female"
"9004153",371987,2025-06-30 22:56:58,42.6014060974121,-8.87678623199463,"Female"
"9004153",371987,2025-06-30 23:01:51,42.601448059082,-8.87696266174316,"Female"
"9004153",371987,2025-06-30 23:06:51,42.6014213562012,-8.87686252593994,"Female"
"9004153",371987,2025-06-30 23:12:08,42.6014404296875,-8.87660884857178,"Female"
"9004153",371987,2025-06-30 23:17:00,42.6013793945312,-8.87672901153564,"Female"
"9004153",371987,2025-06-30 23:22:12,42.6013221740723,-8.87688732147217,"Female"
"9004153",371987,2025-06-30 23:26:55,42.6013488769531,-8.87684440612793,"Female"
"9004153",371987,2025-06-30 23:32:12,42.601432800293,-8.87680149078369,"Female"
"9004153",371987,2025-06-30 23:36:50,42.6012840270996,-8.87670803070068,"Female"
"9004153",371987,2025-06-30 23:41:55,42.6014747619629,-8.8768310546875,"Female"
"9004153",371987,2025-06-30 23:46:53,42.6016082763672,-8.87700176239014,"Female"
"9004153",371987,2025-06-30 23:52:00,42.6014823913574,-8.87680530548096,"Female"
"9004153",371987,2025-06-30 23:56:51,42.601692199707,-8.87707042694092,"Female"
"9004153",371987,2025-07-01 00:02:00,42.6014442443848,-8.87693691253662,"Female"
"9004153",371987,2025-07-01 00:06:54,42.6011619567871,-8.87678241729736,"Female"
"9004153",371987,2025-07-01 00:11:59,42.6014747619629,-8.87697982788086,"Female"
"9004153",371987,2025-07-01 00:16:53,42.6014289855957,-8.87704753875732,"Female"
"9004153",371987,2025-07-01 00:22:15,42.6014633178711,-8.87665271759033,"Female"
"9004153",371987,2025-07-01 00:26:55,42.601432800293,-8.87661933898926,"Female"
"9004153",371987,2025-07-01 00:31:52,42.6013984680176,-8.87670612335205,"Female"
"9004153",371987,2025-07-01 00:36:55,42.6014404296875,-8.87668132781982,"Female"
"9004153",371987,2025-07-01 00:41:59,42.6014137268066,-8.87672328948975,"Female"
"9004153",371987,2025-07-01 00:47:15,42.6015167236328,-8.87663555145264,"Female"
"9004153",371987,2025-07-01 00:51:51,42.6016616821289,-8.87650012969971,"Female"
"9004153",371987,2025-07-01 00:57:08,42.6014823913574,-8.87663555145264,"Female"
"9004153",371987,2025-07-01 01:02:17,42.6015243530273,-8.87664604187012,"Female"
"9004153",371987,2025-07-01 01:06:54,42.6017417907715,-8.87653636932373,"Female"
"9004153",371987,2025-07-01 01:12:22,42.6014747619629,-8.87667369842529,"Female"
"9004153",371987,2025-07-01 01:16:50,42.6014060974121,-8.87660884857178,"Female"
"9004153",371987,2025-07-01 01:21:50,42.601448059082,-8.87660789489746,"Female"
"9004153",371987,2025-07-01 01:26:50,42.6013832092285,-8.87662315368652,"Female"
"9004153",371987,2025-07-01 01:31:50,42.6014595031738,-8.87665176391602,"Female"
"9004153",371987,2025-07-01 01:36:50,42.6014785766602,-8.87661170959473,"Female"
"9004153",371987,2025-07-01 01:41:50,42.601448059082,-8.87664222717285,"Female"
"9004153",371987,2025-07-01 01:46:50,42.6014137268066,-8.87656497955322,"Female"
"9004153",371987,2025-07-01 01:51:52,42.6014175415039,-8.87661838531494,"Female"
"9004153",371987,2025-07-01 01:56:50,42.6013717651367,-8.87662029266357,"Female"
"9004153",371987,2025-07-01 02:01:50,42.6014060974121,-8.87666797637939,"Female"
"9004153",371987,2025-07-01 02:06:50,42.6014137268066,-8.87665271759033,"Female"
"9004153",371987,2025-07-01 02:11:50,42.6014213562012,-8.87649822235107,"Female"
"9004153",371987,2025-07-01 02:16:50,42.6014289855957,-8.87662315368652,"Female"
"9004153",371987,2025-07-01 02:22:03,42.6014099121094,-8.8766450881958,"Female"
"9004153",371987,2025-07-01 02:26:50,42.6014289855957,-8.87664031982422,"Female"
"9004153",371987,2025-07-01 02:32:14,42.601390838623,-8.87657737731934,"Female"
"9004153",371987,2025-07-01 02:36:50,42.6014404296875,-8.87656497955322,"Female"
"9004153",371987,2025-07-01 02:41:50,42.601390838623,-8.87665462493896,"Female"
"9004153",371987,2025-07-01 02:46:50,42.601448059082,-8.87667560577393,"Female"
"9004153",371987,2025-07-01 02:51:50,42.601375579834,-8.87660312652588,"Female"
"9004153",371987,2025-07-01 02:56:50,42.6013832092285,-8.87658309936523,"Female"
"9004153",371987,2025-07-01 03:01:50,42.6013488769531,-8.87663269042969,"Female"
"9004153",371987,2025-07-01 03:06:51,42.6014213562012,-8.87667751312256,"Female"
"9004153",371987,2025-07-01 03:11:50,42.6013565063477,-8.87662696838379,"Female"
"9004153",371987,2025-07-01 03:16:50,42.6014060974121,-8.87656211853027,"Female"
"9004153",371987,2025-07-01 03:21:50,42.6014060974121,-8.87661457061768,"Female"
"9004153",371987,2025-07-01 03:26:52,42.601390838623,-8.87657737731934,"Female"
"9004153",371987,2025-07-01 03:32:14,42.6014175415039,-8.87660026550293,"Female"
"9004153",371987,2025-07-01 03:36:55,42.601375579834,-8.87657928466797,"Female"
"9004153",371987,2025-07-01 03:41:51,42.6012382507324,-8.8764705657959,"Female"
"9004153",371987,2025-07-01 03:46:50,42.6014175415039,-8.87666797637939,"Female"
"9004153",371987,2025-07-01 03:51:52,42.6015777587891,-8.87671089172363,"Female"
"9004153",371987,2025-07-01 03:56:55,42.6014213562012,-8.87657928466797,"Female"
"9004153",371987,2025-07-01 04:01:50,42.6013374328613,-8.8765983581543,"Female"
"9004153",371987,2025-07-01 04:06:55,42.6013717651367,-8.87664604187012,"Female"
"9004153",371987,2025-07-01 04:11:50,42.601375579834,-8.87661170959473,"Female"
"9004153",371987,2025-07-01 04:16:52,42.6014518737793,-8.8765811920166,"Female"
"9004153",371987,2025-07-01 04:21:50,42.6013717651367,-8.8767032623291,"Female"
"9004153",371987,2025-07-01 04:26:53,42.6014518737793,-8.87686061859131,"Female"
"9004153",371987,2025-07-01 04:32:15,42.6014785766602,-8.8765926361084,"Female"
"9004153",371987,2025-07-01 04:36:50,42.6015586853027,-8.87692546844482,"Female"
"9004153",371987,2025-07-01 04:41:54,42.6013870239258,-8.8767614364624,"Female"
"9004153",371987,2025-07-01 04:46:50,42.6014862060547,-8.87690258026123,"Female"
"9004153",371987,2025-07-01 04:51:51,42.6014709472656,-8.87637329101562,"Female"
"9004153",371987,2025-07-01 04:56:54,42.6014709472656,-8.87434196472168,"Female"
"9004153",371987,2025-07-01 05:01:53,42.6014709472656,-8.87413120269775,"Female"
"9004153",371987,2025-07-01 05:06:51,42.6015243530273,-8.87412929534912,"Female"
"9004153",371987,2025-07-01 05:11:54,42.6015243530273,-8.8741340637207,"Female"
"9004153",371987,2025-07-01 05:16:53,42.6015243530273,-8.87424468994141,"Female"
"9004153",371987,2025-07-01 05:21:54,42.6013984680176,-8.87409496307373,"Female"
"9004153",371987,2025-07-01 05:26:51,42.6015243530273,-8.87448024749756,"Female"
"9004153",371987,2025-07-01 05:32:15,42.6015892028809,-8.87428092956543,"Female"
"9004153",371987,2025-07-01 05:36:50,42.6016006469727,-8.87431526184082,"Female"
"9004153",371987,2025-07-01 05:41:54,42.6015892028809,-8.87471485137939,"Female"
"9004153",371987,2025-07-01 05:46:54,42.6016731262207,-8.87460041046143,"Female"
"9004153",371987,2025-07-01 05:51:57,42.6014060974121,-8.87446594238281,"Female"
"9004153",371987,2025-07-01 05:56:55,42.6016654968262,-8.87429618835449,"Female"
"9004153",371987,2025-07-01 06:02:00,42.6018562316895,-8.87436294555664,"Female"
"9004153",371987,2025-07-01 06:07:00,42.6016616821289,-8.87448883056641,"Female"
"9004153",371987,2025-07-01 06:11:52,42.6016731262207,-8.87428569793701,"Female"
"9004153",371987,2025-07-01 06:17:00,42.6025924682617,-8.87399101257324,"Female"
"9004153",371987,2025-07-01 06:24:06,42.603157043457,-8.8718729019165,"Female"
"9004153",371987,2025-07-01 06:29:39,42.6049575805664,-8.87188911437988,"Female"
"9004153",371987,2025-07-01 06:36:36,42.6026382446289,-8.8715181350708,"Female"
"9004153",371987,2025-07-01 06:52:49,42.6001434326172,-8.86987495422363,"Female"
"9004153",371987,2025-07-01 06:56:44,42.6023368835449,-8.87668228149414,"Female"
"9004153",371987,2025-07-01 07:01:24,42.6023483276367,-8.87681579589844,"Female"
"9004153",371987,2025-07-01 07:06:24,42.602222442627,-8.87656784057617,"Female"
"9004153",371987,2025-07-01 07:11:25,42.602352142334,-8.87762260437012,"Female"
"9004153",371987,2025-07-01 07:16:36,42.6025047302246,-8.87785339355469,"Female"
"9004153",371987,2025-07-01 07:21:24,42.6024322509766,-8.87776374816895,"Female"
"9004153",371987,2025-07-01 07:26:25,42.6024856567383,-8.87778949737549,"Female"
"9004153",371987,2025-07-01 07:31:29,42.602466583252,-8.87784385681152,"Female"
"9004153",371987,2025-07-01 07:36:28,42.6025238037109,-8.87784385681152,"Female"
"9004153",371987,2025-07-01 07:41:27,42.6024932861328,-8.87785243988037,"Female"
"9004153",371987,2025-07-01 07:46:31,42.6025505065918,-8.87799644470215,"Female"
"9004153",371987,2025-07-01 07:51:26,42.6026878356934,-8.87862300872803,"Female"
"9004153",371987,2025-07-01 07:56:26,42.6023902893066,-8.87732124328613,"Female"
"9004153",371987,2025-07-01 08:01:31,42.6027221679688,-8.87870693206787,"Female"
"9004153",371987,2025-07-01 08:06:31,42.6024208068848,-8.87770175933838,"Female"
"9004153",371987,2025-07-01 08:11:37,42.6025009155273,-8.87806606292725,"Female"
"9004153",371987,2025-07-01 08:16:40,42.6024589538574,-8.87767887115479,"Female"
"9004153",371987,2025-07-01 08:21:25,42.6025085449219,-8.87735652923584,"Female"
"9004153",371987,2025-07-01 08:26:25,42.6023483276367,-8.87745475769043,"Female"
"9004153",371987,2025-07-01 08:31:24,42.602367401123,-8.87759208679199,"Female"
"9004153",371987,2025-07-01 08:36:24,42.6022834777832,-8.87757015228271,"Female"
"9004153",371987,2025-07-01 08:41:25,42.6024208068848,-8.87758159637451,"Female"
"9004153",371987,2025-07-01 08:46:45,42.602409362793,-8.8776388168335,"Female"
"9004153",371987,2025-07-01 08:51:46,42.6023254394531,-8.87761783599854,"Female"
"9004153",371987,2025-07-01 08:56:30,42.6025924682617,-8.87778854370117,"Female"
"9004153",371987,2025-07-01 09:01:24,42.6024436950684,-8.87758636474609,"Female"
"9004153",371987,2025-07-01 09:06:26,42.6024208068848,-8.87760829925537,"Female"
"9004153",371987,2025-07-01 09:11:26,42.6025390625,-8.87767601013184,"Female"
"9004153",371987,2025-07-01 09:16:24,42.6022834777832,-8.87754249572754,"Female"
"9004153",371987,2025-07-01 09:21:26,42.6025695800781,-8.87778854370117,"Female"
"9004153",371987,2025-07-01 09:26:37,42.6025390625,-8.87764167785645,"Female"
"9004153",371987,2025-07-01 09:31:31,42.6024436950684,-8.87762260437012,"Female"
"9004153",371987,2025-07-01 09:36:27,42.6024742126465,-8.87764263153076,"Female"
"9004153",371987,2025-07-01 09:41:25,42.6024742126465,-8.87769794464111,"Female"
"9004153",371987,2025-07-01 09:46:59,42.6024475097656,-8.87764739990234,"Female"
"9004153",371987,2025-07-01 09:51:24,42.6024742126465,-8.87771034240723,"Female"
"9004153",371987,2025-07-01 09:56:24,42.6024475097656,-8.87772655487061,"Female"
"9004153",371987,2025-07-01 10:01:28,42.6036911010742,-8.87695121765137,"Female"
"9004153",371987,2025-07-01 10:06:45,42.6038703918457,-8.87587070465088,"Female"
"9004153",371987,2025-07-01 10:12:21,42.6043968200684,-8.87513065338135,"Female"
"9004153",371987,2025-07-01 10:17:18,42.6043739318848,-8.87347030639648,"Female"
"9004153",371987,2025-07-01 10:22:19,42.6044120788574,-8.87259960174561,"Female"
"9004153",371987,2025-07-01 10:27:38,42.6036834716797,-8.8726167678833,"Female"
"9004153",371987,2025-07-01 10:32:36,42.6034851074219,-8.87309551239014,"Female"
"9004153",371987,2025-07-01 10:37:37,42.603458404541,-8.87298393249512,"Female"
"9004153",371987,2025-07-01 10:42:37,42.603443145752,-8.8730583190918,"Female"
"9004153",371987,2025-07-01 10:47:36,42.6034851074219,-8.87321949005127,"Female"
"9004153",371987,2025-07-01 10:52:36,42.6033973693848,-8.87304973602295,"Female"
"9004153",371987,2025-07-01 10:57:36,42.6035499572754,-8.87306690216064,"Female"
"9004153",371987,2025-07-01 11:02:38,42.6038284301758,-8.87332344055176,"Female"
"9004153",371987,2025-07-01 11:07:37,42.6036529541016,-8.8730640411377,"Female"
"9004153",371987,2025-07-01 11:12:37,42.6036491394043,-8.87317180633545,"Female"
"9004153",371987,2025-07-01 11:17:37,42.6036720275879,-8.8732442855835,"Female"
"9004153",371987,2025-07-01 11:22:37,42.6036109924316,-8.87301254272461,"Female"
"9004153",371987,2025-07-01 11:27:37,42.6035232543945,-8.87312412261963,"Female"
"9004153",371987,2025-07-01 11:32:37,42.6035690307617,-8.87303829193115,"Female"
"9004153",371987,2025-07-01 11:37:39,42.6036834716797,-8.87305355072021,"Female"
"9004153",371987,2025-07-01 11:42:37,42.6037483215332,-8.87302207946777,"Female"
"9004153",371987,2025-07-01 11:47:42,42.6036949157715,-8.873046875,"Female"
"9004153",371987,2025-07-01 11:52:37,42.6036949157715,-8.87304210662842,"Female"
"9004153",371987,2025-07-01 11:57:37,42.6036262512207,-8.87310314178467,"Female"
"9004153",371987,2025-07-01 12:02:56,42.6037330627441,-8.87304306030273,"Female"
"9004153",371987,2025-07-01 12:07:49,42.6037635803223,-8.8730640411377,"Female"
"9004153",371987,2025-07-01 12:12:49,42.6037635803223,-8.87305736541748,"Female"
"9004153",371987,2025-07-01 12:17:50,42.6038551330566,-8.87306308746338,"Female"
"9004153",371987,2025-07-01 12:22:49,42.6038055419922,-8.87306785583496,"Female"
"9004153",371987,2025-07-01 12:27:50,42.6038131713867,-8.87306499481201,"Female"
"9004153",371987,2025-07-01 12:32:52,42.6039428710938,-8.87307548522949,"Female"
"9004153",371987,2025-07-01 12:38:05,42.6034545898438,-8.87303638458252,"Female"
"9004153",371987,2025-07-01 12:42:36,42.6034660339355,-8.87298774719238,"Female"
"9004153",371987,2025-07-01 12:47:36,42.6033782958984,-8.87301349639893,"Female"
"9004153",371987,2025-07-01 12:52:37,42.6035346984863,-8.87290573120117,"Female"
"9004153",371987,2025-07-01 12:57:36,42.6034889221191,-8.87301635742188,"Female"
"9004153",371987,2025-07-01 13:02:37,42.6033096313477,-8.87324523925781,"Female"
"9004153",371987,2025-07-01 13:07:37,42.6033630371094,-8.87318420410156,"Female"
"9004153",371987,2025-07-01 13:12:36,42.6034698486328,-8.87312984466553,"Female"
"9004153",371987,2025-07-01 13:17:37,42.6034736633301,-8.87312412261963,"Female"
"9004153",371987,2025-07-01 13:22:37,42.603515625,-8.87316513061523,"Female"
"9004153",371987,2025-07-01 13:27:36,42.6034355163574,-8.87312698364258,"Female"
"9004153",371987,2025-07-01 13:32:36,42.6035270690918,-8.87311458587646,"Female"
"9004153",371987,2025-07-01 13:37:36,42.6035079956055,-8.87314987182617,"Female"
"9004153",371987,2025-07-01 13:42:36,42.6035652160645,-8.87312412261963,"Female"
"9004153",371987,2025-07-01 13:47:36,42.6035385131836,-8.87313461303711,"Female"
"9004153",371987,2025-07-01 13:52:37,42.6035804748535,-8.87320423126221,"Female"
"9004153",371987,2025-07-01 13:57:36,42.603572845459,-8.87320423126221,"Female"
"9004153",371987,2025-07-01 14:03:00,42.6015281677246,-8.87150859832764,"Female"
"9004153",371987,2025-07-01 14:08:01,42.5999526977539,-8.87027549743652,"Female"
"9004153",371987,2025-07-01 14:13:23,42.5989761352539,-8.87146091461182,"Female"
"9004153",371987,2025-07-01 14:18:24,42.5987968444824,-8.87207794189453,"Female"
"9004153",371987,2025-07-01 14:23:38,42.5986480712891,-8.87332439422607,"Female"
"9004153",371987,2025-07-01 14:29:20,42.5977783203125,-8.8741397857666,"Female"
"9004153",371987,2025-07-01 14:34:22,42.5975952148438,-8.87568283081055,"Female"
"9004153",371987,2025-07-01 14:39:23,42.600772857666,-8.8745698928833,"Female"
"9004153",371987,2025-07-01 14:44:24,42.601390838623,-8.87414836883545,"Female"
"9004153",371987,2025-07-01 14:49:23,42.6013946533203,-8.87417984008789,"Female"
"9004153",371987,2025-07-01 14:54:19,42.6013450622559,-8.87416839599609,"Female"
"9004153",371987,2025-07-01 14:59:35,42.6014747619629,-8.87428188323975,"Female"
"9004153",371987,2025-07-01 15:04:16,42.601749420166,-8.87455463409424,"Female"
"9004153",371987,2025-07-01 15:09:18,42.6015815734863,-8.87432670593262,"Female"
"9004153",371987,2025-07-01 15:14:16,42.6015510559082,-8.87430858612061,"Female"
"9004153",371987,2025-07-01 15:19:16,42.6015205383301,-8.87427616119385,"Female"
"9004153",371987,2025-07-01 15:24:16,42.6015930175781,-8.87433433532715,"Female"
"9004153",371987,2025-07-01 15:29:16,42.6015777587891,-8.87435054779053,"Female"
"9004153",371987,2025-07-01 15:34:16,42.6015968322754,-8.87436962127686,"Female"
"9004153",371987,2025-07-01 15:39:16,42.6015815734863,-8.87433242797852,"Female"
"9004153",371987,2025-07-01 15:44:17,42.6015892028809,-8.874342918396,"Female"
"9004153",371987,2025-07-01 15:49:16,42.6014938354492,-8.87407112121582,"Female"
"9004153",371987,2025-07-01 15:54:19,42.6015014648438,-8.87425231933594,"Female"
"9004153",371987,2025-07-01 15:59:18,42.6015090942383,-8.87425136566162,"Female"
"9004153",371987,2025-07-01 16:04:23,42.6016883850098,-8.87457847595215,"Female"
"9004153",371987,2025-07-01 16:09:20,42.6015510559082,-8.87429714202881,"Female"
"9004153",371987,2025-07-01 16:14:19,42.6016845703125,-8.8745002746582,"Female"
"9004153",371987,2025-07-01 16:19:21,42.6015892028809,-8.87419986724854,"Female"
"9004153",371987,2025-07-01 16:24:19,42.6016464233398,-8.87438678741455,"Female"
"9004153",371987,2025-07-01 16:29:44,42.6015586853027,-8.87428760528564,"Female"
"9004153",371987,2025-07-01 16:34:19,42.6016845703125,-8.87444591522217,"Female"
"9004153",371987,2025-07-01 16:39:20,42.601634979248,-8.87441444396973,"Female"
"9004153",371987,2025-07-01 16:44:21,42.6016654968262,-8.87436485290527,"Female"
"9004153",371987,2025-07-01 16:49:44,42.6015586853027,-8.87417030334473,"Female"
"9004153",371987,2025-07-01 16:54:18,42.6018447875977,-8.87479686737061,"Female"
"9004153",371987,2025-07-01 16:59:19,42.6018257141113,-8.87471675872803,"Female"
"9004153",371987,2025-07-01 17:04:23,42.6016731262207,-8.87438297271729,"Female"
"9004153",371987,2025-07-01 17:09:20,42.6018943786621,-8.87496376037598,"Female"
"9004153",371987,2025-07-01 17:14:51,42.6015167236328,-8.87441444396973,"Female"
"9004153",371987,2025-07-01 17:19:18,42.601505279541,-8.87441062927246,"Female"
"9004153",371987,2025-07-01 17:24:17,42.601505279541,-8.87442111968994,"Female"
"9004153",371987,2025-07-01 17:29:17,42.6015167236328,-8.87445163726807,"Female"
"9004153",371987,2025-07-01 17:34:17,42.6014823913574,-8.87434768676758,"Female"
"9004153",371987,2025-07-01 17:39:17,42.6015129089355,-8.87442207336426,"Female"
"9004153",371987,2025-07-01 17:44:17,42.6015319824219,-8.87444114685059,"Female"
"9004153",371987,2025-07-01 17:49:17,42.6015243530273,-8.87440776824951,"Female"
"9004153",371987,2025-07-01 17:54:17,42.6015472412109,-8.87441062927246,"Female"
"9004153",371987,2025-07-01 17:59:18,42.6015090942383,-8.87434196472168,"Female"
"9004153",371987,2025-07-01 18:04:18,42.6015625,-8.87436389923096,"Female"
"9004153",371987,2025-07-01 18:09:18,42.6015701293945,-8.87435817718506,"Female"
"9004153",371987,2025-07-01 18:14:24,42.6016006469727,-8.87436199188232,"Female"
"9004153",371987,2025-07-01 18:19:20,42.6015319824219,-8.87434577941895,"Female"
"9004153",371987,2025-07-01 18:24:18,42.6015396118164,-8.87439727783203,"Female"
"9004153",371987,2025-07-01 18:29:20,42.6015129089355,-8.87433528900146,"Female"
"9004153",371987,2025-07-01 18:34:18,42.601676940918,-8.87436771392822,"Female"
"9004153",371987,2025-07-01 18:39:18,42.6016159057617,-8.87432670593262,"Female"
"9004153",371987,2025-07-01 18:44:18,42.6015014648438,-8.8743371963501,"Female"
"9004153",371987,2025-07-01 18:49:19,42.6005439758301,-8.87456607818604,"Female"
"9004153",371987,2025-07-01 18:54:31,42.5992126464844,-8.87652778625488,"Female"
"9004153",371987,2025-07-01 18:59:30,42.5980758666992,-8.8762845993042,"Female"
"9004153",371987,2025-07-01 19:04:48,42.5979995727539,-8.87518692016602,"Female"
"9004153",371987,2025-07-01 19:09:46,42.5992012023926,-8.87528038024902,"Female"
"9004153",371987,2025-07-01 19:14:46,42.6015930175781,-8.87436580657959,"Female"
"9004153",371987,2025-07-01 19:19:46,42.6023941040039,-8.87678813934326,"Female"
"9004153",371987,2025-07-01 19:24:46,42.6024627685547,-8.87686443328857,"Female"
"9004153",371987,2025-07-01 19:29:46,42.6023979187012,-8.87682056427002,"Female"
"9004153",371987,2025-07-01 19:34:46,42.6023216247559,-8.87676620483398,"Female"
"9004153",371987,2025-07-01 19:39:46,42.6023864746094,-8.87679100036621,"Female"
"9004153",371987,2025-07-01 19:44:46,42.6023941040039,-8.876784324646,"Female"
"9004153",371987,2025-07-01 19:49:46,42.6024169921875,-8.87676429748535,"Female"
"9004153",371987,2025-07-01 19:54:46,42.6024398803711,-8.87680053710938,"Female"
"9004153",371987,2025-07-01 19:59:46,42.6024131774902,-8.87679386138916,"Female"
"9004153",371987,2025-07-01 20:04:46,42.6023712158203,-8.87673473358154,"Female"
"9004153",371987,2025-07-01 20:09:46,42.6023712158203,-8.87676048278809,"Female"
"9004153",371987,2025-07-01 20:14:46,42.6023750305176,-8.87673282623291,"Female"
"9004153",371987,2025-07-01 20:20:05,42.6023139953613,-8.87680530548096,"Female"
"9004153",371987,2025-07-01 20:24:47,42.6025466918945,-8.87681007385254,"Female"
"9004153",371987,2025-07-01 20:29:54,42.6028823852539,-8.87652397155762,"Female"
"9004153",371987,2025-07-01 20:36:09,42.6026039123535,-8.87661266326904,"Female"
"9004153",371987,2025-07-01 20:39:47,42.6026229858398,-8.8767032623291,"Female"
"9004153",371987,2025-07-01 20:44:45,42.6014633178711,-8.87662315368652,"Female"
"9004153",371987,2025-07-01 20:49:46,42.6013298034668,-8.8765869140625,"Female"
"9004153",371987,2025-07-01 20:54:45,42.6014251708984,-8.87661838531494,"Female"
"9004153",371987,2025-07-01 20:59:46,42.6014022827148,-8.87659740447998,"Female"
"9004153",371987,2025-07-01 21:04:45,42.601432800293,-8.87663459777832,"Female"
"9004153",371987,2025-07-01 21:09:45,42.6014518737793,-8.87659168243408,"Female"
"9004153",371987,2025-07-01 21:14:45,42.6015739440918,-8.8765344619751,"Female"
"9004153",371987,2025-07-01 21:19:45,42.6014251708984,-8.87658882141113,"Female"
"9004153",371987,2025-07-01 21:24:45,42.6014404296875,-8.87659740447998,"Female"
"9004153",371987,2025-07-01 21:29:46,42.6013793945312,-8.87662315368652,"Female"
"9004153",371987,2025-07-01 21:34:46,42.601390838623,-8.87658977508545,"Female"
"9004153",371987,2025-07-01 21:39:46,42.6014404296875,-8.8766040802002,"Female"
"9004153",371987,2025-07-01 21:44:46,42.601432800293,-8.87672233581543,"Female"
"9004153",371987,2025-07-01 21:49:46,42.6014633178711,-8.87658786773682,"Female"
"9004153",371987,2025-07-01 21:54:46,42.6014022827148,-8.87662506103516,"Female"
"9004153",371987,2025-07-01 21:59:46,42.6014213562012,-8.87657833099365,"Female"
"9004153",371987,2025-07-01 22:04:46,42.6013603210449,-8.87664604187012,"Female"
"9004153",371987,2025-07-01 22:09:46,42.6014442443848,-8.87661838531494,"Female"
"9004153",371987,2025-07-01 22:14:45,42.6014213562012,-8.87658882141113,"Female"
"9004153",371987,2025-07-01 22:19:46,42.6014289855957,-8.87658405303955,"Female"
"9004153",371987,2025-07-01 22:24:46,42.6014518737793,-8.87657737731934,"Female"
"9004153",371987,2025-07-01 22:29:45,42.6014366149902,-8.87656879425049,"Female"
"9004153",371987,2025-07-01 22:34:46,42.6014251708984,-8.87661266326904,"Female"
"9004153",371987,2025-07-01 22:39:46,42.601390838623,-8.87659931182861,"Female"
"9004153",371987,2025-07-01 22:44:46,42.6014060974121,-8.87652778625488,"Female"
"9004153",371987,2025-07-01 22:49:46,42.6014289855957,-8.87660312652588,"Female"
"9004153",371987,2025-07-01 22:54:46,42.6014251708984,-8.87660694122314,"Female"
"9004153",371987,2025-07-01 22:59:46,42.601432800293,-8.87660312652588,"Female"
"9004153",371987,2025-07-01 23:04:46,42.6014633178711,-8.87661552429199,"Female"
"9004153",371987,2025-07-01 23:09:46,42.6014709472656,-8.87662696838379,"Female"
"9004153",371987,2025-07-01 23:14:46,42.6014938354492,-8.87664604187012,"Female"
"9004153",371987,2025-07-01 23:19:47,42.6014518737793,-8.87661933898926,"Female"
"9004153",371987,2025-07-01 23:24:48,42.6014785766602,-8.87662029266357,"Female"
"9004153",371987,2025-07-01 23:29:47,42.6014175415039,-8.87658405303955,"Female"
"9004153",371987,2025-07-01 23:34:48,42.6014595031738,-8.87657737731934,"Female"
"9004153",371987,2025-07-01 23:39:47,42.6012725830078,-8.87652778625488,"Female"
"9004153",371987,2025-07-01 23:44:55,42.6014213562012,-8.8766040802002,"Female"
"9004153",371987,2025-07-01 23:49:53,42.6013946533203,-8.8765754699707,"Female"
"9004153",371987,2025-07-01 23:54:53,42.6014137268066,-8.87658405303955,"Female"
"9004153",371987,2025-07-01 23:59:47,42.6014976501465,-8.87659454345703,"Female"
"9004153",371987,2025-07-02 00:05:06,42.6015014648438,-8.87657451629639,"Female"
"9004153",371987,2025-07-02 00:09:49,42.601432800293,-8.8765697479248,"Female"
"9004153",371987,2025-07-02 00:14:48,42.6013488769531,-8.87648963928223,"Female"
"9004153",371987,2025-07-02 00:19:47,42.601432800293,-8.87660598754883,"Female"
"9004153",371987,2025-07-02 00:24:46,42.6013450622559,-8.87650585174561,"Female"
"9004153",371987,2025-07-02 00:29:46,42.6013031005859,-8.87646293640137,"Female"
"9004153",371987,2025-07-02 00:34:55,42.6013374328613,-8.87651824951172,"Female"
"9004153",371987,2025-07-02 00:39:46,42.6012954711914,-8.87643051147461,"Female"
"9004153",371987,2025-07-02 00:44:53,42.601203918457,-8.87646102905273,"Female"
"9004153",371987,2025-07-02 00:49:46,42.6012878417969,-8.87645816802979,"Female"
"9004153",371987,2025-07-02 00:54:54,42.6012687683105,-8.87645626068115,"Female"
"9004153",371987,2025-07-02 01:00:05,42.6013641357422,-8.876633644104,"Female"
"9004153",371987,2025-07-02 01:04:46,42.601375579834,-8.87661552429199,"Female"
"9004153",371987,2025-07-02 01:09:47,42.6014251708984,-8.87660026550293,"Female"
"9004153",371987,2025-07-02 01:14:46,42.6014137268066,-8.87662792205811,"Female"
"9004153",371987,2025-07-02 01:19:46,42.6014213562012,-8.87660121917725,"Female"
"9004153",371987,2025-07-02 01:24:46,42.6013679504395,-8.87652969360352,"Female"
"9004153",371987,2025-07-02 01:29:50,42.6014175415039,-8.87667083740234,"Female"
"9004153",371987,2025-07-02 01:34:47,42.6014366149902,-8.87649440765381,"Female"
"9004153",371987,2025-07-02 01:39:46,42.6013793945312,-8.87661647796631,"Female"
"9004153",371987,2025-07-02 01:44:45,42.6013603210449,-8.87671089172363,"Female"
"9004153",371987,2025-07-02 01:49:53,42.6014938354492,-8.87648010253906,"Female"
"9004153",371987,2025-07-02 01:54:53,42.6015243530273,-8.87644195556641,"Female"
"9004153",371987,2025-07-02 01:59:46,42.6014556884766,-8.876389503479,"Female"
"9004153",371987,2025-07-02 02:04:52,42.6015205383301,-8.8764123916626,"Female"
"9004153",371987,2025-07-02 02:09:55,42.601490020752,-8.87649250030518,"Female"
"9004153",371987,2025-07-02 02:14:55,42.6014976501465,-8.87647342681885,"Female"
"9004153",371987,2025-07-02 02:19:55,42.6014785766602,-8.87644863128662,"Female"
"9004153",371987,2025-07-02 02:25:05,42.6015319824219,-8.87656593322754,"Female"
"9004153",371987,2025-07-02 02:29:55,42.6016311645508,-8.87651538848877,"Female"
"9004153",371987,2025-07-02 02:34:55,42.6015853881836,-8.87660694122314,"Female"
"9004153",371987,2025-07-02 02:40:05,42.601490020752,-8.87659931182861,"Female"
"9004153",371987,2025-07-02 02:44:46,42.6015586853027,-8.87710285186768,"Female"
"9004153",371987,2025-07-02 02:49:46,42.6015129089355,-8.87654304504395,"Female"
"9004153",371987,2025-07-02 02:54:45,42.6014595031738,-8.87664318084717,"Female"
"9004153",371987,2025-07-02 02:59:46,42.6015701293945,-8.87640380859375,"Female"
"9004153",371987,2025-07-02 03:04:45,42.6013870239258,-8.87670230865479,"Female"
"9004153",371987,2025-07-02 03:09:47,42.6015853881836,-8.87631416320801,"Female"
"9004153",371987,2025-07-02 03:15:04,42.6014022827148,-8.87666511535645,"Female"
"9004153",371987,2025-07-02 03:19:46,42.601432800293,-8.87656116485596,"Female"
"9004153",371987,2025-07-02 03:24:46,42.6013946533203,-8.87659740447998,"Female"
"9004153",371987,2025-07-02 03:29:45,42.6014366149902,-8.87662124633789,"Female"
"9004153",371987,2025-07-02 03:34:46,42.6013565063477,-8.87665462493896,"Female"
"9004153",371987,2025-07-02 03:39:45,42.6014022827148,-8.87662601470947,"Female"
"9004153",371987,2025-07-02 03:44:46,42.6014099121094,-8.87656497955322,"Female"
"9004153",371987,2025-07-02 03:49:46,42.6013793945312,-8.87655735015869,"Female"
"9004153",371987,2025-07-02 03:54:45,42.6013259887695,-8.87672901153564,"Female"
"9004153",371987,2025-07-02 03:59:45,42.6013870239258,-8.87658214569092,"Female"
"9004153",371987,2025-07-02 04:04:46,42.601245880127,-8.87663269042969,"Female"
"9004153",371987,2025-07-02 04:09:46,42.6011581420898,-8.87622356414795,"Female"
"9004153",371987,2025-07-02 04:14:46,42.6012306213379,-8.87680912017822,"Female"
"9004153",371987,2025-07-02 04:19:46,42.6012077331543,-8.87670421600342,"Female"
"9004153",371987,2025-07-02 04:24:46,42.6012840270996,-8.87665271759033,"Female"
"9004153",371987,2025-07-02 04:29:46,42.6012992858887,-8.87427997589111,"Female"
"9004153",371987,2025-07-02 04:34:46,42.6012382507324,-8.87441444396973,"Female"
"9004153",371987,2025-07-02 04:39:46,42.6012802124023,-8.87431716918945,"Female"
"9004153",371987,2025-07-02 04:44:46,42.6012191772461,-8.87434482574463,"Female"
"9004153",371987,2025-07-02 04:49:46,42.601203918457,-8.87421321868896,"Female"
"9004153",371987,2025-07-02 04:54:45,42.6012763977051,-8.87424659729004,"Female"
"9004153",371987,2025-07-02 04:59:46,42.6012191772461,-8.87429141998291,"Female"
"9004153",371987,2025-07-02 05:04:46,42.6013717651367,-8.87443256378174,"Female"
"9004153",371987,2025-07-02 05:09:46,42.6012840270996,-8.87440013885498,"Female"
"9004153",371987,2025-07-02 05:14:46,42.601318359375,-8.87434196472168,"Female"
"9004153",371987,2025-07-02 05:19:47,42.6013870239258,-8.87437152862549,"Female"
"9004153",371987,2025-07-02 05:24:47,42.6014251708984,-8.87433910369873,"Female"
"9004153",371987,2025-07-02 05:29:49,42.6015357971191,-8.87433624267578,"Female"
"9004153",371987,2025-07-02 05:34:52,42.6014938354492,-8.87450790405273,"Female"
"9004153",371987,2025-07-02 05:39:47,42.6015548706055,-8.87430191040039,"Female"
"9004153",371987,2025-07-02 05:44:46,42.6014442443848,-8.8743896484375,"Female"
"9004153",371987,2025-07-02 05:49:46,42.6014785766602,-8.8743143081665,"Female"
"9004153",371987,2025-07-02 05:54:46,42.6014976501465,-8.87437438964844,"Female"
"9004153",371987,2025-07-02 05:59:46,42.6014595031738,-8.87436676025391,"Female"
"9004153",371987,2025-07-02 06:04:46,42.6016082763672,-8.87442111968994,"Female"
"9004153",371987,2025-07-02 06:09:47,42.601619720459,-8.87444114685059,"Female"
"9004153",371987,2025-07-02 06:14:46,42.601692199707,-8.87441825866699,"Female"
"9004153",371987,2025-07-02 06:19:46,42.6017303466797,-8.87444877624512,"Female"
"9004153",371987,2025-07-02 06:24:45,42.6017265319824,-8.87443065643311,"Female"
"9004153",371987,2025-07-02 06:29:46,42.601490020752,-8.87438583374023,"Female"
"9004153",371987,2025-07-02 06:34:45,42.6010551452637,-8.87363529205322,"Female"
"9004153",371987,2025-07-02 06:40:35,42.6002082824707,-8.87145328521729,"Female"
"9004153",371987,2025-07-02 06:46:11,42.5993957519531,-8.87120532989502,"Female"
"9004153",371987,2025-07-02 06:51:12,42.5993003845215,-8.87116050720215,"Female"
"9004153",371987,2025-07-02 06:56:11,42.6017532348633,-8.87452411651611,"Female"
"9004153",371987,2025-07-02 07:01:11,42.6017684936523,-8.87453651428223,"Female"
"9004153",371987,2025-07-02 07:06:11,42.6015701293945,-8.87443828582764,"Female"
"9004153",371987,2025-07-02 07:11:10,42.6016235351562,-8.87455177307129,"Female"
"9004153",371987,2025-07-02 07:16:10,42.6016616821289,-8.87453174591064,"Female"
"9004153",371987,2025-07-02 07:21:10,42.6015815734863,-8.87443447113037,"Female"
"9004153",371987,2025-07-02 07:26:11,42.6015892028809,-8.87459945678711,"Female"
"9004153",371987,2025-07-02 07:31:12,42.6015090942383,-8.87461376190186,"Female"
"9004153",371987,2025-07-02 07:36:10,42.6014404296875,-8.87461090087891,"Female"
"9004153",371987,2025-07-02 07:42:04,42.6043357849121,-8.87442970275879,"Female"
"9004153",371987,2025-07-02 07:47:05,42.6047821044922,-8.87494945526123,"Female"
"9004153",371987,2025-07-02 07:52:26,42.6062202453613,-8.87460327148438,"Female"
"9004153",371987,2025-07-02 07:58:01,42.6051292419434,-8.87430572509766,"Female"
"9004153",371987,2025-07-02 08:03:39,42.6038436889648,-8.87622833251953,"Female"
"9004153",371987,2025-07-02 08:09:11,42.6040878295898,-8.87646770477295,"Female"
"9004153",371987,2025-07-02 08:14:11,42.6045227050781,-8.87562084197998,"Female"
"9004153",371987,2025-07-02 08:19:17,42.603645324707,-8.87481784820557,"Female"
"9004153",371987,2025-07-02 08:24:11,42.603099822998,-8.87465667724609,"Female"
"9004153",371987,2025-07-02 08:29:13,42.603084564209,-8.87450218200684,"Female"
"9004153",371987,2025-07-02 08:34:11,42.6032333374023,-8.87451553344727,"Female"
"9004153",371987,2025-07-02 08:39:12,42.603271484375,-8.87435722351074,"Female"
"9004153",371987,2025-07-02 08:44:11,42.6032371520996,-8.87434673309326,"Female"
"9004153",371987,2025-07-02 08:49:13,42.6031761169434,-8.87442111968994,"Female"
"9004153",371987,2025-07-02 08:54:12,42.6032295227051,-8.87443733215332,"Female"
"9004153",371987,2025-07-02 08:59:11,42.6033134460449,-8.87437725067139,"Female"
"9004153",371987,2025-07-02 09:04:11,42.603214263916,-8.8744592666626,"Female"
"9004153",371987,2025-07-02 09:09:11,42.6032409667969,-8.87439632415771,"Female"
"9004153",371987,2025-07-02 09:14:11,42.6032333374023,-8.87440204620361,"Female"
"9004153",371987,2025-07-02 09:19:28,42.6031951904297,-8.87495994567871,"Female"
"9004153",371987,2025-07-02 09:24:12,42.6032943725586,-8.87507057189941,"Female"
"9004153",371987,2025-07-02 09:29:13,42.6017074584961,-8.8743896484375,"Female"
"9004153",371987,2025-07-02 09:34:11,42.6017761230469,-8.87429714202881,"Female"
"9004153",371987,2025-07-02 09:39:11,42.6017227172852,-8.87397003173828,"Female"
"9004153",371987,2025-07-02 09:44:11,42.6024627685547,-8.87653541564941,"Female"
"9004153",371987,2025-07-02 09:49:11,42.602481842041,-8.87650680541992,"Female"
"9004153",371987,2025-07-02 09:54:11,42.6024703979492,-8.87647342681885,"Female"
"9004153",371987,2025-07-02 09:59:10,42.6025466918945,-8.87628650665283,"Female"
"9004153",371987,2025-07-02 10:04:11,42.6024589538574,-8.87650775909424,"Female"
"9004153",371987,2025-07-02 10:09:10,42.6024894714355,-8.87632179260254,"Female"
"9004153",371987,2025-07-02 10:14:11,42.6025466918945,-8.87620258331299,"Female"
"9004153",371987,2025-07-02 10:19:11,42.6025123596191,-8.87638759613037,"Female"
"9004153",371987,2025-07-02 10:24:11,42.6024856567383,-8.87650775909424,"Female"
"9004153",371987,2025-07-02 10:29:11,42.6025352478027,-8.87639141082764,"Female"
"9004153",371987,2025-07-02 10:34:11,42.6025276184082,-8.87632274627686,"Female"
"9004153",371987,2025-07-02 10:39:11,42.6023941040039,-8.87662506103516,"Female"
"9004153",371987,2025-07-02 10:44:11,42.6024017333984,-8.87663173675537,"Female"
"9004153",371987,2025-07-02 10:49:11,42.6023368835449,-8.87668991088867,"Female"
"9004153",371987,2025-07-02 10:54:11,42.6024169921875,-8.87660026550293,"Female"
"9004153",371987,2025-07-02 10:59:11,42.6023368835449,-8.87667942047119,"Female"
"9004153",371987,2025-07-02 11:04:10,42.602409362793,-8.87662506103516,"Female"
"9004153",371987,2025-07-02 11:09:10,42.602954864502,-8.87644958496094,"Female"
"9004153",371987,2025-07-02 11:14:31,42.6035995483398,-8.87629699707031,"Female"
"9004153",371987,2025-07-02 11:19:42,42.605110168457,-8.87571716308594,"Female"
"9004153",371987,2025-07-02 11:25:15,42.6058311462402,-8.8751745223999,"Female"
"9004153",371987,2025-07-02 11:30:14,42.6056175231934,-8.87547397613525,"Female"
"9004153",371987,2025-07-02 11:35:28,42.6057586669922,-8.87473106384277,"Female"
"9004153",371987,2025-07-02 11:40:27,42.605899810791,-8.87619018554688,"Female"
"9004153",371987,2025-07-02 11:45:40,42.6047515869141,-8.87400245666504,"Female"
"9004153",371987,2025-07-02 11:50:49,42.6038627624512,-8.87314414978027,"Female"
"9004153",371987,2025-07-02 11:55:40,42.6039085388184,-8.87318992614746,"Female"
"9004153",371987,2025-07-02 12:00:40,42.6040000915527,-8.87315654754639,"Female"
"9004153",371987,2025-07-02 12:05:41,42.6047782897949,-8.87320423126221,"Female"
"9004153",371987,2025-07-02 12:10:40,42.6039123535156,-8.8731575012207,"Female"
"9004153",371987,2025-07-02 12:15:39,42.603931427002,-8.87314605712891,"Female"
"9004153",371987,2025-07-02 12:20:40,42.6040344238281,-8.87319374084473,"Female"
"9004153",371987,2025-07-02 12:25:39,42.6039276123047,-8.87316131591797,"Female"
"9004153",371987,2025-07-02 12:30:39,42.6039161682129,-8.87316417694092,"Female"
"9004153",371987,2025-07-02 12:35:39,42.6039085388184,-8.87314510345459,"Female"
"9004153",371987,2025-07-02 12:40:39,42.6038932800293,-8.8730936050415,"Female"
"9004153",371987,2025-07-02 12:45:39,42.6039237976074,-8.8731517791748,"Female"
"9004153",371987,2025-07-02 12:50:39,42.6039390563965,-8.8731050491333,"Female"
"9004153",371987,2025-07-02 12:55:39,42.6038932800293,-8.87308597564697,"Female"
"9004153",371987,2025-07-02 13:00:39,42.6039199829102,-8.87310886383057,"Female"
"9004153",371987,2025-07-02 13:05:39,42.6039199829102,-8.87312030792236,"Female"
"9004153",371987,2025-07-02 13:10:41,42.6039237976074,-8.87313938140869,"Female"
"9004153",371987,2025-07-02 13:15:40,42.6039009094238,-8.87312030792236,"Female"
"9004153",371987,2025-07-02 13:20:39,42.6039505004883,-8.8731107711792,"Female"
"9004153",371987,2025-07-02 13:25:39,42.6038780212402,-8.87313747406006,"Female"
"9004153",371987,2025-07-02 13:30:39,42.603832244873,-8.87304306030273,"Female"
"9004153",371987,2025-07-02 13:35:39,42.6039085388184,-8.87316513061523,"Female"
"9004153",371987,2025-07-02 13:40:40,42.6040649414062,-8.87323951721191,"Female"
"9004153",371987,2025-07-02 13:45:39,42.6039886474609,-8.8732385635376,"Female"
"9004153",371987,2025-07-02 13:50:39,42.6039581298828,-8.87318706512451,"Female"
"9004153",371987,2025-07-02 13:55:40,42.603946685791,-8.87320232391357,"Female"
"9004153",371987,2025-07-02 14:00:42,42.6042900085449,-8.87299060821533,"Female"
"9004153",371987,2025-07-02 14:05:49,42.6044311523438,-8.87197303771973,"Female"
"9004153",371987,2025-07-02 14:10:49,42.6030693054199,-8.87157154083252,"Female"
"9004153",371987,2025-07-02 14:16:14,42.6014595031738,-8.87088012695312,"Female"
"9004153",371987,2025-07-02 14:21:14,42.6000671386719,-8.86944389343262,"Female"
"9004153",371987,2025-07-02 14:26:14,42.6001739501953,-8.86969375610352,"Female"
"9004153",371987,2025-07-02 14:31:42,42.5991058349609,-8.87045097351074,"Female"
"9004153",371987,2025-07-02 14:36:43,42.5994262695312,-8.87155818939209,"Female"
"9004153",371987,2025-07-02 14:41:43,42.5985565185547,-8.87279415130615,"Female"
"9004153",371987,2025-07-02 14:46:50,42.6009330749512,-8.87424468994141,"Female"
"9004153",371987,2025-07-02 14:51:46,42.6016654968262,-8.87440490722656,"Female"
"9004153",371987,2025-07-02 14:56:45,42.6014175415039,-8.87407207489014,"Female"
"9004153",371987,2025-07-02 15:01:45,42.6015396118164,-8.87419605255127,"Female"
"9004153",371987,2025-07-02 15:06:45,42.6015815734863,-8.8742733001709,"Female"
"9004153",371987,2025-07-02 15:11:48,42.6017036437988,-8.87460231781006,"Female"
"9004153",371987,2025-07-02 15:16:48,42.6016273498535,-8.87460231781006,"Female"
"9004153",371987,2025-07-02 15:21:49,42.6014213562012,-8.8741512298584,"Female"
"9004153",371987,2025-07-02 15:26:59,42.6013526916504,-8.8742036819458,"Female"
"9004153",371987,2025-07-02 15:32:11,42.6014595031738,-8.8741340637207,"Female"
"9004153",371987,2025-07-02 15:36:48,42.6013984680176,-8.87405872344971,"Female"
"9004153",371987,2025-07-02 15:41:44,42.6015472412109,-8.87412643432617,"Female"
"9004153",371987,2025-07-02 15:46:55,42.6020011901855,-8.87401103973389,"Female"
"9004153",371987,2025-07-02 15:51:47,42.6013412475586,-8.87389278411865,"Female"
"9004153",371987,2025-07-02 15:56:55,42.6029891967773,-8.87369918823242,"Female"
"9004153",371987,2025-07-02 16:01:48,42.6011619567871,-8.87347412109375,"Female"
"9004153",371987,2025-07-02 16:06:45,42.6017227172852,-8.87421703338623,"Female"
"9004153",371987,2025-07-02 16:11:44,42.6016731262207,-8.8744421005249,"Female"
"9004153",371987,2025-07-02 16:16:44,42.6017150878906,-8.87440586090088,"Female"
"9004153",371987,2025-07-02 16:21:44,42.6016540527344,-8.87420082092285,"Female"
"9004153",371987,2025-07-02 16:26:44,42.601490020752,-8.87375068664551,"Female"
"9004153",371987,2025-07-02 16:31:45,42.601390838623,-8.87388038635254,"Female"
"9004153",371987,2025-07-02 16:36:44,42.6014823913574,-8.87347221374512,"Female"
"9004153",371987,2025-07-02 16:41:45,42.6015396118164,-8.87369918823242,"Female"
"9004153",371987,2025-07-02 16:46:47,42.6015510559082,-8.87392425537109,"Female"
"9004153",371987,2025-07-02 16:51:44,42.6015129089355,-8.8742790222168,"Female"
"9004153",371987,2025-07-02 16:56:44,42.601432800293,-8.87391090393066,"Female"
"9004153",371987,2025-07-02 17:01:44,42.6014976501465,-8.87430763244629,"Female"
"9004153",371987,2025-07-02 17:06:44,42.6014862060547,-8.87431812286377,"Female"
"9004153",371987,2025-07-02 17:11:44,42.6014595031738,-8.87434005737305,"Female"
"9004153",371987,2025-07-02 17:16:44,42.6015014648438,-8.87426376342773,"Female"
"9004153",371987,2025-07-02 17:21:44,42.6015014648438,-8.87434768676758,"Female"
"9004153",371987,2025-07-02 17:26:44,42.6014404296875,-8.87432384490967,"Female"
"9004153",371987,2025-07-02 17:31:44,42.6016578674316,-8.87442970275879,"Female"
"9004153",371987,2025-07-02 17:36:44,42.601676940918,-8.87443923950195,"Female"
"9004153",371987,2025-07-02 17:41:44,42.6017608642578,-8.87455654144287,"Female"
"9004153",371987,2025-07-02 17:46:44,42.601749420166,-8.87447547912598,"Female"
"9004153",371987,2025-07-02 17:51:44,42.6016807556152,-8.8746976852417,"Female"
"9004153",371987,2025-07-02 17:56:44,42.6017837524414,-8.87459754943848,"Female"
"9004153",371987,2025-07-02 18:01:44,42.6017417907715,-8.87461853027344,"Female"
"9004153",371987,2025-07-02 18:06:44,42.6017799377441,-8.8746395111084,"Female"
"9004153",371987,2025-07-02 18:11:44,42.601734161377,-8.87381172180176,"Female"
"9004153",371987,2025-07-02 18:16:44,42.6031684875488,-8.87686061859131,"Female"
"9004153",371987,2025-07-02 18:21:44,42.6031837463379,-8.87681579589844,"Female"
"9004153",371987,2025-07-02 18:26:44,42.6031112670898,-8.87686634063721,"Female"
"9004153",371987,2025-07-02 18:31:44,42.602970123291,-8.87674045562744,"Female"
"9004153",371987,2025-07-02 18:36:44,42.6031532287598,-8.87680912017822,"Female"
"9004153",371987,2025-07-02 18:41:45,42.6022071838379,-8.87706851959229,"Female"
"9004153",371987,2025-07-02 18:46:44,42.6027297973633,-8.87676334381104,"Female"
"9004153",371987,2025-07-02 18:51:44,42.6019096374512,-8.87738227844238,"Female"
"9004153",371987,2025-07-02 18:56:45,42.6002502441406,-8.86977672576904,"Female"
"9004153",371987,2025-07-02 19:01:44,42.6013221740723,-8.87455177307129,"Female"
"9004153",371987,2025-07-02 19:06:44,42.6014823913574,-8.87444305419922,"Female"
"9004153",371987,2025-07-02 19:11:44,42.6014060974121,-8.87392520904541,"Female"
"9004153",371987,2025-07-02 19:16:44,42.6015892028809,-8.87425899505615,"Female"
"9004153",371987,2025-07-02 19:21:44,42.6015777587891,-8.87428092956543,"Female"
"9004153",371987,2025-07-02 19:26:44,42.6025390625,-8.87673759460449,"Female"
"9004153",371987,2025-07-02 19:31:44,42.602409362793,-8.87631320953369,"Female"
"9004153",371987,2025-07-02 19:36:44,42.6025428771973,-8.87672996520996,"Female"
"9004153",371987,2025-07-02 19:41:44,42.6025505065918,-8.8766975402832,"Female"
"9004153",371987,2025-07-02 19:46:44,42.6025199890137,-8.87660789489746,"Female"
"9004153",371987,2025-07-02 19:51:44,42.6024513244629,-8.87673473358154,"Female"
"9004153",371987,2025-07-02 19:56:44,42.6023635864258,-8.87674999237061,"Female"
"9004153",371987,2025-07-02 20:01:44,42.6024322509766,-8.87661552429199,"Female"
"9004153",371987,2025-07-02 20:06:45,42.6033401489258,-8.87570762634277,"Female"
"9004153",371987,2025-07-02 20:11:44,42.6018714904785,-8.87652683258057,"Female"
"9004153",371987,2025-07-02 20:16:48,42.6017456054688,-8.8765869140625,"Female"
"9004153",371987,2025-07-02 20:21:44,42.6016159057617,-8.87682723999023,"Female"
"9004153",371987,2025-07-02 20:26:45,42.6018180847168,-8.8765115737915,"Female"
"9004153",371987,2025-07-02 20:31:45,42.6025428771973,-8.87668323516846,"Female"
"9004153",371987,2025-07-02 20:36:45,42.6026268005371,-8.87671375274658,"Female"
"9004153",371987,2025-07-02 20:41:46,42.6026725769043,-8.87666320800781,"Female"
"9004153",371987,2025-07-02 20:46:56,42.6027412414551,-8.87645721435547,"Female"
"9004153",371987,2025-07-02 20:51:49,42.6027870178223,-8.87644195556641,"Female"
"9004153",371987,2025-07-02 20:57:13,42.6024932861328,-8.87666606903076,"Female"
"9004153",371987,2025-07-02 21:01:43,42.6024894714355,-8.87659931182861,"Female"
"9004153",371987,2025-07-02 21:06:43,42.6022567749023,-8.87664794921875,"Female"
"9004153",371987,2025-07-02 21:11:43,42.6024703979492,-8.87659358978271,"Female"
"9004153",371987,2025-07-02 21:16:43,42.6023330688477,-8.87665939331055,"Female"
"9004153",371987,2025-07-02 21:21:43,42.6025314331055,-8.87664604187012,"Female"
"9004153",371987,2025-07-02 21:26:43,42.6024322509766,-8.87660980224609,"Female"
"9004153",371987,2025-07-02 21:31:43,42.6024360656738,-8.87668895721436,"Female"
"9004153",371987,2025-07-02 21:36:43,42.602294921875,-8.87664890289307,"Female"
"9004153",371987,2025-07-02 21:41:43,42.6025428771973,-8.8767032623291,"Female"
"9004153",371987,2025-07-02 21:46:44,42.6024627685547,-8.87668991088867,"Female"
"9004153",371987,2025-07-02 21:51:51,42.6024322509766,-8.8767032623291,"Female"
"9004153",371987,2025-07-02 21:57:10,42.6023178100586,-8.87674140930176,"Female"
"9004153",371987,2025-07-02 22:01:43,42.6023101806641,-8.87682437896729,"Female"
"9004153",371987,2025-07-02 22:06:43,42.6022872924805,-8.87680625915527,"Female"
"9004153",371987,2025-07-02 22:11:43,42.6023750305176,-8.87671852111816,"Female"
"9004153",371987,2025-07-02 22:16:46,42.6023368835449,-8.87661075592041,"Female"
"9004153",371987,2025-07-02 22:21:43,42.6023063659668,-8.87683773040771,"Female"
"9004153",371987,2025-07-02 22:26:43,42.6023139953613,-8.87687110900879,"Female"
"9004153",371987,2025-07-02 22:31:47,42.602294921875,-8.87678146362305,"Female"
"9004153",371987,2025-07-02 22:36:44,42.6023063659668,-8.87682151794434,"Female"
"9004153",371987,2025-07-02 22:41:44,42.6023178100586,-8.87694549560547,"Female"
"9004153",371987,2025-07-02 22:47:05,42.6023254394531,-8.87678718566895,"Female"
"9004153",371987,2025-07-02 22:51:43,42.6023559570312,-8.87680244445801,"Female"
"9004153",371987,2025-07-02 22:57:14,42.6023254394531,-8.87670040130615,"Female"
"9004153",371987,2025-07-02 23:01:47,42.6023750305176,-8.87676048278809,"Female"
"9004153",371987,2025-07-02 23:06:48,42.6023254394531,-8.87654876708984,"Female"
"9004153",371987,2025-07-02 23:11:46,42.6023788452148,-8.87674617767334,"Female"
"9004153",371987,2025-07-02 23:16:46,42.6023712158203,-8.87664127349854,"Female"
"9004153",371987,2025-07-02 23:21:47,42.6023635864258,-8.87682151794434,"Female"
"9004153",371987,2025-07-02 23:26:46,42.6023826599121,-8.87677383422852,"Female"
"9004153",371987,2025-07-02 23:31:46,42.6023178100586,-8.87671184539795,"Female"
"9004153",371987,2025-07-02 23:36:58,42.6024017333984,-8.87682914733887,"Female"
"9004153",371987,2025-07-02 23:41:49,42.6023788452148,-8.87686347961426,"Female"
"9004153",371987,2025-07-02 23:47:15,42.6023635864258,-8.87660980224609,"Female"
"9004153",371987,2025-07-02 23:51:45,42.6023139953613,-8.87661933898926,"Female"
"9004153",371987,2025-07-02 23:56:45,42.6023063659668,-8.87656688690186,"Female"
"9004153",371987,2025-07-03 00:01:46,42.6023788452148,-8.8765344619751,"Female"
"9004153",371987,2025-07-03 00:06:46,42.6023101806641,-8.87667369842529,"Female"
"9004153",371987,2025-07-03 00:11:45,42.6022911071777,-8.87657833099365,"Female"
"9004153",371987,2025-07-03 00:16:45,42.6023902893066,-8.87654876708984,"Female"
"9004153",371987,2025-07-03 00:21:46,42.602367401123,-8.87664699554443,"Female"
"9004153",371987,2025-07-03 00:26:43,42.602424621582,-8.87652397155762,"Female"
"9004153",371987,2025-07-03 00:32:02,42.6023178100586,-8.87654495239258,"Female"
"9004153",371987,2025-07-03 00:37:05,42.6024436950684,-8.87662506103516,"Female"
"9004153",371987,2025-07-03 00:41:44,42.6023101806641,-8.87669277191162,"Female"
"9004153",371987,2025-07-03 00:46:44,42.6024780273438,-8.8767204284668,"Female"
"9004153",371987,2025-07-03 00:51:44,42.6023330688477,-8.87660026550293,"Female"
"9004153",371987,2025-07-03 00:56:44,42.6023788452148,-8.87656784057617,"Female"
"9004153",371987,2025-07-03 01:01:44,42.6023826599121,-8.87657833099365,"Female"
"9004153",371987,2025-07-03 01:06:44,42.6023788452148,-8.8765697479248,"Female"
"9004153",371987,2025-07-03 01:11:44,42.6023063659668,-8.87650775909424,"Female"
"9004153",371987,2025-07-03 01:16:44,42.6023826599121,-8.87650394439697,"Female"
"9004153",371987,2025-07-03 01:21:47,42.602367401123,-8.8765230178833,"Female"
"9004153",371987,2025-07-03 01:26:44,42.6023254394531,-8.8764762878418,"Female"
"9004153",371987,2025-07-03 01:31:44,42.6023483276367,-8.87640476226807,"Female"
"9004153",371987,2025-07-03 01:36:44,42.6024627685547,-8.87633323669434,"Female"
"9004153",371987,2025-07-03 01:41:44,42.6023559570312,-8.87632465362549,"Female"
"9004153",371987,2025-07-03 01:46:44,42.6024208068848,-8.87640476226807,"Female"
"9004153",371987,2025-07-03 01:51:44,42.6023902893066,-8.87630176544189,"Female"
"9004153",371987,2025-07-03 01:56:44,42.6024398803711,-8.87637615203857,"Female"
"9004153",371987,2025-07-03 02:01:44,42.6026077270508,-8.87646484375,"Female"
"9004153",371987,2025-07-03 02:06:44,42.6025733947754,-8.87669277191162,"Female"
"9004153",371987,2025-07-03 02:11:44,42.6026039123535,-8.87650871276855,"Female"
"9004153",371987,2025-07-03 02:16:45,42.6027526855469,-8.87643146514893,"Female"
"9004153",371987,2025-07-03 02:21:44,42.6028480529785,-8.87625026702881,"Female"
"9004153",371987,2025-07-03 02:26:44,42.6025657653809,-8.87642288208008,"Female"
"9004153",371987,2025-07-03 02:31:44,42.6027641296387,-8.87611484527588,"Female"
"9004153",371987,2025-07-03 02:36:44,42.6026496887207,-8.876220703125,"Female"
"9004153",371987,2025-07-03 02:41:44,42.602725982666,-8.87633800506592,"Female"
"9004153",371987,2025-07-03 02:46:44,42.6027984619141,-8.87616634368896,"Female"
"9004153",371987,2025-07-03 02:51:48,42.6027793884277,-8.87644386291504,"Female"
"9004153",371987,2025-07-03 02:56:44,42.6027526855469,-8.8768253326416,"Female"
"9004153",371987,2025-07-03 03:01:45,42.602653503418,-8.87686538696289,"Female"
"9004153",371987,2025-07-03 03:06:49,42.6026840209961,-8.87679862976074,"Female"
"9004153",371987,2025-07-03 03:11:45,42.6026763916016,-8.87692451477051,"Female"
"9004153",371987,2025-07-03 03:16:44,42.602481842041,-8.87726306915283,"Female"
"9004153",371987,2025-07-03 03:21:47,42.6026763916016,-8.87710857391357,"Female"
"9004153",371987,2025-07-03 03:26:46,42.6024398803711,-8.87717151641846,"Female"
"9004153",371987,2025-07-03 03:31:54,42.6025276184082,-8.87682342529297,"Female"
"9004153",371987,2025-07-03 03:36:46,42.602466583252,-8.87653255462646,"Female"
"9004153",371987,2025-07-03 03:41:44,42.602424621582,-8.87659931182861,"Female"
"9004153",371987,2025-07-03 03:46:46,42.6025505065918,-8.87675952911377,"Female"
"9004153",371987,2025-07-03 03:51:44,42.6025238037109,-8.8768196105957,"Female"
"9004153",371987,2025-07-03 03:56:46,42.6023406982422,-8.87625312805176,"Female"
"9004153",371987,2025-07-03 04:01:54,42.6024017333984,-8.87668800354004,"Female"
"9004153",371987,2025-07-03 04:06:46,42.6023750305176,-8.87664127349854,"Female"
"9004153",371987,2025-07-03 04:11:54,42.6024475097656,-8.87658977508545,"Female"
"9004153",371987,2025-07-03 04:16:55,42.6024932861328,-8.87653255462646,"Female"
"9004153",371987,2025-07-03 04:21:54,42.6024703979492,-8.87646770477295,"Female"
"9004153",371987,2025-07-03 04:26:55,42.6023483276367,-8.87621688842773,"Female"
"9004153",371987,2025-07-03 04:31:57,42.6024017333984,-8.87619495391846,"Female"
"9004153",371987,2025-07-03 04:37:04,42.6023902893066,-8.87648296356201,"Female"
"9004153",371987,2025-07-03 04:41:44,42.6024589538574,-8.87649536132812,"Female"
"9004153",371987,2025-07-03 04:46:45,42.6024475097656,-8.87641525268555,"Female"
"9004153",371987,2025-07-03 04:51:44,42.6014785766602,-8.87384605407715,"Female"
"9004153",371987,2025-07-03 04:56:44,42.6015472412109,-8.87398242950439,"Female"
"9004153",371987,2025-07-03 05:01:44,42.6014785766602,-8.87391090393066,"Female"
"9004153",371987,2025-07-03 05:06:44,42.6014633178711,-8.87382030487061,"Female"
"9004153",371987,2025-07-03 05:11:44,42.6014404296875,-8.87384033203125,"Female"
"9004153",371987,2025-07-03 05:16:44,42.6014671325684,-8.87380027770996,"Female"
"9004153",371987,2025-07-03 05:21:44,42.6014289855957,-8.8737964630127,"Female"
"9004153",371987,2025-07-03 05:26:44,42.6014251708984,-8.87379455566406,"Female"
"9004153",371987,2025-07-03 05:31:44,42.6014213562012,-8.87366962432861,"Female"
"9004153",371987,2025-07-03 05:36:44,42.6013412475586,-8.87353134155273,"Female"
"9004153",371987,2025-07-03 05:41:45,42.6013221740723,-8.87363815307617,"Female"
"9004153",371987,2025-07-03 05:46:45,42.6014213562012,-8.87343692779541,"Female"
"9004153",371987,2025-07-03 05:51:45,42.6014060974121,-8.87347507476807,"Female"
"9004153",371987,2025-07-03 05:56:45,42.6013870239258,-8.87340354919434,"Female"
"9004153",371987,2025-07-03 06:01:45,42.6005859375,-8.87135696411133,"Female"
"9004153",371987,2025-07-03 06:06:46,42.6006317138672,-8.87121868133545,"Female"
"9004153",371987,2025-07-03 06:11:46,42.6003379821777,-8.87041664123535,"Female"
"9004153",371987,2025-07-03 06:16:53,42.6016845703125,-8.87423419952393,"Female"
"9004153",371987,2025-07-03 06:21:47,42.6007308959961,-8.87138271331787,"Female"
"9004153",371987,2025-07-03 06:26:49,42.601676940918,-8.87303829193115,"Female"
"9004153",371987,2025-07-03 06:31:53,42.6018371582031,-8.87487030029297,"Female"
"9004153",371987,2025-07-03 06:36:51,42.6040687561035,-8.8750114440918,"Female"
"9004153",371987,2025-07-03 06:41:46,42.6046829223633,-8.87358856201172,"Female"
"9004153",371987,2025-07-03 06:46:51,42.6064147949219,-8.8726806640625,"Female"
"9004153",371987,2025-07-03 06:51:48,42.6055488586426,-8.87199115753174,"Female"
"9004153",371987,2025-07-03 06:56:49,42.6044578552246,-8.87295436859131,"Female"
"9004153",371987,2025-07-03 07:01:52,42.6036109924316,-8.875412940979,"Female"
"9004153",371987,2025-07-03 07:07:02,42.6032409667969,-8.87939453125,"Female"
"9004153",371987,2025-07-03 07:11:54,42.6026000976562,-8.87668132781982,"Female"
"9004153",371987,2025-07-03 07:16:54,42.6025810241699,-8.8766622543335,"Female"
"9004153",371987,2025-07-03 07:22:07,42.6028747558594,-8.87654685974121,"Female"
"9004153",371987,2025-07-03 07:27:10,42.6022834777832,-8.8766565322876,"Female"
"9004153",371987,2025-07-03 07:31:49,42.6027908325195,-8.87676620483398,"Female"
"9004153",371987,2025-07-03 07:36:52,42.6026763916016,-8.87667179107666,"Female"
"9004153",371987,2025-07-03 07:41:49,42.6022987365723,-8.87674903869629,"Female"
"9004153",371987,2025-07-03 07:46:52,42.6024703979492,-8.87776184082031,"Female"
"9004153",371987,2025-07-03 07:52:05,42.6025848388672,-8.87846374511719,"Female"
"9004153",371987,2025-07-03 07:57:13,42.6024398803711,-8.87791728973389,"Female"
"9004153",371987,2025-07-03 08:01:51,42.6023750305176,-8.87725639343262,"Female"
"9004153",371987,2025-07-03 08:06:55,42.6022033691406,-8.87691497802734,"Female"
"9004153",371987,2025-07-03 08:11:50,42.6023139953613,-8.87713718414307,"Female"
"9004153",371987,2025-07-03 08:16:49,42.6022605895996,-8.87679004669189,"Female"
"9004153",371987,2025-07-03 08:21:54,42.6022338867188,-8.87680244445801,"Female"
"9004153",371987,2025-07-03 08:26:52,42.6021347045898,-8.87648010253906,"Female"
"9004153",371987,2025-07-03 08:31:54,42.6015701293945,-8.87624454498291,"Female"
"9004153",371987,2025-07-03 08:36:54,42.6028671264648,-8.87926769256592,"Female"
"9004153",371987,2025-07-03 08:41:52,42.6009559631348,-8.87603378295898,"Female"
"9004153",371987,2025-07-03 08:47:15,42.601390838623,-8.87642383575439,"Female"
"9004153",371987,2025-07-03 08:51:49,42.601390838623,-8.87649536132812,"Female"
"9004153",371987,2025-07-03 08:56:48,42.6015434265137,-8.87660503387451,"Female"
"9004153",371987,2025-07-03 09:01:48,42.6009712219238,-8.87627124786377,"Female"
"9004153",371987,2025-07-03 09:06:48,42.6011657714844,-8.87637424468994,"Female"
"9004153",371987,2025-07-03 09:12:50,42.5993461608887,-8.87563800811768,"Female"
"9004153",371987,2025-07-03 09:17:36,42.5979766845703,-8.87678909301758,"Female"
"9004153",371987,2025-07-03 09:22:41,42.5983543395996,-8.87448310852051,"Female"
"9004153",371987,2025-07-03 09:27:36,42.5989227294922,-8.87450218200684,"Female"
"9004153",371987,2025-07-03 09:35:36,42.5991439819336,-8.87156581878662,"Female"
"9004153",371987,2025-07-03 09:44:14,42.5959396362305,-8.87447643280029,"Female"
"9004153",371987,2025-07-03 09:49:00,42.5975151062012,-8.87529850006104,"Female"
"9004153",371987,2025-07-03 09:54:01,42.6015968322754,-8.876051902771,"Female"
"9004153",371987,2025-07-03 09:59:16,42.6024208068848,-8.87613677978516,"Female"
"9004153",371987,2025-07-03 10:04:00,42.6013832092285,-8.87625980377197,"Female"
"9004153",371987,2025-07-03 10:09:01,42.6014099121094,-8.87629699707031,"Female"
"9004153",371987,2025-07-03 10:14:04,42.6015472412109,-8.87590312957764,"Female"
"9004153",371987,2025-07-03 10:19:08,42.6017837524414,-8.87627410888672,"Female"
"9004153",371987,2025-07-03 10:24:06,42.6014137268066,-8.87590885162354,"Female"
"9004153",371987,2025-07-03 10:29:13,42.6014099121094,-8.87619113922119,"Female"
"9004153",371987,2025-07-03 10:34:10,42.6042366027832,-8.87504100799561,"Female"
"9004153",371987,2025-07-03 10:39:04,42.6053924560547,-8.87570858001709,"Female"
"9004153",371987,2025-07-03 10:44:37,42.6039810180664,-8.8760290145874,"Female"
"9004153",371987,2025-07-03 10:49:44,42.6041641235352,-8.8729248046875,"Female"
"9004153",371987,2025-07-03 10:54:40,42.6048622131348,-8.87051391601562,"Female"
"9004153",371987,2025-07-03 10:59:33,42.6055374145508,-8.87014484405518,"Female"
"9004153",371987,2025-07-03 11:04:33,42.608211517334,-8.87220573425293,"Female"
"9004153",371987,2025-07-03 11:10:41,42.6067848205566,-8.87154388427734,"Female"
"9004153",371987,2025-07-03 11:15:56,42.6061401367188,-8.87284660339355,"Female"
"9004153",371987,2025-07-03 11:20:57,42.6055374145508,-8.87250900268555,"Female"
"9004153",371987,2025-07-03 11:26:12,42.6055107116699,-8.87139511108398,"Female"
"9004153",371987,2025-07-03 11:31:10,42.6053810119629,-8.87222766876221,"Female"
"9004153",371987,2025-07-03 11:36:37,42.6039619445801,-8.87188720703125,"Female"
"9004153",371987,2025-07-03 11:42:52,42.6020736694336,-8.87323951721191,"Female"
"9004153",371987,2025-07-03 11:49:05,42.6010856628418,-8.87462902069092,"Female"
"9004153",371987,2025-07-03 11:53:50,42.601203918457,-8.87460327148438,"Female"
"9004153",371987,2025-07-03 11:58:37,42.6010627746582,-8.87462615966797,"Female"
"9004153",371987,2025-07-03 12:03:28,42.6011428833008,-8.87413597106934,"Female"
"9004153",371987,2025-07-03 12:08:30,42.6011428833008,-8.87431526184082,"Female"
"9004153",371987,2025-07-03 12:13:41,42.6009063720703,-8.87436962127686,"Female"
"9004153",371987,2025-07-03 12:18:29,42.6012687683105,-8.87448692321777,"Female"
"9004153",371987,2025-07-03 12:23:26,42.6011123657227,-8.87427616119385,"Female"
"9004153",371987,2025-07-03 12:28:27,42.6003913879395,-8.87344169616699,"Female"
"9004153",371987,2025-07-03 12:33:28,42.6012687683105,-8.87432289123535,"Female"
"9004153",371987,2025-07-03 12:38:27,42.601146697998,-8.87374782562256,"Female"
"9004153",371987,2025-07-03 12:43:25,42.6011428833008,-8.87377452850342,"Female"
"9004153",371987,2025-07-03 12:48:52,42.6020545959473,-8.87434577941895,"Female"
"9004153",371987,2025-07-03 12:53:26,42.6021118164062,-8.87433624267578,"Female"
"9004153",371987,2025-07-03 12:58:25,42.6021385192871,-8.87444114685059,"Female"
"9004153",371987,2025-07-03 13:03:25,42.6020774841309,-8.87439346313477,"Female"
"9004153",371987,2025-07-03 13:08:37,42.6020393371582,-8.87436389923096,"Female"
"9004153",371987,2025-07-03 13:13:29,42.6012687683105,-8.87425136566162,"Female"
"9004153",371987,2025-07-03 13:18:32,42.6020660400391,-8.8743896484375,"Female"
"9004153",371987,2025-07-03 13:23:32,42.6020469665527,-8.87442302703857,"Female"
"9004153",371987,2025-07-03 13:28:30,42.6015739440918,-8.87381172180176,"Female"
"9004153",371987,2025-07-03 13:33:40,42.6017227172852,-8.87472057342529,"Female"
"9004153",371987,2025-07-03 13:38:27,42.6019706726074,-8.8735818862915,"Female"
"9004153",371987,2025-07-03 13:43:29,42.6021728515625,-8.87382888793945,"Female"
"9004153",371987,2025-07-03 13:48:30,42.6009330749512,-8.87215614318848,"Female"
"9004153",371987,2025-07-03 13:53:34,42.6003684997559,-8.87143039703369,"Female"
"9004153",371987,2025-07-03 13:59:09,42.5992164611816,-8.87015056610107,"Female"
"9004153",371987,2025-07-03 14:04:26,42.6002540588379,-8.87091159820557,"Female"
"9004153",371987,2025-07-03 14:09:19,42.6015548706055,-8.87374210357666,"Female"
"9004153",371987,2025-07-03 14:14:18,42.6015968322754,-8.8737964630127,"Female"
"9004153",371987,2025-07-03 14:19:35,42.6015815734863,-8.87391376495361,"Female"
"9004153",371987,2025-07-03 14:24:12,42.6016273498535,-8.8740406036377,"Female"
"9004153",371987,2025-07-03 14:29:11,42.6015586853027,-8.87422752380371,"Female"
"9004153",371987,2025-07-03 14:34:12,42.6016082763672,-8.87427425384521,"Female"
"9004153",371987,2025-07-03 14:39:12,42.6015586853027,-8.87431049346924,"Female"
"9004153",371987,2025-07-03 14:44:12,42.6016159057617,-8.87420272827148,"Female"
"9004153",371987,2025-07-03 14:49:12,42.6015777587891,-8.87416839599609,"Female"
"9004153",371987,2025-07-03 14:54:12,42.6017227172852,-8.87426567077637,"Female"
"9004153",371987,2025-07-03 14:59:12,42.6017417907715,-8.87429046630859,"Female"
"9004153",371987,2025-07-03 15:04:12,42.6015357971191,-8.87424278259277,"Female"
"9004153",371987,2025-07-03 15:09:12,42.6015548706055,-8.87428665161133,"Female"
"9004153",371987,2025-07-03 15:14:12,42.6015472412109,-8.87426471710205,"Female"
"9004153",371987,2025-07-03 15:19:12,42.6015129089355,-8.8742208480835,"Female"
"9004153",371987,2025-07-03 15:24:12,42.6015167236328,-8.87424373626709,"Female"
"9004153",371987,2025-07-03 15:29:54,42.6011047363281,-8.874587059021,"Female"
"9004153",371987,2025-07-03 15:35:37,42.5998878479004,-8.87633800506592,"Female"
"9004153",371987,2025-07-03 15:41:21,42.5984306335449,-8.87667942047119,"Female"
"9004153",371987,2025-07-03 15:46:26,42.5993843078613,-8.87606048583984,"Female"
"9004153",371987,2025-07-03 15:51:40,42.5992851257324,-8.87758827209473,"Female"
"9004153",371987,2025-07-03 15:56:40,42.5993728637695,-8.87854766845703,"Female"
"9004153",371987,2025-07-03 16:01:44,42.5998954772949,-8.87702560424805,"Female"
"9004153",371987,2025-07-03 16:06:40,42.6023101806641,-8.87642383575439,"Female"
"9004153",371987,2025-07-03 16:11:41,42.6028289794922,-8.87644958496094,"Female"
"9004153",371987,2025-07-03 16:16:40,42.6027717590332,-8.87642192840576,"Female"
"9004153",371987,2025-07-03 16:21:40,42.6027450561523,-8.87643432617188,"Female"
"9004153",371987,2025-07-03 16:26:40,42.6027603149414,-8.87645626068115,"Female"
"9004153",371987,2025-07-03 16:31:40,42.6022186279297,-8.87661743164062,"Female"
"9004153",371987,2025-07-03 16:36:40,42.6021995544434,-8.87655353546143,"Female"
"9004153",371987,2025-07-03 16:41:40,42.6022529602051,-8.8765172958374,"Female"
"9004153",371987,2025-07-03 16:46:40,42.6021957397461,-8.87651824951172,"Female"
"9004153",371987,2025-07-03 16:51:40,42.6021919250488,-8.87646198272705,"Female"
"9004153",371987,2025-07-03 16:56:40,42.6022109985352,-8.87653636932373,"Female"
"9004153",371987,2025-07-03 17:01:40,42.6022071838379,-8.87655830383301,"Female"
"9004153",371987,2025-07-03 17:06:40,42.6021995544434,-8.87653827667236,"Female"
"9004153",371987,2025-07-03 17:11:40,42.6022186279297,-8.87658596038818,"Female"
"9004153",371987,2025-07-03 17:16:40,42.6022491455078,-8.8765697479248,"Female"
"9004153",371987,2025-07-03 17:21:39,42.6023254394531,-8.8766508102417,"Female"
"9004153",371987,2025-07-03 17:26:40,42.6022186279297,-8.87657451629639,"Female"
"9004153",371987,2025-07-03 17:31:39,42.602294921875,-8.87665462493896,"Female"
"9004153",371987,2025-07-03 17:36:39,42.6022834777832,-8.87667179107666,"Female"
"9004153",371987,2025-07-03 17:41:39,42.6022605895996,-8.87660312652588,"Female"
"9004153",371987,2025-07-03 17:46:40,42.6023063659668,-8.87657833099365,"Female"
"9004153",371987,2025-07-03 17:51:39,42.6022872924805,-8.87662315368652,"Female"
"9004153",371987,2025-07-03 17:56:40,42.6022720336914,-8.87668800354004,"Female"
"9004153",371987,2025-07-03 18:01:39,42.6022644042969,-8.87662506103516,"Female"
"9004153",371987,2025-07-03 18:06:39,42.6023216247559,-8.87678146362305,"Female"
"9004153",371987,2025-07-03 18:11:39,42.6022605895996,-8.87681674957275,"Female"
"9004153",371987,2025-07-03 18:16:39,42.6022529602051,-8.87684917449951,"Female"
"9004153",371987,2025-07-03 18:21:39,42.6022300720215,-8.87690448760986,"Female"
"9004153",371987,2025-07-03 18:26:39,42.6020812988281,-8.8769998550415,"Female"
"9004153",371987,2025-07-03 18:31:41,42.6022682189941,-8.87719440460205,"Female"
"9004153",371987,2025-07-03 18:36:41,42.6023902893066,-8.87763786315918,"Female"
"9004153",371987,2025-07-03 18:41:39,42.6022300720215,-8.8769063949585,"Female"
"9004153",371987,2025-07-03 18:46:39,42.602352142334,-8.87657451629639,"Female"
"9004153",371987,2025-07-03 18:51:39,42.6025352478027,-8.87664699554443,"Female"
"9004153",371987,2025-07-03 18:56:41,42.6024436950684,-8.87736129760742,"Female"
"9004153",371987,2025-07-03 19:01:39,42.6023902893066,-8.87746334075928,"Female"
"9004153",371987,2025-07-03 19:06:39,42.6024169921875,-8.87745952606201,"Female"
"9004153",371987,2025-07-03 19:11:40,42.6024475097656,-8.87724494934082,"Female"
"9004153",371987,2025-07-03 19:16:40,42.6024589538574,-8.87737941741943,"Female"
"9004153",371987,2025-07-03 19:21:40,42.6015396118164,-8.87720680236816,"Female"
"9004153",371987,2025-07-03 19:26:40,42.6023788452148,-8.87658596038818,"Female"
"9004153",371987,2025-07-03 19:31:39,42.6015625,-8.87413787841797,"Female"
"9004153",371987,2025-07-03 19:36:39,42.6023406982422,-8.87647151947021,"Female"
"9004153",371987,2025-07-03 19:41:39,42.6021957397461,-8.87637901306152,"Female"
"9004153",371987,2025-07-03 19:46:39,42.6022300720215,-8.87636661529541,"Female"
"9004153",371987,2025-07-03 19:51:39,42.6022491455078,-8.87649536132812,"Female"
"9004153",371987,2025-07-03 19:56:39,42.6021728515625,-8.8763542175293,"Female"
"9004153",371987,2025-07-03 20:01:39,42.6021041870117,-8.87623882293701,"Female"
"9004153",371987,2025-07-03 20:06:42,42.6020774841309,-8.8764066696167,"Female"
"9004153",371987,2025-07-03 20:11:43,42.6019172668457,-8.87631607055664,"Female"
"9004153",371987,2025-07-03 20:16:39,42.6018600463867,-8.87602519989014,"Female"
"9004153",371987,2025-07-03 20:21:41,42.6018371582031,-8.87574577331543,"Female"
"9004153",371987,2025-07-03 20:26:40,42.601203918457,-8.87561225891113,"Female"
"9004153",371987,2025-07-03 20:31:40,42.6017303466797,-8.87579822540283,"Female"
"9004153",371987,2025-07-03 20:36:43,42.6014099121094,-8.87635707855225,"Female"
"9004153",371987,2025-07-03 20:41:45,42.6018676757812,-8.87706565856934,"Female"
"9004153",371987,2025-07-03 20:46:43,42.6023406982422,-8.87723827362061,"Female"
"9004153",371987,2025-07-03 20:51:45,42.6023101806641,-8.87709045410156,"Female"
"9004153",371987,2025-07-03 20:56:42,42.6015548706055,-8.87673950195312,"Female"
"9004153",371987,2025-07-03 21:01:41,42.6012878417969,-8.87687969207764,"Female"
"9004153",371987,2025-07-03 21:06:39,42.6017417907715,-8.87675380706787,"Female"
"9004153",371987,2025-07-03 21:11:39,42.6018600463867,-8.87681579589844,"Female"
"9004153",371987,2025-07-03 21:16:40,42.6020927429199,-8.87686061859131,"Female"
"9004153",371987,2025-07-03 21:21:40,42.6021766662598,-8.87677001953125,"Female"
"9004153",371987,2025-07-03 21:26:40,42.6019668579102,-8.87689113616943,"Female"
"9004153",371987,2025-07-03 21:31:39,42.6019554138184,-8.87674903869629,"Female"
"9004153",371987,2025-07-03 21:36:40,42.6020812988281,-8.87665176391602,"Female"
"9004153",371987,2025-07-03 21:41:39,42.6022300720215,-8.87653636932373,"Female"
"9004153",371987,2025-07-03 21:46:40,42.6019515991211,-8.87668228149414,"Female"
"9004153",371987,2025-07-03 21:51:39,42.6020126342773,-8.87668228149414,"Female"
"9004153",371987,2025-07-03 21:56:40,42.6020011901855,-8.87668037414551,"Female"
"9004153",371987,2025-07-03 22:01:39,42.6019439697266,-8.87678909301758,"Female"
"9004153",371987,2025-07-03 22:06:40,42.6019134521484,-8.87673473358154,"Female"
"9004153",371987,2025-07-03 22:11:39,42.601936340332,-8.87663555145264,"Female"
"9004153",371987,2025-07-03 22:16:40,42.6018981933594,-8.87668704986572,"Female"
"9004153",371987,2025-07-03 22:21:39,42.6017112731934,-8.87678050994873,"Female"
"9004153",371987,2025-07-03 22:26:40,42.6016044616699,-8.87675762176514,"Female"
"9004153",371987,2025-07-03 22:31:40,42.6015892028809,-8.87668514251709,"Female"
"9004153",371987,2025-07-03 22:36:42,42.6016464233398,-8.876708984375,"Female"
"9004153",371987,2025-07-03 22:41:39,42.6015853881836,-8.87687873840332,"Female"
"9004153",371987,2025-07-03 22:46:40,42.6015968322754,-8.87683582305908,"Female"
"9004153",371987,2025-07-03 22:51:40,42.6016159057617,-8.8767671585083,"Female"
"9004153",371987,2025-07-03 22:56:40,42.6015586853027,-8.87662506103516,"Female"
"9004153",371987,2025-07-03 23:01:39,42.601619720459,-8.87670135498047,"Female"
"9004153",371987,2025-07-03 23:06:40,42.6016159057617,-8.87670421600342,"Female"
"9004153",371987,2025-07-03 23:11:49,42.600887298584,-8.87651062011719,"Female"
"9004153",371987,2025-07-03 23:16:43,42.6019096374512,-8.87760448455811,"Female"
"9004153",371987,2025-07-03 23:21:43,42.6010856628418,-8.87671947479248,"Female"
"9004153",371987,2025-07-03 23:26:42,42.6012496948242,-8.87645530700684,"Female"
"9004153",371987,2025-07-03 23:31:42,42.6020927429199,-8.87705039978027,"Female"
"9004153",371987,2025-07-03 23:36:48,42.6021995544434,-8.87739562988281,"Female"
"9004153",371987,2025-07-03 23:41:55,42.6020050048828,-8.87720680236816,"Female"
"9004153",371987,2025-07-03 23:46:49,42.6019172668457,-8.87711620330811,"Female"
"9004153",371987,2025-07-03 23:51:43,42.6018829345703,-8.87703323364258,"Female"
"9004153",371987,2025-07-03 23:56:43,42.601921081543,-8.87699317932129,"Female"
"9004153",371987,2025-07-04 00:01:45,42.6019248962402,-8.87702465057373,"Female"
"9004153",371987,2025-07-04 00:06:43,42.6019401550293,-8.87701988220215,"Female"
"9004153",371987,2025-07-04 00:11:41,42.6019515991211,-8.87677478790283,"Female"
"9004153",371987,2025-07-04 00:16:40,42.601749420166,-8.87726020812988,"Female"
"9004153",371987,2025-07-04 00:21:40,42.6017799377441,-8.87720394134521,"Female"
"9004153",371987,2025-07-04 00:26:40,42.6016235351562,-8.87703609466553,"Female"
"9004153",371987,2025-07-04 00:31:40,42.6015205383301,-8.87699031829834,"Female"
"9004153",371987,2025-07-04 00:36:40,42.6014442443848,-8.87705516815186,"Female"
"9004153",371987,2025-07-04 00:41:41,42.6016578674316,-8.8769702911377,"Female"
"9004153",371987,2025-07-04 00:46:41,42.6014862060547,-8.87707233428955,"Female"
"9004153",371987,2025-07-04 00:51:43,42.6015892028809,-8.87698459625244,"Female"
"9004153",371987,2025-07-04 00:56:40,42.6014289855957,-8.87704277038574,"Female"
"9004153",371987,2025-07-04 01:01:40,42.6014404296875,-8.87711334228516,"Female"
"9004153",371987,2025-07-04 01:06:41,42.6014938354492,-8.87706661224365,"Female"
"9004153",371987,2025-07-04 01:11:42,42.6015167236328,-8.87710952758789,"Female"
"9004153",371987,2025-07-04 01:16:41,42.6015396118164,-8.8770694732666,"Female"
"9004153",371987,2025-07-04 01:21:41,42.6017303466797,-8.87688541412354,"Female"
"9004153",371987,2025-07-04 01:26:39,42.6015548706055,-8.877028465271,"Female"
"9004153",371987,2025-07-04 01:31:41,42.6017646789551,-8.87697601318359,"Female"
"9004153",371987,2025-07-04 01:36:40,42.6014595031738,-8.876953125,"Female"
"9004153",371987,2025-07-04 01:41:43,42.6017990112305,-8.87650108337402,"Female"
"9004153",371987,2025-07-04 01:46:49,42.6017799377441,-8.87647819519043,"Female"
"9004153",371987,2025-07-04 01:51:40,42.6016616821289,-8.87654399871826,"Female"
"9004153",371987,2025-07-04 01:57:02,42.6017608642578,-8.87775230407715,"Female"
"9004153",371987,2025-07-04 02:01:39,42.601879119873,-8.87805652618408,"Female"
"9004153",371987,2025-07-04 02:06:40,42.6017608642578,-8.87814331054688,"Female"
"9004153",371987,2025-07-04 02:11:40,42.6018829345703,-8.87818241119385,"Female"
"9004153",371987,2025-07-04 02:16:48,42.6017723083496,-8.87753868103027,"Female"
"9004153",371987,2025-07-04 02:21:40,42.6018104553223,-8.8779993057251,"Female"
"9004153",371987,2025-07-04 02:26:48,42.6018104553223,-8.87735462188721,"Female"
"9004153",371987,2025-07-04 02:31:40,42.6018409729004,-8.87749195098877,"Female"
"9004153",371987,2025-07-04 02:36:45,42.6017112731934,-8.87707042694092,"Female"
"9004153",371987,2025-07-04 02:41:41,42.6016502380371,-8.87708568572998,"Female"
"9004153",371987,2025-07-04 02:46:41,42.6016960144043,-8.87669849395752,"Female"
"9004153",371987,2025-07-04 02:51:42,42.601692199707,-8.87675094604492,"Female"
"9004153",371987,2025-07-04 02:56:41,42.6015319824219,-8.87723064422607,"Female"
"9004153",371987,2025-07-04 03:01:42,42.6017074584961,-8.87691307067871,"Female"
"9004153",371987,2025-07-04 03:06:50,42.6018562316895,-8.87680435180664,"Female"
"9004153",371987,2025-07-04 03:11:40,42.6012954711914,-8.87733268737793,"Female"
"9004153",371987,2025-07-04 03:16:41,42.6011734008789,-8.87750148773193,"Female"
"9004153",371987,2025-07-04 03:21:48,42.6018829345703,-8.87671089172363,"Female"
"9004153",371987,2025-07-04 03:26:49,42.601806640625,-8.87672805786133,"Female"
"9004153",371987,2025-07-04 03:31:40,42.6011962890625,-8.87755393981934,"Female"
"9004153",371987,2025-07-04 03:36:48,42.6018409729004,-8.87673664093018,"Female"
"9004153",371987,2025-07-04 03:41:40,42.6016387939453,-8.87695789337158,"Female"
"9004153",371987,2025-07-04 03:46:42,42.6017074584961,-8.87684154510498,"Female"
"9004153",371987,2025-07-04 03:51:39,42.6016960144043,-8.87673759460449,"Female"
"9004153",371987,2025-07-04 03:56:39,42.6016387939453,-8.87697124481201,"Female"
"9004153",371987,2025-07-04 04:01:40,42.6015357971191,-8.87688827514648,"Female"
"9004153",371987,2025-07-04 04:06:39,42.6016464233398,-8.87675857543945,"Female"
"9004153",371987,2025-07-04 04:11:40,42.6015663146973,-8.87665271759033,"Female"
"9004153",371987,2025-07-04 04:16:39,42.6014175415039,-8.87689113616943,"Female"
"9004153",371987,2025-07-04 04:21:45,42.6015892028809,-8.87660884857178,"Female"
"9004153",371987,2025-07-04 04:26:41,42.6016387939453,-8.87644577026367,"Female"
"9004153",371987,2025-07-04 04:31:40,42.6015548706055,-8.87652206420898,"Female"
"9004153",371987,2025-07-04 04:36:40,42.6015129089355,-8.87662315368652,"Female"
"9004153",371987,2025-07-04 04:41:39,42.6014289855957,-8.87428665161133,"Female"
"9004153",371987,2025-07-04 04:46:41,42.6015663146973,-8.87399482727051,"Female"
"9004153",371987,2025-07-04 04:51:46,42.6012649536133,-8.87418460845947,"Female"
"9004153",371987,2025-07-04 04:56:47,42.6015625,-8.87385845184326,"Female"
"9004153",371987,2025-07-04 05:01:41,42.6017608642578,-8.87342739105225,"Female"
"9004153",371987,2025-07-04 05:06:41,42.601749420166,-8.87347602844238,"Female"
"9004153",371987,2025-07-04 05:11:41,42.6015129089355,-8.87328243255615,"Female"
"9004153",371987,2025-07-04 05:16:39,42.60205078125,-8.87318897247314,"Female"
"9004153",371987,2025-07-04 05:22:01,42.6018753051758,-8.8740816116333,"Female"
"9004153",371987,2025-07-04 05:26:40,42.6020889282227,-8.87415981292725,"Female"
"9004153",371987,2025-07-04 05:31:45,42.6015739440918,-8.8741979598999,"Female"
"9004153",371987,2025-07-04 05:36:43,42.6014518737793,-8.87420082092285,"Female"
"9004153",371987,2025-07-04 05:41:39,42.6017875671387,-8.87409782409668,"Female"
"9004153",371987,2025-07-04 05:46:39,42.601806640625,-8.87411594390869,"Female"
"9004153",371987,2025-07-04 05:51:39,42.6017189025879,-8.87412548065186,"Female"
"9004153",371987,2025-07-04 05:56:39,42.6016960144043,-8.87411499023438,"Female"
"9004153",371987,2025-07-04 06:01:39,42.6025123596191,-8.87656879425049,"Female"
"9004153",371987,2025-07-04 06:06:45,42.602466583252,-8.87674236297607,"Female"
"9004153",371987,2025-07-04 06:11:46,42.6024436950684,-8.87655544281006,"Female"
"9004153",371987,2025-07-04 06:16:39,42.6024627685547,-8.87655639648438,"Female"
"9004153",371987,2025-07-04 06:21:39,42.6023979187012,-8.87656307220459,"Female"
"9004153",371987,2025-07-04 06:26:46,42.6024284362793,-8.87668895721436,"Female"
"9004153",371987,2025-07-04 06:31:40,42.6024742126465,-8.87658977508545,"Female"
"9004153",371987,2025-07-04 06:36:42,42.6024513244629,-8.87655353546143,"Female"
"9004153",371987,2025-07-04 06:41:42,42.6024436950684,-8.87656307220459,"Female"
"9004153",371987,2025-07-04 06:46:43,42.6024780273438,-8.87672233581543,"Female"
"9004153",371987,2025-07-04 06:52:12,42.6028175354004,-8.87561130523682,"Female"
"9004153",371987,2025-07-04 06:57:13,42.6033477783203,-8.87463283538818,"Female"
"9004153",371987,2025-07-04 07:02:24,42.6032295227051,-8.87377166748047,"Female"
"9004153",371987,2025-07-04 07:07:27,42.6035575866699,-8.87319183349609,"Female"
"9004153",371987,2025-07-04 07:12:25,42.6036758422852,-8.87313365936279,"Female"
"9004153",371987,2025-07-04 07:17:24,42.603588104248,-8.87299156188965,"Female"
"9004153",371987,2025-07-04 07:22:23,42.6035499572754,-8.87291812896729,"Female"
"9004153",371987,2025-07-04 07:27:27,42.6037864685059,-8.87312412261963,"Female"
"9004153",371987,2025-07-04 07:32:23,42.6035919189453,-8.87290573120117,"Female"
"9004153",371987,2025-07-04 07:37:23,42.6035041809082,-8.87264919281006,"Female"
"9004153",371987,2025-07-04 07:42:28,42.603645324707,-8.87338829040527,"Female"
"9004153",371987,2025-07-04 07:47:24,42.6035957336426,-8.872878074646,"Female"
"9004153",371987,2025-07-04 07:53:01,42.6043663024902,-8.87362384796143,"Female"
"9004153",371987,2025-07-04 07:58:11,42.6037788391113,-8.87565994262695,"Female"
"9004153",371987,2025-07-04 08:03:27,42.6047744750977,-8.87486362457275,"Female"
"9004153",371987,2025-07-04 08:10:47,42.6045570373535,-8.87454128265381,"Female"
"9004153",371987,2025-07-04 08:17:11,42.6049385070801,-8.87459850311279,"Female"
"9004153",371987,2025-07-04 08:23:40,42.6040496826172,-8.87625885009766,"Female"
"9004153",371987,2025-07-04 08:28:38,42.602352142334,-8.87660789489746,"Female"
"9004153",371987,2025-07-04 08:33:44,42.6024360656738,-8.87652492523193,"Female"
"9004153",371987,2025-07-04 08:38:44,42.6022453308105,-8.87674331665039,"Female"
"9004153",371987,2025-07-04 08:43:34,42.602294921875,-8.87667942047119,"Female"
"9004153",371987,2025-07-04 08:48:48,42.6021308898926,-8.87716388702393,"Female"
"9004153",371987,2025-07-04 08:53:48,42.6021537780762,-8.87683391571045,"Female"
"9004153",371987,2025-07-04 08:58:48,42.6022071838379,-8.87672424316406,"Female"
"9004153",371987,2025-07-04 09:03:47,42.602222442627,-8.8766393661499,"Female"
"9004153",371987,2025-07-04 09:08:55,42.6022338867188,-8.87664127349854,"Female"
"9004153",371987,2025-07-04 09:14:09,42.6022796630859,-8.87677097320557,"Female"
"9004153",371987,2025-07-04 09:18:53,42.6022911071777,-8.87680244445801,"Female"
"9004153",371987,2025-07-04 09:23:52,42.6023025512695,-8.87689113616943,"Female"
"9004153",371987,2025-07-04 09:28:47,42.6022758483887,-8.8769006729126,"Female"
"9004153",371987,2025-07-04 09:33:48,42.6023902893066,-8.87690734863281,"Female"
"9004153",371987,2025-07-04 09:38:46,42.6024055480957,-8.87690830230713,"Female"
"9004153",371987,2025-07-04 09:43:46,42.6023750305176,-8.87688827514648,"Female"
"9004153",371987,2025-07-04 09:48:45,42.6024513244629,-8.87685489654541,"Female"
"9004153",371987,2025-07-04 09:53:46,42.6024208068848,-8.87684631347656,"Female"
"9004153",371987,2025-07-04 09:59:01,42.602352142334,-8.87669944763184,"Female"
"9004153",371987,2025-07-04 10:03:45,42.6022491455078,-8.87656211853027,"Female"
"9004153",371987,2025-07-04 10:08:47,42.6022262573242,-8.87652683258057,"Female"
"9004153",371987,2025-07-04 10:13:45,42.6022758483887,-8.87660217285156,"Female"
"9004153",371987,2025-07-04 10:18:46,42.6022605895996,-8.8764820098877,"Female"
"9004153",371987,2025-07-04 10:23:46,42.6022682189941,-8.87658596038818,"Female"
"9004153",371987,2025-07-04 10:28:45,42.6022796630859,-8.87662029266357,"Female"
"9004153",371987,2025-07-04 10:33:45,42.6022911071777,-8.87644863128662,"Female"
"9004153",371987,2025-07-04 10:39:05,42.6022758483887,-8.87661361694336,"Female"
"9004153",371987,2025-07-04 10:43:44,42.603645324707,-8.87604808807373,"Female"
"9004153",371987,2025-07-04 10:48:45,42.6040573120117,-8.87835693359375,"Female"
"9004153",371987,2025-07-04 10:53:56,42.6026802062988,-8.87868881225586,"Female"
"9004153",371987,2025-07-04 10:58:54,42.6036911010742,-8.87519836425781,"Female"
"9004153",371987,2025-07-04 11:03:54,42.6065711975098,-8.87039184570312,"Female"
"9004153",371987,2025-07-04 11:08:55,42.6025238037109,-8.871262550354,"Female"
"9004153",371987,2025-07-04 11:14:05,42.6016807556152,-8.87192535400391,"Female"
"9004153",371987,2025-07-04 11:19:10,42.6020011901855,-8.87127876281738,"Female"
"9004153",371987,2025-07-04 11:24:11,42.6006927490234,-8.8708381652832,"Female"
"9004153",371987,2025-07-04 11:29:13,42.6013946533203,-8.87186622619629,"Female"
"9004153",371987,2025-07-04 11:34:45,42.6012344360352,-8.87304973602295,"Female"
"9004153",371987,2025-07-04 11:39:47,42.6014785766602,-8.8741979598999,"Female"
"9004153",371987,2025-07-04 11:44:44,42.6017112731934,-8.87423515319824,"Female"
"9004153",371987,2025-07-04 11:49:43,42.601634979248,-8.87441444396973,"Female"
"9004153",371987,2025-07-04 11:54:43,42.6015777587891,-8.87440395355225,"Female"
"9004153",371987,2025-07-04 11:59:43,42.6015396118164,-8.87438106536865,"Female"
"9004153",371987,2025-07-04 12:04:54,42.6015930175781,-8.87430191040039,"Female"
"9004153",371987,2025-07-04 12:09:43,42.6015930175781,-8.87431144714355,"Female"
"9004153",371987,2025-07-04 12:14:43,42.6016616821289,-8.87435722351074,"Female"
"9004153",371987,2025-07-04 12:19:43,42.6016502380371,-8.87430477142334,"Female"
"9004153",371987,2025-07-04 12:24:44,42.6016502380371,-8.8743953704834,"Female"
"9004153",371987,2025-07-04 12:29:43,42.601692199707,-8.87434387207031,"Female"
"9004153",371987,2025-07-04 12:34:43,42.6017112731934,-8.87439823150635,"Female"
"9004153",371987,2025-07-04 12:39:43,42.6016845703125,-8.87425994873047,"Female"
"9004153",371987,2025-07-04 12:44:43,42.6016616821289,-8.8742733001709,"Female"
"9004153",371987,2025-07-04 12:49:43,42.6016540527344,-8.87433815002441,"Female"
"9004153",371987,2025-07-04 12:54:43,42.6017036437988,-8.87428951263428,"Female"
"9004153",371987,2025-07-04 12:59:43,42.601634979248,-8.87433624267578,"Female"
"9004153",371987,2025-07-04 13:04:43,42.6016960144043,-8.87435436248779,"Female"
"9004153",371987,2025-07-04 13:09:43,42.6016807556152,-8.87430381774902,"Female"
"9004153",371987,2025-07-04 13:14:43,42.601676940918,-8.8743200302124,"Female"
"9004153",371987,2025-07-04 13:19:43,42.6017036437988,-8.87429237365723,"Female"
"9004153",371987,2025-07-04 13:24:43,42.601676940918,-8.8742847442627,"Female"
"9004153",371987,2025-07-04 13:29:43,42.6016654968262,-8.87434959411621,"Female"
"9004153",371987,2025-07-04 13:34:46,42.600414276123,-8.87215328216553,"Female"
"9004153",371987,2025-07-04 13:39:46,42.6000213623047,-8.87091541290283,"Female"
"9004153",371987,2025-07-04 13:45:21,42.60009765625,-8.86930656433105,"Female"
"9004153",371987,2025-07-04 13:50:39,42.6006660461426,-8.86853504180908,"Female"
"9004153",371987,2025-07-04 13:55:51,42.5992889404297,-8.86946105957031,"Female"
"9004153",371987,2025-07-04 14:01:44,42.5985260009766,-8.87117862701416,"Female"
"9004153",371987,2025-07-04 14:06:25,42.5976867675781,-8.87221431732178,"Female"
"9004153",371987,2025-07-04 14:11:44,42.5972633361816,-8.87275409698486,"Female"
"9004153",371987,2025-07-04 14:16:18,42.5972862243652,-8.872802734375,"Female"
"9004153",371987,2025-07-04 14:21:18,42.5972938537598,-8.87284660339355,"Female"
"9004153",371987,2025-07-04 14:26:18,42.5973701477051,-8.87286376953125,"Female"
"9004153",371987,2025-07-04 14:31:18,42.597282409668,-8.87292098999023,"Female"
"9004153",371987,2025-07-04 14:36:18,42.5971794128418,-8.87302780151367,"Female"
"9004153",371987,2025-07-04 14:41:18,42.5971794128418,-8.8728199005127,"Female"
"9004153",371987,2025-07-04 14:46:44,42.5971336364746,-8.87284278869629,"Female"
"9004153",371987,2025-07-04 14:51:21,42.597583770752,-8.8734130859375,"Female"
"9004153",371987,2025-07-04 14:57:15,42.5974388122559,-8.87501049041748,"Female"
"9004153",371987,2025-07-04 15:02:22,42.598201751709,-8.87587833404541,"Female"
"9004153",371987,2025-07-04 15:07:30,42.599681854248,-8.87558269500732,"Female"
"9004153",371987,2025-07-04 15:12:44,42.600025177002,-8.87406444549561,"Female"
"9004153",371987,2025-07-04 15:17:20,42.5986251831055,-8.87385940551758,"Female"
"9004153",371987,2025-07-04 15:22:23,42.5969886779785,-8.87255668640137,"Female"
"9004153",371987,2025-07-04 15:27:22,42.5971946716309,-8.872802734375,"Female"
"9004153",371987,2025-07-04 15:32:44,42.5971946716309,-8.87270069122314,"Female"
"9004153",371987,2025-07-04 15:37:20,42.5973777770996,-8.8729944229126,"Female"
"9004153",371987,2025-07-04 15:42:22,42.5972328186035,-8.87286376953125,"Female"
"9004153",371987,2025-07-04 15:47:53,42.5972137451172,-8.87271881103516,"Female"
"9004153",371987,2025-07-04 15:52:19,42.5972023010254,-8.87255573272705,"Female"
"9004153",371987,2025-07-04 15:57:19,42.5972099304199,-8.87257099151611,"Female"
"9004153",371987,2025-07-04 16:02:20,42.5971755981445,-8.87264633178711,"Female"
"9004153",371987,2025-07-04 16:07:20,42.5971145629883,-8.87269306182861,"Female"
"9004153",371987,2025-07-04 16:12:19,42.5972137451172,-8.87260818481445,"Female"
"9004153",371987,2025-07-04 16:17:19,42.5971450805664,-8.87264251708984,"Female"
"9004153",371987,2025-07-04 16:22:20,42.5971755981445,-8.87258529663086,"Female"
"9004153",371987,2025-07-04 16:27:20,42.5971946716309,-8.87265872955322,"Female"
"9004153",371987,2025-07-04 16:32:20,42.5971984863281,-8.8726110458374,"Female"
"9004153",371987,2025-07-04 16:37:19,42.5971984863281,-8.87262535095215,"Female"
"9004153",371987,2025-07-04 16:42:20,42.5972061157227,-8.87263965606689,"Female"
"9004153",371987,2025-07-04 16:47:20,42.5971984863281,-8.87258815765381,"Female"
"9004153",371987,2025-07-04 16:52:19,42.5971984863281,-8.87265968322754,"Female"
"9004153",371987,2025-07-04 16:57:19,42.5970878601074,-8.87252521514893,"Female"
"9004153",371987,2025-07-04 17:02:20,42.597095489502,-8.87255764007568,"Female"
"9004153",371987,2025-07-04 17:07:19,42.5971183776855,-8.8725700378418,"Female"
"9004153",371987,2025-07-04 17:12:20,42.59716796875,-8.87268829345703,"Female"
"9004153",371987,2025-07-04 17:17:20,42.5971908569336,-8.87265300750732,"Female"
"9004153",371987,2025-07-04 17:22:20,42.5971183776855,-8.87258625030518,"Female"
"9004153",371987,2025-07-04 17:27:20,42.5972137451172,-8.87265491485596,"Female"
"9004153",371987,2025-07-04 17:32:20,42.5972213745117,-8.87271785736084,"Female"
"9004153",371987,2025-07-04 17:37:20,42.5972633361816,-8.87270641326904,"Female"
"9004153",371987,2025-07-04 17:42:20,42.5972709655762,-8.87269687652588,"Female"
"9004153",371987,2025-07-04 17:47:20,42.5971641540527,-8.87267875671387,"Female"
"9004153",371987,2025-07-04 17:52:20,42.597297668457,-8.87285900115967,"Female"
"9004153",371987,2025-07-04 17:57:20,42.5974388122559,-8.87274837493896,"Female"
"9004153",371987,2025-07-04 18:02:22,42.5970268249512,-8.87263679504395,"Female"
"9004153",371987,2025-07-04 18:07:21,42.5971908569336,-8.87265491485596,"Female"
"9004153",371987,2025-07-04 18:12:20,42.5971488952637,-8.87262916564941,"Female"
"9004153",371987,2025-07-04 18:17:21,42.5973052978516,-8.8728666305542,"Female"
"9004153",371987,2025-07-04 18:22:20,42.5971984863281,-8.87269115447998,"Female"
"9004153",371987,2025-07-04 18:27:23,42.5970649719238,-8.87246227264404,"Female"
"9004153",371987,2025-07-04 18:32:23,42.5973777770996,-8.87301445007324,"Female"
"9004153",371987,2025-07-04 18:37:24,42.6013374328613,-8.87650394439697,"Female"
"9004153",371987,2025-07-04 18:42:24,42.601448059082,-8.87684917449951,"Female"
"9004153",371987,2025-07-04 18:47:24,42.6015129089355,-8.87691593170166,"Female"
"9004153",371987,2025-07-04 18:52:53,42.6013488769531,-8.87667846679688,"Female"
"9004153",371987,2025-07-04 18:57:20,42.601490020752,-8.87661552429199,"Female"
"9004153",371987,2025-07-04 19:02:20,42.6013984680176,-8.87668514251709,"Female"
"9004153",371987,2025-07-04 19:07:20,42.6014175415039,-8.87668609619141,"Female"
"9004153",371987,2025-07-04 19:12:20,42.6014022827148,-8.87670993804932,"Female"
"9004153",371987,2025-07-04 19:17:20,42.6014099121094,-8.87679958343506,"Female"
"9004153",371987,2025-07-04 19:22:20,42.6013336181641,-8.87672710418701,"Female"
"9004153",371987,2025-07-04 19:27:20,42.6013984680176,-8.87670421600342,"Female"
"9004153",371987,2025-07-04 19:32:19,42.6014175415039,-8.87670135498047,"Female"
"9004153",371987,2025-07-04 19:37:20,42.6013221740723,-8.87672424316406,"Female"
"9004153",371987,2025-07-04 19:42:20,42.6013832092285,-8.87673091888428,"Female"
"9004153",371987,2025-07-04 19:47:20,42.6013488769531,-8.87669849395752,"Female"
"9004153",371987,2025-07-04 19:52:20,42.6013031005859,-8.87671375274658,"Female"
"9004153",371987,2025-07-04 19:57:20,42.6014022827148,-8.87665462493896,"Female"
"9004153",371987,2025-07-04 20:02:20,42.6014289855957,-8.87668800354004,"Female"
"9004153",371987,2025-07-04 20:07:20,42.6015129089355,-8.87675857543945,"Female"
"9004153",371987,2025-07-04 20:12:20,42.6014823913574,-8.87672996520996,"Female"
"9004153",371987,2025-07-04 20:17:20,42.6015090942383,-8.87673950195312,"Female"
"9004153",371987,2025-07-04 20:22:20,42.6015167236328,-8.8766975402832,"Female"
"9004153",371987,2025-07-04 20:27:20,42.6015357971191,-8.87670993804932,"Female"
"9004153",371987,2025-07-04 20:32:20,42.6015319824219,-8.87668895721436,"Female"
"9004153",371987,2025-07-04 20:37:20,42.6015777587891,-8.87673377990723,"Female"
"9004153",371987,2025-07-04 20:42:20,42.6014862060547,-8.87669658660889,"Female"
"9004153",371987,2025-07-04 20:47:20,42.601261138916,-8.87663173675537,"Female"
"9004154",371995,2025-05-13 11:49:46,42.3972473144531,-8.9213981628418,"Female"
"9004154",371995,2025-05-13 12:04:31,42.3973693847656,-8.92154884338379,"Female"
"9004154",371995,2025-05-13 12:19:48,42.3973274230957,-8.92145824432373,"Female"
"9004154",371995,2025-05-13 12:49:32,42.3982582092285,-8.91843414306641,"Female"
"9004154",371995,2025-05-13 13:04:29,42.4005317687988,-8.92079067230225,"Female"
"9004154",371995,2025-05-13 13:20:05,42.4005165100098,-8.92059135437012,"Female"
"9004154",371995,2025-05-13 13:38:57,42.4616317749023,-8.90778255462646,"Female"
"9004154",371995,2025-05-13 13:53:55,42.4596099853516,-8.90528106689453,"Female"
"9004154",371995,2025-05-13 14:08:55,42.4595832824707,-8.90503978729248,"Female"
"9004154",371995,2025-05-13 14:23:56,42.4595260620117,-8.90501880645752,"Female"
"9004154",371995,2025-05-13 14:39:29,42.4603004455566,-8.90802574157715,"Female"
"9004154",371995,2025-05-13 14:57:08,42.4606552124023,-8.91179275512695,"Female"
"9004154",371995,2025-05-13 15:12:08,42.4613380432129,-8.91393756866455,"Female"
"9004154",371995,2025-05-13 15:27:08,42.4592514038086,-8.91610908508301,"Female"
"9004154",371995,2025-05-13 15:42:09,42.459156036377,-8.91613483428955,"Female"
"9004154",371995,2025-05-13 15:57:37,42.4615592956543,-8.91407203674316,"Female"
"9004154",371995,2025-05-13 16:12:50,42.4613761901855,-8.91242122650146,"Female"
"9004154",371995,2025-05-13 16:28:32,42.4615325927734,-8.91266345977783,"Female"
"9004154",371995,2025-05-13 16:43:31,42.4610443115234,-8.90926074981689,"Female"
"9004154",371995,2025-05-13 17:02:03,42.460823059082,-8.90642166137695,"Female"
"9004154",371995,2025-05-13 17:17:07,42.4595909118652,-8.90531635284424,"Female"
"9004154",371995,2025-05-13 17:32:14,42.4594650268555,-8.90515422821045,"Female"
"9004154",371995,2025-05-13 17:47:00,42.4594650268555,-8.90517616271973,"Female"
"9004154",371995,2025-05-13 18:02:06,42.461109161377,-8.90999603271484,"Female"
"9004154",371995,2025-05-13 18:19:13,42.4606132507324,-8.90748310089111,"Female"
"9004154",371995,2025-05-13 18:41:24,42.461353302002,-8.91313743591309,"Female"
"9004154",371995,2025-05-13 19:02:15,42.4612846374512,-8.91228675842285,"Female"
"9004154",371995,2025-05-13 19:06:53,42.4574165344238,-8.9084005355835,"Female"
"9004154",371995,2025-05-13 19:09:27,42.4409866333008,-8.88899993896484,"Female"
"9004154",371995,2025-05-13 19:14:28,42.4228782653809,-8.87838077545166,"Female"
"9004154",371995,2025-05-13 19:19:37,42.4225578308105,-8.87830829620361,"Female"
"9004154",371995,2025-05-13 19:24:26,42.4216995239258,-8.87844181060791,"Female"
"9004154",371995,2025-05-13 19:29:44,42.4224586486816,-8.87847137451172,"Female"
"9004154",371995,2025-05-13 19:34:31,42.4223670959473,-8.87863159179688,"Female"
"9004154",371995,2025-05-13 19:39:59,42.4223976135254,-8.87850952148438,"Female"
"9004154",371995,2025-05-13 19:44:27,42.4223365783691,-8.87857627868652,"Female"
"9004154",371995,2025-05-13 19:49:44,42.4224815368652,-8.87848663330078,"Female"
"9004154",371995,2025-05-13 19:54:41,42.4225845336914,-8.87845420837402,"Female"
"9004154",371995,2025-05-13 19:59:29,42.4226226806641,-8.87842273712158,"Female"
"9004154",371995,2025-05-13 20:04:28,42.4222030639648,-8.87855243682861,"Female"
"9004154",371995,2025-05-13 20:09:26,42.4225654602051,-8.87845993041992,"Female"
"9004154",371995,2025-05-13 20:14:58,42.4225311279297,-8.87847995758057,"Female"
"9004154",371995,2025-05-13 20:20:04,42.4225425720215,-8.8784761428833,"Female"
"9004154",371995,2025-05-13 20:24:26,42.4227180480957,-8.87840175628662,"Female"
"9004154",371995,2025-05-13 20:29:28,42.4226417541504,-8.87839889526367,"Female"
"9004154",371995,2025-05-13 20:34:28,42.4225158691406,-8.87830448150635,"Female"
"9004154",371995,2025-05-13 20:39:29,42.4224739074707,-8.87846755981445,"Female"
"9004154",371995,2025-05-13 20:44:32,42.4226722717285,-8.87839984893799,"Female"
"9004154",371995,2025-05-13 20:49:41,42.4225120544434,-8.87848377227783,"Female"
"9004154",371995,2025-05-13 20:54:29,42.4224586486816,-8.87844848632812,"Female"
"9004154",371995,2025-05-13 21:04:40,42.4226951599121,-8.87841606140137,"Female"
"9004154",371995,2025-05-13 21:09:29,42.4227256774902,-8.8784351348877,"Female"
"9004154",371995,2025-05-13 21:14:53,42.4225921630859,-8.87850856781006,"Female"
"9004154",371995,2025-05-13 21:19:29,42.422679901123,-8.87869548797607,"Female"
"9004154",371995,2025-05-13 21:29:33,42.4228363037109,-8.87842178344727,"Female"
"9004154",371995,2025-05-13 21:39:34,42.4223136901855,-8.87867164611816,"Female"
"9004154",371995,2025-05-13 21:49:44,42.4226570129395,-8.87858772277832,"Female"
"9004154",371995,2025-05-13 21:59:28,42.4226837158203,-8.87847995758057,"Female"
"9004154",371995,2025-05-13 22:09:56,42.4226684570312,-8.87843799591064,"Female"
"9004154",371995,2025-05-13 22:19:27,42.4224662780762,-8.87850570678711,"Female"
"9004154",371995,2025-05-13 22:29:28,42.4225082397461,-8.87863063812256,"Female"
"9004154",371995,2025-05-13 22:39:26,42.4227714538574,-8.87839126586914,"Female"
"9004154",371995,2025-05-13 22:49:28,42.4227714538574,-8.87836933135986,"Female"
"9004154",371995,2025-05-13 22:59:30,42.4219741821289,-8.87891864776611,"Female"
"9004154",371995,2025-05-13 23:09:39,42.4226188659668,-8.87840366363525,"Female"
"9004154",371995,2025-05-13 23:19:30,42.4223022460938,-8.87860107421875,"Female"
"9004154",371995,2025-05-13 23:30:05,42.4223861694336,-8.8784646987915,"Female"
"9004154",371995,2025-05-13 23:39:58,42.4225234985352,-8.87850952148438,"Female"
"9004154",371995,2025-05-13 23:49:30,42.4223480224609,-8.87860584259033,"Female"
"9004154",371995,2025-05-13 23:59:29,42.4224510192871,-8.87845993041992,"Female"
"9004154",371995,2025-05-14 00:10:05,42.4224739074707,-8.8785400390625,"Female"
"9004154",371995,2025-05-14 00:19:26,42.4226875305176,-8.87842655181885,"Female"
"9004154",371995,2025-05-14 00:29:27,42.4226036071777,-8.87845802307129,"Female"
"9004154",371995,2025-05-14 00:39:27,42.4219741821289,-8.87876129150391,"Female"
"9004154",371995,2025-05-14 00:49:26,42.4225273132324,-8.87848091125488,"Female"
"9004154",371995,2025-05-14 00:59:26,42.4225807189941,-8.87846565246582,"Female"
"9004154",371995,2025-05-14 01:09:26,42.4226837158203,-8.8783130645752,"Female"
"9004154",371995,2025-05-14 01:19:25,42.4226913452148,-8.87814712524414,"Female"
"9004154",371995,2025-05-14 01:29:26,42.4225883483887,-8.87814140319824,"Female"
"9004154",371995,2025-05-14 01:39:27,42.4224815368652,-8.87819862365723,"Female"
"9004154",371995,2025-05-14 01:49:51,42.4221954345703,-8.87812423706055,"Female"
"9004154",371995,2025-05-14 01:59:33,42.4224700927734,-8.87822723388672,"Female"
"9004154",371995,2025-05-14 02:09:59,42.4228973388672,-8.87828063964844,"Female"
"9004154",371995,2025-05-14 02:19:36,42.4227294921875,-8.87851905822754,"Female"
"9004154",371995,2025-05-14 02:30:50,42.4227676391602,-8.87845039367676,"Female"
"9004154",371995,2025-05-14 02:40:50,42.4225807189941,-8.87845230102539,"Female"
"9004154",371995,2025-05-14 02:49:26,42.4226150512695,-8.87842845916748,"Female"
"9004154",371995,2025-05-14 02:59:41,42.4226913452148,-8.87845802307129,"Female"
"9004154",371995,2025-05-14 03:09:26,42.4230766296387,-8.87864685058594,"Female"
"9004154",371995,2025-05-14 03:19:31,42.422679901123,-8.87844848632812,"Female"
"9004154",371995,2025-05-14 03:29:36,42.4226303100586,-8.87848567962646,"Female"
"9004154",371995,2025-05-14 03:39:36,42.4226493835449,-8.87850952148438,"Female"
"9004154",371995,2025-05-14 03:49:46,42.4225959777832,-8.87850475311279,"Female"
"9004154",371995,2025-05-14 03:59:36,42.4226341247559,-8.87840843200684,"Female"
"9004154",371995,2025-05-14 04:09:58,42.4225997924805,-8.87848472595215,"Female"
"9004154",371995,2025-05-14 04:19:29,42.4228401184082,-8.87823867797852,"Female"
"9004154",371995,2025-05-14 04:29:28,42.4226493835449,-8.87843799591064,"Female"
"9004154",371995,2025-05-14 04:39:59,42.4227066040039,-8.87848091125488,"Female"
"9004154",371995,2025-05-14 04:49:26,42.4226188659668,-8.87847137451172,"Female"
"9004154",371995,2025-05-14 04:59:25,42.4225654602051,-8.87853908538818,"Female"
"9004154",371995,2025-05-14 05:09:26,42.4229469299316,-8.87897777557373,"Female"
"9004154",371995,2025-05-14 05:20:11,42.4394989013672,-8.87306976318359,"Female"
"9004154",371995,2025-05-14 05:30:44,42.4425621032715,-8.87452602386475,"Female"
"9004154",371995,2025-05-14 05:40:46,42.4453392028809,-8.87610340118408,"Female"
"9004154",371995,2025-05-14 05:50:44,42.4378509521484,-8.87813663482666,"Female"
"9004154",371995,2025-05-14 06:00:44,42.4373474121094,-8.87773895263672,"Female"
"9004154",371995,2025-05-14 06:10:44,42.4373397827148,-8.87776851654053,"Female"
"9004154",371995,2025-05-14 06:20:44,42.4373092651367,-8.87766551971436,"Female"
"9004154",371995,2025-05-14 06:30:44,42.4372634887695,-8.87760066986084,"Female"
"9004154",371995,2025-05-14 06:40:44,42.4372138977051,-8.87762260437012,"Female"
"9004154",371995,2025-05-14 06:50:44,42.437183380127,-8.877610206604,"Female"
"9004154",371995,2025-05-14 07:00:44,42.4441108703613,-8.87881660461426,"Female"
"9004154",371995,2025-05-14 07:10:45,42.4482498168945,-8.87956523895264,"Female"
"9004154",371995,2025-05-14 07:20:44,42.4578857421875,-8.9028434753418,"Female"
"9004154",371995,2025-05-14 07:30:45,42.4578399658203,-8.90293216705322,"Female"
"9004154",371995,2025-05-14 07:40:44,42.4577941894531,-8.90300273895264,"Female"
"9004154",371995,2025-05-14 07:50:44,42.4577751159668,-8.9028959274292,"Female"
"9004154",371995,2025-05-14 08:00:44,42.4577598571777,-8.9028205871582,"Female"
"9004154",371995,2025-05-14 08:10:44,42.4577178955078,-8.90279006958008,"Female"
"9004154",371995,2025-05-14 08:20:44,42.4580764770508,-8.90302085876465,"Female"
"9004154",371995,2025-05-14 08:30:44,42.4579772949219,-8.90287780761719,"Female"
"9004154",371995,2025-05-14 08:40:45,42.4580192565918,-8.90269565582275,"Female"
"9004154",371995,2025-05-14 09:05:48,42.4606513977051,-8.90859889984131,"Female"
"9004154",371995,2025-05-14 09:13:42,42.4600372314453,-8.90863513946533,"Female"
"9004154",371995,2025-05-14 09:23:42,42.4548873901367,-8.91835498809814,"Female"
"9004154",371995,2025-05-14 09:28:42,42.4549942016602,-8.91823673248291,"Female"
"9004154",371995,2025-05-14 09:33:42,42.4549827575684,-8.91822338104248,"Female"
"9004154",371995,2025-05-14 09:38:42,42.4547271728516,-8.91823959350586,"Female"
"9004154",371995,2025-05-14 09:43:42,42.4547996520996,-8.91820335388184,"Female"
"9004154",371995,2025-05-14 09:48:42,42.4545516967773,-8.91847896575928,"Female"
"9004154",371995,2025-05-14 09:53:42,42.4546318054199,-8.91837787628174,"Female"
"9004154",371995,2025-05-14 09:58:42,42.4548568725586,-8.9182767868042,"Female"
"9004154",371995,2025-05-14 10:04:14,42.4557075500488,-8.91699981689453,"Female"
"9004154",371995,2025-05-14 10:09:13,42.4565277099609,-8.91618824005127,"Female"
"9004154",371995,2025-05-14 10:14:14,42.4579315185547,-8.90311908721924,"Female"
"9004154",371995,2025-05-14 10:19:13,42.4579315185547,-8.90309906005859,"Female"
"9004154",371995,2025-05-14 10:24:13,42.4579734802246,-8.90314388275146,"Female"
"9004154",371995,2025-05-14 10:29:14,42.4578704833984,-8.90310382843018,"Female"
"9004154",371995,2025-05-14 10:34:13,42.4579238891602,-8.90303134918213,"Female"
"9004154",371995,2025-05-14 10:39:13,42.4578514099121,-8.9030876159668,"Female"
"9004154",371995,2025-05-14 10:44:13,42.4579086303711,-8.90303611755371,"Female"
"9004154",371995,2025-05-14 10:49:13,42.4579429626465,-8.90299034118652,"Female"
"9004154",371995,2025-05-14 10:54:13,42.457935333252,-8.90297889709473,"Female"
"9004154",371995,2025-05-14 10:59:14,42.4578018188477,-8.90303134918213,"Female"
"9004154",371995,2025-05-14 11:04:14,42.4578170776367,-8.90290641784668,"Female"
"9004154",371995,2025-05-14 11:09:14,42.4577941894531,-8.90298366546631,"Female"
"9004154",371995,2025-05-14 11:14:13,42.4579467773438,-8.90295696258545,"Female"
"9004154",371995,2025-05-14 11:19:14,42.4599189758301,-8.90775394439697,"Female"
"9004154",371995,2025-05-14 11:30:20,42.4580612182617,-8.90569591522217,"Female"
"9004154",371995,2025-05-14 11:35:19,42.4605712890625,-8.9109582901001,"Female"
"9004154",371995,2025-05-14 11:43:00,42.4602088928223,-8.91046142578125,"Female"
"9004154",371995,2025-05-14 11:50:53,42.4602432250977,-8.9108247756958,"Female"
"9004154",371995,2025-05-14 11:55:56,42.4607810974121,-8.91240882873535,"Female"
"9004154",371995,2025-05-14 12:00:55,42.4607009887695,-8.91369152069092,"Female"
"9004154",371995,2025-05-14 12:05:55,42.4604949951172,-8.91179656982422,"Female"
"9004154",371995,2025-05-14 12:10:57,42.4612808227539,-8.91100597381592,"Female"
"9004154",371995,2025-05-14 12:16:46,42.4607238769531,-8.90717220306396,"Female"
"9004154",371995,2025-05-14 12:21:48,42.4610824584961,-8.9080228805542,"Female"
"9004154",371995,2025-05-14 12:26:46,42.4608879089355,-8.9096794128418,"Female"
"9004154",371995,2025-05-14 12:32:13,42.4611053466797,-8.91229820251465,"Female"
"9004154",371995,2025-05-14 12:51:01,42.4604721069336,-8.91026020050049,"Female"
"9004154",371995,2025-05-14 12:56:23,42.4607009887695,-8.90903663635254,"Female"
"9004154",371995,2025-05-14 13:01:23,42.4618797302246,-8.91292476654053,"Female"
"9004154",371995,2025-05-14 13:06:22,42.4617538452148,-8.91275119781494,"Female"
"9004154",371995,2025-05-14 13:11:22,42.4617538452148,-8.91278266906738,"Female"
"9004154",371995,2025-05-14 13:16:22,42.4617767333984,-8.9128589630127,"Female"
"9004154",371995,2025-05-14 13:21:40,42.4617118835449,-8.91349411010742,"Female"
"9004154",371995,2025-05-14 13:30:48,42.4611549377441,-8.91184711456299,"Female"
"9004154",371995,2025-05-14 13:35:48,42.4609336853027,-8.91144847869873,"Female"
"9004154",371995,2025-05-14 13:40:46,42.4610061645508,-8.91330146789551,"Female"
"9004154",371995,2025-05-14 13:45:47,42.4606971740723,-8.91197299957275,"Female"
"9004154",371995,2025-05-14 13:50:46,42.4612350463867,-8.91300106048584,"Female"
"9004154",371995,2025-05-14 13:56:02,42.4613952636719,-8.91380786895752,"Female"
"9004154",371995,2025-05-14 14:02:22,42.4613075256348,-8.91456985473633,"Female"
"9004154",371995,2025-05-14 14:08:24,42.461971282959,-8.91334247589111,"Female"
"9004154",371995,2025-05-14 14:13:25,42.4617919921875,-8.91203308105469,"Female"
"9004154",371995,2025-05-14 14:18:25,42.4611587524414,-8.91020679473877,"Female"
"9004154",371995,2025-05-14 14:23:25,42.4604072570801,-8.90853404998779,"Female"
"9004154",371995,2025-05-14 14:28:26,42.4600486755371,-8.90698909759521,"Female"
"9004154",371995,2025-05-14 14:33:26,42.458854675293,-8.90582752227783,"Female"
"9004154",371995,2025-05-14 14:38:25,42.4581489562988,-8.90262794494629,"Female"
"9004154",371995,2025-05-14 14:43:26,42.4580841064453,-8.90271282196045,"Female"
"9004154",371995,2025-05-14 14:48:26,42.4580230712891,-8.90268707275391,"Female"
"9004154",371995,2025-05-14 14:53:25,42.4603309631348,-8.89853096008301,"Female"
"9004154",371995,2025-05-14 14:58:25,42.4597129821777,-8.89659214019775,"Female"
"9004154",371995,2025-05-14 15:03:25,42.4567184448242,-8.88951778411865,"Female"
"9004154",371995,2025-05-14 15:08:26,42.4554405212402,-8.88640117645264,"Female"
"9004154",371995,2025-05-14 15:17:25,42.4549674987793,-8.88303184509277,"Female"
"9004154",371995,2025-05-14 15:22:11,42.4534187316895,-8.88325595855713,"Female"
"9004154",371995,2025-05-14 15:27:12,42.4522590637207,-8.88277435302734,"Female"
"9004154",371995,2025-05-14 15:32:12,42.4539566040039,-8.88420295715332,"Female"
"9004154",371995,2025-05-14 15:37:11,42.455020904541,-8.88447761535645,"Female"
"9004154",371995,2025-05-14 15:42:10,42.4557800292969,-8.8859224319458,"Female"
"9004154",371995,2025-05-14 15:47:11,42.4546203613281,-8.88713932037354,"Female"
"9004154",371995,2025-05-14 15:52:17,42.4546737670898,-8.88483238220215,"Female"
"9004154",371995,2025-05-14 15:57:20,42.4545440673828,-8.88363075256348,"Female"
"9004154",371995,2025-05-14 16:02:39,42.4539680480957,-8.88333225250244,"Female"
"9004154",371995,2025-05-14 16:07:40,42.4529266357422,-8.88248443603516,"Female"
"9004154",371995,2025-05-14 16:12:40,42.4524574279785,-8.88321781158447,"Female"
"9004154",371995,2025-05-14 16:17:39,42.4374160766602,-8.87758159637451,"Female"
"9004154",371995,2025-05-14 16:22:39,42.4375228881836,-8.87762641906738,"Female"
"9004154",371995,2025-05-14 16:27:39,42.4374885559082,-8.87762069702148,"Female"
"9004154",371995,2025-05-14 16:32:39,42.4375457763672,-8.877685546875,"Female"
"9004154",371995,2025-05-14 16:37:40,42.4374885559082,-8.87758350372314,"Female"
"9004154",371995,2025-05-14 16:42:39,42.4374351501465,-8.87762355804443,"Female"
"9004154",371995,2025-05-14 16:47:40,42.4373817443848,-8.87753105163574,"Female"
"9004154",371995,2025-05-14 16:52:40,42.4374389648438,-8.87755012512207,"Female"
"9004154",371995,2025-05-14 16:57:40,42.4374771118164,-8.87765312194824,"Female"
"9004154",371995,2025-05-14 17:02:40,42.4375839233398,-8.87771129608154,"Female"
"9004154",371995,2025-05-14 17:07:42,42.4374771118164,-8.87757110595703,"Female"
"9004154",371995,2025-05-14 17:12:41,42.4452095031738,-8.87706279754639,"Female"
"9004154",371995,2025-05-14 17:17:40,42.4448204040527,-8.87560749053955,"Female"
"9004154",371995,2025-05-14 17:22:41,42.4470710754395,-8.87795352935791,"Female"
"9004154",371995,2025-05-14 17:27:40,42.4475135803223,-8.87816905975342,"Female"
"9004154",371995,2025-05-14 17:32:39,42.4470977783203,-8.87808704376221,"Female"
"9004154",371995,2025-05-14 17:37:39,42.4472465515137,-8.87791442871094,"Female"
"9004154",371995,2025-05-14 17:42:39,42.4472808837891,-8.87778663635254,"Female"
"9004154",371995,2025-05-14 17:47:42,42.448558807373,-8.87871360778809,"Female"
"9004154",371995,2025-05-14 17:52:42,42.4491004943848,-8.87905216217041,"Female"
"9004154",371995,2025-05-14 17:57:43,42.450553894043,-8.88016128540039,"Female"
"9004154",371995,2025-05-14 18:02:43,42.451358795166,-8.88108348846436,"Female"
"9004154",371995,2025-05-14 18:07:41,42.4505195617676,-8.88025379180908,"Female"
"9004154",371995,2025-05-14 18:12:41,42.4494476318359,-8.8798770904541,"Female"
"9004154",371995,2025-05-14 18:17:42,42.4481506347656,-8.87889957427979,"Female"
"9004154",371995,2025-05-14 18:23:10,42.446907043457,-8.87806987762451,"Female"
"9004154",371995,2025-05-14 18:29:00,42.4455184936523,-8.87673091888428,"Female"
"9004154",371995,2025-05-14 18:34:24,42.4441223144531,-8.87682819366455,"Female"
"9004154",371995,2025-05-14 18:39:23,42.4424209594727,-8.87827396392822,"Female"
"9004154",371995,2025-05-14 18:44:24,42.4224739074707,-8.8788013458252,"Female"
"9004154",371995,2025-05-14 18:49:45,42.422306060791,-8.87839126586914,"Female"
"9004154",371995,2025-05-14 18:54:31,42.4225044250488,-8.87839984893799,"Female"
"9004154",371995,2025-05-14 18:59:25,42.4228630065918,-8.87837409973145,"Female"
"9004154",371995,2025-05-14 19:04:24,42.4254264831543,-8.8853178024292,"Female"
"9004154",371995,2025-05-14 19:09:30,42.4232330322266,-8.87826633453369,"Female"
"9004154",371995,2025-05-14 19:14:23,42.4233093261719,-8.87814235687256,"Female"
"9004154",371995,2025-05-14 19:19:24,42.4232978820801,-8.87804508209229,"Female"
"9004154",371995,2025-05-14 19:24:28,42.4231033325195,-8.87826061248779,"Female"
"9004154",371995,2025-05-14 19:29:24,42.4239654541016,-8.87731075286865,"Female"
"9004154",371995,2025-05-14 19:34:23,42.4235801696777,-8.87770938873291,"Female"
"9004154",371995,2025-05-14 19:39:25,42.4229316711426,-8.87815189361572,"Female"
"9004154",371995,2025-05-14 19:44:24,42.4233207702637,-8.87788486480713,"Female"
"9004154",371995,2025-05-14 19:49:24,42.4232521057129,-8.8779125213623,"Female"
"9004154",371995,2025-05-14 19:54:23,42.4231910705566,-8.8781099319458,"Female"
"9004154",371995,2025-05-14 19:59:28,42.4229354858398,-8.87840461730957,"Female"
"9004154",371995,2025-05-14 20:04:22,42.4229431152344,-8.87836742401123,"Female"
"9004154",371995,2025-05-14 20:09:25,42.4230155944824,-8.87836456298828,"Female"
"9004154",371995,2025-05-14 20:14:22,42.4229278564453,-8.87803268432617,"Female"
"9004154",371995,2025-05-14 20:19:25,42.4230613708496,-8.87848377227783,"Female"
"9004154",371995,2025-05-14 20:24:28,42.4227981567383,-8.87852668762207,"Female"
"9004154",371995,2025-05-14 20:29:24,42.4228591918945,-8.87819766998291,"Female"
"9004154",371995,2025-05-14 20:34:23,42.4227027893066,-8.87791442871094,"Female"
"9004154",371995,2025-05-14 20:39:27,42.4229431152344,-8.8785982131958,"Female"
"9004154",371995,2025-05-14 20:44:23,42.4231224060059,-8.87842559814453,"Female"
"9004154",371995,2025-05-14 20:49:24,42.4231796264648,-8.87852478027344,"Female"
"9004154",371995,2025-05-14 20:54:25,42.4230575561523,-8.8785343170166,"Female"
"9004154",371995,2025-05-14 20:59:23,42.4230499267578,-8.87872219085693,"Female"
"9004154",371995,2025-05-14 21:04:24,42.4232025146484,-8.87858867645264,"Female"
"9004154",371995,2025-05-14 21:09:27,42.423095703125,-8.87860488891602,"Female"
"9004154",371995,2025-05-14 21:14:23,42.4231109619141,-8.87865734100342,"Female"
"9004154",371995,2025-05-14 21:19:44,42.4230804443359,-8.87849712371826,"Female"
"9004154",371995,2025-05-14 21:24:23,42.4229316711426,-8.87879085540771,"Female"
"9004154",371995,2025-05-14 21:29:23,42.423038482666,-8.8788366317749,"Female"
"9004154",371995,2025-05-14 21:34:23,42.4230422973633,-8.87877368927002,"Female"
"9004154",371995,2025-05-14 21:39:23,42.4230690002441,-8.8786563873291,"Female"
"9004154",371995,2025-05-14 21:44:24,42.4243431091309,-8.88007068634033,"Female"
"9004154",371995,2025-05-14 21:49:25,42.4232368469238,-8.87859058380127,"Female"
"9004154",371995,2025-05-14 21:54:25,42.4232330322266,-8.87836360931396,"Female"
"9004154",371995,2025-05-14 21:59:31,42.422966003418,-8.87863445281982,"Female"
"9004154",371995,2025-05-14 22:04:44,42.4222564697266,-8.87833499908447,"Female"
"9004154",371995,2025-05-14 22:09:22,42.4216651916504,-8.8781042098999,"Female"
"9004154",371995,2025-05-14 22:14:25,42.4216918945312,-8.87818908691406,"Female"
"9004154",371995,2025-05-14 22:19:35,42.421703338623,-8.87825965881348,"Female"
"9004154",371995,2025-05-14 22:24:24,42.4217491149902,-8.87801170349121,"Female"
"9004154",371995,2025-05-14 22:29:23,42.4217758178711,-8.87822532653809,"Female"
"9004154",371995,2025-05-14 22:34:28,42.4219207763672,-8.87825870513916,"Female"
"9004154",371995,2025-05-14 22:39:23,42.4221267700195,-8.87852382659912,"Female"
"9004154",371995,2025-05-14 22:44:22,42.422248840332,-8.87839794158936,"Female"
"9004154",371995,2025-05-14 22:49:23,42.4222373962402,-8.87795829772949,"Female"
"9004154",371995,2025-05-14 22:54:24,42.4228134155273,-8.87835216522217,"Female"
"9004154",371995,2025-05-14 22:59:23,42.4229545593262,-8.8781156539917,"Female"
"9004154",371995,2025-05-14 23:04:22,42.4227752685547,-8.87827396392822,"Female"
"9004154",371995,2025-05-14 23:09:24,42.4228820800781,-8.87835216522217,"Female"
"9004154",371995,2025-05-14 23:14:24,42.4228057861328,-8.87828063964844,"Female"
"9004154",371995,2025-05-14 23:19:23,42.4230079650879,-8.87827968597412,"Female"
"9004154",371995,2025-05-14 23:24:25,42.4230117797852,-8.87822818756104,"Female"
"9004154",371995,2025-05-14 23:29:23,42.4227104187012,-8.8784236907959,"Female"
"9004154",371995,2025-05-14 23:34:23,42.4230308532715,-8.87818336486816,"Female"
"9004154",371995,2025-05-14 23:39:27,42.4230918884277,-8.87822532653809,"Female"
"9004154",371995,2025-05-14 23:44:28,42.4228134155273,-8.87838935852051,"Female"
"9004154",371995,2025-05-14 23:49:25,42.4228439331055,-8.87821102142334,"Female"
"9004154",371995,2025-05-14 23:54:25,42.422737121582,-8.87836456298828,"Female"
"9004154",371995,2025-05-14 23:59:23,42.4227676391602,-8.87820243835449,"Female"
"9004154",371995,2025-05-15 00:04:24,42.4225273132324,-8.87795352935791,"Female"
"9004154",371995,2025-05-15 00:09:36,42.4233856201172,-8.87798881530762,"Female"
"9004154",371995,2025-05-15 00:14:23,42.4229354858398,-8.87821960449219,"Female"
"9004154",371995,2025-05-15 00:19:25,42.4230537414551,-8.87824153900146,"Female"
"9004154",371995,2025-05-15 00:24:27,42.4231147766113,-8.87821960449219,"Female"
"9004154",371995,2025-05-15 00:29:25,42.4235801696777,-8.87819671630859,"Female"
"9004154",371995,2025-05-15 00:34:23,42.4231071472168,-8.87833595275879,"Female"
"9004154",371995,2025-05-15 00:39:23,42.4229621887207,-8.87839412689209,"Female"
"9004154",371995,2025-05-15 00:44:22,42.4230194091797,-8.87837982177734,"Female"
"9004154",371995,2025-05-15 00:49:22,42.4227905273438,-8.87835025787354,"Female"
"9004154",371995,2025-05-15 00:54:22,42.4231147766113,-8.87843036651611,"Female"
"9004154",371995,2025-05-15 00:59:23,42.4231185913086,-8.8784875869751,"Female"
"9004154",371995,2025-05-15 01:04:23,42.4230079650879,-8.87849426269531,"Female"
"9004154",371995,2025-05-15 01:09:22,42.4232139587402,-8.87852001190186,"Female"
"9004154",371995,2025-05-15 01:14:23,42.423282623291,-8.87870693206787,"Female"
"9004154",371995,2025-05-15 01:19:22,42.4231719970703,-8.87868118286133,"Female"
"9004154",371995,2025-05-15 01:24:25,42.422924041748,-8.87833309173584,"Female"
"9004154",371995,2025-05-15 01:29:41,42.4230918884277,-8.87827968597412,"Female"
"9004154",371995,2025-05-15 01:34:24,42.4235458374023,-8.8788423538208,"Female"
"9004154",371995,2025-05-15 01:39:24,42.42333984375,-8.87899398803711,"Female"
"9004154",371995,2025-05-15 01:44:42,42.4229049682617,-8.87848854064941,"Female"
"9004154",371995,2025-05-15 01:49:36,42.422924041748,-8.87854385375977,"Female"
"9004154",371995,2025-05-15 01:54:30,42.4230003356934,-8.87853145599365,"Female"
"9004154",371995,2025-05-15 01:59:25,42.4229431152344,-8.87865352630615,"Female"
"9004154",371995,2025-05-15 02:04:24,42.4233016967773,-8.87864208221436,"Female"
"9004154",371995,2025-05-15 02:09:30,42.4227333068848,-8.87831687927246,"Female"
"9004154",371995,2025-05-15 02:14:25,42.4226951599121,-8.87829494476318,"Female"
"9004154",371995,2025-05-15 02:19:30,42.4226417541504,-8.87828540802002,"Female"
"9004154",371995,2025-05-15 02:24:27,42.4225082397461,-8.87854385375977,"Female"
"9004154",371995,2025-05-15 02:29:22,42.4224243164062,-8.87838077545166,"Female"
"9004154",371995,2025-05-15 02:34:32,42.4225158691406,-8.87832260131836,"Female"
"9004154",371995,2025-05-15 02:39:33,42.4231338500977,-8.87918949127197,"Female"
"9004154",371995,2025-05-15 02:44:31,42.4230079650879,-8.87897777557373,"Female"
"9004154",371995,2025-05-15 02:49:30,42.4225692749023,-8.87878036499023,"Female"
"9004154",371995,2025-05-15 02:54:44,42.4228668212891,-8.87882614135742,"Female"
"9004154",371995,2025-05-15 02:59:27,42.4229507446289,-8.87880229949951,"Female"
"9004154",371995,2025-05-15 03:04:25,42.4229011535645,-8.87894344329834,"Female"
"9004154",371995,2025-05-15 03:09:25,42.4227600097656,-8.87874794006348,"Female"
"9004154",371995,2025-05-15 03:14:29,42.4228858947754,-8.87874507904053,"Female"
"9004154",371995,2025-05-15 03:19:28,42.422981262207,-8.87868499755859,"Female"
"9004154",371995,2025-05-15 03:24:27,42.4230003356934,-8.87864589691162,"Female"
"9004154",371995,2025-05-15 03:30:03,42.4230270385742,-8.87836456298828,"Female"
"9004154",371995,2025-05-15 03:34:22,42.4229354858398,-8.8782958984375,"Female"
"9004154",371995,2025-05-15 03:39:22,42.4226837158203,-8.87832260131836,"Female"
"9004154",371995,2025-05-15 03:44:21,42.4229316711426,-8.8782901763916,"Female"
"9004154",371995,2025-05-15 03:49:22,42.4228897094727,-8.87822914123535,"Female"
"9004154",371995,2025-05-15 03:54:23,42.4228858947754,-8.87813663482666,"Female"
"9004154",371995,2025-05-15 03:59:22,42.422679901123,-8.87815284729004,"Female"
"9004154",371995,2025-05-15 04:04:22,42.4228248596191,-8.87811279296875,"Female"
"9004154",371995,2025-05-15 04:09:22,42.4227561950684,-8.87818145751953,"Female"
"9004154",371995,2025-05-15 04:14:22,42.422607421875,-8.87814235687256,"Female"
"9004154",371995,2025-05-15 04:19:22,42.4228439331055,-8.87817096710205,"Female"
"9004154",371995,2025-05-15 04:24:25,42.4231948852539,-8.87856292724609,"Female"
"9004154",371995,2025-05-15 04:29:22,42.4228515625,-8.87820053100586,"Female"
"9004154",371995,2025-05-15 04:34:22,42.423454284668,-8.8783073425293,"Female"
"9004154",371995,2025-05-15 04:39:24,42.4233779907227,-8.87821197509766,"Female"
"9004154",371995,2025-05-15 04:44:23,42.4237213134766,-8.87832164764404,"Female"
"9004154",371995,2025-05-15 04:49:29,42.423713684082,-8.87850189208984,"Female"
"9004154",371995,2025-05-15 04:54:24,42.4233589172363,-8.87832450866699,"Female"
"9004154",371995,2025-05-15 04:59:22,42.4232368469238,-8.87849044799805,"Female"
"9004154",371995,2025-05-15 05:04:22,42.4297676086426,-8.87879276275635,"Female"
"9004154",371995,2025-05-15 05:09:22,42.4409599304199,-8.87383079528809,"Female"
"9004154",371995,2025-05-15 05:14:22,42.4406929016113,-8.87324333190918,"Female"
"9004154",371995,2025-05-15 05:20:00,42.4410018920898,-8.87362194061279,"Female"
"9004154",371995,2025-05-15 05:25:28,42.4417495727539,-8.87355899810791,"Female"
"9004154",371995,2025-05-15 05:30:31,42.4437675476074,-8.87487602233887,"Female"
"9004154",371995,2025-05-15 05:37:47,42.4464340209961,-8.87558460235596,"Female"
"9004154",371995,2025-05-15 05:43:07,42.446231842041,-8.87674617767334,"Female"
"9004154",371995,2025-05-15 05:49:51,42.4469718933105,-8.87763786315918,"Female"
"9004154",371995,2025-05-15 05:54:50,42.4461860656738,-8.878005027771,"Female"
"9004154",371995,2025-05-15 05:59:50,42.4453125,-8.87742710113525,"Female"
"9004154",371995,2025-05-15 06:04:50,42.4446601867676,-8.87630081176758,"Female"
"9004154",371995,2025-05-15 06:09:57,42.443229675293,-8.87531185150146,"Female"
"9004154",371995,2025-05-15 06:14:58,42.4424476623535,-8.87514209747314,"Female"
"9004154",371995,2025-05-15 06:19:57,42.4415626525879,-8.87544441223145,"Female"
"9004154",371995,2025-05-15 06:24:57,42.4396820068359,-8.87759399414062,"Female"
"9004154",371995,2025-05-15 06:29:57,42.4375762939453,-8.87796115875244,"Female"
"9004154",371995,2025-05-15 06:34:58,42.4374580383301,-8.87766170501709,"Female"
"9004154",371995,2025-05-15 06:40:06,42.4377136230469,-8.87713623046875,"Female"
"9004154",371995,2025-05-15 06:44:58,42.4372978210449,-8.87759494781494,"Female"
"9004154",371995,2025-05-15 06:50:06,42.4376373291016,-8.87726020812988,"Female"
"9004154",371995,2025-05-15 06:55:00,42.4362831115723,-8.87849044799805,"Female"
"9004154",371995,2025-05-15 07:07:39,42.437686920166,-8.87726974487305,"Female"
"9004154",371995,2025-05-15 07:12:41,42.4372444152832,-8.87791633605957,"Female"
"9004154",371995,2025-05-15 07:17:31,42.4374656677246,-8.87710380554199,"Female"
"9004154",371995,2025-05-15 07:22:31,42.4374618530273,-8.87763404846191,"Female"
"9004154",371995,2025-05-15 07:27:31,42.4372100830078,-8.87772464752197,"Female"
"9004154",371995,2025-05-15 07:32:31,42.4373626708984,-8.87759590148926,"Female"
"9004154",371995,2025-05-15 07:37:31,42.4373207092285,-8.87760257720947,"Female"
"9004154",371995,2025-05-15 07:42:36,42.4418067932129,-8.87610054016113,"Female"
"9004154",371995,2025-05-15 07:47:33,42.4452590942383,-8.8753023147583,"Female"
"9004154",371995,2025-05-15 07:52:39,42.444953918457,-8.87800407409668,"Female"
"9004154",371995,2025-05-15 07:57:39,42.4454803466797,-8.88003253936768,"Female"
"9004154",371995,2025-05-15 08:07:09,42.4465255737305,-8.88094520568848,"Female"
"9004154",371995,2025-05-15 08:12:13,42.4474182128906,-8.88114356994629,"Female"
"9004154",371995,2025-05-15 08:17:12,42.4513778686523,-8.8847713470459,"Female"
"9004154",371995,2025-05-15 08:25:51,42.4537887573242,-8.88729000091553,"Female"
"9004154",371995,2025-05-15 08:36:14,42.4581031799316,-8.89602279663086,"Female"
"9004154",371995,2025-05-15 08:42:27,42.4583625793457,-8.89776039123535,"Female"
"9004154",371995,2025-05-15 08:50:15,42.456958770752,-8.89589309692383,"Female"
"9004154",371995,2025-05-15 08:55:13,42.4584045410156,-8.90380477905273,"Female"
"9004154",371995,2025-05-15 09:00:17,42.4585723876953,-8.90406322479248,"Female"
"9004154",371995,2025-05-15 09:05:13,42.458251953125,-8.90377044677734,"Female"
"9004154",371995,2025-05-15 09:10:13,42.4584617614746,-8.90407562255859,"Female"
"9004154",371995,2025-05-15 09:15:12,42.4583435058594,-8.90382671356201,"Female"
"9004154",371995,2025-05-15 09:20:13,42.458423614502,-8.90426349639893,"Female"
"9004154",371995,2025-05-15 09:25:13,42.4586219787598,-8.90451335906982,"Female"
"9004154",371995,2025-05-15 09:30:12,42.4583778381348,-8.90347099304199,"Female"
"9004154",371995,2025-05-15 09:35:15,42.4586982727051,-8.90497303009033,"Female"
"9004154",371995,2025-05-15 09:40:15,42.4587631225586,-8.90504264831543,"Female"
"9004154",371995,2025-05-15 09:45:18,42.4593696594238,-8.90513610839844,"Female"
"9004154",371995,2025-05-15 09:50:16,42.4590606689453,-8.9050931930542,"Female"
"9004154",371995,2025-05-15 09:55:16,42.4592781066895,-8.9049072265625,"Female"
"9004154",371995,2025-05-15 10:00:35,42.458423614502,-8.90462207794189,"Female"
"9004154",371995,2025-05-15 10:05:10,42.4582862854004,-8.90475177764893,"Female"
"9004154",371995,2025-05-15 10:10:10,42.4583473205566,-8.90465831756592,"Female"
"9004154",371995,2025-05-15 10:15:11,42.458438873291,-8.90450668334961,"Female"
"9004154",371995,2025-05-15 10:21:20,42.4582786560059,-8.90835380554199,"Female"
"9004154",371995,2025-05-15 10:28:31,42.4596481323242,-8.90951251983643,"Female"
"9004154",371995,2025-05-15 10:33:31,42.4602661132812,-8.91146469116211,"Female"
"9004154",371995,2025-05-15 10:38:30,42.4594116210938,-8.91284847259521,"Female"
"9004154",371995,2025-05-15 10:43:30,42.4599876403809,-8.91213130950928,"Female"
"9004154",371995,2025-05-15 10:50:31,42.4600143432617,-8.91137981414795,"Female"
"9004154",371995,2025-05-15 10:55:29,42.4605674743652,-8.91136360168457,"Female"
"9004154",371995,2025-05-15 11:00:28,42.4598007202148,-8.91187381744385,"Female"
"9004154",371995,2025-05-15 11:10:37,42.4594306945801,-8.91359615325928,"Female"
"9004154",371995,2025-05-15 11:24:37,42.4595184326172,-8.91459274291992,"Female"
"9004154",371995,2025-05-15 11:29:33,42.4596405029297,-8.90967464447021,"Female"
"9004154",371995,2025-05-15 11:34:34,42.4584922790527,-8.90434169769287,"Female"
"9004154",371995,2025-05-15 11:39:33,42.4583854675293,-8.90455055236816,"Female"
"9004154",371995,2025-05-15 11:44:36,42.4572906494141,-8.90856075286865,"Female"
"9004154",371995,2025-05-15 11:49:34,42.4545478820801,-8.91792488098145,"Female"
"9004154",371995,2025-05-15 11:54:35,42.4547729492188,-8.91829490661621,"Female"
"9004154",371995,2025-05-15 11:59:35,42.4548187255859,-8.91865158081055,"Female"
"9004154",371995,2025-05-15 12:04:35,42.4547843933105,-8.91830539703369,"Female"
"9004154",371995,2025-05-15 12:09:35,42.4547653198242,-8.91827011108398,"Female"
"9004154",371995,2025-05-15 12:14:34,42.4547958374023,-8.91826248168945,"Female"
"9004154",371995,2025-05-15 12:19:38,42.4547729492188,-8.91818141937256,"Female"
"9004154",371995,2025-05-15 12:24:34,42.4548187255859,-8.91837024688721,"Female"
"9004154",371995,2025-05-15 12:29:34,42.4548149108887,-8.91800785064697,"Female"
"9004154",371995,2025-05-15 12:34:34,42.4548187255859,-8.91799259185791,"Female"
"9004154",371995,2025-05-15 12:39:34,42.4547843933105,-8.91806888580322,"Female"
"9004154",371995,2025-05-15 12:44:38,42.4548034667969,-8.9179744720459,"Female"
"9004154",371995,2025-05-15 12:49:34,42.4548301696777,-8.91807270050049,"Female"
"9004154",371995,2025-05-15 12:54:51,42.4548645019531,-8.91779041290283,"Female"
"9004154",371995,2025-05-15 12:59:53,42.4549293518066,-8.91782665252686,"Female"
"9004154",371995,2025-05-15 13:04:36,42.454948425293,-8.91770362854004,"Female"
"9004154",371995,2025-05-15 13:09:35,42.4549865722656,-8.9176778793335,"Female"
"9004154",371995,2025-05-15 13:14:36,42.4549674987793,-8.91771697998047,"Female"
"9004154",371995,2025-05-15 13:19:41,42.4549331665039,-8.91788291931152,"Female"
"9004154",371995,2025-05-15 13:24:35,42.4549522399902,-8.91772079467773,"Female"
"9004154",371995,2025-05-15 13:29:41,42.4549217224121,-8.91799545288086,"Female"
"9004154",371995,2025-05-15 13:34:35,42.4548835754395,-8.91813087463379,"Female"
"9004154",371995,2025-05-15 13:39:35,42.4548301696777,-8.91811275482178,"Female"
"9004154",371995,2025-05-15 13:44:44,42.4602851867676,-8.91343402862549,"Female"
"9004154",371995,2025-05-15 13:49:46,42.4606781005859,-8.91388034820557,"Female"
"9004154",371995,2025-05-15 13:54:36,42.4580993652344,-8.90266132354736,"Female"
"9004154",371995,2025-05-15 13:59:36,42.4581069946289,-8.90274047851562,"Female"
"9004154",371995,2025-05-15 14:04:45,42.4580688476562,-8.9027099609375,"Female"
"9004154",371995,2025-05-15 14:10:03,42.4581108093262,-8.90292263031006,"Female"
"9004154",371995,2025-05-15 14:14:35,42.4580841064453,-8.90291023254395,"Female"
"9004154",371995,2025-05-15 14:19:34,42.458122253418,-8.90297508239746,"Female"
"9004154",371995,2025-05-15 14:24:35,42.4581031799316,-8.90297031402588,"Female"
"9004154",371995,2025-05-15 14:29:43,42.459716796875,-8.89803314208984,"Female"
"9004154",371995,2025-05-15 14:34:43,42.4586486816406,-8.89658641815186,"Female"
"9004154",371995,2025-05-15 14:41:06,42.4584655761719,-8.89606952667236,"Female"
"9004154",371995,2025-05-15 14:46:06,42.4573135375977,-8.89449977874756,"Female"
"9004154",371995,2025-05-15 14:51:06,42.457763671875,-8.89619636535645,"Female"
"9004154",371995,2025-05-15 14:56:06,42.4557495117188,-8.88948535919189,"Female"
"9004154",371995,2025-05-15 15:01:06,42.4546775817871,-8.88743209838867,"Female"
"9004154",371995,2025-05-15 15:06:06,42.4541549682617,-8.88499927520752,"Female"
"9004154",371995,2025-05-15 15:11:07,42.4533920288086,-8.88415336608887,"Female"
"9004154",371995,2025-05-15 15:16:07,42.4524993896484,-8.88357162475586,"Female"
"9004154",371995,2025-05-15 15:21:11,42.4512634277344,-8.88384342193604,"Female"
"9004154",371995,2025-05-15 15:26:07,42.4507598876953,-8.88419055938721,"Female"
"9004154",371995,2025-05-15 15:31:07,42.4372406005859,-8.87762832641602,"Female"
"9004154",371995,2025-05-15 15:36:08,42.4372062683105,-8.877610206604,"Female"
"9004154",371995,2025-05-15 15:41:06,42.4372634887695,-8.87756633758545,"Female"
"9004154",371995,2025-05-15 15:46:07,42.4368476867676,-8.87741756439209,"Female"
"9004154",371995,2025-05-15 15:51:06,42.4371910095215,-8.87759971618652,"Female"
"9004154",371995,2025-05-15 15:56:07,42.436695098877,-8.87785816192627,"Female"
"9004154",371995,2025-05-15 16:01:06,42.4374847412109,-8.87783432006836,"Female"
"9004154",371995,2025-05-15 16:06:06,42.4367637634277,-8.87783432006836,"Female"
"9004154",371995,2025-05-15 16:11:07,42.4369201660156,-8.87802886962891,"Female"
"9004154",371995,2025-05-15 16:16:09,42.4360466003418,-8.88008880615234,"Female"
"9004154",371995,2025-05-15 16:21:06,42.4434051513672,-8.87987804412842,"Female"
"9004154",371995,2025-05-15 16:26:08,42.4456062316895,-8.87842845916748,"Female"
"9004154",371995,2025-05-15 16:31:54,42.4511680603027,-8.88270854949951,"Female"
"9004154",371995,2025-05-15 16:36:52,42.4520874023438,-8.88383674621582,"Female"
"9004154",371995,2025-05-15 16:42:25,42.4528198242188,-8.88613605499268,"Female"
"9004154",371995,2025-05-15 16:47:29,42.4545936584473,-8.8878231048584,"Female"
"9004154",371995,2025-05-15 16:52:29,42.4540252685547,-8.8886833190918,"Female"
"9004154",371995,2025-05-15 16:57:51,42.4553337097168,-8.88701343536377,"Female"
"9004154",371995,2025-05-15 17:02:59,42.455150604248,-8.88539123535156,"Female"
"9004154",371995,2025-05-15 17:08:05,42.4547386169434,-8.88536357879639,"Female"
"9004154",371995,2025-05-15 17:15:23,42.4535751342773,-8.88305282592773,"Female"
"9004154",371995,2025-05-15 17:20:35,42.452808380127,-8.88313102722168,"Female"
"9004154",371995,2025-05-15 17:25:35,42.4518394470215,-8.88275527954102,"Female"
"9004154",371995,2025-05-15 17:30:44,42.4509963989258,-8.88178157806396,"Female"
"9004154",371995,2025-05-15 17:35:41,42.449951171875,-8.8815860748291,"Female"
"9004154",371995,2025-05-15 17:40:41,42.4374046325684,-8.87850761413574,"Female"
"9004154",371995,2025-05-15 17:45:49,42.4373092651367,-8.87797355651855,"Female"
"9004154",371995,2025-05-15 17:50:42,42.4373550415039,-8.87803554534912,"Female"
"9004154",371995,2025-05-15 17:56:05,42.4372596740723,-8.87773513793945,"Female"
"9004154",371995,2025-05-15 18:00:41,42.437313079834,-8.877760887146,"Female"
"9004154",371995,2025-05-15 18:05:41,42.4372825622559,-8.87781238555908,"Female"
"9004154",371995,2025-05-15 18:10:41,42.4373245239258,-8.87779235839844,"Female"
"9004154",371995,2025-05-15 18:15:41,42.4373168945312,-8.87780094146729,"Female"
"9004154",371995,2025-05-15 18:20:40,42.4233093261719,-8.87724876403809,"Female"
"9004154",371995,2025-05-15 18:26:14,42.4227561950684,-8.87843227386475,"Female"
"9004154",371995,2025-05-15 18:30:41,42.4225120544434,-8.87844753265381,"Female"
"9004154",371995,2025-05-15 18:35:41,42.4226913452148,-8.87862777709961,"Female"
"9004154",371995,2025-05-15 18:40:41,42.4228324890137,-8.87854099273682,"Female"
"9004154",371995,2025-05-15 18:45:42,42.4226722717285,-8.87840175628662,"Female"
"9004154",371995,2025-05-15 18:51:14,42.4226875305176,-8.87848854064941,"Female"
"9004154",371995,2025-05-15 18:55:42,42.4228820800781,-8.87859535217285,"Female"
"9004154",371995,2025-05-15 19:00:42,42.4226226806641,-8.87879371643066,"Female"
"9004154",371995,2025-05-15 19:05:43,42.4231338500977,-8.87883377075195,"Female"
"9004154",371995,2025-05-15 19:10:43,42.4230155944824,-8.87924194335938,"Female"
"9004154",371995,2025-05-15 19:15:44,42.4225196838379,-8.8784351348877,"Female"
"9004154",371995,2025-05-15 19:20:50,42.4225463867188,-8.87848377227783,"Female"
"9004154",371995,2025-05-15 19:25:46,42.4226226806641,-8.87849521636963,"Female"
"9004154",371995,2025-05-15 19:30:43,42.422477722168,-8.87839031219482,"Female"
"9004154",371995,2025-05-15 19:35:46,42.4224739074707,-8.87842273712158,"Female"
"9004154",371995,2025-05-15 19:40:43,42.4229202270508,-8.87888717651367,"Female"
"9004154",371995,2025-05-15 19:45:49,42.4226531982422,-8.87847995758057,"Female"
"9004154",371995,2025-05-15 19:50:44,42.4225120544434,-8.87850952148438,"Female"
"9004154",371995,2025-05-15 19:55:46,42.4226684570312,-8.87853622436523,"Female"
"9004154",371995,2025-05-15 20:00:49,42.422607421875,-8.87858104705811,"Female"
"9004154",371995,2025-05-15 20:05:49,42.4226875305176,-8.87850761413574,"Female"
"9004154",371995,2025-05-15 20:10:48,42.4225158691406,-8.87844848632812,"Female"
"9004154",371995,2025-05-15 20:15:49,42.4225616455078,-8.87855339050293,"Female"
"9004154",371995,2025-05-15 20:20:49,42.4226303100586,-8.8785400390625,"Female"
"9004154",371995,2025-05-15 20:25:49,42.4226570129395,-8.87847518920898,"Female"
"9004154",371995,2025-05-15 20:30:49,42.4227638244629,-8.87848854064941,"Female"
"9004154",371995,2025-05-15 20:35:49,42.4227905273438,-8.87865352630615,"Female"
"9004154",371995,2025-05-15 20:41:00,42.4228019714355,-8.87854385375977,"Female"
"9004154",371995,2025-05-15 20:46:05,42.4224472045898,-8.8784646987915,"Female"
"9004154",371995,2025-05-15 20:50:43,42.4226531982422,-8.87831020355225,"Female"
"9004154",371995,2025-05-15 20:55:51,42.4226913452148,-8.87841701507568,"Female"
"9004154",371995,2025-05-15 21:00:43,42.4227638244629,-8.87839984893799,"Female"
"9004154",371995,2025-05-15 21:05:42,42.4225044250488,-8.87837314605713,"Female"
"9004154",371995,2025-05-15 21:10:55,42.4227981567383,-8.87852954864502,"Female"
"9004154",371995,2025-05-15 21:16:14,42.4226493835449,-8.87841892242432,"Female"
"9004154",371995,2025-05-15 21:20:41,42.4224548339844,-8.87795352935791,"Female"
"9004154",371995,2025-05-15 21:25:42,42.4226493835449,-8.87806987762451,"Female"
"9004154",371995,2025-05-15 21:30:47,42.4226455688477,-8.87779903411865,"Female"
"9004154",371995,2025-05-15 21:35:44,42.4227638244629,-8.878342628479,"Female"
"9004154",371995,2025-05-15 21:40:43,42.4221076965332,-8.87754917144775,"Female"
"9004154",371995,2025-05-15 21:45:58,42.4221725463867,-8.8789005279541,"Female"
"9004154",371995,2025-05-15 21:51:05,42.4231109619141,-8.8785343170166,"Female"
"9004154",371995,2025-05-15 21:55:44,42.4233207702637,-8.87854099273682,"Female"
"9004154",371995,2025-05-15 22:00:46,42.4229850769043,-8.87850189208984,"Female"
"9004154",371995,2025-05-15 22:05:44,42.4229850769043,-8.87829399108887,"Female"
"9004154",371995,2025-05-15 22:10:42,42.4231452941895,-8.87817573547363,"Female"
"9004154",371995,2025-05-15 22:15:41,42.4221229553223,-8.87902069091797,"Female"
"9004154",371995,2025-05-15 22:20:41,42.4222717285156,-8.87876510620117,"Female"
"9004154",371995,2025-05-15 22:25:41,42.4228477478027,-8.87833690643311,"Female"
"9004154",371995,2025-05-15 22:30:42,42.4228477478027,-8.87840270996094,"Female"
"9004154",371995,2025-05-15 22:35:41,42.4229469299316,-8.87827968597412,"Female"
"9004154",371995,2025-05-15 22:40:41,42.4226531982422,-8.87843990325928,"Female"
"9004154",371995,2025-05-15 22:45:43,42.4225845336914,-8.87846660614014,"Female"
"9004154",371995,2025-05-15 22:50:42,42.4227638244629,-8.87848567962646,"Female"
"9004154",371995,2025-05-15 22:55:41,42.4227905273438,-8.87839603424072,"Female"
"9004154",371995,2025-05-15 23:00:42,42.4232635498047,-8.87818241119385,"Female"
"9004154",371995,2025-05-15 23:05:43,42.4237747192383,-8.87804126739502,"Female"
"9004154",371995,2025-05-15 23:10:43,42.4235420227051,-8.87815856933594,"Female"
"9004154",371995,2025-05-15 23:15:43,42.4239845275879,-8.87709712982178,"Female"
"9004154",371995,2025-05-15 23:20:43,42.4235229492188,-8.87786769866943,"Female"
"9004154",371995,2025-05-15 23:25:51,42.4225845336914,-8.8787145614624,"Female"
"9004154",371995,2025-05-15 23:30:41,42.4238624572754,-8.87829971313477,"Female"
"9004154",371995,2025-05-15 23:35:42,42.423168182373,-8.87846851348877,"Female"
"9004154",371995,2025-05-15 23:40:43,42.4234886169434,-8.87856769561768,"Female"
"9004154",371995,2025-05-15 23:45:44,42.4226188659668,-8.87851333618164,"Female"
"9004154",371995,2025-05-15 23:50:42,42.4232749938965,-8.87847232818604,"Female"
"9004154",371995,2025-05-15 23:55:43,42.4236793518066,-8.8785343170166,"Female"
"9004154",371995,2025-05-16 00:00:48,42.4230537414551,-8.87876605987549,"Female"
"9004154",371995,2025-05-16 00:05:41,42.4230270385742,-8.87864398956299,"Female"
"9004154",371995,2025-05-16 00:10:42,42.4233436584473,-8.87860774993896,"Female"
"9004154",371995,2025-05-16 00:15:42,42.4229583740234,-8.87801647186279,"Female"
"9004154",371995,2025-05-16 00:20:42,42.4225883483887,-8.87865352630615,"Female"
"9004154",371995,2025-05-16 00:25:42,42.4224739074707,-8.87885475158691,"Female"
"9004154",371995,2025-05-16 00:30:41,42.422306060791,-8.87859058380127,"Female"
"9004154",371995,2025-05-16 00:35:42,42.4222984313965,-8.87861347198486,"Female"
"9004154",371995,2025-05-16 00:40:41,42.4219360351562,-8.87887001037598,"Female"
"9004154",371995,2025-05-16 00:45:43,42.4229888916016,-8.87801933288574,"Female"
"9004154",371995,2025-05-16 00:50:41,42.4227676391602,-8.87808895111084,"Female"
"9004154",371995,2025-05-16 00:55:42,42.423095703125,-8.87804985046387,"Female"
"9004154",371995,2025-05-16 01:00:41,42.422679901123,-8.87814998626709,"Female"
"9004154",371995,2025-05-16 01:05:48,42.4227104187012,-8.87825679779053,"Female"
"9004154",371995,2025-05-16 01:10:42,42.4227409362793,-8.87834548950195,"Female"
"9004154",371995,2025-05-16 01:15:43,42.4225120544434,-8.87819480895996,"Female"
"9004154",371995,2025-05-16 01:20:43,42.4226303100586,-8.87837886810303,"Female"
"9004154",371995,2025-05-16 01:25:49,42.4233131408691,-8.87802600860596,"Female"
"9004154",371995,2025-05-16 01:30:45,42.4230613708496,-8.87811756134033,"Female"
"9004154",371995,2025-05-16 01:35:56,42.4237327575684,-8.87809181213379,"Female"
"9004154",371995,2025-05-16 01:40:46,42.4234771728516,-8.8781852722168,"Female"
"9004154",371995,2025-05-16 01:45:50,42.4236946105957,-8.87815952301025,"Female"
"9004154",371995,2025-05-16 01:50:45,42.4240226745605,-8.87827968597412,"Female"
"9004154",371995,2025-05-16 01:55:46,42.4240875244141,-8.87846565246582,"Female"
"9004154",371995,2025-05-16 02:00:44,42.424072265625,-8.87843227386475,"Female"
"9004154",371995,2025-05-16 02:05:46,42.4241027832031,-8.87857627868652,"Female"
"9004154",371995,2025-05-16 02:10:46,42.4237480163574,-8.8782787322998,"Female"
"9004154",371995,2025-05-16 02:15:52,42.4234428405762,-8.87832260131836,"Female"
"9004154",371995,2025-05-16 02:20:45,42.4237823486328,-8.87865447998047,"Female"
"9004154",371995,2025-05-16 02:25:42,42.4235153198242,-8.87848854064941,"Female"
"9004154",371995,2025-05-16 02:30:46,42.4233589172363,-8.87845516204834,"Female"
"9004154",371995,2025-05-16 02:35:41,42.4233741760254,-8.87857723236084,"Female"
"9004154",371995,2025-05-16 02:40:41,42.4234428405762,-8.8786506652832,"Female"
"9004154",371995,2025-05-16 02:45:41,42.4234085083008,-8.87868595123291,"Female"
"9004154",371995,2025-05-16 02:50:45,42.4229393005371,-8.87873840332031,"Female"
"9004154",371995,2025-05-16 02:55:45,42.4228744506836,-8.87870788574219,"Female"
"9004154",371995,2025-05-16 03:00:41,42.4230079650879,-8.87880039215088,"Female"
"9004154",371995,2025-05-16 03:05:42,42.4227981567383,-8.87879848480225,"Female"
"9004154",371995,2025-05-16 03:10:42,42.4228477478027,-8.87883281707764,"Female"
"9004154",371995,2025-05-16 03:15:40,42.422908782959,-8.87875747680664,"Female"
"9004154",371995,2025-05-16 03:20:42,42.4230842590332,-8.87889766693115,"Female"
"9004154",371995,2025-05-16 03:25:43,42.4226570129395,-8.87867546081543,"Female"
"9004154",371995,2025-05-16 03:30:58,42.4232482910156,-8.87820816040039,"Female"
"9004154",371995,2025-05-16 03:36:05,42.423225402832,-8.87839794158936,"Female"
"9004154",371995,2025-05-16 03:40:43,42.4230575561523,-8.87805080413818,"Female"
"9004154",371995,2025-05-16 03:45:43,42.4229049682617,-8.8782901763916,"Female"
"9004154",371995,2025-05-16 03:51:04,42.4229278564453,-8.87849426269531,"Female"
"9004154",371995,2025-05-16 03:55:42,42.4229049682617,-8.87843990325928,"Female"
"9004154",371995,2025-05-16 04:00:41,42.4228477478027,-8.87852191925049,"Female"
"9004154",371995,2025-05-16 04:05:46,42.4229278564453,-8.87852096557617,"Female"
"9004154",371995,2025-05-16 04:10:40,42.4229164123535,-8.87848377227783,"Female"
"9004154",371995,2025-05-16 04:15:43,42.4228172302246,-8.87840747833252,"Female"
"9004154",371995,2025-05-16 04:20:43,42.4225807189941,-8.87839126586914,"Female"
"9004154",371995,2025-05-16 04:25:40,42.4229431152344,-8.87861633300781,"Female"
"9004154",371995,2025-05-16 04:30:41,42.4231147766113,-8.87874889373779,"Female"
"9004154",371995,2025-05-16 04:35:41,42.4230575561523,-8.87873268127441,"Female"
"9004154",371995,2025-05-16 04:40:47,42.4227104187012,-8.87842750549316,"Female"
"9004154",371995,2025-05-16 04:45:41,42.4234352111816,-8.87896633148193,"Female"
"9004154",371995,2025-05-16 04:50:47,42.4226913452148,-8.87833499908447,"Female"
"9004154",371995,2025-05-16 04:55:40,42.4228553771973,-8.87855911254883,"Female"
"9004154",371995,2025-05-16 05:00:46,42.4226875305176,-8.87843894958496,"Female"
"9004154",371995,2025-05-16 05:05:41,42.4225578308105,-8.87832355499268,"Female"
"9004154",371995,2025-05-16 05:10:42,42.4230079650879,-8.87864398956299,"Female"
"9004154",371995,2025-05-16 05:15:43,42.4214553833008,-8.87586116790771,"Female"
"9004154",371995,2025-05-16 05:21:57,42.4374542236328,-8.87294960021973,"Female"
"9004154",371995,2025-05-16 05:26:57,42.4373893737793,-8.8730936050415,"Female"
"9004154",371995,2025-05-16 05:32:00,42.4368934631348,-8.87768745422363,"Female"
"9004154",371995,2025-05-16 05:36:56,42.4367027282715,-8.87744998931885,"Female"
"9004154",371995,2025-05-16 05:41:56,42.4371795654297,-8.87747955322266,"Female"
"9004154",371995,2025-05-16 05:46:56,42.4371185302734,-8.87744140625,"Female"
"9004154",371995,2025-05-16 05:51:58,42.4357872009277,-8.87630939483643,"Female"
"9004154",371995,2025-05-16 05:56:56,42.4370231628418,-8.87740612030029,"Female"
"9004154",371995,2025-05-16 06:01:56,42.4370651245117,-8.87750911712646,"Female"
"9004154",371995,2025-05-16 06:06:56,42.4369964599609,-8.87737655639648,"Female"
"9004154",371995,2025-05-16 06:11:57,42.43701171875,-8.87737274169922,"Female"
"9004154",371995,2025-05-16 06:16:56,42.4370040893555,-8.87733745574951,"Female"
"9004154",371995,2025-05-16 06:21:56,42.4465827941895,-8.87840938568115,"Female"
"9004154",371995,2025-05-16 06:26:56,42.4479217529297,-8.87941074371338,"Female"
"9004154",371995,2025-05-16 06:31:56,42.4494361877441,-8.88179969787598,"Female"
"9004154",371995,2025-05-16 06:37:55,42.4546432495117,-8.88724994659424,"Female"
"9004154",371995,2025-05-16 06:42:51,42.4537467956543,-8.88807392120361,"Female"
"9004154",371995,2025-05-16 06:48:18,42.4538040161133,-8.88725566864014,"Female"
"9004154",371995,2025-05-16 07:01:05,42.4559745788574,-8.88986206054688,"Female"
"9004154",371995,2025-05-16 07:09:08,42.4565238952637,-8.89017963409424,"Female"
"9004154",371995,2025-05-16 07:14:12,42.4569396972656,-8.88858795166016,"Female"
"9004154",371995,2025-05-16 07:19:19,42.4570121765137,-8.88889026641846,"Female"
"9004154",371995,2025-05-16 07:24:08,42.4562568664551,-8.88822174072266,"Female"
"9004154",371995,2025-05-16 07:35:12,42.4554595947266,-8.88961029052734,"Female"
"9004154",371995,2025-05-16 07:39:57,42.4553031921387,-8.89015293121338,"Female"
"9004154",371995,2025-05-16 07:44:55,42.4581565856934,-8.90261745452881,"Female"
"9004154",371995,2025-05-16 07:49:56,42.4579277038574,-8.90294075012207,"Female"
"9004154",371995,2025-05-16 07:54:55,42.457950592041,-8.90291976928711,"Female"
"9004154",371995,2025-05-16 07:59:55,42.4579162597656,-8.9029483795166,"Female"
"9004154",371995,2025-05-16 08:04:56,42.4579544067383,-8.902907371521,"Female"
"9004154",371995,2025-05-16 08:09:56,42.457836151123,-8.90296459197998,"Female"
"9004154",371995,2025-05-16 08:14:55,42.4580421447754,-8.90293216705322,"Female"
"9004154",371995,2025-05-16 08:19:55,42.4581069946289,-8.90294933319092,"Female"
"9004154",371995,2025-05-16 08:24:55,42.4577751159668,-8.90281677246094,"Female"
"9004154",371995,2025-05-16 08:29:55,42.457633972168,-8.90268135070801,"Female"
"9004154",371995,2025-05-16 08:34:55,42.4575958251953,-8.90259265899658,"Female"
"9004154",371995,2025-05-16 08:39:58,42.4580154418945,-8.90285682678223,"Female"
"9004154",371995,2025-05-16 08:44:55,42.4581604003906,-8.9030237197876,"Female"
"9004154",371995,2025-05-16 08:49:55,42.4581909179688,-8.90309047698975,"Female"
"9004154",371995,2025-05-16 08:54:55,42.458251953125,-8.9031867980957,"Female"
"9004154",371995,2025-05-16 08:59:55,42.458194732666,-8.90309047698975,"Female"
"9004154",371995,2025-05-16 09:04:55,42.4582023620605,-8.90307712554932,"Female"
"9004154",371995,2025-05-16 09:09:55,42.4581871032715,-8.90314865112305,"Female"
"9004154",371995,2025-05-16 09:14:55,42.4582176208496,-8.90315055847168,"Female"
"9004154",371995,2025-05-16 09:19:55,42.4581871032715,-8.90314197540283,"Female"
"9004154",371995,2025-05-16 09:24:57,42.458179473877,-8.90316009521484,"Female"
"9004154",371995,2025-05-16 09:29:55,42.458137512207,-8.90313625335693,"Female"
"9004154",371995,2025-05-16 09:34:55,42.4581565856934,-8.90308952331543,"Female"
"9004154",371995,2025-05-16 09:39:55,42.458080291748,-8.90316295623779,"Female"
"9004154",371995,2025-05-16 09:44:55,42.4580841064453,-8.90313720703125,"Female"
"9004154",371995,2025-05-16 09:50:29,42.4580688476562,-8.90306758880615,"Female"
"9004154",371995,2025-05-16 09:54:54,42.4579887390137,-8.9028902053833,"Female"
"9004154",371995,2025-05-16 09:59:54,42.4579467773438,-8.89792060852051,"Female"
"9004154",371995,2025-05-16 10:04:54,42.4567604064941,-8.89627075195312,"Female"
"9004154",371995,2025-05-16 10:09:54,42.4568099975586,-8.89466571807861,"Female"
"9004154",371995,2025-05-16 10:16:21,42.4554214477539,-8.89245891571045,"Female"
"9004154",371995,2025-05-16 10:23:38,42.4551734924316,-8.89113616943359,"Female"
"9004154",371995,2025-05-16 10:28:36,42.4555892944336,-8.89145851135254,"Female"
"9004154",371995,2025-05-16 10:33:37,42.4563941955566,-8.89186763763428,"Female"
"9004154",371995,2025-05-16 10:38:35,42.4564590454102,-8.89186763763428,"Female"
"9004154",371995,2025-05-16 10:43:35,42.4563903808594,-8.89184093475342,"Female"
"9004154",371995,2025-05-16 10:48:35,42.4563941955566,-8.89187908172607,"Female"
"9004154",371995,2025-05-16 10:53:35,42.4563941955566,-8.89187908172607,"Female"
"9004154",371995,2025-05-16 10:58:35,42.4563789367676,-8.89185523986816,"Female"
"9004154",371995,2025-05-16 11:03:35,42.4563674926758,-8.89179706573486,"Female"
"9004154",371995,2025-05-16 11:08:36,42.4562644958496,-8.89187908172607,"Female"
"9004154",371995,2025-05-16 11:13:36,42.4563255310059,-8.89185237884521,"Female"
"9004154",371995,2025-05-16 11:18:35,42.4549369812012,-8.88994121551514,"Female"
"9004154",371995,2025-05-16 11:23:36,42.4535179138184,-8.8891429901123,"Female"
"9004154",371995,2025-05-16 11:29:11,42.4523544311523,-8.88670063018799,"Female"
"9004154",371995,2025-05-16 11:35:57,42.4523620605469,-8.88637924194336,"Female"
"9004154",371995,2025-05-16 11:39:52,42.4517402648926,-8.88565063476562,"Female"
"9004154",371995,2025-05-16 11:44:59,42.4500503540039,-8.88384628295898,"Female"
"9004154",371995,2025-05-16 11:50:13,42.4482727050781,-8.88228511810303,"Female"
"9004154",371995,2025-05-16 11:59:25,42.4459342956543,-8.87950801849365,"Female"
"9004154",371995,2025-05-16 12:12:05,42.4450645446777,-8.88081169128418,"Female"
"9004154",371995,2025-05-16 12:16:23,42.4441528320312,-8.8796911239624,"Female"
"9004154",371995,2025-05-16 12:22:07,42.4438056945801,-8.87899208068848,"Female"
"9004154",371995,2025-05-16 12:27:07,42.4435539245605,-8.87923812866211,"Female"
"9004154",371995,2025-05-16 12:32:06,42.4423446655273,-8.87897968292236,"Female"
"9004154",371995,2025-05-16 12:37:06,42.4371910095215,-8.87777042388916,"Female"
"9004154",371995,2025-05-16 12:42:06,42.4371719360352,-8.87772941589355,"Female"
"9004154",371995,2025-05-16 12:47:06,42.4371871948242,-8.87777805328369,"Female"
"9004154",371995,2025-05-16 12:52:07,42.4371109008789,-8.87794876098633,"Female"
"9004154",371995,2025-05-16 12:57:07,42.4371109008789,-8.87768459320068,"Female"
"9004154",371995,2025-05-16 13:02:07,42.4372863769531,-8.87764072418213,"Female"
"9004154",371995,2025-05-16 13:07:07,42.4371490478516,-8.8776969909668,"Female"
"9004154",371995,2025-05-16 13:12:07,42.4372901916504,-8.87763595581055,"Female"
"9004154",371995,2025-05-16 13:17:07,42.437126159668,-8.8776969909668,"Female"
"9004154",371995,2025-05-16 13:22:07,42.4417877197266,-8.87773609161377,"Female"
"9004154",371995,2025-05-16 13:30:38,42.4450225830078,-8.87672996520996,"Female"
"9004154",371995,2025-05-16 13:35:35,42.4441146850586,-8.87624549865723,"Female"
"9004154",371995,2025-05-16 13:40:35,42.4427680969238,-8.87621212005615,"Female"
"9004154",371995,2025-05-16 13:49:16,42.4421043395996,-8.87564468383789,"Female"
"9004154",371995,2025-05-16 13:54:13,42.4411087036133,-8.87627029418945,"Female"
"9004154",371995,2025-05-16 13:59:15,42.4419593811035,-8.87662029266357,"Female"
"9004154",371995,2025-05-16 14:04:14,42.4419937133789,-8.87636947631836,"Female"
"9004154",371995,2025-05-16 14:09:13,42.4412651062012,-8.87662410736084,"Female"
"9004154",371995,2025-05-16 14:14:15,42.4405403137207,-8.8768196105957,"Female"
"9004154",371995,2025-05-16 14:19:15,42.4395141601562,-8.8770694732666,"Female"
"9004154",371995,2025-05-16 14:24:13,42.437385559082,-8.87783527374268,"Female"
"9004154",371995,2025-05-16 14:29:12,42.4373435974121,-8.87779235839844,"Female"
"9004154",371995,2025-05-16 14:34:12,42.4370765686035,-8.87813854217529,"Female"
"9004154",371995,2025-05-16 14:39:12,42.4370613098145,-8.87809944152832,"Female"
"9004154",371995,2025-05-16 14:44:15,42.4372367858887,-8.87807559967041,"Female"
"9004154",371995,2025-05-16 14:49:13,42.4370994567871,-8.87812519073486,"Female"
"9004154",371995,2025-05-16 14:54:12,42.4370346069336,-8.87808895111084,"Female"
"9004154",371995,2025-05-16 14:59:13,42.4370002746582,-8.87812423706055,"Female"
"9004154",371995,2025-05-16 15:04:13,42.4371185302734,-8.87817001342773,"Female"
"9004154",371995,2025-05-16 15:09:12,42.4370994567871,-8.87814140319824,"Female"
"9004154",371995,2025-05-16 15:14:13,42.4370651245117,-8.87817287445068,"Female"
"9004154",371995,2025-05-16 15:19:13,42.4370727539062,-8.87819290161133,"Female"
"9004154",371995,2025-05-16 15:24:12,42.4370307922363,-8.87816429138184,"Female"
"9004154",371995,2025-05-16 15:29:12,42.4370956420898,-8.87819290161133,"Female"
"9004154",371995,2025-05-16 15:34:12,42.4371299743652,-8.87824440002441,"Female"
"9004154",371995,2025-05-16 15:39:12,42.4371109008789,-8.87817764282227,"Female"
"9004154",371995,2025-05-16 15:44:12,42.4371910095215,-8.87811279296875,"Female"
"9004154",371995,2025-05-16 15:49:12,42.4373512268066,-8.87810230255127,"Female"
"9004154",371995,2025-05-16 15:54:12,42.4372901916504,-8.87814807891846,"Female"
"9004154",371995,2025-05-16 15:59:12,42.4373779296875,-8.87811851501465,"Female"
"9004154",371995,2025-05-16 16:04:12,42.4369735717773,-8.87813949584961,"Female"
"9004154",371995,2025-05-16 16:09:12,42.4373626708984,-8.87810897827148,"Female"
"9004154",371995,2025-05-16 16:14:12,42.4373626708984,-8.87803554534912,"Female"
"9004154",371995,2025-05-16 16:19:12,42.4373550415039,-8.87810707092285,"Female"
"9004154",371995,2025-05-16 16:24:12,42.438362121582,-8.88214778900146,"Female"
"9004154",371995,2025-05-16 16:29:13,42.447624206543,-8.88111209869385,"Female"
"9004154",371995,2025-05-16 16:34:13,42.4544944763184,-8.88586044311523,"Female"
"9004154",371995,2025-05-16 16:39:12,42.4586868286133,-8.89627265930176,"Female"
"9004154",371995,2025-05-16 16:44:12,42.460376739502,-8.89973545074463,"Female"
"9004154",371995,2025-05-16 16:49:41,42.4595375061035,-8.89856815338135,"Female"
"9004154",371995,2025-05-16 16:54:39,42.4588966369629,-8.89967918395996,"Female"
"9004154",371995,2025-05-16 16:59:36,42.4582748413086,-8.90354061126709,"Female"
"9004154",371995,2025-05-16 17:05:05,42.4582481384277,-8.90338706970215,"Female"
"9004154",371995,2025-05-16 17:09:35,42.4581069946289,-8.90322589874268,"Female"
"9004154",371995,2025-05-16 17:14:36,42.4581604003906,-8.90324211120605,"Female"
"9004154",371995,2025-05-16 17:19:36,42.4609107971191,-8.91175079345703,"Female"
"9004154",371995,2025-05-16 17:24:58,42.4605026245117,-8.91361236572266,"Female"
"9004154",371995,2025-05-16 17:29:59,42.4594383239746,-8.91304969787598,"Female"
"9004154",371995,2025-05-16 17:34:59,42.4602470397949,-8.89781188964844,"Female"
"9004154",371995,2025-05-16 17:45:20,42.4578590393066,-8.89500331878662,"Female"
"9004154",371995,2025-05-16 17:50:16,42.4565925598145,-8.89352512359619,"Female"
"9004154",371995,2025-05-16 17:55:16,42.4567604064941,-8.88857555389404,"Female"
"9004154",371995,2025-05-16 18:00:21,42.4562683105469,-8.88738250732422,"Female"
"9004154",371995,2025-05-16 18:05:22,42.4557151794434,-8.88611793518066,"Female"
"9004154",371995,2025-05-16 18:10:24,42.4548492431641,-8.88531970977783,"Female"
"9004154",371995,2025-05-16 18:15:21,42.4538841247559,-8.88395404815674,"Female"
"9004154",371995,2025-05-16 18:20:21,42.4528274536133,-8.8830738067627,"Female"
"9004154",371995,2025-05-16 18:25:21,42.4514961242676,-8.88174057006836,"Female"
"9004154",371995,2025-05-16 18:30:36,42.4493522644043,-8.88022232055664,"Female"
"9004154",371995,2025-05-16 18:35:38,42.4484977722168,-8.87898349761963,"Female"
"9004154",371995,2025-05-16 18:40:37,42.4475250244141,-8.87847518920898,"Female"
"9004154",371995,2025-05-16 18:45:37,42.4463653564453,-8.87769412994385,"Female"
"9004154",371995,2025-05-16 18:50:48,42.4250564575195,-8.87975215911865,"Female"
"9004154",371995,2025-05-16 18:56:05,42.4238815307617,-8.88197326660156,"Female"
"9004154",371995,2025-05-16 19:00:37,42.4238586425781,-8.88201904296875,"Female"
"9004154",371995,2025-05-16 19:05:37,42.4237785339355,-8.88184928894043,"Female"
"9004154",371995,2025-05-16 19:10:39,42.422176361084,-8.87745189666748,"Female"
"9004154",371995,2025-05-16 19:15:50,42.4226531982422,-8.8784818649292,"Female"
"9004154",371995,2025-05-16 19:20:41,42.4228668212891,-8.87899971008301,"Female"
"9004154",371995,2025-05-16 19:25:48,42.4222450256348,-8.87851238250732,"Female"
"9004154",371995,2025-05-16 19:31:14,42.4224853515625,-8.87849712371826,"Female"
"9004154",371995,2025-05-16 19:35:40,42.4224090576172,-8.87918186187744,"Female"
"9004154",371995,2025-05-16 19:40:40,42.4221801757812,-8.87852764129639,"Female"
"9004154",371995,2025-05-16 19:45:40,42.4223518371582,-8.8790111541748,"Female"
"9004154",371995,2025-05-16 19:50:39,42.423168182373,-8.87941360473633,"Female"
"9004154",371995,2025-05-16 19:55:40,42.4225616455078,-8.87874698638916,"Female"
"9004154",371995,2025-05-16 20:00:37,42.4223709106445,-8.87822246551514,"Female"
"9004154",371995,2025-05-16 20:05:40,42.4224853515625,-8.87819766998291,"Female"
"9004154",371995,2025-05-16 20:10:38,42.4220504760742,-8.8783016204834,"Female"
"9004154",371995,2025-05-16 20:15:40,42.4218406677246,-8.87810039520264,"Female"
"9004154",371995,2025-05-16 20:20:40,42.4223747253418,-8.87799167633057,"Female"
"9004154",371995,2025-05-16 20:25:40,42.422794342041,-8.87807178497314,"Female"
"9004154",371995,2025-05-16 20:30:39,42.4235572814941,-8.87706851959229,"Female"
"9004154",371995,2025-05-16 20:35:51,42.4232788085938,-8.87850856781006,"Female"
"9004154",371995,2025-05-16 20:40:46,42.4231910705566,-8.87845039367676,"Female"
"9004154",371995,2025-05-16 20:45:40,42.4231986999512,-8.87821292877197,"Female"
"9004154",371995,2025-05-16 20:50:38,42.4233322143555,-8.87820434570312,"Female"
"9004154",371995,2025-05-16 20:55:39,42.4233551025391,-8.87793922424316,"Female"
"9004154",371995,2025-05-16 21:00:39,42.423095703125,-8.87776565551758,"Female"
"9004154",371995,2025-05-16 21:05:38,42.4232940673828,-8.8784351348877,"Female"
"9004154",371995,2025-05-16 21:11:15,42.4228324890137,-8.87844657897949,"Female"
"9004154",371995,2025-05-16 21:15:37,42.4225387573242,-8.87775707244873,"Female"
"9004154",371995,2025-05-16 21:20:41,42.4231834411621,-8.87737655639648,"Female"
"9004154",371995,2025-05-16 21:25:39,42.4223785400391,-8.87839126586914,"Female"
"9004154",371995,2025-05-16 21:30:37,42.4225234985352,-8.87837219238281,"Female"
"9004154",371995,2025-05-16 21:35:38,42.422477722168,-8.87853240966797,"Female"
"9004154",371995,2025-05-16 21:40:40,42.4233283996582,-8.87881946563721,"Female"
"9004154",371995,2025-05-16 21:45:49,42.4227066040039,-8.87831401824951,"Female"
"9004154",371995,2025-05-16 21:50:40,42.4226722717285,-8.87862873077393,"Female"
"9004154",371995,2025-05-16 21:55:51,42.4226913452148,-8.87816715240479,"Female"
"9004154",371995,2025-05-16 22:00:49,42.4226760864258,-8.87824726104736,"Female"
"9004154",371995,2025-05-16 22:05:39,42.4225883483887,-8.87841606140137,"Female"
"9004154",371995,2025-05-16 22:12:00,42.4226570129395,-8.87847709655762,"Female"
"9004154",371995,2025-05-16 22:15:39,42.4225158691406,-8.87879276275635,"Female"
"9004154",371995,2025-05-16 22:20:39,42.4228744506836,-8.87868976593018,"Female"
"9004154",371995,2025-05-16 22:25:37,42.4229278564453,-8.87831497192383,"Female"
"9004154",371995,2025-05-16 22:30:38,42.4229774475098,-8.87833118438721,"Female"
"9004154",371995,2025-05-16 22:35:45,42.4228363037109,-8.87844848632812,"Female"
"9004154",371995,2025-05-16 22:40:37,42.4229316711426,-8.87834453582764,"Female"
"9004154",371995,2025-05-16 22:45:40,42.4225692749023,-8.87845516204834,"Female"
"9004154",371995,2025-05-16 22:50:37,42.4225616455078,-8.8784818649292,"Female"
"9004154",371995,2025-05-16 22:55:37,42.4228477478027,-8.8783655166626,"Female"
"9004154",371995,2025-05-16 23:00:39,42.4228401184082,-8.87818241119385,"Female"
"9004154",371995,2025-05-16 23:05:38,42.4224319458008,-8.87846088409424,"Female"
"9004154",371995,2025-05-16 23:10:39,42.4227867126465,-8.87834930419922,"Female"
"9004154",371995,2025-05-16 23:15:39,42.4226379394531,-8.87839126586914,"Female"
"9004154",371995,2025-05-16 23:20:38,42.4227828979492,-8.87830829620361,"Female"
"9004154",371995,2025-05-16 23:25:56,42.4225273132324,-8.87854766845703,"Female"
"9004154",371995,2025-05-16 23:30:43,42.4224433898926,-8.87831115722656,"Female"
"9004154",371995,2025-05-16 23:35:40,42.4244804382324,-8.87678337097168,"Female"
"9004154",371995,2025-05-16 23:41:05,42.422534942627,-8.87839698791504,"Female"
"9004154",371995,2025-05-16 23:45:53,42.4226036071777,-8.87836456298828,"Female"
"9004154",371995,2025-05-16 23:50:43,42.4226722717285,-8.87841320037842,"Female"
"9004154",371995,2025-05-16 23:55:42,42.4228057861328,-8.87826728820801,"Female"
"9004154",371995,2025-05-17 00:00:55,42.4228172302246,-8.87833213806152,"Female"
"9004154",371995,2025-05-17 00:05:46,42.4229164123535,-8.87833213806152,"Female"
"9004154",371995,2025-05-17 00:10:49,42.4230270385742,-8.87852191925049,"Female"
"9004154",371995,2025-05-17 00:16:14,42.4229621887207,-8.8784294128418,"Female"
"9004154",371995,2025-05-17 00:20:39,42.4227600097656,-8.87840366363525,"Female"
"9004154",371995,2025-05-17 00:25:37,42.4228897094727,-8.87832546234131,"Female"
"9004154",371995,2025-05-17 00:30:37,42.4230155944824,-8.87855911254883,"Female"
"9004154",371995,2025-05-17 00:35:37,42.4228401184082,-8.87835025787354,"Female"
"9004154",371995,2025-05-17 00:40:39,42.4226455688477,-8.87837982177734,"Female"
"9004154",371995,2025-05-17 00:45:37,42.4229011535645,-8.87847232818604,"Female"
"9004154",371995,2025-05-17 00:50:37,42.4228706359863,-8.8784236907959,"Female"
"9004154",371995,2025-05-17 00:55:36,42.4228935241699,-8.87845325469971,"Female"
"9004154",371995,2025-05-17 01:00:36,42.4228401184082,-8.87844944000244,"Female"
"9004154",371995,2025-05-17 01:05:37,42.4227256774902,-8.87896537780762,"Female"
"9004154",371995,2025-05-17 01:10:39,42.4224815368652,-8.87846565246582,"Female"
"9004154",371995,2025-05-17 01:15:41,42.4217796325684,-8.87862777709961,"Female"
"9004154",371995,2025-05-17 01:20:43,42.4225234985352,-8.87877178192139,"Female"
"9004154",371995,2025-05-17 01:25:45,42.4225425720215,-8.87871551513672,"Female"
"9004154",371995,2025-05-17 01:30:49,42.4220581054688,-8.87849998474121,"Female"
"9004154",371995,2025-05-17 01:35:47,42.4226036071777,-8.87836456298828,"Female"
"9004154",371995,2025-05-17 01:40:48,42.4227256774902,-8.87856578826904,"Female"
"9004154",371995,2025-05-17 01:45:51,42.4231262207031,-8.87879371643066,"Female"
"9004154",371995,2025-05-17 01:50:48,42.4230499267578,-8.87868595123291,"Female"
"9004154",371995,2025-05-17 01:55:48,42.4229354858398,-8.87865543365479,"Female"
"9004154",371995,2025-05-17 02:00:42,42.4231262207031,-8.87878608703613,"Female"
"9004154",371995,2025-05-17 02:05:45,42.4230079650879,-8.87856769561768,"Female"
"9004154",371995,2025-05-17 02:10:47,42.4230117797852,-8.87864780426025,"Female"
"9004154",371995,2025-05-17 02:15:48,42.4232864379883,-8.87857818603516,"Female"
"9004154",371995,2025-05-17 02:20:48,42.4230194091797,-8.87860012054443,"Female"
"9004154",371995,2025-05-17 02:25:52,42.4231224060059,-8.87864303588867,"Female"
"9004154",371995,2025-05-17 02:30:48,42.4230346679688,-8.87870216369629,"Female"
"9004154",371995,2025-05-17 02:35:48,42.4229888916016,-8.87863349914551,"Female"
"9004154",371995,2025-05-17 02:40:48,42.4230613708496,-8.87864589691162,"Female"
"9004154",371995,2025-05-17 02:45:48,42.4230613708496,-8.87866497039795,"Female"
"9004154",371995,2025-05-17 02:50:45,42.4230041503906,-8.87879371643066,"Female"
"9004154",371995,2025-05-17 02:55:45,42.4230880737305,-8.87864685058594,"Female"
"9004154",371995,2025-05-17 03:00:52,42.4230003356934,-8.8788366317749,"Female"
"9004154",371995,2025-05-17 03:06:05,42.4229431152344,-8.87852001190186,"Female"
"9004154",371995,2025-05-17 03:10:39,42.4227905273438,-8.87795925140381,"Female"
"9004154",371995,2025-05-17 03:15:40,42.4229774475098,-8.87778186798096,"Female"
"9004154",371995,2025-05-17 03:20:40,42.4232330322266,-8.87541770935059,"Female"
"9004154",371995,2025-05-17 03:25:42,42.4227752685547,-8.87769508361816,"Female"
"9004154",371995,2025-05-17 03:30:38,42.4227333068848,-8.87849903106689,"Female"
"9004154",371995,2025-05-17 03:35:39,42.4226608276367,-8.87852191925049,"Female"
"9004154",371995,2025-05-17 03:40:39,42.4228172302246,-8.87849807739258,"Female"
"9004154",371995,2025-05-17 03:45:37,42.422737121582,-8.87846946716309,"Female"
"9004154",371995,2025-05-17 03:50:39,42.4226570129395,-8.87870693206787,"Female"
"9004154",371995,2025-05-17 03:55:40,42.4228172302246,-8.87859344482422,"Female"
"9004154",371995,2025-05-17 04:00:39,42.4227066040039,-8.87869358062744,"Female"
"9004154",371995,2025-05-17 04:05:39,42.4228172302246,-8.87892246246338,"Female"
"9004154",371995,2025-05-17 04:10:48,42.4230422973633,-8.87844848632812,"Female"
"9004154",371995,2025-05-17 04:15:42,42.4230270385742,-8.87892913818359,"Female"
"9004154",371995,2025-05-17 04:20:43,42.4226760864258,-8.87844181060791,"Female"
"9004154",371995,2025-05-17 04:26:36,42.4222412109375,-8.87847423553467,"Female"
"9004154",371995,2025-05-17 04:30:36,42.4225730895996,-8.87857341766357,"Female"
"9004154",371995,2025-05-17 04:35:37,42.4224319458008,-8.87854290008545,"Female"
"9004154",371995,2025-05-17 04:40:37,42.4225311279297,-8.87855529785156,"Female"
"9004154",371995,2025-05-17 04:45:36,42.4226493835449,-8.87855339050293,"Female"
"9004154",371995,2025-05-17 04:50:37,42.4224967956543,-8.87855339050293,"Female"
"9004154",371995,2025-05-17 04:55:38,42.4226913452148,-8.87860679626465,"Female"
"9004154",371995,2025-05-17 05:00:43,42.4223785400391,-8.87838935852051,"Female"
"9004154",371995,2025-05-17 05:05:54,42.4223022460938,-8.87839317321777,"Female"
"9004154",371995,2025-05-17 05:12:00,42.4221801757812,-8.87864017486572,"Female"
"9004154",371995,2025-05-17 05:17:00,42.4220161437988,-8.87861633300781,"Female"
"9004154",371995,2025-05-17 05:22:00,42.4222297668457,-8.87865447998047,"Female"
"9004154",371995,2025-05-17 05:26:43,42.4221267700195,-8.87864875793457,"Female"
"9004154",371995,2025-05-17 05:30:38,42.4222640991211,-8.8786153793335,"Female"
"9004154",371995,2025-05-17 05:35:47,42.422435760498,-8.87842464447021,"Female"
"9004154",371995,2025-05-17 05:40:37,42.4253425598145,-8.87811946868896,"Female"
"9004154",371995,2025-05-17 05:45:37,42.441234588623,-8.87452697753906,"Female"
"9004154",371995,2025-05-17 05:51:20,42.4434967041016,-8.87579822540283,"Female"
"9004154",371995,2025-05-17 05:56:19,42.4521179199219,-8.88416194915771,"Female"
"9004154",371995,2025-05-17 06:01:51,42.4535636901855,-8.88377285003662,"Female"
"9004154",371995,2025-05-17 06:07:22,42.4545669555664,-8.88487911224365,"Female"
"9004154",371995,2025-05-17 06:12:43,42.4557037353516,-8.88594055175781,"Female"
"9004154",371995,2025-05-17 06:17:43,42.4574508666992,-8.8955192565918,"Female"
"9004154",371995,2025-05-17 06:28:19,42.4603996276855,-8.91291904449463,"Female"
"9004154",371995,2025-05-17 06:34:20,42.4615020751953,-8.91400814056396,"Female"
"9004154",371995,2025-05-17 06:40:01,42.4614410400391,-8.91353321075439,"Female"
"9004154",371995,2025-05-17 06:45:01,42.4613075256348,-8.91306781768799,"Female"
"9004154",371995,2025-05-17 06:50:00,42.4611206054688,-8.9126558303833,"Female"
"9004154",371995,2025-05-17 06:55:00,42.4582901000977,-8.90333843231201,"Female"
"9004154",371995,2025-05-17 07:00:02,42.4581489562988,-8.90320873260498,"Female"
"9004154",371995,2025-05-17 07:05:06,42.4580345153809,-8.9032506942749,"Female"
"9004154",371995,2025-05-17 07:10:00,42.4581871032715,-8.90313053131104,"Female"
"9004154",371995,2025-05-17 07:15:00,42.458179473877,-8.90312194824219,"Female"
"9004154",371995,2025-05-17 07:20:00,42.4582290649414,-8.90303516387939,"Female"
"9004154",371995,2025-05-17 08:53:00,42.4586601257324,-8.90314674377441,"Female"
"9004154",371995,2025-05-17 08:58:03,42.45849609375,-8.90280628204346,"Female"
"9004154",371995,2025-05-17 09:03:06,42.4585037231445,-8.90277767181396,"Female"
"9004154",371995,2025-05-17 09:08:14,42.4583320617676,-8.90275096893311,"Female"
"9004154",371995,2025-05-17 09:13:03,42.458366394043,-8.90314388275146,"Female"
"9004154",371995,2025-05-17 09:18:04,42.4582023620605,-8.90283012390137,"Female"
"9004154",371995,2025-05-17 09:23:01,42.4583587646484,-8.90297889709473,"Female"
"9004154",371995,2025-05-17 09:28:02,42.4581604003906,-8.90240955352783,"Female"
"9004154",371995,2025-05-17 09:33:01,42.4583511352539,-8.90308284759521,"Female"
"9004154",371995,2025-05-17 09:38:02,42.4582481384277,-8.90316867828369,"Female"
"9004154",371995,2025-05-17 09:43:01,42.4582862854004,-8.90318584442139,"Female"
"9004154",371995,2025-05-17 09:48:01,42.4584426879883,-8.90319538116455,"Female"
"9004154",371995,2025-05-17 09:53:02,42.4584770202637,-8.90322113037109,"Female"
"9004154",371995,2025-05-17 09:58:01,42.4584617614746,-8.90322780609131,"Female"
"9004154",371995,2025-05-17 10:03:01,42.4584579467773,-8.90320587158203,"Female"
"9004154",371995,2025-05-17 10:08:02,42.4584655761719,-8.90316772460938,"Female"
"9004154",371995,2025-05-17 10:13:02,42.4605865478516,-8.91348934173584,"Female"
"9004154",371995,2025-05-17 10:18:02,42.4605674743652,-8.91347694396973,"Female"
"9004154",371995,2025-05-17 10:25:03,42.4612083435059,-8.9119873046875,"Female"
"9004154",371995,2025-05-17 10:37:54,42.461555480957,-8.91111755371094,"Female"
"9004154",371995,2025-05-17 10:42:53,42.458309173584,-8.90316581726074,"Female"
"9004154",371995,2025-05-17 10:47:53,42.4582633972168,-8.90275192260742,"Female"
"9004154",371995,2025-05-17 10:52:53,42.4582939147949,-8.90296649932861,"Female"
"9004154",371995,2025-05-17 10:57:53,42.4581413269043,-8.902907371521,"Female"
"9004154",371995,2025-05-17 11:02:53,42.4582672119141,-8.90290641784668,"Female"
"9004154",371995,2025-05-17 11:07:53,42.4581718444824,-8.90288066864014,"Female"
"9004154",371995,2025-05-17 11:12:53,42.4581718444824,-8.90287208557129,"Female"
"9004154",371995,2025-05-17 11:17:55,42.4583282470703,-8.90296936035156,"Female"
"9004154",371995,2025-05-17 11:22:53,42.4575958251953,-8.90253162384033,"Female"
"9004154",371995,2025-05-17 11:27:53,42.4575614929199,-8.9024133682251,"Female"
"9004154",371995,2025-05-17 11:32:52,42.457592010498,-8.90234565734863,"Female"
"9004154",371995,2025-05-17 11:37:52,42.4576187133789,-8.90234661102295,"Female"
"9004154",371995,2025-05-17 11:42:53,42.4582176208496,-8.90285778045654,"Female"
"9004154",371995,2025-05-17 11:47:55,42.4583129882812,-8.90301513671875,"Female"
"9004154",371995,2025-05-17 11:52:54,42.4579238891602,-8.90228652954102,"Female"
"9004154",371995,2025-05-17 11:57:54,42.4596672058105,-8.89900970458984,"Female"
"9004154",371995,2025-05-17 12:02:53,42.458911895752,-8.89664363861084,"Female"
"9004154",371995,2025-05-17 12:07:53,42.4578628540039,-8.89472675323486,"Female"
"9004154",371995,2025-05-17 12:13:15,42.4577789306641,-8.89685153961182,"Female"
"9004154",371995,2025-05-17 12:19:17,42.4597969055176,-8.90028285980225,"Female"
"9004154",371995,2025-05-17 12:29:34,42.4600868225098,-8.89733219146729,"Female"
"9004154",371995,2025-05-17 12:35:06,42.4600868225098,-8.89935207366943,"Female"
"9004154",371995,2025-05-17 12:40:10,42.4601287841797,-8.89932918548584,"Female"
"9004154",371995,2025-05-17 12:45:09,42.4591217041016,-8.89702606201172,"Female"
"9004154",371995,2025-05-17 12:56:36,42.4570045471191,-8.89420986175537,"Female"
"9004154",371995,2025-05-17 13:12:30,42.4602470397949,-8.89575576782227,"Female"
"9004154",371995,2025-05-17 13:18:49,42.4599418640137,-8.89858627319336,"Female"
"9004154",371995,2025-05-17 13:22:44,42.4586410522461,-8.90175533294678,"Female"
"9004154",371995,2025-05-17 13:27:31,42.4584922790527,-8.90384674072266,"Female"
"9004154",371995,2025-05-17 13:32:27,42.4587478637695,-8.90352821350098,"Female"
"9004154",371995,2025-05-17 13:37:38,42.4584579467773,-8.90351581573486,"Female"
"9004154",371995,2025-05-17 13:42:30,42.4583168029785,-8.90356922149658,"Female"
"9004154",371995,2025-05-17 13:47:44,42.4587821960449,-8.90360927581787,"Female"
"9004154",371995,2025-05-17 13:52:33,42.4585952758789,-8.90347766876221,"Female"
"9004154",371995,2025-05-17 13:57:58,42.4574813842773,-8.9031343460083,"Female"
"9004154",371995,2025-05-17 14:02:26,42.4582977294922,-8.90369701385498,"Female"
"9004154",371995,2025-05-17 14:07:25,42.4582405090332,-8.90345573425293,"Female"
"9004154",371995,2025-05-17 14:12:26,42.458122253418,-8.90300464630127,"Female"
"9004154",371995,2025-05-17 14:17:26,42.4581451416016,-8.90336608886719,"Female"
"9004154",371995,2025-05-17 14:22:26,42.4581832885742,-8.9031925201416,"Female"
"9004154",371995,2025-05-17 14:27:26,42.4568481445312,-8.89024925231934,"Female"
"9004154",371995,2025-05-17 14:33:05,42.4550285339355,-8.88967323303223,"Female"
"9004154",371995,2025-05-17 14:38:05,42.453784942627,-8.88765525817871,"Female"
"9004154",371995,2025-05-17 14:43:32,42.4522552490234,-8.88563919067383,"Female"
"9004154",371995,2025-05-17 14:48:30,42.4511260986328,-8.88387584686279,"Female"
"9004154",371995,2025-05-17 14:53:35,42.4499855041504,-8.88284397125244,"Female"
"9004154",371995,2025-05-17 14:59:33,42.4581031799316,-8.89845752716064,"Female"
"9004154",371995,2025-05-17 15:04:34,42.459156036377,-8.90765190124512,"Female"
"9004154",371995,2025-05-17 15:09:30,42.4602470397949,-8.91351222991943,"Female"
"9004154",371995,2025-05-17 15:14:29,42.4595146179199,-8.90506076812744,"Female"
"9004154",371995,2025-05-17 15:20:05,42.4595909118652,-8.90518665313721,"Female"
"9004154",371995,2025-05-17 15:24:28,42.4596061706543,-8.9052038192749,"Female"
"9004154",371995,2025-05-17 15:29:28,42.4595642089844,-8.90519332885742,"Female"
"9004154",371995,2025-05-17 15:34:29,42.4595909118652,-8.90519237518311,"Female"
"9004154",371995,2025-05-17 15:40:11,42.4583549499512,-8.89557552337646,"Female"
"9004154",371995,2025-05-17 15:45:58,42.4583206176758,-8.8942232131958,"Female"
"9004154",371995,2025-05-17 15:50:57,42.4579315185547,-8.89420795440674,"Female"
"9004154",371995,2025-05-17 15:55:57,42.4578819274902,-8.89320087432861,"Female"
"9004154",371995,2025-05-17 16:00:56,42.4570426940918,-8.89126873016357,"Female"
"9004154",371995,2025-05-17 16:05:57,42.456916809082,-8.89036655426025,"Female"
"9004154",371995,2025-05-17 16:10:57,42.4566116333008,-8.88906383514404,"Female"
"9004154",371995,2025-05-17 16:15:57,42.4563980102539,-8.887864112854,"Female"
"9004154",371995,2025-05-17 16:21:11,42.4551696777344,-8.88721656799316,"Female"
"9004154",371995,2025-05-17 16:26:51,42.4550857543945,-8.88811779022217,"Female"
"9004154",371995,2025-05-17 16:32:51,42.4532089233398,-8.88690567016602,"Female"
"9004154",371995,2025-05-17 16:38:27,42.4523506164551,-8.88398170471191,"Female"
"9004154",371995,2025-05-17 16:43:59,42.4512901306152,-8.88201332092285,"Female"
"9004154",371995,2025-05-17 16:49:25,42.4499778747559,-8.88077735900879,"Female"
"9004154",371995,2025-05-17 16:54:47,42.4480285644531,-8.879075050354,"Female"
"9004154",371995,2025-05-17 16:59:41,42.4462280273438,-8.87789440155029,"Female"
"9004154",371995,2025-05-17 17:05:41,42.4412422180176,-8.87622928619385,"Female"
"9004154",371995,2025-05-17 17:10:43,42.4407539367676,-8.876051902771,"Female"
"9004154",371995,2025-05-17 17:15:44,42.4418487548828,-8.87549686431885,"Female"
"9004154",371995,2025-05-17 17:20:44,42.4418106079102,-8.87550640106201,"Female"
"9004154",371995,2025-05-17 17:25:45,42.4424247741699,-8.87606716156006,"Female"
"9004154",371995,2025-05-17 17:31:00,42.4422988891602,-8.87578582763672,"Female"
"9004154",371995,2025-05-17 17:36:49,42.4421920776367,-8.87659358978271,"Female"
"9004154",371995,2025-05-17 17:43:04,42.4406776428223,-8.87626266479492,"Female"
"9004154",371995,2025-05-17 17:52:22,42.4408493041992,-8.875412940979,"Female"
"9004154",371995,2025-05-17 17:57:23,42.4370346069336,-8.87785148620605,"Female"
"9004154",371995,2025-05-17 18:02:21,42.4369316101074,-8.87773036956787,"Female"
"9004154",371995,2025-05-17 18:07:24,42.4370994567871,-8.87779998779297,"Female"
"9004154",371995,2025-05-17 18:12:22,42.4369506835938,-8.87769985198975,"Female"
"9004154",371995,2025-05-17 18:17:24,42.4368553161621,-8.87785053253174,"Female"
"9004154",371995,2025-05-17 18:22:22,42.4373817443848,-8.87447738647461,"Female"
"9004154",371995,2025-05-17 18:27:46,42.4375953674316,-8.87345600128174,"Female"
"9004154",371995,2025-05-17 18:32:53,42.4380340576172,-8.8741340637207,"Female"
"9004154",371995,2025-05-17 18:38:26,42.4393768310547,-8.87420463562012,"Female"
"9004154",371995,2025-05-17 18:50:06,42.4405555725098,-8.87312984466553,"Female"
"9004154",371995,2025-05-17 19:03:22,42.4377746582031,-8.87544441223145,"Female"
"9004154",371995,2025-05-17 19:12:47,42.4370079040527,-8.87530326843262,"Female"
"9004154",371995,2025-05-17 19:17:46,42.4354476928711,-8.8768892288208,"Female"
"9004154",371995,2025-05-17 19:22:55,42.4224700927734,-8.87852478027344,"Female"
"9004154",371995,2025-05-17 19:28:05,42.4223518371582,-8.8783483505249,"Female"
"9004154",371995,2025-05-17 19:32:58,42.4223899841309,-8.87808322906494,"Female"
"9004154",371995,2025-05-17 19:37:54,42.4226303100586,-8.87799835205078,"Female"
"9004154",371995,2025-05-17 19:43:09,42.4223403930664,-8.87814712524414,"Female"
"9004154",371995,2025-05-17 19:48:01,42.4230346679688,-8.87816619873047,"Female"
"9004154",371995,2025-05-17 19:52:40,42.4230766296387,-8.87839889526367,"Female"
"9004154",371995,2025-05-17 19:57:41,42.4230194091797,-8.87850284576416,"Female"
"9004154",371995,2025-05-17 20:12:02,42.422550201416,-8.87854957580566,"Female"
"9004154",371995,2025-05-17 21:25:44,42.422679901123,-8.87845993041992,"Female"
"9004154",371995,2025-05-17 21:30:15,42.4228286743164,-8.87878608703613,"Female"
"9004154",371995,2025-05-17 21:35:17,42.4222602844238,-8.87817192077637,"Female"
"9004154",371995,2025-05-17 21:40:16,42.4227294921875,-8.87848281860352,"Female"
"9004154",371995,2025-05-17 21:45:17,42.4230842590332,-8.87848663330078,"Female"
"9004154",371995,2025-05-17 21:50:19,42.4229049682617,-8.87935924530029,"Female"
"9004154",371995,2025-05-17 21:55:23,42.4227752685547,-8.87843322753906,"Female"
"9004154",371995,2025-05-17 22:00:45,42.422924041748,-8.87847232818604,"Female"
"9004154",371995,2025-05-17 22:05:17,42.4228973388672,-8.87875938415527,"Female"
"9004154",371995,2025-05-17 22:10:17,42.4227561950684,-8.87871837615967,"Female"
"9004154",371995,2025-05-17 22:15:17,42.4229202270508,-8.87819004058838,"Female"
"9004154",371995,2025-05-17 22:20:18,42.4225234985352,-8.87889766693115,"Female"
"9004154",371995,2025-05-17 22:25:20,42.4225807189941,-8.87851715087891,"Female"
"9004154",371995,2025-05-17 22:30:24,42.4228172302246,-8.87865352630615,"Female"
"9004154",371995,2025-05-17 22:35:19,42.4227867126465,-8.87808799743652,"Female"
"9004154",371995,2025-05-17 22:40:17,42.4222106933594,-8.87833690643311,"Female"
"9004154",371995,2025-05-17 22:45:20,42.4224166870117,-8.87841033935547,"Female"
"9004154",371995,2025-05-17 22:50:22,42.422908782959,-8.87847423553467,"Female"
"9004154",371995,2025-05-17 22:55:35,42.4226379394531,-8.87843704223633,"Female"
"9004154",371995,2025-05-17 23:00:15,42.4224891662598,-8.87856674194336,"Female"
"9004154",371995,2025-05-17 23:05:16,42.4226760864258,-8.87848472595215,"Female"
"9004154",371995,2025-05-17 23:10:24,42.4225234985352,-8.87841796875,"Female"
"9004154",371995,2025-05-17 23:15:28,42.4226837158203,-8.87839889526367,"Female"
"9004154",371995,2025-05-17 23:20:44,42.4227294921875,-8.87842464447021,"Female"
"9004154",371995,2025-05-17 23:25:20,42.4226379394531,-8.87834358215332,"Female"
"9004154",371995,2025-05-17 23:30:20,42.4227256774902,-8.87836170196533,"Female"
"9004154",371995,2025-05-17 23:35:19,42.4228744506836,-8.87815952301025,"Female"
"9004154",371995,2025-05-17 23:40:18,42.4225921630859,-8.87882328033447,"Female"
"9004154",371995,2025-05-17 23:45:40,42.4227561950684,-8.87843227386475,"Female"
"9004154",371995,2025-05-17 23:50:17,42.4226913452148,-8.87826061248779,"Female"
"9004154",371995,2025-05-17 23:55:15,42.4226379394531,-8.87869358062744,"Female"
"9004154",371995,2025-05-18 00:00:15,42.4227676391602,-8.87799072265625,"Female"
"9004154",371995,2025-05-18 00:05:15,42.4226112365723,-8.87834167480469,"Female"
"9004154",371995,2025-05-18 00:10:15,42.4227066040039,-8.87843990325928,"Female"
"9004154",371995,2025-05-18 00:15:16,42.4227485656738,-8.87885761260986,"Female"
"9004154",371995,2025-05-18 00:20:16,42.4227447509766,-8.87848377227783,"Female"
"9004154",371995,2025-05-18 00:25:15,42.4227523803711,-8.87882709503174,"Female"
"9004154",371995,2025-05-18 00:30:15,42.4226837158203,-8.87896728515625,"Female"
"9004154",371995,2025-05-18 00:35:16,42.4224624633789,-8.87856388092041,"Female"
"9004154",371995,2025-05-18 00:40:18,42.4221038818359,-8.87962627410889,"Female"
"9004154",371995,2025-05-18 00:45:17,42.4225196838379,-8.87891960144043,"Female"
"9004154",371995,2025-05-18 00:50:15,42.4228096008301,-8.87841129302979,"Female"
"9004154",371995,2025-05-18 00:55:16,42.4226760864258,-8.8783712387085,"Female"
"9004154",371995,2025-05-18 01:00:18,42.4225921630859,-8.87825393676758,"Female"
"9004154",371995,2025-05-18 01:05:18,42.4225959777832,-8.8784704208374,"Female"
"9004154",371995,2025-05-18 01:10:26,42.4223175048828,-8.87800312042236,"Female"
"9004154",371995,2025-05-18 01:15:35,42.4225692749023,-8.87849807739258,"Female"
"9004154",371995,2025-05-18 01:20:15,42.422435760498,-8.87848091125488,"Female"
"9004154",371995,2025-05-18 01:25:15,42.4225273132324,-8.8784236907959,"Female"
"9004154",371995,2025-05-18 01:30:14,42.4226264953613,-8.87845897674561,"Female"
"9004154",371995,2025-05-18 01:35:14,42.4224510192871,-8.87853336334229,"Female"
"9004154",371995,2025-05-18 01:40:15,42.422435760498,-8.87849235534668,"Female"
"9004154",371995,2025-05-18 01:45:17,42.4223327636719,-8.87851333618164,"Female"
"9004154",371995,2025-05-18 01:50:16,42.4226226806641,-8.87846183776855,"Female"
"9004154",371995,2025-05-18 01:55:16,42.4226303100586,-8.87846660614014,"Female"
"9004154",371995,2025-05-18 02:00:18,42.422679901123,-8.87844085693359,"Female"
"9004154",371995,2025-05-18 02:05:23,42.4226417541504,-8.87850189208984,"Female"
"9004154",371995,2025-05-18 02:10:18,42.4226875305176,-8.87849044799805,"Female"
"9004154",371995,2025-05-18 02:15:18,42.4227600097656,-8.87847423553467,"Female"
"9004154",371995,2025-05-18 02:20:15,42.4227523803711,-8.87852001190186,"Female"
"9004154",371995,2025-05-18 02:25:15,42.4226951599121,-8.87857913970947,"Female"
"9004154",371995,2025-05-18 02:30:15,42.4226379394531,-8.87839412689209,"Female"
"9004154",371995,2025-05-18 02:35:15,42.4227905273438,-8.87853050231934,"Female"
"9004154",371995,2025-05-18 02:40:17,42.4224662780762,-8.87836265563965,"Female"
"9004154",371995,2025-05-18 02:45:15,42.4226036071777,-8.87845134735107,"Female"
"9004154",371995,2025-05-18 02:50:15,42.4225387573242,-8.87837982177734,"Female"
"9004154",371995,2025-05-18 02:55:15,42.4226188659668,-8.87841129302979,"Female"
"9004154",371995,2025-05-18 03:00:16,42.4225921630859,-8.87850475311279,"Female"
"9004154",371995,2025-05-18 03:05:15,42.4225082397461,-8.87867546081543,"Female"
"9004154",371995,2025-05-18 03:10:16,42.4225654602051,-8.87844562530518,"Female"
"9004154",371995,2025-05-18 03:15:18,42.4227104187012,-8.87814712524414,"Female"
"9004154",371995,2025-05-18 03:20:25,42.4226913452148,-8.87864208221436,"Female"
"9004154",371995,2025-05-18 03:25:19,42.4226875305176,-8.87812900543213,"Female"
"9004154",371995,2025-05-18 03:30:24,42.4225006103516,-8.87862873077393,"Female"
"9004154",371995,2025-05-18 03:35:25,42.4225387573242,-8.87868404388428,"Female"
"9004154",371995,2025-05-18 03:40:16,42.4225769042969,-8.87859916687012,"Female"
"9004154",371995,2025-05-18 03:45:15,42.4226455688477,-8.87856101989746,"Female"
"9004154",371995,2025-05-18 03:50:16,42.4226379394531,-8.87861728668213,"Female"
"9004154",371995,2025-05-18 03:55:15,42.4227142333984,-8.87861442565918,"Female"
"9004154",371995,2025-05-18 04:00:59,42.4226684570312,-8.87843799591064,"Female"
"9004154",371995,2025-05-18 04:05:16,42.4226036071777,-8.87848091125488,"Female"
"9004154",371995,2025-05-18 04:10:16,42.4226722717285,-8.87858009338379,"Female"
"9004154",371995,2025-05-18 04:15:24,42.4228286743164,-8.87852001190186,"Female"
"9004154",371995,2025-05-18 04:20:17,42.4221458435059,-8.8784008026123,"Female"
"9004154",371995,2025-05-18 04:25:32,42.4226913452148,-8.87847900390625,"Female"
"9004154",371995,2025-05-18 04:30:15,42.422737121582,-8.87850093841553,"Female"
"9004154",371995,2025-05-18 04:35:16,42.4227447509766,-8.87854194641113,"Female"
"9004154",371995,2025-05-18 04:40:15,42.4229049682617,-8.87853145599365,"Female"
"9004154",371995,2025-05-18 04:45:16,42.4228439331055,-8.87856006622314,"Female"
"9004154",371995,2025-05-18 04:50:15,42.4227294921875,-8.87853717803955,"Female"
"9004154",371995,2025-05-18 04:55:14,42.4227905273438,-8.8785400390625,"Female"
"9004154",371995,2025-05-18 05:00:15,42.4225463867188,-8.87846088409424,"Female"
"9004154",371995,2025-05-18 05:05:23,42.4228057861328,-8.87847805023193,"Female"
"9004154",371995,2025-05-18 05:10:16,42.4229316711426,-8.87894344329834,"Female"
"9004154",371995,2025-05-18 05:16:38,42.4219627380371,-8.87862396240234,"Female"
"9004154",371995,2025-05-18 05:20:18,42.4220314025879,-8.87865543365479,"Female"
"9004154",371995,2025-05-18 05:25:19,42.4219398498535,-8.87850666046143,"Female"
"9004154",371995,2025-05-18 05:30:27,42.4231071472168,-8.87862300872803,"Female"
"9004154",371995,2025-05-18 05:35:26,42.4230880737305,-8.87858390808105,"Female"
"9004154",371995,2025-05-18 05:40:18,42.4231033325195,-8.87845134735107,"Female"
"9004154",371995,2025-05-18 05:46:15,42.4230880737305,-8.8785228729248,"Female"
"9004154",371995,2025-05-18 05:50:28,42.4230003356934,-8.87854385375977,"Female"
"9004154",371995,2025-05-18 05:55:15,42.4229621887207,-8.87825965881348,"Female"
"9004154",371995,2025-05-18 06:00:18,42.422779083252,-8.87761688232422,"Female"
"9004154",371995,2025-05-18 06:05:15,42.441219329834,-8.88234806060791,"Female"
"9004154",371995,2025-05-18 06:10:17,42.4578170776367,-8.89392471313477,"Female"
"9004154",371995,2025-05-18 06:16:26,42.4581718444824,-8.89450073242188,"Female"
"9004154",371995,2025-05-18 06:21:43,42.4586791992188,-8.89560985565186,"Female"
"9004154",371995,2025-05-18 06:30:30,42.4598922729492,-8.89874744415283,"Female"
"9004154",371995,2025-05-18 06:37:25,42.4606132507324,-8.89863777160645,"Female"
"9004154",371995,2025-05-18 06:42:25,42.4618301391602,-8.91284465789795,"Female"
"9004154",371995,2025-05-18 06:47:37,42.4617309570312,-8.91277980804443,"Female"
"9004154",371995,2025-05-18 06:53:02,42.4617042541504,-8.91318798065186,"Female"
"9004154",371995,2025-05-18 06:58:00,42.4615478515625,-8.9134407043457,"Female"
"9004154",371995,2025-05-18 07:04:30,42.4616088867188,-8.91365528106689,"Female"
"9004154",371995,2025-05-18 07:09:31,42.4619369506836,-8.91269874572754,"Female"
"9004154",371995,2025-05-18 07:14:58,42.4615898132324,-8.9128475189209,"Female"
"9004154",371995,2025-05-18 07:20:17,42.4615631103516,-8.91260433197021,"Female"
"9004154",371995,2025-05-18 07:26:22,42.4607048034668,-8.91032409667969,"Female"
"9004154",371995,2025-05-18 07:31:23,42.4580116271973,-8.90297412872314,"Female"
"9004154",371995,2025-05-18 07:36:23,42.4580688476562,-8.90284538269043,"Female"
"9004154",371995,2025-05-18 07:41:23,42.4580078125,-8.90287113189697,"Female"
"9004154",371995,2025-05-18 07:46:23,42.4580345153809,-8.9028377532959,"Female"
"9004154",371995,2025-05-18 07:51:23,42.4580993652344,-8.90276908874512,"Female"
"9004154",371995,2025-05-18 07:56:23,42.4580917358398,-8.90290927886963,"Female"
"9004154",371995,2025-05-18 08:01:23,42.4580574035645,-8.90290546417236,"Female"
"9004154",371995,2025-05-18 08:06:23,42.4580192565918,-8.90285873413086,"Female"
"9004154",371995,2025-05-18 08:11:23,42.4580039978027,-8.90283393859863,"Female"
"9004154",371995,2025-05-18 08:16:23,42.4580345153809,-8.90281677246094,"Female"
"9004154",371995,2025-05-18 08:21:23,42.4601669311523,-8.90871047973633,"Female"
"9004154",371995,2025-05-18 08:31:14,42.4611053466797,-8.91279792785645,"Female"
"9004154",371995,2025-05-18 08:36:14,42.4607582092285,-8.91369152069092,"Female"
"9004154",371995,2025-05-18 08:41:31,42.4597282409668,-8.913987159729,"Female"
"9004154",371995,2025-05-18 08:46:31,42.4605751037598,-8.9137601852417,"Female"
"9004154",371995,2025-05-18 08:51:57,42.4609603881836,-8.91418266296387,"Female"
"9004154",371995,2025-05-18 08:59:46,42.4612045288086,-8.91467380523682,"Female"
"9004154",371995,2025-05-18 09:04:48,42.4606399536133,-8.91384887695312,"Female"
"9004154",371995,2025-05-18 09:09:46,42.4580955505371,-8.90294361114502,"Female"
"9004154",371995,2025-05-18 09:14:44,42.4580917358398,-8.90296840667725,"Female"
"9004154",371995,2025-05-18 09:20:05,42.4595603942871,-8.90515041351318,"Female"
"9004154",371995,2025-05-18 09:24:44,42.4595642089844,-8.90515613555908,"Female"
"9004154",371995,2025-05-18 09:29:44,42.4595756530762,-8.9051628112793,"Female"
"9004154",371995,2025-05-18 09:34:45,42.4595336914062,-8.90518856048584,"Female"
"9004154",371995,2025-05-18 09:39:44,42.4595565795898,-8.90516662597656,"Female"
"9004154",371995,2025-05-18 09:44:43,42.4595108032227,-8.90519714355469,"Female"
"9004154",371995,2025-05-18 09:49:43,42.459529876709,-8.90526103973389,"Female"
"9004154",371995,2025-05-18 09:54:43,42.4595031738281,-8.90515995025635,"Female"
"9004154",371995,2025-05-18 09:59:44,42.4595375061035,-8.90525722503662,"Female"
"9004154",371995,2025-05-18 10:04:47,42.4608955383301,-8.91198444366455,"Female"
"9004154",371995,2025-05-18 10:11:55,42.4613075256348,-8.91106796264648,"Female"
"9004154",371995,2025-05-18 10:22:37,42.4598693847656,-8.90841865539551,"Female"
"9004154",371995,2025-05-18 10:27:35,42.4607810974121,-8.91143894195557,"Female"
"9004154",371995,2025-05-18 10:32:59,42.4608917236328,-8.912522315979,"Female"
"9004154",371995,2025-05-18 10:38:10,42.4609756469727,-8.91409111022949,"Female"
"9004154",371995,2025-05-18 10:43:38,42.46044921875,-8.91344165802002,"Female"
"9004154",371995,2025-05-18 10:48:37,42.460823059082,-8.91171073913574,"Female"
"9004154",371995,2025-05-18 10:54:21,42.4611778259277,-8.91303730010986,"Female"
"9004154",371995,2025-05-18 11:00:14,42.4612731933594,-8.91376972198486,"Female"
"9004154",371995,2025-05-18 11:06:51,42.4612045288086,-8.91417503356934,"Female"
"9004154",371995,2025-05-18 11:14:00,42.4612045288086,-8.91406631469727,"Female"
"9004154",371995,2025-05-18 11:24:08,42.4615135192871,-8.91342926025391,"Female"
"9004154",371995,2025-05-18 11:30:48,42.4612922668457,-8.91242980957031,"Female"
"9004154",371995,2025-05-18 11:36:24,42.460750579834,-8.91133880615234,"Female"
"9004154",371995,2025-05-18 11:41:26,42.4609832763672,-8.91085529327393,"Female"
"9004154",371995,2025-05-18 11:46:24,42.4596557617188,-8.90697574615479,"Female"
"9004154",371995,2025-05-18 11:51:24,42.4595565795898,-8.90516757965088,"Female"
"9004154",371995,2025-05-18 11:56:24,42.4595527648926,-8.90530204772949,"Female"
"9004154",371995,2025-05-18 12:01:24,42.4594535827637,-8.90522956848145,"Female"
"9004154",371995,2025-05-18 12:06:44,42.4594650268555,-8.90533638000488,"Female"
"9004154",371995,2025-05-18 12:11:24,42.4594612121582,-8.90539169311523,"Female"
"9004154",371995,2025-05-18 12:16:24,42.4596138000488,-8.90515995025635,"Female"
"9004154",371995,2025-05-18 12:21:24,42.4595031738281,-8.90510654449463,"Female"
"9004154",371995,2025-05-18 12:26:24,42.4594345092773,-8.90520286560059,"Female"
"9004154",371995,2025-05-18 12:31:24,42.4596862792969,-8.90512657165527,"Female"
"9004154",371995,2025-05-18 12:36:24,42.4595718383789,-8.90485286712646,"Female"
"9004154",371995,2025-05-18 12:41:24,42.4599723815918,-8.9055347442627,"Female"
"9004154",371995,2025-05-18 12:46:24,42.4595985412598,-8.90473651885986,"Female"
"9004154",371995,2025-05-18 12:51:24,42.4595756530762,-8.90469169616699,"Female"
"9004154",371995,2025-05-18 12:56:25,42.459587097168,-8.90461444854736,"Female"
"9004154",371995,2025-05-18 13:01:24,42.459602355957,-8.90464305877686,"Female"
"9004154",371995,2025-05-18 13:06:28,42.4595718383789,-8.90462779998779,"Female"
"9004154",371995,2025-05-18 13:11:24,42.4596061706543,-8.904709815979,"Female"
"9004154",371995,2025-05-18 13:16:24,42.4596138000488,-8.90464019775391,"Female"
"9004154",371995,2025-05-18 13:21:24,42.4596099853516,-8.90474700927734,"Female"
"9004154",371995,2025-05-18 13:26:24,42.459587097168,-8.90462875366211,"Female"
"9004154",371995,2025-05-18 13:31:44,42.4597625732422,-8.90507411956787,"Female"
"9004154",371995,2025-05-18 13:36:24,42.4597473144531,-8.90506172180176,"Female"
"9004154",371995,2025-05-18 13:41:24,42.4597549438477,-8.90519046783447,"Female"
"9004154",371995,2025-05-18 13:46:25,42.4597778320312,-8.90518379211426,"Female"
"9004154",371995,2025-05-18 13:51:52,42.4605369567871,-8.90775203704834,"Female"
"9004154",371995,2025-05-18 14:05:14,42.4597778320312,-8.90783405303955,"Female"
"9004154",371995,2025-05-18 14:18:05,42.4612922668457,-8.91071128845215,"Female"
"9004154",371995,2025-05-18 14:22:38,42.4609909057617,-8.91088008880615,"Female"
"9004154",371995,2025-05-18 14:30:46,42.4610710144043,-8.91199111938477,"Female"
"9004154",371995,2025-05-18 14:35:54,42.4585876464844,-8.90438365936279,"Female"
"9004154",371995,2025-05-18 14:40:42,42.4586944580078,-8.90437507629395,"Female"
"9004154",371995,2025-05-18 14:45:49,42.4586944580078,-8.90437793731689,"Female"
"9004154",371995,2025-05-18 14:50:42,42.4586563110352,-8.90440559387207,"Female"
"9004154",371995,2025-05-18 14:57:48,42.4583511352539,-8.90447235107422,"Female"
"9004154",371995,2025-05-18 15:03:30,42.4585723876953,-8.9044246673584,"Female"
"9004154",371995,2025-05-18 15:08:21,42.4587440490723,-8.90472507476807,"Female"
"9004154",371995,2025-05-18 15:13:23,42.4591751098633,-8.90440559387207,"Female"
"9004154",371995,2025-05-18 15:18:23,42.4590454101562,-8.90466690063477,"Female"
"9004154",371995,2025-05-18 15:23:22,42.4594459533691,-8.90427303314209,"Female"
"9004154",371995,2025-05-18 15:28:44,42.4584083557129,-8.90443992614746,"Female"
"9004154",371995,2025-05-18 15:34:00,42.4607238769531,-8.91241455078125,"Female"
"9004154",371995,2025-05-18 15:39:52,42.4607925415039,-8.91371059417725,"Female"
"9004154",371995,2025-05-18 15:45:20,42.4604759216309,-8.91393947601318,"Female"
"9004154",371995,2025-05-18 15:50:33,42.4614753723145,-8.91226577758789,"Female"
"9004154",371995,2025-05-18 15:56:54,42.4611854553223,-8.91094303131104,"Female"
"9004154",371995,2025-05-18 16:02:01,42.4609184265137,-8.91044139862061,"Female"
"9004154",371995,2025-05-18 16:07:24,42.4608497619629,-8.9104061126709,"Female"
"9004154",371995,2025-05-18 16:12:58,42.4608917236328,-8.91119480133057,"Female"
"9004154",371995,2025-05-18 16:18:09,42.4609222412109,-8.91166973114014,"Female"
"9004154",371995,2025-05-18 16:23:28,42.4612770080566,-8.91168689727783,"Female"
"9004154",371995,2025-05-18 16:28:40,42.4616622924805,-8.91243553161621,"Female"
"9004154",371995,2025-05-18 16:35:06,42.4616622924805,-8.91304492950439,"Female"
"9004154",371995,2025-05-18 16:40:13,42.4614448547363,-8.9139404296875,"Female"
"9004154",371995,2025-05-18 16:45:14,42.4611206054688,-8.91361522674561,"Female"
"9004154",371995,2025-05-18 16:50:15,42.4592094421387,-8.90531063079834,"Female"
"9004154",371995,2025-05-18 16:55:14,42.4594841003418,-8.90524768829346,"Female"
"9004154",371995,2025-05-18 17:00:13,42.4595069885254,-8.90522766113281,"Female"
"9004154",371995,2025-05-18 17:05:15,42.4594764709473,-8.90516471862793,"Female"
"9004154",371995,2025-05-18 17:10:13,42.4595069885254,-8.90519905090332,"Female"
"9004154",371995,2025-05-18 17:15:13,42.4598617553711,-8.90552425384521,"Female"
"9004154",371995,2025-05-18 17:20:13,42.4594688415527,-8.90518856048584,"Female"
"9004154",371995,2025-05-18 17:25:35,42.4595375061035,-8.9052562713623,"Female"
"9004154",371995,2025-05-18 17:30:13,42.459545135498,-8.9053955078125,"Female"
"9004154",371995,2025-05-18 17:35:12,42.4594917297363,-8.90525150299072,"Female"
"9004154",371995,2025-05-18 17:40:13,42.4606018066406,-8.9014253616333,"Female"
"9004154",371995,2025-05-18 17:46:06,42.4607048034668,-8.90043067932129,"Female"
"9004154",371995,2025-05-18 17:52:43,42.4603691101074,-8.89946842193604,"Female"
"9004154",371995,2025-05-18 17:57:43,42.4607315063477,-8.89884567260742,"Female"
"9004154",371995,2025-05-18 18:02:43,42.4603996276855,-8.89786815643311,"Female"
"9004154",371995,2025-05-18 18:08:00,42.4595375061035,-8.89687442779541,"Female"
"9004154",371995,2025-05-18 18:13:44,42.4589195251465,-8.89575958251953,"Female"
"9004154",371995,2025-05-18 18:19:17,42.4581336975098,-8.8943510055542,"Female"
"9004154",371995,2025-05-18 18:24:38,42.4577980041504,-8.89298534393311,"Female"
"9004154",371995,2025-05-18 18:29:38,42.4554176330566,-8.88834095001221,"Female"
"9004154",371995,2025-05-18 18:34:38,42.4549026489258,-8.88576221466064,"Female"
"9004154",371995,2025-05-18 18:40:00,42.4546012878418,-8.88603973388672,"Female"
"9004154",371995,2025-05-18 18:44:59,42.455696105957,-8.88893222808838,"Female"
"9004154",371995,2025-05-18 18:58:12,42.4572372436523,-8.89037036895752,"Female"
"9004154",371995,2025-05-18 19:09:46,42.4560089111328,-8.88690090179443,"Female"
"9004154",371995,2025-05-18 19:14:44,42.4394569396973,-8.88075923919678,"Female"
"9004154",371995,2025-05-18 19:19:36,42.4226112365723,-8.87881374359131,"Female"
"9004154",371995,2025-05-18 19:24:31,42.4225921630859,-8.87888336181641,"Female"
"9004154",371995,2025-05-18 19:29:31,42.4225769042969,-8.87879276275635,"Female"
"9004154",371995,2025-05-18 19:34:31,42.4225921630859,-8.87885570526123,"Female"
"9004154",371995,2025-05-18 19:39:33,42.4225425720215,-8.87882232666016,"Female"
"9004154",371995,2025-05-18 19:44:33,42.4225616455078,-8.87891864776611,"Female"
"9004154",371995,2025-05-18 19:49:34,42.4224815368652,-8.8788595199585,"Female"
"9004154",371995,2025-05-18 19:54:30,42.4229736328125,-8.87803936004639,"Female"
"9004154",371995,2025-05-18 20:00:35,42.4219055175781,-8.87880611419678,"Female"
"9004154",371995,2025-05-18 20:05:18,42.4218788146973,-8.87879943847656,"Female"
"9004154",371995,2025-05-18 20:10:15,42.4216918945312,-8.8788366317749,"Female"
"9004154",371995,2025-05-18 20:20:14,42.4209938049316,-8.87892532348633,"Female"
"9004154",371995,2025-05-18 20:35:55,42.4223175048828,-8.87867069244385,"Female"
"9004154",371995,2025-05-18 20:40:55,42.4224739074707,-8.87863922119141,"Female"
"9004154",371995,2025-05-18 20:46:09,42.4231147766113,-8.87883281707764,"Female"
"9004154",371995,2025-05-18 20:51:08,42.4230842590332,-8.87889862060547,"Female"
"9004154",371995,2025-05-18 20:56:29,42.4228248596191,-8.87841606140137,"Female"
"9004154",371995,2025-05-18 21:00:54,42.4224853515625,-8.87850666046143,"Female"
"9004154",371995,2025-05-18 21:05:55,42.4225311279297,-8.87835121154785,"Female"
"9004154",371995,2025-05-18 21:10:54,42.4228591918945,-8.87795639038086,"Female"
"9004154",371995,2025-05-18 21:16:00,42.422664642334,-8.87837505340576,"Female"
"9004154",371995,2025-05-18 21:20:55,42.4227180480957,-8.87861633300781,"Female"
"9004154",371995,2025-05-18 21:25:56,42.4223136901855,-8.87853050231934,"Female"
"9004154",371995,2025-05-18 21:31:02,42.4223442077637,-8.87855339050293,"Female"
"9004154",371995,2025-05-18 21:35:59,42.4222259521484,-8.87773513793945,"Female"
"9004154",371995,2025-05-18 21:40:54,42.4218063354492,-8.87731266021729,"Female"
"9004154",371995,2025-05-18 21:46:14,42.4225273132324,-8.87850666046143,"Female"
"9004154",371995,2025-05-18 21:51:04,42.4224395751953,-8.87847805023193,"Female"
"9004154",371995,2025-05-18 21:56:02,42.422176361084,-8.87849140167236,"Female"
"9004154",371995,2025-05-18 22:01:01,42.4224662780762,-8.87835597991943,"Female"
"9004154",371995,2025-05-18 22:06:29,42.4225769042969,-8.8784008026123,"Female"
"9004154",371995,2025-05-18 22:10:52,42.4224548339844,-8.87853336334229,"Female"
"9004154",371995,2025-05-18 22:15:52,42.422290802002,-8.87861251831055,"Female"
"9004154",371995,2025-05-18 22:20:54,42.4223785400391,-8.87875938415527,"Female"
"9004154",371995,2025-05-18 22:25:53,42.4224815368652,-8.87849617004395,"Female"
"9004154",371995,2025-05-18 22:31:08,42.422607421875,-8.87854290008545,"Female"
"9004154",371995,2025-05-18 22:36:06,42.422534942627,-8.8785228729248,"Female"
"9004154",371995,2025-05-18 22:41:04,42.4225387573242,-8.87851905822754,"Female"
"9004154",371995,2025-05-18 22:46:14,42.4225807189941,-8.87853240966797,"Female"
"9004154",371995,2025-05-18 22:50:56,42.4224243164062,-8.87833881378174,"Female"
"9004154",371995,2025-05-18 22:55:55,42.4225273132324,-8.87832069396973,"Female"
"9004154",371995,2025-05-18 23:01:08,42.4221801757812,-8.87846183776855,"Female"
"9004154",371995,2025-05-18 23:06:00,42.4228210449219,-8.87846755981445,"Female"
"9004154",371995,2025-05-18 23:11:29,42.4229125976562,-8.87830066680908,"Female"
"9004154",371995,2025-05-18 23:15:52,42.4228706359863,-8.87822246551514,"Female"
"9004154",371995,2025-05-18 23:20:52,42.4229774475098,-8.87820053100586,"Female"
"9004154",371995,2025-05-18 23:25:52,42.4230003356934,-8.87815189361572,"Female"
"9004154",371995,2025-05-18 23:30:52,42.4230270385742,-8.87829113006592,"Female"
"9004154",371995,2025-05-18 23:35:52,42.4229049682617,-8.87830257415771,"Female"
"9004154",371995,2025-05-18 23:40:52,42.4231147766113,-8.87790012359619,"Female"
"9004154",371995,2025-05-18 23:46:14,42.4228134155273,-8.87831783294678,"Female"
"9004154",371995,2025-05-18 23:50:52,42.4226379394531,-8.87846565246582,"Female"
"9004154",371995,2025-05-18 23:55:55,42.4228553771973,-8.87830066680908,"Female"
"9004154",371995,2025-05-19 00:00:54,42.4226303100586,-8.87872314453125,"Female"
"9004154",371995,2025-05-19 00:06:04,42.4227485656738,-8.87839221954346,"Female"
"9004154",371995,2025-05-19 00:11:15,42.4226760864258,-8.87832927703857,"Female"
"9004154",371995,2025-05-19 00:15:54,42.4224281311035,-8.87875747680664,"Female"
"9004154",371995,2025-05-19 00:20:54,42.4223403930664,-8.87815856933594,"Female"
"9004154",371995,2025-05-19 00:25:52,42.4225997924805,-8.87873840332031,"Female"
"9004154",371995,2025-05-19 00:30:54,42.4226875305176,-8.87881183624268,"Female"
"9004154",371995,2025-05-19 00:35:54,42.4227180480957,-8.8784646987915,"Female"
"9004154",371995,2025-05-19 00:40:54,42.4224586486816,-8.87876987457275,"Female"
"9004154",371995,2025-05-19 00:45:54,42.4226531982422,-8.87800407409668,"Female"
"9004154",371995,2025-05-19 00:50:54,42.4227066040039,-8.8784704208374,"Female"
"9004154",371995,2025-05-19 00:55:54,42.4225997924805,-8.87856960296631,"Female"
"9004154",371995,2025-05-19 01:00:58,42.4225730895996,-8.87843704223633,"Female"
"9004154",371995,2025-05-19 01:05:56,42.4227333068848,-8.87802410125732,"Female"
"9004154",371995,2025-05-19 01:11:07,42.4226913452148,-8.8781042098999,"Female"
"9004154",371995,2025-05-19 01:16:29,42.4227104187012,-8.87841796875,"Female"
"9004154",371995,2025-05-19 01:20:52,42.4227294921875,-8.87841606140137,"Female"
"9004154",371995,2025-05-19 01:25:52,42.4226226806641,-8.8784236907959,"Female"
"9004154",371995,2025-05-19 01:30:53,42.4226837158203,-8.87845993041992,"Female"
"9004154",371995,2025-05-19 01:36:01,42.4227600097656,-8.87834453582764,"Female"
"9004154",371995,2025-05-19 01:40:58,42.4228172302246,-8.87837791442871,"Female"
"9004154",371995,2025-05-19 01:46:01,42.4229202270508,-8.87834548950195,"Female"
"9004154",371995,2025-05-19 01:50:58,42.4228591918945,-8.87846374511719,"Female"
"9004154",371995,2025-05-19 01:55:55,42.4227676391602,-8.87838554382324,"Female"
"9004154",371995,2025-05-19 02:01:14,42.4228210449219,-8.87850284576416,"Female"
"9004154",371995,2025-05-19 02:05:54,42.4226608276367,-8.8783712387085,"Female"
"9004154",371995,2025-05-19 02:10:52,42.4228096008301,-8.87849807739258,"Female"
"9004154",371995,2025-05-19 02:16:07,42.4228401184082,-8.87846374511719,"Female"
"9004154",371995,2025-05-19 02:20:55,42.4230995178223,-8.87851333618164,"Female"
"9004154",371995,2025-05-19 02:25:56,42.422908782959,-8.87846374511719,"Female"
"9004154",371995,2025-05-19 02:31:35,42.4227905273438,-8.87840461730957,"Female"
"9004154",371995,2025-05-19 02:35:55,42.4227485656738,-8.8784236907959,"Female"
"9004154",371995,2025-05-19 02:40:52,42.4228477478027,-8.87834739685059,"Female"
"9004154",371995,2025-05-19 02:45:52,42.4228553771973,-8.87841892242432,"Female"
"9004154",371995,2025-05-19 02:50:52,42.4227180480957,-8.87846374511719,"Female"
"9004154",371995,2025-05-19 02:55:57,42.4226837158203,-8.87844848632812,"Female"
"9004154",371995,2025-05-19 03:00:52,42.4227638244629,-8.87872886657715,"Female"
"9004154",371995,2025-05-19 03:05:54,42.422737121582,-8.87866878509521,"Female"
"9004154",371995,2025-05-19 03:10:55,42.4228019714355,-8.87837982177734,"Female"
"9004154",371995,2025-05-19 03:15:59,42.4226303100586,-8.87849712371826,"Female"
"9004154",371995,2025-05-19 03:21:01,42.4225463867188,-8.87846946716309,"Female"
"9004154",371995,2025-05-19 03:26:00,42.4225845336914,-8.87844371795654,"Female"
"9004154",371995,2025-05-19 03:31:00,42.4226531982422,-8.87846279144287,"Female"
"9004154",371995,2025-05-19 03:36:01,42.4225234985352,-8.87839221954346,"Female"
"9004154",371995,2025-05-19 03:40:54,42.422924041748,-8.87670803070068,"Female"
"9004154",371995,2025-05-19 03:46:13,42.4227485656738,-8.87843418121338,"Female"
"9004154",371995,2025-05-19 03:51:00,42.4226303100586,-8.87841129302979,"Female"
"9004154",371995,2025-05-19 03:56:00,42.4227638244629,-8.87844276428223,"Female"
"9004154",371995,2025-05-19 04:01:00,42.4226264953613,-8.87843704223633,"Female"
"9004154",371995,2025-05-19 04:06:00,42.4226989746094,-8.87842273712158,"Female"
"9004154",371995,2025-05-19 04:11:14,42.4226760864258,-8.87842559814453,"Female"
"9004154",371995,2025-05-19 04:16:01,42.4228096008301,-8.87844181060791,"Female"
"9004154",371995,2025-05-19 04:20:54,42.4226875305176,-8.87845516204834,"Female"
"9004154",371995,2025-05-19 04:25:53,42.4228286743164,-8.87823486328125,"Female"
"9004154",371995,2025-05-19 04:30:53,42.4225425720215,-8.87802886962891,"Female"
"9004154",371995,2025-05-19 04:35:53,42.4225387573242,-8.87820339202881,"Female"
"9004154",371995,2025-05-19 04:40:54,42.4219360351562,-8.87778186798096,"Female"
"9004154",371995,2025-05-19 04:46:14,42.4226951599121,-8.87845516204834,"Female"
"9004154",371995,2025-05-19 04:50:54,42.4225769042969,-8.87832069396973,"Female"
"9004154",371995,2025-05-19 04:55:56,42.422779083252,-8.87840461730957,"Female"
"9004154",371995,2025-05-19 05:00:56,42.4227561950684,-8.87840938568115,"Female"
"9004154",371995,2025-05-19 05:05:56,42.4223709106445,-8.8782844543457,"Female"
"9004154",371995,2025-05-19 05:10:59,42.4227142333984,-8.87840557098389,"Female"
"9004154",371995,2025-05-19 05:16:00,42.4226531982422,-8.87832450866699,"Female"
"9004154",371995,2025-05-19 05:20:56,42.4225730895996,-8.87842082977295,"Female"
"9004154",371995,2025-05-19 05:26:29,42.4230346679688,-8.87905216217041,"Female"
"9004154",371995,2025-05-19 05:30:53,42.4229583740234,-8.8789701461792,"Female"
"9004154",371995,2025-05-19 05:35:53,42.4228668212891,-8.8789758682251,"Female"
"9004154",371995,2025-05-19 05:40:53,42.4229583740234,-8.87891960144043,"Female"
"9004154",371995,2025-05-19 05:45:53,42.4227027893066,-8.87882900238037,"Female"
"9004154",371995,2025-05-19 05:51:59,42.4372329711914,-8.87396144866943,"Female"
"9004154",371995,2025-05-19 05:57:19,42.4374771118164,-8.87322044372559,"Female"
"9004154",371995,2025-05-19 06:02:19,42.4377555847168,-8.87381172180176,"Female"
"9004154",371995,2025-05-19 06:07:27,42.4389343261719,-8.87372207641602,"Female"
"9004154",371995,2025-05-19 06:13:58,42.437385559082,-8.87375545501709,"Female"
"9004154",371995,2025-05-19 06:18:55,42.4374618530273,-8.87304019927979,"Female"
"9004154",371995,2025-05-19 06:23:54,42.4459342956543,-8.88326644897461,"Female"
"9004154",371995,2025-05-19 06:29:01,42.4450225830078,-8.88251399993896,"Female"
"9004154",371995,2025-05-19 06:34:01,42.4565238952637,-8.89375019073486,"Female"
"9004154",371995,2025-05-19 06:39:01,42.4609756469727,-8.90163326263428,"Female"
"9004154",371995,2025-05-19 06:50:13,42.46044921875,-8.90792846679688,"Female"
"9004154",371995,2025-05-19 06:55:11,42.4617576599121,-8.91017055511475,"Female"
"9004154",371995,2025-05-19 07:00:08,42.4596176147461,-8.90549087524414,"Female"
"9004154",371995,2025-05-19 07:05:06,42.4596214294434,-8.90523815155029,"Female"
"9004154",371995,2025-05-19 07:10:05,42.4595031738281,-8.90518379211426,"Female"
"9004154",371995,2025-05-19 07:15:17,42.4594306945801,-8.90496730804443,"Female"
"9004154",371995,2025-05-19 07:20:16,42.459415435791,-8.90493583679199,"Female"
"9004154",371995,2025-05-19 07:25:16,42.4595375061035,-8.90509986877441,"Female"
"9004154",371995,2025-05-19 07:30:16,42.4594306945801,-8.90499305725098,"Female"
"9004154",371995,2025-05-19 07:35:16,42.4594612121582,-8.90504932403564,"Female"
"9004154",371995,2025-05-19 07:40:16,42.4594955444336,-8.90506076812744,"Female"
"9004154",371995,2025-05-19 07:45:24,42.4596176147461,-8.90543365478516,"Female"
"9004154",371995,2025-05-19 07:55:18,42.461742401123,-8.91188907623291,"Female"
"9004154",371995,2025-05-19 08:00:53,42.4613151550293,-8.91222476959229,"Female"
"9004154",371995,2025-05-19 08:14:30,42.4614639282227,-8.91364097595215,"Female"
"9004154",371995,2025-05-19 08:20:48,42.4616584777832,-8.91197109222412,"Female"
"9004154",371995,2025-05-19 08:25:54,42.4617233276367,-8.91024208068848,"Female"
"9004154",371995,2025-05-19 08:30:48,42.4610214233398,-8.91051006317139,"Female"
"9004154",371995,2025-05-19 08:35:54,42.4604759216309,-8.91228008270264,"Female"
"9004154",371995,2025-05-19 08:53:35,42.4614067077637,-8.91339588165283,"Female"
"9004154",371995,2025-05-19 08:57:37,42.4613914489746,-8.91392612457275,"Female"
"9004154",371995,2025-05-19 09:02:37,42.4609718322754,-8.91326141357422,"Female"
"9004154",371995,2025-05-19 09:07:43,42.4581832885742,-8.90291690826416,"Female"
"9004154",371995,2025-05-19 09:12:51,42.4580688476562,-8.90300178527832,"Female"
"9004154",371995,2025-05-19 09:17:47,42.4579811096191,-8.90298175811768,"Female"
"9004154",371995,2025-05-19 09:22:43,42.4580917358398,-8.90299415588379,"Female"
"9004154",371995,2025-05-19 09:27:39,42.4589538574219,-8.9027042388916,"Female"
"9004154",371995,2025-05-19 09:32:48,42.4581184387207,-8.90286350250244,"Female"
"9004154",371995,2025-05-19 09:37:40,42.4581604003906,-8.90283298492432,"Female"
"9004154",371995,2025-05-19 09:42:48,42.4581336975098,-8.90286254882812,"Female"
"9004154",371995,2025-05-19 09:47:42,42.4581146240234,-8.9028959274292,"Female"
"9004154",371995,2025-05-19 09:52:45,42.458080291748,-8.90283298492432,"Female"
"9004154",371995,2025-05-19 09:57:48,42.4600524902344,-8.90821552276611,"Female"
"9004154",371995,2025-05-19 10:04:09,42.4599838256836,-8.91191864013672,"Female"
"9004154",371995,2025-05-19 10:14:30,42.4614334106445,-8.91408252716064,"Female"
"9004154",371995,2025-05-19 10:19:30,42.4611587524414,-8.91408634185791,"Female"
"9004154",371995,2025-05-19 10:25:14,42.4613914489746,-8.91430473327637,"Female"
"9004154",371995,2025-05-19 10:29:59,42.4580459594727,-8.90292930603027,"Female"
"9004154",371995,2025-05-19 10:35:01,42.4576187133789,-8.902024269104,"Female"
"9004154",371995,2025-05-19 10:40:01,42.4576759338379,-8.90217590332031,"Female"
"9004154",371995,2025-05-19 10:45:13,42.4580879211426,-8.90306663513184,"Female"
"9004154",371995,2025-05-19 10:50:03,42.4580001831055,-8.90297698974609,"Female"
"9004154",371995,2025-05-19 10:55:03,42.458740234375,-8.90468978881836,"Female"
"9004154",371995,2025-05-19 11:00:09,42.4581069946289,-8.90310096740723,"Female"
"9004154",371995,2025-05-19 11:05:00,42.4579544067383,-8.90283298492432,"Female"
"9004154",371995,2025-05-19 11:10:02,42.4581413269043,-8.90323543548584,"Female"
"9004154",371995,2025-05-19 11:15:01,42.4581718444824,-8.90333938598633,"Female"
"9004154",371995,2025-05-19 11:20:02,42.4580917358398,-8.90302658081055,"Female"
"9004154",371995,2025-05-19 11:25:01,42.4579582214355,-8.90287113189697,"Female"
"9004154",371995,2025-05-19 11:30:01,42.4580497741699,-8.90304851531982,"Female"
"9004154",371995,2025-05-19 11:35:33,42.4580993652344,-8.90302848815918,"Female"
"9004154",371995,2025-05-19 11:39:59,42.458065032959,-8.90301132202148,"Female"
"9004154",371995,2025-05-19 11:44:59,42.4580230712891,-8.90297794342041,"Female"
"9004154",371995,2025-05-19 11:49:59,42.4580230712891,-8.90293407440186,"Female"
"9004154",371995,2025-05-19 11:54:59,42.4580497741699,-8.90296649932861,"Female"
"9004154",371995,2025-05-19 11:59:59,42.458065032959,-8.90297794342041,"Female"
"9004154",371995,2025-05-19 12:04:59,42.4580574035645,-8.90296649932861,"Female"
"9004154",371995,2025-05-19 12:09:59,42.4580039978027,-8.90293598175049,"Female"
"9004154",371995,2025-05-19 12:15:09,42.4605751037598,-8.9096565246582,"Female"
"9004154",371995,2025-05-19 12:20:14,42.4610824584961,-8.91116333007812,"Female"
"9004154",371995,2025-05-19 12:25:18,42.4613914489746,-8.91208934783936,"Female"
"9004154",371995,2025-05-19 12:34:56,42.4612274169922,-8.91445446014404,"Female"
"9004154",371995,2025-05-19 12:42:18,42.4608268737793,-8.91352462768555,"Female"
"9004154",371995,2025-05-19 12:49:44,42.4589538574219,-8.9121208190918,"Female"
"9004154",371995,2025-05-19 12:54:31,42.4579238891602,-8.9119176864624,"Female"
"9004154",371995,2025-05-19 12:59:31,42.4595184326172,-8.91293430328369,"Female"
"9004154",371995,2025-05-19 13:04:57,42.4605369567871,-8.91176891326904,"Female"
"9004154",371995,2025-05-19 13:10:33,42.4608345031738,-8.91170978546143,"Female"
"9004154",371995,2025-05-19 13:15:30,42.4607276916504,-8.91109561920166,"Female"
"9004154",371995,2025-05-19 13:20:32,42.4579925537109,-8.90294551849365,"Female"
"9004154",371995,2025-05-19 13:25:30,42.4580688476562,-8.90294361114502,"Female"
"9004154",371995,2025-05-19 13:30:30,42.4580764770508,-8.90301895141602,"Female"
"9004154",371995,2025-05-19 13:35:30,42.4581108093262,-8.90295886993408,"Female"
"9004154",371995,2025-05-19 13:40:31,42.4581146240234,-8.90301609039307,"Female"
"9004154",371995,2025-05-19 13:45:43,42.4581260681152,-8.90292453765869,"Female"
"9004154",371995,2025-05-19 13:50:31,42.4580497741699,-8.90302467346191,"Female"
"9004154",371995,2025-05-19 13:55:31,42.4578132629395,-8.90313053131104,"Female"
"9004154",371995,2025-05-19 14:00:30,42.4577827453613,-8.90313720703125,"Female"
"9004154",371995,2025-05-19 14:05:30,42.4578323364258,-8.90317153930664,"Female"
"9004154",371995,2025-05-19 14:10:34,42.4580307006836,-8.90281677246094,"Female"
"9004154",371995,2025-05-19 14:15:32,42.4578018188477,-8.90315055847168,"Female"
"9004154",371995,2025-05-19 14:20:37,42.4580039978027,-8.90274143218994,"Female"
"9004154",371995,2025-05-19 14:25:34,42.4579734802246,-8.90278244018555,"Female"
"9004154",371995,2025-05-19 14:31:05,42.4580383300781,-8.90285110473633,"Female"
"9004154",371995,2025-05-19 14:35:30,42.4580459594727,-8.90282344818115,"Female"
"9004154",371995,2025-05-19 14:40:30,42.4580497741699,-8.90286636352539,"Female"
"9004154",371995,2025-05-19 14:45:30,42.4580764770508,-8.90280437469482,"Female"
"9004154",371995,2025-05-19 14:50:30,42.458065032959,-8.90271282196045,"Female"
"9004154",371995,2025-05-19 14:55:55,42.4604988098145,-8.90075588226318,"Female"
"9004154",371995,2025-05-19 15:03:12,42.4603424072266,-8.90163230895996,"Female"
"9004154",371995,2025-05-19 15:08:48,42.4602699279785,-8.90115261077881,"Female"
"9004154",371995,2025-05-19 15:16:44,42.4605941772461,-8.89980697631836,"Female"
"9004154",371995,2025-05-19 15:21:33,42.4603080749512,-8.89927291870117,"Female"
"9004154",371995,2025-05-19 15:26:32,42.4600791931152,-8.89880084991455,"Female"
"9004154",371995,2025-05-19 15:31:37,42.4580459594727,-8.90263366699219,"Female"
"9004154",371995,2025-05-19 15:36:34,42.4580574035645,-8.90297794342041,"Female"
"9004154",371995,2025-05-19 15:41:39,42.4580612182617,-8.90296173095703,"Female"
"9004154",371995,2025-05-19 15:46:44,42.4580535888672,-8.90293216705322,"Female"
"9004154",371995,2025-05-19 15:51:32,42.4579963684082,-8.90305423736572,"Female"
"9004154",371995,2025-05-19 15:56:32,42.4579734802246,-8.90319347381592,"Female"
"9004154",371995,2025-05-19 16:01:36,42.4580421447754,-8.90305042266846,"Female"
"9004154",371995,2025-05-19 16:06:32,42.4581031799316,-8.90290355682373,"Female"
"9004154",371995,2025-05-19 16:11:34,42.4580726623535,-8.90311336517334,"Female"
"9004154",371995,2025-05-19 16:16:34,42.4580612182617,-8.90317344665527,"Female"
"9004154",371995,2025-05-19 16:21:33,42.4580192565918,-8.90334033966064,"Female"
"9004154",371995,2025-05-19 16:26:33,42.4580574035645,-8.90314483642578,"Female"
"9004154",371995,2025-05-19 16:31:45,42.4580574035645,-8.90313625335693,"Female"
"9004154",371995,2025-05-19 16:36:33,42.4579811096191,-8.90297317504883,"Female"
"9004154",371995,2025-05-19 16:41:33,42.4580421447754,-8.90367794036865,"Female"
"9004154",371995,2025-05-19 16:46:33,42.4580459594727,-8.90395641326904,"Female"
"9004154",371995,2025-05-19 16:51:42,42.4605102539062,-8.90806579589844,"Female"
"9004154",371995,2025-05-19 17:05:58,42.4614868164062,-8.91038608551025,"Female"
"9004154",371995,2025-05-19 17:12:55,42.4611778259277,-8.91094779968262,"Female"
"9004154",371995,2025-05-19 17:45:44,42.4619331359863,-8.91389083862305,"Female"
"9004154",371995,2025-05-19 17:50:25,42.4620704650879,-8.91336536407471,"Female"
"9004154",371995,2025-05-19 17:57:02,42.4618644714355,-8.91380023956299,"Female"
"9004154",371995,2025-05-19 18:02:01,42.4617652893066,-8.91304779052734,"Female"
"9004154",371995,2025-05-19 18:09:33,42.4618186950684,-8.91017913818359,"Female"
"9004154",371995,2025-05-19 18:14:18,42.4610824584961,-8.90941524505615,"Female"
"9004154",371995,2025-05-19 18:24:26,42.4604072570801,-8.90737247467041,"Female"
"9004154",371995,2025-05-19 18:29:24,42.4596138000488,-8.90583419799805,"Female"
"9004154",371995,2025-05-19 18:34:23,42.4595489501953,-8.90527153015137,"Female"
"9004154",371995,2025-05-19 18:39:41,42.4596557617188,-8.90536594390869,"Female"
"9004154",371995,2025-05-19 18:44:23,42.4596176147461,-8.90524578094482,"Female"
"9004154",371995,2025-05-19 18:49:22,42.4467468261719,-8.89334774017334,"Female"
"9004154",371995,2025-05-19 18:54:44,42.4227027893066,-8.87837791442871,"Female"
"9004154",371995,2025-05-19 18:59:21,42.4226226806641,-8.87842273712158,"Female"
"9004154",371995,2025-05-19 19:04:24,42.4226913452148,-8.87845897674561,"Female"
"9004154",371995,2025-05-19 19:09:23,42.4226112365723,-8.87836360931396,"Female"
"9004154",371995,2025-05-19 19:14:27,42.4227333068848,-8.87832260131836,"Female"
"9004154",371995,2025-05-19 19:19:26,42.4225883483887,-8.87842559814453,"Female"
"9004154",371995,2025-05-19 19:24:25,42.4225997924805,-8.8785400390625,"Female"
"9004154",371995,2025-05-19 19:29:26,42.4225387573242,-8.87861156463623,"Female"
"9004154",371995,2025-05-19 19:34:24,42.4222221374512,-8.87878036499023,"Female"
"9004154",371995,2025-05-19 19:39:24,42.4224739074707,-8.87850952148438,"Female"
"9004154",371995,2025-05-19 19:44:44,42.4228477478027,-8.87830829620361,"Female"
"9004154",371995,2025-05-19 19:50:00,42.4228019714355,-8.87826442718506,"Female"
"9004154",371995,2025-05-19 19:54:24,42.4228057861328,-8.87826538085938,"Female"
"9004154",371995,2025-05-19 20:00:47,42.4224815368652,-8.87841510772705,"Female"
"9004154",371995,2025-05-19 20:05:47,42.4224052429199,-8.87846565246582,"Female"
"9004154",371995,2025-05-19 20:10:47,42.4223213195801,-8.87847805023193,"Female"
"9004154",371995,2025-05-19 20:15:29,42.4222755432129,-8.87848472595215,"Female"
"9004154",371995,2025-05-19 20:19:26,42.4225463867188,-8.8784122467041,"Female"
"9004154",371995,2025-05-19 20:24:24,42.4225540161133,-8.87828540802002,"Female"
"9004154",371995,2025-05-19 20:29:25,42.4224967956543,-8.87814140319824,"Female"
"9004154",371995,2025-05-19 20:34:27,42.4222068786621,-8.87844467163086,"Female"
"9004154",371995,2025-05-19 20:39:43,42.4224624633789,-8.87849140167236,"Female"
"9004154",371995,2025-05-19 20:44:25,42.4223937988281,-8.87837600708008,"Female"
"9004154",371995,2025-05-19 20:49:44,42.4225959777832,-8.87840938568115,"Female"
"9004154",371995,2025-05-19 20:54:27,42.422477722168,-8.8787260055542,"Female"
"9004154",371995,2025-05-19 20:59:23,42.4226188659668,-8.87846755981445,"Female"
"9004154",371995,2025-05-19 21:04:26,42.4224624633789,-8.87856292724609,"Female"
"9004154",371995,2025-05-19 21:09:27,42.4226493835449,-8.8783016204834,"Female"
"9004154",371995,2025-05-19 21:14:23,42.4225044250488,-8.87853717803955,"Female"
"9004154",371995,2025-05-19 21:19:27,42.4226608276367,-8.87864589691162,"Female"
"9004154",371995,2025-05-19 21:24:25,42.4227676391602,-8.87837314605713,"Female"
"9004154",371995,2025-05-19 21:29:28,42.4228706359863,-8.87875843048096,"Female"
"9004154",371995,2025-05-19 21:34:27,42.4228973388672,-8.87883472442627,"Female"
"9004154",371995,2025-05-19 21:39:25,42.4223556518555,-8.87823963165283,"Female"
"9004154",371995,2025-05-19 21:44:36,42.4225234985352,-8.87849807739258,"Female"
"9004154",371995,2025-05-19 21:49:27,42.4226951599121,-8.87858867645264,"Female"
"9004154",371995,2025-05-19 21:54:36,42.4229698181152,-8.87830829620361,"Female"
"9004154",371995,2025-05-19 22:00:13,42.4228706359863,-8.87818908691406,"Female"
"9004154",371995,2025-05-19 22:04:29,42.4230079650879,-8.87923812866211,"Female"
"9004154",371995,2025-05-19 22:09:26,42.4223899841309,-8.87737274169922,"Female"
"9004154",371995,2025-05-19 22:14:25,42.4227104187012,-8.87873840332031,"Female"
"9004154",371995,2025-05-19 22:19:25,42.4231033325195,-8.87972068786621,"Female"
"9004154",371995,2025-05-19 22:24:24,42.4228019714355,-8.87887287139893,"Female"
"9004154",371995,2025-05-19 22:29:24,42.4226303100586,-8.87859058380127,"Female"
"9004154",371995,2025-05-19 22:34:25,42.4225120544434,-8.87801265716553,"Female"
"9004154",371995,2025-05-19 22:39:30,42.4226379394531,-8.87841606140137,"Female"
"9004154",371995,2025-05-19 22:44:24,42.4230461120605,-8.87860774993896,"Female"
"9004154",371995,2025-05-19 22:49:57,42.4226417541504,-8.8785457611084,"Female"
"9004154",371995,2025-05-19 22:54:31,42.4227180480957,-8.87837982177734,"Female"
"9004154",371995,2025-05-19 22:59:25,42.4226379394531,-8.87833499908447,"Female"
"9004154",371995,2025-05-19 23:04:26,42.4227676391602,-8.87837982177734,"Female"
"9004154",371995,2025-05-19 23:09:35,42.4227180480957,-8.87845993041992,"Female"
"9004154",371995,2025-05-19 23:14:41,42.4226951599121,-8.87834930419922,"Female"
"9004154",371995,2025-05-19 23:19:52,42.4227905273438,-8.87838840484619,"Female"
"9004154",371995,2025-05-19 23:24:57,42.4228401184082,-8.87838459014893,"Female"
"9004154",371995,2025-05-19 23:29:36,42.4228820800781,-8.87836170196533,"Female"
"9004154",371995,2025-05-19 23:34:24,42.4227142333984,-8.87859058380127,"Female"
"9004154",371995,2025-05-19 23:39:23,42.4227180480957,-8.87856101989746,"Female"
"9004154",371995,2025-05-19 23:44:23,42.4226951599121,-8.87861156463623,"Female"
"9004154",371995,2025-05-19 23:50:14,42.4227180480957,-8.87844371795654,"Female"
"9004154",371995,2025-05-19 23:54:23,42.4227561950684,-8.87844371795654,"Female"
"9004154",371995,2025-05-19 23:59:24,42.4226264953613,-8.87840366363525,"Female"
"9004154",371995,2025-05-20 00:04:24,42.4226951599121,-8.87836647033691,"Female"
"9004154",371995,2025-05-20 00:09:24,42.4226608276367,-8.87838649749756,"Female"
"9004154",371995,2025-05-20 00:14:24,42.422779083252,-8.87835788726807,"Female"
"9004154",371995,2025-05-20 00:19:23,42.4226684570312,-8.87843990325928,"Female"
"9004154",371995,2025-05-20 00:24:23,42.4227447509766,-8.8784818649292,"Female"
"9004154",371995,2025-05-20 00:29:23,42.4225387573242,-8.87847423553467,"Female"
"9004154",371995,2025-05-20 00:34:23,42.4227066040039,-8.87848854064941,"Female"
"9004154",371995,2025-05-20 00:39:23,42.4226608276367,-8.87844657897949,"Female"
"9004154",371995,2025-05-20 00:44:23,42.4224967956543,-8.87845420837402,"Female"
"9004154",371995,2025-05-20 00:49:23,42.4226226806641,-8.8785400390625,"Female"
"9004154",371995,2025-05-20 00:54:23,42.422679901123,-8.87851619720459,"Female"
"9004154",371995,2025-05-20 00:59:23,42.4227294921875,-8.87850284576416,"Female"
"9004154",371995,2025-05-20 01:04:27,42.4225845336914,-8.87836647033691,"Female"
"9004154",371995,2025-05-20 01:09:27,42.4226379394531,-8.87841987609863,"Female"
"9004154",371995,2025-05-20 01:14:30,42.4225616455078,-8.87839317321777,"Female"
"9004154",371995,2025-05-20 01:19:27,42.4226570129395,-8.87830924987793,"Female"
"9004154",371995,2025-05-20 01:24:38,42.4224433898926,-8.87820148468018,"Female"
"9004154",371995,2025-05-20 01:29:29,42.4225616455078,-8.87837791442871,"Female"
"9004154",371995,2025-05-20 01:34:44,42.4226455688477,-8.87840747833252,"Female"
"9004154",371995,2025-05-20 01:39:26,42.4225311279297,-8.87828254699707,"Female"
"9004154",371995,2025-05-20 01:44:27,42.4227104187012,-8.87834167480469,"Female"
"9004154",371995,2025-05-20 01:49:59,42.422737121582,-8.87838172912598,"Female"
"9004154",371995,2025-05-20 01:54:26,42.422721862793,-8.87853908538818,"Female"
"9004154",371995,2025-05-20 01:59:27,42.4226875305176,-8.87853145599365,"Female"
"9004154",371995,2025-05-20 02:04:29,42.4227447509766,-8.87851428985596,"Female"
"9004154",371995,2025-05-20 02:09:28,42.4227638244629,-8.87835788726807,"Female"
"9004154",371995,2025-05-20 02:14:26,42.4227676391602,-8.87837028503418,"Female"
"9004154",371995,2025-05-20 02:19:25,42.4227714538574,-8.87846851348877,"Female"
"9004154",371995,2025-05-20 02:24:23,42.4227867126465,-8.87859153747559,"Female"
"9004154",371995,2025-05-20 02:29:25,42.4227256774902,-8.87853050231934,"Female"
"9004154",371995,2025-05-20 02:35:05,42.4226608276367,-8.87842464447021,"Female"
"9004154",371995,2025-05-20 02:39:23,42.4226531982422,-8.87850093841553,"Female"
"9004154",371995,2025-05-20 02:44:23,42.4226684570312,-8.87850570678711,"Female"
"9004154",371995,2025-05-20 02:49:24,42.422664642334,-8.87852096557617,"Female"
"9004154",371995,2025-05-20 02:54:25,42.4228897094727,-8.87866115570068,"Female"
"9004154",371995,2025-05-20 02:59:23,42.4228248596191,-8.87853336334229,"Female"
"9004154",371995,2025-05-20 03:04:24,42.4228439331055,-8.87856101989746,"Female"
"9004154",371995,2025-05-20 03:09:24,42.4228515625,-8.87823009490967,"Female"
"9004154",371995,2025-05-20 03:14:23,42.4227905273438,-8.87844371795654,"Female"
"9004154",371995,2025-05-20 03:19:23,42.4227867126465,-8.87820720672607,"Female"
"9004154",371995,2025-05-20 03:24:25,42.4227142333984,-8.87848472595215,"Female"
"9004154",371995,2025-05-20 03:29:24,42.4227104187012,-8.87845516204834,"Female"
"9004154",371995,2025-05-20 03:34:31,42.4227714538574,-8.8784122467041,"Female"
"9004154",371995,2025-05-20 03:39:26,42.4225540161133,-8.87899875640869,"Female"
"9004154",371995,2025-05-20 03:44:29,42.422737121582,-8.87834453582764,"Female"
"9004154",371995,2025-05-20 03:49:29,42.4226112365723,-8.87851905822754,"Female"
"9004154",371995,2025-05-20 03:54:45,42.4226112365723,-8.87833023071289,"Female"
"9004154",371995,2025-05-20 03:59:26,42.4228096008301,-8.87919616699219,"Female"
"9004154",371995,2025-05-20 04:04:26,42.4226760864258,-8.8774242401123,"Female"
"9004154",371995,2025-05-20 04:09:42,42.4226608276367,-8.87831687927246,"Female"
"9004154",371995,2025-05-20 04:14:52,42.4226722717285,-8.8783597946167,"Female"
"9004154",371995,2025-05-20 04:19:30,42.422908782959,-8.87808132171631,"Female"
"9004154",371995,2025-05-20 04:24:59,42.4225692749023,-8.87834358215332,"Female"
"9004154",371995,2025-05-20 04:29:27,42.4224319458008,-8.87834072113037,"Female"
"9004154",371995,2025-05-20 04:34:25,42.4228019714355,-8.87829208374023,"Female"
"9004154",371995,2025-05-20 04:39:26,42.4227867126465,-8.87838459014893,"Female"
"9004154",371995,2025-05-20 04:44:23,42.4227676391602,-8.87842464447021,"Female"
"9004154",371995,2025-05-20 04:49:44,42.4226036071777,-8.87835693359375,"Female"
"9004154",371995,2025-05-20 04:54:25,42.4228096008301,-8.87825107574463,"Female"
"9004154",371995,2025-05-20 04:59:38,42.4228057861328,-8.87823677062988,"Female"
"9004154",371995,2025-05-20 05:04:39,42.4225807189941,-8.87823486328125,"Female"
"9004154",371995,2025-05-20 05:09:27,42.4227561950684,-8.87814140319824,"Female"
"9004154",371995,2025-05-20 05:15:47,42.4226264953613,-8.87862396240234,"Female"
"9004154",371995,2025-05-20 05:19:59,42.4225997924805,-8.87859153747559,"Female"
"9004154",371995,2025-05-20 05:24:25,42.4225730895996,-8.87861728668213,"Female"
"9004154",371995,2025-05-20 05:29:34,42.4225463867188,-8.87858867645264,"Female"
"9004154",371995,2025-05-20 05:34:27,42.4224967956543,-8.87862586975098,"Female"
"9004154",371995,2025-05-20 05:40:47,42.4227333068848,-8.87866306304932,"Female"
"9004154",371995,2025-05-20 05:44:59,42.4226303100586,-8.87859916687012,"Female"
"9004154",371995,2025-05-20 05:49:28,42.4227981567383,-8.87861347198486,"Female"
"9004154",371995,2025-05-20 05:54:29,42.4227104187012,-8.87886428833008,"Female"
"9004154",371995,2025-05-20 05:59:24,42.4225845336914,-8.87865161895752,"Female"
"9004154",371995,2025-05-20 06:04:23,42.4230003356934,-8.88047981262207,"Female"
"9004154",371995,2025-05-20 06:09:24,42.4230194091797,-8.88055419921875,"Female"
"9004154",371995,2025-05-20 06:14:23,42.4229927062988,-8.88058567047119,"Female"
"9004154",371995,2025-05-20 06:19:25,42.4229011535645,-8.88050556182861,"Female"
"9004154",371995,2025-05-20 06:24:23,42.422981262207,-8.88057518005371,"Female"
"9004154",371995,2025-05-20 06:29:23,42.4229888916016,-8.88046455383301,"Female"
"9004154",371995,2025-05-20 06:34:23,42.4532127380371,-8.89455032348633,"Female"
"9004154",371995,2025-05-20 06:39:24,42.4558296203613,-8.90175819396973,"Female"
"9004154",371995,2025-05-20 06:45:17,42.4605751037598,-8.9089241027832,"Female"
"9004154",371995,2025-05-20 06:50:46,42.460880279541,-8.90988540649414,"Female"
"9004154",371995,2025-05-20 06:57:02,42.4611473083496,-8.91149139404297,"Female"
"9004154",371995,2025-05-20 07:02:29,42.461109161377,-8.91240978240967,"Female"
"9004154",371995,2025-05-20 07:16:45,42.4614372253418,-8.91312408447266,"Female"
"9004154",371995,2025-05-20 07:22:21,42.4612770080566,-8.91072559356689,"Female"
"9004154",371995,2025-05-20 07:29:34,42.4613723754883,-8.9088773727417,"Female"
"9004154",371995,2025-05-20 07:34:40,42.4610061645508,-8.9074182510376,"Female"
"9004154",371995,2025-05-20 07:40:43,42.461353302002,-8.90739917755127,"Female"
"9004154",371995,2025-05-20 07:47:00,42.4598274230957,-8.90625667572021,"Female"
"9004154",371995,2025-05-20 07:52:24,42.4580230712891,-8.90291213989258,"Female"
"9004154",371995,2025-05-20 07:56:48,42.4580497741699,-8.90296936035156,"Female"
"9004154",371995,2025-05-20 08:01:45,42.458080291748,-8.90293025970459,"Female"
"9004154",371995,2025-05-20 08:06:46,42.4580917358398,-8.90299987792969,"Female"
"9004154",371995,2025-05-20 08:11:44,42.4580459594727,-8.90289497375488,"Female"
"9004154",371995,2025-05-20 08:16:45,42.4579734802246,-8.90287685394287,"Female"
"9004154",371995,2025-05-20 08:21:45,42.4579277038574,-8.90279674530029,"Female"
"9004154",371995,2025-05-20 08:27:05,42.4580574035645,-8.90293121337891,"Female"
"9004154",371995,2025-05-20 08:31:45,42.4580154418945,-8.90284633636475,"Female"
"9004154",371995,2025-05-20 08:36:44,42.4580841064453,-8.9029483795166,"Female"
"9004154",371995,2025-05-20 08:41:44,42.4580993652344,-8.90298366546631,"Female"
"9004154",371995,2025-05-20 08:46:45,42.4580307006836,-8.90283012390137,"Female"
"9004154",371995,2025-05-20 08:51:46,42.4580116271973,-8.90279674530029,"Female"
"9004154",371995,2025-05-20 08:56:46,42.457935333252,-8.90261936187744,"Female"
"9004154",371995,2025-05-20 09:06:58,42.4606819152832,-8.89966773986816,"Female"
"9004154",371995,2025-05-20 09:14:45,42.4608383178711,-8.9015645980835,"Female"
"9004154",371995,2025-05-20 09:21:39,42.4604682922363,-8.9000940322876,"Female"
"9004154",371995,2025-05-20 09:30:39,42.460018157959,-8.89700222015381,"Female"
"9004154",371995,2025-05-20 09:37:50,42.4596061706543,-8.89569568634033,"Female"
"9004154",371995,2025-05-20 09:47:55,42.4581069946289,-8.89346122741699,"Female"
"9004154",371995,2025-05-20 09:54:28,42.4572486877441,-8.89366245269775,"Female"
"9004154",371995,2025-05-20 10:06:06,42.4594688415527,-8.89681816101074,"Female"
"9004154",371995,2025-05-20 10:11:14,42.4602584838867,-8.89827156066895,"Female"
"9004154",371995,2025-05-20 10:16:40,42.4600486755371,-8.89877033233643,"Female"
"9004154",371995,2025-05-20 10:21:41,42.4580459594727,-8.90270900726318,"Female"
"9004154",371995,2025-05-20 10:26:40,42.4580726623535,-8.90309810638428,"Female"
"9004154",371995,2025-05-20 10:50:27,42.4601936340332,-8.90829563140869,"Female"
"9004154",371995,2025-05-20 10:55:36,42.4603309631348,-8.91040992736816,"Female"
"9004154",371995,2025-05-20 11:46:35,42.4613838195801,-8.91298770904541,"Female"
"9004154",371995,2025-05-20 11:50:42,42.4580192565918,-8.90303707122803,"Female"
"9004154",371995,2025-05-20 11:55:44,42.4579811096191,-8.90312099456787,"Female"
"9004154",371995,2025-05-20 13:19:35,42.4597854614258,-8.90737342834473,"Female"
"9004154",371995,2025-05-20 13:24:07,42.4605255126953,-8.90991878509521,"Female"
"9004154",371995,2025-05-20 13:29:39,42.4610481262207,-8.91138362884521,"Female"
"9004154",371995,2025-05-20 13:35:24,42.4616470336914,-8.91144943237305,"Female"
"9004154",371995,2025-05-20 13:41:30,42.4615745544434,-8.9129695892334,"Female"
"9004154",371995,2025-05-20 13:46:33,42.4604415893555,-8.91345405578613,"Female"
"9004154",371995,2025-05-20 13:51:36,42.4603538513184,-8.91205978393555,"Female"
"9004154",371995,2025-05-20 13:58:36,42.4601287841797,-8.91059970855713,"Female"
"9004154",371995,2025-05-20 14:26:09,42.4586143493652,-8.90626811981201,"Female"
"9004154",371995,2025-05-20 14:30:08,42.458080291748,-8.90285778045654,"Female"
"9004154",371995,2025-05-20 14:35:08,42.4580497741699,-8.90280723571777,"Female"
"9004154",371995,2025-05-20 14:40:08,42.4580917358398,-8.90278720855713,"Female"
"9004154",371995,2025-05-20 14:45:09,42.4580078125,-8.90265274047852,"Female"
"9004154",371995,2025-05-20 14:50:09,42.4580764770508,-8.90292072296143,"Female"
"9004154",371995,2025-05-20 14:55:09,42.4577598571777,-8.90211296081543,"Female"
"9004154",371995,2025-05-20 15:00:10,42.4580154418945,-8.90253448486328,"Female"
"9004154",371995,2025-05-20 15:05:35,42.4580421447754,-8.90291213989258,"Female"
"9004154",371995,2025-05-20 15:10:09,42.4580841064453,-8.90291881561279,"Female"
"9004154",371995,2025-05-20 15:15:08,42.4577903747559,-8.9028959274292,"Female"
"9004154",371995,2025-05-20 15:24:37,42.451171875,-8.88226222991943,"Female"
"9004154",371995,2025-05-20 15:30:03,42.4523277282715,-8.88349437713623,"Female"
"9004154",371995,2025-05-20 15:35:22,42.4534187316895,-8.88368320465088,"Female"
"9004154",371995,2025-05-20 15:40:21,42.4537963867188,-8.88425827026367,"Female"
"9004154",371995,2025-05-20 15:45:32,42.4528007507324,-8.88242816925049,"Female"
"9004154",371995,2025-05-20 16:00:52,42.4505310058594,-8.87958526611328,"Female"
"9004154",371995,2025-05-20 16:05:57,42.4497871398926,-8.88084697723389,"Female"
"9004154",371995,2025-05-20 16:10:55,42.4372406005859,-8.87758922576904,"Female"
"9004154",371995,2025-05-20 16:15:59,42.4372482299805,-8.87768363952637,"Female"
"9004154",371995,2025-05-20 16:20:56,42.4372634887695,-8.8775634765625,"Female"
"9004154",371995,2025-05-20 16:25:56,42.4372444152832,-8.87759780883789,"Female"
"9004154",371995,2025-05-20 16:30:56,42.437255859375,-8.87746047973633,"Female"
"9004154",371995,2025-05-20 16:35:56,42.4372024536133,-8.87729930877686,"Female"
"9004154",371995,2025-05-20 16:41:07,42.4372825622559,-8.87768650054932,"Female"
"9004154",371995,2025-05-20 16:45:56,42.4371566772461,-8.87691402435303,"Female"
"9004154",371995,2025-05-20 16:51:08,42.437255859375,-8.87768650054932,"Female"
"9004154",371995,2025-05-20 16:56:08,42.4373321533203,-8.87768173217773,"Female"
"9004154",371995,2025-05-20 17:01:08,42.4373016357422,-8.87769889831543,"Female"
"9004154",371995,2025-05-20 17:06:29,42.437313079834,-8.87768268585205,"Female"
"9004154",371995,2025-05-20 17:11:47,42.4395599365234,-8.87583637237549,"Female"
"9004154",371995,2025-05-20 17:16:51,42.4377632141113,-8.8757266998291,"Female"
"9004154",371995,2025-05-20 17:22:23,42.4373588562012,-8.8759593963623,"Female"
"9004154",371995,2025-05-20 17:27:20,42.4364013671875,-8.87528610229492,"Female"
"9004154",371995,2025-05-20 17:32:54,42.4368591308594,-8.87436294555664,"Female"
"9004154",371995,2025-05-20 17:38:56,42.4375457763672,-8.87438678741455,"Female"
"9004154",371995,2025-05-20 17:43:55,42.442138671875,-8.87547016143799,"Female"
"9004154",371995,2025-05-20 17:49:01,42.4562721252441,-8.8898401260376,"Female"
"9004154",371995,2025-05-20 17:55:13,42.4565010070801,-8.89031791687012,"Female"
"9004154",371995,2025-05-20 17:59:54,42.4567642211914,-8.88887691497803,"Female"
"9004154",371995,2025-05-20 18:05:34,42.4570465087891,-8.88911437988281,"Female"
"9004154",371995,2025-05-20 18:12:43,42.4572944641113,-8.89036083221436,"Female"
"9004154",371995,2025-05-20 18:17:50,42.4572448730469,-8.8900146484375,"Female"
"9004154",371995,2025-05-20 18:25:29,42.4576568603516,-8.88995361328125,"Female"
"9004154",371995,2025-05-20 18:32:22,42.457893371582,-8.89108848571777,"Female"
"9004154",371995,2025-05-20 18:37:50,42.4571990966797,-8.89007663726807,"Female"
"9004154",371995,2025-05-20 18:44:14,42.4573974609375,-8.89031219482422,"Female"
"9004154",371995,2025-05-20 18:49:37,42.4573440551758,-8.8889627456665,"Female"
"9004154",371995,2025-05-20 18:55:22,42.4568901062012,-8.8876781463623,"Female"
"9004154",371995,2025-05-20 19:00:49,42.4557762145996,-8.88560390472412,"Female"
"9004154",371995,2025-05-20 19:22:29,42.4464645385742,-8.88005638122559,"Female"
"9004154",371995,2025-05-20 19:27:05,42.4225425720215,-8.87846279144287,"Female"
"9004154",371995,2025-05-20 19:31:30,42.4225616455078,-8.87831878662109,"Female"
"9004154",371995,2025-05-20 19:36:30,42.4224815368652,-8.87845706939697,"Female"
"9004154",371995,2025-05-20 19:41:31,42.4228248596191,-8.87811851501465,"Female"
"9004154",371995,2025-05-20 19:46:37,42.4227256774902,-8.87849807739258,"Female"
"9004154",371995,2025-05-20 19:51:36,42.4227867126465,-8.87844371795654,"Female"
"9004154",371995,2025-05-20 19:56:33,42.4227600097656,-8.87847518920898,"Female"
"9004154",371995,2025-05-20 20:03:25,42.4225540161133,-8.87825298309326,"Female"
"9004154",371995,2025-05-20 20:08:26,42.4227104187012,-8.87838554382324,"Female"
"9004154",371995,2025-05-20 20:40:14,42.4226036071777,-8.87847995758057,"Female"
"9004154",371995,2025-05-20 20:45:00,42.4226455688477,-8.87859058380127,"Female"
"9004154",371995,2025-05-20 20:50:02,42.4225196838379,-8.8791332244873,"Female"
"9004154",371995,2025-05-20 20:55:01,42.4226951599121,-8.87893104553223,"Female"
"9004154",371995,2025-05-20 21:00:06,42.4226303100586,-8.87851142883301,"Female"
"9004154",371995,2025-05-20 21:05:03,42.4226608276367,-8.87842273712158,"Female"
"9004154",371995,2025-05-20 21:10:03,42.4225921630859,-8.87843418121338,"Female"
"9004154",371995,2025-05-20 21:15:00,42.4225463867188,-8.87839698791504,"Female"
"9004154",371995,2025-05-20 21:20:00,42.4227447509766,-8.87842655181885,"Female"
"9004154",371995,2025-05-20 21:25:07,42.4226989746094,-8.87838840484619,"Female"
"9004154",371995,2025-05-20 21:31:04,42.4227561950684,-8.87849235534668,"Female"
"9004154",371995,2025-05-20 21:35:00,42.4226608276367,-8.87889575958252,"Female"
"9004154",371995,2025-05-20 21:40:39,42.4227714538574,-8.87854766845703,"Female"
"9004154",371995,2025-05-20 21:45:03,42.4227714538574,-8.87851142883301,"Female"
"9004154",371995,2025-05-20 21:50:00,42.4227180480957,-8.87911605834961,"Female"
"9004154",371995,2025-05-20 21:55:00,42.4227752685547,-8.87877559661865,"Female"
"9004154",371995,2025-05-20 22:00:00,42.4224586486816,-8.879319190979,"Female"
"9004154",371995,2025-05-20 22:05:01,42.4226150512695,-8.87905216217041,"Female"
"9004154",371995,2025-05-20 22:10:00,42.4226531982422,-8.87894439697266,"Female"
"9004154",371995,2025-05-20 22:15:00,42.4227256774902,-8.87875938415527,"Female"
"9004154",371995,2025-05-20 22:20:09,42.4226951599121,-8.87856006622314,"Female"
"9004154",371995,2025-05-20 22:25:04,42.4226264953613,-8.87858581542969,"Female"
"9004154",371995,2025-05-20 22:30:03,42.4226531982422,-8.87842178344727,"Female"
"9004154",371995,2025-05-20 22:35:07,42.4227066040039,-8.87836265563965,"Female"
"9004154",371995,2025-05-20 22:40:03,42.4225006103516,-8.87852954864502,"Female"
"9004154",371995,2025-05-20 22:45:04,42.4226264953613,-8.87841033935547,"Female"
"9004154",371995,2025-05-20 22:50:12,42.4226036071777,-8.87825584411621,"Female"
"9004154",371995,2025-05-20 22:55:20,42.4226036071777,-8.87829113006592,"Female"
"9004154",371995,2025-05-20 23:00:23,42.422607421875,-8.87832832336426,"Female"
"9004154",371995,2025-05-20 23:05:12,42.4225807189941,-8.87837600708008,"Female"
"9004154",371995,2025-05-20 23:10:42,42.4225540161133,-8.87821865081787,"Female"
"9004154",371995,2025-05-20 23:15:06,42.4224433898926,-8.87830543518066,"Female"
"9004154",371995,2025-05-20 23:20:47,42.4224853515625,-8.87837314605713,"Female"
"9004154",371995,2025-05-20 23:25:01,42.4223213195801,-8.87848281860352,"Female"
"9004154",371995,2025-05-20 23:35:00,42.4226951599121,-8.87833213806152,"Female"
"9004154",371995,2025-05-20 23:40:03,42.4226989746094,-8.87830829620361,"Female"
"9004154",371995,2025-05-20 23:45:10,42.4225158691406,-8.87834739685059,"Female"
"9004154",371995,2025-05-20 23:55:03,42.4224662780762,-8.87841033935547,"Female"
"9004154",371995,2025-05-21 00:01:22,42.4226112365723,-8.87840938568115,"Female"
"9004154",371995,2025-05-21 00:10:04,42.4226379394531,-8.87829971313477,"Female"
"9004154",371995,2025-05-21 00:20:01,42.4225616455078,-8.87826824188232,"Female"
"9004154",371995,2025-05-21 00:30:00,42.4226036071777,-8.8784065246582,"Female"
"9004154",371995,2025-05-21 00:40:01,42.422664642334,-8.8782787322998,"Female"
"9004154",371995,2025-05-21 00:50:00,42.4226875305176,-8.87834548950195,"Female"
"9004154",371995,2025-05-21 01:00:01,42.422679901123,-8.87820625305176,"Female"
"9004154",371995,2025-05-21 01:10:02,42.4226379394531,-8.87822532653809,"Female"
"9004154",371995,2025-05-21 01:20:07,42.4227294921875,-8.87829780578613,"Female"
"9004154",371995,2025-05-21 01:30:09,42.4228172302246,-8.8782844543457,"Female"
"9004154",371995,2025-05-21 01:40:10,42.4227066040039,-8.87827396392822,"Female"
"9004154",371995,2025-05-21 01:50:00,42.4231414794922,-8.8782958984375,"Female"
"9004154",371995,2025-05-21 02:00:02,42.4227180480957,-8.87829971313477,"Female"
"9004154",371995,2025-05-21 02:10:06,42.4231719970703,-8.87800598144531,"Female"
"9004154",371995,2025-05-21 02:20:06,42.4230613708496,-8.87825679779053,"Female"
"9004154",371995,2025-05-21 02:30:44,42.4226951599121,-8.87817096710205,"Female"
"9004154",371995,2025-05-21 02:40:14,42.4227867126465,-8.87807178497314,"Female"
"9004154",371995,2025-05-21 02:50:04,42.4229125976562,-8.87799167633057,"Female"
"9004154",371995,2025-05-21 03:00:09,42.4230194091797,-8.87786102294922,"Female"
"9004154",371995,2025-05-21 03:10:09,42.4229469299316,-8.87812328338623,"Female"
"9004154",371995,2025-05-21 03:20:09,42.4230537414551,-8.87814807891846,"Female"
"9004154",371995,2025-05-21 03:30:03,42.4207191467285,-8.87910175323486,"Female"
"9004154",371995,2025-05-21 03:40:08,42.4227104187012,-8.87803268432617,"Female"
"9004154",371995,2025-05-21 03:50:44,42.4231414794922,-8.87798976898193,"Female"
"9004154",371995,2025-05-21 04:00:00,42.4227256774902,-8.87821578979492,"Female"
"9004154",371995,2025-05-21 04:10:35,42.4226531982422,-8.87831020355225,"Female"
"9004154",371995,2025-05-21 04:20:00,42.4224510192871,-8.87854671478271,"Female"
"9004154",371995,2025-05-21 04:29:59,42.4226608276367,-8.87843418121338,"Female"
"9004154",371995,2025-05-21 04:40:01,42.4224700927734,-8.87862205505371,"Female"
"9004154",371995,2025-05-21 04:50:00,42.4226303100586,-8.87833118438721,"Female"
"9004154",371995,2025-05-21 05:00:13,42.4226760864258,-8.87848091125488,"Female"
"9004154",371995,2025-05-21 05:10:00,42.422721862793,-8.87849617004395,"Female"
"9004154",371995,2025-05-21 05:20:01,42.4225616455078,-8.87843322753906,"Female"
"9004154",371995,2025-05-21 05:30:02,42.4225120544434,-8.87833881378174,"Female"
"9004154",371995,2025-05-21 05:40:00,42.4226112365723,-8.87854480743408,"Female"
"9004154",371995,2025-05-21 05:51:14,42.4231834411621,-8.8788890838623,"Female"
"9004154",371995,2025-05-21 06:00:27,42.422966003418,-8.87875366210938,"Female"
"9004154",371995,2025-05-21 06:10:53,42.4226455688477,-8.87889099121094,"Female"
"9004154",371995,2025-05-21 06:20:00,42.4449081420898,-8.8774938583374,"Female"
"9004154",371995,2025-05-21 06:30:00,42.4517936706543,-8.88277912139893,"Female"
"9004154",371995,2025-05-21 06:40:58,42.4602012634277,-8.89917659759521,"Female"
"9004154",371995,2025-05-21 06:51:11,42.4604110717773,-8.89864349365234,"Female"
"9004154",371995,2025-05-21 07:01:12,42.460636138916,-8.90068244934082,"Female"
"9004154",371995,2025-05-21 07:11:17,42.4612350463867,-8.91302680969238,"Female"
"9004154",371995,2025-05-21 07:21:48,42.4609107971191,-8.91437339782715,"Female"
"9004154",371995,2025-05-21 07:32:17,42.4617919921875,-8.91321182250977,"Female"
"9004154",371995,2025-05-21 07:44:27,42.4608268737793,-8.91415977478027,"Female"
"9004154",371995,2025-05-21 07:58:51,42.4613494873047,-8.91440296173096,"Female"
"9004154",371995,2025-05-21 08:08:51,42.4594268798828,-8.9051570892334,"Female"
"9004154",371995,2025-05-21 08:19:00,42.4602279663086,-8.90406703948975,"Female"
"9004154",371995,2025-05-21 08:30:16,42.4609756469727,-8.89956188201904,"Female"
"9004154",371995,2025-05-21 08:41:00,42.4605598449707,-8.89711093902588,"Female"
"9004154",371995,2025-05-21 08:51:17,42.4591751098633,-8.89474582672119,"Female"
"9004154",371995,2025-05-21 09:03:11,42.4586143493652,-8.89355754852295,"Female"
"9004154",371995,2025-05-21 09:13:11,42.4583854675293,-8.89428901672363,"Female"
"9004154",371995,2025-05-21 09:23:11,42.459644317627,-8.90524005889893,"Female"
"9004154",371995,2025-05-21 09:33:11,42.4597282409668,-8.90535259246826,"Female"
"9004154",371995,2025-05-21 09:38:11,42.4595680236816,-8.90539455413818,"Female"
"9004154",371995,2025-05-21 09:43:12,42.4596710205078,-8.90540504455566,"Female"
"9004154",371995,2025-05-21 09:48:11,42.4596786499023,-8.90534496307373,"Female"
"9004154",371995,2025-05-21 09:53:11,42.4594879150391,-8.90536212921143,"Female"
"9004154",371995,2025-05-21 09:58:11,42.459400177002,-8.90543174743652,"Female"
"9004154",371995,2025-05-21 10:03:11,42.4595985412598,-8.90528583526611,"Female"
"9004154",371995,2025-05-21 10:08:11,42.4595718383789,-8.90532398223877,"Female"
"9004154",371995,2025-05-21 10:13:11,42.4595184326172,-8.90529346466064,"Female"
"9004154",371995,2025-05-21 10:18:12,42.459545135498,-8.90529441833496,"Female"
"9004154",371995,2025-05-21 10:23:12,42.4595985412598,-8.9052906036377,"Female"
"9004154",371995,2025-05-21 10:28:12,42.4595565795898,-8.90527820587158,"Female"
"9004154",371995,2025-05-21 10:33:12,42.4598274230957,-8.90892791748047,"Female"
"9004154",371995,2025-05-21 10:38:34,42.4607162475586,-8.91146564483643,"Female"
"9004154",371995,2025-05-21 10:44:14,42.4605445861816,-8.91395473480225,"Female"
"9004154",371995,2025-05-21 10:53:12,42.461368560791,-8.91424083709717,"Female"
"9004154",371995,2025-05-21 10:58:28,42.4612922668457,-8.91436386108398,"Female"
"9004154",371995,2025-05-21 11:03:51,42.4612197875977,-8.91459655761719,"Female"
"9004154",371995,2025-05-21 11:08:28,42.4610595703125,-8.91358375549316,"Female"
"9004154",371995,2025-05-21 11:13:55,42.4614906311035,-8.91272163391113,"Female"
"9004154",371995,2025-05-21 11:19:29,42.4612236022949,-8.91176223754883,"Female"
"9004154",371995,2025-05-21 11:24:50,42.4610443115234,-8.91020202636719,"Female"
"9004154",371995,2025-05-21 11:29:50,42.4605445861816,-8.90918064117432,"Female"
"9004154",371995,2025-05-21 11:34:50,42.4578742980957,-8.90281105041504,"Female"
"9004154",371995,2025-05-21 11:42:36,42.4582023620605,-8.90281963348389,"Female"
"9004154",371995,2025-05-21 11:47:36,42.4582366943359,-8.90290355682373,"Female"
"9004154",371995,2025-05-21 11:52:36,42.4581832885742,-8.9028148651123,"Female"
"9004154",371995,2025-05-21 11:57:36,42.4581832885742,-8.90273952484131,"Female"
"9004154",371995,2025-05-21 12:02:36,42.4581413269043,-8.90274906158447,"Female"
"9004154",371995,2025-05-21 12:07:36,42.4581756591797,-8.90267753601074,"Female"
"9004154",371995,2025-05-21 12:12:36,42.4581871032715,-8.9026575088501,"Female"
"9004154",371995,2025-05-21 12:17:34,42.458122253418,-8.90283966064453,"Female"
"9004154",371995,2025-05-21 12:22:36,42.4589309692383,-8.90347862243652,"Female"
"9004154",371995,2025-05-21 12:27:35,42.4582366943359,-8.90329265594482,"Female"
"9004154",371995,2025-05-21 12:32:36,42.4583015441895,-8.90284442901611,"Female"
"9004154",371995,2025-05-21 12:37:35,42.4582901000977,-8.90295600891113,"Female"
"9004154",371995,2025-05-21 12:42:36,42.4584693908691,-8.90282726287842,"Female"
"9004154",371995,2025-05-21 12:47:35,42.4581184387207,-8.90285873413086,"Female"
"9004154",371995,2025-05-21 12:52:35,42.4580993652344,-8.90286731719971,"Female"
"9004154",371995,2025-05-21 12:57:35,42.4581069946289,-8.90290069580078,"Female"
"9004154",371995,2025-05-21 13:02:36,42.4582672119141,-8.9024715423584,"Female"
"9004154",371995,2025-05-21 13:07:34,42.4582977294922,-8.89876270294189,"Female"
"9004154",371995,2025-05-21 13:12:34,42.459846496582,-8.89784717559814,"Female"
"9004154",371995,2025-05-21 13:17:34,42.4595909118652,-8.89924907684326,"Female"
"9004154",371995,2025-05-21 13:23:34,42.4582939147949,-8.89469814300537,"Female"
"9004154",371995,2025-05-21 13:28:34,42.4583587646484,-8.89369583129883,"Female"
"9004154",371995,2025-05-21 13:33:49,42.4585990905762,-8.89369964599609,"Female"
"9004154",371995,2025-05-21 13:41:58,42.4588813781738,-8.89451026916504,"Female"
"9004154",371995,2025-05-21 13:47:21,42.4582214355469,-8.89358329772949,"Female"
"9004154",371995,2025-05-21 13:52:29,42.4580841064453,-8.89272212982178,"Female"
"9004154",371995,2025-05-21 13:57:29,42.4578704833984,-8.89257526397705,"Female"
"9004154",371995,2025-05-21 14:02:28,42.4565696716309,-8.89161586761475,"Female"
"9004154",371995,2025-05-21 14:07:28,42.4566116333008,-8.89167594909668,"Female"
"9004154",371995,2025-05-21 14:12:28,42.4565963745117,-8.89163684844971,"Female"
"9004154",371995,2025-05-21 14:17:28,42.4566040039062,-8.8917121887207,"Female"
"9004154",371995,2025-05-21 14:22:28,42.4565963745117,-8.89168834686279,"Female"
"9004154",371995,2025-05-21 14:27:28,42.4565773010254,-8.89168071746826,"Female"
"9004154",371995,2025-05-21 14:32:28,42.4567031860352,-8.8916540145874,"Female"
"9004154",371995,2025-05-21 14:37:29,42.4566345214844,-8.89168548583984,"Female"
"9004154",371995,2025-05-21 14:42:29,42.4566307067871,-8.89169406890869,"Female"
"9004154",371995,2025-05-21 14:47:29,42.4566040039062,-8.89171504974365,"Female"
"9004154",371995,2025-05-21 14:52:28,42.4566230773926,-8.89168453216553,"Female"
"9004154",371995,2025-05-21 14:57:29,42.456657409668,-8.89172267913818,"Female"
"9004154",371995,2025-05-21 15:02:28,42.4567031860352,-8.89168834686279,"Female"
"9004154",371995,2025-05-21 15:07:28,42.4567108154297,-8.89169120788574,"Female"
"9004154",371995,2025-05-21 15:12:28,42.4566535949707,-8.89162826538086,"Female"
"9004154",371995,2025-05-21 15:17:28,42.4566993713379,-8.89172077178955,"Female"
"9004154",371995,2025-05-21 15:22:28,42.4567184448242,-8.8917293548584,"Female"
"9004154",371995,2025-05-21 15:27:28,42.4566879272461,-8.89173698425293,"Female"
"9004154",371995,2025-05-21 15:32:28,42.4566612243652,-8.8917064666748,"Female"
"9004154",371995,2025-05-21 15:37:28,42.4566345214844,-8.89166641235352,"Female"
"9004154",371995,2025-05-21 15:42:28,42.4567565917969,-8.89177799224854,"Female"
"9004154",371995,2025-05-21 15:47:56,42.4568405151367,-8.8895435333252,"Female"
"9004154",371995,2025-05-21 15:52:55,42.4563064575195,-8.88850402832031,"Female"
"9004154",371995,2025-05-21 16:03:45,42.4552307128906,-8.88517475128174,"Female"
"9004154",371995,2025-05-21 16:08:47,42.4545135498047,-8.887282371521,"Female"
"9004154",371995,2025-05-21 16:13:39,42.4540214538574,-8.88612747192383,"Female"
"9004154",371995,2025-05-21 16:18:39,42.4541397094727,-8.88688564300537,"Female"
"9004154",371995,2025-05-21 16:23:39,42.4553604125977,-8.88729858398438,"Female"
"9004154",371995,2025-05-21 16:28:57,42.4552612304688,-8.88830471038818,"Female"
"9004154",371995,2025-05-21 16:35:20,42.4539184570312,-8.88852691650391,"Female"
"9004154",371995,2025-05-21 16:40:20,42.4537811279297,-8.88649749755859,"Female"
"9004154",371995,2025-05-21 16:45:20,42.4526214599609,-8.88630867004395,"Female"
"9004154",371995,2025-05-21 16:50:32,42.451343536377,-8.88465404510498,"Female"
"9004154",371995,2025-05-21 16:55:42,42.4513244628906,-8.88344955444336,"Female"
"9004154",371995,2025-05-21 17:00:39,42.4503860473633,-8.88165855407715,"Female"
"9004154",371995,2025-05-21 17:14:23,42.4473991394043,-8.88003349304199,"Female"
"9004154",371995,2025-05-21 17:19:28,42.4488220214844,-8.87988090515137,"Female"
"9004154",371995,2025-05-21 17:27:49,42.4469184875488,-8.87948226928711,"Female"
"9004154",371995,2025-05-21 17:32:53,42.4471092224121,-8.87800216674805,"Female"
"9004154",371995,2025-05-21 17:37:49,42.4471778869629,-8.87907409667969,"Female"
"9004154",371995,2025-05-21 17:42:50,42.4504432678223,-8.88106727600098,"Female"
"9004154",371995,2025-05-21 17:47:49,42.4510803222656,-8.88142871856689,"Female"
"9004154",371995,2025-05-21 17:52:49,42.4502792358398,-8.88138389587402,"Female"
"9004154",371995,2025-05-21 17:57:49,42.4493980407715,-8.88139057159424,"Female"
"9004154",371995,2025-05-21 18:02:49,42.4492073059082,-8.88082885742188,"Female"
"9004154",371995,2025-05-21 18:07:49,42.4504699707031,-8.88198471069336,"Female"
"9004154",371995,2025-05-21 18:12:50,42.4490051269531,-8.8816967010498,"Female"
"9004154",371995,2025-05-21 18:17:50,42.4482688903809,-8.88016319274902,"Female"
"9004154",371995,2025-05-21 18:22:52,42.451473236084,-8.88215923309326,"Female"
"9004154",371995,2025-05-21 18:27:51,42.4504585266113,-8.88108921051025,"Female"
"9004154",371995,2025-05-21 18:33:03,42.4512672424316,-8.88130474090576,"Female"
"9004154",371995,2025-05-21 18:38:03,42.4496040344238,-8.88098812103271,"Female"
"9004154",371995,2025-05-21 18:43:03,42.4485473632812,-8.87975597381592,"Female"
"9004154",371995,2025-05-21 18:49:11,42.4512519836426,-8.88326168060303,"Female"
"9004154",371995,2025-05-21 18:56:12,42.4522171020508,-8.88114929199219,"Female"
"9004154",371995,2025-05-21 19:01:01,42.4525451660156,-8.88281726837158,"Female"
"9004154",371995,2025-05-21 19:06:39,42.4504318237305,-8.88259601593018,"Female"
"9004154",371995,2025-05-21 19:11:57,42.4498252868652,-8.88081741333008,"Female"
"9004154",371995,2025-05-21 19:17:44,42.4520454406738,-8.88120651245117,"Female"
"9004154",371995,2025-05-21 19:23:20,42.4535636901855,-8.88350772857666,"Female"
"9004154",371995,2025-05-21 19:29:21,42.4550476074219,-8.88458442687988,"Female"
"9004154",371995,2025-05-21 19:34:36,42.4555206298828,-8.88650703430176,"Female"
"9004154",371995,2025-05-21 19:39:38,42.4560470581055,-8.88567447662354,"Female"
"9004154",371995,2025-05-21 19:45:18,42.4552230834961,-8.88464736938477,"Female"
"9004154",371995,2025-05-21 19:50:27,42.4539794921875,-8.88361167907715,"Female"
"9004154",371995,2025-05-21 19:55:27,42.4231033325195,-8.87711811065674,"Female"
"9004154",371995,2025-05-21 20:00:33,42.4223976135254,-8.87837886810303,"Female"
"9004154",371995,2025-05-21 20:05:30,42.4236183166504,-8.87713241577148,"Female"
"9004154",371995,2025-05-21 20:10:28,42.4235343933105,-8.87782669067383,"Female"
"9004154",371995,2025-05-21 20:15:27,42.4227409362793,-8.87765789031982,"Female"
"9004154",371995,2025-05-21 20:20:26,42.4228324890137,-8.8777379989624,"Female"
"9004154",371995,2025-05-21 20:25:26,42.4229164123535,-8.87785243988037,"Female"
"9004154",371995,2025-05-21 20:30:33,42.4231147766113,-8.87873554229736,"Female"
"9004154",371995,2025-05-21 20:35:27,42.4230995178223,-8.87888813018799,"Female"
"9004154",371995,2025-05-21 20:40:26,42.4229278564453,-8.87901306152344,"Female"
"9004154",371995,2025-05-21 20:45:35,42.4231033325195,-8.87871837615967,"Female"
"9004154",371995,2025-05-21 20:50:44,42.4231300354004,-8.87873840332031,"Female"
"9004154",371995,2025-05-21 20:55:27,42.4231224060059,-8.87870788574219,"Female"
"9004154",371995,2025-05-21 21:00:43,42.4230155944824,-8.87866401672363,"Female"
"9004154",371995,2025-05-21 21:05:26,42.4225540161133,-8.8792667388916,"Female"
"9004154",371995,2025-05-21 21:10:26,42.4225044250488,-8.87919616699219,"Female"
"9004154",371995,2025-05-21 21:15:29,42.4229850769043,-8.87761211395264,"Female"
"9004154",371995,2025-05-21 21:20:28,42.4223442077637,-8.87533378601074,"Female"
"9004154",371995,2025-05-21 21:25:28,42.4234962463379,-8.87892436981201,"Female"
"9004154",371995,2025-05-21 21:30:29,42.4234428405762,-8.87896919250488,"Female"
"9004154",371995,2025-05-21 21:35:30,42.4218139648438,-8.87908267974854,"Female"
"9004154",371995,2025-05-21 21:40:31,42.423095703125,-8.87834167480469,"Female"
"9004154",371995,2025-05-21 21:45:38,42.4229202270508,-8.87819862365723,"Female"
"9004154",371995,2025-05-21 21:50:27,42.4229507446289,-8.87835502624512,"Female"
"9004154",371995,2025-05-21 21:55:27,42.4218673706055,-8.87904644012451,"Female"
"9004154",371995,2025-05-21 22:00:26,42.4223175048828,-8.87868022918701,"Female"
"9004154",371995,2025-05-21 22:05:27,42.4223327636719,-8.87856960296631,"Female"
"9004154",371995,2025-05-21 22:10:27,42.4224700927734,-8.87852478027344,"Female"
"9004154",371995,2025-05-21 22:15:27,42.4224624633789,-8.87838077545166,"Female"
"9004154",371995,2025-05-21 22:20:26,42.4225234985352,-8.87834358215332,"Female"
"9004154",371995,2025-05-21 22:25:26,42.4224662780762,-8.87827205657959,"Female"
"9004154",371995,2025-05-21 22:30:33,42.4227294921875,-8.87814903259277,"Female"
"9004154",371995,2025-05-21 22:35:29,42.4224281311035,-8.87824058532715,"Female"
"9004154",371995,2025-05-21 22:40:34,42.4225730895996,-8.87809181213379,"Female"
"9004154",371995,2025-05-21 22:45:26,42.4225273132324,-8.87828350067139,"Female"
"9004154",371995,2025-05-21 22:50:26,42.4225158691406,-8.87824535369873,"Female"
"9004154",371995,2025-05-21 22:55:26,42.4225769042969,-8.87825679779053,"Female"
"9004154",371995,2025-05-21 23:00:26,42.4225044250488,-8.87828826904297,"Female"
"9004154",371995,2025-05-21 23:05:26,42.4225540161133,-8.8782377243042,"Female"
"9004154",371995,2025-05-21 23:10:26,42.4224739074707,-8.8782844543457,"Female"
"9004154",371995,2025-05-21 23:15:26,42.4225692749023,-8.8781852722168,"Female"
"9004154",371995,2025-05-21 23:20:28,42.4226036071777,-8.87813186645508,"Female"
"9004154",371995,2025-05-21 23:25:27,42.4228858947754,-8.87791156768799,"Female"
"9004154",371995,2025-05-21 23:30:44,42.4229507446289,-8.87780094146729,"Female"
"9004154",371995,2025-05-21 23:35:37,42.4236450195312,-8.87755966186523,"Female"
"9004154",371995,2025-05-21 23:40:43,42.4235000610352,-8.87772941589355,"Female"
"9004154",371995,2025-05-21 23:45:35,42.4232788085938,-8.87777614593506,"Female"
"9004154",371995,2025-05-21 23:50:34,42.4232788085938,-8.8778190612793,"Female"
"9004154",371995,2025-05-21 23:55:28,42.4235076904297,-8.87729644775391,"Female"
"9004154",371995,2025-05-22 00:00:27,42.4235000610352,-8.87750244140625,"Female"
"9004154",371995,2025-05-22 00:05:27,42.4237060546875,-8.87796783447266,"Female"
"9004154",371995,2025-05-22 00:10:26,42.4232749938965,-8.87808322906494,"Female"
"9004154",371995,2025-05-22 00:15:26,42.4233360290527,-8.87811088562012,"Female"
"9004154",371995,2025-05-22 00:20:26,42.4231605529785,-8.87814998626709,"Female"
"9004154",371995,2025-05-22 00:25:26,42.4230346679688,-8.87819862365723,"Female"
"9004154",371995,2025-05-22 00:30:26,42.4233703613281,-8.87816524505615,"Female"
"9004154",371995,2025-05-22 00:35:26,42.4234275817871,-8.87815189361572,"Female"
"9004154",371995,2025-05-22 00:40:26,42.4233627319336,-8.87824630737305,"Female"
"9004154",371995,2025-05-22 00:45:26,42.4233283996582,-8.8782377243042,"Female"
"9004154",371995,2025-05-22 00:50:26,42.4232788085938,-8.87827968597412,"Female"
"9004154",371995,2025-05-22 00:55:29,42.4233245849609,-8.87816619873047,"Female"
"9004154",371995,2025-05-22 01:00:27,42.4231986999512,-8.87834453582764,"Female"
"9004154",371995,2025-05-22 01:05:27,42.422908782959,-8.87819957733154,"Female"
"9004154",371995,2025-05-22 01:10:27,42.4228630065918,-8.87864685058594,"Female"
"9004154",371995,2025-05-22 01:15:36,42.4233055114746,-8.8783130645752,"Female"
"9004154",371995,2025-05-22 01:20:44,42.4232406616211,-8.87847805023193,"Female"
"9004154",371995,2025-05-22 01:25:26,42.4229850769043,-8.87821006774902,"Female"
"9004154",371995,2025-05-22 01:30:27,42.4228744506836,-8.87827968597412,"Female"
"9004154",371995,2025-05-22 01:35:26,42.4229927062988,-8.87844467163086,"Female"
"9004154",371995,2025-05-22 01:40:26,42.422924041748,-8.87836933135986,"Female"
"9004154",371995,2025-05-22 01:45:33,42.4232864379883,-8.87806606292725,"Female"
"9004154",371995,2025-05-22 01:50:30,42.4232139587402,-8.87844276428223,"Female"
"9004154",371995,2025-05-22 01:55:45,42.4236831665039,-8.87804698944092,"Female"
"9004154",371995,2025-05-22 02:00:27,42.4215774536133,-8.87822818756104,"Female"
"9004154",371995,2025-05-22 02:05:28,42.4226303100586,-8.87819194793701,"Female"
"9004154",371995,2025-05-22 02:10:29,42.4227600097656,-8.87802314758301,"Female"
"9004154",371995,2025-05-22 02:15:30,42.4228820800781,-8.87821960449219,"Female"
"9004154",371995,2025-05-22 02:20:28,42.4228820800781,-8.87820339202881,"Female"
"9004154",371995,2025-05-22 02:25:30,42.4227981567383,-8.87815189361572,"Female"
"9004154",371995,2025-05-22 02:30:26,42.4228248596191,-8.87840461730957,"Female"
"9004154",371995,2025-05-22 02:35:26,42.4230461120605,-8.87820720672607,"Female"
"9004154",371995,2025-05-22 02:40:27,42.4224891662598,-8.87882614135742,"Female"
"9004154",371995,2025-05-22 02:45:36,42.4225425720215,-8.87875747680664,"Female"
"9004154",371995,2025-05-22 02:50:28,42.4227867126465,-8.88115310668945,"Female"
"9004154",371995,2025-05-22 02:55:36,42.4223213195801,-8.87788963317871,"Female"
"9004154",371995,2025-05-22 03:00:28,42.4225654602051,-8.87975406646729,"Female"
"9004154",371995,2025-05-22 03:05:27,42.4227600097656,-8.87883472442627,"Female"
"9004154",371995,2025-05-22 03:10:35,42.4228973388672,-8.87849426269531,"Female"
"9004154",371995,2025-05-22 03:15:27,42.4227600097656,-8.87851428985596,"Female"
"9004154",371995,2025-05-22 03:20:34,42.4229698181152,-8.87854480743408,"Female"
"9004154",371995,2025-05-22 03:25:27,42.4230842590332,-8.87852382659912,"Female"
"9004154",371995,2025-05-22 03:30:43,42.4229545593262,-8.8783655166626,"Female"
"9004154",371995,2025-05-22 03:35:30,42.4228515625,-8.87857246398926,"Female"
"9004154",371995,2025-05-22 03:40:34,42.4229583740234,-8.87835884094238,"Female"
"9004154",371995,2025-05-22 03:45:30,42.4231109619141,-8.87846851348877,"Female"
"9004154",371995,2025-05-22 03:50:26,42.4231300354004,-8.87839698791504,"Female"
"9004154",371995,2025-05-22 03:55:30,42.4229888916016,-8.87837505340576,"Female"
"9004154",371995,2025-05-22 04:00:30,42.4226608276367,-8.87844848632812,"Female"
"9004154",371995,2025-05-22 04:05:26,42.4230766296387,-8.87842178344727,"Female"
"9004154",371995,2025-05-22 04:10:27,42.4230041503906,-8.87849426269531,"Female"
"9004154",371995,2025-05-22 04:15:26,42.4229354858398,-8.87848472595215,"Female"
"9004154",371995,2025-05-22 04:20:26,42.4230461120605,-8.87838745117188,"Female"
"9004154",371995,2025-05-22 04:25:27,42.4230499267578,-8.87837696075439,"Female"
"9004154",371995,2025-05-22 04:30:29,42.423168182373,-8.87851333618164,"Female"
"9004154",371995,2025-05-22 04:35:26,42.4230804443359,-8.87842464447021,"Female"
"9004154",371995,2025-05-22 04:40:29,42.4231643676758,-8.87845802307129,"Female"
"9004154",371995,2025-05-22 04:45:30,42.4233665466309,-8.87831401824951,"Female"
"9004154",371995,2025-05-22 04:50:28,42.4234313964844,-8.87845802307129,"Female"
"9004154",371995,2025-05-22 04:55:29,42.422779083252,-8.87865734100342,"Female"
"9004154",371995,2025-05-22 05:00:26,42.4227714538574,-8.87867546081543,"Female"
"9004154",371995,2025-05-22 05:05:28,42.422721862793,-8.878662109375,"Female"
"9004154",371995,2025-05-22 05:10:27,42.4226608276367,-8.87896728515625,"Female"
"9004154",371995,2025-05-22 05:15:27,42.4228096008301,-8.87860202789307,"Female"
"9004154",371995,2025-05-22 05:20:27,42.4229202270508,-8.87828540802002,"Female"
"9004154",371995,2025-05-22 05:25:26,42.4230079650879,-8.87852001190186,"Female"
"9004154",371995,2025-05-22 05:30:27,42.4229774475098,-8.87736988067627,"Female"
"9004154",371995,2025-05-22 05:35:26,42.4323921203613,-8.87875270843506,"Female"
"9004154",371995,2025-05-22 05:41:08,42.4396514892578,-8.87521648406982,"Female"
"9004154",371995,2025-05-22 05:46:08,42.4404602050781,-8.87468910217285,"Female"
"9004154",371995,2025-05-22 05:51:31,42.4420204162598,-8.87529754638672,"Female"
"9004154",371995,2025-05-22 05:58:59,42.4435844421387,-8.87645244598389,"Female"
"9004154",371995,2025-05-22 06:04:15,42.4433631896973,-8.87740325927734,"Female"
"9004154",371995,2025-05-22 06:09:14,42.4446563720703,-8.87664890289307,"Female"
"9004154",371995,2025-05-22 06:14:14,42.4453659057617,-8.87719345092773,"Female"
"9004154",371995,2025-05-22 06:19:14,42.445987701416,-8.87789249420166,"Female"
"9004154",371995,2025-05-22 06:24:14,42.4446029663086,-8.87759685516357,"Female"
"9004154",371995,2025-05-22 06:30:05,42.444263458252,-8.87845611572266,"Female"
"9004154",371995,2025-05-22 06:35:11,42.4421424865723,-8.87742328643799,"Female"
"9004154",371995,2025-05-22 06:40:12,42.4377632141113,-8.8774242401123,"Female"
"9004154",371995,2025-05-22 06:45:10,42.4374694824219,-8.87771034240723,"Female"
"9004154",371995,2025-05-22 06:50:10,42.4377250671387,-8.87740707397461,"Female"
"9004154",371995,2025-05-22 06:55:11,42.4376678466797,-8.87720108032227,"Female"
"9004154",371995,2025-05-22 07:00:11,42.4374694824219,-8.87739562988281,"Female"
"9004154",371995,2025-05-22 07:05:11,42.4376907348633,-8.87732982635498,"Female"
"9004154",371995,2025-05-22 07:10:11,42.4372367858887,-8.87754726409912,"Female"
"9004154",371995,2025-05-22 07:15:10,42.4375915527344,-8.87742805480957,"Female"
"9004154",371995,2025-05-22 07:20:10,42.4376068115234,-8.87735748291016,"Female"
"9004154",371995,2025-05-22 07:25:10,42.4373588562012,-8.87765216827393,"Female"
"9004154",371995,2025-05-22 07:30:10,42.4371490478516,-8.87780475616455,"Female"
"9004154",371995,2025-05-22 07:35:10,42.4372711181641,-8.877610206604,"Female"
"9004154",371995,2025-05-22 07:40:10,42.4372215270996,-8.87761783599854,"Female"
"9004154",371995,2025-05-22 07:45:10,42.4374160766602,-8.87747001647949,"Female"
"9004154",371995,2025-05-22 07:50:10,42.4373550415039,-8.87744903564453,"Female"
"9004154",371995,2025-05-22 07:55:10,42.4375267028809,-8.87737560272217,"Female"
"9004154",371995,2025-05-22 08:01:00,42.4441986083984,-8.87595176696777,"Female"
"9004154",371995,2025-05-22 08:06:32,42.4461250305176,-8.87774085998535,"Female"
"9004154",371995,2025-05-22 08:14:33,42.445743560791,-8.87908458709717,"Female"
"9004154",371995,2025-05-22 08:20:35,42.4466247558594,-8.87861824035645,"Female"
"9004154",371995,2025-05-22 08:26:14,42.4469146728516,-8.8783130645752,"Female"
"9004154",371995,2025-05-22 08:31:02,42.4463348388672,-8.87967300415039,"Female"
"9004154",371995,2025-05-22 08:35:47,42.4457740783691,-8.8798360824585,"Female"
"9004154",371995,2025-05-22 08:40:52,42.4451942443848,-8.8785982131958,"Female"
"9004154",371995,2025-05-22 08:46:43,42.4463233947754,-8.87864685058594,"Female"
"9004154",371995,2025-05-22 08:52:26,42.4481735229492,-8.88009262084961,"Female"
"9004154",371995,2025-05-22 08:57:28,42.4491844177246,-8.8815746307373,"Female"
"9004154",371995,2025-05-22 09:02:31,42.4508514404297,-8.88083457946777,"Female"
"9004154",371995,2025-05-22 09:07:21,42.4509468078613,-8.88175582885742,"Female"
"9004154",371995,2025-05-22 09:12:28,42.4516296386719,-8.88369083404541,"Female"
"9004154",371995,2025-05-22 09:17:22,42.4497299194336,-8.88285160064697,"Female"
"9004154",371995,2025-05-22 09:23:56,42.4454574584961,-8.87693786621094,"Female"
"9004154",371995,2025-05-22 09:29:12,42.4441337585449,-8.87672233581543,"Female"
"9004154",371995,2025-05-22 09:34:06,42.4423675537109,-8.8765344619751,"Female"
"9004154",371995,2025-05-22 09:39:06,42.4410171508789,-8.87546539306641,"Female"
"9004154",371995,2025-05-22 09:44:21,42.4408683776855,-8.87478828430176,"Female"
"9004154",371995,2025-05-22 09:50:59,42.4437866210938,-8.87469291687012,"Female"
"9004154",371995,2025-05-22 09:59:05,42.4468154907227,-8.87631607055664,"Female"
"9004154",371995,2025-05-22 10:03:45,42.4451141357422,-8.87748241424561,"Female"
"9004154",371995,2025-05-22 10:10:22,42.4448318481445,-8.88038444519043,"Female"
"9004154",371995,2025-05-22 10:16:40,42.4437370300293,-8.87822818756104,"Female"
"9004154",371995,2025-05-22 10:21:22,42.4429397583008,-8.87831592559814,"Female"
"9004154",371995,2025-05-22 10:26:19,42.4373779296875,-8.8775806427002,"Female"
"9004154",371995,2025-05-22 10:31:22,42.4373817443848,-8.8776388168335,"Female"
"9004154",371995,2025-05-22 10:36:22,42.4373970031738,-8.87761402130127,"Female"
"9004154",371995,2025-05-22 10:41:21,42.4373741149902,-8.87757682800293,"Female"
"9004154",371995,2025-05-22 10:46:38,42.4372940063477,-8.87735462188721,"Female"
"9004154",371995,2025-05-22 10:51:30,42.4372940063477,-8.87732791900635,"Female"
"9004154",371995,2025-05-22 10:56:23,42.4372825622559,-8.87732982635498,"Female"
"9004154",371995,2025-05-22 11:01:23,42.4372062683105,-8.87712097167969,"Female"
"9004154",371995,2025-05-22 11:06:39,42.4372787475586,-8.87729358673096,"Female"
"9004154",371995,2025-05-22 11:11:35,42.4372634887695,-8.87725734710693,"Female"
"9004154",371995,2025-05-22 11:16:40,42.4373474121094,-8.87771129608154,"Female"
"9004154",371995,2025-05-22 11:21:18,42.4373168945312,-8.87768459320068,"Female"
"9004154",371995,2025-05-22 11:26:18,42.437313079834,-8.87764167785645,"Female"
"9004154",371995,2025-05-22 11:31:52,42.4449806213379,-8.87931060791016,"Female"
"9004154",371995,2025-05-22 11:37:11,42.4469451904297,-8.87765312194824,"Female"
"9004154",371995,2025-05-22 11:42:06,42.4466857910156,-8.87879371643066,"Female"
"9004154",371995,2025-05-22 11:47:14,42.4454879760742,-8.87966918945312,"Female"
"9004154",371995,2025-05-22 11:53:39,42.4435119628906,-8.87928771972656,"Female"
"9004154",371995,2025-05-22 11:58:38,42.4372406005859,-8.87736415863037,"Female"
"9004154",371995,2025-05-22 12:04:13,42.4372520446777,-8.87765312194824,"Female"
"9004154",371995,2025-05-22 12:09:15,42.437255859375,-8.8776969909668,"Female"
"9004154",371995,2025-05-22 12:14:15,42.4373474121094,-8.877685546875,"Female"
"9004154",371995,2025-05-22 12:19:15,42.4373245239258,-8.8775463104248,"Female"
"9004154",371995,2025-05-22 12:24:15,42.4374198913574,-8.8776273727417,"Female"
"9004154",371995,2025-05-22 12:29:15,42.4373168945312,-8.8776216506958,"Female"
"9004154",371995,2025-05-22 12:34:15,42.437313079834,-8.87765884399414,"Female"
"9004154",371995,2025-05-22 12:39:15,42.4373359680176,-8.8776330947876,"Female"
"9004154",371995,2025-05-22 12:44:15,42.4373626708984,-8.87758159637451,"Female"
"9004154",371995,2025-05-22 12:49:15,42.4373550415039,-8.87752151489258,"Female"
"9004154",371995,2025-05-22 12:54:15,42.4373397827148,-8.87753295898438,"Female"
"9004154",371995,2025-05-22 12:59:15,42.4372711181641,-8.87777805328369,"Female"
"9004154",371995,2025-05-22 13:04:15,42.4373817443848,-8.87738513946533,"Female"
"9004154",371995,2025-05-22 13:09:14,42.437370300293,-8.87749862670898,"Female"
"9004154",371995,2025-05-22 13:14:15,42.4373550415039,-8.87744331359863,"Female"
"9004154",371995,2025-05-22 13:19:15,42.437385559082,-8.87740612030029,"Female"
"9004154",371995,2025-05-22 13:24:15,42.4373741149902,-8.87754154205322,"Female"
"9004154",371995,2025-05-22 13:29:14,42.437370300293,-8.87746238708496,"Female"
"9004154",371995,2025-05-22 13:34:15,42.437385559082,-8.87749004364014,"Female"
"9004154",371995,2025-05-22 13:39:18,42.4452896118164,-8.87561988830566,"Female"
"9004154",371995,2025-05-22 13:44:52,42.446590423584,-8.87645435333252,"Female"
"9004154",371995,2025-05-22 13:50:10,42.4472160339355,-8.8781270980835,"Female"
"9004154",371995,2025-05-22 13:55:36,42.4480590820312,-8.87866878509521,"Female"
"9004154",371995,2025-05-22 14:00:37,42.4490013122559,-8.87860679626465,"Female"
"9004154",371995,2025-05-22 14:05:35,42.4493179321289,-8.87977695465088,"Female"
"9004154",371995,2025-05-22 14:10:39,42.4490280151367,-8.88113975524902,"Female"
"9004154",371995,2025-05-22 14:15:36,42.4507141113281,-8.88177299499512,"Female"
"9004154",371995,2025-05-22 14:20:36,42.4566993713379,-8.89182758331299,"Female"
"9004154",371995,2025-05-22 14:25:36,42.4568481445312,-8.89194011688232,"Female"
"9004154",371995,2025-05-22 14:30:36,42.4567375183105,-8.89185905456543,"Female"
"9004154",371995,2025-05-22 14:35:36,42.4567680358887,-8.89181900024414,"Female"
"9004154",371995,2025-05-22 14:40:36,42.4567947387695,-8.89184474945068,"Female"
"9004154",371995,2025-05-22 14:45:36,42.4567337036133,-8.8918514251709,"Female"
"9004154",371995,2025-05-22 14:50:36,42.4568252563477,-8.89186668395996,"Female"
"9004154",371995,2025-05-22 14:55:37,42.456485748291,-8.89180564880371,"Female"
"9004154",371995,2025-05-22 15:00:36,42.4562377929688,-8.89192390441895,"Female"
"9004154",371995,2025-05-22 15:05:36,42.456241607666,-8.89182662963867,"Female"
"9004154",371995,2025-05-22 15:10:36,42.4562149047852,-8.89189338684082,"Female"
"9004154",371995,2025-05-22 15:16:46,42.4584159851074,-8.8969202041626,"Female"
"9004154",371995,2025-05-22 15:25:07,42.4564552307129,-8.89492130279541,"Female"
"9004154",371995,2025-05-22 15:30:37,42.4588508605957,-8.89751720428467,"Female"
"9004154",371995,2025-05-22 15:42:38,42.4597129821777,-8.89756393432617,"Female"
"9004154",371995,2025-05-22 15:47:37,42.4581756591797,-8.90247058868408,"Female"
"9004154",371995,2025-05-22 15:52:37,42.4582138061523,-8.90234279632568,"Female"
"9004154",371995,2025-05-22 15:57:37,42.4581871032715,-8.90221118927002,"Female"
"9004154",371995,2025-05-22 16:02:40,42.4582061767578,-8.90237903594971,"Female"
"9004154",371995,2025-05-22 16:07:38,42.4582023620605,-8.90244483947754,"Female"
"9004154",371995,2025-05-22 16:12:38,42.4581184387207,-8.90256881713867,"Female"
"9004154",371995,2025-05-22 16:17:38,42.4581756591797,-8.90256881713867,"Female"
"9004154",371995,2025-05-22 16:22:39,42.4580841064453,-8.90213966369629,"Female"
"9004154",371995,2025-05-22 16:27:40,42.4580993652344,-8.90235900878906,"Female"
"9004154",371995,2025-05-22 16:32:55,42.4581413269043,-8.90267562866211,"Female"
"9004154",371995,2025-05-22 16:37:38,42.4581069946289,-8.90259552001953,"Female"
"9004154",371995,2025-05-22 16:43:01,42.4580459594727,-8.90290832519531,"Female"
"9004154",371995,2025-05-22 16:47:37,42.4580535888672,-8.90285968780518,"Female"
"9004154",371995,2025-05-22 16:52:37,42.460075378418,-8.90874195098877,"Female"
"9004154",371995,2025-05-22 16:57:37,42.4604835510254,-8.91057586669922,"Female"
"9004154",371995,2025-05-22 17:02:37,42.4601974487305,-8.91223239898682,"Female"
"9004154",371995,2025-05-22 17:07:47,42.4597587585449,-8.91068744659424,"Female"
"9004154",371995,2025-05-22 17:12:41,42.4602355957031,-8.9087553024292,"Female"
"9004154",371995,2025-05-22 17:17:49,42.4596900939941,-8.90697193145752,"Female"
"9004154",371995,2025-05-22 17:24:58,42.4602088928223,-8.9079065322876,"Female"
"9004154",371995,2025-05-22 17:30:11,42.4604988098145,-8.91002655029297,"Female"
"9004154",371995,2025-05-22 17:35:10,42.4605407714844,-8.90932178497314,"Female"
"9004154",371995,2025-05-22 17:41:18,42.4598121643066,-8.9086856842041,"Female"
"9004154",371995,2025-05-22 17:46:17,42.4585571289062,-8.90437984466553,"Female"
"9004154",371995,2025-05-22 17:51:17,42.4586410522461,-8.90443897247314,"Female"
"9004154",371995,2025-05-22 17:56:16,42.4586524963379,-8.90448379516602,"Female"
"9004154",371995,2025-05-22 18:02:27,42.4552040100098,-8.88735389709473,"Female"
"9004154",371995,2025-05-22 18:07:35,42.453971862793,-8.88654041290283,"Female"
"9004154",371995,2025-05-22 18:12:36,42.4527740478516,-8.88485336303711,"Female"
"9004154",371995,2025-05-22 18:17:34,42.4517784118652,-8.88395214080811,"Female"
"9004154",371995,2025-05-22 18:22:36,42.4503631591797,-8.88291263580322,"Female"
"9004154",371995,2025-05-22 18:27:36,42.4495239257812,-8.88171100616455,"Female"
"9004154",371995,2025-05-22 18:32:35,42.4491271972656,-8.88068771362305,"Female"
"9004154",371995,2025-05-22 18:38:11,42.4477653503418,-8.87905883789062,"Female"
"9004154",371995,2025-05-22 18:43:12,42.4480628967285,-8.87940692901611,"Female"
"9004154",371995,2025-05-22 18:48:11,42.4477958679199,-8.87924480438232,"Female"
"9004154",371995,2025-05-22 18:53:11,42.4469108581543,-8.87927150726318,"Female"
"9004154",371995,2025-05-22 18:58:42,42.446044921875,-8.87700176239014,"Female"
"9004154",371995,2025-05-22 19:03:11,42.4273071289062,-8.88123893737793,"Female"
"9004154",371995,2025-05-22 19:08:20,42.4228286743164,-8.8784704208374,"Female"
"9004154",371995,2025-05-22 19:13:35,42.4226493835449,-8.8783130645752,"Female"
"9004154",371995,2025-05-22 19:18:14,42.4226417541504,-8.87846946716309,"Female"
"9004154",371995,2025-05-22 19:23:11,42.4227142333984,-8.87833786010742,"Female"
"9004154",371995,2025-05-22 19:28:12,42.4227752685547,-8.87854385375977,"Female"
"9004154",371995,2025-05-22 19:33:12,42.4225387573242,-8.87854290008545,"Female"
"9004154",371995,2025-05-22 19:38:11,42.4225959777832,-8.87857627868652,"Female"
"9004154",371995,2025-05-22 19:43:35,42.4224472045898,-8.87850570678711,"Female"
"9004154",371995,2025-05-22 19:48:13,42.4225234985352,-8.87839221954346,"Female"
"9004154",371995,2025-05-22 19:53:17,42.4224586486816,-8.87845230102539,"Female"
"9004154",371995,2025-05-22 19:58:13,42.4223327636719,-8.87858295440674,"Female"
"9004154",371995,2025-05-22 20:03:12,42.4225654602051,-8.87851524353027,"Female"
"9004154",371995,2025-05-22 20:08:10,42.422721862793,-8.87850856781006,"Female"
"9004154",371995,2025-05-22 20:13:11,42.4225654602051,-8.87846374511719,"Female"
"9004154",371995,2025-05-22 20:18:11,42.4224891662598,-8.87850189208984,"Female"
"9004154",371995,2025-05-22 20:23:13,42.4227027893066,-8.87840270996094,"Female"
"9004154",371995,2025-05-22 20:28:14,42.4223861694336,-8.87841129302979,"Female"
"9004154",371995,2025-05-22 20:33:12,42.4226951599121,-8.87833118438721,"Female"
"9004154",371995,2025-05-22 20:38:19,42.42236328125,-8.87847137451172,"Female"
"9004154",371995,2025-05-22 20:43:22,42.4225120544434,-8.8784875869751,"Female"
"9004154",371995,2025-05-22 20:48:44,42.4226188659668,-8.87854099273682,"Female"
"9004154",371995,2025-05-22 20:53:10,42.4226608276367,-8.87863445281982,"Female"
"9004154",371995,2025-05-22 20:58:09,42.4225273132324,-8.87845420837402,"Female"
"9004154",371995,2025-05-22 21:03:14,42.4227104187012,-8.87852001190186,"Female"
"9004154",371995,2025-05-22 21:08:12,42.4226875305176,-8.87859153747559,"Female"
"9004154",371995,2025-05-22 21:13:11,42.4227905273438,-8.87824058532715,"Female"
"9004154",371995,2025-05-22 21:18:14,42.4223327636719,-8.87838554382324,"Female"
"9004154",371995,2025-05-22 21:23:13,42.4227066040039,-8.87860107421875,"Female"
"9004154",371995,2025-05-22 21:28:13,42.4226112365723,-8.87856483459473,"Female"
"9004154",371995,2025-05-22 21:33:21,42.4226264953613,-8.87849235534668,"Female"
"9004154",371995,2025-05-22 21:38:23,42.4226760864258,-8.87854671478271,"Female"
"9004154",371995,2025-05-22 21:43:17,42.4225540161133,-8.87845993041992,"Female"
"9004154",371995,2025-05-22 21:48:12,42.4226112365723,-8.87856292724609,"Female"
"9004154",371995,2025-05-22 21:53:12,42.422794342041,-8.87830448150635,"Female"
"9004154",371995,2025-05-22 21:58:11,42.4229545593262,-8.87828731536865,"Female"
"9004154",371995,2025-05-22 22:03:11,42.4228439331055,-8.87839412689209,"Female"
"9004154",371995,2025-05-22 22:08:10,42.4226188659668,-8.87847328186035,"Female"
"9004154",371995,2025-05-22 22:13:11,42.4227027893066,-8.87834739685059,"Female"
"9004154",371995,2025-05-22 22:18:12,42.4226341247559,-8.87840747833252,"Female"
"9004154",371995,2025-05-22 22:23:13,42.4226303100586,-8.87844657897949,"Female"
"9004154",371995,2025-05-22 22:28:19,42.4224014282227,-8.87856101989746,"Female"
"9004154",371995,2025-05-22 22:33:17,42.4227638244629,-8.87829971313477,"Female"
"9004154",371995,2025-05-22 22:38:13,42.4226760864258,-8.87840557098389,"Female"
"9004154",371995,2025-05-22 22:43:16,42.4225730895996,-8.87803840637207,"Female"
"9004154",371995,2025-05-22 22:48:17,42.4223861694336,-8.87813758850098,"Female"
"9004154",371995,2025-05-22 22:53:44,42.4225654602051,-8.87830352783203,"Female"
"9004154",371995,2025-05-22 22:58:13,42.4226264953613,-8.87843227386475,"Female"
"9004154",371995,2025-05-22 23:03:13,42.4226226806641,-8.87847423553467,"Female"
"9004154",371995,2025-05-22 23:08:11,42.4225845336914,-8.87837696075439,"Female"
"9004154",371995,2025-05-22 23:13:15,42.4224548339844,-8.87841796875,"Female"
"9004154",371995,2025-05-22 23:18:10,42.4226341247559,-8.87838554382324,"Female"
"9004154",371995,2025-05-22 23:23:11,42.4225578308105,-8.87851810455322,"Female"
"9004154",371995,2025-05-22 23:28:11,42.4225311279297,-8.87848472595215,"Female"
"9004154",371995,2025-05-22 23:33:09,42.4225959777832,-8.87852668762207,"Female"
"9004154",371995,2025-05-22 23:38:08,42.4226417541504,-8.87840843200684,"Female"
"9004154",371995,2025-05-22 23:43:10,42.4225845336914,-8.87837982177734,"Female"
"9004154",371995,2025-05-22 23:49:05,42.4226150512695,-8.87844467163086,"Female"
"9004154",371995,2025-05-22 23:53:08,42.4226951599121,-8.87842750549316,"Female"
"9004154",371995,2025-05-22 23:58:08,42.422664642334,-8.87839794158936,"Female"
"9004154",371995,2025-05-23 00:03:11,42.4226188659668,-8.87843990325928,"Female"
"9004154",371995,2025-05-23 00:08:11,42.4226684570312,-8.87841129302979,"Female"
"9004154",371995,2025-05-23 00:13:08,42.4226188659668,-8.87844276428223,"Female"
"9004154",371995,2025-05-23 00:18:09,42.4226570129395,-8.8784351348877,"Female"
"9004154",371995,2025-05-23 00:23:09,42.4226150512695,-8.87843894958496,"Female"
"9004154",371995,2025-05-23 00:28:08,42.4226150512695,-8.8784294128418,"Female"
"9004154",371995,2025-05-23 00:33:08,42.4225425720215,-8.87850189208984,"Female"
"9004154",371995,2025-05-23 00:38:09,42.422679901123,-8.87847900390625,"Female"
"9004154",371995,2025-05-23 00:43:08,42.4226608276367,-8.87836456298828,"Female"
"9004154",371995,2025-05-23 00:48:09,42.4226226806641,-8.87837696075439,"Female"
"9004154",371995,2025-05-23 00:53:09,42.4225273132324,-8.87838935852051,"Female"
"9004154",371995,2025-05-23 00:58:11,42.4226760864258,-8.87841415405273,"Female"
"9004154",371995,2025-05-23 01:03:17,42.4225807189941,-8.87840175628662,"Female"
"9004154",371995,2025-05-23 01:08:16,42.4226989746094,-8.8784294128418,"Female"
"9004154",371995,2025-05-23 01:13:16,42.422534942627,-8.87837314605713,"Female"
"9004154",371995,2025-05-23 01:18:15,42.4228439331055,-8.87844371795654,"Female"
"9004154",371995,2025-05-23 01:23:23,42.4225540161133,-8.87839031219482,"Female"
"9004154",371995,2025-05-23 01:28:18,42.4234924316406,-8.87863922119141,"Female"
"9004154",371995,2025-05-23 01:33:15,42.4228286743164,-8.87845706939697,"Female"
"9004154",371995,2025-05-23 01:38:44,42.4227027893066,-8.87841892242432,"Female"
"9004154",371995,2025-05-23 01:43:11,42.422779083252,-8.87840461730957,"Female"
"9004154",371995,2025-05-23 01:48:11,42.423038482666,-8.87834358215332,"Female"
"9004154",371995,2025-05-23 01:53:11,42.4227752685547,-8.87835025787354,"Female"
"9004154",371995,2025-05-23 01:58:09,42.422737121582,-8.87841129302979,"Female"
"9004154",371995,2025-05-23 02:03:08,42.4226989746094,-8.87844467163086,"Female"
"9004154",371995,2025-05-23 02:08:08,42.4228363037109,-8.87838172912598,"Female"
"9004154",371995,2025-05-23 02:13:08,42.4227523803711,-8.87845325469971,"Female"
"9004154",371995,2025-05-23 02:18:10,42.4228248596191,-8.87844181060791,"Female"
"9004154",371995,2025-05-23 02:23:11,42.4225692749023,-8.87837028503418,"Female"
"9004154",371995,2025-05-23 02:28:13,42.4226150512695,-8.87841892242432,"Female"
"9004154",371995,2025-05-23 02:33:18,42.422737121582,-8.8784122467041,"Female"
"9004154",371995,2025-05-23 02:38:18,42.4226531982422,-8.87843418121338,"Female"
"9004154",371995,2025-05-23 02:43:09,42.4226226806641,-8.87849617004395,"Female"
"9004154",371995,2025-05-23 02:48:18,42.4226684570312,-8.87843227386475,"Female"
"9004154",371995,2025-05-23 02:53:12,42.4225769042969,-8.8784761428833,"Female"
"9004154",371995,2025-05-23 02:58:18,42.4227523803711,-8.8784351348877,"Female"
"9004154",371995,2025-05-23 03:03:17,42.4225692749023,-8.87845611572266,"Female"
"9004154",371995,2025-05-23 03:08:34,42.4228363037109,-8.87835884094238,"Female"
"9004154",371995,2025-05-23 03:13:09,42.4228477478027,-8.87827682495117,"Female"
"9004154",371995,2025-05-23 03:18:09,42.4228210449219,-8.87833499908447,"Female"
"9004154",371995,2025-05-23 03:23:09,42.4225997924805,-8.8782320022583,"Female"
"9004154",371995,2025-05-23 03:28:09,42.4227027893066,-8.87838745117188,"Female"
"9004154",371995,2025-05-23 03:33:09,42.422607421875,-8.87830448150635,"Female"
"9004154",371995,2025-05-23 03:38:09,42.422550201416,-8.87827682495117,"Female"
"9004154",371995,2025-05-23 03:43:09,42.4226875305176,-8.87833404541016,"Female"
"9004154",371995,2025-05-23 03:48:13,42.4228820800781,-8.87851142883301,"Female"
"9004154",371995,2025-05-23 03:53:18,42.4228286743164,-8.87849521636963,"Female"
"9004154",371995,2025-05-23 03:58:44,42.4229698181152,-8.87854671478271,"Female"
"9004154",371995,2025-05-23 04:03:09,42.4228858947754,-8.87850761413574,"Female"
"9004154",371995,2025-05-23 04:08:11,42.423095703125,-8.87879371643066,"Female"
"9004154",371995,2025-05-23 04:13:11,42.4239196777344,-8.87966251373291,"Female"
"9004154",371995,2025-05-23 04:18:12,42.421459197998,-8.87743091583252,"Female"
"9004154",371995,2025-05-23 04:23:11,42.4216957092285,-8.87757205963135,"Female"
"9004154",371995,2025-05-23 04:28:10,42.4217414855957,-8.8776216506958,"Female"
"9004154",371995,2025-05-23 04:33:09,42.4221343994141,-8.87790012359619,"Female"
"9004154",371995,2025-05-23 04:38:09,42.4222221374512,-8.8785343170166,"Female"
"9004154",371995,2025-05-23 04:43:11,42.4225654602051,-8.87863159179688,"Female"
"9004154",371995,2025-05-23 04:48:12,42.4225006103516,-8.87854671478271,"Female"
"9004154",371995,2025-05-23 04:53:11,42.4227447509766,-8.87876033782959,"Female"
"9004154",371995,2025-05-23 04:58:12,42.4228210449219,-8.87891387939453,"Female"
"9004154",371995,2025-05-23 05:03:13,42.422420501709,-8.87864398956299,"Female"
"9004154",371995,2025-05-23 05:08:12,42.4223861694336,-8.87864017486572,"Female"
"9004154",371995,2025-05-23 05:13:09,42.4225807189941,-8.8787956237793,"Female"
"9004154",371995,2025-05-23 05:18:09,42.4225807189941,-8.87867259979248,"Female"
"9004154",371995,2025-05-23 05:23:10,42.4226341247559,-8.87750434875488,"Female"
"9004154",371995,2025-05-23 05:28:09,42.4226913452148,-8.8783712387085,"Female"
"9004154",371995,2025-05-23 05:33:09,42.4362144470215,-8.87705135345459,"Female"
"9004154",371995,2025-05-23 05:38:36,42.4410171508789,-8.875,"Female"
"9004154",371995,2025-05-23 05:45:03,42.4406623840332,-8.87586879730225,"Female"
"9004154",371995,2025-05-23 05:49:55,42.4398193359375,-8.87553215026855,"Female"
"9004154",371995,2025-05-23 05:55:53,42.4397239685059,-8.87457942962646,"Female"
"9004154",371995,2025-05-23 06:00:51,42.4394073486328,-8.87529945373535,"Female"
"9004154",371995,2025-05-23 06:05:51,42.4373779296875,-8.87784671783447,"Female"
"9004154",371995,2025-05-23 06:10:54,42.4372367858887,-8.87782764434814,"Female"
"9004154",371995,2025-05-23 06:15:53,42.4367790222168,-8.87654399871826,"Female"
"9004154",371995,2025-05-23 06:20:53,42.4368782043457,-8.87632083892822,"Female"
"9004154",371995,2025-05-23 06:25:52,42.4377059936523,-8.87840938568115,"Female"
"9004154",371995,2025-05-23 06:30:53,42.4371070861816,-8.87671852111816,"Female"
"9004154",371995,2025-05-23 06:35:58,42.4365348815918,-8.87742614746094,"Female"
"9004154",371995,2025-05-23 06:40:53,42.4377937316895,-8.87855625152588,"Female"
"9004154",371995,2025-05-23 06:45:51,42.4374198913574,-8.87733745574951,"Female"
"9004154",371995,2025-05-23 06:50:51,42.437614440918,-8.87786197662354,"Female"
"9004154",371995,2025-05-23 06:55:52,42.4375267028809,-8.87797164916992,"Female"
"9004154",371995,2025-05-23 07:00:52,42.4376449584961,-8.87799167633057,"Female"
"9004154",371995,2025-05-23 07:05:51,42.4376106262207,-8.87785911560059,"Female"
"9004154",371995,2025-05-23 07:10:51,42.4375877380371,-8.87744522094727,"Female"
"9004154",371995,2025-05-23 07:15:51,42.437614440918,-8.87744331359863,"Female"
"9004154",371995,2025-05-23 07:20:51,42.437614440918,-8.87744617462158,"Female"
"9004154",371995,2025-05-23 07:25:51,42.4376220703125,-8.87745666503906,"Female"
"9004154",371995,2025-05-23 07:30:52,42.4373931884766,-8.87748241424561,"Female"
"9004154",371995,2025-05-23 07:35:52,42.4374656677246,-8.87738800048828,"Female"
"9004154",371995,2025-05-23 07:40:53,42.4375076293945,-8.87744808197021,"Female"
"9004154",371995,2025-05-23 07:45:54,42.4375839233398,-8.87767791748047,"Female"
"9004154",371995,2025-05-23 07:51:01,42.4375610351562,-8.87756824493408,"Female"
"9004154",371995,2025-05-23 07:55:52,42.4432220458984,-8.87835693359375,"Female"
"9004154",371995,2025-05-23 08:00:52,42.4431037902832,-8.87845134735107,"Female"
"9004154",371995,2025-05-23 08:05:53,42.4469261169434,-8.88007640838623,"Female"
"9004154",371995,2025-05-23 08:11:27,42.447998046875,-8.88294506072998,"Female"
"9004154",371995,2025-05-23 08:16:29,42.4496879577637,-8.88427352905273,"Female"
"9004154",371995,2025-05-23 08:21:26,42.4554328918457,-8.8892126083374,"Female"
"9004154",371995,2025-05-23 08:27:13,42.4593772888184,-8.89803314208984,"Female"
"9004154",371995,2025-05-23 08:33:27,42.4601745605469,-8.89623355865479,"Female"
"9004154",371995,2025-05-23 08:37:39,42.4600257873535,-8.89789390563965,"Female"
"9004154",371995,2025-05-23 08:42:38,42.4592971801758,-8.89808368682861,"Female"
"9004154",371995,2025-05-23 08:47:38,42.4588432312012,-8.90460586547852,"Female"
"9004154",371995,2025-05-23 08:53:05,42.4587211608887,-8.90446949005127,"Female"
"9004154",371995,2025-05-23 08:57:37,42.458683013916,-8.90447044372559,"Female"
"9004154",371995,2025-05-23 09:02:37,42.4586296081543,-8.90443992614746,"Female"
"9004154",371995,2025-05-23 09:07:37,42.4585952758789,-8.90449619293213,"Female"
"9004154",371995,2025-05-23 09:12:37,42.4586372375488,-8.90451812744141,"Female"
"9004154",371995,2025-05-23 09:18:22,42.460620880127,-8.91030120849609,"Female"
"9004154",371995,2025-05-23 09:23:19,42.4608497619629,-8.91035938262939,"Female"
"9004154",371995,2025-05-23 09:28:20,42.4605331420898,-8.91188621520996,"Female"
"9004154",371995,2025-05-23 09:33:20,42.4605865478516,-8.91368293762207,"Female"
"9004154",371995,2025-05-23 09:38:41,42.4600868225098,-8.91169166564941,"Female"
"9004154",371995,2025-05-23 09:43:47,42.4600067138672,-8.90925693511963,"Female"
"9004154",371995,2025-05-23 09:49:01,42.4601440429688,-8.91075420379639,"Female"
"9004154",371995,2025-05-23 09:57:13,42.460994720459,-8.90964317321777,"Female"
"9004154",371995,2025-05-23 10:02:09,42.460823059082,-8.91198444366455,"Female"
"9004154",371995,2025-05-23 10:07:08,42.4588241577148,-8.91201019287109,"Female"
"9004154",371995,2025-05-23 10:12:46,42.4582481384277,-8.91103839874268,"Female"
"9004154",371995,2025-05-23 10:17:47,42.458080291748,-8.90292453765869,"Female"
"9004154",371995,2025-05-23 10:22:46,42.4580574035645,-8.90301322937012,"Female"
"9004154",371995,2025-05-23 10:27:46,42.4579734802246,-8.90280342102051,"Female"
"9004154",371995,2025-05-23 10:32:46,42.4579658508301,-8.90283203125,"Female"
"9004154",371995,2025-05-23 10:37:46,42.4579963684082,-8.90285205841064,"Female"
"9004154",371995,2025-05-23 10:42:48,42.4579582214355,-8.90277767181396,"Female"
"9004154",371995,2025-05-23 10:47:47,42.4579925537109,-8.90281009674072,"Female"
"9004154",371995,2025-05-23 10:52:47,42.4579772949219,-8.90280532836914,"Female"
"9004154",371995,2025-05-23 10:57:47,42.4579658508301,-8.90272521972656,"Female"
"9004154",371995,2025-05-23 11:02:47,42.4580039978027,-8.90282344818115,"Female"
"9004154",371995,2025-05-23 11:07:47,42.4579925537109,-8.9027795791626,"Female"
"9004154",371995,2025-05-23 11:12:47,42.4579696655273,-8.90274715423584,"Female"
"9004154",371995,2025-05-23 11:17:47,42.4579887390137,-8.90271472930908,"Female"
"9004154",371995,2025-05-23 11:22:47,42.4580459594727,-8.90276336669922,"Female"
"9004154",371995,2025-05-23 11:27:47,42.4580116271973,-8.90273761749268,"Female"
"9004154",371995,2025-05-23 11:32:47,42.4580421447754,-8.90283298492432,"Female"
"9004154",371995,2025-05-23 11:37:47,42.4581146240234,-8.90279865264893,"Female"
"9004154",371995,2025-05-23 11:43:14,42.4581069946289,-8.90281009674072,"Female"
"9004154",371995,2025-05-23 11:47:47,42.4580726623535,-8.90289878845215,"Female"
"9004154",371995,2025-05-23 11:52:47,42.458122253418,-8.90282154083252,"Female"
"9004154",371995,2025-05-23 11:57:47,42.4581146240234,-8.90281009674072,"Female"
"9004154",371995,2025-05-23 12:03:18,42.4599266052246,-8.89868545532227,"Female"
"9004154",371995,2025-05-23 12:08:47,42.4593238830566,-8.89681339263916,"Female"
"9004154",371995,2025-05-23 12:13:36,42.459400177002,-8.89663600921631,"Female"
"9004154",371995,2025-05-23 12:18:36,42.4585037231445,-8.89757251739502,"Female"
"9004154",371995,2025-05-23 12:23:36,42.4583282470703,-8.90305995941162,"Female"
"9004154",371995,2025-05-23 12:28:36,42.4583320617676,-8.90296936035156,"Female"
"9004154",371995,2025-05-23 12:34:05,42.4581909179688,-8.90308094024658,"Female"
"9004154",371995,2025-05-23 12:38:35,42.4580039978027,-8.90337181091309,"Female"
"9004154",371995,2025-05-23 12:43:36,42.4580497741699,-8.90316390991211,"Female"
"9004154",371995,2025-05-23 12:48:36,42.4579467773438,-8.90315437316895,"Female"
"9004154",371995,2025-05-23 12:53:37,42.4579925537109,-8.90312099456787,"Female"
"9004154",371995,2025-05-23 12:58:36,42.4580154418945,-8.90302562713623,"Female"
"9004154",371995,2025-05-23 13:03:38,42.4579963684082,-8.90319728851318,"Female"
"9004154",371995,2025-05-23 13:08:36,42.4580268859863,-8.9031925201416,"Female"
"9004154",371995,2025-05-23 13:13:36,42.4580383300781,-8.90317440032959,"Female"
"9004154",371995,2025-05-23 13:18:36,42.4580688476562,-8.90304756164551,"Female"
"9004154",371995,2025-05-23 13:23:35,42.460075378418,-8.9094066619873,"Female"
"9004154",371995,2025-05-23 13:31:09,42.4599647521973,-8.90759754180908,"Female"
"9004154",371995,2025-05-23 13:36:05,42.4595260620117,-8.90933036804199,"Female"
"9004154",371995,2025-05-23 13:41:06,42.4580841064453,-8.90290832519531,"Female"
"9004154",371995,2025-05-23 13:46:06,42.4581642150879,-8.90295124053955,"Female"
"9004154",371995,2025-05-23 13:51:06,42.4581832885742,-8.9028959274292,"Female"
"9004154",371995,2025-05-23 13:56:06,42.4581260681152,-8.90296268463135,"Female"
"9004154",371995,2025-05-23 14:01:06,42.4580917358398,-8.90293884277344,"Female"
"9004154",371995,2025-05-23 14:06:06,42.458122253418,-8.90295886993408,"Female"
"9004154",371995,2025-05-23 14:11:06,42.4580268859863,-8.90280246734619,"Female"
"9004154",371995,2025-05-23 14:16:06,42.4579925537109,-8.90284633636475,"Female"
"9004154",371995,2025-05-23 14:21:06,42.4579544067383,-8.90288829803467,"Female"
"9004154",371995,2025-05-23 14:26:06,42.4580345153809,-8.90290641784668,"Female"
"9004154",371995,2025-05-23 14:31:06,42.4580154418945,-8.90286922454834,"Female"
"9004154",371995,2025-05-23 14:36:06,42.458065032959,-8.90288162231445,"Female"
"9004154",371995,2025-05-23 14:41:24,42.4548492431641,-8.8973913192749,"Female"
"9004154",371995,2025-05-23 14:47:22,42.4540901184082,-8.89732551574707,"Female"
"9004154",371995,2025-05-23 14:52:22,42.4540481567383,-8.89707946777344,"Female"
"9004154",371995,2025-05-23 14:57:47,42.4543647766113,-8.89901733398438,"Female"
"9004154",371995,2025-05-23 15:04:44,42.4551849365234,-8.89697551727295,"Female"
"9004154",371995,2025-05-23 15:09:42,42.4544639587402,-8.89673805236816,"Female"
"9004154",371995,2025-05-23 15:14:52,42.4540252685547,-8.89453411102295,"Female"
"9004154",371995,2025-05-23 15:20:42,42.4531364440918,-8.89165019989014,"Female"
"9004154",371995,2025-05-23 15:25:41,42.4530410766602,-8.88940238952637,"Female"
"9004154",371995,2025-05-23 15:30:41,42.4502944946289,-8.88716125488281,"Female"
"9004154",371995,2025-05-23 15:35:41,42.4564819335938,-8.89164638519287,"Female"
"9004154",371995,2025-05-23 15:40:41,42.4565811157227,-8.89168548583984,"Female"
"9004154",371995,2025-05-23 15:45:41,42.4565010070801,-8.89175224304199,"Female"
"9004154",371995,2025-05-23 15:50:41,42.4564361572266,-8.89171028137207,"Female"
"9004154",371995,2025-05-23 15:55:41,42.4564514160156,-8.89166927337646,"Female"
"9004154",371995,2025-05-23 16:00:42,42.4563484191895,-8.8915901184082,"Female"
"9004154",371995,2025-05-23 16:05:41,42.4564399719238,-8.89164257049561,"Female"
"9004154",371995,2025-05-23 16:10:42,42.4563217163086,-8.89155292510986,"Female"
"9004154",371995,2025-05-23 16:15:41,42.456428527832,-8.89164066314697,"Female"
"9004154",371995,2025-05-23 16:20:41,42.4563980102539,-8.89159774780273,"Female"
"9004154",371995,2025-05-23 16:25:42,42.4553985595703,-8.89615726470947,"Female"
"9004154",371995,2025-05-23 16:31:17,42.4569816589355,-8.89693641662598,"Female"
"9004154",371995,2025-05-23 16:36:22,42.4588851928711,-8.89782333374023,"Female"
"9004154",371995,2025-05-23 16:41:32,42.4574890136719,-8.89815425872803,"Female"
"9004154",371995,2025-05-23 16:46:33,42.4539985656738,-8.88735771179199,"Female"
"9004154",371995,2025-05-23 16:52:11,42.4526290893555,-8.88853359222412,"Female"
"9004154",371995,2025-05-23 16:57:13,42.4532127380371,-8.89080047607422,"Female"
"9004154",371995,2025-05-23 17:02:11,42.4602508544922,-8.91023635864258,"Female"
"9004154",371995,2025-05-23 17:07:11,42.4597053527832,-8.91216468811035,"Female"
"9004154",371995,2025-05-23 17:12:34,42.4582901000977,-8.90942764282227,"Female"
"9004154",371995,2025-05-23 17:17:33,42.4575729370117,-8.90730285644531,"Female"
"9004154",371995,2025-05-23 17:22:34,42.4510765075684,-8.88331699371338,"Female"
"9004154",371995,2025-05-23 17:27:51,42.4493598937988,-8.88208866119385,"Female"
"9004154",371995,2025-05-23 17:33:10,42.4482269287109,-8.880784034729,"Female"
"9004154",371995,2025-05-23 17:38:12,42.4465827941895,-8.87991714477539,"Female"
"9004154",371995,2025-05-23 17:43:11,42.4455108642578,-8.87890434265137,"Female"
"9004154",371995,2025-05-23 17:48:21,42.4443664550781,-8.87826061248779,"Female"
"9004154",371995,2025-05-23 17:53:23,42.4431838989258,-8.8775691986084,"Female"
"9004154",371995,2025-05-23 17:58:28,42.4425430297852,-8.87685966491699,"Female"
"9004154",371995,2025-05-23 18:03:30,42.4426956176758,-8.87630748748779,"Female"
"9004154",371995,2025-05-23 18:08:26,42.4429168701172,-8.87730121612549,"Female"
"9004154",371995,2025-05-23 18:13:42,42.4429740905762,-8.87654304504395,"Female"
"9004154",371995,2025-05-23 18:18:46,42.4437561035156,-8.87702083587646,"Female"
"9004154",371995,2025-05-23 18:23:52,42.4441223144531,-8.87663459777832,"Female"
"9004154",371995,2025-05-23 18:28:45,42.4449996948242,-8.87707805633545,"Female"
"9004154",371995,2025-05-23 18:33:41,42.4438972473145,-8.87700462341309,"Female"
"9004154",371995,2025-05-23 18:38:42,42.4425582885742,-8.87632465362549,"Female"
"9004154",371995,2025-05-23 18:43:47,42.4412612915039,-8.87587642669678,"Female"
"9004154",371995,2025-05-23 18:51:12,42.4402923583984,-8.87391471862793,"Female"
"9004154",371995,2025-05-23 18:56:10,42.4353256225586,-8.88157653808594,"Female"
"9004154",371995,2025-05-23 19:01:11,42.423397064209,-8.87905025482178,"Female"
"9004154",371995,2025-05-23 19:06:11,42.4231033325195,-8.87799263000488,"Female"
"9004154",371995,2025-05-23 19:11:13,42.4230041503906,-8.87830352783203,"Female"
"9004154",371995,2025-05-23 19:16:54,42.4218673706055,-8.87851238250732,"Female"
"9004154",371995,2025-05-23 19:22:06,42.4224281311035,-8.87870597839355,"Female"
"9004154",371995,2025-05-23 19:27:06,42.4224662780762,-8.8784065246582,"Female"
"9004154",371995,2025-05-23 19:32:03,42.4224472045898,-8.8784122467041,"Female"
"9004154",371995,2025-05-23 19:37:03,42.4226570129395,-8.87846374511719,"Female"
"9004154",371995,2025-05-23 19:42:09,42.4223785400391,-8.87845706939697,"Female"
"9004154",371995,2025-05-23 19:46:58,42.4232330322266,-8.87834453582764,"Female"
"9004154",371995,2025-05-23 19:51:57,42.423095703125,-8.87804985046387,"Female"
"9004154",371995,2025-05-23 19:56:57,42.4229431152344,-8.87817001342773,"Female"
"9004154",371995,2025-05-23 20:01:55,42.4229850769043,-8.87819957733154,"Female"
"9004154",371995,2025-05-23 20:06:59,42.4233207702637,-8.87807464599609,"Female"
"9004154",371995,2025-05-23 20:11:57,42.4233551025391,-8.87807083129883,"Female"
"9004154",371995,2025-05-23 20:17:00,42.4233551025391,-8.87817001342773,"Female"
"9004154",371995,2025-05-23 20:21:56,42.4233169555664,-8.87826156616211,"Female"
"9004154",371995,2025-05-23 20:26:56,42.4231643676758,-8.87823390960693,"Female"
"9004154",371995,2025-05-23 20:32:00,42.4233207702637,-8.87854671478271,"Female"
"9004154",371995,2025-05-23 20:37:14,42.4232482910156,-8.87857723236084,"Female"
"9004154",371995,2025-05-23 20:41:55,42.4235534667969,-8.87812423706055,"Female"
"9004154",371995,2025-05-23 20:46:58,42.423267364502,-8.87799644470215,"Female"
"9004154",371995,2025-05-23 20:52:00,42.4230499267578,-8.87827587127686,"Female"
"9004154",371995,2025-05-23 20:56:57,42.4234619140625,-8.87828350067139,"Female"
"9004154",371995,2025-05-23 21:01:54,42.4233856201172,-8.87843418121338,"Female"
"9004154",371995,2025-05-23 21:06:55,42.4231033325195,-8.87834930419922,"Female"
"9004154",371995,2025-05-23 21:11:56,42.4233245849609,-8.87832832336426,"Female"
"9004154",371995,2025-05-23 21:17:08,42.4229393005371,-8.87856006622314,"Female"
"9004154",371995,2025-05-23 21:22:03,42.4231834411621,-8.87865161895752,"Female"
"9004154",371995,2025-05-23 21:27:00,42.4233131408691,-8.87833881378174,"Female"
"9004154",371995,2025-05-23 21:32:05,42.422924041748,-8.8785400390625,"Female"
"9004154",371995,2025-05-23 21:37:15,42.4225082397461,-8.87861633300781,"Female"
"9004154",371995,2025-05-23 21:41:56,42.4221611022949,-8.87917518615723,"Female"
"9004154",371995,2025-05-23 21:46:55,42.4221611022949,-8.879150390625,"Female"
"9004154",371995,2025-05-23 21:51:55,42.422435760498,-8.87893676757812,"Female"
"9004154",371995,2025-05-23 21:56:54,42.4223556518555,-8.87907981872559,"Female"
"9004154",371995,2025-05-23 22:01:54,42.4223594665527,-8.87876987457275,"Female"
"9004154",371995,2025-05-23 22:06:55,42.4226303100586,-8.87868976593018,"Female"
"9004154",371995,2025-05-23 22:11:54,42.4225196838379,-8.87863540649414,"Female"
"9004154",371995,2025-05-23 22:16:55,42.4224433898926,-8.87849617004395,"Female"
"9004154",371995,2025-05-23 22:21:55,42.4225997924805,-8.87841415405273,"Female"
"9004154",371995,2025-05-23 22:26:55,42.4228858947754,-8.87783050537109,"Female"
"9004154",371995,2025-05-23 22:31:57,42.4233856201172,-8.87725067138672,"Female"
"9004154",371995,2025-05-23 22:36:56,42.4226303100586,-8.87817001342773,"Female"
"9004154",371995,2025-05-23 22:41:57,42.422679901123,-8.87810897827148,"Female"
"9004154",371995,2025-05-23 22:47:05,42.4226989746094,-8.87799072265625,"Female"
"9004154",371995,2025-05-23 22:52:00,42.422492980957,-8.87832450866699,"Female"
"9004154",371995,2025-05-23 22:56:57,42.4228172302246,-8.87776565551758,"Female"
"9004154",371995,2025-05-23 23:02:05,42.4229545593262,-8.87771606445312,"Female"
"9004154",371995,2025-05-23 23:07:01,42.4230728149414,-8.87768745422363,"Female"
"9004154",371995,2025-05-23 23:11:56,42.4230804443359,-8.87763023376465,"Female"
"9004154",371995,2025-05-23 23:17:14,42.4242134094238,-8.87741374969482,"Female"
"9004154",371995,2025-05-23 23:21:55,42.4237442016602,-8.87757301330566,"Female"
"9004154",371995,2025-05-23 23:26:55,42.4239196777344,-8.87709140777588,"Female"
"9004154",371995,2025-05-23 23:31:55,42.4237213134766,-8.87732791900635,"Female"
"9004154",371995,2025-05-23 23:36:57,42.4237213134766,-8.87736225128174,"Female"
"9004154",371995,2025-05-23 23:41:56,42.4235725402832,-8.87759113311768,"Female"
"9004154",371995,2025-05-23 23:46:58,42.4236831665039,-8.87754154205322,"Female"
"9004154",371995,2025-05-23 23:52:13,42.4238128662109,-8.87747192382812,"Female"
"9004154",371995,2025-05-23 23:56:54,42.4238510131836,-8.87753963470459,"Female"
"9004154",371995,2025-05-24 00:01:54,42.423454284668,-8.87774467468262,"Female"
"9004154",371995,2025-05-24 00:06:54,42.4235458374023,-8.87778186798096,"Female"
"9004154",371995,2025-05-24 00:11:55,42.4228897094727,-8.87736701965332,"Female"
"9004154",371995,2025-05-24 00:16:54,42.4233360290527,-8.87769603729248,"Female"
"9004154",371995,2025-05-24 00:21:55,42.4227561950684,-8.87830924987793,"Female"
"9004154",371995,2025-05-24 00:26:54,42.4234962463379,-8.87771320343018,"Female"
"9004154",371995,2025-05-24 00:31:55,42.4230575561523,-8.87774085998535,"Female"
"9004154",371995,2025-05-24 00:36:55,42.4232368469238,-8.87774276733398,"Female"
"9004154",371995,2025-05-24 00:41:56,42.4232292175293,-8.87766551971436,"Female"
"9004154",371995,2025-05-24 00:46:55,42.4233055114746,-8.87745666503906,"Female"
"9004154",371995,2025-05-24 00:51:57,42.4225120544434,-8.87756156921387,"Female"
"9004154",371995,2025-05-24 00:56:55,42.4230575561523,-8.87808513641357,"Female"
"9004154",371995,2025-05-24 01:01:56,42.4227523803711,-8.8783016204834,"Female"
"9004154",371995,2025-05-24 01:06:55,42.4221687316895,-8.87876510620117,"Female"
"9004154",371995,2025-05-24 01:11:57,42.4226760864258,-8.87805366516113,"Female"
"9004154",371995,2025-05-24 01:16:57,42.4229011535645,-8.87832069396973,"Female"
"9004154",371995,2025-05-24 01:22:14,42.4228134155273,-8.87844944000244,"Female"
"9004154",371995,2025-05-24 01:26:54,42.4226722717285,-8.87829875946045,"Female"
"9004154",371995,2025-05-24 01:31:55,42.4222717285156,-8.87856197357178,"Female"
"9004154",371995,2025-05-24 01:36:58,42.4221305847168,-8.87844848632812,"Female"
"9004154",371995,2025-05-24 01:41:54,42.4221115112305,-8.87828350067139,"Female"
"9004154",371995,2025-05-24 01:46:59,42.4225425720215,-8.87823486328125,"Female"
"9004154",371995,2025-05-24 01:52:00,42.4225234985352,-8.87814998626709,"Female"
"9004154",371995,2025-05-24 01:57:10,42.4225463867188,-8.87851524353027,"Female"
"9004154",371995,2025-05-24 02:01:55,42.4225234985352,-8.87825107574463,"Female"
"9004154",371995,2025-05-24 02:06:55,42.4218902587891,-8.8781623840332,"Female"
"9004154",371995,2025-05-24 02:11:56,42.4214553833008,-8.87790107727051,"Female"
"9004154",371995,2025-05-24 02:16:56,42.422420501709,-8.87786674499512,"Female"
"9004154",371995,2025-05-24 02:21:54,42.4219741821289,-8.87769603729248,"Female"
"9004154",371995,2025-05-24 02:26:57,42.4225769042969,-8.87747001647949,"Female"
"9004154",371995,2025-05-24 02:31:59,42.4234886169434,-8.87965202331543,"Female"
"9004154",371995,2025-05-24 02:37:01,42.4232940673828,-8.87852382659912,"Female"
"9004154",371995,2025-05-24 02:41:57,42.4231719970703,-8.88216209411621,"Female"
"9004154",371995,2025-05-24 02:46:59,42.423267364502,-8.87903690338135,"Female"
"9004154",371995,2025-05-24 02:52:00,42.4228935241699,-8.88037776947021,"Female"
"9004154",371995,2025-05-24 02:57:00,42.4233283996582,-8.8786563873291,"Female"
"9004154",371995,2025-05-24 03:01:57,42.4233703613281,-8.87860870361328,"Female"
"9004154",371995,2025-05-24 03:06:54,42.4233131408691,-8.8786506652832,"Female"
"9004154",371995,2025-05-24 03:11:56,42.4233360290527,-8.87869644165039,"Female"
"9004154",371995,2025-05-24 03:16:56,42.4233627319336,-8.87868976593018,"Female"
"9004154",371995,2025-05-24 03:21:57,42.4231414794922,-8.87859535217285,"Female"
"9004154",371995,2025-05-24 03:26:57,42.4231109619141,-8.87863445281982,"Female"
"9004154",371995,2025-05-24 03:31:59,42.4230918884277,-8.87867832183838,"Female"
"9004154",371995,2025-05-24 03:36:57,42.4232406616211,-8.87866115570068,"Female"
"9004154",371995,2025-05-24 03:41:57,42.422908782959,-8.87920665740967,"Female"
"9004154",371995,2025-05-24 03:47:14,42.4229316711426,-8.87851142883301,"Female"
"9004154",371995,2025-05-24 03:53:10,42.4223327636719,-8.87844944000244,"Female"
"9004154",371995,2025-05-24 03:57:05,42.4224433898926,-8.87843036651611,"Female"
"9004154",371995,2025-05-24 04:01:55,42.4225044250488,-8.87856674194336,"Female"
"9004154",371995,2025-05-24 04:06:57,42.4227027893066,-8.87857151031494,"Female"
"9004154",371995,2025-05-24 04:11:57,42.422248840332,-8.8783130645752,"Female"
"9004154",371995,2025-05-24 04:16:57,42.4227638244629,-8.87893676757812,"Female"
"9004154",371995,2025-05-24 04:21:54,42.4221572875977,-8.87826538085938,"Female"
"9004154",371995,2025-05-24 04:26:54,42.4225654602051,-8.87842178344727,"Female"
"9004154",371995,2025-05-24 04:31:54,42.4226150512695,-8.87841987609863,"Female"
"9004154",371995,2025-05-24 04:36:54,42.4227905273438,-8.87825393676758,"Female"
"9004154",371995,2025-05-24 04:42:03,42.4226226806641,-8.87849521636963,"Female"
"9004154",371995,2025-05-24 04:46:57,42.4226303100586,-8.87821197509766,"Female"
"9004154",371995,2025-05-24 04:52:05,42.4226684570312,-8.87847423553467,"Female"
"9004154",371995,2025-05-24 04:56:57,42.4228515625,-8.87831974029541,"Female"
"9004154",371995,2025-05-24 05:01:58,42.4225311279297,-8.87894344329834,"Female"
"9004154",371995,2025-05-24 05:06:59,42.4226531982422,-8.87924003601074,"Female"
"9004154",371995,2025-05-24 05:12:08,42.4222602844238,-8.87856769561768,"Female"
"9004154",371995,2025-05-24 05:16:54,42.4403076171875,-8.87558078765869,"Female"
"9004154",371995,2025-05-24 05:22:07,42.4416007995605,-8.87578868865967,"Female"
"9004154",371995,2025-05-24 05:27:30,42.442813873291,-8.8761157989502,"Female"
"9004154",371995,2025-05-24 05:32:30,42.4445495605469,-8.87672519683838,"Female"
"9004154",371995,2025-05-24 05:37:30,42.4441795349121,-8.87796688079834,"Female"
"9004154",371995,2025-05-24 05:42:31,42.4434013366699,-8.87878799438477,"Female"
"9004154",371995,2025-05-24 05:48:20,42.443473815918,-8.87829685211182,"Female"
"9004154",371995,2025-05-24 05:53:17,42.442741394043,-8.87716865539551,"Female"
"9004154",371995,2025-05-24 05:58:24,42.4422035217285,-8.87803840637207,"Female"
"9004154",371995,2025-05-24 06:03:17,42.4409027099609,-8.87659454345703,"Female"
"9004154",371995,2025-05-24 06:08:18,42.4366035461426,-8.8770923614502,"Female"
"9004154",371995,2025-05-24 06:13:17,42.4364547729492,-8.87703323364258,"Female"
"9004154",371995,2025-05-24 06:18:24,42.4371147155762,-8.87795829772949,"Female"
"9004154",371995,2025-05-24 06:23:18,42.4369354248047,-8.87771987915039,"Female"
"9004154",371995,2025-05-24 06:28:24,42.4371109008789,-8.87792110443115,"Female"
"9004154",371995,2025-05-24 06:33:19,42.4370918273926,-8.87796401977539,"Female"
"9004154",371995,2025-05-24 06:38:22,42.4371070861816,-8.87796020507812,"Female"
"9004154",371995,2025-05-24 06:43:21,42.437183380127,-8.87788581848145,"Female"
"9004154",371995,2025-05-24 06:48:25,42.4371528625488,-8.87809085845947,"Female"
"9004154",371995,2025-05-24 06:53:21,42.4371223449707,-8.87806606292725,"Female"
"9004154",371995,2025-05-24 06:58:22,42.4371452331543,-8.87811374664307,"Female"
"9004154",371995,2025-05-24 07:03:22,42.4371681213379,-8.87809467315674,"Female"
"9004154",371995,2025-05-24 07:08:22,42.4371795654297,-8.878098487854,"Female"
"9004154",371995,2025-05-24 07:13:24,42.437198638916,-8.87815475463867,"Female"
"9004154",371995,2025-05-24 07:19:24,42.4450759887695,-8.87948799133301,"Female"
"9004154",371995,2025-05-24 07:24:25,42.4448432922363,-8.88126182556152,"Female"
"9004154",371995,2025-05-24 07:29:19,42.4466514587402,-8.88123512268066,"Female"
"9004154",371995,2025-05-24 07:34:26,42.4466781616211,-8.88024139404297,"Female"
"9004154",371995,2025-05-24 07:39:24,42.4444160461426,-8.87934875488281,"Female"
"9004154",371995,2025-05-24 07:44:39,42.442943572998,-8.87972736358643,"Female"
"9004154",371995,2025-05-24 07:49:31,42.4406890869141,-8.87716960906982,"Female"
"9004154",371995,2025-05-24 07:54:33,42.4393692016602,-8.8763542175293,"Female"
"9004154",371995,2025-05-24 07:59:34,42.4446220397949,-8.88310623168945,"Female"
"9004154",371995,2025-05-24 08:04:32,42.4587516784668,-8.89883136749268,"Female"
"9004154",371995,2025-05-24 08:09:32,42.4606056213379,-8.9111385345459,"Female"
"9004154",371995,2025-05-24 08:14:31,42.4603004455566,-8.91344356536865,"Female"
"9004154",371995,2025-05-24 08:22:30,42.4608993530273,-8.91434478759766,"Female"
"9004154",371995,2025-05-24 08:27:49,42.461353302002,-8.9116678237915,"Female"
"9004154",371995,2025-05-24 08:34:03,42.4616546630859,-8.91013145446777,"Female"
"9004154",371995,2025-05-24 08:42:06,42.4604644775391,-8.90936279296875,"Female"
"9004154",371995,2025-05-24 08:50:54,42.4600257873535,-8.90676212310791,"Female"
"9004154",371995,2025-05-24 08:55:45,42.4583969116211,-8.90311050415039,"Female"
"9004154",371995,2025-05-24 09:00:54,42.4582710266113,-8.90304756164551,"Female"
"9004154",371995,2025-05-24 09:05:45,42.4583511352539,-8.9030294418335,"Female"
"9004154",371995,2025-05-24 09:10:45,42.4584007263184,-8.90303611755371,"Female"
"9004154",371995,2025-05-24 09:15:45,42.4583435058594,-8.90302562713623,"Female"
"9004154",371995,2025-05-24 09:20:44,42.4583129882812,-8.90297031402588,"Female"
"9004154",371995,2025-05-24 09:25:46,42.4584503173828,-8.90308570861816,"Female"
"9004154",371995,2025-05-24 09:30:45,42.4584312438965,-8.90307998657227,"Female"
"9004154",371995,2025-05-24 09:35:44,42.4583435058594,-8.90301418304443,"Female"
"9004154",371995,2025-05-24 09:40:45,42.458366394043,-8.90302467346191,"Female"
"9004154",371995,2025-05-24 09:45:48,42.4579124450684,-8.90255832672119,"Female"
"9004154",371995,2025-05-24 09:50:48,42.4578742980957,-8.90236663818359,"Female"
"9004154",371995,2025-05-24 09:55:47,42.4579429626465,-8.90241432189941,"Female"
"9004154",371995,2025-05-24 10:00:48,42.4579467773438,-8.90236186981201,"Female"
"9004154",371995,2025-05-24 10:05:54,42.4583587646484,-8.90295600891113,"Female"
"9004154",371995,2025-05-24 10:10:45,42.4583969116211,-8.90306568145752,"Female"
"9004154",371995,2025-05-24 10:15:46,42.458366394043,-8.90299892425537,"Female"
"9004154",371995,2025-05-24 10:20:46,42.4585723876953,-8.90340137481689,"Female"
"9004154",371995,2025-05-24 10:25:45,42.4586181640625,-8.90352249145508,"Female"
"9004154",371995,2025-05-24 10:30:45,42.4586601257324,-8.90371131896973,"Female"
"9004154",371995,2025-05-24 10:35:45,42.4584503173828,-8.90321350097656,"Female"
"9004154",371995,2025-05-24 10:40:45,42.4584732055664,-8.90322971343994,"Female"
"9004154",371995,2025-05-24 10:45:47,42.4584350585938,-8.90317440032959,"Female"
"9004154",371995,2025-05-24 10:51:28,42.4598121643066,-8.90832233428955,"Female"
"9004154",371995,2025-05-24 10:57:16,42.4586906433105,-8.9113597869873,"Female"
"9004154",371995,2025-05-24 11:03:04,42.4558143615723,-8.90923118591309,"Female"
"9004154",371995,2025-05-24 11:08:09,42.4561042785645,-8.91131401062012,"Female"
"9004154",371995,2025-05-24 11:13:02,42.4556846618652,-8.89865398406982,"Female"
"9004154",371995,2025-05-24 11:18:02,42.455249786377,-8.89551258087158,"Female"
"9004154",371995,2025-05-24 11:23:39,42.4488105773926,-8.88228416442871,"Female"
"9004154",371995,2025-05-24 11:28:59,42.4462776184082,-8.8817777633667,"Female"
"9004154",371995,2025-05-24 11:35:06,42.4440231323242,-8.88017082214355,"Female"
"9004154",371995,2025-05-24 11:40:11,42.4426002502441,-8.8781909942627,"Female"
"9004154",371995,2025-05-24 11:45:11,42.4376411437988,-8.87774753570557,"Female"
"9004154",371995,2025-05-24 11:50:11,42.4376449584961,-8.87771034240723,"Female"
"9004154",371995,2025-05-24 11:55:10,42.4376106262207,-8.87770843505859,"Female"
"9004154",371995,2025-05-24 12:00:18,42.4376678466797,-8.87747669219971,"Female"
"9004154",371995,2025-05-24 12:05:18,42.4376373291016,-8.87755393981934,"Female"
"9004154",371995,2025-05-24 12:10:18,42.4376525878906,-8.87757205963135,"Female"
"9004154",371995,2025-05-24 12:15:23,42.4376564025879,-8.87750339508057,"Female"
"9004154",371995,2025-05-24 12:20:53,42.4378967285156,-8.87312698364258,"Female"
"9004154",371995,2025-05-24 12:25:12,42.4376106262207,-8.87156581878662,"Female"
"9004154",371995,2025-05-24 12:31:13,42.4373931884766,-8.87297534942627,"Female"
"9004154",371995,2025-05-24 12:40:37,42.4368629455566,-8.8726806640625,"Female"
"9004154",371995,2025-05-24 12:45:33,42.4374160766602,-8.87341594696045,"Female"
"9004154",371995,2025-05-24 12:51:05,42.4382858276367,-8.87379932403564,"Female"
"9004154",371995,2025-05-24 12:55:53,42.4380798339844,-8.87329006195068,"Female"
"9004154",371995,2025-05-24 13:01:03,42.4387626647949,-8.87328910827637,"Female"
"9004154",371995,2025-05-24 13:06:17,42.4388847351074,-8.87424755096436,"Female"
"9004154",371995,2025-05-24 13:11:52,42.4405670166016,-8.87410926818848,"Female"
"9004154",371995,2025-05-24 13:17:12,42.4409866333008,-8.87543487548828,"Female"
"9004154",371995,2025-05-24 13:22:19,42.4413909912109,-8.87604331970215,"Female"
"9004154",371995,2025-05-24 13:27:11,42.4403762817383,-8.87607860565186,"Female"
"9004154",371995,2025-05-24 13:32:11,42.4392051696777,-8.87614917755127,"Female"
"9004154",371995,2025-05-24 13:37:13,42.4392852783203,-8.87532424926758,"Female"
"9004154",371995,2025-05-24 13:42:12,42.4400825500488,-8.87615776062012,"Female"
"9004154",371995,2025-05-24 13:47:12,42.4408874511719,-8.8763952255249,"Female"
"9004154",371995,2025-05-24 13:52:11,42.4410247802734,-8.87722206115723,"Female"
"9004154",371995,2025-05-24 13:57:11,42.4375228881836,-8.87789726257324,"Female"
"9004154",371995,2025-05-24 14:02:11,42.4375953674316,-8.87784767150879,"Female"
"9004154",371995,2025-05-24 14:07:12,42.4375915527344,-8.87785720825195,"Female"
"9004154",371995,2025-05-24 14:12:13,42.4374885559082,-8.87758827209473,"Female"
"9004154",371995,2025-05-24 14:17:13,42.4374618530273,-8.87765789031982,"Female"
"9004154",371995,2025-05-24 14:22:12,42.4376792907715,-8.87778854370117,"Female"
"9004154",371995,2025-05-24 14:27:12,42.4375228881836,-8.87776660919189,"Female"
"9004154",371995,2025-05-24 14:32:12,42.4375305175781,-8.87768840789795,"Female"
"9004154",371995,2025-05-24 14:37:12,42.4376029968262,-8.8777494430542,"Female"
"9004154",371995,2025-05-24 14:42:11,42.4377250671387,-8.87770938873291,"Female"
"9004154",371995,2025-05-24 14:47:33,42.4373931884766,-8.87759971618652,"Female"
"9004154",371995,2025-05-24 14:52:11,42.4373512268066,-8.87770938873291,"Female"
"9004154",371995,2025-05-24 14:57:11,42.437328338623,-8.8776969909668,"Female"
"9004154",371995,2025-05-24 15:02:11,42.4371948242188,-8.87766075134277,"Female"
"9004154",371995,2025-05-24 15:07:11,42.4372787475586,-8.87770748138428,"Female"
"9004154",371995,2025-05-24 15:12:11,42.4372329711914,-8.87766647338867,"Female"
"9004154",371995,2025-05-24 15:17:10,42.4372711181641,-8.87765884399414,"Female"
"9004154",371995,2025-05-24 15:22:11,42.4372634887695,-8.87770843505859,"Female"
"9004154",371995,2025-05-24 15:27:10,42.4373092651367,-8.8777379989624,"Female"
"9004154",371995,2025-05-24 15:32:10,42.4372787475586,-8.87776470184326,"Female"
"9004154",371995,2025-05-24 15:37:11,42.4372863769531,-8.87772655487061,"Female"
"9004154",371995,2025-05-24 15:42:13,42.4373359680176,-8.87771129608154,"Female"
"9004154",371995,2025-05-24 15:47:12,42.4391860961914,-8.87650108337402,"Female"
"9004154",371995,2025-05-24 15:52:20,42.438102722168,-8.87704753875732,"Female"
"9004154",371995,2025-05-24 15:57:19,42.4372787475586,-8.87778663635254,"Female"
"9004154",371995,2025-05-24 16:02:19,42.4372787475586,-8.8777322769165,"Female"
"9004154",371995,2025-05-24 16:07:18,42.4372787475586,-8.87778663635254,"Female"
"9004154",371995,2025-05-24 16:12:18,42.4372940063477,-8.87776374816895,"Female"
"9004154",371995,2025-05-24 16:17:18,42.4372901916504,-8.87775039672852,"Female"
"9004154",371995,2025-05-24 16:22:18,42.4372749328613,-8.87779903411865,"Female"
"9004154",371995,2025-05-24 16:27:18,42.4373016357422,-8.87776565551758,"Female"
"9004154",371995,2025-05-24 16:32:19,42.4372901916504,-8.87775897979736,"Female"
"9004154",371995,2025-05-24 16:37:18,42.4372825622559,-8.87776565551758,"Female"
"9004154",371995,2025-05-24 16:42:19,42.4456634521484,-8.87987899780273,"Female"
"9004154",371995,2025-05-24 16:47:19,42.4449005126953,-8.87879657745361,"Female"
"9004154",371995,2025-05-24 16:52:19,42.4436645507812,-8.87780570983887,"Female"
"9004154",371995,2025-05-24 16:57:19,42.4417686462402,-8.87699413299561,"Female"
"9004154",371995,2025-05-24 17:02:35,42.4409523010254,-8.87663555145264,"Female"
"9004154",371995,2025-05-24 17:07:31,42.4397583007812,-8.87667846679688,"Female"
"9004154",371995,2025-05-24 17:13:02,42.4404907226562,-8.87479591369629,"Female"
"9004154",371995,2025-05-24 17:18:01,42.439094543457,-8.87524223327637,"Female"
"9004154",371995,2025-05-24 17:23:10,42.440315246582,-8.87678623199463,"Female"
"9004154",371995,2025-05-24 17:28:51,42.453125,-8.88711357116699,"Female"
"9004154",371995,2025-05-24 17:33:54,42.454345703125,-8.89120292663574,"Female"
"9004154",371995,2025-05-24 17:40:16,42.4537048339844,-8.88870334625244,"Female"
"9004154",371995,2025-05-24 17:45:15,42.4509773254395,-8.88420581817627,"Female"
"9004154",371995,2025-05-24 17:51:08,42.4498558044434,-8.88219451904297,"Female"
"9004154",371995,2025-05-24 18:05:06,42.4483795166016,-8.87964344024658,"Female"
"9004154",371995,2025-05-24 18:11:05,42.4478340148926,-8.87988471984863,"Female"
"9004154",371995,2025-05-24 18:16:42,42.4466857910156,-8.87956047058105,"Female"
"9004154",371995,2025-05-24 18:21:41,42.4451484680176,-8.87911796569824,"Female"
"9004154",371995,2025-05-24 18:26:46,42.4444808959961,-8.87862873077393,"Female"
"9004154",371995,2025-05-24 18:31:42,42.4439010620117,-8.87771606445312,"Female"
"9004154",371995,2025-05-24 18:36:43,42.4420166015625,-8.87675476074219,"Female"
"9004154",371995,2025-05-24 18:41:43,42.4408760070801,-8.877028465271,"Female"
"9004154",371995,2025-05-24 18:47:05,42.4403228759766,-8.87660503387451,"Female"
"9004154",371995,2025-05-24 18:51:52,42.4398727416992,-8.87701320648193,"Female"
"9004154",371995,2025-05-24 18:59:18,42.4403533935547,-8.87730979919434,"Female"
"9004154",371995,2025-05-24 19:04:16,42.439697265625,-8.87551689147949,"Female"
"9004154",371995,2025-05-24 19:09:57,42.4391441345215,-8.87475967407227,"Female"
"9004154",371995,2025-05-24 19:14:57,42.4393463134766,-8.87602424621582,"Female"
"9004154",371995,2025-05-24 19:19:54,42.438850402832,-8.87597179412842,"Female"
"9004154",371995,2025-05-24 19:25:01,42.4225845336914,-8.87852191925049,"Female"
"9004154",371995,2025-05-24 19:30:11,42.4228172302246,-8.87853336334229,"Female"
"9004154",371995,2025-05-24 19:34:53,42.4229125976562,-8.87827301025391,"Female"
"9004154",371995,2025-05-24 19:39:53,42.4225845336914,-8.87860012054443,"Female"
"9004154",371995,2025-05-24 19:44:53,42.4226379394531,-8.87852191925049,"Female"
"9004154",371995,2025-05-24 19:49:55,42.4229049682617,-8.87828636169434,"Female"
"9004154",371995,2025-05-24 21:55:35,42.4225921630859,-8.87849998474121,"Female"
"9004154",371995,2025-05-24 22:00:07,42.4226684570312,-8.87847423553467,"Female"
"9004154",371995,2025-05-24 22:05:06,42.4225883483887,-8.87848091125488,"Female"
"9004154",371995,2025-05-24 22:10:06,42.4226188659668,-8.87849903106689,"Female"
"9004154",371995,2025-05-24 22:15:03,42.4225120544434,-8.87854290008545,"Female"
"9004154",371995,2025-05-24 22:20:06,42.4225578308105,-8.878493309021,"Female"
"9004154",371995,2025-05-24 22:25:06,42.4224624633789,-8.87854099273682,"Female"
"9004154",371995,2025-05-24 22:30:05,42.4221611022949,-8.87882900238037,"Female"
"9004154",371995,2025-05-24 22:35:09,42.4226226806641,-8.87846946716309,"Female"
"9004154",371995,2025-05-24 22:40:04,42.4225158691406,-8.87845706939697,"Female"
"9004154",371995,2025-05-24 22:45:04,42.4225807189941,-8.87842559814453,"Female"
"9004154",371995,2025-05-24 22:50:09,42.4226493835449,-8.87851142883301,"Female"
"9004154",371995,2025-05-24 22:55:17,42.4225311279297,-8.87845230102539,"Female"
"9004154",371995,2025-05-24 23:00:16,42.4228210449219,-8.87847232818604,"Female"
"9004154",371995,2025-05-24 23:05:16,42.4226913452148,-8.87844085693359,"Female"
"9004154",371995,2025-05-24 23:10:09,42.4227905273438,-8.87852668762207,"Female"
"9004154",371995,2025-05-24 23:15:09,42.4228096008301,-8.87842273712158,"Female"
"9004154",371995,2025-05-24 23:20:07,42.4226608276367,-8.8784351348877,"Female"
"9004154",371995,2025-05-24 23:25:06,42.4227485656738,-8.8784646987915,"Female"
"9004154",371995,2025-05-24 23:30:10,42.422737121582,-8.87837219238281,"Female"
"9004154",371995,2025-05-24 23:35:07,42.4225311279297,-8.87833881378174,"Female"
"9004154",371995,2025-05-24 23:40:06,42.4226760864258,-8.87838745117188,"Female"
"9004154",371995,2025-05-24 23:45:06,42.4226760864258,-8.87832260131836,"Female"
"9004154",371995,2025-05-24 23:50:09,42.4226570129395,-8.87835311889648,"Female"
"9004154",371995,2025-05-24 23:55:09,42.4227104187012,-8.87840938568115,"Female"
"9004154",371995,2025-05-25 00:00:09,42.4226531982422,-8.87821197509766,"Female"
"9004154",371995,2025-05-25 00:05:08,42.4227142333984,-8.8782320022583,"Female"
"9004154",371995,2025-05-25 00:10:09,42.4227027893066,-8.87827682495117,"Female"
"9004154",371995,2025-05-25 00:15:12,42.4227828979492,-8.87834358215332,"Female"
"9004154",371995,2025-05-25 00:20:08,42.4227104187012,-8.87839221954346,"Female"
"9004154",371995,2025-05-25 00:25:08,42.4226760864258,-8.87828540802002,"Female"
"9004154",371995,2025-05-25 00:30:06,42.4227066040039,-8.87854099273682,"Female"
"9004154",371995,2025-05-25 00:35:09,42.4228172302246,-8.87811183929443,"Female"
"9004154",371995,2025-05-25 00:40:11,42.4225616455078,-8.87829971313477,"Female"
"9004154",371995,2025-05-25 00:45:44,42.4227256774902,-8.87823581695557,"Female"
"9004154",371995,2025-05-25 00:50:07,42.4228553771973,-8.87830638885498,"Female"
"9004154",371995,2025-05-25 00:55:07,42.422679901123,-8.87814617156982,"Female"
"9004154",371995,2025-05-25 01:00:04,42.4228553771973,-8.87831687927246,"Female"
"9004154",371995,2025-05-25 01:05:07,42.4228744506836,-8.87834548950195,"Female"
"9004154",371995,2025-05-25 01:10:09,42.4228553771973,-8.87825298309326,"Female"
"9004154",371995,2025-05-25 01:15:08,42.4231643676758,-8.87829113006592,"Female"
"9004154",371995,2025-05-25 01:20:08,42.4228439331055,-8.87840843200684,"Female"
"9004154",371995,2025-05-25 01:25:08,42.4227561950684,-8.87826442718506,"Female"
"9004154",371995,2025-05-25 01:30:35,42.4228324890137,-8.87828540802002,"Female"
"9004154",371995,2025-05-25 01:35:03,42.4231071472168,-8.87841415405273,"Female"
"9004154",371995,2025-05-25 01:40:04,42.4228134155273,-8.87843227386475,"Female"
"9004154",371995,2025-05-25 01:45:04,42.4228363037109,-8.87835311889648,"Female"
"9004154",371995,2025-05-25 01:50:04,42.4229049682617,-8.87844944000244,"Female"
"9004154",371995,2025-05-25 01:55:07,42.4228744506836,-8.87843036651611,"Female"
"9004154",371995,2025-05-25 02:00:04,42.4229011535645,-8.8784122467041,"Female"
"9004154",371995,2025-05-25 02:05:07,42.4228858947754,-8.87860202789307,"Female"
"9004154",371995,2025-05-25 02:10:06,42.4229431152344,-8.87859344482422,"Female"
"9004154",371995,2025-05-25 02:15:04,42.4229583740234,-8.87854194641113,"Female"
"9004154",371995,2025-05-25 02:20:07,42.4228820800781,-8.87855815887451,"Female"
"9004154",371995,2025-05-25 02:25:14,42.4227027893066,-8.87835216522217,"Female"
"9004154",371995,2025-05-25 02:30:10,42.4225425720215,-8.87849807739258,"Female"
"9004154",371995,2025-05-25 02:35:08,42.4225921630859,-8.87825679779053,"Female"
"9004154",371995,2025-05-25 02:40:09,42.4225769042969,-8.87866878509521,"Female"
"9004154",371995,2025-05-25 02:45:09,42.4225692749023,-8.87854385375977,"Female"
"9004154",371995,2025-05-25 02:50:09,42.4225387573242,-8.87879467010498,"Female"
"9004154",371995,2025-05-25 02:55:09,42.4225883483887,-8.87860107421875,"Female"
"9004154",371995,2025-05-25 03:00:09,42.4225845336914,-8.8785228729248,"Female"
"9004154",371995,2025-05-25 03:05:09,42.4226112365723,-8.87840270996094,"Female"
"9004154",371995,2025-05-25 03:10:09,42.4225730895996,-8.87848281860352,"Female"
"9004154",371995,2025-05-25 03:15:09,42.4225463867188,-8.87833786010742,"Female"
"9004154",371995,2025-05-25 03:20:09,42.422550201416,-8.87828350067139,"Female"
"9004154",371995,2025-05-25 03:25:09,42.4225692749023,-8.87829303741455,"Female"
"9004154",371995,2025-05-25 03:30:33,42.4226036071777,-8.87856864929199,"Female"
"9004154",371995,2025-05-25 03:35:06,42.4224739074707,-8.87874221801758,"Female"
"9004154",371995,2025-05-25 03:40:09,42.4225006103516,-8.87901782989502,"Female"
"9004154",371995,2025-05-25 03:45:09,42.4226150512695,-8.87844085693359,"Female"
"9004154",371995,2025-05-25 03:50:06,42.4224700927734,-8.87851619720459,"Female"
"9004154",371995,2025-05-25 03:55:04,42.4226417541504,-8.87842178344727,"Female"
"9004154",371995,2025-05-25 04:00:05,42.4227676391602,-8.87835597991943,"Female"
"9004154",371995,2025-05-25 04:05:06,42.4226951599121,-8.87851524353027,"Female"
"9004154",371995,2025-05-25 04:10:06,42.422550201416,-8.87846279144287,"Female"
"9004154",371995,2025-05-25 04:15:08,42.4228668212891,-8.87845516204834,"Female"
"9004154",371995,2025-05-25 04:20:04,42.422664642334,-8.87851333618164,"Female"
"9004154",371995,2025-05-25 04:25:08,42.4226150512695,-8.87839126586914,"Female"
"9004154",371995,2025-05-25 04:30:17,42.422607421875,-8.87847900390625,"Female"
"9004154",371995,2025-05-25 04:35:15,42.4226760864258,-8.87844085693359,"Female"
"9004154",371995,2025-05-25 04:40:08,42.4225196838379,-8.87859439849854,"Female"
"9004154",371995,2025-05-25 04:45:05,42.4227104187012,-8.87855911254883,"Female"
"9004154",371995,2025-05-25 04:50:14,42.4230194091797,-8.87824821472168,"Female"
"9004154",371995,2025-05-25 04:55:06,42.4230003356934,-8.8783016204834,"Female"
"9004154",371995,2025-05-25 05:00:06,42.4228897094727,-8.87821769714355,"Female"
"9004154",371995,2025-05-25 05:05:07,42.4228401184082,-8.87825012207031,"Female"
"9004154",371995,2025-05-25 05:10:08,42.4228019714355,-8.87818145751953,"Female"
"9004154",371995,2025-05-25 05:15:06,42.4227333068848,-8.87812328338623,"Female"
"9004154",371995,2025-05-25 05:20:09,42.4228172302246,-8.87814044952393,"Female"
"9004154",371995,2025-05-25 05:25:13,42.4229278564453,-8.87828063964844,"Female"
"9004154",371995,2025-05-25 05:30:06,42.4228096008301,-8.87821197509766,"Female"
"9004154",371995,2025-05-25 05:35:04,42.4230575561523,-8.87832450866699,"Female"
"9004154",371995,2025-05-25 05:40:07,42.4228744506836,-8.87815284729004,"Female"
"9004154",371995,2025-05-25 05:45:09,42.4227828979492,-8.878098487854,"Female"
"9004154",371995,2025-05-25 05:50:06,42.4226989746094,-8.87806129455566,"Female"
"9004154",371995,2025-05-25 05:55:06,42.4224586486816,-8.87819194793701,"Female"
"9004154",371995,2025-05-25 06:00:11,42.422721862793,-8.87814521789551,"Female"
"9004154",371995,2025-05-25 06:05:10,42.422420501709,-8.8782901763916,"Female"
"9004154",371995,2025-05-25 06:10:09,42.4224891662598,-8.87827110290527,"Female"
"9004154",371995,2025-05-25 06:15:09,42.4224433898926,-8.87836647033691,"Female"
"9004154",371995,2025-05-25 06:20:11,42.4223403930664,-8.87837791442871,"Female"
"9004154",371995,2025-05-25 06:25:10,42.4226303100586,-8.87835025787354,"Female"
"9004154",371995,2025-05-25 06:30:09,42.4225730895996,-8.87841892242432,"Female"
"9004154",371995,2025-05-25 06:35:11,42.4226684570312,-8.87829875946045,"Female"
"9004154",371995,2025-05-25 06:40:08,42.4228897094727,-8.87842273712158,"Female"
"9004154",371995,2025-05-25 06:45:16,42.4224510192871,-8.87826919555664,"Female"
"9004154",371995,2025-05-25 06:50:11,42.4227142333984,-8.8782377243042,"Female"
"9004154",371995,2025-05-25 06:55:35,42.4224967956543,-8.87828350067139,"Female"
"9004154",371995,2025-05-25 07:00:03,42.422779083252,-8.87831592559814,"Female"
"9004154",371995,2025-05-25 07:05:03,42.4228744506836,-8.87838077545166,"Female"
"9004154",371995,2025-05-25 07:10:09,42.4231452941895,-8.87841129302979,"Female"
"9004154",371995,2025-05-25 07:15:03,42.4320983886719,-8.87821960449219,"Female"
"9004154",371995,2025-05-25 07:20:16,42.4399185180664,-8.87601280212402,"Female"
"9004154",371995,2025-05-25 07:25:15,42.4483985900879,-8.88504314422607,"Female"
"9004154",371995,2025-05-25 07:30:33,42.452579498291,-8.88835906982422,"Female"
"9004154",371995,2025-05-25 07:36:26,42.4523620605469,-8.88526058197021,"Female"
"9004154",371995,2025-05-25 07:42:06,42.4517669677734,-8.88420963287354,"Female"
"9004154",371995,2025-05-25 07:47:10,42.4503402709961,-8.88319301605225,"Female"
"9004154",371995,2025-05-25 07:52:10,42.4486846923828,-8.88325691223145,"Female"
"9004154",371995,2025-05-25 07:57:10,42.4371566772461,-8.87762355804443,"Female"
"9004154",371995,2025-05-25 08:02:09,42.4371871948242,-8.87763500213623,"Female"
"9004154",371995,2025-05-25 08:07:10,42.4372673034668,-8.8777027130127,"Female"
"9004154",371995,2025-05-25 08:12:13,42.4372138977051,-8.87768745422363,"Female"
"9004154",371995,2025-05-25 08:17:11,42.4371032714844,-8.8774881362915,"Female"
"9004154",371995,2025-05-25 08:22:11,42.4372482299805,-8.87761974334717,"Female"
"9004154",371995,2025-05-25 08:27:12,42.4373207092285,-8.87775802612305,"Female"
"9004154",371995,2025-05-25 08:32:10,42.4372863769531,-8.87768936157227,"Female"
"9004154",371995,2025-05-25 08:37:12,42.4375610351562,-8.87793827056885,"Female"
"9004154",371995,2025-05-25 08:42:35,42.4372863769531,-8.87765693664551,"Female"
"9004154",371995,2025-05-25 08:47:08,42.4373321533203,-8.87761878967285,"Female"
"9004154",371995,2025-05-25 08:52:09,42.437328338623,-8.87760734558105,"Female"
"9004154",371995,2025-05-25 08:57:08,42.4373550415039,-8.87763023376465,"Female"
"9004154",371995,2025-05-25 09:02:09,42.4373245239258,-8.8775806427002,"Female"
"9004154",371995,2025-05-25 09:07:10,42.4372787475586,-8.87730407714844,"Female"
"9004154",371995,2025-05-25 09:12:08,42.4373474121094,-8.87758255004883,"Female"
"9004154",371995,2025-05-25 09:17:09,42.4373245239258,-8.87762260437012,"Female"
"9004154",371995,2025-05-25 09:22:09,42.4444274902344,-8.88363361358643,"Female"
"9004154",371995,2025-05-25 09:29:14,42.4598541259766,-8.9099760055542,"Female"
"9004154",371995,2025-05-25 09:34:13,42.4598999023438,-8.90981006622314,"Female"
"9004154",371995,2025-05-25 09:39:14,42.4602203369141,-8.90790557861328,"Female"
"9004154",371995,2025-05-25 09:44:15,42.4609184265137,-8.90745067596436,"Female"
"9004154",371995,2025-05-25 09:51:25,42.4608192443848,-8.90818977355957,"Female"
"9004154",371995,2025-05-25 09:57:42,42.4601745605469,-8.90892696380615,"Female"
"9004154",371995,2025-05-25 10:03:00,42.4612770080566,-8.9106273651123,"Female"
"9004154",371995,2025-05-25 10:08:00,42.4580230712891,-8.90289878845215,"Female"
"9004154",371995,2025-05-25 10:13:01,42.4580421447754,-8.90293502807617,"Female"
"9004154",371995,2025-05-25 10:18:02,42.4580230712891,-8.90284729003906,"Female"
"9004154",371995,2025-05-25 10:23:00,42.4580268859863,-8.90290260314941,"Female"
"9004154",371995,2025-05-25 10:28:01,42.4580154418945,-8.90285968780518,"Female"
"9004154",371995,2025-05-25 10:33:02,42.4580688476562,-8.90292549133301,"Female"
"9004154",371995,2025-05-25 10:38:00,42.4580116271973,-8.90291595458984,"Female"
"9004154",371995,2025-05-25 10:43:01,42.4579925537109,-8.90293407440186,"Female"
"9004154",371995,2025-05-25 10:48:01,42.4580917358398,-8.90296459197998,"Female"
"9004154",371995,2025-05-25 10:53:01,42.4580268859863,-8.90299415588379,"Female"
"9004154",371995,2025-05-25 10:58:01,42.4580535888672,-8.90296649932861,"Female"
"9004154",371995,2025-05-25 11:03:00,42.4580879211426,-8.90297603607178,"Female"
"9004154",371995,2025-05-25 11:08:00,42.4580039978027,-8.9029016494751,"Female"
"9004154",371995,2025-05-25 11:13:00,42.4604797363281,-8.9091272354126,"Female"
"9004154",371995,2025-05-25 11:18:01,42.4596939086914,-8.90950775146484,"Female"
"9004154",371995,2025-05-25 11:23:34,42.4604072570801,-8.91146850585938,"Female"
"9004154",371995,2025-05-25 11:29:47,42.4605903625488,-8.91241645812988,"Female"
"9004154",371995,2025-05-25 11:35:49,42.4613075256348,-8.91348934173584,"Female"
"9004154",371995,2025-05-25 11:41:14,42.4608154296875,-8.91315460205078,"Female"
"9004154",371995,2025-05-25 11:45:51,42.4611167907715,-8.91212272644043,"Female"
"9004154",371995,2025-05-25 11:51:18,42.4615364074707,-8.91048526763916,"Female"
"9004154",371995,2025-05-25 11:56:18,42.4603805541992,-8.90921020507812,"Female"
"9004154",371995,2025-05-25 12:01:17,42.4581413269043,-8.90310287475586,"Female"
"9004154",371995,2025-05-25 12:06:17,42.4581298828125,-8.90302276611328,"Female"
"9004154",371995,2025-05-25 12:11:17,42.4582405090332,-8.90287971496582,"Female"
"9004154",371995,2025-05-25 12:16:17,42.4583015441895,-8.90291786193848,"Female"
"9004154",371995,2025-05-25 12:21:17,42.4582061767578,-8.90301036834717,"Female"
"9004154",371995,2025-05-25 12:26:20,42.4581413269043,-8.9031400680542,"Female"
"9004154",371995,2025-05-25 12:31:19,42.4581298828125,-8.90266990661621,"Female"
"9004154",371995,2025-05-25 12:36:21,42.4581336975098,-8.90271663665771,"Female"
"9004154",371995,2025-05-25 12:41:31,42.458137512207,-8.90270137786865,"Female"
"9004154",371995,2025-05-25 12:46:29,42.4580955505371,-8.90264129638672,"Female"
"9004154",371995,2025-05-25 12:51:25,42.4581260681152,-8.90275001525879,"Female"
"9004154",371995,2025-05-25 12:56:24,42.4581184387207,-8.90267658233643,"Female"
"9004154",371995,2025-05-25 13:01:53,42.4583702087402,-8.90293312072754,"Female"
"9004154",371995,2025-05-25 13:06:17,42.4583282470703,-8.90258312225342,"Female"
"9004154",371995,2025-05-25 13:11:21,42.4580917358398,-8.90413570404053,"Female"
"9004154",371995,2025-05-25 13:17:20,42.4588012695312,-8.89495658874512,"Female"
"9004154",371995,2025-05-25 13:29:30,42.4594650268555,-8.89636993408203,"Female"
"9004154",371995,2025-05-25 13:34:22,42.4603652954102,-8.89839553833008,"Female"
"9004154",371995,2025-05-25 13:39:49,42.460205078125,-8.89780235290527,"Female"
"9004154",371995,2025-05-25 13:45:06,42.460636138916,-8.89889144897461,"Female"
"9004154",371995,2025-05-25 13:52:23,42.4604797363281,-8.89782619476318,"Female"
"9004154",371995,2025-05-25 14:01:53,42.4604911804199,-8.8980541229248,"Female"
"9004154",371995,2025-05-25 14:17:18,42.4604072570801,-8.90080165863037,"Female"
"9004154",371995,2025-05-25 14:21:44,42.4583778381348,-8.90308380126953,"Female"
"9004154",371995,2025-05-25 14:25:54,42.4581909179688,-8.90345478057861,"Female"
"9004154",371995,2025-05-25 14:30:55,42.458065032959,-8.90363025665283,"Female"
"9004154",371995,2025-05-25 14:35:55,42.4580535888672,-8.90357780456543,"Female"
"9004154",371995,2025-05-25 14:40:55,42.4578552246094,-8.90386009216309,"Female"
"9004154",371995,2025-05-25 14:45:54,42.4578857421875,-8.90373039245605,"Female"
"9004154",371995,2025-05-25 14:50:55,42.4581604003906,-8.90352821350098,"Female"
"9004154",371995,2025-05-25 14:56:14,42.4582405090332,-8.90311908721924,"Female"
"9004154",371995,2025-05-25 15:00:54,42.4581031799316,-8.90347957611084,"Female"
"9004154",371995,2025-05-25 15:05:54,42.4584503173828,-8.90308952331543,"Female"
"9004154",371995,2025-05-25 15:11:23,42.455638885498,-8.88785552978516,"Female"
"9004154",371995,2025-05-25 15:16:50,42.455924987793,-8.88664054870605,"Female"
"9004154",371995,2025-05-25 15:21:48,42.4569892883301,-8.88873100280762,"Female"
"9004154",371995,2025-05-25 15:27:10,42.4567718505859,-8.88838768005371,"Female"
"9004154",371995,2025-05-25 15:32:09,42.4568328857422,-8.88836765289307,"Female"
"9004154",371995,2025-05-25 15:37:22,42.4567260742188,-8.88893508911133,"Female"
"9004154",371995,2025-05-25 15:42:52,42.4567565917969,-8.88925743103027,"Female"
"9004154",371995,2025-05-25 15:48:30,42.4569091796875,-8.89009666442871,"Female"
"9004154",371995,2025-05-25 15:53:29,42.4568023681641,-8.89192676544189,"Female"
"9004154",371995,2025-05-25 15:58:29,42.4568099975586,-8.89194679260254,"Female"
"9004154",371995,2025-05-25 16:03:29,42.4568252563477,-8.89199161529541,"Female"
"9004154",371995,2025-05-25 16:08:29,42.4568481445312,-8.89201354980469,"Female"
"9004154",371995,2025-05-25 16:13:29,42.4568710327148,-8.89208221435547,"Female"
"9004154",371995,2025-05-25 16:18:29,42.4568519592285,-8.89204692840576,"Female"
"9004154",371995,2025-05-25 16:23:38,42.4550514221191,-8.88933277130127,"Female"
"9004154",371995,2025-05-25 16:29:35,42.4544296264648,-8.88700580596924,"Female"
"9004154",371995,2025-05-25 16:35:10,42.4537544250488,-8.88518524169922,"Female"
"9004154",371995,2025-05-25 16:40:23,42.4530029296875,-8.88394927978516,"Female"
"9004154",371995,2025-05-25 16:45:49,42.4517402648926,-8.88303661346436,"Female"
"9004154",371995,2025-05-25 16:51:22,42.4507064819336,-8.88173770904541,"Female"
"9004154",371995,2025-05-25 16:56:31,42.4487113952637,-8.88098621368408,"Female"
"9004154",371995,2025-05-25 17:01:31,42.4420280456543,-8.87681102752686,"Female"
"9004154",371995,2025-05-25 17:07:24,42.4408187866211,-8.87573146820068,"Female"
"9004154",371995,2025-05-25 17:12:39,42.4394912719727,-8.87579536437988,"Female"
"9004154",371995,2025-05-25 17:18:21,42.4386863708496,-8.87567329406738,"Female"
"9004154",371995,2025-05-25 17:25:57,42.4376907348633,-8.87551975250244,"Female"
"9004154",371995,2025-05-25 17:31:03,42.4376983642578,-8.87430477142334,"Female"
"9004154",371995,2025-05-25 17:36:08,42.437873840332,-8.87808799743652,"Female"
"9004154",371995,2025-05-25 17:41:35,42.4375343322754,-8.87781620025635,"Female"
"9004154",371995,2025-05-25 17:46:02,42.4374389648438,-8.87786674499512,"Female"
"9004154",371995,2025-05-25 17:51:02,42.4374504089355,-8.87792205810547,"Female"
"9004154",371995,2025-05-25 17:56:25,42.4373588562012,-8.87789726257324,"Female"
"9004154",371995,2025-05-25 18:08:45,42.4429206848145,-8.8771800994873,"Female"
"9004154",371995,2025-05-25 18:17:35,42.4480056762695,-8.88123607635498,"Female"
"9004154",371995,2025-05-25 18:23:49,42.4557418823242,-8.8893575668335,"Female"
"9004154",371995,2025-05-25 18:30:00,42.4565048217773,-8.88901329040527,"Female"
"9004154",371995,2025-05-25 18:35:31,42.4546852111816,-8.88750076293945,"Female"
"9004154",371995,2025-05-25 18:41:27,42.4530296325684,-8.88669395446777,"Female"
"9004154",371995,2025-05-25 18:46:44,42.4513359069824,-8.8844747543335,"Female"
"9004154",371995,2025-05-25 18:52:13,42.4503288269043,-8.88368129730225,"Female"
"9004154",371995,2025-05-25 18:59:33,42.447395324707,-8.88012790679932,"Female"
"9004154",371995,2025-05-25 19:04:09,42.445873260498,-8.87939167022705,"Female"
"9004154",371995,2025-05-25 19:09:08,42.4448471069336,-8.87985801696777,"Female"
"9004154",371995,2025-05-25 19:14:08,42.4224548339844,-8.87846660614014,"Female"
"9004154",371995,2025-05-25 19:24:06,42.4226150512695,-8.87819862365723,"Female"
"9004154",371995,2025-05-25 19:29:06,42.4226379394531,-8.87807273864746,"Female"
"9004154",371995,2025-05-25 19:34:11,42.4224395751953,-8.87826538085938,"Female"
"9004154",371995,2025-05-25 19:39:14,42.4224319458008,-8.87839984893799,"Female"
"9004154",371995,2025-05-25 19:44:06,42.422534942627,-8.87834167480469,"Female"
"9004154",371995,2025-05-25 19:49:09,42.4223289489746,-8.87844467163086,"Female"
"9004154",371995,2025-05-25 19:54:03,42.4226760864258,-8.8783016204834,"Female"
"9004154",371995,2025-05-25 19:59:06,42.422176361084,-8.87843894958496,"Female"
"9004154",371995,2025-05-25 20:04:35,42.4226188659668,-8.87843227386475,"Female"
"9004154",371995,2025-05-25 20:09:15,42.4224281311035,-8.87853717803955,"Female"
"9004154",371995,2025-05-25 20:14:04,42.422737121582,-8.87843132019043,"Female"
"9004154",371995,2025-05-25 20:19:07,42.4225616455078,-8.87848091125488,"Female"
"9004154",371995,2025-05-25 20:24:06,42.4226417541504,-8.87847518920898,"Female"
"9004154",371995,2025-05-25 20:29:02,42.4226226806641,-8.87842178344727,"Female"
"9004154",371995,2025-05-25 20:34:08,42.4227294921875,-8.87847137451172,"Female"
"9004154",371995,2025-05-25 20:39:10,42.4225387573242,-8.87841892242432,"Female"
"9004154",371995,2025-05-25 20:44:03,42.4227714538574,-8.87836265563965,"Female"
"9004154",371995,2025-05-25 20:49:08,42.4224815368652,-8.87833118438721,"Female"
"9004154",371995,2025-05-25 20:54:06,42.4226150512695,-8.87852478027344,"Female"
"9004154",371995,2025-05-25 20:59:09,42.4223403930664,-8.87862873077393,"Female"
"9004154",371995,2025-05-25 21:04:09,42.4229927062988,-8.8786735534668,"Female"
"9004154",371995,2025-05-25 21:09:12,42.4224586486816,-8.87851524353027,"Female"
"9004154",371995,2025-05-25 21:14:54,42.4221115112305,-8.87846851348877,"Female"
"9004154",371995,2025-05-25 21:19:08,42.4220733642578,-8.87862491607666,"Female"
"9004154",371995,2025-05-25 21:24:13,42.4220504760742,-8.87853050231934,"Female"
"9004154",371995,2025-05-25 21:30:00,42.4220542907715,-8.87851047515869,"Female"
"9004154",371995,2025-05-25 21:34:56,42.4221038818359,-8.87848567962646,"Female"
"9004154",371995,2025-05-25 21:39:03,42.4218254089355,-8.8785924911499,"Female"
"9004154",371995,2025-05-25 21:44:03,42.422550201416,-8.87857723236084,"Female"
"9004154",371995,2025-05-25 21:49:04,42.4224853515625,-8.87833309173584,"Female"
"9004154",371995,2025-05-25 21:54:04,42.422191619873,-8.8784818649292,"Female"
"9004154",371995,2025-05-25 21:59:06,42.4222755432129,-8.8784704208374,"Female"
"9004154",371995,2025-05-25 22:04:04,42.4224853515625,-8.87848377227783,"Female"
"9004154",371995,2025-05-25 22:09:03,42.4225959777832,-8.87830352783203,"Female"
"9004154",371995,2025-05-25 22:14:15,42.4218864440918,-8.87839221954346,"Female"
"9004154",371995,2025-05-25 22:19:08,42.4218368530273,-8.87839412689209,"Female"
"9004154",371995,2025-05-25 22:24:03,42.4219627380371,-8.87843322753906,"Female"
"9004154",371995,2025-05-25 22:29:03,42.4220352172852,-8.8783597946167,"Female"
"9004154",371995,2025-05-25 22:34:06,42.4222412109375,-8.87856101989746,"Female"
"9004154",371995,2025-05-25 22:39:14,42.4219207763672,-8.87849235534668,"Female"
"9004154",371995,2025-05-25 22:44:09,42.4221229553223,-8.87855815887451,"Female"
"9004154",371995,2025-05-25 22:49:06,42.4220237731934,-8.87871646881104,"Female"
"9004154",371995,2025-05-25 22:54:28,42.4221115112305,-8.87855339050293,"Female"
"9004154",371995,2025-05-25 22:59:08,42.4220695495605,-8.87863254547119,"Female"
"9004154",371995,2025-05-25 23:04:06,42.4222717285156,-8.8786563873291,"Female"
"9004154",371995,2025-05-25 23:09:02,42.4222412109375,-8.87856101989746,"Female"
"9004154",371995,2025-05-25 23:14:06,42.4224472045898,-8.87852573394775,"Female"
"9004154",371995,2025-05-25 23:19:04,42.4223861694336,-8.87849617004395,"Female"
"9004154",371995,2025-05-25 23:24:03,42.4224281311035,-8.87908363342285,"Female"
"9004154",371995,2025-05-25 23:29:06,42.4225807189941,-8.87849235534668,"Female"
"9004154",371995,2025-05-25 23:34:12,42.4224510192871,-8.87828350067139,"Female"
"9004154",371995,2025-05-25 23:39:06,42.4226570129395,-8.87842750549316,"Female"
"9004154",371995,2025-05-25 23:44:03,42.4228248596191,-8.87864685058594,"Female"
"9004154",371995,2025-05-25 23:49:11,42.4227638244629,-8.87834167480469,"Female"
"9004154",371995,2025-05-25 23:54:04,42.4225997924805,-8.87829685211182,"Female"
"9004154",371995,2025-05-25 23:59:04,42.4229698181152,-8.878342628479,"Female"
"9004154",371995,2025-05-26 00:04:04,42.4226188659668,-8.87840557098389,"Female"
"9004154",371995,2025-05-26 00:09:07,42.4226493835449,-8.87845897674561,"Female"
"9004154",371995,2025-05-26 00:14:07,42.4225654602051,-8.87836074829102,"Female"
"9004154",371995,2025-05-26 00:19:07,42.422779083252,-8.87839412689209,"Female"
"9004154",371995,2025-05-26 00:24:07,42.4225997924805,-8.87845897674561,"Female"
"9004154",371995,2025-05-26 00:29:07,42.4226608276367,-8.87829971313477,"Female"
"9004154",371995,2025-05-26 00:34:07,42.422420501709,-8.87835884094238,"Female"
"9004154",371995,2025-05-26 00:39:15,42.4227600097656,-8.87842845916748,"Female"
"9004154",371995,2025-05-26 00:44:14,42.4227066040039,-8.87831878662109,"Female"
"9004154",371995,2025-05-26 00:49:11,42.422721862793,-8.87832832336426,"Female"
"9004154",371995,2025-05-26 00:54:35,42.4226837158203,-8.87842464447021,"Female"
"9004154",371995,2025-05-26 00:59:08,42.4226188659668,-8.87850093841553,"Female"
"9004154",371995,2025-05-26 01:04:10,42.422607421875,-8.87850379943848,"Female"
"9004154",371995,2025-05-26 01:09:02,42.4230537414551,-8.87862873077393,"Female"
"9004154",371995,2025-05-26 01:14:04,42.4226684570312,-8.87845993041992,"Female"
"9004154",371995,2025-05-26 01:19:04,42.4228210449219,-8.87839698791504,"Female"
"9004154",371995,2025-05-26 01:24:06,42.4227638244629,-8.87844467163086,"Female"
"9004154",371995,2025-05-26 01:29:03,42.4227676391602,-8.87842082977295,"Female"
"9004154",371995,2025-05-26 01:34:07,42.4226150512695,-8.8784761428833,"Female"
"9004154",371995,2025-05-26 01:39:03,42.4226684570312,-8.87834453582764,"Female"
"9004154",371995,2025-05-26 01:44:09,42.4227905273438,-8.87851524353027,"Female"
"9004154",371995,2025-05-26 01:49:44,42.4229736328125,-8.87845897674561,"Female"
"9004154",371995,2025-05-26 01:54:16,42.4229621887207,-8.87844944000244,"Female"
"9004154",371995,2025-05-26 01:59:08,42.4227714538574,-8.8784236907959,"Female"
"9004154",371995,2025-05-26 02:04:13,42.4228630065918,-8.87844562530518,"Female"
"9004154",371995,2025-05-26 02:10:26,42.4227447509766,-8.87841320037842,"Female"
"9004154",371995,2025-05-26 02:14:08,42.422779083252,-8.87837505340576,"Female"
"9004154",371995,2025-05-26 02:19:11,42.4226913452148,-8.87840843200684,"Female"
"9004154",371995,2025-05-26 02:24:43,42.4227294921875,-8.87844753265381,"Female"
"9004154",371995,2025-05-26 02:29:03,42.4227447509766,-8.87857627868652,"Female"
"9004154",371995,2025-05-26 02:34:02,42.4227600097656,-8.87861442565918,"Female"
"9004154",371995,2025-05-26 02:39:11,42.4227066040039,-8.87844371795654,"Female"
"9004154",371995,2025-05-26 02:44:04,42.422721862793,-8.87833499908447,"Female"
"9004154",371995,2025-05-26 02:49:10,42.4226837158203,-8.8784351348877,"Female"
"9004154",371995,2025-05-26 02:54:19,42.4227104187012,-8.87844085693359,"Female"
"9004154",371995,2025-05-26 02:59:16,42.4227142333984,-8.87837409973145,"Female"
"9004154",371995,2025-05-26 03:04:14,42.422721862793,-8.87845134735107,"Female"
"9004154",371995,2025-05-26 03:09:09,42.4226837158203,-8.8783483505249,"Female"
"9004154",371995,2025-05-26 03:14:09,42.4226760864258,-8.87849235534668,"Female"
"9004154",371995,2025-05-26 03:19:09,42.4226036071777,-8.87843894958496,"Female"
"9004154",371995,2025-05-26 03:24:09,42.4226722717285,-8.87847232818604,"Female"
"9004154",371995,2025-05-26 03:29:08,42.422679901123,-8.87839984893799,"Female"
"9004154",371995,2025-05-26 03:34:35,42.4226036071777,-8.87842082977295,"Female"
"9004154",371995,2025-05-26 03:39:07,42.4225845336914,-8.87844085693359,"Female"
"9004154",371995,2025-05-26 03:44:08,42.4226493835449,-8.87848567962646,"Female"
"9004154",371995,2025-05-26 03:50:20,42.4226036071777,-8.87839317321777,"Female"
"9004154",371995,2025-05-26 03:54:03,42.4227409362793,-8.87844276428223,"Female"
"9004154",371995,2025-05-26 03:59:09,42.4225883483887,-8.87847423553467,"Female"
"9004154",371995,2025-05-26 04:04:07,42.4225616455078,-8.87844467163086,"Female"
"9004154",371995,2025-05-26 04:09:07,42.4225883483887,-8.8784704208374,"Female"
"9004154",371995,2025-05-26 04:14:07,42.4229011535645,-8.87837314605713,"Female"
"9004154",371995,2025-05-26 04:19:11,42.4226036071777,-8.87847232818604,"Female"
"9004154",371995,2025-05-26 04:24:03,42.4226760864258,-8.87838077545166,"Female"
"9004154",371995,2025-05-26 04:29:03,42.4225425720215,-8.87863636016846,"Female"
"9004154",371995,2025-05-26 04:34:06,42.422607421875,-8.87849140167236,"Female"
"9004154",371995,2025-05-26 04:39:06,42.4226379394531,-8.87846946716309,"Female"
"9004154",371995,2025-05-26 04:44:03,42.4225196838379,-8.87854862213135,"Female"
"9004154",371995,2025-05-26 04:49:46,42.4225006103516,-8.87850666046143,"Female"
"9004154",371995,2025-05-26 04:54:35,42.4225883483887,-8.87848091125488,"Female"
"9004154",371995,2025-05-26 04:59:35,42.422607421875,-8.87848663330078,"Female"
"9004154",371995,2025-05-26 05:04:02,42.422737121582,-8.87853622436523,"Female"
"9004154",371995,2025-05-26 05:09:04,42.422679901123,-8.87847995758057,"Female"
"9004154",371995,2025-05-26 05:14:04,42.4226722717285,-8.87835788726807,"Female"
"9004154",371995,2025-05-26 05:19:03,42.4226951599121,-8.87866020202637,"Female"
"9004154",371995,2025-05-26 05:24:03,42.4226150512695,-8.87795448303223,"Female"
"9004154",371995,2025-05-26 05:29:03,42.4223251342773,-8.87895965576172,"Female"
"9004154",371995,2025-05-26 05:34:07,42.4225921630859,-8.87832164764404,"Female"
"9004154",371995,2025-05-26 05:39:02,42.4226837158203,-8.87815380096436,"Female"
"9004154",371995,2025-05-26 05:44:03,42.4225769042969,-8.8781681060791,"Female"
"9004154",371995,2025-05-26 05:49:09,42.4226913452148,-8.87837791442871,"Female"
"9004154",371995,2025-05-26 05:54:04,42.4228286743164,-8.87838554382324,"Female"
"9004154",371995,2025-05-26 05:59:06,42.4225463867188,-8.87827396392822,"Female"
"9004154",371995,2025-05-26 06:04:09,42.4226226806641,-8.87844562530518,"Female"
"9004154",371995,2025-05-26 06:09:09,42.423713684082,-8.88216781616211,"Female"
"9004154",371995,2025-05-26 06:14:08,42.4454116821289,-8.87990570068359,"Female"
"9004154",371995,2025-05-26 06:25:44,42.4431304931641,-8.87686634063721,"Female"
"9004154",371995,2025-05-26 06:48:42,42.4489898681641,-8.8844633102417,"Female"
"9004154",371995,2025-05-26 06:53:41,42.4595222473145,-8.89815330505371,"Female"
"9004154",371995,2025-05-26 06:58:42,42.4603805541992,-8.91055583953857,"Female"
"9004154",371995,2025-05-26 07:04:04,42.4604187011719,-8.91235637664795,"Female"
"9004154",371995,2025-05-26 07:14:05,42.4614028930664,-8.91328907012939,"Female"
"9004154",371995,2025-05-26 07:18:57,42.4611968994141,-8.91371154785156,"Female"
"9004154",371995,2025-05-26 07:23:52,42.4612426757812,-8.9108247756958,"Female"
"9004154",371995,2025-05-26 07:28:55,42.4608421325684,-8.91107654571533,"Female"
"9004154",371995,2025-05-26 07:47:35,42.4607772827148,-8.91401100158691,"Female"
"9004154",371995,2025-05-26 07:52:13,42.459903717041,-8.91387844085693,"Female"
"9004154",371995,2025-05-26 07:57:13,42.4598617553711,-8.91392517089844,"Female"
"9004154",371995,2025-05-26 08:02:13,42.4598808288574,-8.91391468048096,"Female"
"9004154",371995,2025-05-26 08:07:24,42.4598808288574,-8.91386032104492,"Female"
"9004154",371995,2025-05-26 08:12:24,42.4598655700684,-8.91388511657715,"Female"
"9004154",371995,2025-05-26 08:17:24,42.459888458252,-8.91393375396729,"Female"
"9004154",371995,2025-05-26 08:22:25,42.4599189758301,-8.91385078430176,"Female"
"9004154",371995,2025-05-26 08:27:24,42.4599533081055,-8.91393089294434,"Female"
"9004154",371995,2025-05-26 08:32:24,42.4599380493164,-8.91391563415527,"Female"
"9004154",371995,2025-05-26 08:37:43,42.459903717041,-8.91385555267334,"Female"
"9004154",371995,2025-05-26 08:42:24,42.4598922729492,-8.91386795043945,"Female"
"9004154",371995,2025-05-26 08:47:26,42.4602813720703,-8.91361904144287,"Female"
"9004154",371995,2025-05-26 08:52:28,42.4603729248047,-8.91205787658691,"Female"
"9004154",371995,2025-05-26 08:57:25,42.4601593017578,-8.91067600250244,"Female"
"9004154",371995,2025-05-26 09:02:26,42.460563659668,-8.91013240814209,"Female"
"9004154",371995,2025-05-26 09:07:32,42.4604530334473,-8.91077995300293,"Female"
"9004154",371995,2025-05-26 09:12:31,42.460865020752,-8.91303443908691,"Female"
"9004154",371995,2025-05-26 09:17:31,42.4604148864746,-8.91304874420166,"Female"
"9004154",371995,2025-05-26 09:22:46,42.4609718322754,-8.91093444824219,"Female"
"9004154",371995,2025-05-26 09:27:46,42.4599189758301,-8.91058731079102,"Female"
"9004154",371995,2025-05-26 09:33:36,42.4601287841797,-8.91132068634033,"Female"
"9004154",371995,2025-05-26 09:38:34,42.4586029052734,-8.90446376800537,"Female"
"9004154",371995,2025-05-26 09:43:34,42.4585494995117,-8.90429782867432,"Female"
"9004154",371995,2025-05-26 09:48:36,42.4585342407227,-8.90426063537598,"Female"
"9004154",371995,2025-05-26 09:53:36,42.4585456848145,-8.90435218811035,"Female"
"9004154",371995,2025-05-26 09:58:34,42.4585952758789,-8.90435695648193,"Female"
"9004154",371995,2025-05-26 10:03:34,42.458568572998,-8.90431976318359,"Female"
"9004154",371995,2025-05-26 10:08:36,42.4585723876953,-8.90430641174316,"Female"
"9004154",371995,2025-05-26 10:13:44,42.4585571289062,-8.90431308746338,"Female"
"9004154",371995,2025-05-26 10:18:34,42.4585418701172,-8.90427303314209,"Female"
"9004154",371995,2025-05-26 10:23:36,42.4585952758789,-8.90444374084473,"Female"
"9004154",371995,2025-05-26 10:28:34,42.4585304260254,-8.90430068969727,"Female"
"9004154",371995,2025-05-26 10:33:38,42.4585304260254,-8.90428161621094,"Female"
"9004154",371995,2025-05-26 10:39:05,42.4585266113281,-8.90438747406006,"Female"
"9004154",371995,2025-05-26 10:43:33,42.4584503173828,-8.90445137023926,"Female"
"9004154",371995,2025-05-26 10:48:33,42.4584999084473,-8.90440368652344,"Female"
"9004154",371995,2025-05-26 10:53:33,42.4585304260254,-8.90442848205566,"Female"
"9004154",371995,2025-05-26 10:58:33,42.458553314209,-8.90447235107422,"Female"
"9004154",371995,2025-05-26 11:03:34,42.4598236083984,-8.90711307525635,"Female"
"9004154",371995,2025-05-26 11:09:22,42.4605407714844,-8.9104175567627,"Female"
"9004154",371995,2025-05-26 11:14:21,42.4611129760742,-8.91164875030518,"Female"
"9004154",371995,2025-05-26 11:19:22,42.4610557556152,-8.91429424285889,"Female"
"9004154",371995,2025-05-26 11:24:33,42.4610214233398,-8.91427326202393,"Female"
"9004154",371995,2025-05-26 11:30:59,42.4619674682617,-8.91345691680908,"Female"
"9004154",371995,2025-05-26 11:38:11,42.4616012573242,-8.91283321380615,"Female"
"9004154",371995,2025-05-26 11:43:39,42.4612579345703,-8.9121789932251,"Female"
"9004154",371995,2025-05-26 11:49:36,42.4618911743164,-8.91284656524658,"Female"
"9004154",371995,2025-05-26 11:53:49,42.4586639404297,-8.90462017059326,"Female"
"9004154",371995,2025-05-26 11:58:49,42.4586372375488,-8.90446949005127,"Female"
"9004154",371995,2025-05-26 12:03:49,42.4585914611816,-8.90518283843994,"Female"
"9004154",371995,2025-05-26 12:08:49,42.4585990905762,-8.90473651885986,"Female"
"9004154",371995,2025-05-26 12:13:50,42.4585647583008,-8.90569496154785,"Female"
"9004154",371995,2025-05-26 12:18:52,42.4585380554199,-8.90556907653809,"Female"
"9004154",371995,2025-05-26 12:24:00,42.4595756530762,-8.90524673461914,"Female"
"9004154",371995,2025-05-26 12:28:52,42.4595680236816,-8.90521240234375,"Female"
"9004154",371995,2025-05-26 12:33:58,42.4595603942871,-8.9052791595459,"Female"
"9004154",371995,2025-05-26 12:39:14,42.4610557556152,-8.90719223022461,"Female"
"9004154",371995,2025-05-26 12:44:13,42.4606246948242,-8.90955638885498,"Female"
"9004154",371995,2025-05-26 12:49:58,42.4608459472656,-8.91147804260254,"Female"
"9004154",371995,2025-05-26 12:54:57,42.460823059082,-8.91328525543213,"Female"
"9004154",371995,2025-05-26 13:00:37,42.4603309631348,-8.91182136535645,"Female"
"9004154",371995,2025-05-26 13:05:37,42.4580535888672,-8.90261268615723,"Female"
"9004154",371995,2025-05-26 13:10:41,42.4580764770508,-8.90274810791016,"Female"
"9004154",371995,2025-05-26 13:15:36,42.4581031799316,-8.90288829803467,"Female"
"9004154",371995,2025-05-26 13:20:48,42.4580879211426,-8.90284252166748,"Female"
"9004154",371995,2025-05-26 13:25:47,42.4580993652344,-8.90281295776367,"Female"
"9004154",371995,2025-05-26 13:30:38,42.4578094482422,-8.90254688262939,"Female"
"9004154",371995,2025-05-26 13:35:48,42.4581336975098,-8.90301132202148,"Female"
"9004154",371995,2025-05-26 13:40:38,42.4584426879883,-8.90326690673828,"Female"
"9004154",371995,2025-05-26 13:45:48,42.4580268859863,-8.90285110473633,"Female"
"9004154",371995,2025-05-26 13:51:05,42.4581184387207,-8.90289974212646,"Female"
"9004154",371995,2025-05-26 13:55:35,42.458122253418,-8.90292930603027,"Female"
"9004154",371995,2025-05-26 14:00:35,42.4581184387207,-8.90290927886963,"Female"
"9004154",371995,2025-05-26 14:05:35,42.4580688476562,-8.90295124053955,"Female"
"9004154",371995,2025-05-26 14:10:35,42.458080291748,-8.90295314788818,"Female"
"9004154",371995,2025-05-26 14:15:35,42.4581184387207,-8.9029483795166,"Female"
"9004154",371995,2025-05-26 14:20:35,42.4580421447754,-8.90294170379639,"Female"
"9004154",371995,2025-05-26 14:25:35,42.4580726623535,-8.90298748016357,"Female"
"9004154",371995,2025-05-26 14:30:35,42.4580459594727,-8.90298175811768,"Female"
"9004154",371995,2025-05-26 14:35:36,42.4580421447754,-8.90304183959961,"Female"
"9004154",371995,2025-05-26 14:40:35,42.4581069946289,-8.90301418304443,"Female"
"9004154",371995,2025-05-26 14:45:35,42.4580574035645,-8.90301322937012,"Female"
"9004154",371995,2025-05-26 14:50:36,42.4580955505371,-8.90301322937012,"Female"
"9004154",371995,2025-05-26 14:55:35,42.4580993652344,-8.90300464630127,"Female"
"9004154",371995,2025-05-26 15:00:36,42.4580726623535,-8.90298938751221,"Female"
"9004154",371995,2025-05-26 15:05:35,42.4580917358398,-8.90301895141602,"Female"
"9004154",371995,2025-05-26 15:10:49,42.4582366943359,-8.89478492736816,"Female"
"9004154",371995,2025-05-26 15:15:48,42.4579582214355,-8.89344215393066,"Female"
"9004154",371995,2025-05-26 15:20:50,42.4562492370605,-8.88978481292725,"Female"
"9004154",371995,2025-05-26 15:25:48,42.4554061889648,-8.88893604278564,"Female"
"9004154",371995,2025-05-26 15:30:48,42.454647064209,-8.88756275177002,"Female"
"9004154",371995,2025-05-26 15:35:48,42.4537086486816,-8.886305809021,"Female"
"9004154",371995,2025-05-26 15:40:48,42.4521598815918,-8.88524341583252,"Female"
"9004154",371995,2025-05-26 15:45:49,42.4515495300293,-8.88365268707275,"Female"
"9004154",371995,2025-05-26 15:53:58,42.4518585205078,-8.88174343109131,"Female"
"9004154",371995,2025-05-26 15:58:54,42.4516487121582,-8.88233089447021,"Female"
"9004154",371995,2025-05-26 16:05:14,42.4511833190918,-8.88484573364258,"Female"
"9004154",371995,2025-05-26 16:08:56,42.4578666687012,-8.90277862548828,"Female"
"9004154",371995,2025-05-26 16:13:58,42.4578247070312,-8.90277099609375,"Female"
"9004154",371995,2025-05-26 16:18:54,42.4579238891602,-8.90283393859863,"Female"
"9004154",371995,2025-05-26 16:23:54,42.4579391479492,-8.90283203125,"Female"
"9004154",371995,2025-05-26 16:28:55,42.4581642150879,-8.90313339233398,"Female"
"9004154",371995,2025-05-26 16:33:55,42.4579086303711,-8.90282249450684,"Female"
"9004154",371995,2025-05-26 16:38:56,42.4579658508301,-8.90297603607178,"Female"
"9004154",371995,2025-05-26 16:43:55,42.4580192565918,-8.90309619903564,"Female"
"9004154",371995,2025-05-26 16:48:55,42.4579658508301,-8.9029426574707,"Female"
"9004154",371995,2025-05-26 16:54:14,42.458740234375,-8.90378093719482,"Female"
"9004154",371995,2025-05-26 16:58:55,42.4588470458984,-8.90396595001221,"Female"
"9004154",371995,2025-05-26 17:04:03,42.4586715698242,-8.90374851226807,"Female"
"9004154",371995,2025-05-26 17:09:12,42.4581298828125,-8.90299034118652,"Female"
"9004154",371995,2025-05-26 17:13:56,42.456428527832,-8.8902759552002,"Female"
"9004154",371995,2025-05-26 17:18:55,42.4556007385254,-8.88987827301025,"Female"
"9004154",371995,2025-05-26 17:24:21,42.4549674987793,-8.88809871673584,"Female"
"9004154",371995,2025-05-26 17:29:22,42.4544525146484,-8.88630676269531,"Female"
"9004154",371995,2025-05-26 17:34:21,42.4528503417969,-8.88531017303467,"Female"
"9004154",371995,2025-05-26 17:39:49,42.4510078430176,-8.88374042510986,"Female"
"9004154",371995,2025-05-26 17:44:17,42.4498634338379,-8.88280487060547,"Female"
"9004154",371995,2025-05-26 17:49:30,42.4488792419434,-8.88177299499512,"Female"
"9004154",371995,2025-05-26 17:54:25,42.4484710693359,-8.88162612915039,"Female"
"9004154",371995,2025-05-26 18:00:05,42.4462814331055,-8.88039016723633,"Female"
"9004154",371995,2025-05-26 18:05:23,42.4477882385254,-8.88119602203369,"Female"
"9004154",371995,2025-05-26 18:10:23,42.4498710632324,-8.88134288787842,"Female"
"9004154",371995,2025-05-26 18:15:22,42.4596366882324,-8.89814186096191,"Female"
"9004154",371995,2025-05-26 18:20:22,42.4591751098633,-8.89621543884277,"Female"
"9004154",371995,2025-05-26 18:25:29,42.458610534668,-8.89488887786865,"Female"
"9004154",371995,2025-05-26 18:32:09,42.4580955505371,-8.89339828491211,"Female"
"9004154",371995,2025-05-26 18:37:08,42.4579200744629,-8.89337253570557,"Female"
"9004154",371995,2025-05-26 18:42:09,42.4541320800781,-8.88713359832764,"Female"
"9004154",371995,2025-05-26 18:47:12,42.4535064697266,-8.88585472106934,"Female"
"9004154",371995,2025-05-26 18:52:09,42.451732635498,-8.88460159301758,"Female"
"9004154",371995,2025-05-26 18:57:10,42.4499473571777,-8.88361263275146,"Female"
"9004154",371995,2025-05-26 19:02:45,42.4475746154785,-8.88218212127686,"Female"
"9004154",371995,2025-05-26 19:08:05,42.4224700927734,-8.87851333618164,"Female"
"9004154",371995,2025-05-26 19:12:44,42.422794342041,-8.87828826904297,"Female"
"9004154",371995,2025-05-26 19:17:48,42.4227066040039,-8.87830638885498,"Female"
"9004154",371995,2025-05-26 19:23:13,42.4225196838379,-8.87847328186035,"Female"
"9004154",371995,2025-05-26 19:27:49,42.422550201416,-8.87838077545166,"Female"
"9004154",371995,2025-05-26 20:04:03,42.4228591918945,-8.87851333618164,"Female"
"9004154",371995,2025-05-26 20:08:14,42.4224967956543,-8.87862396240234,"Female"
"9004154",371995,2025-05-26 20:12:55,42.4235229492188,-8.87847328186035,"Female"
"9004154",371995,2025-05-26 20:17:56,42.4225769042969,-8.87860298156738,"Female"
"9004154",371995,2025-05-26 20:22:47,42.4225158691406,-8.87847995758057,"Female"
"9004154",371995,2025-05-26 20:27:48,42.4226531982422,-8.87899684906006,"Female"
"9004154",371995,2025-05-26 20:32:47,42.4226531982422,-8.87850189208984,"Female"
"9004154",371995,2025-05-26 20:37:56,42.4222984313965,-8.87854290008545,"Female"
"9004154",371995,2025-05-26 20:42:49,42.4227676391602,-8.8783655166626,"Female"
"9004154",371995,2025-05-26 20:48:15,42.4228744506836,-8.87846374511719,"Female"
"9004154",371995,2025-05-26 20:52:39,42.4227294921875,-8.8783540725708,"Female"
"9004154",371995,2025-05-26 20:57:43,42.4225769042969,-8.87844944000244,"Female"
"9004154",371995,2025-05-26 21:02:43,42.4224281311035,-8.87854480743408,"Female"
"9004154",371995,2025-05-26 21:07:41,42.4226150512695,-8.87825965881348,"Female"
"9004154",371995,2025-05-26 21:12:43,42.4224891662598,-8.87843608856201,"Female"
"9004154",371995,2025-05-26 21:17:43,42.4224891662598,-8.87848377227783,"Female"
"9004154",371995,2025-05-26 21:22:42,42.4225845336914,-8.87818813323975,"Female"
"9004154",371995,2025-05-26 21:27:42,42.4223251342773,-8.87827301025391,"Female"
"9004154",371995,2025-05-26 21:33:05,42.4225730895996,-8.87839126586914,"Female"
"9004154",371995,2025-05-26 21:37:39,42.4225463867188,-8.87851238250732,"Female"
"9004154",371995,2025-05-26 21:42:39,42.4228897094727,-8.87838935852051,"Female"
"9004154",371995,2025-05-26 21:47:41,42.4226570129395,-8.87853336334229,"Female"
"9004154",371995,2025-05-26 21:52:42,42.422908782959,-8.87833690643311,"Female"
"9004154",371995,2025-05-26 21:57:49,42.4226036071777,-8.87870121002197,"Female"
"9004154",371995,2025-05-26 22:02:42,42.4225463867188,-8.87845611572266,"Female"
"9004154",371995,2025-05-26 22:07:47,42.4224662780762,-8.87848567962646,"Female"
"9004154",371995,2025-05-26 22:13:05,42.4225921630859,-8.87857055664062,"Female"
"9004154",371995,2025-05-26 22:17:40,42.422176361084,-8.87889671325684,"Female"
"9004154",371995,2025-05-26 22:22:41,42.4220542907715,-8.87886238098145,"Female"
"9004154",371995,2025-05-26 22:27:41,42.4227333068848,-8.8784008026123,"Female"
"9004154",371995,2025-05-26 22:32:55,42.4226341247559,-8.87838268280029,"Female"
"9004154",371995,2025-05-26 22:38:15,42.4225921630859,-8.87840270996094,"Female"
"9004154",371995,2025-05-26 22:44:03,42.4226112365723,-8.87839508056641,"Female"
"9004154",371995,2025-05-26 22:48:13,42.4225730895996,-8.87855243682861,"Female"
"9004154",371995,2025-05-26 22:53:14,42.4226188659668,-8.87843227386475,"Female"
"9004154",371995,2025-05-26 22:57:40,42.4225234985352,-8.87889957427979,"Female"
"9004154",371995,2025-05-26 23:02:39,42.4225730895996,-8.87854290008545,"Female"
"9004154",371995,2025-05-26 23:07:46,42.4226303100586,-8.87838554382324,"Female"
"9004154",371995,2025-05-26 23:12:42,42.4225387573242,-8.87847232818604,"Female"
"9004154",371995,2025-05-26 23:17:39,42.4227104187012,-8.87827396392822,"Female"
"9004154",371995,2025-05-26 23:22:43,42.4225006103516,-8.87844562530518,"Female"
"9004154",371995,2025-05-26 23:27:39,42.4224815368652,-8.87818336486816,"Female"
"9004154",371995,2025-05-26 23:32:42,42.4226493835449,-8.87844848632812,"Female"
"9004154",371995,2025-05-26 23:37:42,42.4227409362793,-8.87832260131836,"Female"
"9004154",371995,2025-05-26 23:42:40,42.4227867126465,-8.8785982131958,"Female"
"9004154",371995,2025-05-26 23:48:29,42.4225540161133,-8.87847900390625,"Female"
"9004154",371995,2025-05-26 23:52:40,42.4225540161133,-8.87852478027344,"Female"
"9004154",371995,2025-05-26 23:57:40,42.4224472045898,-8.878493309021,"Female"
"9004154",371995,2025-05-27 00:02:39,42.4225196838379,-8.87850475311279,"Female"
"9004154",371995,2025-05-27 00:07:40,42.4225425720215,-8.87853240966797,"Female"
"9004154",371995,2025-05-27 00:12:39,42.4225654602051,-8.8784875869751,"Female"
"9004154",371995,2025-05-27 00:17:40,42.4225196838379,-8.87847232818604,"Female"
"9004154",371995,2025-05-27 00:22:41,42.4225654602051,-8.87848377227783,"Female"
"9004154",371995,2025-05-27 00:27:41,42.4224586486816,-8.87850379943848,"Female"
"9004154",371995,2025-05-27 00:32:41,42.4226341247559,-8.8784646987915,"Female"
"9004154",371995,2025-05-27 00:37:40,42.4225540161133,-8.87845706939697,"Female"
"9004154",371995,2025-05-27 00:42:48,42.4225273132324,-8.87845230102539,"Female"
"9004154",371995,2025-05-27 00:47:41,42.4225273132324,-8.8785228729248,"Female"
"9004154",371995,2025-05-27 00:52:41,42.4226493835449,-8.87843894958496,"Female"
"9004154",371995,2025-05-27 00:57:41,42.4227027893066,-8.87844562530518,"Female"
"9004154",371995,2025-05-27 01:02:45,42.4226837158203,-8.87845706939697,"Female"
"9004154",371995,2025-05-27 01:07:48,42.422607421875,-8.87845039367676,"Female"
"9004154",371995,2025-05-27 01:12:48,42.4225540161133,-8.87845420837402,"Female"
"9004154",371995,2025-05-27 01:17:48,42.4225654602051,-8.87845993041992,"Female"
"9004154",371995,2025-05-27 01:22:48,42.4225807189941,-8.87845516204834,"Female"
"9004154",371995,2025-05-27 01:27:59,42.4225959777832,-8.87844944000244,"Female"
"9004154",371995,2025-05-27 01:33:05,42.4225158691406,-8.87842750549316,"Female"
"9004154",371995,2025-05-27 01:38:07,42.4225196838379,-8.87846946716309,"Female"
"9004154",371995,2025-05-27 01:43:44,42.422477722168,-8.87839221954346,"Female"
"9004154",371995,2025-05-27 01:47:40,42.4225082397461,-8.87842178344727,"Female"
"9004154",371995,2025-05-27 01:52:47,42.4225997924805,-8.87841987609863,"Female"
"9004154",371995,2025-05-27 01:59:03,42.4226722717285,-8.87836742401123,"Female"
"9004154",371995,2025-05-27 02:04:03,42.4225959777832,-8.87837219238281,"Female"
"9004154",371995,2025-05-27 02:08:29,42.4225959777832,-8.87838459014893,"Female"
"9004154",371995,2025-05-27 02:12:47,42.422607421875,-8.87840175628662,"Female"
"9004154",371995,2025-05-27 02:18:13,42.4226417541504,-8.87843704223633,"Female"
"9004154",371995,2025-05-27 02:22:39,42.4226493835449,-8.87857437133789,"Female"
"9004154",371995,2025-05-27 02:27:39,42.4226264953613,-8.87858009338379,"Female"
"9004154",371995,2025-05-27 02:32:41,42.4226150512695,-8.87863063812256,"Female"
"9004154",371995,2025-05-27 02:37:39,42.4225959777832,-8.87867736816406,"Female"
"9004154",371995,2025-05-27 02:42:42,42.4225387573242,-8.87869834899902,"Female"
"9004154",371995,2025-05-27 02:47:54,42.4226455688477,-8.87846374511719,"Female"
"9004154",371995,2025-05-27 02:52:54,42.4226455688477,-8.87843608856201,"Female"
"9004154",371995,2025-05-27 02:57:54,42.4226264953613,-8.87841796875,"Female"
"9004154",371995,2025-05-27 03:02:54,42.422679901123,-8.87843608856201,"Female"
"9004154",371995,2025-05-27 03:07:54,42.4226531982422,-8.8784761428833,"Female"
"9004154",371995,2025-05-27 03:12:54,42.4226531982422,-8.87843227386475,"Female"
"9004154",371995,2025-05-27 03:17:52,42.4225959777832,-8.87847709655762,"Female"
"9004154",371995,2025-05-27 03:23:09,42.422664642334,-8.87850189208984,"Female"
"9004154",371995,2025-05-27 03:27:54,42.4226150512695,-8.87851619720459,"Female"
"9004154",371995,2025-05-27 03:32:53,42.422721862793,-8.8784065246582,"Female"
"9004154",371995,2025-05-27 03:37:57,42.4225845336914,-8.87845134735107,"Female"
"9004154",371995,2025-05-27 03:43:05,42.4226837158203,-8.87846755981445,"Female"
"9004154",371995,2025-05-27 03:47:43,42.4224967956543,-8.87848281860352,"Female"
"9004154",371995,2025-05-27 03:52:44,42.4226226806641,-8.87850761413574,"Female"
"9004154",371995,2025-05-27 03:57:43,42.4226531982422,-8.87848377227783,"Female"
"9004154",371995,2025-05-27 04:02:43,42.4224853515625,-8.8784761428833,"Female"
"9004154",371995,2025-05-27 04:07:46,42.4225082397461,-8.8784065246582,"Female"
"9004154",371995,2025-05-27 04:12:43,42.4224624633789,-8.87850379943848,"Female"
"9004154",371995,2025-05-27 04:17:44,42.422420501709,-8.87852764129639,"Female"
"9004154",371995,2025-05-27 04:22:42,42.4226379394531,-8.87849426269531,"Female"
"9004154",371995,2025-05-27 04:28:00,42.4225387573242,-8.87849807739258,"Female"
"9004154",371995,2025-05-27 04:32:42,42.4226455688477,-8.87845420837402,"Female"
"9004154",371995,2025-05-27 04:37:48,42.4227333068848,-8.87845897674561,"Female"
"9004154",371995,2025-05-27 04:42:47,42.4226608276367,-8.87851428985596,"Female"
"9004154",371995,2025-05-27 04:48:05,42.4226379394531,-8.87847900390625,"Female"
"9004154",371995,2025-05-27 04:52:40,42.4226379394531,-8.87834453582764,"Female"
"9004154",371995,2025-05-27 04:57:40,42.4225692749023,-8.87856578826904,"Female"
"9004154",371995,2025-05-27 05:02:40,42.4227676391602,-8.87860679626465,"Female"
"9004154",371995,2025-05-27 05:07:39,42.4224739074707,-8.87850475311279,"Female"
"9004154",371995,2025-05-27 05:12:54,42.4213905334473,-8.87898731231689,"Female"
"9004154",371995,2025-05-27 05:18:22,42.4239807128906,-8.87838745117188,"Female"
"9004154",371995,2025-05-27 05:23:06,42.4305305480957,-8.87893772125244,"Female"
"9004154",371995,2025-05-27 05:28:37,42.4396476745605,-8.87550830841064,"Female"
"9004154",371995,2025-05-27 05:33:32,42.4422378540039,-8.87680816650391,"Female"
"9004154",371995,2025-05-27 05:38:32,42.4606781005859,-8.90936279296875,"Female"
"9004154",371995,2025-05-27 05:46:12,42.4597816467285,-8.91107368469238,"Female"
"9004154",371995,2025-05-27 05:51:15,42.4608535766602,-8.91149616241455,"Female"
"9004154",371995,2025-05-27 05:56:12,42.4606742858887,-8.91262817382812,"Female"
"9004154",371995,2025-05-27 06:01:10,42.4581871032715,-8.90310478210449,"Female"
"9004154",371995,2025-05-27 06:06:10,42.4581527709961,-8.90309238433838,"Female"
"9004154",371995,2025-05-27 06:11:10,42.4582214355469,-8.90312004089355,"Female"
"9004154",371995,2025-05-27 06:16:34,42.4580688476562,-8.90295219421387,"Female"
"9004154",371995,2025-05-27 06:21:09,42.4580535888672,-8.90291309356689,"Female"
"9004154",371995,2025-05-27 06:26:09,42.4580535888672,-8.90295124053955,"Female"
"9004154",371995,2025-05-27 06:31:10,42.458080291748,-8.90291595458984,"Female"
"9004154",371995,2025-05-27 06:36:09,42.4580459594727,-8.90291786193848,"Female"
"9004154",371995,2025-05-27 06:41:10,42.4580230712891,-8.90292167663574,"Female"
"9004154",371995,2025-05-27 06:46:10,42.4580841064453,-8.90292263031006,"Female"
"9004154",371995,2025-05-27 06:51:10,42.4580497741699,-8.9028902053833,"Female"
"9004154",371995,2025-05-27 06:56:10,42.4580116271973,-8.90285778045654,"Female"
"9004154",371995,2025-05-27 07:01:10,42.4580192565918,-8.90291118621826,"Female"
"9004154",371995,2025-05-27 07:06:09,42.4579200744629,-8.9030065536499,"Female"
"9004154",371995,2025-05-27 07:11:09,42.4578323364258,-8.90293979644775,"Female"
"9004154",371995,2025-05-27 07:16:10,42.4579963684082,-8.90294170379639,"Female"
"9004154",371995,2025-05-27 07:21:10,42.4580841064453,-8.90297889709473,"Female"
"9004154",371995,2025-05-27 07:26:10,42.4580192565918,-8.90289115905762,"Female"
"9004154",371995,2025-05-27 07:31:09,42.4578056335449,-8.90284156799316,"Female"
"9004154",371995,2025-05-27 07:36:09,42.4580001831055,-8.90289306640625,"Female"
"9004154",371995,2025-05-27 07:41:12,42.4602317810059,-8.91106414794922,"Female"
"9004154",371995,2025-05-27 07:46:45,42.4610023498535,-8.911208152771,"Female"
"9004154",371995,2025-05-27 07:51:59,42.4607543945312,-8.91225051879883,"Female"
"9004154",371995,2025-05-27 07:57:01,42.4601898193359,-8.91372585296631,"Female"
"9004154",371995,2025-05-27 08:01:57,42.4596786499023,-8.91122722625732,"Female"
"9004154",371995,2025-05-27 08:12:19,42.4589500427246,-8.91500377655029,"Female"
"9004154",371995,2025-05-27 08:21:02,42.4606895446777,-8.91183185577393,"Female"
"9004154",371995,2025-05-27 08:26:01,42.4593849182129,-8.91260623931885,"Female"
"9004154",371995,2025-05-27 08:31:12,42.4579238891602,-8.91383075714111,"Female"
"9004154",371995,2025-05-27 08:38:34,42.4563827514648,-8.91326999664307,"Female"
"9004154",371995,2025-05-27 08:43:32,42.4547348022461,-8.91827297210693,"Female"
"9004154",371995,2025-05-27 08:48:39,42.454761505127,-8.91838836669922,"Female"
"9004154",371995,2025-05-27 08:53:30,42.454647064209,-8.91804599761963,"Female"
"9004154",371995,2025-05-27 08:58:39,42.4548110961914,-8.91841697692871,"Female"
"9004154",371995,2025-05-27 09:03:31,42.4548225402832,-8.9185962677002,"Female"
"9004154",371995,2025-05-27 09:08:39,42.4548072814941,-8.91842746734619,"Female"
"9004154",371995,2025-05-27 09:13:30,42.4547958374023,-8.91841888427734,"Female"
"9004154",371995,2025-05-27 09:18:39,42.4547958374023,-8.9183874130249,"Female"
"9004154",371995,2025-05-27 09:23:30,42.4547004699707,-8.9178581237793,"Female"
"9004154",371995,2025-05-27 09:28:39,42.4547843933105,-8.91833400726318,"Female"
"9004154",371995,2025-05-27 09:33:31,42.4548149108887,-8.91855049133301,"Female"
"9004154",371995,2025-05-27 09:38:39,42.4547805786133,-8.91833686828613,"Female"
"9004154",371995,2025-05-27 09:43:31,42.454662322998,-8.9175853729248,"Female"
"9004154",371995,2025-05-27 09:48:39,42.4547729492188,-8.91829013824463,"Female"
"9004154",371995,2025-05-27 09:53:33,42.4548110961914,-8.91840934753418,"Female"
"9004154",371995,2025-05-27 09:58:39,42.4547843933105,-8.91824913024902,"Female"
"9004154",371995,2025-05-27 10:03:39,42.454776763916,-8.91829204559326,"Female"
"9004154",371995,2025-05-27 10:08:39,42.4547843933105,-8.91824817657471,"Female"
"9004154",371995,2025-05-27 10:14:07,42.4525299072266,-8.91413593292236,"Female"
"9004154",371995,2025-05-27 10:20:07,42.4592742919922,-8.91240501403809,"Female"
"9004154",371995,2025-05-27 10:25:09,42.4601745605469,-8.91139602661133,"Female"
"9004154",371995,2025-05-27 10:31:15,42.4578399658203,-8.91262626647949,"Female"
"9004154",371995,2025-05-27 10:36:09,42.4594497680664,-8.91237831115723,"Female"
"9004154",371995,2025-05-27 10:41:44,42.459774017334,-8.91196346282959,"Female"
"9004154",371995,2025-05-27 10:46:24,42.4597282409668,-8.90852451324463,"Female"
"9004154",371995,2025-05-27 10:55:34,42.4577331542969,-8.90818119049072,"Female"
"9004154",371995,2025-05-27 11:01:06,42.457347869873,-8.90669822692871,"Female"
"9004154",371995,2025-05-27 11:06:08,42.4557647705078,-8.90598678588867,"Female"
"9004154",371995,2025-05-27 11:11:38,42.4564666748047,-8.90422344207764,"Female"
"9004154",371995,2025-05-27 11:16:42,42.4580497741699,-8.90285396575928,"Female"
"9004154",371995,2025-05-27 11:21:41,42.4580307006836,-8.90291595458984,"Female"
"9004154",371995,2025-05-27 11:26:42,42.4579582214355,-8.90294933319092,"Female"
"9004154",371995,2025-05-27 11:32:05,42.4580383300781,-8.90290451049805,"Female"
"9004154",371995,2025-05-27 11:36:36,42.4579696655273,-8.90299797058105,"Female"
"9004154",371995,2025-05-27 11:41:37,42.4582176208496,-8.90283679962158,"Female"
"9004154",371995,2025-05-27 11:46:38,42.4582939147949,-8.90278911590576,"Female"
"9004154",371995,2025-05-27 11:51:37,42.4581718444824,-8.90283203125,"Female"
"9004154",371995,2025-05-27 11:56:38,42.4584083557129,-8.90266799926758,"Female"
"9004154",371995,2025-05-27 12:01:38,42.4582481384277,-8.90273666381836,"Female"
"9004154",371995,2025-05-27 12:06:39,42.4583282470703,-8.90273857116699,"Female"
"9004154",371995,2025-05-27 12:11:38,42.4582557678223,-8.90267944335938,"Female"
"9004154",371995,2025-05-27 12:16:41,42.4581260681152,-8.90312671661377,"Female"
"9004154",371995,2025-05-27 12:21:37,42.4581756591797,-8.90278625488281,"Female"
"9004154",371995,2025-05-27 12:26:38,42.458122253418,-8.90290260314941,"Female"
"9004154",371995,2025-05-27 12:31:37,42.4581031799316,-8.90295124053955,"Female"
"9004154",371995,2025-05-27 12:36:37,42.4580688476562,-8.90296936035156,"Female"
"9004154",371995,2025-05-27 12:41:40,42.4570541381836,-8.8987340927124,"Female"
"9004154",371995,2025-05-27 12:47:26,42.4549140930176,-8.89783477783203,"Female"
"9004154",371995,2025-05-27 12:52:24,42.4527969360352,-8.89631938934326,"Female"
"9004154",371995,2025-05-27 12:57:24,42.4480743408203,-8.88393688201904,"Female"
"9004154",371995,2025-05-27 13:02:23,42.4439163208008,-8.87925243377686,"Female"
"9004154",371995,2025-05-27 13:07:24,42.4432792663574,-8.87787055969238,"Female"
"9004154",371995,2025-05-27 13:12:23,42.441822052002,-8.87684726715088,"Female"
"9004154",371995,2025-05-27 13:17:26,42.4408340454102,-8.87530708312988,"Female"
"9004154",371995,2025-05-27 13:22:23,42.4378814697266,-8.8740177154541,"Female"
"9004154",371995,2025-05-27 13:27:50,42.4381561279297,-8.87347030639648,"Female"
"9004154",371995,2025-05-27 13:32:54,42.4377555847168,-8.87294578552246,"Female"
"9004154",371995,2025-05-27 13:38:07,42.4369926452637,-8.8737154006958,"Female"
"9004154",371995,2025-05-27 13:44:30,42.4365882873535,-8.8746280670166,"Female"
"9004154",371995,2025-05-27 13:48:44,42.4372444152832,-8.87747001647949,"Female"
"9004154",371995,2025-05-27 13:53:06,42.437255859375,-8.87747192382812,"Female"
"9004154",371995,2025-05-27 13:58:22,42.437141418457,-8.87739562988281,"Female"
"9004154",371995,2025-05-27 14:03:22,42.4372062683105,-8.87749004364014,"Female"
"9004154",371995,2025-05-27 14:08:18,42.4372825622559,-8.87751197814941,"Female"
"9004154",371995,2025-05-27 14:13:25,42.4370803833008,-8.87743854522705,"Female"
"9004154",371995,2025-05-27 14:18:23,42.4371643066406,-8.87746429443359,"Female"
"9004154",371995,2025-05-27 14:23:22,42.4371719360352,-8.87756824493408,"Female"
"9004154",371995,2025-05-27 14:28:17,42.4371795654297,-8.87756538391113,"Female"
"9004154",371995,2025-05-27 14:33:23,42.4373054504395,-8.87753963470459,"Female"
"9004154",371995,2025-05-27 14:38:17,42.4373245239258,-8.87758731842041,"Female"
"9004154",371995,2025-05-27 14:43:19,42.437126159668,-8.87754249572754,"Female"
"9004154",371995,2025-05-27 14:48:35,42.4373207092285,-8.8776798248291,"Female"
"9004154",371995,2025-05-27 14:53:16,42.4372100830078,-8.87769603729248,"Female"
"9004154",371995,2025-05-27 14:58:16,42.4372634887695,-8.87766742706299,"Female"
"9004154",371995,2025-05-27 15:03:16,42.4373359680176,-8.87775230407715,"Female"
"9004154",371995,2025-05-27 15:08:16,42.4371223449707,-8.87764644622803,"Female"
"9004154",371995,2025-05-27 15:13:18,42.4373054504395,-8.87757396697998,"Female"
"9004154",371995,2025-05-27 15:18:18,42.4372520446777,-8.8776216506958,"Female"
"9004154",371995,2025-05-27 15:23:18,42.4372177124023,-8.87763690948486,"Female"
"9004154",371995,2025-05-27 15:28:18,42.4373588562012,-8.87761306762695,"Female"
"9004154",371995,2025-05-27 15:34:51,42.4402885437012,-8.87512111663818,"Female"
"9004154",371995,2025-05-27 15:40:02,42.4390716552734,-8.87479591369629,"Female"
"9004154",371995,2025-05-27 15:45:00,42.4403381347656,-8.87573337554932,"Female"
"9004154",371995,2025-05-27 15:50:48,42.4406356811523,-8.87608337402344,"Female"
"9004154",371995,2025-05-27 15:56:24,42.4406967163086,-8.87409400939941,"Female"
"9004154",371995,2025-05-27 16:16:45,42.4419937133789,-8.87641334533691,"Female"
"9004154",371995,2025-05-27 16:21:46,42.4419555664062,-8.87605476379395,"Female"
"9004154",371995,2025-05-27 16:26:52,42.4401893615723,-8.87641906738281,"Female"
"9004154",371995,2025-05-27 16:31:50,42.4370231628418,-8.87777328491211,"Female"
"9004154",371995,2025-05-27 16:36:48,42.4370269775391,-8.87775611877441,"Female"
"9004154",371995,2025-05-27 16:41:49,42.437068939209,-8.87776947021484,"Female"
"9004154",371995,2025-05-27 16:46:49,42.4369773864746,-8.87772941589355,"Female"
"9004154",371995,2025-05-27 16:51:49,42.4370574951172,-8.87770938873291,"Female"
"9004154",371995,2025-05-27 16:56:49,42.4370880126953,-8.87780094146729,"Female"
"9004154",371995,2025-05-27 17:01:49,42.4370536804199,-8.87775611877441,"Female"
"9004154",371995,2025-05-27 17:06:49,42.4370651245117,-8.87777519226074,"Female"
"9004154",371995,2025-05-27 17:11:49,42.4370994567871,-8.87777900695801,"Female"
"9004154",371995,2025-05-27 17:16:49,42.4417266845703,-8.87850379943848,"Female"
"9004154",371995,2025-05-27 17:22:02,42.4440574645996,-8.87680625915527,"Female"
"9004154",371995,2025-05-27 17:26:49,42.4486618041992,-8.88008880615234,"Female"
"9004154",371995,2025-05-27 17:31:57,42.4599342346191,-8.89865016937256,"Female"
"9004154",371995,2025-05-27 17:37:04,42.4594993591309,-8.89723205566406,"Female"
"9004154",371995,2025-05-27 17:42:03,42.4602203369141,-8.89841556549072,"Female"
"9004154",371995,2025-05-27 17:47:40,42.460578918457,-8.89905738830566,"Female"
"9004154",371995,2025-05-27 17:52:40,42.4589996337891,-8.90462589263916,"Female"
"9004154",371995,2025-05-27 17:57:42,42.4607353210449,-8.90744876861572,"Female"
"9004154",371995,2025-05-27 18:02:50,42.4604873657227,-8.90830516815186,"Female"
"9004154",371995,2025-05-27 18:10:22,42.4609413146973,-8.9111328125,"Female"
"9004154",371995,2025-05-27 18:18:44,42.4616661071777,-8.91154003143311,"Female"
"9004154",371995,2025-05-27 18:26:54,42.4611587524414,-8.90813732147217,"Female"
"9004154",371995,2025-05-27 18:33:18,42.4603691101074,-8.90737915039062,"Female"
"9004154",371995,2025-05-27 18:39:17,42.460506439209,-8.9090461730957,"Female"
"9004154",371995,2025-05-27 19:07:46,42.461238861084,-8.91252613067627,"Female"
"9004154",371995,2025-05-27 19:29:05,42.4598236083984,-8.90653419494629,"Female"
"9004154",371995,2025-05-27 19:33:45,42.4265289306641,-8.8803071975708,"Female"
"9004154",371995,2025-05-27 19:39:14,42.4232330322266,-8.87856674194336,"Female"
"9004154",371995,2025-05-27 21:33:05,42.4225845336914,-8.87869071960449,"Female"
"9004154",371995,2025-05-27 21:37:46,42.4225692749023,-8.87889385223389,"Female"
"9004154",371995,2025-05-27 21:42:48,42.4225463867188,-8.87876319885254,"Female"
"9004154",371995,2025-05-27 21:48:00,42.4225730895996,-8.87860107421875,"Female"
"9004154",371995,2025-05-27 21:53:05,42.422492980957,-8.87852001190186,"Female"
"9004154",371995,2025-05-27 21:57:38,42.4225082397461,-8.87847709655762,"Female"
"9004154",371995,2025-05-27 22:02:39,42.4224700927734,-8.87854862213135,"Female"
"9004154",371995,2025-05-27 22:07:50,42.4224700927734,-8.87850570678711,"Female"
"9004154",371995,2025-05-27 22:12:40,42.422721862793,-8.87843990325928,"Female"
"9004154",371995,2025-05-27 22:17:49,42.4225845336914,-8.87847900390625,"Female"
"9004154",371995,2025-05-27 22:22:41,42.4223175048828,-8.87869262695312,"Female"
"9004154",371995,2025-05-27 22:28:03,42.422534942627,-8.87846374511719,"Female"
"9004154",371995,2025-05-27 22:32:48,42.4226226806641,-8.87849426269531,"Female"
"9004154",371995,2025-05-27 22:37:48,42.4224472045898,-8.8786096572876,"Female"
"9004154",371995,2025-05-27 22:43:05,42.4224128723145,-8.87855529785156,"Female"
"9004154",371995,2025-05-27 22:47:48,42.4225616455078,-8.87849903106689,"Female"
"9004154",371995,2025-05-27 22:52:41,42.4224815368652,-8.87858200073242,"Female"
"9004154",371995,2025-05-27 22:57:50,42.4225120544434,-8.87862968444824,"Female"
"9004154",371995,2025-05-27 23:03:16,42.4225883483887,-8.87850666046143,"Female"
"9004154",371995,2025-05-27 23:07:39,42.4227981567383,-8.8784351348877,"Female"
"9004154",371995,2025-05-27 23:12:41,42.4225311279297,-8.87856769561768,"Female"
"9004154",371995,2025-05-27 23:17:38,42.4227638244629,-8.87840843200684,"Female"
"9004154",371995,2025-05-27 23:22:38,42.422981262207,-8.87861633300781,"Female"
"9004154",371995,2025-05-27 23:27:40,42.4227180480957,-8.87825298309326,"Female"
"9004154",371995,2025-05-27 23:32:38,42.4226531982422,-8.87859916687012,"Female"
"9004154",371995,2025-05-27 23:37:39,42.4225425720215,-8.87840938568115,"Female"
"9004154",371995,2025-05-27 23:42:39,42.422534942627,-8.87845897674561,"Female"
"9004154",371995,2025-05-27 23:47:39,42.4224815368652,-8.87872123718262,"Female"
"9004154",371995,2025-05-27 23:52:39,42.4226608276367,-8.87857341766357,"Female"
"9004154",371995,2025-05-27 23:57:39,42.4225006103516,-8.87889575958252,"Female"
"9004154",371995,2025-05-28 00:02:40,42.4228706359863,-8.87884330749512,"Female"
"9004154",371995,2025-05-28 00:07:40,42.4225997924805,-8.88035869598389,"Female"
"9004154",371995,2025-05-28 00:12:40,42.422550201416,-8.87976169586182,"Female"
"9004154",371995,2025-05-28 00:17:40,42.4226531982422,-8.87889003753662,"Female"
"9004154",371995,2025-05-28 00:22:39,42.4223136901855,-8.88304710388184,"Female"
"9004154",371995,2025-05-28 00:27:42,42.4228324890137,-8.87539291381836,"Female"
"9004154",371995,2025-05-28 00:32:52,42.4225921630859,-8.87845516204834,"Female"
"9004154",371995,2025-05-28 00:37:51,42.4225463867188,-8.87851047515869,"Female"
"9004154",371995,2025-05-28 00:43:05,42.4226379394531,-8.87856960296631,"Female"
"9004154",371995,2025-05-28 00:47:42,42.4227104187012,-8.87854385375977,"Female"
"9004154",371995,2025-05-28 00:52:49,42.4225921630859,-8.87854385375977,"Female"
"9004154",371995,2025-05-28 00:58:00,42.4226188659668,-8.87848949432373,"Female"
"9004154",371995,2025-05-28 01:03:01,42.4225692749023,-8.87852954864502,"Female"
"9004154",371995,2025-05-28 01:07:50,42.4225692749023,-8.87856578826904,"Female"
"9004154",371995,2025-05-28 01:13:12,42.4225616455078,-8.87849044799805,"Female"
"9004154",371995,2025-05-28 01:17:39,42.422477722168,-8.87849235534668,"Female"
"9004154",371995,2025-05-28 01:22:39,42.4222640991211,-8.87862777709961,"Female"
"9004154",371995,2025-05-28 01:27:40,42.4224700927734,-8.87852001190186,"Female"
"9004154",371995,2025-05-28 01:33:35,42.4225883483887,-8.8784646987915,"Female"
"9004154",371995,2025-05-28 01:37:43,42.4225234985352,-8.87853527069092,"Female"
"9004154",371995,2025-05-28 01:42:41,42.4225120544434,-8.87850666046143,"Female"
"9004154",371995,2025-05-28 01:47:43,42.4224700927734,-8.87839126586914,"Female"
"9004154",371995,2025-05-28 01:52:42,42.4225692749023,-8.87840366363525,"Female"
"9004154",371995,2025-05-28 01:57:43,42.4225654602051,-8.87844276428223,"Female"
"9004154",371995,2025-05-28 02:02:45,42.422534942627,-8.87838935852051,"Female"
"9004154",371995,2025-05-28 02:07:41,42.4224433898926,-8.87831592559814,"Female"
"9004154",371995,2025-05-28 02:12:38,42.4225234985352,-8.87835693359375,"Female"
"9004154",371995,2025-05-28 02:17:56,42.4225883483887,-8.87843799591064,"Female"
"9004154",371995,2025-05-28 02:22:38,42.4224967956543,-8.87827491760254,"Female"
"9004154",371995,2025-05-28 02:27:40,42.4225730895996,-8.87845325469971,"Female"
"9004154",371995,2025-05-28 02:32:40,42.4226303100586,-8.87837600708008,"Female"
"9004154",371995,2025-05-28 02:37:47,42.4224662780762,-8.87850189208984,"Female"
"9004154",371995,2025-05-28 02:42:50,42.4225616455078,-8.87854862213135,"Female"
"9004154",371995,2025-05-28 02:48:05,42.4227027893066,-8.87845230102539,"Female"
"9004154",371995,2025-05-28 02:52:40,42.422794342041,-8.87798118591309,"Female"
"9004154",371995,2025-05-28 02:57:48,42.4226112365723,-8.87841033935547,"Female"
"9004154",371995,2025-05-28 03:02:39,42.4225769042969,-8.87889099121094,"Female"
"9004154",371995,2025-05-28 03:07:47,42.4227485656738,-8.87844467163086,"Female"
"9004154",371995,2025-05-28 03:12:41,42.4227561950684,-8.87824821472168,"Female"
"9004154",371995,2025-05-28 03:18:14,42.4227409362793,-8.87841606140137,"Female"
"9004154",371995,2025-05-28 03:22:41,42.4226264953613,-8.87842655181885,"Female"
"9004154",371995,2025-05-28 03:27:38,42.422550201416,-8.87842559814453,"Female"
"9004154",371995,2025-05-28 03:32:38,42.4226303100586,-8.87838459014893,"Female"
"9004154",371995,2025-05-28 03:37:38,42.4227409362793,-8.87838268280029,"Female"
"9004154",371995,2025-05-28 03:42:38,42.4226722717285,-8.87843704223633,"Female"
"9004154",371995,2025-05-28 03:48:05,42.4226875305176,-8.87847423553467,"Female"
"9004154",371995,2025-05-28 03:52:39,42.4226913452148,-8.87842845916748,"Female"
"9004154",371995,2025-05-28 03:57:38,42.4228439331055,-8.87855815887451,"Female"
"9004154",371995,2025-05-28 04:02:38,42.4226837158203,-8.87844371795654,"Female"
"9004154",371995,2025-05-28 04:07:39,42.4226684570312,-8.87843894958496,"Female"
"9004154",371995,2025-05-28 04:12:39,42.4226608276367,-8.87847137451172,"Female"
"9004154",371995,2025-05-28 04:17:41,42.4226379394531,-8.87840366363525,"Female"
"9004154",371995,2025-05-28 04:22:38,42.4226379394531,-8.8782958984375,"Female"
"9004154",371995,2025-05-28 04:27:39,42.4225921630859,-8.87846755981445,"Female"
"9004154",371995,2025-05-28 04:32:41,42.4224891662598,-8.87847900390625,"Female"
"9004154",371995,2025-05-28 04:38:00,42.4226531982422,-8.8784818649292,"Female"
"9004154",371995,2025-05-28 04:42:51,42.4226722717285,-8.87851715087891,"Female"
"9004154",371995,2025-05-28 04:47:48,42.4226875305176,-8.87849807739258,"Female"
"9004154",371995,2025-05-28 04:52:43,42.4226150512695,-8.87848472595215,"Female"
"9004154",371995,2025-05-28 04:57:49,42.4226341247559,-8.87855529785156,"Female"
"9004154",371995,2025-05-28 05:03:05,42.4226417541504,-8.87853622436523,"Female"
"9004154",371995,2025-05-28 05:07:39,42.4226188659668,-8.87842750549316,"Female"
"9004154",371995,2025-05-28 05:12:39,42.4224281311035,-8.87862491607666,"Female"
"9004154",371995,2025-05-28 05:17:39,42.4225234985352,-8.87860679626465,"Female"
"9004154",371995,2025-05-28 05:22:39,42.4314460754395,-8.87860298156738,"Female"
"9004154",371995,2025-05-28 05:29:25,42.4461517333984,-8.87737464904785,"Female"
"9004154",371995,2025-05-28 05:34:33,42.4468612670898,-8.87727546691895,"Female"
"9004154",371995,2025-05-28 05:39:34,42.4482116699219,-8.87819862365723,"Female"
"9004154",371995,2025-05-28 05:44:33,42.4500961303711,-8.88130569458008,"Female"
"9004154",371995,2025-05-28 05:49:33,42.4612808227539,-8.91133880615234,"Female"
"9004154",371995,2025-05-28 05:54:46,42.4619369506836,-8.91139793395996,"Female"
"9004154",371995,2025-05-28 05:59:50,42.4614906311035,-8.90796947479248,"Female"
"9004154",371995,2025-05-28 06:05:14,42.4609298706055,-8.91169261932373,"Female"
"9004154",371995,2025-05-28 06:09:55,42.4611320495605,-8.91339111328125,"Female"
"9004154",371995,2025-05-28 06:15:15,42.4611549377441,-8.91396331787109,"Female"
"9004154",371995,2025-05-28 06:20:28,42.461238861084,-8.9144811630249,"Female"
"9004154",371995,2025-05-28 06:25:57,42.4611434936523,-8.91393566131592,"Female"
"9004154",371995,2025-05-28 06:31:20,42.4611892700195,-8.9138765335083,"Female"
"9004154",371995,2025-05-28 06:36:21,42.4606132507324,-8.91343021392822,"Female"
"9004154",371995,2025-05-28 06:41:21,42.4580612182617,-8.90303230285645,"Female"
"9004154",371995,2025-05-28 06:46:35,42.4581146240234,-8.90305805206299,"Female"
"9004154",371995,2025-05-28 06:51:53,42.4580268859863,-8.90286064147949,"Female"
"9004154",371995,2025-05-28 06:56:20,42.4580230712891,-8.90280151367188,"Female"
"9004154",371995,2025-05-28 07:01:19,42.4579582214355,-8.90284442901611,"Female"
"9004154",371995,2025-05-28 07:07:52,42.4580917358398,-8.90274715423584,"Female"
"9004154",371995,2025-05-28 07:34:02,42.4580841064453,-8.90286636352539,"Female"
"9004154",371995,2025-05-28 07:39:02,42.4581031799316,-8.90286445617676,"Female"
"9004154",371995,2025-05-28 07:44:02,42.4580345153809,-8.90287971496582,"Female"
"9004154",371995,2025-05-28 07:49:02,42.4581069946289,-8.90276622772217,"Female"
"9004154",371995,2025-05-28 07:54:03,42.4583168029785,-8.90379428863525,"Female"
"9004154",371995,2025-05-28 07:59:03,42.4589729309082,-8.90983581542969,"Female"
"9004154",371995,2025-05-28 08:06:29,42.4598541259766,-8.91001605987549,"Female"
"9004154",371995,2025-05-28 08:10:40,42.4605178833008,-8.91094589233398,"Female"
"9004154",371995,2025-05-28 08:15:40,42.4604835510254,-8.91174221038818,"Female"
"9004154",371995,2025-05-28 08:20:42,42.460205078125,-8.90834712982178,"Female"
"9004154",371995,2025-05-28 08:27:11,42.4606246948242,-8.90858745574951,"Female"
"9004154",371995,2025-05-28 08:32:10,42.4600639343262,-8.9096155166626,"Female"
"9004154",371995,2025-05-28 08:37:29,42.4599571228027,-8.91233730316162,"Female"
"9004154",371995,2025-05-28 08:42:45,42.4588012695312,-8.91316032409668,"Female"
"9004154",371995,2025-05-28 08:47:44,42.4568061828613,-8.90696430206299,"Female"
"9004154",371995,2025-05-28 08:54:53,42.4583129882812,-8.89605236053467,"Female"
"9004154",371995,2025-05-28 09:02:09,42.4584465026855,-8.89487934112549,"Female"
"9004154",371995,2025-05-28 09:07:07,42.4575386047363,-8.89560222625732,"Female"
"9004154",371995,2025-05-28 09:12:07,42.4568176269531,-8.89319324493408,"Female"
"9004154",371995,2025-05-28 09:17:07,42.456413269043,-8.89656925201416,"Female"
"9004154",371995,2025-05-28 09:22:07,42.4580345153809,-8.90269374847412,"Female"
"9004154",371995,2025-05-28 09:27:06,42.4580497741699,-8.90261936187744,"Female"
"9004154",371995,2025-05-28 09:32:09,42.4580192565918,-8.9025821685791,"Female"
"9004154",371995,2025-05-28 09:37:09,42.4580154418945,-8.90281009674072,"Female"
"9004154",371995,2025-05-28 09:42:09,42.4580078125,-8.9026050567627,"Female"
"9004154",371995,2025-05-28 09:47:09,42.4580154418945,-8.90260124206543,"Female"
"9004154",371995,2025-05-28 09:52:09,42.4580116271973,-8.9025764465332,"Female"
"9004154",371995,2025-05-28 09:57:09,42.4580039978027,-8.90252208709717,"Female"
"9004154",371995,2025-05-28 10:02:14,42.4580345153809,-8.90250205993652,"Female"
"9004154",371995,2025-05-28 10:07:09,42.4579925537109,-8.90236759185791,"Female"
"9004154",371995,2025-05-28 10:12:09,42.4579620361328,-8.90240383148193,"Female"
"9004154",371995,2025-05-28 10:17:35,42.4579963684082,-8.90286064147949,"Female"
"9004154",371995,2025-05-28 10:22:04,42.457935333252,-8.90282154083252,"Female"
"9004154",371995,2025-05-28 10:27:04,42.4579162597656,-8.90279960632324,"Female"
"9004154",371995,2025-05-28 10:32:04,42.4579238891602,-8.90280532836914,"Female"
"9004154",371995,2025-05-28 10:37:06,42.4579391479492,-8.9027738571167,"Female"
"9004154",371995,2025-05-28 10:42:55,42.4534111022949,-8.89717960357666,"Female"
"9004154",371995,2025-05-28 10:48:40,42.4524726867676,-8.89320850372314,"Female"
"9004154",371995,2025-05-28 10:53:59,42.4513206481934,-8.89090728759766,"Female"
"9004154",371995,2025-05-28 11:00:31,42.4505920410156,-8.88852119445801,"Female"
"9004154",371995,2025-05-28 11:05:33,42.4492568969727,-8.88683223724365,"Female"
"9004154",371995,2025-05-28 11:10:31,42.4475479125977,-8.88580799102783,"Female"
"9004154",371995,2025-05-28 11:15:41,42.4373092651367,-8.87780952453613,"Female"
"9004154",371995,2025-05-28 11:21:03,42.4372901916504,-8.87777137756348,"Female"
"9004154",371995,2025-05-28 11:26:04,42.4374732971191,-8.87782764434814,"Female"
"9004154",371995,2025-05-28 11:31:04,42.4372329711914,-8.87766647338867,"Female"
"9004154",371995,2025-05-28 11:36:03,42.437313079834,-8.87768936157227,"Female"
"9004154",371995,2025-05-28 11:41:07,42.4373970031738,-8.87774467468262,"Female"
"9004154",371995,2025-05-28 11:46:17,42.4374237060547,-8.87773418426514,"Female"
"9004154",371995,2025-05-28 11:51:35,42.4373817443848,-8.87770366668701,"Female"
"9004154",371995,2025-05-28 11:56:06,42.437385559082,-8.87770843505859,"Female"
"9004154",371995,2025-05-28 12:01:14,42.4373741149902,-8.87768840789795,"Female"
"9004154",371995,2025-05-28 12:06:03,42.4373359680176,-8.87778568267822,"Female"
"9004154",371995,2025-05-28 12:11:06,42.4374046325684,-8.87771987915039,"Female"
"9004154",371995,2025-05-28 12:16:07,42.4374008178711,-8.87766742706299,"Female"
"9004154",371995,2025-05-28 12:21:04,42.4374198913574,-8.87766742706299,"Female"
"9004154",371995,2025-05-28 12:26:03,42.4373397827148,-8.87770652770996,"Female"
"9004154",371995,2025-05-28 12:31:04,42.4373664855957,-8.87768268585205,"Female"
"9004154",371995,2025-05-28 12:36:03,42.4373893737793,-8.87774658203125,"Female"
"9004154",371995,2025-05-28 12:41:03,42.4373168945312,-8.87777423858643,"Female"
"9004154",371995,2025-05-28 12:46:04,42.4373359680176,-8.87758255004883,"Female"
"9004154",371995,2025-05-28 12:51:04,42.4373779296875,-8.87762260437012,"Female"
"9004154",371995,2025-05-28 12:56:09,42.4373321533203,-8.87763500213623,"Female"
"9004154",371995,2025-05-28 13:01:04,42.4373435974121,-8.87761974334717,"Female"
"9004154",371995,2025-05-28 13:06:04,42.4373550415039,-8.87765979766846,"Female"
"9004154",371995,2025-05-28 13:11:04,42.4373664855957,-8.87760925292969,"Female"
"9004154",371995,2025-05-28 13:18:53,42.4444694519043,-8.87717342376709,"Female"
"9004154",371995,2025-05-28 13:23:42,42.4457740783691,-8.87728404998779,"Female"
"9004154",371995,2025-05-28 13:28:42,42.4485092163086,-8.87965393066406,"Female"
"9004154",371995,2025-05-28 13:33:59,42.4492683410645,-8.88018417358398,"Female"
"9004154",371995,2025-05-28 13:43:14,42.4505348205566,-8.88074493408203,"Female"
"9004154",371995,2025-05-28 13:48:04,42.4507789611816,-8.88113784790039,"Female"
"9004154",371995,2025-05-28 13:53:10,42.4517211914062,-8.88210487365723,"Female"
"9004154",371995,2025-05-28 13:58:12,42.4526138305664,-8.88291454315186,"Female"
"9004154",371995,2025-05-28 14:03:59,42.4536247253418,-8.8838415145874,"Female"
"9004154",371995,2025-05-28 14:16:05,42.4575004577637,-8.88989448547363,"Female"
"9004154",371995,2025-05-28 14:20:44,42.4576759338379,-8.8903980255127,"Female"
"9004154",371995,2025-05-28 14:31:42,42.4573631286621,-8.8904447555542,"Female"
"9004154",371995,2025-05-28 14:43:06,42.4574356079102,-8.89042472839355,"Female"
"9004154",371995,2025-05-28 14:48:14,42.45947265625,-8.89522266387939,"Female"
"9004154",371995,2025-05-28 14:52:57,42.4593772888184,-8.89541435241699,"Female"
"9004154",371995,2025-05-28 14:57:59,42.4592971801758,-8.89538383483887,"Female"
"9004154",371995,2025-05-28 15:03:38,42.4589576721191,-8.89553070068359,"Female"
"9004154",371995,2025-05-28 15:11:42,42.4583396911621,-8.89489555358887,"Female"
"9004154",371995,2025-05-28 15:18:36,42.4578971862793,-8.89330863952637,"Female"
"9004154",371995,2025-05-28 15:23:39,42.4578247070312,-8.89320468902588,"Female"
"9004154",371995,2025-05-28 15:29:08,42.4579620361328,-8.89406967163086,"Female"
"9004154",371995,2025-05-28 15:34:12,42.4586753845215,-8.89574909210205,"Female"
"9004154",371995,2025-05-28 15:39:41,42.4595336914062,-8.89655208587646,"Female"
"9004154",371995,2025-05-28 15:51:10,42.4595146179199,-8.90280723571777,"Female"
"9004154",371995,2025-05-28 15:55:29,42.4593505859375,-8.90510559082031,"Female"
"9004154",371995,2025-05-28 16:01:05,42.4595184326172,-8.90520668029785,"Female"
"9004154",371995,2025-05-28 16:05:28,42.4595031738281,-8.90519905090332,"Female"
"9004154",371995,2025-05-28 16:10:29,42.4595756530762,-8.90585708618164,"Female"
"9004154",371995,2025-05-28 16:19:40,42.4612083435059,-8.91419696807861,"Female"
"9004154",371995,2025-05-28 16:24:39,42.4612159729004,-8.91401481628418,"Female"
"9004154",371995,2025-05-28 16:29:39,42.4613151550293,-8.91444969177246,"Female"
"9004154",371995,2025-05-28 16:34:39,42.4615364074707,-8.91217708587646,"Female"
"9004154",371995,2025-05-28 16:39:40,42.461109161377,-8.90981864929199,"Female"
"9004154",371995,2025-05-28 16:45:06,42.460865020752,-8.9076099395752,"Female"
"9004154",371995,2025-05-28 16:50:38,42.4612922668457,-8.90730667114258,"Female"
"9004154",371995,2025-05-28 16:55:59,42.4566497802734,-8.88805198669434,"Female"
"9004154",371995,2025-05-28 17:01:36,42.4552612304688,-8.88553428649902,"Female"
"9004154",371995,2025-05-28 17:07:08,42.4529800415039,-8.88376808166504,"Female"
"9004154",371995,2025-05-28 17:12:24,42.4541473388672,-8.88504505157471,"Female"
"9004154",371995,2025-05-28 17:19:06,42.4551200866699,-8.88613224029541,"Female"
"9004154",371995,2025-05-28 17:24:35,42.4553680419922,-8.88554191589355,"Female"
"9004154",371995,2025-05-28 17:31:26,42.4559478759766,-8.88575839996338,"Female"
"9004154",371995,2025-05-28 17:36:46,42.4564094543457,-8.88670825958252,"Female"
"9004154",371995,2025-05-28 17:41:46,42.455638885498,-8.88633346557617,"Female"
"9004154",371995,2025-05-28 17:46:50,42.4541778564453,-8.88411331176758,"Female"
"9004154",371995,2025-05-28 17:52:39,42.4528999328613,-8.88294315338135,"Female"
"9004154",371995,2025-05-28 18:13:30,42.4396438598633,-8.87547206878662,"Female"
"9004154",371995,2025-05-28 18:25:24,42.4374732971191,-8.87403011322021,"Female"
"9004154",371995,2025-05-28 18:36:44,42.4371070861816,-8.87457752227783,"Female"
"9004154",371995,2025-05-28 18:41:17,42.4368553161621,-8.87528514862061,"Female"
"9004154",371995,2025-05-28 18:46:27,42.4226455688477,-8.87851238250732,"Female"
"9004154",371995,2025-05-28 18:51:21,42.4225463867188,-8.87835311889648,"Female"
"9004154",371995,2025-05-28 18:56:18,42.4224281311035,-8.87846660614014,"Female"
"9004154",371995,2025-05-28 19:01:45,42.4225196838379,-8.87838172912598,"Female"
"9004154",371995,2025-05-28 19:06:15,42.4228744506836,-8.87815570831299,"Female"
"9004154",371995,2025-05-28 19:11:21,42.4222679138184,-8.87859725952148,"Female"
"9004154",371995,2025-05-28 19:16:35,42.4221458435059,-8.87858104705811,"Female"
"9004154",371995,2025-05-28 19:21:24,42.4222373962402,-8.87857151031494,"Female"
"9004154",371995,2025-05-28 19:26:21,42.4221420288086,-8.87867259979248,"Female"
"9004154",371995,2025-05-28 19:31:17,42.4224433898926,-8.87820529937744,"Female"
"9004154",371995,2025-05-28 19:36:17,42.4224319458008,-8.87897300720215,"Female"
"9004154",371995,2025-05-28 19:41:16,42.4228591918945,-8.87819194793701,"Female"
"9004154",371995,2025-05-28 19:46:17,42.4220809936523,-8.87963676452637,"Female"
"9004154",371995,2025-05-28 19:51:17,42.4221687316895,-8.878981590271,"Female"
"9004154",371995,2025-05-28 19:56:16,42.4221725463867,-8.87928485870361,"Female"
"9004154",371995,2025-05-28 20:01:44,42.4228553771973,-8.87835025787354,"Female"
"9004154",371995,2025-05-28 20:06:15,42.4229736328125,-8.87792587280273,"Female"
"9004154",371995,2025-05-28 20:11:19,42.4226112365723,-8.87845039367676,"Female"
"9004154",371995,2025-05-28 20:16:18,42.422779083252,-8.87807559967041,"Female"
"9004154",371995,2025-05-28 20:21:17,42.4227180480957,-8.87811183929443,"Female"
"9004154",371995,2025-05-28 20:26:15,42.4227256774902,-8.87810134887695,"Female"
"9004154",371995,2025-05-28 20:31:19,42.4225959777832,-8.87836456298828,"Female"
"9004154",371995,2025-05-28 20:36:15,42.4227981567383,-8.87827587127686,"Female"
"9004154",371995,2025-05-28 20:41:17,42.4226989746094,-8.87811088562012,"Female"
"9004154",371995,2025-05-28 20:46:53,42.422737121582,-8.87878894805908,"Female"
"9004154",371995,2025-05-28 20:51:21,42.422779083252,-8.87882137298584,"Female"
"9004154",371995,2025-05-28 20:56:44,42.4225845336914,-8.87844276428223,"Female"
"9004154",371995,2025-05-28 21:01:17,42.4225463867188,-8.87731456756592,"Female"
"9004154",371995,2025-05-28 21:06:18,42.4229354858398,-8.87916278839111,"Female"
"9004154",371995,2025-05-28 21:12:06,42.4229125976562,-8.87838172912598,"Female"
"9004154",371995,2025-05-28 21:16:35,42.4230041503906,-8.8785343170166,"Female"
"9004154",371995,2025-05-28 21:21:19,42.422908782959,-8.87848377227783,"Female"
"9004154",371995,2025-05-28 21:26:21,42.4228973388672,-8.87850379943848,"Female"
"9004154",371995,2025-05-28 21:31:16,42.4228057861328,-8.8784351348877,"Female"
"9004154",371995,2025-05-28 21:36:15,42.4226837158203,-8.87866973876953,"Female"
"9004154",371995,2025-05-28 21:41:22,42.4229125976562,-8.8783712387085,"Female"
"9004154",371995,2025-05-28 21:46:21,42.4228134155273,-8.87855052947998,"Female"
"9004154",371995,2025-05-28 21:51:17,42.4228439331055,-8.87896919250488,"Female"
"9004154",371995,2025-05-28 21:56:23,42.4222984313965,-8.87848567962646,"Female"
"9004154",371995,2025-05-28 22:01:16,42.4224510192871,-8.87835884094238,"Female"
"9004154",371995,2025-05-28 22:06:18,42.4224014282227,-8.87808990478516,"Female"
"9004154",371995,2025-05-28 22:11:34,42.4226417541504,-8.87846851348877,"Female"
"9004154",371995,2025-05-28 22:16:16,42.422477722168,-8.87863540649414,"Female"
"9004154",371995,2025-05-28 22:21:16,42.4225311279297,-8.87848663330078,"Female"
"9004154",371995,2025-05-28 22:26:16,42.4228210449219,-8.87836360931396,"Female"
"9004154",371995,2025-05-28 22:31:22,42.4227905273438,-8.8784122467041,"Female"
"9004154",371995,2025-05-28 22:36:44,42.4227027893066,-8.87845993041992,"Female"
"9004154",371995,2025-05-28 22:41:18,42.4227066040039,-8.87836742401123,"Female"
"9004154",371995,2025-05-28 22:46:21,42.4225769042969,-8.87817573547363,"Female"
"9004154",371995,2025-05-28 22:51:15,42.4226226806641,-8.87845706939697,"Female"
"9004154",371995,2025-05-28 22:56:16,42.4228820800781,-8.87821865081787,"Female"
"9004154",371995,2025-05-28 23:01:18,42.4226722717285,-8.87842559814453,"Female"
"9004154",371995,2025-05-28 23:06:17,42.4227561950684,-8.87826442718506,"Female"
"9004154",371995,2025-05-28 23:11:22,42.4224510192871,-8.87925243377686,"Female"
"9004154",371995,2025-05-28 23:16:18,42.4225387573242,-8.87863445281982,"Female"
"9004154",371995,2025-05-28 23:21:18,42.4224472045898,-8.87848377227783,"Female"
"9004154",371995,2025-05-28 23:26:19,42.4227333068848,-8.8782901763916,"Female"
"9004154",371995,2025-05-28 23:32:23,42.422550201416,-8.87865447998047,"Female"
"9004154",371995,2025-05-28 23:36:15,42.4225616455078,-8.87853908538818,"Female"
"9004154",371995,2025-05-28 23:41:15,42.4227294921875,-8.87850475311279,"Female"
"9004154",371995,2025-05-28 23:46:15,42.4224510192871,-8.87859535217285,"Female"
"9004154",371995,2025-05-28 23:51:15,42.4227142333984,-8.87846660614014,"Female"
"9004154",371995,2025-05-28 23:56:16,42.4225845336914,-8.87845420837402,"Female"
"9004154",371995,2025-05-29 00:01:16,42.4225769042969,-8.8784704208374,"Female"
"9004154",371995,2025-05-29 00:06:16,42.4225807189941,-8.87849998474121,"Female"
"9004154",371995,2025-05-29 00:11:15,42.4225692749023,-8.8784646987915,"Female"
"9004154",371995,2025-05-29 00:16:15,42.4225540161133,-8.87852764129639,"Female"
"9004154",371995,2025-05-29 00:21:15,42.4225845336914,-8.87850570678711,"Female"
"9004154",371995,2025-05-29 00:26:17,42.4225425720215,-8.87853240966797,"Female"
"9004154",371995,2025-05-29 00:31:16,42.4226417541504,-8.87849235534668,"Female"
"9004154",371995,2025-05-29 00:36:19,42.4224014282227,-8.87845420837402,"Female"
"9004154",371995,2025-05-29 00:41:18,42.4227104187012,-8.87844657897949,"Female"
"9004154",371995,2025-05-29 00:46:43,42.4226417541504,-8.87843322753906,"Female"
"9004154",371995,2025-05-29 00:51:20,42.4228019714355,-8.87860870361328,"Female"
"9004154",371995,2025-05-29 00:56:23,42.4220161437988,-8.8783016204834,"Female"
"9004154",371995,2025-05-29 01:01:38,42.4225082397461,-8.87839889526367,"Female"
"9004154",371995,2025-05-29 01:06:31,42.4225769042969,-8.87840747833252,"Female"
"9004154",371995,2025-05-29 01:11:19,42.4225120544434,-8.87842655181885,"Female"
"9004154",371995,2025-05-29 01:16:21,42.4225120544434,-8.87836360931396,"Female"
"9004154",371995,2025-05-29 01:21:18,42.4224815368652,-8.87844562530518,"Female"
"9004154",371995,2025-05-29 01:26:17,42.4223442077637,-8.87839317321777,"Female"
"9004154",371995,2025-05-29 01:31:44,42.4225921630859,-8.87842559814453,"Female"
"9004154",371995,2025-05-29 01:36:16,42.4225273132324,-8.87850952148438,"Female"
"9004154",371995,2025-05-29 01:41:15,42.4225845336914,-8.87845802307129,"Female"
"9004154",371995,2025-05-29 01:46:15,42.4225845336914,-8.87841796875,"Female"
"9004154",371995,2025-05-29 01:51:17,42.4225769042969,-8.87847900390625,"Female"
"9004154",371995,2025-05-29 01:56:15,42.4224510192871,-8.87838554382324,"Female"
"9004154",371995,2025-05-29 02:01:16,42.4226913452148,-8.87847518920898,"Female"
"9004154",371995,2025-05-29 02:06:16,42.4224586486816,-8.87836742401123,"Female"
"9004154",371995,2025-05-29 02:11:17,42.4224624633789,-8.87837028503418,"Female"
"9004154",371995,2025-05-29 02:16:16,42.4225730895996,-8.87835597991943,"Female"
"9004154",371995,2025-05-29 02:21:16,42.4226760864258,-8.87849140167236,"Female"
"9004154",371995,2025-05-29 02:26:25,42.4226951599121,-8.87842655181885,"Female"
"9004154",371995,2025-05-29 02:31:23,42.422679901123,-8.8784646987915,"Female"
"9004154",371995,2025-05-29 02:36:26,42.4226303100586,-8.87843799591064,"Female"
"9004154",371995,2025-05-29 02:41:35,42.422721862793,-8.87841033935547,"Female"
"9004154",371995,2025-05-29 02:46:22,42.422721862793,-8.87839412689209,"Female"
"9004154",371995,2025-05-29 02:51:22,42.4227066040039,-8.87840366363525,"Female"
"9004154",371995,2025-05-29 02:56:18,42.4227905273438,-8.87826919555664,"Female"
"9004154",371995,2025-05-29 03:01:22,42.422721862793,-8.87842559814453,"Female"
"9004154",371995,2025-05-29 03:06:19,42.4226837158203,-8.87846279144287,"Female"
"9004154",371995,2025-05-29 03:11:22,42.4227180480957,-8.87843322753906,"Female"
"9004154",371995,2025-05-29 03:16:44,42.422679901123,-8.87845611572266,"Female"
"9004154",371995,2025-05-29 03:21:16,42.4226188659668,-8.87836074829102,"Female"
"9004154",371995,2025-05-29 03:26:16,42.4226226806641,-8.87832641601562,"Female"
"9004154",371995,2025-05-29 03:31:22,42.4226036071777,-8.87841892242432,"Female"
"9004154",371995,2025-05-29 03:36:29,42.4227600097656,-8.87843036651611,"Female"
"9004154",371995,2025-05-29 03:41:53,42.4227142333984,-8.87843322753906,"Female"
"9004154",371995,2025-05-29 03:46:17,42.4226760864258,-8.87838554382324,"Female"
"9004154",371995,2025-05-29 03:51:16,42.4226608276367,-8.8784818649292,"Female"
"9004154",371995,2025-05-29 03:56:19,42.4227066040039,-8.87841796875,"Female"
"9004154",371995,2025-05-29 04:01:18,42.4226531982422,-8.87843704223633,"Female"
"9004154",371995,2025-05-29 04:06:19,42.4225654602051,-8.87836456298828,"Female"
"9004154",371995,2025-05-29 04:11:17,42.4226875305176,-8.87840461730957,"Female"
"9004154",371995,2025-05-29 04:16:16,42.4225883483887,-8.87842559814453,"Female"
"9004154",371995,2025-05-29 04:21:31,42.422664642334,-8.87843132019043,"Female"
"9004154",371995,2025-05-29 04:27:13,42.4226684570312,-8.87845134735107,"Female"
"9004154",371995,2025-05-29 04:31:28,42.4227561950684,-8.87845993041992,"Female"
"9004154",371995,2025-05-29 04:36:18,42.4224281311035,-8.87838172912598,"Female"
"9004154",371995,2025-05-29 04:41:18,42.4225425720215,-8.87840461730957,"Female"
"9004154",371995,2025-05-29 04:46:17,42.4225959777832,-8.8784065246582,"Female"
"9004154",371995,2025-05-29 04:51:44,42.4225234985352,-8.87858390808105,"Female"
"9004154",371995,2025-05-29 04:56:15,42.422492980957,-8.87848663330078,"Female"
"9004154",371995,2025-05-29 05:01:15,42.4225692749023,-8.87843227386475,"Female"
"9004154",371995,2025-05-29 05:06:43,42.4225463867188,-8.87854671478271,"Female"
"9004154",371995,2025-05-29 05:11:15,42.4225044250488,-8.87844276428223,"Female"
"9004154",371995,2025-05-29 05:16:16,42.4225807189941,-8.87850761413574,"Female"
"9004154",371995,2025-05-29 05:21:17,42.4225807189941,-8.87866687774658,"Female"
"9004154",371995,2025-05-29 05:26:17,42.4226570129395,-8.87845420837402,"Female"
"9004154",371995,2025-05-29 05:31:18,42.4224510192871,-8.87905311584473,"Female"
"9004154",371995,2025-05-29 05:36:21,42.4227561950684,-8.87845325469971,"Female"
"9004154",371995,2025-05-29 05:41:23,42.422477722168,-8.87849903106689,"Female"
"9004154",371995,2025-05-29 05:46:25,42.4228210449219,-8.87842655181885,"Female"
"9004154",371995,2025-05-29 05:51:31,42.4222679138184,-8.87858104705811,"Female"
"9004154",371995,2025-05-29 05:56:26,42.4366683959961,-8.87471771240234,"Female"
"9004154",371995,2025-05-29 06:03:00,42.4380187988281,-8.87366771697998,"Female"
"9004154",371995,2025-05-29 06:08:00,42.4602737426758,-8.90704154968262,"Female"
"9004154",371995,2025-05-29 06:15:22,42.4612045288086,-8.91426086425781,"Female"
"9004154",371995,2025-05-29 06:20:40,42.4613838195801,-8.91355991363525,"Female"
"9004154",371995,2025-05-29 06:25:42,42.4617729187012,-8.91285228729248,"Female"
"9004154",371995,2025-05-29 06:32:20,42.4612159729004,-8.91431617736816,"Female"
"9004154",371995,2025-05-29 06:37:35,42.4613761901855,-8.91380500793457,"Female"
"9004154",371995,2025-05-29 06:44:58,42.4614028930664,-8.91328716278076,"Female"
"9004154",371995,2025-05-29 06:50:30,42.4608726501465,-8.91415882110596,"Female"
"9004154",371995,2025-05-29 06:56:27,42.4609069824219,-8.91416549682617,"Female"
"9004154",371995,2025-05-29 07:01:28,42.4594993591309,-8.90504169464111,"Female"
"9004154",371995,2025-05-29 07:06:26,42.4593772888184,-8.9051399230957,"Female"
"9004154",371995,2025-05-29 07:11:26,42.4594573974609,-8.90511035919189,"Female"
"9004154",371995,2025-05-29 07:16:27,42.4596176147461,-8.9053258895874,"Female"
"9004154",371995,2025-05-29 07:21:27,42.459342956543,-8.90527248382568,"Female"
"9004154",371995,2025-05-29 07:26:30,42.4600067138672,-8.90305328369141,"Female"
"9004154",371995,2025-05-29 07:31:31,42.4594993591309,-8.90506649017334,"Female"
"9004154",371995,2025-05-29 07:36:30,42.4599380493164,-8.90426445007324,"Female"
"9004154",371995,2025-05-29 07:41:28,42.4595489501953,-8.90544033050537,"Female"
"9004154",371995,2025-05-29 07:46:45,42.4561538696289,-8.94270610809326,"Female"
"9004154",371995,2025-05-29 07:51:29,42.419807434082,-8.93448162078857,"Female"
"9004154",371995,2025-05-29 07:56:37,42.399341583252,-8.92052841186523,"Female"
"9004154",371995,2025-05-29 08:01:47,42.3988647460938,-8.92011833190918,"Female"
"9004154",371995,2025-05-29 08:06:29,42.3963928222656,-8.91881656646729,"Female"
"9004154",371995,2025-05-29 08:11:44,42.3993148803711,-8.92081260681152,"Female"
"9004154",371995,2025-05-29 08:16:59,42.399341583252,-8.92072200775146,"Female"
"9004154",371995,2025-05-29 08:21:31,42.3952445983887,-8.9241943359375,"Female"
"9004154",371995,2025-05-29 08:26:30,42.3952178955078,-8.92296409606934,"Female"
"9004154",371995,2025-05-29 08:31:29,42.3952331542969,-8.92289733886719,"Female"
"9004154",371995,2025-05-29 08:36:36,42.3953323364258,-8.92446231842041,"Female"
"9004154",371995,2025-05-29 08:41:36,42.3955879211426,-8.92463397979736,"Female"
"9004154",371995,2025-05-29 08:46:46,42.3955612182617,-8.92466831207275,"Female"
"9004154",371995,2025-05-29 08:51:36,42.3954963684082,-8.9246654510498,"Female"
"9004154",371995,2025-05-29 08:56:36,42.3954620361328,-8.92467784881592,"Female"
"9004154",371995,2025-05-29 09:01:36,42.3953247070312,-8.92466640472412,"Female"
"9004154",371995,2025-05-29 09:06:38,42.3955154418945,-8.9246129989624,"Female"
"9004154",371995,2025-05-29 09:11:36,42.3954963684082,-8.92471504211426,"Female"
"9004154",371995,2025-05-29 09:16:35,42.3952751159668,-8.92500591278076,"Female"
"9004154",371995,2025-05-29 09:21:59,42.3996543884277,-8.92185306549072,"Female"
"9004154",371995,2025-05-29 09:26:26,42.4008445739746,-8.92603492736816,"Female"
"9004154",371995,2025-05-29 09:31:26,42.3939361572266,-8.9321403503418,"Female"
"9004154",371995,2025-05-29 09:36:26,42.3940086364746,-8.93222618103027,"Female"
"9004154",371995,2025-05-29 09:41:26,42.3940277099609,-8.93221473693848,"Female"
"9004154",371995,2025-05-29 09:46:27,42.3940315246582,-8.93222045898438,"Female"
"9004154",371995,2025-05-29 09:51:27,42.3941802978516,-8.93239974975586,"Female"
"9004154",371995,2025-05-29 09:56:31,42.3940010070801,-8.93221187591553,"Female"
"9004154",371995,2025-05-29 10:01:31,42.3940773010254,-8.9322509765625,"Female"
"9004154",371995,2025-05-29 10:06:26,42.3940963745117,-8.93222427368164,"Female"
"9004154",371995,2025-05-29 10:11:28,42.3940849304199,-8.93222332000732,"Female"
"9004154",371995,2025-05-29 10:16:27,42.3939666748047,-8.93226623535156,"Female"
"9004154",371995,2025-05-29 10:21:44,42.3940467834473,-8.93226432800293,"Female"
"9004154",371995,2025-05-29 10:26:30,42.393985748291,-8.93234539031982,"Female"
"9004154",371995,2025-05-29 10:31:26,42.3939018249512,-8.93238067626953,"Female"
"9004154",371995,2025-05-29 10:36:27,42.3971061706543,-8.93986701965332,"Female"
"9004154",371995,2025-05-29 10:41:26,42.4051551818848,-8.93684387207031,"Female"
"9004154",371995,2025-05-29 10:46:26,42.4383773803711,-8.91141510009766,"Female"
"9004154",371995,2025-05-29 10:51:54,42.4607391357422,-8.91127681732178,"Female"
"9004154",371995,2025-05-29 11:09:14,42.4607391357422,-8.91126537322998,"Female"
"9004154",371995,2025-05-29 11:13:26,42.4606285095215,-8.91203689575195,"Female"
"9004154",371995,2025-05-29 11:19:01,42.4611701965332,-8.91207504272461,"Female"
"9004154",371995,2025-05-29 11:24:09,42.4609031677246,-8.91201114654541,"Female"
"9004154",371995,2025-05-29 11:29:17,42.4609870910645,-8.91291618347168,"Female"
"9004154",371995,2025-05-29 11:34:19,42.4601707458496,-8.91254806518555,"Female"
"9004154",371995,2025-05-29 11:39:17,42.458683013916,-8.90444278717041,"Female"
"9004154",371995,2025-05-29 11:44:19,42.458610534668,-8.90451908111572,"Female"
"9004154",371995,2025-05-29 11:49:44,42.4585647583008,-8.90447902679443,"Female"
"9004154",371995,2025-05-29 11:54:17,42.4585876464844,-8.90438938140869,"Female"
"9004154",371995,2025-05-29 11:59:19,42.4586143493652,-8.90441608428955,"Female"
"9004154",371995,2025-05-29 12:04:17,42.4586029052734,-8.90465259552002,"Female"
"9004154",371995,2025-05-29 12:09:17,42.4586448669434,-8.9043140411377,"Female"
"9004154",371995,2025-05-29 12:14:17,42.4586524963379,-8.90437126159668,"Female"
"9004154",371995,2025-05-29 12:19:18,42.458610534668,-8.9043664932251,"Female"
"9004154",371995,2025-05-29 12:24:21,42.458625793457,-8.90432834625244,"Female"
"9004154",371995,2025-05-29 12:29:20,42.4586486816406,-8.90428352355957,"Female"
"9004154",371995,2025-05-29 12:34:21,42.4586601257324,-8.90410614013672,"Female"
"9004154",371995,2025-05-29 12:39:19,42.4586753845215,-8.90436840057373,"Female"
"9004154",371995,2025-05-29 12:44:19,42.4587059020996,-8.90430736541748,"Female"
"9004154",371995,2025-05-29 12:49:45,42.4585990905762,-8.90442180633545,"Female"
"9004154",371995,2025-05-29 12:54:19,42.4586486816406,-8.90426254272461,"Female"
"9004154",371995,2025-05-29 12:59:19,42.4586982727051,-8.90428829193115,"Female"
"9004154",371995,2025-05-29 13:04:22,42.4565391540527,-8.89175796508789,"Female"
"9004154",371995,2025-05-29 13:09:21,42.4565200805664,-8.89189434051514,"Female"
"9004154",371995,2025-05-29 13:16:26,42.4574127197266,-8.89031505584717,"Female"
"9004154",371995,2025-05-29 13:26:08,42.4570999145508,-8.88973903656006,"Female"
"9004154",371995,2025-05-29 13:32:09,42.457088470459,-8.88834667205811,"Female"
"9004154",371995,2025-05-29 13:37:16,42.4566268920898,-8.8885383605957,"Female"
"9004154",371995,2025-05-29 13:44:16,42.4570465087891,-8.88774108886719,"Female"
"9004154",371995,2025-05-29 13:54:53,42.4578132629395,-8.88977146148682,"Female"
"9004154",371995,2025-05-29 13:59:10,42.4581832885742,-8.90276432037354,"Female"
"9004154",371995,2025-05-29 14:03:53,42.4575233459473,-8.90313625335693,"Female"
"9004154",371995,2025-05-29 14:08:57,42.4576530456543,-8.90306758880615,"Female"
"9004154",371995,2025-05-29 14:13:56,42.4575576782227,-8.903076171875,"Female"
"9004154",371995,2025-05-29 14:18:56,42.457275390625,-8.9033842086792,"Female"
"9004154",371995,2025-05-29 14:23:58,42.457878112793,-8.90324020385742,"Female"
"9004154",371995,2025-05-29 14:28:53,42.4575881958008,-8.90347671508789,"Female"
"9004154",371995,2025-05-29 14:34:02,42.4579467773438,-8.9029541015625,"Female"
"9004154",371995,2025-05-29 14:38:53,42.4581336975098,-8.90264987945557,"Female"
"9004154",371995,2025-05-29 14:44:14,42.458179473877,-8.90283966064453,"Female"
"9004154",371995,2025-05-29 14:49:14,42.458137512207,-8.90290641784668,"Female"
"9004154",371995,2025-05-29 14:53:50,42.4581146240234,-8.90333843231201,"Female"
"9004154",371995,2025-05-29 14:58:56,42.4582252502441,-8.90289497375488,"Female"
"9004154",371995,2025-05-29 15:03:54,42.4582176208496,-8.90259838104248,"Female"
"9004154",371995,2025-05-29 15:08:51,42.4581871032715,-8.90238571166992,"Female"
"9004154",371995,2025-05-29 15:13:51,42.4611396789551,-8.91341876983643,"Female"
"9004154",371995,2025-05-29 15:19:26,42.4612007141113,-8.91382312774658,"Female"
"9004154",371995,2025-05-29 15:24:32,42.4612350463867,-8.91336345672607,"Female"
"9004154",371995,2025-05-29 15:29:45,42.4613189697266,-8.91039180755615,"Female"
"9004154",371995,2025-05-29 15:35:17,42.4614334106445,-8.91146659851074,"Female"
"9004154",371995,2025-05-29 15:40:27,42.4613990783691,-8.91218948364258,"Female"
"9004154",371995,2025-05-29 15:46:05,42.4605751037598,-8.91451358795166,"Female"
"9004154",371995,2025-05-29 15:50:34,42.4604988098145,-8.91465854644775,"Female"
"9004154",371995,2025-05-29 15:55:33,42.460391998291,-8.91520977020264,"Female"
"9004154",371995,2025-05-29 16:00:44,42.4606323242188,-8.91470623016357,"Female"
"9004154",371995,2025-05-29 16:05:33,42.4608154296875,-8.91551971435547,"Female"
"9004154",371995,2025-05-29 16:11:16,42.4612655639648,-8.91420459747314,"Female"
"9004154",371995,2025-05-29 16:16:48,42.4615592956543,-8.91416549682617,"Female"
"9004154",371995,2025-05-29 16:22:18,42.461841583252,-8.91379547119141,"Female"
"9004154",371995,2025-05-29 16:27:47,42.4620666503906,-8.91457557678223,"Female"
"9004154",371995,2025-05-29 16:40:01,42.4613037109375,-8.9134407043457,"Female"
"9004154",371995,2025-05-29 16:57:23,42.4601554870605,-8.89720249176025,"Female"
"9004154",371995,2025-05-29 17:02:42,42.4596862792969,-8.89700698852539,"Female"
"9004154",371995,2025-05-29 17:07:55,42.4592971801758,-8.89565944671631,"Female"
"9004154",371995,2025-05-29 17:13:15,42.4582939147949,-8.89508819580078,"Female"
"9004154",371995,2025-05-29 17:18:42,42.4579544067383,-8.89393138885498,"Female"
"9004154",371995,2025-05-29 17:23:41,42.4580192565918,-8.89524555206299,"Female"
"9004154",371995,2025-05-29 17:28:40,42.4563331604004,-8.88912010192871,"Female"
"9004154",371995,2025-05-29 17:33:48,42.4561729431152,-8.88882923126221,"Female"
"9004154",371995,2025-05-29 17:38:47,42.4560928344727,-8.88930797576904,"Female"
"9004154",371995,2025-05-29 17:44:21,42.45556640625,-8.88908100128174,"Female"
"9004154",371995,2025-05-29 17:49:22,42.456127166748,-8.88794326782227,"Female"
"9004154",371995,2025-05-29 17:54:54,42.4558906555176,-8.8863353729248,"Female"
"9004154",371995,2025-05-29 17:59:54,42.4554214477539,-8.88520050048828,"Female"
"9004154",371995,2025-05-29 18:04:53,42.4553298950195,-8.88454151153564,"Female"
"9004154",371995,2025-05-29 18:10:26,42.4545402526855,-8.88520336151123,"Female"
"9004154",371995,2025-05-29 18:16:14,42.4554290771484,-8.8865213394165,"Female"
"9004154",371995,2025-05-29 18:21:39,42.4547233581543,-8.8875846862793,"Female"
"9004154",371995,2025-05-29 18:26:57,42.4556427001953,-8.88827896118164,"Female"
"9004154",371995,2025-05-29 18:32:22,42.4564666748047,-8.88948249816895,"Female"
"9004154",371995,2025-05-29 18:37:50,42.4570236206055,-8.88866806030273,"Female"
"9004154",371995,2025-05-29 18:43:29,42.4570274353027,-8.88720417022705,"Female"
"9004154",371995,2025-05-29 18:48:50,42.4570045471191,-8.88697338104248,"Female"
"9004154",371995,2025-05-29 18:54:39,42.4572601318359,-8.88726425170898,"Female"
"9004154",371995,2025-05-29 18:59:40,42.4571189880371,-8.88729000091553,"Female"
"9004154",371995,2025-05-29 19:07:35,42.4561386108398,-8.88638877868652,"Female"
"9004154",371995,2025-05-29 19:12:39,42.4555931091309,-8.88533401489258,"Female"
"9004154",371995,2025-05-29 19:17:39,42.426342010498,-8.87899971008301,"Female"
"9004154",371995,2025-05-29 19:22:46,42.4226036071777,-8.87850284576416,"Female"
"9004154",371995,2025-05-29 19:27:44,42.422679901123,-8.87847423553467,"Female"
"9004154",371995,2025-05-29 19:32:42,42.4225425720215,-8.87848567962646,"Female"
"9004154",371995,2025-05-29 19:37:46,42.4226608276367,-8.87846660614014,"Female"
"9004154",371995,2025-05-29 19:42:42,42.4226837158203,-8.87849712371826,"Female"
"9004154",371995,2025-05-29 19:48:05,42.4227485656738,-8.87845802307129,"Female"
"9004154",371995,2025-05-29 19:52:44,42.4227714538574,-8.87845897674561,"Female"
"9004154",371995,2025-05-29 19:58:08,42.4227104187012,-8.87841415405273,"Female"
"9004154",371995,2025-05-29 20:03:00,42.4228134155273,-8.8784236907959,"Female"
"9004154",371995,2025-05-29 20:08:14,42.422779083252,-8.87840843200684,"Female"
"9004154",371995,2025-05-29 20:12:40,42.4227905273438,-8.87848663330078,"Female"
"9004154",371995,2025-05-29 20:17:39,42.422664642334,-8.87846755981445,"Female"
"9004154",371995,2025-05-29 20:22:39,42.4226913452148,-8.87843990325928,"Female"
"9004154",371995,2025-05-29 20:27:39,42.4227066040039,-8.8784646987915,"Female"
"9004154",371995,2025-05-29 20:32:41,42.4227294921875,-8.87869358062744,"Female"
"9004154",371995,2025-05-29 20:37:40,42.422737121582,-8.87858581542969,"Female"
"9004154",371995,2025-05-29 20:42:39,42.4228172302246,-8.87847328186035,"Female"
"9004154",371995,2025-05-29 20:48:43,42.4228782653809,-8.87850856781006,"Female"
"9004154",371995,2025-05-29 20:52:40,42.4226837158203,-8.87869071960449,"Female"
"9004154",371995,2025-05-29 20:57:41,42.4227256774902,-8.87848854064941,"Female"
"9004154",371995,2025-05-29 21:02:41,42.4224700927734,-8.87807750701904,"Female"
"9004154",371995,2025-05-29 21:07:41,42.4225997924805,-8.87835121154785,"Female"
"9004154",371995,2025-05-29 21:12:46,42.4225540161133,-8.87848663330078,"Female"
"9004154",371995,2025-05-29 21:17:46,42.4230117797852,-8.87864398956299,"Female"
"9004154",371995,2025-05-29 21:22:54,42.4226608276367,-8.87847805023193,"Female"
"9004154",371995,2025-05-29 21:27:39,42.422435760498,-8.87877464294434,"Female"
"9004154",371995,2025-05-29 21:32:39,42.4226722717285,-8.87843036651611,"Female"
"9004154",371995,2025-05-29 21:37:40,42.422679901123,-8.87845611572266,"Female"
"9004154",371995,2025-05-29 21:42:42,42.4223670959473,-8.87917137145996,"Female"
"9004154",371995,2025-05-29 21:48:05,42.4225120544434,-8.87871360778809,"Female"
"9004154",371995,2025-05-29 21:52:44,42.4225006103516,-8.87864398956299,"Female"
"9004154",371995,2025-05-29 21:57:46,42.4224662780762,-8.87868881225586,"Female"
"9004154",371995,2025-05-29 22:03:05,42.4225082397461,-8.87859725952148,"Female"
"9004154",371995,2025-05-29 22:07:42,42.4224510192871,-8.878662109375,"Female"
"9004154",371995,2025-05-29 22:12:43,42.4223594665527,-8.87862777709961,"Female"
"9004154",371995,2025-05-29 22:17:42,42.4219360351562,-8.87890625,"Female"
"9004154",371995,2025-05-29 22:22:53,42.4225540161133,-8.8784761428833,"Female"
"9004154",371995,2025-05-29 22:27:44,42.4225654602051,-8.8785400390625,"Female"
"9004154",371995,2025-05-29 22:33:02,42.4224967956543,-8.87862586975098,"Female"
"9004154",371995,2025-05-29 22:37:50,42.4225463867188,-8.87850189208984,"Female"
"9004154",371995,2025-05-29 22:44:03,42.4226150512695,-8.87844848632812,"Female"
"9004154",371995,2025-05-29 22:47:46,42.4223861694336,-8.87851905822754,"Female"
"9004154",371995,2025-05-29 22:54:03,42.4225540161133,-8.8784704208374,"Female"
"9004154",371995,2025-05-29 22:57:54,42.4223861694336,-8.87847232818604,"Female"
"9004154",371995,2025-05-29 23:03:05,42.4226684570312,-8.8784646987915,"Female"
"9004154",371995,2025-05-29 23:07:40,42.422477722168,-8.87855529785156,"Female"
"9004154",371995,2025-05-29 23:12:39,42.4226417541504,-8.87853622436523,"Female"
"9004154",371995,2025-05-29 23:17:39,42.4226493835449,-8.87853622436523,"Female"
"9004154",371995,2025-05-29 23:22:39,42.4226341247559,-8.87854862213135,"Female"
"9004154",371995,2025-05-29 23:27:39,42.4224700927734,-8.87870121002197,"Female"
"9004154",371995,2025-05-29 23:32:39,42.4226455688477,-8.87835597991943,"Female"
"9004154",371995,2025-05-29 23:37:39,42.4226875305176,-8.87841129302979,"Female"
"9004154",371995,2025-05-29 23:42:39,42.4225692749023,-8.87849235534668,"Female"
"9004154",371995,2025-05-29 23:47:39,42.4226188659668,-8.87842082977295,"Female"
"9004154",371995,2025-05-29 23:52:39,42.4225311279297,-8.87844276428223,"Female"
"9004154",371995,2025-05-29 23:57:43,42.4225654602051,-8.87853622436523,"Female"
"9004154",371995,2025-05-30 00:02:39,42.4226531982422,-8.87852764129639,"Female"
"9004154",371995,2025-05-30 00:07:40,42.4226455688477,-8.87842845916748,"Female"
"9004154",371995,2025-05-30 00:12:47,42.4226226806641,-8.87840557098389,"Female"
"9004154",371995,2025-05-30 00:17:41,42.4226951599121,-8.87857723236084,"Female"
"9004154",371995,2025-05-30 00:22:43,42.4225540161133,-8.87836074829102,"Female"
"9004154",371995,2025-05-30 00:27:56,42.4223442077637,-8.87839126586914,"Female"
"9004154",371995,2025-05-30 00:33:03,42.4225463867188,-8.878493309021,"Female"
"9004154",371995,2025-05-30 00:37:41,42.4225082397461,-8.87856292724609,"Female"
"9004154",371995,2025-05-30 00:42:43,42.4225044250488,-8.87844944000244,"Female"
"9004154",371995,2025-05-30 00:47:51,42.4225654602051,-8.87850189208984,"Female"
"9004154",371995,2025-05-30 00:52:43,42.4227676391602,-8.87860870361328,"Female"
"9004154",371995,2025-05-30 00:57:44,42.4224128723145,-8.87837409973145,"Female"
"9004154",371995,2025-05-30 01:02:48,42.4226455688477,-8.87846755981445,"Female"
"9004154",371995,2025-05-30 01:08:12,42.4226036071777,-8.878586769104,"Female"
"9004154",371995,2025-05-30 01:12:39,42.4224128723145,-8.87854671478271,"Female"
"9004154",371995,2025-05-30 01:17:41,42.422477722168,-8.87861347198486,"Female"
"9004154",371995,2025-05-30 01:22:40,42.4225234985352,-8.87849521636963,"Female"
"9004154",371995,2025-05-30 01:27:39,42.422679901123,-8.87849235534668,"Female"
"9004154",371995,2025-05-30 01:32:39,42.4225692749023,-8.87852573394775,"Female"
"9004154",371995,2025-05-30 01:37:41,42.4225082397461,-8.87857151031494,"Female"
"9004154",371995,2025-05-30 01:42:41,42.4225616455078,-8.87854671478271,"Female"
"9004154",371995,2025-05-30 01:48:29,42.4225234985352,-8.87837409973145,"Female"
"9004154",371995,2025-05-30 01:53:04,42.4225044250488,-8.87843227386475,"Female"
"9004154",371995,2025-05-30 01:57:40,42.4225616455078,-8.87841987609863,"Female"
"9004154",371995,2025-05-30 02:02:40,42.422435760498,-8.87833499908447,"Female"
"9004154",371995,2025-05-30 02:07:41,42.4225044250488,-8.87842273712158,"Female"
"9004154",371995,2025-05-30 02:12:42,42.4225463867188,-8.87830924987793,"Female"
"9004154",371995,2025-05-30 02:17:42,42.4228363037109,-8.87857437133789,"Female"
"9004154",371995,2025-05-30 02:22:43,42.4224433898926,-8.87826919555664,"Female"
"9004154",371995,2025-05-30 02:27:44,42.4226913452148,-8.8784065246582,"Female"
"9004154",371995,2025-05-30 02:32:48,42.4226951599121,-8.87837314605713,"Female"
"9004154",371995,2025-05-30 02:37:49,42.4227714538574,-8.87844562530518,"Female"
"9004154",371995,2025-05-30 02:42:49,42.4227066040039,-8.87840557098389,"Female"
"9004154",371995,2025-05-30 02:47:49,42.4227561950684,-8.87841701507568,"Female"
"9004154",371995,2025-05-30 02:52:46,42.4223289489746,-8.8803071975708,"Female"
"9004154",371995,2025-05-30 02:57:51,42.4225654602051,-8.87845230102539,"Female"
"9004154",371995,2025-05-30 03:02:42,42.4225425720215,-8.87863254547119,"Female"
"9004154",371995,2025-05-30 03:07:46,42.422779083252,-8.87838649749756,"Female"
"9004154",371995,2025-05-30 03:13:05,42.4226493835449,-8.87846660614014,"Female"
"9004154",371995,2025-05-30 03:17:50,42.4228096008301,-8.87838745117188,"Female"
"9004154",371995,2025-05-30 03:22:52,42.4228553771973,-8.8784351348877,"Female"
"9004154",371995,2025-05-30 03:27:40,42.4227180480957,-8.87843132019043,"Female"
"9004154",371995,2025-05-30 03:32:40,42.4226951599121,-8.87839889526367,"Female"
"9004154",371995,2025-05-30 03:37:41,42.4226913452148,-8.87842082977295,"Female"
"9004154",371995,2025-05-30 03:42:44,42.4226989746094,-8.87842845916748,"Female"
"9004154",371995,2025-05-30 03:47:41,42.422664642334,-8.87843418121338,"Female"
"9004154",371995,2025-05-30 03:52:42,42.4227333068848,-8.87839889526367,"Female"
"9004154",371995,2025-05-30 03:57:50,42.4226837158203,-8.87845039367676,"Female"
"9004154",371995,2025-05-30 04:02:40,42.4227714538574,-8.87845516204834,"Female"
"9004154",371995,2025-05-30 04:07:39,42.4227752685547,-8.87843704223633,"Female"
"9004154",371995,2025-05-30 04:12:49,42.4227714538574,-8.87845039367676,"Female"
"9004154",371995,2025-05-30 04:18:05,42.4228897094727,-8.87842273712158,"Female"
"9004154",371995,2025-05-30 04:22:46,42.4228858947754,-8.87844276428223,"Female"
"9004154",371995,2025-05-30 04:28:22,42.4228935241699,-8.87841415405273,"Female"
"9004154",371995,2025-05-30 04:32:55,42.4227561950684,-8.87841510772705,"Female"
"9004154",371995,2025-05-30 04:38:35,42.422794342041,-8.87842845916748,"Female"
"9004154",371995,2025-05-30 04:42:41,42.4226875305176,-8.87833213806152,"Female"
"9004154",371995,2025-05-30 04:47:40,42.4226837158203,-8.87841606140137,"Female"
"9004154",371995,2025-05-30 04:52:39,42.4226570129395,-8.87852954864502,"Female"
"9004154",371995,2025-05-30 04:57:39,42.4224739074707,-8.87809562683105,"Female"
"9004154",371995,2025-05-30 05:02:40,42.4224624633789,-8.87807083129883,"Female"
"9004154",371995,2025-05-30 05:07:41,42.4224052429199,-8.8782958984375,"Female"
"9004154",371995,2025-05-30 05:12:40,42.4224739074707,-8.87838268280029,"Female"
"9004154",371995,2025-05-30 05:17:54,42.4229507446289,-8.87867069244385,"Female"
"9004154",371995,2025-05-30 05:23:02,42.4230308532715,-8.87865352630615,"Female"
"9004154",371995,2025-05-30 05:28:19,42.422908782959,-8.87868785858154,"Female"
"9004154",371995,2025-05-30 05:33:11,42.4227600097656,-8.87865543365479,"Female"
"9004154",371995,2025-05-30 05:37:44,42.4227180480957,-8.87857341766357,"Female"
"9004154",371995,2025-05-30 05:42:43,42.4228248596191,-8.87874412536621,"Female"
"9004154",371995,2025-05-30 05:47:52,42.422794342041,-8.8784875869751,"Female"
"9004154",371995,2025-05-30 05:52:49,42.4228057861328,-8.87857723236084,"Female"
"9004154",371995,2025-05-30 05:58:13,42.4229164123535,-8.87857818603516,"Female"
"9004154",371995,2025-05-30 06:03:15,42.4227676391602,-8.87866306304932,"Female"
"9004154",371995,2025-05-30 06:07:42,42.4229927062988,-8.87842750549316,"Female"
"9004154",371995,2025-05-30 06:12:47,42.4230003356934,-8.87853527069092,"Female"
"9004154",371995,2025-05-30 06:17:47,42.4228858947754,-8.87863349914551,"Female"
"9004154",371995,2025-05-30 06:24:03,42.4227447509766,-8.8787088394165,"Female"
"9004154",371995,2025-05-30 06:28:39,42.4233627319336,-8.87825489044189,"Female"
"9004154",371995,2025-05-30 06:32:39,42.438060760498,-8.87580871582031,"Female"
"9004154",371995,2025-05-30 06:38:16,42.4507522583008,-8.88132476806641,"Female"
"9004154",371995,2025-05-30 06:44:09,42.4508056640625,-8.88145732879639,"Female"
"9004154",371995,2025-05-30 06:50:57,42.4509735107422,-8.88159465789795,"Female"
"9004154",371995,2025-05-30 06:55:59,42.4516334533691,-8.88286590576172,"Female"
"9004154",371995,2025-05-30 07:01:15,42.4528656005859,-8.88329982757568,"Female"
"9004154",371995,2025-05-30 07:08:33,42.4536285400391,-8.88501167297363,"Female"
"9004154",371995,2025-05-30 07:13:29,42.4539260864258,-8.88619136810303,"Female"
"9004154",371995,2025-05-30 07:19:11,42.4543762207031,-8.8872184753418,"Female"
"9004154",371995,2025-05-30 07:24:39,42.4556846618652,-8.88738536834717,"Female"
"9004154",371995,2025-05-30 07:29:39,42.4568023681641,-8.8877592086792,"Female"
"9004154",371995,2025-05-30 07:34:41,42.4564819335938,-8.8882532119751,"Female"
"9004154",371995,2025-05-30 07:40:17,42.4568786621094,-8.88839721679688,"Female"
"9004154",371995,2025-05-30 07:46:36,42.4571151733398,-8.88968181610107,"Female"
"9004154",371995,2025-05-30 07:51:38,42.4574089050293,-8.89047050476074,"Female"
"9004154",371995,2025-05-30 07:58:19,42.4566764831543,-8.89021873474121,"Female"
"9004154",371995,2025-05-30 08:03:23,42.4558906555176,-8.89036560058594,"Female"
"9004154",371995,2025-05-30 08:08:21,42.4555549621582,-8.89176654815674,"Female"
"9004154",371995,2025-05-30 08:13:20,42.4580688476562,-8.90297412872314,"Female"
"9004154",371995,2025-05-30 08:18:20,42.4580192565918,-8.90293788909912,"Female"
"9004154",371995,2025-05-30 08:23:20,42.458553314209,-8.90443992614746,"Female"
"9004154",371995,2025-05-30 08:28:30,42.4585952758789,-8.90445518493652,"Female"
"9004154",371995,2025-05-30 08:33:30,42.4585494995117,-8.90443801879883,"Female"
"9004154",371995,2025-05-30 08:38:44,42.4586563110352,-8.90443229675293,"Female"
"9004154",371995,2025-05-30 08:43:20,42.4587440490723,-8.90442943572998,"Female"
"9004154",371995,2025-05-30 08:48:20,42.4587249755859,-8.90442276000977,"Female"
"9004154",371995,2025-05-30 08:53:21,42.4587364196777,-8.90446662902832,"Female"
"9004154",371995,2025-05-30 08:58:20,42.458568572998,-8.90441608428955,"Female"
"9004154",371995,2025-05-30 09:03:22,42.4587440490723,-8.90445137023926,"Female"
"9004154",371995,2025-05-30 09:08:25,42.4584808349609,-8.90440654754639,"Female"
"9004154",371995,2025-05-30 09:13:20,42.4584426879883,-8.90427589416504,"Female"
"9004154",371995,2025-05-30 09:18:20,42.4584808349609,-8.90423011779785,"Female"
"9004154",371995,2025-05-30 09:23:21,42.458553314209,-8.90424156188965,"Female"
"9004154",371995,2025-05-30 09:28:20,42.4585800170898,-8.90442180633545,"Female"
"9004154",371995,2025-05-30 09:33:44,42.4586029052734,-8.9045238494873,"Female"
"9004154",371995,2025-05-30 09:38:22,42.4584312438965,-8.90406322479248,"Female"
"9004154",371995,2025-05-30 09:43:22,42.4581871032715,-8.90324687957764,"Female"
"9004154",371995,2025-05-30 09:48:27,42.4586143493652,-8.90432262420654,"Female"
"9004154",371995,2025-05-30 09:53:21,42.4583396911621,-8.90339660644531,"Female"
"9004154",371995,2025-05-30 10:00:46,42.4601974487305,-8.90638256072998,"Female"
"9004154",371995,2025-05-30 10:10:55,42.4602508544922,-8.90628528594971,"Female"
"9004154",371995,2025-05-30 10:18:12,42.4597778320312,-8.90796661376953,"Female"
"9004154",371995,2025-05-30 10:24:08,42.459846496582,-8.90723609924316,"Female"
"9004154",371995,2025-05-30 10:40:29,42.4604606628418,-8.90969371795654,"Female"
"9004154",371995,2025-05-30 10:46:27,42.4604644775391,-8.90779972076416,"Female"
"9004154",371995,2025-05-30 10:52:05,42.4597930908203,-8.90891742706299,"Female"
"9004154",371995,2025-05-30 11:03:53,42.4594573974609,-8.90607738494873,"Female"
"9004154",371995,2025-05-30 11:08:09,42.4586410522461,-8.90455341339111,"Female"
"9004154",371995,2025-05-30 11:13:35,42.4585342407227,-8.90438079833984,"Female"
"9004154",371995,2025-05-30 11:18:08,42.4585494995117,-8.90435409545898,"Female"
"9004154",371995,2025-05-30 11:23:08,42.4584770202637,-8.90435600280762,"Female"
"9004154",371995,2025-05-30 11:28:08,42.4584083557129,-8.90431785583496,"Female"
"9004154",371995,2025-05-30 11:33:08,42.4584808349609,-8.9045467376709,"Female"
"9004154",371995,2025-05-30 11:38:08,42.4583396911621,-8.90013599395752,"Female"
"9004154",371995,2025-05-30 11:43:12,42.4581565856934,-8.89516448974609,"Female"
"9004154",371995,2025-05-30 11:50:19,42.457950592041,-8.89317417144775,"Female"
"9004154",371995,2025-05-30 11:55:18,42.4550552368164,-8.8914623260498,"Female"
"9004154",371995,2025-05-30 12:00:36,42.4539642333984,-8.89021301269531,"Female"
"9004154",371995,2025-05-30 12:06:14,42.4545974731445,-8.88883686065674,"Female"
"9004154",371995,2025-05-30 12:11:13,42.4527893066406,-8.88634777069092,"Female"
"9004154",371995,2025-05-30 12:16:28,42.4504051208496,-8.88323307037354,"Female"
"9004154",371995,2025-05-30 12:21:44,42.4375419616699,-8.87486934661865,"Female"
"9004154",371995,2025-05-30 12:26:59,42.4375267028809,-8.87436294555664,"Female"
"9004154",371995,2025-05-30 12:33:33,42.437427520752,-8.87609100341797,"Female"
"9004154",371995,2025-05-30 12:40:03,42.4370803833008,-8.87551784515381,"Female"
"9004154",371995,2025-05-30 12:45:38,42.436695098877,-8.87579154968262,"Female"
"9004154",371995,2025-05-30 12:50:40,42.4363479614258,-8.87609672546387,"Female"
"9004154",371995,2025-05-30 12:55:40,42.437370300293,-8.8778133392334,"Female"
"9004154",371995,2025-05-30 13:00:39,42.4372787475586,-8.87771701812744,"Female"
"9004154",371995,2025-05-30 13:05:38,42.4372901916504,-8.87778663635254,"Female"
"9004154",371995,2025-05-30 13:10:39,42.4372100830078,-8.87755298614502,"Female"
"9004154",371995,2025-05-30 13:15:40,42.4372596740723,-8.87780952453613,"Female"
"9004154",371995,2025-05-30 13:20:39,42.4371757507324,-8.877685546875,"Female"
"9004154",371995,2025-05-30 13:25:38,42.4372520446777,-8.8777379989624,"Female"
"9004154",371995,2025-05-30 13:30:40,42.437858581543,-8.87833213806152,"Female"
"9004154",371995,2025-05-30 13:35:40,42.4373359680176,-8.87772846221924,"Female"
"9004154",371995,2025-05-30 13:40:39,42.4376945495605,-8.87816715240479,"Female"
"9004154",371995,2025-05-30 13:45:38,42.4396438598633,-8.88015556335449,"Female"
"9004154",371995,2025-05-30 13:50:39,42.4373321533203,-8.87783145904541,"Female"
"9004154",371995,2025-05-30 13:55:39,42.4374656677246,-8.87793922424316,"Female"
"9004154",371995,2025-05-30 14:00:39,42.4369659423828,-8.87744617462158,"Female"
"9004154",371995,2025-05-30 14:05:40,42.4375,-8.87799453735352,"Female"
"9004154",371995,2025-05-30 14:10:54,42.4372634887695,-8.87767601013184,"Female"
"9004154",371995,2025-05-30 14:15:42,42.4372482299805,-8.87773036956787,"Female"
"9004154",371995,2025-05-30 14:20:38,42.4372520446777,-8.8777379989624,"Female"
"9004154",371995,2025-05-30 14:25:38,42.4352874755859,-8.87562370300293,"Female"
"9004154",371995,2025-05-30 14:40:14,42.4331855773926,-8.8761100769043,"Female"
"9004154",371995,2025-05-30 14:44:42,42.4367523193359,-8.87570476531982,"Female"
"9004154",371995,2025-05-30 14:50:58,42.4381484985352,-8.87575340270996,"Female"
"9004154",371995,2025-05-30 14:56:00,42.4391250610352,-8.87479972839355,"Female"
"9004154",371995,2025-05-30 15:01:25,42.4380493164062,-8.87440776824951,"Female"
"9004154",371995,2025-05-30 15:07:30,42.4366798400879,-8.87406730651855,"Female"
"9004154",371995,2025-05-30 15:13:29,42.4373168945312,-8.87291717529297,"Female"
"9004154",371995,2025-05-30 15:18:36,42.4380340576172,-8.87359619140625,"Female"
"9004154",371995,2025-05-30 15:34:49,42.4370040893555,-8.87645530700684,"Female"
"9004154",371995,2025-05-30 15:38:34,42.4367027282715,-8.8775520324707,"Female"
"9004154",371995,2025-05-30 15:43:36,42.4370727539062,-8.87760066986084,"Female"
"9004154",371995,2025-05-30 15:48:36,42.4370269775391,-8.87759399414062,"Female"
"9004154",371995,2025-05-30 15:53:40,42.4369735717773,-8.87778186798096,"Female"
"9004154",371995,2025-05-30 15:58:28,42.4369621276855,-8.87822246551514,"Female"
"9004154",371995,2025-05-30 16:03:28,42.4369354248047,-8.87783527374268,"Female"
"9004154",371995,2025-05-30 16:08:31,42.4369697570801,-8.87766075134277,"Female"
"9004154",371995,2025-05-30 16:13:28,42.4370231628418,-8.87781524658203,"Female"
"9004154",371995,2025-05-30 16:18:31,42.4369964599609,-8.87769317626953,"Female"
"9004154",371995,2025-05-30 16:23:30,42.4369773864746,-8.87860298156738,"Female"
"9004154",371995,2025-05-30 16:28:31,42.4369430541992,-8.87772560119629,"Female"
"9004154",371995,2025-05-30 16:33:30,42.4371109008789,-8.88026905059814,"Female"
"9004154",371995,2025-05-30 16:38:30,42.4370307922363,-8.87857246398926,"Female"
"9004154",371995,2025-05-30 17:17:15,42.4412612915039,-8.87597751617432,"Female"
"9004154",371995,2025-05-30 17:21:49,42.4427757263184,-8.87705230712891,"Female"
"9004154",371995,2025-05-30 17:26:58,42.4423751831055,-8.87680721282959,"Female"
"9004154",371995,2025-05-30 17:32:21,42.4424934387207,-8.87684059143066,"Female"
"9004154",371995,2025-05-30 17:37:27,42.4428596496582,-8.87724590301514,"Female"
"9004154",371995,2025-05-30 17:42:52,42.4442024230957,-8.87661457061768,"Female"
"9004154",371995,2025-05-30 17:56:59,42.4453544616699,-8.87643146514893,"Female"
"9004154",371995,2025-05-30 18:01:41,42.444709777832,-8.87619400024414,"Female"
"9004154",371995,2025-05-30 18:07:08,42.4452323913574,-8.87683868408203,"Female"
"9004154",371995,2025-05-30 18:12:42,42.4460334777832,-8.87691593170166,"Female"
"9004154",371995,2025-05-30 18:18:06,42.4466400146484,-8.87745380401611,"Female"
"9004154",371995,2025-05-30 18:23:07,42.4457321166992,-8.87657737731934,"Female"
"9004154",371995,2025-05-30 18:28:23,42.4424285888672,-8.8748664855957,"Female"
"9004154",371995,2025-05-30 18:34:04,42.4411277770996,-8.87444972991943,"Female"
"9004154",371995,2025-05-30 18:39:04,42.4390678405762,-8.87419319152832,"Female"
"9004154",371995,2025-05-30 18:44:23,42.4380798339844,-8.87564659118652,"Female"
"9004154",371995,2025-05-30 18:49:54,42.4378890991211,-8.87437915802002,"Female"
"9004154",371995,2025-05-30 18:55:05,42.4375076293945,-8.8734827041626,"Female"
"9004154",371995,2025-05-30 19:00:31,42.438362121582,-8.87323570251465,"Female"
"9004154",371995,2025-05-30 19:07:58,42.4378089904785,-8.87274265289307,"Female"
"9004154",371995,2025-05-30 19:13:24,42.4369583129883,-8.8730411529541,"Female"
"9004154",371995,2025-05-30 19:18:47,42.4367408752441,-8.87395095825195,"Female"
"9004154",371995,2025-05-30 19:24:17,42.4372367858887,-8.87449169158936,"Female"
"9004154",371995,2025-05-30 19:29:14,42.4252967834473,-8.87970542907715,"Female"
"9004154",371995,2025-05-30 19:34:44,42.4226570129395,-8.87842655181885,"Female"
"9004154",371995,2025-05-30 19:39:18,42.4226303100586,-8.87840938568115,"Female"
"9004154",371995,2025-05-30 19:44:15,42.4223709106445,-8.8782434463501,"Female"
"9004154",371995,2025-05-30 19:49:24,42.4222526550293,-8.87843990325928,"Female"
"9004154",371995,2025-05-30 19:54:19,42.4222412109375,-8.87839698791504,"Female"
"9004154",371995,2025-05-30 19:59:18,42.4218940734863,-8.87796688079834,"Female"
"9004154",371995,2025-05-30 20:04:17,42.4227333068848,-8.87849998474121,"Female"
"9004154",371995,2025-05-30 20:09:18,42.4226531982422,-8.87844181060791,"Female"
"9004154",371995,2025-05-30 20:14:17,42.4223823547363,-8.8781623840332,"Female"
"9004154",371995,2025-05-30 20:19:18,42.422779083252,-8.87877178192139,"Female"
"9004154",371995,2025-05-30 20:24:19,42.4226417541504,-8.87845420837402,"Female"
"9004154",371995,2025-05-30 20:29:18,42.4224052429199,-8.8782205581665,"Female"
"9004154",371995,2025-05-30 20:34:44,42.4227333068848,-8.87849712371826,"Female"
"9004154",371995,2025-05-30 20:39:16,42.4228668212891,-8.87831497192383,"Female"
"9004154",371995,2025-05-30 20:44:16,42.422477722168,-8.87853145599365,"Female"
"9004154",371995,2025-05-30 20:49:15,42.4223861694336,-8.8779125213623,"Female"
"9004154",371995,2025-05-30 20:54:19,42.4222793579102,-8.87851619720459,"Female"
"9004154",371995,2025-05-30 20:59:53,42.4226036071777,-8.87847518920898,"Female"
"9004154",371995,2025-05-30 21:04:23,42.4225311279297,-8.87852668762207,"Female"
"9004154",371995,2025-05-30 21:09:24,42.4223403930664,-8.87843322753906,"Female"
"9004154",371995,2025-05-30 21:14:22,42.4226722717285,-8.87847137451172,"Female"
"9004154",371995,2025-05-30 21:19:17,42.4225387573242,-8.87849044799805,"Female"
"9004154",371995,2025-05-30 21:24:15,42.4230270385742,-8.87884044647217,"Female"
"9004154",371995,2025-05-30 21:29:15,42.4225654602051,-8.87846946716309,"Female"
"9004154",371995,2025-05-30 21:34:22,42.4228820800781,-8.87864112854004,"Female"
"9004154",371995,2025-05-30 21:39:15,42.4229011535645,-8.8784294128418,"Female"
"9004154",371995,2025-05-30 21:44:14,42.4227485656738,-8.87809276580811,"Female"
"9004154",371995,2025-05-30 21:49:24,42.4225730895996,-8.87843132019043,"Female"
"9004154",371995,2025-05-30 21:54:17,42.4227714538574,-8.8784761428833,"Female"
"9004154",371995,2025-05-30 21:59:15,42.4231491088867,-8.87873458862305,"Female"
"9004154",371995,2025-05-30 22:04:29,42.422119140625,-8.87845039367676,"Female"
"9004154",371995,2025-05-30 22:09:21,42.4225234985352,-8.8785285949707,"Female"
"9004154",371995,2025-05-30 22:14:19,42.4222412109375,-8.87848472595215,"Female"
"9004154",371995,2025-05-30 22:19:23,42.4231605529785,-8.87864971160889,"Female"
"9004154",371995,2025-05-30 22:24:19,42.4228172302246,-8.87860012054443,"Female"
"9004154",371995,2025-05-30 22:29:44,42.4225425720215,-8.878493309021,"Female"
"9004154",371995,2025-05-30 22:34:15,42.4227027893066,-8.87865829467773,"Female"
"9004154",371995,2025-05-30 22:39:15,42.4226379394531,-8.87834644317627,"Female"
"9004154",371995,2025-05-30 22:44:22,42.4227104187012,-8.87826442718506,"Female"
"9004154",371995,2025-05-30 22:49:44,42.4227256774902,-8.87831687927246,"Female"
"9004154",371995,2025-05-30 22:54:19,42.4226875305176,-8.87840270996094,"Female"
"9004154",371995,2025-05-30 22:59:14,42.4227256774902,-8.87844085693359,"Female"
"9004154",371995,2025-05-30 23:04:15,42.4227447509766,-8.87861442565918,"Female"
"9004154",371995,2025-05-30 23:09:15,42.4226684570312,-8.87872219085693,"Female"
"9004154",371995,2025-05-30 23:14:15,42.422607421875,-8.87850856781006,"Female"
"9004154",371995,2025-05-30 23:19:19,42.4226303100586,-8.87817859649658,"Female"
"9004154",371995,2025-05-30 23:24:17,42.4228363037109,-8.878586769104,"Female"
"9004154",371995,2025-05-30 23:29:28,42.4226036071777,-8.87852954864502,"Female"
"9004154",371995,2025-05-30 23:34:35,42.4227523803711,-8.87835884094238,"Female"
"9004154",371995,2025-05-30 23:39:14,42.4225578308105,-8.87848854064941,"Female"
"9004154",371995,2025-05-30 23:44:15,42.4227294921875,-8.87840938568115,"Female"
"9004154",371995,2025-05-30 23:49:15,42.4227027893066,-8.87828636169434,"Female"
"9004154",371995,2025-05-30 23:54:15,42.4226913452148,-8.8784761428833,"Female"
"9004154",371995,2025-05-30 23:59:14,42.4226989746094,-8.87825965881348,"Female"
"9004154",371995,2025-05-31 00:04:23,42.4226531982422,-8.87845706939697,"Female"
"9004154",371995,2025-05-31 00:09:14,42.422737121582,-8.87836074829102,"Female"
"9004154",371995,2025-05-31 00:14:14,42.422779083252,-8.87820816040039,"Female"
"9004154",371995,2025-05-31 00:19:15,42.4228096008301,-8.87841510772705,"Female"
"9004154",371995,2025-05-31 00:24:18,42.4226570129395,-8.87845325469971,"Female"
"9004154",371995,2025-05-31 00:29:17,42.4229927062988,-8.87836742401123,"Female"
"9004154",371995,2025-05-31 00:34:18,42.422908782959,-8.87845039367676,"Female"
"9004154",371995,2025-05-31 00:39:31,42.4226188659668,-8.87841320037842,"Female"
"9004154",371995,2025-05-31 00:44:19,42.4226264953613,-8.87846946716309,"Female"
"9004154",371995,2025-05-31 00:49:42,42.4229736328125,-8.87844562530518,"Female"
"9004154",371995,2025-05-31 00:54:17,42.4225540161133,-8.87830638885498,"Female"
"9004154",371995,2025-05-31 00:59:44,42.422779083252,-8.87839412689209,"Female"
"9004154",371995,2025-05-31 01:04:21,42.422679901123,-8.87845611572266,"Female"
"9004154",371995,2025-05-31 01:09:22,42.4220848083496,-8.8783483505249,"Female"
"9004154",371995,2025-05-31 01:14:21,42.422435760498,-8.87838745117188,"Female"
"9004154",371995,2025-05-31 01:19:21,42.4225959777832,-8.87835884094238,"Female"
"9004154",371995,2025-05-31 01:24:19,42.4226951599121,-8.8784008026123,"Female"
"9004154",371995,2025-05-31 01:29:19,42.4226913452148,-8.87837505340576,"Female"
"9004154",371995,2025-05-31 01:34:18,42.4225654602051,-8.87840175628662,"Female"
"9004154",371995,2025-05-31 01:39:35,42.4227752685547,-8.87842273712158,"Female"
"9004154",371995,2025-05-31 01:44:15,42.4227485656738,-8.87833786010742,"Female"
"9004154",371995,2025-05-31 01:49:16,42.4226417541504,-8.87873268127441,"Female"
"9004154",371995,2025-05-31 01:54:19,42.4227142333984,-8.87841510772705,"Female"
"9004154",371995,2025-05-31 01:59:24,42.4226226806641,-8.87841987609863,"Female"
"9004154",371995,2025-05-31 02:04:25,42.4227066040039,-8.87840461730957,"Female"
"9004154",371995,2025-05-31 02:09:19,42.4227600097656,-8.87843132019043,"Female"
"9004154",371995,2025-05-31 02:14:16,42.4228134155273,-8.87886428833008,"Female"
"9004154",371995,2025-05-31 02:19:22,42.4227561950684,-8.87844371795654,"Female"
"9004154",371995,2025-05-31 02:24:16,42.4227256774902,-8.87874603271484,"Female"
"9004154",371995,2025-05-31 02:29:24,42.4228820800781,-8.87828540802002,"Female"
"9004154",371995,2025-05-31 02:34:19,42.4228324890137,-8.87833309173584,"Female"
"9004154",371995,2025-05-31 02:39:21,42.4228057861328,-8.87831020355225,"Female"
"9004154",371995,2025-05-31 02:44:19,42.4228439331055,-8.8782844543457,"Female"
"9004154",371995,2025-05-31 02:49:16,42.4225387573242,-8.88010025024414,"Female"
"9004154",371995,2025-05-31 02:54:23,42.4227294921875,-8.87834453582764,"Female"
"9004154",371995,2025-05-31 02:59:15,42.4226760864258,-8.87846565246582,"Female"
"9004154",371995,2025-05-31 03:04:19,42.4227828979492,-8.87833213806152,"Female"
"9004154",371995,2025-05-31 03:09:35,42.4226150512695,-8.87846946716309,"Female"
"9004154",371995,2025-05-31 03:14:16,42.4226417541504,-8.87852001190186,"Female"
"9004154",371995,2025-05-31 03:19:25,42.4227600097656,-8.8785228729248,"Female"
"9004154",371995,2025-05-31 03:24:18,42.4227638244629,-8.87852191925049,"Female"
"9004154",371995,2025-05-31 03:29:14,42.422534942627,-8.8784875869751,"Female"
"9004154",371995,2025-05-31 03:34:21,42.4225196838379,-8.87854766845703,"Female"
"9004154",371995,2025-05-31 03:39:16,42.422550201416,-8.87849617004395,"Female"
"9004154",371995,2025-05-31 03:44:15,42.422477722168,-8.87849235534668,"Female"
"9004154",371995,2025-05-31 03:49:23,42.4225273132324,-8.87849712371826,"Female"
"9004154",371995,2025-05-31 03:54:16,42.4225120544434,-8.87846851348877,"Female"
"9004154",371995,2025-05-31 03:59:25,42.4224433898926,-8.8784875869751,"Female"
"9004154",371995,2025-05-31 04:04:16,42.4224281311035,-8.87822437286377,"Female"
"9004154",371995,2025-05-31 04:09:27,42.4225196838379,-8.87843608856201,"Female"
"9004154",371995,2025-05-31 04:14:44,42.4225692749023,-8.87846374511719,"Female"
"9004154",371995,2025-05-31 04:19:14,42.4225578308105,-8.87835884094238,"Female"
"9004154",371995,2025-05-31 04:24:15,42.4225234985352,-8.87841033935547,"Female"
"9004154",371995,2025-05-31 04:29:16,42.422534942627,-8.87835216522217,"Female"
"9004154",371995,2025-05-31 04:34:16,42.4225158691406,-8.87831974029541,"Female"
"9004154",371995,2025-05-31 04:39:17,42.4225196838379,-8.87840461730957,"Female"
"9004154",371995,2025-05-31 04:44:16,42.4226188659668,-8.87824630737305,"Female"
"9004154",371995,2025-05-31 04:49:41,42.4225006103516,-8.87850379943848,"Female"
"9004154",371995,2025-05-31 04:54:17,42.422492980957,-8.8786735534668,"Female"
"9004154",371995,2025-05-31 04:59:35,42.4225616455078,-8.87846374511719,"Female"
"9004154",371995,2025-05-31 05:04:15,42.4226760864258,-8.87849617004395,"Female"
"9004154",371995,2025-05-31 05:09:15,42.4225769042969,-8.87850570678711,"Female"
"9004154",371995,2025-05-31 05:14:15,42.4224395751953,-8.8782434463501,"Female"
"9004154",371995,2025-05-31 05:19:16,42.4226341247559,-8.87843990325928,"Female"
"9004154",371995,2025-05-31 05:24:15,42.4227714538574,-8.87774848937988,"Female"
"9004154",371995,2025-05-31 05:29:44,42.4225921630859,-8.87862205505371,"Female"
"9004154",371995,2025-05-31 05:34:15,42.4225921630859,-8.87845420837402,"Female"
"9004154",371995,2025-05-31 05:39:18,42.422550201416,-8.87862014770508,"Female"
"9004154",371995,2025-05-31 05:44:51,42.4236373901367,-8.87868118286133,"Female"
"9004154",371995,2025-05-31 05:49:44,42.4236526489258,-8.87871646881104,"Female"
"9004154",371995,2025-05-31 05:54:40,42.4239273071289,-8.87868785858154,"Female"
"9004154",371995,2025-05-31 05:59:18,42.4238510131836,-8.87883567810059,"Female"
"9004154",371995,2025-05-31 06:04:17,42.4238357543945,-8.87894535064697,"Female"
"9004154",371995,2025-05-31 06:09:14,42.4349174499512,-8.87867546081543,"Female"
"9004154",371995,2025-05-31 06:14:16,42.450984954834,-8.88151264190674,"Female"
"9004154",371995,2025-05-31 06:19:32,42.4512405395508,-8.88159656524658,"Female"
"9004154",371995,2025-05-31 06:25:22,42.451416015625,-8.88164806365967,"Female"
"9004154",371995,2025-05-31 06:30:51,42.4513778686523,-8.88181114196777,"Female"
"9004154",371995,2025-05-31 06:35:51,42.452808380127,-8.8842077255249,"Female"
"9004154",371995,2025-05-31 06:40:50,42.457950592041,-8.90289688110352,"Female"
"9004154",371995,2025-05-31 06:45:51,42.4579963684082,-8.90287590026855,"Female"
"9004154",371995,2025-05-31 06:50:51,42.458080291748,-8.90296077728271,"Female"
"9004154",371995,2025-05-31 06:55:53,42.4580917358398,-8.90301609039307,"Female"
"9004154",371995,2025-05-31 07:00:51,42.4580078125,-8.90286159515381,"Female"
"9004154",371995,2025-05-31 07:05:51,42.4581069946289,-8.90300273895264,"Female"
"9004154",371995,2025-05-31 07:10:52,42.4608535766602,-8.90972328186035,"Female"
"9004154",371995,2025-05-31 07:16:30,42.4612998962402,-8.91295337677002,"Female"
"9004154",371995,2025-05-31 07:22:39,42.4611968994141,-8.91387844085693,"Female"
"9004154",371995,2025-05-31 07:28:01,42.4610137939453,-8.91416454315186,"Female"
"9004154",371995,2025-05-31 07:34:25,42.4612731933594,-8.91285610198975,"Female"
"9004154",371995,2025-05-31 07:41:08,42.4611206054688,-8.91168594360352,"Female"
"9004154",371995,2025-05-31 07:54:44,42.4592552185059,-8.9044361114502,"Female"
"9004154",371995,2025-05-31 07:59:36,42.4596061706543,-8.89815521240234,"Female"
"9004154",371995,2025-05-31 08:08:05,42.4607315063477,-8.89941310882568,"Female"
"9004154",371995,2025-05-31 08:17:27,42.4602203369141,-8.89997005462646,"Female"
"9004154",371995,2025-05-31 08:21:40,42.4579544067383,-8.90266990661621,"Female"
"9004154",371995,2025-05-31 08:27:05,42.4580383300781,-8.90288639068604,"Female"
"9004154",371995,2025-05-31 08:31:35,42.4580230712891,-8.90287685394287,"Female"
"9004154",371995,2025-05-31 08:36:36,42.4580230712891,-8.90293502807617,"Female"
"9004154",371995,2025-05-31 08:41:36,42.4580497741699,-8.90288543701172,"Female"
"9004154",371995,2025-05-31 08:46:35,42.4580345153809,-8.90287685394287,"Female"
"9004154",371995,2025-05-31 08:51:35,42.4580688476562,-8.90284061431885,"Female"
"9004154",371995,2025-05-31 08:56:35,42.4580497741699,-8.9029541015625,"Female"
"9004154",371995,2025-05-31 09:01:36,42.4580574035645,-8.902907371521,"Female"
"9004154",371995,2025-05-31 09:06:45,42.4580726623535,-8.90291595458984,"Female"
"9004154",371995,2025-05-31 09:11:39,42.458065032959,-8.90289306640625,"Female"
"9004154",371995,2025-05-31 09:16:39,42.4580268859863,-8.90299701690674,"Female"
"9004154",371995,2025-05-31 09:21:38,42.4580955505371,-8.90296173095703,"Female"
"9004154",371995,2025-05-31 09:26:45,42.4580383300781,-8.90297889709473,"Female"
"9004154",371995,2025-05-31 09:31:37,42.4580345153809,-8.90293312072754,"Female"
"9004154",371995,2025-05-31 09:36:35,42.4580612182617,-8.90294647216797,"Female"
"9004154",371995,2025-05-31 09:41:35,42.4580535888672,-8.90294170379639,"Female"
"9004154",371995,2025-05-31 09:46:35,42.4580383300781,-8.90288543701172,"Female"
"9004154",371995,2025-05-31 09:51:35,42.4580574035645,-8.9029655456543,"Female"
"9004154",371995,2025-05-31 09:56:39,42.4581184387207,-8.90289688110352,"Female"
"9004154",371995,2025-05-31 10:02:21,42.4610404968262,-8.91096687316895,"Female"
"9004154",371995,2025-05-31 10:07:16,42.4607849121094,-8.91185474395752,"Female"
"9004154",371995,2025-05-31 10:18:14,42.4609527587891,-8.913161277771,"Female"
"9004154",371995,2025-05-31 10:33:46,42.461368560791,-8.9119758605957,"Female"
"9004154",371995,2025-05-31 10:42:43,42.4610366821289,-8.9112606048584,"Female"
"9004154",371995,2025-05-31 10:50:21,42.4608497619629,-8.91075325012207,"Female"
"9004154",371995,2025-05-31 10:56:11,42.4608306884766,-8.91077899932861,"Female"
"9004154",371995,2025-05-31 11:04:44,42.4609375,-8.91007709503174,"Female"
"9004154",371995,2025-05-31 11:09:46,42.4603462219238,-8.90956115722656,"Female"
"9004154",371995,2025-05-31 11:14:46,42.458568572998,-8.90446281433105,"Female"
"9004154",371995,2025-05-31 11:19:46,42.4585075378418,-8.90450096130371,"Female"
"9004154",371995,2025-05-31 11:24:47,42.4585800170898,-8.9044246673584,"Female"
"9004154",371995,2025-05-31 11:30:01,42.4585800170898,-8.90445137023926,"Female"
"9004154",371995,2025-05-31 11:34:43,42.4585990905762,-8.90446949005127,"Female"
"9004154",371995,2025-05-31 11:39:43,42.4585914611816,-8.90455150604248,"Female"
"9004154",371995,2025-05-31 11:44:43,42.4586143493652,-8.90445899963379,"Female"
"9004154",371995,2025-05-31 11:49:43,42.4585304260254,-8.90462493896484,"Female"
"9004154",371995,2025-05-31 11:54:43,42.4585876464844,-8.90444374084473,"Female"
"9004154",371995,2025-05-31 11:59:44,42.4585952758789,-8.90444278717041,"Female"
"9004154",371995,2025-05-31 12:04:43,42.4585876464844,-8.90451431274414,"Female"
"9004154",371995,2025-05-31 12:09:43,42.4585990905762,-8.90444087982178,"Female"
"9004154",371995,2025-05-31 12:14:43,42.4585876464844,-8.90425968170166,"Female"
"9004154",371995,2025-05-31 12:19:44,42.4586524963379,-8.90429496765137,"Female"
"9004154",371995,2025-05-31 12:24:45,42.4585800170898,-8.90438652038574,"Female"
"9004154",371995,2025-05-31 12:29:43,42.4586181640625,-8.90432643890381,"Female"
"9004154",371995,2025-05-31 12:34:43,42.4586181640625,-8.904465675354,"Female"
"9004154",371995,2025-05-31 12:39:43,42.4586143493652,-8.90436840057373,"Female"
"9004154",371995,2025-05-31 12:44:43,42.4586219787598,-8.90414714813232,"Female"
"9004154",371995,2025-05-31 12:49:43,42.4585876464844,-8.90451049804688,"Female"
"9004154",371995,2025-05-31 12:54:43,42.458625793457,-8.90410327911377,"Female"
"9004154",371995,2025-05-31 12:59:43,42.4585876464844,-8.9040584564209,"Female"
"9004154",371995,2025-05-31 13:04:43,42.4586029052734,-8.90420532226562,"Female"
"9004154",371995,2025-05-31 13:09:45,42.458812713623,-8.90458679199219,"Female"
"9004154",371995,2025-05-31 13:14:45,42.4586219787598,-8.90452003479004,"Female"
"9004154",371995,2025-05-31 13:19:52,42.4586791992188,-8.90449333190918,"Female"
"9004154",371995,2025-05-31 13:24:48,42.4587898254395,-8.90466117858887,"Female"
"9004154",371995,2025-05-31 13:30:05,42.458610534668,-8.90440273284912,"Female"
"9004154",371995,2025-05-31 13:34:43,42.4586219787598,-8.90440464019775,"Female"
"9004154",371995,2025-05-31 13:39:53,42.4606323242188,-8.90070724487305,"Female"
"9004154",371995,2025-05-31 13:44:52,42.4604949951172,-8.89992237091064,"Female"
"9004154",371995,2025-05-31 13:50:09,42.4600257873535,-8.89882373809814,"Female"
"9004154",371995,2025-05-31 13:55:24,42.4602546691895,-8.89831829071045,"Female"
"9004154",371995,2025-05-31 14:00:37,42.4597473144531,-8.89685440063477,"Female"
"9004154",371995,2025-05-31 14:05:37,42.4589729309082,-8.89547634124756,"Female"
"9004154",371995,2025-05-31 14:11:04,42.4583396911621,-8.89444065093994,"Female"
"9004154",371995,2025-05-31 14:16:04,42.4581069946289,-8.89453220367432,"Female"
"9004154",371995,2025-05-31 14:21:19,42.4583892822266,-8.89468669891357,"Female"
"9004154",371995,2025-05-31 14:27:04,42.4578056335449,-8.8939151763916,"Female"
"9004154",371995,2025-05-31 14:32:51,42.4562797546387,-8.89352130889893,"Female"
"9004154",371995,2025-05-31 14:38:35,42.4580154418945,-8.90292644500732,"Female"
"9004154",371995,2025-05-31 14:42:48,42.458080291748,-8.90296173095703,"Female"
"9004154",371995,2025-05-31 14:47:47,42.4579887390137,-8.90298366546631,"Female"
"9004154",371995,2025-05-31 14:52:48,42.4580307006836,-8.9029541015625,"Female"
"9004154",371995,2025-05-31 14:57:48,42.4581108093262,-8.90291595458984,"Female"
"9004154",371995,2025-05-31 15:02:48,42.4579696655273,-8.90295600891113,"Female"
"9004154",371995,2025-05-31 15:07:49,42.4588394165039,-8.90248966217041,"Female"
"9004154",371995,2025-05-31 15:13:09,42.4579963684082,-8.90297603607178,"Female"
"9004154",371995,2025-05-31 15:17:54,42.4585266113281,-8.90267276763916,"Female"
"9004154",371995,2025-05-31 15:22:58,42.458065032959,-8.9031343460083,"Female"
"9004154",371995,2025-05-31 15:27:52,42.4584350585938,-8.90275287628174,"Female"
"9004154",371995,2025-05-31 15:33:14,42.4579772949219,-8.90301609039307,"Female"
"9004154",371995,2025-05-31 15:37:47,42.4580078125,-8.902907371521,"Female"
"9004154",371995,2025-05-31 15:42:49,42.4579849243164,-8.90296936035156,"Female"
"9004154",371995,2025-05-31 15:48:01,42.4579887390137,-8.90281963348389,"Female"
"9004154",371995,2025-05-31 15:52:52,42.4578514099121,-8.90426826477051,"Female"
"9004154",371995,2025-05-31 15:58:03,42.4580841064453,-8.9027795791626,"Female"
"9004154",371995,2025-05-31 16:03:24,42.4569969177246,-8.89367294311523,"Female"
"9004154",371995,2025-05-31 16:09:06,42.4571800231934,-8.89351654052734,"Female"
"9004154",371995,2025-05-31 16:15:53,42.4579696655273,-8.89282989501953,"Female"
"9004154",371995,2025-05-31 16:23:57,42.4577293395996,-8.89309310913086,"Female"
"9004154",371995,2025-05-31 16:30:31,42.4575729370117,-8.8929271697998,"Female"
"9004154",371995,2025-05-31 16:35:15,42.4579849243164,-8.89405155181885,"Female"
"9004154",371995,2025-05-31 16:40:34,42.4579086303711,-8.89352893829346,"Female"
"9004154",371995,2025-05-31 16:46:13,42.4577484130859,-8.89347743988037,"Female"
"9004154",371995,2025-05-31 16:51:16,42.4567413330078,-8.89291191101074,"Female"
"9004154",371995,2025-05-31 16:56:40,42.4569854736328,-8.8900260925293,"Female"
"9004154",371995,2025-05-31 17:33:19,42.4572982788086,-8.89046478271484,"Female"
"9004154",371995,2025-05-31 17:38:59,42.4574661254883,-8.89061737060547,"Female"
"9004154",371995,2025-05-31 17:44:22,42.4576568603516,-8.89055919647217,"Female"
"9004154",371995,2025-05-31 17:50:13,42.4574928283691,-8.88951206207275,"Female"
"9004154",371995,2025-05-31 17:55:34,42.4573440551758,-8.88790893554688,"Female"
"9004154",371995,2025-05-31 18:00:38,42.4566612243652,-8.88881492614746,"Female"
"9004154",371995,2025-05-31 18:05:38,42.459529876709,-8.8951997756958,"Female"
"9004154",371995,2025-05-31 18:10:39,42.4594688415527,-8.89512729644775,"Female"
"9004154",371995,2025-05-31 18:15:39,42.4594345092773,-8.89505004882812,"Female"
"9004154",371995,2025-05-31 18:20:38,42.4591217041016,-8.89479923248291,"Female"
"9004154",371995,2025-05-31 18:25:45,42.458797454834,-8.89479351043701,"Female"
"9004154",371995,2025-05-31 18:30:57,42.4586296081543,-8.89463138580322,"Female"
"9004154",371995,2025-05-31 18:36:39,42.4584465026855,-8.89417839050293,"Female"
"9004154",371995,2025-05-31 18:41:52,42.458610534668,-8.8947229385376,"Female"
"9004154",371995,2025-05-31 18:53:41,42.458381652832,-8.8934383392334,"Female"
"9004154",371995,2025-05-31 18:59:23,42.4585762023926,-8.89372539520264,"Female"
"9004154",371995,2025-05-31 19:04:44,42.4577255249023,-8.89383697509766,"Female"
"9004154",371995,2025-05-31 19:09:23,42.4225006103516,-8.87841701507568,"Female"
"9004154",371995,2025-05-31 19:14:38,42.4225654602051,-8.87826824188232,"Female"
"9004154",371995,2025-05-31 19:19:53,42.4226493835449,-8.87841606140137,"Female"
"9004154",371995,2025-05-31 19:24:31,42.4224395751953,-8.87856006622314,"Female"
"9004154",371995,2025-05-31 19:29:25,42.4227638244629,-8.87844944000244,"Female"
"9004154",371995,2025-05-31 19:34:22,42.4226531982422,-8.87836647033691,"Female"
"9004154",371995,2025-05-31 19:39:22,42.4229774475098,-8.87825107574463,"Female"
"9004154",371995,2025-05-31 19:44:24,42.4231567382812,-8.87821102142334,"Female"
"9004154",371995,2025-05-31 19:49:53,42.4226455688477,-8.87847900390625,"Female"
"9004154",371995,2025-05-31 19:54:21,42.4224166870117,-8.87860107421875,"Female"
"9004154",371995,2025-05-31 20:00:14,42.4225997924805,-8.87836170196533,"Female"
"9004154",371995,2025-05-31 20:04:21,42.4228172302246,-8.87832260131836,"Female"
"9004154",371995,2025-05-31 20:09:23,42.4225273132324,-8.87842273712158,"Female"
"9004154",371995,2025-05-31 20:14:22,42.4229202270508,-8.87863063812256,"Female"
"9004154",371995,2025-05-31 20:19:22,42.423038482666,-8.8786153793335,"Female"
"9004154",371995,2025-05-31 20:24:21,42.4225654602051,-8.87851810455322,"Female"
"9004154",371995,2025-05-31 20:29:22,42.4228935241699,-8.87864971160889,"Female"
"9004154",371995,2025-05-31 20:34:25,42.4224662780762,-8.87845516204834,"Female"
"9004154",371995,2025-05-31 20:40:35,42.4224472045898,-8.87845993041992,"Female"
"9004154",371995,2025-05-31 20:44:23,42.4224433898926,-8.8786792755127,"Female"
"9004154",371995,2025-05-31 20:50:03,42.4225692749023,-8.87846183776855,"Female"
"9004154",371995,2025-05-31 20:54:21,42.4226684570312,-8.87871742248535,"Female"
"9004154",371995,2025-05-31 20:59:23,42.4225006103516,-8.87836265563965,"Female"
"9004154",371995,2025-05-31 21:04:22,42.4226531982422,-8.87873363494873,"Female"
"9004154",371995,2025-05-31 21:09:22,42.4227485656738,-8.87862396240234,"Female"
"9004154",371995,2025-05-31 21:14:21,42.4223289489746,-8.8791332244873,"Female"
"9004154",371995,2025-05-31 21:19:23,42.4225959777832,-8.87874221801758,"Female"
"9004154",371995,2025-05-31 21:24:20,42.4225807189941,-8.87869071960449,"Female"
"9004154",371995,2025-05-31 21:29:20,42.422607421875,-8.87848663330078,"Female"
"9004154",371995,2025-05-31 21:34:22,42.4224433898926,-8.8783073425293,"Female"
"9004154",371995,2025-05-31 21:39:21,42.4225120544434,-8.87837696075439,"Female"
"9004154",371995,2025-05-31 21:44:25,42.4224739074707,-8.87850189208984,"Female"
"9004154",371995,2025-05-31 21:49:24,42.4225540161133,-8.87851619720459,"Female"
"9004154",371995,2025-05-31 21:54:23,42.4227905273438,-8.87853908538818,"Female"
"9004154",371995,2025-05-31 21:59:23,42.4223937988281,-8.87824821472168,"Female"
"9004154",371995,2025-05-31 22:04:29,42.422679901123,-8.87850856781006,"Female"
"9004154",371995,2025-05-31 22:09:24,42.4226989746094,-8.87862777709961,"Female"
"9004154",371995,2025-05-31 22:14:30,42.4223899841309,-8.87847328186035,"Female"
"9004154",371995,2025-05-31 22:19:43,42.4229316711426,-8.87849426269531,"Female"
"9004154",371995,2025-05-31 22:24:53,42.4226760864258,-8.878493309021,"Female"
"9004154",371995,2025-05-31 22:29:24,42.4227676391602,-8.87836170196533,"Female"
"9004154",371995,2025-05-31 22:34:27,42.4228248596191,-8.87847805023193,"Female"
"9004154",371995,2025-05-31 22:39:21,42.4228134155273,-8.87843132019043,"Female"
"9004154",371995,2025-05-31 22:44:22,42.422664642334,-8.87831115722656,"Female"
"9004154",371995,2025-05-31 22:49:45,42.4225883483887,-8.87848281860352,"Female"
"9004154",371995,2025-05-31 22:54:22,42.4225578308105,-8.87867546081543,"Female"
"9004154",371995,2025-05-31 22:59:23,42.4223823547363,-8.87833213806152,"Female"
"9004154",371995,2025-05-31 23:04:29,42.4225158691406,-8.87850856781006,"Female"
"9004154",371995,2025-05-31 23:09:22,42.4227066040039,-8.87879085540771,"Female"
"9004154",371995,2025-05-31 23:14:33,42.4223937988281,-8.87844944000244,"Female"
"9004154",371995,2025-05-31 23:19:43,42.4224281311035,-8.87854194641113,"Female"
"9004154",371995,2025-05-31 23:24:21,42.4225921630859,-8.8787956237793,"Female"
"9004154",371995,2025-05-31 23:29:21,42.4227180480957,-8.87856864929199,"Female"
"9004154",371995,2025-05-31 23:34:21,42.422607421875,-8.87882709503174,"Female"
"9004154",371995,2025-05-31 23:39:20,42.4225273132324,-8.87892532348633,"Female"
"9004154",371995,2025-05-31 23:44:21,42.4225387573242,-8.87885475158691,"Female"
"9004154",371995,2025-05-31 23:49:44,42.4226722717285,-8.87866020202637,"Female"
"9004154",371995,2025-05-31 23:54:20,42.4226493835449,-8.8785457611084,"Female"
"9004154",371995,2025-05-31 23:59:21,42.422679901123,-8.87825584411621,"Female"
"9004154",371995,2025-06-01 00:04:23,42.4226303100586,-8.87819194793701,"Female"
"9004154",371995,2025-06-01 00:09:20,42.4226722717285,-8.87852573394775,"Female"
"9004154",371995,2025-06-01 00:14:28,42.4225654602051,-8.87846183776855,"Female"
"9004154",371995,2025-06-01 00:19:22,42.4225997924805,-8.87879943847656,"Female"
"9004154",371995,2025-06-01 00:24:23,42.4225883483887,-8.87828826904297,"Female"
"9004154",371995,2025-06-01 00:29:24,42.4226112365723,-8.87835693359375,"Female"
"9004154",371995,2025-06-01 00:34:46,42.4227561950684,-8.87860679626465,"Female"
"9004154",371995,2025-06-01 00:39:31,42.422664642334,-8.87863349914551,"Female"
"9004154",371995,2025-06-01 00:44:31,42.4229354858398,-8.8788890838623,"Female"
"9004154",371995,2025-06-01 00:49:45,42.4228401184082,-8.87857723236084,"Female"
"9004154",371995,2025-06-01 00:55:05,42.4227104187012,-8.87841987609863,"Female"
"9004154",371995,2025-06-01 00:59:26,42.4227828979492,-8.87843227386475,"Female"
"9004154",371995,2025-06-01 01:04:22,42.4226684570312,-8.87841701507568,"Female"
"9004154",371995,2025-06-01 01:09:24,42.4225654602051,-8.87850856781006,"Female"
"9004154",371995,2025-06-01 01:14:23,42.4227523803711,-8.87843894958496,"Female"
"9004154",371995,2025-06-01 01:19:21,42.4225120544434,-8.87863445281982,"Female"
"9004154",371995,2025-06-01 01:24:35,42.4224815368652,-8.87849426269531,"Female"
"9004154",371995,2025-06-01 01:29:40,42.4226455688477,-8.87846851348877,"Female"
"9004154",371995,2025-06-01 01:34:31,42.4225273132324,-8.87846946716309,"Female"
"9004154",371995,2025-06-01 01:40:03,42.4225387573242,-8.87840175628662,"Female"
"9004154",371995,2025-06-01 01:44:20,42.4227447509766,-8.87844467163086,"Female"
"9004154",371995,2025-06-01 01:49:20,42.422794342041,-8.87848567962646,"Female"
"9004154",371995,2025-06-01 01:54:20,42.422721862793,-8.87856578826904,"Female"
"9004154",371995,2025-06-01 01:59:21,42.4228782653809,-8.87844944000244,"Female"
"9004154",371995,2025-06-01 02:04:21,42.4226760864258,-8.87873840332031,"Female"
"9004154",371995,2025-06-01 02:09:21,42.422779083252,-8.87851047515869,"Female"
"9004154",371995,2025-06-01 02:14:21,42.423023223877,-8.87826347351074,"Female"
"9004154",371995,2025-06-01 02:19:22,42.4228706359863,-8.87853336334229,"Female"
"9004154",371995,2025-06-01 02:24:22,42.4228515625,-8.87850570678711,"Female"
"9004154",371995,2025-06-01 02:29:22,42.4225196838379,-8.87869739532471,"Female"
"9004154",371995,2025-06-01 02:34:31,42.4227409362793,-8.87842655181885,"Female"
"9004154",371995,2025-06-01 02:39:28,42.4226760864258,-8.87837982177734,"Female"
"9004154",371995,2025-06-01 02:44:22,42.4228630065918,-8.87768363952637,"Female"
"9004154",371995,2025-06-01 02:49:28,42.4227027893066,-8.87840747833252,"Female"
"9004154",371995,2025-06-01 02:54:21,42.4226493835449,-8.87864589691162,"Female"
"9004154",371995,2025-06-01 02:59:25,42.4227027893066,-8.87839794158936,"Female"
"9004154",371995,2025-06-01 03:04:45,42.4225807189941,-8.87839794158936,"Female"
"9004154",371995,2025-06-01 03:09:23,42.4225921630859,-8.87839126586914,"Female"
"9004154",371995,2025-06-01 03:14:23,42.422664642334,-8.87831687927246,"Female"
"9004154",371995,2025-06-01 03:19:30,42.4225311279297,-8.87843704223633,"Female"
"9004154",371995,2025-06-01 03:24:53,42.4226570129395,-8.87837696075439,"Female"
"9004154",371995,2025-06-01 03:29:20,42.4224243164062,-8.8781681060791,"Female"
"9004154",371995,2025-06-01 03:34:20,42.422679901123,-8.87840175628662,"Female"
"9004154",371995,2025-06-01 03:39:20,42.4226570129395,-8.87834930419922,"Female"
"9004154",371995,2025-06-01 03:44:20,42.4225997924805,-8.87833499908447,"Female"
"9004154",371995,2025-06-01 03:49:20,42.4226341247559,-8.87842178344727,"Female"
"9004154",371995,2025-06-01 03:54:21,42.4227142333984,-8.87839412689209,"Female"
"9004154",371995,2025-06-01 03:59:22,42.4227409362793,-8.87849807739258,"Female"
"9004154",371995,2025-06-01 04:04:30,42.4227714538574,-8.87849235534668,"Female"
"9004154",371995,2025-06-01 04:09:43,42.4226722717285,-8.87847900390625,"Female"
"9004154",371995,2025-06-01 04:14:20,42.4226570129395,-8.87834930419922,"Female"
"9004154",371995,2025-06-01 04:19:21,42.4227905273438,-8.87842559814453,"Female"
"9004154",371995,2025-06-01 04:24:23,42.4226989746094,-8.87828826904297,"Female"
"9004154",371995,2025-06-01 04:29:22,42.4226417541504,-8.8783712387085,"Female"
"9004154",371995,2025-06-01 04:34:20,42.4226837158203,-8.87839126586914,"Female"
"9004154",371995,2025-06-01 04:39:22,42.4226036071777,-8.87832069396973,"Female"
"9004154",371995,2025-06-01 04:44:21,42.423023223877,-8.87858772277832,"Female"
"9004154",371995,2025-06-01 04:49:44,42.4229202270508,-8.87844181060791,"Female"
"9004154",371995,2025-06-01 04:54:24,42.4229583740234,-8.87825012207031,"Female"
"9004154",371995,2025-06-01 04:59:25,42.4225769042969,-8.87873935699463,"Female"
"9004154",371995,2025-06-01 05:05:32,42.4221000671387,-8.87800216674805,"Female"
"9004154",371995,2025-06-01 05:10:03,42.4229545593262,-8.87872982025146,"Female"
"9004154",371995,2025-06-01 05:14:57,42.4230995178223,-8.87882614135742,"Female"
"9004154",371995,2025-06-01 05:19:56,42.4228668212891,-8.8786506652832,"Female"
"9004154",371995,2025-06-01 05:25:07,42.4228019714355,-8.87864685058594,"Female"
"9004154",371995,2025-06-01 05:29:36,42.4232139587402,-8.87884521484375,"Female"
"9004154",371995,2025-06-01 05:34:31,42.4295959472656,-8.87980365753174,"Female"
"9004154",371995,2025-06-01 05:39:31,42.4294776916504,-8.87973785400391,"Female"
"9004154",371995,2025-06-01 05:44:31,42.4294471740723,-8.87974548339844,"Female"
"9004154",371995,2025-06-01 05:49:29,42.4296417236328,-8.87984371185303,"Female"
"9004154",371995,2025-06-01 05:54:41,42.429443359375,-8.87892246246338,"Female"
"9004154",371995,2025-06-01 05:59:25,42.444751739502,-8.87556457519531,"Female"
"9004154",371995,2025-06-01 06:05:20,42.4463348388672,-8.87653923034668,"Female"
"9004154",371995,2025-06-01 06:10:18,42.446849822998,-8.8772554397583,"Female"
"9004154",371995,2025-06-01 06:15:21,42.4476051330566,-8.87780284881592,"Female"
"9004154",371995,2025-06-01 06:20:20,42.4483604431152,-8.87764358520508,"Female"
"9004154",371995,2025-06-01 06:29:52,42.449836730957,-8.87998104095459,"Female"
"9004154",371995,2025-06-01 06:34:50,42.4487152099609,-8.87995338439941,"Female"
"9004154",371995,2025-06-01 06:39:47,42.4475555419922,-8.8798770904541,"Female"
"9004154",371995,2025-06-01 06:44:49,42.4471855163574,-8.87870311737061,"Female"
"9004154",371995,2025-06-01 06:49:50,42.4481658935547,-8.87885856628418,"Female"
"9004154",371995,2025-06-01 06:55:16,42.4491310119629,-8.87910938262939,"Female"
"9004154",371995,2025-06-01 07:00:17,42.4496574401855,-8.88019180297852,"Female"
"9004154",371995,2025-06-01 07:05:23,42.4515609741211,-8.8817024230957,"Female"
"9004154",371995,2025-06-01 07:10:44,42.4525756835938,-8.88225078582764,"Female"
"9004154",371995,2025-06-01 07:15:50,42.4536781311035,-8.88280773162842,"Female"
"9004154",371995,2025-06-01 07:20:46,42.4522361755371,-8.8814754486084,"Female"
"9004154",371995,2025-06-01 07:25:49,42.451358795166,-8.88185977935791,"Female"
"9004154",371995,2025-06-01 07:30:46,42.4503173828125,-8.88081073760986,"Female"
"9004154",371995,2025-06-01 07:35:47,42.4497375488281,-8.88032722473145,"Female"
"9004154",371995,2025-06-01 07:40:47,42.4485282897949,-8.87893867492676,"Female"
"9004154",371995,2025-06-01 07:47:44,42.4472198486328,-8.87953853607178,"Female"
"9004154",371995,2025-06-01 07:52:17,42.4459571838379,-8.88057518005371,"Female"
"9004154",371995,2025-06-01 07:57:19,42.4443664550781,-8.87959957122803,"Female"
"9004154",371995,2025-06-01 08:02:17,42.4371566772461,-8.87750053405762,"Female"
"9004154",371995,2025-06-01 08:07:22,42.4371795654297,-8.8775691986084,"Female"
"9004154",371995,2025-06-01 08:12:17,42.437198638916,-8.87754249572754,"Female"
"9004154",371995,2025-06-01 08:17:18,42.437141418457,-8.87751293182373,"Female"
"9004154",371995,2025-06-01 08:22:18,42.437255859375,-8.87763118743896,"Female"
"9004154",371995,2025-06-01 08:27:17,42.4371490478516,-8.8775520324707,"Female"
"9004154",371995,2025-06-01 08:32:45,42.4372749328613,-8.8776683807373,"Female"
"9004154",371995,2025-06-01 08:37:18,42.4370422363281,-8.87741661071777,"Female"
"9004154",371995,2025-06-01 08:42:18,42.4372024536133,-8.87750625610352,"Female"
"9004154",371995,2025-06-01 08:47:17,42.4371528625488,-8.87712574005127,"Female"
"9004154",371995,2025-06-01 08:52:21,42.4375877380371,-8.87932777404785,"Female"
"9004154",371995,2025-06-01 08:57:31,42.4372940063477,-8.87756443023682,"Female"
"9004154",371995,2025-06-01 09:02:23,42.4372215270996,-8.87778377532959,"Female"
"9004154",371995,2025-06-01 09:07:21,42.4375419616699,-8.87857055664062,"Female"
"9004154",371995,2025-06-01 09:12:21,42.4376640319824,-8.87887382507324,"Female"
"9004154",371995,2025-06-01 09:17:33,42.4487953186035,-8.88221836090088,"Female"
"9004154",371995,2025-06-01 09:22:21,42.4489707946777,-8.88258361816406,"Female"
"9004154",371995,2025-06-01 09:27:31,42.4532012939453,-8.88478374481201,"Female"
"9004154",371995,2025-06-01 09:33:15,42.4601249694824,-8.9082088470459,"Female"
"9004154",371995,2025-06-01 09:38:11,42.4608116149902,-8.91286754608154,"Female"
"9004154",371995,2025-06-01 09:47:34,42.4611129760742,-8.91353797912598,"Female"
"9004154",371995,2025-06-01 09:52:34,42.4611625671387,-8.91325950622559,"Female"
"9004154",371995,2025-06-01 09:57:33,42.4594802856445,-8.90802097320557,"Female"
"9004154",371995,2025-06-01 10:02:39,42.4580154418945,-8.90294933319092,"Female"
"9004154",371995,2025-06-01 10:07:32,42.4579963684082,-8.90299034118652,"Female"
"9004154",371995,2025-06-01 10:12:39,42.4580039978027,-8.90301036834717,"Female"
"9004154",371995,2025-06-01 10:17:39,42.4580192565918,-8.90298271179199,"Female"
"9004154",371995,2025-06-01 10:22:39,42.4594383239746,-8.90525817871094,"Female"
"9004154",371995,2025-06-01 10:27:39,42.4594230651855,-8.90530776977539,"Female"
"9004154",371995,2025-06-01 10:32:45,42.4594306945801,-8.90523719787598,"Female"
"9004154",371995,2025-06-01 10:37:32,42.4594535827637,-8.90526485443115,"Female"
"9004154",371995,2025-06-01 10:42:39,42.4594230651855,-8.90523338317871,"Female"
"9004154",371995,2025-06-01 10:47:39,42.4594078063965,-8.90524482727051,"Female"
"9004154",371995,2025-06-01 10:52:31,42.4593963623047,-8.90526962280273,"Female"
"9004154",371995,2025-06-01 10:57:33,42.4594345092773,-8.90510272979736,"Female"
"9004154",371995,2025-06-01 11:02:31,42.456371307373,-8.90646553039551,"Female"
"9004154",371995,2025-06-01 11:07:55,42.4559555053711,-8.90710830688477,"Female"
"9004154",371995,2025-06-01 11:23:40,42.4608459472656,-8.91396427154541,"Female"
"9004154",371995,2025-06-01 11:29:04,42.4581871032715,-8.90329742431641,"Female"
"9004154",371995,2025-06-01 11:33:44,42.4581298828125,-8.90297698974609,"Female"
"9004154",371995,2025-06-01 11:38:32,42.4581184387207,-8.90299892425537,"Female"
"9004154",371995,2025-06-01 11:43:32,42.4580345153809,-8.90299034118652,"Female"
"9004154",371995,2025-06-01 11:48:32,42.4580307006836,-8.90299510955811,"Female"
"9004154",371995,2025-06-01 11:53:32,42.4580993652344,-8.90301322937012,"Female"
"9004154",371995,2025-06-01 11:58:32,42.4582710266113,-8.90297794342041,"Female"
"9004154",371995,2025-06-01 12:03:32,42.4582176208496,-8.90297985076904,"Female"
"9004154",371995,2025-06-01 12:08:32,42.4581413269043,-8.90304565429688,"Female"
"9004154",371995,2025-06-01 12:13:32,42.4581298828125,-8.90303325653076,"Female"
"9004154",371995,2025-06-01 12:18:32,42.458194732666,-8.90304183959961,"Female"
"9004154",371995,2025-06-01 12:23:32,42.4581642150879,-8.90301513671875,"Female"
"9004154",371995,2025-06-01 12:28:32,42.4581336975098,-8.90298748016357,"Female"
"9004154",371995,2025-06-01 12:33:33,42.4582862854004,-8.90307235717773,"Female"
"9004154",371995,2025-06-01 12:38:36,42.4580383300781,-8.90296936035156,"Female"
"9004154",371995,2025-06-01 12:43:36,42.4580726623535,-8.9029369354248,"Female"
"9004154",371995,2025-06-01 12:49:18,42.4584693908691,-8.8945779800415,"Female"
"9004154",371995,2025-06-01 12:57:38,42.4586982727051,-8.89476108551025,"Female"
"9004154",371995,2025-06-01 13:11:09,42.4579391479492,-8.89289855957031,"Female"
"9004154",371995,2025-06-01 13:27:44,42.4569702148438,-8.89334869384766,"Female"
"9004154",371995,2025-06-01 13:32:28,42.4569244384766,-8.89318561553955,"Female"
"9004154",371995,2025-06-01 13:37:28,42.4568252563477,-8.89291191101074,"Female"
"9004154",371995,2025-06-01 13:42:28,42.4568557739258,-8.89313888549805,"Female"
"9004154",371995,2025-06-01 13:47:44,42.4568367004395,-8.89318943023682,"Female"
"9004154",371995,2025-06-01 13:52:29,42.4568405151367,-8.89311122894287,"Female"
"9004154",371995,2025-06-01 13:57:27,42.4568061828613,-8.89295101165771,"Female"
"9004154",371995,2025-06-01 14:02:27,42.456859588623,-8.89321422576904,"Female"
"9004154",371995,2025-06-01 14:07:29,42.4566307067871,-8.89314079284668,"Female"
"9004154",371995,2025-06-01 14:12:30,42.4567337036133,-8.89317989349365,"Female"
"9004154",371995,2025-06-01 14:17:31,42.456859588623,-8.89319324493408,"Female"
"9004154",371995,2025-06-01 14:22:30,42.4567832946777,-8.89308738708496,"Female"
"9004154",371995,2025-06-01 14:27:37,42.4567985534668,-8.89318180084229,"Female"
"9004154",371995,2025-06-01 14:32:44,42.4589538574219,-8.89806938171387,"Female"
"9004154",371995,2025-06-01 14:37:49,42.4595336914062,-8.89894485473633,"Female"
"9004154",371995,2025-06-01 14:44:48,42.4602928161621,-8.89966201782227,"Female"
"9004154",371995,2025-06-01 14:54:05,42.4602394104004,-8.90060138702393,"Female"
"9004154",371995,2025-06-01 14:58:09,42.4579734802246,-8.9031925201416,"Female"
"9004154",371995,2025-06-01 15:03:08,42.4580688476562,-8.90305233001709,"Female"
"9004154",371995,2025-06-01 15:08:08,42.4581832885742,-8.90297985076904,"Female"
"9004154",371995,2025-06-01 15:13:08,42.4580917358398,-8.90298557281494,"Female"
"9004154",371995,2025-06-01 15:18:08,42.4580535888672,-8.90292358398438,"Female"
"9004154",371995,2025-06-01 15:23:08,42.4580841064453,-8.90301990509033,"Female"
"9004154",371995,2025-06-01 15:28:08,42.4580841064453,-8.90300559997559,"Female"
"9004154",371995,2025-06-01 15:33:08,42.4581069946289,-8.90300750732422,"Female"
"9004154",371995,2025-06-01 15:38:10,42.458251953125,-8.90326881408691,"Female"
"9004154",371995,2025-06-01 15:43:10,42.4584617614746,-8.90356349945068,"Female"
"9004154",371995,2025-06-01 15:48:11,42.4582977294922,-8.90331745147705,"Female"
"9004154",371995,2025-06-01 15:53:10,42.458553314209,-8.90372180938721,"Female"
"9004154",371995,2025-06-01 15:58:11,42.4546318054199,-8.88862228393555,"Female"
"9004154",371995,2025-06-01 16:03:23,42.4529685974121,-8.88961219787598,"Female"
"9004154",371995,2025-06-01 16:08:56,42.4543037414551,-8.88973808288574,"Female"
"9004154",371995,2025-06-01 16:13:59,42.4560890197754,-8.89143466949463,"Female"
"9004154",371995,2025-06-01 16:18:58,42.4563941955566,-8.89182472229004,"Female"
"9004154",371995,2025-06-01 16:24:06,42.4560928344727,-8.89135360717773,"Female"
"9004154",371995,2025-06-01 16:29:13,42.4564018249512,-8.89184761047363,"Female"
"9004154",371995,2025-06-01 16:33:48,42.4564895629883,-8.89188766479492,"Female"
"9004154",371995,2025-06-01 16:38:52,42.4564781188965,-8.89188385009766,"Female"
"9004154",371995,2025-06-01 16:43:48,42.45654296875,-8.89192008972168,"Female"
"9004154",371995,2025-06-01 16:50:57,42.4568138122559,-8.88844585418701,"Female"
"9004154",371995,2025-06-01 17:03:57,42.4571075439453,-8.88782691955566,"Female"
"9004154",371995,2025-06-01 17:13:26,42.4572601318359,-8.88977336883545,"Female"
"9004154",371995,2025-06-01 17:19:44,42.4572677612305,-8.89052295684814,"Female"
"9004154",371995,2025-06-01 17:27:44,42.4569702148438,-8.8905611038208,"Female"
"9004154",371995,2025-06-01 17:32:50,42.4518699645996,-8.88228225708008,"Female"
"9004154",371995,2025-06-01 17:38:04,42.450611114502,-8.88121700286865,"Female"
"9004154",371995,2025-06-01 17:43:09,42.4496383666992,-8.88084030151367,"Female"
"9004154",371995,2025-06-01 17:48:14,42.4478874206543,-8.87904930114746,"Female"
"9004154",371995,2025-06-01 17:53:08,42.4462089538574,-8.87725353240967,"Female"
"9004154",371995,2025-06-01 17:58:25,42.4441032409668,-8.87601470947266,"Female"
"9004154",371995,2025-06-01 18:03:21,42.4423751831055,-8.87692260742188,"Female"
"9004154",371995,2025-06-01 18:08:21,42.4398155212402,-8.87537670135498,"Female"
"9004154",371995,2025-06-01 18:14:09,42.4402122497559,-8.87559986114502,"Female"
"9004154",371995,2025-06-01 18:19:19,42.4370765686035,-8.87755298614502,"Female"
"9004154",371995,2025-06-01 18:24:20,42.4227180480957,-8.87778186798096,"Female"
"9004154",371995,2025-06-01 18:29:35,42.4220085144043,-8.87784671783447,"Female"
"9004154",371995,2025-06-01 18:34:27,42.4223556518555,-8.87912559509277,"Female"
"9004154",371995,2025-06-01 18:44:54,42.4222679138184,-8.87858581542969,"Female"
"9004154",371995,2025-06-01 18:49:40,42.4223747253418,-8.87844944000244,"Female"
"9004154",371995,2025-06-01 18:54:18,42.4221992492676,-8.87856388092041,"Female"
"9004154",371995,2025-06-01 18:59:18,42.4222183227539,-8.87848377227783,"Female"
"9004154",371995,2025-06-01 19:04:25,42.422492980957,-8.87844562530518,"Female"
"9004154",371995,2025-06-01 19:09:18,42.4223251342773,-8.87844562530518,"Female"
"9004154",371995,2025-06-01 19:14:18,42.4217376708984,-8.87881088256836,"Female"
"9004154",371995,2025-06-01 19:20:30,42.4211311340332,-8.87909412384033,"Female"
"9004154",371995,2025-06-01 19:25:30,42.4202880859375,-8.87938976287842,"Female"
"9004154",371995,2025-06-01 19:30:30,42.4222106933594,-8.87859058380127,"Female"
"9004154",371995,2025-06-01 19:35:30,42.4222183227539,-8.87856864929199,"Female"
"9004154",371995,2025-06-01 19:39:59,42.4224700927734,-8.87851428985596,"Female"
"9004154",371995,2025-06-01 19:44:09,42.4225921630859,-8.87829780578613,"Female"
"9004154",371995,2025-06-01 19:49:08,42.4227027893066,-8.87847995758057,"Female"
"9004154",371995,2025-06-01 19:55:30,42.4226341247559,-8.87841033935547,"Female"
"9004154",371995,2025-06-01 20:00:30,42.4227676391602,-8.87841415405273,"Female"
"9004154",371995,2025-06-01 20:05:30,42.4227142333984,-8.87841796875,"Female"
"9004154",371995,2025-06-01 20:10:30,42.4226989746094,-8.87842082977295,"Female"
"9004154",371995,2025-06-01 20:14:59,42.4227447509766,-8.87840938568115,"Female"
"9004154",371995,2025-06-01 20:19:07,42.4227409362793,-8.87859153747559,"Female"
"9004154",371995,2025-06-01 20:24:07,42.4225578308105,-8.87872314453125,"Female"
"9004154",371995,2025-06-01 20:29:06,42.4225883483887,-8.8785400390625,"Female"
"9004154",371995,2025-06-01 20:34:07,42.4226417541504,-8.87857627868652,"Female"
"9004154",371995,2025-06-01 20:39:08,42.4226264953613,-8.87869930267334,"Female"
"9004154",371995,2025-06-01 20:44:09,42.4226417541504,-8.87859439849854,"Female"
"9004154",371995,2025-06-01 20:49:10,42.4228172302246,-8.87861442565918,"Female"
"9004154",371995,2025-06-01 20:54:10,42.4224624633789,-8.87814521789551,"Female"
"9004154",371995,2025-06-01 20:59:18,42.422550201416,-8.87849903106689,"Female"
"9004154",371995,2025-06-01 21:04:20,42.4225463867188,-8.8784704208374,"Female"
"9004154",371995,2025-06-01 21:09:34,42.4225769042969,-8.87847805023193,"Female"
"9004154",371995,2025-06-01 21:14:06,42.4225234985352,-8.87852001190186,"Female"
"9004154",371995,2025-06-01 21:19:10,42.4225692749023,-8.87848663330078,"Female"
"9004154",371995,2025-06-01 21:24:06,42.4224395751953,-8.87856864929199,"Female"
"9004154",371995,2025-06-01 21:29:10,42.42236328125,-8.87852096557617,"Female"
"9004154",371995,2025-06-01 21:34:09,42.4224662780762,-8.87840843200684,"Female"
"9004154",371995,2025-06-01 21:39:10,42.4225158691406,-8.87845516204834,"Female"
"9004154",371995,2025-06-01 21:44:10,42.4224891662598,-8.87854671478271,"Female"
"9004154",371995,2025-06-01 21:49:10,42.422435760498,-8.87848567962646,"Female"
"9004154",371995,2025-06-01 21:54:11,42.422492980957,-8.87846755981445,"Female"
"9004154",371995,2025-06-01 21:59:16,42.4224548339844,-8.8784294128418,"Female"
"9004154",371995,2025-06-01 22:04:23,42.4223327636719,-8.87833881378174,"Female"
"9004154",371995,2025-06-01 22:09:49,42.4223365783691,-8.87864685058594,"Female"
"9004154",371995,2025-06-01 22:14:44,42.4224891662598,-8.87856864929199,"Female"
"9004154",371995,2025-06-01 22:19:44,42.4223899841309,-8.87870121002197,"Female"
"9004154",371995,2025-06-01 22:24:19,42.422306060791,-8.87866687774658,"Female"
"9004154",371995,2025-06-01 22:29:16,42.4224128723145,-8.87865734100342,"Female"
"9004154",371995,2025-06-01 22:34:49,42.4219627380371,-8.87851238250732,"Female"
"9004154",371995,2025-06-01 22:39:26,42.4220581054688,-8.87836742401123,"Female"
"9004154",371995,2025-06-01 22:45:30,42.4220581054688,-8.87851619720459,"Female"
"9004154",371995,2025-06-01 22:49:35,42.4221801757812,-8.87857723236084,"Female"
"9004154",371995,2025-06-01 22:54:06,42.4220161437988,-8.87879753112793,"Female"
"9004154",371995,2025-06-01 22:59:06,42.422306060791,-8.87866592407227,"Female"
"9004154",371995,2025-06-01 23:04:06,42.4224510192871,-8.8786039352417,"Female"
"9004154",371995,2025-06-01 23:09:06,42.422290802002,-8.87866401672363,"Female"
"9004154",371995,2025-06-01 23:14:05,42.4224662780762,-8.87856674194336,"Female"
"9004154",371995,2025-06-01 23:19:05,42.4224395751953,-8.8785572052002,"Female"
"9004154",371995,2025-06-01 23:24:08,42.4225196838379,-8.87852191925049,"Female"
"9004154",371995,2025-06-01 23:29:05,42.4225273132324,-8.87861347198486,"Female"
"9004154",371995,2025-06-01 23:34:06,42.4226913452148,-8.87855911254883,"Female"
"9004154",371995,2025-06-01 23:39:06,42.4225616455078,-8.87852478027344,"Female"
"9004154",371995,2025-06-01 23:44:06,42.4225387573242,-8.87854671478271,"Female"
"9004154",371995,2025-06-01 23:49:06,42.4226531982422,-8.87853336334229,"Female"
"9004154",371995,2025-06-01 23:54:08,42.4224967956543,-8.87852668762207,"Female"
"9004154",371995,2025-06-01 23:59:07,42.422550201416,-8.878586769104,"Female"
"9004154",371995,2025-06-02 00:04:06,42.4226417541504,-8.87856960296631,"Female"
"9004154",371995,2025-06-02 00:09:06,42.4226417541504,-8.87851428985596,"Female"
"9004154",371995,2025-06-02 00:14:10,42.4226150512695,-8.87845706939697,"Female"
"9004154",371995,2025-06-02 00:19:17,42.4225883483887,-8.87845420837402,"Female"
"9004154",371995,2025-06-02 00:24:25,42.4226188659668,-8.87850475311279,"Female"
"9004154",371995,2025-06-02 00:29:35,42.4226036071777,-8.8784646987915,"Female"
"9004154",371995,2025-06-02 00:34:05,42.422721862793,-8.87852573394775,"Female"
"9004154",371995,2025-06-02 00:39:06,42.4226112365723,-8.87847805023193,"Female"
"9004154",371995,2025-06-02 00:44:05,42.4225387573242,-8.87851238250732,"Female"
"9004154",371995,2025-06-02 00:49:06,42.4227905273438,-8.87839221954346,"Female"
"9004154",371995,2025-06-02 00:54:06,42.4227027893066,-8.87853527069092,"Female"
"9004154",371995,2025-06-02 00:59:09,42.4226264953613,-8.87846851348877,"Female"
"9004154",371995,2025-06-02 01:04:10,42.4225883483887,-8.87848854064941,"Female"
"9004154",371995,2025-06-02 01:09:12,42.4227333068848,-8.87841606140137,"Female"
"9004154",371995,2025-06-02 01:14:44,42.4227600097656,-8.87843418121338,"Female"
"9004154",371995,2025-06-02 01:19:07,42.4225158691406,-8.87821578979492,"Female"
"9004154",371995,2025-06-02 01:24:09,42.4223251342773,-8.87862777709961,"Female"
"9004154",371995,2025-06-02 01:29:06,42.4225654602051,-8.87841415405273,"Female"
"9004154",371995,2025-06-02 01:34:06,42.4224510192871,-8.87834358215332,"Female"
"9004154",371995,2025-06-02 01:39:05,42.4225311279297,-8.87830448150635,"Female"
"9004154",371995,2025-06-02 01:44:34,42.4225425720215,-8.87841320037842,"Female"
"9004154",371995,2025-06-02 01:49:05,42.4224090576172,-8.87840270996094,"Female"
"9004154",371995,2025-06-02 01:54:05,42.4225997924805,-8.87840747833252,"Female"
"9004154",371995,2025-06-02 01:59:07,42.422477722168,-8.87823867797852,"Female"
"9004154",371995,2025-06-02 02:04:06,42.4225158691406,-8.87838363647461,"Female"
"9004154",371995,2025-06-02 02:09:06,42.4225234985352,-8.87832260131836,"Female"
"9004154",371995,2025-06-02 02:14:08,42.4225997924805,-8.87849235534668,"Female"
"9004154",371995,2025-06-02 02:19:09,42.4227409362793,-8.87849235534668,"Female"
"9004154",371995,2025-06-02 02:24:18,42.4228096008301,-8.87838268280029,"Female"
"9004154",371995,2025-06-02 02:29:18,42.422779083252,-8.87836837768555,"Female"
"9004154",371995,2025-06-02 02:34:10,42.4225807189941,-8.87978267669678,"Female"
"9004154",371995,2025-06-02 02:39:18,42.4228019714355,-8.87838935852051,"Female"
"9004154",371995,2025-06-02 02:44:07,42.4226417541504,-8.87911605834961,"Female"
"9004154",371995,2025-06-02 02:49:11,42.4227676391602,-8.87843799591064,"Female"
"9004154",371995,2025-06-02 02:54:11,42.4227142333984,-8.87852478027344,"Female"
"9004154",371995,2025-06-02 02:59:35,42.4228057861328,-8.87841415405273,"Female"
"9004154",371995,2025-06-02 03:04:07,42.4230003356934,-8.87834548950195,"Female"
"9004154",371995,2025-06-02 03:09:08,42.4230461120605,-8.87877178192139,"Female"
"9004154",371995,2025-06-02 03:14:17,42.4227867126465,-8.87843990325928,"Female"
"9004154",371995,2025-06-02 03:19:57,42.4227600097656,-8.87845993041992,"Female"
"9004154",371995,2025-06-02 03:24:34,42.4226493835449,-8.87845706939697,"Female"
"9004154",371995,2025-06-02 03:29:06,42.4226188659668,-8.87843132019043,"Female"
"9004154",371995,2025-06-02 03:34:09,42.4227104187012,-8.87846660614014,"Female"
"9004154",371995,2025-06-02 03:39:24,42.4227180480957,-8.87848091125488,"Female"
"9004154",371995,2025-06-02 03:44:16,42.4226608276367,-8.87846183776855,"Female"
"9004154",371995,2025-06-02 03:50:02,42.4225921630859,-8.87843418121338,"Female"
"9004154",371995,2025-06-02 03:54:07,42.4226226806641,-8.87845993041992,"Female"
"9004154",371995,2025-06-02 03:59:19,42.4226264953613,-8.87844848632812,"Female"
"9004154",371995,2025-06-02 04:04:33,42.4227180480957,-8.87842273712158,"Female"
"9004154",371995,2025-06-02 04:09:07,42.4227409362793,-8.8784351348877,"Female"
"9004154",371995,2025-06-02 04:14:42,42.4226150512695,-8.87846183776855,"Female"
"9004154",371995,2025-06-02 04:19:05,42.4227027893066,-8.87843704223633,"Female"
"9004154",371995,2025-06-02 04:24:06,42.4226417541504,-8.87846088409424,"Female"
"9004154",371995,2025-06-02 04:29:07,42.4226760864258,-8.87857723236084,"Female"
"9004154",371995,2025-06-02 04:34:05,42.4226150512695,-8.87845325469971,"Female"
"9004154",371995,2025-06-02 04:39:05,42.4225540161133,-8.87841892242432,"Female"
"9004154",371995,2025-06-02 04:44:43,42.4225273132324,-8.87854862213135,"Female"
"9004154",371995,2025-06-02 04:49:07,42.4224891662598,-8.87858963012695,"Female"
"9004154",371995,2025-06-02 04:54:07,42.4225273132324,-8.87793827056885,"Female"
"9004154",371995,2025-06-02 04:59:06,42.4223251342773,-8.87900638580322,"Female"
"9004154",371995,2025-06-02 05:04:22,42.4299087524414,-8.87857055664062,"Female"
"9004154",371995,2025-06-02 05:10:02,42.446964263916,-8.87736701965332,"Female"
"9004154",371995,2025-06-02 05:15:25,42.4470901489258,-8.87888240814209,"Female"
"9004154",371995,2025-06-02 05:20:45,42.4568634033203,-8.8883638381958,"Female"
"9004154",371995,2025-06-02 05:26:19,42.4570999145508,-8.88789749145508,"Female"
"9004154",371995,2025-06-02 05:31:29,42.4563865661621,-8.88729095458984,"Female"
"9004154",371995,2025-06-02 05:36:44,42.4563789367676,-8.88869380950928,"Female"
"9004154",371995,2025-06-02 05:41:48,42.4600028991699,-8.90719604492188,"Female"
"9004154",371995,2025-06-02 05:47:30,42.4612579345703,-8.91001987457275,"Female"
"9004154",371995,2025-06-02 05:52:27,42.4614334106445,-8.91143226623535,"Female"
"9004154",371995,2025-06-02 06:06:56,42.4618072509766,-8.91335296630859,"Female"
"9004154",371995,2025-06-02 06:15:05,42.4608154296875,-8.90695095062256,"Female"
"9004154",371995,2025-06-02 06:20:27,42.4601173400879,-8.90682697296143,"Female"
"9004154",371995,2025-06-02 06:25:27,42.4594650268555,-8.90670204162598,"Female"
"9004154",371995,2025-06-02 06:30:51,42.4583396911621,-8.90608406066895,"Female"
"9004154",371995,2025-06-02 06:35:52,42.4585609436035,-8.90440273284912,"Female"
"9004154",371995,2025-06-02 06:40:53,42.4585494995117,-8.90427494049072,"Female"
"9004154",371995,2025-06-02 06:45:51,42.4584693908691,-8.90437316894531,"Female"
"9004154",371995,2025-06-02 06:50:53,42.4585151672363,-8.90437889099121,"Female"
"9004154",371995,2025-06-02 06:55:52,42.4585151672363,-8.90434455871582,"Female"
"9004154",371995,2025-06-02 07:00:55,42.460636138916,-8.89921760559082,"Female"
"9004154",371995,2025-06-02 07:07:36,42.4603309631348,-8.89889621734619,"Female"
"9004154",371995,2025-06-02 07:13:14,42.4595909118652,-8.8990364074707,"Female"
"9004154",371995,2025-06-02 07:18:05,42.4579849243164,-8.9028263092041,"Female"
"9004154",371995,2025-06-02 07:22:35,42.4580230712891,-8.90285873413086,"Female"
"9004154",371995,2025-06-02 07:27:35,42.4581146240234,-8.90311813354492,"Female"
"9004154",371995,2025-06-02 07:32:35,42.4582443237305,-8.90325832366943,"Female"
"9004154",371995,2025-06-02 07:37:35,42.4582786560059,-8.90327835083008,"Female"
"9004154",371995,2025-06-02 07:42:35,42.4582862854004,-8.90335273742676,"Female"
"9004154",371995,2025-06-02 07:47:36,42.4582443237305,-8.90327072143555,"Female"
"9004154",371995,2025-06-02 07:52:37,42.4582939147949,-8.90334510803223,"Female"
"9004154",371995,2025-06-02 07:57:37,42.4584197998047,-8.90353679656982,"Female"
"9004154",371995,2025-06-02 08:02:38,42.4581985473633,-8.90316390991211,"Female"
"9004154",371995,2025-06-02 08:07:37,42.4582176208496,-8.90319728851318,"Female"
"9004154",371995,2025-06-02 08:12:37,42.4609107971191,-8.90028381347656,"Female"
"9004154",371995,2025-06-02 08:19:00,42.4604187011719,-8.89871883392334,"Female"
"9004154",371995,2025-06-02 08:24:33,42.4606742858887,-8.89826774597168,"Female"
"9004154",371995,2025-06-02 08:31:27,42.4601097106934,-8.8963041305542,"Female"
"9004154",371995,2025-06-02 08:41:00,42.4590187072754,-8.89485454559326,"Female"
"9004154",371995,2025-06-02 08:48:31,42.4584045410156,-8.89345455169678,"Female"
"9004154",371995,2025-06-02 08:57:31,42.4580001831055,-8.89246368408203,"Female"
"9004154",371995,2025-06-02 09:02:36,42.4576873779297,-8.89337158203125,"Female"
"9004154",371995,2025-06-02 09:07:34,42.4579772949219,-8.89651393890381,"Female"
"9004154",371995,2025-06-02 09:16:39,42.4605293273926,-8.898606300354,"Female"
"9004154",371995,2025-06-02 09:25:06,42.4607696533203,-8.90072727203369,"Female"
"9004154",371995,2025-06-02 09:33:39,42.4605369567871,-8.90177345275879,"Female"
"9004154",371995,2025-06-02 09:44:23,42.4604301452637,-8.8996524810791,"Female"
"9004154",371995,2025-06-02 09:49:10,42.4581871032715,-8.90279483795166,"Female"
"9004154",371995,2025-06-02 09:54:30,42.4580268859863,-8.90231800079346,"Female"
"9004154",371995,2025-06-02 09:59:21,42.4579734802246,-8.90270900726318,"Female"
"9004154",371995,2025-06-02 10:04:11,42.4574317932129,-8.90220260620117,"Female"
"9004154",371995,2025-06-02 10:09:35,42.4580993652344,-8.90319442749023,"Female"
"9004154",371995,2025-06-02 10:14:06,42.4580917358398,-8.90326023101807,"Female"
"9004154",371995,2025-06-02 10:19:06,42.4580535888672,-8.90318393707275,"Female"
"9004154",371995,2025-06-02 10:24:06,42.4579925537109,-8.9032678604126,"Female"
"9004154",371995,2025-06-02 10:29:07,42.4603004455566,-8.91030693054199,"Female"
"9004154",371995,2025-06-02 10:34:59,42.4611473083496,-8.91158866882324,"Female"
"9004154",371995,2025-06-02 10:39:57,42.4607238769531,-8.91339111328125,"Female"
"9004154",371995,2025-06-02 10:45:29,42.4612350463867,-8.91306400299072,"Female"
"9004154",371995,2025-06-02 10:50:29,42.4614334106445,-8.91205501556396,"Female"
"9004154",371995,2025-06-02 10:55:28,42.4605674743652,-8.90782833099365,"Female"
"9004154",371995,2025-06-02 11:00:29,42.460865020752,-8.90692138671875,"Female"
"9004154",371995,2025-06-02 11:06:05,42.4606399536133,-8.90599250793457,"Female"
"9004154",371995,2025-06-02 11:11:33,42.4602584838867,-8.90547180175781,"Female"
"9004154",371995,2025-06-02 11:16:24,42.4597282409668,-8.90474891662598,"Female"
"9004154",371995,2025-06-02 11:22:12,42.4590606689453,-8.90397357940674,"Female"
"9004154",371995,2025-06-02 11:27:10,42.4588966369629,-8.90374660491943,"Female"
"9004154",371995,2025-06-02 11:32:11,42.458122253418,-8.90342044830322,"Female"
"9004154",371995,2025-06-02 11:37:13,42.4581260681152,-8.90317916870117,"Female"
"9004154",371995,2025-06-02 11:42:17,42.458122253418,-8.90316295623779,"Female"
"9004154",371995,2025-06-02 11:47:18,42.458137512207,-8.90321922302246,"Female"
"9004154",371995,2025-06-02 11:52:18,42.4581298828125,-8.90319919586182,"Female"
"9004154",371995,2025-06-02 11:57:13,42.4581260681152,-8.90322685241699,"Female"
"9004154",371995,2025-06-02 12:02:35,42.4581336975098,-8.90317153930664,"Female"
"9004154",371995,2025-06-02 12:07:09,42.4581489562988,-8.90311145782471,"Female"
"9004154",371995,2025-06-02 12:12:09,42.4581146240234,-8.90321731567383,"Female"
"9004154",371995,2025-06-02 12:17:09,42.4581642150879,-8.90322780609131,"Female"
"9004154",371995,2025-06-02 12:22:09,42.458179473877,-8.90301322937012,"Female"
"9004154",371995,2025-06-02 12:27:10,42.458179473877,-8.9031810760498,"Female"
"9004154",371995,2025-06-02 12:32:10,42.4581985473633,-8.90305519104004,"Female"
"9004154",371995,2025-06-02 12:37:10,42.458179473877,-8.90312480926514,"Female"
"9004154",371995,2025-06-02 12:42:10,42.4581985473633,-8.90320873260498,"Female"
"9004154",371995,2025-06-02 12:47:11,42.4581871032715,-8.90316104888916,"Female"
"9004154",371995,2025-06-02 12:52:10,42.4581680297852,-8.90316009521484,"Female"
"9004154",371995,2025-06-02 12:57:10,42.4581642150879,-8.90318584442139,"Female"
"9004154",371995,2025-06-02 13:02:10,42.458179473877,-8.90319728851318,"Female"
"9004154",371995,2025-06-02 13:07:10,42.4582099914551,-8.90317821502686,"Female"
"9004154",371995,2025-06-02 13:12:10,42.4581756591797,-8.90317249298096,"Female"
"9004154",371995,2025-06-02 13:17:10,42.4594650268555,-8.9096040725708,"Female"
"9004154",371995,2025-06-02 13:22:58,42.4597854614258,-8.91141891479492,"Female"
"9004154",371995,2025-06-02 13:31:41,42.4608535766602,-8.91296672821045,"Female"
"9004154",371995,2025-06-02 13:36:38,42.4604911804199,-8.91321659088135,"Female"
"9004154",371995,2025-06-02 13:42:27,42.4601364135742,-8.91268730163574,"Female"
"9004154",371995,2025-06-02 13:47:39,42.460693359375,-8.91218280792236,"Female"
"9004154",371995,2025-06-02 13:53:12,42.4612159729004,-8.91285228729248,"Female"
"9004154",371995,2025-06-02 13:58:10,42.4606399536133,-8.91314506530762,"Female"
"9004154",371995,2025-06-02 14:04:38,42.4613800048828,-8.91191101074219,"Female"
"9004154",371995,2025-06-02 14:09:39,42.4608955383301,-8.91136264801025,"Female"
"9004154",371995,2025-06-02 14:14:48,42.4608345031738,-8.91037654876709,"Female"
"9004154",371995,2025-06-02 14:19:46,42.4602317810059,-8.91004943847656,"Female"
"9004154",371995,2025-06-02 14:24:47,42.4604721069336,-8.91226482391357,"Female"
"9004154",371995,2025-06-02 14:43:09,42.4613761901855,-8.91399669647217,"Female"
"9004154",371995,2025-06-02 14:48:08,42.460693359375,-8.91396331787109,"Female"
"9004154",371995,2025-06-02 14:53:08,42.4588012695312,-8.90442276000977,"Female"
"9004154",371995,2025-06-02 14:58:14,42.4587707519531,-8.90445327758789,"Female"
"9004154",371995,2025-06-02 15:03:02,42.4587020874023,-8.90439319610596,"Female"
"9004154",371995,2025-06-02 15:08:02,42.4589004516602,-8.90442085266113,"Female"
"9004154",371995,2025-06-02 15:13:02,42.4588317871094,-8.90446853637695,"Female"
"9004154",371995,2025-06-02 15:18:03,42.4586944580078,-8.90463829040527,"Female"
"9004154",371995,2025-06-02 15:23:03,42.4594383239746,-8.90423011779785,"Female"
"9004154",371995,2025-06-02 15:28:02,42.4596824645996,-8.90401363372803,"Female"
"9004154",371995,2025-06-02 15:33:07,42.4579277038574,-8.90425491333008,"Female"
"9004154",371995,2025-06-02 15:38:09,42.4582633972168,-8.90438556671143,"Female"
"9004154",371995,2025-06-02 15:43:09,42.458251953125,-8.90431213378906,"Female"
"9004154",371995,2025-06-02 15:50:35,42.4610786437988,-8.911696434021,"Female"
"9004154",371995,2025-06-02 15:55:06,42.4613075256348,-8.91146278381348,"Female"
"9004154",371995,2025-06-02 16:00:07,42.4611053466797,-8.9115161895752,"Female"
"9004154",371995,2025-06-02 16:05:08,42.4607963562012,-8.91188621520996,"Female"
"9004154",371995,2025-06-02 16:10:07,42.4607543945312,-8.91373825073242,"Female"
"9004154",371995,2025-06-02 16:15:07,42.4608612060547,-8.91251277923584,"Female"
"9004154",371995,2025-06-02 16:20:07,42.4609794616699,-8.91418552398682,"Female"
"9004154",371995,2025-06-02 16:25:27,42.4610786437988,-8.91349983215332,"Female"
"9004154",371995,2025-06-02 16:31:24,42.461254119873,-8.91299629211426,"Female"
"9004154",371995,2025-06-02 16:37:16,42.4613838195801,-8.9124641418457,"Female"
"9004154",371995,2025-06-02 16:42:16,42.4613494873047,-8.91201400756836,"Female"
"9004154",371995,2025-06-02 16:47:15,42.4580688476562,-8.9031286239624,"Female"
"9004154",371995,2025-06-02 16:52:15,42.4580955505371,-8.90304470062256,"Female"
"9004154",371995,2025-06-02 16:57:16,42.4581527709961,-8.90311241149902,"Female"
"9004154",371995,2025-06-02 17:02:16,42.4581985473633,-8.90324401855469,"Female"
"9004154",371995,2025-06-02 17:07:16,42.4581871032715,-8.90321350097656,"Female"
"9004154",371995,2025-06-02 17:12:15,42.4530868530273,-8.88343906402588,"Female"
"9004154",371995,2025-06-02 17:17:15,42.4514389038086,-8.88372898101807,"Female"
"9004154",371995,2025-06-02 17:22:19,42.4499664306641,-8.88503646850586,"Female"
"9004154",371995,2025-06-02 17:27:22,42.4487609863281,-8.88286209106445,"Female"
"9004154",371995,2025-06-02 17:32:19,42.4454231262207,-8.87776470184326,"Female"
"9004154",371995,2025-06-02 17:37:25,42.4380874633789,-8.87394237518311,"Female"
"9004154",371995,2025-06-02 18:12:35,42.4371109008789,-8.87280654907227,"Female"
"9004154",371995,2025-06-02 18:17:20,42.4371299743652,-8.87366962432861,"Female"
"9004154",371995,2025-06-02 18:22:32,42.4360427856445,-8.87285041809082,"Female"
"9004154",371995,2025-06-02 18:27:59,42.4365615844727,-8.87404537200928,"Female"
"9004154",371995,2025-06-02 18:32:59,42.437183380127,-8.8740119934082,"Female"
"9004154",371995,2025-06-02 18:41:57,42.4381942749023,-8.87594985961914,"Female"
"9004154",371995,2025-06-02 19:05:14,42.4410400390625,-8.87539100646973,"Female"
"9004154",371995,2025-06-02 19:09:32,42.4303550720215,-8.88040256500244,"Female"
"9004154",371995,2025-06-02 19:14:40,42.4226036071777,-8.87841987609863,"Female"
"9004154",371995,2025-06-02 19:19:36,42.422664642334,-8.8783016204834,"Female"
"9004154",371995,2025-06-02 19:24:37,42.4226989746094,-8.87842082977295,"Female"
"9004154",371995,2025-06-02 19:29:37,42.4227409362793,-8.87836933135986,"Female"
"9004154",371995,2025-06-02 19:34:38,42.4228706359863,-8.87831211090088,"Female"
"9004154",371995,2025-06-02 19:39:34,42.4228248596191,-8.87845325469971,"Female"
"9004154",371995,2025-06-02 19:44:42,42.4228401184082,-8.87840366363525,"Female"
"9004154",371995,2025-06-02 19:49:40,42.4228668212891,-8.87837314605713,"Female"
"9004154",371995,2025-06-02 19:54:31,42.4229202270508,-8.87825870513916,"Female"
"9004154",371995,2025-06-02 19:59:32,42.4227447509766,-8.87859630584717,"Female"
"9004154",371995,2025-06-02 20:04:31,42.4229125976562,-8.87843894958496,"Female"
"9004154",371995,2025-06-02 20:09:36,42.4228172302246,-8.87853717803955,"Female"
"9004154",371995,2025-06-02 20:14:33,42.422924041748,-8.8784818649292,"Female"
"9004154",371995,2025-06-02 20:19:33,42.4228515625,-8.87851715087891,"Female"
"9004154",371995,2025-06-02 20:24:39,42.4227561950684,-8.87849521636963,"Female"
"9004154",371995,2025-06-02 20:29:36,42.4228858947754,-8.87845802307129,"Female"
"9004154",371995,2025-06-02 20:35:05,42.4229316711426,-8.87843418121338,"Female"
"9004154",371995,2025-06-02 20:39:33,42.4229965209961,-8.87850093841553,"Female"
"9004154",371995,2025-06-02 20:44:40,42.4224967956543,-8.87849235534668,"Female"
"9004154",371995,2025-06-02 20:49:33,42.4224243164062,-8.87854766845703,"Female"
"9004154",371995,2025-06-02 20:54:31,42.4224166870117,-8.87862682342529,"Female"
"9004154",371995,2025-06-02 20:59:34,42.4225692749023,-8.87843608856201,"Female"
"9004154",371995,2025-06-02 21:04:33,42.4225730895996,-8.87844371795654,"Female"
"9004154",371995,2025-06-02 21:09:32,42.4224815368652,-8.87840843200684,"Female"
"9004154",371995,2025-06-02 21:14:33,42.4225654602051,-8.8782377243042,"Female"
"9004154",371995,2025-06-02 21:19:32,42.4224128723145,-8.87798690795898,"Female"
"9004154",371995,2025-06-02 21:24:32,42.422550201416,-8.87839126586914,"Female"
"9004154",371995,2025-06-02 21:29:34,42.4224472045898,-8.87848567962646,"Female"
"9004154",371995,2025-06-02 21:34:36,42.4226226806641,-8.87861919403076,"Female"
"9004154",371995,2025-06-02 21:39:34,42.422550201416,-8.87849712371826,"Female"
"9004154",371995,2025-06-02 21:44:34,42.4226570129395,-8.87839794158936,"Female"
"9004154",371995,2025-06-02 21:49:32,42.4225311279297,-8.87819480895996,"Female"
"9004154",371995,2025-06-02 21:54:37,42.4227104187012,-8.87847518920898,"Female"
"9004154",371995,2025-06-02 21:59:41,42.422550201416,-8.87849140167236,"Female"
"9004154",371995,2025-06-02 22:04:34,42.4226264953613,-8.87854957580566,"Female"
"9004154",371995,2025-06-02 22:09:33,42.4226379394531,-8.87844181060791,"Female"
"9004154",371995,2025-06-02 22:14:34,42.4226341247559,-8.87839698791504,"Female"
"9004154",371995,2025-06-02 22:20:04,42.4224891662598,-8.87853908538818,"Female"
"9004154",371995,2025-06-02 22:24:42,42.422550201416,-8.8784236907959,"Female"
"9004154",371995,2025-06-02 22:29:41,42.4226531982422,-8.87846088409424,"Female"
"9004154",371995,2025-06-02 22:34:36,42.4225807189941,-8.87856483459473,"Female"
"9004154",371995,2025-06-02 22:39:33,42.4225578308105,-8.87853813171387,"Female"
"9004154",371995,2025-06-02 22:44:32,42.422550201416,-8.8786153793335,"Female"
"9004154",371995,2025-06-02 22:49:58,42.4225883483887,-8.87851810455322,"Female"
"9004154",371995,2025-06-02 22:54:33,42.4224319458008,-8.87862682342529,"Female"
"9004154",371995,2025-06-02 22:59:32,42.4225044250488,-8.87858486175537,"Female"
"9004154",371995,2025-06-02 23:04:32,42.4226112365723,-8.87850379943848,"Female"
"9004154",371995,2025-06-02 23:09:34,42.4226493835449,-8.8784875869751,"Female"
"9004154",371995,2025-06-02 23:14:33,42.4226036071777,-8.8784761428833,"Female"
"9004154",371995,2025-06-02 23:19:32,42.4225158691406,-8.87844657897949,"Female"
"9004154",371995,2025-06-02 23:24:32,42.4225578308105,-8.87847995758057,"Female"
"9004154",371995,2025-06-02 23:29:32,42.4225540161133,-8.87842655181885,"Female"
"9004154",371995,2025-06-02 23:34:32,42.4226760864258,-8.87858295440674,"Female"
"9004154",371995,2025-06-02 23:39:32,42.4226760864258,-8.87845039367676,"Female"
"9004154",371995,2025-06-02 23:44:32,42.422607421875,-8.87855339050293,"Female"
"9004154",371995,2025-06-02 23:49:32,42.4226684570312,-8.87853050231934,"Female"
"9004154",371995,2025-06-02 23:54:32,42.4225959777832,-8.87847900390625,"Female"
"9004154",371995,2025-06-02 23:59:33,42.4226493835449,-8.87850952148438,"Female"
"9004154",371995,2025-06-03 00:04:32,42.4226341247559,-8.87848091125488,"Female"
"9004154",371995,2025-06-03 00:09:33,42.4225616455078,-8.87851619720459,"Female"
"9004154",371995,2025-06-03 00:14:33,42.4226760864258,-8.87843132019043,"Female"
"9004154",371995,2025-06-03 00:19:33,42.422607421875,-8.87841701507568,"Female"
"9004154",371995,2025-06-03 00:24:33,42.4228134155273,-8.87833309173584,"Female"
"9004154",371995,2025-06-03 00:29:37,42.422607421875,-8.87837982177734,"Female"
"9004154",371995,2025-06-03 00:34:37,42.4226531982422,-8.87832450866699,"Female"
"9004154",371995,2025-06-03 00:39:36,42.4226417541504,-8.87826156616211,"Female"
"9004154",371995,2025-06-03 00:44:38,42.4225387573242,-8.87833976745605,"Female"
"9004154",371995,2025-06-03 00:49:39,42.4225845336914,-8.87825870513916,"Female"
"9004154",371995,2025-06-03 00:54:44,42.4226989746094,-8.87830066680908,"Female"
"9004154",371995,2025-06-03 00:59:32,42.423023223877,-8.87827110290527,"Female"
"9004154",371995,2025-06-03 01:04:32,42.4231262207031,-8.87828254699707,"Female"
"9004154",371995,2025-06-03 01:09:32,42.4233016967773,-8.87827205657959,"Female"
"9004154",371995,2025-06-03 01:14:33,42.4228935241699,-8.87834358215332,"Female"
"9004154",371995,2025-06-03 01:19:32,42.4229965209961,-8.87833213806152,"Female"
"9004154",371995,2025-06-03 01:24:32,42.4230308532715,-8.87840270996094,"Female"
"9004154",371995,2025-06-03 01:29:33,42.4229431152344,-8.8782901763916,"Female"
"9004154",371995,2025-06-03 01:34:33,42.4231491088867,-8.87843036651611,"Female"
"9004154",371995,2025-06-03 01:39:34,42.4231796264648,-8.8781156539917,"Female"
"9004154",371995,2025-06-03 01:44:33,42.4234886169434,-8.87848377227783,"Female"
"9004154",371995,2025-06-03 01:49:37,42.4230308532715,-8.87813949584961,"Female"
"9004154",371995,2025-06-03 01:54:37,42.4230842590332,-8.87812328338623,"Female"
"9004154",371995,2025-06-03 01:59:36,42.4230270385742,-8.87811946868896,"Female"
"9004154",371995,2025-06-03 02:04:34,42.4231300354004,-8.87818145751953,"Female"
"9004154",371995,2025-06-03 02:09:34,42.4231224060059,-8.87820816040039,"Female"
"9004154",371995,2025-06-03 02:14:34,42.4233512878418,-8.87815093994141,"Female"
"9004154",371995,2025-06-03 02:19:34,42.4231605529785,-8.878342628479,"Female"
"9004154",371995,2025-06-03 02:24:33,42.4233627319336,-8.87835884094238,"Female"
"9004154",371995,2025-06-03 02:29:33,42.4232063293457,-8.87834453582764,"Female"
"9004154",371995,2025-06-03 02:34:33,42.4231910705566,-8.87839889526367,"Female"
"9004154",371995,2025-06-03 02:39:33,42.4230194091797,-8.87826538085938,"Female"
"9004154",371995,2025-06-03 02:44:34,42.4227752685547,-8.87841510772705,"Female"
"9004154",371995,2025-06-03 02:49:41,42.4231185913086,-8.87839794158936,"Female"
"9004154",371995,2025-06-03 02:54:32,42.4228057861328,-8.87838459014893,"Female"
"9004154",371995,2025-06-03 02:59:37,42.4228096008301,-8.87833118438721,"Female"
"9004154",371995,2025-06-03 03:04:34,42.4226875305176,-8.87837886810303,"Female"
"9004154",371995,2025-06-03 03:09:36,42.4226303100586,-8.87831878662109,"Female"
"9004154",371995,2025-06-03 03:14:42,42.422607421875,-8.87841606140137,"Female"
"9004154",371995,2025-06-03 03:19:45,42.4225082397461,-8.8785982131958,"Female"
"9004154",371995,2025-06-03 03:24:42,42.4225006103516,-8.87851810455322,"Female"
"9004154",371995,2025-06-03 03:29:36,42.4226188659668,-8.87840557098389,"Female"
"9004154",371995,2025-06-03 03:34:44,42.4225311279297,-8.8785514831543,"Female"
"9004154",371995,2025-06-03 03:39:34,42.4224891662598,-8.87849521636963,"Female"
"9004154",371995,2025-06-03 03:44:33,42.4225425720215,-8.87835788726807,"Female"
"9004154",371995,2025-06-03 03:49:34,42.4227142333984,-8.87805557250977,"Female"
"9004154",371995,2025-06-03 03:54:37,42.4226493835449,-8.8784646987915,"Female"
"9004154",371995,2025-06-03 03:59:39,42.4228248596191,-8.87844753265381,"Female"
"9004154",371995,2025-06-03 04:04:34,42.4228248596191,-8.87847900390625,"Female"
"9004154",371995,2025-06-03 04:09:34,42.422794342041,-8.87848281860352,"Female"
"9004154",371995,2025-06-03 04:14:33,42.422492980957,-8.87818241119385,"Female"
"9004154",371995,2025-06-03 04:19:33,42.4225158691406,-8.8783016204834,"Female"
"9004154",371995,2025-06-03 04:24:34,42.4225578308105,-8.87851047515869,"Female"
"9004154",371995,2025-06-03 04:29:32,42.4226188659668,-8.87828540802002,"Female"
"9004154",371995,2025-06-03 04:34:34,42.4227104187012,-8.87864112854004,"Female"
"9004154",371995,2025-06-03 04:39:34,42.4225845336914,-8.87855529785156,"Female"
"9004154",371995,2025-06-03 04:44:37,42.4226379394531,-8.87867164611816,"Female"
"9004154",371995,2025-06-03 04:49:37,42.4226264953613,-8.87868785858154,"Female"
"9004154",371995,2025-06-03 04:54:34,42.4226913452148,-8.87860679626465,"Female"
"9004154",371995,2025-06-03 04:59:33,42.4225540161133,-8.87909317016602,"Female"
"9004154",371995,2025-06-03 05:04:33,42.4223556518555,-8.87971591949463,"Female"
"9004154",371995,2025-06-03 05:09:36,42.4225692749023,-8.87863731384277,"Female"
"9004154",371995,2025-06-03 05:14:34,42.4223365783691,-8.87863159179688,"Female"
"9004154",371995,2025-06-03 05:19:34,42.4221496582031,-8.87859725952148,"Female"
"9004154",371995,2025-06-03 05:24:37,42.4219436645508,-8.87871170043945,"Female"
"9004154",371995,2025-06-03 05:29:36,42.4220581054688,-8.87865829467773,"Female"
"9004154",371995,2025-06-03 05:34:37,42.4220848083496,-8.87858200073242,"Female"
"9004154",371995,2025-06-03 05:39:33,42.422306060791,-8.8782320022583,"Female"
"9004154",371995,2025-06-03 05:44:43,42.4224433898926,-8.87851428985596,"Female"
"9004154",371995,2025-06-03 05:49:36,42.422492980957,-8.87843322753906,"Female"
"9004154",371995,2025-06-03 05:54:38,42.4225273132324,-8.87844753265381,"Female"
"9004154",371995,2025-06-03 05:59:38,42.422492980957,-8.87849044799805,"Female"
"9004154",371995,2025-06-03 06:04:32,42.4227447509766,-8.87817096710205,"Female"
"9004154",371995,2025-06-03 06:09:32,42.4226188659668,-8.87826728820801,"Female"
"9004154",371995,2025-06-03 06:14:32,42.4226150512695,-8.87833499908447,"Female"
"9004154",371995,2025-06-03 06:19:32,42.4227066040039,-8.87836074829102,"Female"
"9004154",371995,2025-06-03 06:24:32,42.4226036071777,-8.87831211090088,"Female"
"9004154",371995,2025-06-03 06:29:32,42.4227600097656,-8.87831115722656,"Female"
"9004154",371995,2025-06-03 06:34:33,42.422924041748,-8.87837219238281,"Female"
"9004154",371995,2025-06-03 06:39:33,42.4229507446289,-8.8784065246582,"Female"
"9004154",371995,2025-06-03 06:44:33,42.4226226806641,-8.8785400390625,"Female"
"9004154",371995,2025-06-03 06:49:33,42.422737121582,-8.87837409973145,"Female"
"9004154",371995,2025-06-03 06:54:33,42.422908782959,-8.87834358215332,"Female"
"9004154",371995,2025-06-03 06:59:33,42.4227333068848,-8.87829208374023,"Female"
"9004154",371995,2025-06-03 07:04:32,42.4228782653809,-8.87723445892334,"Female"
"9004154",371995,2025-06-03 07:10:22,42.4371681213379,-8.87741088867188,"Female"
"9004154",371995,2025-06-03 07:15:22,42.4440994262695,-8.87537574768066,"Female"
"9004154",371995,2025-06-03 07:20:22,42.4447975158691,-8.87629222869873,"Female"
"9004154",371995,2025-06-03 07:25:22,42.4527587890625,-8.88206195831299,"Female"
"9004154",371995,2025-06-03 07:31:42,42.4524917602539,-8.88224506378174,"Female"
"9004154",371995,2025-06-03 07:39:52,42.4524383544922,-8.88186168670654,"Female"
"9004154",371995,2025-06-03 07:44:44,42.4521522521973,-8.88100719451904,"Female"
"9004154",371995,2025-06-03 07:49:43,42.4525146484375,-8.88216590881348,"Female"
"9004154",371995,2025-06-03 07:54:44,42.4517784118652,-8.88352108001709,"Female"
"9004154",371995,2025-06-03 07:59:44,42.4531631469727,-8.88338851928711,"Female"
"9004154",371995,2025-06-03 08:04:43,42.4543113708496,-8.88362121582031,"Female"
"9004154",371995,2025-06-03 08:10:12,42.4550819396973,-8.88494205474854,"Female"
"9004154",371995,2025-06-03 08:15:14,42.4562492370605,-8.89465618133545,"Female"
"9004154",371995,2025-06-03 08:20:30,42.457088470459,-8.89597225189209,"Female"
"9004154",371995,2025-06-03 08:26:27,42.457950592041,-8.89830112457275,"Female"
"9004154",371995,2025-06-03 08:31:48,42.4566421508789,-8.89774894714355,"Female"
"9004154",371995,2025-06-03 08:37:06,42.4562110900879,-8.8983850479126,"Female"
"9004154",371995,2025-06-03 08:42:07,42.4556884765625,-8.89873504638672,"Female"
"9004154",371995,2025-06-03 08:47:51,42.4562339782715,-8.90036678314209,"Female"
"9004154",371995,2025-06-03 08:52:52,42.4564361572266,-8.90077972412109,"Female"
"9004154",371995,2025-06-03 08:57:51,42.4580039978027,-8.9031229019165,"Female"
"9004154",371995,2025-06-03 09:02:51,42.4581184387207,-8.903076171875,"Female"
"9004154",371995,2025-06-03 09:07:51,42.4580993652344,-8.90285110473633,"Female"
"9004154",371995,2025-06-03 09:12:51,42.4580726623535,-8.90304756164551,"Female"
"9004154",371995,2025-06-03 09:17:51,42.4581031799316,-8.90279293060303,"Female"
"9004154",371995,2025-06-03 09:22:51,42.4605445861816,-8.91238689422607,"Female"
"9004154",371995,2025-06-03 09:27:51,42.4605331420898,-8.9137716293335,"Female"
"9004154",371995,2025-06-03 09:36:58,42.4610061645508,-8.91454887390137,"Female"
"9004154",371995,2025-06-03 09:41:57,42.4603652954102,-8.91316986083984,"Female"
"9004154",371995,2025-06-03 09:46:57,42.4606285095215,-8.91280651092529,"Female"
"9004154",371995,2025-06-03 09:51:57,42.460132598877,-8.91335487365723,"Female"
"9004154",371995,2025-06-03 09:57:01,42.4603805541992,-8.91161823272705,"Female"
"9004154",371995,2025-06-03 10:02:13,42.4609413146973,-8.91057682037354,"Female"
"9004154",371995,2025-06-03 10:07:13,42.4592475891113,-8.90502166748047,"Female"
"9004154",371995,2025-06-03 10:12:13,42.4592132568359,-8.90499591827393,"Female"
"9004154",371995,2025-06-03 10:17:13,42.4593811035156,-8.90493965148926,"Female"
"9004154",371995,2025-06-03 10:22:13,42.4593658447266,-8.90502452850342,"Female"
"9004154",371995,2025-06-03 10:27:13,42.4593276977539,-8.90495300292969,"Female"
"9004154",371995,2025-06-03 10:32:14,42.4595031738281,-8.90517997741699,"Female"
"9004154",371995,2025-06-03 10:37:14,42.4596900939941,-8.90507221221924,"Female"
"9004154",371995,2025-06-03 10:42:13,42.4596481323242,-8.90512466430664,"Female"
"9004154",371995,2025-06-03 10:47:13,42.4596862792969,-8.90511417388916,"Female"
"9004154",371995,2025-06-03 10:52:13,42.4597473144531,-8.90505599975586,"Female"
"9004154",371995,2025-06-03 10:57:13,42.4603500366211,-8.90966320037842,"Female"
"9004154",371995,2025-06-03 11:04:29,42.460319519043,-8.91071128845215,"Female"
"9004154",371995,2025-06-03 11:10:59,42.4607467651367,-8.91114521026611,"Female"
"9004154",371995,2025-06-03 11:17:35,42.4614219665527,-8.91102313995361,"Female"
"9004154",371995,2025-06-03 11:23:10,42.4608268737793,-8.91094207763672,"Female"
"9004154",371995,2025-06-03 11:28:06,42.4610786437988,-8.91055965423584,"Female"
"9004154",371995,2025-06-03 11:33:04,42.4588088989258,-8.90721893310547,"Female"
"9004154",371995,2025-06-03 11:38:04,42.4582023620605,-8.90323638916016,"Female"
"9004154",371995,2025-06-03 11:43:04,42.4580955505371,-8.90330028533936,"Female"
"9004154",371995,2025-06-03 11:48:04,42.4581527709961,-8.90321922302246,"Female"
"9004154",371995,2025-06-03 11:53:05,42.4582138061523,-8.90326595306396,"Female"
"9004154",371995,2025-06-03 11:58:06,42.458179473877,-8.90328121185303,"Female"
"9004154",371995,2025-06-03 12:03:07,42.4581718444824,-8.90326309204102,"Female"
"9004154",371995,2025-06-03 12:08:04,42.4582099914551,-8.90325260162354,"Female"
"9004154",371995,2025-06-03 12:13:11,42.4581718444824,-8.90318298339844,"Female"
"9004154",371995,2025-06-03 12:18:09,42.4581642150879,-8.90328025817871,"Female"
"9004154",371995,2025-06-03 12:23:04,42.458194732666,-8.90314769744873,"Female"
"9004154",371995,2025-06-03 12:28:05,42.4581871032715,-8.90310287475586,"Female"
"9004154",371995,2025-06-03 12:33:04,42.4581642150879,-8.90318393707275,"Female"
"9004154",371995,2025-06-03 12:38:06,42.4582405090332,-8.90315532684326,"Female"
"9004154",371995,2025-06-03 12:43:07,42.4581909179688,-8.903151512146,"Female"
"9004154",371995,2025-06-03 12:48:06,42.4582595825195,-8.90326499938965,"Female"
"9004154",371995,2025-06-03 12:53:10,42.458625793457,-8.90437316894531,"Female"
"9004154",371995,2025-06-03 12:58:10,42.4585952758789,-8.90435695648193,"Female"
"9004154",371995,2025-06-03 13:03:59,42.4585876464844,-8.90438842773438,"Female"
"9004154",371995,2025-06-03 13:08:04,42.4585494995117,-8.90432167053223,"Female"
"9004154",371995,2025-06-03 13:13:04,42.4585494995117,-8.90423583984375,"Female"
"9004154",371995,2025-06-03 13:18:04,42.4585494995117,-8.90431976318359,"Female"
"9004154",371995,2025-06-03 13:23:06,42.4605102539062,-8.9105224609375,"Female"
"9004154",371995,2025-06-03 13:28:04,42.4610214233398,-8.91173553466797,"Female"
"9004154",371995,2025-06-03 13:33:05,42.4604263305664,-8.91316890716553,"Female"
"9004154",371995,2025-06-03 13:43:20,42.4610023498535,-8.9126033782959,"Female"
"9004154",371995,2025-06-03 13:47:44,42.4548301696777,-8.91812229156494,"Female"
"9004154",371995,2025-06-03 13:52:44,42.4548568725586,-8.91826438903809,"Female"
"9004154",371995,2025-06-03 13:57:44,42.4548988342285,-8.91811275482178,"Female"
"9004154",371995,2025-06-03 14:02:45,42.4547958374023,-8.91827011108398,"Female"
"9004154",371995,2025-06-03 14:08:04,42.4548149108887,-8.91824054718018,"Female"
"9004154",371995,2025-06-03 14:12:45,42.4548606872559,-8.91821002960205,"Female"
"9004154",371995,2025-06-03 14:17:44,42.4548416137695,-8.91831111907959,"Female"
"9004154",371995,2025-06-03 14:22:44,42.4548377990723,-8.91834259033203,"Female"
"9004154",371995,2025-06-03 14:27:44,42.4547576904297,-8.91841697692871,"Female"
"9004154",371995,2025-06-03 14:32:44,42.4548110961914,-8.91833400726318,"Female"
"9004154",371995,2025-06-03 14:37:44,42.4548187255859,-8.91827011108398,"Female"
"9004154",371995,2025-06-03 14:42:44,42.4548225402832,-8.91834449768066,"Female"
"9004154",371995,2025-06-03 14:47:49,42.4548301696777,-8.9183177947998,"Female"
"9004154",371995,2025-06-03 14:53:11,42.4548530578613,-8.91824913024902,"Female"
"9004154",371995,2025-06-03 14:57:44,42.454963684082,-8.91802215576172,"Female"
"9004154",371995,2025-06-03 15:02:46,42.4550476074219,-8.91748142242432,"Female"
"9004154",371995,2025-06-03 15:07:48,42.4548263549805,-8.9180965423584,"Female"
"9004154",371995,2025-06-03 15:12:47,42.4549140930176,-8.91825485229492,"Female"
"9004154",371995,2025-06-03 15:17:46,42.4550933837891,-8.91741561889648,"Female"
"9004154",371995,2025-06-03 15:22:45,42.4550933837891,-8.91784763336182,"Female"
"9004154",371995,2025-06-03 15:27:46,42.460277557373,-8.91329193115234,"Female"
"9004154",371995,2025-06-03 15:32:47,42.4607048034668,-8.91131782531738,"Female"
"9004154",371995,2025-06-03 15:37:44,42.4605751037598,-8.90973377227783,"Female"
"9004154",371995,2025-06-03 15:42:48,42.4601402282715,-8.90974521636963,"Female"
"9004154",371995,2025-06-03 15:58:14,42.4611434936523,-8.91343307495117,"Female"
"9004154",371995,2025-06-03 16:03:03,42.4598960876465,-8.9138126373291,"Female"
"9004154",371995,2025-06-03 16:08:09,42.460636138916,-8.91240787506104,"Female"
"9004154",371995,2025-06-03 16:13:32,42.4611015319824,-8.91078567504883,"Female"
"9004154",371995,2025-06-03 16:19:30,42.4606018066406,-8.90841102600098,"Female"
"9004154",371995,2025-06-03 16:24:59,42.4599838256836,-8.90680408477783,"Female"
"9004154",371995,2025-06-03 16:33:11,42.4597053527832,-8.90667915344238,"Female"
"9004154",371995,2025-06-03 16:38:03,42.4586334228516,-8.90439701080322,"Female"
"9004154",371995,2025-06-03 16:43:04,42.4584693908691,-8.9044017791748,"Female"
"9004154",371995,2025-06-03 16:48:05,42.4585151672363,-8.90480041503906,"Female"
"9004154",371995,2025-06-03 16:53:35,42.4587478637695,-8.90433311462402,"Female"
"9004154",371995,2025-06-03 16:58:03,42.4587516784668,-8.90447998046875,"Female"
"9004154",371995,2025-06-03 17:03:04,42.4586868286133,-8.90431022644043,"Female"
"9004154",371995,2025-06-03 17:08:04,42.4586982727051,-8.90440464019775,"Female"
"9004154",371995,2025-06-03 17:13:04,42.4551773071289,-8.8888521194458,"Female"
"9004154",371995,2025-06-03 17:18:04,42.4549865722656,-8.88754940032959,"Female"
"9004154",371995,2025-06-03 17:23:04,42.4475708007812,-8.88237476348877,"Female"
"9004154",371995,2025-06-03 17:28:06,42.4450302124023,-8.87906932830811,"Female"
"9004154",371995,2025-06-03 17:33:09,42.4440155029297,-8.87833309173584,"Female"
"9004154",371995,2025-06-03 17:46:55,42.4381904602051,-8.87505435943604,"Female"
"9004154",371995,2025-06-03 17:56:35,42.4377670288086,-8.87385940551758,"Female"
"9004154",371995,2025-06-03 18:02:08,42.4389266967773,-8.87597751617432,"Female"
"9004154",371995,2025-06-03 18:07:07,42.4375915527344,-8.87832450866699,"Female"
"9004154",371995,2025-06-03 18:12:31,42.4373168945312,-8.87765598297119,"Female"
"9004154",371995,2025-06-03 18:17:06,42.4373321533203,-8.87765502929688,"Female"
"9004154",371995,2025-06-03 18:22:07,42.4372596740723,-8.87755966186523,"Female"
"9004154",371995,2025-06-03 18:27:05,42.4372253417969,-8.87754726409912,"Female"
"9004154",371995,2025-06-03 18:32:15,42.4409141540527,-8.87438678741455,"Female"
"9004154",371995,2025-06-03 18:37:15,42.4418716430664,-8.87432098388672,"Female"
"9004154",371995,2025-06-03 18:47:23,42.4428939819336,-8.87533950805664,"Female"
"9004154",371995,2025-06-03 18:53:08,42.4418182373047,-8.87526702880859,"Female"
"9004154",371995,2025-06-03 18:58:53,42.4402084350586,-8.87446594238281,"Female"
"9004154",371995,2025-06-03 19:04:20,42.4393501281738,-8.87440490722656,"Female"
"9004154",371995,2025-06-03 19:09:19,42.4304237365723,-8.87908458709717,"Female"
"9004154",371995,2025-06-03 19:14:19,42.4226684570312,-8.87851047515869,"Female"
"9004154",371995,2025-06-03 19:19:45,42.4226036071777,-8.87852573394775,"Female"
"9004154",371995,2025-06-03 19:24:22,42.4226913452148,-8.87844085693359,"Female"
"9004154",371995,2025-06-03 19:29:22,42.4225921630859,-8.87849521636963,"Female"
"9004154",371995,2025-06-03 19:34:20,42.4227294921875,-8.87848377227783,"Female"
"9004154",371995,2025-06-03 19:39:32,42.4225845336914,-8.87849140167236,"Female"
"9004154",371995,2025-06-03 19:44:23,42.4224815368652,-8.87860298156738,"Female"
"9004154",371995,2025-06-03 19:49:45,42.4225692749023,-8.87846660614014,"Female"
"9004154",371995,2025-06-03 19:54:19,42.4225311279297,-8.87847232818604,"Female"
"9004154",371995,2025-06-03 19:59:22,42.4224510192871,-8.87849712371826,"Female"
"9004154",371995,2025-06-03 20:04:24,42.4224586486816,-8.87857341766357,"Female"
"9004154",371995,2025-06-03 20:09:31,42.4227981567383,-8.87827396392822,"Female"
"9004154",371995,2025-06-03 20:14:28,42.4227714538574,-8.87826824188232,"Female"
"9004154",371995,2025-06-03 20:19:31,42.4229011535645,-8.87821960449219,"Female"
"9004154",371995,2025-06-03 20:24:31,42.4228897094727,-8.87834167480469,"Female"
"9004154",371995,2025-06-03 20:29:40,42.4227828979492,-8.87845802307129,"Female"
"9004154",371995,2025-06-03 20:34:22,42.4227600097656,-8.87837505340576,"Female"
"9004154",371995,2025-06-03 20:39:53,42.4227561950684,-8.8783712387085,"Female"
"9004154",371995,2025-06-03 20:44:28,42.4227066040039,-8.87832736968994,"Female"
"9004154",371995,2025-06-03 20:49:30,42.4222526550293,-8.87880992889404,"Female"
"9004154",371995,2025-06-03 20:54:59,42.422233581543,-8.87859344482422,"Female"
"9004154",371995,2025-06-03 20:59:44,42.4225997924805,-8.87836170196533,"Female"
"9004154",371995,2025-06-03 21:04:38,42.42236328125,-8.87847232818604,"Female"
"9004154",371995,2025-06-03 21:09:41,42.4225425720215,-8.87845325469971,"Female"
"9004154",371995,2025-06-03 21:14:31,42.4225578308105,-8.8784351348877,"Female"
"9004154",371995,2025-06-03 21:19:31,42.4226570129395,-8.87838745117188,"Female"
"9004154",371995,2025-06-03 21:25:05,42.4226608276367,-8.87845516204834,"Female"
"9004154",371995,2025-06-03 21:30:28,42.4226112365723,-8.87834167480469,"Female"
"9004154",371995,2025-06-03 21:34:20,42.4227867126465,-8.87827110290527,"Female"
"9004154",371995,2025-06-03 21:39:25,42.4227485656738,-8.8782958984375,"Female"
"9004154",371995,2025-06-03 21:44:23,42.4226875305176,-8.87834644317627,"Female"
"9004154",371995,2025-06-03 21:49:31,42.4225311279297,-8.87859630584717,"Female"
"9004154",371995,2025-06-03 21:54:53,42.4225883483887,-8.87847995758057,"Female"
"9004154",371995,2025-06-03 21:59:20,42.4223709106445,-8.87858486175537,"Female"
"9004154",371995,2025-06-03 22:04:20,42.4222640991211,-8.87862586975098,"Female"
"9004154",371995,2025-06-03 22:10:05,42.4223747253418,-8.87856101989746,"Female"
"9004154",371995,2025-06-03 22:14:18,42.422290802002,-8.87882232666016,"Female"
"9004154",371995,2025-06-03 22:19:18,42.4223022460938,-8.87860584259033,"Female"
"9004154",371995,2025-06-03 22:24:23,42.4224281311035,-8.87854480743408,"Female"
"9004154",371995,2025-06-03 22:29:18,42.4223556518555,-8.87839984893799,"Female"
"9004154",371995,2025-06-03 22:34:20,42.4230918884277,-8.87825775146484,"Female"
"9004154",371995,2025-06-03 22:40:05,42.4226188659668,-8.8784646987915,"Female"
"9004154",371995,2025-06-03 22:44:21,42.4225807189941,-8.87847805023193,"Female"
"9004154",371995,2025-06-03 22:49:44,42.4225311279297,-8.87848854064941,"Female"
"9004154",371995,2025-06-03 22:54:20,42.4227294921875,-8.87809181213379,"Female"
"9004154",371995,2025-06-03 22:59:24,42.4226417541504,-8.87839126586914,"Female"
"9004154",371995,2025-06-03 23:05:05,42.4226188659668,-8.8784704208374,"Female"
"9004154",371995,2025-06-03 23:09:18,42.4225006103516,-8.87853145599365,"Female"
"9004154",371995,2025-06-03 23:14:19,42.4227333068848,-8.87849998474121,"Female"
"9004154",371995,2025-06-03 23:19:20,42.4226264953613,-8.87844562530518,"Female"
"9004154",371995,2025-06-03 23:24:19,42.4224472045898,-8.87847137451172,"Female"
"9004154",371995,2025-06-03 23:29:19,42.4226226806641,-8.87845516204834,"Female"
"9004154",371995,2025-06-03 23:34:18,42.4226036071777,-8.87849807739258,"Female"
"9004154",371995,2025-06-03 23:39:19,42.422550201416,-8.87842559814453,"Female"
"9004154",371995,2025-06-03 23:44:19,42.422435760498,-8.87843322753906,"Female"
"9004154",371995,2025-06-03 23:49:20,42.4225807189941,-8.8784236907959,"Female"
"9004154",371995,2025-06-03 23:54:19,42.4225807189941,-8.87844848632812,"Female"
"9004154",371995,2025-06-03 23:59:20,42.4225769042969,-8.87839603424072,"Female"
"9004154",371995,2025-06-04 00:04:20,42.4226264953613,-8.87845802307129,"Female"
"9004154",371995,2025-06-04 00:09:19,42.4224624633789,-8.87843322753906,"Female"
"9004154",371995,2025-06-04 00:14:19,42.4225387573242,-8.87844181060791,"Female"
"9004154",371995,2025-06-04 00:19:19,42.4225311279297,-8.87840461730957,"Female"
"9004154",371995,2025-06-04 00:24:19,42.4225196838379,-8.87833976745605,"Female"
"9004154",371995,2025-06-04 00:29:29,42.4225997924805,-8.87834644317627,"Female"
"9004154",371995,2025-06-04 00:34:24,42.4224052429199,-8.87842464447021,"Female"
"9004154",371995,2025-06-04 00:39:26,42.4225921630859,-8.8782844543457,"Female"
"9004154",371995,2025-06-04 00:44:23,42.4224395751953,-8.8783073425293,"Female"
"9004154",371995,2025-06-04 00:49:22,42.4225463867188,-8.87831783294678,"Female"
"9004154",371995,2025-06-04 00:54:44,42.4225082397461,-8.87817573547363,"Female"
"9004154",371995,2025-06-04 00:59:19,42.4225425720215,-8.87831592559814,"Female"
"9004154",371995,2025-06-04 01:04:20,42.4225120544434,-8.8783073425293,"Female"
"9004154",371995,2025-06-04 01:09:23,42.4225311279297,-8.87825870513916,"Female"
"9004154",371995,2025-06-04 01:14:24,42.4226531982422,-8.87831783294678,"Female"
"9004154",371995,2025-06-04 01:19:23,42.4226226806641,-8.87820625305176,"Female"
"9004154",371995,2025-06-04 01:24:21,42.4226150512695,-8.87829780578613,"Female"
"9004154",371995,2025-06-04 01:29:22,42.4225158691406,-8.87823867797852,"Female"
"9004154",371995,2025-06-04 01:34:21,42.4226036071777,-8.8782205581665,"Female"
"9004154",371995,2025-06-04 01:39:22,42.4226722717285,-8.87820720672607,"Female"
"9004154",371995,2025-06-04 01:44:21,42.4227180480957,-8.8782787322998,"Female"
"9004154",371995,2025-06-04 01:49:31,42.4226875305176,-8.87805461883545,"Female"
"9004154",371995,2025-06-04 01:54:34,42.4225807189941,-8.87816619873047,"Female"
"9004154",371995,2025-06-04 01:59:31,42.4226913452148,-8.87809181213379,"Female"
"9004154",371995,2025-06-04 02:04:33,42.4227256774902,-8.87803363800049,"Female"
"9004154",371995,2025-06-04 02:09:30,42.4227867126465,-8.87803268432617,"Female"
"9004154",371995,2025-06-04 02:14:30,42.4231071472168,-8.87779521942139,"Female"
"9004154",371995,2025-06-04 02:19:31,42.4232444763184,-8.87770557403564,"Female"
"9004154",371995,2025-06-04 02:24:31,42.4232978820801,-8.87775707244873,"Female"
"9004154",371995,2025-06-04 02:29:32,42.4224853515625,-8.87862396240234,"Female"
"9004154",371995,2025-06-04 02:34:22,42.4222640991211,-8.87846946716309,"Female"
"9004154",371995,2025-06-04 02:39:31,42.4223365783691,-8.87846755981445,"Female"
"9004154",371995,2025-06-04 02:44:31,42.4223556518555,-8.87843418121338,"Female"
"9004154",371995,2025-06-04 02:49:35,42.4223289489746,-8.87838363647461,"Female"
"9004154",371995,2025-06-04 02:54:35,42.4224548339844,-8.87843799591064,"Female"
"9004154",371995,2025-06-04 02:59:36,42.4224090576172,-8.87834358215332,"Female"
"9004154",371995,2025-06-04 03:04:36,42.422420501709,-8.87832355499268,"Female"
"9004154",371995,2025-06-04 03:09:35,42.4224281311035,-8.87830448150635,"Female"
"9004154",371995,2025-06-04 03:14:51,42.4223785400391,-8.87865352630615,"Female"
"9004154",371995,2025-06-04 03:19:23,42.42236328125,-8.87870216369629,"Female"
"9004154",371995,2025-06-04 03:24:21,42.4224967956543,-8.87862777709961,"Female"
"9004154",371995,2025-06-04 03:29:21,42.4223403930664,-8.87857055664062,"Female"
"9004154",371995,2025-06-04 03:34:45,42.4221878051758,-8.87854194641113,"Female"
"9004154",371995,2025-06-04 03:39:20,42.4222183227539,-8.87874221801758,"Female"
"9004154",371995,2025-06-04 03:44:20,42.4221725463867,-8.87873649597168,"Female"
"9004154",371995,2025-06-04 03:49:19,42.422779083252,-8.87833976745605,"Female"
"9004154",371995,2025-06-04 03:54:24,42.4226837158203,-8.87843322753906,"Female"
"9004154",371995,2025-06-04 03:59:21,42.4226379394531,-8.87837505340576,"Female"
"9004154",371995,2025-06-04 04:04:24,42.4225311279297,-8.87849140167236,"Female"
"9004154",371995,2025-06-04 04:09:20,42.422607421875,-8.87841987609863,"Female"
"9004154",371995,2025-06-04 04:14:21,42.4225196838379,-8.8784065246582,"Female"
"9004154",371995,2025-06-04 04:19:21,42.4226036071777,-8.87820053100586,"Female"
"9004154",371995,2025-06-04 04:24:22,42.4228439331055,-8.87856483459473,"Female"
"9004154",371995,2025-06-04 04:29:19,42.4226379394531,-8.87832164764404,"Female"
"9004154",371995,2025-06-04 04:34:44,42.4224891662598,-8.87849044799805,"Female"
"9004154",371995,2025-06-04 04:39:18,42.4225158691406,-8.87841796875,"Female"
"9004154",371995,2025-06-04 04:44:19,42.4226455688477,-8.87825107574463,"Female"
"9004154",371995,2025-06-04 04:49:22,42.4226264953613,-8.87834072113037,"Female"
"9004154",371995,2025-06-04 04:54:19,42.4225883483887,-8.87840175628662,"Female"
"9004154",371995,2025-06-04 04:59:21,42.4225997924805,-8.87817859649658,"Female"
"9004154",371995,2025-06-04 05:04:20,42.4226455688477,-8.87824153900146,"Female"
"9004154",371995,2025-06-04 05:09:19,42.4225463867188,-8.87807178497314,"Female"
"9004154",371995,2025-06-04 05:14:18,42.422550201416,-8.87830829620361,"Female"
"9004154",371995,2025-06-04 05:19:21,42.4227104187012,-8.8781566619873,"Female"
"9004154",371995,2025-06-04 05:24:19,42.4225997924805,-8.87828636169434,"Female"
"9004154",371995,2025-06-04 05:29:18,42.4226913452148,-8.87797451019287,"Female"
"9004154",371995,2025-06-04 05:34:30,42.4221725463867,-8.8778133392334,"Female"
"9004154",371995,2025-06-04 05:39:49,42.4230804443359,-8.87794017791748,"Female"
"9004154",371995,2025-06-04 05:44:19,42.4230422973633,-8.87794303894043,"Female"
"9004154",371995,2025-06-04 05:49:21,42.4230995178223,-8.87836742401123,"Female"
"9004154",371995,2025-06-04 05:54:23,42.4249572753906,-8.87783813476562,"Female"
"9004154",371995,2025-06-04 05:59:19,42.4234161376953,-8.87810802459717,"Female"
"9004154",371995,2025-06-04 06:04:19,42.4235763549805,-8.87788963317871,"Female"
"9004154",371995,2025-06-04 06:09:23,42.4228019714355,-8.87814998626709,"Female"
"9004154",371995,2025-06-04 06:14:19,42.4229278564453,-8.8781566619873,"Female"
"9004154",371995,2025-06-04 06:19:18,42.4411354064941,-8.88360977172852,"Female"
"9004154",371995,2025-06-04 06:25:20,42.4422607421875,-8.8874979019165,"Female"
"9004154",371995,2025-06-04 06:30:21,42.4478302001953,-8.89279365539551,"Female"
"9004154",371995,2025-06-04 06:35:49,42.4604835510254,-8.89885234832764,"Female"
"9004154",371995,2025-06-04 06:40:47,42.4603157043457,-8.89818668365479,"Female"
"9004154",371995,2025-06-04 06:45:47,42.459659576416,-8.90510654449463,"Female"
"9004154",371995,2025-06-04 06:50:47,42.4595718383789,-8.9048900604248,"Female"
"9004154",371995,2025-06-04 06:55:47,42.4595794677734,-8.90492725372314,"Female"
"9004154",371995,2025-06-04 07:00:47,42.4596633911133,-8.9050178527832,"Female"
"9004154",371995,2025-06-04 07:05:47,42.4596176147461,-8.90496349334717,"Female"
"9004154",371995,2025-06-04 07:10:47,42.4599266052246,-8.9131383895874,"Female"
"9004154",371995,2025-06-04 07:15:47,42.4606666564941,-8.91378879547119,"Female"
"9004154",371995,2025-06-04 07:21:22,42.4613723754883,-8.91363716125488,"Female"
"9004154",371995,2025-06-04 07:26:52,42.4612007141113,-8.91245460510254,"Female"
"9004154",371995,2025-06-04 07:31:52,42.4609756469727,-8.91097450256348,"Female"
"9004154",371995,2025-06-04 07:36:52,42.4604911804199,-8.91224765777588,"Female"
"9004154",371995,2025-06-04 07:42:36,42.460765838623,-8.91244888305664,"Female"
"9004154",371995,2025-06-04 07:47:36,42.4601821899414,-8.91178512573242,"Female"
"9004154",371995,2025-06-04 07:53:11,42.4607200622559,-8.91255950927734,"Female"
"9004154",371995,2025-06-04 07:58:40,42.4616851806641,-8.91355800628662,"Female"
"9004154",371995,2025-06-04 08:04:33,42.4619483947754,-8.91405296325684,"Female"
"9004154",371995,2025-06-04 08:10:10,42.4622688293457,-8.91353797912598,"Female"
"9004154",371995,2025-06-04 08:15:11,42.4621315002441,-8.91360664367676,"Female"
"9004154",371995,2025-06-04 08:20:37,42.4623031616211,-8.91384220123291,"Female"
"9004154",371995,2025-06-04 08:26:31,42.4619255065918,-8.91304588317871,"Female"
"9004154",371995,2025-06-04 08:31:41,42.4617385864258,-8.91261291503906,"Female"
"9004154",371995,2025-06-04 08:36:42,42.4582710266113,-8.90323734283447,"Female"
"9004154",371995,2025-06-04 08:41:40,42.4582672119141,-8.90336990356445,"Female"
"9004154",371995,2025-06-04 08:46:40,42.4581718444824,-8.90335941314697,"Female"
"9004154",371995,2025-06-04 08:51:41,42.4583396911621,-8.90318965911865,"Female"
"9004154",371995,2025-06-04 08:56:40,42.4581451416016,-8.90321254730225,"Female"
"9004154",371995,2025-06-04 09:01:40,42.4580268859863,-8.90347099304199,"Female"
"9004154",371995,2025-06-04 09:06:41,42.4583435058594,-8.90316963195801,"Female"
"9004154",371995,2025-06-04 09:11:41,42.4581413269043,-8.90328025817871,"Female"
"9004154",371995,2025-06-04 09:16:41,42.4580230712891,-8.90332221984863,"Female"
"9004154",371995,2025-06-04 09:21:40,42.458080291748,-8.90333938598633,"Female"
"9004154",371995,2025-06-04 09:26:42,42.457950592041,-8.90328311920166,"Female"
"9004154",371995,2025-06-04 09:31:40,42.4579315185547,-8.90328979492188,"Female"
"9004154",371995,2025-06-04 09:36:41,42.457950592041,-8.90313625335693,"Female"
"9004154",371995,2025-06-04 09:41:40,42.4579849243164,-8.90309047698975,"Female"
"9004154",371995,2025-06-04 09:46:41,42.4538803100586,-8.88397979736328,"Female"
"9004154",371995,2025-06-04 09:51:57,42.4532890319824,-8.88414001464844,"Female"
"9004154",371995,2025-06-04 09:56:55,42.4539031982422,-8.88391876220703,"Female"
"9004154",371995,2025-06-04 10:01:55,42.4537048339844,-8.88320064544678,"Female"
"9004154",371995,2025-06-04 10:06:55,42.4564514160156,-8.8910961151123,"Female"
"9004154",371995,2025-06-04 10:11:55,42.4593772888184,-8.89499473571777,"Female"
"9004154",371995,2025-06-04 10:16:55,42.4593391418457,-8.89497756958008,"Female"
"9004154",371995,2025-06-04 10:21:55,42.4593772888184,-8.89496612548828,"Female"
"9004154",371995,2025-06-04 10:26:55,42.459342956543,-8.89507865905762,"Female"
"9004154",371995,2025-06-04 10:31:55,42.459529876709,-8.89518737792969,"Female"
"9004154",371995,2025-06-04 10:37:13,42.4550361633301,-8.90182495117188,"Female"
"9004154",371995,2025-06-04 10:42:11,42.4606895446777,-8.91099643707275,"Female"
"9004154",371995,2025-06-04 10:47:27,42.4617538452148,-8.91225337982178,"Female"
"9004154",371995,2025-06-04 10:52:45,42.4611206054688,-8.91313648223877,"Female"
"9004154",371995,2025-06-04 10:58:12,42.4616851806641,-8.91401386260986,"Female"
"9004154",371995,2025-06-04 11:03:29,42.4620742797852,-8.91335678100586,"Female"
"9004154",371995,2025-06-04 11:09:16,42.4620780944824,-8.91379642486572,"Female"
"9004154",371995,2025-06-04 11:14:25,42.4618339538574,-8.91062545776367,"Female"
"9004154",371995,2025-06-04 11:19:23,42.4620513916016,-8.91026020050049,"Female"
"9004154",371995,2025-06-04 11:24:24,42.4619293212891,-8.91013717651367,"Female"
"9004154",371995,2025-06-04 11:29:31,42.4620208740234,-8.91062068939209,"Female"
"9004154",371995,2025-06-04 11:35:06,42.4617652893066,-8.90983200073242,"Female"
"9004154",371995,2025-06-04 11:40:32,42.4617347717285,-8.90824127197266,"Female"
"9004154",371995,2025-06-04 11:45:53,42.4615516662598,-8.90676975250244,"Female"
"9004154",371995,2025-06-04 11:50:51,42.4608154296875,-8.90662384033203,"Female"
"9004154",371995,2025-06-04 11:56:33,42.4603233337402,-8.90727519989014,"Female"
"9004154",371995,2025-06-04 12:01:33,42.4602584838867,-8.90750026702881,"Female"
"9004154",371995,2025-06-04 12:06:33,42.4583740234375,-8.90242481231689,"Female"
"9004154",371995,2025-06-04 12:11:33,42.4583930969238,-8.90250015258789,"Female"
"9004154",371995,2025-06-04 12:16:33,42.4581909179688,-8.9025182723999,"Female"
"9004154",371995,2025-06-04 12:21:33,42.4584159851074,-8.90235137939453,"Female"
"9004154",371995,2025-06-04 12:26:33,42.4583015441895,-8.90244388580322,"Female"
"9004154",371995,2025-06-04 12:31:33,42.4584083557129,-8.9023494720459,"Female"
"9004154",371995,2025-06-04 12:36:33,42.4584579467773,-8.90231513977051,"Female"
"9004154",371995,2025-06-04 12:41:33,42.4582176208496,-8.90242862701416,"Female"
"9004154",371995,2025-06-04 12:46:33,42.4583015441895,-8.90243721008301,"Female"
"9004154",371995,2025-06-04 12:51:32,42.4583015441895,-8.9025993347168,"Female"
"9004154",371995,2025-06-04 12:56:33,42.4583587646484,-8.90242958068848,"Female"
"9004154",371995,2025-06-04 13:01:33,42.4583206176758,-8.90244483947754,"Female"
"9004154",371995,2025-06-04 13:06:33,42.458366394043,-8.9024543762207,"Female"
"9004154",371995,2025-06-04 13:11:33,42.458309173584,-8.90246772766113,"Female"
"9004154",371995,2025-06-04 13:16:33,42.4583435058594,-8.90248584747314,"Female"
"9004154",371995,2025-06-04 13:21:33,42.4583168029785,-8.90249729156494,"Female"
"9004154",371995,2025-06-04 13:26:33,42.4583930969238,-8.90250873565674,"Female"
"9004154",371995,2025-06-04 13:31:33,42.4583473205566,-8.90257263183594,"Female"
"9004154",371995,2025-06-04 13:36:33,42.4584884643555,-8.90248489379883,"Female"
"9004154",371995,2025-06-04 13:41:33,42.45849609375,-8.90259647369385,"Female"
"9004154",371995,2025-06-04 13:46:33,42.4608840942383,-8.91006278991699,"Female"
"9004154",371995,2025-06-04 13:51:40,42.4612007141113,-8.91082859039307,"Female"
"9004154",371995,2025-06-04 13:56:39,42.4607086181641,-8.91273212432861,"Female"
"9004154",371995,2025-06-04 14:02:58,42.4615211486816,-8.91443157196045,"Female"
"9004154",371995,2025-06-04 14:08:32,42.4618301391602,-8.91402339935303,"Female"
"9004154",371995,2025-06-04 14:13:03,42.4583358764648,-8.90311813354492,"Female"
"9004154",371995,2025-06-04 14:18:03,42.4581451416016,-8.90307235717773,"Female"
"9004154",371995,2025-06-04 14:23:03,42.4582023620605,-8.90307521820068,"Female"
"9004154",371995,2025-06-04 14:28:03,42.4582557678223,-8.90303802490234,"Female"
"9004154",371995,2025-06-04 14:33:03,42.4582710266113,-8.90311431884766,"Female"
"9004154",371995,2025-06-04 14:38:06,42.458309173584,-8.90315341949463,"Female"
"9004154",371995,2025-06-04 14:43:03,42.4582786560059,-8.90308094024658,"Female"
"9004154",371995,2025-06-04 14:48:03,42.4582405090332,-8.90312671661377,"Female"
"9004154",371995,2025-06-04 14:53:03,42.4583473205566,-8.90298175811768,"Female"
"9004154",371995,2025-06-04 14:58:03,42.4583168029785,-8.90296745300293,"Female"
"9004154",371995,2025-06-04 15:03:44,42.458797454834,-8.89520168304443,"Female"
"9004154",371995,2025-06-04 15:08:53,42.4584770202637,-8.894287109375,"Female"
"9004154",371995,2025-06-04 15:14:32,42.4586181640625,-8.89370250701904,"Female"
"9004154",371995,2025-06-04 15:20:28,42.458309173584,-8.89281845092773,"Female"
"9004154",371995,2025-06-04 15:25:30,42.4582977294922,-8.89292049407959,"Female"
"9004154",371995,2025-06-04 15:31:37,42.4583740234375,-8.89403629302979,"Female"
"9004154",371995,2025-06-04 15:37:24,42.458553314209,-8.89497184753418,"Female"
"9004154",371995,2025-06-04 15:43:17,42.4592132568359,-8.89496803283691,"Female"
"9004154",371995,2025-06-04 15:49:12,42.4593048095703,-8.89512825012207,"Female"
"9004154",371995,2025-06-04 15:54:41,42.4595565795898,-8.8958568572998,"Female"
"9004154",371995,2025-06-04 15:59:49,42.4601364135742,-8.89700698852539,"Female"
"9004154",371995,2025-06-04 16:06:40,42.4608573913574,-8.89834594726562,"Female"
"9004154",371995,2025-06-04 16:11:39,42.4584426879883,-8.90283870697021,"Female"
"9004154",371995,2025-06-04 16:16:39,42.458366394043,-8.90280723571777,"Female"
"9004154",371995,2025-06-04 16:21:39,42.4583930969238,-8.90282249450684,"Female"
"9004154",371995,2025-06-04 16:26:39,42.4583511352539,-8.9027681350708,"Female"
"9004154",371995,2025-06-04 16:31:39,42.4583702087402,-8.90277862548828,"Female"
"9004154",371995,2025-06-04 16:36:39,42.4583320617676,-8.90282249450684,"Female"
"9004154",371995,2025-06-04 16:41:39,42.4583282470703,-8.90282440185547,"Female"
"9004154",371995,2025-06-04 16:46:39,42.4583778381348,-8.90283679962158,"Female"
"9004154",371995,2025-06-04 16:51:38,42.4583282470703,-8.90281772613525,"Female"
"9004154",371995,2025-06-04 16:56:39,42.4583549499512,-8.90281677246094,"Female"
"9004154",371995,2025-06-04 17:01:39,42.4583549499512,-8.90281677246094,"Female"
"9004154",371995,2025-06-04 17:06:39,42.4585494995117,-8.90262985229492,"Female"
"9004154",371995,2025-06-04 17:11:39,42.4583854675293,-8.90285587310791,"Female"
"9004154",371995,2025-06-04 17:16:39,42.4608497619629,-8.90134143829346,"Female"
"9004154",371995,2025-06-04 17:21:39,42.4609565734863,-8.90170288085938,"Female"
"9004154",371995,2025-06-04 17:28:48,42.4609565734863,-8.90055370330811,"Female"
"9004154",371995,2025-06-04 17:38:15,42.4608726501465,-8.89860725402832,"Female"
"9004154",371995,2025-06-04 17:44:45,42.4611701965332,-8.89961910247803,"Female"
"9004154",371995,2025-06-04 17:50:17,42.4609336853027,-8.90000820159912,"Female"
"9004154",371995,2025-06-04 17:56:10,42.4586601257324,-8.89419841766357,"Female"
"9004154",371995,2025-06-04 18:04:53,42.4581489562988,-8.89355087280273,"Female"
"9004154",371995,2025-06-04 18:10:19,42.4587059020996,-8.89415454864502,"Female"
"9004154",371995,2025-06-04 18:22:24,42.4584007263184,-8.89371776580811,"Female"
"9004154",371995,2025-06-04 18:27:51,42.4586524963379,-8.89410591125488,"Female"
"9004154",371995,2025-06-04 18:33:46,42.4589653015137,-8.89499187469482,"Female"
"9004154",371995,2025-06-04 18:41:10,42.459789276123,-8.89622688293457,"Female"
"9004154",371995,2025-06-04 18:46:55,42.4604148864746,-8.89710712432861,"Female"
"9004154",371995,2025-06-04 18:51:57,42.4602699279785,-8.89730739593506,"Female"
"9004154",371995,2025-06-04 18:57:00,42.4593887329102,-8.89734172821045,"Female"
"9004154",371995,2025-06-04 19:01:55,42.4359741210938,-8.88245010375977,"Female"
"9004154",371995,2025-06-04 19:06:59,42.4228134155273,-8.87836742401123,"Female"
"9004154",371995,2025-06-04 19:12:06,42.4230422973633,-8.87855243682861,"Female"
"9004154",371995,2025-06-04 19:16:58,42.423038482666,-8.87852573394775,"Female"
"9004154",371995,2025-06-04 19:21:57,42.4229164123535,-8.87909507751465,"Female"
"9004154",371995,2025-06-04 19:26:56,42.422966003418,-8.87890529632568,"Female"
"9004154",371995,2025-06-04 19:31:58,42.4227905273438,-8.8789758682251,"Female"
"9004154",371995,2025-06-04 19:37:00,42.4228134155273,-8.87895584106445,"Female"
"9004154",371995,2025-06-04 19:41:58,42.4228324890137,-8.87889766693115,"Female"
"9004154",371995,2025-06-04 19:47:13,42.4227561950684,-8.87860012054443,"Female"
"9004154",371995,2025-06-04 19:51:54,42.4227523803711,-8.87821578979492,"Female"
"9004154",371995,2025-06-04 19:56:55,42.4227523803711,-8.87863063812256,"Female"
"9004154",371995,2025-06-04 20:01:55,42.4226722717285,-8.87881183624268,"Female"
"9004154",371995,2025-06-04 20:06:56,42.4221954345703,-8.87914180755615,"Female"
"9004154",371995,2025-06-04 20:11:56,42.4223899841309,-8.8788366317749,"Female"
"9004154",371995,2025-06-04 20:16:57,42.4220657348633,-8.87950038909912,"Female"
"9004154",371995,2025-06-04 20:21:59,42.4221725463867,-8.87993144989014,"Female"
"9004154",371995,2025-06-04 20:27:02,42.4215888977051,-8.8793420791626,"Female"
"9004154",371995,2025-06-04 20:32:00,42.4216766357422,-8.87927913665771,"Female"
"9004154",371995,2025-06-04 20:37:22,42.4245491027832,-8.87830829620361,"Female"
"9004154",371995,2025-06-04 20:42:00,42.4208602905273,-8.87938213348389,"Female"
"9004154",371995,2025-06-04 20:46:56,42.4207725524902,-8.8795804977417,"Female"
"9004154",371995,2025-06-04 20:51:55,42.4207649230957,-8.88009452819824,"Female"
"9004154",371995,2025-06-04 20:56:59,42.4223823547363,-8.87863445281982,"Female"
"9004154",371995,2025-06-04 21:02:00,42.4218139648438,-8.87907695770264,"Female"
"9004154",371995,2025-06-04 21:06:57,42.422924041748,-8.87800121307373,"Female"
"9004154",371995,2025-06-04 21:11:56,42.4219741821289,-8.87703609466553,"Female"
"9004154",371995,2025-06-04 21:16:55,42.4228248596191,-8.87812423706055,"Female"
"9004154",371995,2025-06-04 21:21:54,42.4230270385742,-8.87830448150635,"Female"
"9004154",371995,2025-06-04 21:26:59,42.4243812561035,-8.87733173370361,"Female"
"9004154",371995,2025-06-04 21:31:57,42.4232330322266,-8.87789726257324,"Female"
"9004154",371995,2025-06-04 21:36:55,42.4228858947754,-8.87839603424072,"Female"
"9004154",371995,2025-06-04 21:41:57,42.4230880737305,-8.87819957733154,"Female"
"9004154",371995,2025-06-04 21:46:55,42.4229621887207,-8.87832450866699,"Female"
"9004154",371995,2025-06-04 21:51:55,42.4231986999512,-8.87812328338623,"Female"
"9004154",371995,2025-06-04 21:56:56,42.4229850769043,-8.87823104858398,"Female"
"9004154",371995,2025-06-04 22:01:58,42.4229621887207,-8.87825584411621,"Female"
"9004154",371995,2025-06-04 22:06:56,42.4229850769043,-8.87821102142334,"Female"
"9004154",371995,2025-06-04 22:11:56,42.4230346679688,-8.8781909942627,"Female"
"9004154",371995,2025-06-04 22:16:55,42.4229125976562,-8.87822532653809,"Female"
"9004154",371995,2025-06-04 22:21:55,42.4229774475098,-8.87813758850098,"Female"
"9004154",371995,2025-06-04 22:26:56,42.4228591918945,-8.87838363647461,"Female"
"9004154",371995,2025-06-04 22:31:55,42.4228019714355,-8.87841320037842,"Female"
"9004154",371995,2025-06-04 22:36:56,42.4230194091797,-8.87817573547363,"Female"
"9004154",371995,2025-06-04 22:41:57,42.4233512878418,-8.87835884094238,"Female"
"9004154",371995,2025-06-04 22:46:57,42.4232482910156,-8.87842273712158,"Female"
"9004154",371995,2025-06-04 22:51:56,42.4234428405762,-8.87839794158936,"Female"
"9004154",371995,2025-06-04 22:56:55,42.4234390258789,-8.87835788726807,"Female"
"9004154",371995,2025-06-04 23:01:54,42.4234733581543,-8.87838268280029,"Female"
"9004154",371995,2025-06-04 23:06:55,42.4234771728516,-8.87841129302979,"Female"
"9004154",371995,2025-06-04 23:11:55,42.4235000610352,-8.87851047515869,"Female"
"9004154",371995,2025-06-04 23:16:57,42.4234848022461,-8.87859439849854,"Female"
"9004154",371995,2025-06-04 23:21:55,42.4232215881348,-8.87845516204834,"Female"
"9004154",371995,2025-06-04 23:26:56,42.4233055114746,-8.8785982131958,"Female"
"9004154",371995,2025-06-04 23:31:55,42.4232063293457,-8.87841606140137,"Female"
"9004154",371995,2025-06-04 23:36:54,42.4232330322266,-8.87839603424072,"Female"
"9004154",371995,2025-06-04 23:41:54,42.4231491088867,-8.87834739685059,"Female"
"9004154",371995,2025-06-04 23:46:54,42.4231567382812,-8.87840461730957,"Female"
"9004154",371995,2025-06-04 23:51:54,42.4231185913086,-8.87841129302979,"Female"
"9004154",371995,2025-06-04 23:56:56,42.4232025146484,-8.87835788726807,"Female"
"9004154",371995,2025-06-05 00:01:54,42.422924041748,-8.87843036651611,"Female"
"9004154",371995,2025-06-05 00:06:54,42.423023223877,-8.87829875946045,"Female"
"9004154",371995,2025-06-05 00:11:54,42.4231147766113,-8.87839412689209,"Female"
"9004154",371995,2025-06-05 00:16:56,42.4227447509766,-8.87821388244629,"Female"
"9004154",371995,2025-06-05 00:21:56,42.4230880737305,-8.87850952148438,"Female"
"9004154",371995,2025-06-05 00:27:01,42.4230766296387,-8.87869167327881,"Female"
"9004154",371995,2025-06-05 00:32:04,42.4230575561523,-8.87859725952148,"Female"
"9004154",371995,2025-06-05 00:37:01,42.4231605529785,-8.87882804870605,"Female"
"9004154",371995,2025-06-05 00:41:56,42.4229393005371,-8.87874317169189,"Female"
"9004154",371995,2025-06-05 00:46:57,42.4231948852539,-8.87879467010498,"Female"
"9004154",371995,2025-06-05 00:51:59,42.4229736328125,-8.87870502471924,"Female"
"9004154",371995,2025-06-05 00:57:03,42.4229049682617,-8.87922382354736,"Female"
"9004154",371995,2025-06-05 01:02:09,42.4230003356934,-8.87915134429932,"Female"
"9004154",371995,2025-06-05 01:06:58,42.4226989746094,-8.87886047363281,"Female"
"9004154",371995,2025-06-05 01:12:14,42.4226913452148,-8.87882041931152,"Female"
"9004154",371995,2025-06-05 01:16:57,42.4225120544434,-8.87890720367432,"Female"
"9004154",371995,2025-06-05 01:21:58,42.4228019714355,-8.87912273406982,"Female"
"9004154",371995,2025-06-05 01:27:00,42.4226188659668,-8.87910270690918,"Female"
"9004154",371995,2025-06-05 01:32:25,42.4230880737305,-8.87840270996094,"Female"
"9004154",371995,2025-06-05 01:36:54,42.4231224060059,-8.87878894805908,"Female"
"9004154",371995,2025-06-05 01:41:56,42.4229354858398,-8.87845611572266,"Female"
"9004154",371995,2025-06-05 01:47:01,42.4228286743164,-8.87843704223633,"Female"
"9004154",371995,2025-06-05 01:52:01,42.423152923584,-8.87492275238037,"Female"
"9004154",371995,2025-06-05 01:56:57,42.4229354858398,-8.87927627563477,"Female"
"9004154",371995,2025-06-05 02:01:58,42.422664642334,-8.87809371948242,"Female"
"9004154",371995,2025-06-05 02:06:55,42.4228057861328,-8.87845325469971,"Female"
"9004154",371995,2025-06-05 02:11:59,42.4228591918945,-8.87836933135986,"Female"
"9004154",371995,2025-06-05 02:16:57,42.4225311279297,-8.87856769561768,"Female"
"9004154",371995,2025-06-05 02:21:55,42.4225425720215,-8.87870121002197,"Female"
"9004154",371995,2025-06-05 02:26:55,42.4225196838379,-8.87840175628662,"Female"
"9004154",371995,2025-06-05 02:31:55,42.4225006103516,-8.87843608856201,"Female"
"9004154",371995,2025-06-05 02:36:55,42.422435760498,-8.87845993041992,"Female"
"9004154",371995,2025-06-05 02:41:56,42.4224586486816,-8.87839889526367,"Female"
"9004154",371995,2025-06-05 02:46:56,42.4226112365723,-8.87835597991943,"Female"
"9004154",371995,2025-06-05 02:51:59,42.4223747253418,-8.87842750549316,"Female"
"9004154",371995,2025-06-05 02:57:14,42.4222450256348,-8.87848091125488,"Female"
"9004154",371995,2025-06-05 03:02:06,42.4225463867188,-8.87841892242432,"Female"
"9004154",371995,2025-06-05 03:07:06,42.4224624633789,-8.87846088409424,"Female"
"9004154",371995,2025-06-05 03:12:05,42.4224967956543,-8.87844371795654,"Female"
"9004154",371995,2025-06-05 03:17:01,42.4224128723145,-8.87848567962646,"Female"
"9004154",371995,2025-06-05 03:22:06,42.4226493835449,-8.87860870361328,"Female"
"9004154",371995,2025-06-05 03:27:06,42.4224739074707,-8.87850570678711,"Female"
"9004154",371995,2025-06-05 03:31:58,42.4226570129395,-8.87846946716309,"Female"
"9004154",371995,2025-06-05 03:37:03,42.4226570129395,-8.87860584259033,"Female"
"9004154",371995,2025-06-05 03:42:01,42.4225311279297,-8.87856960296631,"Female"
"9004154",371995,2025-06-05 03:47:06,42.4228439331055,-8.87858867645264,"Female"
"9004154",371995,2025-06-05 03:52:45,42.4228706359863,-8.87867259979248,"Female"
"9004154",371995,2025-06-05 03:57:22,42.4226684570312,-8.87866592407227,"Female"
"9004154",371995,2025-06-05 04:01:56,42.422679901123,-8.8787145614624,"Female"
"9004154",371995,2025-06-05 04:06:55,42.4227333068848,-8.87860774993896,"Female"
"9004154",371995,2025-06-05 04:11:58,42.4226303100586,-8.87842559814453,"Female"
"9004154",371995,2025-06-05 04:16:56,42.4226455688477,-8.87869262695312,"Female"
"9004154",371995,2025-06-05 04:21:55,42.4227828979492,-8.87863445281982,"Female"
"9004154",371995,2025-06-05 04:26:54,42.422737121582,-8.87855339050293,"Female"
"9004154",371995,2025-06-05 04:31:54,42.4227333068848,-8.87868213653564,"Female"
"9004154",371995,2025-06-05 04:36:55,42.422794342041,-8.8785572052002,"Female"
"9004154",371995,2025-06-05 04:41:55,42.4226417541504,-8.87865734100342,"Female"
"9004154",371995,2025-06-05 04:46:58,42.4226417541504,-8.8790397644043,"Female"
"9004154",371995,2025-06-05 04:51:57,42.4226760864258,-8.87840938568115,"Female"
"9004154",371995,2025-06-05 04:56:56,42.422607421875,-8.87882995605469,"Female"
"9004154",371995,2025-06-05 05:01:56,42.4225845336914,-8.87904834747314,"Female"
"9004154",371995,2025-06-05 05:06:55,42.4229545593262,-8.87876796722412,"Female"
"9004154",371995,2025-06-05 05:11:56,42.4226760864258,-8.87870502471924,"Female"
"9004154",371995,2025-06-05 05:16:54,42.4227638244629,-8.87858581542969,"Female"
"9004154",371995,2025-06-05 05:22:06,42.4225654602051,-8.87864208221436,"Female"
"9004154",371995,2025-06-05 05:26:56,42.4228935241699,-8.87804412841797,"Female"
"9004154",371995,2025-06-05 05:32:16,42.4229316711426,-8.87851524353027,"Female"
"9004154",371995,2025-06-05 05:36:56,42.4225120544434,-8.87894058227539,"Female"
"9004154",371995,2025-06-05 05:42:01,42.4229049682617,-8.87850284576416,"Female"
"9004154",371995,2025-06-05 05:47:00,42.4226188659668,-8.87892723083496,"Female"
"9004154",371995,2025-06-05 05:52:01,42.4230079650879,-8.87841033935547,"Female"
"9004154",371995,2025-06-05 05:56:58,42.4228477478027,-8.87842464447021,"Female"
"9004154",371995,2025-06-05 06:01:58,42.4229202270508,-8.87840557098389,"Female"
"9004154",371995,2025-06-05 06:06:55,42.4227905273438,-8.87837886810303,"Female"
"9004154",371995,2025-06-05 06:11:59,42.4227714538574,-8.87832355499268,"Female"
"9004154",371995,2025-06-05 06:16:59,42.4227828979492,-8.87840366363525,"Female"
"9004154",371995,2025-06-05 06:22:00,42.4227485656738,-8.87830448150635,"Female"
"9004154",371995,2025-06-05 06:27:09,42.4236831665039,-8.87861919403076,"Female"
"9004154",371995,2025-06-05 06:33:17,42.4227828979492,-8.87831592559814,"Female"
"9004154",371995,2025-06-05 06:37:35,42.4231605529785,-8.87854099273682,"Female"
"9004154",371995,2025-06-05 06:43:17,42.4227561950684,-8.87817764282227,"Female"
"9004154",371995,2025-06-05 06:48:17,42.4229431152344,-8.87815570831299,"Female"
"9004154",371995,2025-06-05 06:52:52,42.4228515625,-8.87845897674561,"Female"
"9004154",371995,2025-06-05 06:57:21,42.4228096008301,-8.87844467163086,"Female"
"9004154",371995,2025-06-05 07:01:56,42.4229049682617,-8.87843132019043,"Female"
"9004154",371995,2025-06-05 07:07:27,42.4216079711914,-8.87894916534424,"Female"
"9004154",371995,2025-06-05 07:12:17,42.4230079650879,-8.87833404541016,"Female"
"9004154",371995,2025-06-05 07:16:56,42.423225402832,-8.87821578979492,"Female"
"9004154",371995,2025-06-05 07:21:59,42.4230003356934,-8.87886810302734,"Female"
"9004154",371995,2025-06-05 07:27:08,42.4224395751953,-8.87856483459473,"Female"
"9004154",371995,2025-06-05 07:31:56,42.4226264953613,-8.87816143035889,"Female"
"9004154",371995,2025-06-05 07:37:10,42.4235420227051,-8.87839794158936,"Female"
"9004154",371995,2025-06-05 07:41:57,42.4227905273438,-8.8780460357666,"Female"
"9004154",371995,2025-06-05 07:46:58,42.4229507446289,-8.87793254852295,"Female"
"9004154",371995,2025-06-05 07:51:55,42.422420501709,-8.87852191925049,"Female"
"9004154",371995,2025-06-05 07:56:56,42.4225730895996,-8.87838363647461,"Female"
"9004154",371995,2025-06-05 08:01:56,42.4210357666016,-8.88134574890137,"Female"
"9004154",371995,2025-06-05 08:06:59,42.4123497009277,-8.86848831176758,"Female"
"9004154",371995,2025-06-05 08:12:21,42.4124565124512,-8.86844062805176,"Female"
"9004154",371995,2025-06-05 08:18:15,42.4116172790527,-8.86741924285889,"Female"
"9004154",371995,2025-06-05 08:26:23,42.4106101989746,-8.86591625213623,"Female"
"9004154",371995,2025-06-05 08:35:11,42.4097595214844,-8.86543846130371,"Female"
"9004154",371995,2025-06-05 08:40:10,42.4097633361816,-8.86552429199219,"Female"
"9004154",371995,2025-06-05 08:52:11,42.4080696105957,-8.864501953125,"Female"
"9004154",371995,2025-06-05 08:59:39,42.4066925048828,-8.86374664306641,"Female"
"9004154",371995,2025-06-05 09:04:45,42.3985633850098,-8.85795497894287,"Female"
"9004154",371995,2025-06-05 09:09:23,42.3986778259277,-8.85780048370361,"Female"
"9004154",371995,2025-06-05 09:14:13,42.3984146118164,-8.85764026641846,"Female"
"9004154",371995,2025-06-05 09:19:12,42.3986625671387,-8.85788536071777,"Female"
"9004154",371995,2025-06-05 09:24:14,42.3985214233398,-8.85817050933838,"Female"
"9004154",371995,2025-06-05 09:29:15,42.3984718322754,-8.85797309875488,"Female"
"9004154",371995,2025-06-05 09:34:12,42.3985710144043,-8.85812759399414,"Female"
"9004154",371995,2025-06-05 09:39:17,42.398551940918,-8.8581075668335,"Female"
"9004154",371995,2025-06-05 09:44:12,42.3986129760742,-8.85801696777344,"Female"
"9004154",371995,2025-06-05 09:49:35,42.3984832763672,-8.85800647735596,"Female"
"9004154",371995,2025-06-05 09:54:11,42.3984413146973,-8.8581018447876,"Female"
"9004154",371995,2025-06-05 09:59:44,42.3977584838867,-8.85334873199463,"Female"
"9004154",371995,2025-06-05 10:04:44,42.3969039916992,-8.85246181488037,"Female"
"9004154",371995,2025-06-05 10:09:45,42.3964195251465,-8.85137939453125,"Female"
"9004154",371995,2025-06-05 10:15:30,42.3966064453125,-8.85222816467285,"Female"
"9004154",371995,2025-06-05 10:20:47,42.3968734741211,-8.85168170928955,"Female"
"9004154",371995,2025-06-05 10:26:29,42.3964767456055,-8.85134029388428,"Female"
"9004154",371995,2025-06-05 10:31:29,42.3955001831055,-8.85059452056885,"Female"
"9004154",371995,2025-06-05 10:36:45,42.3944358825684,-8.84907913208008,"Female"
"9004154",371995,2025-06-05 10:41:44,42.394229888916,-8.84866237640381,"Female"
"9004154",371995,2025-06-05 10:46:51,42.3931770324707,-8.84827423095703,"Female"
"9004154",371995,2025-06-05 10:51:51,42.392578125,-8.84841632843018,"Female"
"9004154",371995,2025-06-05 10:57:04,42.3923568725586,-8.84759044647217,"Female"
"9004154",371995,2025-06-05 11:02:12,42.3934593200684,-8.84848499298096,"Female"
"9004154",371995,2025-06-05 11:07:08,42.395191192627,-8.8497371673584,"Female"
"9004154",371995,2025-06-05 11:12:09,42.3961410522461,-8.85177898406982,"Female"
"9004154",371995,2025-06-05 11:17:08,42.3986740112305,-8.85781574249268,"Female"
"9004154",371995,2025-06-05 11:22:10,42.3986549377441,-8.85776996612549,"Female"
"9004154",371995,2025-06-05 11:27:12,42.3986015319824,-8.85793113708496,"Female"
"9004154",371995,2025-06-05 11:32:12,42.398494720459,-8.8584566116333,"Female"
"9004154",371995,2025-06-05 11:37:18,42.3986663818359,-8.85803890228271,"Female"
"9004154",371995,2025-06-05 11:42:08,42.4144325256348,-8.87652587890625,"Female"
"9004154",371995,2025-06-05 11:48:03,42.4438781738281,-8.88007068634033,"Female"
"9004154",371995,2025-06-05 11:53:47,42.4427909851074,-8.87807559967041,"Female"
"9004154",371995,2025-06-05 12:02:31,42.4436531066895,-8.87615299224854,"Female"
"9004154",371995,2025-06-05 12:06:58,42.4447784423828,-8.87576103210449,"Female"
"9004154",371995,2025-06-05 12:12:08,42.4421768188477,-8.87583160400391,"Female"
"9004154",371995,2025-06-05 12:17:31,42.4401512145996,-8.87518787384033,"Female"
"9004154",371995,2025-06-05 12:22:30,42.4373245239258,-8.878005027771,"Female"
"9004154",371995,2025-06-05 12:27:31,42.4370498657227,-8.87768936157227,"Female"
"9004154",371995,2025-06-05 12:32:34,42.4371070861816,-8.87762928009033,"Female"
"9004154",371995,2025-06-05 12:37:36,42.4370727539062,-8.87763786315918,"Female"
"9004154",371995,2025-06-05 12:42:36,42.437068939209,-8.87757873535156,"Female"
"9004154",371995,2025-06-05 12:47:39,42.4370727539062,-8.87765789031982,"Female"
"9004154",371995,2025-06-05 12:52:38,42.4370384216309,-8.87754726409912,"Female"
"9004154",371995,2025-06-05 12:57:35,42.4370727539062,-8.87750053405762,"Female"
"9004154",371995,2025-06-05 13:02:41,42.4370193481445,-8.87768363952637,"Female"
"9004154",371995,2025-06-05 13:07:29,42.4368858337402,-8.877610206604,"Female"
"9004154",371995,2025-06-05 13:12:29,42.4370918273926,-8.87718200683594,"Female"
"9004154",371995,2025-06-05 13:17:29,42.4369850158691,-8.87740612030029,"Female"
"9004154",371995,2025-06-05 13:22:29,42.4369354248047,-8.87763690948486,"Female"
"9004154",371995,2025-06-05 13:27:31,42.4368705749512,-8.87758922576904,"Female"
"9004154",371995,2025-06-05 13:32:29,42.4367523193359,-8.87748622894287,"Female"
"9004154",371995,2025-06-05 13:37:31,42.436954498291,-8.87782382965088,"Female"
"9004154",371995,2025-06-05 13:42:29,42.4368209838867,-8.87765407562256,"Female"
"9004154",371995,2025-06-05 13:47:30,42.4414138793945,-8.87756061553955,"Female"
"9004154",371995,2025-06-05 13:52:44,42.4437942504883,-8.87626647949219,"Female"
"9004154",371995,2025-06-05 14:05:07,42.446231842041,-8.87643146514893,"Female"
"9004154",371995,2025-06-05 14:10:02,42.4375534057617,-8.87728023529053,"Female"
"9004154",371995,2025-06-05 14:15:02,42.4371910095215,-8.87760448455811,"Female"
"9004154",371995,2025-06-05 14:20:02,42.4371223449707,-8.87709808349609,"Female"
"9004154",371995,2025-06-05 14:25:08,42.4370880126953,-8.87757205963135,"Female"
"9004154",371995,2025-06-05 14:30:02,42.4368743896484,-8.87727451324463,"Female"
"9004154",371995,2025-06-05 14:35:03,42.4370040893555,-8.8769588470459,"Female"
"9004154",371995,2025-06-05 14:40:04,42.4371070861816,-8.87745761871338,"Female"
"9004154",371995,2025-06-05 14:45:04,42.436653137207,-8.87770652770996,"Female"
"9004154",371995,2025-06-05 14:50:09,42.436824798584,-8.87762641906738,"Female"
"9004154",371995,2025-06-05 14:55:09,42.4368591308594,-8.87763023376465,"Female"
"9004154",371995,2025-06-05 15:00:10,42.437141418457,-8.87743282318115,"Female"
"9004154",371995,2025-06-05 15:05:02,42.4373245239258,-8.87721538543701,"Female"
"9004154",371995,2025-06-05 15:10:04,42.4441757202148,-8.8774938583374,"Female"
"9004154",371995,2025-06-05 15:15:03,42.4456939697266,-8.87800312042236,"Female"
"9004154",371995,2025-06-05 15:20:02,42.4458045959473,-8.87854385375977,"Female"
"9004154",371995,2025-06-05 15:29:52,42.4468116760254,-8.87903785705566,"Female"
"9004154",371995,2025-06-05 15:34:47,42.4474678039551,-8.87912082672119,"Female"
"9004154",371995,2025-06-05 15:41:00,42.4455146789551,-8.88382530212402,"Female"
"9004154",371995,2025-06-05 15:57:35,42.4487991333008,-8.87996387481689,"Female"
"9004154",371995,2025-06-05 16:07:11,42.4537963867188,-8.88515472412109,"Female"
"9004154",371995,2025-06-05 16:12:08,42.4543991088867,-8.88676071166992,"Female"
"9004154",371995,2025-06-05 16:17:08,42.4564552307129,-8.89184379577637,"Female"
"9004154",371995,2025-06-05 16:22:08,42.4563446044922,-8.89176845550537,"Female"
"9004154",371995,2025-06-05 16:27:09,42.456371307373,-8.89181137084961,"Female"
"9004154",371995,2025-06-05 16:32:08,42.4563674926758,-8.89178466796875,"Female"
"9004154",371995,2025-06-05 16:37:08,42.4563102722168,-8.8917760848999,"Female"
"9004154",371995,2025-06-05 16:42:08,42.4563636779785,-8.89173412322998,"Female"
"9004154",371995,2025-06-05 16:47:08,42.4564056396484,-8.89180278778076,"Female"
"9004154",371995,2025-06-05 16:52:09,42.456428527832,-8.89185428619385,"Female"
"9004154",371995,2025-06-05 16:57:10,42.4553527832031,-8.8893518447876,"Female"
"9004154",371995,2025-06-05 17:02:09,42.4544372558594,-8.88815784454346,"Female"
"9004154",371995,2025-06-05 17:07:09,42.4536933898926,-8.88713359832764,"Female"
"9004154",371995,2025-06-05 17:12:09,42.4542961120605,-8.88632869720459,"Female"
"9004154",371995,2025-06-05 17:17:09,42.4542465209961,-8.88478088378906,"Female"
"9004154",371995,2025-06-05 17:22:53,42.4534111022949,-8.8912239074707,"Female"
"9004154",371995,2025-06-05 17:27:53,42.4543609619141,-8.88957595825195,"Female"
"9004154",371995,2025-06-05 17:33:45,42.4547576904297,-8.88810253143311,"Female"
"9004154",371995,2025-06-05 17:38:24,42.4547920227051,-8.88859748840332,"Female"
"9004154",371995,2025-06-05 17:43:49,42.4546966552734,-8.88927459716797,"Female"
"9004154",371995,2025-06-05 17:49:03,42.4540405273438,-8.88816928863525,"Female"
"9004154",371995,2025-06-05 17:54:37,42.454833984375,-8.88824939727783,"Female"
"9004154",371995,2025-06-05 17:59:45,42.4530067443848,-8.88696098327637,"Female"
"9004154",371995,2025-06-05 18:04:47,42.4528732299805,-8.88511943817139,"Female"
"9004154",371995,2025-06-05 18:09:46,42.4511032104492,-8.88524341583252,"Female"
"9004154",371995,2025-06-05 18:15:19,42.4500465393066,-8.88364028930664,"Female"
"9004154",371995,2025-06-05 18:20:24,42.4493560791016,-8.8817777633667,"Female"
"9004154",371995,2025-06-05 18:25:43,42.4483299255371,-8.88160037994385,"Female"
"9004154",371995,2025-06-05 18:31:31,42.4476852416992,-8.88146018981934,"Female"
"9004154",371995,2025-06-05 18:36:58,42.4457855224609,-8.8797721862793,"Female"
"9004154",371995,2025-06-05 18:41:59,42.4449234008789,-8.87850379943848,"Female"
"9004154",371995,2025-06-05 18:48:07,42.444522857666,-8.87741661071777,"Female"
"9004154",371995,2025-06-05 18:53:36,42.4429664611816,-8.8771448135376,"Female"
"9004154",371995,2025-06-05 18:58:35,42.44189453125,-8.87776374816895,"Female"
"9004154",371995,2025-06-05 19:03:34,42.424861907959,-8.87833309173584,"Female"
"9004154",371995,2025-06-05 19:08:34,42.424129486084,-8.87791442871094,"Female"
"9004154",371995,2025-06-05 19:13:42,42.4224281311035,-8.8780403137207,"Female"
"9004154",371995,2025-06-05 19:18:48,42.4224548339844,-8.87838649749756,"Female"
"9004154",371995,2025-06-05 19:23:39,42.4222755432129,-8.87859344482422,"Female"
"9004154",371995,2025-06-05 19:28:39,42.4226417541504,-8.87828350067139,"Female"
"9004154",371995,2025-06-05 19:33:39,42.4226570129395,-8.87827777862549,"Female"
"9004154",371995,2025-06-05 19:38:37,42.4226951599121,-8.87819766998291,"Female"
"9004154",371995,2025-06-05 19:43:38,42.4227981567383,-8.8782434463501,"Female"
"9004154",371995,2025-06-05 19:48:44,42.4225540161133,-8.8781909942627,"Female"
"9004154",371995,2025-06-05 19:53:36,42.4225311279297,-8.87831497192383,"Female"
"9004154",371995,2025-06-05 19:58:40,42.422607421875,-8.87849712371826,"Female"
"9004154",371995,2025-06-05 20:03:40,42.4228744506836,-8.87864398956299,"Female"
"9004154",371995,2025-06-05 20:08:36,42.4230346679688,-8.87846946716309,"Female"
"9004154",371995,2025-06-05 20:13:37,42.422607421875,-8.87856578826904,"Female"
"9004154",371995,2025-06-05 20:18:36,42.4222717285156,-8.87825965881348,"Female"
"9004154",371995,2025-06-05 20:23:37,42.4220390319824,-8.8783130645752,"Female"
"9004154",371995,2025-06-05 20:28:37,42.4223861694336,-8.87822723388672,"Female"
"9004154",371995,2025-06-05 20:33:38,42.4222145080566,-8.87816619873047,"Female"
"9004154",371995,2025-06-05 20:38:38,42.4222450256348,-8.87825965881348,"Female"
"9004154",371995,2025-06-05 20:43:40,42.421817779541,-8.8783130645752,"Female"
"9004154",371995,2025-06-05 20:49:57,42.4221839904785,-8.87846755981445,"Female"
"9004154",371995,2025-06-05 20:53:44,42.4224624633789,-8.87860107421875,"Female"
"9004154",371995,2025-06-05 20:58:33,42.4224395751953,-8.87945556640625,"Female"
"9004154",371995,2025-06-05 21:03:34,42.4227561950684,-8.87838554382324,"Female"
"9004154",371995,2025-06-05 21:08:34,42.4228096008301,-8.87842845916748,"Female"
"9004154",371995,2025-06-05 21:13:34,42.4228134155273,-8.87843036651611,"Female"
"9004154",371995,2025-06-05 21:18:34,42.4227294921875,-8.87841892242432,"Female"
"9004154",371995,2025-06-05 21:23:34,42.4227447509766,-8.87843227386475,"Female"
"9004154",371995,2025-06-05 21:28:36,42.422737121582,-8.87845611572266,"Female"
"9004154",371995,2025-06-05 21:33:36,42.4227485656738,-8.87847232818604,"Female"
"9004154",371995,2025-06-05 21:38:39,42.422664642334,-8.87857818603516,"Female"
"9004154",371995,2025-06-05 21:43:39,42.4226684570312,-8.87855625152588,"Female"
"9004154",371995,2025-06-05 21:49:05,42.4226112365723,-8.87847900390625,"Female"
"9004154",371995,2025-06-05 21:53:40,42.4225387573242,-8.87848091125488,"Female"
"9004154",371995,2025-06-05 21:58:37,42.4225463867188,-8.87841987609863,"Female"
"9004154",371995,2025-06-05 22:03:37,42.4225273132324,-8.87845802307129,"Female"
"9004154",371995,2025-06-05 22:08:47,42.4224319458008,-8.87837028503418,"Female"
"9004154",371995,2025-06-05 22:13:40,42.422435760498,-8.87841892242432,"Female"
"9004154",371995,2025-06-05 22:18:37,42.4224319458008,-8.87839126586914,"Female"
"9004154",371995,2025-06-05 22:23:34,42.4225234985352,-8.87844371795654,"Female"
"9004154",371995,2025-06-05 22:28:34,42.4224739074707,-8.87806701660156,"Female"
"9004154",371995,2025-06-05 22:33:40,42.4226264953613,-8.87810707092285,"Female"
"9004154",371995,2025-06-05 22:38:48,42.4226608276367,-8.87809371948242,"Female"
"9004154",371995,2025-06-05 22:43:38,42.4227294921875,-8.87825679779053,"Female"
"9004154",371995,2025-06-05 22:48:37,42.4227180480957,-8.87898349761963,"Female"
"9004154",371995,2025-06-05 22:53:39,42.4224624633789,-8.87845706939697,"Female"
"9004154",371995,2025-06-05 22:58:44,42.4224815368652,-8.87845993041992,"Female"
"9004154",371995,2025-06-05 23:03:38,42.4224891662598,-8.87856578826904,"Female"
"9004154",371995,2025-06-05 23:08:39,42.4225730895996,-8.87861347198486,"Female"
"9004154",371995,2025-06-05 23:13:39,42.4225578308105,-8.87852954864502,"Female"
"9004154",371995,2025-06-05 23:18:34,42.4225120544434,-8.87856769561768,"Female"
"9004154",371995,2025-06-05 23:23:34,42.4224967956543,-8.87852191925049,"Female"
"9004154",371995,2025-06-05 23:28:34,42.4225578308105,-8.8784704208374,"Female"
"9004154",371995,2025-06-05 23:33:34,42.4225654602051,-8.87854766845703,"Female"
"9004154",371995,2025-06-05 23:38:42,42.4225540161133,-8.8785924911499,"Female"
"9004154",371995,2025-06-05 23:43:34,42.4225311279297,-8.87855052947998,"Female"
"9004154",371995,2025-06-05 23:48:39,42.4226493835449,-8.87862300872803,"Female"
"9004154",371995,2025-06-05 23:53:36,42.4225463867188,-8.87858104705811,"Female"
"9004154",371995,2025-06-05 23:59:14,42.4226036071777,-8.87850666046143,"Female"
"9004154",371995,2025-06-06 00:03:34,42.4225158691406,-8.87843036651611,"Female"
"9004154",371995,2025-06-06 00:08:34,42.4225845336914,-8.87826728820801,"Female"
"9004154",371995,2025-06-06 00:13:37,42.422550201416,-8.87829875946045,"Female"
"9004154",371995,2025-06-06 00:18:34,42.4226341247559,-8.87823390960693,"Female"
"9004154",371995,2025-06-06 00:23:37,42.4226341247559,-8.87833881378174,"Female"
"9004154",371995,2025-06-06 00:28:36,42.4227027893066,-8.87836647033691,"Female"
"9004154",371995,2025-06-06 00:33:37,42.422981262207,-8.87830829620361,"Female"
"9004154",371995,2025-06-06 00:38:38,42.4229125976562,-8.87838649749756,"Female"
"9004154",371995,2025-06-06 00:43:34,42.4227905273438,-8.87843418121338,"Female"
"9004154",371995,2025-06-06 00:49:05,42.4227485656738,-8.8784122467041,"Female"
"9004154",371995,2025-06-06 00:53:34,42.4225921630859,-8.8784008026123,"Female"
"9004154",371995,2025-06-06 00:58:37,42.422607421875,-8.87844371795654,"Female"
"9004154",371995,2025-06-06 01:03:34,42.4226188659668,-8.87847995758057,"Female"
"9004154",371995,2025-06-06 01:08:36,42.4226455688477,-8.87840938568115,"Female"
"9004154",371995,2025-06-06 01:13:34,42.4225654602051,-8.87842655181885,"Female"
"9004154",371995,2025-06-06 01:18:36,42.4225769042969,-8.87837982177734,"Female"
"9004154",371995,2025-06-06 01:23:37,42.4226608276367,-8.87841987609863,"Female"
"9004154",371995,2025-06-06 01:28:34,42.4226341247559,-8.87842273712158,"Female"
"9004154",371995,2025-06-06 01:33:34,42.4225044250488,-8.87840557098389,"Female"
"9004154",371995,2025-06-06 01:38:38,42.4226036071777,-8.87843990325928,"Female"
"9004154",371995,2025-06-06 01:43:37,42.4226722717285,-8.87844181060791,"Female"
"9004154",371995,2025-06-06 01:48:38,42.4227600097656,-8.87841510772705,"Female"
"9004154",371995,2025-06-06 01:53:36,42.4226684570312,-8.87836837768555,"Female"
"9004154",371995,2025-06-06 01:58:39,42.4227600097656,-8.87841606140137,"Female"
"9004154",371995,2025-06-06 02:03:36,42.4228210449219,-8.87841510772705,"Female"
"9004154",371995,2025-06-06 02:09:01,42.4227104187012,-8.87843799591064,"Female"
"9004154",371995,2025-06-06 02:13:36,42.4227447509766,-8.87844562530518,"Female"
"9004154",371995,2025-06-06 02:18:41,42.4225654602051,-8.87847232818604,"Female"
"9004154",371995,2025-06-06 02:23:34,42.4225578308105,-8.87849235534668,"Female"
"9004154",371995,2025-06-06 02:28:36,42.4225654602051,-8.87847232818604,"Female"
"9004154",371995,2025-06-06 02:33:40,42.4225540161133,-8.87843799591064,"Female"
"9004154",371995,2025-06-06 02:38:36,42.4225387573242,-8.87844085693359,"Female"
"9004154",371995,2025-06-06 02:43:37,42.4226570129395,-8.8784236907959,"Female"
"9004154",371995,2025-06-06 02:48:41,42.4226570129395,-8.87845134735107,"Female"
"9004154",371995,2025-06-06 02:53:39,42.4227333068848,-8.87840938568115,"Female"
"9004154",371995,2025-06-06 02:58:40,42.4226875305176,-8.87843894958496,"Female"
"9004154",371995,2025-06-06 03:03:39,42.4226303100586,-8.8784351348877,"Female"
"9004154",371995,2025-06-06 03:08:37,42.4226913452148,-8.87839794158936,"Female"
"9004154",371995,2025-06-06 03:13:36,42.4225234985352,-8.87838554382324,"Female"
"9004154",371995,2025-06-06 03:18:36,42.4227142333984,-8.87841415405273,"Female"
"9004154",371995,2025-06-06 03:23:43,42.4224815368652,-8.87846660614014,"Female"
"9004154",371995,2025-06-06 03:28:36,42.4226264953613,-8.87843036651611,"Female"
"9004154",371995,2025-06-06 03:33:38,42.4223175048828,-8.87840366363525,"Female"
"9004154",371995,2025-06-06 03:38:34,42.4223365783691,-8.87840366363525,"Female"
"9004154",371995,2025-06-06 03:43:37,42.4224472045898,-8.87837600708008,"Female"
"9004154",371995,2025-06-06 03:48:44,42.4227561950684,-8.87844848632812,"Female"
"9004154",371995,2025-06-06 03:53:38,42.422779083252,-8.87842178344727,"Female"
"9004154",371995,2025-06-06 03:58:45,42.4226226806641,-8.87851428985596,"Female"
"9004154",371995,2025-06-06 04:03:34,42.4227752685547,-8.87844848632812,"Female"
"9004154",371995,2025-06-06 04:08:36,42.4224166870117,-8.87852668762207,"Female"
"9004154",371995,2025-06-06 04:13:36,42.4223175048828,-8.87851810455322,"Female"
"9004154",371995,2025-06-06 04:18:34,42.4227561950684,-8.87854480743408,"Female"
"9004154",371995,2025-06-06 04:23:39,42.422737121582,-8.87881088256836,"Female"
"9004154",371995,2025-06-06 04:28:34,42.4223175048828,-8.87838840484619,"Female"
"9004154",371995,2025-06-06 04:33:38,42.422737121582,-8.87859630584717,"Female"
"9004154",371995,2025-06-06 04:38:34,42.4226913452148,-8.87865161895752,"Female"
"9004154",371995,2025-06-06 04:43:34,42.422737121582,-8.87872982025146,"Female"
"9004154",371995,2025-06-06 04:48:36,42.4227180480957,-8.8804874420166,"Female"
"9004154",371995,2025-06-06 04:53:36,42.4235343933105,-8.87878799438477,"Female"
"9004154",371995,2025-06-06 04:58:38,42.4232559204102,-8.87883472442627,"Female"
"9004154",371995,2025-06-06 05:03:40,42.4231376647949,-8.87838649749756,"Female"
"9004154",371995,2025-06-06 05:08:36,42.4225540161133,-8.87863636016846,"Female"
"9004154",371995,2025-06-06 05:13:37,42.4224014282227,-8.87871265411377,"Female"
"9004154",371995,2025-06-06 05:18:34,42.4229698181152,-8.88080787658691,"Female"
"9004154",371995,2025-06-06 05:23:34,42.4236755371094,-8.88207149505615,"Female"
"9004154",371995,2025-06-06 05:28:34,42.4236640930176,-8.88211250305176,"Female"
"9004154",371995,2025-06-06 05:33:34,42.4237098693848,-8.88199615478516,"Female"
"9004154",371995,2025-06-06 05:38:36,42.423656463623,-8.88223648071289,"Female"
"9004154",371995,2025-06-06 05:43:34,42.4237213134766,-8.88208675384521,"Female"
"9004154",371995,2025-06-06 05:48:34,42.4237174987793,-8.88193988800049,"Female"
"9004154",371995,2025-06-06 05:53:34,42.4237327575684,-8.88196849822998,"Female"
"9004154",371995,2025-06-06 05:58:34,42.423828125,-8.88193607330322,"Female"
"9004154",371995,2025-06-06 06:03:34,42.4238548278809,-8.88198661804199,"Female"
"9004154",371995,2025-06-06 06:08:34,42.4237899780273,-8.88183784484863,"Female"
"9004154",371995,2025-06-06 06:13:34,42.4238471984863,-8.88192939758301,"Female"
"9004154",371995,2025-06-06 06:18:34,42.4237823486328,-8.88182926177979,"Female"
"9004154",371995,2025-06-06 06:23:34,42.4238777160645,-8.88185024261475,"Female"
"9004154",371995,2025-06-06 06:28:34,42.4237823486328,-8.88192749023438,"Female"
"9004154",371995,2025-06-06 06:33:34,42.4238510131836,-8.88187503814697,"Female"
"9004154",371995,2025-06-06 06:39:05,42.4238548278809,-8.88187408447266,"Female"
"9004154",371995,2025-06-06 06:43:34,42.4238815307617,-8.88185882568359,"Female"
"9004154",371995,2025-06-06 06:48:34,42.4239730834961,-8.88183975219727,"Female"
"9004154",371995,2025-06-06 06:53:34,42.4239501953125,-8.8819408416748,"Female"
"9004154",371995,2025-06-06 06:58:33,42.4372100830078,-8.87786388397217,"Female"
"9004154",371995,2025-06-06 07:03:44,42.4425811767578,-8.87621688842773,"Female"
"9004154",371995,2025-06-06 07:08:48,42.4430541992188,-8.87872695922852,"Female"
"9004154",371995,2025-06-06 07:14:43,42.4445991516113,-8.87977027893066,"Female"
"9004154",371995,2025-06-06 07:20:53,42.4465141296387,-8.87886524200439,"Female"
"9004154",371995,2025-06-06 07:25:54,42.454174041748,-8.89528656005859,"Female"
"9004154",371995,2025-06-06 07:31:34,42.4614868164062,-8.91143989562988,"Female"
"9004154",371995,2025-06-06 07:39:19,42.4616432189941,-8.91306018829346,"Female"
"9004154",371995,2025-06-06 07:46:08,42.4617233276367,-8.91311073303223,"Female"
"9004154",371995,2025-06-06 07:53:48,42.4618110656738,-8.91371917724609,"Female"
"9004154",371995,2025-06-06 07:58:46,42.4614295959473,-8.91349029541016,"Female"
"9004154",371995,2025-06-06 08:04:45,42.461841583252,-8.91266536712646,"Female"
"9004154",371995,2025-06-06 08:14:52,42.4595260620117,-8.90528297424316,"Female"
"9004154",371995,2025-06-06 08:20:14,42.4595756530762,-8.90527725219727,"Female"
"9004154",371995,2025-06-06 08:24:52,42.4595222473145,-8.90533065795898,"Female"
"9004154",371995,2025-06-06 08:29:52,42.4595565795898,-8.90538501739502,"Female"
"9004154",371995,2025-06-06 08:34:52,42.459545135498,-8.90538215637207,"Female"
"9004154",371995,2025-06-06 08:39:52,42.4594764709473,-8.90536022186279,"Female"
"9004154",371995,2025-06-06 08:44:52,42.459587097168,-8.9054536819458,"Female"
"9004154",371995,2025-06-06 08:49:52,42.4594802856445,-8.90523624420166,"Female"
"9004154",371995,2025-06-06 08:54:53,42.4594230651855,-8.90548419952393,"Female"
"9004154",371995,2025-06-06 08:59:52,42.4595756530762,-8.90542316436768,"Female"
"9004154",371995,2025-06-06 09:04:52,42.4594688415527,-8.90538215637207,"Female"
"9004154",371995,2025-06-06 09:09:52,42.4595413208008,-8.90541553497314,"Female"
"9004154",371995,2025-06-06 09:14:52,42.459545135498,-8.90527820587158,"Female"
"9004154",371995,2025-06-06 09:19:52,42.4595642089844,-8.90536212921143,"Female"
"9004154",371995,2025-06-06 09:29:37,42.4616889953613,-8.91409683227539,"Female"
"9004154",371995,2025-06-06 09:34:39,42.4618721008301,-8.91349506378174,"Female"
"9004154",371995,2025-06-06 09:44:21,42.4612045288086,-8.91326427459717,"Female"
"9004154",371995,2025-06-06 09:49:31,42.4615516662598,-8.91286659240723,"Female"
"9004154",371995,2025-06-06 09:56:12,42.4620056152344,-8.91208267211914,"Female"
"9004154",371995,2025-06-06 10:03:45,42.4617958068848,-8.91050624847412,"Female"
"9004154",371995,2025-06-06 10:08:46,42.459545135498,-8.90516471862793,"Female"
"9004154",371995,2025-06-06 10:13:44,42.4596862792969,-8.905198097229,"Female"
"9004154",371995,2025-06-06 10:18:44,42.4596481323242,-8.90522956848145,"Female"
"9004154",371995,2025-06-06 10:24:05,42.4595489501953,-8.90523815155029,"Female"
"9004154",371995,2025-06-06 10:28:44,42.459358215332,-8.90525054931641,"Female"
"9004154",371995,2025-06-06 10:33:44,42.4593849182129,-8.90523338317871,"Female"
"9004154",371995,2025-06-06 10:38:44,42.4595565795898,-8.90523815155029,"Female"
"9004154",371995,2025-06-06 10:43:44,42.4593391418457,-8.90518856048584,"Female"
"9004154",371995,2025-06-06 10:48:44,42.4592895507812,-8.905198097229,"Female"
"9004154",371995,2025-06-06 10:53:44,42.4592742919922,-8.90518379211426,"Female"
"9004154",371995,2025-06-06 10:58:44,42.4592475891113,-8.90520095825195,"Female"
"9004154",371995,2025-06-06 11:03:44,42.4592552185059,-8.90522480010986,"Female"
"9004154",371995,2025-06-06 11:08:44,42.459285736084,-8.90522575378418,"Female"
"9004154",371995,2025-06-06 11:13:44,42.4592475891113,-8.90518856048584,"Female"
"9004154",371995,2025-06-06 11:18:44,42.4591789245605,-8.90519905090332,"Female"
"9004154",371995,2025-06-06 11:23:44,42.4594383239746,-8.90516471862793,"Female"
"9004154",371995,2025-06-06 11:28:43,42.4592781066895,-8.90526008605957,"Female"
"9004154",371995,2025-06-06 11:33:44,42.4593963623047,-8.90511608123779,"Female"
"9004154",371995,2025-06-06 11:38:44,42.4594268798828,-8.90501976013184,"Female"
"9004154",371995,2025-06-06 11:43:44,42.4593276977539,-8.90512657165527,"Female"
"9004154",371995,2025-06-06 11:48:43,42.4592475891113,-8.90514278411865,"Female"
"9004154",371995,2025-06-06 11:53:44,42.4595031738281,-8.90511131286621,"Female"
"9004154",371995,2025-06-06 11:58:44,42.4595527648926,-8.90511512756348,"Female"
"9004154",371995,2025-06-06 12:04:25,42.4611930847168,-8.91313362121582,"Female"
"9004154",371995,2025-06-06 12:18:43,42.4619636535645,-8.91273593902588,"Female"
"9004154",371995,2025-06-06 12:24:55,42.4621086120605,-8.91247463226318,"Female"
"9004154",371995,2025-06-06 12:31:46,42.4620094299316,-8.91243553161621,"Female"
"9004154",371995,2025-06-06 12:39:18,42.4618530273438,-8.91217708587646,"Female"
"9004154",371995,2025-06-06 12:46:08,42.461856842041,-8.91052055358887,"Female"
"9004154",371995,2025-06-06 12:51:00,42.4616508483887,-8.91047763824463,"Female"
"9004154",371995,2025-06-06 12:59:49,42.461124420166,-8.91092014312744,"Female"
"9004154",371995,2025-06-06 13:04:50,42.4613571166992,-8.91090393066406,"Female"
"9004154",371995,2025-06-06 13:11:39,42.4611015319824,-8.9096851348877,"Female"
"9004154",371995,2025-06-06 13:17:05,42.4595718383789,-8.90505218505859,"Female"
"9004154",371995,2025-06-06 13:21:38,42.4595642089844,-8.90507411956787,"Female"
"9004154",371995,2025-06-06 13:26:38,42.4595794677734,-8.90504741668701,"Female"
"9004154",371995,2025-06-06 13:31:39,42.4595642089844,-8.90510082244873,"Female"
"9004154",371995,2025-06-06 13:36:39,42.4595794677734,-8.90504837036133,"Female"
"9004154",371995,2025-06-06 13:41:39,42.4595603942871,-8.90506935119629,"Female"
"9004154",371995,2025-06-06 13:46:39,42.459545135498,-8.9050350189209,"Female"
"9004154",371995,2025-06-06 13:51:40,42.4596290588379,-8.90506172180176,"Female"
"9004154",371995,2025-06-06 13:56:39,42.4596252441406,-8.90506744384766,"Female"
"9004154",371995,2025-06-06 14:01:39,42.4596519470215,-8.90506267547607,"Female"
"9004154",371995,2025-06-06 14:06:39,42.459602355957,-8.90507507324219,"Female"
"9004154",371995,2025-06-06 14:11:39,42.4596405029297,-8.90511512756348,"Female"
"9004154",371995,2025-06-06 14:16:39,42.4596519470215,-8.90512752532959,"Female"
"9004154",371995,2025-06-06 14:21:39,42.459831237793,-8.90485382080078,"Female"
"9004154",371995,2025-06-06 14:26:39,42.4596748352051,-8.90513515472412,"Female"
"9004154",371995,2025-06-06 14:31:39,42.4596214294434,-8.90514850616455,"Female"
"9004154",371995,2025-06-06 14:36:39,42.4596290588379,-8.9051513671875,"Female"
"9004154",371995,2025-06-06 14:41:39,42.4596176147461,-8.90522480010986,"Female"
"9004154",371995,2025-06-06 14:46:39,42.4596672058105,-8.90513896942139,"Female"
"9004154",371995,2025-06-06 14:51:39,42.4596099853516,-8.90521812438965,"Female"
"9004154",371995,2025-06-06 14:56:39,42.4595909118652,-8.90513801574707,"Female"
"9004154",371995,2025-06-06 15:01:38,42.4596900939941,-8.90514278411865,"Female"
"9004154",371995,2025-06-06 15:06:39,42.4596138000488,-8.90522956848145,"Female"
"9004154",371995,2025-06-06 15:11:38,42.459545135498,-8.90526866912842,"Female"
"9004154",371995,2025-06-06 15:16:38,42.4595642089844,-8.90524959564209,"Female"
"9004154",371995,2025-06-06 15:21:38,42.4595718383789,-8.90517234802246,"Female"
"9004154",371995,2025-06-06 15:26:38,42.459602355957,-8.90524482727051,"Female"
"9004154",371995,2025-06-06 15:32:14,42.4610748291016,-8.90912246704102,"Female"
"9004154",371995,2025-06-06 15:39:38,42.4617576599121,-8.90992259979248,"Female"
"9004154",371995,2025-06-06 15:51:22,42.4618110656738,-8.91190624237061,"Female"
"9004154",371995,2025-06-06 15:55:36,42.461727142334,-8.91281604766846,"Female"
"9004154",371995,2025-06-06 16:01:28,42.4617042541504,-8.91268157958984,"Female"
"9004154",371995,2025-06-06 16:06:22,42.4612197875977,-8.91336345672607,"Female"
"9004154",371995,2025-06-06 16:16:23,42.461555480957,-8.91249942779541,"Female"
"9004154",371995,2025-06-06 16:22:22,42.4610176086426,-8.9115161895752,"Female"
"9004154",371995,2025-06-06 16:27:57,42.4607162475586,-8.91063785552979,"Female"
"9004154",371995,2025-06-06 16:32:57,42.4605102539062,-8.91006755828857,"Female"
"9004154",371995,2025-06-06 16:37:57,42.4603958129883,-8.90970230102539,"Female"
"9004154",371995,2025-06-06 16:42:58,42.4577140808105,-8.90259647369385,"Female"
"9004154",371995,2025-06-06 16:47:58,42.4576644897461,-8.90254211425781,"Female"
"9004154",371995,2025-06-06 16:52:57,42.4577903747559,-8.90265464782715,"Female"
"9004154",371995,2025-06-06 16:57:57,42.4577369689941,-8.90265369415283,"Female"
"9004154",371995,2025-06-06 17:02:57,42.4577827453613,-8.90264987945557,"Female"
"9004154",371995,2025-06-06 17:07:57,42.4577941894531,-8.9026517868042,"Female"
"9004154",371995,2025-06-06 17:12:59,42.4578170776367,-8.90254497528076,"Female"
"9004154",371995,2025-06-06 17:18:05,42.4577560424805,-8.90265655517578,"Female"
"9004154",371995,2025-06-06 17:22:58,42.4577980041504,-8.90271854400635,"Female"
"9004154",371995,2025-06-06 17:27:57,42.4577980041504,-8.90259456634521,"Female"
"9004154",371995,2025-06-06 17:32:57,42.4578056335449,-8.90262508392334,"Female"
"9004154",371995,2025-06-06 17:37:57,42.4578704833984,-8.90257453918457,"Female"
"9004154",371995,2025-06-06 17:42:57,42.4578552246094,-8.90258026123047,"Female"
"9004154",371995,2025-06-06 17:47:57,42.4579467773438,-8.90237903594971,"Female"
"9004154",371995,2025-06-06 17:53:05,42.4581909179688,-8.90190696716309,"Female"
"9004154",371995,2025-06-06 17:57:58,42.457820892334,-8.90200805664062,"Female"
"9004154",371995,2025-06-06 18:03:41,42.4595336914062,-8.89938163757324,"Female"
"9004154",371995,2025-06-06 18:09:57,42.4597930908203,-8.90019226074219,"Female"
"9004154",371995,2025-06-06 18:17:55,42.4597969055176,-8.89920330047607,"Female"
"9004154",371995,2025-06-06 18:34:36,42.4586067199707,-8.89583110809326,"Female"
"9004154",371995,2025-06-06 18:47:13,42.4578971862793,-8.89346313476562,"Female"
"9004154",371995,2025-06-06 18:52:52,42.4572410583496,-8.89614391326904,"Female"
"9004154",371995,2025-06-06 18:58:15,42.4567489624023,-8.89370918273926,"Female"
"9004154",371995,2025-06-06 19:07:48,42.4554138183594,-8.89256763458252,"Female"
"9004154",371995,2025-06-06 19:12:39,42.4360160827637,-8.88135528564453,"Female"
"9004154",371995,2025-06-06 19:17:55,42.4226608276367,-8.87799835205078,"Female"
"9004154",371995,2025-06-06 19:22:40,42.4225273132324,-8.87850761413574,"Female"
"9004154",371995,2025-06-06 19:27:40,42.4224281311035,-8.87867450714111,"Female"
"9004154",371995,2025-06-06 19:32:40,42.4217796325684,-8.87519359588623,"Female"
"9004154",371995,2025-06-06 19:38:10,42.4226913452148,-8.87854862213135,"Female"
"9004154",371995,2025-06-06 19:42:38,42.422664642334,-8.87845516204834,"Female"
"9004154",371995,2025-06-06 19:47:42,42.4228286743164,-8.87837886810303,"Female"
"9004154",371995,2025-06-06 19:52:38,42.4225120544434,-8.87862205505371,"Female"
"9004154",371995,2025-06-06 19:57:39,42.4224433898926,-8.87864112854004,"Female"
"9004154",371995,2025-06-06 20:02:40,42.4228019714355,-8.87852668762207,"Female"
"9004154",371995,2025-06-06 20:07:39,42.4221839904785,-8.87917995452881,"Female"
"9004154",371995,2025-06-06 20:12:38,42.4224815368652,-8.87984085083008,"Female"
"9004154",371995,2025-06-06 20:17:38,42.4223976135254,-8.87896728515625,"Female"
"9004154",371995,2025-06-06 20:22:40,42.4225158691406,-8.87978649139404,"Female"
"9004154",371995,2025-06-06 20:27:40,42.4222717285156,-8.87964057922363,"Female"
"9004154",371995,2025-06-06 20:33:07,42.4216957092285,-8.87838840484619,"Female"
"9004154",371995,2025-06-06 20:37:43,42.4218215942383,-8.87845706939697,"Female"
"9004154",371995,2025-06-06 20:42:46,42.4219627380371,-8.87844753265381,"Female"
"9004154",371995,2025-06-06 20:47:38,42.4219703674316,-8.87909412384033,"Female"
"9004154",371995,2025-06-06 20:52:39,42.4221534729004,-8.87894916534424,"Female"
"9004154",371995,2025-06-06 20:57:38,42.4223289489746,-8.87884998321533,"Female"
"9004154",371995,2025-06-06 21:02:38,42.4221992492676,-8.87882900238037,"Female"
"9004154",371995,2025-06-06 21:07:39,42.4223365783691,-8.8788366317749,"Female"
"9004154",371995,2025-06-06 21:12:39,42.4221153259277,-8.87866592407227,"Female"
"9004154",371995,2025-06-06 21:17:38,42.4222602844238,-8.87858772277832,"Female"
"9004154",371995,2025-06-06 21:22:43,42.4221076965332,-8.87870502471924,"Female"
"9004154",371995,2025-06-06 21:27:39,42.4222869873047,-8.87847805023193,"Female"
"9004154",371995,2025-06-06 21:32:42,42.4224319458008,-8.87834739685059,"Female"
"9004154",371995,2025-06-06 21:37:40,42.4224586486816,-8.87824249267578,"Female"
"9004154",371995,2025-06-06 21:42:41,42.422534942627,-8.87812042236328,"Female"
"9004154",371995,2025-06-06 21:48:05,42.4225654602051,-8.87845516204834,"Female"
"9004154",371995,2025-06-06 21:52:48,42.4226303100586,-8.87847423553467,"Female"
"9004154",371995,2025-06-06 21:58:11,42.4226913452148,-8.87846088409424,"Female"
"9004154",371995,2025-06-06 22:02:38,42.4224891662598,-8.87859439849854,"Female"
"9004154",371995,2025-06-06 22:07:37,42.4223899841309,-8.87861633300781,"Female"
"9004154",371995,2025-06-06 22:12:39,42.4225158691406,-8.87853527069092,"Female"
"9004154",371995,2025-06-06 22:17:42,42.4225158691406,-8.87849998474121,"Female"
"9004154",371995,2025-06-06 22:22:45,42.4225845336914,-8.87836837768555,"Female"
"9004154",371995,2025-06-06 22:27:42,42.4224853515625,-8.87860584259033,"Female"
"9004154",371995,2025-06-06 22:32:40,42.4224853515625,-8.87843322753906,"Female"
"9004154",371995,2025-06-06 22:37:38,42.4226226806641,-8.87850189208984,"Female"
"9004154",371995,2025-06-06 22:42:38,42.4224319458008,-8.87836647033691,"Female"
"9004154",371995,2025-06-06 22:48:05,42.4226875305176,-8.87843894958496,"Female"
"9004154",371995,2025-06-06 22:52:53,42.4226875305176,-8.87837409973145,"Female"
"9004154",371995,2025-06-06 22:57:40,42.4226264953613,-8.87839984893799,"Female"
"9004154",371995,2025-06-06 23:02:38,42.4226684570312,-8.87841415405273,"Female"
"9004154",371995,2025-06-06 23:07:40,42.422492980957,-8.87841987609863,"Female"
"9004154",371995,2025-06-06 23:12:39,42.4224243164062,-8.87847137451172,"Female"
"9004154",371995,2025-06-06 23:17:41,42.422191619873,-8.87875938415527,"Female"
"9004154",371995,2025-06-06 23:22:43,42.4225807189941,-8.8784122467041,"Female"
"9004154",371995,2025-06-06 23:27:38,42.4226150512695,-8.87866020202637,"Female"
"9004154",371995,2025-06-06 23:32:37,42.4225921630859,-8.87852096557617,"Female"
"9004154",371995,2025-06-06 23:37:39,42.4225845336914,-8.87845420837402,"Female"
"9004154",371995,2025-06-06 23:42:40,42.4224624633789,-8.87845802307129,"Female"
"9004154",371995,2025-06-06 23:47:39,42.4224281311035,-8.87843322753906,"Female"
"9004154",371995,2025-06-06 23:52:42,42.4224243164062,-8.8784122467041,"Female"
"9004154",371995,2025-06-06 23:57:39,42.4224319458008,-8.87840938568115,"Female"
"9004154",371995,2025-06-07 00:02:39,42.4224586486816,-8.87847328186035,"Female"
"9004154",371995,2025-06-07 00:07:40,42.4225616455078,-8.87842464447021,"Female"
"9004154",371995,2025-06-07 00:12:39,42.4226570129395,-8.87841701507568,"Female"
"9004154",371995,2025-06-07 00:17:39,42.422550201416,-8.87845611572266,"Female"
"9004154",371995,2025-06-07 00:22:39,42.4227027893066,-8.87847232818604,"Female"
"9004154",371995,2025-06-07 00:27:43,42.4226760864258,-8.87844276428223,"Female"
"9004154",371995,2025-06-07 00:32:42,42.4228401184082,-8.87847995758057,"Female"
"9004154",371995,2025-06-07 00:37:46,42.4226608276367,-8.87846660614014,"Female"
"9004154",371995,2025-06-07 00:42:43,42.4226188659668,-8.878493309021,"Female"
"9004154",371995,2025-06-07 00:47:45,42.4227409362793,-8.87851333618164,"Female"
"9004154",371995,2025-06-07 00:52:41,42.4226188659668,-8.87852191925049,"Female"
"9004154",371995,2025-06-07 00:58:14,42.4228706359863,-8.8785228729248,"Female"
"9004154",371995,2025-06-07 01:02:39,42.4228439331055,-8.87864303588867,"Female"
"9004154",371995,2025-06-07 01:07:40,42.4229850769043,-8.87870788574219,"Female"
"9004154",371995,2025-06-07 01:12:41,42.4226379394531,-8.87875270843506,"Female"
"9004154",371995,2025-06-07 01:17:41,42.4228477478027,-8.87851333618164,"Female"
"9004154",371995,2025-06-07 01:22:41,42.4227676391602,-8.87861156463623,"Female"
"9004154",371995,2025-06-07 01:27:42,42.4226036071777,-8.87860870361328,"Female"
"9004154",371995,2025-06-07 01:32:42,42.4228858947754,-8.87872886657715,"Female"
"9004154",371995,2025-06-07 01:37:41,42.4228553771973,-8.87845706939697,"Female"
"9004154",371995,2025-06-07 01:42:46,42.4227256774902,-8.87850856781006,"Female"
"9004154",371995,2025-06-07 01:48:05,42.4227752685547,-8.87847232818604,"Female"
"9004154",371995,2025-06-07 01:52:40,42.4229469299316,-8.87724590301514,"Female"
"9004154",371995,2025-06-07 01:57:48,42.4226493835449,-8.87842082977295,"Female"
"9004154",371995,2025-06-07 02:02:41,42.4225883483887,-8.8791389465332,"Female"
"9004154",371995,2025-06-07 02:07:45,42.4227523803711,-8.87846660614014,"Female"
"9004154",371995,2025-06-07 02:12:41,42.4230613708496,-8.87632274627686,"Female"
"9004154",371995,2025-06-07 02:17:40,42.4228248596191,-8.87774848937988,"Female"
"9004154",371995,2025-06-07 02:22:39,42.4227905273438,-8.87805652618408,"Female"
"9004154",371995,2025-06-07 02:27:38,42.422737121582,-8.87814807891846,"Female"
"9004154",371995,2025-06-07 02:32:39,42.4226608276367,-8.87826633453369,"Female"
"9004154",371995,2025-06-07 02:37:43,42.4227638244629,-8.87837600708008,"Female"
"9004154",371995,2025-06-07 02:42:48,42.4227180480957,-8.87840557098389,"Female"
"9004154",371995,2025-06-07 02:47:39,42.4227447509766,-8.87810516357422,"Female"
"9004154",371995,2025-06-07 02:52:43,42.4227752685547,-8.87843894958496,"Female"
"9004154",371995,2025-06-07 02:57:48,42.4227104187012,-8.87838363647461,"Female"
"9004154",371995,2025-06-07 03:02:48,42.4228591918945,-8.8785285949707,"Female"
"9004154",371995,2025-06-07 03:07:48,42.4227676391602,-8.87844371795654,"Female"
"9004154",371995,2025-06-07 03:12:48,42.4225845336914,-8.87844753265381,"Female"
"9004154",371995,2025-06-07 03:17:48,42.422779083252,-8.87854766845703,"Female"
"9004154",371995,2025-06-07 03:22:45,42.4227485656738,-8.87851810455322,"Female"
"9004154",371995,2025-06-07 03:27:54,42.4225425720215,-8.87858772277832,"Female"
"9004154",371995,2025-06-07 03:32:48,42.4229850769043,-8.87859916687012,"Female"
"9004154",371995,2025-06-07 03:37:46,42.4229011535645,-8.87855625152588,"Female"
"9004154",371995,2025-06-07 03:43:13,42.4231491088867,-8.87851333618164,"Female"
"9004154",371995,2025-06-07 03:47:47,42.4227561950684,-8.87856197357178,"Female"
"9004154",371995,2025-06-07 03:52:39,42.4223175048828,-8.87898635864258,"Female"
"9004154",371995,2025-06-07 03:57:38,42.4221992492676,-8.87904453277588,"Female"
"9004154",371995,2025-06-07 04:02:38,42.4225196838379,-8.87867546081543,"Female"
"9004154",371995,2025-06-07 04:07:39,42.4227561950684,-8.87845325469971,"Female"
"9004154",371995,2025-06-07 04:12:48,42.4225730895996,-8.87851428985596,"Female"
"9004154",371995,2025-06-07 04:17:41,42.4225120544434,-8.87867546081543,"Female"
"9004154",371995,2025-06-07 04:22:41,42.4224281311035,-8.87842750549316,"Female"
"9004154",371995,2025-06-07 04:27:39,42.4223327636719,-8.87839317321777,"Female"
"9004154",371995,2025-06-07 04:32:56,42.4223518371582,-8.87869071960449,"Female"
"9004154",371995,2025-06-07 04:37:41,42.4229888916016,-8.87815856933594,"Female"
"9004154",371995,2025-06-07 04:42:45,42.4231910705566,-8.87870311737061,"Female"
"9004154",371995,2025-06-07 04:48:05,42.422721862793,-8.8786096572876,"Female"
"9004154",371995,2025-06-07 04:52:42,42.4207496643066,-8.87553596496582,"Female"
"9004154",371995,2025-06-07 04:57:48,42.4223976135254,-8.87858772277832,"Female"
"9004154",371995,2025-06-07 05:02:41,42.423641204834,-8.88034152984619,"Female"
"9004154",371995,2025-06-07 05:07:52,42.4225463867188,-8.87843704223633,"Female"
"9004154",371995,2025-06-07 05:12:38,42.4225921630859,-8.87807178497314,"Female"
"9004154",371995,2025-06-07 05:17:48,42.4227752685547,-8.87824440002441,"Female"
"9004154",371995,2025-06-07 05:22:38,42.4228782653809,-8.87879276275635,"Female"
"9004154",371995,2025-06-07 05:27:46,42.4225463867188,-8.87828922271729,"Female"
"9004154",371995,2025-06-07 05:32:43,42.4225616455078,-8.87834739685059,"Female"
"9004154",371995,2025-06-07 05:37:43,42.4227561950684,-8.87827205657959,"Female"
"9004154",371995,2025-06-07 05:42:49,42.4225463867188,-8.87831878662109,"Female"
"9004154",371995,2025-06-07 05:47:39,42.4229164123535,-8.87817573547363,"Female"
"9004154",371995,2025-06-07 05:52:38,42.4228820800781,-8.87811470031738,"Female"
"9004154",371995,2025-06-07 05:57:38,42.4226837158203,-8.87815093994141,"Female"
"9004154",371995,2025-06-07 06:02:38,42.4228019714355,-8.87813186645508,"Female"
"9004154",371995,2025-06-07 06:07:38,42.4225921630859,-8.87836837768555,"Female"
"9004154",371995,2025-06-07 06:12:48,42.4208106994629,-8.87734127044678,"Female"
"9004154",371995,2025-06-07 06:17:38,42.4438247680664,-8.87801074981689,"Female"
"9004154",371995,2025-06-07 06:22:38,42.4450073242188,-8.87704277038574,"Female"
"9004154",371995,2025-06-07 06:27:39,42.4459114074707,-8.87800407409668,"Female"
"9004154",371995,2025-06-07 06:32:40,42.4492073059082,-8.87986183166504,"Female"
"9004154",371995,2025-06-07 06:37:38,42.4501113891602,-8.8806209564209,"Female"
"9004154",371995,2025-06-07 06:42:38,42.4513282775879,-8.88437747955322,"Female"
"9004154",371995,2025-06-07 06:47:38,42.4549026489258,-8.88866233825684,"Female"
"9004154",371995,2025-06-07 06:54:54,42.4548950195312,-8.89015483856201,"Female"
"9004154",371995,2025-06-07 06:59:51,42.455680847168,-8.88936614990234,"Female"
"9004154",371995,2025-06-07 07:09:03,42.4561729431152,-8.88661098480225,"Female"
"9004154",371995,2025-06-07 07:14:32,42.4555549621582,-8.88661098480225,"Female"
"9004154",371995,2025-06-07 07:19:29,42.4568786621094,-8.88922882080078,"Female"
"9004154",371995,2025-06-07 07:24:25,42.456859588623,-8.88872814178467,"Female"
"9004154",371995,2025-06-07 07:29:37,42.4561347961426,-8.88804244995117,"Female"
"9004154",371995,2025-06-07 07:34:23,42.4571228027344,-8.89290523529053,"Female"
"9004154",371995,2025-06-07 07:39:25,42.4564094543457,-8.88755893707275,"Female"
"9004154",371995,2025-06-07 07:44:41,42.4566764831543,-8.89105033874512,"Female"
"9004154",371995,2025-06-07 07:49:21,42.4566764831543,-8.89148712158203,"Female"
"9004154",371995,2025-06-07 07:54:25,42.4567451477051,-8.89241027832031,"Female"
"9004154",371995,2025-06-07 07:59:21,42.4568786621094,-8.89151096343994,"Female"
"9004154",371995,2025-06-07 08:04:21,42.4566917419434,-8.8919563293457,"Female"
"9004154",371995,2025-06-07 08:09:20,42.4546241760254,-8.88993549346924,"Female"
"9004154",371995,2025-06-07 08:14:21,42.4556350708008,-8.8895206451416,"Female"
"9004154",371995,2025-06-07 08:19:20,42.4569778442383,-8.90452003479004,"Female"
"9004154",371995,2025-06-07 08:24:20,42.46044921875,-8.90962409973145,"Female"
"9004154",371995,2025-06-07 08:29:20,42.4606513977051,-8.91179275512695,"Female"
"9004154",371995,2025-06-07 08:34:20,42.4609870910645,-8.9125919342041,"Female"
"9004154",371995,2025-06-07 08:39:21,42.4601020812988,-8.91120147705078,"Female"
"9004154",371995,2025-06-07 08:44:33,42.4603576660156,-8.9085693359375,"Female"
"9004154",371995,2025-06-07 08:49:34,42.458667755127,-8.9033374786377,"Female"
"9004154",371995,2025-06-07 08:54:32,42.4582023620605,-8.90293598175049,"Female"
"9004154",371995,2025-06-07 08:59:32,42.458251953125,-8.90312004089355,"Female"
"9004154",371995,2025-06-07 09:04:32,42.4581565856934,-8.90291404724121,"Female"
"9004154",371995,2025-06-07 09:09:34,42.4581985473633,-8.90297412872314,"Female"
"9004154",371995,2025-06-07 09:14:32,42.4584770202637,-8.90324974060059,"Female"
"9004154",371995,2025-06-07 09:19:33,42.4584693908691,-8.90320587158203,"Female"
"9004154",371995,2025-06-07 09:24:36,42.4587059020996,-8.90316772460938,"Female"
"9004154",371995,2025-06-07 09:29:32,42.4531784057617,-8.89311790466309,"Female"
"9004154",371995,2025-06-07 09:34:40,42.448860168457,-8.88336277008057,"Female"
"9004154",371995,2025-06-07 09:39:34,42.4469680786133,-8.88219356536865,"Female"
"9004154",371995,2025-06-07 09:51:33,42.4477157592773,-8.88093566894531,"Female"
"9004154",371995,2025-06-07 09:56:31,42.4474487304688,-8.87927722930908,"Female"
"9004154",371995,2025-06-07 10:01:35,42.4472770690918,-8.87875461578369,"Female"
"9004154",371995,2025-06-07 10:06:31,42.4371910095215,-8.87743473052979,"Female"
"9004154",371995,2025-06-07 10:11:30,42.4369812011719,-8.87818050384521,"Female"
"9004154",371995,2025-06-07 10:16:30,42.437141418457,-8.87745189666748,"Female"
"9004154",371995,2025-06-07 10:21:30,42.4370498657227,-8.87762832641602,"Female"
"9004154",371995,2025-06-07 10:26:34,42.4369354248047,-8.87732696533203,"Female"
"9004154",371995,2025-06-07 10:31:44,42.4372749328613,-8.87752437591553,"Female"
"9004154",371995,2025-06-07 10:36:31,42.437255859375,-8.877610206604,"Female"
"9004154",371995,2025-06-07 10:41:30,42.4372215270996,-8.87762832641602,"Female"
"9004154",371995,2025-06-07 10:46:30,42.4373779296875,-8.8774471282959,"Female"
"9004154",371995,2025-06-07 10:51:30,42.437328338623,-8.87743377685547,"Female"
"9004154",371995,2025-06-07 10:56:30,42.4373550415039,-8.87749767303467,"Female"
"9004154",371995,2025-06-07 11:01:30,42.4374008178711,-8.87770652770996,"Female"
"9004154",371995,2025-06-07 11:06:30,42.4373741149902,-8.87754154205322,"Female"
"9004154",371995,2025-06-07 11:11:30,42.4481887817383,-8.88182830810547,"Female"
"9004154",371995,2025-06-07 11:17:21,42.4499893188477,-8.88215827941895,"Female"
"9004154",371995,2025-06-07 11:22:25,42.4517784118652,-8.88254928588867,"Female"
"9004154",371995,2025-06-07 11:27:21,42.4555206298828,-8.88767242431641,"Female"
"9004154",371995,2025-06-07 11:36:06,42.4577751159668,-8.88742637634277,"Female"
"9004154",371995,2025-06-07 11:43:55,42.4572372436523,-8.89059638977051,"Female"
"9004154",371995,2025-06-07 11:48:48,42.4586029052734,-8.90289878845215,"Female"
"9004154",371995,2025-06-07 11:53:48,42.4586029052734,-8.90297698974609,"Female"
"9004154",371995,2025-06-07 11:58:41,42.4574546813965,-8.90449237823486,"Female"
"9004154",371995,2025-06-07 12:03:48,42.4585952758789,-8.90294551849365,"Female"
"9004154",371995,2025-06-07 12:09:14,42.4581336975098,-8.90307140350342,"Female"
"9004154",371995,2025-06-07 12:13:41,42.4581985473633,-8.90310764312744,"Female"
"9004154",371995,2025-06-07 12:18:40,42.4582023620605,-8.90315914154053,"Female"
"9004154",371995,2025-06-07 12:23:41,42.4581985473633,-8.90310668945312,"Female"
"9004154",371995,2025-06-07 12:28:41,42.4581069946289,-8.90317058563232,"Female"
"9004154",371995,2025-06-07 12:33:41,42.458194732666,-8.90314674377441,"Female"
"9004154",371995,2025-06-07 12:38:40,42.4581832885742,-8.90315246582031,"Female"
"9004154",371995,2025-06-07 12:43:40,42.4581451416016,-8.90319156646729,"Female"
"9004154",371995,2025-06-07 12:48:41,42.457893371582,-8.90343284606934,"Female"
"9004154",371995,2025-06-07 12:53:41,42.4532623291016,-8.89909172058105,"Female"
"9004154",371995,2025-06-07 12:58:42,42.4538612365723,-8.89711380004883,"Female"
"9004154",371995,2025-06-07 13:03:41,42.4574012756348,-8.8972635269165,"Female"
"9004154",371995,2025-06-07 13:09:26,42.4593772888184,-8.8976936340332,"Female"
"9004154",371995,2025-06-07 13:15:07,42.4594688415527,-8.89663791656494,"Female"
"9004154",371995,2025-06-07 13:20:11,42.4588317871094,-8.89523601531982,"Female"
"9004154",371995,2025-06-07 13:25:28,42.4579925537109,-8.89405822753906,"Female"
"9004154",371995,2025-06-07 13:31:30,42.4575042724609,-8.89335250854492,"Female"
"9004154",371995,2025-06-07 13:36:30,42.4572067260742,-8.89389514923096,"Female"
"9004154",371995,2025-06-07 13:41:32,42.4571647644043,-8.89776515960693,"Female"
"9004154",371995,2025-06-07 13:46:36,42.4582176208496,-8.90265846252441,"Female"
"9004154",371995,2025-06-07 13:51:30,42.4581489562988,-8.90282535552979,"Female"
"9004154",371995,2025-06-07 13:56:34,42.4582328796387,-8.90265655517578,"Female"
"9004154",371995,2025-06-07 14:01:32,42.457389831543,-8.90362453460693,"Female"
"9004154",371995,2025-06-07 14:06:45,42.4574699401855,-8.90322208404541,"Female"
"9004154",371995,2025-06-07 14:11:30,42.4575653076172,-8.90348529815674,"Female"
"9004154",371995,2025-06-07 14:16:30,42.4577827453613,-8.90335464477539,"Female"
"9004154",371995,2025-06-07 14:21:30,42.4575576782227,-8.90416431427002,"Female"
"9004154",371995,2025-06-07 14:26:31,42.457332611084,-8.90463829040527,"Female"
"9004154",371995,2025-06-07 14:31:32,42.4574737548828,-8.90460300445557,"Female"
"9004154",371995,2025-06-07 14:36:31,42.4577331542969,-8.90371704101562,"Female"
"9004154",371995,2025-06-07 14:41:30,42.4579048156738,-8.90300750732422,"Female"
"9004154",371995,2025-06-07 14:46:38,42.458309173584,-8.90246677398682,"Female"
"9004154",371995,2025-06-07 14:51:32,42.4582710266113,-8.90321826934814,"Female"
"9004154",371995,2025-06-07 14:57:57,42.4579734802246,-8.89857292175293,"Female"
"9004154",371995,2025-06-07 15:02:50,42.4584617614746,-8.89820575714111,"Female"
"9004154",371995,2025-06-07 15:07:49,42.4586296081543,-8.89780902862549,"Female"
"9004154",371995,2025-06-07 15:13:08,42.4589385986328,-8.89666271209717,"Female"
"9004154",371995,2025-06-07 15:18:11,42.4584732055664,-8.89550685882568,"Female"
"9004154",371995,2025-06-07 15:23:08,42.4599189758301,-8.90499019622803,"Female"
"9004154",371995,2025-06-07 15:28:09,42.4595603942871,-8.9044942855835,"Female"
"9004154",371995,2025-06-07 15:33:09,42.4596977233887,-8.90463829040527,"Female"
"9004154",371995,2025-06-07 15:38:10,42.4599647521973,-8.90520000457764,"Female"
"9004154",371995,2025-06-07 15:43:09,42.4596748352051,-8.90468692779541,"Female"
"9004154",371995,2025-06-07 15:48:10,42.4595909118652,-8.90455341339111,"Female"
"9004154",371995,2025-06-07 15:53:12,42.4596557617188,-8.90478515625,"Female"
"9004154",371995,2025-06-07 15:58:23,42.4585914611816,-8.90316677093506,"Female"
"9004154",371995,2025-06-07 16:03:11,42.4595680236816,-8.90458488464355,"Female"
"9004154",371995,2025-06-07 16:08:11,42.4594879150391,-8.90450191497803,"Female"
"9004154",371995,2025-06-07 16:13:34,42.4594688415527,-8.90507984161377,"Female"
"9004154",371995,2025-06-07 16:18:09,42.459716796875,-8.90538024902344,"Female"
"9004154",371995,2025-06-07 16:23:09,42.4596977233887,-8.90535449981689,"Female"
"9004154",371995,2025-06-07 16:28:12,42.4590873718262,-8.90484714508057,"Female"
"9004154",371995,2025-06-07 16:33:08,42.4592514038086,-8.90494918823242,"Female"
"9004154",371995,2025-06-07 16:38:34,42.4595413208008,-8.90521049499512,"Female"
"9004154",371995,2025-06-07 16:43:08,42.4547386169434,-8.88955879211426,"Female"
"9004154",371995,2025-06-07 16:48:10,42.4519577026367,-8.88613224029541,"Female"
"9004154",371995,2025-06-07 16:53:09,42.4518394470215,-8.8855676651001,"Female"
"9004154",371995,2025-06-07 16:58:07,42.4564933776855,-8.89187431335449,"Female"
"9004154",371995,2025-06-07 17:03:07,42.4565048217773,-8.89190864562988,"Female"
"9004154",371995,2025-06-07 17:08:08,42.456470489502,-8.89187812805176,"Female"
"9004154",371995,2025-06-07 17:13:08,42.456470489502,-8.89185237884521,"Female"
"9004154",371995,2025-06-07 17:18:08,42.4564971923828,-8.891845703125,"Female"
"9004154",371995,2025-06-07 17:23:07,42.4564323425293,-8.89191150665283,"Female"
"9004154",371995,2025-06-07 17:28:07,42.4564208984375,-8.89187049865723,"Female"
"9004154",371995,2025-06-07 17:33:08,42.4564399719238,-8.89188003540039,"Female"
"9004154",371995,2025-06-07 17:38:08,42.4564666748047,-8.89188194274902,"Female"
"9004154",371995,2025-06-07 17:43:07,42.456371307373,-8.89179134368896,"Female"
"9004154",371995,2025-06-07 17:48:07,42.4565925598145,-8.89028167724609,"Female"
"9004154",371995,2025-06-07 17:56:35,42.4561882019043,-8.88599300384521,"Female"
"9004154",371995,2025-06-07 18:01:40,42.4565582275391,-8.88857173919678,"Female"
"9004154",371995,2025-06-07 18:06:39,42.4567489624023,-8.88832759857178,"Female"
"9004154",371995,2025-06-07 18:11:39,42.4543762207031,-8.88672065734863,"Female"
"9004154",371995,2025-06-07 18:17:23,42.4533882141113,-8.88567733764648,"Female"
"9004154",371995,2025-06-07 18:22:30,42.4518852233887,-8.88438034057617,"Female"
"9004154",371995,2025-06-07 18:27:30,42.448055267334,-8.88199234008789,"Female"
"9004154",371995,2025-06-07 18:32:31,42.4472045898438,-8.87985706329346,"Female"
"9004154",371995,2025-06-07 18:37:36,42.445987701416,-8.88033008575439,"Female"
"9004154",371995,2025-06-07 18:42:40,42.4454002380371,-8.87774085998535,"Female"
"9004154",371995,2025-06-07 18:48:08,42.4438209533691,-8.87800598144531,"Female"
"9004154",371995,2025-06-07 18:53:27,42.444164276123,-8.87843894958496,"Female"
"9004154",371995,2025-06-07 18:59:26,42.4451217651367,-8.87939929962158,"Female"
"9004154",371995,2025-06-07 19:05:16,42.4470405578613,-8.87975692749023,"Female"
"9004154",371995,2025-06-07 19:10:13,42.448299407959,-8.87884330749512,"Female"
"9004154",371995,2025-06-07 19:24:53,42.4497184753418,-8.88263607025146,"Female"
"9004154",371995,2025-06-07 19:29:56,42.4488067626953,-8.88199520111084,"Female"
"9004154",371995,2025-06-07 19:35:35,42.4228363037109,-8.87843990325928,"Female"
"9004154",371995,2025-06-07 19:39:54,42.4225463867188,-8.87884330749512,"Female"
"9004154",371995,2025-06-07 19:45:00,42.4226226806641,-8.87851905822754,"Female"
"9004154",371995,2025-06-07 19:49:57,42.4228401184082,-8.87875843048096,"Female"
"9004154",371995,2025-06-07 19:55:00,42.42236328125,-8.87857151031494,"Female"
"9004154",371995,2025-06-07 20:00:00,42.4225425720215,-8.8784646987915,"Female"
"9004154",371995,2025-06-07 20:05:00,42.4226417541504,-8.87856769561768,"Female"
"9004154",371995,2025-06-07 20:09:53,42.4226264953613,-8.87851715087891,"Female"
"9004154",371995,2025-06-07 20:15:05,42.422550201416,-8.87847423553467,"Female"
"9004154",371995,2025-06-07 20:19:57,42.4225692749023,-8.87859916687012,"Female"
"9004154",371995,2025-06-07 20:24:58,42.4226455688477,-8.87868499755859,"Female"
"9004154",371995,2025-06-07 20:30:00,42.4226760864258,-8.87840270996094,"Female"
"9004154",371995,2025-06-07 20:35:01,42.422908782959,-8.87861442565918,"Female"
"9004154",371995,2025-06-07 20:40:00,42.4228477478027,-8.87853050231934,"Female"
"9004154",371995,2025-06-07 20:45:12,42.4225730895996,-8.87861061096191,"Female"
"9004154",371995,2025-06-07 20:49:53,42.4226570129395,-8.87856578826904,"Female"
"9004154",371995,2025-06-07 20:55:03,42.4222259521484,-8.87840938568115,"Female"
"9004154",371995,2025-06-07 20:59:53,42.4224510192871,-8.87856006622314,"Female"
"9004154",371995,2025-06-07 21:04:54,42.4225730895996,-8.87857437133789,"Female"
"9004154",371995,2025-06-07 21:09:54,42.422534942627,-8.878493309021,"Female"
"9004154",371995,2025-06-07 21:15:00,42.4224891662598,-8.87845325469971,"Female"
"9004154",371995,2025-06-07 21:19:53,42.4225578308105,-8.87850189208984,"Female"
"9004154",371995,2025-06-07 21:24:55,42.4224624633789,-8.87854862213135,"Female"
"9004154",371995,2025-06-07 21:29:55,42.4224662780762,-8.8784818649292,"Female"
"9004154",371995,2025-06-07 21:35:29,42.4225807189941,-8.87846374511719,"Female"
"9004154",371995,2025-06-07 21:39:53,42.4226341247559,-8.87843227386475,"Female"
"9004154",371995,2025-06-07 21:45:00,42.4225387573242,-8.8785228729248,"Female"
"9004154",371995,2025-06-07 21:49:53,42.4226760864258,-8.87830543518066,"Female"
"9004154",371995,2025-06-07 21:54:57,42.4226417541504,-8.8785285949707,"Female"
"9004154",371995,2025-06-07 21:59:59,42.4225654602051,-8.87839317321777,"Female"
"9004154",371995,2025-06-07 22:04:54,42.4229927062988,-8.87808895111084,"Female"
"9004154",371995,2025-06-07 22:09:54,42.4222946166992,-8.87851619720459,"Female"
"9004154",371995,2025-06-07 22:14:55,42.4228591918945,-8.87839317321777,"Female"
"9004154",371995,2025-06-07 22:19:55,42.4228591918945,-8.87835025787354,"Female"
"9004154",371995,2025-06-07 22:24:55,42.4227333068848,-8.87841701507568,"Female"
"9004154",371995,2025-06-07 22:29:55,42.4227142333984,-8.87838363647461,"Female"
"9004154",371995,2025-06-07 22:35:14,42.422794342041,-8.87839603424072,"Female"
"9004154",371995,2025-06-07 22:39:53,42.422966003418,-8.87849235534668,"Female"
"9004154",371995,2025-06-07 22:44:53,42.4227333068848,-8.87836360931396,"Female"
"9004154",371995,2025-06-07 22:49:54,42.4226570129395,-8.87864685058594,"Female"
"9004154",371995,2025-06-07 22:54:53,42.4224433898926,-8.878830909729,"Female"
"9004154",371995,2025-06-07 22:59:53,42.422607421875,-8.87845039367676,"Female"
"9004154",371995,2025-06-07 23:04:53,42.4225807189941,-8.87856388092041,"Female"
"9004154",371995,2025-06-07 23:09:53,42.4224700927734,-8.87859344482422,"Female"
"9004154",371995,2025-06-07 23:14:53,42.4226837158203,-8.87852954864502,"Female"
"9004154",371995,2025-06-07 23:19:53,42.4226493835449,-8.87838935852051,"Female"
"9004154",371995,2025-06-07 23:24:53,42.4224739074707,-8.87893581390381,"Female"
"9004154",371995,2025-06-07 23:29:53,42.4224166870117,-8.87898445129395,"Female"
"9004154",371995,2025-06-07 23:34:54,42.4224967956543,-8.87897109985352,"Female"
"9004154",371995,2025-06-07 23:39:53,42.4225006103516,-8.87885284423828,"Female"
"9004154",371995,2025-06-07 23:44:57,42.4225578308105,-8.87909412384033,"Female"
"9004154",371995,2025-06-07 23:49:55,42.4225158691406,-8.87892055511475,"Female"
"9004154",371995,2025-06-07 23:54:55,42.4225120544434,-8.87894725799561,"Female"
"9004154",371995,2025-06-08 00:00:01,42.4225387573242,-8.87949275970459,"Female"
"9004154",371995,2025-06-08 00:05:04,42.4225616455078,-8.87944984436035,"Female"
"9004154",371995,2025-06-08 00:10:12,42.4223594665527,-8.87810707092285,"Female"
"9004154",371995,2025-06-08 00:15:07,42.4225807189941,-8.87833499908447,"Female"
"9004154",371995,2025-06-08 00:20:05,42.4226989746094,-8.87826824188232,"Female"
"9004154",371995,2025-06-08 00:25:08,42.4226417541504,-8.87829971313477,"Female"
"9004154",371995,2025-06-08 00:30:59,42.4227561950684,-8.87835216522217,"Female"
"9004154",371995,2025-06-08 00:34:53,42.4228515625,-8.87839126586914,"Female"
"9004154",371995,2025-06-08 00:39:53,42.4227294921875,-8.8783597946167,"Female"
"9004154",371995,2025-06-08 00:44:57,42.4227409362793,-8.87838172912598,"Female"
"9004154",371995,2025-06-08 00:50:00,42.4227294921875,-8.87845230102539,"Female"
"9004154",371995,2025-06-08 00:54:57,42.4228057861328,-8.8783655166626,"Female"
"9004154",371995,2025-06-08 00:59:55,42.4227142333984,-8.87834644317627,"Female"
"9004154",371995,2025-06-08 01:04:55,42.4228248596191,-8.87834358215332,"Female"
"9004154",371995,2025-06-08 01:09:58,42.4227676391602,-8.87834739685059,"Female"
"9004154",371995,2025-06-08 01:14:59,42.4227752685547,-8.87850856781006,"Female"
"9004154",371995,2025-06-08 01:19:59,42.4227600097656,-8.87836265563965,"Female"
"9004154",371995,2025-06-08 01:24:57,42.4227447509766,-8.87846660614014,"Female"
"9004154",371995,2025-06-08 01:29:59,42.4227256774902,-8.87838459014893,"Female"
"9004154",371995,2025-06-08 01:35:00,42.4227256774902,-8.87838935852051,"Female"
"9004154",371995,2025-06-08 01:40:04,42.4227676391602,-8.87841892242432,"Female"
"9004154",371995,2025-06-08 01:45:00,42.422737121582,-8.87841320037842,"Female"
"9004154",371995,2025-06-08 01:49:55,42.422721862793,-8.87835884094238,"Female"
"9004154",371995,2025-06-08 01:54:57,42.4227066040039,-8.87839221954346,"Female"
"9004154",371995,2025-06-08 02:00:00,42.4227638244629,-8.87839126586914,"Female"
"9004154",371995,2025-06-08 02:05:00,42.4227294921875,-8.87842273712158,"Female"
"9004154",371995,2025-06-08 02:09:55,42.422721862793,-8.87837886810303,"Female"
"9004154",371995,2025-06-08 02:14:53,42.4225273132324,-8.87838363647461,"Female"
"9004154",371995,2025-06-08 02:19:54,42.422435760498,-8.87862396240234,"Female"
"9004154",371995,2025-06-08 02:24:53,42.4225120544434,-8.87856197357178,"Female"
"9004154",371995,2025-06-08 02:29:53,42.4224700927734,-8.87858200073242,"Female"
"9004154",371995,2025-06-08 02:34:54,42.4225158691406,-8.87857055664062,"Female"
"9004154",371995,2025-06-08 02:40:09,42.4225616455078,-8.87858104705811,"Female"
"9004154",371995,2025-06-08 02:45:14,42.4225921630859,-8.8785572052002,"Female"
"9004154",371995,2025-06-08 02:49:54,42.4227409362793,-8.8785343170166,"Female"
"9004154",371995,2025-06-08 02:55:00,42.4226760864258,-8.87857913970947,"Female"
"9004154",371995,2025-06-08 03:00:00,42.4230003356934,-8.87844371795654,"Female"
"9004154",371995,2025-06-08 03:05:00,42.4230155944824,-8.87851333618164,"Female"
"9004154",371995,2025-06-08 03:10:00,42.4232063293457,-8.87857437133789,"Female"
"9004154",371995,2025-06-08 03:15:00,42.4230651855469,-8.87856197357178,"Female"
"9004154",371995,2025-06-08 03:19:58,42.4231910705566,-8.87869262695312,"Female"
"9004154",371995,2025-06-08 03:24:54,42.423225402832,-8.87871265411377,"Female"
"9004154",371995,2025-06-08 03:29:54,42.4230804443359,-8.87871551513672,"Female"
"9004154",371995,2025-06-08 03:35:15,42.4227409362793,-8.87844085693359,"Female"
"9004154",371995,2025-06-08 03:39:58,42.4226264953613,-8.87852096557617,"Female"
"9004154",371995,2025-06-08 03:44:57,42.4226570129395,-8.87832927703857,"Female"
"9004154",371995,2025-06-08 03:49:57,42.4226570129395,-8.87840461730957,"Female"
"9004154",371995,2025-06-08 03:54:57,42.422679901123,-8.87844467163086,"Female"
"9004154",371995,2025-06-08 03:59:57,42.4227027893066,-8.87844467163086,"Female"
"9004154",371995,2025-06-08 04:04:58,42.4224815368652,-8.87832069396973,"Female"
"9004154",371995,2025-06-08 04:10:02,42.4230690002441,-8.87837886810303,"Female"
"9004154",371995,2025-06-08 04:15:14,42.4226493835449,-8.87833881378174,"Female"
"9004154",371995,2025-06-08 04:19:53,42.4227256774902,-8.87820529937744,"Female"
"9004154",371995,2025-06-08 04:24:53,42.4224319458008,-8.8780689239502,"Female"
"9004154",371995,2025-06-08 04:29:53,42.422420501709,-8.8777027130127,"Female"
"9004154",371995,2025-06-08 04:34:58,42.4225845336914,-8.8782205581665,"Female"
"9004154",371995,2025-06-08 04:39:53,42.4224891662598,-8.87822723388672,"Female"
"9004154",371995,2025-06-08 04:44:57,42.4228248596191,-8.87840366363525,"Female"
"9004154",371995,2025-06-08 04:50:20,42.4232482910156,-8.87865543365479,"Female"
"9004154",371995,2025-06-08 04:55:00,42.4225959777832,-8.87844848632812,"Female"
"9004154",371995,2025-06-08 05:00:01,42.4229621887207,-8.87850570678711,"Female"
"9004154",371995,2025-06-08 05:04:58,42.4230880737305,-8.87850952148438,"Female"
"9004154",371995,2025-06-08 05:10:02,42.4230651855469,-8.87843990325928,"Female"
"9004154",371995,2025-06-08 05:14:57,42.4225311279297,-8.87882041931152,"Female"
"9004154",371995,2025-06-08 05:19:53,42.4239959716797,-8.87841415405273,"Female"
"9004154",371995,2025-06-08 05:25:29,42.4226875305176,-8.87833881378174,"Female"
"9004154",371995,2025-06-08 05:29:53,42.4226341247559,-8.87865161895752,"Female"
"9004154",371995,2025-06-08 05:34:53,42.4332427978516,-8.87788391113281,"Female"
"9004154",371995,2025-06-08 05:44:07,42.4402923583984,-8.87584686279297,"Female"
"9004154",371995,2025-06-08 05:50:43,42.4405517578125,-8.8744535446167,"Female"
"9004154",371995,2025-06-08 05:56:39,42.440372467041,-8.87466144561768,"Female"
"9004154",371995,2025-06-08 06:01:38,42.4393157958984,-8.87514209747314,"Female"
"9004154",371995,2025-06-08 06:06:39,42.4391746520996,-8.87469959259033,"Female"
"9004154",371995,2025-06-08 06:11:40,42.4395637512207,-8.87467670440674,"Female"
"9004154",371995,2025-06-08 06:17:06,42.4414329528809,-8.87556934356689,"Female"
"9004154",371995,2025-06-08 06:22:04,42.4422569274902,-8.87652111053467,"Female"
"9004154",371995,2025-06-08 06:32:04,42.4395790100098,-8.87452602386475,"Female"
"9004154",371995,2025-06-08 06:37:03,42.4371719360352,-8.87778854370117,"Female"
"9004154",371995,2025-06-08 06:42:03,42.4371528625488,-8.87771034240723,"Female"
"9004154",371995,2025-06-08 06:47:05,42.4372138977051,-8.8777904510498,"Female"
"9004154",371995,2025-06-08 06:52:04,42.4372062683105,-8.87778186798096,"Female"
"9004154",371995,2025-06-08 06:57:03,42.4372100830078,-8.87774658203125,"Female"
"9004154",371995,2025-06-08 07:02:35,42.4371871948242,-8.87775039672852,"Female"
"9004154",371995,2025-06-08 07:07:02,42.4372901916504,-8.87766265869141,"Female"
"9004154",371995,2025-06-08 07:12:03,42.4374504089355,-8.87789344787598,"Female"
"9004154",371995,2025-06-08 07:17:03,42.4374008178711,-8.87780380249023,"Female"
"9004154",371995,2025-06-08 07:22:03,42.4374542236328,-8.87784671783447,"Female"
"9004154",371995,2025-06-08 07:27:03,42.4400482177734,-8.87634372711182,"Female"
"9004154",371995,2025-06-08 07:32:03,42.4422073364258,-8.87478160858154,"Female"
"9004154",371995,2025-06-08 07:37:04,42.4409713745117,-8.87426948547363,"Female"
"9004154",371995,2025-06-08 07:42:04,42.4411201477051,-8.8746337890625,"Female"
"9004154",371995,2025-06-08 07:47:03,42.4407043457031,-8.87635135650635,"Female"
"9004154",371995,2025-06-08 07:52:03,42.4388275146484,-8.87641048431396,"Female"
"9004154",371995,2025-06-08 07:57:04,42.4369773864746,-8.87493228912354,"Female"
"9004154",371995,2025-06-08 08:02:03,42.4369430541992,-8.87334442138672,"Female"
"9004154",371995,2025-06-08 08:07:05,42.4374351501465,-8.87792682647705,"Female"
"9004154",371995,2025-06-08 08:12:03,42.4372901916504,-8.87750434875488,"Female"
"9004154",371995,2025-06-08 08:17:04,42.4373397827148,-8.87764167785645,"Female"
"9004154",371995,2025-06-08 08:22:03,42.4373016357422,-8.87723922729492,"Female"
"9004154",371995,2025-06-08 08:27:08,42.437313079834,-8.87766170501709,"Female"
"9004154",371995,2025-06-08 08:32:03,42.4372825622559,-8.87743186950684,"Female"
"9004154",371995,2025-06-08 08:37:09,42.4373359680176,-8.87763977050781,"Female"
"9004154",371995,2025-06-08 08:42:04,42.4373626708984,-8.87759971618652,"Female"
"9004154",371995,2025-06-08 08:47:09,42.437328338623,-8.87760639190674,"Female"
"9004154",371995,2025-06-08 08:52:03,42.4370536804199,-8.87696170806885,"Female"
"9004154",371995,2025-06-08 08:57:07,42.4372329711914,-8.87764739990234,"Female"
"9004154",371995,2025-06-08 09:02:08,42.4372901916504,-8.87760257720947,"Female"
"9004154",371995,2025-06-08 09:07:08,42.4372825622559,-8.87759971618652,"Female"
"9004154",371995,2025-06-08 09:12:08,42.437255859375,-8.87768268585205,"Female"
"9004154",371995,2025-06-08 09:17:03,42.4372901916504,-8.87761688232422,"Female"
"9004154",371995,2025-06-08 09:22:03,42.4372482299805,-8.87758922576904,"Female"
"9004154",371995,2025-06-08 09:27:03,42.437313079834,-8.87758636474609,"Female"
"9004154",371995,2025-06-08 09:32:03,42.4374008178711,-8.87790775299072,"Female"
"9004154",371995,2025-06-08 09:37:03,42.4372062683105,-8.87752246856689,"Female"
"9004154",371995,2025-06-08 09:42:03,42.4372863769531,-8.87758922576904,"Female"
"9004154",371995,2025-06-08 09:47:08,42.4372596740723,-8.87761402130127,"Female"
"9004154",371995,2025-06-08 09:52:06,42.4372367858887,-8.8776912689209,"Female"
"9004154",371995,2025-06-08 09:57:06,42.4372329711914,-8.87765502929688,"Female"
"9004154",371995,2025-06-08 10:02:09,42.4372634887695,-8.87762451171875,"Female"
"9004154",371995,2025-06-08 10:07:09,42.4372406005859,-8.87760829925537,"Female"
"9004154",371995,2025-06-08 10:12:09,42.4372253417969,-8.87768459320068,"Female"
"9004154",371995,2025-06-08 10:17:35,42.4429054260254,-8.8790979385376,"Female"
"9004154",371995,2025-06-08 10:22:02,42.443431854248,-8.87979030609131,"Female"
"9004154",371995,2025-06-08 10:27:49,42.4472312927246,-8.8825626373291,"Female"
"9004154",371995,2025-06-08 10:33:06,42.448974609375,-8.88294124603271,"Female"
"9004154",371995,2025-06-08 10:38:25,42.4503860473633,-8.88484287261963,"Female"
"9004154",371995,2025-06-08 10:43:27,42.4561920166016,-8.89012432098389,"Female"
"9004154",371995,2025-06-08 10:48:25,42.4564323425293,-8.88957786560059,"Female"
"9004154",371995,2025-06-08 10:53:25,42.4581108093262,-8.90319538116455,"Female"
"9004154",371995,2025-06-08 10:58:25,42.4581031799316,-8.90317916870117,"Female"
"9004154",371995,2025-06-08 11:03:24,42.458137512207,-8.90318202972412,"Female"
"9004154",371995,2025-06-08 11:08:25,42.4578819274902,-8.89711475372314,"Female"
"9004154",371995,2025-06-08 11:13:33,42.4570045471191,-8.89715576171875,"Female"
"9004154",371995,2025-06-08 11:19:07,42.4586334228516,-8.89809513092041,"Female"
"9004154",371995,2025-06-08 11:24:07,42.4594230651855,-8.89806175231934,"Female"
"9004154",371995,2025-06-08 11:29:07,42.457576751709,-8.89804649353027,"Female"
"9004154",371995,2025-06-08 11:34:08,42.4548454284668,-8.89213943481445,"Female"
"9004154",371995,2025-06-08 11:40:05,42.4549369812012,-8.88971710205078,"Female"
"9004154",371995,2025-06-08 11:45:05,42.4556274414062,-8.88858032226562,"Female"
"9004154",371995,2025-06-08 11:50:04,42.4552612304688,-8.88768863677979,"Female"
"9004154",371995,2025-06-08 11:55:06,42.4436874389648,-8.87933921813965,"Female"
"9004154",371995,2025-06-08 12:00:14,42.4373435974121,-8.87751293182373,"Female"
"9004154",371995,2025-06-08 12:05:06,42.4373626708984,-8.87754535675049,"Female"
"9004154",371995,2025-06-08 12:10:08,42.4372863769531,-8.87753963470459,"Female"
"9004154",371995,2025-06-08 12:15:07,42.4374008178711,-8.87749767303467,"Female"
"9004154",371995,2025-06-08 12:20:04,42.4373245239258,-8.87739658355713,"Female"
"9004154",371995,2025-06-08 12:25:04,42.4373474121094,-8.87752532958984,"Female"
"9004154",371995,2025-06-08 12:30:04,42.4373474121094,-8.87751960754395,"Female"
"9004154",371995,2025-06-08 12:35:09,42.4372749328613,-8.8774938583374,"Female"
"9004154",371995,2025-06-08 12:40:35,42.4372711181641,-8.87762641906738,"Female"
"9004154",371995,2025-06-08 12:45:03,42.4372215270996,-8.87764167785645,"Female"
"9004154",371995,2025-06-08 12:50:03,42.4372634887695,-8.87760925292969,"Female"
"9004154",371995,2025-06-08 12:55:04,42.4372787475586,-8.87765789031982,"Female"
"9004154",371995,2025-06-08 13:00:03,42.437313079834,-8.87756061553955,"Female"
"9004154",371995,2025-06-08 13:05:03,42.4372634887695,-8.87767791748047,"Female"
"9004154",371995,2025-06-08 13:10:03,42.4372291564941,-8.8777551651001,"Female"
"9004154",371995,2025-06-08 13:15:03,42.4372634887695,-8.87761688232422,"Female"
"9004154",371995,2025-06-08 13:20:02,42.437313079834,-8.87769889831543,"Female"
"9004154",371995,2025-06-08 13:25:03,42.4372825622559,-8.87769603729248,"Female"
"9004154",371995,2025-06-08 13:30:02,42.4372482299805,-8.87773895263672,"Female"
"9004154",371995,2025-06-08 13:35:04,42.4372634887695,-8.87765407562256,"Female"
"9004154",371995,2025-06-08 13:40:04,42.437313079834,-8.87766075134277,"Female"
"9004154",371995,2025-06-08 13:45:04,42.4372673034668,-8.87763118743896,"Female"
"9004154",371995,2025-06-08 13:50:04,42.4372215270996,-8.87769412994385,"Female"
"9004154",371995,2025-06-08 13:55:04,42.4427223205566,-8.87620162963867,"Female"
"9004154",371995,2025-06-08 14:00:06,42.4439392089844,-8.87539100646973,"Female"
"9004154",371995,2025-06-08 14:05:53,42.4464263916016,-8.87699508666992,"Female"
"9004154",371995,2025-06-08 14:11:32,42.4477043151855,-8.87914085388184,"Female"
"9004154",371995,2025-06-08 14:16:29,42.4487075805664,-8.87936878204346,"Female"
"9004154",371995,2025-06-08 14:21:28,42.449089050293,-8.88071823120117,"Female"
"9004154",371995,2025-06-08 14:26:29,42.4504013061523,-8.88230037689209,"Female"
"9004154",371995,2025-06-08 14:31:28,42.4580001831055,-8.90296745300293,"Female"
"9004154",371995,2025-06-08 14:36:29,42.4579772949219,-8.90294075012207,"Female"
"9004154",371995,2025-06-08 14:41:29,42.4579162597656,-8.90295219421387,"Female"
"9004154",371995,2025-06-08 14:46:29,42.4579086303711,-8.90292549133301,"Female"
"9004154",371995,2025-06-08 14:51:29,42.4579887390137,-8.90292930603027,"Female"
"9004154",371995,2025-06-08 14:56:28,42.4579315185547,-8.90294456481934,"Female"
"9004154",371995,2025-06-08 15:01:28,42.4579925537109,-8.90290832519531,"Female"
"9004154",371995,2025-06-08 15:06:28,42.4579200744629,-8.90290927886963,"Female"
"9004154",371995,2025-06-08 15:11:29,42.4579658508301,-8.90294361114502,"Female"
"9004154",371995,2025-06-08 15:16:28,42.4580039978027,-8.90290355682373,"Female"
"9004154",371995,2025-06-08 15:21:29,42.4579277038574,-8.90285301208496,"Female"
"9004154",371995,2025-06-08 15:26:29,42.4579086303711,-8.90282154083252,"Female"
"9004154",371995,2025-06-08 15:31:29,42.4561767578125,-8.89159107208252,"Female"
"9004154",371995,2025-06-08 15:36:29,42.4562911987305,-8.89170169830322,"Female"
"9004154",371995,2025-06-08 15:41:29,42.4544143676758,-8.8866081237793,"Female"
"9004154",371995,2025-06-08 15:46:29,42.4543952941895,-8.88495922088623,"Female"
"9004154",371995,2025-06-08 15:51:39,42.453971862793,-8.88485908508301,"Female"
"9004154",371995,2025-06-08 15:56:40,42.453556060791,-8.88448715209961,"Female"
"9004154",371995,2025-06-08 16:02:05,42.453125,-8.88350009918213,"Female"
"9004154",371995,2025-06-08 16:06:36,42.4528427124023,-8.88413238525391,"Female"
"9004154",371995,2025-06-08 16:11:37,42.4536628723145,-8.88480854034424,"Female"
"9004154",371995,2025-06-08 16:16:36,42.4541168212891,-8.88533020019531,"Female"
"9004154",371995,2025-06-08 16:21:36,42.4538955688477,-8.88538074493408,"Female"
"9004154",371995,2025-06-08 16:26:42,42.4533157348633,-8.88517761230469,"Female"
"9004154",371995,2025-06-08 16:31:41,42.4466209411621,-8.88104438781738,"Female"
"9004154",371995,2025-06-08 16:36:42,42.4461631774902,-8.87931346893311,"Female"
"9004154",371995,2025-06-08 16:41:43,42.4449119567871,-8.87772560119629,"Female"
"9004154",371995,2025-06-08 16:47:11,42.443473815918,-8.87665748596191,"Female"
"9004154",371995,2025-06-08 16:52:09,42.4418716430664,-8.87649726867676,"Female"
"9004154",371995,2025-06-08 16:57:14,42.4398727416992,-8.87604141235352,"Female"
"9004154",371995,2025-06-08 17:02:14,42.4390907287598,-8.87653827667236,"Female"
"9004154",371995,2025-06-08 17:07:13,42.4375114440918,-8.87782382965088,"Female"
"9004154",371995,2025-06-08 17:12:17,42.4373245239258,-8.87762546539307,"Female"
"9004154",371995,2025-06-08 17:17:11,42.4374313354492,-8.87777996063232,"Female"
"9004154",371995,2025-06-08 17:22:14,42.4373741149902,-8.87766265869141,"Female"
"9004154",371995,2025-06-08 17:27:22,42.4373359680176,-8.87761878967285,"Female"
"9004154",371995,2025-06-08 17:32:18,42.4477119445801,-8.88008689880371,"Female"
"9004154",371995,2025-06-08 17:37:16,42.4524192810059,-8.88455486297607,"Female"
"9004154",371995,2025-06-08 17:42:15,42.4553489685059,-8.88735008239746,"Female"
"9004154",371995,2025-06-08 17:47:18,42.4566955566406,-8.88963985443115,"Female"
"9004154",371995,2025-06-08 17:56:09,42.4564819335938,-8.88631916046143,"Female"
"9004154",371995,2025-06-08 18:02:59,42.453857421875,-8.88349151611328,"Female"
"9004154",371995,2025-06-08 18:09:12,42.4524269104004,-8.88302898406982,"Female"
"9004154",371995,2025-06-08 18:14:07,42.4513549804688,-8.88210773468018,"Female"
"9004154",371995,2025-06-08 18:19:48,42.4520072937012,-8.88106918334961,"Female"
"9004154",371995,2025-06-08 18:24:50,42.4506416320801,-8.88062000274658,"Female"
"9004154",371995,2025-06-08 18:29:48,42.4494934082031,-8.88110256195068,"Female"
"9004154",371995,2025-06-08 18:35:23,42.4463729858398,-8.8792724609375,"Female"
"9004154",371995,2025-06-08 18:40:17,42.4456329345703,-8.87739849090576,"Female"
"9004154",371995,2025-06-08 18:46:19,42.4436569213867,-8.87581443786621,"Female"
"9004154",371995,2025-06-08 18:51:55,42.4412155151367,-8.87587642669678,"Female"
"9004154",371995,2025-06-08 19:04:41,42.4414901733398,-8.87606143951416,"Female"
"9004154",371995,2025-06-08 19:10:31,42.4393768310547,-8.87609672546387,"Female"
"9004154",371995,2025-06-08 19:39:44,42.4223098754883,-8.87847709655762,"Female"
"9004154",371995,2025-06-08 19:44:17,42.4223976135254,-8.87833309173584,"Female"
"9004154",371995,2025-06-08 19:49:18,42.4218635559082,-8.87888336181641,"Female"
"9004154",371995,2025-06-08 19:54:19,42.4220581054688,-8.87860488891602,"Female"
"9004154",371995,2025-06-08 19:59:17,42.4224281311035,-8.87836170196533,"Female"
"9004154",371995,2025-06-08 20:04:19,42.4225387573242,-8.87832736968994,"Female"
"9004154",371995,2025-06-08 20:09:19,42.4224472045898,-8.87821006774902,"Female"
"9004154",371995,2025-06-08 20:14:18,42.4234580993652,-8.87980842590332,"Female"
"9004154",371995,2025-06-08 20:19:22,42.4224395751953,-8.87838840484619,"Female"
"9004154",371995,2025-06-08 20:24:22,42.4230537414551,-8.8781156539917,"Female"
"9004154",371995,2025-06-08 20:29:51,42.4230270385742,-8.87836265563965,"Female"
"9004154",371995,2025-06-08 20:34:24,42.4229431152344,-8.87838459014893,"Female"
"9004154",371995,2025-06-08 20:39:22,42.4229545593262,-8.87859058380127,"Female"
"9004154",371995,2025-06-08 20:44:26,42.4230995178223,-8.87845897674561,"Female"
"9004154",371995,2025-06-08 20:49:44,42.4230537414551,-8.87852954864502,"Female"
"9004154",371995,2025-06-08 20:54:18,42.423038482666,-8.87893390655518,"Female"
"9004154",371995,2025-06-08 20:59:26,42.4228553771973,-8.87850666046143,"Female"
"9004154",371995,2025-06-08 21:04:16,42.4227485656738,-8.87874031066895,"Female"
"9004154",371995,2025-06-08 21:09:25,42.4225769042969,-8.87847137451172,"Female"
"9004154",371995,2025-06-08 21:14:43,42.4228897094727,-8.87850379943848,"Female"
"9004154",371995,2025-06-08 21:19:34,42.422737121582,-8.87849235534668,"Female"
"9004154",371995,2025-06-08 21:24:22,42.4220962524414,-8.87838745117188,"Female"
"9004154",371995,2025-06-08 21:29:41,42.4226531982422,-8.87850570678711,"Female"
"9004154",371995,2025-06-08 21:34:19,42.4226150512695,-8.87855815887451,"Female"
"9004154",371995,2025-06-08 21:39:26,42.422794342041,-8.87838459014893,"Female"
"9004154",371995,2025-06-08 21:44:17,42.422924041748,-8.8783597946167,"Female"
"9004154",371995,2025-06-08 21:49:53,42.4226036071777,-8.87845802307129,"Female"
"9004154",371995,2025-06-08 21:54:17,42.4228477478027,-8.87835884094238,"Female"
"9004154",371995,2025-06-08 21:59:17,42.423210144043,-8.87811470031738,"Female"
"9004154",371995,2025-06-08 22:04:17,42.4232597351074,-8.87814521789551,"Female"
"9004154",371995,2025-06-08 22:09:41,42.4226913452148,-8.87842082977295,"Female"
"9004154",371995,2025-06-08 22:14:53,42.4227676391602,-8.87839031219482,"Female"
"9004154",371995,2025-06-08 22:19:17,42.4228324890137,-8.87845230102539,"Female"
"9004154",371995,2025-06-08 22:24:18,42.4227066040039,-8.87846565246582,"Female"
"9004154",371995,2025-06-08 22:29:16,42.4225997924805,-8.87854099273682,"Female"
"9004154",371995,2025-06-08 22:34:22,42.4225158691406,-8.87878131866455,"Female"
"9004154",371995,2025-06-08 22:39:16,42.422420501709,-8.87887096405029,"Female"
"9004154",371995,2025-06-08 22:44:17,42.4227333068848,-8.87850475311279,"Female"
"9004154",371995,2025-06-08 22:49:16,42.4226112365723,-8.87885856628418,"Female"
"9004154",371995,2025-06-08 22:54:16,42.4225006103516,-8.87895679473877,"Female"
"9004154",371995,2025-06-08 22:59:16,42.4226570129395,-8.87909126281738,"Female"
"9004154",371995,2025-06-08 23:04:16,42.4225196838379,-8.87934112548828,"Female"
"9004154",371995,2025-06-08 23:09:17,42.4225387573242,-8.87888526916504,"Female"
"9004154",371995,2025-06-08 23:14:17,42.4227027893066,-8.87857151031494,"Female"
"9004154",371995,2025-06-08 23:19:18,42.4224739074707,-8.87875080108643,"Female"
"9004154",371995,2025-06-08 23:24:21,42.4224586486816,-8.87851524353027,"Female"
"9004154",371995,2025-06-08 23:29:18,42.4225196838379,-8.87824726104736,"Female"
"9004154",371995,2025-06-08 23:34:17,42.4224586486816,-8.87839984893799,"Female"
"9004154",371995,2025-06-08 23:39:43,42.4224739074707,-8.87854099273682,"Female"
"9004154",371995,2025-06-08 23:44:17,42.42236328125,-8.87845039367676,"Female"
"9004154",371995,2025-06-08 23:49:25,42.422721862793,-8.8785457611084,"Female"
"9004154",371995,2025-06-08 23:54:19,42.4227600097656,-8.87863063812256,"Female"
"9004154",371995,2025-06-08 23:59:38,42.4227638244629,-8.87858295440674,"Female"
"9004154",371995,2025-06-09 00:04:53,42.4225082397461,-8.87851238250732,"Female"
"9004154",371995,2025-06-09 00:09:19,42.4225769042969,-8.8785400390625,"Female"
"9004154",371995,2025-06-09 00:14:24,42.4224548339844,-8.8784818649292,"Female"
"9004154",371995,2025-06-09 00:19:22,42.4224739074707,-8.87855339050293,"Female"
"9004154",371995,2025-06-09 00:24:22,42.4224586486816,-8.87838077545166,"Female"
"9004154",371995,2025-06-09 00:29:24,42.423168182373,-8.87872123718262,"Female"
"9004154",371995,2025-06-09 00:34:36,42.4225845336914,-8.87845134735107,"Female"
"9004154",371995,2025-06-09 00:39:39,42.4229774475098,-8.87847995758057,"Female"
"9004154",371995,2025-06-09 00:45:40,42.4225311279297,-8.87844181060791,"Female"
"9004154",371995,2025-06-09 00:50:40,42.4225616455078,-8.87843799591064,"Female"
"9004154",371995,2025-06-09 00:55:40,42.4226188659668,-8.87844371795654,"Female"
"9004154",371995,2025-06-09 01:00:40,42.4225959777832,-8.87843132019043,"Female"
"9004154",371995,2025-06-09 01:05:40,42.422607421875,-8.87843322753906,"Female"
"9004154",371995,2025-06-09 01:09:53,42.4225921630859,-8.87845993041992,"Female"
"9004154",371995,2025-06-09 01:14:16,42.4228248596191,-8.87854194641113,"Female"
"9004154",371995,2025-06-09 01:19:15,42.4225311279297,-8.87844276428223,"Female"
"9004154",371995,2025-06-09 01:24:17,42.4224052429199,-8.87854480743408,"Female"
"9004154",371995,2025-06-09 01:29:16,42.422794342041,-8.87857723236084,"Female"
"9004154",371995,2025-06-09 01:34:16,42.4228210449219,-8.87863063812256,"Female"
"9004154",371995,2025-06-09 01:39:17,42.4228477478027,-8.87856674194336,"Female"
"9004154",371995,2025-06-09 01:44:19,42.4227066040039,-8.87847137451172,"Female"
"9004154",371995,2025-06-09 01:49:28,42.422737121582,-8.87843132019043,"Female"
"9004154",371995,2025-06-09 01:54:24,42.4227905273438,-8.87840461730957,"Female"
"9004154",371995,2025-06-09 01:59:24,42.4228096008301,-8.87835788726807,"Female"
"9004154",371995,2025-06-09 02:04:29,42.4228172302246,-8.87840843200684,"Female"
"9004154",371995,2025-06-09 02:09:29,42.4227600097656,-8.87833690643311,"Female"
"9004154",371995,2025-06-09 02:14:29,42.422737121582,-8.87833976745605,"Female"
"9004154",371995,2025-06-09 02:19:29,42.4227447509766,-8.87828922271729,"Female"
"9004154",371995,2025-06-09 02:24:29,42.4227981567383,-8.87828922271729,"Female"
"9004154",371995,2025-06-09 02:29:44,42.422664642334,-8.87836265563965,"Female"
"9004154",371995,2025-06-09 02:34:19,42.4228935241699,-8.87832641601562,"Female"
"9004154",371995,2025-06-09 02:39:24,42.4228935241699,-8.87828254699707,"Female"
"9004154",371995,2025-06-09 02:44:25,42.4222602844238,-8.87849044799805,"Female"
"9004154",371995,2025-06-09 02:49:53,42.422679901123,-8.8784122467041,"Female"
"9004154",371995,2025-06-09 02:54:16,42.4223175048828,-8.87796592712402,"Female"
"9004154",371995,2025-06-09 02:59:16,42.4224433898926,-8.87828826904297,"Female"
"9004154",371995,2025-06-09 03:04:17,42.4223327636719,-8.87823295593262,"Female"
"9004154",371995,2025-06-09 03:09:19,42.4226837158203,-8.87847137451172,"Female"
"9004154",371995,2025-06-09 03:14:17,42.4226837158203,-8.87826251983643,"Female"
"9004154",371995,2025-06-09 03:19:18,42.4226112365723,-8.87845134735107,"Female"
"9004154",371995,2025-06-09 03:24:18,42.4226226806641,-8.87833404541016,"Female"
"9004154",371995,2025-06-09 03:29:21,42.422492980957,-8.87852001190186,"Female"
"9004154",371995,2025-06-09 03:34:21,42.4226722717285,-8.87845802307129,"Female"
"9004154",371995,2025-06-09 03:39:44,42.422679901123,-8.87847328186035,"Female"
"9004154",371995,2025-06-09 03:44:22,42.4225769042969,-8.87846183776855,"Female"
"9004154",371995,2025-06-09 03:49:22,42.4226341247559,-8.8784646987915,"Female"
"9004154",371995,2025-06-09 03:54:44,42.422721862793,-8.8784761428833,"Female"
"9004154",371995,2025-06-09 03:59:21,42.4225769042969,-8.87852764129639,"Female"
"9004154",371995,2025-06-09 04:04:18,42.4226417541504,-8.878830909729,"Female"
"9004154",371995,2025-06-09 04:09:28,42.4227828979492,-8.87838840484619,"Female"
"9004154",371995,2025-06-09 04:14:31,42.4226989746094,-8.8784646987915,"Female"
"9004154",371995,2025-06-09 04:19:16,42.4226722717285,-8.87808895111084,"Female"
"9004154",371995,2025-06-09 04:24:16,42.4225730895996,-8.87834644317627,"Female"
"9004154",371995,2025-06-09 04:29:16,42.4225959777832,-8.87854480743408,"Female"
"9004154",371995,2025-06-09 04:34:18,42.4226379394531,-8.87851715087891,"Female"
"9004154",371995,2025-06-09 04:39:18,42.4225387573242,-8.87901401519775,"Female"
"9004154",371995,2025-06-09 04:44:17,42.4227676391602,-8.87831115722656,"Female"
"9004154",371995,2025-06-09 04:49:15,42.4225616455078,-8.87837505340576,"Female"
"9004154",371995,2025-06-09 04:54:19,42.4223594665527,-8.87857818603516,"Female"
"9004154",371995,2025-06-09 04:59:18,42.4226112365723,-8.87827491760254,"Female"
"9004154",371995,2025-06-09 05:04:18,42.4225654602051,-8.87869358062744,"Female"
"9004154",371995,2025-06-09 05:09:24,42.4229164123535,-8.87855434417725,"Female"
"9004154",371995,2025-06-09 05:14:16,42.4286460876465,-8.87900447845459,"Female"
"9004154",371995,2025-06-09 05:20:00,42.441650390625,-8.87452220916748,"Female"
"9004154",371995,2025-06-09 05:24:59,42.4433479309082,-8.87592506408691,"Female"
"9004154",371995,2025-06-09 05:33:50,42.44384765625,-8.8761568069458,"Female"
"9004154",371995,2025-06-09 05:41:19,42.4433517456055,-8.87702369689941,"Female"
"9004154",371995,2025-06-09 05:46:18,42.4373588562012,-8.87783145904541,"Female"
"9004154",371995,2025-06-09 05:51:18,42.4373092651367,-8.87771129608154,"Female"
"9004154",371995,2025-06-09 05:56:18,42.4372673034668,-8.87771320343018,"Female"
"9004154",371995,2025-06-09 06:01:18,42.4372863769531,-8.87767505645752,"Female"
"9004154",371995,2025-06-09 06:06:18,42.4372978210449,-8.87766075134277,"Female"
"9004154",371995,2025-06-09 06:11:18,42.4372901916504,-8.87753486633301,"Female"
"9004154",371995,2025-06-09 06:16:18,42.4372978210449,-8.87765502929688,"Female"
"9004154",371995,2025-06-09 06:21:20,42.4372863769531,-8.87753772735596,"Female"
"9004154",371995,2025-06-09 06:26:18,42.4372024536133,-8.87741088867188,"Female"
"9004154",371995,2025-06-09 06:31:18,42.4372062683105,-8.87751293182373,"Female"
"9004154",371995,2025-06-09 06:36:19,42.4372482299805,-8.87750625610352,"Female"
"9004154",371995,2025-06-09 06:41:24,42.4372177124023,-8.87752914428711,"Female"
"9004154",371995,2025-06-09 06:46:24,42.4372291564941,-8.87745189666748,"Female"
"9004154",371995,2025-06-09 06:51:44,42.4373168945312,-8.87766742706299,"Female"
"9004154",371995,2025-06-09 06:56:18,42.4372596740723,-8.87758255004883,"Female"
"9004154",371995,2025-06-09 07:01:20,42.4370422363281,-8.87709426879883,"Female"
"9004154",371995,2025-06-09 07:06:21,42.4371528625488,-8.87725067138672,"Female"
"9004154",371995,2025-06-09 07:11:21,42.4423980712891,-8.87679862976074,"Female"
"9004154",371995,2025-06-09 07:16:37,42.4424705505371,-8.87577629089355,"Female"
"9004154",371995,2025-06-09 07:21:51,42.4449806213379,-8.87615394592285,"Female"
"9004154",371995,2025-06-09 07:27:11,42.4460945129395,-8.87719535827637,"Female"
"9004154",371995,2025-06-09 07:32:07,42.4461288452148,-8.87831974029541,"Female"
"9004154",371995,2025-06-09 07:37:07,42.4557151794434,-8.89508056640625,"Female"
"9004154",371995,2025-06-09 07:42:08,42.4575462341309,-8.90155029296875,"Female"
"9004154",371995,2025-06-09 07:53:43,42.4618492126465,-8.91102600097656,"Female"
"9004154",371995,2025-06-09 07:59:23,42.4614906311035,-8.91044235229492,"Female"
"9004154",371995,2025-06-09 08:09:59,42.4605560302734,-8.91025829315186,"Female"
"9004154",371995,2025-06-09 08:14:23,42.4596672058105,-8.9050350189209,"Female"
"9004154",371995,2025-06-09 08:19:23,42.4597129821777,-8.90517520904541,"Female"
"9004154",371995,2025-06-09 08:24:22,42.4600524902344,-8.90664100646973,"Female"
"9004154",371995,2025-06-09 08:29:22,42.4612503051758,-8.90828514099121,"Female"
"9004154",371995,2025-06-09 08:42:03,42.460334777832,-8.90800857543945,"Female"
"9004154",371995,2025-06-09 08:47:02,42.4587287902832,-8.90440845489502,"Female"
"9004154",371995,2025-06-09 08:52:03,42.4587135314941,-8.90435218811035,"Female"
"9004154",371995,2025-06-09 08:57:02,42.4586791992188,-8.90445613861084,"Female"
"9004154",371995,2025-06-09 09:02:03,42.4587516784668,-8.9044017791748,"Female"
"9004154",371995,2025-06-09 09:07:03,42.4587249755859,-8.90440082550049,"Female"
"9004154",371995,2025-06-09 09:12:03,42.4587135314941,-8.90438652038574,"Female"
"9004154",371995,2025-06-09 09:17:02,42.4587898254395,-8.90449523925781,"Female"
"9004154",371995,2025-06-09 09:22:02,42.4586944580078,-8.90439224243164,"Female"
"9004154",371995,2025-06-09 09:27:03,42.4586219787598,-8.90440559387207,"Female"
"9004154",371995,2025-06-09 09:32:03,42.4587135314941,-8.90444850921631,"Female"
"9004154",371995,2025-06-09 09:37:03,42.4586029052734,-8.90441799163818,"Female"
"9004154",371995,2025-06-09 09:42:02,42.4587783813477,-8.90454578399658,"Female"
"9004154",371995,2025-06-09 09:47:03,42.458381652832,-8.9043550491333,"Female"
"9004154",371995,2025-06-09 09:52:03,42.4585952758789,-8.90453338623047,"Female"
"9004154",371995,2025-06-09 09:57:03,42.4600067138672,-8.90995693206787,"Female"
"9004154",371995,2025-06-09 10:02:07,42.4603729248047,-8.91051006317139,"Female"
"9004154",371995,2025-06-09 10:07:09,42.4598731994629,-8.9109582901001,"Female"
"9004154",371995,2025-06-09 10:12:18,42.460765838623,-8.91130352020264,"Female"
"9004154",371995,2025-06-09 10:17:39,42.4611015319824,-8.91214466094971,"Female"
"9004154",371995,2025-06-09 10:22:37,42.4607276916504,-8.91385841369629,"Female"
"9004154",371995,2025-06-09 10:27:44,42.4607124328613,-8.91348361968994,"Female"
"9004154",371995,2025-06-09 10:32:38,42.4609489440918,-8.91084289550781,"Female"
"9004154",371995,2025-06-09 10:40:11,42.4614601135254,-8.91351222991943,"Female"
"9004154",371995,2025-06-09 10:44:50,42.4615859985352,-8.91104412078857,"Female"
"9004154",371995,2025-06-09 10:50:07,42.4608268737793,-8.90894985198975,"Female"
"9004154",371995,2025-06-09 10:55:12,42.460506439209,-8.90740871429443,"Female"
"9004154",371995,2025-06-09 11:04:52,42.4612731933594,-8.90750408172607,"Female"
"9004154",371995,2025-06-09 11:09:53,42.4600448608398,-8.9063024520874,"Female"
"9004154",371995,2025-06-09 11:14:52,42.458683013916,-8.9044828414917,"Female"
"9004154",371995,2025-06-09 11:19:52,42.4585227966309,-8.90478324890137,"Female"
"9004154",371995,2025-06-09 11:25:02,42.4585380554199,-8.90482234954834,"Female"
"9004154",371995,2025-06-09 11:29:53,42.4548034667969,-8.92149353027344,"Female"
"9004154",371995,2025-06-09 11:35:14,42.4549903869629,-8.92001914978027,"Female"
"9004154",371995,2025-06-09 11:39:52,42.455020904541,-8.9200553894043,"Female"
"9004154",371995,2025-06-09 11:44:52,42.4549140930176,-8.92011547088623,"Female"
"9004154",371995,2025-06-09 11:49:52,42.454948425293,-8.92007350921631,"Female"
"9004154",371995,2025-06-09 11:54:57,42.4549140930176,-8.92031955718994,"Female"
"9004154",371995,2025-06-09 11:59:59,42.4606285095215,-8.91337585449219,"Female"
"9004154",371995,2025-06-09 12:09:12,42.4601173400879,-8.91490745544434,"Female"
"9004154",371995,2025-06-09 12:14:11,42.4608192443848,-8.91407871246338,"Female"
"9004154",371995,2025-06-09 12:19:23,42.4609756469727,-8.91349124908447,"Female"
"9004154",371995,2025-06-09 12:24:29,42.4607391357422,-8.91395664215088,"Female"
"9004154",371995,2025-06-09 12:29:29,42.4606552124023,-8.91325950622559,"Female"
"9004154",371995,2025-06-09 12:35:29,42.4607849121094,-8.91215896606445,"Female"
"9004154",371995,2025-06-09 12:39:22,42.4614524841309,-8.91195011138916,"Female"
"9004154",371995,2025-06-09 12:44:22,42.4606018066406,-8.91044330596924,"Female"
"9004154",371995,2025-06-09 12:49:23,42.4594345092773,-8.90521049499512,"Female"
"9004154",371995,2025-06-09 12:54:22,42.4594573974609,-8.90518951416016,"Female"
"9004154",371995,2025-06-09 12:59:22,42.4594802856445,-8.90517616271973,"Female"
"9004154",371995,2025-06-09 13:04:22,42.4596633911133,-8.90529632568359,"Female"
"9004154",371995,2025-06-09 13:09:22,42.4595069885254,-8.90530014038086,"Female"
"9004154",371995,2025-06-09 13:14:22,42.4597129821777,-8.90539169311523,"Female"
"9004154",371995,2025-06-09 13:19:22,42.4595413208008,-8.90525817871094,"Female"
"9004154",371995,2025-06-09 13:24:22,42.4597511291504,-8.90543842315674,"Female"
"9004154",371995,2025-06-09 13:29:22,42.4595985412598,-8.90527057647705,"Female"
"9004154",371995,2025-06-09 13:34:22,42.4596252441406,-8.90528869628906,"Female"
"9004154",371995,2025-06-09 13:39:23,42.4597206115723,-8.90555286407471,"Female"
"9004154",371995,2025-06-09 13:44:23,42.4595565795898,-8.90548610687256,"Female"
"9004154",371995,2025-06-09 13:49:23,42.4594764709473,-8.90547275543213,"Female"
"9004154",371995,2025-06-09 13:54:23,42.4594917297363,-8.90543079376221,"Female"
"9004154",371995,2025-06-09 13:59:24,42.4595756530762,-8.90547752380371,"Female"
"9004154",371995,2025-06-09 14:04:23,42.4594535827637,-8.90542030334473,"Female"
"9004154",371995,2025-06-09 14:09:22,42.4594345092773,-8.90570831298828,"Female"
"9004154",371995,2025-06-09 14:14:22,42.4596099853516,-8.90555477142334,"Female"
"9004154",371995,2025-06-09 14:19:22,42.459602355957,-8.90524196624756,"Female"
"9004154",371995,2025-06-09 14:24:23,42.4595832824707,-8.90524196624756,"Female"
"9004154",371995,2025-06-09 14:29:22,42.4595603942871,-8.90522480010986,"Female"
"9004154",371995,2025-06-09 14:34:22,42.45947265625,-8.90520095825195,"Female"
"9004154",371995,2025-06-09 14:39:30,42.4596672058105,-8.90524864196777,"Female"
"9004154",371995,2025-06-09 14:44:22,42.4595794677734,-8.90523815155029,"Female"
"9004154",371995,2025-06-09 14:49:31,42.4597473144531,-8.9051342010498,"Female"
"9004154",371995,2025-06-09 14:54:30,42.4552040100098,-8.8868989944458,"Female"
"9004154",371995,2025-06-09 14:59:30,42.4546012878418,-8.8857307434082,"Female"
"9004154",371995,2025-06-09 15:04:24,42.4540863037109,-8.88543319702148,"Female"
"9004154",371995,2025-06-09 15:11:09,42.4528503417969,-8.88404178619385,"Female"
"9004154",371995,2025-06-09 15:16:12,42.4516868591309,-8.8838415145874,"Female"
"9004154",371995,2025-06-09 15:26:39,42.4440727233887,-8.87993240356445,"Female"
"9004154",371995,2025-06-09 15:34:18,42.4441032409668,-8.8799934387207,"Female"
"9004154",371995,2025-06-09 15:39:16,42.4429130554199,-8.87937641143799,"Female"
"9004154",371995,2025-06-09 15:44:18,42.4378433227539,-8.87794303894043,"Female"
"9004154",371995,2025-06-09 15:49:35,42.4373054504395,-8.87772274017334,"Female"
"9004154",371995,2025-06-09 15:54:14,42.4374313354492,-8.87793350219727,"Female"
"9004154",371995,2025-06-09 15:59:12,42.4374160766602,-8.87793159484863,"Female"
"9004154",371995,2025-06-09 16:04:12,42.4372901916504,-8.87780475616455,"Female"
"9004154",371995,2025-06-09 16:09:13,42.4374351501465,-8.8780517578125,"Female"
"9004154",371995,2025-06-09 16:14:13,42.4374847412109,-8.87799263000488,"Female"
"9004154",371995,2025-06-09 16:19:13,42.4372863769531,-8.87781524658203,"Female"
"9004154",371995,2025-06-09 16:24:15,42.4369354248047,-8.87757682800293,"Female"
"9004154",371995,2025-06-09 16:29:14,42.4372520446777,-8.87776279449463,"Female"
"9004154",371995,2025-06-09 16:34:20,42.4372100830078,-8.87577533721924,"Female"
"9004154",371995,2025-06-09 16:39:21,42.4369773864746,-8.87557792663574,"Female"
"9004154",371995,2025-06-09 16:44:28,42.4363250732422,-8.87513637542725,"Female"
"9004154",371995,2025-06-09 17:03:14,42.4370574951172,-8.87246894836426,"Female"
"9004154",371995,2025-06-09 17:08:24,42.4377784729004,-8.87374114990234,"Female"
"9004154",371995,2025-06-09 17:13:26,42.4376640319824,-8.87382698059082,"Female"
"9004154",371995,2025-06-09 17:18:17,42.4373397827148,-8.87306308746338,"Female"
"9004154",371995,2025-06-09 17:23:18,42.4375610351562,-8.87239074707031,"Female"
"9004154",371995,2025-06-09 17:28:22,42.4382743835449,-8.87272071838379,"Female"
"9004154",371995,2025-06-09 17:33:21,42.4381446838379,-8.87241840362549,"Female"
"9004154",371995,2025-06-09 17:38:16,42.4363784790039,-8.8725061416626,"Female"
"9004154",371995,2025-06-09 17:47:10,42.4370193481445,-8.87436103820801,"Female"
"9004154",371995,2025-06-09 17:53:36,42.4365386962891,-8.87620830535889,"Female"
"9004154",371995,2025-06-09 18:00:21,42.4350433349609,-8.87618446350098,"Female"
"9004154",371995,2025-06-09 18:05:27,42.4358901977539,-8.87614440917969,"Female"
"9004154",371995,2025-06-09 18:10:30,42.4330711364746,-8.87877464294434,"Female"
"9004154",371995,2025-06-09 18:15:44,42.4227752685547,-8.87853813171387,"Female"
"9004154",371995,2025-06-09 18:20:30,42.4229545593262,-8.87827396392822,"Female"
"9004154",371995,2025-06-09 18:25:30,42.4228210449219,-8.87852954864502,"Female"
"9004154",371995,2025-06-09 18:30:30,42.4230728149414,-8.87851428985596,"Female"
"9004154",371995,2025-06-09 18:35:43,42.4228172302246,-8.87841510772705,"Female"
"9004154",371995,2025-06-09 18:40:22,42.4228210449219,-8.87836742401123,"Female"
"9004154",371995,2025-06-09 18:45:21,42.4228820800781,-8.87840938568115,"Female"
"9004154",371995,2025-06-09 18:50:25,42.4232940673828,-8.87835884094238,"Female"
"9004154",371995,2025-06-09 18:55:21,42.4233245849609,-8.8783655166626,"Female"
"9004154",371995,2025-06-09 19:00:30,42.4227104187012,-8.87828350067139,"Female"
"9004154",371995,2025-06-09 19:05:21,42.4230842590332,-8.87876415252686,"Female"
"9004154",371995,2025-06-09 19:10:44,42.4223937988281,-8.87850379943848,"Female"
"9004154",371995,2025-06-09 19:15:22,42.4226913452148,-8.87821102142334,"Female"
"9004154",371995,2025-06-09 19:20:20,42.4225463867188,-8.87835502624512,"Female"
"9004154",371995,2025-06-09 19:25:20,42.4222755432129,-8.87858390808105,"Female"
"9004154",371995,2025-06-09 19:30:53,42.4226150512695,-8.8784294128418,"Female"
"9004154",371995,2025-06-09 19:35:23,42.4227638244629,-8.87837409973145,"Female"
"9004154",371995,2025-06-09 19:40:17,42.4227638244629,-8.87866020202637,"Female"
"9004154",371995,2025-06-09 19:45:21,42.4226989746094,-8.87824630737305,"Female"
"9004154",371995,2025-06-09 19:50:19,42.4229545593262,-8.87794017791748,"Female"
"9004154",371995,2025-06-09 19:55:18,42.422679901123,-8.87880611419678,"Female"
"9004154",371995,2025-06-09 20:00:17,42.4228096008301,-8.87877082824707,"Female"
"9004154",371995,2025-06-09 20:05:21,42.4221954345703,-8.87787342071533,"Female"
"9004154",371995,2025-06-09 20:10:25,42.4228858947754,-8.87855529785156,"Female"
"9004154",371995,2025-06-09 20:15:44,42.4227600097656,-8.87853622436523,"Female"
"9004154",371995,2025-06-09 20:20:19,42.422664642334,-8.87868690490723,"Female"
"9004154",371995,2025-06-09 20:25:20,42.4224472045898,-8.87863922119141,"Female"
"9004154",371995,2025-06-09 20:30:31,42.4225692749023,-8.87846183776855,"Female"
"9004154",371995,2025-06-09 20:35:28,42.4226722717285,-8.87847232818604,"Female"
"9004154",371995,2025-06-09 20:40:30,42.4225006103516,-8.87855815887451,"Female"
"9004154",371995,2025-06-09 20:45:53,42.4226531982422,-8.87849617004395,"Female"
"9004154",371995,2025-06-09 20:50:19,42.4229202270508,-8.87851810455322,"Female"
"9004154",371995,2025-06-09 20:55:19,42.4228019714355,-8.87864303588867,"Female"
"9004154",371995,2025-06-09 21:00:17,42.4227752685547,-8.8782844543457,"Female"
"9004154",371995,2025-06-09 21:05:18,42.4225196838379,-8.87820911407471,"Female"
"9004154",371995,2025-06-09 21:10:21,42.4227638244629,-8.87826347351074,"Female"
"9004154",371995,2025-06-09 21:15:34,42.4226112365723,-8.87823677062988,"Female"
"9004154",371995,2025-06-09 21:20:37,42.422550201416,-8.87827014923096,"Female"
"9004154",371995,2025-06-09 21:25:21,42.4227104187012,-8.87838459014893,"Female"
"9004154",371995,2025-06-09 21:30:44,42.4225540161133,-8.87828922271729,"Female"
"9004154",371995,2025-06-09 21:35:49,42.4226303100586,-8.87874698638916,"Female"
"9004154",371995,2025-06-09 21:40:17,42.4227447509766,-8.87850475311279,"Female"
"9004154",371995,2025-06-09 21:45:20,42.4228439331055,-8.87814521789551,"Female"
"9004154",371995,2025-06-09 21:50:18,42.4226264953613,-8.87867259979248,"Female"
"9004154",371995,2025-06-09 21:55:21,42.4228591918945,-8.87826919555664,"Female"
"9004154",371995,2025-06-09 22:00:17,42.4227333068848,-8.87827587127686,"Female"
"9004154",371995,2025-06-09 22:05:22,42.4227638244629,-8.87790107727051,"Female"
"9004154",371995,2025-06-09 22:10:22,42.4227600097656,-8.87820148468018,"Female"
"9004154",371995,2025-06-09 22:15:17,42.4225730895996,-8.87859725952148,"Female"
"9004154",371995,2025-06-09 22:20:18,42.4226379394531,-8.87845516204834,"Female"
"9004154",371995,2025-06-09 22:25:18,42.4225044250488,-8.87847900390625,"Female"
"9004154",371995,2025-06-09 22:30:44,42.4226264953613,-8.87839412689209,"Female"
"9004154",371995,2025-06-09 22:35:20,42.4226417541504,-8.87843799591064,"Female"
"9004154",371995,2025-06-09 22:40:22,42.4227027893066,-8.87843418121338,"Female"
"9004154",371995,2025-06-09 22:45:24,42.422679901123,-8.87825584411621,"Female"
"9004154",371995,2025-06-09 22:50:18,42.4227066040039,-8.87814617156982,"Female"
"9004154",371995,2025-06-09 22:55:19,42.4227066040039,-8.87841796875,"Female"
"9004154",371995,2025-06-09 23:00:18,42.4228134155273,-8.8782262802124,"Female"
"9004154",371995,2025-06-09 23:05:18,42.4225387573242,-8.87877082824707,"Female"
"9004154",371995,2025-06-09 23:10:19,42.4225654602051,-8.87870597839355,"Female"
"9004154",371995,2025-06-09 23:15:44,42.4225578308105,-8.87843608856201,"Female"
"9004154",371995,2025-06-09 23:20:18,42.4226150512695,-8.87820816040039,"Female"
"9004154",371995,2025-06-09 23:25:18,42.4225730895996,-8.87830924987793,"Female"
"9004154",371995,2025-06-09 23:30:18,42.4226303100586,-8.87844848632812,"Female"
"9004154",371995,2025-06-09 23:35:21,42.422420501709,-8.87876224517822,"Female"
"9004154",371995,2025-06-09 23:40:18,42.4226264953613,-8.8786096572876,"Female"
"9004154",371995,2025-06-09 23:45:44,42.4225997924805,-8.87837696075439,"Female"
"9004154",371995,2025-06-09 23:50:18,42.4226150512695,-8.87846374511719,"Female"
"9004154",371995,2025-06-09 23:55:21,42.422794342041,-8.87839221954346,"Female"
"9004154",371995,2025-06-10 00:00:43,42.4226684570312,-8.87833595275879,"Female"
"9004154",371995,2025-06-10 00:05:51,42.4226913452148,-8.87838840484619,"Female"
"9004154",371995,2025-06-10 00:10:18,42.422420501709,-8.87846660614014,"Female"
"9004154",371995,2025-06-10 00:15:20,42.4225158691406,-8.87841320037842,"Female"
"9004154",371995,2025-06-10 00:20:20,42.422534942627,-8.87844085693359,"Female"
"9004154",371995,2025-06-10 00:25:20,42.4227142333984,-8.87849617004395,"Female"
"9004154",371995,2025-06-10 00:30:17,42.4228096008301,-8.87838459014893,"Female"
"9004154",371995,2025-06-10 00:35:20,42.4225006103516,-8.87842750549316,"Female"
"9004154",371995,2025-06-10 00:40:20,42.4225807189941,-8.87841320037842,"Female"
"9004154",371995,2025-06-10 00:45:53,42.4226303100586,-8.87837409973145,"Female"
"9004154",371995,2025-06-10 00:50:21,42.422679901123,-8.87838268280029,"Female"
"9004154",371995,2025-06-10 00:55:22,42.4226837158203,-8.87840175628662,"Female"
"9004154",371995,2025-06-10 01:00:18,42.4227066040039,-8.87829399108887,"Female"
"9004154",371995,2025-06-10 01:05:19,42.4227638244629,-8.87837314605713,"Female"
"9004154",371995,2025-06-10 01:10:19,42.4227714538574,-8.87847900390625,"Female"
"9004154",371995,2025-06-10 01:15:20,42.4227066040039,-8.8784646987915,"Female"
"9004154",371995,2025-06-10 01:20:43,42.4226531982422,-8.87836933135986,"Female"
"9004154",371995,2025-06-10 01:25:21,42.4227714538574,-8.87843418121338,"Female"
"9004154",371995,2025-06-10 01:30:17,42.4227104187012,-8.87850189208984,"Female"
"9004154",371995,2025-06-10 01:35:17,42.4226837158203,-8.87843322753906,"Female"
"9004154",371995,2025-06-10 01:40:17,42.4227294921875,-8.87850761413574,"Female"
"9004154",371995,2025-06-10 01:45:32,42.4227447509766,-8.87843799591064,"Female"
"9004154",371995,2025-06-10 01:50:45,42.4230155944824,-8.8782958984375,"Female"
"9004154",371995,2025-06-10 01:55:23,42.4230003356934,-8.87822151184082,"Female"
"9004154",371995,2025-06-10 02:00:20,42.4226341247559,-8.87855911254883,"Female"
"9004154",371995,2025-06-10 02:05:18,42.4228858947754,-8.87845993041992,"Female"
"9004154",371995,2025-06-10 02:10:19,42.422679901123,-8.87851333618164,"Female"
"9004154",371995,2025-06-10 02:15:19,42.4228515625,-8.87846088409424,"Female"
"9004154",371995,2025-06-10 02:20:20,42.4229011535645,-8.87853908538818,"Female"
"9004154",371995,2025-06-10 02:25:30,42.4227409362793,-8.87813282012939,"Female"
"9004154",371995,2025-06-10 02:30:28,42.4226684570312,-8.87812519073486,"Female"
"9004154",371995,2025-06-10 02:35:44,42.4232635498047,-8.87812232971191,"Female"
"9004154",371995,2025-06-10 02:40:21,42.4233856201172,-8.87844753265381,"Female"
"9004154",371995,2025-06-10 02:46:35,42.4235000610352,-8.87871932983398,"Female"
"9004154",371995,2025-06-10 02:50:19,42.4229927062988,-8.87820625305176,"Female"
"9004154",371995,2025-06-10 02:55:17,42.4231300354004,-8.87829971313477,"Female"
"9004154",371995,2025-06-10 03:00:17,42.4225997924805,-8.87847423553467,"Female"
"9004154",371995,2025-06-10 03:05:18,42.4227333068848,-8.87842655181885,"Female"
"9004154",371995,2025-06-10 03:10:27,42.4226226806641,-8.87845611572266,"Female"
"9004154",371995,2025-06-10 03:15:20,42.4227523803711,-8.87846279144287,"Female"
"9004154",371995,2025-06-10 03:20:21,42.4227409362793,-8.87839126586914,"Female"
"9004154",371995,2025-06-10 03:25:21,42.4227294921875,-8.87846088409424,"Female"
"9004154",371995,2025-06-10 03:30:34,42.4229011535645,-8.87843990325928,"Female"
"9004154",371995,2025-06-10 03:35:44,42.4226913452148,-8.8784122467041,"Female"
"9004154",371995,2025-06-10 03:40:17,42.4226531982422,-8.87852096557617,"Female"
"9004154",371995,2025-06-10 03:45:18,42.4228591918945,-8.87838554382324,"Female"
"9004154",371995,2025-06-10 03:50:20,42.4227714538574,-8.87847518920898,"Female"
"9004154",371995,2025-06-10 03:55:22,42.4226760864258,-8.87833309173584,"Female"
"9004154",371995,2025-06-10 04:00:17,42.4225959777832,-8.8784646987915,"Female"
"9004154",371995,2025-06-10 04:05:17,42.4226379394531,-8.87850379943848,"Female"
"9004154",371995,2025-06-10 04:10:51,42.4227294921875,-8.87840461730957,"Female"
"9004154",371995,2025-06-10 04:15:19,42.4226341247559,-8.87839889526367,"Female"
"9004154",371995,2025-06-10 04:20:19,42.4224662780762,-8.87842082977295,"Female"
"9004154",371995,2025-06-10 04:25:21,42.4224662780762,-8.87876510620117,"Female"
"9004154",371995,2025-06-10 04:30:18,42.4224586486816,-8.87869930267334,"Female"
"9004154",371995,2025-06-10 04:35:18,42.4226455688477,-8.87799167633057,"Female"
"9004154",371995,2025-06-10 04:40:20,42.4225196838379,-8.87855529785156,"Female"
"9004154",371995,2025-06-10 04:45:19,42.4227447509766,-8.87837505340576,"Female"
"9004154",371995,2025-06-10 04:50:20,42.4228401184082,-8.87845039367676,"Female"
"9004154",371995,2025-06-10 04:55:30,42.4227027893066,-8.87833595275879,"Female"
"9004154",371995,2025-06-10 05:00:18,42.4225425720215,-8.87814617156982,"Female"
"9004154",371995,2025-06-10 05:05:30,42.4226493835449,-8.87830066680908,"Female"
"9004154",371995,2025-06-10 05:10:23,42.4226341247559,-8.87846183776855,"Female"
"9004154",371995,2025-06-10 05:15:24,42.4224815368652,-8.87778186798096,"Female"
"9004154",371995,2025-06-10 05:20:24,42.4223823547363,-8.87781620025635,"Female"
"9004154",371995,2025-06-10 05:25:23,42.4223899841309,-8.87789630889893,"Female"
"9004154",371995,2025-06-10 05:30:22,42.4225044250488,-8.87836074829102,"Female"
"9004154",371995,2025-06-10 05:35:21,42.424991607666,-8.87562656402588,"Female"
"9004154",371995,2025-06-10 05:40:22,42.4249801635742,-8.87576484680176,"Female"
"9004154",371995,2025-06-10 05:45:22,42.4247703552246,-8.87574672698975,"Female"
"9004154",371995,2025-06-10 05:50:31,42.4223289489746,-8.87852954864502,"Female"
"9004154",371995,2025-06-10 05:55:31,42.422721862793,-8.87803554534912,"Female"
"9004154",371995,2025-06-10 06:00:20,42.4368476867676,-8.87395858764648,"Female"
"9004154",371995,2025-06-10 06:06:00,42.4372673034668,-8.87459468841553,"Female"
"9004154",371995,2025-06-10 06:11:39,42.4406471252441,-8.87494373321533,"Female"
"9004154",371995,2025-06-10 06:25:40,42.4430847167969,-8.87516975402832,"Female"
"9004154",371995,2025-06-10 06:30:10,42.4456672668457,-8.87743473052979,"Female"
"9004154",371995,2025-06-10 06:35:10,42.447868347168,-8.87854671478271,"Female"
"9004154",371995,2025-06-10 06:41:09,42.4479293823242,-8.87893772125244,"Female"
"9004154",371995,2025-06-10 06:46:37,42.460090637207,-8.90895748138428,"Female"
"9004154",371995,2025-06-10 06:51:17,42.4604187011719,-8.91053867340088,"Female"
"9004154",371995,2025-06-10 07:00:44,42.4609184265137,-8.90996837615967,"Female"
"9004154",371995,2025-06-10 07:18:14,42.4606704711914,-8.9082555770874,"Female"
"9004154",371995,2025-06-10 07:22:30,42.461669921875,-8.91071605682373,"Female"
"9004154",371995,2025-06-10 07:32:53,42.4610061645508,-8.91103267669678,"Female"
"9004154",371995,2025-06-10 07:37:44,42.4585342407227,-8.91293239593506,"Female"
"9004154",371995,2025-06-10 07:42:54,42.4507217407227,-8.91684341430664,"Female"
"9004154",371995,2025-06-10 07:48:05,42.4508247375488,-8.91704082489014,"Female"
"9004154",371995,2025-06-10 07:52:41,42.450813293457,-8.91701507568359,"Female"
"9004154",371995,2025-06-10 07:57:41,42.4507675170898,-8.91705799102783,"Female"
"9004154",371995,2025-06-10 08:02:41,42.4508476257324,-8.91706275939941,"Female"
"9004154",371995,2025-06-10 08:07:41,42.4509239196777,-8.91703319549561,"Female"
"9004154",371995,2025-06-10 08:12:41,42.4508399963379,-8.91703033447266,"Female"
"9004154",371995,2025-06-10 08:17:41,42.4507522583008,-8.91698932647705,"Female"
"9004154",371995,2025-06-10 08:22:41,42.4507598876953,-8.91699314117432,"Female"
"9004154",371995,2025-06-10 08:27:41,42.4507904052734,-8.91705894470215,"Female"
"9004154",371995,2025-06-10 08:32:41,42.4508018493652,-8.91701221466064,"Female"
"9004154",371995,2025-06-10 08:37:41,42.4507675170898,-8.91703414916992,"Female"
"9004154",371995,2025-06-10 08:42:41,42.4507675170898,-8.91698455810547,"Female"
"9004154",371995,2025-06-10 08:47:41,42.4507865905762,-8.91696166992188,"Female"
"9004154",371995,2025-06-10 08:52:41,42.450756072998,-8.91705703735352,"Female"
"9004154",371995,2025-06-10 08:57:41,42.4507369995117,-8.91696453094482,"Female"
"9004154",371995,2025-06-10 09:02:41,42.4507827758789,-8.91703796386719,"Female"
"9004154",371995,2025-06-10 09:07:42,42.4507637023926,-8.91702365875244,"Female"
"9004154",371995,2025-06-10 09:12:42,42.4507751464844,-8.91718196868896,"Female"
"9004154",371995,2025-06-10 09:17:42,42.4507217407227,-8.91715526580811,"Female"
"9004154",371995,2025-06-10 09:22:42,42.4507102966309,-8.91710567474365,"Female"
"9004154",371995,2025-06-10 09:27:41,42.450740814209,-8.91714763641357,"Female"
"9004154",371995,2025-06-10 09:32:42,42.4546089172363,-8.91859149932861,"Female"
"9004154",371995,2025-06-10 09:37:42,42.4546165466309,-8.91855716705322,"Female"
"9004154",371995,2025-06-10 09:42:42,42.4600944519043,-8.91235828399658,"Female"
"9004154",371995,2025-06-10 09:47:41,42.4609031677246,-8.91164398193359,"Female"
"9004154",371995,2025-06-10 09:53:25,42.4606285095215,-8.90917491912842,"Female"
"9004154",371995,2025-06-10 09:58:23,42.4598426818848,-8.90863037109375,"Female"
"9004154",371995,2025-06-10 10:03:25,42.460075378418,-8.91009902954102,"Female"
"9004154",371995,2025-06-10 10:14:13,42.460090637207,-8.90997791290283,"Female"
"9004154",371995,2025-06-10 10:19:16,42.4604110717773,-8.91132164001465,"Female"
"9004154",371995,2025-06-10 10:36:19,42.4609069824219,-8.90807247161865,"Female"
"9004154",371995,2025-06-10 10:41:08,42.4588050842285,-8.90643978118896,"Female"
"9004154",371995,2025-06-10 10:46:08,42.4580078125,-8.9030065536499,"Female"
"9004154",371995,2025-06-10 10:51:07,42.4580574035645,-8.90297985076904,"Female"
"9004154",371995,2025-06-10 10:56:08,42.4580917358398,-8.90305233001709,"Female"
"9004154",371995,2025-06-10 11:01:35,42.4580574035645,-8.90309906005859,"Female"
"9004154",371995,2025-06-10 11:06:07,42.458137512207,-8.90306758880615,"Female"
"9004154",371995,2025-06-10 11:11:07,42.4581413269043,-8.90353965759277,"Female"
"9004154",371995,2025-06-10 11:16:08,42.4581069946289,-8.90334033966064,"Female"
"9004154",371995,2025-06-10 11:21:07,42.4581413269043,-8.90319347381592,"Female"
"9004154",371995,2025-06-10 11:26:08,42.458137512207,-8.90283298492432,"Female"
"9004154",371995,2025-06-10 11:31:09,42.4580345153809,-8.90247631072998,"Female"
"9004154",371995,2025-06-10 11:36:07,42.4580688476562,-8.90295314788818,"Female"
"9004154",371995,2025-06-10 11:41:06,42.4581260681152,-8.90292549133301,"Female"
"9004154",371995,2025-06-10 11:46:06,42.4580955505371,-8.90290069580078,"Female"
"9004154",371995,2025-06-10 11:51:07,42.4580955505371,-8.90285205841064,"Female"
"9004154",371995,2025-06-10 11:56:06,42.4581069946289,-8.90291213989258,"Female"
"9004154",371995,2025-06-10 12:01:06,42.4581108093262,-8.90289878845215,"Female"
"9004154",371995,2025-06-10 12:06:06,42.4580955505371,-8.90259265899658,"Female"
"9004154",371995,2025-06-10 12:11:06,42.4580879211426,-8.9028902053833,"Female"
"9004154",371995,2025-06-10 12:16:07,42.4580993652344,-8.90286445617676,"Female"
"9004154",371995,2025-06-10 12:21:06,42.4581069946289,-8.90292644500732,"Female"
"9004154",371995,2025-06-10 12:26:06,42.4582099914551,-8.90289306640625,"Female"
"9004154",371995,2025-06-10 12:31:06,42.4581604003906,-8.90277290344238,"Female"
"9004154",371995,2025-06-10 12:36:06,42.4581146240234,-8.90285301208496,"Female"
"9004154",371995,2025-06-10 12:41:07,42.4581451416016,-8.90297508239746,"Female"
"9004154",371995,2025-06-10 12:46:07,42.4580764770508,-8.90278244018555,"Female"
"9004154",371995,2025-06-10 12:51:07,42.4598007202148,-8.90593814849854,"Female"
"9004154",371995,2025-06-10 12:59:34,42.4610786437988,-8.91103935241699,"Female"
"9004154",371995,2025-06-10 13:07:03,42.4618682861328,-8.90993976593018,"Female"
"9004154",371995,2025-06-10 13:12:02,42.4614753723145,-8.91129779815674,"Female"
"9004154",371995,2025-06-10 13:17:03,42.4609413146973,-8.91336154937744,"Female"
"9004154",371995,2025-06-10 13:22:03,42.4603729248047,-8.91439628601074,"Female"
"9004154",371995,2025-06-10 13:27:04,42.4592056274414,-8.91596412658691,"Female"
"9004154",371995,2025-06-10 13:32:04,42.4591255187988,-8.91601848602295,"Female"
"9004154",371995,2025-06-10 13:37:03,42.4592628479004,-8.9159631729126,"Female"
"9004154",371995,2025-06-10 13:42:03,42.4589576721191,-8.91599559783936,"Female"
"9004154",371995,2025-06-10 13:47:06,42.4593124389648,-8.91598796844482,"Female"
"9004154",371995,2025-06-10 13:52:03,42.4596748352051,-8.91596698760986,"Female"
"9004154",371995,2025-06-10 13:57:04,42.4590225219727,-8.91605472564697,"Female"
"9004154",371995,2025-06-10 14:02:06,42.4593162536621,-8.91596984863281,"Female"
"9004154",371995,2025-06-10 14:07:07,42.458911895752,-8.91603660583496,"Female"
"9004154",371995,2025-06-10 14:12:14,42.4591484069824,-8.91600131988525,"Female"
"9004154",371995,2025-06-10 14:17:02,42.4603958129883,-8.9133939743042,"Female"
"9004154",371995,2025-06-10 14:22:06,42.4608421325684,-8.91186237335205,"Female"
"9004154",371995,2025-06-10 14:27:06,42.4607772827148,-8.91019153594971,"Female"
"9004154",371995,2025-06-10 14:32:33,42.4614028930664,-8.90907382965088,"Female"
"9004154",371995,2025-06-10 14:41:07,42.4607162475586,-8.9057674407959,"Female"
"9004154",371995,2025-06-10 14:46:27,42.4607582092285,-8.90693950653076,"Female"
"9004154",371995,2025-06-10 15:05:45,42.4611549377441,-8.91081809997559,"Female"
"9004154",371995,2025-06-10 15:10:18,42.4579277038574,-8.90234661102295,"Female"
"9004154",371995,2025-06-10 15:15:24,42.4578895568848,-8.90260982513428,"Female"
"9004154",371995,2025-06-10 15:20:22,42.457950592041,-8.90267372131348,"Female"
"9004154",371995,2025-06-10 15:25:23,42.4579200744629,-8.90289497375488,"Female"
"9004154",371995,2025-06-10 15:30:24,42.4578971862793,-8.90262508392334,"Female"
"9004154",371995,2025-06-10 15:35:23,42.4578819274902,-8.9025707244873,"Female"
"9004154",371995,2025-06-10 15:40:19,42.4579811096191,-8.90258312225342,"Female"
"9004154",371995,2025-06-10 15:45:45,42.4594497680664,-8.90509796142578,"Female"
"9004154",371995,2025-06-10 15:50:17,42.4594421386719,-8.90480327606201,"Female"
"9004154",371995,2025-06-10 15:55:21,42.4594345092773,-8.90488910675049,"Female"
"9004154",371995,2025-06-10 16:00:23,42.4593849182129,-8.90475463867188,"Female"
"9004154",371995,2025-06-10 16:05:24,42.4594383239746,-8.90456581115723,"Female"
"9004154",371995,2025-06-10 16:10:25,42.4594497680664,-8.90482139587402,"Female"
"9004154",371995,2025-06-10 16:15:24,42.4593887329102,-8.90489101409912,"Female"
"9004154",371995,2025-06-10 16:20:25,42.4593238830566,-8.90415096282959,"Female"
"9004154",371995,2025-06-10 16:25:31,42.4594573974609,-8.90519332885742,"Female"
"9004154",371995,2025-06-10 16:30:42,42.4590911865234,-8.90530014038086,"Female"
"9004154",371995,2025-06-10 16:35:27,42.4593811035156,-8.9052791595459,"Female"
"9004154",371995,2025-06-10 16:40:23,42.4594039916992,-8.90526676177979,"Female"
"9004154",371995,2025-06-10 16:45:24,42.4593696594238,-8.90530300140381,"Female"
"9004154",371995,2025-06-10 16:50:24,42.4593772888184,-8.90531444549561,"Female"
"9004154",371995,2025-06-10 16:55:24,42.4593772888184,-8.90528869628906,"Female"
"9004154",371995,2025-06-10 17:00:24,42.459342956543,-8.90532493591309,"Female"
"9004154",371995,2025-06-10 17:05:30,42.4593162536621,-8.90537357330322,"Female"
"9004154",371995,2025-06-10 17:10:44,42.4595069885254,-8.90524768829346,"Female"
"9004154",371995,2025-06-10 17:15:24,42.4599266052246,-8.90719127655029,"Female"
"9004154",371995,2025-06-10 17:29:59,42.4613456726074,-8.91051292419434,"Female"
"9004154",371995,2025-06-10 17:35:12,42.4616813659668,-8.91144561767578,"Female"
"9004154",371995,2025-06-10 17:47:29,42.4606437683105,-8.90886783599854,"Female"
"9004154",371995,2025-06-10 17:52:01,42.4598960876465,-8.9077320098877,"Female"
"9004154",371995,2025-06-10 17:57:01,42.4580917358398,-8.90287303924561,"Female"
"9004154",371995,2025-06-10 18:02:01,42.4580993652344,-8.90286922454834,"Female"
"9004154",371995,2025-06-10 18:07:01,42.4581184387207,-8.90284729003906,"Female"
"9004154",371995,2025-06-10 18:12:01,42.4580917358398,-8.90290641784668,"Female"
"9004154",371995,2025-06-10 18:17:01,42.4580307006836,-8.9030122756958,"Female"
"9004154",371995,2025-06-10 18:22:18,42.4505271911621,-8.88506984710693,"Female"
"9004154",371995,2025-06-10 18:27:44,42.4226913452148,-8.87845325469971,"Female"
"9004154",371995,2025-06-10 18:32:01,42.4221954345703,-8.87866687774658,"Female"
"9004154",371995,2025-06-10 18:37:03,42.4221115112305,-8.87862586975098,"Female"
"9004154",371995,2025-06-10 18:42:14,42.4224967956543,-8.87859058380127,"Female"
"9004154",371995,2025-06-10 18:46:52,42.4229927062988,-8.87689304351807,"Female"
"9004154",371995,2025-06-10 18:52:14,42.4226455688477,-8.8785457611084,"Female"
"9004154",371995,2025-06-10 18:56:59,42.4224548339844,-8.8786735534668,"Female"
"9004154",371995,2025-06-10 19:01:55,42.4233322143555,-8.87812995910645,"Female"
"9004154",371995,2025-06-10 19:06:54,42.4228782653809,-8.87838649749756,"Female"
"9004154",371995,2025-06-10 19:11:55,42.4228782653809,-8.87839603424072,"Female"
"9004154",371995,2025-06-10 19:17:05,42.4228172302246,-8.87846946716309,"Female"
"9004154",371995,2025-06-10 19:21:59,42.4227867126465,-8.87850189208984,"Female"
"9004154",371995,2025-06-10 19:27:02,42.4228668212891,-8.87839412689209,"Female"
"9004154",371995,2025-06-10 19:31:54,42.4230346679688,-8.87813854217529,"Female"
"9004154",371995,2025-06-10 19:36:58,42.4227676391602,-8.87869071960449,"Female"
"9004154",371995,2025-06-10 19:41:59,42.4229316711426,-8.87864589691162,"Female"
"9004154",371995,2025-06-10 19:47:17,42.422794342041,-8.87838363647461,"Female"
"9004154",371995,2025-06-10 19:52:30,42.4227333068848,-8.878342628479,"Female"
"9004154",371995,2025-06-10 19:56:51,42.4227027893066,-8.87856960296631,"Female"
"9004154",371995,2025-06-10 20:01:55,42.4225997924805,-8.8787899017334,"Female"
"9004154",371995,2025-06-10 20:07:19,42.4229927062988,-8.87843418121338,"Female"
"9004154",371995,2025-06-10 20:11:59,42.4230270385742,-8.87851238250732,"Female"
"9004154",371995,2025-06-10 20:16:52,42.4228324890137,-8.87850475311279,"Female"
"9004154",371995,2025-06-10 20:21:54,42.422061920166,-8.87871170043945,"Female"
"9004154",371995,2025-06-10 20:26:54,42.4227027893066,-8.87875747680664,"Female"
"9004154",371995,2025-06-10 20:31:54,42.422679901123,-8.87839984893799,"Female"
"9004154",371995,2025-06-10 20:36:56,42.422534942627,-8.87849712371826,"Female"
"9004154",371995,2025-06-10 20:41:52,42.4226722717285,-8.8782262802124,"Female"
"9004154",371995,2025-06-10 20:46:56,42.4223442077637,-8.87857437133789,"Female"
"9004154",371995,2025-06-10 20:51:55,42.422664642334,-8.878586769104,"Female"
"9004154",371995,2025-06-10 20:56:53,42.4227561950684,-8.87856006622314,"Female"
"9004154",371995,2025-06-10 21:01:53,42.4223709106445,-8.8786096572876,"Female"
"9004154",371995,2025-06-10 21:06:58,42.422794342041,-8.87845134735107,"Female"
"9004154",371995,2025-06-10 21:11:55,42.4224586486816,-8.87861347198486,"Female"
"9004154",371995,2025-06-10 21:16:58,42.4223213195801,-8.87851238250732,"Female"
"9004154",371995,2025-06-10 21:21:56,42.4226188659668,-8.87859344482422,"Female"
"9004154",371995,2025-06-10 21:27:15,42.4222297668457,-8.87839317321777,"Female"
"9004154",371995,2025-06-10 21:31:54,42.4222106933594,-8.87850666046143,"Female"
"9004154",371995,2025-06-10 21:36:54,42.422248840332,-8.87843227386475,"Female"
"9004154",371995,2025-06-10 21:42:20,42.4223594665527,-8.87844562530518,"Female"
"9004154",371995,2025-06-10 21:46:51,42.4222946166992,-8.87854290008545,"Female"
"9004154",371995,2025-06-10 21:51:59,42.422550201416,-8.87838268280029,"Female"
"9004154",371995,2025-06-10 21:57:11,42.4224014282227,-8.87848091125488,"Female"
"9004154",371995,2025-06-10 22:02:03,42.4222679138184,-8.87850856781006,"Female"
"9004154",371995,2025-06-10 22:06:54,42.4225044250488,-8.87861061096191,"Female"
"9004154",371995,2025-06-10 22:13:15,42.4227638244629,-8.87844944000244,"Female"
"9004154",371995,2025-06-10 22:17:14,42.4227066040039,-8.87833881378174,"Female"
"9004154",371995,2025-06-10 22:21:54,42.422664642334,-8.87849903106689,"Female"
"9004154",371995,2025-06-10 22:27:00,42.4227523803711,-8.8784122467041,"Female"
"9004154",371995,2025-06-10 22:31:52,42.4226760864258,-8.87863922119141,"Female"
"9004154",371995,2025-06-10 22:36:51,42.4226837158203,-8.8785924911499,"Female"
"9004154",371995,2025-06-10 22:41:51,42.4228858947754,-8.87870407104492,"Female"
"9004154",371995,2025-06-10 22:47:14,42.4225540161133,-8.87845420837402,"Female"
"9004154",371995,2025-06-10 22:51:51,42.4227828979492,-8.87868022918701,"Female"
"9004154",371995,2025-06-10 22:56:52,42.4226493835449,-8.87866973876953,"Female"
"9004154",371995,2025-06-10 23:01:51,42.4225158691406,-8.87860202789307,"Female"
"9004154",371995,2025-06-10 23:06:51,42.4226226806641,-8.87861251831055,"Female"
"9004154",371995,2025-06-10 23:11:51,42.4225654602051,-8.87860298156738,"Female"
"9004154",371995,2025-06-10 23:16:52,42.4226455688477,-8.8786449432373,"Female"
"9004154",371995,2025-06-10 23:21:52,42.4225578308105,-8.87862300872803,"Female"
"9004154",371995,2025-06-10 23:26:52,42.422607421875,-8.87876319885254,"Female"
"9004154",371995,2025-06-10 23:31:54,42.4226379394531,-8.87838363647461,"Female"
"9004154",371995,2025-06-10 23:37:06,42.4225654602051,-8.87845516204834,"Female"
"9004154",371995,2025-06-10 23:41:58,42.4226379394531,-8.87846565246582,"Female"
"9004154",371995,2025-06-10 23:46:56,42.4224853515625,-8.87837600708008,"Female"
"9004154",371995,2025-06-10 23:51:59,42.4228172302246,-8.87866497039795,"Female"
"9004154",371995,2025-06-10 23:56:58,42.4228057861328,-8.8785924911499,"Female"
"9004154",371995,2025-06-11 00:02:03,42.4225616455078,-8.87831115722656,"Female"
"9004154",371995,2025-06-11 00:07:15,42.4226951599121,-8.87860298156738,"Female"
"9004154",371995,2025-06-11 00:12:15,42.4227066040039,-8.87850570678711,"Female"
"9004154",371995,2025-06-11 00:17:27,42.4226760864258,-8.87841701507568,"Female"
"9004154",371995,2025-06-11 00:21:54,42.4224739074707,-8.87820720672607,"Female"
"9004154",371995,2025-06-11 00:26:54,42.4224967956543,-8.87847805023193,"Female"
"9004154",371995,2025-06-11 00:31:54,42.4227294921875,-8.87836074829102,"Female"
"9004154",371995,2025-06-11 00:36:55,42.422664642334,-8.87841510772705,"Female"
"9004154",371995,2025-06-11 00:41:55,42.4226608276367,-8.87851619720459,"Female"
"9004154",371995,2025-06-11 00:47:23,42.4225578308105,-8.87841510772705,"Female"
"9004154",371995,2025-06-11 00:51:52,42.4226951599121,-8.87847232818604,"Female"
"9004154",371995,2025-06-11 00:56:53,42.4226531982422,-8.87847423553467,"Female"
"9004154",371995,2025-06-11 01:02:27,42.4227447509766,-8.87841033935547,"Female"
"9004154",371995,2025-06-11 01:06:52,42.4227027893066,-8.87854099273682,"Female"
"9004154",371995,2025-06-11 01:11:55,42.4223709106445,-8.87838935852051,"Female"
"9004154",371995,2025-06-11 01:16:52,42.4223747253418,-8.87865161895752,"Female"
"9004154",371995,2025-06-11 01:21:54,42.4230690002441,-8.87837219238281,"Female"
"9004154",371995,2025-06-11 01:26:54,42.4228820800781,-8.8781099319458,"Female"
"9004154",371995,2025-06-11 01:31:55,42.4226608276367,-8.87842464447021,"Female"
"9004154",371995,2025-06-11 01:37:00,42.4227600097656,-8.87839794158936,"Female"
"9004154",371995,2025-06-11 01:41:54,42.4228324890137,-8.87840175628662,"Female"
"9004154",371995,2025-06-11 01:47:00,42.4227752685547,-8.87839794158936,"Female"
"9004154",371995,2025-06-11 01:51:58,42.4227333068848,-8.87842273712158,"Female"
"9004154",371995,2025-06-11 01:56:58,42.4227333068848,-8.87845897674561,"Female"
"9004154",371995,2025-06-11 02:01:56,42.4227409362793,-8.87834548950195,"Female"
"9004154",371995,2025-06-11 02:06:53,42.4226379394531,-8.87856769561768,"Female"
"9004154",371995,2025-06-11 02:12:00,42.4226570129395,-8.87841320037842,"Female"
"9004154",371995,2025-06-11 02:16:55,42.4227256774902,-8.87817478179932,"Female"
"9004154",371995,2025-06-11 02:22:14,42.4227981567383,-8.87844562530518,"Female"
"9004154",371995,2025-06-11 02:26:58,42.4224662780762,-8.87783908843994,"Female"
"9004154",371995,2025-06-11 02:31:55,42.4226608276367,-8.87857723236084,"Female"
"9004154",371995,2025-06-11 02:36:55,42.4225578308105,-8.87845325469971,"Female"
"9004154",371995,2025-06-11 02:42:19,42.4224090576172,-8.87841510772705,"Female"
"9004154",371995,2025-06-11 02:47:53,42.4226837158203,-8.8784294128418,"Female"
"9004154",371995,2025-06-11 02:51:53,42.4223556518555,-8.87839508056641,"Female"
"9004154",371995,2025-06-11 02:56:52,42.4225807189941,-8.87851524353027,"Female"
"9004154",371995,2025-06-11 03:02:12,42.4226989746094,-8.87845516204834,"Female"
"9004154",371995,2025-06-11 03:06:53,42.422679901123,-8.87848663330078,"Female"
"9004154",371995,2025-06-11 03:11:51,42.4226531982422,-8.87845993041992,"Female"
"9004154",371995,2025-06-11 03:16:53,42.4226379394531,-8.87841892242432,"Female"
"9004154",371995,2025-06-11 03:21:51,42.4225845336914,-8.87847900390625,"Female"
"9004154",371995,2025-06-11 03:26:51,42.4226226806641,-8.87859153747559,"Female"
"9004154",371995,2025-06-11 03:31:53,42.4227066040039,-8.87839984893799,"Female"
"9004154",371995,2025-06-11 03:36:54,42.4225845336914,-8.87845420837402,"Female"
"9004154",371995,2025-06-11 03:41:54,42.4226036071777,-8.8784351348877,"Female"
"9004154",371995,2025-06-11 03:47:01,42.4226913452148,-8.87850666046143,"Female"
"9004154",371995,2025-06-11 03:52:02,42.4225082397461,-8.87845516204834,"Female"
"9004154",371995,2025-06-11 03:56:59,42.4226264953613,-8.87857151031494,"Female"
"9004154",371995,2025-06-11 04:01:59,42.4226036071777,-8.87856006622314,"Female"
"9004154",371995,2025-06-11 04:07:14,42.4225425720215,-8.87849235534668,"Female"
"9004154",371995,2025-06-11 04:11:51,42.4226150512695,-8.87837314605713,"Female"
"9004154",371995,2025-06-11 04:16:51,42.4225616455078,-8.87858009338379,"Female"
"9004154",371995,2025-06-11 04:21:53,42.4223670959473,-8.8783597946167,"Female"
"9004154",371995,2025-06-11 04:26:53,42.4223976135254,-8.87851810455322,"Female"
"9004154",371995,2025-06-11 04:31:54,42.4226303100586,-8.8783016204834,"Female"
"9004154",371995,2025-06-11 04:36:53,42.4225769042969,-8.87846851348877,"Female"
"9004154",371995,2025-06-11 04:41:56,42.4225845336914,-8.87866115570068,"Female"
"9004154",371995,2025-06-11 04:47:02,42.4226989746094,-8.87853527069092,"Female"
"9004154",371995,2025-06-11 04:52:00,42.4226760864258,-8.87856864929199,"Female"
"9004154",371995,2025-06-11 04:57:15,42.4224700927734,-8.87851142883301,"Female"
"9004154",371995,2025-06-11 05:01:50,42.4223670959473,-8.8789529800415,"Female"
"9004154",371995,2025-06-11 05:06:55,42.4224700927734,-8.878249168396,"Female"
"9004154",371995,2025-06-11 05:11:52,42.4229316711426,-8.87851333618164,"Female"
"9004154",371995,2025-06-11 05:17:05,42.4231262207031,-8.8783712387085,"Female"
"9004154",371995,2025-06-11 05:21:54,42.4227256774902,-8.8782901763916,"Female"
"9004154",371995,2025-06-11 05:27:02,42.4225692749023,-8.87801361083984,"Female"
"9004154",371995,2025-06-11 05:32:01,42.4248886108398,-8.87599945068359,"Female"
"9004154",371995,2025-06-11 05:37:16,42.425048828125,-8.87588977813721,"Female"
"9004154",371995,2025-06-11 05:43:15,42.4221343994141,-8.87831020355225,"Female"
"9004154",371995,2025-06-11 05:47:23,42.4224548339844,-8.8774471282959,"Female"
"9004154",371995,2025-06-11 05:51:51,42.4225997924805,-8.87717342376709,"Female"
"9004154",371995,2025-06-11 05:56:52,42.4225006103516,-8.87724304199219,"Female"
"9004154",371995,2025-06-11 06:01:51,42.4225273132324,-8.87734222412109,"Female"
"9004154",371995,2025-06-11 06:06:54,42.4225082397461,-8.87742137908936,"Female"
"9004154",371995,2025-06-11 06:12:13,42.4225082397461,-8.87738227844238,"Female"
"9004154",371995,2025-06-11 06:16:54,42.4228248596191,-8.87779998779297,"Female"
"9004154",371995,2025-06-11 06:22:07,42.4226608276367,-8.87735176086426,"Female"
"9004154",371995,2025-06-11 06:27:01,42.4225120544434,-8.877366065979,"Female"
"9004154",371995,2025-06-11 06:32:14,42.422679901123,-8.87754154205322,"Female"
"9004154",371995,2025-06-11 06:36:58,42.4227638244629,-8.87738132476807,"Female"
"9004154",371995,2025-06-11 06:41:56,42.4226722717285,-8.87762069702148,"Female"
"9004154",371995,2025-06-11 06:47:23,42.4225921630859,-8.87750244140625,"Female"
"9004154",371995,2025-06-11 06:51:53,42.4227294921875,-8.87749195098877,"Female"
"9004154",371995,2025-06-11 06:56:52,42.4226760864258,-8.87849617004395,"Female"
"9004154",371995,2025-06-11 07:01:52,42.4225883483887,-8.87823295593262,"Female"
"9004154",371995,2025-06-11 07:06:51,42.4236946105957,-8.87836933135986,"Female"
"9004154",371995,2025-06-11 07:11:53,42.4224853515625,-8.87796878814697,"Female"
"9004154",371995,2025-06-11 07:16:52,42.4225730895996,-8.8781681060791,"Female"
"9004154",371995,2025-06-11 07:23:15,42.4469833374023,-8.8827018737793,"Female"
"9004154",371995,2025-06-11 07:28:46,42.4478340148926,-8.88211345672607,"Female"
"9004154",371995,2025-06-11 07:34:10,42.4488677978516,-8.88289928436279,"Female"
"9004154",371995,2025-06-11 07:40:57,42.4510612487793,-8.8812837600708,"Female"
"9004154",371995,2025-06-11 07:45:52,42.4608726501465,-8.91030311584473,"Female"
"9004154",371995,2025-06-11 07:50:59,42.4614868164062,-8.91107273101807,"Female"
"9004154",371995,2025-06-11 07:58:11,42.4612464904785,-8.91253566741943,"Female"
"9004154",371995,2025-06-11 08:03:10,42.4604644775391,-8.91191959381104,"Female"
"9004154",371995,2025-06-11 08:08:12,42.4602813720703,-8.91058731079102,"Female"
"9004154",371995,2025-06-11 08:13:11,42.459587097168,-8.90522861480713,"Female"
"9004154",371995,2025-06-11 08:18:11,42.4596328735352,-8.90514087677002,"Female"
"9004154",371995,2025-06-11 08:23:12,42.4595909118652,-8.9051456451416,"Female"
"9004154",371995,2025-06-11 08:28:12,42.4594535827637,-8.90448570251465,"Female"
"9004154",371995,2025-06-11 08:33:36,42.4595680236816,-8.90524482727051,"Female"
"9004154",371995,2025-06-11 08:38:08,42.4595146179199,-8.90533542633057,"Female"
"9004154",371995,2025-06-11 08:43:08,42.45947265625,-8.90511798858643,"Female"
"9004154",371995,2025-06-11 08:48:08,42.4594459533691,-8.90518093109131,"Female"
"9004154",371995,2025-06-11 08:53:08,42.4595642089844,-8.90509986877441,"Female"
"9004154",371995,2025-06-11 08:58:09,42.459587097168,-8.90525150299072,"Female"
"9004154",371995,2025-06-11 09:03:08,42.4594841003418,-8.90501880645752,"Female"
"9004154",371995,2025-06-11 09:08:09,42.4594688415527,-8.90515327453613,"Female"
"9004154",371995,2025-06-11 09:13:08,42.4594802856445,-8.90510654449463,"Female"
"9004154",371995,2025-06-11 09:18:10,42.4594573974609,-8.9051456451416,"Female"
"9004154",371995,2025-06-11 09:23:09,42.4595756530762,-8.90535926818848,"Female"
"9004154",371995,2025-06-11 09:28:09,42.4594039916992,-8.90494441986084,"Female"
"9004154",371995,2025-06-11 09:33:08,42.4595756530762,-8.90540885925293,"Female"
"9004154",371995,2025-06-11 09:38:09,42.459545135498,-8.90531253814697,"Female"
"9004154",371995,2025-06-11 09:43:09,42.4594039916992,-8.90497493743896,"Female"
"9004154",371995,2025-06-11 09:48:08,42.4595260620117,-8.90528202056885,"Female"
"9004154",371995,2025-06-11 09:53:09,42.4606170654297,-8.91095733642578,"Female"
"9004154",371995,2025-06-11 10:03:01,42.4594306945801,-8.9102840423584,"Female"
"9004154",371995,2025-06-11 10:08:36,42.460865020752,-8.91276454925537,"Female"
"9004154",371995,2025-06-11 10:18:37,42.4607353210449,-8.91261386871338,"Female"
"9004154",371995,2025-06-11 10:23:36,42.4602165222168,-8.9118070602417,"Female"
"9004154",371995,2025-06-11 10:28:33,42.4595489501953,-8.90531921386719,"Female"
"9004154",371995,2025-06-11 10:33:43,42.4597320556641,-8.90519905090332,"Female"
"9004154",371995,2025-06-11 10:38:38,42.4591903686523,-8.90538692474365,"Female"
"9004154",371995,2025-06-11 10:43:38,42.4595222473145,-8.90527820587158,"Female"
"9004154",371995,2025-06-11 10:48:36,42.4597511291504,-8.90519332885742,"Female"
"9004154",371995,2025-06-11 10:53:33,42.4598197937012,-8.90512084960938,"Female"
"9004154",371995,2025-06-11 10:58:33,42.4596290588379,-8.90525341033936,"Female"
"9004154",371995,2025-06-11 11:03:33,42.4598121643066,-8.90573978424072,"Female"
"9004154",371995,2025-06-11 11:08:38,42.4596138000488,-8.90530967712402,"Female"
"9004154",371995,2025-06-11 11:13:38,42.4596710205078,-8.90523815155029,"Female"
"9004154",371995,2025-06-11 11:18:38,42.4596519470215,-8.90523433685303,"Female"
"9004154",371995,2025-06-11 11:23:36,42.4596519470215,-8.90519428253174,"Female"
"9004154",371995,2025-06-11 11:28:35,42.4596290588379,-8.90521717071533,"Female"
"9004154",371995,2025-06-11 11:33:44,42.459587097168,-8.90533542633057,"Female"
"9004154",371995,2025-06-11 11:38:33,42.461051940918,-8.91101837158203,"Female"
"9004154",371995,2025-06-11 11:44:16,42.4608726501465,-8.91266918182373,"Female"
"9004154",371995,2025-06-11 11:51:44,42.4614715576172,-8.91375637054443,"Female"
"9004154",371995,2025-06-11 12:06:14,42.4616889953613,-8.91365242004395,"Female"
"9004154",371995,2025-06-11 12:45:39,42.4593048095703,-8.9042329788208,"Female"
"9004154",371995,2025-06-11 12:50:44,42.4413719177246,-8.88372230529785,"Female"
"9004154",371995,2025-06-11 12:54:43,42.4245185852051,-8.87792015075684,"Female"
"9004154",371995,2025-06-11 13:00:05,42.4226226806641,-8.87846565246582,"Female"
"9004154",371995,2025-06-11 13:04:36,42.4225463867188,-8.87855243682861,"Female"
"9004154",371995,2025-06-11 13:09:36,42.422981262207,-8.87829685211182,"Female"
"9004154",371995,2025-06-11 13:14:38,42.4226417541504,-8.87845706939697,"Female"
"9004154",371995,2025-06-11 13:19:39,42.4227561950684,-8.87812614440918,"Female"
"9004154",371995,2025-06-11 13:24:37,42.4226722717285,-8.87823867797852,"Female"
"9004154",371995,2025-06-11 13:29:36,42.4227142333984,-8.87789630889893,"Female"
"9004154",371995,2025-06-11 13:35:29,42.4227104187012,-8.87742328643799,"Female"
"9004154",371995,2025-06-11 13:39:36,42.4226493835449,-8.87735652923584,"Female"
"9004154",371995,2025-06-11 13:44:36,42.4228782653809,-8.87750434875488,"Female"
"9004154",371995,2025-06-11 13:49:35,42.4229316711426,-8.87752914428711,"Female"
"9004154",371995,2025-06-11 13:54:37,42.4227333068848,-8.87749099731445,"Female"
"9004154",371995,2025-06-11 13:59:40,42.4225883483887,-8.87739753723145,"Female"
"9004154",371995,2025-06-11 14:04:36,42.4225845336914,-8.87736415863037,"Female"
"9004154",371995,2025-06-11 14:09:40,42.4225082397461,-8.87728691101074,"Female"
"9004154",371995,2025-06-11 14:14:38,42.4226341247559,-8.87744331359863,"Female"
"9004154",371995,2025-06-11 14:19:36,42.4225387573242,-8.87749290466309,"Female"
"9004154",371995,2025-06-11 14:24:38,42.422550201416,-8.87740898132324,"Female"
"9004154",371995,2025-06-11 14:29:37,42.4226341247559,-8.87744617462158,"Female"
"9004154",371995,2025-06-11 14:34:39,42.4226531982422,-8.87737941741943,"Female"
"9004154",371995,2025-06-11 14:39:39,42.4227027893066,-8.87759399414062,"Female"
"9004154",371995,2025-06-11 14:44:38,42.4227294921875,-8.87746334075928,"Female"
"9004154",371995,2025-06-11 14:49:39,42.4227523803711,-8.87735652923584,"Female"
"9004154",371995,2025-06-11 14:54:38,42.4226226806641,-8.87750053405762,"Female"
"9004154",371995,2025-06-11 14:59:36,42.4228210449219,-8.87746620178223,"Female"
"9004154",371995,2025-06-11 15:04:36,42.4226684570312,-8.87748050689697,"Female"
"9004154",371995,2025-06-11 15:09:41,42.4227638244629,-8.87746906280518,"Female"
"9004154",371995,2025-06-11 15:14:39,42.422664642334,-8.87842845916748,"Female"
"9004154",371995,2025-06-11 15:19:39,42.4225959777832,-8.87841033935547,"Female"
"9004154",371995,2025-06-11 15:24:57,42.4225730895996,-8.87839031219482,"Female"
"9004154",371995,2025-06-11 15:30:05,42.4226264953613,-8.87836837768555,"Female"
"9004154",371995,2025-06-11 15:34:38,42.4226875305176,-8.87842464447021,"Female"
"9004154",371995,2025-06-11 15:39:39,42.4230422973633,-8.87880039215088,"Female"
"9004154",371995,2025-06-11 15:45:14,42.4227561950684,-8.87842082977295,"Female"
"9004154",371995,2025-06-11 15:50:13,42.4227676391602,-8.87846374511719,"Female"
"9004154",371995,2025-06-11 15:54:35,42.422794342041,-8.87837600708008,"Female"
"9004154",371995,2025-06-11 15:59:36,42.4227905273438,-8.87837696075439,"Female"
"9004154",371995,2025-06-11 16:04:35,42.4228668212891,-8.87827777862549,"Female"
"9004154",371995,2025-06-11 16:09:38,42.4228134155273,-8.87825584411621,"Female"
"9004154",371995,2025-06-11 16:14:35,42.4228286743164,-8.87818717956543,"Female"
"9004154",371995,2025-06-11 16:19:38,42.4227294921875,-8.87826061248779,"Female"
"9004154",371995,2025-06-11 16:24:36,42.4227523803711,-8.87825775146484,"Female"
"9004154",371995,2025-06-11 16:29:37,42.4225463867188,-8.87832546234131,"Female"
"9004154",371995,2025-06-11 16:34:39,42.4225883483887,-8.87735271453857,"Female"
"9004154",371995,2025-06-11 16:39:48,42.4226722717285,-8.87846565246582,"Female"
"9004154",371995,2025-06-11 16:44:37,42.4228744506836,-8.87825012207031,"Female"
"9004154",371995,2025-06-11 16:50:14,42.4227294921875,-8.87842655181885,"Female"
"9004154",371995,2025-06-11 16:54:39,42.4226264953613,-8.87819957733154,"Female"
"9004154",371995,2025-06-11 17:00:14,42.4224281311035,-8.87860202789307,"Female"
"9004154",371995,2025-06-11 17:04:41,42.4224739074707,-8.87767028808594,"Female"
"9004154",371995,2025-06-11 17:09:39,42.4226036071777,-8.87850284576416,"Female"
"9004154",371995,2025-06-11 17:14:43,42.4237022399902,-8.87802124023438,"Female"
"9004154",371995,2025-06-11 17:19:51,42.4235420227051,-8.87772178649902,"Female"
"9004154",371995,2025-06-11 17:24:42,42.4232292175293,-8.87826156616211,"Female"
"9004154",371995,2025-06-11 17:30:01,42.4232788085938,-8.87818622589111,"Female"
"9004154",371995,2025-06-11 17:34:42,42.4234580993652,-8.87860870361328,"Female"
"9004154",371995,2025-06-11 17:40:13,42.423095703125,-8.87820053100586,"Female"
"9004154",371995,2025-06-11 17:44:42,42.4225883483887,-8.87758255004883,"Female"
"9004154",371995,2025-06-11 17:50:05,42.4230346679688,-8.87826824188232,"Female"
"9004154",371995,2025-06-11 17:54:36,42.4230537414551,-8.87831592559814,"Female"
"9004154",371995,2025-06-11 17:59:41,42.4227333068848,-8.87836360931396,"Female"
"9004154",371995,2025-06-11 18:05:05,42.4225807189941,-8.87848377227783,"Female"
"9004154",371995,2025-06-11 18:09:38,42.4231109619141,-8.87725830078125,"Female"
"9004154",371995,2025-06-11 18:14:35,42.4241600036621,-8.87792873382568,"Female"
"9004154",371995,2025-06-11 18:19:39,42.4226417541504,-8.87822914123535,"Female"
"9004154",371995,2025-06-11 18:24:39,42.4226837158203,-8.87849712371826,"Female"
"9004154",371995,2025-06-11 18:29:39,42.4228019714355,-8.87840461730957,"Female"
"9004154",371995,2025-06-11 18:34:39,42.423526763916,-8.87811756134033,"Female"
"9004154",371995,2025-06-11 18:39:46,42.4232864379883,-8.87814044952393,"Female"
"9004154",371995,2025-06-11 18:44:35,42.4229202270508,-8.87750244140625,"Female"
"9004154",371995,2025-06-11 18:49:35,42.4230194091797,-8.87744140625,"Female"
"9004154",371995,2025-06-11 18:55:29,42.4227447509766,-8.87844181060791,"Female"
"9004154",371995,2025-06-11 18:59:37,42.4227447509766,-8.87861728668213,"Female"
"9004154",371995,2025-06-11 19:04:36,42.4228935241699,-8.87839889526367,"Female"
"9004154",371995,2025-06-11 19:09:52,42.4228591918945,-8.87869453430176,"Female"
"9004154",371995,2025-06-11 19:14:53,42.422924041748,-8.87785911560059,"Female"
"9004154",371995,2025-06-11 19:20:14,42.4226951599121,-8.87845039367676,"Female"
"9004154",371995,2025-06-11 19:24:47,42.4228668212891,-8.87835693359375,"Female"
"9004154",371995,2025-06-11 19:29:47,42.4226264953613,-8.87857055664062,"Female"
"9004154",371995,2025-06-11 19:34:47,42.4227447509766,-8.87836360931396,"Female"
"9004154",371995,2025-06-11 19:39:50,42.4226531982422,-8.87851715087891,"Female"
"9004154",371995,2025-06-11 19:44:48,42.4230842590332,-8.87838459014893,"Female"
"9004154",371995,2025-06-11 19:50:14,42.4225654602051,-8.87847232818604,"Female"
"9004154",371995,2025-06-11 19:54:47,42.4226684570312,-8.8783130645752,"Female"
"9004154",371995,2025-06-11 19:59:50,42.4224052429199,-8.87853908538818,"Female"
"9004154",371995,2025-06-11 20:05:00,42.4225196838379,-8.87845516204834,"Female"
"9004154",371995,2025-06-11 20:10:21,42.4224815368652,-8.8784065246582,"Female"
"9004154",371995,2025-06-11 20:14:52,42.4229164123535,-8.87846279144287,"Female"
"9004154",371995,2025-06-11 20:19:49,42.4225425720215,-8.87856006622314,"Female"
"9004154",371995,2025-06-11 20:24:48,42.4226417541504,-8.87856578826904,"Female"
"9004154",371995,2025-06-11 20:29:47,42.4227180480957,-8.87846946716309,"Female"
"9004154",371995,2025-06-11 20:34:48,42.4225006103516,-8.87880229949951,"Female"
"9004154",371995,2025-06-11 20:39:48,42.4227180480957,-8.8787088394165,"Female"
"9004154",371995,2025-06-11 20:44:48,42.4229049682617,-8.8787088394165,"Female"
"9004154",371995,2025-06-11 20:49:49,42.4228477478027,-8.87829494476318,"Female"
"9004154",371995,2025-06-11 20:54:49,42.4222373962402,-8.87810039520264,"Female"
"9004154",371995,2025-06-11 20:59:50,42.4225692749023,-8.87838077545166,"Female"
"9004154",371995,2025-06-11 21:04:49,42.4227027893066,-8.87844848632812,"Female"
"9004154",371995,2025-06-11 21:10:10,42.4228096008301,-8.87851142883301,"Female"
"9004154",371995,2025-06-11 21:14:49,42.4222679138184,-8.87860202789307,"Female"
"9004154",371995,2025-06-11 21:20:19,42.4226417541504,-8.87847328186035,"Female"
"9004154",371995,2025-06-11 21:24:47,42.4225730895996,-8.87857055664062,"Female"
"9004154",371995,2025-06-11 21:29:47,42.4226112365723,-8.87838745117188,"Female"
"9004154",371995,2025-06-11 21:34:52,42.4224967956543,-8.87859725952148,"Female"
"9004154",371995,2025-06-11 21:39:47,42.4223937988281,-8.8787145614624,"Female"
"9004154",371995,2025-06-11 21:44:47,42.4225540161133,-8.87859630584717,"Female"
"9004154",371995,2025-06-11 21:49:49,42.4224586486816,-8.87851047515869,"Female"
"9004154",371995,2025-06-11 21:54:48,42.4224472045898,-8.87841129302979,"Female"
"9004154",371995,2025-06-11 22:00:15,42.4224967956543,-8.87853145599365,"Female"
"9004154",371995,2025-06-11 22:04:50,42.4225616455078,-8.87869358062744,"Female"
"9004154",371995,2025-06-11 22:09:47,42.4225883483887,-8.87862300872803,"Female"
"9004154",371995,2025-06-11 22:14:50,42.422607421875,-8.87869644165039,"Female"
"9004154",371995,2025-06-11 22:19:47,42.4224662780762,-8.87857151031494,"Female"
"9004154",371995,2025-06-11 22:24:48,42.4228172302246,-8.87869358062744,"Female"
"9004154",371995,2025-06-11 22:29:48,42.4227714538574,-8.87857246398926,"Female"
"9004154",371995,2025-06-11 22:34:47,42.422779083252,-8.87849903106689,"Female"
"9004154",371995,2025-06-11 22:39:47,42.4228248596191,-8.87831020355225,"Female"
"9004154",371995,2025-06-11 22:44:47,42.4224891662598,-8.87853240966797,"Female"
"9004154",371995,2025-06-11 22:49:48,42.4226303100586,-8.87842178344727,"Female"
"9004154",371995,2025-06-11 22:54:50,42.4227981567383,-8.87660598754883,"Female"
"9004154",371995,2025-06-11 22:59:50,42.4226722717285,-8.87859725952148,"Female"
"9004154",371995,2025-06-11 23:04:49,42.4226951599121,-8.87778091430664,"Female"
"9004154",371995,2025-06-11 23:09:48,42.4226379394531,-8.87759590148926,"Female"
"9004154",371995,2025-06-11 23:14:49,42.4226341247559,-8.87838935852051,"Female"
"9004154",371995,2025-06-11 23:19:49,42.4225273132324,-8.87856101989746,"Female"
"9004154",371995,2025-06-11 23:24:49,42.42236328125,-8.88158321380615,"Female"
"9004154",371995,2025-06-11 23:29:50,42.4226760864258,-8.8798360824585,"Female"
"9004154",371995,2025-06-11 23:34:50,42.4226913452148,-8.87852191925049,"Female"
"9004154",371995,2025-06-11 23:40:00,42.422420501709,-8.87842464447021,"Female"
"9004154",371995,2025-06-11 23:45:02,42.4223289489746,-8.87826633453369,"Female"
"9004154",371995,2025-06-11 23:50:01,42.4226036071777,-8.87850570678711,"Female"
"9004154",371995,2025-06-11 23:55:08,42.4227561950684,-8.87864589691162,"Female"
"9004154",371995,2025-06-12 00:00:23,42.4225234985352,-8.87844944000244,"Female"
"9004154",371995,2025-06-12 00:04:47,42.4224472045898,-8.87830543518066,"Female"
"9004154",371995,2025-06-12 00:09:54,42.4225234985352,-8.87845134735107,"Female"
"9004154",371995,2025-06-12 00:14:50,42.4223709106445,-8.87835597991943,"Female"
"9004154",371995,2025-06-12 00:19:47,42.422248840332,-8.87819862365723,"Female"
"9004154",371995,2025-06-12 00:24:49,42.4224853515625,-8.87829780578613,"Female"
"9004154",371995,2025-06-12 00:29:50,42.4223976135254,-8.87825775146484,"Female"
"9004154",371995,2025-06-12 00:34:50,42.4224243164062,-8.87835884094238,"Female"
"9004154",371995,2025-06-12 00:39:50,42.4225006103516,-8.87831878662109,"Female"
"9004154",371995,2025-06-12 00:45:10,42.4224548339844,-8.87841320037842,"Female"
"9004154",371995,2025-06-12 00:49:47,42.422534942627,-8.87854385375977,"Female"
"9004154",371995,2025-06-12 00:54:47,42.4225273132324,-8.87858009338379,"Female"
"9004154",371995,2025-06-12 00:59:48,42.4226341247559,-8.87848854064941,"Female"
"9004154",371995,2025-06-12 01:04:48,42.4225807189941,-8.87863540649414,"Female"
"9004154",371995,2025-06-12 01:09:47,42.4226570129395,-8.87858104705811,"Female"
"9004154",371995,2025-06-12 01:14:53,42.4228515625,-8.8786153793335,"Female"
"9004154",371995,2025-06-12 01:19:54,42.4226531982422,-8.87868118286133,"Female"
"9004154",371995,2025-06-12 01:24:50,42.4229049682617,-8.87852573394775,"Female"
"9004154",371995,2025-06-12 01:29:53,42.4224967956543,-8.87863445281982,"Female"
"9004154",371995,2025-06-12 01:35:15,42.422966003418,-8.87824821472168,"Female"
"9004154",371995,2025-06-12 01:40:23,42.4227066040039,-8.87849044799805,"Female"
"9004154",371995,2025-06-12 01:44:47,42.4228134155273,-8.87843704223633,"Female"
"9004154",371995,2025-06-12 01:49:47,42.4226837158203,-8.87847423553467,"Female"
"9004154",371995,2025-06-12 01:54:48,42.4227676391602,-8.87856864929199,"Female"
"9004154",371995,2025-06-12 01:59:48,42.4226875305176,-8.87858104705811,"Female"
"9004154",371995,2025-06-12 02:04:47,42.4226531982422,-8.87842655181885,"Female"
"9004154",371995,2025-06-12 02:09:47,42.4226226806641,-8.87841606140137,"Female"
"9004154",371995,2025-06-12 02:14:48,42.4228401184082,-8.87842178344727,"Female"
"9004154",371995,2025-06-12 02:19:47,42.4227600097656,-8.87907409667969,"Female"
"9004154",371995,2025-06-12 02:24:47,42.4227714538574,-8.87860012054443,"Female"
"9004154",371995,2025-06-12 02:29:49,42.4228782653809,-8.87854957580566,"Female"
"9004154",371995,2025-06-12 02:35:02,42.4225921630859,-8.87845420837402,"Female"
"9004154",371995,2025-06-12 02:40:15,42.422550201416,-8.879075050354,"Female"
"9004154",371995,2025-06-12 02:44:51,42.4225578308105,-8.87911128997803,"Female"
"9004154",371995,2025-06-12 02:49:52,42.4224624633789,-8.87918186187744,"Female"
"9004154",371995,2025-06-12 02:54:52,42.4225234985352,-8.87910175323486,"Female"
"9004154",371995,2025-06-12 02:59:51,42.4225959777832,-8.87917900085449,"Female"
"9004154",371995,2025-06-12 03:04:51,42.4224891662598,-8.87906265258789,"Female"
"9004154",371995,2025-06-12 03:09:59,42.4227523803711,-8.87798118591309,"Female"
"9004154",371995,2025-06-12 03:14:52,42.4225730895996,-8.87789821624756,"Female"
"9004154",371995,2025-06-12 03:19:50,42.4226570129395,-8.87794017791748,"Female"
"9004154",371995,2025-06-12 03:24:50,42.4225769042969,-8.87826919555664,"Female"
"9004154",371995,2025-06-12 03:30:12,42.4226226806641,-8.87842273712158,"Female"
"9004154",371995,2025-06-12 03:34:51,42.4226570129395,-8.87841701507568,"Female"
"9004154",371995,2025-06-12 03:39:50,42.4225540161133,-8.87848377227783,"Female"
"9004154",371995,2025-06-12 03:44:50,42.4225158691406,-8.87844848632812,"Female"
"9004154",371995,2025-06-12 03:49:52,42.4226531982422,-8.8783597946167,"Female"
"9004154",371995,2025-06-12 03:54:50,42.4225082397461,-8.87838268280029,"Female"
"9004154",371995,2025-06-12 03:59:52,42.4228210449219,-8.8786449432373,"Female"
"9004154",371995,2025-06-12 04:04:50,42.4226341247559,-8.87827777862549,"Female"
"9004154",371995,2025-06-12 04:09:51,42.4228706359863,-8.87844276428223,"Female"
"9004154",371995,2025-06-12 04:14:55,42.4225158691406,-8.878493309021,"Female"
"9004154",371995,2025-06-12 04:21:05,42.4228439331055,-8.8784351348877,"Female"
"9004154",371995,2025-06-12 04:24:48,42.4228591918945,-8.8784122467041,"Female"
"9004154",371995,2025-06-12 04:29:48,42.4226150512695,-8.8785228729248,"Female"
"9004154",371995,2025-06-12 04:34:48,42.4226684570312,-8.87853717803955,"Female"
"9004154",371995,2025-06-12 04:39:47,42.422779083252,-8.87844562530518,"Female"
"9004154",371995,2025-06-12 04:44:47,42.4228248596191,-8.87854194641113,"Female"
"9004154",371995,2025-06-12 04:49:49,42.4224891662598,-8.87839317321777,"Female"
"9004154",371995,2025-06-12 04:55:00,42.4224662780762,-8.87858867645264,"Female"
"9004154",371995,2025-06-12 04:59:48,42.4225883483887,-8.8773832321167,"Female"
"9004154",371995,2025-06-12 05:05:00,42.4226493835449,-8.8775053024292,"Female"
"9004154",371995,2025-06-12 05:09:48,42.4225883483887,-8.87737655639648,"Female"
"9004154",371995,2025-06-12 05:15:01,42.4226722717285,-8.87748336791992,"Female"
"9004154",371995,2025-06-12 05:19:49,42.4225997924805,-8.8773889541626,"Female"
"9004154",371995,2025-06-12 05:24:52,42.422779083252,-8.87735557556152,"Female"
"9004154",371995,2025-06-12 05:29:55,42.4226226806641,-8.87732124328613,"Female"
"9004154",371995,2025-06-12 05:35:13,42.4228363037109,-8.87739562988281,"Female"
"9004154",371995,2025-06-12 05:39:51,42.4228057861328,-8.87744617462158,"Female"
"9004154",371995,2025-06-12 05:45:00,42.4226989746094,-8.87733840942383,"Female"
"9004154",371995,2025-06-12 05:49:48,42.4276542663574,-8.87837696075439,"Female"
"9004154",371995,2025-06-12 05:59:06,42.437801361084,-8.87448692321777,"Female"
"9004154",371995,2025-06-12 06:03:53,42.4383430480957,-8.87492752075195,"Female"
"9004154",371995,2025-06-12 06:08:52,42.4374923706055,-8.87344264984131,"Female"
"9004154",371995,2025-06-12 06:16:43,42.4360198974609,-8.87285804748535,"Female"
"9004154",371995,2025-06-12 06:24:18,42.4376487731934,-8.87329006195068,"Female"
"9004154",371995,2025-06-12 06:29:35,42.4368858337402,-8.877685546875,"Female"
"9004154",371995,2025-06-12 06:34:03,42.4369087219238,-8.87764167785645,"Female"
"9004154",371995,2025-06-12 06:39:03,42.4369277954102,-8.87771606445312,"Female"
"9004154",371995,2025-06-12 06:44:03,42.4370269775391,-8.87764263153076,"Female"
"9004154",371995,2025-06-12 06:49:04,42.4369201660156,-8.87770462036133,"Female"
"9004154",371995,2025-06-12 06:54:03,42.436939239502,-8.87769889831543,"Female"
"9004154",371995,2025-06-12 06:59:03,42.4370307922363,-8.8776273727417,"Female"
"9004154",371995,2025-06-12 07:04:03,42.4369773864746,-8.87765026092529,"Female"
"9004154",371995,2025-06-12 07:09:03,42.4368934631348,-8.87775707244873,"Female"
"9004154",371995,2025-06-12 07:14:03,42.4369201660156,-8.87772369384766,"Female"
"9004154",371995,2025-06-12 07:19:03,42.4369468688965,-8.87770557403564,"Female"
"9004154",371995,2025-06-12 07:24:04,42.4368438720703,-8.87768173217773,"Female"
"9004154",371995,2025-06-12 07:29:04,42.4373435974121,-8.87503528594971,"Female"
"9004154",371995,2025-06-12 07:34:09,42.4367866516113,-8.87417411804199,"Female"
"9004154",371995,2025-06-12 07:39:12,42.4368362426758,-8.87301635742188,"Female"
"9004154",371995,2025-06-12 07:44:04,42.4377555847168,-8.87351989746094,"Female"
"9004154",371995,2025-06-12 07:49:36,42.4393272399902,-8.87407207489014,"Female"
"9004154",371995,2025-06-12 07:54:36,42.4409484863281,-8.87457370758057,"Female"
"9004154",371995,2025-06-12 08:02:30,42.438720703125,-8.87543296813965,"Female"
"9004154",371995,2025-06-12 08:07:27,42.4404525756836,-8.87580394744873,"Female"
"9004154",371995,2025-06-12 08:13:38,42.4388847351074,-8.87514972686768,"Female"
"9004154",371995,2025-06-12 08:18:42,42.4403953552246,-8.87601566314697,"Female"
"9004154",371995,2025-06-12 08:24:55,42.4418640136719,-8.87627792358398,"Female"
"9004154",371995,2025-06-12 08:29:14,42.4368782043457,-8.87770843505859,"Female"
"9004154",371995,2025-06-12 08:33:30,42.4368591308594,-8.87769222259521,"Female"
"9004154",371995,2025-06-12 08:38:39,42.4368705749512,-8.87772178649902,"Female"
"9004154",371995,2025-06-12 08:43:30,42.4368858337402,-8.87769508361816,"Female"
"9004154",371995,2025-06-12 08:48:44,42.4368515014648,-8.87767887115479,"Female"
"9004154",371995,2025-06-12 08:53:31,42.4367904663086,-8.87776947021484,"Female"
"9004154",371995,2025-06-12 08:58:32,42.436897277832,-8.87770652770996,"Female"
"9004154",371995,2025-06-12 09:03:38,42.4369888305664,-8.87857437133789,"Female"
"9004154",371995,2025-06-12 09:08:32,42.4371032714844,-8.878586769104,"Female"
"9004154",371995,2025-06-12 09:13:31,42.4370460510254,-8.87832736968994,"Female"
"9004154",371995,2025-06-12 09:18:31,42.4369773864746,-8.87831497192383,"Female"
"9004154",371995,2025-06-12 09:23:31,42.4370651245117,-8.87862300872803,"Female"
"9004154",371995,2025-06-12 09:28:36,42.4371070861816,-8.87882137298584,"Female"
"9004154",371995,2025-06-12 09:33:31,42.4370956420898,-8.87875270843506,"Female"
"9004154",371995,2025-06-12 09:38:31,42.4370651245117,-8.87894344329834,"Female"
"9004154",371995,2025-06-12 09:43:32,42.4369010925293,-8.87835025787354,"Female"
"9004154",371995,2025-06-12 09:48:44,42.4380760192871,-8.88390445709229,"Female"
"9004154",371995,2025-06-12 09:53:44,42.4369659423828,-8.87795543670654,"Female"
"9004154",371995,2025-06-12 09:58:30,42.4369468688965,-8.87775993347168,"Female"
"9004154",371995,2025-06-12 10:03:30,42.4369239807129,-8.87787532806396,"Female"
"9004154",371995,2025-06-12 10:08:30,42.436897277832,-8.87799167633057,"Female"
"9004154",371995,2025-06-12 10:13:31,42.4418296813965,-8.87691497802734,"Female"
"9004154",371995,2025-06-12 10:19:15,42.4429397583008,-8.87847328186035,"Female"
"9004154",371995,2025-06-12 10:24:15,42.4445533752441,-8.87806034088135,"Female"
"9004154",371995,2025-06-12 10:30:02,42.4434547424316,-8.87673473358154,"Female"
"9004154",371995,2025-06-12 10:40:31,42.4378433227539,-8.87617588043213,"Female"
"9004154",371995,2025-06-12 11:10:53,42.4371337890625,-8.87626552581787,"Female"
"9004154",371995,2025-06-12 11:15:05,42.4268417358398,-8.87783241271973,"Female"
"9004154",371995,2025-06-12 11:19:54,42.4228324890137,-8.87733173370361,"Female"
"9004154",371995,2025-06-12 11:24:56,42.4227485656738,-8.87702083587646,"Female"
"9004154",371995,2025-06-12 11:30:13,42.4225883483887,-8.87745952606201,"Female"
"9004154",371995,2025-06-12 11:35:13,42.4228630065918,-8.87746047973633,"Female"
"9004154",371995,2025-06-12 11:39:49,42.422679901123,-8.87719249725342,"Female"
"9004154",371995,2025-06-12 11:44:52,42.4225883483887,-8.87729930877686,"Female"
"9004154",371995,2025-06-12 11:49:51,42.422721862793,-8.8773193359375,"Female"
"9004154",371995,2025-06-12 11:55:26,42.4226722717285,-8.87742710113525,"Female"
"9004154",371995,2025-06-12 12:01:10,42.4226989746094,-8.87746047973633,"Female"
"9004154",371995,2025-06-12 12:06:10,42.4225463867188,-8.87743473052979,"Female"
"9004154",371995,2025-06-12 12:11:10,42.4226913452148,-8.87745189666748,"Female"
"9004154",371995,2025-06-12 12:16:10,42.4226188659668,-8.87741851806641,"Female"
"9004154",371995,2025-06-12 12:19:53,42.4225997924805,-8.87742042541504,"Female"
"9004154",371995,2025-06-12 12:24:59,42.4224891662598,-8.87738513946533,"Female"
"9004154",371995,2025-06-12 12:29:57,42.4225997924805,-8.87741374969482,"Female"
"9004154",371995,2025-06-12 12:34:54,42.4225807189941,-8.87740707397461,"Female"
"9004154",371995,2025-06-12 12:39:47,42.4224739074707,-8.87734508514404,"Female"
"9004154",371995,2025-06-12 12:44:46,42.422721862793,-8.87748050689697,"Female"
"9004154",371995,2025-06-12 12:49:47,42.422664642334,-8.8774356842041,"Female"
"9004154",371995,2025-06-12 12:54:46,42.4226036071777,-8.87741851806641,"Female"
"9004154",371995,2025-06-12 12:59:46,42.4226684570312,-8.87739181518555,"Female"
"9004154",371995,2025-06-12 13:04:47,42.4226913452148,-8.87740421295166,"Female"
"9004154",371995,2025-06-12 13:09:47,42.4227142333984,-8.87747764587402,"Female"
"9004154",371995,2025-06-12 13:14:47,42.4225997924805,-8.87739276885986,"Female"
"9004154",371995,2025-06-12 13:19:47,42.4226341247559,-8.87836647033691,"Female"
"9004154",371995,2025-06-12 13:24:47,42.4226531982422,-8.87834930419922,"Female"
"9004154",371995,2025-06-12 13:30:34,42.4226837158203,-8.87739658355713,"Female"
"9004154",371995,2025-06-12 13:34:48,42.4225692749023,-8.87749099731445,"Female"
"9004154",371995,2025-06-12 13:39:54,42.4226150512695,-8.87743377685547,"Female"
"9004154",371995,2025-06-12 13:44:52,42.4226608276367,-8.87750434875488,"Female"
"9004154",371995,2025-06-12 13:49:48,42.4225006103516,-8.87743473052979,"Female"
"9004154",371995,2025-06-12 13:54:57,42.422679901123,-8.87750339508057,"Female"
"9004154",371995,2025-06-12 13:59:46,42.422534942627,-8.87744045257568,"Female"
"9004154",371995,2025-06-12 14:04:49,42.4226493835449,-8.87762260437012,"Female"
"9004154",371995,2025-06-12 14:09:47,42.4227066040039,-8.877685546875,"Female"
"9004154",371995,2025-06-12 14:14:56,42.423267364502,-8.87840461730957,"Female"
"9004154",371995,2025-06-12 14:21:10,42.4227638244629,-8.87761783599854,"Female"
"9004154",371995,2025-06-12 14:24:47,42.4226837158203,-8.8775520324707,"Female"
"9004154",371995,2025-06-12 14:29:46,42.4228439331055,-8.87785053253174,"Female"
"9004154",371995,2025-06-12 14:34:48,42.422737121582,-8.87764072418213,"Female"
"9004154",371995,2025-06-12 14:39:46,42.4228324890137,-8.87762355804443,"Female"
"9004154",371995,2025-06-12 14:44:48,42.4228668212891,-8.87790203094482,"Female"
"9004154",371995,2025-06-12 14:49:49,42.4226951599121,-8.8775634765625,"Female"
"9004154",371995,2025-06-12 14:54:46,42.4255867004395,-8.87874984741211,"Female"
"9004154",371995,2025-06-12 14:59:53,42.4471626281738,-8.88273811340332,"Female"
"9004154",371995,2025-06-12 15:05:44,42.4539070129395,-8.88695812225342,"Female"
"9004154",371995,2025-06-12 15:11:52,42.4542694091797,-8.88854885101318,"Female"
"9004154",371995,2025-06-12 15:16:55,42.4555130004883,-8.88964557647705,"Female"
"9004154",371995,2025-06-12 15:21:54,42.4564895629883,-8.88952350616455,"Female"
"9004154",371995,2025-06-12 15:26:52,42.4510307312012,-8.89048957824707,"Female"
"9004154",371995,2025-06-12 15:31:52,42.4344367980957,-8.87771892547607,"Female"
"9004154",371995,2025-06-12 15:37:01,42.4234657287598,-8.87901782989502,"Female"
"9004154",371995,2025-06-12 15:42:29,42.4226417541504,-8.87744903564453,"Female"
"9004154",371995,2025-06-12 15:46:54,42.4226264953613,-8.87744235992432,"Female"
"9004154",371995,2025-06-12 15:51:54,42.4226264953613,-8.87748336791992,"Female"
"9004154",371995,2025-06-12 15:57:06,42.4226493835449,-8.87759304046631,"Female"
"9004154",371995,2025-06-12 16:02:11,42.4225997924805,-8.87735462188721,"Female"
"9004154",371995,2025-06-12 16:08:16,42.4226493835449,-8.8773889541626,"Female"
"9004154",371995,2025-06-12 16:11:59,42.4226303100586,-8.87739753723145,"Female"
"9004154",371995,2025-06-12 16:17:29,42.4226341247559,-8.87740898132324,"Female"
"9004154",371995,2025-06-12 16:22:44,42.4226379394531,-8.87740039825439,"Female"
"9004154",371995,2025-06-12 16:27:07,42.4226303100586,-8.87740707397461,"Female"
"9004154",371995,2025-06-12 16:32:01,42.4226226806641,-8.87741661071777,"Female"
"9004154",371995,2025-06-12 16:37:01,42.4226341247559,-8.87741374969482,"Female"
"9004154",371995,2025-06-12 16:41:54,42.4225921630859,-8.87728881835938,"Female"
"9004154",371995,2025-06-12 16:47:14,42.4225997924805,-8.8774242401123,"Female"
"9004154",371995,2025-06-12 16:51:53,42.4226341247559,-8.87731266021729,"Female"
"9004154",371995,2025-06-12 16:56:57,42.4226493835449,-8.87853908538818,"Female"
"9004154",371995,2025-06-12 17:02:00,42.4225387573242,-8.87837696075439,"Female"
"9004154",371995,2025-06-12 17:06:54,42.4227294921875,-8.87857627868652,"Female"
"9004154",371995,2025-06-12 17:11:54,42.422679901123,-8.87719535827637,"Female"
"9004154",371995,2025-06-12 17:17:00,42.4225692749023,-8.87853050231934,"Female"
"9004154",371995,2025-06-12 17:21:56,42.4223480224609,-8.8779239654541,"Female"
"9004154",371995,2025-06-12 17:26:55,42.4226341247559,-8.87850856781006,"Female"
"9004154",371995,2025-06-12 17:31:57,42.4221649169922,-8.87748241424561,"Female"
"9004154",371995,2025-06-12 17:38:16,42.4228019714355,-8.87856769561768,"Female"
"9004154",371995,2025-06-12 17:42:33,42.4227104187012,-8.87852096557617,"Female"
"9004154",371995,2025-06-12 17:47:26,42.4225997924805,-8.87846279144287,"Female"
"9004154",371995,2025-06-12 17:51:54,42.4227676391602,-8.87827777862549,"Female"
"9004154",371995,2025-06-12 17:56:52,42.4232788085938,-8.87799072265625,"Female"
"9004154",371995,2025-06-12 18:01:54,42.4227066040039,-8.8787784576416,"Female"
"9004154",371995,2025-06-12 18:06:53,42.4226684570312,-8.87827014923096,"Female"
"9004154",371995,2025-06-12 18:11:57,42.4226341247559,-8.87855529785156,"Female"
"9004154",371995,2025-06-12 18:16:54,42.4226379394531,-8.8783540725708,"Female"
"9004154",371995,2025-06-12 18:22:57,42.4225921630859,-8.87849807739258,"Female"
"9004154",371995,2025-06-12 18:26:53,42.4227714538574,-8.87835311889648,"Female"
"9004154",371995,2025-06-12 18:31:55,42.4225654602051,-8.87847995758057,"Female"
"9004154",371995,2025-06-12 18:36:55,42.4230690002441,-8.87830829620361,"Female"
"9004154",371995,2025-06-12 18:41:52,42.423713684082,-8.877028465271,"Female"
"9004154",371995,2025-06-12 18:47:11,42.4224090576172,-8.87846946716309,"Female"
"9004154",371995,2025-06-12 18:51:58,42.4225616455078,-8.87843608856201,"Female"
"9004154",371995,2025-06-12 18:57:27,42.4225425720215,-8.8784646987915,"Female"
"9004154",371995,2025-06-12 19:02:35,42.4226989746094,-8.8784818649292,"Female"
"9004154",371995,2025-06-12 19:06:53,42.4226417541504,-8.8784294128418,"Female"
"9004154",371995,2025-06-12 19:11:53,42.4229125976562,-8.8785924911499,"Female"
"9004154",371995,2025-06-12 19:16:54,42.4227104187012,-8.87831592559814,"Female"
"9004154",371995,2025-06-12 19:21:52,42.4225845336914,-8.87810039520264,"Female"
"9004154",371995,2025-06-12 19:26:54,42.4225540161133,-8.87844181060791,"Female"
"9004154",371995,2025-06-12 19:31:52,42.4226417541504,-8.87854290008545,"Female"
"9004154",371995,2025-06-12 19:36:55,42.422779083252,-8.87854385375977,"Female"
"9004154",371995,2025-06-12 19:41:52,42.4228172302246,-8.87845230102539,"Female"
"9004154",371995,2025-06-12 19:47:14,42.4229164123535,-8.87857246398926,"Female"
"9004154",371995,2025-06-12 19:52:14,42.4226837158203,-8.87849903106689,"Female"
"9004154",371995,2025-06-12 19:56:58,42.4226684570312,-8.87843322753906,"Female"
"9004154",371995,2025-06-12 20:01:52,42.422737121582,-8.87865829467773,"Female"
"9004154",371995,2025-06-12 20:06:53,42.4227828979492,-8.8786792755127,"Female"
"9004154",371995,2025-06-12 20:12:38,42.4226150512695,-8.87848949432373,"Female"
"9004154",371995,2025-06-12 20:16:52,42.4224243164062,-8.87894248962402,"Female"
"9004154",371995,2025-06-12 20:21:53,42.4226264953613,-8.87861442565918,"Female"
"9004154",371995,2025-06-12 20:26:52,42.4226188659668,-8.87843799591064,"Female"
"9004154",371995,2025-06-12 20:31:53,42.4225158691406,-8.87854957580566,"Female"
"9004154",371995,2025-06-12 20:36:53,42.4225006103516,-8.87856101989746,"Female"
"9004154",371995,2025-06-12 20:41:55,42.4223709106445,-8.87866687774658,"Female"
"9004154",371995,2025-06-12 20:46:55,42.4225921630859,-8.87849140167236,"Female"
"9004154",371995,2025-06-12 20:51:59,42.4225311279297,-8.87855625152588,"Female"
"9004154",371995,2025-06-12 20:57:00,42.4224395751953,-8.87851715087891,"Female"
"9004154",371995,2025-06-12 21:01:54,42.4223899841309,-8.8786735534668,"Female"
"9004154",371995,2025-06-12 21:06:54,42.4224395751953,-8.8786039352417,"Female"
"9004154",371995,2025-06-12 21:12:44,42.4224243164062,-8.87839603424072,"Female"
"9004154",371995,2025-06-12 21:18:16,42.4226264953613,-8.87854957580566,"Female"
"9004154",371995,2025-06-12 21:23:16,42.4226875305176,-8.87854480743408,"Female"
"9004154",371995,2025-06-12 21:33:01,42.4226264953613,-8.87850189208984,"Female"
"9004154",371995,2025-06-12 21:42:26,42.4221801757812,-8.87863731384277,"Female"
"9004154",371995,2025-06-12 21:51:55,42.4227561950684,-8.87848377227783,"Female"
"9004154",371995,2025-06-12 22:01:58,42.4226531982422,-8.87844562530518,"Female"
"9004154",371995,2025-06-12 22:11:58,42.4227142333984,-8.87840366363525,"Female"
"9004154",371995,2025-06-12 22:21:54,42.4225921630859,-8.87853717803955,"Female"
"9004154",371995,2025-06-12 22:31:54,42.4226608276367,-8.87848472595215,"Female"
"9004154",371995,2025-06-12 22:41:53,42.4228439331055,-8.87844181060791,"Female"
"9004154",371995,2025-06-12 22:51:53,42.422534942627,-8.87857437133789,"Female"
"9004154",371995,2025-06-12 23:01:53,42.422721862793,-8.87843036651611,"Female"
"9004154",371995,2025-06-12 23:11:53,42.4228096008301,-8.87835216522217,"Female"
"9004154",371995,2025-06-12 23:21:53,42.4225997924805,-8.8785514831543,"Female"
"9004154",371995,2025-06-12 23:31:54,42.422492980957,-8.8784761428833,"Female"
"9004154",371995,2025-06-12 23:41:54,42.4228630065918,-8.87837314605713,"Female"
"9004154",371995,2025-06-12 23:51:55,42.4229202270508,-8.87836074829102,"Female"
"9004154",371995,2025-06-13 00:01:59,42.4227523803711,-8.87846660614014,"Female"
"9004154",371995,2025-06-13 00:11:59,42.4226379394531,-8.87839221954346,"Female"
"9004154",371995,2025-06-13 00:22:11,42.4227104187012,-8.87831401824951,"Female"
"9004154",371995,2025-06-13 00:31:54,42.4226837158203,-8.87841129302979,"Female"
"9004154",371995,2025-06-13 00:41:54,42.4228439331055,-8.87852573394775,"Female"
"9004154",371995,2025-06-13 00:51:55,42.4219093322754,-8.87824821472168,"Female"
"9004154",371995,2025-06-13 01:01:58,42.4224586486816,-8.87859058380127,"Female"
"9004154",371995,2025-06-13 01:11:59,42.4225540161133,-8.87841606140137,"Female"
"9004154",371995,2025-06-13 01:21:58,42.4220771789551,-8.88580894470215,"Female"
"9004154",371995,2025-06-13 01:31:56,42.422981262207,-8.87837886810303,"Female"
"9004154",371995,2025-06-13 01:41:54,42.4230041503906,-8.87827301025391,"Female"
"9004154",371995,2025-06-13 01:51:54,42.422981262207,-8.87839031219482,"Female"
"9004154",371995,2025-06-13 02:01:53,42.4226989746094,-8.8782377243042,"Female"
"9004154",371995,2025-06-13 02:11:53,42.4226837158203,-8.87826251983643,"Female"
"9004154",371995,2025-06-13 02:21:54,42.4225006103516,-8.87837696075439,"Female"
"9004154",371995,2025-06-13 02:31:54,42.422550201416,-8.87820625305176,"Female"
"9004154",371995,2025-06-13 02:41:54,42.4224014282227,-8.87829875946045,"Female"
"9004154",371995,2025-06-13 02:51:55,42.4224739074707,-8.87834739685059,"Female"
"9004154",371995,2025-06-13 03:01:54,42.422435760498,-8.87839221954346,"Female"
"9004154",371995,2025-06-13 03:11:55,42.4226493835449,-8.87830543518066,"Female"
"9004154",371995,2025-06-13 03:22:00,42.4225997924805,-8.87843132019043,"Female"
"9004154",371995,2025-06-13 03:31:59,42.4229507446289,-8.87849426269531,"Female"
"9004154",371995,2025-06-13 03:42:01,42.4228096008301,-8.87850856781006,"Female"
"9004154",371995,2025-06-13 03:51:59,42.4227752685547,-8.87858963012695,"Female"
"9004154",371995,2025-06-13 04:02:14,42.4229507446289,-8.87845420837402,"Female"
"9004154",371995,2025-06-13 04:11:55,42.4225196838379,-8.87897109985352,"Female"
"9004154",371995,2025-06-13 04:21:54,42.4224052429199,-8.87946796417236,"Female"
"9004154",371995,2025-06-13 04:31:54,42.4223937988281,-8.87923717498779,"Female"
"9004154",371995,2025-06-13 04:41:54,42.4226226806641,-8.87850856781006,"Female"
"9004154",371995,2025-06-13 04:52:14,42.4227256774902,-8.87850666046143,"Female"
"9004154",371995,2025-06-13 05:01:56,42.4230499267578,-8.87832546234131,"Female"
"9004154",371995,2025-06-13 05:12:01,42.422794342041,-8.87731647491455,"Female"
"9004154",371995,2025-06-13 05:21:56,42.4228248596191,-8.87728309631348,"Female"
"9004154",371995,2025-06-13 05:32:01,42.4228935241699,-8.87731456756592,"Female"
"9004154",371995,2025-06-13 05:42:03,42.4223403930664,-8.87732124328613,"Female"
"9004154",371995,2025-06-13 05:51:54,42.4296875,-8.87993717193604,"Female"
"9004154",371995,2025-06-13 06:02:01,42.4601173400879,-8.89963817596436,"Female"
"9004154",371995,2025-06-13 06:12:01,42.4606018066406,-8.90121078491211,"Female"
"9004154",371995,2025-06-13 06:22:01,42.4593963623047,-8.90505504608154,"Female"
"9004154",371995,2025-06-13 06:32:00,42.45947265625,-8.9050464630127,"Female"
"9004154",371995,2025-06-13 06:42:21,42.4579772949219,-8.91414737701416,"Female"
"9004154",371995,2025-06-13 06:55:23,42.4622077941895,-8.9136209487915,"Female"
"9004154",371995,2025-06-13 07:12:53,42.4617652893066,-8.9141960144043,"Female"
"9004154",371995,2025-06-13 07:26:49,42.4618453979492,-8.91158771514893,"Female"
"9004154",371995,2025-06-13 07:37:32,42.460994720459,-8.91015434265137,"Female"
"9004154",371995,2025-06-13 07:50:34,42.4601936340332,-8.90776634216309,"Female"
"9004154",371995,2025-06-13 08:00:34,42.4587287902832,-8.90690326690674,"Female"
"9004154",371995,2025-06-13 08:10:35,42.4593658447266,-8.90537548065186,"Female"
"9004154",371995,2025-06-13 08:20:33,42.4593467712402,-8.90532779693604,"Female"
"9004154",371995,2025-06-13 08:30:33,42.4593467712402,-8.90524673461914,"Female"
"9004154",371995,2025-06-13 08:40:33,42.459415435791,-8.90521335601807,"Female"
"9004154",371995,2025-06-13 08:50:33,42.4593315124512,-8.90519714355469,"Female"
"9004154",371995,2025-06-13 09:01:23,42.4580154418945,-8.89642906188965,"Female"
"9004154",371995,2025-06-13 09:11:23,42.4583435058594,-8.89597702026367,"Female"
"9004154",371995,2025-06-13 09:21:48,42.4578552246094,-8.8951301574707,"Female"
"9004154",371995,2025-06-13 09:32:18,42.4578323364258,-8.89523983001709,"Female"
"9004154",371995,2025-06-13 09:42:29,42.4580574035645,-8.89553833007812,"Female"
"9004154",371995,2025-06-13 09:52:48,42.4575119018555,-8.89498901367188,"Female"
"9004154",371995,2025-06-13 10:03:29,42.4573059082031,-8.89419746398926,"Female"
"9004154",371995,2025-06-13 10:14:03,42.4570198059082,-8.89546871185303,"Female"
"9004154",371995,2025-06-13 10:24:49,42.4576873779297,-8.89672470092773,"Female"
"9004154",371995,2025-06-13 10:34:50,42.4579467773438,-8.89701557159424,"Female"
"9004154",371995,2025-06-13 10:44:49,42.4596748352051,-8.90531063079834,"Female"
"9004154",371995,2025-06-13 10:54:49,42.4595489501953,-8.90543365478516,"Female"
"9004154",371995,2025-06-13 11:04:49,42.4596138000488,-8.90499782562256,"Female"
"9004154",371995,2025-06-13 11:14:49,42.4596176147461,-8.90495204925537,"Female"
"9004154",371995,2025-06-13 11:24:49,42.4596939086914,-8.90489196777344,"Female"
"9004154",371995,2025-06-13 11:34:49,42.4596900939941,-8.90490436553955,"Female"
"9004154",371995,2025-06-13 11:44:49,42.4596519470215,-8.90470409393311,"Female"
"9004154",371995,2025-06-13 11:54:49,42.4596328735352,-8.90481662750244,"Female"
"9004154",371995,2025-06-13 12:04:49,42.4597244262695,-8.90478897094727,"Female"
"9004154",371995,2025-06-13 12:14:49,42.4597663879395,-8.9047908782959,"Female"
"9004154",371995,2025-06-13 12:25:19,42.460319519043,-8.90035629272461,"Female"
"9004154",371995,2025-06-13 12:30:39,42.4598236083984,-8.89803886413574,"Female"
"9004154",371995,2025-06-13 12:36:03,42.4597587585449,-8.897141456604,"Female"
"9004154",371995,2025-06-13 12:42:00,42.4589233398438,-8.89643383026123,"Female"
"9004154",371995,2025-06-13 12:47:23,42.4582290649414,-8.89612293243408,"Female"
"9004154",371995,2025-06-13 12:52:43,42.4574317932129,-8.89570713043213,"Female"
"9004154",371995,2025-06-13 12:58:00,42.4577407836914,-8.89485740661621,"Female"
"9004154",371995,2025-06-13 13:03:24,42.4581146240234,-8.89504623413086,"Female"
"9004154",371995,2025-06-13 13:08:25,42.4584197998047,-8.8957462310791,"Female"
"9004154",371995,2025-06-13 13:13:27,42.4580078125,-8.89546489715576,"Female"
"9004154",371995,2025-06-13 13:18:27,42.4580535888672,-8.89434242248535,"Female"
"9004154",371995,2025-06-13 13:24:21,42.457447052002,-8.89338779449463,"Female"
"9004154",371995,2025-06-13 13:30:04,42.457836151123,-8.89403057098389,"Female"
"9004154",371995,2025-06-13 13:35:19,42.4569778442383,-8.89472103118896,"Female"
"9004154",371995,2025-06-13 13:41:00,42.457935333252,-8.89506816864014,"Female"
"9004154",371995,2025-06-13 13:46:07,42.4579544067383,-8.89633846282959,"Female"
"9004154",371995,2025-06-13 13:51:27,42.4570693969727,-8.89605045318604,"Female"
"9004154",371995,2025-06-13 13:56:27,42.4526977539062,-8.88673877716064,"Female"
"9004154",371995,2025-06-13 14:01:29,42.4536514282227,-8.88750457763672,"Female"
"9004154",371995,2025-06-13 14:06:29,42.4539260864258,-8.88753795623779,"Female"
"9004154",371995,2025-06-13 14:11:29,42.4534072875977,-8.88805294036865,"Female"
"9004154",371995,2025-06-13 14:16:37,42.4543914794922,-8.88793277740479,"Female"
"9004154",371995,2025-06-13 14:21:57,42.4528923034668,-8.88669490814209,"Female"
"9004154",371995,2025-06-13 14:26:53,42.4466438293457,-8.883131980896,"Female"
"9004154",371995,2025-06-13 14:31:53,42.422924041748,-8.87835502624512,"Female"
"9004154",371995,2025-06-13 14:36:53,42.422908782959,-8.87834453582764,"Female"
"9004154",371995,2025-06-13 14:41:54,42.4229545593262,-8.87833786010742,"Female"
"9004154",371995,2025-06-13 14:46:53,42.422924041748,-8.8773775100708,"Female"
"9004154",371995,2025-06-13 14:51:54,42.4231376647949,-8.87737941741943,"Female"
"9004154",371995,2025-06-13 14:56:53,42.4230728149414,-8.87750053405762,"Female"
"9004154",371995,2025-06-13 15:01:53,42.4232330322266,-8.87767219543457,"Female"
"9004154",371995,2025-06-13 15:06:54,42.4233703613281,-8.87768650054932,"Female"
"9004154",371995,2025-06-13 15:11:53,42.4232444763184,-8.87765693664551,"Female"
"9004154",371995,2025-06-13 15:16:55,42.4226341247559,-8.87767028808594,"Female"
"9004154",371995,2025-06-13 15:21:54,42.4226493835449,-8.87741088867188,"Female"
"9004154",371995,2025-06-13 15:26:54,42.4226531982422,-8.87747573852539,"Female"
"9004154",371995,2025-06-13 15:31:55,42.4224395751953,-8.87726020812988,"Female"
"9004154",371995,2025-06-13 15:36:55,42.4224815368652,-8.87734317779541,"Female"
"9004154",371995,2025-06-13 15:41:55,42.4224624633789,-8.87732791900635,"Female"
"9004154",371995,2025-06-13 15:46:54,42.4224395751953,-8.87723541259766,"Female"
"9004154",371995,2025-06-13 15:51:57,42.4224243164062,-8.8771276473999,"Female"
"9004154",371995,2025-06-13 15:56:54,42.4225158691406,-8.87730884552002,"Female"
"9004154",371995,2025-06-13 16:01:55,42.4227485656738,-8.87738513946533,"Female"
"9004154",371995,2025-06-13 16:06:59,42.422492980957,-8.87740516662598,"Female"
"9004154",371995,2025-06-13 16:12:05,42.4222297668457,-8.87850666046143,"Female"
"9004154",371995,2025-06-13 16:17:00,42.4230995178223,-8.87899112701416,"Female"
"9004154",371995,2025-06-13 16:22:14,42.422233581543,-8.87841892242432,"Female"
"9004154",371995,2025-06-13 16:26:53,42.422248840332,-8.87845325469971,"Female"
"9004154",371995,2025-06-13 16:31:53,42.4222450256348,-8.87838077545166,"Female"
"9004154",371995,2025-06-13 16:36:53,42.4223823547363,-8.87837982177734,"Female"
"9004154",371995,2025-06-13 16:41:54,42.4223747253418,-8.87823581695557,"Female"
"9004154",371995,2025-06-13 16:46:53,42.4223327636719,-8.87835693359375,"Female"
"9004154",371995,2025-06-13 16:52:00,42.422420501709,-8.87846279144287,"Female"
"9004154",371995,2025-06-13 16:57:14,42.4225540161133,-8.87850952148438,"Female"
"9004154",371995,2025-06-13 17:01:54,42.4226226806641,-8.87846279144287,"Female"
"9004154",371995,2025-06-13 17:06:54,42.422534942627,-8.87844276428223,"Female"
"9004154",371995,2025-06-13 17:11:54,42.4225540161133,-8.87839221954346,"Female"
"9004154",371995,2025-06-13 17:16:55,42.4228019714355,-8.87858867645264,"Female"
"9004154",371995,2025-06-13 17:21:53,42.422794342041,-8.878586769104,"Female"
"9004154",371995,2025-06-13 17:26:53,42.4227409362793,-8.87864303588867,"Female"
"9004154",371995,2025-06-13 17:31:53,42.4227333068848,-8.87860488891602,"Female"
"9004154",371995,2025-06-13 17:36:55,42.4228706359863,-8.87852668762207,"Female"
"9004154",371995,2025-06-13 17:41:53,42.4229583740234,-8.87842178344727,"Female"
"9004154",371995,2025-06-13 17:46:53,42.4231071472168,-8.87834072113037,"Female"
"9004154",371995,2025-06-13 17:51:53,42.4230766296387,-8.87843704223633,"Female"
"9004154",371995,2025-06-13 17:56:53,42.423152923584,-8.87849903106689,"Female"
"9004154",371995,2025-06-13 18:01:54,42.4231185913086,-8.8784646987915,"Female"
"9004154",371995,2025-06-13 18:06:56,42.4229698181152,-8.87854480743408,"Female"
"9004154",371995,2025-06-13 18:11:55,42.4228668212891,-8.87862110137939,"Female"
"9004154",371995,2025-06-13 18:16:55,42.4229888916016,-8.87859058380127,"Female"
"9004154",371995,2025-06-13 18:22:05,42.4230194091797,-8.87856578826904,"Female"
"9004154",371995,2025-06-13 18:26:55,42.4231109619141,-8.8785285949707,"Female"
"9004154",371995,2025-06-13 18:31:54,42.4230880737305,-8.87854671478271,"Female"
"9004154",371995,2025-06-13 18:36:57,42.4230766296387,-8.87829875946045,"Female"
"9004154",371995,2025-06-13 18:41:54,42.423152923584,-8.87841415405273,"Female"
"9004154",371995,2025-06-13 18:46:57,42.4231605529785,-8.87792015075684,"Female"
"9004154",371995,2025-06-13 18:51:56,42.4227828979492,-8.87864112854004,"Female"
"9004154",371995,2025-06-13 18:57:06,42.4229927062988,-8.87854099273682,"Female"
"9004154",371995,2025-06-13 19:01:57,42.4231185913086,-8.87825965881348,"Female"
"9004154",371995,2025-06-13 19:06:56,42.4231414794922,-8.8784875869751,"Female"
"9004154",371995,2025-06-13 19:12:14,42.4231033325195,-8.87847900390625,"Female"
"9004154",371995,2025-06-13 19:16:55,42.4231758117676,-8.87835788726807,"Female"
"9004154",371995,2025-06-13 19:21:53,42.4231948852539,-8.87827682495117,"Female"
"9004154",371995,2025-06-13 19:26:57,42.422966003418,-8.87842178344727,"Female"
"9004154",371995,2025-06-13 19:31:56,42.4229545593262,-8.878830909729,"Female"
"9004154",371995,2025-06-13 19:36:53,42.4230690002441,-8.87839317321777,"Female"
"9004154",371995,2025-06-13 19:41:55,42.4230804443359,-8.87843418121338,"Female"
"9004154",371995,2025-06-13 19:46:54,42.4230995178223,-8.87829875946045,"Female"
"9004154",371995,2025-06-13 19:51:56,42.4227981567383,-8.87717533111572,"Female"
"9004154",371995,2025-06-13 19:57:08,42.4227409362793,-8.87835025787354,"Female"
"9004154",371995,2025-06-13 20:01:53,42.4225921630859,-8.87793827056885,"Female"
"9004154",371995,2025-06-13 20:06:56,42.4228744506836,-8.87841510772705,"Female"
"9004154",371995,2025-06-13 20:11:59,42.4209518432617,-8.88003730773926,"Female"
"9004154",371995,2025-06-13 20:17:06,42.4225273132324,-8.87880706787109,"Female"
"9004154",371995,2025-06-13 20:22:03,42.4227485656738,-8.87885570526123,"Female"
"9004154",371995,2025-06-13 20:27:06,42.422679901123,-8.87892818450928,"Female"
"9004154",371995,2025-06-13 20:32:06,42.4225769042969,-8.87883758544922,"Female"
"9004154",371995,2025-06-13 20:37:06,42.4226303100586,-8.87880325317383,"Female"
"9004154",371995,2025-06-13 20:42:05,42.4226226806641,-8.87858486175537,"Female"
"9004154",371995,2025-06-13 20:47:06,42.4226150512695,-8.87834167480469,"Female"
"9004154",371995,2025-06-13 20:51:56,42.4222564697266,-8.87887096405029,"Female"
"9004154",371995,2025-06-13 20:56:55,42.4235916137695,-8.87801742553711,"Female"
"9004154",371995,2025-06-13 21:01:55,42.4230613708496,-8.87841510772705,"Female"
"9004154",371995,2025-06-13 21:06:55,42.422779083252,-8.87853050231934,"Female"
"9004154",371995,2025-06-13 21:11:55,42.4238700866699,-8.87761211395264,"Female"
"9004154",371995,2025-06-13 21:16:54,42.4229278564453,-8.87825012207031,"Female"
"9004154",371995,2025-06-13 21:21:59,42.4227294921875,-8.87839317321777,"Female"
"9004154",371995,2025-06-13 21:26:59,42.422721862793,-8.87841987609863,"Female"
"9004154",371995,2025-06-13 21:32:01,42.422664642334,-8.87841987609863,"Female"
"9004154",371995,2025-06-13 21:36:56,42.422679901123,-8.87840938568115,"Female"
"9004154",371995,2025-06-13 21:41:57,42.4243125915527,-8.87696266174316,"Female"
"9004154",371995,2025-06-13 21:47:06,42.4233016967773,-8.87808609008789,"Female"
"9004154",371995,2025-06-13 21:52:14,42.4232711791992,-8.87806701660156,"Female"
"9004154",371995,2025-06-13 21:56:53,42.4231224060059,-8.87769031524658,"Female"
"9004154",371995,2025-06-13 22:01:53,42.4228172302246,-8.87834072113037,"Female"
"9004154",371995,2025-06-13 22:06:54,42.4228515625,-8.87835311889648,"Female"
"9004154",371995,2025-06-13 22:11:54,42.4228477478027,-8.87835597991943,"Female"
"9004154",371995,2025-06-13 22:16:53,42.422966003418,-8.87841987609863,"Female"
"9004154",371995,2025-06-13 22:21:53,42.4232635498047,-8.87823390960693,"Female"
"9004154",371995,2025-06-13 22:26:53,42.4232711791992,-8.87825584411621,"Female"
"9004154",371995,2025-06-13 22:31:53,42.4232788085938,-8.87841796875,"Female"
"9004154",371995,2025-06-13 22:36:53,42.4233055114746,-8.87827014923096,"Female"
"9004154",371995,2025-06-13 22:41:53,42.4233360290527,-8.87863826751709,"Female"
"9004154",371995,2025-06-13 22:46:54,42.423095703125,-8.87835597991943,"Female"
"9004154",371995,2025-06-13 22:51:53,42.4230842590332,-8.87821483612061,"Female"
"9004154",371995,2025-06-13 22:56:54,42.4230728149414,-8.87844371795654,"Female"
"9004154",371995,2025-06-13 23:01:54,42.4231338500977,-8.87837982177734,"Female"
"9004154",371995,2025-06-13 23:06:53,42.4231758117676,-8.87824058532715,"Female"
"9004154",371995,2025-06-13 23:11:53,42.4230461120605,-8.87844562530518,"Female"
"9004154",371995,2025-06-13 23:16:54,42.4231224060059,-8.87842750549316,"Female"
"9004154",371995,2025-06-13 23:21:53,42.4230804443359,-8.87851238250732,"Female"
"9004154",371995,2025-06-13 23:26:53,42.4230804443359,-8.87847709655762,"Female"
"9004154",371995,2025-06-13 23:31:54,42.4229888916016,-8.8786039352417,"Female"
"9004154",371995,2025-06-13 23:36:55,42.4232025146484,-8.87862396240234,"Female"
"9004154",371995,2025-06-13 23:41:56,42.4233474731445,-8.8784351348877,"Female"
"9004154",371995,2025-06-13 23:47:13,42.4231719970703,-8.8784761428833,"Female"
"9004154",371995,2025-06-13 23:51:53,42.4227256774902,-8.87850093841553,"Female"
"9004154",371995,2025-06-13 23:56:53,42.4230537414551,-8.87834930419922,"Female"
"9004154",371995,2025-06-14 00:01:53,42.4232444763184,-8.87838363647461,"Female"
"9004154",371995,2025-06-14 00:06:53,42.4228858947754,-8.87865352630615,"Female"
"9004154",371995,2025-06-14 00:11:53,42.4230651855469,-8.8784875869751,"Female"
"9004154",371995,2025-06-14 00:16:53,42.4228439331055,-8.87843894958496,"Female"
"9004154",371995,2025-06-14 00:21:54,42.4229698181152,-8.87874507904053,"Female"
"9004154",371995,2025-06-14 00:26:55,42.4225387573242,-8.87897682189941,"Female"
"9004154",371995,2025-06-14 00:32:15,42.4226913452148,-8.87835693359375,"Female"
"9004154",371995,2025-06-14 00:36:53,42.4227027893066,-8.87848472595215,"Female"
"9004154",371995,2025-06-14 00:41:53,42.4228858947754,-8.87843418121338,"Female"
"9004154",371995,2025-06-14 00:46:56,42.4221458435059,-8.87875175476074,"Female"
"9004154",371995,2025-06-14 00:51:56,42.4226379394531,-8.87832641601562,"Female"
"9004154",371995,2025-06-14 00:56:53,42.4229393005371,-8.87828731536865,"Female"
"9004154",371995,2025-06-14 01:01:53,42.4227828979492,-8.87821197509766,"Female"
"9004154",371995,2025-06-14 01:07:06,42.4227981567383,-8.87831115722656,"Female"
"9004154",371995,2025-06-14 01:12:03,42.422721862793,-8.87835216522217,"Female"
"9004154",371995,2025-06-14 01:16:59,42.4230155944824,-8.87837028503418,"Female"
"9004154",371995,2025-06-14 01:21:59,42.4227981567383,-8.87849426269531,"Female"
"9004154",371995,2025-06-14 01:27:07,42.4227714538574,-8.87835597991943,"Female"
"9004154",371995,2025-06-14 01:32:14,42.4227981567383,-8.87841892242432,"Female"
"9004154",371995,2025-06-14 01:36:53,42.4228134155273,-8.87835025787354,"Female"
"9004154",371995,2025-06-14 01:41:54,42.4226264953613,-8.87837791442871,"Female"
"9004154",371995,2025-06-14 01:46:54,42.4228363037109,-8.87835884094238,"Female"
"9004154",371995,2025-06-14 01:51:53,42.4224739074707,-8.87851715087891,"Female"
"9004154",371995,2025-06-14 01:56:53,42.4227714538574,-8.87844181060791,"Female"
"9004154",371995,2025-06-14 02:01:55,42.4225234985352,-8.87850284576416,"Female"
"9004154",371995,2025-06-14 02:06:53,42.4227447509766,-8.87844467163086,"Female"
"9004154",371995,2025-06-14 02:16:54,42.4227676391602,-8.87847900390625,"Female"
"9004154",371995,2025-06-14 02:21:55,42.4227142333984,-8.87839317321777,"Female"
"9004154",371995,2025-06-14 02:27:02,42.4226112365723,-8.87847518920898,"Female"
"9004154",371995,2025-06-14 02:32:00,42.4224548339844,-8.87801933288574,"Female"
"9004154",371995,2025-06-14 02:37:20,42.4224319458008,-8.87827014923096,"Female"
"9004154",371995,2025-06-14 02:46:58,42.42236328125,-8.87839794158936,"Female"
"9004154",371995,2025-06-14 02:51:55,42.4223518371582,-8.87840843200684,"Female"
"9004154",371995,2025-06-14 03:01:55,42.4222106933594,-8.8786096572876,"Female"
"9004154",371995,2025-06-14 03:12:00,42.4223594665527,-8.87816333770752,"Female"
"9004154",371995,2025-06-14 03:17:09,42.4231986999512,-8.87804698944092,"Female"
"9004154",371995,2025-06-14 03:26:55,42.4229774475098,-8.8779993057251,"Female"
"9004154",371995,2025-06-14 03:37:29,42.4226570129395,-8.87852096557617,"Female"
"9004154",371995,2025-06-14 03:47:03,42.4225692749023,-8.87853527069092,"Female"
"9004154",371995,2025-06-14 03:57:45,42.4226188659668,-8.87855625152588,"Female"
"9004154",371995,2025-06-14 04:06:55,42.4225273132324,-8.87918090820312,"Female"
"9004154",371995,2025-06-14 04:16:54,42.4225463867188,-8.87868118286133,"Female"
"9004154",371995,2025-06-14 04:26:55,42.4225921630859,-8.87857532501221,"Female"
"9004154",371995,2025-06-14 04:37:43,42.4225578308105,-8.87851524353027,"Female"
"9004154",371995,2025-06-14 04:46:53,42.4225578308105,-8.87846946716309,"Female"
"9004154",371995,2025-06-14 04:56:58,42.4230194091797,-8.87947845458984,"Female"
"9004154",371995,2025-06-14 05:06:58,42.4226264953613,-8.87852382659912,"Female"
"9004154",371995,2025-06-14 05:17:10,42.4231033325195,-8.87990665435791,"Female"
"9004154",371995,2025-06-14 05:27:02,42.4227905273438,-8.88039684295654,"Female"
"9004154",371995,2025-06-14 05:37:14,42.4227523803711,-8.8808069229126,"Female"
"9004154",371995,2025-06-14 05:46:59,42.4227523803711,-8.88080024719238,"Female"
"9004154",371995,2025-06-14 05:57:20,42.4228096008301,-8.88051605224609,"Female"
"9004154",371995,2025-06-14 06:07:16,42.4227600097656,-8.8805046081543,"Female"
"9004154",371995,2025-06-14 06:17:29,42.4228019714355,-8.88057327270508,"Female"
"9004154",371995,2025-06-14 06:27:00,42.4228248596191,-8.88057422637939,"Female"
"9004154",371995,2025-06-14 06:36:59,42.422679901123,-8.87961959838867,"Female"
"9004154",371995,2025-06-14 06:54:05,42.4496917724609,-8.88581562042236,"Female"
"9004154",371995,2025-06-14 07:04:00,42.4550323486328,-8.88729476928711,"Female"
"9004154",371995,2025-06-14 07:16:39,42.4569244384766,-8.89083385467529,"Female"
"9004154",371995,2025-06-14 07:39:59,42.4603004455566,-8.8981409072876,"Female"
"9004154",371995,2025-06-14 07:49:22,42.4579277038574,-8.90245819091797,"Female"
"9004154",371995,2025-06-14 07:59:22,42.4577713012695,-8.90193462371826,"Female"
"9004154",371995,2025-06-14 08:09:30,42.4579391479492,-8.90290355682373,"Female"
"9004154",371995,2025-06-14 08:19:30,42.4579582214355,-8.9028787612915,"Female"
"9004154",371995,2025-06-14 08:29:30,42.4580192565918,-8.90290451049805,"Female"
"9004154",371995,2025-06-14 08:39:27,42.4579772949219,-8.90287113189697,"Female"
"9004154",371995,2025-06-14 08:49:30,42.4579925537109,-8.90289783477783,"Female"
"9004154",371995,2025-06-14 08:59:24,42.4580230712891,-8.90292072296143,"Female"
"9004154",371995,2025-06-14 09:09:23,42.4580154418945,-8.90291786193848,"Female"
"9004154",371995,2025-06-14 09:19:45,42.4579658508301,-8.90295696258545,"Female"
"9004154",371995,2025-06-14 09:29:18,42.4580612182617,-8.9029483795166,"Female"
"9004154",371995,2025-06-14 09:40:12,42.4601287841797,-8.89967155456543,"Female"
"9004154",371995,2025-06-14 10:13:53,42.4601516723633,-8.89945316314697,"Female"
"9004154",371995,2025-06-14 10:24:00,42.4597434997559,-8.8996524810791,"Female"
"9004154",371995,2025-06-14 10:34:13,42.4581031799316,-8.90325355529785,"Female"
"9004154",371995,2025-06-14 10:43:50,42.458324432373,-8.90342235565186,"Female"
"9004154",371995,2025-06-14 10:53:51,42.4580459594727,-8.90321350097656,"Female"
"9004154",371995,2025-06-14 11:03:53,42.4579124450684,-8.90326499938965,"Female"
"9004154",371995,2025-06-14 11:08:51,42.4580459594727,-8.90339183807373,"Female"
"9004154",371995,2025-06-14 11:13:50,42.4593467712402,-8.90536308288574,"Female"
"9004154",371995,2025-06-14 11:18:50,42.4565048217773,-8.90670394897461,"Female"
"9004154",371995,2025-06-14 11:25:21,42.4550552368164,-8.90505599975586,"Female"
"9004154",371995,2025-06-14 11:33:29,42.4579658508301,-8.9060173034668,"Female"
"9004154",371995,2025-06-14 11:37:39,42.4581909179688,-8.91645240783691,"Female"
"9004154",371995,2025-06-14 11:50:06,42.459644317627,-8.90623664855957,"Female"
"9004154",371995,2025-06-14 11:56:15,42.4585990905762,-8.90450191497803,"Female"
"9004154",371995,2025-06-14 12:00:06,42.4585914611816,-8.90434169769287,"Female"
"9004154",371995,2025-06-14 12:05:06,42.4586410522461,-8.9043550491333,"Female"
"9004154",371995,2025-06-14 12:10:05,42.4586029052734,-8.90444660186768,"Female"
"9004154",371995,2025-06-14 12:14:59,42.4585266113281,-8.90474987030029,"Female"
"9004154",371995,2025-06-14 12:20:06,42.4585609436035,-8.90470600128174,"Female"
"9004154",371995,2025-06-14 12:25:14,42.4585952758789,-8.90454387664795,"Female"
"9004154",371995,2025-06-14 12:29:53,42.4585189819336,-8.90483665466309,"Female"
"9004154",371995,2025-06-14 12:34:53,42.4586372375488,-8.90443897247314,"Female"
"9004154",371995,2025-06-14 12:39:57,42.4586296081543,-8.90427017211914,"Female"
"9004154",371995,2025-06-14 12:44:55,42.4586944580078,-8.90449523925781,"Female"
"9004154",371995,2025-06-14 12:50:29,42.4585914611816,-8.90441703796387,"Female"
"9004154",371995,2025-06-14 12:55:05,42.4599113464355,-8.8994665145874,"Female"
"9004154",371995,2025-06-14 13:00:05,42.4599876403809,-8.89900398254395,"Female"
"9004154",371995,2025-06-14 13:05:48,42.4599380493164,-8.89852619171143,"Female"
"9004154",371995,2025-06-14 13:10:50,42.4601249694824,-8.89837455749512,"Female"
"9004154",371995,2025-06-14 13:16:28,42.4594917297363,-8.89910984039307,"Female"
"9004154",371995,2025-06-14 13:21:34,42.4600868225098,-8.89961051940918,"Female"
"9004154",371995,2025-06-14 13:27:04,42.4606781005859,-8.89908027648926,"Female"
"9004154",371995,2025-06-14 13:32:03,42.4582939147949,-8.90285873413086,"Female"
"9004154",371995,2025-06-14 13:37:01,42.4583511352539,-8.90279865264893,"Female"
"9004154",371995,2025-06-14 13:42:02,42.4581756591797,-8.90280055999756,"Female"
"9004154",371995,2025-06-14 13:47:09,42.4580688476562,-8.90295314788818,"Female"
"9004154",371995,2025-06-14 13:52:01,42.4580726623535,-8.90296268463135,"Female"
"9004154",371995,2025-06-14 13:57:01,42.4577903747559,-8.90303516387939,"Female"
"9004154",371995,2025-06-14 14:02:01,42.4580764770508,-8.90290546417236,"Female"
"9004154",371995,2025-06-14 14:07:02,42.4579811096191,-8.90300178527832,"Female"
"9004154",371995,2025-06-14 14:12:01,42.4579162597656,-8.90297603607178,"Female"
"9004154",371995,2025-06-14 14:17:01,42.4578819274902,-8.90296363830566,"Female"
"9004154",371995,2025-06-14 14:22:43,42.4580917358398,-8.89522457122803,"Female"
"9004154",371995,2025-06-14 14:28:00,42.4585113525391,-8.89477252960205,"Female"
"9004154",371995,2025-06-14 14:33:03,42.4589996337891,-8.89544200897217,"Female"
"9004154",371995,2025-06-14 14:38:14,42.4592056274414,-8.89698886871338,"Female"
"9004154",371995,2025-06-14 14:43:20,42.4598579406738,-8.89813232421875,"Female"
"9004154",371995,2025-06-14 14:49:10,42.460132598877,-8.89937114715576,"Female"
"9004154",371995,2025-06-14 14:54:59,42.4599761962891,-8.89961051940918,"Female"
"9004154",371995,2025-06-14 15:00:15,42.4589958190918,-8.89964485168457,"Female"
"9004154",371995,2025-06-14 15:05:11,42.4580230712891,-8.90321445465088,"Female"
"9004154",371995,2025-06-14 15:10:12,42.4579315185547,-8.90310668945312,"Female"
"9004154",371995,2025-06-14 15:15:18,42.457706451416,-8.9026346206665,"Female"
"9004154",371995,2025-06-14 15:20:11,42.4577903747559,-8.90307140350342,"Female"
"9004154",371995,2025-06-14 15:25:12,42.4578399658203,-8.90304756164551,"Female"
"9004154",371995,2025-06-14 15:30:12,42.4578552246094,-8.90309047698975,"Female"
"9004154",371995,2025-06-14 15:35:13,42.4577140808105,-8.90271091461182,"Female"
"9004154",371995,2025-06-14 15:40:15,42.457706451416,-8.90262126922607,"Female"
"9004154",371995,2025-06-14 15:45:16,42.4580116271973,-8.90290546417236,"Female"
"9004154",371995,2025-06-14 15:54:24,42.4572448730469,-8.89094352722168,"Female"
"9004154",371995,2025-06-14 16:00:57,42.4568176269531,-8.89090442657471,"Female"
"9004154",371995,2025-06-14 16:05:57,42.4582824707031,-8.90331649780273,"Female"
"9004154",371995,2025-06-14 16:10:56,42.4581336975098,-8.9031457901001,"Female"
"9004154",371995,2025-06-14 16:15:56,42.458251953125,-8.90328788757324,"Female"
"9004154",371995,2025-06-14 16:20:56,42.4580917358398,-8.90309906005859,"Female"
"9004154",371995,2025-06-14 16:25:56,42.4581184387207,-8.90314674377441,"Female"
"9004154",371995,2025-06-14 16:31:39,42.4566268920898,-8.88789367675781,"Female"
"9004154",371995,2025-06-14 16:36:53,42.4544563293457,-8.88492107391357,"Female"
"9004154",371995,2025-06-14 16:42:26,42.4539947509766,-8.88545894622803,"Female"
"9004154",371995,2025-06-14 17:05:15,42.4548530578613,-8.88670921325684,"Female"
"9004154",371995,2025-06-14 17:09:48,42.4576835632324,-8.89282608032227,"Female"
"9004154",371995,2025-06-14 17:14:48,42.4594802856445,-8.8954381942749,"Female"
"9004154",371995,2025-06-14 17:19:47,42.4594459533691,-8.89503479003906,"Female"
"9004154",371995,2025-06-14 17:24:50,42.4593772888184,-8.8950252532959,"Female"
"9004154",371995,2025-06-14 17:30:24,42.4610977172852,-8.91357135772705,"Female"
"9004154",371995,2025-06-14 17:35:30,42.4615249633789,-8.91212463378906,"Female"
"9004154",371995,2025-06-14 17:40:30,42.4615936279297,-8.91072463989258,"Female"
"9004154",371995,2025-06-14 17:45:44,42.4591102600098,-8.90471363067627,"Female"
"9004154",371995,2025-06-14 18:00:40,42.45068359375,-8.88034439086914,"Female"
"9004154",371995,2025-06-14 18:16:44,42.4470405578613,-8.87861633300781,"Female"
"9004154",371995,2025-06-14 18:22:06,42.445930480957,-8.87942886352539,"Female"
"9004154",371995,2025-06-14 18:27:17,42.4450531005859,-8.88040351867676,"Female"
"9004154",371995,2025-06-14 18:32:09,42.422794342041,-8.87803745269775,"Female"
"9004154",371995,2025-06-14 18:37:08,42.422737121582,-8.87809181213379,"Female"
"9004154",371995,2025-06-14 18:42:05,42.4226760864258,-8.87809753417969,"Female"
"9004154",371995,2025-06-14 18:47:45,42.4225769042969,-8.87843704223633,"Female"
"9004154",371995,2025-06-14 18:51:59,42.4225616455078,-8.8782844543457,"Female"
"9004154",371995,2025-06-14 18:56:59,42.4226188659668,-8.87847328186035,"Female"
"9004154",371995,2025-06-14 19:01:59,42.4228324890137,-8.87840270996094,"Female"
"9004154",371995,2025-06-14 19:07:03,42.4227256774902,-8.87842464447021,"Female"
"9004154",371995,2025-06-14 19:11:59,42.4226837158203,-8.87832927703857,"Female"
"9004154",371995,2025-06-14 19:17:01,42.422435760498,-8.87821769714355,"Female"
"9004154",371995,2025-06-14 19:22:00,42.4226036071777,-8.8784065246582,"Female"
"9004154",371995,2025-06-14 19:26:59,42.422966003418,-8.87861728668213,"Female"
"9004154",371995,2025-06-14 19:32:06,42.4228019714355,-8.87846279144287,"Female"
"9004154",371995,2025-06-14 19:37:09,42.4228591918945,-8.8784351348877,"Female"
"9004154",371995,2025-06-14 19:42:06,42.4227905273438,-8.87843132019043,"Female"
"9004154",371995,2025-06-14 19:47:06,42.4226760864258,-8.87842273712158,"Female"
"9004154",371995,2025-06-14 19:52:09,42.4226722717285,-8.87843704223633,"Female"
"9004154",371995,2025-06-14 19:57:11,42.4227867126465,-8.87841606140137,"Female"
"9004154",371995,2025-06-14 20:02:10,42.422737121582,-8.8784236907959,"Female"
"9004154",371995,2025-06-14 20:07:02,42.4227485656738,-8.87842559814453,"Female"
"9004154",371995,2025-06-14 20:11:59,42.4225845336914,-8.87862014770508,"Female"
"9004154",371995,2025-06-14 20:16:58,42.4228019714355,-8.87854099273682,"Female"
"9004154",371995,2025-06-14 20:22:01,42.4226341247559,-8.87845134735107,"Female"
"9004154",371995,2025-06-14 20:27:01,42.4225845336914,-8.87841510772705,"Female"
"9004154",371995,2025-06-14 20:31:58,42.4226112365723,-8.87815952301025,"Female"
"9004154",371995,2025-06-14 20:37:01,42.4226417541504,-8.87837982177734,"Female"
"9004154",371995,2025-06-14 20:42:05,42.4227066040039,-8.87835884094238,"Female"
"9004154",371995,2025-06-14 20:47:18,42.4225463867188,-8.87834358215332,"Female"
"9004154",371995,2025-06-14 20:52:09,42.4227600097656,-8.87835693359375,"Female"
"9004154",371995,2025-06-14 20:57:09,42.422737121582,-8.87832546234131,"Female"
"9004154",371995,2025-06-14 21:02:07,42.4226303100586,-8.87836456298828,"Female"
"9004154",371995,2025-06-14 21:07:35,42.4227676391602,-8.87843894958496,"Female"
"9004154",371995,2025-06-14 21:12:01,42.4228210449219,-8.87841415405273,"Female"
"9004154",371995,2025-06-14 21:17:00,42.4228210449219,-8.87841796875,"Female"
"9004154",371995,2025-06-14 21:22:03,42.4225997924805,-8.87839221954346,"Female"
"9004154",371995,2025-06-14 21:27:04,42.423023223877,-8.87839889526367,"Female"
"9004154",371995,2025-06-14 21:32:35,42.4225730895996,-8.87850284576416,"Female"
"9004154",371995,2025-06-14 21:37:03,42.4226379394531,-8.87845706939697,"Female"
"9004154",371995,2025-06-14 21:42:00,42.4225883483887,-8.87834358215332,"Female"
"9004154",371995,2025-06-14 21:46:59,42.422679901123,-8.87846183776855,"Female"
"9004154",371995,2025-06-14 21:52:09,42.422664642334,-8.87849140167236,"Female"
"9004154",371995,2025-06-14 21:57:03,42.4226417541504,-8.87856006622314,"Female"
"9004154",371995,2025-06-14 22:02:01,42.4226722717285,-8.87845611572266,"Female"
"9004154",371995,2025-06-14 22:07:00,42.4228477478027,-8.87837600708008,"Female"
"9004154",371995,2025-06-14 22:12:02,42.4226379394531,-8.87845134735107,"Female"
"9004154",371995,2025-06-14 22:17:04,42.4227561950684,-8.87839698791504,"Female"
"9004154",371995,2025-06-14 22:22:07,42.4226722717285,-8.87845420837402,"Female"
"9004154",371995,2025-06-14 22:27:04,42.4225654602051,-8.87846374511719,"Female"
"9004154",371995,2025-06-14 22:31:59,42.4227447509766,-8.87838840484619,"Female"
"9004154",371995,2025-06-14 22:37:00,42.4226188659668,-8.87855529785156,"Female"
"9004154",371995,2025-06-14 22:42:00,42.4227523803711,-8.87847423553467,"Female"
"9004154",371995,2025-06-14 22:47:01,42.4225463867188,-8.87859630584717,"Female"
"9004154",371995,2025-06-14 22:51:59,42.4226226806641,-8.87841701507568,"Female"
"9004154",371995,2025-06-14 22:57:00,42.4226455688477,-8.87841415405273,"Female"
"9004154",371995,2025-06-14 23:01:59,42.4224700927734,-8.87848281860352,"Female"
"9004154",371995,2025-06-14 23:07:00,42.422550201416,-8.87850475311279,"Female"
"9004154",371995,2025-06-14 23:12:00,42.4225006103516,-8.87844848632812,"Female"
"9004154",371995,2025-06-14 23:17:03,42.4224510192871,-8.87838745117188,"Female"
"9004154",371995,2025-06-14 23:22:02,42.4227600097656,-8.87857723236084,"Female"
"9004154",371995,2025-06-14 23:27:02,42.4226760864258,-8.87848854064941,"Female"
"9004154",371995,2025-06-14 23:32:04,42.4227714538574,-8.87860870361328,"Female"
"9004154",371995,2025-06-14 23:37:04,42.4224433898926,-8.87835693359375,"Female"
"9004154",371995,2025-06-14 23:42:04,42.4226570129395,-8.87831211090088,"Female"
"9004154",371995,2025-06-14 23:47:13,42.4228210449219,-8.87836456298828,"Female"
"9004154",371995,2025-06-14 23:52:08,42.4226493835449,-8.87829113006592,"Female"
"9004154",371995,2025-06-14 23:57:16,42.4225120544434,-8.8782901763916,"Female"
"9004154",371995,2025-06-15 00:02:25,42.4226722717285,-8.87830257415771,"Female"
"9004154",371995,2025-06-15 00:07:20,42.4225616455078,-8.87825012207031,"Female"
"9004154",371995,2025-06-15 00:12:34,42.4227333068848,-8.87832736968994,"Female"
"9004154",371995,2025-06-15 00:17:07,42.4227714538574,-8.87832927703857,"Female"
"9004154",371995,2025-06-15 00:21:59,42.4226875305176,-8.87840938568115,"Female"
"9004154",371995,2025-06-15 00:26:59,42.4225883483887,-8.8784646987915,"Female"
"9004154",371995,2025-06-15 00:32:05,42.4228897094727,-8.87845802307129,"Female"
"9004154",371995,2025-06-15 00:37:00,42.4226341247559,-8.87841033935547,"Female"
"9004154",371995,2025-06-15 00:42:00,42.4227905273438,-8.87846183776855,"Female"
"9004154",371995,2025-06-15 00:47:35,42.4226951599121,-8.87832641601562,"Female"
"9004154",371995,2025-06-15 00:51:59,42.4227104187012,-8.87842845916748,"Female"
"9004154",371995,2025-06-15 00:56:59,42.422679901123,-8.87851715087891,"Female"
"9004154",371995,2025-06-15 01:02:06,42.4226875305176,-8.87838935852051,"Female"
"9004154",371995,2025-06-15 01:07:06,42.422721862793,-8.87839698791504,"Female"
"9004154",371995,2025-06-15 01:12:06,42.4227104187012,-8.8785228729248,"Female"
"9004154",371995,2025-06-15 01:17:00,42.422664642334,-8.87891292572021,"Female"
"9004154",371995,2025-06-15 01:22:06,42.4225883483887,-8.87846946716309,"Female"
"9004154",371995,2025-06-15 01:27:06,42.4226341247559,-8.87832927703857,"Female"
"9004154",371995,2025-06-15 01:32:06,42.422679901123,-8.87849140167236,"Female"
"9004154",371995,2025-06-15 01:37:06,42.4226531982422,-8.878586769104,"Female"
"9004154",371995,2025-06-15 01:42:06,42.4226264953613,-8.87845802307129,"Female"
"9004154",371995,2025-06-15 01:47:06,42.4226951599121,-8.87844467163086,"Female"
"9004154",371995,2025-06-15 01:52:06,42.4226608276367,-8.87849521636963,"Female"
"9004154",371995,2025-06-15 01:57:06,42.4227676391602,-8.87843608856201,"Female"
"9004154",371995,2025-06-15 02:02:06,42.4227447509766,-8.87832355499268,"Female"
"9004154",371995,2025-06-15 02:07:35,42.4226303100586,-8.8784351348877,"Female"
"9004154",371995,2025-06-15 02:12:05,42.4226341247559,-8.87844371795654,"Female"
"9004154",371995,2025-06-15 02:17:00,42.4227676391602,-8.87838649749756,"Female"
"9004154",371995,2025-06-15 02:22:00,42.4226875305176,-8.87842750549316,"Female"
"9004154",371995,2025-06-15 02:26:59,42.4227180480957,-8.87841129302979,"Female"
"9004154",371995,2025-06-15 02:32:00,42.4225196838379,-8.87851142883301,"Female"
"9004154",371995,2025-06-15 02:37:04,42.4225234985352,-8.87845516204834,"Female"
"9004154",371995,2025-06-15 02:42:00,42.4225311279297,-8.87848663330078,"Female"
"9004154",371995,2025-06-15 02:47:12,42.4226531982422,-8.87841701507568,"Female"
"9004154",371995,2025-06-15 02:51:59,42.4225387573242,-8.87852478027344,"Female"
"9004154",371995,2025-06-15 02:56:58,42.4226837158203,-8.87839317321777,"Female"
"9004154",371995,2025-06-15 03:01:58,42.4226417541504,-8.87834930419922,"Female"
"9004154",371995,2025-06-15 03:07:01,42.4226684570312,-8.87837314605713,"Female"
"9004154",371995,2025-06-15 03:12:05,42.4227256774902,-8.87850475311279,"Female"
"9004154",371995,2025-06-15 03:16:59,42.4226951599121,-8.87837600708008,"Female"
"9004154",371995,2025-06-15 03:21:59,42.4225807189941,-8.87845039367676,"Female"
"9004154",371995,2025-06-15 03:27:04,42.4226112365723,-8.87845706939697,"Female"
"9004154",371995,2025-06-15 03:32:14,42.4227027893066,-8.87846851348877,"Female"
"9004154",371995,2025-06-15 03:37:35,42.4226036071777,-8.87850475311279,"Female"
"9004154",371995,2025-06-15 03:42:03,42.4226913452148,-8.87856101989746,"Female"
"9004154",371995,2025-06-15 03:47:01,42.4226722717285,-8.87844181060791,"Female"
"9004154",371995,2025-06-15 03:52:02,42.4225387573242,-8.87858867645264,"Female"
"9004154",371995,2025-06-15 03:57:04,42.422492980957,-8.87857818603516,"Female"
"9004154",371995,2025-06-15 04:02:00,42.4225692749023,-8.87846946716309,"Female"
"9004154",371995,2025-06-15 04:07:01,42.4225578308105,-8.8785572052002,"Female"
"9004154",371995,2025-06-15 04:12:00,42.422550201416,-8.87848281860352,"Female"
"9004154",371995,2025-06-15 04:17:01,42.4224166870117,-8.8794584274292,"Female"
"9004154",371995,2025-06-15 04:21:59,42.4225654602051,-8.87853717803955,"Female"
"9004154",371995,2025-06-15 04:26:59,42.4227142333984,-8.87881660461426,"Female"
"9004154",371995,2025-06-15 04:32:01,42.4224166870117,-8.87844085693359,"Female"
"9004154",371995,2025-06-15 04:37:00,42.4225616455078,-8.87847328186035,"Female"
"9004154",371995,2025-06-15 04:42:03,42.4224014282227,-8.87844562530518,"Female"
"9004154",371995,2025-06-15 04:47:00,42.4222679138184,-8.87789726257324,"Female"
"9004154",371995,2025-06-15 04:52:03,42.4224243164062,-8.87844276428223,"Female"
"9004154",371995,2025-06-15 04:57:00,42.4224243164062,-8.87726593017578,"Female"
"9004154",371995,2025-06-15 05:01:59,42.4278106689453,-8.87786674499512,"Female"
"9004154",371995,2025-06-15 05:06:59,42.4381675720215,-8.87318515777588,"Female"
"9004154",371995,2025-06-15 05:11:59,42.4382629394531,-8.87319469451904,"Female"
"9004154",371995,2025-06-15 05:17:25,42.4376220703125,-8.87262725830078,"Female"
"9004154",371995,2025-06-15 05:23:09,42.4416542053223,-8.87434768676758,"Female"
"9004154",371995,2025-06-15 05:28:16,42.4504928588867,-8.88025665283203,"Female"
"9004154",371995,2025-06-15 05:33:53,42.4514923095703,-8.88082885742188,"Female"
"9004154",371995,2025-06-15 05:39:09,42.4526176452637,-8.88164901733398,"Female"
"9004154",371995,2025-06-15 05:44:45,42.4538459777832,-8.88282871246338,"Female"
"9004154",371995,2025-06-15 05:49:45,42.4565849304199,-8.89445304870605,"Female"
"9004154",371995,2025-06-15 05:55:40,42.4612197875977,-8.91286754608154,"Female"
"9004154",371995,2025-06-15 06:00:42,42.4610710144043,-8.91388988494873,"Female"
"9004154",371995,2025-06-15 06:05:47,42.4608345031738,-8.91349220275879,"Female"
"9004154",371995,2025-06-15 06:11:07,42.4615592956543,-8.91225910186768,"Female"
"9004154",371995,2025-06-15 06:16:07,42.4618186950684,-8.91104698181152,"Female"
"9004154",371995,2025-06-15 06:21:17,42.4608840942383,-8.91104125976562,"Female"
"9004154",371995,2025-06-15 06:26:17,42.4603424072266,-8.91125679016113,"Female"
"9004154",371995,2025-06-15 06:31:17,42.4580459594727,-8.90279674530029,"Female"
"9004154",371995,2025-06-15 06:36:17,42.4594268798828,-8.90500259399414,"Female"
"9004154",371995,2025-06-15 06:41:17,42.4594917297363,-8.90500831604004,"Female"
"9004154",371995,2025-06-15 06:46:17,42.4595069885254,-8.90510749816895,"Female"
"9004154",371995,2025-06-15 06:51:17,42.4595108032227,-8.90513896942139,"Female"
"9004154",371995,2025-06-15 06:56:17,42.4594688415527,-8.90501022338867,"Female"
"9004154",371995,2025-06-15 07:01:17,42.4595832824707,-8.90504455566406,"Female"
"9004154",371995,2025-06-15 07:06:17,42.4595832824707,-8.90502643585205,"Female"
"9004154",371995,2025-06-15 07:11:17,42.4595527648926,-8.90500164031982,"Female"
"9004154",371995,2025-06-15 07:16:17,42.4595909118652,-8.90499591827393,"Female"
"9004154",371995,2025-06-15 07:21:17,42.4597282409668,-8.90494251251221,"Female"
"9004154",371995,2025-06-15 07:26:17,42.4597244262695,-8.90498065948486,"Female"
"9004154",371995,2025-06-15 07:31:17,42.4596824645996,-8.9050235748291,"Female"
"9004154",371995,2025-06-15 07:36:17,42.4606971740723,-8.90914440155029,"Female"
"9004154",371995,2025-06-15 07:41:17,42.4608039855957,-8.91136264801025,"Female"
"9004154",371995,2025-06-15 07:46:51,42.4614295959473,-8.9118709564209,"Female"
"9004154",371995,2025-06-15 07:51:49,42.4606552124023,-8.91305923461914,"Female"
"9004154",371995,2025-06-15 07:57:17,42.4609680175781,-8.91421890258789,"Female"
"9004154",371995,2025-06-15 08:03:38,42.4616050720215,-8.91365718841553,"Female"
"9004154",371995,2025-06-15 08:09:41,42.4612350463867,-8.91302299499512,"Female"
"9004154",371995,2025-06-15 08:15:50,42.4614944458008,-8.91114807128906,"Female"
"9004154",371995,2025-06-15 08:21:10,42.4609985351562,-8.91049385070801,"Female"
"9004154",371995,2025-06-15 08:30:11,42.4612617492676,-8.90874671936035,"Female"
"9004154",371995,2025-06-15 08:35:11,42.4612426757812,-8.90768623352051,"Female"
"9004154",371995,2025-06-15 08:40:27,42.4605751037598,-8.90816020965576,"Female"
"9004154",371995,2025-06-15 08:45:27,42.4597358703613,-8.9081506729126,"Female"
"9004154",371995,2025-06-15 08:50:27,42.4597969055176,-8.90659427642822,"Female"
"9004154",371995,2025-06-15 08:55:27,42.4594116210938,-8.90512466430664,"Female"
"9004154",371995,2025-06-15 09:00:26,42.4595527648926,-8.90510654449463,"Female"
"9004154",371995,2025-06-15 09:05:26,42.4595336914062,-8.90510272979736,"Female"
"9004154",371995,2025-06-15 09:10:27,42.4595146179199,-8.90513896942139,"Female"
"9004154",371995,2025-06-15 09:15:26,42.4595031738281,-8.90509128570557,"Female"
"9004154",371995,2025-06-15 09:20:26,42.4591178894043,-8.91586971282959,"Female"
"9004154",371995,2025-06-15 09:25:26,42.4591369628906,-8.91586112976074,"Female"
"9004154",371995,2025-06-15 09:30:26,42.4591598510742,-8.91599941253662,"Female"
"9004154",371995,2025-06-15 09:35:27,42.4591178894043,-8.91585922241211,"Female"
"9004154",371995,2025-06-15 09:40:27,42.4532699584961,-8.89734840393066,"Female"
"9004154",371995,2025-06-15 09:45:35,42.4544830322266,-8.89044380187988,"Female"
"9004154",371995,2025-06-15 09:51:13,42.4554252624512,-8.88944721221924,"Female"
"9004154",371995,2025-06-15 09:56:14,42.4546928405762,-8.88864803314209,"Female"
"9004154",371995,2025-06-15 10:01:56,42.4532051086426,-8.88985729217529,"Female"
"9004154",371995,2025-06-15 10:06:55,42.4538192749023,-8.89459037780762,"Female"
"9004154",371995,2025-06-15 10:12:52,42.4567489624023,-8.90041160583496,"Female"
"9004154",371995,2025-06-15 10:17:52,42.4574737548828,-8.89865303039551,"Female"
"9004154",371995,2025-06-15 10:23:04,42.4585266113281,-8.89755821228027,"Female"
"9004154",371995,2025-06-15 10:28:15,42.4556427001953,-8.89490509033203,"Female"
"9004154",371995,2025-06-15 10:35:25,42.4549751281738,-8.89471626281738,"Female"
"9004154",371995,2025-06-15 10:40:23,42.4565277099609,-8.89185523986816,"Female"
"9004154",371995,2025-06-15 10:45:23,42.456485748291,-8.89173793792725,"Female"
"9004154",371995,2025-06-15 10:50:24,42.4565391540527,-8.89184856414795,"Female"
"9004154",371995,2025-06-15 10:55:24,42.4565277099609,-8.89173221588135,"Female"
"9004154",371995,2025-06-15 11:00:23,42.4565162658691,-8.89174747467041,"Female"
"9004154",371995,2025-06-15 11:05:24,42.45654296875,-8.89178371429443,"Female"
"9004154",371995,2025-06-15 11:10:23,42.4565391540527,-8.89170932769775,"Female"
"9004154",371995,2025-06-15 11:15:23,42.4565505981445,-8.89168548583984,"Female"
"9004154",371995,2025-06-15 11:20:23,42.4565315246582,-8.89175891876221,"Female"
"9004154",371995,2025-06-15 11:25:23,42.4565734863281,-8.89163970947266,"Female"
"9004154",371995,2025-06-15 11:30:24,42.4569244384766,-8.89036178588867,"Female"
"9004154",371995,2025-06-15 11:35:30,42.4568176269531,-8.88982963562012,"Female"
"9004154",371995,2025-06-15 11:41:54,42.4571495056152,-8.8896484375,"Female"
"9004154",371995,2025-06-15 11:46:55,42.4559326171875,-8.89008235931396,"Female"
"9004154",371995,2025-06-15 11:52:08,42.4554481506348,-8.89089679718018,"Female"
"9004154",371995,2025-06-15 11:57:48,42.4552726745605,-8.89125347137451,"Female"
"9004154",371995,2025-06-15 12:03:36,42.4556350708008,-8.89027881622314,"Female"
"9004154",371995,2025-06-15 12:08:40,42.4565467834473,-8.89135360717773,"Female"
"9004154",371995,2025-06-15 12:13:36,42.456485748291,-8.89160346984863,"Female"
"9004154",371995,2025-06-15 12:18:36,42.4566040039062,-8.89161396026611,"Female"
"9004154",371995,2025-06-15 12:23:36,42.4566078186035,-8.89138317108154,"Female"
"9004154",371995,2025-06-15 12:28:36,42.4565467834473,-8.89163684844971,"Female"
"9004154",371995,2025-06-15 12:33:36,42.4566116333008,-8.89131736755371,"Female"
"9004154",371995,2025-06-15 12:38:36,42.4566040039062,-8.89149475097656,"Female"
"9004154",371995,2025-06-15 12:43:36,42.4565773010254,-8.89140129089355,"Female"
"9004154",371995,2025-06-15 12:48:36,42.4566459655762,-8.89133167266846,"Female"
"9004154",371995,2025-06-15 12:53:36,42.4566955566406,-8.89132308959961,"Female"
"9004154",371995,2025-06-15 13:03:02,42.4581489562988,-8.89317417144775,"Female"
"9004154",371995,2025-06-15 13:08:02,42.4573211669922,-8.89483737945557,"Female"
"9004154",371995,2025-06-15 13:13:02,42.4580383300781,-8.89572620391846,"Female"
"9004154",371995,2025-06-15 13:18:02,42.4581718444824,-8.90271377563477,"Female"
"9004154",371995,2025-06-15 13:23:02,42.4582214355469,-8.90273666381836,"Female"
"9004154",371995,2025-06-15 13:28:02,42.458251953125,-8.90269947052002,"Female"
"9004154",371995,2025-06-15 13:33:02,42.4581260681152,-8.90272521972656,"Female"
"9004154",371995,2025-06-15 13:38:02,42.4581832885742,-8.90270137786865,"Female"
"9004154",371995,2025-06-15 13:43:02,42.4581756591797,-8.90276432037354,"Female"
"9004154",371995,2025-06-15 13:48:02,42.4582176208496,-8.90276336669922,"Female"
"9004154",371995,2025-06-15 13:53:03,42.458179473877,-8.9027156829834,"Female"
"9004154",371995,2025-06-15 13:58:02,42.458179473877,-8.90273189544678,"Female"
"9004154",371995,2025-06-15 14:03:02,42.4581527709961,-8.90277671813965,"Female"
"9004154",371995,2025-06-15 14:08:02,42.4581260681152,-8.9028959274292,"Female"
"9004154",371995,2025-06-15 14:13:02,42.4581413269043,-8.90286445617676,"Female"
"9004154",371995,2025-06-15 14:18:02,42.4581985473633,-8.9028205871582,"Female"
"9004154",371995,2025-06-15 14:23:03,42.4581680297852,-8.90287208557129,"Female"
"9004154",371995,2025-06-15 14:28:03,42.4580688476562,-8.90284538269043,"Female"
"9004154",371995,2025-06-15 14:33:02,42.4582023620605,-8.9028959274292,"Female"
"9004154",371995,2025-06-15 14:38:02,42.4581985473633,-8.90292739868164,"Female"
"9004154",371995,2025-06-15 14:43:03,42.4611206054688,-8.91183185577393,"Female"
"9004154",371995,2025-06-15 14:48:02,42.4606628417969,-8.90897846221924,"Female"
"9004154",371995,2025-06-15 14:53:02,42.4585990905762,-8.89857769012451,"Female"
"9004154",371995,2025-06-15 14:58:03,42.4575576782227,-8.90073776245117,"Female"
"9004154",371995,2025-06-15 15:03:02,42.4592056274414,-8.89957332611084,"Female"
"9004154",371995,2025-06-15 15:08:02,42.4569320678711,-8.89201831817627,"Female"
"9004154",371995,2025-06-15 15:13:02,42.4567337036133,-8.89195346832275,"Female"
"9004154",371995,2025-06-15 15:18:02,42.4568939208984,-8.89204692840576,"Female"
"9004154",371995,2025-06-15 15:23:02,42.4569129943848,-8.89207172393799,"Female"
"9004154",371995,2025-06-15 15:28:02,42.4565696716309,-8.89179801940918,"Female"
"9004154",371995,2025-06-15 15:33:02,42.4565315246582,-8.89170837402344,"Female"
"9004154",371995,2025-06-15 15:38:02,42.4565048217773,-8.89177131652832,"Female"
"9004154",371995,2025-06-15 15:43:02,42.4556274414062,-8.88761901855469,"Female"
"9004154",371995,2025-06-15 15:48:31,42.4552459716797,-8.88538074493408,"Female"
"9004154",371995,2025-06-15 15:53:31,42.4546775817871,-8.88438129425049,"Female"
"9004154",371995,2025-06-15 15:58:30,42.45361328125,-8.88310241699219,"Female"
"9004154",371995,2025-06-15 16:03:30,42.4523048400879,-8.88187313079834,"Female"
"9004154",371995,2025-06-15 16:08:31,42.4506187438965,-8.88045406341553,"Female"
"9004154",371995,2025-06-15 16:13:31,42.4516067504883,-8.88355350494385,"Female"
"9004154",371995,2025-06-15 16:18:30,42.4550323486328,-8.88496208190918,"Female"
"9004154",371995,2025-06-15 16:24:22,42.456974029541,-8.88768100738525,"Female"
"9004154",371995,2025-06-15 16:29:31,42.456859588623,-8.88834095001221,"Female"
"9004154",371995,2025-06-15 16:35:15,42.4555549621582,-8.88936328887939,"Female"
"9004154",371995,2025-06-15 16:40:18,42.4546508789062,-8.8909273147583,"Female"
"9004154",371995,2025-06-15 16:45:33,42.4575996398926,-8.89430141448975,"Female"
"9004154",371995,2025-06-15 16:50:43,42.4578018188477,-8.89381313323975,"Female"
"9004154",371995,2025-06-15 16:55:57,42.4582901000977,-8.89345264434814,"Female"
"9004154",371995,2025-06-15 17:01:24,42.4580497741699,-8.89326667785645,"Female"
"9004154",371995,2025-06-15 17:06:24,42.4580268859863,-8.89427185058594,"Female"
"9004154",371995,2025-06-15 17:12:30,42.4576377868652,-8.89340686798096,"Female"
"9004154",371995,2025-06-15 17:17:30,42.4596824645996,-8.89509868621826,"Female"
"9004154",371995,2025-06-15 17:22:29,42.4581756591797,-8.90295219421387,"Female"
"9004154",371995,2025-06-15 17:28:12,42.458194732666,-8.89561367034912,"Female"
"9004154",371995,2025-06-15 17:33:44,42.459114074707,-8.89576625823975,"Female"
"9004154",371995,2025-06-15 17:39:18,42.4589881896973,-8.89554595947266,"Female"
"9004154",371995,2025-06-15 17:44:58,42.4580001831055,-8.89472961425781,"Female"
"9004154",371995,2025-06-15 17:50:33,42.4571876525879,-8.89416885375977,"Female"
"9004154",371995,2025-06-15 17:55:34,42.4528617858887,-8.882737159729,"Female"
"9004154",371995,2025-06-15 18:00:33,42.4526023864746,-8.88150978088379,"Female"
"9004154",371995,2025-06-15 18:05:37,42.4517784118652,-8.88042736053467,"Female"
"9004154",371995,2025-06-15 18:10:47,42.4510192871094,-8.8792724609375,"Female"
"9004154",371995,2025-06-15 18:20:39,42.4486656188965,-8.87791728973389,"Female"
"9004154",371995,2025-06-15 18:25:38,42.447093963623,-8.87854862213135,"Female"
"9004154",371995,2025-06-15 18:30:43,42.4228324890137,-8.87831115722656,"Female"
"9004154",371995,2025-06-15 18:35:46,42.4227600097656,-8.87861347198486,"Female"
"9004154",371995,2025-06-15 18:40:44,42.4228706359863,-8.87863159179688,"Female"
"9004154",371995,2025-06-15 18:45:43,42.4232177734375,-8.87805366516113,"Female"
"9004154",371995,2025-06-15 18:50:41,42.4229507446289,-8.87834072113037,"Female"
"9004154",371995,2025-06-15 18:55:50,42.4227752685547,-8.87854385375977,"Female"
"9004154",371995,2025-06-15 19:01:05,42.4228401184082,-8.87869167327881,"Female"
"9004154",371995,2025-06-15 19:06:44,42.4228172302246,-8.87876129150391,"Female"
"9004154",371995,2025-06-15 19:11:10,42.4227142333984,-8.87876510620117,"Female"
"9004154",371995,2025-06-15 19:16:13,42.4228401184082,-8.87860870361328,"Female"
"9004154",371995,2025-06-15 19:21:11,42.4227523803711,-8.87877464294434,"Female"
"9004154",371995,2025-06-15 19:26:19,42.4226608276367,-8.87881374359131,"Female"
"9004154",371995,2025-06-15 19:31:14,42.4221992492676,-8.87844657897949,"Female"
"9004154",371995,2025-06-15 19:36:12,42.4223670959473,-8.87882518768311,"Female"
"9004154",371995,2025-06-15 19:41:10,42.4235076904297,-8.8801965713501,"Female"
"9004154",371995,2025-06-15 19:46:11,42.4236335754395,-8.88044357299805,"Female"
"9004154",371995,2025-06-15 19:51:11,42.4234466552734,-8.88046360015869,"Female"
"9004154",371995,2025-06-15 19:56:12,42.4234161376953,-8.88059711456299,"Female"
"9004154",371995,2025-06-15 20:01:12,42.4225692749023,-8.8786039352417,"Female"
"9004154",371995,2025-06-15 20:06:12,42.4226913452148,-8.8784704208374,"Female"
"9004154",371995,2025-06-15 20:11:19,42.4227294921875,-8.87848663330078,"Female"
"9004154",371995,2025-06-15 20:16:11,42.4222984313965,-8.87874126434326,"Female"
"9004154",371995,2025-06-15 20:21:10,42.4228668212891,-8.87845706939697,"Female"
"9004154",371995,2025-06-15 20:26:11,42.4225540161133,-8.87867450714111,"Female"
"9004154",371995,2025-06-15 20:31:12,42.4232139587402,-8.8781681060791,"Female"
"9004154",371995,2025-06-15 20:36:11,42.422737121582,-8.87840843200684,"Female"
"9004154",371995,2025-06-15 20:41:14,42.42236328125,-8.87878036499023,"Female"
"9004154",371995,2025-06-15 20:46:11,42.4221496582031,-8.87906455993652,"Female"
"9004154",371995,2025-06-15 20:51:12,42.4242134094238,-8.87743186950684,"Female"
"9004154",371995,2025-06-15 20:56:12,42.424144744873,-8.87742233276367,"Female"
"9004154",371995,2025-06-15 21:01:12,42.422924041748,-8.87822818756104,"Female"
"9004154",371995,2025-06-15 21:06:11,42.4227333068848,-8.87844848632812,"Female"
"9004154",371995,2025-06-15 21:11:12,42.4231872558594,-8.8781213760376,"Female"
"9004154",371995,2025-06-15 21:16:12,42.4227523803711,-8.87830638885498,"Female"
"9004154",371995,2025-06-15 21:21:25,42.4225044250488,-8.8786039352417,"Female"
"9004154",371995,2025-06-15 21:26:11,42.422679901123,-8.8782901763916,"Female"
"9004154",371995,2025-06-15 21:31:12,42.4229469299316,-8.87828254699707,"Female"
"9004154",371995,2025-06-15 21:36:12,42.4229965209961,-8.87813091278076,"Female"
"9004154",371995,2025-06-15 21:41:10,42.4225578308105,-8.87824630737305,"Female"
"9004154",371995,2025-06-15 21:46:12,42.4227027893066,-8.87811851501465,"Female"
"9004154",371995,2025-06-15 21:51:11,42.4226760864258,-8.8776159286499,"Female"
"9004154",371995,2025-06-15 21:56:12,42.4253349304199,-8.87654972076416,"Female"
"9004154",371995,2025-06-15 22:01:16,42.4239921569824,-8.87820148468018,"Female"
"9004154",371995,2025-06-15 22:06:10,42.4241561889648,-8.87991046905518,"Female"
"9004154",371995,2025-06-15 22:11:12,42.4243659973145,-8.87746143341064,"Female"
"9004154",371995,2025-06-15 22:16:16,42.4236030578613,-8.87837409973145,"Female"
"9004154",371995,2025-06-15 22:21:13,42.4241409301758,-8.87791156768799,"Female"
"9004154",371995,2025-06-15 22:26:10,42.4241371154785,-8.87801551818848,"Female"
"9004154",371995,2025-06-15 22:31:13,42.4240646362305,-8.87800884246826,"Female"
"9004154",371995,2025-06-15 22:36:10,42.4238319396973,-8.87791633605957,"Female"
"9004154",371995,2025-06-15 22:41:10,42.4238777160645,-8.87787055969238,"Female"
"9004154",371995,2025-06-15 22:46:10,42.423828125,-8.87790584564209,"Female"
"9004154",371995,2025-06-15 22:51:10,42.4237251281738,-8.8779125213623,"Female"
"9004154",371995,2025-06-15 22:56:10,42.4236717224121,-8.87797451019287,"Female"
"9004154",371995,2025-06-15 23:01:10,42.4235076904297,-8.87786960601807,"Female"
"9004154",371995,2025-06-15 23:06:10,42.4235458374023,-8.87793827056885,"Female"
"9004154",371995,2025-06-15 23:11:10,42.423454284668,-8.87763690948486,"Female"
"9004154",371995,2025-06-15 23:16:10,42.4233627319336,-8.87781047821045,"Female"
"9004154",371995,2025-06-15 23:21:10,42.42333984375,-8.87770557403564,"Female"
"9004154",371995,2025-06-15 23:26:10,42.4233779907227,-8.87758731842041,"Female"
"9004154",371995,2025-06-15 23:31:11,42.4230766296387,-8.87747764587402,"Female"
"9004154",371995,2025-06-15 23:36:12,42.4231948852539,-8.877516746521,"Female"
"9004154",371995,2025-06-15 23:41:14,42.4235305786133,-8.8777961730957,"Female"
"9004154",371995,2025-06-15 23:46:13,42.4235305786133,-8.87784194946289,"Female"
"9004154",371995,2025-06-15 23:51:21,42.4237823486328,-8.87774467468262,"Female"
"9004154",371995,2025-06-15 23:56:12,42.423583984375,-8.877854347229,"Female"
"9004154",371995,2025-06-16 00:01:35,42.4235687255859,-8.87832927703857,"Female"
"9004154",371995,2025-06-16 00:06:12,42.4238090515137,-8.8781909942627,"Female"
"9004154",371995,2025-06-16 00:11:16,42.4237480163574,-8.87825584411621,"Female"
"9004154",371995,2025-06-16 00:16:11,42.4238777160645,-8.87833881378174,"Female"
"9004154",371995,2025-06-16 00:21:16,42.4235038757324,-8.8780632019043,"Female"
"9004154",371995,2025-06-16 00:26:13,42.4237213134766,-8.87815952301025,"Female"
"9004154",371995,2025-06-16 00:31:12,42.423641204834,-8.87810325622559,"Female"
"9004154",371995,2025-06-16 00:36:09,42.4235458374023,-8.87831592559814,"Female"
"9004154",371995,2025-06-16 00:41:10,42.423038482666,-8.87825107574463,"Female"
"9004154",371995,2025-06-16 00:46:13,42.4231262207031,-8.87835121154785,"Female"
"9004154",371995,2025-06-16 00:51:28,42.4234886169434,-8.87835788726807,"Female"
"9004154",371995,2025-06-16 00:56:13,42.4233932495117,-8.87826824188232,"Female"
"9004154",371995,2025-06-16 01:01:17,42.4233055114746,-8.87826347351074,"Female"
"9004154",371995,2025-06-16 01:06:13,42.4231986999512,-8.87584686279297,"Female"
"9004154",371995,2025-06-16 01:11:12,42.4227485656738,-8.87904167175293,"Female"
"9004154",371995,2025-06-16 01:16:11,42.4223937988281,-8.88009738922119,"Female"
"9004154",371995,2025-06-16 01:21:10,42.4227027893066,-8.87852191925049,"Female"
"9004154",371995,2025-06-16 01:26:09,42.422721862793,-8.87841415405273,"Female"
"9004154",371995,2025-06-16 01:31:09,42.4223747253418,-8.87844562530518,"Female"
"9004154",371995,2025-06-16 01:36:10,42.4227142333984,-8.87842178344727,"Female"
"9004154",371995,2025-06-16 01:41:10,42.4227256774902,-8.87831974029541,"Female"
"9004154",371995,2025-06-16 01:46:09,42.422737121582,-8.87838363647461,"Female"
"9004154",371995,2025-06-16 01:51:09,42.422664642334,-8.87839412689209,"Female"
"9004154",371995,2025-06-16 01:56:09,42.4227561950684,-8.8783540725708,"Female"
"9004154",371995,2025-06-16 02:01:09,42.4227333068848,-8.87832164764404,"Female"
"9004154",371995,2025-06-16 02:06:10,42.422794342041,-8.87839412689209,"Female"
"9004154",371995,2025-06-16 02:11:10,42.4226684570312,-8.8784065246582,"Female"
"9004154",371995,2025-06-16 02:16:09,42.422779083252,-8.87825965881348,"Female"
"9004154",371995,2025-06-16 02:21:11,42.4226531982422,-8.87823963165283,"Female"
"9004154",371995,2025-06-16 02:26:09,42.4228477478027,-8.87826251983643,"Female"
"9004154",371995,2025-06-16 02:31:11,42.4228820800781,-8.87825393676758,"Female"
"9004154",371995,2025-06-16 02:36:15,42.423095703125,-8.87843322753906,"Female"
"9004154",371995,2025-06-16 02:41:10,42.4228210449219,-8.87831592559814,"Female"
"9004154",371995,2025-06-16 02:46:11,42.4230422973633,-8.87832260131836,"Female"
"9004154",371995,2025-06-16 02:51:17,42.423023223877,-8.87848663330078,"Female"
"9004154",371995,2025-06-16 02:56:15,42.4231338500977,-8.87840270996094,"Female"
"9004154",371995,2025-06-16 03:01:19,42.4231567382812,-8.8784704208374,"Female"
"9004154",371995,2025-06-16 03:06:12,42.4232292175293,-8.8781270980835,"Female"
"9004154",371995,2025-06-16 03:11:13,42.4232635498047,-8.87846374511719,"Female"
"9004154",371995,2025-06-16 03:16:12,42.4231414794922,-8.87811756134033,"Female"
"9004154",371995,2025-06-16 03:21:10,42.4226188659668,-8.878662109375,"Female"
"9004154",371995,2025-06-16 03:26:10,42.4224967956543,-8.87866973876953,"Female"
"9004154",371995,2025-06-16 03:31:09,42.4226875305176,-8.87836742401123,"Female"
"9004154",371995,2025-06-16 03:36:11,42.4229278564453,-8.8784704208374,"Female"
"9004154",371995,2025-06-16 03:41:09,42.4226684570312,-8.87837028503418,"Female"
"9004154",371995,2025-06-16 03:46:13,42.4225883483887,-8.87795066833496,"Female"
"9004154",371995,2025-06-16 03:51:18,42.422492980957,-8.87904167175293,"Female"
"9004154",371995,2025-06-16 03:56:27,42.422679901123,-8.87897682189941,"Female"
"9004154",371995,2025-06-16 04:01:29,42.4224624633789,-8.87899971008301,"Female"
"9004154",371995,2025-06-16 04:06:15,42.4223480224609,-8.87908363342285,"Female"
"9004154",371995,2025-06-16 04:11:16,42.4224433898926,-8.87910938262939,"Female"
"9004154",371995,2025-06-16 04:16:12,42.4225387573242,-8.87899875640869,"Female"
"9004154",371995,2025-06-16 04:21:11,42.4228477478027,-8.87892150878906,"Female"
"9004154",371995,2025-06-16 04:26:33,42.4223480224609,-8.87867450714111,"Female"
"9004154",371995,2025-06-16 04:31:11,42.4224700927734,-8.87926959991455,"Female"
"9004154",371995,2025-06-16 04:36:10,42.4229202270508,-8.87920951843262,"Female"
"9004154",371995,2025-06-16 04:41:12,42.422794342041,-8.87770557403564,"Female"
"9004154",371995,2025-06-16 04:46:09,42.4227142333984,-8.87836742401123,"Female"
"9004154",371995,2025-06-16 04:51:10,42.4226684570312,-8.87821006774902,"Female"
"9004154",371995,2025-06-16 04:56:10,42.4228286743164,-8.87824249267578,"Female"
"9004154",371995,2025-06-16 05:01:16,42.4227294921875,-8.8784875869751,"Female"
"9004154",371995,2025-06-16 05:06:10,42.4226531982422,-8.87833499908447,"Female"
"9004154",371995,2025-06-16 05:11:10,42.4227447509766,-8.87835311889648,"Female"
"9004154",371995,2025-06-16 05:16:10,42.4227561950684,-8.87841606140137,"Female"
"9004154",371995,2025-06-16 05:21:10,42.4229049682617,-8.87842082977295,"Female"
"9004154",371995,2025-06-16 05:26:09,42.4229965209961,-8.87834930419922,"Female"
"9004154",371995,2025-06-16 05:31:09,42.4229354858398,-8.8783655166626,"Female"
"9004154",371995,2025-06-16 05:36:09,42.422924041748,-8.87844944000244,"Female"
"9004154",371995,2025-06-16 05:41:11,42.4230117797852,-8.87850189208984,"Female"
"9004154",371995,2025-06-16 05:46:12,42.4229774475098,-8.87849426269531,"Female"
"9004154",371995,2025-06-16 05:51:10,42.4229621887207,-8.87849426269531,"Female"
"9004154",371995,2025-06-16 05:56:11,42.423152923584,-8.87858009338379,"Female"
"9004154",371995,2025-06-16 06:01:35,42.4235038757324,-8.87865352630615,"Female"
"9004154",371995,2025-06-16 06:06:19,42.439395904541,-8.87393665313721,"Female"
"9004154",371995,2025-06-16 06:11:09,42.5037498474121,-8.93751239776611,"Female"
"9004154",371995,2025-06-16 06:19:13,42.4452857971191,-8.87566661834717,"Female"
"9004154",371995,2025-06-16 06:24:19,42.4455223083496,-8.87665367126465,"Female"
"9004154",371995,2025-06-16 06:29:19,42.4439468383789,-8.87489891052246,"Female"
"9004154",371995,2025-06-16 06:34:18,42.442554473877,-8.87446308135986,"Female"
"9004154",371995,2025-06-16 06:43:39,42.4404335021973,-8.87564086914062,"Female"
"9004154",371995,2025-06-16 06:48:21,42.4372291564941,-8.87747764587402,"Female"
"9004154",371995,2025-06-16 06:53:52,42.4372787475586,-8.87745952606201,"Female"
"9004154",371995,2025-06-16 06:58:24,42.4372901916504,-8.87753963470459,"Female"
"9004154",371995,2025-06-16 07:03:30,42.4372711181641,-8.87746334075928,"Female"
"9004154",371995,2025-06-16 07:09:40,42.4371948242188,-8.87730121612549,"Female"
"9004154",371995,2025-06-16 07:14:40,42.4372215270996,-8.87728404998779,"Female"
"9004154",371995,2025-06-16 07:19:59,42.437313079834,-8.87736034393311,"Female"
"9004154",371995,2025-06-16 07:24:53,42.4373207092285,-8.87737083435059,"Female"
"9004154",371995,2025-06-16 07:29:42,42.4370307922363,-8.87719821929932,"Female"
"9004154",371995,2025-06-16 07:34:40,42.438793182373,-8.87503242492676,"Female"
"9004154",371995,2025-06-16 07:39:40,42.4373092651367,-8.87744808197021,"Female"
"9004154",371995,2025-06-16 07:44:47,42.4372138977051,-8.87757968902588,"Female"
"9004154",371995,2025-06-16 07:49:43,42.4367980957031,-8.88094139099121,"Female"
"9004154",371995,2025-06-16 07:54:48,42.4376907348633,-8.87911319732666,"Female"
"9004154",371995,2025-06-16 07:59:47,42.4374122619629,-8.87764739990234,"Female"
"9004154",371995,2025-06-16 08:05:08,42.4369316101074,-8.87619876861572,"Female"
"9004154",371995,2025-06-16 08:09:42,42.441047668457,-8.87319946289062,"Female"
"9004154",371995,2025-06-16 08:14:47,42.4372596740723,-8.87771987915039,"Female"
"9004154",371995,2025-06-16 08:19:48,42.4372100830078,-8.87770462036133,"Female"
"9004154",371995,2025-06-16 08:24:48,42.4372406005859,-8.87771034240723,"Female"
"9004154",371995,2025-06-16 08:29:48,42.4372100830078,-8.87772560119629,"Female"
"9004154",371995,2025-06-16 08:34:53,42.4372215270996,-8.87770652770996,"Female"
"9004154",371995,2025-06-16 08:39:52,42.4372177124023,-8.87769222259521,"Female"
"9004154",371995,2025-06-16 08:44:50,42.4371910095215,-8.87768173217773,"Female"
"9004154",371995,2025-06-16 08:49:49,42.4729537963867,-8.87870121002197,"Female"
"9004154",371995,2025-06-16 08:54:48,42.4444351196289,-8.87650585174561,"Female"
"9004154",371995,2025-06-16 08:59:48,42.4439582824707,-8.87784194946289,"Female"
"9004154",371995,2025-06-16 09:04:48,42.4444389343262,-8.87764453887939,"Female"
"9004154",371995,2025-06-16 09:09:52,42.4436988830566,-8.8769063949585,"Female"
"9004154",371995,2025-06-16 09:14:53,42.4423484802246,-8.87650012969971,"Female"
"9004154",371995,2025-06-16 09:19:52,42.4406356811523,-8.87607955932617,"Female"
"9004154",371995,2025-06-16 09:24:48,42.4870147705078,-8.9043664932251,"Female"
"9004154",371995,2025-06-16 09:29:55,42.4867858886719,-8.89959907531738,"Female"
"9004154",371995,2025-06-16 09:34:48,42.4372329711914,-8.87761211395264,"Female"
"9004154",371995,2025-06-16 09:39:48,42.4372787475586,-8.87760734558105,"Female"
"9004154",371995,2025-06-16 09:44:45,42.4372253417969,-8.87767887115479,"Female"
"9004154",371995,2025-06-16 09:49:58,42.4373016357422,-8.87769222259521,"Female"
"9004154",371995,2025-06-16 09:54:48,42.4373245239258,-8.87767028808594,"Female"
"9004154",371995,2025-06-16 09:59:54,42.4372940063477,-8.87765502929688,"Female"
"9004154",371995,2025-06-16 10:04:46,42.4371566772461,-8.87772274017334,"Female"
"9004154",371995,2025-06-16 10:09:48,42.4373397827148,-8.87764644622803,"Female"
"9004154",371995,2025-06-16 10:14:48,42.4373092651367,-8.87768363952637,"Female"
"9004154",371995,2025-06-16 10:19:48,42.437427520752,-8.8776159286499,"Female"
"9004154",371995,2025-06-16 10:24:59,42.4375534057617,-8.87754917144775,"Female"
"9004154",371995,2025-06-16 10:29:48,42.4374694824219,-8.87761497497559,"Female"
"9004154",371995,2025-06-16 10:34:49,42.4372329711914,-8.87806701660156,"Female"
"9004154",371995,2025-06-16 10:39:40,42.435905456543,-8.87852573394775,"Female"
"9004154",371995,2025-06-16 10:44:43,42.4374809265137,-8.87747383117676,"Female"
"9004154",371995,2025-06-16 10:49:40,42.4377212524414,-8.87735462188721,"Female"
"9004154",371995,2025-06-16 10:54:41,42.4376640319824,-8.87741565704346,"Female"
"9004154",371995,2025-06-16 10:59:40,42.4375915527344,-8.87750720977783,"Female"
"9004154",371995,2025-06-16 11:04:40,42.4468803405762,-8.88314723968506,"Female"
"9004154",371995,2025-06-16 11:09:40,42.4462852478027,-8.8822546005249,"Female"
"9004154",371995,2025-06-16 11:15:52,42.4441871643066,-8.88018798828125,"Female"
"9004154",371995,2025-06-16 11:20:54,42.4443092346191,-8.87987995147705,"Female"
"9004154",371995,2025-06-16 11:25:53,42.444709777832,-8.88034057617188,"Female"
"9004154",371995,2025-06-16 11:30:53,42.4427070617676,-8.8797779083252,"Female"
"9004154",371995,2025-06-16 11:35:54,42.441707611084,-8.87879753112793,"Female"
"9004154",371995,2025-06-16 11:44:17,42.4417572021484,-8.87885093688965,"Female"
"9004154",371995,2025-06-16 11:49:09,42.4424209594727,-8.87787914276123,"Female"
"9004154",371995,2025-06-16 12:03:44,42.4393119812012,-8.87507820129395,"Female"
"9004154",371995,2025-06-16 12:08:43,42.4375114440918,-8.87772941589355,"Female"
"9004154",371995,2025-06-16 12:13:43,42.4374732971191,-8.87782001495361,"Female"
"9004154",371995,2025-06-16 12:18:43,42.4375381469727,-8.87782096862793,"Female"
"9004154",371995,2025-06-16 12:23:43,42.4375457763672,-8.87791347503662,"Female"
"9004154",371995,2025-06-16 12:28:43,42.4373397827148,-8.87771224975586,"Female"
"9004154",371995,2025-06-16 12:33:43,42.4372787475586,-8.87784099578857,"Female"
"9004154",371995,2025-06-16 12:38:43,42.4372978210449,-8.87778377532959,"Female"
"9004154",371995,2025-06-16 12:43:43,42.4373474121094,-8.87774467468262,"Female"
"9004154",371995,2025-06-16 12:48:43,42.4372367858887,-8.87783336639404,"Female"
"9004154",371995,2025-06-16 12:53:43,42.4373245239258,-8.87767601013184,"Female"
"9004154",371995,2025-06-16 12:58:43,42.4372406005859,-8.87783622741699,"Female"
"9004154",371995,2025-06-16 13:03:43,42.4372711181641,-8.87768173217773,"Female"
"9004154",371995,2025-06-16 13:08:43,42.4372825622559,-8.87767887115479,"Female"
"9004154",371995,2025-06-16 13:13:44,42.437370300293,-8.87754821777344,"Female"
"9004154",371995,2025-06-16 13:18:43,42.4372253417969,-8.87781143188477,"Female"
"9004154",371995,2025-06-16 13:23:43,42.4374008178711,-8.87755298614502,"Female"
"9004154",371995,2025-06-16 13:28:43,42.4373474121094,-8.87735176086426,"Female"
"9004154",371995,2025-06-16 13:33:43,42.4373626708984,-8.87730693817139,"Female"
"9004154",371995,2025-06-16 13:38:45,42.4373512268066,-8.87730979919434,"Female"
"9004154",371995,2025-06-16 13:43:43,42.4369964599609,-8.87792110443115,"Female"
"9004154",371995,2025-06-16 13:48:43,42.4374923706055,-8.87763690948486,"Female"
"9004154",371995,2025-06-16 13:53:43,42.4374008178711,-8.87734127044678,"Female"
"9004154",371995,2025-06-16 13:58:43,42.4372863769531,-8.8753080368042,"Female"
"9004154",371995,2025-06-16 14:03:43,42.4369583129883,-8.8740177154541,"Female"
"9004154",371995,2025-06-16 14:08:44,42.436882019043,-8.87436962127686,"Female"
"9004154",371995,2025-06-16 14:13:43,42.4416236877441,-8.87748241424561,"Female"
"9004154",371995,2025-06-16 14:18:43,42.4422874450684,-8.87705993652344,"Female"
"9004154",371995,2025-06-16 14:23:43,42.4427871704102,-8.87809085845947,"Female"
"9004154",371995,2025-06-16 14:28:43,42.4443855285645,-8.87933921813965,"Female"
"9004154",371995,2025-06-16 14:35:08,42.4414367675781,-8.87875556945801,"Female"
"9004154",371995,2025-06-16 14:40:07,42.441463470459,-8.87642383575439,"Female"
"9004154",371995,2025-06-16 14:46:05,42.43994140625,-8.87617206573486,"Female"
"9004154",371995,2025-06-16 14:51:58,42.440860748291,-8.87549591064453,"Female"
"9004154",371995,2025-06-16 14:56:55,42.4374046325684,-8.87757301330566,"Female"
"9004154",371995,2025-06-16 15:01:58,42.4373474121094,-8.87767219543457,"Female"
"9004154",371995,2025-06-16 15:06:56,42.4374389648438,-8.87774085998535,"Female"
"9004154",371995,2025-06-16 15:11:55,42.4302825927734,-8.87840366363525,"Female"
"9004154",371995,2025-06-16 15:16:55,42.430248260498,-8.87842655181885,"Female"
"9004154",371995,2025-06-16 15:21:58,42.4303970336914,-8.87850761413574,"Female"
"9004154",371995,2025-06-16 15:26:56,42.4303131103516,-8.87856674194336,"Female"
"9004154",371995,2025-06-16 15:32:05,42.4306259155273,-8.87865543365479,"Female"
"9004154",371995,2025-06-16 15:36:55,42.4305686950684,-8.87864112854004,"Female"
"9004154",371995,2025-06-16 15:41:55,42.4305572509766,-8.87870979309082,"Female"
"9004154",371995,2025-06-16 15:46:55,42.4305686950684,-8.87865257263184,"Female"
"9004154",371995,2025-06-16 15:51:56,42.4305229187012,-8.87862682342529,"Female"
"9004154",371995,2025-06-16 15:56:56,42.4304809570312,-8.87863731384277,"Female"
"9004154",371995,2025-06-16 16:01:55,42.4305038452148,-8.87859535217285,"Female"
"9004154",371995,2025-06-16 16:06:55,42.4305648803711,-8.87861824035645,"Female"
"9004154",371995,2025-06-16 16:11:55,42.4305267333984,-8.87860584259033,"Female"
"9004154",371995,2025-06-16 16:16:55,42.4302978515625,-8.87886619567871,"Female"
"9004154",371995,2025-06-16 16:21:57,42.4309844970703,-8.87814998626709,"Female"
"9004154",371995,2025-06-16 16:26:55,42.4300384521484,-8.87807464599609,"Female"
"9004154",371995,2025-06-16 16:31:56,42.4372100830078,-8.87748908996582,"Female"
"9004154",371995,2025-06-16 16:36:55,42.440258026123,-8.87605857849121,"Female"
"9004154",371995,2025-06-16 16:41:56,42.4414367675781,-8.87635803222656,"Female"
"9004154",371995,2025-06-16 16:46:55,42.4421768188477,-8.87817478179932,"Female"
"9004154",371995,2025-06-16 16:51:55,42.4501571655273,-8.88253307342529,"Female"
"9004154",371995,2025-06-16 16:57:17,42.4581718444824,-8.89641571044922,"Female"
"9004154",371995,2025-06-16 17:02:58,42.4585418701172,-8.89854145050049,"Female"
"9004154",371995,2025-06-16 17:08:45,42.4581031799316,-8.89470767974854,"Female"
"9004154",371995,2025-06-16 17:16:31,42.4577674865723,-8.89542770385742,"Female"
"9004154",371995,2025-06-16 17:21:32,42.4542694091797,-8.88369560241699,"Female"
"9004154",371995,2025-06-16 17:26:30,42.4535255432129,-8.88250255584717,"Female"
"9004154",371995,2025-06-16 17:31:54,42.4523315429688,-8.88254356384277,"Female"
"9004154",371995,2025-06-16 17:36:57,42.4546813964844,-8.88540458679199,"Female"
"9004154",371995,2025-06-16 17:41:53,42.4490623474121,-8.88166809082031,"Female"
"9004154",371995,2025-06-16 17:46:53,42.447811126709,-8.87839317321777,"Female"
"9004154",371995,2025-06-16 17:51:53,42.4469261169434,-8.87818241119385,"Female"
"9004154",371995,2025-06-16 17:56:53,42.4462699890137,-8.87701892852783,"Female"
"9004154",371995,2025-06-16 18:08:15,42.4434127807617,-8.87609195709229,"Female"
"9004154",371995,2025-06-16 18:13:12,42.4432182312012,-8.87526702880859,"Female"
"9004154",371995,2025-06-16 18:18:12,42.4422302246094,-8.87511825561523,"Female"
"9004154",371995,2025-06-16 18:23:12,42.4413833618164,-8.8750696182251,"Female"
"9004154",371995,2025-06-16 18:28:11,42.4405937194824,-8.87391376495361,"Female"
"9004154",371995,2025-06-16 18:33:11,42.4387321472168,-8.87504863739014,"Female"
"9004154",371995,2025-06-16 18:38:12,42.4377288818359,-8.87462997436523,"Female"
"9004154",371995,2025-06-16 18:43:11,42.4380073547363,-8.87354373931885,"Female"
"9004154",371995,2025-06-16 18:48:11,42.437915802002,-8.87369060516357,"Female"
"9004154",371995,2025-06-16 18:53:11,42.4380416870117,-8.87342643737793,"Female"
"9004154",371995,2025-06-16 18:58:11,42.4379844665527,-8.87344169616699,"Female"
"9004154",371995,2025-06-16 19:03:11,42.4379959106445,-8.8735237121582,"Female"
"9004154",371995,2025-06-16 19:08:11,42.4378395080566,-8.87370109558105,"Female"
"9004154",371995,2025-06-16 19:13:11,42.4297790527344,-8.87855243682861,"Female"
"9004154",371995,2025-06-16 19:18:44,42.4227142333984,-8.87850475311279,"Female"
"9004154",371995,2025-06-16 19:23:10,42.4227256774902,-8.87835884094238,"Female"
"9004154",371995,2025-06-16 19:28:10,42.4226913452148,-8.87833309173584,"Female"
"9004154",371995,2025-06-16 19:33:10,42.4225234985352,-8.87850379943848,"Female"
"9004154",371995,2025-06-16 19:38:13,42.4232444763184,-8.87839603424072,"Female"
"9004154",371995,2025-06-16 19:43:11,42.4232292175293,-8.87850093841553,"Female"
"9004154",371995,2025-06-16 19:48:11,42.4231452941895,-8.87950134277344,"Female"
"9004154",371995,2025-06-16 19:53:17,42.4224166870117,-8.87856769561768,"Female"
"9004154",371995,2025-06-16 19:58:12,42.422248840332,-8.87929344177246,"Female"
"9004154",371995,2025-06-16 20:03:16,42.4226493835449,-8.87843704223633,"Female"
"9004154",371995,2025-06-16 20:08:12,42.4225959777832,-8.87824058532715,"Female"
"9004154",371995,2025-06-16 20:13:13,42.4221801757812,-8.87711429595947,"Female"
"9004154",371995,2025-06-16 20:18:12,42.4222831726074,-8.87771797180176,"Female"
"9004154",371995,2025-06-16 20:23:11,42.4223251342773,-8.8778829574585,"Female"
"9004154",371995,2025-06-16 20:28:12,42.4222068786621,-8.87775993347168,"Female"
"9004154",371995,2025-06-16 20:33:12,42.4223022460938,-8.87807750701904,"Female"
"9004154",371995,2025-06-16 20:38:12,42.4223785400391,-8.87833976745605,"Female"
"9004154",371995,2025-06-16 20:43:13,42.4225273132324,-8.87836647033691,"Female"
"9004154",371995,2025-06-16 20:48:11,42.4225196838379,-8.87833595275879,"Female"
"9004154",371995,2025-06-16 20:53:12,42.4225807189941,-8.87843132019043,"Female"
"9004154",371995,2025-06-16 20:58:12,42.4224891662598,-8.87851619720459,"Female"
"9004154",371995,2025-06-16 21:03:12,42.4225959777832,-8.87836360931396,"Female"
"9004154",371995,2025-06-16 21:08:19,42.4225463867188,-8.87854862213135,"Female"
"9004154",371995,2025-06-16 21:13:11,42.422477722168,-8.8784761428833,"Female"
"9004154",371995,2025-06-16 21:18:15,42.4224662780762,-8.87856292724609,"Female"
"9004154",371995,2025-06-16 21:23:12,42.4224281311035,-8.87842845916748,"Female"
"9004154",371995,2025-06-16 21:28:11,42.4225997924805,-8.87838172912598,"Female"
"9004154",371995,2025-06-16 21:33:14,42.4224472045898,-8.87846565246582,"Female"
"9004154",371995,2025-06-16 21:38:15,42.4223747253418,-8.87837219238281,"Female"
"9004154",371995,2025-06-16 21:43:13,42.4224586486816,-8.87838745117188,"Female"
"9004154",371995,2025-06-16 21:48:11,42.4223136901855,-8.87868595123291,"Female"
"9004154",371995,2025-06-16 21:53:14,42.4221458435059,-8.87873935699463,"Female"
"9004154",371995,2025-06-16 21:58:11,42.4218940734863,-8.8787784576416,"Female"
"9004154",371995,2025-06-16 22:03:11,42.4219818115234,-8.87789916992188,"Female"
"9004154",371995,2025-06-16 22:08:11,42.4226417541504,-8.87774181365967,"Female"
"9004154",371995,2025-06-16 22:13:11,42.4221382141113,-8.87859058380127,"Female"
"9004154",371995,2025-06-16 22:18:13,42.4230041503906,-8.87749004364014,"Female"
"9004154",371995,2025-06-16 22:23:12,42.422981262207,-8.87766170501709,"Female"
"9004154",371995,2025-06-16 22:28:12,42.4231147766113,-8.87762069702148,"Female"
"9004154",371995,2025-06-16 22:33:12,42.4225692749023,-8.87809562683105,"Female"
"9004154",371995,2025-06-16 22:38:12,42.4220809936523,-8.87925052642822,"Female"
"9004154",371995,2025-06-16 22:43:18,42.4226951599121,-8.87862777709961,"Female"
"9004154",371995,2025-06-16 22:48:13,42.4228172302246,-8.87834644317627,"Female"
"9004154",371995,2025-06-16 22:53:11,42.4228820800781,-8.87806606292725,"Female"
"9004154",371995,2025-06-16 22:58:15,42.4227561950684,-8.87835502624512,"Female"
"9004154",371995,2025-06-16 23:03:11,42.4230422973633,-8.87804222106934,"Female"
"9004154",371995,2025-06-16 23:08:20,42.4227104187012,-8.87933444976807,"Female"
"9004154",371995,2025-06-16 23:13:17,42.4222602844238,-8.88111114501953,"Female"
"9004154",371995,2025-06-16 23:18:15,42.4229125976562,-8.87835216522217,"Female"
"9004154",371995,2025-06-16 23:23:12,42.422981262207,-8.87827014923096,"Female"
"9004154",371995,2025-06-16 23:28:16,42.4232482910156,-8.87859535217285,"Female"
"9004154",371995,2025-06-16 23:33:18,42.4230766296387,-8.8783712387085,"Female"
"9004154",371995,2025-06-16 23:38:16,42.4229583740234,-8.87830543518066,"Female"
"9004154",371995,2025-06-16 23:43:23,42.422981262207,-8.87837314605713,"Female"
"9004154",371995,2025-06-16 23:48:15,42.4231185913086,-8.87829780578613,"Female"
"9004154",371995,2025-06-16 23:53:20,42.4229278564453,-8.87845230102539,"Female"
"9004154",371995,2025-06-16 23:58:25,42.4227828979492,-8.87839412689209,"Female"
"9004154",371995,2025-06-17 00:03:19,42.4231033325195,-8.87848091125488,"Female"
"9004154",371995,2025-06-17 00:08:13,42.4231376647949,-8.87851810455322,"Female"
"9004154",371995,2025-06-17 00:13:12,42.4227027893066,-8.87832450866699,"Female"
"9004154",371995,2025-06-17 00:18:15,42.4219779968262,-8.87866497039795,"Female"
"9004154",371995,2025-06-17 00:23:13,42.4217567443848,-8.87845134735107,"Female"
"9004154",371995,2025-06-17 00:28:18,42.422191619873,-8.87844944000244,"Female"
"9004154",371995,2025-06-17 00:33:11,42.4207763671875,-8.8785514831543,"Female"
"9004154",371995,2025-06-17 00:38:18,42.4206924438477,-8.87873935699463,"Female"
"9004154",371995,2025-06-17 00:43:19,42.4209671020508,-8.87874317169189,"Female"
"9004154",371995,2025-06-17 00:48:18,42.4236526489258,-8.87839126586914,"Female"
"9004154",371995,2025-06-17 00:53:44,42.4231872558594,-8.8782205581665,"Female"
"9004154",371995,2025-06-17 00:58:11,42.4233627319336,-8.87830066680908,"Female"
"9004154",371995,2025-06-17 01:03:11,42.423282623291,-8.87780380249023,"Female"
"9004154",371995,2025-06-17 01:08:11,42.4231033325195,-8.87792778015137,"Female"
"9004154",371995,2025-06-17 01:13:11,42.4225006103516,-8.87869071960449,"Female"
"9004154",371995,2025-06-17 01:18:11,42.4231109619141,-8.87804222106934,"Female"
"9004154",371995,2025-06-17 01:23:10,42.4228553771973,-8.87813758850098,"Female"
"9004154",371995,2025-06-17 01:28:10,42.4225692749023,-8.87846374511719,"Female"
"9004154",371995,2025-06-17 01:33:10,42.4227561950684,-8.87832927703857,"Female"
"9004154",371995,2025-06-17 01:38:10,42.4226951599121,-8.87825298309326,"Female"
"9004154",371995,2025-06-17 01:43:10,42.4225959777832,-8.87838172912598,"Female"
"9004154",371995,2025-06-17 01:48:16,42.4228706359863,-8.87840366363525,"Female"
"9004154",371995,2025-06-17 01:53:12,42.4229850769043,-8.87820148468018,"Female"
"9004154",371995,2025-06-17 01:58:18,42.4227905273438,-8.87839508056641,"Female"
"9004154",371995,2025-06-17 02:03:18,42.4228439331055,-8.87835216522217,"Female"
"9004154",371995,2025-06-17 02:08:24,42.4228477478027,-8.87840366363525,"Female"
"9004154",371995,2025-06-17 02:13:20,42.4225234985352,-8.87836456298828,"Female"
"9004154",371995,2025-06-17 02:18:19,42.4230003356934,-8.87862205505371,"Female"
"9004154",371995,2025-06-17 02:23:35,42.4227333068848,-8.87837505340576,"Female"
"9004154",371995,2025-06-17 02:28:12,42.4232292175293,-8.87882614135742,"Female"
"9004154",371995,2025-06-17 02:33:18,42.422477722168,-8.87838459014893,"Female"
"9004154",371995,2025-06-17 02:38:13,42.4222450256348,-8.8784351348877,"Female"
"9004154",371995,2025-06-17 02:43:13,42.4226608276367,-8.87842559814453,"Female"
"9004154",371995,2025-06-17 02:48:15,42.4223327636719,-8.87841606140137,"Female"
"9004154",371995,2025-06-17 02:53:13,42.4217071533203,-8.87761974334717,"Female"
"9004154",371995,2025-06-17 02:58:18,42.4228401184082,-8.87845802307129,"Female"
"9004154",371995,2025-06-17 03:03:15,42.422721862793,-8.87836837768555,"Female"
"9004154",371995,2025-06-17 03:08:41,42.4221649169922,-8.87862205505371,"Female"
"9004154",371995,2025-06-17 03:13:12,42.4220275878906,-8.87918472290039,"Female"
"9004154",371995,2025-06-17 03:18:24,42.4225234985352,-8.87853813171387,"Female"
"9004154",371995,2025-06-17 03:23:15,42.4227676391602,-8.87848567962646,"Female"
"9004154",371995,2025-06-17 03:28:15,42.4227638244629,-8.87827396392822,"Female"
"9004154",371995,2025-06-17 03:33:11,42.4228973388672,-8.87818050384521,"Female"
"9004154",371995,2025-06-17 03:38:12,42.4231986999512,-8.87824249267578,"Female"
"9004154",371995,2025-06-17 03:43:10,42.422664642334,-8.87862586975098,"Female"
"9004154",371995,2025-06-17 03:48:21,42.4225158691406,-8.87852096557617,"Female"
"9004154",371995,2025-06-17 03:53:12,42.4223899841309,-8.87822151184082,"Female"
"9004154",371995,2025-06-17 03:58:11,42.4221801757812,-8.87794589996338,"Female"
"9004154",371995,2025-06-17 04:03:22,42.4222793579102,-8.87865829467773,"Female"
"9004154",371995,2025-06-17 04:08:12,42.4217987060547,-8.87733364105225,"Female"
"9004154",371995,2025-06-17 04:13:15,42.4222259521484,-8.87865829467773,"Female"
"9004154",371995,2025-06-17 04:18:13,42.4220161437988,-8.87864398956299,"Female"
"9004154",371995,2025-06-17 04:23:13,42.421947479248,-8.87826251983643,"Female"
"9004154",371995,2025-06-17 04:28:14,42.4221229553223,-8.8778018951416,"Female"
"9004154",371995,2025-06-17 04:33:24,42.4224052429199,-8.87861442565918,"Female"
"9004154",371995,2025-06-17 04:38:15,42.422233581543,-8.87866878509521,"Female"
"9004154",371995,2025-06-17 04:43:14,42.4223442077637,-8.87849712371826,"Female"
"9004154",371995,2025-06-17 04:48:14,42.4221801757812,-8.87951183319092,"Female"
"9004154",371995,2025-06-17 04:53:22,42.4223403930664,-8.87852764129639,"Female"
"9004154",371995,2025-06-17 04:58:16,42.4223327636719,-8.87853145599365,"Female"
"9004154",371995,2025-06-17 05:03:19,42.422306060791,-8.87850570678711,"Female"
"9004154",371995,2025-06-17 05:08:18,42.4233169555664,-8.88052845001221,"Female"
"9004154",371995,2025-06-17 05:18:43,42.4228096008301,-8.87747955322266,"Female"
"9004154",371995,2025-06-17 05:23:10,42.4227333068848,-8.87739562988281,"Female"
"9004154",371995,2025-06-17 05:28:10,42.4227714538574,-8.87734699249268,"Female"
"9004154",371995,2025-06-17 05:33:12,42.4228401184082,-8.87753486633301,"Female"
"9004154",371995,2025-06-17 05:38:10,42.4227561950684,-8.87746906280518,"Female"
"9004154",371995,2025-06-17 05:43:12,42.4229202270508,-8.87742614746094,"Female"
"9004154",371995,2025-06-17 05:48:12,42.4227104187012,-8.87742137908936,"Female"
"9004154",371995,2025-06-17 05:53:12,42.4227447509766,-8.87748432159424,"Female"
"9004154",371995,2025-06-17 05:58:10,42.4399375915527,-8.87607192993164,"Female"
"9004154",371995,2025-06-17 06:03:12,42.4416236877441,-8.87590408325195,"Female"
"9004154",371995,2025-06-17 06:08:11,42.4434776306152,-8.87687206268311,"Female"
"9004154",371995,2025-06-17 06:13:12,42.4433364868164,-8.87570571899414,"Female"
"9004154",371995,2025-06-17 06:18:11,42.4444007873535,-8.87572002410889,"Female"
"9004154",371995,2025-06-17 06:23:11,42.4521675109863,-8.88555240631104,"Female"
"9004154",371995,2025-06-17 06:28:52,42.4603424072266,-8.89914321899414,"Female"
"9004154",371995,2025-06-17 06:33:51,42.4598960876465,-8.89962291717529,"Female"
"9004154",371995,2025-06-17 06:38:51,42.4606399536133,-8.9006404876709,"Female"
"9004154",371995,2025-06-17 06:44:08,42.4607925415039,-8.90053939819336,"Female"
"9004154",371995,2025-06-17 06:49:19,42.4605751037598,-8.9004602432251,"Female"
"9004154",371995,2025-06-17 06:54:19,42.4595832824707,-8.90527534484863,"Female"
"9004154",371995,2025-06-17 06:59:19,42.4596214294434,-8.90526485443115,"Female"
"9004154",371995,2025-06-17 07:04:20,42.4597816467285,-8.90523624420166,"Female"
"9004154",371995,2025-06-17 07:09:19,42.4598007202148,-8.90515995025635,"Female"
"9004154",371995,2025-06-17 07:14:22,42.4598121643066,-8.90518188476562,"Female"
"9004154",371995,2025-06-17 07:19:19,42.4599418640137,-8.90513038635254,"Female"
"9004154",371995,2025-06-17 07:24:20,42.4596710205078,-8.90514373779297,"Female"
"9004154",371995,2025-06-17 07:29:19,42.4596214294434,-8.90519714355469,"Female"
"9004154",371995,2025-06-17 07:34:19,42.4608154296875,-8.90498161315918,"Female"
"9004154",371995,2025-06-17 07:39:20,42.461181640625,-8.91152095794678,"Female"
"9004154",371995,2025-06-17 07:44:40,42.4612007141113,-8.91267108917236,"Female"
"9004154",371995,2025-06-17 07:49:42,42.4608497619629,-8.91295719146729,"Female"
"9004154",371995,2025-06-17 07:55:03,42.4607963562012,-8.91429615020752,"Female"
"9004154",371995,2025-06-17 08:00:02,42.4593734741211,-8.90523147583008,"Female"
"9004154",371995,2025-06-17 08:05:02,42.459415435791,-8.90515232086182,"Female"
"9004154",371995,2025-06-17 08:10:02,42.4595069885254,-8.9052619934082,"Female"
"9004154",371995,2025-06-17 08:15:02,42.4594306945801,-8.90483951568604,"Female"
"9004154",371995,2025-06-17 08:20:02,42.4609413146973,-8.90661907196045,"Female"
"9004154",371995,2025-06-17 08:25:04,42.4603729248047,-8.90674781799316,"Female"
"9004154",371995,2025-06-17 08:30:38,42.4590759277344,-8.90610694885254,"Female"
"9004154",371995,2025-06-17 08:35:38,42.4598922729492,-8.89597320556641,"Female"
"9004154",371995,2025-06-17 08:42:11,42.4603157043457,-8.8972053527832,"Female"
"9004154",371995,2025-06-17 08:49:07,42.4599342346191,-8.89779090881348,"Female"
"9004154",371995,2025-06-17 08:55:05,42.4591178894043,-8.89868068695068,"Female"
"9004154",371995,2025-06-17 08:59:04,42.4580497741699,-8.90282726287842,"Female"
"9004154",371995,2025-06-17 09:04:04,42.4580688476562,-8.90294551849365,"Female"
"9004154",371995,2025-06-17 09:09:04,42.4580078125,-8.90293121337891,"Female"
"9004154",371995,2025-06-17 09:14:04,42.4579124450684,-8.9028205871582,"Female"
"9004154",371995,2025-06-17 09:19:04,42.4579162597656,-8.90284633636475,"Female"
"9004154",371995,2025-06-17 09:24:04,42.4579010009766,-8.90284824371338,"Female"
"9004154",371995,2025-06-17 09:29:04,42.4578056335449,-8.90279388427734,"Female"
"9004154",371995,2025-06-17 09:34:04,42.4579544067383,-8.90285968780518,"Female"
"9004154",371995,2025-06-17 09:39:04,42.4581451416016,-8.90308380126953,"Female"
"9004154",371995,2025-06-17 09:44:04,42.4580726623535,-8.90295600891113,"Female"
"9004154",371995,2025-06-17 09:49:04,42.4581413269043,-8.90304660797119,"Female"
"9004154",371995,2025-06-17 09:54:04,42.4581184387207,-8.90301132202148,"Female"
"9004154",371995,2025-06-17 09:59:04,42.4581718444824,-8.90295696258545,"Female"
"9004154",371995,2025-06-17 10:04:04,42.4580764770508,-8.90293312072754,"Female"
"9004154",371995,2025-06-17 10:09:04,42.4581031799316,-8.90308952331543,"Female"
"9004154",371995,2025-06-17 10:14:14,42.4581604003906,-8.90289402008057,"Female"
"9004154",371995,2025-06-17 10:19:06,42.4581718444824,-8.90315914154053,"Female"
"9004154",371995,2025-06-17 10:24:07,42.4581031799316,-8.90311908721924,"Female"
"9004154",371995,2025-06-17 10:29:04,42.4581756591797,-8.90312576293945,"Female"
"9004154",371995,2025-06-17 10:34:04,42.4581642150879,-8.90309619903564,"Female"
"9004154",371995,2025-06-17 10:39:04,42.4580039978027,-8.90296840667725,"Female"
"9004154",371995,2025-06-17 10:44:05,42.458324432373,-8.90684032440186,"Female"
"9004154",371995,2025-06-17 10:49:14,42.4600982666016,-8.91185569763184,"Female"
"9004154",371995,2025-06-17 10:54:06,42.4601287841797,-8.9134407043457,"Female"
"9004154",371995,2025-06-17 11:05:08,42.4604873657227,-8.91328430175781,"Female"
"9004154",371995,2025-06-17 11:10:10,42.4601631164551,-8.91280651092529,"Female"
"9004154",371995,2025-06-17 11:15:08,42.4610824584961,-8.91195487976074,"Female"
"9004154",371995,2025-06-17 11:20:02,42.4585990905762,-8.90439891815186,"Female"
"9004154",371995,2025-06-17 11:25:03,42.458553314209,-8.9054651260376,"Female"
"9004154",371995,2025-06-17 11:30:08,42.4585609436035,-8.90347290039062,"Female"
"9004154",371995,2025-06-17 11:35:06,42.4585723876953,-8.90425968170166,"Female"
"9004154",371995,2025-06-17 11:40:02,42.4585456848145,-8.90415477752686,"Female"
"9004154",371995,2025-06-17 11:45:10,42.4586029052734,-8.90440082550049,"Female"
"9004154",371995,2025-06-17 11:50:08,42.4590530395508,-8.90441226959229,"Female"
"9004154",371995,2025-06-17 11:55:04,42.4585571289062,-8.90446090698242,"Female"
"9004154",371995,2025-06-17 12:00:04,42.4586334228516,-8.90443515777588,"Female"
"9004154",371995,2025-06-17 12:05:07,42.4586181640625,-8.90447616577148,"Female"
"9004154",371995,2025-06-17 12:10:07,42.4585762023926,-8.90445995330811,"Female"
"9004154",371995,2025-06-17 12:15:03,42.4580154418945,-8.9044246673584,"Female"
"9004154",371995,2025-06-17 12:20:04,42.4585723876953,-8.90439033508301,"Female"
"9004154",371995,2025-06-17 12:25:04,42.4585304260254,-8.90435886383057,"Female"
"9004154",371995,2025-06-17 12:30:12,42.4585227966309,-8.90438365936279,"Female"
"9004154",371995,2025-06-17 12:35:09,42.4585876464844,-8.90438556671143,"Female"
"9004154",371995,2025-06-17 12:40:04,42.4584503173828,-8.90656185150146,"Female"
"9004154",371995,2025-06-17 12:45:03,42.4565124511719,-8.89414882659912,"Female"
"9004154",371995,2025-06-17 12:50:09,42.4561004638672,-8.89179229736328,"Female"
"9004154",371995,2025-06-17 12:55:04,42.4563903808594,-8.89181327819824,"Female"
"9004154",371995,2025-06-17 13:00:09,42.4563446044922,-8.89183044433594,"Female"
"9004154",371995,2025-06-17 13:05:08,42.4563751220703,-8.89183235168457,"Female"
"9004154",371995,2025-06-17 13:10:04,42.4563674926758,-8.89183330535889,"Female"
"9004154",371995,2025-06-17 13:15:11,42.4563446044922,-8.89185428619385,"Female"
"9004154",371995,2025-06-17 13:21:14,42.448413848877,-8.88321781158447,"Female"
"9004154",371995,2025-06-17 13:25:46,42.4469375610352,-8.88240623474121,"Female"
"9004154",371995,2025-06-17 13:30:51,42.4422988891602,-8.87891674041748,"Female"
"9004154",371995,2025-06-17 13:35:47,42.4357795715332,-8.87314414978027,"Female"
"9004154",371995,2025-06-17 13:41:05,42.4357757568359,-8.87318134307861,"Female"
"9004154",371995,2025-06-17 13:45:45,42.435791015625,-8.8731746673584,"Female"
"9004154",371995,2025-06-17 13:50:51,42.4358291625977,-8.8731861114502,"Female"
"9004154",371995,2025-06-17 13:55:54,42.4357986450195,-8.87322521209717,"Female"
"9004154",371995,2025-06-17 14:00:46,42.4358253479004,-8.87315464019775,"Female"
"9004154",371995,2025-06-17 14:05:46,42.4358291625977,-8.87317752838135,"Female"
"9004154",371995,2025-06-17 14:10:56,42.4358062744141,-8.87331485748291,"Female"
"9004154",371995,2025-06-17 14:16:05,42.4357299804688,-8.87320327758789,"Female"
"9004154",371995,2025-06-17 14:20:45,42.4357299804688,-8.87321758270264,"Female"
"9004154",371995,2025-06-17 14:26:14,42.4356918334961,-8.87317657470703,"Female"
"9004154",371995,2025-06-17 14:30:46,42.4356117248535,-8.87361145019531,"Female"
"9004154",371995,2025-06-17 14:35:54,42.4357643127441,-8.87325000762939,"Female"
"9004154",371995,2025-06-17 14:40:47,42.4357795715332,-8.87281894683838,"Female"
"9004154",371995,2025-06-17 14:46:19,42.4357719421387,-8.87327861785889,"Female"
"9004154",371995,2025-06-17 14:50:44,42.4357566833496,-8.87330150604248,"Female"
"9004154",371995,2025-06-17 14:55:44,42.4357376098633,-8.87331104278564,"Female"
"9004154",371995,2025-06-17 15:00:44,42.4366226196289,-8.87296199798584,"Female"
"9004154",371995,2025-06-17 15:06:37,42.4372367858887,-8.87444496154785,"Female"
"9004154",371995,2025-06-17 15:12:18,42.4367904663086,-8.87495040893555,"Female"
"9004154",371995,2025-06-17 15:17:18,42.437427520752,-8.87396049499512,"Female"
"9004154",371995,2025-06-17 15:22:17,42.4379501342773,-8.87412261962891,"Female"
"9004154",371995,2025-06-17 15:27:18,42.4377899169922,-8.87396144866943,"Female"
"9004154",371995,2025-06-17 15:32:17,42.4378852844238,-8.87397956848145,"Female"
"9004154",371995,2025-06-17 15:37:17,42.4370384216309,-8.87705993652344,"Female"
"9004154",371995,2025-06-17 15:42:17,42.4369354248047,-8.87702369689941,"Female"
"9004154",371995,2025-06-17 15:47:17,42.4369659423828,-8.87704372406006,"Female"
"9004154",371995,2025-06-17 15:52:17,42.4370803833008,-8.87614917755127,"Female"
"9004154",371995,2025-06-17 15:57:50,42.4372062683105,-8.87596225738525,"Female"
"9004154",371995,2025-06-17 16:04:07,42.4395866394043,-8.87405109405518,"Female"
"9004154",371995,2025-06-17 16:09:07,42.4378776550293,-8.87427711486816,"Female"
"9004154",371995,2025-06-17 16:14:05,42.4378700256348,-8.87430572509766,"Female"
"9004154",371995,2025-06-17 16:19:04,42.4383544921875,-8.87432670593262,"Female"
"9004154",371995,2025-06-17 16:24:05,42.4376106262207,-8.87521076202393,"Female"
"9004154",371995,2025-06-17 16:29:09,42.4374504089355,-8.87599182128906,"Female"
"9004154",371995,2025-06-17 16:34:21,42.4374847412109,-8.87619495391846,"Female"
"9004154",371995,2025-06-17 16:42:23,42.4375839233398,-8.87581443786621,"Female"
"9004154",371995,2025-06-17 16:48:18,42.437686920166,-8.87525463104248,"Female"
"9004154",371995,2025-06-17 16:53:11,42.4379959106445,-8.87360668182373,"Female"
"9004154",371995,2025-06-17 16:58:14,42.4362983703613,-8.87514209747314,"Female"
"9004154",371995,2025-06-17 17:03:12,42.4236793518066,-8.88187980651855,"Female"
"9004154",371995,2025-06-17 17:08:04,42.423942565918,-8.88199615478516,"Female"
"9004154",371995,2025-06-17 17:12:57,42.4246788024902,-8.88110160827637,"Female"
"9004154",371995,2025-06-17 17:17:59,42.4254684448242,-8.88144874572754,"Female"
"9004154",371995,2025-06-17 17:23:01,42.4225730895996,-8.87833404541016,"Female"
"9004154",371995,2025-06-17 17:28:05,42.4224662780762,-8.87832355499268,"Female"
"9004154",371995,2025-06-17 17:33:04,42.4225997924805,-8.87842464447021,"Female"
"9004154",371995,2025-06-17 17:38:06,42.4224014282227,-8.87813949584961,"Female"
"9004154",371995,2025-06-17 17:43:13,42.4227752685547,-8.87834453582764,"Female"
"9004154",371995,2025-06-17 17:48:05,42.4227523803711,-8.87841606140137,"Female"
"9004154",371995,2025-06-17 17:52:59,42.422492980957,-8.87835025787354,"Female"
"9004154",371995,2025-06-17 17:58:01,42.4227752685547,-8.87832927703857,"Female"
"9004154",371995,2025-06-17 18:03:08,42.4225463867188,-8.87839889526367,"Female"
"9004154",371995,2025-06-17 18:08:04,42.4225158691406,-8.87846755981445,"Female"
"9004154",371995,2025-06-17 18:13:07,42.4224281311035,-8.87843990325928,"Female"
"9004154",371995,2025-06-17 18:18:06,42.4227523803711,-8.87846183776855,"Female"
"9004154",371995,2025-06-17 18:23:31,42.4225997924805,-8.87842464447021,"Female"
"9004154",371995,2025-06-17 18:28:14,42.4225006103516,-8.87848854064941,"Female"
"9004154",371995,2025-06-17 18:32:57,42.422420501709,-8.87857055664062,"Female"
"9004154",371995,2025-06-17 18:38:00,42.4223251342773,-8.87838363647461,"Female"
"9004154",371995,2025-06-17 18:42:58,42.4226036071777,-8.87845230102539,"Female"
"9004154",371995,2025-06-17 18:48:14,42.4226264953613,-8.87846851348877,"Female"
"9004154",371995,2025-06-17 18:53:00,42.4225234985352,-8.87855529785156,"Female"
"9004154",371995,2025-06-17 18:58:01,42.4226684570312,-8.87841320037842,"Female"
"9004154",371995,2025-06-17 19:02:57,42.4226188659668,-8.87827396392822,"Female"
"9004154",371995,2025-06-17 19:07:57,42.4227104187012,-8.87841796875,"Female"
"9004154",371995,2025-06-17 19:12:57,42.4227333068848,-8.87847518920898,"Female"
"9004154",371995,2025-06-17 19:17:57,42.4225883483887,-8.87866020202637,"Female"
"9004154",371995,2025-06-17 19:22:58,42.4226455688477,-8.8785457611084,"Female"
"9004154",371995,2025-06-17 19:28:01,42.4227256774902,-8.87846374511719,"Female"
"9004154",371995,2025-06-17 19:33:00,42.4224891662598,-8.87861442565918,"Female"
"9004154",371995,2025-06-17 19:38:07,42.4227676391602,-8.87843322753906,"Female"
"9004154",371995,2025-06-17 19:43:00,42.4227638244629,-8.87845134735107,"Female"
"9004154",371995,2025-06-17 19:48:35,42.4226837158203,-8.87851905822754,"Female"
"9004154",371995,2025-06-17 19:53:11,42.4226684570312,-8.87849903106689,"Female"
"9004154",371995,2025-06-17 19:57:59,42.4227027893066,-8.87864685058594,"Female"
"9004154",371995,2025-06-17 20:02:58,42.4225616455078,-8.87856674194336,"Female"
"9004154",371995,2025-06-17 20:07:57,42.4226951599121,-8.87857913970947,"Female"
"9004154",371995,2025-06-17 20:12:57,42.4228172302246,-8.87826728820801,"Female"
"9004154",371995,2025-06-17 20:17:57,42.4227142333984,-8.87843418121338,"Female"
"9004154",371995,2025-06-17 20:22:57,42.4227981567383,-8.87847900390625,"Female"
"9004154",371995,2025-06-17 20:27:58,42.422664642334,-8.87836265563965,"Female"
"9004154",371995,2025-06-17 20:32:58,42.4232063293457,-8.87915134429932,"Female"
"9004154",371995,2025-06-17 20:37:58,42.4225540161133,-8.87850856781006,"Female"
"9004154",371995,2025-06-17 20:42:58,42.4225463867188,-8.87847328186035,"Female"
"9004154",371995,2025-06-17 20:48:14,42.4224815368652,-8.87857246398926,"Female"
"9004154",371995,2025-06-17 20:53:04,42.4224395751953,-8.87872982025146,"Female"
"9004154",371995,2025-06-17 20:58:10,42.4222412109375,-8.87861919403076,"Female"
"9004154",371995,2025-06-17 21:03:33,42.4224243164062,-8.87861919403076,"Female"
"9004154",371995,2025-06-17 21:07:59,42.4224166870117,-8.87862396240234,"Female"
"9004154",371995,2025-06-17 21:13:05,42.4225387573242,-8.87855625152588,"Female"
"9004154",371995,2025-06-17 21:18:21,42.4225845336914,-8.87847137451172,"Female"
"9004154",371995,2025-06-17 21:23:05,42.4226493835449,-8.87848377227783,"Female"
"9004154",371995,2025-06-17 21:28:06,42.4226036071777,-8.87844181060791,"Female"
"9004154",371995,2025-06-17 21:32:57,42.4227561950684,-8.87822437286377,"Female"
"9004154",371995,2025-06-17 21:37:59,42.4226913452148,-8.87833786010742,"Female"
"9004154",371995,2025-06-17 21:42:58,42.4225692749023,-8.87824630737305,"Female"
"9004154",371995,2025-06-17 21:48:44,42.4226264953613,-8.87841701507568,"Female"
"9004154",371995,2025-06-17 21:52:57,42.4225234985352,-8.87837886810303,"Female"
"9004154",371995,2025-06-17 21:57:59,42.4227180480957,-8.87840557098389,"Female"
"9004154",371995,2025-06-17 22:02:57,42.4227180480957,-8.87834453582764,"Female"
"9004154",371995,2025-06-17 22:08:06,42.4225730895996,-8.87828636169434,"Female"
"9004154",371995,2025-06-17 22:12:59,42.4226379394531,-8.87841796875,"Female"
"9004154",371995,2025-06-17 22:17:57,42.4226570129395,-8.87846088409424,"Female"
"9004154",371995,2025-06-17 22:22:57,42.4227676391602,-8.87845420837402,"Female"
"9004154",371995,2025-06-17 22:27:57,42.4226226806641,-8.87845611572266,"Female"
"9004154",371995,2025-06-17 22:32:58,42.4226341247559,-8.87851047515869,"Female"
"9004154",371995,2025-06-17 22:37:57,42.4226531982422,-8.87838745117188,"Female"
"9004154",371995,2025-06-17 22:42:57,42.4226951599121,-8.87844181060791,"Female"
"9004154",371995,2025-06-17 22:47:57,42.4225845336914,-8.87847518920898,"Female"
"9004154",371995,2025-06-17 22:53:01,42.4226303100586,-8.87838649749756,"Female"
"9004154",371995,2025-06-17 22:57:58,42.4226837158203,-8.87845420837402,"Female"
"9004154",371995,2025-06-17 23:03:01,42.4225921630859,-8.87831401824951,"Female"
"9004154",371995,2025-06-17 23:07:59,42.4225959777832,-8.87835311889648,"Female"
"9004154",371995,2025-06-17 23:12:59,42.4225425720215,-8.8784818649292,"Female"
"9004154",371995,2025-06-17 23:18:04,42.4226226806641,-8.87834644317627,"Female"
"9004154",371995,2025-06-17 23:23:04,42.4226112365723,-8.87845802307129,"Female"
"9004154",371995,2025-06-17 23:28:06,42.4225311279297,-8.87838172912598,"Female"
"9004154",371995,2025-06-17 23:33:07,42.4225883483887,-8.8783073425293,"Female"
"9004154",371995,2025-06-17 23:38:11,42.4225616455078,-8.87828636169434,"Female"
"9004154",371995,2025-06-17 23:43:07,42.4225883483887,-8.87827777862549,"Female"
"9004154",371995,2025-06-17 23:48:07,42.4225959777832,-8.87838649749756,"Female"
"9004154",371995,2025-06-17 23:53:07,42.4225654602051,-8.87830352783203,"Female"
"9004154",371995,2025-06-17 23:58:53,42.4226684570312,-8.87843799591064,"Female"
"9004154",371995,2025-06-18 00:03:07,42.4227294921875,-8.87841796875,"Female"
"9004154",371995,2025-06-18 00:07:57,42.4226379394531,-8.87842178344727,"Female"
"9004154",371995,2025-06-18 00:13:00,42.4228096008301,-8.87849140167236,"Female"
"9004154",371995,2025-06-18 00:17:57,42.4228363037109,-8.87845325469971,"Female"
"9004154",371995,2025-06-18 00:22:58,42.4223976135254,-8.87835025787354,"Female"
"9004154",371995,2025-06-18 00:27:59,42.4225311279297,-8.87820911407471,"Female"
"9004154",371995,2025-06-18 00:33:00,42.4227104187012,-8.8784065246582,"Female"
"9004154",371995,2025-06-18 00:38:07,42.4229049682617,-8.87839126586914,"Female"
"9004154",371995,2025-06-18 00:43:04,42.422794342041,-8.87848472595215,"Female"
"9004154",371995,2025-06-18 00:48:10,42.423023223877,-8.87836742401123,"Female"
"9004154",371995,2025-06-18 00:53:10,42.4228706359863,-8.8784351348877,"Female"
"9004154",371995,2025-06-18 00:57:58,42.4228553771973,-8.87846374511719,"Female"
"9004154",371995,2025-06-18 01:02:59,42.4229850769043,-8.87827491760254,"Female"
"9004154",371995,2025-06-18 01:08:01,42.4228172302246,-8.87858486175537,"Female"
"9004154",371995,2025-06-18 01:13:00,42.4228363037109,-8.87827682495117,"Female"
"9004154",371995,2025-06-18 01:18:07,42.4225845336914,-8.87840938568115,"Female"
"9004154",371995,2025-06-18 01:23:00,42.4228782653809,-8.87831497192383,"Female"
"9004154",371995,2025-06-18 01:28:01,42.4228324890137,-8.87842082977295,"Female"
"9004154",371995,2025-06-18 01:33:01,42.4228630065918,-8.87801361083984,"Female"
"9004154",371995,2025-06-18 01:37:58,42.4229469299316,-8.87813568115234,"Female"
"9004154",371995,2025-06-18 01:42:58,42.4231262207031,-8.87808322906494,"Female"
"9004154",371995,2025-06-18 01:48:15,42.4230422973633,-8.87811374664307,"Female"
"9004154",371995,2025-06-18 01:53:07,42.4229583740234,-8.87814617156982,"Female"
"9004154",371995,2025-06-18 01:58:07,42.4227905273438,-8.87819194793701,"Female"
"9004154",371995,2025-06-18 02:03:07,42.4227561950684,-8.87819004058838,"Female"
"9004154",371995,2025-06-18 02:08:14,42.4224739074707,-8.87809276580811,"Female"
"9004154",371995,2025-06-18 02:13:32,42.4223899841309,-8.87823867797852,"Female"
"9004154",371995,2025-06-18 02:17:59,42.4226989746094,-8.87836074829102,"Female"
"9004154",371995,2025-06-18 02:23:01,42.4226875305176,-8.87829113006592,"Female"
"9004154",371995,2025-06-18 02:27:59,42.4227638244629,-8.87848663330078,"Female"
"9004154",371995,2025-06-18 02:33:00,42.4225311279297,-8.87825679779053,"Female"
"9004154",371995,2025-06-18 02:37:58,42.4227066040039,-8.87825584411621,"Female"
"9004154",371995,2025-06-18 02:42:58,42.4228134155273,-8.87808704376221,"Female"
"9004154",371995,2025-06-18 02:47:59,42.4227409362793,-8.87825679779053,"Female"
"9004154",371995,2025-06-18 02:53:02,42.4227828979492,-8.87837696075439,"Female"
"9004154",371995,2025-06-18 02:57:58,42.4230499267578,-8.87833499908447,"Female"
"9004154",371995,2025-06-18 03:03:00,42.4228477478027,-8.87811470031738,"Female"
"9004154",371995,2025-06-18 03:07:58,42.4230422973633,-8.8779764175415,"Female"
"9004154",371995,2025-06-18 03:12:59,42.4227409362793,-8.87912082672119,"Female"
"9004154",371995,2025-06-18 03:18:14,42.4226951599121,-8.87837219238281,"Female"
"9004154",371995,2025-06-18 03:22:58,42.4228591918945,-8.87842845916748,"Female"
"9004154",371995,2025-06-18 03:28:02,42.4227638244629,-8.87849521636963,"Female"
"9004154",371995,2025-06-18 03:32:58,42.4228057861328,-8.87832546234131,"Female"
"9004154",371995,2025-06-18 03:38:35,42.4227066040039,-8.87839317321777,"Female"
"9004154",371995,2025-06-18 03:42:59,42.4227066040039,-8.87740325927734,"Female"
"9004154",371995,2025-06-18 03:47:58,42.4225273132324,-8.87834358215332,"Female"
"9004154",371995,2025-06-18 03:52:58,42.4225273132324,-8.87889099121094,"Female"
"9004154",371995,2025-06-18 03:58:08,42.4225540161133,-8.87851524353027,"Female"
"9004154",371995,2025-06-18 04:02:59,42.4225921630859,-8.87856864929199,"Female"
"9004154",371995,2025-06-18 04:07:58,42.4228248596191,-8.87818241119385,"Female"
"9004154",371995,2025-06-18 04:12:58,42.4225883483887,-8.8785982131958,"Female"
"9004154",371995,2025-06-18 04:17:58,42.422420501709,-8.87899875640869,"Female"
"9004154",371995,2025-06-18 04:22:59,42.4225654602051,-8.87843036651611,"Female"
"9004154",371995,2025-06-18 04:27:58,42.422435760498,-8.87882900238037,"Female"
"9004154",371995,2025-06-18 04:33:00,42.4224052429199,-8.87852191925049,"Female"
"9004154",371995,2025-06-18 04:38:06,42.4225463867188,-8.87847805023193,"Female"
"9004154",371995,2025-06-18 04:43:01,42.4225921630859,-8.87782573699951,"Female"
"9004154",371995,2025-06-18 04:48:14,42.4225616455078,-8.8784065246582,"Female"
"9004154",371995,2025-06-18 04:52:59,42.4226570129395,-8.87734127044678,"Female"
"9004154",371995,2025-06-18 04:58:04,42.4226455688477,-8.87776947021484,"Female"
"9004154",371995,2025-06-18 05:02:59,42.4227180480957,-8.87749099731445,"Female"
"9004154",371995,2025-06-18 05:07:59,42.4226341247559,-8.87749767303467,"Female"
"9004154",371995,2025-06-18 05:13:04,42.4226036071777,-8.87758827209473,"Female"
"9004154",371995,2025-06-18 05:18:07,42.4226531982422,-8.87736225128174,"Female"
"9004154",371995,2025-06-18 05:22:59,42.4227256774902,-8.8775806427002,"Female"
"9004154",371995,2025-06-18 05:28:02,42.4225616455078,-8.87747478485107,"Female"
"9004154",371995,2025-06-18 05:33:07,42.4226112365723,-8.87734031677246,"Female"
"9004154",371995,2025-06-18 05:38:07,42.4226226806641,-8.87736988067627,"Female"
"9004154",371995,2025-06-18 05:43:08,42.4226188659668,-8.87739276885986,"Female"
"9004154",371995,2025-06-18 05:48:07,42.4223861694336,-8.87817859649658,"Female"
"9004154",371995,2025-06-18 05:54:21,42.4230499267578,-8.8784704208374,"Female"
"9004154",371995,2025-06-18 05:58:29,42.4228057861328,-8.87854099273682,"Female"
"9004154",371995,2025-06-18 06:02:59,42.4227828979492,-8.87837696075439,"Female"
"9004154",371995,2025-06-18 06:07:58,42.4227600097656,-8.87822914123535,"Female"
"9004154",371995,2025-06-18 06:13:39,42.4376029968262,-8.87549209594727,"Female"
"9004154",371995,2025-06-18 06:18:57,42.4374618530273,-8.8750171661377,"Female"
"9004154",371995,2025-06-18 06:24:11,42.437313079834,-8.87547969818115,"Female"
"9004154",371995,2025-06-18 06:30:02,42.4370803833008,-8.87512969970703,"Female"
"9004154",371995,2025-06-18 06:35:27,42.4372138977051,-8.8755931854248,"Female"
"9004154",371995,2025-06-18 06:41:24,42.437427520752,-8.87585830688477,"Female"
"9004154",371995,2025-06-18 06:47:12,42.4383735656738,-8.87504386901855,"Female"
"9004154",371995,2025-06-18 06:52:13,42.4380035400391,-8.87345600128174,"Female"
"9004154",371995,2025-06-18 06:57:12,42.4379730224609,-8.87338447570801,"Female"
"9004154",371995,2025-06-18 07:02:11,42.4381561279297,-8.8733081817627,"Female"
"9004154",371995,2025-06-18 07:07:11,42.4382438659668,-8.8733434677124,"Female"
"9004154",371995,2025-06-18 07:12:11,42.4420890808105,-8.87493801116943,"Female"
"9004154",371995,2025-06-18 07:17:11,42.443244934082,-8.87630271911621,"Female"
"9004154",371995,2025-06-18 07:22:11,42.438346862793,-8.87295532226562,"Female"
"9004154",371995,2025-06-18 07:27:19,42.4382057189941,-8.87237739562988,"Female"
"9004154",371995,2025-06-18 07:32:39,42.4374084472656,-8.87240886688232,"Female"
"9004154",371995,2025-06-18 07:37:43,42.4370918273926,-8.87370586395264,"Female"
"9004154",371995,2025-06-18 07:42:43,42.4373741149902,-8.87444591522217,"Female"
"9004154",371995,2025-06-18 07:48:25,42.4374465942383,-8.87526226043701,"Female"
"9004154",371995,2025-06-18 07:53:57,42.4371147155762,-8.87525272369385,"Female"
"9004154",371995,2025-06-18 07:59:00,42.4374847412109,-8.87529182434082,"Female"
"9004154",371995,2025-06-18 08:04:14,42.4373512268066,-8.87498569488525,"Female"
"9004154",371995,2025-06-18 08:09:14,42.4377784729004,-8.87352561950684,"Female"
"9004154",371995,2025-06-18 08:14:14,42.4378089904785,-8.87363529205322,"Female"
"9004154",371995,2025-06-18 08:19:14,42.4377365112305,-8.87356472015381,"Female"
"9004154",371995,2025-06-18 08:24:15,42.437816619873,-8.87357330322266,"Female"
"9004154",371995,2025-06-18 08:29:14,42.437801361084,-8.87365341186523,"Female"
"9004154",371995,2025-06-18 08:34:14,42.4377632141113,-8.87359809875488,"Female"
"9004154",371995,2025-06-18 08:39:15,42.4377212524414,-8.87357807159424,"Female"
"9004154",371995,2025-06-18 08:44:14,42.4377365112305,-8.87365436553955,"Female"
"9004154",371995,2025-06-18 08:49:14,42.4377326965332,-8.87360572814941,"Female"
"9004154",371995,2025-06-18 08:54:14,42.437931060791,-8.8737325668335,"Female"
"9004154",371995,2025-06-18 08:59:14,42.4379577636719,-8.87370014190674,"Female"
"9004154",371995,2025-06-18 09:04:14,42.4384384155273,-8.87393951416016,"Female"
"9004154",371995,2025-06-18 09:09:14,42.4382972717285,-8.87385654449463,"Female"
"9004154",371995,2025-06-18 09:14:14,42.4379768371582,-8.87355613708496,"Female"
"9004154",371995,2025-06-18 09:19:15,42.4381828308105,-8.87378883361816,"Female"
"9004154",371995,2025-06-18 09:24:16,42.4381103515625,-8.87374973297119,"Female"
"9004154",371995,2025-06-18 09:29:16,42.4379234313965,-8.87353706359863,"Female"
"9004154",371995,2025-06-18 09:34:15,42.4376678466797,-8.87390995025635,"Female"
"9004154",371995,2025-06-18 09:39:14,42.4372100830078,-8.87447357177734,"Female"
"9004154",371995,2025-06-18 09:44:15,42.437442779541,-8.87508201599121,"Female"
"9004154",371995,2025-06-18 09:49:15,42.4382667541504,-8.87587738037109,"Female"
"9004154",371995,2025-06-18 10:04:27,42.4405364990234,-8.87587547302246,"Female"
"9004154",371995,2025-06-18 10:09:29,42.4372520446777,-8.87761116027832,"Female"
"9004154",371995,2025-06-18 10:14:27,42.4373931884766,-8.87752532958984,"Female"
"9004154",371995,2025-06-18 10:19:30,42.4373207092285,-8.87756824493408,"Female"
"9004154",371995,2025-06-18 10:24:26,42.437442779541,-8.87754535675049,"Female"
"9004154",371995,2025-06-18 10:29:27,42.4374351501465,-8.87752056121826,"Female"
"9004154",371995,2025-06-18 10:34:27,42.4375267028809,-8.87741565704346,"Female"
"9004154",371995,2025-06-18 10:39:27,42.4375114440918,-8.87737655639648,"Female"
"9004154",371995,2025-06-18 10:44:27,42.4375305175781,-8.87746906280518,"Female"
"9004154",371995,2025-06-18 10:49:26,42.4375534057617,-8.8774356842041,"Female"
"9004154",371995,2025-06-18 10:54:29,42.4375381469727,-8.87744140625,"Female"
"9004154",371995,2025-06-18 10:59:28,42.4376068115234,-8.87741851806641,"Female"
"9004154",371995,2025-06-18 11:04:26,42.4375801086426,-8.87741088867188,"Female"
"9004154",371995,2025-06-18 11:09:26,42.437442779541,-8.87735366821289,"Female"
"9004154",371995,2025-06-18 11:14:28,42.4373970031738,-8.87740135192871,"Female"
"9004154",371995,2025-06-18 11:19:29,42.4374389648438,-8.87736511230469,"Female"
"9004154",371995,2025-06-18 11:24:26,42.4374198913574,-8.87733936309814,"Female"
"9004154",371995,2025-06-18 11:29:26,42.4373817443848,-8.87738227844238,"Female"
"9004154",371995,2025-06-18 11:34:25,42.4375038146973,-8.87624835968018,"Female"
"9004154",371995,2025-06-18 11:55:38,42.4429817199707,-8.87441635131836,"Female"
"9004154",371995,2025-06-18 12:00:35,42.4372901916504,-8.87749862670898,"Female"
"9004154",371995,2025-06-18 12:05:35,42.4372673034668,-8.87749671936035,"Female"
"9004154",371995,2025-06-18 12:10:35,42.437328338623,-8.87748908996582,"Female"
"9004154",371995,2025-06-18 12:15:35,42.4373626708984,-8.87750816345215,"Female"
"9004154",371995,2025-06-18 12:20:35,42.4373741149902,-8.87746238708496,"Female"
"9004154",371995,2025-06-18 12:25:35,42.4373512268066,-8.87752628326416,"Female"
"9004154",371995,2025-06-18 12:30:35,42.4373588562012,-8.87740898132324,"Female"
"9004154",371995,2025-06-18 12:43:38,42.4382972717285,-8.87579917907715,"Female"
"9004154",371995,2025-06-18 12:48:36,42.4372329711914,-8.87546920776367,"Female"
"9004154",371995,2025-06-18 12:53:34,42.4374351501465,-8.87750720977783,"Female"
"9004154",371995,2025-06-18 12:58:35,42.4371948242188,-8.87755393981934,"Female"
"9004154",371995,2025-06-18 13:03:35,42.4375343322754,-8.87758159637451,"Female"
"9004154",371995,2025-06-18 13:08:34,42.4382133483887,-8.877760887146,"Female"
"9004154",371995,2025-06-18 13:13:35,42.4380722045898,-8.87773036956787,"Female"
"9004154",371995,2025-06-18 13:18:35,42.4377708435059,-8.87771701812744,"Female"
"9004154",371995,2025-06-18 13:23:34,42.4374847412109,-8.87765026092529,"Female"
"9004154",371995,2025-06-18 13:28:34,42.4376106262207,-8.87771701812744,"Female"
"9004154",371995,2025-06-18 13:33:35,42.437427520752,-8.87760925292969,"Female"
"9004154",371995,2025-06-18 13:38:36,42.4373359680176,-8.87761116027832,"Female"
"9004154",371995,2025-06-18 13:43:34,42.4373016357422,-8.8776159286499,"Female"
"9004154",371995,2025-06-18 13:48:36,42.4373359680176,-8.87757587432861,"Female"
"9004154",371995,2025-06-18 13:53:36,42.4372673034668,-8.87755489349365,"Female"
"9004154",371995,2025-06-18 13:58:36,42.4372901916504,-8.87759685516357,"Female"
"9004154",371995,2025-06-18 14:03:36,42.4372711181641,-8.87760543823242,"Female"
"9004154",371995,2025-06-18 14:08:36,42.4372863769531,-8.87757682800293,"Female"
"9004154",371995,2025-06-18 14:13:35,42.4372749328613,-8.87760257720947,"Female"
"9004154",371995,2025-06-18 14:18:36,42.4373359680176,-8.87755298614502,"Female"
"9004154",371995,2025-06-18 14:23:36,42.4377174377441,-8.87558937072754,"Female"
"9004154",371995,2025-06-18 14:28:36,42.4390754699707,-8.87598991394043,"Female"
"9004154",371995,2025-06-18 14:33:36,42.4404525756836,-8.87613868713379,"Female"
"9004154",371995,2025-06-18 14:38:52,42.4384155273438,-8.87603664398193,"Female"
"9004154",371995,2025-06-18 14:43:50,42.4382553100586,-8.87487316131592,"Female"
"9004154",371995,2025-06-18 14:48:52,42.4382438659668,-8.87637805938721,"Female"
"9004154",371995,2025-06-18 14:54:36,42.4366683959961,-8.87546539306641,"Female"
"9004154",371995,2025-06-18 14:59:42,42.4360618591309,-8.87467765808105,"Female"
"9004154",371995,2025-06-18 15:04:37,42.4374732971191,-8.87747955322266,"Female"
"9004154",371995,2025-06-18 15:09:37,42.4372406005859,-8.87726402282715,"Female"
"9004154",371995,2025-06-18 15:14:35,42.4373016357422,-8.87741565704346,"Female"
"9004154",371995,2025-06-18 15:19:36,42.4372596740723,-8.87736701965332,"Female"
"9004154",371995,2025-06-18 15:24:36,42.4372596740723,-8.87735652923584,"Female"
"9004154",371995,2025-06-18 15:29:36,42.4372444152832,-8.87732791900635,"Female"
"9004154",371995,2025-06-18 15:34:36,42.4372138977051,-8.87732219696045,"Female"
"9004154",371995,2025-06-18 15:39:37,42.4370994567871,-8.87765789031982,"Female"
"9004154",371995,2025-06-18 15:44:36,42.4372749328613,-8.87723731994629,"Female"
"9004154",371995,2025-06-18 15:49:36,42.4372100830078,-8.87752056121826,"Female"
"9004154",371995,2025-06-18 15:54:39,42.4371757507324,-8.87744522094727,"Female"
"9004154",371995,2025-06-18 15:59:38,42.4370803833008,-8.87740039825439,"Female"
"9004154",371995,2025-06-18 16:04:36,42.437328338623,-8.8771276473999,"Female"
"9004154",371995,2025-06-18 16:09:36,42.4373092651367,-8.87710857391357,"Female"
"9004154",371995,2025-06-18 16:14:37,42.4374122619629,-8.87703514099121,"Female"
"9004154",371995,2025-06-18 16:19:37,42.4373817443848,-8.87707901000977,"Female"
"9004154",371995,2025-06-18 16:24:37,42.4372863769531,-8.8773717880249,"Female"
"9004154",371995,2025-06-18 16:29:36,42.4373550415039,-8.87747192382812,"Female"
"9004154",371995,2025-06-18 16:34:36,42.4378662109375,-8.8748950958252,"Female"
"9004154",371995,2025-06-18 16:39:36,42.4377288818359,-8.87421607971191,"Female"
"9004154",371995,2025-06-18 16:44:36,42.4378929138184,-8.87324047088623,"Female"
"9004154",371995,2025-06-18 16:49:37,42.4382171630859,-8.87339401245117,"Female"
"9004154",371995,2025-06-18 16:54:37,42.4381484985352,-8.87325763702393,"Female"
"9004154",371995,2025-06-18 16:59:37,42.4380912780762,-8.87334156036377,"Female"
"9004154",371995,2025-06-18 17:04:36,42.4380569458008,-8.87336349487305,"Female"
"9004154",371995,2025-06-18 17:09:36,42.4382476806641,-8.87322044372559,"Female"
"9004154",371995,2025-06-18 17:14:37,42.4382209777832,-8.87320899963379,"Female"
"9004154",371995,2025-06-18 17:19:35,42.4380950927734,-8.87336540222168,"Female"
"9004154",371995,2025-06-18 17:24:37,42.4393730163574,-8.87303924560547,"Female"
"9004154",371995,2025-06-18 17:30:17,42.4397621154785,-8.87330436706543,"Female"
"9004154",371995,2025-06-18 17:35:46,42.4411239624023,-8.87398242950439,"Female"
"9004154",371995,2025-06-18 17:40:53,42.4400100708008,-8.87502956390381,"Female"
"9004154",371995,2025-06-18 17:46:12,42.4390296936035,-8.87457752227783,"Female"
"9004154",371995,2025-06-18 17:51:49,42.4380760192871,-8.87511444091797,"Female"
"9004154",371995,2025-06-18 17:57:33,42.4373397827148,-8.87523460388184,"Female"
"9004154",371995,2025-06-18 18:02:59,42.4368438720703,-8.87405967712402,"Female"
"9004154",371995,2025-06-18 18:08:01,42.4370040893555,-8.87273025512695,"Female"
"9004154",371995,2025-06-18 18:13:05,42.437126159668,-8.87269401550293,"Female"
"9004154",371995,2025-06-18 18:18:11,42.4371223449707,-8.87375640869141,"Female"
"9004154",371995,2025-06-18 18:23:11,42.4378890991211,-8.87310409545898,"Female"
"9004154",371995,2025-06-18 18:28:12,42.4379692077637,-8.87323093414307,"Female"
"9004154",371995,2025-06-18 18:33:11,42.4382743835449,-8.8735523223877,"Female"
"9004154",371995,2025-06-18 18:38:13,42.4384994506836,-8.87362480163574,"Female"
"9004154",371995,2025-06-18 18:43:11,42.4380340576172,-8.87316036224365,"Female"
"9004154",371995,2025-06-18 18:48:57,42.4372634887695,-8.87296485900879,"Female"
"9004154",371995,2025-06-18 18:55:38,42.4378280639648,-8.87178134918213,"Female"
"9004154",371995,2025-06-18 19:02:46,42.4397926330566,-8.87279033660889,"Female"
"9004154",371995,2025-06-18 19:08:16,42.4408912658691,-8.87335968017578,"Female"
"9004154",371995,2025-06-18 19:13:17,42.4229316711426,-8.87761306762695,"Female"
"9004154",371995,2025-06-18 19:18:17,42.4230995178223,-8.87800407409668,"Female"
"9004154",371995,2025-06-18 19:23:25,42.4218101501465,-8.87802696228027,"Female"
"9004154",371995,2025-06-18 19:28:18,42.421932220459,-8.87828540802002,"Female"
"9004154",371995,2025-06-18 19:33:17,42.4212532043457,-8.87816619873047,"Female"
"9004154",371995,2025-06-18 19:38:24,42.4222946166992,-8.87816715240479,"Female"
"9004154",371995,2025-06-18 19:43:18,42.4217758178711,-8.87683200836182,"Female"
"9004154",371995,2025-06-18 19:48:18,42.4227600097656,-8.87860679626465,"Female"
"9004154",371995,2025-06-18 19:53:32,42.4213256835938,-8.87824630737305,"Female"
"9004154",371995,2025-06-18 19:58:19,42.4220771789551,-8.8784065246582,"Female"
"9004154",371995,2025-06-18 20:03:24,42.4219589233398,-8.87830924987793,"Female"
"9004154",371995,2025-06-18 20:08:16,42.4217872619629,-8.87881278991699,"Female"
"9004154",371995,2025-06-18 20:13:16,42.4229393005371,-8.8781213760376,"Female"
"9004154",371995,2025-06-18 20:18:17,42.4229965209961,-8.87796688079834,"Female"
"9004154",371995,2025-06-18 20:23:16,42.4234352111816,-8.87771511077881,"Female"
"9004154",371995,2025-06-18 20:28:16,42.423225402832,-8.87784957885742,"Female"
"9004154",371995,2025-06-18 20:33:17,42.4232864379883,-8.87789916992188,"Female"
"9004154",371995,2025-06-18 20:38:16,42.4234352111816,-8.87781810760498,"Female"
"9004154",371995,2025-06-18 20:43:16,42.4231147766113,-8.87802028656006,"Female"
"9004154",371995,2025-06-18 20:48:16,42.4232978820801,-8.8778657913208,"Female"
"9004154",371995,2025-06-18 20:53:17,42.4231185913086,-8.87801933288574,"Female"
"9004154",371995,2025-06-18 20:58:16,42.4230499267578,-8.87804222106934,"Female"
"9004154",371995,2025-06-18 21:03:16,42.4229850769043,-8.87809181213379,"Female"
"9004154",371995,2025-06-18 21:08:18,42.4229583740234,-8.87814426422119,"Female"
"9004154",371995,2025-06-18 21:13:18,42.423038482666,-8.87801170349121,"Female"
"9004154",371995,2025-06-18 21:18:16,42.4229774475098,-8.87811660766602,"Female"
"9004154",371995,2025-06-18 21:23:16,42.4231262207031,-8.87803077697754,"Female"
"9004154",371995,2025-06-18 21:28:17,42.4229393005371,-8.87813186645508,"Female"
"9004154",371995,2025-06-18 21:33:23,42.4225730895996,-8.87841129302979,"Female"
"9004154",371995,2025-06-18 21:38:16,42.422492980957,-8.878342628479,"Female"
"9004154",371995,2025-06-18 21:43:16,42.4227828979492,-8.8777322769165,"Female"
"9004154",371995,2025-06-18 21:48:17,42.4223480224609,-8.87888431549072,"Female"
"9004154",371995,2025-06-18 21:53:29,42.4229011535645,-8.87856006622314,"Female"
"9004154",371995,2025-06-18 21:58:16,42.4226837158203,-8.8788890838623,"Female"
"9004154",371995,2025-06-18 22:03:16,42.4229850769043,-8.87882518768311,"Female"
"9004154",371995,2025-06-18 22:08:16,42.4227638244629,-8.87873935699463,"Female"
"9004154",371995,2025-06-18 22:13:16,42.4227638244629,-8.87879753112793,"Female"
"9004154",371995,2025-06-18 22:18:17,42.4228744506836,-8.87854671478271,"Female"
"9004154",371995,2025-06-18 22:23:16,42.4226570129395,-8.87859916687012,"Female"
"9004154",371995,2025-06-18 22:28:16,42.4229927062988,-8.87831687927246,"Female"
"9004154",371995,2025-06-18 22:33:16,42.4231758117676,-8.87811088562012,"Female"
"9004154",371995,2025-06-18 22:38:17,42.4229621887207,-8.87811279296875,"Female"
"9004154",371995,2025-06-18 22:43:16,42.4234848022461,-8.87823963165283,"Female"
"9004154",371995,2025-06-18 22:48:19,42.4232482910156,-8.87814331054688,"Female"
"9004154",371995,2025-06-18 22:53:16,42.4229927062988,-8.87818717956543,"Female"
"9004154",371995,2025-06-18 22:58:16,42.4231910705566,-8.87816333770752,"Female"
"9004154",371995,2025-06-18 23:03:16,42.4231033325195,-8.87825107574463,"Female"
"9004154",371995,2025-06-18 23:08:17,42.4229927062988,-8.87823295593262,"Female"
"9004154",371995,2025-06-18 23:13:17,42.4232749938965,-8.87825202941895,"Female"
"9004154",371995,2025-06-18 23:18:18,42.4231185913086,-8.87828254699707,"Female"
"9004154",371995,2025-06-18 23:23:20,42.4235458374023,-8.8781909942627,"Female"
"9004154",371995,2025-06-18 23:28:25,42.4237861633301,-8.87820720672607,"Female"
"9004154",371995,2025-06-18 23:33:21,42.4239349365234,-8.87831783294678,"Female"
"9004154",371995,2025-06-18 23:38:27,42.4239692687988,-8.87842845916748,"Female"
"9004154",371995,2025-06-18 23:43:44,42.4238700866699,-8.87839317321777,"Female"
"9004154",371995,2025-06-18 23:48:16,42.4237594604492,-8.8780517578125,"Female"
"9004154",371995,2025-06-18 23:53:20,42.4238510131836,-8.87859630584717,"Female"
"9004154",371995,2025-06-18 23:58:16,42.4225234985352,-8.87877178192139,"Female"
"9004154",371995,2025-06-19 00:03:17,42.4224052429199,-8.87878704071045,"Female"
"9004154",371995,2025-06-19 00:08:17,42.4225006103516,-8.87864685058594,"Female"
"9004154",371995,2025-06-19 00:13:16,42.4225120544434,-8.87877655029297,"Female"
"9004154",371995,2025-06-19 00:18:16,42.4223785400391,-8.87890243530273,"Female"
"9004154",371995,2025-06-19 00:23:17,42.422435760498,-8.87883281707764,"Female"
"9004154",371995,2025-06-19 00:28:17,42.4223480224609,-8.87890243530273,"Female"
"9004154",371995,2025-06-19 00:33:18,42.4222297668457,-8.87884330749512,"Female"
"9004154",371995,2025-06-19 00:38:28,42.4224166870117,-8.87875461578369,"Female"
"9004154",371995,2025-06-19 00:43:25,42.4225082397461,-8.87865257263184,"Female"
"9004154",371995,2025-06-19 00:48:23,42.4228935241699,-8.87864685058594,"Female"
"9004154",371995,2025-06-19 00:53:22,42.4227752685547,-8.8791561126709,"Female"
"9004154",371995,2025-06-19 00:58:19,42.4225654602051,-8.87854290008545,"Female"
"9004154",371995,2025-06-19 01:03:18,42.4224891662598,-8.87835597991943,"Female"
"9004154",371995,2025-06-19 01:08:21,42.4226150512695,-8.87874698638916,"Female"
"9004154",371995,2025-06-19 01:13:19,42.4227676391602,-8.87874221801758,"Female"
"9004154",371995,2025-06-19 01:18:21,42.4227523803711,-8.87865161895752,"Female"
"9004154",371995,2025-06-19 01:23:25,42.4228477478027,-8.87871074676514,"Female"
"9004154",371995,2025-06-19 01:28:17,42.4226531982422,-8.87847137451172,"Female"
"9004154",371995,2025-06-19 01:33:17,42.4230422973633,-8.87836456298828,"Female"
"9004154",371995,2025-06-19 01:38:17,42.4228172302246,-8.87839126586914,"Female"
"9004154",371995,2025-06-19 01:43:17,42.4228782653809,-8.87836360931396,"Female"
"9004154",371995,2025-06-19 01:48:22,42.4229469299316,-8.87850570678711,"Female"
"9004154",371995,2025-06-19 01:53:22,42.4225654602051,-8.87857341766357,"Female"
"9004154",371995,2025-06-19 01:58:44,42.4229736328125,-8.87840175628662,"Female"
"9004154",371995,2025-06-19 02:03:16,42.4233055114746,-8.87855625152588,"Female"
"9004154",371995,2025-06-19 02:08:16,42.4229965209961,-8.87843322753906,"Female"
"9004154",371995,2025-06-19 02:13:18,42.4230003356934,-8.87868118286133,"Female"
"9004154",371995,2025-06-19 02:18:16,42.4227714538574,-8.87870693206787,"Female"
"9004154",371995,2025-06-19 02:23:18,42.4229049682617,-8.87883758544922,"Female"
"9004154",371995,2025-06-19 02:28:18,42.4233131408691,-8.87847137451172,"Female"
"9004154",371995,2025-06-19 02:33:22,42.4225082397461,-8.87888050079346,"Female"
"9004154",371995,2025-06-19 02:38:21,42.4223289489746,-8.87888336181641,"Female"
"9004154",371995,2025-06-19 02:43:18,42.4222412109375,-8.87865543365479,"Female"
"9004154",371995,2025-06-19 02:48:22,42.4226379394531,-8.87884330749512,"Female"
"9004154",371995,2025-06-19 02:53:26,42.4226379394531,-8.87879085540771,"Female"
"9004154",371995,2025-06-19 02:58:22,42.4217147827148,-8.87830638885498,"Female"
"9004154",371995,2025-06-19 03:03:18,42.4230728149414,-8.8784875869751,"Female"
"9004154",371995,2025-06-19 03:08:18,42.422981262207,-8.87833595275879,"Female"
"9004154",371995,2025-06-19 03:13:17,42.4234657287598,-8.87788105010986,"Female"
"9004154",371995,2025-06-19 03:18:17,42.4234008789062,-8.87751960754395,"Female"
"9004154",371995,2025-06-19 03:23:17,42.4234161376953,-8.87737655639648,"Female"
"9004154",371995,2025-06-19 03:28:18,42.4236145019531,-8.87731647491455,"Female"
"9004154",371995,2025-06-19 03:33:18,42.4234619140625,-8.87753868103027,"Female"
"9004154",371995,2025-06-19 03:38:19,42.4235610961914,-8.87880611419678,"Female"
"9004154",371995,2025-06-19 03:43:22,42.4235305786133,-8.87871837615967,"Female"
"9004154",371995,2025-06-19 03:48:22,42.4235153198242,-8.8787670135498,"Female"
"9004154",371995,2025-06-19 03:53:24,42.4235610961914,-8.87862586975098,"Female"
"9004154",371995,2025-06-19 03:58:24,42.4235649108887,-8.87866592407227,"Female"
"9004154",371995,2025-06-19 04:03:24,42.4235038757324,-8.87863349914551,"Female"
"9004154",371995,2025-06-19 04:08:24,42.423469543457,-8.87859344482422,"Female"
"9004154",371995,2025-06-19 04:14:05,42.4225120544434,-8.87839508056641,"Female"
"9004154",371995,2025-06-19 04:18:15,42.4224853515625,-8.87876415252686,"Female"
"9004154",371995,2025-06-19 04:23:16,42.422664642334,-8.87830257415771,"Female"
"9004154",371995,2025-06-19 04:28:18,42.4224853515625,-8.87864971160889,"Female"
"9004154",371995,2025-06-19 04:33:18,42.4229431152344,-8.87818622589111,"Female"
"9004154",371995,2025-06-19 04:38:17,42.4228744506836,-8.878249168396,"Female"
"9004154",371995,2025-06-19 04:43:16,42.4228057861328,-8.87838745117188,"Female"
"9004154",371995,2025-06-19 04:48:43,42.422534942627,-8.87849140167236,"Female"
"9004154",371995,2025-06-19 04:53:17,42.4226150512695,-8.8781156539917,"Female"
"9004154",371995,2025-06-19 04:58:19,42.4226036071777,-8.87851238250732,"Female"
"9004154",371995,2025-06-19 05:03:19,42.4227333068848,-8.87840366363525,"Female"
"9004154",371995,2025-06-19 05:08:16,42.422721862793,-8.87851142883301,"Female"
"9004154",371995,2025-06-19 05:13:17,42.4227066040039,-8.87835884094238,"Female"
"9004154",371995,2025-06-19 05:18:18,42.4227256774902,-8.87826251983643,"Female"
"9004154",371995,2025-06-19 05:23:17,42.4226684570312,-8.87826061248779,"Female"
"9004154",371995,2025-06-19 05:28:17,42.422721862793,-8.87831592559814,"Female"
"9004154",371995,2025-06-19 05:33:19,42.4226036071777,-8.87849426269531,"Female"
"9004154",371995,2025-06-19 05:38:17,42.4225959777832,-8.87846755981445,"Female"
"9004154",371995,2025-06-19 05:43:17,42.4226188659668,-8.8786792755127,"Female"
"9004154",371995,2025-06-19 05:48:21,42.4228172302246,-8.87762546539307,"Female"
"9004154",371995,2025-06-19 05:53:18,42.4225540161133,-8.87725639343262,"Female"
"9004154",371995,2025-06-19 05:58:17,42.4225692749023,-8.87744522094727,"Female"
"9004154",371995,2025-06-19 06:03:18,42.422435760498,-8.87729167938232,"Female"
"9004154",371995,2025-06-19 06:08:22,42.4228172302246,-8.87768173217773,"Female"
"9004154",371995,2025-06-19 06:13:24,42.4228019714355,-8.87760543823242,"Female"
"9004154",371995,2025-06-19 06:18:17,42.436897277832,-8.87462425231934,"Female"
"9004154",371995,2025-06-19 06:23:17,42.4373817443848,-8.87362289428711,"Female"
"9004154",371995,2025-06-19 06:28:16,42.4380569458008,-8.87410163879395,"Female"
"9004154",371995,2025-06-19 06:33:33,42.4394721984863,-8.87346744537354,"Female"
"9004154",371995,2025-06-19 06:38:32,42.4458198547363,-8.879807472229,"Female"
"9004154",371995,2025-06-19 06:44:26,42.4556732177734,-8.88771820068359,"Female"
"9004154",371995,2025-06-19 06:50:15,42.4571495056152,-8.88934516906738,"Female"
"9004154",371995,2025-06-19 06:55:16,42.4574203491211,-8.8903112411499,"Female"
"9004154",371995,2025-06-19 07:00:15,42.4579277038574,-8.89998149871826,"Female"
"9004154",371995,2025-06-19 07:05:16,42.4596862792969,-8.9051685333252,"Female"
"9004154",371995,2025-06-19 07:10:17,42.4597053527832,-8.90515995025635,"Female"
"9004154",371995,2025-06-19 07:15:17,42.4600982666016,-8.90473079681396,"Female"
"9004154",371995,2025-06-19 07:20:18,42.4598426818848,-8.90502452850342,"Female"
"9004154",371995,2025-06-19 07:25:17,42.4599418640137,-8.90498828887939,"Female"
"9004154",371995,2025-06-19 07:30:16,42.4598007202148,-8.90519046783447,"Female"
"9004154",371995,2025-06-19 07:35:17,42.4598922729492,-8.90509223937988,"Female"
"9004154",371995,2025-06-19 07:40:16,42.4600524902344,-8.9049711227417,"Female"
"9004154",371995,2025-06-19 07:45:17,42.4600486755371,-8.90499401092529,"Female"
"9004154",371995,2025-06-19 07:50:17,42.4599685668945,-8.90511608123779,"Female"
"9004154",371995,2025-06-19 07:55:15,42.4599723815918,-8.90513896942139,"Female"
"9004154",371995,2025-06-19 08:00:16,42.4604187011719,-8.9054536819458,"Female"
"9004154",371995,2025-06-19 08:08:14,42.460391998291,-8.90581035614014,"Female"
"9004154",371995,2025-06-19 08:14:12,42.458568572998,-8.89411926269531,"Female"
"9004154",371995,2025-06-19 08:30:08,42.4583168029785,-8.89278507232666,"Female"
"9004154",371995,2025-06-19 08:44:04,42.45849609375,-8.89523220062256,"Female"
"9004154",371995,2025-06-19 08:49:05,42.4592742919922,-8.8955249786377,"Female"
"9004154",371995,2025-06-19 09:03:02,42.460147857666,-8.89789867401123,"Female"
"9004154",371995,2025-06-19 09:07:57,42.4593734741211,-8.90095329284668,"Female"
"9004154",371995,2025-06-19 09:13:05,42.4580039978027,-8.9029426574707,"Female"
"9004154",371995,2025-06-19 09:17:40,42.4580116271973,-8.90291881561279,"Female"
"9004154",371995,2025-06-19 09:22:40,42.4580192565918,-8.90292072296143,"Female"
"9004154",371995,2025-06-19 09:27:40,42.4581031799316,-8.90295600891113,"Female"
"9004154",371995,2025-06-19 09:32:40,42.4580688476562,-8.90296077728271,"Female"
"9004154",371995,2025-06-19 09:37:42,42.4580574035645,-8.90294456481934,"Female"
"9004154",371995,2025-06-19 09:42:40,42.4580116271973,-8.90293502807617,"Female"
"9004154",371995,2025-06-19 09:47:40,42.4580268859863,-8.90293788909912,"Female"
"9004154",371995,2025-06-19 09:52:40,42.4580535888672,-8.90292930603027,"Female"
"9004154",371995,2025-06-19 09:57:40,42.4579887390137,-8.90292453765869,"Female"
"9004154",371995,2025-06-19 10:02:40,42.4580535888672,-8.90295696258545,"Female"
"9004154",371995,2025-06-19 10:07:40,42.4580764770508,-8.90282344818115,"Female"
"9004154",371995,2025-06-19 10:12:40,42.4580764770508,-8.90286445617676,"Female"
"9004154",371995,2025-06-19 10:17:40,42.4580345153809,-8.90289115905762,"Female"
"9004154",371995,2025-06-19 10:22:40,42.4580688476562,-8.90285015106201,"Female"
"9004154",371995,2025-06-19 10:27:40,42.4580459594727,-8.90274620056152,"Female"
"9004154",371995,2025-06-19 10:32:41,42.4580421447754,-8.90322971343994,"Female"
"9004154",371995,2025-06-19 10:37:42,42.4580268859863,-8.90445804595947,"Female"
"9004154",371995,2025-06-19 10:42:43,42.4583435058594,-8.90287303924561,"Female"
"9004154",371995,2025-06-19 10:47:41,42.4580307006836,-8.90164566040039,"Female"
"9004154",371995,2025-06-19 10:53:31,42.4608039855957,-8.91065788269043,"Female"
"9004154",371995,2025-06-19 11:00:09,42.4611549377441,-8.91014099121094,"Female"
"9004154",371995,2025-06-19 11:05:28,42.4612846374512,-8.91158866882324,"Female"
"9004154",371995,2025-06-19 11:11:17,42.4613037109375,-8.91174697875977,"Female"
"9004154",371995,2025-06-19 11:28:46,42.460765838623,-8.91364479064941,"Female"
"9004154",371995,2025-06-19 11:33:45,42.4612045288086,-8.91339111328125,"Female"
"9004154",371995,2025-06-19 11:40:15,42.4612617492676,-8.91329288482666,"Female"
"9004154",371995,2025-06-19 11:46:29,42.4614715576172,-8.91258430480957,"Female"
"9004154",371995,2025-06-19 11:52:01,42.4612045288086,-8.91179180145264,"Female"
"9004154",371995,2025-06-19 11:56:59,42.4579391479492,-8.9030876159668,"Female"
"9004154",371995,2025-06-19 12:02:05,42.4595069885254,-8.90504932403564,"Female"
"9004154",371995,2025-06-19 12:07:08,42.4595565795898,-8.90512752532959,"Female"
"9004154",371995,2025-06-19 12:12:11,42.4596366882324,-8.90516471862793,"Female"
"9004154",371995,2025-06-19 12:16:55,42.4595909118652,-8.90518569946289,"Female"
"9004154",371995,2025-06-19 12:21:56,42.4595260620117,-8.90520000457764,"Female"
"9004154",371995,2025-06-19 12:26:56,42.4595794677734,-8.90506553649902,"Female"
"9004154",371995,2025-06-19 12:31:55,42.4596481323242,-8.90499687194824,"Female"
"9004154",371995,2025-06-19 12:36:57,42.4594917297363,-8.90506172180176,"Female"
"9004154",371995,2025-06-19 12:41:56,42.4596366882324,-8.90515613555908,"Female"
"9004154",371995,2025-06-19 12:47:14,42.4597511291504,-8.90517425537109,"Female"
"9004154",371995,2025-06-19 12:51:55,42.4601936340332,-8.90456771850586,"Female"
"9004154",371995,2025-06-19 12:56:55,42.4597129821777,-8.90505790710449,"Female"
"9004154",371995,2025-06-19 13:01:55,42.458854675293,-8.90546798706055,"Female"
"9004154",371995,2025-06-19 13:06:54,42.4594955444336,-8.90461921691895,"Female"
"9004154",371995,2025-06-19 13:12:00,42.4597091674805,-8.90680408477783,"Female"
"9004154",371995,2025-06-19 13:17:08,42.4600677490234,-8.90650844573975,"Female"
"9004154",371995,2025-06-19 13:26:21,42.460636138916,-8.90725231170654,"Female"
"9004154",371995,2025-06-19 13:34:59,42.4612770080566,-8.90781211853027,"Female"
"9004154",371995,2025-06-19 13:41:19,42.4610252380371,-8.90821838378906,"Female"
"9004154",371995,2025-06-19 13:56:24,42.4615173339844,-8.90885257720947,"Female"
"9004154",371995,2025-06-19 14:03:50,42.4609680175781,-8.90790557861328,"Female"
"9004154",371995,2025-06-19 14:08:44,42.4579696655273,-8.90287113189697,"Female"
"9004154",371995,2025-06-19 14:13:18,42.4579200744629,-8.90234661102295,"Female"
"9004154",371995,2025-06-19 14:18:18,42.4580001831055,-8.90273666381836,"Female"
"9004154",371995,2025-06-19 14:23:20,42.4579696655273,-8.90322494506836,"Female"
"9004154",371995,2025-06-19 14:28:20,42.4579887390137,-8.90235996246338,"Female"
"9004154",371995,2025-06-19 14:33:20,42.4579582214355,-8.90289306640625,"Female"
"9004154",371995,2025-06-19 14:38:20,42.457935333252,-8.90291309356689,"Female"
"9004154",371995,2025-06-19 14:43:21,42.4579734802246,-8.90295219421387,"Female"
"9004154",371995,2025-06-19 14:48:44,42.4580383300781,-8.90277576446533,"Female"
"9004154",371995,2025-06-19 14:53:19,42.4580001831055,-8.90321350097656,"Female"
"9004154",371995,2025-06-19 14:58:30,42.4580307006836,-8.90279960632324,"Female"
"9004154",371995,2025-06-19 15:03:21,42.4579849243164,-8.90312194824219,"Female"
"9004154",371995,2025-06-19 15:08:18,42.4580497741699,-8.90291309356689,"Female"
"9004154",371995,2025-06-19 15:13:20,42.4580383300781,-8.90292263031006,"Female"
"9004154",371995,2025-06-19 15:18:20,42.4580421447754,-8.90289783477783,"Female"
"9004154",371995,2025-06-19 15:23:20,42.4579620361328,-8.90310764312744,"Female"
"9004154",371995,2025-06-19 15:28:19,42.4578285217285,-8.90329742431641,"Female"
"9004154",371995,2025-06-19 15:33:29,42.4581718444824,-8.90267086029053,"Female"
"9004154",371995,2025-06-19 15:38:27,42.4581680297852,-8.90271091461182,"Female"
"9004154",371995,2025-06-19 15:43:37,42.4581680297852,-8.90273952484131,"Female"
"9004154",371995,2025-06-19 15:48:44,42.4580383300781,-8.90295028686523,"Female"
"9004154",371995,2025-06-19 15:53:19,42.4579849243164,-8.90294933319092,"Female"
"9004154",371995,2025-06-19 15:58:20,42.457893371582,-8.90304851531982,"Female"
"9004154",371995,2025-06-19 16:03:20,42.4581069946289,-8.90290832519531,"Female"
"9004154",371995,2025-06-19 16:08:21,42.4581413269043,-8.90296649932861,"Female"
"9004154",371995,2025-06-19 16:13:18,42.4580993652344,-8.90297031402588,"Female"
"9004154",371995,2025-06-19 16:18:20,42.4581604003906,-8.90296936035156,"Female"
"9004154",371995,2025-06-19 16:23:21,42.4580993652344,-8.90288639068604,"Female"
"9004154",371995,2025-06-19 16:28:21,42.458553314209,-8.9042854309082,"Female"
"9004154",371995,2025-06-19 16:33:37,42.4605941772461,-8.9072790145874,"Female"
"9004154",371995,2025-06-19 16:38:29,42.4603805541992,-8.90778064727783,"Female"
"9004154",371995,2025-06-19 16:47:11,42.4608612060547,-8.90999603271484,"Female"
"9004154",371995,2025-06-19 16:52:17,42.4608497619629,-8.9085521697998,"Female"
"9004154",371995,2025-06-19 16:58:02,42.4603233337402,-8.90826606750488,"Female"
"9004154",371995,2025-06-19 17:03:19,42.4610595703125,-8.90915966033936,"Female"
"9004154",371995,2025-06-19 17:09:28,42.4610328674316,-8.90871238708496,"Female"
"9004154",371995,2025-06-19 17:16:02,42.4603004455566,-8.90744686126709,"Female"
"9004154",371995,2025-06-19 17:21:00,42.4595031738281,-8.90675735473633,"Female"
"9004154",371995,2025-06-19 17:26:01,42.458568572998,-8.90443992614746,"Female"
"9004154",371995,2025-06-19 17:31:11,42.4584884643555,-8.90437126159668,"Female"
"9004154",371995,2025-06-19 17:36:00,42.4586143493652,-8.90438556671143,"Female"
"9004154",371995,2025-06-19 17:41:00,42.4585266113281,-8.90438270568848,"Female"
"9004154",371995,2025-06-19 17:46:00,42.4585418701172,-8.90444946289062,"Female"
"9004154",371995,2025-06-19 17:51:00,42.4585914611816,-8.90443134307861,"Female"
"9004154",371995,2025-06-19 17:56:00,42.4586448669434,-8.90437126159668,"Female"
"9004154",371995,2025-06-19 18:01:00,42.4585762023926,-8.90438079833984,"Female"
"9004154",371995,2025-06-19 18:06:00,42.4560737609863,-8.89142036437988,"Female"
"9004154",371995,2025-06-19 18:11:00,42.4538154602051,-8.88410377502441,"Female"
"9004154",371995,2025-06-19 18:16:02,42.4522933959961,-8.88148880004883,"Female"
"9004154",371995,2025-06-19 18:21:02,42.4508781433105,-8.8807954788208,"Female"
"9004154",371995,2025-06-19 18:32:22,42.449348449707,-8.88009929656982,"Female"
"9004154",371995,2025-06-19 18:42:00,42.4492263793945,-8.87862777709961,"Female"
"9004154",371995,2025-06-19 18:46:54,42.4480667114258,-8.87834358215332,"Female"
"9004154",371995,2025-06-19 18:59:49,42.4458541870117,-8.87638568878174,"Female"
"9004154",371995,2025-06-19 19:12:51,42.4436302185059,-8.87575626373291,"Female"
"9004154",371995,2025-06-19 19:18:24,42.4224662780762,-8.87845230102539,"Female"
"9004154",371995,2025-06-19 19:22:57,42.4225425720215,-8.87853908538818,"Female"
"9004154",371995,2025-06-19 19:27:51,42.4225959777832,-8.87801647186279,"Female"
"9004154",371995,2025-06-19 19:33:00,42.422306060791,-8.87849426269531,"Female"
"9004154",371995,2025-06-19 19:37:52,42.4224815368652,-8.87783432006836,"Female"
"9004154",371995,2025-06-19 19:43:17,42.4222297668457,-8.87855815887451,"Female"
"9004154",371995,2025-06-19 19:47:53,42.422176361084,-8.8792896270752,"Female"
"9004154",371995,2025-06-19 19:53:11,42.4224014282227,-8.87862110137939,"Female"
"9004154",371995,2025-06-19 19:57:49,42.4222297668457,-8.87897205352783,"Female"
"9004154",371995,2025-06-19 20:03:01,42.4222640991211,-8.87866497039795,"Female"
"9004154",371995,2025-06-19 20:07:51,42.4222068786621,-8.8790168762207,"Female"
"9004154",371995,2025-06-19 20:13:01,42.4223136901855,-8.87873268127441,"Female"
"9004154",371995,2025-06-19 20:17:53,42.4225387573242,-8.87851428985596,"Female"
"9004154",371995,2025-06-19 20:23:02,42.4214935302734,-8.87863063812256,"Female"
"9004154",371995,2025-06-19 20:27:52,42.4216384887695,-8.87899303436279,"Female"
"9004154",371995,2025-06-19 20:33:23,42.4225044250488,-8.87873077392578,"Female"
"9004154",371995,2025-06-19 20:37:48,42.4221267700195,-8.87888050079346,"Female"
"9004154",371995,2025-06-19 20:42:51,42.4228324890137,-8.8783130645752,"Female"
"9004154",371995,2025-06-19 20:47:51,42.4228286743164,-8.87829494476318,"Female"
"9004154",371995,2025-06-19 20:52:48,42.4226112365723,-8.87849807739258,"Female"
"9004154",371995,2025-06-19 20:57:49,42.4222221374512,-8.87873458862305,"Female"
"9004154",371995,2025-06-19 21:02:51,42.4227333068848,-8.878342628479,"Female"
"9004154",371995,2025-06-19 21:07:55,42.4226493835449,-8.87851524353027,"Female"
"9004154",371995,2025-06-19 21:12:52,42.4225578308105,-8.87848663330078,"Female"
"9004154",371995,2025-06-19 21:17:54,42.4225044250488,-8.87863540649414,"Female"
"9004154",371995,2025-06-19 21:22:52,42.4225196838379,-8.87844181060791,"Female"
"9004154",371995,2025-06-19 21:28:14,42.4226341247559,-8.87841796875,"Female"
"9004154",371995,2025-06-19 21:32:48,42.4227485656738,-8.87841796875,"Female"
"9004154",371995,2025-06-19 21:37:51,42.4223365783691,-8.8785924911499,"Female"
"9004154",371995,2025-06-19 21:42:52,42.4224319458008,-8.87870216369629,"Female"
"9004154",371995,2025-06-19 21:47:55,42.4226417541504,-8.87853336334229,"Female"
"9004154",371995,2025-06-19 21:52:55,42.4225997924805,-8.87851428985596,"Female"
"9004154",371995,2025-06-19 21:57:48,42.4225578308105,-8.87862110137939,"Female"
"9004154",371995,2025-06-19 22:02:48,42.4225769042969,-8.87853240966797,"Female"
"9004154",371995,2025-06-19 22:07:49,42.4225921630859,-8.87898349761963,"Female"
"9004154",371995,2025-06-19 22:12:48,42.4225883483887,-8.87908267974854,"Female"
"9004154",371995,2025-06-19 22:17:48,42.4225578308105,-8.87903213500977,"Female"
"9004154",371995,2025-06-19 22:22:48,42.4226989746094,-8.87897968292236,"Female"
"9004154",371995,2025-06-19 22:27:50,42.4227027893066,-8.87849044799805,"Female"
"9004154",371995,2025-06-19 22:32:48,42.4229927062988,-8.87886810302734,"Female"
"9004154",371995,2025-06-19 22:37:48,42.4227027893066,-8.87803173065186,"Female"
"9004154",371995,2025-06-19 22:42:48,42.422908782959,-8.87898635864258,"Female"
"9004154",371995,2025-06-19 22:47:49,42.4228744506836,-8.87810611724854,"Female"
"9004154",371995,2025-06-19 22:52:48,42.4227142333984,-8.879075050354,"Female"
"9004154",371995,2025-06-19 22:57:49,42.4226531982422,-8.87874984741211,"Female"
"9004154",371995,2025-06-19 23:02:49,42.4226150512695,-8.87813758850098,"Female"
"9004154",371995,2025-06-19 23:07:51,42.422679901123,-8.87785911560059,"Female"
"9004154",371995,2025-06-19 23:12:58,42.4225425720215,-8.87813186645508,"Female"
"9004154",371995,2025-06-19 23:17:50,42.4225273132324,-8.87783145904541,"Female"
"9004154",371995,2025-06-19 23:23:01,42.4227027893066,-8.87808609008789,"Female"
"9004154",371995,2025-06-19 23:27:52,42.4227142333984,-8.87841701507568,"Female"
"9004154",371995,2025-06-19 23:32:53,42.4226913452148,-8.87759304046631,"Female"
"9004154",371995,2025-06-19 23:37:54,42.4225692749023,-8.87801456451416,"Female"
"9004154",371995,2025-06-19 23:43:00,42.4217300415039,-8.87814426422119,"Female"
"9004154",371995,2025-06-19 23:47:58,42.4218482971191,-8.87814712524414,"Female"
"9004154",371995,2025-06-19 23:52:59,42.4217491149902,-8.8781099319458,"Female"
"9004154",371995,2025-06-19 23:57:55,42.4217071533203,-8.8780574798584,"Female"
"9004154",371995,2025-06-20 00:02:58,42.4216003417969,-8.87813186645508,"Female"
"9004154",371995,2025-06-20 00:08:02,42.4209671020508,-8.87813949584961,"Female"
"9004154",371995,2025-06-20 00:13:01,42.4212837219238,-8.87812519073486,"Female"
"9004154",371995,2025-06-20 00:18:03,42.421028137207,-8.87814140319824,"Female"
"9004154",371995,2025-06-20 00:23:01,42.4215927124023,-8.87809276580811,"Female"
"9004154",371995,2025-06-20 00:28:05,42.420295715332,-8.87817859649658,"Female"
"9004154",371995,2025-06-20 00:33:13,42.4169578552246,-8.87811183929443,"Female"
"9004154",371995,2025-06-20 00:38:00,42.4209671020508,-8.87849235534668,"Female"
"9004154",371995,2025-06-20 00:42:51,42.4232368469238,-8.87874698638916,"Female"
"9004154",371995,2025-06-20 00:47:50,42.4233627319336,-8.87895965576172,"Female"
"9004154",371995,2025-06-20 00:52:51,42.4243659973145,-8.87898540496826,"Female"
"9004154",371995,2025-06-20 00:58:02,42.4229774475098,-8.87840270996094,"Female"
"9004154",371995,2025-06-20 01:02:55,42.4227066040039,-8.87867259979248,"Female"
"9004154",371995,2025-06-20 01:07:52,42.4232025146484,-8.87839412689209,"Female"
"9004154",371995,2025-06-20 01:12:52,42.4228363037109,-8.8784236907959,"Female"
"9004154",371995,2025-06-20 01:17:58,42.422908782959,-8.87862014770508,"Female"
"9004154",371995,2025-06-20 01:22:50,42.4229393005371,-8.87958240509033,"Female"
"9004154",371995,2025-06-20 01:27:49,42.4227523803711,-8.87816905975342,"Female"
"9004154",371995,2025-06-20 01:32:49,42.4228324890137,-8.87806510925293,"Female"
"9004154",371995,2025-06-20 01:37:49,42.4228210449219,-8.87808322906494,"Female"
"9004154",371995,2025-06-20 01:42:51,42.4225425720215,-8.87800693511963,"Female"
"9004154",371995,2025-06-20 01:47:49,42.4226455688477,-8.87804794311523,"Female"
"9004154",371995,2025-06-20 01:52:48,42.4227523803711,-8.87801551818848,"Female"
"9004154",371995,2025-06-20 01:57:49,42.4225959777832,-8.87811183929443,"Female"
"9004154",371995,2025-06-20 02:02:48,42.4227828979492,-8.87799549102783,"Female"
"9004154",371995,2025-06-20 02:07:49,42.4226417541504,-8.87803363800049,"Female"
"9004154",371995,2025-06-20 02:12:49,42.4227638244629,-8.87800025939941,"Female"
"9004154",371995,2025-06-20 02:17:49,42.4223594665527,-8.87793922424316,"Female"
"9004154",371995,2025-06-20 02:22:53,42.4228630065918,-8.87784290313721,"Female"
"9004154",371995,2025-06-20 02:28:13,42.4227333068848,-8.87798881530762,"Female"
"9004154",371995,2025-06-20 02:32:48,42.4229888916016,-8.87779331207275,"Female"
"9004154",371995,2025-06-20 02:37:48,42.4231414794922,-8.87783336639404,"Female"
"9004154",371995,2025-06-20 02:42:48,42.423152923584,-8.87777519226074,"Female"
"9004154",371995,2025-06-20 02:47:55,42.4229888916016,-8.8782434463501,"Female"
"9004154",371995,2025-06-20 02:52:55,42.4228973388672,-8.87829494476318,"Female"
"9004154",371995,2025-06-20 02:58:00,42.4255104064941,-8.8787784576416,"Female"
"9004154",371995,2025-06-20 03:02:48,42.4230499267578,-8.8772497177124,"Female"
"9004154",371995,2025-06-20 03:07:59,42.423095703125,-8.87899684906006,"Female"
"9004154",371995,2025-06-20 03:12:59,42.4232978820801,-8.87902069091797,"Female"
"9004154",371995,2025-06-20 03:17:52,42.4232749938965,-8.87707901000977,"Female"
"9004154",371995,2025-06-20 03:22:51,42.4236907958984,-8.87769412994385,"Female"
"9004154",371995,2025-06-20 03:27:50,42.423713684082,-8.87748908996582,"Female"
"9004154",371995,2025-06-20 03:32:59,42.4238471984863,-8.87863922119141,"Female"
"9004154",371995,2025-06-20 03:37:55,42.4235992431641,-8.87878036499023,"Female"
"9004154",371995,2025-06-20 03:43:01,42.4235076904297,-8.87874412536621,"Female"
"9004154",371995,2025-06-20 03:47:54,42.423397064209,-8.87822723388672,"Female"
"9004154",371995,2025-06-20 03:52:49,42.4233131408691,-8.87865734100342,"Female"
"9004154",371995,2025-06-20 03:58:02,42.4237327575684,-8.87812232971191,"Female"
"9004154",371995,2025-06-20 04:02:59,42.4233093261719,-8.87871360778809,"Female"
"9004154",371995,2025-06-20 04:08:04,42.4230270385742,-8.87854099273682,"Female"
"9004154",371995,2025-06-20 04:12:52,42.4231834411621,-8.87919807434082,"Female"
"9004154",371995,2025-06-20 04:17:53,42.423152923584,-8.87932109832764,"Female"
"9004154",371995,2025-06-20 04:23:03,42.4225234985352,-8.87854194641113,"Female"
"9004154",371995,2025-06-20 04:28:23,42.4227561950684,-8.87840938568115,"Female"
"9004154",371995,2025-06-20 04:32:50,42.4222106933594,-8.87912750244141,"Female"
"9004154",371995,2025-06-20 04:37:49,42.4224090576172,-8.87894248962402,"Female"
"9004154",371995,2025-06-20 04:42:50,42.4228248596191,-8.87796020507812,"Female"
"9004154",371995,2025-06-20 04:47:55,42.4227294921875,-8.87837696075439,"Female"
"9004154",371995,2025-06-20 04:52:48,42.4226303100586,-8.87829208374023,"Female"
"9004154",371995,2025-06-20 04:57:55,42.4225997924805,-8.87851238250732,"Female"
"9004154",371995,2025-06-20 05:02:51,42.422737121582,-8.87840461730957,"Female"
"9004154",371995,2025-06-20 05:07:49,42.4226951599121,-8.87851810455322,"Female"
"9004154",371995,2025-06-20 05:12:52,42.4227714538574,-8.87747669219971,"Female"
"9004154",371995,2025-06-20 05:17:54,42.4226608276367,-8.87743854522705,"Female"
"9004154",371995,2025-06-20 05:22:54,42.4227638244629,-8.87735366821289,"Female"
"9004154",371995,2025-06-20 05:27:48,42.4246292114258,-8.87597274780273,"Female"
"9004154",371995,2025-06-20 05:33:23,42.4223937988281,-8.87829780578613,"Female"
"9004154",371995,2025-06-20 05:37:50,42.4225196838379,-8.87818050384521,"Female"
"9004154",371995,2025-06-20 05:42:47,42.4225387573242,-8.87819862365723,"Female"
"9004154",371995,2025-06-20 05:47:48,42.4225578308105,-8.87807369232178,"Female"
"9004154",371995,2025-06-20 05:52:48,42.4223670959473,-8.87828826904297,"Female"
"9004154",371995,2025-06-20 05:57:48,42.422233581543,-8.87836933135986,"Female"
"9004154",371995,2025-06-20 06:02:56,42.4229545593262,-8.87832164764404,"Female"
"9004154",371995,2025-06-20 06:07:48,42.4228172302246,-8.87837028503418,"Female"
"9004154",371995,2025-06-20 06:12:54,42.4228172302246,-8.87841606140137,"Female"
"9004154",371995,2025-06-20 06:17:52,42.4229202270508,-8.87850379943848,"Female"
"9004154",371995,2025-06-20 06:22:50,42.4221458435059,-8.87850189208984,"Female"
"9004154",371995,2025-06-20 06:27:49,42.4220695495605,-8.87856578826904,"Female"
"9004154",371995,2025-06-20 06:32:53,42.4227027893066,-8.88089275360107,"Female"
"9004154",371995,2025-06-20 06:37:54,42.4214630126953,-8.87855339050293,"Female"
"9004154",371995,2025-06-20 06:43:14,42.4220237731934,-8.87828922271729,"Female"
"9004154",371995,2025-06-20 06:47:49,42.4225959777832,-8.87882804870605,"Female"
"9004154",371995,2025-06-20 06:52:53,42.422191619873,-8.87819194793701,"Female"
"9004154",371995,2025-06-20 06:58:10,42.4226226806641,-8.87838363647461,"Female"
"9004154",371995,2025-06-20 07:02:48,42.4224548339844,-8.87850761413574,"Female"
"9004154",371995,2025-06-20 07:07:49,42.4226989746094,-8.87842178344727,"Female"
"9004154",371995,2025-06-20 07:12:48,42.4230041503906,-8.87845706939697,"Female"
"9004154",371995,2025-06-20 07:18:02,42.4222297668457,-8.87840938568115,"Female"
"9004154",371995,2025-06-20 07:22:59,42.422924041748,-8.8785285949707,"Female"
"9004154",371995,2025-06-20 07:27:48,42.4378204345703,-8.87545299530029,"Female"
"9004154",371995,2025-06-20 07:33:22,42.4385032653809,-8.8751859664917,"Female"
"9004154",371995,2025-06-20 07:38:22,42.4398231506348,-8.87421131134033,"Female"
"9004154",371995,2025-06-20 07:43:21,42.4422950744629,-8.88076972961426,"Female"
"9004154",371995,2025-06-20 07:48:22,42.452953338623,-8.89093589782715,"Female"
"9004154",371995,2025-06-20 07:53:31,42.4540901184082,-8.88886547088623,"Female"
"9004154",371995,2025-06-20 07:59:01,42.4547996520996,-8.88930702209473,"Female"
"9004154",371995,2025-06-20 08:05:54,42.4532279968262,-8.88923454284668,"Female"
"9004154",371995,2025-06-20 08:10:20,42.4533538818359,-8.89218235015869,"Female"
"9004154",371995,2025-06-20 08:15:20,42.4585189819336,-8.90452003479004,"Female"
"9004154",371995,2025-06-20 08:20:19,42.4585800170898,-8.90441131591797,"Female"
"9004154",371995,2025-06-20 08:25:19,42.4584884643555,-8.90443992614746,"Female"
"9004154",371995,2025-06-20 08:30:19,42.458553314209,-8.90440082550049,"Female"
"9004154",371995,2025-06-20 08:35:19,42.4584312438965,-8.90447044372559,"Female"
"9004154",371995,2025-06-20 08:40:19,42.4583892822266,-8.90441799163818,"Female"
"9004154",371995,2025-06-20 08:45:19,42.4583930969238,-8.9044303894043,"Female"
"9004154",371995,2025-06-20 08:50:19,42.4584045410156,-8.90437793731689,"Female"
"9004154",371995,2025-06-20 08:55:19,42.4583702087402,-8.90437793731689,"Female"
"9004154",371995,2025-06-20 09:00:19,42.4584045410156,-8.90431690216064,"Female"
"9004154",371995,2025-06-20 09:05:19,42.4594459533691,-8.90689373016357,"Female"
"9004154",371995,2025-06-20 09:10:19,42.4607467651367,-8.91088676452637,"Female"
"9004154",371995,2025-06-20 09:15:32,42.4611015319824,-8.91054725646973,"Female"
"9004154",371995,2025-06-20 09:20:34,42.4610023498535,-8.90950775146484,"Female"
"9004154",371995,2025-06-20 09:25:33,42.4609565734863,-8.9137487411499,"Female"
"9004154",371995,2025-06-20 09:31:03,42.4612274169922,-8.91440963745117,"Female"
"9004154",371995,2025-06-20 09:36:17,42.4609985351562,-8.91081047058105,"Female"
"9004154",371995,2025-06-20 09:41:44,42.4608116149902,-8.90045356750488,"Female"
"9004154",371995,2025-06-20 09:46:43,42.4607162475586,-8.89917469024658,"Female"
"9004154",371995,2025-06-20 09:51:51,42.4582862854004,-8.89383220672607,"Female"
"9004154",371995,2025-06-20 10:13:49,42.4613952636719,-8.89927005767822,"Female"
"9004154",371995,2025-06-20 10:19:14,42.4582672119141,-8.90300178527832,"Female"
"9004154",371995,2025-06-20 10:23:47,42.4583206176758,-8.90302085876465,"Female"
"9004154",371995,2025-06-20 10:28:47,42.4583969116211,-8.90292835235596,"Female"
"9004154",371995,2025-06-20 10:33:47,42.4584350585938,-8.90298652648926,"Female"
"9004154",371995,2025-06-20 10:38:47,42.458366394043,-8.90299034118652,"Female"
"9004154",371995,2025-06-20 10:43:47,42.4584426879883,-8.90299797058105,"Female"
"9004154",371995,2025-06-20 10:48:47,42.4585227966309,-8.9030179977417,"Female"
"9004154",371995,2025-06-20 10:53:47,42.4585304260254,-8.9030704498291,"Female"
"9004154",371995,2025-06-20 10:58:47,42.45849609375,-8.90310096740723,"Female"
"9004154",371995,2025-06-20 11:03:47,42.4585876464844,-8.9030876159668,"Female"
"9004154",371995,2025-06-20 11:08:46,42.4585456848145,-8.90327167510986,"Female"
"9004154",371995,2025-06-20 11:14:05,42.4581832885742,-8.90303993225098,"Female"
"9004154",371995,2025-06-20 11:18:47,42.4581336975098,-8.90317153930664,"Female"
"9004154",371995,2025-06-20 11:23:47,42.4581260681152,-8.90315246582031,"Female"
"9004154",371995,2025-06-20 11:28:47,42.4581069946289,-8.90311527252197,"Female"
"9004154",371995,2025-06-20 11:33:47,42.4580917358398,-8.90306282043457,"Female"
"9004154",371995,2025-06-20 11:38:47,42.4579086303711,-8.90292167663574,"Female"
"9004154",371995,2025-06-20 11:43:47,42.4578628540039,-8.90286827087402,"Female"
"9004154",371995,2025-06-20 11:48:48,42.4578819274902,-8.90282821655273,"Female"
"9004154",371995,2025-06-20 11:54:14,42.4585571289062,-8.90009021759033,"Female"
"9004154",371995,2025-06-20 12:00:16,42.4599075317383,-8.89722728729248,"Female"
"9004154",371995,2025-06-20 12:05:18,42.4594383239746,-8.89650630950928,"Female"
"9004154",371995,2025-06-20 12:10:16,42.4596061706543,-8.89554119110107,"Female"
"9004154",371995,2025-06-20 12:15:22,42.4595489501953,-8.89499950408936,"Female"
"9004154",371995,2025-06-20 12:20:17,42.459545135498,-8.89529895782471,"Female"
"9004154",371995,2025-06-20 12:25:19,42.4595603942871,-8.89532947540283,"Female"
"9004154",371995,2025-06-20 12:30:16,42.4595413208008,-8.89534664154053,"Female"
"9004154",371995,2025-06-20 12:35:16,42.4595184326172,-8.8953161239624,"Female"
"9004154",371995,2025-06-20 12:40:16,42.4595565795898,-8.89528465270996,"Female"
"9004154",371995,2025-06-20 12:46:29,42.4581642150879,-8.89434146881104,"Female"
"9004154",371995,2025-06-20 12:52:07,42.4576873779297,-8.89348030090332,"Female"
"9004154",371995,2025-06-20 12:57:46,42.4573822021484,-8.89433288574219,"Female"
"9004154",371995,2025-06-20 13:03:12,42.4578666687012,-8.89552974700928,"Female"
"9004154",371995,2025-06-20 13:08:16,42.4589881896973,-8.89583778381348,"Female"
"9004154",371995,2025-06-20 13:14:15,42.4592361450195,-8.89729690551758,"Female"
"9004154",371995,2025-06-20 13:19:29,42.4602394104004,-8.89854621887207,"Female"
"9004154",371995,2025-06-20 13:24:30,42.4583358764648,-8.90316772460938,"Female"
"9004154",371995,2025-06-20 13:29:28,42.458251953125,-8.90316104888916,"Female"
"9004154",371995,2025-06-20 13:34:28,42.4582595825195,-8.90315532684326,"Female"
"9004154",371995,2025-06-20 13:39:28,42.4582862854004,-8.90293121337891,"Female"
"9004154",371995,2025-06-20 13:44:28,42.4582138061523,-8.90315341949463,"Female"
"9004154",371995,2025-06-20 13:49:28,42.4582290649414,-8.903151512146,"Female"
"9004154",371995,2025-06-20 13:54:34,42.4582214355469,-8.90271663665771,"Female"
"9004154",371995,2025-06-20 13:59:28,42.4582252502441,-8.90319156646729,"Female"
"9004154",371995,2025-06-20 14:04:29,42.4581985473633,-8.90316104888916,"Female"
"9004154",371995,2025-06-20 14:09:34,42.4580574035645,-8.90309810638428,"Female"
"9004154",371995,2025-06-20 14:14:28,42.4581985473633,-8.90323257446289,"Female"
"9004154",371995,2025-06-20 14:29:43,42.457935333252,-8.89296913146973,"Female"
"9004154",371995,2025-06-20 14:39:03,42.4574851989746,-8.89297962188721,"Female"
"9004154",371995,2025-06-20 14:44:11,42.4571533203125,-8.89351940155029,"Female"
"9004154",371995,2025-06-20 14:49:26,42.4580039978027,-8.90293788909912,"Female"
"9004154",371995,2025-06-20 14:53:50,42.4581642150879,-8.90306282043457,"Female"
"9004154",371995,2025-06-20 14:58:50,42.4580879211426,-8.9030065536499,"Female"
"9004154",371995,2025-06-20 15:03:50,42.4580535888672,-8.90297794342041,"Female"
"9004154",371995,2025-06-20 15:08:50,42.4580612182617,-8.90300464630127,"Female"
"9004154",371995,2025-06-20 15:13:50,42.458065032959,-8.90299701690674,"Female"
"9004154",371995,2025-06-20 15:18:49,42.4580307006836,-8.90303802490234,"Female"
"9004154",371995,2025-06-20 15:23:50,42.4580345153809,-8.9029016494751,"Female"
"9004154",371995,2025-06-20 15:28:50,42.4580917358398,-8.90295791625977,"Female"
"9004154",371995,2025-06-20 15:33:50,42.4581108093262,-8.90296649932861,"Female"
"9004154",371995,2025-06-20 15:38:50,42.4580345153809,-8.90299892425537,"Female"
"9004154",371995,2025-06-20 15:43:50,42.4580764770508,-8.90302085876465,"Female"
"9004154",371995,2025-06-20 15:48:50,42.4581031799316,-8.90299701690674,"Female"
"9004154",371995,2025-06-20 15:53:50,42.4581031799316,-8.90306949615479,"Female"
"9004154",371995,2025-06-20 15:58:50,42.4580421447754,-8.90301609039307,"Female"
"9004154",371995,2025-06-20 16:03:50,42.4581069946289,-8.90307521820068,"Female"
"9004154",371995,2025-06-20 16:09:17,42.4580039978027,-8.89701652526855,"Female"
"9004154",371995,2025-06-20 16:14:15,42.4584274291992,-8.89581298828125,"Female"
"9004154",371995,2025-06-20 16:19:18,42.4580726623535,-8.89483737945557,"Female"
"9004154",371995,2025-06-20 16:24:18,42.457275390625,-8.89498329162598,"Female"
"9004154",371995,2025-06-20 16:29:23,42.4568290710449,-8.89415454864502,"Female"
"9004154",371995,2025-06-20 16:34:23,42.4565658569336,-8.89179611206055,"Female"
"9004154",371995,2025-06-20 16:39:23,42.4565048217773,-8.89176464080811,"Female"
"9004154",371995,2025-06-20 16:44:23,42.4564590454102,-8.89183712005615,"Female"
"9004154",371995,2025-06-20 16:49:23,42.4564933776855,-8.89179992675781,"Female"
"9004154",371995,2025-06-20 16:54:44,42.4565162658691,-8.89172649383545,"Female"
"9004154",371995,2025-06-20 16:59:23,42.4530982971191,-8.88766384124756,"Female"
"9004154",371995,2025-06-20 17:04:23,42.4517364501953,-8.88507270812988,"Female"
"9004154",371995,2025-06-20 17:09:23,42.4451751708984,-8.88216590881348,"Female"
"9004154",371995,2025-06-20 17:14:23,42.4370422363281,-8.87514495849609,"Female"
"9004154",371995,2025-06-20 17:19:24,42.4371147155762,-8.87449169158936,"Female"
"9004154",371995,2025-06-20 17:26:40,42.4368858337402,-8.8755521774292,"Female"
"9004154",371995,2025-06-20 17:32:02,42.4367179870605,-8.87559127807617,"Female"
"9004154",371995,2025-06-20 17:37:34,42.4361114501953,-8.87546253204346,"Female"
"9004154",371995,2025-06-20 17:43:17,42.4366722106934,-8.87572193145752,"Female"
"9004154",371995,2025-06-20 17:50:09,42.4377174377441,-8.87580680847168,"Female"
"9004154",371995,2025-06-20 17:55:08,42.4385375976562,-8.87560749053955,"Female"
"9004154",371995,2025-06-20 18:00:49,42.4388580322266,-8.87444114685059,"Female"
"9004154",371995,2025-06-20 18:05:50,42.4397506713867,-8.87559413909912,"Female"
"9004154",371995,2025-06-20 18:10:50,42.4408493041992,-8.8754997253418,"Female"
"9004154",371995,2025-06-20 18:15:50,42.4407196044922,-8.87548923492432,"Female"
"9004154",371995,2025-06-20 18:21:14,42.4374122619629,-8.87774848937988,"Female"
"9004154",371995,2025-06-20 18:25:49,42.4374313354492,-8.87784099578857,"Female"
"9004154",371995,2025-06-20 18:30:49,42.4374160766602,-8.87776660919189,"Female"
"9004154",371995,2025-06-20 18:36:03,42.4226531982422,-8.87740135192871,"Female"
"9004154",371995,2025-06-20 18:40:49,42.4230155944824,-8.87735652923584,"Female"
"9004154",371995,2025-06-20 18:46:02,42.4227676391602,-8.87752914428711,"Female"
"9004154",371995,2025-06-20 18:51:06,42.4228630065918,-8.87753105163574,"Female"
"9004154",371995,2025-06-20 18:56:14,42.4226760864258,-8.87747478485107,"Female"
"9004154",371995,2025-06-20 19:00:49,42.4229202270508,-8.87804698944092,"Female"
"9004154",371995,2025-06-20 19:05:56,42.4227638244629,-8.87798404693604,"Female"
"9004154",371995,2025-06-20 19:10:56,42.422779083252,-8.8781909942627,"Female"
"9004154",371995,2025-06-20 19:15:56,42.4238090515137,-8.87891483306885,"Female"
"9004154",371995,2025-06-20 19:20:56,42.422607421875,-8.87803745269775,"Female"
"9004154",371995,2025-06-20 19:25:55,42.4219741821289,-8.87860584259033,"Female"
"9004154",371995,2025-06-20 19:31:29,42.4223785400391,-8.8785228729248,"Female"
"9004154",371995,2025-06-20 19:35:55,42.4222679138184,-8.87863826751709,"Female"
"9004154",371995,2025-06-20 19:40:56,42.4225387573242,-8.87877464294434,"Female"
"9004154",371995,2025-06-20 19:45:55,42.4213638305664,-8.87931537628174,"Female"
"9004154",371995,2025-06-20 19:51:05,42.422290802002,-8.87848377227783,"Female"
"9004154",371995,2025-06-20 19:55:54,42.4221115112305,-8.87882995605469,"Female"
"9004154",371995,2025-06-20 20:00:55,42.4226036071777,-8.87835025787354,"Female"
"9004154",371995,2025-06-20 20:05:56,42.4220008850098,-8.87777805328369,"Female"
"9004154",371995,2025-06-20 20:10:55,42.4225616455078,-8.87827205657959,"Female"
"9004154",371995,2025-06-20 20:15:56,42.4226493835449,-8.87824821472168,"Female"
"9004154",371995,2025-06-20 20:20:56,42.4229202270508,-8.87803745269775,"Female"
"9004154",371995,2025-06-20 20:25:56,42.4235610961914,-8.87782001495361,"Female"
"9004154",371995,2025-06-20 20:30:56,42.4226112365723,-8.87821197509766,"Female"
"9004154",371995,2025-06-20 20:36:14,42.4223403930664,-8.87846851348877,"Female"
"9004154",371995,2025-06-20 20:40:56,42.4224281311035,-8.87837696075439,"Female"
"9004154",371995,2025-06-20 20:46:13,42.4224700927734,-8.87851810455322,"Female"
"9004154",371995,2025-06-20 20:51:26,42.4225196838379,-8.87844657897949,"Female"
"9004154",371995,2025-06-20 20:55:57,42.4226226806641,-8.87839317321777,"Female"
"9004154",371995,2025-06-20 21:00:55,42.4226036071777,-8.87836265563965,"Female"
"9004154",371995,2025-06-20 21:05:58,42.4225311279297,-8.87849807739258,"Female"
"9004154",371995,2025-06-20 21:11:05,42.4226417541504,-8.87838459014893,"Female"
"9004154",371995,2025-06-20 21:16:15,42.4226150512695,-8.87835121154785,"Female"
"9004154",371995,2025-06-20 21:21:19,42.4225540161133,-8.87832164764404,"Female"
"9004154",371995,2025-06-20 21:26:13,42.4227027893066,-8.87835216522217,"Female"
"9004154",371995,2025-06-20 21:31:00,42.4224395751953,-8.8784704208374,"Female"
"9004154",371995,2025-06-20 21:36:06,42.4226341247559,-8.87821197509766,"Female"
"9004154",371995,2025-06-20 21:41:06,42.4227066040039,-8.87825202941895,"Female"
"9004154",371995,2025-06-20 21:47:18,42.4228057861328,-8.87850952148438,"Female"
"9004154",371995,2025-06-20 21:51:14,42.4226913452148,-8.87846183776855,"Female"
"9004154",371995,2025-06-20 21:55:54,42.422607421875,-8.87872409820557,"Female"
"9004154",371995,2025-06-20 22:00:54,42.4226455688477,-8.87880039215088,"Female"
"9004154",371995,2025-06-20 22:05:54,42.4225921630859,-8.8787202835083,"Female"
"9004154",371995,2025-06-20 22:10:54,42.4225654602051,-8.87858200073242,"Female"
"9004154",371995,2025-06-20 22:15:54,42.422607421875,-8.87849617004395,"Female"
"9004154",371995,2025-06-20 22:20:54,42.422721862793,-8.87866020202637,"Female"
"9004154",371995,2025-06-20 22:25:54,42.4226608276367,-8.87846565246582,"Female"
"9004154",371995,2025-06-20 22:30:54,42.4225959777832,-8.87849426269531,"Female"
"9004154",371995,2025-06-20 22:35:55,42.4224433898926,-8.8784236907959,"Female"
"9004154",371995,2025-06-20 22:40:54,42.4225997924805,-8.87869644165039,"Female"
"9004154",371995,2025-06-20 22:45:54,42.4225730895996,-8.87906837463379,"Female"
"9004154",371995,2025-06-20 22:50:55,42.4226493835449,-8.87860488891602,"Female"
"9004154",371995,2025-06-20 22:55:56,42.4226112365723,-8.87907123565674,"Female"
"9004154",371995,2025-06-20 23:01:03,42.4227294921875,-8.87832832336426,"Female"
"9004154",371995,2025-06-20 23:06:01,42.4225807189941,-8.87833595275879,"Female"
"9004154",371995,2025-06-20 23:11:13,42.4225959777832,-8.87840366363525,"Female"
"9004154",371995,2025-06-20 23:15:56,42.422721862793,-8.87840938568115,"Female"
"9004154",371995,2025-06-20 23:20:58,42.4225578308105,-8.87838268280029,"Female"
"9004154",371995,2025-06-20 23:25:57,42.4227142333984,-8.87858867645264,"Female"
"9004154",371995,2025-06-20 23:31:12,42.4224662780762,-8.87832069396973,"Female"
"9004154",371995,2025-06-20 23:35:55,42.4225616455078,-8.87835216522217,"Female"
"9004154",371995,2025-06-20 23:41:14,42.4227104187012,-8.87839031219482,"Female"
"9004154",371995,2025-06-20 23:45:56,42.4228324890137,-8.87836360931396,"Female"
"9004154",371995,2025-06-20 23:50:55,42.422721862793,-8.87836647033691,"Female"
"9004154",371995,2025-06-20 23:55:55,42.4230422973633,-8.87844371795654,"Female"
"9004154",371995,2025-06-21 00:00:54,42.4227142333984,-8.87842273712158,"Female"
"9004154",371995,2025-06-21 00:05:54,42.4228172302246,-8.87810707092285,"Female"
"9004154",371995,2025-06-21 00:10:54,42.4227714538574,-8.87831497192383,"Female"
"9004154",371995,2025-06-21 00:15:55,42.4227676391602,-8.87843036651611,"Female"
"9004154",371995,2025-06-21 00:21:04,42.423038482666,-8.8784294128418,"Female"
"9004154",371995,2025-06-21 00:26:14,42.4229011535645,-8.87842082977295,"Female"
"9004154",371995,2025-06-21 00:30:54,42.4226036071777,-8.8782377243042,"Female"
"9004154",371995,2025-06-21 00:35:54,42.4226112365723,-8.87844657897949,"Female"
"9004154",371995,2025-06-21 00:41:06,42.4221878051758,-8.8783073425293,"Female"
"9004154",371995,2025-06-21 00:46:15,42.4226226806641,-8.87807941436768,"Female"
"9004154",371995,2025-06-21 00:51:13,42.4224014282227,-8.87832450866699,"Female"
"9004154",371995,2025-06-21 00:56:03,42.4226036071777,-8.87825870513916,"Female"
"9004154",371995,2025-06-21 01:00:57,42.4225387573242,-8.87827014923096,"Female"
"9004154",371995,2025-06-21 01:06:13,42.4225463867188,-8.87820816040039,"Female"
"9004154",371995,2025-06-21 01:10:56,42.4225425720215,-8.87828922271729,"Female"
"9004154",371995,2025-06-21 01:15:59,42.4234313964844,-8.87809658050537,"Female"
"9004154",371995,2025-06-21 01:20:58,42.4228553771973,-8.87837886810303,"Female"
"9004154",371995,2025-06-21 01:26:04,42.4223899841309,-8.87845993041992,"Female"
"9004154",371995,2025-06-21 01:30:58,42.4225273132324,-8.87838649749756,"Female"
"9004154",371995,2025-06-21 01:35:57,42.4228706359863,-8.87829685211182,"Female"
"9004154",371995,2025-06-21 01:40:54,42.4229278564453,-8.87819862365723,"Female"
"9004154",371995,2025-06-21 01:46:21,42.4226722717285,-8.87850570678711,"Female"
"9004154",371995,2025-06-21 01:51:15,42.4230804443359,-8.87816905975342,"Female"
"9004154",371995,2025-06-21 01:55:54,42.4232177734375,-8.87809371948242,"Female"
"9004154",371995,2025-06-21 02:00:53,42.423023223877,-8.87809753417969,"Female"
"9004154",371995,2025-06-21 02:06:14,42.4227256774902,-8.87822437286377,"Female"
"9004154",371995,2025-06-21 02:10:54,42.4226608276367,-8.87831878662109,"Female"
"9004154",371995,2025-06-21 02:15:54,42.4222869873047,-8.87845993041992,"Female"
"9004154",371995,2025-06-21 02:20:57,42.4226531982422,-8.87846565246582,"Female"
"9004154",371995,2025-06-21 02:25:55,42.4226150512695,-8.87843990325928,"Female"
"9004154",371995,2025-06-21 02:30:55,42.4227523803711,-8.87804508209229,"Female"
"9004154",371995,2025-06-21 02:35:56,42.4228706359863,-8.87833690643311,"Female"
"9004154",371995,2025-06-21 02:40:54,42.422737121582,-8.87839126586914,"Female"
"9004154",371995,2025-06-21 02:46:23,42.4225425720215,-8.87855339050293,"Female"
"9004154",371995,2025-06-21 02:51:14,42.4225425720215,-8.87841129302979,"Female"
"9004154",371995,2025-06-21 02:55:58,42.4229850769043,-8.87846851348877,"Female"
"9004154",371995,2025-06-21 03:01:01,42.4227752685547,-8.87839698791504,"Female"
"9004154",371995,2025-06-21 03:05:59,42.4228172302246,-8.87832069396973,"Female"
"9004154",371995,2025-06-21 03:11:12,42.4223365783691,-8.87802028656006,"Female"
"9004154",371995,2025-06-21 03:16:14,42.4225692749023,-8.87840557098389,"Female"
"9004154",371995,2025-06-21 03:20:58,42.4226989746094,-8.87831020355225,"Female"
"9004154",371995,2025-06-21 03:25:58,42.4224586486816,-8.878005027771,"Female"
"9004154",371995,2025-06-21 03:31:04,42.4225769042969,-8.8783712387085,"Female"
"9004154",371995,2025-06-21 03:35:59,42.4226112365723,-8.8784065246582,"Female"
"9004154",371995,2025-06-21 03:41:29,42.4216423034668,-8.8787145614624,"Female"
"9004154",371995,2025-06-21 03:46:07,42.423469543457,-8.87890815734863,"Female"
"9004154",371995,2025-06-21 03:51:29,42.4227066040039,-8.8783016204834,"Female"
"9004154",371995,2025-06-21 03:55:57,42.4224395751953,-8.87919998168945,"Female"
"9004154",371995,2025-06-21 04:01:12,42.4228630065918,-8.87783241271973,"Female"
"9004154",371995,2025-06-21 04:07:03,42.422664642334,-8.87847709655762,"Female"
"9004154",371995,2025-06-21 04:10:57,42.4227714538574,-8.87823677062988,"Female"
"9004154",371995,2025-06-21 04:15:56,42.4226303100586,-8.87859535217285,"Female"
"9004154",371995,2025-06-21 04:20:56,42.422794342041,-8.87840747833252,"Female"
"9004154",371995,2025-06-21 04:25:56,42.4227828979492,-8.8777961730957,"Female"
"9004154",371995,2025-06-21 04:31:15,42.4226531982422,-8.87848472595215,"Female"
"9004154",371995,2025-06-21 04:36:07,42.4228172302246,-8.87843418121338,"Female"
"9004154",371995,2025-06-21 04:41:14,42.4225616455078,-8.87846374511719,"Female"
"9004154",371995,2025-06-21 04:45:58,42.4226150512695,-8.87837886810303,"Female"
"9004154",371995,2025-06-21 04:50:58,42.4227905273438,-8.87825584411621,"Female"
"9004154",371995,2025-06-21 04:55:56,42.4227256774902,-8.87842464447021,"Female"
"9004154",371995,2025-06-21 05:00:55,42.4227523803711,-8.87835121154785,"Female"
"9004154",371995,2025-06-21 05:05:59,42.4225807189941,-8.87710952758789,"Female"
"9004154",371995,2025-06-21 05:10:58,42.4226379394531,-8.87732887268066,"Female"
"9004154",371995,2025-06-21 05:16:00,42.4223403930664,-8.87736892700195,"Female"
"9004154",371995,2025-06-21 05:21:07,42.4226493835449,-8.87742328643799,"Female"
"9004154",371995,2025-06-21 05:26:00,42.4226303100586,-8.87731838226318,"Female"
"9004154",371995,2025-06-21 05:31:01,42.422607421875,-8.87750148773193,"Female"
"9004154",371995,2025-06-21 05:36:00,42.4226684570312,-8.87733459472656,"Female"
"9004154",371995,2025-06-21 05:41:01,42.4226722717285,-8.8773832321167,"Female"
"9004154",371995,2025-06-21 05:46:00,42.4226684570312,-8.87730407714844,"Female"
"9004154",371995,2025-06-21 05:50:56,42.4225692749023,-8.87732791900635,"Female"
"9004154",371995,2025-06-21 05:55:58,42.4226417541504,-8.87731742858887,"Female"
"9004154",371995,2025-06-21 06:00:58,42.4224967956543,-8.87730121612549,"Female"
"9004154",371995,2025-06-21 06:06:01,42.4225311279297,-8.8773250579834,"Female"
"9004154",371995,2025-06-21 06:10:58,42.4224472045898,-8.87729644775391,"Female"
"9004154",371995,2025-06-21 06:16:09,42.4230804443359,-8.87759113311768,"Female"
"9004154",371995,2025-06-21 06:21:03,42.4228935241699,-8.87748908996582,"Female"
"9004154",371995,2025-06-21 06:26:00,42.4228897094727,-8.87732410430908,"Female"
"9004154",371995,2025-06-21 06:31:10,42.4232025146484,-8.87745952606201,"Female"
"9004154",371995,2025-06-21 06:35:55,42.4457473754883,-8.88140678405762,"Female"
"9004154",371995,2025-06-21 06:40:57,42.4461975097656,-8.87814712524414,"Female"
"9004154",371995,2025-06-21 06:45:59,42.4466133117676,-8.87965393066406,"Female"
"9004154",371995,2025-06-21 06:51:12,42.4491004943848,-8.88192272186279,"Female"
"9004154",371995,2025-06-21 06:56:55,42.4606399536133,-8.89825916290283,"Female"
"9004154",371995,2025-06-21 07:02:41,42.4609680175781,-8.91106986999512,"Female"
"9004154",371995,2025-06-21 07:08:23,42.4611549377441,-8.91207218170166,"Female"
"9004154",371995,2025-06-21 07:13:22,42.4610214233398,-8.9117431640625,"Female"
"9004154",371995,2025-06-21 07:18:26,42.4607963562012,-8.91193771362305,"Female"
"9004154",371995,2025-06-21 07:23:26,42.4608154296875,-8.91174125671387,"Female"
"9004154",371995,2025-06-21 07:29:15,42.460750579834,-8.91055393218994,"Female"
"9004154",371995,2025-06-21 07:34:43,42.4616508483887,-8.91051387786865,"Female"
"9004154",371995,2025-06-21 07:40:40,42.4611015319824,-8.91296100616455,"Female"
"9004154",371995,2025-06-21 07:46:58,42.4610748291016,-8.91197490692139,"Female"
"9004154",371995,2025-06-21 08:12:14,42.458610534668,-8.90438461303711,"Female"
"9004154",371995,2025-06-21 08:16:48,42.4581298828125,-8.90373706817627,"Female"
"9004154",371995,2025-06-21 08:21:40,42.457447052002,-8.90352439880371,"Female"
"9004154",371995,2025-06-21 08:26:49,42.4580955505371,-8.90389919281006,"Female"
"9004154",371995,2025-06-21 08:31:45,42.4580345153809,-8.90390682220459,"Female"
"9004154",371995,2025-06-21 08:36:45,42.4580001831055,-8.9039831161499,"Female"
"9004154",371995,2025-06-21 08:41:49,42.4581184387207,-8.90304756164551,"Female"
"9004154",371995,2025-06-21 08:47:05,42.4580116271973,-8.90291500091553,"Female"
"9004154",371995,2025-06-21 08:51:37,42.4580039978027,-8.90292739868164,"Female"
"9004154",371995,2025-06-21 08:56:37,42.4580268859863,-8.90301513671875,"Female"
"9004154",371995,2025-06-21 09:01:37,42.4579772949219,-8.90291976928711,"Female"
"9004154",371995,2025-06-21 09:06:36,42.4579696655273,-8.90293788909912,"Female"
"9004154",371995,2025-06-21 09:11:36,42.4579124450684,-8.90287590026855,"Female"
"9004154",371995,2025-06-21 09:16:36,42.4580001831055,-8.90291881561279,"Female"
"9004154",371995,2025-06-21 09:21:36,42.4579772949219,-8.9028844833374,"Female"
"9004154",371995,2025-06-21 09:26:37,42.4580116271973,-8.9028844833374,"Female"
"9004154",371995,2025-06-21 09:31:37,42.4579963684082,-8.9028844833374,"Female"
"9004154",371995,2025-06-21 09:36:37,42.4579544067383,-8.90292072296143,"Female"
"9004154",371995,2025-06-21 09:42:17,42.4603424072266,-8.90764331817627,"Female"
"9004154",371995,2025-06-21 09:47:22,42.4604454040527,-8.90807819366455,"Female"
"9004154",371995,2025-06-21 09:53:00,42.4606628417969,-8.90946102142334,"Female"
"9004154",371995,2025-06-21 09:58:23,42.4610710144043,-8.91058158874512,"Female"
"9004154",371995,2025-06-21 10:03:42,42.461181640625,-8.91149234771729,"Female"
"9004154",371995,2025-06-21 10:09:52,42.4611320495605,-8.91216278076172,"Female"
"9004154",371995,2025-06-21 10:15:47,42.4611625671387,-8.91246604919434,"Female"
"9004154",371995,2025-06-21 10:20:46,42.4612426757812,-8.91340255737305,"Female"
"9004154",371995,2025-06-21 10:25:50,42.4615936279297,-8.91417217254639,"Female"
"9004154",371995,2025-06-21 10:38:06,42.4618377685547,-8.91280841827393,"Female"
"9004154",371995,2025-06-21 10:43:07,42.4580078125,-8.903244972229,"Female"
"9004154",371995,2025-06-21 10:48:06,42.4580154418945,-8.90327644348145,"Female"
"9004154",371995,2025-06-21 10:53:06,42.4580268859863,-8.90327453613281,"Female"
"9004154",371995,2025-06-21 10:58:01,42.4579887390137,-8.90334510803223,"Female"
"9004154",371995,2025-06-21 11:02:58,42.4580383300781,-8.90371417999268,"Female"
"9004154",371995,2025-06-21 11:08:10,42.458065032959,-8.90299797058105,"Female"
"9004154",371995,2025-06-21 11:12:54,42.4580383300781,-8.90312671661377,"Female"
"9004154",371995,2025-06-21 11:17:55,42.4559135437012,-8.88947010040283,"Female"
"9004154",371995,2025-06-21 11:23:01,42.4378547668457,-8.87325859069824,"Female"
"9004154",371995,2025-06-21 11:30:59,42.4369239807129,-8.87294387817383,"Female"
"9004154",371995,2025-06-21 11:37:11,42.4369621276855,-8.87449169158936,"Female"
"9004154",371995,2025-06-21 11:42:47,42.4379463195801,-8.87418746948242,"Female"
"9004154",371995,2025-06-21 11:47:52,42.4374542236328,-8.87639713287354,"Female"
"9004154",371995,2025-06-21 11:52:42,42.4374694824219,-8.87767124176025,"Female"
"9004154",371995,2025-06-21 11:58:05,42.4373512268066,-8.87755107879639,"Female"
"9004154",371995,2025-06-21 12:02:42,42.4374084472656,-8.87789726257324,"Female"
"9004154",371995,2025-06-21 12:07:42,42.4374237060547,-8.87795162200928,"Female"
"9004154",371995,2025-06-21 12:12:42,42.4373970031738,-8.87768077850342,"Female"
"9004154",371995,2025-06-21 12:17:44,42.4375343322754,-8.87787055969238,"Female"
"9004154",371995,2025-06-21 12:22:43,42.4373931884766,-8.87818622589111,"Female"
"9004154",371995,2025-06-21 12:28:33,42.4480285644531,-8.8831729888916,"Female"
"9004154",371995,2025-06-21 12:34:30,42.4546051025391,-8.88652515411377,"Female"
"9004154",371995,2025-06-21 12:39:50,42.4557952880859,-8.88673114776611,"Female"
"9004154",371995,2025-06-21 12:44:58,42.4566879272461,-8.8875789642334,"Female"
"9004154",371995,2025-06-21 12:49:58,42.4572257995605,-8.88849258422852,"Female"
"9004154",371995,2025-06-21 12:54:59,42.4576721191406,-8.88934898376465,"Female"
"9004154",371995,2025-06-21 13:00:36,42.457691192627,-8.89035606384277,"Female"
"9004154",371995,2025-06-21 13:05:37,42.4568939208984,-8.89101219177246,"Female"
"9004154",371995,2025-06-21 13:10:35,42.4578056335449,-8.90396213531494,"Female"
"9004154",371995,2025-06-21 13:15:36,42.4589653015137,-8.90310859680176,"Female"
"9004154",371995,2025-06-21 13:20:35,42.4579277038574,-8.9037446975708,"Female"
"9004154",371995,2025-06-21 13:25:38,42.4591751098633,-8.90339279174805,"Female"
"9004154",371995,2025-06-21 13:30:36,42.4582633972168,-8.90312767028809,"Female"
"9004154",371995,2025-06-21 13:35:36,42.4582633972168,-8.90309619903564,"Female"
"9004154",371995,2025-06-21 13:40:36,42.4582290649414,-8.90312957763672,"Female"
"9004154",371995,2025-06-21 13:45:36,42.458251953125,-8.9032039642334,"Female"
"9004154",371995,2025-06-21 13:50:36,42.4581298828125,-8.90315914154053,"Female"
"9004154",371995,2025-06-21 13:55:36,42.4581031799316,-8.90331840515137,"Female"
"9004154",371995,2025-06-21 14:00:35,42.4582176208496,-8.90332698822021,"Female"
"9004154",371995,2025-06-21 14:05:35,42.458179473877,-8.90329742431641,"Female"
"9004154",371995,2025-06-21 14:10:36,42.4580726623535,-8.90313053131104,"Female"
"9004154",371995,2025-06-21 14:15:35,42.4564208984375,-8.89189434051514,"Female"
"9004154",371995,2025-06-21 14:20:37,42.4563980102539,-8.89181804656982,"Female"
"9004154",371995,2025-06-21 14:25:36,42.4563865661621,-8.89188098907471,"Female"
"9004154",371995,2025-06-21 14:30:36,42.4563865661621,-8.89186382293701,"Female"
"9004154",371995,2025-06-21 14:35:36,42.456356048584,-8.89185047149658,"Female"
"9004154",371995,2025-06-21 14:40:36,42.4564514160156,-8.8918628692627,"Female"
"9004154",371995,2025-06-21 14:45:36,42.4565010070801,-8.89199542999268,"Female"
"9004154",371995,2025-06-21 14:50:36,42.4565467834473,-8.89179801940918,"Female"
"9004154",371995,2025-06-21 14:55:36,42.456371307373,-8.89173221588135,"Female"
"9004154",371995,2025-06-21 15:00:36,42.4565811157227,-8.89169979095459,"Female"
"9004154",371995,2025-06-21 15:05:35,42.4568901062012,-8.89206027984619,"Female"
"9004154",371995,2025-06-21 15:10:36,42.4560737609863,-8.89156913757324,"Female"
"9004154",371995,2025-06-21 15:15:39,42.4560623168945,-8.89145660400391,"Female"
"9004154",371995,2025-06-21 15:20:38,42.4560127258301,-8.89140796661377,"Female"
"9004154",371995,2025-06-21 15:26:05,42.4575309753418,-8.89379024505615,"Female"
"9004154",371995,2025-06-21 15:32:53,42.4574890136719,-8.89351367950439,"Female"
"9004154",371995,2025-06-21 15:42:11,42.4578895568848,-8.89277648925781,"Female"
"9004154",371995,2025-06-21 15:47:13,42.458194732666,-8.89356136322021,"Female"
"9004154",371995,2025-06-21 15:52:24,42.4563179016113,-8.89083003997803,"Female"
"9004154",371995,2025-06-21 15:57:12,42.4565200805664,-8.89163494110107,"Female"
"9004154",371995,2025-06-21 16:02:35,42.4564552307129,-8.89186191558838,"Female"
"9004154",371995,2025-06-21 16:07:12,42.4535102844238,-8.89053058624268,"Female"
"9004154",371995,2025-06-21 16:12:12,42.4568901062012,-8.89313125610352,"Female"
"9004154",371995,2025-06-21 16:17:12,42.456916809082,-8.89311027526855,"Female"
"9004154",371995,2025-06-21 16:22:12,42.456844329834,-8.8932638168335,"Female"
"9004154",371995,2025-06-21 16:27:12,42.4568405151367,-8.8931884765625,"Female"
"9004154",371995,2025-06-21 16:32:12,42.4568214416504,-8.89316177368164,"Female"
"9004154",371995,2025-06-21 16:37:12,42.4568328857422,-8.89315223693848,"Female"
"9004154",371995,2025-06-21 16:42:12,42.4568634033203,-8.89323997497559,"Female"
"9004154",371995,2025-06-21 16:47:11,42.4569091796875,-8.89327335357666,"Female"
"9004154",371995,2025-06-21 16:52:11,42.4568099975586,-8.8932991027832,"Female"
"9004154",371995,2025-06-21 16:57:12,42.4568290710449,-8.8932638168335,"Female"
"9004154",371995,2025-06-21 17:02:12,42.4568290710449,-8.89333534240723,"Female"
"9004154",371995,2025-06-21 17:07:11,42.4568214416504,-8.89326763153076,"Female"
"9004154",371995,2025-06-21 17:12:11,42.4532165527344,-8.88773536682129,"Female"
"9004154",371995,2025-06-21 17:17:51,42.4527320861816,-8.8861141204834,"Female"
"9004154",371995,2025-06-21 17:22:49,42.456371307373,-8.89180088043213,"Female"
"9004154",371995,2025-06-21 17:27:49,42.4539108276367,-8.88908672332764,"Female"
"9004154",371995,2025-06-21 17:34:19,42.4541511535645,-8.88821220397949,"Female"
"9004154",371995,2025-06-21 17:39:46,42.4536743164062,-8.88669204711914,"Female"
"9004154",371995,2025-06-21 17:45:39,42.4543304443359,-8.8868579864502,"Female"
"9004154",371995,2025-06-21 17:51:03,42.4539604187012,-8.88629817962646,"Female"
"9004154",371995,2025-06-21 17:56:03,42.4533195495605,-8.88556575775146,"Female"
"9004154",371995,2025-06-21 18:01:37,42.4527816772461,-8.88585186004639,"Female"
"9004154",371995,2025-06-21 18:06:44,42.4526748657227,-8.88515567779541,"Female"
"9004154",371995,2025-06-21 18:12:07,42.4524116516113,-8.88485336303711,"Female"
"9004154",371995,2025-06-21 18:19:49,42.4524612426758,-8.88473987579346,"Female"
"9004154",371995,2025-06-21 18:24:49,42.4533843994141,-8.88487911224365,"Female"
"9004154",371995,2025-06-21 18:29:57,42.4543304443359,-8.88578701019287,"Female"
"9004154",371995,2025-06-21 18:36:22,42.4544219970703,-8.88792610168457,"Female"
"9004154",371995,2025-06-21 18:41:50,42.453254699707,-8.88702583312988,"Female"
"9004154",371995,2025-06-21 18:47:14,42.4524841308594,-8.88569641113281,"Female"
"9004154",371995,2025-06-21 18:52:30,42.4516067504883,-8.88479328155518,"Female"
"9004154",371995,2025-06-21 18:58:24,42.4504470825195,-8.88434505462646,"Female"
"9004154",371995,2025-06-21 19:03:44,42.4497528076172,-8.88293266296387,"Female"
"9004154",371995,2025-06-21 19:16:01,42.4490165710449,-8.87997913360596,"Female"
"9004154",371995,2025-06-21 19:20:52,42.4484748840332,-8.88080883026123,"Female"
"9004154",371995,2025-06-21 19:26:00,42.4228210449219,-8.87873458862305,"Female"
"9004154",371995,2025-06-21 19:31:11,42.4230575561523,-8.87831020355225,"Female"
"9004154",371995,2025-06-21 19:36:00,42.4234352111816,-8.87738132476807,"Female"
"9004154",371995,2025-06-21 19:41:00,42.4230804443359,-8.87778663635254,"Female"
"9004154",371995,2025-06-21 19:46:07,42.4228057861328,-8.87751007080078,"Female"
"9004154",371995,2025-06-21 19:51:07,42.4232215881348,-8.8767671585083,"Female"
"9004154",371995,2025-06-21 19:56:06,42.4225769042969,-8.878249168396,"Female"
"9004154",371995,2025-06-21 20:01:14,42.4225044250488,-8.87930583953857,"Female"
"9004154",371995,2025-06-21 20:05:57,42.4223022460938,-8.878586769104,"Female"
"9004154",371995,2025-06-21 20:10:57,42.4227142333984,-8.87867069244385,"Female"
"9004154",371995,2025-06-21 20:16:21,42.4227676391602,-8.87839889526367,"Female"
"9004154",371995,2025-06-21 20:20:54,42.4230537414551,-8.87832260131836,"Female"
"9004154",371995,2025-06-21 20:25:53,42.4228019714355,-8.87843227386475,"Female"
"9004154",371995,2025-06-21 20:30:57,42.4226951599121,-8.87857151031494,"Female"
"9004154",371995,2025-06-21 20:36:13,42.4230308532715,-8.8784236907959,"Female"
"9004154",371995,2025-06-21 20:41:01,42.4230117797852,-8.87834358215332,"Female"
"9004154",371995,2025-06-21 20:46:20,42.4228019714355,-8.87826156616211,"Female"
"9004154",371995,2025-06-21 20:50:52,42.4221458435059,-8.87853240966797,"Female"
"9004154",371995,2025-06-21 20:55:53,42.4226989746094,-8.87871360778809,"Female"
"9004154",371995,2025-06-21 21:00:52,42.4222984313965,-8.87857246398926,"Female"
"9004154",371995,2025-06-21 21:05:52,42.4217491149902,-8.87864589691162,"Female"
"9004154",371995,2025-06-21 21:10:53,42.4227256774902,-8.87862014770508,"Female"
"9004154",371995,2025-06-21 21:15:54,42.422534942627,-8.87886428833008,"Female"
"9004154",371995,2025-06-21 21:20:58,42.4228057861328,-8.87819290161133,"Female"
"9004154",371995,2025-06-21 21:25:55,42.422435760498,-8.87830448150635,"Female"
"9004154",371995,2025-06-21 21:31:14,42.4227676391602,-8.87846755981445,"Female"
"9004154",371995,2025-06-21 21:35:52,42.4226570129395,-8.87839508056641,"Female"
"9004154",371995,2025-06-21 21:40:54,42.4222068786621,-8.87815570831299,"Female"
"9004154",371995,2025-06-21 21:45:58,42.4226493835449,-8.87838554382324,"Female"
"9004154",371995,2025-06-21 21:50:52,42.4224700927734,-8.87812900543213,"Female"
"9004154",371995,2025-06-21 21:55:53,42.4228057861328,-8.87865447998047,"Female"
"9004154",371995,2025-06-21 22:00:52,42.4225845336914,-8.87850856781006,"Female"
"9004154",371995,2025-06-21 22:05:53,42.4226112365723,-8.87859058380127,"Female"
"9004154",371995,2025-06-21 22:10:53,42.4228630065918,-8.87872314453125,"Female"
"9004154",371995,2025-06-21 22:16:23,42.4226608276367,-8.87845134735107,"Female"
"9004154",371995,2025-06-21 22:20:51,42.4225921630859,-8.87839794158936,"Female"
"9004154",371995,2025-06-21 22:25:51,42.4226417541504,-8.87849521636963,"Female"
"9004154",371995,2025-06-21 22:30:52,42.4226264953613,-8.87843036651611,"Female"
"9004154",371995,2025-06-21 22:35:51,42.4225845336914,-8.87857341766357,"Female"
"9004154",371995,2025-06-21 22:40:51,42.4225540161133,-8.87849426269531,"Female"
"9004154",371995,2025-06-21 22:45:51,42.4225845336914,-8.8785924911499,"Female"
"9004154",371995,2025-06-21 22:50:55,42.4225845336914,-8.87845039367676,"Female"
"9004154",371995,2025-06-21 22:55:57,42.4225082397461,-8.87847137451172,"Female"
"9004154",371995,2025-06-21 23:00:58,42.4226112365723,-8.87842178344727,"Female"
"9004154",371995,2025-06-21 23:06:14,42.4225006103516,-8.87842845916748,"Female"
"9004154",371995,2025-06-21 23:10:54,42.4225006103516,-8.87848281860352,"Female"
"9004154",371995,2025-06-21 23:15:57,42.4225044250488,-8.87841606140137,"Female"
"9004154",371995,2025-06-21 23:20:57,42.4225311279297,-8.87841320037842,"Female"
"9004154",371995,2025-06-21 23:25:57,42.422534942627,-8.87839412689209,"Female"
"9004154",371995,2025-06-21 23:30:57,42.422492980957,-8.87841129302979,"Female"
"9004154",371995,2025-06-21 23:35:59,42.4226188659668,-8.87842464447021,"Female"
"9004154",371995,2025-06-21 23:40:58,42.422420501709,-8.8783712387085,"Female"
"9004154",371995,2025-06-21 23:46:03,42.4225997924805,-8.87845993041992,"Female"
"9004154",371995,2025-06-21 23:51:25,42.4223213195801,-8.87830638885498,"Female"
"9004154",371995,2025-06-21 23:56:12,42.422435760498,-8.87834167480469,"Female"
"9004154",371995,2025-06-22 00:00:54,42.4225730895996,-8.87847709655762,"Female"
"9004154",371995,2025-06-22 00:05:55,42.422534942627,-8.87837886810303,"Female"
"9004154",371995,2025-06-22 00:10:59,42.4224853515625,-8.87838172912598,"Female"
"9004154",371995,2025-06-22 00:15:54,42.4222602844238,-8.87830924987793,"Female"
"9004154",371995,2025-06-22 00:20:58,42.4224586486816,-8.87853813171387,"Female"
"9004154",371995,2025-06-22 00:25:57,42.4226760864258,-8.87852573394775,"Female"
"9004154",371995,2025-06-22 00:30:57,42.4227027893066,-8.87862682342529,"Female"
"9004154",371995,2025-06-22 00:35:55,42.4224090576172,-8.87862682342529,"Female"
"9004154",371995,2025-06-22 00:41:04,42.4228248596191,-8.87876987457275,"Female"
"9004154",371995,2025-06-22 00:46:29,42.4228057861328,-8.87824630737305,"Female"
"9004154",371995,2025-06-22 00:51:00,42.4233245849609,-8.87802124023438,"Female"
"9004154",371995,2025-06-22 00:56:50,42.4223327636719,-8.87863731384277,"Female"
"9004154",371995,2025-06-22 01:01:01,42.4225463867188,-8.87855625152588,"Female"
"9004154",371995,2025-06-22 01:05:54,42.4226989746094,-8.87851905822754,"Female"
"9004154",371995,2025-06-22 01:11:23,42.4225730895996,-8.87851810455322,"Female"
"9004154",371995,2025-06-22 01:15:58,42.4226913452148,-8.87844753265381,"Female"
"9004154",371995,2025-06-22 01:20:57,42.4226493835449,-8.87845134735107,"Female"
"9004154",371995,2025-06-22 01:25:54,42.4230537414551,-8.87862014770508,"Female"
"9004154",371995,2025-06-22 01:31:00,42.4227523803711,-8.87844181060791,"Female"
"9004154",371995,2025-06-22 01:35:52,42.4227561950684,-8.87841606140137,"Female"
"9004154",371995,2025-06-22 01:41:00,42.4226036071777,-8.87849044799805,"Female"
"9004154",371995,2025-06-22 01:45:52,42.4226455688477,-8.87859725952148,"Female"
"9004154",371995,2025-06-22 01:50:53,42.4227485656738,-8.87877082824707,"Female"
"9004154",371995,2025-06-22 01:56:00,42.4224967956543,-8.87852954864502,"Female"
"9004154",371995,2025-06-22 02:00:59,42.4221496582031,-8.87901306152344,"Female"
"9004154",371995,2025-06-22 02:06:14,42.4224891662598,-8.87853145599365,"Female"
"9004154",371995,2025-06-22 02:11:10,42.422607421875,-8.87851238250732,"Female"
"9004154",371995,2025-06-22 02:15:53,42.4226379394531,-8.87839603424072,"Female"
"9004154",371995,2025-06-22 02:20:54,42.4225387573242,-8.8784236907959,"Female"
"9004154",371995,2025-06-22 02:25:55,42.4224891662598,-8.87851428985596,"Female"
"9004154",371995,2025-06-22 02:30:55,42.4225997924805,-8.87845516204834,"Female"
"9004154",371995,2025-06-22 02:36:00,42.4225425720215,-8.87845420837402,"Female"
"9004154",371995,2025-06-22 02:41:01,42.4224891662598,-8.87851428985596,"Female"
"9004154",371995,2025-06-22 02:46:05,42.4229698181152,-8.87884044647217,"Female"
"9004154",371995,2025-06-22 02:51:23,42.4226264953613,-8.87843132019043,"Female"
"9004154",371995,2025-06-22 02:55:51,42.4226417541504,-8.87828350067139,"Female"
"9004154",371995,2025-06-22 03:00:53,42.4226264953613,-8.87848567962646,"Female"
"9004154",371995,2025-06-22 03:05:51,42.4227027893066,-8.87822151184082,"Female"
"9004154",371995,2025-06-22 03:11:00,42.4224014282227,-8.8786449432373,"Female"
"9004154",371995,2025-06-22 03:15:57,42.4224967956543,-8.87859344482422,"Female"
"9004154",371995,2025-06-22 03:20:57,42.4224967956543,-8.87860488891602,"Female"
"9004154",371995,2025-06-22 03:26:12,42.4225006103516,-8.87859344482422,"Female"
"9004154",371995,2025-06-22 03:30:52,42.4224281311035,-8.87861347198486,"Female"
"9004154",371995,2025-06-22 03:36:00,42.4227714538574,-8.87832450866699,"Female"
"9004154",371995,2025-06-22 03:40:58,42.4227867126465,-8.87828159332275,"Female"
"9004154",371995,2025-06-22 03:45:57,42.4227867126465,-8.87830638885498,"Female"
"9004154",371995,2025-06-22 03:50:57,42.4226875305176,-8.87843036651611,"Female"
"9004154",371995,2025-06-22 03:55:53,42.4221801757812,-8.88038158416748,"Female"
"9004154",371995,2025-06-22 04:01:11,42.4226150512695,-8.87851333618164,"Female"
"9004154",371995,2025-06-22 04:05:52,42.4226303100586,-8.87852954864502,"Female"
"9004154",371995,2025-06-22 04:10:55,42.4234046936035,-8.87827491760254,"Female"
"9004154",371995,2025-06-22 04:15:52,42.4234199523926,-8.87818241119385,"Female"
"9004154",371995,2025-06-22 04:21:01,42.4231071472168,-8.87847518920898,"Female"
"9004154",371995,2025-06-22 04:26:02,42.4221801757812,-8.87837886810303,"Female"
"9004154",371995,2025-06-22 04:31:03,42.4221038818359,-8.87837505340576,"Female"
"9004154",371995,2025-06-22 04:36:08,42.420524597168,-8.87969207763672,"Female"
"9004154",371995,2025-06-22 04:41:13,42.4225997924805,-8.87834167480469,"Female"
"9004154",371995,2025-06-22 04:45:52,42.4222145080566,-8.87851619720459,"Female"
"9004154",371995,2025-06-22 04:50:53,42.4227752685547,-8.8786792755127,"Female"
"9004154",371995,2025-06-22 04:55:53,42.4224472045898,-8.87850666046143,"Female"
"9004154",371995,2025-06-22 05:00:55,42.4224853515625,-8.87859916687012,"Female"
"9004154",371995,2025-06-22 05:05:54,42.4224510192871,-8.87861824035645,"Female"
"9004154",371995,2025-06-22 05:10:57,42.4225311279297,-8.87875461578369,"Female"
"9004154",371995,2025-06-22 05:15:57,42.4225463867188,-8.87847328186035,"Female"
"9004154",371995,2025-06-22 05:21:08,42.422420501709,-8.87840366363525,"Female"
"9004154",371995,2025-06-22 05:25:59,42.4226989746094,-8.87852096557617,"Female"
"9004154",371995,2025-06-22 05:31:29,42.4225196838379,-8.87848854064941,"Female"
"9004154",371995,2025-06-22 05:35:53,42.4226493835449,-8.87850666046143,"Female"
"9004154",371995,2025-06-22 05:40:52,42.4225883483887,-8.8784818649292,"Female"
"9004154",371995,2025-06-22 05:45:53,42.4226493835449,-8.87852478027344,"Female"
"9004154",371995,2025-06-22 05:50:53,42.4226379394531,-8.87850189208984,"Female"
"9004154",371995,2025-06-22 05:55:54,42.4225463867188,-8.87848472595215,"Female"
"9004154",371995,2025-06-22 06:00:52,42.4227180480957,-8.87846565246582,"Female"
"9004154",371995,2025-06-22 06:05:58,42.4223594665527,-8.87851524353027,"Female"
"9004154",371995,2025-06-22 06:10:58,42.4230880737305,-8.87829971313477,"Female"
"9004154",371995,2025-06-22 06:15:55,42.4372711181641,-8.87776851654053,"Female"
"9004154",371995,2025-06-22 06:23:05,42.4469947814941,-8.87849712371826,"Female"
"9004154",371995,2025-06-22 06:28:48,42.4483909606934,-8.87996482849121,"Female"
"9004154",371995,2025-06-22 06:34:57,42.4527740478516,-8.88704681396484,"Female"
"9004154",371995,2025-06-22 06:40:04,42.4536476135254,-8.88783264160156,"Female"
"9004154",371995,2025-06-22 06:48:12,42.4547691345215,-8.88893795013428,"Female"
"9004154",371995,2025-06-22 06:53:17,42.4540596008301,-8.89037609100342,"Female"
"9004154",371995,2025-06-22 06:58:17,42.4584617614746,-8.90447235107422,"Female"
"9004154",371995,2025-06-22 07:03:35,42.4585914611816,-8.90434169769287,"Female"
"9004154",371995,2025-06-22 07:08:14,42.458366394043,-8.90435314178467,"Female"
"9004154",371995,2025-06-22 07:13:14,42.4585456848145,-8.90443897247314,"Female"
"9004154",371995,2025-06-22 07:18:13,42.4584159851074,-8.90445804595947,"Female"
"9004154",371995,2025-06-22 07:23:13,42.4585914611816,-8.90442752838135,"Female"
"9004154",371995,2025-06-22 07:28:14,42.4604301452637,-8.90833282470703,"Female"
"9004154",371995,2025-06-22 07:34:24,42.4608154296875,-8.90965747833252,"Female"
"9004154",371995,2025-06-22 07:39:23,42.4603424072266,-8.90990829467773,"Female"
"9004154",371995,2025-06-22 07:44:31,42.4605751037598,-8.90989589691162,"Female"
"9004154",371995,2025-06-22 07:53:43,42.4617805480957,-8.9109992980957,"Female"
"9004154",371995,2025-06-22 07:58:10,42.4606704711914,-8.91041851043701,"Female"
"9004154",371995,2025-06-22 08:03:10,42.4579849243164,-8.90292644500732,"Female"
"9004154",371995,2025-06-22 08:08:11,42.4580192565918,-8.90291213989258,"Female"
"9004154",371995,2025-06-22 08:13:11,42.4579925537109,-8.902907371521,"Female"
"9004154",371995,2025-06-22 08:18:11,42.4579963684082,-8.90291595458984,"Female"
"9004154",371995,2025-06-22 08:23:11,42.4580383300781,-8.90292358398438,"Female"
"9004154",371995,2025-06-22 08:28:11,42.4580764770508,-8.90297412872314,"Female"
"9004154",371995,2025-06-22 08:33:11,42.4580307006836,-8.90291023254395,"Female"
"9004154",371995,2025-06-22 08:38:10,42.4580955505371,-8.90292644500732,"Female"
"9004154",371995,2025-06-22 08:43:10,42.4580459594727,-8.90293884277344,"Female"
"9004154",371995,2025-06-22 08:48:10,42.4579925537109,-8.90290069580078,"Female"
"9004154",371995,2025-06-22 08:53:12,42.4581489562988,-8.90296840667725,"Female"
"9004154",371995,2025-06-22 08:58:11,42.4581413269043,-8.90297603607178,"Female"
"9004154",371995,2025-06-22 09:03:12,42.4580307006836,-8.90291309356689,"Female"
"9004154",371995,2025-06-22 09:08:10,42.4581031799316,-8.90299224853516,"Female"
"9004154",371995,2025-06-22 09:13:10,42.4580726623535,-8.90291690826416,"Female"
"9004154",371995,2025-06-22 09:18:12,42.4582061767578,-8.90298748016357,"Female"
"9004154",371995,2025-06-22 09:23:11,42.4581680297852,-8.90302562713623,"Female"
"9004154",371995,2025-06-22 09:28:11,42.4582939147949,-8.90318870544434,"Female"
"9004154",371995,2025-06-22 09:33:13,42.4581413269043,-8.90296649932861,"Female"
"9004154",371995,2025-06-22 09:38:10,42.4581642150879,-8.90296840667725,"Female"
"9004154",371995,2025-06-22 09:43:11,42.4582977294922,-8.90331077575684,"Female"
"9004154",371995,2025-06-22 09:48:18,42.4581565856934,-8.90290927886963,"Female"
"9004154",371995,2025-06-22 09:53:11,42.4581336975098,-8.90292549133301,"Female"
"9004154",371995,2025-06-22 09:58:13,42.458122253418,-8.90277194976807,"Female"
"9004154",371995,2025-06-22 10:03:17,42.4581031799316,-8.90274906158447,"Female"
"9004154",371995,2025-06-22 10:08:18,42.4581298828125,-8.9026985168457,"Female"
"9004154",371995,2025-06-22 10:13:18,42.4581146240234,-8.90272045135498,"Female"
"9004154",371995,2025-06-22 10:18:35,42.4593544006348,-8.90514183044434,"Female"
"9004154",371995,2025-06-22 10:23:11,42.4596061706543,-8.90630054473877,"Female"
"9004154",371995,2025-06-22 10:28:11,42.4594688415527,-8.90508556365967,"Female"
"9004154",371995,2025-06-22 10:33:18,42.4595031738281,-8.90526962280273,"Female"
"9004154",371995,2025-06-22 10:38:18,42.4595413208008,-8.90527439117432,"Female"
"9004154",371995,2025-06-22 10:43:18,42.4595413208008,-8.90526294708252,"Female"
"9004154",371995,2025-06-22 10:48:18,42.4595336914062,-8.90531730651855,"Female"
"9004154",371995,2025-06-22 10:53:18,42.4595222473145,-8.90530872344971,"Female"
"9004154",371995,2025-06-22 10:58:18,42.4595336914062,-8.90535736083984,"Female"
"9004154",371995,2025-06-22 11:03:18,42.4595336914062,-8.90537929534912,"Female"
"9004154",371995,2025-06-22 11:08:18,42.4595603942871,-8.90528011322021,"Female"
"9004154",371995,2025-06-22 11:13:19,42.4595375061035,-8.90534019470215,"Female"
"9004154",371995,2025-06-22 11:18:17,42.459529876709,-8.90544605255127,"Female"
"9004154",371995,2025-06-22 11:23:17,42.4594955444336,-8.90536403656006,"Female"
"9004154",371995,2025-06-22 11:28:29,42.4595108032227,-8.90532207489014,"Female"
"9004154",371995,2025-06-22 11:33:28,42.4595108032227,-8.90536022186279,"Female"
"9004154",371995,2025-06-22 11:38:32,42.459545135498,-8.90533447265625,"Female"
"9004154",371995,2025-06-22 11:44:05,42.4572296142578,-8.90006542205811,"Female"
"9004154",371995,2025-06-22 11:49:26,42.4576187133789,-8.89502429962158,"Female"
"9004154",371995,2025-06-22 11:54:51,42.4570693969727,-8.89385032653809,"Female"
"9004154",371995,2025-06-22 11:59:50,42.4575424194336,-8.89387130737305,"Female"
"9004154",371995,2025-06-22 12:04:50,42.4575729370117,-8.89822483062744,"Female"
"9004154",371995,2025-06-22 12:09:51,42.4581604003906,-8.90307140350342,"Female"
"9004154",371995,2025-06-22 12:14:50,42.458137512207,-8.90306091308594,"Female"
"9004154",371995,2025-06-22 12:19:51,42.4581489562988,-8.90305423736572,"Female"
"9004154",371995,2025-06-22 12:24:51,42.4581184387207,-8.90310478210449,"Female"
"9004154",371995,2025-06-22 12:29:51,42.4581336975098,-8.90305709838867,"Female"
"9004154",371995,2025-06-22 12:34:51,42.4581451416016,-8.90300941467285,"Female"
"9004154",371995,2025-06-22 12:39:51,42.4581336975098,-8.90310001373291,"Female"
"9004154",371995,2025-06-22 12:44:51,42.458179473877,-8.90316486358643,"Female"
"9004154",371995,2025-06-22 12:49:51,42.4581413269043,-8.90306377410889,"Female"
"9004154",371995,2025-06-22 12:54:51,42.4581260681152,-8.90306186676025,"Female"
"9004154",371995,2025-06-22 12:59:51,42.4580955505371,-8.90305423736572,"Female"
"9004154",371995,2025-06-22 13:04:51,42.4580993652344,-8.90306854248047,"Female"
"9004154",371995,2025-06-22 13:09:51,42.4581146240234,-8.90307140350342,"Female"
"9004154",371995,2025-06-22 13:14:51,42.4582061767578,-8.90310478210449,"Female"
"9004154",371995,2025-06-22 13:19:51,42.4580268859863,-8.90306949615479,"Female"
"9004154",371995,2025-06-22 13:24:51,42.4580116271973,-8.90308475494385,"Female"
"9004154",371995,2025-06-22 13:29:51,42.4580192565918,-8.90303802490234,"Female"
"9004154",371995,2025-06-22 13:34:51,42.4580764770508,-8.90305805206299,"Female"
"9004154",371995,2025-06-22 13:39:51,42.4580383300781,-8.90306091308594,"Female"
"9004154",371995,2025-06-22 13:44:51,42.4579696655273,-8.90302467346191,"Female"
"9004154",371995,2025-06-22 13:49:51,42.4579734802246,-8.90302085876465,"Female"
"9004154",371995,2025-06-22 13:54:51,42.4580039978027,-8.90303516387939,"Female"
"9004154",371995,2025-06-22 13:59:51,42.4580345153809,-8.90302181243896,"Female"
"9004154",371995,2025-06-22 14:05:14,42.4581680297852,-8.90302181243896,"Female"
"9004154",371995,2025-06-22 14:09:55,42.4583206176758,-8.90313625335693,"Female"
"9004154",371995,2025-06-22 14:14:51,42.4582252502441,-8.90308666229248,"Female"
"9004154",371995,2025-06-22 14:19:51,42.4581680297852,-8.90306949615479,"Female"
"9004154",371995,2025-06-22 14:24:53,42.4582138061523,-8.9030704498291,"Female"
"9004154",371995,2025-06-22 14:29:51,42.4580345153809,-8.90300559997559,"Female"
"9004154",371995,2025-06-22 14:34:53,42.4580345153809,-8.90297985076904,"Female"
"9004154",371995,2025-06-22 14:39:51,42.4579544067383,-8.90291118621826,"Female"
"9004154",371995,2025-06-22 14:44:51,42.4580001831055,-8.90300941467285,"Female"
"9004154",371995,2025-06-22 14:49:54,42.4578437805176,-8.90282917022705,"Female"
"9004154",371995,2025-06-22 14:54:57,42.4579582214355,-8.90294361114502,"Female"
"9004154",371995,2025-06-22 14:59:52,42.4578666687012,-8.90285396575928,"Female"
"9004154",371995,2025-06-22 15:04:53,42.4578895568848,-8.90287208557129,"Female"
"9004154",371995,2025-06-22 15:10:14,42.458065032959,-8.90297222137451,"Female"
"9004154",371995,2025-06-22 15:15:33,42.4579277038574,-8.8942346572876,"Female"
"9004154",371995,2025-06-22 15:21:21,42.4572868347168,-8.89406490325928,"Female"
"9004154",371995,2025-06-22 15:26:24,42.4583473205566,-8.89394187927246,"Female"
"9004154",371995,2025-06-22 15:32:42,42.4589042663574,-8.89513778686523,"Female"
"9004154",371995,2025-06-22 15:38:37,42.4583473205566,-8.89495468139648,"Female"
"9004154",371995,2025-06-22 16:07:05,42.4603462219238,-8.90138339996338,"Female"
"9004154",371995,2025-06-22 16:11:23,42.458568572998,-8.90447616577148,"Female"
"9004154",371995,2025-06-22 16:16:23,42.4585762023926,-8.90443325042725,"Female"
"9004154",371995,2025-06-22 16:21:22,42.4585609436035,-8.90447330474854,"Female"
"9004154",371995,2025-06-22 16:26:22,42.4585723876953,-8.90442848205566,"Female"
"9004154",371995,2025-06-22 16:31:22,42.458423614502,-8.90461444854736,"Female"
"9004154",371995,2025-06-22 16:36:25,42.4585571289062,-8.90446949005127,"Female"
"9004154",371995,2025-06-22 16:41:23,42.4585456848145,-8.90442848205566,"Female"
"9004154",371995,2025-06-22 16:46:23,42.4585571289062,-8.90443992614746,"Female"
"9004154",371995,2025-06-22 16:51:23,42.4585914611816,-8.9044885635376,"Female"
"9004154",371995,2025-06-22 16:56:23,42.4585418701172,-8.90441989898682,"Female"
"9004154",371995,2025-06-22 17:01:24,42.4558334350586,-8.89032363891602,"Female"
"9004154",371995,2025-06-22 17:07:26,42.4509773254395,-8.88575458526611,"Female"
"9004154",371995,2025-06-22 17:12:40,42.4491996765137,-8.88492393493652,"Female"
"9004154",371995,2025-06-22 17:17:46,42.4482040405273,-8.88358783721924,"Female"
"9004154",371995,2025-06-22 17:23:38,42.4473915100098,-8.88232707977295,"Female"
"9004154",371995,2025-06-22 17:28:52,42.4467277526855,-8.88136196136475,"Female"
"9004154",371995,2025-06-22 17:35:26,42.4468612670898,-8.88158416748047,"Female"
"9004154",371995,2025-06-22 17:41:44,42.4455413818359,-8.88153171539307,"Female"
"9004154",371995,2025-06-22 17:55:44,42.4431381225586,-8.87874889373779,"Female"
"9004154",371995,2025-06-22 18:34:32,42.4422950744629,-8.87928867340088,"Female"
"9004154",371995,2025-06-22 18:39:32,42.439826965332,-8.87925624847412,"Female"
"9004154",371995,2025-06-22 18:44:53,42.4228477478027,-8.87849617004395,"Female"
"9004154",371995,2025-06-22 18:49:19,42.422607421875,-8.87870121002197,"Female"
"9004154",371995,2025-06-22 18:54:19,42.4227867126465,-8.87851428985596,"Female"
"9004154",371995,2025-06-22 18:59:19,42.4227981567383,-8.87831592559814,"Female"
"9004154",371995,2025-06-22 19:04:20,42.4227142333984,-8.87845516204834,"Female"
"9004154",371995,2025-06-22 19:09:22,42.4229011535645,-8.87867736816406,"Female"
"9004154",371995,2025-06-22 19:14:22,42.4222297668457,-8.87866878509521,"Female"
"9004154",371995,2025-06-22 19:19:25,42.4226264953613,-8.87854957580566,"Female"
"9004154",371995,2025-06-22 19:24:33,42.4224586486816,-8.87859535217285,"Female"
"9004154",371995,2025-06-22 19:29:44,42.4223518371582,-8.87844562530518,"Female"
"9004154",371995,2025-06-22 19:34:19,42.4221076965332,-8.87840366363525,"Female"
"9004154",371995,2025-06-22 19:39:24,42.4224052429199,-8.87845897674561,"Female"
"9004154",371995,2025-06-22 19:44:24,42.4222183227539,-8.8783016204834,"Female"
"9004154",371995,2025-06-22 19:49:51,42.4227485656738,-8.87847423553467,"Female"
"9004154",371995,2025-06-22 19:54:20,42.4227485656738,-8.87831783294678,"Female"
"9004154",371995,2025-06-22 19:59:23,42.4223709106445,-8.87846374511719,"Female"
"9004154",371995,2025-06-22 20:04:19,42.4228286743164,-8.87856197357178,"Female"
"9004154",371995,2025-06-22 20:09:19,42.4228897094727,-8.87862682342529,"Female"
"9004154",371995,2025-06-22 20:14:28,42.4224090576172,-8.87862300872803,"Female"
"9004154",371995,2025-06-22 20:19:23,42.4224090576172,-8.87850666046143,"Female"
"9004154",371995,2025-06-22 20:24:22,42.4226455688477,-8.87894058227539,"Female"
"9004154",371995,2025-06-22 20:29:24,42.4230613708496,-8.87917137145996,"Female"
"9004154",371995,2025-06-22 20:34:28,42.4225654602051,-8.8784294128418,"Female"
"9004154",371995,2025-06-22 20:39:44,42.4231109619141,-8.87841510772705,"Female"
"9004154",371995,2025-06-22 20:44:28,42.4232292175293,-8.87851047515869,"Female"
"9004154",371995,2025-06-22 20:50:43,42.4228820800781,-8.87845516204834,"Female"
"9004154",371995,2025-06-22 20:54:53,42.4228019714355,-8.87831401824951,"Female"
"9004154",371995,2025-06-22 20:59:32,42.4227638244629,-8.87833309173584,"Female"
"9004154",371995,2025-06-22 21:04:45,42.4228591918945,-8.87835311889648,"Female"
"9004154",371995,2025-06-22 21:09:34,42.4229774475098,-8.87834072113037,"Female"
"9004154",371995,2025-06-22 21:14:43,42.4228935241699,-8.87831974029541,"Female"
"9004154",371995,2025-06-22 21:20:30,42.4229431152344,-8.87831974029541,"Female"
"9004154",371995,2025-06-22 21:24:21,42.4228973388672,-8.87818622589111,"Female"
"9004154",371995,2025-06-22 21:29:21,42.4229927062988,-8.87808895111084,"Female"
"9004154",371995,2025-06-22 21:34:25,42.4229774475098,-8.878342628479,"Female"
"9004154",371995,2025-06-22 21:39:20,42.4229164123535,-8.87819576263428,"Female"
"9004154",371995,2025-06-22 21:44:19,42.4228782653809,-8.87827968597412,"Female"
"9004154",371995,2025-06-22 21:49:44,42.4227638244629,-8.87827587127686,"Female"
"9004154",371995,2025-06-22 21:54:20,42.422794342041,-8.87829875946045,"Female"
"9004154",371995,2025-06-22 21:59:20,42.422794342041,-8.87828636169434,"Female"
"9004154",371995,2025-06-22 22:04:20,42.4226608276367,-8.87855625152588,"Female"
"9004154",371995,2025-06-22 22:09:20,42.4226112365723,-8.87910652160645,"Female"
"9004154",371995,2025-06-22 22:14:20,42.4227638244629,-8.87675189971924,"Female"
"9004154",371995,2025-06-22 22:19:20,42.4225006103516,-8.87880992889404,"Female"
"9004154",371995,2025-06-22 22:24:20,42.4226760864258,-8.87849807739258,"Female"
"9004154",371995,2025-06-22 22:29:21,42.4225921630859,-8.8784351348877,"Female"
"9004154",371995,2025-06-22 22:34:20,42.4225921630859,-8.87848281860352,"Female"
"9004154",371995,2025-06-22 22:39:21,42.422534942627,-8.87910270690918,"Female"
"9004154",371995,2025-06-22 22:44:20,42.4224472045898,-8.88113784790039,"Female"
"9004154",371995,2025-06-22 22:49:26,42.422607421875,-8.8784875869751,"Female"
"9004154",371995,2025-06-22 22:54:25,42.4226875305176,-8.87826347351074,"Female"
"9004154",371995,2025-06-22 23:00:14,42.4225692749023,-8.87843322753906,"Female"
"9004154",371995,2025-06-22 23:04:20,42.4227256774902,-8.87841033935547,"Female"
"9004154",371995,2025-06-22 23:09:25,42.4225959777832,-8.87845706939697,"Female"
"9004154",371995,2025-06-22 23:14:22,42.422550201416,-8.87846946716309,"Female"
"9004154",371995,2025-06-22 23:19:21,42.4225807189941,-8.87839984893799,"Female"
"9004154",371995,2025-06-22 23:24:25,42.4227180480957,-8.87861442565918,"Female"
"9004154",371995,2025-06-22 23:29:31,42.4224853515625,-8.87836647033691,"Female"
"9004154",371995,2025-06-22 23:34:28,42.4227180480957,-8.87841320037842,"Female"
"9004154",371995,2025-06-22 23:39:26,42.4226837158203,-8.87842750549316,"Female"
"9004154",371995,2025-06-22 23:44:23,42.4228057861328,-8.87929058074951,"Female"
"9004154",371995,2025-06-22 23:49:53,42.4224853515625,-8.87844657897949,"Female"
"9004154",371995,2025-06-22 23:54:48,42.4224967956543,-8.87840747833252,"Female"
"9004154",371995,2025-06-22 23:59:34,42.4224739074707,-8.87840461730957,"Female"
"9004154",371995,2025-06-23 00:04:30,42.4224967956543,-8.87842464447021,"Female"
"9004154",371995,2025-06-23 00:09:28,42.4224967956543,-8.87845039367676,"Female"
"9004154",371995,2025-06-23 00:14:28,42.4225120544434,-8.87840557098389,"Female"
"9004154",371995,2025-06-23 00:19:31,42.4226341247559,-8.8784351348877,"Female"
"9004154",371995,2025-06-23 00:24:30,42.4224815368652,-8.87836456298828,"Female"
"9004154",371995,2025-06-23 00:30:05,42.4225654602051,-8.87843990325928,"Female"
"9004154",371995,2025-06-23 00:34:31,42.4226875305176,-8.87835311889648,"Female"
"9004154",371995,2025-06-23 00:39:31,42.4226036071777,-8.87842655181885,"Female"
"9004154",371995,2025-06-23 00:44:35,42.4227600097656,-8.87840461730957,"Female"
"9004154",371995,2025-06-23 00:49:53,42.4226951599121,-8.87839984893799,"Female"
"9004154",371995,2025-06-23 00:54:55,42.4229354858398,-8.87826728820801,"Female"
"9004154",371995,2025-06-23 00:59:53,42.4225234985352,-8.87850666046143,"Female"
"9004154",371995,2025-06-23 01:04:29,42.422534942627,-8.87848567962646,"Female"
"9004154",371995,2025-06-23 01:09:25,42.422779083252,-8.87857913970947,"Female"
"9004154",371995,2025-06-23 01:14:31,42.4225311279297,-8.87850856781006,"Female"
"9004154",371995,2025-06-23 01:19:24,42.4224052429199,-8.87845516204834,"Female"
"9004154",371995,2025-06-23 01:24:31,42.4225692749023,-8.87852382659912,"Female"
"9004154",371995,2025-06-23 01:29:24,42.4223785400391,-8.87840938568115,"Female"
"9004154",371995,2025-06-23 01:34:31,42.4225769042969,-8.87852573394775,"Female"
"9004154",371995,2025-06-23 01:39:23,42.4228591918945,-8.87871932983398,"Female"
"9004154",371995,2025-06-23 01:44:30,42.4224662780762,-8.87853145599365,"Female"
"9004154",371995,2025-06-23 01:49:55,42.4223022460938,-8.87847232818604,"Female"
"9004154",371995,2025-06-23 01:55:43,42.4223442077637,-8.87840843200684,"Female"
"9004154",371995,2025-06-23 01:59:25,42.4227638244629,-8.87870121002197,"Female"
"9004154",371995,2025-06-23 02:04:26,42.422737121582,-8.87842464447021,"Female"
"9004154",371995,2025-06-23 02:09:21,42.4221725463867,-8.87788391113281,"Female"
"9004154",371995,2025-06-23 02:14:24,42.4223899841309,-8.87807464599609,"Female"
"9004154",371995,2025-06-23 02:19:24,42.4224891662598,-8.87832355499268,"Female"
"9004154",371995,2025-06-23 02:24:22,42.4223403930664,-8.87789344787598,"Female"
"9004154",371995,2025-06-23 02:29:23,42.4226226806641,-8.8783712387085,"Female"
"9004154",371995,2025-06-23 02:34:35,42.4225730895996,-8.87852573394775,"Female"
"9004154",371995,2025-06-23 02:39:24,42.4226875305176,-8.87866592407227,"Female"
"9004154",371995,2025-06-23 02:44:31,42.4225959777832,-8.87843894958496,"Female"
"9004154",371995,2025-06-23 02:49:25,42.4227752685547,-8.87841033935547,"Female"
"9004154",371995,2025-06-23 02:54:31,42.4225082397461,-8.87849807739258,"Female"
"9004154",371995,2025-06-23 02:59:25,42.4224624633789,-8.87860584259033,"Female"
"9004154",371995,2025-06-23 03:05:43,42.4225654602051,-8.87847995758057,"Female"
"9004154",371995,2025-06-23 03:09:44,42.4225845336914,-8.87850761413574,"Female"
"9004154",371995,2025-06-23 03:14:22,42.422679901123,-8.87818622589111,"Female"
"9004154",371995,2025-06-23 03:19:59,42.4225616455078,-8.87852191925049,"Female"
"9004154",371995,2025-06-23 03:24:20,42.422534942627,-8.87828731536865,"Female"
"9004154",371995,2025-06-23 03:29:30,42.4226913452148,-8.87849521636963,"Female"
"9004154",371995,2025-06-23 03:34:21,42.4226303100586,-8.87842559814453,"Female"
"9004154",371995,2025-06-23 03:39:20,42.4225730895996,-8.87858104705811,"Female"
"9004154",371995,2025-06-23 03:44:21,42.4225807189941,-8.87838268280029,"Female"
"9004154",371995,2025-06-23 03:49:22,42.4226837158203,-8.87816715240479,"Female"
"9004154",371995,2025-06-23 03:54:28,42.4225425720215,-8.87865924835205,"Female"
"9004154",371995,2025-06-23 03:59:41,42.4225540161133,-8.8785228729248,"Female"
"9004154",371995,2025-06-23 04:04:19,42.4224014282227,-8.87885570526123,"Female"
"9004154",371995,2025-06-23 04:09:22,42.4225769042969,-8.87836360931396,"Female"
"9004154",371995,2025-06-23 04:14:22,42.4225540161133,-8.87847137451172,"Female"
"9004154",371995,2025-06-23 04:19:22,42.4226264953613,-8.87844848632812,"Female"
"9004154",371995,2025-06-23 04:24:22,42.4224510192871,-8.87858104705811,"Female"
"9004154",371995,2025-06-23 04:29:21,42.4226570129395,-8.87831878662109,"Female"
"9004154",371995,2025-06-23 04:34:24,42.4227752685547,-8.8783597946167,"Female"
"9004154",371995,2025-06-23 04:39:31,42.4223937988281,-8.87862873077393,"Female"
"9004154",371995,2025-06-23 04:44:21,42.4226188659668,-8.87854671478271,"Female"
"9004154",371995,2025-06-23 04:49:44,42.4227561950684,-8.87840461730957,"Female"
"9004154",371995,2025-06-23 04:54:32,42.4227676391602,-8.87843990325928,"Female"
"9004154",371995,2025-06-23 04:59:31,42.4233055114746,-8.87826728820801,"Female"
"9004154",371995,2025-06-23 05:04:25,42.422779083252,-8.87851524353027,"Female"
"9004154",371995,2025-06-23 05:09:44,42.4227256774902,-8.87829208374023,"Female"
"9004154",371995,2025-06-23 05:14:30,42.4227447509766,-8.87833023071289,"Female"
"9004154",371995,2025-06-23 05:19:51,42.4227256774902,-8.87845325469971,"Female"
"9004154",371995,2025-06-23 05:24:20,42.4228897094727,-8.87841701507568,"Female"
"9004154",371995,2025-06-23 05:29:21,42.4227676391602,-8.87846755981445,"Female"
"9004154",371995,2025-06-23 05:34:21,42.4228591918945,-8.87848472595215,"Female"
"9004154",371995,2025-06-23 05:39:23,42.4228210449219,-8.87845993041992,"Female"
"9004154",371995,2025-06-23 05:44:20,42.4344062805176,-8.87753295898438,"Female"
"9004154",371995,2025-06-23 05:49:20,42.4372940063477,-8.877516746521,"Female"
"9004154",371995,2025-06-23 05:54:20,42.4376907348633,-8.87613296508789,"Female"
"9004154",371995,2025-06-23 05:59:20,42.4382362365723,-8.87525081634521,"Female"
"9004154",371995,2025-06-23 06:04:20,42.4390106201172,-8.87528610229492,"Female"
"9004154",371995,2025-06-23 06:09:20,42.4401588439941,-8.87438201904297,"Female"
"9004154",371995,2025-06-23 06:14:20,42.4421348571777,-8.87634563446045,"Female"
"9004154",371995,2025-06-23 06:19:20,42.4412384033203,-8.87607288360596,"Female"
"9004154",371995,2025-06-23 06:24:23,42.4458312988281,-8.87926959991455,"Female"
"9004154",371995,2025-06-23 06:29:23,42.4468307495117,-8.88017272949219,"Female"
"9004154",371995,2025-06-23 06:34:31,42.4477729797363,-8.88121223449707,"Female"
"9004154",371995,2025-06-23 06:40:14,42.4488525390625,-8.88323402404785,"Female"
"9004154",371995,2025-06-23 06:45:31,42.4485092163086,-8.88503360748291,"Female"
"9004154",371995,2025-06-23 07:00:56,42.4515686035156,-8.88358306884766,"Female"
"9004154",371995,2025-06-23 07:10:41,42.4561347961426,-8.89041328430176,"Female"
"9004154",371995,2025-06-23 07:15:22,42.4570350646973,-8.893235206604,"Female"
"9004154",371995,2025-06-23 07:20:22,42.4570693969727,-8.89331912994385,"Female"
"9004154",371995,2025-06-23 07:25:22,42.4612731933594,-8.91044235229492,"Female"
"9004154",371995,2025-06-23 07:30:23,42.4606513977051,-8.91013240814209,"Female"
"9004154",371995,2025-06-23 07:46:45,42.4610824584961,-8.91166877746582,"Female"
"9004154",371995,2025-06-23 07:51:56,42.4606590270996,-8.91142845153809,"Female"
"9004154",371995,2025-06-23 07:56:55,42.4587059020996,-8.90455150604248,"Female"
"9004154",371995,2025-06-23 08:01:57,42.4586944580078,-8.90463447570801,"Female"
"9004154",371995,2025-06-23 08:07:07,42.4586219787598,-8.90458679199219,"Female"
"9004154",371995,2025-06-23 08:12:14,42.4586067199707,-8.90452766418457,"Female"
"9004154",371995,2025-06-23 08:16:55,42.4586296081543,-8.90444755554199,"Female"
"9004154",371995,2025-06-23 08:21:59,42.4586753845215,-8.90451812744141,"Female"
"9004154",371995,2025-06-23 08:26:59,42.4588241577148,-8.90485382080078,"Female"
"9004154",371995,2025-06-23 08:31:56,42.4586524963379,-8.90470314025879,"Female"
"9004154",371995,2025-06-23 08:36:54,42.458812713623,-8.90494060516357,"Female"
"9004154",371995,2025-06-23 08:41:59,42.4590339660645,-8.90530776977539,"Female"
"9004154",371995,2025-06-23 08:47:15,42.4583930969238,-8.90432739257812,"Female"
"9004154",371995,2025-06-23 08:51:54,42.4593963623047,-8.90555667877197,"Female"
"9004154",371995,2025-06-23 08:56:55,42.45947265625,-8.90734672546387,"Female"
"9004154",371995,2025-06-23 09:02:30,42.4588279724121,-8.90747547149658,"Female"
"9004154",371995,2025-06-23 09:07:40,42.4611778259277,-8.91044807434082,"Female"
"9004154",371995,2025-06-23 09:20:56,42.4603118896484,-8.90778923034668,"Female"
"9004154",371995,2025-06-23 09:26:02,42.460319519043,-8.90732955932617,"Female"
"9004154",371995,2025-06-23 09:31:45,42.4593544006348,-8.90672969818115,"Female"
"9004154",371995,2025-06-23 09:36:06,42.4584083557129,-8.90460586547852,"Female"
"9004154",371995,2025-06-23 09:40:58,42.4584083557129,-8.90422439575195,"Female"
"9004154",371995,2025-06-23 09:45:59,42.4585037231445,-8.90434646606445,"Female"
"9004154",371995,2025-06-23 09:51:00,42.4585037231445,-8.90438652038574,"Female"
"9004154",371995,2025-06-23 09:56:07,42.4586753845215,-8.90440845489502,"Female"
"9004154",371995,2025-06-23 10:01:15,42.4585762023926,-8.90445137023926,"Female"
"9004154",371995,2025-06-23 10:05:59,42.458080291748,-8.904128074646,"Female"
"9004154",371995,2025-06-23 10:10:56,42.4589385986328,-8.90468692779541,"Female"
"9004154",371995,2025-06-23 10:16:00,42.4585571289062,-8.90445518493652,"Female"
"9004154",371995,2025-06-23 10:20:56,42.4583854675293,-8.90433692932129,"Female"
"9004154",371995,2025-06-23 10:26:00,42.4586524963379,-8.90450096130371,"Female"
"9004154",371995,2025-06-23 10:30:56,42.4583473205566,-8.9044017791748,"Female"
"9004154",371995,2025-06-23 10:35:59,42.4583206176758,-8.90442943572998,"Female"
"9004154",371995,2025-06-23 10:40:59,42.4583549499512,-8.90445137023926,"Female"
"9004154",371995,2025-06-23 10:46:15,42.4592933654785,-8.90706539154053,"Female"
"9004154",371995,2025-06-23 10:51:54,42.4590759277344,-8.9084939956665,"Female"
"9004154",371995,2025-06-23 10:56:50,42.4602279663086,-8.90871620178223,"Female"
"9004154",371995,2025-06-23 11:05:47,42.4597854614258,-8.91142559051514,"Female"
"9004154",371995,2025-06-23 11:10:48,42.4604759216309,-8.91027736663818,"Female"
"9004154",371995,2025-06-23 11:15:48,42.4600677490234,-8.90901184082031,"Female"
"9004154",371995,2025-06-23 11:20:48,42.4616889953613,-8.91007041931152,"Female"
"9004154",371995,2025-06-23 11:26:05,42.4601936340332,-8.90994262695312,"Female"
"9004154",371995,2025-06-23 11:30:40,42.4608993530273,-8.91137313842773,"Female"
"9004154",371995,2025-06-23 11:37:42,42.4608764648438,-8.91256523132324,"Female"
"9004154",371995,2025-06-23 11:42:42,42.459602355957,-8.90516090393066,"Female"
"9004154",371995,2025-06-23 11:47:43,42.4595756530762,-8.90516185760498,"Female"
"9004154",371995,2025-06-23 11:52:43,42.459545135498,-8.90517044067383,"Female"
"9004154",371995,2025-06-23 11:57:43,42.4595756530762,-8.90517044067383,"Female"
"9004154",371995,2025-06-23 12:02:43,42.4595222473145,-8.90512180328369,"Female"
"9004154",371995,2025-06-23 12:07:42,42.4595680236816,-8.90521812438965,"Female"
"9004154",371995,2025-06-23 12:12:43,42.4596328735352,-8.90522480010986,"Female"
"9004154",371995,2025-06-23 12:17:42,42.4595947265625,-8.90518474578857,"Female"
"9004154",371995,2025-06-23 12:22:44,42.4610404968262,-8.90665054321289,"Female"
"9004154",371995,2025-06-23 12:27:44,42.4603729248047,-8.90791130065918,"Female"
"9004154",371995,2025-06-23 12:32:45,42.460880279541,-8.9090461730957,"Female"
"9004154",371995,2025-06-23 12:37:45,42.4612083435059,-8.90779113769531,"Female"
"9004154",371995,2025-06-23 12:43:07,42.4608535766602,-8.90703773498535,"Female"
"9004154",371995,2025-06-23 12:48:05,42.4586067199707,-8.90286540985107,"Female"
"9004154",371995,2025-06-23 12:53:05,42.458625793457,-8.90286254882812,"Female"
"9004154",371995,2025-06-23 12:58:05,42.4584732055664,-8.90289783477783,"Female"
"9004154",371995,2025-06-23 13:03:06,42.4584655761719,-8.902907371521,"Female"
"9004154",371995,2025-06-23 13:08:06,42.4584617614746,-8.90293884277344,"Female"
"9004154",371995,2025-06-23 13:13:06,42.4584770202637,-8.90292167663574,"Female"
"9004154",371995,2025-06-23 13:18:06,42.4583892822266,-8.90289974212646,"Female"
"9004154",371995,2025-06-23 13:23:06,42.4583587646484,-8.90286350250244,"Female"
"9004154",371995,2025-06-23 13:28:06,42.4584465026855,-8.90289974212646,"Female"
"9004154",371995,2025-06-23 13:33:06,42.4582710266113,-8.90293216705322,"Female"
"9004154",371995,2025-06-23 13:38:06,42.458194732666,-8.90293312072754,"Female"
"9004154",371995,2025-06-23 13:43:06,42.4581527709961,-8.9029598236084,"Female"
"9004154",371995,2025-06-23 13:48:06,42.4581031799316,-8.90294647216797,"Female"
"9004154",371995,2025-06-23 13:53:06,42.460334777832,-8.90829753875732,"Female"
"9004154",371995,2025-06-23 13:58:05,42.459342956543,-8.9084415435791,"Female"
"9004154",371995,2025-06-23 14:04:19,42.4600601196289,-8.90716075897217,"Female"
"9004154",371995,2025-06-23 14:10:00,42.4607162475586,-8.90746784210205,"Female"
"9004154",371995,2025-06-23 14:15:01,42.4608459472656,-8.90704727172852,"Female"
"9004154",371995,2025-06-23 14:20:20,42.4598159790039,-8.90659141540527,"Female"
"9004154",371995,2025-06-23 14:25:20,42.4580574035645,-8.90311145782471,"Female"
"9004154",371995,2025-06-23 14:30:20,42.4581108093262,-8.90317153930664,"Female"
"9004154",371995,2025-06-23 14:35:41,42.4580345153809,-8.90311050415039,"Female"
"9004154",371995,2025-06-23 14:40:34,42.4580764770508,-8.90313529968262,"Female"
"9004154",371995,2025-06-23 14:45:34,42.4581031799316,-8.90317058563232,"Female"
"9004154",371995,2025-06-23 14:50:34,42.4581451416016,-8.90321254730225,"Female"
"9004154",371995,2025-06-23 14:55:34,42.4581604003906,-8.90321445465088,"Female"
"9004154",371995,2025-06-23 15:00:36,42.458194732666,-8.90325927734375,"Female"
"9004154",371995,2025-06-23 15:05:34,42.458194732666,-8.90326309204102,"Female"
"9004154",371995,2025-06-23 15:10:34,42.4582214355469,-8.90332126617432,"Female"
"9004154",371995,2025-06-23 15:15:34,42.4582443237305,-8.90332984924316,"Female"
"9004154",371995,2025-06-23 15:20:44,42.4561500549316,-8.88798713684082,"Female"
"9004154",371995,2025-06-23 15:26:06,42.4558296203613,-8.88760757446289,"Female"
"9004154",371995,2025-06-23 15:31:32,42.4560050964355,-8.88753700256348,"Female"
"9004154",371995,2025-06-23 15:37:39,42.455249786377,-8.8862361907959,"Female"
"9004154",371995,2025-06-23 15:42:39,42.450927734375,-8.88214111328125,"Female"
"9004154",371995,2025-06-23 15:48:05,42.4505081176758,-8.88101959228516,"Female"
"9004154",371995,2025-06-23 15:53:18,42.4496650695801,-8.87974452972412,"Female"
"9004154",371995,2025-06-23 15:58:30,42.4488182067871,-8.87902355194092,"Female"
"9004154",371995,2025-06-23 16:04:13,42.4475021362305,-8.87857437133789,"Female"
"9004154",371995,2025-06-23 16:09:13,42.4463768005371,-8.8774585723877,"Female"
"9004154",371995,2025-06-23 16:14:55,42.4452705383301,-8.87619209289551,"Female"
"9004154",371995,2025-06-23 16:19:54,42.4439506530762,-8.87615585327148,"Female"
"9004154",371995,2025-06-23 16:24:59,42.4372825622559,-8.87771129608154,"Female"
"9004154",371995,2025-06-23 16:29:54,42.4372901916504,-8.87770748138428,"Female"
"9004154",371995,2025-06-23 16:34:54,42.4372940063477,-8.87770462036133,"Female"
"9004154",371995,2025-06-23 16:39:54,42.4372863769531,-8.87774467468262,"Female"
"9004154",371995,2025-06-23 16:44:53,42.4373474121094,-8.87763595581055,"Female"
"9004154",371995,2025-06-23 16:49:54,42.4372673034668,-8.87775135040283,"Female"
"9004154",371995,2025-06-23 16:54:54,42.4373054504395,-8.87772274017334,"Female"
"9004154",371995,2025-06-23 16:59:54,42.437328338623,-8.87769508361816,"Female"
"9004154",371995,2025-06-23 17:04:54,42.4372940063477,-8.87773036956787,"Female"
"9004154",371995,2025-06-23 17:09:56,42.4373054504395,-8.87774276733398,"Female"
"9004154",371995,2025-06-23 17:15:01,42.4517784118652,-8.88474178314209,"Female"
"9004154",371995,2025-06-23 17:20:54,42.4505958557129,-8.88499069213867,"Female"
"9004154",371995,2025-06-23 17:26:42,42.4378700256348,-8.87389087677002,"Female"
"9004154",371995,2025-06-23 17:34:11,42.4369850158691,-8.87487506866455,"Female"
"9004154",371995,2025-06-23 17:42:09,42.4365386962891,-8.87529850006104,"Female"
"9004154",371995,2025-06-23 17:47:32,42.437328338623,-8.87553310394287,"Female"
"9004154",371995,2025-06-23 17:55:41,42.4380111694336,-8.87494277954102,"Female"
"9004154",371995,2025-06-23 18:01:17,42.4382820129395,-8.87382984161377,"Female"
"9004154",371995,2025-06-23 18:05:43,42.4380722045898,-8.87370014190674,"Female"
"9004154",371995,2025-06-23 18:10:41,42.4381141662598,-8.87419986724854,"Female"
"9004154",371995,2025-06-23 18:15:42,42.4382247924805,-8.87438678741455,"Female"
"9004154",371995,2025-06-23 18:20:42,42.4381866455078,-8.87441539764404,"Female"
"9004154",371995,2025-06-23 18:25:42,42.4381332397461,-8.87428951263428,"Female"
"9004154",371995,2025-06-23 18:30:45,42.4385643005371,-8.87490367889404,"Female"
"9004154",371995,2025-06-23 18:35:48,42.4384841918945,-8.87478923797607,"Female"
"9004154",371995,2025-06-23 18:40:54,42.4400405883789,-8.87540531158447,"Female"
"9004154",371995,2025-06-23 19:03:24,42.4438934326172,-8.87642669677734,"Female"
"9004154",371995,2025-06-23 19:10:06,42.4433708190918,-8.87763214111328,"Female"
"9004154",371995,2025-06-23 19:18:05,42.4444923400879,-8.87684059143066,"Female"
"9004154",371995,2025-06-23 19:23:07,42.4446678161621,-8.87688159942627,"Female"
"9004154",371995,2025-06-23 19:28:23,42.4452781677246,-8.87768459320068,"Female"
"9004154",371995,2025-06-23 19:33:23,42.4462623596191,-8.87798023223877,"Female"
"9004154",371995,2025-06-23 19:38:30,42.4457740783691,-8.87774085998535,"Female"
"9004154",371995,2025-06-23 19:44:00,42.4451026916504,-8.87779998779297,"Female"
"9004154",371995,2025-06-23 19:49:12,42.4456939697266,-8.87778377532959,"Female"
"9004154",371995,2025-06-23 19:54:39,42.4445114135742,-8.87751865386963,"Female"
"9004154",371995,2025-06-23 19:59:39,42.422534942627,-8.87849235534668,"Female"
"9004154",371995,2025-06-23 20:04:41,42.4226684570312,-8.87856960296631,"Female"
"9004154",371995,2025-06-23 20:09:38,42.4227104187012,-8.87851715087891,"Female"
"9004154",371995,2025-06-23 20:14:38,42.4227981567383,-8.87851619720459,"Female"
"9004154",371995,2025-06-23 20:19:40,42.4231643676758,-8.8785400390625,"Female"
"9004154",371995,2025-06-23 20:24:39,42.4232978820801,-8.87876224517822,"Female"
"9004154",371995,2025-06-23 20:29:41,42.4232139587402,-8.87883186340332,"Female"
"9004154",371995,2025-06-23 20:35:04,42.4227714538574,-8.87852096557617,"Female"
"9004154",371995,2025-06-23 20:39:39,42.423168182373,-8.87796306610107,"Female"
"9004154",371995,2025-06-23 20:44:38,42.4227561950684,-8.87849235534668,"Female"
"9004154",371995,2025-06-23 20:49:52,42.4227828979492,-8.87844562530518,"Female"
"9004154",371995,2025-06-23 20:55:00,42.4227676391602,-8.87847423553467,"Female"
"9004154",371995,2025-06-23 20:59:49,42.4228820800781,-8.87840557098389,"Female"
"9004154",371995,2025-06-23 21:04:38,42.4228057861328,-8.87840747833252,"Female"
"9004154",371995,2025-06-23 21:10:14,42.4228019714355,-8.87840938568115,"Female"
"9004154",371995,2025-06-23 21:14:37,42.4230422973633,-8.8783597946167,"Female"
"9004154",371995,2025-06-23 21:19:38,42.4228858947754,-8.87820720672607,"Female"
"9004154",371995,2025-06-23 21:24:38,42.4224815368652,-8.87842559814453,"Female"
"9004154",371995,2025-06-23 21:29:38,42.4225997924805,-8.87850570678711,"Female"
"9004154",371995,2025-06-23 21:34:40,42.4226264953613,-8.87863063812256,"Female"
"9004154",371995,2025-06-23 21:39:37,42.4225921630859,-8.87868595123291,"Female"
"9004154",371995,2025-06-23 21:45:10,42.4225807189941,-8.87847328186035,"Female"
"9004154",371995,2025-06-23 21:49:37,42.4226951599121,-8.87847805023193,"Female"
"9004154",371995,2025-06-23 21:54:37,42.422664642334,-8.87844181060791,"Female"
"9004154",371995,2025-06-23 21:59:37,42.422664642334,-8.87844944000244,"Female"
"9004154",371995,2025-06-23 22:04:38,42.4226684570312,-8.87838077545166,"Female"
"9004154",371995,2025-06-23 22:09:39,42.4225425720215,-8.87856674194336,"Female"
"9004154",371995,2025-06-23 22:14:39,42.422492980957,-8.87864208221436,"Female"
"9004154",371995,2025-06-23 22:19:37,42.4225387573242,-8.87850952148438,"Female"
"9004154",371995,2025-06-23 22:24:39,42.4225540161133,-8.87850475311279,"Female"
"9004154",371995,2025-06-23 22:29:47,42.422679901123,-8.87878799438477,"Female"
"9004154",371995,2025-06-23 22:34:39,42.422534942627,-8.8785982131958,"Female"
"9004154",371995,2025-06-23 22:39:40,42.4225807189941,-8.8785228729248,"Female"
"9004154",371995,2025-06-23 22:44:39,42.422607421875,-8.87847137451172,"Female"
"9004154",371995,2025-06-23 22:49:47,42.4225578308105,-8.87856388092041,"Female"
"9004154",371995,2025-06-23 22:54:42,42.4224128723145,-8.87833023071289,"Female"
"9004154",371995,2025-06-23 22:59:41,42.4224815368652,-8.87828063964844,"Female"
"9004154",371995,2025-06-23 23:04:41,42.4225044250488,-8.87838745117188,"Female"
"9004154",371995,2025-06-23 23:09:51,42.422534942627,-8.87849998474121,"Female"
"9004154",371995,2025-06-23 23:15:05,42.4225730895996,-8.87844657897949,"Female"
"9004154",371995,2025-06-23 23:19:43,42.4225616455078,-8.87845516204834,"Female"
"9004154",371995,2025-06-23 23:25:22,42.4224586486816,-8.87844276428223,"Female"
"9004154",371995,2025-06-23 23:29:46,42.4224052429199,-8.87842845916748,"Female"
"9004154",371995,2025-06-23 23:34:40,42.4224586486816,-8.87843418121338,"Female"
"9004154",371995,2025-06-23 23:39:47,42.4224319458008,-8.87845134735107,"Female"
"9004154",371995,2025-06-23 23:46:02,42.4226188659668,-8.87844562530518,"Female"
"9004154",371995,2025-06-23 23:51:02,42.4224586486816,-8.87843418121338,"Female"
"9004154",371995,2025-06-23 23:55:14,42.4224472045898,-8.87841987609863,"Female"
"9004154",371995,2025-06-23 23:59:40,42.4224510192871,-8.87832736968994,"Female"
"9004154",371995,2025-06-24 00:04:39,42.422435760498,-8.8784818649292,"Female"
"9004154",371995,2025-06-24 00:09:39,42.4225463867188,-8.87849617004395,"Female"
"9004154",371995,2025-06-24 00:14:42,42.4229011535645,-8.87858390808105,"Female"
"9004154",371995,2025-06-24 00:19:46,42.4225082397461,-8.87841606140137,"Female"
"9004154",371995,2025-06-24 00:24:49,42.4224395751953,-8.87844085693359,"Female"
"9004154",371995,2025-06-24 00:29:48,42.4224967956543,-8.87846565246582,"Female"
"9004154",371995,2025-06-24 00:34:48,42.4225387573242,-8.8784704208374,"Female"
"9004154",371995,2025-06-24 00:39:46,42.4225082397461,-8.87847137451172,"Female"
"9004154",371995,2025-06-24 00:44:46,42.4225578308105,-8.87849807739258,"Female"
"9004154",371995,2025-06-24 00:49:50,42.422477722168,-8.87851333618164,"Female"
"9004154",371995,2025-06-24 00:55:05,42.4227600097656,-8.87837600708008,"Female"
"9004154",371995,2025-06-24 00:59:45,42.4227561950684,-8.87839221954346,"Female"
"9004154",371995,2025-06-24 01:04:46,42.4227523803711,-8.87835311889648,"Female"
"9004154",371995,2025-06-24 01:09:45,42.4227523803711,-8.87839889526367,"Female"
"9004154",371995,2025-06-24 01:14:50,42.4227409362793,-8.87835693359375,"Female"
"9004154",371995,2025-06-24 01:19:50,42.422721862793,-8.8783712387085,"Female"
"9004154",371995,2025-06-24 01:24:46,42.4227142333984,-8.87842273712158,"Female"
"9004154",371995,2025-06-24 01:29:50,42.4227027893066,-8.87837886810303,"Female"
"9004154",371995,2025-06-24 01:34:50,42.4226150512695,-8.87838554382324,"Female"
"9004154",371995,2025-06-24 01:40:05,42.4226875305176,-8.87846565246582,"Female"
"9004154",371995,2025-06-24 01:44:53,42.4227104187012,-8.87846755981445,"Female"
"9004154",371995,2025-06-24 01:50:05,42.4226493835449,-8.8784704208374,"Female"
"9004154",371995,2025-06-24 01:55:05,42.4227142333984,-8.87846660614014,"Female"
"9004154",371995,2025-06-24 01:59:38,42.4227600097656,-8.87843894958496,"Female"
"9004154",371995,2025-06-24 02:04:38,42.4225807189941,-8.87841701507568,"Female"
"9004154",371995,2025-06-24 02:09:37,42.4225730895996,-8.87852096557617,"Female"
"9004154",371995,2025-06-24 02:14:39,42.422794342041,-8.87850379943848,"Female"
"9004154",371995,2025-06-24 02:19:42,42.4227142333984,-8.87845611572266,"Female"
"9004154",371995,2025-06-24 02:24:52,42.4227867126465,-8.8784236907959,"Female"
"9004154",371995,2025-06-24 02:29:43,42.4226837158203,-8.87846374511719,"Female"
"9004154",371995,2025-06-24 02:36:02,42.4227905273438,-8.87847900390625,"Female"
"9004154",371995,2025-06-24 02:39:52,42.4226608276367,-8.87841892242432,"Female"
"9004154",371995,2025-06-24 02:44:39,42.4227256774902,-8.87845134735107,"Female"
"9004154",371995,2025-06-24 02:50:29,42.4226531982422,-8.87843894958496,"Female"
"9004154",371995,2025-06-24 02:54:37,42.4226341247559,-8.87841796875,"Female"
"9004154",371995,2025-06-24 02:59:38,42.4226455688477,-8.878493309021,"Female"
"9004154",371995,2025-06-24 03:04:37,42.4224472045898,-8.87857151031494,"Female"
"9004154",371995,2025-06-24 03:09:39,42.4225158691406,-8.87860774993896,"Female"
"9004154",371995,2025-06-24 03:14:38,42.4225883483887,-8.87856388092041,"Female"
"9004154",371995,2025-06-24 03:19:39,42.4225196838379,-8.87836742401123,"Female"
"9004154",371995,2025-06-24 03:24:40,42.4226112365723,-8.87770080566406,"Female"
"9004154",371995,2025-06-24 03:29:41,42.4224853515625,-8.8789644241333,"Female"
"9004154",371995,2025-06-24 03:34:51,42.4225425720215,-8.87857341766357,"Female"
"9004154",371995,2025-06-24 03:39:42,42.4222831726074,-8.87931156158447,"Female"
"9004154",371995,2025-06-24 03:44:37,42.4225807189941,-8.87851428985596,"Female"
"9004154",371995,2025-06-24 03:49:38,42.4227180480957,-8.878249168396,"Female"
"9004154",371995,2025-06-24 03:54:40,42.4226570129395,-8.87890625,"Female"
"9004154",371995,2025-06-24 03:59:48,42.4227638244629,-8.87842082977295,"Female"
"9004154",371995,2025-06-24 04:04:39,42.4227638244629,-8.87861728668213,"Female"
"9004154",371995,2025-06-24 04:09:48,42.4226112365723,-8.87853622436523,"Female"
"9004154",371995,2025-06-24 04:14:41,42.422679901123,-8.87845134735107,"Female"
"9004154",371995,2025-06-24 04:19:47,42.4225311279297,-8.87844276428223,"Female"
"9004154",371995,2025-06-24 04:24:49,42.4225997924805,-8.87837028503418,"Female"
"9004154",371995,2025-06-24 04:31:02,42.4226760864258,-8.87848949432373,"Female"
"9004154",371995,2025-06-24 04:34:42,42.4224700927734,-8.87837791442871,"Female"
"9004154",371995,2025-06-24 04:39:47,42.4225196838379,-8.87861442565918,"Female"
"9004154",371995,2025-06-24 04:44:41,42.4227714538574,-8.87883281707764,"Female"
"9004154",371995,2025-06-24 04:49:40,42.4227066040039,-8.87845897674561,"Female"
"9004154",371995,2025-06-24 04:54:43,42.4226303100586,-8.87856388092041,"Female"
"9004154",371995,2025-06-24 04:59:40,42.4226226806641,-8.87847805023193,"Female"
"9004154",371995,2025-06-24 05:04:45,42.4226531982422,-8.87855911254883,"Female"
"9004154",371995,2025-06-24 05:09:41,42.4226150512695,-8.87857913970947,"Female"
"9004154",371995,2025-06-24 05:14:46,42.4226455688477,-8.87851524353027,"Female"
"9004154",371995,2025-06-24 05:19:52,42.4226531982422,-8.8784294128418,"Female"
"9004154",371995,2025-06-24 05:25:05,42.4226722717285,-8.87850284576416,"Female"
"9004154",371995,2025-06-24 05:29:37,42.4226303100586,-8.8785343170166,"Female"
"9004154",371995,2025-06-24 05:34:40,42.4226684570312,-8.87847995758057,"Female"
"9004154",371995,2025-06-24 05:39:39,42.4227180480957,-8.87856006622314,"Female"
"9004154",371995,2025-06-24 05:44:41,42.4227714538574,-8.87831115722656,"Female"
"9004154",371995,2025-06-24 05:49:55,42.4227066040039,-8.87844371795654,"Female"
"9004154",371995,2025-06-24 05:55:05,42.4227256774902,-8.8784351348877,"Female"
"9004154",371995,2025-06-24 05:59:38,42.4226760864258,-8.87866020202637,"Female"
"9004154",371995,2025-06-24 06:05:13,42.4226913452148,-8.87844753265381,"Female"
"9004154",371995,2025-06-24 06:09:37,42.4225387573242,-8.87876987457275,"Female"
"9004154",371995,2025-06-24 06:14:38,42.4228019714355,-8.8784065246582,"Female"
"9004154",371995,2025-06-24 06:19:38,42.4228363037109,-8.87869834899902,"Female"
"9004154",371995,2025-06-24 06:25:42,42.4225120544434,-8.87846851348877,"Female"
"9004154",371995,2025-06-24 06:29:50,42.4227409362793,-8.87842655181885,"Female"
"9004154",371995,2025-06-24 06:34:41,42.4225387573242,-8.87833309173584,"Female"
"9004154",371995,2025-06-24 06:39:43,42.4222869873047,-8.87835597991943,"Female"
"9004154",371995,2025-06-24 06:44:37,42.4290771484375,-8.87869358062744,"Female"
"9004154",371995,2025-06-24 06:49:47,42.4416275024414,-8.87703037261963,"Female"
"9004154",371995,2025-06-24 06:54:38,42.442066192627,-8.87673377990723,"Female"
"9004154",371995,2025-06-24 06:59:39,42.4426765441895,-8.87730979919434,"Female"
"9004154",371995,2025-06-24 07:04:51,42.4441757202148,-8.87750720977783,"Female"
"9004154",371995,2025-06-24 07:10:09,42.4449577331543,-8.87837219238281,"Female"
"9004154",371995,2025-06-24 07:15:09,42.4448928833008,-8.87899780273438,"Female"
"9004154",371995,2025-06-24 07:20:35,42.4370574951172,-8.87770938873291,"Female"
"9004154",371995,2025-06-24 07:25:10,42.4370918273926,-8.87728595733643,"Female"
"9004154",371995,2025-06-24 07:30:09,42.4370994567871,-8.87709331512451,"Female"
"9004154",371995,2025-06-24 07:35:09,42.437068939209,-8.87721633911133,"Female"
"9004154",371995,2025-06-24 07:40:08,42.4370880126953,-8.87708473205566,"Female"
"9004154",371995,2025-06-24 07:45:08,42.4370422363281,-8.8771448135376,"Female"
"9004154",371995,2025-06-24 07:50:08,42.4370002746582,-8.87709045410156,"Female"
"9004154",371995,2025-06-24 07:55:11,42.4370231628418,-8.87717151641846,"Female"
"9004154",371995,2025-06-24 08:00:11,42.4369926452637,-8.87708377838135,"Female"
"9004154",371995,2025-06-24 08:05:08,42.4369812011719,-8.87703418731689,"Female"
"9004154",371995,2025-06-24 08:10:08,42.4369316101074,-8.87698173522949,"Female"
"9004154",371995,2025-06-24 08:15:09,42.4370994567871,-8.87766265869141,"Female"
"9004154",371995,2025-06-24 08:20:08,42.4370880126953,-8.87758541107178,"Female"
"9004154",371995,2025-06-24 08:25:09,42.4372062683105,-8.87782001495361,"Female"
"9004154",371995,2025-06-24 08:30:08,42.4370994567871,-8.87779521942139,"Female"
"9004154",371995,2025-06-24 08:35:08,42.4371910095215,-8.87799072265625,"Female"
"9004154",371995,2025-06-24 08:40:09,42.4368133544922,-8.87759494781494,"Female"
"9004154",371995,2025-06-24 08:45:11,42.436840057373,-8.87751483917236,"Female"
"9004154",371995,2025-06-24 08:50:11,42.4368743896484,-8.87770462036133,"Female"
"9004154",371995,2025-06-24 08:55:13,42.437126159668,-8.87808990478516,"Female"
"9004154",371995,2025-06-24 09:00:15,42.4373092651367,-8.87799263000488,"Female"
"9004154",371995,2025-06-24 09:05:18,42.4373397827148,-8.87798976898193,"Female"
"9004154",371995,2025-06-24 09:10:18,42.4374694824219,-8.87785339355469,"Female"
"9004154",371995,2025-06-24 09:15:18,42.4375381469727,-8.87787628173828,"Female"
"9004154",371995,2025-06-24 09:20:30,42.4432525634766,-8.87840938568115,"Female"
"9004154",371995,2025-06-24 10:16:07,42.4501914978027,-8.88375854492188,"Female"
"9004154",371995,2025-06-24 10:20:15,42.4594879150391,-8.90538024902344,"Female"
"9004154",371995,2025-06-24 10:25:35,42.4595108032227,-8.90524673461914,"Female"
"9004154",371995,2025-06-24 10:30:14,42.4595489501953,-8.90525341033936,"Female"
"9004154",371995,2025-06-24 10:35:15,42.4596900939941,-8.90487003326416,"Female"
"9004154",371995,2025-06-24 10:40:15,42.4596176147461,-8.90498733520508,"Female"
"9004154",371995,2025-06-24 10:45:14,42.4596824645996,-8.90487098693848,"Female"
"9004154",371995,2025-06-24 10:50:14,42.459716796875,-8.90500831604004,"Female"
"9004154",371995,2025-06-24 10:55:14,42.459716796875,-8.90498352050781,"Female"
"9004154",371995,2025-06-24 11:00:14,42.4597358703613,-8.90488433837891,"Female"
"9004154",371995,2025-06-24 11:05:14,42.4596633911133,-8.90503883361816,"Female"
"9004154",371995,2025-06-24 11:10:15,42.4596977233887,-8.9050121307373,"Female"
"9004154",371995,2025-06-24 11:15:14,42.4594535827637,-8.90533447265625,"Female"
"9004154",371995,2025-06-24 11:20:49,42.4612312316895,-8.91137886047363,"Female"
"9004154",371995,2025-06-24 11:25:49,42.4617233276367,-8.91235256195068,"Female"
"9004154",371995,2025-06-24 11:31:05,42.461856842041,-8.91319942474365,"Female"
"9004154",371995,2025-06-24 11:36:04,42.4615058898926,-8.91304302215576,"Female"
"9004154",371995,2025-06-24 11:42:13,42.4615440368652,-8.91337394714355,"Female"
"9004154",371995,2025-06-24 11:47:45,42.4615211486816,-8.91378593444824,"Female"
"9004154",371995,2025-06-24 11:52:47,42.4614486694336,-8.91392612457275,"Female"
"9004154",371995,2025-06-24 11:58:03,42.4611396789551,-8.91409301757812,"Female"
"9004154",371995,2025-06-24 12:03:26,42.4612007141113,-8.91446876525879,"Female"
"9004154",371995,2025-06-24 12:10:02,42.4612350463867,-8.91455078125,"Female"
"9004154",371995,2025-06-24 12:15:25,42.4612922668457,-8.91359519958496,"Female"
"9004154",371995,2025-06-24 12:20:39,42.4612808227539,-8.91306018829346,"Female"
"9004154",371995,2025-06-24 12:25:47,42.4599647521973,-8.90524482727051,"Female"
"9004154",371995,2025-06-24 12:30:39,42.4599075317383,-8.90525341033936,"Female"
"9004154",371995,2025-06-24 12:35:39,42.4599380493164,-8.9052267074585,"Female"
"9004154",371995,2025-06-24 12:40:39,42.4599151611328,-8.90519905090332,"Female"
"9004154",371995,2025-06-24 12:45:40,42.4598503112793,-8.90514278411865,"Female"
"9004154",371995,2025-06-24 12:50:39,42.4598503112793,-8.90517520904541,"Female"
"9004154",371995,2025-06-24 12:55:39,42.4598617553711,-8.90517425537109,"Female"
"9004154",371995,2025-06-24 13:00:39,42.4598693847656,-8.90518093109131,"Female"
"9004154",371995,2025-06-24 13:05:52,42.4598121643066,-8.90515232086182,"Female"
"9004154",371995,2025-06-24 13:10:39,42.459846496582,-8.90512657165527,"Female"
"9004154",371995,2025-06-24 13:15:40,42.4598159790039,-8.90515899658203,"Female"
"9004154",371995,2025-06-24 13:20:42,42.4598655700684,-8.90496253967285,"Female"
"9004154",371995,2025-06-24 13:25:50,42.4598045349121,-8.90507984161377,"Female"
"9004154",371995,2025-06-24 13:31:04,42.4597206115723,-8.90518188476562,"Female"
"9004154",371995,2025-06-24 13:35:38,42.4595375061035,-8.90544700622559,"Female"
"9004154",371995,2025-06-24 13:40:38,42.459545135498,-8.90529918670654,"Female"
"9004154",371995,2025-06-24 13:45:38,42.4595909118652,-8.90526962280273,"Female"
"9004154",371995,2025-06-24 13:50:38,42.4595603942871,-8.90521621704102,"Female"
"9004154",371995,2025-06-24 13:55:38,42.459545135498,-8.90525436401367,"Female"
"9004154",371995,2025-06-24 14:00:39,42.4595909118652,-8.90527057647705,"Female"
"9004154",371995,2025-06-24 14:05:38,42.4595680236816,-8.90522289276123,"Female"
"9004154",371995,2025-06-24 14:10:38,42.4595108032227,-8.90525531768799,"Female"
"9004154",371995,2025-06-24 14:15:38,42.4595603942871,-8.90522956848145,"Female"
"9004154",371995,2025-06-24 14:20:38,42.4596176147461,-8.90525341033936,"Female"
"9004154",371995,2025-06-24 14:25:45,42.4596519470215,-8.90525245666504,"Female"
"9004154",371995,2025-06-24 14:30:38,42.4596481323242,-8.90529346466064,"Female"
"9004154",371995,2025-06-24 14:35:38,42.4597625732422,-8.90527725219727,"Female"
"9004154",371995,2025-06-24 14:40:38,42.4596557617188,-8.905348777771,"Female"
"9004154",371995,2025-06-24 14:46:03,42.4607086181641,-8.9065523147583,"Female"
"9004154",371995,2025-06-24 14:51:17,42.4607429504395,-8.90688419342041,"Female"
"9004154",371995,2025-06-24 14:57:08,42.4599914550781,-8.90711498260498,"Female"
"9004154",371995,2025-06-24 15:03:13,42.4596481323242,-8.90617370605469,"Female"
"9004154",371995,2025-06-24 15:08:49,42.4598121643066,-8.90695095062256,"Female"
"9004154",371995,2025-06-24 15:14:28,42.4600028991699,-8.90668201446533,"Female"
"9004154",371995,2025-06-24 15:19:49,42.4606056213379,-8.90720176696777,"Female"
"9004154",371995,2025-06-24 15:38:40,42.4598960876465,-8.90642261505127,"Female"
"9004154",371995,2025-06-24 15:43:05,42.4595642089844,-8.9052906036377,"Female"
"9004154",371995,2025-06-24 15:47:16,42.4596748352051,-8.90523624420166,"Female"
"9004154",371995,2025-06-24 15:52:17,42.4596099853516,-8.90534782409668,"Female"
"9004154",371995,2025-06-24 15:57:16,42.4596214294434,-8.90538311004639,"Female"
"9004154",371995,2025-06-24 16:02:21,42.4595718383789,-8.9052562713623,"Female"
"9004154",371995,2025-06-24 16:07:16,42.459400177002,-8.90501308441162,"Female"
"9004154",371995,2025-06-24 16:12:27,42.459529876709,-8.90524673461914,"Female"
"9004154",371995,2025-06-24 16:17:24,42.459545135498,-8.90524196624756,"Female"
"9004154",371995,2025-06-24 16:22:31,42.4596138000488,-8.90525150299072,"Female"
"9004154",371995,2025-06-24 16:54:45,42.4597854614258,-8.90246963500977,"Female"
"9004154",371995,2025-06-24 16:59:40,42.4594306945801,-8.89525318145752,"Female"
"9004154",371995,2025-06-24 17:04:34,42.4594688415527,-8.89505195617676,"Female"
"9004154",371995,2025-06-24 17:09:33,42.4598426818848,-8.89612483978271,"Female"
"9004154",371995,2025-06-24 17:14:39,42.4592666625977,-8.8953971862793,"Female"
"9004154",371995,2025-06-24 17:19:34,42.4593162536621,-8.8952112197876,"Female"
"9004154",371995,2025-06-24 17:24:34,42.4592895507812,-8.89531517028809,"Female"
"9004154",371995,2025-06-24 17:31:26,42.46044921875,-8.89716720581055,"Female"
"9004154",371995,2025-06-24 17:38:52,42.4599647521973,-8.89816093444824,"Female"
"9004154",371995,2025-06-24 17:53:35,42.4605102539062,-8.89847946166992,"Female"
"9004154",371995,2025-06-24 18:02:44,42.4604339599609,-8.89864730834961,"Female"
"9004154",371995,2025-06-24 18:08:09,42.4605178833008,-8.89908123016357,"Female"
"9004154",371995,2025-06-24 18:13:08,42.4602088928223,-8.89894962310791,"Female"
"9004154",371995,2025-06-24 18:18:08,42.4594078063965,-8.8988151550293,"Female"
"9004154",371995,2025-06-24 18:23:08,42.4290771484375,-8.88066387176514,"Female"
"9004154",371995,2025-06-24 18:28:35,42.4226722717285,-8.87846755981445,"Female"
"9004154",371995,2025-06-24 18:33:11,42.4226379394531,-8.87848567962646,"Female"
"9004154",371995,2025-06-24 18:38:44,42.4225234985352,-8.87850284576416,"Female"
"9004154",371995,2025-06-24 18:43:08,42.422477722168,-8.87857723236084,"Female"
"9004154",371995,2025-06-24 18:48:08,42.4228019714355,-8.87824726104736,"Female"
"9004154",371995,2025-06-24 18:53:09,42.4223747253418,-8.87848281860352,"Female"
"9004154",371995,2025-06-24 18:58:10,42.4220809936523,-8.87856864929199,"Female"
"9004154",371995,2025-06-24 19:03:12,42.4221687316895,-8.87846088409424,"Female"
"9004154",371995,2025-06-24 19:08:09,42.422420501709,-8.87835216522217,"Female"
"9004154",371995,2025-06-24 19:13:12,42.4227066040039,-8.87868595123291,"Female"
"9004154",371995,2025-06-24 19:18:11,42.4228172302246,-8.87889671325684,"Female"
"9004154",371995,2025-06-24 19:23:12,42.4226112365723,-8.87840366363525,"Female"
"9004154",371995,2025-06-24 19:28:11,42.422664642334,-8.8781213760376,"Female"
"9004154",371995,2025-06-24 19:33:18,42.4226684570312,-8.8784646987915,"Female"
"9004154",371995,2025-06-24 19:38:35,42.4227447509766,-8.87849235534668,"Female"
"9004154",371995,2025-06-24 19:43:08,42.4226760864258,-8.87849712371826,"Female"
"9004154",371995,2025-06-24 19:48:09,42.4227523803711,-8.87840938568115,"Female"
"9004154",371995,2025-06-24 19:53:08,42.4224433898926,-8.87862300872803,"Female"
"9004154",371995,2025-06-24 19:58:08,42.4229278564453,-8.87832164764404,"Female"
"9004154",371995,2025-06-24 20:03:09,42.4227104187012,-8.87840747833252,"Female"
"9004154",371995,2025-06-24 20:08:08,42.4226913452148,-8.8784818649292,"Female"
"9004154",371995,2025-06-24 20:13:09,42.422981262207,-8.87830352783203,"Female"
"9004154",371995,2025-06-24 20:18:09,42.4228553771973,-8.87841987609863,"Female"
"9004154",371995,2025-06-24 20:23:11,42.4226760864258,-8.87844371795654,"Female"
"9004154",371995,2025-06-24 20:28:35,42.4226226806641,-8.87845993041992,"Female"
"9004154",371995,2025-06-24 20:33:08,42.4224739074707,-8.87855434417725,"Female"
"9004154",371995,2025-06-24 20:38:08,42.4225883483887,-8.87855911254883,"Female"
"9004154",371995,2025-06-24 20:43:24,42.422607421875,-8.87845420837402,"Female"
"9004154",371995,2025-06-24 20:48:28,42.4225425720215,-8.87850189208984,"Female"
"9004154",371995,2025-06-24 20:53:09,42.4226913452148,-8.87833118438721,"Female"
"9004154",371995,2025-06-24 20:58:12,42.422607421875,-8.87843418121338,"Female"
"9004154",371995,2025-06-24 21:03:13,42.4225387573242,-8.87847518920898,"Female"
"9004154",371995,2025-06-24 21:08:44,42.4226455688477,-8.87847232818604,"Female"
"9004154",371995,2025-06-24 21:13:09,42.4227066040039,-8.87824249267578,"Female"
"9004154",371995,2025-06-24 21:18:09,42.4228057861328,-8.87835884094238,"Female"
"9004154",371995,2025-06-24 21:23:09,42.4226264953613,-8.87837600708008,"Female"
"9004154",371995,2025-06-24 21:28:12,42.4227104187012,-8.87786197662354,"Female"
"9004154",371995,2025-06-24 21:33:11,42.4228286743164,-8.87887382507324,"Female"
"9004154",371995,2025-06-24 21:38:13,42.4227714538574,-8.8784122467041,"Female"
"9004154",371995,2025-06-24 21:43:15,42.4225807189941,-8.87848281860352,"Female"
"9004154",371995,2025-06-24 21:48:38,42.422664642334,-8.87849521636963,"Female"
"9004154",371995,2025-06-24 21:53:09,42.4226570129395,-8.87839412689209,"Female"
"9004154",371995,2025-06-24 21:58:09,42.4225807189941,-8.87781810760498,"Female"
"9004154",371995,2025-06-24 22:03:10,42.4227485656738,-8.87816619873047,"Female"
"9004154",371995,2025-06-24 22:08:09,42.4225120544434,-8.87875270843506,"Female"
"9004154",371995,2025-06-24 22:13:08,42.4226417541504,-8.87854385375977,"Female"
"9004154",371995,2025-06-24 22:18:10,42.4226303100586,-8.87849807739258,"Female"
"9004154",371995,2025-06-24 22:23:12,42.4226417541504,-8.87860012054443,"Female"
"9004154",371995,2025-06-24 22:28:08,42.4226112365723,-8.87850284576416,"Female"
"9004154",371995,2025-06-24 22:33:08,42.4226303100586,-8.87849617004395,"Female"
"9004154",371995,2025-06-24 22:38:16,42.4227256774902,-8.8784761428833,"Female"
"9004154",371995,2025-06-24 22:43:09,42.4227256774902,-8.87860107421875,"Female"
"9004154",371995,2025-06-24 22:48:11,42.422664642334,-8.87838363647461,"Female"
"9004154",371995,2025-06-24 22:53:11,42.422550201416,-8.87826538085938,"Female"
"9004154",371995,2025-06-24 22:58:53,42.4226379394531,-8.8785514831543,"Female"
"9004154",371995,2025-06-24 23:03:12,42.4225196838379,-8.87855911254883,"Female"
"9004154",371995,2025-06-24 23:08:09,42.4226341247559,-8.87850856781006,"Female"
"9004154",371995,2025-06-24 23:13:10,42.4225273132324,-8.87856388092041,"Female"
"9004154",371995,2025-06-24 23:18:09,42.4226188659668,-8.87853622436523,"Female"
"9004154",371995,2025-06-24 23:23:11,42.4225959777832,-8.87845802307129,"Female"
"9004154",371995,2025-06-24 23:28:15,42.4225387573242,-8.87840366363525,"Female"
"9004154",371995,2025-06-24 23:33:24,42.4224433898926,-8.87841987609863,"Female"
"9004154",371995,2025-06-24 23:38:44,42.4223899841309,-8.87842178344727,"Female"
"9004154",371995,2025-06-24 23:43:17,42.4225997924805,-8.87842559814453,"Female"
"9004154",371995,2025-06-24 23:48:15,42.4226455688477,-8.87850570678711,"Female"
"9004154",371995,2025-06-24 23:53:12,42.4226837158203,-8.87859725952148,"Female"
"9004154",371995,2025-06-24 23:58:13,42.4226150512695,-8.87849903106689,"Female"
"9004154",371995,2025-06-25 00:03:13,42.4226837158203,-8.87849903106689,"Female"
"9004154",371995,2025-06-25 00:08:13,42.4226417541504,-8.87846374511719,"Female"
"9004154",371995,2025-06-25 00:13:21,42.4224624633789,-8.87852191925049,"Female"
"9004154",371995,2025-06-25 00:18:15,42.422607421875,-8.87853908538818,"Female"
"9004154",371995,2025-06-25 00:23:13,42.4226837158203,-8.87850379943848,"Female"
"9004154",371995,2025-06-25 00:28:15,42.422492980957,-8.87848281860352,"Female"
"9004154",371995,2025-06-25 00:33:19,42.4225158691406,-8.87851810455322,"Female"
"9004154",371995,2025-06-25 00:38:22,42.4227409362793,-8.87857437133789,"Female"
"9004154",371995,2025-06-25 00:43:20,42.4225616455078,-8.87855243682861,"Female"
"9004154",371995,2025-06-25 00:48:59,42.4226531982422,-8.87853050231934,"Female"
"9004154",371995,2025-06-25 00:53:18,42.4227676391602,-8.87839412689209,"Female"
"9004154",371995,2025-06-25 00:58:18,42.4224433898926,-8.87862968444824,"Female"
"9004154",371995,2025-06-25 01:03:20,42.4226951599121,-8.87853622436523,"Female"
"9004154",371995,2025-06-25 01:08:26,42.4228210449219,-8.8784008026123,"Female"
"9004154",371995,2025-06-25 01:13:35,42.4226531982422,-8.87843799591064,"Female"
"9004154",371995,2025-06-25 01:18:08,42.4226913452148,-8.87835884094238,"Female"
"9004154",371995,2025-06-25 01:23:08,42.4226608276367,-8.87846660614014,"Female"
"9004154",371995,2025-06-25 01:28:09,42.4226226806641,-8.87840557098389,"Female"
"9004154",371995,2025-06-25 01:33:08,42.422492980957,-8.87834739685059,"Female"
"9004154",371995,2025-06-25 01:38:11,42.4226837158203,-8.87840938568115,"Female"
"9004154",371995,2025-06-25 01:43:15,42.4224472045898,-8.87840938568115,"Female"
"9004154",371995,2025-06-25 01:48:44,42.4226531982422,-8.87835025787354,"Female"
"9004154",371995,2025-06-25 01:53:11,42.4226150512695,-8.8782901763916,"Female"
"9004154",371995,2025-06-25 01:58:09,42.4226417541504,-8.8784122467041,"Female"
"9004154",371995,2025-06-25 02:03:11,42.4227066040039,-8.87832546234131,"Female"
"9004154",371995,2025-06-25 02:08:10,42.4227142333984,-8.87835216522217,"Female"
"9004154",371995,2025-06-25 02:13:12,42.4227294921875,-8.87831974029541,"Female"
"9004154",371995,2025-06-25 02:18:08,42.422737121582,-8.8784122467041,"Female"
"9004154",371995,2025-06-25 02:23:11,42.4227485656738,-8.87846374511719,"Female"
"9004154",371995,2025-06-25 02:28:16,42.4227714538574,-8.87834644317627,"Female"
"9004154",371995,2025-06-25 02:33:19,42.4226951599121,-8.87839031219482,"Female"
"9004154",371995,2025-06-25 02:38:18,42.4227867126465,-8.87834644317627,"Female"
"9004154",371995,2025-06-25 02:44:05,42.4226608276367,-8.8784704208374,"Female"
"9004154",371995,2025-06-25 02:48:53,42.4225883483887,-8.87843418121338,"Female"
"9004154",371995,2025-06-25 02:53:12,42.4226913452148,-8.87841796875,"Female"
"9004154",371995,2025-06-25 02:58:44,42.4226341247559,-8.8784351348877,"Female"
"9004154",371995,2025-06-25 03:03:11,42.422607421875,-8.87838363647461,"Female"
"9004154",371995,2025-06-25 03:08:09,42.4224967956543,-8.87860488891602,"Female"
"9004154",371995,2025-06-25 03:13:09,42.422420501709,-8.87856292724609,"Female"
"9004154",371995,2025-06-25 03:18:09,42.4225158691406,-8.87858009338379,"Female"
"9004154",371995,2025-06-25 03:23:08,42.4223899841309,-8.87829685211182,"Female"
"9004154",371995,2025-06-25 03:28:10,42.4226684570312,-8.87768077850342,"Female"
"9004154",371995,2025-06-25 03:33:11,42.4226379394531,-8.87800788879395,"Female"
"9004154",371995,2025-06-25 03:38:09,42.4226112365723,-8.8783016204834,"Female"
"9004154",371995,2025-06-25 03:43:12,42.4227561950684,-8.87786960601807,"Female"
"9004154",371995,2025-06-25 03:48:32,42.4224510192871,-8.87859344482422,"Female"
"9004154",371995,2025-06-25 03:53:12,42.4224662780762,-8.87883281707764,"Female"
"9004154",371995,2025-06-25 03:58:11,42.4226303100586,-8.8786096572876,"Female"
"9004154",371995,2025-06-25 04:03:18,42.4223594665527,-8.87871551513672,"Female"
"9004154",371995,2025-06-25 04:08:13,42.4227828979492,-8.87868022918701,"Female"
"9004154",371995,2025-06-25 04:13:19,42.4226455688477,-8.8784761428833,"Female"
"9004154",371995,2025-06-25 04:18:17,42.4224243164062,-8.87854766845703,"Female"
"9004154",371995,2025-06-25 04:23:24,42.4226303100586,-8.87841510772705,"Female"
"9004154",371995,2025-06-25 04:28:19,42.4226875305176,-8.87843704223633,"Female"
"9004154",371995,2025-06-25 04:33:23,42.4227600097656,-8.8784065246582,"Female"
"9004154",371995,2025-06-25 04:38:20,42.422737121582,-8.87850666046143,"Female"
"9004154",371995,2025-06-25 04:43:20,42.4227256774902,-8.87846660614014,"Female"
"9004154",371995,2025-06-25 04:48:20,42.4226608276367,-8.8785457611084,"Female"
"9004154",371995,2025-06-25 04:53:20,42.4227180480957,-8.87849712371826,"Female"
"9004154",371995,2025-06-25 04:58:23,42.422664642334,-8.87856101989746,"Female"
"9004154",371995,2025-06-25 05:03:23,42.422679901123,-8.8785285949707,"Female"
"9004154",371995,2025-06-25 05:08:35,42.4226837158203,-8.87847137451172,"Female"
"9004154",371995,2025-06-25 05:13:09,42.4226303100586,-8.87841033935547,"Female"
"9004154",371995,2025-06-25 05:18:09,42.4226417541504,-8.87841320037842,"Female"
"9004154",371995,2025-06-25 05:23:08,42.4226570129395,-8.87836837768555,"Female"
"9004154",371995,2025-06-25 05:28:08,42.4227638244629,-8.87837314605713,"Female"
"9004154",371995,2025-06-25 05:33:11,42.422607421875,-8.87838840484619,"Female"
"9004154",371995,2025-06-25 05:38:43,42.4227180480957,-8.87847328186035,"Female"
"9004154",371995,2025-06-25 05:43:08,42.4226417541504,-8.87853240966797,"Female"
"9004154",371995,2025-06-25 05:48:08,42.4225311279297,-8.87849712371826,"Female"
"9004154",371995,2025-06-25 05:53:08,42.422721862793,-8.87848281860352,"Female"
"9004154",371995,2025-06-25 05:58:08,42.4226951599121,-8.87870311737061,"Female"
"9004154",371995,2025-06-25 06:03:08,42.4228019714355,-8.87858200073242,"Female"
"9004154",371995,2025-06-25 06:08:09,42.4225311279297,-8.87840557098389,"Female"
"9004154",371995,2025-06-25 06:13:08,42.4225120544434,-8.87818622589111,"Female"
"9004154",371995,2025-06-25 06:18:09,42.4228134155273,-8.87848567962646,"Female"
"9004154",371995,2025-06-25 06:23:22,42.4227867126465,-8.87836265563965,"Female"
"9004154",371995,2025-06-25 06:28:08,42.4231033325195,-8.87838840484619,"Female"
"9004154",371995,2025-06-25 06:33:35,42.4226837158203,-8.8784351348877,"Female"
"9004154",371995,2025-06-25 06:38:09,42.4226303100586,-8.87845611572266,"Female"
"9004154",371995,2025-06-25 06:43:12,42.4226684570312,-8.87843036651611,"Female"
"9004154",371995,2025-06-25 06:48:13,42.4226264953613,-8.87834548950195,"Female"
"9004154",371995,2025-06-25 06:53:08,42.4228324890137,-8.87832355499268,"Female"
"9004154",371995,2025-06-25 06:58:08,42.4229316711426,-8.87816333770752,"Female"
"9004154",371995,2025-06-25 07:03:08,42.4226989746094,-8.87815380096436,"Female"
"9004154",371995,2025-06-25 07:08:12,42.4230041503906,-8.87820243835449,"Female"
"9004154",371995,2025-06-25 07:13:14,42.4228897094727,-8.8781566619873,"Female"
"9004154",371995,2025-06-25 07:18:09,42.4443435668945,-8.87772178649902,"Female"
"9004154",371995,2025-06-25 07:23:36,42.4526901245117,-8.88528919219971,"Female"
"9004154",371995,2025-06-25 07:28:47,42.45361328125,-8.88584804534912,"Female"
"9004154",371995,2025-06-25 07:34:15,42.4548416137695,-8.88666725158691,"Female"
"9004154",371995,2025-06-25 07:39:29,42.4556617736816,-8.88753700256348,"Female"
"9004154",371995,2025-06-25 07:46:43,42.4561882019043,-8.88909149169922,"Female"
"9004154",371995,2025-06-25 07:52:01,42.456714630127,-8.88998794555664,"Female"
"9004154",371995,2025-06-25 07:57:17,42.4571075439453,-8.89051055908203,"Female"
"9004154",371995,2025-06-25 08:03:16,42.4569892883301,-8.88922309875488,"Female"
"9004154",371995,2025-06-25 08:09:46,42.4565544128418,-8.88924503326416,"Female"
"9004154",371995,2025-06-25 08:15:18,42.4562797546387,-8.88922691345215,"Female"
"9004154",371995,2025-06-25 08:20:57,42.4556312561035,-8.88955211639404,"Female"
"9004154",371995,2025-06-25 08:25:36,42.4552154541016,-8.89049816131592,"Female"
"9004154",371995,2025-06-25 08:30:44,42.4585151672363,-8.9046573638916,"Female"
"9004154",371995,2025-06-25 08:35:32,42.4586410522461,-8.90467643737793,"Female"
"9004154",371995,2025-06-25 08:40:32,42.458553314209,-8.90465545654297,"Female"
"9004154",371995,2025-06-25 08:45:32,42.4585876464844,-8.90456295013428,"Female"
"9004154",371995,2025-06-25 08:50:32,42.4585952758789,-8.90471363067627,"Female"
"9004154",371995,2025-06-25 08:55:32,42.4584922790527,-8.90472030639648,"Female"
"9004154",371995,2025-06-25 09:00:32,42.4584617614746,-8.90443420410156,"Female"
"9004154",371995,2025-06-25 09:05:32,42.4585037231445,-8.90458297729492,"Female"
"9004154",371995,2025-06-25 09:10:32,42.4586219787598,-8.90443515777588,"Female"
"9004154",371995,2025-06-25 09:15:44,42.458667755127,-8.90446853637695,"Female"
"9004154",371995,2025-06-25 09:20:36,42.4586639404297,-8.90461444854736,"Female"
"9004154",371995,2025-06-25 09:25:32,42.4583587646484,-8.90427207946777,"Female"
"9004154",371995,2025-06-25 09:30:32,42.458553314209,-8.90439033508301,"Female"
"9004154",371995,2025-06-25 09:35:32,42.4583892822266,-8.90428924560547,"Female"
"9004154",371995,2025-06-25 09:40:32,42.4583511352539,-8.90428161621094,"Female"
"9004154",371995,2025-06-25 09:45:44,42.458610534668,-8.90454196929932,"Female"
"9004154",371995,2025-06-25 09:50:32,42.4584808349609,-8.90431118011475,"Female"
"9004154",371995,2025-06-25 09:55:32,42.4586448669434,-8.90448760986328,"Female"
"9004154",371995,2025-06-25 10:00:34,42.4586563110352,-8.90479755401611,"Female"
"9004154",371995,2025-06-25 10:05:32,42.45849609375,-8.90456581115723,"Female"
"9004154",371995,2025-06-25 10:10:36,42.458568572998,-8.90459060668945,"Female"
"9004154",371995,2025-06-25 11:04:29,42.46044921875,-8.90814685821533,"Female"
"9004154",371995,2025-06-25 11:08:44,42.4584274291992,-8.90434646606445,"Female"
"9004154",371995,2025-06-25 11:13:21,42.4585723876953,-8.90431976318359,"Female"
"9004154",371995,2025-06-25 11:18:21,42.4584884643555,-8.90429592132568,"Female"
"9004154",371995,2025-06-25 11:23:29,42.4584579467773,-8.90434455871582,"Female"
"9004154",371995,2025-06-25 11:28:22,42.4585037231445,-8.90475463867188,"Female"
"9004154",371995,2025-06-25 11:33:21,42.4585266113281,-8.90431785583496,"Female"
"9004154",371995,2025-06-25 11:38:21,42.4584922790527,-8.90418815612793,"Female"
"9004154",371995,2025-06-25 11:43:24,42.4585838317871,-8.90399265289307,"Female"
"9004154",371995,2025-06-25 11:48:45,42.4581642150879,-8.90410995483398,"Female"
"9004154",371995,2025-06-25 11:53:42,42.4584808349609,-8.90439987182617,"Female"
"9004154",371995,2025-06-25 11:58:19,42.4583892822266,-8.90435409545898,"Female"
"9004154",371995,2025-06-25 12:07:11,42.460506439209,-8.89838600158691,"Female"
"9004154",371995,2025-06-25 12:13:55,42.4598922729492,-8.89948272705078,"Female"
"9004154",371995,2025-06-25 12:18:51,42.459400177002,-8.90136909484863,"Female"
"9004154",371995,2025-06-25 12:23:59,42.4594116210938,-8.90525245666504,"Female"
"9004154",371995,2025-06-25 12:28:58,42.4593391418457,-8.90518379211426,"Female"
"9004154",371995,2025-06-25 12:34:02,42.4594497680664,-8.90507125854492,"Female"
"9004154",371995,2025-06-25 12:38:53,42.4593238830566,-8.90536117553711,"Female"
"9004154",371995,2025-06-25 12:43:55,42.4590682983398,-8.90537357330322,"Female"
"9004154",371995,2025-06-25 12:49:23,42.4593353271484,-8.90523433685303,"Female"
"9004154",371995,2025-06-25 12:53:50,42.4595108032227,-8.90517139434814,"Female"
"9004154",371995,2025-06-25 12:58:51,42.4595069885254,-8.90535545349121,"Female"
"9004154",371995,2025-06-25 13:03:50,42.4593811035156,-8.90524101257324,"Female"
"9004154",371995,2025-06-25 13:08:53,42.4594955444336,-8.90523147583008,"Female"
"9004154",371995,2025-06-25 13:13:50,42.4594535827637,-8.90529441833496,"Female"
"9004154",371995,2025-06-25 13:18:50,42.4604606628418,-8.90975570678711,"Female"
"9004154",371995,2025-06-25 13:24:47,42.4608345031738,-8.90988159179688,"Female"
"9004154",371995,2025-06-25 13:30:12,42.4613037109375,-8.90977954864502,"Female"
"9004154",371995,2025-06-25 13:35:27,42.4612503051758,-8.91044425964355,"Female"
"9004154",371995,2025-06-25 13:42:40,42.4614410400391,-8.9096212387085,"Female"
"9004154",371995,2025-06-25 13:47:40,42.4613227844238,-8.90910530090332,"Female"
"9004154",371995,2025-06-25 13:52:41,42.4606132507324,-8.90884304046631,"Female"
"9004154",371995,2025-06-25 13:58:00,42.4604568481445,-8.90784072875977,"Female"
"9004154",371995,2025-06-25 14:03:03,42.460807800293,-8.90871238708496,"Female"
"9004154",371995,2025-06-25 14:08:13,42.4607391357422,-8.90832805633545,"Female"
"9004154",371995,2025-06-25 14:13:59,42.4609985351562,-8.90901851654053,"Female"
"9004154",371995,2025-06-25 14:18:59,42.4605255126953,-8.90922546386719,"Female"
"9004154",371995,2025-06-25 14:23:59,42.4592819213867,-8.90490531921387,"Female"
"9004154",371995,2025-06-25 14:29:07,42.4594802856445,-8.90521240234375,"Female"
"9004154",371995,2025-06-25 14:34:07,42.4594879150391,-8.9052095413208,"Female"
"9004154",371995,2025-06-25 14:39:07,42.4595603942871,-8.90530204772949,"Female"
"9004154",371995,2025-06-25 14:44:07,42.4594612121582,-8.90515422821045,"Female"
"9004154",371995,2025-06-25 14:49:07,42.4593276977539,-8.90499973297119,"Female"
"9004154",371995,2025-06-25 14:54:14,42.4595375061035,-8.90524101257324,"Female"
"9004154",371995,2025-06-25 14:58:56,42.4595489501953,-8.90525722503662,"Female"
"9004154",371995,2025-06-25 15:03:56,42.4595909118652,-8.90525913238525,"Female"
"9004154",371995,2025-06-25 15:08:56,42.4596328735352,-8.90533351898193,"Female"
"9004154",371995,2025-06-25 15:13:58,42.4595909118652,-8.90525531768799,"Female"
"9004154",371995,2025-06-25 15:18:57,42.4594345092773,-8.90517711639404,"Female"
"9004154",371995,2025-06-25 15:24:00,42.4596633911133,-8.90536594390869,"Female"
"9004154",371995,2025-06-25 15:28:56,42.4595909118652,-8.90521430969238,"Female"
"9004154",371995,2025-06-25 15:33:56,42.4597244262695,-8.90540599822998,"Female"
"9004154",371995,2025-06-25 15:38:56,42.4600486755371,-8.90558528900146,"Female"
"9004154",371995,2025-06-25 15:43:56,42.4594917297363,-8.9051628112793,"Female"
"9004154",371995,2025-06-25 15:49:14,42.4594535827637,-8.90517044067383,"Female"
"9004154",371995,2025-06-25 15:53:59,42.459602355957,-8.90530300140381,"Female"
"9004154",371995,2025-06-25 15:59:10,42.4594764709473,-8.90513801574707,"Female"
"9004154",371995,2025-06-25 16:04:00,42.459171295166,-8.90493679046631,"Female"
"9004154",371995,2025-06-25 16:08:58,42.459358215332,-8.90511226654053,"Female"
"9004154",371995,2025-06-25 16:13:59,42.4594764709473,-8.90512657165527,"Female"
"9004154",371995,2025-06-25 16:18:59,42.4593505859375,-8.90502548217773,"Female"
"9004154",371995,2025-06-25 16:24:07,42.459358215332,-8.90506839752197,"Female"
"9004154",371995,2025-06-25 16:35:59,42.4613189697266,-8.91000175476074,"Female"
"9004154",371995,2025-06-25 16:41:07,42.4612884521484,-8.91000556945801,"Female"
"9004154",371995,2025-06-25 17:03:05,42.4611282348633,-8.91243362426758,"Female"
"9004154",371995,2025-06-25 17:07:24,42.460807800293,-8.91183185577393,"Female"
"9004154",371995,2025-06-25 17:12:23,42.4398193359375,-8.88898754119873,"Female"
"9004154",371995,2025-06-25 17:17:31,42.4228057861328,-8.8784351348877,"Female"
"9004154",371995,2025-06-25 17:22:44,42.4228096008301,-8.8783712387085,"Female"
"9004154",371995,2025-06-25 17:27:26,42.4228782653809,-8.87847137451172,"Female"
"9004154",371995,2025-06-25 17:32:31,42.4228935241699,-8.87842845916748,"Female"
"9004154",371995,2025-06-25 17:37:47,42.4226760864258,-8.87837982177734,"Female"
"9004154",371995,2025-06-25 17:42:25,42.4227066040039,-8.87852764129639,"Female"
"9004154",371995,2025-06-25 17:47:24,42.4232177734375,-8.87869548797607,"Female"
"9004154",371995,2025-06-25 17:52:31,42.4226455688477,-8.87848091125488,"Female"
"9004154",371995,2025-06-25 17:57:36,42.4224128723145,-8.87846851348877,"Female"
"9004154",371995,2025-06-25 18:02:45,42.4225959777832,-8.87841892242432,"Female"
"9004154",371995,2025-06-25 18:07:25,42.422435760498,-8.87847328186035,"Female"
"9004154",371995,2025-06-25 18:12:24,42.4232788085938,-8.87885761260986,"Female"
"9004154",371995,2025-06-25 18:17:22,42.4228057861328,-8.87842655181885,"Female"
"9004154",371995,2025-06-25 18:22:21,42.4230499267578,-8.87879467010498,"Female"
"9004154",371995,2025-06-25 18:27:26,42.4228134155273,-8.8784351348877,"Female"
"9004154",371995,2025-06-25 18:32:23,42.4227485656738,-8.87854385375977,"Female"
"9004154",371995,2025-06-25 18:37:26,42.4226150512695,-8.87853050231934,"Female"
"9004154",371995,2025-06-25 18:42:25,42.4225082397461,-8.8784065246582,"Female"
"9004154",371995,2025-06-25 18:48:14,42.422607421875,-8.87847900390625,"Female"
"9004154",371995,2025-06-25 18:52:22,42.4225387573242,-8.87810039520264,"Female"
"9004154",371995,2025-06-25 18:57:29,42.4225273132324,-8.8784818649292,"Female"
"9004154",371995,2025-06-25 19:02:26,42.4224548339844,-8.87835121154785,"Female"
"9004154",371995,2025-06-25 19:07:23,42.4224243164062,-8.87845706939697,"Female"
"9004154",371995,2025-06-25 19:12:28,42.4228668212891,-8.87852668762207,"Female"
"9004154",371995,2025-06-25 19:17:28,42.4227714538574,-8.87849521636963,"Female"
"9004154",371995,2025-06-25 19:22:24,42.4227447509766,-8.87862586975098,"Female"
"9004154",371995,2025-06-25 19:27:32,42.4229507446289,-8.87832736968994,"Female"
"9004154",371995,2025-06-25 19:32:44,42.4229698181152,-8.87831115722656,"Female"
"9004154",371995,2025-06-25 19:37:26,42.422779083252,-8.87834644317627,"Female"
"9004154",371995,2025-06-25 19:42:27,42.422908782959,-8.87841415405273,"Female"
"9004154",371995,2025-06-25 19:47:27,42.4230918884277,-8.87834358215332,"Female"
"9004154",371995,2025-06-25 19:52:28,42.4230575561523,-8.87808036804199,"Female"
"9004154",371995,2025-06-25 19:57:24,42.4230880737305,-8.87835597991943,"Female"
"9004154",371995,2025-06-25 20:02:35,42.4231910705566,-8.87796878814697,"Female"
"9004154",371995,2025-06-25 20:07:30,42.4234046936035,-8.87772846221924,"Female"
"9004154",371995,2025-06-25 20:12:25,42.4227447509766,-8.87849998474121,"Female"
"9004154",371995,2025-06-25 20:17:35,42.422721862793,-8.8785572052002,"Female"
"9004154",371995,2025-06-25 20:22:53,42.4227523803711,-8.87845325469971,"Female"
"9004154",371995,2025-06-25 20:27:25,42.4228019714355,-8.87838840484619,"Female"
"9004154",371995,2025-06-25 20:32:23,42.4227180480957,-8.87841892242432,"Female"
"9004154",371995,2025-06-25 20:37:22,42.4223670959473,-8.87863636016846,"Female"
"9004154",371995,2025-06-25 20:42:27,42.4226570129395,-8.87850666046143,"Female"
"9004154",371995,2025-06-25 20:47:53,42.4226722717285,-8.87848472595215,"Female"
"9004154",371995,2025-06-25 20:52:25,42.4226684570312,-8.8784761428833,"Female"
"9004154",371995,2025-06-25 20:57:25,42.422779083252,-8.87825679779053,"Female"
"9004154",371995,2025-06-25 21:02:22,42.4228591918945,-8.87830543518066,"Female"
"9004154",371995,2025-06-25 21:07:22,42.4226493835449,-8.87845134735107,"Female"
"9004154",371995,2025-06-25 21:12:25,42.4226684570312,-8.87844276428223,"Female"
"9004154",371995,2025-06-25 21:17:21,42.4226226806641,-8.87846851348877,"Female"
"9004154",371995,2025-06-25 21:22:22,42.422420501709,-8.87853050231934,"Female"
"9004154",371995,2025-06-25 21:27:23,42.4228744506836,-8.87815761566162,"Female"
"9004154",371995,2025-06-25 21:32:44,42.4226608276367,-8.87845039367676,"Female"
"9004154",371995,2025-06-25 21:37:28,42.4226112365723,-8.87853813171387,"Female"
"9004154",371995,2025-06-25 21:42:22,42.4226341247559,-8.87854766845703,"Female"
"9004154",371995,2025-06-25 21:47:22,42.422737121582,-8.87862777709961,"Female"
"9004154",371995,2025-06-25 21:52:21,42.4226341247559,-8.87844181060791,"Female"
"9004154",371995,2025-06-25 21:57:21,42.4227180480957,-8.87842178344727,"Female"
"9004154",371995,2025-06-25 22:02:23,42.4225540161133,-8.87912368774414,"Female"
"9004154",371995,2025-06-25 22:07:21,42.4227447509766,-8.87841987609863,"Female"
"9004154",371995,2025-06-25 22:12:22,42.422679901123,-8.87835788726807,"Female"
"9004154",371995,2025-06-25 22:17:21,42.4226188659668,-8.87854099273682,"Female"
"9004154",371995,2025-06-25 22:22:21,42.4226188659668,-8.87849521636963,"Female"
"9004154",371995,2025-06-25 22:27:22,42.4226226806641,-8.87846088409424,"Female"
"9004154",371995,2025-06-25 22:32:22,42.4225692749023,-8.87882328033447,"Female"
"9004154",371995,2025-06-25 22:37:24,42.4225158691406,-8.87943363189697,"Female"
"9004154",371995,2025-06-25 22:42:37,42.4225807189941,-8.87860202789307,"Female"
"9004154",371995,2025-06-25 22:47:25,42.4225234985352,-8.87834644317627,"Female"
"9004154",371995,2025-06-25 22:52:35,42.4223556518555,-8.87831020355225,"Female"
"9004154",371995,2025-06-25 22:57:32,42.4225311279297,-8.87839317321777,"Female"
"9004154",371995,2025-06-25 23:02:32,42.4227294921875,-8.87864017486572,"Female"
"9004154",371995,2025-06-25 23:07:42,42.4225616455078,-8.87834358215332,"Female"
"9004154",371995,2025-06-25 23:12:27,42.4223899841309,-8.87833023071289,"Female"
"9004154",371995,2025-06-25 23:18:05,42.4225196838379,-8.8784008026123,"Female"
"9004154",371995,2025-06-25 23:22:23,42.4224281311035,-8.87841796875,"Female"
"9004154",371995,2025-06-25 23:27:21,42.4225120544434,-8.87863731384277,"Female"
"9004154",371995,2025-06-25 23:32:22,42.422420501709,-8.87843608856201,"Female"
"9004154",371995,2025-06-25 23:37:25,42.4225387573242,-8.87842845916748,"Female"
"9004154",371995,2025-06-25 23:42:21,42.422477722168,-8.87841510772705,"Female"
"9004154",371995,2025-06-25 23:47:44,42.422492980957,-8.87845611572266,"Female"
"9004154",371995,2025-06-25 23:52:22,42.4225463867188,-8.87841606140137,"Female"
"9004154",371995,2025-06-25 23:58:23,42.422534942627,-8.87841892242432,"Female"
"9004154",371995,2025-06-26 00:02:21,42.4226341247559,-8.87845993041992,"Female"
"9004154",371995,2025-06-26 00:07:22,42.422492980957,-8.87852001190186,"Female"
"9004154",371995,2025-06-26 00:12:22,42.4226417541504,-8.87856197357178,"Female"
"9004154",371995,2025-06-26 00:17:23,42.4225845336914,-8.8784236907959,"Female"
"9004154",371995,2025-06-26 00:22:21,42.4226989746094,-8.87850189208984,"Female"
"9004154",371995,2025-06-26 00:27:22,42.4227256774902,-8.8784236907959,"Female"
"9004154",371995,2025-06-26 00:32:22,42.4227905273438,-8.87831592559814,"Female"
"9004154",371995,2025-06-26 00:37:27,42.4226684570312,-8.87847423553467,"Female"
"9004154",371995,2025-06-26 00:42:28,42.4226531982422,-8.87850189208984,"Female"
"9004154",371995,2025-06-26 00:47:32,42.4225845336914,-8.8784704208374,"Female"
"9004154",371995,2025-06-26 00:52:59,42.4225540161133,-8.87845516204834,"Female"
"9004154",371995,2025-06-26 00:57:21,42.4226303100586,-8.87843799591064,"Female"
"9004154",371995,2025-06-26 01:02:21,42.4225959777832,-8.87844562530518,"Female"
"9004154",371995,2025-06-26 01:07:21,42.4226684570312,-8.87845230102539,"Female"
"9004154",371995,2025-06-26 01:12:22,42.4227485656738,-8.87847232818604,"Female"
"9004154",371995,2025-06-26 01:17:30,42.4225769042969,-8.87852573394775,"Female"
"9004154",371995,2025-06-26 01:22:23,42.4229965209961,-8.87880897521973,"Female"
"9004154",371995,2025-06-26 01:27:32,42.4224166870117,-8.87860870361328,"Female"
"9004154",371995,2025-06-26 01:32:28,42.4224624633789,-8.87852382659912,"Female"
"9004154",371995,2025-06-26 01:37:33,42.4225311279297,-8.8786153793335,"Female"
"9004154",371995,2025-06-26 01:42:52,42.4223518371582,-8.87856674194336,"Female"
"9004154",371995,2025-06-26 01:47:23,42.4223022460938,-8.87869834899902,"Female"
"9004154",371995,2025-06-26 01:52:24,42.4226188659668,-8.87864017486572,"Female"
"9004154",371995,2025-06-26 01:57:22,42.4222412109375,-8.87839794158936,"Female"
"9004154",371995,2025-06-26 02:02:25,42.4220771789551,-8.87863826751709,"Female"
"9004154",371995,2025-06-26 02:07:27,42.4225540161133,-8.87852096557617,"Female"
"9004154",371995,2025-06-26 02:12:24,42.4224815368652,-8.87864398956299,"Female"
"9004154",371995,2025-06-26 02:17:25,42.4224014282227,-8.878586769104,"Female"
"9004154",371995,2025-06-26 02:22:24,42.4224281311035,-8.87848949432373,"Female"
"9004154",371995,2025-06-26 02:27:23,42.4224700927734,-8.87835121154785,"Female"
"9004154",371995,2025-06-26 02:32:45,42.422550201416,-8.87857055664062,"Female"
"9004154",371995,2025-06-26 02:37:23,42.4225463867188,-8.87871742248535,"Female"
"9004154",371995,2025-06-26 02:42:23,42.4226036071777,-8.87872886657715,"Female"
"9004154",371995,2025-06-26 02:47:24,42.422492980957,-8.87854290008545,"Female"
"9004154",371995,2025-06-26 02:52:23,42.4223937988281,-8.87858104705811,"Female"
"9004154",371995,2025-06-26 02:57:21,42.4225044250488,-8.87839984893799,"Female"
"9004154",371995,2025-06-26 03:02:27,42.4223556518555,-8.87858295440674,"Female"
"9004154",371995,2025-06-26 03:07:25,42.4224967956543,-8.87867736816406,"Female"
"9004154",371995,2025-06-26 03:12:27,42.4223480224609,-8.87863731384277,"Female"
"9004154",371995,2025-06-26 03:17:24,42.4223823547363,-8.87973308563232,"Female"
"9004154",371995,2025-06-26 03:22:22,42.4223937988281,-8.87852382659912,"Female"
"9004154",371995,2025-06-26 03:27:23,42.4224395751953,-8.87851905822754,"Female"
"9004154",371995,2025-06-26 03:32:30,42.4225654602051,-8.8785400390625,"Female"
"9004154",371995,2025-06-26 03:37:29,42.4225769042969,-8.87852096557617,"Female"
"9004154",371995,2025-06-26 03:42:29,42.4225921630859,-8.87863159179688,"Female"
"9004154",371995,2025-06-26 03:47:29,42.4225578308105,-8.87871837615967,"Female"
"9004154",371995,2025-06-26 03:52:29,42.4225845336914,-8.87861442565918,"Female"
"9004154",371995,2025-06-26 03:57:59,42.4225845336914,-8.87847423553467,"Female"
"9004154",371995,2025-06-26 04:02:25,42.4225044250488,-8.87854099273682,"Female"
"9004154",371995,2025-06-26 04:07:24,42.4228858947754,-8.87813377380371,"Female"
"9004154",371995,2025-06-26 04:12:27,42.4226112365723,-8.87849903106689,"Female"
"9004154",371995,2025-06-26 04:17:29,42.4226531982422,-8.87843799591064,"Female"
"9004154",371995,2025-06-26 04:22:24,42.4226379394531,-8.87835788726807,"Female"
"9004154",371995,2025-06-26 04:27:43,42.4226379394531,-8.87845420837402,"Female"
"9004154",371995,2025-06-26 04:32:27,42.422721862793,-8.87848377227783,"Female"
"9004154",371995,2025-06-26 04:37:22,42.42236328125,-8.87875938415527,"Female"
"9004154",371995,2025-06-26 04:42:30,42.4225807189941,-8.8784875869751,"Female"
"9004154",371995,2025-06-26 04:48:01,42.4227828979492,-8.87843704223633,"Female"
"9004154",371995,2025-06-26 04:52:31,42.4228820800781,-8.87844562530518,"Female"
"9004154",371995,2025-06-26 04:57:25,42.4228668212891,-8.87851238250732,"Female"
"9004154",371995,2025-06-26 05:02:37,42.4231414794922,-8.87851238250732,"Female"
"9004154",371995,2025-06-26 05:07:44,42.4224739074707,-8.87846946716309,"Female"
"9004154",371995,2025-06-26 05:12:24,42.4227104187012,-8.87853908538818,"Female"
"9004154",371995,2025-06-26 05:17:25,42.4228668212891,-8.8784646987915,"Female"
"9004154",371995,2025-06-26 05:22:24,42.4227142333984,-8.87845802307129,"Female"
"9004154",371995,2025-06-26 05:27:29,42.422664642334,-8.87817478179932,"Female"
"9004154",371995,2025-06-26 05:32:23,42.4226684570312,-8.8784122467041,"Female"
"9004154",371995,2025-06-26 05:37:22,42.4230308532715,-8.8805570602417,"Female"
"9004154",371995,2025-06-26 05:43:11,42.422737121582,-8.88058567047119,"Female"
"9004154",371995,2025-06-26 05:48:04,42.4227752685547,-8.88063907623291,"Female"
"9004154",371995,2025-06-26 05:52:21,42.4227752685547,-8.8805685043335,"Female"
"9004154",371995,2025-06-26 05:57:24,42.4228782653809,-8.88065052032471,"Female"
"9004154",371995,2025-06-26 06:02:23,42.422794342041,-8.88057708740234,"Female"
"9004154",371995,2025-06-26 06:07:21,42.4228477478027,-8.88058185577393,"Female"
"9004154",371995,2025-06-26 06:12:22,42.4228172302246,-8.88066864013672,"Female"
"9004154",371995,2025-06-26 06:17:27,42.4227867126465,-8.88059711456299,"Female"
"9004154",371995,2025-06-26 06:22:24,42.4228706359863,-8.88062763214111,"Female"
"9004154",371995,2025-06-26 06:27:29,42.4226684570312,-8.88054180145264,"Female"
"9004154",371995,2025-06-26 06:32:25,42.4227447509766,-8.88052940368652,"Female"
"9004154",371995,2025-06-26 06:37:30,42.4228515625,-8.88063812255859,"Female"
"9004154",371995,2025-06-26 06:42:28,42.4227638244629,-8.88066673278809,"Female"
"9004154",371995,2025-06-26 06:47:34,42.4228286743164,-8.88054275512695,"Female"
"9004154",371995,2025-06-26 06:52:32,42.4224166870117,-8.88068771362305,"Female"
"9004154",371995,2025-06-26 06:57:36,42.4228858947754,-8.88065338134766,"Female"
"9004154",371995,2025-06-26 07:03:05,42.4227561950684,-8.88060665130615,"Female"
"9004154",371995,2025-06-26 07:07:31,42.4227752685547,-8.88061046600342,"Female"
"9004154",371995,2025-06-26 07:12:25,42.4227523803711,-8.88050746917725,"Female"
"9004154",371995,2025-06-26 07:17:27,42.4227714538574,-8.88057231903076,"Female"
"9004154",371995,2025-06-26 07:22:24,42.4228630065918,-8.880202293396,"Female"
"9004154",371995,2025-06-26 07:27:27,42.422779083252,-8.88062953948975,"Female"
"9004154",371995,2025-06-26 07:32:25,42.4227714538574,-8.88051891326904,"Female"
"9004154",371995,2025-06-26 07:37:25,42.4227676391602,-8.88058185577393,"Female"
"9004154",371995,2025-06-26 07:42:22,42.4226875305176,-8.88074970245361,"Female"
"9004154",371995,2025-06-26 07:47:30,42.4227561950684,-8.88084316253662,"Female"
"9004154",371995,2025-06-26 07:52:23,42.4227409362793,-8.88088607788086,"Female"
"9004154",371995,2025-06-26 07:57:28,42.422737121582,-8.8779821395874,"Female"
"9004154",371995,2025-06-26 08:02:31,42.4228248596191,-8.87800216674805,"Female"
"9004154",371995,2025-06-26 08:07:25,42.4226760864258,-8.87719058990479,"Female"
"9004154",371995,2025-06-26 08:12:22,42.4268417358398,-8.87817001342773,"Female"
"9004154",371995,2025-06-26 08:18:04,42.4536170959473,-8.88866710662842,"Female"
"9004154",371995,2025-06-26 08:24:04,42.454963684082,-8.88923072814941,"Female"
"9004154",371995,2025-06-26 08:29:25,42.455638885498,-8.88976383209229,"Female"
"9004154",371995,2025-06-26 08:34:26,42.455810546875,-8.8896951675415,"Female"
"9004154",371995,2025-06-26 08:39:32,42.4562721252441,-8.89020252227783,"Female"
"9004154",371995,2025-06-26 08:45:16,42.4569931030273,-8.8908748626709,"Female"
"9004154",371995,2025-06-26 08:50:53,42.4558525085449,-8.8903112411499,"Female"
"9004154",371995,2025-06-26 08:56:12,42.4550094604492,-8.89024353027344,"Female"
"9004154",371995,2025-06-26 09:02:15,42.4542045593262,-8.89099407196045,"Female"
"9004154",371995,2025-06-26 09:07:13,42.4568634033203,-8.89310741424561,"Female"
"9004154",371995,2025-06-26 09:12:15,42.4568901062012,-8.89451599121094,"Female"
"9004154",371995,2025-06-26 09:17:16,42.4594497680664,-8.89514923095703,"Female"
"9004154",371995,2025-06-26 09:23:58,42.4574089050293,-8.89419937133789,"Female"
"9004154",371995,2025-06-26 09:34:54,42.4581565856934,-8.89507293701172,"Female"
"9004154",371995,2025-06-26 09:50:14,42.4571685791016,-8.8943510055542,"Female"
"9004154",371995,2025-06-26 09:55:03,42.4563789367676,-8.89191627502441,"Female"
"9004154",371995,2025-06-26 10:00:15,42.4570503234863,-8.89319038391113,"Female"
"9004154",371995,2025-06-26 10:05:00,42.4565048217773,-8.89333629608154,"Female"
"9004154",371995,2025-06-26 10:10:07,42.4566116333008,-8.89336681365967,"Female"
"9004154",371995,2025-06-26 10:15:07,42.4570465087891,-8.89311408996582,"Female"
"9004154",371995,2025-06-26 10:19:59,42.4569778442383,-8.89320373535156,"Female"
"9004154",371995,2025-06-26 10:24:59,42.4569206237793,-8.89314746856689,"Female"
"9004154",371995,2025-06-26 10:31:25,42.4574661254883,-8.89349269866943,"Female"
"9004154",371995,2025-06-26 10:36:38,42.4573059082031,-8.89318466186523,"Female"
"9004154",371995,2025-06-26 11:01:43,42.4581108093262,-8.89562320709229,"Female"
"9004154",371995,2025-06-26 11:06:40,42.4580192565918,-8.89630126953125,"Female"
"9004154",371995,2025-06-26 11:18:14,42.4584732055664,-8.89564228057861,"Female"
"9004154",371995,2025-06-26 11:23:53,42.4585266113281,-8.90445232391357,"Female"
"9004154",371995,2025-06-26 11:28:01,42.4584274291992,-8.9046459197998,"Female"
"9004154",371995,2025-06-26 11:33:01,42.4585914611816,-8.90440845489502,"Female"
"9004154",371995,2025-06-26 11:38:01,42.4585266113281,-8.9045238494873,"Female"
"9004154",371995,2025-06-26 11:43:01,42.458610534668,-8.90456771850586,"Female"
"9004154",371995,2025-06-26 11:48:01,42.4582786560059,-8.90505123138428,"Female"
"9004154",371995,2025-06-26 11:53:02,42.4582672119141,-8.90520668029785,"Female"
"9004154",371995,2025-06-26 11:58:01,42.4581832885742,-8.90529155731201,"Female"
"9004154",371995,2025-06-26 12:03:15,42.458625793457,-8.90448093414307,"Female"
"9004154",371995,2025-06-26 12:08:03,42.4586524963379,-8.90437889099121,"Female"
"9004154",371995,2025-06-26 12:13:01,42.4586143493652,-8.9043664932251,"Female"
"9004154",371995,2025-06-26 12:18:00,42.4586524963379,-8.90429401397705,"Female"
"9004154",371995,2025-06-26 12:23:00,42.4586448669434,-8.90433406829834,"Female"
"9004154",371995,2025-06-26 12:28:00,42.4586601257324,-8.90431308746338,"Female"
"9004154",371995,2025-06-26 12:33:01,42.4586715698242,-8.90434265136719,"Female"
"9004154",371995,2025-06-26 12:38:16,42.4586296081543,-8.90431976318359,"Female"
"9004154",371995,2025-06-26 12:43:00,42.458667755127,-8.90422058105469,"Female"
"9004154",371995,2025-06-26 12:48:35,42.4585914611816,-8.90437412261963,"Female"
"9004154",371995,2025-06-26 12:53:00,42.4585647583008,-8.90439414978027,"Female"
"9004154",371995,2025-06-26 12:58:00,42.4586563110352,-8.90437316894531,"Female"
"9004154",371995,2025-06-26 13:03:00,42.4586029052734,-8.90437030792236,"Female"
"9004154",371995,2025-06-26 13:08:00,42.4585876464844,-8.90442276000977,"Female"
"9004154",371995,2025-06-26 13:13:00,42.458610534668,-8.90439510345459,"Female"
"9004154",371995,2025-06-26 13:18:00,42.4585990905762,-8.90438652038574,"Female"
"9004154",371995,2025-06-26 13:23:00,42.4585762023926,-8.90442371368408,"Female"
"9004154",371995,2025-06-26 13:28:01,42.4585952758789,-8.9043664932251,"Female"
"9004154",371995,2025-06-26 13:33:00,42.4585609436035,-8.90450191497803,"Female"
"9004154",371995,2025-06-26 13:38:46,42.4587020874023,-8.89503002166748,"Female"
"9004154",371995,2025-06-26 13:43:46,42.4582328796387,-8.89416694641113,"Female"
"9004154",371995,2025-06-26 13:48:58,42.4585800170898,-8.89358997344971,"Female"
"9004154",371995,2025-06-26 13:54:21,42.458381652832,-8.89363861083984,"Female"
"9004154",371995,2025-06-26 14:00:04,42.4580192565918,-8.8931245803833,"Female"
"9004154",371995,2025-06-26 14:05:36,42.4574813842773,-8.8933162689209,"Female"
"9004154",371995,2025-06-26 14:10:38,42.4593620300293,-8.89513206481934,"Female"
"9004154",371995,2025-06-26 14:15:34,42.4593658447266,-8.89520931243896,"Female"
"9004154",371995,2025-06-26 14:20:34,42.4594039916992,-8.89519214630127,"Female"
"9004154",371995,2025-06-26 14:25:44,42.459358215332,-8.89517498016357,"Female"
"9004154",371995,2025-06-26 14:30:34,42.4593925476074,-8.89520072937012,"Female"
"9004154",371995,2025-06-26 14:36:18,42.4599914550781,-8.89872169494629,"Female"
"9004154",371995,2025-06-26 14:41:20,42.4603538513184,-8.89950847625732,"Female"
"9004154",371995,2025-06-26 14:46:44,42.4596214294434,-8.9052267074585,"Female"
"9004154",371995,2025-06-26 14:51:18,42.4581451416016,-8.90301609039307,"Female"
"9004154",371995,2025-06-26 14:56:18,42.4581413269043,-8.90303611755371,"Female"
"9004154",371995,2025-06-26 15:01:20,42.4581718444824,-8.90296268463135,"Female"
"9004154",371995,2025-06-26 15:06:18,42.4581756591797,-8.90293312072754,"Female"
"9004154",371995,2025-06-26 15:11:20,42.4580955505371,-8.90288257598877,"Female"
"9004154",371995,2025-06-26 15:16:18,42.4578895568848,-8.90271472930908,"Female"
"9004154",371995,2025-06-26 15:21:22,42.4579582214355,-8.90273952484131,"Female"
"9004154",371995,2025-06-26 15:26:23,42.4580574035645,-8.90278720855713,"Female"
"9004154",371995,2025-06-26 15:31:45,42.4579734802246,-8.90280628204346,"Female"
"9004154",371995,2025-06-26 15:36:18,42.4579620361328,-8.90279006958008,"Female"
"9004154",371995,2025-06-26 15:41:22,42.4580001831055,-8.90275955200195,"Female"
"9004154",371995,2025-06-26 15:46:19,42.4576644897461,-8.90252494812012,"Female"
"9004154",371995,2025-06-26 15:51:19,42.4574012756348,-8.90227603912354,"Female"
"9004154",371995,2025-06-26 15:56:20,42.4575080871582,-8.90246868133545,"Female"
"9004154",371995,2025-06-26 16:10:36,42.458065032959,-8.89496421813965,"Female"
"9004154",371995,2025-06-26 16:17:05,42.4575500488281,-8.89342975616455,"Female"
"9004154",371995,2025-06-26 16:21:28,42.4556922912598,-8.88674640655518,"Female"
"9004154",371995,2025-06-26 16:26:35,42.4549369812012,-8.88572788238525,"Female"
"9004154",371995,2025-06-26 16:31:49,42.4546012878418,-8.88444328308105,"Female"
"9004154",371995,2025-06-26 16:37:14,42.4537239074707,-8.88370990753174,"Female"
"9004154",371995,2025-06-26 16:42:13,42.4373321533203,-8.87772178649902,"Female"
"9004154",371995,2025-06-26 16:47:13,42.4372749328613,-8.87777805328369,"Female"
"9004154",371995,2025-06-26 16:52:13,42.4372329711914,-8.87780094146729,"Female"
"9004154",371995,2025-06-26 16:57:13,42.4372367858887,-8.87784290313721,"Female"
"9004154",371995,2025-06-26 17:02:13,42.4372634887695,-8.87776947021484,"Female"
"9004154",371995,2025-06-26 17:07:13,42.4372329711914,-8.87781620025635,"Female"
"9004154",371995,2025-06-26 17:12:13,42.4372444152832,-8.87777328491211,"Female"
"9004154",371995,2025-06-26 17:17:13,42.4372367858887,-8.87782382965088,"Female"
"9004154",371995,2025-06-26 17:22:14,42.4372634887695,-8.87776660919189,"Female"
"9004154",371995,2025-06-26 17:27:13,42.4373359680176,-8.87781143188477,"Female"
"9004154",371995,2025-06-26 17:32:22,42.4372863769531,-8.8778657913208,"Female"
"9004154",371995,2025-06-26 17:37:13,42.4372787475586,-8.87786960601807,"Female"
"9004154",371995,2025-06-26 17:42:16,42.4417457580566,-8.87597942352295,"Female"
"9004154",371995,2025-06-26 17:48:03,42.4429550170898,-8.87553977966309,"Female"
"9004154",371995,2025-06-26 17:53:18,42.4441909790039,-8.87552165985107,"Female"
"9004154",371995,2025-06-26 17:59:24,42.445369720459,-8.87629127502441,"Female"
"9004154",371995,2025-06-26 18:05:01,42.4462242126465,-8.87711524963379,"Female"
"9004154",371995,2025-06-26 18:10:37,42.4452056884766,-8.87763595581055,"Female"
"9004154",371995,2025-06-26 18:17:12,42.4459190368652,-8.8783130645752,"Female"
"9004154",371995,2025-06-26 18:23:56,42.447338104248,-8.87823677062988,"Female"
"9004154",371995,2025-06-26 18:31:44,42.4481468200684,-8.87814235687256,"Female"
"9004154",371995,2025-06-26 18:36:41,42.4485931396484,-8.87851810455322,"Female"
"9004154",371995,2025-06-26 18:43:46,42.4491157531738,-8.87919998168945,"Female"
"9004154",371995,2025-06-26 18:56:12,42.450553894043,-8.88020896911621,"Female"
"9004154",371995,2025-06-26 19:04:24,42.4496231079102,-8.87878608703613,"Female"
"9004154",371995,2025-06-26 19:09:49,42.4496612548828,-8.88011074066162,"Female"
"9004154",371995,2025-06-26 19:14:50,42.4488563537598,-8.88032150268555,"Female"
"9004154",371995,2025-06-26 19:20:29,42.4225921630859,-8.87848949432373,"Female"
"9004154",371995,2025-06-26 19:24:46,42.4224395751953,-8.87866878509521,"Female"
"9004154",371995,2025-06-26 19:29:46,42.4227066040039,-8.87851428985596,"Female"
"9004154",371995,2025-06-26 19:34:47,42.4222526550293,-8.8788595199585,"Female"
"9004154",371995,2025-06-26 19:39:46,42.4228324890137,-8.87853240966797,"Female"
"9004154",371995,2025-06-26 19:44:46,42.4225769042969,-8.87841129302979,"Female"
"9004154",371995,2025-06-26 19:49:51,42.4226112365723,-8.87858486175537,"Female"
"9004154",371995,2025-06-26 19:54:48,42.422664642334,-8.87839031219482,"Female"
"9004154",371995,2025-06-26 19:59:48,42.4228515625,-8.87838840484619,"Female"
"9004154",371995,2025-06-26 20:04:47,42.422779083252,-8.87846851348877,"Female"
"9004154",371995,2025-06-26 20:10:14,42.4226608276367,-8.87852954864502,"Female"
"9004154",371995,2025-06-26 20:14:49,42.4228134155273,-8.87851715087891,"Female"
"9004154",371995,2025-06-26 20:20:09,42.4225692749023,-8.87857913970947,"Female"
"9004154",371995,2025-06-26 20:25:14,42.4226150512695,-8.87844276428223,"Female"
"9004154",371995,2025-06-26 20:30:23,42.4224662780762,-8.87849140167236,"Female"
"9004154",371995,2025-06-26 20:34:50,42.4224586486816,-8.87868022918701,"Female"
"9004154",371995,2025-06-26 20:40:23,42.4226531982422,-8.87841129302979,"Female"
"9004154",371995,2025-06-26 20:44:51,42.4225463867188,-8.87850856781006,"Female"
"9004154",371995,2025-06-26 20:49:47,42.422737121582,-8.87839889526367,"Female"
"9004154",371995,2025-06-26 20:54:52,42.4225730895996,-8.87838745117188,"Female"
"9004154",371995,2025-06-26 20:59:50,42.4228210449219,-8.87852191925049,"Female"
"9004154",371995,2025-06-26 21:04:52,42.4226417541504,-8.87845802307129,"Female"
"9004154",371995,2025-06-26 21:09:57,42.4225387573242,-8.87844848632812,"Female"
"9004154",371995,2025-06-26 21:15:23,42.4225997924805,-8.87840747833252,"Female"
"9004154",371995,2025-06-26 21:19:46,42.4226341247559,-8.87853527069092,"Female"
"9004154",371995,2025-06-26 21:24:46,42.4226226806641,-8.87863349914551,"Female"
"9004154",371995,2025-06-26 21:29:48,42.4225463867188,-8.87864875793457,"Female"
"9004154",371995,2025-06-26 21:34:47,42.4225730895996,-8.87852764129639,"Female"
"9004154",371995,2025-06-26 21:39:47,42.4228172302246,-8.87844467163086,"Female"
"9004154",371995,2025-06-26 21:44:47,42.4228897094727,-8.8783712387085,"Female"
"9004154",371995,2025-06-26 21:49:47,42.4229011535645,-8.87836742401123,"Female"
"9004154",371995,2025-06-26 21:54:48,42.4226226806641,-8.87779903411865,"Female"
"9004154",371995,2025-06-26 21:59:47,42.422550201416,-8.87837028503418,"Female"
"9004154",371995,2025-06-26 22:04:47,42.4226303100586,-8.87848281860352,"Female"
"9004154",371995,2025-06-26 22:09:46,42.4226036071777,-8.87858104705811,"Female"
"9004154",371995,2025-06-26 22:14:47,42.4225883483887,-8.87870311737061,"Female"
"9004154",371995,2025-06-26 22:19:47,42.422679901123,-8.87839508056641,"Female"
"9004154",371995,2025-06-26 22:24:48,42.4226150512695,-8.87869262695312,"Female"
"9004154",371995,2025-06-26 22:29:51,42.4226150512695,-8.87824249267578,"Female"
"9004154",371995,2025-06-26 22:34:47,42.4225692749023,-8.87872123718262,"Female"
"9004154",371995,2025-06-26 22:39:49,42.4225578308105,-8.87839221954346,"Female"
"9004154",371995,2025-06-26 22:44:49,42.4226188659668,-8.87856197357178,"Female"
"9004154",371995,2025-06-26 22:49:56,42.4222755432129,-8.87827396392822,"Female"
"9004154",371995,2025-06-26 22:54:51,42.4224739074707,-8.87852764129639,"Female"
"9004154",371995,2025-06-26 23:00:15,42.4226264953613,-8.87839603424072,"Female"
"9004154",371995,2025-06-26 23:05:14,42.4225769042969,-8.87839603424072,"Female"
"9004154",371995,2025-06-26 23:09:46,42.422534942627,-8.87838649749756,"Female"
"9004154",371995,2025-06-26 23:14:47,42.4225082397461,-8.8782844543457,"Female"
"9004154",371995,2025-06-26 23:19:46,42.4225769042969,-8.87835502624512,"Female"
"9004154",371995,2025-06-26 23:24:51,42.4226150512695,-8.87823963165283,"Female"
"9004154",371995,2025-06-26 23:29:47,42.4226417541504,-8.87824726104736,"Female"
"9004154",371995,2025-06-26 23:35:02,42.4225196838379,-8.87836074829102,"Female"
"9004154",371995,2025-06-26 23:39:58,42.4226226806641,-8.878342628479,"Female"
"9004154",371995,2025-06-26 23:44:56,42.4225120544434,-8.87827396392822,"Female"
"9004154",371995,2025-06-26 23:50:53,42.4224472045898,-8.87824535369873,"Female"
"9004154",371995,2025-06-26 23:54:48,42.4229850769043,-8.87935543060303,"Female"
"9004154",371995,2025-06-27 00:00:15,42.4231109619141,-8.87845611572266,"Female"
"9004154",371995,2025-06-27 00:04:46,42.4228591918945,-8.8781566619873,"Female"
"9004154",371995,2025-06-27 00:09:52,42.422721862793,-8.87847328186035,"Female"
"9004154",371995,2025-06-27 00:14:52,42.4227981567383,-8.87852954864502,"Female"
"9004154",371995,2025-06-27 00:19:46,42.4228210449219,-8.87838172912598,"Female"
"9004154",371995,2025-06-27 00:24:49,42.4229850769043,-8.87817859649658,"Female"
"9004154",371995,2025-06-27 00:29:47,42.4228858947754,-8.87799263000488,"Female"
"9004154",371995,2025-06-27 00:34:52,42.422721862793,-8.87843990325928,"Female"
"9004154",371995,2025-06-27 00:39:49,42.4228210449219,-8.87824821472168,"Female"
"9004154",371995,2025-06-27 00:44:51,42.4227867126465,-8.87839984893799,"Female"
"9004154",371995,2025-06-27 00:50:14,42.4227676391602,-8.8783655166626,"Female"
"9004154",371995,2025-06-27 00:54:46,42.4227485656738,-8.87841415405273,"Female"
"9004154",371995,2025-06-27 00:59:46,42.4226951599121,-8.87834644317627,"Female"
"9004154",371995,2025-06-27 01:05:22,42.4227104187012,-8.87838840484619,"Female"
"9004154",371995,2025-06-27 01:09:46,42.4226608276367,-8.87839221954346,"Female"
"9004154",371995,2025-06-27 01:14:46,42.4226341247559,-8.87834548950195,"Female"
"9004154",371995,2025-06-27 01:19:46,42.4227561950684,-8.87834739685059,"Female"
"9004154",371995,2025-06-27 01:24:46,42.4226417541504,-8.87839126586914,"Female"
"9004154",371995,2025-06-27 01:29:51,42.4226989746094,-8.87833690643311,"Female"
"9004154",371995,2025-06-27 01:35:20,42.4227027893066,-8.87838840484619,"Female"
"9004154",371995,2025-06-27 01:39:47,42.422679901123,-8.87841606140137,"Female"
"9004154",371995,2025-06-27 01:44:49,42.4226341247559,-8.87843799591064,"Female"
"9004154",371995,2025-06-27 01:49:48,42.4226531982422,-8.87835597991943,"Female"
"9004154",371995,2025-06-27 01:54:46,42.4227485656738,-8.87836074829102,"Female"
"9004154",371995,2025-06-27 01:59:47,42.4226455688477,-8.87841033935547,"Female"
"9004154",371995,2025-06-27 02:04:47,42.4226379394531,-8.87844753265381,"Female"
"9004154",371995,2025-06-27 02:09:49,42.4226875305176,-8.87853527069092,"Female"
"9004154",371995,2025-06-27 02:14:51,42.4226951599121,-8.87843227386475,"Female"
"9004154",371995,2025-06-27 02:19:48,42.422607421875,-8.87827396392822,"Female"
"9004154",371995,2025-06-27 02:24:48,42.4226303100586,-8.87833881378174,"Female"
"9004154",371995,2025-06-27 02:29:51,42.4226570129395,-8.87837696075439,"Female"
"9004154",371995,2025-06-27 02:35:14,42.4226264953613,-8.87847900390625,"Female"
"9004154",371995,2025-06-27 02:39:47,42.4225158691406,-8.8782787322998,"Female"
"9004154",371995,2025-06-27 02:44:49,42.4226570129395,-8.87846565246582,"Female"
"9004154",371995,2025-06-27 02:49:46,42.4225807189941,-8.87828826904297,"Female"
"9004154",371995,2025-06-27 02:54:47,42.4224967956543,-8.87850952148438,"Female"
"9004154",371995,2025-06-27 02:59:48,42.4225883483887,-8.87842845916748,"Female"
"9004154",371995,2025-06-27 03:04:47,42.4225730895996,-8.87829399108887,"Female"
"9004154",371995,2025-06-27 03:09:47,42.4226341247559,-8.87840747833252,"Female"
"9004154",371995,2025-06-27 03:14:46,42.4226188659668,-8.87843418121338,"Female"
"9004154",371995,2025-06-27 03:19:48,42.4225044250488,-8.87815761566162,"Female"
"9004154",371995,2025-06-27 03:24:49,42.4229431152344,-8.87849235534668,"Female"
"9004154",371995,2025-06-27 03:29:47,42.4227905273438,-8.87841701507568,"Female"
"9004154",371995,2025-06-27 03:35:14,42.4224319458008,-8.87870979309082,"Female"
"9004154",371995,2025-06-27 03:40:19,42.4223289489746,-8.87871265411377,"Female"
"9004154",371995,2025-06-27 03:44:47,42.4223403930664,-8.8787202835083,"Female"
"9004154",371995,2025-06-27 03:49:49,42.422664642334,-8.87844848632812,"Female"
"9004154",371995,2025-06-27 03:54:51,42.4226226806641,-8.87843990325928,"Female"
"9004154",371995,2025-06-27 03:59:52,42.4226150512695,-8.87846946716309,"Female"
"9004154",371995,2025-06-27 04:04:51,42.4227104187012,-8.87815856933594,"Female"
"9004154",371995,2025-06-27 04:10:23,42.4225921630859,-8.87846279144287,"Female"
"9004154",371995,2025-06-27 04:14:47,42.4226760864258,-8.87847423553467,"Female"
"9004154",371995,2025-06-27 04:19:47,42.4226303100586,-8.87857055664062,"Female"
"9004154",371995,2025-06-27 04:24:48,42.4227180480957,-8.87852191925049,"Female"
"9004154",371995,2025-06-27 04:29:48,42.4226150512695,-8.87857627868652,"Female"
"9004154",371995,2025-06-27 04:34:55,42.4226989746094,-8.87840461730957,"Female"
"9004154",371995,2025-06-27 04:39:47,42.4225463867188,-8.87853240966797,"Female"
"9004154",371995,2025-06-27 04:44:47,42.4226036071777,-8.87841892242432,"Female"
"9004154",371995,2025-06-27 04:50:35,42.4229736328125,-8.87904167175293,"Female"
"9004154",371995,2025-06-27 04:54:48,42.422477722168,-8.87828350067139,"Female"
"9004154",371995,2025-06-27 04:59:47,42.4225807189941,-8.87835884094238,"Female"
"9004154",371995,2025-06-27 05:05:29,42.4228935241699,-8.88059329986572,"Female"
"9004154",371995,2025-06-27 05:09:48,42.4228439331055,-8.88063812255859,"Female"
"9004154",371995,2025-06-27 05:14:47,42.4228515625,-8.88068675994873,"Female"
"9004154",371995,2025-06-27 05:19:46,42.4228172302246,-8.88072395324707,"Female"
"9004154",371995,2025-06-27 05:24:47,42.4228172302246,-8.8801851272583,"Female"
"9004154",371995,2025-06-27 05:29:47,42.4228973388672,-8.88039112091064,"Female"
"9004154",371995,2025-06-27 05:34:47,42.4228057861328,-8.88049125671387,"Female"
"9004154",371995,2025-06-27 05:39:46,42.4230079650879,-8.88061141967773,"Female"
"9004154",371995,2025-06-27 05:44:46,42.4228668212891,-8.88047981262207,"Female"
"9004154",371995,2025-06-27 05:49:47,42.4225959777832,-8.88030910491943,"Female"
"9004154",371995,2025-06-27 05:54:47,42.4227142333984,-8.88036727905273,"Female"
"9004154",371995,2025-06-27 05:59:47,42.4226837158203,-8.88025379180908,"Female"
"9004154",371995,2025-06-27 06:04:54,42.4229164123535,-8.88063716888428,"Female"
"9004154",371995,2025-06-27 06:10:05,42.4229011535645,-8.88054370880127,"Female"
"9004154",371995,2025-06-27 06:14:48,42.4231605529785,-8.88080501556396,"Female"
"9004154",371995,2025-06-27 06:19:51,42.4229469299316,-8.88043022155762,"Female"
"9004154",371995,2025-06-27 06:24:48,42.4233131408691,-8.88074493408203,"Female"
"9004154",371995,2025-06-27 06:29:51,42.4229431152344,-8.8804407119751,"Female"
"9004154",371995,2025-06-27 06:34:53,42.4229545593262,-8.88045883178711,"Female"
"9004154",371995,2025-06-27 06:39:49,42.422966003418,-8.88041591644287,"Female"
"9004154",371995,2025-06-27 06:44:48,42.4230575561523,-8.88058376312256,"Female"
"9004154",371995,2025-06-27 06:49:54,42.4229011535645,-8.88051605224609,"Female"
"9004154",371995,2025-06-27 06:54:50,42.4228210449219,-8.88024234771729,"Female"
"9004154",371995,2025-06-27 07:00:15,42.4230346679688,-8.88076877593994,"Female"
"9004154",371995,2025-06-27 07:04:54,42.4231338500977,-8.88101959228516,"Female"
"9004154",371995,2025-06-27 07:09:54,42.4230003356934,-8.88048458099365,"Female"
"9004154",371995,2025-06-27 07:14:54,42.4229469299316,-8.88055896759033,"Female"
"9004154",371995,2025-06-27 07:19:54,42.4227561950684,-8.88003349304199,"Female"
"9004154",371995,2025-06-27 07:25:21,42.4229278564453,-8.88033580780029,"Female"
"9004154",371995,2025-06-27 07:29:46,42.423023223877,-8.88034439086914,"Female"
"9004154",371995,2025-06-27 07:34:48,42.4228134155273,-8.88008594512939,"Female"
"9004154",371995,2025-06-27 07:39:47,42.4227905273438,-8.87841320037842,"Female"
"9004154",371995,2025-06-27 07:44:49,42.4226036071777,-8.87846755981445,"Female"
"9004154",371995,2025-06-27 07:49:46,42.4303512573242,-8.87859725952148,"Female"
"9004154",371995,2025-06-27 07:54:48,42.4369583129883,-8.87426948547363,"Female"
"9004154",371995,2025-06-27 07:59:49,42.4365577697754,-8.87521266937256,"Female"
"9004154",371995,2025-06-27 08:06:30,42.4376525878906,-8.87563419342041,"Female"
"9004154",371995,2025-06-27 08:11:29,42.4369621276855,-8.8743314743042,"Female"
"9004154",371995,2025-06-27 08:20:34,42.4368019104004,-8.87328815460205,"Female"
"9004154",371995,2025-06-27 08:25:20,42.4370231628418,-8.87350845336914,"Female"
"9004154",371995,2025-06-27 08:30:19,42.4380073547363,-8.87350463867188,"Female"
"9004154",371995,2025-06-27 08:35:19,42.4379844665527,-8.87349414825439,"Female"
"9004154",371995,2025-06-27 08:40:19,42.4379577636719,-8.8734769821167,"Female"
"9004154",371995,2025-06-27 08:45:19,42.4379539489746,-8.87350177764893,"Female"
"9004154",371995,2025-06-27 08:50:19,42.4379272460938,-8.87351131439209,"Female"
"9004154",371995,2025-06-27 08:55:20,42.4379501342773,-8.87349128723145,"Female"
"9004154",371995,2025-06-27 09:00:27,42.4372138977051,-8.8777551651001,"Female"
"9004154",371995,2025-06-27 09:05:19,42.4371719360352,-8.87773609161377,"Female"
"9004154",371995,2025-06-27 09:10:19,42.4371948242188,-8.87772655487061,"Female"
"9004154",371995,2025-06-27 09:15:20,42.4372749328613,-8.87773132324219,"Female"
"9004154",371995,2025-06-27 09:20:19,42.4370880126953,-8.87772750854492,"Female"
"9004154",371995,2025-06-27 09:25:20,42.4373092651367,-8.87774658203125,"Female"
"9004154",371995,2025-06-27 09:30:21,42.4373321533203,-8.87768268585205,"Female"
"9004154",371995,2025-06-27 09:35:20,42.4377975463867,-8.8763313293457,"Female"
"9004154",371995,2025-06-27 09:43:02,42.4396743774414,-8.87721061706543,"Female"
"9004154",371995,2025-06-27 09:50:11,42.440486907959,-8.87409782409668,"Female"
"9004154",371995,2025-06-27 09:57:02,42.4422912597656,-8.87622737884521,"Female"
"9004154",371995,2025-06-27 10:02:08,42.4491729736328,-8.88486576080322,"Female"
"9004154",371995,2025-06-27 10:21:14,42.4582481384277,-8.89499092102051,"Female"
"9004154",371995,2025-06-27 10:26:17,42.4584999084473,-8.89543342590332,"Female"
"9004154",371995,2025-06-27 10:31:45,42.4592018127441,-8.8958215713501,"Female"
"9004154",371995,2025-06-27 10:46:29,42.4594383239746,-8.89636611938477,"Female"
"9004154",371995,2025-06-27 10:50:55,42.4587173461914,-8.89736461639404,"Female"
"9004154",371995,2025-06-27 10:55:55,42.4585456848145,-8.90434646606445,"Female"
"9004154",371995,2025-06-27 11:00:55,42.4586296081543,-8.90445613861084,"Female"
"9004154",371995,2025-06-27 11:05:55,42.4585876464844,-8.90443897247314,"Female"
"9004154",371995,2025-06-27 11:10:55,42.4585838317871,-8.90449905395508,"Female"
"9004154",371995,2025-06-27 11:15:55,42.4586334228516,-8.90447616577148,"Female"
"9004154",371995,2025-06-27 11:20:55,42.4585914611816,-8.90451335906982,"Female"
"9004154",371995,2025-06-27 11:25:55,42.4585571289062,-8.90433120727539,"Female"
"9004154",371995,2025-06-27 11:30:55,42.4585800170898,-8.90389347076416,"Female"
"9004154",371995,2025-06-27 11:35:56,42.4585952758789,-8.90417289733887,"Female"
"9004154",371995,2025-06-27 11:40:56,42.458683013916,-8.90430545806885,"Female"
"9004154",371995,2025-06-27 11:45:55,42.4586067199707,-8.90395164489746,"Female"
"9004154",371995,2025-06-27 11:50:55,42.4585952758789,-8.903977394104,"Female"
"9004154",371995,2025-06-27 11:55:57,42.4586334228516,-8.90408325195312,"Female"
"9004154",371995,2025-06-27 12:01:14,42.4585914611816,-8.90433883666992,"Female"
"9004154",371995,2025-06-27 12:05:55,42.4585800170898,-8.90428924560547,"Female"
"9004154",371995,2025-06-27 12:10:55,42.4585952758789,-8.90429019927979,"Female"
"9004154",371995,2025-06-27 12:15:55,42.4585037231445,-8.90446472167969,"Female"
"9004154",371995,2025-06-27 12:20:55,42.4585952758789,-8.90439987182617,"Female"
"9004154",371995,2025-06-27 12:25:55,42.458610534668,-8.9043664932251,"Female"
"9004154",371995,2025-06-27 12:30:58,42.4568290710449,-8.90421295166016,"Female"
"9004154",371995,2025-06-27 12:35:57,42.4581680297852,-8.90430927276611,"Female"
"9004154",371995,2025-06-27 12:40:56,42.4585037231445,-8.90429210662842,"Female"
"9004154",371995,2025-06-27 12:46:15,42.4585800170898,-8.90431022644043,"Female"
"9004154",371995,2025-06-27 12:50:56,42.4585647583008,-8.90408897399902,"Female"
"9004154",371995,2025-06-27 12:55:55,42.4586372375488,-8.90394496917725,"Female"
"9004154",371995,2025-06-27 13:00:57,42.4585075378418,-8.90393447875977,"Female"
"9004154",371995,2025-06-27 13:05:59,42.4585037231445,-8.90458679199219,"Female"
"9004154",371995,2025-06-27 13:10:56,42.4585800170898,-8.90362930297852,"Female"
"9004154",371995,2025-06-27 13:15:57,42.458423614502,-8.90432834625244,"Female"
"9004154",371995,2025-06-27 13:20:57,42.4584045410156,-8.90424919128418,"Female"
"9004154",371995,2025-06-27 13:25:58,42.4585647583008,-8.90385913848877,"Female"
"9004154",371995,2025-06-27 13:31:15,42.4585342407227,-8.90442848205566,"Female"
"9004154",371995,2025-06-27 13:36:07,42.4585494995117,-8.90446090698242,"Female"
"9004154",371995,2025-06-27 13:40:55,42.458553314209,-8.90401744842529,"Female"
"9004154",371995,2025-06-27 13:45:56,42.4584884643555,-8.90500926971436,"Female"
"9004154",371995,2025-06-27 13:51:21,42.4574661254883,-8.89449977874756,"Female"
"9004154",371995,2025-06-27 13:57:51,42.4582061767578,-8.89357852935791,"Female"
"9004154",371995,2025-06-27 14:05:57,42.4582557678223,-8.8947229385376,"Female"
"9004154",371995,2025-06-27 14:11:58,42.4567718505859,-8.89045906066895,"Female"
"9004154",371995,2025-06-27 14:26:53,42.4579925537109,-8.90289402008057,"Female"
"9004154",371995,2025-06-27 14:31:17,42.4580612182617,-8.90292930603027,"Female"
"9004154",371995,2025-06-27 14:36:17,42.4580230712891,-8.90287971496582,"Female"
"9004154",371995,2025-06-27 14:41:17,42.4580039978027,-8.90284252166748,"Female"
"9004154",371995,2025-06-27 14:46:17,42.4581298828125,-8.90304470062256,"Female"
"9004154",371995,2025-06-27 14:51:17,42.4582214355469,-8.90313243865967,"Female"
"9004154",371995,2025-06-27 14:56:17,42.4585494995117,-8.90444660186768,"Female"
"9004154",371995,2025-06-27 15:01:18,42.4587135314941,-8.90454292297363,"Female"
"9004154",371995,2025-06-27 15:06:20,42.4587593078613,-8.90457725524902,"Female"
"9004154",371995,2025-06-27 15:11:19,42.458740234375,-8.90457248687744,"Female"
"9004154",371995,2025-06-27 15:16:19,42.4587554931641,-8.9045991897583,"Female"
"9004154",371995,2025-06-27 15:21:18,42.4587516784668,-8.90460014343262,"Female"
"9004154",371995,2025-06-27 15:26:18,42.4587326049805,-8.90455627441406,"Female"
"9004154",371995,2025-06-27 15:31:37,42.4569778442383,-8.88933944702148,"Female"
"9004154",371995,2025-06-27 15:36:34,42.4563026428223,-8.88901233673096,"Female"
"9004154",371995,2025-06-27 15:41:46,42.4563674926758,-8.88712978363037,"Female"
"9004154",371995,2025-06-27 15:47:08,42.4549789428711,-8.88657379150391,"Female"
"9004154",371995,2025-06-27 15:52:08,42.4552726745605,-8.88739204406738,"Female"
"9004154",371995,2025-06-27 15:58:58,42.4553833007812,-8.88968276977539,"Female"
"9004154",371995,2025-06-27 16:29:49,42.455924987793,-8.88918590545654,"Female"
"9004154",371995,2025-06-27 16:38:13,42.4567947387695,-8.88892841339111,"Female"
"9004154",371995,2025-06-27 17:04:02,42.4551429748535,-8.88606834411621,"Female"
"9004154",371995,2025-06-27 17:09:46,42.4544067382812,-8.88436698913574,"Female"
"9004154",371995,2025-06-27 17:14:50,42.4594383239746,-8.8951940536499,"Female"
"9004154",371995,2025-06-27 17:19:55,42.4596252441406,-8.8950834274292,"Female"
"9004154",371995,2025-06-27 17:24:48,42.4595184326172,-8.89521217346191,"Female"
"9004154",371995,2025-06-27 17:29:48,42.4595680236816,-8.89510440826416,"Female"
"9004154",371995,2025-06-27 17:34:47,42.4595603942871,-8.89517593383789,"Female"
"9004154",371995,2025-06-27 17:39:46,42.4596061706543,-8.89523506164551,"Female"
"9004154",371995,2025-06-27 17:44:47,42.4595527648926,-8.89521884918213,"Female"
"9004154",371995,2025-06-27 17:50:36,42.4551849365234,-8.88486480712891,"Female"
"9004154",371995,2025-06-27 17:55:04,42.4545402526855,-8.88390350341797,"Female"
"9004154",371995,2025-06-27 18:02:18,42.4554328918457,-8.88576126098633,"Female"
"9004154",371995,2025-06-27 18:09:13,42.4550857543945,-8.8875036239624,"Female"
"9004154",371995,2025-06-27 18:15:13,42.453800201416,-8.88485908508301,"Female"
"9004154",371995,2025-06-27 18:20:03,42.4527473449707,-8.88286781311035,"Female"
"9004154",371995,2025-06-27 18:25:03,42.452220916748,-8.88181209564209,"Female"
"9004154",371995,2025-06-27 18:30:04,42.4513397216797,-8.88126754760742,"Female"
"9004154",371995,2025-06-27 18:35:32,42.450008392334,-8.88094997406006,"Female"
"9004154",371995,2025-06-27 18:41:37,42.4483337402344,-8.87919616699219,"Female"
"9004154",371995,2025-06-27 18:47:48,42.4480514526367,-8.87816333770752,"Female"
"9004154",371995,2025-06-27 18:52:46,42.442081451416,-8.88006401062012,"Female"
"9004154",371995,2025-06-27 18:57:47,42.42236328125,-8.87800025939941,"Female"
"9004154",371995,2025-06-27 19:02:49,42.4226570129395,-8.87912178039551,"Female"
"9004154",371995,2025-06-27 19:07:48,42.4228057861328,-8.87823677062988,"Female"
"9004154",371995,2025-06-27 19:12:49,42.4230155944824,-8.87874412536621,"Female"
"9004154",371995,2025-06-27 19:17:52,42.4225921630859,-8.87836170196533,"Female"
"9004154",371995,2025-06-27 19:22:58,42.4225730895996,-8.87843894958496,"Female"
"9004154",371995,2025-06-27 19:27:56,42.4227104187012,-8.8783712387085,"Female"
"9004154",371995,2025-06-27 19:33:00,42.422550201416,-8.87911701202393,"Female"
"9004154",371995,2025-06-27 19:38:05,42.4226837158203,-8.87840175628662,"Female"
"9004154",371995,2025-06-27 19:42:44,42.422779083252,-8.8784351348877,"Female"
"9004154",371995,2025-06-27 19:47:45,42.4225234985352,-8.87854099273682,"Female"
"9004154",371995,2025-06-27 19:52:45,42.4225540161133,-8.87853908538818,"Female"
"9004154",371995,2025-06-27 19:57:47,42.4225769042969,-8.87845039367676,"Female"
"9004154",371995,2025-06-27 20:03:05,42.4228515625,-8.87833118438721,"Female"
"9004154",371995,2025-06-27 20:07:48,42.4225540161133,-8.87846851348877,"Female"
"9004154",371995,2025-06-27 20:12:47,42.4228782653809,-8.87846565246582,"Female"
"9004154",371995,2025-06-27 20:17:53,42.4226837158203,-8.87841129302979,"Female"
"9004154",371995,2025-06-27 20:23:08,42.422607421875,-8.87850475311279,"Female"
"9004154",371995,2025-06-27 20:28:29,42.4225883483887,-8.87844753265381,"Female"
"9004154",371995,2025-06-27 20:32:47,42.4225959777832,-8.87847137451172,"Female"
"9004154",371995,2025-06-27 20:37:47,42.4224510192871,-8.87863731384277,"Female"
"9004154",371995,2025-06-27 20:43:14,42.4225692749023,-8.87850856781006,"Female"
"9004154",371995,2025-06-27 20:47:52,42.4225540161133,-8.87838554382324,"Female"
"9004154",371995,2025-06-27 20:52:45,42.4225425720215,-8.87862491607666,"Female"
"9004154",371995,2025-06-27 20:57:45,42.4224700927734,-8.878737449646,"Female"
"9004154",371995,2025-06-27 21:02:44,42.4225540161133,-8.87850284576416,"Female"
"9004154",371995,2025-06-27 21:07:45,42.4225006103516,-8.8788480758667,"Female"
"9004154",371995,2025-06-27 21:12:46,42.4224967956543,-8.87887954711914,"Female"
"9004154",371995,2025-06-27 21:17:47,42.4225578308105,-8.87825202941895,"Female"
"9004154",371995,2025-06-27 21:22:47,42.4225845336914,-8.87822914123535,"Female"
"9004154",371995,2025-06-27 21:27:47,42.4226608276367,-8.87853813171387,"Female"
"9004154",371995,2025-06-27 21:33:05,42.4225616455078,-8.87841987609863,"Female"
"9004154",371995,2025-06-27 21:37:44,42.4227676391602,-8.87846088409424,"Female"
"9004154",371995,2025-06-27 21:42:47,42.422492980957,-8.87833499908447,"Female"
"9004154",371995,2025-06-27 21:47:45,42.4224853515625,-8.87869071960449,"Female"
"9004154",371995,2025-06-27 21:52:45,42.4227752685547,-8.87841415405273,"Female"
"9004154",371995,2025-06-27 21:57:46,42.4222602844238,-8.87867546081543,"Female"
"9004154",371995,2025-06-27 22:02:46,42.4226379394531,-8.87847232818604,"Female"
"9004154",371995,2025-06-27 22:07:44,42.4226570129395,-8.87848663330078,"Female"
"9004154",371995,2025-06-27 22:12:44,42.4225654602051,-8.87846755981445,"Female"
"9004154",371995,2025-06-27 22:17:44,42.4226036071777,-8.87845897674561,"Female"
"9004154",371995,2025-06-27 22:22:54,42.422607421875,-8.87841987609863,"Female"
"9004154",371995,2025-06-27 22:28:03,42.4226303100586,-8.87844467163086,"Female"
"9004154",371995,2025-06-27 22:32:44,42.4227905273438,-8.87842464447021,"Female"
"9004154",371995,2025-06-27 22:37:44,42.422607421875,-8.87843036651611,"Female"
"9004154",371995,2025-06-27 22:42:45,42.4225578308105,-8.87844371795654,"Female"
"9004154",371995,2025-06-27 22:47:44,42.4226112365723,-8.87837219238281,"Female"
"9004154",371995,2025-06-27 22:52:47,42.422679901123,-8.87843322753906,"Female"
"9004154",371995,2025-06-27 22:57:44,42.4227027893066,-8.87842750549316,"Female"
"9004154",371995,2025-06-27 23:02:45,42.4225769042969,-8.87843036651611,"Female"
"9004154",371995,2025-06-27 23:07:46,42.4227714538574,-8.87850570678711,"Female"
"9004154",371995,2025-06-27 23:12:44,42.422779083252,-8.87848281860352,"Female"
"9004154",371995,2025-06-27 23:17:45,42.4227981567383,-8.87850666046143,"Female"
"9004154",371995,2025-06-27 23:22:47,42.4225921630859,-8.87838840484619,"Female"
"9004154",371995,2025-06-27 23:28:05,42.422679901123,-8.87844848632812,"Female"
"9004154",371995,2025-06-27 23:33:10,42.4226112365723,-8.87841796875,"Female"
"9004154",371995,2025-06-27 23:37:44,42.4227561950684,-8.87853813171387,"Female"
"9004154",371995,2025-06-27 23:42:44,42.4227676391602,-8.87850952148438,"Female"
"9004154",371995,2025-06-27 23:47:44,42.4226760864258,-8.87852096557617,"Female"
"9004154",371995,2025-06-27 23:52:44,42.422721862793,-8.87852573394775,"Female"
"9004154",371995,2025-06-27 23:57:44,42.422737121582,-8.8784294128418,"Female"
"9004154",371995,2025-06-28 00:02:44,42.4228363037109,-8.87856101989746,"Female"
"9004154",371995,2025-06-28 00:07:44,42.4227027893066,-8.87842273712158,"Female"
"9004154",371995,2025-06-28 00:12:44,42.4227600097656,-8.87852001190186,"Female"
"9004154",371995,2025-06-28 00:17:45,42.4227447509766,-8.87842655181885,"Female"
"9004154",371995,2025-06-28 00:22:44,42.422477722168,-8.87844181060791,"Female"
"9004154",371995,2025-06-28 00:27:46,42.4226150512695,-8.8785400390625,"Female"
"9004154",371995,2025-06-28 00:33:06,42.422607421875,-8.87843227386475,"Female"
"9004154",371995,2025-06-28 00:37:46,42.4227294921875,-8.87890243530273,"Female"
"9004154",371995,2025-06-28 00:42:48,42.4233093261719,-8.87578296661377,"Female"
"9004154",371995,2025-06-28 00:47:46,42.4226951599121,-8.87790203094482,"Female"
"9004154",371995,2025-06-28 00:52:46,42.4225463867188,-8.87812042236328,"Female"
"9004154",371995,2025-06-28 00:58:04,42.4228591918945,-8.87838745117188,"Female"
"9004154",371995,2025-06-28 01:02:53,42.4228553771973,-8.87851810455322,"Female"
"9004154",371995,2025-06-28 01:07:54,42.4226570129395,-8.87845993041992,"Female"
"9004154",371995,2025-06-28 01:12:54,42.4227752685547,-8.87842178344727,"Female"
"9004154",371995,2025-06-28 01:17:54,42.4227676391602,-8.87852001190186,"Female"
"9004154",371995,2025-06-28 01:22:59,42.4226989746094,-8.87847137451172,"Female"
"9004154",371995,2025-06-28 01:27:56,42.4226684570312,-8.87844181060791,"Female"
"9004154",371995,2025-06-28 01:33:11,42.4226379394531,-8.8784351348877,"Female"
"9004154",371995,2025-06-28 01:37:44,42.422721862793,-8.87849521636963,"Female"
"9004154",371995,2025-06-28 01:42:44,42.4226264953613,-8.87843608856201,"Female"
"9004154",371995,2025-06-28 01:47:45,42.4223213195801,-8.87800598144531,"Female"
"9004154",371995,2025-06-28 01:52:44,42.4227523803711,-8.8783483505249,"Female"
"9004154",371995,2025-06-28 01:57:46,42.4223785400391,-8.87841033935547,"Female"
"9004154",371995,2025-06-28 02:02:46,42.4223251342773,-8.87816333770752,"Female"
"9004154",371995,2025-06-28 02:07:46,42.4223518371582,-8.87828159332275,"Female"
"9004154",371995,2025-06-28 02:12:48,42.4223747253418,-8.87826347351074,"Female"
"9004154",371995,2025-06-28 02:17:56,42.4223136901855,-8.87850284576416,"Female"
"9004154",371995,2025-06-28 02:23:01,42.4223861694336,-8.8784818649292,"Female"
"9004154",371995,2025-06-28 02:27:49,42.4224090576172,-8.87854194641113,"Female"
"9004154",371995,2025-06-28 02:32:52,42.4223365783691,-8.87856101989746,"Female"
"9004154",371995,2025-06-28 02:37:47,42.4226341247559,-8.87858772277832,"Female"
"9004154",371995,2025-06-28 02:42:50,42.4226989746094,-8.87848281860352,"Female"
"9004154",371995,2025-06-28 02:48:14,42.4226989746094,-8.8785457611084,"Female"
"9004154",371995,2025-06-28 02:52:46,42.4226875305176,-8.87843036651611,"Female"
"9004154",371995,2025-06-28 02:57:47,42.422679901123,-8.87839412689209,"Female"
"9004154",371995,2025-06-28 03:02:44,42.4226493835449,-8.87829875946045,"Female"
"9004154",371995,2025-06-28 03:07:44,42.4226608276367,-8.87839126586914,"Female"
"9004154",371995,2025-06-28 03:12:45,42.4226188659668,-8.87838935852051,"Female"
"9004154",371995,2025-06-28 03:17:44,42.4225425720215,-8.87838077545166,"Female"
"9004154",371995,2025-06-28 03:22:44,42.4225997924805,-8.87825107574463,"Female"
"9004154",371995,2025-06-28 03:27:44,42.4226417541504,-8.87838840484619,"Female"
"9004154",371995,2025-06-28 03:32:47,42.4226188659668,-8.87842655181885,"Female"
"9004154",371995,2025-06-28 03:38:04,42.4225616455078,-8.87849807739258,"Female"
"9004154",371995,2025-06-28 03:42:44,42.4225845336914,-8.87809658050537,"Female"
"9004154",371995,2025-06-28 03:47:47,42.422737121582,-8.87876033782959,"Female"
"9004154",371995,2025-06-28 03:52:49,42.4225997924805,-8.87787437438965,"Female"
"9004154",371995,2025-06-28 03:57:51,42.4227294921875,-8.87845325469971,"Female"
"9004154",371995,2025-06-28 04:02:52,42.4226684570312,-8.87847137451172,"Female"
"9004154",371995,2025-06-28 04:07:46,42.4225883483887,-8.87901592254639,"Female"
"9004154",371995,2025-06-28 04:12:51,42.422679901123,-8.8784818649292,"Female"
"9004154",371995,2025-06-28 04:17:47,42.4226951599121,-8.87838649749756,"Female"
"9004154",371995,2025-06-28 04:22:54,42.4226188659668,-8.8784875869751,"Female"
"9004154",371995,2025-06-28 04:27:52,42.4226837158203,-8.87844848632812,"Female"
"9004154",371995,2025-06-28 04:32:47,42.4227180480957,-8.8784646987915,"Female"
"9004154",371995,2025-06-28 04:37:55,42.4226913452148,-8.87846660614014,"Female"
"9004154",371995,2025-06-28 04:42:55,42.4227485656738,-8.87845611572266,"Female"
"9004154",371995,2025-06-28 04:48:04,42.4226951599121,-8.87843418121338,"Female"
"9004154",371995,2025-06-28 04:52:49,42.422737121582,-8.87846088409424,"Female"
"9004154",371995,2025-06-28 04:57:47,42.4226531982422,-8.8785400390625,"Female"
"9004154",371995,2025-06-28 05:02:47,42.4227066040039,-8.87850475311279,"Female"
"9004154",371995,2025-06-28 05:07:48,42.4226417541504,-8.87848567962646,"Female"
"9004154",371995,2025-06-28 05:13:02,42.4226036071777,-8.87841796875,"Female"
"9004154",371995,2025-06-28 05:17:45,42.4228057861328,-8.88076400756836,"Female"
"9004154",371995,2025-06-28 05:22:47,42.4229965209961,-8.88056564331055,"Female"
"9004154",371995,2025-06-28 05:27:44,42.4228515625,-8.88059997558594,"Female"
"9004154",371995,2025-06-28 05:32:45,42.4227256774902,-8.88032054901123,"Female"
"9004154",371995,2025-06-28 05:38:03,42.4230461120605,-8.88060188293457,"Female"
"9004154",371995,2025-06-28 05:42:43,42.4231033325195,-8.88060092926025,"Female"
"9004154",371995,2025-06-28 05:47:51,42.4230766296387,-8.880539894104,"Female"
"9004154",371995,2025-06-28 05:52:43,42.4229888916016,-8.88054752349854,"Female"
"9004154",371995,2025-06-28 05:57:44,42.4231567382812,-8.88043689727783,"Female"
"9004154",371995,2025-06-28 06:03:05,42.4230194091797,-8.88036632537842,"Female"
"9004154",371995,2025-06-28 06:07:44,42.4235877990723,-8.88090705871582,"Female"
"9004154",371995,2025-06-28 06:12:44,42.4230613708496,-8.88054466247559,"Female"
"9004154",371995,2025-06-28 06:17:54,42.4228782653809,-8.88059997558594,"Female"
"9004154",371995,2025-06-28 06:22:44,42.4230003356934,-8.88073253631592,"Female"
"9004154",371995,2025-06-28 06:27:45,42.4234580993652,-8.88051605224609,"Female"
"9004154",371995,2025-06-28 06:32:47,42.4232215881348,-8.88082122802734,"Female"
"9004154",371995,2025-06-28 06:38:10,42.4229316711426,-8.88055038452148,"Female"
"9004154",371995,2025-06-28 06:42:44,42.4230461120605,-8.88069915771484,"Female"
"9004154",371995,2025-06-28 06:47:49,42.4226264953613,-8.88089561462402,"Female"
"9004154",371995,2025-06-28 06:52:44,42.4226188659668,-8.88111114501953,"Female"
"9004154",371995,2025-06-28 06:57:53,42.4227409362793,-8.8807487487793,"Female"
"9004154",371995,2025-06-28 07:02:43,42.4225387573242,-8.88370227813721,"Female"
"9004154",371995,2025-06-28 07:08:40,42.4234619140625,-8.88398742675781,"Female"
"9004154",371995,2025-06-28 07:13:41,42.4303779602051,-8.87839031219482,"Female"
"9004154",371995,2025-06-28 07:18:39,42.4311904907227,-8.87823867797852,"Female"
"9004154",371995,2025-06-28 07:23:40,42.4416732788086,-8.87544822692871,"Female"
"9004154",371995,2025-06-28 07:28:40,42.4458541870117,-8.8771800994873,"Female"
"9004154",371995,2025-06-28 07:34:51,42.4543724060059,-8.89203834533691,"Female"
"9004154",371995,2025-06-28 07:39:59,42.4546737670898,-8.89026546478271,"Female"
"9004154",371995,2025-06-28 07:44:59,42.454402923584,-8.88969898223877,"Female"
"9004154",371995,2025-06-28 07:50:40,42.4540519714355,-8.89036750793457,"Female"
"9004154",371995,2025-06-28 07:55:40,42.4585113525391,-8.90414619445801,"Female"
"9004154",371995,2025-06-28 08:00:40,42.4584350585938,-8.90415382385254,"Female"
"9004154",371995,2025-06-28 08:05:40,42.4584350585938,-8.90401172637939,"Female"
"9004154",371995,2025-06-28 08:10:40,42.4585075378418,-8.90426635742188,"Female"
"9004154",371995,2025-06-28 08:15:40,42.4583930969238,-8.90416526794434,"Female"
"9004154",371995,2025-06-28 08:20:40,42.4583129882812,-8.90398979187012,"Female"
"9004154",371995,2025-06-28 08:25:40,42.458309173584,-8.90399551391602,"Female"
"9004154",371995,2025-06-28 08:30:40,42.4581565856934,-8.90399360656738,"Female"
"9004154",371995,2025-06-28 08:35:40,42.4583930969238,-8.90417575836182,"Female"
"9004154",371995,2025-06-28 08:40:45,42.4586334228516,-8.90445709228516,"Female"
"9004154",371995,2025-06-28 08:45:41,42.4581642150879,-8.90411186218262,"Female"
"9004154",371995,2025-06-28 08:50:45,42.4588203430176,-8.90437507629395,"Female"
"9004154",371995,2025-06-28 08:55:53,42.4588661193848,-8.90440368652344,"Female"
"9004154",371995,2025-06-28 09:00:55,42.458812713623,-8.90439414978027,"Female"
"9004154",371995,2025-06-28 09:06:01,42.4584159851074,-8.90450382232666,"Female"
"9004154",371995,2025-06-28 09:10:39,42.4585494995117,-8.90440082550049,"Female"
"9004154",371995,2025-06-28 09:15:40,42.4585418701172,-8.90439796447754,"Female"
"9004154",371995,2025-06-28 09:20:39,42.4586181640625,-8.9044017791748,"Female"
"9004154",371995,2025-06-28 09:25:39,42.4585418701172,-8.90437602996826,"Female"
"9004154",371995,2025-06-28 09:30:39,42.4585876464844,-8.90446662902832,"Female"
"9004154",371995,2025-06-28 09:35:39,42.4585914611816,-8.90445995330811,"Female"
"9004154",371995,2025-06-28 09:40:46,42.454517364502,-8.89110469818115,"Female"
"9004154",371995,2025-06-28 09:45:42,42.4549674987793,-8.88974189758301,"Female"
"9004154",371995,2025-06-28 09:50:42,42.455493927002,-8.88999843597412,"Female"
"9004154",371995,2025-06-28 09:55:42,42.4512100219727,-8.88248252868652,"Female"
"9004154",371995,2025-06-28 10:20:05,42.450569152832,-8.88233375549316,"Female"
"9004154",371995,2025-06-28 10:25:17,42.4508857727051,-8.88235759735107,"Female"
"9004154",371995,2025-06-28 10:31:23,42.4512748718262,-8.8819751739502,"Female"
"9004154",371995,2025-06-28 10:36:30,42.4520721435547,-8.88445091247559,"Female"
"9004154",371995,2025-06-28 10:41:34,42.4580879211426,-8.90285587310791,"Female"
"9004154",371995,2025-06-28 10:46:31,42.4580841064453,-8.90286445617676,"Female"
"9004154",371995,2025-06-28 10:51:31,42.4580879211426,-8.90286064147949,"Female"
"9004154",371995,2025-06-28 10:56:31,42.4580879211426,-8.90282249450684,"Female"
"9004154",371995,2025-06-28 11:01:31,42.4581108093262,-8.90273666381836,"Female"
"9004154",371995,2025-06-28 11:06:35,42.4581604003906,-8.90253353118896,"Female"
"9004154",371995,2025-06-28 11:11:44,42.4579658508301,-8.90309429168701,"Female"
"9004154",371995,2025-06-28 11:16:18,42.4580497741699,-8.90298938751221,"Female"
"9004154",371995,2025-06-28 11:21:18,42.4579582214355,-8.90307426452637,"Female"
"9004154",371995,2025-06-28 11:26:22,42.4580535888672,-8.90298175811768,"Female"
"9004154",371995,2025-06-28 11:31:22,42.4580116271973,-8.90309810638428,"Female"
"9004154",371995,2025-06-28 11:36:19,42.4580001831055,-8.90313529968262,"Female"
"9004154",371995,2025-06-28 11:41:18,42.4580192565918,-8.90307712554932,"Female"
"9004154",371995,2025-06-28 11:46:44,42.4580345153809,-8.90281677246094,"Female"
"9004154",371995,2025-06-28 11:51:18,42.4580841064453,-8.90290355682373,"Female"
"9004154",371995,2025-06-28 11:56:18,42.4584312438965,-8.90299034118652,"Female"
"9004154",371995,2025-06-28 12:01:18,42.4581108093262,-8.90286731719971,"Female"
"9004154",371995,2025-06-28 12:06:20,42.4576454162598,-8.90813827514648,"Female"
"9004154",371995,2025-06-28 12:11:19,42.4562683105469,-8.89606094360352,"Female"
"9004154",371995,2025-06-28 12:16:23,42.457389831543,-8.89575576782227,"Female"
"9004154",371995,2025-06-28 12:22:37,42.4580764770508,-8.89548015594482,"Female"
"9004154",371995,2025-06-28 12:28:02,42.4579467773438,-8.8940372467041,"Female"
"9004154",371995,2025-06-28 12:40:29,42.4568939208984,-8.89389991760254,"Female"
"9004154",371995,2025-06-28 12:44:29,42.4585037231445,-8.9042911529541,"Female"
"9004154",371995,2025-06-28 12:49:38,42.4584693908691,-8.90456867218018,"Female"
"9004154",371995,2025-06-28 12:55:05,42.4585647583008,-8.90440940856934,"Female"
"9004154",371995,2025-06-28 12:59:29,42.4585609436035,-8.90447807312012,"Female"
"9004154",371995,2025-06-28 13:04:29,42.4586296081543,-8.90435123443604,"Female"
"9004154",371995,2025-06-28 13:09:29,42.458553314209,-8.90440940856934,"Female"
"9004154",371995,2025-06-28 13:14:29,42.4585609436035,-8.90446949005127,"Female"
"9004154",371995,2025-06-28 13:19:29,42.4585456848145,-8.90446281433105,"Female"
"9004154",371995,2025-06-28 13:24:29,42.4586029052734,-8.90445709228516,"Female"
"9004154",371995,2025-06-28 13:29:30,42.4585762023926,-8.90444755554199,"Female"
"9004154",371995,2025-06-28 13:34:30,42.4586181640625,-8.90442180633545,"Female"
"9004154",371995,2025-06-28 13:39:30,42.4585838317871,-8.90427207946777,"Female"
"9004154",371995,2025-06-28 13:44:30,42.4585952758789,-8.90442657470703,"Female"
"9004154",371995,2025-06-28 13:49:30,42.4585990905762,-8.90442562103271,"Female"
"9004154",371995,2025-06-28 13:54:30,42.4585876464844,-8.90443801879883,"Female"
"9004154",371995,2025-06-28 13:59:30,42.4586067199707,-8.90444278717041,"Female"
"9004154",371995,2025-06-28 14:04:31,42.458568572998,-8.90446662902832,"Female"
"9004154",371995,2025-06-28 14:09:31,42.4585952758789,-8.90451049804688,"Female"
"9004154",371995,2025-06-28 14:14:31,42.4586219787598,-8.90451717376709,"Female"
"9004154",371995,2025-06-28 14:19:31,42.4585990905762,-8.90433216094971,"Female"
"9004154",371995,2025-06-28 14:24:31,42.4586067199707,-8.90441226959229,"Female"
"9004154",371995,2025-06-28 14:29:31,42.458625793457,-8.90447616577148,"Female"
"9004154",371995,2025-06-28 14:34:31,42.4586181640625,-8.90446853637695,"Female"
"9004154",371995,2025-06-28 14:39:31,42.4586067199707,-8.90448093414307,"Female"
"9004154",371995,2025-06-28 14:44:31,42.4585914611816,-8.90443801879883,"Female"
"9004154",371995,2025-06-28 14:49:30,42.4587020874023,-8.90457725524902,"Female"
"9004154",371995,2025-06-28 14:54:31,42.4587135314941,-8.9045581817627,"Female"
"9004154",371995,2025-06-28 14:59:31,42.4587326049805,-8.90456581115723,"Female"
"9004154",371995,2025-06-28 15:04:31,42.4586410522461,-8.9044828414917,"Female"
"9004154",371995,2025-06-28 15:09:31,42.4585800170898,-8.90444469451904,"Female"
"9004154",371995,2025-06-28 15:14:31,42.456657409668,-8.89345455169678,"Female"
"9004154",371995,2025-06-28 15:19:57,42.4571533203125,-8.89075374603271,"Female"
"9004154",371995,2025-06-28 15:25:04,42.4572486877441,-8.89062976837158,"Female"
"9004154",371995,2025-06-28 15:30:06,42.4564018249512,-8.89168262481689,"Female"
"9004154",371995,2025-06-28 15:35:08,42.4561729431152,-8.89166736602783,"Female"
"9004154",371995,2025-06-28 15:40:06,42.4580688476562,-8.90292167663574,"Female"
"9004154",371995,2025-06-28 15:45:12,42.4580268859863,-8.90285205841064,"Female"
"9004154",371995,2025-06-28 15:50:02,42.4580230712891,-8.90283203125,"Female"
"9004154",371995,2025-06-28 15:55:02,42.4580307006836,-8.90279388427734,"Female"
"9004154",371995,2025-06-28 16:00:02,42.4580459594727,-8.90281867980957,"Female"
"9004154",371995,2025-06-28 16:05:02,42.4580078125,-8.90280914306641,"Female"
"9004154",371995,2025-06-28 16:10:02,42.4580154418945,-8.90278816223145,"Female"
"9004154",371995,2025-06-28 16:15:06,42.4580192565918,-8.90286827087402,"Female"
"9004154",371995,2025-06-28 16:21:56,42.4581146240234,-8.90296459197998,"Female"
"9004154",371995,2025-06-28 16:26:54,42.4581909179688,-8.90183448791504,"Female"
"9004154",371995,2025-06-28 17:24:44,42.4486618041992,-8.87988185882568,"Female"
"9004154",371995,2025-06-28 17:30:42,42.4489822387695,-8.88075351715088,"Female"
"9004154",371995,2025-06-28 17:36:54,42.4482192993164,-8.88108825683594,"Female"
"9004154",371995,2025-06-28 17:42:36,42.4478034973145,-8.87890911102295,"Female"
"9004154",371995,2025-06-28 17:49:05,42.4474182128906,-8.8779993057251,"Female"
"9004154",371995,2025-06-28 17:56:36,42.4462013244629,-8.87693977355957,"Female"
"9004154",371995,2025-06-28 18:10:14,42.4442939758301,-8.87692451477051,"Female"
"9004154",371995,2025-06-28 18:14:11,42.4442367553711,-8.87645816802979,"Female"
"9004154",371995,2025-06-28 18:19:20,42.4440460205078,-8.87705230712891,"Female"
"9004154",371995,2025-06-28 18:24:18,42.4430961608887,-8.87744808197021,"Female"
"9004154",371995,2025-06-28 18:29:17,42.4226150512695,-8.87870025634766,"Female"
"9004154",371995,2025-06-28 18:34:16,42.4224166870117,-8.87874984741211,"Female"
"9004154",371995,2025-06-28 18:39:16,42.4221305847168,-8.8782787322998,"Female"
"9004154",371995,2025-06-28 18:44:17,42.4222526550293,-8.87820434570312,"Female"
"9004154",371995,2025-06-28 18:49:53,42.4225158691406,-8.87856578826904,"Female"
"9004154",371995,2025-06-28 18:54:17,42.422477722168,-8.87828731536865,"Female"
"9004154",371995,2025-06-28 18:59:17,42.4225654602051,-8.87831878662109,"Female"
"9004154",371995,2025-06-28 19:04:18,42.4226608276367,-8.87890625,"Female"
"9004154",371995,2025-06-28 19:09:21,42.4224510192871,-8.87846183776855,"Female"
"9004154",371995,2025-06-28 19:14:44,42.4225234985352,-8.87844657897949,"Female"
"9004154",371995,2025-06-28 19:19:17,42.4224967956543,-8.87812614440918,"Female"
"9004154",371995,2025-06-28 19:24:16,42.4226722717285,-8.87790679931641,"Female"
"9004154",371995,2025-06-28 19:29:17,42.4225425720215,-8.87775707244873,"Female"
"9004154",371995,2025-06-28 19:34:18,42.4222297668457,-8.87744331359863,"Female"
"9004154",371995,2025-06-28 19:39:18,42.4225997924805,-8.87831783294678,"Female"
"9004154",371995,2025-06-28 19:44:17,42.422477722168,-8.87823009490967,"Female"
"9004154",371995,2025-06-28 19:49:21,42.4226379394531,-8.87850093841553,"Female"
"9004154",371995,2025-06-28 19:54:18,42.422721862793,-8.87846088409424,"Female"
"9004154",371995,2025-06-28 19:59:19,42.4225540161133,-8.87851524353027,"Female"
"9004154",371995,2025-06-28 20:04:19,42.4225959777832,-8.87824630737305,"Female"
"9004154",371995,2025-06-28 20:09:22,42.422908782959,-8.87859725952148,"Female"
"9004154",371995,2025-06-28 20:14:20,42.4225730895996,-8.8784761428833,"Female"
"9004154",371995,2025-06-28 20:19:51,42.4226341247559,-8.87851333618164,"Female"
"9004154",371995,2025-06-28 20:24:44,42.4226760864258,-8.87851524353027,"Female"
"9004154",371995,2025-06-28 20:29:17,42.4226608276367,-8.87842178344727,"Female"
"9004154",371995,2025-06-28 20:34:22,42.4226036071777,-8.87840557098389,"Female"
"9004154",371995,2025-06-28 20:39:18,42.4226341247559,-8.87845134735107,"Female"
"9004154",371995,2025-06-28 20:44:18,42.4227600097656,-8.87832736968994,"Female"
"9004154",371995,2025-06-28 20:49:46,42.4228401184082,-8.87841796875,"Female"
"9004154",371995,2025-06-28 20:54:23,42.4226875305176,-8.8785514831543,"Female"
"9004154",371995,2025-06-28 20:59:51,42.422721862793,-8.87847995758057,"Female"
"9004154",371995,2025-06-28 21:04:16,42.4226837158203,-8.87848472595215,"Female"
"9004154",371995,2025-06-28 21:09:18,42.422679901123,-8.87839794158936,"Female"
"9004154",371995,2025-06-28 21:14:22,42.4226722717285,-8.87841320037842,"Female"
"9004154",371995,2025-06-28 21:19:17,42.4228019714355,-8.87856483459473,"Female"
"9004154",371995,2025-06-28 21:24:18,42.422607421875,-8.87840461730957,"Female"
"9004154",371995,2025-06-28 21:29:16,42.4226303100586,-8.87827205657959,"Female"
"9004154",371995,2025-06-28 21:34:21,42.4227027893066,-8.87893295288086,"Female"
"9004154",371995,2025-06-28 21:39:32,42.4226303100586,-8.87840366363525,"Female"
"9004154",371995,2025-06-28 21:44:16,42.4226341247559,-8.87857341766357,"Female"
"9004154",371995,2025-06-28 21:49:22,42.4226951599121,-8.87781429290771,"Female"
"9004154",371995,2025-06-28 21:54:17,42.4225921630859,-8.88038063049316,"Female"
"9004154",371995,2025-06-28 21:59:17,42.4226150512695,-8.87850570678711,"Female"
"9004154",371995,2025-06-28 22:04:18,42.4227523803711,-8.8771800994873,"Female"
"9004154",371995,2025-06-28 22:09:17,42.4226684570312,-8.87891101837158,"Female"
"9004154",371995,2025-06-28 22:14:17,42.4226226806641,-8.87798690795898,"Female"
"9004154",371995,2025-06-28 22:19:21,42.4225234985352,-8.87844467163086,"Female"
"9004154",371995,2025-06-28 22:24:24,42.4225311279297,-8.87839698791504,"Female"
"9004154",371995,2025-06-28 22:29:27,42.4224472045898,-8.87842655181885,"Female"
"9004154",371995,2025-06-28 22:34:18,42.4226036071777,-8.87848281860352,"Female"
"9004154",371995,2025-06-28 22:39:41,42.422534942627,-8.87837219238281,"Female"
"9004154",371995,2025-06-28 22:44:21,42.422492980957,-8.87879085540771,"Female"
"9004154",371995,2025-06-28 22:49:31,42.422924041748,-8.87826633453369,"Female"
"9004154",371995,2025-06-28 22:54:28,42.4228401184082,-8.87815570831299,"Female"
"9004154",371995,2025-06-28 22:59:24,42.4223594665527,-8.87847423553467,"Female"
"9004154",371995,2025-06-28 23:04:24,42.4224472045898,-8.87828159332275,"Female"
"9004154",371995,2025-06-28 23:09:45,42.4226989746094,-8.87836360931396,"Female"
"9004154",371995,2025-06-28 23:14:17,42.4227905273438,-8.87837219238281,"Female"
"9004154",371995,2025-06-28 23:19:29,42.422679901123,-8.87831592559814,"Female"
"9004154",371995,2025-06-28 23:24:52,42.4229736328125,-8.87834739685059,"Female"
"9004154",371995,2025-06-28 23:29:18,42.4229431152344,-8.87851715087891,"Female"
"9004154",371995,2025-06-28 23:34:16,42.422924041748,-8.87861824035645,"Female"
"9004154",371995,2025-06-28 23:39:16,42.422908782959,-8.87863254547119,"Female"
"9004154",371995,2025-06-28 23:44:18,42.4227905273438,-8.87852478027344,"Female"
"9004154",371995,2025-06-28 23:49:44,42.4226951599121,-8.87843704223633,"Female"
"9004154",371995,2025-06-28 23:54:16,42.4227981567383,-8.87849044799805,"Female"
"9004154",371995,2025-06-28 23:59:19,42.4227066040039,-8.87853145599365,"Female"
"9004154",371995,2025-06-29 00:04:19,42.4227066040039,-8.87845897674561,"Female"
"9004154",371995,2025-06-29 00:09:16,42.4227638244629,-8.87861156463623,"Female"
"9004154",371995,2025-06-29 00:14:18,42.4226684570312,-8.87838363647461,"Female"
"9004154",371995,2025-06-29 00:19:16,42.4227104187012,-8.87851715087891,"Female"
"9004154",371995,2025-06-29 00:24:16,42.4228668212891,-8.87861347198486,"Female"
"9004154",371995,2025-06-29 00:29:19,42.4228668212891,-8.87839889526367,"Female"
"9004154",371995,2025-06-29 00:34:23,42.4226684570312,-8.87856483459473,"Female"
"9004154",371995,2025-06-29 00:39:16,42.4226837158203,-8.87871170043945,"Female"
"9004154",371995,2025-06-29 00:44:18,42.4230995178223,-8.87827682495117,"Female"
"9004154",371995,2025-06-29 00:49:45,42.4228744506836,-8.87836170196533,"Female"
"9004154",371995,2025-06-29 00:54:16,42.4228439331055,-8.87827014923096,"Female"
"9004154",371995,2025-06-29 00:59:16,42.4228744506836,-8.87831974029541,"Female"
"9004154",371995,2025-06-29 01:04:16,42.4228363037109,-8.87840843200684,"Female"
"9004154",371995,2025-06-29 01:09:16,42.4228477478027,-8.87813758850098,"Female"
"9004154",371995,2025-06-29 01:14:19,42.422420501709,-8.87844848632812,"Female"
"9004154",371995,2025-06-29 01:19:17,42.4231033325195,-8.87824630737305,"Female"
"9004154",371995,2025-06-29 01:24:17,42.4226951599121,-8.87840557098389,"Female"
"9004154",371995,2025-06-29 01:29:20,42.4240608215332,-8.87776756286621,"Female"
"9004154",371995,2025-06-29 01:34:30,42.4225273132324,-8.87835502624512,"Female"
"9004154",371995,2025-06-29 01:39:37,42.4225616455078,-8.87845420837402,"Female"
"9004154",371995,2025-06-29 01:44:44,42.4225082397461,-8.87846755981445,"Female"
"9004154",371995,2025-06-29 01:49:19,42.4228477478027,-8.87839221954346,"Female"
"9004154",371995,2025-06-29 01:54:19,42.4224472045898,-8.87831211090088,"Female"
"9004154",371995,2025-06-29 01:59:23,42.4226188659668,-8.87831211090088,"Female"
"9004154",371995,2025-06-29 02:04:19,42.4226226806641,-8.87839412689209,"Female"
"9004154",371995,2025-06-29 02:09:21,42.4225082397461,-8.8784761428833,"Female"
"9004154",371995,2025-06-29 02:14:19,42.422908782959,-8.87805843353271,"Female"
"9004154",371995,2025-06-29 02:19:21,42.4224967956543,-8.87856101989746,"Female"
"9004154",371995,2025-06-29 02:24:30,42.4228477478027,-8.87795066833496,"Female"
"9004154",371995,2025-06-29 02:29:26,42.4227180480957,-8.87822818756104,"Female"
"9004154",371995,2025-06-29 02:34:57,42.4227447509766,-8.87847900390625,"Female"
"9004154",371995,2025-06-29 02:39:34,42.4227523803711,-8.87849140167236,"Female"
"9004154",371995,2025-06-29 02:45:15,42.422679901123,-8.87837219238281,"Female"
"9004154",371995,2025-06-29 02:49:17,42.422794342041,-8.8782434463501,"Female"
"9004154",371995,2025-06-29 02:54:21,42.4223251342773,-8.87875556945801,"Female"
"9004154",371995,2025-06-29 02:59:50,42.4226684570312,-8.8784875869751,"Female"
"9004154",371995,2025-06-29 03:04:16,42.4226531982422,-8.87860488891602,"Female"
"9004154",371995,2025-06-29 03:09:17,42.4226188659668,-8.8781909942627,"Female"
"9004154",371995,2025-06-29 03:14:17,42.4225883483887,-8.87864780426025,"Female"
"9004154",371995,2025-06-29 03:19:16,42.4225807189941,-8.87860774993896,"Female"
"9004154",371995,2025-06-29 03:24:17,42.4226379394531,-8.87850093841553,"Female"
"9004154",371995,2025-06-29 03:29:18,42.4227981567383,-8.87814235687256,"Female"
"9004154",371995,2025-06-29 03:35:41,42.4227600097656,-8.87845230102539,"Female"
"9004154",371995,2025-06-29 03:40:33,42.422779083252,-8.87844181060791,"Female"
"9004154",371995,2025-06-29 03:44:19,42.422679901123,-8.87847805023193,"Female"
"9004154",371995,2025-06-29 03:49:19,42.4225463867188,-8.87856197357178,"Female"
"9004154",371995,2025-06-29 03:54:21,42.4226379394531,-8.8784236907959,"Female"
"9004154",371995,2025-06-29 03:59:30,42.4226684570312,-8.87843132019043,"Female"
"9004154",371995,2025-06-29 04:04:25,42.4226036071777,-8.87846279144287,"Female"
"9004154",371995,2025-06-29 04:09:44,42.4226379394531,-8.87846755981445,"Female"
"9004154",371995,2025-06-29 04:14:16,42.4226989746094,-8.87850189208984,"Female"
"9004154",371995,2025-06-29 04:19:17,42.422664642334,-8.87845134735107,"Female"
"9004154",371995,2025-06-29 04:24:18,42.4225158691406,-8.87869358062744,"Female"
"9004154",371995,2025-06-29 04:29:18,42.4226188659668,-8.87859630584717,"Female"
"9004154",371995,2025-06-29 04:34:19,42.4227294921875,-8.87843227386475,"Female"
"9004154",371995,2025-06-29 04:39:17,42.4226341247559,-8.87851715087891,"Female"
"9004154",371995,2025-06-29 04:44:20,42.4226493835449,-8.8785400390625,"Female"
"9004154",371995,2025-06-29 04:49:23,42.4226989746094,-8.87875747680664,"Female"
"9004154",371995,2025-06-29 04:54:30,42.4225959777832,-8.87848281860352,"Female"
"9004154",371995,2025-06-29 04:59:25,42.4228935241699,-8.88064193725586,"Female"
"9004154",371995,2025-06-29 05:04:46,42.4229545593262,-8.88052749633789,"Female"
"9004154",371995,2025-06-29 05:09:16,42.4229431152344,-8.88062000274658,"Female"
"9004154",371995,2025-06-29 05:14:17,42.4229965209961,-8.88055515289307,"Female"
"9004154",371995,2025-06-29 05:19:16,42.4229583740234,-8.88060092926025,"Female"
"9004154",371995,2025-06-29 05:24:16,42.422924041748,-8.88053798675537,"Female"
"9004154",371995,2025-06-29 05:29:16,42.4229507446289,-8.88057327270508,"Female"
"9004154",371995,2025-06-29 05:34:16,42.4229278564453,-8.88051319122314,"Female"
"9004154",371995,2025-06-29 05:39:17,42.4230041503906,-8.88136291503906,"Female"
"9004154",371995,2025-06-29 05:44:43,42.4229774475098,-8.88080406188965,"Female"
"9004154",371995,2025-06-29 05:49:16,42.4229393005371,-8.88066291809082,"Female"
"9004154",371995,2025-06-29 05:54:16,42.4229698181152,-8.8806037902832,"Female"
"9004154",371995,2025-06-29 05:59:16,42.422966003418,-8.88069629669189,"Female"
"9004154",371995,2025-06-29 06:04:18,42.4229278564453,-8.88063812255859,"Female"
"9004154",371995,2025-06-29 06:09:17,42.4230041503906,-8.88088035583496,"Female"
"9004154",371995,2025-06-29 06:14:19,42.4230499267578,-8.88068103790283,"Female"
"9004154",371995,2025-06-29 06:19:17,42.4230804443359,-8.88099193572998,"Female"
"9004154",371995,2025-06-29 06:24:17,42.4230003356934,-8.88032722473145,"Female"
"9004154",371995,2025-06-29 06:29:23,42.4230728149414,-8.88072681427002,"Female"
"9004154",371995,2025-06-29 06:34:53,42.4230003356934,-8.88041877746582,"Female"
"9004154",371995,2025-06-29 06:39:16,42.4229469299316,-8.88050842285156,"Female"
"9004154",371995,2025-06-29 06:44:17,42.4227905273438,-8.8805685043335,"Female"
"9004154",371995,2025-06-29 06:49:17,42.4229393005371,-8.88032341003418,"Female"
"9004154",371995,2025-06-29 06:54:18,42.4228286743164,-8.88064289093018,"Female"
"9004154",371995,2025-06-29 06:59:21,42.4224090576172,-8.88162994384766,"Female"
"9004154",371995,2025-06-29 07:04:24,42.4229888916016,-8.88050937652588,"Female"
"9004154",371995,2025-06-29 07:09:36,42.423023223877,-8.88035011291504,"Female"
"9004154",371995,2025-06-29 07:14:17,42.4230041503906,-8.88030433654785,"Female"
"9004154",371995,2025-06-29 07:19:17,42.4230728149414,-8.88027763366699,"Female"
"9004154",371995,2025-06-29 07:24:17,42.4227714538574,-8.88084697723389,"Female"
"9004154",371995,2025-06-29 07:29:21,42.4228439331055,-8.88053035736084,"Female"
"9004154",371995,2025-06-29 07:34:25,42.4228935241699,-8.8805570602417,"Female"
"9004154",371995,2025-06-29 07:39:25,42.4228782653809,-8.88055038452148,"Female"
"9004154",371995,2025-06-29 07:44:25,42.4229393005371,-8.88062286376953,"Female"
"9004154",371995,2025-06-29 07:49:21,42.4228096008301,-8.88034534454346,"Female"
"9004154",371995,2025-06-29 07:54:44,42.4229698181152,-8.88049983978271,"Female"
"9004154",371995,2025-06-29 07:59:19,42.4228439331055,-8.88071155548096,"Female"
"9004154",371995,2025-06-29 08:04:18,42.4228477478027,-8.88047313690186,"Female"
"9004154",371995,2025-06-29 08:09:17,42.423168182373,-8.88042163848877,"Female"
"9004154",371995,2025-06-29 08:14:18,42.42333984375,-8.88110542297363,"Female"
"9004154",371995,2025-06-29 08:19:17,42.422966003418,-8.88083457946777,"Female"
"9004154",371995,2025-06-29 08:24:19,42.423038482666,-8.88056564331055,"Female"
"9004154",371995,2025-06-29 08:29:22,42.4230880737305,-8.88055324554443,"Female"
"9004154",371995,2025-06-29 08:34:17,42.4230461120605,-8.88021087646484,"Female"
"9004154",371995,2025-06-29 08:39:21,42.4231452941895,-8.88058185577393,"Female"
"9004154",371995,2025-06-29 08:44:44,42.4225959777832,-8.87841415405273,"Female"
"9004154",371995,2025-06-29 08:49:16,42.4224815368652,-8.87854099273682,"Female"
"9004154",371995,2025-06-29 08:55:40,42.422679901123,-8.87854671478271,"Female"
"9004154",371995,2025-06-29 09:00:40,42.4226608276367,-8.87847900390625,"Female"
"9004154",371995,2025-06-29 09:04:55,42.4226684570312,-8.87858486175537,"Female"
"9004154",371995,2025-06-29 09:09:16,42.4224662780762,-8.8786039352417,"Female"
"9004154",371995,2025-06-29 09:14:21,42.4227066040039,-8.87844085693359,"Female"
"9004154",371995,2025-06-29 09:19:16,42.4227142333984,-8.87884140014648,"Female"
"9004154",371995,2025-06-29 09:24:16,42.422721862793,-8.87870311737061,"Female"
"9004154",371995,2025-06-29 09:29:16,42.4263687133789,-8.87821292877197,"Female"
"9004154",371995,2025-06-29 09:34:17,42.4362335205078,-8.87745189666748,"Female"
"9004154",371995,2025-06-29 09:39:17,42.4372634887695,-8.87792110443115,"Female"
"9004154",371995,2025-06-29 09:44:17,42.4372634887695,-8.87826538085938,"Female"
"9004154",371995,2025-06-29 09:49:17,42.4372711181641,-8.87814712524414,"Female"
"9004154",371995,2025-06-29 09:54:17,42.4372978210449,-8.87815380096436,"Female"
"9004154",371995,2025-06-29 09:59:18,42.4372367858887,-8.87936592102051,"Female"
"9004154",371995,2025-06-29 10:04:24,42.4372787475586,-8.87779426574707,"Female"
"9004154",371995,2025-06-29 10:09:24,42.4372940063477,-8.87777996063232,"Female"
"9004154",371995,2025-06-29 10:14:19,42.4373245239258,-8.87774276733398,"Female"
"9004154",371995,2025-06-29 10:19:19,42.4373054504395,-8.87789916992188,"Female"
"9004154",371995,2025-06-29 10:24:17,42.437313079834,-8.87783336639404,"Female"
"9004154",371995,2025-06-29 10:29:18,42.4372787475586,-8.87752151489258,"Female"
"9004154",371995,2025-06-29 10:34:45,42.4377593994141,-8.87547874450684,"Female"
"9004154",371995,2025-06-29 10:39:50,42.4375915527344,-8.87653923034668,"Female"
"9004154",371995,2025-06-29 10:46:10,42.4384460449219,-8.87620830535889,"Female"
"9004154",371995,2025-06-29 10:52:24,42.4392776489258,-8.87582206726074,"Female"
"9004154",371995,2025-06-29 10:57:39,42.4385185241699,-8.87558269500732,"Female"
"9004154",371995,2025-06-29 11:03:21,42.4382705688477,-8.87562084197998,"Female"
"9004154",371995,2025-06-29 11:11:00,42.4372138977051,-8.87581729888916,"Female"
"9004154",371995,2025-06-29 11:38:05,42.4373245239258,-8.87775325775146,"Female"
"9004154",371995,2025-06-29 11:42:36,42.4373321533203,-8.87770652770996,"Female"
"9004154",371995,2025-06-29 11:47:38,42.4373016357422,-8.87778663635254,"Female"
"9004154",371995,2025-06-29 11:52:34,42.4373664855957,-8.87776756286621,"Female"
"9004154",371995,2025-06-29 11:57:34,42.4373741149902,-8.87773132324219,"Female"
"9004154",371995,2025-06-29 12:02:34,42.4373512268066,-8.87772655487061,"Female"
"9004154",371995,2025-06-29 12:07:34,42.4373245239258,-8.87780094146729,"Female"
"9004154",371995,2025-06-29 12:12:44,42.4373359680176,-8.87772560119629,"Female"
"9004154",371995,2025-06-29 12:17:34,42.4373207092285,-8.87777614593506,"Female"
"9004154",371995,2025-06-29 12:22:38,42.4373397827148,-8.87773990631104,"Female"
"9004154",371995,2025-06-29 12:27:44,42.4372978210449,-8.87777805328369,"Female"
"9004154",371995,2025-06-29 12:32:34,42.4372634887695,-8.87773036956787,"Female"
"9004154",371995,2025-06-29 12:37:36,42.4396553039551,-8.8765754699707,"Female"
"9004154",371995,2025-06-29 12:47:44,42.4367027282715,-8.87456798553467,"Female"
"9004154",371995,2025-06-29 13:02:14,42.4381256103516,-8.87639999389648,"Female"
"9004154",371995,2025-06-29 13:18:05,42.450309753418,-8.88566875457764,"Female"
"9004154",371995,2025-06-29 13:22:02,42.4533996582031,-8.88719940185547,"Female"
"9004154",371995,2025-06-29 13:27:44,42.4597015380859,-8.89834976196289,"Female"
"9004154",371995,2025-06-29 13:32:45,42.4596710205078,-8.89890956878662,"Female"
"9004154",371995,2025-06-29 13:37:43,42.4584846496582,-8.90455436706543,"Female"
"9004154",371995,2025-06-29 13:42:43,42.4584159851074,-8.90462589263916,"Female"
"9004154",371995,2025-06-29 13:47:43,42.4585609436035,-8.90448570251465,"Female"
"9004154",371995,2025-06-29 13:52:43,42.4587173461914,-8.90421962738037,"Female"
"9004154",371995,2025-06-29 13:57:45,42.4586753845215,-8.90431976318359,"Female"
"9004154",371995,2025-06-29 14:02:45,42.4584808349609,-8.90456390380859,"Female"
"9004154",371995,2025-06-29 14:07:45,42.4586944580078,-8.90429019927979,"Female"
"9004154",371995,2025-06-29 14:12:45,42.4586296081543,-8.90430736541748,"Female"
"9004154",371995,2025-06-29 14:17:43,42.458553314209,-8.9044189453125,"Female"
"9004154",371995,2025-06-29 14:22:43,42.4587173461914,-8.90431594848633,"Female"
"9004154",371995,2025-06-29 14:27:44,42.4585494995117,-8.90442085266113,"Female"
"9004154",371995,2025-06-29 14:32:49,42.4585304260254,-8.90443134307861,"Female"
"9004154",371995,2025-06-29 14:37:45,42.4585075378418,-8.90446186065674,"Female"
"9004154",371995,2025-06-29 14:42:45,42.4584808349609,-8.90447044372559,"Female"
"9004154",371995,2025-06-29 14:47:44,42.4585609436035,-8.904465675354,"Female"
"9004154",371995,2025-06-29 14:52:44,42.4585876464844,-8.90446949005127,"Female"
"9004154",371995,2025-06-29 14:57:46,42.4586219787598,-8.90444564819336,"Female"
"9004154",371995,2025-06-29 15:02:46,42.4587059020996,-8.90441036224365,"Female"
"9004154",371995,2025-06-29 15:08:13,42.4585647583008,-8.90446949005127,"Female"
"9004154",371995,2025-06-29 15:12:43,42.4586219787598,-8.90431594848633,"Female"
"9004154",371995,2025-06-29 15:17:43,42.458683013916,-8.90445327758789,"Female"
"9004154",371995,2025-06-29 15:22:43,42.4585838317871,-8.90440559387207,"Female"
"9004154",371995,2025-06-29 15:27:43,42.458625793457,-8.90443801879883,"Female"
"9004154",371995,2025-06-29 15:32:50,42.4596176147461,-8.89908504486084,"Female"
"9004154",371995,2025-06-29 15:38:03,42.4595794677734,-8.89811229705811,"Female"
"9004154",371995,2025-06-29 15:43:04,42.4588661193848,-8.89558982849121,"Female"
"9004154",371995,2025-06-29 15:52:13,42.457691192627,-8.89415168762207,"Female"
"9004154",371995,2025-06-29 15:56:55,42.4574394226074,-8.89440441131592,"Female"
"9004154",371995,2025-06-29 16:01:54,42.4582405090332,-8.90270328521729,"Female"
"9004154",371995,2025-06-29 16:07:07,42.4596061706543,-8.9052562713623,"Female"
"9004154",371995,2025-06-29 16:11:53,42.4579658508301,-8.90269470214844,"Female"
"9004154",371995,2025-06-29 16:17:06,42.4580726623535,-8.90294742584229,"Female"
"9004154",371995,2025-06-29 16:21:54,42.4580726623535,-8.90296745300293,"Female"
"9004154",371995,2025-06-29 16:27:14,42.4580345153809,-8.9029426574707,"Female"
"9004154",371995,2025-06-29 16:31:54,42.4580688476562,-8.90297985076904,"Female"
"9004154",371995,2025-06-29 16:36:57,42.4580192565918,-8.90290641784668,"Female"
"9004154",371995,2025-06-29 16:41:53,42.4580612182617,-8.90292549133301,"Female"
"9004154",371995,2025-06-29 16:47:14,42.4580230712891,-8.90293979644775,"Female"
"9004154",371995,2025-06-29 16:51:53,42.4579315185547,-8.90289783477783,"Female"
"9004154",371995,2025-06-29 16:56:53,42.458065032959,-8.9028902053833,"Female"
"9004154",371995,2025-06-29 17:02:01,42.4581298828125,-8.90295314788818,"Female"
"9004154",371995,2025-06-29 17:06:59,42.4581451416016,-8.90290355682373,"Female"
"9004154",371995,2025-06-29 17:11:53,42.4579162597656,-8.90263175964355,"Female"
"9004154",371995,2025-06-29 17:16:55,42.4580459594727,-8.90279102325439,"Female"
"9004154",371995,2025-06-29 17:21:53,42.4579925537109,-8.90273380279541,"Female"
"9004154",371995,2025-06-29 17:26:56,42.457878112793,-8.90230464935303,"Female"
"9004154",371995,2025-06-29 17:32:15,42.4580268859863,-8.90285587310791,"Female"
"9004154",371995,2025-06-29 17:36:53,42.4581184387207,-8.90270709991455,"Female"
"9004154",371995,2025-06-29 17:41:53,42.4580345153809,-8.90273380279541,"Female"
"9004154",371995,2025-06-29 17:46:53,42.4580841064453,-8.90272331237793,"Female"
"9004154",371995,2025-06-29 17:51:53,42.4581298828125,-8.90269660949707,"Female"
"9004154",371995,2025-06-29 17:57:33,42.4565277099609,-8.88803100585938,"Female"
"9004154",371995,2025-06-29 18:02:48,42.455883026123,-8.8882942199707,"Female"
"9004154",371995,2025-06-29 18:09:13,42.4569702148438,-8.88875484466553,"Female"
"9004154",371995,2025-06-29 18:14:12,42.4565391540527,-8.88908290863037,"Female"
"9004154",371995,2025-06-29 18:19:35,42.455924987793,-8.88727188110352,"Female"
"9004154",371995,2025-06-29 18:24:30,42.4558906555176,-8.8860034942627,"Female"
"9004154",371995,2025-06-29 18:54:35,42.4558296203613,-8.88719177246094,"Female"
"9004154",371995,2025-06-29 18:59:10,42.451057434082,-8.88089179992676,"Female"
"9004154",371995,2025-06-29 19:04:31,42.4504928588867,-8.87955474853516,"Female"
"9004154",371995,2025-06-29 19:09:31,42.4503402709961,-8.87937259674072,"Female"
"9004154",371995,2025-06-29 19:15:17,42.4496612548828,-8.88009929656982,"Female"
"9004154",371995,2025-06-29 19:20:58,42.4492340087891,-8.87933731079102,"Female"
"9004154",371995,2025-06-29 19:26:34,42.4486694335938,-8.87960624694824,"Female"
"9004154",371995,2025-06-29 19:31:50,42.4483261108398,-8.87850379943848,"Female"
"9004154",371995,2025-06-29 19:36:55,42.4481582641602,-8.87832069396973,"Female"
"9004154",371995,2025-06-29 19:42:26,42.4476203918457,-8.8778018951416,"Female"
"9004154",371995,2025-06-29 19:48:10,42.4470329284668,-8.87850189208984,"Female"
"9004154",371995,2025-06-29 19:53:09,42.4389533996582,-8.87881374359131,"Female"
"9004154",371995,2025-06-29 19:58:11,42.4226760864258,-8.87852001190186,"Female"
"9004154",371995,2025-06-29 20:03:18,42.4226379394531,-8.87846565246582,"Female"
"9004154",371995,2025-06-29 20:08:19,42.4226951599121,-8.87844371795654,"Female"
"9004154",371995,2025-06-29 20:13:18,42.422664642334,-8.87848091125488,"Female"
"9004154",371995,2025-06-29 20:18:29,42.4224624633789,-8.87854862213135,"Female"
"9004154",371995,2025-06-29 20:23:44,42.4226417541504,-8.87850761413574,"Female"
"9004154",371995,2025-06-29 20:28:10,42.4228134155273,-8.87835502624512,"Female"
"9004154",371995,2025-06-29 20:33:10,42.4230308532715,-8.87807941436768,"Female"
"9004154",371995,2025-06-29 20:38:42,42.422679901123,-8.87847709655762,"Female"
"9004154",371995,2025-06-29 20:43:10,42.422607421875,-8.87852382659912,"Female"
"9004154",371995,2025-06-29 20:48:09,42.4227828979492,-8.87852478027344,"Female"
"9004154",371995,2025-06-29 20:53:12,42.4225883483887,-8.87839126586914,"Female"
"9004154",371995,2025-06-29 20:58:09,42.4227867126465,-8.87838077545166,"Female"
"9004154",371995,2025-06-29 21:03:10,42.4227828979492,-8.87845993041992,"Female"
"9004154",371995,2025-06-29 21:08:12,42.4225883483887,-8.87849807739258,"Female"
"9004154",371995,2025-06-29 21:13:11,42.4225120544434,-8.87818241119385,"Female"
"9004154",371995,2025-06-29 21:18:11,42.4226112365723,-8.878662109375,"Female"
"9004154",371995,2025-06-29 21:23:32,42.4226608276367,-8.87841796875,"Female"
"9004154",371995,2025-06-29 21:28:10,42.4227027893066,-8.87830829620361,"Female"
"9004154",371995,2025-06-29 21:33:10,42.422679901123,-8.87772560119629,"Female"
"9004154",371995,2025-06-29 21:38:10,42.4225730895996,-8.87848854064941,"Female"
"9004154",371995,2025-06-29 21:43:10,42.4226455688477,-8.87929248809814,"Female"
"9004154",371995,2025-06-29 21:48:10,42.4225654602051,-8.87843608856201,"Female"
"9004154",371995,2025-06-29 21:53:09,42.422550201416,-8.87842273712158,"Female"
"9004154",371995,2025-06-29 21:58:09,42.4225883483887,-8.8782901763916,"Female"
"9004154",371995,2025-06-29 22:03:09,42.4225387573242,-8.87839508056641,"Female"
"9004154",371995,2025-06-29 22:08:10,42.4225883483887,-8.8785514831543,"Female"
"9004154",371995,2025-06-29 22:13:11,42.4226036071777,-8.8784704208374,"Female"
"9004154",371995,2025-06-29 22:18:14,42.4225730895996,-8.87859058380127,"Female"
"9004154",371995,2025-06-29 22:23:11,42.4226379394531,-8.87851428985596,"Female"
"9004154",371995,2025-06-29 22:28:13,42.4225997924805,-8.87830543518066,"Female"
"9004154",371995,2025-06-29 22:33:19,42.4227447509766,-8.87876033782959,"Female"
"9004154",371995,2025-06-29 22:38:12,42.4228172302246,-8.87874794006348,"Female"
"9004154",371995,2025-06-29 22:43:16,42.4226188659668,-8.8785572052002,"Female"
"9004154",371995,2025-06-29 22:48:23,42.4228286743164,-8.87877941131592,"Female"
"9004154",371995,2025-06-29 22:53:22,42.4228324890137,-8.87877655029297,"Female"
"9004154",371995,2025-06-29 22:58:35,42.4223213195801,-8.87845134735107,"Female"
"9004154",371995,2025-06-29 23:03:29,42.4224510192871,-8.87837505340576,"Female"
"9004154",371995,2025-06-29 23:08:17,42.4225692749023,-8.87843799591064,"Female"
"9004154",371995,2025-06-29 23:13:44,42.4223937988281,-8.87844848632812,"Female"
"9004154",371995,2025-06-29 23:18:10,42.4224166870117,-8.87847805023193,"Female"
"9004154",371995,2025-06-29 23:23:12,42.4223670959473,-8.87845897674561,"Female"
"9004154",371995,2025-06-29 23:28:10,42.4224967956543,-8.87843608856201,"Female"
"9004154",371995,2025-06-29 23:33:12,42.4225120544434,-8.87845420837402,"Female"
"9004154",371995,2025-06-29 23:38:09,42.422435760498,-8.87856101989746,"Female"
"9004154",371995,2025-06-29 23:43:09,42.4224548339844,-8.87839126586914,"Female"
"9004154",371995,2025-06-29 23:48:33,42.4224891662598,-8.87842655181885,"Female"
"9004154",371995,2025-06-29 23:53:10,42.4225730895996,-8.87843704223633,"Female"
"9004154",371995,2025-06-29 23:58:09,42.4224472045898,-8.87832832336426,"Female"
"9004154",371995,2025-06-30 00:03:29,42.4224967956543,-8.87852382659912,"Female"
"9004154",371995,2025-06-30 00:08:20,42.4224395751953,-8.87846851348877,"Female"
"9004154",371995,2025-06-30 00:13:13,42.4226188659668,-8.87847423553467,"Female"
"9004154",371995,2025-06-30 00:18:13,42.4227523803711,-8.87821197509766,"Female"
"9004154",371995,2025-06-30 00:23:20,42.4228820800781,-8.87834358215332,"Female"
"9004154",371995,2025-06-30 00:28:20,42.4229736328125,-8.87839317321777,"Female"
"9004154",371995,2025-06-30 00:33:20,42.4228439331055,-8.87831115722656,"Female"
"9004154",371995,2025-06-30 00:38:20,42.4229354858398,-8.87837505340576,"Female"
"9004154",371995,2025-06-30 00:43:20,42.4229507446289,-8.87834930419922,"Female"
"9004154",371995,2025-06-30 00:48:20,42.4229278564453,-8.87833118438721,"Female"
"9004154",371995,2025-06-30 00:53:21,42.4229621887207,-8.87851905822754,"Female"
"9004154",371995,2025-06-30 00:58:21,42.4229354858398,-8.87844276428223,"Female"
"9004154",371995,2025-06-30 01:04:06,42.4228553771973,-8.87837219238281,"Female"
"9004154",371995,2025-06-30 01:08:13,42.4228134155273,-8.87825870513916,"Female"
"9004154",371995,2025-06-30 01:13:13,42.422679901123,-8.87834644317627,"Female"
"9004154",371995,2025-06-30 01:18:10,42.4226341247559,-8.87828731536865,"Female"
"9004154",371995,2025-06-30 01:23:13,42.4228363037109,-8.87835216522217,"Female"
"9004154",371995,2025-06-30 01:28:12,42.4227981567383,-8.87836074829102,"Female"
"9004154",371995,2025-06-30 01:33:19,42.4227066040039,-8.87839031219482,"Female"
"9004154",371995,2025-06-30 01:38:14,42.4229164123535,-8.87843799591064,"Female"
"9004154",371995,2025-06-30 01:43:17,42.4225769042969,-8.87843322753906,"Female"
"9004154",371995,2025-06-30 01:48:13,42.4227409362793,-8.87835502624512,"Female"
"9004154",371995,2025-06-30 01:53:14,42.4228477478027,-8.87837791442871,"Female"
"9004154",371995,2025-06-30 01:58:13,42.4228439331055,-8.87834930419922,"Female"
"9004154",371995,2025-06-30 02:04:03,42.4227714538574,-8.87846565246582,"Female"
"9004154",371995,2025-06-30 02:09:15,42.4230690002441,-8.87841796875,"Female"
"9004154",371995,2025-06-30 02:14:33,42.4229011535645,-8.87846279144287,"Female"
"9004154",371995,2025-06-30 02:19:33,42.4227027893066,-8.87849235534668,"Female"
"9004154",371995,2025-06-30 02:24:15,42.4226531982422,-8.87846279144287,"Female"
"9004154",371995,2025-06-30 02:28:10,42.422550201416,-8.87843799591064,"Female"
"9004154",371995,2025-06-30 02:33:10,42.4222717285156,-8.8782844543457,"Female"
"9004154",371995,2025-06-30 02:38:13,42.422290802002,-8.87844562530518,"Female"
"9004154",371995,2025-06-30 02:43:09,42.4224548339844,-8.87832069396973,"Female"
"9004154",371995,2025-06-30 02:48:35,42.4226264953613,-8.87849712371826,"Female"
"9004154",371995,2025-06-30 02:53:10,42.4226036071777,-8.87832260131836,"Female"
"9004154",371995,2025-06-30 02:58:10,42.4223098754883,-8.87844753265381,"Female"
"9004154",371995,2025-06-30 03:03:10,42.422534942627,-8.87873458862305,"Female"
"9004154",371995,2025-06-30 03:08:10,42.4225578308105,-8.87827396392822,"Female"
"9004154",371995,2025-06-30 03:13:10,42.4225654602051,-8.87850570678711,"Female"
"9004154",371995,2025-06-30 03:18:11,42.4224472045898,-8.87873649597168,"Female"
"9004154",371995,2025-06-30 03:23:12,42.4226455688477,-8.87857151031494,"Female"
"9004154",371995,2025-06-30 03:29:00,42.4226455688477,-8.87848663330078,"Female"
"9004154",371995,2025-06-30 03:33:13,42.4227256774902,-8.87882995605469,"Female"
"9004154",371995,2025-06-30 03:38:11,42.4226913452148,-8.87854099273682,"Female"
"9004154",371995,2025-06-30 03:43:13,42.4227256774902,-8.87852764129639,"Female"
"9004154",371995,2025-06-30 03:48:12,42.4226493835449,-8.87844467163086,"Female"
"9004154",371995,2025-06-30 03:53:19,42.4226264953613,-8.8784875869751,"Female"
"9004154",371995,2025-06-30 03:58:13,42.4227447509766,-8.87835216522217,"Female"
"9004154",371995,2025-06-30 04:03:39,42.4226875305176,-8.87844085693359,"Female"
"9004154",371995,2025-06-30 04:08:16,42.4226303100586,-8.87845611572266,"Female"
"9004154",371995,2025-06-30 04:13:10,42.4226837158203,-8.87857246398926,"Female"
"9004154",371995,2025-06-30 04:18:10,42.4227027893066,-8.8787202835083,"Female"
"9004154",371995,2025-06-30 04:23:12,42.4227447509766,-8.87852382659912,"Female"
"9004154",371995,2025-06-30 04:28:10,42.4227409362793,-8.87842655181885,"Female"
"9004154",371995,2025-06-30 04:33:12,42.422721862793,-8.87848377227783,"Female"
"9004154",371995,2025-06-30 04:38:16,42.4227027893066,-8.87847137451172,"Female"
"9004154",371995,2025-06-30 04:43:10,42.4227905273438,-8.87845325469971,"Female"
"9004154",371995,2025-06-30 04:48:12,42.4226989746094,-8.87853050231934,"Female"
"9004154",371995,2025-06-30 04:53:19,42.4226417541504,-8.87843608856201,"Female"
"9004154",371995,2025-06-30 04:58:16,42.422492980957,-8.87844467163086,"Female"
"9004154",371995,2025-06-30 05:03:21,42.4225883483887,-8.87851715087891,"Female"
"9004154",371995,2025-06-30 05:08:17,42.4226608276367,-8.87844467163086,"Female"
"9004154",371995,2025-06-30 05:13:36,42.4226913452148,-8.87845516204834,"Female"
"9004154",371995,2025-06-30 05:18:13,42.4226760864258,-8.87842655181885,"Female"
"9004154",371995,2025-06-30 05:24:14,42.4226417541504,-8.87847709655762,"Female"
"9004154",371995,2025-06-30 05:28:16,42.4226150512695,-8.87846755981445,"Female"
"9004154",371995,2025-06-30 05:33:10,42.422679901123,-8.87844276428223,"Female"
"9004154",371995,2025-06-30 05:38:33,42.4229850769043,-8.87953853607178,"Female"
"9004154",371995,2025-06-30 05:43:30,42.4229888916016,-8.87943649291992,"Female"
"9004154",371995,2025-06-30 05:48:18,42.4229469299316,-8.87944507598877,"Female"
"9004154",371995,2025-06-30 05:53:34,42.4228363037109,-8.879469871521,"Female"
"9004154",371995,2025-06-30 05:58:13,42.4228591918945,-8.87945365905762,"Female"
"9004154",371995,2025-06-30 06:03:14,42.4228286743164,-8.87946319580078,"Female"
"9004154",371995,2025-06-30 06:08:33,42.4228668212891,-8.87936973571777,"Female"
"9004154",371995,2025-06-30 06:13:44,42.4228782653809,-8.87939167022705,"Female"
"9004154",371995,2025-06-30 06:18:11,42.4227676391602,-8.87944221496582,"Female"
"9004154",371995,2025-06-30 06:23:13,42.423038482666,-8.87950038909912,"Female"
"9004154",371995,2025-06-30 06:28:19,42.4227828979492,-8.88030052185059,"Female"
"9004154",371995,2025-06-30 06:39:13,42.4229927062988,-8.87817764282227,"Female"
"9004154",371995,2025-06-30 06:43:22,42.422908782959,-8.8787260055542,"Female"
"9004154",371995,2025-06-30 06:48:19,42.4228591918945,-8.87949657440186,"Female"
"9004154",371995,2025-06-30 06:54:33,42.422779083252,-8.8795862197876,"Female"
"9004154",371995,2025-06-30 06:58:45,42.4230041503906,-8.87920093536377,"Female"
"9004154",371995,2025-06-30 07:03:17,42.4228553771973,-8.87967872619629,"Female"
"9004154",371995,2025-06-30 07:08:11,42.4493751525879,-8.88265514373779,"Female"
"9004154",371995,2025-06-30 07:19:14,42.4543380737305,-8.88882350921631,"Female"
"9004154",371995,2025-06-30 07:24:19,42.4555397033691,-8.88930702209473,"Female"
"9004154",371995,2025-06-30 07:29:17,42.4555130004883,-8.88938331604004,"Female"
"9004154",371995,2025-06-30 07:34:18,42.458080291748,-8.90298557281494,"Female"
"9004154",371995,2025-06-30 07:39:17,42.458137512207,-8.9030647277832,"Female"
"9004154",371995,2025-06-30 07:44:21,42.458137512207,-8.90313339233398,"Female"
"9004154",371995,2025-06-30 07:49:44,42.4581336975098,-8.90291213989258,"Female"
"9004154",371995,2025-06-30 07:54:17,42.4580764770508,-8.90291976928711,"Female"
"9004154",371995,2025-06-30 07:59:17,42.4580574035645,-8.90287399291992,"Female"
"9004154",371995,2025-06-30 08:04:17,42.4580383300781,-8.90283203125,"Female"
"9004154",371995,2025-06-30 08:09:17,42.4580421447754,-8.90290069580078,"Female"
"9004154",371995,2025-06-30 08:14:17,42.4580726623535,-8.90301418304443,"Female"
"9004154",371995,2025-06-30 08:19:17,42.4580230712891,-8.90286159515381,"Female"
"9004154",371995,2025-06-30 08:24:19,42.4580078125,-8.90271854400635,"Female"
"9004154",371995,2025-06-30 08:29:18,42.458065032959,-8.9028148651123,"Female"
"9004154",371995,2025-06-30 08:34:18,42.4580917358398,-8.90301990509033,"Female"
"9004154",371995,2025-06-30 08:39:18,42.4581604003906,-8.90312385559082,"Female"
"9004154",371995,2025-06-30 08:44:21,42.4579772949219,-8.90299129486084,"Female"
"9004154",371995,2025-06-30 08:49:45,42.457950592041,-8.90301322937012,"Female"
"9004154",371995,2025-06-30 08:54:17,42.4580574035645,-8.90302467346191,"Female"
"9004154",371995,2025-06-30 08:59:18,42.4579315185547,-8.90287590026855,"Female"
"9004154",371995,2025-06-30 09:04:18,42.4579086303711,-8.90301132202148,"Female"
"9004154",371995,2025-06-30 09:09:18,42.4580459594727,-8.90298175811768,"Female"
"9004154",371995,2025-06-30 09:14:18,42.4587478637695,-8.90318012237549,"Female"
"9004154",371995,2025-06-30 09:19:36,42.4601669311523,-8.89955425262451,"Female"
"9004154",371995,2025-06-30 09:25:21,42.4599533081055,-8.89977550506592,"Female"
"9004154",371995,2025-06-30 09:30:21,42.4604988098145,-8.89941215515137,"Female"
"9004154",371995,2025-06-30 09:37:18,42.4601783752441,-8.89931869506836,"Female"
"9004154",371995,2025-06-30 09:43:43,42.4597854614258,-8.89954566955566,"Female"
"9004154",371995,2025-06-30 09:50:05,42.4584350585938,-8.90255355834961,"Female"
"9004154",371995,2025-06-30 09:54:05,42.4581565856934,-8.9031925201416,"Female"
"9004154",371995,2025-06-30 09:58:41,42.4581527709961,-8.90317535400391,"Female"
"9004154",371995,2025-06-30 10:03:41,42.4581565856934,-8.90319919586182,"Female"
"9004154",371995,2025-06-30 10:08:41,42.4581642150879,-8.90323638916016,"Female"
"9004154",371995,2025-06-30 10:13:41,42.4581756591797,-8.90322017669678,"Female"
"9004154",371995,2025-06-30 10:18:41,42.4582290649414,-8.90323352813721,"Female"
"9004154",371995,2025-06-30 10:23:41,42.4581604003906,-8.90322208404541,"Female"
"9004154",371995,2025-06-30 10:28:41,42.4581718444824,-8.90316295623779,"Female"
"9004154",371995,2025-06-30 10:33:41,42.458137512207,-8.90312099456787,"Female"
"9004154",371995,2025-06-30 10:38:47,42.4582672119141,-8.90328598022461,"Female"
"9004154",371995,2025-06-30 10:43:41,42.4584808349609,-8.90304088592529,"Female"
"9004154",371995,2025-06-30 10:48:41,42.4594573974609,-8.90237426757812,"Female"
"9004154",371995,2025-06-30 10:54:14,42.4604835510254,-8.90160465240479,"Female"
"9004154",371995,2025-06-30 11:00:17,42.4605484008789,-8.90111541748047,"Female"
"9004154",371995,2025-06-30 11:05:18,42.4599800109863,-8.89938640594482,"Female"
"9004154",371995,2025-06-30 11:12:22,42.4601287841797,-8.89861106872559,"Female"
"9004154",371995,2025-06-30 11:17:57,42.4601936340332,-8.89798736572266,"Female"
"9004154",371995,2025-06-30 11:24:13,42.4588928222656,-8.89538383483887,"Female"
"9004154",371995,2025-06-30 11:30:16,42.4569396972656,-8.8922061920166,"Female"
"9004154",371995,2025-06-30 11:36:32,42.4575729370117,-8.89214515686035,"Female"
"9004154",371995,2025-06-30 11:46:38,42.458366394043,-8.89391994476318,"Female"
"9004154",371995,2025-06-30 11:51:51,42.4582138061523,-8.89482593536377,"Female"
"9004154",371995,2025-06-30 11:57:14,42.4581298828125,-8.89546775817871,"Female"
"9004154",371995,2025-06-30 12:02:43,42.4589309692383,-8.89601421356201,"Female"
"9004154",371995,2025-06-30 12:07:47,42.4597511291504,-8.89651107788086,"Female"
"9004154",371995,2025-06-30 12:19:09,42.4599800109863,-8.89822673797607,"Female"
"9004154",371995,2025-06-30 12:24:11,42.4602241516113,-8.89906597137451,"Female"
"9004154",371995,2025-06-30 12:35:46,42.4597778320312,-8.89947605133057,"Female"
"9004154",371995,2025-06-30 12:40:34,42.458553314209,-8.90438079833984,"Female"
"9004154",371995,2025-06-30 12:45:13,42.4585876464844,-8.90426158905029,"Female"
"9004154",371995,2025-06-30 12:50:13,42.4585952758789,-8.90419483184814,"Female"
"9004154",371995,2025-06-30 12:55:17,42.4589042663574,-8.90380859375,"Female"
"9004154",371995,2025-06-30 13:00:13,42.4585494995117,-8.90441036224365,"Female"
"9004154",371995,2025-06-30 13:05:13,42.4584197998047,-8.9046516418457,"Female"
"9004154",371995,2025-06-30 13:10:13,42.4584693908691,-8.90457439422607,"Female"
"9004154",371995,2025-06-30 13:15:13,42.4584732055664,-8.90450668334961,"Female"
"9004154",371995,2025-06-30 13:20:12,42.4585876464844,-8.90442276000977,"Female"
"9004154",371995,2025-06-30 13:25:12,42.4586563110352,-8.90433692932129,"Female"
"9004154",371995,2025-06-30 13:30:12,42.4585800170898,-8.90441226959229,"Female"
"9004154",371995,2025-06-30 13:35:12,42.4585800170898,-8.90451908111572,"Female"
"9004154",371995,2025-06-30 13:40:12,42.4586067199707,-8.90453338623047,"Female"
"9004154",371995,2025-06-30 13:45:13,42.4604339599609,-8.90111446380615,"Female"
"9004154",371995,2025-06-30 13:50:46,42.4605865478516,-8.90128326416016,"Female"
"9004154",371995,2025-06-30 13:56:12,42.4606437683105,-8.90027141571045,"Female"
"9004154",371995,2025-06-30 14:19:35,42.4588317871094,-8.89516735076904,"Female"
"9004154",371995,2025-06-30 14:23:42,42.4583892822266,-8.89512920379639,"Female"
"9004154",371995,2025-06-30 14:29:23,42.4580955505371,-8.8941478729248,"Female"
"9004154",371995,2025-06-30 14:35:01,42.4573173522949,-8.89448833465576,"Female"
"9004154",371995,2025-06-30 14:40:02,42.4570465087891,-8.89370632171631,"Female"
"9004154",371995,2025-06-30 14:45:03,42.4568901062012,-8.89324378967285,"Female"
"9004154",371995,2025-06-30 14:50:02,42.4568023681641,-8.89319705963135,"Female"
"9004154",371995,2025-06-30 14:55:02,42.456844329834,-8.89323997497559,"Female"
"9004154",371995,2025-06-30 15:00:02,42.4534912109375,-8.89186096191406,"Female"
"9004154",371995,2025-06-30 15:05:04,42.437183380127,-8.87769508361816,"Female"
"9004154",371995,2025-06-30 15:10:02,42.4372024536133,-8.87773609161377,"Female"
"9004154",371995,2025-06-30 15:15:01,42.4304161071777,-8.87862682342529,"Female"
"9004154",371995,2025-06-30 15:20:02,42.4304695129395,-8.87882804870605,"Female"
"9004154",371995,2025-06-30 15:25:02,42.4304466247559,-8.8786735534668,"Female"
"9004154",371995,2025-06-30 15:30:02,42.4302749633789,-8.87847232818604,"Female"
"9004154",371995,2025-06-30 15:35:03,42.4304504394531,-8.87864971160889,"Female"
"9004154",371995,2025-06-30 15:40:04,42.4228973388672,-8.87839126586914,"Female"
"9004154",371995,2025-06-30 15:45:10,42.4224700927734,-8.8781270980835,"Female"
"9004154",371995,2025-06-30 15:50:11,42.4226264953613,-8.87822818756104,"Female"
"9004154",371995,2025-06-30 15:55:13,42.422534942627,-8.87812614440918,"Female"
"9004154",371995,2025-06-30 16:00:01,42.4223289489746,-8.878005027771,"Female"
"9004154",371995,2025-06-30 16:05:03,42.4225616455078,-8.87845325469971,"Female"
"9004154",371995,2025-06-30 16:10:03,42.4224967956543,-8.87855339050293,"Female"
"9004154",371995,2025-06-30 16:15:04,42.4226341247559,-8.87833118438721,"Female"
"9004154",371995,2025-06-30 16:20:14,42.4225120544434,-8.87846374511719,"Female"
"9004154",371995,2025-06-30 16:25:06,42.422477722168,-8.87842750549316,"Female"
"9004154",371995,2025-06-30 16:30:35,42.4225959777832,-8.87849903106689,"Female"
"9004154",371995,2025-06-30 16:35:01,42.4225616455078,-8.8785228729248,"Female"
"9004154",371995,2025-06-30 16:40:01,42.422534942627,-8.87850189208984,"Female"
"9004154",371995,2025-06-30 16:45:01,42.4224815368652,-8.87857437133789,"Female"
"9004154",371995,2025-06-30 16:50:01,42.4225997924805,-8.8784704208374,"Female"
"9004154",371995,2025-06-30 16:55:06,42.4224853515625,-8.87857151031494,"Female"
"9004154",371995,2025-06-30 17:00:07,42.4224891662598,-8.87850379943848,"Female"
"9004154",371995,2025-06-30 17:05:07,42.4223327636719,-8.87852764129639,"Female"
"9004154",371995,2025-06-30 17:10:07,42.4224052429199,-8.87857437133789,"Female"
"9004154",371995,2025-06-30 17:15:09,42.4224662780762,-8.87853145599365,"Female"
"9004154",371995,2025-06-30 17:20:11,42.4223899841309,-8.87852478027344,"Female"
"9004154",371995,2025-06-30 17:25:04,42.4223709106445,-8.87852096557617,"Female"
"9004154",371995,2025-06-30 17:30:14,42.4225730895996,-8.87849807739258,"Female"
"9004154",371995,2025-06-30 17:35:02,42.4225692749023,-8.87854290008545,"Female"
"9004154",371995,2025-06-30 17:40:02,42.4225807189941,-8.87852668762207,"Female"
"9004154",371995,2025-06-30 17:45:04,42.4227638244629,-8.87839221954346,"Female"
"9004154",371995,2025-06-30 17:50:01,42.4226036071777,-8.87833786010742,"Female"
"9004154",371995,2025-06-30 17:55:35,42.4227409362793,-8.87967777252197,"Female"
"9004154",371995,2025-06-30 18:00:02,42.4228935241699,-8.87983417510986,"Female"
"9004154",371995,2025-06-30 18:05:02,42.4231834411621,-8.87946701049805,"Female"
"9004154",371995,2025-06-30 18:10:05,42.4228935241699,-8.87961101531982,"Female"
"9004154",371995,2025-06-30 18:15:02,42.4231300354004,-8.88071346282959,"Female"
"9004154",371995,2025-06-30 18:20:03,42.4222602844238,-8.8808708190918,"Female"
"9004154",371995,2025-06-30 18:25:00,42.4240493774414,-8.87961387634277,"Female"
"9004154",371995,2025-06-30 18:30:05,42.4225387573242,-8.87869262695312,"Female"
"9004154",371995,2025-06-30 18:35:14,42.4225044250488,-8.87863826751709,"Female"
"9004154",371995,2025-06-30 18:40:00,42.4225616455078,-8.87863445281982,"Female"
"9004154",371995,2025-06-30 18:45:00,42.4225654602051,-8.87852668762207,"Female"
"9004154",371995,2025-06-30 18:50:01,42.4226493835449,-8.87855052947998,"Female"
"9004154",371995,2025-06-30 18:55:00,42.4226341247559,-8.87856864929199,"Female"
"9004154",371995,2025-06-30 19:00:02,42.4226455688477,-8.87843322753906,"Female"
"9004154",371995,2025-06-30 19:05:14,42.4226188659668,-8.87856960296631,"Female"
"9004154",371995,2025-06-30 19:10:00,42.4225921630859,-8.87864875793457,"Female"
"9004154",371995,2025-06-30 19:15:01,42.4225654602051,-8.87871837615967,"Female"
"9004154",371995,2025-06-30 19:20:00,42.4224891662598,-8.87856960296631,"Female"
"9004154",371995,2025-06-30 19:25:02,42.4224700927734,-8.87881946563721,"Female"
"9004154",371995,2025-06-30 19:30:01,42.4225807189941,-8.87843322753906,"Female"
"9004154",371995,2025-06-30 19:35:08,42.4223480224609,-8.87834072113037,"Female"
"9004154",371995,2025-06-30 19:40:08,42.4222984313965,-8.8783016204834,"Female"
"9004154",371995,2025-06-30 19:45:14,42.4224853515625,-8.87852096557617,"Female"
"9004154",371995,2025-06-30 19:50:02,42.4225616455078,-8.87826824188232,"Female"
"9004154",371995,2025-06-30 19:55:15,42.4228477478027,-8.87827014923096,"Female"
"9004154",371995,2025-06-30 20:00:08,42.4225616455078,-8.87849235534668,"Female"
"9004154",371995,2025-06-30 20:05:33,42.4225387573242,-8.87847518920898,"Female"
"9004154",371995,2025-06-30 20:10:07,42.4225959777832,-8.8785400390625,"Female"
"9004154",371995,2025-06-30 20:15:14,42.4225425720215,-8.87852954864502,"Female"
"9004154",371995,2025-06-30 20:20:00,42.4223937988281,-8.87863349914551,"Female"
"9004154",371995,2025-06-30 20:25:00,42.4223861694336,-8.87863159179688,"Female"
"9004154",371995,2025-06-30 20:30:00,42.4223899841309,-8.87866020202637,"Female"
"9004154",371995,2025-06-30 20:36:25,42.4224586486816,-8.87845134735107,"Female"
"9004154",371995,2025-06-30 20:41:25,42.4224586486816,-8.87850570678711,"Female"
"9004154",371995,2025-06-30 20:46:19,42.4224624633789,-8.8785228729248,"Female"
"9004154",371995,2025-06-30 20:50:01,42.4225997924805,-8.87879753112793,"Female"
"9004154",371995,2025-06-30 20:55:01,42.4226341247559,-8.8784704208374,"Female"
"9004154",371995,2025-06-30 21:00:01,42.4226341247559,-8.8786039352417,"Female"
"9004154",371995,2025-06-30 21:05:01,42.4226913452148,-8.87861156463623,"Female"
"9004154",371995,2025-06-30 21:10:00,42.4226379394531,-8.87856388092041,"Female"
"9004154",371995,2025-06-30 21:15:01,42.4224586486816,-8.87862491607666,"Female"
"9004154",371995,2025-06-30 21:20:01,42.4225578308105,-8.87861347198486,"Female"
"9004154",371995,2025-06-30 21:25:00,42.4225463867188,-8.87870788574219,"Female"
"9004154",371995,2025-06-30 21:30:00,42.4224548339844,-8.87855243682861,"Female"
"9004154",371995,2025-06-30 21:35:02,42.4224510192871,-8.87858581542969,"Female"
"9004154",371995,2025-06-30 21:40:02,42.4224433898926,-8.8785285949707,"Female"
"9004154",371995,2025-06-30 21:45:02,42.4224586486816,-8.87857723236084,"Female"
"9004154",371995,2025-06-30 21:50:01,42.4226226806641,-8.87847805023193,"Female"
"9004154",371995,2025-06-30 21:55:02,42.4225616455078,-8.87849998474121,"Female"
"9004154",371995,2025-06-30 22:00:02,42.4225997924805,-8.87857627868652,"Female"
"9004154",371995,2025-06-30 22:05:02,42.4225883483887,-8.87850666046143,"Female"
"9004154",371995,2025-06-30 22:10:02,42.4225540161133,-8.87846851348877,"Female"
"9004154",371995,2025-06-30 22:15:02,42.4226341247559,-8.87844085693359,"Female"
"9004154",371995,2025-06-30 22:20:05,42.4226417541504,-8.87860107421875,"Female"
"9004154",371995,2025-06-30 22:25:02,42.422534942627,-8.87841320037842,"Female"
"9004154",371995,2025-06-30 22:30:03,42.4227027893066,-8.87862396240234,"Female"
"9004154",371995,2025-06-30 22:35:08,42.4225769042969,-8.87844181060791,"Female"
"9004154",371995,2025-06-30 22:40:08,42.4226264953613,-8.87833595275879,"Female"
"9004154",371995,2025-06-30 22:45:16,42.4226264953613,-8.87830638885498,"Female"
"9004154",371995,2025-06-30 22:50:07,42.4225463867188,-8.87816905975342,"Female"
"9004154",371995,2025-06-30 22:55:30,42.4226760864258,-8.87826633453369,"Female"
"9004154",371995,2025-06-30 23:00:06,42.4227104187012,-8.87851238250732,"Female"
"9004154",371995,2025-06-30 23:05:03,42.4225234985352,-8.878173828125,"Female"
"9004154",371995,2025-06-30 23:10:05,42.4224739074707,-8.8782262802124,"Female"
"9004154",371995,2025-06-30 23:15:05,42.4224853515625,-8.8781681060791,"Female"
"9004154",371995,2025-06-30 23:20:07,42.4227066040039,-8.87836265563965,"Female"
"9004154",371995,2025-06-30 23:25:06,42.4226379394531,-8.87818241119385,"Female"
"9004154",371995,2025-06-30 23:30:08,42.4224739074707,-8.87805080413818,"Female"
"9004154",371995,2025-06-30 23:35:02,42.4223937988281,-8.87847709655762,"Female"
"9004154",371995,2025-06-30 23:40:05,42.4208831787109,-8.87815761566162,"Female"
"9004154",371995,2025-06-30 23:45:05,42.4216651916504,-8.87813568115234,"Female"
"9004154",371995,2025-06-30 23:50:09,42.4218215942383,-8.87840461730957,"Female"
"9004154",371995,2025-06-30 23:55:07,42.421802520752,-8.87813282012939,"Female"
"9004154",371995,2025-07-01 00:00:05,42.4220695495605,-8.87794876098633,"Female"
"9004154",371995,2025-07-01 00:05:14,42.4219703674316,-8.8780517578125,"Female"
"9004154",371995,2025-07-01 00:10:05,42.4225273132324,-8.87824630737305,"Female"
"9004154",371995,2025-07-01 00:15:05,42.4224739074707,-8.87825870513916,"Female"
"9004154",371995,2025-07-01 00:20:02,42.4224815368652,-8.87912654876709,"Female"
"9004154",371995,2025-07-01 00:25:05,42.4224967956543,-8.87826061248779,"Female"
"9004154",371995,2025-07-01 00:30:05,42.4224395751953,-8.8782434463501,"Female"
"9004154",371995,2025-07-01 00:35:02,42.4223442077637,-8.87826061248779,"Female"
"9004154",371995,2025-07-01 00:40:01,42.4225921630859,-8.87789058685303,"Female"
"9004154",371995,2025-07-01 00:45:02,42.4232444763184,-8.8790922164917,"Female"
"9004154",371995,2025-07-01 00:50:01,42.4225845336914,-8.8782320022583,"Female"
"9004154",371995,2025-07-01 00:55:03,42.4226379394531,-8.87826442718506,"Female"
"9004154",371995,2025-07-01 01:00:01,42.4226226806641,-8.87838459014893,"Female"
"9004154",371995,2025-07-01 01:05:02,42.4226531982422,-8.8783483505249,"Female"
"9004154",371995,2025-07-01 01:10:02,42.4227752685547,-8.87828350067139,"Female"
"9004154",371995,2025-07-01 01:15:05,42.4226188659668,-8.8784818649292,"Female"
"9004154",371995,2025-07-01 01:20:03,42.4225616455078,-8.87856197357178,"Female"
"9004154",371995,2025-07-01 01:25:05,42.4232063293457,-8.87848377227783,"Female"
"9004154",371995,2025-07-01 01:30:02,42.4227867126465,-8.87831687927246,"Female"
"9004154",371995,2025-07-01 01:35:09,42.4227752685547,-8.87860012054443,"Female"
"9004154",371995,2025-07-01 01:40:02,42.4228553771973,-8.87838459014893,"Female"
"9004154",371995,2025-07-01 01:45:05,42.4230194091797,-8.87865829467773,"Female"
"9004154",371995,2025-07-01 01:50:02,42.4229316711426,-8.87841415405273,"Female"
"9004154",371995,2025-07-01 01:55:05,42.4231605529785,-8.87862491607666,"Female"
"9004154",371995,2025-07-01 02:00:06,42.4230613708496,-8.87866878509521,"Female"
"9004154",371995,2025-07-01 02:05:14,42.4239196777344,-8.87868118286133,"Female"
"9004154",371995,2025-07-01 02:10:08,42.4235954284668,-8.87863731384277,"Female"
"9004154",371995,2025-07-01 02:15:03,42.4230155944824,-8.87852668762207,"Female"
"9004154",371995,2025-07-01 02:20:08,42.423267364502,-8.87869358062744,"Female"
"9004154",371995,2025-07-01 02:25:06,42.4229965209961,-8.87847805023193,"Female"
"9004154",371995,2025-07-01 02:30:03,42.4226837158203,-8.87762069702148,"Female"
"9004154",371995,2025-07-01 02:35:06,42.4225730895996,-8.87880706787109,"Female"
"9004154",371995,2025-07-01 02:40:05,42.4227714538574,-8.87875556945801,"Female"
"9004154",371995,2025-07-01 02:45:03,42.4226226806641,-8.87752246856689,"Female"
"9004154",371995,2025-07-01 02:50:03,42.4228630065918,-8.87759399414062,"Female"
"9004154",371995,2025-07-01 02:55:02,42.4229469299316,-8.87852764129639,"Female"
"9004154",371995,2025-07-01 03:00:04,42.4231834411621,-8.87856006622314,"Female"
"9004154",371995,2025-07-01 03:05:05,42.4231109619141,-8.87876129150391,"Female"
"9004154",371995,2025-07-01 03:10:07,42.4230422973633,-8.87876796722412,"Female"
"9004154",371995,2025-07-01 03:15:03,42.4230804443359,-8.87877464294434,"Female"
"9004154",371995,2025-07-01 03:20:02,42.4226875305176,-8.87988567352295,"Female"
"9004154",371995,2025-07-01 03:25:03,42.4221115112305,-8.87603759765625,"Female"
"9004154",371995,2025-07-01 03:30:05,42.4224967956543,-8.87872791290283,"Female"
"9004154",371995,2025-07-01 03:35:05,42.422534942627,-8.87867736816406,"Female"
"9004154",371995,2025-07-01 03:40:05,42.4223594665527,-8.87874698638916,"Female"
"9004154",371995,2025-07-01 03:45:03,42.4223709106445,-8.87870502471924,"Female"
"9004154",371995,2025-07-01 03:50:05,42.4226417541504,-8.87855625152588,"Female"
"9004154",371995,2025-07-01 03:55:02,42.4228630065918,-8.87798690795898,"Female"
"9004154",371995,2025-07-01 04:00:13,42.4228935241699,-8.87848377227783,"Female"
"9004154",371995,2025-07-01 04:05:03,42.4231338500977,-8.87832450866699,"Female"
"9004154",371995,2025-07-01 04:10:02,42.4230995178223,-8.8784704208374,"Female"
"9004154",371995,2025-07-01 04:15:02,42.4229698181152,-8.87853717803955,"Female"
"9004154",371995,2025-07-01 04:20:02,42.4229850769043,-8.87821674346924,"Female"
"9004154",371995,2025-07-01 04:25:03,42.4228515625,-8.87839794158936,"Female"
"9004154",371995,2025-07-01 04:30:01,42.4230117797852,-8.87822151184082,"Female"
"9004154",371995,2025-07-01 04:35:02,42.4229011535645,-8.87819480895996,"Female"
"9004154",371995,2025-07-01 04:40:01,42.4232177734375,-8.87822341918945,"Female"
"9004154",371995,2025-07-01 04:45:01,42.4229469299316,-8.87822818756104,"Female"
"9004154",371995,2025-07-01 04:50:03,42.4230308532715,-8.87842273712158,"Female"
"9004154",371995,2025-07-01 04:55:10,42.4231224060059,-8.87840461730957,"Female"
"9004154",371995,2025-07-01 05:00:01,42.4231452941895,-8.8782787322998,"Female"
"9004154",371995,2025-07-01 05:05:02,42.4235076904297,-8.87808895111084,"Female"
"9004154",371995,2025-07-01 05:10:04,42.423412322998,-8.87828159332275,"Female"
"9004154",371995,2025-07-01 05:15:13,42.4227828979492,-8.87849903106689,"Female"
"9004154",371995,2025-07-01 05:20:05,42.422721862793,-8.87849807739258,"Female"
"9004154",371995,2025-07-01 05:25:03,42.4228286743164,-8.87834644317627,"Female"
"9004154",371995,2025-07-01 05:30:02,42.4230079650879,-8.87813663482666,"Female"
"9004154",371995,2025-07-01 05:35:02,42.4230003356934,-8.87809944152832,"Female"
"9004154",371995,2025-07-01 05:40:03,42.4230117797852,-8.87849140167236,"Female"
"9004154",371995,2025-07-01 05:45:06,42.4226989746094,-8.8785514831543,"Female"
"9004154",371995,2025-07-01 05:50:04,42.422908782959,-8.87832641601562,"Female"
"9004154",371995,2025-07-01 05:55:01,42.4231147766113,-8.87822246551514,"Female"
"9004154",371995,2025-07-01 06:00:01,42.4231224060059,-8.87828159332275,"Female"
"9004154",371995,2025-07-01 06:05:02,42.4230194091797,-8.87828922271729,"Female"
"9004154",371995,2025-07-01 06:10:01,42.4230270385742,-8.87829208374023,"Female"
"9004154",371995,2025-07-01 06:15:02,42.4314117431641,-8.87803173065186,"Female"
"9004154",371995,2025-07-01 06:20:01,42.4377136230469,-8.87760066986084,"Female"
"9004154",371995,2025-07-01 06:25:01,42.4390678405762,-8.87671089172363,"Female"
"9004154",371995,2025-07-01 06:30:06,42.4560241699219,-8.88625240325928,"Female"
"9004154",371995,2025-07-01 06:45:04,42.456672668457,-8.88647079467773,"Female"
"9004154",371995,2025-07-01 06:49:55,42.456657409668,-8.886794090271,"Female"
"9004154",371995,2025-07-01 06:54:54,42.4553565979004,-8.8873405456543,"Female"
"9004154",371995,2025-07-01 06:59:54,42.4580574035645,-8.90301418304443,"Female"
"9004154",371995,2025-07-01 07:04:54,42.4580497741699,-8.90305709838867,"Female"
"9004154",371995,2025-07-01 07:09:54,42.4580116271973,-8.90303611755371,"Female"
"9004154",371995,2025-07-01 07:14:54,42.4580230712891,-8.90303421020508,"Female"
"9004154",371995,2025-07-01 07:19:54,42.4581336975098,-8.90304756164551,"Female"
"9004154",371995,2025-07-01 07:24:54,42.458179473877,-8.9030818939209,"Female"
"9004154",371995,2025-07-01 07:29:54,42.4581298828125,-8.90302467346191,"Female"
"9004154",371995,2025-07-01 07:34:54,42.4580879211426,-8.90300750732422,"Female"
"9004154",371995,2025-07-01 07:39:54,42.458122253418,-8.90291118621826,"Female"
"9004154",371995,2025-07-01 07:44:54,42.4581069946289,-8.90288734436035,"Female"
"9004154",371995,2025-07-01 07:49:54,42.4581184387207,-8.90292930603027,"Female"
"9004154",371995,2025-07-01 07:54:54,42.4581069946289,-8.90283966064453,"Female"
"9004154",371995,2025-07-01 07:59:54,42.4581336975098,-8.902663230896,"Female"
"9004154",371995,2025-07-01 08:04:54,42.4581184387207,-8.90266132354736,"Female"
"9004154",371995,2025-07-01 08:09:55,42.4581108093262,-8.90267944335938,"Female"
"9004154",371995,2025-07-01 08:14:54,42.4581260681152,-8.9026346206665,"Female"
"9004154",371995,2025-07-01 08:19:54,42.4581298828125,-8.9026460647583,"Female"
"9004154",371995,2025-07-01 08:24:54,42.458122253418,-8.90267086029053,"Female"
"9004154",371995,2025-07-01 08:30:09,42.4571876525879,-8.899582862854,"Female"
"9004154",371995,2025-07-01 08:35:09,42.4560546875,-8.89927101135254,"Female"
"9004154",371995,2025-07-01 08:40:09,42.4581756591797,-8.90256690979004,"Female"
"9004154",371995,2025-07-01 08:45:09,42.4581489562988,-8.90270614624023,"Female"
"9004154",371995,2025-07-01 08:50:09,42.4582176208496,-8.9027795791626,"Female"
"9004154",371995,2025-07-01 08:55:09,42.4582443237305,-8.90275382995605,"Female"
"9004154",371995,2025-07-01 09:00:10,42.458251953125,-8.90281105041504,"Female"
"9004154",371995,2025-07-01 09:05:09,42.4581642150879,-8.90276432037354,"Female"
"9004154",371995,2025-07-01 09:10:09,42.4580955505371,-8.90275859832764,"Female"
"9004154",371995,2025-07-01 09:15:10,42.4583168029785,-8.90294361114502,"Female"
"9004154",371995,2025-07-01 09:20:09,42.4583854675293,-8.90299606323242,"Female"
"9004154",371995,2025-07-01 09:25:09,42.4582786560059,-8.90277671813965,"Female"
"9004154",371995,2025-07-01 09:30:09,42.4584350585938,-8.90295314788818,"Female"
"9004154",371995,2025-07-01 09:35:09,42.4583625793457,-8.90291690826416,"Female"
"9004154",371995,2025-07-01 09:40:09,42.4582252502441,-8.90287494659424,"Female"
"9004154",371995,2025-07-01 09:45:09,42.4581413269043,-8.90280532836914,"Female"
"9004154",371995,2025-07-01 09:50:09,42.4582405090332,-8.90281200408936,"Female"
"9004154",371995,2025-07-01 09:55:09,42.4582710266113,-8.90286254882812,"Female"
"9004154",371995,2025-07-01 10:00:09,42.4581184387207,-8.90274333953857,"Female"
"9004154",371995,2025-07-01 10:05:09,42.4581108093262,-8.90280055999756,"Female"
"9004154",371995,2025-07-01 10:10:09,42.4582176208496,-8.90266513824463,"Female"
"9004154",371995,2025-07-01 10:15:33,42.4560737609863,-8.88717746734619,"Female"
"9004154",371995,2025-07-01 10:20:33,42.4502029418945,-8.88012790679932,"Female"
"9004154",371995,2025-07-01 10:25:33,42.4494667053223,-8.87984752655029,"Female"
"9004154",371995,2025-07-01 10:30:47,42.4488716125488,-8.8810863494873,"Female"
"9004154",371995,2025-07-01 10:36:46,42.4474792480469,-8.88245487213135,"Female"
"9004154",371995,2025-07-01 10:43:13,42.4468193054199,-8.88138866424561,"Female"
"9004154",371995,2025-07-01 10:48:17,42.4456481933594,-8.87991714477539,"Female"
"9004154",371995,2025-07-01 10:53:26,42.445140838623,-8.87921714782715,"Female"
"9004154",371995,2025-07-01 10:59:21,42.4441070556641,-8.87868022918701,"Female"
"9004154",371995,2025-07-01 11:05:35,42.437328338623,-8.87760066986084,"Female"
"9004154",371995,2025-07-01 11:09:20,42.4373664855957,-8.87755298614502,"Female"
"9004154",371995,2025-07-01 11:14:19,42.4373779296875,-8.87743949890137,"Female"
"9004154",371995,2025-07-01 11:19:19,42.4373664855957,-8.87775135040283,"Female"
"9004154",371995,2025-07-01 11:24:21,42.4373626708984,-8.87750434875488,"Female"
"9004154",371995,2025-07-01 11:29:20,42.4373664855957,-8.87765598297119,"Female"
"9004154",371995,2025-07-01 11:34:25,42.4373435974121,-8.87765598297119,"Female"
"9004154",371995,2025-07-01 11:39:32,42.4373168945312,-8.87763023376465,"Female"
"9004154",371995,2025-07-01 11:44:35,42.4373321533203,-8.87768936157227,"Female"
"9004154",371995,2025-07-01 11:49:53,42.4373321533203,-8.8776741027832,"Female"
"9004154",371995,2025-07-01 11:54:19,42.4373512268066,-8.87765121459961,"Female"
"9004154",371995,2025-07-01 11:59:19,42.4373245239258,-8.87766170501709,"Female"
"9004154",371995,2025-07-01 12:04:19,42.4372978210449,-8.87763023376465,"Female"
"9004154",371995,2025-07-01 12:09:19,42.4372367858887,-8.8776216506958,"Female"
"9004154",371995,2025-07-01 12:14:19,42.4373016357422,-8.87765407562256,"Female"
"9004154",371995,2025-07-01 12:19:19,42.4373168945312,-8.87766933441162,"Female"
"9004154",371995,2025-07-01 12:24:19,42.4372825622559,-8.87763500213623,"Female"
"9004154",371995,2025-07-01 12:29:21,42.4371871948242,-8.87758827209473,"Female"
"9004154",371995,2025-07-01 12:34:44,42.4373245239258,-8.87761783599854,"Female"
"9004154",371995,2025-07-01 12:39:29,42.4376373291016,-8.8746280670166,"Female"
"9004154",371995,2025-07-01 12:44:47,42.4379920959473,-8.8743724822998,"Female"
"9004154",371995,2025-07-01 12:50:43,42.4385833740234,-8.87528038024902,"Female"
"9004154",371995,2025-07-01 12:55:38,42.4383239746094,-8.8755989074707,"Female"
"9004154",371995,2025-07-01 13:00:38,42.4377746582031,-8.87790870666504,"Female"
"9004154",371995,2025-07-01 13:05:38,42.4371528625488,-8.8777437210083,"Female"
"9004154",371995,2025-07-01 13:10:39,42.437141418457,-8.8777494430542,"Female"
"9004154",371995,2025-07-01 13:15:41,42.4373664855957,-8.87849426269531,"Female"
"9004154",371995,2025-07-01 13:20:48,42.437313079834,-8.87780666351318,"Female"
"9004154",371995,2025-07-01 13:25:48,42.4372444152832,-8.8776741027832,"Female"
"9004154",371995,2025-07-01 13:31:05,42.4373245239258,-8.87770557403564,"Female"
"9004154",371995,2025-07-01 13:36:13,42.437313079834,-8.87769031524658,"Female"
"9004154",371995,2025-07-01 13:40:38,42.4372940063477,-8.87774467468262,"Female"
"9004154",371995,2025-07-01 13:45:38,42.4372634887695,-8.87763500213623,"Female"
"9004154",371995,2025-07-01 13:50:38,42.4372825622559,-8.87780952453613,"Female"
"9004154",371995,2025-07-01 13:55:38,42.437183380127,-8.87768650054932,"Female"
"9004154",371995,2025-07-01 14:00:38,42.4372215270996,-8.87776470184326,"Female"
"9004154",371995,2025-07-01 14:05:45,42.4372673034668,-8.87771511077881,"Female"
"9004154",371995,2025-07-01 14:11:20,42.4386444091797,-8.87512969970703,"Female"
"9004154",371995,2025-07-01 14:16:33,42.4389038085938,-8.87491512298584,"Female"
"9004154",371995,2025-07-01 14:22:52,42.4394149780273,-8.87457466125488,"Female"
"9004154",371995,2025-07-01 14:27:45,42.4372406005859,-8.87764167785645,"Female"
"9004154",371995,2025-07-01 14:33:14,42.4372787475586,-8.87763977050781,"Female"
"9004154",371995,2025-07-01 14:37:45,42.4372367858887,-8.87761783599854,"Female"
"9004154",371995,2025-07-01 14:42:45,42.4372901916504,-8.87765789031982,"Female"
"9004154",371995,2025-07-01 14:47:51,42.4372291564941,-8.87758731842041,"Female"
"9004154",371995,2025-07-01 14:52:46,42.4372711181641,-8.87758922576904,"Female"
"9004154",371995,2025-07-01 14:57:46,42.437141418457,-8.87743473052979,"Female"
"9004154",371995,2025-07-01 15:02:47,42.4373207092285,-8.87757015228271,"Female"
"9004154",371995,2025-07-01 15:07:46,42.4372138977051,-8.87745571136475,"Female"
"9004154",371995,2025-07-01 15:12:46,42.4372520446777,-8.87754058837891,"Female"
"9004154",371995,2025-07-01 15:17:54,42.4371719360352,-8.87744426727295,"Female"
"9004154",371995,2025-07-01 15:22:54,42.4372215270996,-8.87737846374512,"Female"
"9004154",371995,2025-07-01 15:27:49,42.4372253417969,-8.87752914428711,"Female"
"9004154",371995,2025-07-01 15:33:05,42.4372634887695,-8.87763786315918,"Female"
"9004154",371995,2025-07-01 15:37:49,42.4372596740723,-8.87771320343018,"Female"
"9004154",371995,2025-07-01 15:42:59,42.4372673034668,-8.87774848937988,"Female"
"9004154",371995,2025-07-01 15:47:55,42.4372787475586,-8.8777961730957,"Female"
"9004154",371995,2025-07-01 15:52:56,42.437255859375,-8.87770652770996,"Female"
"9004154",371995,2025-07-01 15:57:57,42.437255859375,-8.87771415710449,"Female"
"9004154",371995,2025-07-01 16:02:54,42.4372520446777,-8.87771892547607,"Female"
"9004154",371995,2025-07-01 16:07:54,42.4372711181641,-8.87767601013184,"Female"
"9004154",371995,2025-07-01 16:13:05,42.4372749328613,-8.87774181365967,"Female"
"9004154",371995,2025-07-01 16:17:47,42.4367027282715,-8.8784351348877,"Female"
"9004154",371995,2025-07-01 16:22:49,42.4371604919434,-8.87775707244873,"Female"
"9004154",371995,2025-07-01 16:27:47,42.4380531311035,-8.87784862518311,"Female"
"9004154",371995,2025-07-01 16:33:47,42.4428939819336,-8.8750638961792,"Female"
"9004154",371995,2025-07-01 16:43:34,42.4405746459961,-8.87504005432129,"Female"
"9004154",371995,2025-07-01 16:51:05,42.4398345947266,-8.87450695037842,"Female"
"9004154",371995,2025-07-01 16:55:01,42.4398040771484,-8.87454795837402,"Female"
"9004154",371995,2025-07-01 17:00:02,42.4395599365234,-8.87467098236084,"Female"
"9004154",371995,2025-07-01 17:05:16,42.4396667480469,-8.87458229064941,"Female"
"9004154",371995,2025-07-01 17:10:28,42.4394073486328,-8.8742847442627,"Female"
"9004154",371995,2025-07-01 17:16:16,42.4386215209961,-8.87557220458984,"Female"
"9004154",371995,2025-07-01 17:21:17,42.438777923584,-8.87472915649414,"Female"
"9004154",371995,2025-07-01 17:27:03,42.4394836425781,-8.87539958953857,"Female"
"9004154",371995,2025-07-01 17:32:01,42.4373664855957,-8.87761688232422,"Female"
"9004154",371995,2025-07-01 17:37:01,42.4373207092285,-8.87767887115479,"Female"
"9004154",371995,2025-07-01 17:42:02,42.4373893737793,-8.87777042388916,"Female"
"9004154",371995,2025-07-01 17:47:02,42.4373016357422,-8.87784862518311,"Female"
"9004154",371995,2025-07-01 17:52:02,42.4373893737793,-8.87776374816895,"Female"
"9004154",371995,2025-07-01 17:57:04,42.4374198913574,-8.87762832641602,"Female"
"9004154",371995,2025-07-01 18:02:02,42.4373779296875,-8.87785243988037,"Female"
"9004154",371995,2025-07-01 18:07:02,42.4373588562012,-8.87776851654053,"Female"
"9004154",371995,2025-07-01 18:12:03,42.4451637268066,-8.87641048431396,"Female"
"9004154",371995,2025-07-01 18:17:13,42.4445762634277,-8.87710952758789,"Female"
"9004154",371995,2025-07-01 18:22:48,42.444694519043,-8.87626838684082,"Female"
"9004154",371995,2025-07-01 18:28:11,42.4551048278809,-8.88543510437012,"Female"
"9004154",371995,2025-07-01 18:33:59,42.4542236328125,-8.88490581512451,"Female"
"9004154",371995,2025-07-01 18:39:07,42.4540367126465,-8.8839282989502,"Female"
"9004154",371995,2025-07-01 18:44:26,42.4528160095215,-8.88307952880859,"Female"
"9004154",371995,2025-07-01 18:51:30,42.4518165588379,-8.88318157196045,"Female"
"9004154",371995,2025-07-01 18:57:11,42.4510307312012,-8.88219547271729,"Female"
"9004154",371995,2025-07-01 19:02:11,42.4504737854004,-8.88084602355957,"Female"
"9004154",371995,2025-07-01 19:09:34,42.4496269226074,-8.8806791305542,"Female"
"9004154",371995,2025-07-01 19:15:43,42.4485740661621,-8.88123798370361,"Female"
"9004154",371995,2025-07-01 19:20:36,42.447380065918,-8.88173484802246,"Female"
"9004154",371995,2025-07-01 19:25:58,42.4226608276367,-8.8784646987915,"Female"
"9004154",371995,2025-07-01 19:30:44,42.4227027893066,-8.87861728668213,"Female"
"9004154",371995,2025-07-01 19:35:34,42.4225692749023,-8.87861442565918,"Female"
"9004154",371995,2025-07-01 19:40:39,42.4225807189941,-8.87862586975098,"Female"
"9004154",371995,2025-07-01 19:45:35,42.422721862793,-8.87847518920898,"Female"
"9004154",371995,2025-07-01 19:50:38,42.4223403930664,-8.87835502624512,"Female"
"9004154",371995,2025-07-01 19:55:48,42.4222526550293,-8.87835788726807,"Female"
"9004154",371995,2025-07-01 20:01:00,42.4221839904785,-8.87839603424072,"Female"
"9004154",371995,2025-07-01 20:06:01,42.4223289489746,-8.87860870361328,"Female"
"9004154",371995,2025-07-01 20:10:36,42.4220504760742,-8.8789701461792,"Female"
"9004154",371995,2025-07-01 20:16:14,42.4226531982422,-8.87847137451172,"Female"
"9004154",371995,2025-07-01 20:20:37,42.4226913452148,-8.87846851348877,"Female"
"9004154",371995,2025-07-01 20:25:37,42.4226837158203,-8.87845420837402,"Female"
"9004154",371995,2025-07-01 20:31:57,42.4225616455078,-8.87852478027344,"Female"
"9004154",371995,2025-07-01 20:35:34,42.422534942627,-8.8784818649292,"Female"
"9004154",371995,2025-07-01 20:40:37,42.4226875305176,-8.87849426269531,"Female"
"9004154",371995,2025-07-01 20:45:44,42.4225311279297,-8.87843799591064,"Female"
"9004154",371995,2025-07-01 20:50:34,42.4228553771973,-8.87856006622314,"Female"
"9004154",371995,2025-07-01 20:55:34,42.4228324890137,-8.87858581542969,"Female"
"9004154",371995,2025-07-01 21:00:36,42.4227981567383,-8.87843227386475,"Female"
"9004154",371995,2025-07-01 21:05:34,42.4225959777832,-8.87850570678711,"Female"
"9004154",371995,2025-07-01 21:10:39,42.422721862793,-8.87866687774658,"Female"
"9004154",371995,2025-07-01 21:15:50,42.4226570129395,-8.8784875869751,"Female"
"9004154",371995,2025-07-01 21:20:34,42.4226150512695,-8.87853813171387,"Female"
"9004154",371995,2025-07-01 21:25:36,42.4225959777832,-8.87852001190186,"Female"
"9004154",371995,2025-07-01 21:30:34,42.4226188659668,-8.87848091125488,"Female"
"9004154",371995,2025-07-01 21:35:34,42.4226341247559,-8.87854671478271,"Female"
"9004154",371995,2025-07-01 21:40:34,42.4225883483887,-8.8784818649292,"Female"
"9004154",371995,2025-07-01 21:45:34,42.4226188659668,-8.87851810455322,"Female"
"9004154",371995,2025-07-01 21:50:34,42.4226150512695,-8.87848854064941,"Female"
"9004154",371995,2025-07-01 21:55:34,42.4225959777832,-8.87852001190186,"Female"
"9004154",371995,2025-07-01 22:00:34,42.422607421875,-8.87848472595215,"Female"
"9004154",371995,2025-07-01 22:05:34,42.4226112365723,-8.87834167480469,"Female"
"9004154",371995,2025-07-01 22:10:36,42.4225997924805,-8.87846851348877,"Female"
"9004154",371995,2025-07-01 22:15:41,42.4226150512695,-8.87855815887451,"Female"
"9004154",371995,2025-07-01 22:21:36,42.4226417541504,-8.87846851348877,"Female"
"9004154",371995,2025-07-01 22:25:39,42.4226722717285,-8.87835502624512,"Female"
"9004154",371995,2025-07-01 22:30:39,42.4226341247559,-8.87844753265381,"Female"
"9004154",371995,2025-07-01 22:35:41,42.422664642334,-8.87826061248779,"Female"
"9004154",371995,2025-07-01 22:40:41,42.4227256774902,-8.87822723388672,"Female"
"9004154",371995,2025-07-01 22:45:40,42.4225120544434,-8.87831592559814,"Female"
"9004154",371995,2025-07-01 22:50:55,42.4226989746094,-8.87828540802002,"Female"
"9004154",371995,2025-07-01 22:55:45,42.4227447509766,-8.87824821472168,"Female"
"9004154",371995,2025-07-01 23:00:39,42.4226722717285,-8.87825202941895,"Female"
"9004154",371995,2025-07-01 23:06:27,42.4225616455078,-8.87825965881348,"Female"
"9004154",371995,2025-07-01 23:10:44,42.4227180480957,-8.87842082977295,"Female"
"9004154",371995,2025-07-01 23:16:42,42.4226608276367,-8.87842273712158,"Female"
"9004154",371995,2025-07-01 23:20:37,42.4227409362793,-8.87844944000244,"Female"
"9004154",371995,2025-07-01 23:25:34,42.422737121582,-8.87851619720459,"Female"
"9004154",371995,2025-07-01 23:30:34,42.4225997924805,-8.87843322753906,"Female"
"9004154",371995,2025-07-01 23:35:34,42.4225730895996,-8.87841510772705,"Female"
"9004154",371995,2025-07-01 23:40:34,42.4226951599121,-8.87845230102539,"Female"
"9004154",371995,2025-07-01 23:45:34,42.4226417541504,-8.87841320037842,"Female"
"9004154",371995,2025-07-01 23:50:33,42.4226875305176,-8.87843799591064,"Female"
"9004154",371995,2025-07-01 23:55:41,42.4226417541504,-8.87843990325928,"Female"
"9004154",371995,2025-07-02 00:00:34,42.4226226806641,-8.87844848632812,"Female"
"9004154",371995,2025-07-02 00:05:37,42.4226989746094,-8.8783540725708,"Female"
"9004154",371995,2025-07-02 00:10:38,42.4227104187012,-8.87842464447021,"Female"
"9004154",371995,2025-07-02 00:15:38,42.4226226806641,-8.87842655181885,"Female"
"9004154",371995,2025-07-02 00:20:41,42.4226112365723,-8.87842178344727,"Female"
"9004154",371995,2025-07-02 00:25:34,42.4226112365723,-8.87839317321777,"Female"
"9004154",371995,2025-07-02 00:30:34,42.4227180480957,-8.87839126586914,"Female"
"9004154",371995,2025-07-02 00:35:34,42.4226760864258,-8.87844181060791,"Female"
"9004154",371995,2025-07-02 00:40:36,42.4226722717285,-8.87839984893799,"Female"
"9004154",371995,2025-07-02 00:45:42,42.422550201416,-8.87837886810303,"Female"
"9004154",371995,2025-07-02 00:50:39,42.4225616455078,-8.87831687927246,"Female"
"9004154",371995,2025-07-02 00:56:05,42.4226036071777,-8.87850189208984,"Female"
"9004154",371995,2025-07-02 01:00:38,42.422737121582,-8.87848567962646,"Female"
"9004154",371995,2025-07-02 01:05:43,42.4228820800781,-8.87840270996094,"Female"
"9004154",371995,2025-07-02 01:11:57,42.4226837158203,-8.87845325469971,"Female"
"9004154",371995,2025-07-02 01:15:37,42.4225730895996,-8.87840461730957,"Female"
"9004154",371995,2025-07-02 01:20:37,42.4227104187012,-8.87841892242432,"Female"
"9004154",371995,2025-07-02 01:25:34,42.422779083252,-8.87850570678711,"Female"
"9004154",371995,2025-07-02 01:30:34,42.4227714538574,-8.8784294128418,"Female"
"9004154",371995,2025-07-02 01:35:33,42.4226837158203,-8.87834739685059,"Female"
"9004154",371995,2025-07-02 01:40:43,42.4226722717285,-8.87847805023193,"Female"
"9004154",371995,2025-07-02 01:45:36,42.4226264953613,-8.87843322753906,"Female"
"9004154",371995,2025-07-02 01:50:37,42.4227027893066,-8.87842845916748,"Female"
"9004154",371995,2025-07-02 01:55:37,42.4228401184082,-8.87841129302979,"Female"
"9004154",371995,2025-07-02 02:00:38,42.4228248596191,-8.87842464447021,"Female"
"9004154",371995,2025-07-02 02:05:38,42.4228363037109,-8.87842464447021,"Female"
"9004154",371995,2025-07-02 02:10:37,42.4229164123535,-8.87844944000244,"Female"
"9004154",371995,2025-07-02 02:16:20,42.4227752685547,-8.87848567962646,"Female"
"9004154",371995,2025-07-02 02:20:39,42.4227600097656,-8.87846660614014,"Female"
"9004154",371995,2025-07-02 02:25:37,42.4227180480957,-8.87840461730957,"Female"
"9004154",371995,2025-07-02 02:30:40,42.4226112365723,-8.87850856781006,"Female"
"9004154",371995,2025-07-02 02:35:37,42.4227104187012,-8.8784704208374,"Female"
"9004154",371995,2025-07-02 02:40:39,42.422664642334,-8.87851238250732,"Female"
"9004154",371995,2025-07-02 02:45:37,42.422679901123,-8.87843036651611,"Female"
"9004154",371995,2025-07-02 02:50:39,42.422779083252,-8.87852001190186,"Female"
"9004154",371995,2025-07-02 02:55:37,42.4226379394531,-8.8784761428833,"Female"
"9004154",371995,2025-07-02 03:00:39,42.4226722717285,-8.87858200073242,"Female"
"9004154",371995,2025-07-02 03:05:39,42.4225540161133,-8.87848663330078,"Female"
"9004154",371995,2025-07-02 03:10:39,42.4225158691406,-8.87851238250732,"Female"
"9004154",371995,2025-07-02 03:15:39,42.4217681884766,-8.87861347198486,"Female"
"9004154",371995,2025-07-02 03:20:39,42.4217529296875,-8.8786039352417,"Female"
"9004154",371995,2025-07-02 03:25:49,42.4216384887695,-8.87869071960449,"Female"
"9004154",371995,2025-07-02 03:31:04,42.4220199584961,-8.87847805023193,"Female"
"9004154",371995,2025-07-02 03:35:34,42.4226379394531,-8.87840366363525,"Female"
"9004154",371995,2025-07-02 03:40:37,42.4225578308105,-8.87845516204834,"Female"
"9004154",371995,2025-07-02 03:45:44,42.422679901123,-8.87840270996094,"Female"
"9004154",371995,2025-07-02 03:50:34,42.4225769042969,-8.87849140167236,"Female"
"9004154",371995,2025-07-02 03:55:34,42.4225997924805,-8.87840557098389,"Female"
"9004154",371995,2025-07-02 04:00:34,42.4228134155273,-8.8783130645752,"Female"
"9004154",371995,2025-07-02 04:05:36,42.4227142333984,-8.87842082977295,"Female"
"9004154",371995,2025-07-02 04:10:35,42.4226150512695,-8.87845802307129,"Female"
"9004154",371995,2025-07-02 04:15:37,42.4227294921875,-8.87841129302979,"Female"
"9004154",371995,2025-07-02 04:20:36,42.4227523803711,-8.87843227386475,"Female"
"9004154",371995,2025-07-02 04:25:36,42.4226837158203,-8.87839221954346,"Female"
"9004154",371995,2025-07-02 04:30:36,42.4227104187012,-8.87839698791504,"Female"
"9004154",371995,2025-07-02 04:35:37,42.4227638244629,-8.87840747833252,"Female"
"9004154",371995,2025-07-02 04:40:44,42.4226493835449,-8.87847328186035,"Female"
"9004154",371995,2025-07-02 04:45:38,42.4224891662598,-8.87826538085938,"Female"
"9004154",371995,2025-07-02 04:50:40,42.4225921630859,-8.8782377243042,"Female"
"9004154",371995,2025-07-02 04:55:45,42.4226036071777,-8.87839412689209,"Female"
"9004154",371995,2025-07-02 05:00:49,42.4226341247559,-8.8784761428833,"Female"
"9004154",371995,2025-07-02 05:06:05,42.4226722717285,-8.87841796875,"Female"
"9004154",371995,2025-07-02 05:10:37,42.422534942627,-8.87829780578613,"Female"
"9004154",371995,2025-07-02 05:15:39,42.4224739074707,-8.87843990325928,"Female"
"9004154",371995,2025-07-02 05:20:34,42.4224395751953,-8.87832832336426,"Female"
"9004154",371995,2025-07-02 05:25:35,42.4226417541504,-8.8784646987915,"Female"
"9004154",371995,2025-07-02 05:30:34,42.4226875305176,-8.87846088409424,"Female"
"9004154",371995,2025-07-02 05:35:36,42.4226150512695,-8.87862491607666,"Female"
"9004154",371995,2025-07-02 05:40:39,42.4225997924805,-8.87830638885498,"Female"
"9004154",371995,2025-07-02 05:45:43,42.4227027893066,-8.87855339050293,"Female"
"9004154",371995,2025-07-02 05:50:36,42.4226379394531,-8.87842273712158,"Female"
"9004154",371995,2025-07-02 05:55:38,42.4226570129395,-8.87850856781006,"Female"
"9004154",371995,2025-07-02 06:00:36,42.4226531982422,-8.87839031219482,"Female"
"9004154",371995,2025-07-02 06:05:37,42.422550201416,-8.87842273712158,"Female"
"9004154",371995,2025-07-02 06:10:46,42.4226303100586,-8.87844467163086,"Female"
"9004154",371995,2025-07-02 06:15:39,42.4226455688477,-8.87827205657959,"Female"
"9004154",371995,2025-07-02 06:20:41,42.4226036071777,-8.87827777862549,"Female"
"9004154",371995,2025-07-02 06:25:36,42.4226493835449,-8.87822532653809,"Female"
"9004154",371995,2025-07-02 06:30:45,42.4225540161133,-8.87832641601562,"Female"
"9004154",371995,2025-07-02 06:35:39,42.422534942627,-8.87825775146484,"Female"
"9004154",371995,2025-07-02 06:40:37,42.4226455688477,-8.87819576263428,"Female"
"9004154",371995,2025-07-02 06:45:34,42.422550201416,-8.87830066680908,"Female"
"9004154",371995,2025-07-02 06:50:34,42.4224624633789,-8.87828159332275,"Female"
"9004154",371995,2025-07-02 06:55:39,42.4225730895996,-8.87828063964844,"Female"
"9004154",371995,2025-07-02 07:00:39,42.4225006103516,-8.87828922271729,"Female"
"9004154",371995,2025-07-02 07:05:58,42.4309463500977,-8.87852001190186,"Female"
"9004154",371995,2025-07-02 07:11:10,42.4374084472656,-8.87522220611572,"Female"
"9004154",371995,2025-07-02 07:16:32,42.4384384155273,-8.87510013580322,"Female"
"9004154",371995,2025-07-02 07:21:45,42.4385414123535,-8.87421035766602,"Female"
"9004154",371995,2025-07-02 07:26:52,42.4396629333496,-8.87341690063477,"Female"
"9004154",371995,2025-07-02 07:31:50,42.4402122497559,-8.87495994567871,"Female"
"9004154",371995,2025-07-02 07:36:50,42.4428443908691,-8.87475109100342,"Female"
"9004154",371995,2025-07-02 07:42:29,42.4556732177734,-8.88670349121094,"Female"
"9004154",371995,2025-07-02 07:47:44,42.4556159973145,-8.88622951507568,"Female"
"9004154",371995,2025-07-02 07:53:09,42.4553184509277,-8.88708686828613,"Female"
"9004154",371995,2025-07-02 07:58:10,42.4545211791992,-8.8879222869873,"Female"
"9004154",371995,2025-07-02 08:03:43,42.4532699584961,-8.88797283172607,"Female"
"9004154",371995,2025-07-02 08:08:42,42.4537887573242,-8.88918590545654,"Female"
"9004154",371995,2025-07-02 08:15:23,42.4526557922363,-8.88698577880859,"Female"
"9004154",371995,2025-07-02 08:20:46,42.4533081054688,-8.88853931427002,"Female"
"9004154",371995,2025-07-02 08:25:46,42.4554214477539,-8.88831043243408,"Female"
"9004154",371995,2025-07-02 08:31:21,42.4545135498047,-8.88675594329834,"Female"
"9004154",371995,2025-07-02 08:37:03,42.4535636901855,-8.88816165924072,"Female"
"9004154",371995,2025-07-02 08:44:09,42.4558792114258,-8.88901042938232,"Female"
"9004154",371995,2025-07-02 08:49:50,42.4555282592773,-8.88977718353271,"Female"
"9004154",371995,2025-07-02 08:54:51,42.4559555053711,-8.89021968841553,"Female"
"9004154",371995,2025-07-02 08:59:50,42.4582099914551,-8.9030590057373,"Female"
"9004154",371995,2025-07-02 09:04:52,42.4580268859863,-8.90315532684326,"Female"
"9004154",371995,2025-07-02 09:09:50,42.4580497741699,-8.90316295623779,"Female"
"9004154",371995,2025-07-02 09:14:50,42.4580345153809,-8.90315246582031,"Female"
"9004154",371995,2025-07-02 09:19:50,42.4580879211426,-8.90312194824219,"Female"
"9004154",371995,2025-07-02 09:24:51,42.4580383300781,-8.90306377410889,"Female"
"9004154",371995,2025-07-02 09:29:51,42.457950592041,-8.90305709838867,"Female"
"9004154",371995,2025-07-02 09:34:49,42.4574508666992,-8.90352535247803,"Female"
"9004154",371995,2025-07-02 09:39:50,42.4579238891602,-8.90470600128174,"Female"
"9004154",371995,2025-07-02 09:44:50,42.4588661193848,-8.90557098388672,"Female"
"9004154",371995,2025-07-02 09:49:50,42.4588317871094,-8.90549755096436,"Female"
"9004154",371995,2025-07-02 09:54:50,42.4587860107422,-8.90541839599609,"Female"
"9004154",371995,2025-07-02 09:59:51,42.4586944580078,-8.90534782409668,"Female"
"9004154",371995,2025-07-02 10:04:51,42.4586334228516,-8.90532112121582,"Female"
"9004154",371995,2025-07-02 10:10:14,42.4587173461914,-8.90495109558105,"Female"
"9004154",371995,2025-07-02 10:14:50,42.4577140808105,-8.90277671813965,"Female"
"9004154",371995,2025-07-02 10:19:50,42.4528884887695,-8.8902473449707,"Female"
"9004154",371995,2025-07-02 10:24:50,42.4512062072754,-8.88846778869629,"Female"
"9004154",371995,2025-07-02 10:30:42,42.4502830505371,-8.88594436645508,"Female"
"9004154",371995,2025-07-02 10:47:35,42.4488525390625,-8.88941383361816,"Female"
"9004154",371995,2025-07-02 10:52:00,42.4565277099609,-8.89157867431641,"Female"
"9004154",371995,2025-07-02 10:56:58,42.4565086364746,-8.89156055450439,"Female"
"9004154",371995,2025-07-02 11:01:59,42.456600189209,-8.89168643951416,"Female"
"9004154",371995,2025-07-02 11:06:59,42.4565773010254,-8.89174938201904,"Female"
"9004154",371995,2025-07-02 11:11:59,42.4565925598145,-8.89166450500488,"Female"
"9004154",371995,2025-07-02 11:16:59,42.4566078186035,-8.89170455932617,"Female"
"9004154",371995,2025-07-02 11:21:59,42.4566764831543,-8.89166831970215,"Female"
"9004154",371995,2025-07-02 11:26:58,42.4566688537598,-8.89165210723877,"Female"
"9004154",371995,2025-07-02 11:31:59,42.4566116333008,-8.89167881011963,"Female"
"9004154",371995,2025-07-02 11:36:59,42.4556617736816,-8.88998126983643,"Female"
"9004154",371995,2025-07-02 11:41:59,42.4544448852539,-8.89103698730469,"Female"
"9004154",371995,2025-07-02 11:47:37,42.4528160095215,-8.8907642364502,"Female"
"9004154",371995,2025-07-02 11:52:38,42.451416015625,-8.88921451568604,"Female"
"9004154",371995,2025-07-02 11:58:25,42.4497489929199,-8.88637256622314,"Female"
"9004154",371995,2025-07-02 12:03:26,42.4490280151367,-8.88431739807129,"Female"
"9004154",371995,2025-07-02 12:08:25,42.4477996826172,-8.88265800476074,"Female"
"9004154",371995,2025-07-02 12:14:12,42.4474601745605,-8.88370132446289,"Female"
"9004154",371995,2025-07-02 12:19:32,42.4483032226562,-8.88620567321777,"Female"
"9004154",371995,2025-07-02 12:24:30,42.4539070129395,-8.88961982727051,"Female"
"9004154",371995,2025-07-02 12:29:31,42.4551849365234,-8.89082813262939,"Female"
"9004154",371995,2025-07-02 12:34:31,42.4583473205566,-8.90446090698242,"Female"
"9004154",371995,2025-07-02 12:39:31,42.4585304260254,-8.90448951721191,"Female"
"9004154",371995,2025-07-02 12:44:31,42.458438873291,-8.90456771850586,"Female"
"9004154",371995,2025-07-02 12:49:31,42.4585647583008,-8.90447330474854,"Female"
"9004154",371995,2025-07-02 12:54:31,42.4586868286133,-8.90421772003174,"Female"
"9004154",371995,2025-07-02 12:59:31,42.4610710144043,-8.9105339050293,"Female"
"9004154",371995,2025-07-02 13:04:41,42.4602088928223,-8.91039276123047,"Female"
"9004154",371995,2025-07-02 13:09:44,42.4608840942383,-8.91092967987061,"Female"
"9004154",371995,2025-07-02 13:14:48,42.461067199707,-8.9118013381958,"Female"
"9004154",371995,2025-07-02 13:19:47,42.4613304138184,-8.91222953796387,"Female"
"9004154",371995,2025-07-02 13:25:05,42.4603385925293,-8.90685272216797,"Female"
"9004154",371995,2025-07-02 13:30:31,42.4599342346191,-8.90684223175049,"Female"
"9004154",371995,2025-07-02 13:35:31,42.4582023620605,-8.9059944152832,"Female"
"9004154",371995,2025-07-02 13:40:31,42.4575805664062,-8.90277099609375,"Female"
"9004154",371995,2025-07-02 13:45:31,42.4568481445312,-8.89329433441162,"Female"
"9004154",371995,2025-07-02 13:50:31,42.4568710327148,-8.89326000213623,"Female"
"9004154",371995,2025-07-02 13:55:31,42.4568328857422,-8.89319324493408,"Female"
"9004154",371995,2025-07-02 14:00:31,42.4568519592285,-8.89320182800293,"Female"
"9004154",371995,2025-07-02 14:05:31,42.4568367004395,-8.89323425292969,"Female"
"9004154",371995,2025-07-02 14:10:31,42.4573173522949,-8.89448356628418,"Female"
"9004154",371995,2025-07-02 14:16:18,42.4576110839844,-8.89704608917236,"Female"
"9004154",371995,2025-07-02 14:22:00,42.4567527770996,-8.89912414550781,"Female"
"9004154",371995,2025-07-02 14:27:00,42.4597434997559,-8.89998340606689,"Female"
"9004154",371995,2025-07-02 14:32:00,42.4541397094727,-8.89298152923584,"Female"
"9004154",371995,2025-07-02 14:37:01,42.4532775878906,-8.89153003692627,"Female"
"9004154",371995,2025-07-02 14:42:01,42.4515266418457,-8.89147281646729,"Female"
"9004154",371995,2025-07-02 14:47:01,42.4506721496582,-8.88898944854736,"Female"
"9004154",371995,2025-07-02 14:52:01,42.4516792297363,-8.88645553588867,"Female"
"9004154",371995,2025-07-02 14:57:08,42.4525604248047,-8.88606357574463,"Female"
"9004154",371995,2025-07-02 15:02:07,42.452751159668,-8.88579368591309,"Female"
"9004154",371995,2025-07-02 15:07:27,42.4511680603027,-8.88662719726562,"Female"
"9004154",371995,2025-07-02 15:17:26,42.4520606994629,-8.88329601287842,"Female"
"9004154",371995,2025-07-02 15:22:23,42.4566993713379,-8.8917989730835,"Female"
"9004154",371995,2025-07-02 15:27:23,42.4566230773926,-8.89188003540039,"Female"
"9004154",371995,2025-07-02 15:32:23,42.4566764831543,-8.89181995391846,"Female"
"9004154",371995,2025-07-02 15:37:24,42.4566841125488,-8.8918399810791,"Female"
"9004154",371995,2025-07-02 15:42:24,42.4567108154297,-8.89182662963867,"Female"
"9004154",371995,2025-07-02 15:47:23,42.4567680358887,-8.89178657531738,"Female"
"9004154",371995,2025-07-02 15:52:23,42.456729888916,-8.89183902740479,"Female"
"9004154",371995,2025-07-02 15:57:23,42.4567794799805,-8.89183044433594,"Female"
"9004154",371995,2025-07-02 16:02:23,42.4567642211914,-8.89178657531738,"Female"
"9004154",371995,2025-07-02 16:07:23,42.4567413330078,-8.89185047149658,"Female"
"9004154",371995,2025-07-02 16:12:23,42.4567184448242,-8.89193630218506,"Female"
"9004154",371995,2025-07-02 16:17:23,42.4566307067871,-8.89188289642334,"Female"
"9004154",371995,2025-07-02 16:22:23,42.4565811157227,-8.89181804656982,"Female"
"9004154",371995,2025-07-02 16:27:23,42.4564552307129,-8.8917875289917,"Female"
"9004154",371995,2025-07-02 16:32:23,42.4564056396484,-8.89166927337646,"Female"
"9004154",371995,2025-07-02 16:37:23,42.4564437866211,-8.89167785644531,"Female"
"9004154",371995,2025-07-02 16:42:23,42.4566802978516,-8.89194297790527,"Female"
"9004154",371995,2025-07-02 16:47:23,42.4562187194824,-8.88919734954834,"Female"
"9004154",371995,2025-07-02 16:52:23,42.4547424316406,-8.88929843902588,"Female"
"9004154",371995,2025-07-02 16:57:23,42.4540367126465,-8.89065265655518,"Female"
"9004154",371995,2025-07-02 17:03:18,42.4536895751953,-8.88780403137207,"Female"
"9004154",371995,2025-07-02 17:08:40,42.4527244567871,-8.88761901855469,"Female"
"9004154",371995,2025-07-02 17:13:58,42.4510955810547,-8.88655471801758,"Female"
"9004154",371995,2025-07-02 17:18:57,42.4506454467773,-8.88429260253906,"Female"
"9004154",371995,2025-07-02 17:23:58,42.4501953125,-8.8823413848877,"Female"
"9004154",371995,2025-07-02 17:29:45,42.4502220153809,-8.88583087921143,"Female"
"9004154",371995,2025-07-02 17:35:01,42.4518852233887,-8.88439559936523,"Female"
"9004154",371995,2025-07-02 17:40:55,42.4534454345703,-8.88694858551025,"Female"
"9004154",371995,2025-07-02 17:46:41,42.454475402832,-8.88932609558105,"Female"
"9004154",371995,2025-07-02 17:51:53,42.4554443359375,-8.89037322998047,"Female"
"9004154",371995,2025-07-02 17:56:53,42.4568824768066,-8.89223766326904,"Female"
"9004154",371995,2025-07-02 18:01:54,42.4566764831543,-8.8919563293457,"Female"
"9004154",371995,2025-07-02 18:06:52,42.4565200805664,-8.89177417755127,"Female"
"9004154",371995,2025-07-02 18:11:52,42.456729888916,-8.89198303222656,"Female"
"9004154",371995,2025-07-02 18:16:52,42.4568481445312,-8.89213752746582,"Female"
"9004154",371995,2025-07-02 18:21:52,42.4565391540527,-8.89176464080811,"Female"
"9004154",371995,2025-07-02 18:26:52,42.4568061828613,-8.89218235015869,"Female"
"9004154",371995,2025-07-02 18:31:52,42.4562911987305,-8.88955020904541,"Female"
"9004154",371995,2025-07-02 18:36:52,42.4560317993164,-8.88785648345947,"Female"
"9004154",371995,2025-07-02 18:42:00,42.4554138183594,-8.88603019714355,"Female"
"9004154",371995,2025-07-02 18:47:03,42.4540901184082,-8.88389110565186,"Female"
"9004154",371995,2025-07-02 18:55:45,42.452091217041,-8.88144493103027,"Female"
"9004154",371995,2025-07-02 19:00:19,42.4505577087402,-8.8809986114502,"Female"
"9004154",371995,2025-07-02 19:06:14,42.4491958618164,-8.87926197052002,"Female"
"9004154",371995,2025-07-02 19:11:24,42.4474258422852,-8.87785816192627,"Female"
"9004154",371995,2025-07-02 19:16:25,42.4462089538574,-8.87697601318359,"Female"
"9004154",371995,2025-07-02 19:21:24,42.4446754455566,-8.87603187561035,"Female"
"9004154",371995,2025-07-02 19:26:25,42.4431037902832,-8.87526512145996,"Female"
"9004154",371995,2025-07-02 19:31:24,42.4231758117676,-8.87889289855957,"Female"
"9004154",371995,2025-07-02 19:36:25,42.4246215820312,-8.87730884552002,"Female"
"9004154",371995,2025-07-02 19:41:25,42.4227867126465,-8.87851333618164,"Female"
"9004154",371995,2025-07-02 19:46:25,42.4228363037109,-8.87843036651611,"Female"
"9004154",371995,2025-07-02 19:51:25,42.4229011535645,-8.87831783294678,"Female"
"9004154",371995,2025-07-02 19:56:25,42.4227905273438,-8.87843322753906,"Female"
"9004154",371995,2025-07-02 20:01:25,42.4228668212891,-8.87839412689209,"Female"
"9004154",371995,2025-07-02 20:06:26,42.4228591918945,-8.87834167480469,"Female"
"9004154",371995,2025-07-02 20:11:27,42.4228134155273,-8.87837600708008,"Female"
"9004154",371995,2025-07-02 20:16:41,42.4228248596191,-8.87834072113037,"Female"
"9004154",371995,2025-07-02 20:21:27,42.4228286743164,-8.87836647033691,"Female"
"9004154",371995,2025-07-02 20:26:28,42.4227676391602,-8.8784351348877,"Female"
"9004154",371995,2025-07-02 20:31:26,42.4227333068848,-8.87836742401123,"Female"
"9004154",371995,2025-07-02 20:36:27,42.4226379394531,-8.8786506652832,"Female"
"9004154",371995,2025-07-02 20:41:24,42.4221076965332,-8.87891483306885,"Female"
"9004154",371995,2025-07-02 20:46:28,42.4227142333984,-8.87829399108887,"Female"
"9004154",371995,2025-07-02 20:51:25,42.4226875305176,-8.87833976745605,"Female"
"9004154",371995,2025-07-02 20:56:25,42.4228744506836,-8.87825965881348,"Female"
"9004154",371995,2025-07-02 21:01:24,42.4227294921875,-8.87838935852051,"Female"
"9004154",371995,2025-07-02 21:06:25,42.4228515625,-8.87838649749756,"Female"
"9004154",371995,2025-07-02 21:11:25,42.4227104187012,-8.87824535369873,"Female"
"9004154",371995,2025-07-02 21:16:25,42.4229316711426,-8.87819480895996,"Female"
"9004154",371995,2025-07-02 21:21:24,42.4224853515625,-8.87841033935547,"Female"
"9004154",371995,2025-07-02 21:26:24,42.4226341247559,-8.87831115722656,"Female"
"9004154",371995,2025-07-02 21:31:24,42.4227294921875,-8.87845325469971,"Female"
"9004154",371995,2025-07-02 21:36:24,42.4226493835449,-8.87844085693359,"Female"
"9004154",371995,2025-07-02 21:41:24,42.4231376647949,-8.87854385375977,"Female"
"9004154",371995,2025-07-02 21:46:24,42.4230346679688,-8.87866687774658,"Female"
"9004154",371995,2025-07-02 21:51:24,42.423210144043,-8.8779125213623,"Female"
"9004154",371995,2025-07-02 21:56:24,42.4232025146484,-8.87807178497314,"Female"
"9004154",371995,2025-07-02 22:01:25,42.423267364502,-8.8778076171875,"Female"
"9004154",371995,2025-07-02 22:06:25,42.423225402832,-8.87789630889893,"Female"
"9004154",371995,2025-07-02 22:11:25,42.4232864379883,-8.87795257568359,"Female"
"9004154",371995,2025-07-02 22:16:25,42.4232330322266,-8.87800025939941,"Female"
"9004154",371995,2025-07-02 22:21:29,42.4233589172363,-8.87811279296875,"Female"
"9004154",371995,2025-07-02 22:26:25,42.4229202270508,-8.87817859649658,"Female"
"9004154",371995,2025-07-02 22:31:25,42.4230766296387,-8.87819290161133,"Female"
"9004154",371995,2025-07-02 22:36:25,42.4229850769043,-8.87828922271729,"Female"
"9004154",371995,2025-07-02 22:41:27,42.4230918884277,-8.87835502624512,"Female"
"9004154",371995,2025-07-02 22:46:26,42.4232444763184,-8.87838172912598,"Female"
"9004154",371995,2025-07-02 22:51:28,42.4232330322266,-8.87844085693359,"Female"
"9004154",371995,2025-07-02 22:56:29,42.4228401184082,-8.8784875869751,"Female"
"9004154",371995,2025-07-02 23:01:36,42.4226112365723,-8.87836265563965,"Female"
"9004154",371995,2025-07-02 23:06:38,42.4226455688477,-8.87842655181885,"Female"
"9004154",371995,2025-07-02 23:11:26,42.4233932495117,-8.87844276428223,"Female"
"9004154",371995,2025-07-02 23:16:36,42.4215049743652,-8.87804412841797,"Female"
"9004154",371995,2025-07-02 23:21:38,42.4221801757812,-8.87825012207031,"Female"
"9004154",371995,2025-07-02 23:26:43,42.422534942627,-8.87845134735107,"Female"
"9004154",371995,2025-07-02 23:31:24,42.4230422973633,-8.87875270843506,"Female"
"9004154",371995,2025-07-02 23:36:28,42.4242897033691,-8.87905311584473,"Female"
"9004154",371995,2025-07-02 23:41:27,42.4238510131836,-8.87870025634766,"Female"
"9004154",371995,2025-07-02 23:46:30,42.4232940673828,-8.87848377227783,"Female"
"9004154",371995,2025-07-02 23:51:28,42.4235954284668,-8.87877750396729,"Female"
"9004154",371995,2025-07-02 23:56:37,42.423152923584,-8.87881851196289,"Female"
"9004154",371995,2025-07-03 00:01:28,42.423038482666,-8.87986278533936,"Female"
"9004154",371995,2025-07-03 00:06:29,42.4230690002441,-8.87899494171143,"Female"
"9004154",371995,2025-07-03 00:11:27,42.4215126037598,-8.88995265960693,"Female"
"9004154",371995,2025-07-03 00:16:29,42.4232025146484,-8.87860488891602,"Female"
"9004154",371995,2025-07-03 00:21:25,42.4230995178223,-8.87872219085693,"Female"
"9004154",371995,2025-07-03 00:26:25,42.4232292175293,-8.87863540649414,"Female"
"9004154",371995,2025-07-03 00:31:25,42.4231147766113,-8.87848663330078,"Female"
"9004154",371995,2025-07-03 00:36:25,42.4228401184082,-8.87839603424072,"Female"
"9004154",371995,2025-07-03 00:41:26,42.4229049682617,-8.87834358215332,"Female"
"9004154",371995,2025-07-03 00:46:24,42.4228057861328,-8.87831592559814,"Female"
"9004154",371995,2025-07-03 00:51:24,42.4228477478027,-8.87831020355225,"Female"
"9004154",371995,2025-07-03 00:56:24,42.4229202270508,-8.87821769714355,"Female"
"9004154",371995,2025-07-03 01:01:25,42.4230117797852,-8.87826538085938,"Female"
"9004154",371995,2025-07-03 01:06:26,42.4228286743164,-8.87832832336426,"Female"
"9004154",371995,2025-07-03 01:11:25,42.4230003356934,-8.87821483612061,"Female"
"9004154",371995,2025-07-03 01:16:24,42.4229125976562,-8.87816524505615,"Female"
"9004154",371995,2025-07-03 01:21:26,42.4230422973633,-8.87815761566162,"Female"
"9004154",371995,2025-07-03 01:26:25,42.4232978820801,-8.8781909942627,"Female"
"9004154",371995,2025-07-03 01:31:25,42.4232139587402,-8.87809658050537,"Female"
"9004154",371995,2025-07-03 01:36:27,42.423267364502,-8.87805080413818,"Female"
"9004154",371995,2025-07-03 01:41:25,42.4236373901367,-8.87817096710205,"Female"
"9004154",371995,2025-07-03 01:46:26,42.4228553771973,-8.87821578979492,"Female"
"9004154",371995,2025-07-03 01:51:28,42.4226989746094,-8.87842559814453,"Female"
"9004154",371995,2025-07-03 01:56:26,42.4227447509766,-8.87832450866699,"Female"
"9004154",371995,2025-07-03 02:01:27,42.4231643676758,-8.87822246551514,"Female"
"9004154",371995,2025-07-03 02:06:24,42.4231071472168,-8.87836074829102,"Female"
"9004154",371995,2025-07-03 02:11:25,42.423095703125,-8.87825775146484,"Female"
"9004154",371995,2025-07-03 02:16:24,42.4231948852539,-8.87801647186279,"Female"
"9004154",371995,2025-07-03 02:21:25,42.4232139587402,-8.87775325775146,"Female"
"9004154",371995,2025-07-03 02:26:24,42.4231605529785,-8.87808990478516,"Female"
"9004154",371995,2025-07-03 02:31:24,42.4232864379883,-8.87770557403564,"Female"
"9004154",371995,2025-07-03 02:36:24,42.4231643676758,-8.87757778167725,"Female"
"9004154",371995,2025-07-03 02:41:26,42.4232482910156,-8.87872982025146,"Female"
"9004154",371995,2025-07-03 02:46:24,42.4232711791992,-8.87727642059326,"Female"
"9004154",371995,2025-07-03 02:51:25,42.4233245849609,-8.87856864929199,"Female"
"9004154",371995,2025-07-03 02:56:24,42.4233207702637,-8.87810707092285,"Female"
"9004154",371995,2025-07-03 03:01:24,42.4232559204102,-8.87894821166992,"Female"
"9004154",371995,2025-07-03 03:06:26,42.4233703613281,-8.87817001342773,"Female"
"9004154",371995,2025-07-03 03:11:23,42.4229202270508,-8.87982654571533,"Female"
"9004154",371995,2025-07-03 03:16:25,42.4226837158203,-8.88029861450195,"Female"
"9004154",371995,2025-07-03 03:21:36,42.4224090576172,-8.87855434417725,"Female"
"9004154",371995,2025-07-03 03:26:24,42.422737121582,-8.87972831726074,"Female"
"9004154",371995,2025-07-03 03:31:28,42.4229316711426,-8.87791728973389,"Female"
"9004154",371995,2025-07-03 03:36:38,42.423023223877,-8.87834739685059,"Female"
"9004154",371995,2025-07-03 03:41:42,42.4231796264648,-8.87824249267578,"Female"
"9004154",371995,2025-07-03 03:46:26,42.4230194091797,-8.87837886810303,"Female"
"9004154",371995,2025-07-03 03:51:27,42.4229965209961,-8.87838268280029,"Female"
"9004154",371995,2025-07-03 03:56:27,42.4228401184082,-8.8784351348877,"Female"
"9004154",371995,2025-07-03 04:01:28,42.4229393005371,-8.87831115722656,"Female"
"9004154",371995,2025-07-03 04:06:30,42.4229965209961,-8.87808609008789,"Female"
"9004154",371995,2025-07-03 04:11:26,42.4230728149414,-8.87819194793701,"Female"
"9004154",371995,2025-07-03 04:16:32,42.4226837158203,-8.87835216522217,"Female"
"9004154",371995,2025-07-03 04:21:27,42.422966003418,-8.87839412689209,"Female"
"9004154",371995,2025-07-03 04:26:30,42.4228630065918,-8.87809371948242,"Female"
"9004154",371995,2025-07-03 04:31:27,42.4229011535645,-8.87810516357422,"Female"
"9004154",371995,2025-07-03 04:36:25,42.4228401184082,-8.87799263000488,"Female"
"9004154",371995,2025-07-03 04:41:29,42.4224510192871,-8.87846755981445,"Female"
"9004154",371995,2025-07-03 04:46:26,42.4229469299316,-8.87802410125732,"Female"
"9004154",371995,2025-07-03 04:51:29,42.4228858947754,-8.87815856933594,"Female"
"9004154",371995,2025-07-03 04:56:28,42.4227180480957,-8.87799739837646,"Female"
"9004154",371995,2025-07-03 05:01:35,42.4228363037109,-8.87789630889893,"Female"
"9004154",371995,2025-07-03 05:06:41,42.4227180480957,-8.87814998626709,"Female"
"9004154",371995,2025-07-03 05:11:52,42.4223709106445,-8.87789154052734,"Female"
"9004154",371995,2025-07-03 05:17:28,42.4225578308105,-8.87833881378174,"Female"
"9004154",371995,2025-07-03 05:21:23,42.4226036071777,-8.87852764129639,"Female"
"9004154",371995,2025-07-03 05:26:38,42.4215049743652,-8.87795066833496,"Female"
"9004154",371995,2025-07-03 05:31:25,42.4216041564941,-8.87781429290771,"Female"
"9004154",371995,2025-07-03 05:36:23,42.4224815368652,-8.8783597946167,"Female"
"9004154",371995,2025-07-03 05:41:24,42.4224662780762,-8.87820816040039,"Female"
"9004154",371995,2025-07-03 05:46:24,42.4226417541504,-8.87840843200684,"Female"
"9004154",371995,2025-07-03 05:51:24,42.4227027893066,-8.87827301025391,"Female"
"9004154",371995,2025-07-03 05:56:25,42.4227676391602,-8.87840461730957,"Female"
"9004154",371995,2025-07-03 06:01:43,42.4226493835449,-8.87840747833252,"Female"
"9004154",371995,2025-07-03 06:06:24,42.4225540161133,-8.87836265563965,"Female"
"9004154",371995,2025-07-03 06:11:24,42.4225730895996,-8.8783540725708,"Female"
"9004154",371995,2025-07-03 06:16:24,42.4227027893066,-8.87831974029541,"Female"
"9004154",371995,2025-07-03 06:21:27,42.4225463867188,-8.87839126586914,"Female"
"9004154",371995,2025-07-03 06:26:24,42.4226150512695,-8.87837886810303,"Female"
"9004154",371995,2025-07-03 06:31:28,42.4226150512695,-8.87835884094238,"Female"
"9004154",371995,2025-07-03 06:36:25,42.4216842651367,-8.87857818603516,"Female"
"9004154",371995,2025-07-03 06:41:29,42.4225807189941,-8.87831401824951,"Female"
"9004154",371995,2025-07-03 06:46:44,42.4224472045898,-8.87836074829102,"Female"
"9004154",371995,2025-07-03 06:51:24,42.422534942627,-8.87833404541016,"Female"
"9004154",371995,2025-07-03 06:56:28,42.4226951599121,-8.87834072113037,"Female"
"9004154",371995,2025-07-03 07:01:24,42.4305801391602,-8.87853813171387,"Female"
"9004154",371995,2025-07-03 07:06:24,42.4315605163574,-8.87832164764404,"Female"
"9004154",371995,2025-07-03 07:11:23,42.4429359436035,-8.87847423553467,"Female"
"9004154",371995,2025-07-03 07:16:24,42.4432106018066,-8.87947845458984,"Female"
"9004154",371995,2025-07-03 07:21:23,42.4565696716309,-8.89188957214355,"Female"
"9004154",371995,2025-07-03 07:26:23,42.4565582275391,-8.89186954498291,"Female"
"9004154",371995,2025-07-03 07:31:23,42.4555282592773,-8.89272403717041,"Female"
"9004154",371995,2025-07-03 07:36:23,42.4581031799316,-8.90281581878662,"Female"
"9004154",371995,2025-07-03 07:41:23,42.4581031799316,-8.90287494659424,"Female"
"9004154",371995,2025-07-03 07:46:23,42.458080291748,-8.90278148651123,"Female"
"9004154",371995,2025-07-03 07:51:23,42.4581146240234,-8.90280628204346,"Female"
"9004154",371995,2025-07-03 07:56:23,42.458080291748,-8.90270233154297,"Female"
"9004154",371995,2025-07-03 08:01:25,42.4594764709473,-8.90497016906738,"Female"
"9004154",371995,2025-07-03 08:06:26,42.4593963623047,-8.90493965148926,"Female"
"9004154",371995,2025-07-03 08:11:26,42.4598236083984,-8.90470790863037,"Female"
"9004154",371995,2025-07-03 08:16:28,42.4596557617188,-8.90502548217773,"Female"
"9004154",371995,2025-07-03 08:21:41,42.459789276123,-8.90479755401611,"Female"
"9004154",371995,2025-07-03 08:26:26,42.4595756530762,-8.90469551086426,"Female"
"9004154",371995,2025-07-03 08:31:25,42.4598503112793,-8.9047679901123,"Female"
"9004154",371995,2025-07-03 08:36:25,42.4599266052246,-8.9047155380249,"Female"
"9004154",371995,2025-07-03 08:41:27,42.4600410461426,-8.90478229522705,"Female"
"9004154",371995,2025-07-03 08:46:27,42.4574928283691,-8.89779281616211,"Female"
"9004154",371995,2025-07-03 08:51:28,42.4534454345703,-8.88519477844238,"Female"
"9004154",371995,2025-07-03 08:56:39,42.4520378112793,-8.88419246673584,"Female"
"9004154",371995,2025-07-03 09:01:30,42.4503479003906,-8.88349437713623,"Female"
"9004154",371995,2025-07-03 09:06:39,42.4491157531738,-8.88315677642822,"Female"
"9004154",371995,2025-07-03 09:11:42,42.4473342895508,-8.87937450408936,"Female"
"9004154",371995,2025-07-03 09:16:40,42.437671661377,-8.87582111358643,"Female"
"9004154",371995,2025-07-03 09:21:40,42.4377517700195,-8.87545299530029,"Female"
"9004154",371995,2025-07-03 09:26:49,42.4375267028809,-8.8765811920166,"Female"
"9004154",371995,2025-07-03 09:31:36,42.4374885559082,-8.87660884857178,"Female"
"9004154",371995,2025-07-03 09:36:42,42.4376106262207,-8.87565612792969,"Female"
"9004154",371995,2025-07-03 09:41:46,42.437427520752,-8.87655162811279,"Female"
"9004154",371995,2025-07-03 09:46:42,42.4379043579102,-8.8756275177002,"Female"
"9004154",371995,2025-07-03 09:51:36,42.4371109008789,-8.87765693664551,"Female"
"9004154",371995,2025-07-03 09:56:38,42.4374771118164,-8.87670421600342,"Female"
"9004154",371995,2025-07-03 10:01:39,42.4368553161621,-8.8801212310791,"Female"
"9004154",371995,2025-07-03 10:06:39,42.4380378723145,-8.87585735321045,"Female"
"9004154",371995,2025-07-03 10:11:36,42.4374389648438,-8.87754821777344,"Female"
"9004154",371995,2025-07-03 10:16:36,42.4375,-8.87732124328613,"Female"
"9004154",371995,2025-07-03 10:21:37,42.4378929138184,-8.8765983581543,"Female"
"9004154",371995,2025-07-03 10:26:40,42.4381484985352,-8.87570381164551,"Female"
"9004154",371995,2025-07-03 10:31:36,42.4373321533203,-8.87773704528809,"Female"
"9004154",371995,2025-07-03 10:36:40,42.4377861022949,-8.87705707550049,"Female"
"9004154",371995,2025-07-03 10:41:39,42.4394607543945,-8.87647151947021,"Female"
"9004154",371995,2025-07-03 10:46:36,42.4443626403809,-8.87733459472656,"Female"
"9004154",371995,2025-07-03 10:51:42,42.4448776245117,-8.87808799743652,"Female"
"9004154",371995,2025-07-03 10:57:17,42.4439430236816,-8.87682056427002,"Female"
"9004154",371995,2025-07-03 11:02:08,42.4425010681152,-8.87625694274902,"Female"
"9004154",371995,2025-07-03 11:07:05,42.4381828308105,-8.87306594848633,"Female"
"9004154",371995,2025-07-03 11:12:05,42.4385566711426,-8.87273979187012,"Female"
"9004154",371995,2025-07-03 11:17:05,42.4388160705566,-8.87228488922119,"Female"
"9004154",371995,2025-07-03 11:22:05,42.4388389587402,-8.87217140197754,"Female"
"9004154",371995,2025-07-03 11:27:05,42.4384155273438,-8.87316131591797,"Female"
"9004154",371995,2025-07-03 11:32:05,42.4384231567383,-8.87308025360107,"Female"
"9004154",371995,2025-07-03 11:37:05,42.4382781982422,-8.87312507629395,"Female"
"9004154",371995,2025-07-03 11:42:05,42.4384918212891,-8.87321662902832,"Female"
"9004154",371995,2025-07-03 11:47:08,42.4385299682617,-8.87308979034424,"Female"
"9004154",371995,2025-07-03 11:59:51,42.4380035400391,-8.87295341491699,"Female"
"9004154",371995,2025-07-03 12:05:40,42.4368591308594,-8.87306690216064,"Female"
"9004154",371995,2025-07-03 12:10:53,42.4375038146973,-8.87455272674561,"Female"
"9004154",371995,2025-07-03 12:19:22,42.4387474060059,-8.87723541259766,"Female"
"9004154",371995,2025-07-03 12:24:28,42.4364128112793,-8.8761739730835,"Female"
"9004154",371995,2025-07-03 12:29:21,42.4378395080566,-8.87384796142578,"Female"
"9004154",371995,2025-07-03 12:34:27,42.4382057189941,-8.87438011169434,"Female"
"9004154",371995,2025-07-03 12:39:22,42.4381256103516,-8.87439346313477,"Female"
"9004154",371995,2025-07-03 12:44:22,42.4381637573242,-8.87441062927246,"Female"
"9004154",371995,2025-07-03 12:49:21,42.4381446838379,-8.87444972991943,"Female"
"9004154",371995,2025-07-03 12:54:22,42.4379119873047,-8.87433052062988,"Female"
"9004154",371995,2025-07-03 12:59:23,42.4380989074707,-8.87436866760254,"Female"
"9004154",371995,2025-07-03 13:04:21,42.4381294250488,-8.87434768676758,"Female"
"9004154",371995,2025-07-03 13:09:29,42.4382781982422,-8.87439823150635,"Female"
"9004154",371995,2025-07-03 13:14:24,42.4381103515625,-8.87424468994141,"Female"
"9004154",371995,2025-07-03 13:19:29,42.4385528564453,-8.87461948394775,"Female"
"9004154",371995,2025-07-03 13:24:21,42.4379577636719,-8.87417984008789,"Female"
"9004154",371995,2025-07-03 13:29:21,42.4378318786621,-8.87403297424316,"Female"
"9004154",371995,2025-07-03 13:34:30,42.4387512207031,-8.87488746643066,"Female"
"9004154",371995,2025-07-03 13:39:21,42.4377479553223,-8.87392711639404,"Female"
"9004154",371995,2025-07-03 13:44:21,42.4377784729004,-8.87393283843994,"Female"
"9004154",371995,2025-07-03 13:49:46,42.436710357666,-8.87319183349609,"Female"
"9004154",371995,2025-07-03 14:13:02,42.4376373291016,-8.87342357635498,"Female"
"9004154",371995,2025-07-03 14:17:45,42.4386138916016,-8.87430858612061,"Female"
"9004154",371995,2025-07-03 14:23:46,42.4373397827148,-8.87549114227295,"Female"
"9004154",371995,2025-07-03 14:29:31,42.4363441467285,-8.8744421005249,"Female"
"9004154",371995,2025-07-03 14:43:53,42.4338684082031,-8.87342643737793,"Female"
"9004154",371995,2025-07-03 14:48:53,42.4375305175781,-8.87752628326416,"Female"
"9004154",371995,2025-07-03 14:53:53,42.4376258850098,-8.87759494781494,"Female"
"9004154",371995,2025-07-03 14:58:53,42.4377136230469,-8.87768745422363,"Female"
"9004154",371995,2025-07-03 15:03:57,42.4374465942383,-8.87737846374512,"Female"
"9004154",371995,2025-07-03 15:09:01,42.4375877380371,-8.87763214111328,"Female"
"9004154",371995,2025-07-03 15:13:54,42.4382629394531,-8.87435054779053,"Female"
"9004154",371995,2025-07-03 15:18:55,42.4382247924805,-8.87438488006592,"Female"
"9004154",371995,2025-07-03 15:23:54,42.438060760498,-8.87425231933594,"Female"
"9004154",371995,2025-07-03 15:28:54,42.438159942627,-8.87428855895996,"Female"
"9004154",371995,2025-07-03 15:33:53,42.4377059936523,-8.87394523620605,"Female"
"9004154",371995,2025-07-03 15:39:11,42.4378929138184,-8.87424373626709,"Female"
"9004154",371995,2025-07-03 15:43:53,42.4377746582031,-8.87404727935791,"Female"
"9004154",371995,2025-07-03 15:48:53,42.4378089904785,-8.87409591674805,"Female"
"9004154",371995,2025-07-03 15:53:52,42.4361000061035,-8.87550735473633,"Female"
"9004154",371995,2025-07-03 15:58:53,42.4349327087402,-8.87504196166992,"Female"
"9004154",371995,2025-07-03 16:03:55,42.4357109069824,-8.87313842773438,"Female"
"9004154",371995,2025-07-03 16:08:53,42.4357833862305,-8.87311840057373,"Female"
"9004154",371995,2025-07-03 16:13:53,42.4357566833496,-8.87308216094971,"Female"
"9004154",371995,2025-07-03 16:18:53,42.4378814697266,-8.87422943115234,"Female"
"9004154",371995,2025-07-03 16:23:53,42.437858581543,-8.87418270111084,"Female"
"9004154",371995,2025-07-03 16:28:55,42.4468231201172,-8.87991142272949,"Female"
"9004154",371995,2025-07-03 16:37:29,42.4516563415527,-8.88569831848145,"Female"
"9004154",371995,2025-07-03 16:43:50,42.4525337219238,-8.88797187805176,"Female"
"9004154",371995,2025-07-03 16:56:00,42.4549102783203,-8.88983345031738,"Female"
"9004154",371995,2025-07-03 17:03:42,42.4557838439941,-8.88919925689697,"Female"
"9004154",371995,2025-07-03 17:08:47,42.4557228088379,-8.89055728912354,"Female"
"9004154",371995,2025-07-03 17:13:36,42.4564514160156,-8.89187431335449,"Female"
"9004154",371995,2025-07-03 17:18:42,42.456371307373,-8.89170932769775,"Female"
"9004154",371995,2025-07-03 17:23:42,42.4563789367676,-8.89169406890869,"Female"
"9004154",371995,2025-07-03 17:28:37,42.454891204834,-8.88752269744873,"Female"
"9004154",371995,2025-07-03 17:33:56,42.4502296447754,-8.88035297393799,"Female"
"9004154",371995,2025-07-03 17:41:22,42.4503211975098,-8.88315582275391,"Female"
"9004154",371995,2025-07-03 17:49:29,42.452018737793,-8.88701725006104,"Female"
"9004154",371995,2025-07-03 17:54:53,42.4528007507324,-8.88689517974854,"Female"
"9004154",371995,2025-07-03 18:09:09,42.4565048217773,-8.8897876739502,"Female"
"9004154",371995,2025-07-03 18:14:08,42.4570808410645,-8.89047908782959,"Female"
"9004154",371995,2025-07-03 18:20:23,42.4575881958008,-8.89059162139893,"Female"
"9004154",371995,2025-07-03 18:26:29,42.4562568664551,-8.88973712921143,"Female"
"9004154",371995,2025-07-03 18:36:11,42.4557685852051,-8.8865270614624,"Female"
"9004154",371995,2025-07-03 18:41:41,42.4545516967773,-8.88444519042969,"Female"
"9004154",371995,2025-07-03 18:46:52,42.452953338623,-8.88318538665771,"Female"
"9004154",371995,2025-07-03 18:51:48,42.4511032104492,-8.8812198638916,"Female"
"9004154",371995,2025-07-03 18:56:57,42.4472198486328,-8.87803554534912,"Female"
"9004154",371995,2025-07-03 19:02:11,42.4455642700195,-8.87666034698486,"Female"
"9004154",371995,2025-07-03 19:07:22,42.4435272216797,-8.87539958953857,"Female"
"9004154",371995,2025-07-03 19:12:31,42.4443016052246,-8.87617301940918,"Female"
"9004154",371995,2025-07-03 19:17:13,42.4423065185547,-8.87562561035156,"Female"
"9004154",371995,2025-07-03 19:22:32,42.4397850036621,-8.87502479553223,"Female"
"9004154",371995,2025-07-03 19:27:32,42.4232330322266,-8.8789758682251,"Female"
"9004154",371995,2025-07-03 19:32:33,42.4226417541504,-8.87849712371826,"Female"
"9004154",371995,2025-07-03 19:37:35,42.4225845336914,-8.87857723236084,"Female"
"9004154",371995,2025-07-03 19:42:33,42.4225769042969,-8.87838840484619,"Female"
"9004154",371995,2025-07-03 19:47:33,42.4225807189941,-8.87860584259033,"Female"
"9004154",371995,2025-07-03 19:52:33,42.4225883483887,-8.87858104705811,"Female"
"9004154",371995,2025-07-03 19:57:35,42.4225997924805,-8.87845897674561,"Female"
"9004154",371995,2025-07-03 20:02:35,42.4240303039551,-8.87747097015381,"Female"
"9004154",371995,2025-07-03 20:07:57,42.4230995178223,-8.87674713134766,"Female"
"9004154",371995,2025-07-03 20:12:39,42.423267364502,-8.87638854980469,"Female"
"9004154",371995,2025-07-03 20:17:58,42.4237442016602,-8.87572193145752,"Female"
"9004154",371995,2025-07-03 20:22:42,42.4244918823242,-8.87517261505127,"Female"
"9004154",371995,2025-07-03 20:27:58,42.4242973327637,-8.87547874450684,"Female"
"9004154",371995,2025-07-03 20:33:04,42.4228897094727,-8.87832546234131,"Female"
"9004154",371995,2025-07-03 20:37:32,42.4227828979492,-8.87846946716309,"Female"
"9004154",371995,2025-07-03 20:42:31,42.422908782959,-8.87835216522217,"Female"
"9004154",371995,2025-07-03 20:47:35,42.4227409362793,-8.87849044799805,"Female"
"9004154",371995,2025-07-03 20:52:32,42.4227066040039,-8.87850093841553,"Female"
"9004154",371995,2025-07-03 20:57:32,42.4226531982422,-8.87852764129639,"Female"
"9004154",371995,2025-07-03 21:02:32,42.4226608276367,-8.87855052947998,"Female"
"9004154",371995,2025-07-03 21:07:32,42.4227256774902,-8.87854766845703,"Female"
"9004154",371995,2025-07-03 21:12:32,42.4226417541504,-8.8785285949707,"Female"
"9004154",371995,2025-07-03 21:17:32,42.4226913452148,-8.87855529785156,"Female"
"9004154",371995,2025-07-03 21:22:32,42.4227066040039,-8.87848281860352,"Female"
"9004154",371995,2025-07-03 21:27:33,42.4226379394531,-8.87857246398926,"Female"
"9004154",371995,2025-07-03 21:32:34,42.4225807189941,-8.87846565246582,"Female"
"9004154",371995,2025-07-03 21:37:33,42.4226341247559,-8.87855911254883,"Female"
"9004154",371995,2025-07-03 21:42:33,42.4225311279297,-8.87843227386475,"Female"
"9004154",371995,2025-07-03 21:47:34,42.4225654602051,-8.87845802307129,"Female"
"9004154",371995,2025-07-03 21:52:33,42.4225959777832,-8.87841320037842,"Female"
"9004154",371995,2025-07-03 21:57:34,42.4225654602051,-8.87835597991943,"Female"
"9004154",371995,2025-07-03 22:02:32,42.4226760864258,-8.87837219238281,"Female"
"9004154",371995,2025-07-03 22:07:32,42.4226570129395,-8.8784008026123,"Female"
"9004154",371995,2025-07-03 22:12:32,42.4226303100586,-8.87832260131836,"Female"
"9004154",371995,2025-07-03 22:17:36,42.422737121582,-8.87834167480469,"Female"
"9004154",371995,2025-07-03 22:22:36,42.4226760864258,-8.87842655181885,"Female"
"9004154",371995,2025-07-03 22:27:36,42.4226608276367,-8.87838459014893,"Female"
"9004154",371995,2025-07-03 22:32:38,42.4226264953613,-8.87836170196533,"Female"
"9004154",371995,2025-07-03 22:37:37,42.4227714538574,-8.87843704223633,"Female"
"9004154",371995,2025-07-03 22:42:44,42.4227561950684,-8.87828636169434,"Female"
"9004154",371995,2025-07-03 22:47:33,42.4229202270508,-8.87834644317627,"Female"
"9004154",371995,2025-07-03 22:53:23,42.4226493835449,-8.87837505340576,"Female"
"9004154",371995,2025-07-03 22:57:32,42.4225921630859,-8.87851428985596,"Female"
"9004154",371995,2025-07-03 23:02:31,42.4225921630859,-8.87844085693359,"Female"
"9004154",371995,2025-07-03 23:07:31,42.4226913452148,-8.87838268280029,"Female"
"9004154",371995,2025-07-03 23:12:32,42.4227867126465,-8.8783483505249,"Female"
"9004154",371995,2025-07-03 23:17:34,42.4227294921875,-8.87846183776855,"Female"
"9004154",371995,2025-07-03 23:22:31,42.4227828979492,-8.87849044799805,"Female"
"9004154",371995,2025-07-03 23:27:31,42.4227294921875,-8.87851810455322,"Female"
"9004154",371995,2025-07-03 23:32:32,42.4227027893066,-8.87845420837402,"Female"
"9004154",371995,2025-07-03 23:37:32,42.4227523803711,-8.87845611572266,"Female"
"9004154",371995,2025-07-03 23:42:32,42.4226531982422,-8.87841033935547,"Female"
"9004154",371995,2025-07-03 23:47:39,42.4226837158203,-8.87836456298828,"Female"
"9004154",371995,2025-07-03 23:52:40,42.4226493835449,-8.87836265563965,"Female"
"9004154",371995,2025-07-03 23:57:37,42.4227027893066,-8.87843322753906,"Female"
"9004154",371995,2025-07-04 00:02:34,42.422664642334,-8.87839698791504,"Female"
"9004154",371995,2025-07-04 00:07:34,42.4226684570312,-8.87843418121338,"Female"
"9004154",371995,2025-07-04 00:12:32,42.4226722717285,-8.87843227386475,"Female"
"9004154",371995,2025-07-04 00:17:32,42.4226570129395,-8.87844371795654,"Female"
"9004154",371995,2025-07-04 00:22:33,42.4227104187012,-8.87843227386475,"Female"
"9004154",371995,2025-07-04 00:27:33,42.4226760864258,-8.87843608856201,"Female"
"9004154",371995,2025-07-04 00:32:32,42.4227180480957,-8.87842273712158,"Female"
"9004154",371995,2025-07-04 00:37:33,42.4227142333984,-8.87852478027344,"Female"
"9004154",371995,2025-07-04 00:42:34,42.4225578308105,-8.87853527069092,"Female"
"9004154",371995,2025-07-04 00:47:43,42.4230918884277,-8.87822532653809,"Female"
"9004154",371995,2025-07-04 00:52:36,42.4232025146484,-8.87812614440918,"Female"
"9004154",371995,2025-07-04 00:57:32,42.4233665466309,-8.87822723388672,"Female"
"9004154",371995,2025-07-04 01:02:34,42.4230613708496,-8.87818050384521,"Female"
"9004154",371995,2025-07-04 01:07:36,42.4228210449219,-8.87793254852295,"Female"
"9004154",371995,2025-07-04 01:12:34,42.4232139587402,-8.87816143035889,"Female"
"9004154",371995,2025-07-04 01:17:36,42.423168182373,-8.87829971313477,"Female"
"9004154",371995,2025-07-04 01:22:42,42.4231338500977,-8.87834167480469,"Female"
"9004154",371995,2025-07-04 01:27:37,42.4228515625,-8.87829208374023,"Female"
"9004154",371995,2025-07-04 01:32:39,42.4228820800781,-8.87824821472168,"Female"
"9004154",371995,2025-07-04 01:37:39,42.422924041748,-8.87824726104736,"Female"
"9004154",371995,2025-07-04 01:42:39,42.4228515625,-8.87814044952393,"Female"
"9004154",371995,2025-07-04 01:47:42,42.4227905273438,-8.8781909942627,"Female"
"9004154",371995,2025-07-04 01:52:39,42.4226951599121,-8.87834167480469,"Female"
"9004154",371995,2025-07-04 01:57:39,42.4227104187012,-8.87950134277344,"Female"
"9004154",371995,2025-07-04 02:02:44,42.422550201416,-8.87862014770508,"Female"
"9004154",371995,2025-07-04 02:07:39,42.4226608276367,-8.87854766845703,"Female"
"9004154",371995,2025-07-04 02:12:37,42.4224624633789,-8.87859535217285,"Female"
"9004154",371995,2025-07-04 02:17:38,42.422607421875,-8.87864398956299,"Female"
"9004154",371995,2025-07-04 02:22:40,42.4220237731934,-8.87825393676758,"Female"
"9004154",371995,2025-07-04 02:27:40,42.4224433898926,-8.87832069396973,"Female"
"9004154",371995,2025-07-04 02:32:48,42.4208145141602,-8.8790111541748,"Female"
"9004154",371995,2025-07-04 02:37:39,42.4217758178711,-8.87890338897705,"Female"
"9004154",371995,2025-07-04 02:42:42,42.4222946166992,-8.87870121002197,"Female"
"9004154",371995,2025-07-04 02:48:05,42.4222679138184,-8.87879371643066,"Female"
"9004154",371995,2025-07-04 02:52:33,42.4222106933594,-8.87963581085205,"Female"
"9004154",371995,2025-07-04 02:57:33,42.4226036071777,-8.87852382659912,"Female"
"9004154",371995,2025-07-04 03:02:40,42.4226036071777,-8.87840366363525,"Female"
"9004154",371995,2025-07-04 03:07:32,42.4225997924805,-8.87845516204834,"Female"
"9004154",371995,2025-07-04 03:12:34,42.4229354858398,-8.87783813476562,"Female"
"9004154",371995,2025-07-04 03:17:44,42.4226417541504,-8.87830924987793,"Female"
"9004154",371995,2025-07-04 03:22:36,42.4226036071777,-8.87861728668213,"Female"
"9004154",371995,2025-07-04 03:27:39,42.4226036071777,-8.87857818603516,"Female"
"9004154",371995,2025-07-04 03:32:36,42.4224815368652,-8.87876415252686,"Female"
"9004154",371995,2025-07-04 03:37:36,42.4225044250488,-8.87841987609863,"Female"
"9004154",371995,2025-07-04 03:42:39,42.422924041748,-8.87844657897949,"Female"
"9004154",371995,2025-07-04 03:47:45,42.4222717285156,-8.87826347351074,"Female"
"9004154",371995,2025-07-04 03:52:36,42.4228591918945,-8.87815570831299,"Female"
"9004154",371995,2025-07-04 03:57:37,42.4228134155273,-8.87832260131836,"Female"
"9004154",371995,2025-07-04 04:02:33,42.4228134155273,-8.87830352783203,"Female"
"9004154",371995,2025-07-04 04:07:37,42.4226684570312,-8.87731266021729,"Female"
"9004154",371995,2025-07-04 04:12:33,42.4226951599121,-8.87827491760254,"Female"
"9004154",371995,2025-07-04 04:17:32,42.4226531982422,-8.87831783294678,"Female"
"9004154",371995,2025-07-04 04:22:32,42.4226913452148,-8.87816905975342,"Female"
"9004154",371995,2025-07-04 04:27:32,42.4224891662598,-8.87838840484619,"Female"
"9004154",371995,2025-07-04 04:33:05,42.4226188659668,-8.87845611572266,"Female"
"9004154",371995,2025-07-04 04:37:32,42.4225730895996,-8.87849998474121,"Female"
"9004154",371995,2025-07-04 04:42:33,42.4225044250488,-8.87850856781006,"Female"
"9004154",371995,2025-07-04 04:47:32,42.4225769042969,-8.87847805023193,"Female"
"9004154",371995,2025-07-04 04:52:31,42.4226036071777,-8.87854385375977,"Female"
"9004154",371995,2025-07-04 04:57:36,42.4223136901855,-8.87841606140137,"Female"
"9004154",371995,2025-07-04 05:02:32,42.4223289489746,-8.87850093841553,"Female"
"9004154",371995,2025-07-04 05:07:32,42.422664642334,-8.87847423553467,"Female"
"9004154",371995,2025-07-04 05:12:32,42.4225807189941,-8.87833118438721,"Female"
"9004154",371995,2025-07-04 05:17:32,42.4226875305176,-8.87842559814453,"Female"
"9004154",371995,2025-07-04 05:22:31,42.4228630065918,-8.87812423706055,"Female"
"9004154",371995,2025-07-04 05:27:36,42.4225463867188,-8.87846946716309,"Female"
"9004154",371995,2025-07-04 05:32:31,42.422779083252,-8.8781099319458,"Female"
"9004154",371995,2025-07-04 05:37:36,42.4225692749023,-8.87852096557617,"Female"
"9004154",371995,2025-07-04 05:42:33,42.4226531982422,-8.87810611724854,"Female"
"9004154",371995,2025-07-04 05:47:33,42.4228363037109,-8.87845134735107,"Female"
"9004154",371995,2025-07-04 05:52:42,42.4226531982422,-8.87856483459473,"Female"
"9004154",371995,2025-07-04 05:57:33,42.4227104187012,-8.87838363647461,"Female"
"9004154",371995,2025-07-04 06:02:40,42.4227180480957,-8.87855052947998,"Female"
"9004154",371995,2025-07-04 06:07:37,42.4226455688477,-8.87843132019043,"Female"
"9004154",371995,2025-07-04 06:12:32,42.427490234375,-8.8760290145874,"Female"
"9004154",371995,2025-07-04 06:17:32,42.438045501709,-8.87471103668213,"Female"
"9004154",371995,2025-07-04 06:23:51,42.4419860839844,-8.8736629486084,"Female"
"9004154",371995,2025-07-04 06:28:30,42.4451065063477,-8.87511444091797,"Female"
"9004154",371995,2025-07-04 06:38:14,42.4460182189941,-8.87851715087891,"Female"
"9004154",371995,2025-07-04 06:43:13,42.4451026916504,-8.87844181060791,"Female"
"9004154",371995,2025-07-04 06:47:49,42.4433708190918,-8.87842845916748,"Female"
"9004154",371995,2025-07-04 06:52:50,42.437873840332,-8.87404727935791,"Female"
"9004154",371995,2025-07-04 06:57:49,42.4378852844238,-8.87402725219727,"Female"
"9004154",371995,2025-07-04 07:02:52,42.4378852844238,-8.8739595413208,"Female"
"9004154",371995,2025-07-04 07:07:50,42.4378662109375,-8.87406063079834,"Female"
"9004154",371995,2025-07-04 07:12:50,42.4379386901855,-8.87411785125732,"Female"
"9004154",371995,2025-07-04 07:17:52,42.4382286071777,-8.87507820129395,"Female"
"9004154",371995,2025-07-04 07:22:54,42.4377517700195,-8.87428379058838,"Female"
"9004154",371995,2025-07-04 07:27:49,42.4380264282227,-8.87325572967529,"Female"
"9004154",371995,2025-07-04 07:32:57,42.4379653930664,-8.87363910675049,"Female"
"9004154",371995,2025-07-04 07:37:51,42.4379196166992,-8.87298202514648,"Female"
"9004154",371995,2025-07-04 07:42:58,42.4378852844238,-8.87350082397461,"Female"
"9004154",371995,2025-07-04 07:47:49,42.4378318786621,-8.87349414825439,"Female"
"9004154",371995,2025-07-04 07:52:50,42.4372177124023,-8.8737325668335,"Female"
"9004154",371995,2025-07-04 07:58:09,42.4370765686035,-8.87227344512939,"Female"
"9004154",371995,2025-07-04 08:03:30,42.4381866455078,-8.87274646759033,"Female"
"9004154",371995,2025-07-04 08:08:08,42.4368858337402,-8.87218952178955,"Female"
"9004154",371995,2025-07-04 08:13:15,42.437873840332,-8.87364196777344,"Female"
"9004154",371995,2025-07-04 08:18:08,42.4378089904785,-8.87355995178223,"Female"
"9004154",371995,2025-07-04 08:23:18,42.4378395080566,-8.8736047744751,"Female"
"9004154",371995,2025-07-04 08:28:16,42.4378089904785,-8.87359619140625,"Female"
"9004154",371995,2025-07-04 08:33:09,42.4377861022949,-8.87361526489258,"Female"
"9004154",371995,2025-07-04 08:38:07,42.4377670288086,-8.87361145019531,"Female"
"9004154",371995,2025-07-04 08:43:35,42.4379386901855,-8.87350273132324,"Female"
"9004154",371995,2025-07-04 08:48:07,42.4380264282227,-8.87347030639648,"Female"
"9004154",371995,2025-07-04 08:53:07,42.4379386901855,-8.87353610992432,"Female"
"9004154",371995,2025-07-04 08:58:06,42.4379386901855,-8.87347984313965,"Female"
"9004154",371995,2025-07-04 09:03:06,42.4379005432129,-8.87352275848389,"Female"
"9004154",371995,2025-07-04 09:08:07,42.4379653930664,-8.87353229522705,"Female"
"9004154",371995,2025-07-04 09:13:06,42.4379005432129,-8.8735237121582,"Female"
"9004154",371995,2025-07-04 09:18:07,42.4379768371582,-8.87353134155273,"Female"
"9004154",371995,2025-07-04 09:23:07,42.4379386901855,-8.87354850769043,"Female"
"9004154",371995,2025-07-04 09:28:07,42.4377555847168,-8.87357044219971,"Female"
"9004154",371995,2025-07-04 09:33:35,42.4378395080566,-8.87356567382812,"Female"
"9004154",371995,2025-07-04 09:38:07,42.4378700256348,-8.87354373931885,"Female"
"9004154",371995,2025-07-04 09:43:07,42.4378204345703,-8.87362194061279,"Female"
"9004154",371995,2025-07-04 09:48:32,42.4374885559082,-8.87519359588623,"Female"
"9004154",371995,2025-07-04 09:53:54,42.4372329711914,-8.87524127960205,"Female"
"9004154",371995,2025-07-04 09:58:54,42.4375114440918,-8.87591075897217,"Female"
"9004154",371995,2025-07-04 10:04:16,42.4372406005859,-8.87449741363525,"Female"
"9004154",371995,2025-07-04 10:09:17,42.4378852844238,-8.87345790863037,"Female"
"9004154",371995,2025-07-04 10:14:16,42.4379844665527,-8.87386989593506,"Female"
"9004154",371995,2025-07-04 10:19:23,42.437931060791,-8.87346744537354,"Female"
"9004154",371995,2025-07-04 10:24:16,42.4379959106445,-8.87347984313965,"Female"
"9004154",371995,2025-07-04 10:29:16,42.438175201416,-8.87365818023682,"Female"
"9004154",371995,2025-07-04 10:34:19,42.4378967285156,-8.87349891662598,"Female"
"9004154",371995,2025-07-04 10:39:16,42.4380493164062,-8.87352752685547,"Female"
"9004154",371995,2025-07-04 10:44:16,42.4379768371582,-8.87347412109375,"Female"
"9004154",371995,2025-07-04 10:49:16,42.4381256103516,-8.87362575531006,"Female"
"9004154",371995,2025-07-04 10:54:16,42.4380187988281,-8.87351226806641,"Female"
"9004154",371995,2025-07-04 10:59:16,42.4379920959473,-8.87349605560303,"Female"
"9004154",371995,2025-07-04 11:04:16,42.4380340576172,-8.87348937988281,"Female"
"9004154",371995,2025-07-04 11:09:16,42.4380111694336,-8.87352466583252,"Female"
"9004154",371995,2025-07-04 11:14:16,42.452522277832,-8.88817882537842,"Female"
"9004154",371995,2025-07-04 11:19:39,42.4585571289062,-8.89546203613281,"Female"
"9004154",371995,2025-07-04 11:25:01,42.4585227966309,-8.89565753936768,"Female"
"9004154",371995,2025-07-04 11:30:13,42.4602203369141,-8.8975305557251,"Female"
"9004154",371995,2025-07-04 11:35:14,42.4594345092773,-8.89828872680664,"Female"
"9004154",371995,2025-07-04 11:40:13,42.4581069946289,-8.9029483795166,"Female"
"9004154",371995,2025-07-04 11:45:13,42.4580535888672,-8.90289402008057,"Female"
"9004154",371995,2025-07-04 11:50:13,42.4580879211426,-8.90293979644775,"Female"
"9004154",371995,2025-07-04 11:55:13,42.4580497741699,-8.9028902053833,"Female"
"9004154",371995,2025-07-04 12:00:13,42.4580574035645,-8.90291595458984,"Female"
"9004154",371995,2025-07-04 12:05:13,42.4580917358398,-8.90286159515381,"Female"
"9004154",371995,2025-07-04 12:10:13,42.4580459594727,-8.90285778045654,"Female"
"9004154",371995,2025-07-04 12:15:13,42.4580879211426,-8.90270042419434,"Female"
"9004154",371995,2025-07-04 12:20:13,42.4581489562988,-8.90273761749268,"Female"
"9004154",371995,2025-07-04 12:25:13,42.4581565856934,-8.90278053283691,"Female"
"9004154",371995,2025-07-04 12:30:13,42.4581871032715,-8.90274620056152,"Female"
"9004154",371995,2025-07-04 12:35:13,42.4581604003906,-8.90277862548828,"Female"
"9004154",371995,2025-07-04 12:40:13,42.4582061767578,-8.90276527404785,"Female"
"9004154",371995,2025-07-04 12:45:14,42.4582328796387,-8.90276336669922,"Female"
"9004154",371995,2025-07-04 12:50:13,42.4582214355469,-8.90280437469482,"Female"
"9004154",371995,2025-07-04 12:55:14,42.4581832885742,-8.90270900726318,"Female"
"9004154",371995,2025-07-04 13:00:13,42.4582214355469,-8.90280532836914,"Female"
"9004154",371995,2025-07-04 13:05:14,42.4581451416016,-8.9027271270752,"Female"
"9004154",371995,2025-07-04 13:10:13,42.4582099914551,-8.90275287628174,"Female"
"9004154",371995,2025-07-04 13:15:14,42.458179473877,-8.90274524688721,"Female"
"9004154",371995,2025-07-04 13:20:13,42.4582099914551,-8.90276432037354,"Female"
"9004154",371995,2025-07-04 13:25:13,42.4582366943359,-8.90278244018555,"Female"
"9004154",371995,2025-07-04 13:30:13,42.4582862854004,-8.9026346206665,"Female"
"9004154",371995,2025-07-04 13:35:13,42.4582595825195,-8.90277576446533,"Female"
"9004154",371995,2025-07-04 13:40:13,42.4582023620605,-8.90293312072754,"Female"
"9004154",371995,2025-07-04 13:45:13,42.4581871032715,-8.90292358398438,"Female"
"9004154",371995,2025-07-04 13:50:13,42.4573364257812,-8.89783477783203,"Female"
"9004154",371995,2025-07-04 13:55:13,42.4564018249512,-8.89712238311768,"Female"
"9004154",371995,2025-07-04 14:00:13,42.4548759460449,-8.89482498168945,"Female"
"9004154",371995,2025-07-04 14:05:16,42.4534454345703,-8.89252948760986,"Female"
"9004154",371995,2025-07-04 14:10:53,42.4543113708496,-8.89073085784912,"Female"
"9004154",371995,2025-07-04 14:16:15,42.4568862915039,-8.89309883117676,"Female"
"9004154",371995,2025-07-04 14:20:58,42.4568481445312,-8.8929967880249,"Female"
"9004154",371995,2025-07-04 14:25:52,42.4569358825684,-8.89321231842041,"Female"
"9004154",371995,2025-07-04 14:30:52,42.4568710327148,-8.89305973052979,"Female"
"9004154",371995,2025-07-04 14:35:52,42.456974029541,-8.89317798614502,"Female"
"9004154",371995,2025-07-04 14:40:52,42.4568862915039,-8.8930606842041,"Female"
"9004154",371995,2025-07-04 14:46:14,42.4568099975586,-8.89307308197021,"Female"
"9004154",371995,2025-07-04 14:50:52,42.4568214416504,-8.89343929290771,"Female"
"9004154",371995,2025-07-04 14:55:52,42.456844329834,-8.89308166503906,"Female"
"9004154",371995,2025-07-04 15:00:52,42.456859588623,-8.89310741424561,"Female"
"9004154",371995,2025-07-04 15:05:52,42.4569435119629,-8.89316844940186,"Female"
"9004154",371995,2025-07-04 15:10:52,42.4569511413574,-8.89307498931885,"Female"
"9004154",371995,2025-07-04 15:15:52,42.4569091796875,-8.89316082000732,"Female"
"9004154",371995,2025-07-04 15:20:55,42.4571189880371,-8.89328098297119,"Female"
"9004154",371995,2025-07-04 15:26:24,42.4579277038574,-8.89355087280273,"Female"
"9004154",371995,2025-07-04 15:42:27,42.4579811096191,-8.89389228820801,"Female"
"9004154",371995,2025-07-04 15:48:00,42.4578323364258,-8.89391422271729,"Female"
"9004154",371995,2025-07-04 15:54:57,42.4578895568848,-8.89368438720703,"Female"
"9004154",371995,2025-07-04 16:00:07,42.4565124511719,-8.89189338684082,"Female"
"9004154",371995,2025-07-04 16:04:57,42.4568290710449,-8.89331340789795,"Female"
"9004154",371995,2025-07-04 16:09:57,42.4568176269531,-8.89336967468262,"Female"
"9004154",371995,2025-07-04 16:14:57,42.4567604064941,-8.89341354370117,"Female"
"9004154",371995,2025-07-04 16:19:57,42.456844329834,-8.89318084716797,"Female"
"9004154",371995,2025-07-04 16:24:57,42.4568634033203,-8.89333534240723,"Female"
"9004154",371995,2025-07-04 16:29:57,42.4568901062012,-8.89344120025635,"Female"
"9004154",371995,2025-07-04 16:34:57,42.456901550293,-8.89329528808594,"Female"
"9004154",371995,2025-07-04 16:39:57,42.4568786621094,-8.89330005645752,"Female"
"9004154",371995,2025-07-04 16:44:57,42.456901550293,-8.89326572418213,"Female"
"9004154",371995,2025-07-04 16:49:57,42.4568328857422,-8.89326763153076,"Female"
"9004154",371995,2025-07-04 16:54:57,42.4567489624023,-8.89335632324219,"Female"
"9004154",371995,2025-07-04 16:59:58,42.4567527770996,-8.89333820343018,"Female"
"9004154",371995,2025-07-04 17:04:58,42.456672668457,-8.89334964752197,"Female"
"9004154",371995,2025-07-04 17:09:57,42.456672668457,-8.89332389831543,"Female"
"9004154",371995,2025-07-04 17:14:58,42.4566535949707,-8.89334583282471,"Female"
"9004154",371995,2025-07-04 17:19:57,42.4567527770996,-8.89320468902588,"Female"
"9004154",371995,2025-07-04 17:25:06,42.4575004577637,-8.89385032653809,"Female"
"9004154",371995,2025-07-04 17:30:30,42.457633972168,-8.89355182647705,"Female"
"9004154",371995,2025-07-04 17:35:32,42.4583702087402,-8.89482975006104,"Female"
"9004154",371995,2025-07-04 17:41:01,42.4578094482422,-8.8950366973877,"Female"
"9004154",371995,2025-07-04 17:46:00,42.4571189880371,-8.8952808380127,"Female"
"9004154",371995,2025-07-04 17:51:00,42.4428977966309,-8.88392925262451,"Female"
"9004154",371995,2025-07-04 17:56:00,42.4290542602539,-8.87880802154541,"Female"
"9004154",371995,2025-07-04 18:01:01,42.4291687011719,-8.87939167022705,"Female"
"9004154",371995,2025-07-04 18:06:14,42.4228401184082,-8.87821960449219,"Female"
"9004154",371995,2025-07-04 18:11:01,42.4228439331055,-8.87850284576416,"Female"
"9004154",371995,2025-07-04 18:16:01,42.4227447509766,-8.87851715087891,"Female"
"9004154",371995,2025-07-04 18:21:01,42.4214973449707,-8.87893199920654,"Female"
"9004154",371995,2025-07-04 18:26:02,42.4225883483887,-8.87898635864258,"Female"
"9004154",371995,2025-07-04 18:31:03,42.4226493835449,-8.87893295288086,"Female"
"9004154",371995,2025-07-04 18:36:02,42.4219779968262,-8.87864971160889,"Female"
"9004154",371995,2025-07-04 18:41:04,42.4228019714355,-8.87837600708008,"Female"
"9004154",371995,2025-07-04 18:46:02,42.422550201416,-8.87852668762207,"Female"
"9004154",371995,2025-07-04 18:51:02,42.4233741760254,-8.87830924987793,"Female"
"9004154",371995,2025-07-04 18:56:02,42.4233131408691,-8.87782859802246,"Female"
"9004154",371995,2025-07-04 19:01:02,42.4229698181152,-8.87842082977295,"Female"
"9004155",371989,2025-05-13 12:45:43,42.3973197937012,-8.92144107818604,"Female"
"9004155",371989,2025-05-13 12:50:52,42.3973579406738,-8.92136764526367,"Female"
"9004155",371989,2025-05-13 12:55:46,42.3973159790039,-8.92127799987793,"Female"
"9004155",371989,2025-05-13 13:00:47,42.3980903625488,-8.91824913024902,"Female"
"9004155",371989,2025-05-13 13:05:42,42.3986854553223,-8.91909217834473,"Female"
"9004155",371989,2025-05-13 13:11:23,42.399543762207,-8.92086887359619,"Female"
"9004155",371989,2025-05-13 13:15:42,42.3995361328125,-8.92029857635498,"Female"
"9004155",371989,2025-05-13 13:20:48,42.399486541748,-8.9209098815918,"Female"
"9004155",371989,2025-05-13 13:25:46,42.3995132446289,-8.92093658447266,"Female"
"9004155",371989,2025-05-13 13:30:48,42.3994407653809,-8.92090511322021,"Female"
"9004155",371989,2025-05-13 13:35:41,42.3995132446289,-8.92016220092773,"Female"
"9004155",371989,2025-05-13 13:40:48,42.3996047973633,-8.92091464996338,"Female"
"9004155",371989,2025-05-13 13:45:42,42.3996734619141,-8.92062950134277,"Female"
"9004155",371989,2025-05-13 13:50:48,42.3994827270508,-8.92088317871094,"Female"
"9004155",371989,2025-05-13 13:55:54,42.3993835449219,-8.92089653015137,"Female"
"9004155",371989,2025-05-13 14:00:57,42.3994369506836,-8.92091369628906,"Female"
"9004155",371989,2025-05-13 14:06:11,42.3994483947754,-8.92082500457764,"Female"
"9004155",371989,2025-05-13 14:10:59,42.399528503418,-8.92085266113281,"Female"
"9004155",371989,2025-05-13 14:17:04,42.3994674682617,-8.92086124420166,"Female"
"9004155",371989,2025-05-13 14:20:55,42.3994445800781,-8.92085266113281,"Female"
"9004155",371989,2025-05-13 14:25:41,42.3995094299316,-8.92082977294922,"Female"
"9004155",371989,2025-05-13 14:30:40,42.3995513916016,-8.92089748382568,"Female"
"9004155",371989,2025-05-13 14:35:41,42.3995399475098,-8.92094421386719,"Female"
"9004155",371989,2025-05-13 14:40:40,42.3995094299316,-8.92092609405518,"Female"
"9004155",371989,2025-05-13 14:46:05,42.3995666503906,-8.92086505889893,"Female"
"9004155",371989,2025-05-13 14:50:40,42.3995933532715,-8.9208927154541,"Female"
"9004155",371989,2025-05-13 14:55:41,42.3995590209961,-8.92086696624756,"Female"
"9004155",371989,2025-05-13 15:00:40,42.3995475769043,-8.92092895507812,"Female"
"9004155",371989,2025-05-13 15:05:41,42.3994636535645,-8.92078113555908,"Female"
"9004155",371989,2025-05-13 15:10:41,42.3995170593262,-8.92063045501709,"Female"
"9004155",371989,2025-05-13 15:15:41,42.3995094299316,-8.92072200775146,"Female"
"9004155",371989,2025-05-13 15:20:41,42.3995590209961,-8.9207010269165,"Female"
"9004155",371989,2025-05-13 15:25:41,42.3994140625,-8.92091751098633,"Female"
"9004155",371989,2025-05-13 15:30:41,42.3995132446289,-8.92073917388916,"Female"
"9004155",371989,2025-05-13 15:36:22,42.3995132446289,-8.92086505889893,"Female"
"9004155",371989,2025-05-13 15:40:41,42.3996353149414,-8.92092704772949,"Female"
"9004155",371989,2025-05-13 15:45:41,42.3995780944824,-8.92095565795898,"Female"
"9004155",371989,2025-05-13 15:50:40,42.3995742797852,-8.92096996307373,"Female"
"9004155",371989,2025-05-13 15:55:40,42.3996887207031,-8.92083358764648,"Female"
"9004155",371989,2025-05-13 16:00:40,42.3995704650879,-8.92094898223877,"Female"
"9004155",371989,2025-05-13 16:05:41,42.3995399475098,-8.92105007171631,"Female"
"9004155",371989,2025-05-13 16:10:40,42.3995170593262,-8.92094993591309,"Female"
"9004155",371989,2025-05-13 16:15:40,42.3995323181152,-8.92097282409668,"Female"
"9004155",371989,2025-05-13 16:20:40,42.3995323181152,-8.92092895507812,"Female"
"9004155",371989,2025-05-13 16:25:40,42.3995132446289,-8.92093563079834,"Female"
"9004155",371989,2025-05-13 16:30:40,42.3994636535645,-8.92084121704102,"Female"
"9004155",371989,2025-05-13 16:35:40,42.3995361328125,-8.92099285125732,"Female"
"9004155",371989,2025-05-13 16:40:40,42.3994331359863,-8.92082786560059,"Female"
"9004155",371989,2025-05-13 16:45:40,42.3994979858398,-8.92085075378418,"Female"
"9004155",371989,2025-05-13 16:50:40,42.3994598388672,-8.92084312438965,"Female"
"9004155",371989,2025-05-13 16:55:40,42.3995361328125,-8.92084884643555,"Female"
"9004155",371989,2025-05-13 17:00:40,42.3995056152344,-8.92101287841797,"Female"
"9004155",371989,2025-05-13 17:05:42,42.399486541748,-8.92094802856445,"Female"
"9004155",371989,2025-05-13 17:10:42,42.3994369506836,-8.92041492462158,"Female"
"9004155",371989,2025-05-13 17:15:41,42.3994941711426,-8.92085266113281,"Female"
"9004155",371989,2025-05-13 17:21:05,42.3994903564453,-8.92087364196777,"Female"
"9004155",371989,2025-05-13 17:25:41,42.3994522094727,-8.92087745666504,"Female"
"9004155",371989,2025-05-13 17:30:43,42.3994102478027,-8.92098045349121,"Female"
"9004155",371989,2025-05-13 17:36:14,42.3994407653809,-8.92084312438965,"Female"
"9004155",371989,2025-05-13 17:40:40,42.399486541748,-8.92083549499512,"Female"
"9004155",371989,2025-05-13 17:45:40,42.3996162414551,-8.92102336883545,"Female"
"9004155",371989,2025-05-13 17:50:40,42.3996047973633,-8.92106914520264,"Female"
"9004155",371989,2025-05-13 17:55:41,42.3996124267578,-8.92091083526611,"Female"
"9004155",371989,2025-05-13 18:00:41,42.3996887207031,-8.92102909088135,"Female"
"9004155",371989,2025-05-13 18:05:41,42.3997650146484,-8.9210090637207,"Female"
"9004155",371989,2025-05-13 18:10:42,42.3996810913086,-8.921067237854,"Female"
"9004155",371989,2025-05-13 18:15:40,42.3997077941895,-8.92096519470215,"Female"
"9004155",371989,2025-05-13 18:20:42,42.3996658325195,-8.92135810852051,"Female"
"9004155",371989,2025-05-13 18:25:45,42.3996238708496,-8.92084980010986,"Female"
"9004155",371989,2025-05-13 18:31:14,42.399528503418,-8.92093563079834,"Female"
"9004155",371989,2025-05-13 18:35:40,42.3996315002441,-8.92113780975342,"Female"
"9004155",371989,2025-05-13 18:40:42,42.3996505737305,-8.92079448699951,"Female"
"9004155",371989,2025-05-13 18:45:45,42.3866653442383,-8.93520545959473,"Female"
"9004155",371989,2025-05-13 18:50:43,42.3870162963867,-8.93560600280762,"Female"
"9004155",371989,2025-05-13 18:57:04,42.3868255615234,-8.93543815612793,"Female"
"9004155",371989,2025-05-13 19:01:09,42.3867988586426,-8.93538284301758,"Female"
"9004155",371989,2025-05-13 19:05:45,42.3867988586426,-8.93533992767334,"Female"
"9004155",371989,2025-05-13 19:10:59,42.386890411377,-8.93529415130615,"Female"
"9004155",371989,2025-05-13 19:15:49,42.3867988586426,-8.9353199005127,"Female"
"9004155",371989,2025-05-13 19:20:54,42.3868942260742,-8.93525218963623,"Female"
"9004155",371989,2025-05-13 19:25:48,42.386905670166,-8.93532752990723,"Female"
"9004155",371989,2025-05-13 19:30:48,42.3868064880371,-8.9354419708252,"Female"
"9004155",371989,2025-05-13 19:35:49,42.3868560791016,-8.9355354309082,"Female"
"9004155",371989,2025-05-13 19:40:45,42.3868675231934,-8.93539428710938,"Female"
"9004155",371989,2025-05-13 19:45:43,42.3869361877441,-8.93556690216064,"Female"
"9004155",371989,2025-05-13 19:50:42,42.3870086669922,-8.93592262268066,"Female"
"9004155",371989,2025-05-13 19:55:49,42.3881797790527,-8.93558883666992,"Female"
"9004155",371989,2025-05-13 20:00:48,42.386833190918,-8.93572616577148,"Female"
"9004155",371989,2025-05-13 20:05:46,42.3876419067383,-8.93655490875244,"Female"
"9004155",371989,2025-05-13 20:10:48,42.3868980407715,-8.93533706665039,"Female"
"9004155",371989,2025-05-13 20:15:57,42.386890411377,-8.93553161621094,"Female"
"9004155",371989,2025-05-13 20:21:05,42.3869247436523,-8.93586254119873,"Female"
"9004155",371989,2025-05-13 20:25:43,42.3868675231934,-8.93549156188965,"Female"
"9004155",371989,2025-05-13 20:30:49,42.387020111084,-8.93574047088623,"Female"
"9004155",371989,2025-05-13 20:35:46,42.3868370056152,-8.93578433990479,"Female"
"9004155",371989,2025-05-13 20:40:53,42.3869209289551,-8.93579959869385,"Female"
"9004155",371989,2025-05-13 20:45:48,42.3868408203125,-8.93585109710693,"Female"
"9004155",371989,2025-05-13 20:50:46,42.3872947692871,-8.93607425689697,"Female"
"9004155",371989,2025-05-13 20:56:23,42.3869247436523,-8.93563365936279,"Female"
"9004155",371989,2025-05-13 21:00:45,42.3868675231934,-8.93552875518799,"Female"
"9004155",371989,2025-05-13 21:05:41,42.3869438171387,-8.93561935424805,"Female"
"9004155",371989,2025-05-13 21:10:48,42.3869781494141,-8.93596363067627,"Female"
"9004155",371989,2025-05-13 21:15:45,42.3871879577637,-8.93629550933838,"Female"
"9004155",371989,2025-05-13 21:20:48,42.386848449707,-8.93564987182617,"Female"
"9004155",371989,2025-05-13 21:25:51,42.3869323730469,-8.93557643890381,"Female"
"9004155",371989,2025-05-13 21:32:04,42.3869972229004,-8.93568992614746,"Female"
"9004155",371989,2025-05-13 21:36:04,42.3869743347168,-8.93555355072021,"Female"
"9004155",371989,2025-05-13 21:40:45,42.3870086669922,-8.93576622009277,"Female"
"9004155",371989,2025-05-13 21:45:42,42.387092590332,-8.93560791015625,"Female"
"9004155",371989,2025-05-13 21:50:41,42.387092590332,-8.93568420410156,"Female"
"9004155",371989,2025-05-13 21:55:41,42.3871154785156,-8.93582153320312,"Female"
"9004155",371989,2025-05-13 22:00:41,42.3871307373047,-8.9359073638916,"Female"
"9004155",371989,2025-05-13 22:05:41,42.3869247436523,-8.93566513061523,"Female"
"9004155",371989,2025-05-13 22:10:45,42.3868713378906,-8.93543338775635,"Female"
"9004155",371989,2025-05-13 22:15:54,42.3868408203125,-8.93545722961426,"Female"
"9004155",371989,2025-05-13 22:20:51,42.3869132995605,-8.93545055389404,"Female"
"9004155",371989,2025-05-13 22:26:51,42.3868064880371,-8.93542098999023,"Female"
"9004155",371989,2025-05-13 22:30:49,42.3868827819824,-8.93538475036621,"Female"
"9004155",371989,2025-05-13 22:35:42,42.3866691589355,-8.93594551086426,"Female"
"9004155",371989,2025-05-13 22:40:41,42.3867835998535,-8.93590927124023,"Female"
"9004155",371989,2025-05-13 22:45:53,42.3869552612305,-8.93579387664795,"Female"
"9004155",371989,2025-05-13 22:51:03,42.3869743347168,-8.93565940856934,"Female"
"9004155",371989,2025-05-13 22:55:48,42.3869743347168,-8.93582439422607,"Female"
"9004155",371989,2025-05-13 23:00:41,42.3871154785156,-8.93560314178467,"Female"
"9004155",371989,2025-05-13 23:05:40,42.3870849609375,-8.93569183349609,"Female"
"9004155",371989,2025-05-13 23:11:55,42.3872108459473,-8.93551349639893,"Female"
"9004155",371989,2025-05-13 23:16:59,42.3874702453613,-8.93553161621094,"Female"
"9004155",371989,2025-05-13 23:21:59,42.3873672485352,-8.93562602996826,"Female"
"9004155",371989,2025-05-13 23:27:01,42.3871078491211,-8.93556880950928,"Female"
"9004155",371989,2025-05-13 23:31:55,42.3872756958008,-8.93561935424805,"Female"
"9004155",371989,2025-05-13 23:37:11,42.3870887756348,-8.93562602996826,"Female"
"9004155",371989,2025-05-13 23:42:07,42.3869705200195,-8.93552112579346,"Female"
"9004155",371989,2025-05-13 23:46:59,42.3872947692871,-8.93565559387207,"Female"
"9004155",371989,2025-05-13 23:52:03,42.3867835998535,-8.93557262420654,"Female"
"9004155",371989,2025-05-13 23:57:00,42.3874816894531,-8.93571949005127,"Female"
"9004155",371989,2025-05-14 00:01:55,42.387336730957,-8.9356861114502,"Female"
"9004155",371989,2025-05-14 00:06:57,42.3873481750488,-8.93570137023926,"Female"
"9004155",371989,2025-05-14 00:11:55,42.3871421813965,-8.93566226959229,"Female"
"9004155",371989,2025-05-14 00:16:54,42.3871917724609,-8.93576717376709,"Female"
"9004155",371989,2025-05-14 00:21:55,42.3873100280762,-8.93564891815186,"Female"
"9004155",371989,2025-05-14 00:26:55,42.387149810791,-8.93573474884033,"Female"
"9004155",371989,2025-05-14 00:31:59,42.3874855041504,-8.93571662902832,"Female"
"9004155",371989,2025-05-14 00:36:59,42.387336730957,-8.93566989898682,"Female"
"9004155",371989,2025-05-14 00:42:15,42.3888893127441,-8.93532276153564,"Female"
"9004155",371989,2025-05-14 00:47:03,42.3888092041016,-8.93521785736084,"Female"
"9004155",371989,2025-05-14 00:51:57,42.3887481689453,-8.93566703796387,"Female"
"9004155",371989,2025-05-14 00:57:01,42.386661529541,-8.93509960174561,"Female"
"9004155",371989,2025-05-14 01:02:00,42.3868370056152,-8.93561840057373,"Female"
"9004155",371989,2025-05-14 01:07:07,42.3876762390137,-8.93530750274658,"Female"
"9004155",371989,2025-05-14 01:11:59,42.3877220153809,-8.9356746673584,"Female"
"9004155",371989,2025-05-14 01:17:01,42.3871765136719,-8.93550491333008,"Female"
"9004155",371989,2025-05-14 01:22:04,42.3863258361816,-8.93503284454346,"Female"
"9004155",371989,2025-05-14 01:27:00,42.3872032165527,-8.93575668334961,"Female"
"9004155",371989,2025-05-14 01:32:05,42.3877029418945,-8.93524551391602,"Female"
"9004155",371989,2025-05-14 01:37:05,42.3873558044434,-8.93506908416748,"Female"
"9004155",371989,2025-05-14 01:42:15,42.3866271972656,-8.93497562408447,"Female"
"9004155",371989,2025-05-14 01:46:59,42.3866882324219,-8.93538284301758,"Female"
"9004155",371989,2025-05-14 01:51:57,42.3866310119629,-8.93514347076416,"Female"
"9004155",371989,2025-05-14 01:57:16,42.3867607116699,-8.93502044677734,"Female"
"9004155",371989,2025-05-14 02:01:58,42.3868446350098,-8.93556976318359,"Female"
"9004155",371989,2025-05-14 02:06:55,42.3869171142578,-8.93573570251465,"Female"
"9004155",371989,2025-05-14 02:11:56,42.3869018554688,-8.93553256988525,"Female"
"9004155",371989,2025-05-14 02:17:09,42.3868713378906,-8.93544960021973,"Female"
"9004155",371989,2025-05-14 02:21:56,42.3869094848633,-8.93542861938477,"Female"
"9004155",371989,2025-05-14 02:26:56,42.386890411377,-8.93547630310059,"Female"
"9004155",371989,2025-05-14 02:31:57,42.3869552612305,-8.93548583984375,"Female"
"9004155",371989,2025-05-14 02:36:56,42.3868255615234,-8.9344596862793,"Female"
"9004155",371989,2025-05-14 02:41:56,42.3870124816895,-8.93521308898926,"Female"
"9004155",371989,2025-05-14 02:47:13,42.3868446350098,-8.93536186218262,"Female"
"9004155",371989,2025-05-14 02:52:06,42.3869819641113,-8.93528366088867,"Female"
"9004155",371989,2025-05-14 02:57:06,42.3872718811035,-8.93567943572998,"Female"
"9004155",371989,2025-05-14 03:02:06,42.3870162963867,-8.93527317047119,"Female"
"9004155",371989,2025-05-14 03:07:51,42.3869209289551,-8.935622215271,"Female"
"9004155",371989,2025-05-14 03:11:55,42.3869514465332,-8.93541622161865,"Female"
"9004155",371989,2025-05-14 03:16:57,42.3870010375977,-8.93553829193115,"Female"
"9004155",371989,2025-05-14 03:21:58,42.3869476318359,-8.93547821044922,"Female"
"9004155",371989,2025-05-14 03:27:04,42.3869743347168,-8.93548393249512,"Female"
"9004155",371989,2025-05-14 03:31:55,42.3870048522949,-8.93547344207764,"Female"
"9004155",371989,2025-05-14 03:36:55,42.3869171142578,-8.93543529510498,"Female"
"9004155",371989,2025-05-14 03:41:55,42.3868370056152,-8.93549251556396,"Female"
"9004155",371989,2025-05-14 03:46:55,42.3869400024414,-8.9354419708252,"Female"
"9004155",371989,2025-05-14 03:52:09,42.3869438171387,-8.93551158905029,"Female"
"9004155",371989,2025-05-14 03:57:29,42.386962890625,-8.93544292449951,"Female"
"9004155",371989,2025-05-14 04:01:54,42.387020111084,-8.93548965454102,"Female"
"9004155",371989,2025-05-14 04:06:54,42.3869857788086,-8.93547344207764,"Female"
"9004155",371989,2025-05-14 04:11:55,42.3869934082031,-8.93543434143066,"Female"
"9004155",371989,2025-05-14 04:16:56,42.387035369873,-8.93538951873779,"Female"
"9004155",371989,2025-05-14 04:21:54,42.3871879577637,-8.93560123443604,"Female"
"9004155",371989,2025-05-14 04:26:56,42.3871307373047,-8.93553066253662,"Female"
"9004155",371989,2025-05-14 04:31:58,42.3867378234863,-8.93521881103516,"Female"
"9004155",371989,2025-05-14 04:36:57,42.3870658874512,-8.93551158905029,"Female"
"9004155",371989,2025-05-14 04:41:55,42.3875122070312,-8.93595504760742,"Female"
"9004155",371989,2025-05-14 04:47:16,42.3870239257812,-8.93569278717041,"Female"
"9004155",371989,2025-05-14 04:52:20,42.387020111084,-8.93572330474854,"Female"
"9004155",371989,2025-05-14 04:56:55,42.3889503479004,-8.93521881103516,"Female"
"9004155",371989,2025-05-14 05:01:55,42.399169921875,-8.92090511322021,"Female"
"9004155",371989,2025-05-14 05:06:56,42.3981437683105,-8.92085742950439,"Female"
"9004155",371989,2025-05-14 05:11:55,42.3980751037598,-8.9208459854126,"Female"
"9004155",371989,2025-05-14 05:16:55,42.3980712890625,-8.92080688476562,"Female"
"9004155",371989,2025-05-14 05:21:55,42.3980751037598,-8.92082977294922,"Female"
"9004155",371989,2025-05-14 05:26:56,42.4002723693848,-8.90415000915527,"Female"
"9004155",371989,2025-05-14 05:31:55,42.400333404541,-8.90364170074463,"Female"
"9004155",371989,2025-05-14 05:36:55,42.4036598205566,-8.90225505828857,"Female"
"9004155",371989,2025-05-14 05:41:55,42.4104194641113,-8.90244007110596,"Female"
"9004155",371989,2025-05-14 05:46:55,42.4269714355469,-8.90038299560547,"Female"
"9004155",371989,2025-05-14 05:51:55,42.4507484436035,-8.92219161987305,"Female"
"9004155",371989,2025-05-14 05:56:55,42.4507637023926,-8.92222118377686,"Female"
"9004155",371989,2025-05-14 06:01:55,42.4507522583008,-8.92220497131348,"Female"
"9004155",371989,2025-05-14 06:06:55,42.4571075439453,-8.9382791519165,"Female"
"9004155",371989,2025-05-14 06:11:55,42.4699974060059,-8.94338512420654,"Female"
"9004155",371989,2025-05-14 06:16:55,42.478443145752,-8.94031143188477,"Female"
"9004155",371989,2025-05-14 06:21:55,42.5128974914551,-8.92721843719482,"Female"
"9004155",371989,2025-05-14 06:26:55,42.5418510437012,-8.90723133087158,"Female"
"9004155",371989,2025-05-14 06:31:55,42.5588493347168,-8.90181159973145,"Female"
"9004155",371989,2025-05-14 06:36:58,42.559944152832,-8.90096092224121,"Female"
"9004155",371989,2025-05-14 06:41:56,42.5596351623535,-8.90155410766602,"Female"
"9004155",371989,2025-05-14 06:46:55,42.5609283447266,-8.89948463439941,"Female"
"9004155",371989,2025-05-14 06:51:55,42.5731620788574,-8.88779449462891,"Female"
"9004155",371989,2025-05-14 06:56:57,42.5732688903809,-8.88761043548584,"Female"
"9004155",371989,2025-05-14 07:01:55,42.5746536254883,-8.88712787628174,"Female"
"9004155",371989,2025-05-14 07:07:37,42.5779609680176,-8.88332366943359,"Female"
"9004155",371989,2025-05-14 07:12:36,42.5887451171875,-8.86744022369385,"Female"
"9004155",371989,2025-05-14 07:17:46,42.6093406677246,-8.84402275085449,"Female"
"9004155",371989,2025-05-14 07:22:45,42.6090698242188,-8.8441104888916,"Female"
"9004155",371989,2025-05-14 07:27:49,42.6090965270996,-8.84410572052002,"Female"
"9004155",371989,2025-05-14 07:32:37,42.6090774536133,-8.84419918060303,"Female"
"9004155",371989,2025-05-14 07:37:36,42.6091232299805,-8.84401416778564,"Female"
"9004155",371989,2025-05-14 07:42:36,42.6092224121094,-8.84385395050049,"Female"
"9004155",371989,2025-05-14 07:47:36,42.6093521118164,-8.84355545043945,"Female"
"9004155",371989,2025-05-14 07:52:36,42.6091079711914,-8.84397888183594,"Female"
"9004155",371989,2025-05-14 07:57:37,42.6090316772461,-8.84423160552979,"Female"
"9004155",371989,2025-05-14 08:02:36,42.6090316772461,-8.84417057037354,"Female"
"9004155",371989,2025-05-14 08:07:36,42.608943939209,-8.84417819976807,"Female"
"9004155",371989,2025-05-14 08:12:36,42.608959197998,-8.84418869018555,"Female"
"9004155",371989,2025-05-14 08:17:36,42.6090507507324,-8.84412384033203,"Female"
"9004155",371989,2025-05-14 08:22:36,42.609073638916,-8.84426116943359,"Female"
"9004155",371989,2025-05-14 08:27:36,42.6091232299805,-8.84413909912109,"Female"
"9004155",371989,2025-05-14 08:32:36,42.6090393066406,-8.84430885314941,"Female"
"9004155",371989,2025-05-14 08:37:36,42.6090812683105,-8.84425926208496,"Female"
"9004155",371989,2025-05-14 08:42:36,42.6091918945312,-8.84427356719971,"Female"
"9004155",371989,2025-05-14 08:47:36,42.6090888977051,-8.84434223175049,"Female"
"9004155",371989,2025-05-14 08:52:36,42.6091804504395,-8.84426021575928,"Female"
"9004155",371989,2025-05-14 08:57:36,42.6092414855957,-8.84421062469482,"Female"
"9004155",371989,2025-05-14 09:02:36,42.6091918945312,-8.84419536590576,"Female"
"9004155",371989,2025-05-14 09:07:36,42.6091384887695,-8.84423923492432,"Female"
"9004155",371989,2025-05-14 09:12:36,42.6093330383301,-8.84418964385986,"Female"
"9004155",371989,2025-05-14 09:17:36,42.6093215942383,-8.84416484832764,"Female"
"9004155",371989,2025-05-14 09:22:36,42.6092910766602,-8.84417152404785,"Female"
"9004155",371989,2025-05-14 09:28:00,42.6094360351562,-8.84322547912598,"Female"
"9004155",371989,2025-05-14 09:33:03,42.6093254089355,-8.8425874710083,"Female"
"9004155",371989,2025-05-14 09:37:59,42.6093482971191,-8.8424711227417,"Female"
"9004155",371989,2025-05-14 09:43:00,42.6092300415039,-8.84253406524658,"Female"
"9004155",371989,2025-05-14 09:47:59,42.6091537475586,-8.84262657165527,"Female"
"9004155",371989,2025-05-14 09:52:59,42.6092109680176,-8.8427209854126,"Female"
"9004155",371989,2025-05-14 09:57:59,42.6092300415039,-8.8426628112793,"Female"
"9004155",371989,2025-05-14 10:02:59,42.6091842651367,-8.84266662597656,"Female"
"9004155",371989,2025-05-14 10:07:59,42.6092338562012,-8.84253406524658,"Female"
"9004155",371989,2025-05-14 10:12:59,42.6092720031738,-8.84228229522705,"Female"
"9004155",371989,2025-05-14 10:17:59,42.6096115112305,-8.84095191955566,"Female"
"9004155",371989,2025-05-14 10:23:30,42.6106643676758,-8.83919525146484,"Female"
"9004155",371989,2025-05-14 10:28:28,42.6112899780273,-8.84014987945557,"Female"
"9004155",371989,2025-05-14 10:34:02,42.6117210388184,-8.83986377716064,"Female"
"9004155",371989,2025-05-14 10:39:02,42.6123161315918,-8.83980464935303,"Female"
"9004155",371989,2025-05-14 10:44:03,42.6122856140137,-8.83971118927002,"Female"
"9004155",371989,2025-05-14 10:49:02,42.6122970581055,-8.83969402313232,"Female"
"9004155",371989,2025-05-14 10:54:02,42.612419128418,-8.83952236175537,"Female"
"9004155",371989,2025-05-14 10:59:02,42.6124420166016,-8.83949756622314,"Female"
"9004155",371989,2025-05-14 11:04:02,42.6124534606934,-8.8395299911499,"Female"
"9004155",371989,2025-05-14 11:09:02,42.6125335693359,-8.83958339691162,"Female"
"9004155",371989,2025-05-14 11:14:02,42.6124610900879,-8.83928203582764,"Female"
"9004155",371989,2025-05-14 11:19:02,42.6125259399414,-8.8393611907959,"Female"
"9004155",371989,2025-05-14 11:24:15,42.612548828125,-8.83913612365723,"Female"
"9004155",371989,2025-05-14 11:30:10,42.612434387207,-8.83813571929932,"Female"
"9004155",371989,2025-05-14 11:35:10,42.6128005981445,-8.83771896362305,"Female"
"9004155",371989,2025-05-14 11:40:10,42.6127777099609,-8.83755683898926,"Female"
"9004155",371989,2025-05-14 11:45:11,42.6129188537598,-8.83791828155518,"Female"
"9004155",371989,2025-05-14 11:50:10,42.612907409668,-8.8379020690918,"Female"
"9004155",371989,2025-05-14 11:55:10,42.6128273010254,-8.83752536773682,"Female"
"9004155",371989,2025-05-14 12:00:10,42.6127548217773,-8.83737850189209,"Female"
"9004155",371989,2025-05-14 12:05:10,42.6129875183105,-8.83778858184814,"Female"
"9004155",371989,2025-05-14 12:10:10,42.6130065917969,-8.83770751953125,"Female"
"9004155",371989,2025-05-14 12:15:10,42.613037109375,-8.83773612976074,"Female"
"9004155",371989,2025-05-14 12:20:11,42.6130332946777,-8.83773994445801,"Female"
"9004155",371989,2025-05-14 12:25:10,42.6131362915039,-8.83775329589844,"Female"
"9004155",371989,2025-05-14 12:30:11,42.6131401062012,-8.83771419525146,"Female"
"9004155",371989,2025-05-14 12:35:11,42.6133270263672,-8.83774089813232,"Female"
"9004155",371989,2025-05-14 12:40:11,42.6131172180176,-8.83770179748535,"Female"
"9004155",371989,2025-05-14 12:45:10,42.6131935119629,-8.83768749237061,"Female"
"9004155",371989,2025-05-14 12:50:10,42.613109588623,-8.83773422241211,"Female"
"9004155",371989,2025-05-14 12:55:10,42.613224029541,-8.83779525756836,"Female"
"9004155",371989,2025-05-14 13:00:10,42.613109588623,-8.83816528320312,"Female"
"9004155",371989,2025-05-14 13:05:59,42.6129951477051,-8.83746719360352,"Female"
"9004155",371989,2025-05-14 13:10:59,42.6133346557617,-8.8362979888916,"Female"
"9004155",371989,2025-05-14 13:15:59,42.6132926940918,-8.83647632598877,"Female"
"9004155",371989,2025-05-14 13:21:29,42.613151550293,-8.83666515350342,"Female"
"9004155",371989,2025-05-14 13:26:29,42.6134605407715,-8.83765125274658,"Female"
"9004155",371989,2025-05-14 13:31:29,42.6134376525879,-8.83768749237061,"Female"
"9004155",371989,2025-05-14 13:36:29,42.6134719848633,-8.83775615692139,"Female"
"9004155",371989,2025-05-14 13:41:29,42.6135215759277,-8.83770847320557,"Female"
"9004155",371989,2025-05-14 13:46:29,42.6135177612305,-8.83788776397705,"Female"
"9004155",371989,2025-05-14 13:51:29,42.6135139465332,-8.83757591247559,"Female"
"9004155",371989,2025-05-14 13:56:29,42.6128120422363,-8.83748912811279,"Female"
"9004155",371989,2025-05-14 14:01:29,42.6133880615234,-8.8377742767334,"Female"
"9004155",371989,2025-05-14 14:06:28,42.6133689880371,-8.83777713775635,"Female"
"9004155",371989,2025-05-14 14:11:29,42.6133422851562,-8.83777236938477,"Female"
"9004155",371989,2025-05-14 14:16:28,42.613353729248,-8.83787536621094,"Female"
"9004155",371989,2025-05-14 14:21:28,42.6133193969727,-8.8378381729126,"Female"
"9004155",371989,2025-05-14 14:26:29,42.6134033203125,-8.83791255950928,"Female"
"9004155",371989,2025-05-14 14:31:38,42.6133499145508,-8.83647441864014,"Female"
"9004155",371989,2025-05-14 14:36:36,42.6134872436523,-8.82855606079102,"Female"
"9004155",371989,2025-05-14 14:41:36,42.6134185791016,-8.828537940979,"Female"
"9004155",371989,2025-05-14 14:47:02,42.6144256591797,-8.82834339141846,"Female"
"9004155",371989,2025-05-14 14:52:13,42.614086151123,-8.82707595825195,"Female"
"9004155",371989,2025-05-14 14:57:13,42.6146469116211,-8.8262939453125,"Female"
"9004155",371989,2025-05-14 15:02:13,42.6148986816406,-8.82639217376709,"Female"
"9004155",371989,2025-05-14 15:07:13,42.6149635314941,-8.82641983032227,"Female"
"9004155",371989,2025-05-14 15:12:13,42.6150665283203,-8.82628631591797,"Female"
"9004155",371989,2025-05-14 15:17:13,42.6150398254395,-8.82631874084473,"Female"
"9004155",371989,2025-05-14 15:22:14,42.6143989562988,-8.82634449005127,"Female"
"9004155",371989,2025-05-14 15:27:14,42.6150169372559,-8.82652282714844,"Female"
"9004155",371989,2025-05-14 15:32:13,42.614917755127,-8.82657814025879,"Female"
"9004155",371989,2025-05-14 15:37:20,42.613826751709,-8.82584285736084,"Female"
"9004155",371989,2025-05-14 15:42:18,42.6138877868652,-8.82542419433594,"Female"
"9004155",371989,2025-05-14 15:48:00,42.6140098571777,-8.82524681091309,"Female"
"9004155",371989,2025-05-14 15:54:02,42.6139488220215,-8.82545948028564,"Female"
"9004155",371989,2025-05-14 15:59:02,42.613826751709,-8.82555103302002,"Female"
"9004155",371989,2025-05-14 16:04:02,42.6138000488281,-8.82553482055664,"Female"
"9004155",371989,2025-05-14 16:09:02,42.6138038635254,-8.82553100585938,"Female"
"9004155",371989,2025-05-14 16:14:02,42.6138191223145,-8.82554244995117,"Female"
"9004155",371989,2025-05-14 16:19:02,42.6137962341309,-8.82552433013916,"Female"
"9004155",371989,2025-05-14 16:24:02,42.6138114929199,-8.82556056976318,"Female"
"9004155",371989,2025-05-14 16:29:02,42.6137924194336,-8.825514793396,"Female"
"9004155",371989,2025-05-14 16:34:02,42.6138725280762,-8.82557010650635,"Female"
"9004155",371989,2025-05-14 16:39:14,42.613941192627,-8.82528686523438,"Female"
"9004155",371989,2025-05-14 16:44:13,42.6138343811035,-8.82516193389893,"Female"
"9004155",371989,2025-05-14 16:49:13,42.6135711669922,-8.82552433013916,"Female"
"9004155",371989,2025-05-14 16:54:13,42.6136131286621,-8.82553291320801,"Female"
"9004155",371989,2025-05-14 16:59:13,42.6135673522949,-8.82562351226807,"Female"
"9004155",371989,2025-05-14 17:04:13,42.6136779785156,-8.82561206817627,"Female"
"9004155",371989,2025-05-14 17:09:13,42.6136474609375,-8.8255500793457,"Female"
"9004155",371989,2025-05-14 17:14:13,42.6136627197266,-8.82552909851074,"Female"
"9004155",371989,2025-05-14 17:19:13,42.6137351989746,-8.82552719116211,"Female"
"9004155",371989,2025-05-14 17:24:13,42.6136131286621,-8.82546806335449,"Female"
"9004155",371989,2025-05-14 17:29:13,42.6136703491211,-8.82553863525391,"Female"
"9004155",371989,2025-05-14 17:34:13,42.6135215759277,-8.82562637329102,"Female"
"9004155",371989,2025-05-14 17:39:13,42.6124725341797,-8.82649803161621,"Female"
"9004155",371989,2025-05-14 17:44:13,42.6136436462402,-8.82689762115479,"Female"
"9004155",371989,2025-05-14 17:49:13,42.6135864257812,-8.82684993743896,"Female"
"9004155",371989,2025-05-14 17:54:13,42.6135635375977,-8.82697296142578,"Female"
"9004155",371989,2025-05-14 17:59:13,42.6135292053223,-8.82709121704102,"Female"
"9004155",371989,2025-05-14 18:04:13,42.6135520935059,-8.82706356048584,"Female"
"9004155",371989,2025-05-14 18:09:13,42.6081924438477,-8.83706760406494,"Female"
"9004155",371989,2025-05-14 18:14:13,42.5801239013672,-8.87857818603516,"Female"
"9004155",371989,2025-05-14 18:19:13,42.5649147033691,-8.90182590484619,"Female"
"9004155",371989,2025-05-14 18:24:13,42.5649452209473,-8.9018087387085,"Female"
"9004155",371989,2025-05-14 18:29:13,42.5567474365234,-8.90741062164307,"Female"
"9004155",371989,2025-05-14 18:34:13,42.5140914916992,-8.92294788360596,"Female"
"9004155",371989,2025-05-14 18:39:13,42.4808921813965,-8.93637657165527,"Female"
"9004155",371989,2025-05-14 18:44:13,42.4794654846191,-8.93794631958008,"Female"
"9004155",371989,2025-05-14 18:49:13,42.4308624267578,-8.93535709381104,"Female"
"9004155",371989,2025-05-14 18:54:14,42.3979263305664,-8.92031192779541,"Female"
"9004155",371989,2025-05-14 18:59:13,42.3984107971191,-8.92079639434814,"Female"
"9004155",371989,2025-05-14 19:04:14,42.3984527587891,-8.92080497741699,"Female"
"9004155",371989,2025-05-14 19:09:16,42.398365020752,-8.92117881774902,"Female"
"9004155",371989,2025-05-14 19:14:15,42.3983612060547,-8.92112255096436,"Female"
"9004155",371989,2025-05-14 19:19:15,42.3984336853027,-8.92111778259277,"Female"
"9004155",371989,2025-05-14 19:24:14,42.3983421325684,-8.92107200622559,"Female"
"9004155",371989,2025-05-14 19:29:16,42.3984184265137,-8.92104911804199,"Female"
"9004155",371989,2025-05-14 19:34:28,42.3984336853027,-8.92092037200928,"Female"
"9004155",371989,2025-05-14 19:39:16,42.3983993530273,-8.92087268829346,"Female"
"9004155",371989,2025-05-14 19:44:18,42.3984909057617,-8.92086505889893,"Female"
"9004155",371989,2025-05-14 19:49:15,42.3985748291016,-8.92089557647705,"Female"
"9004155",371989,2025-05-14 19:54:13,42.3984146118164,-8.920973777771,"Female"
"9004155",371989,2025-05-14 19:59:16,42.3984756469727,-8.92096519470215,"Female"
"9004155",371989,2025-05-14 20:04:15,42.3984642028809,-8.92073917388916,"Female"
"9004155",371989,2025-05-14 20:09:16,42.398494720459,-8.92091083526611,"Female"
"9004155",371989,2025-05-14 20:14:17,42.3983688354492,-8.92079639434814,"Female"
"9004155",371989,2025-05-14 20:19:18,42.3982391357422,-8.92063045501709,"Female"
"9004155",371989,2025-05-14 20:24:24,42.3985252380371,-8.92091846466064,"Female"
"9004155",371989,2025-05-14 20:29:24,42.398494720459,-8.92088413238525,"Female"
"9004155",371989,2025-05-14 20:34:22,42.3985366821289,-8.92077159881592,"Female"
"9004155",371989,2025-05-14 20:39:26,42.3984794616699,-8.92068004608154,"Female"
"9004155",371989,2025-05-14 20:44:44,42.3984680175781,-8.92083835601807,"Female"
"9004155",371989,2025-05-14 20:49:24,42.3986129760742,-8.92135238647461,"Female"
"9004155",371989,2025-05-14 20:54:14,42.3987236022949,-8.92099952697754,"Female"
"9004155",371989,2025-05-14 20:59:13,42.3988380432129,-8.92133903503418,"Female"
"9004155",371989,2025-05-14 21:04:16,42.3987236022949,-8.92101860046387,"Female"
"9004155",371989,2025-05-14 21:09:13,42.3987083435059,-8.92114925384521,"Female"
"9004155",371989,2025-05-14 21:14:13,42.3987159729004,-8.92109870910645,"Female"
"9004155",371989,2025-05-14 21:19:14,42.3986854553223,-8.9211368560791,"Female"
"9004155",371989,2025-05-14 21:24:14,42.398681640625,-8.92111206054688,"Female"
"9004155",371989,2025-05-14 21:29:13,42.3986854553223,-8.92101573944092,"Female"
"9004155",371989,2025-05-14 21:34:13,42.3986625671387,-8.92112064361572,"Female"
"9004155",371989,2025-05-14 21:39:13,42.3986930847168,-8.92098999023438,"Female"
"9004155",371989,2025-05-14 21:44:14,42.3986587524414,-8.92089080810547,"Female"
"9004155",371989,2025-05-14 21:49:13,42.3985748291016,-8.92092990875244,"Female"
"9004155",371989,2025-05-14 21:54:13,42.3986129760742,-8.92112350463867,"Female"
"9004155",371989,2025-05-14 21:59:13,42.398567199707,-8.92101860046387,"Female"
"9004155",371989,2025-05-14 22:04:13,42.3986282348633,-8.92100620269775,"Female"
"9004155",371989,2025-05-14 22:09:13,42.3985862731934,-8.9211368560791,"Female"
"9004155",371989,2025-05-14 22:14:13,42.3985977172852,-8.92110824584961,"Female"
"9004155",371989,2025-05-14 22:19:14,42.397388458252,-8.92156505584717,"Female"
"9004155",371989,2025-05-14 22:24:14,42.3983459472656,-8.92118453979492,"Female"
"9004155",371989,2025-05-14 22:29:15,42.3985595703125,-8.92148685455322,"Female"
"9004155",371989,2025-05-14 22:34:15,42.3986053466797,-8.92165946960449,"Female"
"9004155",371989,2025-05-14 22:39:17,42.398494720459,-8.92149448394775,"Female"
"9004155",371989,2025-05-14 22:44:13,42.398494720459,-8.92128086090088,"Female"
"9004155",371989,2025-05-14 22:49:13,42.3984756469727,-8.92139720916748,"Female"
"9004155",371989,2025-05-14 22:54:14,42.3984375,-8.92148780822754,"Female"
"9004155",371989,2025-05-14 22:59:13,42.3984794616699,-8.92142200469971,"Female"
"9004155",371989,2025-05-14 23:04:14,42.398509979248,-8.9214973449707,"Female"
"9004155",371989,2025-05-14 23:09:14,42.3984375,-8.92143630981445,"Female"
"9004155",371989,2025-05-14 23:14:14,42.3984985351562,-8.92113590240479,"Female"
"9004155",371989,2025-05-14 23:19:14,42.3985061645508,-8.92105102539062,"Female"
"9004155",371989,2025-05-14 23:24:15,42.3985710144043,-8.92151355743408,"Female"
"9004155",371989,2025-05-14 23:29:14,42.3986740112305,-8.92142295837402,"Female"
"9004155",371989,2025-05-14 23:34:16,42.3985137939453,-8.92071056365967,"Female"
"9004155",371989,2025-05-14 23:39:14,42.3984832763672,-8.9209451675415,"Female"
"9004155",371989,2025-05-14 23:44:15,42.3985443115234,-8.92093563079834,"Female"
"9004155",371989,2025-05-14 23:49:18,42.3987884521484,-8.92098712921143,"Female"
"9004155",371989,2025-05-14 23:54:15,42.3990173339844,-8.92098617553711,"Female"
"9004155",371989,2025-05-14 23:59:14,42.3992919921875,-8.92124366760254,"Female"
"9004155",371989,2025-05-15 00:04:15,42.3989715576172,-8.92115783691406,"Female"
"9004155",371989,2025-05-15 00:09:15,42.3985939025879,-8.92088031768799,"Female"
"9004155",371989,2025-05-15 00:14:14,42.3987503051758,-8.92099285125732,"Female"
"9004155",371989,2025-05-15 00:19:16,42.3987312316895,-8.92075824737549,"Female"
"9004155",371989,2025-05-15 00:24:19,42.3988723754883,-8.92082977294922,"Female"
"9004155",371989,2025-05-15 00:29:23,42.3987655639648,-8.92084503173828,"Female"
"9004155",371989,2025-05-15 00:34:15,42.398796081543,-8.92092037200928,"Female"
"9004155",371989,2025-05-15 00:39:14,42.3987846374512,-8.92093086242676,"Female"
"9004155",371989,2025-05-15 00:44:13,42.3988571166992,-8.92119026184082,"Female"
"9004155",371989,2025-05-15 00:49:14,42.3987655639648,-8.92100715637207,"Female"
"9004155",371989,2025-05-15 00:54:13,42.3986740112305,-8.92088317871094,"Female"
"9004155",371989,2025-05-15 00:59:14,42.3986625671387,-8.92094612121582,"Female"
"9004155",371989,2025-05-15 01:04:13,42.3987197875977,-8.92104530334473,"Female"
"9004155",371989,2025-05-15 01:09:13,42.3985404968262,-8.92086982727051,"Female"
"9004155",371989,2025-05-15 01:14:13,42.3985595703125,-8.92089462280273,"Female"
"9004155",371989,2025-05-15 01:19:13,42.3985595703125,-8.92091178894043,"Female"
"9004155",371989,2025-05-15 01:24:14,42.3983459472656,-8.92089557647705,"Female"
"9004155",371989,2025-05-15 01:29:14,42.398323059082,-8.9208345413208,"Female"
"9004155",371989,2025-05-15 01:34:15,42.3983345031738,-8.92091941833496,"Female"
"9004155",371989,2025-05-15 01:39:15,42.3984603881836,-8.92096614837646,"Female"
"9004155",371989,2025-05-15 01:44:14,42.3986320495605,-8.92115211486816,"Female"
"9004155",371989,2025-05-15 01:49:16,42.3984298706055,-8.92078685760498,"Female"
"9004155",371989,2025-05-15 01:54:16,42.3984489440918,-8.92095851898193,"Female"
"9004155",371989,2025-05-15 01:59:18,42.3984909057617,-8.92095565795898,"Female"
"9004155",371989,2025-05-15 02:04:23,42.3983039855957,-8.92094230651855,"Female"
"9004155",371989,2025-05-15 02:09:55,42.3983840942383,-8.92072486877441,"Female"
"9004155",371989,2025-05-15 02:14:16,42.3984069824219,-8.92077445983887,"Female"
"9004155",371989,2025-05-15 02:19:14,42.3983764648438,-8.92077541351318,"Female"
"9004155",371989,2025-05-15 02:24:14,42.3984756469727,-8.92078495025635,"Female"
"9004155",371989,2025-05-15 02:29:16,42.3983497619629,-8.92069149017334,"Female"
"9004155",371989,2025-05-15 02:34:19,42.3982467651367,-8.92037582397461,"Female"
"9004155",371989,2025-05-15 02:39:16,42.398063659668,-8.92006683349609,"Female"
"9004155",371989,2025-05-15 02:44:17,42.3976097106934,-8.91909885406494,"Female"
"9004155",371989,2025-05-15 02:49:24,42.3983383178711,-8.92071056365967,"Female"
"9004155",371989,2025-05-15 02:54:24,42.398323059082,-8.92072486877441,"Female"
"9004155",371989,2025-05-15 02:59:15,42.398624420166,-8.92129135131836,"Female"
"9004155",371989,2025-05-15 03:04:15,42.3986854553223,-8.92153453826904,"Female"
"9004155",371989,2025-05-15 03:09:14,42.398567199707,-8.92118167877197,"Female"
"9004155",371989,2025-05-15 03:14:18,42.3988227844238,-8.92143249511719,"Female"
"9004155",371989,2025-05-15 03:19:14,42.3988380432129,-8.92130374908447,"Female"
"9004155",371989,2025-05-15 03:24:15,42.3987731933594,-8.92124652862549,"Female"
"9004155",371989,2025-05-15 03:29:15,42.3988571166992,-8.92119693756104,"Female"
"9004155",371989,2025-05-15 03:34:25,42.3985862731934,-8.92111110687256,"Female"
"9004155",371989,2025-05-15 03:39:14,42.3987617492676,-8.9212474822998,"Female"
"9004155",371989,2025-05-15 03:44:15,42.3987884521484,-8.92107677459717,"Female"
"9004155",371989,2025-05-15 03:49:14,42.3987998962402,-8.92117786407471,"Female"
"9004155",371989,2025-05-15 03:54:14,42.3987655639648,-8.92114067077637,"Female"
"9004155",371989,2025-05-15 03:59:18,42.3986701965332,-8.9216194152832,"Female"
"9004155",371989,2025-05-15 04:04:17,42.3986358642578,-8.92131900787354,"Female"
"9004155",371989,2025-05-15 04:09:13,42.3987274169922,-8.92117118835449,"Female"
"9004155",371989,2025-05-15 04:14:14,42.3988494873047,-8.92142391204834,"Female"
"9004155",371989,2025-05-15 04:19:14,42.3988952636719,-8.92134284973145,"Female"
"9004155",371989,2025-05-15 04:24:15,42.398998260498,-8.92129230499268,"Female"
"9004155",371989,2025-05-15 04:29:16,42.3988265991211,-8.92132186889648,"Female"
"9004155",371989,2025-05-15 04:34:15,42.3988151550293,-8.92138957977295,"Female"
"9004155",371989,2025-05-15 04:39:16,42.3988838195801,-8.9212703704834,"Female"
"9004155",371989,2025-05-15 04:44:18,42.3989028930664,-8.92149639129639,"Female"
"9004155",371989,2025-05-15 04:49:17,42.3989677429199,-8.92150592803955,"Female"
"9004155",371989,2025-05-15 04:54:13,42.3987655639648,-8.92152309417725,"Female"
"9004155",371989,2025-05-15 04:59:16,42.3989334106445,-8.92158699035645,"Female"
"9004155",371989,2025-05-15 05:04:16,42.3988189697266,-8.92153263092041,"Female"
"9004155",371989,2025-05-15 05:09:18,42.3986511230469,-8.9216194152832,"Female"
"9004155",371989,2025-05-15 05:14:15,42.3986434936523,-8.92150402069092,"Female"
"9004155",371989,2025-05-15 05:19:15,42.3987197875977,-8.92171764373779,"Female"
"9004155",371989,2025-05-15 05:24:15,42.3987197875977,-8.92175102233887,"Female"
"9004155",371989,2025-05-15 05:29:18,42.3988380432129,-8.92138004302979,"Female"
"9004155",371989,2025-05-15 05:34:15,42.3986167907715,-8.92138385772705,"Female"
"9004155",371989,2025-05-15 05:39:17,42.3987197875977,-8.92132663726807,"Female"
"9004155",371989,2025-05-15 05:44:16,42.3979721069336,-8.92284870147705,"Female"
"9004155",371989,2025-05-15 05:49:18,42.398136138916,-8.92061138153076,"Female"
"9004155",371989,2025-05-15 05:54:17,42.3982238769531,-8.92068290710449,"Female"
"9004155",371989,2025-05-15 05:59:15,42.398609161377,-8.92096424102783,"Female"
"9004155",371989,2025-05-15 06:04:15,42.398509979248,-8.92092323303223,"Female"
"9004155",371989,2025-05-15 06:09:14,42.3986129760742,-8.92108821868896,"Female"
"9004155",371989,2025-05-15 06:14:16,42.3986167907715,-8.92115497589111,"Female"
"9004155",371989,2025-05-15 06:19:17,42.3986549377441,-8.92111968994141,"Female"
"9004155",371989,2025-05-15 06:24:18,42.3991661071777,-8.92143821716309,"Female"
"9004155",371989,2025-05-15 06:29:24,42.3988876342773,-8.92163276672363,"Female"
"9004155",371989,2025-05-15 06:34:24,42.3989067077637,-8.92162036895752,"Female"
"9004155",371989,2025-05-15 06:39:23,42.3988876342773,-8.92146873474121,"Female"
"9004155",371989,2025-05-15 06:44:53,42.3984298706055,-8.92093467712402,"Female"
"9004155",371989,2025-05-15 06:49:12,42.3983497619629,-8.92101669311523,"Female"
"9004155",371989,2025-05-15 06:54:12,42.3983726501465,-8.9209623336792,"Female"
"9004155",371989,2025-05-15 06:59:13,42.3983993530273,-8.92088413238525,"Female"
"9004155",371989,2025-05-15 07:04:12,42.3982963562012,-8.92099285125732,"Female"
"9004155",371989,2025-05-15 07:09:16,42.3983764648438,-8.92094898223877,"Female"
"9004155",371989,2025-05-15 07:14:14,42.3984107971191,-8.92092037200928,"Female"
"9004155",371989,2025-05-15 07:19:13,42.398609161377,-8.92090606689453,"Female"
"9004155",371989,2025-05-15 07:24:16,42.3985862731934,-8.92088985443115,"Female"
"9004155",371989,2025-05-15 07:29:18,42.3985443115234,-8.92095279693604,"Female"
"9004155",371989,2025-05-15 07:34:13,42.3984298706055,-8.92091369628906,"Female"
"9004155",371989,2025-05-15 07:39:24,42.3984832763672,-8.92091178894043,"Female"
"9004155",371989,2025-05-15 07:44:17,42.3985595703125,-8.92092132568359,"Female"
"9004155",371989,2025-05-15 07:49:15,42.3984298706055,-8.92092704772949,"Female"
"9004155",371989,2025-05-15 07:54:17,42.3981742858887,-8.92121124267578,"Female"
"9004155",371989,2025-05-15 07:59:15,42.3983116149902,-8.92084312438965,"Female"
"9004155",371989,2025-05-15 08:04:13,42.3984107971191,-8.92101001739502,"Female"
"9004155",371989,2025-05-15 08:09:13,42.3984375,-8.92115879058838,"Female"
"9004155",371989,2025-05-15 08:14:16,42.3985824584961,-8.92130565643311,"Female"
"9004155",371989,2025-05-15 08:19:13,42.3984069824219,-8.92106533050537,"Female"
"9004155",371989,2025-05-15 08:24:14,42.3985748291016,-8.92127513885498,"Female"
"9004155",371989,2025-05-15 08:29:15,42.3985061645508,-8.92121505737305,"Female"
"9004155",371989,2025-05-15 08:34:14,42.3986053466797,-8.92142581939697,"Female"
"9004155",371989,2025-05-15 08:39:13,42.3985023498535,-8.9212064743042,"Female"
"9004155",371989,2025-05-15 08:44:13,42.3985557556152,-8.92137432098389,"Female"
"9004155",371989,2025-05-15 08:49:13,42.3986549377441,-8.92143058776855,"Female"
"9004155",371989,2025-05-15 08:54:14,42.3986968994141,-8.92154407501221,"Female"
"9004155",371989,2025-05-15 08:59:13,42.3986167907715,-8.92143249511719,"Female"
"9004155",371989,2025-05-15 09:04:14,42.3987655639648,-8.92154693603516,"Female"
"9004155",371989,2025-05-15 09:09:13,42.3985862731934,-8.92139530181885,"Female"
"9004155",371989,2025-05-15 09:14:13,42.3985748291016,-8.92134761810303,"Female"
"9004155",371989,2025-05-15 09:19:13,42.3985595703125,-8.92129230499268,"Female"
"9004155",371989,2025-05-15 09:24:15,42.3985404968262,-8.92115879058838,"Female"
"9004155",371989,2025-05-15 09:29:15,42.3973960876465,-8.91904163360596,"Female"
"9004155",371989,2025-05-15 09:34:17,42.3969459533691,-8.91877841949463,"Female"
"9004155",371989,2025-05-15 09:39:28,42.3976898193359,-8.92147159576416,"Female"
"9004155",371989,2025-05-15 09:44:16,42.397216796875,-8.91909599304199,"Female"
"9004155",371989,2025-05-15 09:49:16,42.3974418640137,-8.91931819915771,"Female"
"9004155",371989,2025-05-15 09:54:29,42.398681640625,-8.92141819000244,"Female"
"9004155",371989,2025-05-15 09:59:34,42.3985443115234,-8.92114162445068,"Female"
"9004155",371989,2025-05-15 10:04:12,42.3984107971191,-8.92104721069336,"Female"
"9004155",371989,2025-05-15 10:09:13,42.398380279541,-8.92115020751953,"Female"
"9004155",371989,2025-05-15 10:14:13,42.3983993530273,-8.92115306854248,"Female"
"9004155",371989,2025-05-15 10:19:21,42.3984260559082,-8.92114543914795,"Female"
"9004155",371989,2025-05-15 10:24:13,42.3984756469727,-8.92134571075439,"Female"
"9004155",371989,2025-05-15 10:29:16,42.3984489440918,-8.92137241363525,"Female"
"9004155",371989,2025-05-15 10:34:14,42.3984222412109,-8.92116069793701,"Female"
"9004155",371989,2025-05-15 10:39:15,42.3984107971191,-8.92132186889648,"Female"
"9004155",371989,2025-05-15 10:44:17,42.3981018066406,-8.92185497283936,"Female"
"9004155",371989,2025-05-15 10:49:18,42.3982772827148,-8.92114734649658,"Female"
"9004155",371989,2025-05-15 10:54:16,42.3983879089355,-8.92098236083984,"Female"
"9004155",371989,2025-05-15 10:59:18,42.3983192443848,-8.92114543914795,"Female"
"9004155",371989,2025-05-15 11:04:17,42.3982925415039,-8.92116355895996,"Female"
"9004155",371989,2025-05-15 11:09:16,42.3982238769531,-8.92112064361572,"Female"
"9004155",371989,2025-05-15 11:14:16,42.3982124328613,-8.92113590240479,"Female"
"9004155",371989,2025-05-15 11:19:22,42.3983879089355,-8.92106056213379,"Female"
"9004155",371989,2025-05-15 11:24:18,42.3982849121094,-8.9212064743042,"Female"
"9004155",371989,2025-05-15 11:29:27,42.3984222412109,-8.9211368560791,"Female"
"9004155",371989,2025-05-15 11:34:15,42.398250579834,-8.92143630981445,"Female"
"9004155",371989,2025-05-15 11:39:16,42.3983116149902,-8.92100238800049,"Female"
"9004155",371989,2025-05-15 11:44:40,42.3983993530273,-8.92114543914795,"Female"
"9004155",371989,2025-05-15 11:49:13,42.398323059082,-8.920578956604,"Female"
"9004155",371989,2025-05-15 11:54:15,42.3983116149902,-8.92102813720703,"Female"
"9004155",371989,2025-05-15 11:59:14,42.3983459472656,-8.92083168029785,"Female"
"9004155",371989,2025-05-15 12:04:16,42.3983421325684,-8.92097473144531,"Female"
"9004155",371989,2025-05-15 12:09:14,42.3983421325684,-8.92089462280273,"Female"
"9004155",371989,2025-05-15 12:14:14,42.3983573913574,-8.92073535919189,"Female"
"9004155",371989,2025-05-15 12:19:13,42.3983459472656,-8.92073249816895,"Female"
"9004155",371989,2025-05-15 12:24:16,42.3984603881836,-8.92127418518066,"Female"
"9004155",371989,2025-05-15 12:29:14,42.3983955383301,-8.92128849029541,"Female"
"9004155",371989,2025-05-15 12:34:14,42.3983840942383,-8.92089939117432,"Female"
"9004155",371989,2025-05-15 12:39:15,42.3984031677246,-8.92080593109131,"Female"
"9004155",371989,2025-05-15 12:44:16,42.3983879089355,-8.92064571380615,"Female"
"9004155",371989,2025-05-15 12:49:29,42.3984222412109,-8.92063045501709,"Female"
"9004155",371989,2025-05-15 12:54:17,42.3984565734863,-8.92076778411865,"Female"
"9004155",371989,2025-05-15 12:59:15,42.3983497619629,-8.9208345413208,"Female"
"9004155",371989,2025-05-15 13:04:35,42.3985023498535,-8.9208984375,"Female"
"9004155",371989,2025-05-15 13:09:14,42.3984489440918,-8.92083168029785,"Female"
"9004155",371989,2025-05-15 13:14:15,42.3985328674316,-8.92090797424316,"Female"
"9004155",371989,2025-05-15 13:19:13,42.3984680175781,-8.92081832885742,"Female"
"9004155",371989,2025-05-15 13:24:13,42.3983993530273,-8.91881561279297,"Female"
"9004155",371989,2025-05-15 13:29:13,42.3994064331055,-8.92020511627197,"Female"
"9004155",371989,2025-05-15 13:34:13,42.3994140625,-8.92017269134521,"Female"
"9004155",371989,2025-05-15 13:39:13,42.4148864746094,-8.91666793823242,"Female"
"9004155",371989,2025-05-15 13:44:13,42.4393615722656,-8.91852760314941,"Female"
"9004155",371989,2025-05-15 13:49:13,42.4533081054688,-8.93416023254395,"Female"
"9004155",371989,2025-05-15 13:54:13,42.472713470459,-8.94067764282227,"Female"
"9004155",371989,2025-05-15 13:59:13,42.5084609985352,-8.9237642288208,"Female"
"9004155",371989,2025-05-15 14:04:13,42.544994354248,-8.90535449981689,"Female"
"9004155",371989,2025-05-15 14:09:13,42.5818367004395,-8.8791561126709,"Female"
"9004155",371989,2025-05-15 14:14:13,42.61181640625,-8.83642387390137,"Female"
"9004155",371989,2025-05-15 14:19:13,42.6131782531738,-8.82803153991699,"Female"
"9004155",371989,2025-05-15 14:24:30,42.6134262084961,-8.82643032073975,"Female"
"9004155",371989,2025-05-15 14:29:31,42.6137619018555,-8.82503318786621,"Female"
"9004155",371989,2025-05-15 14:34:30,42.6137962341309,-8.82506370544434,"Female"
"9004155",371989,2025-05-15 14:39:30,42.6137351989746,-8.82515144348145,"Female"
"9004155",371989,2025-05-15 14:44:30,42.6138305664062,-8.82504367828369,"Female"
"9004155",371989,2025-05-15 14:49:30,42.6137847900391,-8.82476615905762,"Female"
"9004155",371989,2025-05-15 14:54:32,42.6137809753418,-8.82500553131104,"Female"
"9004155",371989,2025-05-15 15:00:10,42.6149253845215,-8.82396507263184,"Female"
"9004155",371989,2025-05-15 15:05:17,42.6147499084473,-8.82326412200928,"Female"
"9004155",371989,2025-05-15 15:10:08,42.6146507263184,-8.82311916351318,"Female"
"9004155",371989,2025-05-15 15:15:15,42.6147003173828,-8.82328224182129,"Female"
"9004155",371989,2025-05-15 15:20:10,42.6137809753418,-8.82299709320068,"Female"
"9004155",371989,2025-05-15 15:25:08,42.6142654418945,-8.82300853729248,"Female"
"9004155",371989,2025-05-15 15:30:10,42.6145820617676,-8.82315063476562,"Female"
"9004155",371989,2025-05-15 15:35:08,42.6146354675293,-8.8231840133667,"Female"
"9004155",371989,2025-05-15 15:40:08,42.6142692565918,-8.8221263885498,"Female"
"9004155",371989,2025-05-15 15:45:08,42.614933013916,-8.81890678405762,"Female"
"9004155",371989,2025-05-15 15:50:13,42.6149406433105,-8.81883335113525,"Female"
"9004155",371989,2025-05-15 15:55:17,42.6149940490723,-8.81880187988281,"Female"
"9004155",371989,2025-05-15 16:00:09,42.6151466369629,-8.81902694702148,"Female"
"9004155",371989,2025-05-15 16:05:09,42.6150245666504,-8.8186731338501,"Female"
"9004155",371989,2025-05-15 16:10:10,42.6148338317871,-8.8185567855835,"Female"
"9004155",371989,2025-05-15 16:15:09,42.6150207519531,-8.81871795654297,"Female"
"9004155",371989,2025-05-15 16:20:09,42.6149063110352,-8.81857967376709,"Female"
"9004155",371989,2025-05-15 16:25:09,42.615104675293,-8.81881809234619,"Female"
"9004155",371989,2025-05-15 16:30:09,42.615062713623,-8.81875419616699,"Female"
"9004155",371989,2025-05-15 16:35:09,42.6149673461914,-8.81872653961182,"Female"
"9004155",371989,2025-05-15 16:40:09,42.6150512695312,-8.81891059875488,"Female"
"9004155",371989,2025-05-15 16:45:10,42.615104675293,-8.81896781921387,"Female"
"9004155",371989,2025-05-15 16:50:12,42.6150283813477,-8.81892395019531,"Female"
"9004155",371989,2025-05-15 16:55:12,42.6150283813477,-8.81885147094727,"Female"
"9004155",371989,2025-05-15 17:00:11,42.614818572998,-8.81857681274414,"Female"
"9004155",371989,2025-05-15 17:05:10,42.6149749755859,-8.81883239746094,"Female"
"9004155",371989,2025-05-15 17:10:58,42.615291595459,-8.81866264343262,"Female"
"9004155",371989,2025-05-15 17:15:58,42.6149864196777,-8.81860828399658,"Female"
"9004155",371989,2025-05-15 17:20:58,42.6143608093262,-8.81792163848877,"Female"
"9004155",371989,2025-05-15 17:25:55,42.614372253418,-8.81778144836426,"Female"
"9004155",371989,2025-05-15 17:30:55,42.6141510009766,-8.81765937805176,"Female"
"9004155",371989,2025-05-15 17:35:55,42.614330291748,-8.81777191162109,"Female"
"9004155",371989,2025-05-15 17:40:56,42.614143371582,-8.81759166717529,"Female"
"9004155",371989,2025-05-15 17:45:55,42.6142654418945,-8.8177547454834,"Female"
"9004155",371989,2025-05-15 17:51:14,42.6144027709961,-8.81767082214355,"Female"
"9004155",371989,2025-05-15 17:55:56,42.6140899658203,-8.81744480133057,"Female"
"9004155",371989,2025-05-15 18:00:55,42.6143569946289,-8.81777000427246,"Female"
"9004155",371989,2025-05-15 18:06:34,42.614444732666,-8.81784915924072,"Female"
"9004155",371989,2025-05-15 18:11:30,42.6147422790527,-8.81745147705078,"Female"
"9004155",371989,2025-05-15 18:17:37,42.6145553588867,-8.81799602508545,"Female"
"9004155",371989,2025-05-15 18:22:36,42.614616394043,-8.8181734085083,"Female"
"9004155",371989,2025-05-15 18:27:32,42.6144180297852,-8.81789207458496,"Female"
"9004155",371989,2025-05-15 18:32:34,42.6146011352539,-8.81804466247559,"Female"
"9004155",371989,2025-05-15 18:37:32,42.6142158508301,-8.81783866882324,"Female"
"9004155",371989,2025-05-15 18:42:32,42.6144180297852,-8.81794452667236,"Female"
"9004155",371989,2025-05-15 18:47:34,42.6145324707031,-8.81801605224609,"Female"
"9004155",371989,2025-05-15 18:52:53,42.6146659851074,-8.81751918792725,"Female"
"9004155",371989,2025-05-15 18:57:33,42.6151733398438,-8.81789779663086,"Female"
"9004155",371989,2025-05-15 19:02:43,42.614501953125,-8.8176155090332,"Female"
"9004155",371989,2025-05-15 19:07:32,42.6145668029785,-8.81764316558838,"Female"
"9004155",371989,2025-05-15 19:12:39,42.6145401000977,-8.81747150421143,"Female"
"9004155",371989,2025-05-15 19:17:32,42.6148109436035,-8.81752109527588,"Female"
"9004155",371989,2025-05-15 19:22:40,42.5964469909668,-8.85188293457031,"Female"
"9004155",371989,2025-05-15 19:27:38,42.576301574707,-8.89234256744385,"Female"
"9004155",371989,2025-05-15 19:32:41,42.5743751525879,-8.89829254150391,"Female"
"9004155",371989,2025-05-15 19:37:33,42.549259185791,-8.93952941894531,"Female"
"9004155",371989,2025-05-15 19:42:33,42.5490303039551,-8.93872261047363,"Female"
"9004155",371989,2025-05-15 19:48:07,42.5487327575684,-8.93773174285889,"Female"
"9004155",371989,2025-05-15 19:52:38,42.5500144958496,-8.93886470794678,"Female"
"9004155",371989,2025-05-15 19:57:46,42.5485801696777,-8.93840885162354,"Female"
"9004155",371989,2025-05-15 20:02:52,42.5488739013672,-8.93828868865967,"Female"
"9004155",371989,2025-05-15 20:07:50,42.5483207702637,-8.93865203857422,"Female"
"9004155",371989,2025-05-15 20:12:45,42.5483551025391,-8.93868923187256,"Female"
"9004155",371989,2025-05-15 20:17:42,42.5486869812012,-8.93939208984375,"Female"
"9004155",371989,2025-05-15 20:23:01,42.548454284668,-8.9388484954834,"Female"
"9004155",371989,2025-05-15 20:27:40,42.5485725402832,-8.93886756896973,"Female"
"9004155",371989,2025-05-15 20:32:40,42.5485992431641,-8.93885803222656,"Female"
"9004155",371989,2025-05-15 20:37:40,42.5486068725586,-8.93889141082764,"Female"
"9004155",371989,2025-05-15 20:42:39,42.5486030578613,-8.93886375427246,"Female"
"9004155",371989,2025-05-15 20:47:40,42.5485725402832,-8.93892002105713,"Female"
"9004155",371989,2025-05-15 20:52:40,42.548583984375,-8.93884086608887,"Female"
"9004155",371989,2025-05-15 20:57:40,42.5485992431641,-8.93893241882324,"Female"
"9004155",371989,2025-05-15 21:02:41,42.548454284668,-8.93881607055664,"Female"
"9004155",371989,2025-05-15 21:07:40,42.5486030578613,-8.93893909454346,"Female"
"9004155",371989,2025-05-15 21:12:40,42.5485534667969,-8.93886947631836,"Female"
"9004155",371989,2025-05-15 21:17:40,42.5486030578613,-8.93891429901123,"Female"
"9004155",371989,2025-05-15 21:22:40,42.5485763549805,-8.93893337249756,"Female"
"9004155",371989,2025-05-15 21:27:40,42.5485572814941,-8.9388952255249,"Female"
"9004155",371989,2025-05-15 21:32:40,42.5487060546875,-8.93901634216309,"Female"
"9004155",371989,2025-05-15 21:37:40,42.5485916137695,-8.93889141082764,"Female"
"9004155",371989,2025-05-15 21:42:40,42.5485496520996,-8.93890857696533,"Female"
"9004155",371989,2025-05-15 21:47:40,42.5484886169434,-8.93876552581787,"Female"
"9004155",371989,2025-05-15 21:52:40,42.5485000610352,-8.93885612487793,"Female"
"9004155",371989,2025-05-15 21:57:40,42.5485458374023,-8.93894195556641,"Female"
"9004155",371989,2025-05-15 22:02:40,42.5486030578613,-8.93899536132812,"Female"
"9004155",371989,2025-05-15 22:07:42,42.5482597351074,-8.93819427490234,"Female"
"9004155",371989,2025-05-15 22:12:40,42.5481185913086,-8.93808650970459,"Female"
"9004155",371989,2025-05-15 22:17:41,42.548282623291,-8.93834495544434,"Female"
"9004155",371989,2025-05-15 22:22:41,42.5481986999512,-8.93819522857666,"Female"
"9004155",371989,2025-05-15 22:27:42,42.5483207702637,-8.93840217590332,"Female"
"9004155",371989,2025-05-15 22:32:43,42.548641204834,-8.93915748596191,"Female"
"9004155",371989,2025-05-15 22:37:41,42.5482902526855,-8.93814659118652,"Female"
"9004155",371989,2025-05-15 22:42:43,42.5485763549805,-8.93912506103516,"Female"
"9004155",371989,2025-05-15 22:47:43,42.5485877990723,-8.93912601470947,"Female"
"9004155",371989,2025-05-15 22:52:43,42.5485877990723,-8.93918132781982,"Female"
"9004155",371989,2025-05-15 22:57:43,42.5485992431641,-8.9390811920166,"Female"
"9004155",371989,2025-05-15 23:02:41,42.5485572814941,-8.9390344619751,"Female"
"9004155",371989,2025-05-15 23:07:40,42.5481605529785,-8.93809700012207,"Female"
"9004155",371989,2025-05-15 23:12:40,42.5481872558594,-8.9381103515625,"Female"
"9004155",371989,2025-05-15 23:17:43,42.5486831665039,-8.93876647949219,"Female"
"9004155",371989,2025-05-15 23:22:42,42.5470733642578,-8.93539619445801,"Female"
"9004155",371989,2025-05-15 23:27:40,42.5483322143555,-8.93836212158203,"Female"
"9004155",371989,2025-05-15 23:32:40,42.5482406616211,-8.93829441070557,"Female"
"9004155",371989,2025-05-15 23:37:40,42.5483932495117,-8.93861961364746,"Female"
"9004155",371989,2025-05-15 23:42:40,42.548225402832,-8.93834018707275,"Female"
"9004155",371989,2025-05-15 23:47:40,42.5485420227051,-8.93894386291504,"Female"
"9004155",371989,2025-05-15 23:52:40,42.5485229492188,-8.93898296356201,"Female"
"9004155",371989,2025-05-15 23:57:40,42.5485687255859,-8.9390230178833,"Female"
"9004155",371989,2025-05-16 00:02:41,42.5485191345215,-8.9390115737915,"Female"
"9004155",371989,2025-05-16 00:07:41,42.5484733581543,-8.93898391723633,"Female"
"9004155",371989,2025-05-16 00:12:40,42.5486106872559,-8.93901252746582,"Female"
"9004155",371989,2025-05-16 00:17:41,42.5492286682129,-8.94007778167725,"Female"
"9004155",371989,2025-05-16 00:22:48,42.5486907958984,-8.93912982940674,"Female"
"9004155",371989,2025-05-16 00:27:40,42.548454284668,-8.93914031982422,"Female"
"9004155",371989,2025-05-16 00:32:48,42.5486869812012,-8.93915367126465,"Female"
"9004155",371989,2025-05-16 00:37:40,42.5486068725586,-8.93907642364502,"Female"
"9004155",371989,2025-05-16 00:42:40,42.5486526489258,-8.9391040802002,"Female"
"9004155",371989,2025-05-16 00:47:40,42.5488319396973,-8.93906116485596,"Female"
"9004155",371989,2025-05-16 00:52:40,42.5484619140625,-8.93903636932373,"Female"
"9004155",371989,2025-05-16 00:57:40,42.5484161376953,-8.93909549713135,"Female"
"9004155",371989,2025-05-16 01:02:40,42.5484504699707,-8.93912887573242,"Female"
"9004155",371989,2025-05-16 01:07:40,42.5484275817871,-8.93885231018066,"Female"
"9004155",371989,2025-05-16 01:12:40,42.5484848022461,-8.93899726867676,"Female"
"9004155",371989,2025-05-16 01:17:40,42.5483703613281,-8.93912506103516,"Female"
"9004155",371989,2025-05-16 01:22:40,42.5484580993652,-8.93900680541992,"Female"
"9004155",371989,2025-05-16 01:27:41,42.5483932495117,-8.93887805938721,"Female"
"9004155",371989,2025-05-16 01:32:42,42.5484771728516,-8.93948268890381,"Female"
"9004155",371989,2025-05-16 01:37:45,42.5484924316406,-8.93947219848633,"Female"
"9004155",371989,2025-05-16 01:42:43,42.5482597351074,-8.93885612487793,"Female"
"9004155",371989,2025-05-16 01:47:41,42.5483894348145,-8.93867778778076,"Female"
"9004155",371989,2025-05-16 01:52:42,42.5482406616211,-8.93848419189453,"Female"
"9004155",371989,2025-05-16 01:57:45,42.5481300354004,-8.93869018554688,"Female"
"9004155",371989,2025-05-16 02:02:42,42.548152923584,-8.93865585327148,"Female"
"9004155",371989,2025-05-16 02:07:42,42.5481262207031,-8.93832492828369,"Female"
"9004155",371989,2025-05-16 02:12:41,42.5480728149414,-8.93855285644531,"Female"
"9004155",371989,2025-05-16 02:17:42,42.5481605529785,-8.93820667266846,"Female"
"9004155",371989,2025-05-16 02:22:43,42.5482406616211,-8.93862915039062,"Female"
"9004155",371989,2025-05-16 02:27:41,42.5480461120605,-8.93840026855469,"Female"
"9004155",371989,2025-05-16 02:32:43,42.5486297607422,-8.9392261505127,"Female"
"9004155",371989,2025-05-16 02:37:42,42.5480575561523,-8.93829345703125,"Female"
"9004155",371989,2025-05-16 02:42:43,42.548641204834,-8.93850421905518,"Female"
"9004155",371989,2025-05-16 02:47:43,42.5486221313477,-8.93861484527588,"Female"
"9004155",371989,2025-05-16 02:52:42,42.5481262207031,-8.93839931488037,"Female"
"9004155",371989,2025-05-16 02:57:48,42.5497131347656,-8.93769073486328,"Female"
"9004155",371989,2025-05-16 03:02:43,42.5492820739746,-8.93822479248047,"Female"
"9004155",371989,2025-05-16 03:07:43,42.5490646362305,-8.93850898742676,"Female"
"9004155",371989,2025-05-16 03:12:43,42.5488891601562,-8.93859958648682,"Female"
"9004155",371989,2025-05-16 03:17:46,42.5488815307617,-8.93873310089111,"Female"
"9004155",371989,2025-05-16 03:22:41,42.5491943359375,-8.93966007232666,"Female"
"9004155",371989,2025-05-16 03:27:41,42.5490646362305,-8.93789291381836,"Female"
"9004155",371989,2025-05-16 03:32:41,42.5490646362305,-8.93811416625977,"Female"
"9004155",371989,2025-05-16 03:37:41,42.5491409301758,-8.93884944915771,"Female"
"9004155",371989,2025-05-16 03:42:43,42.5484313964844,-8.93910503387451,"Female"
"9004155",371989,2025-05-16 03:47:42,42.548454284668,-8.93875122070312,"Female"
"9004155",371989,2025-05-16 03:52:42,42.5486335754395,-8.93867206573486,"Female"
"9004155",371989,2025-05-16 03:57:42,42.5486183166504,-8.9386510848999,"Female"
"9004155",371989,2025-05-16 04:02:40,42.5486259460449,-8.93864154815674,"Female"
"9004155",371989,2025-05-16 04:07:40,42.548583984375,-8.93867206573486,"Female"
"9004155",371989,2025-05-16 04:12:43,42.5485229492188,-8.93884944915771,"Female"
"9004155",371989,2025-05-16 04:17:40,42.5486450195312,-8.93865299224854,"Female"
"9004155",371989,2025-05-16 04:22:40,42.5486145019531,-8.93861103057861,"Female"
"9004155",371989,2025-05-16 04:27:40,42.5485496520996,-8.93859481811523,"Female"
"9004155",371989,2025-05-16 04:32:41,42.548583984375,-8.9386510848999,"Female"
"9004155",371989,2025-05-16 04:37:40,42.5485763549805,-8.93860149383545,"Female"
"9004155",371989,2025-05-16 04:42:40,42.5484275817871,-8.93930339813232,"Female"
"9004155",371989,2025-05-16 04:47:40,42.5489845275879,-8.93877696990967,"Female"
"9004155",371989,2025-05-16 04:52:40,42.5489730834961,-8.93882465362549,"Female"
"9004155",371989,2025-05-16 04:57:40,42.548942565918,-8.93885612487793,"Female"
"9004155",371989,2025-05-16 05:02:40,42.548957824707,-8.93880271911621,"Female"
"9004155",371989,2025-05-16 05:07:40,42.5489730834961,-8.93878746032715,"Female"
"9004155",371989,2025-05-16 05:17:40,42.5540809631348,-8.92961502075195,"Female"
"9004155",371989,2025-05-16 05:22:40,42.5566329956055,-8.91103267669678,"Female"
"9004155",371989,2025-05-16 05:27:40,42.5569267272949,-8.9095573425293,"Female"
"9004155",371989,2025-05-16 05:33:14,42.5568389892578,-8.90970325469971,"Female"
"9004155",371989,2025-05-16 05:37:40,42.5568389892578,-8.90965461730957,"Female"
"9004155",371989,2025-05-16 05:42:40,42.5575637817383,-8.90873718261719,"Female"
"9004155",371989,2025-05-16 05:47:40,42.5670280456543,-8.89759635925293,"Female"
"9004155",371989,2025-05-16 05:52:40,42.5771484375,-8.87989711761475,"Female"
"9004155",371989,2025-05-16 05:57:40,42.593505859375,-8.85165309906006,"Female"
"9004155",371989,2025-05-16 06:02:53,42.5994720458984,-8.84401321411133,"Female"
"9004155",371989,2025-05-16 06:08:18,42.6013069152832,-8.84302425384521,"Female"
"9004155",371989,2025-05-16 06:13:12,42.6013641357422,-8.84298610687256,"Female"
"9004155",371989,2025-05-16 06:18:12,42.6014099121094,-8.84177875518799,"Female"
"9004155",371989,2025-05-16 06:23:12,42.6014366149902,-8.84188842773438,"Female"
"9004155",371989,2025-05-16 06:28:12,42.6012763977051,-8.84215545654297,"Female"
"9004155",371989,2025-05-16 06:33:12,42.6015129089355,-8.84205627441406,"Female"
"9004155",371989,2025-05-16 06:38:12,42.6032218933105,-8.84221458435059,"Female"
"9004155",371989,2025-05-16 06:44:23,42.6052513122559,-8.83999061584473,"Female"
"9004155",371989,2025-05-16 06:52:47,42.6051406860352,-8.84006690979004,"Female"
"9004155",371989,2025-05-16 06:58:05,42.6061820983887,-8.8390998840332,"Female"
"9004155",371989,2025-05-16 07:02:45,42.6061096191406,-8.8390645980835,"Female"
"9004155",371989,2025-05-16 07:07:45,42.6060218811035,-8.83916282653809,"Female"
"9004155",371989,2025-05-16 07:12:46,42.6060371398926,-8.83911323547363,"Female"
"9004155",371989,2025-05-16 07:17:46,42.6061019897461,-8.83892345428467,"Female"
"9004155",371989,2025-05-16 07:22:46,42.6060485839844,-8.83890438079834,"Female"
"9004155",371989,2025-05-16 07:27:46,42.6061019897461,-8.83889198303223,"Female"
"9004155",371989,2025-05-16 07:32:46,42.6060981750488,-8.83890724182129,"Female"
"9004155",371989,2025-05-16 07:37:46,42.6061172485352,-8.83893489837646,"Female"
"9004155",371989,2025-05-16 07:42:46,42.6060638427734,-8.83893489837646,"Female"
"9004155",371989,2025-05-16 07:47:46,42.6061019897461,-8.83893203735352,"Female"
"9004155",371989,2025-05-16 07:52:46,42.6054763793945,-8.83795738220215,"Female"
"9004155",371989,2025-05-16 07:58:01,42.6054267883301,-8.83797073364258,"Female"
"9004155",371989,2025-05-16 08:03:26,42.6054840087891,-8.83807563781738,"Female"
"9004155",371989,2025-05-16 08:08:28,42.6054229736328,-8.83777713775635,"Female"
"9004155",371989,2025-05-16 08:13:37,42.6055335998535,-8.83796119689941,"Female"
"9004155",371989,2025-05-16 08:18:36,42.604434967041,-8.83859062194824,"Female"
"9004155",371989,2025-05-16 08:23:36,42.6042442321777,-8.83836555480957,"Female"
"9004155",371989,2025-05-16 08:28:36,42.6043090820312,-8.83836650848389,"Female"
"9004155",371989,2025-05-16 08:33:36,42.6043739318848,-8.83833885192871,"Female"
"9004155",371989,2025-05-16 08:38:36,42.6043891906738,-8.83843517303467,"Female"
"9004155",371989,2025-05-16 08:43:36,42.604320526123,-8.83834266662598,"Female"
"9004155",371989,2025-05-16 08:48:37,42.6045761108398,-8.83850479125977,"Female"
"9004155",371989,2025-05-16 08:53:36,42.6043853759766,-8.83841705322266,"Female"
"9004155",371989,2025-05-16 08:58:36,42.6047592163086,-8.83860969543457,"Female"
"9004155",371989,2025-05-16 09:03:36,42.6047554016113,-8.83857250213623,"Female"
"9004155",371989,2025-05-16 09:08:36,42.6047706604004,-8.83858299255371,"Female"
"9004155",371989,2025-05-16 09:13:36,42.604736328125,-8.83857154846191,"Female"
"9004155",371989,2025-05-16 09:18:36,42.5977020263672,-8.8431224822998,"Female"
"9004155",371989,2025-05-16 09:23:36,42.5693435668945,-8.89352989196777,"Female"
"9004155",371989,2025-05-16 09:28:37,42.5296249389648,-8.91263961791992,"Female"
"9004155",371989,2025-05-16 09:33:36,42.5290718078613,-8.91378307342529,"Female"
"9004155",371989,2025-05-16 09:38:36,42.5238647460938,-8.91490173339844,"Female"
"9004155",371989,2025-05-16 09:43:36,42.4814453125,-8.93742084503174,"Female"
"9004155",371989,2025-05-16 09:48:36,42.455249786377,-8.93966102600098,"Female"
"9004155",371989,2025-05-16 09:53:36,42.4552688598633,-8.94039916992188,"Female"
"9004155",371989,2025-05-16 09:58:36,42.4553337097168,-8.94040966033936,"Female"
"9004155",371989,2025-05-16 10:03:36,42.4552841186523,-8.9403657913208,"Female"
"9004155",371989,2025-05-16 10:08:36,42.4551124572754,-8.94017887115479,"Female"
"9004155",371989,2025-05-16 10:13:37,42.455436706543,-8.94026947021484,"Female"
"9004155",371989,2025-05-16 10:19:05,42.4554824829102,-8.94015979766846,"Female"
"9004155",371989,2025-05-16 10:23:36,42.4241371154785,-8.93336009979248,"Female"
"9004155",371989,2025-05-16 10:28:35,42.3980445861816,-8.9199800491333,"Female"
"9004155",371989,2025-05-16 10:33:36,42.3978958129883,-8.92016410827637,"Female"
"9004155",371989,2025-05-16 10:38:35,42.3978424072266,-8.92008686065674,"Female"
"9004155",371989,2025-05-16 10:43:36,42.3978385925293,-8.92009544372559,"Female"
"9004155",371989,2025-05-16 10:48:36,42.3978576660156,-8.92022132873535,"Female"
"9004155",371989,2025-05-16 10:53:36,42.397777557373,-8.92027282714844,"Female"
"9004155",371989,2025-05-16 10:58:36,42.3977355957031,-8.92022514343262,"Female"
"9004155",371989,2025-05-16 11:03:37,42.3978309631348,-8.92021942138672,"Female"
"9004155",371989,2025-05-16 11:08:36,42.3977661132812,-8.92018699645996,"Female"
"9004155",371989,2025-05-16 11:13:36,42.3977432250977,-8.92023849487305,"Female"
"9004155",371989,2025-05-16 11:18:36,42.3977317810059,-8.92019271850586,"Female"
"9004155",371989,2025-05-16 11:23:36,42.3977394104004,-8.92020511627197,"Female"
"9004155",371989,2025-05-16 11:28:36,42.3970031738281,-8.92020416259766,"Female"
"9004155",371989,2025-05-16 11:33:36,42.3981857299805,-8.91984176635742,"Female"
"9004155",371989,2025-05-16 11:38:36,42.3985328674316,-8.91912460327148,"Female"
"9004155",371989,2025-05-16 11:43:36,42.4010620117188,-8.92042636871338,"Female"
"9004155",371989,2025-05-16 11:48:36,42.4012603759766,-8.92059516906738,"Female"
"9004155",371989,2025-05-16 11:53:39,42.401237487793,-8.92056846618652,"Female"
"9004155",371989,2025-05-16 11:58:36,42.4011116027832,-8.92039775848389,"Female"
"9004155",371989,2025-05-16 12:03:36,42.4013557434082,-8.9206714630127,"Female"
"9004155",371989,2025-05-16 12:08:37,42.3979606628418,-8.91960144042969,"Female"
"9004155",371989,2025-05-16 12:13:36,42.3980941772461,-8.91993141174316,"Female"
"9004155",371989,2025-05-16 12:18:37,42.3977584838867,-8.91927623748779,"Female"
"9004155",371989,2025-05-16 12:23:36,42.3979377746582,-8.92050933837891,"Female"
"9004155",371989,2025-05-16 12:28:36,42.3979187011719,-8.92032814025879,"Female"
"9004155",371989,2025-05-16 12:33:36,42.3978424072266,-8.92018032073975,"Female"
"9004155",371989,2025-05-16 12:38:36,42.3978729248047,-8.92026233673096,"Female"
"9004155",371989,2025-05-16 12:43:37,42.3978042602539,-8.9205322265625,"Female"
"9004155",371989,2025-05-16 12:48:36,42.3978614807129,-8.92033195495605,"Female"
"9004155",371989,2025-05-16 12:53:37,42.3977546691895,-8.92081546783447,"Female"
"9004155",371989,2025-05-16 12:58:42,42.3979072570801,-8.92034721374512,"Female"
"9004155",371989,2025-05-16 13:03:38,42.397891998291,-8.92044067382812,"Female"
"9004155",371989,2025-05-16 13:08:48,42.3979187011719,-8.91965389251709,"Female"
"9004155",371989,2025-05-16 13:13:36,42.3979835510254,-8.91900539398193,"Female"
"9004155",371989,2025-05-16 13:18:48,42.3984642028809,-8.91999912261963,"Female"
"9004155",371989,2025-05-16 13:23:37,42.398738861084,-8.92058563232422,"Female"
"9004155",371989,2025-05-16 13:28:48,42.3984565734863,-8.92030715942383,"Female"
"9004155",371989,2025-05-16 13:33:42,42.3985404968262,-8.91993427276611,"Female"
"9004155",371989,2025-05-16 13:38:46,42.3984680175781,-8.92028045654297,"Female"
"9004155",371989,2025-05-16 13:43:38,42.3988227844238,-8.92272090911865,"Female"
"9004155",371989,2025-05-16 13:48:48,42.3984413146973,-8.92028141021729,"Female"
"9004155",371989,2025-05-16 13:54:05,42.3984260559082,-8.9206657409668,"Female"
"9004155",371989,2025-05-16 13:58:37,42.3984832763672,-8.92067050933838,"Female"
"9004155",371989,2025-05-16 14:03:39,42.3986396789551,-8.92117595672607,"Female"
"9004155",371989,2025-05-16 14:08:37,42.3985977172852,-8.9212121963501,"Female"
"9004155",371989,2025-05-16 14:13:38,42.3985595703125,-8.92118263244629,"Female"
"9004155",371989,2025-05-16 14:18:38,42.3984680175781,-8.92085361480713,"Female"
"9004155",371989,2025-05-16 14:23:41,42.3984565734863,-8.92081832885742,"Female"
"9004155",371989,2025-05-16 14:28:40,42.3984565734863,-8.92075538635254,"Female"
"9004155",371989,2025-05-16 14:33:39,42.3984298706055,-8.92070198059082,"Female"
"9004155",371989,2025-05-16 14:38:36,42.3984489440918,-8.92066860198975,"Female"
"9004155",371989,2025-05-16 14:43:36,42.3984031677246,-8.92071723937988,"Female"
"9004155",371989,2025-05-16 14:48:36,42.3984184265137,-8.9208812713623,"Female"
"9004155",371989,2025-05-16 14:53:37,42.3984260559082,-8.92088508605957,"Female"
"9004155",371989,2025-05-16 14:58:37,42.3984260559082,-8.92076301574707,"Female"
"9004155",371989,2025-05-16 15:03:36,42.3984336853027,-8.92087650299072,"Female"
"9004155",371989,2025-05-16 15:08:38,42.3983917236328,-8.92081546783447,"Female"
"9004155",371989,2025-05-16 15:13:36,42.3986625671387,-8.92122459411621,"Female"
"9004155",371989,2025-05-16 15:18:38,42.3986015319824,-8.92089653015137,"Female"
"9004155",371989,2025-05-16 15:23:37,42.3986320495605,-8.92098808288574,"Female"
"9004155",371989,2025-05-16 15:28:37,42.398624420166,-8.92094326019287,"Female"
"9004155",371989,2025-05-16 15:33:36,42.3985710144043,-8.92097949981689,"Female"
"9004155",371989,2025-05-16 15:38:36,42.3985557556152,-8.92101097106934,"Female"
"9004155",371989,2025-05-16 15:43:36,42.3986396789551,-8.92093944549561,"Female"
"9004155",371989,2025-05-16 15:48:36,42.3986015319824,-8.9209680557251,"Female"
"9004155",371989,2025-05-16 15:53:36,42.3985443115234,-8.92124557495117,"Female"
"9004155",371989,2025-05-16 15:58:36,42.3986053466797,-8.92113494873047,"Female"
"9004155",371989,2025-05-16 16:03:36,42.3986549377441,-8.92117500305176,"Female"
"9004155",371989,2025-05-16 16:08:36,42.3986053466797,-8.92112064361572,"Female"
"9004155",371989,2025-05-16 16:13:36,42.3985939025879,-8.92122364044189,"Female"
"9004155",371989,2025-05-16 16:18:43,42.3985595703125,-8.92135620117188,"Female"
"9004155",371989,2025-05-16 16:23:40,42.3985900878906,-8.92118549346924,"Female"
"9004155",371989,2025-05-16 16:28:45,42.3986473083496,-8.92102432250977,"Female"
"9004155",371989,2025-05-16 16:33:39,42.3986892700195,-8.92157459259033,"Female"
"9004155",371989,2025-05-16 16:38:46,42.3987350463867,-8.92108631134033,"Female"
"9004155",371989,2025-05-16 16:43:39,42.3986473083496,-8.92169189453125,"Female"
"9004155",371989,2025-05-16 16:48:46,42.3987731933594,-8.92123889923096,"Female"
"9004155",371989,2025-05-16 16:53:37,42.3988494873047,-8.92177581787109,"Female"
"9004155",371989,2025-05-16 16:58:52,42.398681640625,-8.92038440704346,"Female"
"9004155",371989,2025-05-16 17:03:42,42.3987884521484,-8.92141819000244,"Female"
"9004155",371989,2025-05-16 17:08:53,42.3985862731934,-8.92072200775146,"Female"
"9004155",371989,2025-05-16 17:13:38,42.398609161377,-8.92173004150391,"Female"
"9004155",371989,2025-05-16 17:18:39,42.3990898132324,-8.92269802093506,"Female"
"9004155",371989,2025-05-16 17:23:40,42.3983688354492,-8.92111396789551,"Female"
"9004155",371989,2025-05-16 17:28:38,42.3986206054688,-8.92076778411865,"Female"
"9004155",371989,2025-05-16 17:33:37,42.3985595703125,-8.9208288192749,"Female"
"9004155",371989,2025-05-16 17:38:37,42.3987731933594,-8.92032146453857,"Female"
"9004155",371989,2025-05-16 17:43:43,42.3986892700195,-8.92071437835693,"Female"
"9004155",371989,2025-05-16 17:48:38,42.3986701965332,-8.9200267791748,"Female"
"9004155",371989,2025-05-16 17:53:39,42.398567199707,-8.92128372192383,"Female"
"9004155",371989,2025-05-16 17:58:47,42.3984527587891,-8.92090129852295,"Female"
"9004155",371989,2025-05-16 18:03:46,42.3982772827148,-8.92084980010986,"Female"
"9004155",371989,2025-05-16 18:08:37,42.3980827331543,-8.92174911499023,"Female"
"9004155",371989,2025-05-16 18:13:37,42.3980102539062,-8.92181968688965,"Female"
"9004155",371989,2025-05-16 18:18:45,42.3985557556152,-8.92065906524658,"Female"
"9004155",371989,2025-05-16 18:23:40,42.3984146118164,-8.92117118835449,"Female"
"9004155",371989,2025-05-16 18:28:39,42.3982772827148,-8.92116832733154,"Female"
"9004155",371989,2025-05-16 18:33:38,42.3981704711914,-8.92140579223633,"Female"
"9004155",371989,2025-05-16 18:38:40,42.398323059082,-8.92136096954346,"Female"
"9004155",371989,2025-05-16 18:43:42,42.3983421325684,-8.92116260528564,"Female"
"9004155",371989,2025-05-16 18:48:37,42.3984298706055,-8.9209680557251,"Female"
"9004155",371989,2025-05-16 18:53:43,42.3987045288086,-8.92078018188477,"Female"
"9004155",371989,2025-05-16 18:58:36,42.3983764648438,-8.92112827301025,"Female"
"9004155",371989,2025-05-16 19:03:36,42.3983955383301,-8.92103672027588,"Female"
"9004155",371989,2025-05-16 19:08:37,42.3984184265137,-8.92101669311523,"Female"
"9004155",371989,2025-05-16 19:13:37,42.3983612060547,-8.92102527618408,"Female"
"9004155",371989,2025-05-16 19:18:36,42.398265838623,-8.92102909088135,"Female"
"9004155",371989,2025-05-16 19:23:36,42.3983955383301,-8.92107772827148,"Female"
"9004155",371989,2025-05-16 19:28:41,42.398365020752,-8.92110538482666,"Female"
"9004155",371989,2025-05-16 19:33:39,42.3983268737793,-8.92098045349121,"Female"
"9004155",371989,2025-05-16 19:38:39,42.3983497619629,-8.9208927154541,"Female"
"9004155",371989,2025-05-16 19:43:37,42.3985443115234,-8.92106151580811,"Female"
"9004155",371989,2025-05-16 19:48:41,42.3987770080566,-8.92088508605957,"Female"
"9004155",371989,2025-05-16 19:53:42,42.3988151550293,-8.92095756530762,"Female"
"9004155",371989,2025-05-16 19:58:37,42.3986167907715,-8.92099571228027,"Female"
"9004155",371989,2025-05-16 20:03:39,42.3985900878906,-8.92099380493164,"Female"
"9004155",371989,2025-05-16 20:08:49,42.3987274169922,-8.92103958129883,"Female"
"9004155",371989,2025-05-16 20:13:39,42.3984184265137,-8.92084503173828,"Female"
"9004155",371989,2025-05-16 20:18:39,42.3984565734863,-8.92090034484863,"Female"
"9004155",371989,2025-05-16 20:23:37,42.398551940918,-8.92118740081787,"Female"
"9004155",371989,2025-05-16 20:28:39,42.3981513977051,-8.92062091827393,"Female"
"9004155",371989,2025-05-16 20:33:39,42.3980751037598,-8.92057323455811,"Female"
"9004155",371989,2025-05-16 20:38:39,42.3981132507324,-8.92053318023682,"Female"
"9004155",371989,2025-05-16 20:43:39,42.3981246948242,-8.92048358917236,"Female"
"9004155",371989,2025-05-16 20:48:48,42.3983917236328,-8.92094230651855,"Female"
"9004155",371989,2025-05-16 20:53:52,42.3983879089355,-8.92084980010986,"Female"
"9004155",371989,2025-05-16 20:58:59,42.3984031677246,-8.92086124420166,"Female"
"9004155",371989,2025-05-16 21:04:05,42.3984527587891,-8.92091083526611,"Female"
"9004155",371989,2025-05-16 21:08:37,42.3987236022949,-8.92156505584717,"Female"
"9004155",371989,2025-05-16 21:13:36,42.3988647460938,-8.92162895202637,"Female"
"9004155",371989,2025-05-16 21:18:39,42.3986434936523,-8.92135238647461,"Female"
"9004155",371989,2025-05-16 21:23:37,42.3985443115234,-8.92116928100586,"Female"
"9004155",371989,2025-05-16 21:28:40,42.3983497619629,-8.92092418670654,"Female"
"9004155",371989,2025-05-16 21:33:40,42.3986167907715,-8.92135810852051,"Female"
"9004155",371989,2025-05-16 21:38:46,42.3987274169922,-8.92154693603516,"Female"
"9004155",371989,2025-05-16 21:43:39,42.3987236022949,-8.92147541046143,"Female"
"9004155",371989,2025-05-16 21:48:48,42.3987159729004,-8.9216194152832,"Female"
"9004155",371989,2025-05-16 21:53:39,42.3987655639648,-8.92168712615967,"Female"
"9004155",371989,2025-05-16 21:59:05,42.3984680175781,-8.92110538482666,"Female"
"9004155",371989,2025-05-16 22:03:36,42.3984603881836,-8.92105579376221,"Female"
"9004155",371989,2025-05-16 22:08:37,42.398509979248,-8.92097568511963,"Female"
"9004155",371989,2025-05-16 22:13:36,42.3984489440918,-8.921067237854,"Female"
"9004155",371989,2025-05-16 22:18:36,42.3984603881836,-8.92104816436768,"Female"
"9004155",371989,2025-05-16 22:23:37,42.3983955383301,-8.92108535766602,"Female"
"9004155",371989,2025-05-16 22:28:36,42.3985176086426,-8.92112922668457,"Female"
"9004155",371989,2025-05-16 22:33:36,42.3984870910645,-8.92116928100586,"Female"
"9004155",371989,2025-05-16 22:38:36,42.3985481262207,-8.92116165161133,"Female"
"9004155",371989,2025-05-16 22:43:36,42.3984909057617,-8.92118263244629,"Female"
"9004155",371989,2025-05-16 22:48:36,42.3985252380371,-8.92111587524414,"Female"
"9004155",371989,2025-05-16 22:53:36,42.3985214233398,-8.92121982574463,"Female"
"9004155",371989,2025-05-16 22:58:35,42.3985214233398,-8.92132568359375,"Female"
"9004155",371989,2025-05-16 23:03:36,42.398494720459,-8.92107486724854,"Female"
"9004155",371989,2025-05-16 23:08:36,42.3984260559082,-8.92121028900146,"Female"
"9004155",371989,2025-05-16 23:13:36,42.3984680175781,-8.92116355895996,"Female"
"9004155",371989,2025-05-16 23:18:36,42.3984069824219,-8.92115592956543,"Female"
"9004155",371989,2025-05-16 23:23:37,42.3985176086426,-8.92128562927246,"Female"
"9004155",371989,2025-05-16 23:28:40,42.3985977172852,-8.92148971557617,"Female"
"9004155",371989,2025-05-16 23:33:38,42.3984985351562,-8.92126941680908,"Female"
"9004155",371989,2025-05-16 23:38:38,42.3988151550293,-8.9217472076416,"Female"
"9004155",371989,2025-05-16 23:43:39,42.398551940918,-8.92101955413818,"Female"
"9004155",371989,2025-05-16 23:48:41,42.3985290527344,-8.92102527618408,"Female"
"9004155",371989,2025-05-16 23:53:42,42.3987503051758,-8.92161178588867,"Female"
"9004155",371989,2025-05-16 23:58:46,42.3987121582031,-8.92153263092041,"Female"
"9004155",371989,2025-05-17 00:03:36,42.3987846374512,-8.92160797119141,"Female"
"9004155",371989,2025-05-17 00:09:05,42.398365020752,-8.92092895507812,"Female"
"9004155",371989,2025-05-17 00:13:36,42.3986701965332,-8.92129325866699,"Female"
"9004155",371989,2025-05-17 00:18:37,42.3986625671387,-8.92126655578613,"Female"
"9004155",371989,2025-05-17 00:23:38,42.3983917236328,-8.92091846466064,"Female"
"9004155",371989,2025-05-17 00:28:38,42.3982772827148,-8.92076301574707,"Female"
"9004155",371989,2025-05-17 00:33:45,42.3984184265137,-8.92092609405518,"Female"
"9004155",371989,2025-05-17 00:38:40,42.3982200622559,-8.92073440551758,"Female"
"9004155",371989,2025-05-17 00:43:49,42.3983840942383,-8.92094612121582,"Female"
"9004155",371989,2025-05-17 00:48:36,42.3984413146973,-8.92091846466064,"Female"
"9004155",371989,2025-05-17 00:53:38,42.3983192443848,-8.92078685760498,"Female"
"9004155",371989,2025-05-17 00:58:38,42.3983306884766,-8.92077732086182,"Female"
"9004155",371989,2025-05-17 01:03:36,42.3984680175781,-8.92096424102783,"Female"
"9004155",371989,2025-05-17 01:08:38,42.3984870910645,-8.92094898223877,"Female"
"9004155",371989,2025-05-17 01:13:49,42.3983840942383,-8.92088413238525,"Female"
"9004155",371989,2025-05-17 01:19:05,42.3983840942383,-8.92099285125732,"Female"
"9004155",371989,2025-05-17 01:23:35,42.3983573913574,-8.92093276977539,"Female"
"9004155",371989,2025-05-17 01:28:35,42.3983306884766,-8.92098045349121,"Female"
"9004155",371989,2025-05-17 01:33:39,42.3983268737793,-8.92101001739502,"Female"
"9004155",371989,2025-05-17 01:38:39,42.3983116149902,-8.92090702056885,"Female"
"9004155",371989,2025-05-17 01:43:43,42.3984184265137,-8.92097091674805,"Female"
"9004155",371989,2025-05-17 01:48:41,42.398250579834,-8.92107677459717,"Female"
"9004155",371989,2025-05-17 01:53:39,42.398250579834,-8.92060279846191,"Female"
"9004155",371989,2025-05-17 01:58:40,42.398323059082,-8.92093181610107,"Female"
"9004155",371989,2025-05-17 02:03:40,42.3983345031738,-8.92099761962891,"Female"
"9004155",371989,2025-05-17 02:08:37,42.398323059082,-8.92099285125732,"Female"
"9004155",371989,2025-05-17 02:13:41,42.3984298706055,-8.92108345031738,"Female"
"9004155",371989,2025-05-17 02:19:14,42.3984451293945,-8.92109107971191,"Female"
"9004155",371989,2025-05-17 02:23:37,42.3983840942383,-8.92095947265625,"Female"
"9004155",371989,2025-05-17 02:28:45,42.3984184265137,-8.9210786819458,"Female"
"9004155",371989,2025-05-17 02:33:36,42.3984832763672,-8.92114925384521,"Female"
"9004155",371989,2025-05-17 02:38:48,42.3984298706055,-8.92100715637207,"Female"
"9004155",371989,2025-05-17 02:43:48,42.3984489440918,-8.92097759246826,"Female"
"9004155",371989,2025-05-17 02:48:40,42.3984909057617,-8.92117881774902,"Female"
"9004155",371989,2025-05-17 02:53:37,42.3984375,-8.92112159729004,"Female"
"9004155",371989,2025-05-17 02:58:40,42.398609161377,-8.92148208618164,"Female"
"9004155",371989,2025-05-17 03:03:40,42.3984451293945,-8.92109203338623,"Female"
"9004155",371989,2025-05-17 03:08:38,42.3984260559082,-8.92112731933594,"Female"
"9004155",371989,2025-05-17 03:13:38,42.3984146118164,-8.92105388641357,"Female"
"9004155",371989,2025-05-17 03:18:42,42.3986511230469,-8.92117595672607,"Female"
"9004155",371989,2025-05-17 03:23:43,42.3986206054688,-8.92102527618408,"Female"
"9004155",371989,2025-05-17 03:28:41,42.3989715576172,-8.92120742797852,"Female"
"9004155",371989,2025-05-17 03:34:14,42.3984451293945,-8.92086029052734,"Female"
"9004155",371989,2025-05-17 03:38:36,42.3984184265137,-8.92077827453613,"Female"
"9004155",371989,2025-05-17 03:43:37,42.3984832763672,-8.92079925537109,"Female"
"9004155",371989,2025-05-17 03:48:37,42.3984680175781,-8.9207592010498,"Female"
"9004155",371989,2025-05-17 03:53:36,42.3983955383301,-8.92082118988037,"Female"
"9004155",371989,2025-05-17 03:58:37,42.3983917236328,-8.92069244384766,"Female"
"9004155",371989,2025-05-17 04:03:36,42.3984222412109,-8.92072486877441,"Female"
"9004155",371989,2025-05-17 04:08:36,42.3984298706055,-8.92077445983887,"Female"
"9004155",371989,2025-05-17 04:13:38,42.3985214233398,-8.92066192626953,"Female"
"9004155",371989,2025-05-17 04:18:40,42.3986930847168,-8.92091655731201,"Female"
"9004155",371989,2025-05-17 04:23:39,42.3987770080566,-8.92109394073486,"Female"
"9004155",371989,2025-05-17 04:28:51,42.3983497619629,-8.92078876495361,"Female"
"9004155",371989,2025-05-17 04:33:42,42.3982887268066,-8.91990566253662,"Female"
"9004155",371989,2025-05-17 04:38:45,42.398509979248,-8.92152786254883,"Female"
"9004155",371989,2025-05-17 04:43:46,42.3983688354492,-8.92115306854248,"Female"
"9004155",371989,2025-05-17 04:48:53,42.3983345031738,-8.92129230499268,"Female"
"9004155",371989,2025-05-17 04:53:39,42.3983688354492,-8.92088890075684,"Female"
"9004155",371989,2025-05-17 04:58:36,42.4003372192383,-8.91899490356445,"Female"
"9004155",371989,2025-05-17 05:03:36,42.4085159301758,-8.92114067077637,"Female"
"9004155",371989,2025-05-17 05:08:36,42.4408378601074,-8.93049049377441,"Female"
"9004155",371989,2025-05-17 05:13:36,42.4742050170898,-8.94328308105469,"Female"
"9004155",371989,2025-05-17 05:18:36,42.4886283874512,-8.9319543838501,"Female"
"9004155",371989,2025-05-17 05:23:36,42.4886856079102,-8.93189525604248,"Female"
"9004155",371989,2025-05-17 05:28:36,42.4885787963867,-8.93205642700195,"Female"
"9004155",371989,2025-05-17 05:33:49,42.4986381530762,-8.91756248474121,"Female"
"9004155",371989,2025-05-17 05:38:51,42.5004806518555,-8.91431999206543,"Female"
"9004155",371989,2025-05-17 05:43:49,42.5024261474609,-8.91115760803223,"Female"
"9004155",371989,2025-05-17 05:49:00,42.5036430358887,-8.91067123413086,"Female"
"9004155",371989,2025-05-17 05:54:54,42.5046768188477,-8.91032791137695,"Female"
"9004155",371989,2025-05-17 05:59:49,42.5051422119141,-8.90962314605713,"Female"
"9004155",371989,2025-05-17 06:04:49,42.5051727294922,-8.90971565246582,"Female"
"9004155",371989,2025-05-17 06:09:49,42.5191497802734,-8.90384769439697,"Female"
"9004155",371989,2025-05-17 06:14:49,42.5451583862305,-8.89571571350098,"Female"
"9004155",371989,2025-05-17 06:19:49,42.5515937805176,-8.89401721954346,"Female"
"9004155",371989,2025-05-17 06:24:49,42.5761260986328,-8.88277244567871,"Female"
"9004155",371989,2025-05-17 06:30:18,42.5978660583496,-8.86005306243896,"Female"
"9004155",371989,2025-05-17 06:36:05,42.6021385192871,-8.84975528717041,"Female"
"9004155",371989,2025-05-17 06:41:05,42.6029586791992,-8.84783458709717,"Female"
"9004155",371989,2025-05-17 06:46:44,42.6030731201172,-8.84771633148193,"Female"
"9004155",371989,2025-05-17 06:51:47,42.6029739379883,-8.84811687469482,"Female"
"9004155",371989,2025-05-17 06:56:46,42.6030006408691,-8.84788703918457,"Female"
"9004155",371989,2025-05-17 07:01:46,42.6033782958984,-8.84613513946533,"Female"
"9004155",371989,2025-05-17 07:06:46,42.6033630371094,-8.84622573852539,"Female"
"9004155",371989,2025-05-17 07:11:46,42.6032371520996,-8.84639358520508,"Female"
"9004155",371989,2025-05-17 07:16:46,42.6034889221191,-8.84592914581299,"Female"
"9004155",371989,2025-05-17 07:21:46,42.6034278869629,-8.84595966339111,"Female"
"9004155",371989,2025-05-17 07:26:46,42.6034088134766,-8.8459415435791,"Female"
"9004155",371989,2025-05-17 07:31:46,42.6033020019531,-8.84609603881836,"Female"
"9004155",371989,2025-05-17 07:36:46,42.6033668518066,-8.84608936309814,"Female"
"9004155",371989,2025-05-17 07:41:46,42.6032867431641,-8.84608840942383,"Female"
"9004155",371989,2025-05-17 07:46:46,42.6033058166504,-8.84610652923584,"Female"
"9004155",371989,2025-05-17 07:51:46,42.6032829284668,-8.84609127044678,"Female"
"9004155",371989,2025-05-17 07:56:49,42.6035957336426,-8.84583187103271,"Female"
"9004155",371989,2025-05-17 08:01:46,42.6044616699219,-8.84535694122314,"Female"
"9004155",371989,2025-05-17 08:06:46,42.6045150756836,-8.84394645690918,"Female"
"9004155",371989,2025-05-17 08:11:47,42.6044960021973,-8.84413909912109,"Female"
"9004155",371989,2025-05-17 08:16:46,42.6046600341797,-8.84272384643555,"Female"
"9004155",371989,2025-05-17 08:21:47,42.6056594848633,-8.84220600128174,"Female"
"9004155",371989,2025-05-17 08:27:17,42.6058464050293,-8.84164047241211,"Female"
"9004155",371989,2025-05-17 08:32:12,42.6061668395996,-8.84019088745117,"Female"
"9004155",371989,2025-05-17 08:37:12,42.606143951416,-8.84013938903809,"Female"
"9004155",371989,2025-05-17 08:42:12,42.6062965393066,-8.84017086029053,"Female"
"9004155",371989,2025-05-17 08:47:12,42.606330871582,-8.84024810791016,"Female"
"9004155",371989,2025-05-17 08:52:12,42.6064605712891,-8.84056568145752,"Female"
"9004155",371989,2025-05-17 08:57:12,42.6066970825195,-8.84070682525635,"Female"
"9004155",371989,2025-05-17 09:02:12,42.6066703796387,-8.84063720703125,"Female"
"9004155",371989,2025-05-17 09:07:12,42.6066780090332,-8.84071826934814,"Female"
"9004155",371989,2025-05-17 09:12:12,42.6065940856934,-8.84070205688477,"Female"
"9004155",371989,2025-05-17 09:17:12,42.6065216064453,-8.84067630767822,"Female"
"9004155",371989,2025-05-17 09:22:12,42.6065673828125,-8.84064102172852,"Female"
"9004155",371989,2025-05-17 09:27:12,42.6065063476562,-8.84065628051758,"Female"
"9004155",371989,2025-05-17 09:32:12,42.6064796447754,-8.84067249298096,"Female"
"9004155",371989,2025-05-17 09:37:12,42.6063957214355,-8.84065055847168,"Female"
"9004155",371989,2025-05-17 09:42:12,42.6062622070312,-8.84056758880615,"Female"
"9004155",371989,2025-05-17 09:47:12,42.6062278747559,-8.840651512146,"Female"
"9004155",371989,2025-05-17 09:52:12,42.6062850952148,-8.8406286239624,"Female"
"9004155",371989,2025-05-17 09:57:13,42.6061973571777,-8.84063625335693,"Female"
"9004155",371989,2025-05-17 10:02:12,42.6060829162598,-8.8407735824585,"Female"
"9004155",371989,2025-05-17 10:07:12,42.6059188842773,-8.84088325500488,"Female"
"9004155",371989,2025-05-17 10:12:13,42.6063079833984,-8.84027576446533,"Female"
"9004155",371989,2025-05-17 10:17:12,42.6061897277832,-8.84037208557129,"Female"
"9004155",371989,2025-05-17 10:22:12,42.6060752868652,-8.83913230895996,"Female"
"9004155",371989,2025-05-17 10:27:12,42.6059875488281,-8.8391284942627,"Female"
"9004155",371989,2025-05-17 10:32:12,42.6060333251953,-8.83905124664307,"Female"
"9004155",371989,2025-05-17 10:37:12,42.6060333251953,-8.8390474319458,"Female"
"9004155",371989,2025-05-17 10:42:12,42.6060409545898,-8.83903694152832,"Female"
"9004155",371989,2025-05-17 10:47:13,42.6061477661133,-8.83889102935791,"Female"
"9004155",371989,2025-05-17 10:52:12,42.6060791015625,-8.83889770507812,"Female"
"9004155",371989,2025-05-17 10:58:11,42.6070251464844,-8.83831024169922,"Female"
"9004155",371989,2025-05-17 11:03:12,42.607837677002,-8.83756828308105,"Female"
"9004155",371989,2025-05-17 11:08:11,42.6078186035156,-8.8377571105957,"Female"
"9004155",371989,2025-05-17 11:13:10,42.6078033447266,-8.83780193328857,"Female"
"9004155",371989,2025-05-17 11:18:10,42.607780456543,-8.83772563934326,"Female"
"9004155",371989,2025-05-17 11:23:10,42.6078338623047,-8.83774757385254,"Female"
"9004155",371989,2025-05-17 11:28:10,42.6078033447266,-8.83783435821533,"Female"
"9004155",371989,2025-05-17 11:33:10,42.6078681945801,-8.83775997161865,"Female"
"9004155",371989,2025-05-17 11:38:10,42.6078262329102,-8.83782958984375,"Female"
"9004155",371989,2025-05-17 11:43:10,42.607852935791,-8.83790493011475,"Female"
"9004155",371989,2025-05-17 11:48:10,42.6078720092773,-8.83790874481201,"Female"
"9004155",371989,2025-05-17 11:53:10,42.6080513000488,-8.83760166168213,"Female"
"9004155",371989,2025-05-17 11:58:16,42.6092376708984,-8.83746910095215,"Female"
"9004155",371989,2025-05-17 12:03:11,42.6095542907715,-8.83637523651123,"Female"
"9004155",371989,2025-05-17 12:08:31,42.6128845214844,-8.82353973388672,"Female"
"9004155",371989,2025-05-17 12:15:00,42.6128997802734,-8.82311916351318,"Female"
"9004155",371989,2025-05-17 12:20:54,42.6128311157227,-8.8230619430542,"Female"
"9004155",371989,2025-05-17 12:25:52,42.6126976013184,-8.82327747344971,"Female"
"9004155",371989,2025-05-17 12:31:00,42.6126518249512,-8.82337665557861,"Female"
"9004155",371989,2025-05-17 12:35:55,42.6126098632812,-8.82338237762451,"Female"
"9004155",371989,2025-05-17 12:41:00,42.6126251220703,-8.82337760925293,"Female"
"9004155",371989,2025-05-17 12:46:00,42.6124572753906,-8.82336521148682,"Female"
"9004155",371989,2025-05-17 12:50:55,42.6126136779785,-8.82333087921143,"Female"
"9004155",371989,2025-05-17 12:56:00,42.6126289367676,-8.8233585357666,"Female"
"9004155",371989,2025-05-17 13:01:00,42.6126289367676,-8.82332324981689,"Female"
"9004155",371989,2025-05-17 13:05:57,42.6125793457031,-8.82341194152832,"Female"
"9004155",371989,2025-05-17 13:10:59,42.6125755310059,-8.82348823547363,"Female"
"9004155",371989,2025-05-17 13:15:58,42.6125068664551,-8.82341194152832,"Female"
"9004155",371989,2025-05-17 13:20:54,42.6124992370605,-8.8238525390625,"Female"
"9004155",371989,2025-05-17 13:25:54,42.6125946044922,-8.82518768310547,"Female"
"9004155",371989,2025-05-17 13:30:57,42.6122970581055,-8.82331657409668,"Female"
"9004155",371989,2025-05-17 13:35:53,42.6126136779785,-8.82492351531982,"Female"
"9004155",371989,2025-05-17 13:40:52,42.6126480102539,-8.82479953765869,"Female"
"9004155",371989,2025-05-17 13:45:52,42.6126365661621,-8.82491874694824,"Female"
"9004155",371989,2025-05-17 13:50:54,42.6126556396484,-8.82460594177246,"Female"
"9004155",371989,2025-05-17 13:55:52,42.6127090454102,-8.82439517974854,"Female"
"9004155",371989,2025-05-17 14:01:23,42.6124496459961,-8.82268047332764,"Female"
"9004155",371989,2025-05-17 14:05:51,42.6128349304199,-8.82154083251953,"Female"
"9004155",371989,2025-05-17 14:10:53,42.6133499145508,-8.8209753036499,"Female"
"9004155",371989,2025-05-17 14:15:52,42.6140632629395,-8.8210973739624,"Female"
"9004155",371989,2025-05-17 14:20:53,42.6139717102051,-8.82097434997559,"Female"
"9004155",371989,2025-05-17 14:25:52,42.6139030456543,-8.82079601287842,"Female"
"9004155",371989,2025-05-17 14:30:52,42.6139068603516,-8.82077312469482,"Female"
"9004155",371989,2025-05-17 14:35:52,42.6141090393066,-8.8207836151123,"Female"
"9004155",371989,2025-05-17 14:40:53,42.6139526367188,-8.82077026367188,"Female"
"9004155",371989,2025-05-17 14:45:52,42.6140098571777,-8.82085037231445,"Female"
"9004155",371989,2025-05-17 14:50:52,42.6139984130859,-8.82079982757568,"Female"
"9004155",371989,2025-05-17 14:55:52,42.6139945983887,-8.82081985473633,"Female"
"9004155",371989,2025-05-17 15:00:53,42.6138076782227,-8.82062721252441,"Female"
"9004155",371989,2025-05-17 15:05:52,42.6141090393066,-8.82073307037354,"Female"
"9004155",371989,2025-05-17 15:10:52,42.6141510009766,-8.82072067260742,"Female"
"9004155",371989,2025-05-17 15:15:52,42.6141090393066,-8.82071876525879,"Female"
"9004155",371989,2025-05-17 15:20:52,42.6140594482422,-8.82071113586426,"Female"
"9004155",371989,2025-05-17 15:26:37,42.6141815185547,-8.82079696655273,"Female"
"9004155",371989,2025-05-17 15:31:36,42.6143608093262,-8.82083225250244,"Female"
"9004155",371989,2025-05-17 15:36:36,42.6144714355469,-8.82079219818115,"Female"
"9004155",371989,2025-05-17 15:42:09,42.6129379272461,-8.82156753540039,"Female"
"9004155",371989,2025-05-17 15:47:08,42.6134147644043,-8.82113361358643,"Female"
"9004155",371989,2025-05-17 15:52:00,42.6133270263672,-8.82114124298096,"Female"
"9004155",371989,2025-05-17 15:57:14,42.6133460998535,-8.82113361358643,"Female"
"9004155",371989,2025-05-17 16:02:00,42.6133346557617,-8.82118320465088,"Female"
"9004155",371989,2025-05-17 16:07:00,42.61328125,-8.82112216949463,"Female"
"9004155",371989,2025-05-17 16:12:00,42.6131896972656,-8.82115840911865,"Female"
"9004155",371989,2025-05-17 16:17:00,42.6132545471191,-8.82110786437988,"Female"
"9004155",371989,2025-05-17 16:22:01,42.613166809082,-8.82126045227051,"Female"
"9004155",371989,2025-05-17 16:27:00,42.6123313903809,-8.82190132141113,"Female"
"9004155",371989,2025-05-17 16:32:00,42.6123733520508,-8.82191562652588,"Female"
"9004155",371989,2025-05-17 16:37:00,42.6125907897949,-8.82189273834229,"Female"
"9004155",371989,2025-05-17 16:42:00,42.6122741699219,-8.82180118560791,"Female"
"9004155",371989,2025-05-17 16:47:00,42.6122436523438,-8.82182788848877,"Female"
"9004155",371989,2025-05-17 16:52:00,42.612247467041,-8.82183742523193,"Female"
"9004155",371989,2025-05-17 16:57:00,42.6122360229492,-8.82180786132812,"Female"
"9004155",371989,2025-05-17 17:02:00,42.612174987793,-8.82174015045166,"Female"
"9004155",371989,2025-05-17 17:07:00,42.6122016906738,-8.8217716217041,"Female"
"9004155",371989,2025-05-17 17:12:00,42.6121826171875,-8.8217716217041,"Female"
"9004155",371989,2025-05-17 17:17:00,42.6121406555176,-8.82170677185059,"Female"
"9004155",371989,2025-05-17 17:22:00,42.6122894287109,-8.82184982299805,"Female"
"9004155",371989,2025-05-17 17:26:59,42.6122398376465,-8.82175827026367,"Female"
"9004155",371989,2025-05-17 17:31:59,42.6089096069336,-8.82625579833984,"Female"
"9004155",371989,2025-05-17 17:37:00,42.6089172363281,-8.82634830474854,"Female"
"9004155",371989,2025-05-17 17:42:01,42.6089210510254,-8.82630920410156,"Female"
"9004155",371989,2025-05-17 17:47:00,42.6089935302734,-8.82634258270264,"Female"
"9004155",371989,2025-05-17 17:51:59,42.6089897155762,-8.8262767791748,"Female"
"9004155",371989,2025-05-17 17:56:59,42.6090087890625,-8.82636165618896,"Female"
"9004155",371989,2025-05-17 18:01:59,42.6089820861816,-8.82628440856934,"Female"
"9004155",371989,2025-05-17 18:07:00,42.6091957092285,-8.82652282714844,"Female"
"9004155",371989,2025-05-17 18:12:01,42.6092872619629,-8.82661151885986,"Female"
"9004155",371989,2025-05-17 18:17:01,42.6092948913574,-8.82659149169922,"Female"
"9004155",371989,2025-05-17 18:22:01,42.6093444824219,-8.82663440704346,"Female"
"9004155",371989,2025-05-17 18:27:06,42.6096115112305,-8.82688140869141,"Female"
"9004155",371989,2025-05-17 18:32:04,42.5929679870605,-8.85986804962158,"Female"
"9004155",371989,2025-05-17 18:37:03,42.5915718078613,-8.86143398284912,"Female"
"9004155",371989,2025-05-17 18:42:35,42.5759811401367,-8.894850730896,"Female"
"9004155",371989,2025-05-17 18:47:00,42.555778503418,-8.92751693725586,"Female"
"9004155",371989,2025-05-17 18:52:06,42.5502471923828,-8.94041919708252,"Female"
"9004155",371989,2025-05-17 18:57:06,42.5502281188965,-8.94042110443115,"Female"
"9004155",371989,2025-05-17 19:02:04,42.5503387451172,-8.94043922424316,"Female"
"9004155",371989,2025-05-17 19:07:06,42.5503158569336,-8.94038867950439,"Female"
"9004155",371989,2025-05-17 19:12:10,42.5501289367676,-8.94050407409668,"Female"
"9004155",371989,2025-05-17 19:17:01,42.5501098632812,-8.94050598144531,"Female"
"9004155",371989,2025-05-17 19:22:02,42.5483169555664,-8.93893146514893,"Female"
"9004155",371989,2025-05-17 19:27:01,42.548397064209,-8.93856430053711,"Female"
"9004155",371989,2025-05-17 19:32:02,42.5484771728516,-8.93885612487793,"Female"
"9004155",371989,2025-05-17 19:37:01,42.5485229492188,-8.93910026550293,"Female"
"9004155",371989,2025-05-17 19:42:01,42.5484199523926,-8.93923187255859,"Female"
"9004155",371989,2025-05-17 19:47:14,42.5485534667969,-8.93870544433594,"Female"
"9004155",371989,2025-05-17 19:52:00,42.5485610961914,-8.93870258331299,"Female"
"9004155",371989,2025-05-17 19:57:00,42.5485763549805,-8.93874168395996,"Female"
"9004155",371989,2025-05-17 20:02:01,42.5486221313477,-8.93878364562988,"Female"
"9004155",371989,2025-05-17 20:07:00,42.5486335754395,-8.93867111206055,"Female"
"9004155",371989,2025-05-17 20:12:00,42.5486221313477,-8.93889427185059,"Female"
"9004155",371989,2025-05-17 20:17:03,42.5486602783203,-8.93886470794678,"Female"
"9004155",371989,2025-05-17 20:22:00,42.5484848022461,-8.93891429901123,"Female"
"9004155",371989,2025-05-17 20:27:00,42.5485649108887,-8.93886375427246,"Female"
"9004155",371989,2025-05-17 20:32:14,42.5485153198242,-8.93881607055664,"Female"
"9004155",371989,2025-05-17 20:37:00,42.5485382080078,-8.93911457061768,"Female"
"9004155",371989,2025-05-17 20:42:00,42.5485992431641,-8.93909168243408,"Female"
"9004155",371989,2025-05-17 20:47:00,42.5484161376953,-8.93901538848877,"Female"
"9004155",371989,2025-05-17 20:52:04,42.5487251281738,-8.9388952255249,"Female"
"9004155",371989,2025-05-17 20:57:00,42.5483932495117,-8.93888759613037,"Female"
"9004155",371989,2025-05-17 21:02:03,42.5487251281738,-8.93900012969971,"Female"
"9004155",371989,2025-05-17 21:07:04,42.5484809875488,-8.9387264251709,"Female"
"9004155",371989,2025-05-17 21:12:04,42.5486030578613,-8.93871688842773,"Female"
"9004155",371989,2025-05-17 21:17:12,42.5488624572754,-8.93845558166504,"Female"
"9004155",371989,2025-05-17 21:22:07,42.5484008789062,-8.93917846679688,"Female"
"9004155",371989,2025-05-17 21:27:14,42.548656463623,-8.9387788772583,"Female"
"9004155",371989,2025-05-17 21:32:03,42.5485153198242,-8.93888378143311,"Female"
"9004155",371989,2025-05-17 21:37:04,42.5485458374023,-8.93912029266357,"Female"
"9004155",371989,2025-05-17 21:42:35,42.5485420227051,-8.93885135650635,"Female"
"9004155",371989,2025-05-17 21:46:59,42.548511505127,-8.93881320953369,"Female"
"9004155",371989,2025-05-17 21:51:59,42.5485420227051,-8.93883800506592,"Female"
"9004155",371989,2025-05-17 21:56:59,42.5485458374023,-8.93885517120361,"Female"
"9004155",371989,2025-05-17 22:01:59,42.5485649108887,-8.93886661529541,"Female"
"9004155",371989,2025-05-17 22:06:59,42.5485076904297,-8.93891620635986,"Female"
"9004155",371989,2025-05-17 22:12:00,42.5485649108887,-8.93890476226807,"Female"
"9004155",371989,2025-05-17 22:16:59,42.5485572814941,-8.93879318237305,"Female"
"9004155",371989,2025-05-17 22:22:00,42.5485076904297,-8.93879795074463,"Female"
"9004155",371989,2025-05-17 22:26:59,42.5485420227051,-8.93899440765381,"Female"
"9004155",371989,2025-05-17 22:32:00,42.5485038757324,-8.93889236450195,"Female"
"9004155",371989,2025-05-17 22:37:00,42.5485420227051,-8.93885326385498,"Female"
"9004155",371989,2025-05-17 22:42:00,42.548511505127,-8.93889808654785,"Female"
"9004155",371989,2025-05-17 22:47:00,42.5484848022461,-8.93887233734131,"Female"
"9004155",371989,2025-05-17 22:51:59,42.5485038757324,-8.93887805938721,"Female"
"9004155",371989,2025-05-17 22:56:59,42.5485534667969,-8.93894672393799,"Female"
"9004155",371989,2025-05-17 23:02:00,42.5485420227051,-8.93892097473145,"Female"
"9004155",371989,2025-05-17 23:06:59,42.5485420227051,-8.93898963928223,"Female"
"9004155",371989,2025-05-17 23:12:00,42.5485191345215,-8.93889904022217,"Female"
"9004155",371989,2025-05-17 23:17:00,42.5485725402832,-8.93907356262207,"Female"
"9004155",371989,2025-05-17 23:22:00,42.5485687255859,-8.9389591217041,"Female"
"9004155",371989,2025-05-17 23:27:00,42.548583984375,-8.9389705657959,"Female"
"9004155",371989,2025-05-17 23:32:00,42.5485877990723,-8.93902492523193,"Female"
"9004155",371989,2025-05-17 23:37:00,42.5485000610352,-8.93886566162109,"Female"
"9004155",371989,2025-05-17 23:42:00,42.5484848022461,-8.93882656097412,"Female"
"9004155",371989,2025-05-17 23:47:00,42.548641204834,-8.93911933898926,"Female"
"9004155",371989,2025-05-17 23:52:00,42.5486297607422,-8.93899536132812,"Female"
"9004155",371989,2025-05-17 23:57:00,42.5485687255859,-8.93900871276855,"Female"
"9004155",371989,2025-05-18 00:02:00,42.5485687255859,-8.93899154663086,"Female"
"9004155",371989,2025-05-18 00:07:00,42.5485153198242,-8.93898868560791,"Female"
"9004155",371989,2025-05-18 00:12:00,42.5485153198242,-8.93893146514893,"Female"
"9004155",371989,2025-05-18 00:17:01,42.5485000610352,-8.93894958496094,"Female"
"9004155",371989,2025-05-18 00:22:00,42.5484848022461,-8.93895053863525,"Female"
"9004155",371989,2025-05-18 00:27:03,42.5485420227051,-8.93913745880127,"Female"
"9004155",371989,2025-05-18 00:32:31,42.5485305786133,-8.93881416320801,"Female"
"9004155",371989,2025-05-18 00:36:59,42.5485458374023,-8.93885612487793,"Female"
"9004155",371989,2025-05-18 00:41:59,42.5485572814941,-8.93881797790527,"Female"
"9004155",371989,2025-05-18 00:46:59,42.5484466552734,-8.93883609771729,"Female"
"9004155",371989,2025-05-18 00:51:59,42.5484619140625,-8.93881893157959,"Female"
"9004155",371989,2025-05-18 00:56:59,42.5485496520996,-8.93880844116211,"Female"
"9004155",371989,2025-05-18 01:01:59,42.5484809875488,-8.93881797790527,"Female"
"9004155",371989,2025-05-18 01:06:58,42.5484504699707,-8.93885135650635,"Female"
"9004155",371989,2025-05-18 01:11:58,42.5484580993652,-8.93884086608887,"Female"
"9004155",371989,2025-05-18 01:16:59,42.5484733581543,-8.93880558013916,"Female"
"9004155",371989,2025-05-18 01:21:59,42.5485076904297,-8.93889999389648,"Female"
"9004155",371989,2025-05-18 01:26:59,42.548469543457,-8.93881320953369,"Female"
"9004155",371989,2025-05-18 01:31:59,42.5484657287598,-8.93881320953369,"Female"
"9004155",371989,2025-05-18 01:36:59,42.5484924316406,-8.93883800506592,"Female"
"9004155",371989,2025-05-18 01:41:59,42.5484962463379,-8.93888092041016,"Female"
"9004155",371989,2025-05-18 01:46:59,42.5485076904297,-8.938796043396,"Female"
"9004155",371989,2025-05-18 01:51:59,42.548469543457,-8.93881416320801,"Female"
"9004155",371989,2025-05-18 01:56:59,42.548511505127,-8.93886184692383,"Female"
"9004155",371989,2025-05-18 02:02:03,42.548526763916,-8.9388256072998,"Female"
"9004155",371989,2025-05-18 02:07:02,42.5484657287598,-8.9387903213501,"Female"
"9004155",371989,2025-05-18 02:12:00,42.5484466552734,-8.93874359130859,"Female"
"9004155",371989,2025-05-18 02:17:00,42.5484275817871,-8.93875694274902,"Female"
"9004155",371989,2025-05-18 02:22:02,42.5483703613281,-8.93865203857422,"Female"
"9004155",371989,2025-05-18 02:27:00,42.548511505127,-8.93890571594238,"Female"
"9004155",371989,2025-05-18 02:32:01,42.548469543457,-8.93878841400146,"Female"
"9004155",371989,2025-05-18 02:37:04,42.5485496520996,-8.93890857696533,"Female"
"9004155",371989,2025-05-18 02:42:04,42.5485877990723,-8.93911361694336,"Female"
"9004155",371989,2025-05-18 02:47:02,42.5484085083008,-8.93870544433594,"Female"
"9004155",371989,2025-05-18 02:52:04,42.5485725402832,-8.9389181137085,"Female"
"9004155",371989,2025-05-18 02:57:09,42.5485572814941,-8.93896389007568,"Female"
"9004155",371989,2025-05-18 03:02:14,42.5485687255859,-8.93893527984619,"Female"
"9004155",371989,2025-05-18 03:07:00,42.5484733581543,-8.93888473510742,"Female"
"9004155",371989,2025-05-18 03:12:00,42.5485763549805,-8.93890857696533,"Female"
"9004155",371989,2025-05-18 03:17:01,42.5485343933105,-8.9387321472168,"Female"
"9004155",371989,2025-05-18 03:21:59,42.5486679077148,-8.93885040283203,"Female"
"9004155",371989,2025-05-18 03:27:00,42.5485496520996,-8.93886470794678,"Female"
"9004155",371989,2025-05-18 03:32:00,42.5486106872559,-8.93887805938721,"Female"
"9004155",371989,2025-05-18 03:37:00,42.5485420227051,-8.93892097473145,"Female"
"9004155",371989,2025-05-18 03:42:00,42.5485916137695,-8.93889999389648,"Female"
"9004155",371989,2025-05-18 03:47:14,42.548583984375,-8.93889331817627,"Female"
"9004155",371989,2025-05-18 03:52:00,42.5485496520996,-8.93885135650635,"Female"
"9004155",371989,2025-05-18 03:57:02,42.5485458374023,-8.93893432617188,"Female"
"9004155",371989,2025-05-18 04:02:02,42.5485954284668,-8.93879795074463,"Female"
"9004155",371989,2025-05-18 04:07:35,42.5485420227051,-8.93888187408447,"Female"
"9004155",371989,2025-05-18 04:12:00,42.5485038757324,-8.93881893157959,"Female"
"9004155",371989,2025-05-18 04:17:00,42.548511505127,-8.93888854980469,"Female"
"9004155",371989,2025-05-18 04:21:59,42.5485725402832,-8.93887519836426,"Female"
"9004155",371989,2025-05-18 04:27:00,42.5485038757324,-8.93884754180908,"Female"
"9004155",371989,2025-05-18 04:32:00,42.5485534667969,-8.93888759613037,"Female"
"9004155",371989,2025-05-18 04:37:00,42.5485458374023,-8.93887329101562,"Female"
"9004155",371989,2025-05-18 04:41:59,42.5486259460449,-8.93893051147461,"Female"
"9004155",371989,2025-05-18 04:47:00,42.5485610961914,-8.93884086608887,"Female"
"9004155",371989,2025-05-18 04:52:00,42.5485382080078,-8.93884754180908,"Female"
"9004155",371989,2025-05-18 04:57:00,42.5485076904297,-8.93884563446045,"Female"
"9004155",371989,2025-05-18 05:02:00,42.5486145019531,-8.93895816802979,"Female"
"9004155",371989,2025-05-18 05:07:00,42.5484199523926,-8.93878841400146,"Female"
"9004155",371989,2025-05-18 05:12:00,42.5485954284668,-8.93881511688232,"Female"
"9004155",371989,2025-05-18 05:17:00,42.5485992431641,-8.93892860412598,"Female"
"9004155",371989,2025-05-18 05:22:02,42.5484504699707,-8.93862724304199,"Female"
"9004155",371989,2025-05-18 05:27:01,42.5485229492188,-8.9388313293457,"Female"
"9004155",371989,2025-05-18 05:32:01,42.5484504699707,-8.93877220153809,"Female"
"9004155",371989,2025-05-18 05:37:01,42.5485229492188,-8.93878746032715,"Female"
"9004155",371989,2025-05-18 05:42:00,42.550708770752,-8.93959712982178,"Female"
"9004155",371989,2025-05-18 05:47:00,42.5514945983887,-8.93860054016113,"Female"
"9004155",371989,2025-05-18 05:52:00,42.5516204833984,-8.93830680847168,"Female"
"9004155",371989,2025-05-18 05:57:00,42.556037902832,-8.91124725341797,"Female"
"9004155",371989,2025-05-18 06:02:11,42.5559883117676,-8.91125774383545,"Female"
"9004155",371989,2025-05-18 06:07:02,42.5558776855469,-8.91112613677979,"Female"
"9004155",371989,2025-05-18 06:12:00,42.5557975769043,-8.9111442565918,"Female"
"9004155",371989,2025-05-18 06:17:01,42.5608863830566,-8.90028667449951,"Female"
"9004155",371989,2025-05-18 06:22:00,42.5607261657715,-8.90025234222412,"Female"
"9004155",371989,2025-05-18 06:27:00,42.5641288757324,-8.8958101272583,"Female"
"9004155",371989,2025-05-18 06:32:00,42.5810699462891,-8.86380290985107,"Female"
"9004155",371989,2025-05-18 06:37:05,42.599308013916,-8.83757209777832,"Female"
"9004155",371989,2025-05-18 06:42:01,42.6026039123535,-8.82211589813232,"Female"
"9004155",371989,2025-05-18 06:47:12,42.6028213500977,-8.82135772705078,"Female"
"9004155",371989,2025-05-18 06:52:00,42.6027870178223,-8.82149219512939,"Female"
"9004155",371989,2025-05-18 06:57:07,42.6029815673828,-8.82101821899414,"Female"
"9004155",371989,2025-05-18 07:02:06,42.6028747558594,-8.82158756256104,"Female"
"9004155",371989,2025-05-18 07:07:01,42.6030349731445,-8.82111835479736,"Female"
"9004155",371989,2025-05-18 07:12:12,42.6028175354004,-8.82133865356445,"Female"
"9004155",371989,2025-05-18 07:17:00,42.6027870178223,-8.82143783569336,"Female"
"9004155",371989,2025-05-18 07:22:00,42.6028251647949,-8.82137012481689,"Female"
"9004155",371989,2025-05-18 07:27:00,42.6027297973633,-8.8214225769043,"Female"
"9004155",371989,2025-05-18 07:32:01,42.6027755737305,-8.82125377655029,"Female"
"9004155",371989,2025-05-18 07:37:35,42.6028671264648,-8.81450176239014,"Female"
"9004155",371989,2025-05-18 07:42:35,42.602954864502,-8.81439304351807,"Female"
"9004155",371989,2025-05-18 07:47:18,42.6031913757324,-8.81408882141113,"Female"
"9004155",371989,2025-05-18 07:52:44,42.6027908325195,-8.81439685821533,"Female"
"9004155",371989,2025-05-18 07:57:22,42.6027908325195,-8.8143424987793,"Female"
"9004155",371989,2025-05-18 08:02:22,42.6028442382812,-8.81443405151367,"Female"
"9004155",371989,2025-05-18 08:07:47,42.6028327941895,-8.81450271606445,"Female"
"9004155",371989,2025-05-18 08:12:21,42.6028823852539,-8.81448459625244,"Female"
"9004155",371989,2025-05-18 08:17:20,42.6028213500977,-8.81451511383057,"Female"
"9004155",371989,2025-05-18 08:22:19,42.6028709411621,-8.81472778320312,"Female"
"9004155",371989,2025-05-18 08:27:39,42.6028060913086,-8.81442737579346,"Female"
"9004155",371989,2025-05-18 08:32:30,42.6027984619141,-8.81450080871582,"Female"
"9004155",371989,2025-05-18 08:37:31,42.602783203125,-8.8143949508667,"Female"
"9004155",371989,2025-05-18 08:42:23,42.602783203125,-8.81464195251465,"Female"
"9004155",371989,2025-05-18 08:47:36,42.6017875671387,-8.81486701965332,"Female"
"9004155",371989,2025-05-18 08:53:02,42.602222442627,-8.81443977355957,"Female"
"9004155",371989,2025-05-18 08:58:00,42.6020088195801,-8.81380176544189,"Female"
"9004155",371989,2025-05-18 09:03:31,42.6030654907227,-8.81447315216064,"Female"
"9004155",371989,2025-05-18 09:08:22,42.6032333374023,-8.81501007080078,"Female"
"9004155",371989,2025-05-18 09:13:44,42.6029167175293,-8.81451797485352,"Female"
"9004155",371989,2025-05-18 09:18:20,42.6028366088867,-8.81475830078125,"Female"
"9004155",371989,2025-05-18 09:23:23,42.6031074523926,-8.81356906890869,"Female"
"9004155",371989,2025-05-18 09:28:23,42.6029090881348,-8.81423187255859,"Female"
"9004155",371989,2025-05-18 09:33:24,42.6028518676758,-8.81434535980225,"Female"
"9004155",371989,2025-05-18 09:38:24,42.6026954650879,-8.81363582611084,"Female"
"9004155",371989,2025-05-18 09:43:24,42.6033096313477,-8.81297779083252,"Female"
"9004155",371989,2025-05-18 09:48:45,42.6032600402832,-8.81258201599121,"Female"
"9004155",371989,2025-05-18 09:53:23,42.6030349731445,-8.81296062469482,"Female"
"9004155",371989,2025-05-18 09:58:31,42.6019554138184,-8.81326484680176,"Female"
"9004155",371989,2025-05-18 10:03:24,42.6020393371582,-8.81296348571777,"Female"
"9004155",371989,2025-05-18 10:08:30,42.6018943786621,-8.81318950653076,"Female"
"9004155",371989,2025-05-18 10:13:26,42.601936340332,-8.81306266784668,"Female"
"9004155",371989,2025-05-18 10:18:29,42.6018905639648,-8.81309127807617,"Female"
"9004155",371989,2025-05-18 10:23:26,42.6018829345703,-8.81310558319092,"Female"
"9004155",371989,2025-05-18 10:28:28,42.5904693603516,-8.82638454437256,"Female"
"9004155",371989,2025-05-18 10:33:25,42.5842323303223,-8.83646583557129,"Female"
"9004155",371989,2025-05-18 10:38:25,42.5803756713867,-8.84428691864014,"Female"
"9004155",371989,2025-05-18 10:43:21,42.5725936889648,-8.8860502243042,"Female"
"9004155",371989,2025-05-18 10:48:42,42.5711898803711,-8.88929462432861,"Female"
"9004155",371989,2025-05-18 10:53:21,42.5566024780273,-8.8967866897583,"Female"
"9004155",371989,2025-05-18 10:58:22,42.5561218261719,-8.89741039276123,"Female"
"9004155",371989,2025-05-18 11:03:20,42.5332221984863,-8.91028308868408,"Female"
"9004155",371989,2025-05-18 11:08:23,42.5321006774902,-8.90956878662109,"Female"
"9004155",371989,2025-05-18 11:13:21,42.501708984375,-8.91674137115479,"Female"
"9004155",371989,2025-05-18 11:18:22,42.4820861816406,-8.9350118637085,"Female"
"9004155",371989,2025-05-18 11:23:24,42.4767074584961,-8.94001960754395,"Female"
"9004155",371989,2025-05-18 11:28:33,42.4545288085938,-8.94558715820312,"Female"
"9004155",371989,2025-05-18 11:33:33,42.4538764953613,-8.94579219818115,"Female"
"9004155",371989,2025-05-18 11:38:22,42.4472312927246,-8.94402027130127,"Female"
"9004155",371989,2025-05-18 11:43:28,42.4329948425293,-8.94036388397217,"Female"
"9004155",371989,2025-05-18 11:49:00,42.4232215881348,-8.93452262878418,"Female"
"9004155",371989,2025-05-18 11:53:23,42.4012603759766,-8.92065238952637,"Female"
"9004155",371989,2025-05-18 11:58:53,42.3984107971191,-8.92099857330322,"Female"
"9004155",371989,2025-05-18 12:03:21,42.3984756469727,-8.92105960845947,"Female"
"9004155",371989,2025-05-18 12:08:22,42.3983497619629,-8.92086315155029,"Female"
"9004155",371989,2025-05-18 12:13:22,42.3984832763672,-8.92120742797852,"Female"
"9004155",371989,2025-05-18 12:18:21,42.3984451293945,-8.92102527618408,"Female"
"9004155",371989,2025-05-18 12:23:21,42.3984031677246,-8.92102336883545,"Female"
"9004155",371989,2025-05-18 12:28:21,42.3983573913574,-8.92052173614502,"Female"
"9004155",371989,2025-05-18 12:33:25,42.3983497619629,-8.9205846786499,"Female"
"9004155",371989,2025-05-18 12:38:24,42.3983573913574,-8.92043876647949,"Female"
"9004155",371989,2025-05-18 12:43:25,42.3984756469727,-8.92108154296875,"Female"
"9004155",371989,2025-05-18 12:48:23,42.3984451293945,-8.92123031616211,"Female"
"9004155",371989,2025-05-18 12:53:40,42.3984832763672,-8.92103958129883,"Female"
"9004155",371989,2025-05-18 12:58:38,42.3984184265137,-8.92097282409668,"Female"
"9004155",371989,2025-05-18 13:03:30,42.3984413146973,-8.92093849182129,"Female"
"9004155",371989,2025-05-18 13:08:50,42.3984413146973,-8.92101287841797,"Female"
"9004155",371989,2025-05-18 13:13:22,42.3984451293945,-8.9209156036377,"Female"
"9004155",371989,2025-05-18 13:18:21,42.3984603881836,-8.92093467712402,"Female"
"9004155",371989,2025-05-18 13:23:21,42.3984527587891,-8.92099380493164,"Female"
"9004155",371989,2025-05-18 13:28:26,42.3984375,-8.92127990722656,"Female"
"9004155",371989,2025-05-18 13:33:22,42.3983383178711,-8.92126941680908,"Female"
"9004155",371989,2025-05-18 13:38:31,42.3984680175781,-8.9205436706543,"Female"
"9004155",371989,2025-05-18 13:43:21,42.3987312316895,-8.92064189910889,"Female"
"9004155",371989,2025-05-18 13:48:44,42.3984489440918,-8.92095470428467,"Female"
"9004155",371989,2025-05-18 13:53:31,42.3985061645508,-8.9210376739502,"Female"
"9004155",371989,2025-05-18 13:58:31,42.3983993530273,-8.92102241516113,"Female"
"9004155",371989,2025-05-18 14:03:32,42.398494720459,-8.92120552062988,"Female"
"9004155",371989,2025-05-18 14:08:24,42.3984451293945,-8.92108917236328,"Female"
"9004155",371989,2025-05-18 14:13:31,42.3984603881836,-8.92110538482666,"Female"
"9004155",371989,2025-05-18 14:18:24,42.3985748291016,-8.92110919952393,"Female"
"9004155",371989,2025-05-18 14:23:21,42.3985214233398,-8.92113494873047,"Female"
"9004155",371989,2025-05-18 14:28:21,42.3985633850098,-8.92128086090088,"Female"
"9004155",371989,2025-05-18 14:33:22,42.3985328674316,-8.92113399505615,"Female"
"9004155",371989,2025-05-18 14:38:22,42.3985061645508,-8.92095756530762,"Female"
"9004155",371989,2025-05-18 14:43:23,42.3985443115234,-8.92102432250977,"Female"
"9004155",371989,2025-05-18 14:49:44,42.3983764648438,-8.92085361480713,"Female"
"9004155",371989,2025-05-18 14:54:29,42.3983764648438,-8.92083358764648,"Female"
"9004155",371989,2025-05-18 14:58:20,42.3985061645508,-8.92074489593506,"Female"
"9004155",371989,2025-05-18 15:03:25,42.3985023498535,-8.92076587677002,"Female"
"9004155",371989,2025-05-18 15:08:44,42.3984031677246,-8.92089176177979,"Female"
"9004155",371989,2025-05-18 15:13:21,42.398265838623,-8.92092990875244,"Female"
"9004155",371989,2025-05-18 15:18:23,42.3983421325684,-8.92078495025635,"Female"
"9004155",371989,2025-05-18 15:23:21,42.3983421325684,-8.92082118988037,"Female"
"9004155",371989,2025-05-18 15:28:23,42.3982810974121,-8.92075443267822,"Female"
"9004155",371989,2025-05-18 15:33:21,42.3983192443848,-8.92085075378418,"Female"
"9004155",371989,2025-05-18 15:38:23,42.3982582092285,-8.92079639434814,"Female"
"9004155",371989,2025-05-18 15:43:21,42.3983383178711,-8.92083072662354,"Female"
"9004155",371989,2025-05-18 15:48:28,42.3983764648438,-8.9209041595459,"Female"
"9004155",371989,2025-05-18 15:53:44,42.3983764648438,-8.92086791992188,"Female"
"9004155",371989,2025-05-18 15:58:21,42.3984413146973,-8.92046546936035,"Female"
"9004155",371989,2025-05-18 16:03:25,42.3987045288086,-8.9200267791748,"Female"
"9004155",371989,2025-05-18 16:08:28,42.398365020752,-8.92086601257324,"Female"
"9004155",371989,2025-05-18 16:13:24,42.3989601135254,-8.91885948181152,"Female"
"9004155",371989,2025-05-18 16:18:24,42.398567199707,-8.92033100128174,"Female"
"9004155",371989,2025-05-18 16:23:25,42.3982810974121,-8.92081260681152,"Female"
"9004155",371989,2025-05-18 16:28:29,42.3983573913574,-8.92055988311768,"Female"
"9004155",371989,2025-05-18 16:33:31,42.3983383178711,-8.92078971862793,"Female"
"9004155",371989,2025-05-18 16:38:28,42.3983535766602,-8.92084407806396,"Female"
"9004155",371989,2025-05-18 16:43:30,42.3983116149902,-8.92072868347168,"Female"
"9004155",371989,2025-05-18 16:48:36,42.3983459472656,-8.92061710357666,"Female"
"9004155",371989,2025-05-18 16:53:53,42.3984146118164,-8.92097568511963,"Female"
"9004155",371989,2025-05-18 16:58:31,42.3984832763672,-8.92106151580811,"Female"
"9004155",371989,2025-05-18 17:03:29,42.3983879089355,-8.92105197906494,"Female"
"9004155",371989,2025-05-18 17:08:22,42.3984565734863,-8.92098236083984,"Female"
"9004155",371989,2025-05-18 17:13:23,42.3985557556152,-8.92099285125732,"Female"
"9004155",371989,2025-05-18 17:18:21,42.3983383178711,-8.92096042633057,"Female"
"9004155",371989,2025-05-18 17:23:22,42.3984489440918,-8.92096424102783,"Female"
"9004155",371989,2025-05-18 17:28:21,42.3984909057617,-8.92105197906494,"Female"
"9004155",371989,2025-05-18 17:33:21,42.3984413146973,-8.92114067077637,"Female"
"9004155",371989,2025-05-18 17:38:24,42.3984718322754,-8.9210844039917,"Female"
"9004155",371989,2025-05-18 17:43:24,42.3983726501465,-8.92103672027588,"Female"
"9004155",371989,2025-05-18 17:48:22,42.3983688354492,-8.92099952697754,"Female"
"9004155",371989,2025-05-18 17:53:22,42.3982582092285,-8.92080020904541,"Female"
"9004155",371989,2025-05-18 17:58:26,42.3984870910645,-8.92115879058838,"Female"
"9004155",371989,2025-05-18 18:03:22,42.3985748291016,-8.92124462127686,"Female"
"9004155",371989,2025-05-18 18:08:24,42.398609161377,-8.92121887207031,"Female"
"9004155",371989,2025-05-18 18:13:24,42.3984069824219,-8.92108917236328,"Female"
"9004155",371989,2025-05-18 18:18:31,42.398021697998,-8.92065143585205,"Female"
"9004155",371989,2025-05-18 18:23:30,42.3981781005859,-8.92083644866943,"Female"
"9004155",371989,2025-05-18 18:28:53,42.3983688354492,-8.92090606689453,"Female"
"9004155",371989,2025-05-18 18:33:21,42.3983764648438,-8.92094039916992,"Female"
"9004155",371989,2025-05-18 18:38:22,42.3982849121094,-8.92075443267822,"Female"
"9004155",371989,2025-05-18 18:43:21,42.3983268737793,-8.92081832885742,"Female"
"9004155",371989,2025-05-18 18:48:21,42.3982925415039,-8.92076301574707,"Female"
"9004155",371989,2025-05-18 18:53:23,42.3981819152832,-8.92068195343018,"Female"
"9004155",371989,2025-05-18 18:58:31,42.3982467651367,-8.92071151733398,"Female"
"9004155",371989,2025-05-18 19:03:31,42.3983116149902,-8.92068004608154,"Female"
"9004155",371989,2025-05-18 19:08:23,42.3984107971191,-8.9205379486084,"Female"
"9004155",371989,2025-05-18 19:13:25,42.398265838623,-8.92061710357666,"Female"
"9004155",371989,2025-05-18 19:18:25,42.398307800293,-8.92061996459961,"Female"
"9004155",371989,2025-05-18 19:23:23,42.3982772827148,-8.92072868347168,"Female"
"9004155",371989,2025-05-18 19:28:29,42.3982620239258,-8.92074871063232,"Female"
"9004155",371989,2025-05-18 19:33:24,42.3981590270996,-8.92115116119385,"Female"
"9004155",371989,2025-05-18 19:38:25,42.3982772827148,-8.92065525054932,"Female"
"9004155",371989,2025-05-18 19:43:21,42.3983154296875,-8.92067337036133,"Female"
"9004155",371989,2025-05-18 19:48:22,42.3982391357422,-8.92058849334717,"Female"
"9004155",371989,2025-05-18 19:53:25,42.3980712890625,-8.92099571228027,"Female"
"9004155",371989,2025-05-18 19:58:33,42.3983917236328,-8.9207239151001,"Female"
"9004155",371989,2025-05-18 20:03:44,42.3982734680176,-8.92065238952637,"Female"
"9004155",371989,2025-05-18 20:08:25,42.3982887268066,-8.92077255249023,"Female"
"9004155",371989,2025-05-18 20:13:26,42.3983879089355,-8.92096042633057,"Female"
"9004155",371989,2025-05-18 20:18:25,42.3981437683105,-8.92047691345215,"Female"
"9004155",371989,2025-05-18 20:23:24,42.398136138916,-8.92050361633301,"Female"
"9004155",371989,2025-05-18 20:28:23,42.3984069824219,-8.92078971862793,"Female"
"9004155",371989,2025-05-18 20:33:24,42.3984146118164,-8.92066097259521,"Female"
"9004155",371989,2025-05-18 20:38:24,42.3983535766602,-8.92072772979736,"Female"
"9004155",371989,2025-05-18 20:43:29,42.398624420166,-8.92115497589111,"Female"
"9004155",371989,2025-05-18 20:48:31,42.398811340332,-8.92139434814453,"Female"
"9004155",371989,2025-05-18 20:53:30,42.3987846374512,-8.92140674591064,"Female"
"9004155",371989,2025-05-18 20:58:31,42.3988342285156,-8.92145729064941,"Female"
"9004155",371989,2025-05-18 21:03:31,42.3989753723145,-8.92160606384277,"Female"
"9004155",371989,2025-05-18 21:08:43,42.3987731933594,-8.92149353027344,"Female"
"9004155",371989,2025-05-18 21:13:22,42.398754119873,-8.92127227783203,"Female"
"9004155",371989,2025-05-18 21:18:24,42.3987121582031,-8.92137432098389,"Female"
"9004155",371989,2025-05-18 21:23:22,42.3987808227539,-8.92147731781006,"Female"
"9004155",371989,2025-05-18 21:28:23,42.398868560791,-8.92166709899902,"Female"
"9004155",371989,2025-05-18 21:33:37,42.3997955322266,-8.92309761047363,"Female"
"9004155",371989,2025-05-18 21:38:32,42.3980522155762,-8.92049503326416,"Female"
"9004155",371989,2025-05-18 21:43:31,42.3980102539062,-8.92033195495605,"Female"
"9004155",371989,2025-05-18 21:48:45,42.3981475830078,-8.92061805725098,"Female"
"9004155",371989,2025-05-18 21:53:23,42.3982772827148,-8.92082691192627,"Female"
"9004155",371989,2025-05-18 21:58:23,42.3982086181641,-8.9206428527832,"Female"
"9004155",371989,2025-05-18 22:04:05,42.3984680175781,-8.92063522338867,"Female"
"9004155",371989,2025-05-18 22:08:21,42.3984565734863,-8.92052268981934,"Female"
"9004155",371989,2025-05-18 22:13:21,42.398509979248,-8.92052555084229,"Female"
"9004155",371989,2025-05-18 22:18:23,42.3985748291016,-8.92049026489258,"Female"
"9004155",371989,2025-05-18 22:23:21,42.3985443115234,-8.92047500610352,"Female"
"9004155",371989,2025-05-18 22:28:23,42.3985939025879,-8.91945743560791,"Female"
"9004155",371989,2025-05-18 22:33:29,42.3984527587891,-8.92080783843994,"Female"
"9004155",371989,2025-05-18 22:38:21,42.3983955383301,-8.9208402633667,"Female"
"9004155",371989,2025-05-18 22:43:25,42.3984336853027,-8.92066287994385,"Female"
"9004155",371989,2025-05-18 22:48:36,42.3984222412109,-8.92096996307373,"Female"
"9004155",371989,2025-05-18 22:53:31,42.3984107971191,-8.92105388641357,"Female"
"9004155",371989,2025-05-18 22:58:53,42.398380279541,-8.92105770111084,"Female"
"9004155",371989,2025-05-18 23:03:20,42.3984222412109,-8.92103672027588,"Female"
"9004155",371989,2025-05-18 23:08:21,42.3983001708984,-8.9210262298584,"Female"
"9004155",371989,2025-05-18 23:13:20,42.3983612060547,-8.92101287841797,"Female"
"9004155",371989,2025-05-18 23:18:21,42.3982925415039,-8.92101287841797,"Female"
"9004155",371989,2025-05-18 23:23:20,42.3983497619629,-8.92097282409668,"Female"
"9004155",371989,2025-05-18 23:28:20,42.3983116149902,-8.92098999023438,"Female"
"9004155",371989,2025-05-18 23:33:20,42.398365020752,-8.9210205078125,"Female"
"9004155",371989,2025-05-18 23:38:22,42.398307800293,-8.9210090637207,"Female"
"9004155",371989,2025-05-18 23:43:22,42.3983955383301,-8.92093372344971,"Female"
"9004155",371989,2025-05-18 23:48:20,42.3984680175781,-8.92102336883545,"Female"
"9004155",371989,2025-05-18 23:53:23,42.3983879089355,-8.92097091674805,"Female"
"9004155",371989,2025-05-18 23:58:25,42.3984642028809,-8.92101955413818,"Female"
"9004155",371989,2025-05-19 00:03:26,42.3983764648438,-8.92094421386719,"Female"
"9004155",371989,2025-05-19 00:08:29,42.3983726501465,-8.92091941833496,"Female"
"9004155",371989,2025-05-19 00:13:44,42.398380279541,-8.92092895507812,"Female"
"9004155",371989,2025-05-19 00:18:20,42.3984489440918,-8.92105865478516,"Female"
"9004155",371989,2025-05-19 00:23:19,42.3986282348633,-8.92137432098389,"Female"
"9004155",371989,2025-05-19 00:28:20,42.3984909057617,-8.92121410369873,"Female"
"9004155",371989,2025-05-19 00:33:19,42.3985748291016,-8.92100143432617,"Female"
"9004155",371989,2025-05-19 00:38:21,42.398380279541,-8.9209041595459,"Female"
"9004155",371989,2025-05-19 00:43:19,42.3984985351562,-8.92110443115234,"Female"
"9004155",371989,2025-05-19 00:48:44,42.3984565734863,-8.92104339599609,"Female"
"9004155",371989,2025-05-19 00:53:25,42.3984489440918,-8.92094898223877,"Female"
"9004155",371989,2025-05-19 00:58:23,42.3983039855957,-8.92079257965088,"Female"
"9004155",371989,2025-05-19 01:03:20,42.3984527587891,-8.9210729598999,"Female"
"9004155",371989,2025-05-19 01:08:53,42.3984336853027,-8.92081737518311,"Female"
"9004155",371989,2025-05-19 01:13:20,42.3984680175781,-8.92082500457764,"Female"
"9004155",371989,2025-05-19 01:18:25,42.3984603881836,-8.92058849334717,"Female"
"9004155",371989,2025-05-19 01:23:20,42.3983917236328,-8.920729637146,"Female"
"9004155",371989,2025-05-19 01:28:25,42.3984642028809,-8.92034244537354,"Female"
"9004155",371989,2025-05-19 01:33:23,42.3984527587891,-8.92019271850586,"Female"
"9004155",371989,2025-05-19 01:38:26,42.3983421325684,-8.92112445831299,"Female"
"9004155",371989,2025-05-19 01:43:32,42.3983688354492,-8.91923713684082,"Female"
"9004155",371989,2025-05-19 01:48:31,42.3981475830078,-8.91902446746826,"Female"
"9004155",371989,2025-05-19 01:53:30,42.3983116149902,-8.92051315307617,"Female"
"9004155",371989,2025-05-19 01:58:49,42.3983726501465,-8.92088603973389,"Female"
"9004155",371989,2025-05-19 02:03:23,42.398365020752,-8.92092323303223,"Female"
"9004155",371989,2025-05-19 02:08:32,42.3984336853027,-8.92120265960693,"Female"
"9004155",371989,2025-05-19 02:13:26,42.3984756469727,-8.92106246948242,"Female"
"9004155",371989,2025-05-19 02:18:25,42.3985786437988,-8.92122650146484,"Female"
"9004155",371989,2025-05-19 02:23:31,42.3984565734863,-8.92120265960693,"Female"
"9004155",371989,2025-05-19 02:28:31,42.3985137939453,-8.92125034332275,"Female"
"9004155",371989,2025-05-19 02:33:28,42.3981552124023,-8.92080783843994,"Female"
"9004155",371989,2025-05-19 02:38:31,42.3984375,-8.92102336883545,"Female"
"9004155",371989,2025-05-19 02:43:31,42.398624420166,-8.9210262298584,"Female"
"9004155",371989,2025-05-19 02:48:32,42.3984375,-8.92116737365723,"Female"
"9004155",371989,2025-05-19 02:53:31,42.3984794616699,-8.92096138000488,"Female"
"9004155",371989,2025-05-19 02:58:25,42.3984069824219,-8.92092037200928,"Female"
"9004155",371989,2025-05-19 03:03:29,42.3986129760742,-8.92107486724854,"Female"
"9004155",371989,2025-05-19 03:08:32,42.3985557556152,-8.92104625701904,"Female"
"9004155",371989,2025-05-19 03:13:35,42.3987045288086,-8.92095565795898,"Female"
"9004155",371989,2025-05-19 03:18:45,42.3984680175781,-8.92104721069336,"Female"
"9004155",371989,2025-05-19 03:23:24,42.3987007141113,-8.92093658447266,"Female"
"9004155",371989,2025-05-19 03:28:23,42.3982772827148,-8.9201774597168,"Female"
"9004155",371989,2025-05-19 03:33:25,42.3984069824219,-8.92064380645752,"Female"
"9004155",371989,2025-05-19 03:38:24,42.3984375,-8.9206657409668,"Female"
"9004155",371989,2025-05-19 03:43:32,42.3984642028809,-8.92110252380371,"Female"
"9004155",371989,2025-05-19 03:48:46,42.3986854553223,-8.9206714630127,"Female"
"9004155",371989,2025-05-19 03:53:40,42.3985404968262,-8.92092990875244,"Female"
"9004155",371989,2025-05-19 03:58:31,42.3984909057617,-8.92110633850098,"Female"
"9004155",371989,2025-05-19 04:03:45,42.3983917236328,-8.92117500305176,"Female"
"9004155",371989,2025-05-19 04:08:28,42.3985061645508,-8.92116165161133,"Female"
"9004155",371989,2025-05-19 04:13:35,42.3984565734863,-8.92116641998291,"Female"
"9004155",371989,2025-05-19 04:18:53,42.398494720459,-8.92097759246826,"Female"
"9004155",371989,2025-05-19 04:23:20,42.3984603881836,-8.92105579376221,"Female"
"9004155",371989,2025-05-19 04:28:21,42.3984718322754,-8.9210033416748,"Female"
"9004155",371989,2025-05-19 04:33:23,42.3986930847168,-8.92118644714355,"Female"
"9004155",371989,2025-05-19 04:38:21,42.3985824584961,-8.92107391357422,"Female"
"9004155",371989,2025-05-19 04:43:29,42.3983726501465,-8.92098140716553,"Female"
"9004155",371989,2025-05-19 04:48:21,42.3986396789551,-8.92127799987793,"Female"
"9004155",371989,2025-05-19 04:53:25,42.3987236022949,-8.92125606536865,"Female"
"9004155",371989,2025-05-19 04:58:33,42.3988990783691,-8.92133903503418,"Female"
"9004155",371989,2025-05-19 05:03:31,42.3989219665527,-8.92138004302979,"Female"
"9004155",371989,2025-05-19 05:08:37,42.398983001709,-8.92143249511719,"Female"
"9004155",371989,2025-05-19 05:13:31,42.3987655639648,-8.92126369476318,"Female"
"9004155",371989,2025-05-19 05:19:44,42.3984985351562,-8.92103672027588,"Female"
"9004155",371989,2025-05-19 05:23:43,42.3985443115234,-8.92108631134033,"Female"
"9004155",371989,2025-05-19 05:28:20,42.3984870910645,-8.9210729598999,"Female"
"9004155",371989,2025-05-19 05:33:20,42.3985748291016,-8.92101860046387,"Female"
"9004155",371989,2025-05-19 05:38:20,42.3985176086426,-8.92097091674805,"Female"
"9004155",371989,2025-05-19 05:43:24,42.3985748291016,-8.92106628417969,"Female"
"9004155",371989,2025-05-19 05:48:23,42.3985557556152,-8.92116165161133,"Female"
"9004155",371989,2025-05-19 05:53:25,42.3989715576172,-8.92092895507812,"Female"
"9004155",371989,2025-05-19 05:58:31,42.3984069824219,-8.92110824584961,"Female"
"9004155",371989,2025-05-19 06:03:30,42.3985443115234,-8.92116832733154,"Female"
"9004155",371989,2025-05-19 06:08:39,42.3986015319824,-8.92119026184082,"Female"
"9004155",371989,2025-05-19 06:13:28,42.3984146118164,-8.92110061645508,"Female"
"9004155",371989,2025-05-19 06:18:28,42.3984603881836,-8.92111492156982,"Female"
"9004155",371989,2025-05-19 06:23:45,42.3984336853027,-8.92112636566162,"Female"
"9004155",371989,2025-05-19 06:28:53,42.3984336853027,-8.92105388641357,"Female"
"9004155",371989,2025-05-19 06:33:23,42.3983001708984,-8.92115879058838,"Female"
"9004155",371989,2025-05-19 06:38:21,42.3981552124023,-8.92153263092041,"Female"
"9004155",371989,2025-05-19 06:43:26,42.3983955383301,-8.92125129699707,"Female"
"9004155",371989,2025-05-19 06:48:44,42.3983573913574,-8.92099952697754,"Female"
"9004155",371989,2025-05-19 06:53:22,42.3984298706055,-8.9210205078125,"Female"
"9004155",371989,2025-05-19 06:58:25,42.3984336853027,-8.92107391357422,"Female"
"9004155",371989,2025-05-19 07:03:20,42.3983573913574,-8.92099094390869,"Female"
"9004155",371989,2025-05-19 07:08:22,42.3984489440918,-8.92100620269775,"Female"
"9004155",371989,2025-05-19 07:13:22,42.398494720459,-8.92094326019287,"Female"
"9004155",371989,2025-05-19 07:18:23,42.3984565734863,-8.92102527618408,"Female"
"9004155",371989,2025-05-19 07:23:21,42.3983421325684,-8.9210033416748,"Female"
"9004155",371989,2025-05-19 07:28:25,42.3984565734863,-8.92097759246826,"Female"
"9004155",371989,2025-05-19 07:33:24,42.3984222412109,-8.92101573944092,"Female"
"9004155",371989,2025-05-19 07:38:22,42.3985214233398,-8.9210205078125,"Female"
"9004155",371989,2025-05-19 07:43:31,42.3985748291016,-8.92128658294678,"Female"
"9004155",371989,2025-05-19 07:48:31,42.3984565734863,-8.92098903656006,"Female"
"9004155",371989,2025-05-19 07:53:22,42.3983345031738,-8.92102718353271,"Female"
"9004155",371989,2025-05-19 07:58:31,42.3984031677246,-8.92106819152832,"Female"
"9004155",371989,2025-05-19 08:03:53,42.3983612060547,-8.92089557647705,"Female"
"9004155",371989,2025-05-19 08:08:20,42.3984413146973,-8.92095565795898,"Female"
"9004155",371989,2025-05-19 08:13:23,42.3984184265137,-8.92090320587158,"Female"
"9004155",371989,2025-05-19 08:18:42,42.3982849121094,-8.92053985595703,"Female"
"9004155",371989,2025-05-19 08:23:26,42.398323059082,-8.92078113555908,"Female"
"9004155",371989,2025-05-19 08:28:28,42.3983764648438,-8.92029285430908,"Female"
"9004155",371989,2025-05-19 08:33:25,42.3985557556152,-8.92088603973389,"Female"
"9004155",371989,2025-05-19 08:38:40,42.3985595703125,-8.92113876342773,"Female"
"9004155",371989,2025-05-19 08:43:25,42.3987770080566,-8.92142009735107,"Female"
"9004155",371989,2025-05-19 08:48:22,42.3987693786621,-8.92129421234131,"Female"
"9004155",371989,2025-05-19 08:53:35,42.398983001709,-8.92207527160645,"Female"
"9004155",371989,2025-05-19 08:58:30,42.3988342285156,-8.92193698883057,"Female"
"9004155",371989,2025-05-19 09:03:24,42.4007530212402,-8.9185733795166,"Female"
"9004155",371989,2025-05-19 09:08:23,42.4247016906738,-8.92145919799805,"Female"
"9004155",371989,2025-05-19 09:13:23,42.4539527893066,-8.93526744842529,"Female"
"9004155",371989,2025-05-19 09:18:24,42.4907493591309,-8.93178749084473,"Female"
"9004155",371989,2025-05-19 09:23:24,42.5294075012207,-8.90756893157959,"Female"
"9004155",371989,2025-05-19 09:28:24,42.5688896179199,-8.89062595367432,"Female"
"9004155",371989,2025-05-19 09:33:30,42.596134185791,-8.84467029571533,"Female"
"9004155",371989,2025-05-19 09:40:01,42.6148529052734,-8.82097625732422,"Female"
"9004155",371989,2025-05-19 09:44:59,42.6155128479004,-8.82057857513428,"Female"
"9004155",371989,2025-05-19 09:50:02,42.6150550842285,-8.82107830047607,"Female"
"9004155",371989,2025-05-19 09:54:59,42.6150512695312,-8.82088470458984,"Female"
"9004155",371989,2025-05-19 09:59:59,42.6149978637695,-8.8207950592041,"Female"
"9004155",371989,2025-05-19 10:05:29,42.6149635314941,-8.82053375244141,"Female"
"9004155",371989,2025-05-19 10:09:59,42.6149826049805,-8.82043647766113,"Female"
"9004155",371989,2025-05-19 10:14:59,42.6150093078613,-8.82044124603271,"Female"
"9004155",371989,2025-05-19 10:19:59,42.6149940490723,-8.8205099105835,"Female"
"9004155",371989,2025-05-19 10:24:59,42.6150016784668,-8.82048988342285,"Female"
"9004155",371989,2025-05-19 10:29:59,42.6149826049805,-8.8205041885376,"Female"
"9004155",371989,2025-05-19 10:34:59,42.6150016784668,-8.82046222686768,"Female"
"9004155",371989,2025-05-19 10:39:58,42.6150169372559,-8.82047653198242,"Female"
"9004155",371989,2025-05-19 10:44:59,42.6150550842285,-8.82038879394531,"Female"
"9004155",371989,2025-05-19 10:49:59,42.6150054931641,-8.82049655914307,"Female"
"9004155",371989,2025-05-19 10:55:02,42.6150169372559,-8.82044506072998,"Female"
"9004155",371989,2025-05-19 10:59:59,42.615047454834,-8.82045078277588,"Female"
"9004155",371989,2025-05-19 11:04:59,42.6150779724121,-8.82082557678223,"Female"
"9004155",371989,2025-05-19 11:09:59,42.6150741577148,-8.82071399688721,"Female"
"9004155",371989,2025-05-19 11:15:00,42.6151123046875,-8.82042789459229,"Female"
"9004155",371989,2025-05-19 11:19:59,42.615047454834,-8.82037353515625,"Female"
"9004155",371989,2025-05-19 11:25:05,42.6150932312012,-8.82065486907959,"Female"
"9004155",371989,2025-05-19 11:30:07,42.6150360107422,-8.82033538818359,"Female"
"9004155",371989,2025-05-19 11:35:11,42.615062713623,-8.82064723968506,"Female"
"9004155",371989,2025-05-19 11:40:00,42.6150321960449,-8.82067680358887,"Female"
"9004155",371989,2025-05-19 11:45:21,42.6147384643555,-8.8201322555542,"Female"
"9004155",371989,2025-05-19 11:50:39,42.6149253845215,-8.81906414031982,"Female"
"9004155",371989,2025-05-19 11:56:05,42.6151580810547,-8.81901168823242,"Female"
"9004155",371989,2025-05-19 12:00:33,42.6151390075684,-8.81902313232422,"Female"
"9004155",371989,2025-05-19 12:05:33,42.6151809692383,-8.81897258758545,"Female"
"9004155",371989,2025-05-19 12:10:33,42.6151733398438,-8.81903648376465,"Female"
"9004155",371989,2025-05-19 12:15:33,42.6151809692383,-8.81897354125977,"Female"
"9004155",371989,2025-05-19 12:20:33,42.6151542663574,-8.81903839111328,"Female"
"9004155",371989,2025-05-19 12:25:33,42.6151962280273,-8.81902027130127,"Female"
"9004155",371989,2025-05-19 12:30:34,42.6152267456055,-8.81900310516357,"Female"
"9004155",371989,2025-05-19 12:35:33,42.6151695251465,-8.81908798217773,"Female"
"9004155",371989,2025-05-19 12:40:36,42.6150932312012,-8.81801509857178,"Female"
"9004155",371989,2025-05-19 12:45:42,42.6152267456055,-8.81776523590088,"Female"
"9004155",371989,2025-05-19 12:50:42,42.614444732666,-8.81883525848389,"Female"
"9004155",371989,2025-05-19 12:55:44,42.6144065856934,-8.8178825378418,"Female"
"9004155",371989,2025-05-19 13:00:41,42.6143417358398,-8.81806564331055,"Female"
"9004155",371989,2025-05-19 13:05:49,42.6143569946289,-8.81772804260254,"Female"
"9004155",371989,2025-05-19 13:10:40,42.6143608093262,-8.81755542755127,"Female"
"9004155",371989,2025-05-19 13:15:49,42.6143531799316,-8.81751728057861,"Female"
"9004155",371989,2025-05-19 13:20:41,42.6144142150879,-8.8173942565918,"Female"
"9004155",371989,2025-05-19 13:25:44,42.6144523620605,-8.81741237640381,"Female"
"9004155",371989,2025-05-19 13:30:43,42.6144065856934,-8.81683349609375,"Female"
"9004155",371989,2025-05-19 13:35:42,42.6145324707031,-8.81725120544434,"Female"
"9004155",371989,2025-05-19 13:40:41,42.6145286560059,-8.81711101531982,"Female"
"9004155",371989,2025-05-19 13:45:41,42.6145286560059,-8.81732273101807,"Female"
"9004155",371989,2025-05-19 13:50:41,42.6144981384277,-8.81716442108154,"Female"
"9004155",371989,2025-05-19 13:55:42,42.6145553588867,-8.81740379333496,"Female"
"9004155",371989,2025-05-19 14:01:05,42.6145362854004,-8.81737995147705,"Female"
"9004155",371989,2025-05-19 14:05:40,42.6145515441895,-8.81730270385742,"Female"
"9004155",371989,2025-05-19 14:10:40,42.6145362854004,-8.81733417510986,"Female"
"9004155",371989,2025-05-19 14:15:40,42.6145248413086,-8.81735134124756,"Female"
"9004155",371989,2025-05-19 14:20:41,42.6145553588867,-8.81722450256348,"Female"
"9004155",371989,2025-05-19 14:25:40,42.6145782470703,-8.81737899780273,"Female"
"9004155",371989,2025-05-19 14:30:41,42.6146011352539,-8.81733512878418,"Female"
"9004155",371989,2025-05-19 14:35:40,42.6145858764648,-8.81717586517334,"Female"
"9004155",371989,2025-05-19 14:40:40,42.6145858764648,-8.81733131408691,"Female"
"9004155",371989,2025-05-19 14:45:43,42.614616394043,-8.81727981567383,"Female"
"9004155",371989,2025-05-19 14:50:40,42.6145629882812,-8.81724548339844,"Female"
"9004155",371989,2025-05-19 14:55:41,42.6145935058594,-8.81701850891113,"Female"
"9004155",371989,2025-05-19 15:00:41,42.6146049499512,-8.81728267669678,"Female"
"9004155",371989,2025-05-19 15:06:52,42.6144256591797,-8.81783866882324,"Female"
"9004155",371989,2025-05-19 15:12:10,42.6147804260254,-8.81757926940918,"Female"
"9004155",371989,2025-05-19 15:16:55,42.6147766113281,-8.81746006011963,"Female"
"9004155",371989,2025-05-19 15:21:51,42.6150054931641,-8.8174877166748,"Female"
"9004155",371989,2025-05-19 15:26:53,42.6149711608887,-8.81741142272949,"Female"
"9004155",371989,2025-05-19 15:31:54,42.6150054931641,-8.8174934387207,"Female"
"9004155",371989,2025-05-19 15:36:54,42.6147193908691,-8.81768989562988,"Female"
"9004155",371989,2025-05-19 15:41:59,42.6147384643555,-8.81757736206055,"Female"
"9004155",371989,2025-05-19 15:47:14,42.6146850585938,-8.81757640838623,"Female"
"9004155",371989,2025-05-19 15:51:54,42.6145896911621,-8.81786251068115,"Female"
"9004155",371989,2025-05-19 15:56:51,42.6146278381348,-8.81802368164062,"Female"
"9004155",371989,2025-05-19 16:01:51,42.6146011352539,-8.8182430267334,"Female"
"9004155",371989,2025-05-19 16:06:51,42.6145706176758,-8.8183650970459,"Female"
"9004155",371989,2025-05-19 16:11:51,42.6147232055664,-8.81813430786133,"Female"
"9004155",371989,2025-05-19 16:16:51,42.6147117614746,-8.81801605224609,"Female"
"9004155",371989,2025-05-19 16:21:51,42.6146469116211,-8.81807136535645,"Female"
"9004155",371989,2025-05-19 16:26:52,42.6146240234375,-8.818603515625,"Female"
"9004155",371989,2025-05-19 16:32:23,42.6146812438965,-8.81754112243652,"Female"
"9004155",371989,2025-05-19 16:36:50,42.614631652832,-8.81752490997314,"Female"
"9004155",371989,2025-05-19 16:41:52,42.6150588989258,-8.81768417358398,"Female"
"9004155",371989,2025-05-19 16:47:12,42.6153221130371,-8.81755352020264,"Female"
"9004155",371989,2025-05-19 16:52:01,42.6152992248535,-8.81765651702881,"Female"
"9004155",371989,2025-05-19 16:57:02,42.6154823303223,-8.81770133972168,"Female"
"9004155",371989,2025-05-19 17:02:03,42.6145668029785,-8.81748008728027,"Female"
"9004155",371989,2025-05-19 17:07:02,42.6145629882812,-8.81751918792725,"Female"
"9004155",371989,2025-05-19 17:12:00,42.6145553588867,-8.81750679016113,"Female"
"9004155",371989,2025-05-19 17:17:00,42.6145362854004,-8.81745338439941,"Female"
"9004155",371989,2025-05-19 17:22:00,42.6145706176758,-8.81748199462891,"Female"
"9004155",371989,2025-05-19 17:27:00,42.6145820617676,-8.81752109527588,"Female"
"9004155",371989,2025-05-19 17:32:00,42.6145820617676,-8.81747722625732,"Female"
"9004155",371989,2025-05-19 17:37:03,42.6145286560059,-8.81760787963867,"Female"
"9004155",371989,2025-05-19 17:42:00,42.6145515441895,-8.81742382049561,"Female"
"9004155",371989,2025-05-19 17:47:03,42.6145668029785,-8.81758689880371,"Female"
"9004155",371989,2025-05-19 17:52:14,42.6147117614746,-8.81767559051514,"Female"
"9004155",371989,2025-05-19 17:57:00,42.6147155761719,-8.81773376464844,"Female"
"9004155",371989,2025-05-19 18:02:02,42.6146202087402,-8.81765556335449,"Female"
"9004155",371989,2025-05-19 18:07:02,42.6148529052734,-8.8178186416626,"Female"
"9004155",371989,2025-05-19 18:12:02,42.6148796081543,-8.81783008575439,"Female"
"9004155",371989,2025-05-19 18:17:00,42.6146507263184,-8.81756114959717,"Female"
"9004155",371989,2025-05-19 18:22:02,42.6146965026855,-8.81771373748779,"Female"
"9004155",371989,2025-05-19 18:27:02,42.6139144897461,-8.81979274749756,"Female"
"9004155",371989,2025-05-19 18:32:01,42.6135330200195,-8.82000255584717,"Female"
"9004155",371989,2025-05-19 18:37:13,42.6134872436523,-8.81981468200684,"Female"
"9004155",371989,2025-05-19 18:42:00,42.6134414672852,-8.81982612609863,"Female"
"9004155",371989,2025-05-19 18:47:08,42.6136093139648,-8.8199291229248,"Female"
"9004155",371989,2025-05-19 18:52:07,42.6120071411133,-8.82302665710449,"Female"
"9004155",371989,2025-05-19 18:57:04,42.6018295288086,-8.85384750366211,"Female"
"9004155",371989,2025-05-19 19:02:03,42.583911895752,-8.88497161865234,"Female"
"9004155",371989,2025-05-19 19:07:01,42.5629653930664,-8.91602897644043,"Female"
"9004155",371989,2025-05-19 19:12:07,42.548469543457,-8.93900108337402,"Female"
"9004155",371989,2025-05-19 19:17:03,42.5484008789062,-8.93885803222656,"Female"
"9004155",371989,2025-05-19 19:22:14,42.5485496520996,-8.93880653381348,"Female"
"9004155",371989,2025-05-19 19:27:00,42.5486030578613,-8.93878173828125,"Female"
"9004155",371989,2025-05-19 19:32:03,42.5486450195312,-8.93881702423096,"Female"
"9004155",371989,2025-05-19 19:37:01,42.5485877990723,-8.93881034851074,"Female"
"9004155",371989,2025-05-19 19:42:01,42.5485877990723,-8.93878269195557,"Female"
"9004155",371989,2025-05-19 19:47:15,42.5485801696777,-8.93882751464844,"Female"
"9004155",371989,2025-05-19 19:52:02,42.5485725402832,-8.93887233734131,"Female"
"9004155",371989,2025-05-19 19:57:01,42.5486259460449,-8.93892860412598,"Female"
"9004155",371989,2025-05-19 20:02:03,42.5486145019531,-8.93884754180908,"Female"
"9004155",371989,2025-05-19 20:07:03,42.5487213134766,-8.93895530700684,"Female"
"9004155",371989,2025-05-19 20:12:11,42.5485877990723,-8.93879795074463,"Female"
"9004155",371989,2025-05-19 20:17:02,42.5484161376953,-8.9384651184082,"Female"
"9004155",371989,2025-05-19 20:22:00,42.5484390258789,-8.93867206573486,"Female"
"9004155",371989,2025-05-19 20:27:03,42.5483741760254,-8.93869400024414,"Female"
"9004155",371989,2025-05-19 20:32:04,42.5484428405762,-8.93874454498291,"Female"
"9004155",371989,2025-05-19 20:37:09,42.5483665466309,-8.93914222717285,"Female"
"9004155",371989,2025-05-19 20:42:09,42.5483894348145,-8.93928146362305,"Female"
"9004155",371989,2025-05-19 20:47:35,42.5485191345215,-8.93884372711182,"Female"
"9004155",371989,2025-05-19 20:52:00,42.5485038757324,-8.93885898590088,"Female"
"9004155",371989,2025-05-19 20:57:01,42.5485038757324,-8.93879508972168,"Female"
"9004155",371989,2025-05-19 21:02:00,42.5485153198242,-8.93886470794678,"Female"
"9004155",371989,2025-05-19 21:07:00,42.5485153198242,-8.93887329101562,"Female"
"9004155",371989,2025-05-19 21:12:01,42.5485076904297,-8.93882083892822,"Female"
"9004155",371989,2025-05-19 21:17:00,42.5485382080078,-8.93883991241455,"Female"
"9004155",371989,2025-05-19 21:22:00,42.5485000610352,-8.93881225585938,"Female"
"9004155",371989,2025-05-19 21:27:01,42.5485496520996,-8.938889503479,"Female"
"9004155",371989,2025-05-19 21:32:01,42.5485191345215,-8.93887710571289,"Female"
"9004155",371989,2025-05-19 21:37:01,42.5484848022461,-8.93877696990967,"Female"
"9004155",371989,2025-05-19 21:42:01,42.5485229492188,-8.93885231018066,"Female"
"9004155",371989,2025-05-19 21:47:01,42.5484924316406,-8.93880844116211,"Female"
"9004155",371989,2025-05-19 21:52:01,42.5485305786133,-8.93884468078613,"Female"
"9004155",371989,2025-05-19 21:57:01,42.5485000610352,-8.93882083892822,"Female"
"9004155",371989,2025-05-19 22:02:01,42.5485000610352,-8.93886852264404,"Female"
"9004155",371989,2025-05-19 22:07:01,42.5485038757324,-8.93878936767578,"Female"
"9004155",371989,2025-05-19 22:12:01,42.548511505127,-8.93880081176758,"Female"
"9004155",371989,2025-05-19 22:17:01,42.5485572814941,-8.93877506256104,"Female"
"9004155",371989,2025-05-19 22:22:01,42.5486068725586,-8.93881320953369,"Female"
"9004155",371989,2025-05-19 22:27:02,42.5488090515137,-8.93870067596436,"Female"
"9004155",371989,2025-05-19 22:32:09,42.5484046936035,-8.93900871276855,"Female"
"9004155",371989,2025-05-19 22:37:10,42.5483894348145,-8.93914794921875,"Female"
"9004155",371989,2025-05-19 22:42:01,42.5485153198242,-8.93892288208008,"Female"
"9004155",371989,2025-05-19 22:47:01,42.548583984375,-8.93874549865723,"Female"
"9004155",371989,2025-05-19 22:52:01,42.5486907958984,-8.93869590759277,"Female"
"9004155",371989,2025-05-19 22:57:01,42.5483245849609,-8.93879127502441,"Female"
"9004155",371989,2025-05-19 23:02:09,42.5485343933105,-8.93887615203857,"Female"
"9004155",371989,2025-05-19 23:07:06,42.5485649108887,-8.9387903213501,"Female"
"9004155",371989,2025-05-19 23:12:01,42.5487365722656,-8.93886089324951,"Female"
"9004155",371989,2025-05-19 23:17:01,42.5486755371094,-8.93855285644531,"Female"
"9004155",371989,2025-05-19 23:22:03,42.5484962463379,-8.93856239318848,"Female"
"9004155",371989,2025-05-19 23:27:04,42.5485420227051,-8.93846607208252,"Female"
"9004155",371989,2025-05-19 23:32:15,42.5486450195312,-8.93898010253906,"Female"
"9004155",371989,2025-05-19 23:37:11,42.5487594604492,-8.93910312652588,"Female"
"9004155",371989,2025-05-19 23:42:32,42.5485572814941,-8.9389123916626,"Female"
"9004155",371989,2025-05-19 23:47:01,42.548583984375,-8.93890857696533,"Female"
"9004155",371989,2025-05-19 23:52:00,42.5484733581543,-8.93880558013916,"Female"
"9004155",371989,2025-05-19 23:57:00,42.5485649108887,-8.93886566162109,"Female"
"9004155",371989,2025-05-20 00:02:00,42.5485725402832,-8.93885707855225,"Female"
"9004155",371989,2025-05-20 00:07:00,42.5485229492188,-8.93885326385498,"Female"
"9004155",371989,2025-05-20 00:12:00,42.5485725402832,-8.93879699707031,"Female"
"9004155",371989,2025-05-20 00:17:00,42.5484886169434,-8.938796043396,"Female"
"9004155",371989,2025-05-20 00:22:00,42.5485000610352,-8.93879699707031,"Female"
"9004155",371989,2025-05-20 00:27:00,42.5485954284668,-8.93889808654785,"Female"
"9004155",371989,2025-05-20 00:32:00,42.5485382080078,-8.93889236450195,"Female"
"9004155",371989,2025-05-20 00:37:00,42.5485687255859,-8.93883991241455,"Female"
"9004155",371989,2025-05-20 00:42:00,42.5485916137695,-8.93892574310303,"Female"
"9004155",371989,2025-05-20 00:47:04,42.5485420227051,-8.93885040283203,"Female"
"9004155",371989,2025-05-20 00:52:02,42.5485458374023,-8.93880939483643,"Female"
"9004155",371989,2025-05-20 00:57:02,42.548583984375,-8.93880844116211,"Female"
"9004155",371989,2025-05-20 01:02:14,42.5485191345215,-8.93885135650635,"Female"
"9004155",371989,2025-05-20 01:07:02,42.5488166809082,-8.93888092041016,"Female"
"9004155",371989,2025-05-20 01:12:00,42.5485992431641,-8.93887233734131,"Female"
"9004155",371989,2025-05-20 01:17:09,42.5485649108887,-8.93868350982666,"Female"
"9004155",371989,2025-05-20 01:22:00,42.5484733581543,-8.93840503692627,"Female"
"9004155",371989,2025-05-20 01:27:09,42.5486297607422,-8.93870639801025,"Female"
"9004155",371989,2025-05-20 01:32:35,42.5485420227051,-8.93888473510742,"Female"
"9004155",371989,2025-05-20 01:37:00,42.5485382080078,-8.93893241882324,"Female"
"9004155",371989,2025-05-20 01:42:00,42.5485458374023,-8.93880176544189,"Female"
"9004155",371989,2025-05-20 01:47:00,42.548583984375,-8.93888568878174,"Female"
"9004155",371989,2025-05-20 01:52:00,42.5485496520996,-8.93889617919922,"Female"
"9004155",371989,2025-05-20 01:57:00,42.5484924316406,-8.93881416320801,"Female"
"9004155",371989,2025-05-20 02:02:11,42.5485229492188,-8.93887615203857,"Female"
"9004155",371989,2025-05-20 02:07:00,42.5485382080078,-8.93892383575439,"Female"
"9004155",371989,2025-05-20 02:12:00,42.5486373901367,-8.93909549713135,"Female"
"9004155",371989,2025-05-20 02:17:14,42.5485458374023,-8.93892574310303,"Female"
"9004155",371989,2025-05-20 02:22:00,42.5485572814941,-8.93896865844727,"Female"
"9004155",371989,2025-05-20 02:27:00,42.5485382080078,-8.93898487091064,"Female"
"9004155",371989,2025-05-20 02:32:00,42.5485649108887,-8.93895149230957,"Female"
"9004155",371989,2025-05-20 02:37:00,42.5485534667969,-8.93893146514893,"Female"
"9004155",371989,2025-05-20 02:42:00,42.5486297607422,-8.93908786773682,"Female"
"9004155",371989,2025-05-20 02:47:35,42.548511505127,-8.93876934051514,"Female"
"9004155",371989,2025-05-20 02:52:00,42.548511505127,-8.93873119354248,"Female"
"9004155",371989,2025-05-20 02:57:00,42.5485076904297,-8.93875217437744,"Female"
"9004155",371989,2025-05-20 03:02:00,42.5484313964844,-8.93880844116211,"Female"
"9004155",371989,2025-05-20 03:07:02,42.5484771728516,-8.93881034851074,"Female"
"9004155",371989,2025-05-20 03:12:00,42.5484733581543,-8.9385814666748,"Female"
"9004155",371989,2025-05-20 03:17:00,42.5484199523926,-8.93885803222656,"Female"
"9004155",371989,2025-05-20 03:22:03,42.5485763549805,-8.93884181976318,"Female"
"9004155",371989,2025-05-20 03:27:01,42.548583984375,-8.93835067749023,"Female"
"9004155",371989,2025-05-20 03:32:01,42.5485610961914,-8.93863391876221,"Female"
"9004155",371989,2025-05-20 03:37:07,42.5484809875488,-8.93859386444092,"Female"
"9004155",371989,2025-05-20 03:42:11,42.5485076904297,-8.93867683410645,"Female"
"9004155",371989,2025-05-20 03:47:00,42.5484962463379,-8.93861389160156,"Female"
"9004155",371989,2025-05-20 03:52:00,42.548656463623,-8.93885612487793,"Female"
"9004155",371989,2025-05-20 03:57:00,42.548656463623,-8.93906593322754,"Female"
"9004155",371989,2025-05-20 04:02:00,42.5484466552734,-8.93888187408447,"Female"
"9004155",371989,2025-05-20 04:07:00,42.5484733581543,-8.93913078308105,"Female"
"9004155",371989,2025-05-20 04:12:01,42.5485382080078,-8.9390754699707,"Female"
"9004155",371989,2025-05-20 04:17:00,42.5486183166504,-8.93912410736084,"Female"
"9004155",371989,2025-05-20 04:22:01,42.5490417480469,-8.9393253326416,"Female"
"9004155",371989,2025-05-20 04:27:01,42.5487174987793,-8.93924617767334,"Female"
"9004155",371989,2025-05-20 04:32:15,42.548526763916,-8.93906116485596,"Female"
"9004155",371989,2025-05-20 04:37:00,42.5485229492188,-8.93908596038818,"Female"
"9004155",371989,2025-05-20 04:42:11,42.5485763549805,-8.93896389007568,"Female"
"9004155",371989,2025-05-20 04:47:04,42.5484809875488,-8.93888378143311,"Female"
"9004155",371989,2025-05-20 04:52:07,42.5483436584473,-8.93867778778076,"Female"
"9004155",371989,2025-05-20 04:57:04,42.548526763916,-8.93888473510742,"Female"
"9004155",371989,2025-05-20 05:02:12,42.5484390258789,-8.93888378143311,"Female"
"9004155",371989,2025-05-20 05:07:00,42.5484771728516,-8.93881988525391,"Female"
"9004155",371989,2025-05-20 05:12:01,42.5484161376953,-8.93878269195557,"Female"
"9004155",371989,2025-05-20 05:17:15,42.5483818054199,-8.93880462646484,"Female"
"9004155",371989,2025-05-20 05:22:35,42.5485382080078,-8.93888664245605,"Female"
"9004155",371989,2025-05-20 05:27:00,42.5487174987793,-8.93894481658936,"Female"
"9004155",371989,2025-05-20 05:32:00,42.5486831665039,-8.93893527984619,"Female"
"9004155",371989,2025-05-20 05:37:00,42.5486526489258,-8.93887424468994,"Female"
"9004155",371989,2025-05-20 05:42:00,42.5486907958984,-8.93884944915771,"Female"
"9004155",371989,2025-05-20 05:47:01,42.5488357543945,-8.93914222717285,"Female"
"9004155",371989,2025-05-20 05:52:02,42.5487098693848,-8.93899917602539,"Female"
"9004155",371989,2025-05-20 05:57:01,42.5487976074219,-8.93892288208008,"Female"
"9004155",371989,2025-05-20 06:02:01,42.5493583679199,-8.93808078765869,"Female"
"9004155",371989,2025-05-20 06:07:00,42.5817909240723,-8.91858005523682,"Female"
"9004155",371989,2025-05-20 06:12:49,42.6060752868652,-8.91434669494629,"Female"
"9004155",371989,2025-05-20 06:17:40,42.6070442199707,-8.91309070587158,"Female"
"9004155",371989,2025-05-20 06:23:43,42.609447479248,-8.91115283966064,"Female"
"9004155",371989,2025-05-20 06:28:45,42.610897064209,-8.90894412994385,"Female"
"9004155",371989,2025-05-20 06:33:43,42.6107330322266,-8.90774250030518,"Female"
"9004155",371989,2025-05-20 06:38:45,42.6104965209961,-8.90778732299805,"Female"
"9004155",371989,2025-05-20 06:43:43,42.6106910705566,-8.90793037414551,"Female"
"9004155",371989,2025-05-20 06:49:05,42.6106758117676,-8.90803050994873,"Female"
"9004155",371989,2025-05-20 06:53:42,42.6106910705566,-8.90806579589844,"Female"
"9004155",371989,2025-05-20 06:58:42,42.6107368469238,-8.90797424316406,"Female"
"9004155",371989,2025-05-20 07:03:42,42.6107025146484,-8.90798950195312,"Female"
"9004155",371989,2025-05-20 07:08:50,42.6106414794922,-8.90808582305908,"Female"
"9004155",371989,2025-05-20 07:13:42,42.6107330322266,-8.90795803070068,"Female"
"9004155",371989,2025-05-20 07:18:45,42.606803894043,-8.88531112670898,"Female"
"9004155",371989,2025-05-20 07:23:45,42.6129989624023,-8.83571243286133,"Female"
"9004155",371989,2025-05-20 07:28:52,42.6150703430176,-8.8218469619751,"Female"
"9004155",371989,2025-05-20 07:35:00,42.613883972168,-8.8222017288208,"Female"
"9004155",371989,2025-05-20 07:40:00,42.6130142211914,-8.82276058197021,"Female"
"9004155",371989,2025-05-20 07:45:01,42.6130104064941,-8.82275390625,"Female"
"9004155",371989,2025-05-20 07:50:00,42.6130409240723,-8.82283496856689,"Female"
"9004155",371989,2025-05-20 07:55:00,42.6130065917969,-8.8227014541626,"Female"
"9004155",371989,2025-05-20 08:00:07,42.6130104064941,-8.82284450531006,"Female"
"9004155",371989,2025-05-20 08:05:01,42.6131362915039,-8.82291698455811,"Female"
"9004155",371989,2025-05-20 08:10:01,42.6133079528809,-8.82284355163574,"Female"
"9004155",371989,2025-05-20 08:15:01,42.6134910583496,-8.82294464111328,"Female"
"9004155",371989,2025-05-20 08:20:02,42.6133003234863,-8.82293224334717,"Female"
"9004155",371989,2025-05-20 08:25:40,42.612735748291,-8.82293033599854,"Female"
"9004155",371989,2025-05-20 08:31:03,42.6128997802734,-8.82259750366211,"Female"
"9004155",371989,2025-05-20 08:35:40,42.6129264831543,-8.82336807250977,"Female"
"9004155",371989,2025-05-20 08:40:41,42.6129913330078,-8.82316112518311,"Female"
"9004155",371989,2025-05-20 08:45:34,42.6129570007324,-8.82321453094482,"Female"
"9004155",371989,2025-05-20 08:50:33,42.6129493713379,-8.82315731048584,"Female"
"9004155",371989,2025-05-20 08:55:37,42.612922668457,-8.8231372833252,"Female"
"9004155",371989,2025-05-20 09:00:39,42.6128883361816,-8.82314682006836,"Female"
"9004155",371989,2025-05-20 09:05:37,42.6129989624023,-8.82313537597656,"Female"
"9004155",371989,2025-05-20 09:10:37,42.6128463745117,-8.82311725616455,"Female"
"9004155",371989,2025-05-20 09:15:34,42.6128616333008,-8.82312488555908,"Female"
"9004155",371989,2025-05-20 09:20:37,42.6127662658691,-8.8230447769165,"Female"
"9004155",371989,2025-05-20 09:25:39,42.6127281188965,-8.82304191589355,"Female"
"9004155",371989,2025-05-20 09:30:44,42.612678527832,-8.82292366027832,"Female"
"9004155",371989,2025-05-20 09:36:37,42.6128463745117,-8.82272720336914,"Female"
"9004155",371989,2025-05-20 09:41:22,42.613338470459,-8.82259750366211,"Female"
"9004155",371989,2025-05-20 09:46:38,42.6138687133789,-8.82249641418457,"Female"
"9004155",371989,2025-05-20 09:51:22,42.6140823364258,-8.82292461395264,"Female"
"9004155",371989,2025-05-20 09:56:18,42.6141738891602,-8.82293605804443,"Female"
"9004155",371989,2025-05-20 10:01:44,42.6139259338379,-8.822509765625,"Female"
"9004155",371989,2025-05-20 10:06:18,42.6138076782227,-8.82234859466553,"Female"
"9004155",371989,2025-05-20 10:11:18,42.6139297485352,-8.82248973846436,"Female"
"9004155",371989,2025-05-20 10:16:18,42.613956451416,-8.8227596282959,"Female"
"9004155",371989,2025-05-20 10:21:21,42.6142768859863,-8.8193883895874,"Female"
"9004155",371989,2025-05-20 10:26:41,42.6153144836426,-8.81894493103027,"Female"
"9004155",371989,2025-05-20 10:31:45,42.6149063110352,-8.81792640686035,"Female"
"9004155",371989,2025-05-20 10:37:06,42.6151313781738,-8.81894683837891,"Female"
"9004155",371989,2025-05-20 10:41:55,42.615161895752,-8.81909561157227,"Female"
"9004155",371989,2025-05-20 10:47:05,42.6151313781738,-8.81913471221924,"Female"
"9004155",371989,2025-05-20 10:51:43,42.6151161193848,-8.81913566589355,"Female"
"9004155",371989,2025-05-20 10:56:43,42.6151695251465,-8.81914901733398,"Female"
"9004155",371989,2025-05-20 11:01:43,42.6151580810547,-8.81920051574707,"Female"
"9004155",371989,2025-05-20 11:06:44,42.6151428222656,-8.81918144226074,"Female"
"9004155",371989,2025-05-20 11:12:16,42.6152229309082,-8.81962299346924,"Female"
"9004155",371989,2025-05-20 11:17:35,42.6151390075684,-8.81878471374512,"Female"
"9004155",371989,2025-05-20 11:22:07,42.6152496337891,-8.81737804412842,"Female"
"9004155",371989,2025-05-20 11:27:31,42.6153106689453,-8.81756687164307,"Female"
"9004155",371989,2025-05-20 11:32:31,42.6144943237305,-8.81785488128662,"Female"
"9004155",371989,2025-05-20 11:37:30,42.6143684387207,-8.81794548034668,"Female"
"9004155",371989,2025-05-20 11:42:30,42.6143913269043,-8.81800270080566,"Female"
"9004155",371989,2025-05-20 11:47:30,42.6143798828125,-8.81791591644287,"Female"
"9004155",371989,2025-05-20 11:52:30,42.6142921447754,-8.81782722473145,"Female"
"9004155",371989,2025-05-20 11:57:31,42.6142807006836,-8.81785869598389,"Female"
"9004155",371989,2025-05-20 12:02:30,42.6143188476562,-8.81788349151611,"Female"
"9004155",371989,2025-05-20 12:07:30,42.614372253418,-8.81796360015869,"Female"
"9004155",371989,2025-05-20 12:12:30,42.6144218444824,-8.81810474395752,"Female"
"9004155",371989,2025-05-20 12:17:30,42.6143646240234,-8.81797885894775,"Female"
"9004155",371989,2025-05-20 12:22:30,42.6042518615723,-8.82466220855713,"Female"
"9004155",371989,2025-05-20 12:27:31,42.6042327880859,-8.82516479492188,"Female"
"9004155",371989,2025-05-20 12:32:32,42.6031494140625,-8.82532691955566,"Female"
"9004155",371989,2025-05-20 12:37:32,42.6023788452148,-8.82618713378906,"Female"
"9004155",371989,2025-05-20 12:42:31,42.6023597717285,-8.82560253143311,"Female"
"9004155",371989,2025-05-20 12:47:39,42.6023826599121,-8.825852394104,"Female"
"9004155",371989,2025-05-20 12:52:36,42.6023597717285,-8.82588195800781,"Female"
"9004155",371989,2025-05-20 12:57:33,42.6011581420898,-8.82687187194824,"Female"
"9004155",371989,2025-05-20 13:02:34,42.5785293579102,-8.85448265075684,"Female"
"9004155",371989,2025-05-20 13:07:32,42.5757141113281,-8.8645658493042,"Female"
"9004155",371989,2025-05-20 13:12:34,42.5751724243164,-8.87781620025635,"Female"
"9004155",371989,2025-05-20 13:17:31,42.5519485473633,-8.90139102935791,"Female"
"9004155",371989,2025-05-20 13:22:31,42.5395545959473,-8.90754985809326,"Female"
"9004155",371989,2025-05-20 13:27:31,42.5356903076172,-8.91002464294434,"Female"
"9004155",371989,2025-05-20 13:32:31,42.5033340454102,-8.92243003845215,"Female"
"9004155",371989,2025-05-20 13:37:30,42.4805946350098,-8.93627071380615,"Female"
"9004155",371989,2025-05-20 13:42:43,42.4805526733398,-8.9364185333252,"Female"
"9004155",371989,2025-05-20 13:47:30,42.4429092407227,-8.93951606750488,"Female"
"9004155",371989,2025-05-20 13:52:31,42.4105682373047,-8.92802143096924,"Female"
"9004155",371989,2025-05-20 13:57:43,42.4090042114258,-8.92698860168457,"Female"
"9004155",371989,2025-05-20 14:02:32,42.4004745483398,-8.91935253143311,"Female"
"9004155",371989,2025-05-20 14:07:37,42.3978996276855,-8.91984367370605,"Female"
"9004155",371989,2025-05-20 14:12:31,42.3978843688965,-8.9197473526001,"Female"
"9004155",371989,2025-05-20 14:17:33,42.397891998291,-8.91985034942627,"Female"
"9004155",371989,2025-05-20 14:22:34,42.3979187011719,-8.91983890533447,"Female"
"9004155",371989,2025-05-20 14:27:39,42.3979110717773,-8.91998100280762,"Female"
"9004155",371989,2025-05-20 14:33:05,42.3978538513184,-8.92021942138672,"Female"
"9004155",371989,2025-05-20 14:37:30,42.3979187011719,-8.92013263702393,"Female"
"9004155",371989,2025-05-20 14:42:34,42.3978805541992,-8.920166015625,"Female"
"9004155",371989,2025-05-20 14:47:31,42.398323059082,-8.91998386383057,"Female"
"9004155",371989,2025-05-20 14:52:43,42.3994216918945,-8.92084217071533,"Female"
"9004155",371989,2025-05-20 14:57:41,42.3991279602051,-8.92094230651855,"Female"
"9004155",371989,2025-05-20 15:03:14,42.3995475769043,-8.9208517074585,"Female"
"9004155",371989,2025-05-20 15:07:34,42.3996086120605,-8.92094993591309,"Female"
"9004155",371989,2025-05-20 15:12:32,42.3982925415039,-8.92120170593262,"Female"
"9004155",371989,2025-05-20 15:17:31,42.3985443115234,-8.92089557647705,"Female"
"9004155",371989,2025-05-20 15:22:34,42.3984870910645,-8.92095279693604,"Female"
"9004155",371989,2025-05-20 15:27:39,42.3984375,-8.92105197906494,"Female"
"9004155",371989,2025-05-20 15:32:31,42.3982963562012,-8.9209451675415,"Female"
"9004155",371989,2025-05-20 15:37:31,42.3984451293945,-8.92105007171631,"Female"
"9004155",371989,2025-05-20 15:42:31,42.3985214233398,-8.92110443115234,"Female"
"9004155",371989,2025-05-20 15:47:33,42.3983039855957,-8.92099380493164,"Female"
"9004155",371989,2025-05-20 15:52:32,42.3979034423828,-8.92088413238525,"Female"
"9004155",371989,2025-05-20 15:57:32,42.3983306884766,-8.92097854614258,"Female"
"9004155",371989,2025-05-20 16:02:34,42.3983917236328,-8.92106819152832,"Female"
"9004155",371989,2025-05-20 16:07:34,42.3984260559082,-8.92110061645508,"Female"
"9004155",371989,2025-05-20 16:12:36,42.3984260559082,-8.92099571228027,"Female"
"9004155",371989,2025-05-20 16:17:35,42.3983993530273,-8.92103385925293,"Female"
"9004155",371989,2025-05-20 16:22:35,42.3983917236328,-8.92105674743652,"Female"
"9004155",371989,2025-05-20 16:27:33,42.3984260559082,-8.92103958129883,"Female"
"9004155",371989,2025-05-20 16:32:43,42.3984260559082,-8.92103004455566,"Female"
"9004155",371989,2025-05-20 16:37:35,42.3983383178711,-8.92101669311523,"Female"
"9004155",371989,2025-05-20 16:42:34,42.3983573913574,-8.92101955413818,"Female"
"9004155",371989,2025-05-20 16:47:33,42.3984298706055,-8.92102241516113,"Female"
"9004155",371989,2025-05-20 16:52:34,42.3983993530273,-8.92100715637207,"Female"
"9004155",371989,2025-05-20 16:57:43,42.3984756469727,-8.92107009887695,"Female"
"9004155",371989,2025-05-20 17:02:38,42.3984298706055,-8.92100524902344,"Female"
"9004155",371989,2025-05-20 17:07:33,42.3985786437988,-8.92116737365723,"Female"
"9004155",371989,2025-05-20 17:12:38,42.3984451293945,-8.92101287841797,"Female"
"9004155",371989,2025-05-20 17:17:44,42.3985595703125,-8.92076873779297,"Female"
"9004155",371989,2025-05-20 17:22:33,42.398509979248,-8.9210147857666,"Female"
"9004155",371989,2025-05-20 17:27:33,42.398509979248,-8.92111301422119,"Female"
"9004155",371989,2025-05-20 17:32:34,42.3985176086426,-8.92108726501465,"Female"
"9004155",371989,2025-05-20 17:37:34,42.3985023498535,-8.92107963562012,"Female"
"9004155",371989,2025-05-20 17:42:43,42.3984375,-8.92101192474365,"Female"
"9004155",371989,2025-05-20 17:48:05,42.3984756469727,-8.92102432250977,"Female"
"9004155",371989,2025-05-20 17:52:34,42.3988380432129,-8.92133808135986,"Female"
"9004155",371989,2025-05-20 17:57:38,42.3988571166992,-8.92142772674561,"Female"
"9004155",371989,2025-05-20 18:02:34,42.3984756469727,-8.92107772827148,"Female"
"9004155",371989,2025-05-20 18:07:33,42.3984527587891,-8.9210844039917,"Female"
"9004155",371989,2025-05-20 18:12:37,42.3983726501465,-8.92105388641357,"Female"
"9004155",371989,2025-05-20 18:17:32,42.3981132507324,-8.92111396789551,"Female"
"9004155",371989,2025-05-20 18:22:33,42.3983726501465,-8.9210147857666,"Female"
"9004155",371989,2025-05-20 18:27:33,42.3982963562012,-8.92109489440918,"Female"
"9004155",371989,2025-05-20 18:32:36,42.3984527587891,-8.920973777771,"Female"
"9004155",371989,2025-05-20 18:37:43,42.3986511230469,-8.92111968994141,"Female"
"9004155",371989,2025-05-20 18:42:37,42.3986663818359,-8.92103958129883,"Female"
"9004155",371989,2025-05-20 18:47:39,42.3986511230469,-8.921142578125,"Female"
"9004155",371989,2025-05-20 18:52:39,42.3987579345703,-8.92114448547363,"Female"
"9004155",371989,2025-05-20 18:57:42,42.3986930847168,-8.92112827301025,"Female"
"9004155",371989,2025-05-20 19:02:37,42.3987426757812,-8.92119312286377,"Female"
"9004155",371989,2025-05-20 19:07:37,42.3987579345703,-8.92122077941895,"Female"
"9004155",371989,2025-05-20 19:13:04,42.3985977172852,-8.92111492156982,"Female"
"9004155",371989,2025-05-20 19:17:32,42.3984069824219,-8.92107009887695,"Female"
"9004155",371989,2025-05-20 19:22:30,42.3984909057617,-8.92104148864746,"Female"
"9004155",371989,2025-05-20 19:27:31,42.3984527587891,-8.92112064361572,"Female"
"9004155",371989,2025-05-20 19:32:32,42.3983879089355,-8.92106819152832,"Female"
"9004155",371989,2025-05-20 19:37:30,42.3984375,-8.92093086242676,"Female"
"9004155",371989,2025-05-20 19:42:33,42.3985328674316,-8.92094421386719,"Female"
"9004155",371989,2025-05-20 19:47:31,42.3984642028809,-8.92099857330322,"Female"
"9004155",371989,2025-05-20 19:52:44,42.3987197875977,-8.92125129699707,"Female"
"9004155",371989,2025-05-20 19:57:31,42.3985137939453,-8.92105484008789,"Female"
"9004155",371989,2025-05-20 20:02:39,42.3984298706055,-8.92091464996338,"Female"
"9004155",371989,2025-05-20 20:07:33,42.3986511230469,-8.92123222351074,"Female"
"9004155",371989,2025-05-20 20:12:33,42.3985366821289,-8.92109775543213,"Female"
"9004155",371989,2025-05-20 20:17:34,42.3984680175781,-8.92100715637207,"Female"
"9004155",371989,2025-05-20 20:22:36,42.3984985351562,-8.92129325866699,"Female"
"9004155",371989,2025-05-20 20:27:32,42.3983573913574,-8.92085647583008,"Female"
"9004155",371989,2025-05-20 20:32:33,42.3984031677246,-8.92092227935791,"Female"
"9004155",371989,2025-05-20 20:37:32,42.3984642028809,-8.92098999023438,"Female"
"9004155",371989,2025-05-20 20:42:33,42.3986206054688,-8.9212064743042,"Female"
"9004155",371989,2025-05-20 20:47:44,42.3983764648438,-8.92092990875244,"Female"
"9004155",371989,2025-05-20 20:52:31,42.3982696533203,-8.92086791992188,"Female"
"9004155",371989,2025-05-20 20:57:32,42.398365020752,-8.92096424102783,"Female"
"9004155",371989,2025-05-20 21:02:31,42.3984184265137,-8.92110824584961,"Female"
"9004155",371989,2025-05-20 21:07:31,42.3984832763672,-8.92112922668457,"Female"
"9004155",371989,2025-05-20 21:12:36,42.3983955383301,-8.92102718353271,"Female"
"9004155",371989,2025-05-20 21:17:32,42.3983497619629,-8.92094707489014,"Female"
"9004155",371989,2025-05-20 21:22:30,42.3982963562012,-8.92087268829346,"Female"
"9004155",371989,2025-05-20 21:27:31,42.398323059082,-8.9209098815918,"Female"
"9004155",371989,2025-05-20 21:32:44,42.3983993530273,-8.92096996307373,"Female"
"9004155",371989,2025-05-20 21:37:30,42.3984375,-8.92101764678955,"Female"
"9004155",371989,2025-05-20 21:42:37,42.3984107971191,-8.92096996307373,"Female"
"9004155",371989,2025-05-20 21:47:30,42.3983879089355,-8.9210262298584,"Female"
"9004155",371989,2025-05-20 21:52:39,42.3984222412109,-8.92098522186279,"Female"
"9004155",371989,2025-05-20 21:57:38,42.3983688354492,-8.92104816436768,"Female"
"9004155",371989,2025-05-20 22:03:05,42.3984603881836,-8.92089080810547,"Female"
"9004155",371989,2025-05-20 22:07:30,42.3984069824219,-8.92093849182129,"Female"
"9004155",371989,2025-05-20 22:12:30,42.3983764648438,-8.92093181610107,"Female"
"9004155",371989,2025-05-20 22:17:30,42.3983955383301,-8.92098999023438,"Female"
"9004155",371989,2025-05-20 22:22:31,42.3983345031738,-8.92100143432617,"Female"
"9004155",371989,2025-05-20 22:27:31,42.3984298706055,-8.92112731933594,"Female"
"9004155",371989,2025-05-20 22:32:34,42.3983879089355,-8.92111587524414,"Female"
"9004155",371989,2025-05-20 22:37:32,42.3983917236328,-8.92103958129883,"Female"
"9004155",371989,2025-05-20 22:42:30,42.3983345031738,-8.92112255096436,"Female"
"9004155",371989,2025-05-20 22:47:30,42.3983764648438,-8.92111206054688,"Female"
"9004155",371989,2025-05-20 22:52:30,42.3983535766602,-8.92081642150879,"Female"
"9004155",371989,2025-05-20 22:57:31,42.3983154296875,-8.92087554931641,"Female"
"9004155",371989,2025-05-20 23:02:32,42.3982620239258,-8.92059707641602,"Female"
"9004155",371989,2025-05-20 23:07:44,42.3983459472656,-8.92093181610107,"Female"
"9004155",371989,2025-05-20 23:13:05,42.3983688354492,-8.92098331451416,"Female"
"9004155",371989,2025-05-20 23:17:31,42.3983879089355,-8.92099285125732,"Female"
"9004155",371989,2025-05-20 23:22:31,42.3984031677246,-8.92094135284424,"Female"
"9004155",371989,2025-05-20 23:27:30,42.3984527587891,-8.92100811004639,"Female"
"9004155",371989,2025-05-20 23:32:30,42.3984146118164,-8.92094039916992,"Female"
"9004155",371989,2025-05-20 23:37:31,42.398365020752,-8.92087459564209,"Female"
"9004155",371989,2025-05-20 23:42:31,42.398323059082,-8.92087936401367,"Female"
"9004155",371989,2025-05-20 23:47:30,42.3983345031738,-8.92092990875244,"Female"
"9004155",371989,2025-05-20 23:52:31,42.3984260559082,-8.92105960845947,"Female"
"9004155",371989,2025-05-20 23:57:31,42.3983955383301,-8.92091751098633,"Female"
"9004155",371989,2025-05-21 00:02:31,42.3982887268066,-8.92082786560059,"Female"
"9004155",371989,2025-05-21 00:07:31,42.3983726501465,-8.92097187042236,"Female"
"9004155",371989,2025-05-21 00:12:31,42.3983612060547,-8.92090606689453,"Female"
"9004155",371989,2025-05-21 00:17:31,42.3983535766602,-8.92088031768799,"Female"
"9004155",371989,2025-05-21 00:22:31,42.3983459472656,-8.92081165313721,"Female"
"9004155",371989,2025-05-21 00:27:31,42.3983573913574,-8.92084980010986,"Female"
"9004155",371989,2025-05-21 00:32:31,42.3983421325684,-8.92080211639404,"Female"
"9004155",371989,2025-05-21 00:37:31,42.3983573913574,-8.920823097229,"Female"
"9004155",371989,2025-05-21 00:42:31,42.3984298706055,-8.9207935333252,"Female"
"9004155",371989,2025-05-21 00:47:31,42.3983573913574,-8.92083263397217,"Female"
"9004155",371989,2025-05-21 00:52:31,42.3983497619629,-8.92079544067383,"Female"
"9004155",371989,2025-05-21 00:57:31,42.3984298706055,-8.92094135284424,"Female"
"9004155",371989,2025-05-21 01:02:31,42.3983726501465,-8.92084503173828,"Female"
"9004155",371989,2025-05-21 01:07:31,42.3984184265137,-8.92079639434814,"Female"
"9004155",371989,2025-05-21 01:12:31,42.3985061645508,-8.9208517074585,"Female"
"9004155",371989,2025-05-21 01:17:31,42.3985404968262,-8.92079925537109,"Female"
"9004155",371989,2025-05-21 01:22:31,42.3984985351562,-8.9208288192749,"Female"
"9004155",371989,2025-05-21 01:27:31,42.3985214233398,-8.9208812713623,"Female"
"9004155",371989,2025-05-21 01:32:31,42.3985023498535,-8.92087173461914,"Female"
"9004155",371989,2025-05-21 01:37:31,42.3984985351562,-8.92083835601807,"Female"
"9004155",371989,2025-05-21 01:42:33,42.3984603881836,-8.92084503173828,"Female"
"9004155",371989,2025-05-21 01:47:31,42.3984985351562,-8.92091178894043,"Female"
"9004155",371989,2025-05-21 01:52:33,42.3984527587891,-8.92085838317871,"Female"
"9004155",371989,2025-05-21 01:57:38,42.3984146118164,-8.92088603973389,"Female"
"9004155",371989,2025-05-21 02:02:36,42.3984870910645,-8.92090511322021,"Female"
"9004155",371989,2025-05-21 02:08:05,42.3984146118164,-8.92094802856445,"Female"
"9004155",371989,2025-05-21 02:12:31,42.3985748291016,-8.92125701904297,"Female"
"9004155",371989,2025-05-21 02:17:42,42.3984298706055,-8.9209156036377,"Female"
"9004155",371989,2025-05-21 02:22:31,42.3983421325684,-8.92081260681152,"Female"
"9004155",371989,2025-05-21 02:27:43,42.3984107971191,-8.92088031768799,"Female"
"9004155",371989,2025-05-21 02:32:39,42.3983993530273,-8.92085456848145,"Female"
"9004155",371989,2025-05-21 02:37:39,42.3984184265137,-8.92093086242676,"Female"
"9004155",371989,2025-05-21 02:42:39,42.3984069824219,-8.92086601257324,"Female"
"9004155",371989,2025-05-21 02:48:05,42.3984375,-8.92097949981689,"Female"
"9004155",371989,2025-05-21 02:52:31,42.3984260559082,-8.92098617553711,"Female"
"9004155",371989,2025-05-21 02:57:32,42.3983993530273,-8.92085742950439,"Female"
"9004155",371989,2025-05-21 03:02:31,42.3984222412109,-8.92091083526611,"Female"
"9004155",371989,2025-05-21 03:07:31,42.3984603881836,-8.92096328735352,"Female"
"9004155",371989,2025-05-21 03:12:41,42.3984680175781,-8.92094421386719,"Female"
"9004155",371989,2025-05-21 03:17:49,42.3985137939453,-8.92090892791748,"Female"
"9004155",371989,2025-05-21 03:22:34,42.3985366821289,-8.92093849182129,"Female"
"9004155",371989,2025-05-21 03:27:44,42.3984260559082,-8.92094421386719,"Female"
"9004155",371989,2025-05-21 03:32:39,42.3984031677246,-8.92086219787598,"Female"
"9004155",371989,2025-05-21 03:37:42,42.3985481262207,-8.92091655731201,"Female"
"9004155",371989,2025-05-21 03:43:05,42.3984375,-8.92104530334473,"Female"
"9004155",371989,2025-05-21 03:47:30,42.3984107971191,-8.92121124267578,"Female"
"9004155",371989,2025-05-21 03:52:30,42.3983879089355,-8.92112922668457,"Female"
"9004155",371989,2025-05-21 03:57:30,42.3984718322754,-8.92107486724854,"Female"
"9004155",371989,2025-05-21 04:02:31,42.3983955383301,-8.92108154296875,"Female"
"9004155",371989,2025-05-21 04:07:31,42.3984298706055,-8.92111492156982,"Female"
"9004155",371989,2025-05-21 04:12:32,42.3984375,-8.92100143432617,"Female"
"9004155",371989,2025-05-21 04:17:30,42.3984184265137,-8.92089080810547,"Female"
"9004155",371989,2025-05-21 04:22:39,42.3983306884766,-8.92102718353271,"Female"
"9004155",371989,2025-05-21 04:27:39,42.3984184265137,-8.92099952697754,"Female"
"9004155",371989,2025-05-21 04:33:21,42.3984222412109,-8.92103576660156,"Female"
"9004155",371989,2025-05-21 04:37:30,42.3984451293945,-8.92096900939941,"Female"
"9004155",371989,2025-05-21 04:42:36,42.3983993530273,-8.9210319519043,"Female"
"9004155",371989,2025-05-21 04:47:37,42.3982200622559,-8.920973777771,"Female"
"9004155",371989,2025-05-21 04:52:33,42.3982238769531,-8.92094230651855,"Female"
"9004155",371989,2025-05-21 04:57:34,42.3982620239258,-8.9208869934082,"Female"
"9004155",371989,2025-05-21 05:02:32,42.3982238769531,-8.92086505889893,"Female"
"9004155",371989,2025-05-21 05:07:34,42.398063659668,-8.92097854614258,"Female"
"9004155",371989,2025-05-21 05:12:43,42.3980407714844,-8.92092895507812,"Female"
"9004155",371989,2025-05-21 05:17:39,42.3979721069336,-8.92094898223877,"Female"
"9004155",371989,2025-05-21 05:22:39,42.3980522155762,-8.92079734802246,"Female"
"9004155",371989,2025-05-21 05:27:39,42.3981704711914,-8.92077732086182,"Female"
"9004155",371989,2025-05-21 05:32:39,42.3980178833008,-8.92065048217773,"Female"
"9004155",371989,2025-05-21 05:37:39,42.3979148864746,-8.92055034637451,"Female"
"9004155",371989,2025-05-21 05:42:34,42.3978004455566,-8.92051887512207,"Female"
"9004155",371989,2025-05-21 05:47:45,42.3977966308594,-8.92051696777344,"Female"
"9004155",371989,2025-05-21 05:53:14,42.3984107971191,-8.92094039916992,"Female"
"9004155",371989,2025-05-21 05:57:33,42.3980941772461,-8.92114543914795,"Female"
"9004155",371989,2025-05-21 06:02:40,42.3981170654297,-8.92068576812744,"Female"
"9004155",371989,2025-05-21 06:07:36,42.3986167907715,-8.92113590240479,"Female"
"9004155",371989,2025-05-21 06:12:34,42.3985443115234,-8.92109203338623,"Female"
"9004155",371989,2025-05-21 06:17:34,42.3984375,-8.92107582092285,"Female"
"9004155",371989,2025-05-21 06:23:05,42.3985176086426,-8.92117595672607,"Female"
"9004155",371989,2025-05-21 06:27:33,42.3985366821289,-8.92118167877197,"Female"
"9004155",371989,2025-05-21 06:32:37,42.3985023498535,-8.92109966278076,"Female"
"9004155",371989,2025-05-21 06:37:36,42.3983497619629,-8.92097663879395,"Female"
"9004155",371989,2025-05-21 06:42:38,42.3985557556152,-8.92166328430176,"Female"
"9004155",371989,2025-05-21 06:48:28,42.3983840942383,-8.92098808288574,"Female"
"9004155",371989,2025-05-21 06:52:30,42.3984146118164,-8.92095851898193,"Female"
"9004155",371989,2025-05-21 06:57:31,42.398380279541,-8.92079830169678,"Female"
"9004155",371989,2025-05-21 07:02:34,42.3984222412109,-8.92092800140381,"Female"
"9004155",371989,2025-05-21 07:07:31,42.3984184265137,-8.92088031768799,"Female"
"9004155",371989,2025-05-21 07:12:30,42.3983306884766,-8.92092227935791,"Female"
"9004155",371989,2025-05-21 07:17:31,42.3983573913574,-8.92092323303223,"Female"
"9004155",371989,2025-05-21 07:22:30,42.3983383178711,-8.92095851898193,"Female"
"9004155",371989,2025-05-21 07:27:31,42.3983612060547,-8.92086124420166,"Female"
"9004155",371989,2025-05-21 07:32:37,42.3982696533203,-8.92096328735352,"Female"
"9004155",371989,2025-05-21 07:37:36,42.3984260559082,-8.92102813720703,"Female"
"9004155",371989,2025-05-21 07:42:33,42.3984146118164,-8.92077255249023,"Female"
"9004155",371989,2025-05-21 07:47:32,42.398494720459,-8.92100524902344,"Female"
"9004155",371989,2025-05-21 07:52:36,42.3980484008789,-8.92069149017334,"Female"
"9004155",371989,2025-05-21 07:57:39,42.3984184265137,-8.92113304138184,"Female"
"9004155",371989,2025-05-21 08:02:31,42.3984413146973,-8.92107677459717,"Female"
"9004155",371989,2025-05-21 08:07:33,42.3984222412109,-8.92109107971191,"Female"
"9004155",371989,2025-05-21 08:12:33,42.3983459472656,-8.92104339599609,"Female"
"9004155",371989,2025-05-21 08:17:31,42.3984336853027,-8.92116165161133,"Female"
"9004155",371989,2025-05-21 08:22:31,42.3984794616699,-8.92128658294678,"Female"
"9004155",371989,2025-05-21 08:27:31,42.3984336853027,-8.92119598388672,"Female"
"9004155",371989,2025-05-21 08:32:31,42.3984489440918,-8.92115497589111,"Female"
"9004155",371989,2025-05-21 08:37:31,42.3985900878906,-8.9212589263916,"Female"
"9004155",371989,2025-05-21 08:42:31,42.3984642028809,-8.92110824584961,"Female"
"9004155",371989,2025-05-21 08:47:32,42.3985443115234,-8.92119026184082,"Female"
"9004155",371989,2025-05-21 08:52:32,42.398609161377,-8.92122554779053,"Female"
"9004155",371989,2025-05-21 08:57:32,42.3985900878906,-8.92100238800049,"Female"
"9004155",371989,2025-05-21 09:02:31,42.398567199707,-8.92102527618408,"Female"
"9004155",371989,2025-05-21 09:07:31,42.3983726501465,-8.92095375061035,"Female"
"9004155",371989,2025-05-21 09:12:31,42.3984565734863,-8.92101001739502,"Female"
"9004155",371989,2025-05-21 09:17:31,42.3984603881836,-8.92116928100586,"Female"
"9004155",371989,2025-05-21 09:22:31,42.3984985351562,-8.92117595672607,"Female"
"9004155",371989,2025-05-21 09:27:31,42.3984832763672,-8.92098426818848,"Female"
"9004155",371989,2025-05-21 09:32:31,42.3985214233398,-8.92096996307373,"Female"
"9004155",371989,2025-05-21 09:37:31,42.3985557556152,-8.9209451675415,"Female"
"9004155",371989,2025-05-21 09:42:31,42.3985710144043,-8.9208984375,"Female"
"9004155",371989,2025-05-21 09:47:31,42.3979644775391,-8.92052268981934,"Female"
"9004155",371989,2025-05-21 09:52:31,42.3984909057617,-8.92104244232178,"Female"
"9004155",371989,2025-05-21 09:57:31,42.3985061645508,-8.921067237854,"Female"
"9004155",371989,2025-05-21 10:02:32,42.3984565734863,-8.92102241516113,"Female"
"9004155",371989,2025-05-21 10:07:31,42.3984222412109,-8.92107582092285,"Female"
"9004155",371989,2025-05-21 10:12:31,42.3985061645508,-8.92105388641357,"Female"
"9004155",371989,2025-05-21 10:17:31,42.3985748291016,-8.92088508605957,"Female"
"9004155",371989,2025-05-21 10:22:32,42.3985633850098,-8.92043590545654,"Female"
"9004155",371989,2025-05-21 10:27:34,42.3984375,-8.92103004455566,"Female"
"9004155",371989,2025-05-21 10:32:33,42.3984565734863,-8.92091178894043,"Female"
"9004155",371989,2025-05-21 10:37:32,42.398365020752,-8.92098712921143,"Female"
"9004155",371989,2025-05-21 10:42:33,42.398494720459,-8.92089080810547,"Female"
"9004155",371989,2025-05-21 10:47:33,42.3984718322754,-8.92083835601807,"Female"
"9004155",371989,2025-05-21 10:52:33,42.3983039855957,-8.92084884643555,"Female"
"9004155",371989,2025-05-21 10:57:32,42.3984375,-8.92078876495361,"Female"
"9004155",371989,2025-05-21 11:02:32,42.398380279541,-8.92070770263672,"Female"
"9004155",371989,2025-05-21 11:07:33,42.3981285095215,-8.92062568664551,"Female"
"9004155",371989,2025-05-21 11:12:36,42.3985633850098,-8.92085361480713,"Female"
"9004155",371989,2025-05-21 11:17:37,42.398323059082,-8.92048740386963,"Female"
"9004155",371989,2025-05-21 11:22:40,42.3986701965332,-8.92098903656006,"Female"
"9004155",371989,2025-05-21 11:27:43,42.3988227844238,-8.92107486724854,"Female"
"9004155",371989,2025-05-21 11:32:43,42.3986434936523,-8.92111587524414,"Female"
"9004155",371989,2025-05-21 11:37:37,42.3986854553223,-8.92113399505615,"Female"
"9004155",371989,2025-05-21 11:42:43,42.3985328674316,-8.92119693756104,"Female"
"9004155",371989,2025-05-21 11:47:33,42.3985366821289,-8.921217918396,"Female"
"9004155",371989,2025-05-21 11:52:32,42.3986396789551,-8.92112159729004,"Female"
"9004155",371989,2025-05-21 11:57:32,42.3988952636719,-8.9210901260376,"Female"
"9004155",371989,2025-05-21 12:02:34,42.4010772705078,-8.91925239562988,"Female"
"9004155",371989,2025-05-21 12:07:33,42.4160194396973,-8.9224967956543,"Female"
"9004155",371989,2025-05-21 12:12:33,42.4444046020508,-8.92871189117432,"Female"
"9004155",371989,2025-05-21 12:17:32,42.4635887145996,-8.94172668457031,"Female"
"9004155",371989,2025-05-21 12:22:32,42.499153137207,-8.92792892456055,"Female"
"9004155",371989,2025-05-21 12:27:32,42.5333480834961,-8.90999889373779,"Female"
"9004155",371989,2025-05-21 12:32:32,42.5658798217773,-8.8918981552124,"Female"
"9004155",371989,2025-05-21 12:37:32,42.5892639160156,-8.86217403411865,"Female"
"9004155",371989,2025-05-21 12:43:49,42.6086883544922,-8.84174633026123,"Female"
"9004155",371989,2025-05-21 12:48:57,42.609245300293,-8.8411693572998,"Female"
"9004155",371989,2025-05-21 12:53:56,42.6092338562012,-8.84000396728516,"Female"
"9004155",371989,2025-05-21 12:58:55,42.6092872619629,-8.83944225311279,"Female"
"9004155",371989,2025-05-21 13:03:55,42.6091423034668,-8.84003734588623,"Female"
"9004155",371989,2025-05-21 13:08:57,42.6093254089355,-8.83940982818604,"Female"
"9004155",371989,2025-05-21 13:13:58,42.6092758178711,-8.84007167816162,"Female"
"9004155",371989,2025-05-21 13:18:55,42.6091766357422,-8.83965682983398,"Female"
"9004155",371989,2025-05-21 13:23:56,42.6092300415039,-8.83992481231689,"Female"
"9004155",371989,2025-05-21 13:28:56,42.6099548339844,-8.83952045440674,"Female"
"9004155",371989,2025-05-21 13:33:55,42.6101455688477,-8.83940887451172,"Female"
"9004155",371989,2025-05-21 13:38:55,42.6102905273438,-8.83941745758057,"Female"
"9004155",371989,2025-05-21 13:43:56,42.6110992431641,-8.8395824432373,"Female"
"9004155",371989,2025-05-21 13:48:56,42.611515045166,-8.83996105194092,"Female"
"9004155",371989,2025-05-21 13:53:56,42.611759185791,-8.83998012542725,"Female"
"9004155",371989,2025-05-21 13:58:55,42.6115531921387,-8.83990478515625,"Female"
"9004155",371989,2025-05-21 14:03:56,42.611515045166,-8.8400297164917,"Female"
"9004155",371989,2025-05-21 14:08:56,42.611629486084,-8.84009552001953,"Female"
"9004155",371989,2025-05-21 14:13:56,42.6116142272949,-8.84012603759766,"Female"
"9004155",371989,2025-05-21 14:18:56,42.6114654541016,-8.84002780914307,"Female"
"9004155",371989,2025-05-21 14:23:56,42.6116485595703,-8.84004497528076,"Female"
"9004155",371989,2025-05-21 14:28:55,42.6116218566895,-8.84008598327637,"Female"
"9004155",371989,2025-05-21 14:33:55,42.6115074157715,-8.84005165100098,"Female"
"9004155",371989,2025-05-21 14:38:55,42.6116371154785,-8.84017276763916,"Female"
"9004155",371989,2025-05-21 14:43:56,42.6116714477539,-8.84016036987305,"Female"
"9004155",371989,2025-05-21 14:48:56,42.6116523742676,-8.84025859832764,"Female"
"9004155",371989,2025-05-21 14:53:56,42.6122207641602,-8.84000587463379,"Female"
"9004155",371989,2025-05-21 14:58:56,42.6117057800293,-8.84040832519531,"Female"
"9004155",371989,2025-05-21 15:04:50,42.6119956970215,-8.83995628356934,"Female"
"9004155",371989,2025-05-21 15:09:50,42.6115188598633,-8.84028911590576,"Female"
"9004155",371989,2025-05-21 15:14:50,42.6115837097168,-8.84042072296143,"Female"
"9004155",371989,2025-05-21 15:19:50,42.611629486084,-8.84042358398438,"Female"
"9004155",371989,2025-05-21 15:24:50,42.6116104125977,-8.84042263031006,"Female"
"9004155",371989,2025-05-21 15:29:50,42.6117515563965,-8.84027481079102,"Female"
"9004155",371989,2025-05-21 15:34:50,42.611572265625,-8.84035968780518,"Female"
"9004155",371989,2025-05-21 15:39:49,42.6116218566895,-8.84036636352539,"Female"
"9004155",371989,2025-05-21 15:44:49,42.6115837097168,-8.84047603607178,"Female"
"9004155",371989,2025-05-21 15:49:49,42.611686706543,-8.84027862548828,"Female"
"9004155",371989,2025-05-21 15:54:49,42.6118354797363,-8.84041500091553,"Female"
"9004155",371989,2025-05-21 15:59:49,42.6116371154785,-8.84025764465332,"Female"
"9004155",371989,2025-05-21 16:04:56,42.6118011474609,-8.84023475646973,"Female"
"9004155",371989,2025-05-21 16:09:56,42.6124572753906,-8.83996391296387,"Female"
"9004155",371989,2025-05-21 16:14:54,42.6124687194824,-8.83964729309082,"Female"
"9004155",371989,2025-05-21 16:19:56,42.6124687194824,-8.83969402313232,"Female"
"9004155",371989,2025-05-21 16:24:55,42.612434387207,-8.83975124359131,"Female"
"9004155",371989,2025-05-21 16:29:55,42.6124267578125,-8.83969688415527,"Female"
"9004155",371989,2025-05-21 16:34:54,42.6124076843262,-8.83971405029297,"Female"
"9004155",371989,2025-05-21 16:39:55,42.612377166748,-8.83970546722412,"Female"
"9004155",371989,2025-05-21 16:45:19,42.6121864318848,-8.83990955352783,"Female"
"9004155",371989,2025-05-21 16:50:19,42.6126098632812,-8.83809852600098,"Female"
"9004155",371989,2025-05-21 16:56:11,42.6128196716309,-8.83675193786621,"Female"
"9004155",371989,2025-05-21 17:01:11,42.6127700805664,-8.83673000335693,"Female"
"9004155",371989,2025-05-21 17:06:10,42.6126976013184,-8.83654499053955,"Female"
"9004155",371989,2025-05-21 17:11:15,42.6127700805664,-8.83623313903809,"Female"
"9004155",371989,2025-05-21 17:16:11,42.6127166748047,-8.83619117736816,"Female"
"9004155",371989,2025-05-21 17:21:11,42.6127243041992,-8.83623313903809,"Female"
"9004155",371989,2025-05-21 17:26:11,42.6127548217773,-8.83620643615723,"Female"
"9004155",371989,2025-05-21 17:31:10,42.6127815246582,-8.83624649047852,"Female"
"9004155",371989,2025-05-21 17:36:10,42.6127471923828,-8.83605766296387,"Female"
"9004155",371989,2025-05-21 17:41:10,42.6129570007324,-8.83612537384033,"Female"
"9004155",371989,2025-05-21 17:46:27,42.6116218566895,-8.83674335479736,"Female"
"9004155",371989,2025-05-21 17:51:27,42.6118583679199,-8.83757305145264,"Female"
"9004155",371989,2025-05-21 17:57:27,42.6122016906738,-8.83758544921875,"Female"
"9004155",371989,2025-05-21 18:02:26,42.612003326416,-8.83726787567139,"Female"
"9004155",371989,2025-05-21 18:07:42,42.6117858886719,-8.83725547790527,"Female"
"9004155",371989,2025-05-21 18:13:02,42.6109771728516,-8.83797264099121,"Female"
"9004155",371989,2025-05-21 18:18:01,42.6111946105957,-8.83763790130615,"Female"
"9004155",371989,2025-05-21 18:23:01,42.6112747192383,-8.83761692047119,"Female"
"9004155",371989,2025-05-21 18:28:02,42.6112594604492,-8.83751583099365,"Female"
"9004155",371989,2025-05-21 18:33:01,42.6111755371094,-8.83736896514893,"Female"
"9004155",371989,2025-05-21 18:38:01,42.6112823486328,-8.83760547637939,"Female"
"9004155",371989,2025-05-21 18:43:01,42.6113243103027,-8.83759212493896,"Female"
"9004155",371989,2025-05-21 18:48:02,42.6113166809082,-8.83765983581543,"Female"
"9004155",371989,2025-05-21 18:53:01,42.611328125,-8.83763313293457,"Female"
"9004155",371989,2025-05-21 18:58:02,42.6113052368164,-8.8375883102417,"Female"
"9004155",371989,2025-05-21 19:03:02,42.6111679077148,-8.83774948120117,"Female"
"9004155",371989,2025-05-21 19:08:01,42.6111755371094,-8.83780956268311,"Female"
"9004155",371989,2025-05-21 19:13:03,42.6111450195312,-8.83781433105469,"Female"
"9004155",371989,2025-05-21 19:18:02,42.6108283996582,-8.83825492858887,"Female"
"9004155",371989,2025-05-21 19:23:01,42.5899391174316,-8.88186168670654,"Female"
"9004155",371989,2025-05-21 19:28:04,42.553596496582,-8.92992305755615,"Female"
"9004155",371989,2025-05-21 19:33:03,42.5499420166016,-8.93886566162109,"Female"
"9004155",371989,2025-05-21 19:38:01,42.5499267578125,-8.93896484375,"Female"
"9004155",371989,2025-05-21 19:43:01,42.5499420166016,-8.93899440765381,"Female"
"9004155",371989,2025-05-21 19:48:01,42.5498237609863,-8.93880558013916,"Female"
"9004155",371989,2025-05-21 19:53:01,42.5487861633301,-8.93906307220459,"Female"
"9004155",371989,2025-05-21 19:58:01,42.5488014221191,-8.93905448913574,"Female"
"9004155",371989,2025-05-21 20:03:01,42.5488090515137,-8.93905258178711,"Female"
"9004155",371989,2025-05-21 20:08:02,42.548828125,-8.93912124633789,"Female"
"9004155",371989,2025-05-21 20:13:03,42.5488929748535,-8.93910312652588,"Female"
"9004155",371989,2025-05-21 20:18:07,42.5486106872559,-8.93875026702881,"Female"
"9004155",371989,2025-05-21 20:23:09,42.5485649108887,-8.93922901153564,"Female"
"9004155",371989,2025-05-21 20:28:04,42.5486373901367,-8.9389762878418,"Female"
"9004155",371989,2025-05-21 20:33:02,42.5495376586914,-8.93821716308594,"Female"
"9004155",371989,2025-05-21 20:38:02,42.5488891601562,-8.93919658660889,"Female"
"9004155",371989,2025-05-21 20:43:02,42.5488510131836,-8.93923664093018,"Female"
"9004155",371989,2025-05-21 20:48:02,42.5488357543945,-8.93917274475098,"Female"
"9004155",371989,2025-05-21 20:53:02,42.5488128662109,-8.93917846679688,"Female"
"9004155",371989,2025-05-21 20:58:01,42.548828125,-8.93929481506348,"Female"
"9004155",371989,2025-05-21 21:03:02,42.5488700866699,-8.93907833099365,"Female"
"9004155",371989,2025-05-21 21:08:02,42.5488395690918,-8.93927097320557,"Female"
"9004155",371989,2025-05-21 21:13:04,42.5489616394043,-8.93919658660889,"Female"
"9004155",371989,2025-05-21 21:18:03,42.548900604248,-8.9391975402832,"Female"
"9004155",371989,2025-05-21 21:23:01,42.548900604248,-8.93918037414551,"Female"
"9004155",371989,2025-05-21 21:28:02,42.5489044189453,-8.93921661376953,"Female"
"9004155",371989,2025-05-21 21:33:01,42.5488777160645,-8.93919277191162,"Female"
"9004155",371989,2025-05-21 21:38:03,42.5488815307617,-8.9391565322876,"Female"
"9004155",371989,2025-05-21 21:43:01,42.5488662719727,-8.93911743164062,"Female"
"9004155",371989,2025-05-21 21:48:01,42.5489196777344,-8.93911647796631,"Female"
"9004155",371989,2025-05-21 21:53:01,42.5488700866699,-8.93912792205811,"Female"
"9004155",371989,2025-05-21 21:58:01,42.5488586425781,-8.93907165527344,"Female"
"9004155",371989,2025-05-21 22:03:01,42.5487594604492,-8.93916034698486,"Female"
"9004155",371989,2025-05-21 22:08:01,42.5488090515137,-8.93908214569092,"Female"
"9004155",371989,2025-05-21 22:13:01,42.5488700866699,-8.93907928466797,"Female"
"9004155",371989,2025-05-21 22:18:02,42.5488090515137,-8.93909931182861,"Female"
"9004155",371989,2025-05-21 22:23:02,42.5488586425781,-8.93904113769531,"Female"
"9004155",371989,2025-05-21 22:28:03,42.5487976074219,-8.93902778625488,"Female"
"9004155",371989,2025-05-21 22:33:01,42.5490036010742,-8.93893051147461,"Female"
"9004155",371989,2025-05-21 22:38:01,42.5491790771484,-8.93892002105713,"Female"
"9004155",371989,2025-05-21 22:43:02,42.5489807128906,-8.93891906738281,"Female"
"9004155",371989,2025-05-21 22:48:01,42.549072265625,-8.93885707855225,"Female"
"9004155",371989,2025-05-21 22:53:02,42.5490264892578,-8.93877220153809,"Female"
"9004155",371989,2025-05-21 22:58:01,42.5488204956055,-8.93857097625732,"Female"
"9004155",371989,2025-05-21 23:03:02,42.5487594604492,-8.93863391876221,"Female"
"9004155",371989,2025-05-21 23:08:01,42.5485992431641,-8.93864154815674,"Female"
"9004155",371989,2025-05-21 23:13:01,42.5485877990723,-8.93864250183105,"Female"
"9004155",371989,2025-05-21 23:18:01,42.548397064209,-8.93877506256104,"Female"
"9004155",371989,2025-05-21 23:23:01,42.5484428405762,-8.93869113922119,"Female"
"9004155",371989,2025-05-21 23:28:02,42.5486335754395,-8.93880558013916,"Female"
"9004155",371989,2025-05-21 23:33:02,42.5484619140625,-8.93872547149658,"Female"
"9004155",371989,2025-05-21 23:38:01,42.5488090515137,-8.93882846832275,"Female"
"9004155",371989,2025-05-21 23:43:01,42.548656463623,-8.9388256072998,"Female"
"9004155",371989,2025-05-21 23:48:01,42.5486640930176,-8.93880271911621,"Female"
"9004155",371989,2025-05-21 23:53:01,42.5486869812012,-8.93887519836426,"Female"
"9004155",371989,2025-05-21 23:58:01,42.5489120483398,-8.93880462646484,"Female"
"9004155",371989,2025-05-22 00:03:02,42.5489463806152,-8.93879413604736,"Female"
"9004155",371989,2025-05-22 00:08:01,42.5488510131836,-8.93877792358398,"Female"
"9004155",371989,2025-05-22 00:13:01,42.5489883422852,-8.9388542175293,"Female"
"9004155",371989,2025-05-22 00:18:02,42.5490531921387,-8.93882274627686,"Female"
"9004155",371989,2025-05-22 00:23:01,42.5487937927246,-8.93887329101562,"Female"
"9004155",371989,2025-05-22 00:28:01,42.5488510131836,-8.93877696990967,"Female"
"9004155",371989,2025-05-22 00:33:01,42.5488090515137,-8.93885517120361,"Female"
"9004155",371989,2025-05-22 00:38:04,42.5489273071289,-8.93875408172607,"Female"
"9004155",371989,2025-05-22 00:43:02,42.5489196777344,-8.93870067596436,"Female"
"9004155",371989,2025-05-22 00:48:01,42.5488014221191,-8.93878364562988,"Female"
"9004155",371989,2025-05-22 00:53:04,42.5487022399902,-8.93884086608887,"Female"
"9004155",371989,2025-05-22 00:58:01,42.5487823486328,-8.9386625289917,"Female"
"9004155",371989,2025-05-22 01:03:02,42.548828125,-8.93877601623535,"Female"
"9004155",371989,2025-05-22 01:08:02,42.548770904541,-8.93860721588135,"Female"
"9004155",371989,2025-05-22 01:13:01,42.5489158630371,-8.93857860565186,"Female"
"9004155",371989,2025-05-22 01:18:03,42.5488014221191,-8.93868255615234,"Female"
"9004155",371989,2025-05-22 01:23:03,42.5487632751465,-8.93849754333496,"Female"
"9004155",371989,2025-05-22 01:28:01,42.548885345459,-8.93889617919922,"Female"
"9004155",371989,2025-05-22 01:33:01,42.5487594604492,-8.93874168395996,"Female"
"9004155",371989,2025-05-22 01:38:02,42.5488319396973,-8.93881416320801,"Female"
"9004155",371989,2025-05-22 01:43:02,42.5486068725586,-8.93846797943115,"Female"
"9004155",371989,2025-05-22 01:48:02,42.5485382080078,-8.93843173980713,"Female"
"9004155",371989,2025-05-22 01:53:02,42.5485725402832,-8.93838787078857,"Female"
"9004155",371989,2025-05-22 01:58:02,42.5486183166504,-8.93842697143555,"Female"
"9004155",371989,2025-05-22 02:03:04,42.5482177734375,-8.93772029876709,"Female"
"9004155",371989,2025-05-22 02:08:03,42.5480575561523,-8.93734073638916,"Female"
"9004155",371989,2025-05-22 02:13:10,42.5489234924316,-8.93903350830078,"Female"
"9004155",371989,2025-05-22 02:18:04,42.5489196777344,-8.93898677825928,"Female"
"9004155",371989,2025-05-22 02:23:08,42.5489387512207,-8.93908977508545,"Female"
"9004155",371989,2025-05-22 02:28:03,42.5483665466309,-8.93769359588623,"Female"
"9004155",371989,2025-05-22 02:33:01,42.5491104125977,-8.93933486938477,"Female"
"9004155",371989,2025-05-22 02:38:02,42.5490531921387,-8.93923187255859,"Female"
"9004155",371989,2025-05-22 02:43:02,42.5489768981934,-8.9390983581543,"Female"
"9004155",371989,2025-05-22 02:48:01,42.5489616394043,-8.93915367126465,"Female"
"9004155",371989,2025-05-22 02:53:02,42.5489654541016,-8.93913555145264,"Female"
"9004155",371989,2025-05-22 02:58:03,42.5488739013672,-8.93895244598389,"Female"
"9004155",371989,2025-05-22 03:03:01,42.5488929748535,-8.93893146514893,"Female"
"9004155",371989,2025-05-22 03:08:02,42.5488662719727,-8.9388599395752,"Female"
"9004155",371989,2025-05-22 03:13:02,42.5488357543945,-8.93903350830078,"Female"
"9004155",371989,2025-05-22 03:18:02,42.5487976074219,-8.93909168243408,"Female"
"9004155",371989,2025-05-22 03:23:02,42.5487785339355,-8.93904781341553,"Female"
"9004155",371989,2025-05-22 03:28:02,42.5487976074219,-8.93895721435547,"Female"
"9004155",371989,2025-05-22 03:33:04,42.5488624572754,-8.9389181137085,"Female"
"9004155",371989,2025-05-22 03:38:06,42.5488662719727,-8.93895244598389,"Female"
"9004155",371989,2025-05-22 03:43:09,42.5489120483398,-8.93891048431396,"Female"
"9004155",371989,2025-05-22 03:48:09,42.5489540100098,-8.93894672393799,"Female"
"9004155",371989,2025-05-22 03:53:04,42.548900604248,-8.93894386291504,"Female"
"9004155",371989,2025-05-22 03:58:06,42.5488624572754,-8.93900203704834,"Female"
"9004155",371989,2025-05-22 04:03:04,42.5488700866699,-8.93900489807129,"Female"
"9004155",371989,2025-05-22 04:08:06,42.5488471984863,-8.93906116485596,"Female"
"9004155",371989,2025-05-22 04:13:03,42.5486793518066,-8.93922424316406,"Female"
"9004155",371989,2025-05-22 04:18:09,42.5488548278809,-8.9390697479248,"Female"
"9004155",371989,2025-05-22 04:23:09,42.5489540100098,-8.93899059295654,"Female"
"9004155",371989,2025-05-22 04:28:04,42.5488014221191,-8.93912410736084,"Female"
"9004155",371989,2025-05-22 04:33:01,42.5487251281738,-8.93925285339355,"Female"
"9004155",371989,2025-05-22 04:38:01,42.548755645752,-8.93920516967773,"Female"
"9004155",371989,2025-05-22 04:43:01,42.5487442016602,-8.93923664093018,"Female"
"9004155",371989,2025-05-22 04:48:01,42.5487480163574,-8.93924045562744,"Female"
"9004155",371989,2025-05-22 04:53:01,42.5488052368164,-8.93918323516846,"Female"
"9004155",371989,2025-05-22 04:58:03,42.5488052368164,-8.93919849395752,"Female"
"9004155",371989,2025-05-22 05:03:02,42.5488967895508,-8.93921279907227,"Female"
"9004155",371989,2025-05-22 05:08:04,42.548828125,-8.93921375274658,"Female"
"9004155",371989,2025-05-22 05:13:03,42.5488624572754,-8.93913555145264,"Female"
"9004155",371989,2025-05-22 05:18:01,42.5490531921387,-8.93928813934326,"Female"
"9004155",371989,2025-05-22 05:23:02,42.5603332519531,-8.91704654693604,"Female"
"9004155",371989,2025-05-22 05:28:01,42.5630035400391,-8.90667819976807,"Female"
"9004155",371989,2025-05-22 05:33:02,42.5633697509766,-8.90579700469971,"Female"
"9004155",371989,2025-05-22 05:38:01,42.5675392150879,-8.8986120223999,"Female"
"9004155",371989,2025-05-22 05:43:01,42.5875244140625,-8.86946582794189,"Female"
"9004155",371989,2025-05-22 05:48:07,42.6028251647949,-8.85207080841064,"Female"
"9004155",371989,2025-05-22 05:53:20,42.603199005127,-8.85208606719971,"Female"
"9004155",371989,2025-05-22 05:58:08,42.6038398742676,-8.85148620605469,"Female"
"9004155",371989,2025-05-22 06:03:08,42.6037826538086,-8.851318359375,"Female"
"9004155",371989,2025-05-22 06:08:06,42.6038551330566,-8.85130596160889,"Female"
"9004155",371989,2025-05-22 06:13:06,42.6039085388184,-8.8513069152832,"Female"
"9004155",371989,2025-05-22 06:18:06,42.6038970947266,-8.85140705108643,"Female"
"9004155",371989,2025-05-22 06:23:06,42.6038627624512,-8.85125732421875,"Female"
"9004155",371989,2025-05-22 06:28:04,42.6039428710938,-8.85123443603516,"Female"
"9004155",371989,2025-05-22 06:33:04,42.6040420532227,-8.85112762451172,"Female"
"9004155",371989,2025-05-22 06:38:06,42.6041603088379,-8.85128307342529,"Female"
"9004155",371989,2025-05-22 06:43:07,42.6040229797363,-8.8512134552002,"Female"
"9004155",371989,2025-05-22 06:48:04,42.6040534973145,-8.85115528106689,"Female"
"9004155",371989,2025-05-22 06:53:04,42.6040992736816,-8.85112571716309,"Female"
"9004155",371989,2025-05-22 06:58:04,42.6061782836914,-8.84861755371094,"Female"
"9004155",371989,2025-05-22 07:04:08,42.6062126159668,-8.84841537475586,"Female"
"9004155",371989,2025-05-22 07:09:28,42.6062164306641,-8.84861183166504,"Female"
"9004155",371989,2025-05-22 07:14:15,42.6062278747559,-8.84858512878418,"Female"
"9004155",371989,2025-05-22 07:20:59,42.606315612793,-8.84841251373291,"Female"
"9004155",371989,2025-05-22 07:25:50,42.6062660217285,-8.84822750091553,"Female"
"9004155",371989,2025-05-22 07:30:50,42.6062507629395,-8.84821319580078,"Female"
"9004155",371989,2025-05-22 07:35:50,42.6062240600586,-8.84804058074951,"Female"
"9004155",371989,2025-05-22 07:40:50,42.6062164306641,-8.84804248809814,"Female"
"9004155",371989,2025-05-22 07:45:50,42.6061820983887,-8.84794807434082,"Female"
"9004155",371989,2025-05-22 07:50:51,42.6061363220215,-8.84789085388184,"Female"
"9004155",371989,2025-05-22 07:55:49,42.6061210632324,-8.84786224365234,"Female"
"9004155",371989,2025-05-22 08:00:50,42.6061744689941,-8.84773731231689,"Female"
"9004155",371989,2025-05-22 08:05:51,42.6060829162598,-8.84775066375732,"Female"
"9004155",371989,2025-05-22 08:23:06,42.6060066223145,-8.84730243682861,"Female"
"9004155",371989,2025-05-22 08:27:51,42.606258392334,-8.84791374206543,"Female"
"9004155",371989,2025-05-22 08:32:35,42.6061515808105,-8.84767436981201,"Female"
"9004155",371989,2025-05-22 08:37:32,42.6062660217285,-8.84758281707764,"Female"
"9004155",371989,2025-05-22 08:42:30,42.6062545776367,-8.84738159179688,"Female"
"9004155",371989,2025-05-22 08:47:33,42.6068649291992,-8.84949588775635,"Female"
"9004155",371989,2025-05-22 08:52:32,42.6067123413086,-8.84914588928223,"Female"
"9004155",371989,2025-05-22 08:57:31,42.6065940856934,-8.84890747070312,"Female"
"9004155",371989,2025-05-22 09:02:44,42.6061363220215,-8.84837341308594,"Female"
"9004155",371989,2025-05-22 09:07:31,42.6058807373047,-8.84599113464355,"Female"
"9004155",371989,2025-05-22 09:12:36,42.6060218811035,-8.84946537017822,"Female"
"9004155",371989,2025-05-22 09:17:36,42.5908012390137,-8.85673141479492,"Female"
"9004155",371989,2025-05-22 09:22:39,42.5578575134277,-8.89930438995361,"Female"
"9004155",371989,2025-05-22 09:27:39,42.5397834777832,-8.90944576263428,"Female"
"9004155",371989,2025-05-22 09:32:40,42.5398101806641,-8.90857410430908,"Female"
"9004155",371989,2025-05-22 09:37:32,42.5359992980957,-8.90817642211914,"Female"
"9004155",371989,2025-05-22 09:42:33,42.492057800293,-8.93138980865479,"Female"
"9004155",371989,2025-05-22 09:47:44,42.4481811523438,-8.93928146362305,"Female"
"9004155",371989,2025-05-22 09:52:43,42.4472007751465,-8.93918323516846,"Female"
"9004155",371989,2025-05-22 09:57:33,42.4391860961914,-8.93765544891357,"Female"
"9004155",371989,2025-05-22 10:02:37,42.3955078125,-8.91972827911377,"Female"
"9004155",371989,2025-05-22 10:07:40,42.3964347839355,-8.92021942138672,"Female"
"9004155",371989,2025-05-22 10:12:39,42.3983917236328,-8.92160511016846,"Female"
"9004155",371989,2025-05-22 10:17:52,42.398609161377,-8.92180156707764,"Female"
"9004155",371989,2025-05-22 10:23:05,42.3985328674316,-8.92112064361572,"Female"
"9004155",371989,2025-05-22 10:27:31,42.3983535766602,-8.9212818145752,"Female"
"9004155",371989,2025-05-22 10:32:30,42.3983726501465,-8.9207649230957,"Female"
"9004155",371989,2025-05-22 10:37:30,42.3984031677246,-8.92072105407715,"Female"
"9004155",371989,2025-05-22 10:42:31,42.3983955383301,-8.9207010269165,"Female"
"9004155",371989,2025-05-22 10:47:30,42.3984146118164,-8.92076396942139,"Female"
"9004155",371989,2025-05-22 10:52:32,42.3983955383301,-8.92061519622803,"Female"
"9004155",371989,2025-05-22 10:57:34,42.3985137939453,-8.92142009735107,"Female"
"9004155",371989,2025-05-22 11:02:33,42.3984375,-8.9207010269165,"Female"
"9004155",371989,2025-05-22 11:07:37,42.3984031677246,-8.92108249664307,"Female"
"9004155",371989,2025-05-22 11:12:31,42.3984031677246,-8.92094993591309,"Female"
"9004155",371989,2025-05-22 11:17:36,42.398365020752,-8.92099857330322,"Female"
"9004155",371989,2025-05-22 11:22:36,42.3984069824219,-8.92108726501465,"Female"
"9004155",371989,2025-05-22 11:27:37,42.398509979248,-8.92130756378174,"Female"
"9004155",371989,2025-05-22 11:32:33,42.3984489440918,-8.92153453826904,"Female"
"9004155",371989,2025-05-22 11:37:32,42.3984298706055,-8.92136478424072,"Female"
"9004155",371989,2025-05-22 11:42:33,42.3984489440918,-8.92119216918945,"Female"
"9004155",371989,2025-05-22 11:47:33,42.3984069824219,-8.92128944396973,"Female"
"9004155",371989,2025-05-22 11:52:33,42.3984107971191,-8.9210262298584,"Female"
"9004155",371989,2025-05-22 11:57:33,42.3983688354492,-8.92094421386719,"Female"
"9004155",371989,2025-05-22 12:02:36,42.3985481262207,-8.92121887207031,"Female"
"9004155",371989,2025-05-22 12:07:34,42.3984146118164,-8.92096328735352,"Female"
"9004155",371989,2025-05-22 12:12:34,42.3984031677246,-8.92090129852295,"Female"
"9004155",371989,2025-05-22 12:17:36,42.3983116149902,-8.9208812713623,"Female"
"9004155",371989,2025-05-22 12:22:34,42.3984107971191,-8.92079830169678,"Female"
"9004155",371989,2025-05-22 12:27:39,42.3983726501465,-8.9209156036377,"Female"
"9004155",371989,2025-05-22 12:32:33,42.3984031677246,-8.9208517074585,"Female"
"9004155",371989,2025-05-22 12:38:01,42.3984222412109,-8.92092990875244,"Female"
"9004155",371989,2025-05-22 12:42:29,42.3984413146973,-8.92103099822998,"Female"
"9004155",371989,2025-05-22 12:47:39,42.3985023498535,-8.92116737365723,"Female"
"9004155",371989,2025-05-22 12:52:34,42.398365020752,-8.92099571228027,"Female"
"9004155",371989,2025-05-22 12:57:32,42.3983917236328,-8.92114067077637,"Female"
"9004155",371989,2025-05-22 13:02:33,42.3984375,-8.92097473144531,"Female"
"9004155",371989,2025-05-22 13:07:50,42.3981018066406,-8.92065620422363,"Female"
"9004155",371989,2025-05-22 13:12:41,42.3983879089355,-8.92095947265625,"Female"
"9004155",371989,2025-05-22 13:17:32,42.3982772827148,-8.92090892791748,"Female"
"9004155",371989,2025-05-22 13:22:34,42.3984107971191,-8.92092609405518,"Female"
"9004155",371989,2025-05-22 13:27:31,42.3984069824219,-8.92075443267822,"Female"
"9004155",371989,2025-05-22 13:32:34,42.3984794616699,-8.92104244232178,"Female"
"9004155",371989,2025-05-22 13:37:34,42.3985290527344,-8.92109203338623,"Female"
"9004155",371989,2025-05-22 13:42:40,42.3985290527344,-8.92107200622559,"Female"
"9004155",371989,2025-05-22 13:47:34,42.3985061645508,-8.92107677459717,"Female"
"9004155",371989,2025-05-22 13:52:30,42.3984642028809,-8.92080783843994,"Female"
"9004155",371989,2025-05-22 13:57:30,42.3984985351562,-8.92101573944092,"Female"
"9004155",371989,2025-05-22 14:02:30,42.3984222412109,-8.92084121704102,"Female"
"9004155",371989,2025-05-22 14:07:36,42.3984718322754,-8.92093658447266,"Female"
"9004155",371989,2025-05-22 14:12:31,42.3984718322754,-8.9208517074585,"Female"
"9004155",371989,2025-05-22 14:17:30,42.3981819152832,-8.92118835449219,"Female"
"9004155",371989,2025-05-22 14:22:37,42.398624420166,-8.92086029052734,"Female"
"9004155",371989,2025-05-22 14:27:34,42.3985176086426,-8.9207878112793,"Female"
"9004155",371989,2025-05-22 14:32:40,42.3986549377441,-8.92078399658203,"Female"
"9004155",371989,2025-05-22 14:37:40,42.3987236022949,-8.92071533203125,"Female"
"9004155",371989,2025-05-22 14:42:44,42.3984909057617,-8.92098140716553,"Female"
"9004155",371989,2025-05-22 14:47:39,42.3984680175781,-8.92066764831543,"Female"
"9004155",371989,2025-05-22 14:52:37,42.3985481262207,-8.92069911956787,"Female"
"9004155",371989,2025-05-22 14:57:37,42.3984985351562,-8.9206600189209,"Female"
"9004155",371989,2025-05-22 15:02:39,42.3985481262207,-8.92061233520508,"Female"
"9004155",371989,2025-05-22 15:07:39,42.3984527587891,-8.92058181762695,"Female"
"9004155",371989,2025-05-22 15:12:33,42.3982124328613,-8.92052268981934,"Female"
"9004155",371989,2025-05-22 15:17:52,42.3984222412109,-8.92079544067383,"Female"
"9004155",371989,2025-05-22 15:22:39,42.3984870910645,-8.92077159881592,"Female"
"9004155",371989,2025-05-22 15:27:37,42.3984222412109,-8.92095375061035,"Female"
"9004155",371989,2025-05-22 15:32:34,42.3984069824219,-8.92084693908691,"Female"
"9004155",371989,2025-05-22 15:37:40,42.3983840942383,-8.92082118988037,"Female"
"9004155",371989,2025-05-22 15:42:39,42.3984718322754,-8.92099285125732,"Female"
"9004155",371989,2025-05-22 15:47:39,42.398380279541,-8.92085361480713,"Female"
"9004155",371989,2025-05-22 15:52:39,42.3983917236328,-8.92086982727051,"Female"
"9004155",371989,2025-05-22 15:57:33,42.3984832763672,-8.92074871063232,"Female"
"9004155",371989,2025-05-22 16:03:05,42.3983955383301,-8.92100048065186,"Female"
"9004155",371989,2025-05-22 16:07:29,42.3984107971191,-8.92099380493164,"Female"
"9004155",371989,2025-05-22 16:12:29,42.3983993530273,-8.92096710205078,"Female"
"9004155",371989,2025-05-22 16:17:29,42.3984680175781,-8.92100048065186,"Female"
"9004155",371989,2025-05-22 16:22:30,42.3984985351562,-8.92112255096436,"Female"
"9004155",371989,2025-05-22 16:27:29,42.3983154296875,-8.92091369628906,"Female"
"9004155",371989,2025-05-22 16:32:38,42.3984375,-8.92107677459717,"Female"
"9004155",371989,2025-05-22 16:37:34,42.3984565734863,-8.92106914520264,"Female"
"9004155",371989,2025-05-22 16:42:32,42.3984184265137,-8.92096996307373,"Female"
"9004155",371989,2025-05-22 16:47:31,42.3983726501465,-8.92094135284424,"Female"
"9004155",371989,2025-05-22 16:52:37,42.3983840942383,-8.92093563079834,"Female"
"9004155",371989,2025-05-22 16:58:03,42.3984832763672,-8.92105579376221,"Female"
"9004155",371989,2025-05-22 17:02:34,42.3984680175781,-8.92104625701904,"Female"
"9004155",371989,2025-05-22 17:07:33,42.3984985351562,-8.92122936248779,"Female"
"9004155",371989,2025-05-22 17:12:41,42.3984565734863,-8.92106151580811,"Female"
"9004155",371989,2025-05-22 17:17:31,42.3986778259277,-8.92136478424072,"Female"
"9004155",371989,2025-05-22 17:22:32,42.3984222412109,-8.92098236083984,"Female"
"9004155",371989,2025-05-22 17:27:32,42.3984527587891,-8.92101383209229,"Female"
"9004155",371989,2025-05-22 17:32:31,42.3985900878906,-8.92117404937744,"Female"
"9004155",371989,2025-05-22 17:37:38,42.3985595703125,-8.9212064743042,"Female"
"9004155",371989,2025-05-22 17:42:34,42.3986358642578,-8.92133331298828,"Female"
"9004155",371989,2025-05-22 17:47:33,42.3984680175781,-8.92104339599609,"Female"
"9004155",371989,2025-05-22 17:53:05,42.3984603881836,-8.92098140716553,"Female"
"9004155",371989,2025-05-22 17:57:30,42.3984642028809,-8.92102909088135,"Female"
"9004155",371989,2025-05-22 18:02:31,42.398551940918,-8.9212064743042,"Female"
"9004155",371989,2025-05-22 18:07:33,42.3985023498535,-8.92113876342773,"Female"
"9004155",371989,2025-05-22 18:12:32,42.3980941772461,-8.9213695526123,"Female"
"9004155",371989,2025-05-22 18:17:36,42.3985443115234,-8.92116641998291,"Female"
"9004155",371989,2025-05-22 18:22:42,42.3989906311035,-8.92167377471924,"Female"
"9004155",371989,2025-05-22 18:27:31,42.3988571166992,-8.92141246795654,"Female"
"9004155",371989,2025-05-22 18:32:31,42.3983879089355,-8.92109870910645,"Female"
"9004155",371989,2025-05-22 18:37:44,42.3982887268066,-8.92076873779297,"Female"
"9004155",371989,2025-05-22 18:42:36,42.398365020752,-8.92083835601807,"Female"
"9004155",371989,2025-05-22 18:47:32,42.3981285095215,-8.9203577041626,"Female"
"9004155",371989,2025-05-22 18:52:34,42.3984222412109,-8.92101860046387,"Female"
"9004155",371989,2025-05-22 18:57:34,42.3985061645508,-8.92106437683105,"Female"
"9004155",371989,2025-05-22 19:02:36,42.398323059082,-8.9206714630127,"Female"
"9004155",371989,2025-05-22 19:07:39,42.3986587524414,-8.92135143280029,"Female"
"9004155",371989,2025-05-22 19:12:39,42.3982582092285,-8.92053318023682,"Female"
"9004155",371989,2025-05-22 19:17:34,42.3982467651367,-8.9205207824707,"Female"
"9004155",371989,2025-05-22 19:22:35,42.3984222412109,-8.92099761962891,"Female"
"9004155",371989,2025-05-22 19:27:34,42.3983116149902,-8.92079162597656,"Female"
"9004155",371989,2025-05-22 19:33:05,42.3984222412109,-8.9210262298584,"Female"
"9004155",371989,2025-05-22 19:37:31,42.3984451293945,-8.92092704772949,"Female"
"9004155",371989,2025-05-22 19:42:30,42.3985862731934,-8.92098712921143,"Female"
"9004155",371989,2025-05-22 19:47:31,42.3985252380371,-8.92101764678955,"Female"
"9004155",371989,2025-05-22 19:52:36,42.3985595703125,-8.92099857330322,"Female"
"9004155",371989,2025-05-22 19:57:32,42.398509979248,-8.92110252380371,"Female"
"9004155",371989,2025-05-22 20:02:34,42.3984870910645,-8.92108631134033,"Female"
"9004155",371989,2025-05-22 20:07:30,42.398609161377,-8.92116069793701,"Female"
"9004155",371989,2025-05-22 20:12:36,42.3986206054688,-8.92124366760254,"Female"
"9004155",371989,2025-05-22 20:17:32,42.3986053466797,-8.92129611968994,"Female"
"9004155",371989,2025-05-22 20:22:30,42.3987312316895,-8.92163562774658,"Female"
"9004155",371989,2025-05-22 20:27:32,42.3986549377441,-8.92143726348877,"Female"
"9004155",371989,2025-05-22 20:32:30,42.3985824584961,-8.92124366760254,"Female"
"9004155",371989,2025-05-22 20:37:30,42.3987007141113,-8.92149925231934,"Female"
"9004155",371989,2025-05-22 20:42:30,42.3986434936523,-8.92148780822754,"Female"
"9004155",371989,2025-05-22 20:47:34,42.3987007141113,-8.92154026031494,"Female"
"9004155",371989,2025-05-22 20:52:30,42.3985443115234,-8.92115783691406,"Female"
"9004155",371989,2025-05-22 20:57:34,42.3986740112305,-8.92145729064941,"Female"
"9004155",371989,2025-05-22 21:02:34,42.3987083435059,-8.9215259552002,"Female"
"9004155",371989,2025-05-22 21:08:05,42.3984489440918,-8.92100238800049,"Female"
"9004155",371989,2025-05-22 21:12:29,42.3984336853027,-8.92108917236328,"Female"
"9004155",371989,2025-05-22 21:17:29,42.3984298706055,-8.92100048065186,"Female"
"9004155",371989,2025-05-22 21:22:29,42.3983955383301,-8.92096519470215,"Female"
"9004155",371989,2025-05-22 21:27:32,42.3984565734863,-8.92099285125732,"Female"
"9004155",371989,2025-05-22 21:32:30,42.398365020752,-8.92106151580811,"Female"
"9004155",371989,2025-05-22 21:37:30,42.3984375,-8.92098808288574,"Female"
"9004155",371989,2025-05-22 21:42:31,42.3983955383301,-8.92102813720703,"Female"
"9004155",371989,2025-05-22 21:47:30,42.3984413146973,-8.9210205078125,"Female"
"9004155",371989,2025-05-22 21:52:31,42.3983688354492,-8.92105484008789,"Female"
"9004155",371989,2025-05-22 21:57:31,42.398365020752,-8.92099475860596,"Female"
"9004155",371989,2025-05-22 22:02:30,42.3984146118164,-8.92092990875244,"Female"
"9004155",371989,2025-05-22 22:07:32,42.3983840942383,-8.920973777771,"Female"
"9004155",371989,2025-05-22 22:12:32,42.3984298706055,-8.92124080657959,"Female"
"9004155",371989,2025-05-22 22:17:35,42.3983612060547,-8.92092323303223,"Female"
"9004155",371989,2025-05-22 22:22:44,42.3983764648438,-8.92055225372314,"Female"
"9004155",371989,2025-05-22 22:27:36,42.3983573913574,-8.92098236083984,"Female"
"9004155",371989,2025-05-22 22:32:35,42.3983993530273,-8.92092704772949,"Female"
"9004155",371989,2025-05-22 22:37:37,42.3984260559082,-8.9208812713623,"Female"
"9004155",371989,2025-05-22 22:42:31,42.398380279541,-8.92109394073486,"Female"
"9004155",371989,2025-05-22 22:47:33,42.3984107971191,-8.92140865325928,"Female"
"9004155",371989,2025-05-22 22:52:36,42.398624420166,-8.92152214050293,"Female"
"9004155",371989,2025-05-22 22:57:55,42.3985710144043,-8.92133235931396,"Female"
"9004155",371989,2025-05-22 23:03:23,42.3984222412109,-8.92096996307373,"Female"
"9004155",371989,2025-05-22 23:07:43,42.3984375,-8.92106056213379,"Female"
"9004155",371989,2025-05-22 23:12:31,42.3984565734863,-8.92096519470215,"Female"
"9004155",371989,2025-05-22 23:17:30,42.3984985351562,-8.92122840881348,"Female"
"9004155",371989,2025-05-22 23:22:30,42.3984642028809,-8.92115783691406,"Female"
"9004155",371989,2025-05-22 23:27:34,42.3984489440918,-8.92126560211182,"Female"
"9004155",371989,2025-05-22 23:32:40,42.3982543945312,-8.92080402374268,"Female"
"9004155",371989,2025-05-22 23:37:31,42.3982582092285,-8.92055416107178,"Female"
"9004155",371989,2025-05-22 23:42:33,42.3982009887695,-8.92061519622803,"Female"
"9004155",371989,2025-05-22 23:47:40,42.398021697998,-8.92049407958984,"Female"
"9004155",371989,2025-05-22 23:52:31,42.398006439209,-8.92032718658447,"Female"
"9004155",371989,2025-05-22 23:57:36,42.3984909057617,-8.92104244232178,"Female"
"9004155",371989,2025-05-23 00:02:31,42.398380279541,-8.92074203491211,"Female"
"9004155",371989,2025-05-23 00:07:31,42.3983917236328,-8.92089939117432,"Female"
"9004155",371989,2025-05-23 00:12:32,42.398365020752,-8.9208288192749,"Female"
"9004155",371989,2025-05-23 00:17:31,42.3983459472656,-8.92078876495361,"Female"
"9004155",371989,2025-05-23 00:22:32,42.3983688354492,-8.92080879211426,"Female"
"9004155",371989,2025-05-23 00:27:31,42.3983726501465,-8.92080593109131,"Female"
"9004155",371989,2025-05-23 00:32:30,42.3983993530273,-8.92086601257324,"Female"
"9004155",371989,2025-05-23 00:37:32,42.3984222412109,-8.92082977294922,"Female"
"9004155",371989,2025-05-23 00:42:32,42.3983573913574,-8.92075157165527,"Female"
"9004155",371989,2025-05-23 00:47:37,42.3984413146973,-8.92078590393066,"Female"
"9004155",371989,2025-05-23 00:52:33,42.398365020752,-8.92085647583008,"Female"
"9004155",371989,2025-05-23 00:57:34,42.3983612060547,-8.92084789276123,"Female"
"9004155",371989,2025-05-23 01:02:33,42.3982620239258,-8.92093467712402,"Female"
"9004155",371989,2025-05-23 01:07:32,42.398265838623,-8.9210147857666,"Female"
"9004155",371989,2025-05-23 01:12:33,42.3983421325684,-8.92092037200928,"Female"
"9004155",371989,2025-05-23 01:17:43,42.3983955383301,-8.92076873779297,"Female"
"9004155",371989,2025-05-23 01:22:39,42.3983840942383,-8.92075634002686,"Female"
"9004155",371989,2025-05-23 01:27:34,42.3984146118164,-8.92077541351318,"Female"
"9004155",371989,2025-05-23 01:32:43,42.3986778259277,-8.92105674743652,"Female"
"9004155",371989,2025-05-23 01:37:43,42.3984756469727,-8.92083549499512,"Female"
"9004155",371989,2025-05-23 01:42:55,42.3984603881836,-8.92105388641357,"Female"
"9004155",371989,2025-05-23 01:47:46,42.3984832763672,-8.92111873626709,"Female"
"9004155",371989,2025-05-23 01:53:07,42.3984146118164,-8.92123222351074,"Female"
"9004155",371989,2025-05-23 01:58:04,42.3983917236328,-8.92098999023438,"Female"
"9004155",371989,2025-05-23 02:02:36,42.3983306884766,-8.92074680328369,"Female"
"9004155",371989,2025-05-23 02:07:40,42.3983345031738,-8.92090034484863,"Female"
"9004155",371989,2025-05-23 02:12:49,42.3983917236328,-8.9209156036377,"Female"
"9004155",371989,2025-05-23 02:17:37,42.398307800293,-8.92088794708252,"Female"
"9004155",371989,2025-05-23 02:22:38,42.3983612060547,-8.92090797424316,"Female"
"9004155",371989,2025-05-23 02:27:39,42.3983726501465,-8.92086029052734,"Female"
"9004155",371989,2025-05-23 02:32:42,42.3983535766602,-8.92087841033936,"Female"
"9004155",371989,2025-05-23 02:37:42,42.3983459472656,-8.92078685760498,"Female"
"9004155",371989,2025-05-23 02:42:31,42.3986740112305,-8.92191314697266,"Female"
"9004155",371989,2025-05-23 02:47:33,42.3985595703125,-8.92134857177734,"Female"
"9004155",371989,2025-05-23 02:52:34,42.3982810974121,-8.92081165313721,"Female"
"9004155",371989,2025-05-23 02:57:33,42.3982086181641,-8.9209098815918,"Female"
"9004155",371989,2025-05-23 03:02:37,42.3982620239258,-8.92087459564209,"Female"
"9004155",371989,2025-05-23 03:07:32,42.3981819152832,-8.92026329040527,"Female"
"9004155",371989,2025-05-23 03:12:38,42.3981285095215,-8.92072296142578,"Female"
"9004155",371989,2025-05-23 03:17:30,42.3981323242188,-8.92077445983887,"Female"
"9004155",371989,2025-05-23 03:22:52,42.3985862731934,-8.92077350616455,"Female"
"9004155",371989,2025-05-23 03:27:45,42.3981971740723,-8.92057991027832,"Female"
"9004155",371989,2025-05-23 03:32:43,42.3984794616699,-8.92071056365967,"Female"
"9004155",371989,2025-05-23 03:37:41,42.3982429504395,-8.92066383361816,"Female"
"9004155",371989,2025-05-23 03:42:33,42.3982810974121,-8.92065048217773,"Female"
"9004155",371989,2025-05-23 03:47:39,42.398265838623,-8.92059803009033,"Female"
"9004155",371989,2025-05-23 03:53:05,42.3982353210449,-8.9207592010498,"Female"
"9004155",371989,2025-05-23 03:57:29,42.3981666564941,-8.92081451416016,"Female"
"9004155",371989,2025-05-23 04:02:29,42.3981513977051,-8.92089462280273,"Female"
"9004155",371989,2025-05-23 04:07:29,42.3982009887695,-8.92088794708252,"Female"
"9004155",371989,2025-05-23 04:12:33,42.3982887268066,-8.92111110687256,"Female"
"9004155",371989,2025-05-23 04:17:32,42.3986701965332,-8.92115306854248,"Female"
"9004155",371989,2025-05-23 04:22:31,42.3984680175781,-8.92097759246826,"Female"
"9004155",371989,2025-05-23 04:27:33,42.3983116149902,-8.92092514038086,"Female"
"9004155",371989,2025-05-23 04:32:36,42.3983955383301,-8.92097282409668,"Female"
"9004155",371989,2025-05-23 04:37:31,42.3985824584961,-8.92106056213379,"Female"
"9004155",371989,2025-05-23 04:42:40,42.3984756469727,-8.92099380493164,"Female"
"9004155",371989,2025-05-23 04:47:34,42.3985137939453,-8.92087936401367,"Female"
"9004155",371989,2025-05-23 04:52:30,42.3983116149902,-8.92091178894043,"Female"
"9004155",371989,2025-05-23 04:57:31,42.3983993530273,-8.92101669311523,"Female"
"9004155",371989,2025-05-23 05:02:36,42.3985443115234,-8.92112350463867,"Female"
"9004155",371989,2025-05-23 05:07:43,42.3984260559082,-8.92096996307373,"Female"
"9004155",371989,2025-05-23 05:12:31,42.398509979248,-8.9210958480835,"Female"
"9004155",371989,2025-05-23 05:17:39,42.3983993530273,-8.92096042633057,"Female"
"9004155",371989,2025-05-23 05:22:31,42.398624420166,-8.92123508453369,"Female"
"9004155",371989,2025-05-23 05:27:34,42.3984832763672,-8.92109298706055,"Female"
"9004155",371989,2025-05-23 05:32:39,42.3984870910645,-8.92109966278076,"Female"
"9004155",371989,2025-05-23 05:37:31,42.3984642028809,-8.92097282409668,"Female"
"9004155",371989,2025-05-23 05:42:37,42.3984603881836,-8.92111492156982,"Female"
"9004155",371989,2025-05-23 05:47:49,42.3984794616699,-8.92043399810791,"Female"
"9004155",371989,2025-05-23 05:52:59,42.3982810974121,-8.92027282714844,"Female"
"9004155",371989,2025-05-23 05:58:05,42.3984451293945,-8.92090702056885,"Female"
"9004155",371989,2025-05-23 06:02:30,42.3984985351562,-8.92093658447266,"Female"
"9004155",371989,2025-05-23 06:07:31,42.3986282348633,-8.92134284973145,"Female"
"9004155",371989,2025-05-23 06:12:31,42.3986701965332,-8.92141437530518,"Female"
"9004155",371989,2025-05-23 06:17:32,42.3984146118164,-8.92128372192383,"Female"
"9004155",371989,2025-05-23 06:22:32,42.3984069824219,-8.92126083374023,"Female"
"9004155",371989,2025-05-23 06:27:32,42.3984260559082,-8.9207592010498,"Female"
"9004155",371989,2025-05-23 06:32:39,42.3983840942383,-8.92070865631104,"Female"
"9004155",371989,2025-05-23 06:37:39,42.3981781005859,-8.92099857330322,"Female"
"9004155",371989,2025-05-23 06:42:33,42.3981437683105,-8.92083930969238,"Female"
"9004155",371989,2025-05-23 06:47:36,42.3979072570801,-8.91951370239258,"Female"
"9004155",371989,2025-05-23 06:52:51,42.3987770080566,-8.920578956604,"Female"
"9004155",371989,2025-05-23 06:57:34,42.3983154296875,-8.92076587677002,"Female"
"9004155",371989,2025-05-23 07:02:41,42.3982734680176,-8.92097663879395,"Female"
"9004155",371989,2025-05-23 07:07:44,42.3985748291016,-8.92126274108887,"Female"
"9004155",371989,2025-05-23 07:12:42,42.3982543945312,-8.92132091522217,"Female"
"9004155",371989,2025-05-23 07:17:42,42.3983421325684,-8.92115116119385,"Female"
"9004155",371989,2025-05-23 07:22:31,42.3981170654297,-8.92099094390869,"Female"
"9004155",371989,2025-05-23 07:27:31,42.3985786437988,-8.92128467559814,"Female"
"9004155",371989,2025-05-23 07:32:36,42.398323059082,-8.92127513885498,"Female"
"9004155",371989,2025-05-23 07:37:32,42.3983764648438,-8.92119979858398,"Female"
"9004155",371989,2025-05-23 07:42:32,42.398365020752,-8.92124938964844,"Female"
"9004155",371989,2025-05-23 07:47:34,42.3983383178711,-8.92081546783447,"Female"
"9004155",371989,2025-05-23 07:52:42,42.3984756469727,-8.92155170440674,"Female"
"9004155",371989,2025-05-23 07:57:37,42.3985252380371,-8.92142486572266,"Female"
"9004155",371989,2025-05-23 08:02:34,42.3985023498535,-8.92142200469971,"Female"
"9004155",371989,2025-05-23 08:08:05,42.398494720459,-8.92120265960693,"Female"
"9004155",371989,2025-05-23 08:12:32,42.3986129760742,-8.92099475860596,"Female"
"9004155",371989,2025-05-23 08:17:30,42.3985328674316,-8.92112350463867,"Female"
"9004155",371989,2025-05-23 08:22:30,42.3985748291016,-8.92113304138184,"Female"
"9004155",371989,2025-05-23 08:27:36,42.3985404968262,-8.92112255096436,"Female"
"9004155",371989,2025-05-23 08:32:30,42.3984260559082,-8.92102909088135,"Female"
"9004155",371989,2025-05-23 08:37:32,42.3984680175781,-8.92102432250977,"Female"
"9004155",371989,2025-05-23 08:42:30,42.3984794616699,-8.92110252380371,"Female"
"9004155",371989,2025-05-23 08:47:31,42.398494720459,-8.92116546630859,"Female"
"9004155",371989,2025-05-23 08:52:30,42.3986511230469,-8.92065811157227,"Female"
"9004155",371989,2025-05-23 08:57:29,42.3987236022949,-8.92067432403564,"Female"
"9004155",371989,2025-05-23 09:02:29,42.3986663818359,-8.92059516906738,"Female"
"9004155",371989,2025-05-23 09:07:30,42.3987236022949,-8.92051219940186,"Female"
"9004155",371989,2025-05-23 09:12:31,42.3988494873047,-8.920485496521,"Female"
"9004155",371989,2025-05-23 09:17:29,42.3986167907715,-8.92043209075928,"Female"
"9004155",371989,2025-05-23 09:22:31,42.3986968994141,-8.92073535919189,"Female"
"9004155",371989,2025-05-23 09:27:32,42.3986053466797,-8.92071533203125,"Female"
"9004155",371989,2025-05-23 09:32:31,42.3985748291016,-8.92056846618652,"Female"
"9004155",371989,2025-05-23 09:37:33,42.3979454040527,-8.91889572143555,"Female"
"9004155",371989,2025-05-23 09:42:30,42.3980102539062,-8.92026996612549,"Female"
"9004155",371989,2025-05-23 09:47:30,42.3980102539062,-8.92028903961182,"Female"
"9004155",371989,2025-05-23 09:52:30,42.3979911804199,-8.92022705078125,"Female"
"9004155",371989,2025-05-23 09:57:30,42.4004211425781,-8.9207649230957,"Female"
"9004155",371989,2025-05-23 10:02:30,42.4002113342285,-8.92028141021729,"Female"
"9004155",371989,2025-05-23 10:07:30,42.4004898071289,-8.92062759399414,"Female"
"9004155",371989,2025-05-23 10:12:30,42.4210624694824,-8.92348194122314,"Female"
"9004155",371989,2025-05-23 10:17:30,42.4483489990234,-8.93019771575928,"Female"
"9004155",371989,2025-05-23 10:22:30,42.4742088317871,-8.94033908843994,"Female"
"9004155",371989,2025-05-23 10:27:30,42.4976387023926,-8.92625904083252,"Female"
"9004155",371989,2025-05-23 10:32:30,42.5259132385254,-8.91107654571533,"Female"
"9004155",371989,2025-05-23 10:37:30,42.5549240112305,-8.89715957641602,"Female"
"9004155",371989,2025-05-23 10:42:30,42.5787811279297,-8.87596607208252,"Female"
"9004155",371989,2025-05-23 10:47:30,42.5990753173828,-8.84984397888184,"Female"
"9004155",371989,2025-05-23 10:53:13,42.605354309082,-8.83915996551514,"Female"
"9004155",371989,2025-05-23 10:58:12,42.6055717468262,-8.83897113800049,"Female"
"9004155",371989,2025-05-23 11:03:12,42.6060256958008,-8.83862018585205,"Female"
"9004155",371989,2025-05-23 11:08:12,42.6060066223145,-8.83866500854492,"Female"
"9004155",371989,2025-05-23 11:13:12,42.6059913635254,-8.83872222900391,"Female"
"9004155",371989,2025-05-23 11:18:12,42.6060562133789,-8.83864116668701,"Female"
"9004155",371989,2025-05-23 11:23:12,42.6060791015625,-8.83882617950439,"Female"
"9004155",371989,2025-05-23 11:28:12,42.6061782836914,-8.83866882324219,"Female"
"9004155",371989,2025-05-23 11:33:12,42.6062660217285,-8.83883762359619,"Female"
"9004155",371989,2025-05-23 11:39:04,42.6065826416016,-8.83844947814941,"Female"
"9004155",371989,2025-05-23 11:44:22,42.6075248718262,-8.83820724487305,"Female"
"9004155",371989,2025-05-23 11:50:17,42.608268737793,-8.8382453918457,"Female"
"9004155",371989,2025-05-23 11:56:14,42.609188079834,-8.83768367767334,"Female"
"9004155",371989,2025-05-23 12:01:14,42.6095581054688,-8.83724594116211,"Female"
"9004155",371989,2025-05-23 12:06:14,42.6093864440918,-8.83724403381348,"Female"
"9004155",371989,2025-05-23 12:11:14,42.6094360351562,-8.83723449707031,"Female"
"9004155",371989,2025-05-23 12:16:14,42.6094627380371,-8.83714771270752,"Female"
"9004155",371989,2025-05-23 12:21:14,42.6095771789551,-8.8371639251709,"Female"
"9004155",371989,2025-05-23 12:26:14,42.6095809936523,-8.83710765838623,"Female"
"9004155",371989,2025-05-23 12:31:16,42.6095275878906,-8.83718967437744,"Female"
"9004155",371989,2025-05-23 12:36:14,42.6095199584961,-8.83710193634033,"Female"
"9004155",371989,2025-05-23 12:41:14,42.6096496582031,-8.83717918395996,"Female"
"9004155",371989,2025-05-23 12:46:14,42.6096305847168,-8.83710861206055,"Female"
"9004155",371989,2025-05-23 12:51:47,42.6103515625,-8.83635807037354,"Female"
"9004155",371989,2025-05-23 12:56:45,42.6106758117676,-8.83635520935059,"Female"
"9004155",371989,2025-05-23 13:01:48,42.6108322143555,-8.83619117736816,"Female"
"9004155",371989,2025-05-23 13:06:47,42.6113891601562,-8.83619689941406,"Female"
"9004155",371989,2025-05-23 13:11:45,42.6114349365234,-8.83597373962402,"Female"
"9004155",371989,2025-05-23 13:16:45,42.6113128662109,-8.83615684509277,"Female"
"9004155",371989,2025-05-23 13:21:46,42.6114234924316,-8.83613586425781,"Female"
"9004155",371989,2025-05-23 13:26:45,42.6115760803223,-8.83562755584717,"Female"
"9004155",371989,2025-05-23 13:31:45,42.6114463806152,-8.83606624603271,"Female"
"9004155",371989,2025-05-23 13:36:45,42.6114692687988,-8.83607864379883,"Female"
"9004155",371989,2025-05-23 13:41:45,42.6113815307617,-8.83610439300537,"Female"
"9004155",371989,2025-05-23 13:46:45,42.6112747192383,-8.83621692657471,"Female"
"9004155",371989,2025-05-23 13:51:45,42.6114234924316,-8.83614158630371,"Female"
"9004155",371989,2025-05-23 13:56:46,42.6114654541016,-8.83620929718018,"Female"
"9004155",371989,2025-05-23 14:01:45,42.6114349365234,-8.83620929718018,"Female"
"9004155",371989,2025-05-23 14:06:46,42.6114463806152,-8.83621215820312,"Female"
"9004155",371989,2025-05-23 14:11:46,42.6113662719727,-8.83626079559326,"Female"
"9004155",371989,2025-05-23 14:16:46,42.6114196777344,-8.83626651763916,"Female"
"9004155",371989,2025-05-23 14:21:46,42.6113739013672,-8.83628940582275,"Female"
"9004155",371989,2025-05-23 14:26:45,42.6113739013672,-8.83630561828613,"Female"
"9004155",371989,2025-05-23 14:31:46,42.6117324829102,-8.83613872528076,"Female"
"9004155",371989,2025-05-23 14:37:47,42.6117172241211,-8.83590221405029,"Female"
"9004155",371989,2025-05-23 14:42:45,42.611457824707,-8.83643245697021,"Female"
"9004155",371989,2025-05-23 14:47:45,42.611385345459,-8.83651065826416,"Female"
"9004155",371989,2025-05-23 14:52:45,42.6113891601562,-8.83652973175049,"Female"
"9004155",371989,2025-05-23 14:57:51,42.6115264892578,-8.83653450012207,"Female"
"9004155",371989,2025-05-23 15:02:45,42.6114845275879,-8.83653831481934,"Female"
"9004155",371989,2025-05-23 15:07:45,42.6113967895508,-8.83657455444336,"Female"
"9004155",371989,2025-05-23 15:12:45,42.611385345459,-8.83648872375488,"Female"
"9004155",371989,2025-05-23 15:17:46,42.6113815307617,-8.83652114868164,"Female"
"9004155",371989,2025-05-23 15:22:45,42.6112861633301,-8.83659076690674,"Female"
"9004155",371989,2025-05-23 15:27:45,42.6113624572754,-8.83651065826416,"Female"
"9004155",371989,2025-05-23 15:32:45,42.6113471984863,-8.83656787872314,"Female"
"9004155",371989,2025-05-23 15:38:05,42.6113815307617,-8.83646106719971,"Female"
"9004155",371989,2025-05-23 15:43:02,42.6114845275879,-8.83646869659424,"Female"
"9004155",371989,2025-05-23 15:48:01,42.6112861633301,-8.83650302886963,"Female"
"9004155",371989,2025-05-23 15:53:01,42.6110725402832,-8.83647441864014,"Female"
"9004155",371989,2025-05-23 15:58:01,42.6111030578613,-8.83646011352539,"Female"
"9004155",371989,2025-05-23 16:03:01,42.6111755371094,-8.83656883239746,"Female"
"9004155",371989,2025-05-23 16:08:01,42.6111640930176,-8.83673095703125,"Female"
"9004155",371989,2025-05-23 16:13:01,42.6111869812012,-8.83658981323242,"Female"
"9004155",371989,2025-05-23 16:18:01,42.611328125,-8.8364953994751,"Female"
"9004155",371989,2025-05-23 16:23:02,42.6113433837891,-8.83647155761719,"Female"
"9004155",371989,2025-05-23 16:28:02,42.6113090515137,-8.83650493621826,"Female"
"9004155",371989,2025-05-23 16:33:01,42.6112976074219,-8.83656406402588,"Female"
"9004155",371989,2025-05-23 16:38:36,42.6120147705078,-8.83752727508545,"Female"
"9004155",371989,2025-05-23 16:44:27,42.612377166748,-8.83724689483643,"Female"
"9004155",371989,2025-05-23 16:49:27,42.6122703552246,-8.83713150024414,"Female"
"9004155",371989,2025-05-23 16:55:25,42.6125831604004,-8.8369722366333,"Female"
"9004155",371989,2025-05-23 17:00:59,42.6124992370605,-8.83753776550293,"Female"
"9004155",371989,2025-05-23 17:06:01,42.6111259460449,-8.83631420135498,"Female"
"9004155",371989,2025-05-23 17:10:57,42.6112174987793,-8.83657455444336,"Female"
"9004155",371989,2025-05-23 17:15:58,42.6112060546875,-8.83656024932861,"Female"
"9004155",371989,2025-05-23 17:20:57,42.6112747192383,-8.83645439147949,"Female"
"9004155",371989,2025-05-23 17:25:58,42.6112022399902,-8.83655548095703,"Female"
"9004155",371989,2025-05-23 17:30:57,42.6112365722656,-8.83648204803467,"Female"
"9004155",371989,2025-05-23 17:35:57,42.6112098693848,-8.83641815185547,"Female"
"9004155",371989,2025-05-23 17:40:58,42.6111946105957,-8.83638572692871,"Female"
"9004155",371989,2025-05-23 17:45:58,42.611255645752,-8.8364315032959,"Female"
"9004155",371989,2025-05-23 17:51:01,42.6113090515137,-8.83660125732422,"Female"
"9004155",371989,2025-05-23 17:55:59,42.6113052368164,-8.83650779724121,"Female"
"9004155",371989,2025-05-23 18:00:58,42.6113586425781,-8.83649063110352,"Female"
"9004155",371989,2025-05-23 18:06:47,42.6106224060059,-8.83673667907715,"Female"
"9004155",371989,2025-05-23 18:12:36,42.6104545593262,-8.83719825744629,"Female"
"9004155",371989,2025-05-23 18:17:36,42.609546661377,-8.83728122711182,"Female"
"9004155",371989,2025-05-23 18:22:37,42.6095504760742,-8.8372859954834,"Female"
"9004155",371989,2025-05-23 18:27:37,42.6095390319824,-8.83728885650635,"Female"
"9004155",371989,2025-05-23 18:32:37,42.6095733642578,-8.83735752105713,"Female"
"9004155",371989,2025-05-23 18:37:37,42.609561920166,-8.83724308013916,"Female"
"9004155",371989,2025-05-23 18:42:38,42.609546661377,-8.83724212646484,"Female"
"9004155",371989,2025-05-23 18:47:37,42.6095237731934,-8.83720970153809,"Female"
"9004155",371989,2025-05-23 18:52:39,42.6095504760742,-8.83722972869873,"Female"
"9004155",371989,2025-05-23 18:57:36,42.6095657348633,-8.83729267120361,"Female"
"9004155",371989,2025-05-23 19:02:37,42.6095733642578,-8.83732986450195,"Female"
"9004155",371989,2025-05-23 19:07:37,42.6095886230469,-8.83733654022217,"Female"
"9004155",371989,2025-05-23 19:12:38,42.6093826293945,-8.83717441558838,"Female"
"9004155",371989,2025-05-23 19:17:36,42.6094398498535,-8.83714008331299,"Female"
"9004155",371989,2025-05-23 19:22:37,42.6094779968262,-8.83697319030762,"Female"
"9004155",371989,2025-05-23 19:27:39,42.6088676452637,-8.83590412139893,"Female"
"9004155",371989,2025-05-23 19:32:36,42.6068153381348,-8.84118747711182,"Female"
"9004155",371989,2025-05-23 19:37:39,42.5779800415039,-8.890380859375,"Female"
"9004155",371989,2025-05-23 19:42:39,42.5667037963867,-8.90888023376465,"Female"
"9004155",371989,2025-05-23 19:47:36,42.5651435852051,-8.91144180297852,"Female"
"9004155",371989,2025-05-23 19:52:36,42.5512199401855,-8.93954181671143,"Female"
"9004155",371989,2025-05-23 19:57:38,42.5512886047363,-8.93955993652344,"Female"
"9004155",371989,2025-05-23 20:02:36,42.5482978820801,-8.93800830841064,"Female"
"9004155",371989,2025-05-23 20:07:36,42.5492858886719,-8.93900680541992,"Female"
"9004155",371989,2025-05-23 20:12:36,42.5500297546387,-8.93965435028076,"Female"
"9004155",371989,2025-05-23 20:17:39,42.5488815307617,-8.9391622543335,"Female"
"9004155",371989,2025-05-23 20:22:39,42.5487937927246,-8.93934917449951,"Female"
"9004155",371989,2025-05-23 20:27:39,42.5491104125977,-8.93891620635986,"Female"
"9004155",371989,2025-05-23 20:32:39,42.5490989685059,-8.9389705657959,"Female"
"9004155",371989,2025-05-23 20:37:37,42.5492210388184,-8.93886089324951,"Female"
"9004155",371989,2025-05-23 20:42:38,42.5490226745605,-8.93901348114014,"Female"
"9004155",371989,2025-05-23 20:47:38,42.5488739013672,-8.93911743164062,"Female"
"9004155",371989,2025-05-23 20:52:37,42.5488929748535,-8.93898773193359,"Female"
"9004155",371989,2025-05-23 20:57:37,42.5489540100098,-8.93903827667236,"Female"
"9004155",371989,2025-05-23 21:02:35,42.5490608215332,-8.93888854980469,"Female"
"9004155",371989,2025-05-23 21:07:37,42.5487976074219,-8.93937492370605,"Female"
"9004155",371989,2025-05-23 21:12:36,42.5487594604492,-8.93928813934326,"Female"
"9004155",371989,2025-05-23 21:17:40,42.5487289428711,-8.93933200836182,"Female"
"9004155",371989,2025-05-23 21:22:39,42.5487670898438,-8.93926429748535,"Female"
"9004155",371989,2025-05-23 21:27:35,42.5487174987793,-8.93923950195312,"Female"
"9004155",371989,2025-05-23 21:32:35,42.548770904541,-8.93921852111816,"Female"
"9004155",371989,2025-05-23 21:37:35,42.5487251281738,-8.93918704986572,"Female"
"9004155",371989,2025-05-23 21:42:35,42.5487480163574,-8.93917369842529,"Female"
"9004155",371989,2025-05-23 21:47:35,42.5487251281738,-8.93915367126465,"Female"
"9004155",371989,2025-05-23 21:52:35,42.548698425293,-8.939133644104,"Female"
"9004155",371989,2025-05-23 21:57:36,42.5487823486328,-8.9390869140625,"Female"
"9004155",371989,2025-05-23 22:02:35,42.548770904541,-8.93906688690186,"Female"
"9004155",371989,2025-05-23 22:07:36,42.5487632751465,-8.93903923034668,"Female"
"9004155",371989,2025-05-23 22:12:35,42.5487213134766,-8.93899726867676,"Female"
"9004155",371989,2025-05-23 22:17:36,42.5486946105957,-8.93887329101562,"Female"
"9004155",371989,2025-05-23 22:22:36,42.5487785339355,-8.93898868560791,"Female"
"9004155",371989,2025-05-23 22:27:36,42.5487174987793,-8.9389009475708,"Female"
"9004155",371989,2025-05-23 22:32:36,42.5486640930176,-8.93871402740479,"Female"
"9004155",371989,2025-05-23 22:37:36,42.5488357543945,-8.93890571594238,"Female"
"9004155",371989,2025-05-23 22:42:36,42.5487785339355,-8.93873691558838,"Female"
"9004155",371989,2025-05-23 22:47:36,42.5486335754395,-8.93874263763428,"Female"
"9004155",371989,2025-05-23 22:52:36,42.5485801696777,-8.93850326538086,"Female"
"9004155",371989,2025-05-23 22:57:37,42.5487632751465,-8.93861770629883,"Female"
"9004155",371989,2025-05-23 23:02:36,42.5487594604492,-8.93875598907471,"Female"
"9004155",371989,2025-05-23 23:07:36,42.5487861633301,-8.93872737884521,"Female"
"9004155",371989,2025-05-23 23:12:36,42.5487899780273,-8.93884372711182,"Female"
"9004155",371989,2025-05-23 23:17:36,42.5488128662109,-8.93877410888672,"Female"
"9004155",371989,2025-05-23 23:22:37,42.5487976074219,-8.93891143798828,"Female"
"9004155",371989,2025-05-23 23:27:36,42.5488166809082,-8.93887901306152,"Female"
"9004155",371989,2025-05-23 23:32:36,42.5488739013672,-8.93889045715332,"Female"
"9004155",371989,2025-05-23 23:37:35,42.5489158630371,-8.93890476226807,"Female"
"9004155",371989,2025-05-23 23:42:36,42.5489654541016,-8.93881797790527,"Female"
"9004155",371989,2025-05-23 23:47:35,42.5490188598633,-8.93885326385498,"Female"
"9004155",371989,2025-05-23 23:52:37,42.548999786377,-8.93874549865723,"Female"
"9004155",371989,2025-05-23 23:57:37,42.5488662719727,-8.93885707855225,"Female"
"9004155",371989,2025-05-24 00:02:35,42.5488128662109,-8.9387149810791,"Female"
"9004155",371989,2025-05-24 00:07:36,42.5488433837891,-8.93872356414795,"Female"
"9004155",371989,2025-05-24 00:12:35,42.5488548278809,-8.93896389007568,"Female"
"9004155",371989,2025-05-24 00:17:35,42.5487937927246,-8.93882751464844,"Female"
"9004155",371989,2025-05-24 00:22:35,42.5487899780273,-8.93878078460693,"Female"
"9004155",371989,2025-05-24 00:27:35,42.5486946105957,-8.9387788772583,"Female"
"9004155",371989,2025-05-24 00:32:37,42.5489234924316,-8.93871021270752,"Female"
"9004155",371989,2025-05-24 00:37:37,42.5487823486328,-8.9387321472168,"Female"
"9004155",371989,2025-05-24 00:42:36,42.548770904541,-8.9387035369873,"Female"
"9004155",371989,2025-05-24 00:47:37,42.5487327575684,-8.93871212005615,"Female"
"9004155",371989,2025-05-24 00:52:37,42.5486717224121,-8.93864822387695,"Female"
"9004155",371989,2025-05-24 00:57:39,42.548698425293,-8.93873405456543,"Female"
"9004155",371989,2025-05-24 01:02:38,42.5487060546875,-8.93875408172607,"Female"
"9004155",371989,2025-05-24 01:07:38,42.5486869812012,-8.93871784210205,"Female"
"9004155",371989,2025-05-24 01:12:37,42.548755645752,-8.93866539001465,"Female"
"9004155",371989,2025-05-24 01:17:36,42.5487823486328,-8.93872547149658,"Female"
"9004155",371989,2025-05-24 01:22:37,42.5487213134766,-8.93877792358398,"Female"
"9004155",371989,2025-05-24 01:27:37,42.5487327575684,-8.9387788772583,"Female"
"9004155",371989,2025-05-24 01:32:37,42.5487785339355,-8.93875885009766,"Female"
"9004155",371989,2025-05-24 01:37:38,42.548713684082,-8.9388313293457,"Female"
"9004155",371989,2025-05-24 01:42:38,42.5487442016602,-8.93881320953369,"Female"
"9004155",371989,2025-05-24 01:47:39,42.5487747192383,-8.93879699707031,"Female"
"9004155",371989,2025-05-24 01:52:36,42.5487174987793,-8.93875789642334,"Female"
"9004155",371989,2025-05-24 01:57:37,42.5487022399902,-8.9387149810791,"Female"
"9004155",371989,2025-05-24 02:02:39,42.5487976074219,-8.93867492675781,"Female"
"9004155",371989,2025-05-24 02:07:39,42.5487403869629,-8.93877983093262,"Female"
"9004155",371989,2025-05-24 02:12:38,42.5488204956055,-8.93864440917969,"Female"
"9004155",371989,2025-05-24 02:17:37,42.5487670898438,-8.93877410888672,"Female"
"9004155",371989,2025-05-24 02:22:37,42.5489082336426,-8.93845653533936,"Female"
"9004155",371989,2025-05-24 02:27:37,42.5488319396973,-8.93867683410645,"Female"
"9004155",371989,2025-05-24 02:32:37,42.5487899780273,-8.93878269195557,"Female"
"9004155",371989,2025-05-24 02:37:36,42.5488243103027,-8.93870449066162,"Female"
"9004155",371989,2025-05-24 02:42:36,42.5487480163574,-8.93876838684082,"Female"
"9004155",371989,2025-05-24 02:47:39,42.5488433837891,-8.93859195709229,"Female"
"9004155",371989,2025-05-24 02:52:36,42.5487823486328,-8.93881416320801,"Female"
"9004155",371989,2025-05-24 02:57:36,42.5487632751465,-8.93869495391846,"Female"
"9004155",371989,2025-05-24 03:02:36,42.548770904541,-8.93869876861572,"Female"
"9004155",371989,2025-05-24 03:07:39,42.5488014221191,-8.93878650665283,"Female"
"9004155",371989,2025-05-24 03:12:39,42.5488204956055,-8.93871879577637,"Female"
"9004155",371989,2025-05-24 03:17:39,42.5488128662109,-8.93877601623535,"Female"
"9004155",371989,2025-05-24 03:22:36,42.5488471984863,-8.93885612487793,"Female"
"9004155",371989,2025-05-24 03:27:39,42.5489807128906,-8.93874073028564,"Female"
"9004155",371989,2025-05-24 03:32:36,42.5489273071289,-8.93867778778076,"Female"
"9004155",371989,2025-05-24 03:37:35,42.5487937927246,-8.93892097473145,"Female"
"9004155",371989,2025-05-24 03:42:37,42.5488433837891,-8.93885898590088,"Female"
"9004155",371989,2025-05-24 03:47:36,42.5488586425781,-8.93890380859375,"Female"
"9004155",371989,2025-05-24 03:52:38,42.5488815307617,-8.93879222869873,"Female"
"9004155",371989,2025-05-24 03:57:40,42.5487480163574,-8.93906307220459,"Female"
"9004155",371989,2025-05-24 04:02:36,42.5488243103027,-8.93888378143311,"Female"
"9004155",371989,2025-05-24 04:07:36,42.5487327575684,-8.93885517120361,"Female"
"9004155",371989,2025-05-24 04:12:35,42.5487823486328,-8.93901443481445,"Female"
"9004155",371989,2025-05-24 04:17:38,42.5488204956055,-8.93894290924072,"Female"
"9004155",371989,2025-05-24 04:22:39,42.5487899780273,-8.93897914886475,"Female"
"9004155",371989,2025-05-24 04:27:36,42.5488128662109,-8.93893909454346,"Female"
"9004155",371989,2025-05-24 04:32:36,42.548828125,-8.93900489807129,"Female"
"9004155",371989,2025-05-24 04:37:36,42.548828125,-8.93898582458496,"Female"
"9004155",371989,2025-05-24 04:42:39,42.5487785339355,-8.93920612335205,"Female"
"9004155",371989,2025-05-24 04:47:37,42.5488319396973,-8.93893146514893,"Female"
"9004155",371989,2025-05-24 04:52:38,42.5487823486328,-8.93913173675537,"Female"
"9004155",371989,2025-05-24 04:57:37,42.5464401245117,-8.93711566925049,"Female"
"9004155",371989,2025-05-24 05:02:36,42.5447311401367,-8.93704509735107,"Female"
"9004155",371989,2025-05-24 05:07:37,42.5002250671387,-8.93492126464844,"Female"
"9004155",371989,2025-05-24 05:12:37,42.4481086730957,-8.94245052337646,"Female"
"9004155",371989,2025-05-24 05:17:37,42.4037933349609,-8.92744541168213,"Female"
"9004155",371989,2025-05-24 05:22:38,42.3991470336914,-8.92141914367676,"Female"
"9004155",371989,2025-05-24 05:27:37,42.3991622924805,-8.92141056060791,"Female"
"9004155",371989,2025-05-24 05:32:38,42.3991775512695,-8.92140674591064,"Female"
"9004155",371989,2025-05-24 05:37:41,42.3992881774902,-8.92150402069092,"Female"
"9004155",371989,2025-05-24 05:42:37,42.3991279602051,-8.92143249511719,"Female"
"9004155",371989,2025-05-24 05:47:38,42.3991394042969,-8.92144584655762,"Female"
"9004155",371989,2025-05-24 05:52:39,42.3991317749023,-8.92146778106689,"Female"
"9004155",371989,2025-05-24 05:57:42,42.3992004394531,-8.92138767242432,"Female"
"9004155",371989,2025-05-24 06:02:42,42.399169921875,-8.9214973449707,"Female"
"9004155",371989,2025-05-24 06:07:42,42.3990936279297,-8.92132568359375,"Female"
"9004155",371989,2025-05-24 06:12:40,42.3984413146973,-8.92133045196533,"Female"
"9004155",371989,2025-05-24 06:17:41,42.3987884521484,-8.92077827453613,"Female"
"9004155",371989,2025-05-24 06:22:43,42.3988456726074,-8.92100238800049,"Female"
"9004155",371989,2025-05-24 06:27:42,42.3989524841309,-8.92092609405518,"Female"
"9004155",371989,2025-05-24 06:32:42,42.3988189697266,-8.92082500457764,"Female"
"9004155",371989,2025-05-24 06:37:42,42.3987503051758,-8.92079544067383,"Female"
"9004155",371989,2025-05-24 06:42:38,42.3985900878906,-8.92092418670654,"Female"
"9004155",371989,2025-05-24 06:47:38,42.3985404968262,-8.92096424102783,"Female"
"9004155",371989,2025-05-24 06:52:37,42.398494720459,-8.92100620269775,"Female"
"9004155",371989,2025-05-24 06:57:38,42.3985939025879,-8.92093372344971,"Female"
"9004155",371989,2025-05-24 07:02:36,42.3985862731934,-8.92090034484863,"Female"
"9004155",371989,2025-05-24 07:07:43,42.3985023498535,-8.92073822021484,"Female"
"9004155",371989,2025-05-24 07:12:35,42.3985328674316,-8.92084121704102,"Female"
"9004155",371989,2025-05-24 07:17:41,42.3984794616699,-8.92089080810547,"Female"
"9004155",371989,2025-05-24 07:22:39,42.3984832763672,-8.92072200775146,"Female"
"9004155",371989,2025-05-24 07:27:38,42.3984260559082,-8.92061805725098,"Female"
"9004155",371989,2025-05-24 07:32:37,42.3983917236328,-8.92056369781494,"Female"
"9004155",371989,2025-05-24 07:37:37,42.3984260559082,-8.92050170898438,"Female"
"9004155",371989,2025-05-24 07:42:38,42.3984794616699,-8.92048263549805,"Female"
"9004155",371989,2025-05-24 07:47:45,42.3984451293945,-8.92051315307617,"Female"
"9004155",371989,2025-05-24 07:52:38,42.3984527587891,-8.92046070098877,"Female"
"9004155",371989,2025-05-24 07:57:39,42.3983993530273,-8.92036724090576,"Female"
"9004155",371989,2025-05-24 08:02:39,42.3985633850098,-8.92073726654053,"Female"
"9004155",371989,2025-05-24 08:07:37,42.3988075256348,-8.92083263397217,"Female"
"9004155",371989,2025-05-24 08:12:39,42.3986320495605,-8.92084789276123,"Female"
"9004155",371989,2025-05-24 08:17:37,42.3986625671387,-8.9208927154541,"Female"
"9004155",371989,2025-05-24 08:22:39,42.3987007141113,-8.92092990875244,"Female"
"9004155",371989,2025-05-24 08:27:39,42.3987197875977,-8.92093086242676,"Female"
"9004155",371989,2025-05-24 08:32:36,42.3988456726074,-8.92094135284424,"Female"
"9004155",371989,2025-05-24 08:37:39,42.3986473083496,-8.92094230651855,"Female"
"9004155",371989,2025-05-24 08:42:40,42.3985977172852,-8.92093276977539,"Female"
"9004155",371989,2025-05-24 08:47:36,42.3990440368652,-8.92086696624756,"Female"
"9004155",371989,2025-05-24 08:52:36,42.3989868164062,-8.92087841033936,"Female"
"9004155",371989,2025-05-24 08:57:40,42.3989486694336,-8.92084407806396,"Female"
"9004155",371989,2025-05-24 09:02:43,42.3988151550293,-8.92090034484863,"Female"
"9004155",371989,2025-05-24 09:07:36,42.3989295959473,-8.9208812713623,"Female"
"9004155",371989,2025-05-24 09:12:37,42.3988380432129,-8.92080497741699,"Female"
"9004155",371989,2025-05-24 09:17:40,42.3987617492676,-8.92080116271973,"Female"
"9004155",371989,2025-05-24 09:22:37,42.3987045288086,-8.92068958282471,"Female"
"9004155",371989,2025-05-24 09:27:48,42.3986930847168,-8.92084693908691,"Female"
"9004155",371989,2025-05-24 09:32:48,42.3987503051758,-8.92095470428467,"Female"
"9004155",371989,2025-05-24 09:37:50,42.3987464904785,-8.92086124420166,"Female"
"9004155",371989,2025-05-24 09:42:40,42.398624420166,-8.92067527770996,"Female"
"9004155",371989,2025-05-24 09:47:36,42.398754119873,-8.92072772979736,"Female"
"9004155",371989,2025-05-24 09:52:36,42.3987121582031,-8.92068862915039,"Female"
"9004155",371989,2025-05-24 09:57:39,42.3986968994141,-8.92097949981689,"Female"
"9004155",371989,2025-05-24 10:02:41,42.3986701965332,-8.92045593261719,"Female"
"9004155",371989,2025-05-24 10:08:05,42.3984909057617,-8.92069435119629,"Female"
"9004155",371989,2025-05-24 10:12:34,42.3984031677246,-8.92093181610107,"Female"
"9004155",371989,2025-05-24 10:17:36,42.3984146118164,-8.92089653015137,"Female"
"9004155",371989,2025-05-24 10:22:35,42.398509979248,-8.92070293426514,"Female"
"9004155",371989,2025-05-24 10:27:35,42.3984794616699,-8.92075061798096,"Female"
"9004155",371989,2025-05-24 10:32:36,42.398365020752,-8.92090511322021,"Female"
"9004155",371989,2025-05-24 10:37:36,42.3983573913574,-8.92086982727051,"Female"
"9004155",371989,2025-05-24 10:42:36,42.3983917236328,-8.92086791992188,"Female"
"9004155",371989,2025-05-24 10:47:35,42.3984985351562,-8.92107486724854,"Female"
"9004155",371989,2025-05-24 10:52:36,42.3984146118164,-8.92114353179932,"Female"
"9004155",371989,2025-05-24 10:57:35,42.3984222412109,-8.92072868347168,"Female"
"9004155",371989,2025-05-24 11:02:36,42.3984107971191,-8.92093563079834,"Female"
"9004155",371989,2025-05-24 11:07:51,42.3984298706055,-8.92102909088135,"Female"
"9004155",371989,2025-05-24 11:12:38,42.3983955383301,-8.92093276977539,"Female"
"9004155",371989,2025-05-24 11:17:39,42.3983268737793,-8.92074108123779,"Female"
"9004155",371989,2025-05-24 11:22:40,42.3983535766602,-8.92056274414062,"Female"
"9004155",371989,2025-05-24 11:27:42,42.3983612060547,-8.920973777771,"Female"
"9004155",371989,2025-05-24 11:32:41,42.398323059082,-8.92081737518311,"Female"
"9004155",371989,2025-05-24 11:37:39,42.3983688354492,-8.92075443267822,"Female"
"9004155",371989,2025-05-24 11:42:36,42.3983421325684,-8.92085838317871,"Female"
"9004155",371989,2025-05-24 11:47:37,42.3983840942383,-8.92094802856445,"Female"
"9004155",371989,2025-05-24 11:52:37,42.3983726501465,-8.92085361480713,"Female"
"9004155",371989,2025-05-24 11:57:35,42.398380279541,-8.9209680557251,"Female"
"9004155",371989,2025-05-24 12:02:38,42.3983879089355,-8.92094707489014,"Female"
"9004155",371989,2025-05-24 12:07:36,42.3984413146973,-8.92079639434814,"Female"
"9004155",371989,2025-05-24 12:12:36,42.3984451293945,-8.92050552368164,"Female"
"9004155",371989,2025-05-24 12:17:36,42.3984718322754,-8.92031669616699,"Female"
"9004155",371989,2025-05-24 12:22:36,42.3984184265137,-8.92055702209473,"Female"
"9004155",371989,2025-05-24 12:27:35,42.3984146118164,-8.92068958282471,"Female"
"9004155",371989,2025-05-24 12:32:40,42.3984489440918,-8.92040157318115,"Female"
"9004155",371989,2025-05-24 12:37:41,42.3985900878906,-8.91977691650391,"Female"
"9004155",371989,2025-05-24 12:42:42,42.3985633850098,-8.91998195648193,"Female"
"9004155",371989,2025-05-24 12:47:42,42.3985252380371,-8.9199390411377,"Female"
"9004155",371989,2025-05-24 12:52:42,42.3984794616699,-8.91988658905029,"Female"
"9004155",371989,2025-05-24 12:58:02,42.3984260559082,-8.92092800140381,"Female"
"9004155",371989,2025-05-24 13:02:36,42.3983955383301,-8.92098808288574,"Female"
"9004155",371989,2025-05-24 13:07:35,42.3985061645508,-8.92052555084229,"Female"
"9004155",371989,2025-05-24 13:12:36,42.3984375,-8.92060089111328,"Female"
"9004155",371989,2025-05-24 13:17:38,42.3985824584961,-8.92102813720703,"Female"
"9004155",371989,2025-05-24 13:22:37,42.3985481262207,-8.92097187042236,"Female"
"9004155",371989,2025-05-24 13:27:37,42.3985176086426,-8.92097091674805,"Female"
"9004155",371989,2025-05-24 13:32:36,42.3985481262207,-8.92092800140381,"Female"
"9004155",371989,2025-05-24 13:37:37,42.3985824584961,-8.92105197906494,"Female"
"9004155",371989,2025-05-24 13:42:39,42.3985710144043,-8.92108821868896,"Female"
"9004155",371989,2025-05-24 13:47:36,42.3985595703125,-8.92104244232178,"Female"
"9004155",371989,2025-05-24 13:52:36,42.398567199707,-8.92103958129883,"Female"
"9004155",371989,2025-05-24 13:57:35,42.3984642028809,-8.92091846466064,"Female"
"9004155",371989,2025-05-24 14:02:40,42.3983955383301,-8.92078495025635,"Female"
"9004155",371989,2025-05-24 14:07:39,42.3985252380371,-8.92109870910645,"Female"
"9004155",371989,2025-05-24 14:12:36,42.3983192443848,-8.92076206207275,"Female"
"9004155",371989,2025-05-24 14:17:37,42.3984031677246,-8.92080783843994,"Female"
"9004155",371989,2025-05-24 14:22:37,42.398193359375,-8.92067050933838,"Female"
"9004155",371989,2025-05-24 14:27:41,42.3981475830078,-8.92062282562256,"Female"
"9004155",371989,2025-05-24 14:33:09,42.3982238769531,-8.9206600189209,"Female"
"9004155",371989,2025-05-24 14:37:50,42.3977890014648,-8.92049407958984,"Female"
"9004155",371989,2025-05-24 14:43:05,42.3985023498535,-8.92094039916992,"Female"
"9004155",371989,2025-05-24 14:47:36,42.3985366821289,-8.92094326019287,"Female"
"9004155",371989,2025-05-24 14:52:36,42.3985328674316,-8.92094612121582,"Female"
"9004155",371989,2025-05-24 14:57:36,42.3985252380371,-8.92087554931641,"Female"
"9004155",371989,2025-05-24 15:02:35,42.3985366821289,-8.92068099975586,"Female"
"9004155",371989,2025-05-24 15:07:36,42.3984413146973,-8.92101383209229,"Female"
"9004155",371989,2025-05-24 15:12:35,42.3984909057617,-8.92096328735352,"Female"
"9004155",371989,2025-05-24 15:17:39,42.3984336853027,-8.92092895507812,"Female"
"9004155",371989,2025-05-24 15:22:39,42.3984832763672,-8.92108249664307,"Female"
"9004155",371989,2025-05-24 15:27:37,42.3984451293945,-8.92096519470215,"Female"
"9004155",371989,2025-05-24 15:32:34,42.3983154296875,-8.92103290557861,"Female"
"9004155",371989,2025-05-24 15:37:34,42.3984642028809,-8.92099857330322,"Female"
"9004155",371989,2025-05-24 15:42:36,42.3984146118164,-8.92105007171631,"Female"
"9004155",371989,2025-05-24 15:47:34,42.3984184265137,-8.92101001739502,"Female"
"9004155",371989,2025-05-24 15:52:36,42.3984222412109,-8.9210090637207,"Female"
"9004155",371989,2025-05-24 15:57:35,42.3984680175781,-8.92103672027588,"Female"
"9004155",371989,2025-05-24 16:02:35,42.3984146118164,-8.92098426818848,"Female"
"9004155",371989,2025-05-24 16:07:36,42.3984184265137,-8.92098045349121,"Female"
"9004155",371989,2025-05-24 16:12:39,42.3984565734863,-8.92112636566162,"Female"
"9004155",371989,2025-05-24 16:17:39,42.3983879089355,-8.92103862762451,"Female"
"9004155",371989,2025-05-24 16:22:38,42.398380279541,-8.92099285125732,"Female"
"9004155",371989,2025-05-24 16:27:39,42.3983192443848,-8.92097091674805,"Female"
"9004155",371989,2025-05-24 16:32:35,42.3984565734863,-8.9210205078125,"Female"
"9004155",371989,2025-05-24 16:37:36,42.3982925415039,-8.92095279693604,"Female"
"9004155",371989,2025-05-24 16:42:45,42.3983840942383,-8.92092800140381,"Female"
"9004155",371989,2025-05-24 16:47:43,42.3983459472656,-8.92089462280273,"Female"
"9004155",371989,2025-05-24 16:52:41,42.3985366821289,-8.92101860046387,"Female"
"9004155",371989,2025-05-24 16:57:39,42.3984794616699,-8.92110347747803,"Female"
"9004155",371989,2025-05-24 17:02:44,42.3984909057617,-8.92113399505615,"Female"
"9004155",371989,2025-05-24 17:07:38,42.3984260559082,-8.92099666595459,"Female"
"9004155",371989,2025-05-24 17:12:37,42.3984832763672,-8.9210319519043,"Female"
"9004155",371989,2025-05-24 17:17:38,42.3984527587891,-8.92103290557861,"Female"
"9004155",371989,2025-05-24 17:22:42,42.398307800293,-8.92084980010986,"Female"
"9004155",371989,2025-05-24 17:27:39,42.3984451293945,-8.92098999023438,"Female"
"9004155",371989,2025-05-24 17:32:45,42.3986968994141,-8.92167568206787,"Female"
"9004155",371989,2025-05-24 17:37:55,42.3984184265137,-8.92106628417969,"Female"
"9004155",371989,2025-05-24 17:42:59,42.3984756469727,-8.92103576660156,"Female"
"9004155",371989,2025-05-24 17:48:05,42.3984413146973,-8.92093086242676,"Female"
"9004155",371989,2025-05-24 17:52:36,42.3989219665527,-8.92072868347168,"Female"
"9004155",371989,2025-05-24 17:57:38,42.3984756469727,-8.92069530487061,"Female"
"9004155",371989,2025-05-24 18:02:39,42.3983535766602,-8.92083835601807,"Female"
"9004155",371989,2025-05-24 18:07:39,42.3983573913574,-8.9208402633667,"Female"
"9004155",371989,2025-05-24 18:12:37,42.398365020752,-8.92082595825195,"Female"
"9004155",371989,2025-05-24 18:17:40,42.3983421325684,-8.92082786560059,"Female"
"9004155",371989,2025-05-24 18:22:37,42.3983612060547,-8.92080020904541,"Female"
"9004155",371989,2025-05-24 18:27:44,42.398365020752,-8.92088031768799,"Female"
"9004155",371989,2025-05-24 18:32:38,42.3984375,-8.9208517074585,"Female"
"9004155",371989,2025-05-24 18:37:38,42.3983917236328,-8.92088603973389,"Female"
"9004155",371989,2025-05-24 18:42:42,42.3983726501465,-8.92082595825195,"Female"
"9004155",371989,2025-05-24 18:47:43,42.3984031677246,-8.9208869934082,"Female"
"9004155",371989,2025-05-24 18:52:39,42.3983764648438,-8.92092227935791,"Female"
"9004155",371989,2025-05-24 18:57:37,42.3982887268066,-8.92077732086182,"Female"
"9004155",371989,2025-05-24 19:02:36,42.3984031677246,-8.92087459564209,"Female"
"9004155",371989,2025-05-24 19:07:35,42.3984527587891,-8.92096900939941,"Female"
"9004155",371989,2025-05-24 19:12:39,42.3984451293945,-8.92109489440918,"Female"
"9004155",371989,2025-05-24 19:17:46,42.3983612060547,-8.92091178894043,"Female"
"9004155",371989,2025-05-24 19:22:40,42.3983726501465,-8.92092990875244,"Female"
"9004155",371989,2025-05-24 19:27:42,42.398509979248,-8.92112827301025,"Female"
"9004155",371989,2025-05-24 19:33:04,42.3983917236328,-8.92093181610107,"Female"
"9004155",371989,2025-05-24 19:37:37,42.3984222412109,-8.92093563079834,"Female"
"9004155",371989,2025-05-24 19:42:34,42.3984107971191,-8.92106914520264,"Female"
"9004155",371989,2025-05-24 19:47:35,42.4068717956543,-8.88993263244629,"Female"
"9004155",371989,2025-05-24 19:53:01,42.4085159301758,-8.88908672332764,"Female"
"9004155",371989,2025-05-24 19:57:59,42.409366607666,-8.8889684677124,"Female"
"9004155",371989,2025-05-24 20:02:59,42.3998031616211,-8.91436004638672,"Female"
"9004155",371989,2025-05-24 20:07:58,42.3968925476074,-8.91949558258057,"Female"
"9004155",371989,2025-05-24 20:12:59,42.3980598449707,-8.92070388793945,"Female"
"9004155",371989,2025-05-24 20:17:59,42.3987197875977,-8.92103004455566,"Female"
"9004155",371989,2025-05-24 20:23:05,42.3987236022949,-8.92095565795898,"Female"
"9004155",371989,2025-05-24 20:27:59,42.3987350463867,-8.92107677459717,"Female"
"9004155",371989,2025-05-24 20:33:00,42.3975372314453,-8.92057991027832,"Female"
"9004155",371989,2025-05-24 20:38:00,42.3976135253906,-8.92065811157227,"Female"
"9004155",371989,2025-05-24 20:42:59,42.3976516723633,-8.92074871063232,"Female"
"9004155",371989,2025-05-24 20:48:00,42.3978843688965,-8.92116165161133,"Female"
"9004155",371989,2025-05-24 20:53:03,42.3978042602539,-8.92098236083984,"Female"
"9004155",371989,2025-05-24 20:58:14,42.397518157959,-8.9205493927002,"Female"
"9004155",371989,2025-05-24 21:03:04,42.3974876403809,-8.92063999176025,"Female"
"9004155",371989,2025-05-24 21:08:13,42.3974533081055,-8.9207763671875,"Female"
"9004155",371989,2025-05-24 21:13:04,42.3974914550781,-8.92055988311768,"Female"
"9004155",371989,2025-05-24 21:18:04,42.3974113464355,-8.92066764831543,"Female"
"9004155",371989,2025-05-24 21:23:04,42.3974533081055,-8.9207706451416,"Female"
"9004155",371989,2025-05-24 21:27:59,42.3974571228027,-8.92072868347168,"Female"
"9004155",371989,2025-05-24 21:33:04,42.3974647521973,-8.92085266113281,"Female"
"9004155",371989,2025-05-24 21:38:04,42.3975105285645,-8.92102909088135,"Female"
"9004155",371989,2025-05-24 21:43:04,42.3974800109863,-8.92078876495361,"Female"
"9004155",371989,2025-05-24 21:48:14,42.3974266052246,-8.92078590393066,"Female"
"9004155",371989,2025-05-24 21:52:59,42.3973999023438,-8.9209680557251,"Female"
"9004155",371989,2025-05-24 21:58:05,42.3974075317383,-8.92072772979736,"Female"
"9004155",371989,2025-05-24 22:03:11,42.3973503112793,-8.92032432556152,"Female"
"9004155",371989,2025-05-24 22:08:21,42.3973236083984,-8.92023181915283,"Female"
"9004155",371989,2025-05-24 22:13:05,42.3975715637207,-8.92087936401367,"Female"
"9004155",371989,2025-05-24 22:17:59,42.3974800109863,-8.920654296875,"Female"
"9004155",371989,2025-05-24 22:22:59,42.3977432250977,-8.92123985290527,"Female"
"9004155",371989,2025-05-24 22:28:03,42.3976936340332,-8.92104053497314,"Female"
"9004155",371989,2025-05-24 22:33:10,42.3975715637207,-8.92095470428467,"Female"
"9004155",371989,2025-05-24 22:38:29,42.397403717041,-8.92043876647949,"Female"
"9004155",371989,2025-05-24 22:42:59,42.3974189758301,-8.9204740524292,"Female"
"9004155",371989,2025-05-24 22:47:59,42.3975143432617,-8.92045402526855,"Female"
"9004155",371989,2025-05-24 22:53:01,42.397346496582,-8.92021751403809,"Female"
"9004155",371989,2025-05-24 22:57:59,42.3975448608398,-8.92055606842041,"Female"
"9004155",371989,2025-05-24 23:02:59,42.397331237793,-8.92021465301514,"Female"
"9004155",371989,2025-05-24 23:08:14,42.3974571228027,-8.92046451568604,"Female"
"9004155",371989,2025-05-24 23:12:59,42.3973922729492,-8.92029571533203,"Female"
"9004155",371989,2025-05-24 23:18:00,42.397590637207,-8.92059421539307,"Female"
"9004155",371989,2025-05-24 23:23:01,42.3975830078125,-8.92063617706299,"Female"
"9004155",371989,2025-05-24 23:27:59,42.3975944519043,-8.92077732086182,"Female"
"9004155",371989,2025-05-24 23:32:59,42.3975219726562,-8.92054462432861,"Female"
"9004155",371989,2025-05-24 23:38:01,42.3975601196289,-8.92061233520508,"Female"
"9004155",371989,2025-05-24 23:43:35,42.3975372314453,-8.9205961227417,"Female"
"9004155",371989,2025-05-24 23:47:59,42.3974075317383,-8.92041873931885,"Female"
"9004155",371989,2025-05-24 23:52:59,42.397533416748,-8.92057323455811,"Female"
"9004155",371989,2025-05-24 23:57:58,42.3972434997559,-8.92013835906982,"Female"
"9004155",371989,2025-05-25 00:02:59,42.3971824645996,-8.9200496673584,"Female"
"9004155",371989,2025-05-25 00:08:01,42.397518157959,-8.92053985595703,"Female"
"9004155",371989,2025-05-25 00:12:59,42.3974876403809,-8.92050266265869,"Female"
"9004155",371989,2025-05-25 00:17:59,42.3975257873535,-8.92060852050781,"Female"
"9004155",371989,2025-05-25 00:22:59,42.3974685668945,-8.92048835754395,"Female"
"9004155",371989,2025-05-25 00:27:58,42.3974876403809,-8.92053318023682,"Female"
"9004155",371989,2025-05-25 00:33:14,42.3974761962891,-8.92044544219971,"Female"
"9004155",371989,2025-05-25 00:37:58,42.3975219726562,-8.92052364349365,"Female"
"9004155",371989,2025-05-25 00:42:59,42.3975143432617,-8.92050266265869,"Female"
"9004155",371989,2025-05-25 00:48:04,42.3974952697754,-8.92051315307617,"Female"
"9004155",371989,2025-05-25 00:53:00,42.3974304199219,-8.92052555084229,"Female"
"9004155",371989,2025-05-25 00:58:03,42.3974800109863,-8.92031002044678,"Female"
"9004155",371989,2025-05-25 01:03:05,42.3973770141602,-8.92041301727295,"Female"
"9004155",371989,2025-05-25 01:07:59,42.3974952697754,-8.92043685913086,"Female"
"9004155",371989,2025-05-25 01:13:03,42.3976058959961,-8.91980648040771,"Female"
"9004155",371989,2025-05-25 01:18:07,42.3976593017578,-8.91903209686279,"Female"
"9004155",371989,2025-05-25 01:23:07,42.3979072570801,-8.91731548309326,"Female"
"9004155",371989,2025-05-25 01:28:14,42.3974685668945,-8.92048835754395,"Female"
"9004155",371989,2025-05-25 01:33:04,42.3974838256836,-8.92025375366211,"Female"
"9004155",371989,2025-05-25 01:38:05,42.3974952697754,-8.92048645019531,"Female"
"9004155",371989,2025-05-25 01:43:03,42.3974380493164,-8.92037868499756,"Female"
"9004155",371989,2025-05-25 01:48:35,42.3974456787109,-8.92047119140625,"Female"
"9004155",371989,2025-05-25 01:52:58,42.3974914550781,-8.9205379486084,"Female"
"9004155",371989,2025-05-25 01:57:58,42.3975143432617,-8.92058849334717,"Female"
"9004155",371989,2025-05-25 02:03:06,42.3975219726562,-8.92052268981934,"Female"
"9004155",371989,2025-05-25 02:07:59,42.3973960876465,-8.92035865783691,"Female"
"9004155",371989,2025-05-25 02:13:06,42.3974456787109,-8.92048645019531,"Female"
"9004155",371989,2025-05-25 02:18:07,42.3974800109863,-8.92051315307617,"Female"
"9004155",371989,2025-05-25 02:23:08,42.3973350524902,-8.92047500610352,"Female"
"9004155",371989,2025-05-25 02:28:14,42.3974685668945,-8.92052555084229,"Female"
"9004155",371989,2025-05-25 02:32:58,42.3973922729492,-8.92038059234619,"Female"
"9004155",371989,2025-05-25 02:38:00,42.3972778320312,-8.92030906677246,"Female"
"9004155",371989,2025-05-25 02:42:59,42.3975067138672,-8.92048358917236,"Female"
"9004155",371989,2025-05-25 02:48:15,42.3975715637207,-8.92055892944336,"Female"
"9004155",371989,2025-05-25 02:52:58,42.3975982666016,-8.92065811157227,"Female"
"9004155",371989,2025-05-25 02:57:58,42.3975410461426,-8.9205846786499,"Female"
"9004155",371989,2025-05-25 03:02:59,42.3976173400879,-8.92058753967285,"Female"
"9004155",371989,2025-05-25 03:07:58,42.3975791931152,-8.92061233520508,"Female"
"9004155",371989,2025-05-25 03:13:00,42.3975868225098,-8.92056846618652,"Female"
"9004155",371989,2025-05-25 03:18:05,42.3975791931152,-8.92054080963135,"Female"
"9004155",371989,2025-05-25 03:23:03,42.3975715637207,-8.92051887512207,"Female"
"9004155",371989,2025-05-25 03:28:04,42.3974990844727,-8.92044544219971,"Female"
"9004155",371989,2025-05-25 03:33:01,42.3975372314453,-8.92047691345215,"Female"
"9004155",371989,2025-05-25 03:38:01,42.3975677490234,-8.92057418823242,"Female"
"9004155",371989,2025-05-25 03:42:59,42.3975715637207,-8.92063903808594,"Female"
"9004155",371989,2025-05-25 03:48:29,42.3975257873535,-8.92046546936035,"Female"
"9004155",371989,2025-05-25 03:52:59,42.3975524902344,-8.92033767700195,"Female"
"9004155",371989,2025-05-25 03:58:07,42.3984756469727,-8.92102813720703,"Female"
"9004155",371989,2025-05-25 04:03:14,42.398365020752,-8.9208927154541,"Female"
"9004155",371989,2025-05-25 04:07:59,42.3983497619629,-8.92094421386719,"Female"
"9004155",371989,2025-05-25 04:12:59,42.3984107971191,-8.92102718353271,"Female"
"9004155",371989,2025-05-25 04:17:58,42.3985366821289,-8.92104721069336,"Female"
"9004155",371989,2025-05-25 04:22:59,42.3984184265137,-8.92079830169678,"Female"
"9004155",371989,2025-05-25 04:28:10,42.3984413146973,-8.92102146148682,"Female"
"9004155",371989,2025-05-25 04:33:03,42.398494720459,-8.92129516601562,"Female"
"9004155",371989,2025-05-25 04:38:00,42.398796081543,-8.92158603668213,"Female"
"9004155",371989,2025-05-25 04:43:35,42.398551940918,-8.92124652862549,"Female"
"9004155",371989,2025-05-25 04:49:22,42.3984756469727,-8.92119693756104,"Female"
"9004155",371989,2025-05-25 04:53:14,42.3983726501465,-8.92042827606201,"Female"
"9004155",371989,2025-05-25 04:57:58,42.3976669311523,-8.92020606994629,"Female"
"9004155",371989,2025-05-25 05:02:59,42.3976364135742,-8.92034912109375,"Female"
"9004155",371989,2025-05-25 05:08:01,42.3976593017578,-8.92032432556152,"Female"
"9004155",371989,2025-05-25 05:13:01,42.3975410461426,-8.91908264160156,"Female"
"9004155",371989,2025-05-25 05:18:00,42.3972244262695,-8.92080593109131,"Female"
"9004155",371989,2025-05-25 05:23:06,42.3972091674805,-8.92025184631348,"Female"
"9004155",371989,2025-05-25 05:28:01,42.3972282409668,-8.9202938079834,"Female"
"9004155",371989,2025-05-25 05:33:14,42.3973121643066,-8.92030143737793,"Female"
"9004155",371989,2025-05-25 05:37:58,42.397102355957,-8.92081737518311,"Female"
"9004155",371989,2025-05-25 05:43:00,42.3971366882324,-8.92092514038086,"Female"
"9004155",371989,2025-05-25 05:48:01,42.3975791931152,-8.92000865936279,"Female"
"9004155",371989,2025-05-25 05:53:14,42.3974761962891,-8.92002296447754,"Female"
"9004155",371989,2025-05-25 05:58:34,42.3974342346191,-8.92003917694092,"Female"
"9004155",371989,2025-05-25 06:02:58,42.3974075317383,-8.92006206512451,"Female"
"9004155",371989,2025-05-25 06:08:03,42.3974266052246,-8.92013931274414,"Female"
"9004155",371989,2025-05-25 06:12:58,42.3973388671875,-8.9200611114502,"Female"
"9004155",371989,2025-05-25 06:17:58,42.3973083496094,-8.92002582550049,"Female"
"9004155",371989,2025-05-25 06:22:58,42.3973808288574,-8.91998291015625,"Female"
"9004155",371989,2025-05-25 06:27:58,42.4005165100098,-8.90562534332275,"Female"
"9004155",371989,2025-05-25 06:33:56,42.4056777954102,-8.89590358734131,"Female"
"9004155",371989,2025-05-25 06:39:20,42.4035491943359,-8.88870811462402,"Female"
"9004155",371989,2025-05-25 06:44:23,42.4046516418457,-8.88283824920654,"Female"
"9004155",371989,2025-05-25 06:49:44,42.4279136657715,-8.89464664459229,"Female"
"9004155",371989,2025-05-25 06:54:21,42.4515838623047,-8.92065525054932,"Female"
"9004155",371989,2025-05-25 06:59:21,42.476016998291,-8.94065475463867,"Female"
"9004155",371989,2025-05-25 07:04:20,42.5054016113281,-8.92543029785156,"Female"
"9004155",371989,2025-05-25 07:09:20,42.5343170166016,-8.9062385559082,"Female"
"9004155",371989,2025-05-25 07:14:20,42.5641860961914,-8.89042091369629,"Female"
"9004155",371989,2025-05-25 07:19:23,42.5860290527344,-8.8655309677124,"Female"
"9004155",371989,2025-05-25 07:24:40,42.602897644043,-8.85052490234375,"Female"
"9004155",371989,2025-05-25 07:29:38,42.602783203125,-8.85054779052734,"Female"
"9004155",371989,2025-05-25 07:35:27,42.6028022766113,-8.85010433197021,"Female"
"9004155",371989,2025-05-25 07:40:53,42.6019973754883,-8.84936332702637,"Female"
"9004155",371989,2025-05-25 07:45:16,42.6019973754883,-8.84930419921875,"Female"
"9004155",371989,2025-05-25 07:50:15,42.6020622253418,-8.84926986694336,"Female"
"9004155",371989,2025-05-25 07:55:14,42.6018905639648,-8.84911632537842,"Female"
"9004155",371989,2025-05-25 08:00:18,42.6019897460938,-8.84915161132812,"Female"
"9004155",371989,2025-05-25 08:06:04,42.6020584106445,-8.84914398193359,"Female"
"9004155",371989,2025-05-25 08:10:42,42.6022033691406,-8.84921836853027,"Female"
"9004155",371989,2025-05-25 08:15:19,42.6022758483887,-8.84930229187012,"Female"
"9004155",371989,2025-05-25 08:20:16,42.6021728515625,-8.84919452667236,"Female"
"9004155",371989,2025-05-25 08:25:17,42.6021308898926,-8.84900569915771,"Female"
"9004155",371989,2025-05-25 08:30:44,42.606990814209,-8.84679889678955,"Female"
"9004155",371989,2025-05-25 08:35:21,42.6070671081543,-8.84670162200928,"Female"
"9004155",371989,2025-05-25 08:40:18,42.6070747375488,-8.84666156768799,"Female"
"9004155",371989,2025-05-25 08:45:26,42.6071739196777,-8.84674263000488,"Female"
"9004155",371989,2025-05-25 08:50:29,42.6073379516602,-8.84697151184082,"Female"
"9004155",371989,2025-05-25 08:55:35,42.6072731018066,-8.84671306610107,"Female"
"9004155",371989,2025-05-25 09:00:14,42.6072692871094,-8.84664154052734,"Female"
"9004155",371989,2025-05-25 09:05:15,42.6072273254395,-8.84659671783447,"Female"
"9004155",371989,2025-05-25 09:10:14,42.6072769165039,-8.84652900695801,"Female"
"9004155",371989,2025-05-25 09:15:15,42.6072311401367,-8.84657096862793,"Female"
"9004155",371989,2025-05-25 09:20:16,42.607177734375,-8.84668636322021,"Female"
"9004155",371989,2025-05-25 09:25:16,42.607250213623,-8.8465633392334,"Female"
"9004155",371989,2025-05-25 09:30:17,42.6072654724121,-8.84652805328369,"Female"
"9004155",371989,2025-05-25 09:35:14,42.6072158813477,-8.84648513793945,"Female"
"9004155",371989,2025-05-25 09:40:14,42.6072235107422,-8.84646511077881,"Female"
"9004155",371989,2025-05-25 09:45:15,42.6071357727051,-8.84656810760498,"Female"
"9004155",371989,2025-05-25 09:50:15,42.6071815490723,-8.84633541107178,"Female"
"9004155",371989,2025-05-25 09:55:15,42.6072273254395,-8.84646224975586,"Female"
"9004155",371989,2025-05-25 10:00:15,42.607120513916,-8.8465690612793,"Female"
"9004155",371989,2025-05-25 10:05:16,42.6071128845215,-8.84653186798096,"Female"
"9004155",371989,2025-05-25 10:11:22,42.6071319580078,-8.84658241271973,"Female"
"9004155",371989,2025-05-25 10:16:24,42.6071815490723,-8.84678173065186,"Female"
"9004155",371989,2025-05-25 10:22:11,42.6070556640625,-8.8468132019043,"Female"
"9004155",371989,2025-05-25 10:27:10,42.6072654724121,-8.84677314758301,"Female"
"9004155",371989,2025-05-25 10:32:10,42.6072387695312,-8.84683227539062,"Female"
"9004155",371989,2025-05-25 10:37:10,42.6072540283203,-8.8467960357666,"Female"
"9004155",371989,2025-05-25 10:42:12,42.6070709228516,-8.8469352722168,"Female"
"9004155",371989,2025-05-25 10:47:11,42.6071434020996,-8.84687900543213,"Female"
"9004155",371989,2025-05-25 10:52:10,42.6070365905762,-8.84693908691406,"Female"
"9004155",371989,2025-05-25 10:57:11,42.6071510314941,-8.84678554534912,"Female"
"9004155",371989,2025-05-25 11:02:13,42.6072845458984,-8.84675025939941,"Female"
"9004155",371989,2025-05-25 11:07:11,42.6071281433105,-8.84681701660156,"Female"
"9004155",371989,2025-05-25 11:12:18,42.6073188781738,-8.84669780731201,"Female"
"9004155",371989,2025-05-25 11:17:13,42.6073226928711,-8.8466796875,"Female"
"9004155",371989,2025-05-25 11:22:11,42.6074028015137,-8.8466911315918,"Female"
"9004155",371989,2025-05-25 11:27:12,42.6076469421387,-8.84675979614258,"Female"
"9004155",371989,2025-05-25 11:32:13,42.6073265075684,-8.84671878814697,"Female"
"9004155",371989,2025-05-25 11:37:15,42.6073188781738,-8.84682941436768,"Female"
"9004155",371989,2025-05-25 11:42:11,42.607349395752,-8.8466968536377,"Female"
"9004155",371989,2025-05-25 11:47:12,42.607307434082,-8.84672832489014,"Female"
"9004155",371989,2025-05-25 11:52:18,42.6073341369629,-8.84675025939941,"Female"
"9004155",371989,2025-05-25 11:57:18,42.6073150634766,-8.84673023223877,"Female"
"9004155",371989,2025-05-25 12:02:17,42.6072998046875,-8.8466968536377,"Female"
"9004155",371989,2025-05-25 12:10:14,42.607234954834,-8.8464822769165,"Female"
"9004155",371989,2025-05-25 12:14:57,42.6078681945801,-8.84661102294922,"Female"
"9004155",371989,2025-05-25 12:19:56,42.6084022521973,-8.84609031677246,"Female"
"9004155",371989,2025-05-25 12:24:54,42.6083717346191,-8.84629058837891,"Female"
"9004155",371989,2025-05-25 12:29:54,42.6084060668945,-8.84633922576904,"Female"
"9004155",371989,2025-05-25 12:34:54,42.6083679199219,-8.84649658203125,"Female"
"9004155",371989,2025-05-25 12:39:54,42.6084518432617,-8.84647846221924,"Female"
"9004155",371989,2025-05-25 12:44:54,42.6084632873535,-8.84659957885742,"Female"
"9004155",371989,2025-05-25 12:50:14,42.6082954406738,-8.84631156921387,"Female"
"9004155",371989,2025-05-25 12:54:54,42.6081619262695,-8.84637641906738,"Female"
"9004155",371989,2025-05-25 12:59:55,42.6082191467285,-8.84648418426514,"Female"
"9004155",371989,2025-05-25 13:04:58,42.6084976196289,-8.84640216827393,"Female"
"9004155",371989,2025-05-25 13:09:54,42.6083068847656,-8.84644508361816,"Female"
"9004155",371989,2025-05-25 13:14:57,42.6083297729492,-8.84585571289062,"Female"
"9004155",371989,2025-05-25 13:19:55,42.6094436645508,-8.84589576721191,"Female"
"9004155",371989,2025-05-25 13:25:50,42.6092491149902,-8.84578895568848,"Female"
"9004155",371989,2025-05-25 13:30:57,42.6092147827148,-8.84582710266113,"Female"
"9004155",371989,2025-05-25 13:35:55,42.6091499328613,-8.84585189819336,"Female"
"9004155",371989,2025-05-25 13:40:53,42.6091232299805,-8.8456859588623,"Female"
"9004155",371989,2025-05-25 13:46:15,42.6092376708984,-8.84580326080322,"Female"
"9004155",371989,2025-05-25 13:50:55,42.6091499328613,-8.84544658660889,"Female"
"9004155",371989,2025-05-25 13:55:55,42.6082382202148,-8.84775924682617,"Female"
"9004155",371989,2025-05-25 14:00:54,42.607780456543,-8.8487377166748,"Female"
"9004155",371989,2025-05-25 14:05:54,42.6080093383789,-8.84850788116455,"Female"
"9004155",371989,2025-05-25 14:11:05,42.6094436645508,-8.83760452270508,"Female"
"9004155",371989,2025-05-25 14:16:01,42.6091995239258,-8.84583377838135,"Female"
"9004155",371989,2025-05-25 14:20:54,42.6086120605469,-8.84743118286133,"Female"
"9004155",371989,2025-05-25 14:25:51,42.6090393066406,-8.84626483917236,"Female"
"9004155",371989,2025-05-25 14:31:15,42.6094779968262,-8.84631252288818,"Female"
"9004155",371989,2025-05-25 14:35:51,42.6091804504395,-8.84608554840088,"Female"
"9004155",371989,2025-05-25 14:40:51,42.6094741821289,-8.84615612030029,"Female"
"9004155",371989,2025-05-25 14:45:55,42.6093368530273,-8.84579563140869,"Female"
"9004155",371989,2025-05-25 14:50:54,42.6090202331543,-8.84689521789551,"Female"
"9004155",371989,2025-05-25 14:55:51,42.6098022460938,-8.84577083587646,"Female"
"9004155",371989,2025-05-25 15:02:03,42.6110801696777,-8.8451566696167,"Female"
"9004155",371989,2025-05-25 15:06:48,42.6110382080078,-8.84470558166504,"Female"
"9004155",371989,2025-05-25 15:12:06,42.6113014221191,-8.84473896026611,"Female"
"9004155",371989,2025-05-25 15:16:47,42.6107406616211,-8.84472846984863,"Female"
"9004155",371989,2025-05-25 15:21:48,42.6109657287598,-8.84487056732178,"Female"
"9004155",371989,2025-05-25 15:26:47,42.6108818054199,-8.84483337402344,"Female"
"9004155",371989,2025-05-25 15:31:51,42.6108016967773,-8.84476184844971,"Female"
"9004155",371989,2025-05-25 15:36:47,42.6108474731445,-8.84490871429443,"Female"
"9004155",371989,2025-05-25 15:41:51,42.6108932495117,-8.84486865997314,"Female"
"9004155",371989,2025-05-25 15:46:47,42.6108055114746,-8.8449592590332,"Female"
"9004155",371989,2025-05-25 15:51:49,42.6108360290527,-8.84491348266602,"Female"
"9004155",371989,2025-05-25 15:56:54,42.6108207702637,-8.84488010406494,"Female"
"9004155",371989,2025-05-25 16:02:00,42.6109466552734,-8.84511280059814,"Female"
"9004155",371989,2025-05-25 16:07:00,42.6107749938965,-8.84495258331299,"Female"
"9004155",371989,2025-05-25 16:13:00,42.6113510131836,-8.84469699859619,"Female"
"9004155",371989,2025-05-25 16:18:48,42.6099433898926,-8.84292697906494,"Female"
"9004155",371989,2025-05-25 16:25:00,42.6092147827148,-8.84264469146729,"Female"
"9004155",371989,2025-05-25 16:30:21,42.6091461181641,-8.84262180328369,"Female"
"9004155",371989,2025-05-25 16:35:15,42.6092529296875,-8.84278011322021,"Female"
"9004155",371989,2025-05-25 16:39:51,42.6093063354492,-8.84284496307373,"Female"
"9004155",371989,2025-05-25 16:44:49,42.609432220459,-8.84301948547363,"Female"
"9004155",371989,2025-05-25 16:49:49,42.609375,-8.8428897857666,"Female"
"9004155",371989,2025-05-25 16:54:49,42.6093559265137,-8.84287929534912,"Female"
"9004155",371989,2025-05-25 16:59:49,42.6093940734863,-8.84294986724854,"Female"
"9004155",371989,2025-05-25 17:04:49,42.6093482971191,-8.84293842315674,"Female"
"9004155",371989,2025-05-25 17:09:49,42.6092987060547,-8.84280586242676,"Female"
"9004155",371989,2025-05-25 17:14:49,42.6093254089355,-8.84294319152832,"Female"
"9004155",371989,2025-05-25 17:19:49,42.6092948913574,-8.84317207336426,"Female"
"9004155",371989,2025-05-25 17:24:49,42.609317779541,-8.84298992156982,"Female"
"9004155",371989,2025-05-25 17:29:50,42.6094551086426,-8.84297752380371,"Female"
"9004155",371989,2025-05-25 17:35:00,42.6095085144043,-8.84300136566162,"Female"
"9004155",371989,2025-05-25 17:40:02,42.6094284057617,-8.84291458129883,"Female"
"9004155",371989,2025-05-25 17:45:00,42.6094703674316,-8.84295177459717,"Female"
"9004155",371989,2025-05-25 17:50:00,42.6094703674316,-8.84304141998291,"Female"
"9004155",371989,2025-05-25 17:55:09,42.6083869934082,-8.84218883514404,"Female"
"9004155",371989,2025-05-25 18:00:15,42.6078643798828,-8.84235763549805,"Female"
"9004155",371989,2025-05-25 18:05:26,42.6064414978027,-8.84341430664062,"Female"
"9004155",371989,2025-05-25 18:10:23,42.6049957275391,-8.84280395507812,"Female"
"9004155",371989,2025-05-25 18:15:18,42.6050491333008,-8.84281921386719,"Female"
"9004155",371989,2025-05-25 18:20:35,42.604793548584,-8.84256458282471,"Female"
"9004155",371989,2025-05-25 18:25:09,42.6047897338867,-8.84261798858643,"Female"
"9004155",371989,2025-05-25 18:30:09,42.6048202514648,-8.84254455566406,"Female"
"9004155",371989,2025-05-25 18:35:09,42.6048278808594,-8.84256649017334,"Female"
"9004155",371989,2025-05-25 18:40:09,42.6048202514648,-8.84247016906738,"Female"
"9004155",371989,2025-05-25 18:45:09,42.6048355102539,-8.8425989151001,"Female"
"9004155",371989,2025-05-25 18:50:09,42.604866027832,-8.84252452850342,"Female"
"9004155",371989,2025-05-25 18:55:09,42.604850769043,-8.84256649017334,"Female"
"9004155",371989,2025-05-25 19:00:09,42.6048469543457,-8.84256839752197,"Female"
"9004155",371989,2025-05-25 19:05:10,42.6047592163086,-8.8425350189209,"Female"
"9004155",371989,2025-05-25 19:10:11,42.6046409606934,-8.84224796295166,"Female"
"9004155",371989,2025-05-25 19:15:11,42.6047973632812,-8.84245586395264,"Female"
"9004155",371989,2025-05-25 19:20:11,42.6046981811523,-8.84240818023682,"Female"
"9004155",371989,2025-05-25 19:25:11,42.604663848877,-8.84222221374512,"Female"
"9004155",371989,2025-05-25 19:30:11,42.598762512207,-8.8640832901001,"Female"
"9004155",371989,2025-05-25 19:35:11,42.570384979248,-8.91361141204834,"Female"
"9004155",371989,2025-05-25 19:40:13,42.5683441162109,-8.91689968109131,"Female"
"9004155",371989,2025-05-25 19:45:11,42.5518264770508,-8.94025135040283,"Female"
"9004155",371989,2025-05-25 19:50:11,42.547966003418,-8.93870067596436,"Female"
"9004155",371989,2025-05-25 19:55:11,42.5485038757324,-8.93876361846924,"Female"
"9004155",371989,2025-05-25 20:00:11,42.548397064209,-8.93855762481689,"Female"
"9004155",371989,2025-05-25 20:05:11,42.5483932495117,-8.93853378295898,"Female"
"9004155",371989,2025-05-25 20:10:11,42.5482177734375,-8.93828201293945,"Female"
"9004155",371989,2025-05-25 20:15:11,42.5481033325195,-8.93810272216797,"Female"
"9004155",371989,2025-05-25 20:20:12,42.5482025146484,-8.93817043304443,"Female"
"9004155",371989,2025-05-25 20:25:31,42.5485191345215,-8.93874835968018,"Female"
"9004155",371989,2025-05-25 20:30:12,42.5484161376953,-8.93883419036865,"Female"
"9004155",371989,2025-05-25 20:35:12,42.5485382080078,-8.93887042999268,"Female"
"9004155",371989,2025-05-25 20:40:10,42.5485725402832,-8.93883419036865,"Female"
"9004155",371989,2025-05-25 20:45:12,42.5486068725586,-8.93898963928223,"Female"
"9004155",371989,2025-05-25 20:50:15,42.5485534667969,-8.93884372711182,"Female"
"9004155",371989,2025-05-25 20:55:35,42.5485649108887,-8.93882274627686,"Female"
"9004155",371989,2025-05-25 21:00:10,42.5485382080078,-8.93884563446045,"Female"
"9004155",371989,2025-05-25 21:05:16,42.5486907958984,-8.93884086608887,"Female"
"9004155",371989,2025-05-25 21:10:12,42.5485534667969,-8.93880367279053,"Female"
"9004155",371989,2025-05-25 21:15:16,42.5485725402832,-8.9388427734375,"Female"
"9004155",371989,2025-05-25 21:20:11,42.5475845336914,-8.94658470153809,"Female"
"9004155",371989,2025-05-25 21:25:18,42.5485725402832,-8.93882465362549,"Female"
"9004155",371989,2025-05-25 21:30:11,42.5485305786133,-8.93888568878174,"Female"
"9004155",371989,2025-05-25 21:35:24,42.5444374084473,-8.94915962219238,"Female"
"9004155",371989,2025-05-25 21:40:19,42.5485534667969,-8.93883800506592,"Female"
"9004155",371989,2025-05-25 21:45:27,42.5473365783691,-8.94673538208008,"Female"
"9004155",371989,2025-05-25 21:50:24,42.5475463867188,-8.94672679901123,"Female"
"9004155",371989,2025-05-25 21:55:22,42.5487937927246,-8.94562911987305,"Female"
"9004155",371989,2025-05-25 22:00:44,42.5495185852051,-8.93646717071533,"Female"
"9004155",371989,2025-05-25 22:05:18,42.5483322143555,-8.93887519836426,"Female"
"9004155",371989,2025-05-25 22:10:11,42.5485572814941,-8.9385404586792,"Female"
"9004155",371989,2025-05-25 22:15:10,42.5484771728516,-8.93889713287354,"Female"
"9004155",371989,2025-05-25 22:20:10,42.5485534667969,-8.93886947631836,"Female"
"9004155",371989,2025-05-25 22:25:11,42.5481872558594,-8.93822193145752,"Female"
"9004155",371989,2025-05-25 22:30:10,42.5483093261719,-8.93880844116211,"Female"
"9004155",371989,2025-05-25 22:35:11,42.5483169555664,-8.9386682510376,"Female"
"9004155",371989,2025-05-25 22:40:11,42.5483360290527,-8.93865299224854,"Female"
"9004155",371989,2025-05-25 22:45:11,42.5483818054199,-8.93892192840576,"Female"
"9004155",371989,2025-05-25 22:50:11,42.5481948852539,-8.93874168395996,"Female"
"9004155",371989,2025-05-25 22:55:11,42.5482597351074,-8.93872737884521,"Female"
"9004155",371989,2025-05-25 23:00:11,42.5482597351074,-8.93874645233154,"Female"
"9004155",371989,2025-05-25 23:05:11,42.5480880737305,-8.93871116638184,"Female"
"9004155",371989,2025-05-25 23:10:11,42.5483474731445,-8.93881320953369,"Female"
"9004155",371989,2025-05-25 23:15:11,42.5483551025391,-8.93880939483643,"Female"
"9004155",371989,2025-05-25 23:20:11,42.5483512878418,-8.93882083892822,"Female"
"9004155",371989,2025-05-25 23:25:10,42.5483016967773,-8.93878173828125,"Female"
"9004155",371989,2025-05-25 23:30:11,42.5483436584473,-8.93879413604736,"Female"
"9004155",371989,2025-05-25 23:35:13,42.548454284668,-8.93883800506592,"Female"
"9004155",371989,2025-05-25 23:40:11,42.5485305786133,-8.93891429901123,"Female"
"9004155",371989,2025-05-25 23:45:12,42.5485877990723,-8.93900299072266,"Female"
"9004155",371989,2025-05-25 23:50:11,42.5485496520996,-8.93891334533691,"Female"
"9004155",371989,2025-05-25 23:55:11,42.5485191345215,-8.93885231018066,"Female"
"9004155",371989,2025-05-26 00:00:11,42.548511505127,-8.93882179260254,"Female"
"9004155",371989,2025-05-26 00:05:11,42.5485725402832,-8.93884372711182,"Female"
"9004155",371989,2025-05-26 00:10:11,42.5485725402832,-8.93886184692383,"Female"
"9004155",371989,2025-05-26 00:15:11,42.548526763916,-8.93881702423096,"Female"
"9004155",371989,2025-05-26 00:20:11,42.5485649108887,-8.9388542175293,"Female"
"9004155",371989,2025-05-26 00:25:11,42.5485877990723,-8.93885898590088,"Female"
"9004155",371989,2025-05-26 00:30:11,42.548583984375,-8.93879985809326,"Female"
"9004155",371989,2025-05-26 00:35:11,42.5485305786133,-8.93876075744629,"Female"
"9004155",371989,2025-05-26 00:40:12,42.5485763549805,-8.93885517120361,"Female"
"9004155",371989,2025-05-26 00:45:11,42.5484657287598,-8.9387788772583,"Female"
"9004155",371989,2025-05-26 00:50:11,42.548511505127,-8.93883419036865,"Female"
"9004155",371989,2025-05-26 00:55:11,42.548454284668,-8.93867874145508,"Female"
"9004155",371989,2025-05-26 01:00:11,42.5485343933105,-8.93881797790527,"Female"
"9004155",371989,2025-05-26 01:05:12,42.5483245849609,-8.93844318389893,"Female"
"9004155",371989,2025-05-26 01:10:11,42.5483436584473,-8.93842506408691,"Female"
"9004155",371989,2025-05-26 01:15:11,42.5483818054199,-8.93834590911865,"Female"
"9004155",371989,2025-05-26 01:20:12,42.5483474731445,-8.93848609924316,"Female"
"9004155",371989,2025-05-26 01:25:11,42.5483856201172,-8.93848609924316,"Female"
"9004155",371989,2025-05-26 01:30:11,42.5484275817871,-8.93845844268799,"Female"
"9004155",371989,2025-05-26 01:35:11,42.5483169555664,-8.9385404586792,"Female"
"9004155",371989,2025-05-26 01:40:11,42.5485763549805,-8.9383020401001,"Female"
"9004155",371989,2025-05-26 01:45:11,42.5484085083008,-8.93853759765625,"Female"
"9004155",371989,2025-05-26 01:50:11,42.5484848022461,-8.93855953216553,"Female"
"9004155",371989,2025-05-26 01:55:11,42.5485687255859,-8.93846130371094,"Female"
"9004155",371989,2025-05-26 02:00:11,42.5486145019531,-8.93853282928467,"Female"
"9004155",371989,2025-05-26 02:05:11,42.5485229492188,-8.93865871429443,"Female"
"9004155",371989,2025-05-26 02:10:11,42.5485916137695,-8.93864059448242,"Female"
"9004155",371989,2025-05-26 02:15:13,42.5486450195312,-8.93848609924316,"Female"
"9004155",371989,2025-05-26 02:20:11,42.5486297607422,-8.93864631652832,"Female"
"9004155",371989,2025-05-26 02:25:13,42.5488548278809,-8.93848705291748,"Female"
"9004155",371989,2025-05-26 02:30:11,42.5485076904297,-8.9387378692627,"Female"
"9004155",371989,2025-05-26 02:35:11,42.5485687255859,-8.93863964080811,"Female"
"9004155",371989,2025-05-26 02:40:15,42.5485610961914,-8.93870639801025,"Female"
"9004155",371989,2025-05-26 02:45:11,42.5485763549805,-8.93875789642334,"Female"
"9004155",371989,2025-05-26 02:50:12,42.5485801696777,-8.93845653533936,"Female"
"9004155",371989,2025-05-26 02:55:11,42.5485916137695,-8.93860149383545,"Female"
"9004155",371989,2025-05-26 03:00:12,42.5485382080078,-8.93850803375244,"Female"
"9004155",371989,2025-05-26 03:05:11,42.5486640930176,-8.93845367431641,"Female"
"9004155",371989,2025-05-26 03:10:18,42.548583984375,-8.93844699859619,"Female"
"9004155",371989,2025-05-26 03:15:25,42.5486183166504,-8.93850421905518,"Female"
"9004155",371989,2025-05-26 03:20:24,42.5486106872559,-8.93847465515137,"Female"
"9004155",371989,2025-05-26 03:25:18,42.5486373901367,-8.93858814239502,"Female"
"9004155",371989,2025-05-26 03:30:18,42.5485992431641,-8.93857097625732,"Female"
"9004155",371989,2025-05-26 03:35:19,42.5486335754395,-8.93857479095459,"Female"
"9004155",371989,2025-05-26 03:40:18,42.5486221313477,-8.9385814666748,"Female"
"9004155",371989,2025-05-26 03:45:28,42.5486221313477,-8.93859958648682,"Female"
"9004155",371989,2025-05-26 03:50:24,42.5486068725586,-8.9385347366333,"Female"
"9004155",371989,2025-05-26 03:55:22,42.5486145019531,-8.93855762481689,"Female"
"9004155",371989,2025-05-26 04:00:12,42.5488052368164,-8.93859481811523,"Female"
"9004155",371989,2025-05-26 04:05:13,42.5488929748535,-8.93838787078857,"Female"
"9004155",371989,2025-05-26 04:10:13,42.5487327575684,-8.93896770477295,"Female"
"9004155",371989,2025-05-26 04:15:12,42.5488700866699,-8.93848037719727,"Female"
"9004155",371989,2025-05-26 04:20:16,42.5487403869629,-8.93898296356201,"Female"
"9004155",371989,2025-05-26 04:25:11,42.5487899780273,-8.93857860565186,"Female"
"9004155",371989,2025-05-26 04:30:12,42.5488052368164,-8.93867206573486,"Female"
"9004155",371989,2025-05-26 04:35:12,42.5488319396973,-8.93856048583984,"Female"
"9004155",371989,2025-05-26 04:40:12,42.5492668151855,-8.93867492675781,"Female"
"9004155",371989,2025-05-26 04:45:18,42.5491943359375,-8.93899726867676,"Female"
"9004155",371989,2025-05-26 04:50:34,42.5490875244141,-8.93889713287354,"Female"
"9004155",371989,2025-05-26 04:55:12,42.5491180419922,-8.93892574310303,"Female"
"9004155",371989,2025-05-26 05:00:12,42.5491218566895,-8.93891525268555,"Female"
"9004155",371989,2025-05-26 05:05:11,42.5493431091309,-8.93915748596191,"Female"
"9004155",371989,2025-05-26 05:10:11,42.5493850708008,-8.93909454345703,"Female"
"9004155",371989,2025-05-26 05:15:19,42.5494842529297,-8.939208984375,"Female"
"9004155",371989,2025-05-26 05:20:26,42.5495185852051,-8.93924045562744,"Female"
"9004155",371989,2025-05-26 05:25:18,42.5494918823242,-8.93921375274658,"Female"
"9004155",371989,2025-05-26 05:30:27,42.5494995117188,-8.93931293487549,"Female"
"9004155",371989,2025-05-26 05:35:27,42.5495071411133,-8.93929386138916,"Female"
"9004155",371989,2025-05-26 05:40:24,42.5494651794434,-8.93930816650391,"Female"
"9004155",371989,2025-05-26 05:45:11,42.5494270324707,-8.93925189971924,"Female"
"9004155",371989,2025-05-26 05:50:12,42.5493087768555,-8.9392204284668,"Female"
"9004155",371989,2025-05-26 05:55:15,42.5510063171387,-8.93971920013428,"Female"
"9004155",371989,2025-05-26 06:00:44,42.550952911377,-8.93983554840088,"Female"
"9004155",371989,2025-05-26 06:05:28,42.5509605407715,-8.93982410430908,"Female"
"9004155",371989,2025-05-26 06:10:17,42.550853729248,-8.93974304199219,"Female"
"9004155",371989,2025-05-26 06:15:35,42.5511856079102,-8.94100379943848,"Female"
"9004155",371989,2025-05-26 06:20:17,42.5507164001465,-8.93983936309814,"Female"
"9004155",371989,2025-05-26 06:25:15,42.5506935119629,-8.93967437744141,"Female"
"9004155",371989,2025-05-26 06:30:35,42.5506134033203,-8.9393835067749,"Female"
"9004155",371989,2025-05-26 06:35:10,42.550651550293,-8.93925857543945,"Female"
"9004155",371989,2025-05-26 06:40:12,42.5511436462402,-8.93760204315186,"Female"
"9004155",371989,2025-05-26 06:45:12,42.5521354675293,-8.93381023406982,"Female"
"9004155",371989,2025-05-26 06:50:11,42.5577239990234,-8.91067409515381,"Female"
"9004155",371989,2025-05-26 06:55:11,42.5586280822754,-8.90955257415771,"Female"
"9004155",371989,2025-05-26 07:00:11,42.5732307434082,-8.88585090637207,"Female"
"9004155",371989,2025-05-26 07:05:11,42.5917358398438,-8.8620719909668,"Female"
"9004155",371989,2025-05-26 07:10:11,42.6022071838379,-8.84800815582275,"Female"
"9004155",371989,2025-05-26 07:15:11,42.6021308898926,-8.84756278991699,"Female"
"9004155",371989,2025-05-26 07:20:11,42.6031036376953,-8.84716415405273,"Female"
"9004155",371989,2025-05-26 07:25:11,42.6031455993652,-8.84719944000244,"Female"
"9004155",371989,2025-05-26 07:30:11,42.6031761169434,-8.84719753265381,"Female"
"9004155",371989,2025-05-26 07:35:11,42.6031379699707,-8.84711456298828,"Female"
"9004155",371989,2025-05-26 07:40:11,42.603157043457,-8.84717845916748,"Female"
"9004155",371989,2025-05-26 07:45:11,42.6031913757324,-8.84720325469971,"Female"
"9004155",371989,2025-05-26 07:50:11,42.603214263916,-8.84722137451172,"Female"
"9004155",371989,2025-05-26 07:55:11,42.6084098815918,-8.84340381622314,"Female"
"9004155",371989,2025-05-26 08:00:11,42.6084480285645,-8.84341526031494,"Female"
"9004155",371989,2025-05-26 08:05:23,42.6082954406738,-8.84345531463623,"Female"
"9004155",371989,2025-05-26 08:10:19,42.6085319519043,-8.84369564056396,"Female"
"9004155",371989,2025-05-26 08:15:11,42.6084289550781,-8.843430519104,"Female"
"9004155",371989,2025-05-26 08:20:11,42.6086082458496,-8.84366512298584,"Female"
"9004155",371989,2025-05-26 08:25:11,42.6085548400879,-8.84365367889404,"Female"
"9004155",371989,2025-05-26 08:30:11,42.6086044311523,-8.84366893768311,"Female"
"9004155",371989,2025-05-26 08:35:11,42.6086273193359,-8.84362506866455,"Female"
"9004155",371989,2025-05-26 08:40:11,42.6085968017578,-8.84361267089844,"Female"
"9004155",371989,2025-05-26 08:45:11,42.6085777282715,-8.84366321563721,"Female"
"9004155",371989,2025-05-26 08:50:11,42.6086387634277,-8.84351539611816,"Female"
"9004155",371989,2025-05-26 08:55:11,42.6086273193359,-8.84349536895752,"Female"
"9004155",371989,2025-05-26 09:00:11,42.6084518432617,-8.84230995178223,"Female"
"9004155",371989,2025-05-26 09:05:11,42.6084442138672,-8.84348392486572,"Female"
"9004155",371989,2025-05-26 09:10:11,42.6084060668945,-8.84254932403564,"Female"
"9004155",371989,2025-05-26 09:15:11,42.608455657959,-8.84337043762207,"Female"
"9004155",371989,2025-05-26 09:20:11,42.6084098815918,-8.8433895111084,"Female"
"9004155",371989,2025-05-26 09:25:11,42.608455657959,-8.84330081939697,"Female"
"9004155",371989,2025-05-26 09:30:11,42.6084365844727,-8.84325790405273,"Female"
"9004155",371989,2025-05-26 09:35:11,42.6084518432617,-8.84320163726807,"Female"
"9004155",371989,2025-05-26 09:40:11,42.6117630004883,-8.84050464630127,"Female"
"9004155",371989,2025-05-26 09:45:11,42.611743927002,-8.84051036834717,"Female"
"9004155",371989,2025-05-26 09:50:19,42.6126441955566,-8.83979892730713,"Female"
"9004155",371989,2025-05-26 09:55:18,42.6127128601074,-8.83915233612061,"Female"
"9004155",371989,2025-05-26 10:00:18,42.6125144958496,-8.8385648727417,"Female"
"9004155",371989,2025-05-26 10:05:25,42.6131019592285,-8.83785057067871,"Female"
"9004155",371989,2025-05-26 10:10:18,42.6130714416504,-8.83774185180664,"Female"
"9004155",371989,2025-05-26 10:15:18,42.6130676269531,-8.83782863616943,"Female"
"9004155",371989,2025-05-26 10:20:18,42.6130981445312,-8.83789253234863,"Female"
"9004155",371989,2025-05-26 10:25:18,42.6131172180176,-8.83781909942627,"Female"
"9004155",371989,2025-05-26 10:30:18,42.6130561828613,-8.83778858184814,"Female"
"9004155",371989,2025-05-26 10:35:18,42.6130065917969,-8.83769416809082,"Female"
"9004155",371989,2025-05-26 10:40:19,42.6130027770996,-8.83770847320557,"Female"
"9004155",371989,2025-05-26 10:45:18,42.6130790710449,-8.83771705627441,"Female"
"9004155",371989,2025-05-26 10:50:19,42.6130828857422,-8.83763599395752,"Female"
"9004155",371989,2025-05-26 10:55:18,42.6130867004395,-8.83765125274658,"Female"
"9004155",371989,2025-05-26 11:00:19,42.6132583618164,-8.83765125274658,"Female"
"9004155",371989,2025-05-26 11:05:19,42.6132698059082,-8.8376636505127,"Female"
"9004155",371989,2025-05-26 11:10:19,42.6135902404785,-8.8377799987793,"Female"
"9004155",371989,2025-05-26 11:15:19,42.6134796142578,-8.83768081665039,"Female"
"9004155",371989,2025-05-26 11:20:18,42.6136436462402,-8.83775615692139,"Female"
"9004155",371989,2025-05-26 11:25:18,42.6136932373047,-8.83789348602295,"Female"
"9004155",371989,2025-05-26 11:30:18,42.6136474609375,-8.83790302276611,"Female"
"9004155",371989,2025-05-26 11:35:19,42.613712310791,-8.83782386779785,"Female"
"9004155",371989,2025-05-26 11:40:18,42.613697052002,-8.83789348602295,"Female"
"9004155",371989,2025-05-26 11:45:23,42.6137390136719,-8.83644676208496,"Female"
"9004155",371989,2025-05-26 11:51:07,42.6129608154297,-8.83663654327393,"Female"
"9004155",371989,2025-05-26 11:56:07,42.61279296875,-8.83686065673828,"Female"
"9004155",371989,2025-05-26 12:01:11,42.6126747131348,-8.83710956573486,"Female"
"9004155",371989,2025-05-26 12:06:29,42.6128883361816,-8.83691501617432,"Female"
"9004155",371989,2025-05-26 12:11:09,42.6126861572266,-8.83701515197754,"Female"
"9004155",371989,2025-05-26 12:16:10,42.6125640869141,-8.83692836761475,"Female"
"9004155",371989,2025-05-26 12:21:10,42.6126136779785,-8.83694076538086,"Female"
"9004155",371989,2025-05-26 12:26:09,42.6124572753906,-8.83677768707275,"Female"
"9004155",371989,2025-05-26 12:31:09,42.6125373840332,-8.83696556091309,"Female"
"9004155",371989,2025-05-26 12:36:09,42.612491607666,-8.83688735961914,"Female"
"9004155",371989,2025-05-26 12:41:09,42.6124458312988,-8.83679103851318,"Female"
"9004155",371989,2025-05-26 12:46:10,42.6122970581055,-8.83678913116455,"Female"
"9004155",371989,2025-05-26 12:51:11,42.6122970581055,-8.8368558883667,"Female"
"9004155",371989,2025-05-26 12:56:09,42.6123695373535,-8.83665752410889,"Female"
"9004155",371989,2025-05-26 13:01:09,42.6124153137207,-8.83684730529785,"Female"
"9004155",371989,2025-05-26 13:06:10,42.6123237609863,-8.83681297302246,"Female"
"9004155",371989,2025-05-26 13:11:10,42.6125907897949,-8.83724689483643,"Female"
"9004155",371989,2025-05-26 13:16:09,42.6123847961426,-8.8364372253418,"Female"
"9004155",371989,2025-05-26 13:21:09,42.6123886108398,-8.83637142181396,"Female"
"9004155",371989,2025-05-26 13:26:10,42.6123199462891,-8.83620929718018,"Female"
"9004155",371989,2025-05-26 13:31:20,42.6129302978516,-8.83685493469238,"Female"
"9004155",371989,2025-05-26 13:36:16,42.6124305725098,-8.83659648895264,"Female"
"9004155",371989,2025-05-26 13:41:09,42.6132545471191,-8.83630847930908,"Female"
"9004155",371989,2025-05-26 13:46:09,42.6131401062012,-8.83650779724121,"Female"
"9004155",371989,2025-05-26 13:51:11,42.613655090332,-8.83645248413086,"Female"
"9004155",371989,2025-05-26 13:56:37,42.6142387390137,-8.83575439453125,"Female"
"9004155",371989,2025-05-26 14:01:37,42.613468170166,-8.83625316619873,"Female"
"9004155",371989,2025-05-26 14:06:38,42.6129493713379,-8.83696269989014,"Female"
"9004155",371989,2025-05-26 14:11:37,42.6129722595215,-8.83706951141357,"Female"
"9004155",371989,2025-05-26 14:16:36,42.6118354797363,-8.83633041381836,"Female"
"9004155",371989,2025-05-26 14:21:36,42.6117744445801,-8.8363733291626,"Female"
"9004155",371989,2025-05-26 14:26:36,42.61181640625,-8.83633899688721,"Female"
"9004155",371989,2025-05-26 14:31:36,42.6117248535156,-8.83639812469482,"Female"
"9004155",371989,2025-05-26 14:36:36,42.6117057800293,-8.83644866943359,"Female"
"9004155",371989,2025-05-26 14:41:37,42.6116905212402,-8.83625984191895,"Female"
"9004155",371989,2025-05-26 14:46:37,42.6115875244141,-8.83641338348389,"Female"
"9004155",371989,2025-05-26 14:51:36,42.6116065979004,-8.83652973175049,"Female"
"9004155",371989,2025-05-26 14:56:36,42.6115226745605,-8.8365592956543,"Female"
"9004155",371989,2025-05-26 15:01:36,42.6113891601562,-8.8365421295166,"Female"
"9004155",371989,2025-05-26 15:06:36,42.611400604248,-8.83656311035156,"Female"
"9004155",371989,2025-05-26 15:11:36,42.6113815307617,-8.83659744262695,"Female"
"9004155",371989,2025-05-26 15:16:36,42.6113395690918,-8.83658409118652,"Female"
"9004155",371989,2025-05-26 15:21:36,42.6113510131836,-8.83661842346191,"Female"
"9004155",371989,2025-05-26 15:26:36,42.6113433837891,-8.83664798736572,"Female"
"9004155",371989,2025-05-26 15:31:36,42.6112670898438,-8.83667087554932,"Female"
"9004155",371989,2025-05-26 15:36:36,42.611255645752,-8.8366527557373,"Female"
"9004155",371989,2025-05-26 15:42:16,42.6109809875488,-8.83673286437988,"Female"
"9004155",371989,2025-05-26 15:47:15,42.610408782959,-8.83691883087158,"Female"
"9004155",371989,2025-05-26 15:52:15,42.6102104187012,-8.83831405639648,"Female"
"9004155",371989,2025-05-26 15:57:16,42.6101188659668,-8.8384895324707,"Female"
"9004155",371989,2025-05-26 16:02:16,42.6102142333984,-8.83848476409912,"Female"
"9004155",371989,2025-05-26 16:07:16,42.6101226806641,-8.8385591506958,"Female"
"9004155",371989,2025-05-26 16:12:15,42.6101875305176,-8.83857727050781,"Female"
"9004155",371989,2025-05-26 16:17:15,42.6103477478027,-8.8386869430542,"Female"
"9004155",371989,2025-05-26 16:22:15,42.6101570129395,-8.83855438232422,"Female"
"9004155",371989,2025-05-26 16:27:15,42.6101379394531,-8.83847141265869,"Female"
"9004155",371989,2025-05-26 16:32:15,42.610164642334,-8.83845520019531,"Female"
"9004155",371989,2025-05-26 16:37:15,42.6101226806641,-8.83849716186523,"Female"
"9004155",371989,2025-05-26 16:42:15,42.6101875305176,-8.83851146697998,"Female"
"9004155",371989,2025-05-26 16:47:15,42.6101722717285,-8.83849239349365,"Female"
"9004155",371989,2025-05-26 16:52:15,42.6102752685547,-8.83854961395264,"Female"
"9004155",371989,2025-05-26 16:57:16,42.6102104187012,-8.83853149414062,"Female"
"9004155",371989,2025-05-26 17:02:16,42.6102752685547,-8.83854007720947,"Female"
"9004155",371989,2025-05-26 17:07:15,42.6102752685547,-8.83854007720947,"Female"
"9004155",371989,2025-05-26 17:12:15,42.6102714538574,-8.83860015869141,"Female"
"9004155",371989,2025-05-26 17:17:16,42.6103897094727,-8.83862781524658,"Female"
"9004155",371989,2025-05-26 17:22:15,42.6102447509766,-8.83855819702148,"Female"
"9004155",371989,2025-05-26 17:27:15,42.6103019714355,-8.83859920501709,"Female"
"9004155",371989,2025-05-26 17:32:15,42.6103134155273,-8.83858489990234,"Female"
"9004155",371989,2025-05-26 17:37:15,42.6103172302246,-8.83844470977783,"Female"
"9004155",371989,2025-05-26 17:42:15,42.6103515625,-8.83859539031982,"Female"
"9004155",371989,2025-05-26 17:47:15,42.6102714538574,-8.83854484558105,"Female"
"9004155",371989,2025-05-26 17:52:15,42.6103591918945,-8.83853626251221,"Female"
"9004155",371989,2025-05-26 17:57:15,42.6103248596191,-8.83858013153076,"Female"
"9004155",371989,2025-05-26 18:02:16,42.6102867126465,-8.83862781524658,"Female"
"9004155",371989,2025-05-26 18:07:17,42.6101417541504,-8.83873558044434,"Female"
"9004155",371989,2025-05-26 18:12:16,42.6100196838379,-8.83876037597656,"Female"
"9004155",371989,2025-05-26 18:17:15,42.610034942627,-8.83872985839844,"Female"
"9004155",371989,2025-05-26 18:22:16,42.6100120544434,-8.83880519866943,"Female"
"9004155",371989,2025-05-26 18:27:16,42.6099700927734,-8.83869743347168,"Female"
"9004155",371989,2025-05-26 18:32:16,42.6100120544434,-8.83874034881592,"Female"
"9004155",371989,2025-05-26 18:37:24,42.6099815368652,-8.83876132965088,"Female"
"9004155",371989,2025-05-26 18:42:24,42.6100540161133,-8.83864402770996,"Female"
"9004155",371989,2025-05-26 18:47:23,42.6098442077637,-8.8387451171875,"Female"
"9004155",371989,2025-05-26 18:52:23,42.6098136901855,-8.83876132965088,"Female"
"9004155",371989,2025-05-26 18:57:25,42.6099967956543,-8.83863830566406,"Female"
"9004155",371989,2025-05-26 19:02:21,42.6100082397461,-8.83858108520508,"Female"
"9004155",371989,2025-05-26 19:07:16,42.6100463867188,-8.83873176574707,"Female"
"9004155",371989,2025-05-26 19:12:16,42.609992980957,-8.83861446380615,"Female"
"9004155",371989,2025-05-26 19:17:16,42.6099548339844,-8.83854007720947,"Female"
"9004155",371989,2025-05-26 19:22:15,42.6099967956543,-8.83862972259521,"Female"
"9004155",371989,2025-05-26 19:28:09,42.6097412109375,-8.83836936950684,"Female"
"9004155",371989,2025-05-26 19:33:07,42.601188659668,-8.86920833587646,"Female"
"9004155",371989,2025-05-26 19:38:06,42.599609375,-8.87966442108154,"Female"
"9004155",371989,2025-05-26 19:43:06,42.5634994506836,-8.9275951385498,"Female"
"9004155",371989,2025-05-26 19:48:06,42.5486717224121,-8.93854522705078,"Female"
"9004155",371989,2025-05-26 19:53:08,42.5492172241211,-8.93874168395996,"Female"
"9004155",371989,2025-05-26 19:58:09,42.5486259460449,-8.93865013122559,"Female"
"9004155",371989,2025-05-26 20:03:06,42.5487594604492,-8.93889999389648,"Female"
"9004155",371989,2025-05-26 20:08:09,42.5487518310547,-8.93890571594238,"Female"
"9004155",371989,2025-05-26 20:13:07,42.548755645752,-8.93887901306152,"Female"
"9004155",371989,2025-05-26 20:18:09,42.5487594604492,-8.93881320953369,"Female"
"9004155",371989,2025-05-26 20:23:09,42.5487403869629,-8.93883609771729,"Female"
"9004155",371989,2025-05-26 20:28:06,42.5487632751465,-8.93885898590088,"Female"
"9004155",371989,2025-05-26 20:33:09,42.548755645752,-8.93881416320801,"Female"
"9004155",371989,2025-05-26 20:38:06,42.5487785339355,-8.93887996673584,"Female"
"9004155",371989,2025-05-26 20:43:08,42.5487670898438,-8.93885231018066,"Female"
"9004155",371989,2025-05-26 20:48:06,42.5489387512207,-8.93883228302002,"Female"
"9004155",371989,2025-05-26 20:53:09,42.5489616394043,-8.93871402740479,"Female"
"9004155",371989,2025-05-26 20:58:08,42.5488204956055,-8.93916034698486,"Female"
"9004155",371989,2025-05-26 21:03:06,42.548942565918,-8.9391040802002,"Female"
"9004155",371989,2025-05-26 21:08:06,42.5489196777344,-8.93910121917725,"Female"
"9004155",371989,2025-05-26 21:13:06,42.5489692687988,-8.93913650512695,"Female"
"9004155",371989,2025-05-26 21:18:06,42.5489501953125,-8.93909740447998,"Female"
"9004155",371989,2025-05-26 21:23:04,42.5488357543945,-8.93921184539795,"Female"
"9004155",371989,2025-05-26 21:28:15,42.5484237670898,-8.93960857391357,"Female"
"9004155",371989,2025-05-26 21:33:04,42.5484313964844,-8.93963146209717,"Female"
"9004155",371989,2025-05-26 21:38:04,42.548526763916,-8.93943214416504,"Female"
"9004155",371989,2025-05-26 21:43:04,42.5486717224121,-8.93920040130615,"Female"
"9004155",371989,2025-05-26 21:48:06,42.5488243103027,-8.93911838531494,"Female"
"9004155",371989,2025-05-26 21:53:09,42.5488662719727,-8.93907451629639,"Female"
"9004155",371989,2025-05-26 21:58:07,42.5488204956055,-8.93912315368652,"Female"
"9004155",371989,2025-05-26 22:03:08,42.548656463623,-8.93903541564941,"Female"
"9004155",371989,2025-05-26 22:08:14,42.5485038757324,-8.93905162811279,"Female"
"9004155",371989,2025-05-26 22:13:09,42.5485572814941,-8.93875217437744,"Female"
"9004155",371989,2025-05-26 22:18:04,42.5484771728516,-8.93876457214355,"Female"
"9004155",371989,2025-05-26 22:23:04,42.5484161376953,-8.93882846832275,"Female"
"9004155",371989,2025-05-26 22:28:04,42.548526763916,-8.93873977661133,"Female"
"9004155",371989,2025-05-26 22:33:04,42.5485382080078,-8.93874073028564,"Female"
"9004155",371989,2025-05-26 22:38:04,42.5485877990723,-8.93848323822021,"Female"
"9004155",371989,2025-05-26 22:43:04,42.5485458374023,-8.93877410888672,"Female"
"9004155",371989,2025-05-26 22:48:06,42.5486068725586,-8.93871021270752,"Female"
"9004155",371989,2025-05-26 22:53:06,42.5486183166504,-8.93865966796875,"Female"
"9004155",371989,2025-05-26 22:58:04,42.5486068725586,-8.93874931335449,"Female"
"9004155",371989,2025-05-26 23:03:06,42.5486450195312,-8.93862342834473,"Female"
"9004155",371989,2025-05-26 23:08:06,42.5486297607422,-8.93870067596436,"Female"
"9004155",371989,2025-05-26 23:13:09,42.5487022399902,-8.93861865997314,"Female"
"9004155",371989,2025-05-26 23:18:06,42.5487098693848,-8.9386510848999,"Female"
"9004155",371989,2025-05-26 23:23:06,42.5486717224121,-8.93869018554688,"Female"
"9004155",371989,2025-05-26 23:28:04,42.548656463623,-8.93865394592285,"Female"
"9004155",371989,2025-05-26 23:33:07,42.548698425293,-8.93867301940918,"Female"
"9004155",371989,2025-05-26 23:38:06,42.5486717224121,-8.93861293792725,"Female"
"9004155",371989,2025-05-26 23:43:04,42.5486755371094,-8.93868350982666,"Female"
"9004155",371989,2025-05-26 23:48:04,42.5487022399902,-8.93865013122559,"Female"
"9004155",371989,2025-05-26 23:53:04,42.5487251281738,-8.93862247467041,"Female"
"9004155",371989,2025-05-26 23:58:04,42.5487442016602,-8.93871307373047,"Female"
"9004155",371989,2025-05-27 00:03:06,42.5487251281738,-8.93860530853271,"Female"
"9004155",371989,2025-05-27 00:08:06,42.5487251281738,-8.9387264251709,"Female"
"9004155",371989,2025-05-27 00:13:06,42.5487518310547,-8.93864154815674,"Female"
"9004155",371989,2025-05-27 00:18:07,42.5487670898438,-8.93864059448242,"Female"
"9004155",371989,2025-05-27 00:23:09,42.5487594604492,-8.93866157531738,"Female"
"9004155",371989,2025-05-27 00:28:09,42.5488815307617,-8.93910789489746,"Female"
"9004155",371989,2025-05-27 00:33:06,42.5488777160645,-8.939040184021,"Female"
"9004155",371989,2025-05-27 00:38:08,42.5489883422852,-8.93912410736084,"Female"
"9004155",371989,2025-05-27 00:43:09,42.548885345459,-8.93904876708984,"Female"
"9004155",371989,2025-05-27 00:48:08,42.5483627319336,-8.93855857849121,"Female"
"9004155",371989,2025-05-27 00:53:07,42.5485649108887,-8.93868255615234,"Female"
"9004155",371989,2025-05-27 00:58:06,42.5487174987793,-8.93882274627686,"Female"
"9004155",371989,2025-05-27 01:03:14,42.5488090515137,-8.93898677825928,"Female"
"9004155",371989,2025-05-27 01:08:09,42.5483436584473,-8.93809795379639,"Female"
"9004155",371989,2025-05-27 01:13:13,42.5486869812012,-8.93859577178955,"Female"
"9004155",371989,2025-05-27 01:18:06,42.5487213134766,-8.93871402740479,"Female"
"9004155",371989,2025-05-27 01:23:07,42.5487327575684,-8.93879413604736,"Female"
"9004155",371989,2025-05-27 01:28:07,42.5486602783203,-8.93881607055664,"Female"
"9004155",371989,2025-05-27 01:33:08,42.5486488342285,-8.93886852264404,"Female"
"9004155",371989,2025-05-27 01:38:07,42.5486831665039,-8.93892669677734,"Female"
"9004155",371989,2025-05-27 01:43:09,42.5487022399902,-8.9388427734375,"Female"
"9004155",371989,2025-05-27 01:48:10,42.5487365722656,-8.93875026702881,"Female"
"9004155",371989,2025-05-27 01:53:07,42.5487251281738,-8.93892288208008,"Female"
"9004155",371989,2025-05-27 01:58:06,42.5486793518066,-8.93885231018066,"Female"
"9004155",371989,2025-05-27 02:03:04,42.5485992431641,-8.93889236450195,"Female"
"9004155",371989,2025-05-27 02:08:04,42.5486030578613,-8.93882083892822,"Female"
"9004155",371989,2025-05-27 02:13:04,42.548641204834,-8.9388256072998,"Female"
"9004155",371989,2025-05-27 02:18:04,42.5486030578613,-8.93890953063965,"Female"
"9004155",371989,2025-05-27 02:23:04,42.5485687255859,-8.93883323669434,"Female"
"9004155",371989,2025-05-27 02:28:06,42.5485305786133,-8.93896484375,"Female"
"9004155",371989,2025-05-27 02:33:04,42.5485420227051,-8.93885707855225,"Female"
"9004155",371989,2025-05-27 02:38:07,42.5486106872559,-8.9388370513916,"Female"
"9004155",371989,2025-05-27 02:43:04,42.5485572814941,-8.93888378143311,"Female"
"9004155",371989,2025-05-27 02:48:06,42.5486259460449,-8.93893814086914,"Female"
"9004155",371989,2025-05-27 02:53:06,42.548511505127,-8.93911170959473,"Female"
"9004155",371989,2025-05-27 02:58:06,42.5486297607422,-8.93887138366699,"Female"
"9004155",371989,2025-05-27 03:03:06,42.5486259460449,-8.93884754180908,"Female"
"9004155",371989,2025-05-27 03:08:06,42.5486488342285,-8.93884944915771,"Female"
"9004155",371989,2025-05-27 03:13:13,42.5486221313477,-8.93876075744629,"Female"
"9004155",371989,2025-05-27 03:18:07,42.5485877990723,-8.93895721435547,"Female"
"9004155",371989,2025-05-27 03:23:04,42.5485801696777,-8.938889503479,"Female"
"9004155",371989,2025-05-27 03:28:07,42.5485649108887,-8.93894004821777,"Female"
"9004155",371989,2025-05-27 03:33:08,42.5484962463379,-8.93910121917725,"Female"
"9004155",371989,2025-05-27 03:38:08,42.5485725402832,-8.93896389007568,"Female"
"9004155",371989,2025-05-27 03:43:09,42.5483283996582,-8.93949413299561,"Female"
"9004155",371989,2025-05-27 03:48:09,42.5482292175293,-8.93951606750488,"Female"
"9004155",371989,2025-05-27 03:53:09,42.5483169555664,-8.939453125,"Female"
"9004155",371989,2025-05-27 03:58:09,42.5483245849609,-8.9394063949585,"Female"
"9004155",371989,2025-05-27 04:03:09,42.5483474731445,-8.93920230865479,"Female"
"9004155",371989,2025-05-27 04:08:09,42.5483436584473,-8.93937015533447,"Female"
"9004155",371989,2025-05-27 04:13:09,42.5483436584473,-8.93923950195312,"Female"
"9004155",371989,2025-05-27 04:18:07,42.5483436584473,-8.93911647796631,"Female"
"9004155",371989,2025-05-27 04:23:07,42.5483703613281,-8.93905258178711,"Female"
"9004155",371989,2025-05-27 04:28:08,42.5483856201172,-8.9391975402832,"Female"
"9004155",371989,2025-05-27 04:33:07,42.5483894348145,-8.93902111053467,"Female"
"9004155",371989,2025-05-27 04:38:07,42.5484085083008,-8.93914127349854,"Female"
"9004155",371989,2025-05-27 04:43:08,42.548454284668,-8.93914890289307,"Female"
"9004155",371989,2025-05-27 04:48:06,42.5483932495117,-8.93897819519043,"Female"
"9004155",371989,2025-05-27 04:53:06,42.5486373901367,-8.93917369842529,"Female"
"9004155",371989,2025-05-27 04:58:06,42.548713684082,-8.93913269042969,"Female"
"9004155",371989,2025-05-27 05:03:06,42.548755645752,-8.93910980224609,"Female"
"9004155",371989,2025-05-27 05:08:07,42.5487899780273,-8.93897438049316,"Female"
"9004155",371989,2025-05-27 05:13:04,42.5487670898438,-8.93905830383301,"Female"
"9004155",371989,2025-05-27 05:18:09,42.5488777160645,-8.93888568878174,"Female"
"9004155",371989,2025-05-27 05:23:04,42.548698425293,-8.93905735015869,"Female"
"9004155",371989,2025-05-27 05:28:06,42.5489349365234,-8.93883419036865,"Female"
"9004155",371989,2025-05-27 05:33:04,42.5489463806152,-8.93881511688232,"Female"
"9004155",371989,2025-05-27 05:38:07,42.5488586425781,-8.93880367279053,"Female"
"9004155",371989,2025-05-27 05:43:04,42.5488357543945,-8.93881130218506,"Female"
"9004155",371989,2025-05-27 05:48:04,42.5488624572754,-8.93882369995117,"Female"
"9004155",371989,2025-05-27 05:53:04,42.5488357543945,-8.93880367279053,"Female"
"9004155",371989,2025-05-27 05:58:07,42.5486526489258,-8.93893718719482,"Female"
"9004155",371989,2025-05-27 06:03:06,42.5487518310547,-8.9388599395752,"Female"
"9004155",371989,2025-05-27 06:08:04,42.5486488342285,-8.93897533416748,"Female"
"9004155",371989,2025-05-27 06:13:04,42.5486526489258,-8.93898487091064,"Female"
"9004155",371989,2025-05-27 06:18:04,42.5485382080078,-8.93910312652588,"Female"
"9004155",371989,2025-05-27 06:23:04,42.5485954284668,-8.9390115737915,"Female"
"9004155",371989,2025-05-27 06:28:09,42.550853729248,-8.94006824493408,"Female"
"9004155",371989,2025-05-27 06:33:04,42.550708770752,-8.93970203399658,"Female"
"9004155",371989,2025-05-27 06:38:04,42.5506935119629,-8.93968772888184,"Female"
"9004155",371989,2025-05-27 06:43:04,42.5506782531738,-8.93951320648193,"Female"
"9004155",371989,2025-05-27 06:48:04,42.5506019592285,-8.93953609466553,"Female"
"9004155",371989,2025-05-27 06:53:04,42.5506134033203,-8.93950939178467,"Female"
"9004155",371989,2025-05-27 06:58:04,42.5505828857422,-8.939453125,"Female"
"9004155",371989,2025-05-27 07:03:04,42.5505485534668,-8.93944835662842,"Female"
"9004155",371989,2025-05-27 07:08:04,42.5505409240723,-8.9394063949585,"Female"
"9004155",371989,2025-05-27 07:13:04,42.5505180358887,-8.9393310546875,"Female"
"9004155",371989,2025-05-27 07:18:04,42.5673370361328,-8.93201351165771,"Female"
"9004155",371989,2025-05-27 07:23:04,42.5873374938965,-8.91261196136475,"Female"
"9004155",371989,2025-05-27 07:28:04,42.599796295166,-8.88052368164062,"Female"
"9004155",371989,2025-05-27 07:33:04,42.5994911193848,-8.86754512786865,"Female"
"9004155",371989,2025-05-27 07:38:04,42.6025390625,-8.85299015045166,"Female"
"9004155",371989,2025-05-27 07:43:28,42.6074562072754,-8.84167194366455,"Female"
"9004155",371989,2025-05-27 07:48:25,42.6074447631836,-8.84091377258301,"Female"
"9004155",371989,2025-05-27 07:53:23,42.6081886291504,-8.84092998504639,"Female"
"9004155",371989,2025-05-27 07:58:24,42.6076316833496,-8.84004497528076,"Female"
"9004155",371989,2025-05-27 08:03:27,42.6076431274414,-8.83974838256836,"Female"
"9004155",371989,2025-05-27 08:08:43,42.6084213256836,-8.84111595153809,"Female"
"9004155",371989,2025-05-27 08:13:25,42.6083030700684,-8.84034061431885,"Female"
"9004155",371989,2025-05-27 08:18:27,42.6083984375,-8.83913421630859,"Female"
"9004155",371989,2025-05-27 08:23:28,42.6085395812988,-8.84093475341797,"Female"
"9004155",371989,2025-05-27 08:28:23,42.6110687255859,-8.83561992645264,"Female"
"9004155",371989,2025-05-27 08:33:41,42.6143951416016,-8.81904029846191,"Female"
"9004155",371989,2025-05-27 08:38:33,42.614631652832,-8.81882953643799,"Female"
"9004155",371989,2025-05-27 08:44:11,42.6152458190918,-8.81936550140381,"Female"
"9004155",371989,2025-05-27 08:49:07,42.6154441833496,-8.82016658782959,"Female"
"9004155",371989,2025-05-27 08:54:10,42.6154747009277,-8.81995964050293,"Female"
"9004155",371989,2025-05-27 08:59:07,42.6155624389648,-8.81957817077637,"Female"
"9004155",371989,2025-05-27 09:04:07,42.6154747009277,-8.81967258453369,"Female"
"9004155",371989,2025-05-27 09:09:08,42.6155242919922,-8.81972789764404,"Female"
"9004155",371989,2025-05-27 09:14:09,42.6149749755859,-8.81769275665283,"Female"
"9004155",371989,2025-05-27 09:19:10,42.6148338317871,-8.81833648681641,"Female"
"9004155",371989,2025-05-27 09:24:20,42.614860534668,-8.81760406494141,"Female"
"9004155",371989,2025-05-27 09:29:16,42.6153106689453,-8.81939601898193,"Female"
"9004155",371989,2025-05-27 09:34:35,42.6152648925781,-8.81898593902588,"Female"
"9004155",371989,2025-05-27 09:39:07,42.6152305603027,-8.81906986236572,"Female"
"9004155",371989,2025-05-27 09:44:07,42.6152572631836,-8.81895351409912,"Female"
"9004155",371989,2025-05-27 09:49:07,42.6154174804688,-8.81881237030029,"Female"
"9004155",371989,2025-05-27 09:54:07,42.6154098510742,-8.8187255859375,"Female"
"9004155",371989,2025-05-27 09:59:07,42.6155586242676,-8.81819438934326,"Female"
"9004155",371989,2025-05-27 10:04:38,42.6154365539551,-8.81747341156006,"Female"
"9004155",371989,2025-05-27 10:09:39,42.6150817871094,-8.81746673583984,"Female"
"9004155",371989,2025-05-27 10:14:38,42.6145896911621,-8.81765747070312,"Female"
"9004155",371989,2025-05-27 10:19:38,42.6146697998047,-8.81775856018066,"Female"
"9004155",371989,2025-05-27 10:24:38,42.6146278381348,-8.81762504577637,"Female"
"9004155",371989,2025-05-27 10:29:38,42.6145935058594,-8.81763744354248,"Female"
"9004155",371989,2025-05-27 10:34:38,42.6145210266113,-8.81736469268799,"Female"
"9004155",371989,2025-05-27 10:39:38,42.6147270202637,-8.81786441802979,"Female"
"9004155",371989,2025-05-27 10:44:38,42.6147270202637,-8.817795753479,"Female"
"9004155",371989,2025-05-27 10:49:38,42.6147155761719,-8.81773662567139,"Female"
"9004155",371989,2025-05-27 10:54:38,42.6147117614746,-8.81774616241455,"Female"
"9004155",371989,2025-05-27 10:59:41,42.6146812438965,-8.81765747070312,"Female"
"9004155",371989,2025-05-27 11:04:39,42.6146659851074,-8.81787204742432,"Female"
"9004155",371989,2025-05-27 11:09:38,42.6146850585938,-8.81767272949219,"Female"
"9004155",371989,2025-05-27 11:14:38,42.6147079467773,-8.81779956817627,"Female"
"9004155",371989,2025-05-27 11:19:38,42.6147308349609,-8.81784439086914,"Female"
"9004155",371989,2025-05-27 11:24:38,42.6147117614746,-8.81787395477295,"Female"
"9004155",371989,2025-05-27 11:29:38,42.6146965026855,-8.81777667999268,"Female"
"9004155",371989,2025-05-27 11:34:39,42.6147003173828,-8.817795753479,"Female"
"9004155",371989,2025-05-27 11:39:38,42.6147994995117,-8.81784057617188,"Female"
"9004155",371989,2025-05-27 11:45:25,42.6145210266113,-8.81784439086914,"Female"
"9004155",371989,2025-05-27 11:50:36,42.6151390075684,-8.81751251220703,"Female"
"9004155",371989,2025-05-27 11:55:29,42.6147308349609,-8.81756782531738,"Female"
"9004155",371989,2025-05-27 12:00:23,42.6148567199707,-8.81735992431641,"Female"
"9004155",371989,2025-05-27 12:05:23,42.6147766113281,-8.81739044189453,"Female"
"9004155",371989,2025-05-27 12:10:23,42.6148300170898,-8.81737232208252,"Female"
"9004155",371989,2025-05-27 12:15:30,42.6148567199707,-8.81754207611084,"Female"
"9004155",371989,2025-05-27 12:20:28,42.6149444580078,-8.81744384765625,"Female"
"9004155",371989,2025-05-27 12:25:27,42.6149253845215,-8.81722164154053,"Female"
"9004155",371989,2025-05-27 12:30:25,42.6148681640625,-8.81718063354492,"Female"
"9004155",371989,2025-05-27 12:35:37,42.6149063110352,-8.81713771820068,"Female"
"9004155",371989,2025-05-27 12:40:28,42.6152572631836,-8.81664943695068,"Female"
"9004155",371989,2025-05-27 12:45:27,42.6149520874023,-8.81708526611328,"Female"
"9004155",371989,2025-05-27 12:50:28,42.6149826049805,-8.81706047058105,"Female"
"9004155",371989,2025-05-27 12:55:28,42.6149482727051,-8.81689739227295,"Female"
"9004155",371989,2025-05-27 13:00:32,42.6149101257324,-8.81679916381836,"Female"
"9004155",371989,2025-05-27 13:05:32,42.6150131225586,-8.81689071655273,"Female"
"9004155",371989,2025-05-27 13:10:41,42.6150321960449,-8.81719779968262,"Female"
"9004155",371989,2025-05-27 13:16:11,42.6150817871094,-8.81711101531982,"Female"
"9004155",371989,2025-05-27 13:21:29,42.6146583557129,-8.81756019592285,"Female"
"9004155",371989,2025-05-27 13:26:58,42.6148567199707,-8.81741428375244,"Female"
"9004155",371989,2025-05-27 13:31:58,42.6149559020996,-8.81746864318848,"Female"
"9004155",371989,2025-05-27 13:36:58,42.6150093078613,-8.81736946105957,"Female"
"9004155",371989,2025-05-27 13:41:59,42.6147918701172,-8.81777572631836,"Female"
"9004155",371989,2025-05-27 13:47:13,42.6148147583008,-8.81754589080811,"Female"
"9004155",371989,2025-05-27 13:51:58,42.6147232055664,-8.81768798828125,"Female"
"9004155",371989,2025-05-27 13:56:58,42.6147956848145,-8.81751155853271,"Female"
"9004155",371989,2025-05-27 14:01:58,42.6149024963379,-8.81712245941162,"Female"
"9004155",371989,2025-05-27 14:06:58,42.6149291992188,-8.81719970703125,"Female"
"9004155",371989,2025-05-27 14:11:58,42.6149940490723,-8.81749534606934,"Female"
"9004155",371989,2025-05-27 14:16:58,42.6148948669434,-8.81752490997314,"Female"
"9004155",371989,2025-05-27 14:21:58,42.6150169372559,-8.81718254089355,"Female"
"9004155",371989,2025-05-27 14:26:58,42.6149597167969,-8.8172492980957,"Female"
"9004155",371989,2025-05-27 14:32:14,42.6146812438965,-8.81777954101562,"Female"
"9004155",371989,2025-05-27 14:36:58,42.614875793457,-8.81741046905518,"Female"
"9004155",371989,2025-05-27 14:42:00,42.6147842407227,-8.8189868927002,"Female"
"9004155",371989,2025-05-27 14:47:36,42.6152381896973,-8.82022571563721,"Female"
"9004155",371989,2025-05-27 14:52:38,42.6147575378418,-8.820481300354,"Female"
"9004155",371989,2025-05-27 14:57:37,42.614818572998,-8.82060432434082,"Female"
"9004155",371989,2025-05-27 15:02:38,42.6151275634766,-8.82030487060547,"Female"
"9004155",371989,2025-05-27 15:07:38,42.6153907775879,-8.82026100158691,"Female"
"9004155",371989,2025-05-27 15:12:38,42.6150856018066,-8.82001876831055,"Female"
"9004155",371989,2025-05-27 15:17:38,42.6150321960449,-8.81990718841553,"Female"
"9004155",371989,2025-05-27 15:22:36,42.6150016784668,-8.82014083862305,"Female"
"9004155",371989,2025-05-27 15:27:38,42.6148834228516,-8.8201961517334,"Female"
"9004155",371989,2025-05-27 15:33:05,42.6150207519531,-8.82021617889404,"Female"
"9004155",371989,2025-05-27 15:37:35,42.6148872375488,-8.82035541534424,"Female"
"9004155",371989,2025-05-27 15:42:35,42.614875793457,-8.82041263580322,"Female"
"9004155",371989,2025-05-27 15:47:36,42.6149444580078,-8.82034111022949,"Female"
"9004155",371989,2025-05-27 15:52:36,42.6151084899902,-8.82031059265137,"Female"
"9004155",371989,2025-05-27 15:57:35,42.6150894165039,-8.82033824920654,"Female"
"9004155",371989,2025-05-27 16:02:35,42.6149864196777,-8.82041931152344,"Female"
"9004155",371989,2025-05-27 16:07:35,42.6150360107422,-8.82039356231689,"Female"
"9004155",371989,2025-05-27 16:12:35,42.6149253845215,-8.82043266296387,"Female"
"9004155",371989,2025-05-27 16:17:36,42.6148872375488,-8.82049369812012,"Female"
"9004155",371989,2025-05-27 16:22:36,42.6150360107422,-8.82058525085449,"Female"
"9004155",371989,2025-05-27 16:27:35,42.6148948669434,-8.82052421569824,"Female"
"9004155",371989,2025-05-27 16:32:36,42.6150283813477,-8.8206090927124,"Female"
"9004155",371989,2025-05-27 16:37:35,42.6150245666504,-8.82065105438232,"Female"
"9004155",371989,2025-05-27 16:42:36,42.6149635314941,-8.8205738067627,"Female"
"9004155",371989,2025-05-27 16:47:36,42.6140785217285,-8.8209753036499,"Female"
"9004155",371989,2025-05-27 16:52:35,42.6130447387695,-8.82131385803223,"Female"
"9004155",371989,2025-05-27 16:57:37,42.6132469177246,-8.82121849060059,"Female"
"9004155",371989,2025-05-27 17:02:36,42.6126976013184,-8.82199382781982,"Female"
"9004155",371989,2025-05-27 17:07:35,42.6127395629883,-8.82314205169678,"Female"
"9004155",371989,2025-05-27 17:12:36,42.61279296875,-8.82329082489014,"Female"
"9004155",371989,2025-05-27 17:17:36,42.6127967834473,-8.8233060836792,"Female"
"9004155",371989,2025-05-27 17:22:35,42.6127586364746,-8.82316398620605,"Female"
"9004155",371989,2025-05-27 17:27:36,42.6127853393555,-8.82332038879395,"Female"
"9004155",371989,2025-05-27 17:32:36,42.61279296875,-8.82331657409668,"Female"
"9004155",371989,2025-05-27 17:37:36,42.6128120422363,-8.82335567474365,"Female"
"9004155",371989,2025-05-27 17:42:35,42.6127471923828,-8.82320976257324,"Female"
"9004155",371989,2025-05-27 17:47:35,42.6127014160156,-8.82315540313721,"Female"
"9004155",371989,2025-05-27 17:52:35,42.6127128601074,-8.82315349578857,"Female"
"9004155",371989,2025-05-27 17:57:36,42.6128005981445,-8.82310962677002,"Female"
"9004155",371989,2025-05-27 18:02:35,42.6126937866211,-8.82312679290771,"Female"
"9004155",371989,2025-05-27 18:07:35,42.6126022338867,-8.82292747497559,"Female"
"9004155",371989,2025-05-27 18:12:36,42.6126708984375,-8.82306480407715,"Female"
"9004155",371989,2025-05-27 18:17:35,42.6127128601074,-8.82314968109131,"Female"
"9004155",371989,2025-05-27 18:22:38,42.6128044128418,-8.82332706451416,"Female"
"9004155",371989,2025-05-27 18:27:35,42.6127395629883,-8.82315444946289,"Female"
"9004155",371989,2025-05-27 18:32:38,42.6127090454102,-8.82315349578857,"Female"
"9004155",371989,2025-05-27 18:37:36,42.6128349304199,-8.82324028015137,"Female"
"9004155",371989,2025-05-27 18:42:37,42.612850189209,-8.82328987121582,"Female"
"9004155",371989,2025-05-27 18:47:38,42.6127510070801,-8.82332038879395,"Female"
"9004155",371989,2025-05-27 18:52:48,42.6127891540527,-8.82339763641357,"Female"
"9004155",371989,2025-05-27 18:57:40,42.612735748291,-8.82305431365967,"Female"
"9004155",371989,2025-05-27 19:02:42,42.6126670837402,-8.82299041748047,"Female"
"9004155",371989,2025-05-27 19:07:38,42.6127090454102,-8.82316017150879,"Female"
"9004155",371989,2025-05-27 19:12:43,42.6074867248535,-8.84497356414795,"Female"
"9004155",371989,2025-05-27 19:17:40,42.6013793945312,-8.87647724151611,"Female"
"9004155",371989,2025-05-27 19:22:54,42.6010971069336,-8.87645149230957,"Female"
"9004155",371989,2025-05-27 19:27:44,42.6011924743652,-8.87668132781982,"Female"
"9004155",371989,2025-05-27 19:32:52,42.60107421875,-8.87677383422852,"Female"
"9004155",371989,2025-05-27 19:37:52,42.6012382507324,-8.8767786026001,"Female"
"9004155",371989,2025-05-27 19:42:53,42.6011695861816,-8.87668132781982,"Female"
"9004155",371989,2025-05-27 19:48:05,42.6017379760742,-8.87643909454346,"Female"
"9004155",371989,2025-05-27 19:52:39,42.6016960144043,-8.87659931182861,"Female"
"9004155",371989,2025-05-27 19:57:37,42.6017189025879,-8.87656593322754,"Female"
"9004155",371989,2025-05-27 20:02:35,42.6020812988281,-8.87641906738281,"Female"
"9004155",371989,2025-05-27 20:07:35,42.5913314819336,-8.88842296600342,"Female"
"9004155",371989,2025-05-27 20:12:35,42.5576324462891,-8.93112373352051,"Female"
"9004155",371989,2025-05-27 20:17:35,42.5489921569824,-8.93863391876221,"Female"
"9004155",371989,2025-05-27 20:22:36,42.5488243103027,-8.93858051300049,"Female"
"9004155",371989,2025-05-27 20:27:37,42.5485649108887,-8.93884944915771,"Female"
"9004155",371989,2025-05-27 20:32:35,42.548942565918,-8.93887615203857,"Female"
"9004155",371989,2025-05-27 20:37:37,42.5485076904297,-8.93898487091064,"Female"
"9004155",371989,2025-05-27 20:42:36,42.5486221313477,-8.93891334533691,"Female"
"9004155",371989,2025-05-27 20:47:37,42.5484008789062,-8.93896293640137,"Female"
"9004155",371989,2025-05-27 20:52:36,42.5485954284668,-8.93913841247559,"Female"
"9004155",371989,2025-05-27 20:57:37,42.5485534667969,-8.9386739730835,"Female"
"9004155",371989,2025-05-27 21:02:36,42.5483932495117,-8.9384069442749,"Female"
"9004155",371989,2025-05-27 21:07:38,42.548583984375,-8.93839454650879,"Female"
"9004155",371989,2025-05-27 21:12:36,42.5486068725586,-8.93824100494385,"Female"
"9004155",371989,2025-05-27 21:17:37,42.5484771728516,-8.93849658966064,"Female"
"9004155",371989,2025-05-27 21:22:36,42.5484428405762,-8.93845844268799,"Female"
"9004155",371989,2025-05-27 21:27:36,42.5485191345215,-8.93855571746826,"Female"
"9004155",371989,2025-05-27 21:32:36,42.5485382080078,-8.93849468231201,"Female"
"9004155",371989,2025-05-27 21:37:36,42.5486106872559,-8.93863010406494,"Female"
"9004155",371989,2025-05-27 21:42:37,42.5485229492188,-8.93877410888672,"Female"
"9004155",371989,2025-05-27 21:47:35,42.5480728149414,-8.93730735778809,"Female"
"9004155",371989,2025-05-27 21:52:38,42.5485534667969,-8.9389181137085,"Female"
"9004155",371989,2025-05-27 21:57:38,42.5486068725586,-8.93900966644287,"Female"
"9004155",371989,2025-05-27 22:02:35,42.5484046936035,-8.93849849700928,"Female"
"9004155",371989,2025-05-27 22:07:38,42.5484924316406,-8.9385290145874,"Female"
"9004155",371989,2025-05-27 22:12:39,42.5484848022461,-8.93877410888672,"Female"
"9004155",371989,2025-05-27 22:17:38,42.5486679077148,-8.93923282623291,"Female"
"9004155",371989,2025-05-27 22:22:38,42.5486373901367,-8.939208984375,"Female"
"9004155",371989,2025-05-27 22:27:42,42.5486183166504,-8.93912982940674,"Female"
"9004155",371989,2025-05-27 22:32:38,42.5486679077148,-8.93939971923828,"Female"
"9004155",371989,2025-05-27 22:37:36,42.5485343933105,-8.93887042999268,"Female"
"9004155",371989,2025-05-27 22:42:37,42.5484886169434,-8.93881988525391,"Female"
"9004155",371989,2025-05-27 22:47:37,42.5484733581543,-8.93879699707031,"Female"
"9004155",371989,2025-05-27 22:52:36,42.5483894348145,-8.93871212005615,"Female"
"9004155",371989,2025-05-27 22:57:36,42.5484275817871,-8.93875503540039,"Female"
"9004155",371989,2025-05-27 23:02:38,42.5484390258789,-8.93880939483643,"Female"
"9004155",371989,2025-05-27 23:07:38,42.54833984375,-8.93867683410645,"Female"
"9004155",371989,2025-05-27 23:12:37,42.5483131408691,-8.9386739730835,"Female"
"9004155",371989,2025-05-27 23:18:05,42.5484085083008,-8.9387788772583,"Female"
"9004155",371989,2025-05-27 23:22:36,42.5486145019531,-8.93883800506592,"Female"
"9004155",371989,2025-05-27 23:27:35,42.5484046936035,-8.93878841400146,"Female"
"9004155",371989,2025-05-27 23:32:35,42.5483360290527,-8.93880271911621,"Female"
"9004155",371989,2025-05-27 23:37:36,42.5483131408691,-8.93875885009766,"Female"
"9004155",371989,2025-05-27 23:42:36,42.5481033325195,-8.93885612487793,"Female"
"9004155",371989,2025-05-27 23:47:36,42.5483894348145,-8.93871688842773,"Female"
"9004155",371989,2025-05-27 23:52:36,42.5485229492188,-8.93862247467041,"Female"
"9004155",371989,2025-05-27 23:57:36,42.5485038757324,-8.93869781494141,"Female"
"9004155",371989,2025-05-28 00:02:44,42.5484657287598,-8.9386625289917,"Female"
"9004155",371989,2025-05-28 00:07:37,42.5486373901367,-8.93861675262451,"Female"
"9004155",371989,2025-05-28 00:12:35,42.5486335754395,-8.93846702575684,"Female"
"9004155",371989,2025-05-28 00:17:36,42.5484886169434,-8.93856525421143,"Female"
"9004155",371989,2025-05-28 00:22:36,42.5486335754395,-8.93853759765625,"Female"
"9004155",371989,2025-05-28 00:27:35,42.548583984375,-8.93857765197754,"Female"
"9004155",371989,2025-05-28 00:32:36,42.5485992431641,-8.93855476379395,"Female"
"9004155",371989,2025-05-28 00:37:36,42.5485763549805,-8.93857383728027,"Female"
"9004155",371989,2025-05-28 00:42:35,42.5485610961914,-8.9385347366333,"Female"
"9004155",371989,2025-05-28 00:47:36,42.5485877990723,-8.93862152099609,"Female"
"9004155",371989,2025-05-28 00:52:36,42.548511505127,-8.93855571746826,"Female"
"9004155",371989,2025-05-28 00:57:37,42.5484809875488,-8.93860721588135,"Female"
"9004155",371989,2025-05-28 01:02:36,42.5485572814941,-8.9385986328125,"Female"
"9004155",371989,2025-05-28 01:07:36,42.5485229492188,-8.93859577178955,"Female"
"9004155",371989,2025-05-28 01:12:36,42.5485420227051,-8.93862247467041,"Female"
"9004155",371989,2025-05-28 01:17:35,42.5486030578613,-8.93860149383545,"Female"
"9004155",371989,2025-05-28 01:22:35,42.5484619140625,-8.93863391876221,"Female"
"9004155",371989,2025-05-28 01:27:36,42.5485572814941,-8.93868827819824,"Female"
"9004155",371989,2025-05-28 01:32:44,42.5484848022461,-8.93868160247803,"Female"
"9004155",371989,2025-05-28 01:37:38,42.5485610961914,-8.93876934051514,"Female"
"9004155",371989,2025-05-28 01:42:41,42.548511505127,-8.93874931335449,"Female"
"9004155",371989,2025-05-28 01:47:36,42.5485420227051,-8.93872928619385,"Female"
"9004155",371989,2025-05-28 01:52:42,42.5485687255859,-8.9387264251709,"Female"
"9004155",371989,2025-05-28 01:57:36,42.5484924316406,-8.93871212005615,"Female"
"9004155",371989,2025-05-28 02:02:38,42.5485153198242,-8.93879795074463,"Female"
"9004155",371989,2025-05-28 02:08:05,42.5485343933105,-8.9387903213501,"Female"
"9004155",371989,2025-05-28 02:12:34,42.5485877990723,-8.93876171112061,"Female"
"9004155",371989,2025-05-28 02:17:34,42.5486526489258,-8.93879795074463,"Female"
"9004155",371989,2025-05-28 02:22:35,42.5485382080078,-8.93875217437744,"Female"
"9004155",371989,2025-05-28 02:27:34,42.5485305786133,-8.93878173828125,"Female"
"9004155",371989,2025-05-28 02:32:35,42.5486221313477,-8.93876934051514,"Female"
"9004155",371989,2025-05-28 02:37:35,42.5485649108887,-8.93865966796875,"Female"
"9004155",371989,2025-05-28 02:42:34,42.5485992431641,-8.93863487243652,"Female"
"9004155",371989,2025-05-28 02:47:34,42.5485420227051,-8.93879127502441,"Female"
"9004155",371989,2025-05-28 02:52:35,42.5486259460449,-8.93861293792725,"Female"
"9004155",371989,2025-05-28 02:57:36,42.5485534667969,-8.93887329101562,"Female"
"9004155",371989,2025-05-28 03:02:36,42.5485649108887,-8.93873500823975,"Female"
"9004155",371989,2025-05-28 03:07:37,42.5485343933105,-8.93879222869873,"Female"
"9004155",371989,2025-05-28 03:12:38,42.5485153198242,-8.93886089324951,"Female"
"9004155",371989,2025-05-28 03:17:42,42.5485420227051,-8.9387731552124,"Female"
"9004155",371989,2025-05-28 03:22:36,42.5485343933105,-8.93886470794678,"Female"
"9004155",371989,2025-05-28 03:27:36,42.5485382080078,-8.93873977661133,"Female"
"9004155",371989,2025-05-28 03:32:36,42.5485649108887,-8.93874168395996,"Female"
"9004155",371989,2025-05-28 03:37:37,42.5485382080078,-8.93881702423096,"Female"
"9004155",371989,2025-05-28 03:42:35,42.5485801696777,-8.93881988525391,"Female"
"9004155",371989,2025-05-28 03:47:36,42.5484848022461,-8.93883800506592,"Female"
"9004155",371989,2025-05-28 03:52:35,42.5486717224121,-8.93882942199707,"Female"
"9004155",371989,2025-05-28 03:57:35,42.548770904541,-8.93887996673584,"Female"
"9004155",371989,2025-05-28 04:02:35,42.5484848022461,-8.93879413604736,"Female"
"9004155",371989,2025-05-28 04:07:36,42.5485191345215,-8.93880367279053,"Female"
"9004155",371989,2025-05-28 04:12:35,42.5487937927246,-8.93895721435547,"Female"
"9004155",371989,2025-05-28 04:17:35,42.5489616394043,-8.93903350830078,"Female"
"9004155",371989,2025-05-28 04:22:37,42.5485458374023,-8.93886375427246,"Female"
"9004155",371989,2025-05-28 04:27:35,42.5486183166504,-8.93886947631836,"Female"
"9004155",371989,2025-05-28 04:32:35,42.5485763549805,-8.93883991241455,"Female"
"9004155",371989,2025-05-28 04:37:35,42.548641204834,-8.93891048431396,"Female"
"9004155",371989,2025-05-28 04:42:37,42.5485572814941,-8.9387845993042,"Female"
"9004155",371989,2025-05-28 04:47:36,42.5486030578613,-8.93886756896973,"Female"
"9004155",371989,2025-05-28 04:52:36,42.5485382080078,-8.93884754180908,"Female"
"9004155",371989,2025-05-28 04:57:38,42.551700592041,-8.93995189666748,"Female"
"9004155",371989,2025-05-28 05:02:36,42.5516891479492,-8.93993759155273,"Female"
"9004155",371989,2025-05-28 05:07:36,42.5517158508301,-8.94003391265869,"Female"
"9004155",371989,2025-05-28 05:12:35,42.5517349243164,-8.94012355804443,"Female"
"9004155",371989,2025-05-28 05:17:35,42.5516471862793,-8.93998336791992,"Female"
"9004155",371989,2025-05-28 05:22:36,42.551685333252,-8.93999576568604,"Female"
"9004155",371989,2025-05-28 05:27:35,42.551700592041,-8.94001293182373,"Female"
"9004155",371989,2025-05-28 05:32:35,42.551628112793,-8.93997478485107,"Female"
"9004155",371989,2025-05-28 05:37:35,42.5517616271973,-8.94013690948486,"Female"
"9004155",371989,2025-05-28 05:42:36,42.5517082214355,-8.940016746521,"Female"
"9004155",371989,2025-05-28 05:47:35,42.5517768859863,-8.94009113311768,"Female"
"9004155",371989,2025-05-28 05:52:38,42.5516624450684,-8.94006252288818,"Female"
"9004155",371989,2025-05-28 05:57:35,42.551685333252,-8.94004535675049,"Female"
"9004155",371989,2025-05-28 06:02:37,42.5516662597656,-8.94007682800293,"Female"
"9004155",371989,2025-05-28 06:07:42,42.5516166687012,-8.93997192382812,"Female"
"9004155",371989,2025-05-28 06:12:42,42.5516586303711,-8.94010734558105,"Female"
"9004155",371989,2025-05-28 06:18:05,42.5515632629395,-8.9399299621582,"Female"
"9004155",371989,2025-05-28 06:22:35,42.5515518188477,-8.93994617462158,"Female"
"9004155",371989,2025-05-28 06:27:35,42.5515022277832,-8.93991374969482,"Female"
"9004155",371989,2025-05-28 06:32:35,42.5515022277832,-8.93993091583252,"Female"
"9004155",371989,2025-05-28 06:37:36,42.5515480041504,-8.93984222412109,"Female"
"9004155",371989,2025-05-28 06:42:34,42.5514831542969,-8.94001770019531,"Female"
"9004155",371989,2025-05-28 06:47:36,42.551513671875,-8.93994903564453,"Female"
"9004155",371989,2025-05-28 06:52:35,42.5515823364258,-8.93997669219971,"Female"
"9004155",371989,2025-05-28 06:57:34,42.551399230957,-8.93998146057129,"Female"
"9004155",371989,2025-05-28 07:02:36,42.5514831542969,-8.93995094299316,"Female"
"9004155",371989,2025-05-28 07:07:36,42.5514793395996,-8.93994617462158,"Female"
"9004155",371989,2025-05-28 07:12:35,42.5514755249023,-8.93998432159424,"Female"
"9004155",371989,2025-05-28 07:17:35,42.5513191223145,-8.94007968902588,"Female"
"9004155",371989,2025-05-28 07:22:36,42.551570892334,-8.93997287750244,"Female"
"9004155",371989,2025-05-28 07:27:35,42.551570892334,-8.93990707397461,"Female"
"9004155",371989,2025-05-28 07:32:36,42.5514907836914,-8.93994617462158,"Female"
"9004155",371989,2025-05-28 07:37:35,42.5515518188477,-8.93991470336914,"Female"
"9004155",371989,2025-05-28 07:42:35,42.5513877868652,-8.93990993499756,"Female"
"9004155",371989,2025-05-28 07:47:35,42.5515365600586,-8.9399528503418,"Female"
"9004155",371989,2025-05-28 07:52:36,42.5515022277832,-8.93996715545654,"Female"
"9004155",371989,2025-05-28 07:57:36,42.5514869689941,-8.94000911712646,"Female"
"9004155",371989,2025-05-28 08:02:36,42.5514678955078,-8.93992710113525,"Female"
"9004155",371989,2025-05-28 08:07:36,42.5515327453613,-8.9399242401123,"Female"
"9004155",371989,2025-05-28 08:12:36,42.5515632629395,-8.94002437591553,"Female"
"9004155",371989,2025-05-28 08:17:36,42.5515251159668,-8.93990135192871,"Female"
"9004155",371989,2025-05-28 08:22:36,42.5517349243164,-8.93996334075928,"Female"
"9004155",371989,2025-05-28 08:27:37,42.5638236999512,-8.91203498840332,"Female"
"9004155",371989,2025-05-28 08:32:35,42.5735740661621,-8.88558197021484,"Female"
"9004155",371989,2025-05-28 08:37:35,42.5740127563477,-8.85417652130127,"Female"
"9004155",371989,2025-05-28 08:42:35,42.571704864502,-8.84496593475342,"Female"
"9004155",371989,2025-05-28 08:47:36,42.572624206543,-8.84447860717773,"Female"
"9004155",371989,2025-05-28 08:52:35,42.5728530883789,-8.84432697296143,"Female"
"9004155",371989,2025-05-28 08:57:36,42.5734024047852,-8.84420680999756,"Female"
"9004155",371989,2025-05-28 09:02:35,42.5734252929688,-8.84420204162598,"Female"
"9004155",371989,2025-05-28 09:07:36,42.5733413696289,-8.84416389465332,"Female"
"9004155",371989,2025-05-28 09:12:35,42.5734672546387,-8.84424591064453,"Female"
"9004155",371989,2025-05-28 09:17:36,42.5733909606934,-8.84411907196045,"Female"
"9004155",371989,2025-05-28 09:22:36,42.5735397338867,-8.84412384033203,"Female"
"9004155",371989,2025-05-28 09:27:36,42.5734901428223,-8.8440465927124,"Female"
"9004155",371989,2025-05-28 09:32:36,42.5734558105469,-8.84398078918457,"Female"
"9004155",371989,2025-05-28 09:37:36,42.5734176635742,-8.84387683868408,"Female"
"9004155",371989,2025-05-28 09:42:35,42.5733795166016,-8.84361267089844,"Female"
"9004155",371989,2025-05-28 09:47:36,42.5735359191895,-8.84399795532227,"Female"
"9004155",371989,2025-05-28 09:52:44,42.5734481811523,-8.84367370605469,"Female"
"9004155",371989,2025-05-28 09:57:35,42.5738372802734,-8.84378337860107,"Female"
"9004155",371989,2025-05-28 10:03:02,42.5755577087402,-8.84292030334473,"Female"
"9004155",371989,2025-05-28 10:08:01,42.577507019043,-8.84329414367676,"Female"
"9004155",371989,2025-05-28 10:13:00,42.5776023864746,-8.84326457977295,"Female"
"9004155",371989,2025-05-28 10:18:00,42.5777473449707,-8.84336280822754,"Female"
"9004155",371989,2025-05-28 10:23:00,42.5777244567871,-8.84330558776855,"Female"
"9004155",371989,2025-05-28 10:28:00,42.5777053833008,-8.84323883056641,"Female"
"9004155",371989,2025-05-28 10:33:00,42.592414855957,-8.82654571533203,"Female"
"9004155",371989,2025-05-28 10:38:00,42.6019439697266,-8.81744766235352,"Female"
"9004155",371989,2025-05-28 10:43:04,42.6022720336914,-8.81637287139893,"Female"
"9004155",371989,2025-05-28 10:48:31,42.6026496887207,-8.81464290618896,"Female"
"9004155",371989,2025-05-28 10:54:05,42.6022644042969,-8.81459617614746,"Female"
"9004155",371989,2025-05-28 10:58:30,42.6019821166992,-8.81446933746338,"Female"
"9004155",371989,2025-05-28 11:03:29,42.6020660400391,-8.81436061859131,"Female"
"9004155",371989,2025-05-28 11:08:31,42.6020240783691,-8.81452751159668,"Female"
"9004155",371989,2025-05-28 11:13:30,42.6022148132324,-8.81466388702393,"Female"
"9004155",371989,2025-05-28 11:18:30,42.6021003723145,-8.81433582305908,"Female"
"9004155",371989,2025-05-28 11:23:31,42.6019134521484,-8.81406116485596,"Female"
"9004155",371989,2025-05-28 11:28:30,42.602180480957,-8.81466579437256,"Female"
"9004155",371989,2025-05-28 11:33:30,42.60205078125,-8.814528465271,"Female"
"9004155",371989,2025-05-28 11:38:31,42.601936340332,-8.81450080871582,"Female"
"9004155",371989,2025-05-28 11:43:30,42.6019630432129,-8.81455516815186,"Female"
"9004155",371989,2025-05-28 11:48:32,42.6021308898926,-8.81493186950684,"Female"
"9004155",371989,2025-05-28 11:53:32,42.6023025512695,-8.81410694122314,"Female"
"9004155",371989,2025-05-28 11:58:39,42.602294921875,-8.814208984375,"Female"
"9004155",371989,2025-05-28 12:03:44,42.6023139953613,-8.81439018249512,"Female"
"9004155",371989,2025-05-28 12:08:30,42.6021499633789,-8.81435585021973,"Female"
"9004155",371989,2025-05-28 12:13:30,42.602367401123,-8.81438159942627,"Female"
"9004155",371989,2025-05-28 12:18:30,42.6021690368652,-8.81444931030273,"Female"
"9004155",371989,2025-05-28 12:23:30,42.6023445129395,-8.81438827514648,"Female"
"9004155",371989,2025-05-28 12:28:30,42.6022109985352,-8.81452560424805,"Female"
"9004155",371989,2025-05-28 12:33:30,42.6022453308105,-8.81454658508301,"Female"
"9004155",371989,2025-05-28 12:38:30,42.6022415161133,-8.81454753875732,"Female"
"9004155",371989,2025-05-28 12:43:42,42.6021614074707,-8.81376075744629,"Female"
"9004155",371989,2025-05-28 12:49:05,42.6021423339844,-8.8129243850708,"Female"
"9004155",371989,2025-05-28 12:54:32,42.6022796630859,-8.81284046173096,"Female"
"9004155",371989,2025-05-28 12:59:32,42.6024017333984,-8.81279754638672,"Female"
"9004155",371989,2025-05-28 13:04:32,42.6024017333984,-8.81282615661621,"Female"
"9004155",371989,2025-05-28 13:09:32,42.6024322509766,-8.81281471252441,"Female"
"9004155",371989,2025-05-28 13:14:32,42.6024475097656,-8.81283569335938,"Female"
"9004155",371989,2025-05-28 13:19:32,42.6024017333984,-8.81283378601074,"Female"
"9004155",371989,2025-05-28 13:24:33,42.602424621582,-8.81278038024902,"Female"
"9004155",371989,2025-05-28 13:29:32,42.6024208068848,-8.81278991699219,"Female"
"9004155",371989,2025-05-28 13:34:32,42.6024131774902,-8.81282711029053,"Female"
"9004155",371989,2025-05-28 13:39:33,42.602409362793,-8.81283664703369,"Female"
"9004155",371989,2025-05-28 13:44:33,42.6023597717285,-8.81279945373535,"Female"
"9004155",371989,2025-05-28 13:49:32,42.6023635864258,-8.8128080368042,"Female"
"9004155",371989,2025-05-28 13:54:33,42.6024208068848,-8.8128719329834,"Female"
"9004155",371989,2025-05-28 13:59:33,42.6025619506836,-8.81279850006104,"Female"
"9004155",371989,2025-05-28 14:04:33,42.6024856567383,-8.81284523010254,"Female"
"9004155",371989,2025-05-28 14:09:32,42.6024894714355,-8.81282711029053,"Female"
"9004155",371989,2025-05-28 14:14:33,42.6025390625,-8.81281661987305,"Female"
"9004155",371989,2025-05-28 14:19:33,42.6025085449219,-8.8128490447998,"Female"
"9004155",371989,2025-05-28 14:24:33,42.6025047302246,-8.81282424926758,"Female"
"9004155",371989,2025-05-28 14:29:33,42.6027412414551,-8.81284999847412,"Female"
"9004155",371989,2025-05-28 14:34:33,42.6025772094727,-8.81273651123047,"Female"
"9004155",371989,2025-05-28 14:39:33,42.6026000976562,-8.81281185150146,"Female"
"9004155",371989,2025-05-28 14:44:33,42.602611541748,-8.8128023147583,"Female"
"9004155",371989,2025-05-28 14:49:33,42.6027908325195,-8.81284046173096,"Female"
"9004155",371989,2025-05-28 14:54:33,42.6027679443359,-8.81289577484131,"Female"
"9004155",371989,2025-05-28 14:59:33,42.6026878356934,-8.81286334991455,"Female"
"9004155",371989,2025-05-28 15:04:33,42.6025581359863,-8.81282234191895,"Female"
"9004155",371989,2025-05-28 15:09:33,42.6025581359863,-8.81285572052002,"Female"
"9004155",371989,2025-05-28 15:14:33,42.6026153564453,-8.81292057037354,"Female"
"9004155",371989,2025-05-28 15:20:02,42.6025695800781,-8.81283760070801,"Female"
"9004155",371989,2025-05-28 15:24:59,42.6026802062988,-8.81303215026855,"Female"
"9004155",371989,2025-05-28 15:30:34,42.6025276184082,-8.8132963180542,"Female"
"9004155",371989,2025-05-28 15:35:34,42.6028327941895,-8.81318950653076,"Female"
"9004155",371989,2025-05-28 15:40:33,42.6036338806152,-8.81433868408203,"Female"
"9004155",371989,2025-05-28 15:45:33,42.6036720275879,-8.81428050994873,"Female"
"9004155",371989,2025-05-28 15:50:33,42.6036033630371,-8.81435775756836,"Female"
"9004155",371989,2025-05-28 15:55:33,42.6034393310547,-8.81434345245361,"Female"
"9004155",371989,2025-05-28 16:01:00,42.6032791137695,-8.81433582305908,"Female"
"9004155",371989,2025-05-28 16:05:36,42.6033668518066,-8.8143482208252,"Female"
"9004155",371989,2025-05-28 16:10:34,42.6032829284668,-8.81439876556396,"Female"
"9004155",371989,2025-05-28 16:15:34,42.6032180786133,-8.81419849395752,"Female"
"9004155",371989,2025-05-28 16:20:35,42.6032791137695,-8.81414794921875,"Female"
"9004155",371989,2025-05-28 16:25:34,42.6031951904297,-8.81414127349854,"Female"
"9004155",371989,2025-05-28 16:30:34,42.6032600402832,-8.81431674957275,"Female"
"9004155",371989,2025-05-28 16:35:34,42.603199005127,-8.81431674957275,"Female"
"9004155",371989,2025-05-28 16:40:34,42.6030502319336,-8.81429672241211,"Female"
"9004155",371989,2025-05-28 16:45:34,42.6030311584473,-8.81422519683838,"Female"
"9004155",371989,2025-05-28 16:50:34,42.6031265258789,-8.81449699401855,"Female"
"9004155",371989,2025-05-28 16:55:34,42.6031455993652,-8.81451797485352,"Female"
"9004155",371989,2025-05-28 17:00:36,42.6032066345215,-8.81446552276611,"Female"
"9004155",371989,2025-05-28 17:05:36,42.6031913757324,-8.8143835067749,"Female"
"9004155",371989,2025-05-28 17:10:36,42.6032104492188,-8.81439399719238,"Female"
"9004155",371989,2025-05-28 17:15:34,42.6032447814941,-8.81439113616943,"Female"
"9004155",371989,2025-05-28 17:20:36,42.6033134460449,-8.81435298919678,"Female"
"9004155",371989,2025-05-28 17:25:36,42.6032295227051,-8.81443309783936,"Female"
"9004155",371989,2025-05-28 17:31:39,42.6031799316406,-8.81398868560791,"Female"
"9004155",371989,2025-05-28 17:37:39,42.6036567687988,-8.81261539459229,"Female"
"9004155",371989,2025-05-28 17:42:36,42.6032981872559,-8.81334209442139,"Female"
"9004155",371989,2025-05-28 17:47:37,42.6032180786133,-8.8145580291748,"Female"
"9004155",371989,2025-05-28 17:52:39,42.6032066345215,-8.81459522247314,"Female"
"9004155",371989,2025-05-28 17:57:36,42.6032066345215,-8.8145694732666,"Female"
"9004155",371989,2025-05-28 18:02:36,42.6032447814941,-8.81455612182617,"Female"
"9004155",371989,2025-05-28 18:07:36,42.6032409667969,-8.81455707550049,"Female"
"9004155",371989,2025-05-28 18:12:36,42.603214263916,-8.81454086303711,"Female"
"9004155",371989,2025-05-28 18:17:37,42.6032104492188,-8.81450080871582,"Female"
"9004155",371989,2025-05-28 18:22:36,42.6032371520996,-8.81449508666992,"Female"
"9004155",371989,2025-05-28 18:27:37,42.6032218933105,-8.81451416015625,"Female"
"9004155",371989,2025-05-28 18:32:36,42.6032371520996,-8.81441593170166,"Female"
"9004155",371989,2025-05-28 18:37:36,42.6032905578613,-8.8143424987793,"Female"
"9004155",371989,2025-05-28 18:42:36,42.603214263916,-8.81432247161865,"Female"
"9004155",371989,2025-05-28 18:47:37,42.6032066345215,-8.81436729431152,"Female"
"9004155",371989,2025-05-28 18:52:36,42.6032409667969,-8.81436061859131,"Female"
"9004155",371989,2025-05-28 18:57:36,42.6031303405762,-8.81416702270508,"Female"
"9004155",371989,2025-05-28 19:02:38,42.6031723022461,-8.8140983581543,"Female"
"9004155",371989,2025-05-28 19:07:37,42.6032485961914,-8.81431865692139,"Female"
"9004155",371989,2025-05-28 19:12:37,42.6030426025391,-8.81394863128662,"Female"
"9004155",371989,2025-05-28 19:17:40,42.6029167175293,-8.82158184051514,"Female"
"9004155",371989,2025-05-28 19:22:36,42.5908279418945,-8.88122653961182,"Female"
"9004155",371989,2025-05-28 19:27:37,42.5873222351074,-8.89128494262695,"Female"
"9004155",371989,2025-05-28 19:32:37,42.5621070861816,-8.93052864074707,"Female"
"9004155",371989,2025-05-28 19:37:36,42.549072265625,-8.93853092193604,"Female"
"9004155",371989,2025-05-28 19:42:36,42.5490646362305,-8.93856143951416,"Female"
"9004155",371989,2025-05-28 19:47:43,42.5490989685059,-8.93888378143311,"Female"
"9004155",371989,2025-05-28 19:52:39,42.549129486084,-8.93876838684082,"Female"
"9004155",371989,2025-05-28 19:57:37,42.5491638183594,-8.93884563446045,"Female"
"9004155",371989,2025-05-28 20:02:36,42.5491065979004,-8.93889617919922,"Female"
"9004155",371989,2025-05-28 20:07:37,42.5491256713867,-8.93892478942871,"Female"
"9004155",371989,2025-05-28 20:12:37,42.5490379333496,-8.93903827667236,"Female"
"9004155",371989,2025-05-28 20:17:37,42.5490493774414,-8.93897438049316,"Female"
"9004155",371989,2025-05-28 20:22:37,42.5490570068359,-8.93899059295654,"Female"
"9004155",371989,2025-05-28 20:27:39,42.5491371154785,-8.93890953063965,"Female"
"9004155",371989,2025-05-28 20:32:38,42.5489654541016,-8.93919944763184,"Female"
"9004155",371989,2025-05-28 20:37:38,42.549015045166,-8.93911552429199,"Female"
"9004155",371989,2025-05-28 20:42:37,42.5490303039551,-8.93899726867676,"Female"
"9004155",371989,2025-05-28 20:47:37,42.548900604248,-8.93921184539795,"Female"
"9004155",371989,2025-05-28 20:52:36,42.548942565918,-8.9391450881958,"Female"
"9004155",371989,2025-05-28 20:57:36,42.5488815307617,-8.93912124633789,"Female"
"9004155",371989,2025-05-28 21:02:36,42.5488662719727,-8.93912982940674,"Female"
"9004155",371989,2025-05-28 21:07:36,42.5488777160645,-8.93919277191162,"Female"
"9004155",371989,2025-05-28 21:12:37,42.5488243103027,-8.9391565322876,"Female"
"9004155",371989,2025-05-28 21:17:38,42.5488624572754,-8.93916988372803,"Female"
"9004155",371989,2025-05-28 21:22:45,42.548583984375,-8.93923473358154,"Female"
"9004155",371989,2025-05-28 21:27:36,42.5487976074219,-8.93903541564941,"Female"
"9004155",371989,2025-05-28 21:32:37,42.5486793518066,-8.93907260894775,"Female"
"9004155",371989,2025-05-28 21:37:36,42.5487480163574,-8.93912601470947,"Female"
"9004155",371989,2025-05-28 21:42:36,42.5487518310547,-8.93908500671387,"Female"
"9004155",371989,2025-05-28 21:47:36,42.5487861633301,-8.93914794921875,"Female"
"9004155",371989,2025-05-28 21:52:37,42.5488319396973,-8.93903160095215,"Female"
"9004155",371989,2025-05-28 21:57:36,42.5488052368164,-8.93905448913574,"Female"
"9004155",371989,2025-05-28 22:02:36,42.5488090515137,-8.93901824951172,"Female"
"9004155",371989,2025-05-28 22:07:38,42.5488243103027,-8.9390697479248,"Female"
"9004155",371989,2025-05-28 22:12:37,42.5488624572754,-8.93878841400146,"Female"
"9004155",371989,2025-05-28 22:17:36,42.5488548278809,-8.93905162811279,"Female"
"9004155",371989,2025-05-28 22:22:37,42.5488433837891,-8.93883228302002,"Female"
"9004155",371989,2025-05-28 22:27:38,42.5488586425781,-8.93878269195557,"Female"
"9004155",371989,2025-05-28 22:32:37,42.5489234924316,-8.93888282775879,"Female"
"9004155",371989,2025-05-28 22:37:37,42.5488395690918,-8.93879699707031,"Female"
"9004155",371989,2025-05-28 22:42:37,42.5488014221191,-8.93863773345947,"Female"
"9004155",371989,2025-05-28 22:47:37,42.5487937927246,-8.93863868713379,"Female"
"9004155",371989,2025-05-28 22:52:37,42.5487976074219,-8.93873023986816,"Female"
"9004155",371989,2025-05-28 22:57:37,42.5488090515137,-8.93874835968018,"Female"
"9004155",371989,2025-05-28 23:02:37,42.5488662719727,-8.93875598907471,"Female"
"9004155",371989,2025-05-28 23:07:43,42.5489387512207,-8.93881607055664,"Female"
"9004155",371989,2025-05-28 23:12:36,42.5489463806152,-8.93894577026367,"Female"
"9004155",371989,2025-05-28 23:17:36,42.5488662719727,-8.93885231018066,"Female"
"9004155",371989,2025-05-28 23:22:36,42.5488739013672,-8.93881893157959,"Female"
"9004155",371989,2025-05-28 23:27:36,42.5486183166504,-8.93864631652832,"Female"
"9004155",371989,2025-05-28 23:32:37,42.5488433837891,-8.93868923187256,"Female"
"9004155",371989,2025-05-28 23:37:36,42.5486755371094,-8.93873882293701,"Female"
"9004155",371989,2025-05-28 23:42:36,42.5486717224121,-8.93873405456543,"Female"
"9004155",371989,2025-05-28 23:47:37,42.5486183166504,-8.93877792358398,"Female"
"9004155",371989,2025-05-28 23:52:37,42.548828125,-8.93878364562988,"Female"
"9004155",371989,2025-05-28 23:57:37,42.5487747192383,-8.93870735168457,"Female"
"9004155",371989,2025-05-29 00:02:37,42.5487289428711,-8.93870830535889,"Female"
"9004155",371989,2025-05-29 00:07:36,42.5486946105957,-8.93864440917969,"Female"
"9004155",371989,2025-05-29 00:12:38,42.5486373901367,-8.93864345550537,"Female"
"9004155",371989,2025-05-29 00:17:37,42.5486831665039,-8.93869304656982,"Female"
"9004155",371989,2025-05-29 00:22:37,42.5487251281738,-8.93867015838623,"Female"
"9004155",371989,2025-05-29 00:27:37,42.548641204834,-8.93868923187256,"Female"
"9004155",371989,2025-05-29 00:32:36,42.5487899780273,-8.93875598907471,"Female"
"9004155",371989,2025-05-29 00:37:36,42.5486640930176,-8.93878555297852,"Female"
"9004155",371989,2025-05-29 00:42:39,42.5486907958984,-8.93883228302002,"Female"
"9004155",371989,2025-05-29 00:47:37,42.5486831665039,-8.93882942199707,"Female"
"9004155",371989,2025-05-29 00:52:37,42.5486526489258,-8.9388427734375,"Female"
"9004155",371989,2025-05-29 00:57:36,42.548641204834,-8.93871402740479,"Female"
"9004155",371989,2025-05-29 01:02:37,42.548755645752,-8.93897533416748,"Female"
"9004155",371989,2025-05-29 01:07:37,42.5486793518066,-8.93893146514893,"Female"
"9004155",371989,2025-05-29 01:12:36,42.5486602783203,-8.93890476226807,"Female"
"9004155",371989,2025-05-29 01:17:37,42.5485992431641,-8.93875694274902,"Female"
"9004155",371989,2025-05-29 01:22:39,42.5486488342285,-8.93878555297852,"Female"
"9004155",371989,2025-05-29 01:27:39,42.5486640930176,-8.93875789642334,"Female"
"9004155",371989,2025-05-29 01:32:42,42.5485649108887,-8.93895530700684,"Female"
"9004155",371989,2025-05-29 01:37:36,42.5486488342285,-8.93885326385498,"Female"
"9004155",371989,2025-05-29 01:42:36,42.5485992431641,-8.93883323669434,"Female"
"9004155",371989,2025-05-29 01:47:37,42.5486602783203,-8.93886089324951,"Female"
"9004155",371989,2025-05-29 01:52:38,42.5486335754395,-8.93890476226807,"Female"
"9004155",371989,2025-05-29 01:57:37,42.5486717224121,-8.93891525268555,"Female"
"9004155",371989,2025-05-29 02:02:36,42.5487785339355,-8.93881893157959,"Female"
"9004155",371989,2025-05-29 02:07:37,42.5485229492188,-8.93879795074463,"Female"
"9004155",371989,2025-05-29 02:12:36,42.548900604248,-8.93876075744629,"Female"
"9004155",371989,2025-05-29 02:17:36,42.548641204834,-8.9389066696167,"Female"
"9004155",371989,2025-05-29 02:22:36,42.5486068725586,-8.93896770477295,"Female"
"9004155",371989,2025-05-29 02:27:36,42.5486717224121,-8.93888092041016,"Female"
"9004155",371989,2025-05-29 02:32:36,42.5488395690918,-8.93864250183105,"Female"
"9004155",371989,2025-05-29 02:37:36,42.5487632751465,-8.9386568069458,"Female"
"9004155",371989,2025-05-29 02:42:38,42.5488471984863,-8.93864154815674,"Female"
"9004155",371989,2025-05-29 02:47:38,42.5487632751465,-8.93860340118408,"Female"
"9004155",371989,2025-05-29 02:52:36,42.5487747192383,-8.93854236602783,"Female"
"9004155",371989,2025-05-29 02:57:37,42.5487861633301,-8.93845367431641,"Female"
"9004155",371989,2025-05-29 03:02:39,42.548770904541,-8.93859100341797,"Female"
"9004155",371989,2025-05-29 03:07:39,42.5488510131836,-8.93850326538086,"Female"
"9004155",371989,2025-05-29 03:12:39,42.5488471984863,-8.93848609924316,"Female"
"9004155",371989,2025-05-29 03:17:37,42.5487365722656,-8.93851757049561,"Female"
"9004155",371989,2025-05-29 03:22:39,42.5487899780273,-8.93854331970215,"Female"
"9004155",371989,2025-05-29 03:27:39,42.548828125,-8.93854904174805,"Female"
"9004155",371989,2025-05-29 03:32:39,42.5487785339355,-8.93855094909668,"Female"
"9004155",371989,2025-05-29 03:37:36,42.5487289428711,-8.93857574462891,"Female"
"9004155",371989,2025-05-29 03:42:39,42.5487365722656,-8.9386157989502,"Female"
"9004155",371989,2025-05-29 03:47:38,42.5487365722656,-8.93861675262451,"Female"
"9004155",371989,2025-05-29 03:52:36,42.548656463623,-8.93865299224854,"Female"
"9004155",371989,2025-05-29 03:57:36,42.5486030578613,-8.93874263763428,"Female"
"9004155",371989,2025-05-29 04:02:36,42.548583984375,-8.93876361846924,"Female"
"9004155",371989,2025-05-29 04:07:36,42.5485992431641,-8.93869113922119,"Female"
"9004155",371989,2025-05-29 04:12:36,42.5485229492188,-8.93871784210205,"Female"
"9004155",371989,2025-05-29 04:17:36,42.5486373901367,-8.9387264251709,"Female"
"9004155",371989,2025-05-29 04:22:36,42.5486106872559,-8.93873023986816,"Female"
"9004155",371989,2025-05-29 04:27:36,42.5486183166504,-8.93874931335449,"Female"
"9004155",371989,2025-05-29 04:32:37,42.5485610961914,-8.93881607055664,"Female"
"9004155",371989,2025-05-29 04:37:39,42.5485649108887,-8.93875026702881,"Female"
"9004155",371989,2025-05-29 04:42:36,42.5486755371094,-8.93896198272705,"Female"
"9004155",371989,2025-05-29 04:47:36,42.5487747192383,-8.93905544281006,"Female"
"9004155",371989,2025-05-29 04:52:36,42.5488357543945,-8.93906879425049,"Female"
"9004155",371989,2025-05-29 04:57:36,42.5488166809082,-8.93904304504395,"Female"
"9004155",371989,2025-05-29 05:02:36,42.5488815307617,-8.93905735015869,"Female"
"9004155",371989,2025-05-29 05:07:36,42.5488395690918,-8.93905353546143,"Female"
"9004155",371989,2025-05-29 05:12:36,42.5488891601562,-8.93902206420898,"Female"
"9004155",371989,2025-05-29 05:17:36,42.5488433837891,-8.93905830383301,"Female"
"9004155",371989,2025-05-29 05:22:36,42.5488929748535,-8.93907451629639,"Female"
"9004155",371989,2025-05-29 05:27:36,42.5488357543945,-8.93897819519043,"Female"
"9004155",371989,2025-05-29 05:32:36,42.5488204956055,-8.93896007537842,"Female"
"9004155",371989,2025-05-29 05:37:36,42.5488128662109,-8.93892383575439,"Female"
"9004155",371989,2025-05-29 05:42:36,42.5488662719727,-8.93900203704834,"Female"
"9004155",371989,2025-05-29 05:47:36,42.5488319396973,-8.93892097473145,"Female"
"9004155",371989,2025-05-29 05:52:36,42.5488166809082,-8.93896484375,"Female"
"9004155",371989,2025-05-29 05:57:36,42.5487518310547,-8.93886470794678,"Female"
"9004155",371989,2025-05-29 06:02:36,42.5487937927246,-8.93890953063965,"Female"
"9004155",371989,2025-05-29 06:07:36,42.5486145019531,-8.93893432617188,"Female"
"9004155",371989,2025-05-29 06:12:36,42.5487213134766,-8.93896007537842,"Female"
"9004155",371989,2025-05-29 06:17:36,42.5486373901367,-8.9389123916626,"Female"
"9004155",371989,2025-05-29 06:22:36,42.5486030578613,-8.93890380859375,"Female"
"9004155",371989,2025-05-29 06:27:36,42.5485916137695,-8.93889045715332,"Female"
"9004155",371989,2025-05-29 06:32:36,42.5485572814941,-8.93889236450195,"Female"
"9004155",371989,2025-05-29 06:37:36,42.5485496520996,-8.93886375427246,"Female"
"9004155",371989,2025-05-29 06:42:36,42.5485153198242,-8.93883514404297,"Female"
"9004155",371989,2025-05-29 06:47:36,42.5485191345215,-8.93885040283203,"Female"
"9004155",371989,2025-05-29 06:52:36,42.5485191345215,-8.93880748748779,"Female"
"9004155",371989,2025-05-29 06:57:36,42.5484085083008,-8.93884468078613,"Female"
"9004155",371989,2025-05-29 07:02:36,42.5486335754395,-8.9389066696167,"Female"
"9004155",371989,2025-05-29 07:07:36,42.5486373901367,-8.93890380859375,"Female"
"9004155",371989,2025-05-29 07:12:37,42.5487480163574,-8.93899154663086,"Female"
"9004155",371989,2025-05-29 07:17:36,42.5486030578613,-8.93880081176758,"Female"
"9004155",371989,2025-05-29 07:22:36,42.549446105957,-8.93913269042969,"Female"
"9004155",371989,2025-05-29 07:27:36,42.5494041442871,-8.93909931182861,"Female"
"9004155",371989,2025-05-29 07:32:36,42.5497703552246,-8.93923759460449,"Female"
"9004155",371989,2025-05-29 07:37:41,42.5493927001953,-8.93912982940674,"Female"
"9004155",371989,2025-05-29 07:42:36,42.5493850708008,-8.93921947479248,"Female"
"9004155",371989,2025-05-29 07:47:36,42.5494537353516,-8.93912887573242,"Female"
"9004155",371989,2025-05-29 07:52:36,42.5495681762695,-8.93914127349854,"Female"
"9004155",371989,2025-05-29 07:57:36,42.5497055053711,-8.93920421600342,"Female"
"9004155",371989,2025-05-29 08:02:36,42.5496482849121,-8.93923854827881,"Female"
"9004155",371989,2025-05-29 08:07:37,42.549674987793,-8.93916988372803,"Female"
"9004155",371989,2025-05-29 08:12:36,42.5496597290039,-8.93906688690186,"Female"
"9004155",371989,2025-05-29 08:17:36,42.549243927002,-8.9390697479248,"Female"
"9004155",371989,2025-05-29 08:22:36,42.5493507385254,-8.9390115737915,"Female"
"9004155",371989,2025-05-29 08:27:34,42.5491523742676,-8.9390869140625,"Female"
"9004155",371989,2025-05-29 08:32:37,42.5497512817383,-8.93906402587891,"Female"
"9004155",371989,2025-05-29 08:37:37,42.5498542785645,-8.93906497955322,"Female"
"9004155",371989,2025-05-29 08:42:37,42.5498657226562,-8.93901634216309,"Female"
"9004155",371989,2025-05-29 08:47:37,42.5497779846191,-8.93900012969971,"Female"
"9004155",371989,2025-05-29 08:52:37,42.5497932434082,-8.93897151947021,"Female"
"9004155",371989,2025-05-29 08:57:37,42.5497856140137,-8.93902969360352,"Female"
"9004155",371989,2025-05-29 09:02:36,42.5498924255371,-8.93906116485596,"Female"
"9004155",371989,2025-05-29 09:07:38,42.5497665405273,-8.93907070159912,"Female"
"9004155",371989,2025-05-29 09:12:42,42.5496063232422,-8.93911457061768,"Female"
"9004155",371989,2025-05-29 09:17:36,42.549617767334,-8.93906688690186,"Female"
"9004155",371989,2025-05-29 09:22:36,42.5495910644531,-8.93902111053467,"Female"
"9004155",371989,2025-05-29 09:27:37,42.5495834350586,-8.93908405303955,"Female"
"9004155",371989,2025-05-29 09:32:36,42.5496673583984,-8.93900871276855,"Female"
"9004155",371989,2025-05-29 09:37:36,42.5497856140137,-8.93899631500244,"Female"
"9004155",371989,2025-05-29 09:42:36,42.549690246582,-8.93895435333252,"Female"
"9004155",371989,2025-05-29 09:47:36,42.5496864318848,-8.93899917602539,"Female"
"9004155",371989,2025-05-29 09:52:36,42.5495948791504,-8.93895435333252,"Female"
"9004155",371989,2025-05-29 09:57:36,42.5495910644531,-8.9390230178833,"Female"
"9004155",371989,2025-05-29 10:02:36,42.549617767334,-8.93898868560791,"Female"
"9004155",371989,2025-05-29 10:07:36,42.5497055053711,-8.9390344619751,"Female"
"9004155",371989,2025-05-29 10:12:36,42.5494766235352,-8.93896389007568,"Female"
"9004155",371989,2025-05-29 10:17:36,42.5495872497559,-8.93921852111816,"Female"
"9004155",371989,2025-05-29 10:22:37,42.5495681762695,-8.93894195556641,"Female"
"9004155",371989,2025-05-29 10:27:39,42.5496711730957,-8.93897533416748,"Female"
"9004155",371989,2025-05-29 10:32:36,42.5495567321777,-8.93889904022217,"Female"
"9004155",371989,2025-05-29 10:37:36,42.5495262145996,-8.93905925750732,"Female"
"9004155",371989,2025-05-29 10:42:36,42.5495147705078,-8.93900012969971,"Female"
"9004155",371989,2025-05-29 10:47:36,42.5494766235352,-8.93929290771484,"Female"
"9004155",371989,2025-05-29 10:52:37,42.5566482543945,-8.91948413848877,"Female"
"9004155",371989,2025-05-29 10:57:37,42.5790939331055,-8.87845611572266,"Female"
"9004155",371989,2025-05-29 11:02:38,42.6047592163086,-8.83823680877686,"Female"
"9004155",371989,2025-05-29 11:08:15,42.611686706543,-8.8236141204834,"Female"
"9004155",371989,2025-05-29 11:13:40,42.6117210388184,-8.82461547851562,"Female"
"9004155",371989,2025-05-29 11:18:40,42.6117210388184,-8.82364749908447,"Female"
"9004155",371989,2025-05-29 11:23:40,42.6120300292969,-8.8243522644043,"Female"
"9004155",371989,2025-05-29 11:28:40,42.6118698120117,-8.82418727874756,"Female"
"9004155",371989,2025-05-29 11:33:42,42.611499786377,-8.82387924194336,"Female"
"9004155",371989,2025-05-29 11:38:40,42.6118354797363,-8.8241662979126,"Female"
"9004155",371989,2025-05-29 11:43:41,42.6118927001953,-8.82414531707764,"Female"
"9004155",371989,2025-05-29 11:48:41,42.6113090515137,-8.82445526123047,"Female"
"9004155",371989,2025-05-29 11:53:46,42.6115112304688,-8.82357311248779,"Female"
"9004155",371989,2025-05-29 11:58:40,42.6117897033691,-8.82687473297119,"Female"
"9004155",371989,2025-05-29 12:03:41,42.6123085021973,-8.82282066345215,"Female"
"9004155",371989,2025-05-29 12:08:43,42.6128616333008,-8.82299709320068,"Female"
"9004155",371989,2025-05-29 12:13:41,42.6127433776855,-8.82284832000732,"Female"
"9004155",371989,2025-05-29 12:18:41,42.6127853393555,-8.82286548614502,"Female"
"9004155",371989,2025-05-29 12:23:41,42.6127738952637,-8.82281112670898,"Female"
"9004155",371989,2025-05-29 12:28:41,42.6128883361816,-8.82291221618652,"Female"
"9004155",371989,2025-05-29 12:33:47,42.6139602661133,-8.82324314117432,"Female"
"9004155",371989,2025-05-29 12:39:02,42.613956451416,-8.8238353729248,"Female"
"9004155",371989,2025-05-29 12:44:03,42.614315032959,-8.82340621948242,"Female"
"9004155",371989,2025-05-29 12:49:02,42.6142349243164,-8.82339763641357,"Female"
"9004155",371989,2025-05-29 12:54:01,42.6142845153809,-8.82336235046387,"Female"
"9004155",371989,2025-05-29 12:59:02,42.6140289306641,-8.82319450378418,"Female"
"9004155",371989,2025-05-29 13:04:02,42.614501953125,-8.82345294952393,"Female"
"9004155",371989,2025-05-29 13:09:00,42.6149520874023,-8.82386684417725,"Female"
"9004155",371989,2025-05-29 13:14:01,42.6140594482422,-8.82328510284424,"Female"
"9004155",371989,2025-05-29 13:19:02,42.6142997741699,-8.82340145111084,"Female"
"9004155",371989,2025-05-29 13:24:01,42.6145553588867,-8.82332324981689,"Female"
"9004155",371989,2025-05-29 13:29:01,42.6142463684082,-8.82337379455566,"Female"
"9004155",371989,2025-05-29 13:34:03,42.6147422790527,-8.8233814239502,"Female"
"9004155",371989,2025-05-29 13:39:02,42.6145210266113,-8.82336616516113,"Female"
"9004155",371989,2025-05-29 13:44:02,42.6140174865723,-8.82310676574707,"Female"
"9004155",371989,2025-05-29 13:49:02,42.6143836975098,-8.82345581054688,"Female"
"9004155",371989,2025-05-29 13:54:01,42.6144943237305,-8.82351207733154,"Female"
"9004155",371989,2025-05-29 13:59:24,42.615406036377,-8.82023620605469,"Female"
"9004155",371989,2025-05-29 14:05:06,42.6155395507812,-8.82002639770508,"Female"
"9004155",371989,2025-05-29 14:10:02,42.6153945922852,-8.81998634338379,"Female"
"9004155",371989,2025-05-29 14:17:07,42.6136474609375,-8.82246112823486,"Female"
"9004155",371989,2025-05-29 14:21:37,42.6144828796387,-8.82200908660889,"Female"
"9004155",371989,2025-05-29 14:26:37,42.614501953125,-8.82202625274658,"Female"
"9004155",371989,2025-05-29 14:31:37,42.6142654418945,-8.82247257232666,"Female"
"9004155",371989,2025-05-29 14:36:38,42.6143531799316,-8.8222131729126,"Female"
"9004155",371989,2025-05-29 14:41:37,42.6142768859863,-8.82228469848633,"Female"
"9004155",371989,2025-05-29 14:46:37,42.6147041320801,-8.82252502441406,"Female"
"9004155",371989,2025-05-29 14:51:37,42.6144790649414,-8.82234668731689,"Female"
"9004155",371989,2025-05-29 14:56:37,42.6143951416016,-8.82220649719238,"Female"
"9004155",371989,2025-05-29 15:01:39,42.6142120361328,-8.82210350036621,"Female"
"9004155",371989,2025-05-29 15:06:37,42.6143646240234,-8.8222074508667,"Female"
"9004155",371989,2025-05-29 15:11:39,42.6142425537109,-8.82218074798584,"Female"
"9004155",371989,2025-05-29 15:16:44,42.6142539978027,-8.82214641571045,"Female"
"9004155",371989,2025-05-29 15:21:36,42.6142311096191,-8.8220739364624,"Female"
"9004155",371989,2025-05-29 15:26:36,42.6142349243164,-8.82140731811523,"Female"
"9004155",371989,2025-05-29 15:31:41,42.6142044067383,-8.82001686096191,"Female"
"9004155",371989,2025-05-29 15:36:37,42.6149940490723,-8.81879138946533,"Female"
"9004155",371989,2025-05-29 15:41:36,42.6155128479004,-8.81868648529053,"Female"
"9004155",371989,2025-05-29 15:47:12,42.6156806945801,-8.8178539276123,"Female"
"9004155",371989,2025-05-29 15:52:44,42.6154556274414,-8.81761646270752,"Female"
"9004155",371989,2025-05-29 15:57:09,42.6153182983398,-8.81866645812988,"Female"
"9004155",371989,2025-05-29 16:02:06,42.6152496337891,-8.81851482391357,"Female"
"9004155",371989,2025-05-29 16:07:06,42.6153450012207,-8.81858348846436,"Female"
"9004155",371989,2025-05-29 16:12:09,42.615306854248,-8.81852054595947,"Female"
"9004155",371989,2025-05-29 16:17:10,42.6155166625977,-8.81872940063477,"Female"
"9004155",371989,2025-05-29 16:22:09,42.6154556274414,-8.81872940063477,"Female"
"9004155",371989,2025-05-29 16:27:08,42.6154594421387,-8.81863594055176,"Female"
"9004155",371989,2025-05-29 16:32:09,42.6154022216797,-8.81871318817139,"Female"
"9004155",371989,2025-05-29 16:37:09,42.6154708862305,-8.81888675689697,"Female"
"9004155",371989,2025-05-29 16:42:09,42.6153564453125,-8.81872653961182,"Female"
"9004155",371989,2025-05-29 16:48:52,42.6152458190918,-8.82018375396729,"Female"
"9004155",371989,2025-05-29 16:55:37,42.6148567199707,-8.82038688659668,"Female"
"9004155",371989,2025-05-29 17:00:43,42.6149711608887,-8.82122898101807,"Female"
"9004155",371989,2025-05-29 17:05:56,42.6140060424805,-8.82240676879883,"Female"
"9004155",371989,2025-05-29 17:10:37,42.6144142150879,-8.82285785675049,"Female"
"9004155",371989,2025-05-29 17:15:39,42.6143379211426,-8.82271766662598,"Female"
"9004155",371989,2025-05-29 17:20:39,42.6143569946289,-8.82273769378662,"Female"
"9004155",371989,2025-05-29 17:25:33,42.6143913269043,-8.82278633117676,"Female"
"9004155",371989,2025-05-29 17:30:44,42.6141014099121,-8.8224515914917,"Female"
"9004155",371989,2025-05-29 17:35:33,42.6141700744629,-8.82224655151367,"Female"
"9004155",371989,2025-05-29 17:40:33,42.6138496398926,-8.8222188949585,"Female"
"9004155",371989,2025-05-29 17:45:33,42.6138610839844,-8.82226276397705,"Female"
"9004155",371989,2025-05-29 17:50:33,42.6138648986816,-8.82227516174316,"Female"
"9004155",371989,2025-05-29 17:55:37,42.6137046813965,-8.82216644287109,"Female"
"9004155",371989,2025-05-29 18:00:37,42.6138687133789,-8.8222541809082,"Female"
"9004155",371989,2025-05-29 18:05:36,42.6137008666992,-8.82216930389404,"Female"
"9004155",371989,2025-05-29 18:10:39,42.6136169433594,-8.82220554351807,"Female"
"9004155",371989,2025-05-29 18:15:44,42.6138191223145,-8.82223224639893,"Female"
"9004155",371989,2025-05-29 18:20:33,42.6137580871582,-8.82211112976074,"Female"
"9004155",371989,2025-05-29 18:25:34,42.6136245727539,-8.82213973999023,"Female"
"9004155",371989,2025-05-29 18:30:33,42.6138076782227,-8.82211017608643,"Female"
"9004155",371989,2025-05-29 18:35:36,42.6132545471191,-8.82301330566406,"Female"
"9004155",371989,2025-05-29 18:40:38,42.6025390625,-8.85747909545898,"Female"
"9004155",371989,2025-05-29 18:46:05,42.5765266418457,-8.90131950378418,"Female"
"9004155",371989,2025-05-29 18:50:47,42.5532608032227,-8.93641567230225,"Female"
"9004155",371989,2025-05-29 18:55:43,42.5487823486328,-8.93887996673584,"Female"
"9004155",371989,2025-05-29 19:00:33,42.5487670898438,-8.93885231018066,"Female"
"9004155",371989,2025-05-29 19:05:33,42.5486297607422,-8.93893814086914,"Female"
"9004155",371989,2025-05-29 19:10:33,42.5487403869629,-8.93878078460693,"Female"
"9004155",371989,2025-05-29 19:15:33,42.5487670898438,-8.93911933898926,"Female"
"9004155",371989,2025-05-29 19:20:37,42.5487899780273,-8.93893337249756,"Female"
"9004155",371989,2025-05-29 19:25:33,42.5488319396973,-8.9389820098877,"Female"
"9004155",371989,2025-05-29 19:30:33,42.5487899780273,-8.93910026550293,"Female"
"9004155",371989,2025-05-29 19:35:33,42.548828125,-8.93898391723633,"Female"
"9004155",371989,2025-05-29 19:40:33,42.5487632751465,-8.93890380859375,"Female"
"9004155",371989,2025-05-29 19:45:36,42.5487213134766,-8.93882751464844,"Female"
"9004155",371989,2025-05-29 19:50:37,42.5488662719727,-8.93917751312256,"Female"
"9004155",371989,2025-05-29 19:55:33,42.5489120483398,-8.93899059295654,"Female"
"9004155",371989,2025-05-29 20:00:39,42.549129486084,-8.94002056121826,"Female"
"9004155",371989,2025-05-29 20:05:33,42.5488471984863,-8.93898868560791,"Female"
"9004155",371989,2025-05-29 20:10:33,42.5488204956055,-8.939040184021,"Female"
"9004155",371989,2025-05-29 20:15:33,42.5487747192383,-8.9389820098877,"Female"
"9004155",371989,2025-05-29 20:20:33,42.5486907958984,-8.93908977508545,"Female"
"9004155",371989,2025-05-29 20:25:33,42.5487365722656,-8.93914890289307,"Female"
"9004155",371989,2025-05-29 20:30:34,42.5490036010742,-8.93919086456299,"Female"
"9004155",371989,2025-05-29 20:35:36,42.5487174987793,-8.93886470794678,"Female"
"9004155",371989,2025-05-29 20:40:39,42.5487442016602,-8.93900585174561,"Female"
"9004155",371989,2025-05-29 20:45:43,42.5487442016602,-8.93897247314453,"Female"
"9004155",371989,2025-05-29 20:50:39,42.5486602783203,-8.93888568878174,"Female"
"9004155",371989,2025-05-29 20:55:39,42.5486602783203,-8.93886470794678,"Female"
"9004155",371989,2025-05-29 21:00:39,42.5486602783203,-8.93895244598389,"Female"
"9004155",371989,2025-05-29 21:05:39,42.5486488342285,-8.9388599395752,"Female"
"9004155",371989,2025-05-29 21:10:40,42.5486488342285,-8.93900775909424,"Female"
"9004155",371989,2025-05-29 21:15:33,42.5480918884277,-8.93899059295654,"Female"
"9004155",371989,2025-05-29 21:20:36,42.548641204834,-8.93892860412598,"Female"
"9004155",371989,2025-05-29 21:25:34,42.5486297607422,-8.9389762878418,"Female"
"9004155",371989,2025-05-29 21:30:34,42.548641204834,-8.93893909454346,"Female"
"9004155",371989,2025-05-29 21:35:36,42.5486450195312,-8.93896865844727,"Female"
"9004155",371989,2025-05-29 21:40:34,42.5485992431641,-8.93889617919922,"Female"
"9004155",371989,2025-05-29 21:45:37,42.5486297607422,-8.93888759613037,"Female"
"9004155",371989,2025-05-29 21:50:38,42.5486640930176,-8.93899631500244,"Female"
"9004155",371989,2025-05-29 21:55:36,42.5486068725586,-8.93892002105713,"Female"
"9004155",371989,2025-05-29 22:00:37,42.5485916137695,-8.93892955780029,"Female"
"9004155",371989,2025-05-29 22:05:38,42.5490837097168,-8.93892097473145,"Female"
"9004155",371989,2025-05-29 22:10:42,42.5484428405762,-8.93859958648682,"Female"
"9004155",371989,2025-05-29 22:15:36,42.5486869812012,-8.93882846832275,"Female"
"9004155",371989,2025-05-29 22:20:36,42.5485877990723,-8.93884944915771,"Female"
"9004155",371989,2025-05-29 22:25:36,42.5486221313477,-8.9389009475708,"Female"
"9004155",371989,2025-05-29 22:30:34,42.548698425293,-8.93901443481445,"Female"
"9004155",371989,2025-05-29 22:35:37,42.5488014221191,-8.93924045562744,"Female"
"9004155",371989,2025-05-29 22:40:34,42.548656463623,-8.93897533416748,"Female"
"9004155",371989,2025-05-29 22:45:39,42.5495452880859,-8.93982219696045,"Female"
"9004155",371989,2025-05-29 22:50:37,42.5492248535156,-8.93906402587891,"Female"
"9004155",371989,2025-05-29 22:55:44,42.5498466491699,-8.940354347229,"Female"
"9004155",371989,2025-05-29 23:00:36,42.5499610900879,-8.94026565551758,"Female"
"9004155",371989,2025-05-29 23:05:39,42.5496597290039,-8.94022083282471,"Female"
"9004155",371989,2025-05-29 23:10:33,42.5495109558105,-8.93992519378662,"Female"
"9004155",371989,2025-05-29 23:15:33,42.5496025085449,-8.94020938873291,"Female"
"9004155",371989,2025-05-29 23:20:33,42.5494232177734,-8.93991851806641,"Female"
"9004155",371989,2025-05-29 23:25:33,42.5493965148926,-8.93986415863037,"Female"
"9004155",371989,2025-05-29 23:30:33,42.5494918823242,-8.93996047973633,"Female"
"9004155",371989,2025-05-29 23:35:34,42.5495719909668,-8.94007873535156,"Female"
"9004155",371989,2025-05-29 23:40:36,42.5496101379395,-8.94014358520508,"Female"
"9004155",371989,2025-05-29 23:45:37,42.5495986938477,-8.9403657913208,"Female"
"9004155",371989,2025-05-29 23:50:38,42.5495491027832,-8.94027328491211,"Female"
"9004155",371989,2025-05-29 23:55:37,42.549560546875,-8.94028949737549,"Female"
"9004155",371989,2025-05-30 00:01:05,42.5484733581543,-8.93884563446045,"Female"
"9004155",371989,2025-05-30 00:05:33,42.548511505127,-8.93882751464844,"Female"
"9004155",371989,2025-05-30 00:10:34,42.5485496520996,-8.93881416320801,"Female"
"9004155",371989,2025-05-30 00:15:33,42.548526763916,-8.93882942199707,"Female"
"9004155",371989,2025-05-30 00:20:32,42.5485305786133,-8.93883609771729,"Female"
"9004155",371989,2025-05-30 00:25:32,42.5484771728516,-8.9387845993042,"Female"
"9004155",371989,2025-05-30 00:30:33,42.5485191345215,-8.93877792358398,"Female"
"9004155",371989,2025-05-30 00:35:32,42.548583984375,-8.93888187408447,"Female"
"9004155",371989,2025-05-30 00:40:32,42.548454284668,-8.93881988525391,"Female"
"9004155",371989,2025-05-30 00:45:32,42.548526763916,-8.93882846832275,"Female"
"9004155",371989,2025-05-30 00:50:33,42.5485649108887,-8.93885326385498,"Female"
"9004155",371989,2025-05-30 00:55:32,42.5485229492188,-8.93883228302002,"Female"
"9004155",371989,2025-05-30 01:00:32,42.5485076904297,-8.9388313293457,"Female"
"9004155",371989,2025-05-30 01:05:33,42.548511505127,-8.93882942199707,"Female"
"9004155",371989,2025-05-30 01:10:33,42.5485229492188,-8.93889427185059,"Female"
"9004155",371989,2025-05-30 01:15:32,42.5484352111816,-8.93877124786377,"Female"
"9004155",371989,2025-05-30 01:20:32,42.5484848022461,-8.93882942199707,"Female"
"9004155",371989,2025-05-30 01:25:33,42.5484962463379,-8.93884658813477,"Female"
"9004155",371989,2025-05-30 01:30:33,42.548511505127,-8.93883514404297,"Female"
"9004155",371989,2025-05-30 01:35:33,42.5485458374023,-8.9389181137085,"Female"
"9004155",371989,2025-05-30 01:40:33,42.5485382080078,-8.93884086608887,"Female"
"9004155",371989,2025-05-30 01:45:33,42.5485725402832,-8.93890762329102,"Female"
"9004155",371989,2025-05-30 01:50:33,42.5485305786133,-8.93886470794678,"Female"
"9004155",371989,2025-05-30 01:55:33,42.5485191345215,-8.93882656097412,"Female"
"9004155",371989,2025-05-30 02:00:39,42.5485534667969,-8.93892288208008,"Female"
"9004155",371989,2025-05-30 02:05:34,42.5484924316406,-8.93888854980469,"Female"
"9004155",371989,2025-05-30 02:10:33,42.5484848022461,-8.93882179260254,"Female"
"9004155",371989,2025-05-30 02:15:33,42.5485725402832,-8.9388427734375,"Female"
"9004155",371989,2025-05-30 02:20:36,42.5485801696777,-8.93888282775879,"Female"
"9004155",371989,2025-05-30 02:25:34,42.5485877990723,-8.93901348114014,"Female"
"9004155",371989,2025-05-30 02:30:34,42.5485992431641,-8.93894672393799,"Female"
"9004155",371989,2025-05-30 02:35:36,42.5486145019531,-8.93885898590088,"Female"
"9004155",371989,2025-05-30 02:40:36,42.5486221313477,-8.9390983581543,"Female"
"9004155",371989,2025-05-30 02:45:36,42.548526763916,-8.93887901306152,"Female"
"9004155",371989,2025-05-30 02:50:41,42.5485458374023,-8.93902587890625,"Female"
"9004155",371989,2025-05-30 02:55:34,42.5485572814941,-8.93913459777832,"Female"
"9004155",371989,2025-05-30 03:00:38,42.5485572814941,-8.93882846832275,"Female"
"9004155",371989,2025-05-30 03:05:33,42.5487518310547,-8.93860149383545,"Female"
"9004155",371989,2025-05-30 03:10:44,42.5483703613281,-8.93875885009766,"Female"
"9004155",371989,2025-05-30 03:15:36,42.5485572814941,-8.9388256072998,"Female"
"9004155",371989,2025-05-30 03:20:33,42.5485153198242,-8.93892574310303,"Female"
"9004155",371989,2025-05-30 03:25:33,42.5485420227051,-8.93896389007568,"Female"
"9004155",371989,2025-05-30 03:30:33,42.5485992431641,-8.93900203704834,"Female"
"9004155",371989,2025-05-30 03:35:33,42.5485191345215,-8.93910217285156,"Female"
"9004155",371989,2025-05-30 03:40:33,42.548469543457,-8.93889427185059,"Female"
"9004155",371989,2025-05-30 03:45:42,42.5487098693848,-8.93887138366699,"Female"
"9004155",371989,2025-05-30 03:50:34,42.5486717224121,-8.93900871276855,"Female"
"9004155",371989,2025-05-30 03:55:37,42.548713684082,-8.93903636932373,"Female"
"9004155",371989,2025-05-30 04:00:38,42.548641204834,-8.9389009475708,"Female"
"9004155",371989,2025-05-30 04:05:37,42.5486679077148,-8.93878173828125,"Female"
"9004155",371989,2025-05-30 04:10:37,42.5486602783203,-8.93887042999268,"Female"
"9004155",371989,2025-05-30 04:15:35,42.5487174987793,-8.93897151947021,"Female"
"9004155",371989,2025-05-30 04:20:38,42.5485496520996,-8.93894004821777,"Female"
"9004155",371989,2025-05-30 04:25:43,42.5485382080078,-8.93883609771729,"Female"
"9004155",371989,2025-05-30 04:30:33,42.5485343933105,-8.93892002105713,"Female"
"9004155",371989,2025-05-30 04:35:33,42.5484962463379,-8.93886089324951,"Female"
"9004155",371989,2025-05-30 04:40:33,42.5482597351074,-8.93898010253906,"Female"
"9004155",371989,2025-05-30 04:45:44,42.5485954284668,-8.93880653381348,"Female"
"9004155",371989,2025-05-30 04:50:37,42.5485420227051,-8.93903350830078,"Female"
"9004155",371989,2025-05-30 04:55:40,42.5484619140625,-8.93899822235107,"Female"
"9004155",371989,2025-05-30 05:00:33,42.548469543457,-8.9389476776123,"Female"
"9004155",371989,2025-05-30 05:05:39,42.5485649108887,-8.9387035369873,"Female"
"9004155",371989,2025-05-30 05:10:38,42.5485610961914,-8.93898010253906,"Female"
"9004155",371989,2025-05-30 05:15:39,42.5484886169434,-8.93877220153809,"Female"
"9004155",371989,2025-05-30 05:20:39,42.5494346618652,-8.93917369842529,"Female"
"9004155",371989,2025-05-30 05:25:39,42.5495223999023,-8.93909072875977,"Female"
"9004155",371989,2025-05-30 05:30:39,42.5495529174805,-8.93892002105713,"Female"
"9004155",371989,2025-05-30 05:35:39,42.5493698120117,-8.93899822235107,"Female"
"9004155",371989,2025-05-30 05:40:39,42.5495643615723,-8.93880844116211,"Female"
"9004155",371989,2025-05-30 05:46:05,42.5493278503418,-8.93910694122314,"Female"
"9004155",371989,2025-05-30 05:50:32,42.5492973327637,-8.93914127349854,"Female"
"9004155",371989,2025-05-30 05:55:32,42.5493278503418,-8.93917655944824,"Female"
"9004155",371989,2025-05-30 06:00:32,42.5493240356445,-8.9391393661499,"Female"
"9004155",371989,2025-05-30 06:05:33,42.5494003295898,-8.93912315368652,"Female"
"9004155",371989,2025-05-30 06:10:33,42.5493545532227,-8.9391508102417,"Female"
"9004155",371989,2025-05-30 06:15:33,42.5493850708008,-8.93915557861328,"Female"
"9004155",371989,2025-05-30 06:20:33,42.5494194030762,-8.93911170959473,"Female"
"9004155",371989,2025-05-30 06:25:33,42.5493354797363,-8.93910789489746,"Female"
"9004155",371989,2025-05-30 06:30:33,42.5493507385254,-8.93910884857178,"Female"
"9004155",371989,2025-05-30 06:35:33,42.5494422912598,-8.93920612335205,"Female"
"9004155",371989,2025-05-30 06:40:34,42.5493125915527,-8.93907260894775,"Female"
"9004155",371989,2025-05-30 06:45:33,42.5493583679199,-8.93907833099365,"Female"
"9004155",371989,2025-05-30 06:50:33,42.5494003295898,-8.93914318084717,"Female"
"9004155",371989,2025-05-30 06:55:33,42.5493392944336,-8.93910980224609,"Female"
"9004155",371989,2025-05-30 07:00:33,42.5494232177734,-8.9392032623291,"Female"
"9004155",371989,2025-05-30 07:05:33,42.5493812561035,-8.93917560577393,"Female"
"9004155",371989,2025-05-30 07:10:33,42.5493583679199,-8.93916988372803,"Female"
"9004155",371989,2025-05-30 07:15:33,42.5493087768555,-8.9390869140625,"Female"
"9004155",371989,2025-05-30 07:20:33,42.5493469238281,-8.93919086456299,"Female"
"9004155",371989,2025-05-30 07:25:33,42.5493659973145,-8.93916988372803,"Female"
"9004155",371989,2025-05-30 07:30:33,42.5493316650391,-8.93915271759033,"Female"
"9004155",371989,2025-05-30 07:35:33,42.5493507385254,-8.93907165527344,"Female"
"9004155",371989,2025-05-30 07:40:33,42.549373626709,-8.93910789489746,"Female"
"9004155",371989,2025-05-30 07:45:33,42.5494232177734,-8.93880176544189,"Female"
"9004155",371989,2025-05-30 07:50:33,42.5493125915527,-8.9391508102417,"Female"
"9004155",371989,2025-05-30 07:55:33,42.5494613647461,-8.93929195404053,"Female"
"9004155",371989,2025-05-30 08:00:33,42.5493621826172,-8.93915557861328,"Female"
"9004155",371989,2025-05-30 08:05:34,42.5493774414062,-8.9391393661499,"Female"
"9004155",371989,2025-05-30 08:10:34,42.549430847168,-8.9392261505127,"Female"
"9004155",371989,2025-05-30 08:15:33,42.5493621826172,-8.93915843963623,"Female"
"9004155",371989,2025-05-30 08:20:34,42.5494232177734,-8.93912410736084,"Female"
"9004155",371989,2025-05-30 08:25:37,42.5494384765625,-8.93897819519043,"Female"
"9004155",371989,2025-05-30 08:30:39,42.5493316650391,-8.9391040802002,"Female"
"9004155",371989,2025-05-30 08:35:39,42.5496444702148,-8.93878173828125,"Female"
"9004155",371989,2025-05-30 08:40:39,42.5494499206543,-8.93896579742432,"Female"
"9004155",371989,2025-05-30 08:45:39,42.549446105957,-8.93895721435547,"Female"
"9004155",371989,2025-05-30 08:50:33,42.5616340637207,-8.91952991485596,"Female"
"9004155",371989,2025-05-30 08:55:33,42.5814437866211,-8.89303207397461,"Female"
"9004155",371989,2025-05-30 09:00:33,42.5996704101562,-8.86396884918213,"Female"
"9004155",371989,2025-05-30 09:05:40,42.6108779907227,-8.84507369995117,"Female"
"9004155",371989,2025-05-30 09:11:12,42.6126289367676,-8.83844566345215,"Female"
"9004155",371989,2025-05-30 09:16:56,42.6130065917969,-8.83792877197266,"Female"
"9004155",371989,2025-05-30 09:22:03,42.6126480102539,-8.83792972564697,"Female"
"9004155",371989,2025-05-30 09:26:55,42.6124572753906,-8.83816337585449,"Female"
"9004155",371989,2025-05-30 09:31:54,42.6125411987305,-8.83812522888184,"Female"
"9004155",371989,2025-05-30 09:36:54,42.6124801635742,-8.83809566497803,"Female"
"9004155",371989,2025-05-30 09:41:55,42.6125068664551,-8.83795833587646,"Female"
"9004155",371989,2025-05-30 09:47:08,42.6127471923828,-8.8380298614502,"Female"
"9004155",371989,2025-05-30 09:52:11,42.6125335693359,-8.83804988861084,"Female"
"9004155",371989,2025-05-30 09:56:55,42.6126174926758,-8.83812236785889,"Female"
"9004155",371989,2025-05-30 10:01:55,42.6123809814453,-8.83770942687988,"Female"
"9004155",371989,2025-05-30 10:06:55,42.6124992370605,-8.83791637420654,"Female"
"9004155",371989,2025-05-30 10:11:55,42.6123237609863,-8.83772087097168,"Female"
"9004155",371989,2025-05-30 10:16:55,42.6123733520508,-8.83777523040771,"Female"
"9004155",371989,2025-05-30 10:21:55,42.6126670837402,-8.83816814422607,"Female"
"9004155",371989,2025-05-30 10:26:58,42.6117630004883,-8.83649063110352,"Female"
"9004155",371989,2025-05-30 10:31:55,42.614372253418,-8.81504344940186,"Female"
"9004155",371989,2025-05-30 10:37:17,42.6147079467773,-8.81489276885986,"Female"
"9004155",371989,2025-05-30 10:42:49,42.6145668029785,-8.81460189819336,"Female"
"9004155",371989,2025-05-30 10:48:10,42.6148147583008,-8.81487560272217,"Female"
"9004155",371989,2025-05-30 10:52:47,42.6147804260254,-8.81486415863037,"Female"
"9004155",371989,2025-05-30 10:57:48,42.6154937744141,-8.81520748138428,"Female"
"9004155",371989,2025-05-30 11:02:47,42.6151123046875,-8.81507968902588,"Female"
"9004155",371989,2025-05-30 11:07:48,42.6153259277344,-8.81528091430664,"Female"
"9004155",371989,2025-05-30 11:13:00,42.6147804260254,-8.81490898132324,"Female"
"9004155",371989,2025-05-30 11:17:47,42.614803314209,-8.81495380401611,"Female"
"9004155",371989,2025-05-30 11:22:48,42.6144981384277,-8.81485939025879,"Female"
"9004155",371989,2025-05-30 11:27:47,42.6146011352539,-8.81489372253418,"Female"
"9004155",371989,2025-05-30 11:32:47,42.6145401000977,-8.81486225128174,"Female"
"9004155",371989,2025-05-30 11:37:48,42.614803314209,-8.81499671936035,"Female"
"9004155",371989,2025-05-30 11:42:49,42.6149711608887,-8.81517791748047,"Female"
"9004155",371989,2025-05-30 11:48:05,42.6148109436035,-8.81493949890137,"Female"
"9004155",371989,2025-05-30 11:52:47,42.6148414611816,-8.81490707397461,"Female"
"9004155",371989,2025-05-30 11:57:47,42.6148376464844,-8.81494522094727,"Female"
"9004155",371989,2025-05-30 12:02:47,42.6147842407227,-8.81488704681396,"Female"
"9004155",371989,2025-05-30 12:07:47,42.6148452758789,-8.81488609313965,"Female"
"9004155",371989,2025-05-30 12:13:26,42.6147384643555,-8.81529235839844,"Female"
"9004155",371989,2025-05-30 12:18:43,42.6154441833496,-8.81583023071289,"Female"
"9004155",371989,2025-05-30 12:23:55,42.6153717041016,-8.81610774993896,"Female"
"9004155",371989,2025-05-30 12:28:58,42.6156578063965,-8.81573867797852,"Female"
"9004155",371989,2025-05-30 12:33:58,42.6157379150391,-8.81563949584961,"Female"
"9004155",371989,2025-05-30 12:38:58,42.6156959533691,-8.81559276580811,"Female"
"9004155",371989,2025-05-30 12:43:58,42.6156959533691,-8.81546878814697,"Female"
"9004155",371989,2025-05-30 12:48:58,42.615665435791,-8.81554126739502,"Female"
"9004155",371989,2025-05-30 12:53:58,42.6156997680664,-8.81546497344971,"Female"
"9004155",371989,2025-05-30 12:58:58,42.6157341003418,-8.81544589996338,"Female"
"9004155",371989,2025-05-30 13:03:58,42.6156730651855,-8.81548595428467,"Female"
"9004155",371989,2025-05-30 13:08:59,42.6156539916992,-8.81542301177979,"Female"
"9004155",371989,2025-05-30 13:13:58,42.6159896850586,-8.81602001190186,"Female"
"9004155",371989,2025-05-30 13:18:58,42.6156272888184,-8.81516456604004,"Female"
"9004155",371989,2025-05-30 13:23:58,42.6156616210938,-8.81536293029785,"Female"
"9004155",371989,2025-05-30 13:28:58,42.615665435791,-8.81526374816895,"Female"
"9004155",371989,2025-05-30 13:33:58,42.6156692504883,-8.81526374816895,"Female"
"9004155",371989,2025-05-30 13:38:58,42.6156425476074,-8.81531524658203,"Female"
"9004155",371989,2025-05-30 13:44:14,42.6157341003418,-8.81554412841797,"Female"
"9004155",371989,2025-05-30 13:48:58,42.6157531738281,-8.81551170349121,"Female"
"9004155",371989,2025-05-30 13:53:58,42.6157569885254,-8.81572437286377,"Female"
"9004155",371989,2025-05-30 13:58:58,42.6157493591309,-8.81563377380371,"Female"
"9004155",371989,2025-05-30 14:03:58,42.6156387329102,-8.81579113006592,"Female"
"9004155",371989,2025-05-30 14:08:58,42.615779876709,-8.81572723388672,"Female"
"9004155",371989,2025-05-30 14:13:58,42.6157493591309,-8.81574535369873,"Female"
"9004155",371989,2025-05-30 14:19:01,42.615478515625,-8.81555366516113,"Female"
"9004155",371989,2025-05-30 14:23:59,42.6154098510742,-8.81545734405518,"Female"
"9004155",371989,2025-05-30 14:29:01,42.6157569885254,-8.81538963317871,"Female"
"9004155",371989,2025-05-30 14:33:59,42.6161003112793,-8.81563663482666,"Female"
"9004155",371989,2025-05-30 14:39:01,42.6157302856445,-8.81547927856445,"Female"
"9004155",371989,2025-05-30 14:43:58,42.6159973144531,-8.81569480895996,"Female"
"9004155",371989,2025-05-30 14:49:01,42.615837097168,-8.81550312042236,"Female"
"9004155",371989,2025-05-30 14:54:00,42.6158981323242,-8.81545925140381,"Female"
"9004155",371989,2025-05-30 14:59:01,42.6157531738281,-8.81552219390869,"Female"
"9004155",371989,2025-05-30 15:03:58,42.6159019470215,-8.8154468536377,"Female"
"9004155",371989,2025-05-30 15:08:58,42.6158256530762,-8.81539058685303,"Female"
"9004155",371989,2025-05-30 15:13:58,42.6158409118652,-8.8156099319458,"Female"
"9004155",371989,2025-05-30 15:18:59,42.6157417297363,-8.81551456451416,"Female"
"9004155",371989,2025-05-30 15:23:58,42.6157913208008,-8.81560039520264,"Female"
"9004155",371989,2025-05-30 15:28:59,42.6156425476074,-8.81549453735352,"Female"
"9004155",371989,2025-05-30 15:33:59,42.6157493591309,-8.81561183929443,"Female"
"9004155",371989,2025-05-30 15:39:01,42.615795135498,-8.81565761566162,"Female"
"9004155",371989,2025-05-30 15:44:01,42.6156692504883,-8.81551456451416,"Female"
"9004155",371989,2025-05-30 15:49:01,42.6157188415527,-8.81558036804199,"Female"
"9004155",371989,2025-05-30 15:54:08,42.6157188415527,-8.8159704208374,"Female"
"9004155",371989,2025-05-30 15:59:15,42.6159057617188,-8.81607627868652,"Female"
"9004155",371989,2025-05-30 16:04:40,42.6156005859375,-8.81585121154785,"Female"
"9004155",371989,2025-05-30 16:09:38,42.6156578063965,-8.81573581695557,"Female"
"9004155",371989,2025-05-30 16:14:38,42.6157264709473,-8.81576156616211,"Female"
"9004155",371989,2025-05-30 16:19:38,42.615795135498,-8.81583118438721,"Female"
"9004155",371989,2025-05-30 16:24:39,42.6157760620117,-8.8159236907959,"Female"
"9004155",371989,2025-05-30 16:29:38,42.6157913208008,-8.8158483505249,"Female"
"9004155",371989,2025-05-30 16:34:39,42.6157989501953,-8.81585884094238,"Female"
"9004155",371989,2025-05-30 16:39:38,42.6157760620117,-8.8158655166626,"Female"
"9004155",371989,2025-05-30 16:44:43,42.6156845092773,-8.81581592559814,"Female"
"9004155",371989,2025-05-30 16:49:40,42.6156692504883,-8.81584453582764,"Female"
"9004155",371989,2025-05-30 16:54:39,42.6157531738281,-8.81597518920898,"Female"
"9004155",371989,2025-05-30 16:59:40,42.6157112121582,-8.81599617004395,"Female"
"9004155",371989,2025-05-30 17:04:39,42.6157188415527,-8.81603240966797,"Female"
"9004155",371989,2025-05-30 17:10:14,42.6157913208008,-8.81600856781006,"Female"
"9004155",371989,2025-05-30 17:14:37,42.6157493591309,-8.81593704223633,"Female"
"9004155",371989,2025-05-30 17:19:39,42.61572265625,-8.81595325469971,"Female"
"9004155",371989,2025-05-30 17:24:38,42.6157379150391,-8.81599617004395,"Female"
"9004155",371989,2025-05-30 17:29:38,42.6157417297363,-8.81595993041992,"Female"
"9004155",371989,2025-05-30 17:34:40,42.6157188415527,-8.8160400390625,"Female"
"9004155",371989,2025-05-30 17:39:38,42.6155433654785,-8.81728649139404,"Female"
"9004155",371989,2025-05-30 17:44:54,42.615478515625,-8.81797313690186,"Female"
"9004155",371989,2025-05-30 17:50:14,42.6152229309082,-8.81905937194824,"Female"
"9004155",371989,2025-05-30 17:54:53,42.6151695251465,-8.81906986236572,"Female"
"9004155",371989,2025-05-30 17:59:53,42.6151123046875,-8.81897449493408,"Female"
"9004155",371989,2025-05-30 18:04:53,42.6151657104492,-8.81891632080078,"Female"
"9004155",371989,2025-05-30 18:09:53,42.6151237487793,-8.81901168823242,"Female"
"9004155",371989,2025-05-30 18:14:53,42.6151733398438,-8.81902027130127,"Female"
"9004155",371989,2025-05-30 18:19:52,42.6152000427246,-8.81903457641602,"Female"
"9004155",371989,2025-05-30 18:24:53,42.6151390075684,-8.81905841827393,"Female"
"9004155",371989,2025-05-30 18:29:53,42.6151351928711,-8.81909275054932,"Female"
"9004155",371989,2025-05-30 18:34:53,42.6044044494629,-8.84518337249756,"Female"
"9004155",371989,2025-05-30 18:39:52,42.5980491638184,-8.85910797119141,"Female"
"9004155",371989,2025-05-30 18:44:53,42.5978775024414,-8.85897350311279,"Female"
"9004155",371989,2025-05-30 18:49:53,42.5979995727539,-8.85916042327881,"Female"
"9004155",371989,2025-05-30 18:54:53,42.5978813171387,-8.8590030670166,"Female"
"9004155",371989,2025-05-30 19:00:23,42.5978965759277,-8.85887813568115,"Female"
"9004155",371989,2025-05-30 19:04:53,42.597972869873,-8.85885810852051,"Female"
"9004155",371989,2025-05-30 19:09:53,42.5980033874512,-8.85894203186035,"Female"
"9004155",371989,2025-05-30 19:14:52,42.5979537963867,-8.85885143280029,"Female"
"9004155",371989,2025-05-30 19:19:53,42.5979461669922,-8.85883331298828,"Female"
"9004155",371989,2025-05-30 19:24:53,42.5978317260742,-8.85894775390625,"Female"
"9004155",371989,2025-05-30 19:29:53,42.5827255249023,-8.8848123550415,"Female"
"9004155",371989,2025-05-30 19:34:53,42.5578536987305,-8.92636108398438,"Female"
"9004155",371989,2025-05-30 19:39:52,42.5485076904297,-8.93880081176758,"Female"
"9004155",371989,2025-05-30 19:44:53,42.5487022399902,-8.9390172958374,"Female"
"9004155",371989,2025-05-30 19:49:53,42.5486373901367,-8.93895244598389,"Female"
"9004155",371989,2025-05-30 19:54:53,42.5488662719727,-8.93941879272461,"Female"
"9004155",371989,2025-05-30 19:59:53,42.5489387512207,-8.93941211700439,"Female"
"9004155",371989,2025-05-30 20:04:53,42.5490303039551,-8.93951416015625,"Female"
"9004155",371989,2025-05-30 20:09:53,42.5490417480469,-8.93957233428955,"Female"
"9004155",371989,2025-05-30 20:14:54,42.5488433837891,-8.93939018249512,"Female"
"9004155",371989,2025-05-30 20:19:54,42.548770904541,-8.93923568725586,"Female"
"9004155",371989,2025-05-30 20:24:53,42.5487747192383,-8.939208984375,"Female"
"9004155",371989,2025-05-30 20:29:53,42.5488090515137,-8.93929386138916,"Female"
"9004155",371989,2025-05-30 20:34:55,42.5489807128906,-8.9394998550415,"Female"
"9004155",371989,2025-05-30 20:39:53,42.5487327575684,-8.93921089172363,"Female"
"9004155",371989,2025-05-30 20:44:53,42.5487518310547,-8.939284324646,"Female"
"9004155",371989,2025-05-30 20:49:54,42.5487785339355,-8.9393310546875,"Female"
"9004155",371989,2025-05-30 20:54:54,42.5487937927246,-8.93938446044922,"Female"
"9004155",371989,2025-05-30 20:59:54,42.5488395690918,-8.93939208984375,"Female"
"9004155",371989,2025-05-30 21:04:54,42.5487937927246,-8.9393892288208,"Female"
"9004155",371989,2025-05-30 21:09:54,42.5487785339355,-8.93930912017822,"Female"
"9004155",371989,2025-05-30 21:14:55,42.5487747192383,-8.93926811218262,"Female"
"9004155",371989,2025-05-30 21:19:54,42.5486335754395,-8.93919563293457,"Female"
"9004155",371989,2025-05-30 21:25:10,42.5487174987793,-8.93914985656738,"Female"
"9004155",371989,2025-05-30 21:29:53,42.5486450195312,-8.93900108337402,"Female"
"9004155",371989,2025-05-30 21:34:53,42.5486335754395,-8.93903160095215,"Female"
"9004155",371989,2025-05-30 21:39:58,42.5485687255859,-8.93896484375,"Female"
"9004155",371989,2025-05-30 21:44:54,42.5483551025391,-8.93862724304199,"Female"
"9004155",371989,2025-05-30 21:50:14,42.5482711791992,-8.93896961212158,"Female"
"9004155",371989,2025-05-30 21:54:54,42.5482749938965,-8.93910884857178,"Female"
"9004155",371989,2025-05-30 21:59:58,42.5485649108887,-8.93832683563232,"Female"
"9004155",371989,2025-05-30 22:04:55,42.548511505127,-8.93837642669678,"Female"
"9004155",371989,2025-05-30 22:09:53,42.5482559204102,-8.93908500671387,"Female"
"9004155",371989,2025-05-30 22:14:54,42.5485534667969,-8.93795204162598,"Female"
"9004155",371989,2025-05-30 22:19:55,42.5484504699707,-8.93847846984863,"Female"
"9004155",371989,2025-05-30 22:24:53,42.5486450195312,-8.93753242492676,"Female"
"9004155",371989,2025-05-30 22:29:58,42.5472412109375,-8.94031810760498,"Female"
"9004155",371989,2025-05-30 22:34:54,42.5478553771973,-8.93900299072266,"Female"
"9004155",371989,2025-05-30 22:39:54,42.5485229492188,-8.93848133087158,"Female"
"9004155",371989,2025-05-30 22:44:55,42.5484619140625,-8.93938541412354,"Female"
"9004155",371989,2025-05-30 22:49:54,42.5478820800781,-8.93904685974121,"Female"
"9004155",371989,2025-05-30 22:54:54,42.5479316711426,-8.93906593322754,"Female"
"9004155",371989,2025-05-30 22:59:54,42.5480041503906,-8.93904590606689,"Female"
"9004155",371989,2025-05-30 23:04:53,42.5479316711426,-8.93899059295654,"Female"
"9004155",371989,2025-05-30 23:09:54,42.5478477478027,-8.93904113769531,"Female"
"9004155",371989,2025-05-30 23:14:53,42.5483551025391,-8.9382438659668,"Female"
"9004155",371989,2025-05-30 23:20:00,42.548469543457,-8.938796043396,"Female"
"9004155",371989,2025-05-30 23:24:58,42.5485229492188,-8.93858242034912,"Female"
"9004155",371989,2025-05-30 23:29:59,42.5482482910156,-8.93952941894531,"Female"
"9004155",371989,2025-05-30 23:34:59,42.548210144043,-8.93904685974121,"Female"
"9004155",371989,2025-05-30 23:39:55,42.5483856201172,-8.93833160400391,"Female"
"9004155",371989,2025-05-30 23:44:54,42.5484008789062,-8.93829250335693,"Female"
"9004155",371989,2025-05-30 23:49:54,42.5483856201172,-8.93827724456787,"Female"
"9004155",371989,2025-05-30 23:54:54,42.5483665466309,-8.93830108642578,"Female"
"9004155",371989,2025-05-31 00:00:29,42.5480003356934,-8.93870544433594,"Female"
"9004155",371989,2025-05-31 00:04:52,42.5493850708008,-8.93911361694336,"Female"
"9004155",371989,2025-05-31 00:09:53,42.5485725402832,-8.93884944915771,"Female"
"9004155",371989,2025-05-31 00:14:52,42.5486030578613,-8.93876457214355,"Female"
"9004155",371989,2025-05-31 00:19:52,42.5486106872559,-8.9387378692627,"Female"
"9004155",371989,2025-05-31 00:24:53,42.5486030578613,-8.93881893157959,"Female"
"9004155",371989,2025-05-31 00:29:53,42.5485649108887,-8.93883228302002,"Female"
"9004155",371989,2025-05-31 00:34:53,42.5485382080078,-8.93883991241455,"Female"
"9004155",371989,2025-05-31 00:39:53,42.5486145019531,-8.93878746032715,"Female"
"9004155",371989,2025-05-31 00:44:53,42.5485229492188,-8.93883228302002,"Female"
"9004155",371989,2025-05-31 00:49:52,42.5485305786133,-8.93883419036865,"Female"
"9004155",371989,2025-05-31 00:54:53,42.5485343933105,-8.93883895874023,"Female"
"9004155",371989,2025-05-31 00:59:53,42.5485458374023,-8.9388427734375,"Female"
"9004155",371989,2025-05-31 01:04:53,42.5485305786133,-8.93883514404297,"Female"
"9004155",371989,2025-05-31 01:09:53,42.5485038757324,-8.93880367279053,"Female"
"9004155",371989,2025-05-31 01:14:53,42.5485763549805,-8.93877220153809,"Female"
"9004155",371989,2025-05-31 01:19:53,42.5485763549805,-8.93877983093262,"Female"
"9004155",371989,2025-05-31 01:24:53,42.5485038757324,-8.93893909454346,"Female"
"9004155",371989,2025-05-31 01:29:53,42.5485038757324,-8.93890857696533,"Female"
"9004155",371989,2025-05-31 01:34:53,42.548526763916,-8.93887424468994,"Female"
"9004155",371989,2025-05-31 01:39:53,42.5484580993652,-8.9387845993042,"Female"
"9004155",371989,2025-05-31 01:44:53,42.5486488342285,-8.93886852264404,"Female"
"9004155",371989,2025-05-31 01:49:53,42.5484352111816,-8.93873596191406,"Female"
"9004155",371989,2025-05-31 01:54:53,42.5484466552734,-8.93870258331299,"Female"
"9004155",371989,2025-05-31 01:59:54,42.5480346679688,-8.93813514709473,"Female"
"9004155",371989,2025-05-31 02:04:55,42.5482292175293,-8.93862915039062,"Female"
"9004155",371989,2025-05-31 02:10:14,42.5482635498047,-8.93873310089111,"Female"
"9004155",371989,2025-05-31 02:14:53,42.5482864379883,-8.93869495391846,"Female"
"9004155",371989,2025-05-31 02:19:53,42.5482521057129,-8.93886280059814,"Female"
"9004155",371989,2025-05-31 02:24:53,42.5483322143555,-8.93858528137207,"Female"
"9004155",371989,2025-05-31 02:29:53,42.5482482910156,-8.93886566162109,"Female"
"9004155",371989,2025-05-31 02:34:53,42.5482330322266,-8.93881416320801,"Female"
"9004155",371989,2025-05-31 02:39:53,42.5484008789062,-8.93865776062012,"Female"
"9004155",371989,2025-05-31 02:44:53,42.5483245849609,-8.93850994110107,"Female"
"9004155",371989,2025-05-31 02:49:55,42.548454284668,-8.93850898742676,"Female"
"9004155",371989,2025-05-31 02:54:53,42.5485954284668,-8.93835639953613,"Female"
"9004155",371989,2025-05-31 02:59:59,42.5485191345215,-8.93857097625732,"Female"
"9004155",371989,2025-05-31 03:04:53,42.5487442016602,-8.93801879882812,"Female"
"9004155",371989,2025-05-31 03:09:54,42.548641204834,-8.9380578994751,"Female"
"9004155",371989,2025-05-31 03:14:53,42.5486488342285,-8.93814468383789,"Female"
"9004155",371989,2025-05-31 03:19:53,42.5487289428711,-8.93822383880615,"Female"
"9004155",371989,2025-05-31 03:24:53,42.5487251281738,-8.93828201293945,"Female"
"9004155",371989,2025-05-31 03:29:53,42.5486030578613,-8.93842792510986,"Female"
"9004155",371989,2025-05-31 03:34:53,42.5486488342285,-8.93833351135254,"Female"
"9004155",371989,2025-05-31 03:39:53,42.5486793518066,-8.93847179412842,"Female"
"9004155",371989,2025-05-31 03:44:55,42.5486717224121,-8.9386043548584,"Female"
"9004155",371989,2025-05-31 03:49:55,42.5486450195312,-8.93856143951416,"Female"
"9004155",371989,2025-05-31 03:54:57,42.5487785339355,-8.93871784210205,"Female"
"9004155",371989,2025-05-31 03:59:53,42.5487442016602,-8.93862724304199,"Female"
"9004155",371989,2025-05-31 04:04:54,42.5486602783203,-8.93865013122559,"Female"
"9004155",371989,2025-05-31 04:09:53,42.5486450195312,-8.93863773345947,"Female"
"9004155",371989,2025-05-31 04:14:54,42.5488395690918,-8.93871212005615,"Female"
"9004155",371989,2025-05-31 04:19:54,42.5488357543945,-8.93880271911621,"Female"
"9004155",371989,2025-05-31 04:24:53,42.5489234924316,-8.93891143798828,"Female"
"9004155",371989,2025-05-31 04:29:53,42.5488243103027,-8.93901824951172,"Female"
"9004155",371989,2025-05-31 04:35:15,42.5487861633301,-8.93889713287354,"Female"
"9004155",371989,2025-05-31 04:39:53,42.5487937927246,-8.9389591217041,"Female"
"9004155",371989,2025-05-31 04:44:53,42.5496711730957,-8.93892860412598,"Female"
"9004155",371989,2025-05-31 04:49:54,42.5497779846191,-8.93905258178711,"Female"
"9004155",371989,2025-05-31 04:54:59,42.5495567321777,-8.93885517120361,"Female"
"9004155",371989,2025-05-31 04:59:54,42.5496864318848,-8.93902969360352,"Female"
"9004155",371989,2025-05-31 05:04:53,42.5498313903809,-8.93891525268555,"Female"
"9004155",371989,2025-05-31 05:09:54,42.5493927001953,-8.93922901153564,"Female"
"9004155",371989,2025-05-31 05:14:53,42.5495185852051,-8.93961811065674,"Female"
"9004155",371989,2025-05-31 05:19:53,42.5496635437012,-8.93930339813232,"Female"
"9004155",371989,2025-05-31 05:24:53,42.5497016906738,-8.939453125,"Female"
"9004155",371989,2025-05-31 05:29:53,42.5495567321777,-8.93951320648193,"Female"
"9004155",371989,2025-05-31 05:34:55,42.5496253967285,-8.93936157226562,"Female"
"9004155",371989,2025-05-31 05:40:13,42.5494728088379,-8.93931770324707,"Female"
"9004155",371989,2025-05-31 05:44:53,42.5493392944336,-8.93933486938477,"Female"
"9004155",371989,2025-05-31 05:49:53,42.5492973327637,-8.93927574157715,"Female"
"9004155",371989,2025-05-31 05:54:53,42.5493354797363,-8.93922138214111,"Female"
"9004155",371989,2025-05-31 05:59:53,42.5502128601074,-8.93969535827637,"Female"
"9004155",371989,2025-05-31 06:04:54,42.5503616333008,-8.93966484069824,"Female"
"9004155",371989,2025-05-31 06:09:53,42.550365447998,-8.93960666656494,"Female"
"9004155",371989,2025-05-31 06:14:55,42.5504150390625,-8.93958473205566,"Female"
"9004155",371989,2025-05-31 06:19:55,42.5504417419434,-8.93961334228516,"Female"
"9004155",371989,2025-05-31 06:24:53,42.5503044128418,-8.93963718414307,"Female"
"9004155",371989,2025-05-31 06:29:53,42.5502815246582,-8.9393949508667,"Female"
"9004155",371989,2025-05-31 06:35:07,42.550350189209,-8.93960094451904,"Female"
"9004155",371989,2025-05-31 06:40:14,42.5500221252441,-8.93901348114014,"Female"
"9004155",371989,2025-05-31 06:44:53,42.5501098632812,-8.93930149078369,"Female"
"9004155",371989,2025-05-31 06:50:23,42.5501823425293,-8.93944072723389,"Female"
"9004155",371989,2025-05-31 06:54:52,42.5501327514648,-8.93940734863281,"Female"
"9004155",371989,2025-05-31 06:59:53,42.550178527832,-8.93939113616943,"Female"
"9004155",371989,2025-05-31 07:04:53,42.5500984191895,-8.93925094604492,"Female"
"9004155",371989,2025-05-31 07:09:53,42.5500984191895,-8.93925189971924,"Female"
"9004155",371989,2025-05-31 07:14:53,42.5501098632812,-8.93916130065918,"Female"
"9004155",371989,2025-05-31 07:19:53,42.5500793457031,-8.93927764892578,"Female"
"9004155",371989,2025-05-31 07:24:53,42.5500564575195,-8.93911361694336,"Female"
"9004155",371989,2025-05-31 07:29:53,42.5501174926758,-8.93922233581543,"Female"
"9004155",371989,2025-05-31 07:34:53,42.5500068664551,-8.93902969360352,"Female"
"9004155",371989,2025-05-31 07:39:53,42.5498809814453,-8.93896579742432,"Female"
"9004155",371989,2025-05-31 07:44:52,42.5500030517578,-8.93906211853027,"Female"
"9004155",371989,2025-05-31 07:49:53,42.550609588623,-8.93947124481201,"Female"
"9004155",371989,2025-05-31 07:54:53,42.5505828857422,-8.93953514099121,"Female"
"9004155",371989,2025-05-31 07:59:53,42.550609588623,-8.9394063949585,"Female"
"9004155",371989,2025-05-31 08:04:53,42.5504379272461,-8.93917083740234,"Female"
"9004155",371989,2025-05-31 08:10:17,42.5508193969727,-8.93972682952881,"Female"
"9004155",371989,2025-05-31 08:14:53,42.5508995056152,-8.93966293334961,"Female"
"9004155",371989,2025-05-31 08:19:54,42.5509185791016,-8.94000148773193,"Female"
"9004155",371989,2025-05-31 08:24:54,42.5508689880371,-8.9400691986084,"Female"
"9004155",371989,2025-05-31 08:29:53,42.5508079528809,-8.93986129760742,"Female"
"9004155",371989,2025-05-31 08:34:55,42.5508575439453,-8.94014453887939,"Female"
"9004155",371989,2025-05-31 08:39:54,42.5508995056152,-8.94016933441162,"Female"
"9004155",371989,2025-05-31 08:44:54,42.550895690918,-8.94021987915039,"Female"
"9004155",371989,2025-05-31 08:49:57,42.5508804321289,-8.94026279449463,"Female"
"9004155",371989,2025-05-31 08:55:14,42.550895690918,-8.94028568267822,"Female"
"9004155",371989,2025-05-31 08:59:53,42.550952911377,-8.9401159286499,"Female"
"9004155",371989,2025-05-31 09:04:53,42.551456451416,-8.93990993499756,"Female"
"9004155",371989,2025-05-31 09:09:53,42.5563316345215,-8.92637062072754,"Female"
"9004155",371989,2025-05-31 09:14:53,42.5665969848633,-8.90189266204834,"Female"
"9004155",371989,2025-05-31 09:19:53,42.5713653564453,-8.88931751251221,"Female"
"9004155",371989,2025-05-31 09:24:53,42.5859909057617,-8.86361122131348,"Female"
"9004155",371989,2025-05-31 09:29:53,42.601676940918,-8.83761978149414,"Female"
"9004155",371989,2025-05-31 09:35:59,42.6059455871582,-8.82784366607666,"Female"
"9004155",371989,2025-05-31 09:41:15,42.6069679260254,-8.82735443115234,"Female"
"9004155",371989,2025-05-31 09:46:15,42.6074142456055,-8.8267297744751,"Female"
"9004155",371989,2025-05-31 09:51:44,42.6076202392578,-8.82725620269775,"Female"
"9004155",371989,2025-05-31 09:56:19,42.6076202392578,-8.82721614837646,"Female"
"9004155",371989,2025-05-31 10:01:15,42.6078147888184,-8.82747173309326,"Female"
"9004155",371989,2025-05-31 10:06:15,42.6075172424316,-8.82715606689453,"Female"
"9004155",371989,2025-05-31 10:11:15,42.6076965332031,-8.82741928100586,"Female"
"9004155",371989,2025-05-31 10:16:15,42.6078033447266,-8.82765293121338,"Female"
"9004155",371989,2025-05-31 10:21:15,42.6154937744141,-8.81787776947021,"Female"
"9004155",371989,2025-05-31 10:26:15,42.6154823303223,-8.81783962249756,"Female"
"9004155",371989,2025-05-31 10:31:16,42.6150588989258,-8.81668567657471,"Female"
"9004155",371989,2025-05-31 10:37:04,42.6146926879883,-8.81675624847412,"Female"
"9004155",371989,2025-05-31 10:42:01,42.6140098571777,-8.81620407104492,"Female"
"9004155",371989,2025-05-31 10:47:02,42.6151008605957,-8.81790447235107,"Female"
"9004155",371989,2025-05-31 10:52:00,42.6147575378418,-8.81660461425781,"Female"
"9004155",371989,2025-05-31 10:57:00,42.6150398254395,-8.81776332855225,"Female"
"9004155",371989,2025-05-31 11:02:06,42.6148147583008,-8.81652069091797,"Female"
"9004155",371989,2025-05-31 11:07:00,42.6147651672363,-8.81656360626221,"Female"
"9004155",371989,2025-05-31 11:12:00,42.6147575378418,-8.81654834747314,"Female"
"9004155",371989,2025-05-31 11:17:00,42.6147308349609,-8.81655216217041,"Female"
"9004155",371989,2025-05-31 11:22:01,42.6147308349609,-8.81654071807861,"Female"
"9004155",371989,2025-05-31 11:27:00,42.6150169372559,-8.81664657592773,"Female"
"9004155",371989,2025-05-31 11:32:00,42.6149673461914,-8.81659603118896,"Female"
"9004155",371989,2025-05-31 11:37:00,42.615104675293,-8.81662368774414,"Female"
"9004155",371989,2025-05-31 11:42:14,42.6146507263184,-8.8164644241333,"Female"
"9004155",371989,2025-05-31 11:46:59,42.6145896911621,-8.81637096405029,"Female"
"9004155",371989,2025-05-31 11:52:00,42.6146659851074,-8.81637859344482,"Female"
"9004155",371989,2025-05-31 11:57:00,42.614673614502,-8.81640911102295,"Female"
"9004155",371989,2025-05-31 12:02:00,42.6146965026855,-8.81634521484375,"Female"
"9004155",371989,2025-05-31 12:06:59,42.6146697998047,-8.81638336181641,"Female"
"9004155",371989,2025-05-31 12:12:37,42.6146774291992,-8.81604671478271,"Female"
"9004155",371989,2025-05-31 12:18:21,42.6147766113281,-8.81607055664062,"Female"
"9004155",371989,2025-05-31 12:23:30,42.6149749755859,-8.81679821014404,"Female"
"9004155",371989,2025-05-31 12:29:13,42.6145439147949,-8.81640911102295,"Female"
"9004155",371989,2025-05-31 12:34:17,42.6147842407227,-8.81648063659668,"Female"
"9004155",371989,2025-05-31 12:39:18,42.6147537231445,-8.8165168762207,"Female"
"9004155",371989,2025-05-31 12:44:18,42.6148147583008,-8.81649971008301,"Female"
"9004155",371989,2025-05-31 12:49:18,42.6149520874023,-8.8162784576416,"Female"
"9004155",371989,2025-05-31 12:54:18,42.6149444580078,-8.81639099121094,"Female"
"9004155",371989,2025-05-31 12:59:19,42.6149559020996,-8.81640625,"Female"
"9004155",371989,2025-05-31 13:04:18,42.6149711608887,-8.81637477874756,"Female"
"9004155",371989,2025-05-31 13:09:22,42.6150093078613,-8.81634902954102,"Female"
"9004155",371989,2025-05-31 13:14:15,42.6149864196777,-8.81521415710449,"Female"
"9004155",371989,2025-05-31 13:19:11,42.6150856018066,-8.81587314605713,"Female"
"9004155",371989,2025-05-31 13:24:11,42.6154632568359,-8.81604862213135,"Female"
"9004155",371989,2025-05-31 13:29:22,42.6149368286133,-8.81483364105225,"Female"
"9004155",371989,2025-05-31 13:34:11,42.6149406433105,-8.81676864624023,"Female"
"9004155",371989,2025-05-31 13:39:11,42.6151428222656,-8.81666278839111,"Female"
"9004155",371989,2025-05-31 13:44:12,42.615119934082,-8.8166389465332,"Female"
"9004155",371989,2025-05-31 13:49:11,42.6151123046875,-8.81646633148193,"Female"
"9004155",371989,2025-05-31 13:54:13,42.6149520874023,-8.81510162353516,"Female"
"9004155",371989,2025-05-31 13:59:12,42.6150894165039,-8.81664180755615,"Female"
"9004155",371989,2025-05-31 14:04:13,42.6150932312012,-8.81575584411621,"Female"
"9004155",371989,2025-05-31 14:09:12,42.6151542663574,-8.81609725952148,"Female"
"9004155",371989,2025-05-31 14:14:11,42.6150321960449,-8.81622123718262,"Female"
"9004155",371989,2025-05-31 14:19:11,42.6149711608887,-8.81616020202637,"Female"
"9004155",371989,2025-05-31 14:24:12,42.6150283813477,-8.81616592407227,"Female"
"9004155",371989,2025-05-31 14:29:11,42.6149635314941,-8.8160514831543,"Female"
"9004155",371989,2025-05-31 14:34:12,42.615047454834,-8.81610870361328,"Female"
"9004155",371989,2025-05-31 14:39:12,42.6152534484863,-8.81556701660156,"Female"
"9004155",371989,2025-05-31 14:44:18,42.6149406433105,-8.81579875946045,"Female"
"9004155",371989,2025-05-31 14:49:12,42.6150016784668,-8.81576347351074,"Female"
"9004155",371989,2025-05-31 14:54:16,42.6150207519531,-8.81595611572266,"Female"
"9004155",371989,2025-05-31 14:59:12,42.6149940490723,-8.81607437133789,"Female"
"9004155",371989,2025-05-31 15:04:12,42.6149253845215,-8.81590461730957,"Female"
"9004155",371989,2025-05-31 15:09:13,42.6150665283203,-8.81603717803955,"Female"
"9004155",371989,2025-05-31 15:14:15,42.6149482727051,-8.81594371795654,"Female"
"9004155",371989,2025-05-31 15:19:12,42.614875793457,-8.81582164764404,"Female"
"9004155",371989,2025-05-31 15:24:40,42.6149024963379,-8.81629657745361,"Female"
"9004155",371989,2025-05-31 15:29:44,42.61474609375,-8.81648731231689,"Female"
"9004155",371989,2025-05-31 15:35:08,42.6138801574707,-8.81679534912109,"Female"
"9004155",371989,2025-05-31 15:40:48,42.6137847900391,-8.81711006164551,"Female"
"9004155",371989,2025-05-31 15:46:00,42.6137351989746,-8.8166618347168,"Female"
"9004155",371989,2025-05-31 15:50:58,42.6140670776367,-8.81750965118408,"Female"
"9004155",371989,2025-05-31 15:55:55,42.6148376464844,-8.81764221191406,"Female"
"9004155",371989,2025-05-31 16:00:53,42.6148262023926,-8.81796836853027,"Female"
"9004155",371989,2025-05-31 16:06:00,42.6148834228516,-8.81753253936768,"Female"
"9004155",371989,2025-05-31 16:10:54,42.6149368286133,-8.81739807128906,"Female"
"9004155",371989,2025-05-31 16:16:00,42.6149024963379,-8.81744003295898,"Female"
"9004155",371989,2025-05-31 16:20:53,42.6149291992188,-8.81754875183105,"Female"
"9004155",371989,2025-05-31 16:26:00,42.6149444580078,-8.81736946105957,"Female"
"9004155",371989,2025-05-31 16:30:52,42.6148910522461,-8.81738948822021,"Female"
"9004155",371989,2025-05-31 16:36:00,42.6148414611816,-8.81737613677979,"Female"
"9004155",371989,2025-05-31 16:40:53,42.6148910522461,-8.8168363571167,"Female"
"9004155",371989,2025-05-31 16:46:00,42.6149063110352,-8.81736183166504,"Female"
"9004155",371989,2025-05-31 16:50:53,42.6149024963379,-8.81733989715576,"Female"
"9004155",371989,2025-05-31 16:56:12,42.6147155761719,-8.81721496582031,"Female"
"9004155",371989,2025-05-31 17:00:52,42.614803314209,-8.81759548187256,"Female"
"9004155",371989,2025-05-31 17:05:52,42.6148109436035,-8.81756210327148,"Female"
"9004155",371989,2025-05-31 17:10:52,42.61474609375,-8.81746292114258,"Female"
"9004155",371989,2025-05-31 17:15:53,42.6146278381348,-8.81712341308594,"Female"
"9004155",371989,2025-05-31 17:20:52,42.6147117614746,-8.8173885345459,"Female"
"9004155",371989,2025-05-31 17:25:52,42.6147079467773,-8.81717491149902,"Female"
"9004155",371989,2025-05-31 17:31:39,42.6147422790527,-8.81743431091309,"Female"
"9004155",371989,2025-05-31 17:36:41,42.6151008605957,-8.81719303131104,"Female"
"9004155",371989,2025-05-31 17:41:38,42.6148910522461,-8.81770896911621,"Female"
"9004155",371989,2025-05-31 17:47:05,42.6146392822266,-8.81777763366699,"Female"
"9004155",371989,2025-05-31 17:51:38,42.6145362854004,-8.81771087646484,"Female"
"9004155",371989,2025-05-31 17:56:38,42.6146621704102,-8.81779193878174,"Female"
"9004155",371989,2025-05-31 18:02:14,42.614631652832,-8.81790161132812,"Female"
"9004155",371989,2025-05-31 18:06:37,42.6145324707031,-8.81799793243408,"Female"
"9004155",371989,2025-05-31 18:11:38,42.6144561767578,-8.81791400909424,"Female"
"9004155",371989,2025-05-31 18:16:37,42.6144027709961,-8.81788349151611,"Female"
"9004155",371989,2025-05-31 18:21:36,42.6142921447754,-8.81779861450195,"Female"
"9004155",371989,2025-05-31 18:26:38,42.6143188476562,-8.81774139404297,"Female"
"9004155",371989,2025-05-31 18:31:37,42.6142692565918,-8.81771564483643,"Female"
"9004155",371989,2025-05-31 18:36:37,42.6143074035645,-8.81778621673584,"Female"
"9004155",371989,2025-05-31 18:41:38,42.6142768859863,-8.81772899627686,"Female"
"9004155",371989,2025-05-31 18:46:38,42.6142425537109,-8.81774425506592,"Female"
"9004155",371989,2025-05-31 18:51:38,42.6141624450684,-8.81747341156006,"Female"
"9004155",371989,2025-05-31 18:56:38,42.6141777038574,-8.81746673583984,"Female"
"9004155",371989,2025-05-31 19:01:39,42.6010055541992,-8.85158920288086,"Female"
"9004155",371989,2025-05-31 19:06:38,42.6014137268066,-8.85238552093506,"Female"
"9004155",371989,2025-05-31 19:11:38,42.6014251708984,-8.85243988037109,"Female"
"9004155",371989,2025-05-31 19:16:40,42.6016387939453,-8.85292339324951,"Female"
"9004155",371989,2025-05-31 19:21:40,42.598030090332,-8.86303806304932,"Female"
"9004155",371989,2025-05-31 19:26:39,42.5672798156738,-8.91057872772217,"Female"
"9004155",371989,2025-05-31 19:31:39,42.5490455627441,-8.93831729888916,"Female"
"9004155",371989,2025-05-31 19:36:38,42.5493621826172,-8.93894290924072,"Female"
"9004155",371989,2025-05-31 19:41:41,42.5486755371094,-8.93907451629639,"Female"
"9004155",371989,2025-05-31 19:46:52,42.5486297607422,-8.9390697479248,"Female"
"9004155",371989,2025-05-31 19:51:39,42.5487785339355,-8.93929386138916,"Female"
"9004155",371989,2025-05-31 19:56:38,42.5487174987793,-8.93916130065918,"Female"
"9004155",371989,2025-05-31 20:01:38,42.5486946105957,-8.93919277191162,"Female"
"9004155",371989,2025-05-31 20:06:40,42.5485801696777,-8.93877124786377,"Female"
"9004155",371989,2025-05-31 20:11:38,42.5485649108887,-8.93882942199707,"Female"
"9004155",371989,2025-05-31 20:16:41,42.5487670898438,-8.93918037414551,"Female"
"9004155",371989,2025-05-31 20:21:42,42.5487442016602,-8.93915557861328,"Female"
"9004155",371989,2025-05-31 20:27:05,42.548526763916,-8.93885898590088,"Female"
"9004155",371989,2025-05-31 20:31:37,42.5485305786133,-8.93884181976318,"Female"
"9004155",371989,2025-05-31 20:36:38,42.5485000610352,-8.93884658813477,"Female"
"9004155",371989,2025-05-31 20:41:38,42.5485458374023,-8.93885707855225,"Female"
"9004155",371989,2025-05-31 20:46:39,42.5486602783203,-8.93888378143311,"Female"
"9004155",371989,2025-05-31 20:51:38,42.5486755371094,-8.93885803222656,"Female"
"9004155",371989,2025-05-31 20:56:38,42.5487670898438,-8.93872451782227,"Female"
"9004155",371989,2025-05-31 21:01:38,42.5487785339355,-8.93869209289551,"Female"
"9004155",371989,2025-05-31 21:06:38,42.5487976074219,-8.93871974945068,"Female"
"9004155",371989,2025-05-31 21:11:38,42.5485076904297,-8.93887042999268,"Female"
"9004155",371989,2025-05-31 21:16:39,42.5485382080078,-8.93890285491943,"Female"
"9004155",371989,2025-05-31 21:21:38,42.5485343933105,-8.93889045715332,"Female"
"9004155",371989,2025-05-31 21:26:38,42.5485191345215,-8.93894481658936,"Female"
"9004155",371989,2025-05-31 21:31:38,42.5485076904297,-8.93899345397949,"Female"
"9004155",371989,2025-05-31 21:36:41,42.548511505127,-8.93885898590088,"Female"
"9004155",371989,2025-05-31 21:41:40,42.5485000610352,-8.93882083892822,"Female"
"9004155",371989,2025-05-31 21:46:38,42.5484657287598,-8.9387149810791,"Female"
"9004155",371989,2025-05-31 21:51:39,42.5485153198242,-8.93881034851074,"Female"
"9004155",371989,2025-05-31 21:56:38,42.5485000610352,-8.93879222869873,"Female"
"9004155",371989,2025-05-31 22:01:38,42.5483169555664,-8.93880844116211,"Female"
"9004155",371989,2025-05-31 22:06:41,42.548885345459,-8.93901634216309,"Female"
"9004155",371989,2025-05-31 22:11:38,42.5483589172363,-8.93896961212158,"Female"
"9004155",371989,2025-05-31 22:16:40,42.548698425293,-8.93900203704834,"Female"
"9004155",371989,2025-05-31 22:21:38,42.5485420227051,-8.93894672393799,"Female"
"9004155",371989,2025-05-31 22:26:39,42.548454284668,-8.93916702270508,"Female"
"9004155",371989,2025-05-31 22:31:40,42.5483360290527,-8.93890476226807,"Female"
"9004155",371989,2025-05-31 22:37:05,42.548526763916,-8.93881702423096,"Female"
"9004155",371989,2025-05-31 22:41:37,42.5485916137695,-8.93889045715332,"Female"
"9004155",371989,2025-05-31 22:46:38,42.548583984375,-8.93887901306152,"Female"
"9004155",371989,2025-05-31 22:51:38,42.5485763549805,-8.9388599395752,"Female"
"9004155",371989,2025-05-31 22:56:38,42.5486106872559,-8.93888378143311,"Female"
"9004155",371989,2025-05-31 23:01:38,42.5487518310547,-8.93908977508545,"Female"
"9004155",371989,2025-05-31 23:06:40,42.5485801696777,-8.9389066696167,"Female"
"9004155",371989,2025-05-31 23:11:38,42.5484657287598,-8.93862819671631,"Female"
"9004155",371989,2025-05-31 23:16:47,42.5485000610352,-8.93879890441895,"Female"
"9004155",371989,2025-05-31 23:21:38,42.5484504699707,-8.93862342834473,"Female"
"9004155",371989,2025-05-31 23:26:46,42.5484962463379,-8.9387903213501,"Female"
"9004155",371989,2025-05-31 23:31:38,42.5485458374023,-8.93881320953369,"Female"
"9004155",371989,2025-05-31 23:36:38,42.5485420227051,-8.93880367279053,"Female"
"9004155",371989,2025-05-31 23:41:38,42.5485420227051,-8.93883228302002,"Female"
"9004155",371989,2025-05-31 23:46:39,42.5486259460449,-8.93891906738281,"Female"
"9004155",371989,2025-05-31 23:51:41,42.5486183166504,-8.93895626068115,"Female"
"9004155",371989,2025-05-31 23:56:39,42.5485534667969,-8.93875885009766,"Female"
"9004155",371989,2025-06-01 00:01:48,42.548526763916,-8.93877220153809,"Female"
"9004155",371989,2025-06-01 00:06:43,42.5485382080078,-8.9387378692627,"Female"
"9004155",371989,2025-06-01 00:11:43,42.5484657287598,-8.93876171112061,"Female"
"9004155",371989,2025-06-01 00:16:43,42.5485420227051,-8.93876457214355,"Female"
"9004155",371989,2025-06-01 00:21:48,42.548469543457,-8.93889427185059,"Female"
"9004155",371989,2025-06-01 00:26:47,42.5484352111816,-8.93882083892822,"Female"
"9004155",371989,2025-06-01 00:31:47,42.5485877990723,-8.93873596191406,"Female"
"9004155",371989,2025-06-01 00:36:50,42.5484771728516,-8.93876552581787,"Female"
"9004155",371989,2025-06-01 00:41:48,42.5484886169434,-8.93874359130859,"Female"
"9004155",371989,2025-06-01 00:46:52,42.5484848022461,-8.93875694274902,"Female"
"9004155",371989,2025-06-01 00:51:53,42.5484848022461,-8.93867969512939,"Female"
"9004155",371989,2025-06-01 00:56:50,42.5485229492188,-8.93863773345947,"Female"
"9004155",371989,2025-06-01 01:01:56,42.5486602783203,-8.93858528137207,"Female"
"9004155",371989,2025-06-01 01:06:56,42.5484466552734,-8.93872928619385,"Female"
"9004155",371989,2025-06-01 01:11:56,42.5484886169434,-8.93849849700928,"Female"
"9004155",371989,2025-06-01 01:17:00,42.5484504699707,-8.93857383728027,"Female"
"9004155",371989,2025-06-01 01:22:01,42.5484809875488,-8.93883037567139,"Female"
"9004155",371989,2025-06-01 01:26:37,42.5484199523926,-8.93889713287354,"Female"
"9004155",371989,2025-06-01 01:31:37,42.548526763916,-8.93881225585938,"Female"
"9004155",371989,2025-06-01 01:36:37,42.5484924316406,-8.93868827819824,"Female"
"9004155",371989,2025-06-01 01:41:38,42.5485000610352,-8.93880653381348,"Female"
"9004155",371989,2025-06-01 01:46:38,42.5484771728516,-8.93886661529541,"Female"
"9004155",371989,2025-06-01 01:51:45,42.5484962463379,-8.93884658813477,"Female"
"9004155",371989,2025-06-01 01:56:38,42.5484771728516,-8.93882942199707,"Female"
"9004155",371989,2025-06-01 02:01:38,42.5484199523926,-8.93883895874023,"Female"
"9004155",371989,2025-06-01 02:06:38,42.5483703613281,-8.93891334533691,"Female"
"9004155",371989,2025-06-01 02:11:38,42.5486221313477,-8.93887615203857,"Female"
"9004155",371989,2025-06-01 02:16:42,42.5483093261719,-8.9390287399292,"Female"
"9004155",371989,2025-06-01 02:21:43,42.5486488342285,-8.93882083892822,"Female"
"9004155",371989,2025-06-01 02:26:38,42.548583984375,-8.93886566162109,"Female"
"9004155",371989,2025-06-01 02:31:48,42.5486030578613,-8.93879508972168,"Female"
"9004155",371989,2025-06-01 02:36:38,42.5486526489258,-8.93880462646484,"Female"
"9004155",371989,2025-06-01 02:42:03,42.5485382080078,-8.93880462646484,"Female"
"9004155",371989,2025-06-01 02:46:38,42.5485382080078,-8.93875122070312,"Female"
"9004155",371989,2025-06-01 02:51:38,42.5486831665039,-8.93859195709229,"Female"
"9004155",371989,2025-06-01 02:56:38,42.5486335754395,-8.93865966796875,"Female"
"9004155",371989,2025-06-01 03:01:37,42.5485534667969,-8.93877696990967,"Female"
"9004155",371989,2025-06-01 03:06:37,42.5485038757324,-8.93880271911621,"Female"
"9004155",371989,2025-06-01 03:11:37,42.5485687255859,-8.93877506256104,"Female"
"9004155",371989,2025-06-01 03:16:37,42.5485458374023,-8.93882369995117,"Female"
"9004155",371989,2025-06-01 03:21:37,42.5485954284668,-8.93876075744629,"Female"
"9004155",371989,2025-06-01 03:26:37,42.5485725402832,-8.93876075744629,"Female"
"9004155",371989,2025-06-01 03:31:38,42.5485572814941,-8.93875885009766,"Female"
"9004155",371989,2025-06-01 03:36:38,42.5485877990723,-8.93875980377197,"Female"
"9004155",371989,2025-06-01 03:41:38,42.5485458374023,-8.93875885009766,"Female"
"9004155",371989,2025-06-01 03:46:37,42.5485420227051,-8.93877983093262,"Female"
"9004155",371989,2025-06-01 03:51:37,42.5485534667969,-8.93878841400146,"Female"
"9004155",371989,2025-06-01 03:56:38,42.5485572814941,-8.93878364562988,"Female"
"9004155",371989,2025-06-01 04:01:38,42.5485534667969,-8.93879127502441,"Female"
"9004155",371989,2025-06-01 04:06:38,42.5485191345215,-8.93875503540039,"Female"
"9004155",371989,2025-06-01 04:11:38,42.5485610961914,-8.93880558013916,"Female"
"9004155",371989,2025-06-01 04:16:38,42.5485420227051,-8.9388313293457,"Female"
"9004155",371989,2025-06-01 04:21:38,42.5484619140625,-8.93883991241455,"Female"
"9004155",371989,2025-06-01 04:26:38,42.5485420227051,-8.93884658813477,"Female"
"9004155",371989,2025-06-01 04:31:38,42.5485420227051,-8.93886566162109,"Female"
"9004155",371989,2025-06-01 04:36:39,42.5485572814941,-8.93893337249756,"Female"
"9004155",371989,2025-06-01 04:41:41,42.548526763916,-8.93885040283203,"Female"
"9004155",371989,2025-06-01 04:46:39,42.5485992431641,-8.93885040283203,"Female"
"9004155",371989,2025-06-01 04:51:40,42.5485916137695,-8.93889999389648,"Female"
"9004155",371989,2025-06-01 04:56:43,42.5483856201172,-8.93893527984619,"Female"
"9004155",371989,2025-06-01 05:01:43,42.548526763916,-8.93883228302002,"Female"
"9004155",371989,2025-06-01 05:06:38,42.5493011474609,-8.93906211853027,"Female"
"9004155",371989,2025-06-01 05:11:49,42.549259185791,-8.93911933898926,"Female"
"9004155",371989,2025-06-01 05:16:48,42.5493354797363,-8.93912124633789,"Female"
"9004155",371989,2025-06-01 05:21:40,42.5492324829102,-8.93897151947021,"Female"
"9004155",371989,2025-06-01 05:26:42,42.5493621826172,-8.93864727020264,"Female"
"9004155",371989,2025-06-01 05:32:01,42.5493621826172,-8.93913841247559,"Female"
"9004155",371989,2025-06-01 05:36:37,42.5492897033691,-8.93917369842529,"Female"
"9004155",371989,2025-06-01 05:41:37,42.5493278503418,-8.93912982940674,"Female"
"9004155",371989,2025-06-01 05:46:37,42.5493507385254,-8.93914794921875,"Female"
"9004155",371989,2025-06-01 05:51:37,42.5493774414062,-8.93907451629639,"Female"
"9004155",371989,2025-06-01 05:56:37,42.5493316650391,-8.93916034698486,"Female"
"9004155",371989,2025-06-01 06:01:37,42.5493392944336,-8.93913173675537,"Female"
"9004155",371989,2025-06-01 06:06:38,42.5493469238281,-8.93916797637939,"Female"
"9004155",371989,2025-06-01 06:11:38,42.5494003295898,-8.93909454345703,"Female"
"9004155",371989,2025-06-01 06:16:38,42.5494537353516,-8.93917274475098,"Female"
"9004155",371989,2025-06-01 06:21:38,42.5494499206543,-8.93906307220459,"Female"
"9004155",371989,2025-06-01 06:26:38,42.5494918823242,-8.93909454345703,"Female"
"9004155",371989,2025-06-01 06:31:38,42.5494575500488,-8.93908882141113,"Female"
"9004155",371989,2025-06-01 06:36:38,42.5494003295898,-8.93911361694336,"Female"
"9004155",371989,2025-06-01 06:41:43,42.5494155883789,-8.93919372558594,"Female"
"9004155",371989,2025-06-01 06:46:45,42.5494117736816,-8.93916034698486,"Female"
"9004155",371989,2025-06-01 06:51:37,42.5494003295898,-8.93915557861328,"Female"
"9004155",371989,2025-06-01 06:56:39,42.549488067627,-8.93917655944824,"Female"
"9004155",371989,2025-06-01 07:01:38,42.5494728088379,-8.93918418884277,"Female"
"9004155",371989,2025-06-01 07:06:40,42.549503326416,-8.93932056427002,"Female"
"9004155",371989,2025-06-01 07:11:38,42.5494079589844,-8.93906593322754,"Female"
"9004155",371989,2025-06-01 07:16:38,42.5494651794434,-8.93922901153564,"Female"
"9004155",371989,2025-06-01 07:21:39,42.5494499206543,-8.93909549713135,"Female"
"9004155",371989,2025-06-01 07:26:38,42.5493545532227,-8.93905830383301,"Female"
"9004155",371989,2025-06-01 07:31:40,42.5494194030762,-8.93898296356201,"Female"
"9004155",371989,2025-06-01 07:36:40,42.5493621826172,-8.93893432617188,"Female"
"9004155",371989,2025-06-01 07:41:58,42.5492134094238,-8.93883800506592,"Female"
"9004155",371989,2025-06-01 07:46:40,42.5494995117188,-8.93914318084717,"Female"
"9004155",371989,2025-06-01 07:51:45,42.5494728088379,-8.93932628631592,"Female"
"9004155",371989,2025-06-01 07:56:39,42.5494155883789,-8.93928050994873,"Female"
"9004155",371989,2025-06-01 08:02:05,42.5494232177734,-8.93917560577393,"Female"
"9004155",371989,2025-06-01 08:06:38,42.5494346618652,-8.93911743164062,"Female"
"9004155",371989,2025-06-01 08:11:38,42.5494155883789,-8.93912506103516,"Female"
"9004155",371989,2025-06-01 08:16:37,42.5494155883789,-8.93913841247559,"Female"
"9004155",371989,2025-06-01 08:21:38,42.5494384765625,-8.93916130065918,"Female"
"9004155",371989,2025-06-01 08:26:37,42.549388885498,-8.93910598754883,"Female"
"9004155",371989,2025-06-01 08:31:37,42.5494766235352,-8.93909645080566,"Female"
"9004155",371989,2025-06-01 08:36:37,42.5494575500488,-8.93915557861328,"Female"
"9004155",371989,2025-06-01 08:41:37,42.5494613647461,-8.93913173675537,"Female"
"9004155",371989,2025-06-01 08:46:37,42.5494384765625,-8.93916130065918,"Female"
"9004155",371989,2025-06-01 08:51:37,42.5493927001953,-8.9391918182373,"Female"
"9004155",371989,2025-06-01 08:56:54,42.5494537353516,-8.93920421600342,"Female"
"9004155",371989,2025-06-01 09:01:38,42.5506782531738,-8.93954086303711,"Female"
"9004155",371989,2025-06-01 09:06:38,42.5506782531738,-8.939528465271,"Female"
"9004155",371989,2025-06-01 09:11:38,42.5592041015625,-8.91964054107666,"Female"
"9004155",371989,2025-06-01 09:16:38,42.5781402587891,-8.89313697814941,"Female"
"9004155",371989,2025-06-01 09:21:38,42.5942916870117,-8.86187076568604,"Female"
"9004155",371989,2025-06-01 09:26:38,42.6042327880859,-8.84069538116455,"Female"
"9004155",371989,2025-06-01 09:31:54,42.6097640991211,-8.8271427154541,"Female"
"9004155",371989,2025-06-01 09:37:19,42.6098136901855,-8.82738876342773,"Female"
"9004155",371989,2025-06-01 09:42:19,42.6104049682617,-8.8272819519043,"Female"
"9004155",371989,2025-06-01 09:47:18,42.6105613708496,-8.82739543914795,"Female"
"9004155",371989,2025-06-01 09:52:18,42.6105155944824,-8.82732200622559,"Female"
"9004155",371989,2025-06-01 09:57:24,42.6105270385742,-8.82732677459717,"Female"
"9004155",371989,2025-06-01 10:02:19,42.6105651855469,-8.82735347747803,"Female"
"9004155",371989,2025-06-01 10:07:18,42.6105461120605,-8.82734298706055,"Female"
"9004155",371989,2025-06-01 10:12:18,42.6105117797852,-8.82735824584961,"Female"
"9004155",371989,2025-06-01 10:17:19,42.6105575561523,-8.82742595672607,"Female"
"9004155",371989,2025-06-01 10:22:28,42.6105003356934,-8.82723999023438,"Female"
"9004155",371989,2025-06-01 10:27:20,42.6105575561523,-8.82738304138184,"Female"
"9004155",371989,2025-06-01 10:32:23,42.6105117797852,-8.82737731933594,"Female"
"9004155",371989,2025-06-01 10:37:19,42.6118049621582,-8.82524871826172,"Female"
"9004155",371989,2025-06-01 10:43:35,42.6118202209473,-8.82498550415039,"Female"
"9004155",371989,2025-06-01 10:48:12,42.611743927002,-8.82510471343994,"Female"
"9004155",371989,2025-06-01 10:53:22,42.6115989685059,-8.82505130767822,"Female"
"9004155",371989,2025-06-01 10:58:12,42.6115493774414,-8.82496929168701,"Female"
"9004155",371989,2025-06-01 11:03:12,42.6115646362305,-8.82504081726074,"Female"
"9004155",371989,2025-06-01 11:08:17,42.6115684509277,-8.82504367828369,"Female"
"9004155",371989,2025-06-01 11:13:12,42.6115493774414,-8.8249568939209,"Female"
"9004155",371989,2025-06-01 11:18:12,42.6115531921387,-8.82497215270996,"Female"
"9004155",371989,2025-06-01 11:23:12,42.6114807128906,-8.82478523254395,"Female"
"9004155",371989,2025-06-01 11:28:12,42.6115226745605,-8.82494926452637,"Female"
"9004155",371989,2025-06-01 11:33:12,42.6115875244141,-8.82496547698975,"Female"
"9004155",371989,2025-06-01 11:38:12,42.6115417480469,-8.82488250732422,"Female"
"9004155",371989,2025-06-01 11:43:12,42.6115455627441,-8.82493114471436,"Female"
"9004155",371989,2025-06-01 11:48:14,42.6115341186523,-8.82489204406738,"Female"
"9004155",371989,2025-06-01 11:53:35,42.6116218566895,-8.82490825653076,"Female"
"9004155",371989,2025-06-01 11:58:52,42.6127166748047,-8.82517433166504,"Female"
"9004155",371989,2025-06-01 12:04:36,42.6133346557617,-8.82572460174561,"Female"
"9004155",371989,2025-06-01 12:09:32,42.6137542724609,-8.82512092590332,"Female"
"9004155",371989,2025-06-01 12:14:41,42.6148414611816,-8.82464027404785,"Female"
"9004155",371989,2025-06-01 12:19:55,42.614429473877,-8.82351779937744,"Female"
"9004155",371989,2025-06-01 12:25:09,42.614818572998,-8.8232946395874,"Female"
"9004155",371989,2025-06-01 12:30:08,42.6144752502441,-8.8233470916748,"Female"
"9004155",371989,2025-06-01 12:35:07,42.6144828796387,-8.82339477539062,"Female"
"9004155",371989,2025-06-01 12:40:07,42.6145248413086,-8.82332229614258,"Female"
"9004155",371989,2025-06-01 12:45:08,42.614574432373,-8.82312107086182,"Female"
"9004155",371989,2025-06-01 12:50:08,42.6144218444824,-8.82345676422119,"Female"
"9004155",371989,2025-06-01 12:55:09,42.6144332885742,-8.82347679138184,"Female"
"9004155",371989,2025-06-01 13:00:07,42.6145362854004,-8.82334423065186,"Female"
"9004155",371989,2025-06-01 13:05:08,42.6144866943359,-8.82338905334473,"Female"
"9004155",371989,2025-06-01 13:10:08,42.6144676208496,-8.8234395980835,"Female"
"9004155",371989,2025-06-01 13:15:08,42.6143989562988,-8.82339763641357,"Female"
"9004155",371989,2025-06-01 13:20:08,42.6144065856934,-8.82352066040039,"Female"
"9004155",371989,2025-06-01 13:25:08,42.6145324707031,-8.82340812683105,"Female"
"9004155",371989,2025-06-01 13:30:08,42.6145629882812,-8.82330513000488,"Female"
"9004155",371989,2025-06-01 13:35:08,42.6145782470703,-8.82326602935791,"Female"
"9004155",371989,2025-06-01 13:40:08,42.6145248413086,-8.82322692871094,"Female"
"9004155",371989,2025-06-01 13:45:08,42.6145057678223,-8.8233118057251,"Female"
"9004155",371989,2025-06-01 13:50:08,42.6145477294922,-8.82333946228027,"Female"
"9004155",371989,2025-06-01 13:55:08,42.6145706176758,-8.82327938079834,"Female"
"9004155",371989,2025-06-01 14:00:08,42.6145095825195,-8.82353019714355,"Female"
"9004155",371989,2025-06-01 14:05:35,42.6145439147949,-8.82341480255127,"Female"
"9004155",371989,2025-06-01 14:10:19,42.6143226623535,-8.8222827911377,"Female"
"9004155",371989,2025-06-01 14:15:30,42.6133270263672,-8.82261371612549,"Female"
"9004155",371989,2025-06-01 14:20:28,42.6128540039062,-8.82310962677002,"Female"
"9004155",371989,2025-06-01 14:26:14,42.6128273010254,-8.82287120819092,"Female"
"9004155",371989,2025-06-01 14:31:12,42.6130905151367,-8.8233699798584,"Female"
"9004155",371989,2025-06-01 14:36:12,42.6126823425293,-8.82401180267334,"Female"
"9004155",371989,2025-06-01 14:41:12,42.6127395629883,-8.82405567169189,"Female"
"9004155",371989,2025-06-01 14:46:12,42.6128158569336,-8.82404613494873,"Female"
"9004155",371989,2025-06-01 14:51:12,42.6127052307129,-8.82406044006348,"Female"
"9004155",371989,2025-06-01 14:56:12,42.6127967834473,-8.82409381866455,"Female"
"9004155",371989,2025-06-01 15:01:12,42.6128387451172,-8.82407569885254,"Female"
"9004155",371989,2025-06-01 15:06:14,42.6128082275391,-8.82404518127441,"Female"
"9004155",371989,2025-06-01 15:11:16,42.612865447998,-8.82408237457275,"Female"
"9004155",371989,2025-06-01 15:16:13,42.6128463745117,-8.82412433624268,"Female"
"9004155",371989,2025-06-01 15:21:12,42.6129570007324,-8.82418537139893,"Female"
"9004155",371989,2025-06-01 15:26:15,42.6129188537598,-8.82415962219238,"Female"
"9004155",371989,2025-06-01 15:31:13,42.6128768920898,-8.8241081237793,"Female"
"9004155",371989,2025-06-01 15:36:15,42.6130447387695,-8.82446479797363,"Female"
"9004155",371989,2025-06-01 15:41:15,42.6131057739258,-8.82445812225342,"Female"
"9004155",371989,2025-06-01 15:46:16,42.6129570007324,-8.82423114776611,"Female"
"9004155",371989,2025-06-01 15:51:15,42.6130332946777,-8.82451915740967,"Female"
"9004155",371989,2025-06-01 15:56:15,42.6129875183105,-8.82451343536377,"Female"
"9004155",371989,2025-06-01 16:01:35,42.6126174926758,-8.82405567169189,"Female"
"9004155",371989,2025-06-01 16:06:12,42.6124000549316,-8.82407665252686,"Female"
"9004155",371989,2025-06-01 16:11:12,42.6130905151367,-8.82425308227539,"Female"
"9004155",371989,2025-06-01 16:16:38,42.6131477355957,-8.82301616668701,"Female"
"9004155",371989,2025-06-01 16:21:39,42.6128234863281,-8.82218837738037,"Female"
"9004155",371989,2025-06-01 16:26:38,42.6135597229004,-8.82118701934814,"Female"
"9004155",371989,2025-06-01 16:32:29,42.6141090393066,-8.81990146636963,"Female"
"9004155",371989,2025-06-01 16:37:20,42.614372253418,-8.81906700134277,"Female"
"9004155",371989,2025-06-01 16:42:26,42.6148910522461,-8.81925010681152,"Female"
"9004155",371989,2025-06-01 16:47:38,42.6152648925781,-8.81899642944336,"Female"
"9004155",371989,2025-06-01 16:52:37,42.6152420043945,-8.81861972808838,"Female"
"9004155",371989,2025-06-01 16:57:38,42.6153907775879,-8.81871891021729,"Female"
"9004155",371989,2025-06-01 17:02:37,42.6153106689453,-8.81866359710693,"Female"
"9004155",371989,2025-06-01 17:07:37,42.6152954101562,-8.81869792938232,"Female"
"9004155",371989,2025-06-01 17:12:37,42.6152954101562,-8.81881618499756,"Female"
"9004155",371989,2025-06-01 17:17:38,42.6150588989258,-8.81850528717041,"Female"
"9004155",371989,2025-06-01 17:22:38,42.6152191162109,-8.81861114501953,"Female"
"9004155",371989,2025-06-01 17:27:38,42.6152496337891,-8.81853771209717,"Female"
"9004155",371989,2025-06-01 17:32:37,42.6153144836426,-8.81863307952881,"Female"
"9004155",371989,2025-06-01 17:37:37,42.6152763366699,-8.81850337982178,"Female"
"9004155",371989,2025-06-01 17:42:37,42.6152572631836,-8.81851291656494,"Female"
"9004155",371989,2025-06-01 17:47:37,42.6152877807617,-8.81862735748291,"Female"
"9004155",371989,2025-06-01 17:52:45,42.6153755187988,-8.81879615783691,"Female"
"9004155",371989,2025-06-01 17:57:37,42.6152763366699,-8.818603515625,"Female"
"9004155",371989,2025-06-01 18:02:41,42.6151504516602,-8.81899929046631,"Female"
"9004155",371989,2025-06-01 18:08:16,42.613151550293,-8.8181676864624,"Female"
"9004155",371989,2025-06-01 18:13:16,42.6130485534668,-8.82038974761963,"Female"
"9004155",371989,2025-06-01 18:18:11,42.6123580932617,-8.82020378112793,"Female"
"9004155",371989,2025-06-01 18:23:13,42.6119804382324,-8.81965827941895,"Female"
"9004155",371989,2025-06-01 18:28:12,42.6119155883789,-8.81959438323975,"Female"
"9004155",371989,2025-06-01 18:33:35,42.6123962402344,-8.8207426071167,"Female"
"9004155",371989,2025-06-01 18:38:11,42.6123847961426,-8.82062911987305,"Female"
"9004155",371989,2025-06-01 18:43:11,42.6123275756836,-8.82054233551025,"Female"
"9004155",371989,2025-06-01 18:48:10,42.6123199462891,-8.82057571411133,"Female"
"9004155",371989,2025-06-01 18:53:11,42.6123161315918,-8.82053852081299,"Female"
"9004155",371989,2025-06-01 18:58:10,42.6122093200684,-8.8205680847168,"Female"
"9004155",371989,2025-06-01 19:03:11,42.6122512817383,-8.82054901123047,"Female"
"9004155",371989,2025-06-01 19:08:11,42.6122817993164,-8.82060623168945,"Female"
"9004155",371989,2025-06-01 19:13:11,42.6123046875,-8.82060718536377,"Female"
"9004155",371989,2025-06-01 19:18:11,42.6050109863281,-8.84940719604492,"Female"
"9004155",371989,2025-06-01 19:23:11,42.6022148132324,-8.86191463470459,"Female"
"9004155",371989,2025-06-01 19:28:11,42.6022682189941,-8.86196708679199,"Female"
"9004155",371989,2025-06-01 19:33:11,42.6022033691406,-8.86193943023682,"Female"
"9004155",371989,2025-06-01 19:38:11,42.6023368835449,-8.86201190948486,"Female"
"9004155",371989,2025-06-01 19:43:11,42.6023063659668,-8.86195755004883,"Female"
"9004155",371989,2025-06-01 19:48:11,42.5900840759277,-8.88784217834473,"Female"
"9004155",371989,2025-06-01 19:53:11,42.548656463623,-8.93934535980225,"Female"
"9004155",371989,2025-06-01 19:58:11,42.5494422912598,-8.93927097320557,"Female"
"9004155",371989,2025-06-01 20:03:35,42.5494232177734,-8.93939399719238,"Female"
"9004155",371989,2025-06-01 20:08:18,42.5501518249512,-8.93966674804688,"Female"
"9004155",371989,2025-06-01 20:13:11,42.5497932434082,-8.93927669525146,"Female"
"9004155",371989,2025-06-01 20:18:10,42.5503120422363,-8.93952655792236,"Female"
"9004155",371989,2025-06-01 20:23:11,42.550464630127,-8.93988418579102,"Female"
"9004155",371989,2025-06-01 20:28:11,42.5504989624023,-8.93994808197021,"Female"
"9004155",371989,2025-06-01 20:33:12,42.5502891540527,-8.93960666656494,"Female"
"9004155",371989,2025-06-01 20:38:12,42.5502510070801,-8.93962860107422,"Female"
"9004155",371989,2025-06-01 20:43:18,42.550235748291,-8.93960380554199,"Female"
"9004155",371989,2025-06-01 20:48:11,42.5502738952637,-8.93950653076172,"Female"
"9004155",371989,2025-06-01 20:53:18,42.5502052307129,-8.93955516815186,"Female"
"9004155",371989,2025-06-01 20:58:12,42.5503883361816,-8.94010257720947,"Female"
"9004155",371989,2025-06-01 21:03:18,42.5502624511719,-8.93962955474854,"Female"
"9004155",371989,2025-06-01 21:08:16,42.5501441955566,-8.93941211700439,"Female"
"9004155",371989,2025-06-01 21:13:24,42.5502433776855,-8.93961524963379,"Female"
"9004155",371989,2025-06-01 21:18:15,42.5502624511719,-8.93962097167969,"Female"
"9004155",371989,2025-06-01 21:23:18,42.5503044128418,-8.93971920013428,"Female"
"9004155",371989,2025-06-01 21:28:18,42.5502891540527,-8.93982219696045,"Female"
"9004155",371989,2025-06-01 21:33:18,42.550235748291,-8.93961906433105,"Female"
"9004155",371989,2025-06-01 21:38:22,42.5503196716309,-8.93984508514404,"Female"
"9004155",371989,2025-06-01 21:43:19,42.5502777099609,-8.93974685668945,"Female"
"9004155",371989,2025-06-01 21:48:18,42.5503044128418,-8.93976783752441,"Female"
"9004155",371989,2025-06-01 21:53:19,42.5502777099609,-8.93971347808838,"Female"
"9004155",371989,2025-06-01 21:58:19,42.5502891540527,-8.93970012664795,"Female"
"9004155",371989,2025-06-01 22:03:19,42.5502662658691,-8.93970108032227,"Female"
"9004155",371989,2025-06-01 22:08:18,42.5502853393555,-8.93978977203369,"Female"
"9004155",371989,2025-06-01 22:13:35,42.5502319335938,-8.93947982788086,"Female"
"9004155",371989,2025-06-01 22:18:11,42.5502395629883,-8.93946743011475,"Female"
"9004155",371989,2025-06-01 22:23:10,42.5502548217773,-8.93945407867432,"Female"
"9004155",371989,2025-06-01 22:28:11,42.5502548217773,-8.93946170806885,"Female"
"9004155",371989,2025-06-01 22:33:11,42.5502815246582,-8.93952560424805,"Female"
"9004155",371989,2025-06-01 22:38:11,42.5502624511719,-8.93950366973877,"Female"
"9004155",371989,2025-06-01 22:43:11,42.5502777099609,-8.93945598602295,"Female"
"9004155",371989,2025-06-01 22:48:11,42.5502471923828,-8.93947124481201,"Female"
"9004155",371989,2025-06-01 22:53:11,42.5502624511719,-8.93946170806885,"Female"
"9004155",371989,2025-06-01 22:58:11,42.5502243041992,-8.93947887420654,"Female"
"9004155",371989,2025-06-01 23:03:10,42.5502052307129,-8.93945980072021,"Female"
"9004155",371989,2025-06-01 23:08:11,42.5501976013184,-8.93948745727539,"Female"
"9004155",371989,2025-06-01 23:13:11,42.5502586364746,-8.93950366973877,"Female"
"9004155",371989,2025-06-01 23:18:11,42.5502624511719,-8.93953323364258,"Female"
"9004155",371989,2025-06-01 23:23:11,42.5501823425293,-8.93941307067871,"Female"
"9004155",371989,2025-06-01 23:28:11,42.550350189209,-8.93965339660645,"Female"
"9004155",371989,2025-06-01 23:33:11,42.5502891540527,-8.93957901000977,"Female"
"9004155",371989,2025-06-01 23:38:11,42.5502548217773,-8.93961811065674,"Female"
"9004155",371989,2025-06-01 23:43:12,42.5501708984375,-8.93944835662842,"Female"
"9004155",371989,2025-06-01 23:48:16,42.5503387451172,-8.93938064575195,"Female"
"9004155",371989,2025-06-01 23:53:11,42.5502738952637,-8.93949031829834,"Female"
"9004155",371989,2025-06-01 23:58:12,42.5503082275391,-8.93899440765381,"Female"
"9004155",371989,2025-06-02 00:03:18,42.55029296875,-8.93941402435303,"Female"
"9004155",371989,2025-06-02 00:08:11,42.5502624511719,-8.93913173675537,"Female"
"9004155",371989,2025-06-02 00:13:17,42.5502395629883,-8.93947982788086,"Female"
"9004155",371989,2025-06-02 00:18:11,42.5502471923828,-8.93961620330811,"Female"
"9004155",371989,2025-06-02 00:23:18,42.5504493713379,-8.93863105773926,"Female"
"9004155",371989,2025-06-02 00:28:11,42.5502243041992,-8.93968296051025,"Female"
"9004155",371989,2025-06-02 00:33:35,42.550235748291,-8.93942546844482,"Female"
"9004155",371989,2025-06-02 00:38:10,42.5502777099609,-8.93947601318359,"Female"
"9004155",371989,2025-06-02 00:43:09,42.5502510070801,-8.93946170806885,"Female"
"9004155",371989,2025-06-02 00:48:10,42.550178527832,-8.93944835662842,"Female"
"9004155",371989,2025-06-02 00:53:10,42.550220489502,-8.93943405151367,"Female"
"9004155",371989,2025-06-02 00:58:10,42.5502738952637,-8.93948650360107,"Female"
"9004155",371989,2025-06-02 01:03:10,42.5502510070801,-8.93942928314209,"Female"
"9004155",371989,2025-06-02 01:08:10,42.5502128601074,-8.93943881988525,"Female"
"9004155",371989,2025-06-02 01:13:10,42.550163269043,-8.93939685821533,"Female"
"9004155",371989,2025-06-02 01:18:10,42.5502738952637,-8.93947410583496,"Female"
"9004155",371989,2025-06-02 01:23:10,42.550220489502,-8.93941497802734,"Female"
"9004155",371989,2025-06-02 01:28:10,42.5502700805664,-8.93946743011475,"Female"
"9004155",371989,2025-06-02 01:33:10,42.5502777099609,-8.9395055770874,"Female"
"9004155",371989,2025-06-02 01:38:10,42.5502624511719,-8.93948364257812,"Female"
"9004155",371989,2025-06-02 01:43:10,42.5502128601074,-8.93943500518799,"Female"
"9004155",371989,2025-06-02 01:48:10,42.5502853393555,-8.93944072723389,"Female"
"9004155",371989,2025-06-02 01:53:10,42.5503005981445,-8.93945980072021,"Female"
"9004155",371989,2025-06-02 01:58:10,42.5503425598145,-8.9395227432251,"Female"
"9004155",371989,2025-06-02 02:03:11,42.5502700805664,-8.93946170806885,"Female"
"9004155",371989,2025-06-02 02:08:10,42.5503120422363,-8.9394702911377,"Female"
"9004155",371989,2025-06-02 02:13:11,42.5503959655762,-8.93954277038574,"Female"
"9004155",371989,2025-06-02 02:18:11,42.5502891540527,-8.93949699401855,"Female"
"9004155",371989,2025-06-02 02:23:11,42.5502815246582,-8.93948745727539,"Female"
"9004155",371989,2025-06-02 02:28:12,42.5503082275391,-8.93945693969727,"Female"
"9004155",371989,2025-06-02 02:33:35,42.5502662658691,-8.93942165374756,"Female"
"9004155",371989,2025-06-02 02:38:11,42.5502815246582,-8.93941020965576,"Female"
"9004155",371989,2025-06-02 02:43:10,42.5502853393555,-8.93935871124268,"Female"
"9004155",371989,2025-06-02 02:48:10,42.5502166748047,-8.93948364257812,"Female"
"9004155",371989,2025-06-02 02:53:10,42.550178527832,-8.93940258026123,"Female"
"9004155",371989,2025-06-02 02:58:10,42.550235748291,-8.93945121765137,"Female"
"9004155",371989,2025-06-02 03:03:10,42.5501976013184,-8.93949508666992,"Female"
"9004155",371989,2025-06-02 03:08:10,42.5501251220703,-8.93941783905029,"Female"
"9004155",371989,2025-06-02 03:13:10,42.5502281188965,-8.9394006729126,"Female"
"9004155",371989,2025-06-02 03:18:11,42.5502281188965,-8.93946361541748,"Female"
"9004155",371989,2025-06-02 03:23:11,42.5501251220703,-8.93943691253662,"Female"
"9004155",371989,2025-06-02 03:28:11,42.5501899719238,-8.93941783905029,"Female"
"9004155",371989,2025-06-02 03:33:11,42.5501937866211,-8.9394006729126,"Female"
"9004155",371989,2025-06-02 03:38:11,42.5502090454102,-8.93934440612793,"Female"
"9004155",371989,2025-06-02 03:43:11,42.5502052307129,-8.93942451477051,"Female"
"9004155",371989,2025-06-02 03:48:11,42.5501403808594,-8.93941879272461,"Female"
"9004155",371989,2025-06-02 03:53:11,42.5500297546387,-8.93929004669189,"Female"
"9004155",371989,2025-06-02 03:58:11,42.5501518249512,-8.93937683105469,"Female"
"9004155",371989,2025-06-02 04:03:33,42.5502395629883,-8.93940925598145,"Female"
"9004155",371989,2025-06-02 04:08:10,42.5502700805664,-8.93943309783936,"Female"
"9004155",371989,2025-06-02 04:13:10,42.5502700805664,-8.93947982788086,"Female"
"9004155",371989,2025-06-02 04:18:10,42.5503425598145,-8.93937301635742,"Female"
"9004155",371989,2025-06-02 04:23:10,42.5503044128418,-8.93949222564697,"Female"
"9004155",371989,2025-06-02 04:28:10,42.5502662658691,-8.93942165374756,"Female"
"9004155",371989,2025-06-02 04:33:10,42.5502548217773,-8.93951988220215,"Female"
"9004155",371989,2025-06-02 04:38:13,42.5502967834473,-8.93947792053223,"Female"
"9004155",371989,2025-06-02 04:43:10,42.5503311157227,-8.93947124481201,"Female"
"9004155",371989,2025-06-02 04:48:12,42.5502548217773,-8.93947982788086,"Female"
"9004155",371989,2025-06-02 04:53:10,42.5502777099609,-8.93950366973877,"Female"
"9004155",371989,2025-06-02 04:58:10,42.5502471923828,-8.93950653076172,"Female"
"9004155",371989,2025-06-02 05:03:11,42.5502700805664,-8.93945598602295,"Female"
"9004155",371989,2025-06-02 05:08:11,42.5502548217773,-8.93951511383057,"Female"
"9004155",371989,2025-06-02 05:13:12,42.549934387207,-8.9389820098877,"Female"
"9004155",371989,2025-06-02 05:18:10,42.5503463745117,-8.93953895568848,"Female"
"9004155",371989,2025-06-02 05:23:33,42.5502510070801,-8.93944644927979,"Female"
"9004155",371989,2025-06-02 05:28:10,42.5502624511719,-8.93942832946777,"Female"
"9004155",371989,2025-06-02 05:33:11,42.5502510070801,-8.93942832946777,"Female"
"9004155",371989,2025-06-02 05:38:10,42.5502510070801,-8.93939018249512,"Female"
"9004155",371989,2025-06-02 05:43:10,42.5502243041992,-8.93939018249512,"Female"
"9004155",371989,2025-06-02 05:48:10,42.5501708984375,-8.9395055770874,"Female"
"9004155",371989,2025-06-02 05:53:10,42.5502166748047,-8.93944072723389,"Female"
"9004155",371989,2025-06-02 05:58:10,42.550220489502,-8.93947219848633,"Female"
"9004155",371989,2025-06-02 06:03:11,42.5502128601074,-8.93943786621094,"Female"
"9004155",371989,2025-06-02 06:08:11,42.5502319335938,-8.93951320648193,"Female"
"9004155",371989,2025-06-02 06:13:11,42.5502624511719,-8.93944358825684,"Female"
"9004155",371989,2025-06-02 06:18:11,42.5502471923828,-8.93941688537598,"Female"
"9004155",371989,2025-06-02 06:23:10,42.5502700805664,-8.93955707550049,"Female"
"9004155",371989,2025-06-02 06:28:10,42.5502586364746,-8.93946361541748,"Female"
"9004155",371989,2025-06-02 06:33:10,42.5502624511719,-8.93941211700439,"Female"
"9004155",371989,2025-06-02 06:38:10,42.550220489502,-8.93948745727539,"Female"
"9004155",371989,2025-06-02 06:43:10,42.5502243041992,-8.93947696685791,"Female"
"9004155",371989,2025-06-02 06:48:10,42.5502128601074,-8.93948173522949,"Female"
"9004155",371989,2025-06-02 06:53:10,42.5502471923828,-8.93941402435303,"Female"
"9004155",371989,2025-06-02 06:58:10,42.5502815246582,-8.93926048278809,"Female"
"9004155",371989,2025-06-02 07:03:10,42.5502738952637,-8.93926620483398,"Female"
"9004155",371989,2025-06-02 07:08:35,42.550220489502,-8.9394063949585,"Female"
"9004155",371989,2025-06-02 07:13:10,42.5502166748047,-8.93942070007324,"Female"
"9004155",371989,2025-06-02 07:18:10,42.5502777099609,-8.93942165374756,"Female"
"9004155",371989,2025-06-02 07:23:10,42.5502319335938,-8.93948745727539,"Female"
"9004155",371989,2025-06-02 07:28:10,42.5502281188965,-8.93952560424805,"Female"
"9004155",371989,2025-06-02 07:33:10,42.550350189209,-8.93960380554199,"Female"
"9004155",371989,2025-06-02 07:38:10,42.5502128601074,-8.93943691253662,"Female"
"9004155",371989,2025-06-02 07:43:10,42.5503234863281,-8.93952941894531,"Female"
"9004155",371989,2025-06-02 07:48:10,42.5502624511719,-8.93944931030273,"Female"
"9004155",371989,2025-06-02 07:53:10,42.5503120422363,-8.93945503234863,"Female"
"9004155",371989,2025-06-02 07:58:10,42.5503196716309,-8.93945503234863,"Female"
"9004155",371989,2025-06-02 08:03:10,42.5502815246582,-8.93949127197266,"Female"
"9004155",371989,2025-06-02 08:08:11,42.5502815246582,-8.93944835662842,"Female"
"9004155",371989,2025-06-02 08:13:10,42.5503234863281,-8.93949127197266,"Female"
"9004155",371989,2025-06-02 08:18:11,42.5503387451172,-8.93942546844482,"Female"
"9004155",371989,2025-06-02 08:23:10,42.5503196716309,-8.93946647644043,"Female"
"9004155",371989,2025-06-02 08:28:11,42.5503158569336,-8.93938636779785,"Female"
"9004155",371989,2025-06-02 08:33:10,42.5503273010254,-8.93947410583496,"Female"
"9004155",371989,2025-06-02 08:38:11,42.5503082275391,-8.93942165374756,"Female"
"9004155",371989,2025-06-02 08:43:11,42.5503692626953,-8.939377784729,"Female"
"9004155",371989,2025-06-02 08:48:11,42.5503616333008,-8.93942832946777,"Female"
"9004155",371989,2025-06-02 08:53:11,42.5503768920898,-8.93944931030273,"Female"
"9004155",371989,2025-06-02 08:58:11,42.5503578186035,-8.93931293487549,"Female"
"9004155",371989,2025-06-02 09:03:11,42.5503692626953,-8.93936729431152,"Female"
"9004155",371989,2025-06-02 09:08:11,42.5503768920898,-8.93932342529297,"Female"
"9004155",371989,2025-06-02 09:13:11,42.5503692626953,-8.9393253326416,"Female"
"9004155",371989,2025-06-02 09:18:13,42.5506591796875,-8.93766403198242,"Female"
"9004155",371989,2025-06-02 09:23:11,42.5532073974609,-8.92261600494385,"Female"
"9004155",371989,2025-06-02 09:28:12,42.5596122741699,-8.9074182510376,"Female"
"9004155",371989,2025-06-02 09:33:11,42.5597305297852,-8.90727424621582,"Female"
"9004155",371989,2025-06-02 09:38:23,42.5595016479492,-8.90742206573486,"Female"
"9004155",371989,2025-06-02 09:43:12,42.5713386535645,-8.89170169830322,"Female"
"9004155",371989,2025-06-02 09:48:35,42.5854644775391,-8.86280059814453,"Female"
"9004155",371989,2025-06-02 09:53:11,42.598072052002,-8.83884525299072,"Female"
"9004155",371989,2025-06-02 09:58:11,42.6077194213867,-8.82037544250488,"Female"
"9004155",371989,2025-06-02 10:03:37,42.6080017089844,-8.82002735137939,"Female"
"9004155",371989,2025-06-02 10:08:50,42.608024597168,-8.82024383544922,"Female"
"9004155",371989,2025-06-02 10:13:49,42.6086044311523,-8.81962203979492,"Female"
"9004155",371989,2025-06-02 10:18:49,42.608528137207,-8.81954097747803,"Female"
"9004155",371989,2025-06-02 10:23:50,42.6086044311523,-8.81960964202881,"Female"
"9004155",371989,2025-06-02 10:28:50,42.6086463928223,-8.81975555419922,"Female"
"9004155",371989,2025-06-02 10:33:50,42.6087112426758,-8.81982231140137,"Female"
"9004155",371989,2025-06-02 10:38:51,42.6087951660156,-8.81994247436523,"Female"
"9004155",371989,2025-06-02 10:43:52,42.6086158752441,-8.81952667236328,"Female"
"9004155",371989,2025-06-02 10:48:51,42.6088714599609,-8.8200044631958,"Female"
"9004155",371989,2025-06-02 10:53:50,42.6087684631348,-8.8199348449707,"Female"
"9004155",371989,2025-06-02 10:58:53,42.608570098877,-8.81953811645508,"Female"
"9004155",371989,2025-06-02 11:03:58,42.6085929870605,-8.81961917877197,"Female"
"9004155",371989,2025-06-02 11:08:52,42.6085815429688,-8.81956958770752,"Female"
"9004155",371989,2025-06-02 11:13:51,42.6086006164551,-8.81961441040039,"Female"
"9004155",371989,2025-06-02 11:19:02,42.6085395812988,-8.81951141357422,"Female"
"9004155",371989,2025-06-02 11:24:12,42.6084823608398,-8.81954574584961,"Female"
"9004155",371989,2025-06-02 11:28:49,42.6085968017578,-8.81952381134033,"Female"
"9004155",371989,2025-06-02 11:33:49,42.6085929870605,-8.81947803497314,"Female"
"9004155",371989,2025-06-02 11:38:49,42.608570098877,-8.81954956054688,"Female"
"9004155",371989,2025-06-02 11:43:49,42.6086387634277,-8.81956577301025,"Female"
"9004155",371989,2025-06-02 11:49:14,42.6085968017578,-8.81950283050537,"Female"
"9004155",371989,2025-06-02 11:53:49,42.6085395812988,-8.81951141357422,"Female"
"9004155",371989,2025-06-02 11:58:49,42.6085510253906,-8.81949710845947,"Female"
"9004155",371989,2025-06-02 12:03:49,42.6086349487305,-8.81945705413818,"Female"
"9004155",371989,2025-06-02 12:08:49,42.608585357666,-8.81951808929443,"Female"
"9004155",371989,2025-06-02 12:13:51,42.6086502075195,-8.81945037841797,"Female"
"9004155",371989,2025-06-02 12:18:50,42.6084480285645,-8.81950759887695,"Female"
"9004155",371989,2025-06-02 12:23:50,42.6085052490234,-8.81950664520264,"Female"
"9004155",371989,2025-06-02 12:28:49,42.6085777282715,-8.81948471069336,"Female"
"9004155",371989,2025-06-02 12:34:24,42.6089706420898,-8.81922626495361,"Female"
"9004155",371989,2025-06-02 12:39:54,42.608528137207,-8.81961536407471,"Female"
"9004155",371989,2025-06-02 12:44:48,42.6096496582031,-8.8204288482666,"Female"
"9004155",371989,2025-06-02 12:50:06,42.609489440918,-8.82043647766113,"Female"
"9004155",371989,2025-06-02 12:54:44,42.6094589233398,-8.82042407989502,"Female"
"9004155",371989,2025-06-02 13:00:03,42.6094970703125,-8.82042217254639,"Female"
"9004155",371989,2025-06-02 13:04:43,42.6095085144043,-8.82038307189941,"Female"
"9004155",371989,2025-06-02 13:09:43,42.6094970703125,-8.82041549682617,"Female"
"9004155",371989,2025-06-02 13:14:43,42.6094932556152,-8.82042026519775,"Female"
"9004155",371989,2025-06-02 13:19:46,42.6094703674316,-8.82045555114746,"Female"
"9004155",371989,2025-06-02 13:24:43,42.6094627380371,-8.82044219970703,"Female"
"9004155",371989,2025-06-02 13:29:43,42.6094970703125,-8.8204345703125,"Female"
"9004155",371989,2025-06-02 13:34:43,42.6094970703125,-8.82043075561523,"Female"
"9004155",371989,2025-06-02 13:39:44,42.6094703674316,-8.82042598724365,"Female"
"9004155",371989,2025-06-02 13:44:44,42.6094665527344,-8.82042980194092,"Female"
"9004155",371989,2025-06-02 13:49:43,42.6095008850098,-8.82035064697266,"Female"
"9004155",371989,2025-06-02 13:54:44,42.609546661377,-8.82037734985352,"Female"
"9004155",371989,2025-06-02 13:59:44,42.6095199584961,-8.8204345703125,"Female"
"9004155",371989,2025-06-02 14:04:44,42.6103706359863,-8.8175573348999,"Female"
"9004155",371989,2025-06-02 14:09:44,42.6101150512695,-8.81754684448242,"Female"
"9004155",371989,2025-06-02 14:14:43,42.6103134155273,-8.81740760803223,"Female"
"9004155",371989,2025-06-02 14:20:17,42.6103172302246,-8.81733322143555,"Female"
"9004155",371989,2025-06-02 14:25:14,42.6110954284668,-8.81907653808594,"Female"
"9004155",371989,2025-06-02 14:30:15,42.6123580932617,-8.82010746002197,"Female"
"9004155",371989,2025-06-02 14:35:15,42.6124305725098,-8.82013607025146,"Female"
"9004155",371989,2025-06-02 14:40:14,42.6126594543457,-8.8201904296875,"Female"
"9004155",371989,2025-06-02 14:45:14,42.6125602722168,-8.82021045684814,"Female"
"9004155",371989,2025-06-02 14:50:15,42.6126556396484,-8.82017135620117,"Female"
"9004155",371989,2025-06-02 14:55:15,42.6127052307129,-8.8201847076416,"Female"
"9004155",371989,2025-06-02 15:00:15,42.6126747131348,-8.82021999359131,"Female"
"9004155",371989,2025-06-02 15:05:15,42.6125984191895,-8.82024669647217,"Female"
"9004155",371989,2025-06-02 15:10:15,42.6126594543457,-8.82021808624268,"Female"
"9004155",371989,2025-06-02 15:15:15,42.612663269043,-8.82022285461426,"Female"
"9004155",371989,2025-06-02 15:20:15,42.6127243041992,-8.82023620605469,"Female"
"9004155",371989,2025-06-02 15:25:15,42.6126365661621,-8.82024955749512,"Female"
"9004155",371989,2025-06-02 15:30:16,42.612663269043,-8.8202486038208,"Female"
"9004155",371989,2025-06-02 15:35:16,42.6126670837402,-8.82021903991699,"Female"
"9004155",371989,2025-06-02 15:40:23,42.6126594543457,-8.82022571563721,"Female"
"9004155",371989,2025-06-02 15:45:16,42.6127052307129,-8.82029628753662,"Female"
"9004155",371989,2025-06-02 15:50:16,42.6126899719238,-8.82028388977051,"Female"
"9004155",371989,2025-06-02 15:55:16,42.6127090454102,-8.82023811340332,"Female"
"9004155",371989,2025-06-02 16:00:17,42.6127014160156,-8.82030582427979,"Female"
"9004155",371989,2025-06-02 16:05:19,42.6126098632812,-8.82018852233887,"Female"
"9004155",371989,2025-06-02 16:10:15,42.6126747131348,-8.82024765014648,"Female"
"9004155",371989,2025-06-02 16:15:15,42.6126670837402,-8.82021427154541,"Female"
"9004155",371989,2025-06-02 16:20:35,42.6126708984375,-8.82024955749512,"Female"
"9004155",371989,2025-06-02 16:25:15,42.61279296875,-8.8203010559082,"Female"
"9004155",371989,2025-06-02 16:30:15,42.6127014160156,-8.82024383544922,"Female"
"9004155",371989,2025-06-02 16:35:15,42.6125831604004,-8.82018375396729,"Female"
"9004155",371989,2025-06-02 16:40:15,42.6126823425293,-8.82023334503174,"Female"
"9004155",371989,2025-06-02 16:45:15,42.612735748291,-8.820237159729,"Female"
"9004155",371989,2025-06-02 16:50:15,42.6125984191895,-8.82017803192139,"Female"
"9004155",371989,2025-06-02 16:55:15,42.6127166748047,-8.82025051116943,"Female"
"9004155",371989,2025-06-02 17:00:16,42.6117248535156,-8.8180980682373,"Female"
"9004155",371989,2025-06-02 17:05:18,42.6121025085449,-8.81783962249756,"Female"
"9004155",371989,2025-06-02 17:10:19,42.6117172241211,-8.8175630569458,"Female"
"9004155",371989,2025-06-02 17:16:22,42.61083984375,-8.81834888458252,"Female"
"9004155",371989,2025-06-02 17:20:39,42.6106605529785,-8.81996440887451,"Female"
"9004155",371989,2025-06-02 17:25:43,42.6105117797852,-8.81989669799805,"Female"
"9004155",371989,2025-06-02 17:30:42,42.6104393005371,-8.81982231140137,"Female"
"9004155",371989,2025-06-02 17:36:00,42.6106262207031,-8.82001686096191,"Female"
"9004155",371989,2025-06-02 17:41:01,42.6104393005371,-8.81982898712158,"Female"
"9004155",371989,2025-06-02 17:45:36,42.6103668212891,-8.81972694396973,"Female"
"9004155",371989,2025-06-02 17:50:36,42.6104393005371,-8.81985759735107,"Female"
"9004155",371989,2025-06-02 17:55:36,42.6104507446289,-8.81991863250732,"Female"
"9004155",371989,2025-06-02 18:00:36,42.610481262207,-8.81994533538818,"Female"
"9004155",371989,2025-06-02 18:05:36,42.6104736328125,-8.82005596160889,"Female"
"9004155",371989,2025-06-02 18:10:36,42.6104393005371,-8.82007503509521,"Female"
"9004155",371989,2025-06-02 18:15:36,42.6104393005371,-8.82012748718262,"Female"
"9004155",371989,2025-06-02 18:20:36,42.6105270385742,-8.82017230987549,"Female"
"9004155",371989,2025-06-02 18:25:36,42.6105270385742,-8.82011032104492,"Female"
"9004155",371989,2025-06-02 18:30:36,42.6104965209961,-8.82005882263184,"Female"
"9004155",371989,2025-06-02 18:35:36,42.6104927062988,-8.82009792327881,"Female"
"9004155",371989,2025-06-02 18:40:36,42.6105003356934,-8.82014179229736,"Female"
"9004155",371989,2025-06-02 18:45:37,42.6105270385742,-8.8201847076416,"Female"
"9004155",371989,2025-06-02 18:50:36,42.6104354858398,-8.82014656066895,"Female"
"9004155",371989,2025-06-02 18:55:36,42.6104125976562,-8.82016754150391,"Female"
"9004155",371989,2025-06-02 19:00:37,42.6105194091797,-8.82026386260986,"Female"
"9004155",371989,2025-06-02 19:05:37,42.610424041748,-8.82005310058594,"Female"
"9004155",371989,2025-06-02 19:10:36,42.6104736328125,-8.82015991210938,"Female"
"9004155",371989,2025-06-02 19:15:36,42.5974922180176,-8.8532543182373,"Female"
"9004155",371989,2025-06-02 19:20:37,42.595630645752,-8.86338329315186,"Female"
"9004155",371989,2025-06-02 19:25:37,42.5957908630371,-8.86352443695068,"Female"
"9004155",371989,2025-06-02 19:30:36,42.5957832336426,-8.86356925964355,"Female"
"9004155",371989,2025-06-02 19:35:36,42.578010559082,-8.8992919921875,"Female"
"9004155",371989,2025-06-02 19:40:37,42.5516624450684,-8.93987846374512,"Female"
"9004155",371989,2025-06-02 19:45:37,42.5516815185547,-8.93987560272217,"Female"
"9004155",371989,2025-06-02 19:50:38,42.5486793518066,-8.93898296356201,"Female"
"9004155",371989,2025-06-02 19:56:05,42.5485038757324,-8.93879222869873,"Female"
"9004155",371989,2025-06-02 20:00:36,42.5484962463379,-8.93880176544189,"Female"
"9004155",371989,2025-06-02 20:05:36,42.5484962463379,-8.93878078460693,"Female"
"9004155",371989,2025-06-02 20:10:36,42.5484809875488,-8.93881225585938,"Female"
"9004155",371989,2025-06-02 20:15:36,42.548454284668,-8.93881320953369,"Female"
"9004155",371989,2025-06-02 20:20:36,42.5485000610352,-8.93881130218506,"Female"
"9004155",371989,2025-06-02 20:25:36,42.5484809875488,-8.93883419036865,"Female"
"9004155",371989,2025-06-02 20:30:36,42.548469543457,-8.93889141082764,"Female"
"9004155",371989,2025-06-02 20:35:36,42.5484580993652,-8.9388542175293,"Female"
"9004155",371989,2025-06-02 20:40:36,42.5485000610352,-8.93884658813477,"Female"
"9004155",371989,2025-06-02 20:45:36,42.5484275817871,-8.93884563446045,"Female"
"9004155",371989,2025-06-02 20:50:36,42.5484962463379,-8.93883895874023,"Female"
"9004155",371989,2025-06-02 20:55:36,42.5484886169434,-8.93886280059814,"Female"
"9004155",371989,2025-06-02 21:00:36,42.5484771728516,-8.93888759613037,"Female"
"9004155",371989,2025-06-02 21:05:36,42.5484580993652,-8.93874740600586,"Female"
"9004155",371989,2025-06-02 21:10:40,42.548469543457,-8.9388542175293,"Female"
"9004155",371989,2025-06-02 21:15:37,42.5485496520996,-8.93892478942871,"Female"
"9004155",371989,2025-06-02 21:20:36,42.5484199523926,-8.93873023986816,"Female"
"9004155",371989,2025-06-02 21:25:36,42.5485191345215,-8.93892669677734,"Female"
"9004155",371989,2025-06-02 21:30:37,42.5484886169434,-8.93851089477539,"Female"
"9004155",371989,2025-06-02 21:36:05,42.548469543457,-8.93887233734131,"Female"
"9004155",371989,2025-06-02 21:40:36,42.5484619140625,-8.93887424468994,"Female"
"9004155",371989,2025-06-02 21:45:36,42.5485153198242,-8.93886280059814,"Female"
"9004155",371989,2025-06-02 21:50:36,42.5484848022461,-8.93885135650635,"Female"
"9004155",371989,2025-06-02 21:55:36,42.5484809875488,-8.93882656097412,"Female"
"9004155",371989,2025-06-02 22:00:36,42.5485305786133,-8.9388427734375,"Female"
"9004155",371989,2025-06-02 22:05:36,42.5485153198242,-8.93888378143311,"Female"
"9004155",371989,2025-06-02 22:10:36,42.5485992431641,-8.93883323669434,"Female"
"9004155",371989,2025-06-02 22:15:36,42.5484924316406,-8.93889427185059,"Female"
"9004155",371989,2025-06-02 22:20:36,42.5484466552734,-8.93889045715332,"Female"
"9004155",371989,2025-06-02 22:25:39,42.548511505127,-8.93889617919922,"Female"
"9004155",371989,2025-06-02 22:30:36,42.5485687255859,-8.93894290924072,"Female"
"9004155",371989,2025-06-02 22:35:36,42.5485420227051,-8.93886089324951,"Female"
"9004155",371989,2025-06-02 22:40:36,42.5487060546875,-8.93889808654785,"Female"
"9004155",371989,2025-06-02 22:45:36,42.5484924316406,-8.93882179260254,"Female"
"9004155",371989,2025-06-02 22:50:36,42.5486755371094,-8.93897438049316,"Female"
"9004155",371989,2025-06-02 22:55:37,42.5485801696777,-8.93886470794678,"Female"
"9004155",371989,2025-06-02 23:00:37,42.5484809875488,-8.93882846832275,"Female"
"9004155",371989,2025-06-02 23:05:38,42.5483779907227,-8.93873119354248,"Female"
"9004155",371989,2025-06-02 23:11:05,42.5485649108887,-8.93883037567139,"Female"
"9004155",371989,2025-06-02 23:15:37,42.5485610961914,-8.93893718719482,"Female"
"9004155",371989,2025-06-02 23:20:36,42.5486297607422,-8.93903541564941,"Female"
"9004155",371989,2025-06-02 23:25:37,42.5485038757324,-8.93874931335449,"Female"
"9004155",371989,2025-06-02 23:30:36,42.5485610961914,-8.93894195556641,"Female"
"9004155",371989,2025-06-02 23:35:36,42.5485763549805,-8.93904972076416,"Female"
"9004155",371989,2025-06-02 23:40:36,42.5484924316406,-8.93883323669434,"Female"
"9004155",371989,2025-06-02 23:45:36,42.5484657287598,-8.93877792358398,"Female"
"9004155",371989,2025-06-02 23:50:36,42.5485038757324,-8.93889331817627,"Female"
"9004155",371989,2025-06-02 23:55:38,42.5485610961914,-8.938796043396,"Female"
"9004155",371989,2025-06-03 00:00:37,42.5485305786133,-8.93885040283203,"Female"
"9004155",371989,2025-06-03 00:05:36,42.5485343933105,-8.93896770477295,"Female"
"9004155",371989,2025-06-03 00:10:36,42.5485076904297,-8.93898582458496,"Female"
"9004155",371989,2025-06-03 00:15:37,42.5485420227051,-8.93892192840576,"Female"
"9004155",371989,2025-06-03 00:20:36,42.5485420227051,-8.93893718719482,"Female"
"9004155",371989,2025-06-03 00:25:36,42.5485191345215,-8.93887901306152,"Female"
"9004155",371989,2025-06-03 00:30:36,42.5485382080078,-8.9389123916626,"Female"
"9004155",371989,2025-06-03 00:35:37,42.5484886169434,-8.93887138366699,"Female"
"9004155",371989,2025-06-03 00:40:36,42.5485000610352,-8.93885612487793,"Female"
"9004155",371989,2025-06-03 00:45:36,42.5485610961914,-8.93887805938721,"Female"
"9004155",371989,2025-06-03 00:50:40,42.5486450195312,-8.93888282775879,"Female"
"9004155",371989,2025-06-03 00:55:40,42.5485687255859,-8.93886661529541,"Female"
"9004155",371989,2025-06-03 01:00:38,42.5485305786133,-8.93886756896973,"Female"
"9004155",371989,2025-06-03 01:05:38,42.5485076904297,-8.93887901306152,"Female"
"9004155",371989,2025-06-03 01:10:40,42.5485534667969,-8.93890285491943,"Female"
"9004155",371989,2025-06-03 01:15:50,42.5486335754395,-8.93889617919922,"Female"
"9004155",371989,2025-06-03 01:21:05,42.5485610961914,-8.93886089324951,"Female"
"9004155",371989,2025-06-03 01:25:37,42.5485458374023,-8.93887519836426,"Female"
"9004155",371989,2025-06-03 01:30:36,42.5486755371094,-8.93892192840576,"Female"
"9004155",371989,2025-06-03 01:35:36,42.5485000610352,-8.93876361846924,"Female"
"9004155",371989,2025-06-03 01:40:36,42.5485763549805,-8.93885612487793,"Female"
"9004155",371989,2025-06-03 01:45:37,42.5486106872559,-8.93884944915771,"Female"
"9004155",371989,2025-06-03 01:50:37,42.5489273071289,-8.93883895874023,"Female"
"9004155",371989,2025-06-03 01:55:36,42.5486831665039,-8.93880271911621,"Female"
"9004155",371989,2025-06-03 02:00:43,42.5486640930176,-8.93888187408447,"Female"
"9004155",371989,2025-06-03 02:05:38,42.5486106872559,-8.93892574310303,"Female"
"9004155",371989,2025-06-03 02:10:46,42.5486679077148,-8.93884086608887,"Female"
"9004155",371989,2025-06-03 02:15:37,42.548713684082,-8.93888759613037,"Female"
"9004155",371989,2025-06-03 02:21:05,42.5485382080078,-8.93881320953369,"Female"
"9004155",371989,2025-06-03 02:25:36,42.5485076904297,-8.93874454498291,"Female"
"9004155",371989,2025-06-03 02:30:37,42.548511505127,-8.9387092590332,"Female"
"9004155",371989,2025-06-03 02:35:37,42.5485763549805,-8.938796043396,"Female"
"9004155",371989,2025-06-03 02:40:37,42.5485496520996,-8.93878269195557,"Female"
"9004155",371989,2025-06-03 02:45:36,42.5485382080078,-8.93875408172607,"Female"
"9004155",371989,2025-06-03 02:50:36,42.5485534667969,-8.93878269195557,"Female"
"9004155",371989,2025-06-03 02:55:36,42.5485076904297,-8.93878364562988,"Female"
"9004155",371989,2025-06-03 03:00:36,42.5484466552734,-8.93879508972168,"Female"
"9004155",371989,2025-06-03 03:05:36,42.5484428405762,-8.93876361846924,"Female"
"9004155",371989,2025-06-03 03:10:36,42.5484924316406,-8.9388370513916,"Female"
"9004155",371989,2025-06-03 03:15:36,42.5485076904297,-8.93884658813477,"Female"
"9004155",371989,2025-06-03 03:20:36,42.5483741760254,-8.9387378692627,"Female"
"9004155",371989,2025-06-03 03:25:36,42.5484733581543,-8.93880653381348,"Female"
"9004155",371989,2025-06-03 03:30:36,42.5484657287598,-8.93873310089111,"Female"
"9004155",371989,2025-06-03 03:35:36,42.5485992431641,-8.93879127502441,"Female"
"9004155",371989,2025-06-03 03:40:36,42.5483436584473,-8.93873691558838,"Female"
"9004155",371989,2025-06-03 03:45:38,42.5484771728516,-8.93879508972168,"Female"
"9004155",371989,2025-06-03 03:50:36,42.5484390258789,-8.93874073028564,"Female"
"9004155",371989,2025-06-03 03:55:36,42.5484733581543,-8.93872737884521,"Female"
"9004155",371989,2025-06-03 04:01:05,42.5485000610352,-8.93878650665283,"Female"
"9004155",371989,2025-06-03 04:05:36,42.548412322998,-8.93875408172607,"Female"
"9004155",371989,2025-06-03 04:10:36,42.5484809875488,-8.93876075744629,"Female"
"9004155",371989,2025-06-03 04:15:36,42.5484848022461,-8.93876552581787,"Female"
"9004155",371989,2025-06-03 04:20:36,42.5485763549805,-8.93883419036865,"Female"
"9004155",371989,2025-06-03 04:25:36,42.5485801696777,-8.93884658813477,"Female"
"9004155",371989,2025-06-03 04:30:37,42.5485763549805,-8.93882465362549,"Female"
"9004155",371989,2025-06-03 04:35:37,42.5486488342285,-8.9389762878418,"Female"
"9004155",371989,2025-06-03 04:40:36,42.548526763916,-8.93879222869873,"Female"
"9004155",371989,2025-06-03 04:45:46,42.5486450195312,-8.93895053863525,"Female"
"9004155",371989,2025-06-03 04:50:45,42.5485496520996,-8.93889427185059,"Female"
"9004155",371989,2025-06-03 04:55:40,42.5486793518066,-8.93896579742432,"Female"
"9004155",371989,2025-06-03 05:01:05,42.5485305786133,-8.93882369995117,"Female"
"9004155",371989,2025-06-03 05:05:36,42.5485305786133,-8.93876934051514,"Female"
"9004155",371989,2025-06-03 05:10:36,42.548583984375,-8.93871116638184,"Female"
"9004155",371989,2025-06-03 05:15:36,42.5485191345215,-8.93885326385498,"Female"
"9004155",371989,2025-06-03 05:20:36,42.5485649108887,-8.93878078460693,"Female"
"9004155",371989,2025-06-03 05:25:37,42.5486297607422,-8.93892002105713,"Female"
"9004155",371989,2025-06-03 05:30:36,42.5485992431641,-8.93884086608887,"Female"
"9004155",371989,2025-06-03 05:35:36,42.5485420227051,-8.93884658813477,"Female"
"9004155",371989,2025-06-03 05:40:36,42.5485343933105,-8.93887710571289,"Female"
"9004155",371989,2025-06-03 05:45:36,42.5485763549805,-8.93882846832275,"Female"
"9004155",371989,2025-06-03 05:50:38,42.5484352111816,-8.93893623352051,"Female"
"9004155",371989,2025-06-03 05:55:36,42.5485496520996,-8.93887710571289,"Female"
"9004155",371989,2025-06-03 06:00:36,42.5485420227051,-8.93879985809326,"Female"
"9004155",371989,2025-06-03 06:05:47,42.5485382080078,-8.93892669677734,"Female"
"9004155",371989,2025-06-03 06:10:36,42.5485649108887,-8.93888759613037,"Female"
"9004155",371989,2025-06-03 06:16:05,42.5485382080078,-8.93887233734131,"Female"
"9004155",371989,2025-06-03 06:20:36,42.5485763549805,-8.93900680541992,"Female"
"9004155",371989,2025-06-03 06:26:05,42.5485496520996,-8.93887615203857,"Female"
"9004155",371989,2025-06-03 06:30:36,42.5484580993652,-8.93886756896973,"Female"
"9004155",371989,2025-06-03 06:35:36,42.5485153198242,-8.93887901306152,"Female"
"9004155",371989,2025-06-03 06:40:36,42.548469543457,-8.93884754180908,"Female"
"9004155",371989,2025-06-03 06:45:37,42.5484809875488,-8.93887901306152,"Female"
"9004155",371989,2025-06-03 06:50:36,42.548469543457,-8.93889427185059,"Female"
"9004155",371989,2025-06-03 06:55:36,42.5483932495117,-8.93878746032715,"Female"
"9004155",371989,2025-06-03 07:00:36,42.5484962463379,-8.9388313293457,"Female"
"9004155",371989,2025-06-03 07:05:37,42.5485801696777,-8.93871021270752,"Female"
"9004155",371989,2025-06-03 07:10:36,42.5485229492188,-8.93892192840576,"Female"
"9004155",371989,2025-06-03 07:15:37,42.5485916137695,-8.93880558013916,"Female"
"9004155",371989,2025-06-03 07:20:36,42.5485572814941,-8.9387731552124,"Female"
"9004155",371989,2025-06-03 07:25:38,42.5487899780273,-8.93898773193359,"Female"
"9004155",371989,2025-06-03 07:30:37,42.5484504699707,-8.93885135650635,"Female"
"9004155",371989,2025-06-03 07:35:37,42.5488777160645,-8.93911075592041,"Female"
"9004155",371989,2025-06-03 07:40:36,42.5486679077148,-8.9389181137085,"Female"
"9004155",371989,2025-06-03 07:45:36,42.5488014221191,-8.93914318084717,"Female"
"9004155",371989,2025-06-03 07:50:36,42.5487442016602,-8.93905544281006,"Female"
"9004155",371989,2025-06-03 07:55:36,42.5486755371094,-8.93900489807129,"Female"
"9004155",371989,2025-06-03 08:01:05,42.5485534667969,-8.93886470794678,"Female"
"9004155",371989,2025-06-03 08:05:36,42.5485649108887,-8.93880748748779,"Female"
"9004155",371989,2025-06-03 08:10:36,42.5485610961914,-8.93888568878174,"Female"
"9004155",371989,2025-06-03 08:15:36,42.5485572814941,-8.93889331817627,"Female"
"9004155",371989,2025-06-03 08:20:36,42.548583984375,-8.9388256072998,"Female"
"9004155",371989,2025-06-03 08:25:36,42.5485649108887,-8.93877601623535,"Female"
"9004155",371989,2025-06-03 08:30:36,42.548583984375,-8.93881702423096,"Female"
"9004155",371989,2025-06-03 08:35:36,42.5486030578613,-8.9387731552124,"Female"
"9004155",371989,2025-06-03 08:40:36,42.5486373901367,-8.93877410888672,"Female"
"9004155",371989,2025-06-03 08:45:36,42.5486106872559,-8.93877792358398,"Female"
"9004155",371989,2025-06-03 08:50:36,42.548698425293,-8.93861770629883,"Female"
"9004155",371989,2025-06-03 08:55:36,42.548656463623,-8.93870735168457,"Female"
"9004155",371989,2025-06-03 09:00:36,42.5485496520996,-8.93885040283203,"Female"
"9004155",371989,2025-06-03 09:05:39,42.5486755371094,-8.93869018554688,"Female"
"9004155",371989,2025-06-03 09:10:36,42.5485687255859,-8.93890762329102,"Female"
"9004155",371989,2025-06-03 09:15:38,42.5486068725586,-8.93879222869873,"Female"
"9004155",371989,2025-06-03 09:20:37,42.548454284668,-8.93889999389648,"Female"
"9004155",371989,2025-06-03 09:25:39,42.5485496520996,-8.93891906738281,"Female"
"9004155",371989,2025-06-03 09:30:36,42.5485572814941,-8.93879127502441,"Female"
"9004155",371989,2025-06-03 09:36:05,42.5485000610352,-8.93883419036865,"Female"
"9004155",371989,2025-06-03 09:40:37,42.5485343933105,-8.93878841400146,"Female"
"9004155",371989,2025-06-03 09:45:36,42.5485725402832,-8.93884944915771,"Female"
"9004155",371989,2025-06-03 09:50:36,42.5485153198242,-8.93884754180908,"Female"
"9004155",371989,2025-06-03 09:55:36,42.5628509521484,-8.90080738067627,"Female"
"9004155",371989,2025-06-03 10:00:36,42.5858039855957,-8.86614799499512,"Female"
"9004155",371989,2025-06-03 10:05:36,42.6020278930664,-8.82425022125244,"Female"
"9004155",371989,2025-06-03 10:11:07,42.605655670166,-8.81724262237549,"Female"
"9004155",371989,2025-06-03 10:16:07,42.605281829834,-8.81707096099854,"Female"
"9004155",371989,2025-06-03 10:21:07,42.6052703857422,-8.81704902648926,"Female"
"9004155",371989,2025-06-03 10:26:07,42.6052551269531,-8.81707572937012,"Female"
"9004155",371989,2025-06-03 10:31:07,42.6052780151367,-8.81711292266846,"Female"
"9004155",371989,2025-06-03 10:36:07,42.605110168457,-8.81674194335938,"Female"
"9004155",371989,2025-06-03 10:41:12,42.605152130127,-8.8170051574707,"Female"
"9004155",371989,2025-06-03 10:46:07,42.6052589416504,-8.81708526611328,"Female"
"9004155",371989,2025-06-03 10:51:08,42.6051254272461,-8.8170108795166,"Female"
"9004155",371989,2025-06-03 10:56:08,42.6049308776855,-8.81658744812012,"Female"
"9004155",371989,2025-06-03 11:01:08,42.6052551269531,-8.81715679168701,"Female"
"9004155",371989,2025-06-03 11:06:19,42.6051864624023,-8.81705093383789,"Female"
"9004155",371989,2025-06-03 11:11:35,42.6052665710449,-8.81701755523682,"Female"
"9004155",371989,2025-06-03 11:16:07,42.6052551269531,-8.81701564788818,"Female"
"9004155",371989,2025-06-03 11:21:07,42.605396270752,-8.81703662872314,"Female"
"9004155",371989,2025-06-03 11:26:07,42.6052932739258,-8.81707763671875,"Female"
"9004155",371989,2025-06-03 11:31:08,42.6052856445312,-8.8170280456543,"Female"
"9004155",371989,2025-06-03 11:36:07,42.6052932739258,-8.8170223236084,"Female"
"9004155",371989,2025-06-03 11:41:08,42.6054039001465,-8.81701278686523,"Female"
"9004155",371989,2025-06-03 11:46:07,42.6053237915039,-8.81699657440186,"Female"
"9004155",371989,2025-06-03 11:51:07,42.6052932739258,-8.81701564788818,"Female"
"9004155",371989,2025-06-03 11:56:07,42.6052894592285,-8.81697940826416,"Female"
"9004155",371989,2025-06-03 12:01:07,42.6053199768066,-8.81701946258545,"Female"
"9004155",371989,2025-06-03 12:06:07,42.6052284240723,-8.81693649291992,"Female"
"9004155",371989,2025-06-03 12:11:07,42.6057472229004,-8.81646251678467,"Female"
"9004155",371989,2025-06-03 12:16:44,42.6066589355469,-8.81531715393066,"Female"
"9004155",371989,2025-06-03 12:22:28,42.6067123413086,-8.81534767150879,"Female"
"9004155",371989,2025-06-03 12:27:29,42.6065254211426,-8.81550407409668,"Female"
"9004155",371989,2025-06-03 12:32:27,42.606559753418,-8.81528759002686,"Female"
"9004155",371989,2025-06-03 12:37:27,42.6065254211426,-8.81552982330322,"Female"
"9004155",371989,2025-06-03 12:42:27,42.6065788269043,-8.81563377380371,"Female"
"9004155",371989,2025-06-03 12:47:28,42.6065216064453,-8.81517124176025,"Female"
"9004155",371989,2025-06-03 12:52:27,42.6065254211426,-8.81537437438965,"Female"
"9004155",371989,2025-06-03 12:57:27,42.606517791748,-8.8153657913208,"Female"
"9004155",371989,2025-06-03 13:02:27,42.6064910888672,-8.81530094146729,"Female"
"9004155",371989,2025-06-03 13:07:27,42.6064682006836,-8.81529331207275,"Female"
"9004155",371989,2025-06-03 13:12:27,42.6064796447754,-8.815354347229,"Female"
"9004155",371989,2025-06-03 13:17:27,42.6064529418945,-8.81529331207275,"Female"
"9004155",371989,2025-06-03 13:23:25,42.6129989624023,-8.81473827362061,"Female"
"9004155",371989,2025-06-03 13:28:53,42.6131973266602,-8.81426811218262,"Female"
"9004155",371989,2025-06-03 13:34:27,42.6130256652832,-8.8145751953125,"Female"
"9004155",371989,2025-06-03 13:39:22,42.6136245727539,-8.81539058685303,"Female"
"9004155",371989,2025-06-03 13:44:22,42.6136054992676,-8.8154125213623,"Female"
"9004155",371989,2025-06-03 13:49:21,42.6136131286621,-8.81537914276123,"Female"
"9004155",371989,2025-06-03 13:54:22,42.6136779785156,-8.81548023223877,"Female"
"9004155",371989,2025-06-03 13:59:22,42.6136741638184,-8.8154296875,"Female"
"9004155",371989,2025-06-03 14:04:21,42.6135940551758,-8.8152027130127,"Female"
"9004155",371989,2025-06-03 14:09:43,42.6136283874512,-8.81530475616455,"Female"
"9004155",371989,2025-06-03 14:14:22,42.6135635375977,-8.81526374816895,"Female"
"9004155",371989,2025-06-03 14:19:21,42.6135902404785,-8.81539726257324,"Female"
"9004155",371989,2025-06-03 14:24:24,42.6136779785156,-8.81501960754395,"Female"
"9004155",371989,2025-06-03 14:29:25,42.6137542724609,-8.81516361236572,"Female"
"9004155",371989,2025-06-03 14:34:23,42.6137084960938,-8.8154239654541,"Female"
"9004155",371989,2025-06-03 14:39:23,42.6136245727539,-8.81530952453613,"Female"
"9004155",371989,2025-06-03 14:44:28,42.6137771606445,-8.81460094451904,"Female"
"9004155",371989,2025-06-03 14:49:53,42.6137351989746,-8.81468677520752,"Female"
"9004155",371989,2025-06-03 14:54:25,42.6137733459473,-8.81459712982178,"Female"
"9004155",371989,2025-06-03 14:59:24,42.6136817932129,-8.81462955474854,"Female"
"9004155",371989,2025-06-03 15:04:44,42.6138038635254,-8.81508159637451,"Female"
"9004155",371989,2025-06-03 15:09:21,42.6137847900391,-8.81495094299316,"Female"
"9004155",371989,2025-06-03 15:14:24,42.613826751709,-8.81550312042236,"Female"
"9004155",371989,2025-06-03 15:19:58,42.6136512756348,-8.81539726257324,"Female"
"9004155",371989,2025-06-03 15:24:50,42.6138114929199,-8.8135814666748,"Female"
"9004155",371989,2025-06-03 15:29:52,42.6147193908691,-8.81583690643311,"Female"
"9004155",371989,2025-06-03 15:34:50,42.614688873291,-8.8162670135498,"Female"
"9004155",371989,2025-06-03 15:39:52,42.6146850585938,-8.81571674346924,"Female"
"9004155",371989,2025-06-03 15:44:50,42.614688873291,-8.81583023071289,"Female"
"9004155",371989,2025-06-03 15:50:14,42.614673614502,-8.81602001190186,"Female"
"9004155",371989,2025-06-03 15:54:51,42.6147041320801,-8.81654930114746,"Female"
"9004155",371989,2025-06-03 15:59:49,42.6147232055664,-8.81617259979248,"Female"
"9004155",371989,2025-06-03 16:04:49,42.6148147583008,-8.81774234771729,"Female"
"9004155",371989,2025-06-03 16:09:50,42.6148872375488,-8.81788635253906,"Female"
"9004155",371989,2025-06-03 16:14:51,42.6148796081543,-8.81712913513184,"Female"
"9004155",371989,2025-06-03 16:19:49,42.6148796081543,-8.81666946411133,"Female"
"9004155",371989,2025-06-03 16:24:48,42.6148262023926,-8.816650390625,"Female"
"9004155",371989,2025-06-03 16:29:49,42.6147842407227,-8.81624698638916,"Female"
"9004155",371989,2025-06-03 16:34:51,42.6149864196777,-8.81682777404785,"Female"
"9004155",371989,2025-06-03 16:39:48,42.6149368286133,-8.81693458557129,"Female"
"9004155",371989,2025-06-03 16:44:50,42.6149101257324,-8.8167781829834,"Female"
"9004155",371989,2025-06-03 16:50:15,42.614875793457,-8.81612777709961,"Female"
"9004155",371989,2025-06-03 16:54:53,42.614818572998,-8.81619071960449,"Female"
"9004155",371989,2025-06-03 17:00:36,42.615650177002,-8.81760597229004,"Female"
"9004155",371989,2025-06-03 17:06:20,42.6153602600098,-8.81795692443848,"Female"
"9004155",371989,2025-06-03 17:11:17,42.6156311035156,-8.81930732727051,"Female"
"9004155",371989,2025-06-03 17:16:13,42.6156005859375,-8.81931686401367,"Female"
"9004155",371989,2025-06-03 17:21:18,42.6156158447266,-8.81941413879395,"Female"
"9004155",371989,2025-06-03 17:26:18,42.615592956543,-8.81933116912842,"Female"
"9004155",371989,2025-06-03 17:31:15,42.6155586242676,-8.81928253173828,"Female"
"9004155",371989,2025-06-03 17:36:18,42.6155891418457,-8.81932258605957,"Female"
"9004155",371989,2025-06-03 17:41:18,42.6155776977539,-8.819504737854,"Female"
"9004155",371989,2025-06-03 18:00:45,42.6139259338379,-8.82068729400635,"Female"
"9004155",371989,2025-06-03 18:05:21,42.6139678955078,-8.82073307037354,"Female"
"9004155",371989,2025-06-03 18:10:22,42.6140899658203,-8.82064914703369,"Female"
"9004155",371989,2025-06-03 18:15:27,42.6139030456543,-8.82073879241943,"Female"
"9004155",371989,2025-06-03 18:20:24,42.6138496398926,-8.82064914703369,"Female"
"9004155",371989,2025-06-03 18:25:22,42.6140594482422,-8.82066059112549,"Female"
"9004155",371989,2025-06-03 18:30:23,42.614013671875,-8.82070827484131,"Female"
"9004155",371989,2025-06-03 18:35:31,42.6141319274902,-8.82082748413086,"Female"
"9004155",371989,2025-06-03 18:40:27,42.6139678955078,-8.82071399688721,"Female"
"9004155",371989,2025-06-03 18:45:53,42.613956451416,-8.82074451446533,"Female"
"9004155",371989,2025-06-03 18:50:22,42.6051902770996,-8.84076499938965,"Female"
"9004155",371989,2025-06-03 18:55:22,42.6051979064941,-8.84070301055908,"Female"
"9004155",371989,2025-06-03 19:00:22,42.6051712036133,-8.8407506942749,"Female"
"9004155",371989,2025-06-03 19:05:21,42.6043014526367,-8.84190464019775,"Female"
"9004155",371989,2025-06-03 19:10:21,42.5970039367676,-8.85327053070068,"Female"
"9004155",371989,2025-06-03 19:15:21,42.5969848632812,-8.8532018661499,"Female"
"9004155",371989,2025-06-03 19:20:22,42.5970039367676,-8.85320472717285,"Female"
"9004155",371989,2025-06-03 19:25:21,42.5969772338867,-8.85319423675537,"Female"
"9004155",371989,2025-06-03 19:30:21,42.5887794494629,-8.87263965606689,"Female"
"9004155",371989,2025-06-03 19:35:21,42.5702285766602,-8.90486907958984,"Female"
"9004155",371989,2025-06-03 19:40:21,42.5509376525879,-8.93637561798096,"Female"
"9004155",371989,2025-06-03 19:45:44,42.5485534667969,-8.93874740600586,"Female"
"9004155",371989,2025-06-03 19:50:21,42.548583984375,-8.93882751464844,"Female"
"9004155",371989,2025-06-03 19:55:21,42.548526763916,-8.93876457214355,"Female"
"9004155",371989,2025-06-03 20:00:21,42.5486068725586,-8.93890190124512,"Female"
"9004155",371989,2025-06-03 20:05:21,42.5487060546875,-8.93905544281006,"Female"
"9004155",371989,2025-06-03 20:10:22,42.5486755371094,-8.9390926361084,"Female"
"9004155",371989,2025-06-03 20:15:31,42.5485382080078,-8.93886566162109,"Female"
"9004155",371989,2025-06-03 20:20:29,42.5485877990723,-8.9389705657959,"Female"
"9004155",371989,2025-06-03 20:25:25,42.5486145019531,-8.93898868560791,"Female"
"9004155",371989,2025-06-03 20:30:44,42.5485572814941,-8.93880462646484,"Female"
"9004155",371989,2025-06-03 20:35:21,42.5484886169434,-8.93867969512939,"Female"
"9004155",371989,2025-06-03 20:40:21,42.5485687255859,-8.93875598907471,"Female"
"9004155",371989,2025-06-03 20:45:21,42.5484657287598,-8.93871212005615,"Female"
"9004155",371989,2025-06-03 20:50:22,42.5486068725586,-8.93895149230957,"Female"
"9004155",371989,2025-06-03 20:55:21,42.5485000610352,-8.938796043396,"Female"
"9004155",371989,2025-06-03 21:00:25,42.5485153198242,-8.93862533569336,"Female"
"9004155",371989,2025-06-03 21:05:21,42.5483894348145,-8.93866062164307,"Female"
"9004155",371989,2025-06-03 21:10:22,42.5484771728516,-8.93868446350098,"Female"
"9004155",371989,2025-06-03 21:15:53,42.5485496520996,-8.93882465362549,"Female"
"9004155",371989,2025-06-03 21:20:21,42.5485382080078,-8.93875217437744,"Female"
"9004155",371989,2025-06-03 21:25:21,42.5484924316406,-8.93879508972168,"Female"
"9004155",371989,2025-06-03 21:30:21,42.548526763916,-8.93885803222656,"Female"
"9004155",371989,2025-06-03 21:35:21,42.5485000610352,-8.9388256072998,"Female"
"9004155",371989,2025-06-03 21:40:22,42.5484924316406,-8.93872833251953,"Female"
"9004155",371989,2025-06-03 21:45:22,42.5484733581543,-8.93856716156006,"Female"
"9004155",371989,2025-06-03 21:50:23,42.5485038757324,-8.93886852264404,"Female"
"9004155",371989,2025-06-03 21:55:41,42.548526763916,-8.93891906738281,"Female"
"9004155",371989,2025-06-03 22:00:27,42.5485305786133,-8.93884086608887,"Female"
"9004155",371989,2025-06-03 22:05:22,42.5485382080078,-8.93898868560791,"Female"
"9004155",371989,2025-06-03 22:10:53,42.5484771728516,-8.9389181137085,"Female"
"9004155",371989,2025-06-03 22:15:21,42.548469543457,-8.93884944915771,"Female"
"9004155",371989,2025-06-03 22:20:21,42.5484428405762,-8.93885326385498,"Female"
"9004155",371989,2025-06-03 22:25:21,42.548526763916,-8.93888282775879,"Female"
"9004155",371989,2025-06-03 22:30:21,42.5485191345215,-8.93888759613037,"Female"
"9004155",371989,2025-06-03 22:35:22,42.5485420227051,-8.93883514404297,"Female"
"9004155",371989,2025-06-03 22:40:21,42.5485343933105,-8.93881320953369,"Female"
"9004155",371989,2025-06-03 22:45:22,42.5483818054199,-8.93886661529541,"Female"
"9004155",371989,2025-06-03 22:50:22,42.548412322998,-8.93865776062012,"Female"
"9004155",371989,2025-06-03 22:55:23,42.5483703613281,-8.93864250183105,"Female"
"9004155",371989,2025-06-03 23:01:02,42.5485191345215,-8.93865966796875,"Female"
"9004155",371989,2025-06-03 23:05:21,42.5485038757324,-8.93862247467041,"Female"
"9004155",371989,2025-06-03 23:10:21,42.5484886169434,-8.938720703125,"Female"
"9004155",371989,2025-06-03 23:15:21,42.5484962463379,-8.93868827819824,"Female"
"9004155",371989,2025-06-03 23:20:21,42.548511505127,-8.93875408172607,"Female"
"9004155",371989,2025-06-03 23:25:21,42.5485305786133,-8.93880558013916,"Female"
"9004155",371989,2025-06-03 23:30:21,42.5485038757324,-8.93862533569336,"Female"
"9004155",371989,2025-06-03 23:35:21,42.5485229492188,-8.93870735168457,"Female"
"9004155",371989,2025-06-03 23:40:21,42.5484886169434,-8.93862915039062,"Female"
"9004155",371989,2025-06-03 23:45:28,42.5485076904297,-8.93869495391846,"Female"
"9004155",371989,2025-06-03 23:50:21,42.548511505127,-8.93871402740479,"Female"
"9004155",371989,2025-06-03 23:55:21,42.5485572814941,-8.93883895874023,"Female"
"9004155",371989,2025-06-04 00:00:21,42.5485458374023,-8.93876934051514,"Female"
"9004155",371989,2025-06-04 00:05:33,42.5485382080078,-8.93892478942871,"Female"
"9004155",371989,2025-06-04 00:10:43,42.5485572814941,-8.93879222869873,"Female"
"9004155",371989,2025-06-04 00:15:21,42.5485000610352,-8.93863391876221,"Female"
"9004155",371989,2025-06-04 00:20:21,42.5486221313477,-8.93898296356201,"Female"
"9004155",371989,2025-06-04 00:25:21,42.5485191345215,-8.93871784210205,"Female"
"9004155",371989,2025-06-04 00:30:21,42.548526763916,-8.93880558013916,"Female"
"9004155",371989,2025-06-04 00:35:24,42.5485191345215,-8.93871879577637,"Female"
"9004155",371989,2025-06-04 00:40:21,42.5485229492188,-8.93871974945068,"Female"
"9004155",371989,2025-06-04 00:45:51,42.5485649108887,-8.9388370513916,"Female"
"9004155",371989,2025-06-04 00:50:21,42.5485572814941,-8.93886089324951,"Female"
"9004155",371989,2025-06-04 00:55:21,42.5485610961914,-8.93879508972168,"Female"
"9004155",371989,2025-06-04 01:00:21,42.5485572814941,-8.93884658813477,"Female"
"9004155",371989,2025-06-04 01:05:21,42.5485343933105,-8.93888568878174,"Female"
"9004155",371989,2025-06-04 01:10:21,42.5486068725586,-8.93893814086914,"Female"
"9004155",371989,2025-06-04 01:15:21,42.5485610961914,-8.938889503479,"Female"
"9004155",371989,2025-06-04 01:20:21,42.5485725402832,-8.93877696990967,"Female"
"9004155",371989,2025-06-04 01:25:22,42.5486831665039,-8.93875789642334,"Female"
"9004155",371989,2025-06-04 01:30:23,42.5486717224121,-8.93879318237305,"Female"
"9004155",371989,2025-06-04 01:35:23,42.5486602783203,-8.93864822387695,"Female"
"9004155",371989,2025-06-04 01:40:27,42.5485229492188,-8.93854904174805,"Female"
"9004155",371989,2025-06-04 01:45:24,42.5486183166504,-8.93878650665283,"Female"
"9004155",371989,2025-06-04 01:50:30,42.5485153198242,-8.93862724304199,"Female"
"9004155",371989,2025-06-04 01:55:23,42.5485610961914,-8.93864727020264,"Female"
"9004155",371989,2025-06-04 02:00:22,42.5484848022461,-8.93835926055908,"Female"
"9004155",371989,2025-06-04 02:05:22,42.5484848022461,-8.93849563598633,"Female"
"9004155",371989,2025-06-04 02:10:23,42.548511505127,-8.93838977813721,"Female"
"9004155",371989,2025-06-04 02:15:22,42.5485229492188,-8.93843173980713,"Female"
"9004155",371989,2025-06-04 02:20:22,42.5485000610352,-8.93837451934814,"Female"
"9004155",371989,2025-06-04 02:25:44,42.548454284668,-8.93855094909668,"Female"
"9004155",371989,2025-06-04 02:30:22,42.5484924316406,-8.93850994110107,"Female"
"9004155",371989,2025-06-04 02:35:22,42.5486106872559,-8.93854141235352,"Female"
"9004155",371989,2025-06-04 02:40:23,42.5485916137695,-8.93846797943115,"Female"
"9004155",371989,2025-06-04 02:45:28,42.5484962463379,-8.93834972381592,"Female"
"9004155",371989,2025-06-04 02:50:48,42.5485610961914,-8.93846988677979,"Female"
"9004155",371989,2025-06-04 02:55:53,42.5484924316406,-8.93856048583984,"Female"
"9004155",371989,2025-06-04 03:00:21,42.5485153198242,-8.93868732452393,"Female"
"9004155",371989,2025-06-04 03:05:21,42.5485801696777,-8.93872356414795,"Female"
"9004155",371989,2025-06-04 03:10:21,42.5485458374023,-8.93872833251953,"Female"
"9004155",371989,2025-06-04 03:15:21,42.5485382080078,-8.93867206573486,"Female"
"9004155",371989,2025-06-04 03:20:21,42.548526763916,-8.93869781494141,"Female"
"9004155",371989,2025-06-04 03:25:21,42.5485610961914,-8.93877029418945,"Female"
"9004155",371989,2025-06-04 03:30:21,42.5486297607422,-8.93873500823975,"Female"
"9004155",371989,2025-06-04 03:35:21,42.5485992431641,-8.93877792358398,"Female"
"9004155",371989,2025-06-04 03:40:22,42.5485420227051,-8.93878841400146,"Female"
"9004155",371989,2025-06-04 03:45:24,42.5485649108887,-8.93873596191406,"Female"
"9004155",371989,2025-06-04 03:50:40,42.5485191345215,-8.93875408172607,"Female"
"9004155",371989,2025-06-04 03:55:22,42.548656463623,-8.93886280059814,"Female"
"9004155",371989,2025-06-04 04:00:23,42.5485877990723,-8.93879508972168,"Female"
"9004155",371989,2025-06-04 04:05:25,42.548583984375,-8.93877029418945,"Female"
"9004155",371989,2025-06-04 04:10:22,42.5488090515137,-8.93906116485596,"Female"
"9004155",371989,2025-06-04 04:15:23,42.5485534667969,-8.93876838684082,"Female"
"9004155",371989,2025-06-04 04:20:21,42.548526763916,-8.93867111206055,"Female"
"9004155",371989,2025-06-04 04:25:58,42.5485572814941,-8.93880748748779,"Female"
"9004155",371989,2025-06-04 04:30:21,42.5484504699707,-8.93870735168457,"Female"
"9004155",371989,2025-06-04 04:35:21,42.5485763549805,-8.93885612487793,"Female"
"9004155",371989,2025-06-04 04:40:21,42.5485000610352,-8.93876361846924,"Female"
"9004155",371989,2025-06-04 04:45:21,42.5485382080078,-8.93891048431396,"Female"
"9004155",371989,2025-06-04 04:50:21,42.5485687255859,-8.9388427734375,"Female"
"9004155",371989,2025-06-04 04:55:21,42.5485649108887,-8.93886566162109,"Female"
"9004155",371989,2025-06-04 05:00:21,42.5484809875488,-8.93879890441895,"Female"
"9004155",371989,2025-06-04 05:05:21,42.5485038757324,-8.93880939483643,"Female"
"9004155",371989,2025-06-04 05:10:21,42.5485687255859,-8.93887329101562,"Female"
"9004155",371989,2025-06-04 05:15:21,42.5485687255859,-8.93892383575439,"Female"
"9004155",371989,2025-06-04 05:20:21,42.5485496520996,-8.93885326385498,"Female"
"9004155",371989,2025-06-04 05:25:21,42.5485496520996,-8.93885135650635,"Female"
"9004155",371989,2025-06-04 05:30:21,42.5485382080078,-8.93885803222656,"Female"
"9004155",371989,2025-06-04 05:35:32,42.5485191345215,-8.93893527984619,"Female"
"9004155",371989,2025-06-04 05:40:44,42.5485725402832,-8.93885898590088,"Female"
"9004155",371989,2025-06-04 05:45:21,42.5485572814941,-8.93892669677734,"Female"
"9004155",371989,2025-06-04 05:50:21,42.5484962463379,-8.93886661529541,"Female"
"9004155",371989,2025-06-04 05:55:21,42.5485420227051,-8.93880271911621,"Female"
"9004155",371989,2025-06-04 06:00:21,42.5485382080078,-8.93875598907471,"Female"
"9004155",371989,2025-06-04 06:05:21,42.5485076904297,-8.93889713287354,"Female"
"9004155",371989,2025-06-04 06:10:21,42.5485229492188,-8.93892955780029,"Female"
"9004155",371989,2025-06-04 06:15:21,42.5485572814941,-8.93884944915771,"Female"
"9004155",371989,2025-06-04 06:20:21,42.5485076904297,-8.93883323669434,"Female"
"9004155",371989,2025-06-04 06:25:21,42.5485954284668,-8.93890285491943,"Female"
"9004155",371989,2025-06-04 06:30:25,42.5485916137695,-8.93885707855225,"Female"
"9004155",371989,2025-06-04 06:35:24,42.548526763916,-8.93883419036865,"Female"
"9004155",371989,2025-06-04 06:40:30,42.5485992431641,-8.93890857696533,"Female"
"9004155",371989,2025-06-04 06:45:22,42.5500335693359,-8.9402322769165,"Female"
"9004155",371989,2025-06-04 06:50:22,42.5499496459961,-8.94032669067383,"Female"
"9004155",371989,2025-06-04 06:55:22,42.549991607666,-8.94041347503662,"Female"
"9004155",371989,2025-06-04 07:00:22,42.5499496459961,-8.94031143188477,"Female"
"9004155",371989,2025-06-04 07:05:25,42.5501976013184,-8.94014930725098,"Female"
"9004155",371989,2025-06-04 07:10:22,42.5500221252441,-8.94015979766846,"Female"
"9004155",371989,2025-06-04 07:15:24,42.550048828125,-8.94013118743896,"Female"
"9004155",371989,2025-06-04 07:20:22,42.5499649047852,-8.94021892547607,"Female"
"9004155",371989,2025-06-04 07:25:22,42.549934387207,-8.94025611877441,"Female"
"9004155",371989,2025-06-04 07:30:22,42.5497970581055,-8.94009304046631,"Female"
"9004155",371989,2025-06-04 07:35:22,42.5500335693359,-8.9400749206543,"Female"
"9004155",371989,2025-06-04 07:40:22,42.5500373840332,-8.93997669219971,"Female"
"9004155",371989,2025-06-04 07:45:23,42.5486602783203,-8.93900299072266,"Female"
"9004155",371989,2025-06-04 07:50:22,42.5486755371094,-8.93909740447998,"Female"
"9004155",371989,2025-06-04 07:55:22,42.5487098693848,-8.93887805938721,"Female"
"9004155",371989,2025-06-04 08:00:24,42.5486831665039,-8.93910980224609,"Female"
"9004155",371989,2025-06-04 08:05:23,42.5487098693848,-8.93919467926025,"Female"
"9004155",371989,2025-06-04 08:10:24,42.5488662719727,-8.93906497955322,"Female"
"9004155",371989,2025-06-04 08:15:30,42.5489654541016,-8.93912506103516,"Female"
"9004155",371989,2025-06-04 08:20:30,42.5489540100098,-8.93910884857178,"Female"
"9004155",371989,2025-06-04 08:25:25,42.5487594604492,-8.93932342529297,"Female"
"9004155",371989,2025-06-04 08:30:24,42.548412322998,-8.93939113616943,"Female"
"9004155",371989,2025-06-04 08:35:25,42.5487480163574,-8.93931007385254,"Female"
"9004155",371989,2025-06-04 08:40:27,42.5487022399902,-8.93929481506348,"Female"
"9004155",371989,2025-06-04 08:45:22,42.5483627319336,-8.93935203552246,"Female"
"9004155",371989,2025-06-04 08:50:27,42.5487213134766,-8.93926525115967,"Female"
"9004155",371989,2025-06-04 08:55:24,42.5482635498047,-8.9393253326416,"Female"
"9004155",371989,2025-06-04 09:00:22,42.54833984375,-8.93924045562744,"Female"
"9004155",371989,2025-06-04 09:05:22,42.548412322998,-8.93916797637939,"Female"
"9004155",371989,2025-06-04 09:10:22,42.5484161376953,-8.93912506103516,"Female"
"9004155",371989,2025-06-04 09:15:22,42.5484275817871,-8.93909740447998,"Female"
"9004155",371989,2025-06-04 09:20:22,42.5484466552734,-8.93905448913574,"Female"
"9004155",371989,2025-06-04 09:25:24,42.5484085083008,-8.93905258178711,"Female"
"9004155",371989,2025-06-04 09:30:22,42.5484657287598,-8.9389762878418,"Female"
"9004155",371989,2025-06-04 09:35:22,42.5484619140625,-8.93892478942871,"Female"
"9004155",371989,2025-06-04 09:40:25,42.548641204834,-8.93890571594238,"Female"
"9004155",371989,2025-06-04 09:45:22,42.5487365722656,-8.93889141082764,"Female"
"9004155",371989,2025-06-04 09:50:23,42.5485038757324,-8.93875789642334,"Female"
"9004155",371989,2025-06-04 09:55:22,42.5485649108887,-8.93873882293701,"Female"
"9004155",371989,2025-06-04 10:00:22,42.5485610961914,-8.9386510848999,"Female"
"9004155",371989,2025-06-04 10:05:23,42.5486030578613,-8.93874931335449,"Female"
"9004155",371989,2025-06-04 10:10:23,42.5483512878418,-8.93839359283447,"Female"
"9004155",371989,2025-06-04 10:15:22,42.5642585754395,-8.90769958496094,"Female"
"9004155",371989,2025-06-04 10:20:22,42.5914077758789,-8.86419486999512,"Female"
"9004155",371989,2025-06-04 10:25:22,42.6152648925781,-8.81777572631836,"Female"
"9004155",371989,2025-06-04 10:30:36,42.6156387329102,-8.81708908081055,"Female"
"9004155",371989,2025-06-04 10:35:34,42.6157760620117,-8.81910133361816,"Female"
"9004155",371989,2025-06-04 10:40:36,42.6133499145508,-8.82000255584717,"Female"
"9004155",371989,2025-06-04 10:45:33,42.6136589050293,-8.82000923156738,"Female"
"9004155",371989,2025-06-04 10:50:35,42.6132850646973,-8.81977272033691,"Female"
"9004155",371989,2025-06-04 10:55:33,42.6135787963867,-8.81987380981445,"Female"
"9004155",371989,2025-06-04 11:00:33,42.6134986877441,-8.82003021240234,"Female"
"9004155",371989,2025-06-04 11:05:35,42.6136627197266,-8.81988334655762,"Female"
"9004155",371989,2025-06-04 11:10:35,42.6134567260742,-8.81996250152588,"Female"
"9004155",371989,2025-06-04 11:15:33,42.6132926940918,-8.81983661651611,"Female"
"9004155",371989,2025-06-04 11:20:33,42.6131858825684,-8.81981754302979,"Female"
"9004155",371989,2025-06-04 11:25:33,42.6132965087891,-8.81968593597412,"Female"
"9004155",371989,2025-06-04 11:30:33,42.6131744384766,-8.81958675384521,"Female"
"9004155",371989,2025-06-04 11:35:33,42.6133651733398,-8.81960487365723,"Female"
"9004155",371989,2025-06-04 11:40:33,42.6133079528809,-8.81965065002441,"Female"
"9004155",371989,2025-06-04 11:45:33,42.6133422851562,-8.81965446472168,"Female"
"9004155",371989,2025-06-04 11:50:33,42.6139907836914,-8.81946182250977,"Female"
"9004155",371989,2025-06-04 11:56:03,42.6149406433105,-8.81904411315918,"Female"
"9004155",371989,2025-06-04 12:01:20,42.6155433654785,-8.8189115524292,"Female"
"9004155",371989,2025-06-04 12:06:18,42.6155586242676,-8.81881618499756,"Female"
"9004155",371989,2025-06-04 12:11:18,42.6155090332031,-8.81900691986084,"Female"
"9004155",371989,2025-06-04 12:16:18,42.6155853271484,-8.81905651092529,"Female"
"9004155",371989,2025-06-04 12:21:18,42.6155166625977,-8.81910037994385,"Female"
"9004155",371989,2025-06-04 12:26:18,42.615478515625,-8.81904125213623,"Female"
"9004155",371989,2025-06-04 12:31:18,42.6154708862305,-8.81902885437012,"Female"
"9004155",371989,2025-06-04 12:36:18,42.6155014038086,-8.81919574737549,"Female"
"9004155",371989,2025-06-04 12:41:18,42.6154289245605,-8.81914615631104,"Female"
"9004155",371989,2025-06-04 12:46:19,42.6154098510742,-8.81912899017334,"Female"
"9004155",371989,2025-06-04 12:51:18,42.615364074707,-8.8189868927002,"Female"
"9004155",371989,2025-06-04 12:56:18,42.6153144836426,-8.81898307800293,"Female"
"9004155",371989,2025-06-04 13:01:18,42.6153259277344,-8.81883239746094,"Female"
"9004155",371989,2025-06-04 13:06:18,42.615306854248,-8.81892204284668,"Female"
"9004155",371989,2025-06-04 13:11:18,42.6153030395508,-8.81891536712646,"Female"
"9004155",371989,2025-06-04 13:16:18,42.6152763366699,-8.81893253326416,"Female"
"9004155",371989,2025-06-04 13:21:18,42.6152877807617,-8.81897354125977,"Female"
"9004155",371989,2025-06-04 13:26:18,42.6152763366699,-8.81892871856689,"Female"
"9004155",371989,2025-06-04 13:31:18,42.6152877807617,-8.81884574890137,"Female"
"9004155",371989,2025-06-04 13:36:18,42.6152763366699,-8.81900882720947,"Female"
"9004155",371989,2025-06-04 13:41:18,42.6152229309082,-8.81895351409912,"Female"
"9004155",371989,2025-06-04 13:46:18,42.6152839660645,-8.81887722015381,"Female"
"9004155",371989,2025-06-04 13:51:43,42.6153831481934,-8.81778335571289,"Female"
"9004155",371989,2025-06-04 13:56:41,42.6155662536621,-8.81724643707275,"Female"
"9004155",371989,2025-06-04 14:01:42,42.6157035827637,-8.81707763671875,"Female"
"9004155",371989,2025-06-04 14:06:41,42.6156578063965,-8.81716346740723,"Female"
"9004155",371989,2025-06-04 14:11:41,42.6155471801758,-8.81578922271729,"Female"
"9004155",371989,2025-06-04 14:16:41,42.6154136657715,-8.81597328186035,"Female"
"9004155",371989,2025-06-04 14:21:41,42.6154975891113,-8.81591701507568,"Female"
"9004155",371989,2025-06-04 14:26:42,42.6154670715332,-8.81598377227783,"Female"
"9004155",371989,2025-06-04 14:31:41,42.615608215332,-8.81585216522217,"Female"
"9004155",371989,2025-06-04 14:36:41,42.6156158447266,-8.81589412689209,"Female"
"9004155",371989,2025-06-04 14:41:41,42.6156425476074,-8.81583023071289,"Female"
"9004155",371989,2025-06-04 14:46:41,42.6156806945801,-8.81580924987793,"Female"
"9004155",371989,2025-06-04 14:51:41,42.6157493591309,-8.81559753417969,"Female"
"9004155",371989,2025-06-04 14:56:41,42.6156806945801,-8.81572151184082,"Female"
"9004155",371989,2025-06-04 15:01:41,42.6159858703613,-8.81524181365967,"Female"
"9004155",371989,2025-06-04 15:06:41,42.6157112121582,-8.81580543518066,"Female"
"9004155",371989,2025-06-04 15:11:42,42.615837097168,-8.81580352783203,"Female"
"9004155",371989,2025-06-04 15:16:42,42.6158332824707,-8.8157262802124,"Female"
"9004155",371989,2025-06-04 15:21:41,42.6158905029297,-8.81576824188232,"Female"
"9004155",371989,2025-06-04 15:26:41,42.6159133911133,-8.81585216522217,"Female"
"9004155",371989,2025-06-04 15:31:42,42.6160163879395,-8.815842628479,"Female"
"9004155",371989,2025-06-04 15:36:41,42.6160316467285,-8.81594657897949,"Female"
"9004155",371989,2025-06-04 15:41:41,42.6160926818848,-8.81589508056641,"Female"
"9004155",371989,2025-06-04 15:46:41,42.6162452697754,-8.81600379943848,"Female"
"9004155",371989,2025-06-04 15:51:41,42.6162605285645,-8.81589698791504,"Female"
"9004155",371989,2025-06-04 15:56:41,42.6163787841797,-8.81587600708008,"Female"
"9004155",371989,2025-06-04 16:01:41,42.6163330078125,-8.8158073425293,"Female"
"9004155",371989,2025-06-04 16:06:41,42.6162490844727,-8.81566429138184,"Female"
"9004155",371989,2025-06-04 16:11:41,42.6162376403809,-8.81572532653809,"Female"
"9004155",371989,2025-06-04 16:16:41,42.6162300109863,-8.81568336486816,"Female"
"9004155",371989,2025-06-04 16:22:44,42.6158905029297,-8.81577491760254,"Female"
"9004155",371989,2025-06-04 16:27:43,42.6150741577148,-8.81632995605469,"Female"
"9004155",371989,2025-06-04 16:32:58,42.6153869628906,-8.81594657897949,"Female"
"9004155",371989,2025-06-04 16:38:18,42.6150054931641,-8.81749629974365,"Female"
"9004155",371989,2025-06-04 16:43:16,42.6148796081543,-8.81760501861572,"Female"
"9004155",371989,2025-06-04 16:48:16,42.6149559020996,-8.81764793395996,"Female"
"9004155",371989,2025-06-04 16:53:16,42.6149635314941,-8.81757736206055,"Female"
"9004155",371989,2025-06-04 16:58:16,42.6149673461914,-8.81759452819824,"Female"
"9004155",371989,2025-06-04 17:03:16,42.6149444580078,-8.81757068634033,"Female"
"9004155",371989,2025-06-04 17:08:16,42.614933013916,-8.81757545471191,"Female"
"9004155",371989,2025-06-04 17:13:16,42.6149520874023,-8.81753540039062,"Female"
"9004155",371989,2025-06-04 17:18:16,42.6148643493652,-8.81758117675781,"Female"
"9004155",371989,2025-06-04 17:23:16,42.6148567199707,-8.81754779815674,"Female"
"9004155",371989,2025-06-04 17:28:16,42.614818572998,-8.81765174865723,"Female"
"9004155",371989,2025-06-04 17:33:16,42.6148071289062,-8.81766796112061,"Female"
"9004155",371989,2025-06-04 17:38:16,42.6147918701172,-8.81764698028564,"Female"
"9004155",371989,2025-06-04 17:43:16,42.6147193908691,-8.81771564483643,"Female"
"9004155",371989,2025-06-04 17:48:16,42.614803314209,-8.81756114959717,"Female"
"9004155",371989,2025-06-04 17:53:16,42.6148109436035,-8.81755352020264,"Female"
"9004155",371989,2025-06-04 17:58:16,42.6054306030273,-8.83995914459229,"Female"
"9004155",371989,2025-06-04 18:03:17,42.6052856445312,-8.8408203125,"Female"
"9004155",371989,2025-06-04 18:08:16,42.6051254272461,-8.84074783325195,"Female"
"9004155",371989,2025-06-04 18:13:16,42.6051864624023,-8.84074211120605,"Female"
"9004155",371989,2025-06-04 18:18:16,42.6051712036133,-8.84079837799072,"Female"
"9004155",371989,2025-06-04 18:23:16,42.6051483154297,-8.8407506942749,"Female"
"9004155",371989,2025-06-04 18:28:16,42.6020660400391,-8.8518533706665,"Female"
"9004155",371989,2025-06-04 18:33:16,42.5949287414551,-8.86850833892822,"Female"
"9004155",371989,2025-06-04 18:38:16,42.5948104858398,-8.86830234527588,"Female"
"9004155",371989,2025-06-04 18:43:16,42.5947914123535,-8.86832904815674,"Female"
"9004155",371989,2025-06-04 18:48:16,42.594799041748,-8.86832714080811,"Female"
"9004155",371989,2025-06-04 18:53:16,42.5947723388672,-8.86835384368896,"Female"
"9004155",371989,2025-06-04 18:58:16,42.585880279541,-8.88405132293701,"Female"
"9004155",371989,2025-06-04 19:03:16,42.5667457580566,-8.91490077972412,"Female"
"9004155",371989,2025-06-04 19:08:16,42.5487594604492,-8.93870162963867,"Female"
"9004155",371989,2025-06-04 19:13:17,42.5489044189453,-8.93843364715576,"Female"
"9004155",371989,2025-06-04 19:18:16,42.5491943359375,-8.93894958496094,"Female"
"9004155",371989,2025-06-04 19:23:16,42.5489234924316,-8.93875885009766,"Female"
"9004155",371989,2025-06-04 19:28:16,42.549259185791,-8.93907165527344,"Female"
"9004155",371989,2025-06-04 19:33:19,42.5490608215332,-8.93861675262451,"Female"
"9004155",371989,2025-06-04 19:38:16,42.5492477416992,-8.93898963928223,"Female"
"9004155",371989,2025-06-04 19:43:18,42.5492057800293,-8.93890476226807,"Female"
"9004155",371989,2025-06-04 19:48:16,42.5492630004883,-8.93900203704834,"Female"
"9004155",371989,2025-06-04 19:53:16,42.5492248535156,-8.93899059295654,"Female"
"9004155",371989,2025-06-04 19:58:17,42.5492286682129,-8.93898963928223,"Female"
"9004155",371989,2025-06-04 20:03:16,42.5492210388184,-8.93891143798828,"Female"
"9004155",371989,2025-06-04 20:08:16,42.5492362976074,-8.93892955780029,"Female"
"9004155",371989,2025-06-04 20:13:16,42.5492362976074,-8.93895435333252,"Female"
"9004155",371989,2025-06-04 20:18:16,42.5491981506348,-8.93889808654785,"Female"
"9004155",371989,2025-06-04 20:23:16,42.5491905212402,-8.93892669677734,"Female"
"9004155",371989,2025-06-04 20:28:18,42.5492095947266,-8.93895244598389,"Female"
"9004155",371989,2025-06-04 20:33:16,42.549186706543,-8.93889045715332,"Female"
"9004155",371989,2025-06-04 20:38:16,42.5491752624512,-8.93894004821777,"Female"
"9004155",371989,2025-06-04 20:43:17,42.5491676330566,-8.93894958496094,"Female"
"9004155",371989,2025-06-04 20:48:16,42.5491218566895,-8.93890380859375,"Female"
"9004155",371989,2025-06-04 20:53:16,42.5491218566895,-8.93894863128662,"Female"
"9004155",371989,2025-06-04 20:58:18,42.5491142272949,-8.93889808654785,"Female"
"9004155",371989,2025-06-04 21:03:16,42.5491142272949,-8.93888568878174,"Female"
"9004155",371989,2025-06-04 21:08:16,42.5491065979004,-8.93895149230957,"Female"
"9004155",371989,2025-06-04 21:13:17,42.5487480163574,-8.93906307220459,"Female"
"9004155",371989,2025-06-04 21:18:16,42.5488395690918,-8.93897819519043,"Female"
"9004155",371989,2025-06-04 21:23:18,42.548583984375,-8.93911361694336,"Female"
"9004155",371989,2025-06-04 21:28:16,42.5487403869629,-8.93900966644287,"Female"
"9004155",371989,2025-06-04 21:33:16,42.5486717224121,-8.93904399871826,"Female"
"9004155",371989,2025-06-04 21:38:18,42.5487403869629,-8.93903064727783,"Female"
"9004155",371989,2025-06-04 21:43:16,42.5487594604492,-8.93905830383301,"Female"
"9004155",371989,2025-06-04 21:48:17,42.5487327575684,-8.93902397155762,"Female"
"9004155",371989,2025-06-04 21:53:16,42.548713684082,-8.93898391723633,"Female"
"9004155",371989,2025-06-04 21:58:16,42.548713684082,-8.93899059295654,"Female"
"9004155",371989,2025-06-04 22:03:16,42.548698425293,-8.93900871276855,"Female"
"9004155",371989,2025-06-04 22:08:16,42.5487670898438,-8.93905162811279,"Female"
"9004155",371989,2025-06-04 22:13:16,42.5487594604492,-8.93905067443848,"Female"
"9004155",371989,2025-06-04 22:18:16,42.5488548278809,-8.93911647796631,"Female"
"9004155",371989,2025-06-04 22:23:17,42.5488586425781,-8.93912696838379,"Female"
"9004155",371989,2025-06-04 22:28:17,42.5489158630371,-8.9390983581543,"Female"
"9004155",371989,2025-06-04 22:33:17,42.5490760803223,-8.9393892288208,"Female"
"9004155",371989,2025-06-04 22:38:16,42.5491638183594,-8.93940162658691,"Female"
"9004155",371989,2025-06-04 22:43:17,42.5490531921387,-8.93941497802734,"Female"
"9004155",371989,2025-06-04 22:48:17,42.5491714477539,-8.93931102752686,"Female"
"9004155",371989,2025-06-04 22:53:16,42.5490570068359,-8.93857955932617,"Female"
"9004155",371989,2025-06-04 22:58:16,42.5491752624512,-8.939453125,"Female"
"9004155",371989,2025-06-04 23:03:16,42.5491333007812,-8.93938732147217,"Female"
"9004155",371989,2025-06-04 23:08:16,42.5490341186523,-8.93942832946777,"Female"
"9004155",371989,2025-06-04 23:13:16,42.5491065979004,-8.93937587738037,"Female"
"9004155",371989,2025-06-04 23:18:16,42.5490341186523,-8.93939304351807,"Female"
"9004155",371989,2025-06-04 23:23:16,42.5490455627441,-8.93939113616943,"Female"
"9004155",371989,2025-06-04 23:28:16,42.548999786377,-8.93938159942627,"Female"
"9004155",371989,2025-06-04 23:33:16,42.5488967895508,-8.93931865692139,"Female"
"9004155",371989,2025-06-04 23:38:16,42.5490264892578,-8.93936061859131,"Female"
"9004155",371989,2025-06-04 23:43:17,42.5489501953125,-8.9393367767334,"Female"
"9004155",371989,2025-06-04 23:48:17,42.5488815307617,-8.93936634063721,"Female"
"9004155",371989,2025-06-04 23:53:16,42.5488815307617,-8.93922996520996,"Female"
"9004155",371989,2025-06-04 23:58:16,42.5488433837891,-8.93932819366455,"Female"
"9004155",371989,2025-06-05 00:03:16,42.5488014221191,-8.9392728805542,"Female"
"9004155",371989,2025-06-05 00:08:16,42.5487861633301,-8.93923950195312,"Female"
"9004155",371989,2025-06-05 00:13:16,42.5487785339355,-8.93927955627441,"Female"
"9004155",371989,2025-06-05 00:18:17,42.5487823486328,-8.93922138214111,"Female"
"9004155",371989,2025-06-05 00:23:16,42.5488014221191,-8.9392557144165,"Female"
"9004155",371989,2025-06-05 00:28:16,42.5487937927246,-8.93922519683838,"Female"
"9004155",371989,2025-06-05 00:33:16,42.5487937927246,-8.93921375274658,"Female"
"9004155",371989,2025-06-05 00:38:16,42.5487747192383,-8.93915939331055,"Female"
"9004155",371989,2025-06-05 00:43:16,42.5487937927246,-8.93916130065918,"Female"
"9004155",371989,2025-06-05 00:48:16,42.5487670898438,-8.93907356262207,"Female"
"9004155",371989,2025-06-05 00:53:16,42.5488014221191,-8.93909454345703,"Female"
"9004155",371989,2025-06-05 00:58:16,42.5487899780273,-8.93907737731934,"Female"
"9004155",371989,2025-06-05 01:03:16,42.5487670898438,-8.93911170959473,"Female"
"9004155",371989,2025-06-05 01:08:16,42.5485763549805,-8.93842029571533,"Female"
"9004155",371989,2025-06-05 01:13:16,42.5485992431641,-8.93832015991211,"Female"
"9004155",371989,2025-06-05 01:18:16,42.548656463623,-8.93843173980713,"Female"
"9004155",371989,2025-06-05 01:23:16,42.5486946105957,-8.9383430480957,"Female"
"9004155",371989,2025-06-05 01:28:16,42.5486221313477,-8.93831825256348,"Female"
"9004155",371989,2025-06-05 01:33:16,42.5486259460449,-8.93832302093506,"Female"
"9004155",371989,2025-06-05 01:38:16,42.5486907958984,-8.93833923339844,"Female"
"9004155",371989,2025-06-05 01:43:16,42.5487518310547,-8.93861198425293,"Female"
"9004155",371989,2025-06-05 01:48:17,42.5487785339355,-8.93877029418945,"Female"
"9004155",371989,2025-06-05 01:53:16,42.5488433837891,-8.93870830535889,"Female"
"9004155",371989,2025-06-05 01:58:16,42.5488395690918,-8.93870258331299,"Female"
"9004155",371989,2025-06-05 02:03:16,42.5488319396973,-8.93875885009766,"Female"
"9004155",371989,2025-06-05 02:08:16,42.5488204956055,-8.93886566162109,"Female"
"9004155",371989,2025-06-05 02:13:16,42.5487022399902,-8.93887901306152,"Female"
"9004155",371989,2025-06-05 02:18:16,42.5488586425781,-8.9386739730835,"Female"
"9004155",371989,2025-06-05 02:23:16,42.5487098693848,-8.93900966644287,"Female"
"9004155",371989,2025-06-05 02:28:16,42.5488014221191,-8.93899250030518,"Female"
"9004155",371989,2025-06-05 02:33:16,42.5486755371094,-8.93897438049316,"Female"
"9004155",371989,2025-06-05 02:38:16,42.5486373901367,-8.93893909454346,"Female"
"9004155",371989,2025-06-05 02:43:16,42.5485725402832,-8.93888282775879,"Female"
"9004155",371989,2025-06-05 02:48:16,42.548583984375,-8.9390926361084,"Female"
"9004155",371989,2025-06-05 02:53:16,42.5485305786133,-8.93899345397949,"Female"
"9004155",371989,2025-06-05 02:58:16,42.5484275817871,-8.93899059295654,"Female"
"9004155",371989,2025-06-05 03:03:16,42.5484504699707,-8.93896102905273,"Female"
"9004155",371989,2025-06-05 03:08:16,42.5483818054199,-8.93887996673584,"Female"
"9004155",371989,2025-06-05 03:13:16,42.5483131408691,-8.93882942199707,"Female"
"9004155",371989,2025-06-05 03:18:16,42.5483474731445,-8.93875789642334,"Female"
"9004155",371989,2025-06-05 03:23:16,42.5482749938965,-8.93875694274902,"Female"
"9004155",371989,2025-06-05 03:28:16,42.5482940673828,-8.93878078460693,"Female"
"9004155",371989,2025-06-05 03:33:16,42.548282623291,-8.93875694274902,"Female"
"9004155",371989,2025-06-05 03:38:16,42.5483551025391,-8.9387149810791,"Female"
"9004155",371989,2025-06-05 03:43:16,42.5483512878418,-8.93869972229004,"Female"
"9004155",371989,2025-06-05 03:48:17,42.5483589172363,-8.93869400024414,"Female"
"9004155",371989,2025-06-05 03:53:43,42.5484924316406,-8.93887424468994,"Female"
"9004155",371989,2025-06-05 03:58:15,42.548511505127,-8.93882369995117,"Female"
"9004155",371989,2025-06-05 04:03:16,42.5485305786133,-8.93885707855225,"Female"
"9004155",371989,2025-06-05 04:08:17,42.5486221313477,-8.93892669677734,"Female"
"9004155",371989,2025-06-05 04:13:19,42.5485229492188,-8.93882751464844,"Female"
"9004155",371989,2025-06-05 04:18:16,42.5486106872559,-8.93887138366699,"Female"
"9004155",371989,2025-06-05 04:23:16,42.5486183166504,-8.93884086608887,"Female"
"9004155",371989,2025-06-05 04:28:16,42.5485496520996,-8.93878555297852,"Female"
"9004155",371989,2025-06-05 04:33:16,42.5489158630371,-8.93896579742432,"Female"
"9004155",371989,2025-06-05 04:38:16,42.5487289428711,-8.93879985809326,"Female"
"9004155",371989,2025-06-05 04:43:16,42.5487442016602,-8.93886470794678,"Female"
"9004155",371989,2025-06-05 04:48:16,42.5490798950195,-8.93934440612793,"Female"
"9004155",371989,2025-06-05 04:53:16,42.5490188598633,-8.93930625915527,"Female"
"9004155",371989,2025-06-05 04:58:16,42.5490188598633,-8.93918895721436,"Female"
"9004155",371989,2025-06-05 05:03:18,42.5491409301758,-8.93940830230713,"Female"
"9004155",371989,2025-06-05 05:08:21,42.5490341186523,-8.93925857543945,"Female"
"9004155",371989,2025-06-05 05:13:16,42.5488967895508,-8.93910217285156,"Female"
"9004155",371989,2025-06-05 05:18:16,42.5489158630371,-8.9390754699707,"Female"
"9004155",371989,2025-06-05 05:23:19,42.548957824707,-8.9388542175293,"Female"
"9004155",371989,2025-06-05 05:28:18,42.5488471984863,-8.9389591217041,"Female"
"9004155",371989,2025-06-05 05:33:17,42.5488090515137,-8.93901634216309,"Female"
"9004155",371989,2025-06-05 05:38:17,42.5489959716797,-8.93856048583984,"Female"
"9004155",371989,2025-06-05 05:43:16,42.5485954284668,-8.93896484375,"Female"
"9004155",371989,2025-06-05 05:48:31,42.5487289428711,-8.93875503540039,"Female"
"9004155",371989,2025-06-05 05:53:16,42.5488204956055,-8.93860244750977,"Female"
"9004155",371989,2025-06-05 05:58:24,42.5485458374023,-8.93886947631836,"Female"
"9004155",371989,2025-06-05 06:03:16,42.5485649108887,-8.93890857696533,"Female"
"9004155",371989,2025-06-05 06:08:24,42.5485916137695,-8.93889141082764,"Female"
"9004155",371989,2025-06-05 06:13:21,42.549259185791,-8.93992900848389,"Female"
"9004155",371989,2025-06-05 06:18:22,42.5492362976074,-8.93992519378662,"Female"
"9004155",371989,2025-06-05 06:23:24,42.5492706298828,-8.93993377685547,"Female"
"9004155",371989,2025-06-05 06:28:28,42.5493049621582,-8.93992900848389,"Female"
"9004155",371989,2025-06-05 06:33:28,42.5492973327637,-8.93994617462158,"Female"
"9004155",371989,2025-06-05 06:38:44,42.5493202209473,-8.93991279602051,"Female"
"9004155",371989,2025-06-05 06:43:19,42.5494003295898,-8.93991661071777,"Female"
"9004155",371989,2025-06-05 06:48:17,42.549201965332,-8.93992233276367,"Female"
"9004155",371989,2025-06-05 06:53:27,42.5490913391113,-8.93986320495605,"Female"
"9004155",371989,2025-06-05 06:58:29,42.5493354797363,-8.93977737426758,"Female"
"9004155",371989,2025-06-05 07:03:45,42.549259185791,-8.93984031677246,"Female"
"9004155",371989,2025-06-05 07:08:19,42.5492401123047,-8.93984794616699,"Female"
"9004155",371989,2025-06-05 07:13:16,42.5492858886719,-8.93980693817139,"Female"
"9004155",371989,2025-06-05 07:18:22,42.5491180419922,-8.93957901000977,"Female"
"9004155",371989,2025-06-05 07:23:15,42.5491561889648,-8.93952655792236,"Female"
"9004155",371989,2025-06-05 07:28:16,42.5491981506348,-8.93948745727539,"Female"
"9004155",371989,2025-06-05 07:33:19,42.5493278503418,-8.9398832321167,"Female"
"9004155",371989,2025-06-05 07:38:21,42.5491790771484,-8.93970584869385,"Female"
"9004155",371989,2025-06-05 07:43:17,42.5490875244141,-8.93920421600342,"Female"
"9004155",371989,2025-06-05 07:48:44,42.5491828918457,-8.94003582000732,"Female"
"9004155",371989,2025-06-05 07:53:24,42.5492248535156,-8.94007778167725,"Female"
"9004155",371989,2025-06-05 07:58:24,42.5492095947266,-8.94006538391113,"Female"
"9004155",371989,2025-06-05 08:03:24,42.5491676330566,-8.94004535675049,"Female"
"9004155",371989,2025-06-05 08:08:18,42.5492706298828,-8.93977737426758,"Female"
"9004155",371989,2025-06-05 08:13:31,42.5491676330566,-8.93996429443359,"Female"
"9004155",371989,2025-06-05 08:18:16,42.5493354797363,-8.93989276885986,"Female"
"9004155",371989,2025-06-05 08:23:16,42.5492515563965,-8.93992614746094,"Female"
"9004155",371989,2025-06-05 08:28:16,42.549373626709,-8.93986129760742,"Female"
"9004155",371989,2025-06-05 08:33:16,42.549430847168,-8.9398136138916,"Female"
"9004155",371989,2025-06-05 08:38:16,42.5493965148926,-8.93990707397461,"Female"
"9004155",371989,2025-06-05 08:43:16,42.5496864318848,-8.93981742858887,"Female"
"9004155",371989,2025-06-05 08:48:31,42.5492820739746,-8.93985748291016,"Female"
"9004155",371989,2025-06-05 08:53:16,42.5491714477539,-8.93990707397461,"Female"
"9004155",371989,2025-06-05 08:58:16,42.5491828918457,-8.93991565704346,"Female"
"9004155",371989,2025-06-05 09:03:16,42.5491828918457,-8.93991851806641,"Female"
"9004155",371989,2025-06-05 09:08:23,42.5495147705078,-8.93972492218018,"Female"
"9004155",371989,2025-06-05 09:13:19,42.5491943359375,-8.93999290466309,"Female"
"9004155",371989,2025-06-05 09:18:16,42.5490417480469,-8.94007682800293,"Female"
"9004155",371989,2025-06-05 09:23:19,42.549373626709,-8.93981075286865,"Female"
"9004155",371989,2025-06-05 09:28:24,42.54931640625,-8.93985366821289,"Female"
"9004155",371989,2025-06-05 09:33:16,42.5492897033691,-8.93987464904785,"Female"
"9004155",371989,2025-06-05 09:38:16,42.5549850463867,-8.93184566497803,"Female"
"9004155",371989,2025-06-05 09:43:16,42.5754547119141,-8.87941455841064,"Female"
"9004155",371989,2025-06-05 09:48:16,42.5784072875977,-8.86511421203613,"Female"
"9004155",371989,2025-06-05 09:53:16,42.5751914978027,-8.84478282928467,"Female"
"9004155",371989,2025-06-05 09:58:27,42.5755233764648,-8.84450817108154,"Female"
"9004155",371989,2025-06-05 10:03:27,42.5751075744629,-8.84466552734375,"Female"
"9004155",371989,2025-06-05 10:08:30,42.5754699707031,-8.8441743850708,"Female"
"9004155",371989,2025-06-05 10:13:27,42.5754356384277,-8.84440040588379,"Female"
"9004155",371989,2025-06-05 10:18:31,42.5755043029785,-8.84422969818115,"Female"
"9004155",371989,2025-06-05 10:23:26,42.5755004882812,-8.84425067901611,"Female"
"9004155",371989,2025-06-05 10:28:26,42.5755767822266,-8.84422874450684,"Female"
"9004155",371989,2025-06-05 10:33:26,42.5755195617676,-8.84425067901611,"Female"
"9004155",371989,2025-06-05 10:38:26,42.5755462646484,-8.84425926208496,"Female"
"9004155",371989,2025-06-05 10:43:27,42.5762748718262,-8.84155178070068,"Female"
"9004155",371989,2025-06-05 10:48:46,42.602954864502,-8.81127071380615,"Female"
"9004155",371989,2025-06-05 10:54:00,42.6026954650879,-8.81178569793701,"Female"
"9004155",371989,2025-06-05 10:58:51,42.6026954650879,-8.81181907653809,"Female"
"9004155",371989,2025-06-05 11:05:44,42.6022071838379,-8.81204223632812,"Female"
"9004155",371989,2025-06-05 11:10:17,42.6022186279297,-8.81276798248291,"Female"
"9004155",371989,2025-06-05 11:15:10,42.6023254394531,-8.81283569335938,"Female"
"9004155",371989,2025-06-05 11:20:21,42.6021995544434,-8.8123893737793,"Female"
"9004155",371989,2025-06-05 11:25:35,42.6021957397461,-8.81284332275391,"Female"
"9004155",371989,2025-06-05 11:30:08,42.602237701416,-8.81287288665771,"Female"
"9004155",371989,2025-06-05 11:35:09,42.6022109985352,-8.81289100646973,"Female"
"9004155",371989,2025-06-05 11:40:08,42.6021575927734,-8.81286907196045,"Female"
"9004155",371989,2025-06-05 11:45:08,42.6021842956543,-8.8128490447998,"Female"
"9004155",371989,2025-06-05 11:50:08,42.602222442627,-8.81283569335938,"Female"
"9004155",371989,2025-06-05 11:55:08,42.6022262573242,-8.81284713745117,"Female"
"9004155",371989,2025-06-05 12:00:08,42.6022529602051,-8.81284809112549,"Female"
"9004155",371989,2025-06-05 12:05:08,42.6022300720215,-8.81286430358887,"Female"
"9004155",371989,2025-06-05 12:10:08,42.6022300720215,-8.81284809112549,"Female"
"9004155",371989,2025-06-05 12:15:08,42.602123260498,-8.8128776550293,"Female"
"9004155",371989,2025-06-05 12:20:08,42.6021842956543,-8.81286334991455,"Female"
"9004155",371989,2025-06-05 12:25:08,42.6021919250488,-8.8128604888916,"Female"
"9004155",371989,2025-06-05 12:30:08,42.6021881103516,-8.81283569335938,"Female"
"9004155",371989,2025-06-05 12:35:08,42.6022796630859,-8.81282234191895,"Female"
"9004155",371989,2025-06-05 12:40:08,42.6022834777832,-8.81283664703369,"Female"
"9004155",371989,2025-06-05 12:45:09,42.6023063659668,-8.81295967102051,"Female"
"9004155",371989,2025-06-05 12:50:08,42.6022834777832,-8.81290054321289,"Female"
"9004155",371989,2025-06-05 12:55:08,42.6025695800781,-8.81314659118652,"Female"
"9004155",371989,2025-06-05 13:00:09,42.6022605895996,-8.8128833770752,"Female"
"9004155",371989,2025-06-05 13:05:08,42.6026191711426,-8.81319808959961,"Female"
"9004155",371989,2025-06-05 13:10:08,42.602222442627,-8.81288528442383,"Female"
"9004155",371989,2025-06-05 13:15:08,42.6022529602051,-8.81289863586426,"Female"
"9004155",371989,2025-06-05 13:20:08,42.6021881103516,-8.81282138824463,"Female"
"9004155",371989,2025-06-05 13:25:08,42.6022033691406,-8.81289768218994,"Female"
"9004155",371989,2025-06-05 13:30:09,42.6023292541504,-8.81279277801514,"Female"
"9004155",371989,2025-06-05 13:35:18,42.602409362793,-8.81282615661621,"Female"
"9004155",371989,2025-06-05 13:41:06,42.6020584106445,-8.81316089630127,"Female"
"9004155",371989,2025-06-05 13:46:05,42.6018600463867,-8.81311130523682,"Female"
"9004155",371989,2025-06-05 13:51:05,42.6021766662598,-8.81288719177246,"Female"
"9004155",371989,2025-06-05 13:56:06,42.6022987365723,-8.81306934356689,"Female"
"9004155",371989,2025-06-05 14:01:06,42.6021347045898,-8.81294918060303,"Female"
"9004155",371989,2025-06-05 14:06:06,42.6022682189941,-8.81305027008057,"Female"
"9004155",371989,2025-06-05 14:11:06,42.6020965576172,-8.81286716461182,"Female"
"9004155",371989,2025-06-05 14:16:05,42.6020088195801,-8.812912940979,"Female"
"9004155",371989,2025-06-05 14:21:05,42.6019973754883,-8.81289768218994,"Female"
"9004155",371989,2025-06-05 14:26:05,42.6020050048828,-8.81287288665771,"Female"
"9004155",371989,2025-06-05 14:31:05,42.6019592285156,-8.81286907196045,"Female"
"9004155",371989,2025-06-05 14:36:09,42.6021957397461,-8.81273555755615,"Female"
"9004155",371989,2025-06-05 14:41:08,42.6020736694336,-8.8128833770752,"Female"
"9004155",371989,2025-06-05 14:46:06,42.6020469665527,-8.81279754638672,"Female"
"9004155",371989,2025-06-05 14:51:21,42.6021423339844,-8.812575340271,"Female"
"9004155",371989,2025-06-05 14:56:21,42.6022453308105,-8.81247329711914,"Female"
"9004155",371989,2025-06-05 15:03:24,42.6049919128418,-8.80843353271484,"Female"
"9004155",371989,2025-06-05 15:08:29,42.6046676635742,-8.80926036834717,"Female"
"9004155",371989,2025-06-05 15:16:08,42.6041984558105,-8.81032276153564,"Female"
"9004155",371989,2025-06-05 15:33:59,42.6028938293457,-8.81146907806396,"Female"
"9004155",371989,2025-06-05 15:38:24,42.6025352478027,-8.81027412414551,"Female"
"9004155",371989,2025-06-05 15:43:25,42.6027297973633,-8.8105525970459,"Female"
"9004155",371989,2025-06-05 15:48:24,42.6026802062988,-8.81029033660889,"Female"
"9004155",371989,2025-06-05 15:53:24,42.602653503418,-8.81036281585693,"Female"
"9004155",371989,2025-06-05 15:58:24,42.6026268005371,-8.81025409698486,"Female"
"9004155",371989,2025-06-05 16:03:24,42.6026229858398,-8.81025123596191,"Female"
"9004155",371989,2025-06-05 16:08:24,42.6026229858398,-8.8102560043335,"Female"
"9004155",371989,2025-06-05 16:13:24,42.6025772094727,-8.8101692199707,"Female"
"9004155",371989,2025-06-05 16:18:24,42.6026191711426,-8.81019973754883,"Female"
"9004155",371989,2025-06-05 16:23:24,42.6026458740234,-8.81026840209961,"Female"
"9004155",371989,2025-06-05 16:28:24,42.6025886535645,-8.8101634979248,"Female"
"9004155",371989,2025-06-05 16:33:24,42.6026077270508,-8.81023597717285,"Female"
"9004155",371989,2025-06-05 16:38:24,42.6026191711426,-8.8101749420166,"Female"
"9004155",371989,2025-06-05 16:43:24,42.6025810241699,-8.81013107299805,"Female"
"9004155",371989,2025-06-05 16:48:24,42.6025466918945,-8.81013488769531,"Female"
"9004155",371989,2025-06-05 16:53:24,42.6025772094727,-8.81010055541992,"Female"
"9004155",371989,2025-06-05 16:58:24,42.6026611328125,-8.80996799468994,"Female"
"9004155",371989,2025-06-05 17:03:26,42.6021690368652,-8.80972099304199,"Female"
"9004155",371989,2025-06-05 17:08:26,42.6025352478027,-8.81005191802979,"Female"
"9004155",371989,2025-06-05 17:13:26,42.602596282959,-8.81008911132812,"Female"
"9004155",371989,2025-06-05 17:18:27,42.6025695800781,-8.81002807617188,"Female"
"9004155",371989,2025-06-05 17:23:24,42.6029396057129,-8.81043338775635,"Female"
"9004155",371989,2025-06-05 17:28:26,42.6028289794922,-8.81030750274658,"Female"
"9004155",371989,2025-06-05 17:33:34,42.6029052734375,-8.81037616729736,"Female"
"9004155",371989,2025-06-05 17:38:24,42.6028823852539,-8.81038188934326,"Female"
"9004155",371989,2025-06-05 17:43:26,42.6029090881348,-8.81036949157715,"Female"
"9004155",371989,2025-06-05 17:48:24,42.6029319763184,-8.81043338775635,"Female"
"9004155",371989,2025-06-05 17:54:00,42.60302734375,-8.81009864807129,"Female"
"9004155",371989,2025-06-05 17:59:40,42.6037216186523,-8.81135845184326,"Female"
"9004155",371989,2025-06-05 18:05:01,42.6030578613281,-8.81130218505859,"Female"
"9004155",371989,2025-06-05 18:10:51,42.6023750305176,-8.81152153015137,"Female"
"9004155",371989,2025-06-05 18:16:05,42.6022033691406,-8.8127613067627,"Female"
"9004155",371989,2025-06-05 18:20:48,42.6021881103516,-8.81273365020752,"Female"
"9004155",371989,2025-06-05 18:25:48,42.602180480957,-8.81273555755615,"Female"
"9004155",371989,2025-06-05 18:30:47,42.6020889282227,-8.8126745223999,"Female"
"9004155",371989,2025-06-05 18:35:47,42.6007843017578,-8.82333850860596,"Female"
"9004155",371989,2025-06-05 18:40:47,42.6006317138672,-8.82339477539062,"Female"
"9004155",371989,2025-06-05 18:45:47,42.6009979248047,-8.82334041595459,"Female"
"9004155",371989,2025-06-05 18:50:48,42.5997161865234,-8.82852745056152,"Female"
"9004155",371989,2025-06-05 18:55:47,42.5892753601074,-8.87077808380127,"Female"
"9004155",371989,2025-06-05 19:00:48,42.5734634399414,-8.89674472808838,"Female"
"9004155",371989,2025-06-05 19:05:47,42.5734367370605,-8.89665603637695,"Female"
"9004155",371989,2025-06-05 19:10:47,42.5735626220703,-8.89669132232666,"Female"
"9004155",371989,2025-06-05 19:16:01,42.5732765197754,-8.89686298370361,"Female"
"9004155",371989,2025-06-05 19:20:47,42.5716094970703,-8.89890289306641,"Female"
"9004155",371989,2025-06-05 19:25:47,42.5716667175293,-8.89910411834717,"Female"
"9004155",371989,2025-06-05 19:30:48,42.5715179443359,-8.89891719818115,"Female"
"9004155",371989,2025-06-05 19:35:47,42.5681991577148,-8.90623188018799,"Female"
"9004155",371989,2025-06-05 19:40:47,42.5640640258789,-8.91983032226562,"Female"
"9004155",371989,2025-06-05 19:45:47,42.5517807006836,-8.94001197814941,"Female"
"9004155",371989,2025-06-05 19:50:47,42.5516357421875,-8.93975162506104,"Female"
"9004155",371989,2025-06-05 19:55:48,42.551342010498,-8.94064331054688,"Female"
"9004155",371989,2025-06-05 20:01:10,42.5508460998535,-8.94027042388916,"Female"
"9004155",371989,2025-06-05 20:05:48,42.5510330200195,-8.94015312194824,"Female"
"9004155",371989,2025-06-05 20:11:00,42.550479888916,-8.94022464752197,"Female"
"9004155",371989,2025-06-05 20:15:50,42.5490570068359,-8.93894672393799,"Female"
"9004155",371989,2025-06-05 20:21:00,42.5489654541016,-8.93905544281006,"Female"
"9004155",371989,2025-06-05 20:25:53,42.5490493774414,-8.93907642364502,"Female"
"9004155",371989,2025-06-05 20:31:03,42.548469543457,-8.93885707855225,"Female"
"9004155",371989,2025-06-05 20:35:47,42.5485191345215,-8.93905162811279,"Female"
"9004155",371989,2025-06-05 20:40:47,42.548454284668,-8.93879222869873,"Female"
"9004155",371989,2025-06-05 20:45:47,42.548454284668,-8.93881416320801,"Female"
"9004155",371989,2025-06-05 20:50:48,42.548656463623,-8.93935108184814,"Female"
"9004155",371989,2025-06-05 20:55:48,42.5486373901367,-8.93935585021973,"Female"
"9004155",371989,2025-06-05 21:00:48,42.5486183166504,-8.93936061859131,"Female"
"9004155",371989,2025-06-05 21:05:48,42.5485916137695,-8.9393367767334,"Female"
"9004155",371989,2025-06-05 21:10:48,42.5486106872559,-8.93926334381104,"Female"
"9004155",371989,2025-06-05 21:15:47,42.5483779907227,-8.93856430053711,"Female"
"9004155",371989,2025-06-05 21:20:48,42.5485191345215,-8.93896770477295,"Female"
"9004155",371989,2025-06-05 21:25:49,42.5485420227051,-8.93910694122314,"Female"
"9004155",371989,2025-06-05 21:30:47,42.5484771728516,-8.93881988525391,"Female"
"9004155",371989,2025-06-05 21:35:52,42.5483856201172,-8.93858528137207,"Female"
"9004155",371989,2025-06-05 21:40:47,42.5484466552734,-8.93872928619385,"Female"
"9004155",371989,2025-06-05 21:45:53,42.548397064209,-8.93866443634033,"Female"
"9004155",371989,2025-06-05 21:50:47,42.5484390258789,-8.93870258331299,"Female"
"9004155",371989,2025-06-05 21:55:47,42.5483741760254,-8.93862342834473,"Female"
"9004155",371989,2025-06-05 22:00:47,42.5484504699707,-8.9387674331665,"Female"
"9004155",371989,2025-06-05 22:05:47,42.548397064209,-8.93863773345947,"Female"
"9004155",371989,2025-06-05 22:10:49,42.5484161376953,-8.93856716156006,"Female"
"9004155",371989,2025-06-05 22:15:49,42.5483665466309,-8.93865871429443,"Female"
"9004155",371989,2025-06-05 22:20:48,42.5484046936035,-8.93849086761475,"Female"
"9004155",371989,2025-06-05 22:26:02,42.5483741760254,-8.93861293792725,"Female"
"9004155",371989,2025-06-05 22:30:47,42.5483627319336,-8.93858623504639,"Female"
"9004155",371989,2025-06-05 22:35:49,42.5480575561523,-8.93843555450439,"Female"
"9004155",371989,2025-06-05 22:40:54,42.5474548339844,-8.93976306915283,"Female"
"9004155",371989,2025-06-05 22:45:47,42.5489158630371,-8.93808460235596,"Female"
"9004155",371989,2025-06-05 22:50:48,42.5486717224121,-8.93814754486084,"Female"
"9004155",371989,2025-06-05 22:55:47,42.5483360290527,-8.93842220306396,"Female"
"9004155",371989,2025-06-05 23:00:48,42.5480651855469,-8.9388370513916,"Female"
"9004155",371989,2025-06-05 23:05:52,42.5473022460938,-8.937744140625,"Female"
"9004155",371989,2025-06-05 23:10:55,42.5482482910156,-8.93843078613281,"Female"
"9004155",371989,2025-06-05 23:16:02,42.5483551025391,-8.93878746032715,"Female"
"9004155",371989,2025-06-05 23:20:47,42.5483016967773,-8.93879508972168,"Female"
"9004155",371989,2025-06-05 23:25:47,42.5484352111816,-8.9387674331665,"Female"
"9004155",371989,2025-06-05 23:30:47,42.5481948852539,-8.93875598907471,"Female"
"9004155",371989,2025-06-05 23:35:47,42.5482063293457,-8.93863964080811,"Female"
"9004155",371989,2025-06-05 23:40:47,42.5481376647949,-8.93874931335449,"Female"
"9004155",371989,2025-06-05 23:45:47,42.5480728149414,-8.93885517120361,"Female"
"9004155",371989,2025-06-05 23:50:47,42.5481643676758,-8.9387264251709,"Female"
"9004155",371989,2025-06-05 23:55:47,42.548168182373,-8.93873596191406,"Female"
"9004155",371989,2025-06-06 00:00:47,42.5481147766113,-8.93882274627686,"Female"
"9004155",371989,2025-06-06 00:05:47,42.5482025146484,-8.93873500823975,"Female"
"9004155",371989,2025-06-06 00:10:47,42.548210144043,-8.93870449066162,"Female"
"9004155",371989,2025-06-06 00:15:47,42.5481491088867,-8.93868923187256,"Female"
"9004155",371989,2025-06-06 00:20:47,42.548210144043,-8.93867111206055,"Female"
"9004155",371989,2025-06-06 00:25:47,42.5481986999512,-8.93867969512939,"Female"
"9004155",371989,2025-06-06 00:30:47,42.5481948852539,-8.93862533569336,"Female"
"9004155",371989,2025-06-06 00:35:47,42.5481719970703,-8.93861484527588,"Female"
"9004155",371989,2025-06-06 00:40:47,42.5481948852539,-8.9386043548584,"Female"
"9004155",371989,2025-06-06 00:45:47,42.548210144043,-8.93861675262451,"Female"
"9004155",371989,2025-06-06 00:50:47,42.5481567382812,-8.93865871429443,"Female"
"9004155",371989,2025-06-06 00:55:47,42.5481414794922,-8.93862915039062,"Female"
"9004155",371989,2025-06-06 01:00:47,42.5481300354004,-8.93870067596436,"Female"
"9004155",371989,2025-06-06 01:05:47,42.5481147766113,-8.93873596191406,"Female"
"9004155",371989,2025-06-06 01:10:47,42.5480842590332,-8.93876075744629,"Female"
"9004155",371989,2025-06-06 01:15:47,42.5480842590332,-8.93872928619385,"Female"
"9004155",371989,2025-06-06 01:20:47,42.5480918884277,-8.93866920471191,"Female"
"9004155",371989,2025-06-06 01:25:47,42.548168182373,-8.93869018554688,"Female"
"9004155",371989,2025-06-06 01:30:47,42.548168182373,-8.93873023986816,"Female"
"9004155",371989,2025-06-06 01:35:47,42.548210144043,-8.93871879577637,"Female"
"9004155",371989,2025-06-06 01:40:47,42.5484886169434,-8.93867969512939,"Female"
"9004155",371989,2025-06-06 01:45:47,42.548397064209,-8.93868160247803,"Female"
"9004155",371989,2025-06-06 01:50:47,42.5485305786133,-8.93865966796875,"Female"
"9004155",371989,2025-06-06 01:55:47,42.5484580993652,-8.93867683410645,"Female"
"9004155",371989,2025-06-06 02:00:47,42.5484848022461,-8.93869590759277,"Female"
"9004155",371989,2025-06-06 02:05:47,42.5484809875488,-8.93867206573486,"Female"
"9004155",371989,2025-06-06 02:10:47,42.5484809875488,-8.93866920471191,"Female"
"9004155",371989,2025-06-06 02:15:47,42.5484886169434,-8.9385929107666,"Female"
"9004155",371989,2025-06-06 02:20:47,42.5483894348145,-8.93863773345947,"Female"
"9004155",371989,2025-06-06 02:25:47,42.5485000610352,-8.93858337402344,"Female"
"9004155",371989,2025-06-06 02:30:48,42.5485458374023,-8.93857383728027,"Female"
"9004155",371989,2025-06-06 02:35:47,42.5485496520996,-8.93861389160156,"Female"
"9004155",371989,2025-06-06 02:40:47,42.5484924316406,-8.93859958648682,"Female"
"9004155",371989,2025-06-06 02:45:47,42.5484924316406,-8.93849086761475,"Female"
"9004155",371989,2025-06-06 02:50:48,42.5486030578613,-8.93856906890869,"Female"
"9004155",371989,2025-06-06 02:55:47,42.5485954284668,-8.9385814666748,"Female"
"9004155",371989,2025-06-06 03:00:47,42.5485610961914,-8.93842601776123,"Female"
"9004155",371989,2025-06-06 03:05:49,42.5487632751465,-8.93859100341797,"Female"
"9004155",371989,2025-06-06 03:10:48,42.5489730834961,-8.93871212005615,"Female"
"9004155",371989,2025-06-06 03:15:47,42.5486183166504,-8.93871974945068,"Female"
"9004155",371989,2025-06-06 03:20:47,42.5487518310547,-8.93883895874023,"Female"
"9004155",371989,2025-06-06 03:25:47,42.548454284668,-8.93868923187256,"Female"
"9004155",371989,2025-06-06 03:31:10,42.5484046936035,-8.9386568069458,"Female"
"9004155",371989,2025-06-06 03:35:47,42.5486183166504,-8.93886184692383,"Female"
"9004155",371989,2025-06-06 03:40:47,42.5485687255859,-8.93878936767578,"Female"
"9004155",371989,2025-06-06 03:45:47,42.548583984375,-8.93886947631836,"Female"
"9004155",371989,2025-06-06 03:50:47,42.5486068725586,-8.93877983093262,"Female"
"9004155",371989,2025-06-06 03:55:47,42.5485610961914,-8.9388370513916,"Female"
"9004155",371989,2025-06-06 04:00:47,42.5486335754395,-8.93885231018066,"Female"
"9004155",371989,2025-06-06 04:05:46,42.5485305786133,-8.93882656097412,"Female"
"9004155",371989,2025-06-06 04:10:47,42.5485877990723,-8.93886852264404,"Female"
"9004155",371989,2025-06-06 04:15:47,42.5489921569824,-8.93932056427002,"Female"
"9004155",371989,2025-06-06 04:20:47,42.5490036010742,-8.93935203552246,"Female"
"9004155",371989,2025-06-06 04:25:47,42.5490226745605,-8.9393949508667,"Female"
"9004155",371989,2025-06-06 04:30:48,42.548957824707,-8.93934059143066,"Female"
"9004155",371989,2025-06-06 04:35:47,42.5489692687988,-8.93927764892578,"Female"
"9004155",371989,2025-06-06 04:40:47,42.5489273071289,-8.93927192687988,"Female"
"9004155",371989,2025-06-06 04:45:47,42.5488471984863,-8.93926620483398,"Female"
"9004155",371989,2025-06-06 04:50:47,42.5488166809082,-8.93917942047119,"Female"
"9004155",371989,2025-06-06 04:55:47,42.5489082336426,-8.9392728805542,"Female"
"9004155",371989,2025-06-06 05:00:49,42.5487899780273,-8.93915939331055,"Female"
"9004155",371989,2025-06-06 05:05:47,42.5488777160645,-8.93923187255859,"Female"
"9004155",371989,2025-06-06 05:10:47,42.5487365722656,-8.93912792205811,"Female"
"9004155",371989,2025-06-06 05:15:48,42.5488166809082,-8.93918418884277,"Female"
"9004155",371989,2025-06-06 05:20:47,42.5487403869629,-8.93910217285156,"Female"
"9004155",371989,2025-06-06 05:26:23,42.5485992431641,-8.93892765045166,"Female"
"9004155",371989,2025-06-06 05:30:46,42.5485229492188,-8.93887233734131,"Female"
"9004155",371989,2025-06-06 05:35:47,42.5484390258789,-8.93888473510742,"Female"
"9004155",371989,2025-06-06 05:40:46,42.5484733581543,-8.93887710571289,"Female"
"9004155",371989,2025-06-06 05:45:47,42.5485153198242,-8.93887615203857,"Female"
"9004155",371989,2025-06-06 05:50:47,42.5484619140625,-8.93885707855225,"Female"
"9004155",371989,2025-06-06 05:55:46,42.5484199523926,-8.938889503479,"Female"
"9004155",371989,2025-06-06 06:00:47,42.5485076904297,-8.93881702423096,"Female"
"9004155",371989,2025-06-06 06:05:47,42.5484046936035,-8.93873882293701,"Female"
"9004155",371989,2025-06-06 06:10:47,42.5484237670898,-8.93883895874023,"Female"
"9004155",371989,2025-06-06 06:15:47,42.5484237670898,-8.93877506256104,"Female"
"9004155",371989,2025-06-06 06:20:49,42.5484657287598,-8.93880176544189,"Female"
"9004155",371989,2025-06-06 06:25:47,42.5484886169434,-8.93885231018066,"Female"
"9004155",371989,2025-06-06 06:30:47,42.5498924255371,-8.94040203094482,"Female"
"9004155",371989,2025-06-06 06:35:47,42.5498924255371,-8.94038772583008,"Female"
"9004155",371989,2025-06-06 06:40:47,42.5498886108398,-8.94042015075684,"Female"
"9004155",371989,2025-06-06 06:45:47,42.549877166748,-8.9403715133667,"Female"
"9004155",371989,2025-06-06 06:50:47,42.5498352050781,-8.94040107727051,"Female"
"9004155",371989,2025-06-06 06:55:47,42.549919128418,-8.94039726257324,"Female"
"9004155",371989,2025-06-06 07:00:47,42.5498886108398,-8.94039344787598,"Female"
"9004155",371989,2025-06-06 07:05:47,42.5498657226562,-8.94039726257324,"Female"
"9004155",371989,2025-06-06 07:10:51,42.5499267578125,-8.94032287597656,"Female"
"9004155",371989,2025-06-06 07:15:47,42.5491180419922,-8.9386043548584,"Female"
"9004155",371989,2025-06-06 07:20:47,42.5491638183594,-8.93877792358398,"Female"
"9004155",371989,2025-06-06 07:25:49,42.5490608215332,-8.93878746032715,"Female"
"9004155",371989,2025-06-06 07:31:14,42.5490531921387,-8.93884086608887,"Female"
"9004155",371989,2025-06-06 07:35:48,42.5489463806152,-8.93872356414795,"Female"
"9004155",371989,2025-06-06 07:40:47,42.548999786377,-8.93876171112061,"Female"
"9004155",371989,2025-06-06 07:45:47,42.5490608215332,-8.93886184692383,"Female"
"9004155",371989,2025-06-06 07:50:48,42.5490837097168,-8.93890380859375,"Female"
"9004155",371989,2025-06-06 07:56:23,42.5490951538086,-8.93892192840576,"Female"
"9004155",371989,2025-06-06 08:00:47,42.5490455627441,-8.93890571594238,"Female"
"9004155",371989,2025-06-06 08:05:46,42.5490684509277,-8.93897151947021,"Female"
"9004155",371989,2025-06-06 08:10:47,42.5491065979004,-8.93892097473145,"Female"
"9004155",371989,2025-06-06 08:15:47,42.5490264892578,-8.93894577026367,"Female"
"9004155",371989,2025-06-06 08:20:47,42.5489959716797,-8.93895530700684,"Female"
"9004155",371989,2025-06-06 08:25:47,42.5489654541016,-8.93894958496094,"Female"
"9004155",371989,2025-06-06 08:30:47,42.549015045166,-8.93898487091064,"Female"
"9004155",371989,2025-06-06 08:35:47,42.5489044189453,-8.93889904022217,"Female"
"9004155",371989,2025-06-06 08:40:47,42.5489082336426,-8.93887615203857,"Female"
"9004155",371989,2025-06-06 08:45:47,42.5489349365234,-8.93888473510742,"Female"
"9004155",371989,2025-06-06 08:50:47,42.5489044189453,-8.93883514404297,"Female"
"9004155",371989,2025-06-06 08:55:47,42.5489311218262,-8.93890190124512,"Female"
"9004155",371989,2025-06-06 09:00:47,42.548957824707,-8.93887138366699,"Female"
"9004155",371989,2025-06-06 09:05:47,42.5488624572754,-8.9389123916626,"Female"
"9004155",371989,2025-06-06 09:10:47,42.5488891601562,-8.93891620635986,"Female"
"9004155",371989,2025-06-06 09:15:47,42.5488662719727,-8.93892478942871,"Female"
"9004155",371989,2025-06-06 09:20:48,42.5489654541016,-8.93888854980469,"Female"
"9004155",371989,2025-06-06 09:25:47,42.5490951538086,-8.93884181976318,"Female"
"9004155",371989,2025-06-06 09:30:47,42.549015045166,-8.93892383575439,"Female"
"9004155",371989,2025-06-06 09:35:47,42.5490760803223,-8.93895149230957,"Female"
"9004155",371989,2025-06-06 09:40:47,42.5491027832031,-8.93887138366699,"Female"
"9004155",371989,2025-06-06 09:45:47,42.5491027832031,-8.93889141082764,"Female"
"9004155",371989,2025-06-06 09:50:47,42.5490684509277,-8.93894386291504,"Female"
"9004155",371989,2025-06-06 09:55:47,42.5490646362305,-8.93897342681885,"Female"
"9004155",371989,2025-06-06 10:00:47,42.5490531921387,-8.93895053863525,"Female"
"9004155",371989,2025-06-06 10:05:47,42.5490951538086,-8.93899536132812,"Female"
"9004155",371989,2025-06-06 10:10:47,42.5490570068359,-8.93900299072266,"Female"
"9004155",371989,2025-06-06 10:15:47,42.5490074157715,-8.93904495239258,"Female"
"9004155",371989,2025-06-06 10:20:47,42.548999786377,-8.93889427185059,"Female"
"9004155",371989,2025-06-06 10:25:47,42.5489921569824,-8.93902015686035,"Female"
"9004155",371989,2025-06-06 10:30:47,42.5488357543945,-8.93885803222656,"Female"
"9004155",371989,2025-06-06 10:35:47,42.5488166809082,-8.93880462646484,"Female"
"9004155",371989,2025-06-06 10:40:47,42.5488471984863,-8.93881416320801,"Female"
"9004155",371989,2025-06-06 10:45:47,42.5488090515137,-8.93880462646484,"Female"
"9004155",371989,2025-06-06 10:50:47,42.5488929748535,-8.93894958496094,"Female"
"9004155",371989,2025-06-06 10:55:47,42.5515747070312,-8.93161392211914,"Female"
"9004155",371989,2025-06-06 11:00:47,42.5727500915527,-8.88783836364746,"Female"
"9004155",371989,2025-06-06 11:05:47,42.5726737976074,-8.88783264160156,"Female"
"9004155",371989,2025-06-06 11:10:47,42.5726890563965,-8.88780403137207,"Female"
"9004155",371989,2025-06-06 11:15:47,42.5727043151855,-8.88776302337646,"Female"
"9004155",371989,2025-06-06 11:20:47,42.5803833007812,-8.87913227081299,"Female"
"9004155",371989,2025-06-06 11:25:47,42.5842208862305,-8.87209796905518,"Female"
"9004155",371989,2025-06-06 11:30:47,42.6053810119629,-8.84762477874756,"Female"
"9004155",371989,2025-06-06 11:35:47,42.6054000854492,-8.84768199920654,"Female"
"9004155",371989,2025-06-06 11:40:47,42.6053733825684,-8.84752368927002,"Female"
"9004155",371989,2025-06-06 11:45:57,42.6059036254883,-8.84683799743652,"Female"
"9004155",371989,2025-06-06 11:50:57,42.6064987182617,-8.84715557098389,"Female"
"9004155",371989,2025-06-06 11:55:57,42.606575012207,-8.84666156768799,"Female"
"9004155",371989,2025-06-06 12:00:57,42.6065368652344,-8.84652709960938,"Female"
"9004155",371989,2025-06-06 12:06:29,42.6064033508301,-8.84695339202881,"Female"
"9004155",371989,2025-06-06 12:10:57,42.6063919067383,-8.8466100692749,"Female"
"9004155",371989,2025-06-06 12:15:57,42.6065139770508,-8.84657764434814,"Female"
"9004155",371989,2025-06-06 12:20:57,42.6064720153809,-8.84659671783447,"Female"
"9004155",371989,2025-06-06 12:25:57,42.6063995361328,-8.84682655334473,"Female"
"9004155",371989,2025-06-06 12:30:56,42.6063232421875,-8.84704875946045,"Female"
"9004155",371989,2025-06-06 12:35:57,42.6064300537109,-8.84677124023438,"Female"
"9004155",371989,2025-06-06 12:40:57,42.6064529418945,-8.84656810760498,"Female"
"9004155",371989,2025-06-06 12:46:14,42.6063423156738,-8.84665489196777,"Female"
"9004155",371989,2025-06-06 12:50:57,42.6063003540039,-8.84668445587158,"Female"
"9004155",371989,2025-06-06 12:56:03,42.6062965393066,-8.84675121307373,"Female"
"9004155",371989,2025-06-06 13:00:57,42.606143951416,-8.84703159332275,"Female"
"9004155",371989,2025-06-06 13:05:57,42.6060447692871,-8.84711837768555,"Female"
"9004155",371989,2025-06-06 13:10:57,42.6060676574707,-8.84711074829102,"Female"
"9004155",371989,2025-06-06 13:15:57,42.6061019897461,-8.84710025787354,"Female"
"9004155",371989,2025-06-06 13:20:57,42.6061134338379,-8.84710216522217,"Female"
"9004155",371989,2025-06-06 13:25:57,42.6122512817383,-8.83742332458496,"Female"
"9004155",371989,2025-06-06 13:30:57,42.6122627258301,-8.8374490737915,"Female"
"9004155",371989,2025-06-06 13:37:02,42.6126441955566,-8.83667945861816,"Female"
"9004155",371989,2025-06-06 13:42:37,42.6136779785156,-8.83677196502686,"Female"
"9004155",371989,2025-06-06 13:47:50,42.6132774353027,-8.83684825897217,"Female"
"9004155",371989,2025-06-06 13:52:50,42.6133575439453,-8.83684349060059,"Female"
"9004155",371989,2025-06-06 13:57:50,42.61328125,-8.83685493469238,"Female"
"9004155",371989,2025-06-06 14:03:14,42.6131629943848,-8.83685970306396,"Female"
"9004155",371989,2025-06-06 14:07:50,42.6130867004395,-8.83684921264648,"Female"
"9004155",371989,2025-06-06 14:12:51,42.613037109375,-8.83676815032959,"Female"
"9004155",371989,2025-06-06 14:17:50,42.6131896972656,-8.83670806884766,"Female"
"9004155",371989,2025-06-06 14:23:06,42.6130981445312,-8.83672046661377,"Female"
"9004155",371989,2025-06-06 14:28:23,42.6130104064941,-8.83676147460938,"Female"
"9004155",371989,2025-06-06 14:32:49,42.612865447998,-8.83676910400391,"Female"
"9004155",371989,2025-06-06 14:37:50,42.6128273010254,-8.83676624298096,"Female"
"9004155",371989,2025-06-06 14:42:50,42.6128349304199,-8.83677387237549,"Female"
"9004155",371989,2025-06-06 14:47:49,42.6127967834473,-8.83673095703125,"Female"
"9004155",371989,2025-06-06 14:52:49,42.612850189209,-8.83679103851318,"Female"
"9004155",371989,2025-06-06 14:57:49,42.6128082275391,-8.836838722229,"Female"
"9004155",371989,2025-06-06 15:02:49,42.6128387451172,-8.83675098419189,"Female"
"9004155",371989,2025-06-06 15:07:49,42.6128158569336,-8.83688163757324,"Female"
"9004155",371989,2025-06-06 15:12:49,42.6128120422363,-8.83685684204102,"Female"
"9004155",371989,2025-06-06 15:17:49,42.6128005981445,-8.83679962158203,"Female"
"9004155",371989,2025-06-06 15:22:50,42.6127891540527,-8.83682346343994,"Female"
"9004155",371989,2025-06-06 15:27:49,42.6127967834473,-8.8368034362793,"Female"
"9004155",371989,2025-06-06 15:32:49,42.6128120422363,-8.83681774139404,"Female"
"9004155",371989,2025-06-06 15:37:49,42.612735748291,-8.83675575256348,"Female"
"9004155",371989,2025-06-06 15:42:49,42.6132354736328,-8.81869506835938,"Female"
"9004155",371989,2025-06-06 15:48:29,42.6118583679199,-8.8184289932251,"Female"
"9004155",371989,2025-06-06 15:53:43,42.6118278503418,-8.81770992279053,"Female"
"9004155",371989,2025-06-06 15:59:16,42.6121368408203,-8.81772613525391,"Female"
"9004155",371989,2025-06-06 16:04:22,42.6115264892578,-8.81817054748535,"Female"
"9004155",371989,2025-06-06 16:09:20,42.6102523803711,-8.81916427612305,"Female"
"9004155",371989,2025-06-06 16:15:45,42.6097984313965,-8.82077217102051,"Female"
"9004155",371989,2025-06-06 16:20:33,42.6094779968262,-8.82045459747314,"Female"
"9004155",371989,2025-06-06 16:25:33,42.6094665527344,-8.820387840271,"Female"
"9004155",371989,2025-06-06 16:30:32,42.6094703674316,-8.82042217254639,"Female"
"9004155",371989,2025-06-06 16:35:32,42.6095809936523,-8.82052326202393,"Female"
"9004155",371989,2025-06-06 16:40:33,42.6095848083496,-8.82050228118896,"Female"
"9004155",371989,2025-06-06 16:45:33,42.609504699707,-8.82034301757812,"Female"
"9004155",371989,2025-06-06 16:50:33,42.6095848083496,-8.82050132751465,"Female"
"9004155",371989,2025-06-06 16:55:33,42.6096496582031,-8.8204517364502,"Female"
"9004155",371989,2025-06-06 17:00:33,42.6097068786621,-8.82045841217041,"Female"
"9004155",371989,2025-06-06 17:05:33,42.6096458435059,-8.82052421569824,"Female"
"9004155",371989,2025-06-06 17:10:33,42.6096267700195,-8.82047939300537,"Female"
"9004155",371989,2025-06-06 17:15:33,42.6096115112305,-8.8203649520874,"Female"
"9004155",371989,2025-06-06 17:20:33,42.6096649169922,-8.82046794891357,"Female"
"9004155",371989,2025-06-06 17:25:32,42.6096420288086,-8.82055854797363,"Female"
"9004155",371989,2025-06-06 17:30:35,42.6097106933594,-8.8205451965332,"Female"
"9004155",371989,2025-06-06 17:35:33,42.609619140625,-8.82048416137695,"Female"
"9004155",371989,2025-06-06 17:40:33,42.6096267700195,-8.8204984664917,"Female"
"9004155",371989,2025-06-06 17:45:35,42.609676361084,-8.82042121887207,"Female"
"9004155",371989,2025-06-06 17:50:35,42.6096687316895,-8.82042789459229,"Female"
"9004155",371989,2025-06-06 17:55:33,42.6094512939453,-8.82127952575684,"Female"
"9004155",371989,2025-06-06 18:00:33,42.608715057373,-8.82258319854736,"Female"
"9004155",371989,2025-06-06 18:06:46,42.6081085205078,-8.82233142852783,"Female"
"9004155",371989,2025-06-06 18:12:18,42.6064987182617,-8.82358551025391,"Female"
"9004155",371989,2025-06-06 18:17:03,42.6064567565918,-8.82369804382324,"Female"
"9004155",371989,2025-06-06 18:22:03,42.6066360473633,-8.82365131378174,"Female"
"9004155",371989,2025-06-06 18:27:03,42.6063804626465,-8.82372093200684,"Female"
"9004155",371989,2025-06-06 18:32:03,42.6064529418945,-8.82356834411621,"Female"
"9004155",371989,2025-06-06 18:37:03,42.6063346862793,-8.82382106781006,"Female"
"9004155",371989,2025-06-06 18:42:03,42.6064529418945,-8.82374382019043,"Female"
"9004155",371989,2025-06-06 18:47:03,42.606502532959,-8.82344341278076,"Female"
"9004155",371989,2025-06-06 18:52:03,42.6064682006836,-8.82342433929443,"Female"
"9004155",371989,2025-06-06 18:57:05,42.6018104553223,-8.83572196960449,"Female"
"9004155",371989,2025-06-06 19:02:05,42.5857009887695,-8.87173557281494,"Female"
"9004155",371989,2025-06-06 19:07:03,42.5678749084473,-8.90536403656006,"Female"
"9004155",371989,2025-06-06 19:12:03,42.5484771728516,-8.93843841552734,"Female"
"9004155",371989,2025-06-06 19:17:03,42.5491523742676,-8.9389705657959,"Female"
"9004155",371989,2025-06-06 19:22:03,42.548698425293,-8.93882846832275,"Female"
"9004155",371989,2025-06-06 19:27:03,42.5488510131836,-8.93888854980469,"Female"
"9004155",371989,2025-06-06 19:32:03,42.5488967895508,-8.93886661529541,"Female"
"9004155",371989,2025-06-06 19:37:03,42.5488739013672,-8.93886661529541,"Female"
"9004155",371989,2025-06-06 19:42:03,42.5490570068359,-8.93892097473145,"Female"
"9004155",371989,2025-06-06 19:47:03,42.5488433837891,-8.93876647949219,"Female"
"9004155",371989,2025-06-06 19:52:03,42.5487213134766,-8.93876457214355,"Female"
"9004155",371989,2025-06-06 19:57:03,42.5487670898438,-8.93881893157959,"Female"
"9004155",371989,2025-06-06 20:02:03,42.5485687255859,-8.93925666809082,"Female"
"9004155",371989,2025-06-06 20:07:03,42.5485687255859,-8.93919944763184,"Female"
"9004155",371989,2025-06-06 20:12:03,42.5485343933105,-8.93920230865479,"Female"
"9004155",371989,2025-06-06 20:17:03,42.5483322143555,-8.93925952911377,"Female"
"9004155",371989,2025-06-06 20:22:06,42.5479850769043,-8.93948936462402,"Female"
"9004155",371989,2025-06-06 20:27:03,42.5483283996582,-8.93930244445801,"Female"
"9004155",371989,2025-06-06 20:32:03,42.5482559204102,-8.93925857543945,"Female"
"9004155",371989,2025-06-06 20:37:03,42.5484161376953,-8.93916702270508,"Female"
"9004155",371989,2025-06-06 20:42:04,42.5485877990723,-8.93902587890625,"Female"
"9004155",371989,2025-06-06 20:47:04,42.5485954284668,-8.93912887573242,"Female"
"9004155",371989,2025-06-06 20:52:03,42.5485343933105,-8.9390811920166,"Female"
"9004155",371989,2025-06-06 20:57:03,42.5486297607422,-8.93910694122314,"Female"
"9004155",371989,2025-06-06 21:02:03,42.5485420227051,-8.93903923034668,"Female"
"9004155",371989,2025-06-06 21:07:03,42.5485305786133,-8.93894386291504,"Female"
"9004155",371989,2025-06-06 21:12:05,42.5485801696777,-8.9388484954834,"Female"
"9004155",371989,2025-06-06 21:17:05,42.5486297607422,-8.93883323669434,"Female"
"9004155",371989,2025-06-06 21:22:05,42.5486679077148,-8.93897342681885,"Female"
"9004155",371989,2025-06-06 21:27:03,42.5487289428711,-8.93883514404297,"Female"
"9004155",371989,2025-06-06 21:32:04,42.5499610900879,-8.93782234191895,"Female"
"9004155",371989,2025-06-06 21:37:03,42.5487251281738,-8.93866157531738,"Female"
"9004155",371989,2025-06-06 21:42:03,42.5488014221191,-8.93870067596436,"Female"
"9004155",371989,2025-06-06 21:47:07,42.5487976074219,-8.93864917755127,"Female"
"9004155",371989,2025-06-06 21:52:06,42.5489768981934,-8.93868637084961,"Female"
"9004155",371989,2025-06-06 21:57:08,42.5489768981934,-8.93857002258301,"Female"
"9004155",371989,2025-06-06 22:02:06,42.5486183166504,-8.9386157989502,"Female"
"9004155",371989,2025-06-06 22:07:03,42.5483207702637,-8.93867874145508,"Female"
"9004155",371989,2025-06-06 22:12:08,42.5477409362793,-8.93889617919922,"Female"
"9004155",371989,2025-06-06 22:17:08,42.5479125976562,-8.93886089324951,"Female"
"9004155",371989,2025-06-06 22:22:14,42.5477104187012,-8.93889331817627,"Female"
"9004155",371989,2025-06-06 22:27:06,42.5474548339844,-8.93888664245605,"Female"
"9004155",371989,2025-06-06 22:32:07,42.5474166870117,-8.93884468078613,"Female"
"9004155",371989,2025-06-06 22:37:03,42.5474319458008,-8.93872928619385,"Female"
"9004155",371989,2025-06-06 22:42:03,42.5473403930664,-8.93870162963867,"Female"
"9004155",371989,2025-06-06 22:47:03,42.5476455688477,-8.93867206573486,"Female"
"9004155",371989,2025-06-06 22:52:03,42.5476341247559,-8.93871402740479,"Female"
"9004155",371989,2025-06-06 22:57:12,42.5478820800781,-8.93864822387695,"Female"
"9004155",371989,2025-06-06 23:02:07,42.5478134155273,-8.93867969512939,"Female"
"9004155",371989,2025-06-06 23:07:09,42.5481567382812,-8.93833637237549,"Female"
"9004155",371989,2025-06-06 23:12:07,42.5486869812012,-8.93835353851318,"Female"
"9004155",371989,2025-06-06 23:17:08,42.5485305786133,-8.93832492828369,"Female"
"9004155",371989,2025-06-06 23:22:09,42.5485877990723,-8.93836688995361,"Female"
"9004155",371989,2025-06-06 23:27:09,42.5486259460449,-8.9383430480957,"Female"
"9004155",371989,2025-06-06 23:32:08,42.548656463623,-8.93840408325195,"Female"
"9004155",371989,2025-06-06 23:37:07,42.5486831665039,-8.93841171264648,"Female"
"9004155",371989,2025-06-06 23:42:07,42.5485687255859,-8.93846893310547,"Female"
"9004155",371989,2025-06-06 23:47:08,42.5479545593262,-8.93861293792725,"Female"
"9004155",371989,2025-06-06 23:52:08,42.5483283996582,-8.93857955932617,"Female"
"9004155",371989,2025-06-06 23:57:07,42.5485076904297,-8.93863487243652,"Female"
"9004155",371989,2025-06-07 00:02:08,42.5484352111816,-8.93856239318848,"Female"
"9004155",371989,2025-06-07 00:07:08,42.5482444763184,-8.93861198425293,"Female"
"9004155",371989,2025-06-07 00:12:08,42.5483093261719,-8.93862247467041,"Female"
"9004155",371989,2025-06-07 00:17:08,42.5483627319336,-8.9386568069458,"Female"
"9004155",371989,2025-06-07 00:22:07,42.5484161376953,-8.93873596191406,"Female"
"9004155",371989,2025-06-07 00:27:07,42.5483589172363,-8.93869209289551,"Female"
"9004155",371989,2025-06-07 00:32:07,42.5483551025391,-8.93871688842773,"Female"
"9004155",371989,2025-06-07 00:37:07,42.5484809875488,-8.93875598907471,"Female"
"9004155",371989,2025-06-07 00:42:07,42.548469543457,-8.93873596191406,"Female"
"9004155",371989,2025-06-07 00:47:07,42.5485076904297,-8.93878650665283,"Female"
"9004155",371989,2025-06-07 00:52:12,42.5486259460449,-8.93881797790527,"Female"
"9004155",371989,2025-06-07 00:57:09,42.5485534667969,-8.93886661529541,"Female"
"9004155",371989,2025-06-07 01:02:10,42.5486335754395,-8.9388599395752,"Female"
"9004155",371989,2025-06-07 01:07:09,42.548641204834,-8.93889141082764,"Female"
"9004155",371989,2025-06-07 01:12:09,42.5487174987793,-8.93899440765381,"Female"
"9004155",371989,2025-06-07 01:17:10,42.5487213134766,-8.93901062011719,"Female"
"9004155",371989,2025-06-07 01:22:11,42.5489654541016,-8.9390115737915,"Female"
"9004155",371989,2025-06-07 01:27:07,42.548828125,-8.93913841247559,"Female"
"9004155",371989,2025-06-07 01:32:07,42.5489921569824,-8.93903827667236,"Female"
"9004155",371989,2025-06-07 01:37:09,42.5488166809082,-8.93923282623291,"Female"
"9004155",371989,2025-06-07 01:42:07,42.5488471984863,-8.93921756744385,"Female"
"9004155",371989,2025-06-07 01:47:07,42.5488739013672,-8.93912696838379,"Female"
"9004155",371989,2025-06-07 01:52:09,42.5487976074219,-8.93930625915527,"Female"
"9004155",371989,2025-06-07 01:57:09,42.5487213134766,-8.93940448760986,"Female"
"9004155",371989,2025-06-07 02:02:08,42.5487823486328,-8.93923759460449,"Female"
"9004155",371989,2025-06-07 02:07:08,42.5486450195312,-8.93940448760986,"Female"
"9004155",371989,2025-06-07 02:12:18,42.5487098693848,-8.93920707702637,"Female"
"9004155",371989,2025-06-07 02:17:08,42.548828125,-8.9388313293457,"Female"
"9004155",371989,2025-06-07 02:22:29,42.5483665466309,-8.93782615661621,"Female"
"9004155",371989,2025-06-07 02:27:13,42.5490188598633,-8.93819236755371,"Female"
"9004155",371989,2025-06-07 02:32:20,42.5484962463379,-8.93813991546631,"Female"
"9004155",371989,2025-06-07 02:37:29,42.5484504699707,-8.93802928924561,"Female"
"9004155",371989,2025-06-07 02:42:35,42.5485763549805,-8.93886756896973,"Female"
"9004155",371989,2025-06-07 02:47:06,42.5484962463379,-8.93889617919922,"Female"
"9004155",371989,2025-06-07 02:52:06,42.5485343933105,-8.93886470794678,"Female"
"9004155",371989,2025-06-07 02:57:06,42.5484848022461,-8.93889427185059,"Female"
"9004155",371989,2025-06-07 03:02:06,42.5485649108887,-8.93881225585938,"Female"
"9004155",371989,2025-06-07 03:07:06,42.5484657287598,-8.93880176544189,"Female"
"9004155",371989,2025-06-07 03:12:06,42.548454284668,-8.93887233734131,"Female"
"9004155",371989,2025-06-07 03:17:06,42.5484657287598,-8.93878173828125,"Female"
"9004155",371989,2025-06-07 03:22:06,42.5484848022461,-8.93881416320801,"Female"
"9004155",371989,2025-06-07 03:27:07,42.5484809875488,-8.93887710571289,"Female"
"9004155",371989,2025-06-07 03:32:07,42.5484619140625,-8.9388542175293,"Female"
"9004155",371989,2025-06-07 03:37:07,42.548526763916,-8.93897151947021,"Female"
"9004155",371989,2025-06-07 03:42:07,42.5485191345215,-8.9389705657959,"Female"
"9004155",371989,2025-06-07 03:47:07,42.5485076904297,-8.93884563446045,"Female"
"9004155",371989,2025-06-07 03:52:07,42.5485687255859,-8.93892383575439,"Female"
"9004155",371989,2025-06-07 03:57:07,42.5485229492188,-8.93892669677734,"Female"
"9004155",371989,2025-06-07 04:02:07,42.5485191345215,-8.93889236450195,"Female"
"9004155",371989,2025-06-07 04:07:07,42.5485382080078,-8.93884372711182,"Female"
"9004155",371989,2025-06-07 04:12:07,42.5487327575684,-8.93901634216309,"Female"
"9004155",371989,2025-06-07 04:17:07,42.5486869812012,-8.93900775909424,"Female"
"9004155",371989,2025-06-07 04:22:07,42.5487747192383,-8.93910217285156,"Female"
"9004155",371989,2025-06-07 04:27:07,42.5487365722656,-8.9390344619751,"Female"
"9004155",371989,2025-06-07 04:32:07,42.5487861633301,-8.93909931182861,"Female"
"9004155",371989,2025-06-07 04:37:07,42.5486297607422,-8.93896961212158,"Female"
"9004155",371989,2025-06-07 04:42:07,42.5488548278809,-8.93907928466797,"Female"
"9004155",371989,2025-06-07 04:47:07,42.5488014221191,-8.9390926361084,"Female"
"9004155",371989,2025-06-07 04:52:07,42.5487327575684,-8.93905162811279,"Female"
"9004155",371989,2025-06-07 04:57:07,42.5487365722656,-8.93904685974121,"Female"
"9004155",371989,2025-06-07 05:02:07,42.5488357543945,-8.93916130065918,"Female"
"9004155",371989,2025-06-07 05:07:07,42.5487632751465,-8.93906497955322,"Female"
"9004155",371989,2025-06-07 05:12:07,42.5488319396973,-8.93912887573242,"Female"
"9004155",371989,2025-06-07 05:17:07,42.5487632751465,-8.9391622543335,"Female"
"9004155",371989,2025-06-07 05:22:07,42.5487480163574,-8.93915462493896,"Female"
"9004155",371989,2025-06-07 05:27:07,42.5487098693848,-8.93924427032471,"Female"
"9004155",371989,2025-06-07 05:32:07,42.5485763549805,-8.93918323516846,"Female"
"9004155",371989,2025-06-07 05:37:07,42.5485801696777,-8.93916893005371,"Female"
"9004155",371989,2025-06-07 05:42:07,42.5485343933105,-8.93908596038818,"Female"
"9004155",371989,2025-06-07 05:47:07,42.5484886169434,-8.9388427734375,"Female"
"9004155",371989,2025-06-07 05:52:07,42.5484008789062,-8.93915271759033,"Female"
"9004155",371989,2025-06-07 05:57:08,42.5483474731445,-8.93856906890869,"Female"
"9004155",371989,2025-06-07 06:02:08,42.5482330322266,-8.93840599060059,"Female"
"9004155",371989,2025-06-07 06:07:07,42.5484237670898,-8.93892478942871,"Female"
"9004155",371989,2025-06-07 06:12:08,42.5484161376953,-8.93878078460693,"Female"
"9004155",371989,2025-06-07 06:17:08,42.548397064209,-8.93888664245605,"Female"
"9004155",371989,2025-06-07 06:22:08,42.548397064209,-8.93881797790527,"Female"
"9004155",371989,2025-06-07 06:27:08,42.5484504699707,-8.93878173828125,"Female"
"9004155",371989,2025-06-07 06:32:07,42.5486068725586,-8.93911361694336,"Female"
"9004155",371989,2025-06-07 06:37:09,42.5482025146484,-8.93875408172607,"Female"
"9004155",371989,2025-06-07 06:42:08,42.5487785339355,-8.93865489959717,"Female"
"9004155",371989,2025-06-07 06:47:07,42.5491180419922,-8.93803596496582,"Female"
"9004155",371989,2025-06-07 06:52:07,42.5486068725586,-8.93886756896973,"Female"
"9004155",371989,2025-06-07 06:57:08,42.5485649108887,-8.93899822235107,"Female"
"9004155",371989,2025-06-07 07:02:07,42.5486030578613,-8.93885517120361,"Female"
"9004155",371989,2025-06-07 07:07:07,42.548583984375,-8.93891048431396,"Female"
"9004155",371989,2025-06-07 07:12:07,42.5486869812012,-8.93885040283203,"Female"
"9004155",371989,2025-06-07 07:17:07,42.5487976074219,-8.93877220153809,"Female"
"9004155",371989,2025-06-07 07:22:08,42.5484771728516,-8.9390287399292,"Female"
"9004155",371989,2025-06-07 07:27:07,42.5486488342285,-8.93890762329102,"Female"
"9004155",371989,2025-06-07 07:32:09,42.5488548278809,-8.93890953063965,"Female"
"9004155",371989,2025-06-07 07:37:07,42.5488700866699,-8.93885707855225,"Female"
"9004155",371989,2025-06-07 07:42:07,42.5488777160645,-8.93890762329102,"Female"
"9004155",371989,2025-06-07 07:47:07,42.5487899780273,-8.93885135650635,"Female"
"9004155",371989,2025-06-07 07:52:07,42.5488662719727,-8.93884086608887,"Female"
"9004155",371989,2025-06-07 07:57:07,42.5489158630371,-8.93885707855225,"Female"
"9004155",371989,2025-06-07 08:02:07,42.5488929748535,-8.93888759613037,"Female"
"9004155",371989,2025-06-07 08:07:07,42.5489196777344,-8.93885898590088,"Female"
"9004155",371989,2025-06-07 08:12:07,42.548755645752,-8.93909168243408,"Female"
"9004155",371989,2025-06-07 08:17:07,42.548698425293,-8.93907833099365,"Female"
"9004155",371989,2025-06-07 08:22:07,42.5488014221191,-8.93904399871826,"Female"
"9004155",371989,2025-06-07 08:27:07,42.5486030578613,-8.93909454345703,"Female"
"9004155",371989,2025-06-07 08:32:07,42.5487174987793,-8.93909358978271,"Female"
"9004155",371989,2025-06-07 08:37:07,42.5487213134766,-8.93905735015869,"Female"
"9004155",371989,2025-06-07 08:42:07,42.5488128662109,-8.9389009475708,"Female"
"9004155",371989,2025-06-07 08:47:07,42.548755645752,-8.9390230178833,"Female"
"9004155",371989,2025-06-07 08:52:07,42.5488204956055,-8.9391565322876,"Female"
"9004155",371989,2025-06-07 08:57:07,42.5485458374023,-8.93907737731934,"Female"
"9004155",371989,2025-06-07 09:02:08,42.5485000610352,-8.93904685974121,"Female"
"9004155",371989,2025-06-07 09:07:08,42.548397064209,-8.93916797637939,"Female"
"9004155",371989,2025-06-07 09:12:08,42.5486755371094,-8.93896389007568,"Female"
"9004155",371989,2025-06-07 09:17:07,42.5487937927246,-8.93895721435547,"Female"
"9004155",371989,2025-06-07 09:22:08,42.5486526489258,-8.93899345397949,"Female"
"9004155",371989,2025-06-07 09:27:08,42.5486640930176,-8.93889999389648,"Female"
"9004155",371989,2025-06-07 09:32:11,42.5488395690918,-8.93887329101562,"Female"
"9004155",371989,2025-06-07 09:37:08,42.5583076477051,-8.90455436706543,"Female"
"9004155",371989,2025-06-07 09:42:08,42.5582313537598,-8.90446090698242,"Female"
"9004155",371989,2025-06-07 09:47:08,42.5582237243652,-8.90445137023926,"Female"
"9004155",371989,2025-06-07 09:52:08,42.5578918457031,-8.90433597564697,"Female"
"9004155",371989,2025-06-07 09:57:08,42.5583305358887,-8.90449237823486,"Female"
"9004155",371989,2025-06-07 10:02:08,42.5738296508789,-8.88895130157471,"Female"
"9004155",371989,2025-06-07 10:07:08,42.5990447998047,-8.84494495391846,"Female"
"9004155",371989,2025-06-07 10:13:17,42.6080589294434,-8.81557273864746,"Female"
"9004155",371989,2025-06-07 10:18:23,42.6087036132812,-8.8153247833252,"Female"
"9004155",371989,2025-06-07 10:23:23,42.6088180541992,-8.815354347229,"Female"
"9004155",371989,2025-06-07 10:28:31,42.6085739135742,-8.8155574798584,"Female"
"9004155",371989,2025-06-07 10:33:35,42.6085739135742,-8.81690216064453,"Female"
"9004155",371989,2025-06-07 10:38:32,42.6081008911133,-8.81630802154541,"Female"
"9004155",371989,2025-06-07 10:43:31,42.6082382202148,-8.816650390625,"Female"
"9004155",371989,2025-06-07 10:48:30,42.608211517334,-8.81668281555176,"Female"
"9004155",371989,2025-06-07 10:53:30,42.6082344055176,-8.81667232513428,"Female"
"9004155",371989,2025-06-07 10:58:31,42.6082496643066,-8.81671524047852,"Female"
"9004155",371989,2025-06-07 11:03:31,42.6081886291504,-8.81644630432129,"Female"
"9004155",371989,2025-06-07 11:08:30,42.6082038879395,-8.81648445129395,"Female"
"9004155",371989,2025-06-07 11:13:31,42.6081314086914,-8.81635856628418,"Female"
"9004155",371989,2025-06-07 11:18:32,42.6076469421387,-8.81698799133301,"Female"
"9004155",371989,2025-06-07 11:23:33,42.607120513916,-8.817946434021,"Female"
"9004155",371989,2025-06-07 11:28:32,42.6072769165039,-8.8174934387207,"Female"
"9004155",371989,2025-06-07 11:33:31,42.6074333190918,-8.81726360321045,"Female"
"9004155",371989,2025-06-07 11:38:30,42.6073417663574,-8.81713676452637,"Female"
"9004155",371989,2025-06-07 11:43:31,42.6075210571289,-8.81673908233643,"Female"
"9004155",371989,2025-06-07 11:48:32,42.6075668334961,-8.8169469833374,"Female"
"9004155",371989,2025-06-07 11:53:30,42.6076507568359,-8.81619358062744,"Female"
"9004155",371989,2025-06-07 11:58:31,42.6077766418457,-8.81574821472168,"Female"
"9004155",371989,2025-06-07 12:03:31,42.6076850891113,-8.81609916687012,"Female"
"9004155",371989,2025-06-07 12:08:31,42.607738494873,-8.81585502624512,"Female"
"9004155",371989,2025-06-07 12:13:30,42.6077117919922,-8.81599044799805,"Female"
"9004155",371989,2025-06-07 12:18:32,42.6077308654785,-8.8157901763916,"Female"
"9004155",371989,2025-06-07 12:23:31,42.6076011657715,-8.81661415100098,"Female"
"9004155",371989,2025-06-07 12:28:31,42.6075668334961,-8.81676864624023,"Female"
"9004155",371989,2025-06-07 12:33:31,42.607593536377,-8.81663799285889,"Female"
"9004155",371989,2025-06-07 12:38:34,42.608512878418,-8.81635093688965,"Female"
"9004155",371989,2025-06-07 12:43:52,42.6103477478027,-8.81785774230957,"Female"
"9004155",371989,2025-06-07 12:49:29,42.610969543457,-8.81675052642822,"Female"
"9004155",371989,2025-06-07 12:54:24,42.6111297607422,-8.81651973724365,"Female"
"9004155",371989,2025-06-07 12:59:24,42.6108932495117,-8.81695652008057,"Female"
"9004155",371989,2025-06-07 13:04:23,42.6109809875488,-8.81717395782471,"Female"
"9004155",371989,2025-06-07 13:09:24,42.6109466552734,-8.81711769104004,"Female"
"9004155",371989,2025-06-07 13:14:24,42.611011505127,-8.81706428527832,"Female"
"9004155",371989,2025-06-07 13:19:23,42.6107597351074,-8.81692695617676,"Female"
"9004155",371989,2025-06-07 13:24:23,42.6110687255859,-8.81701850891113,"Female"
"9004155",371989,2025-06-07 13:29:23,42.6110649108887,-8.8170051574707,"Female"
"9004155",371989,2025-06-07 13:34:23,42.6109848022461,-8.81723022460938,"Female"
"9004155",371989,2025-06-07 13:39:24,42.6110534667969,-8.81699085235596,"Female"
"9004155",371989,2025-06-07 13:44:23,42.6110000610352,-8.81699085235596,"Female"
"9004155",371989,2025-06-07 13:49:23,42.6110420227051,-8.81700420379639,"Female"
"9004155",371989,2025-06-07 13:54:23,42.6112289428711,-8.8169116973877,"Female"
"9004155",371989,2025-06-07 13:59:26,42.6110763549805,-8.81695747375488,"Female"
"9004155",371989,2025-06-07 14:04:23,42.6110153198242,-8.81719017028809,"Female"
"9004155",371989,2025-06-07 14:09:23,42.6112098693848,-8.81695365905762,"Female"
"9004155",371989,2025-06-07 14:14:23,42.6112174987793,-8.81692504882812,"Female"
"9004155",371989,2025-06-07 14:19:23,42.6112365722656,-8.8169412612915,"Female"
"9004155",371989,2025-06-07 14:24:23,42.6112785339355,-8.81690216064453,"Female"
"9004155",371989,2025-06-07 14:29:23,42.6112747192383,-8.8169002532959,"Female"
"9004155",371989,2025-06-07 14:34:23,42.6113052368164,-8.8169116973877,"Female"
"9004155",371989,2025-06-07 14:39:23,42.6111869812012,-8.81694412231445,"Female"
"9004155",371989,2025-06-07 14:44:24,42.6112022399902,-8.81696891784668,"Female"
"9004155",371989,2025-06-07 14:49:23,42.6113052368164,-8.8169002532959,"Female"
"9004155",371989,2025-06-07 14:54:25,42.6113624572754,-8.81684494018555,"Female"
"9004155",371989,2025-06-07 14:59:23,42.6112594604492,-8.81694030761719,"Female"
"9004155",371989,2025-06-07 15:05:16,42.6116333007812,-8.81668758392334,"Female"
"9004155",371989,2025-06-07 15:10:27,42.612117767334,-8.81664085388184,"Female"
"9004155",371989,2025-06-07 15:15:29,42.6110458374023,-8.81700611114502,"Female"
"9004155",371989,2025-06-07 15:20:26,42.6109161376953,-8.81791114807129,"Female"
"9004155",371989,2025-06-07 15:25:30,42.6112937927246,-8.81843948364258,"Female"
"9004155",371989,2025-06-07 15:31:55,42.6110687255859,-8.81976699829102,"Female"
"9004155",371989,2025-06-07 15:37:07,42.6106109619141,-8.81974697113037,"Female"
"9004155",371989,2025-06-07 15:41:45,42.6107940673828,-8.82150840759277,"Female"
"9004155",371989,2025-06-07 15:46:45,42.6107559204102,-8.82148265838623,"Female"
"9004155",371989,2025-06-07 15:51:45,42.6111755371094,-8.82177734375,"Female"
"9004155",371989,2025-06-07 15:56:45,42.6108589172363,-8.82160663604736,"Female"
"9004155",371989,2025-06-07 16:01:47,42.6108360290527,-8.82159328460693,"Female"
"9004155",371989,2025-06-07 16:06:49,42.6108741760254,-8.82161712646484,"Female"
"9004155",371989,2025-06-07 16:11:55,42.6104698181152,-8.82133102416992,"Female"
"9004155",371989,2025-06-07 16:16:55,42.6105003356934,-8.82137680053711,"Female"
"9004155",371989,2025-06-07 16:21:58,42.6106109619141,-8.82145595550537,"Female"
"9004155",371989,2025-06-07 16:27:00,42.6107215881348,-8.8215856552124,"Female"
"9004155",371989,2025-06-07 16:32:05,42.6101913452148,-8.82123470306396,"Female"
"9004155",371989,2025-06-07 16:36:44,42.6101226806641,-8.82135200500488,"Female"
"9004155",371989,2025-06-07 16:41:44,42.6101570129395,-8.82128620147705,"Female"
"9004155",371989,2025-06-07 16:46:44,42.6101684570312,-8.82129859924316,"Female"
"9004155",371989,2025-06-07 16:51:44,42.6101684570312,-8.8212776184082,"Female"
"9004155",371989,2025-06-07 16:56:44,42.6101684570312,-8.82122707366943,"Female"
"9004155",371989,2025-06-07 17:01:44,42.610221862793,-8.82124805450439,"Female"
"9004155",371989,2025-06-07 17:06:44,42.6101951599121,-8.82120513916016,"Female"
"9004155",371989,2025-06-07 17:11:54,42.6104393005371,-8.82109546661377,"Female"
"9004155",371989,2025-06-07 17:16:54,42.6105422973633,-8.82140350341797,"Female"
"9004155",371989,2025-06-07 17:21:53,42.6098747253418,-8.82196426391602,"Female"
"9004155",371989,2025-06-07 17:27:03,42.6092300415039,-8.82215595245361,"Female"
"9004155",371989,2025-06-07 17:32:19,42.6094512939453,-8.82213973999023,"Female"
"9004155",371989,2025-06-07 17:37:19,42.6090431213379,-8.82371616363525,"Female"
"9004155",371989,2025-06-07 17:42:20,42.6089096069336,-8.8250150680542,"Female"
"9004155",371989,2025-06-07 17:47:19,42.6089019775391,-8.825026512146,"Female"
"9004155",371989,2025-06-07 17:52:18,42.6088638305664,-8.82504081726074,"Female"
"9004155",371989,2025-06-07 17:57:19,42.6089134216309,-8.82502746582031,"Female"
"9004155",371989,2025-06-07 18:02:19,42.6088790893555,-8.82501220703125,"Female"
"9004155",371989,2025-06-07 18:07:18,42.6088600158691,-8.82497787475586,"Female"
"9004155",371989,2025-06-07 18:12:18,42.6088905334473,-8.8250036239624,"Female"
"9004155",371989,2025-06-07 18:17:19,42.6088638305664,-8.82497119903564,"Female"
"9004155",371989,2025-06-07 18:22:19,42.6088829040527,-8.82499599456787,"Female"
"9004155",371989,2025-06-07 18:27:19,42.6088829040527,-8.82499122619629,"Female"
"9004155",371989,2025-06-07 18:32:19,42.6044425964355,-8.84090328216553,"Female"
"9004155",371989,2025-06-07 18:37:20,42.6023330688477,-8.8465051651001,"Female"
"9004155",371989,2025-06-07 18:42:19,42.6023483276367,-8.84651374816895,"Female"
"9004155",371989,2025-06-07 18:47:19,42.6023864746094,-8.84654903411865,"Female"
"9004155",371989,2025-06-07 18:52:23,42.6023254394531,-8.84646987915039,"Female"
"9004155",371989,2025-06-07 18:57:19,42.5969085693359,-8.86142253875732,"Female"
"9004155",371989,2025-06-07 19:02:19,42.5764122009277,-8.89863204956055,"Female"
"9004155",371989,2025-06-07 19:07:19,42.5537567138672,-8.93416595458984,"Female"
"9004155",371989,2025-06-07 19:12:25,42.5485229492188,-8.93924427032471,"Female"
"9004155",371989,2025-06-07 19:17:19,42.5485801696777,-8.93889999389648,"Female"
"9004155",371989,2025-06-07 19:22:19,42.5482940673828,-8.93854522705078,"Female"
"9004155",371989,2025-06-07 19:27:20,42.5486183166504,-8.93895244598389,"Female"
"9004155",371989,2025-06-07 19:32:19,42.548583984375,-8.93887042999268,"Female"
"9004155",371989,2025-06-07 19:37:20,42.5484237670898,-8.93866634368896,"Female"
"9004155",371989,2025-06-07 19:42:19,42.5484733581543,-8.93872261047363,"Female"
"9004155",371989,2025-06-07 19:47:19,42.5484619140625,-8.93868064880371,"Female"
"9004155",371989,2025-06-07 19:52:19,42.5484733581543,-8.93867874145508,"Female"
"9004155",371989,2025-06-07 19:57:19,42.5484237670898,-8.93861865997314,"Female"
"9004155",371989,2025-06-07 20:02:19,42.5484275817871,-8.93855476379395,"Female"
"9004155",371989,2025-06-07 20:07:19,42.5484390258789,-8.93861198425293,"Female"
"9004155",371989,2025-06-07 20:12:20,42.5484657287598,-8.93855094909668,"Female"
"9004155",371989,2025-06-07 20:17:19,42.5483207702637,-8.93830394744873,"Female"
"9004155",371989,2025-06-07 20:22:19,42.5483894348145,-8.93849086761475,"Female"
"9004155",371989,2025-06-07 20:27:22,42.548770904541,-8.93943881988525,"Female"
"9004155",371989,2025-06-07 20:32:21,42.5488166809082,-8.93943309783936,"Female"
"9004155",371989,2025-06-07 20:37:21,42.5487747192383,-8.93946266174316,"Female"
"9004155",371989,2025-06-07 20:42:22,42.5487785339355,-8.93946933746338,"Female"
"9004155",371989,2025-06-07 20:47:21,42.5485153198242,-8.93905448913574,"Female"
"9004155",371989,2025-06-07 20:52:29,42.5485305786133,-8.93896961212158,"Female"
"9004155",371989,2025-06-07 20:57:25,42.548999786377,-8.93850231170654,"Female"
"9004155",371989,2025-06-07 21:02:43,42.5485382080078,-8.93916511535645,"Female"
"9004155",371989,2025-06-07 21:07:19,42.5483436584473,-8.93862628936768,"Female"
"9004155",371989,2025-06-07 21:12:20,42.5485763549805,-8.93877696990967,"Female"
"9004155",371989,2025-06-07 21:17:22,42.5490188598633,-8.93822288513184,"Female"
"9004155",371989,2025-06-07 21:22:23,42.5485687255859,-8.93887042999268,"Female"
"9004155",371989,2025-06-07 21:27:44,42.5484733581543,-8.93878841400146,"Female"
"9004155",371989,2025-06-07 21:32:22,42.5485610961914,-8.93861103057861,"Female"
"9004155",371989,2025-06-07 21:37:49,42.5484809875488,-8.93889045715332,"Female"
"9004155",371989,2025-06-07 21:42:18,42.5485420227051,-8.93880462646484,"Female"
"9004155",371989,2025-06-07 21:47:19,42.5485305786133,-8.93883037567139,"Female"
"9004155",371989,2025-06-07 21:52:18,42.548454284668,-8.93882369995117,"Female"
"9004155",371989,2025-06-07 21:57:18,42.5484313964844,-8.93885040283203,"Female"
"9004155",371989,2025-06-07 22:02:19,42.5484313964844,-8.93883419036865,"Female"
"9004155",371989,2025-06-07 22:07:19,42.5485038757324,-8.93879890441895,"Female"
"9004155",371989,2025-06-07 22:12:19,42.5485649108887,-8.93880271911621,"Female"
"9004155",371989,2025-06-07 22:17:18,42.5484886169434,-8.93886566162109,"Female"
"9004155",371989,2025-06-07 22:22:19,42.5484886169434,-8.93882846832275,"Female"
"9004155",371989,2025-06-07 22:27:18,42.5484275817871,-8.93871593475342,"Female"
"9004155",371989,2025-06-07 22:32:18,42.5486030578613,-8.9388599395752,"Female"
"9004155",371989,2025-06-07 22:37:18,42.5487365722656,-8.93900585174561,"Female"
"9004155",371989,2025-06-07 22:42:19,42.5485572814941,-8.93889236450195,"Female"
"9004155",371989,2025-06-07 22:47:19,42.5483932495117,-8.93867969512939,"Female"
"9004155",371989,2025-06-07 22:52:18,42.5487098693848,-8.93907356262207,"Female"
"9004155",371989,2025-06-07 22:57:19,42.5484962463379,-8.93878936767578,"Female"
"9004155",371989,2025-06-07 23:02:20,42.5485572814941,-8.93870258331299,"Female"
"9004155",371989,2025-06-07 23:07:44,42.5485534667969,-8.93892192840576,"Female"
"9004155",371989,2025-06-07 23:12:19,42.5485763549805,-8.93883228302002,"Female"
"9004155",371989,2025-06-07 23:17:19,42.5485877990723,-8.93887329101562,"Female"
"9004155",371989,2025-06-07 23:22:19,42.5485572814941,-8.93894863128662,"Female"
"9004155",371989,2025-06-07 23:27:19,42.5485343933105,-8.93892860412598,"Female"
"9004155",371989,2025-06-07 23:32:19,42.5485763549805,-8.9389123916626,"Female"
"9004155",371989,2025-06-07 23:37:19,42.548526763916,-8.93880939483643,"Female"
"9004155",371989,2025-06-07 23:42:21,42.548656463623,-8.9389705657959,"Female"
"9004155",371989,2025-06-07 23:47:20,42.5486602783203,-8.93938636779785,"Female"
"9004155",371989,2025-06-07 23:52:23,42.5484275817871,-8.93841171264648,"Female"
"9004155",371989,2025-06-07 23:57:30,42.5486335754395,-8.93910026550293,"Female"
"9004155",371989,2025-06-08 00:02:24,42.548511505127,-8.93902206420898,"Female"
"9004155",371989,2025-06-08 00:07:44,42.5485420227051,-8.93900203704834,"Female"
"9004155",371989,2025-06-08 00:12:19,42.5485916137695,-8.93906593322754,"Female"
"9004155",371989,2025-06-08 00:17:19,42.5485000610352,-8.93891716003418,"Female"
"9004155",371989,2025-06-08 00:22:21,42.5485916137695,-8.93898010253906,"Female"
"9004155",371989,2025-06-08 00:27:19,42.5486068725586,-8.93918228149414,"Female"
"9004155",371989,2025-06-08 00:32:19,42.5486259460449,-8.93903350830078,"Female"
"9004155",371989,2025-06-08 00:37:20,42.548656463623,-8.93916988372803,"Female"
"9004155",371989,2025-06-08 00:42:26,42.5485343933105,-8.93902778625488,"Female"
"9004155",371989,2025-06-08 00:47:44,42.5485191345215,-8.9391393661499,"Female"
"9004155",371989,2025-06-08 00:52:53,42.5485305786133,-8.93892955780029,"Female"
"9004155",371989,2025-06-08 00:57:18,42.5485801696777,-8.93884181976318,"Female"
"9004155",371989,2025-06-08 01:02:18,42.5485191345215,-8.93881130218506,"Female"
"9004155",371989,2025-06-08 01:07:18,42.5485610961914,-8.93887901306152,"Female"
"9004155",371989,2025-06-08 01:12:18,42.548583984375,-8.93891048431396,"Female"
"9004155",371989,2025-06-08 01:17:18,42.548526763916,-8.93873119354248,"Female"
"9004155",371989,2025-06-08 01:22:18,42.548511505127,-8.9387378692627,"Female"
"9004155",371989,2025-06-08 01:27:19,42.5485572814941,-8.93878078460693,"Female"
"9004155",371989,2025-06-08 01:32:18,42.5484924316406,-8.93894004821777,"Female"
"9004155",371989,2025-06-08 01:37:19,42.5485801696777,-8.93892288208008,"Female"
"9004155",371989,2025-06-08 01:42:19,42.548583984375,-8.93898677825928,"Female"
"9004155",371989,2025-06-08 01:47:19,42.5485382080078,-8.93892574310303,"Female"
"9004155",371989,2025-06-08 01:52:19,42.5485496520996,-8.93885231018066,"Female"
"9004155",371989,2025-06-08 01:57:19,42.5484733581543,-8.93891048431396,"Female"
"9004155",371989,2025-06-08 02:02:19,42.548454284668,-8.93878173828125,"Female"
"9004155",371989,2025-06-08 02:07:19,42.5486755371094,-8.93890380859375,"Female"
"9004155",371989,2025-06-08 02:12:19,42.5485191345215,-8.93884944915771,"Female"
"9004155",371989,2025-06-08 02:17:19,42.5486793518066,-8.93895626068115,"Female"
"9004155",371989,2025-06-08 02:22:21,42.5486221313477,-8.93881416320801,"Female"
"9004155",371989,2025-06-08 02:27:19,42.548942565918,-8.93898868560791,"Female"
"9004155",371989,2025-06-08 02:32:21,42.5485916137695,-8.93899059295654,"Female"
"9004155",371989,2025-06-08 02:37:20,42.5488967895508,-8.93899440765381,"Female"
"9004155",371989,2025-06-08 02:42:20,42.5484046936035,-8.93877792358398,"Female"
"9004155",371989,2025-06-08 02:47:23,42.5486183166504,-8.93881130218506,"Female"
"9004155",371989,2025-06-08 02:52:44,42.5485916137695,-8.9389123916626,"Female"
"9004155",371989,2025-06-08 02:57:19,42.5487060546875,-8.93895816802979,"Female"
"9004155",371989,2025-06-08 03:02:19,42.5487899780273,-8.9389533996582,"Female"
"9004155",371989,2025-06-08 03:07:19,42.5487098693848,-8.93898105621338,"Female"
"9004155",371989,2025-06-08 03:12:19,42.5485572814941,-8.9387674331665,"Female"
"9004155",371989,2025-06-08 03:17:19,42.5489196777344,-8.93911552429199,"Female"
"9004155",371989,2025-06-08 03:22:19,42.5486183166504,-8.93884944915771,"Female"
"9004155",371989,2025-06-08 03:27:19,42.5487098693848,-8.9390344619751,"Female"
"9004155",371989,2025-06-08 03:32:19,42.5488624572754,-8.9391565322876,"Female"
"9004155",371989,2025-06-08 03:37:19,42.5487632751465,-8.93899917602539,"Female"
"9004155",371989,2025-06-08 03:42:19,42.5486068725586,-8.93891906738281,"Female"
"9004155",371989,2025-06-08 03:47:33,42.5488929748535,-8.93919086456299,"Female"
"9004155",371989,2025-06-08 03:52:42,42.5487594604492,-8.93910884857178,"Female"
"9004155",371989,2025-06-08 03:57:19,42.5488319396973,-8.93906593322754,"Female"
"9004155",371989,2025-06-08 04:02:21,42.5486907958984,-8.93917465209961,"Female"
"9004155",371989,2025-06-08 04:07:24,42.5482597351074,-8.93862342834473,"Female"
"9004155",371989,2025-06-08 04:12:19,42.5486907958984,-8.93894577026367,"Female"
"9004155",371989,2025-06-08 04:17:19,42.5485572814941,-8.93883228302002,"Female"
"9004155",371989,2025-06-08 04:22:23,42.5487785339355,-8.93901538848877,"Female"
"9004155",371989,2025-06-08 04:27:19,42.5484580993652,-8.93874835968018,"Female"
"9004155",371989,2025-06-08 04:32:24,42.548713684082,-8.93899059295654,"Female"
"9004155",371989,2025-06-08 04:37:19,42.5483245849609,-8.93866539001465,"Female"
"9004155",371989,2025-06-08 04:42:23,42.5491828918457,-8.93939304351807,"Female"
"9004155",371989,2025-06-08 04:47:44,42.5487899780273,-8.9390287399292,"Female"
"9004155",371989,2025-06-08 04:52:19,42.548641204834,-8.93893623352051,"Female"
"9004155",371989,2025-06-08 04:57:19,42.5485801696777,-8.93890380859375,"Female"
"9004155",371989,2025-06-08 05:02:19,42.5486679077148,-8.93892288208008,"Female"
"9004155",371989,2025-06-08 05:07:19,42.5484275817871,-8.93868923187256,"Female"
"9004155",371989,2025-06-08 05:12:19,42.5487251281738,-8.93883609771729,"Female"
"9004155",371989,2025-06-08 05:17:19,42.5486869812012,-8.938889503479,"Female"
"9004155",371989,2025-06-08 05:22:37,42.5484962463379,-8.93886756896973,"Female"
"9004155",371989,2025-06-08 05:27:45,42.5485305786133,-8.9389009475708,"Female"
"9004155",371989,2025-06-08 05:32:28,42.5485229492188,-8.93878936767578,"Female"
"9004155",371989,2025-06-08 05:37:21,42.5485382080078,-8.93893718719482,"Female"
"9004155",371989,2025-06-08 05:42:21,42.548526763916,-8.93921566009521,"Female"
"9004155",371989,2025-06-08 05:47:45,42.5485191345215,-8.93894481658936,"Female"
"9004155",371989,2025-06-08 05:52:32,42.5485496520996,-8.93901634216309,"Female"
"9004155",371989,2025-06-08 05:57:31,42.5485458374023,-8.9389009475708,"Female"
"9004155",371989,2025-06-08 06:02:34,42.5485534667969,-8.93908214569092,"Female"
"9004155",371989,2025-06-08 06:07:26,42.5485458374023,-8.93887138366699,"Female"
"9004155",371989,2025-06-08 06:12:32,42.5486221313477,-8.93882465362549,"Female"
"9004155",371989,2025-06-08 06:17:52,42.5485229492188,-8.93884086608887,"Female"
"9004155",371989,2025-06-08 06:22:19,42.5485343933105,-8.93875217437744,"Female"
"9004155",371989,2025-06-08 06:27:19,42.5484962463379,-8.93887519836426,"Female"
"9004155",371989,2025-06-08 06:32:19,42.5484275817871,-8.93891525268555,"Female"
"9004155",371989,2025-06-08 06:37:22,42.5483779907227,-8.93893814086914,"Female"
"9004155",371989,2025-06-08 06:42:19,42.548900604248,-8.93867492675781,"Female"
"9004155",371989,2025-06-08 06:47:20,42.5483322143555,-8.93881702423096,"Female"
"9004155",371989,2025-06-08 06:52:21,42.5483932495117,-8.93873023986816,"Female"
"9004155",371989,2025-06-08 06:57:21,42.5484161376953,-8.93874835968018,"Female"
"9004155",371989,2025-06-08 07:02:26,42.5486335754395,-8.9387731552124,"Female"
"9004155",371989,2025-06-08 07:07:53,42.5485649108887,-8.93885040283203,"Female"
"9004155",371989,2025-06-08 07:12:19,42.5486450195312,-8.93889427185059,"Female"
"9004155",371989,2025-06-08 07:17:20,42.5485992431641,-8.93893718719482,"Female"
"9004155",371989,2025-06-08 07:22:19,42.5486183166504,-8.9389123916626,"Female"
"9004155",371989,2025-06-08 07:27:19,42.5486793518066,-8.93893814086914,"Female"
"9004155",371989,2025-06-08 07:32:19,42.5486488342285,-8.93895626068115,"Female"
"9004155",371989,2025-06-08 07:37:19,42.5485687255859,-8.93894672393799,"Female"
"9004155",371989,2025-06-08 07:42:19,42.5485877990723,-8.93896484375,"Female"
"9004155",371989,2025-06-08 07:47:19,42.5485763549805,-8.93901824951172,"Female"
"9004155",371989,2025-06-08 07:52:19,42.548656463623,-8.93894577026367,"Female"
"9004155",371989,2025-06-08 07:57:19,42.5486717224121,-8.93891525268555,"Female"
"9004155",371989,2025-06-08 08:02:19,42.5486831665039,-8.93889904022217,"Female"
"9004155",371989,2025-06-08 08:07:19,42.5536193847656,-8.92527103424072,"Female"
"9004155",371989,2025-06-08 08:12:19,42.5644569396973,-8.90763568878174,"Female"
"9004155",371989,2025-06-08 08:17:19,42.5708274841309,-8.90006542205811,"Female"
"9004155",371989,2025-06-08 08:22:19,42.5708541870117,-8.90001010894775,"Female"
"9004155",371989,2025-06-08 08:27:19,42.5717124938965,-8.89612865447998,"Female"
"9004155",371989,2025-06-08 08:32:19,42.5896339416504,-8.87417411804199,"Female"
"9004155",371989,2025-06-08 08:37:19,42.6033401489258,-8.84671783447266,"Female"
"9004155",371989,2025-06-08 08:42:19,42.6084251403809,-8.8377799987793,"Female"
"9004155",371989,2025-06-08 08:47:19,42.6084518432617,-8.83773231506348,"Female"
"9004155",371989,2025-06-08 08:52:19,42.6084213256836,-8.83770370483398,"Female"
"9004155",371989,2025-06-08 08:57:22,42.6099166870117,-8.83679580688477,"Female"
"9004155",371989,2025-06-08 09:03:28,42.6103286743164,-8.83703422546387,"Female"
"9004155",371989,2025-06-08 09:08:23,42.6105575561523,-8.83661937713623,"Female"
"9004155",371989,2025-06-08 09:13:26,42.6104469299316,-8.83681392669678,"Female"
"9004155",371989,2025-06-08 09:18:23,42.6105194091797,-8.8365650177002,"Female"
"9004155",371989,2025-06-08 09:23:23,42.610466003418,-8.83659744262695,"Female"
"9004155",371989,2025-06-08 09:28:23,42.6104202270508,-8.83601379394531,"Female"
"9004155",371989,2025-06-08 09:33:24,42.6103973388672,-8.83561611175537,"Female"
"9004155",371989,2025-06-08 09:38:23,42.6103744506836,-8.83601379394531,"Female"
"9004155",371989,2025-06-08 09:43:24,42.610424041748,-8.83635711669922,"Female"
"9004155",371989,2025-06-08 09:48:23,42.6103782653809,-8.83609580993652,"Female"
"9004155",371989,2025-06-08 09:53:23,42.6103706359863,-8.83583164215088,"Female"
"9004155",371989,2025-06-08 09:58:23,42.6103897094727,-8.83602142333984,"Female"
"9004155",371989,2025-06-08 10:03:24,42.6104164123535,-8.83594417572021,"Female"
"9004155",371989,2025-06-08 10:08:26,42.6104393005371,-8.83623504638672,"Female"
"9004155",371989,2025-06-08 10:13:25,42.6103553771973,-8.8357458114624,"Female"
"9004155",371989,2025-06-08 10:18:25,42.6100921630859,-8.83516979217529,"Female"
"9004155",371989,2025-06-08 10:23:49,42.6146621704102,-8.81965255737305,"Female"
"9004155",371989,2025-06-08 10:29:08,42.6155738830566,-8.81746292114258,"Female"
"9004155",371989,2025-06-08 10:34:55,42.6156997680664,-8.81738662719727,"Female"
"9004155",371989,2025-06-08 10:40:01,42.6156730651855,-8.81807518005371,"Female"
"9004155",371989,2025-06-08 10:45:01,42.6149024963379,-8.81820678710938,"Female"
"9004155",371989,2025-06-08 10:50:02,42.614818572998,-8.8180980682373,"Female"
"9004155",371989,2025-06-08 10:55:02,42.6149063110352,-8.81830215454102,"Female"
"9004155",371989,2025-06-08 11:00:02,42.6149063110352,-8.81830978393555,"Female"
"9004155",371989,2025-06-08 11:05:02,42.614818572998,-8.81822109222412,"Female"
"9004155",371989,2025-06-08 11:10:14,42.6148910522461,-8.81767559051514,"Female"
"9004155",371989,2025-06-08 11:15:11,42.6148681640625,-8.8181095123291,"Female"
"9004155",371989,2025-06-08 11:20:12,42.6148834228516,-8.81771945953369,"Female"
"9004155",371989,2025-06-08 11:25:06,42.6148643493652,-8.8178882598877,"Female"
"9004155",371989,2025-06-08 11:30:06,42.6149711608887,-8.81755638122559,"Female"
"9004155",371989,2025-06-08 11:35:14,42.6151428222656,-8.81771469116211,"Female"
"9004155",371989,2025-06-08 11:40:03,42.6154823303223,-8.81872081756592,"Female"
"9004155",371989,2025-06-08 11:45:35,42.6153106689453,-8.8187313079834,"Female"
"9004155",371989,2025-06-08 11:49:59,42.6152648925781,-8.81876659393311,"Female"
"9004155",371989,2025-06-08 11:54:59,42.615291595459,-8.81862354278564,"Female"
"9004155",371989,2025-06-08 11:59:59,42.6153793334961,-8.81866264343262,"Female"
"9004155",371989,2025-06-08 12:04:59,42.615348815918,-8.81878662109375,"Female"
"9004155",371989,2025-06-08 12:09:59,42.6153144836426,-8.81875896453857,"Female"
"9004155",371989,2025-06-08 12:14:59,42.6153602600098,-8.81862735748291,"Female"
"9004155",371989,2025-06-08 12:19:59,42.6153678894043,-8.81872940063477,"Female"
"9004155",371989,2025-06-08 12:24:59,42.615364074707,-8.81866931915283,"Female"
"9004155",371989,2025-06-08 12:30:00,42.6153411865234,-8.81871604919434,"Female"
"9004155",371989,2025-06-08 12:35:00,42.615364074707,-8.81870651245117,"Female"
"9004155",371989,2025-06-08 12:40:00,42.6153602600098,-8.81871700286865,"Female"
"9004155",371989,2025-06-08 12:45:00,42.6153678894043,-8.81871318817139,"Female"
"9004155",371989,2025-06-08 12:50:00,42.6153984069824,-8.81865406036377,"Female"
"9004155",371989,2025-06-08 12:55:00,42.6153945922852,-8.81873416900635,"Female"
"9004155",371989,2025-06-08 13:00:00,42.6153793334961,-8.81879615783691,"Female"
"9004155",371989,2025-06-08 13:05:00,42.6154022216797,-8.81881904602051,"Female"
"9004155",371989,2025-06-08 13:10:00,42.6153945922852,-8.81886291503906,"Female"
"9004155",371989,2025-06-08 13:15:00,42.6153717041016,-8.81886196136475,"Female"
"9004155",371989,2025-06-08 13:20:00,42.6153717041016,-8.8189172744751,"Female"
"9004155",371989,2025-06-08 13:25:00,42.6154174804688,-8.81893444061279,"Female"
"9004155",371989,2025-06-08 13:30:22,42.6153755187988,-8.81868076324463,"Female"
"9004155",371989,2025-06-08 13:36:02,42.6152153015137,-8.8187084197998,"Female"
"9004155",371989,2025-06-08 13:41:00,42.6154174804688,-8.8190975189209,"Female"
"9004155",371989,2025-06-08 13:46:01,42.6153831481934,-8.81915092468262,"Female"
"9004155",371989,2025-06-08 13:51:01,42.6154022216797,-8.81911087036133,"Female"
"9004155",371989,2025-06-08 13:56:01,42.6153869628906,-8.81914806365967,"Female"
"9004155",371989,2025-06-08 14:01:01,42.615364074707,-8.81914901733398,"Female"
"9004155",371989,2025-06-08 14:06:02,42.6153793334961,-8.81913661956787,"Female"
"9004155",371989,2025-06-08 14:11:02,42.6153182983398,-8.81914615631104,"Female"
"9004155",371989,2025-06-08 14:16:02,42.615291595459,-8.81916427612305,"Female"
"9004155",371989,2025-06-08 14:21:02,42.6153259277344,-8.81913661956787,"Female"
"9004155",371989,2025-06-08 14:26:02,42.6152229309082,-8.81912708282471,"Female"
"9004155",371989,2025-06-08 14:31:02,42.6151695251465,-8.81911659240723,"Female"
"9004155",371989,2025-06-08 14:36:02,42.6151428222656,-8.81910705566406,"Female"
"9004155",371989,2025-06-08 14:41:02,42.6150703430176,-8.81905937194824,"Female"
"9004155",371989,2025-06-08 14:46:02,42.6150970458984,-8.81908798217773,"Female"
"9004155",371989,2025-06-08 14:51:02,42.6150245666504,-8.81909847259521,"Female"
"9004155",371989,2025-06-08 14:56:03,42.6149444580078,-8.81819248199463,"Female"
"9004155",371989,2025-06-08 15:01:41,42.6146087646484,-8.81755924224854,"Female"
"9004155",371989,2025-06-08 15:06:39,42.6145057678223,-8.81750869750977,"Female"
"9004155",371989,2025-06-08 15:11:42,42.6145362854004,-8.81810188293457,"Female"
"9004155",371989,2025-06-08 15:16:42,42.6144523620605,-8.81791114807129,"Female"
"9004155",371989,2025-06-08 15:21:56,42.6145210266113,-8.81786155700684,"Female"
"9004155",371989,2025-06-08 15:26:39,42.6143608093262,-8.81782722473145,"Female"
"9004155",371989,2025-06-08 15:31:41,42.6142768859863,-8.81766128540039,"Female"
"9004155",371989,2025-06-08 15:37:02,42.6142272949219,-8.81765556335449,"Female"
"9004155",371989,2025-06-08 15:41:41,42.6142654418945,-8.81769752502441,"Female"
"9004155",371989,2025-06-08 15:46:59,42.6142692565918,-8.81763362884521,"Female"
"9004155",371989,2025-06-08 15:51:52,42.6142921447754,-8.81767559051514,"Female"
"9004155",371989,2025-06-08 15:57:05,42.6143417358398,-8.8178653717041,"Female"
"9004155",371989,2025-06-08 16:01:39,42.6143035888672,-8.81791019439697,"Female"
"9004155",371989,2025-06-08 16:06:39,42.6142730712891,-8.81784343719482,"Female"
"9004155",371989,2025-06-08 16:11:38,42.6142539978027,-8.81784439086914,"Female"
"9004155",371989,2025-06-08 16:16:39,42.6142349243164,-8.8178071975708,"Female"
"9004155",371989,2025-06-08 16:21:39,42.6142883300781,-8.81779766082764,"Female"
"9004155",371989,2025-06-08 16:26:38,42.6142768859863,-8.81783676147461,"Female"
"9004155",371989,2025-06-08 16:31:38,42.6138343811035,-8.81809425354004,"Female"
"9004155",371989,2025-06-08 16:36:41,42.6135444641113,-8.8181676864624,"Female"
"9004155",371989,2025-06-08 16:42:05,42.6135673522949,-8.81840515136719,"Female"
"9004155",371989,2025-06-08 16:47:07,42.6123466491699,-8.81904315948486,"Female"
"9004155",371989,2025-06-08 16:52:06,42.6110725402832,-8.82081031799316,"Female"
"9004155",371989,2025-06-08 16:57:05,42.6114463806152,-8.82119750976562,"Female"
"9004155",371989,2025-06-08 17:02:06,42.6118278503418,-8.82175731658936,"Female"
"9004155",371989,2025-06-08 17:07:04,42.6118316650391,-8.82181358337402,"Female"
"9004155",371989,2025-06-08 17:12:04,42.6118278503418,-8.82183742523193,"Female"
"9004155",371989,2025-06-08 17:17:06,42.6118431091309,-8.82181262969971,"Female"
"9004155",371989,2025-06-08 17:22:06,42.6118431091309,-8.82187080383301,"Female"
"9004155",371989,2025-06-08 17:27:05,42.6118392944336,-8.8218822479248,"Female"
"9004155",371989,2025-06-08 17:32:04,42.6118087768555,-8.8218240737915,"Female"
"9004155",371989,2025-06-08 17:37:04,42.6118278503418,-8.82179641723633,"Female"
"9004155",371989,2025-06-08 17:42:06,42.6118316650391,-8.82181072235107,"Female"
"9004155",371989,2025-06-08 17:47:06,42.6118812561035,-8.82186222076416,"Female"
"9004155",371989,2025-06-08 17:52:06,42.6118545532227,-8.82192802429199,"Female"
"9004155",371989,2025-06-08 17:57:06,42.6119003295898,-8.82191944122314,"Female"
"9004155",371989,2025-06-08 18:02:06,42.6118927001953,-8.8220386505127,"Female"
"9004155",371989,2025-06-08 18:07:06,42.6119041442871,-8.82197093963623,"Female"
"9004155",371989,2025-06-08 18:12:06,42.6120147705078,-8.82189750671387,"Female"
"9004155",371989,2025-06-08 18:17:06,42.6119194030762,-8.82198715209961,"Female"
"9004155",371989,2025-06-08 18:22:06,42.6119346618652,-8.82201194763184,"Female"
"9004155",371989,2025-06-08 18:27:06,42.611930847168,-8.82202529907227,"Female"
"9004155",371989,2025-06-08 18:32:06,42.6119422912598,-8.82200050354004,"Female"
"9004155",371989,2025-06-08 18:37:06,42.6119194030762,-8.82201862335205,"Female"
"9004155",371989,2025-06-08 18:42:06,42.6118621826172,-8.82190799713135,"Female"
"9004155",371989,2025-06-08 18:47:06,42.6119384765625,-8.82206630706787,"Female"
"9004155",371989,2025-06-08 18:52:05,42.601490020752,-8.85076332092285,"Female"
"9004155",371989,2025-06-08 18:57:08,42.597770690918,-8.86190414428711,"Female"
"9004155",371989,2025-06-08 19:02:08,42.5978164672852,-8.86194133758545,"Female"
"9004155",371989,2025-06-08 19:07:09,42.5978202819824,-8.86194229125977,"Female"
"9004155",371989,2025-06-08 19:12:09,42.5978202819824,-8.86189937591553,"Female"
"9004155",371989,2025-06-08 19:17:09,42.5978240966797,-8.86193084716797,"Female"
"9004155",371989,2025-06-08 19:22:35,42.5978469848633,-8.8617696762085,"Female"
"9004155",371989,2025-06-08 19:27:04,42.5977668762207,-8.86171722412109,"Female"
"9004155",371989,2025-06-08 19:32:05,42.5845260620117,-8.88900566101074,"Female"
"9004155",371989,2025-06-08 19:37:05,42.5497894287109,-8.93895149230957,"Female"
"9004155",371989,2025-06-08 19:42:05,42.5498237609863,-8.9389181137085,"Female"
"9004155",371989,2025-06-08 19:47:06,42.548583984375,-8.93887615203857,"Female"
"9004155",371989,2025-06-08 19:52:06,42.5484733581543,-8.9388256072998,"Female"
"9004155",371989,2025-06-08 19:57:05,42.5485191345215,-8.93888282775879,"Female"
"9004155",371989,2025-06-08 20:02:06,42.548511505127,-8.93889427185059,"Female"
"9004155",371989,2025-06-08 20:07:06,42.5485610961914,-8.93884658813477,"Female"
"9004155",371989,2025-06-08 20:12:05,42.5484619140625,-8.93895435333252,"Female"
"9004155",371989,2025-06-08 20:17:06,42.5484085083008,-8.93896961212158,"Female"
"9004155",371989,2025-06-08 20:22:06,42.5485191345215,-8.93893527984619,"Female"
"9004155",371989,2025-06-08 20:27:06,42.5484619140625,-8.93900108337402,"Female"
"9004155",371989,2025-06-08 20:32:06,42.5484619140625,-8.93891525268555,"Female"
"9004155",371989,2025-06-08 20:37:06,42.5484580993652,-8.93894195556641,"Female"
"9004155",371989,2025-06-08 20:42:06,42.5484237670898,-8.93891143798828,"Female"
"9004155",371989,2025-06-08 20:47:06,42.5482902526855,-8.93902111053467,"Female"
"9004155",371989,2025-06-08 20:52:06,42.5484733581543,-8.93891620635986,"Female"
"9004155",371989,2025-06-08 20:57:06,42.5485076904297,-8.93895721435547,"Female"
"9004155",371989,2025-06-08 21:02:06,42.5484313964844,-8.93881130218506,"Female"
"9004155",371989,2025-06-08 21:07:06,42.5484657287598,-8.93889236450195,"Female"
"9004155",371989,2025-06-08 21:12:06,42.5484619140625,-8.93886756896973,"Female"
"9004155",371989,2025-06-08 21:17:06,42.5485038757324,-8.93882083892822,"Female"
"9004155",371989,2025-06-08 21:22:06,42.5484886169434,-8.93879699707031,"Female"
"9004155",371989,2025-06-08 21:27:06,42.5485038757324,-8.93879222869873,"Female"
"9004155",371989,2025-06-08 21:32:06,42.5485229492188,-8.93887996673584,"Female"
"9004155",371989,2025-06-08 21:37:06,42.548454284668,-8.93888664245605,"Female"
"9004155",371989,2025-06-08 21:42:06,42.5485649108887,-8.93886852264404,"Female"
"9004155",371989,2025-06-08 21:47:05,42.5484619140625,-8.93893337249756,"Female"
"9004155",371989,2025-06-08 21:52:06,42.5485801696777,-8.93885898590088,"Female"
"9004155",371989,2025-06-08 21:57:07,42.548526763916,-8.93888854980469,"Female"
"9004155",371989,2025-06-08 22:02:06,42.5485420227051,-8.93892860412598,"Female"
"9004155",371989,2025-06-08 22:07:07,42.5484237670898,-8.93884372711182,"Female"
"9004155",371989,2025-06-08 22:12:06,42.5483665466309,-8.93871116638184,"Female"
"9004155",371989,2025-06-08 22:17:08,42.5484161376953,-8.93882465362549,"Female"
"9004155",371989,2025-06-08 22:22:21,42.5485496520996,-8.93891716003418,"Female"
"9004155",371989,2025-06-08 22:27:06,42.548412322998,-8.93868732452393,"Female"
"9004155",371989,2025-06-08 22:32:07,42.5484657287598,-8.93876838684082,"Female"
"9004155",371989,2025-06-08 22:37:07,42.5483512878418,-8.93860626220703,"Female"
"9004155",371989,2025-06-08 22:42:35,42.5484924316406,-8.93883514404297,"Female"
"9004155",371989,2025-06-08 22:47:06,42.5485000610352,-8.9388484954834,"Female"
"9004155",371989,2025-06-08 22:52:05,42.5484924316406,-8.93882179260254,"Female"
"9004155",371989,2025-06-08 22:57:06,42.5485877990723,-8.93886089324951,"Female"
"9004155",371989,2025-06-08 23:02:05,42.5484657287598,-8.93891620635986,"Female"
"9004155",371989,2025-06-08 23:07:06,42.5484771728516,-8.93885231018066,"Female"
"9004155",371989,2025-06-08 23:12:06,42.548454284668,-8.93879890441895,"Female"
"9004155",371989,2025-06-08 23:17:06,42.5485382080078,-8.93891429901123,"Female"
"9004155",371989,2025-06-08 23:22:06,42.5484466552734,-8.93885803222656,"Female"
"9004155",371989,2025-06-08 23:27:06,42.5484466552734,-8.93886947631836,"Female"
"9004155",371989,2025-06-08 23:32:07,42.5484962463379,-8.9388542175293,"Female"
"9004155",371989,2025-06-08 23:37:06,42.5485000610352,-8.93885135650635,"Female"
"9004155",371989,2025-06-08 23:42:07,42.5483512878418,-8.93875598907471,"Female"
"9004155",371989,2025-06-08 23:47:06,42.5483436584473,-8.9387092590332,"Female"
"9004155",371989,2025-06-08 23:52:06,42.5483779907227,-8.93882751464844,"Female"
"9004155",371989,2025-06-08 23:57:06,42.5484466552734,-8.93884658813477,"Female"
"9004155",371989,2025-06-09 00:02:07,42.54833984375,-8.93872165679932,"Female"
"9004155",371989,2025-06-09 00:07:06,42.5483474731445,-8.93876838684082,"Female"
"9004155",371989,2025-06-09 00:12:07,42.5483169555664,-8.93875312805176,"Female"
"9004155",371989,2025-06-09 00:17:07,42.5484237670898,-8.93874931335449,"Female"
"9004155",371989,2025-06-09 00:22:08,42.54833984375,-8.93873310089111,"Female"
"9004155",371989,2025-06-09 00:27:07,42.5483703613281,-8.93875789642334,"Female"
"9004155",371989,2025-06-09 00:32:07,42.5483779907227,-8.93879795074463,"Female"
"9004155",371989,2025-06-09 00:37:07,42.5484085083008,-8.93876457214355,"Female"
"9004155",371989,2025-06-09 00:42:07,42.5483665466309,-8.93882751464844,"Female"
"9004155",371989,2025-06-09 00:47:07,42.5483856201172,-8.93881225585938,"Female"
"9004155",371989,2025-06-09 00:52:07,42.5484313964844,-8.93883228302002,"Female"
"9004155",371989,2025-06-09 00:57:07,42.5484428405762,-8.93883895874023,"Female"
"9004155",371989,2025-06-09 01:02:08,42.5484809875488,-8.93886280059814,"Female"
"9004155",371989,2025-06-09 01:07:07,42.5485725402832,-8.93893623352051,"Female"
"9004155",371989,2025-06-09 01:12:07,42.5486259460449,-8.93889427185059,"Female"
"9004155",371989,2025-06-09 01:17:07,42.5486259460449,-8.93904113769531,"Female"
"9004155",371989,2025-06-09 01:22:10,42.5486030578613,-8.93898487091064,"Female"
"9004155",371989,2025-06-09 01:27:20,42.5484619140625,-8.93886184692383,"Female"
"9004155",371989,2025-06-09 01:32:07,42.5486450195312,-8.93890953063965,"Female"
"9004155",371989,2025-06-09 01:37:08,42.5485687255859,-8.93882179260254,"Female"
"9004155",371989,2025-06-09 01:42:07,42.5486526489258,-8.93909931182861,"Female"
"9004155",371989,2025-06-09 01:47:35,42.548511505127,-8.9388484954834,"Female"
"9004155",371989,2025-06-09 01:52:07,42.5485496520996,-8.93880176544189,"Female"
"9004155",371989,2025-06-09 01:57:06,42.548511505127,-8.9388370513916,"Female"
"9004155",371989,2025-06-09 02:02:06,42.5485305786133,-8.93881416320801,"Female"
"9004155",371989,2025-06-09 02:07:06,42.5485420227051,-8.93878555297852,"Female"
"9004155",371989,2025-06-09 02:12:06,42.5485038757324,-8.93881034851074,"Female"
"9004155",371989,2025-06-09 02:17:07,42.5486450195312,-8.93860721588135,"Female"
"9004155",371989,2025-06-09 02:22:06,42.5484848022461,-8.93884944915771,"Female"
"9004155",371989,2025-06-09 02:27:07,42.5485534667969,-8.93873119354248,"Female"
"9004155",371989,2025-06-09 02:32:06,42.548698425293,-8.93879222869873,"Female"
"9004155",371989,2025-06-09 02:37:07,42.5484008789062,-8.9388370513916,"Female"
"9004155",371989,2025-06-09 02:42:07,42.5486831665039,-8.93879699707031,"Female"
"9004155",371989,2025-06-09 02:47:07,42.5487480163574,-8.93889713287354,"Female"
"9004155",371989,2025-06-09 02:52:07,42.5486221313477,-8.93884086608887,"Female"
"9004155",371989,2025-06-09 02:57:07,42.5487899780273,-8.93877220153809,"Female"
"9004155",371989,2025-06-09 03:02:08,42.548713684082,-8.93892192840576,"Female"
"9004155",371989,2025-06-09 03:07:08,42.5486183166504,-8.93877601623535,"Female"
"9004155",371989,2025-06-09 03:12:08,42.5486488342285,-8.9388427734375,"Female"
"9004155",371989,2025-06-09 03:17:09,42.5485420227051,-8.93878555297852,"Female"
"9004155",371989,2025-06-09 03:22:08,42.5489730834961,-8.93909645080566,"Female"
"9004155",371989,2025-06-09 03:27:11,42.5486755371094,-8.9390697479248,"Female"
"9004155",371989,2025-06-09 03:32:11,42.5488815307617,-8.93913269042969,"Female"
"9004155",371989,2025-06-09 03:37:10,42.5487976074219,-8.93902397155762,"Female"
"9004155",371989,2025-06-09 03:42:09,42.5489044189453,-8.93913650512695,"Female"
"9004155",371989,2025-06-09 03:47:08,42.5488662719727,-8.93915271759033,"Female"
"9004155",371989,2025-06-09 03:52:07,42.548511505127,-8.93889141082764,"Female"
"9004155",371989,2025-06-09 03:57:20,42.548397064209,-8.93871402740479,"Female"
"9004155",371989,2025-06-09 04:02:35,42.5483894348145,-8.93876838684082,"Female"
"9004155",371989,2025-06-09 04:07:07,42.5484046936035,-8.93879222869873,"Female"
"9004155",371989,2025-06-09 04:12:18,42.5482940673828,-8.93875312805176,"Female"
"9004155",371989,2025-06-09 04:17:17,42.5483169555664,-8.9387788772583,"Female"
"9004155",371989,2025-06-09 04:22:17,42.5483436584473,-8.93876171112061,"Female"
"9004155",371989,2025-06-09 04:27:17,42.5483245849609,-8.93878078460693,"Female"
"9004155",371989,2025-06-09 04:32:19,42.5483322143555,-8.93879508972168,"Female"
"9004155",371989,2025-06-09 04:37:17,42.5483856201172,-8.93883037567139,"Female"
"9004155",371989,2025-06-09 04:42:17,42.5483932495117,-8.93882846832275,"Female"
"9004155",371989,2025-06-09 04:47:19,42.548412322998,-8.93886280059814,"Female"
"9004155",371989,2025-06-09 04:52:21,42.5484199523926,-8.9388952255249,"Female"
"9004155",371989,2025-06-09 04:57:35,42.5483360290527,-8.93901538848877,"Female"
"9004155",371989,2025-06-09 05:02:07,42.5484046936035,-8.93895626068115,"Female"
"9004155",371989,2025-06-09 05:07:06,42.5484962463379,-8.93888187408447,"Female"
"9004155",371989,2025-06-09 05:12:06,42.548454284668,-8.93894386291504,"Female"
"9004155",371989,2025-06-09 05:17:06,42.5484161376953,-8.93895053863525,"Female"
"9004155",371989,2025-06-09 05:22:06,42.5484809875488,-8.93887901306152,"Female"
"9004155",371989,2025-06-09 05:27:06,42.5484466552734,-8.9388599395752,"Female"
"9004155",371989,2025-06-09 05:32:06,42.5485420227051,-8.93879508972168,"Female"
"9004155",371989,2025-06-09 05:37:07,42.5483131408691,-8.9389591217041,"Female"
"9004155",371989,2025-06-09 05:42:07,42.5485687255859,-8.93880939483643,"Female"
"9004155",371989,2025-06-09 05:47:06,42.5484848022461,-8.93891906738281,"Female"
"9004155",371989,2025-06-09 05:52:07,42.5483093261719,-8.93898868560791,"Female"
"9004155",371989,2025-06-09 05:57:07,42.5481910705566,-8.93906593322754,"Female"
"9004155",371989,2025-06-09 06:02:10,42.5484504699707,-8.93893814086914,"Female"
"9004155",371989,2025-06-09 06:07:07,42.5483322143555,-8.93900585174561,"Female"
"9004155",371989,2025-06-09 06:12:06,42.5483932495117,-8.93895435333252,"Female"
"9004155",371989,2025-06-09 06:17:07,42.5483512878418,-8.93892002105713,"Female"
"9004155",371989,2025-06-09 06:22:09,42.5484657287598,-8.93882369995117,"Female"
"9004155",371989,2025-06-09 06:27:07,42.5482139587402,-8.93902778625488,"Female"
"9004155",371989,2025-06-09 06:32:08,42.5480537414551,-8.93903636932373,"Female"
"9004155",371989,2025-06-09 06:37:08,42.5484390258789,-8.93886184692383,"Female"
"9004155",371989,2025-06-09 06:42:09,42.547924041748,-8.93892860412598,"Female"
"9004155",371989,2025-06-09 06:47:10,42.548656463623,-8.93886947631836,"Female"
"9004155",371989,2025-06-09 06:52:17,42.5485229492188,-8.93891716003418,"Female"
"9004155",371989,2025-06-09 06:57:09,42.5491752624512,-8.93912029266357,"Female"
"9004155",371989,2025-06-09 07:02:08,42.5484504699707,-8.93868732452393,"Female"
"9004155",371989,2025-06-09 07:07:07,42.5485572814941,-8.9389066696167,"Female"
"9004155",371989,2025-06-09 07:12:07,42.5487632751465,-8.93905067443848,"Female"
"9004155",371989,2025-06-09 07:17:07,42.5487937927246,-8.93914890289307,"Female"
"9004155",371989,2025-06-09 07:22:07,42.5487403869629,-8.93916797637939,"Female"
"9004155",371989,2025-06-09 07:27:06,42.5487365722656,-8.93899345397949,"Female"
"9004155",371989,2025-06-09 07:32:07,42.5487861633301,-8.93919467926025,"Female"
"9004155",371989,2025-06-09 07:37:07,42.5487480163574,-8.93920421600342,"Female"
"9004155",371989,2025-06-09 07:42:07,42.5487823486328,-8.93930244445801,"Female"
"9004155",371989,2025-06-09 07:47:07,42.5486946105957,-8.93916416168213,"Female"
"9004155",371989,2025-06-09 07:52:07,42.5487747192383,-8.93918418884277,"Female"
"9004155",371989,2025-06-09 07:57:07,42.5486907958984,-8.93923854827881,"Female"
"9004155",371989,2025-06-09 08:02:07,42.5486869812012,-8.93926811218262,"Female"
"9004155",371989,2025-06-09 08:07:07,42.5486640930176,-8.93919277191162,"Female"
"9004155",371989,2025-06-09 08:12:35,42.5485343933105,-8.9389123916626,"Female"
"9004155",371989,2025-06-09 08:17:06,42.5485954284668,-8.93886375427246,"Female"
"9004155",371989,2025-06-09 08:22:06,42.5484809875488,-8.93888664245605,"Female"
"9004155",371989,2025-06-09 08:27:06,42.5484924316406,-8.93885898590088,"Female"
"9004155",371989,2025-06-09 08:32:06,42.5484504699707,-8.93890762329102,"Female"
"9004155",371989,2025-06-09 08:37:06,42.548469543457,-8.9388599395752,"Female"
"9004155",371989,2025-06-09 08:42:06,42.5484924316406,-8.93886280059814,"Female"
"9004155",371989,2025-06-09 08:47:06,42.548511505127,-8.9388256072998,"Female"
"9004155",371989,2025-06-09 08:52:06,42.5484428405762,-8.93887233734131,"Female"
"9004155",371989,2025-06-09 08:57:06,42.548454284668,-8.9388484954834,"Female"
"9004155",371989,2025-06-09 09:02:06,42.5506134033203,-8.93934535980225,"Female"
"9004155",371989,2025-06-09 09:07:06,42.5505828857422,-8.93940544128418,"Female"
"9004155",371989,2025-06-09 09:12:06,42.5543479919434,-8.93312644958496,"Female"
"9004155",371989,2025-06-09 09:17:07,42.5710411071777,-8.9107608795166,"Female"
"9004155",371989,2025-06-09 09:22:06,42.5763664245605,-8.9039192199707,"Female"
"9004155",371989,2025-06-09 09:27:07,42.5899276733398,-8.87452697753906,"Female"
"9004155",371989,2025-06-09 09:32:06,42.5956115722656,-8.86488914489746,"Female"
"9004155",371989,2025-06-09 09:37:06,42.5983924865723,-8.85606670379639,"Female"
"9004155",371989,2025-06-09 09:42:07,42.6108016967773,-8.82551670074463,"Female"
"9004155",371989,2025-06-09 09:47:07,42.6157455444336,-8.81580924987793,"Female"
"9004155",371989,2025-06-09 09:53:17,42.6155662536621,-8.81707382202148,"Female"
"9004155",371989,2025-06-09 09:58:16,42.615421295166,-8.81729412078857,"Female"
"9004155",371989,2025-06-09 10:03:24,42.6145973205566,-8.81788063049316,"Female"
"9004155",371989,2025-06-09 10:08:17,42.6146049499512,-8.81740760803223,"Female"
"9004155",371989,2025-06-09 10:13:16,42.6145706176758,-8.81744861602783,"Female"
"9004155",371989,2025-06-09 10:18:17,42.6146545410156,-8.8175163269043,"Female"
"9004155",371989,2025-06-09 10:23:17,42.614673614502,-8.81748104095459,"Female"
"9004155",371989,2025-06-09 10:28:17,42.6146812438965,-8.8174877166748,"Female"
"9004155",371989,2025-06-09 10:33:19,42.6147232055664,-8.81757068634033,"Female"
"9004155",371989,2025-06-09 10:38:17,42.6147689819336,-8.81765556335449,"Female"
"9004155",371989,2025-06-09 10:43:19,42.6147613525391,-8.81765270233154,"Female"
"9004155",371989,2025-06-09 10:48:17,42.6147499084473,-8.81761074066162,"Female"
"9004155",371989,2025-06-09 10:53:17,42.6146965026855,-8.8174934387207,"Female"
"9004155",371989,2025-06-09 10:58:17,42.6147994995117,-8.81822776794434,"Female"
"9004155",371989,2025-06-09 11:03:19,42.6146774291992,-8.81789588928223,"Female"
"9004155",371989,2025-06-09 11:08:19,42.6147041320801,-8.81786060333252,"Female"
"9004155",371989,2025-06-09 11:13:18,42.6147727966309,-8.81840801239014,"Female"
"9004155",371989,2025-06-09 11:18:19,42.6147041320801,-8.81779766082764,"Female"
"9004155",371989,2025-06-09 11:23:24,42.6146850585938,-8.81791400909424,"Female"
"9004155",371989,2025-06-09 11:28:23,42.6147270202637,-8.81782913208008,"Female"
"9004155",371989,2025-06-09 11:33:35,42.6146850585938,-8.81767845153809,"Female"
"9004155",371989,2025-06-09 11:38:19,42.614688873291,-8.81770992279053,"Female"
"9004155",371989,2025-06-09 11:43:18,42.6147117614746,-8.81656360626221,"Female"
"9004155",371989,2025-06-09 11:48:17,42.6146850585938,-8.8167200088501,"Female"
"9004155",371989,2025-06-09 11:53:18,42.6147766113281,-8.81786251068115,"Female"
"9004155",371989,2025-06-09 11:58:17,42.6147727966309,-8.81750583648682,"Female"
"9004155",371989,2025-06-09 12:03:21,42.6147270202637,-8.81760406494141,"Female"
"9004155",371989,2025-06-09 12:08:17,42.6147537231445,-8.81772994995117,"Female"
"9004155",371989,2025-06-09 12:13:17,42.6146621704102,-8.81718063354492,"Female"
"9004155",371989,2025-06-09 12:18:23,42.6147766113281,-8.81772041320801,"Female"
"9004155",371989,2025-06-09 12:23:24,42.6151084899902,-8.81749534606934,"Female"
"9004155",371989,2025-06-09 12:28:24,42.6157379150391,-8.81737613677979,"Female"
"9004155",371989,2025-06-09 12:33:59,42.6156234741211,-8.8174877166748,"Female"
"9004155",371989,2025-06-09 12:38:58,42.6148986816406,-8.81775951385498,"Female"
"9004155",371989,2025-06-09 12:44:09,42.6144485473633,-8.81822872161865,"Female"
"9004155",371989,2025-06-09 12:49:12,42.6144943237305,-8.81816959381104,"Female"
"9004155",371989,2025-06-09 12:54:07,42.6144638061523,-8.81819343566895,"Female"
"9004155",371989,2025-06-09 12:59:20,42.6143608093262,-8.81829357147217,"Female"
"9004155",371989,2025-06-09 13:04:28,42.6148071289062,-8.81802368164062,"Female"
"9004155",371989,2025-06-09 13:08:55,42.6146392822266,-8.81790256500244,"Female"
"9004155",371989,2025-06-09 13:13:54,42.614574432373,-8.81795215606689,"Female"
"9004155",371989,2025-06-09 13:18:55,42.6144104003906,-8.81797409057617,"Female"
"9004155",371989,2025-06-09 13:23:54,42.6144905090332,-8.81800651550293,"Female"
"9004155",371989,2025-06-09 13:28:54,42.614372253418,-8.81811428070068,"Female"
"9004155",371989,2025-06-09 13:33:54,42.6144638061523,-8.81794452667236,"Female"
"9004155",371989,2025-06-09 13:38:55,42.6145401000977,-8.8177318572998,"Female"
"9004155",371989,2025-06-09 13:43:58,42.6142768859863,-8.81803226470947,"Female"
"9004155",371989,2025-06-09 13:48:55,42.6143951416016,-8.81771087646484,"Female"
"9004155",371989,2025-06-09 13:53:55,42.6144676208496,-8.81768035888672,"Female"
"9004155",371989,2025-06-09 13:58:54,42.6144256591797,-8.81768798828125,"Female"
"9004155",371989,2025-06-09 14:03:55,42.6139831542969,-8.8179235458374,"Female"
"9004155",371989,2025-06-09 14:08:55,42.6138381958008,-8.81738090515137,"Female"
"9004155",371989,2025-06-09 14:14:14,42.6139450073242,-8.81674766540527,"Female"
"9004155",371989,2025-06-09 14:19:11,42.6138305664062,-8.81655979156494,"Female"
"9004155",371989,2025-06-09 14:24:21,42.6141319274902,-8.81640529632568,"Female"
"9004155",371989,2025-06-09 14:29:22,42.6145324707031,-8.81637096405029,"Female"
"9004155",371989,2025-06-09 14:34:21,42.6147193908691,-8.81606674194336,"Female"
"9004155",371989,2025-06-09 14:39:22,42.6140441894531,-8.8170690536499,"Female"
"9004155",371989,2025-06-09 14:44:30,42.6145210266113,-8.8163013458252,"Female"
"9004155",371989,2025-06-09 14:49:21,42.6146430969238,-8.81617736816406,"Female"
"9004155",371989,2025-06-09 14:54:21,42.6146774291992,-8.81614017486572,"Female"
"9004155",371989,2025-06-09 14:59:23,42.6141166687012,-8.81692981719971,"Female"
"9004155",371989,2025-06-09 15:04:23,42.6143226623535,-8.81668853759766,"Female"
"9004155",371989,2025-06-09 15:09:21,42.6142463684082,-8.81661987304688,"Female"
"9004155",371989,2025-06-09 15:14:21,42.6142387390137,-8.81662940979004,"Female"
"9004155",371989,2025-06-09 15:19:27,42.6146354675293,-8.81619834899902,"Female"
"9004155",371989,2025-06-09 15:24:47,42.6148300170898,-8.81514644622803,"Female"
"9004155",371989,2025-06-09 15:29:40,42.6150970458984,-8.81480121612549,"Female"
"9004155",371989,2025-06-09 15:34:45,42.61572265625,-8.81420612335205,"Female"
"9004155",371989,2025-06-09 15:39:40,42.6157188415527,-8.81418037414551,"Female"
"9004155",371989,2025-06-09 15:44:40,42.6157035827637,-8.81424808502197,"Female"
"9004155",371989,2025-06-09 15:49:40,42.6157531738281,-8.81422901153564,"Female"
"9004155",371989,2025-06-09 15:54:41,42.6157608032227,-8.81434154510498,"Female"
"9004155",371989,2025-06-09 15:59:40,42.6153259277344,-8.81571674346924,"Female"
"9004155",371989,2025-06-09 16:04:41,42.6154632568359,-8.81578636169434,"Female"
"9004155",371989,2025-06-09 16:09:40,42.615592956543,-8.81587028503418,"Female"
"9004155",371989,2025-06-09 16:15:01,42.6153450012207,-8.81594181060791,"Female"
"9004155",371989,2025-06-09 16:19:39,42.6153450012207,-8.81592845916748,"Female"
"9004155",371989,2025-06-09 16:24:39,42.6152038574219,-8.81590938568115,"Female"
"9004155",371989,2025-06-09 16:29:39,42.6153144836426,-8.81595230102539,"Female"
"9004155",371989,2025-06-09 16:34:39,42.614574432373,-8.81717014312744,"Female"
"9004155",371989,2025-06-09 16:39:39,42.6143569946289,-8.81794834136963,"Female"
"9004155",371989,2025-06-09 16:44:39,42.6143112182617,-8.81802368164062,"Female"
"9004155",371989,2025-06-09 16:49:39,42.6143989562988,-8.81832695007324,"Female"
"9004155",371989,2025-06-09 16:54:40,42.6141204833984,-8.81956577301025,"Female"
"9004155",371989,2025-06-09 16:59:39,42.6131286621094,-8.82005405426025,"Female"
"9004155",371989,2025-06-09 17:04:39,42.6131439208984,-8.82008075714111,"Female"
"9004155",371989,2025-06-09 17:09:39,42.6131134033203,-8.82015037536621,"Female"
"9004155",371989,2025-06-09 17:14:39,42.6131935119629,-8.82004737854004,"Female"
"9004155",371989,2025-06-09 17:19:39,42.6130905151367,-8.82011985778809,"Female"
"9004155",371989,2025-06-09 17:24:39,42.613094329834,-8.82013034820557,"Female"
"9004155",371989,2025-06-09 17:29:39,42.6131019592285,-8.82011127471924,"Female"
"9004155",371989,2025-06-09 17:34:39,42.6117782592773,-8.82141017913818,"Female"
"9004155",371989,2025-06-09 17:39:41,42.6109809875488,-8.82244968414307,"Female"
"9004155",371989,2025-06-09 17:44:39,42.6110229492188,-8.82236576080322,"Female"
"9004155",371989,2025-06-09 17:49:39,42.6110343933105,-8.82247447967529,"Female"
"9004155",371989,2025-06-09 17:54:39,42.6110191345215,-8.82239818572998,"Female"
"9004155",371989,2025-06-09 17:59:40,42.6098136901855,-8.82820701599121,"Female"
"9004155",371989,2025-06-09 18:04:40,42.6011581420898,-8.85416698455811,"Female"
"9004155",371989,2025-06-09 18:09:40,42.5996398925781,-8.85558414459229,"Female"
"9004155",371989,2025-06-09 18:14:40,42.5833206176758,-8.89119434356689,"Female"
"9004155",371989,2025-06-09 18:19:42,42.5715713500977,-8.91312694549561,"Female"
"9004155",371989,2025-06-09 18:24:40,42.5527877807617,-8.93929672241211,"Female"
"9004155",371989,2025-06-09 18:29:39,42.5517082214355,-8.94015026092529,"Female"
"9004155",371989,2025-06-09 18:34:40,42.5516815185547,-8.94006061553955,"Female"
"9004155",371989,2025-06-09 18:39:40,42.5517616271973,-8.94016265869141,"Female"
"9004155",371989,2025-06-09 18:44:40,42.5517654418945,-8.94022941589355,"Female"
"9004155",371989,2025-06-09 18:49:40,42.5519638061523,-8.94026947021484,"Female"
"9004155",371989,2025-06-09 18:54:40,42.5517845153809,-8.9401159286499,"Female"
"9004155",371989,2025-06-09 18:59:41,42.5519866943359,-8.94033432006836,"Female"
"9004155",371989,2025-06-09 19:04:40,42.5517539978027,-8.94013023376465,"Female"
"9004155",371989,2025-06-09 19:09:40,42.5518188476562,-8.94017124176025,"Female"
"9004155",371989,2025-06-09 19:14:40,42.5519027709961,-8.94028854370117,"Female"
"9004155",371989,2025-06-09 19:19:42,42.5517692565918,-8.94012641906738,"Female"
"9004155",371989,2025-06-09 19:24:41,42.5522155761719,-8.94069957733154,"Female"
"9004155",371989,2025-06-09 19:30:02,42.551830291748,-8.94015598297119,"Female"
"9004155",371989,2025-06-09 19:34:39,42.5481109619141,-8.93884658813477,"Female"
"9004155",371989,2025-06-09 19:39:39,42.5483474731445,-8.93912410736084,"Female"
"9004155",371989,2025-06-09 19:44:39,42.548267364502,-8.93913650512695,"Female"
"9004155",371989,2025-06-09 19:49:39,42.5483093261719,-8.93911361694336,"Female"
"9004155",371989,2025-06-09 19:54:39,42.5485076904297,-8.93886470794678,"Female"
"9004155",371989,2025-06-09 19:59:39,42.5485191345215,-8.93885707855225,"Female"
"9004155",371989,2025-06-09 20:04:39,42.5485649108887,-8.93890190124512,"Female"
"9004155",371989,2025-06-09 20:09:39,42.5484924316406,-8.93886661529541,"Female"
"9004155",371989,2025-06-09 20:14:39,42.5484466552734,-8.93895530700684,"Female"
"9004155",371989,2025-06-09 20:19:39,42.548511505127,-8.93883991241455,"Female"
"9004155",371989,2025-06-09 20:24:39,42.5484085083008,-8.93867111206055,"Female"
"9004155",371989,2025-06-09 20:29:39,42.5485382080078,-8.93883609771729,"Female"
"9004155",371989,2025-06-09 20:34:39,42.5484466552734,-8.93888092041016,"Female"
"9004155",371989,2025-06-09 20:39:40,42.5484771728516,-8.93888759613037,"Female"
"9004155",371989,2025-06-09 20:44:39,42.548469543457,-8.93878173828125,"Female"
"9004155",371989,2025-06-09 20:49:39,42.5484428405762,-8.93884468078613,"Female"
"9004155",371989,2025-06-09 20:54:39,42.5484848022461,-8.93890285491943,"Female"
"9004155",371989,2025-06-09 20:59:39,42.5485305786133,-8.93889427185059,"Female"
"9004155",371989,2025-06-09 21:04:39,42.5485687255859,-8.93874168395996,"Female"
"9004155",371989,2025-06-09 21:09:39,42.5484848022461,-8.93887424468994,"Female"
"9004155",371989,2025-06-09 21:14:39,42.5485343933105,-8.93885326385498,"Female"
"9004155",371989,2025-06-09 21:19:40,42.548526763916,-8.93884563446045,"Female"
"9004155",371989,2025-06-09 21:24:39,42.5484962463379,-8.93878650665283,"Female"
"9004155",371989,2025-06-09 21:29:39,42.5483207702637,-8.93884944915771,"Female"
"9004155",371989,2025-06-09 21:34:39,42.5484046936035,-8.93882369995117,"Female"
"9004155",371989,2025-06-09 21:39:40,42.5486450195312,-8.9388599395752,"Female"
"9004155",371989,2025-06-09 21:44:39,42.5484085083008,-8.93881130218506,"Female"
"9004155",371989,2025-06-09 21:49:40,42.5485229492188,-8.93886756896973,"Female"
"9004155",371989,2025-06-09 21:54:41,42.5484580993652,-8.93881893157959,"Female"
"9004155",371989,2025-06-09 21:59:41,42.54833984375,-8.93872451782227,"Female"
"9004155",371989,2025-06-09 22:04:48,42.5485000610352,-8.93885612487793,"Female"
"9004155",371989,2025-06-09 22:09:48,42.5484924316406,-8.93881607055664,"Female"
"9004155",371989,2025-06-09 22:14:45,42.5485420227051,-8.93893623352051,"Female"
"9004155",371989,2025-06-09 22:20:05,42.5485534667969,-8.9388542175293,"Female"
"9004155",371989,2025-06-09 22:24:39,42.5485916137695,-8.93878078460693,"Female"
"9004155",371989,2025-06-09 22:29:39,42.5485382080078,-8.93885517120361,"Female"
"9004155",371989,2025-06-09 22:34:39,42.548526763916,-8.93886756896973,"Female"
"9004155",371989,2025-06-09 22:39:40,42.548526763916,-8.93887805938721,"Female"
"9004155",371989,2025-06-09 22:44:40,42.5485420227051,-8.93886947631836,"Female"
"9004155",371989,2025-06-09 22:49:39,42.5485153198242,-8.93886947631836,"Female"
"9004155",371989,2025-06-09 22:54:39,42.5485076904297,-8.93887901306152,"Female"
"9004155",371989,2025-06-09 22:59:39,42.5485458374023,-8.93883895874023,"Female"
"9004155",371989,2025-06-09 23:04:39,42.5484313964844,-8.93883991241455,"Female"
"9004155",371989,2025-06-09 23:09:39,42.5484657287598,-8.93883419036865,"Female"
"9004155",371989,2025-06-09 23:14:39,42.5484924316406,-8.93891620635986,"Female"
"9004155",371989,2025-06-09 23:19:39,42.5485038757324,-8.9388599395752,"Female"
"9004155",371989,2025-06-09 23:24:39,42.5483207702637,-8.93888664245605,"Female"
"9004155",371989,2025-06-09 23:29:39,42.5484771728516,-8.9389066696167,"Female"
"9004155",371989,2025-06-09 23:34:39,42.5483932495117,-8.93877220153809,"Female"
"9004155",371989,2025-06-09 23:39:39,42.5485572814941,-8.938889503479,"Female"
"9004155",371989,2025-06-09 23:44:39,42.5484313964844,-8.93891334533691,"Female"
"9004155",371989,2025-06-09 23:49:39,42.5484313964844,-8.93887996673584,"Female"
"9004155",371989,2025-06-09 23:54:40,42.5484504699707,-8.93882846832275,"Female"
"9004155",371989,2025-06-09 23:59:40,42.5483818054199,-8.93886470794678,"Female"
"9004155",371989,2025-06-10 00:05:05,42.5485076904297,-8.93887042999268,"Female"
"9004155",371989,2025-06-10 00:09:39,42.5484657287598,-8.93884658813477,"Female"
"9004155",371989,2025-06-10 00:14:39,42.5484886169434,-8.93884944915771,"Female"
"9004155",371989,2025-06-10 00:19:39,42.5484733581543,-8.93875980377197,"Female"
"9004155",371989,2025-06-10 00:24:39,42.5485000610352,-8.93882369995117,"Female"
"9004155",371989,2025-06-10 00:29:39,42.5485572814941,-8.93882846832275,"Female"
"9004155",371989,2025-06-10 00:34:39,42.5485420227051,-8.93878173828125,"Female"
"9004155",371989,2025-06-10 00:39:39,42.548469543457,-8.93872165679932,"Female"
"9004155",371989,2025-06-10 00:44:39,42.5484809875488,-8.93876075744629,"Female"
"9004155",371989,2025-06-10 00:49:39,42.548526763916,-8.93876838684082,"Female"
"9004155",371989,2025-06-10 00:54:39,42.5484924316406,-8.93872261047363,"Female"
"9004155",371989,2025-06-10 00:59:39,42.5485191345215,-8.93876457214355,"Female"
"9004155",371989,2025-06-10 01:04:39,42.5485572814941,-8.93879508972168,"Female"
"9004155",371989,2025-06-10 01:09:39,42.5485229492188,-8.93877124786377,"Female"
"9004155",371989,2025-06-10 01:14:39,42.5485229492188,-8.93873500823975,"Female"
"9004155",371989,2025-06-10 01:19:40,42.5485687255859,-8.93880558013916,"Female"
"9004155",371989,2025-06-10 01:24:39,42.5485496520996,-8.93882179260254,"Female"
"9004155",371989,2025-06-10 01:29:39,42.5485954284668,-8.93883800506592,"Female"
"9004155",371989,2025-06-10 01:34:39,42.5485610961914,-8.9388542175293,"Female"
"9004155",371989,2025-06-10 01:39:39,42.5485458374023,-8.93882179260254,"Female"
"9004155",371989,2025-06-10 01:44:39,42.5484962463379,-8.93864727020264,"Female"
"9004155",371989,2025-06-10 01:49:42,42.5485954284668,-8.93895244598389,"Female"
"9004155",371989,2025-06-10 01:54:39,42.5486183166504,-8.93917846679688,"Female"
"9004155",371989,2025-06-10 01:59:41,42.5486221313477,-8.93906879425049,"Female"
"9004155",371989,2025-06-10 02:04:39,42.5485954284668,-8.93873119354248,"Female"
"9004155",371989,2025-06-10 02:09:46,42.5486526489258,-8.93879699707031,"Female"
"9004155",371989,2025-06-10 02:14:46,42.5486335754395,-8.93870639801025,"Female"
"9004155",371989,2025-06-10 02:19:45,42.5485801696777,-8.93879985809326,"Female"
"9004155",371989,2025-06-10 02:25:05,42.5485343933105,-8.93877601623535,"Female"
"9004155",371989,2025-06-10 02:29:39,42.548511505127,-8.93876266479492,"Female"
"9004155",371989,2025-06-10 02:34:40,42.5485649108887,-8.9387903213501,"Female"
"9004155",371989,2025-06-10 02:39:39,42.5485801696777,-8.93878746032715,"Female"
"9004155",371989,2025-06-10 02:44:39,42.5484962463379,-8.93878746032715,"Female"
"9004155",371989,2025-06-10 02:49:39,42.5485000610352,-8.9388256072998,"Female"
"9004155",371989,2025-06-10 02:54:39,42.5483207702637,-8.93867874145508,"Female"
"9004155",371989,2025-06-10 02:59:39,42.5486106872559,-8.93881225585938,"Female"
"9004155",371989,2025-06-10 03:04:39,42.5485572814941,-8.93888568878174,"Female"
"9004155",371989,2025-06-10 03:09:39,42.5485076904297,-8.93889999389648,"Female"
"9004155",371989,2025-06-10 03:14:40,42.5485382080078,-8.93892669677734,"Female"
"9004155",371989,2025-06-10 03:19:39,42.5486145019531,-8.93890285491943,"Female"
"9004155",371989,2025-06-10 03:24:39,42.5485153198242,-8.93886470794678,"Female"
"9004155",371989,2025-06-10 03:29:40,42.5485496520996,-8.93884468078613,"Female"
"9004155",371989,2025-06-10 03:34:39,42.5485801696777,-8.93892383575439,"Female"
"9004155",371989,2025-06-10 03:39:40,42.5485076904297,-8.93879508972168,"Female"
"9004155",371989,2025-06-10 03:45:06,42.5485763549805,-8.9389123916626,"Female"
"9004155",371989,2025-06-10 03:49:39,42.5484352111816,-8.93870735168457,"Female"
"9004155",371989,2025-06-10 03:54:53,42.5483856201172,-8.93863391876221,"Female"
"9004155",371989,2025-06-10 03:59:39,42.5485382080078,-8.93887233734131,"Female"
"9004155",371989,2025-06-10 04:05:05,42.5485572814941,-8.93882369995117,"Female"
"9004155",371989,2025-06-10 04:09:39,42.5486259460449,-8.93893814086914,"Female"
"9004155",371989,2025-06-10 04:14:39,42.5485725402832,-8.9388256072998,"Female"
"9004155",371989,2025-06-10 04:19:39,42.5485610961914,-8.93875122070312,"Female"
"9004155",371989,2025-06-10 04:24:39,42.5485610961914,-8.93884372711182,"Female"
"9004155",371989,2025-06-10 04:29:39,42.5486221313477,-8.93887424468994,"Female"
"9004155",371989,2025-06-10 04:34:39,42.5486068725586,-8.93890762329102,"Female"
"9004155",371989,2025-06-10 04:39:39,42.5485725402832,-8.93881988525391,"Female"
"9004155",371989,2025-06-10 04:44:39,42.5486373901367,-8.9389009475708,"Female"
"9004155",371989,2025-06-10 04:49:39,42.5486717224121,-8.93896579742432,"Female"
"9004155",371989,2025-06-10 04:54:39,42.5485763549805,-8.93890953063965,"Female"
"9004155",371989,2025-06-10 04:59:39,42.5486907958984,-8.93884181976318,"Female"
"9004155",371989,2025-06-10 05:04:39,42.5486145019531,-8.93900299072266,"Female"
"9004155",371989,2025-06-10 05:09:40,42.5485954284668,-8.93865013122559,"Female"
"9004155",371989,2025-06-10 05:15:03,42.5485458374023,-8.93885326385498,"Female"
"9004155",371989,2025-06-10 05:19:39,42.548526763916,-8.93881320953369,"Female"
"9004155",371989,2025-06-10 05:24:40,42.5485229492188,-8.93889713287354,"Female"
"9004155",371989,2025-06-10 05:29:40,42.5484771728516,-8.93882179260254,"Female"
"9004155",371989,2025-06-10 05:34:40,42.5485076904297,-8.93880653381348,"Female"
"9004155",371989,2025-06-10 05:39:39,42.5484848022461,-8.93885517120361,"Female"
"9004155",371989,2025-06-10 05:44:40,42.5484924316406,-8.93881130218506,"Female"
"9004155",371989,2025-06-10 05:49:39,42.5485610961914,-8.93879985809326,"Female"
"9004155",371989,2025-06-10 05:54:39,42.5485343933105,-8.93879795074463,"Female"
"9004155",371989,2025-06-10 05:59:39,42.5485458374023,-8.93867778778076,"Female"
"9004155",371989,2025-06-10 06:04:40,42.548526763916,-8.93871879577637,"Female"
"9004155",371989,2025-06-10 06:09:40,42.5485954284668,-8.93888378143311,"Female"
"9004155",371989,2025-06-10 06:14:40,42.5485916137695,-8.93887615203857,"Female"
"9004155",371989,2025-06-10 06:19:40,42.5484580993652,-8.93876361846924,"Female"
"9004155",371989,2025-06-10 06:24:40,42.5485382080078,-8.9387903213501,"Female"
"9004155",371989,2025-06-10 06:29:39,42.5484962463379,-8.93878173828125,"Female"
"9004155",371989,2025-06-10 06:34:40,42.5485916137695,-8.93893909454346,"Female"
"9004155",371989,2025-06-10 06:39:40,42.5484428405762,-8.93874549865723,"Female"
"9004155",371989,2025-06-10 06:45:05,42.5484733581543,-8.93876266479492,"Female"
"9004155",371989,2025-06-10 06:49:39,42.5486640930176,-8.938889503479,"Female"
"9004155",371989,2025-06-10 06:54:40,42.5485992431641,-8.93881130218506,"Female"
"9004155",371989,2025-06-10 06:59:40,42.5485038757324,-8.93879985809326,"Female"
"9004155",371989,2025-06-10 07:04:39,42.5485343933105,-8.93883991241455,"Female"
"9004155",371989,2025-06-10 07:09:39,42.5486030578613,-8.93878173828125,"Female"
"9004155",371989,2025-06-10 07:14:39,42.5485534667969,-8.9388427734375,"Female"
"9004155",371989,2025-06-10 07:19:40,42.5485954284668,-8.93878364562988,"Female"
"9004155",371989,2025-06-10 07:24:39,42.5485572814941,-8.93883419036865,"Female"
"9004155",371989,2025-06-10 07:29:39,42.5486373901367,-8.93880081176758,"Female"
"9004155",371989,2025-06-10 07:34:39,42.5485687255859,-8.93877029418945,"Female"
"9004155",371989,2025-06-10 07:39:39,42.5485725402832,-8.93880081176758,"Female"
"9004155",371989,2025-06-10 07:44:39,42.5485000610352,-8.93879795074463,"Female"
"9004155",371989,2025-06-10 07:49:39,42.548511505127,-8.93880844116211,"Female"
"9004155",371989,2025-06-10 07:54:39,42.5485458374023,-8.93878364562988,"Female"
"9004155",371989,2025-06-10 07:59:39,42.5485801696777,-8.93882274627686,"Female"
"9004155",371989,2025-06-10 08:04:39,42.5485153198242,-8.93877601623535,"Female"
"9004155",371989,2025-06-10 08:09:40,42.5486450195312,-8.93907737731934,"Female"
"9004155",371989,2025-06-10 08:14:43,42.5485229492188,-8.93889236450195,"Female"
"9004155",371989,2025-06-10 08:19:42,42.548454284668,-8.93874073028564,"Female"
"9004155",371989,2025-06-10 08:24:40,42.5486183166504,-8.93882369995117,"Female"
"9004155",371989,2025-06-10 08:29:40,42.5485382080078,-8.93875885009766,"Female"
"9004155",371989,2025-06-10 08:34:41,42.5485610961914,-8.93875980377197,"Female"
"9004155",371989,2025-06-10 08:39:40,42.5485992431641,-8.9387731552124,"Female"
"9004155",371989,2025-06-10 08:44:39,42.5486602783203,-8.93855285644531,"Female"
"9004155",371989,2025-06-10 08:49:48,42.5485076904297,-8.93859386444092,"Female"
"9004155",371989,2025-06-10 08:54:41,42.548698425293,-8.93875122070312,"Female"
"9004155",371989,2025-06-10 09:00:05,42.5485763549805,-8.93885135650635,"Female"
"9004155",371989,2025-06-10 09:04:39,42.5485229492188,-8.93881893157959,"Female"
"9004155",371989,2025-06-10 09:09:39,42.5484962463379,-8.9388370513916,"Female"
"9004155",371989,2025-06-10 09:14:39,42.5506401062012,-8.93808746337891,"Female"
"9004155",371989,2025-06-10 09:19:39,42.5503311157227,-8.93883323669434,"Female"
"9004155",371989,2025-06-10 09:24:39,42.5499992370605,-8.93917369842529,"Female"
"9004155",371989,2025-06-10 09:29:39,42.5500411987305,-8.9391508102417,"Female"
"9004155",371989,2025-06-10 09:34:39,42.5500755310059,-8.93923187255859,"Female"
"9004155",371989,2025-06-10 09:39:39,42.5500221252441,-8.93917274475098,"Female"
"9004155",371989,2025-06-10 09:44:39,42.5500564575195,-8.9392261505127,"Female"
"9004155",371989,2025-06-10 09:49:39,42.5500640869141,-8.93916702270508,"Female"
"9004155",371989,2025-06-10 09:54:51,42.550106048584,-8.93916511535645,"Female"
"9004155",371989,2025-06-10 09:59:48,42.5500717163086,-8.93912696838379,"Female"
"9004155",371989,2025-06-10 10:04:49,42.5500526428223,-8.93914127349854,"Female"
"9004155",371989,2025-06-10 10:09:52,42.5500221252441,-8.93912792205811,"Female"
"9004155",371989,2025-06-10 10:14:39,42.5500183105469,-8.93926525115967,"Female"
"9004155",371989,2025-06-10 10:19:39,42.5499801635742,-8.93915843963623,"Female"
"9004155",371989,2025-06-10 10:24:40,42.5499114990234,-8.93889713287354,"Female"
"9004155",371989,2025-06-10 10:29:39,42.5498542785645,-8.93877983093262,"Female"
"9004155",371989,2025-06-10 10:34:43,42.5500411987305,-8.93914318084717,"Female"
"9004155",371989,2025-06-10 10:39:40,42.5501098632812,-8.93947601318359,"Female"
"9004155",371989,2025-06-10 10:44:43,42.5500755310059,-8.9392786026001,"Female"
"9004155",371989,2025-06-10 10:49:48,42.5500640869141,-8.93918514251709,"Female"
"9004155",371989,2025-06-10 10:54:42,42.5501403808594,-8.93960666656494,"Female"
"9004155",371989,2025-06-10 10:59:40,42.550106048584,-8.93932342529297,"Female"
"9004155",371989,2025-06-10 11:04:41,42.5720443725586,-8.92669105529785,"Female"
"9004155",371989,2025-06-10 11:09:41,42.6140937805176,-8.90291500091553,"Female"
"9004155",371989,2025-06-10 11:15:05,42.6182327270508,-8.89951229095459,"Female"
"9004155",371989,2025-06-10 11:20:28,42.6186294555664,-8.89916896820068,"Female"
"9004155",371989,2025-06-10 11:25:27,42.6197242736816,-8.89861869812012,"Female"
"9004155",371989,2025-06-10 11:30:26,42.6201095581055,-8.89828968048096,"Female"
"9004155",371989,2025-06-10 11:35:26,42.6201629638672,-8.89834499359131,"Female"
"9004155",371989,2025-06-10 11:40:26,42.6202812194824,-8.89831352233887,"Female"
"9004155",371989,2025-06-10 11:45:26,42.6202697753906,-8.89831352233887,"Female"
"9004155",371989,2025-06-10 11:50:26,42.6203117370605,-8.89829444885254,"Female"
"9004155",371989,2025-06-10 11:55:27,42.6202201843262,-8.89825630187988,"Female"
"9004155",371989,2025-06-10 12:00:26,42.624683380127,-8.89309024810791,"Female"
"9004155",371989,2025-06-10 12:05:47,42.6259384155273,-8.89126205444336,"Female"
"9004155",371989,2025-06-10 12:11:19,42.6256332397461,-8.89089870452881,"Female"
"9004155",371989,2025-06-10 12:16:16,42.6250114440918,-8.89125728607178,"Female"
"9004155",371989,2025-06-10 12:21:15,42.6241111755371,-8.89144802093506,"Female"
"9004155",371989,2025-06-10 12:27:09,42.6243743896484,-8.89142894744873,"Female"
"9004155",371989,2025-06-10 12:32:07,42.624454498291,-8.89146900177002,"Female"
"9004155",371989,2025-06-10 12:37:06,42.6244506835938,-8.89145469665527,"Female"
"9004155",371989,2025-06-10 12:42:04,42.624439239502,-8.89149761199951,"Female"
"9004155",371989,2025-06-10 12:47:04,42.6246185302734,-8.89163875579834,"Female"
"9004155",371989,2025-06-10 12:52:04,42.624454498291,-8.89136600494385,"Female"
"9004155",371989,2025-06-10 12:57:07,42.6243934631348,-8.89145469665527,"Female"
"9004155",371989,2025-06-10 13:02:08,42.6245040893555,-8.89138603210449,"Female"
"9004155",371989,2025-06-10 13:07:07,42.6244926452637,-8.89139652252197,"Female"
"9004155",371989,2025-06-10 13:12:06,42.624454498291,-8.89146614074707,"Female"
"9004155",371989,2025-06-10 13:17:04,42.6244239807129,-8.8914737701416,"Female"
"9004155",371989,2025-06-10 13:22:04,42.6244163513184,-8.89141082763672,"Female"
"9004155",371989,2025-06-10 13:27:04,42.6245155334473,-8.89155769348145,"Female"
"9004155",371989,2025-06-10 13:32:07,42.6245079040527,-8.89164638519287,"Female"
"9004155",371989,2025-06-10 13:37:04,42.6245384216309,-8.89176464080811,"Female"
"9004155",371989,2025-06-10 13:42:35,42.6243019104004,-8.89177989959717,"Female"
"9004155",371989,2025-06-10 13:47:04,42.6243324279785,-8.89175033569336,"Female"
"9004155",371989,2025-06-10 13:52:04,42.6243286132812,-8.89169788360596,"Female"
"9004155",371989,2025-06-10 13:57:04,42.6243782043457,-8.89169502258301,"Female"
"9004155",371989,2025-06-10 14:02:06,42.6244163513184,-8.89168453216553,"Female"
"9004155",371989,2025-06-10 14:07:04,42.6243324279785,-8.89169406890869,"Female"
"9004155",371989,2025-06-10 14:12:04,42.6243934631348,-8.89169311523438,"Female"
"9004155",371989,2025-06-10 14:17:04,42.623908996582,-8.89137172698975,"Female"
"9004155",371989,2025-06-10 14:22:35,42.6228866577148,-8.89195537567139,"Female"
"9004155",371989,2025-06-10 14:27:36,42.6220779418945,-8.89247226715088,"Female"
"9004155",371989,2025-06-10 14:32:37,42.6221961975098,-8.8923168182373,"Female"
"9004155",371989,2025-06-10 14:37:36,42.6222190856934,-8.89236450195312,"Female"
"9004155",371989,2025-06-10 14:42:36,42.6222381591797,-8.89234352111816,"Female"
"9004155",371989,2025-06-10 14:47:36,42.6222686767578,-8.89240455627441,"Female"
"9004155",371989,2025-06-10 14:52:36,42.6222724914551,-8.89231586456299,"Female"
"9004155",371989,2025-06-10 14:57:48,42.6222915649414,-8.8923978805542,"Female"
"9004155",371989,2025-06-10 15:02:36,42.622184753418,-8.892578125,"Female"
"9004155",371989,2025-06-10 15:07:41,42.6219863891602,-8.89351558685303,"Female"
"9004155",371989,2025-06-10 15:12:40,42.6220474243164,-8.89332580566406,"Female"
"9004155",371989,2025-06-10 15:18:00,42.6220016479492,-8.89244842529297,"Female"
"9004155",371989,2025-06-10 15:24:17,42.6211433410645,-8.89369297027588,"Female"
"9004155",371989,2025-06-10 15:29:14,42.6208038330078,-8.89444255828857,"Female"
"9004155",371989,2025-06-10 15:34:25,42.6194953918457,-8.89476490020752,"Female"
"9004155",371989,2025-06-10 15:39:13,42.6182098388672,-8.89511871337891,"Female"
"9004155",371989,2025-06-10 15:44:13,42.6174774169922,-8.89565944671631,"Female"
"9004155",371989,2025-06-10 15:49:13,42.6169471740723,-8.89612293243408,"Female"
"9004155",371989,2025-06-10 15:54:12,42.6169548034668,-8.8957633972168,"Female"
"9004155",371989,2025-06-10 15:59:12,42.6169281005859,-8.89541339874268,"Female"
"9004155",371989,2025-06-10 16:04:12,42.6169967651367,-8.89556980133057,"Female"
"9004155",371989,2025-06-10 16:09:13,42.6169700622559,-8.895751953125,"Female"
"9004155",371989,2025-06-10 16:14:34,42.6169548034668,-8.89551734924316,"Female"
"9004155",371989,2025-06-10 16:19:12,42.6168975830078,-8.89547920227051,"Female"
"9004155",371989,2025-06-10 16:24:13,42.6169204711914,-8.89556503295898,"Female"
"9004155",371989,2025-06-10 16:29:14,42.6170043945312,-8.89547538757324,"Female"
"9004155",371989,2025-06-10 16:34:13,42.6169929504395,-8.89550018310547,"Female"
"9004155",371989,2025-06-10 16:39:13,42.6169700622559,-8.89551830291748,"Female"
"9004155",371989,2025-06-10 16:44:13,42.617000579834,-8.89538478851318,"Female"
"9004155",371989,2025-06-10 16:49:13,42.6169319152832,-8.89544486999512,"Female"
"9004155",371989,2025-06-10 16:54:13,42.6168594360352,-8.89553260803223,"Female"
"9004155",371989,2025-06-10 16:59:13,42.6169700622559,-8.8954906463623,"Female"
"9004155",371989,2025-06-10 17:05:03,42.6169319152832,-8.89583587646484,"Female"
"9004155",371989,2025-06-10 17:10:02,42.6156578063965,-8.89619731903076,"Female"
"9004155",371989,2025-06-10 17:15:01,42.6154327392578,-8.89873123168945,"Female"
"9004155",371989,2025-06-10 17:20:01,42.605281829834,-8.90789890289307,"Female"
"9004155",371989,2025-06-10 17:25:01,42.5866050720215,-8.91590881347656,"Female"
"9004155",371989,2025-06-10 17:30:01,42.5718803405762,-8.9320240020752,"Female"
"9004155",371989,2025-06-10 17:35:02,42.5718765258789,-8.93203258514404,"Female"
"9004155",371989,2025-06-10 17:40:01,42.5718460083008,-8.93198490142822,"Female"
"9004155",371989,2025-06-10 17:45:02,42.5717964172363,-8.93204116821289,"Female"
"9004155",371989,2025-06-10 17:50:02,42.5717964172363,-8.93197631835938,"Female"
"9004155",371989,2025-06-10 17:55:03,42.5718650817871,-8.93206310272217,"Female"
"9004155",371989,2025-06-10 18:00:15,42.571704864502,-8.93217277526855,"Female"
"9004155",371989,2025-06-10 18:05:09,42.5716361999512,-8.93225860595703,"Female"
"9004155",371989,2025-06-10 18:10:08,42.5717010498047,-8.93223667144775,"Female"
"9004155",371989,2025-06-10 18:15:09,42.5716438293457,-8.93217658996582,"Female"
"9004155",371989,2025-06-10 18:20:03,42.5718040466309,-8.93217849731445,"Female"
"9004155",371989,2025-06-10 18:25:09,42.5717315673828,-8.93211364746094,"Female"
"9004155",371989,2025-06-10 18:30:07,42.5717468261719,-8.93202209472656,"Female"
"9004155",371989,2025-06-10 18:35:02,42.572021484375,-8.93215465545654,"Female"
"9004155",371989,2025-06-10 18:40:09,42.5717315673828,-8.93204021453857,"Female"
"9004155",371989,2025-06-10 18:45:14,42.5717353820801,-8.93197441101074,"Female"
"9004155",371989,2025-06-10 18:50:02,42.5626640319824,-8.93795204162598,"Female"
"9004155",371989,2025-06-10 18:55:03,42.548511505127,-8.93877410888672,"Female"
"9004155",371989,2025-06-10 19:00:13,42.5483551025391,-8.93870544433594,"Female"
"9004155",371989,2025-06-10 19:05:02,42.5483627319336,-8.93866157531738,"Female"
"9004155",371989,2025-06-10 19:10:02,42.5483245849609,-8.93867015838623,"Female"
"9004155",371989,2025-06-10 19:15:02,42.5483474731445,-8.93869972229004,"Female"
"9004155",371989,2025-06-10 19:20:02,42.5483322143555,-8.93855094909668,"Female"
"9004155",371989,2025-06-10 19:25:02,42.5483665466309,-8.93871307373047,"Female"
"9004155",371989,2025-06-10 19:30:02,42.5483703613281,-8.9386043548584,"Female"
"9004155",371989,2025-06-10 19:35:09,42.548210144043,-8.93849468231201,"Female"
"9004155",371989,2025-06-10 19:40:09,42.548210144043,-8.93835067749023,"Female"
"9004155",371989,2025-06-10 19:45:14,42.5483894348145,-8.93873405456543,"Female"
"9004155",371989,2025-06-10 19:50:02,42.5483207702637,-8.93850231170654,"Female"
"9004155",371989,2025-06-10 19:55:04,42.5485305786133,-8.93902778625488,"Female"
"9004155",371989,2025-06-10 20:00:02,42.5483169555664,-8.93848609924316,"Female"
"9004155",371989,2025-06-10 20:05:35,42.5484046936035,-8.93877220153809,"Female"
"9004155",371989,2025-06-10 20:10:02,42.5483474731445,-8.93883609771729,"Female"
"9004155",371989,2025-06-10 20:15:02,42.5484161376953,-8.93875408172607,"Female"
"9004155",371989,2025-06-10 20:20:02,42.5484619140625,-8.93873691558838,"Female"
"9004155",371989,2025-06-10 20:25:02,42.5484008789062,-8.93868541717529,"Female"
"9004155",371989,2025-06-10 20:30:02,42.5484619140625,-8.93875217437744,"Female"
"9004155",371989,2025-06-10 20:35:02,42.5484466552734,-8.93881130218506,"Female"
"9004155",371989,2025-06-10 20:40:02,42.5483856201172,-8.93880748748779,"Female"
"9004155",371989,2025-06-10 20:45:02,42.5484580993652,-8.93872737884521,"Female"
"9004155",371989,2025-06-10 20:50:02,42.5484199523926,-8.93874073028564,"Female"
"9004155",371989,2025-06-10 20:55:02,42.5484619140625,-8.93875026702881,"Female"
"9004155",371989,2025-06-10 21:00:02,42.5484886169434,-8.93867588043213,"Female"
"9004155",371989,2025-06-10 21:05:02,42.5485305786133,-8.93885803222656,"Female"
"9004155",371989,2025-06-10 21:10:02,42.5484886169434,-8.93876552581787,"Female"
"9004155",371989,2025-06-10 21:15:02,42.5484657287598,-8.93876075744629,"Female"
"9004155",371989,2025-06-10 21:20:02,42.5484733581543,-8.93880367279053,"Female"
"9004155",371989,2025-06-10 21:25:02,42.5485038757324,-8.93883419036865,"Female"
"9004155",371989,2025-06-10 21:30:02,42.5484886169434,-8.93868923187256,"Female"
"9004155",371989,2025-06-10 21:35:02,42.5484313964844,-8.93870639801025,"Female"
"9004155",371989,2025-06-10 21:40:14,42.5485191345215,-8.93887519836426,"Female"
"9004155",371989,2025-06-10 21:45:02,42.548454284668,-8.93877983093262,"Female"
"9004155",371989,2025-06-10 21:50:13,42.5484580993652,-8.93885231018066,"Female"
"9004155",371989,2025-06-10 21:55:02,42.5484580993652,-8.93873977661133,"Female"
"9004155",371989,2025-06-10 22:00:02,42.5485343933105,-8.93880558013916,"Female"
"9004155",371989,2025-06-10 22:05:02,42.5485229492188,-8.9388256072998,"Female"
"9004155",371989,2025-06-10 22:10:06,42.5485534667969,-8.93888473510742,"Female"
"9004155",371989,2025-06-10 22:15:08,42.5484809875488,-8.938796043396,"Female"
"9004155",371989,2025-06-10 22:20:12,42.5483779907227,-8.93870544433594,"Female"
"9004155",371989,2025-06-10 22:25:06,42.5484848022461,-8.93883228302002,"Female"
"9004155",371989,2025-06-10 22:30:06,42.5484771728516,-8.93878078460693,"Female"
"9004155",371989,2025-06-10 22:35:02,42.5483169555664,-8.93850612640381,"Female"
"9004155",371989,2025-06-10 22:40:02,42.5483818054199,-8.93857860565186,"Female"
"9004155",371989,2025-06-10 22:45:11,42.5485038757324,-8.93888282775879,"Female"
"9004155",371989,2025-06-10 22:50:02,42.5484046936035,-8.93874263763428,"Female"
"9004155",371989,2025-06-10 22:55:02,42.5483779907227,-8.93874073028564,"Female"
"9004155",371989,2025-06-10 23:00:02,42.5484390258789,-8.93869781494141,"Female"
"9004155",371989,2025-06-10 23:05:02,42.548412322998,-8.93869686126709,"Female"
"9004155",371989,2025-06-10 23:10:02,42.5484580993652,-8.9388313293457,"Female"
"9004155",371989,2025-06-10 23:15:03,42.548469543457,-8.93879795074463,"Female"
"9004155",371989,2025-06-10 23:20:07,42.5517959594727,-8.9402379989624,"Female"
"9004155",371989,2025-06-10 23:25:09,42.5517425537109,-8.94020462036133,"Female"
"9004155",371989,2025-06-10 23:30:35,42.5517921447754,-8.94014739990234,"Female"
"9004155",371989,2025-06-10 23:35:02,42.5518188476562,-8.9402437210083,"Female"
"9004155",371989,2025-06-10 23:40:02,42.5517501831055,-8.94012355804443,"Female"
"9004155",371989,2025-06-10 23:45:02,42.5517501831055,-8.94016361236572,"Female"
"9004155",371989,2025-06-10 23:50:02,42.5517845153809,-8.94019317626953,"Female"
"9004155",371989,2025-06-10 23:55:02,42.5517807006836,-8.94017696380615,"Female"
"9004155",371989,2025-06-11 00:00:02,42.5517387390137,-8.94017696380615,"Female"
"9004155",371989,2025-06-11 00:05:02,42.5517959594727,-8.94014453887939,"Female"
"9004155",371989,2025-06-11 00:10:02,42.5517692565918,-8.94016551971436,"Female"
"9004155",371989,2025-06-11 00:15:02,42.5517921447754,-8.9401741027832,"Female"
"9004155",371989,2025-06-11 00:20:02,42.5517845153809,-8.94016551971436,"Female"
"9004155",371989,2025-06-11 00:25:06,42.5517120361328,-8.94007682800293,"Female"
"9004155",371989,2025-06-11 00:30:02,42.5517997741699,-8.94013690948486,"Female"
"9004155",371989,2025-06-11 00:35:04,42.5517654418945,-8.94013500213623,"Female"
"9004155",371989,2025-06-11 00:40:12,42.5518188476562,-8.94022655487061,"Female"
"9004155",371989,2025-06-11 00:45:02,42.5518760681152,-8.94022941589355,"Female"
"9004155",371989,2025-06-11 00:50:02,42.5518417358398,-8.9401969909668,"Female"
"9004155",371989,2025-06-11 00:55:02,42.5518608093262,-8.94018173217773,"Female"
"9004155",371989,2025-06-11 01:00:02,42.551815032959,-8.94021797180176,"Female"
"9004155",371989,2025-06-11 01:05:02,42.5518646240234,-8.94028377532959,"Female"
"9004155",371989,2025-06-11 01:10:07,42.5517463684082,-8.94020175933838,"Female"
"9004155",371989,2025-06-11 01:15:06,42.5518035888672,-8.94026756286621,"Female"
"9004155",371989,2025-06-11 01:20:23,42.5517959594727,-8.94023513793945,"Female"
"9004155",371989,2025-06-11 01:25:09,42.5516014099121,-8.94034862518311,"Female"
"9004155",371989,2025-06-11 01:30:10,42.551815032959,-8.9401798248291,"Female"
"9004155",371989,2025-06-11 01:35:07,42.5517044067383,-8.94027805328369,"Female"
"9004155",371989,2025-06-11 01:40:09,42.5518531799316,-8.94024181365967,"Female"
"9004155",371989,2025-06-11 01:45:03,42.5518035888672,-8.940260887146,"Female"
"9004155",371989,2025-06-11 01:50:07,42.5520362854004,-8.94010448455811,"Female"
"9004155",371989,2025-06-11 01:55:06,42.5518913269043,-8.94022560119629,"Female"
"9004155",371989,2025-06-11 02:00:07,42.5519790649414,-8.94003677368164,"Female"
"9004155",371989,2025-06-11 02:05:04,42.5518188476562,-8.9401683807373,"Female"
"9004155",371989,2025-06-11 02:10:06,42.5519027709961,-8.94006824493408,"Female"
"9004155",371989,2025-06-11 02:15:32,42.5518531799316,-8.94013118743896,"Female"
"9004155",371989,2025-06-11 02:20:02,42.5518074035645,-8.94012355804443,"Female"
"9004155",371989,2025-06-11 02:25:02,42.5517959594727,-8.94015502929688,"Female"
"9004155",371989,2025-06-11 02:30:02,42.5517997741699,-8.94016551971436,"Female"
"9004155",371989,2025-06-11 02:35:02,42.5517959594727,-8.94015598297119,"Female"
"9004155",371989,2025-06-11 02:40:03,42.5518035888672,-8.94017219543457,"Female"
"9004155",371989,2025-06-11 02:45:02,42.5517807006836,-8.94015026092529,"Female"
"9004155",371989,2025-06-11 02:50:02,42.5517272949219,-8.94015216827393,"Female"
"9004155",371989,2025-06-11 02:55:03,42.5518226623535,-8.94015121459961,"Female"
"9004155",371989,2025-06-11 03:00:02,42.5517692565918,-8.94015312194824,"Female"
"9004155",371989,2025-06-11 03:05:02,42.5517578125,-8.94015693664551,"Female"
"9004155",371989,2025-06-11 03:10:02,42.5518112182617,-8.94017505645752,"Female"
"9004155",371989,2025-06-11 03:15:02,42.5517578125,-8.94015121459961,"Female"
"9004155",371989,2025-06-11 03:20:02,42.5517883300781,-8.94018268585205,"Female"
"9004155",371989,2025-06-11 03:25:02,42.5517883300781,-8.94011688232422,"Female"
"9004155",371989,2025-06-11 03:30:02,42.5518264770508,-8.94017791748047,"Female"
"9004155",371989,2025-06-11 03:35:02,42.5518226623535,-8.94015407562256,"Female"
"9004155",371989,2025-06-11 03:40:02,42.5517539978027,-8.94014358520508,"Female"
"9004155",371989,2025-06-11 03:45:02,42.5517921447754,-8.9401273727417,"Female"
"9004155",371989,2025-06-11 03:50:02,42.5518035888672,-8.9401683807373,"Female"
"9004155",371989,2025-06-11 03:55:04,42.5517692565918,-8.94013786315918,"Female"
"9004155",371989,2025-06-11 04:00:14,42.551830291748,-8.94023132324219,"Female"
"9004155",371989,2025-06-11 04:05:02,42.5517692565918,-8.94013404846191,"Female"
"9004155",371989,2025-06-11 04:10:02,42.5517082214355,-8.94006061553955,"Female"
"9004155",371989,2025-06-11 04:15:02,42.5517196655273,-8.94000911712646,"Female"
"9004155",371989,2025-06-11 04:20:02,42.5517272949219,-8.94000434875488,"Female"
"9004155",371989,2025-06-11 04:25:02,42.5517539978027,-8.94009780883789,"Female"
"9004155",371989,2025-06-11 04:30:02,42.5517272949219,-8.93999767303467,"Female"
"9004155",371989,2025-06-11 04:35:03,42.5519065856934,-8.94021797180176,"Female"
"9004155",371989,2025-06-11 04:40:02,42.5521583557129,-8.94031047821045,"Female"
"9004155",371989,2025-06-11 04:45:13,42.5517654418945,-8.9401273727417,"Female"
"9004155",371989,2025-06-11 04:50:09,42.551887512207,-8.94017124176025,"Female"
"9004155",371989,2025-06-11 04:55:10,42.5518913269043,-8.94016265869141,"Female"
"9004155",371989,2025-06-11 05:00:02,42.5517616271973,-8.94011783599854,"Female"
"9004155",371989,2025-06-11 05:05:02,42.5517883300781,-8.94011878967285,"Female"
"9004155",371989,2025-06-11 05:10:02,42.5518074035645,-8.94009971618652,"Female"
"9004155",371989,2025-06-11 05:15:02,42.5517921447754,-8.94015026092529,"Female"
"9004155",371989,2025-06-11 05:20:04,42.5517997741699,-8.94009017944336,"Female"
"9004155",371989,2025-06-11 05:25:03,42.5517578125,-8.94010257720947,"Female"
"9004155",371989,2025-06-11 05:30:03,42.5517807006836,-8.94008636474609,"Female"
"9004155",371989,2025-06-11 05:35:02,42.5517578125,-8.94007015228271,"Female"
"9004155",371989,2025-06-11 05:40:03,42.5517044067383,-8.93985271453857,"Female"
"9004155",371989,2025-06-11 05:45:11,42.5516967773438,-8.9398021697998,"Female"
"9004155",371989,2025-06-11 05:50:02,42.5519027709961,-8.94029235839844,"Female"
"9004155",371989,2025-06-11 05:55:02,42.5518455505371,-8.94025421142578,"Female"
"9004155",371989,2025-06-11 06:00:02,42.5518112182617,-8.94005393981934,"Female"
"9004155",371989,2025-06-11 06:05:02,42.5518989562988,-8.94020557403564,"Female"
"9004155",371989,2025-06-11 06:10:10,42.5517997741699,-8.94001197814941,"Female"
"9004155",371989,2025-06-11 06:15:32,42.5517845153809,-8.94009399414062,"Female"
"9004155",371989,2025-06-11 06:20:02,42.5517959594727,-8.94003105163574,"Female"
"9004155",371989,2025-06-11 06:25:02,42.5517959594727,-8.94006729125977,"Female"
"9004155",371989,2025-06-11 06:30:02,42.5517349243164,-8.94009304046631,"Female"
"9004155",371989,2025-06-11 06:35:02,42.5517120361328,-8.94013977050781,"Female"
"9004155",371989,2025-06-11 06:40:02,42.5517616271973,-8.94003486633301,"Female"
"9004155",371989,2025-06-11 06:45:02,42.5517997741699,-8.94013977050781,"Female"
"9004155",371989,2025-06-11 06:50:02,42.5516929626465,-8.94006824493408,"Female"
"9004155",371989,2025-06-11 06:55:03,42.5516929626465,-8.94004535675049,"Female"
"9004155",371989,2025-06-11 07:00:02,42.5517616271973,-8.94007968902588,"Female"
"9004155",371989,2025-06-11 07:05:03,42.5517234802246,-8.9399881362915,"Female"
"9004155",371989,2025-06-11 07:10:03,42.5518035888672,-8.9401216506958,"Female"
"9004155",371989,2025-06-11 07:15:04,42.5517730712891,-8.94009971618652,"Female"
"9004155",371989,2025-06-11 07:20:10,42.5518341064453,-8.940110206604,"Female"
"9004155",371989,2025-06-11 07:25:02,42.5518531799316,-8.94021797180176,"Female"
"9004155",371989,2025-06-11 07:30:02,42.5518684387207,-8.94025135040283,"Female"
"9004155",371989,2025-06-11 07:35:02,42.5517921447754,-8.9401683807373,"Female"
"9004155",371989,2025-06-11 07:40:02,42.5518341064453,-8.94019985198975,"Female"
"9004155",371989,2025-06-11 07:45:02,42.5517959594727,-8.94010257720947,"Female"
"9004155",371989,2025-06-11 07:50:03,42.562873840332,-8.90643692016602,"Female"
"9004155",371989,2025-06-11 07:55:06,42.5893974304199,-8.86669540405273,"Female"
"9004155",371989,2025-06-11 08:00:12,42.6067352294922,-8.84264183044434,"Female"
"9004155",371989,2025-06-11 08:05:40,42.6076774597168,-8.84223079681396,"Female"
"9004155",371989,2025-06-11 08:10:53,42.6076965332031,-8.84236526489258,"Female"
"9004155",371989,2025-06-11 08:15:51,42.6077842712402,-8.84234619140625,"Female"
"9004155",371989,2025-06-11 08:20:46,42.6077041625977,-8.84207725524902,"Female"
"9004155",371989,2025-06-11 08:25:51,42.6078300476074,-8.8421516418457,"Female"
"9004155",371989,2025-06-11 08:30:54,42.6077919006348,-8.84224700927734,"Female"
"9004155",371989,2025-06-11 08:35:54,42.6077995300293,-8.8421802520752,"Female"
"9004155",371989,2025-06-11 08:40:54,42.6077766418457,-8.84218406677246,"Female"
"9004155",371989,2025-06-11 08:46:14,42.6077728271484,-8.84220409393311,"Female"
"9004155",371989,2025-06-11 08:50:48,42.6078071594238,-8.84242153167725,"Female"
"9004155",371989,2025-06-11 08:55:47,42.6077919006348,-8.84222888946533,"Female"
"9004155",371989,2025-06-11 09:00:48,42.6078338623047,-8.84244918823242,"Female"
"9004155",371989,2025-06-11 09:05:46,42.6077728271484,-8.84229469299316,"Female"
"9004155",371989,2025-06-11 09:10:49,42.6077690124512,-8.84235858917236,"Female"
"9004155",371989,2025-06-11 09:15:49,42.607666015625,-8.84227180480957,"Female"
"9004155",371989,2025-06-11 09:20:47,42.6077575683594,-8.8424186706543,"Female"
"9004155",371989,2025-06-11 09:25:47,42.6076812744141,-8.84230518341064,"Female"
"9004155",371989,2025-06-11 09:31:15,42.6077575683594,-8.84244346618652,"Female"
"9004155",371989,2025-06-11 09:35:46,42.6076927185059,-8.84240913391113,"Female"
"9004155",371989,2025-06-11 09:40:47,42.6078453063965,-8.8425464630127,"Female"
"9004155",371989,2025-06-11 09:45:48,42.6077346801758,-8.84242630004883,"Female"
"9004155",371989,2025-06-11 09:50:46,42.6078414916992,-8.84258270263672,"Female"
"9004155",371989,2025-06-11 09:56:19,42.6156883239746,-8.81714916229248,"Female"
"9004155",371989,2025-06-11 10:01:33,42.6152153015137,-8.81758308410645,"Female"
"9004155",371989,2025-06-11 10:07:06,42.615406036377,-8.81735515594482,"Female"
"9004155",371989,2025-06-11 10:12:07,42.614631652832,-8.81769466400146,"Female"
"9004155",371989,2025-06-11 10:17:35,42.6147499084473,-8.81761837005615,"Female"
"9004155",371989,2025-06-11 10:22:06,42.6147651672363,-8.81767463684082,"Female"
"9004155",371989,2025-06-11 10:27:06,42.6147575378418,-8.81768989562988,"Female"
"9004155",371989,2025-06-11 10:32:06,42.6147232055664,-8.81764507293701,"Female"
"9004155",371989,2025-06-11 10:37:06,42.6147575378418,-8.81770992279053,"Female"
"9004155",371989,2025-06-11 10:42:06,42.6147041320801,-8.81775093078613,"Female"
"9004155",371989,2025-06-11 10:47:06,42.6147804260254,-8.81776523590088,"Female"
"9004155",371989,2025-06-11 10:52:06,42.6147155761719,-8.81775093078613,"Female"
"9004155",371989,2025-06-11 10:57:06,42.6147232055664,-8.81773281097412,"Female"
"9004155",371989,2025-06-11 11:02:06,42.61474609375,-8.81778717041016,"Female"
"9004155",371989,2025-06-11 11:07:06,42.6147270202637,-8.81774616241455,"Female"
"9004155",371989,2025-06-11 11:12:09,42.6147956848145,-8.81774044036865,"Female"
"9004155",371989,2025-06-11 11:17:09,42.6147727966309,-8.81777191162109,"Female"
"9004155",371989,2025-06-11 11:22:09,42.6147155761719,-8.81779479980469,"Female"
"9004155",371989,2025-06-11 11:27:09,42.6147346496582,-8.81779479980469,"Female"
"9004155",371989,2025-06-11 11:32:09,42.6148376464844,-8.81778907775879,"Female"
"9004155",371989,2025-06-11 11:37:10,42.6147918701172,-8.81774997711182,"Female"
"9004155",371989,2025-06-11 11:42:09,42.6147804260254,-8.81774139404297,"Female"
"9004155",371989,2025-06-11 11:47:09,42.6148147583008,-8.81778144836426,"Female"
"9004155",371989,2025-06-11 11:52:09,42.6147956848145,-8.81776332855225,"Female"
"9004155",371989,2025-06-11 11:57:09,42.6147918701172,-8.81778907775879,"Female"
"9004155",371989,2025-06-11 12:02:10,42.6147422790527,-8.81776905059814,"Female"
"9004155",371989,2025-06-11 12:07:09,42.6147422790527,-8.81777667999268,"Female"
"9004155",371989,2025-06-11 12:12:09,42.6147766113281,-8.81760406494141,"Female"
"9004155",371989,2025-06-11 12:17:10,42.6148986816406,-8.81785583496094,"Female"
"9004155",371989,2025-06-11 12:22:11,42.6148414611816,-8.81778049468994,"Female"
"9004155",371989,2025-06-11 12:27:11,42.614875793457,-8.81785297393799,"Female"
"9004155",371989,2025-06-11 12:32:11,42.6149291992188,-8.81783866882324,"Female"
"9004155",371989,2025-06-11 12:37:10,42.6149520874023,-8.81779289245605,"Female"
"9004155",371989,2025-06-11 12:42:11,42.6151390075684,-8.81804466247559,"Female"
"9004155",371989,2025-06-11 12:47:10,42.6151580810547,-8.81812858581543,"Female"
"9004155",371989,2025-06-11 12:52:10,42.6150054931641,-8.817946434021,"Female"
"9004155",371989,2025-06-11 12:57:10,42.6162185668945,-8.81922435760498,"Female"
"9004155",371989,2025-06-11 13:02:13,42.6151466369629,-8.8174409866333,"Female"
"9004155",371989,2025-06-11 13:07:11,42.6152610778809,-8.81745147705078,"Female"
"9004155",371989,2025-06-11 13:12:52,42.6153869628906,-8.81711673736572,"Female"
"9004155",371989,2025-06-11 13:17:52,42.6157302856445,-8.81726837158203,"Female"
"9004155",371989,2025-06-11 13:22:56,42.6144676208496,-8.81687545776367,"Female"
"9004155",371989,2025-06-11 13:27:52,42.6146812438965,-8.81729698181152,"Female"
"9004155",371989,2025-06-11 13:32:53,42.61474609375,-8.81733989715576,"Female"
"9004155",371989,2025-06-11 13:38:04,42.6147575378418,-8.81731033325195,"Female"
"9004155",371989,2025-06-11 13:43:00,42.6147003173828,-8.81736946105957,"Female"
"9004155",371989,2025-06-11 13:48:00,42.6148223876953,-8.81735420227051,"Female"
"9004155",371989,2025-06-11 13:53:00,42.6148681640625,-8.8173999786377,"Female"
"9004155",371989,2025-06-11 13:58:00,42.6149368286133,-8.81742095947266,"Female"
"9004155",371989,2025-06-11 14:03:14,42.6147537231445,-8.81740188598633,"Female"
"9004155",371989,2025-06-11 14:07:50,42.614631652832,-8.81730842590332,"Female"
"9004155",371989,2025-06-11 14:12:51,42.6147956848145,-8.81743907928467,"Female"
"9004155",371989,2025-06-11 14:17:51,42.6147689819336,-8.81733703613281,"Female"
"9004155",371989,2025-06-11 14:23:13,42.6146926879883,-8.81741237640381,"Female"
"9004155",371989,2025-06-11 14:27:51,42.6148071289062,-8.8166971206665,"Female"
"9004155",371989,2025-06-11 14:32:51,42.6147041320801,-8.8172550201416,"Female"
"9004155",371989,2025-06-11 14:37:52,42.6145935058594,-8.81810474395752,"Female"
"9004155",371989,2025-06-11 14:42:52,42.6147308349609,-8.81692695617676,"Female"
"9004155",371989,2025-06-11 14:48:15,42.614086151123,-8.81756114959717,"Female"
"9004155",371989,2025-06-11 14:52:54,42.6148796081543,-8.81700229644775,"Female"
"9004155",371989,2025-06-11 14:58:00,42.613094329834,-8.81741142272949,"Female"
"9004155",371989,2025-06-11 15:03:00,42.6143608093262,-8.81773090362549,"Female"
"9004155",371989,2025-06-11 15:07:53,42.614372253418,-8.81895065307617,"Female"
"9004155",371989,2025-06-11 15:13:00,42.6145935058594,-8.81778144836426,"Female"
"9004155",371989,2025-06-11 15:17:54,42.6145629882812,-8.81839179992676,"Female"
"9004155",371989,2025-06-11 15:24:00,42.6144561767578,-8.81654644012451,"Female"
"9004155",371989,2025-06-11 15:29:25,42.6149368286133,-8.81608390808105,"Female"
"9004155",371989,2025-06-11 15:35:40,42.6159286499023,-8.81541156768799,"Female"
"9004155",371989,2025-06-11 15:41:24,42.6150398254395,-8.81557464599609,"Female"
"9004155",371989,2025-06-11 15:55:15,42.6147003173828,-8.81495571136475,"Female"
"9004155",371989,2025-06-11 16:00:23,42.6147346496582,-8.81502628326416,"Female"
"9004155",371989,2025-06-11 16:04:49,42.6147308349609,-8.81504726409912,"Female"
"9004155",371989,2025-06-11 16:09:50,42.6146812438965,-8.815110206604,"Female"
"9004155",371989,2025-06-11 16:14:49,42.614673614502,-8.81505012512207,"Female"
"9004155",371989,2025-06-11 16:19:49,42.6146583557129,-8.81502532958984,"Female"
"9004155",371989,2025-06-11 16:24:49,42.6146697998047,-8.81501007080078,"Female"
"9004155",371989,2025-06-11 16:29:49,42.6146850585938,-8.81501197814941,"Female"
"9004155",371989,2025-06-11 16:34:49,42.614631652832,-8.81499576568604,"Female"
"9004155",371989,2025-06-11 16:39:49,42.6146659851074,-8.81497192382812,"Female"
"9004155",371989,2025-06-11 16:44:49,42.6145286560059,-8.81510448455811,"Female"
"9004155",371989,2025-06-11 16:49:50,42.6146469116211,-8.81493473052979,"Female"
"9004155",371989,2025-06-11 16:54:55,42.6122589111328,-8.82619190216064,"Female"
"9004155",371989,2025-06-11 16:59:49,42.610725402832,-8.84484004974365,"Female"
"9004155",371989,2025-06-11 17:04:55,42.6050605773926,-8.86565399169922,"Female"
"9004155",371989,2025-06-11 17:09:53,42.6020317077637,-8.87658882141113,"Female"
"9004155",371989,2025-06-11 17:14:54,42.6020698547363,-8.87635612487793,"Female"
"9004155",371989,2025-06-11 17:20:14,42.6021308898926,-8.87651634216309,"Female"
"9004155",371989,2025-06-11 17:24:49,42.6021194458008,-8.87652206420898,"Female"
"9004155",371989,2025-06-11 17:29:53,42.6021118164062,-8.87650108337402,"Female"
"9004155",371989,2025-06-11 17:34:50,42.602165222168,-8.87654495239258,"Female"
"9004155",371989,2025-06-11 17:40:05,42.6021766662598,-8.87660121917725,"Female"
"9004155",371989,2025-06-11 17:45:14,42.6021537780762,-8.87653255462646,"Female"
"9004155",371989,2025-06-11 17:49:50,42.6020278930664,-8.87633514404297,"Female"
"9004155",371989,2025-06-11 17:54:50,42.6021575927734,-8.87657928466797,"Female"
"9004155",371989,2025-06-11 17:59:49,42.6021270751953,-8.8765115737915,"Female"
"9004155",371989,2025-06-11 18:04:50,42.6023139953613,-8.87687301635742,"Female"
"9004155",371989,2025-06-11 18:09:53,42.6021499633789,-8.8765344619751,"Female"
"9004155",371989,2025-06-11 18:15:01,42.6021537780762,-8.87661457061768,"Female"
"9004155",371989,2025-06-11 18:20:14,42.602165222168,-8.87660694122314,"Female"
"9004155",371989,2025-06-11 18:24:50,42.6022644042969,-8.87664890289307,"Female"
"9004155",371989,2025-06-11 18:29:53,42.6021881103516,-8.87659549713135,"Female"
"9004155",371989,2025-06-11 18:35:00,42.6021347045898,-8.87661647796631,"Female"
"9004155",371989,2025-06-11 18:40:00,42.6021537780762,-8.87664985656738,"Female"
"9004155",371989,2025-06-11 18:45:00,42.6019248962402,-8.87650299072266,"Female"
"9004155",371989,2025-06-11 18:50:15,42.6014823913574,-8.87660884857178,"Female"
"9004155",371989,2025-06-11 18:54:52,42.6013145446777,-8.87662029266357,"Female"
"9004155",371989,2025-06-11 18:59:49,42.6013870239258,-8.87659740447998,"Female"
"9004155",371989,2025-06-11 19:04:49,42.6014175415039,-8.87662982940674,"Female"
"9004155",371989,2025-06-11 19:09:50,42.6013374328613,-8.87666511535645,"Female"
"9004155",371989,2025-06-11 19:14:52,42.6012840270996,-8.87653064727783,"Female"
"9004155",371989,2025-06-11 19:19:51,42.6013374328613,-8.87660980224609,"Female"
"9004155",371989,2025-06-11 19:24:52,42.6012992858887,-8.87663078308105,"Female"
"9004155",371989,2025-06-11 19:29:52,42.6012763977051,-8.87662410736084,"Female"
"9004155",371989,2025-06-11 19:34:52,42.6011962890625,-8.87657356262207,"Female"
"9004155",371989,2025-06-11 19:39:53,42.6012763977051,-8.87666893005371,"Female"
"9004155",371989,2025-06-11 19:44:53,42.6012496948242,-8.87670230865479,"Female"
"9004155",371989,2025-06-11 19:50:15,42.6013946533203,-8.87654781341553,"Female"
"9004155",371989,2025-06-11 19:54:50,42.6012649536133,-8.87671375274658,"Female"
"9004155",371989,2025-06-11 19:59:54,42.6012344360352,-8.87693119049072,"Female"
"9004155",371989,2025-06-11 20:04:50,42.6021766662598,-8.87693023681641,"Female"
"9004155",371989,2025-06-11 20:09:58,42.6012229919434,-8.87757778167725,"Female"
"9004155",371989,2025-06-11 20:14:49,42.592472076416,-8.90866851806641,"Female"
"9004155",371989,2025-06-11 20:19:51,42.5810089111328,-8.921142578125,"Female"
"9004155",371989,2025-06-11 20:24:51,42.5605583190918,-8.93513202667236,"Female"
"9004155",371989,2025-06-11 20:29:52,42.5485229492188,-8.93863773345947,"Female"
"9004155",371989,2025-06-11 20:34:50,42.5485000610352,-8.93873691558838,"Female"
"9004155",371989,2025-06-11 20:39:51,42.5484733581543,-8.93868255615234,"Female"
"9004155",371989,2025-06-11 20:44:50,42.5499610900879,-8.94011116027832,"Female"
"9004155",371989,2025-06-11 20:50:15,42.5515975952148,-8.93989181518555,"Female"
"9004155",371989,2025-06-11 20:55:14,42.5516777038574,-8.93994522094727,"Female"
"9004155",371989,2025-06-11 20:59:50,42.5517196655273,-8.93986892700195,"Female"
"9004155",371989,2025-06-11 21:05:00,42.5517921447754,-8.93992042541504,"Female"
"9004155",371989,2025-06-11 21:09:52,42.551685333252,-8.94020652770996,"Female"
"9004155",371989,2025-06-11 21:14:54,42.5518226623535,-8.93989944458008,"Female"
"9004155",371989,2025-06-11 21:19:57,42.5517807006836,-8.93993759155273,"Female"
"9004155",371989,2025-06-11 21:24:53,42.5508117675781,-8.94217586517334,"Female"
"9004155",371989,2025-06-11 21:29:55,42.5518226623535,-8.93999099731445,"Female"
"9004155",371989,2025-06-11 21:34:50,42.5515556335449,-8.94061279296875,"Female"
"9004155",371989,2025-06-11 21:39:53,42.5516738891602,-8.94082069396973,"Female"
"9004155",371989,2025-06-11 21:44:54,42.5520477294922,-8.93893337249756,"Female"
"9004155",371989,2025-06-11 21:50:15,42.5517959594727,-8.93997573852539,"Female"
"9004155",371989,2025-06-11 21:54:53,42.5515289306641,-8.9415454864502,"Female"
"9004155",371989,2025-06-11 22:00:20,42.5518112182617,-8.94002819061279,"Female"
"9004155",371989,2025-06-11 22:04:49,42.551944732666,-8.94018650054932,"Female"
"9004155",371989,2025-06-11 22:09:49,42.5519332885742,-8.94019794464111,"Female"
"9004155",371989,2025-06-11 22:14:49,42.5518264770508,-8.94017601013184,"Female"
"9004155",371989,2025-06-11 22:19:49,42.5519905090332,-8.94023704528809,"Female"
"9004155",371989,2025-06-11 22:24:49,42.5519409179688,-8.9402027130127,"Female"
"9004155",371989,2025-06-11 22:29:49,42.5519142150879,-8.94021892547607,"Female"
"9004155",371989,2025-06-11 22:34:49,42.5519371032715,-8.94021797180176,"Female"
"9004155",371989,2025-06-11 22:39:49,42.5519256591797,-8.94018936157227,"Female"
"9004155",371989,2025-06-11 22:44:49,42.5518989562988,-8.9402551651001,"Female"
"9004155",371989,2025-06-11 22:49:49,42.5518264770508,-8.94009685516357,"Female"
"9004155",371989,2025-06-11 22:54:51,42.5517959594727,-8.93998241424561,"Female"
"9004155",371989,2025-06-11 22:59:51,42.5518493652344,-8.94007205963135,"Female"
"9004155",371989,2025-06-11 23:04:50,42.5517845153809,-8.94066524505615,"Female"
"9004155",371989,2025-06-11 23:09:50,42.5517654418945,-8.94044303894043,"Female"
"9004155",371989,2025-06-11 23:14:51,42.5517501831055,-8.93961429595947,"Female"
"9004155",371989,2025-06-11 23:19:50,42.5518379211426,-8.94017887115479,"Female"
"9004155",371989,2025-06-11 23:24:51,42.5518951416016,-8.9389476776123,"Female"
"9004155",371989,2025-06-11 23:29:49,42.5517082214355,-8.94137001037598,"Female"
"9004155",371989,2025-06-11 23:34:50,42.5517921447754,-8.94023323059082,"Female"
"9004155",371989,2025-06-11 23:40:00,42.5517883300781,-8.94016551971436,"Female"
"9004155",371989,2025-06-11 23:44:49,42.5518226623535,-8.93981838226318,"Female"
"9004155",371989,2025-06-11 23:49:50,42.5517845153809,-8.94023990631104,"Female"
"9004155",371989,2025-06-11 23:54:49,42.5517921447754,-8.94009971618652,"Female"
"9004155",371989,2025-06-11 23:59:59,42.5518684387207,-8.94014167785645,"Female"
"9004155",371989,2025-06-12 00:04:59,42.5516815185547,-8.94014072418213,"Female"
"9004155",371989,2025-06-12 00:09:51,42.5517845153809,-8.94015884399414,"Female"
"9004155",371989,2025-06-12 00:14:59,42.5519752502441,-8.94015121459961,"Female"
"9004155",371989,2025-06-12 00:20:14,42.5518760681152,-8.94018459320068,"Female"
"9004155",371989,2025-06-12 00:24:49,42.5518264770508,-8.94013404846191,"Female"
"9004155",371989,2025-06-12 00:29:49,42.551872253418,-8.94016647338867,"Female"
"9004155",371989,2025-06-12 00:34:49,42.5517959594727,-8.94019603729248,"Female"
"9004155",371989,2025-06-12 00:39:49,42.5518913269043,-8.94027042388916,"Female"
"9004155",371989,2025-06-12 00:44:49,42.5518913269043,-8.94009399414062,"Female"
"9004155",371989,2025-06-12 00:50:14,42.5519065856934,-8.94015312194824,"Female"
"9004155",371989,2025-06-12 00:54:49,42.5519142150879,-8.94018459320068,"Female"
"9004155",371989,2025-06-12 00:59:49,42.5518760681152,-8.94016551971436,"Female"
"9004155",371989,2025-06-12 01:04:49,42.5519905090332,-8.94028663635254,"Female"
"9004155",371989,2025-06-12 01:09:49,42.5519561767578,-8.94024276733398,"Female"
"9004155",371989,2025-06-12 01:14:50,42.5520210266113,-8.94029521942139,"Female"
"9004155",371989,2025-06-12 01:19:49,42.5521049499512,-8.94041061401367,"Female"
"9004155",371989,2025-06-12 01:24:50,42.5520439147949,-8.94025802612305,"Female"
"9004155",371989,2025-06-12 01:29:54,42.5523681640625,-8.94096279144287,"Female"
"9004155",371989,2025-06-12 01:34:58,42.5517654418945,-8.94071674346924,"Female"
"9004155",371989,2025-06-12 01:40:18,42.5517539978027,-8.9402494430542,"Female"
"9004155",371989,2025-06-12 01:45:20,42.5517120361328,-8.94020366668701,"Female"
"9004155",371989,2025-06-12 01:49:49,42.5518531799316,-8.94015693664551,"Female"
"9004155",371989,2025-06-12 01:54:49,42.5519104003906,-8.9401216506958,"Female"
"9004155",371989,2025-06-12 01:59:49,42.5518684387207,-8.94013786315918,"Female"
"9004155",371989,2025-06-12 02:04:49,42.5518913269043,-8.94011497497559,"Female"
"9004155",371989,2025-06-12 02:09:49,42.5518951416016,-8.94010829925537,"Female"
"9004155",371989,2025-06-12 02:14:49,42.5519332885742,-8.94009208679199,"Female"
"9004155",371989,2025-06-12 02:19:49,42.551929473877,-8.94006633758545,"Female"
"9004155",371989,2025-06-12 02:24:49,42.5518798828125,-8.94012260437012,"Female"
"9004155",371989,2025-06-12 02:29:49,42.5519371032715,-8.94006633758545,"Female"
"9004155",371989,2025-06-12 02:34:49,42.5519409179688,-8.94013023376465,"Female"
"9004155",371989,2025-06-12 02:39:49,42.5519027709961,-8.94008541107178,"Female"
"9004155",371989,2025-06-12 02:44:50,42.5519065856934,-8.94014358520508,"Female"
"9004155",371989,2025-06-12 02:49:50,42.5518493652344,-8.94011688232422,"Female"
"9004155",371989,2025-06-12 02:54:55,42.5518684387207,-8.94016075134277,"Female"
"9004155",371989,2025-06-12 02:59:54,42.551887512207,-8.94015789031982,"Female"
"9004155",371989,2025-06-12 03:05:14,42.5518226623535,-8.94010162353516,"Female"
"9004155",371989,2025-06-12 03:09:49,42.5518035888672,-8.94007778167725,"Female"
"9004155",371989,2025-06-12 03:14:49,42.5518112182617,-8.94013690948486,"Female"
"9004155",371989,2025-06-12 03:19:49,42.5518341064453,-8.94009113311768,"Female"
"9004155",371989,2025-06-12 03:24:49,42.5519523620605,-8.94014835357666,"Female"
"9004155",371989,2025-06-12 03:29:49,42.5518455505371,-8.94011688232422,"Female"
"9004155",371989,2025-06-12 03:34:49,42.5517959594727,-8.94007396697998,"Female"
"9004155",371989,2025-06-12 03:39:50,42.551887512207,-8.94016170501709,"Female"
"9004155",371989,2025-06-12 03:44:52,42.5519256591797,-8.94016265869141,"Female"
"9004155",371989,2025-06-12 03:50:14,42.5518760681152,-8.94013977050781,"Female"
"9004155",371989,2025-06-12 03:54:49,42.5518608093262,-8.94013690948486,"Female"
"9004155",371989,2025-06-12 03:59:49,42.5517578125,-8.94008541107178,"Female"
"9004155",371989,2025-06-12 04:04:49,42.5517616271973,-8.94007396697998,"Female"
"9004155",371989,2025-06-12 04:09:49,42.5517463684082,-8.94007205963135,"Female"
"9004155",371989,2025-06-12 04:14:49,42.5518531799316,-8.94019985198975,"Female"
"9004155",371989,2025-06-12 04:19:49,42.5519218444824,-8.94019412994385,"Female"
"9004155",371989,2025-06-12 04:24:49,42.5518608093262,-8.940110206604,"Female"
"9004155",371989,2025-06-12 04:29:49,42.5519027709961,-8.94011402130127,"Female"
"9004155",371989,2025-06-12 04:34:49,42.5518188476562,-8.94014167785645,"Female"
"9004155",371989,2025-06-12 04:39:49,42.5518188476562,-8.94007778167725,"Female"
"9004155",371989,2025-06-12 04:44:49,42.5517539978027,-8.94000053405762,"Female"
"9004155",371989,2025-06-12 04:50:23,42.5518035888672,-8.94021320343018,"Female"
"9004155",371989,2025-06-12 04:54:49,42.5517616271973,-8.94025325775146,"Female"
"9004155",371989,2025-06-12 04:59:50,42.5518112182617,-8.94029331207275,"Female"
"9004155",371989,2025-06-12 05:04:49,42.5517654418945,-8.94026756286621,"Female"
"9004155",371989,2025-06-12 05:09:49,42.551700592041,-8.94021892547607,"Female"
"9004155",371989,2025-06-12 05:14:49,42.5517044067383,-8.94016933441162,"Female"
"9004155",371989,2025-06-12 05:19:49,42.5517120361328,-8.94028472900391,"Female"
"9004155",371989,2025-06-12 05:24:49,42.5516967773438,-8.94027233123779,"Female"
"9004155",371989,2025-06-12 05:29:49,42.5517425537109,-8.94025039672852,"Female"
"9004155",371989,2025-06-12 05:34:49,42.551685333252,-8.94027137756348,"Female"
"9004155",371989,2025-06-12 05:39:49,42.5517807006836,-8.94023418426514,"Female"
"9004155",371989,2025-06-12 05:44:49,42.5517959594727,-8.94022369384766,"Female"
"9004155",371989,2025-06-12 05:49:49,42.5517158508301,-8.94014453887939,"Female"
"9004155",371989,2025-06-12 05:54:49,42.5516929626465,-8.94016075134277,"Female"
"9004155",371989,2025-06-12 05:59:53,42.5517845153809,-8.94018840789795,"Female"
"9004155",371989,2025-06-12 06:04:51,42.551628112793,-8.94031047821045,"Female"
"9004155",371989,2025-06-12 06:10:00,42.5517921447754,-8.94027996063232,"Female"
"9004155",371989,2025-06-12 06:14:52,42.552303314209,-8.9398021697998,"Female"
"9004155",371989,2025-06-12 06:20:00,42.5517349243164,-8.94024658203125,"Female"
"9004155",371989,2025-06-12 06:25:00,42.5517959594727,-8.94021606445312,"Female"
"9004155",371989,2025-06-12 06:30:00,42.5517921447754,-8.94025135040283,"Female"
"9004155",371989,2025-06-12 06:34:52,42.5514144897461,-8.94042015075684,"Female"
"9004155",371989,2025-06-12 06:39:54,42.5517539978027,-8.9401741027832,"Female"
"9004155",371989,2025-06-12 06:44:55,42.5517616271973,-8.94020366668701,"Female"
"9004155",371989,2025-06-12 06:49:49,42.5519409179688,-8.94011878967285,"Female"
"9004155",371989,2025-06-12 06:54:51,42.5519676208496,-8.94013404846191,"Female"
"9004155",371989,2025-06-12 06:59:58,42.5517692565918,-8.94010829925537,"Female"
"9004155",371989,2025-06-12 07:04:58,42.5517234802246,-8.94012355804443,"Female"
"9004155",371989,2025-06-12 07:10:02,42.5517311096191,-8.94012069702148,"Female"
"9004155",371989,2025-06-12 07:15:14,42.5518455505371,-8.94036960601807,"Female"
"9004155",371989,2025-06-12 07:19:52,42.5517501831055,-8.94026279449463,"Female"
"9004155",371989,2025-06-12 07:25:23,42.5517578125,-8.94013500213623,"Female"
"9004155",371989,2025-06-12 07:29:49,42.5518035888672,-8.94010257720947,"Female"
"9004155",371989,2025-06-12 07:34:49,42.5517349243164,-8.9401388168335,"Female"
"9004155",371989,2025-06-12 07:39:49,42.5517616271973,-8.9401798248291,"Female"
"9004155",371989,2025-06-12 07:44:49,42.5517654418945,-8.94011878967285,"Female"
"9004155",371989,2025-06-12 07:49:49,42.5517196655273,-8.94016170501709,"Female"
"9004155",371989,2025-06-12 07:54:49,42.5517349243164,-8.9401159286499,"Female"
"9004155",371989,2025-06-12 07:59:49,42.5517387390137,-8.94010066986084,"Female"
"9004155",371989,2025-06-12 08:04:50,42.5517044067383,-8.94015884399414,"Female"
"9004155",371989,2025-06-12 08:09:49,42.5517387390137,-8.94011878967285,"Female"
"9004155",371989,2025-06-12 08:14:51,42.5517578125,-8.94057559967041,"Female"
"9004155",371989,2025-06-12 08:19:50,42.5516967773438,-8.94009399414062,"Female"
"9004155",371989,2025-06-12 08:24:54,42.5527725219727,-8.93875026702881,"Female"
"9004155",371989,2025-06-12 08:29:49,42.5534515380859,-8.93692016601562,"Female"
"9004155",371989,2025-06-12 08:34:49,42.5610809326172,-8.90348815917969,"Female"
"9004155",371989,2025-06-12 08:39:49,42.5610961914062,-8.90349864959717,"Female"
"9004155",371989,2025-06-12 08:44:50,42.560977935791,-8.90338325500488,"Female"
"9004155",371989,2025-06-12 08:49:49,42.5657196044922,-8.89466762542725,"Female"
"9004155",371989,2025-06-12 08:54:49,42.5785446166992,-8.86473369598389,"Female"
"9004155",371989,2025-06-12 08:59:49,42.5784149169922,-8.86466503143311,"Female"
"9004155",371989,2025-06-12 09:04:49,42.5815811157227,-8.85654354095459,"Female"
"9004155",371989,2025-06-12 09:09:51,42.5917091369629,-8.83725070953369,"Female"
"9004155",371989,2025-06-12 09:15:18,42.6018333435059,-8.81734180450439,"Female"
"9004155",371989,2025-06-12 09:20:10,42.6019744873047,-8.81752300262451,"Female"
"9004155",371989,2025-06-12 09:25:27,42.6018562316895,-8.81738948822021,"Female"
"9004155",371989,2025-06-12 09:30:22,42.6025772094727,-8.81847095489502,"Female"
"9004155",371989,2025-06-12 09:35:28,42.6026382446289,-8.81837749481201,"Female"
"9004155",371989,2025-06-12 09:40:20,42.6026153564453,-8.81833171844482,"Female"
"9004155",371989,2025-06-12 09:45:27,42.6026992797852,-8.81840419769287,"Female"
"9004155",371989,2025-06-12 09:50:22,42.602725982666,-8.81852626800537,"Female"
"9004155",371989,2025-06-12 09:55:20,42.602668762207,-8.81837463378906,"Female"
"9004155",371989,2025-06-12 10:00:20,42.6026802062988,-8.81835460662842,"Female"
"9004155",371989,2025-06-12 10:05:28,42.6026916503906,-8.81832981109619,"Female"
"9004155",371989,2025-06-12 10:10:29,42.6026649475098,-8.81836605072021,"Female"
"9004155",371989,2025-06-12 10:15:28,42.6026611328125,-8.81836223602295,"Female"
"9004155",371989,2025-06-12 10:20:28,42.6026458740234,-8.81832599639893,"Female"
"9004155",371989,2025-06-12 10:25:28,42.6026420593262,-8.81829261779785,"Female"
"9004155",371989,2025-06-12 10:30:28,42.6026496887207,-8.81833362579346,"Female"
"9004155",371989,2025-06-12 10:35:28,42.6026458740234,-8.818359375,"Female"
"9004155",371989,2025-06-12 10:41:02,42.6041145324707,-8.8136625289917,"Female"
"9004155",371989,2025-06-12 10:45:21,42.6044273376465,-8.8135986328125,"Female"
"9004155",371989,2025-06-12 10:50:51,42.6049499511719,-8.81324195861816,"Female"
"9004155",371989,2025-06-12 10:56:13,42.6049690246582,-8.81342506408691,"Female"
"9004155",371989,2025-06-12 11:01:41,42.6049613952637,-8.81370162963867,"Female"
"9004155",371989,2025-06-12 11:06:20,42.6046981811523,-8.81364917755127,"Female"
"9004155",371989,2025-06-12 11:11:20,42.605094909668,-8.81392478942871,"Female"
"9004155",371989,2025-06-12 11:16:20,42.6050682067871,-8.81433391571045,"Female"
"9004155",371989,2025-06-12 11:21:19,42.6050224304199,-8.81427669525146,"Female"
"9004155",371989,2025-06-12 11:26:20,42.6050071716309,-8.81471061706543,"Female"
"9004155",371989,2025-06-12 11:31:19,42.6050491333008,-8.81462860107422,"Female"
"9004155",371989,2025-06-12 11:36:22,42.6050186157227,-8.81458950042725,"Female"
"9004155",371989,2025-06-12 11:41:44,42.6049385070801,-8.81463813781738,"Female"
"9004155",371989,2025-06-12 11:46:22,42.6049461364746,-8.81459045410156,"Female"
"9004155",371989,2025-06-12 11:51:22,42.6048774719238,-8.81446838378906,"Female"
"9004155",371989,2025-06-12 11:56:52,42.6049156188965,-8.8145809173584,"Female"
"9004155",371989,2025-06-12 12:01:19,42.6049385070801,-8.81472682952881,"Female"
"9004155",371989,2025-06-12 12:06:19,42.6049575805664,-8.81461620330811,"Female"
"9004155",371989,2025-06-12 12:11:19,42.604907989502,-8.81462097167969,"Female"
"9004155",371989,2025-06-12 12:16:19,42.6049423217773,-8.81459903717041,"Female"
"9004155",371989,2025-06-12 12:21:19,42.6049308776855,-8.81460571289062,"Female"
"9004155",371989,2025-06-12 12:26:19,42.604907989502,-8.81457138061523,"Female"
"9004155",371989,2025-06-12 12:31:19,42.6049346923828,-8.81455230712891,"Female"
"9004155",371989,2025-06-12 12:36:19,42.6049041748047,-8.8146276473999,"Female"
"9004155",371989,2025-06-12 12:41:19,42.6048698425293,-8.81457138061523,"Female"
"9004155",371989,2025-06-12 12:46:19,42.6048812866211,-8.8145809173584,"Female"
"9004155",371989,2025-06-12 12:51:19,42.6048431396484,-8.81454944610596,"Female"
"9004155",371989,2025-06-12 12:56:19,42.6048851013184,-8.81457710266113,"Female"
"9004155",371989,2025-06-12 13:01:19,42.6048431396484,-8.81461620330811,"Female"
"9004155",371989,2025-06-12 13:06:20,42.6049194335938,-8.81458759307861,"Female"
"9004155",371989,2025-06-12 13:11:19,42.6049041748047,-8.8146276473999,"Female"
"9004155",371989,2025-06-12 13:16:21,42.6048927307129,-8.814621925354,"Female"
"9004155",371989,2025-06-12 13:21:20,42.6047821044922,-8.81455039978027,"Female"
"9004155",371989,2025-06-12 13:27:34,42.6056594848633,-8.81418800354004,"Female"
"9004155",371989,2025-06-12 13:33:09,42.6058883666992,-8.81422901153564,"Female"
"9004155",371989,2025-06-12 13:38:15,42.605884552002,-8.81446266174316,"Female"
"9004155",371989,2025-06-12 13:43:41,42.6057968139648,-8.81414604187012,"Female"
"9004155",371989,2025-06-12 13:48:40,42.6056289672852,-8.81411743164062,"Female"
"9004155",371989,2025-06-12 13:53:37,42.6058692932129,-8.81406497955322,"Female"
"9004155",371989,2025-06-12 13:58:56,42.6057319641113,-8.81388854980469,"Female"
"9004155",371989,2025-06-12 14:03:52,42.6058235168457,-8.81385898590088,"Female"
"9004155",371989,2025-06-12 14:09:29,42.6059684753418,-8.81389427185059,"Female"
"9004155",371989,2025-06-12 14:13:39,42.6058654785156,-8.81407451629639,"Female"
"9004155",371989,2025-06-12 14:18:41,42.6058769226074,-8.8139705657959,"Female"
"9004155",371989,2025-06-12 14:23:37,42.6058616638184,-8.81395721435547,"Female"
"9004155",371989,2025-06-12 14:28:38,42.606071472168,-8.81370162963867,"Female"
"9004155",371989,2025-06-12 14:33:37,42.605884552002,-8.81368541717529,"Female"
"9004155",371989,2025-06-12 14:38:36,42.6058502197266,-8.81376171112061,"Female"
"9004155",371989,2025-06-12 14:43:36,42.6059684753418,-8.81394004821777,"Female"
"9004155",371989,2025-06-12 14:48:42,42.6059608459473,-8.81397914886475,"Female"
"9004155",371989,2025-06-12 14:53:37,42.6059722900391,-8.81392097473145,"Female"
"9004155",371989,2025-06-12 14:58:36,42.6060256958008,-8.81396007537842,"Female"
"9004155",371989,2025-06-12 15:03:36,42.6059494018555,-8.81386852264404,"Female"
"9004155",371989,2025-06-12 15:08:37,42.6059455871582,-8.81396865844727,"Female"
"9004155",371989,2025-06-12 15:13:41,42.606014251709,-8.81396770477295,"Female"
"9004155",371989,2025-06-12 15:19:05,42.60595703125,-8.813889503479,"Female"
"9004155",371989,2025-06-12 15:23:38,42.6059646606445,-8.81390285491943,"Female"
"9004155",371989,2025-06-12 15:28:36,42.6059379577637,-8.81386566162109,"Female"
"9004155",371989,2025-06-12 15:34:23,42.605770111084,-8.81423854827881,"Female"
"9004155",371989,2025-06-12 15:40:39,42.6049385070801,-8.81463050842285,"Female"
"9004155",371989,2025-06-12 15:46:39,42.6039695739746,-8.81535720825195,"Female"
"9004155",371989,2025-06-12 15:52:19,42.6030464172363,-8.81584548950195,"Female"
"9004155",371989,2025-06-12 15:58:15,42.6027183532715,-8.81544876098633,"Female"
"9004155",371989,2025-06-12 16:03:44,42.6027946472168,-8.8154935836792,"Female"
"9004155",371989,2025-06-12 16:08:14,42.602668762207,-8.81548500061035,"Female"
"9004155",371989,2025-06-12 16:13:15,42.6026916503906,-8.81545734405518,"Female"
"9004155",371989,2025-06-12 16:18:15,42.6026954650879,-8.81561851501465,"Female"
"9004155",371989,2025-06-12 16:23:15,42.6027183532715,-8.81570625305176,"Female"
"9004155",371989,2025-06-12 16:28:18,42.6027030944824,-8.81576633453369,"Female"
"9004155",371989,2025-06-12 16:33:17,42.6027183532715,-8.81577396392822,"Female"
"9004155",371989,2025-06-12 16:38:14,42.6027030944824,-8.81580066680908,"Female"
"9004155",371989,2025-06-12 16:43:14,42.6027526855469,-8.81581687927246,"Female"
"9004155",371989,2025-06-12 16:48:35,42.6026802062988,-8.81584930419922,"Female"
"9004155",371989,2025-06-12 16:53:14,42.6027679443359,-8.81576633453369,"Female"
"9004155",371989,2025-06-12 16:58:14,42.6027145385742,-8.81589603424072,"Female"
"9004155",371989,2025-06-12 17:03:14,42.6027526855469,-8.81591796875,"Female"
"9004155",371989,2025-06-12 17:08:14,42.602725982666,-8.81598949432373,"Female"
"9004155",371989,2025-06-12 17:13:14,42.6027183532715,-8.8159818649292,"Female"
"9004155",371989,2025-06-12 17:18:14,42.6027641296387,-8.81606101989746,"Female"
"9004155",371989,2025-06-12 17:23:14,42.6027984619141,-8.81605529785156,"Female"
"9004155",371989,2025-06-12 17:28:14,42.6018753051758,-8.82052707672119,"Female"
"9004155",371989,2025-06-12 17:33:14,42.6012420654297,-8.82926464080811,"Female"
"9004155",371989,2025-06-12 17:38:14,42.6036376953125,-8.86783218383789,"Female"
"9004155",371989,2025-06-12 17:43:14,42.6021385192871,-8.87658786773682,"Female"
"9004155",371989,2025-06-12 17:48:14,42.6021347045898,-8.87659168243408,"Female"
"9004155",371989,2025-06-12 17:53:14,42.602180480957,-8.87666893005371,"Female"
"9004155",371989,2025-06-12 17:58:14,42.602180480957,-8.87662315368652,"Female"
"9004155",371989,2025-06-12 18:03:14,42.6021270751953,-8.87658882141113,"Female"
"9004155",371989,2025-06-12 18:08:14,42.6022109985352,-8.87667942047119,"Female"
"9004155",371989,2025-06-12 18:13:14,42.602222442627,-8.87665939331055,"Female"
"9004155",371989,2025-06-12 18:18:34,42.6021690368652,-8.8766040802002,"Female"
"9004155",371989,2025-06-12 18:23:14,42.602180480957,-8.87662220001221,"Female"
"9004155",371989,2025-06-12 18:28:14,42.6021347045898,-8.8765983581543,"Female"
"9004155",371989,2025-06-12 18:33:15,42.6022300720215,-8.87666416168213,"Female"
"9004155",371989,2025-06-12 18:38:14,42.602180480957,-8.87662696838379,"Female"
"9004155",371989,2025-06-12 18:43:14,42.6021614074707,-8.87670421600342,"Female"
"9004155",371989,2025-06-12 18:48:14,42.6021881103516,-8.87659072875977,"Female"
"9004155",371989,2025-06-12 18:53:15,42.6021575927734,-8.8766508102417,"Female"
"9004155",371989,2025-06-12 18:58:15,42.6021614074707,-8.8766565322876,"Female"
"9004155",371989,2025-06-12 19:03:23,42.6021766662598,-8.87664604187012,"Female"
"9004155",371989,2025-06-12 19:08:24,42.6022300720215,-8.87672519683838,"Female"
"9004155",371989,2025-06-12 19:13:18,42.6022186279297,-8.87677001953125,"Female"
"9004155",371989,2025-06-12 19:18:35,42.6021423339844,-8.87663173675537,"Female"
"9004155",371989,2025-06-12 19:23:14,42.6022109985352,-8.87670993804932,"Female"
"9004155",371989,2025-06-12 19:28:14,42.5998382568359,-8.87726402282715,"Female"
"9004155",371989,2025-06-12 19:33:14,42.601490020752,-8.87663459777832,"Female"
"9004155",371989,2025-06-12 19:38:14,42.6015510559082,-8.87675094604492,"Female"
"9004155",371989,2025-06-12 19:43:14,42.6014976501465,-8.87682914733887,"Female"
"9004155",371989,2025-06-12 19:48:14,42.6014823913574,-8.8766975402832,"Female"
"9004155",371989,2025-06-12 19:53:14,42.6013832092285,-8.87676334381104,"Female"
"9004155",371989,2025-06-12 19:58:14,42.6015014648438,-8.87674522399902,"Female"
"9004155",371989,2025-06-12 20:03:14,42.6014556884766,-8.87675094604492,"Female"
"9004155",371989,2025-06-12 20:08:14,42.6014671325684,-8.87665843963623,"Female"
"9004155",371989,2025-06-12 20:13:14,42.6012725830078,-8.87681102752686,"Female"
"9004155",371989,2025-06-12 20:18:14,42.6014213562012,-8.87674808502197,"Female"
"9004155",371989,2025-06-12 20:23:14,42.6014404296875,-8.87650012969971,"Female"
"9004155",371989,2025-06-12 20:28:15,42.6014556884766,-8.87668228149414,"Female"
"9004155",371989,2025-06-12 20:33:14,42.6013946533203,-8.87664318084717,"Female"
"9004155",371989,2025-06-12 20:38:14,42.6014175415039,-8.87652397155762,"Female"
"9004155",371989,2025-06-12 20:43:14,42.6014518737793,-8.87666988372803,"Female"
"9004155",371989,2025-06-12 20:48:14,42.6014366149902,-8.87678813934326,"Female"
"9004155",371989,2025-06-12 20:53:35,42.6014747619629,-8.87659740447998,"Female"
"9004155",371989,2025-06-12 20:58:14,42.6014976501465,-8.87659072875977,"Female"
"9004155",371989,2025-06-12 21:03:14,42.6015129089355,-8.87659168243408,"Female"
"9004155",371989,2025-06-12 21:08:14,42.6014709472656,-8.87662029266357,"Female"
"9004155",371989,2025-06-12 21:13:14,42.6014785766602,-8.87660789489746,"Female"
"9004155",371989,2025-06-12 21:18:14,42.6015129089355,-8.87665367126465,"Female"
"9004155",371989,2025-06-12 21:23:14,42.6014938354492,-8.87664794921875,"Female"
"9004155",371989,2025-06-12 21:28:14,42.6015167236328,-8.87661552429199,"Female"
"9004155",371989,2025-06-12 21:33:14,42.6014633178711,-8.87662315368652,"Female"
"9004155",371989,2025-06-12 21:38:15,42.601390838623,-8.8766450881958,"Female"
"9004155",371989,2025-06-12 21:43:14,42.6014518737793,-8.87659358978271,"Female"
"9004155",371989,2025-06-12 21:48:14,42.601619720459,-8.87679004669189,"Female"
"9004155",371989,2025-06-12 21:53:15,42.6014785766602,-8.87664318084717,"Female"
"9004155",371989,2025-06-12 21:58:15,42.6015548706055,-8.87679004669189,"Female"
"9004155",371989,2025-06-12 22:03:30,42.6015014648438,-8.87670993804932,"Female"
"9004155",371989,2025-06-12 22:08:35,42.6014976501465,-8.87667846679688,"Female"
"9004155",371989,2025-06-12 22:13:15,42.6015014648438,-8.87670612335205,"Female"
"9004155",371989,2025-06-12 22:18:14,42.6013145446777,-8.87669944763184,"Female"
"9004155",371989,2025-06-12 22:23:14,42.6014175415039,-8.87669467926025,"Female"
"9004155",371989,2025-06-12 22:28:15,42.6014366149902,-8.87667369842529,"Female"
"9004155",371989,2025-06-12 22:33:14,42.6014785766602,-8.876633644104,"Female"
"9004155",371989,2025-06-12 22:38:14,42.6014518737793,-8.8767204284668,"Female"
"9004155",371989,2025-06-12 22:43:14,42.6015129089355,-8.87667179107666,"Female"
"9004155",371989,2025-06-12 22:48:15,42.6013374328613,-8.87663841247559,"Female"
"9004155",371989,2025-06-12 22:53:14,42.6013679504395,-8.87662982940674,"Female"
"9004155",371989,2025-06-12 22:58:14,42.601390838623,-8.87668037414551,"Female"
"9004155",371989,2025-06-12 23:03:14,42.6014518737793,-8.87663459777832,"Female"
"9004155",371989,2025-06-12 23:08:14,42.6014442443848,-8.8765754699707,"Female"
"9004155",371989,2025-06-12 23:13:14,42.6014556884766,-8.87657070159912,"Female"
"9004155",371989,2025-06-12 23:18:14,42.6015014648438,-8.87657356262207,"Female"
"9004155",371989,2025-06-12 23:23:14,42.6015090942383,-8.87660694122314,"Female"
"9004155",371989,2025-06-12 23:28:14,42.6015548706055,-8.87662601470947,"Female"
"9004155",371989,2025-06-12 23:33:14,42.601448059082,-8.87669658660889,"Female"
"9004155",371989,2025-06-12 23:38:14,42.601432800293,-8.87664604187012,"Female"
"9004155",371989,2025-06-12 23:43:14,42.6014518737793,-8.87661743164062,"Female"
"9004155",371989,2025-06-12 23:48:14,42.6014747619629,-8.87665843963623,"Female"
"9004155",371989,2025-06-12 23:53:14,42.6014709472656,-8.87660312652588,"Female"
"9004155",371989,2025-06-12 23:58:14,42.6014823913574,-8.87662315368652,"Female"
"9004155",371989,2025-06-13 00:03:14,42.6014785766602,-8.87656307220459,"Female"
"9004155",371989,2025-06-13 00:08:14,42.601448059082,-8.87660217285156,"Female"
"9004155",371989,2025-06-13 00:13:14,42.6014137268066,-8.87662506103516,"Female"
"9004155",371989,2025-06-13 00:18:15,42.6014633178711,-8.87663173675537,"Female"
"9004155",371989,2025-06-13 00:23:16,42.6014518737793,-8.87668037414551,"Female"
"9004155",371989,2025-06-13 00:28:35,42.6014785766602,-8.87659645080566,"Female"
"9004155",371989,2025-06-13 00:33:14,42.601432800293,-8.87655639648438,"Female"
"9004155",371989,2025-06-13 00:38:14,42.6014862060547,-8.87655735015869,"Female"
"9004155",371989,2025-06-13 00:43:14,42.601490020752,-8.87651538848877,"Female"
"9004155",371989,2025-06-13 00:48:14,42.601448059082,-8.87661170959473,"Female"
"9004155",371989,2025-06-13 00:53:14,42.601375579834,-8.87651062011719,"Female"
"9004155",371989,2025-06-13 00:58:14,42.6014404296875,-8.87663269042969,"Female"
"9004155",371989,2025-06-13 01:03:15,42.6015968322754,-8.87667369842529,"Female"
"9004155",371989,2025-06-13 01:08:15,42.6016311645508,-8.87668991088867,"Female"
"9004155",371989,2025-06-13 01:13:15,42.6017417907715,-8.87675952911377,"Female"
"9004155",371989,2025-06-13 01:18:16,42.6016235351562,-8.87668800354004,"Female"
"9004155",371989,2025-06-13 01:23:16,42.6015586853027,-8.87666416168213,"Female"
"9004155",371989,2025-06-13 01:28:16,42.6016540527344,-8.87672996520996,"Female"
"9004155",371989,2025-06-13 01:33:15,42.6016082763672,-8.87638664245605,"Female"
"9004155",371989,2025-06-13 01:38:24,42.6015892028809,-8.8765230178833,"Female"
"9004155",371989,2025-06-13 01:43:15,42.6016540527344,-8.87620258331299,"Female"
"9004155",371989,2025-06-13 01:48:24,42.6015739440918,-8.87656211853027,"Female"
"9004155",371989,2025-06-13 01:53:17,42.6015396118164,-8.87674331665039,"Female"
"9004155",371989,2025-06-13 01:58:19,42.6015319824219,-8.87655067443848,"Female"
"9004155",371989,2025-06-13 02:03:15,42.6014785766602,-8.87674999237061,"Female"
"9004155",371989,2025-06-13 02:08:19,42.6015319824219,-8.87658596038818,"Female"
"9004155",371989,2025-06-13 02:13:44,42.6015090942383,-8.87655639648438,"Female"
"9004155",371989,2025-06-13 02:18:14,42.6014862060547,-8.87658214569092,"Female"
"9004155",371989,2025-06-13 02:23:14,42.6015014648438,-8.87658500671387,"Female"
"9004155",371989,2025-06-13 02:28:14,42.6015510559082,-8.87657642364502,"Female"
"9004155",371989,2025-06-13 02:33:14,42.6015319824219,-8.87657356262207,"Female"
"9004155",371989,2025-06-13 02:38:14,42.6016120910645,-8.87660312652588,"Female"
"9004155",371989,2025-06-13 02:43:14,42.6015243530273,-8.87653636932373,"Female"
"9004155",371989,2025-06-13 02:48:26,42.6015014648438,-8.87657070159912,"Female"
"9004155",371989,2025-06-13 02:53:19,42.6015434265137,-8.8766040802002,"Female"
"9004155",371989,2025-06-13 02:58:27,42.6015129089355,-8.87661170959473,"Female"
"9004155",371989,2025-06-13 03:03:27,42.6015510559082,-8.87662315368652,"Female"
"9004155",371989,2025-06-13 03:08:22,42.6015319824219,-8.87662792205811,"Female"
"9004155",371989,2025-06-13 03:13:25,42.6015701293945,-8.87665462493896,"Female"
"9004155",371989,2025-06-13 03:18:23,42.6015510559082,-8.87665176391602,"Female"
"9004155",371989,2025-06-13 03:23:25,42.6015396118164,-8.8766508102417,"Female"
"9004155",371989,2025-06-13 03:28:21,42.6015434265137,-8.87663555145264,"Female"
"9004155",371989,2025-06-13 03:33:26,42.6014823913574,-8.87660884857178,"Female"
"9004155",371989,2025-06-13 03:38:26,42.6013031005859,-8.87643909454346,"Female"
"9004155",371989,2025-06-13 03:43:35,42.601490020752,-8.87659931182861,"Female"
"9004155",371989,2025-06-13 03:48:14,42.6014823913574,-8.87664890289307,"Female"
"9004155",371989,2025-06-13 03:53:14,42.6014633178711,-8.8766622543335,"Female"
"9004155",371989,2025-06-13 03:58:15,42.6013832092285,-8.87650775909424,"Female"
"9004155",371989,2025-06-13 04:03:15,42.6013107299805,-8.87649726867676,"Female"
"9004155",371989,2025-06-13 04:08:15,42.6013565063477,-8.87665748596191,"Female"
"9004155",371989,2025-06-13 04:13:15,42.6013717651367,-8.87651062011719,"Female"
"9004155",371989,2025-06-13 04:18:15,42.6013946533203,-8.87636184692383,"Female"
"9004155",371989,2025-06-13 04:23:14,42.6014099121094,-8.87678146362305,"Female"
"9004155",371989,2025-06-13 04:28:14,42.6013793945312,-8.87675857543945,"Female"
"9004155",371989,2025-06-13 04:33:14,42.6017150878906,-8.87642669677734,"Female"
"9004155",371989,2025-06-13 04:38:43,42.6014862060547,-8.87663459777832,"Female"
"9004155",371989,2025-06-13 04:43:15,42.6015014648438,-8.87658786773682,"Female"
"9004155",371989,2025-06-13 04:48:14,42.6015853881836,-8.87651920318604,"Female"
"9004155",371989,2025-06-13 04:53:14,42.6014976501465,-8.87657451629639,"Female"
"9004155",371989,2025-06-13 04:58:15,42.6014823913574,-8.87681865692139,"Female"
"9004155",371989,2025-06-13 05:03:15,42.6015281677246,-8.8767614364624,"Female"
"9004155",371989,2025-06-13 05:08:14,42.6015510559082,-8.87683296203613,"Female"
"9004155",371989,2025-06-13 05:13:14,42.6015319824219,-8.87697315216064,"Female"
"9004155",371989,2025-06-13 05:18:15,42.6015014648438,-8.87687587738037,"Female"
"9004155",371989,2025-06-13 05:23:19,42.6014785766602,-8.8765754699707,"Female"
"9004155",371989,2025-06-13 05:28:14,42.6015357971191,-8.87682437896729,"Female"
"9004155",371989,2025-06-13 05:33:24,42.601448059082,-8.87661552429199,"Female"
"9004155",371989,2025-06-13 05:38:24,42.6015548706055,-8.87685966491699,"Female"
"9004155",371989,2025-06-13 05:43:24,42.6014175415039,-8.87646389007568,"Female"
"9004155",371989,2025-06-13 05:48:24,42.6014595031738,-8.87666893005371,"Female"
"9004155",371989,2025-06-13 05:53:25,42.6016578674316,-8.8771800994873,"Female"
"9004155",371989,2025-06-13 05:58:35,42.6014785766602,-8.87661266326904,"Female"
"9004155",371989,2025-06-13 06:03:14,42.6015396118164,-8.87665939331055,"Female"
"9004155",371989,2025-06-13 06:08:14,42.6014595031738,-8.8765983581543,"Female"
"9004155",371989,2025-06-13 06:13:14,42.6014823913574,-8.87658786773682,"Female"
"9004155",371989,2025-06-13 06:18:14,42.6014709472656,-8.87663459777832,"Female"
"9004155",371989,2025-06-13 06:23:14,42.6015014648438,-8.87669849395752,"Female"
"9004155",371989,2025-06-13 06:28:14,42.6015205383301,-8.87664127349854,"Female"
"9004155",371989,2025-06-13 06:33:14,42.6015129089355,-8.87665176391602,"Female"
"9004155",371989,2025-06-13 06:38:15,42.6014099121094,-8.87662029266357,"Female"
"9004155",371989,2025-06-13 06:43:17,42.6015586853027,-8.87672901153564,"Female"
"9004155",371989,2025-06-13 06:48:24,42.6014518737793,-8.87664413452148,"Female"
"9004155",371989,2025-06-13 06:53:14,42.6014938354492,-8.87674236297607,"Female"
"9004155",371989,2025-06-13 06:58:19,42.6014175415039,-8.87654685974121,"Female"
"9004155",371989,2025-06-13 07:03:18,42.6012077331543,-8.8763256072998,"Female"
"9004155",371989,2025-06-13 07:08:18,42.6013031005859,-8.87635898590088,"Female"
"9004155",371989,2025-06-13 07:13:17,42.6012916564941,-8.87638378143311,"Female"
"9004155",371989,2025-06-13 07:18:35,42.6014518737793,-8.87655353546143,"Female"
"9004155",371989,2025-06-13 07:23:15,42.6014404296875,-8.87656688690186,"Female"
"9004155",371989,2025-06-13 07:28:14,42.6014556884766,-8.87657737731934,"Female"
"9004155",371989,2025-06-13 07:33:15,42.6013565063477,-8.87655258178711,"Female"
"9004155",371989,2025-06-13 07:38:14,42.6014442443848,-8.87659454345703,"Female"
"9004155",371989,2025-06-13 07:43:14,42.6013641357422,-8.87652969360352,"Female"
"9004155",371989,2025-06-13 07:48:15,42.6014175415039,-8.87645435333252,"Female"
"9004155",371989,2025-06-13 07:53:15,42.6014251708984,-8.87659072875977,"Female"
"9004155",371989,2025-06-13 07:58:14,42.6014022827148,-8.87661170959473,"Female"
"9004155",371989,2025-06-13 08:03:17,42.5984840393066,-8.86763954162598,"Female"
"9004155",371989,2025-06-13 08:08:14,42.598201751709,-8.86202144622803,"Female"
"9004155",371989,2025-06-13 08:13:23,42.6017379760742,-8.85040760040283,"Female"
"9004155",371989,2025-06-13 08:18:20,42.604923248291,-8.84778118133545,"Female"
"9004155",371989,2025-06-13 08:23:46,42.6048965454102,-8.84786319732666,"Female"
"9004155",371989,2025-06-13 08:28:47,42.6047325134277,-8.84798812866211,"Female"
"9004155",371989,2025-06-13 08:33:44,42.6048812866211,-8.84771728515625,"Female"
"9004155",371989,2025-06-13 08:38:48,42.6047286987305,-8.84792709350586,"Female"
"9004155",371989,2025-06-13 08:43:45,42.6048049926758,-8.84773921966553,"Female"
"9004155",371989,2025-06-13 08:48:45,42.604808807373,-8.84770965576172,"Female"
"9004155",371989,2025-06-13 08:54:05,42.6048202514648,-8.84786796569824,"Female"
"9004155",371989,2025-06-13 08:58:44,42.6048049926758,-8.84786128997803,"Female"
"9004155",371989,2025-06-13 09:03:44,42.604793548584,-8.84791851043701,"Female"
"9004155",371989,2025-06-13 09:08:44,42.6047134399414,-8.84784603118896,"Female"
"9004155",371989,2025-06-13 09:13:44,42.6047515869141,-8.84779453277588,"Female"
"9004155",371989,2025-06-13 09:18:44,42.6048049926758,-8.84783267974854,"Female"
"9004155",371989,2025-06-13 09:23:44,42.6047859191895,-8.84786510467529,"Female"
"9004155",371989,2025-06-13 09:28:44,42.6047782897949,-8.84793949127197,"Female"
"9004155",371989,2025-06-13 09:33:44,42.6047668457031,-8.84794235229492,"Female"
"9004155",371989,2025-06-13 09:38:44,42.6047630310059,-8.84766101837158,"Female"
"9004155",371989,2025-06-13 09:43:46,42.6048049926758,-8.84786128997803,"Female"
"9004155",371989,2025-06-13 09:48:44,42.6047744750977,-8.84784317016602,"Female"
"9004155",371989,2025-06-13 09:53:54,42.6073303222656,-8.84516143798828,"Female"
"9004155",371989,2025-06-13 09:58:56,42.6074028015137,-8.84496212005615,"Female"
"9004155",371989,2025-06-13 10:04:14,42.6073379516602,-8.84500598907471,"Female"
"9004155",371989,2025-06-13 10:08:51,42.6072463989258,-8.84511566162109,"Female"
"9004155",371989,2025-06-13 10:13:51,42.6073722839355,-8.84499454498291,"Female"
"9004155",371989,2025-06-13 10:18:51,42.6073265075684,-8.84494304656982,"Female"
"9004155",371989,2025-06-13 10:23:51,42.6073532104492,-8.84498500823975,"Female"
"9004155",371989,2025-06-13 10:28:52,42.6073532104492,-8.84501647949219,"Female"
"9004155",371989,2025-06-13 10:33:51,42.6074142456055,-8.84498310089111,"Female"
"9004155",371989,2025-06-13 10:38:51,42.6086235046387,-8.84275722503662,"Female"
"9004155",371989,2025-06-13 10:43:56,42.6087684631348,-8.84173583984375,"Female"
"9004155",371989,2025-06-13 10:53:52,42.6091232299805,-8.84030246734619,"Female"
"9004155",371989,2025-06-13 10:58:57,42.6099815368652,-8.83992004394531,"Female"
"9004155",371989,2025-06-13 11:06:14,42.6099853515625,-8.84009265899658,"Female"
"9004155",371989,2025-06-13 11:10:56,42.6099433898926,-8.84000492095947,"Female"
"9004155",371989,2025-06-13 11:15:56,42.6102294921875,-8.83967304229736,"Female"
"9004155",371989,2025-06-13 11:20:56,42.6101150512695,-8.83977127075195,"Female"
"9004155",371989,2025-06-13 11:25:56,42.6101684570312,-8.8397045135498,"Female"
"9004155",371989,2025-06-13 11:31:01,42.6101455688477,-8.83977508544922,"Female"
"9004155",371989,2025-06-13 11:36:08,42.610107421875,-8.83953762054443,"Female"
"9004155",371989,2025-06-13 11:40:59,42.6101608276367,-8.83967208862305,"Female"
"9004155",371989,2025-06-13 11:46:14,42.6101341247559,-8.83944320678711,"Female"
"9004155",371989,2025-06-13 11:50:55,42.6102066040039,-8.83954334259033,"Female"
"9004155",371989,2025-06-13 11:55:55,42.6101722717285,-8.83940887451172,"Female"
"9004155",371989,2025-06-13 12:00:56,42.6101837158203,-8.83932399749756,"Female"
"9004155",371989,2025-06-13 12:05:55,42.6101379394531,-8.83937835693359,"Female"
"9004155",371989,2025-06-13 12:10:55,42.6101760864258,-8.83937644958496,"Female"
"9004155",371989,2025-06-13 12:15:55,42.6100463867188,-8.83946132659912,"Female"
"9004155",371989,2025-06-13 12:20:55,42.6101570129395,-8.83944034576416,"Female"
"9004155",371989,2025-06-13 12:25:56,42.6102256774902,-8.83946228027344,"Female"
"9004155",371989,2025-06-13 12:31:15,42.6102523803711,-8.83949184417725,"Female"
"9004155",371989,2025-06-13 12:35:55,42.610179901123,-8.83937072753906,"Female"
"9004155",371989,2025-06-13 12:40:56,42.6102066040039,-8.83930587768555,"Female"
"9004155",371989,2025-06-13 12:45:55,42.6101341247559,-8.83952808380127,"Female"
"9004155",371989,2025-06-13 12:50:56,42.6101951599121,-8.83944511413574,"Female"
"9004155",371989,2025-06-13 12:55:58,42.610179901123,-8.83943367004395,"Female"
"9004155",371989,2025-06-13 13:00:59,42.6100959777832,-8.83938026428223,"Female"
"9004155",371989,2025-06-13 13:05:57,42.6100921630859,-8.83937835693359,"Female"
"9004155",371989,2025-06-13 13:11:03,42.6098823547363,-8.83982276916504,"Female"
"9004155",371989,2025-06-13 13:20:22,42.6115798950195,-8.8398494720459,"Female"
"9004155",371989,2025-06-13 13:28:44,42.6115417480469,-8.84030628204346,"Female"
"9004155",371989,2025-06-13 13:33:35,42.6116371154785,-8.840087890625,"Female"
"9004155",371989,2025-06-13 13:38:35,42.6118698120117,-8.84004974365234,"Female"
"9004155",371989,2025-06-13 13:43:32,42.6121292114258,-8.83955097198486,"Female"
"9004155",371989,2025-06-13 13:49:05,42.6118965148926,-8.83992004394531,"Female"
"9004155",371989,2025-06-13 13:53:32,42.6119003295898,-8.83997058868408,"Female"
"9004155",371989,2025-06-13 13:58:32,42.6119003295898,-8.8399715423584,"Female"
"9004155",371989,2025-06-13 14:03:32,42.6119117736816,-8.83996486663818,"Female"
"9004155",371989,2025-06-13 14:08:32,42.6119499206543,-8.83993721008301,"Female"
"9004155",371989,2025-06-13 14:13:32,42.6119079589844,-8.83989810943604,"Female"
"9004155",371989,2025-06-13 14:18:33,42.6118698120117,-8.83991050720215,"Female"
"9004155",371989,2025-06-13 14:23:32,42.611888885498,-8.83992290496826,"Female"
"9004155",371989,2025-06-13 14:28:32,42.6118850708008,-8.83993244171143,"Female"
"9004155",371989,2025-06-13 14:33:32,42.6119117736816,-8.8399600982666,"Female"
"9004155",371989,2025-06-13 14:38:32,42.6119155883789,-8.83996295928955,"Female"
"9004155",371989,2025-06-13 14:43:32,42.6118392944336,-8.83994102478027,"Female"
"9004155",371989,2025-06-13 14:48:43,42.6118698120117,-8.83992576599121,"Female"
"9004155",371989,2025-06-13 14:53:32,42.6118545532227,-8.83995246887207,"Female"
"9004155",371989,2025-06-13 14:58:32,42.6118774414062,-8.83995532989502,"Female"
"9004155",371989,2025-06-13 15:03:32,42.6118774414062,-8.83996868133545,"Female"
"9004155",371989,2025-06-13 15:08:32,42.6118392944336,-8.83991813659668,"Female"
"9004155",371989,2025-06-13 15:13:32,42.6118545532227,-8.83996486663818,"Female"
"9004155",371989,2025-06-13 15:18:59,42.6119384765625,-8.83990669250488,"Female"
"9004155",371989,2025-06-13 15:24:32,42.6124725341797,-8.83985805511475,"Female"
"9004155",371989,2025-06-13 15:30:29,42.6122894287109,-8.84016132354736,"Female"
"9004155",371989,2025-06-13 15:35:33,42.6118087768555,-8.83996772766113,"Female"
"9004155",371989,2025-06-13 15:40:30,42.6118316650391,-8.84007263183594,"Female"
"9004155",371989,2025-06-13 15:45:29,42.6117858886719,-8.84008312225342,"Female"
"9004155",371989,2025-06-13 15:50:30,42.6117782592773,-8.84008026123047,"Female"
"9004155",371989,2025-06-13 15:55:29,42.6117935180664,-8.84009742736816,"Female"
"9004155",371989,2025-06-13 16:00:30,42.6116790771484,-8.83998966217041,"Female"
"9004155",371989,2025-06-13 16:05:31,42.6115608215332,-8.83987808227539,"Female"
"9004155",371989,2025-06-13 16:10:44,42.6118011474609,-8.84012985229492,"Female"
"9004155",371989,2025-06-13 16:15:36,42.611743927002,-8.84008598327637,"Female"
"9004155",371989,2025-06-13 16:20:30,42.6117744445801,-8.84014225006104,"Female"
"9004155",371989,2025-06-13 16:25:30,42.6117782592773,-8.84016227722168,"Female"
"9004155",371989,2025-06-13 16:30:29,42.6117897033691,-8.84015655517578,"Female"
"9004155",371989,2025-06-13 16:35:38,42.6117248535156,-8.840087890625,"Female"
"9004155",371989,2025-06-13 16:40:38,42.6116485595703,-8.83999156951904,"Female"
"9004155",371989,2025-06-13 16:45:44,42.6118049621582,-8.8400354385376,"Female"
"9004155",371989,2025-06-13 16:50:30,42.6117820739746,-8.83973598480225,"Female"
"9004155",371989,2025-06-13 16:55:32,42.6116485595703,-8.83992767333984,"Female"
"9004155",371989,2025-06-13 17:00:37,42.6115264892578,-8.8398904800415,"Female"
"9004155",371989,2025-06-13 17:05:44,42.6116142272949,-8.84006404876709,"Female"
"9004155",371989,2025-06-13 17:10:29,42.6115951538086,-8.84007358551025,"Female"
"9004155",371989,2025-06-13 17:15:29,42.6116600036621,-8.84012603759766,"Female"
"9004155",371989,2025-06-13 17:20:29,42.6115798950195,-8.840087890625,"Female"
"9004155",371989,2025-06-13 17:25:29,42.6116180419922,-8.8401346206665,"Female"
"9004155",371989,2025-06-13 17:30:44,42.6116638183594,-8.84014225006104,"Female"
"9004155",371989,2025-06-13 17:35:41,42.6116485595703,-8.84014987945557,"Female"
"9004155",371989,2025-06-13 17:40:40,42.6116561889648,-8.84010314941406,"Female"
"9004155",371989,2025-06-13 17:45:34,42.611011505127,-8.84083843231201,"Female"
"9004155",371989,2025-06-13 17:51:48,42.6093406677246,-8.84239673614502,"Female"
"9004155",371989,2025-06-13 17:55:57,42.6092720031738,-8.84240913391113,"Female"
"9004155",371989,2025-06-13 18:00:58,42.6086120605469,-8.84235668182373,"Female"
"9004155",371989,2025-06-13 18:06:00,42.6090812683105,-8.84241008758545,"Female"
"9004155",371989,2025-06-13 18:11:05,42.6094169616699,-8.84237861633301,"Female"
"9004155",371989,2025-06-13 18:15:37,42.6094551086426,-8.84232521057129,"Female"
"9004155",371989,2025-06-13 18:20:32,42.6092987060547,-8.84244251251221,"Female"
"9004155",371989,2025-06-13 18:25:35,42.6091003417969,-8.8425464630127,"Female"
"9004155",371989,2025-06-13 18:30:29,42.6043090820312,-8.86498928070068,"Female"
"9004155",371989,2025-06-13 18:35:29,42.6014595031738,-8.87658500671387,"Female"
"9004155",371989,2025-06-13 18:40:31,42.6012802124023,-8.87668132781982,"Female"
"9004155",371989,2025-06-13 18:45:37,42.6014976501465,-8.87661647796631,"Female"
"9004155",371989,2025-06-13 18:50:39,42.6014251708984,-8.8765926361084,"Female"
"9004155",371989,2025-06-13 18:55:48,42.6012687683105,-8.87655830383301,"Female"
"9004155",371989,2025-06-13 19:00:44,42.6014556884766,-8.87656116485596,"Female"
"9004155",371989,2025-06-13 19:05:29,42.6015472412109,-8.87639617919922,"Female"
"9004155",371989,2025-06-13 19:10:30,42.6014785766602,-8.87646770477295,"Female"
"9004155",371989,2025-06-13 19:15:31,42.6014595031738,-8.87650680541992,"Female"
"9004155",371989,2025-06-13 19:20:29,42.6015205383301,-8.87646865844727,"Female"
"9004155",371989,2025-06-13 19:25:32,42.6010284423828,-8.87681484222412,"Female"
"9004155",371989,2025-06-13 19:30:29,42.6014823913574,-8.87651062011719,"Female"
"9004155",371989,2025-06-13 19:35:29,42.6014213562012,-8.87632369995117,"Female"
"9004155",371989,2025-06-13 19:40:32,42.601490020752,-8.87637615203857,"Female"
"9004155",371989,2025-06-13 19:45:44,42.601432800293,-8.87662982940674,"Female"
"9004155",371989,2025-06-13 19:50:29,42.6014366149902,-8.87649536132812,"Female"
"9004155",371989,2025-06-13 19:55:30,42.6013641357422,-8.87632179260254,"Female"
"9004155",371989,2025-06-13 20:00:38,42.6015129089355,-8.87666606903076,"Female"
"9004155",371989,2025-06-13 20:05:30,42.6015930175781,-8.87679290771484,"Female"
"9004155",371989,2025-06-13 20:10:32,42.6016464233398,-8.87684631347656,"Female"
"9004155",371989,2025-06-13 20:15:32,42.6016616821289,-8.87666511535645,"Female"
"9004155",371989,2025-06-13 20:20:32,42.6017074584961,-8.87678241729736,"Female"
"9004155",371989,2025-06-13 20:25:29,42.6015853881836,-8.87670516967773,"Female"
"9004155",371989,2025-06-13 20:30:44,42.6013221740723,-8.87760448455811,"Female"
"9004155",371989,2025-06-13 20:35:38,42.6013069152832,-8.87782001495361,"Female"
"9004155",371989,2025-06-13 20:40:38,42.6015014648438,-8.87710857391357,"Female"
"9004155",371989,2025-06-13 20:45:37,42.6014785766602,-8.8770809173584,"Female"
"9004155",371989,2025-06-13 20:50:38,42.6014747619629,-8.87700653076172,"Female"
"9004155",371989,2025-06-13 20:55:48,42.6014633178711,-8.87644290924072,"Female"
"9004155",371989,2025-06-13 21:00:38,42.6015548706055,-8.87699317932129,"Female"
"9004155",371989,2025-06-13 21:05:29,42.6015357971191,-8.87684059143066,"Female"
"9004155",371989,2025-06-13 21:10:29,42.6014976501465,-8.87704563140869,"Female"
"9004155",371989,2025-06-13 21:15:44,42.6017990112305,-8.87575626373291,"Female"
"9004155",371989,2025-06-13 21:20:44,42.6015396118164,-8.87679672241211,"Female"
"9004155",371989,2025-06-13 21:25:30,42.6015167236328,-8.87680435180664,"Female"
"9004155",371989,2025-06-13 21:30:35,42.6015663146973,-8.8767032623291,"Female"
"9004155",371989,2025-06-13 21:35:29,42.6015586853027,-8.87687492370605,"Female"
"9004155",371989,2025-06-13 21:40:36,42.6014976501465,-8.87671089172363,"Female"
"9004155",371989,2025-06-13 21:46:05,42.6014518737793,-8.87662315368652,"Female"
"9004155",371989,2025-06-13 21:50:29,42.6014060974121,-8.87661075592041,"Female"
"9004155",371989,2025-06-13 21:55:29,42.6014938354492,-8.87666606903076,"Female"
"9004155",371989,2025-06-13 22:00:29,42.601375579834,-8.8765869140625,"Female"
"9004155",371989,2025-06-13 22:05:29,42.6014289855957,-8.87655735015869,"Female"
"9004155",371989,2025-06-13 22:10:29,42.6014137268066,-8.87659072875977,"Female"
"9004155",371989,2025-06-13 22:15:29,42.6013984680176,-8.87655353546143,"Female"
"9004155",371989,2025-06-13 22:20:29,42.6013984680176,-8.87650871276855,"Female"
"9004155",371989,2025-06-13 22:25:29,42.6013870239258,-8.87658214569092,"Female"
"9004155",371989,2025-06-13 22:30:29,42.601432800293,-8.8765230178833,"Female"
"9004155",371989,2025-06-13 22:35:29,42.6014518737793,-8.87664413452148,"Female"
"9004155",371989,2025-06-13 22:40:31,42.6013832092285,-8.87648391723633,"Female"
"9004155",371989,2025-06-13 22:45:29,42.6015014648438,-8.87668132781982,"Female"
"9004155",371989,2025-06-13 22:50:29,42.6014823913574,-8.87668228149414,"Female"
"9004155",371989,2025-06-13 22:55:29,42.601490020752,-8.87663173675537,"Female"
"9004155",371989,2025-06-13 23:00:30,42.601432800293,-8.87664127349854,"Female"
"9004155",371989,2025-06-13 23:05:30,42.6014213562012,-8.8770809173584,"Female"
"9004155",371989,2025-06-13 23:10:30,42.6015701293945,-8.87644386291504,"Female"
"9004155",371989,2025-06-13 23:15:30,42.6014747619629,-8.87647247314453,"Female"
"9004155",371989,2025-06-13 23:20:30,42.6014404296875,-8.87672233581543,"Female"
"9004155",371989,2025-06-13 23:25:30,42.6014366149902,-8.87673854827881,"Female"
"9004155",371989,2025-06-13 23:30:31,42.6014213562012,-8.87710571289062,"Female"
"9004155",371989,2025-06-13 23:35:30,42.6014938354492,-8.87675857543945,"Female"
"9004155",371989,2025-06-13 23:40:30,42.6014556884766,-8.87667083740234,"Female"
"9004155",371989,2025-06-13 23:45:30,42.6014633178711,-8.87649631500244,"Female"
"9004155",371989,2025-06-13 23:50:31,42.6014785766602,-8.87661075592041,"Female"
"9004155",371989,2025-06-13 23:56:05,42.6014556884766,-8.87660598754883,"Female"
"9004155",371989,2025-06-14 00:00:29,42.6014442443848,-8.87662220001221,"Female"
"9004155",371989,2025-06-14 00:05:29,42.6015205383301,-8.87662887573242,"Female"
"9004155",371989,2025-06-14 00:10:29,42.6014137268066,-8.87661361694336,"Female"
"9004155",371989,2025-06-14 00:15:29,42.6014366149902,-8.87659168243408,"Female"
"9004155",371989,2025-06-14 00:20:29,42.601432800293,-8.87664127349854,"Female"
"9004155",371989,2025-06-14 00:25:29,42.6014099121094,-8.87659168243408,"Female"
"9004155",371989,2025-06-14 00:30:29,42.6014709472656,-8.87660312652588,"Female"
"9004155",371989,2025-06-14 00:35:29,42.6014404296875,-8.87657260894775,"Female"
"9004155",371989,2025-06-14 00:40:29,42.6014518737793,-8.87671279907227,"Female"
"9004155",371989,2025-06-14 00:45:30,42.601490020752,-8.87671947479248,"Female"
"9004155",371989,2025-06-14 00:50:40,42.6016044616699,-8.87656307220459,"Female"
"9004155",371989,2025-06-14 00:55:30,42.6016654968262,-8.8765811920166,"Female"
"9004155",371989,2025-06-14 01:00:29,42.6016311645508,-8.87656497955322,"Female"
"9004155",371989,2025-06-14 01:05:31,42.6020088195801,-8.87655925750732,"Female"
"9004155",371989,2025-06-14 01:10:32,42.6018218994141,-8.8765983581543,"Female"
"9004155",371989,2025-06-14 01:15:32,42.6020088195801,-8.87662982940674,"Female"
"9004155",371989,2025-06-14 01:20:32,42.6017074584961,-8.876708984375,"Female"
"9004155",371989,2025-06-14 01:25:33,42.6020851135254,-8.87681865692139,"Female"
"9004155",371989,2025-06-14 01:30:40,42.6016311645508,-8.87657737731934,"Female"
"9004155",371989,2025-06-14 01:35:31,42.6016960144043,-8.87654876708984,"Female"
"9004155",371989,2025-06-14 01:40:29,42.6017303466797,-8.87662887573242,"Female"
"9004155",371989,2025-06-14 01:45:33,42.6017265319824,-8.87637901306152,"Female"
"9004155",371989,2025-06-14 01:50:32,42.6015357971191,-8.87658309936523,"Female"
"9004155",371989,2025-06-14 01:55:29,42.6016654968262,-8.87667083740234,"Female"
"9004155",371989,2025-06-14 02:00:38,42.601734161377,-8.87658786773682,"Female"
"9004155",371989,2025-06-14 02:05:29,42.6018409729004,-8.87656879425049,"Female"
"9004155",371989,2025-06-14 02:10:38,42.6020050048828,-8.8767204284668,"Female"
"9004155",371989,2025-06-14 02:15:45,42.6015968322754,-8.87660121917725,"Female"
"9004155",371989,2025-06-14 02:21:05,42.6014556884766,-8.87657356262207,"Female"
"9004155",371989,2025-06-14 02:25:29,42.6013946533203,-8.87651062011719,"Female"
"9004155",371989,2025-06-14 02:30:29,42.6014633178711,-8.87652587890625,"Female"
"9004155",371989,2025-06-14 02:35:29,42.6012840270996,-8.8764476776123,"Female"
"9004155",371989,2025-06-14 02:40:29,42.6013565063477,-8.87646579742432,"Female"
"9004155",371989,2025-06-14 02:45:29,42.6014289855957,-8.87650775909424,"Female"
"9004155",371989,2025-06-14 02:50:29,42.6012382507324,-8.87644577026367,"Female"
"9004155",371989,2025-06-14 02:55:29,42.6013793945312,-8.87653923034668,"Female"
"9004155",371989,2025-06-14 03:00:30,42.6014366149902,-8.87667655944824,"Female"
"9004155",371989,2025-06-14 03:05:30,42.6012687683105,-8.87652111053467,"Female"
"9004155",371989,2025-06-14 03:10:30,42.6012725830078,-8.87639999389648,"Female"
"9004155",371989,2025-06-14 03:15:43,42.6014633178711,-8.87664031982422,"Female"
"9004155",371989,2025-06-14 03:20:29,42.6014709472656,-8.87666511535645,"Female"
"9004155",371989,2025-06-14 03:25:29,42.601505279541,-8.8766040802002,"Female"
"9004155",371989,2025-06-14 03:30:30,42.6014823913574,-8.8766508102417,"Female"
"9004155",371989,2025-06-14 03:35:29,42.6014251708984,-8.87657833099365,"Female"
"9004155",371989,2025-06-14 03:40:29,42.6014976501465,-8.87662792205811,"Female"
"9004155",371989,2025-06-14 03:45:44,42.6014671325684,-8.87662029266357,"Female"
"9004155",371989,2025-06-14 03:50:29,42.6014404296875,-8.87664127349854,"Female"
"9004155",371989,2025-06-14 03:55:29,42.601390838623,-8.87659454345703,"Female"
"9004155",371989,2025-06-14 04:00:29,42.6015014648438,-8.87667560577393,"Female"
"9004155",371989,2025-06-14 04:05:29,42.6013832092285,-8.87676048278809,"Female"
"9004155",371989,2025-06-14 04:10:30,42.6015090942383,-8.87671661376953,"Female"
"9004155",371989,2025-06-14 04:15:29,42.6014251708984,-8.87683963775635,"Female"
"9004155",371989,2025-06-14 04:20:46,42.6015586853027,-8.87659454345703,"Female"
"9004155",371989,2025-06-14 04:25:51,42.6015396118164,-8.87658882141113,"Female"
"9004155",371989,2025-06-14 04:30:44,42.6015586853027,-8.87659072875977,"Female"
"9004155",371989,2025-06-14 04:36:03,42.6014938354492,-8.8765754699707,"Female"
"9004155",371989,2025-06-14 04:40:29,42.6013259887695,-8.87672328948975,"Female"
"9004155",371989,2025-06-14 04:45:30,42.6014556884766,-8.87659740447998,"Female"
"9004155",371989,2025-06-14 04:50:29,42.601375579834,-8.87664890289307,"Female"
"9004155",371989,2025-06-14 04:55:30,42.6014442443848,-8.87660789489746,"Female"
"9004155",371989,2025-06-14 05:00:30,42.6014137268066,-8.87665557861328,"Female"
"9004155",371989,2025-06-14 05:05:29,42.6012649536133,-8.87680149078369,"Female"
"9004155",371989,2025-06-14 05:10:29,42.6014595031738,-8.87666320800781,"Female"
"9004155",371989,2025-06-14 05:15:30,42.601432800293,-8.87669944763184,"Female"
"9004155",371989,2025-06-14 05:20:30,42.6014251708984,-8.87664031982422,"Female"
"9004155",371989,2025-06-14 05:25:30,42.6014366149902,-8.87666797637939,"Female"
"9004155",371989,2025-06-14 05:30:30,42.6014671325684,-8.87672710418701,"Female"
"9004155",371989,2025-06-14 05:35:30,42.6014251708984,-8.87664127349854,"Female"
"9004155",371989,2025-06-14 05:40:37,42.6014556884766,-8.87664222717285,"Female"
"9004155",371989,2025-06-14 05:45:30,42.6014747619629,-8.87671089172363,"Female"
"9004155",371989,2025-06-14 05:50:30,42.6014747619629,-8.87671184539795,"Female"
"9004155",371989,2025-06-14 05:55:30,42.6014785766602,-8.87669563293457,"Female"
"9004155",371989,2025-06-14 06:00:30,42.6014823913574,-8.87669944763184,"Female"
"9004155",371989,2025-06-14 06:05:30,42.6014556884766,-8.87672138214111,"Female"
"9004155",371989,2025-06-14 06:10:31,42.6014709472656,-8.87665748596191,"Female"
"9004155",371989,2025-06-14 06:15:43,42.6014289855957,-8.87665367126465,"Female"
"9004155",371989,2025-06-14 06:20:30,42.6014633178711,-8.8766450881958,"Female"
"9004155",371989,2025-06-14 06:25:30,42.6013641357422,-8.87652206420898,"Female"
"9004155",371989,2025-06-14 06:30:30,42.601375579834,-8.87664604187012,"Female"
"9004155",371989,2025-06-14 06:35:31,42.6014099121094,-8.87655258178711,"Female"
"9004155",371989,2025-06-14 06:40:31,42.6013679504395,-8.8765287399292,"Female"
"9004155",371989,2025-06-14 06:45:44,42.6016311645508,-8.87692546844482,"Female"
"9004155",371989,2025-06-14 06:50:44,42.6013450622559,-8.87649154663086,"Female"
"9004155",371989,2025-06-14 06:55:31,42.6012725830078,-8.87643432617188,"Female"
"9004155",371989,2025-06-14 07:00:31,42.6015777587891,-8.87705135345459,"Female"
"9004155",371989,2025-06-14 07:05:33,42.6015281677246,-8.87681674957275,"Female"
"9004155",371989,2025-06-14 07:10:33,42.6014404296875,-8.87662506103516,"Female"
"9004155",371989,2025-06-14 07:15:33,42.6014366149902,-8.87660026550293,"Female"
"9004155",371989,2025-06-14 07:20:36,42.601432800293,-8.87649345397949,"Female"
"9004155",371989,2025-06-14 07:25:33,42.6014747619629,-8.87672233581543,"Female"
"9004155",371989,2025-06-14 07:30:37,42.601432800293,-8.87652015686035,"Female"
"9004155",371989,2025-06-14 07:35:41,42.601390838623,-8.87655735015869,"Female"
"9004155",371989,2025-06-14 07:40:47,42.6013679504395,-8.87648868560791,"Female"
"9004155",371989,2025-06-14 07:45:45,42.601490020752,-8.87668037414551,"Female"
"9004155",371989,2025-06-14 07:50:39,42.6014938354492,-8.87663173675537,"Female"
"9004155",371989,2025-06-14 07:55:39,42.601432800293,-8.87638187408447,"Female"
"9004155",371989,2025-06-14 08:00:39,42.6014823913574,-8.87660884857178,"Female"
"9004155",371989,2025-06-14 08:05:39,42.6014976501465,-8.87700653076172,"Female"
"9004155",371989,2025-06-14 08:10:39,42.6014442443848,-8.87656307220459,"Female"
"9004155",371989,2025-06-14 08:15:40,42.6014556884766,-8.87659454345703,"Female"
"9004155",371989,2025-06-14 08:20:30,42.601505279541,-8.87671184539795,"Female"
"9004155",371989,2025-06-14 08:25:31,42.6015129089355,-8.87675666809082,"Female"
"9004155",371989,2025-06-14 08:30:31,42.6015548706055,-8.87659931182861,"Female"
"9004155",371989,2025-06-14 08:35:31,42.6014938354492,-8.87672996520996,"Female"
"9004155",371989,2025-06-14 08:40:38,42.6012878417969,-8.87666034698486,"Female"
"9004155",371989,2025-06-14 08:45:45,42.6015014648438,-8.87667179107666,"Female"
"9004155",371989,2025-06-14 08:50:33,42.6014556884766,-8.87671279907227,"Female"
"9004155",371989,2025-06-14 08:55:30,42.6015167236328,-8.87671852111816,"Female"
"9004155",371989,2025-06-14 09:00:33,42.6016311645508,-8.87662506103516,"Female"
"9004155",371989,2025-06-14 09:05:30,42.6014595031738,-8.87665462493896,"Female"
"9004155",371989,2025-06-14 09:10:33,42.6038589477539,-8.85810470581055,"Female"
"9004155",371989,2025-06-14 09:16:24,42.6124992370605,-8.83983421325684,"Female"
"9004155",371989,2025-06-14 09:22:04,42.6124649047852,-8.84002017974854,"Female"
"9004155",371989,2025-06-14 09:26:55,42.6124305725098,-8.83993625640869,"Female"
"9004155",371989,2025-06-14 09:32:15,42.6123542785645,-8.84001445770264,"Female"
"9004155",371989,2025-06-14 09:36:55,42.6124229431152,-8.83994960784912,"Female"
"9004155",371989,2025-06-14 09:41:58,42.6127662658691,-8.84051322937012,"Female"
"9004155",371989,2025-06-14 09:46:56,42.6123008728027,-8.83977222442627,"Female"
"9004155",371989,2025-06-14 09:51:57,42.6120414733887,-8.83953189849854,"Female"
"9004155",371989,2025-06-14 09:56:59,42.6120872497559,-8.83955574035645,"Female"
"9004155",371989,2025-06-14 10:01:55,42.6121635437012,-8.83961200714111,"Female"
"9004155",371989,2025-06-14 10:06:56,42.6120758056641,-8.83951282501221,"Female"
"9004155",371989,2025-06-14 10:12:01,42.6126861572266,-8.84036827087402,"Female"
"9004155",371989,2025-06-14 10:19:41,42.6122703552246,-8.84000778198242,"Female"
"9004155",371989,2025-06-14 10:24:30,42.6123123168945,-8.83998870849609,"Female"
"9004155",371989,2025-06-14 10:29:36,42.6124229431152,-8.84026908874512,"Female"
"9004155",371989,2025-06-14 10:34:42,42.6123924255371,-8.8401050567627,"Female"
"9004155",371989,2025-06-14 10:39:25,42.6123390197754,-8.84009838104248,"Female"
"9004155",371989,2025-06-14 10:44:25,42.6123695373535,-8.84005260467529,"Female"
"9004155",371989,2025-06-14 10:49:25,42.612434387207,-8.83995056152344,"Female"
"9004155",371989,2025-06-14 10:54:25,42.612361907959,-8.84003353118896,"Female"
"9004155",371989,2025-06-14 10:59:26,42.612361907959,-8.84003067016602,"Female"
"9004155",371989,2025-06-14 11:04:25,42.6124076843262,-8.84000205993652,"Female"
"9004155",371989,2025-06-14 11:09:25,42.6124038696289,-8.84017562866211,"Female"
"9004155",371989,2025-06-14 11:14:27,42.6125030517578,-8.8399829864502,"Female"
"9004155",371989,2025-06-14 11:19:27,42.6124305725098,-8.83995819091797,"Female"
"9004155",371989,2025-06-14 11:24:25,42.6124038696289,-8.83996391296387,"Female"
"9004155",371989,2025-06-14 11:29:25,42.612361907959,-8.83992290496826,"Female"
"9004155",371989,2025-06-14 11:34:45,42.6123657226562,-8.83989715576172,"Female"
"9004155",371989,2025-06-14 11:39:29,42.6120491027832,-8.83957576751709,"Female"
"9004155",371989,2025-06-14 11:44:27,42.6118545532227,-8.83957576751709,"Female"
"9004155",371989,2025-06-14 11:49:29,42.6123046875,-8.83980369567871,"Female"
"9004155",371989,2025-06-14 11:54:29,42.6125030517578,-8.83969306945801,"Female"
"9004155",371989,2025-06-14 11:59:38,42.6127014160156,-8.83942890167236,"Female"
"9004155",371989,2025-06-14 12:04:31,42.6119651794434,-8.83895492553711,"Female"
"9004155",371989,2025-06-14 12:09:28,42.6126403808594,-8.83943843841553,"Female"
"9004155",371989,2025-06-14 12:14:37,42.6127777099609,-8.83954429626465,"Female"
"9004155",371989,2025-06-14 12:19:27,42.6122589111328,-8.83951091766357,"Female"
"9004155",371989,2025-06-14 12:24:37,42.6128692626953,-8.83959007263184,"Female"
"9004155",371989,2025-06-14 12:29:45,42.6128807067871,-8.83954334259033,"Female"
"9004155",371989,2025-06-14 12:34:42,42.6128234863281,-8.83845233917236,"Female"
"9004155",371989,2025-06-14 12:39:29,42.6135444641113,-8.83709526062012,"Female"
"9004155",371989,2025-06-14 12:46:59,42.6129264831543,-8.83677196502686,"Female"
"9004155",371989,2025-06-14 12:52:35,42.6131629943848,-8.83673286437988,"Female"
"9004155",371989,2025-06-14 12:57:38,42.6132049560547,-8.83799934387207,"Female"
"9004155",371989,2025-06-14 13:02:35,42.6132392883301,-8.83802032470703,"Female"
"9004155",371989,2025-06-14 13:07:36,42.6132125854492,-8.83783531188965,"Female"
"9004155",371989,2025-06-14 13:12:35,42.6131782531738,-8.83790493011475,"Female"
"9004155",371989,2025-06-14 13:17:35,42.6132049560547,-8.83794689178467,"Female"
"9004155",371989,2025-06-14 13:22:38,42.6132545471191,-8.83815670013428,"Female"
"9004155",371989,2025-06-14 13:27:35,42.613208770752,-8.83803653717041,"Female"
"9004155",371989,2025-06-14 13:33:05,42.613224029541,-8.83801555633545,"Female"
"9004155",371989,2025-06-14 13:37:39,42.6131477355957,-8.83793163299561,"Female"
"9004155",371989,2025-06-14 13:42:38,42.6131629943848,-8.83810901641846,"Female"
"9004155",371989,2025-06-14 13:48:05,42.6131935119629,-8.83803749084473,"Female"
"9004155",371989,2025-06-14 13:52:35,42.613224029541,-8.83805561065674,"Female"
"9004155",371989,2025-06-14 13:57:35,42.6131820678711,-8.83804702758789,"Female"
"9004155",371989,2025-06-14 14:02:35,42.6132049560547,-8.83796787261963,"Female"
"9004155",371989,2025-06-14 14:07:35,42.6131896972656,-8.8379020690918,"Female"
"9004155",371989,2025-06-14 14:12:35,42.6131820678711,-8.83801651000977,"Female"
"9004155",371989,2025-06-14 14:17:35,42.6131439208984,-8.83808994293213,"Female"
"9004155",371989,2025-06-14 14:22:35,42.6131057739258,-8.83805465698242,"Female"
"9004155",371989,2025-06-14 14:27:35,42.6132011413574,-8.83796882629395,"Female"
"9004155",371989,2025-06-14 14:32:35,42.6131782531738,-8.83800601959229,"Female"
"9004155",371989,2025-06-14 14:37:35,42.6131629943848,-8.83803844451904,"Female"
"9004155",371989,2025-06-14 14:42:35,42.612361907959,-8.83858108520508,"Female"
"9004155",371989,2025-06-14 14:47:46,42.6119194030762,-8.83910465240479,"Female"
"9004155",371989,2025-06-14 14:53:28,42.6118049621582,-8.84035873413086,"Female"
"9004155",371989,2025-06-14 14:58:27,42.611572265625,-8.8404369354248,"Female"
"9004155",371989,2025-06-14 15:03:48,42.6117401123047,-8.84010124206543,"Female"
"9004155",371989,2025-06-14 15:08:42,42.6116561889648,-8.84006786346436,"Female"
"9004155",371989,2025-06-14 15:13:42,42.6116752624512,-8.84013843536377,"Female"
"9004155",371989,2025-06-14 15:18:50,42.6117324829102,-8.84013652801514,"Female"
"9004155",371989,2025-06-14 15:23:49,42.6116676330566,-8.84009075164795,"Female"
"9004155",371989,2025-06-14 15:28:42,42.6116714477539,-8.84007453918457,"Female"
"9004155",371989,2025-06-14 15:33:52,42.6116600036621,-8.84009838104248,"Female"
"9004155",371989,2025-06-14 15:38:44,42.6116104125977,-8.84006595611572,"Female"
"9004155",371989,2025-06-14 15:43:44,42.6116828918457,-8.84013938903809,"Female"
"9004155",371989,2025-06-14 15:48:42,42.6116256713867,-8.84006881713867,"Female"
"9004155",371989,2025-06-14 15:53:42,42.6117134094238,-8.84011268615723,"Female"
"9004155",371989,2025-06-14 15:58:42,42.6116371154785,-8.840163230896,"Female"
"9004155",371989,2025-06-14 16:03:42,42.6115989685059,-8.84014415740967,"Female"
"9004155",371989,2025-06-14 16:09:04,42.6115684509277,-8.84011077880859,"Female"
"9004155",371989,2025-06-14 16:13:42,42.6115684509277,-8.84010696411133,"Female"
"9004155",371989,2025-06-14 16:18:42,42.6116065979004,-8.84013938903809,"Female"
"9004155",371989,2025-06-14 16:23:42,42.6115913391113,-8.8401403427124,"Female"
"9004155",371989,2025-06-14 16:28:42,42.6115951538086,-8.84016513824463,"Female"
"9004155",371989,2025-06-14 16:33:42,42.6115417480469,-8.84016704559326,"Female"
"9004155",371989,2025-06-14 16:38:43,42.6115226745605,-8.84013080596924,"Female"
"9004155",371989,2025-06-14 16:43:43,42.6115226745605,-8.84019374847412,"Female"
"9004155",371989,2025-06-14 16:48:45,42.611457824707,-8.84022617340088,"Female"
"9004155",371989,2025-06-14 16:53:44,42.6116485595703,-8.84040546417236,"Female"
"9004155",371989,2025-06-14 17:00:40,42.6103630065918,-8.83910179138184,"Female"
"9004155",371989,2025-06-14 17:05:53,42.6095695495605,-8.83759021759033,"Female"
"9004155",371989,2025-06-14 17:09:43,42.6090087890625,-8.83780574798584,"Female"
"9004155",371989,2025-06-14 17:15:00,42.6092872619629,-8.8389310836792,"Female"
"9004155",371989,2025-06-14 17:21:09,42.6089477539062,-8.83904075622559,"Female"
"9004155",371989,2025-06-14 17:26:07,42.6080284118652,-8.83918380737305,"Female"
"9004155",371989,2025-06-14 17:31:07,42.6080322265625,-8.83937168121338,"Female"
"9004155",371989,2025-06-14 17:36:07,42.6080207824707,-8.83927154541016,"Female"
"9004155",371989,2025-06-14 17:41:08,42.6080474853516,-8.8393497467041,"Female"
"9004155",371989,2025-06-14 17:46:07,42.6080360412598,-8.83934116363525,"Female"
"9004155",371989,2025-06-14 17:51:07,42.6080436706543,-8.8393383026123,"Female"
"9004155",371989,2025-06-14 17:56:07,42.6080169677734,-8.8393030166626,"Female"
"9004155",371989,2025-06-14 18:01:35,42.6080513000488,-8.83936309814453,"Female"
"9004155",371989,2025-06-14 18:06:08,42.6080741882324,-8.83932018280029,"Female"
"9004155",371989,2025-06-14 18:11:08,42.6015968322754,-8.87675857543945,"Female"
"9004155",371989,2025-06-14 18:16:10,42.6015548706055,-8.87671756744385,"Female"
"9004155",371989,2025-06-14 18:21:17,42.6016082763672,-8.87671947479248,"Female"
"9004155",371989,2025-06-14 18:26:07,42.6015625,-8.87673759460449,"Female"
"9004155",371989,2025-06-14 18:31:16,42.6016540527344,-8.87668514251709,"Female"
"9004155",371989,2025-06-14 18:36:14,42.6016006469727,-8.87675189971924,"Female"
"9004155",371989,2025-06-14 18:41:07,42.6016044616699,-8.87671089172363,"Female"
"9004155",371989,2025-06-14 18:46:07,42.6016082763672,-8.87673091888428,"Female"
"9004155",371989,2025-06-14 18:51:07,42.6015892028809,-8.87674522399902,"Female"
"9004155",371989,2025-06-14 18:56:11,42.6016159057617,-8.87673377990723,"Female"
"9004155",371989,2025-06-14 19:01:10,42.6015357971191,-8.87670135498047,"Female"
"9004155",371989,2025-06-14 19:06:11,42.6017150878906,-8.87674140930176,"Female"
"9004155",371989,2025-06-14 19:11:19,42.6015663146973,-8.87670421600342,"Female"
"9004155",371989,2025-06-14 19:16:07,42.6017036437988,-8.87674331665039,"Female"
"9004155",371989,2025-06-14 19:21:12,42.6016998291016,-8.87672996520996,"Female"
"9004155",371989,2025-06-14 19:26:09,42.6016998291016,-8.87672996520996,"Female"
"9004155",371989,2025-06-14 19:31:16,42.6015739440918,-8.87672138214111,"Female"
"9004155",371989,2025-06-14 19:36:10,42.6014595031738,-8.87665462493896,"Female"
"9004155",371989,2025-06-14 19:41:21,42.601634979248,-8.87662601470947,"Female"
"9004155",371989,2025-06-14 19:46:08,42.6013717651367,-8.87640190124512,"Female"
"9004155",371989,2025-06-14 19:51:19,42.5991821289062,-8.87692642211914,"Female"
"9004155",371989,2025-06-14 19:56:07,42.5986366271973,-8.88272094726562,"Female"
"9004155",371989,2025-06-14 20:01:19,42.5773277282715,-8.91788005828857,"Female"
"9004155",371989,2025-06-14 20:06:10,42.551700592041,-8.9400053024292,"Female"
"9004155",371989,2025-06-14 20:11:20,42.5485610961914,-8.93888473510742,"Female"
"9004155",371989,2025-06-14 20:16:08,42.548095703125,-8.93763637542725,"Female"
"9004155",371989,2025-06-14 20:21:19,42.5485572814941,-8.93893337249756,"Female"
"9004155",371989,2025-06-14 20:26:08,42.5487098693848,-8.93926429748535,"Female"
"9004155",371989,2025-06-14 20:31:19,42.5485649108887,-8.93903923034668,"Female"
"9004155",371989,2025-06-14 20:36:35,42.5485458374023,-8.93882083892822,"Female"
"9004155",371989,2025-06-14 20:41:19,42.5485687255859,-8.93882656097412,"Female"
"9004155",371989,2025-06-14 20:46:20,42.5485534667969,-8.93898010253906,"Female"
"9004155",371989,2025-06-14 20:51:19,42.5485725402832,-8.9389123916626,"Female"
"9004155",371989,2025-06-14 20:56:16,42.5485725402832,-8.93890476226807,"Female"
"9004155",371989,2025-06-14 21:01:12,42.5483245849609,-8.93839168548584,"Female"
"9004155",371989,2025-06-14 21:06:19,42.5485496520996,-8.93880748748779,"Female"
"9004155",371989,2025-06-14 21:11:13,42.5488967895508,-8.93947315216064,"Female"
"9004155",371989,2025-06-14 21:16:32,42.5485763549805,-8.93893909454346,"Female"
"9004155",371989,2025-06-14 21:21:07,42.5486030578613,-8.93888759613037,"Female"
"9004155",371989,2025-06-14 21:26:07,42.5484924316406,-8.93882369995117,"Female"
"9004155",371989,2025-06-14 21:31:09,42.5489082336426,-8.93915843963623,"Female"
"9004155",371989,2025-06-14 21:36:11,42.5489082336426,-8.9391565322876,"Female"
"9004155",371989,2025-06-14 21:41:19,42.5485191345215,-8.9388313293457,"Female"
"9004155",371989,2025-06-14 21:46:08,42.5487785339355,-8.93903064727783,"Female"
"9004155",371989,2025-06-14 21:51:10,42.5484008789062,-8.93870639801025,"Female"
"9004155",371989,2025-06-14 21:56:09,42.5484275817871,-8.93877983093262,"Female"
"9004155",371989,2025-06-14 22:01:35,42.5485992431641,-8.93884181976318,"Female"
"9004155",371989,2025-06-14 22:06:07,42.5486259460449,-8.93885707855225,"Female"
"9004155",371989,2025-06-14 22:11:07,42.5485763549805,-8.93888664245605,"Female"
"9004155",371989,2025-06-14 22:16:07,42.548583984375,-8.93880176544189,"Female"
"9004155",371989,2025-06-14 22:21:08,42.5485763549805,-8.93880462646484,"Female"
"9004155",371989,2025-06-14 22:26:07,42.5485458374023,-8.93889999389648,"Female"
"9004155",371989,2025-06-14 22:31:07,42.548583984375,-8.93886375427246,"Female"
"9004155",371989,2025-06-14 22:36:07,42.5485687255859,-8.93907928466797,"Female"
"9004155",371989,2025-06-14 22:41:07,42.5486221313477,-8.93886375427246,"Female"
"9004155",371989,2025-06-14 22:46:07,42.5485801696777,-8.93888854980469,"Female"
"9004155",371989,2025-06-14 22:51:07,42.5485687255859,-8.93895816802979,"Female"
"9004155",371989,2025-06-14 22:56:07,42.5485000610352,-8.93898391723633,"Female"
"9004155",371989,2025-06-14 23:01:07,42.5485305786133,-8.93897247314453,"Female"
"9004155",371989,2025-06-14 23:06:08,42.5486030578613,-8.93895721435547,"Female"
"9004155",371989,2025-06-14 23:11:07,42.5484657287598,-8.93888092041016,"Female"
"9004155",371989,2025-06-14 23:16:07,42.5485954284668,-8.93886852264404,"Female"
"9004155",371989,2025-06-14 23:21:08,42.5485191345215,-8.93894863128662,"Female"
"9004155",371989,2025-06-14 23:26:07,42.5485763549805,-8.9386568069458,"Female"
"9004155",371989,2025-06-14 23:31:07,42.5484771728516,-8.93885517120361,"Female"
"9004155",371989,2025-06-14 23:36:07,42.5481834411621,-8.9391450881958,"Female"
"9004155",371989,2025-06-14 23:41:07,42.5487785339355,-8.93877029418945,"Female"
"9004155",371989,2025-06-14 23:46:07,42.5485153198242,-8.93888568878174,"Female"
"9004155",371989,2025-06-14 23:51:07,42.5484886169434,-8.93889427185059,"Female"
"9004155",371989,2025-06-14 23:56:07,42.548454284668,-8.9389123916626,"Female"
"9004155",371989,2025-06-15 00:01:07,42.548641204834,-8.9388542175293,"Female"
"9004155",371989,2025-06-15 00:06:07,42.5485000610352,-8.93877792358398,"Female"
"9004155",371989,2025-06-15 00:11:07,42.5485343933105,-8.93887424468994,"Female"
"9004155",371989,2025-06-15 00:16:07,42.5485534667969,-8.93883514404297,"Female"
"9004155",371989,2025-06-15 00:21:07,42.548656463623,-8.93882942199707,"Female"
"9004155",371989,2025-06-15 00:26:07,42.5486030578613,-8.93892955780029,"Female"
"9004155",371989,2025-06-15 00:31:07,42.5486335754395,-8.93894004821777,"Female"
"9004155",371989,2025-06-15 00:36:07,42.548412322998,-8.93884468078613,"Female"
"9004155",371989,2025-06-15 00:41:07,42.5485687255859,-8.93883419036865,"Female"
"9004155",371989,2025-06-15 00:46:07,42.5487022399902,-8.93892860412598,"Female"
"9004155",371989,2025-06-15 00:51:20,42.548656463623,-8.93894958496094,"Female"
"9004155",371989,2025-06-15 00:56:18,42.5486221313477,-8.93894004821777,"Female"
"9004155",371989,2025-06-15 01:01:08,42.5484886169434,-8.93881225585938,"Female"
"9004155",371989,2025-06-15 01:06:14,42.5483207702637,-8.93896007537842,"Female"
"9004155",371989,2025-06-15 01:11:20,42.5481224060059,-8.93878078460693,"Female"
"9004155",371989,2025-06-15 01:16:13,42.5486259460449,-8.93905544281006,"Female"
"9004155",371989,2025-06-15 01:21:21,42.5486793518066,-8.93922233581543,"Female"
"9004155",371989,2025-06-15 01:26:31,42.5485229492188,-8.93893814086914,"Female"
"9004155",371989,2025-06-15 01:31:08,42.5475196838379,-8.93804931640625,"Female"
"9004155",371989,2025-06-15 01:36:08,42.548641204834,-8.93847179412842,"Female"
"9004155",371989,2025-06-15 01:41:11,42.5491905212402,-8.93839645385742,"Female"
"9004155",371989,2025-06-15 01:46:18,42.5486526489258,-8.93878650665283,"Female"
"9004155",371989,2025-06-15 01:51:11,42.5487899780273,-8.93922424316406,"Female"
"9004155",371989,2025-06-15 01:56:33,42.5486106872559,-8.93884563446045,"Female"
"9004155",371989,2025-06-15 02:01:07,42.5486450195312,-8.93886661529541,"Female"
"9004155",371989,2025-06-15 02:06:07,42.5486183166504,-8.9388427734375,"Female"
"9004155",371989,2025-06-15 02:11:07,42.5485572814941,-8.93887233734131,"Female"
"9004155",371989,2025-06-15 02:16:07,42.5485382080078,-8.93891048431396,"Female"
"9004155",371989,2025-06-15 02:21:08,42.5484466552734,-8.93891525268555,"Female"
"9004155",371989,2025-06-15 02:26:07,42.5485877990723,-8.9388313293457,"Female"
"9004155",371989,2025-06-15 02:31:07,42.5485801696777,-8.93883800506592,"Female"
"9004155",371989,2025-06-15 02:36:07,42.5485572814941,-8.93890571594238,"Female"
"9004155",371989,2025-06-15 02:41:07,42.5485343933105,-8.93888092041016,"Female"
"9004155",371989,2025-06-15 02:46:07,42.5486183166504,-8.93881130218506,"Female"
"9004155",371989,2025-06-15 02:51:07,42.5486106872559,-8.93898010253906,"Female"
"9004155",371989,2025-06-15 02:56:07,42.5486068725586,-8.93878841400146,"Female"
"9004155",371989,2025-06-15 03:01:07,42.5486679077148,-8.93892192840576,"Female"
"9004155",371989,2025-06-15 03:06:07,42.5485992431641,-8.93885612487793,"Female"
"9004155",371989,2025-06-15 03:11:07,42.5485496520996,-8.93890762329102,"Female"
"9004155",371989,2025-06-15 03:16:07,42.5486450195312,-8.93889141082764,"Female"
"9004155",371989,2025-06-15 03:21:07,42.5485725402832,-8.93881607055664,"Female"
"9004155",371989,2025-06-15 03:26:07,42.5485382080078,-8.93884181976318,"Female"
"9004155",371989,2025-06-15 03:31:07,42.5485305786133,-8.93893337249756,"Female"
"9004155",371989,2025-06-15 03:36:07,42.5485992431641,-8.93893146514893,"Female"
"9004155",371989,2025-06-15 03:41:07,42.5485801696777,-8.93890380859375,"Female"
"9004155",371989,2025-06-15 03:46:08,42.5485076904297,-8.93887996673584,"Female"
"9004155",371989,2025-06-15 03:51:07,42.5490188598633,-8.93911361694336,"Female"
"9004155",371989,2025-06-15 03:56:07,42.5484199523926,-8.93869113922119,"Female"
"9004155",371989,2025-06-15 04:01:35,42.5486373901367,-8.93883800506592,"Female"
"9004155",371989,2025-06-15 04:06:07,42.5486450195312,-8.93885231018066,"Female"
"9004155",371989,2025-06-15 04:11:07,42.5486030578613,-8.93889427185059,"Female"
"9004155",371989,2025-06-15 04:16:07,42.5487823486328,-8.93875408172607,"Female"
"9004155",371989,2025-06-15 04:21:07,42.5486679077148,-8.9388313293457,"Female"
"9004155",371989,2025-06-15 04:26:07,42.548698425293,-8.93894958496094,"Female"
"9004155",371989,2025-06-15 04:31:08,42.5487480163574,-8.93902206420898,"Female"
"9004155",371989,2025-06-15 04:36:07,42.5486793518066,-8.93889236450195,"Female"
"9004155",371989,2025-06-15 04:41:08,42.5488586425781,-8.93911552429199,"Female"
"9004155",371989,2025-06-15 04:46:07,42.5486373901367,-8.9388542175293,"Female"
"9004155",371989,2025-06-15 04:51:07,42.5486755371094,-8.93888568878174,"Female"
"9004155",371989,2025-06-15 04:56:07,42.5485305786133,-8.93904495239258,"Female"
"9004155",371989,2025-06-15 05:01:07,42.5485458374023,-8.93893909454346,"Female"
"9004155",371989,2025-06-15 05:06:08,42.5510025024414,-8.93963241577148,"Female"
"9004155",371989,2025-06-15 05:11:08,42.5510101318359,-8.93964099884033,"Female"
"9004155",371989,2025-06-15 05:16:08,42.5509414672852,-8.93971538543701,"Female"
"9004155",371989,2025-06-15 05:21:09,42.5510482788086,-8.93989372253418,"Female"
"9004155",371989,2025-06-15 05:26:10,42.5510101318359,-8.93969058990479,"Female"
"9004155",371989,2025-06-15 05:31:12,42.5510177612305,-8.93964290618896,"Female"
"9004155",371989,2025-06-15 05:36:14,42.550952911377,-8.93968296051025,"Female"
"9004155",371989,2025-06-15 05:41:35,42.5509643554688,-8.93969249725342,"Female"
"9004155",371989,2025-06-15 05:46:07,42.5509986877441,-8.93972206115723,"Female"
"9004155",371989,2025-06-15 05:51:08,42.5510597229004,-8.93975925445557,"Female"
"9004155",371989,2025-06-15 05:56:11,42.5509872436523,-8.93989276885986,"Female"
"9004155",371989,2025-06-15 06:01:35,42.5509605407715,-8.93965721130371,"Female"
"9004155",371989,2025-06-15 06:06:07,42.5509643554688,-8.93964958190918,"Female"
"9004155",371989,2025-06-15 06:11:07,42.550952911377,-8.93966102600098,"Female"
"9004155",371989,2025-06-15 06:16:07,42.5509338378906,-8.93966388702393,"Female"
"9004155",371989,2025-06-15 06:21:09,42.5511627197266,-8.93949508666992,"Female"
"9004155",371989,2025-06-15 06:26:19,42.5509300231934,-8.93969440460205,"Female"
"9004155",371989,2025-06-15 06:31:09,42.5509948730469,-8.93965530395508,"Female"
"9004155",371989,2025-06-15 06:36:13,42.5511169433594,-8.939528465271,"Female"
"9004155",371989,2025-06-15 06:41:19,42.5510177612305,-8.93964099884033,"Female"
"9004155",371989,2025-06-15 06:46:13,42.5508918762207,-8.93974113464355,"Female"
"9004155",371989,2025-06-15 06:51:45,42.5509452819824,-8.93964195251465,"Female"
"9004155",371989,2025-06-15 06:56:19,42.5509872436523,-8.93957901000977,"Female"
"9004155",371989,2025-06-15 07:01:55,42.5509071350098,-8.93970966339111,"Female"
"9004155",371989,2025-06-15 07:07:31,42.5509452819824,-8.93976306915283,"Female"
"9004155",371989,2025-06-15 07:12:31,42.5510368347168,-8.93965530395508,"Female"
"9004155",371989,2025-06-15 07:17:31,42.5508308410645,-8.93975067138672,"Female"
"9004155",371989,2025-06-15 07:22:31,42.5509338378906,-8.93975925445557,"Female"
"9004155",371989,2025-06-15 07:27:31,42.5509643554688,-8.93968868255615,"Female"
"9004155",371989,2025-06-15 07:31:25,42.5509338378906,-8.93966674804688,"Female"
"9004155",371989,2025-06-15 07:37:31,42.5509567260742,-8.9396333694458,"Female"
"9004155",371989,2025-06-15 07:41:44,42.5509338378906,-8.93965148925781,"Female"
"9004155",371989,2025-06-15 07:46:45,42.5509567260742,-8.93970203399658,"Female"
"9004155",371989,2025-06-15 07:51:10,42.5508575439453,-8.93958568572998,"Female"
"9004155",371989,2025-06-15 07:56:07,42.55078125,-8.93970203399658,"Female"
"9004155",371989,2025-06-15 08:01:12,42.5508460998535,-8.93970680236816,"Female"
"9004155",371989,2025-06-15 08:06:09,42.5508804321289,-8.93967533111572,"Female"
"9004155",371989,2025-06-15 08:11:09,42.5508689880371,-8.93960571289062,"Female"
"9004155",371989,2025-06-15 08:16:19,42.5539894104004,-8.93725967407227,"Female"
"9004155",371989,2025-06-15 08:21:19,42.5533180236816,-8.93874454498291,"Female"
"9004155",371989,2025-06-15 08:26:20,42.5544586181641,-8.92476940155029,"Female"
"9004155",371989,2025-06-15 08:31:19,42.5566444396973,-8.90804862976074,"Female"
"9004155",371989,2025-06-15 08:36:19,42.562744140625,-8.89588928222656,"Female"
"9004155",371989,2025-06-15 08:41:19,42.5679206848145,-8.89180374145508,"Female"
"9004155",371989,2025-06-15 08:46:19,42.582218170166,-8.87025451660156,"Female"
"9004155",371989,2025-06-15 08:51:19,42.5952110290527,-8.84644412994385,"Female"
"9004155",371989,2025-06-15 08:56:19,42.6095199584961,-8.82463455200195,"Female"
"9004155",371989,2025-06-15 09:02:07,42.6100425720215,-8.82399272918701,"Female"
"9004155",371989,2025-06-15 09:08:19,42.6100730895996,-8.8240213394165,"Female"
"9004155",371989,2025-06-15 09:13:19,42.6106262207031,-8.8235912322998,"Female"
"9004155",371989,2025-06-15 09:18:35,42.6107482910156,-8.82400321960449,"Female"
"9004155",371989,2025-06-15 09:23:07,42.610652923584,-8.82398986816406,"Female"
"9004155",371989,2025-06-15 09:28:07,42.6107025146484,-8.82394313812256,"Female"
"9004155",371989,2025-06-15 09:33:07,42.6106567382812,-8.82385158538818,"Female"
"9004155",371989,2025-06-15 09:38:07,42.6106376647949,-8.82388114929199,"Female"
"9004155",371989,2025-06-15 09:43:08,42.6105346679688,-8.8239107131958,"Female"
"9004155",371989,2025-06-15 09:48:08,42.6105766296387,-8.82369804382324,"Female"
"9004155",371989,2025-06-15 09:53:08,42.6106643676758,-8.82393264770508,"Female"
"9004155",371989,2025-06-15 09:58:09,42.6106567382812,-8.82387638092041,"Female"
"9004155",371989,2025-06-15 10:03:07,42.6107406616211,-8.82415580749512,"Female"
"9004155",371989,2025-06-15 10:08:08,42.6104011535645,-8.82335758209229,"Female"
"9004155",371989,2025-06-15 10:13:08,42.6105690002441,-8.82380867004395,"Female"
"9004155",371989,2025-06-15 10:18:16,42.6107521057129,-8.82404899597168,"Female"
"9004155",371989,2025-06-15 10:23:11,42.6107177734375,-8.82423686981201,"Female"
"9004155",371989,2025-06-15 10:28:09,42.6107025146484,-8.82385635375977,"Female"
"9004155",371989,2025-06-15 10:33:08,42.6103515625,-8.82255840301514,"Female"
"9004155",371989,2025-06-15 10:38:35,42.6107749938965,-8.82407569885254,"Female"
"9004155",371989,2025-06-15 10:43:07,42.6106262207031,-8.82418727874756,"Female"
"9004155",371989,2025-06-15 10:48:08,42.6107559204102,-8.82405376434326,"Female"
"9004155",371989,2025-06-15 10:53:09,42.610725402832,-8.82407760620117,"Female"
"9004155",371989,2025-06-15 10:58:12,42.610668182373,-8.82472324371338,"Female"
"9004155",371989,2025-06-15 11:03:09,42.6106796264648,-8.82479572296143,"Female"
"9004155",371989,2025-06-15 11:08:36,42.6112861633301,-8.82373714447021,"Female"
"9004155",371989,2025-06-15 11:13:26,42.6110038757324,-8.82399272918701,"Female"
"9004155",371989,2025-06-15 11:18:37,42.6119422912598,-8.82352638244629,"Female"
"9004155",371989,2025-06-15 11:23:26,42.6119194030762,-8.82394123077393,"Female"
"9004155",371989,2025-06-15 11:28:37,42.613166809082,-8.82012748718262,"Female"
"9004155",371989,2025-06-15 11:33:27,42.6132583618164,-8.81961154937744,"Female"
"9004155",371989,2025-06-15 11:38:53,42.6154708862305,-8.81725692749023,"Female"
"9004155",371989,2025-06-15 11:44:00,42.6155662536621,-8.81862354278564,"Female"
"9004155",371989,2025-06-15 11:49:02,42.6154518127441,-8.8188304901123,"Female"
"9004155",371989,2025-06-15 11:53:58,42.6151351928711,-8.81835460662842,"Female"
"9004155",371989,2025-06-15 11:58:58,42.6151237487793,-8.81838989257812,"Female"
"9004155",371989,2025-06-15 12:03:59,42.6151847839355,-8.81873607635498,"Female"
"9004155",371989,2025-06-15 12:09:08,42.615348815918,-8.81898307800293,"Female"
"9004155",371989,2025-06-15 12:14:02,42.6153984069824,-8.81881046295166,"Female"
"9004155",371989,2025-06-15 12:19:14,42.6154098510742,-8.81873321533203,"Female"
"9004155",371989,2025-06-15 12:23:56,42.6154365539551,-8.81865501403809,"Female"
"9004155",371989,2025-06-15 12:28:56,42.6154174804688,-8.81859874725342,"Female"
"9004155",371989,2025-06-15 12:33:56,42.6153831481934,-8.81859016418457,"Female"
"9004155",371989,2025-06-15 12:38:56,42.6154136657715,-8.81857109069824,"Female"
"9004155",371989,2025-06-15 12:43:56,42.6153678894043,-8.81870365142822,"Female"
"9004155",371989,2025-06-15 12:49:15,42.6153793334961,-8.8185977935791,"Female"
"9004155",371989,2025-06-15 12:53:56,42.6153945922852,-8.81864643096924,"Female"
"9004155",371989,2025-06-15 12:58:56,42.6154098510742,-8.81859874725342,"Female"
"9004155",371989,2025-06-15 13:03:56,42.6155700683594,-8.81856060028076,"Female"
"9004155",371989,2025-06-15 13:08:56,42.6154289245605,-8.81860065460205,"Female"
"9004155",371989,2025-06-15 13:13:57,42.6155166625977,-8.81843566894531,"Female"
"9004155",371989,2025-06-15 13:18:57,42.6149749755859,-8.81893157958984,"Female"
"9004155",371989,2025-06-15 13:23:56,42.6150665283203,-8.81885528564453,"Female"
"9004155",371989,2025-06-15 13:28:56,42.6151123046875,-8.81881904602051,"Female"
"9004155",371989,2025-06-15 13:34:13,42.6152610778809,-8.81865501403809,"Female"
"9004155",371989,2025-06-15 13:38:57,42.6152763366699,-8.8188009262085,"Female"
"9004155",371989,2025-06-15 13:44:01,42.6151351928711,-8.81872367858887,"Female"
"9004155",371989,2025-06-15 13:48:57,42.6152648925781,-8.81880283355713,"Female"
"9004155",371989,2025-06-15 13:53:58,42.6154556274414,-8.81814384460449,"Female"
"9004155",371989,2025-06-15 13:59:01,42.6154861450195,-8.8172025680542,"Female"
"9004155",371989,2025-06-15 14:04:13,42.6154022216797,-8.81877994537354,"Female"
"9004155",371989,2025-06-15 14:08:59,42.6153373718262,-8.8188648223877,"Female"
"9004155",371989,2025-06-15 14:14:00,42.6152954101562,-8.81874179840088,"Female"
"9004155",371989,2025-06-15 14:19:56,42.6149024963379,-8.81903743743896,"Female"
"9004155",371989,2025-06-15 14:24:40,42.6149063110352,-8.82057571411133,"Female"
"9004155",371989,2025-06-15 14:29:46,42.6151351928711,-8.81835269927979,"Female"
"9004155",371989,2025-06-15 14:35:35,42.6152420043945,-8.81890773773193,"Female"
"9004155",371989,2025-06-15 14:39:39,42.6152610778809,-8.81889247894287,"Female"
"9004155",371989,2025-06-15 14:44:39,42.6152229309082,-8.81890106201172,"Female"
"9004155",371989,2025-06-15 14:49:39,42.6152687072754,-8.81889820098877,"Female"
"9004155",371989,2025-06-15 14:54:42,42.6152572631836,-8.81894207000732,"Female"
"9004155",371989,2025-06-15 14:59:43,42.6152572631836,-8.81891059875488,"Female"
"9004155",371989,2025-06-15 15:04:39,42.6153526306152,-8.81893157958984,"Female"
"9004155",371989,2025-06-15 15:09:40,42.6153335571289,-8.81888961791992,"Female"
"9004155",371989,2025-06-15 15:14:40,42.6153450012207,-8.81897163391113,"Female"
"9004155",371989,2025-06-15 15:19:40,42.6153907775879,-8.81899452209473,"Female"
"9004155",371989,2025-06-15 15:24:40,42.6152496337891,-8.81892108917236,"Female"
"9004155",371989,2025-06-15 15:29:41,42.615177154541,-8.81887054443359,"Female"
"9004155",371989,2025-06-15 15:34:40,42.6153411865234,-8.81896686553955,"Female"
"9004155",371989,2025-06-15 15:39:40,42.6152839660645,-8.81895542144775,"Female"
"9004155",371989,2025-06-15 15:44:42,42.6153144836426,-8.81900310516357,"Female"
"9004155",371989,2025-06-15 15:49:41,42.6152877807617,-8.8189525604248,"Female"
"9004155",371989,2025-06-15 15:54:48,42.6149215698242,-8.81870174407959,"Female"
"9004155",371989,2025-06-15 16:00:05,42.6152572631836,-8.81890487670898,"Female"
"9004155",371989,2025-06-15 16:04:41,42.6152572631836,-8.81890201568604,"Female"
"9004155",371989,2025-06-15 16:09:51,42.6152877807617,-8.81925773620605,"Female"
"9004155",371989,2025-06-15 16:14:51,42.6154823303223,-8.819167137146,"Female"
"9004155",371989,2025-06-15 16:20:08,42.6150054931641,-8.81924629211426,"Female"
"9004155",371989,2025-06-15 16:26:02,42.6152229309082,-8.81943321228027,"Female"
"9004155",371989,2025-06-15 16:31:00,42.6153373718262,-8.82023525238037,"Female"
"9004155",371989,2025-06-15 16:36:00,42.6149940490723,-8.82122135162354,"Female"
"9004155",371989,2025-06-15 16:41:03,42.6147308349609,-8.82362461090088,"Female"
"9004155",371989,2025-06-15 16:46:00,42.6147499084473,-8.82369995117188,"Female"
"9004155",371989,2025-06-15 16:51:00,42.6146049499512,-8.82353115081787,"Female"
"9004155",371989,2025-06-15 16:56:02,42.6149826049805,-8.82421970367432,"Female"
"9004155",371989,2025-06-15 17:01:01,42.6145095825195,-8.82347106933594,"Female"
"9004155",371989,2025-06-15 17:06:01,42.6142234802246,-8.82300662994385,"Female"
"9004155",371989,2025-06-15 17:11:03,42.6144027709961,-8.82332992553711,"Female"
"9004155",371989,2025-06-15 17:16:03,42.6146469116211,-8.82376956939697,"Female"
"9004155",371989,2025-06-15 17:21:00,42.6145133972168,-8.82354164123535,"Female"
"9004155",371989,2025-06-15 17:26:02,42.6143074035645,-8.82315731048584,"Female"
"9004155",371989,2025-06-15 17:31:04,42.6145629882812,-8.82364940643311,"Female"
"9004155",371989,2025-06-15 17:36:02,42.6146125793457,-8.82383441925049,"Female"
"9004155",371989,2025-06-15 17:41:02,42.6144905090332,-8.82359313964844,"Female"
"9004155",371989,2025-06-15 17:46:07,42.6145133972168,-8.82363605499268,"Female"
"9004155",371989,2025-06-15 17:51:00,42.6145782470703,-8.82374668121338,"Female"
"9004155",371989,2025-06-15 17:56:03,42.6146240234375,-8.82389640808105,"Female"
"9004155",371989,2025-06-15 18:01:06,42.6145095825195,-8.82363605499268,"Female"
"9004155",371989,2025-06-15 18:06:01,42.614875793457,-8.82435417175293,"Female"
"9004155",371989,2025-06-15 18:11:09,42.6144905090332,-8.8235912322998,"Female"
"9004155",371989,2025-06-15 18:16:09,42.6144714355469,-8.82353210449219,"Female"
"9004155",371989,2025-06-15 18:21:14,42.6144104003906,-8.82349014282227,"Female"
"9004155",371989,2025-06-15 18:25:59,42.614429473877,-8.82350921630859,"Female"
"9004155",371989,2025-06-15 18:30:59,42.6144676208496,-8.8235502243042,"Female"
"9004155",371989,2025-06-15 18:36:17,42.6144218444824,-8.82393836975098,"Female"
"9004155",371989,2025-06-15 18:41:17,42.6126289367676,-8.83776092529297,"Female"
"9004155",371989,2025-06-15 18:47:23,42.6110534667969,-8.8518180847168,"Female"
"9004155",371989,2025-06-15 18:51:19,42.6038131713867,-8.8615140914917,"Female"
"9004155",371989,2025-06-15 18:56:16,42.600772857666,-8.8586950302124,"Female"
"9004155",371989,2025-06-15 19:01:16,42.6008644104004,-8.85874462127686,"Female"
"9004155",371989,2025-06-15 19:06:35,42.6008262634277,-8.85868263244629,"Female"
"9004155",371989,2025-06-15 19:11:16,42.6008758544922,-8.85874080657959,"Female"
"9004155",371989,2025-06-15 19:16:16,42.6008987426758,-8.85877990722656,"Female"
"9004155",371989,2025-06-15 19:21:16,42.6009101867676,-8.85880374908447,"Female"
"9004155",371989,2025-06-15 19:26:17,42.6009254455566,-8.85880565643311,"Female"
"9004155",371989,2025-06-15 19:31:17,42.6018524169922,-8.87138843536377,"Female"
"9004155",371989,2025-06-15 19:36:25,42.6017684936523,-8.87683963775635,"Female"
"9004155",371989,2025-06-15 19:41:44,42.6014595031738,-8.87668609619141,"Female"
"9004155",371989,2025-06-15 19:46:18,42.6014518737793,-8.87665939331055,"Female"
"9004155",371989,2025-06-15 19:51:16,42.6014289855957,-8.8765983581543,"Female"
"9004155",371989,2025-06-15 19:56:16,42.6014404296875,-8.87668514251709,"Female"
"9004155",371989,2025-06-15 20:01:16,42.6014518737793,-8.87664604187012,"Female"
"9004155",371989,2025-06-15 20:06:16,42.6014251708984,-8.87663745880127,"Female"
"9004155",371989,2025-06-15 20:11:16,42.6014556884766,-8.87663650512695,"Female"
"9004155",371989,2025-06-15 20:16:16,42.6014404296875,-8.87661933898926,"Female"
"9004155",371989,2025-06-15 20:21:16,42.6014709472656,-8.87662982940674,"Female"
"9004155",371989,2025-06-15 20:26:16,42.6014709472656,-8.87663173675537,"Female"
"9004155",371989,2025-06-15 20:31:16,42.6014671325684,-8.87661457061768,"Female"
"9004155",371989,2025-06-15 20:36:16,42.6014366149902,-8.8765869140625,"Female"
"9004155",371989,2025-06-15 20:41:16,42.6014289855957,-8.87664031982422,"Female"
"9004155",371989,2025-06-15 20:46:16,42.6014442443848,-8.87660312652588,"Female"
"9004155",371989,2025-06-15 20:51:16,42.6014633178711,-8.87660121917725,"Female"
"9004155",371989,2025-06-15 20:56:16,42.6014747619629,-8.8765926361084,"Female"
"9004155",371989,2025-06-15 21:01:16,42.6014442443848,-8.87660598754883,"Female"
"9004155",371989,2025-06-15 21:06:18,42.601432800293,-8.87659740447998,"Female"
"9004155",371989,2025-06-15 21:11:17,42.6014404296875,-8.87664031982422,"Female"
"9004155",371989,2025-06-15 21:16:16,42.6014556884766,-8.87660503387451,"Female"
"9004155",371989,2025-06-15 21:21:16,42.6014976501465,-8.87664699554443,"Female"
"9004155",371989,2025-06-15 21:26:18,42.6014747619629,-8.87659454345703,"Female"
"9004155",371989,2025-06-15 21:31:18,42.6014213562012,-8.87653350830078,"Female"
"9004155",371989,2025-06-15 21:36:20,42.6015701293945,-8.87657642364502,"Female"
"9004155",371989,2025-06-15 21:41:17,42.6015434265137,-8.87663650512695,"Female"
"9004155",371989,2025-06-15 21:46:44,42.6015472412109,-8.87657451629639,"Female"
"9004155",371989,2025-06-15 21:51:16,42.6016731262207,-8.87666416168213,"Female"
"9004155",371989,2025-06-15 21:56:16,42.6016693115234,-8.87638092041016,"Female"
"9004155",371989,2025-06-15 22:01:16,42.6014556884766,-8.87661457061768,"Female"
"9004155",371989,2025-06-15 22:06:16,42.601432800293,-8.87673377990723,"Female"
"9004155",371989,2025-06-15 22:11:17,42.6014366149902,-8.87665462493896,"Female"
"9004155",371989,2025-06-15 22:16:16,42.601448059082,-8.87676620483398,"Female"
"9004155",371989,2025-06-15 22:21:17,42.6015205383301,-8.87666797637939,"Female"
"9004155",371989,2025-06-15 22:26:16,42.6014404296875,-8.87679290771484,"Female"
"9004155",371989,2025-06-15 22:31:35,42.6014976501465,-8.87657260894775,"Female"
"9004155",371989,2025-06-15 22:36:17,42.6015663146973,-8.87659454345703,"Female"
"9004155",371989,2025-06-15 22:41:16,42.601490020752,-8.87658309936523,"Female"
"9004155",371989,2025-06-15 22:46:16,42.6014862060547,-8.87663269042969,"Female"
"9004155",371989,2025-06-15 22:51:16,42.601490020752,-8.87653923034668,"Female"
"9004155",371989,2025-06-15 22:56:16,42.6014747619629,-8.8765926361084,"Female"
"9004155",371989,2025-06-15 23:01:16,42.6014976501465,-8.87658309936523,"Female"
"9004155",371989,2025-06-15 23:06:16,42.6014175415039,-8.87661170959473,"Female"
"9004155",371989,2025-06-15 23:11:17,42.6015777587891,-8.87662506103516,"Female"
"9004155",371989,2025-06-15 23:16:16,42.6014595031738,-8.87665462493896,"Female"
"9004155",371989,2025-06-15 23:21:17,42.6015281677246,-8.87657356262207,"Female"
"9004155",371989,2025-06-15 23:26:17,42.6015815734863,-8.87654399871826,"Female"
"9004155",371989,2025-06-15 23:31:17,42.6014747619629,-8.87657070159912,"Female"
"9004155",371989,2025-06-15 23:36:17,42.6014556884766,-8.87662410736084,"Female"
"9004155",371989,2025-06-15 23:41:16,42.6014366149902,-8.87668704986572,"Female"
"9004155",371989,2025-06-15 23:46:16,42.6014862060547,-8.87662220001221,"Female"
"9004155",371989,2025-06-15 23:51:16,42.6014251708984,-8.87660121917725,"Female"
"9004155",371989,2025-06-15 23:56:16,42.6014556884766,-8.87660312652588,"Female"
"9004155",371989,2025-06-16 00:01:19,42.601432800293,-8.87657451629639,"Female"
"9004155",371989,2025-06-16 00:06:18,42.6015205383301,-8.87659740447998,"Female"
"9004155",371989,2025-06-16 00:11:29,42.6015243530273,-8.87661743164062,"Female"
"9004155",371989,2025-06-16 00:16:27,42.6014671325684,-8.87671947479248,"Female"
"9004155",371989,2025-06-16 00:21:19,42.6014976501465,-8.8767032623291,"Female"
"9004155",371989,2025-06-16 00:26:35,42.6015167236328,-8.8765983581543,"Female"
"9004155",371989,2025-06-16 00:31:19,42.6016044616699,-8.87666893005371,"Female"
"9004155",371989,2025-06-16 00:36:42,42.6015243530273,-8.87664031982422,"Female"
"9004155",371989,2025-06-16 00:41:17,42.6014938354492,-8.87666320800781,"Female"
"9004155",371989,2025-06-16 00:46:16,42.6014022827148,-8.8765754699707,"Female"
"9004155",371989,2025-06-16 00:51:16,42.6014213562012,-8.8766393661499,"Female"
"9004155",371989,2025-06-16 00:56:17,42.6014595031738,-8.8766565322876,"Female"
"9004155",371989,2025-06-16 01:01:16,42.6015167236328,-8.87669372558594,"Female"
"9004155",371989,2025-06-16 01:06:17,42.6014862060547,-8.87673568725586,"Female"
"9004155",371989,2025-06-16 01:11:16,42.6014785766602,-8.87675762176514,"Female"
"9004155",371989,2025-06-16 01:16:16,42.6015090942383,-8.8767557144165,"Female"
"9004155",371989,2025-06-16 01:21:16,42.6015281677246,-8.87669467926025,"Female"
"9004155",371989,2025-06-16 01:26:16,42.6014175415039,-8.87686252593994,"Female"
"9004155",371989,2025-06-16 01:31:45,42.6014747619629,-8.87664413452148,"Female"
"9004155",371989,2025-06-16 01:36:17,42.6014137268066,-8.87660694122314,"Female"
"9004155",371989,2025-06-16 01:41:16,42.6014976501465,-8.87665367126465,"Female"
"9004155",371989,2025-06-16 01:46:25,42.6016120910645,-8.87675762176514,"Female"
"9004155",371989,2025-06-16 01:51:16,42.6014404296875,-8.87663841247559,"Female"
"9004155",371989,2025-06-16 01:56:16,42.6014099121094,-8.87670612335205,"Female"
"9004155",371989,2025-06-16 02:01:25,42.6017112731934,-8.87709617614746,"Female"
"9004155",371989,2025-06-16 02:06:19,42.6013526916504,-8.87668895721436,"Female"
"9004155",371989,2025-06-16 02:11:19,42.6013221740723,-8.87697315216064,"Female"
"9004155",371989,2025-06-16 02:16:45,42.601432800293,-8.87657260894775,"Female"
"9004155",371989,2025-06-16 02:21:16,42.6013984680176,-8.87657833099365,"Female"
"9004155",371989,2025-06-16 02:26:16,42.6013832092285,-8.87660598754883,"Female"
"9004155",371989,2025-06-16 02:31:16,42.6014022827148,-8.87656497955322,"Female"
"9004155",371989,2025-06-16 02:36:16,42.6013984680176,-8.87659740447998,"Female"
"9004155",371989,2025-06-16 02:41:17,42.6013641357422,-8.8766450881958,"Female"
"9004155",371989,2025-06-16 02:46:35,42.6014213562012,-8.87668418884277,"Female"
"9004155",371989,2025-06-16 02:51:16,42.6014213562012,-8.87670135498047,"Female"
"9004155",371989,2025-06-16 02:56:16,42.6014595031738,-8.87668132781982,"Female"
"9004155",371989,2025-06-16 03:01:16,42.601490020752,-8.87662315368652,"Female"
"9004155",371989,2025-06-16 03:06:22,42.6014518737793,-8.87671756744385,"Female"
"9004155",371989,2025-06-16 03:11:16,42.6014862060547,-8.87665462493896,"Female"
"9004155",371989,2025-06-16 03:16:16,42.6014976501465,-8.87665271759033,"Female"
"9004155",371989,2025-06-16 03:21:16,42.601490020752,-8.87665748596191,"Female"
"9004155",371989,2025-06-16 03:26:43,42.601448059082,-8.87661170959473,"Female"
"9004155",371989,2025-06-16 03:31:16,42.6015396118164,-8.87671375274658,"Female"
"9004155",371989,2025-06-16 03:36:16,42.6014556884766,-8.87660026550293,"Female"
"9004155",371989,2025-06-16 03:41:16,42.6015586853027,-8.87663078308105,"Female"
"9004155",371989,2025-06-16 03:46:44,42.6014213562012,-8.87666893005371,"Female"
"9004155",371989,2025-06-16 03:51:17,42.601505279541,-8.87664890289307,"Female"
"9004155",371989,2025-06-16 03:56:23,42.6016120910645,-8.87666606903076,"Female"
"9004155",371989,2025-06-16 04:01:29,42.6015892028809,-8.87662506103516,"Female"
"9004155",371989,2025-06-16 04:06:41,42.6016044616699,-8.87666034698486,"Female"
"9004155",371989,2025-06-16 04:11:21,42.6015777587891,-8.87666130065918,"Female"
"9004155",371989,2025-06-16 04:16:18,42.6015396118164,-8.876784324646,"Female"
"9004155",371989,2025-06-16 04:21:23,42.6014823913574,-8.87660217285156,"Female"
"9004155",371989,2025-06-16 04:26:16,42.6013793945312,-8.8766508102417,"Female"
"9004155",371989,2025-06-16 04:31:45,42.6015396118164,-8.876633644104,"Female"
"9004155",371989,2025-06-16 04:36:16,42.6015243530273,-8.87670803070068,"Female"
"9004155",371989,2025-06-16 04:41:18,42.601734161377,-8.87740039825439,"Female"
"9004155",371989,2025-06-16 04:46:22,42.6015014648438,-8.87668991088867,"Female"
"9004155",371989,2025-06-16 04:51:18,42.6016311645508,-8.87699604034424,"Female"
"9004155",371989,2025-06-16 04:56:24,42.6015281677246,-8.87669467926025,"Female"
"9004155",371989,2025-06-16 05:01:21,42.601432800293,-8.87658500671387,"Female"
"9004155",371989,2025-06-16 05:06:21,42.6014785766602,-8.87667179107666,"Female"
"9004155",371989,2025-06-16 05:11:16,42.6014366149902,-8.87655353546143,"Female"
"9004155",371989,2025-06-16 05:16:35,42.601505279541,-8.87664222717285,"Female"
"9004155",371989,2025-06-16 05:21:16,42.6014976501465,-8.87660312652588,"Female"
"9004155",371989,2025-06-16 05:26:20,42.6015701293945,-8.8766508102417,"Female"
"9004155",371989,2025-06-16 05:31:20,42.6015548706055,-8.8766622543335,"Female"
"9004155",371989,2025-06-16 05:36:25,42.6015014648438,-8.87668037414551,"Female"
"9004155",371989,2025-06-16 05:41:21,42.6013984680176,-8.87682342529297,"Female"
"9004155",371989,2025-06-16 05:46:22,42.6014823913574,-8.87664413452148,"Female"
"9004155",371989,2025-06-16 05:51:31,42.6015129089355,-8.87662506103516,"Female"
"9004155",371989,2025-06-16 05:56:22,42.6015357971191,-8.87663650512695,"Female"
"9004155",371989,2025-06-16 06:01:24,42.6015205383301,-8.87660980224609,"Female"
"9004155",371989,2025-06-16 06:06:26,42.6015014648438,-8.87658309936523,"Female"
"9004155",371989,2025-06-16 06:11:53,42.6015014648438,-8.87661170959473,"Female"
"9004155",371989,2025-06-16 06:16:16,42.6015930175781,-8.87649059295654,"Female"
"9004155",371989,2025-06-16 06:21:16,42.6015434265137,-8.87652778625488,"Female"
"9004155",371989,2025-06-16 06:26:17,42.601806640625,-8.87624835968018,"Female"
"9004155",371989,2025-06-16 06:31:17,42.601448059082,-8.87664604187012,"Female"
"9004155",371989,2025-06-16 06:36:22,42.601490020752,-8.87659072875977,"Female"
"9004155",371989,2025-06-16 06:41:16,42.6012916564941,-8.87669849395752,"Female"
"9004155",371989,2025-06-16 06:46:18,42.6015167236328,-8.8765926361084,"Female"
"9004155",371989,2025-06-16 06:51:41,42.6015281677246,-8.87660026550293,"Female"
"9004155",371989,2025-06-16 06:56:16,42.6011390686035,-8.87684059143066,"Female"
"9004155",371989,2025-06-16 07:01:16,42.6014060974121,-8.87669563293457,"Female"
"9004155",371989,2025-06-16 07:06:17,42.6013832092285,-8.87667274475098,"Female"
"9004155",371989,2025-06-16 07:11:19,42.601448059082,-8.87664031982422,"Female"
"9004155",371989,2025-06-16 07:16:19,42.6014213562012,-8.87664413452148,"Female"
"9004155",371989,2025-06-16 07:21:22,42.6014404296875,-8.87664699554443,"Female"
"9004155",371989,2025-06-16 07:26:18,42.6013031005859,-8.87660312652588,"Female"
"9004155",371989,2025-06-16 07:31:21,42.6014595031738,-8.87660884857178,"Female"
"9004155",371989,2025-06-16 07:36:32,42.601505279541,-8.87664031982422,"Female"
"9004155",371989,2025-06-16 07:41:19,42.6013565063477,-8.87660598754883,"Female"
"9004155",371989,2025-06-16 07:46:44,42.6014404296875,-8.87660121917725,"Female"
"9004155",371989,2025-06-16 07:51:18,42.6014518737793,-8.87663173675537,"Female"
"9004155",371989,2025-06-16 07:56:40,42.6014518737793,-8.87656784057617,"Female"
"9004155",371989,2025-06-16 08:01:18,42.6015663146973,-8.87646961212158,"Female"
"9004155",371989,2025-06-16 08:06:16,42.6015319824219,-8.87648105621338,"Female"
"9004155",371989,2025-06-16 08:11:18,42.6015357971191,-8.87652206420898,"Female"
"9004155",371989,2025-06-16 08:16:18,42.6017189025879,-8.87637805938721,"Female"
"9004155",371989,2025-06-16 08:21:18,42.6013984680176,-8.87664413452148,"Female"
"9004155",371989,2025-06-16 08:26:19,42.6014595031738,-8.87661933898926,"Female"
"9004155",371989,2025-06-16 08:31:17,42.6014137268066,-8.87671375274658,"Female"
"9004155",371989,2025-06-16 08:36:17,42.6015968322754,-8.87653636932373,"Female"
"9004155",371989,2025-06-16 08:41:18,42.6010894775391,-8.87734699249268,"Female"
"9004155",371989,2025-06-16 08:46:35,42.6015014648438,-8.87662220001221,"Female"
"9004155",371989,2025-06-16 08:51:16,42.6014862060547,-8.87658786773682,"Female"
"9004155",371989,2025-06-16 08:56:18,42.6014709472656,-8.87662982940674,"Female"
"9004155",371989,2025-06-16 09:01:17,42.6014747619629,-8.87664413452148,"Female"
"9004155",371989,2025-06-16 09:06:16,42.6015396118164,-8.87663555145264,"Female"
"9004155",371989,2025-06-16 09:11:16,42.6014785766602,-8.87674045562744,"Female"
"9004155",371989,2025-06-16 09:16:16,42.6015243530273,-8.87662029266357,"Female"
"9004155",371989,2025-06-16 09:21:16,42.6014709472656,-8.87663269042969,"Female"
"9004155",371989,2025-06-16 09:26:16,42.6014709472656,-8.87663650512695,"Female"
"9004155",371989,2025-06-16 09:31:16,42.6015357971191,-8.8767032623291,"Female"
"9004155",371989,2025-06-16 09:36:19,42.6014213562012,-8.87432956695557,"Female"
"9004155",371989,2025-06-16 09:41:16,42.6069450378418,-8.84976482391357,"Female"
"9004155",371989,2025-06-16 09:46:16,42.6116104125977,-8.83905792236328,"Female"
"9004155",371989,2025-06-16 09:51:30,42.6141929626465,-8.8281717300415,"Female"
"9004155",371989,2025-06-16 09:57:10,42.6143074035645,-8.82825183868408,"Female"
"9004155",371989,2025-06-16 10:02:05,42.613956451416,-8.82851028442383,"Female"
"9004155",371989,2025-06-16 10:06:42,42.613941192627,-8.82844161987305,"Female"
"9004155",371989,2025-06-16 10:11:42,42.6139526367188,-8.82850456237793,"Female"
"9004155",371989,2025-06-16 10:16:42,42.613941192627,-8.82847881317139,"Female"
"9004155",371989,2025-06-16 10:21:41,42.6139335632324,-8.82839298248291,"Female"
"9004155",371989,2025-06-16 10:26:44,42.6139717102051,-8.82849311828613,"Female"
"9004155",371989,2025-06-16 10:31:43,42.613956451416,-8.828537940979,"Female"
"9004155",371989,2025-06-16 10:36:42,42.6138572692871,-8.82815074920654,"Female"
"9004155",371989,2025-06-16 10:41:53,42.6139602661133,-8.82850646972656,"Female"
"9004155",371989,2025-06-16 10:46:55,42.6139678955078,-8.82852745056152,"Female"
"9004155",371989,2025-06-16 10:51:42,42.6140098571777,-8.82846450805664,"Female"
"9004155",371989,2025-06-16 10:56:49,42.6139526367188,-8.82852458953857,"Female"
"9004155",371989,2025-06-16 11:02:05,42.6139602661133,-8.82849311828613,"Female"
"9004155",371989,2025-06-16 11:06:41,42.6139526367188,-8.82842826843262,"Female"
"9004155",371989,2025-06-16 11:11:41,42.613941192627,-8.82850742340088,"Female"
"9004155",371989,2025-06-16 11:16:41,42.6139526367188,-8.82851886749268,"Female"
"9004155",371989,2025-06-16 11:21:41,42.6139602661133,-8.82849311828613,"Female"
"9004155",371989,2025-06-16 11:26:41,42.6140022277832,-8.82851123809814,"Female"
"9004155",371989,2025-06-16 11:31:41,42.6150779724121,-8.81878280639648,"Female"
"9004155",371989,2025-06-16 11:36:43,42.6150703430176,-8.81896877288818,"Female"
"9004155",371989,2025-06-16 11:42:21,42.6150779724121,-8.8183708190918,"Female"
"9004155",371989,2025-06-16 11:47:42,42.6157264709473,-8.81706047058105,"Female"
"9004155",371989,2025-06-16 11:52:52,42.6151313781738,-8.81739902496338,"Female"
"9004155",371989,2025-06-16 11:57:50,42.6144409179688,-8.81795310974121,"Female"
"9004155",371989,2025-06-16 12:02:50,42.6144638061523,-8.81794357299805,"Female"
"9004155",371989,2025-06-16 12:07:50,42.6145324707031,-8.81784152984619,"Female"
"9004155",371989,2025-06-16 12:12:50,42.6145210266113,-8.81789493560791,"Female"
"9004155",371989,2025-06-16 12:17:52,42.6144981384277,-8.81796741485596,"Female"
"9004155",371989,2025-06-16 12:22:51,42.6145095825195,-8.81790065765381,"Female"
"9004155",371989,2025-06-16 12:27:50,42.6144638061523,-8.81790161132812,"Female"
"9004155",371989,2025-06-16 12:32:50,42.6145133972168,-8.81789684295654,"Female"
"9004155",371989,2025-06-16 12:37:50,42.6145629882812,-8.81788635253906,"Female"
"9004155",371989,2025-06-16 12:42:50,42.6145820617676,-8.81784915924072,"Female"
"9004155",371989,2025-06-16 12:47:50,42.6145820617676,-8.81775665283203,"Female"
"9004155",371989,2025-06-16 12:52:54,42.6146240234375,-8.817702293396,"Female"
"9004155",371989,2025-06-16 12:57:50,42.6146011352539,-8.81756591796875,"Female"
"9004155",371989,2025-06-16 13:02:50,42.6145362854004,-8.81752777099609,"Female"
"9004155",371989,2025-06-16 13:07:50,42.614574432373,-8.81750965118408,"Female"
"9004155",371989,2025-06-16 13:12:50,42.6144371032715,-8.81746006011963,"Female"
"9004155",371989,2025-06-16 13:17:51,42.614616394043,-8.81738948822021,"Female"
"9004155",371989,2025-06-16 13:22:51,42.6146812438965,-8.81735229492188,"Female"
"9004155",371989,2025-06-16 13:27:53,42.6147117614746,-8.81732368469238,"Female"
"9004155",371989,2025-06-16 13:33:14,42.6147193908691,-8.81732368469238,"Female"
"9004155",371989,2025-06-16 13:37:51,42.6146087646484,-8.81730365753174,"Female"
"9004155",371989,2025-06-16 13:42:50,42.6146049499512,-8.81726837158203,"Female"
"9004155",371989,2025-06-16 13:47:50,42.6146850585938,-8.81721973419189,"Female"
"9004155",371989,2025-06-16 13:52:50,42.6146430969238,-8.81735038757324,"Female"
"9004155",371989,2025-06-16 13:57:50,42.6146087646484,-8.81728076934814,"Female"
"9004155",371989,2025-06-16 14:02:50,42.6146392822266,-8.81735706329346,"Female"
"9004155",371989,2025-06-16 14:07:50,42.6146087646484,-8.81653308868408,"Female"
"9004155",371989,2025-06-16 14:13:04,42.6147537231445,-8.81650066375732,"Female"
"9004155",371989,2025-06-16 14:18:15,42.6148986816406,-8.81640815734863,"Female"
"9004155",371989,2025-06-16 14:23:13,42.6148834228516,-8.81634044647217,"Female"
"9004155",371989,2025-06-16 14:28:13,42.6148452758789,-8.81632328033447,"Female"
"9004155",371989,2025-06-16 14:33:13,42.6148567199707,-8.81639099121094,"Female"
"9004155",371989,2025-06-16 14:38:16,42.6148376464844,-8.81638622283936,"Female"
"9004155",371989,2025-06-16 14:43:35,42.6148452758789,-8.81632804870605,"Female"
"9004155",371989,2025-06-16 14:48:13,42.6148414611816,-8.81639099121094,"Female"
"9004155",371989,2025-06-16 14:53:14,42.6148986816406,-8.81639957427979,"Female"
"9004155",371989,2025-06-16 14:58:13,42.6148490905762,-8.81653499603271,"Female"
"9004155",371989,2025-06-16 15:03:13,42.6148719787598,-8.81628036499023,"Female"
"9004155",371989,2025-06-16 15:08:13,42.6148796081543,-8.81635284423828,"Female"
"9004155",371989,2025-06-16 15:13:13,42.614803314209,-8.81630611419678,"Female"
"9004155",371989,2025-06-16 15:18:13,42.6147956848145,-8.81626319885254,"Female"
"9004155",371989,2025-06-16 15:23:50,42.6147117614746,-8.81645202636719,"Female"
"9004155",371989,2025-06-16 15:28:49,42.6147346496582,-8.81677150726318,"Female"
"9004155",371989,2025-06-16 15:33:49,42.6147232055664,-8.8174295425415,"Female"
"9004155",371989,2025-06-16 15:38:49,42.6147232055664,-8.81746482849121,"Female"
"9004155",371989,2025-06-16 15:43:49,42.6146469116211,-8.81729030609131,"Female"
"9004155",371989,2025-06-16 15:48:49,42.6146965026855,-8.81739616394043,"Female"
"9004155",371989,2025-06-16 15:53:50,42.6147346496582,-8.81744289398193,"Female"
"9004155",371989,2025-06-16 15:58:54,42.6146240234375,-8.81738948822021,"Female"
"9004155",371989,2025-06-16 16:04:14,42.6147232055664,-8.81737804412842,"Female"
"9004155",371989,2025-06-16 16:08:50,42.6147575378418,-8.81757545471191,"Female"
"9004155",371989,2025-06-16 16:13:50,42.61474609375,-8.81742382049561,"Female"
"9004155",371989,2025-06-16 16:18:49,42.614860534668,-8.81758117675781,"Female"
"9004155",371989,2025-06-16 16:23:50,42.6148719787598,-8.81766891479492,"Female"
"9004155",371989,2025-06-16 16:28:50,42.6148262023926,-8.81758308410645,"Female"
"9004155",371989,2025-06-16 16:33:50,42.6147918701172,-8.81757736206055,"Female"
"9004155",371989,2025-06-16 16:38:58,42.6147727966309,-8.81739330291748,"Female"
"9004155",371989,2025-06-16 16:43:53,42.6147193908691,-8.81784343719482,"Female"
"9004155",371989,2025-06-16 16:49:14,42.6146774291992,-8.81769180297852,"Female"
"9004155",371989,2025-06-16 16:53:49,42.614616394043,-8.81764888763428,"Female"
"9004155",371989,2025-06-16 16:58:59,42.6147193908691,-8.81777286529541,"Female"
"9004155",371989,2025-06-16 17:03:51,42.6142272949219,-8.81828117370605,"Female"
"9004155",371989,2025-06-16 17:08:52,42.6136207580566,-8.81840991973877,"Female"
"9004155",371989,2025-06-16 17:13:58,42.6137046813965,-8.81855869293213,"Female"
"9004155",371989,2025-06-16 17:19:07,42.6136779785156,-8.81851577758789,"Female"
"9004155",371989,2025-06-16 17:23:53,42.6135482788086,-8.81828117370605,"Female"
"9004155",371989,2025-06-16 17:28:57,42.613639831543,-8.81851482391357,"Female"
"9004155",371989,2025-06-16 17:33:49,42.6136627197266,-8.81866073608398,"Female"
"9004155",371989,2025-06-16 17:38:51,42.6136054992676,-8.81863307952881,"Female"
"9004155",371989,2025-06-16 17:43:51,42.613655090332,-8.81872081756592,"Female"
"9004155",371989,2025-06-16 17:49:15,42.6136093139648,-8.81858825683594,"Female"
"9004155",371989,2025-06-16 17:53:49,42.6136856079102,-8.81874942779541,"Female"
"9004155",371989,2025-06-16 17:58:49,42.6135902404785,-8.81861400604248,"Female"
"9004155",371989,2025-06-16 18:03:49,42.6136016845703,-8.81850433349609,"Female"
"9004155",371989,2025-06-16 18:08:49,42.6125259399414,-8.81967353820801,"Female"
"9004155",371989,2025-06-16 18:13:50,42.6115417480469,-8.82088470458984,"Female"
"9004155",371989,2025-06-16 18:18:51,42.611457824707,-8.82083988189697,"Female"
"9004155",371989,2025-06-16 18:23:50,42.6114387512207,-8.82064723968506,"Female"
"9004155",371989,2025-06-16 18:28:54,42.6114540100098,-8.82076835632324,"Female"
"9004155",371989,2025-06-16 18:33:49,42.6112670898438,-8.82105541229248,"Female"
"9004155",371989,2025-06-16 18:38:49,42.6113319396973,-8.82102108001709,"Female"
"9004155",371989,2025-06-16 18:43:49,42.6112098693848,-8.82104682922363,"Female"
"9004155",371989,2025-06-16 18:49:15,42.6035537719727,-8.85984230041504,"Female"
"9004155",371989,2025-06-16 18:54:14,42.6014633178711,-8.87653541564941,"Female"
"9004155",371989,2025-06-16 18:59:00,42.6014747619629,-8.87651920318604,"Female"
"9004155",371989,2025-06-16 19:04:01,42.6014709472656,-8.87643051147461,"Female"
"9004155",371989,2025-06-16 19:08:49,42.6015625,-8.87659549713135,"Female"
"9004155",371989,2025-06-16 19:14:00,42.6008949279785,-8.87680625915527,"Female"
"9004155",371989,2025-06-16 19:19:08,42.6014518737793,-8.87635898590088,"Female"
"9004155",371989,2025-06-16 19:24:23,42.6014099121094,-8.87668228149414,"Female"
"9004155",371989,2025-06-16 19:28:49,42.6014709472656,-8.87659931182861,"Female"
"9004155",371989,2025-06-16 19:33:49,42.6016159057617,-8.87645244598389,"Female"
"9004155",371989,2025-06-16 19:38:49,42.6015396118164,-8.87654304504395,"Female"
"9004155",371989,2025-06-16 19:43:49,42.6017227172852,-8.87644481658936,"Female"
"9004155",371989,2025-06-16 19:49:14,42.6014137268066,-8.87669086456299,"Female"
"9004155",371989,2025-06-16 19:53:49,42.6014938354492,-8.87655162811279,"Female"
"9004155",371989,2025-06-16 19:58:49,42.601505279541,-8.87657928466797,"Female"
"9004155",371989,2025-06-16 20:03:49,42.6013870239258,-8.87663650512695,"Female"
"9004155",371989,2025-06-16 20:08:49,42.6015968322754,-8.87644100189209,"Female"
"9004155",371989,2025-06-16 20:13:49,42.6015815734863,-8.87650489807129,"Female"
"9004155",371989,2025-06-16 20:18:49,42.6015853881836,-8.87640285491943,"Female"
"9004155",371989,2025-06-16 20:23:49,42.6015319824219,-8.87657165527344,"Female"
"9004155",371989,2025-06-16 20:28:49,42.6014175415039,-8.87669944763184,"Female"
"9004155",371989,2025-06-16 20:33:49,42.6014518737793,-8.87648487091064,"Female"
"9004155",371989,2025-06-16 20:38:49,42.6014862060547,-8.87654781341553,"Female"
"9004155",371989,2025-06-16 20:43:49,42.6014976501465,-8.87648391723633,"Female"
"9004155",371989,2025-06-16 20:48:49,42.6014976501465,-8.87659454345703,"Female"
"9004155",371989,2025-06-16 20:53:49,42.6014785766602,-8.87634944915771,"Female"
"9004155",371989,2025-06-16 20:58:49,42.6014022827148,-8.87660026550293,"Female"
"9004155",371989,2025-06-16 21:03:50,42.6014747619629,-8.87656784057617,"Female"
"9004155",371989,2025-06-16 21:08:50,42.6014595031738,-8.87673854827881,"Female"
"9004155",371989,2025-06-16 21:14:14,42.6014747619629,-8.87667655944824,"Female"
"9004155",371989,2025-06-16 21:18:49,42.601505279541,-8.87662601470947,"Female"
"9004155",371989,2025-06-16 21:23:49,42.6015243530273,-8.87664318084717,"Female"
"9004155",371989,2025-06-16 21:28:49,42.6015167236328,-8.87660026550293,"Female"
"9004155",371989,2025-06-16 21:33:49,42.6014785766602,-8.87663269042969,"Female"
"9004155",371989,2025-06-16 21:38:52,42.6015319824219,-8.87664985656738,"Female"
"9004155",371989,2025-06-16 21:43:49,42.6015167236328,-8.87665462493896,"Female"
"9004155",371989,2025-06-16 21:49:14,42.6015357971191,-8.87675857543945,"Female"
"9004155",371989,2025-06-16 21:53:49,42.6015586853027,-8.87675285339355,"Female"
"9004155",371989,2025-06-16 21:58:50,42.6013603210449,-8.87663841247559,"Female"
"9004155",371989,2025-06-16 22:03:53,42.6014595031738,-8.87667942047119,"Female"
"9004155",371989,2025-06-16 22:08:51,42.6015281677246,-8.87666893005371,"Female"
"9004155",371989,2025-06-16 22:13:52,42.6013603210449,-8.87660217285156,"Female"
"9004155",371989,2025-06-16 22:18:55,42.6014289855957,-8.8768482208252,"Female"
"9004155",371989,2025-06-16 22:24:12,42.6012802124023,-8.87777996063232,"Female"
"9004155",371989,2025-06-16 22:29:03,42.6015090942383,-8.87654876708984,"Female"
"9004155",371989,2025-06-16 22:33:52,42.6015090942383,-8.87669849395752,"Female"
"9004155",371989,2025-06-16 22:39:01,42.6014289855957,-8.87658977508545,"Female"
"9004155",371989,2025-06-16 22:44:03,42.6014671325684,-8.87668704986572,"Female"
"9004155",371989,2025-06-16 22:49:15,42.6014709472656,-8.87678241729736,"Female"
"9004155",371989,2025-06-16 22:53:57,42.6015090942383,-8.8767032623291,"Female"
"9004155",371989,2025-06-16 22:58:58,42.6014709472656,-8.87661838531494,"Female"
"9004155",371989,2025-06-16 23:03:57,42.6014442443848,-8.87661933898926,"Female"
"9004155",371989,2025-06-16 23:09:00,42.6014633178711,-8.87663555145264,"Female"
"9004155",371989,2025-06-16 23:13:59,42.6014404296875,-8.87660694122314,"Female"
"9004155",371989,2025-06-16 23:18:58,42.6014404296875,-8.87664127349854,"Female"
"9004155",371989,2025-06-16 23:23:57,42.6014251708984,-8.87652778625488,"Female"
"9004155",371989,2025-06-16 23:28:53,42.6014823913574,-8.87738037109375,"Female"
"9004155",371989,2025-06-16 23:33:54,42.6018104553223,-8.87863254547119,"Female"
"9004155",371989,2025-06-16 23:38:55,42.6013641357422,-8.87656307220459,"Female"
"9004155",371989,2025-06-16 23:44:20,42.6013984680176,-8.87672138214111,"Female"
"9004155",371989,2025-06-16 23:48:49,42.601448059082,-8.87674617767334,"Female"
"9004155",371989,2025-06-16 23:53:49,42.6015014648438,-8.87680435180664,"Female"
"9004155",371989,2025-06-16 23:58:49,42.6014785766602,-8.87678337097168,"Female"
"9004155",371989,2025-06-17 00:03:49,42.6014671325684,-8.876784324646,"Female"
"9004155",371989,2025-06-17 00:08:49,42.6015014648438,-8.87680912017822,"Female"
"9004155",371989,2025-06-17 00:13:49,42.6015396118164,-8.87687969207764,"Female"
"9004155",371989,2025-06-17 00:18:49,42.6014976501465,-8.87685680389404,"Female"
"9004155",371989,2025-06-17 00:23:49,42.6015167236328,-8.8769006729126,"Female"
"9004155",371989,2025-06-17 00:28:49,42.6015548706055,-8.87699317932129,"Female"
"9004155",371989,2025-06-17 00:34:14,42.6014137268066,-8.87665748596191,"Female"
"9004155",371989,2025-06-17 00:38:49,42.6014785766602,-8.87662220001221,"Female"
"9004155",371989,2025-06-17 00:43:49,42.6014976501465,-8.87668418884277,"Female"
"9004155",371989,2025-06-17 00:48:49,42.6015510559082,-8.87692642211914,"Female"
"9004155",371989,2025-06-17 00:53:51,42.6015586853027,-8.87685489654541,"Female"
"9004155",371989,2025-06-17 00:58:49,42.601448059082,-8.87674808502197,"Female"
"9004155",371989,2025-06-17 01:03:49,42.6014366149902,-8.87671852111816,"Female"
"9004155",371989,2025-06-17 01:08:49,42.6014671325684,-8.87663650512695,"Female"
"9004155",371989,2025-06-17 01:13:49,42.6014823913574,-8.876708984375,"Female"
"9004155",371989,2025-06-17 01:18:51,42.6015090942383,-8.87670993804932,"Female"
"9004155",371989,2025-06-17 01:23:49,42.6015510559082,-8.87670135498047,"Female"
"9004155",371989,2025-06-17 01:28:50,42.6015739440918,-8.87689399719238,"Female"
"9004155",371989,2025-06-17 01:34:14,42.6014785766602,-8.87662887573242,"Female"
"9004155",371989,2025-06-17 01:38:49,42.601448059082,-8.87656402587891,"Female"
"9004155",371989,2025-06-17 01:43:49,42.6014976501465,-8.87655162811279,"Female"
"9004155",371989,2025-06-17 01:48:49,42.6015319824219,-8.87646102905273,"Female"
"9004155",371989,2025-06-17 01:53:49,42.6014938354492,-8.87650966644287,"Female"
"9004155",371989,2025-06-17 01:58:49,42.6015014648438,-8.87648868560791,"Female"
"9004155",371989,2025-06-17 02:03:52,42.6015815734863,-8.87637138366699,"Female"
"9004155",371989,2025-06-17 02:08:49,42.6015243530273,-8.8765697479248,"Female"
"9004155",371989,2025-06-17 02:13:49,42.6015167236328,-8.87661552429199,"Female"
"9004155",371989,2025-06-17 02:18:51,42.6014976501465,-8.87680625915527,"Female"
"9004155",371989,2025-06-17 02:23:55,42.6015968322754,-8.87671756744385,"Female"
"9004155",371989,2025-06-17 02:29:10,42.6015739440918,-8.87648582458496,"Female"
"9004155",371989,2025-06-17 02:33:49,42.6016044616699,-8.87653541564941,"Female"
"9004155",371989,2025-06-17 02:38:54,42.6014518737793,-8.87695503234863,"Female"
"9004155",371989,2025-06-17 02:43:51,42.6015014648438,-8.87661933898926,"Female"
"9004155",371989,2025-06-17 02:49:15,42.6015243530273,-8.87653160095215,"Female"
"9004155",371989,2025-06-17 02:53:49,42.6015472412109,-8.87643909454346,"Female"
"9004155",371989,2025-06-17 02:58:52,42.6014404296875,-8.87675857543945,"Female"
"9004155",371989,2025-06-17 03:03:51,42.6014404296875,-8.87659358978271,"Female"
"9004155",371989,2025-06-17 03:08:52,42.6015167236328,-8.876540184021,"Female"
"9004155",371989,2025-06-17 03:13:52,42.6014976501465,-8.876633644104,"Female"
"9004155",371989,2025-06-17 03:18:51,42.601490020752,-8.87650966644287,"Female"
"9004155",371989,2025-06-17 03:23:51,42.6015510559082,-8.87647342681885,"Female"
"9004155",371989,2025-06-17 03:28:50,42.6015510559082,-8.8765287399292,"Female"
"9004155",371989,2025-06-17 03:33:52,42.6015510559082,-8.87641906738281,"Female"
"9004155",371989,2025-06-17 03:39:15,42.6015319824219,-8.87667655944824,"Female"
"9004155",371989,2025-06-17 03:43:54,42.6014556884766,-8.8768482208252,"Female"
"9004155",371989,2025-06-17 03:49:00,42.6014747619629,-8.87674713134766,"Female"
"9004155",371989,2025-06-17 03:53:50,42.6016311645508,-8.87663269042969,"Female"
"9004155",371989,2025-06-17 03:59:00,42.6014747619629,-8.87687206268311,"Female"
"9004155",371989,2025-06-17 04:04:23,42.6014747619629,-8.87675189971924,"Female"
"9004155",371989,2025-06-17 04:08:49,42.6013679504395,-8.87681674957275,"Female"
"9004155",371989,2025-06-17 04:13:49,42.6014060974121,-8.87677001953125,"Female"
"9004155",371989,2025-06-17 04:18:49,42.6013793945312,-8.87677383422852,"Female"
"9004155",371989,2025-06-17 04:23:50,42.6015167236328,-8.87677192687988,"Female"
"9004155",371989,2025-06-17 04:28:49,42.601634979248,-8.87666511535645,"Female"
"9004155",371989,2025-06-17 04:33:49,42.6014938354492,-8.87673187255859,"Female"
"9004155",371989,2025-06-17 04:38:49,42.6015625,-8.87671566009521,"Female"
"9004155",371989,2025-06-17 04:43:49,42.6015586853027,-8.87676048278809,"Female"
"9004155",371989,2025-06-17 04:48:49,42.6015548706055,-8.87669563293457,"Female"
"9004155",371989,2025-06-17 04:53:49,42.6015701293945,-8.87673568725586,"Female"
"9004155",371989,2025-06-17 04:58:49,42.6014671325684,-8.87674522399902,"Female"
"9004155",371989,2025-06-17 05:03:49,42.6014862060547,-8.87671184539795,"Female"
"9004155",371989,2025-06-17 05:08:49,42.6015014648438,-8.87672805786133,"Female"
"9004155",371989,2025-06-17 05:13:49,42.6015129089355,-8.87675094604492,"Female"
"9004155",371989,2025-06-17 05:18:49,42.6015586853027,-8.87669658660889,"Female"
"9004155",371989,2025-06-17 05:23:49,42.6015281677246,-8.87677001953125,"Female"
"9004155",371989,2025-06-17 05:28:49,42.6015167236328,-8.87678527832031,"Female"
"9004155",371989,2025-06-17 05:33:59,42.6014671325684,-8.87668609619141,"Female"
"9004155",371989,2025-06-17 05:38:50,42.601863861084,-8.87471961975098,"Female"
"9004155",371989,2025-06-17 05:43:51,42.6025352478027,-8.87340927124023,"Female"
"9004155",371989,2025-06-17 05:48:49,42.6017112731934,-8.8767786026001,"Female"
"9004155",371989,2025-06-17 05:53:51,42.6017189025879,-8.87676620483398,"Female"
"9004155",371989,2025-06-17 05:58:49,42.6017608642578,-8.87686347961426,"Female"
"9004155",371989,2025-06-17 06:04:12,42.6016998291016,-8.87670803070068,"Female"
"9004155",371989,2025-06-17 06:08:49,42.6016654968262,-8.87661075592041,"Female"
"9004155",371989,2025-06-17 06:13:49,42.6014289855957,-8.8741569519043,"Female"
"9004155",371989,2025-06-17 06:18:49,42.6014747619629,-8.87418079376221,"Female"
"9004155",371989,2025-06-17 06:23:49,42.6014938354492,-8.87425231933594,"Female"
"9004155",371989,2025-06-17 06:28:49,42.6014785766602,-8.87429523468018,"Female"
"9004155",371989,2025-06-17 06:33:49,42.6014366149902,-8.87411308288574,"Female"
"9004155",371989,2025-06-17 06:38:49,42.6014938354492,-8.87419986724854,"Female"
"9004155",371989,2025-06-17 06:43:49,42.6014938354492,-8.87429618835449,"Female"
"9004155",371989,2025-06-17 06:49:14,42.6015129089355,-8.87429141998291,"Female"
"9004155",371989,2025-06-17 06:53:50,42.6015892028809,-8.87440967559814,"Female"
"9004155",371989,2025-06-17 06:58:50,42.6015396118164,-8.87432670593262,"Female"
"9004155",371989,2025-06-17 07:03:49,42.6015319824219,-8.8742151260376,"Female"
"9004155",371989,2025-06-17 07:08:51,42.6014671325684,-8.87418270111084,"Female"
"9004155",371989,2025-06-17 07:13:49,42.6014289855957,-8.87411499023438,"Female"
"9004155",371989,2025-06-17 07:18:49,42.6015625,-8.87436866760254,"Female"
"9004155",371989,2025-06-17 07:23:49,42.6015243530273,-8.87435913085938,"Female"
"9004155",371989,2025-06-17 07:28:49,42.6016044616699,-8.87446975708008,"Female"
"9004155",371989,2025-06-17 07:33:49,42.6014099121094,-8.87430953979492,"Female"
"9004155",371989,2025-06-17 07:38:51,42.6015434265137,-8.87452697753906,"Female"
"9004155",371989,2025-06-17 07:43:52,42.6014976501465,-8.87455940246582,"Female"
"9004155",371989,2025-06-17 07:49:15,42.6015090942383,-8.87426471710205,"Female"
"9004155",371989,2025-06-17 07:53:49,42.601619720459,-8.87480735778809,"Female"
"9004155",371989,2025-06-17 07:58:52,42.6016845703125,-8.87497138977051,"Female"
"9004155",371989,2025-06-17 08:03:49,42.6016540527344,-8.8747730255127,"Female"
"9004155",371989,2025-06-17 08:09:00,42.6014976501465,-8.87424278259277,"Female"
"9004155",371989,2025-06-17 08:13:50,42.6016311645508,-8.87438106536865,"Female"
"9004155",371989,2025-06-17 08:18:57,42.6058769226074,-8.85315227508545,"Female"
"9004155",371989,2025-06-17 08:23:50,42.6050224304199,-8.84930419921875,"Female"
"9004155",371989,2025-06-17 08:29:00,42.6093215942383,-8.84260559082031,"Female"
"9004155",371989,2025-06-17 08:33:50,42.6115074157715,-8.84052562713623,"Female"
"9004155",371989,2025-06-17 08:39:22,42.6120758056641,-8.84027767181396,"Female"
"9004155",371989,2025-06-17 08:44:20,42.6116218566895,-8.83955764770508,"Female"
"9004155",371989,2025-06-17 08:49:45,42.6115036010742,-8.83876419067383,"Female"
"9004155",371989,2025-06-17 08:54:15,42.6115188598633,-8.83878803253174,"Female"
"9004155",371989,2025-06-17 08:59:18,42.6115951538086,-8.83890628814697,"Female"
"9004155",371989,2025-06-17 09:04:17,42.6115417480469,-8.8387508392334,"Female"
"9004155",371989,2025-06-17 09:09:24,42.6115036010742,-8.8386812210083,"Female"
"9004155",371989,2025-06-17 09:14:19,42.6114349365234,-8.83868312835693,"Female"
"9004155",371989,2025-06-17 09:19:19,42.6113891601562,-8.83869075775146,"Female"
"9004155",371989,2025-06-17 09:24:22,42.6114616394043,-8.83857250213623,"Female"
"9004155",371989,2025-06-17 09:29:15,42.6115837097168,-8.83899116516113,"Female"
"9004155",371989,2025-06-17 09:34:24,42.6114273071289,-8.83869552612305,"Female"
"9004155",371989,2025-06-17 09:39:35,42.6114768981934,-8.83889961242676,"Female"
"9004155",371989,2025-06-17 09:44:13,42.6114463806152,-8.83894824981689,"Female"
"9004155",371989,2025-06-17 09:49:13,42.6112899780273,-8.83897399902344,"Female"
"9004155",371989,2025-06-17 09:54:13,42.6114540100098,-8.83893775939941,"Female"
"9004155",371989,2025-06-17 09:59:13,42.611442565918,-8.83893585205078,"Female"
"9004155",371989,2025-06-17 10:04:14,42.6114540100098,-8.8389139175415,"Female"
"9004155",371989,2025-06-17 10:09:26,42.611629486084,-8.83904361724854,"Female"
"9004155",371989,2025-06-17 10:14:14,42.6118469238281,-8.83893585205078,"Female"
"9004155",371989,2025-06-17 10:19:34,42.6115608215332,-8.83903026580811,"Female"
"9004155",371989,2025-06-17 10:24:22,42.6115493774414,-8.83903408050537,"Female"
"9004155",371989,2025-06-17 10:29:22,42.6115417480469,-8.8390417098999,"Female"
"9004155",371989,2025-06-17 10:34:13,42.6115951538086,-8.83901596069336,"Female"
"9004155",371989,2025-06-17 10:39:15,42.6117401123047,-8.83891296386719,"Female"
"9004155",371989,2025-06-17 10:44:22,42.6120567321777,-8.83860778808594,"Female"
"9004155",371989,2025-06-17 10:49:58,42.6118965148926,-8.83735942840576,"Female"
"9004155",371989,2025-06-17 10:55:33,42.6113586425781,-8.83762836456299,"Female"
"9004155",371989,2025-06-17 11:00:33,42.6108779907227,-8.83778953552246,"Female"
"9004155",371989,2025-06-17 11:05:34,42.6108322143555,-8.83779239654541,"Female"
"9004155",371989,2025-06-17 11:11:14,42.6107444763184,-8.83776760101318,"Female"
"9004155",371989,2025-06-17 11:15:33,42.6108169555664,-8.83765029907227,"Female"
"9004155",371989,2025-06-17 11:20:33,42.6108627319336,-8.83793544769287,"Female"
"9004155",371989,2025-06-17 11:25:36,42.6108703613281,-8.83773136138916,"Female"
"9004155",371989,2025-06-17 11:30:36,42.610912322998,-8.83771800994873,"Female"
"9004155",371989,2025-06-17 11:35:40,42.6108932495117,-8.83773040771484,"Female"
"9004155",371989,2025-06-17 11:41:03,42.6108589172363,-8.83774566650391,"Female"
"9004155",371989,2025-06-17 11:46:05,42.61083984375,-8.83772659301758,"Female"
"9004155",371989,2025-06-17 11:50:33,42.6108360290527,-8.83778667449951,"Female"
"9004155",371989,2025-06-17 11:55:33,42.6108474731445,-8.83776950836182,"Female"
"9004155",371989,2025-06-17 12:00:33,42.6108627319336,-8.83781051635742,"Female"
"9004155",371989,2025-06-17 12:05:33,42.6109199523926,-8.83761215209961,"Female"
"9004155",371989,2025-06-17 12:10:33,42.6108741760254,-8.83762168884277,"Female"
"9004155",371989,2025-06-17 12:15:33,42.6108627319336,-8.83763885498047,"Female"
"9004155",371989,2025-06-17 12:20:33,42.6108856201172,-8.83764934539795,"Female"
"9004155",371989,2025-06-17 12:25:33,42.6108551025391,-8.83767795562744,"Female"
"9004155",371989,2025-06-17 12:30:33,42.6109161376953,-8.8376350402832,"Female"
"9004155",371989,2025-06-17 12:36:05,42.6109199523926,-8.83764553070068,"Female"
"9004155",371989,2025-06-17 12:40:33,42.6108932495117,-8.83761978149414,"Female"
"9004155",371989,2025-06-17 12:45:33,42.6109237670898,-8.83761882781982,"Female"
"9004155",371989,2025-06-17 12:50:33,42.6108627319336,-8.83769035339355,"Female"
"9004155",371989,2025-06-17 12:56:22,42.6118316650391,-8.83723831176758,"Female"
"9004155",371989,2025-06-17 13:01:53,42.6131439208984,-8.83680248260498,"Female"
"9004155",371989,2025-06-17 13:07:09,42.6130104064941,-8.83804321289062,"Female"
"9004155",371989,2025-06-17 13:12:08,42.6128540039062,-8.83817100524902,"Female"
"9004155",371989,2025-06-17 13:17:07,42.6128959655762,-8.83818531036377,"Female"
"9004155",371989,2025-06-17 13:22:08,42.6128692626953,-8.8381175994873,"Female"
"9004155",371989,2025-06-17 13:27:07,42.6130981445312,-8.83823585510254,"Female"
"9004155",371989,2025-06-17 13:32:07,42.6129684448242,-8.8381929397583,"Female"
"9004155",371989,2025-06-17 13:37:07,42.6126251220703,-8.83841705322266,"Female"
"9004155",371989,2025-06-17 13:43:07,42.6125755310059,-8.83979320526123,"Female"
"9004155",371989,2025-06-17 13:48:02,42.6123123168945,-8.83980083465576,"Female"
"9004155",371989,2025-06-17 13:53:10,42.6124305725098,-8.83993816375732,"Female"
"9004155",371989,2025-06-17 13:58:03,42.6124877929688,-8.83999156951904,"Female"
"9004155",371989,2025-06-17 14:03:02,42.6126976013184,-8.84004878997803,"Female"
"9004155",371989,2025-06-17 14:08:02,42.6127700805664,-8.83999633789062,"Female"
"9004155",371989,2025-06-17 14:13:02,42.6127967834473,-8.83989334106445,"Female"
"9004155",371989,2025-06-17 14:18:02,42.6128234863281,-8.83989334106445,"Female"
"9004155",371989,2025-06-17 14:23:02,42.6128196716309,-8.83979606628418,"Female"
"9004155",371989,2025-06-17 14:28:02,42.6128349304199,-8.83976173400879,"Female"
"9004155",371989,2025-06-17 14:33:02,42.6128807067871,-8.83976650238037,"Female"
"9004155",371989,2025-06-17 14:38:09,42.6128578186035,-8.83977603912354,"Female"
"9004155",371989,2025-06-17 14:43:09,42.612850189209,-8.83974266052246,"Female"
"9004155",371989,2025-06-17 14:48:07,42.6128997802734,-8.83976554870605,"Female"
"9004155",371989,2025-06-17 14:53:14,42.6129264831543,-8.83981800079346,"Female"
"9004155",371989,2025-06-17 14:58:04,42.6129112243652,-8.83980655670166,"Female"
"9004155",371989,2025-06-17 15:03:03,42.6129035949707,-8.83981227874756,"Female"
"9004155",371989,2025-06-17 15:08:04,42.6122512817383,-8.84005928039551,"Female"
"9004155",371989,2025-06-17 15:13:32,42.6112174987793,-8.84107780456543,"Female"
"9004155",371989,2025-06-17 15:18:22,42.6096458435059,-8.84212589263916,"Female"
"9004155",371989,2025-06-17 15:23:22,42.6089210510254,-8.8417797088623,"Female"
"9004155",371989,2025-06-17 15:28:21,42.6087379455566,-8.84167671203613,"Female"
"9004155",371989,2025-06-17 15:33:20,42.608943939209,-8.84181118011475,"Female"
"9004155",371989,2025-06-17 15:38:20,42.6088447570801,-8.84175872802734,"Female"
"9004155",371989,2025-06-17 15:43:21,42.6088333129883,-8.84171390533447,"Female"
"9004155",371989,2025-06-17 15:48:27,42.6087951660156,-8.8416633605957,"Female"
"9004155",371989,2025-06-17 15:53:20,42.6088066101074,-8.84162616729736,"Female"
"9004155",371989,2025-06-17 15:58:20,42.6089286804199,-8.84182071685791,"Female"
"9004155",371989,2025-06-17 16:03:21,42.608943939209,-8.8418664932251,"Female"
"9004155",371989,2025-06-17 16:08:21,42.6088104248047,-8.8416919708252,"Female"
"9004155",371989,2025-06-17 16:13:22,42.6087226867676,-8.84155178070068,"Female"
"9004155",371989,2025-06-17 16:18:22,42.6088485717773,-8.84173107147217,"Female"
"9004155",371989,2025-06-17 16:23:22,42.6088752746582,-8.84183120727539,"Female"
"9004155",371989,2025-06-17 16:28:20,42.6080284118652,-8.84265422821045,"Female"
"9004155",371989,2025-06-17 16:33:22,42.6079406738281,-8.84254360198975,"Female"
"9004155",371989,2025-06-17 16:38:21,42.6078300476074,-8.84236526489258,"Female"
"9004155",371989,2025-06-17 16:43:23,42.6079254150391,-8.84248638153076,"Female"
"9004155",371989,2025-06-17 16:48:27,42.6078948974609,-8.84242630004883,"Female"
"9004155",371989,2025-06-17 16:53:20,42.6077842712402,-8.84224224090576,"Female"
"9004155",371989,2025-06-17 16:58:30,42.6012306213379,-8.85165691375732,"Female"
"9004155",371989,2025-06-17 17:03:21,42.5792007446289,-8.89206027984619,"Female"
"9004155",371989,2025-06-17 17:08:30,42.5750579833984,-8.89847660064697,"Female"
"9004155",371989,2025-06-17 17:13:21,42.5536994934082,-8.93399333953857,"Female"
"9004155",371989,2025-06-17 17:18:44,42.5490646362305,-8.94017601013184,"Female"
"9004155",371989,2025-06-17 17:23:23,42.5491943359375,-8.94041061401367,"Female"
"9004155",371989,2025-06-17 17:28:25,42.5490303039551,-8.94006443023682,"Female"
"9004155",371989,2025-06-17 17:33:22,42.5491676330566,-8.94026565551758,"Female"
"9004155",371989,2025-06-17 17:38:28,42.548828125,-8.93948173522949,"Female"
"9004155",371989,2025-06-17 17:43:30,42.5489616394043,-8.94002628326416,"Female"
"9004155",371989,2025-06-17 17:48:44,42.5490493774414,-8.94020652770996,"Female"
"9004155",371989,2025-06-17 17:53:21,42.5491142272949,-8.94040298461914,"Female"
"9004155",371989,2025-06-17 17:58:24,42.5492401123047,-8.94042301177979,"Female"
"9004155",371989,2025-06-17 18:03:30,42.5490379333496,-8.94014930725098,"Female"
"9004155",371989,2025-06-17 18:08:48,42.5490188598633,-8.94026374816895,"Female"
"9004155",371989,2025-06-17 18:13:20,42.5489273071289,-8.94024562835693,"Female"
"9004155",371989,2025-06-17 18:18:24,42.5482368469238,-8.93919372558594,"Female"
"9004155",371989,2025-06-17 18:23:24,42.548168182373,-8.93902111053467,"Female"
"9004155",371989,2025-06-17 18:28:20,42.5482215881348,-8.93893051147461,"Female"
"9004155",371989,2025-06-17 18:33:21,42.5481491088867,-8.93893814086914,"Female"
"9004155",371989,2025-06-17 18:38:21,42.5481452941895,-8.93893146514893,"Female"
"9004155",371989,2025-06-17 18:43:22,42.5481224060059,-8.93894863128662,"Female"
"9004155",371989,2025-06-17 18:48:44,42.5481109619141,-8.93902683258057,"Female"
"9004155",371989,2025-06-17 18:53:20,42.5481605529785,-8.93894958496094,"Female"
"9004155",371989,2025-06-17 18:58:21,42.5481376647949,-8.93898582458496,"Female"
"9004155",371989,2025-06-17 19:03:25,42.5482597351074,-8.9389476776123,"Female"
"9004155",371989,2025-06-17 19:08:21,42.5482559204102,-8.93888187408447,"Female"
"9004155",371989,2025-06-17 19:13:21,42.5481185913086,-8.93898963928223,"Female"
"9004155",371989,2025-06-17 19:18:20,42.5482330322266,-8.93897533416748,"Female"
"9004155",371989,2025-06-17 19:23:21,42.5481643676758,-8.93895626068115,"Female"
"9004155",371989,2025-06-17 19:28:21,42.5481185913086,-8.93894386291504,"Female"
"9004155",371989,2025-06-17 19:33:22,42.5482444763184,-8.93898105621338,"Female"
"9004155",371989,2025-06-17 19:38:21,42.5486030578613,-8.9387035369873,"Female"
"9004155",371989,2025-06-17 19:43:22,42.5485420227051,-8.93870735168457,"Female"
"9004155",371989,2025-06-17 19:48:53,42.548511505127,-8.93879985809326,"Female"
"9004155",371989,2025-06-17 19:53:21,42.5484161376953,-8.93886280059814,"Female"
"9004155",371989,2025-06-17 19:58:21,42.5483741760254,-8.9390344619751,"Female"
"9004155",371989,2025-06-17 20:03:21,42.5470352172852,-8.93821907043457,"Female"
"9004155",371989,2025-06-17 20:08:21,42.5486335754395,-8.93888568878174,"Female"
"9004155",371989,2025-06-17 20:13:21,42.5486106872559,-8.93880748748779,"Female"
"9004155",371989,2025-06-17 20:18:44,42.548641204834,-8.9387731552124,"Female"
"9004155",371989,2025-06-17 20:23:21,42.548698425293,-8.93865776062012,"Female"
"9004155",371989,2025-06-17 20:28:21,42.5486183166504,-8.93880081176758,"Female"
"9004155",371989,2025-06-17 20:33:28,42.5485305786133,-8.93891429901123,"Female"
"9004155",371989,2025-06-17 20:38:24,42.5486183166504,-8.93882465362549,"Female"
"9004155",371989,2025-06-17 20:43:21,42.5486831665039,-8.93873882293701,"Female"
"9004155",371989,2025-06-17 20:48:44,42.5485038757324,-8.93880271911621,"Female"
"9004155",371989,2025-06-17 20:53:21,42.5485572814941,-8.93896579742432,"Female"
"9004155",371989,2025-06-17 20:58:25,42.5485305786133,-8.93876457214355,"Female"
"9004155",371989,2025-06-17 21:03:21,42.5485916137695,-8.93880271911621,"Female"
"9004155",371989,2025-06-17 21:08:21,42.5486145019531,-8.93866062164307,"Female"
"9004155",371989,2025-06-17 21:13:21,42.5485420227051,-8.93883419036865,"Female"
"9004155",371989,2025-06-17 21:18:21,42.5485382080078,-8.93882274627686,"Female"
"9004155",371989,2025-06-17 21:23:21,42.5484886169434,-8.93887901306152,"Female"
"9004155",371989,2025-06-17 21:28:21,42.5484886169434,-8.93884372711182,"Female"
"9004155",371989,2025-06-17 21:33:21,42.5489540100098,-8.93892669677734,"Female"
"9004155",371989,2025-06-17 21:38:23,42.5476989746094,-8.93859004974365,"Female"
"9004155",371989,2025-06-17 21:43:21,42.5486030578613,-8.93889331817627,"Female"
"9004155",371989,2025-06-17 21:48:41,42.5485229492188,-8.9388256072998,"Female"
"9004155",371989,2025-06-17 21:53:21,42.5485191345215,-8.93885517120361,"Female"
"9004155",371989,2025-06-17 21:58:23,42.5487403869629,-8.93887233734131,"Female"
"9004155",371989,2025-06-17 22:03:22,42.5485343933105,-8.93876266479492,"Female"
"9004155",371989,2025-06-17 22:08:22,42.548656463623,-8.9386739730835,"Female"
"9004155",371989,2025-06-17 22:13:22,42.548656463623,-8.93848037719727,"Female"
"9004155",371989,2025-06-17 22:18:21,42.548511505127,-8.93878555297852,"Female"
"9004155",371989,2025-06-17 22:23:21,42.5485763549805,-8.938889503479,"Female"
"9004155",371989,2025-06-17 22:28:21,42.5485076904297,-8.93881797790527,"Female"
"9004155",371989,2025-06-17 22:33:22,42.5485877990723,-8.93883037567139,"Female"
"9004155",371989,2025-06-17 22:38:21,42.5484924316406,-8.93881988525391,"Female"
"9004155",371989,2025-06-17 22:43:23,42.5486869812012,-8.93885707855225,"Female"
"9004155",371989,2025-06-17 22:48:44,42.5485572814941,-8.93889904022217,"Female"
"9004155",371989,2025-06-17 22:53:21,42.548583984375,-8.93882465362549,"Female"
"9004155",371989,2025-06-17 22:58:21,42.5485382080078,-8.93887424468994,"Female"
"9004155",371989,2025-06-17 23:03:21,42.5485305786133,-8.93900108337402,"Female"
"9004155",371989,2025-06-17 23:08:21,42.5485076904297,-8.93883609771729,"Female"
"9004155",371989,2025-06-17 23:13:22,42.5484962463379,-8.93884563446045,"Female"
"9004155",371989,2025-06-17 23:18:21,42.5484008789062,-8.93890190124512,"Female"
"9004155",371989,2025-06-17 23:23:21,42.5486030578613,-8.93882465362549,"Female"
"9004155",371989,2025-06-17 23:28:21,42.5486717224121,-8.93865871429443,"Female"
"9004155",371989,2025-06-17 23:33:23,42.5486335754395,-8.938645362854,"Female"
"9004155",371989,2025-06-17 23:38:30,42.5483932495117,-8.93885517120361,"Female"
"9004155",371989,2025-06-17 23:43:30,42.5484352111816,-8.9390172958374,"Female"
"9004155",371989,2025-06-17 23:48:40,42.548469543457,-8.93876171112061,"Female"
"9004155",371989,2025-06-17 23:53:30,42.5484085083008,-8.93882751464844,"Female"
"9004155",371989,2025-06-17 23:58:30,42.548397064209,-8.93885231018066,"Female"
"9004155",371989,2025-06-18 00:03:25,42.5485954284668,-8.9388256072998,"Female"
"9004155",371989,2025-06-18 00:08:30,42.5486488342285,-8.93909740447998,"Female"
"9004155",371989,2025-06-18 00:13:30,42.5486183166504,-8.93904876708984,"Female"
"9004155",371989,2025-06-18 00:18:29,42.5486373901367,-8.93904209136963,"Female"
"9004155",371989,2025-06-18 00:23:29,42.5485572814941,-8.93875694274902,"Female"
"9004155",371989,2025-06-18 00:28:53,42.5484580993652,-8.93867588043213,"Female"
"9004155",371989,2025-06-18 00:33:22,42.5484733581543,-8.93873023986816,"Female"
"9004155",371989,2025-06-18 00:38:23,42.5485191345215,-8.93867301940918,"Female"
"9004155",371989,2025-06-18 00:43:22,42.5483741760254,-8.93858051300049,"Female"
"9004155",371989,2025-06-18 00:48:45,42.548454284668,-8.93860721588135,"Female"
"9004155",371989,2025-06-18 00:53:22,42.5486106872559,-8.93888187408447,"Female"
"9004155",371989,2025-06-18 00:58:44,42.5484886169434,-8.93869209289551,"Female"
"9004155",371989,2025-06-18 01:03:23,42.5484771728516,-8.93856716156006,"Female"
"9004155",371989,2025-06-18 01:08:21,42.548454284668,-8.9386157989502,"Female"
"9004155",371989,2025-06-18 01:13:20,42.5483818054199,-8.93843078613281,"Female"
"9004155",371989,2025-06-18 01:18:23,42.5485534667969,-8.93882083892822,"Female"
"9004155",371989,2025-06-18 01:23:20,42.5484809875488,-8.93868732452393,"Female"
"9004155",371989,2025-06-18 01:28:22,42.5485191345215,-8.9386682510376,"Female"
"9004155",371989,2025-06-18 01:33:21,42.5484771728516,-8.93868064880371,"Female"
"9004155",371989,2025-06-18 01:38:21,42.5485000610352,-8.93864631652832,"Female"
"9004155",371989,2025-06-18 01:43:22,42.5484733581543,-8.93867492675781,"Female"
"9004155",371989,2025-06-18 01:48:44,42.5485000610352,-8.93874740600586,"Female"
"9004155",371989,2025-06-18 01:53:24,42.548526763916,-8.93873023986816,"Female"
"9004155",371989,2025-06-18 01:58:24,42.54833984375,-8.93869686126709,"Female"
"9004155",371989,2025-06-18 02:03:21,42.5482597351074,-8.93861103057861,"Female"
"9004155",371989,2025-06-18 02:08:21,42.5483322143555,-8.93870162963867,"Female"
"9004155",371989,2025-06-18 02:13:24,42.5483131408691,-8.93890762329102,"Female"
"9004155",371989,2025-06-18 02:18:21,42.5484580993652,-8.93871784210205,"Female"
"9004155",371989,2025-06-18 02:23:22,42.548469543457,-8.93872261047363,"Female"
"9004155",371989,2025-06-18 02:28:30,42.5485763549805,-8.93872356414795,"Female"
"9004155",371989,2025-06-18 02:33:21,42.5484733581543,-8.93876838684082,"Female"
"9004155",371989,2025-06-18 02:38:22,42.5485038757324,-8.93869495391846,"Female"
"9004155",371989,2025-06-18 02:43:30,42.5484390258789,-8.93887615203857,"Female"
"9004155",371989,2025-06-18 02:48:44,42.5484848022461,-8.93868637084961,"Female"
"9004155",371989,2025-06-18 02:53:28,42.548412322998,-8.93869876861572,"Female"
"9004155",371989,2025-06-18 02:58:22,42.5481834411621,-8.93863010406494,"Female"
"9004155",371989,2025-06-18 03:03:24,42.5488395690918,-8.93879985809326,"Female"
"9004155",371989,2025-06-18 03:08:24,42.54833984375,-8.93864059448242,"Female"
"9004155",371989,2025-06-18 03:13:43,42.5485992431641,-8.93880081176758,"Female"
"9004155",371989,2025-06-18 03:18:25,42.5486488342285,-8.93884754180908,"Female"
"9004155",371989,2025-06-18 03:23:21,42.5486526489258,-8.93879890441895,"Female"
"9004155",371989,2025-06-18 03:28:25,42.5487442016602,-8.93887138366699,"Female"
"9004155",371989,2025-06-18 03:33:59,42.5487442016602,-8.93899822235107,"Female"
"9004155",371989,2025-06-18 03:38:21,42.5487670898438,-8.93904304504395,"Female"
"9004155",371989,2025-06-18 03:43:21,42.5486717224121,-8.93890190124512,"Female"
"9004155",371989,2025-06-18 03:48:22,42.5485763549805,-8.93885803222656,"Female"
"9004155",371989,2025-06-18 03:53:20,42.5486640930176,-8.93892383575439,"Female"
"9004155",371989,2025-06-18 03:58:21,42.5486183166504,-8.93883419036865,"Female"
"9004155",371989,2025-06-18 04:03:21,42.5485725402832,-8.93884468078613,"Female"
"9004155",371989,2025-06-18 04:08:21,42.5485954284668,-8.93888378143311,"Female"
"9004155",371989,2025-06-18 04:13:21,42.5487098693848,-8.93897819519043,"Female"
"9004155",371989,2025-06-18 04:18:21,42.548698425293,-8.93894195556641,"Female"
"9004155",371989,2025-06-18 04:23:21,42.5486450195312,-8.93889999389648,"Female"
"9004155",371989,2025-06-18 04:28:21,42.5486755371094,-8.93892288208008,"Female"
"9004155",371989,2025-06-18 04:33:21,42.5487403869629,-8.93907451629639,"Female"
"9004155",371989,2025-06-18 04:38:21,42.5487289428711,-8.93904590606689,"Female"
"9004155",371989,2025-06-18 04:43:43,42.5486679077148,-8.93903255462646,"Female"
"9004155",371989,2025-06-18 04:48:21,42.5485801696777,-8.93885803222656,"Female"
"9004155",371989,2025-06-18 04:53:21,42.5485877990723,-8.93881225585938,"Female"
"9004155",371989,2025-06-18 04:58:21,42.5485687255859,-8.93874359130859,"Female"
"9004155",371989,2025-06-18 05:03:21,42.548526763916,-8.93885040283203,"Female"
"9004155",371989,2025-06-18 05:08:21,42.5484580993652,-8.93882751464844,"Female"
"9004155",371989,2025-06-18 05:13:22,42.5485305786133,-8.93875789642334,"Female"
"9004155",371989,2025-06-18 05:18:21,42.5485038757324,-8.93874740600586,"Female"
"9004155",371989,2025-06-18 05:23:21,42.5484886169434,-8.93881893157959,"Female"
"9004155",371989,2025-06-18 05:28:21,42.5485649108887,-8.93884658813477,"Female"
"9004155",371989,2025-06-18 05:33:37,42.5485191345215,-8.93872261047363,"Female"
"9004155",371989,2025-06-18 05:38:41,42.5483436584473,-8.9383716583252,"Female"
"9004155",371989,2025-06-18 05:43:21,42.5483436584473,-8.93832778930664,"Female"
"9004155",371989,2025-06-18 05:48:21,42.5483551025391,-8.93843650817871,"Female"
"9004155",371989,2025-06-18 05:53:21,42.548454284668,-8.93866634368896,"Female"
"9004155",371989,2025-06-18 05:58:21,42.5488243103027,-8.9390869140625,"Female"
"9004155",371989,2025-06-18 06:03:21,42.548770904541,-8.9392204284668,"Female"
"9004155",371989,2025-06-18 06:08:21,42.5487632751465,-8.93916797637939,"Female"
"9004155",371989,2025-06-18 06:13:21,42.5486221313477,-8.93892765045166,"Female"
"9004155",371989,2025-06-18 06:18:24,42.5487632751465,-8.93919277191162,"Female"
"9004155",371989,2025-06-18 06:23:28,42.5488433837891,-8.93923854827881,"Female"
"9004155",371989,2025-06-18 06:28:21,42.5488548278809,-8.93932342529297,"Female"
"9004155",371989,2025-06-18 06:33:44,42.5488929748535,-8.93947792053223,"Female"
"9004155",371989,2025-06-18 06:38:21,42.5488319396973,-8.93923377990723,"Female"
"9004155",371989,2025-06-18 06:43:21,42.5489349365234,-8.93931865692139,"Female"
"9004155",371989,2025-06-18 06:48:21,42.548957824707,-8.93942546844482,"Female"
"9004155",371989,2025-06-18 06:53:22,42.5488090515137,-8.9391393661499,"Female"
"9004155",371989,2025-06-18 06:58:21,42.5488319396973,-8.93927478790283,"Female"
"9004155",371989,2025-06-18 07:03:22,42.5490303039551,-8.93920612335205,"Female"
"9004155",371989,2025-06-18 07:08:21,42.5488243103027,-8.93913078308105,"Female"
"9004155",371989,2025-06-18 07:13:25,42.5488967895508,-8.93905448913574,"Female"
"9004155",371989,2025-06-18 07:18:21,42.5486907958984,-8.93902778625488,"Female"
"9004155",371989,2025-06-18 07:23:30,42.549144744873,-8.93951034545898,"Female"
"9004155",371989,2025-06-18 07:28:24,42.549373626709,-8.93927764892578,"Female"
"9004155",371989,2025-06-18 07:33:35,42.5490531921387,-8.93914127349854,"Female"
"9004155",371989,2025-06-18 07:38:44,42.5489768981934,-8.93931579589844,"Female"
"9004155",371989,2025-06-18 07:43:21,42.5487747192383,-8.93922519683838,"Female"
"9004155",371989,2025-06-18 07:48:23,42.5488090515137,-8.93932437896729,"Female"
"9004155",371989,2025-06-18 07:53:30,42.550220489502,-8.94053649902344,"Female"
"9004155",371989,2025-06-18 07:58:30,42.5501976013184,-8.94052028656006,"Female"
"9004155",371989,2025-06-18 08:03:24,42.5499877929688,-8.94047832489014,"Female"
"9004155",371989,2025-06-18 08:08:22,42.549934387207,-8.94047451019287,"Female"
"9004155",371989,2025-06-18 08:13:21,42.5499649047852,-8.94044017791748,"Female"
"9004155",371989,2025-06-18 08:18:30,42.5499725341797,-8.94036293029785,"Female"
"9004155",371989,2025-06-18 08:23:27,42.5500068664551,-8.94043731689453,"Female"
"9004155",371989,2025-06-18 08:28:27,42.5499267578125,-8.94036293029785,"Female"
"9004155",371989,2025-06-18 08:33:30,42.5498390197754,-8.94030666351318,"Female"
"9004155",371989,2025-06-18 08:38:44,42.5500221252441,-8.9403772354126,"Female"
"9004155",371989,2025-06-18 08:43:30,42.5500869750977,-8.94039154052734,"Female"
"9004155",371989,2025-06-18 08:48:30,42.5500297546387,-8.94033336639404,"Female"
"9004155",371989,2025-06-18 08:53:30,42.5500526428223,-8.94032096862793,"Female"
"9004155",371989,2025-06-18 08:58:30,42.550048828125,-8.94031810760498,"Female"
"9004155",371989,2025-06-18 09:03:30,42.5500068664551,-8.94025135040283,"Female"
"9004155",371989,2025-06-18 09:08:36,42.5502815246582,-8.9404468536377,"Female"
"9004155",371989,2025-06-18 09:13:31,42.5500106811523,-8.94022846221924,"Female"
"9004155",371989,2025-06-18 09:18:32,42.5501480102539,-8.94022083282471,"Female"
"9004155",371989,2025-06-18 09:23:31,42.5500907897949,-8.9402437210083,"Female"
"9004155",371989,2025-06-18 09:28:28,42.5500717163086,-8.94025039672852,"Female"
"9004155",371989,2025-06-18 09:33:29,42.5500640869141,-8.94022083282471,"Female"
"9004155",371989,2025-06-18 09:38:28,42.5500183105469,-8.94011688232422,"Female"
"9004155",371989,2025-06-18 09:43:44,42.5499649047852,-8.94013214111328,"Female"
"9004155",371989,2025-06-18 09:48:22,42.5500526428223,-8.94017887115479,"Female"
"9004155",371989,2025-06-18 09:53:22,42.5500183105469,-8.94009876251221,"Female"
"9004155",371989,2025-06-18 09:58:22,42.5502548217773,-8.94003105163574,"Female"
"9004155",371989,2025-06-18 10:03:22,42.5499839782715,-8.94017505645752,"Female"
"9004155",371989,2025-06-18 10:08:22,42.5572624206543,-8.90065765380859,"Female"
"9004155",371989,2025-06-18 10:13:22,42.5571479797363,-8.9006814956665,"Female"
"9004155",371989,2025-06-18 10:18:22,42.5571670532227,-8.9006519317627,"Female"
"9004155",371989,2025-06-18 10:23:22,42.5706748962402,-8.89046287536621,"Female"
"9004155",371989,2025-06-18 10:28:23,42.5817756652832,-8.84442806243896,"Female"
"9004155",371989,2025-06-18 10:33:24,42.5896987915039,-8.83394908905029,"Female"
"9004155",371989,2025-06-18 10:39:27,42.6026840209961,-8.81416702270508,"Female"
"9004155",371989,2025-06-18 10:44:24,42.6025810241699,-8.81296062469482,"Female"
"9004155",371989,2025-06-18 10:49:26,42.6025466918945,-8.81276321411133,"Female"
"9004155",371989,2025-06-18 10:54:24,42.6014671325684,-8.81342124938965,"Female"
"9004155",371989,2025-06-18 10:59:23,42.6011276245117,-8.8136043548584,"Female"
"9004155",371989,2025-06-18 11:04:24,42.6012763977051,-8.81346702575684,"Female"
"9004155",371989,2025-06-18 11:09:44,42.6022453308105,-8.81303405761719,"Female"
"9004155",371989,2025-06-18 11:14:23,42.602165222168,-8.81302833557129,"Female"
"9004155",371989,2025-06-18 11:19:23,42.6022338867188,-8.81298542022705,"Female"
"9004155",371989,2025-06-18 11:24:23,42.6018257141113,-8.81295967102051,"Female"
"9004155",371989,2025-06-18 11:29:24,42.6020812988281,-8.81288814544678,"Female"
"9004155",371989,2025-06-18 11:34:26,42.6023254394531,-8.81282234191895,"Female"
"9004155",371989,2025-06-18 11:39:29,42.6024589538574,-8.81276702880859,"Female"
"9004155",371989,2025-06-18 11:44:23,42.6018867492676,-8.81263732910156,"Female"
"9004155",371989,2025-06-18 11:49:44,42.6157569885254,-8.81598854064941,"Female"
"9004155",371989,2025-06-18 11:54:24,42.615177154541,-8.81656932830811,"Female"
"9004155",371989,2025-06-18 12:00:20,42.6157341003418,-8.81744956970215,"Female"
"9004155",371989,2025-06-18 12:05:50,42.6154975891113,-8.81763172149658,"Female"
"9004155",371989,2025-06-18 12:10:41,42.6146125793457,-8.81798267364502,"Female"
"9004155",371989,2025-06-18 12:15:41,42.614574432373,-8.81793022155762,"Female"
"9004155",371989,2025-06-18 12:20:41,42.6144981384277,-8.81789493560791,"Female"
"9004155",371989,2025-06-18 12:25:41,42.6144866943359,-8.81783866882324,"Female"
"9004155",371989,2025-06-18 12:30:41,42.6144981384277,-8.81766319274902,"Female"
"9004155",371989,2025-06-18 12:35:41,42.6144828796387,-8.81770896911621,"Female"
"9004155",371989,2025-06-18 12:40:41,42.6144561767578,-8.8176908493042,"Female"
"9004155",371989,2025-06-18 12:45:41,42.6144866943359,-8.81755352020264,"Female"
"9004155",371989,2025-06-18 12:50:42,42.614387512207,-8.81764125823975,"Female"
"9004155",371989,2025-06-18 12:55:42,42.6144866943359,-8.81761074066162,"Female"
"9004155",371989,2025-06-18 13:00:41,42.6143989562988,-8.81758975982666,"Female"
"9004155",371989,2025-06-18 13:05:41,42.6143951416016,-8.81754589080811,"Female"
"9004155",371989,2025-06-18 13:10:41,42.6144866943359,-8.81749439239502,"Female"
"9004155",371989,2025-06-18 13:15:42,42.6145401000977,-8.81743717193604,"Female"
"9004155",371989,2025-06-18 13:20:42,42.6145248413086,-8.81745433807373,"Female"
"9004155",371989,2025-06-18 13:25:46,42.6143684387207,-8.81740474700928,"Female"
"9004155",371989,2025-06-18 13:30:42,42.6145248413086,-8.81742191314697,"Female"
"9004155",371989,2025-06-18 13:35:42,42.6145133972168,-8.81742763519287,"Female"
"9004155",371989,2025-06-18 13:40:43,42.6145248413086,-8.81740570068359,"Female"
"9004155",371989,2025-06-18 13:45:42,42.6145629882812,-8.8174295425415,"Female"
"9004155",371989,2025-06-18 13:50:42,42.6145248413086,-8.81745147705078,"Female"
"9004155",371989,2025-06-18 13:55:42,42.6145324707031,-8.81741714477539,"Female"
"9004155",371989,2025-06-18 14:00:42,42.6145477294922,-8.81748104095459,"Female"
"9004155",371989,2025-06-18 14:05:42,42.6146049499512,-8.81741809844971,"Female"
"9004155",371989,2025-06-18 14:10:42,42.6146049499512,-8.81747627258301,"Female"
"9004155",371989,2025-06-18 14:15:42,42.6146278381348,-8.81753444671631,"Female"
"9004155",371989,2025-06-18 14:20:42,42.6153335571289,-8.81776905059814,"Female"
"9004155",371989,2025-06-18 14:25:44,42.6155776977539,-8.81744575500488,"Female"
"9004155",371989,2025-06-18 14:31:00,42.6152114868164,-8.81715202331543,"Female"
"9004155",371989,2025-06-18 14:35:57,42.614429473877,-8.81634616851807,"Female"
"9004155",371989,2025-06-18 14:41:16,42.6133728027344,-8.81594848632812,"Female"
"9004155",371989,2025-06-18 14:46:13,42.6143798828125,-8.81586360931396,"Female"
"9004155",371989,2025-06-18 14:51:12,42.6133880615234,-8.81575489044189,"Female"
"9004155",371989,2025-06-18 14:56:13,42.6140975952148,-8.81580829620361,"Female"
"9004155",371989,2025-06-18 15:01:13,42.6138114929199,-8.81569576263428,"Female"
"9004155",371989,2025-06-18 15:06:12,42.6143455505371,-8.81583023071289,"Female"
"9004155",371989,2025-06-18 15:11:12,42.6146011352539,-8.81587314605713,"Female"
"9004155",371989,2025-06-18 15:16:12,42.6147651672363,-8.81593608856201,"Female"
"9004155",371989,2025-06-18 15:21:13,42.614860534668,-8.81598663330078,"Female"
"9004155",371989,2025-06-18 15:26:12,42.6149749755859,-8.81599521636963,"Female"
"9004155",371989,2025-06-18 15:31:12,42.6148834228516,-8.81597137451172,"Female"
"9004155",371989,2025-06-18 15:36:13,42.6150588989258,-8.81624889373779,"Female"
"9004155",371989,2025-06-18 15:41:13,42.6149864196777,-8.81600761413574,"Female"
"9004155",371989,2025-06-18 15:46:19,42.6149520874023,-8.81596946716309,"Female"
"9004155",371989,2025-06-18 15:51:12,42.6150283813477,-8.81607627868652,"Female"
"9004155",371989,2025-06-18 15:56:12,42.615047454834,-8.81607246398926,"Female"
"9004155",371989,2025-06-18 16:01:18,42.6149673461914,-8.81634330749512,"Female"
"9004155",371989,2025-06-18 16:06:12,42.6142539978027,-8.81657886505127,"Female"
"9004155",371989,2025-06-18 16:11:25,42.6144943237305,-8.81770896911621,"Female"
"9004155",371989,2025-06-18 16:16:45,42.6141967773438,-8.81949138641357,"Female"
"9004155",371989,2025-06-18 16:21:49,42.6144027709961,-8.82038402557373,"Female"
"9004155",371989,2025-06-18 16:26:42,42.6142616271973,-8.82192420959473,"Female"
"9004155",371989,2025-06-18 16:31:49,42.6141586303711,-8.82176494598389,"Female"
"9004155",371989,2025-06-18 16:36:49,42.6140747070312,-8.82163429260254,"Female"
"9004155",371989,2025-06-18 16:41:49,42.6141548156738,-8.8217134475708,"Female"
"9004155",371989,2025-06-18 16:46:49,42.6140670776367,-8.82159328460693,"Female"
"9004155",371989,2025-06-18 16:51:49,42.6141624450684,-8.82168674468994,"Female"
"9004155",371989,2025-06-18 16:56:49,42.6141471862793,-8.82162666320801,"Female"
"9004155",371989,2025-06-18 17:01:49,42.6141204833984,-8.82161808013916,"Female"
"9004155",371989,2025-06-18 17:06:49,42.6141090393066,-8.8215799331665,"Female"
"9004155",371989,2025-06-18 17:11:48,42.6141090393066,-8.82160949707031,"Female"
"9004155",371989,2025-06-18 17:16:48,42.6142158508301,-8.82156372070312,"Female"
"9004155",371989,2025-06-18 17:21:48,42.6141586303711,-8.82156848907471,"Female"
"9004155",371989,2025-06-18 17:26:49,42.6140594482422,-8.82164001464844,"Female"
"9004155",371989,2025-06-18 17:31:49,42.6141052246094,-8.82165145874023,"Female"
"9004155",371989,2025-06-18 17:36:42,42.6140480041504,-8.82145595550537,"Female"
"9004155",371989,2025-06-18 17:41:44,42.6141014099121,-8.82168292999268,"Female"
"9004155",371989,2025-06-18 17:47:05,42.6140823364258,-8.82192611694336,"Female"
"9004155",371989,2025-06-18 17:51:40,42.6140823364258,-8.82186794281006,"Female"
"9004155",371989,2025-06-18 17:56:40,42.6140975952148,-8.82186317443848,"Female"
"9004155",371989,2025-06-18 18:01:40,42.6140670776367,-8.82183265686035,"Female"
"9004155",371989,2025-06-18 18:06:40,42.6141090393066,-8.8218240737915,"Female"
"9004155",371989,2025-06-18 18:11:40,42.614086151123,-8.82182884216309,"Female"
"9004155",371989,2025-06-18 18:16:40,42.6106414794922,-8.84547805786133,"Female"
"9004155",371989,2025-06-18 18:21:49,42.601448059082,-8.87667179107666,"Female"
"9004155",371989,2025-06-18 18:26:41,42.6015357971191,-8.87677478790283,"Female"
"9004155",371989,2025-06-18 18:31:40,42.6016426086426,-8.87691211700439,"Female"
"9004155",371989,2025-06-18 18:36:40,42.6016731262207,-8.87694072723389,"Female"
"9004155",371989,2025-06-18 18:41:40,42.6016311645508,-8.87686443328857,"Female"
"9004155",371989,2025-06-18 18:46:40,42.6016120910645,-8.87691593170166,"Female"
"9004155",371989,2025-06-18 18:51:42,42.6015853881836,-8.8769645690918,"Female"
"9004155",371989,2025-06-18 18:56:40,42.6015319824219,-8.87693881988525,"Female"
"9004155",371989,2025-06-18 19:01:40,42.6016540527344,-8.87706184387207,"Female"
"9004155",371989,2025-06-18 19:06:40,42.6017150878906,-8.87702751159668,"Female"
"9004155",371989,2025-06-18 19:11:42,42.6018028259277,-8.87697410583496,"Female"
"9004155",371989,2025-06-18 19:16:44,42.601692199707,-8.87694835662842,"Female"
"9004155",371989,2025-06-18 19:21:46,42.6016426086426,-8.87686824798584,"Female"
"9004155",371989,2025-06-18 19:27:05,42.6015625,-8.87673473358154,"Female"
"9004155",371989,2025-06-18 19:31:41,42.6016082763672,-8.87659358978271,"Female"
"9004155",371989,2025-06-18 19:36:41,42.6015357971191,-8.87662601470947,"Female"
"9004155",371989,2025-06-18 19:41:41,42.6015281677246,-8.87665557861328,"Female"
"9004155",371989,2025-06-18 19:46:41,42.601432800293,-8.8766918182373,"Female"
"9004155",371989,2025-06-18 19:51:41,42.6013221740723,-8.87690258026123,"Female"
"9004155",371989,2025-06-18 19:56:40,42.6014022827148,-8.87672996520996,"Female"
"9004155",371989,2025-06-18 20:01:40,42.6014366149902,-8.87675666809082,"Female"
"9004155",371989,2025-06-18 20:06:40,42.6014633178711,-8.87667083740234,"Female"
"9004155",371989,2025-06-18 20:11:40,42.6014709472656,-8.87660694122314,"Female"
"9004155",371989,2025-06-18 20:16:40,42.6014289855957,-8.87671756744385,"Female"
"9004155",371989,2025-06-18 20:21:40,42.6014862060547,-8.87671184539795,"Female"
"9004155",371989,2025-06-18 20:26:40,42.6015625,-8.87668418884277,"Female"
"9004155",371989,2025-06-18 20:31:41,42.6015090942383,-8.87651443481445,"Female"
"9004155",371989,2025-06-18 20:36:41,42.6012344360352,-8.87664413452148,"Female"
"9004155",371989,2025-06-18 20:41:41,42.6013870239258,-8.87654781341553,"Female"
"9004155",371989,2025-06-18 20:46:40,42.6013984680176,-8.87655639648438,"Female"
"9004155",371989,2025-06-18 20:51:41,42.6013641357422,-8.87657737731934,"Female"
"9004155",371989,2025-06-18 20:56:44,42.6013412475586,-8.87655544281006,"Female"
"9004155",371989,2025-06-18 21:01:41,42.6012573242188,-8.876540184021,"Female"
"9004155",371989,2025-06-18 21:06:41,42.6013107299805,-8.87646865844727,"Female"
"9004155",371989,2025-06-18 21:11:41,42.601318359375,-8.87633609771729,"Female"
"9004155",371989,2025-06-18 21:16:41,42.6013565063477,-8.87641334533691,"Female"
"9004155",371989,2025-06-18 21:21:41,42.6012191772461,-8.87624454498291,"Female"
"9004155",371989,2025-06-18 21:26:41,42.6012649536133,-8.87640476226807,"Female"
"9004155",371989,2025-06-18 21:31:41,42.6010818481445,-8.87642669677734,"Female"
"9004155",371989,2025-06-18 21:36:41,42.6011619567871,-8.87650299072266,"Female"
"9004155",371989,2025-06-18 21:41:41,42.6012077331543,-8.87626934051514,"Female"
"9004155",371989,2025-06-18 21:46:41,42.601203918457,-8.87632274627686,"Female"
"9004155",371989,2025-06-18 21:51:41,42.6011161804199,-8.8764820098877,"Female"
"9004155",371989,2025-06-18 21:56:41,42.6011810302734,-8.87652969360352,"Female"
"9004155",371989,2025-06-18 22:01:41,42.6012420654297,-8.87648963928223,"Female"
"9004155",371989,2025-06-18 22:06:41,42.6013107299805,-8.8765697479248,"Female"
"9004155",371989,2025-06-18 22:11:41,42.6013374328613,-8.87661361694336,"Female"
"9004155",371989,2025-06-18 22:16:41,42.6014862060547,-8.87681198120117,"Female"
"9004155",371989,2025-06-18 22:21:41,42.6012687683105,-8.87636661529541,"Female"
"9004155",371989,2025-06-18 22:26:41,42.6013145446777,-8.87649631500244,"Female"
"9004155",371989,2025-06-18 22:31:41,42.6014060974121,-8.87668132781982,"Female"
"9004155",371989,2025-06-18 22:36:41,42.6014289855957,-8.87674045562744,"Female"
"9004155",371989,2025-06-18 22:41:41,42.601390838623,-8.8766918182373,"Female"
"9004155",371989,2025-06-18 22:46:41,42.6014671325684,-8.87689208984375,"Female"
"9004155",371989,2025-06-18 22:51:41,42.6011962890625,-8.87647914886475,"Female"
"9004155",371989,2025-06-18 22:56:41,42.6012649536133,-8.87655067443848,"Female"
"9004155",371989,2025-06-18 23:01:41,42.6012573242188,-8.87659072875977,"Female"
"9004155",371989,2025-06-18 23:06:41,42.6012344360352,-8.87656116485596,"Female"
"9004155",371989,2025-06-18 23:11:41,42.6012763977051,-8.87659358978271,"Female"
"9004155",371989,2025-06-18 23:16:41,42.6013107299805,-8.87653636932373,"Female"
"9004155",371989,2025-06-18 23:21:41,42.6013488769531,-8.8765697479248,"Female"
"9004155",371989,2025-06-18 23:26:41,42.6013565063477,-8.8765926361084,"Female"
"9004155",371989,2025-06-18 23:31:41,42.6014175415039,-8.87658882141113,"Female"
"9004155",371989,2025-06-18 23:36:41,42.6014022827148,-8.8765811920166,"Female"
"9004155",371989,2025-06-18 23:41:49,42.6015014648438,-8.87662887573242,"Female"
"9004155",371989,2025-06-18 23:46:41,42.6014213562012,-8.87654113769531,"Female"
"9004155",371989,2025-06-18 23:51:41,42.6014862060547,-8.87657260894775,"Female"
"9004155",371989,2025-06-18 23:56:41,42.6014709472656,-8.87656497955322,"Female"
"9004155",371989,2025-06-19 00:01:42,42.6012878417969,-8.87617111206055,"Female"
"9004155",371989,2025-06-19 00:06:42,42.6011543273926,-8.87587547302246,"Female"
"9004155",371989,2025-06-19 00:11:42,42.6013107299805,-8.87608814239502,"Female"
"9004155",371989,2025-06-19 00:16:42,42.6013145446777,-8.87568187713623,"Female"
"9004155",371989,2025-06-19 00:21:42,42.6012802124023,-8.87578773498535,"Female"
"9004155",371989,2025-06-19 00:26:43,42.6014022827148,-8.8760232925415,"Female"
"9004155",371989,2025-06-19 00:31:47,42.6013221740723,-8.87632942199707,"Female"
"9004155",371989,2025-06-19 00:36:42,42.6012802124023,-8.8760871887207,"Female"
"9004155",371989,2025-06-19 00:41:40,42.601188659668,-8.87783908843994,"Female"
"9004155",371989,2025-06-19 00:46:42,42.6013450622559,-8.87732696533203,"Female"
"9004155",371989,2025-06-19 00:51:43,42.6013641357422,-8.87738704681396,"Female"
"9004155",371989,2025-06-19 00:56:41,42.6013946533203,-8.87721347808838,"Female"
"9004155",371989,2025-06-19 01:01:41,42.6013717651367,-8.87721824645996,"Female"
"9004155",371989,2025-06-19 01:06:41,42.6015319824219,-8.87684345245361,"Female"
"9004155",371989,2025-06-19 01:11:41,42.6015586853027,-8.87676429748535,"Female"
"9004155",371989,2025-06-19 01:16:42,42.6014785766602,-8.87700176239014,"Female"
"9004155",371989,2025-06-19 01:21:41,42.6014633178711,-8.87697505950928,"Female"
"9004155",371989,2025-06-19 01:26:41,42.6015548706055,-8.87682342529297,"Female"
"9004155",371989,2025-06-19 01:31:41,42.601634979248,-8.87673377990723,"Female"
"9004155",371989,2025-06-19 01:36:42,42.601188659668,-8.87677955627441,"Female"
"9004155",371989,2025-06-19 01:41:42,42.6016693115234,-8.87656307220459,"Female"
"9004155",371989,2025-06-19 01:46:42,42.6015968322754,-8.87668418884277,"Female"
"9004155",371989,2025-06-19 01:51:41,42.6016273498535,-8.8768196105957,"Female"
"9004155",371989,2025-06-19 01:56:41,42.6016044616699,-8.87663650512695,"Female"
"9004155",371989,2025-06-19 02:01:42,42.6016159057617,-8.87681579589844,"Female"
"9004155",371989,2025-06-19 02:06:42,42.6015510559082,-8.87684154510498,"Female"
"9004155",371989,2025-06-19 02:11:42,42.6015739440918,-8.87685871124268,"Female"
"9004155",371989,2025-06-19 02:16:41,42.6015739440918,-8.87683868408203,"Female"
"9004155",371989,2025-06-19 02:21:42,42.6015319824219,-8.87685108184814,"Female"
"9004155",371989,2025-06-19 02:26:42,42.6016273498535,-8.87684917449951,"Female"
"9004155",371989,2025-06-19 02:31:48,42.601692199707,-8.87687873840332,"Female"
"9004155",371989,2025-06-19 02:36:41,42.6014175415039,-8.87678146362305,"Female"
"9004155",371989,2025-06-19 02:41:44,42.6016426086426,-8.87681198120117,"Female"
"9004155",371989,2025-06-19 02:46:44,42.6015167236328,-8.87688064575195,"Female"
"9004155",371989,2025-06-19 02:51:41,42.6014671325684,-8.87672710418701,"Female"
"9004155",371989,2025-06-19 02:56:41,42.601490020752,-8.87677097320557,"Female"
"9004155",371989,2025-06-19 03:01:41,42.6015205383301,-8.87680816650391,"Female"
"9004155",371989,2025-06-19 03:06:41,42.6015014648438,-8.87679481506348,"Female"
"9004155",371989,2025-06-19 03:11:41,42.6015129089355,-8.87681865692139,"Female"
"9004155",371989,2025-06-19 03:16:41,42.6016540527344,-8.87691307067871,"Female"
"9004155",371989,2025-06-19 03:21:41,42.6023101806641,-8.87751960754395,"Female"
"9004155",371989,2025-06-19 03:26:41,42.602108001709,-8.87728118896484,"Female"
"9004155",371989,2025-06-19 03:31:41,42.6014022827148,-8.87662315368652,"Female"
"9004155",371989,2025-06-19 03:36:41,42.6021537780762,-8.87729454040527,"Female"
"9004155",371989,2025-06-19 03:41:41,42.6021919250488,-8.87731266021729,"Female"
"9004155",371989,2025-06-19 03:46:41,42.6022720336914,-8.87738513946533,"Female"
"9004155",371989,2025-06-19 03:51:41,42.6022758483887,-8.87735080718994,"Female"
"9004155",371989,2025-06-19 03:56:41,42.6022644042969,-8.87732315063477,"Female"
"9004155",371989,2025-06-19 04:01:41,42.6022682189941,-8.87730884552002,"Female"
"9004155",371989,2025-06-19 04:06:41,42.6022834777832,-8.87726783752441,"Female"
"9004155",371989,2025-06-19 04:11:41,42.6022109985352,-8.87723541259766,"Female"
"9004155",371989,2025-06-19 04:16:41,42.6023216247559,-8.87730884552002,"Female"
"9004155",371989,2025-06-19 04:21:41,42.6023063659668,-8.87734031677246,"Female"
"9004155",371989,2025-06-19 04:26:41,42.6022491455078,-8.87727546691895,"Female"
"9004155",371989,2025-06-19 04:31:41,42.6023139953613,-8.87741756439209,"Female"
"9004155",371989,2025-06-19 04:36:49,42.6020889282227,-8.87713527679443,"Female"
"9004155",371989,2025-06-19 04:41:54,42.601936340332,-8.87728881835938,"Female"
"9004155",371989,2025-06-19 04:46:46,42.6015701293945,-8.87678623199463,"Female"
"9004155",371989,2025-06-19 04:51:44,42.6015510559082,-8.876708984375,"Female"
"9004155",371989,2025-06-19 04:56:43,42.6015434265137,-8.87692737579346,"Female"
"9004155",371989,2025-06-19 05:01:47,42.6015853881836,-8.87689685821533,"Female"
"9004155",371989,2025-06-19 05:07:14,42.6015739440918,-8.87720108032227,"Female"
"9004155",371989,2025-06-19 05:11:41,42.6015472412109,-8.87713718414307,"Female"
"9004155",371989,2025-06-19 05:16:41,42.6015319824219,-8.87710857391357,"Female"
"9004155",371989,2025-06-19 05:21:41,42.6015510559082,-8.87717342376709,"Female"
"9004155",371989,2025-06-19 05:26:40,42.6015510559082,-8.87716579437256,"Female"
"9004155",371989,2025-06-19 05:31:41,42.6014442443848,-8.87714004516602,"Female"
"9004155",371989,2025-06-19 05:36:42,42.6015129089355,-8.87707328796387,"Female"
"9004155",371989,2025-06-19 05:41:41,42.6015243530273,-8.87712860107422,"Female"
"9004155",371989,2025-06-19 05:46:41,42.6013526916504,-8.87682342529297,"Female"
"9004155",371989,2025-06-19 05:51:41,42.6013832092285,-8.87685966491699,"Female"
"9004155",371989,2025-06-19 05:56:43,42.601188659668,-8.87627601623535,"Female"
"9004155",371989,2025-06-19 06:02:05,42.6013870239258,-8.87687397003174,"Female"
"9004155",371989,2025-06-19 06:06:40,42.6014862060547,-8.87672138214111,"Female"
"9004155",371989,2025-06-19 06:11:40,42.6011161804199,-8.87627983093262,"Female"
"9004155",371989,2025-06-19 06:16:40,42.6014289855957,-8.87667751312256,"Female"
"9004155",371989,2025-06-19 06:21:42,42.6013832092285,-8.87672424316406,"Female"
"9004155",371989,2025-06-19 06:26:40,42.6013641357422,-8.87671756744385,"Female"
"9004155",371989,2025-06-19 06:31:43,42.6013717651367,-8.87661552429199,"Female"
"9004155",371989,2025-06-19 06:36:49,42.6013145446777,-8.87671852111816,"Female"
"9004155",371989,2025-06-19 06:41:50,42.6014556884766,-8.87672901153564,"Female"
"9004155",371989,2025-06-19 06:46:41,42.6013221740723,-8.87672996520996,"Female"
"9004155",371989,2025-06-19 06:51:41,42.6014022827148,-8.87664222717285,"Female"
"9004155",371989,2025-06-19 06:56:43,42.6013679504395,-8.87671947479248,"Female"
"9004155",371989,2025-06-19 07:01:43,42.6014823913574,-8.87661457061768,"Female"
"9004155",371989,2025-06-19 07:06:43,42.601390838623,-8.87668514251709,"Female"
"9004155",371989,2025-06-19 07:11:49,42.6014099121094,-8.87669086456299,"Female"
"9004155",371989,2025-06-19 07:16:50,42.6014366149902,-8.87680339813232,"Female"
"9004155",371989,2025-06-19 07:21:50,42.601390838623,-8.87673950195312,"Female"
"9004155",371989,2025-06-19 07:26:51,42.6013717651367,-8.87673377990723,"Female"
"9004155",371989,2025-06-19 07:31:50,42.6014175415039,-8.87676429748535,"Female"
"9004155",371989,2025-06-19 07:36:49,42.6015472412109,-8.87657928466797,"Female"
"9004155",371989,2025-06-19 07:41:41,42.6015701293945,-8.87654495239258,"Female"
"9004155",371989,2025-06-19 07:46:41,42.6015625,-8.87656593322754,"Female"
"9004155",371989,2025-06-19 07:51:41,42.6015243530273,-8.8765869140625,"Female"
"9004155",371989,2025-06-19 07:56:41,42.6014709472656,-8.87656402587891,"Female"
"9004155",371989,2025-06-19 08:01:46,42.5996627807617,-8.8634090423584,"Female"
"9004155",371989,2025-06-19 08:06:46,42.5996589660645,-8.86343765258789,"Female"
"9004155",371989,2025-06-19 08:11:50,42.5996551513672,-8.86345195770264,"Female"
"9004155",371989,2025-06-19 08:16:48,42.5995979309082,-8.86351203918457,"Female"
"9004155",371989,2025-06-19 08:21:41,42.5996513366699,-8.86361885070801,"Female"
"9004155",371989,2025-06-19 08:26:43,42.6036987304688,-8.8458833694458,"Female"
"9004155",371989,2025-06-19 08:32:03,42.6069259643555,-8.84695053100586,"Female"
"9004155",371989,2025-06-19 08:37:50,42.6071662902832,-8.84653854370117,"Female"
"9004155",371989,2025-06-19 08:43:04,42.6084365844727,-8.84488677978516,"Female"
"9004155",371989,2025-06-19 08:50:01,42.6079292297363,-8.84396171569824,"Female"
"9004155",371989,2025-06-19 08:54:59,42.6075897216797,-8.84331512451172,"Female"
"9004155",371989,2025-06-19 09:00:01,42.6077079772949,-8.8434886932373,"Female"
"9004155",371989,2025-06-19 09:05:01,42.6078834533691,-8.84365653991699,"Female"
"9004155",371989,2025-06-19 09:09:57,42.6077003479004,-8.84343814849854,"Female"
"9004155",371989,2025-06-19 09:14:57,42.6076812744141,-8.84351348876953,"Female"
"9004155",371989,2025-06-19 09:19:57,42.6075592041016,-8.84376621246338,"Female"
"9004155",371989,2025-06-19 09:24:57,42.6075744628906,-8.84373092651367,"Female"
"9004155",371989,2025-06-19 09:29:57,42.6076126098633,-8.84388828277588,"Female"
"9004155",371989,2025-06-19 09:34:57,42.6075477600098,-8.84391212463379,"Female"
"9004155",371989,2025-06-19 09:39:57,42.6075057983398,-8.84388732910156,"Female"
"9004155",371989,2025-06-19 09:44:57,42.6077842712402,-8.84418964385986,"Female"
"9004155",371989,2025-06-19 09:49:57,42.6077651977539,-8.84412288665771,"Female"
"9004155",371989,2025-06-19 09:54:58,42.6077499389648,-8.84391593933105,"Female"
"9004155",371989,2025-06-19 09:59:57,42.6075897216797,-8.84378528594971,"Female"
"9004155",371989,2025-06-19 10:04:57,42.6075553894043,-8.84394264221191,"Female"
"9004155",371989,2025-06-19 10:09:58,42.6076011657715,-8.84386539459229,"Female"
"9004155",371989,2025-06-19 10:15:01,42.6080474853516,-8.84375286102295,"Female"
"9004155",371989,2025-06-19 10:20:00,42.6079940795898,-8.84378433227539,"Female"
"9004155",371989,2025-06-19 10:25:00,42.6077728271484,-8.84366798400879,"Female"
"9004155",371989,2025-06-19 10:32:55,42.6072196960449,-8.84337139129639,"Female"
"9004155",371989,2025-06-19 10:39:14,42.608283996582,-8.84293460845947,"Female"
"9004155",371989,2025-06-19 10:44:27,42.6080589294434,-8.84313201904297,"Female"
"9004155",371989,2025-06-19 10:49:15,42.6080856323242,-8.84287738800049,"Female"
"9004155",371989,2025-06-19 10:54:14,42.6079711914062,-8.84284019470215,"Female"
"9004155",371989,2025-06-19 10:59:14,42.6080284118652,-8.84284400939941,"Female"
"9004155",371989,2025-06-19 11:04:17,42.6079788208008,-8.84283828735352,"Female"
"9004155",371989,2025-06-19 11:09:14,42.6081428527832,-8.84314632415771,"Female"
"9004155",371989,2025-06-19 11:14:14,42.608024597168,-8.84275245666504,"Female"
"9004155",371989,2025-06-19 11:19:16,42.6079483032227,-8.84269523620605,"Female"
"9004155",371989,2025-06-19 11:24:14,42.6076583862305,-8.84248447418213,"Female"
"9004155",371989,2025-06-19 11:29:18,42.6086006164551,-8.84276962280273,"Female"
"9004155",371989,2025-06-19 11:34:35,42.6083221435547,-8.84303188323975,"Female"
"9004155",371989,2025-06-19 11:39:45,42.6150817871094,-8.81887531280518,"Female"
"9004155",371989,2025-06-19 11:45:11,42.6153717041016,-8.81876087188721,"Female"
"9004155",371989,2025-06-19 11:50:14,42.6152420043945,-8.81918525695801,"Female"
"9004155",371989,2025-06-19 11:55:14,42.6152763366699,-8.81903171539307,"Female"
"9004155",371989,2025-06-19 12:00:14,42.615234375,-8.81901359558105,"Female"
"9004155",371989,2025-06-19 12:05:14,42.6152305603027,-8.81902027130127,"Female"
"9004155",371989,2025-06-19 12:10:15,42.6152191162109,-8.8190393447876,"Female"
"9004155",371989,2025-06-19 12:15:14,42.615234375,-8.81904411315918,"Female"
"9004155",371989,2025-06-19 12:20:15,42.6152191162109,-8.81903648376465,"Female"
"9004155",371989,2025-06-19 12:25:15,42.6152191162109,-8.81908893585205,"Female"
"9004155",371989,2025-06-19 12:30:15,42.6152420043945,-8.81903839111328,"Female"
"9004155",371989,2025-06-19 12:35:15,42.6152305603027,-8.81900405883789,"Female"
"9004155",371989,2025-06-19 12:40:15,42.6152229309082,-8.81904411315918,"Female"
"9004155",371989,2025-06-19 12:45:15,42.6152114868164,-8.81907367706299,"Female"
"9004155",371989,2025-06-19 12:50:15,42.6152305603027,-8.81907272338867,"Female"
"9004155",371989,2025-06-19 12:55:15,42.615177154541,-8.81904315948486,"Female"
"9004155",371989,2025-06-19 13:00:18,42.6151847839355,-8.81910037994385,"Female"
"9004155",371989,2025-06-19 13:05:43,42.6154174804688,-8.8192253112793,"Female"
"9004155",371989,2025-06-19 13:10:56,42.6152801513672,-8.81925582885742,"Female"
"9004155",371989,2025-06-19 13:15:57,42.6151275634766,-8.81899166107178,"Female"
"9004155",371989,2025-06-19 13:20:56,42.6151885986328,-8.81894493103027,"Female"
"9004155",371989,2025-06-19 13:25:56,42.6150741577148,-8.81904888153076,"Female"
"9004155",371989,2025-06-19 13:30:56,42.6150817871094,-8.81909847259521,"Female"
"9004155",371989,2025-06-19 13:35:56,42.6150512695312,-8.81908416748047,"Female"
"9004155",371989,2025-06-19 13:40:57,42.6151695251465,-8.8190336227417,"Female"
"9004155",371989,2025-06-19 13:45:56,42.6150703430176,-8.81905364990234,"Female"
"9004155",371989,2025-06-19 13:50:56,42.6150665283203,-8.81902980804443,"Female"
"9004155",371989,2025-06-19 13:55:56,42.6150207519531,-8.81908893585205,"Female"
"9004155",371989,2025-06-19 14:00:56,42.6150436401367,-8.81907558441162,"Female"
"9004155",371989,2025-06-19 14:05:56,42.615119934082,-8.81905364990234,"Female"
"9004155",371989,2025-06-19 14:10:57,42.6150817871094,-8.81897735595703,"Female"
"9004155",371989,2025-06-19 14:15:56,42.6151657104492,-8.81914520263672,"Female"
"9004155",371989,2025-06-19 14:20:56,42.6152877807617,-8.81918621063232,"Female"
"9004155",371989,2025-06-19 14:25:56,42.6153030395508,-8.81906604766846,"Female"
"9004155",371989,2025-06-19 14:30:56,42.6153411865234,-8.81905364990234,"Female"
"9004155",371989,2025-06-19 14:35:56,42.6153411865234,-8.81897926330566,"Female"
"9004155",371989,2025-06-19 14:40:56,42.6153373718262,-8.81897640228271,"Female"
"9004155",371989,2025-06-19 14:45:56,42.6153335571289,-8.81894016265869,"Female"
"9004155",371989,2025-06-19 14:50:56,42.6153030395508,-8.81888484954834,"Female"
"9004155",371989,2025-06-19 14:55:56,42.6153984069824,-8.81897068023682,"Female"
"9004155",371989,2025-06-19 15:00:56,42.615406036377,-8.81898403167725,"Female"
"9004155",371989,2025-06-19 15:05:58,42.6153678894043,-8.8189811706543,"Female"
"9004155",371989,2025-06-19 15:10:56,42.6154479980469,-8.81901264190674,"Female"
"9004155",371989,2025-06-19 15:15:56,42.6152877807617,-8.81881046295166,"Female"
"9004155",371989,2025-06-19 15:20:59,42.6153182983398,-8.81894302368164,"Female"
"9004155",371989,2025-06-19 15:25:56,42.6151466369629,-8.81954193115234,"Female"
"9004155",371989,2025-06-19 15:31:50,42.6150588989258,-8.82037830352783,"Female"
"9004155",371989,2025-06-19 15:36:53,42.6148948669434,-8.82034111022949,"Female"
"9004155",371989,2025-06-19 15:42:52,42.6147651672363,-8.82024192810059,"Female"
"9004155",371989,2025-06-19 15:48:33,42.6139984130859,-8.82107067108154,"Female"
"9004155",371989,2025-06-19 15:53:26,42.613697052002,-8.82072830200195,"Female"
"9004155",371989,2025-06-19 15:58:29,42.6134643554688,-8.8205680847168,"Female"
"9004155",371989,2025-06-19 16:03:28,42.6130867004395,-8.82110500335693,"Female"
"9004155",371989,2025-06-19 16:08:27,42.613094329834,-8.8212833404541,"Female"
"9004155",371989,2025-06-19 16:13:27,42.6131286621094,-8.82120132446289,"Female"
"9004155",371989,2025-06-19 16:18:30,42.6133689880371,-8.82119274139404,"Female"
"9004155",371989,2025-06-19 16:23:27,42.6128883361816,-8.82122802734375,"Female"
"9004155",371989,2025-06-19 16:28:33,42.613410949707,-8.8211784362793,"Female"
"9004155",371989,2025-06-19 16:33:29,42.6130638122559,-8.82123374938965,"Female"
"9004155",371989,2025-06-19 16:38:33,42.6134605407715,-8.82116794586182,"Female"
"9004155",371989,2025-06-19 16:43:26,42.6135597229004,-8.82119178771973,"Female"
"9004155",371989,2025-06-19 16:48:38,42.6134834289551,-8.82131290435791,"Female"
"9004155",371989,2025-06-19 16:53:26,42.6134185791016,-8.82132530212402,"Female"
"9004155",371989,2025-06-19 16:58:26,42.6135482788086,-8.82128524780273,"Female"
"9004155",371989,2025-06-19 17:03:25,42.6136436462402,-8.82157707214355,"Female"
"9004155",371989,2025-06-19 17:08:25,42.6135292053223,-8.82144165039062,"Female"
"9004155",371989,2025-06-19 17:13:24,42.6139068603516,-8.82127666473389,"Female"
"9004155",371989,2025-06-19 17:18:24,42.6135177612305,-8.82191753387451,"Female"
"9004155",371989,2025-06-19 17:23:26,42.6131172180176,-8.82228469848633,"Female"
"9004155",371989,2025-06-19 17:28:25,42.6135101318359,-8.82195854187012,"Female"
"9004155",371989,2025-06-19 17:33:25,42.6134719848633,-8.82239532470703,"Female"
"9004155",371989,2025-06-19 17:39:12,42.6136856079102,-8.82412147521973,"Female"
"9004155",371989,2025-06-19 17:44:29,42.6143608093262,-8.82026863098145,"Female"
"9004155",371989,2025-06-19 17:49:54,42.6141624450684,-8.8197135925293,"Female"
"9004155",371989,2025-06-19 17:55:06,42.6135482788086,-8.81858921051025,"Female"
"9004155",371989,2025-06-19 18:00:30,42.6134872436523,-8.81965827941895,"Female"
"9004155",371989,2025-06-19 18:05:10,42.6136779785156,-8.81905746459961,"Female"
"9004155",371989,2025-06-19 18:10:11,42.6137580871582,-8.81905174255371,"Female"
"9004155",371989,2025-06-19 18:15:12,42.6137199401855,-8.8193883895874,"Female"
"9004155",371989,2025-06-19 18:20:10,42.6137466430664,-8.81937408447266,"Female"
"9004155",371989,2025-06-19 18:25:11,42.6136245727539,-8.81963157653809,"Female"
"9004155",371989,2025-06-19 18:30:10,42.6133880615234,-8.82009983062744,"Female"
"9004155",371989,2025-06-19 18:35:10,42.6134376525879,-8.82002830505371,"Female"
"9004155",371989,2025-06-19 18:40:11,42.6134567260742,-8.82001209259033,"Female"
"9004155",371989,2025-06-19 18:45:12,42.6134948730469,-8.81987285614014,"Female"
"9004155",371989,2025-06-19 18:50:10,42.6133995056152,-8.82008266448975,"Female"
"9004155",371989,2025-06-19 18:55:10,42.6123199462891,-8.82725620269775,"Female"
"9004155",371989,2025-06-19 19:00:10,42.6030197143555,-8.87450981140137,"Female"
"9004155",371989,2025-06-19 19:05:10,42.6016731262207,-8.87689304351807,"Female"
"9004155",371989,2025-06-19 19:10:10,42.6016845703125,-8.87697887420654,"Female"
"9004155",371989,2025-06-19 19:15:10,42.6016654968262,-8.87699413299561,"Female"
"9004155",371989,2025-06-19 19:20:10,42.6016044616699,-8.87697410583496,"Female"
"9004155",371989,2025-06-19 19:25:10,42.6016159057617,-8.87705898284912,"Female"
"9004155",371989,2025-06-19 19:30:13,42.6016387939453,-8.87701606750488,"Female"
"9004155",371989,2025-06-19 19:35:11,42.6014595031738,-8.87710189819336,"Female"
"9004155",371989,2025-06-19 19:40:17,42.6016426086426,-8.87695503234863,"Female"
"9004155",371989,2025-06-19 19:45:11,42.6012535095215,-8.87711906433105,"Female"
"9004155",371989,2025-06-19 19:50:11,42.6015090942383,-8.87692356109619,"Female"
"9004155",371989,2025-06-19 19:55:11,42.6015586853027,-8.87687492370605,"Female"
"9004155",371989,2025-06-19 20:00:11,42.6014213562012,-8.87701797485352,"Female"
"9004155",371989,2025-06-19 20:05:12,42.6010971069336,-8.87675952911377,"Female"
"9004155",371989,2025-06-19 20:10:12,42.6014556884766,-8.87679672241211,"Female"
"9004155",371989,2025-06-19 20:15:12,42.6012344360352,-8.87664318084717,"Female"
"9004155",371989,2025-06-19 20:20:13,42.6016464233398,-8.87690448760986,"Female"
"9004155",371989,2025-06-19 20:25:13,42.6016616821289,-8.87689781188965,"Female"
"9004155",371989,2025-06-19 20:30:10,42.6011009216309,-8.8764705657959,"Female"
"9004155",371989,2025-06-19 20:35:10,42.6011199951172,-8.87645816802979,"Female"
"9004155",371989,2025-06-19 20:40:16,42.6011199951172,-8.87655448913574,"Female"
"9004155",371989,2025-06-19 20:45:11,42.6013374328613,-8.87629508972168,"Female"
"9004155",371989,2025-06-19 20:50:10,42.601245880127,-8.87640762329102,"Female"
"9004155",371989,2025-06-19 20:55:10,42.6014671325684,-8.87643623352051,"Female"
"9004155",371989,2025-06-19 21:00:10,42.6014213562012,-8.87628746032715,"Female"
"9004155",371989,2025-06-19 21:05:10,42.6014251708984,-8.87629127502441,"Female"
"9004155",371989,2025-06-19 21:10:10,42.6014518737793,-8.87615013122559,"Female"
"9004155",371989,2025-06-19 21:15:10,42.6012496948242,-8.87625789642334,"Female"
"9004155",371989,2025-06-19 21:20:11,42.6010551452637,-8.8758020401001,"Female"
"9004155",371989,2025-06-19 21:25:13,42.6011047363281,-8.8761510848999,"Female"
"9004155",371989,2025-06-19 21:30:13,42.6011161804199,-8.87563610076904,"Female"
"9004155",371989,2025-06-19 21:35:10,42.6017074584961,-8.876389503479,"Female"
"9004155",371989,2025-06-19 21:40:11,42.6017532348633,-8.87615394592285,"Female"
"9004155",371989,2025-06-19 21:45:10,42.6018257141113,-8.87652969360352,"Female"
"9004155",371989,2025-06-19 21:50:10,42.6016387939453,-8.87635040283203,"Female"
"9004155",371989,2025-06-19 21:55:12,42.6019630432129,-8.87667942047119,"Female"
"9004155",371989,2025-06-19 22:00:10,42.6017951965332,-8.87653923034668,"Female"
"9004155",371989,2025-06-19 22:05:10,42.6016235351562,-8.87623023986816,"Female"
"9004155",371989,2025-06-19 22:10:10,42.6016464233398,-8.87619972229004,"Female"
"9004155",371989,2025-06-19 22:15:11,42.6016273498535,-8.87624454498291,"Female"
"9004155",371989,2025-06-19 22:20:13,42.6015815734863,-8.87603282928467,"Female"
"9004155",371989,2025-06-19 22:25:15,42.6015243530273,-8.87612342834473,"Female"
"9004155",371989,2025-06-19 22:30:35,42.6013374328613,-8.8765115737915,"Female"
"9004155",371989,2025-06-19 22:35:10,42.601375579834,-8.87660884857178,"Female"
"9004155",371989,2025-06-19 22:40:10,42.6013946533203,-8.87664699554443,"Female"
"9004155",371989,2025-06-19 22:45:10,42.6014137268066,-8.87662982940674,"Female"
"9004155",371989,2025-06-19 22:50:10,42.6013526916504,-8.87671947479248,"Female"
"9004155",371989,2025-06-19 22:55:10,42.6013832092285,-8.87667369842529,"Female"
"9004155",371989,2025-06-19 23:00:10,42.6012992858887,-8.87670230865479,"Female"
"9004155",371989,2025-06-19 23:05:10,42.6013298034668,-8.87673473358154,"Female"
"9004155",371989,2025-06-19 23:10:10,42.6013374328613,-8.87667655944824,"Female"
"9004155",371989,2025-06-19 23:15:10,42.6013145446777,-8.87666416168213,"Female"
"9004155",371989,2025-06-19 23:20:10,42.6013031005859,-8.87669372558594,"Female"
"9004155",371989,2025-06-19 23:25:10,42.6013450622559,-8.87667179107666,"Female"
"9004155",371989,2025-06-19 23:30:10,42.6013336181641,-8.87665367126465,"Female"
"9004155",371989,2025-06-19 23:35:10,42.6012763977051,-8.87663173675537,"Female"
"9004155",371989,2025-06-19 23:40:10,42.6012420654297,-8.87671375274658,"Female"
"9004155",371989,2025-06-19 23:45:10,42.6011238098145,-8.87673950195312,"Female"
"9004155",371989,2025-06-19 23:50:10,42.6012115478516,-8.87667179107666,"Female"
"9004155",371989,2025-06-19 23:55:10,42.6012382507324,-8.87664127349854,"Female"
"9004155",371989,2025-06-20 00:00:10,42.601131439209,-8.87664031982422,"Female"
"9004155",371989,2025-06-20 00:05:10,42.6010437011719,-8.87678527832031,"Female"
"9004155",371989,2025-06-20 00:10:10,42.6011505126953,-8.87668895721436,"Female"
"9004155",371989,2025-06-20 00:15:10,42.601131439209,-8.87665939331055,"Female"
"9004155",371989,2025-06-20 00:20:10,42.6012001037598,-8.8766622543335,"Female"
"9004155",371989,2025-06-20 00:25:10,42.6010131835938,-8.87678527832031,"Female"
"9004155",371989,2025-06-20 00:30:10,42.6010322570801,-8.87669467926025,"Female"
"9004155",371989,2025-06-20 00:35:10,42.6011047363281,-8.8767032623291,"Female"
"9004155",371989,2025-06-20 00:40:10,42.601146697998,-8.8767261505127,"Female"
"9004155",371989,2025-06-20 00:45:10,42.6013412475586,-8.87668323516846,"Female"
"9004155",371989,2025-06-20 00:50:10,42.6013832092285,-8.87664318084717,"Female"
"9004155",371989,2025-06-20 00:55:10,42.6013603210449,-8.87664890289307,"Female"
"9004155",371989,2025-06-20 01:00:10,42.6013450622559,-8.87667846679688,"Female"
"9004155",371989,2025-06-20 01:05:10,42.6013946533203,-8.87660598754883,"Female"
"9004155",371989,2025-06-20 01:10:10,42.6013717651367,-8.87673473358154,"Female"
"9004155",371989,2025-06-20 01:15:10,42.601375579834,-8.87661838531494,"Female"
"9004155",371989,2025-06-20 01:20:10,42.601318359375,-8.87655830383301,"Female"
"9004155",371989,2025-06-20 01:25:10,42.6013374328613,-8.87657833099365,"Female"
"9004155",371989,2025-06-20 01:30:10,42.6013259887695,-8.87653350830078,"Female"
"9004155",371989,2025-06-20 01:35:10,42.6014137268066,-8.87645053863525,"Female"
"9004155",371989,2025-06-20 01:40:10,42.6013565063477,-8.87649726867676,"Female"
"9004155",371989,2025-06-20 01:45:10,42.6013679504395,-8.87650775909424,"Female"
"9004155",371989,2025-06-20 01:50:10,42.6014251708984,-8.87640476226807,"Female"
"9004155",371989,2025-06-20 01:55:10,42.6015205383301,-8.87621116638184,"Female"
"9004155",371989,2025-06-20 02:00:35,42.6014137268066,-8.87656688690186,"Female"
"9004155",371989,2025-06-20 02:05:09,42.6013946533203,-8.87652397155762,"Female"
"9004155",371989,2025-06-20 02:10:09,42.6013946533203,-8.87662601470947,"Female"
"9004155",371989,2025-06-20 02:15:09,42.6014137268066,-8.87665939331055,"Female"
"9004155",371989,2025-06-20 02:20:09,42.6013603210449,-8.87663650512695,"Female"
"9004155",371989,2025-06-20 02:25:09,42.6014022827148,-8.87666320800781,"Female"
"9004155",371989,2025-06-20 02:30:09,42.601375579834,-8.8766622543335,"Female"
"9004155",371989,2025-06-20 02:35:09,42.6013717651367,-8.8766450881958,"Female"
"9004155",371989,2025-06-20 02:40:09,42.6013793945312,-8.87671375274658,"Female"
"9004155",371989,2025-06-20 02:45:09,42.6014366149902,-8.8766508102417,"Female"
"9004155",371989,2025-06-20 02:50:09,42.6014022827148,-8.87663841247559,"Female"
"9004155",371989,2025-06-20 02:55:09,42.6013221740723,-8.87662887573242,"Female"
"9004155",371989,2025-06-20 03:00:09,42.6013946533203,-8.87663841247559,"Female"
"9004155",371989,2025-06-20 03:05:12,42.6014137268066,-8.87671184539795,"Female"
"9004155",371989,2025-06-20 03:10:10,42.601432800293,-8.87673664093018,"Female"
"9004155",371989,2025-06-20 03:15:09,42.6013832092285,-8.8766450881958,"Female"
"9004155",371989,2025-06-20 03:20:10,42.6016731262207,-8.8768196105957,"Female"
"9004155",371989,2025-06-20 03:25:10,42.6016502380371,-8.87681770324707,"Female"
"9004155",371989,2025-06-20 03:30:10,42.6016616821289,-8.87687683105469,"Female"
"9004155",371989,2025-06-20 03:35:10,42.6016654968262,-8.87690162658691,"Female"
"9004155",371989,2025-06-20 03:40:10,42.6016006469727,-8.8768367767334,"Female"
"9004155",371989,2025-06-20 03:45:10,42.6015968322754,-8.87676906585693,"Female"
"9004155",371989,2025-06-20 03:50:10,42.6016082763672,-8.87683582305908,"Female"
"9004155",371989,2025-06-20 03:55:10,42.6016616821289,-8.876877784729,"Female"
"9004155",371989,2025-06-20 04:00:10,42.6016082763672,-8.87681770324707,"Female"
"9004155",371989,2025-06-20 04:05:10,42.6015968322754,-8.87680339813232,"Female"
"9004155",371989,2025-06-20 04:10:10,42.6015815734863,-8.87677192687988,"Female"
"9004155",371989,2025-06-20 04:15:10,42.6016807556152,-8.87687206268311,"Female"
"9004155",371989,2025-06-20 04:20:10,42.6015205383301,-8.87678813934326,"Female"
"9004155",371989,2025-06-20 04:25:10,42.6016044616699,-8.87686252593994,"Female"
"9004155",371989,2025-06-20 04:30:10,42.6016426086426,-8.87700462341309,"Female"
"9004155",371989,2025-06-20 04:35:10,42.601619720459,-8.87689781188965,"Female"
"9004155",371989,2025-06-20 04:40:10,42.6016159057617,-8.87694835662842,"Female"
"9004155",371989,2025-06-20 04:45:10,42.6016044616699,-8.87693309783936,"Female"
"9004155",371989,2025-06-20 04:50:10,42.6014747619629,-8.87694358825684,"Female"
"9004155",371989,2025-06-20 04:55:10,42.6014976501465,-8.87702560424805,"Female"
"9004155",371989,2025-06-20 05:00:11,42.6015357971191,-8.87693691253662,"Female"
"9004155",371989,2025-06-20 05:05:10,42.6015357971191,-8.87688255310059,"Female"
"9004155",371989,2025-06-20 05:10:10,42.6015090942383,-8.87680053710938,"Female"
"9004155",371989,2025-06-20 05:15:10,42.6014747619629,-8.87687301635742,"Female"
"9004155",371989,2025-06-20 05:20:10,42.6015434265137,-8.8768253326416,"Female"
"9004155",371989,2025-06-20 05:25:10,42.6014595031738,-8.87682723999023,"Female"
"9004155",371989,2025-06-20 05:30:10,42.6014251708984,-8.87676525115967,"Female"
"9004155",371989,2025-06-20 05:35:10,42.6014289855957,-8.87675666809082,"Female"
"9004155",371989,2025-06-20 05:40:10,42.6014556884766,-8.87678337097168,"Female"
"9004155",371989,2025-06-20 05:45:10,42.6014785766602,-8.87682437896729,"Female"
"9004155",371989,2025-06-20 05:50:10,42.6014823913574,-8.87678909301758,"Female"
"9004155",371989,2025-06-20 05:55:10,42.601505279541,-8.87685394287109,"Female"
"9004155",371989,2025-06-20 06:00:10,42.6014137268066,-8.87657737731934,"Female"
"9004155",371989,2025-06-20 06:05:10,42.6013031005859,-8.87646865844727,"Female"
"9004155",371989,2025-06-20 06:10:11,42.6013565063477,-8.87652492523193,"Female"
"9004155",371989,2025-06-20 06:15:10,42.6011657714844,-8.8762264251709,"Female"
"9004155",371989,2025-06-20 06:20:11,42.601432800293,-8.87651538848877,"Female"
"9004155",371989,2025-06-20 06:25:10,42.6014099121094,-8.87644958496094,"Female"
"9004155",371989,2025-06-20 06:30:10,42.6014251708984,-8.87652492523193,"Female"
"9004155",371989,2025-06-20 06:35:11,42.601375579834,-8.876540184021,"Female"
"9004155",371989,2025-06-20 06:40:10,42.6014404296875,-8.87656402587891,"Female"
"9004155",371989,2025-06-20 06:45:10,42.6013984680176,-8.87650394439697,"Female"
"9004155",371989,2025-06-20 06:50:10,42.6014060974121,-8.87654781341553,"Female"
"9004155",371989,2025-06-20 06:55:10,42.6014404296875,-8.87636756896973,"Female"
"9004155",371989,2025-06-20 07:00:10,42.6015357971191,-8.87649059295654,"Female"
"9004155",371989,2025-06-20 07:05:18,42.6019020080566,-8.87646770477295,"Female"
"9004155",371989,2025-06-20 07:10:10,42.6014289855957,-8.87683200836182,"Female"
"9004155",371989,2025-06-20 07:15:11,42.6014785766602,-8.87680816650391,"Female"
"9004155",371989,2025-06-20 07:20:11,42.6014671325684,-8.87683963775635,"Female"
"9004155",371989,2025-06-20 07:25:11,42.6013870239258,-8.8768949508667,"Female"
"9004155",371989,2025-06-20 07:30:11,42.6014976501465,-8.87686443328857,"Female"
"9004155",371989,2025-06-20 07:35:12,42.6015090942383,-8.87678241729736,"Female"
"9004155",371989,2025-06-20 07:40:11,42.6015243530273,-8.87442111968994,"Female"
"9004155",371989,2025-06-20 07:45:13,42.6016082763672,-8.87396812438965,"Female"
"9004155",371989,2025-06-20 07:50:10,42.6015586853027,-8.87431621551514,"Female"
"9004155",371989,2025-06-20 07:55:10,42.6015396118164,-8.87434101104736,"Female"
"9004155",371989,2025-06-20 08:00:10,42.6016693115234,-8.87434673309326,"Female"
"9004155",371989,2025-06-20 08:05:10,42.6016235351562,-8.87441825866699,"Female"
"9004155",371989,2025-06-20 08:10:11,42.6017303466797,-8.87450218200684,"Female"
"9004155",371989,2025-06-20 08:15:12,42.6017189025879,-8.87452411651611,"Female"
"9004155",371989,2025-06-20 08:20:10,42.6016845703125,-8.87434101104736,"Female"
"9004155",371989,2025-06-20 08:25:10,42.6016960144043,-8.87432193756104,"Female"
"9004155",371989,2025-06-20 08:30:10,42.6017036437988,-8.87435245513916,"Female"
"9004155",371989,2025-06-20 08:35:11,42.6016578674316,-8.87443351745605,"Female"
"9004155",371989,2025-06-20 08:40:11,42.6016998291016,-8.87444686889648,"Female"
"9004155",371989,2025-06-20 08:45:10,42.6016120910645,-8.87442493438721,"Female"
"9004155",371989,2025-06-20 08:50:11,42.6016159057617,-8.87444114685059,"Female"
"9004155",371989,2025-06-20 08:55:10,42.6015777587891,-8.87446022033691,"Female"
"9004155",371989,2025-06-20 09:00:10,42.6016540527344,-8.87442874908447,"Female"
"9004155",371989,2025-06-20 09:05:11,42.6011276245117,-8.87423706054688,"Female"
"9004155",371989,2025-06-20 09:10:11,42.6014595031738,-8.8743371963501,"Female"
"9004155",371989,2025-06-20 09:15:10,42.6011199951172,-8.87411975860596,"Female"
"9004155",371989,2025-06-20 09:20:10,42.6013679504395,-8.87424373626709,"Female"
"9004155",371989,2025-06-20 09:25:17,42.6015357971191,-8.87436389923096,"Female"
"9004155",371989,2025-06-20 09:30:11,42.6051826477051,-8.8399658203125,"Female"
"9004155",371989,2025-06-20 09:36:03,42.6155624389648,-8.81754398345947,"Female"
"9004155",371989,2025-06-20 09:41:01,42.6157760620117,-8.81609153747559,"Female"
"9004155",371989,2025-06-20 09:46:37,42.6158103942871,-8.81575775146484,"Female"
"9004155",371989,2025-06-20 09:51:37,42.6157493591309,-8.81561470031738,"Female"
"9004155",371989,2025-06-20 09:56:36,42.615779876709,-8.8154878616333,"Female"
"9004155",371989,2025-06-20 10:01:36,42.6157684326172,-8.81554222106934,"Female"
"9004155",371989,2025-06-20 10:06:36,42.6157875061035,-8.81547832489014,"Female"
"9004155",371989,2025-06-20 10:11:36,42.6158218383789,-8.81547451019287,"Female"
"9004155",371989,2025-06-20 10:16:36,42.6158332824707,-8.81546306610107,"Female"
"9004155",371989,2025-06-20 10:21:36,42.6158905029297,-8.81544589996338,"Female"
"9004155",371989,2025-06-20 10:26:37,42.6159400939941,-8.81547546386719,"Female"
"9004155",371989,2025-06-20 10:31:36,42.615909576416,-8.8155517578125,"Female"
"9004155",371989,2025-06-20 10:36:35,42.6159286499023,-8.81547355651855,"Female"
"9004155",371989,2025-06-20 10:41:37,42.6159057617188,-8.81555271148682,"Female"
"9004155",371989,2025-06-20 10:46:36,42.6159133911133,-8.81552028656006,"Female"
"9004155",371989,2025-06-20 10:51:37,42.6159629821777,-8.81547832489014,"Female"
"9004155",371989,2025-06-20 10:56:37,42.6160659790039,-8.81545257568359,"Female"
"9004155",371989,2025-06-20 11:01:37,42.6159858703613,-8.81547069549561,"Female"
"9004155",371989,2025-06-20 11:06:36,42.6159744262695,-8.81548309326172,"Female"
"9004155",371989,2025-06-20 11:11:37,42.615894317627,-8.81551170349121,"Female"
"9004155",371989,2025-06-20 11:16:36,42.6159515380859,-8.81554889678955,"Female"
"9004155",371989,2025-06-20 11:21:35,42.6156349182129,-8.81533241271973,"Female"
"9004155",371989,2025-06-20 11:26:36,42.6158905029297,-8.815598487854,"Female"
"9004155",371989,2025-06-20 11:31:38,42.6159019470215,-8.81559467315674,"Female"
"9004155",371989,2025-06-20 11:36:38,42.615909576416,-8.81561374664307,"Female"
"9004155",371989,2025-06-20 11:41:36,42.6163063049316,-8.81599426269531,"Female"
"9004155",371989,2025-06-20 11:46:40,42.6158714294434,-8.81563949584961,"Female"
"9004155",371989,2025-06-20 11:52:27,42.614200592041,-8.81426239013672,"Female"
"9004155",371989,2025-06-20 11:58:03,42.6148376464844,-8.81393527984619,"Female"
"9004155",371989,2025-06-20 12:04:05,42.6146354675293,-8.81317138671875,"Female"
"9004155",371989,2025-06-20 12:08:33,42.6150932312012,-8.81303882598877,"Female"
"9004155",371989,2025-06-20 12:13:33,42.6152534484863,-8.81307125091553,"Female"
"9004155",371989,2025-06-20 12:18:33,42.6152458190918,-8.81303405761719,"Female"
"9004155",371989,2025-06-20 12:23:36,42.6151962280273,-8.81307125091553,"Female"
"9004155",371989,2025-06-20 12:28:36,42.6152267456055,-8.81307315826416,"Female"
"9004155",371989,2025-06-20 12:33:33,42.6152267456055,-8.81317901611328,"Female"
"9004155",371989,2025-06-20 12:38:44,42.6151809692383,-8.81333923339844,"Female"
"9004155",371989,2025-06-20 12:43:33,42.6152153015137,-8.81318473815918,"Female"
"9004155",371989,2025-06-20 12:48:33,42.6152839660645,-8.81323623657227,"Female"
"9004155",371989,2025-06-20 12:53:33,42.6150283813477,-8.81316184997559,"Female"
"9004155",371989,2025-06-20 12:58:33,42.6148948669434,-8.81330871582031,"Female"
"9004155",371989,2025-06-20 13:03:33,42.614917755127,-8.81334018707275,"Female"
"9004155",371989,2025-06-20 13:08:34,42.6150703430176,-8.81335639953613,"Female"
"9004155",371989,2025-06-20 13:13:33,42.6149024963379,-8.81322574615479,"Female"
"9004155",371989,2025-06-20 13:18:33,42.6149368286133,-8.8132905960083,"Female"
"9004155",371989,2025-06-20 13:23:33,42.6149139404297,-8.81330394744873,"Female"
"9004155",371989,2025-06-20 13:28:33,42.6150016784668,-8.81323528289795,"Female"
"9004155",371989,2025-06-20 13:33:33,42.6150856018066,-8.81319999694824,"Female"
"9004155",371989,2025-06-20 13:38:34,42.6150588989258,-8.81318855285645,"Female"
"9004155",371989,2025-06-20 13:43:37,42.6151580810547,-8.81310176849365,"Female"
"9004155",371989,2025-06-20 13:48:41,42.6149635314941,-8.81326866149902,"Female"
"9004155",371989,2025-06-20 13:53:33,42.6149559020996,-8.81330108642578,"Female"
"9004155",371989,2025-06-20 13:58:33,42.6149406433105,-8.81326293945312,"Female"
"9004155",371989,2025-06-20 14:03:33,42.6150588989258,-8.81320381164551,"Female"
"9004155",371989,2025-06-20 14:08:35,42.6145935058594,-8.81362247467041,"Female"
"9004155",371989,2025-06-20 14:14:54,42.613956451416,-8.81226062774658,"Female"
"9004155",371989,2025-06-20 14:21:25,42.6137809753418,-8.81167602539062,"Female"
"9004155",371989,2025-06-20 14:29:35,42.6131782531738,-8.81264686584473,"Female"
"9004155",371989,2025-06-20 14:34:05,42.6131439208984,-8.81261730194092,"Female"
"9004155",371989,2025-06-20 14:39:06,42.613166809082,-8.81265258789062,"Female"
"9004155",371989,2025-06-20 14:44:06,42.6131439208984,-8.81264591217041,"Female"
"9004155",371989,2025-06-20 14:49:06,42.613151550293,-8.81266403198242,"Female"
"9004155",371989,2025-06-20 14:54:06,42.6131896972656,-8.81262302398682,"Female"
"9004155",371989,2025-06-20 14:59:06,42.6131439208984,-8.81261539459229,"Female"
"9004155",371989,2025-06-20 15:04:05,42.6131362915039,-8.81259822845459,"Female"
"9004155",371989,2025-06-20 15:09:03,42.6132164001465,-8.81264781951904,"Female"
"9004155",371989,2025-06-20 15:14:00,42.6133270263672,-8.81288051605225,"Female"
"9004155",371989,2025-06-20 15:19:29,42.6133003234863,-8.81262588500977,"Female"
"9004155",371989,2025-06-20 15:23:54,42.6133308410645,-8.81267166137695,"Female"
"9004155",371989,2025-06-20 15:28:54,42.6133689880371,-8.81271934509277,"Female"
"9004155",371989,2025-06-20 15:33:54,42.6133575439453,-8.81278228759766,"Female"
"9004155",371989,2025-06-20 15:38:54,42.6134338378906,-8.81288719177246,"Female"
"9004155",371989,2025-06-20 15:43:54,42.613395690918,-8.81284236907959,"Female"
"9004155",371989,2025-06-20 15:48:54,42.6134414672852,-8.81280040740967,"Female"
"9004155",371989,2025-06-20 15:53:55,42.6133880615234,-8.81285285949707,"Female"
"9004155",371989,2025-06-20 15:58:54,42.6133918762207,-8.81290340423584,"Female"
"9004155",371989,2025-06-20 16:03:55,42.6133880615234,-8.81283473968506,"Female"
"9004155",371989,2025-06-20 16:08:55,42.6134223937988,-8.81283187866211,"Female"
"9004155",371989,2025-06-20 16:13:54,42.6134185791016,-8.81283664703369,"Female"
"9004155",371989,2025-06-20 16:18:55,42.6134147644043,-8.8128137588501,"Female"
"9004155",371989,2025-06-20 16:23:55,42.6134033203125,-8.81284141540527,"Female"
"9004155",371989,2025-06-20 16:28:55,42.6134376525879,-8.81286144256592,"Female"
"9004155",371989,2025-06-20 16:33:55,42.613410949707,-8.8127965927124,"Female"
"9004155",371989,2025-06-20 16:38:55,42.6133880615234,-8.81278133392334,"Female"
"9004155",371989,2025-06-20 16:43:55,42.613395690918,-8.81280612945557,"Female"
"9004155",371989,2025-06-20 16:49:18,42.6132431030273,-8.81285095214844,"Female"
"9004155",371989,2025-06-20 16:54:19,42.613166809082,-8.81315135955811,"Female"
"9004155",371989,2025-06-20 16:59:18,42.6130256652832,-8.81316566467285,"Female"
"9004155",371989,2025-06-20 17:04:16,42.6123008728027,-8.81308078765869,"Female"
"9004155",371989,2025-06-20 17:09:17,42.6123161315918,-8.81308937072754,"Female"
"9004155",371989,2025-06-20 17:14:17,42.6123275756836,-8.81307888031006,"Female"
"9004155",371989,2025-06-20 17:19:17,42.6122360229492,-8.81301021575928,"Female"
"9004155",371989,2025-06-20 17:24:17,42.6123123168945,-8.81307220458984,"Female"
"9004155",371989,2025-06-20 17:29:17,42.6122894287109,-8.81305122375488,"Female"
"9004155",371989,2025-06-20 17:34:18,42.6123580932617,-8.81308269500732,"Female"
"9004155",371989,2025-06-20 17:39:17,42.6121826171875,-8.81297302246094,"Female"
"9004155",371989,2025-06-20 17:44:17,42.6122741699219,-8.81299781799316,"Female"
"9004155",371989,2025-06-20 17:49:17,42.6121559143066,-8.81292533874512,"Female"
"9004155",371989,2025-06-20 17:54:17,42.6121978759766,-8.81297302246094,"Female"
"9004155",371989,2025-06-20 17:59:17,42.6122283935547,-8.81303310394287,"Female"
"9004155",371989,2025-06-20 18:04:17,42.6117706298828,-8.81563377380371,"Female"
"9004155",371989,2025-06-20 18:09:17,42.6114273071289,-8.81911754608154,"Female"
"9004155",371989,2025-06-20 18:14:17,42.6114120483398,-8.81919193267822,"Female"
"9004155",371989,2025-06-20 18:19:17,42.6114845275879,-8.81930160522461,"Female"
"9004155",371989,2025-06-20 18:24:17,42.6106376647949,-8.84022235870361,"Female"
"9004155",371989,2025-06-20 18:29:17,42.6084060668945,-8.85167694091797,"Female"
"9004155",371989,2025-06-20 18:34:17,42.6084022521973,-8.85168933868408,"Female"
"9004155",371989,2025-06-20 18:39:17,42.6083908081055,-8.8517599105835,"Female"
"9004155",371989,2025-06-20 18:44:17,42.6082496643066,-8.85194492340088,"Female"
"9004155",371989,2025-06-20 18:49:17,42.6082954406738,-8.8519229888916,"Female"
"9004155",371989,2025-06-20 18:54:17,42.608325958252,-8.85179042816162,"Female"
"9004155",371989,2025-06-20 18:59:17,42.6081657409668,-8.85208892822266,"Female"
"9004155",371989,2025-06-20 19:04:17,42.6082038879395,-8.85199928283691,"Female"
"9004155",371989,2025-06-20 19:09:17,42.6035461425781,-8.86594581604004,"Female"
"9004155",371989,2025-06-20 19:14:17,42.6014747619629,-8.87479877471924,"Female"
"9004155",371989,2025-06-20 19:19:18,42.6014862060547,-8.87482929229736,"Female"
"9004155",371989,2025-06-20 19:24:17,42.6015853881836,-8.87479591369629,"Female"
"9004155",371989,2025-06-20 19:29:17,42.6023979187012,-8.87820434570312,"Female"
"9004155",371989,2025-06-20 19:34:17,42.6015319824219,-8.87704753875732,"Female"
"9004155",371989,2025-06-20 19:39:17,42.6016387939453,-8.87695503234863,"Female"
"9004155",371989,2025-06-20 19:44:18,42.6019248962402,-8.87668323516846,"Female"
"9004155",371989,2025-06-20 19:49:18,42.6016998291016,-8.87686347961426,"Female"
"9004155",371989,2025-06-20 19:54:17,42.6015968322754,-8.87694263458252,"Female"
"9004155",371989,2025-06-20 19:59:17,42.6016426086426,-8.87690830230713,"Female"
"9004155",371989,2025-06-20 20:04:17,42.6016426086426,-8.87691879272461,"Female"
"9004155",371989,2025-06-20 20:09:19,42.6019172668457,-8.87655544281006,"Female"
"9004155",371989,2025-06-20 20:14:17,42.5990982055664,-8.88514041900635,"Female"
"9004155",371989,2025-06-20 20:19:17,42.5733985900879,-8.91577911376953,"Female"
"9004155",371989,2025-06-20 20:24:18,42.5587844848633,-8.93590641021729,"Female"
"9004155",371989,2025-06-20 20:29:18,42.5511703491211,-8.94046878814697,"Female"
"9004155",371989,2025-06-20 20:34:17,42.5488967895508,-8.93901443481445,"Female"
"9004155",371989,2025-06-20 20:39:17,42.5490074157715,-8.93896293640137,"Female"
"9004155",371989,2025-06-20 20:44:19,42.5486030578613,-8.93901920318604,"Female"
"9004155",371989,2025-06-20 20:49:18,42.5489616394043,-8.93905735015869,"Female"
"9004155",371989,2025-06-20 20:54:18,42.5488967895508,-8.93907833099365,"Female"
"9004155",371989,2025-06-20 20:59:19,42.5490341186523,-8.9390869140625,"Female"
"9004155",371989,2025-06-20 21:04:18,42.5490570068359,-8.93906688690186,"Female"
"9004155",371989,2025-06-20 21:09:17,42.548942565918,-8.93920135498047,"Female"
"9004155",371989,2025-06-20 21:14:17,42.5491676330566,-8.93919467926025,"Female"
"9004155",371989,2025-06-20 21:19:17,42.5491828918457,-8.93932437896729,"Female"
"9004155",371989,2025-06-20 21:24:17,42.5491981506348,-8.93929481506348,"Female"
"9004155",371989,2025-06-20 21:29:17,42.5493965148926,-8.93947601318359,"Female"
"9004155",371989,2025-06-20 21:34:17,42.5493011474609,-8.93945503234863,"Female"
"9004155",371989,2025-06-20 21:39:19,42.5488967895508,-8.93890953063965,"Female"
"9004155",371989,2025-06-20 21:44:17,42.5488395690918,-8.93893718719482,"Female"
"9004155",371989,2025-06-20 21:49:17,42.5488510131836,-8.93901348114014,"Female"
"9004155",371989,2025-06-20 21:54:18,42.5493545532227,-8.93884372711182,"Female"
"9004155",371989,2025-06-20 21:59:17,42.5488777160645,-8.93896198272705,"Female"
"9004155",371989,2025-06-20 22:04:17,42.5487060546875,-8.93896102905273,"Female"
"9004155",371989,2025-06-20 22:09:17,42.5488128662109,-8.93895435333252,"Female"
"9004155",371989,2025-06-20 22:14:17,42.5484924316406,-8.93913078308105,"Female"
"9004155",371989,2025-06-20 22:19:18,42.5488967895508,-8.93893241882324,"Female"
"9004155",371989,2025-06-20 22:24:17,42.5488319396973,-8.93894672393799,"Female"
"9004155",371989,2025-06-20 22:29:17,42.5488967895508,-8.93896293640137,"Female"
"9004155",371989,2025-06-20 22:34:17,42.5489196777344,-8.93896484375,"Female"
"9004155",371989,2025-06-20 22:39:17,42.5488929748535,-8.93898677825928,"Female"
"9004155",371989,2025-06-20 22:44:17,42.5489082336426,-8.93895435333252,"Female"
"9004155",371989,2025-06-20 22:49:17,42.5490798950195,-8.93893432617188,"Female"
"9004155",371989,2025-06-20 22:54:17,42.5489463806152,-8.9389476776123,"Female"
"9004155",371989,2025-06-20 22:59:17,42.5489387512207,-8.93891048431396,"Female"
"9004155",371989,2025-06-20 23:04:17,42.5489349365234,-8.93893337249756,"Female"
"9004155",371989,2025-06-20 23:09:17,42.548900604248,-8.93889904022217,"Female"
"9004155",371989,2025-06-20 23:14:18,42.5489158630371,-8.93903923034668,"Female"
"9004155",371989,2025-06-20 23:19:17,42.5488128662109,-8.93898868560791,"Female"
"9004155",371989,2025-06-20 23:24:17,42.5488777160645,-8.93907070159912,"Female"
"9004155",371989,2025-06-20 23:29:17,42.5487442016602,-8.93897819519043,"Female"
"9004155",371989,2025-06-20 23:34:18,42.548900604248,-8.93912410736084,"Female"
"9004155",371989,2025-06-20 23:39:17,42.5488090515137,-8.93895149230957,"Female"
"9004155",371989,2025-06-20 23:44:17,42.5488052368164,-8.93908882141113,"Female"
"9004155",371989,2025-06-20 23:49:17,42.5489044189453,-8.93916988372803,"Female"
"9004155",371989,2025-06-20 23:54:17,42.548770904541,-8.9388952255249,"Female"
"9004155",371989,2025-06-20 23:59:17,42.5487899780273,-8.93914985656738,"Female"
"9004155",371989,2025-06-21 00:04:18,42.5488471984863,-8.93915843963623,"Female"
"9004155",371989,2025-06-21 00:09:21,42.5487670898438,-8.93903732299805,"Female"
"9004155",371989,2025-06-21 00:14:19,42.5487327575684,-8.93898582458496,"Female"
"9004155",371989,2025-06-21 00:19:18,42.5486679077148,-8.93877506256104,"Female"
"9004155",371989,2025-06-21 00:24:24,42.548828125,-8.93910980224609,"Female"
"9004155",371989,2025-06-21 00:29:18,42.5487785339355,-8.93906402587891,"Female"
"9004155",371989,2025-06-21 00:34:21,42.5488090515137,-8.939133644104,"Female"
"9004155",371989,2025-06-21 00:39:18,42.5488052368164,-8.93910503387451,"Female"
"9004155",371989,2025-06-21 00:44:18,42.5488243103027,-8.93918704986572,"Female"
"9004155",371989,2025-06-21 00:49:18,42.5487174987793,-8.938889503479,"Female"
"9004155",371989,2025-06-21 00:54:17,42.5487937927246,-8.93904304504395,"Female"
"9004155",371989,2025-06-21 00:59:19,42.548755645752,-8.93896389007568,"Female"
"9004155",371989,2025-06-21 01:04:17,42.5487480163574,-8.93893623352051,"Female"
"9004155",371989,2025-06-21 01:09:18,42.5487785339355,-8.93894958496094,"Female"
"9004155",371989,2025-06-21 01:14:17,42.5487327575684,-8.93893241882324,"Female"
"9004155",371989,2025-06-21 01:19:17,42.5487823486328,-8.93887329101562,"Female"
"9004155",371989,2025-06-21 01:24:17,42.5488510131836,-8.93876361846924,"Female"
"9004155",371989,2025-06-21 01:29:17,42.5488052368164,-8.93875694274902,"Female"
"9004155",371989,2025-06-21 01:34:18,42.5488624572754,-8.93873500823975,"Female"
"9004155",371989,2025-06-21 01:39:17,42.5488128662109,-8.93868160247803,"Female"
"9004155",371989,2025-06-21 01:44:17,42.5488510131836,-8.93866157531738,"Female"
"9004155",371989,2025-06-21 01:49:17,42.5487861633301,-8.93879318237305,"Female"
"9004155",371989,2025-06-21 01:54:17,42.5491218566895,-8.93855953216553,"Female"
"9004155",371989,2025-06-21 01:59:17,42.5488319396973,-8.93872356414795,"Female"
"9004155",371989,2025-06-21 02:04:17,42.5487594604492,-8.93868541717529,"Female"
"9004155",371989,2025-06-21 02:09:18,42.5488128662109,-8.93892192840576,"Female"
"9004155",371989,2025-06-21 02:14:17,42.5487670898438,-8.93861865997314,"Female"
"9004155",371989,2025-06-21 02:19:17,42.5487747192383,-8.93867206573486,"Female"
"9004155",371989,2025-06-21 02:24:17,42.5487899780273,-8.93859100341797,"Female"
"9004155",371989,2025-06-21 02:29:17,42.5487747192383,-8.93858051300049,"Female"
"9004155",371989,2025-06-21 02:34:17,42.548755645752,-8.93845558166504,"Female"
"9004155",371989,2025-06-21 02:39:17,42.548583984375,-8.93851184844971,"Female"
"9004155",371989,2025-06-21 02:44:17,42.5488204956055,-8.93866157531738,"Female"
"9004155",371989,2025-06-21 02:49:17,42.5488204956055,-8.93865013122559,"Female"
"9004155",371989,2025-06-21 02:54:17,42.5487480163574,-8.93839263916016,"Female"
"9004155",371989,2025-06-21 02:59:17,42.5486221313477,-8.93800067901611,"Female"
"9004155",371989,2025-06-21 03:04:21,42.5479507446289,-8.93533039093018,"Female"
"9004155",371989,2025-06-21 03:09:32,42.5481796264648,-8.93825721740723,"Female"
"9004155",371989,2025-06-21 03:14:17,42.5481300354004,-8.93833065032959,"Female"
"9004155",371989,2025-06-21 03:19:25,42.5480079650879,-8.9388599395752,"Female"
"9004155",371989,2025-06-21 03:24:24,42.5480651855469,-8.9389762878418,"Female"
"9004155",371989,2025-06-21 03:29:24,42.5479316711426,-8.93900012969971,"Female"
"9004155",371989,2025-06-21 03:34:19,42.5479431152344,-8.93927192687988,"Female"
"9004155",371989,2025-06-21 03:39:20,42.5479698181152,-8.93928527832031,"Female"
"9004155",371989,2025-06-21 03:44:24,42.5478820800781,-8.93960189819336,"Female"
"9004155",371989,2025-06-21 03:49:23,42.5478248596191,-8.93969058990479,"Female"
"9004155",371989,2025-06-21 03:54:23,42.547737121582,-8.93992328643799,"Female"
"9004155",371989,2025-06-21 03:59:23,42.5477485656738,-8.93989849090576,"Female"
"9004155",371989,2025-06-21 04:04:22,42.5480003356934,-8.93934059143066,"Female"
"9004155",371989,2025-06-21 04:09:44,42.5489387512207,-8.94019031524658,"Female"
"9004155",371989,2025-06-21 04:14:24,42.5488586425781,-8.93982601165771,"Female"
"9004155",371989,2025-06-21 04:19:24,42.5487937927246,-8.93988037109375,"Female"
"9004155",371989,2025-06-21 04:24:23,42.5488319396973,-8.93986988067627,"Female"
"9004155",371989,2025-06-21 04:29:22,42.5487022399902,-8.93985652923584,"Female"
"9004155",371989,2025-06-21 04:34:21,42.548656463623,-8.93998146057129,"Female"
"9004155",371989,2025-06-21 04:39:22,42.5486526489258,-8.93992137908936,"Female"
"9004155",371989,2025-06-21 04:44:21,42.5486145019531,-8.9402494430542,"Female"
"9004155",371989,2025-06-21 04:49:26,42.548210144043,-8.94083976745605,"Female"
"9004155",371989,2025-06-21 04:54:44,42.5482292175293,-8.94114875793457,"Female"
"9004155",371989,2025-06-21 04:59:24,42.548210144043,-8.9412145614624,"Female"
"9004155",371989,2025-06-21 05:04:21,42.5482063293457,-8.94130802154541,"Female"
"9004155",371989,2025-06-21 05:09:24,42.5484161376953,-8.94090938568115,"Female"
"9004155",371989,2025-06-21 05:14:20,42.548412322998,-8.94114112854004,"Female"
"9004155",371989,2025-06-21 05:19:22,42.5483474731445,-8.94163608551025,"Female"
"9004155",371989,2025-06-21 05:24:24,42.5484352111816,-8.94159317016602,"Female"
"9004155",371989,2025-06-21 05:29:24,42.5483474731445,-8.94220733642578,"Female"
"9004155",371989,2025-06-21 05:34:35,42.5485763549805,-8.93939876556396,"Female"
"9004155",371989,2025-06-21 05:39:18,42.5485725402832,-8.93941688537598,"Female"
"9004155",371989,2025-06-21 05:44:17,42.5486030578613,-8.93943691253662,"Female"
"9004155",371989,2025-06-21 05:49:24,42.5485420227051,-8.9394416809082,"Female"
"9004155",371989,2025-06-21 05:54:19,42.5485649108887,-8.93928909301758,"Female"
"9004155",371989,2025-06-21 05:59:25,42.5485610961914,-8.93897438049316,"Female"
"9004155",371989,2025-06-21 06:04:25,42.5485763549805,-8.93917083740234,"Female"
"9004155",371989,2025-06-21 06:09:22,42.5494842529297,-8.94094657897949,"Female"
"9004155",371989,2025-06-21 06:14:44,42.549259185791,-8.94052124023438,"Female"
"9004155",371989,2025-06-21 06:19:17,42.5492401123047,-8.94016170501709,"Female"
"9004155",371989,2025-06-21 06:24:18,42.5505905151367,-8.94041156768799,"Female"
"9004155",371989,2025-06-21 06:29:17,42.5506286621094,-8.94052219390869,"Female"
"9004155",371989,2025-06-21 06:34:17,42.5505828857422,-8.94010925292969,"Female"
"9004155",371989,2025-06-21 06:39:18,42.550537109375,-8.94029998779297,"Female"
"9004155",371989,2025-06-21 06:44:17,42.5505752563477,-8.94048309326172,"Female"
"9004155",371989,2025-06-21 06:49:35,42.5512886047363,-8.94064140319824,"Female"
"9004155",371989,2025-06-21 06:54:17,42.5512466430664,-8.94054508209229,"Female"
"9004155",371989,2025-06-21 06:59:17,42.5511245727539,-8.94032764434814,"Female"
"9004155",371989,2025-06-21 07:04:23,42.5511817932129,-8.94062900543213,"Female"
"9004155",371989,2025-06-21 07:09:23,42.5511932373047,-8.940505027771,"Female"
"9004155",371989,2025-06-21 07:14:23,42.5512084960938,-8.94045162200928,"Female"
"9004155",371989,2025-06-21 07:19:27,42.551197052002,-8.94031143188477,"Female"
"9004155",371989,2025-06-21 07:24:44,42.5508918762207,-8.9397668838501,"Female"
"9004155",371989,2025-06-21 07:29:17,42.5507736206055,-8.93976402282715,"Female"
"9004155",371989,2025-06-21 07:34:17,42.5507125854492,-8.93997097015381,"Female"
"9004155",371989,2025-06-21 07:39:17,42.5522232055664,-8.93998050689697,"Female"
"9004155",371989,2025-06-21 07:44:17,42.5506706237793,-8.939866065979,"Female"
"9004155",371989,2025-06-21 07:49:44,42.550952911377,-8.93839073181152,"Female"
"9004155",371989,2025-06-21 07:54:23,42.5508460998535,-8.93826198577881,"Female"
"9004155",371989,2025-06-21 07:59:17,42.5509338378906,-8.93857288360596,"Female"
"9004155",371989,2025-06-21 08:04:18,42.5508918762207,-8.93985939025879,"Female"
"9004155",371989,2025-06-21 08:09:24,42.5508689880371,-8.93977546691895,"Female"
"9004155",371989,2025-06-21 08:14:17,42.5508193969727,-8.93975925445557,"Female"
"9004155",371989,2025-06-21 08:19:17,42.5508460998535,-8.93980979919434,"Female"
"9004155",371989,2025-06-21 08:24:18,42.5506019592285,-8.93939399719238,"Female"
"9004155",371989,2025-06-21 08:29:17,42.5507659912109,-8.93930435180664,"Female"
"9004155",371989,2025-06-21 08:34:20,42.5507545471191,-8.93929290771484,"Female"
"9004155",371989,2025-06-21 08:39:17,42.5508232116699,-8.94001770019531,"Female"
"9004155",371989,2025-06-21 08:44:17,42.5508003234863,-8.93980026245117,"Female"
"9004155",371989,2025-06-21 08:49:18,42.550651550293,-8.93995094299316,"Female"
"9004155",371989,2025-06-21 08:54:35,42.5505714416504,-8.9395923614502,"Female"
"9004155",371989,2025-06-21 08:59:17,42.5505065917969,-8.93952655792236,"Female"
"9004155",371989,2025-06-21 09:04:25,42.5504837036133,-8.93951225280762,"Female"
"9004155",371989,2025-06-21 09:09:17,42.550479888916,-8.93945598602295,"Female"
"9004155",371989,2025-06-21 09:14:21,42.5503616333008,-8.93938446044922,"Female"
"9004155",371989,2025-06-21 09:19:44,42.5504417419434,-8.93947124481201,"Female"
"9004155",371989,2025-06-21 09:24:17,42.5504455566406,-8.93908405303955,"Female"
"9004155",371989,2025-06-21 09:29:17,42.5504570007324,-8.93916130065918,"Female"
"9004155",371989,2025-06-21 09:34:17,42.5504913330078,-8.93920707702637,"Female"
"9004155",371989,2025-06-21 09:39:17,42.550464630127,-8.93914413452148,"Female"
"9004155",371989,2025-06-21 09:44:17,42.5505599975586,-8.9395227432251,"Female"
"9004155",371989,2025-06-21 09:49:21,42.5205917358398,-8.93136215209961,"Female"
"9004155",371989,2025-06-21 09:54:18,42.4874267578125,-8.92932415008545,"Female"
"9004155",371989,2025-06-21 09:59:17,42.4800796508789,-8.93650150299072,"Female"
"9004155",371989,2025-06-21 10:04:47,42.4796485900879,-8.93707180023193,"Female"
"9004155",371989,2025-06-21 10:09:17,42.4796867370605,-8.93709945678711,"Female"
"9004155",371989,2025-06-21 10:14:17,42.4798851013184,-8.93705749511719,"Female"
"9004155",371989,2025-06-21 10:19:17,42.4798965454102,-8.93706035614014,"Female"
"9004155",371989,2025-06-21 10:24:17,42.4650344848633,-8.94380283355713,"Female"
"9004155",371989,2025-06-21 10:29:17,42.4422492980957,-8.90838813781738,"Female"
"9004155",371989,2025-06-21 10:34:17,42.429573059082,-8.88330936431885,"Female"
"9004155",371989,2025-06-21 10:40:36,42.4295349121094,-8.88238620758057,"Female"
"9004155",371989,2025-06-21 10:46:30,42.4286231994629,-8.88106918334961,"Female"
"9004155",371989,2025-06-21 10:51:30,42.4297904968262,-8.88030433654785,"Female"
"9004155",371989,2025-06-21 10:56:30,42.4301223754883,-8.88048648834229,"Female"
"9004155",371989,2025-06-21 11:01:30,42.4300842285156,-8.88050365447998,"Female"
"9004155",371989,2025-06-21 11:06:30,42.430118560791,-8.8805627822876,"Female"
"9004155",371989,2025-06-21 11:11:30,42.4300956726074,-8.88064575195312,"Female"
"9004155",371989,2025-06-21 11:16:30,42.4300689697266,-8.88076496124268,"Female"
"9004155",371989,2025-06-21 11:21:30,42.4300689697266,-8.88079357147217,"Female"
"9004155",371989,2025-06-21 11:26:33,42.4300880432129,-8.88090705871582,"Female"
"9004155",371989,2025-06-21 11:31:30,42.4300537109375,-8.88074493408203,"Female"
"9004155",371989,2025-06-21 11:36:44,42.4297027587891,-8.8798656463623,"Female"
"9004155",371989,2025-06-21 11:41:30,42.429817199707,-8.88022327423096,"Female"
"9004155",371989,2025-06-21 11:46:30,42.4296531677246,-8.87978172302246,"Female"
"9004155",371989,2025-06-21 11:51:30,42.4296875,-8.87989139556885,"Female"
"9004155",371989,2025-06-21 11:56:30,42.4297294616699,-8.87996292114258,"Female"
"9004155",371989,2025-06-21 12:01:30,42.4296951293945,-8.87977123260498,"Female"
"9004155",371989,2025-06-21 12:06:30,42.4296531677246,-8.87939834594727,"Female"
"9004155",371989,2025-06-21 12:11:30,42.4296646118164,-8.87985038757324,"Female"
"9004155",371989,2025-06-21 12:16:30,42.4296722412109,-8.87993049621582,"Female"
"9004155",371989,2025-06-21 12:21:54,42.4323997497559,-8.88289451599121,"Female"
"9004155",371989,2025-06-21 12:27:03,42.4327278137207,-8.88382911682129,"Female"
"9004155",371989,2025-06-21 12:32:02,42.4466514587402,-8.90332126617432,"Female"
"9004155",371989,2025-06-21 12:37:01,42.4515380859375,-8.92311763763428,"Female"
"9004155",371989,2025-06-21 12:42:35,42.4635162353516,-8.94404602050781,"Female"
"9004155",371989,2025-06-21 12:47:00,42.4635047912598,-8.94409847259521,"Female"
"9004155",371989,2025-06-21 12:52:00,42.4635200500488,-8.94407081604004,"Female"
"9004155",371989,2025-06-21 12:57:00,42.4894599914551,-8.93363475799561,"Female"
"9004155",371989,2025-06-21 13:02:00,42.5305061340332,-8.9113941192627,"Female"
"9004155",371989,2025-06-21 13:07:01,42.5477752685547,-8.90484142303467,"Female"
"9004155",371989,2025-06-21 13:12:32,42.547981262207,-8.9046459197998,"Female"
"9004155",371989,2025-06-21 13:17:27,42.5788688659668,-8.87794494628906,"Female"
"9004155",371989,2025-06-21 13:22:28,42.611644744873,-8.823166847229,"Female"
"9004155",371989,2025-06-21 13:27:27,42.6123313903809,-8.82065677642822,"Female"
"9004155",371989,2025-06-21 13:32:28,42.6124229431152,-8.82038307189941,"Female"
"9004155",371989,2025-06-21 13:38:00,42.6125183105469,-8.81878566741943,"Female"
"9004155",371989,2025-06-21 13:43:48,42.6125679016113,-8.8189001083374,"Female"
"9004155",371989,2025-06-21 13:48:57,42.6122970581055,-8.82039737701416,"Female"
"9004155",371989,2025-06-21 13:53:48,42.612232208252,-8.82032299041748,"Female"
"9004155",371989,2025-06-21 13:58:48,42.6123237609863,-8.82030296325684,"Female"
"9004155",371989,2025-06-21 14:03:48,42.6122436523438,-8.82037353515625,"Female"
"9004155",371989,2025-06-21 14:08:47,42.612174987793,-8.82050037384033,"Female"
"9004155",371989,2025-06-21 14:13:48,42.6122512817383,-8.82032871246338,"Female"
"9004155",371989,2025-06-21 14:18:48,42.612232208252,-8.82036399841309,"Female"
"9004155",371989,2025-06-21 14:23:47,42.6122360229492,-8.82039451599121,"Female"
"9004155",371989,2025-06-21 14:28:48,42.6122932434082,-8.82035541534424,"Female"
"9004155",371989,2025-06-21 14:33:47,42.6122741699219,-8.82033824920654,"Female"
"9004155",371989,2025-06-21 14:38:48,42.6123123168945,-8.82034492492676,"Female"
"9004155",371989,2025-06-21 14:43:48,42.6123008728027,-8.82035064697266,"Female"
"9004155",371989,2025-06-21 14:48:48,42.6122856140137,-8.82032680511475,"Female"
"9004155",371989,2025-06-21 14:53:48,42.6122856140137,-8.82025814056396,"Female"
"9004155",371989,2025-06-21 14:58:48,42.6123123168945,-8.82025909423828,"Female"
"9004155",371989,2025-06-21 15:03:48,42.6123085021973,-8.82029724121094,"Female"
"9004155",371989,2025-06-21 15:08:48,42.6123237609863,-8.82033252716064,"Female"
"9004155",371989,2025-06-21 15:13:48,42.6123237609863,-8.82024478912354,"Female"
"9004155",371989,2025-06-21 15:18:48,42.6123580932617,-8.82029628753662,"Female"
"9004155",371989,2025-06-21 15:23:48,42.6123695373535,-8.8201961517334,"Female"
"9004155",371989,2025-06-21 15:28:48,42.6123504638672,-8.82015132904053,"Female"
"9004155",371989,2025-06-21 15:33:48,42.6124954223633,-8.82027053833008,"Female"
"9004155",371989,2025-06-21 15:38:48,42.6125068664551,-8.82025718688965,"Female"
"9004155",371989,2025-06-21 15:43:48,42.6124839782715,-8.82022953033447,"Female"
"9004155",371989,2025-06-21 15:48:48,42.6125259399414,-8.82002925872803,"Female"
"9004155",371989,2025-06-21 15:53:49,42.6124954223633,-8.82021331787109,"Female"
"9004155",371989,2025-06-21 15:58:48,42.6125221252441,-8.82025241851807,"Female"
"9004155",371989,2025-06-21 16:03:48,42.612548828125,-8.82028293609619,"Female"
"9004155",371989,2025-06-21 16:08:48,42.6124877929688,-8.8201208114624,"Female"
"9004155",371989,2025-06-21 16:13:48,42.6125183105469,-8.82017517089844,"Female"
"9004155",371989,2025-06-21 16:18:48,42.6125259399414,-8.8201789855957,"Female"
"9004155",371989,2025-06-21 16:23:49,42.6125679016113,-8.82024955749512,"Female"
"9004155",371989,2025-06-21 16:30:06,42.6130790710449,-8.81876087188721,"Female"
"9004155",371989,2025-06-21 16:36:35,42.6137084960938,-8.81820678710938,"Female"
"9004155",371989,2025-06-21 16:41:53,42.6144905090332,-8.81824970245361,"Female"
"9004155",371989,2025-06-21 16:47:25,42.614315032959,-8.81801128387451,"Female"
"9004155",371989,2025-06-21 16:52:25,42.6145286560059,-8.81806945800781,"Female"
"9004155",371989,2025-06-21 16:57:41,42.6144752502441,-8.81790924072266,"Female"
"9004155",371989,2025-06-21 17:02:42,42.6145629882812,-8.81760406494141,"Female"
"9004155",371989,2025-06-21 17:07:36,42.614501953125,-8.81736469268799,"Female"
"9004155",371989,2025-06-21 17:12:34,42.6145210266113,-8.81735515594482,"Female"
"9004155",371989,2025-06-21 17:17:36,42.6145401000977,-8.81734752655029,"Female"
"9004155",371989,2025-06-21 17:22:39,42.6145858764648,-8.81733322143555,"Female"
"9004155",371989,2025-06-21 17:27:39,42.6146621704102,-8.81739044189453,"Female"
"9004155",371989,2025-06-21 17:32:36,42.6145668029785,-8.81729984283447,"Female"
"9004155",371989,2025-06-21 17:37:37,42.6145401000977,-8.81726837158203,"Female"
"9004155",371989,2025-06-21 17:42:37,42.6145553588867,-8.8173770904541,"Female"
"9004155",371989,2025-06-21 17:47:42,42.6144523620605,-8.81726455688477,"Female"
"9004155",371989,2025-06-21 17:52:31,42.6145210266113,-8.81726741790771,"Female"
"9004155",371989,2025-06-21 17:57:31,42.6145629882812,-8.81725788116455,"Female"
"9004155",371989,2025-06-21 18:02:31,42.6145324707031,-8.81722545623779,"Female"
"9004155",371989,2025-06-21 18:07:31,42.6146430969238,-8.81717109680176,"Female"
"9004155",371989,2025-06-21 18:12:31,42.614631652832,-8.81713676452637,"Female"
"9004155",371989,2025-06-21 18:17:31,42.6146202087402,-8.8172025680542,"Female"
"9004155",371989,2025-06-21 18:22:51,42.6146774291992,-8.81765460968018,"Female"
"9004155",371989,2025-06-21 18:27:48,42.6147613525391,-8.81803512573242,"Female"
"9004155",371989,2025-06-21 18:32:53,42.6151237487793,-8.8178539276123,"Female"
"9004155",371989,2025-06-21 18:38:06,42.6153030395508,-8.81826877593994,"Female"
"9004155",371989,2025-06-21 18:42:53,42.6151466369629,-8.8179178237915,"Female"
"9004155",371989,2025-06-21 18:48:15,42.615291595459,-8.81817531585693,"Female"
"9004155",371989,2025-06-21 18:53:08,42.6153717041016,-8.81832218170166,"Female"
"9004155",371989,2025-06-21 18:58:23,42.6060104370117,-8.85313606262207,"Female"
"9004155",371989,2025-06-21 19:02:48,42.6015853881836,-8.8765926361084,"Female"
"9004155",371989,2025-06-21 19:07:48,42.6015663146973,-8.87658977508545,"Female"
"9004155",371989,2025-06-21 19:12:48,42.601505279541,-8.87666130065918,"Female"
"9004155",371989,2025-06-21 19:17:48,42.6015243530273,-8.87658214569092,"Female"
"9004155",371989,2025-06-21 19:22:48,42.6014671325684,-8.87667274475098,"Female"
"9004155",371989,2025-06-21 19:27:48,42.6013565063477,-8.87651824951172,"Female"
"9004155",371989,2025-06-21 19:32:48,42.6014442443848,-8.87667942047119,"Female"
"9004155",371989,2025-06-21 19:37:48,42.601448059082,-8.87658405303955,"Female"
"9004155",371989,2025-06-21 19:42:48,42.6014366149902,-8.87663078308105,"Female"
"9004155",371989,2025-06-21 19:47:48,42.6016426086426,-8.87730979919434,"Female"
"9004155",371989,2025-06-21 19:52:48,42.6014366149902,-8.87661266326904,"Female"
"9004155",371989,2025-06-21 19:57:48,42.6013946533203,-8.87665176391602,"Female"
"9004155",371989,2025-06-21 20:02:48,42.6013984680176,-8.87667846679688,"Female"
"9004155",371989,2025-06-21 20:07:48,42.6014060974121,-8.87661457061768,"Female"
"9004155",371989,2025-06-21 20:12:48,42.6014099121094,-8.87663650512695,"Female"
"9004155",371989,2025-06-21 20:17:48,42.6014137268066,-8.87664985656738,"Female"
"9004155",371989,2025-06-21 20:22:48,42.6014366149902,-8.87664699554443,"Female"
"9004155",371989,2025-06-21 20:27:48,42.601390838623,-8.87662601470947,"Female"
"9004155",371989,2025-06-21 20:32:48,42.6013679504395,-8.87668991088867,"Female"
"9004155",371989,2025-06-21 20:37:48,42.6013145446777,-8.87675094604492,"Female"
"9004155",371989,2025-06-21 20:42:48,42.6013565063477,-8.87669372558594,"Female"
"9004155",371989,2025-06-21 20:47:48,42.6014556884766,-8.8766622543335,"Female"
"9004155",371989,2025-06-21 20:52:48,42.6014099121094,-8.87667846679688,"Female"
"9004155",371989,2025-06-21 20:57:48,42.6013412475586,-8.87668704986572,"Female"
"9004155",371989,2025-06-21 21:02:48,42.6013031005859,-8.87664604187012,"Female"
"9004155",371989,2025-06-21 21:07:48,42.6011543273926,-8.87670993804932,"Female"
"9004155",371989,2025-06-21 21:12:48,42.6014556884766,-8.8768310546875,"Female"
"9004155",371989,2025-06-21 21:17:48,42.6013641357422,-8.87698841094971,"Female"
"9004155",371989,2025-06-21 21:22:48,42.6014938354492,-8.87678241729736,"Female"
"9004155",371989,2025-06-21 21:28:14,42.6013603210449,-8.87667179107666,"Female"
"9004155",371989,2025-06-21 21:32:48,42.6012191772461,-8.87651062011719,"Female"
"9004155",371989,2025-06-21 21:37:48,42.6012725830078,-8.87653923034668,"Female"
"9004155",371989,2025-06-21 21:42:50,42.6015396118164,-8.87665462493896,"Female"
"9004155",371989,2025-06-21 21:48:14,42.6014556884766,-8.87654304504395,"Female"
"9004155",371989,2025-06-21 21:52:52,42.6013565063477,-8.87706756591797,"Female"
"9004155",371989,2025-06-21 21:57:51,42.6015586853027,-8.87673759460449,"Female"
"9004155",371989,2025-06-21 22:03:00,42.6013717651367,-8.87667274475098,"Female"
"9004155",371989,2025-06-21 22:07:48,42.6013984680176,-8.8764533996582,"Female"
"9004155",371989,2025-06-21 22:12:50,42.6013717651367,-8.87640953063965,"Female"
"9004155",371989,2025-06-21 22:17:59,42.6013717651367,-8.87666034698486,"Female"
"9004155",371989,2025-06-21 22:22:54,42.6013221740723,-8.87551403045654,"Female"
"9004155",371989,2025-06-21 22:27:57,42.6014022827148,-8.87656879425049,"Female"
"9004155",371989,2025-06-21 22:33:01,42.601390838623,-8.87658214569092,"Female"
"9004155",371989,2025-06-21 22:38:01,42.6014137268066,-8.87659549713135,"Female"
"9004155",371989,2025-06-21 22:43:02,42.6013984680176,-8.87664031982422,"Female"
"9004155",371989,2025-06-21 22:48:14,42.6014137268066,-8.87644195556641,"Female"
"9004155",371989,2025-06-21 22:53:03,42.6014099121094,-8.87644290924072,"Female"
"9004155",371989,2025-06-21 22:58:04,42.6014060974121,-8.87645816802979,"Female"
"9004155",371989,2025-06-21 23:03:23,42.601375579834,-8.87668800354004,"Female"
"9004155",371989,2025-06-21 23:07:47,42.6013679504395,-8.87669372558594,"Female"
"9004155",371989,2025-06-21 23:12:47,42.6013641357422,-8.87670612335205,"Female"
"9004155",371989,2025-06-21 23:17:47,42.6014175415039,-8.87663650512695,"Female"
"9004155",371989,2025-06-21 23:22:47,42.6013946533203,-8.87664413452148,"Female"
"9004155",371989,2025-06-21 23:27:48,42.6014137268066,-8.87663841247559,"Female"
"9004155",371989,2025-06-21 23:32:47,42.6013717651367,-8.87666130065918,"Female"
"9004155",371989,2025-06-21 23:37:47,42.6013641357422,-8.87663173675537,"Female"
"9004155",371989,2025-06-21 23:42:48,42.6013679504395,-8.87664413452148,"Female"
"9004155",371989,2025-06-21 23:47:48,42.6013717651367,-8.87660884857178,"Female"
"9004155",371989,2025-06-21 23:52:48,42.6014251708984,-8.87660121917725,"Female"
"9004155",371989,2025-06-21 23:57:48,42.6013565063477,-8.87657833099365,"Female"
"9004155",371989,2025-06-22 00:02:48,42.6014366149902,-8.87662792205811,"Female"
"9004155",371989,2025-06-22 00:07:48,42.6013526916504,-8.87656784057617,"Female"
"9004155",371989,2025-06-22 00:12:48,42.6013412475586,-8.87660980224609,"Female"
"9004155",371989,2025-06-22 00:17:48,42.6012954711914,-8.87660598754883,"Female"
"9004155",371989,2025-06-22 00:22:48,42.6013641357422,-8.87657928466797,"Female"
"9004155",371989,2025-06-22 00:27:48,42.6012802124023,-8.8765754699707,"Female"
"9004155",371989,2025-06-22 00:32:48,42.6013488769531,-8.87659168243408,"Female"
"9004155",371989,2025-06-22 00:37:48,42.6014442443848,-8.87672138214111,"Female"
"9004155",371989,2025-06-22 00:42:48,42.6013984680176,-8.87680625915527,"Female"
"9004155",371989,2025-06-22 00:47:48,42.601432800293,-8.87675952911377,"Female"
"9004155",371989,2025-06-22 00:52:48,42.601131439209,-8.87687492370605,"Female"
"9004155",371989,2025-06-22 00:57:51,42.6011695861816,-8.8767261505127,"Female"
"9004155",371989,2025-06-22 01:02:51,42.6014442443848,-8.87660694122314,"Female"
"9004155",371989,2025-06-22 01:07:58,42.6016807556152,-8.87660217285156,"Female"
"9004155",371989,2025-06-22 01:12:57,42.6016387939453,-8.87656307220459,"Female"
"9004155",371989,2025-06-22 01:17:48,42.6017036437988,-8.87659168243408,"Female"
"9004155",371989,2025-06-22 01:22:48,42.6016502380371,-8.87654113769531,"Female"
"9004155",371989,2025-06-22 01:27:48,42.6015815734863,-8.87664127349854,"Female"
"9004155",371989,2025-06-22 01:32:48,42.601692199707,-8.87658882141113,"Female"
"9004155",371989,2025-06-22 01:37:48,42.6016044616699,-8.8766040802002,"Female"
"9004155",371989,2025-06-22 01:42:48,42.6015548706055,-8.87666511535645,"Female"
"9004155",371989,2025-06-22 01:47:48,42.6015853881836,-8.87660026550293,"Female"
"9004155",371989,2025-06-22 01:52:54,42.6015701293945,-8.87660980224609,"Female"
"9004155",371989,2025-06-22 01:58:01,42.6015396118164,-8.87645435333252,"Female"
"9004155",371989,2025-06-22 02:03:14,42.601619720459,-8.87644672393799,"Female"
"9004155",371989,2025-06-22 02:07:48,42.6013679504395,-8.87708187103271,"Female"
"9004155",371989,2025-06-22 02:12:48,42.6015472412109,-8.87680530548096,"Female"
"9004155",371989,2025-06-22 02:17:49,42.6014709472656,-8.87659168243408,"Female"
"9004155",371989,2025-06-22 02:22:51,42.6014671325684,-8.87666130065918,"Female"
"9004155",371989,2025-06-22 02:27:51,42.6014938354492,-8.87657070159912,"Female"
"9004155",371989,2025-06-22 02:32:51,42.6016578674316,-8.87643241882324,"Female"
"9004155",371989,2025-06-22 02:37:48,42.6015167236328,-8.87658882141113,"Female"
"9004155",371989,2025-06-22 02:42:49,42.6017379760742,-8.87601470947266,"Female"
"9004155",371989,2025-06-22 02:48:19,42.6014633178711,-8.87665367126465,"Female"
"9004155",371989,2025-06-22 02:52:47,42.601432800293,-8.87669372558594,"Female"
"9004155",371989,2025-06-22 02:57:47,42.6015090942383,-8.87662220001221,"Female"
"9004155",371989,2025-06-22 03:02:47,42.6014556884766,-8.87665939331055,"Female"
"9004155",371989,2025-06-22 03:07:47,42.6014747619629,-8.87666034698486,"Female"
"9004155",371989,2025-06-22 03:12:47,42.6014747619629,-8.87667751312256,"Female"
"9004155",371989,2025-06-22 03:17:47,42.6013679504395,-8.87657928466797,"Female"
"9004155",371989,2025-06-22 03:22:47,42.6014366149902,-8.87666320800781,"Female"
"9004155",371989,2025-06-22 03:27:48,42.6014823913574,-8.87671566009521,"Female"
"9004155",371989,2025-06-22 03:32:47,42.6015586853027,-8.87674713134766,"Female"
"9004155",371989,2025-06-22 03:37:47,42.6014862060547,-8.87672328948975,"Female"
"9004155",371989,2025-06-22 03:42:47,42.6014938354492,-8.87664031982422,"Female"
"9004155",371989,2025-06-22 03:47:48,42.6013069152832,-8.87659454345703,"Female"
"9004155",371989,2025-06-22 03:52:51,42.6013374328613,-8.87662220001221,"Female"
"9004155",371989,2025-06-22 03:57:49,42.6013298034668,-8.87660312652588,"Female"
"9004155",371989,2025-06-22 04:02:52,42.6017417907715,-8.87700176239014,"Female"
"9004155",371989,2025-06-22 04:07:48,42.6015014648438,-8.87669372558594,"Female"
"9004155",371989,2025-06-22 04:12:48,42.6015243530273,-8.87677478790283,"Female"
"9004155",371989,2025-06-22 04:17:48,42.6015129089355,-8.87685585021973,"Female"
"9004155",371989,2025-06-22 04:22:48,42.6013832092285,-8.87671756744385,"Female"
"9004155",371989,2025-06-22 04:27:49,42.6014823913574,-8.87681102752686,"Female"
"9004155",371989,2025-06-22 04:32:48,42.6015014648438,-8.8768310546875,"Female"
"9004155",371989,2025-06-22 04:38:12,42.6014213562012,-8.87672710418701,"Female"
"9004155",371989,2025-06-22 04:42:48,42.6014213562012,-8.87673091888428,"Female"
"9004155",371989,2025-06-22 04:47:48,42.6013526916504,-8.87657356262207,"Female"
"9004155",371989,2025-06-22 04:52:48,42.6013870239258,-8.87646961212158,"Female"
"9004155",371989,2025-06-22 04:57:48,42.6013679504395,-8.87651824951172,"Female"
"9004155",371989,2025-06-22 05:02:48,42.6013412475586,-8.87633991241455,"Female"
"9004155",371989,2025-06-22 05:07:49,42.6014213562012,-8.87655353546143,"Female"
"9004155",371989,2025-06-22 05:12:48,42.6013870239258,-8.87640762329102,"Female"
"9004155",371989,2025-06-22 05:17:48,42.6013946533203,-8.87645721435547,"Female"
"9004155",371989,2025-06-22 05:22:48,42.601390838623,-8.87646484375,"Female"
"9004155",371989,2025-06-22 05:27:48,42.6013336181641,-8.87630462646484,"Female"
"9004155",371989,2025-06-22 05:32:52,42.601692199707,-8.87723922729492,"Female"
"9004155",371989,2025-06-22 05:37:52,42.6017150878906,-8.87734985351562,"Female"
"9004155",371989,2025-06-22 05:43:14,42.6015930175781,-8.87708282470703,"Female"
"9004155",371989,2025-06-22 05:47:48,42.6014366149902,-8.87679386138916,"Female"
"9004155",371989,2025-06-22 05:52:50,42.601505279541,-8.87678909301758,"Female"
"9004155",371989,2025-06-22 05:57:48,42.6013984680176,-8.87667274475098,"Female"
"9004155",371989,2025-06-22 06:02:50,42.6014633178711,-8.87676811218262,"Female"
"9004155",371989,2025-06-22 06:07:48,42.6014251708984,-8.87642002105713,"Female"
"9004155",371989,2025-06-22 06:12:48,42.6014060974121,-8.87672805786133,"Female"
"9004155",371989,2025-06-22 06:18:02,42.6014175415039,-8.87633800506592,"Female"
"9004155",371989,2025-06-22 06:22:49,42.6014366149902,-8.87648105621338,"Female"
"9004155",371989,2025-06-22 06:27:48,42.6014022827148,-8.87634754180908,"Female"
"9004155",371989,2025-06-22 06:33:14,42.6014442443848,-8.8765869140625,"Female"
"9004155",371989,2025-06-22 06:37:48,42.6014595031738,-8.87656402587891,"Female"
"9004155",371989,2025-06-22 06:42:48,42.6017074584961,-8.87707805633545,"Female"
"9004155",371989,2025-06-22 06:48:23,42.6014595031738,-8.87678050994873,"Female"
"9004155",371989,2025-06-22 06:52:47,42.6014556884766,-8.8766622543335,"Female"
"9004155",371989,2025-06-22 06:57:48,42.6015205383301,-8.87675666809082,"Female"
"9004155",371989,2025-06-22 07:02:48,42.6015357971191,-8.87671184539795,"Female"
"9004155",371989,2025-06-22 07:07:49,42.6014251708984,-8.8765115737915,"Female"
"9004155",371989,2025-06-22 07:12:48,42.6014137268066,-8.87647533416748,"Female"
"9004155",371989,2025-06-22 07:17:50,42.6015243530273,-8.87637042999268,"Female"
"9004155",371989,2025-06-22 07:22:48,42.6014671325684,-8.87651824951172,"Female"
"9004155",371989,2025-06-22 07:27:48,42.6014862060547,-8.87663841247559,"Female"
"9004155",371989,2025-06-22 07:32:48,42.6014595031738,-8.87659168243408,"Female"
"9004155",371989,2025-06-22 07:37:48,42.6014785766602,-8.87664127349854,"Female"
"9004155",371989,2025-06-22 07:42:48,42.6015319824219,-8.8766508102417,"Female"
"9004155",371989,2025-06-22 07:47:53,42.6013870239258,-8.87662601470947,"Female"
"9004155",371989,2025-06-22 07:52:51,42.6014213562012,-8.87649822235107,"Female"
"9004155",371989,2025-06-22 07:57:57,42.601505279541,-8.87667179107666,"Female"
"9004155",371989,2025-06-22 08:02:48,42.6014022827148,-8.8766622543335,"Female"
"9004155",371989,2025-06-22 08:07:51,42.601245880127,-8.87662601470947,"Female"
"9004155",371989,2025-06-22 08:12:51,42.6014709472656,-8.87656116485596,"Female"
"9004155",371989,2025-06-22 08:17:51,42.6014709472656,-8.87652397155762,"Female"
"9004155",371989,2025-06-22 08:22:51,42.6013946533203,-8.87653160095215,"Female"
"9004155",371989,2025-06-22 08:27:51,42.6014366149902,-8.87652206420898,"Female"
"9004155",371989,2025-06-22 08:32:52,42.6014709472656,-8.87652206420898,"Female"
"9004155",371989,2025-06-22 08:37:52,42.6014671325684,-8.87651443481445,"Female"
"9004155",371989,2025-06-22 08:42:52,42.6014289855957,-8.876540184021,"Female"
"9004155",371989,2025-06-22 08:47:52,42.6014366149902,-8.87649345397949,"Female"
"9004155",371989,2025-06-22 08:53:12,42.6014823913574,-8.87680816650391,"Female"
"9004155",371989,2025-06-22 08:57:48,42.6035194396973,-8.87318325042725,"Female"
"9004155",371989,2025-06-22 09:02:47,42.6035118103027,-8.87324237823486,"Female"
"9004155",371989,2025-06-22 09:07:52,42.6035232543945,-8.87333488464355,"Female"
"9004155",371989,2025-06-22 09:12:48,42.6035614013672,-8.87317562103271,"Female"
"9004155",371989,2025-06-22 09:17:47,42.606746673584,-8.84752559661865,"Female"
"9004155",371989,2025-06-22 09:22:51,42.6104049682617,-8.83641624450684,"Female"
"9004155",371989,2025-06-22 09:28:08,42.610294342041,-8.8370943069458,"Female"
"9004155",371989,2025-06-22 09:32:59,42.6103744506836,-8.83664894104004,"Female"
"9004155",371989,2025-06-22 09:38:01,42.6104888916016,-8.83684921264648,"Female"
"9004155",371989,2025-06-22 09:42:59,42.6103858947754,-8.83646583557129,"Female"
"9004155",371989,2025-06-22 09:48:15,42.610408782959,-8.83656978607178,"Female"
"9004155",371989,2025-06-22 09:52:59,42.6103782653809,-8.83661651611328,"Female"
"9004155",371989,2025-06-22 09:57:59,42.6104965209961,-8.83658027648926,"Female"
"9004155",371989,2025-06-22 10:03:14,42.6105308532715,-8.83671951293945,"Female"
"9004155",371989,2025-06-22 10:07:59,42.6102752685547,-8.83651924133301,"Female"
"9004155",371989,2025-06-22 10:13:00,42.6103782653809,-8.83652877807617,"Female"
"9004155",371989,2025-06-22 10:18:00,42.6102066040039,-8.83615016937256,"Female"
"9004155",371989,2025-06-22 10:23:25,42.610595703125,-8.83682441711426,"Female"
"9004155",371989,2025-06-22 10:28:01,42.6104774475098,-8.83661842346191,"Female"
"9004155",371989,2025-06-22 10:32:59,42.6102828979492,-8.83642673492432,"Female"
"9004155",371989,2025-06-22 10:38:00,42.6101341247559,-8.83630180358887,"Female"
"9004155",371989,2025-06-22 10:43:03,42.6103057861328,-8.83637237548828,"Female"
"9004155",371989,2025-06-22 10:48:14,42.6103172302246,-8.83628845214844,"Female"
"9004155",371989,2025-06-22 10:53:02,42.6106300354004,-8.83729839324951,"Female"
"9004155",371989,2025-06-22 10:58:08,42.6104965209961,-8.83603382110596,"Female"
"9004155",371989,2025-06-22 11:03:31,42.6105499267578,-8.83634948730469,"Female"
"9004155",371989,2025-06-22 11:07:58,42.6104316711426,-8.83650493621826,"Female"
"9004155",371989,2025-06-22 11:12:58,42.610408782959,-8.83640384674072,"Female"
"9004155",371989,2025-06-22 11:17:59,42.6104507446289,-8.83639430999756,"Female"
"9004155",371989,2025-06-22 11:22:58,42.6149215698242,-8.8170337677002,"Female"
"9004155",371989,2025-06-22 11:27:59,42.6137542724609,-8.815260887146,"Female"
"9004155",371989,2025-06-22 11:33:04,42.6141204833984,-8.81500148773193,"Female"
"9004155",371989,2025-06-22 11:38:36,42.614070892334,-8.81519222259521,"Female"
"9004155",371989,2025-06-22 11:43:33,42.6141967773438,-8.81494426727295,"Female"
"9004155",371989,2025-06-22 11:48:33,42.6149215698242,-8.81477642059326,"Female"
"9004155",371989,2025-06-22 11:53:33,42.6149444580078,-8.81477451324463,"Female"
"9004155",371989,2025-06-22 11:58:33,42.614917755127,-8.81470966339111,"Female"
"9004155",371989,2025-06-22 12:03:33,42.6149253845215,-8.81487464904785,"Female"
"9004155",371989,2025-06-22 12:08:32,42.6149291992188,-8.81494140625,"Female"
"9004155",371989,2025-06-22 12:13:35,42.6148796081543,-8.81488037109375,"Female"
"9004155",371989,2025-06-22 12:18:33,42.6148796081543,-8.81483554840088,"Female"
"9004155",371989,2025-06-22 12:23:32,42.6149291992188,-8.81493854522705,"Female"
"9004155",371989,2025-06-22 12:28:32,42.6149711608887,-8.81498241424561,"Female"
"9004155",371989,2025-06-22 12:33:41,42.614917755127,-8.81486988067627,"Female"
"9004155",371989,2025-06-22 12:38:33,42.6149101257324,-8.814772605896,"Female"
"9004155",371989,2025-06-22 12:43:32,42.6149482727051,-8.81490039825439,"Female"
"9004155",371989,2025-06-22 12:48:40,42.6149101257324,-8.81488037109375,"Female"
"9004155",371989,2025-06-22 12:53:33,42.6149482727051,-8.81486415863037,"Female"
"9004155",371989,2025-06-22 12:58:37,42.6149215698242,-8.814866065979,"Female"
"9004155",371989,2025-06-22 13:03:41,42.6148452758789,-8.81436157226562,"Female"
"9004155",371989,2025-06-22 13:08:44,42.6144142150879,-8.81372737884521,"Female"
"9004155",371989,2025-06-22 13:17:29,42.6140289306641,-8.81362342834473,"Female"
"9004155",371989,2025-06-22 13:32:44,42.6142959594727,-8.81367492675781,"Female"
"9004155",371989,2025-06-22 13:38:32,42.6148986816406,-8.81323146820068,"Female"
"9004155",371989,2025-06-22 13:43:31,42.6149368286133,-8.81318378448486,"Female"
"9004155",371989,2025-06-22 13:48:31,42.614933013916,-8.81315040588379,"Female"
"9004155",371989,2025-06-22 13:53:30,42.6149024963379,-8.81311798095703,"Female"
"9004155",371989,2025-06-22 13:58:30,42.6148681640625,-8.81316661834717,"Female"
"9004155",371989,2025-06-22 14:03:30,42.6148567199707,-8.81317043304443,"Female"
"9004155",371989,2025-06-22 14:08:30,42.6148529052734,-8.8131799697876,"Female"
"9004155",371989,2025-06-22 14:13:30,42.6148490905762,-8.81318759918213,"Female"
"9004155",371989,2025-06-22 14:18:31,42.6148414611816,-8.8131628036499,"Female"
"9004155",371989,2025-06-22 14:23:31,42.6148490905762,-8.81314563751221,"Female"
"9004155",371989,2025-06-22 14:28:31,42.6148681640625,-8.81322002410889,"Female"
"9004155",371989,2025-06-22 14:33:30,42.614875793457,-8.81318855285645,"Female"
"9004155",371989,2025-06-22 14:38:39,42.6147880554199,-8.81326389312744,"Female"
"9004155",371989,2025-06-22 14:43:34,42.614818572998,-8.81326961517334,"Female"
"9004155",371989,2025-06-22 14:48:31,42.6146965026855,-8.813063621521,"Female"
"9004155",371989,2025-06-22 14:53:30,42.6148681640625,-8.81327819824219,"Female"
"9004155",371989,2025-06-22 14:58:31,42.6148872375488,-8.81327629089355,"Female"
"9004155",371989,2025-06-22 15:03:31,42.6148986816406,-8.8132905960083,"Female"
"9004155",371989,2025-06-22 15:08:31,42.614818572998,-8.81324577331543,"Female"
"9004155",371989,2025-06-22 15:13:31,42.6147804260254,-8.81319332122803,"Female"
"9004155",371989,2025-06-22 15:18:32,42.6146202087402,-8.81304931640625,"Female"
"9004155",371989,2025-06-22 15:23:31,42.6148300170898,-8.81322765350342,"Female"
"9004155",371989,2025-06-22 15:28:47,42.6132621765137,-8.81286144256592,"Female"
"9004155",371989,2025-06-22 15:33:55,42.6130676269531,-8.81315517425537,"Female"
"9004155",371989,2025-06-22 15:39:20,42.6118011474609,-8.81365585327148,"Female"
"9004155",371989,2025-06-22 15:44:24,42.6110916137695,-8.81433010101318,"Female"
"9004155",371989,2025-06-22 15:49:46,42.6108856201172,-8.81672286987305,"Female"
"9004155",371989,2025-06-22 15:54:37,42.6108894348145,-8.81671142578125,"Female"
"9004155",371989,2025-06-22 15:59:34,42.6109580993652,-8.81685447692871,"Female"
"9004155",371989,2025-06-22 16:04:34,42.6109771728516,-8.81684303283691,"Female"
"9004155",371989,2025-06-22 16:09:42,42.610954284668,-8.81682777404785,"Female"
"9004155",371989,2025-06-22 16:14:40,42.6109619140625,-8.81679630279541,"Female"
"9004155",371989,2025-06-22 16:19:33,42.6108818054199,-8.81664180755615,"Female"
"9004155",371989,2025-06-22 16:24:36,42.6109237670898,-8.81666564941406,"Female"
"9004155",371989,2025-06-22 16:29:38,42.6108856201172,-8.81667995452881,"Female"
"9004155",371989,2025-06-22 16:34:39,42.61083984375,-8.81667041778564,"Female"
"9004155",371989,2025-06-22 16:39:36,42.6107788085938,-8.81661605834961,"Female"
"9004155",371989,2025-06-22 16:44:45,42.6107559204102,-8.81650543212891,"Female"
"9004155",371989,2025-06-22 16:49:39,42.6107559204102,-8.81644725799561,"Female"
"9004155",371989,2025-06-22 16:54:57,42.6107788085938,-8.81650924682617,"Female"
"9004155",371989,2025-06-22 16:59:58,42.6107406616211,-8.81650257110596,"Female"
"9004155",371989,2025-06-22 17:05:05,42.6107940673828,-8.81686592102051,"Female"
"9004155",371989,2025-06-22 17:09:32,42.6107978820801,-8.81687831878662,"Female"
"9004155",371989,2025-06-22 17:15:18,42.610954284668,-8.81693649291992,"Female"
"9004155",371989,2025-06-22 17:20:20,42.6111679077148,-8.81700325012207,"Female"
"9004155",371989,2025-06-22 17:25:19,42.6118469238281,-8.81630516052246,"Female"
"9004155",371989,2025-06-22 17:30:35,42.6123657226562,-8.81587314605713,"Female"
"9004155",371989,2025-06-22 17:35:33,42.6125869750977,-8.81588554382324,"Female"
"9004155",371989,2025-06-22 17:40:33,42.6125831604004,-8.81593799591064,"Female"
"9004155",371989,2025-06-22 17:45:34,42.6126327514648,-8.81591129302979,"Female"
"9004155",371989,2025-06-22 17:50:33,42.6126556396484,-8.81585597991943,"Female"
"9004155",371989,2025-06-22 17:55:34,42.6126251220703,-8.81593608856201,"Female"
"9004155",371989,2025-06-22 18:00:36,42.6126365661621,-8.81594181060791,"Female"
"9004155",371989,2025-06-22 18:05:36,42.6126251220703,-8.81590461730957,"Female"
"9004155",371989,2025-06-22 18:10:36,42.6126670837402,-8.81588745117188,"Female"
"9004155",371989,2025-06-22 18:15:36,42.6126365661621,-8.81586170196533,"Female"
"9004155",371989,2025-06-22 18:20:36,42.6126365661621,-8.81583118438721,"Female"
"9004155",371989,2025-06-22 18:26:13,42.6128387451172,-8.81617736816406,"Female"
"9004155",371989,2025-06-22 18:32:01,42.6131134033203,-8.81587409973145,"Female"
"9004155",371989,2025-06-22 18:37:30,42.612735748291,-8.81731986999512,"Female"
"9004155",371989,2025-06-22 18:42:13,42.6121711730957,-8.81728839874268,"Female"
"9004155",371989,2025-06-22 18:47:13,42.6128807067871,-8.81744861602783,"Female"
"9004155",371989,2025-06-22 18:52:19,42.6127319335938,-8.81735801696777,"Female"
"9004155",371989,2025-06-22 18:57:11,42.6122436523438,-8.81710624694824,"Female"
"9004155",371989,2025-06-22 19:02:09,42.612678527832,-8.81725788116455,"Female"
"9004155",371989,2025-06-22 19:07:19,42.6127128601074,-8.81733131408691,"Female"
"9004155",371989,2025-06-22 19:12:09,42.6125526428223,-8.81707382202148,"Female"
"9004155",371989,2025-06-22 19:17:19,42.6127815246582,-8.81726932525635,"Female"
"9004155",371989,2025-06-22 19:22:09,42.6128196716309,-8.81728649139404,"Female"
"9004155",371989,2025-06-22 19:27:19,42.6128730773926,-8.81732559204102,"Female"
"9004155",371989,2025-06-22 19:32:09,42.6137771606445,-8.82356548309326,"Female"
"9004155",371989,2025-06-22 19:37:19,42.6137542724609,-8.82359409332275,"Female"
"9004155",371989,2025-06-22 19:42:11,42.6137542724609,-8.82359886169434,"Female"
"9004155",371989,2025-06-22 19:47:11,42.6137504577637,-8.82364845275879,"Female"
"9004155",371989,2025-06-22 19:52:35,42.6137619018555,-8.82353401184082,"Female"
"9004155",371989,2025-06-22 19:57:09,42.6151924133301,-8.82329845428467,"Female"
"9004155",371989,2025-06-22 20:02:09,42.6020927429199,-8.85807228088379,"Female"
"9004155",371989,2025-06-22 20:07:09,42.6020431518555,-8.85794353485107,"Female"
"9004155",371989,2025-06-22 20:12:09,42.5858879089355,-8.89244747161865,"Female"
"9004155",371989,2025-06-22 20:17:09,42.5698928833008,-8.91650104522705,"Female"
"9004155",371989,2025-06-22 20:22:09,42.5516929626465,-8.94008922576904,"Female"
"9004155",371989,2025-06-22 20:27:09,42.548942565918,-8.93881034851074,"Female"
"9004155",371989,2025-06-22 20:32:09,42.5488510131836,-8.93889427185059,"Female"
"9004155",371989,2025-06-22 20:37:09,42.5484619140625,-8.93874073028564,"Female"
"9004155",371989,2025-06-22 20:42:09,42.5484428405762,-8.93871402740479,"Female"
"9004155",371989,2025-06-22 20:47:08,42.5493621826172,-8.93917846679688,"Female"
"9004155",371989,2025-06-22 20:52:09,42.5485000610352,-8.93888282775879,"Female"
"9004155",371989,2025-06-22 20:57:08,42.5484848022461,-8.93886184692383,"Female"
"9004155",371989,2025-06-22 21:02:09,42.5484008789062,-8.9389009475708,"Female"
"9004155",371989,2025-06-22 21:07:09,42.5484275817871,-8.93883800506592,"Female"
"9004155",371989,2025-06-22 21:12:09,42.5485496520996,-8.93886280059814,"Female"
"9004155",371989,2025-06-22 21:17:09,42.5484733581543,-8.93889141082764,"Female"
"9004155",371989,2025-06-22 21:22:09,42.548526763916,-8.93886280059814,"Female"
"9004155",371989,2025-06-22 21:27:09,42.5485000610352,-8.93894958496094,"Female"
"9004155",371989,2025-06-22 21:32:09,42.5483818054199,-8.93876171112061,"Female"
"9004155",371989,2025-06-22 21:37:09,42.5484428405762,-8.93885135650635,"Female"
"9004155",371989,2025-06-22 21:42:10,42.5482940673828,-8.9386625289917,"Female"
"9004155",371989,2025-06-22 21:47:09,42.548412322998,-8.93888282775879,"Female"
"9004155",371989,2025-06-22 21:52:10,42.5485076904297,-8.93904113769531,"Female"
"9004155",371989,2025-06-22 21:57:09,42.5484619140625,-8.93899250030518,"Female"
"9004155",371989,2025-06-22 22:02:35,42.5485458374023,-8.93883323669434,"Female"
"9004155",371989,2025-06-22 22:07:11,42.5484352111816,-8.93865203857422,"Female"
"9004155",371989,2025-06-22 22:12:09,42.548511505127,-8.93883228302002,"Female"
"9004155",371989,2025-06-22 22:17:09,42.5485191345215,-8.938720703125,"Female"
"9004155",371989,2025-06-22 22:22:09,42.5484580993652,-8.93869018554688,"Female"
"9004155",371989,2025-06-22 22:27:10,42.5485229492188,-8.93886089324951,"Female"
"9004155",371989,2025-06-22 22:32:09,42.5485954284668,-8.93877029418945,"Female"
"9004155",371989,2025-06-22 22:37:10,42.5486679077148,-8.93906211853027,"Female"
"9004155",371989,2025-06-22 22:42:09,42.5485877990723,-8.93894386291504,"Female"
"9004155",371989,2025-06-22 22:47:12,42.5485954284668,-8.93888664245605,"Female"
"9004155",371989,2025-06-22 22:52:10,42.5486831665039,-8.93908500671387,"Female"
"9004155",371989,2025-06-22 22:57:35,42.548526763916,-8.9388599395752,"Female"
"9004155",371989,2025-06-22 23:02:08,42.5484771728516,-8.93892002105713,"Female"
"9004155",371989,2025-06-22 23:07:08,42.5484809875488,-8.93896579742432,"Female"
"9004155",371989,2025-06-22 23:12:15,42.548583984375,-8.93887996673584,"Female"
"9004155",371989,2025-06-22 23:17:16,42.5486221313477,-8.93885326385498,"Female"
"9004155",371989,2025-06-22 23:22:15,42.548713684082,-8.93878078460693,"Female"
"9004155",371989,2025-06-22 23:27:15,42.5486221313477,-8.93888092041016,"Female"
"9004155",371989,2025-06-22 23:32:16,42.5487060546875,-8.93890571594238,"Female"
"9004155",371989,2025-06-22 23:37:19,42.5486373901367,-8.93899059295654,"Female"
"9004155",371989,2025-06-22 23:42:20,42.5485801696777,-8.93902111053467,"Female"
"9004155",371989,2025-06-22 23:47:19,42.5485916137695,-8.93905830383301,"Female"
"9004155",371989,2025-06-22 23:52:17,42.5486259460449,-8.93916416168213,"Female"
"9004155",371989,2025-06-22 23:57:30,42.5486640930176,-8.93912696838379,"Female"
"9004155",371989,2025-06-23 00:02:35,42.5485305786133,-8.93881225585938,"Female"
"9004155",371989,2025-06-23 00:07:17,42.5485229492188,-8.93883419036865,"Female"
"9004155",371989,2025-06-23 00:12:16,42.5484313964844,-8.93884754180908,"Female"
"9004155",371989,2025-06-23 00:17:16,42.5484199523926,-8.93884563446045,"Female"
"9004155",371989,2025-06-23 00:22:16,42.548511505127,-8.93881034851074,"Female"
"9004155",371989,2025-06-23 00:27:16,42.5484390258789,-8.93885707855225,"Female"
"9004155",371989,2025-06-23 00:32:16,42.5485687255859,-8.93876838684082,"Female"
"9004155",371989,2025-06-23 00:37:16,42.5484962463379,-8.9388313293457,"Female"
"9004155",371989,2025-06-23 00:42:17,42.5485496520996,-8.93874549865723,"Female"
"9004155",371989,2025-06-23 00:47:17,42.5485649108887,-8.93888473510742,"Female"
"9004155",371989,2025-06-23 00:52:18,42.5482788085938,-8.93898582458496,"Female"
"9004155",371989,2025-06-23 00:57:22,42.5483589172363,-8.93889045715332,"Female"
"9004155",371989,2025-06-23 01:02:31,42.548583984375,-8.93889808654785,"Female"
"9004155",371989,2025-06-23 01:07:16,42.5485649108887,-8.93895626068115,"Female"
"9004155",371989,2025-06-23 01:12:18,42.5485763549805,-8.93904685974121,"Female"
"9004155",371989,2025-06-23 01:17:25,42.5486450195312,-8.93903160095215,"Female"
"9004155",371989,2025-06-23 01:22:25,42.5485763549805,-8.93886184692383,"Female"
"9004155",371989,2025-06-23 01:27:25,42.5486640930176,-8.93900108337402,"Female"
"9004155",371989,2025-06-23 01:32:26,42.5485572814941,-8.93887710571289,"Female"
"9004155",371989,2025-06-23 01:37:25,42.5486068725586,-8.93902397155762,"Female"
"9004155",371989,2025-06-23 01:42:20,42.5486221313477,-8.93892002105713,"Female"
"9004155",371989,2025-06-23 01:47:18,42.5485610961914,-8.9388313293457,"Female"
"9004155",371989,2025-06-23 01:52:35,42.5485229492188,-8.93881130218506,"Female"
"9004155",371989,2025-06-23 01:57:15,42.5485420227051,-8.9387788772583,"Female"
"9004155",371989,2025-06-23 02:02:15,42.5485420227051,-8.93876361846924,"Female"
"9004155",371989,2025-06-23 02:07:15,42.548526763916,-8.93878746032715,"Female"
"9004155",371989,2025-06-23 02:12:15,42.5485458374023,-8.9387321472168,"Female"
"9004155",371989,2025-06-23 02:17:15,42.5485382080078,-8.93877792358398,"Female"
"9004155",371989,2025-06-23 02:22:15,42.5485687255859,-8.93881893157959,"Female"
"9004155",371989,2025-06-23 02:27:15,42.5484924316406,-8.93887138366699,"Female"
"9004155",371989,2025-06-23 02:32:15,42.5485191345215,-8.9388370513916,"Female"
"9004155",371989,2025-06-23 02:37:15,42.5485610961914,-8.9388542175293,"Female"
"9004155",371989,2025-06-23 02:42:17,42.5484771728516,-8.93880367279053,"Female"
"9004155",371989,2025-06-23 02:47:15,42.548469543457,-8.93881416320801,"Female"
"9004155",371989,2025-06-23 02:52:15,42.5485000610352,-8.93886184692383,"Female"
"9004155",371989,2025-06-23 02:57:23,42.5484962463379,-8.93885612487793,"Female"
"9004155",371989,2025-06-23 03:02:22,42.5484924316406,-8.93884754180908,"Female"
"9004155",371989,2025-06-23 03:07:35,42.5485076904297,-8.93887996673584,"Female"
"9004155",371989,2025-06-23 03:12:16,42.5485801696777,-8.93881702423096,"Female"
"9004155",371989,2025-06-23 03:17:16,42.5485191345215,-8.93890380859375,"Female"
"9004155",371989,2025-06-23 03:22:16,42.5485534667969,-8.93877220153809,"Female"
"9004155",371989,2025-06-23 03:27:15,42.5485687255859,-8.93878841400146,"Female"
"9004155",371989,2025-06-23 03:32:15,42.5485038757324,-8.93884944915771,"Female"
"9004155",371989,2025-06-23 03:37:15,42.5485229492188,-8.93881225585938,"Female"
"9004155",371989,2025-06-23 03:42:15,42.5484848022461,-8.93887710571289,"Female"
"9004155",371989,2025-06-23 03:47:15,42.5485229492188,-8.93879318237305,"Female"
"9004155",371989,2025-06-23 03:52:16,42.5485343933105,-8.93883514404297,"Female"
"9004155",371989,2025-06-23 03:57:15,42.5485000610352,-8.93881797790527,"Female"
"9004155",371989,2025-06-23 04:02:15,42.5484619140625,-8.93887805938721,"Female"
"9004155",371989,2025-06-23 04:07:15,42.5484619140625,-8.93884086608887,"Female"
"9004155",371989,2025-06-23 04:12:15,42.5484313964844,-8.93890190124512,"Female"
"9004155",371989,2025-06-23 04:17:16,42.5485496520996,-8.93880367279053,"Female"
"9004155",371989,2025-06-23 04:22:15,42.5484733581543,-8.93884658813477,"Female"
"9004155",371989,2025-06-23 04:27:15,42.5486106872559,-8.93877983093262,"Female"
"9004155",371989,2025-06-23 04:32:30,42.5485305786133,-8.93868446350098,"Female"
"9004155",371989,2025-06-23 04:37:15,42.5485229492188,-8.93865966796875,"Female"
"9004155",371989,2025-06-23 04:42:15,42.548469543457,-8.93883800506592,"Female"
"9004155",371989,2025-06-23 04:47:16,42.5484466552734,-8.93875026702881,"Female"
"9004155",371989,2025-06-23 04:52:17,42.5485877990723,-8.93891716003418,"Female"
"9004155",371989,2025-06-23 04:57:18,42.548469543457,-8.93870067596436,"Female"
"9004155",371989,2025-06-23 05:02:20,42.5484657287598,-8.93872833251953,"Female"
"9004155",371989,2025-06-23 05:07:19,42.5484924316406,-8.93885707855225,"Female"
"9004155",371989,2025-06-23 05:12:19,42.5484085083008,-8.93857765197754,"Female"
"9004155",371989,2025-06-23 05:17:17,42.5484962463379,-8.93872451782227,"Female"
"9004155",371989,2025-06-23 05:22:17,42.5484809875488,-8.93871974945068,"Female"
"9004155",371989,2025-06-23 05:27:16,42.5485076904297,-8.9388313293457,"Female"
"9004155",371989,2025-06-23 05:32:16,42.5484886169434,-8.93878936767578,"Female"
"9004155",371989,2025-06-23 05:37:18,42.5484657287598,-8.93876075744629,"Female"
"9004155",371989,2025-06-23 05:42:18,42.5485725402832,-8.93879508972168,"Female"
"9004155",371989,2025-06-23 05:47:19,42.5486602783203,-8.93874073028564,"Female"
"9004155",371989,2025-06-23 05:52:29,42.5483283996582,-8.93869304656982,"Female"
"9004155",371989,2025-06-23 05:57:35,42.5484809875488,-8.93891334533691,"Female"
"9004155",371989,2025-06-23 06:02:15,42.548454284668,-8.93885040283203,"Female"
"9004155",371989,2025-06-23 06:07:18,42.5485343933105,-8.93891525268555,"Female"
"9004155",371989,2025-06-23 06:12:25,42.5484275817871,-8.93887519836426,"Female"
"9004155",371989,2025-06-23 06:17:25,42.548511505127,-8.93880081176758,"Female"
"9004155",371989,2025-06-23 06:22:35,42.5484962463379,-8.9387788772583,"Female"
"9004155",371989,2025-06-23 06:27:16,42.5484008789062,-8.93882751464844,"Female"
"9004155",371989,2025-06-23 06:32:18,42.5484161376953,-8.93879699707031,"Female"
"9004155",371989,2025-06-23 06:37:15,42.5485153198242,-8.93872451782227,"Female"
"9004155",371989,2025-06-23 06:42:15,42.5484733581543,-8.93880939483643,"Female"
"9004155",371989,2025-06-23 06:47:15,42.5484352111816,-8.9388427734375,"Female"
"9004155",371989,2025-06-23 06:52:16,42.5484199523926,-8.9387674331665,"Female"
"9004155",371989,2025-06-23 06:57:18,42.5483932495117,-8.93886375427246,"Female"
"9004155",371989,2025-06-23 07:02:15,42.5485420227051,-8.93882846832275,"Female"
"9004155",371989,2025-06-23 07:07:15,42.5485343933105,-8.93884181976318,"Female"
"9004155",371989,2025-06-23 07:12:17,42.5484275817871,-8.93883609771729,"Female"
"9004155",371989,2025-06-23 07:17:17,42.5484771728516,-8.93881034851074,"Female"
"9004155",371989,2025-06-23 07:22:18,42.5482597351074,-8.9390172958374,"Female"
"9004155",371989,2025-06-23 07:27:16,42.5482597351074,-8.93912792205811,"Female"
"9004155",371989,2025-06-23 07:32:18,42.5483512878418,-8.93898582458496,"Female"
"9004155",371989,2025-06-23 07:37:17,42.5483169555664,-8.93904495239258,"Female"
"9004155",371989,2025-06-23 07:42:20,42.5483093261719,-8.93903255462646,"Female"
"9004155",371989,2025-06-23 07:47:25,42.5485038757324,-8.93875217437744,"Female"
"9004155",371989,2025-06-23 07:52:16,42.5483360290527,-8.93904113769531,"Female"
"9004155",371989,2025-06-23 07:57:19,42.5483818054199,-8.93896961212158,"Female"
"9004155",371989,2025-06-23 08:02:26,42.5501098632812,-8.93957138061523,"Female"
"9004155",371989,2025-06-23 08:07:25,42.550106048584,-8.93958759307861,"Female"
"9004155",371989,2025-06-23 08:12:25,42.5501289367676,-8.93958282470703,"Female"
"9004155",371989,2025-06-23 08:17:29,42.5501251220703,-8.93953895568848,"Female"
"9004155",371989,2025-06-23 08:22:29,42.5501976013184,-8.93957614898682,"Female"
"9004155",371989,2025-06-23 08:27:25,42.5502738952637,-8.93956565856934,"Female"
"9004155",371989,2025-06-23 08:32:29,42.5502738952637,-8.9395751953125,"Female"
"9004155",371989,2025-06-23 08:37:29,42.5502815246582,-8.93954372406006,"Female"
"9004155",371989,2025-06-23 08:42:18,42.5500297546387,-8.93941593170166,"Female"
"9004155",371989,2025-06-23 08:47:35,42.5501899719238,-8.93942356109619,"Female"
"9004155",371989,2025-06-23 08:52:15,42.5501976013184,-8.93938159942627,"Female"
"9004155",371989,2025-06-23 08:57:16,42.5502471923828,-8.93943881988525,"Female"
"9004155",371989,2025-06-23 09:02:16,42.5502128601074,-8.93942070007324,"Female"
"9004155",371989,2025-06-23 09:07:16,42.5509376525879,-8.93815898895264,"Female"
"9004155",371989,2025-06-23 09:12:16,42.5532417297363,-8.93169212341309,"Female"
"9004155",371989,2025-06-23 09:17:16,42.5536994934082,-8.92054748535156,"Female"
"9004155",371989,2025-06-23 09:22:16,42.551887512207,-8.91250991821289,"Female"
"9004155",371989,2025-06-23 09:27:16,42.5524368286133,-8.91057586669922,"Female"
"9004155",371989,2025-06-23 09:32:16,42.5569953918457,-8.90652465820312,"Female"
"9004155",371989,2025-06-23 09:37:16,42.5569953918457,-8.90655612945557,"Female"
"9004155",371989,2025-06-23 09:42:17,42.5570068359375,-8.90659046173096,"Female"
"9004155",371989,2025-06-23 09:47:18,42.5584259033203,-8.90263652801514,"Female"
"9004155",371989,2025-06-23 09:52:17,42.562686920166,-8.89769268035889,"Female"
"9004155",371989,2025-06-23 09:57:16,42.5624961853027,-8.89735889434814,"Female"
"9004155",371989,2025-06-23 10:02:17,42.5705680847168,-8.88952922821045,"Female"
"9004155",371989,2025-06-23 10:07:35,42.5756340026855,-8.88181209564209,"Female"
"9004155",371989,2025-06-23 10:12:16,42.5808715820312,-8.87173938751221,"Female"
"9004155",371989,2025-06-23 10:17:16,42.584098815918,-8.86458015441895,"Female"
"9004155",371989,2025-06-23 10:22:16,42.5965576171875,-8.84341621398926,"Female"
"9004155",371989,2025-06-23 10:27:16,42.5988502502441,-8.84109973907471,"Female"
"9004155",371989,2025-06-23 10:32:16,42.6038589477539,-8.82515811920166,"Female"
"9004155",371989,2025-06-23 10:37:44,42.6040153503418,-8.82444477081299,"Female"
"9004155",371989,2025-06-23 10:42:42,42.6087417602539,-8.81550121307373,"Female"
"9004155",371989,2025-06-23 10:48:15,42.6083450317383,-8.81565093994141,"Female"
"9004155",371989,2025-06-23 10:54:06,42.608325958252,-8.81579494476318,"Female"
"9004155",371989,2025-06-23 10:59:03,42.6081047058105,-8.8170166015625,"Female"
"9004155",371989,2025-06-23 11:04:04,42.609260559082,-8.81706047058105,"Female"
"9004155",371989,2025-06-23 11:09:03,42.6093597412109,-8.81714344024658,"Female"
"9004155",371989,2025-06-23 11:14:08,42.6093978881836,-8.81670093536377,"Female"
"9004155",371989,2025-06-23 11:19:13,42.6093482971191,-8.81671810150146,"Female"
"9004155",371989,2025-06-23 11:24:03,42.609375,-8.81700992584229,"Female"
"9004155",371989,2025-06-23 11:29:03,42.6093826293945,-8.81679248809814,"Female"
"9004155",371989,2025-06-23 11:34:07,42.6092758178711,-8.81685447692871,"Female"
"9004155",371989,2025-06-23 11:39:03,42.6094551086426,-8.81705856323242,"Female"
"9004155",371989,2025-06-23 11:44:03,42.6093635559082,-8.81672763824463,"Female"
"9004155",371989,2025-06-23 11:49:03,42.6093597412109,-8.81677722930908,"Female"
"9004155",371989,2025-06-23 11:54:03,42.6092948913574,-8.8167610168457,"Female"
"9004155",371989,2025-06-23 11:59:03,42.609260559082,-8.81681632995605,"Female"
"9004155",371989,2025-06-23 12:04:35,42.6091499328613,-8.81684970855713,"Female"
"9004155",371989,2025-06-23 12:09:02,42.6090850830078,-8.81690120697021,"Female"
"9004155",371989,2025-06-23 12:14:02,42.6090850830078,-8.81684684753418,"Female"
"9004155",371989,2025-06-23 12:19:02,42.6090507507324,-8.81694316864014,"Female"
"9004155",371989,2025-06-23 12:24:02,42.6092681884766,-8.8169584274292,"Female"
"9004155",371989,2025-06-23 12:29:02,42.6091461181641,-8.81688213348389,"Female"
"9004155",371989,2025-06-23 12:34:02,42.6090698242188,-8.81690883636475,"Female"
"9004155",371989,2025-06-23 12:39:03,42.6093330383301,-8.81703472137451,"Female"
"9004155",371989,2025-06-23 12:44:02,42.6091117858887,-8.81679725646973,"Female"
"9004155",371989,2025-06-23 12:49:02,42.6090621948242,-8.81678771972656,"Female"
"9004155",371989,2025-06-23 12:54:02,42.6090621948242,-8.81679248809814,"Female"
"9004155",371989,2025-06-23 12:59:02,42.6090278625488,-8.8167552947998,"Female"
"9004155",371989,2025-06-23 13:04:02,42.6090431213379,-8.81677150726318,"Female"
"9004155",371989,2025-06-23 13:09:54,42.6093254089355,-8.81646060943604,"Female"
"9004155",371989,2025-06-23 13:14:58,42.6089897155762,-8.81659698486328,"Female"
"9004155",371989,2025-06-23 13:19:54,42.6090049743652,-8.81658840179443,"Female"
"9004155",371989,2025-06-23 13:24:54,42.6090278625488,-8.8165864944458,"Female"
"9004155",371989,2025-06-23 13:29:54,42.6090431213379,-8.81658744812012,"Female"
"9004155",371989,2025-06-23 13:34:54,42.6090850830078,-8.81656551361084,"Female"
"9004155",371989,2025-06-23 13:39:54,42.609058380127,-8.81657028198242,"Female"
"9004155",371989,2025-06-23 13:44:54,42.6091041564941,-8.8165454864502,"Female"
"9004155",371989,2025-06-23 13:49:54,42.6090888977051,-8.81656455993652,"Female"
"9004155",371989,2025-06-23 13:54:54,42.6090469360352,-8.81657314300537,"Female"
"9004155",371989,2025-06-23 13:59:55,42.6091270446777,-8.81655311584473,"Female"
"9004155",371989,2025-06-23 14:04:54,42.6089973449707,-8.81644248962402,"Female"
"9004155",371989,2025-06-23 14:09:56,42.6090812683105,-8.81649589538574,"Female"
"9004155",371989,2025-06-23 14:14:54,42.6091003417969,-8.81652355194092,"Female"
"9004155",371989,2025-06-23 14:19:54,42.609058380127,-8.8164758682251,"Female"
"9004155",371989,2025-06-23 14:24:57,42.6091003417969,-8.8165168762207,"Female"
"9004155",371989,2025-06-23 14:29:54,42.6091003417969,-8.81648349761963,"Female"
"9004155",371989,2025-06-23 14:34:55,42.609058380127,-8.81649780273438,"Female"
"9004155",371989,2025-06-23 14:39:55,42.6091499328613,-8.81657028198242,"Female"
"9004155",371989,2025-06-23 14:44:54,42.6090927124023,-8.81649780273438,"Female"
"9004155",371989,2025-06-23 14:50:53,42.6114273071289,-8.81519317626953,"Female"
"9004155",371989,2025-06-23 14:56:11,42.6114616394043,-8.81532859802246,"Female"
"9004155",371989,2025-06-23 15:02:26,42.6111755371094,-8.81555271148682,"Female"
"9004155",371989,2025-06-23 15:07:16,42.611515045166,-8.81505680084229,"Female"
"9004155",371989,2025-06-23 15:12:23,42.6118927001953,-8.81500625610352,"Female"
"9004155",371989,2025-06-23 15:17:26,42.6118431091309,-8.81497669219971,"Female"
"9004155",371989,2025-06-23 15:22:13,42.6117897033691,-8.81494522094727,"Female"
"9004155",371989,2025-06-23 15:27:16,42.6118011474609,-8.81489276885986,"Female"
"9004155",371989,2025-06-23 15:32:22,42.6120452880859,-8.81511497497559,"Female"
"9004155",371989,2025-06-23 15:37:34,42.6118774414062,-8.8148946762085,"Female"
"9004155",371989,2025-06-23 15:42:12,42.6118965148926,-8.81497478485107,"Female"
"9004155",371989,2025-06-23 15:47:12,42.6118392944336,-8.81477737426758,"Female"
"9004155",371989,2025-06-23 15:52:13,42.6118927001953,-8.81495761871338,"Female"
"9004155",371989,2025-06-23 15:57:13,42.6118927001953,-8.81494808197021,"Female"
"9004155",371989,2025-06-23 16:02:12,42.6119270324707,-8.8148021697998,"Female"
"9004155",371989,2025-06-23 16:07:12,42.6119270324707,-8.81507015228271,"Female"
"9004155",371989,2025-06-23 16:12:14,42.611888885498,-8.81489181518555,"Female"
"9004155",371989,2025-06-23 16:17:12,42.6118469238281,-8.81491470336914,"Female"
"9004155",371989,2025-06-23 16:22:12,42.611873626709,-8.81491470336914,"Female"
"9004155",371989,2025-06-23 16:27:12,42.6118583679199,-8.81486225128174,"Female"
"9004155",371989,2025-06-23 16:32:13,42.6118049621582,-8.81493473052979,"Female"
"9004155",371989,2025-06-23 16:37:13,42.61181640625,-8.8149471282959,"Female"
"9004155",371989,2025-06-23 16:42:12,42.6118278503418,-8.81484508514404,"Female"
"9004155",371989,2025-06-23 16:47:13,42.6118698120117,-8.81480884552002,"Female"
"9004155",371989,2025-06-23 16:52:12,42.6118621826172,-8.8148307800293,"Female"
"9004155",371989,2025-06-23 16:57:12,42.6118698120117,-8.81486034393311,"Female"
"9004155",371989,2025-06-23 17:02:15,42.6123199462891,-8.81478404998779,"Female"
"9004155",371989,2025-06-23 17:07:18,42.6118659973145,-8.8147554397583,"Female"
"9004155",371989,2025-06-23 17:12:22,42.6118698120117,-8.81486034393311,"Female"
"9004155",371989,2025-06-23 17:17:15,42.6118812561035,-8.8148717880249,"Female"
"9004155",371989,2025-06-23 17:22:14,42.6118850708008,-8.81482982635498,"Female"
"9004155",371989,2025-06-23 17:27:14,42.6118469238281,-8.81480312347412,"Female"
"9004155",371989,2025-06-23 17:32:15,42.6118812561035,-8.81482028961182,"Female"
"9004155",371989,2025-06-23 17:37:14,42.6118545532227,-8.81485462188721,"Female"
"9004155",371989,2025-06-23 17:42:14,42.6119041442871,-8.81485939025879,"Female"
"9004155",371989,2025-06-23 17:47:14,42.611888885498,-8.81481456756592,"Female"
"9004155",371989,2025-06-23 17:52:14,42.6118392944336,-8.8148365020752,"Female"
"9004155",371989,2025-06-23 17:57:14,42.61181640625,-8.81473064422607,"Female"
"9004155",371989,2025-06-23 18:02:14,42.611888885498,-8.81489181518555,"Female"
"9004155",371989,2025-06-23 18:07:14,42.611888885498,-8.81485366821289,"Female"
"9004155",371989,2025-06-23 18:12:15,42.6119155883789,-8.81486892700195,"Female"
"9004155",371989,2025-06-23 18:17:14,42.6119079589844,-8.81480312347412,"Female"
"9004155",371989,2025-06-23 18:22:15,42.6119651794434,-8.81491374969482,"Female"
"9004155",371989,2025-06-23 18:27:18,42.6118927001953,-8.81496715545654,"Female"
"9004155",371989,2025-06-23 18:32:35,42.611930847168,-8.81506538391113,"Female"
"9004155",371989,2025-06-23 18:37:15,42.6119079589844,-8.81502628326416,"Female"
"9004155",371989,2025-06-23 18:42:16,42.6119766235352,-8.81504440307617,"Female"
"9004155",371989,2025-06-23 18:47:15,42.6119651794434,-8.81501770019531,"Female"
"9004155",371989,2025-06-23 18:52:15,42.6118392944336,-8.8151388168335,"Female"
"9004155",371989,2025-06-23 18:57:22,42.6128578186035,-8.81581497192383,"Female"
"9004155",371989,2025-06-23 19:05:29,42.6116828918457,-8.82073593139648,"Female"
"9004155",371989,2025-06-23 19:10:24,42.6113433837891,-8.82094097137451,"Female"
"9004155",371989,2025-06-23 19:15:24,42.6112632751465,-8.82088947296143,"Female"
"9004155",371989,2025-06-23 19:20:25,42.6113739013672,-8.82078742980957,"Female"
"9004155",371989,2025-06-23 19:25:26,42.6112060546875,-8.82073879241943,"Female"
"9004155",371989,2025-06-23 19:30:24,42.6053161621094,-8.83641147613525,"Female"
"9004155",371989,2025-06-23 19:35:25,42.6032028198242,-8.87597751617432,"Female"
"9004155",371989,2025-06-23 19:40:24,42.6020050048828,-8.87648868560791,"Female"
"9004155",371989,2025-06-23 19:45:24,42.6021690368652,-8.87660121917725,"Female"
"9004155",371989,2025-06-23 19:50:24,42.6021347045898,-8.87654590606689,"Female"
"9004155",371989,2025-06-23 19:55:24,42.6021270751953,-8.87646102905273,"Female"
"9004155",371989,2025-06-23 20:00:37,42.6017074584961,-8.87593555450439,"Female"
"9004155",371989,2025-06-23 20:05:31,42.6012954711914,-8.8767557144165,"Female"
"9004155",371989,2025-06-23 20:10:28,42.6013870239258,-8.87671089172363,"Female"
"9004155",371989,2025-06-23 20:15:44,42.6013793945312,-8.87668228149414,"Female"
"9004155",371989,2025-06-23 20:20:24,42.6013145446777,-8.87660121917725,"Female"
"9004155",371989,2025-06-23 20:25:24,42.6012687683105,-8.87659168243408,"Female"
"9004155",371989,2025-06-23 20:30:25,42.6013031005859,-8.87658786773682,"Female"
"9004155",371989,2025-06-23 20:35:28,42.6014251708984,-8.87654590606689,"Female"
"9004155",371989,2025-06-23 20:40:25,42.6015434265137,-8.87659454345703,"Female"
"9004155",371989,2025-06-23 20:45:45,42.6014022827148,-8.87661457061768,"Female"
"9004155",371989,2025-06-23 20:50:24,42.6014175415039,-8.87662029266357,"Female"
"9004155",371989,2025-06-23 20:55:29,42.6014137268066,-8.87662124633789,"Female"
"9004155",371989,2025-06-23 21:00:24,42.6013679504395,-8.8765697479248,"Female"
"9004155",371989,2025-06-23 21:05:24,42.6013450622559,-8.87648868560791,"Female"
"9004155",371989,2025-06-23 21:10:24,42.6012687683105,-8.87644577026367,"Female"
"9004155",371989,2025-06-23 21:15:25,42.6014099121094,-8.8767728805542,"Female"
"9004155",371989,2025-06-23 21:20:24,42.6013984680176,-8.87655544281006,"Female"
"9004155",371989,2025-06-23 21:25:25,42.6012420654297,-8.87626552581787,"Female"
"9004155",371989,2025-06-23 21:30:44,42.6013946533203,-8.87664127349854,"Female"
"9004155",371989,2025-06-23 21:35:27,42.6013031005859,-8.87643527984619,"Female"
"9004155",371989,2025-06-23 21:40:25,42.6013107299805,-8.8764476776123,"Female"
"9004155",371989,2025-06-23 21:45:24,42.6013069152832,-8.87644100189209,"Female"
"9004155",371989,2025-06-23 21:50:25,42.6012878417969,-8.87642860412598,"Female"
"9004155",371989,2025-06-23 21:55:26,42.6013259887695,-8.87646770477295,"Female"
"9004155",371989,2025-06-23 22:00:24,42.6013259887695,-8.87640762329102,"Female"
"9004155",371989,2025-06-23 22:05:24,42.6012306213379,-8.87629127502441,"Female"
"9004155",371989,2025-06-23 22:10:27,42.6014099121094,-8.87654113769531,"Female"
"9004155",371989,2025-06-23 22:15:44,42.6014595031738,-8.87672138214111,"Female"
"9004155",371989,2025-06-23 22:20:24,42.601390838623,-8.87648105621338,"Female"
"9004155",371989,2025-06-23 22:25:27,42.601390838623,-8.8765869140625,"Female"
"9004155",371989,2025-06-23 22:30:42,42.6017646789551,-8.87671661376953,"Female"
"9004155",371989,2025-06-23 22:35:27,42.6018943786621,-8.87690448760986,"Female"
"9004155",371989,2025-06-23 22:40:26,42.6015586853027,-8.8769416809082,"Female"
"9004155",371989,2025-06-23 22:45:28,42.6014938354492,-8.87681579589844,"Female"
"9004155",371989,2025-06-23 22:50:36,42.6013679504395,-8.87674808502197,"Female"
"9004155",371989,2025-06-23 22:55:39,42.601390838623,-8.87667560577393,"Female"
"9004155",371989,2025-06-23 23:00:41,42.601375579834,-8.87672519683838,"Female"
"9004155",371989,2025-06-23 23:05:37,42.6013679504395,-8.87673282623291,"Female"
"9004155",371989,2025-06-23 23:10:59,42.6013946533203,-8.87669944763184,"Female"
"9004155",371989,2025-06-23 23:15:24,42.6013641357422,-8.87670707702637,"Female"
"9004155",371989,2025-06-23 23:20:24,42.6013641357422,-8.876708984375,"Female"
"9004155",371989,2025-06-23 23:25:24,42.6013641357422,-8.87667369842529,"Female"
"9004155",371989,2025-06-23 23:30:24,42.6013526916504,-8.87674617767334,"Female"
"9004155",371989,2025-06-23 23:35:24,42.6013832092285,-8.87675380706787,"Female"
"9004155",371989,2025-06-23 23:40:24,42.6013565063477,-8.87666416168213,"Female"
"9004155",371989,2025-06-23 23:45:24,42.6013870239258,-8.87668800354004,"Female"
"9004155",371989,2025-06-23 23:50:24,42.6013832092285,-8.87661361694336,"Female"
"9004155",371989,2025-06-23 23:55:24,42.601375579834,-8.87666797637939,"Female"
"9004155",371989,2025-06-24 00:00:24,42.6014099121094,-8.8766393661499,"Female"
"9004155",371989,2025-06-24 00:05:24,42.6014175415039,-8.87664604187012,"Female"
"9004155",371989,2025-06-24 00:10:24,42.6014213562012,-8.87666320800781,"Female"
"9004155",371989,2025-06-24 00:15:24,42.6014633178711,-8.87669467926025,"Female"
"9004155",371989,2025-06-24 00:20:24,42.601375579834,-8.87666034698486,"Female"
"9004155",371989,2025-06-24 00:25:24,42.6013526916504,-8.8766622543335,"Female"
"9004155",371989,2025-06-24 00:30:24,42.6013374328613,-8.87664699554443,"Female"
"9004155",371989,2025-06-24 00:35:24,42.6014060974121,-8.87666320800781,"Female"
"9004155",371989,2025-06-24 00:40:24,42.6013832092285,-8.87666797637939,"Female"
"9004155",371989,2025-06-24 00:45:24,42.6013641357422,-8.87665367126465,"Female"
"9004155",371989,2025-06-24 00:50:24,42.6014022827148,-8.87666320800781,"Female"
"9004155",371989,2025-06-24 00:55:34,42.6013336181641,-8.87663269042969,"Female"
"9004155",371989,2025-06-24 01:00:58,42.6014060974121,-8.876633644104,"Female"
"9004155",371989,2025-06-24 01:05:24,42.6014099121094,-8.87664985656738,"Female"
"9004155",371989,2025-06-24 01:10:24,42.6014022827148,-8.87660312652588,"Female"
"9004155",371989,2025-06-24 01:15:24,42.6014442443848,-8.87660503387451,"Female"
"9004155",371989,2025-06-24 01:20:24,42.6014366149902,-8.8765926361084,"Female"
"9004155",371989,2025-06-24 01:25:24,42.6013984680176,-8.87661838531494,"Female"
"9004155",371989,2025-06-24 01:30:24,42.6014060974121,-8.87662887573242,"Female"
"9004155",371989,2025-06-24 01:35:25,42.6014442443848,-8.87659549713135,"Female"
"9004155",371989,2025-06-24 01:40:24,42.6013984680176,-8.87662982940674,"Female"
"9004155",371989,2025-06-24 01:45:24,42.6014022827148,-8.8766565322876,"Female"
"9004155",371989,2025-06-24 01:50:24,42.6014060974121,-8.8765230178833,"Female"
"9004155",371989,2025-06-24 01:55:24,42.6013870239258,-8.87664794921875,"Female"
"9004155",371989,2025-06-24 02:00:24,42.6014022827148,-8.87672805786133,"Female"
"9004155",371989,2025-06-24 02:05:24,42.6014213562012,-8.87660789489746,"Female"
"9004155",371989,2025-06-24 02:10:24,42.6013832092285,-8.87668895721436,"Female"
"9004155",371989,2025-06-24 02:15:24,42.6014442443848,-8.87662315368652,"Female"
"9004155",371989,2025-06-24 02:20:24,42.601390838623,-8.87664031982422,"Female"
"9004155",371989,2025-06-24 02:25:24,42.6014099121094,-8.87665843963623,"Female"
"9004155",371989,2025-06-24 02:30:24,42.6014175415039,-8.8765754699707,"Female"
"9004155",371989,2025-06-24 02:35:24,42.6014442443848,-8.87665176391602,"Female"
"9004155",371989,2025-06-24 02:40:25,42.6014366149902,-8.87667274475098,"Female"
"9004155",371989,2025-06-24 02:45:24,42.6014404296875,-8.87662887573242,"Female"
"9004155",371989,2025-06-24 02:50:24,42.6014251708984,-8.87664604187012,"Female"
"9004155",371989,2025-06-24 02:55:24,42.6014213562012,-8.87658882141113,"Female"
"9004155",371989,2025-06-24 03:00:24,42.6014213562012,-8.87660789489746,"Female"
"9004155",371989,2025-06-24 03:05:44,42.6014518737793,-8.8766040802002,"Female"
"9004155",371989,2025-06-24 03:10:27,42.6014785766602,-8.87656879425049,"Female"
"9004155",371989,2025-06-24 03:15:26,42.6014137268066,-8.87654590606689,"Female"
"9004155",371989,2025-06-24 03:20:25,42.6015739440918,-8.87668704986572,"Female"
"9004155",371989,2025-06-24 03:25:24,42.601448059082,-8.87664127349854,"Female"
"9004155",371989,2025-06-24 03:30:29,42.6020965576172,-8.87634944915771,"Female"
"9004155",371989,2025-06-24 03:35:27,42.6015090942383,-8.87665271759033,"Female"
"9004155",371989,2025-06-24 03:40:29,42.6015892028809,-8.87679576873779,"Female"
"9004155",371989,2025-06-24 03:45:44,42.6014747619629,-8.87660694122314,"Female"
"9004155",371989,2025-06-24 03:50:24,42.601448059082,-8.87653923034668,"Female"
"9004155",371989,2025-06-24 03:55:25,42.6014938354492,-8.87658214569092,"Female"
"9004155",371989,2025-06-24 04:00:26,42.6014404296875,-8.87667369842529,"Female"
"9004155",371989,2025-06-24 04:05:27,42.6014289855957,-8.87653160095215,"Female"
"9004155",371989,2025-06-24 04:10:25,42.601432800293,-8.87656497955322,"Female"
"9004155",371989,2025-06-24 04:15:24,42.6013984680176,-8.87668895721436,"Female"
"9004155",371989,2025-06-24 04:20:24,42.6012573242188,-8.87650871276855,"Female"
"9004155",371989,2025-06-24 04:25:25,42.6013946533203,-8.87682628631592,"Female"
"9004155",371989,2025-06-24 04:30:45,42.6013870239258,-8.87650680541992,"Female"
"9004155",371989,2025-06-24 04:35:24,42.6013603210449,-8.87644195556641,"Female"
"9004155",371989,2025-06-24 04:40:36,42.6014823913574,-8.87680435180664,"Female"
"9004155",371989,2025-06-24 04:45:44,42.6014213562012,-8.87669467926025,"Female"
"9004155",371989,2025-06-24 04:50:24,42.6014823913574,-8.87676811218262,"Female"
"9004155",371989,2025-06-24 04:55:24,42.6014595031738,-8.87672996520996,"Female"
"9004155",371989,2025-06-24 05:00:24,42.6014785766602,-8.87673664093018,"Female"
"9004155",371989,2025-06-24 05:05:25,42.6014747619629,-8.87601089477539,"Female"
"9004155",371989,2025-06-24 05:10:26,42.6014671325684,-8.8767204284668,"Female"
"9004155",371989,2025-06-24 05:15:26,42.601448059082,-8.87641525268555,"Female"
"9004155",371989,2025-06-24 05:20:26,42.601505279541,-8.87667274475098,"Female"
"9004155",371989,2025-06-24 05:25:27,42.6014442443848,-8.87650012969971,"Female"
"9004155",371989,2025-06-24 05:30:45,42.6015090942383,-8.8764820098877,"Female"
"9004155",371989,2025-06-24 05:35:33,42.6015014648438,-8.87645530700684,"Female"
"9004155",371989,2025-06-24 05:40:27,42.6014785766602,-8.87643241882324,"Female"
"9004155",371989,2025-06-24 05:45:36,42.601390838623,-8.87647342681885,"Female"
"9004155",371989,2025-06-24 05:50:36,42.6014175415039,-8.87642955780029,"Female"
"9004155",371989,2025-06-24 05:55:34,42.6012001037598,-8.87637042999268,"Female"
"9004155",371989,2025-06-24 06:00:36,42.6012878417969,-8.87650299072266,"Female"
"9004155",371989,2025-06-24 06:05:36,42.6011085510254,-8.87640476226807,"Female"
"9004155",371989,2025-06-24 06:10:35,42.6010398864746,-8.87642192840576,"Female"
"9004155",371989,2025-06-24 06:15:59,42.6012992858887,-8.87661743164062,"Female"
"9004155",371989,2025-06-24 06:20:25,42.6011695861816,-8.87635231018066,"Female"
"9004155",371989,2025-06-24 06:25:24,42.6012878417969,-8.87654495239258,"Female"
"9004155",371989,2025-06-24 06:30:24,42.601131439209,-8.87626075744629,"Female"
"9004155",371989,2025-06-24 06:35:26,42.6012992858887,-8.87650966644287,"Female"
"9004155",371989,2025-06-24 06:40:27,42.6013641357422,-8.87652397155762,"Female"
"9004155",371989,2025-06-24 06:45:36,42.6013336181641,-8.87666511535645,"Female"
"9004155",371989,2025-06-24 06:50:28,42.6017608642578,-8.87726593017578,"Female"
"9004155",371989,2025-06-24 06:55:36,42.6014137268066,-8.87652778625488,"Female"
"9004155",371989,2025-06-24 07:00:25,42.6011734008789,-8.87620639801025,"Female"
"9004155",371989,2025-06-24 07:05:36,42.601390838623,-8.87659740447998,"Female"
"9004155",371989,2025-06-24 07:10:25,42.6014289855957,-8.87666893005371,"Female"
"9004155",371989,2025-06-24 07:15:36,42.6014099121094,-8.8765869140625,"Female"
"9004155",371989,2025-06-24 07:20:25,42.601432800293,-8.87656784057617,"Female"
"9004155",371989,2025-06-24 07:25:36,42.6013603210449,-8.87663173675537,"Female"
"9004155",371989,2025-06-24 07:30:28,42.6013031005859,-8.87661838531494,"Female"
"9004155",371989,2025-06-24 07:35:36,42.6014060974121,-8.87654209136963,"Female"
"9004155",371989,2025-06-24 07:40:37,42.6012344360352,-8.87670612335205,"Female"
"9004155",371989,2025-06-24 07:45:37,42.6011810302734,-8.87661552429199,"Female"
"9004155",371989,2025-06-24 07:50:37,42.6014213562012,-8.8765926361084,"Female"
"9004155",371989,2025-06-24 07:55:37,42.6013145446777,-8.87668609619141,"Female"
"9004155",371989,2025-06-24 08:00:41,42.6013526916504,-8.87661170959473,"Female"
"9004155",371989,2025-06-24 08:05:36,42.6014022827148,-8.87667465209961,"Female"
"9004155",371989,2025-06-24 08:10:36,42.601390838623,-8.8767614364624,"Female"
"9004155",371989,2025-06-24 08:15:36,42.6014251708984,-8.87663841247559,"Female"
"9004155",371989,2025-06-24 08:20:37,42.6014556884766,-8.87669372558594,"Female"
"9004155",371989,2025-06-24 08:25:37,42.6014633178711,-8.87667846679688,"Female"
"9004155",371989,2025-06-24 08:30:38,42.6014556884766,-8.87664127349854,"Female"
"9004155",371989,2025-06-24 08:35:37,42.6014633178711,-8.87654495239258,"Female"
"9004155",371989,2025-06-24 08:40:45,42.6014137268066,-8.87660789489746,"Female"
"9004155",371989,2025-06-24 08:45:24,42.6012840270996,-8.87638378143311,"Female"
"9004155",371989,2025-06-24 08:50:25,42.6013488769531,-8.87641143798828,"Female"
"9004155",371989,2025-06-24 08:55:29,42.6009674072266,-8.87589550018311,"Female"
"9004155",371989,2025-06-24 09:00:27,42.6015396118164,-8.87688732147217,"Female"
"9004155",371989,2025-06-24 09:05:35,42.6015739440918,-8.87650585174561,"Female"
"9004155",371989,2025-06-24 09:10:27,42.6009407043457,-8.8757381439209,"Female"
"9004155",371989,2025-06-24 09:15:29,42.6013221740723,-8.87659549713135,"Female"
"9004155",371989,2025-06-24 09:20:30,42.6010475158691,-8.87623023986816,"Female"
"9004155",371989,2025-06-24 09:25:25,42.6016235351562,-8.87694263458252,"Female"
"9004155",371989,2025-06-24 09:30:45,42.6014213562012,-8.87662410736084,"Female"
"9004155",371989,2025-06-24 09:35:29,42.6009826660156,-8.87620544433594,"Female"
"9004155",371989,2025-06-24 09:40:36,42.6014213562012,-8.87649726867676,"Female"
"9004155",371989,2025-06-24 09:45:30,42.601318359375,-8.87661266326904,"Female"
"9004155",371989,2025-06-24 09:50:28,42.6014213562012,-8.87658596038818,"Female"
"9004155",371989,2025-06-24 09:55:29,42.6014137268066,-8.87659931182861,"Female"
"9004155",371989,2025-06-24 10:00:28,42.6014289855957,-8.87664604187012,"Female"
"9004155",371989,2025-06-24 10:05:28,42.6015930175781,-8.87679958343506,"Female"
"9004155",371989,2025-06-24 10:10:31,42.6013870239258,-8.87664604187012,"Female"
"9004155",371989,2025-06-24 10:15:59,42.6015472412109,-8.87662696838379,"Female"
"9004155",371989,2025-06-24 10:20:24,42.6015090942383,-8.87662982940674,"Female"
"9004155",371989,2025-06-24 10:25:24,42.6014404296875,-8.87661170959473,"Female"
"9004155",371989,2025-06-24 10:30:24,42.6014747619629,-8.87663459777832,"Female"
"9004155",371989,2025-06-24 10:35:24,42.6014709472656,-8.87662315368652,"Female"
"9004155",371989,2025-06-24 10:40:24,42.6014785766602,-8.87667846679688,"Female"
"9004155",371989,2025-06-24 10:45:24,42.601448059082,-8.87685108184814,"Female"
"9004155",371989,2025-06-24 10:50:24,42.6014785766602,-8.87668895721436,"Female"
"9004155",371989,2025-06-24 10:55:24,42.6014976501465,-8.87663650512695,"Female"
"9004155",371989,2025-06-24 11:00:24,42.6016578674316,-8.87666606903076,"Female"
"9004155",371989,2025-06-24 11:05:24,42.6014289855957,-8.87669086456299,"Female"
"9004155",371989,2025-06-24 11:10:24,42.6014747619629,-8.87670707702637,"Female"
"9004155",371989,2025-06-24 11:15:24,42.6034545898438,-8.85854148864746,"Female"
"9004155",371989,2025-06-24 11:20:24,42.6147117614746,-8.81743049621582,"Female"
"9004155",371989,2025-06-24 11:26:20,42.6147537231445,-8.81791687011719,"Female"
"9004155",371989,2025-06-24 11:31:36,42.6147270202637,-8.81769561767578,"Female"
"9004155",371989,2025-06-24 11:37:18,42.6164627075195,-8.81789875030518,"Female"
"9004155",371989,2025-06-24 11:42:35,42.6159973144531,-8.81915664672852,"Female"
"9004155",371989,2025-06-24 11:47:33,42.6158256530762,-8.819091796875,"Female"
"9004155",371989,2025-06-24 11:52:31,42.6166915893555,-8.81988334655762,"Female"
"9004155",371989,2025-06-24 11:57:31,42.6167373657227,-8.81992340087891,"Female"
"9004155",371989,2025-06-24 12:02:44,42.6152458190918,-8.81861782073975,"Female"
"9004155",371989,2025-06-24 12:07:31,42.6152381896973,-8.81857967376709,"Female"
"9004155",371989,2025-06-24 12:12:32,42.6151237487793,-8.81847286224365,"Female"
"9004155",371989,2025-06-24 12:17:29,42.6180381774902,-8.82184505462646,"Female"
"9004155",371989,2025-06-24 12:22:32,42.6149368286133,-8.81832027435303,"Female"
"9004155",371989,2025-06-24 12:28:05,42.6152458190918,-8.81856250762939,"Female"
"9004155",371989,2025-06-24 12:32:31,42.6153106689453,-8.81862258911133,"Female"
"9004155",371989,2025-06-24 12:37:31,42.6151657104492,-8.81873607635498,"Female"
"9004155",371989,2025-06-24 12:42:31,42.6153373718262,-8.81857490539551,"Female"
"9004155",371989,2025-06-24 12:47:31,42.6153297424316,-8.81857967376709,"Female"
"9004155",371989,2025-06-24 12:52:31,42.6152153015137,-8.81861114501953,"Female"
"9004155",371989,2025-06-24 12:57:31,42.6152267456055,-8.81861209869385,"Female"
"9004155",371989,2025-06-24 13:02:31,42.615234375,-8.81867694854736,"Female"
"9004155",371989,2025-06-24 13:07:31,42.6123199462891,-8.81497669219971,"Female"
"9004155",371989,2025-06-24 13:12:35,42.6121253967285,-8.81496810913086,"Female"
"9004155",371989,2025-06-24 13:18:29,42.6119575500488,-8.81485557556152,"Female"
"9004155",371989,2025-06-24 13:25:05,42.6118965148926,-8.81657123565674,"Female"
"9004155",371989,2025-06-24 13:29:47,42.6119232177734,-8.81664752960205,"Female"
"9004155",371989,2025-06-24 13:34:43,42.6117477416992,-8.81663608551025,"Female"
"9004155",371989,2025-06-24 13:39:45,42.61181640625,-8.81658172607422,"Female"
"9004155",371989,2025-06-24 13:44:43,42.6117935180664,-8.81659412384033,"Female"
"9004155",371989,2025-06-24 13:49:43,42.6118202209473,-8.81664848327637,"Female"
"9004155",371989,2025-06-24 13:54:43,42.6118087768555,-8.81653594970703,"Female"
"9004155",371989,2025-06-24 13:59:43,42.6117973327637,-8.81662464141846,"Female"
"9004155",371989,2025-06-24 14:04:43,42.6117897033691,-8.81661128997803,"Female"
"9004155",371989,2025-06-24 14:09:43,42.6117744445801,-8.81657791137695,"Female"
"9004155",371989,2025-06-24 14:14:43,42.6117477416992,-8.81657123565674,"Female"
"9004155",371989,2025-06-24 14:19:46,42.6110572814941,-8.82415103912354,"Female"
"9004155",371989,2025-06-24 14:24:43,42.6110038757324,-8.82421684265137,"Female"
"9004155",371989,2025-06-24 14:29:43,42.6110038757324,-8.82420635223389,"Female"
"9004155",371989,2025-06-24 14:34:55,42.6109580993652,-8.82418060302734,"Female"
"9004155",371989,2025-06-24 14:39:55,42.6109085083008,-8.8241548538208,"Female"
"9004155",371989,2025-06-24 14:44:54,42.6109199523926,-8.82418537139893,"Female"
"9004155",371989,2025-06-24 14:49:54,42.6108856201172,-8.8241491317749,"Female"
"9004155",371989,2025-06-24 14:54:55,42.6108779907227,-8.82418441772461,"Female"
"9004155",371989,2025-06-24 14:59:56,42.610897064209,-8.82416152954102,"Female"
"9004155",371989,2025-06-24 15:04:45,42.611011505127,-8.82427501678467,"Female"
"9004155",371989,2025-06-24 15:10:05,42.610912322998,-8.82417678833008,"Female"
"9004155",371989,2025-06-24 15:14:43,42.6108779907227,-8.82418823242188,"Female"
"9004155",371989,2025-06-24 15:19:43,42.6109161376953,-8.8242826461792,"Female"
"9004155",371989,2025-06-24 15:24:43,42.6108207702637,-8.82420921325684,"Female"
"9004155",371989,2025-06-24 15:29:43,42.6108512878418,-8.82418060302734,"Female"
"9004155",371989,2025-06-24 15:34:43,42.6109046936035,-8.82425689697266,"Female"
"9004155",371989,2025-06-24 15:39:43,42.6109313964844,-8.82426834106445,"Female"
"9004155",371989,2025-06-24 15:44:43,42.610912322998,-8.8242654800415,"Female"
"9004155",371989,2025-06-24 15:49:43,42.6109886169434,-8.82427597045898,"Female"
"9004155",371989,2025-06-24 15:55:23,42.6114654541016,-8.8240795135498,"Female"
"9004155",371989,2025-06-24 16:00:28,42.6119270324707,-8.82341575622559,"Female"
"9004155",371989,2025-06-24 16:05:48,42.6127586364746,-8.82304191589355,"Female"
"9004155",371989,2025-06-24 16:11:52,42.6128997802734,-8.82308101654053,"Female"
"9004155",371989,2025-06-24 16:17:34,42.6138038635254,-8.82370567321777,"Female"
"9004155",371989,2025-06-24 16:22:09,42.6144638061523,-8.82354927062988,"Female"
"9004155",371989,2025-06-24 16:27:07,42.6144027709961,-8.82348346710205,"Female"
"9004155",371989,2025-06-24 16:32:13,42.6144409179688,-8.82355499267578,"Female"
"9004155",371989,2025-06-24 16:37:02,42.6143913269043,-8.82348537445068,"Female"
"9004155",371989,2025-06-24 16:42:02,42.6144027709961,-8.82353591918945,"Female"
"9004155",371989,2025-06-24 16:47:02,42.6144409179688,-8.82349967956543,"Female"
"9004155",371989,2025-06-24 16:52:02,42.6144714355469,-8.82355403900146,"Female"
"9004155",371989,2025-06-24 16:57:14,42.6143264770508,-8.82348823547363,"Female"
"9004155",371989,2025-06-24 17:02:02,42.614387512207,-8.82351303100586,"Female"
"9004155",371989,2025-06-24 17:07:02,42.614429473877,-8.82351684570312,"Female"
"9004155",371989,2025-06-24 17:12:33,42.6148414611816,-8.82309341430664,"Female"
"9004155",371989,2025-06-24 17:18:03,42.6147537231445,-8.8232250213623,"Female"
"9004155",371989,2025-06-24 17:23:02,42.6147499084473,-8.82370376586914,"Female"
"9004155",371989,2025-06-24 17:28:02,42.6143798828125,-8.82366943359375,"Female"
"9004155",371989,2025-06-24 17:33:02,42.6144332885742,-8.82363796234131,"Female"
"9004155",371989,2025-06-24 17:38:02,42.614429473877,-8.82364463806152,"Female"
"9004155",371989,2025-06-24 17:43:02,42.6144676208496,-8.82363319396973,"Female"
"9004155",371989,2025-06-24 17:48:14,42.6144485473633,-8.82362937927246,"Female"
"9004155",371989,2025-06-24 17:53:02,42.6143684387207,-8.8235330581665,"Female"
"9004155",371989,2025-06-24 17:58:02,42.6142807006836,-8.82346820831299,"Female"
"9004155",371989,2025-06-24 18:03:02,42.6143913269043,-8.82354831695557,"Female"
"9004155",371989,2025-06-24 18:08:02,42.614330291748,-8.82353210449219,"Female"
"9004155",371989,2025-06-24 18:13:04,42.6143989562988,-8.82375431060791,"Female"
"9004155",371989,2025-06-24 18:18:02,42.6143646240234,-8.82349395751953,"Female"
"9004155",371989,2025-06-24 18:23:03,42.6143417358398,-8.82352161407471,"Female"
"9004155",371989,2025-06-24 18:28:03,42.6117324829102,-8.83344745635986,"Female"
"9004155",371989,2025-06-24 18:33:04,42.6018447875977,-8.87619781494141,"Female"
"9004155",371989,2025-06-24 18:38:02,42.6013717651367,-8.87644481658936,"Female"
"9004155",371989,2025-06-24 18:43:02,42.6014404296875,-8.87673950195312,"Female"
"9004155",371989,2025-06-24 18:48:15,42.6013946533203,-8.87651824951172,"Female"
"9004155",371989,2025-06-24 18:53:02,42.6013565063477,-8.87651252746582,"Female"
"9004155",371989,2025-06-24 18:58:06,42.6012268066406,-8.87653636932373,"Female"
"9004155",371989,2025-06-24 19:03:03,42.6009941101074,-8.87689399719238,"Female"
"9004155",371989,2025-06-24 19:08:09,42.6013298034668,-8.87657833099365,"Female"
"9004155",371989,2025-06-24 19:13:03,42.6013412475586,-8.87654304504395,"Female"
"9004155",371989,2025-06-24 19:18:02,42.6011390686035,-8.87695121765137,"Female"
"9004155",371989,2025-06-24 19:23:04,42.6014213562012,-8.87655162811279,"Female"
"9004155",371989,2025-06-24 19:28:03,42.6014671325684,-8.87656784057617,"Female"
"9004155",371989,2025-06-24 19:33:02,42.6016883850098,-8.87648296356201,"Female"
"9004155",371989,2025-06-24 19:38:09,42.6013717651367,-8.87666511535645,"Female"
"9004155",371989,2025-06-24 19:43:07,42.6014060974121,-8.87658309936523,"Female"
"9004155",371989,2025-06-24 19:48:15,42.601375579834,-8.87670803070068,"Female"
"9004155",371989,2025-06-24 19:53:08,42.6013488769531,-8.87679386138916,"Female"
"9004155",371989,2025-06-24 19:58:04,42.6012763977051,-8.87699222564697,"Female"
"9004155",371989,2025-06-24 20:03:03,42.6014709472656,-8.87683582305908,"Female"
"9004155",371989,2025-06-24 20:08:12,42.6012649536133,-8.87656402587891,"Female"
"9004155",371989,2025-06-24 20:13:08,42.6013565063477,-8.87664318084717,"Female"
"9004155",371989,2025-06-24 20:18:04,42.6013450622559,-8.87648391723633,"Female"
"9004155",371989,2025-06-24 20:23:12,42.6013526916504,-8.87670040130615,"Female"
"9004155",371989,2025-06-24 20:28:02,42.6013450622559,-8.87670612335205,"Female"
"9004155",371989,2025-06-24 20:33:07,42.6013069152832,-8.87675952911377,"Female"
"9004155",371989,2025-06-24 20:38:14,42.6013641357422,-8.87668704986572,"Female"
"9004155",371989,2025-06-24 20:43:08,42.6014595031738,-8.87673854827881,"Female"
"9004155",371989,2025-06-24 20:48:07,42.6014518737793,-8.87671089172363,"Female"
"9004155",371989,2025-06-24 20:53:09,42.6013259887695,-8.87661457061768,"Female"
"9004155",371989,2025-06-24 20:58:04,42.6013603210449,-8.8766975402832,"Female"
"9004155",371989,2025-06-24 21:03:09,42.601390838623,-8.87666034698486,"Female"
"9004155",371989,2025-06-24 21:08:06,42.601390838623,-8.87664413452148,"Female"
"9004155",371989,2025-06-24 21:13:08,42.6015205383301,-8.87684154510498,"Female"
"9004155",371989,2025-06-24 21:18:06,42.601448059082,-8.87665843963623,"Female"
"9004155",371989,2025-06-24 21:23:06,42.6014862060547,-8.87664794921875,"Female"
"9004155",371989,2025-06-24 21:28:04,42.6015090942383,-8.8767557144165,"Female"
"9004155",371989,2025-06-24 21:33:35,42.6014099121094,-8.87661266326904,"Female"
"9004155",371989,2025-06-24 21:38:02,42.6013946533203,-8.87661647796631,"Female"
"9004155",371989,2025-06-24 21:43:03,42.6013832092285,-8.87662506103516,"Female"
"9004155",371989,2025-06-24 21:48:02,42.6014289855957,-8.87662792205811,"Female"
"9004155",371989,2025-06-24 21:53:02,42.601390838623,-8.87662601470947,"Female"
"9004155",371989,2025-06-24 21:58:03,42.6014060974121,-8.87660503387451,"Female"
"9004155",371989,2025-06-24 22:03:02,42.6014175415039,-8.87662124633789,"Female"
"9004155",371989,2025-06-24 22:08:03,42.6014251708984,-8.8766622543335,"Female"
"9004155",371989,2025-06-24 22:13:02,42.6014175415039,-8.87663459777832,"Female"
"9004155",371989,2025-06-24 22:18:02,42.6013793945312,-8.8765926361084,"Female"
"9004155",371989,2025-06-24 22:23:02,42.6013679504395,-8.8765697479248,"Female"
"9004155",371989,2025-06-24 22:28:02,42.6013488769531,-8.87657833099365,"Female"
"9004155",371989,2025-06-24 22:33:02,42.601390838623,-8.87661170959473,"Female"
"9004155",371989,2025-06-24 22:38:02,42.601375579834,-8.87657642364502,"Female"
"9004155",371989,2025-06-24 22:43:03,42.6014251708984,-8.87659645080566,"Female"
"9004155",371989,2025-06-24 22:48:02,42.6013832092285,-8.87661838531494,"Female"
"9004155",371989,2025-06-24 22:53:02,42.6013679504395,-8.87669467926025,"Female"
"9004155",371989,2025-06-24 22:58:02,42.6014137268066,-8.87670040130615,"Female"
"9004155",371989,2025-06-24 23:03:02,42.6013603210449,-8.87663173675537,"Female"
"9004155",371989,2025-06-24 23:08:02,42.6014251708984,-8.87659645080566,"Female"
"9004155",371989,2025-06-24 23:13:02,42.601375579834,-8.87668132781982,"Female"
"9004155",371989,2025-06-24 23:18:02,42.6013412475586,-8.87666416168213,"Female"
"9004155",371989,2025-06-24 23:23:02,42.6013870239258,-8.87667083740234,"Female"
"9004155",371989,2025-06-24 23:28:02,42.6014289855957,-8.87667751312256,"Female"
"9004155",371989,2025-06-24 23:33:02,42.6013832092285,-8.87663745880127,"Female"
"9004155",371989,2025-06-24 23:38:02,42.6013259887695,-8.87668895721436,"Female"
"9004155",371989,2025-06-24 23:43:02,42.6013870239258,-8.87666130065918,"Female"
"9004155",371989,2025-06-24 23:48:02,42.6013221740723,-8.87666702270508,"Female"
"9004155",371989,2025-06-24 23:53:02,42.6013298034668,-8.8766975402832,"Female"
"9004155",371989,2025-06-24 23:58:02,42.6015129089355,-8.87675094604492,"Female"
"9004155",371989,2025-06-25 00:03:02,42.6013603210449,-8.87671756744385,"Female"
"9004155",371989,2025-06-25 00:08:02,42.6014137268066,-8.87673854827881,"Female"
"9004155",371989,2025-06-25 00:13:14,42.601318359375,-8.87665557861328,"Female"
"9004155",371989,2025-06-25 00:18:02,42.6014251708984,-8.87655162811279,"Female"
"9004155",371989,2025-06-25 00:23:02,42.6012802124023,-8.87660312652588,"Female"
"9004155",371989,2025-06-25 00:28:02,42.6013450622559,-8.87651538848877,"Female"
"9004155",371989,2025-06-25 00:33:02,42.6013298034668,-8.87664127349854,"Female"
"9004155",371989,2025-06-25 00:38:02,42.6012840270996,-8.87653160095215,"Female"
"9004155",371989,2025-06-25 00:43:13,42.6013412475586,-8.87656402587891,"Female"
"9004155",371989,2025-06-25 00:48:02,42.6013336181641,-8.87678337097168,"Female"
"9004155",371989,2025-06-25 00:53:09,42.6014747619629,-8.87682914733887,"Female"
"9004155",371989,2025-06-25 00:58:10,42.60107421875,-8.87655830383301,"Female"
"9004155",371989,2025-06-25 01:03:06,42.6011505126953,-8.87648868560791,"Female"
"9004155",371989,2025-06-25 01:08:08,42.6011047363281,-8.87656402587891,"Female"
"9004155",371989,2025-06-25 01:13:06,42.6012191772461,-8.87652015686035,"Female"
"9004155",371989,2025-06-25 01:18:07,42.6010437011719,-8.87653160095215,"Female"
"9004155",371989,2025-06-25 01:23:08,42.6010284423828,-8.87660884857178,"Female"
"9004155",371989,2025-06-25 01:28:08,42.6009368896484,-8.87646770477295,"Female"
"9004155",371989,2025-06-25 01:33:09,42.6009788513184,-8.87621879577637,"Female"
"9004155",371989,2025-06-25 01:38:07,42.6010665893555,-8.87599086761475,"Female"
"9004155",371989,2025-06-25 01:43:09,42.6010284423828,-8.87606239318848,"Female"
"9004155",371989,2025-06-25 01:48:15,42.6014671325684,-8.87787628173828,"Female"
"9004155",371989,2025-06-25 01:53:31,42.6015014648438,-8.87691783905029,"Female"
"9004155",371989,2025-06-25 01:58:02,42.6012840270996,-8.87690544128418,"Female"
"9004155",371989,2025-06-25 02:03:02,42.6013336181641,-8.87694358825684,"Female"
"9004155",371989,2025-06-25 02:08:02,42.6013298034668,-8.87688541412354,"Female"
"9004155",371989,2025-06-25 02:13:02,42.601375579834,-8.87688827514648,"Female"
"9004155",371989,2025-06-25 02:18:02,42.6014404296875,-8.87691402435303,"Female"
"9004155",371989,2025-06-25 02:23:02,42.6013526916504,-8.87680721282959,"Female"
"9004155",371989,2025-06-25 02:28:02,42.601375579834,-8.87693309783936,"Female"
"9004155",371989,2025-06-25 02:33:02,42.6014022827148,-8.87693881988525,"Female"
"9004155",371989,2025-06-25 02:38:02,42.6012916564941,-8.87689018249512,"Female"
"9004155",371989,2025-06-25 02:43:03,42.6012496948242,-8.87710571289062,"Female"
"9004155",371989,2025-06-25 02:48:02,42.6015014648438,-8.87693309783936,"Female"
"9004155",371989,2025-06-25 02:53:02,42.6014518737793,-8.87698554992676,"Female"
"9004155",371989,2025-06-25 02:58:03,42.6014785766602,-8.87701606750488,"Female"
"9004155",371989,2025-06-25 03:03:02,42.6015472412109,-8.87694931030273,"Female"
"9004155",371989,2025-06-25 03:08:02,42.6016578674316,-8.87701320648193,"Female"
"9004155",371989,2025-06-25 03:13:03,42.6017189025879,-8.87714767456055,"Female"
"9004155",371989,2025-06-25 03:18:03,42.6018829345703,-8.87723827362061,"Female"
"9004155",371989,2025-06-25 03:23:03,42.601676940918,-8.87704277038574,"Female"
"9004155",371989,2025-06-25 03:28:04,42.6014213562012,-8.87667846679688,"Female"
"9004155",371989,2025-06-25 03:33:03,42.6015205383301,-8.87664699554443,"Female"
"9004155",371989,2025-06-25 03:38:07,42.6014099121094,-8.87666893005371,"Female"
"9004155",371989,2025-06-25 03:43:03,42.601245880127,-8.87650585174561,"Female"
"9004155",371989,2025-06-25 03:48:03,42.6015090942383,-8.8766508102417,"Female"
"9004155",371989,2025-06-25 03:53:09,42.6014556884766,-8.87679862976074,"Female"
"9004155",371989,2025-06-25 03:58:06,42.6016311645508,-8.87684345245361,"Female"
"9004155",371989,2025-06-25 04:03:02,42.6013069152832,-8.87660217285156,"Female"
"9004155",371989,2025-06-25 04:08:02,42.6015396118164,-8.8768482208252,"Female"
"9004155",371989,2025-06-25 04:13:13,42.6014862060547,-8.87667751312256,"Female"
"9004155",371989,2025-06-25 04:18:02,42.6013984680176,-8.87664222717285,"Female"
"9004155",371989,2025-06-25 04:23:02,42.6014556884766,-8.87670993804932,"Female"
"9004155",371989,2025-06-25 04:28:06,42.6013870239258,-8.87646007537842,"Female"
"9004155",371989,2025-06-25 04:33:09,42.6013412475586,-8.8763370513916,"Female"
"9004155",371989,2025-06-25 04:38:09,42.6013298034668,-8.87634754180908,"Female"
"9004155",371989,2025-06-25 04:43:09,42.6013603210449,-8.87628841400146,"Female"
"9004155",371989,2025-06-25 04:48:14,42.6013641357422,-8.87655735015869,"Female"
"9004155",371989,2025-06-25 04:53:02,42.6012535095215,-8.87644290924072,"Female"
"9004155",371989,2025-06-25 04:58:02,42.6013298034668,-8.87656593322754,"Female"
"9004155",371989,2025-06-25 05:03:02,42.6012840270996,-8.87648963928223,"Female"
"9004155",371989,2025-06-25 05:08:03,42.6012878417969,-8.8765115737915,"Female"
"9004155",371989,2025-06-25 05:13:02,42.6012840270996,-8.87635135650635,"Female"
"9004155",371989,2025-06-25 05:18:03,42.601203918457,-8.87655448913574,"Female"
"9004155",371989,2025-06-25 05:23:03,42.601390838623,-8.8762378692627,"Female"
"9004155",371989,2025-06-25 05:28:03,42.6013412475586,-8.87607383728027,"Female"
"9004155",371989,2025-06-25 05:33:03,42.6014060974121,-8.87645530700684,"Female"
"9004155",371989,2025-06-25 05:38:04,42.6013107299805,-8.87622928619385,"Female"
"9004155",371989,2025-06-25 05:43:02,42.6013069152832,-8.87625598907471,"Female"
"9004155",371989,2025-06-25 05:48:15,42.6014289855957,-8.87659358978271,"Female"
"9004155",371989,2025-06-25 05:53:07,42.6014366149902,-8.87672805786133,"Female"
"9004155",371989,2025-06-25 05:58:08,42.601448059082,-8.87661743164062,"Female"
"9004155",371989,2025-06-25 06:03:35,42.6014442443848,-8.87656497955322,"Female"
"9004155",371989,2025-06-25 06:08:02,42.6015205383301,-8.87675857543945,"Female"
"9004155",371989,2025-06-25 06:13:01,42.6014633178711,-8.87671756744385,"Female"
"9004155",371989,2025-06-25 06:18:02,42.6014289855957,-8.87660598754883,"Female"
"9004155",371989,2025-06-25 06:23:04,42.6013107299805,-8.87649822235107,"Female"
"9004155",371989,2025-06-25 06:28:03,42.6014823913574,-8.87661170959473,"Female"
"9004155",371989,2025-06-25 06:33:03,42.6013488769531,-8.87664413452148,"Female"
"9004155",371989,2025-06-25 06:38:13,42.6014671325684,-8.87659358978271,"Female"
"9004155",371989,2025-06-25 06:43:06,42.6013526916504,-8.87645244598389,"Female"
"9004155",371989,2025-06-25 06:48:02,42.6013679504395,-8.876540184021,"Female"
"9004155",371989,2025-06-25 06:53:33,42.6015129089355,-8.87656688690186,"Female"
"9004155",371989,2025-06-25 06:58:02,42.6014404296875,-8.87661170959473,"Female"
"9004155",371989,2025-06-25 07:03:02,42.6015090942383,-8.87654304504395,"Female"
"9004155",371989,2025-06-25 07:08:02,42.6015739440918,-8.87653541564941,"Female"
"9004155",371989,2025-06-25 07:13:02,42.6015319824219,-8.87654209136963,"Female"
"9004155",371989,2025-06-25 07:18:02,42.601318359375,-8.87666702270508,"Female"
"9004155",371989,2025-06-25 07:23:02,42.6014556884766,-8.87655067443848,"Female"
"9004155",371989,2025-06-25 07:28:02,42.6015472412109,-8.87654972076416,"Female"
"9004155",371989,2025-06-25 07:33:02,42.601490020752,-8.87658500671387,"Female"
"9004155",371989,2025-06-25 07:38:02,42.6014823913574,-8.87658786773682,"Female"
"9004155",371989,2025-06-25 07:43:02,42.6014137268066,-8.87654495239258,"Female"
"9004155",371989,2025-06-25 07:48:02,42.6014823913574,-8.87663555145264,"Female"
"9004155",371989,2025-06-25 07:53:02,42.6014671325684,-8.87660884857178,"Female"
"9004155",371989,2025-06-25 07:58:03,42.6014366149902,-8.8766393661499,"Female"
"9004155",371989,2025-06-25 08:03:02,42.6014442443848,-8.8766040802002,"Female"
"9004155",371989,2025-06-25 08:08:02,42.6014556884766,-8.87656116485596,"Female"
"9004155",371989,2025-06-25 08:13:02,42.6014785766602,-8.87662220001221,"Female"
"9004155",371989,2025-06-25 08:18:02,42.6014785766602,-8.87661647796631,"Female"
"9004155",371989,2025-06-25 08:23:02,42.6014251708984,-8.8765869140625,"Female"
"9004155",371989,2025-06-25 08:28:02,42.6014518737793,-8.8766508102417,"Female"
"9004155",371989,2025-06-25 08:33:02,42.6014747619629,-8.87665367126465,"Female"
"9004155",371989,2025-06-25 08:38:08,42.6014976501465,-8.87657356262207,"Female"
"9004155",371989,2025-06-25 08:43:04,42.6015090942383,-8.87657260894775,"Female"
"9004155",371989,2025-06-25 08:48:06,42.6015205383301,-8.87658405303955,"Female"
"9004155",371989,2025-06-25 08:53:08,42.6015129089355,-8.8766040802002,"Female"
"9004155",371989,2025-06-25 08:58:08,42.601505279541,-8.87660694122314,"Female"
"9004155",371989,2025-06-25 09:03:10,42.6015319824219,-8.87660598754883,"Female"
"9004155",371989,2025-06-25 09:08:02,42.6015396118164,-8.87670803070068,"Female"
"9004155",371989,2025-06-25 09:13:02,42.6014595031738,-8.87669467926025,"Female"
"9004155",371989,2025-06-25 09:18:02,42.6014938354492,-8.87669944763184,"Female"
"9004155",371989,2025-06-25 09:23:02,42.6014518737793,-8.87668800354004,"Female"
"9004155",371989,2025-06-25 09:28:02,42.601505279541,-8.87661743164062,"Female"
"9004155",371989,2025-06-25 09:33:02,42.6011619567871,-8.87668037414551,"Female"
"9004155",371989,2025-06-25 09:38:03,42.6015472412109,-8.87671375274658,"Female"
"9004155",371989,2025-06-25 09:43:02,42.6014595031738,-8.8766040802002,"Female"
"9004155",371989,2025-06-25 09:48:14,42.6014556884766,-8.87660217285156,"Female"
"9004155",371989,2025-06-25 09:53:02,42.601432800293,-8.87663078308105,"Female"
"9004155",371989,2025-06-25 09:58:02,42.6014022827148,-8.87666511535645,"Female"
"9004155",371989,2025-06-25 10:03:02,42.6014366149902,-8.87659358978271,"Female"
"9004155",371989,2025-06-25 10:08:02,42.6031494140625,-8.85150051116943,"Female"
"9004155",371989,2025-06-25 10:13:06,42.6070365905762,-8.81925296783447,"Female"
"9004155",371989,2025-06-25 10:19:45,42.6071548461914,-8.81899452209473,"Female"
"9004155",371989,2025-06-25 10:24:40,42.6070289611816,-8.81874656677246,"Female"
"9004155",371989,2025-06-25 10:30:34,42.6081085205078,-8.8175048828125,"Female"
"9004155",371989,2025-06-25 10:35:37,42.6080017089844,-8.81761741638184,"Female"
"9004155",371989,2025-06-25 10:40:57,42.6080436706543,-8.81828784942627,"Female"
"9004155",371989,2025-06-25 10:45:44,42.6080894470215,-8.81838893890381,"Female"
"9004155",371989,2025-06-25 10:50:31,42.6080741882324,-8.81843662261963,"Female"
"9004155",371989,2025-06-25 10:55:35,42.608097076416,-8.81817054748535,"Female"
"9004155",371989,2025-06-25 11:00:29,42.6081085205078,-8.81873035430908,"Female"
"9004155",371989,2025-06-25 11:05:44,42.6080627441406,-8.81829166412354,"Female"
"9004155",371989,2025-06-25 11:10:36,42.6080780029297,-8.81825637817383,"Female"
"9004155",371989,2025-06-25 11:15:43,42.6079444885254,-8.81836318969727,"Female"
"9004155",371989,2025-06-25 11:20:28,42.6077613830566,-8.81843566894531,"Female"
"9004155",371989,2025-06-25 11:25:29,42.6079368591309,-8.81833648681641,"Female"
"9004155",371989,2025-06-25 11:30:28,42.6080017089844,-8.81835174560547,"Female"
"9004155",371989,2025-06-25 11:35:31,42.6080131530762,-8.81841850280762,"Female"
"9004155",371989,2025-06-25 11:40:29,42.6080703735352,-8.81845092773438,"Female"
"9004155",371989,2025-06-25 11:45:45,42.6079330444336,-8.81844997406006,"Female"
"9004155",371989,2025-06-25 11:50:29,42.6081123352051,-8.81840515136719,"Female"
"9004155",371989,2025-06-25 11:55:38,42.6080474853516,-8.81845855712891,"Female"
"9004155",371989,2025-06-25 12:00:28,42.6079902648926,-8.81847095489502,"Female"
"9004155",371989,2025-06-25 12:05:28,42.6080551147461,-8.81849670410156,"Female"
"9004155",371989,2025-06-25 12:10:33,42.6080169677734,-8.81844806671143,"Female"
"9004155",371989,2025-06-25 12:15:36,42.6080360412598,-8.81842517852783,"Female"
"9004155",371989,2025-06-25 12:20:29,42.6081581115723,-8.8184118270874,"Female"
"9004155",371989,2025-06-25 12:25:33,42.6079788208008,-8.81851100921631,"Female"
"9004155",371989,2025-06-25 12:30:46,42.6079864501953,-8.81846141815186,"Female"
"9004155",371989,2025-06-25 12:35:36,42.6079864501953,-8.81848049163818,"Female"
"9004155",371989,2025-06-25 12:40:36,42.607982635498,-8.81849479675293,"Female"
"9004155",371989,2025-06-25 12:45:44,42.6079292297363,-8.81859874725342,"Female"
"9004155",371989,2025-06-25 12:50:31,42.6080856323242,-8.81848621368408,"Female"
"9004155",371989,2025-06-25 12:55:36,42.6080513000488,-8.81846141815186,"Female"
"9004155",371989,2025-06-25 13:00:42,42.6080474853516,-8.81850147247314,"Female"
"9004155",371989,2025-06-25 13:05:35,42.608081817627,-8.81833076477051,"Female"
"9004155",371989,2025-06-25 13:11:03,42.608024597168,-8.81840896606445,"Female"
"9004155",371989,2025-06-25 13:15:28,42.6080474853516,-8.81847763061523,"Female"
"9004155",371989,2025-06-25 13:20:28,42.6079864501953,-8.81856060028076,"Female"
"9004155",371989,2025-06-25 13:25:28,42.6080131530762,-8.81846904754639,"Female"
"9004155",371989,2025-06-25 13:30:28,42.608024597168,-8.8184814453125,"Female"
"9004155",371989,2025-06-25 13:35:28,42.6080131530762,-8.81848049163818,"Female"
"9004155",371989,2025-06-25 13:40:28,42.6079368591309,-8.81842994689941,"Female"
"9004155",371989,2025-06-25 13:45:28,42.6079788208008,-8.81846237182617,"Female"
"9004155",371989,2025-06-25 13:50:28,42.6079902648926,-8.81845188140869,"Female"
"9004155",371989,2025-06-25 13:55:28,42.6080017089844,-8.81845092773438,"Female"
"9004155",371989,2025-06-25 14:00:28,42.6079940795898,-8.81843566894531,"Female"
"9004155",371989,2025-06-25 14:05:28,42.6079406738281,-8.81844043731689,"Female"
"9004155",371989,2025-06-25 14:11:03,42.6081390380859,-8.81835746765137,"Female"
"9004155",371989,2025-06-25 14:16:33,42.6096382141113,-8.81895637512207,"Female"
"9004155",371989,2025-06-25 14:21:36,42.6072158813477,-8.81544494628906,"Female"
"9004155",371989,2025-06-25 14:27:37,42.6087684631348,-8.8178539276123,"Female"
"9004155",371989,2025-06-25 14:32:37,42.6090812683105,-8.81808090209961,"Female"
"9004155",371989,2025-06-25 14:37:48,42.6079521179199,-8.81737422943115,"Female"
"9004155",371989,2025-06-25 14:42:36,42.6068649291992,-8.81884288787842,"Female"
"9004155",371989,2025-06-25 14:47:41,42.6069602966309,-8.8189058303833,"Female"
"9004155",371989,2025-06-25 14:52:28,42.6069793701172,-8.8189115524292,"Female"
"9004155",371989,2025-06-25 14:57:28,42.6070785522461,-8.81904029846191,"Female"
"9004155",371989,2025-06-25 15:02:28,42.6070976257324,-8.81904029846191,"Female"
"9004155",371989,2025-06-25 15:07:28,42.6069526672363,-8.81891345977783,"Female"
"9004155",371989,2025-06-25 15:12:28,42.6069717407227,-8.81893157958984,"Female"
"9004155",371989,2025-06-25 15:17:28,42.6073150634766,-8.81922435760498,"Female"
"9004155",371989,2025-06-25 15:22:33,42.6070327758789,-8.81901264190674,"Female"
"9004155",371989,2025-06-25 15:27:29,42.6069679260254,-8.81888961791992,"Female"
"9004155",371989,2025-06-25 15:32:29,42.6070098876953,-8.81894874572754,"Female"
"9004155",371989,2025-06-25 15:37:44,42.6069946289062,-8.81900978088379,"Female"
"9004155",371989,2025-06-25 15:42:30,42.6070518493652,-8.81905651092529,"Female"
"9004155",371989,2025-06-25 15:47:29,42.6071014404297,-8.81907939910889,"Female"
"9004155",371989,2025-06-25 15:52:28,42.6070518493652,-8.81912231445312,"Female"
"9004155",371989,2025-06-25 15:57:29,42.60693359375,-8.81896305084229,"Female"
"9004155",371989,2025-06-25 16:02:28,42.6069107055664,-8.81904602050781,"Female"
"9004155",371989,2025-06-25 16:07:28,42.6069374084473,-8.81914043426514,"Female"
"9004155",371989,2025-06-25 16:12:29,42.6069183349609,-8.81906318664551,"Female"
"9004155",371989,2025-06-25 16:17:28,42.6069717407227,-8.81908416748047,"Female"
"9004155",371989,2025-06-25 16:22:36,42.6067771911621,-8.81899833679199,"Female"
"9004155",371989,2025-06-25 16:27:31,42.6068458557129,-8.8190803527832,"Female"
"9004155",371989,2025-06-25 16:33:35,42.6066741943359,-8.8179988861084,"Female"
"9004155",371989,2025-06-25 16:38:24,42.607421875,-8.81765747070312,"Female"
"9004155",371989,2025-06-25 16:43:36,42.6082229614258,-8.81720638275146,"Female"
"9004155",371989,2025-06-25 16:49:19,42.6081771850586,-8.81728363037109,"Female"
"9004155",371989,2025-06-25 16:54:10,42.608341217041,-8.81710815429688,"Female"
"9004155",371989,2025-06-25 17:00:04,42.6079711914062,-8.81880855560303,"Female"
"9004155",371989,2025-06-25 17:04:52,42.607250213623,-8.81766414642334,"Female"
"9004155",371989,2025-06-25 17:09:55,42.6079635620117,-8.81891536712646,"Female"
"9004155",371989,2025-06-25 17:14:51,42.6079292297363,-8.81893730163574,"Female"
"9004155",371989,2025-06-25 17:19:52,42.6076889038086,-8.818434715271,"Female"
"9004155",371989,2025-06-25 17:24:52,42.608039855957,-8.81905841827393,"Female"
"9004155",371989,2025-06-25 17:30:02,42.6079711914062,-8.81891822814941,"Female"
"9004155",371989,2025-06-25 17:35:02,42.6080322265625,-8.81891632080078,"Female"
"9004155",371989,2025-06-25 17:40:01,42.6080894470215,-8.81891822814941,"Female"
"9004155",371989,2025-06-25 17:45:01,42.6080894470215,-8.81892776489258,"Female"
"9004155",371989,2025-06-25 17:50:01,42.6081085205078,-8.81893157958984,"Female"
"9004155",371989,2025-06-25 17:55:01,42.6079788208008,-8.81890869140625,"Female"
"9004155",371989,2025-06-25 18:00:14,42.607967376709,-8.81900215148926,"Female"
"9004155",371989,2025-06-25 18:04:49,42.605598449707,-8.85128116607666,"Female"
"9004155",371989,2025-06-25 18:09:49,42.601692199707,-8.87403011322021,"Female"
"9004155",371989,2025-06-25 18:14:51,42.6017265319824,-8.87384986877441,"Female"
"9004155",371989,2025-06-25 18:19:49,42.6016693115234,-8.87400054931641,"Female"
"9004155",371989,2025-06-25 18:24:50,42.6016998291016,-8.8740062713623,"Female"
"9004155",371989,2025-06-25 18:29:53,42.6016082763672,-8.87416458129883,"Female"
"9004155",371989,2025-06-25 18:34:50,42.6016311645508,-8.87409687042236,"Female"
"9004155",371989,2025-06-25 18:40:00,42.6017990112305,-8.8756628036499,"Female"
"9004155",371989,2025-06-25 18:45:00,42.6016578674316,-8.87648868560791,"Female"
"9004155",371989,2025-06-25 18:50:14,42.6015243530273,-8.87643814086914,"Female"
"9004155",371989,2025-06-25 18:54:50,42.6015472412109,-8.8763370513916,"Female"
"9004155",371989,2025-06-25 18:59:54,42.6015510559082,-8.87605285644531,"Female"
"9004155",371989,2025-06-25 19:04:51,42.6016044616699,-8.87627696990967,"Female"
"9004155",371989,2025-06-25 19:10:00,42.6014633178711,-8.87668991088867,"Female"
"9004155",371989,2025-06-25 19:14:50,42.6014862060547,-8.87649536132812,"Female"
"9004155",371989,2025-06-25 19:19:58,42.6014518737793,-8.87662220001221,"Female"
"9004155",371989,2025-06-25 19:24:51,42.6014251708984,-8.87701034545898,"Female"
"9004155",371989,2025-06-25 19:29:57,42.6012191772461,-8.87593841552734,"Female"
"9004155",371989,2025-06-25 19:35:12,42.6005706787109,-8.876145362854,"Female"
"9004155",371989,2025-06-25 19:39:53,42.6003952026367,-8.87698936462402,"Female"
"9004155",371989,2025-06-25 19:44:50,42.600513458252,-8.87697696685791,"Female"
"9004155",371989,2025-06-25 19:49:50,42.6004600524902,-8.87699604034424,"Female"
"9004155",371989,2025-06-25 19:54:51,42.6003952026367,-8.87685775756836,"Female"
"9004155",371989,2025-06-25 19:59:51,42.600528717041,-8.87714672088623,"Female"
"9004155",371989,2025-06-25 20:04:52,42.6006011962891,-8.87755870819092,"Female"
"9004155",371989,2025-06-25 20:09:52,42.6003837585449,-8.87711334228516,"Female"
"9004155",371989,2025-06-25 20:14:54,42.600772857666,-8.87743663787842,"Female"
"9004155",371989,2025-06-25 20:20:14,42.6004028320312,-8.87699604034424,"Female"
"9004155",371989,2025-06-25 20:24:55,42.6004295349121,-8.87706661224365,"Female"
"9004155",371989,2025-06-25 20:29:50,42.6004333496094,-8.87694358825684,"Female"
"9004155",371989,2025-06-25 20:34:50,42.6004867553711,-8.87683391571045,"Female"
"9004155",371989,2025-06-25 20:39:50,42.5978660583496,-8.88082885742188,"Female"
"9004155",371989,2025-06-25 20:44:55,42.5732002258301,-8.9122142791748,"Female"
"9004155",371989,2025-06-25 20:50:15,42.5519218444824,-8.94026851654053,"Female"
"9004155",371989,2025-06-25 20:55:14,42.5485000610352,-8.93879508972168,"Female"
"9004155",371989,2025-06-25 20:59:57,42.5485153198242,-8.93871688842773,"Female"
"9004155",371989,2025-06-25 21:05:00,42.5485496520996,-8.93863487243652,"Female"
"9004155",371989,2025-06-25 21:10:14,42.5485534667969,-8.93870449066162,"Female"
"9004155",371989,2025-06-25 21:15:01,42.5484619140625,-8.9388542175293,"Female"
"9004155",371989,2025-06-25 21:20:00,42.5485458374023,-8.93880653381348,"Female"
"9004155",371989,2025-06-25 21:25:00,42.5484962463379,-8.9387149810791,"Female"
"9004155",371989,2025-06-25 21:30:00,42.5484771728516,-8.93867111206055,"Female"
"9004155",371989,2025-06-25 21:35:02,42.548454284668,-8.93875598907471,"Female"
"9004155",371989,2025-06-25 21:40:00,42.5484504699707,-8.93864727020264,"Female"
"9004155",371989,2025-06-25 21:45:00,42.5484313964844,-8.93868827819824,"Female"
"9004155",371989,2025-06-25 21:50:23,42.5484886169434,-8.93878650665283,"Female"
"9004155",371989,2025-06-25 21:54:50,42.5485305786133,-8.93877601623535,"Female"
"9004155",371989,2025-06-25 21:59:50,42.5485610961914,-8.9388256072998,"Female"
"9004155",371989,2025-06-25 22:04:50,42.5485382080078,-8.9387674331665,"Female"
"9004155",371989,2025-06-25 22:09:50,42.5486106872559,-8.93887138366699,"Female"
"9004155",371989,2025-06-25 22:14:50,42.5485496520996,-8.93878936767578,"Female"
"9004155",371989,2025-06-25 22:19:50,42.5485000610352,-8.93881893157959,"Female"
"9004155",371989,2025-06-25 22:24:50,42.5485687255859,-8.93874263763428,"Female"
"9004155",371989,2025-06-25 22:29:50,42.5485191345215,-8.93872928619385,"Female"
"9004155",371989,2025-06-25 22:34:50,42.5484809875488,-8.93874359130859,"Female"
"9004155",371989,2025-06-25 22:39:50,42.5484962463379,-8.93874359130859,"Female"
"9004155",371989,2025-06-25 22:44:51,42.5485610961914,-8.938796043396,"Female"
"9004155",371989,2025-06-25 22:49:50,42.548511505127,-8.93873882293701,"Female"
"9004155",371989,2025-06-25 22:54:50,42.5485000610352,-8.93878746032715,"Female"
"9004155",371989,2025-06-25 22:59:50,42.5485229492188,-8.93876266479492,"Female"
"9004155",371989,2025-06-25 23:04:50,42.5484733581543,-8.93868541717529,"Female"
"9004155",371989,2025-06-25 23:09:51,42.5485534667969,-8.93882846832275,"Female"
"9004155",371989,2025-06-25 23:14:50,42.5485076904297,-8.93878650665283,"Female"
"9004155",371989,2025-06-25 23:19:50,42.5484809875488,-8.93877601623535,"Female"
"9004155",371989,2025-06-25 23:24:50,42.5485000610352,-8.93880271911621,"Female"
"9004155",371989,2025-06-25 23:29:50,42.5484352111816,-8.93875598907471,"Female"
"9004155",371989,2025-06-25 23:35:13,42.5485305786133,-8.93878841400146,"Female"
"9004155",371989,2025-06-25 23:39:50,42.5484848022461,-8.93875694274902,"Female"
"9004155",371989,2025-06-25 23:44:50,42.5485534667969,-8.9389066696167,"Female"
"9004155",371989,2025-06-25 23:49:50,42.5485496520996,-8.93886470794678,"Female"
"9004155",371989,2025-06-25 23:54:50,42.5485610961914,-8.93890190124512,"Female"
"9004155",371989,2025-06-25 23:59:50,42.5484924316406,-8.93882656097412,"Female"
"9004155",371989,2025-06-26 00:04:50,42.5486221313477,-8.93894958496094,"Female"
"9004155",371989,2025-06-26 00:09:50,42.5485458374023,-8.93891525268555,"Female"
"9004155",371989,2025-06-26 00:14:50,42.5486869812012,-8.93889045715332,"Female"
"9004155",371989,2025-06-26 00:19:51,42.5483436584473,-8.93845272064209,"Female"
"9004155",371989,2025-06-26 00:24:51,42.5485458374023,-8.93872547149658,"Female"
"9004155",371989,2025-06-26 00:29:52,42.5485877990723,-8.93864154815674,"Female"
"9004155",371989,2025-06-26 00:35:14,42.548583984375,-8.9388599395752,"Female"
"9004155",371989,2025-06-26 00:39:50,42.5486526489258,-8.93884181976318,"Female"
"9004155",371989,2025-06-26 00:44:50,42.5485572814941,-8.9387264251709,"Female"
"9004155",371989,2025-06-26 00:49:50,42.5486106872559,-8.93870067596436,"Female"
"9004155",371989,2025-06-26 00:54:51,42.5486221313477,-8.93869590759277,"Female"
"9004155",371989,2025-06-26 00:59:51,42.548583984375,-8.93888378143311,"Female"
"9004155",371989,2025-06-26 01:04:55,42.5486068725586,-8.93883037567139,"Female"
"9004155",371989,2025-06-26 01:09:50,42.5486679077148,-8.93886184692383,"Female"
"9004155",371989,2025-06-26 01:14:51,42.5486526489258,-8.93865966796875,"Female"
"9004155",371989,2025-06-26 01:19:57,42.5487785339355,-8.93908882141113,"Female"
"9004155",371989,2025-06-26 01:24:53,42.5484848022461,-8.93875408172607,"Female"
"9004155",371989,2025-06-26 01:29:57,42.5486793518066,-8.93896007537842,"Female"
"9004155",371989,2025-06-26 01:35:15,42.5487251281738,-8.93879795074463,"Female"
"9004155",371989,2025-06-26 01:39:54,42.5486946105957,-8.93884372711182,"Female"
"9004155",371989,2025-06-26 01:44:57,42.5487594604492,-8.93879890441895,"Female"
"9004155",371989,2025-06-26 01:49:58,42.5488204956055,-8.9388952255249,"Female"
"9004155",371989,2025-06-26 01:54:51,42.5487747192383,-8.93886280059814,"Female"
"9004155",371989,2025-06-26 02:00:00,42.5486717224121,-8.93880558013916,"Female"
"9004155",371989,2025-06-26 02:05:02,42.5487213134766,-8.93887901306152,"Female"
"9004155",371989,2025-06-26 02:10:02,42.5488891601562,-8.93891525268555,"Female"
"9004155",371989,2025-06-26 02:15:14,42.5486640930176,-8.93885612487793,"Female"
"9004155",371989,2025-06-26 02:19:53,42.5485954284668,-8.93888664245605,"Female"
"9004155",371989,2025-06-26 02:24:55,42.5489730834961,-8.93869018554688,"Female"
"9004155",371989,2025-06-26 02:29:51,42.5494346618652,-8.93844604492188,"Female"
"9004155",371989,2025-06-26 02:35:00,42.5492210388184,-8.93849945068359,"Female"
"9004155",371989,2025-06-26 02:39:55,42.5486679077148,-8.93873882293701,"Female"
"9004155",371989,2025-06-26 02:45:00,42.5488739013672,-8.93863201141357,"Female"
"9004155",371989,2025-06-26 02:50:15,42.5486297607422,-8.93874263763428,"Female"
"9004155",371989,2025-06-26 02:54:51,42.5486145019531,-8.93876552581787,"Female"
"9004155",371989,2025-06-26 02:59:51,42.5484199523926,-8.93888759613037,"Female"
"9004155",371989,2025-06-26 03:04:51,42.5481452941895,-8.93855667114258,"Female"
"9004155",371989,2025-06-26 03:09:54,42.5483551025391,-8.93844223022461,"Female"
"9004155",371989,2025-06-26 03:14:58,42.5484771728516,-8.93840503692627,"Female"
"9004155",371989,2025-06-26 03:19:57,42.548412322998,-8.9383373260498,"Female"
"9004155",371989,2025-06-26 03:25:23,42.548828125,-8.93896293640137,"Female"
"9004155",371989,2025-06-26 03:29:50,42.5489768981934,-8.93887329101562,"Female"
"9004155",371989,2025-06-26 03:34:50,42.5488700866699,-8.93889141082764,"Female"
"9004155",371989,2025-06-26 03:39:50,42.5483207702637,-8.93941783905029,"Female"
"9004155",371989,2025-06-26 03:44:50,42.5490379333496,-8.93895149230957,"Female"
"9004155",371989,2025-06-26 03:49:50,42.5485801696777,-8.93884658813477,"Female"
"9004155",371989,2025-06-26 03:54:50,42.5486030578613,-8.93886947631836,"Female"
"9004155",371989,2025-06-26 03:59:50,42.5486106872559,-8.93885517120361,"Female"
"9004155",371989,2025-06-26 04:04:50,42.5485496520996,-8.93887710571289,"Female"
"9004155",371989,2025-06-26 04:09:50,42.5486106872559,-8.9388952255249,"Female"
"9004155",371989,2025-06-26 04:14:50,42.5485687255859,-8.93892669677734,"Female"
"9004155",371989,2025-06-26 04:19:50,42.5485229492188,-8.93892574310303,"Female"
"9004155",371989,2025-06-26 04:24:50,42.5485877990723,-8.93893623352051,"Female"
"9004155",371989,2025-06-26 04:29:50,42.5485496520996,-8.93896293640137,"Female"
"9004155",371989,2025-06-26 04:34:50,42.5485649108887,-8.93904495239258,"Female"
"9004155",371989,2025-06-26 04:39:50,42.5485343933105,-8.93892478942871,"Female"
"9004155",371989,2025-06-26 04:44:50,42.548511505127,-8.93886089324951,"Female"
"9004155",371989,2025-06-26 04:49:50,42.5485153198242,-8.93891143798828,"Female"
"9004155",371989,2025-06-26 04:54:57,42.5485496520996,-8.93894290924072,"Female"
"9004155",371989,2025-06-26 04:59:50,42.548511505127,-8.93887424468994,"Female"
"9004155",371989,2025-06-26 05:04:51,42.5485496520996,-8.93900394439697,"Female"
"9004155",371989,2025-06-26 05:09:52,42.5485877990723,-8.93897151947021,"Female"
"9004155",371989,2025-06-26 05:14:50,42.5486106872559,-8.93902111053467,"Female"
"9004155",371989,2025-06-26 05:19:50,42.5485229492188,-8.9389476776123,"Female"
"9004155",371989,2025-06-26 05:25:22,42.5485382080078,-8.9389476776123,"Female"
"9004155",371989,2025-06-26 05:29:50,42.5485534667969,-8.93889904022217,"Female"
"9004155",371989,2025-06-26 05:34:50,42.5486030578613,-8.93894386291504,"Female"
"9004155",371989,2025-06-26 05:39:51,42.548526763916,-8.93885326385498,"Female"
"9004155",371989,2025-06-26 05:44:51,42.5484504699707,-8.93885707855225,"Female"
"9004155",371989,2025-06-26 05:49:51,42.5485343933105,-8.93885707855225,"Female"
"9004155",371989,2025-06-26 05:54:51,42.5485343933105,-8.93887710571289,"Female"
"9004155",371989,2025-06-26 05:59:52,42.5485496520996,-8.93889713287354,"Female"
"9004155",371989,2025-06-26 06:04:50,42.5485191345215,-8.93879890441895,"Female"
"9004155",371989,2025-06-26 06:09:51,42.5485229492188,-8.93887996673584,"Female"
"9004155",371989,2025-06-26 06:14:52,42.5485076904297,-8.93884181976318,"Female"
"9004155",371989,2025-06-26 06:19:52,42.5484924316406,-8.93883228302002,"Female"
"9004155",371989,2025-06-26 06:24:59,42.5485801696777,-8.93889045715332,"Female"
"9004155",371989,2025-06-26 06:30:00,42.5486259460449,-8.93899059295654,"Female"
"9004155",371989,2025-06-26 06:35:11,42.5485763549805,-8.93894100189209,"Female"
"9004155",371989,2025-06-26 06:39:52,42.5485076904297,-8.93878364562988,"Female"
"9004155",371989,2025-06-26 06:44:54,42.548641204834,-8.93905735015869,"Female"
"9004155",371989,2025-06-26 06:49:51,42.5485687255859,-8.93886566162109,"Female"
"9004155",371989,2025-06-26 06:54:51,42.5487365722656,-8.93940258026123,"Female"
"9004155",371989,2025-06-26 06:59:52,42.5485763549805,-8.93902587890625,"Female"
"9004155",371989,2025-06-26 07:04:54,42.5485076904297,-8.93868637084961,"Female"
"9004155",371989,2025-06-26 07:10:00,42.5484962463379,-8.93879127502441,"Female"
"9004155",371989,2025-06-26 07:14:53,42.5485763549805,-8.93876171112061,"Female"
"9004155",371989,2025-06-26 07:20:00,42.5485458374023,-8.93881511688232,"Female"
"9004155",371989,2025-06-26 07:25:00,42.5485496520996,-8.93877506256104,"Female"
"9004155",371989,2025-06-26 07:30:00,42.548511505127,-8.93900203704834,"Female"
"9004155",371989,2025-06-26 07:35:15,42.5485191345215,-8.93881225585938,"Female"
"9004155",371989,2025-06-26 07:39:57,42.5499725341797,-8.94013500213623,"Female"
"9004155",371989,2025-06-26 07:44:50,42.5499877929688,-8.9402379989624,"Female"
"9004155",371989,2025-06-26 07:49:50,42.5500526428223,-8.94041538238525,"Female"
"9004155",371989,2025-06-26 07:54:51,42.5500640869141,-8.94026851654053,"Female"
"9004155",371989,2025-06-26 07:59:51,42.5499725341797,-8.94009590148926,"Female"
"9004155",371989,2025-06-26 08:04:50,42.549976348877,-8.94025993347168,"Female"
"9004155",371989,2025-06-26 08:10:00,42.5502891540527,-8.9412317276001,"Female"
"9004155",371989,2025-06-26 08:15:00,42.550350189209,-8.94139003753662,"Female"
"9004155",371989,2025-06-26 08:20:14,42.5498542785645,-8.94014072418213,"Female"
"9004155",371989,2025-06-26 08:24:51,42.5499114990234,-8.94022655487061,"Female"
"9004155",371989,2025-06-26 08:29:50,42.5499267578125,-8.94012641906738,"Female"
"9004155",371989,2025-06-26 08:34:50,42.5500221252441,-8.94020366668701,"Female"
"9004155",371989,2025-06-26 08:39:51,42.5498695373535,-8.94022750854492,"Female"
"9004155",371989,2025-06-26 08:44:57,42.5499076843262,-8.94022083282471,"Female"
"9004155",371989,2025-06-26 08:50:15,42.5498924255371,-8.94014072418213,"Female"
"9004155",371989,2025-06-26 08:54:50,42.5498580932617,-8.94011497497559,"Female"
"9004155",371989,2025-06-26 08:59:51,42.5498847961426,-8.94011402130127,"Female"
"9004155",371989,2025-06-26 09:04:51,42.5500526428223,-8.93999671936035,"Female"
"9004155",371989,2025-06-26 09:09:53,42.5499610900879,-8.9402322769165,"Female"
"9004155",371989,2025-06-26 09:14:50,42.549747467041,-8.9403076171875,"Female"
"9004155",371989,2025-06-26 09:19:50,42.5499382019043,-8.940185546875,"Female"
"9004155",371989,2025-06-26 09:24:55,42.5503616333008,-8.93996334075928,"Female"
"9004155",371989,2025-06-26 09:29:53,42.5498008728027,-8.94021320343018,"Female"
"9004155",371989,2025-06-26 09:34:51,42.5497512817383,-8.94026660919189,"Female"
"9004155",371989,2025-06-26 09:39:53,42.5631790161133,-8.90958023071289,"Female"
"9004155",371989,2025-06-26 09:44:50,42.5771865844727,-8.87971687316895,"Female"
"9004155",371989,2025-06-26 09:50:15,42.577205657959,-8.87961387634277,"Female"
"9004155",371989,2025-06-26 09:54:51,42.5876655578613,-8.85724258422852,"Female"
"9004155",371989,2025-06-26 09:59:50,42.6066932678223,-8.81346130371094,"Female"
"9004155",371989,2025-06-26 10:04:59,42.607666015625,-8.81346988677979,"Female"
"9004155",371989,2025-06-26 10:09:53,42.6089935302734,-8.81355381011963,"Female"
"9004155",371989,2025-06-26 10:14:52,42.6093444824219,-8.81352710723877,"Female"
"9004155",371989,2025-06-26 10:19:57,42.6091156005859,-8.81378650665283,"Female"
"9004155",371989,2025-06-26 10:26:16,42.6100692749023,-8.8150577545166,"Female"
"9004155",371989,2025-06-26 10:31:15,42.6102714538574,-8.81602573394775,"Female"
"9004155",371989,2025-06-26 10:36:11,42.6102905273438,-8.81599998474121,"Female"
"9004155",371989,2025-06-26 10:41:11,42.610179901123,-8.81601524353027,"Female"
"9004155",371989,2025-06-26 10:46:35,42.6103134155273,-8.81596660614014,"Female"
"9004155",371989,2025-06-26 10:51:08,42.6103477478027,-8.81603336334229,"Female"
"9004155",371989,2025-06-26 10:56:09,42.6102256774902,-8.81597995758057,"Female"
"9004155",371989,2025-06-26 11:01:08,42.6103096008301,-8.81603050231934,"Female"
"9004155",371989,2025-06-26 11:06:10,42.6102638244629,-8.81599712371826,"Female"
"9004155",371989,2025-06-26 11:11:08,42.6103019714355,-8.81601715087891,"Female"
"9004155",371989,2025-06-26 11:16:08,42.6103286743164,-8.81600189208984,"Female"
"9004155",371989,2025-06-26 11:21:08,42.6103248596191,-8.81604385375977,"Female"
"9004155",371989,2025-06-26 11:26:11,42.6103172302246,-8.8161039352417,"Female"
"9004155",371989,2025-06-26 11:31:33,42.6103324890137,-8.81601905822754,"Female"
"9004155",371989,2025-06-26 11:36:08,42.610408782959,-8.81602096557617,"Female"
"9004155",371989,2025-06-26 11:41:09,42.6103248596191,-8.81600284576416,"Female"
"9004155",371989,2025-06-26 11:46:08,42.6103401184082,-8.81600475311279,"Female"
"9004155",371989,2025-06-26 11:51:09,42.6103363037109,-8.81601619720459,"Female"
"9004155",371989,2025-06-26 11:56:08,42.6103248596191,-8.81598472595215,"Female"
"9004155",371989,2025-06-26 12:01:08,42.6102981567383,-8.81603717803955,"Female"
"9004155",371989,2025-06-26 12:06:08,42.6103286743164,-8.81598854064941,"Female"
"9004155",371989,2025-06-26 12:11:08,42.6103439331055,-8.81601238250732,"Female"
"9004155",371989,2025-06-26 12:16:20,42.610279083252,-8.81604766845703,"Female"
"9004155",371989,2025-06-26 12:21:08,42.6103286743164,-8.81601142883301,"Female"
"9004155",371989,2025-06-26 12:26:19,42.6104202270508,-8.81615829467773,"Female"
"9004155",371989,2025-06-26 12:31:57,42.6102676391602,-8.81614685058594,"Female"
"9004155",371989,2025-06-26 12:37:22,42.6105575561523,-8.8161096572876,"Female"
"9004155",371989,2025-06-26 12:42:47,42.6101341247559,-8.81654357910156,"Female"
"9004155",371989,2025-06-26 12:47:45,42.6094551086426,-8.81654453277588,"Female"
"9004155",371989,2025-06-26 12:52:45,42.6094093322754,-8.81657028198242,"Female"
"9004155",371989,2025-06-26 12:57:45,42.6097450256348,-8.81644439697266,"Female"
"9004155",371989,2025-06-26 13:02:45,42.6095886230469,-8.81650733947754,"Female"
"9004155",371989,2025-06-26 13:07:44,42.609375,-8.81656932830811,"Female"
"9004155",371989,2025-06-26 13:12:45,42.6092529296875,-8.81661224365234,"Female"
"9004155",371989,2025-06-26 13:17:44,42.6092262268066,-8.81655311584473,"Female"
"9004155",371989,2025-06-26 13:22:45,42.6093330383301,-8.81652355194092,"Female"
"9004155",371989,2025-06-26 13:27:44,42.6092567443848,-8.81657314300537,"Female"
"9004155",371989,2025-06-26 13:32:44,42.6093215942383,-8.81660556793213,"Female"
"9004155",371989,2025-06-26 13:37:44,42.6092720031738,-8.81663131713867,"Female"
"9004155",371989,2025-06-26 13:42:44,42.6093406677246,-8.81654453277588,"Female"
"9004155",371989,2025-06-26 13:47:44,42.609375,-8.81655406951904,"Female"
"9004155",371989,2025-06-26 13:52:44,42.6093635559082,-8.8165864944458,"Female"
"9004155",371989,2025-06-26 13:57:44,42.6093444824219,-8.81660842895508,"Female"
"9004155",371989,2025-06-26 14:02:44,42.6092872619629,-8.81660842895508,"Female"
"9004155",371989,2025-06-26 14:07:44,42.6093864440918,-8.81662368774414,"Female"
"9004155",371989,2025-06-26 14:12:44,42.6093215942383,-8.816575050354,"Female"
"9004155",371989,2025-06-26 14:17:46,42.6093635559082,-8.81665802001953,"Female"
"9004155",371989,2025-06-26 14:23:00,42.6093215942383,-8.81655502319336,"Female"
"9004155",371989,2025-06-26 14:27:55,42.6093292236328,-8.81655120849609,"Female"
"9004155",371989,2025-06-26 14:32:55,42.6093368530273,-8.81656837463379,"Female"
"9004155",371989,2025-06-26 14:37:55,42.6093597412109,-8.81657791137695,"Female"
"9004155",371989,2025-06-26 14:42:55,42.6093482971191,-8.81657791137695,"Female"
"9004155",371989,2025-06-26 14:47:56,42.6093635559082,-8.81662654876709,"Female"
"9004155",371989,2025-06-26 14:52:55,42.6093864440918,-8.816650390625,"Female"
"9004155",371989,2025-06-26 14:57:57,42.6094017028809,-8.81663131713867,"Female"
"9004155",371989,2025-06-26 15:02:57,42.6094055175781,-8.81665706634521,"Female"
"9004155",371989,2025-06-26 15:07:57,42.6094284057617,-8.81665897369385,"Female"
"9004155",371989,2025-06-26 15:13:05,42.609317779541,-8.81655693054199,"Female"
"9004155",371989,2025-06-26 15:17:46,42.6093902587891,-8.81657981872559,"Female"
"9004155",371989,2025-06-26 15:22:48,42.6094436645508,-8.81666278839111,"Female"
"9004155",371989,2025-06-26 15:27:47,42.6095962524414,-8.81688690185547,"Female"
"9004155",371989,2025-06-26 15:32:47,42.6095809936523,-8.81694507598877,"Female"
"9004155",371989,2025-06-26 15:37:48,42.6100578308105,-8.81701183319092,"Female"
"9004155",371989,2025-06-26 15:43:36,42.6105041503906,-8.81565570831299,"Female"
"9004155",371989,2025-06-26 15:50:55,42.6113204956055,-8.81567478179932,"Female"
"9004155",371989,2025-06-26 15:55:45,42.6115303039551,-8.81528949737549,"Female"
"9004155",371989,2025-06-26 16:01:44,42.6123657226562,-8.81483173370361,"Female"
"9004155",371989,2025-06-26 16:06:35,42.6124305725098,-8.81488704681396,"Female"
"9004155",371989,2025-06-26 16:11:35,42.6121215820312,-8.81521511077881,"Female"
"9004155",371989,2025-06-26 16:16:35,42.6121597290039,-8.81515121459961,"Female"
"9004155",371989,2025-06-26 16:21:35,42.6121444702148,-8.81522274017334,"Female"
"9004155",371989,2025-06-26 16:26:35,42.6120986938477,-8.81523990631104,"Female"
"9004155",371989,2025-06-26 16:31:35,42.6121826171875,-8.81516742706299,"Female"
"9004155",371989,2025-06-26 16:36:35,42.6121635437012,-8.81518745422363,"Female"
"9004155",371989,2025-06-26 16:41:36,42.6121826171875,-8.81519508361816,"Female"
"9004155",371989,2025-06-26 16:46:35,42.6121559143066,-8.81516933441162,"Female"
"9004155",371989,2025-06-26 16:51:35,42.6120796203613,-8.81523323059082,"Female"
"9004155",371989,2025-06-26 16:56:35,42.6120300292969,-8.81517505645752,"Female"
"9004155",371989,2025-06-26 17:01:36,42.6121673583984,-8.81527042388916,"Female"
"9004155",371989,2025-06-26 17:06:36,42.6120758056641,-8.81529426574707,"Female"
"9004155",371989,2025-06-26 17:11:35,42.6120071411133,-8.81521129608154,"Female"
"9004155",371989,2025-06-26 17:16:36,42.6120758056641,-8.8152904510498,"Female"
"9004155",371989,2025-06-26 17:21:36,42.6120300292969,-8.81521797180176,"Female"
"9004155",371989,2025-06-26 17:26:35,42.6120338439941,-8.81527137756348,"Female"
"9004155",371989,2025-06-26 17:31:35,42.6121864318848,-8.81544017791748,"Female"
"9004155",371989,2025-06-26 17:36:37,42.6123275756836,-8.81567287445068,"Female"
"9004155",371989,2025-06-26 17:41:36,42.6120719909668,-8.81526279449463,"Female"
"9004155",371989,2025-06-26 17:46:37,42.611946105957,-8.81511974334717,"Female"
"9004155",371989,2025-06-26 17:51:39,42.6119613647461,-8.81511306762695,"Female"
"9004155",371989,2025-06-26 17:57:05,42.6120452880859,-8.81524848937988,"Female"
"9004155",371989,2025-06-26 18:01:35,42.612003326416,-8.81530094146729,"Female"
"9004155",371989,2025-06-26 18:06:40,42.6121139526367,-8.81633377075195,"Female"
"9004155",371989,2025-06-26 18:11:39,42.6109352111816,-8.81812286376953,"Female"
"9004155",371989,2025-06-26 18:16:38,42.6103134155273,-8.81930065155029,"Female"
"9004155",371989,2025-06-26 18:21:39,42.6088066101074,-8.82369327545166,"Female"
"9004155",371989,2025-06-26 18:26:38,42.6087760925293,-8.82362461090088,"Female"
"9004155",371989,2025-06-26 18:31:38,42.6088218688965,-8.82363033294678,"Female"
"9004155",371989,2025-06-26 18:36:41,42.6085510253906,-8.82372951507568,"Female"
"9004155",371989,2025-06-26 18:41:39,42.6067886352539,-8.83990383148193,"Female"
"9004155",371989,2025-06-26 18:46:39,42.6068534851074,-8.83988380432129,"Female"
"9004155",371989,2025-06-26 18:51:39,42.6042366027832,-8.858323097229,"Female"
"9004155",371989,2025-06-26 18:56:41,42.601318359375,-8.87650585174561,"Female"
"9004155",371989,2025-06-26 19:01:40,42.6013603210449,-8.87666034698486,"Female"
"9004155",371989,2025-06-26 19:06:39,42.6013641357422,-8.87667751312256,"Female"
"9004155",371989,2025-06-26 19:11:39,42.6014251708984,-8.87668132781982,"Female"
"9004155",371989,2025-06-26 19:16:39,42.6013984680176,-8.87667655944824,"Female"
"9004155",371989,2025-06-26 19:21:39,42.6013603210449,-8.87660026550293,"Female"
"9004155",371989,2025-06-26 19:26:39,42.6013870239258,-8.8766565322876,"Female"
"9004155",371989,2025-06-26 19:31:39,42.601375579834,-8.87661933898926,"Female"
"9004155",371989,2025-06-26 19:36:39,42.6013526916504,-8.87659740447998,"Female"
"9004155",371989,2025-06-26 19:41:39,42.6013526916504,-8.87658023834229,"Female"
"9004155",371989,2025-06-26 19:46:39,42.6013336181641,-8.8766622543335,"Female"
"9004155",371989,2025-06-26 19:51:40,42.6014518737793,-8.87661170959473,"Female"
"9004155",371989,2025-06-26 19:56:52,42.6013107299805,-8.87647342681885,"Female"
"9004155",371989,2025-06-26 20:02:05,42.601390838623,-8.87668514251709,"Female"
"9004155",371989,2025-06-26 20:06:39,42.6013603210449,-8.87669658660889,"Female"
"9004155",371989,2025-06-26 20:11:39,42.6014060974121,-8.87664318084717,"Female"
"9004155",371989,2025-06-26 20:16:39,42.6013717651367,-8.87669849395752,"Female"
"9004155",371989,2025-06-26 20:21:39,42.6013946533203,-8.87666034698486,"Female"
"9004155",371989,2025-06-26 20:26:39,42.6014251708984,-8.87663745880127,"Female"
"9004155",371989,2025-06-26 20:31:39,42.6013870239258,-8.87659645080566,"Female"
"9004155",371989,2025-06-26 20:36:39,42.6013832092285,-8.87668514251709,"Female"
"9004155",371989,2025-06-26 20:41:39,42.6015319824219,-8.87670803070068,"Female"
"9004155",371989,2025-06-26 20:46:39,42.6014366149902,-8.87668704986572,"Female"
"9004155",371989,2025-06-26 20:51:39,42.601490020752,-8.87674713134766,"Female"
"9004155",371989,2025-06-26 20:56:39,42.6014938354492,-8.87672424316406,"Female"
"9004155",371989,2025-06-26 21:01:40,42.6014518737793,-8.87664699554443,"Female"
"9004155",371989,2025-06-26 21:06:39,42.6014556884766,-8.8766918182373,"Female"
"9004155",371989,2025-06-26 21:11:39,42.6014175415039,-8.87668895721436,"Female"
"9004155",371989,2025-06-26 21:16:39,42.6014404296875,-8.87666034698486,"Female"
"9004155",371989,2025-06-26 21:21:40,42.6016883850098,-8.87701320648193,"Female"
"9004155",371989,2025-06-26 21:26:40,42.6015205383301,-8.87686061859131,"Female"
"9004155",371989,2025-06-26 21:31:40,42.6016159057617,-8.87687587738037,"Female"
"9004155",371989,2025-06-26 21:36:40,42.6016464233398,-8.8768367767334,"Female"
"9004155",371989,2025-06-26 21:41:39,42.6015930175781,-8.87685012817383,"Female"
"9004155",371989,2025-06-26 21:46:42,42.6016960144043,-8.87684059143066,"Female"
"9004155",371989,2025-06-26 21:51:42,42.6016540527344,-8.8775634765625,"Female"
"9004155",371989,2025-06-26 21:56:46,42.6014671325684,-8.8765754699707,"Female"
"9004155",371989,2025-06-26 22:02:05,42.6013832092285,-8.87665176391602,"Female"
"9004155",371989,2025-06-26 22:06:46,42.6013870239258,-8.87662601470947,"Female"
"9004155",371989,2025-06-26 22:11:40,42.601448059082,-8.8765811920166,"Female"
"9004155",371989,2025-06-26 22:16:39,42.6013984680176,-8.87657165527344,"Female"
"9004155",371989,2025-06-26 22:21:39,42.6013793945312,-8.87664794921875,"Female"
"9004155",371989,2025-06-26 22:26:39,42.6013793945312,-8.87665271759033,"Female"
"9004155",371989,2025-06-26 22:31:39,42.6012763977051,-8.87667465209961,"Female"
"9004155",371989,2025-06-26 22:36:41,42.601375579834,-8.87653923034668,"Female"
"9004155",371989,2025-06-26 22:41:45,42.6013450622559,-8.87662982940674,"Female"
"9004155",371989,2025-06-26 22:46:39,42.6013603210449,-8.87668132781982,"Female"
"9004155",371989,2025-06-26 22:51:39,42.6013145446777,-8.87657070159912,"Female"
"9004155",371989,2025-06-26 22:56:39,42.6013412475586,-8.8765869140625,"Female"
"9004155",371989,2025-06-26 23:01:40,42.6013679504395,-8.87647533416748,"Female"
"9004155",371989,2025-06-26 23:06:39,42.6013526916504,-8.87664031982422,"Female"
"9004155",371989,2025-06-26 23:11:39,42.6013450622559,-8.87650489807129,"Female"
"9004155",371989,2025-06-26 23:16:39,42.6013221740723,-8.876633644104,"Female"
"9004155",371989,2025-06-26 23:21:42,42.6013565063477,-8.87660694122314,"Female"
"9004155",371989,2025-06-26 23:26:39,42.6014251708984,-8.87657833099365,"Female"
"9004155",371989,2025-06-26 23:31:39,42.6014289855957,-8.87646675109863,"Female"
"9004155",371989,2025-06-26 23:36:39,42.6013946533203,-8.87646484375,"Female"
"9004155",371989,2025-06-26 23:41:47,42.6014099121094,-8.87653541564941,"Female"
"9004155",371989,2025-06-26 23:46:39,42.6014366149902,-8.87665843963623,"Female"
"9004155",371989,2025-06-26 23:52:04,42.6014404296875,-8.87662029266357,"Female"
"9004155",371989,2025-06-26 23:56:39,42.6014709472656,-8.87662982940674,"Female"
"9004155",371989,2025-06-27 00:01:39,42.6014251708984,-8.87659072875977,"Female"
"9004155",371989,2025-06-27 00:06:39,42.6014251708984,-8.87660598754883,"Female"
"9004155",371989,2025-06-27 00:11:39,42.6014099121094,-8.87666606903076,"Female"
"9004155",371989,2025-06-27 00:16:39,42.6014633178711,-8.87673473358154,"Female"
"9004155",371989,2025-06-27 00:21:39,42.6014175415039,-8.87661838531494,"Female"
"9004155",371989,2025-06-27 00:26:39,42.601448059082,-8.87664413452148,"Female"
"9004155",371989,2025-06-27 00:31:39,42.6014633178711,-8.87661933898926,"Female"
"9004155",371989,2025-06-27 00:36:39,42.6014251708984,-8.87664222717285,"Female"
"9004155",371989,2025-06-27 00:41:39,42.6014747619629,-8.87668895721436,"Female"
"9004155",371989,2025-06-27 00:46:39,42.601505279541,-8.87667274475098,"Female"
"9004155",371989,2025-06-27 00:51:39,42.601432800293,-8.87660980224609,"Female"
"9004155",371989,2025-06-27 00:56:40,42.6014137268066,-8.87658023834229,"Female"
"9004155",371989,2025-06-27 01:01:39,42.6014747619629,-8.87664222717285,"Female"
"9004155",371989,2025-06-27 01:07:02,42.601448059082,-8.87662410736084,"Female"
"9004155",371989,2025-06-27 01:11:40,42.601505279541,-8.87659072875977,"Female"
"9004155",371989,2025-06-27 01:16:40,42.6014595031738,-8.87661266326904,"Female"
"9004155",371989,2025-06-27 01:21:39,42.6015014648438,-8.87657737731934,"Female"
"9004155",371989,2025-06-27 01:26:40,42.6015357971191,-8.87656307220459,"Female"
"9004155",371989,2025-06-27 01:31:40,42.6014785766602,-8.87658405303955,"Female"
"9004155",371989,2025-06-27 01:36:40,42.6014518737793,-8.87655544281006,"Female"
"9004155",371989,2025-06-27 01:41:39,42.6013717651367,-8.87655162811279,"Female"
"9004155",371989,2025-06-27 01:46:40,42.6015701293945,-8.87669086456299,"Female"
"9004155",371989,2025-06-27 01:51:40,42.601490020752,-8.87669277191162,"Female"
"9004155",371989,2025-06-27 01:56:39,42.6016578674316,-8.87670516967773,"Female"
"9004155",371989,2025-06-27 02:02:05,42.6014251708984,-8.87663745880127,"Female"
"9004155",371989,2025-06-27 02:06:39,42.6014022827148,-8.87665176391602,"Female"
"9004155",371989,2025-06-27 02:11:39,42.6013793945312,-8.87664604187012,"Female"
"9004155",371989,2025-06-27 02:16:39,42.6013488769531,-8.8765869140625,"Female"
"9004155",371989,2025-06-27 02:21:39,42.6014251708984,-8.87658596038818,"Female"
"9004155",371989,2025-06-27 02:26:39,42.6013641357422,-8.87666320800781,"Female"
"9004155",371989,2025-06-27 02:31:39,42.6014022827148,-8.8766622543335,"Female"
"9004155",371989,2025-06-27 02:36:39,42.6013793945312,-8.87658977508545,"Female"
"9004155",371989,2025-06-27 02:41:39,42.6014366149902,-8.87655162811279,"Female"
"9004155",371989,2025-06-27 02:46:39,42.601318359375,-8.87668704986572,"Female"
"9004155",371989,2025-06-27 02:51:39,42.6013946533203,-8.8765811920166,"Female"
"9004155",371989,2025-06-27 02:56:39,42.6014556884766,-8.87660789489746,"Female"
"9004155",371989,2025-06-27 03:02:14,42.6014137268066,-8.87662029266357,"Female"
"9004155",371989,2025-06-27 03:06:39,42.6014442443848,-8.87660789489746,"Female"
"9004155",371989,2025-06-27 03:11:39,42.6014633178711,-8.87662506103516,"Female"
"9004155",371989,2025-06-27 03:16:39,42.6014404296875,-8.87662696838379,"Female"
"9004155",371989,2025-06-27 03:21:39,42.601448059082,-8.87652492523193,"Female"
"9004155",371989,2025-06-27 03:26:39,42.6014404296875,-8.87655830383301,"Female"
"9004155",371989,2025-06-27 03:31:39,42.6014633178711,-8.87662696838379,"Female"
"9004155",371989,2025-06-27 03:36:39,42.6014595031738,-8.87666034698486,"Female"
"9004155",371989,2025-06-27 03:41:39,42.6014862060547,-8.87663078308105,"Female"
"9004155",371989,2025-06-27 03:46:39,42.6013679504395,-8.8764123916626,"Female"
"9004155",371989,2025-06-27 03:51:40,42.6015625,-8.87672710418701,"Female"
"9004155",371989,2025-06-27 03:56:41,42.601432800293,-8.87667274475098,"Female"
"9004155",371989,2025-06-27 04:02:05,42.6014099121094,-8.87662601470947,"Female"
"9004155",371989,2025-06-27 04:06:39,42.6013870239258,-8.87666416168213,"Female"
"9004155",371989,2025-06-27 04:11:40,42.601490020752,-8.87662315368652,"Female"
"9004155",371989,2025-06-27 04:16:39,42.6014251708984,-8.87661933898926,"Female"
"9004155",371989,2025-06-27 04:21:39,42.6014251708984,-8.8766508102417,"Female"
"9004155",371989,2025-06-27 04:26:39,42.6014595031738,-8.87660884857178,"Female"
"9004155",371989,2025-06-27 04:31:40,42.6013679504395,-8.87666702270508,"Female"
"9004155",371989,2025-06-27 04:36:39,42.6014633178711,-8.87663555145264,"Female"
"9004155",371989,2025-06-27 04:41:40,42.601448059082,-8.87667369842529,"Female"
"9004155",371989,2025-06-27 04:46:39,42.6014747619629,-8.87663173675537,"Female"
"9004155",371989,2025-06-27 04:51:39,42.6014595031738,-8.87660217285156,"Female"
"9004155",371989,2025-06-27 04:56:41,42.6014671325684,-8.87660503387451,"Female"
"9004155",371989,2025-06-27 05:01:39,42.6015510559082,-8.87675952911377,"Female"
"9004155",371989,2025-06-27 05:06:40,42.6016540527344,-8.87705516815186,"Female"
"9004155",371989,2025-06-27 05:11:42,42.6016387939453,-8.87705039978027,"Female"
"9004155",371989,2025-06-27 05:16:48,42.6015281677246,-8.8743371963501,"Female"
"9004155",371989,2025-06-27 05:22:04,42.6014976501465,-8.87430381774902,"Female"
"9004155",371989,2025-06-27 05:26:40,42.6014633178711,-8.87425899505615,"Female"
"9004155",371989,2025-06-27 05:31:41,42.6015853881836,-8.87430000305176,"Female"
"9004155",371989,2025-06-27 05:36:40,42.6016273498535,-8.87423896789551,"Female"
"9004155",371989,2025-06-27 05:41:39,42.6016845703125,-8.87439632415771,"Female"
"9004155",371989,2025-06-27 05:46:41,42.6015968322754,-8.87433338165283,"Female"
"9004155",371989,2025-06-27 05:51:41,42.601749420166,-8.87447071075439,"Female"
"9004155",371989,2025-06-27 05:56:42,42.601806640625,-8.87456893920898,"Female"
"9004155",371989,2025-06-27 06:01:47,42.6017532348633,-8.87468242645264,"Female"
"9004155",371989,2025-06-27 06:06:41,42.6012153625488,-8.8739538192749,"Female"
"9004155",371989,2025-06-27 06:11:49,42.6015281677246,-8.87432479858398,"Female"
"9004155",371989,2025-06-27 06:16:48,42.6015281677246,-8.87429523468018,"Female"
"9004155",371989,2025-06-27 06:22:05,42.6015548706055,-8.87424278259277,"Female"
"9004155",371989,2025-06-27 06:26:40,42.6014938354492,-8.87426376342773,"Female"
"9004155",371989,2025-06-27 06:31:39,42.6015548706055,-8.87422943115234,"Female"
"9004155",371989,2025-06-27 06:36:39,42.5988426208496,-8.86800098419189,"Female"
"9004155",371989,2025-06-27 06:41:39,42.5988502502441,-8.86800289154053,"Female"
"9004155",371989,2025-06-27 06:46:39,42.598819732666,-8.86801147460938,"Female"
"9004155",371989,2025-06-27 06:51:39,42.5987968444824,-8.86796283721924,"Female"
"9004155",371989,2025-06-27 06:56:40,42.5988121032715,-8.86799716949463,"Female"
"9004155",371989,2025-06-27 07:01:39,42.598747253418,-8.86802577972412,"Female"
"9004155",371989,2025-06-27 07:06:40,42.5988273620605,-8.86800861358643,"Female"
"9004155",371989,2025-06-27 07:11:39,42.5987014770508,-8.8680591583252,"Female"
"9004155",371989,2025-06-27 07:16:41,42.598747253418,-8.86806201934814,"Female"
"9004155",371989,2025-06-27 07:21:39,42.5987205505371,-8.8681173324585,"Female"
"9004155",371989,2025-06-27 07:26:40,42.5988082885742,-8.86806678771973,"Female"
"9004155",371989,2025-06-27 07:31:39,42.5987777709961,-8.86811923980713,"Female"
"9004155",371989,2025-06-27 07:36:39,42.5987319946289,-8.86808967590332,"Female"
"9004155",371989,2025-06-27 07:41:39,42.5987205505371,-8.86804008483887,"Female"
"9004155",371989,2025-06-27 07:46:39,42.5986824035645,-8.86812210083008,"Female"
"9004155",371989,2025-06-27 07:51:39,42.5987091064453,-8.8680419921875,"Female"
"9004155",371989,2025-06-27 07:56:39,42.5987358093262,-8.86806774139404,"Female"
"9004155",371989,2025-06-27 08:01:39,42.598747253418,-8.868088722229,"Female"
"9004155",371989,2025-06-27 08:06:39,42.598762512207,-8.86808109283447,"Female"
"9004155",371989,2025-06-27 08:11:39,42.5987548828125,-8.86814308166504,"Female"
"9004155",371989,2025-06-27 08:16:39,42.5987854003906,-8.86806488037109,"Female"
"9004155",371989,2025-06-27 08:21:39,42.5988006591797,-8.86810207366943,"Female"
"9004155",371989,2025-06-27 08:26:39,42.5988998413086,-8.86809062957764,"Female"
"9004155",371989,2025-06-27 08:31:40,42.5987396240234,-8.86808395385742,"Female"
"9004155",371989,2025-06-27 08:36:39,42.5987586975098,-8.86800956726074,"Female"
"9004155",371989,2025-06-27 08:41:40,42.5987739562988,-8.86801433563232,"Female"
"9004155",371989,2025-06-27 08:46:40,42.6026954650879,-8.85172748565674,"Female"
"9004155",371989,2025-06-27 08:51:39,42.6075782775879,-8.84458065032959,"Female"
"9004155",371989,2025-06-27 08:56:52,42.6074562072754,-8.84342956542969,"Female"
"9004155",371989,2025-06-27 09:02:35,42.6097297668457,-8.83975601196289,"Female"
"9004155",371989,2025-06-27 09:07:54,42.6096267700195,-8.83962917327881,"Female"
"9004155",371989,2025-06-27 09:13:05,42.6095695495605,-8.83977794647217,"Female"
"9004155",371989,2025-06-27 09:17:45,42.6096572875977,-8.83979892730713,"Female"
"9004155",371989,2025-06-27 09:22:45,42.6096038818359,-8.83982944488525,"Female"
"9004155",371989,2025-06-27 09:27:45,42.6095886230469,-8.83979892730713,"Female"
"9004155",371989,2025-06-27 09:32:45,42.6096038818359,-8.83980178833008,"Female"
"9004155",371989,2025-06-27 09:37:45,42.6096572875977,-8.83986759185791,"Female"
"9004155",371989,2025-06-27 09:42:45,42.609619140625,-8.83986568450928,"Female"
"9004155",371989,2025-06-27 09:47:45,42.6097183227539,-8.83994579315186,"Female"
"9004155",371989,2025-06-27 09:52:48,42.6096496582031,-8.84033679962158,"Female"
"9004155",371989,2025-06-27 09:57:48,42.6097297668457,-8.83986949920654,"Female"
"9004155",371989,2025-06-27 10:02:48,42.6095581054688,-8.84111309051514,"Female"
"9004155",371989,2025-06-27 10:07:54,42.6096572875977,-8.83988571166992,"Female"
"9004155",371989,2025-06-27 10:12:51,42.6096458435059,-8.83986282348633,"Female"
"9004155",371989,2025-06-27 10:17:49,42.6096534729004,-8.83981037139893,"Female"
"9004155",371989,2025-06-27 10:22:48,42.6096839904785,-8.8393440246582,"Female"
"9004155",371989,2025-06-27 10:27:54,42.609691619873,-8.83978271484375,"Female"
"9004155",371989,2025-06-27 10:32:47,42.6097221374512,-8.83949279785156,"Female"
"9004155",371989,2025-06-27 10:37:52,42.6098136901855,-8.83948516845703,"Female"
"9004155",371989,2025-06-27 10:42:51,42.6099014282227,-8.83943176269531,"Female"
"9004155",371989,2025-06-27 10:47:51,42.6099853515625,-8.83946704864502,"Female"
"9004155",371989,2025-06-27 10:52:51,42.6113319396973,-8.83938026428223,"Female"
"9004155",371989,2025-06-27 10:57:53,42.6119079589844,-8.83892345428467,"Female"
"9004155",371989,2025-06-27 11:02:48,42.6128158569336,-8.83853912353516,"Female"
"9004155",371989,2025-06-27 11:08:02,42.6129531860352,-8.83821487426758,"Female"
"9004155",371989,2025-06-27 11:12:46,42.6130676269531,-8.83836269378662,"Female"
"9004155",371989,2025-06-27 11:17:46,42.6132049560547,-8.83816051483154,"Female"
"9004155",371989,2025-06-27 11:22:46,42.6132545471191,-8.8381404876709,"Female"
"9004155",371989,2025-06-27 11:27:58,42.6133842468262,-8.83805561065674,"Female"
"9004155",371989,2025-06-27 11:32:48,42.6133918762207,-8.83788394927979,"Female"
"9004155",371989,2025-06-27 11:38:05,42.613208770752,-8.83795547485352,"Female"
"9004155",371989,2025-06-27 11:42:45,42.6133689880371,-8.83798217773438,"Female"
"9004155",371989,2025-06-27 11:47:45,42.6132545471191,-8.83797931671143,"Female"
"9004155",371989,2025-06-27 11:52:46,42.6133308410645,-8.83796691894531,"Female"
"9004155",371989,2025-06-27 11:57:45,42.6133041381836,-8.83795261383057,"Female"
"9004155",371989,2025-06-27 12:02:45,42.6132583618164,-8.83794403076172,"Female"
"9004155",371989,2025-06-27 12:07:46,42.6131439208984,-8.83793544769287,"Female"
"9004155",371989,2025-06-27 12:12:46,42.6132011413574,-8.83796882629395,"Female"
"9004155",371989,2025-06-27 12:17:47,42.6139717102051,-8.8382625579834,"Female"
"9004155",371989,2025-06-27 12:22:49,42.6145248413086,-8.81930351257324,"Female"
"9004155",371989,2025-06-27 12:28:00,42.6142654418945,-8.81933975219727,"Female"
"9004155",371989,2025-06-27 12:33:38,42.6141967773438,-8.81934070587158,"Female"
"9004155",371989,2025-06-27 12:38:41,42.6135177612305,-8.81813907623291,"Female"
"9004155",371989,2025-06-27 12:43:42,42.6135711669922,-8.81836128234863,"Female"
"9004155",371989,2025-06-27 12:48:36,42.6136589050293,-8.81845474243164,"Female"
"9004155",371989,2025-06-27 12:53:49,42.6135330200195,-8.81837844848633,"Female"
"9004155",371989,2025-06-27 12:58:49,42.6134872436523,-8.81838512420654,"Female"
"9004155",371989,2025-06-27 13:03:47,42.6134834289551,-8.81840419769287,"Female"
"9004155",371989,2025-06-27 13:08:46,42.6135482788086,-8.81844043731689,"Female"
"9004155",371989,2025-06-27 13:13:42,42.614086151123,-8.81822490692139,"Female"
"9004155",371989,2025-06-27 13:19:05,42.6135406494141,-8.81840419769287,"Female"
"9004155",371989,2025-06-27 13:23:36,42.613639831543,-8.81849098205566,"Female"
"9004155",371989,2025-06-27 13:28:36,42.6135635375977,-8.81847953796387,"Female"
"9004155",371989,2025-06-27 13:33:36,42.6135292053223,-8.81839466094971,"Female"
"9004155",371989,2025-06-27 13:38:36,42.6135101318359,-8.8184061050415,"Female"
"9004155",371989,2025-06-27 13:43:36,42.6136245727539,-8.81841659545898,"Female"
"9004155",371989,2025-06-27 13:48:36,42.6134643554688,-8.81847858428955,"Female"
"9004155",371989,2025-06-27 13:53:36,42.6135292053223,-8.81845855712891,"Female"
"9004155",371989,2025-06-27 13:58:36,42.6135864257812,-8.81840038299561,"Female"
"9004155",371989,2025-06-27 14:03:36,42.6138038635254,-8.81840419769287,"Female"
"9004155",371989,2025-06-27 14:08:36,42.6135101318359,-8.81838703155518,"Female"
"9004155",371989,2025-06-27 14:14:05,42.6135139465332,-8.81838607788086,"Female"
"9004155",371989,2025-06-27 14:18:36,42.6134910583496,-8.81840705871582,"Female"
"9004155",371989,2025-06-27 14:23:36,42.6134948730469,-8.8183536529541,"Female"
"9004155",371989,2025-06-27 14:28:36,42.6135292053223,-8.81839847564697,"Female"
"9004155",371989,2025-06-27 14:33:36,42.6135330200195,-8.81846523284912,"Female"
"9004155",371989,2025-06-27 14:38:36,42.6134872436523,-8.81830501556396,"Female"
"9004155",371989,2025-06-27 14:43:36,42.6134147644043,-8.81880950927734,"Female"
"9004155",371989,2025-06-27 14:48:36,42.6134796142578,-8.81863880157471,"Female"
"9004155",371989,2025-06-27 14:53:36,42.6137199401855,-8.8185453414917,"Female"
"9004155",371989,2025-06-27 14:58:36,42.6136016845703,-8.81853103637695,"Female"
"9004155",371989,2025-06-27 15:03:36,42.6137542724609,-8.81856155395508,"Female"
"9004155",371989,2025-06-27 15:08:36,42.6137542724609,-8.8185977935791,"Female"
"9004155",371989,2025-06-27 15:13:36,42.6137084960938,-8.81859493255615,"Female"
"9004155",371989,2025-06-27 15:18:37,42.6137619018555,-8.81856536865234,"Female"
"9004155",371989,2025-06-27 15:23:36,42.6137733459473,-8.81857299804688,"Female"
"9004155",371989,2025-06-27 15:28:36,42.6137886047363,-8.81861209869385,"Female"
"9004155",371989,2025-06-27 15:33:36,42.6137504577637,-8.81869888305664,"Female"
"9004155",371989,2025-06-27 15:38:37,42.6137580871582,-8.81863880157471,"Female"
"9004155",371989,2025-06-27 15:43:37,42.6136436462402,-8.81851100921631,"Female"
"9004155",371989,2025-06-27 15:48:37,42.6137504577637,-8.81872177124023,"Female"
"9004155",371989,2025-06-27 15:53:48,42.6136817932129,-8.81863021850586,"Female"
"9004155",371989,2025-06-27 15:58:37,42.613712310791,-8.81873321533203,"Female"
"9004155",371989,2025-06-27 16:04:03,42.6135940551758,-8.81870174407959,"Female"
"9004155",371989,2025-06-27 16:08:36,42.613525390625,-8.81871795654297,"Female"
"9004155",371989,2025-06-27 16:13:36,42.6135444641113,-8.81869316101074,"Female"
"9004155",371989,2025-06-27 16:18:36,42.6134834289551,-8.81870365142822,"Female"
"9004155",371989,2025-06-27 16:23:36,42.6134910583496,-8.8187313079834,"Female"
"9004155",371989,2025-06-27 16:28:36,42.6134605407715,-8.8187141418457,"Female"
"9004155",371989,2025-06-27 16:33:37,42.6134643554688,-8.81878566741943,"Female"
"9004155",371989,2025-06-27 16:38:36,42.6134376525879,-8.8187141418457,"Female"
"9004155",371989,2025-06-27 16:43:36,42.6133918762207,-8.81878089904785,"Female"
"9004155",371989,2025-06-27 16:48:36,42.613395690918,-8.81881809234619,"Female"
"9004155",371989,2025-06-27 16:54:06,42.6137847900391,-8.81847381591797,"Female"
"9004155",371989,2025-06-27 16:59:33,42.6144104003906,-8.81766986846924,"Female"
"9004155",371989,2025-06-27 17:04:31,42.6144027709961,-8.81811332702637,"Female"
"9004155",371989,2025-06-27 17:09:31,42.6144714355469,-8.81776237487793,"Female"
"9004155",371989,2025-06-27 17:14:31,42.6144027709961,-8.81779193878174,"Female"
"9004155",371989,2025-06-27 17:19:33,42.6148414611816,-8.81810665130615,"Female"
"9004155",371989,2025-06-27 17:24:32,42.6140441894531,-8.82005500793457,"Female"
"9004155",371989,2025-06-27 17:29:37,42.6131401062012,-8.82002639770508,"Female"
"9004155",371989,2025-06-27 17:34:31,42.6130599975586,-8.8200101852417,"Female"
"9004155",371989,2025-06-27 17:39:31,42.6130332946777,-8.81990909576416,"Female"
"9004155",371989,2025-06-27 17:44:31,42.6131057739258,-8.81987571716309,"Female"
"9004155",371989,2025-06-27 17:49:32,42.6130714416504,-8.81995582580566,"Female"
"9004155",371989,2025-06-27 17:54:31,42.6130561828613,-8.81998538970947,"Female"
"9004155",371989,2025-06-27 17:59:31,42.6130905151367,-8.8199462890625,"Female"
"9004155",371989,2025-06-27 18:04:32,42.6130828857422,-8.81996440887451,"Female"
"9004155",371989,2025-06-27 18:09:44,42.6130027770996,-8.81990528106689,"Female"
"9004155",371989,2025-06-27 18:14:31,42.6130523681641,-8.81992244720459,"Female"
"9004155",371989,2025-06-27 18:19:35,42.6130294799805,-8.81986331939697,"Female"
"9004155",371989,2025-06-27 18:24:31,42.6111335754395,-8.82833766937256,"Female"
"9004155",371989,2025-06-27 18:29:31,42.6068878173828,-8.8518705368042,"Female"
"9004155",371989,2025-06-27 18:34:31,42.6069450378418,-8.85216045379639,"Female"
"9004155",371989,2025-06-27 18:39:32,42.6070556640625,-8.85227966308594,"Female"
"9004155",371989,2025-06-27 18:44:36,42.6068420410156,-8.85198211669922,"Female"
"9004155",371989,2025-06-27 18:49:44,42.6068687438965,-8.85198783874512,"Female"
"9004155",371989,2025-06-27 18:54:32,42.6068115234375,-8.85192966461182,"Female"
"9004155",371989,2025-06-27 18:59:32,42.6068229675293,-8.85177421569824,"Female"
"9004155",371989,2025-06-27 19:04:39,42.6067695617676,-8.85183429718018,"Female"
"9004155",371989,2025-06-27 19:09:32,42.6012725830078,-8.87639904022217,"Female"
"9004155",371989,2025-06-27 19:14:39,42.6013641357422,-8.87660121917725,"Female"
"9004155",371989,2025-06-27 19:19:42,42.6013336181641,-8.8766393661499,"Female"
"9004155",371989,2025-06-27 19:24:31,42.6013412475586,-8.87658405303955,"Female"
"9004155",371989,2025-06-27 19:29:32,42.6013298034668,-8.87654304504395,"Female"
"9004155",371989,2025-06-27 19:34:32,42.6013221740723,-8.87654972076416,"Female"
"9004155",371989,2025-06-27 19:39:32,42.6014099121094,-8.87642478942871,"Female"
"9004155",371989,2025-06-27 19:44:31,42.6013488769531,-8.87667083740234,"Female"
"9004155",371989,2025-06-27 19:49:45,42.6013259887695,-8.87657737731934,"Female"
"9004155",371989,2025-06-27 19:54:32,42.6013298034668,-8.87661361694336,"Female"
"9004155",371989,2025-06-27 19:59:34,42.6013336181641,-8.87612152099609,"Female"
"9004155",371989,2025-06-27 20:04:32,42.6014175415039,-8.87648868560791,"Female"
"9004155",371989,2025-06-27 20:09:34,42.6014060974121,-8.8765172958374,"Female"
"9004155",371989,2025-06-27 20:14:33,42.6014022827148,-8.87657928466797,"Female"
"9004155",371989,2025-06-27 20:19:37,42.6013984680176,-8.87660598754883,"Female"
"9004155",371989,2025-06-27 20:24:33,42.6013870239258,-8.87648677825928,"Female"
"9004155",371989,2025-06-27 20:29:43,42.6013603210449,-8.8764705657959,"Female"
"9004155",371989,2025-06-27 20:34:33,42.6012344360352,-8.87617301940918,"Female"
"9004155",371989,2025-06-27 20:39:36,42.6012763977051,-8.87645053863525,"Female"
"9004155",371989,2025-06-27 20:44:32,42.6012763977051,-8.876389503479,"Female"
"9004155",371989,2025-06-27 20:49:45,42.601318359375,-8.87664985656738,"Female"
"9004155",371989,2025-06-27 20:54:32,42.601203918457,-8.87619972229004,"Female"
"9004155",371989,2025-06-27 20:59:33,42.6011238098145,-8.87607765197754,"Female"
"9004155",371989,2025-06-27 21:04:37,42.6013069152832,-8.87639045715332,"Female"
"9004155",371989,2025-06-27 21:10:05,42.6013679504395,-8.8766622543335,"Female"
"9004155",371989,2025-06-27 21:14:32,42.6014251708984,-8.87666893005371,"Female"
"9004155",371989,2025-06-27 21:19:32,42.6014213562012,-8.87663650512695,"Female"
"9004155",371989,2025-06-27 21:24:32,42.6013450622559,-8.87652111053467,"Female"
"9004155",371989,2025-06-27 21:29:32,42.601448059082,-8.87670230865479,"Female"
"9004155",371989,2025-06-27 21:34:32,42.6014060974121,-8.87672901153564,"Female"
"9004155",371989,2025-06-27 21:39:33,42.6015167236328,-8.87674808502197,"Female"
"9004155",371989,2025-06-27 21:44:32,42.601432800293,-8.87662887573242,"Female"
"9004155",371989,2025-06-27 21:49:32,42.6014633178711,-8.8767204284668,"Female"
"9004155",371989,2025-06-27 21:54:32,42.6013679504395,-8.87665557861328,"Female"
"9004155",371989,2025-06-27 21:59:32,42.601375579834,-8.8765754699707,"Female"
"9004155",371989,2025-06-27 22:04:32,42.6014060974121,-8.87670803070068,"Female"
"9004155",371989,2025-06-27 22:09:32,42.6013641357422,-8.87657737731934,"Female"
"9004155",371989,2025-06-27 22:14:33,42.6012878417969,-8.8765983581543,"Female"
"9004155",371989,2025-06-27 22:19:31,42.6014175415039,-8.87677097320557,"Female"
"9004155",371989,2025-06-27 22:24:32,42.601318359375,-8.87666034698486,"Female"
"9004155",371989,2025-06-27 22:29:31,42.6013641357422,-8.87674713134766,"Female"
"9004155",371989,2025-06-27 22:34:32,42.6013793945312,-8.87668800354004,"Female"
"9004155",371989,2025-06-27 22:39:34,42.601390838623,-8.87660789489746,"Female"
"9004155",371989,2025-06-27 22:44:32,42.601375579834,-8.87663745880127,"Female"
"9004155",371989,2025-06-27 22:49:33,42.6014213562012,-8.87663745880127,"Female"
"9004155",371989,2025-06-27 22:54:32,42.6013984680176,-8.87668418884277,"Female"
"9004155",371989,2025-06-27 22:59:32,42.6014022827148,-8.87667751312256,"Female"
"9004155",371989,2025-06-27 23:04:32,42.6013450622559,-8.87663745880127,"Female"
"9004155",371989,2025-06-27 23:09:33,42.6014556884766,-8.87667083740234,"Female"
"9004155",371989,2025-06-27 23:14:39,42.6013946533203,-8.87662410736084,"Female"
"9004155",371989,2025-06-27 23:19:32,42.601432800293,-8.87665939331055,"Female"
"9004155",371989,2025-06-27 23:24:37,42.601432800293,-8.87661552429199,"Female"
"9004155",371989,2025-06-27 23:29:32,42.6014175415039,-8.87664413452148,"Female"
"9004155",371989,2025-06-27 23:34:33,42.6013946533203,-8.87661933898926,"Female"
"9004155",371989,2025-06-27 23:39:38,42.6013679504395,-8.87664031982422,"Female"
"9004155",371989,2025-06-27 23:44:38,42.6012916564941,-8.87661838531494,"Female"
"9004155",371989,2025-06-27 23:49:38,42.6013374328613,-8.87663459777832,"Female"
"9004155",371989,2025-06-27 23:54:41,42.6013412475586,-8.8766508102417,"Female"
"9004155",371989,2025-06-27 23:59:32,42.6014595031738,-8.8766918182373,"Female"
"9004155",371989,2025-06-28 00:04:32,42.6014137268066,-8.87667942047119,"Female"
"9004155",371989,2025-06-28 00:09:32,42.601490020752,-8.87667465209961,"Female"
"9004155",371989,2025-06-28 00:14:32,42.6014633178711,-8.87662792205811,"Female"
"9004155",371989,2025-06-28 00:19:32,42.6014099121094,-8.87679004669189,"Female"
"9004155",371989,2025-06-28 00:24:32,42.6014137268066,-8.87666893005371,"Female"
"9004155",371989,2025-06-28 00:29:32,42.601432800293,-8.87666416168213,"Female"
"9004155",371989,2025-06-28 00:34:36,42.6013679504395,-8.87680435180664,"Female"
"9004155",371989,2025-06-28 00:39:32,42.6014442443848,-8.87672328948975,"Female"
"9004155",371989,2025-06-28 00:44:39,42.6013717651367,-8.87678527832031,"Female"
"9004155",371989,2025-06-28 00:49:45,42.601390838623,-8.87664985656738,"Female"
"9004155",371989,2025-06-28 00:54:37,42.6013526916504,-8.87658500671387,"Female"
"9004155",371989,2025-06-28 00:59:37,42.6013488769531,-8.87668991088867,"Female"
"9004155",371989,2025-06-28 01:04:34,42.6013107299805,-8.87672901153564,"Female"
"9004155",371989,2025-06-28 01:09:33,42.6011619567871,-8.87674617767334,"Female"
"9004155",371989,2025-06-28 01:14:39,42.6013259887695,-8.87664794921875,"Female"
"9004155",371989,2025-06-28 01:19:34,42.6012916564941,-8.87672424316406,"Female"
"9004155",371989,2025-06-28 01:24:36,42.6012992858887,-8.8765230178833,"Female"
"9004155",371989,2025-06-28 01:29:43,42.6013107299805,-8.87659168243408,"Female"
"9004155",371989,2025-06-28 01:34:36,42.6012992858887,-8.87674331665039,"Female"
"9004155",371989,2025-06-28 01:39:34,42.6013946533203,-8.87641334533691,"Female"
"9004155",371989,2025-06-28 01:44:38,42.601261138916,-8.87682056427002,"Female"
"9004155",371989,2025-06-28 01:50:06,42.6013870239258,-8.87661743164062,"Female"
"9004155",371989,2025-06-28 01:54:32,42.6013641357422,-8.87655639648438,"Female"
"9004155",371989,2025-06-28 01:59:32,42.6014099121094,-8.87659168243408,"Female"
"9004155",371989,2025-06-28 02:04:32,42.6013984680176,-8.87654209136963,"Female"
"9004155",371989,2025-06-28 02:09:32,42.6014785766602,-8.87653541564941,"Female"
"9004155",371989,2025-06-28 02:14:32,42.6014060974121,-8.87665843963623,"Female"
"9004155",371989,2025-06-28 02:19:32,42.6014366149902,-8.87668132781982,"Female"
"9004155",371989,2025-06-28 02:24:32,42.6013832092285,-8.87658882141113,"Female"
"9004155",371989,2025-06-28 02:29:32,42.6014404296875,-8.87667942047119,"Female"
"9004155",371989,2025-06-28 02:34:34,42.6014366149902,-8.87663745880127,"Female"
"9004155",371989,2025-06-28 02:39:32,42.6014099121094,-8.87659454345703,"Female"
"9004155",371989,2025-06-28 02:44:32,42.6014442443848,-8.87668228149414,"Female"
"9004155",371989,2025-06-28 02:49:37,42.6013488769531,-8.87655830383301,"Female"
"9004155",371989,2025-06-28 02:54:37,42.6015472412109,-8.87671852111816,"Female"
"9004155",371989,2025-06-28 02:59:33,42.6014671325684,-8.87665462493896,"Female"
"9004155",371989,2025-06-28 03:04:40,42.601432800293,-8.87662887573242,"Female"
"9004155",371989,2025-06-28 03:09:32,42.6014213562012,-8.87662792205811,"Female"
"9004155",371989,2025-06-28 03:14:32,42.6014213562012,-8.87662982940674,"Female"
"9004155",371989,2025-06-28 03:19:32,42.6014595031738,-8.87664222717285,"Female"
"9004155",371989,2025-06-28 03:24:32,42.6014175415039,-8.87657928466797,"Female"
"9004155",371989,2025-06-28 03:29:32,42.6014747619629,-8.8766622543335,"Female"
"9004155",371989,2025-06-28 03:34:32,42.601490020752,-8.87665748596191,"Female"
"9004155",371989,2025-06-28 03:39:32,42.601490020752,-8.87666130065918,"Female"
"9004155",371989,2025-06-28 03:44:32,42.601448059082,-8.87667560577393,"Female"
"9004155",371989,2025-06-28 03:49:44,42.6014213562012,-8.87666702270508,"Female"
"9004155",371989,2025-06-28 03:55:04,42.601390838623,-8.8766622543335,"Female"
"9004155",371989,2025-06-28 03:59:32,42.6013832092285,-8.87665176391602,"Female"
"9004155",371989,2025-06-28 04:04:32,42.6014099121094,-8.87664318084717,"Female"
"9004155",371989,2025-06-28 04:09:32,42.6013565063477,-8.87663269042969,"Female"
"9004155",371989,2025-06-28 04:14:32,42.6013679504395,-8.87667083740234,"Female"
"9004155",371989,2025-06-28 04:19:32,42.6013984680176,-8.8766450881958,"Female"
"9004155",371989,2025-06-28 04:24:32,42.6013298034668,-8.87668991088867,"Female"
"9004155",371989,2025-06-28 04:29:32,42.6014213562012,-8.87659358978271,"Female"
"9004155",371989,2025-06-28 04:34:32,42.6013946533203,-8.8765926361084,"Female"
"9004155",371989,2025-06-28 04:39:32,42.6012954711914,-8.87679100036621,"Female"
"9004155",371989,2025-06-28 04:44:32,42.6013259887695,-8.8767261505127,"Female"
"9004155",371989,2025-06-28 04:49:32,42.6014633178711,-8.87663269042969,"Female"
"9004155",371989,2025-06-28 04:54:33,42.6014671325684,-8.87660980224609,"Female"
"9004155",371989,2025-06-28 04:59:32,42.6015129089355,-8.87662792205811,"Female"
"9004155",371989,2025-06-28 05:04:32,42.6014518737793,-8.87662792205811,"Female"
"9004155",371989,2025-06-28 05:09:32,42.6014747619629,-8.87655639648438,"Female"
"9004155",371989,2025-06-28 05:14:32,42.6014442443848,-8.87662696838379,"Female"
"9004155",371989,2025-06-28 05:19:32,42.6015014648438,-8.87661838531494,"Female"
"9004155",371989,2025-06-28 05:24:32,42.601432800293,-8.87657737731934,"Female"
"9004155",371989,2025-06-28 05:29:32,42.6015090942383,-8.87661457061768,"Female"
"9004155",371989,2025-06-28 05:34:32,42.6015548706055,-8.87665271759033,"Female"
"9004155",371989,2025-06-28 05:39:33,42.6016578674316,-8.87667655944824,"Female"
"9004155",371989,2025-06-28 05:44:34,42.601490020752,-8.87659168243408,"Female"
"9004155",371989,2025-06-28 05:49:33,42.6015357971191,-8.87650108337402,"Female"
"9004155",371989,2025-06-28 05:54:39,42.6015510559082,-8.87662124633789,"Female"
"9004155",371989,2025-06-28 05:59:33,42.6015739440918,-8.87659168243408,"Female"
"9004155",371989,2025-06-28 06:04:39,42.601505279541,-8.87659454345703,"Female"
"9004155",371989,2025-06-28 06:09:44,42.6015167236328,-8.87662887573242,"Female"
"9004155",371989,2025-06-28 06:14:37,42.6015625,-8.87662315368652,"Female"
"9004155",371989,2025-06-28 06:19:38,42.6015548706055,-8.87662696838379,"Female"
"9004155",371989,2025-06-28 06:24:43,42.601676940918,-8.87670230865479,"Female"
"9004155",371989,2025-06-28 06:29:36,42.6017684936523,-8.87667942047119,"Female"
"9004155",371989,2025-06-28 06:34:39,42.6016464233398,-8.87682914733887,"Female"
"9004155",371989,2025-06-28 06:39:32,42.6017189025879,-8.87700653076172,"Female"
"9004155",371989,2025-06-28 06:44:38,42.6017417907715,-8.87588500976562,"Female"
"9004155",371989,2025-06-28 06:49:45,42.6016731262207,-8.87528610229492,"Female"
"9004155",371989,2025-06-28 06:55:05,42.6015319824219,-8.87658023834229,"Female"
"9004155",371989,2025-06-28 06:59:32,42.6015243530273,-8.87657833099365,"Female"
"9004155",371989,2025-06-28 07:04:32,42.601432800293,-8.87664127349854,"Female"
"9004155",371989,2025-06-28 07:09:32,42.6014823913574,-8.87656593322754,"Female"
"9004155",371989,2025-06-28 07:14:32,42.6014785766602,-8.87658500671387,"Female"
"9004155",371989,2025-06-28 07:19:32,42.6014709472656,-8.87662315368652,"Female"
"9004155",371989,2025-06-28 07:24:32,42.6015663146973,-8.87654685974121,"Female"
"9004155",371989,2025-06-28 07:29:32,42.601505279541,-8.87661457061768,"Female"
"9004155",371989,2025-06-28 07:34:32,42.601505279541,-8.87660598754883,"Female"
"9004155",371989,2025-06-28 07:39:32,42.6015472412109,-8.8765983581543,"Female"
"9004155",371989,2025-06-28 07:44:32,42.6015853881836,-8.87653923034668,"Female"
"9004155",371989,2025-06-28 07:49:32,42.6015701293945,-8.87663650512695,"Female"
"9004155",371989,2025-06-28 07:54:32,42.6015663146973,-8.87654972076416,"Female"
"9004155",371989,2025-06-28 07:59:32,42.6015777587891,-8.87656211853027,"Female"
"9004155",371989,2025-06-28 08:04:44,42.601490020752,-8.8766622543335,"Female"
"9004155",371989,2025-06-28 08:09:32,42.6013946533203,-8.8765869140625,"Female"
"9004155",371989,2025-06-28 08:14:32,42.6014633178711,-8.87669658660889,"Female"
"9004155",371989,2025-06-28 08:19:32,42.6014671325684,-8.87669849395752,"Female"
"9004155",371989,2025-06-28 08:24:32,42.6014595031738,-8.87669849395752,"Female"
"9004155",371989,2025-06-28 08:29:36,42.601390838623,-8.87668991088867,"Female"
"9004155",371989,2025-06-28 08:34:43,42.6015129089355,-8.8766040802002,"Female"
"9004155",371989,2025-06-28 08:39:37,42.6014785766602,-8.87673950195312,"Female"
"9004155",371989,2025-06-28 08:44:41,42.6015357971191,-8.87664985656738,"Female"
"9004155",371989,2025-06-28 08:49:36,42.6015281677246,-8.87665748596191,"Female"
"9004155",371989,2025-06-28 08:54:36,42.6015205383301,-8.87666988372803,"Female"
"9004155",371989,2025-06-28 08:59:36,42.6015281677246,-8.87673759460449,"Female"
"9004155",371989,2025-06-28 09:04:37,42.601619720459,-8.87661743164062,"Female"
"9004155",371989,2025-06-28 09:09:33,42.6015014648438,-8.87663745880127,"Female"
"9004155",371989,2025-06-28 09:14:36,42.6015129089355,-8.87658882141113,"Female"
"9004155",371989,2025-06-28 09:19:36,42.6015434265137,-8.87666130065918,"Female"
"9004155",371989,2025-06-28 09:24:43,42.6015701293945,-8.87668418884277,"Female"
"9004155",371989,2025-06-28 09:29:32,42.6015434265137,-8.8766450881958,"Female"
"9004155",371989,2025-06-28 09:34:32,42.6015357971191,-8.87668800354004,"Female"
"9004155",371989,2025-06-28 09:39:32,42.6015243530273,-8.87673950195312,"Female"
"9004155",371989,2025-06-28 09:44:32,42.6015243530273,-8.87674045562744,"Female"
"9004155",371989,2025-06-28 09:50:05,42.6014709472656,-8.87662696838379,"Female"
"9004155",371989,2025-06-28 09:54:32,42.601505279541,-8.87430477142334,"Female"
"9004155",371989,2025-06-28 09:59:33,42.6015014648438,-8.87424659729004,"Female"
"9004155",371989,2025-06-28 10:04:32,42.6015396118164,-8.87427139282227,"Female"
"9004155",371989,2025-06-28 10:09:32,42.6015129089355,-8.8741979598999,"Female"
"9004155",371989,2025-06-28 10:14:36,42.6015472412109,-8.8742790222168,"Female"
"9004155",371989,2025-06-28 10:19:32,42.601505279541,-8.87423896789551,"Female"
"9004155",371989,2025-06-28 10:24:32,42.6015586853027,-8.87424564361572,"Female"
"9004155",371989,2025-06-28 10:29:32,42.6015319824219,-8.87423324584961,"Female"
"9004155",371989,2025-06-28 10:34:54,42.6033592224121,-8.84026050567627,"Female"
"9004155",371989,2025-06-28 10:39:52,42.6035270690918,-8.83949947357178,"Female"
"9004155",371989,2025-06-28 10:44:49,42.6071662902832,-8.82068061828613,"Female"
"9004155",371989,2025-06-28 10:49:49,42.6084136962891,-8.81574630737305,"Female"
"9004155",371989,2025-06-28 10:54:49,42.6085319519043,-8.8157844543457,"Female"
"9004155",371989,2025-06-28 10:59:49,42.6085548400879,-8.81579303741455,"Female"
"9004155",371989,2025-06-28 11:05:13,42.6084251403809,-8.81543731689453,"Female"
"9004155",371989,2025-06-28 11:10:08,42.6093292236328,-8.81514358520508,"Female"
"9004155",371989,2025-06-28 11:15:11,42.6091842651367,-8.81473159790039,"Female"
"9004155",371989,2025-06-28 11:20:11,42.6096115112305,-8.81484127044678,"Female"
"9004155",371989,2025-06-28 11:25:12,42.6099090576172,-8.81511402130127,"Female"
"9004155",371989,2025-06-28 11:30:12,42.6098976135254,-8.81512546539307,"Female"
"9004155",371989,2025-06-28 11:35:08,42.6102294921875,-8.81543445587158,"Female"
"9004155",371989,2025-06-28 11:40:08,42.6107292175293,-8.81592178344727,"Female"
"9004155",371989,2025-06-28 11:45:08,42.611083984375,-8.81633853912354,"Female"
"9004155",371989,2025-06-28 11:50:09,42.6094169616699,-8.81472110748291,"Female"
"9004155",371989,2025-06-28 11:55:08,42.6093597412109,-8.81464004516602,"Female"
"9004155",371989,2025-06-28 12:00:35,42.6094512939453,-8.8146858215332,"Female"
"9004155",371989,2025-06-28 12:05:07,42.6094932556152,-8.81468486785889,"Female"
"9004155",371989,2025-06-28 12:10:07,42.6094932556152,-8.81471252441406,"Female"
"9004155",371989,2025-06-28 12:15:07,42.6095199584961,-8.81472301483154,"Female"
"9004155",371989,2025-06-28 12:20:08,42.6095809936523,-8.81470489501953,"Female"
"9004155",371989,2025-06-28 12:25:07,42.6095314025879,-8.8147497177124,"Female"
"9004155",371989,2025-06-28 12:30:07,42.609546661377,-8.81474304199219,"Female"
"9004155",371989,2025-06-28 12:35:09,42.6094207763672,-8.81504344940186,"Female"
"9004155",371989,2025-06-28 12:40:33,42.609260559082,-8.81494235992432,"Female"
"9004155",371989,2025-06-28 12:46:05,42.6089668273926,-8.81500816345215,"Female"
"9004155",371989,2025-06-28 12:51:09,42.6101303100586,-8.81528663635254,"Female"
"9004155",371989,2025-06-28 12:56:07,42.6102066040039,-8.81604194641113,"Female"
"9004155",371989,2025-06-28 13:01:04,42.6103019714355,-8.81595897674561,"Female"
"9004155",371989,2025-06-28 13:06:04,42.6102638244629,-8.81596946716309,"Female"
"9004155",371989,2025-06-28 13:11:04,42.6102905273438,-8.81595993041992,"Female"
"9004155",371989,2025-06-28 13:16:04,42.6103057861328,-8.81593608856201,"Female"
"9004155",371989,2025-06-28 13:21:04,42.6103172302246,-8.81595230102539,"Female"
"9004155",371989,2025-06-28 13:26:04,42.610294342041,-8.81590270996094,"Female"
"9004155",371989,2025-06-28 13:31:06,42.6102676391602,-8.81589317321777,"Female"
"9004155",371989,2025-06-28 13:36:04,42.610294342041,-8.81592655181885,"Female"
"9004155",371989,2025-06-28 13:41:04,42.610279083252,-8.81593704223633,"Female"
"9004155",371989,2025-06-28 13:46:04,42.6103057861328,-8.81601524353027,"Female"
"9004155",371989,2025-06-28 13:51:04,42.610237121582,-8.81588268280029,"Female"
"9004155",371989,2025-06-28 13:56:04,42.6103286743164,-8.81595039367676,"Female"
"9004155",371989,2025-06-28 14:01:14,42.6102561950684,-8.81590843200684,"Female"
"9004155",371989,2025-06-28 14:06:04,42.6103286743164,-8.81594085693359,"Female"
"9004155",371989,2025-06-28 14:11:07,42.6103477478027,-8.81597328186035,"Female"
"9004155",371989,2025-06-28 14:16:04,42.6103439331055,-8.81594562530518,"Female"
"9004155",371989,2025-06-28 14:21:04,42.6103057861328,-8.81597423553467,"Female"
"9004155",371989,2025-06-28 14:26:09,42.6103134155273,-8.81596374511719,"Female"
"9004155",371989,2025-06-28 14:31:14,42.6103210449219,-8.8159236907959,"Female"
"9004155",371989,2025-06-28 14:36:04,42.6103286743164,-8.81590270996094,"Female"
"9004155",371989,2025-06-28 14:41:06,42.6104049682617,-8.81599903106689,"Female"
"9004155",371989,2025-06-28 14:46:04,42.6102180480957,-8.81586170196533,"Female"
"9004155",371989,2025-06-28 14:51:04,42.610294342041,-8.81589508056641,"Female"
"9004155",371989,2025-06-28 14:56:04,42.6103782653809,-8.81598567962646,"Female"
"9004155",371989,2025-06-28 15:01:06,42.6103324890137,-8.81598377227783,"Female"
"9004155",371989,2025-06-28 15:06:04,42.6103019714355,-8.8159065246582,"Female"
"9004155",371989,2025-06-28 15:11:04,42.6103134155273,-8.81595993041992,"Female"
"9004155",371989,2025-06-28 15:16:14,42.6103210449219,-8.81596279144287,"Female"
"9004155",371989,2025-06-28 15:21:04,42.6103439331055,-8.81594753265381,"Female"
"9004155",371989,2025-06-28 15:26:04,42.6103210449219,-8.81596374511719,"Female"
"9004155",371989,2025-06-28 15:31:04,42.6103477478027,-8.81598854064941,"Female"
"9004155",371989,2025-06-28 15:36:04,42.6103134155273,-8.81596088409424,"Female"
"9004155",371989,2025-06-28 15:41:04,42.6103057861328,-8.81597995758057,"Female"
"9004155",371989,2025-06-28 15:46:35,42.6103019714355,-8.81594181060791,"Female"
"9004155",371989,2025-06-28 15:51:13,42.6103668212891,-8.81611156463623,"Female"
"9004155",371989,2025-06-28 15:56:57,42.6099166870117,-8.81611919403076,"Female"
"9004155",371989,2025-06-28 16:01:59,42.6098823547363,-8.81589221954346,"Female"
"9004155",371989,2025-06-28 16:07:01,42.6101188659668,-8.81613159179688,"Female"
"9004155",371989,2025-06-28 16:12:01,42.6102600097656,-8.81595230102539,"Female"
"9004155",371989,2025-06-28 16:17:00,42.6102981567383,-8.81590557098389,"Female"
"9004155",371989,2025-06-28 16:22:01,42.6103477478027,-8.815993309021,"Female"
"9004155",371989,2025-06-28 16:27:00,42.6104202270508,-8.81585121154785,"Female"
"9004155",371989,2025-06-28 16:31:59,42.6102256774902,-8.81601810455322,"Female"
"9004155",371989,2025-06-28 16:36:59,42.6102027893066,-8.81597518920898,"Female"
"9004155",371989,2025-06-28 16:41:59,42.6102752685547,-8.81600856781006,"Female"
"9004155",371989,2025-06-28 16:46:59,42.6103057861328,-8.81604290008545,"Female"
"9004155",371989,2025-06-28 16:51:59,42.610050201416,-8.81664371490479,"Female"
"9004155",371989,2025-06-28 16:57:02,42.6092834472656,-8.81776428222656,"Female"
"9004155",371989,2025-06-28 17:02:11,42.6080627441406,-8.81863975524902,"Female"
"9004155",371989,2025-06-28 17:07:06,42.6081619262695,-8.81879234313965,"Female"
"9004155",371989,2025-06-28 17:12:21,42.6078147888184,-8.81856155395508,"Female"
"9004155",371989,2025-06-28 17:17:18,42.607006072998,-8.8198356628418,"Female"
"9004155",371989,2025-06-28 17:22:17,42.6066741943359,-8.82050228118896,"Female"
"9004155",371989,2025-06-28 17:27:17,42.6065864562988,-8.82042980194092,"Female"
"9004155",371989,2025-06-28 17:32:17,42.6067428588867,-8.82041549682617,"Female"
"9004155",371989,2025-06-28 17:37:44,42.6064262390137,-8.82119178771973,"Female"
"9004155",371989,2025-06-28 17:42:17,42.6066856384277,-8.82255935668945,"Female"
"9004155",371989,2025-06-28 17:47:24,42.605411529541,-8.82435607910156,"Female"
"9004155",371989,2025-06-28 17:52:24,42.6054000854492,-8.82436561584473,"Female"
"9004155",371989,2025-06-28 17:57:22,42.6053695678711,-8.82437419891357,"Female"
"9004155",371989,2025-06-28 18:02:21,42.6055374145508,-8.82455348968506,"Female"
"9004155",371989,2025-06-28 18:07:30,42.6053009033203,-8.82426738739014,"Female"
"9004155",371989,2025-06-28 18:12:19,42.6054267883301,-8.82443523406982,"Female"
"9004155",371989,2025-06-28 18:17:24,42.6049652099609,-8.82443332672119,"Female"
"9004155",371989,2025-06-28 18:22:20,42.6042518615723,-8.85700607299805,"Female"
"9004155",371989,2025-06-28 18:27:19,42.6014785766602,-8.8767671585083,"Female"
"9004155",371989,2025-06-28 18:32:44,42.6014022827148,-8.87664604187012,"Female"
"9004155",371989,2025-06-28 18:37:17,42.6012573242188,-8.87653350830078,"Female"
"9004155",371989,2025-06-28 18:42:18,42.6013793945312,-8.87661170959473,"Female"
"9004155",371989,2025-06-28 18:47:25,42.6014175415039,-8.87666511535645,"Female"
"9004155",371989,2025-06-28 18:52:18,42.6013526916504,-8.87658500671387,"Female"
"9004155",371989,2025-06-28 18:57:20,42.6014060974121,-8.87661933898926,"Female"
"9004155",371989,2025-06-28 19:02:17,42.601448059082,-8.87656879425049,"Female"
"9004155",371989,2025-06-28 19:07:20,42.6014213562012,-8.87677955627441,"Female"
"9004155",371989,2025-06-28 19:12:22,42.6010704040527,-8.87643527984619,"Female"
"9004155",371989,2025-06-28 19:17:34,42.6014289855957,-8.87663650512695,"Female"
"9004155",371989,2025-06-28 19:22:18,42.6014785766602,-8.87668800354004,"Female"
"9004155",371989,2025-06-28 19:27:23,42.6012306213379,-8.87653064727783,"Female"
"9004155",371989,2025-06-28 19:32:44,42.6013641357422,-8.8766975402832,"Female"
"9004155",371989,2025-06-28 19:37:17,42.6011962890625,-8.87675666809082,"Female"
"9004155",371989,2025-06-28 19:42:21,42.6011962890625,-8.87675762176514,"Female"
"9004155",371989,2025-06-28 19:47:19,42.6012878417969,-8.87626075744629,"Female"
"9004155",371989,2025-06-28 19:52:23,42.6011734008789,-8.87652778625488,"Female"
"9004155",371989,2025-06-28 19:57:37,42.600830078125,-8.87663650512695,"Female"
"9004155",371989,2025-06-28 20:02:53,42.6014175415039,-8.87669372558594,"Female"
"9004155",371989,2025-06-28 20:07:17,42.6014747619629,-8.87667179107666,"Female"
"9004155",371989,2025-06-28 20:12:17,42.6014137268066,-8.87667083740234,"Female"
"9004155",371989,2025-06-28 20:17:17,42.6014747619629,-8.87662410736084,"Female"
"9004155",371989,2025-06-28 20:22:17,42.6014633178711,-8.87668228149414,"Female"
"9004155",371989,2025-06-28 20:27:17,42.6014060974121,-8.87662315368652,"Female"
"9004155",371989,2025-06-28 20:32:17,42.6014137268066,-8.87660121917725,"Female"
"9004155",371989,2025-06-28 20:37:17,42.6014175415039,-8.87668323516846,"Female"
"9004155",371989,2025-06-28 20:42:17,42.601390838623,-8.87673568725586,"Female"
"9004155",371989,2025-06-28 20:47:17,42.601448059082,-8.87663269042969,"Female"
"9004155",371989,2025-06-28 20:52:17,42.6013984680176,-8.87669563293457,"Female"
"9004155",371989,2025-06-28 20:57:17,42.6014442443848,-8.87670135498047,"Female"
"9004155",371989,2025-06-28 21:02:17,42.601432800293,-8.87666988372803,"Female"
"9004155",371989,2025-06-28 21:07:17,42.6014595031738,-8.87667655944824,"Female"
"9004155",371989,2025-06-28 21:12:17,42.6014251708984,-8.87666606903076,"Female"
"9004155",371989,2025-06-28 21:17:17,42.6014709472656,-8.8767147064209,"Female"
"9004155",371989,2025-06-28 21:22:17,42.6014747619629,-8.87670421600342,"Female"
"9004155",371989,2025-06-28 21:27:17,42.6014137268066,-8.87668323516846,"Female"
"9004155",371989,2025-06-28 21:32:17,42.6014709472656,-8.87668800354004,"Female"
"9004155",371989,2025-06-28 21:37:17,42.6013946533203,-8.87655925750732,"Female"
"9004155",371989,2025-06-28 21:42:18,42.6014862060547,-8.87667846679688,"Female"
"9004155",371989,2025-06-28 21:47:17,42.6014976501465,-8.87686252593994,"Female"
"9004155",371989,2025-06-28 21:52:17,42.6013946533203,-8.87654781341553,"Female"
"9004155",371989,2025-06-28 21:57:30,42.6014289855957,-8.87663078308105,"Female"
"9004155",371989,2025-06-28 22:02:17,42.6014213562012,-8.87659931182861,"Female"
"9004155",371989,2025-06-28 22:07:17,42.6014289855957,-8.87658977508545,"Female"
"9004155",371989,2025-06-28 22:12:17,42.6014060974121,-8.87663459777832,"Female"
"9004155",371989,2025-06-28 22:17:18,42.6014709472656,-8.87671566009521,"Female"
"9004155",371989,2025-06-28 22:22:17,42.6013984680176,-8.87655735015869,"Female"
"9004155",371989,2025-06-28 22:27:21,42.6014556884766,-8.8764476776123,"Female"
"9004155",371989,2025-06-28 22:32:30,42.601375579834,-8.87685775756836,"Female"
"9004155",371989,2025-06-28 22:37:20,42.6013565063477,-8.87698650360107,"Female"
"9004155",371989,2025-06-28 22:42:20,42.601390838623,-8.87699031829834,"Female"
"9004155",371989,2025-06-28 22:47:25,42.601390838623,-8.8773307800293,"Female"
"9004155",371989,2025-06-28 22:52:44,42.6013870239258,-8.87662696838379,"Female"
"9004155",371989,2025-06-28 22:57:18,42.6013603210449,-8.87653732299805,"Female"
"9004155",371989,2025-06-28 23:02:18,42.601318359375,-8.87646484375,"Female"
"9004155",371989,2025-06-28 23:07:18,42.6013641357422,-8.87672996520996,"Female"
"9004155",371989,2025-06-28 23:12:18,42.6016006469727,-8.87718868255615,"Female"
"9004155",371989,2025-06-28 23:17:19,42.6015892028809,-8.87726593017578,"Female"
"9004155",371989,2025-06-28 23:22:23,42.6015701293945,-8.87727546691895,"Female"
"9004155",371989,2025-06-28 23:27:23,42.6017303466797,-8.87801742553711,"Female"
"9004155",371989,2025-06-28 23:32:23,42.6009712219238,-8.87553405761719,"Female"
"9004155",371989,2025-06-28 23:37:23,42.6015205383301,-8.87700080871582,"Female"
"9004155",371989,2025-06-28 23:42:24,42.6011581420898,-8.87607002258301,"Female"
"9004155",371989,2025-06-28 23:47:45,42.6012954711914,-8.87666606903076,"Female"
"9004155",371989,2025-06-28 23:52:30,42.6012306213379,-8.87664699554443,"Female"
"9004155",371989,2025-06-28 23:57:17,42.6012001037598,-8.87648105621338,"Female"
"9004155",371989,2025-06-29 00:02:30,42.601188659668,-8.87660598754883,"Female"
"9004155",371989,2025-06-29 00:07:30,42.6011238098145,-8.87657165527344,"Female"
"9004155",371989,2025-06-29 00:12:25,42.6011505126953,-8.87654399871826,"Female"
"9004155",371989,2025-06-29 00:17:20,42.6010131835938,-8.87625408172607,"Female"
"9004155",371989,2025-06-29 00:22:40,42.6011238098145,-8.8765172958374,"Female"
"9004155",371989,2025-06-29 00:27:17,42.6007347106934,-8.87570571899414,"Female"
"9004155",371989,2025-06-29 00:32:17,42.6011810302734,-8.87635707855225,"Female"
"9004155",371989,2025-06-29 00:37:20,42.6003379821777,-8.8753662109375,"Female"
"9004155",371989,2025-06-29 00:42:20,42.6012115478516,-8.87637710571289,"Female"
"9004155",371989,2025-06-29 00:47:45,42.6015243530273,-8.87654113769531,"Female"
"9004155",371989,2025-06-29 00:52:23,42.602668762207,-8.87752723693848,"Female"
"9004155",371989,2025-06-29 00:57:30,42.6015357971191,-8.87649822235107,"Female"
"9004155",371989,2025-06-29 01:02:17,42.6017837524414,-8.87675857543945,"Female"
"9004155",371989,2025-06-29 01:07:30,42.6014442443848,-8.87655258178711,"Female"
"9004155",371989,2025-06-29 01:12:21,42.6018829345703,-8.87697601318359,"Female"
"9004155",371989,2025-06-29 01:17:19,42.6016426086426,-8.87661457061768,"Female"
"9004155",371989,2025-06-29 01:22:20,42.6012191772461,-8.87642097473145,"Female"
"9004155",371989,2025-06-29 01:27:21,42.6013069152832,-8.87646579742432,"Female"
"9004155",371989,2025-06-29 01:32:45,42.6014213562012,-8.87659454345703,"Female"
"9004155",371989,2025-06-29 01:37:17,42.6013641357422,-8.87667751312256,"Female"
"9004155",371989,2025-06-29 01:42:18,42.6014289855957,-8.87665462493896,"Female"
"9004155",371989,2025-06-29 01:47:20,42.6012229919434,-8.87652111053467,"Female"
"9004155",371989,2025-06-29 01:52:17,42.6012496948242,-8.87672233581543,"Female"
"9004155",371989,2025-06-29 01:57:18,42.601131439209,-8.87685585021973,"Female"
"9004155",371989,2025-06-29 02:02:20,42.601203918457,-8.87683200836182,"Female"
"9004155",371989,2025-06-29 02:07:22,42.6008834838867,-8.87710571289062,"Female"
"9004155",371989,2025-06-29 02:12:22,42.6013984680176,-8.87668418884277,"Female"
"9004155",371989,2025-06-29 02:17:31,42.6015090942383,-8.87660789489746,"Female"
"9004155",371989,2025-06-29 02:22:24,42.5998954772949,-8.87734222412109,"Female"
"9004155",371989,2025-06-29 02:27:35,42.6009902954102,-8.87679004669189,"Female"
"9004155",371989,2025-06-29 02:32:45,42.601676940918,-8.87678718566895,"Female"
"9004155",371989,2025-06-29 02:37:20,42.6015777587891,-8.87677097320557,"Female"
"9004155",371989,2025-06-29 02:42:30,42.6014251708984,-8.87652111053467,"Female"
"9004155",371989,2025-06-29 02:47:32,42.6014671325684,-8.87656784057617,"Female"
"9004155",371989,2025-06-29 02:52:30,42.6014175415039,-8.87646579742432,"Female"
"9004155",371989,2025-06-29 02:57:20,42.6008758544922,-8.87647151947021,"Female"
"9004155",371989,2025-06-29 03:02:22,42.6012344360352,-8.87660121917725,"Female"
"9004155",371989,2025-06-29 03:07:30,42.6015586853027,-8.87663078308105,"Female"
"9004155",371989,2025-06-29 03:12:17,42.6016120910645,-8.87661552429199,"Female"
"9004155",371989,2025-06-29 03:17:20,42.6014175415039,-8.87655448913574,"Female"
"9004155",371989,2025-06-29 03:22:31,42.601490020752,-8.87660503387451,"Female"
"9004155",371989,2025-06-29 03:27:23,42.6014862060547,-8.87660026550293,"Female"
"9004155",371989,2025-06-29 03:32:45,42.6014785766602,-8.87664985656738,"Female"
"9004155",371989,2025-06-29 03:37:17,42.6014862060547,-8.87664890289307,"Female"
"9004155",371989,2025-06-29 03:42:24,42.6015930175781,-8.87675952911377,"Female"
"9004155",371989,2025-06-29 03:47:20,42.6015129089355,-8.87660026550293,"Female"
"9004155",371989,2025-06-29 03:52:20,42.6014366149902,-8.87671089172363,"Female"
"9004155",371989,2025-06-29 03:57:30,42.6014785766602,-8.87663555145264,"Female"
"9004155",371989,2025-06-29 04:02:24,42.6014442443848,-8.87664985656738,"Female"
"9004155",371989,2025-06-29 04:07:25,42.6014747619629,-8.87664031982422,"Female"
"9004155",371989,2025-06-29 04:12:25,42.6014709472656,-8.87669944763184,"Female"
"9004155",371989,2025-06-29 04:17:51,42.601490020752,-8.87666416168213,"Female"
"9004155",371989,2025-06-29 04:22:17,42.6013984680176,-8.87662315368652,"Female"
"9004155",371989,2025-06-29 04:27:17,42.6014022827148,-8.87660884857178,"Female"
"9004155",371989,2025-06-29 04:32:17,42.6014213562012,-8.87662124633789,"Female"
"9004155",371989,2025-06-29 04:37:17,42.601390838623,-8.87665939331055,"Female"
"9004155",371989,2025-06-29 04:42:17,42.6014137268066,-8.87659072875977,"Female"
"9004155",371989,2025-06-29 04:47:17,42.6013793945312,-8.87661647796631,"Female"
"9004155",371989,2025-06-29 04:52:17,42.6013984680176,-8.87664604187012,"Female"
"9004155",371989,2025-06-29 04:57:17,42.6013946533203,-8.87663745880127,"Female"
"9004155",371989,2025-06-29 05:02:17,42.6013793945312,-8.87669086456299,"Female"
"9004155",371989,2025-06-29 05:07:17,42.6013946533203,-8.87660789489746,"Female"
"9004155",371989,2025-06-29 05:12:17,42.6014099121094,-8.87662220001221,"Female"
"9004155",371989,2025-06-29 05:17:17,42.601375579834,-8.87664318084717,"Female"
"9004155",371989,2025-06-29 05:22:30,42.6015129089355,-8.87660694122314,"Female"
"9004155",371989,2025-06-29 05:27:18,42.6013946533203,-8.87659740447998,"Female"
"9004155",371989,2025-06-29 05:32:18,42.601432800293,-8.87675094604492,"Female"
"9004155",371989,2025-06-29 05:37:17,42.6013832092285,-8.87655544281006,"Female"
"9004155",371989,2025-06-29 05:42:17,42.6015243530273,-8.87676048278809,"Female"
"9004155",371989,2025-06-29 05:47:18,42.6015396118164,-8.87681579589844,"Female"
"9004155",371989,2025-06-29 05:52:21,42.6006927490234,-8.87547588348389,"Female"
"9004155",371989,2025-06-29 05:57:31,42.6014823913574,-8.87669658660889,"Female"
"9004155",371989,2025-06-29 06:02:18,42.6014060974121,-8.87661457061768,"Female"
"9004155",371989,2025-06-29 06:07:18,42.6016426086426,-8.87701988220215,"Female"
"9004155",371989,2025-06-29 06:12:21,42.6016006469727,-8.87691879272461,"Female"
"9004155",371989,2025-06-29 06:17:20,42.6014862060547,-8.87688541412354,"Female"
"9004155",371989,2025-06-29 06:22:21,42.6015243530273,-8.87685966491699,"Female"
"9004155",371989,2025-06-29 06:27:45,42.6014633178711,-8.87671566009521,"Female"
"9004155",371989,2025-06-29 06:32:18,42.6014709472656,-8.87677764892578,"Female"
"9004155",371989,2025-06-29 06:37:17,42.6014747619629,-8.87670516967773,"Female"
"9004155",371989,2025-06-29 06:42:17,42.6015014648438,-8.87681007385254,"Female"
"9004155",371989,2025-06-29 06:47:44,42.6014633178711,-8.87669277191162,"Female"
"9004155",371989,2025-06-29 06:52:17,42.601448059082,-8.87667846679688,"Female"
"9004155",371989,2025-06-29 06:57:23,42.6014671325684,-8.87662220001221,"Female"
"9004155",371989,2025-06-29 07:02:22,42.601432800293,-8.87651824951172,"Female"
"9004155",371989,2025-06-29 07:07:19,42.6016006469727,-8.87758827209473,"Female"
"9004155",371989,2025-06-29 07:12:19,42.6015014648438,-8.87695503234863,"Female"
"9004155",371989,2025-06-29 07:17:19,42.6015701293945,-8.87710952758789,"Female"
"9004155",371989,2025-06-29 07:22:19,42.6015014648438,-8.87705707550049,"Female"
"9004155",371989,2025-06-29 07:27:19,42.601619720459,-8.87743473052979,"Female"
"9004155",371989,2025-06-29 07:32:45,42.6014862060547,-8.87672138214111,"Female"
"9004155",371989,2025-06-29 07:37:18,42.6015014648438,-8.87671661376953,"Female"
"9004155",371989,2025-06-29 07:42:21,42.6012420654297,-8.87585258483887,"Female"
"9004155",371989,2025-06-29 07:47:44,42.6015129089355,-8.87680149078369,"Female"
"9004155",371989,2025-06-29 07:52:17,42.6014823913574,-8.87680339813232,"Female"
"9004155",371989,2025-06-29 07:57:17,42.6015014648438,-8.87670803070068,"Female"
"9004155",371989,2025-06-29 08:02:20,42.6014938354492,-8.87680244445801,"Female"
"9004155",371989,2025-06-29 08:07:22,42.5994682312012,-8.87297534942627,"Female"
"9004155",371989,2025-06-29 08:12:36,42.601390838623,-8.87679386138916,"Female"
"9004155",371989,2025-06-29 08:17:25,42.6016044616699,-8.87672233581543,"Female"
"9004155",371989,2025-06-29 08:22:22,42.6015777587891,-8.87680435180664,"Female"
"9004155",371989,2025-06-29 08:27:29,42.6014595031738,-8.87627410888672,"Female"
"9004155",371989,2025-06-29 08:32:45,42.6014289855957,-8.87667560577393,"Female"
"9004155",371989,2025-06-29 08:37:17,42.601390838623,-8.87646770477295,"Female"
"9004155",371989,2025-06-29 08:42:21,42.6017456054688,-8.87695407867432,"Female"
"9004155",371989,2025-06-29 08:47:21,42.6017799377441,-8.87707233428955,"Female"
"9004155",371989,2025-06-29 08:52:23,42.601879119873,-8.8773365020752,"Female"
"9004155",371989,2025-06-29 08:57:21,42.6016082763672,-8.87690353393555,"Female"
"9004155",371989,2025-06-29 09:02:20,42.6018867492676,-8.87722873687744,"Female"
"9004155",371989,2025-06-29 09:07:25,42.6014442443848,-8.87649631500244,"Female"
"9004155",371989,2025-06-29 09:12:22,42.6013717651367,-8.87647724151611,"Female"
"9004155",371989,2025-06-29 09:17:30,42.6016693115234,-8.87619209289551,"Female"
"9004155",371989,2025-06-29 09:22:21,42.6018943786621,-8.87665367126465,"Female"
"9004155",371989,2025-06-29 09:27:25,42.6014938354492,-8.87668800354004,"Female"
"9004155",371989,2025-06-29 09:32:45,42.6015014648438,-8.87667465209961,"Female"
"9004155",371989,2025-06-29 09:37:18,42.601448059082,-8.87677001953125,"Female"
"9004155",371989,2025-06-29 09:42:19,42.6014404296875,-8.87663078308105,"Female"
"9004155",371989,2025-06-29 09:47:18,42.6010055541992,-8.87690544128418,"Female"
"9004155",371989,2025-06-29 09:52:22,42.6014213562012,-8.87666416168213,"Female"
"9004155",371989,2025-06-29 09:57:18,42.6014823913574,-8.87668132781982,"Female"
"9004155",371989,2025-06-29 10:02:21,42.6012496948242,-8.87675762176514,"Female"
"9004155",371989,2025-06-29 10:07:17,42.6014175415039,-8.87672996520996,"Female"
"9004155",371989,2025-06-29 10:12:19,42.6013793945312,-8.8767786026001,"Female"
"9004155",371989,2025-06-29 10:17:17,42.6012763977051,-8.8767614364624,"Female"
"9004155",371989,2025-06-29 10:22:17,42.6012878417969,-8.87667655944824,"Female"
"9004155",371989,2025-06-29 10:27:17,42.6014289855957,-8.87672710418701,"Female"
"9004155",371989,2025-06-29 10:32:45,42.6014251708984,-8.87667369842529,"Female"
"9004155",371989,2025-06-29 10:37:17,42.6013603210449,-8.87667465209961,"Female"
"9004155",371989,2025-06-29 10:42:20,42.6013641357422,-8.87666416168213,"Female"
"9004155",371989,2025-06-29 10:47:21,42.602424621582,-8.85770988464355,"Female"
"9004155",371989,2025-06-29 10:52:17,42.6078758239746,-8.81882572174072,"Female"
"9004155",371989,2025-06-29 10:57:17,42.6078071594238,-8.81876659393311,"Female"
"9004155",371989,2025-06-29 11:02:18,42.6079254150391,-8.81889533996582,"Female"
"9004155",371989,2025-06-29 11:07:45,42.6077537536621,-8.81876087188721,"Female"
"9004155",371989,2025-06-29 11:14:10,42.6086502075195,-8.81798076629639,"Female"
"9004155",371989,2025-06-29 11:20:16,42.6087837219238,-8.81810855865479,"Female"
"9004155",371989,2025-06-29 11:25:09,42.608772277832,-8.81783008575439,"Female"
"9004155",371989,2025-06-29 11:30:35,42.6090240478516,-8.81787586212158,"Female"
"9004155",371989,2025-06-29 11:35:09,42.6090049743652,-8.81790733337402,"Female"
"9004155",371989,2025-06-29 11:40:09,42.6090621948242,-8.81793117523193,"Female"
"9004155",371989,2025-06-29 11:45:09,42.6090049743652,-8.81791400909424,"Female"
"9004155",371989,2025-06-29 11:50:09,42.6090621948242,-8.81791877746582,"Female"
"9004155",371989,2025-06-29 11:55:09,42.609058380127,-8.81790065765381,"Female"
"9004155",371989,2025-06-29 12:00:09,42.6090316772461,-8.81787872314453,"Female"
"9004155",371989,2025-06-29 12:05:20,42.609748840332,-8.81683444976807,"Female"
"9004155",371989,2025-06-29 12:10:21,42.610652923584,-8.81524848937988,"Female"
"9004155",371989,2025-06-29 12:15:20,42.6114273071289,-8.81405448913574,"Female"
"9004155",371989,2025-06-29 12:20:40,42.611888885498,-8.81377983093262,"Female"
"9004155",371989,2025-06-29 12:26:02,42.6124038696289,-8.81338119506836,"Female"
"9004155",371989,2025-06-29 12:31:02,42.6133193969727,-8.81175136566162,"Female"
"9004155",371989,2025-06-29 12:36:10,42.6137084960938,-8.81162929534912,"Female"
"9004155",371989,2025-06-29 12:41:02,42.6131629943848,-8.81247711181641,"Female"
"9004155",371989,2025-06-29 12:46:04,42.6132354736328,-8.81257820129395,"Female"
"9004155",371989,2025-06-29 12:51:01,42.6132926940918,-8.81255149841309,"Female"
"9004155",371989,2025-06-29 12:56:01,42.6133613586426,-8.81251811981201,"Female"
"9004155",371989,2025-06-29 13:01:01,42.6132736206055,-8.8125467300415,"Female"
"9004155",371989,2025-06-29 13:06:01,42.6132507324219,-8.81256675720215,"Female"
"9004155",371989,2025-06-29 13:11:01,42.6132659912109,-8.81250762939453,"Female"
"9004155",371989,2025-06-29 13:16:02,42.613224029541,-8.81247520446777,"Female"
"9004155",371989,2025-06-29 13:21:01,42.6133422851562,-8.8125581741333,"Female"
"9004155",371989,2025-06-29 13:26:01,42.6133193969727,-8.81255626678467,"Female"
"9004155",371989,2025-06-29 13:31:01,42.6133613586426,-8.8126163482666,"Female"
"9004155",371989,2025-06-29 13:36:01,42.6133155822754,-8.81252956390381,"Female"
"9004155",371989,2025-06-29 13:41:02,42.6132888793945,-8.81256103515625,"Female"
"9004155",371989,2025-06-29 13:46:01,42.6133117675781,-8.81258773803711,"Female"
"9004155",371989,2025-06-29 13:51:01,42.613395690918,-8.81261444091797,"Female"
"9004155",371989,2025-06-29 13:56:01,42.6132888793945,-8.81246566772461,"Female"
"9004155",371989,2025-06-29 14:01:01,42.6132774353027,-8.81252670288086,"Female"
"9004155",371989,2025-06-29 14:06:01,42.6133117675781,-8.8124828338623,"Female"
"9004155",371989,2025-06-29 14:11:14,42.6134262084961,-8.81258773803711,"Female"
"9004155",371989,2025-06-29 14:16:01,42.613395690918,-8.81266212463379,"Female"
"9004155",371989,2025-06-29 14:21:02,42.6134757995605,-8.81267166137695,"Female"
"9004155",371989,2025-06-29 14:26:01,42.6135101318359,-8.81260776519775,"Female"
"9004155",371989,2025-06-29 14:31:01,42.6134147644043,-8.81260204315186,"Female"
"9004155",371989,2025-06-29 14:36:04,42.6136093139648,-8.81281185150146,"Female"
"9004155",371989,2025-06-29 14:41:23,42.6133270263672,-8.81277656555176,"Female"
"9004155",371989,2025-06-29 14:50:05,42.6132202148438,-8.81319522857666,"Female"
"9004155",371989,2025-06-29 14:55:01,42.6132316589355,-8.81319522857666,"Female"
"9004155",371989,2025-06-29 15:00:05,42.6137619018555,-8.81472301483154,"Female"
"9004155",371989,2025-06-29 15:05:01,42.6132392883301,-8.81455135345459,"Female"
"9004155",371989,2025-06-29 15:10:01,42.6133728027344,-8.81460666656494,"Female"
"9004155",371989,2025-06-29 15:15:09,42.6130638122559,-8.81450271606445,"Female"
"9004155",371989,2025-06-29 15:20:02,42.6131134033203,-8.81448268890381,"Female"
"9004155",371989,2025-06-29 15:25:09,42.6131401062012,-8.814453125,"Female"
"9004155",371989,2025-06-29 15:30:02,42.613395690918,-8.81466865539551,"Female"
"9004155",371989,2025-06-29 15:35:09,42.6131134033203,-8.81451225280762,"Female"
"9004155",371989,2025-06-29 15:40:03,42.6132278442383,-8.8145694732666,"Female"
"9004155",371989,2025-06-29 15:45:09,42.6130981445312,-8.81451225280762,"Female"
"9004155",371989,2025-06-29 15:50:06,42.613166809082,-8.8145751953125,"Female"
"9004155",371989,2025-06-29 15:55:09,42.6130714416504,-8.81457805633545,"Female"
"9004155",371989,2025-06-29 16:00:15,42.6131591796875,-8.81437969207764,"Female"
"9004155",371989,2025-06-29 16:05:00,42.6131553649902,-8.81438827514648,"Female"
"9004155",371989,2025-06-29 16:10:00,42.6130981445312,-8.81431484222412,"Female"
"9004155",371989,2025-06-29 16:15:00,42.6131134033203,-8.81433773040771,"Female"
"9004155",371989,2025-06-29 16:20:00,42.6131324768066,-8.81448459625244,"Female"
"9004155",371989,2025-06-29 16:25:01,42.6131744384766,-8.81433868408203,"Female"
"9004155",371989,2025-06-29 16:30:00,42.613109588623,-8.81437206268311,"Female"
"9004155",371989,2025-06-29 16:35:00,42.6130905151367,-8.81439971923828,"Female"
"9004155",371989,2025-06-29 16:40:00,42.613151550293,-8.81440925598145,"Female"
"9004155",371989,2025-06-29 16:45:10,42.6131248474121,-8.81440925598145,"Female"
"9004155",371989,2025-06-29 16:50:06,42.6131591796875,-8.81445217132568,"Female"
"9004155",371989,2025-06-29 16:55:03,42.6132164001465,-8.81424617767334,"Female"
"9004155",371989,2025-06-29 17:00:01,42.6131706237793,-8.81437969207764,"Female"
"9004155",371989,2025-06-29 17:05:01,42.6131172180176,-8.81435966491699,"Female"
"9004155",371989,2025-06-29 17:10:01,42.613224029541,-8.81438159942627,"Female"
"9004155",371989,2025-06-29 17:15:00,42.6132125854492,-8.81444931030273,"Female"
"9004155",371989,2025-06-29 17:20:00,42.6130294799805,-8.81495094299316,"Female"
"9004155",371989,2025-06-29 17:25:04,42.6129722595215,-8.81738376617432,"Female"
"9004155",371989,2025-06-29 17:30:15,42.61279296875,-8.8173131942749,"Female"
"9004155",371989,2025-06-29 17:35:00,42.6128730773926,-8.8174524307251,"Female"
"9004155",371989,2025-06-29 17:40:00,42.612922668457,-8.8171911239624,"Female"
"9004155",371989,2025-06-29 17:45:03,42.6127166748047,-8.81747055053711,"Female"
"9004155",371989,2025-06-29 17:50:00,42.6126556396484,-8.81749057769775,"Female"
"9004155",371989,2025-06-29 17:55:03,42.6084022521973,-8.84560966491699,"Female"
"9004155",371989,2025-06-29 18:00:06,42.601936340332,-8.87293910980225,"Female"
"9004155",371989,2025-06-29 18:05:00,42.6014556884766,-8.87437057495117,"Female"
"9004155",371989,2025-06-29 18:10:00,42.6013526916504,-8.8766508102417,"Female"
"9004155",371989,2025-06-29 18:15:15,42.6015396118164,-8.87662696838379,"Female"
"9004155",371989,2025-06-29 18:20:00,42.6012840270996,-8.87667751312256,"Female"
"9004155",371989,2025-06-29 18:25:01,42.600715637207,-8.87697124481201,"Female"
"9004155",371989,2025-06-29 18:30:01,42.6010780334473,-8.87689113616943,"Female"
"9004155",371989,2025-06-29 18:35:01,42.6018753051758,-8.87670612335205,"Female"
"9004155",371989,2025-06-29 18:40:09,42.6012992858887,-8.87679290771484,"Female"
"9004155",371989,2025-06-29 18:45:14,42.6005401611328,-8.87683868408203,"Female"
"9004155",371989,2025-06-29 18:50:21,42.6004600524902,-8.87672233581543,"Female"
"9004155",371989,2025-06-29 18:55:08,42.6011772155762,-8.87703990936279,"Female"
"9004155",371989,2025-06-29 19:00:35,42.6014938354492,-8.87668991088867,"Female"
"9004155",371989,2025-06-29 19:05:01,42.601432800293,-8.87681579589844,"Female"
"9004155",371989,2025-06-29 19:10:01,42.6014289855957,-8.87671089172363,"Female"
"9004155",371989,2025-06-29 19:15:01,42.6014175415039,-8.87677669525146,"Female"
"9004155",371989,2025-06-29 19:20:01,42.6013832092285,-8.87674999237061,"Female"
"9004155",371989,2025-06-29 19:25:01,42.6014022827148,-8.8767557144165,"Female"
"9004155",371989,2025-06-29 19:30:01,42.6014175415039,-8.8767728805542,"Female"
"9004155",371989,2025-06-29 19:35:01,42.6013793945312,-8.87674427032471,"Female"
"9004155",371989,2025-06-29 19:40:01,42.601390838623,-8.87674140930176,"Female"
"9004155",371989,2025-06-29 19:45:01,42.6014099121094,-8.87676048278809,"Female"
"9004155",371989,2025-06-29 19:50:01,42.601390838623,-8.87678527832031,"Female"
"9004155",371989,2025-06-29 19:55:01,42.601390838623,-8.87674045562744,"Female"
"9004155",371989,2025-06-29 20:00:01,42.6013641357422,-8.87672519683838,"Female"
"9004155",371989,2025-06-29 20:05:01,42.6013526916504,-8.87666797637939,"Female"
"9004155",371989,2025-06-29 20:10:01,42.6013641357422,-8.87666130065918,"Female"
"9004155",371989,2025-06-29 20:15:08,42.6013603210449,-8.87669944763184,"Female"
"9004155",371989,2025-06-29 20:20:02,42.6013793945312,-8.87666034698486,"Female"
"9004155",371989,2025-06-29 20:25:14,42.6013717651367,-8.87670421600342,"Female"
"9004155",371989,2025-06-29 20:30:01,42.6014823913574,-8.87659549713135,"Female"
"9004155",371989,2025-06-29 20:35:01,42.6014671325684,-8.87656784057617,"Female"
"9004155",371989,2025-06-29 20:40:01,42.6014556884766,-8.87655544281006,"Female"
"9004155",371989,2025-06-29 20:45:10,42.6014213562012,-8.87651062011719,"Female"
"9004155",371989,2025-06-29 20:50:35,42.6014060974121,-8.87657833099365,"Female"
"9004155",371989,2025-06-29 20:55:01,42.6014404296875,-8.87667465209961,"Female"
"9004155",371989,2025-06-29 21:00:02,42.6015625,-8.87686157226562,"Female"
"9004155",371989,2025-06-29 21:05:04,42.601448059082,-8.87664699554443,"Female"
"9004155",371989,2025-06-29 21:10:00,42.6014175415039,-8.87661266326904,"Female"
"9004155",371989,2025-06-29 21:15:04,42.6013336181641,-8.87654972076416,"Female"
"9004155",371989,2025-06-29 21:20:01,42.6013259887695,-8.87652206420898,"Female"
"9004155",371989,2025-06-29 21:25:01,42.6014213562012,-8.87660217285156,"Female"
"9004155",371989,2025-06-29 21:30:02,42.6014823913574,-8.87676525115967,"Female"
"9004155",371989,2025-06-29 21:35:03,42.6014556884766,-8.87653160095215,"Female"
"9004155",371989,2025-06-29 21:40:02,42.6014213562012,-8.87668418884277,"Female"
"9004155",371989,2025-06-29 21:45:00,42.601448059082,-8.87660217285156,"Female"
"9004155",371989,2025-06-29 21:50:04,42.6014862060547,-8.8765983581543,"Female"
"9004155",371989,2025-06-29 21:55:00,42.6014595031738,-8.87660980224609,"Female"
"9004155",371989,2025-06-29 22:00:04,42.6014595031738,-8.87668132781982,"Female"
"9004155",371989,2025-06-29 22:05:01,42.6013946533203,-8.87656497955322,"Female"
"9004155",371989,2025-06-29 22:10:04,42.6014518737793,-8.87674045562744,"Female"
"9004155",371989,2025-06-29 22:15:01,42.6014671325684,-8.87673473358154,"Female"
"9004155",371989,2025-06-29 22:20:00,42.6014404296875,-8.87672138214111,"Female"
"9004155",371989,2025-06-29 22:25:15,42.6014137268066,-8.87655639648438,"Female"
"9004155",371989,2025-06-29 22:30:00,42.6014175415039,-8.87656307220459,"Female"
"9004155",371989,2025-06-29 22:35:00,42.601448059082,-8.87662792205811,"Female"
"9004155",371989,2025-06-29 22:40:01,42.6014251708984,-8.87663459777832,"Female"
"9004155",371989,2025-06-29 22:45:14,42.601375579834,-8.87657165527344,"Female"
"9004155",371989,2025-06-29 22:50:03,42.6013679504395,-8.87683486938477,"Female"
"9004155",371989,2025-06-29 22:55:22,42.6012420654297,-8.87611389160156,"Female"
"9004155",371989,2025-06-29 23:00:14,42.6018562316895,-8.87680816650391,"Female"
"9004155",371989,2025-06-29 23:05:08,42.6017417907715,-8.877121925354,"Female"
"9004155",371989,2025-06-29 23:10:09,42.6018867492676,-8.87672424316406,"Female"
"9004155",371989,2025-06-29 23:15:06,42.6015014648438,-8.87726974487305,"Female"
"9004155",371989,2025-06-29 23:20:12,42.6015739440918,-8.87743377685547,"Female"
"9004155",371989,2025-06-29 23:25:09,42.6016845703125,-8.87745666503906,"Female"
"9004155",371989,2025-06-29 23:30:09,42.6017417907715,-8.87815189361572,"Female"
"9004155",371989,2025-06-29 23:35:14,42.6017074584961,-8.87711334228516,"Female"
"9004155",371989,2025-06-29 23:40:09,42.6014747619629,-8.87716388702393,"Female"
"9004155",371989,2025-06-29 23:45:13,42.6011047363281,-8.87712287902832,"Female"
"9004155",371989,2025-06-29 23:50:09,42.6011619567871,-8.87708854675293,"Female"
"9004155",371989,2025-06-29 23:55:09,42.601146697998,-8.87709522247314,"Female"
"9004155",371989,2025-06-30 00:00:09,42.6010589599609,-8.8770637512207,"Female"
"9004155",371989,2025-06-30 00:05:09,42.6011428833008,-8.87712001800537,"Female"
"9004155",371989,2025-06-30 00:10:10,42.601261138916,-8.87698936462402,"Female"
"9004155",371989,2025-06-30 00:15:09,42.6014022827148,-8.87692451477051,"Female"
"9004155",371989,2025-06-30 00:20:20,42.6013870239258,-8.87660217285156,"Female"
"9004155",371989,2025-06-30 00:25:08,42.6016273498535,-8.87702178955078,"Female"
"9004155",371989,2025-06-30 00:30:07,42.6015663146973,-8.87693309783936,"Female"
"9004155",371989,2025-06-30 00:35:01,42.6017684936523,-8.87689018249512,"Female"
"9004155",371989,2025-06-30 00:40:02,42.6016693115234,-8.87676048278809,"Female"
"9004155",371989,2025-06-30 00:45:13,42.6015472412109,-8.87683773040771,"Female"
"9004155",371989,2025-06-30 00:50:13,42.6016311645508,-8.87692832946777,"Female"
"9004155",371989,2025-06-30 00:55:12,42.6016044616699,-8.8768835067749,"Female"
"9004155",371989,2025-06-30 01:00:12,42.6016464233398,-8.87676811218262,"Female"
"9004155",371989,2025-06-30 01:05:08,42.6016540527344,-8.87679958343506,"Female"
"9004155",371989,2025-06-30 01:10:21,42.6017303466797,-8.87686920166016,"Female"
"9004155",371989,2025-06-30 01:15:09,42.6016578674316,-8.87703418731689,"Female"
"9004155",371989,2025-06-30 01:20:09,42.6016960144043,-8.87690544128418,"Female"
"9004155",371989,2025-06-30 01:25:13,42.6017074584961,-8.87708377838135,"Female"
"9004155",371989,2025-06-30 01:30:09,42.601505279541,-8.87724208831787,"Female"
"9004155",371989,2025-06-30 01:35:09,42.6018295288086,-8.87682056427002,"Female"
"9004155",371989,2025-06-30 01:40:14,42.601619720459,-8.87681293487549,"Female"
"9004155",371989,2025-06-30 01:45:06,42.6014976501465,-8.87683963775635,"Female"
"9004155",371989,2025-06-30 01:50:11,42.6015815734863,-8.87673282623291,"Female"
"9004155",371989,2025-06-30 01:55:14,42.6016235351562,-8.87664413452148,"Female"
"9004155",371989,2025-06-30 02:00:14,42.6015739440918,-8.87674617767334,"Female"
"9004155",371989,2025-06-30 02:05:01,42.6014823913574,-8.87676906585693,"Female"
"9004155",371989,2025-06-30 02:10:04,42.6016159057617,-8.87663841247559,"Female"
"9004155",371989,2025-06-30 02:15:02,42.6016159057617,-8.87673187255859,"Female"
"9004155",371989,2025-06-30 02:20:01,42.6015663146973,-8.87674236297607,"Female"
"9004155",371989,2025-06-30 02:25:09,42.6015243530273,-8.87668895721436,"Female"
"9004155",371989,2025-06-30 02:30:08,42.6016006469727,-8.87663650512695,"Female"
"9004155",371989,2025-06-30 02:35:08,42.6014060974121,-8.87678718566895,"Female"
"9004155",371989,2025-06-30 02:40:08,42.6015090942383,-8.87666797637939,"Female"
"9004155",371989,2025-06-30 02:45:15,42.6013450622559,-8.87651824951172,"Female"
"9004155",371989,2025-06-30 02:50:01,42.601448059082,-8.87627220153809,"Female"
"9004155",371989,2025-06-30 02:55:10,42.6013984680176,-8.87646675109863,"Female"
"9004155",371989,2025-06-30 03:00:03,42.6016159057617,-8.87623500823975,"Female"
"9004155",371989,2025-06-30 03:05:15,42.6016464233398,-8.87619781494141,"Female"
"9004155",371989,2025-06-30 03:10:01,42.6015663146973,-8.87624263763428,"Female"
"9004155",371989,2025-06-30 03:15:03,42.6017303466797,-8.87623882293701,"Female"
"9004155",371989,2025-06-30 03:20:08,42.6016845703125,-8.87626934051514,"Female"
"9004155",371989,2025-06-30 03:25:06,42.6016693115234,-8.87635040283203,"Female"
"9004155",371989,2025-06-30 03:30:35,42.6015510559082,-8.87680435180664,"Female"
"9004155",371989,2025-06-30 03:35:00,42.6013946533203,-8.87672519683838,"Female"
"9004155",371989,2025-06-30 03:40:00,42.6013221740723,-8.87688446044922,"Female"
"9004155",371989,2025-06-30 03:45:00,42.6014595031738,-8.8767147064209,"Female"
"9004155",371989,2025-06-30 03:50:00,42.6014175415039,-8.8767032623291,"Female"
"9004155",371989,2025-06-30 03:55:00,42.6014137268066,-8.87670993804932,"Female"
"9004155",371989,2025-06-30 04:00:00,42.6013603210449,-8.87683391571045,"Female"
"9004155",371989,2025-06-30 04:05:00,42.6013946533203,-8.87686634063721,"Female"
"9004155",371989,2025-06-30 04:10:00,42.6012992858887,-8.87685203552246,"Female"
"9004155",371989,2025-06-30 04:15:00,42.6014060974121,-8.87681770324707,"Female"
"9004155",371989,2025-06-30 04:20:01,42.6012306213379,-8.8768949508667,"Female"
"9004155",371989,2025-06-30 04:25:00,42.6012268066406,-8.87688636779785,"Female"
"9004155",371989,2025-06-30 04:30:00,42.6013565063477,-8.87678813934326,"Female"
"9004155",371989,2025-06-30 04:35:00,42.6014060974121,-8.8768424987793,"Female"
"9004155",371989,2025-06-30 04:40:00,42.601448059082,-8.87679100036621,"Female"
"9004155",371989,2025-06-30 04:45:00,42.6014556884766,-8.87674808502197,"Female"
"9004155",371989,2025-06-30 04:50:00,42.6015014648438,-8.87443065643311,"Female"
"9004155",371989,2025-06-30 04:55:00,42.601390838623,-8.87442207336426,"Female"
"9004155",371989,2025-06-30 05:00:00,42.6014938354492,-8.8743839263916,"Female"
"9004155",371989,2025-06-30 05:05:00,42.6015319824219,-8.87445735931396,"Female"
"9004155",371989,2025-06-30 05:10:00,42.6015319824219,-8.87440776824951,"Female"
"9004155",371989,2025-06-30 05:15:13,42.6015815734863,-8.87444591522217,"Female"
"9004155",371989,2025-06-30 05:20:00,42.6016464233398,-8.87443447113037,"Female"
"9004155",371989,2025-06-30 05:25:00,42.6015968322754,-8.87427520751953,"Female"
"9004155",371989,2025-06-30 05:30:00,42.6016616821289,-8.8745231628418,"Female"
"9004155",371989,2025-06-30 05:35:10,42.6016654968262,-8.87444877624512,"Female"
"9004155",371989,2025-06-30 05:40:00,42.601692199707,-8.87450408935547,"Female"
"9004155",371989,2025-06-30 05:45:00,42.6016693115234,-8.87455940246582,"Female"
"9004155",371989,2025-06-30 05:50:03,42.6018295288086,-8.87478446960449,"Female"
"9004155",371989,2025-06-30 05:55:03,42.6018333435059,-8.87478065490723,"Female"
"9004155",371989,2025-06-30 06:00:01,42.6016693115234,-8.87444972991943,"Female"
"9004155",371989,2025-06-30 06:05:02,42.6016159057617,-8.87430286407471,"Female"
"9004155",371989,2025-06-30 06:10:03,42.6015739440918,-8.87438774108887,"Female"
"9004155",371989,2025-06-30 06:15:00,42.601634979248,-8.87433052062988,"Female"
"9004155",371989,2025-06-30 06:20:01,42.6016387939453,-8.87432861328125,"Female"
"9004155",371989,2025-06-30 06:25:04,42.6014442443848,-8.87395095825195,"Female"
"9004155",371989,2025-06-30 06:30:00,42.6013984680176,-8.87375640869141,"Female"
"9004155",371989,2025-06-30 06:35:15,42.6015434265137,-8.87419891357422,"Female"
"9004155",371989,2025-06-30 06:40:00,42.6015205383301,-8.87412261962891,"Female"
"9004155",371989,2025-06-30 06:45:00,42.6014747619629,-8.87416076660156,"Female"
"9004155",371989,2025-06-30 06:50:01,42.6014785766602,-8.87387752532959,"Female"
"9004155",371989,2025-06-30 06:55:04,42.6015129089355,-8.87404537200928,"Female"
"9004155",371989,2025-06-30 07:00:01,42.6015167236328,-8.87347412109375,"Female"
"9004155",371989,2025-06-30 07:05:09,42.6015396118164,-8.87417697906494,"Female"
"9004155",371989,2025-06-30 07:10:02,42.6014595031738,-8.87378311157227,"Female"
"9004155",371989,2025-06-30 07:15:09,42.6015319824219,-8.87413692474365,"Female"
"9004155",371989,2025-06-30 07:20:39,42.6011543273926,-8.87388610839844,"Female"
"9004155",371989,2025-06-30 07:25:42,42.6014862060547,-8.87420272827148,"Female"
"9004155",371989,2025-06-30 07:31:05,42.6014747619629,-8.87427616119385,"Female"
"9004155",371989,2025-06-30 07:35:33,42.6015243530273,-8.87426948547363,"Female"
"9004155",371989,2025-06-30 07:40:33,42.6015090942383,-8.87424850463867,"Female"
"9004155",371989,2025-06-30 07:45:33,42.6014671325684,-8.87423229217529,"Female"
"9004155",371989,2025-06-30 07:50:33,42.6014556884766,-8.87428569793701,"Female"
"9004155",371989,2025-06-30 07:55:33,42.6015090942383,-8.8742847442627,"Female"
"9004155",371989,2025-06-30 08:00:33,42.6014595031738,-8.87428665161133,"Female"
"9004155",371989,2025-06-30 08:05:33,42.6014747619629,-8.87426662445068,"Female"
"9004155",371989,2025-06-30 08:10:33,42.6014785766602,-8.874267578125,"Female"
"9004155",371989,2025-06-30 08:15:33,42.6015167236328,-8.87431049346924,"Female"
"9004155",371989,2025-06-30 08:20:33,42.6015319824219,-8.87429904937744,"Female"
"9004155",371989,2025-06-30 08:25:33,42.6015205383301,-8.87433338165283,"Female"
"9004155",371989,2025-06-30 08:30:33,42.6014709472656,-8.87430858612061,"Female"
"9004155",371989,2025-06-30 08:35:33,42.6014976501465,-8.87427139282227,"Female"
"9004155",371989,2025-06-30 08:40:34,42.6014823913574,-8.87425422668457,"Female"
"9004155",371989,2025-06-30 08:45:34,42.6015090942383,-8.87431907653809,"Female"
"9004155",371989,2025-06-30 08:50:33,42.6014823913574,-8.87425994873047,"Female"
"9004155",371989,2025-06-30 08:55:33,42.6014747619629,-8.87424755096436,"Female"
"9004155",371989,2025-06-30 09:00:34,42.601490020752,-8.87433528900146,"Female"
"9004155",371989,2025-06-30 09:05:33,42.6014823913574,-8.87419605255127,"Female"
"9004155",371989,2025-06-30 09:10:34,42.6015014648438,-8.87425231933594,"Female"
"9004155",371989,2025-06-30 09:15:33,42.6014785766602,-8.87421894073486,"Female"
"9004155",371989,2025-06-30 09:20:33,42.6013526916504,-8.87389278411865,"Female"
"9004155",371989,2025-06-30 09:25:34,42.6042709350586,-8.85590744018555,"Female"
"9004155",371989,2025-06-30 09:30:36,42.6146774291992,-8.81528568267822,"Female"
"9004155",371989,2025-06-30 09:35:33,42.6148071289062,-8.81449413299561,"Female"
"9004155",371989,2025-06-30 09:41:20,42.6147689819336,-8.81389236450195,"Female"
"9004155",371989,2025-06-30 09:46:24,42.6147842407227,-8.81599617004395,"Female"
"9004155",371989,2025-06-30 09:51:25,42.6147575378418,-8.81537818908691,"Female"
"9004155",371989,2025-06-30 09:56:43,42.6147003173828,-8.81542778015137,"Female"
"9004155",371989,2025-06-30 10:01:20,42.6147155761719,-8.81539726257324,"Female"
"9004155",371989,2025-06-30 10:06:32,42.6147804260254,-8.81530666351318,"Female"
"9004155",371989,2025-06-30 10:11:23,42.6146965026855,-8.81582069396973,"Female"
"9004155",371989,2025-06-30 10:16:22,42.6147727966309,-8.81530094146729,"Female"
"9004155",371989,2025-06-30 10:21:42,42.6147613525391,-8.81511211395264,"Female"
"9004155",371989,2025-06-30 10:26:20,42.6147155761719,-8.81507110595703,"Female"
"9004155",371989,2025-06-30 10:31:21,42.6149101257324,-8.81507968902588,"Female"
"9004155",371989,2025-06-30 10:36:19,42.6147537231445,-8.81505489349365,"Female"
"9004155",371989,2025-06-30 10:41:21,42.6147651672363,-8.81490612030029,"Female"
"9004155",371989,2025-06-30 10:46:44,42.6147613525391,-8.81505393981934,"Female"
"9004155",371989,2025-06-30 10:51:22,42.6147613525391,-8.81506729125977,"Female"
"9004155",371989,2025-06-30 10:56:20,42.6147880554199,-8.81502342224121,"Female"
"9004155",371989,2025-06-30 11:01:22,42.6148223876953,-8.81487369537354,"Female"
"9004155",371989,2025-06-30 11:06:21,42.6148414611816,-8.81495475769043,"Female"
"9004155",371989,2025-06-30 11:11:20,42.6147918701172,-8.81502723693848,"Female"
"9004155",371989,2025-06-30 11:16:20,42.6148529052734,-8.81522369384766,"Female"
"9004155",371989,2025-06-30 11:21:40,42.6148071289062,-8.81498050689697,"Female"
"9004155",371989,2025-06-30 11:26:19,42.6147804260254,-8.81510448455811,"Female"
"9004155",371989,2025-06-30 11:31:20,42.6148071289062,-8.81510734558105,"Female"
"9004155",371989,2025-06-30 11:36:22,42.614803314209,-8.81502342224121,"Female"
"9004155",371989,2025-06-30 11:41:37,42.6147651672363,-8.8149471282959,"Female"
"9004155",371989,2025-06-30 11:46:45,42.6147270202637,-8.81493854522705,"Female"
"9004155",371989,2025-06-30 11:52:28,42.6145668029785,-8.81571292877197,"Female"
"9004155",371989,2025-06-30 11:58:17,42.6147003173828,-8.8167200088501,"Female"
"9004155",371989,2025-06-30 12:03:49,42.6149673461914,-8.8160343170166,"Female"
"9004155",371989,2025-06-30 12:08:40,42.6147956848145,-8.81655216217041,"Female"
"9004155",371989,2025-06-30 12:14:58,42.6156578063965,-8.81545448303223,"Female"
"9004155",371989,2025-06-30 12:18:48,42.6156463623047,-8.8153657913208,"Female"
"9004155",371989,2025-06-30 12:23:43,42.6156425476074,-8.81534099578857,"Female"
"9004155",371989,2025-06-30 12:28:45,42.615650177002,-8.81538105010986,"Female"
"9004155",371989,2025-06-30 12:34:05,42.6156387329102,-8.81543731689453,"Female"
"9004155",371989,2025-06-30 12:38:36,42.6156578063965,-8.81541156768799,"Female"
"9004155",371989,2025-06-30 12:43:36,42.6156387329102,-8.81549167633057,"Female"
"9004155",371989,2025-06-30 12:48:36,42.6156005859375,-8.81549167633057,"Female"
"9004155",371989,2025-06-30 12:53:36,42.6155700683594,-8.8154935836792,"Female"
"9004155",371989,2025-06-30 12:58:36,42.6155586242676,-8.81551647186279,"Female"
"9004155",371989,2025-06-30 13:03:36,42.6155967712402,-8.81550121307373,"Female"
"9004155",371989,2025-06-30 13:08:36,42.6156463623047,-8.81546783447266,"Female"
"9004155",371989,2025-06-30 13:13:37,42.6155738830566,-8.81541728973389,"Female"
"9004155",371989,2025-06-30 13:18:36,42.6156158447266,-8.81551647186279,"Female"
"9004155",371989,2025-06-30 13:23:37,42.6156768798828,-8.8154354095459,"Female"
"9004155",371989,2025-06-30 13:28:37,42.6156463623047,-8.81550884246826,"Female"
"9004155",371989,2025-06-30 13:33:37,42.6156578063965,-8.81543159484863,"Female"
"9004155",371989,2025-06-30 13:39:04,42.6156272888184,-8.81546211242676,"Female"
"9004155",371989,2025-06-30 13:43:36,42.6156539916992,-8.81548500061035,"Female"
"9004155",371989,2025-06-30 13:48:36,42.6155700683594,-8.81522274017334,"Female"
"9004155",371989,2025-06-30 13:53:36,42.6156158447266,-8.81543254852295,"Female"
"9004155",371989,2025-06-30 13:58:36,42.6156768798828,-8.81554126739502,"Female"
"9004155",371989,2025-06-30 14:03:36,42.615665435791,-8.81548023223877,"Female"
"9004155",371989,2025-06-30 14:08:36,42.6156196594238,-8.81544399261475,"Female"
"9004155",371989,2025-06-30 14:14:31,42.6151008605957,-8.81466007232666,"Female"
"9004155",371989,2025-06-30 14:19:31,42.6151161193848,-8.81489372253418,"Female"
"9004155",371989,2025-06-30 14:24:29,42.6147422790527,-8.81480503082275,"Female"
"9004155",371989,2025-06-30 14:30:11,42.6153297424316,-8.814697265625,"Female"
"9004155",371989,2025-06-30 14:35:13,42.6145515441895,-8.81530284881592,"Female"
"9004155",371989,2025-06-30 14:40:33,42.6136360168457,-8.81546115875244,"Female"
"9004155",371989,2025-06-30 14:45:33,42.6147575378418,-8.81631088256836,"Female"
"9004155",371989,2025-06-30 14:50:32,42.6147079467773,-8.81617259979248,"Female"
"9004155",371989,2025-06-30 14:55:32,42.6147651672363,-8.81618976593018,"Female"
"9004155",371989,2025-06-30 15:00:43,42.6147041320801,-8.81614780426025,"Female"
"9004155",371989,2025-06-30 15:05:32,42.6147003173828,-8.81612873077393,"Female"
"9004155",371989,2025-06-30 15:10:32,42.6146469116211,-8.81604957580566,"Female"
"9004155",371989,2025-06-30 15:15:32,42.61474609375,-8.81610679626465,"Female"
"9004155",371989,2025-06-30 15:20:32,42.61474609375,-8.81619930267334,"Female"
"9004155",371989,2025-06-30 15:25:35,42.6147270202637,-8.81616401672363,"Female"
"9004155",371989,2025-06-30 15:30:32,42.6146507263184,-8.81607627868652,"Female"
"9004155",371989,2025-06-30 15:35:32,42.6146965026855,-8.81617832183838,"Female"
"9004155",371989,2025-06-30 15:40:32,42.614673614502,-8.81606006622314,"Female"
"9004155",371989,2025-06-30 15:45:45,42.6137580871582,-8.81552219390869,"Female"
"9004155",371989,2025-06-30 15:53:23,42.6131286621094,-8.81571483612061,"Female"
"9004155",371989,2025-06-30 15:58:45,42.6127281188965,-8.816162109375,"Female"
"9004155",371989,2025-06-30 16:03:57,42.6128273010254,-8.81623458862305,"Female"
"9004155",371989,2025-06-30 16:08:56,42.6129837036133,-8.81718063354492,"Female"
"9004155",371989,2025-06-30 16:13:56,42.6130065917969,-8.81714820861816,"Female"
"9004155",371989,2025-06-30 16:18:56,42.6129837036133,-8.81713676452637,"Female"
"9004155",371989,2025-06-30 16:23:56,42.6130638122559,-8.81709671020508,"Female"
"9004155",371989,2025-06-30 16:28:56,42.6130485534668,-8.81716918945312,"Female"
"9004155",371989,2025-06-30 16:33:56,42.6131134033203,-8.81712913513184,"Female"
"9004155",371989,2025-06-30 16:38:56,42.6130638122559,-8.81719779968262,"Female"
"9004155",371989,2025-06-30 16:44:01,42.6125984191895,-8.81825923919678,"Female"
"9004155",371989,2025-06-30 16:49:00,42.6116943359375,-8.81900119781494,"Female"
"9004155",371989,2025-06-30 16:53:56,42.6106834411621,-8.8198127746582,"Female"
"9004155",371989,2025-06-30 16:58:59,42.6106414794922,-8.81979846954346,"Female"
"9004155",371989,2025-06-30 17:04:13,42.6106414794922,-8.81976127624512,"Female"
"9004155",371989,2025-06-30 17:08:56,42.6106262207031,-8.81974029541016,"Female"
"9004155",371989,2025-06-30 17:13:56,42.6105880737305,-8.81975650787354,"Female"
"9004155",371989,2025-06-30 17:18:56,42.6106643676758,-8.81963443756104,"Female"
"9004155",371989,2025-06-30 17:23:56,42.6106147766113,-8.81977844238281,"Female"
"9004155",371989,2025-06-30 17:28:56,42.6106300354004,-8.81970310211182,"Female"
"9004155",371989,2025-06-30 17:33:56,42.6106414794922,-8.8198127746582,"Female"
"9004155",371989,2025-06-30 17:38:56,42.6106452941895,-8.81977844238281,"Female"
"9004155",371989,2025-06-30 17:43:56,42.610652923584,-8.81978893280029,"Female"
"9004155",371989,2025-06-30 17:49:14,42.6105880737305,-8.81974411010742,"Female"
"9004155",371989,2025-06-30 17:53:56,42.6105766296387,-8.81968116760254,"Female"
"9004155",371989,2025-06-30 17:58:56,42.6106109619141,-8.81972885131836,"Female"
"9004155",371989,2025-06-30 18:03:56,42.6106071472168,-8.81963539123535,"Female"
"9004155",371989,2025-06-30 18:08:56,42.6107063293457,-8.81982707977295,"Female"
"9004155",371989,2025-06-30 18:14:01,42.6100769042969,-8.82038307189941,"Female"
"9004155",371989,2025-06-30 18:18:56,42.6095962524414,-8.82052898406982,"Female"
"9004155",371989,2025-06-30 18:23:56,42.6096420288086,-8.82061672210693,"Female"
"9004155",371989,2025-06-30 18:28:56,42.6096115112305,-8.82058715820312,"Female"
"9004155",371989,2025-06-30 18:33:59,42.6092910766602,-8.82029438018799,"Female"
"9004155",371989,2025-06-30 18:38:59,42.6094093322754,-8.8204517364502,"Female"
"9004155",371989,2025-06-30 18:43:59,42.6092720031738,-8.82015514373779,"Female"
"9004155",371989,2025-06-30 18:49:14,42.609130859375,-8.81980514526367,"Female"
"9004155",371989,2025-06-30 18:54:14,42.6094741821289,-8.82037258148193,"Female"
"9004155",371989,2025-06-30 18:58:56,42.6095085144043,-8.82037258148193,"Female"
"9004155",371989,2025-06-30 19:03:56,42.6081733703613,-8.84241962432861,"Female"
"9004155",371989,2025-06-30 19:08:56,42.6015396118164,-8.87654876708984,"Female"
"9004155",371989,2025-06-30 19:13:56,42.6014862060547,-8.87644958496094,"Female"
"9004155",371989,2025-06-30 19:18:56,42.6014595031738,-8.87657451629639,"Female"
"9004155",371989,2025-06-30 19:24:06,42.6012229919434,-8.87655258178711,"Female"
"9004155",371989,2025-06-30 19:29:07,42.6016502380371,-8.87667942047119,"Female"
"9004155",371989,2025-06-30 19:34:03,42.6013832092285,-8.87662029266357,"Female"
"9004155",371989,2025-06-30 19:39:00,42.6016044616699,-8.87620449066162,"Female"
"9004155",371989,2025-06-30 19:44:06,42.6016502380371,-8.8763542175293,"Female"
"9004155",371989,2025-06-30 19:49:29,42.601448059082,-8.87663650512695,"Female"
"9004155",371989,2025-06-30 19:53:56,42.6015243530273,-8.87661743164062,"Female"
"9004155",371989,2025-06-30 19:58:56,42.601448059082,-8.87662315368652,"Female"
"9004155",371989,2025-06-30 20:03:56,42.6015434265137,-8.87652969360352,"Female"
"9004155",371989,2025-06-30 20:08:56,42.6014862060547,-8.87661552429199,"Female"
"9004155",371989,2025-06-30 20:13:58,42.6014976501465,-8.8766508102417,"Female"
"9004155",371989,2025-06-30 20:18:57,42.6014976501465,-8.87672805786133,"Female"
"9004155",371989,2025-06-30 20:23:57,42.601432800293,-8.87648773193359,"Female"
"9004155",371989,2025-06-30 20:28:58,42.6015625,-8.8769702911377,"Female"
"9004155",371989,2025-06-30 20:34:00,42.6012725830078,-8.87600517272949,"Female"
"9004155",371989,2025-06-30 20:39:11,42.6014671325684,-8.87660789489746,"Female"
"9004155",371989,2025-06-30 20:43:56,42.6014976501465,-8.87660694122314,"Female"
"9004155",371989,2025-06-30 20:48:56,42.601390838623,-8.87656021118164,"Female"
"9004155",371989,2025-06-30 20:53:56,42.601432800293,-8.87655067443848,"Female"
"9004155",371989,2025-06-30 20:58:56,42.6013984680176,-8.87652587890625,"Female"
"9004155",371989,2025-06-30 21:03:57,42.6012763977051,-8.87634563446045,"Female"
"9004155",371989,2025-06-30 21:08:56,42.601448059082,-8.87666511535645,"Female"
"9004155",371989,2025-06-30 21:13:56,42.6013641357422,-8.87648391723633,"Female"
"9004155",371989,2025-06-30 21:18:57,42.6013679504395,-8.87644958496094,"Female"
"9004155",371989,2025-06-30 21:23:58,42.601375579834,-8.87648773193359,"Female"
"9004155",371989,2025-06-30 21:28:58,42.6012573242188,-8.87620735168457,"Female"
"9004155",371989,2025-06-30 21:34:14,42.6013793945312,-8.87631416320801,"Female"
"9004155",371989,2025-06-30 21:38:56,42.6014709472656,-8.87638378143311,"Female"
"9004155",371989,2025-06-30 21:43:59,42.6012954711914,-8.87612247467041,"Female"
"9004155",371989,2025-06-30 21:49:01,42.6013717651367,-8.87649726867676,"Female"
"9004155",371989,2025-06-30 21:53:57,42.6014823913574,-8.87659740447998,"Female"
"9004155",371989,2025-06-30 21:59:05,42.6013488769531,-8.87607097625732,"Female"
"9004155",371989,2025-06-30 22:03:58,42.6014595031738,-8.87613487243652,"Female"
"9004155",371989,2025-06-30 22:08:58,42.6013832092285,-8.8763370513916,"Female"
"9004155",371989,2025-06-30 22:13:59,42.6013870239258,-8.87635612487793,"Female"
"9004155",371989,2025-06-30 22:19:00,42.6014633178711,-8.87549495697021,"Female"
"9004155",371989,2025-06-30 22:24:14,42.6013717651367,-8.87661647796631,"Female"
"9004155",371989,2025-06-30 22:28:59,42.601619720459,-8.87805080413818,"Female"
"9004155",371989,2025-06-30 22:34:04,42.6013946533203,-8.87659645080566,"Female"
"9004155",371989,2025-06-30 22:39:00,42.6018409729004,-8.87891864776611,"Female"
"9004155",371989,2025-06-30 22:44:07,42.6013450622559,-8.87662410736084,"Female"
"9004155",371989,2025-06-30 22:49:14,42.6014366149902,-8.87659358978271,"Female"
"9004155",371989,2025-06-30 22:54:00,42.6013793945312,-8.87632942199707,"Female"
"9004155",371989,2025-06-30 22:58:58,42.6013374328613,-8.87616348266602,"Female"
"9004155",371989,2025-06-30 23:04:14,42.6015625,-8.87661457061768,"Female"
"9004155",371989,2025-06-30 23:08:57,42.6014862060547,-8.87681007385254,"Female"
"9004155",371989,2025-06-30 23:14:06,42.6014518737793,-8.87673950195312,"Female"
"9004155",371989,2025-06-30 23:18:58,42.6012840270996,-8.87611961364746,"Female"
"9004155",371989,2025-06-30 23:24:06,42.6015205383301,-8.87670707702637,"Female"
"9004155",371989,2025-06-30 23:28:57,42.6013603210449,-8.87641334533691,"Female"
"9004155",371989,2025-06-30 23:34:01,42.6014938354492,-8.87685775756836,"Female"
"9004155",371989,2025-06-30 23:39:01,42.6014862060547,-8.87677478790283,"Female"
"9004155",371989,2025-06-30 23:44:29,42.601490020752,-8.87655925750732,"Female"
"9004155",371989,2025-06-30 23:48:56,42.6014633178711,-8.87656593322754,"Female"
"9004155",371989,2025-06-30 23:53:56,42.6014060974121,-8.87651062011719,"Female"
"9004155",371989,2025-06-30 23:58:56,42.6014060974121,-8.87662601470947,"Female"
"9004155",371989,2025-07-01 00:03:56,42.6013946533203,-8.87655448913574,"Female"
"9004155",371989,2025-07-01 00:08:56,42.6015243530273,-8.87658882141113,"Female"
"9004155",371989,2025-07-01 00:13:56,42.6014938354492,-8.8765869140625,"Female"
"9004155",371989,2025-07-01 00:18:56,42.6014099121094,-8.87658500671387,"Female"
"9004155",371989,2025-07-01 00:23:56,42.6014137268066,-8.87656688690186,"Female"
"9004155",371989,2025-07-01 00:28:56,42.6013793945312,-8.87646484375,"Female"
"9004155",371989,2025-07-01 00:34:14,42.6015281677246,-8.87646675109863,"Female"
"9004155",371989,2025-07-01 00:38:56,42.6015396118164,-8.87662982940674,"Female"
"9004155",371989,2025-07-01 00:43:56,42.601505279541,-8.87653064727783,"Female"
"9004155",371989,2025-07-01 00:48:56,42.6016998291016,-8.87663745880127,"Female"
"9004155",371989,2025-07-01 00:53:56,42.6016807556152,-8.87663745880127,"Female"
"9004155",371989,2025-07-01 00:58:56,42.6016387939453,-8.87664222717285,"Female"
"9004155",371989,2025-07-01 01:03:56,42.6016387939453,-8.876784324646,"Female"
"9004155",371989,2025-07-01 01:08:57,42.6015548706055,-8.87667846679688,"Female"
"9004155",371989,2025-07-01 01:13:57,42.6015319824219,-8.87683010101318,"Female"
"9004155",371989,2025-07-01 01:18:56,42.6016960144043,-8.87681674957275,"Female"
"9004155",371989,2025-07-01 01:23:56,42.6015853881836,-8.87677383422852,"Female"
"9004155",371989,2025-07-01 01:28:56,42.6016082763672,-8.87680530548096,"Female"
"9004155",371989,2025-07-01 01:33:57,42.6014404296875,-8.87654781341553,"Female"
"9004155",371989,2025-07-01 01:38:57,42.6014289855957,-8.87663745880127,"Female"
"9004155",371989,2025-07-01 01:43:58,42.6017417907715,-8.87682056427002,"Female"
"9004155",371989,2025-07-01 01:49:01,42.601490020752,-8.87674140930176,"Female"
"9004155",371989,2025-07-01 01:53:59,42.6015548706055,-8.87672138214111,"Female"
"9004155",371989,2025-07-01 01:59:14,42.6014289855957,-8.87671661376953,"Female"
"9004155",371989,2025-07-01 02:03:56,42.6015129089355,-8.87674236297607,"Female"
"9004155",371989,2025-07-01 02:08:59,42.6014556884766,-8.87663555145264,"Female"
"9004155",371989,2025-07-01 02:13:56,42.6014404296875,-8.87677383422852,"Female"
"9004155",371989,2025-07-01 02:18:57,42.6016273498535,-8.87679862976074,"Female"
"9004155",371989,2025-07-01 02:23:58,42.6016540527344,-8.87680053710938,"Female"
"9004155",371989,2025-07-01 02:29:00,42.6015548706055,-8.87685394287109,"Female"
"9004155",371989,2025-07-01 02:34:01,42.6013488769531,-8.87721633911133,"Female"
"9004155",371989,2025-07-01 02:38:56,42.601390838623,-8.87707233428955,"Female"
"9004155",371989,2025-07-01 02:43:59,42.6013107299805,-8.87679958343506,"Female"
"9004155",371989,2025-07-01 02:49:14,42.6013298034668,-8.8767728805542,"Female"
"9004155",371989,2025-07-01 02:53:56,42.601245880127,-8.87666034698486,"Female"
"9004155",371989,2025-07-01 02:58:56,42.6014137268066,-8.87675952911377,"Female"
"9004155",371989,2025-07-01 03:03:56,42.6014747619629,-8.87682056427002,"Female"
"9004155",371989,2025-07-01 03:09:01,42.6013603210449,-8.87677478790283,"Female"
"9004155",371989,2025-07-01 03:13:56,42.6013259887695,-8.87677383422852,"Female"
"9004155",371989,2025-07-01 03:19:01,42.6015510559082,-8.87669658660889,"Female"
"9004155",371989,2025-07-01 03:24:01,42.6013565063477,-8.8765811920166,"Female"
"9004155",371989,2025-07-01 03:28:56,42.6014289855957,-8.87640190124512,"Female"
"9004155",371989,2025-07-01 03:33:59,42.6013488769531,-8.87682914733887,"Female"
"9004155",371989,2025-07-01 03:39:00,42.6009712219238,-8.87686824798584,"Female"
"9004155",371989,2025-07-01 03:44:00,42.6013107299805,-8.87697410583496,"Female"
"9004155",371989,2025-07-01 03:49:14,42.6014213562012,-8.87676048278809,"Female"
"9004155",371989,2025-07-01 03:53:58,42.6014175415039,-8.87677001953125,"Female"
"9004155",371989,2025-07-01 03:58:56,42.601318359375,-8.87691497802734,"Female"
"9004155",371989,2025-07-01 04:04:03,42.6014060974121,-8.87686538696289,"Female"
"9004155",371989,2025-07-01 04:08:57,42.6015281677246,-8.87667655944824,"Female"
"9004155",371989,2025-07-01 04:14:01,42.6015853881836,-8.87670612335205,"Female"
"9004155",371989,2025-07-01 04:19:06,42.6014862060547,-8.87666797637939,"Female"
"9004155",371989,2025-07-01 04:24:16,42.6014099121094,-8.87622165679932,"Female"
"9004155",371989,2025-07-01 04:29:29,42.6014289855957,-8.87650966644287,"Female"
"9004155",371989,2025-07-01 04:33:57,42.6014823913574,-8.87649822235107,"Female"
"9004155",371989,2025-07-01 04:38:57,42.601490020752,-8.87649059295654,"Female"
"9004155",371989,2025-07-01 04:43:56,42.6014289855957,-8.87648010253906,"Female"
"9004155",371989,2025-07-01 04:48:57,42.601448059082,-8.87648677825928,"Female"
"9004155",371989,2025-07-01 04:53:57,42.6014060974121,-8.87654304504395,"Female"
"9004155",371989,2025-07-01 04:58:57,42.6013717651367,-8.87647438049316,"Female"
"9004155",371989,2025-07-01 05:04:13,42.6012878417969,-8.87654781341553,"Female"
"9004155",371989,2025-07-01 05:08:57,42.6013298034668,-8.87652492523193,"Female"
"9004155",371989,2025-07-01 05:13:57,42.6012763977051,-8.87653923034668,"Female"
"9004155",371989,2025-07-01 05:19:06,42.6013679504395,-8.87652015686035,"Female"
"9004155",371989,2025-07-01 05:23:59,42.6015853881836,-8.87673759460449,"Female"
"9004155",371989,2025-07-01 05:28:58,42.6015090942383,-8.87653636932373,"Female"
"9004155",371989,2025-07-01 05:33:59,42.6014137268066,-8.87637901306152,"Female"
"9004155",371989,2025-07-01 05:38:57,42.6014709472656,-8.87652397155762,"Female"
"9004155",371989,2025-07-01 05:43:56,42.6014709472656,-8.876389503479,"Female"
"9004155",371989,2025-07-01 05:49:29,42.6014747619629,-8.87659645080566,"Female"
"9004155",371989,2025-07-01 05:53:56,42.6014671325684,-8.87660694122314,"Female"
"9004155",371989,2025-07-01 05:58:56,42.6015815734863,-8.87654399871826,"Female"
"9004155",371989,2025-07-01 06:03:56,42.6015167236328,-8.87654972076416,"Female"
"9004155",371989,2025-07-01 06:08:56,42.6015167236328,-8.87655067443848,"Female"
"9004155",371989,2025-07-01 06:13:56,42.6015357971191,-8.87658882141113,"Female"
"9004155",371989,2025-07-01 06:18:56,42.6014862060547,-8.87651348114014,"Female"
"9004155",371989,2025-07-01 06:23:56,42.6015014648438,-8.87663841247559,"Female"
"9004155",371989,2025-07-01 06:28:56,42.6014938354492,-8.87658214569092,"Female"
"9004155",371989,2025-07-01 06:33:56,42.601490020752,-8.87659549713135,"Female"
"9004155",371989,2025-07-01 06:38:56,42.6014938354492,-8.87659454345703,"Female"
"9004155",371989,2025-07-01 06:43:56,42.6015548706055,-8.87436485290527,"Female"
"9004155",371989,2025-07-01 06:49:07,42.6015319824219,-8.87434959411621,"Female"
"9004155",371989,2025-07-01 06:53:56,42.6015663146973,-8.87438774108887,"Female"
"9004155",371989,2025-07-01 06:59:13,42.6015739440918,-8.87438488006592,"Female"
"9004155",371989,2025-07-01 07:03:56,42.6015396118164,-8.87414073944092,"Female"
"9004155",371989,2025-07-01 07:08:56,42.6015434265137,-8.87430667877197,"Female"
"9004155",371989,2025-07-01 07:13:56,42.6015319824219,-8.87425518035889,"Female"
"9004155",371989,2025-07-01 07:18:56,42.6014938354492,-8.87419700622559,"Female"
"9004155",371989,2025-07-01 07:23:56,42.6014556884766,-8.87405014038086,"Female"
"9004155",371989,2025-07-01 07:28:56,42.6014671325684,-8.87416744232178,"Female"
"9004155",371989,2025-07-01 07:33:56,42.6014633178711,-8.87410545349121,"Female"
"9004155",371989,2025-07-01 07:38:56,42.601448059082,-8.8741397857666,"Female"
"9004155",371989,2025-07-01 07:43:56,42.6014862060547,-8.87413120269775,"Female"
"9004155",371989,2025-07-01 07:49:14,42.6015129089355,-8.87429141998291,"Female"
"9004155",371989,2025-07-01 07:53:56,42.6014595031738,-8.87414455413818,"Female"
"9004155",371989,2025-07-01 07:58:56,42.6014862060547,-8.87422370910645,"Female"
"9004155",371989,2025-07-01 08:03:56,42.6014823913574,-8.87427043914795,"Female"
"9004155",371989,2025-07-01 08:08:56,42.6014747619629,-8.87431621551514,"Female"
"9004155",371989,2025-07-01 08:13:56,42.6015014648438,-8.87431812286377,"Female"
"9004155",371989,2025-07-01 08:18:56,42.6014442443848,-8.8742094039917,"Female"
"9004155",371989,2025-07-01 08:23:56,42.601490020752,-8.87429523468018,"Female"
"9004155",371989,2025-07-01 08:28:57,42.6015014648438,-8.87426376342773,"Female"
"9004155",371989,2025-07-01 08:33:56,42.6014938354492,-8.87449645996094,"Female"
"9004155",371989,2025-07-01 08:38:56,42.601432800293,-8.87431144714355,"Female"
"9004155",371989,2025-07-01 08:43:57,42.6014137268066,-8.86106014251709,"Female"
"9004155",371989,2025-07-01 08:49:14,42.6050758361816,-8.84797668457031,"Female"
"9004155",371989,2025-07-01 08:53:57,42.606201171875,-8.84240341186523,"Female"
"9004155",371989,2025-07-01 08:59:11,42.6088256835938,-8.82673358917236,"Female"
"9004155",371989,2025-07-01 09:04:51,42.6089324951172,-8.82634258270264,"Female"
"9004155",371989,2025-07-01 09:09:55,42.6093635559082,-8.82615375518799,"Female"
"9004155",371989,2025-07-01 09:14:48,42.609691619873,-8.82583904266357,"Female"
"9004155",371989,2025-07-01 09:19:49,42.6099624633789,-8.82571506500244,"Female"
"9004155",371989,2025-07-01 09:24:49,42.6096267700195,-8.82595634460449,"Female"
"9004155",371989,2025-07-01 09:30:04,42.6096420288086,-8.82596588134766,"Female"
"9004155",371989,2025-07-01 09:34:50,42.6096649169922,-8.82596778869629,"Female"
"9004155",371989,2025-07-01 09:39:51,42.609691619873,-8.82590579986572,"Female"
"9004155",371989,2025-07-01 09:45:22,42.6105690002441,-8.82038879394531,"Female"
"9004155",371989,2025-07-01 09:49:48,42.6117095947266,-8.81812000274658,"Female"
"9004155",371989,2025-07-01 09:54:48,42.6120681762695,-8.8151330947876,"Female"
"9004155",371989,2025-07-01 09:59:49,42.6122627258301,-8.81476783752441,"Female"
"9004155",371989,2025-07-01 10:04:49,42.6120758056641,-8.81477928161621,"Female"
"9004155",371989,2025-07-01 10:09:48,42.6119918823242,-8.81529426574707,"Female"
"9004155",371989,2025-07-01 10:14:48,42.612060546875,-8.81527996063232,"Female"
"9004155",371989,2025-07-01 10:19:48,42.6120147705078,-8.81530475616455,"Female"
"9004155",371989,2025-07-01 10:24:48,42.6121025085449,-8.81522941589355,"Female"
"9004155",371989,2025-07-01 10:29:48,42.6119041442871,-8.81524562835693,"Female"
"9004155",371989,2025-07-01 10:34:48,42.6122550964355,-8.8153600692749,"Female"
"9004155",371989,2025-07-01 10:39:49,42.6122550964355,-8.81542205810547,"Female"
"9004155",371989,2025-07-01 10:44:49,42.6119766235352,-8.81526374816895,"Female"
"9004155",371989,2025-07-01 10:49:48,42.6120681762695,-8.8152551651001,"Female"
"9004155",371989,2025-07-01 10:54:48,42.6119842529297,-8.81517124176025,"Female"
"9004155",371989,2025-07-01 10:59:48,42.6119117736816,-8.81514739990234,"Female"
"9004155",371989,2025-07-01 11:04:50,42.6118049621582,-8.8150520324707,"Female"
"9004155",371989,2025-07-01 11:09:52,42.6120796203613,-8.81522083282471,"Female"
"9004155",371989,2025-07-01 11:15:16,42.6119918823242,-8.81517791748047,"Female"
"9004155",371989,2025-07-01 11:19:48,42.6119537353516,-8.81512260437012,"Female"
"9004155",371989,2025-07-01 11:24:48,42.6119842529297,-8.81518459320068,"Female"
"9004155",371989,2025-07-01 11:29:50,42.6121292114258,-8.81522274017334,"Female"
"9004155",371989,2025-07-01 11:34:48,42.6121253967285,-8.81520652770996,"Female"
"9004155",371989,2025-07-01 11:39:48,42.6119995117188,-8.81523513793945,"Female"
"9004155",371989,2025-07-01 11:44:49,42.6120071411133,-8.81524753570557,"Female"
"9004155",371989,2025-07-01 11:50:15,42.6120681762695,-8.81524753570557,"Female"
"9004155",371989,2025-07-01 11:54:53,42.6121101379395,-8.81527423858643,"Female"
"9004155",371989,2025-07-01 11:59:49,42.6120948791504,-8.81540107727051,"Female"
"9004155",371989,2025-07-01 12:04:49,42.6119842529297,-8.81522750854492,"Female"
"9004155",371989,2025-07-01 12:09:55,42.6120491027832,-8.81526660919189,"Female"
"9004155",371989,2025-07-01 12:14:49,42.612060546875,-8.8152494430542,"Female"
"9004155",371989,2025-07-01 12:19:49,42.6120681762695,-8.81532669067383,"Female"
"9004155",371989,2025-07-01 12:24:51,42.6121559143066,-8.8150749206543,"Female"
"9004155",371989,2025-07-01 12:29:49,42.6120452880859,-8.81532955169678,"Female"
"9004155",371989,2025-07-01 12:34:53,42.6120376586914,-8.81527328491211,"Female"
"9004155",371989,2025-07-01 12:39:49,42.612133026123,-8.81525611877441,"Female"
"9004155",371989,2025-07-01 12:45:14,42.6120452880859,-8.81527519226074,"Female"
"9004155",371989,2025-07-01 13:00:02,42.6111793518066,-8.81529712677002,"Female"
"9004155",371989,2025-07-01 13:05:11,42.6111946105957,-8.81567478179932,"Female"
"9004155",371989,2025-07-01 13:10:08,42.6118392944336,-8.81520175933838,"Female"
"9004155",371989,2025-07-01 13:15:08,42.6117553710938,-8.8153018951416,"Female"
"9004155",371989,2025-07-01 13:20:08,42.6117515563965,-8.81541728973389,"Female"
"9004155",371989,2025-07-01 13:25:12,42.6119613647461,-8.81471157073975,"Female"
"9004155",371989,2025-07-01 13:30:10,42.6118125915527,-8.81520462036133,"Female"
"9004155",371989,2025-07-01 13:35:31,42.6118812561035,-8.81499481201172,"Female"
"9004155",371989,2025-07-01 13:40:07,42.6118965148926,-8.81505393981934,"Female"
"9004155",371989,2025-07-01 13:45:07,42.6119346618652,-8.81506633758545,"Female"
"9004155",371989,2025-07-01 13:50:07,42.6119575500488,-8.81517505645752,"Female"
"9004155",371989,2025-07-01 13:55:08,42.6119918823242,-8.81516170501709,"Female"
"9004155",371989,2025-07-01 14:00:08,42.6120223999023,-8.81518650054932,"Female"
"9004155",371989,2025-07-01 14:05:08,42.6120948791504,-8.8151683807373,"Female"
"9004155",371989,2025-07-01 14:10:08,42.6121025085449,-8.81519985198975,"Female"
"9004155",371989,2025-07-01 14:15:08,42.612174987793,-8.81518745422363,"Female"
"9004155",371989,2025-07-01 14:20:08,42.6122665405273,-8.81514930725098,"Female"
"9004155",371989,2025-07-01 14:25:08,42.6122817993164,-8.81513500213623,"Female"
"9004155",371989,2025-07-01 14:30:08,42.6123466491699,-8.8150806427002,"Female"
"9004155",371989,2025-07-01 14:35:08,42.6123352050781,-8.81500148773193,"Female"
"9004155",371989,2025-07-01 14:40:08,42.6123847961426,-8.81495952606201,"Female"
"9004155",371989,2025-07-01 14:45:09,42.6124534606934,-8.81492137908936,"Female"
"9004155",371989,2025-07-01 14:50:08,42.6124153137207,-8.81496334075928,"Female"
"9004155",371989,2025-07-01 14:55:57,42.6120719909668,-8.81476783752441,"Female"
"9004155",371989,2025-07-01 15:00:56,42.6122283935547,-8.81514358520508,"Female"
"9004155",371989,2025-07-01 15:06:46,42.6123733520508,-8.81458473205566,"Female"
"9004155",371989,2025-07-01 15:11:53,42.6120719909668,-8.81453800201416,"Female"
"9004155",371989,2025-07-01 15:17:05,42.6122856140137,-8.81465435028076,"Female"
"9004155",371989,2025-07-01 15:21:44,42.6122703552246,-8.81461143493652,"Female"
"9004155",371989,2025-07-01 15:26:44,42.6125373840332,-8.81478500366211,"Female"
"9004155",371989,2025-07-01 15:31:44,42.6123580932617,-8.81475353240967,"Female"
"9004155",371989,2025-07-01 15:36:44,42.6123542785645,-8.81473064422607,"Female"
"9004155",371989,2025-07-01 15:41:47,42.6123008728027,-8.81466579437256,"Female"
"9004155",371989,2025-07-01 15:46:46,42.6122436523438,-8.81461334228516,"Female"
"9004155",371989,2025-07-01 15:51:45,42.6122817993164,-8.8146800994873,"Female"
"9004155",371989,2025-07-01 15:56:45,42.6124458312988,-8.81504058837891,"Female"
"9004155",371989,2025-07-01 16:01:47,42.612117767334,-8.81443214416504,"Female"
"9004155",371989,2025-07-01 16:06:47,42.6121711730957,-8.81443023681641,"Female"
"9004155",371989,2025-07-01 16:11:47,42.6121253967285,-8.81431102752686,"Female"
"9004155",371989,2025-07-01 16:17:03,42.6123199462891,-8.81468296051025,"Female"
"9004155",371989,2025-07-01 16:21:44,42.6123161315918,-8.8146800994873,"Female"
"9004155",371989,2025-07-01 16:26:44,42.6122703552246,-8.81466674804688,"Female"
"9004155",371989,2025-07-01 16:31:46,42.6122856140137,-8.8147668838501,"Female"
"9004155",371989,2025-07-01 16:36:45,42.6122512817383,-8.81460094451904,"Female"
"9004155",371989,2025-07-01 16:41:45,42.6122436523438,-8.81460762023926,"Female"
"9004155",371989,2025-07-01 16:46:45,42.6123008728027,-8.81467723846436,"Female"
"9004155",371989,2025-07-01 16:51:53,42.6123199462891,-8.81474304199219,"Female"
"9004155",371989,2025-07-01 16:56:46,42.6122932434082,-8.81457233428955,"Female"
"9004155",371989,2025-07-01 17:01:46,42.6122932434082,-8.81460285186768,"Female"
"9004155",371989,2025-07-01 17:06:48,42.6123924255371,-8.81504821777344,"Female"
"9004155",371989,2025-07-01 17:12:01,42.6122398376465,-8.81456470489502,"Female"
"9004155",371989,2025-07-01 17:17:09,42.6117858886719,-8.81503391265869,"Female"
"9004155",371989,2025-07-01 17:22:11,42.611270904541,-8.81516456604004,"Female"
"9004155",371989,2025-07-01 17:27:11,42.6122512817383,-8.81492328643799,"Female"
"9004155",371989,2025-07-01 17:32:28,42.6122436523438,-8.81492614746094,"Female"
"9004155",371989,2025-07-01 17:37:08,42.6122703552246,-8.81490230560303,"Female"
"9004155",371989,2025-07-01 17:42:08,42.6122741699219,-8.81496143341064,"Female"
"9004155",371989,2025-07-01 17:47:11,42.6122512817383,-8.81481456756592,"Female"
"9004155",371989,2025-07-01 17:52:08,42.6121940612793,-8.81483173370361,"Female"
"9004155",371989,2025-07-01 17:57:09,42.6122970581055,-8.81485652923584,"Female"
"9004155",371989,2025-07-01 18:02:10,42.6122169494629,-8.81493759155273,"Female"
"9004155",371989,2025-07-01 18:07:10,42.6122398376465,-8.81493854522705,"Female"
"9004155",371989,2025-07-01 18:12:09,42.6123046875,-8.81502342224121,"Female"
"9004155",371989,2025-07-01 18:17:11,42.6123504638672,-8.81501770019531,"Female"
"9004155",371989,2025-07-01 18:22:09,42.6123580932617,-8.8150053024292,"Female"
"9004155",371989,2025-07-01 18:27:20,42.6125221252441,-8.81496715545654,"Female"
"9004155",371989,2025-07-01 18:32:35,42.6123809814453,-8.81497287750244,"Female"
"9004155",371989,2025-07-01 18:37:09,42.6122894287109,-8.81488513946533,"Female"
"9004155",371989,2025-07-01 18:42:08,42.6122932434082,-8.81498432159424,"Female"
"9004155",371989,2025-07-01 18:47:09,42.612606048584,-8.8146800994873,"Female"
"9004155",371989,2025-07-01 18:52:09,42.6119689941406,-8.81528949737549,"Female"
"9004155",371989,2025-07-01 18:57:09,42.6124382019043,-8.81477355957031,"Female"
"9004155",371989,2025-07-01 19:02:09,42.6132507324219,-8.81441020965576,"Female"
"9004155",371989,2025-07-01 19:07:08,42.6131553649902,-8.81451416015625,"Female"
"9004155",371989,2025-07-01 19:12:09,42.6131057739258,-8.81455326080322,"Female"
"9004155",371989,2025-07-01 19:17:09,42.6131439208984,-8.81449317932129,"Female"
"9004155",371989,2025-07-01 19:22:43,42.6127319335938,-8.82279872894287,"Female"
"9004155",371989,2025-07-01 19:27:08,42.6115303039551,-8.83335113525391,"Female"
"9004155",371989,2025-07-01 19:32:08,42.6118202209473,-8.83761215209961,"Female"
"9004155",371989,2025-07-01 19:37:08,42.6026458740234,-8.86964511871338,"Female"
"9004155",371989,2025-07-01 19:42:09,42.6014938354492,-8.87658786773682,"Female"
"9004155",371989,2025-07-01 19:47:08,42.6014633178711,-8.87662887573242,"Female"
"9004155",371989,2025-07-01 19:52:08,42.6015357971191,-8.87660694122314,"Female"
"9004155",371989,2025-07-01 19:57:08,42.6015090942383,-8.87662220001221,"Female"
"9004155",371989,2025-07-01 20:02:08,42.6014671325684,-8.8766508102417,"Female"
"9004155",371989,2025-07-01 20:07:08,42.6014671325684,-8.87659645080566,"Female"
"9004155",371989,2025-07-01 20:12:08,42.6015396118164,-8.87663459777832,"Female"
"9004155",371989,2025-07-01 20:17:08,42.6015090942383,-8.87663745880127,"Female"
"9004155",371989,2025-07-01 20:22:08,42.6015281677246,-8.87665271759033,"Female"
"9004155",371989,2025-07-01 20:27:08,42.6013526916504,-8.87662887573242,"Female"
"9004155",371989,2025-07-01 20:32:08,42.6014823913574,-8.87665843963623,"Female"
"9004155",371989,2025-07-01 20:37:09,42.6014060974121,-8.87666320800781,"Female"
"9004155",371989,2025-07-01 20:42:09,42.6013412475586,-8.87658214569092,"Female"
"9004155",371989,2025-07-01 20:47:09,42.601261138916,-8.87655067443848,"Female"
"9004155",371989,2025-07-01 20:52:10,42.601490020752,-8.87658023834229,"Female"
"9004155",371989,2025-07-01 20:57:11,42.6012306213379,-8.87644290924072,"Female"
"9004155",371989,2025-07-01 21:02:09,42.6013565063477,-8.87656211853027,"Female"
"9004155",371989,2025-07-01 21:07:09,42.6014709472656,-8.87677955627441,"Female"
"9004155",371989,2025-07-01 21:12:10,42.6014022827148,-8.87661457061768,"Female"
"9004155",371989,2025-07-01 21:17:10,42.6012306213379,-8.87638854980469,"Female"
"9004155",371989,2025-07-01 21:22:12,42.6014823913574,-8.87659645080566,"Female"
"9004155",371989,2025-07-01 21:27:12,42.6014175415039,-8.87661075592041,"Female"
"9004155",371989,2025-07-01 21:32:10,42.6014785766602,-8.87679290771484,"Female"
"9004155",371989,2025-07-01 21:37:11,42.6013374328613,-8.87652778625488,"Female"
"9004155",371989,2025-07-01 21:42:10,42.6016159057617,-8.87723064422607,"Female"
"9004155",371989,2025-07-01 21:47:10,42.6015014648438,-8.87694549560547,"Female"
"9004155",371989,2025-07-01 21:52:12,42.6014518737793,-8.8767614364624,"Female"
"9004155",371989,2025-07-01 21:57:11,42.6015243530273,-8.87693405151367,"Female"
"9004155",371989,2025-07-01 22:02:12,42.6012725830078,-8.87650966644287,"Female"
"9004155",371989,2025-07-01 22:07:35,42.601432800293,-8.87661743164062,"Female"
"9004155",371989,2025-07-01 22:12:09,42.6014022827148,-8.87664794921875,"Female"
"9004155",371989,2025-07-01 22:17:18,42.6013946533203,-8.87665271759033,"Female"
"9004155",371989,2025-07-01 22:22:11,42.601375579834,-8.87664890289307,"Female"
"9004155",371989,2025-07-01 22:27:09,42.6013641357422,-8.87661743164062,"Female"
"9004155",371989,2025-07-01 22:32:09,42.6014022827148,-8.87662601470947,"Female"
"9004155",371989,2025-07-01 22:37:09,42.6014175415039,-8.876708984375,"Female"
"9004155",371989,2025-07-01 22:42:08,42.6013145446777,-8.87681007385254,"Female"
"9004155",371989,2025-07-01 22:47:08,42.6013832092285,-8.87667560577393,"Female"
"9004155",371989,2025-07-01 22:52:10,42.6014518737793,-8.87665367126465,"Female"
"9004155",371989,2025-07-01 22:57:09,42.6013488769531,-8.87669372558594,"Female"
"9004155",371989,2025-07-01 23:02:09,42.601432800293,-8.8766450881958,"Female"
"9004155",371989,2025-07-01 23:07:09,42.6013565063477,-8.87673664093018,"Female"
"9004155",371989,2025-07-01 23:12:20,42.6013526916504,-8.87676429748535,"Female"
"9004155",371989,2025-07-01 23:17:20,42.6015396118164,-8.87664127349854,"Female"
"9004155",371989,2025-07-01 23:22:44,42.6013870239258,-8.87667751312256,"Female"
"9004155",371989,2025-07-01 23:28:05,42.601448059082,-8.87668991088867,"Female"
"9004155",371989,2025-07-01 23:32:20,42.6015014648438,-8.87667465209961,"Female"
"9004155",371989,2025-07-01 23:37:20,42.6014747619629,-8.87662410736084,"Female"
"9004155",371989,2025-07-01 23:42:20,42.6014938354492,-8.87666702270508,"Female"
"9004155",371989,2025-07-01 23:47:20,42.6014289855957,-8.87665271759033,"Female"
"9004155",371989,2025-07-01 23:52:20,42.601432800293,-8.87665462493896,"Female"
"9004155",371989,2025-07-01 23:57:20,42.6015281677246,-8.87666606903076,"Female"
"9004155",371989,2025-07-02 00:02:44,42.6014022827148,-8.87664127349854,"Female"
"9004155",371989,2025-07-02 00:07:20,42.6014213562012,-8.87658882141113,"Female"
"9004155",371989,2025-07-02 00:12:20,42.6013565063477,-8.87660884857178,"Female"
"9004155",371989,2025-07-02 00:17:20,42.6013603210449,-8.87660026550293,"Female"
"9004155",371989,2025-07-02 00:22:20,42.6012954711914,-8.8765754699707,"Female"
"9004155",371989,2025-07-02 00:27:21,42.6013221740723,-8.8765926361084,"Female"
"9004155",371989,2025-07-02 00:32:20,42.6015014648438,-8.87661838531494,"Female"
"9004155",371989,2025-07-02 00:37:20,42.6016311645508,-8.8767786026001,"Female"
"9004155",371989,2025-07-02 00:42:20,42.6012153625488,-8.87645626068115,"Female"
"9004155",371989,2025-07-02 00:47:45,42.6013565063477,-8.87662887573242,"Female"
"9004155",371989,2025-07-02 00:52:20,42.6011619567871,-8.87663745880127,"Female"
"9004155",371989,2025-07-02 00:57:20,42.601390838623,-8.87663078308105,"Female"
"9004155",371989,2025-07-02 01:02:22,42.601432800293,-8.87670135498047,"Female"
"9004155",371989,2025-07-02 01:07:22,42.6014289855957,-8.87655735015869,"Female"
"9004155",371989,2025-07-02 01:12:32,42.6014633178711,-8.87664031982422,"Female"
"9004155",371989,2025-07-02 01:17:31,42.6010627746582,-8.87645435333252,"Female"
"9004155",371989,2025-07-02 01:22:31,42.6012420654297,-8.87652683258057,"Female"
"9004155",371989,2025-07-02 01:27:31,42.6014137268066,-8.8765344619751,"Female"
"9004155",371989,2025-07-02 01:32:45,42.6012649536133,-8.87647819519043,"Female"
"9004155",371989,2025-07-02 01:37:44,42.6012344360352,-8.8765287399292,"Female"
"9004155",371989,2025-07-02 01:42:22,42.6013031005859,-8.87657642364502,"Female"
"9004155",371989,2025-07-02 01:47:31,42.6012535095215,-8.87660980224609,"Female"
"9004155",371989,2025-07-02 01:52:22,42.6015472412109,-8.87664222717285,"Female"
"9004155",371989,2025-07-02 01:57:31,42.6012763977051,-8.87661170959473,"Female"
"9004155",371989,2025-07-02 02:02:21,42.601676940918,-8.8766508102417,"Female"
"9004155",371989,2025-07-02 02:07:31,42.6011848449707,-8.87662124633789,"Female"
"9004155",371989,2025-07-02 02:12:24,42.6016273498535,-8.87652969360352,"Female"
"9004155",371989,2025-07-02 02:17:31,42.6011581420898,-8.87661075592041,"Female"
"9004155",371989,2025-07-02 02:22:31,42.6010322570801,-8.87660026550293,"Female"
"9004155",371989,2025-07-02 02:27:44,42.6014213562012,-8.87643241882324,"Female"
"9004155",371989,2025-07-02 02:32:53,42.601390838623,-8.876540184021,"Female"
"9004155",371989,2025-07-02 02:37:21,42.6015777587891,-8.87671756744385,"Female"
"9004155",371989,2025-07-02 02:42:24,42.6014518737793,-8.87653636932373,"Female"
"9004155",371989,2025-07-02 02:47:20,42.6015663146973,-8.87648773193359,"Female"
"9004155",371989,2025-07-02 02:52:25,42.6014785766602,-8.87655258178711,"Female"
"9004155",371989,2025-07-02 02:57:20,42.6014518737793,-8.87662220001221,"Female"
"9004155",371989,2025-07-02 03:02:21,42.6014404296875,-8.87663650512695,"Female"
"9004155",371989,2025-07-02 03:07:26,42.6014137268066,-8.87655639648438,"Female"
"9004155",371989,2025-07-02 03:12:20,42.6014976501465,-8.87647247314453,"Female"
"9004155",371989,2025-07-02 03:17:23,42.6015205383301,-8.87667179107666,"Female"
"9004155",371989,2025-07-02 03:22:25,42.6014633178711,-8.87664413452148,"Female"
"9004155",371989,2025-07-02 03:27:20,42.6013946533203,-8.87659549713135,"Female"
"9004155",371989,2025-07-02 03:32:45,42.6013793945312,-8.87657737731934,"Female"
"9004155",371989,2025-07-02 03:37:20,42.6013717651367,-8.87657451629639,"Female"
"9004155",371989,2025-07-02 03:42:20,42.6013259887695,-8.87651252746582,"Female"
"9004155",371989,2025-07-02 03:47:20,42.601318359375,-8.87657451629639,"Female"
"9004155",371989,2025-07-02 03:52:20,42.6014442443848,-8.87660598754883,"Female"
"9004155",371989,2025-07-02 03:57:26,42.6014289855957,-8.87667560577393,"Female"
"9004155",371989,2025-07-02 04:02:21,42.6015396118164,-8.87648773193359,"Female"
"9004155",371989,2025-07-02 04:07:24,42.6011657714844,-8.87669467926025,"Female"
"9004155",371989,2025-07-02 04:12:32,42.6014442443848,-8.87648487091064,"Female"
"9004155",371989,2025-07-02 04:17:36,42.6015281677246,-8.87649726867676,"Female"
"9004155",371989,2025-07-02 04:22:36,42.6015205383301,-8.8765115737915,"Female"
"9004155",371989,2025-07-02 04:27:32,42.6016082763672,-8.87644672393799,"Female"
"9004155",371989,2025-07-02 04:32:59,42.6016616821289,-8.87660884857178,"Female"
"9004155",371989,2025-07-02 04:37:20,42.6016464233398,-8.87657070159912,"Female"
"9004155",371989,2025-07-02 04:42:20,42.6016578674316,-8.8765926361084,"Female"
"9004155",371989,2025-07-02 04:47:20,42.6014595031738,-8.87429332733154,"Female"
"9004155",371989,2025-07-02 04:52:20,42.6015434265137,-8.87424850463867,"Female"
"9004155",371989,2025-07-02 04:57:20,42.6015586853027,-8.87432098388672,"Female"
"9004155",371989,2025-07-02 05:02:21,42.6014213562012,-8.87424850463867,"Female"
"9004155",371989,2025-07-02 05:07:20,42.6014785766602,-8.87426662445068,"Female"
"9004155",371989,2025-07-02 05:12:20,42.6014366149902,-8.87425518035889,"Female"
"9004155",371989,2025-07-02 05:17:20,42.6014671325684,-8.87422275543213,"Female"
"9004155",371989,2025-07-02 05:22:21,42.6013069152832,-8.87399101257324,"Female"
"9004155",371989,2025-07-02 05:27:21,42.6012763977051,-8.87389659881592,"Female"
"9004155",371989,2025-07-02 05:32:21,42.6011276245117,-8.87365627288818,"Female"
"9004155",371989,2025-07-02 05:37:22,42.6009254455566,-8.87340831756592,"Female"
"9004155",371989,2025-07-02 05:42:22,42.6011924743652,-8.87376976013184,"Female"
"9004155",371989,2025-07-02 05:47:21,42.601432800293,-8.87417030334473,"Female"
"9004155",371989,2025-07-02 05:52:22,42.6016540527344,-8.87451839447021,"Female"
"9004155",371989,2025-07-02 05:57:26,42.6015853881836,-8.87429046630859,"Female"
"9004155",371989,2025-07-02 06:02:42,42.6015625,-8.87419128417969,"Female"
"9004155",371989,2025-07-02 06:07:21,42.6016845703125,-8.87484931945801,"Female"
"9004155",371989,2025-07-02 06:12:22,42.6018333435059,-8.87562084197998,"Female"
"9004155",371989,2025-07-02 06:17:23,42.601806640625,-8.87526321411133,"Female"
"9004155",371989,2025-07-02 06:22:23,42.6017532348633,-8.87491607666016,"Female"
"9004155",371989,2025-07-02 06:27:22,42.6017265319824,-8.87455272674561,"Female"
"9004155",371989,2025-07-02 06:32:22,42.6018486022949,-8.87489795684814,"Female"
"9004155",371989,2025-07-02 06:37:22,42.6017265319824,-8.87461376190186,"Female"
"9004155",371989,2025-07-02 06:42:22,42.6015472412109,-8.8733024597168,"Female"
"9004155",371989,2025-07-02 06:47:45,42.6015739440918,-8.8742151260376,"Female"
"9004155",371989,2025-07-02 06:52:25,42.6015434265137,-8.87406063079834,"Female"
"9004155",371989,2025-07-02 06:57:31,42.6016159057617,-8.87421607971191,"Female"
"9004155",371989,2025-07-02 07:02:30,42.6016159057617,-8.87412166595459,"Female"
"9004155",371989,2025-07-02 07:07:28,42.6015472412109,-8.87423229217529,"Female"
"9004155",371989,2025-07-02 07:12:25,42.6017608642578,-8.87543678283691,"Female"
"9004155",371989,2025-07-02 07:17:32,42.6015357971191,-8.8740873336792,"Female"
"9004155",371989,2025-07-02 07:22:28,42.6015319824219,-8.87407779693604,"Female"
"9004155",371989,2025-07-02 07:27:29,42.6015281677246,-8.87398147583008,"Female"
"9004155",371989,2025-07-02 07:32:44,42.6014404296875,-8.87441444396973,"Female"
"9004155",371989,2025-07-02 07:37:23,42.6014938354492,-8.87436294555664,"Female"
"9004155",371989,2025-07-02 07:42:22,42.6016311645508,-8.8748254776001,"Female"
"9004155",371989,2025-07-02 07:47:24,42.6017112731934,-8.87484550476074,"Female"
"9004155",371989,2025-07-02 07:52:23,42.6016502380371,-8.87479114532471,"Female"
"9004155",371989,2025-07-02 07:57:23,42.6015396118164,-8.87440299987793,"Female"
"9004155",371989,2025-07-02 08:02:21,42.6016616821289,-8.87474632263184,"Female"
"9004155",371989,2025-07-02 08:07:31,42.6014823913574,-8.87439823150635,"Female"
"9004155",371989,2025-07-02 08:12:25,42.6014709472656,-8.87436294555664,"Female"
"9004155",371989,2025-07-02 08:17:31,42.601490020752,-8.87431907653809,"Female"
"9004155",371989,2025-07-02 08:22:24,42.6015663146973,-8.8744068145752,"Female"
"9004155",371989,2025-07-02 08:27:26,42.6003150939941,-8.86461067199707,"Female"
"9004155",371989,2025-07-02 08:39:37,42.6003494262695,-8.86451625823975,"Female"
"9004155",371989,2025-07-02 08:44:29,42.6003456115723,-8.86450386047363,"Female"
"9004155",371989,2025-07-02 08:49:29,42.6003456115723,-8.86447525024414,"Female"
"9004155",371989,2025-07-02 08:54:29,42.6003341674805,-8.8645076751709,"Female"
"9004155",371989,2025-07-02 08:59:29,42.6027221679688,-8.85038185119629,"Female"
"9004155",371989,2025-07-02 09:04:29,42.6027221679688,-8.85038185119629,"Female"
"9004155",371989,2025-07-02 09:09:29,42.6033363342285,-8.84078121185303,"Female"
"9004155",371989,2025-07-02 09:14:31,42.6033973693848,-8.82699966430664,"Female"
"9004155",371989,2025-07-02 09:19:16,42.6051483154297,-8.81886005401611,"Female"
"9004155",371989,2025-07-02 09:24:22,42.6073226928711,-8.81455135345459,"Female"
"9004155",371989,2025-07-02 09:33:05,42.6086158752441,-8.81421661376953,"Female"
"9004155",371989,2025-07-02 09:37:44,42.6094627380371,-8.81361865997314,"Female"
"9004155",371989,2025-07-02 09:42:09,42.6095123291016,-8.81365203857422,"Female"
"9004155",371989,2025-07-02 09:47:19,42.6094665527344,-8.81365776062012,"Female"
"9004155",371989,2025-07-02 09:52:13,42.6094741821289,-8.81366539001465,"Female"
"9004155",371989,2025-07-02 09:57:35,42.6094398498535,-8.81367683410645,"Female"
"9004155",371989,2025-07-02 10:02:05,42.6094856262207,-8.81363582611084,"Female"
"9004155",371989,2025-07-02 10:07:05,42.6094436645508,-8.81367206573486,"Female"
"9004155",371989,2025-07-02 10:12:05,42.609489440918,-8.81368350982666,"Female"
"9004155",371989,2025-07-02 10:17:05,42.6095275878906,-8.81366729736328,"Female"
"9004155",371989,2025-07-02 10:22:05,42.6094551086426,-8.81376647949219,"Female"
"9004155",371989,2025-07-02 10:27:05,42.6095008850098,-8.8136568069458,"Female"
"9004155",371989,2025-07-02 10:32:05,42.6094741821289,-8.8136568069458,"Female"
"9004155",371989,2025-07-02 10:37:06,42.6094818115234,-8.81357860565186,"Female"
"9004155",371989,2025-07-02 10:42:05,42.6094360351562,-8.81371688842773,"Female"
"9004155",371989,2025-07-02 10:47:05,42.6094818115234,-8.81351661682129,"Female"
"9004155",371989,2025-07-02 10:52:06,42.6095161437988,-8.81357669830322,"Female"
"9004155",371989,2025-07-02 10:57:10,42.6094741821289,-8.81352996826172,"Female"
"9004155",371989,2025-07-02 11:02:05,42.6093978881836,-8.8133544921875,"Female"
"9004155",371989,2025-07-02 11:07:05,42.6094779968262,-8.81351852416992,"Female"
"9004155",371989,2025-07-02 11:12:21,42.6094207763672,-8.81351375579834,"Female"
"9004155",371989,2025-07-02 11:17:22,42.6094779968262,-8.81361675262451,"Female"
"9004155",371989,2025-07-02 11:22:16,42.6094512939453,-8.81364345550537,"Female"
"9004155",371989,2025-07-02 11:27:15,42.6117973327637,-8.81481266021729,"Female"
"9004155",371989,2025-07-02 11:32:16,42.6118507385254,-8.81494808197021,"Female"
"9004155",371989,2025-07-02 11:37:29,42.6114387512207,-8.81561946868896,"Female"
"9004155",371989,2025-07-02 11:43:57,42.6110763549805,-8.81552696228027,"Female"
"9004155",371989,2025-07-02 11:48:31,42.6110763549805,-8.81538486480713,"Female"
"9004155",371989,2025-07-02 11:53:32,42.6111488342285,-8.81535911560059,"Female"
"9004155",371989,2025-07-02 11:58:32,42.6114349365234,-8.81583118438721,"Female"
"9004155",371989,2025-07-02 12:03:38,42.6111602783203,-8.81529808044434,"Female"
"9004155",371989,2025-07-02 12:09:05,42.6109962463379,-8.81548309326172,"Female"
"9004155",371989,2025-07-02 12:13:32,42.6111221313477,-8.81549549102783,"Female"
"9004155",371989,2025-07-02 12:18:37,42.6111526489258,-8.81546211242676,"Female"
"9004155",371989,2025-07-02 12:23:33,42.6113090515137,-8.81546020507812,"Female"
"9004155",371989,2025-07-02 12:28:37,42.6111259460449,-8.81546688079834,"Female"
"9004155",371989,2025-07-02 12:33:36,42.6110763549805,-8.81548595428467,"Female"
"9004155",371989,2025-07-02 12:38:33,42.6113166809082,-8.81548976898193,"Female"
"9004155",371989,2025-07-02 12:43:36,42.6110305786133,-8.81549739837646,"Female"
"9004155",371989,2025-07-02 12:48:33,42.6109619140625,-8.81552696228027,"Female"
"9004155",371989,2025-07-02 12:53:36,42.6111145019531,-8.81551647186279,"Female"
"9004155",371989,2025-07-02 12:58:32,42.6109657287598,-8.81551361083984,"Female"
"9004155",371989,2025-07-02 13:03:34,42.611141204834,-8.81552505493164,"Female"
"9004155",371989,2025-07-02 13:08:36,42.6111717224121,-8.8155517578125,"Female"
"9004155",371989,2025-07-02 13:13:33,42.610969543457,-8.81555461883545,"Female"
"9004155",371989,2025-07-02 13:18:34,42.6111679077148,-8.81556606292725,"Female"
"9004155",371989,2025-07-02 13:24:01,42.611198425293,-8.81541347503662,"Female"
"9004155",371989,2025-07-02 13:28:31,42.6111907958984,-8.81542205810547,"Female"
"9004155",371989,2025-07-02 13:33:31,42.6112060546875,-8.81546878814697,"Female"
"9004155",371989,2025-07-02 13:38:32,42.6112937927246,-8.8149528503418,"Female"
"9004155",371989,2025-07-02 13:43:36,42.6123275756836,-8.8150577545166,"Female"
"9004155",371989,2025-07-02 13:49:28,42.6128463745117,-8.81604290008545,"Female"
"9004155",371989,2025-07-02 13:54:49,42.6132965087891,-8.81569480895996,"Female"
"9004155",371989,2025-07-02 13:59:49,42.6124954223633,-8.81727886199951,"Female"
"9004155",371989,2025-07-02 14:04:48,42.6125068664551,-8.81741428375244,"Female"
"9004155",371989,2025-07-02 14:09:49,42.6124458312988,-8.81733131408691,"Female"
"9004155",371989,2025-07-02 14:14:48,42.6124000549316,-8.81732845306396,"Female"
"9004155",371989,2025-07-02 14:19:49,42.6125106811523,-8.81736278533936,"Female"
"9004155",371989,2025-07-02 14:24:48,42.6125984191895,-8.81732559204102,"Female"
"9004155",371989,2025-07-02 14:29:48,42.6126174926758,-8.81735706329346,"Female"
"9004155",371989,2025-07-02 14:34:48,42.6126289367676,-8.81736469268799,"Female"
"9004155",371989,2025-07-02 14:39:48,42.6126174926758,-8.81734371185303,"Female"
"9004155",371989,2025-07-02 14:44:48,42.6126594543457,-8.81730461120605,"Female"
"9004155",371989,2025-07-02 14:49:48,42.6126098632812,-8.81738090515137,"Female"
"9004155",371989,2025-07-02 14:54:48,42.6126022338867,-8.81730175018311,"Female"
"9004155",371989,2025-07-02 14:59:51,42.6126480102539,-8.81734561920166,"Female"
"9004155",371989,2025-07-02 15:04:50,42.6126327514648,-8.81726551055908,"Female"
"9004155",371989,2025-07-02 15:09:50,42.6126976013184,-8.81724834442139,"Female"
"9004155",371989,2025-07-02 15:14:50,42.612735748291,-8.81722545623779,"Female"
"9004155",371989,2025-07-02 15:19:48,42.6127243041992,-8.81710243225098,"Female"
"9004155",371989,2025-07-02 15:24:48,42.612720489502,-8.81705856323242,"Female"
"9004155",371989,2025-07-02 15:30:01,42.612850189209,-8.81736850738525,"Female"
"9004155",371989,2025-07-02 15:34:49,42.6126365661621,-8.81707382202148,"Female"
"9004155",371989,2025-07-02 15:40:01,42.6127090454102,-8.81735420227051,"Female"
"9004155",371989,2025-07-02 15:45:01,42.6127891540527,-8.81770420074463,"Female"
"9004155",371989,2025-07-02 15:50:14,42.6127166748047,-8.81755542755127,"Female"
"9004155",371989,2025-07-02 15:54:49,42.612663269043,-8.8174524307251,"Female"
"9004155",371989,2025-07-02 15:59:49,42.6127548217773,-8.81741333007812,"Female"
"9004155",371989,2025-07-02 16:04:49,42.6127662658691,-8.81740570068359,"Female"
"9004155",371989,2025-07-02 16:09:49,42.612678527832,-8.81737804412842,"Female"
"9004155",371989,2025-07-02 16:15:51,42.612964630127,-8.8159351348877,"Female"
"9004155",371989,2025-07-02 16:21:18,42.6130180358887,-8.81592273712158,"Female"
"9004155",371989,2025-07-02 16:26:17,42.6132774353027,-8.81570720672607,"Female"
"9004155",371989,2025-07-02 16:31:27,42.6127624511719,-8.81719875335693,"Female"
"9004155",371989,2025-07-02 16:36:16,42.6127433776855,-8.81717014312744,"Female"
"9004155",371989,2025-07-02 16:41:16,42.6127510070801,-8.81713008880615,"Female"
"9004155",371989,2025-07-02 16:46:16,42.6127166748047,-8.81715393066406,"Female"
"9004155",371989,2025-07-02 16:51:16,42.6127243041992,-8.81714248657227,"Female"
"9004155",371989,2025-07-02 16:56:16,42.6126976013184,-8.81710815429688,"Female"
"9004155",371989,2025-07-02 17:01:30,42.6126136779785,-8.81680870056152,"Female"
"9004155",371989,2025-07-02 17:06:29,42.612678527832,-8.81680679321289,"Female"
"9004155",371989,2025-07-02 17:11:29,42.6126441955566,-8.81684970855713,"Female"
"9004155",371989,2025-07-02 17:16:29,42.612621307373,-8.8168363571167,"Female"
"9004155",371989,2025-07-02 17:21:25,42.6126861572266,-8.81680107116699,"Female"
"9004155",371989,2025-07-02 17:26:16,42.612678527832,-8.81681060791016,"Female"
"9004155",371989,2025-07-02 17:31:16,42.6127281188965,-8.8169527053833,"Female"
"9004155",371989,2025-07-02 17:36:25,42.6127243041992,-8.81690979003906,"Female"
"9004155",371989,2025-07-02 17:41:26,42.6127510070801,-8.81692218780518,"Female"
"9004155",371989,2025-07-02 17:46:25,42.6127777099609,-8.81690311431885,"Female"
"9004155",371989,2025-07-02 17:51:29,42.6128311157227,-8.81689357757568,"Female"
"9004155",371989,2025-07-02 17:56:17,42.6128273010254,-8.81701755523682,"Female"
"9004155",371989,2025-07-02 18:01:25,42.6144523620605,-8.81752777099609,"Female"
"9004155",371989,2025-07-02 18:06:25,42.6128044128418,-8.81701850891113,"Female"
"9004155",371989,2025-07-02 18:11:26,42.6131362915039,-8.81736850738525,"Female"
"9004155",371989,2025-07-02 18:16:25,42.6127548217773,-8.81692600250244,"Female"
"9004155",371989,2025-07-02 18:21:18,42.6126289367676,-8.81702041625977,"Female"
"9004155",371989,2025-07-02 18:26:18,42.6126251220703,-8.817063331604,"Female"
"9004155",371989,2025-07-02 18:31:18,42.6126251220703,-8.81704139709473,"Female"
"9004155",371989,2025-07-02 18:36:18,42.612606048584,-8.8170280456543,"Female"
"9004155",371989,2025-07-02 18:41:18,42.612621307373,-8.81702518463135,"Female"
"9004155",371989,2025-07-02 18:46:17,42.6126594543457,-8.81697559356689,"Female"
"9004155",371989,2025-07-02 18:51:17,42.6126289367676,-8.81702423095703,"Female"
"9004155",371989,2025-07-02 18:56:17,42.6125717163086,-8.81708526611328,"Female"
"9004155",371989,2025-07-02 19:01:17,42.6125831604004,-8.81711387634277,"Female"
"9004155",371989,2025-07-02 19:06:17,42.6045150756836,-8.85762500762939,"Female"
"9004155",371989,2025-07-02 19:11:22,42.6040496826172,-8.86568546295166,"Female"
"9004155",371989,2025-07-02 19:16:18,42.6032447814941,-8.8686466217041,"Female"
"9004155",371989,2025-07-02 19:21:25,42.6020011901855,-8.87677764892578,"Female"
"9004155",371989,2025-07-02 19:26:25,42.6020545959473,-8.87689399719238,"Female"
"9004155",371989,2025-07-02 19:31:25,42.6020545959473,-8.87691116333008,"Female"
"9004155",371989,2025-07-02 19:36:35,42.6018600463867,-8.87699317932129,"Female"
"9004155",371989,2025-07-02 19:41:25,42.6015625,-8.87692546844482,"Female"
"9004155",371989,2025-07-02 19:46:35,42.6016311645508,-8.87692451477051,"Female"
"9004155",371989,2025-07-02 19:51:16,42.6016654968262,-8.87678813934326,"Female"
"9004155",371989,2025-07-02 19:56:16,42.6016426086426,-8.87661170959473,"Female"
"9004155",371989,2025-07-02 20:01:17,42.6016807556152,-8.87676525115967,"Female"
"9004155",371989,2025-07-02 20:06:17,42.6016693115234,-8.87658309936523,"Female"
"9004155",371989,2025-07-02 20:11:35,42.6017723083496,-8.87709522247314,"Female"
"9004155",371989,2025-07-02 20:16:35,42.6017379760742,-8.87690448760986,"Female"
"9004155",371989,2025-07-02 20:21:16,42.6019325256348,-8.87680339813232,"Female"
"9004155",371989,2025-07-02 20:26:16,42.6019325256348,-8.87692737579346,"Female"
"9004155",371989,2025-07-02 20:31:16,42.6017036437988,-8.87680530548096,"Female"
"9004155",371989,2025-07-02 20:36:17,42.6015243530273,-8.87687015533447,"Female"
"9004155",371989,2025-07-02 20:41:16,42.6017112731934,-8.87686157226562,"Female"
"9004155",371989,2025-07-02 20:46:16,42.6014595031738,-8.8765344619751,"Female"
"9004155",371989,2025-07-02 20:51:19,42.6012649536133,-8.87670707702637,"Female"
"9004155",371989,2025-07-02 20:56:17,42.6014404296875,-8.87647342681885,"Female"
"9004155",371989,2025-07-02 21:01:17,42.6013717651367,-8.8770227432251,"Female"
"9004155",371989,2025-07-02 21:06:16,42.6015281677246,-8.87699604034424,"Female"
"9004155",371989,2025-07-02 21:11:17,42.601375579834,-8.87713050842285,"Female"
"9004155",371989,2025-07-02 21:16:18,42.6014938354492,-8.87705612182617,"Female"
"9004155",371989,2025-07-02 21:21:16,42.6014022827148,-8.87710762023926,"Female"
"9004155",371989,2025-07-02 21:26:16,42.6014518737793,-8.8771448135376,"Female"
"9004155",371989,2025-07-02 21:31:17,42.6014442443848,-8.87709522247314,"Female"
"9004155",371989,2025-07-02 21:36:18,42.6014404296875,-8.87709140777588,"Female"
"9004155",371989,2025-07-02 21:41:18,42.6013946533203,-8.87709712982178,"Female"
"9004155",371989,2025-07-02 21:46:17,42.601448059082,-8.87715721130371,"Female"
"9004155",371989,2025-07-02 21:51:17,42.6014289855957,-8.87714195251465,"Female"
"9004155",371989,2025-07-02 21:56:17,42.601432800293,-8.87711906433105,"Female"
"9004155",371989,2025-07-02 22:01:17,42.6014175415039,-8.8770055770874,"Female"
"9004155",371989,2025-07-02 22:06:17,42.601375579834,-8.87691116333008,"Female"
"9004155",371989,2025-07-02 22:11:18,42.601390838623,-8.87682723999023,"Female"
"9004155",371989,2025-07-02 22:16:19,42.6014251708984,-8.87689781188965,"Female"
"9004155",371989,2025-07-02 22:21:17,42.601390838623,-8.87690353393555,"Female"
"9004155",371989,2025-07-02 22:26:17,42.6014175415039,-8.87675380706787,"Female"
"9004155",371989,2025-07-02 22:31:17,42.6014251708984,-8.87679290771484,"Female"
"9004155",371989,2025-07-02 22:36:17,42.6014747619629,-8.87673377990723,"Female"
"9004155",371989,2025-07-02 22:41:17,42.601448059082,-8.87660980224609,"Female"
"9004155",371989,2025-07-02 22:46:17,42.6014518737793,-8.87665462493896,"Female"
"9004155",371989,2025-07-02 22:51:18,42.601490020752,-8.87675762176514,"Female"
"9004155",371989,2025-07-02 22:56:18,42.6014747619629,-8.87685298919678,"Female"
"9004155",371989,2025-07-02 23:01:23,42.6014060974121,-8.87670707702637,"Female"
"9004155",371989,2025-07-02 23:06:22,42.6014251708984,-8.87655162811279,"Female"
"9004155",371989,2025-07-02 23:11:20,42.6014213562012,-8.87650680541992,"Female"
"9004155",371989,2025-07-02 23:16:18,42.6016998291016,-8.87674903869629,"Female"
"9004155",371989,2025-07-02 23:21:18,42.6015968322754,-8.87662029266357,"Female"
"9004155",371989,2025-07-02 23:26:19,42.6015701293945,-8.87658882141113,"Female"
"9004155",371989,2025-07-02 23:31:20,42.6014442443848,-8.87653636932373,"Female"
"9004155",371989,2025-07-02 23:36:22,42.6014595031738,-8.87651634216309,"Female"
"9004155",371989,2025-07-02 23:41:23,42.6014556884766,-8.87651920318604,"Female"
"9004155",371989,2025-07-02 23:46:25,42.6014518737793,-8.87647533416748,"Female"
"9004155",371989,2025-07-02 23:51:25,42.6014862060547,-8.87660598754883,"Female"
"9004155",371989,2025-07-02 23:56:17,42.6015472412109,-8.87679862976074,"Female"
"9004155",371989,2025-07-03 00:01:25,42.6014862060547,-8.8766918182373,"Female"
"9004155",371989,2025-07-03 00:06:16,42.6015853881836,-8.87695598602295,"Female"
"9004155",371989,2025-07-03 00:11:23,42.6014976501465,-8.87676429748535,"Female"
"9004155",371989,2025-07-03 00:16:23,42.6015167236328,-8.87683773040771,"Female"
"9004155",371989,2025-07-03 00:21:17,42.6015625,-8.87696170806885,"Female"
"9004155",371989,2025-07-03 00:26:17,42.6015625,-8.87688827514648,"Female"
"9004155",371989,2025-07-03 00:31:19,42.6016082763672,-8.87694549560547,"Female"
"9004155",371989,2025-07-03 00:36:25,42.6015892028809,-8.87691688537598,"Female"
"9004155",371989,2025-07-03 00:41:16,42.6015472412109,-8.87698459625244,"Female"
"9004155",371989,2025-07-03 00:46:25,42.6015930175781,-8.87698650360107,"Female"
"9004155",371989,2025-07-03 00:51:25,42.6016311645508,-8.87697505950928,"Female"
"9004155",371989,2025-07-03 00:56:25,42.6015815734863,-8.8770580291748,"Female"
"9004155",371989,2025-07-03 01:01:25,42.601619720459,-8.87706851959229,"Female"
"9004155",371989,2025-07-03 01:06:26,42.6015663146973,-8.87710380554199,"Female"
"9004155",371989,2025-07-03 01:11:33,42.6014137268066,-8.87678337097168,"Female"
"9004155",371989,2025-07-03 01:16:16,42.6013412475586,-8.87680816650391,"Female"
"9004155",371989,2025-07-03 01:21:16,42.6013641357422,-8.87683296203613,"Female"
"9004155",371989,2025-07-03 01:26:16,42.6013793945312,-8.87684726715088,"Female"
"9004155",371989,2025-07-03 01:31:16,42.6013603210449,-8.87681770324707,"Female"
"9004155",371989,2025-07-03 01:36:16,42.6013679504395,-8.87682819366455,"Female"
"9004155",371989,2025-07-03 01:41:16,42.6013603210449,-8.87682342529297,"Female"
"9004155",371989,2025-07-03 01:46:17,42.6013717651367,-8.87674617767334,"Female"
"9004155",371989,2025-07-03 01:51:17,42.6013641357422,-8.87671852111816,"Female"
"9004155",371989,2025-07-03 01:56:15,42.6013870239258,-8.87675094604492,"Female"
"9004155",371989,2025-07-03 02:01:16,42.6013526916504,-8.8767261505127,"Female"
"9004155",371989,2025-07-03 02:06:15,42.6013679504395,-8.87657451629639,"Female"
"9004155",371989,2025-07-03 02:11:16,42.6014671325684,-8.87661266326904,"Female"
"9004155",371989,2025-07-03 02:16:15,42.601490020752,-8.87670516967773,"Female"
"9004155",371989,2025-07-03 02:21:44,42.6014862060547,-8.87661266326904,"Female"
"9004155",371989,2025-07-03 02:26:15,42.6015853881836,-8.87673950195312,"Female"
"9004155",371989,2025-07-03 02:31:15,42.601432800293,-8.87669086456299,"Female"
"9004155",371989,2025-07-03 02:36:16,42.6011734008789,-8.87691783905029,"Female"
"9004155",371989,2025-07-03 02:41:17,42.601490020752,-8.8767032623291,"Female"
"9004155",371989,2025-07-03 02:46:27,42.601505279541,-8.87675285339355,"Female"
"9004155",371989,2025-07-03 02:51:18,42.6014442443848,-8.87682056427002,"Female"
"9004155",371989,2025-07-03 02:56:23,42.6014785766602,-8.87685585021973,"Female"
"9004155",371989,2025-07-03 03:01:18,42.6013298034668,-8.87679767608643,"Female"
"9004155",371989,2025-07-03 03:06:19,42.6017417907715,-8.87668323516846,"Female"
"9004155",371989,2025-07-03 03:11:19,42.6015625,-8.87666416168213,"Female"
"9004155",371989,2025-07-03 03:16:43,42.6015014648438,-8.87669372558594,"Female"
"9004155",371989,2025-07-03 03:21:15,42.6015129089355,-8.87662792205811,"Female"
"9004155",371989,2025-07-03 03:26:15,42.6015586853027,-8.87667083740234,"Female"
"9004155",371989,2025-07-03 03:31:15,42.601448059082,-8.87656307220459,"Female"
"9004155",371989,2025-07-03 03:36:16,42.601432800293,-8.87670803070068,"Female"
"9004155",371989,2025-07-03 03:41:16,42.6014595031738,-8.87666606903076,"Female"
"9004155",371989,2025-07-03 03:46:19,42.6014823913574,-8.87674331665039,"Female"
"9004155",371989,2025-07-03 03:51:17,42.6014976501465,-8.8768196105957,"Female"
"9004155",371989,2025-07-03 03:56:16,42.6014823913574,-8.87685108184814,"Female"
"9004155",371989,2025-07-03 04:01:17,42.601432800293,-8.87671279907227,"Female"
"9004155",371989,2025-07-03 04:06:16,42.6014709472656,-8.87673950195312,"Female"
"9004155",371989,2025-07-03 04:11:17,42.6014633178711,-8.87671852111816,"Female"
"9004155",371989,2025-07-03 04:16:17,42.6014213562012,-8.87661361694336,"Female"
"9004155",371989,2025-07-03 04:21:18,42.6014862060547,-8.87660980224609,"Female"
"9004155",371989,2025-07-03 04:26:16,42.6014785766602,-8.87672996520996,"Female"
"9004155",371989,2025-07-03 04:31:16,42.6014823913574,-8.87673950195312,"Female"
"9004155",371989,2025-07-03 04:36:16,42.6015434265137,-8.8742733001709,"Female"
"9004155",371989,2025-07-03 04:41:16,42.6015319824219,-8.87424278259277,"Female"
"9004155",371989,2025-07-03 04:46:16,42.6014747619629,-8.87400245666504,"Female"
"9004155",371989,2025-07-03 04:51:16,42.601490020752,-8.87421035766602,"Female"
"9004155",371989,2025-07-03 04:56:16,42.6014938354492,-8.87417507171631,"Female"
"9004155",371989,2025-07-03 05:01:16,42.6016616821289,-8.87437915802002,"Female"
"9004155",371989,2025-07-03 05:06:16,42.6017379760742,-8.8742208480835,"Female"
"9004155",371989,2025-07-03 05:11:16,42.6016159057617,-8.87412261962891,"Female"
"9004155",371989,2025-07-03 05:16:16,42.6017456054688,-8.87405586242676,"Female"
"9004155",371989,2025-07-03 05:21:16,42.6018257141113,-8.87436008453369,"Female"
"9004155",371989,2025-07-03 05:26:17,42.6017608642578,-8.87431907653809,"Female"
"9004155",371989,2025-07-03 05:31:17,42.6020736694336,-8.87457466125488,"Female"
"9004155",371989,2025-07-03 05:36:17,42.6020050048828,-8.87454414367676,"Female"
"9004155",371989,2025-07-03 05:41:18,42.6017074584961,-8.87414932250977,"Female"
"9004155",371989,2025-07-03 05:46:17,42.6019592285156,-8.87448883056641,"Female"
"9004155",371989,2025-07-03 05:51:17,42.6019248962402,-8.87458038330078,"Female"
"9004155",371989,2025-07-03 05:56:17,42.6019020080566,-8.87450408935547,"Female"
"9004155",371989,2025-07-03 06:01:17,42.601863861084,-8.87441444396973,"Female"
"9004155",371989,2025-07-03 06:06:16,42.6017189025879,-8.87457370758057,"Female"
"9004155",371989,2025-07-03 06:11:16,42.6018257141113,-8.87435817718506,"Female"
"9004155",371989,2025-07-03 06:16:17,42.6017646789551,-8.87447834014893,"Female"
"9004155",371989,2025-07-03 06:21:16,42.6017990112305,-8.87446308135986,"Female"
"9004155",371989,2025-07-03 06:26:16,42.6015777587891,-8.8736400604248,"Female"
"9004155",371989,2025-07-03 06:31:17,42.6015281677246,-8.87467002868652,"Female"
"9004155",371989,2025-07-03 06:36:16,42.6012573242188,-8.87476348876953,"Female"
"9004155",371989,2025-07-03 06:41:16,42.6015167236328,-8.87464904785156,"Female"
"9004155",371989,2025-07-03 06:46:16,42.6015853881836,-8.87461185455322,"Female"
"9004155",371989,2025-07-03 06:51:16,42.6012916564941,-8.87479686737061,"Female"
"9004155",371989,2025-07-03 06:56:16,42.6016731262207,-8.87692070007324,"Female"
"9004155",371989,2025-07-03 07:01:16,42.6016273498535,-8.87692546844482,"Female"
"9004155",371989,2025-07-03 07:06:17,42.6015930175781,-8.87692260742188,"Female"
"9004155",371989,2025-07-03 07:11:16,42.601619720459,-8.87687873840332,"Female"
"9004155",371989,2025-07-03 07:16:16,42.6015968322754,-8.87687301635742,"Female"
"9004155",371989,2025-07-03 07:21:16,42.6016120910645,-8.87685203552246,"Female"
"9004155",371989,2025-07-03 07:26:16,42.6015396118164,-8.8768482208252,"Female"
"9004155",371989,2025-07-03 07:31:17,42.6016502380371,-8.87672519683838,"Female"
"9004155",371989,2025-07-03 07:36:16,42.6015472412109,-8.87671375274658,"Female"
"9004155",371989,2025-07-03 07:41:16,42.6016044616699,-8.87666130065918,"Female"
"9004155",371989,2025-07-03 07:46:16,42.6016120910645,-8.87660884857178,"Female"
"9004155",371989,2025-07-03 07:51:16,42.6015586853027,-8.87655735015869,"Female"
"9004155",371989,2025-07-03 07:56:16,42.601505279541,-8.87648582458496,"Female"
"9004155",371989,2025-07-03 08:01:16,42.6015434265137,-8.87646007537842,"Female"
"9004155",371989,2025-07-03 08:06:16,42.6016235351562,-8.87641525268555,"Female"
"9004155",371989,2025-07-03 08:11:16,42.6017036437988,-8.87637901306152,"Female"
"9004155",371989,2025-07-03 08:16:16,42.6018447875977,-8.87655353546143,"Female"
"9004155",371989,2025-07-03 08:21:16,42.6016693115234,-8.87616157531738,"Female"
"9004155",371989,2025-07-03 08:26:17,42.6017189025879,-8.87622451782227,"Female"
"9004155",371989,2025-07-03 08:31:16,42.6024894714355,-8.87700176239014,"Female"
"9004155",371989,2025-07-03 08:36:16,42.6028785705566,-8.87716865539551,"Female"
"9004155",371989,2025-07-03 08:41:16,42.6027183532715,-8.87709331512451,"Female"
"9004155",371989,2025-07-03 08:46:16,42.6026153564453,-8.87703609466553,"Female"
"9004155",371989,2025-07-03 08:51:17,42.6025581359863,-8.87702178955078,"Female"
"9004155",371989,2025-07-03 08:56:17,42.6025428771973,-8.87701892852783,"Female"
"9004155",371989,2025-07-03 09:01:17,42.6025505065918,-8.87699413299561,"Female"
"9004155",371989,2025-07-03 09:06:17,42.6025047302246,-8.87697982788086,"Female"
"9004155",371989,2025-07-03 09:11:17,42.6025581359863,-8.87697696685791,"Female"
"9004155",371989,2025-07-03 09:16:18,42.6023559570312,-8.877028465271,"Female"
"9004155",371989,2025-07-03 09:21:17,42.6026191711426,-8.87693023681641,"Female"
"9004155",371989,2025-07-03 09:26:17,42.6024551391602,-8.87690734863281,"Female"
"9004155",371989,2025-07-03 09:31:17,42.602409362793,-8.87690544128418,"Female"
"9004155",371989,2025-07-03 09:36:18,42.6022834777832,-8.87700462341309,"Female"
"9004155",371989,2025-07-03 09:41:17,42.6024169921875,-8.87695407867432,"Female"
"9004155",371989,2025-07-03 09:46:18,42.6023139953613,-8.87692546844482,"Female"
"9004155",371989,2025-07-03 09:51:17,42.6023063659668,-8.87699031829834,"Female"
"9004155",371989,2025-07-03 09:56:18,42.6021690368652,-8.8770227432251,"Female"
"9004155",371989,2025-07-03 10:01:18,42.6022758483887,-8.87701988220215,"Female"
"9004155",371989,2025-07-03 10:06:18,42.602165222168,-8.87703704833984,"Female"
"9004155",371989,2025-07-03 10:11:18,42.6021842956543,-8.87702655792236,"Female"
"9004155",371989,2025-07-03 10:16:17,42.6022491455078,-8.87699508666992,"Female"
"9004155",371989,2025-07-03 10:21:21,42.6021957397461,-8.87659454345703,"Female"
"9004155",371989,2025-07-03 10:26:19,42.6023864746094,-8.87638092041016,"Female"
"9004155",371989,2025-07-03 10:31:21,42.602165222168,-8.87662124633789,"Female"
"9004155",371989,2025-07-03 10:36:19,42.6020927429199,-8.876708984375,"Female"
"9004155",371989,2025-07-03 10:41:19,42.6022758483887,-8.87646675109863,"Female"
"9004155",371989,2025-07-03 10:46:21,42.6022262573242,-8.87639808654785,"Female"
"9004155",371989,2025-07-03 10:51:19,42.6022491455078,-8.87639427185059,"Female"
"9004155",371989,2025-07-03 10:56:19,42.6023445129395,-8.87625312805176,"Female"
"9004155",371989,2025-07-03 11:01:17,42.6021881103516,-8.876540184021,"Female"
"9004155",371989,2025-07-03 11:06:17,42.601863861084,-8.8762903213501,"Female"
"9004155",371989,2025-07-03 11:11:18,42.6018867492676,-8.87396335601807,"Female"
"9004155",371989,2025-07-03 11:16:17,42.6049880981445,-8.85704135894775,"Female"
"9004155",371989,2025-07-03 11:21:17,42.6080551147461,-8.84773254394531,"Female"
"9004155",371989,2025-07-03 11:26:16,42.6109085083008,-8.8391809463501,"Female"
"9004155",371989,2025-07-03 11:32:36,42.6108665466309,-8.83892726898193,"Female"
"9004155",371989,2025-07-03 11:37:33,42.6111907958984,-8.83925628662109,"Female"
"9004155",371989,2025-07-03 11:42:33,42.6108741760254,-8.83945846557617,"Female"
"9004155",371989,2025-07-03 11:47:33,42.6109199523926,-8.83942222595215,"Female"
"9004155",371989,2025-07-03 11:52:33,42.6109428405762,-8.83943939208984,"Female"
"9004155",371989,2025-07-03 11:57:32,42.610954284668,-8.83939456939697,"Female"
"9004155",371989,2025-07-03 12:02:32,42.6111183166504,-8.83942031860352,"Female"
"9004155",371989,2025-07-03 12:07:32,42.6109848022461,-8.83940696716309,"Female"
"9004155",371989,2025-07-03 12:12:32,42.6110076904297,-8.83940029144287,"Female"
"9004155",371989,2025-07-03 12:17:32,42.6110343933105,-8.83941745758057,"Female"
"9004155",371989,2025-07-03 12:22:32,42.6110229492188,-8.83939075469971,"Female"
"9004155",371989,2025-07-03 12:27:32,42.610954284668,-8.83949661254883,"Female"
"9004155",371989,2025-07-03 12:32:32,42.6110153198242,-8.83936023712158,"Female"
"9004155",371989,2025-07-03 12:37:33,42.6108703613281,-8.83954429626465,"Female"
"9004155",371989,2025-07-03 12:42:32,42.6108627319336,-8.83952808380127,"Female"
"9004155",371989,2025-07-03 12:47:32,42.610969543457,-8.8394832611084,"Female"
"9004155",371989,2025-07-03 12:52:32,42.6110610961914,-8.83941841125488,"Female"
"9004155",371989,2025-07-03 12:57:32,42.6123352050781,-8.83984279632568,"Female"
"9004155",371989,2025-07-03 13:02:34,42.6129379272461,-8.83943176269531,"Female"
"9004155",371989,2025-07-03 13:07:40,42.6128997802734,-8.84000110626221,"Female"
"9004155",371989,2025-07-03 13:13:11,42.6131439208984,-8.83956527709961,"Female"
"9004155",371989,2025-07-03 13:18:08,42.6125068664551,-8.83997058868408,"Female"
"9004155",371989,2025-07-03 13:23:09,42.6125679016113,-8.83986186981201,"Female"
"9004155",371989,2025-07-03 13:28:08,42.6127243041992,-8.8397388458252,"Female"
"9004155",371989,2025-07-03 13:33:08,42.6127548217773,-8.83975124359131,"Female"
"9004155",371989,2025-07-03 13:38:08,42.6127243041992,-8.83973789215088,"Female"
"9004155",371989,2025-07-03 13:43:09,42.6127586364746,-8.83975028991699,"Female"
"9004155",371989,2025-07-03 13:48:09,42.6128616333008,-8.83980083465576,"Female"
"9004155",371989,2025-07-03 13:53:09,42.6128807067871,-8.83982467651367,"Female"
"9004155",371989,2025-07-03 13:58:08,42.6126289367676,-8.83970165252686,"Female"
"9004155",371989,2025-07-03 14:03:08,42.6125068664551,-8.83968639373779,"Female"
"9004155",371989,2025-07-03 14:08:08,42.6123847961426,-8.83950805664062,"Female"
"9004155",371989,2025-07-03 14:13:08,42.6122894287109,-8.83961296081543,"Female"
"9004155",371989,2025-07-03 14:18:08,42.612133026123,-8.83983993530273,"Female"
"9004155",371989,2025-07-03 14:23:08,42.612190246582,-8.83988857269287,"Female"
"9004155",371989,2025-07-03 14:28:08,42.6121940612793,-8.83969688415527,"Female"
"9004155",371989,2025-07-03 14:33:08,42.612247467041,-8.83975791931152,"Female"
"9004155",371989,2025-07-03 14:38:08,42.6122016906738,-8.83956623077393,"Female"
"9004155",371989,2025-07-03 14:43:09,42.6122398376465,-8.8397388458252,"Female"
"9004155",371989,2025-07-03 14:48:08,42.6122055053711,-8.83969688415527,"Female"
"9004155",371989,2025-07-03 14:53:08,42.6121559143066,-8.83960819244385,"Female"
"9004155",371989,2025-07-03 14:58:09,42.6122856140137,-8.83965969085693,"Female"
"9004155",371989,2025-07-03 15:03:08,42.612133026123,-8.83995723724365,"Female"
"9004155",371989,2025-07-03 15:08:08,42.6122016906738,-8.83978843688965,"Female"
"9004155",371989,2025-07-03 15:13:08,42.6121788024902,-8.83983039855957,"Female"
"9004155",371989,2025-07-03 15:18:08,42.6122245788574,-8.83974838256836,"Female"
"9004155",371989,2025-07-03 15:23:08,42.612247467041,-8.8396635055542,"Female"
"9004155",371989,2025-07-03 15:28:37,42.6110076904297,-8.84091758728027,"Female"
"9004155",371989,2025-07-03 15:34:23,42.6113166809082,-8.84002113342285,"Female"
"9004155",371989,2025-07-03 15:39:17,42.6113204956055,-8.84021377563477,"Female"
"9004155",371989,2025-07-03 15:44:17,42.6112976074219,-8.84014320373535,"Female"
"9004155",371989,2025-07-03 15:49:17,42.6113166809082,-8.8401403427124,"Female"
"9004155",371989,2025-07-03 15:54:17,42.6113128662109,-8.8401517868042,"Female"
"9004155",371989,2025-07-03 15:59:17,42.6113204956055,-8.84007835388184,"Female"
"9004155",371989,2025-07-03 16:04:17,42.6114082336426,-8.84001064300537,"Female"
"9004155",371989,2025-07-03 16:09:17,42.6113815307617,-8.84004402160645,"Female"
"9004155",371989,2025-07-03 16:14:17,42.6111297607422,-8.83997440338135,"Female"
"9004155",371989,2025-07-03 16:19:17,42.6112060546875,-8.84003829956055,"Female"
"9004155",371989,2025-07-03 16:24:17,42.6112327575684,-8.84004783630371,"Female"
"9004155",371989,2025-07-03 16:29:17,42.6110534667969,-8.84027767181396,"Female"
"9004155",371989,2025-07-03 16:34:17,42.6112098693848,-8.84005069732666,"Female"
"9004155",371989,2025-07-03 16:39:17,42.6111602783203,-8.84015369415283,"Female"
"9004155",371989,2025-07-03 16:44:17,42.6111793518066,-8.84019088745117,"Female"
"9004155",371989,2025-07-03 16:49:17,42.6111679077148,-8.84016704559326,"Female"
"9004155",371989,2025-07-03 16:54:17,42.6111717224121,-8.84025192260742,"Female"
"9004155",371989,2025-07-03 16:59:17,42.6112327575684,-8.84020137786865,"Female"
"9004155",371989,2025-07-03 17:04:17,42.6113052368164,-8.84020614624023,"Female"
"9004155",371989,2025-07-03 17:09:17,42.6113166809082,-8.84024047851562,"Female"
"9004155",371989,2025-07-03 17:14:17,42.6113739013672,-8.84025955200195,"Female"
"9004155",371989,2025-07-03 17:19:17,42.6113700866699,-8.84022903442383,"Female"
"9004155",371989,2025-07-03 17:24:17,42.6105194091797,-8.83910751342773,"Female"
"9004155",371989,2025-07-03 17:29:17,42.611328125,-8.83973789215088,"Female"
"9004155",371989,2025-07-03 17:34:17,42.6118011474609,-8.84021091461182,"Female"
"9004155",371989,2025-07-03 17:39:17,42.6126327514648,-8.84113788604736,"Female"
"9004155",371989,2025-07-03 17:44:28,42.6123466491699,-8.84097290039062,"Female"
"9004155",371989,2025-07-03 17:49:28,42.6119995117188,-8.84115505218506,"Female"
"9004155",371989,2025-07-03 17:54:27,42.6122398376465,-8.84081649780273,"Female"
"9004155",371989,2025-07-03 17:59:27,42.6122512817383,-8.84080028533936,"Female"
"9004155",371989,2025-07-03 18:04:27,42.6124687194824,-8.84060096740723,"Female"
"9004155",371989,2025-07-03 18:09:27,42.6122131347656,-8.84078502655029,"Female"
"9004155",371989,2025-07-03 18:14:27,42.6120376586914,-8.84058380126953,"Female"
"9004155",371989,2025-07-03 18:19:28,42.6121597290039,-8.84082221984863,"Female"
"9004155",371989,2025-07-03 18:24:30,42.6120948791504,-8.84084320068359,"Female"
"9004155",371989,2025-07-03 18:29:27,42.6120147705078,-8.84072875976562,"Female"
"9004155",371989,2025-07-03 18:34:28,42.6119117736816,-8.84078216552734,"Female"
"9004155",371989,2025-07-03 18:39:27,42.6119155883789,-8.84073352813721,"Female"
"9004155",371989,2025-07-03 18:44:27,42.6118774414062,-8.84079456329346,"Female"
"9004155",371989,2025-07-03 18:49:27,42.6118431091309,-8.8408260345459,"Female"
"9004155",371989,2025-07-03 18:54:27,42.6016426086426,-8.8772439956665,"Female"
"9004155",371989,2025-07-03 18:59:27,42.6016883850098,-8.87723350524902,"Female"
"9004155",371989,2025-07-03 19:04:27,42.6016693115234,-8.87712860107422,"Female"
"9004155",371989,2025-07-03 19:09:27,42.6017189025879,-8.87712383270264,"Female"
"9004155",371989,2025-07-03 19:14:27,42.6016731262207,-8.87719821929932,"Female"
"9004155",371989,2025-07-03 19:19:27,42.6016540527344,-8.87707233428955,"Female"
"9004155",371989,2025-07-03 19:24:27,42.6016502380371,-8.87708282470703,"Female"
"9004155",371989,2025-07-03 19:29:27,42.6016426086426,-8.87711429595947,"Female"
"9004155",371989,2025-07-03 19:34:27,42.6016693115234,-8.87705516815186,"Female"
"9004155",371989,2025-07-03 19:39:27,42.601261138916,-8.87824821472168,"Female"
"9004155",371989,2025-07-03 19:44:28,42.603141784668,-8.87866687774658,"Female"
"9004155",371989,2025-07-03 19:49:27,42.6016807556152,-8.87712383270264,"Female"
"9004155",371989,2025-07-03 19:54:28,42.6019172668457,-8.87704563140869,"Female"
"9004155",371989,2025-07-03 19:59:28,42.6020431518555,-8.87706565856934,"Female"
"9004155",371989,2025-07-03 20:04:28,42.6021308898926,-8.87701320648193,"Female"
"9004155",371989,2025-07-03 20:09:27,42.6021728515625,-8.8769645690918,"Female"
"9004155",371989,2025-07-03 20:14:28,42.6020889282227,-8.87696838378906,"Female"
"9004155",371989,2025-07-03 20:19:28,42.6021728515625,-8.8769998550415,"Female"
"9004155",371989,2025-07-03 20:24:28,42.6021614074707,-8.87685298919678,"Female"
"9004155",371989,2025-07-03 20:29:28,42.6012268066406,-8.8763427734375,"Female"
"9004155",371989,2025-07-03 20:34:27,42.6012077331543,-8.87631797790527,"Female"
"9004155",371989,2025-07-03 20:39:26,42.6013031005859,-8.87626838684082,"Female"
"9004155",371989,2025-07-03 20:44:27,42.6021270751953,-8.87646293640137,"Female"
"9004155",371989,2025-07-03 20:49:27,42.6020050048828,-8.87697887420654,"Female"
"9004155",371989,2025-07-03 20:54:27,42.6015243530273,-8.87591552734375,"Female"
"9004155",371989,2025-07-03 20:59:27,42.6020774841309,-8.87689685821533,"Female"
"9004155",371989,2025-07-03 21:04:28,42.6018028259277,-8.87600803375244,"Female"
"9004155",371989,2025-07-03 21:09:28,42.6022720336914,-8.87636947631836,"Female"
"9004155",371989,2025-07-03 21:14:34,42.6022186279297,-8.87687397003174,"Female"
"9004155",371989,2025-07-03 21:19:27,42.6022872924805,-8.87649059295654,"Female"
"9004155",371989,2025-07-03 21:24:28,42.6022071838379,-8.87664985656738,"Female"
"9004155",371989,2025-07-03 21:29:28,42.6022758483887,-8.87680530548096,"Female"
"9004155",371989,2025-07-03 21:34:29,42.602237701416,-8.87637519836426,"Female"
"9004155",371989,2025-07-03 21:39:30,42.6022186279297,-8.87703514099121,"Female"
"9004155",371989,2025-07-03 21:44:31,42.6022148132324,-8.87667560577393,"Female"
"9004155",371989,2025-07-03 21:49:36,42.6022644042969,-8.87648296356201,"Female"
"9004155",371989,2025-07-03 21:54:40,42.6013374328613,-8.87765026092529,"Female"
"9004155",371989,2025-07-03 21:59:28,42.601921081543,-8.87730312347412,"Female"
"9004155",371989,2025-07-03 22:04:30,42.6020660400391,-8.87773132324219,"Female"
"9004155",371989,2025-07-03 22:09:36,42.6021537780762,-8.87621307373047,"Female"
"9004155",371989,2025-07-03 22:14:28,42.601806640625,-8.87787532806396,"Female"
"9004155",371989,2025-07-03 22:19:34,42.6017189025879,-8.87792491912842,"Female"
"9004155",371989,2025-07-03 22:24:30,42.6019172668457,-8.87743282318115,"Female"
"9004155",371989,2025-07-03 22:29:31,42.6018486022949,-8.87814044952393,"Female"
"9004155",371989,2025-07-03 22:34:31,42.6018714904785,-8.87822532653809,"Female"
"9004155",371989,2025-07-03 22:39:34,42.6018257141113,-8.87761878967285,"Female"
"9004155",371989,2025-07-03 22:44:35,42.6017608642578,-8.87702941894531,"Female"
"9004155",371989,2025-07-03 22:49:33,42.601978302002,-8.87802124023438,"Female"
"9004155",371989,2025-07-03 22:54:40,42.6016082763672,-8.87646579742432,"Female"
"9004155",371989,2025-07-03 22:59:33,42.6015129089355,-8.87596893310547,"Female"
"9004155",371989,2025-07-03 23:04:30,42.6012725830078,-8.87566089630127,"Female"
"9004155",371989,2025-07-03 23:09:30,42.6014671325684,-8.87635803222656,"Female"
"9004155",371989,2025-07-03 23:14:35,42.6015777587891,-8.8760929107666,"Female"
"9004155",371989,2025-07-03 23:19:29,42.6016082763672,-8.87649726867676,"Female"
"9004155",371989,2025-07-03 23:24:30,42.6014251708984,-8.87628364562988,"Female"
"9004155",371989,2025-07-03 23:29:35,42.6014938354492,-8.87647914886475,"Female"
"9004155",371989,2025-07-03 23:34:28,42.6021766662598,-8.87775230407715,"Female"
"9004155",371989,2025-07-03 23:39:27,42.6013031005859,-8.87606525421143,"Female"
"9004155",371989,2025-07-03 23:44:27,42.601245880127,-8.87671279907227,"Female"
"9004155",371989,2025-07-03 23:49:29,42.6015892028809,-8.87684154510498,"Female"
"9004155",371989,2025-07-03 23:54:28,42.601634979248,-8.87681579589844,"Female"
"9004155",371989,2025-07-03 23:59:28,42.6015586853027,-8.87688064575195,"Female"
"9004155",371989,2025-07-04 00:04:28,42.6015777587891,-8.87685108184814,"Female"
"9004155",371989,2025-07-04 00:09:27,42.6015510559082,-8.87692546844482,"Female"
"9004155",371989,2025-07-04 00:14:27,42.6015167236328,-8.87695789337158,"Female"
"9004155",371989,2025-07-04 00:19:37,42.6015129089355,-8.87697219848633,"Female"
"9004155",371989,2025-07-04 00:24:27,42.601505279541,-8.876953125,"Female"
"9004155",371989,2025-07-04 00:29:44,42.6015129089355,-8.87698650360107,"Female"
"9004155",371989,2025-07-04 00:34:27,42.6015129089355,-8.8769359588623,"Female"
"9004155",371989,2025-07-04 00:39:27,42.6014938354492,-8.87697219848633,"Female"
"9004155",371989,2025-07-04 00:44:27,42.6015777587891,-8.87688636779785,"Female"
"9004155",371989,2025-07-04 00:49:39,42.6014785766602,-8.87699127197266,"Female"
"9004155",371989,2025-07-04 00:54:36,42.6015625,-8.87685203552246,"Female"
"9004155",371989,2025-07-04 00:59:39,42.6014976501465,-8.87692260742188,"Female"
"9004155",371989,2025-07-04 01:04:40,42.6015357971191,-8.87688064575195,"Female"
"9004155",371989,2025-07-04 01:09:27,42.6015014648438,-8.8767728805542,"Female"
"9004155",371989,2025-07-04 01:14:27,42.6015853881836,-8.87668991088867,"Female"
"9004155",371989,2025-07-04 01:19:27,42.6015510559082,-8.87656211853027,"Female"
"9004155",371989,2025-07-04 01:24:27,42.6015739440918,-8.87668418884277,"Female"
"9004155",371989,2025-07-04 01:29:30,42.6015625,-8.8766508102417,"Female"
"9004155",371989,2025-07-04 01:34:30,42.6016426086426,-8.87665557861328,"Female"
"9004155",371989,2025-07-04 01:39:30,42.6016578674316,-8.87657642364502,"Female"
"9004155",371989,2025-07-04 01:44:28,42.6016311645508,-8.87666988372803,"Female"
"9004155",371989,2025-07-04 01:49:36,42.6014823913574,-8.87697887420654,"Female"
"9004155",371989,2025-07-04 01:54:37,42.6014633178711,-8.8770227432251,"Female"
"9004155",371989,2025-07-04 01:59:37,42.6014785766602,-8.8769474029541,"Female"
"9004155",371989,2025-07-04 02:04:37,42.6013946533203,-8.87708854675293,"Female"
"9004155",371989,2025-07-04 02:09:44,42.6014938354492,-8.87668323516846,"Female"
"9004155",371989,2025-07-04 02:14:27,42.6017074584961,-8.87668609619141,"Female"
"9004155",371989,2025-07-04 02:19:27,42.6016731262207,-8.87661838531494,"Female"
"9004155",371989,2025-07-04 02:24:29,42.6016502380371,-8.87666893005371,"Female"
"9004155",371989,2025-07-04 02:29:27,42.6018180847168,-8.87675762176514,"Female"
"9004155",371989,2025-07-04 02:34:33,42.6014595031738,-8.87655735015869,"Female"
"9004155",371989,2025-07-04 02:39:27,42.6016235351562,-8.87658882141113,"Female"
"9004155",371989,2025-07-04 02:44:27,42.6008071899414,-8.87665367126465,"Female"
"9004155",371989,2025-07-04 02:49:44,42.6015090942383,-8.87666130065918,"Female"
"9004155",371989,2025-07-04 02:54:27,42.6013793945312,-8.87658405303955,"Female"
"9004155",371989,2025-07-04 02:59:27,42.6015281677246,-8.87663459777832,"Female"
"9004155",371989,2025-07-04 03:04:27,42.601390838623,-8.8765287399292,"Female"
"9004155",371989,2025-07-04 03:09:27,42.6015548706055,-8.87678813934326,"Female"
"9004155",371989,2025-07-04 03:14:27,42.6015357971191,-8.87677669525146,"Female"
"9004155",371989,2025-07-04 03:19:27,42.6015243530273,-8.87685203552246,"Female"
"9004155",371989,2025-07-04 03:24:37,42.6016693115234,-8.87681865692139,"Female"
"9004155",371989,2025-07-04 03:29:31,42.6016464233398,-8.87682247161865,"Female"
"9004155",371989,2025-07-04 03:34:28,42.6014709472656,-8.87685680389404,"Female"
"9004155",371989,2025-07-04 03:39:29,42.6016807556152,-8.87682151794434,"Female"
"9004155",371989,2025-07-04 03:44:34,42.6015586853027,-8.8768138885498,"Female"
"9004155",371989,2025-07-04 03:49:45,42.6013870239258,-8.87646961212158,"Female"
"9004155",371989,2025-07-04 03:54:47,42.6015129089355,-8.87671852111816,"Female"
"9004155",371989,2025-07-04 03:59:30,42.6015548706055,-8.8766393661499,"Female"
"9004155",371989,2025-07-04 04:04:30,42.6014976501465,-8.87657356262207,"Female"
"9004155",371989,2025-07-04 04:09:31,42.6015434265137,-8.87664890289307,"Female"
"9004155",371989,2025-07-04 04:14:30,42.6015396118164,-8.87657451629639,"Female"
"9004155",371989,2025-07-04 04:19:36,42.6015777587891,-8.87677192687988,"Female"
"9004155",371989,2025-07-04 04:24:33,42.6016044616699,-8.87678909301758,"Female"
"9004155",371989,2025-07-04 04:29:30,42.6020736694336,-8.87766361236572,"Female"
"9004155",371989,2025-07-04 04:34:43,42.6016540527344,-8.876540184021,"Female"
"9004155",371989,2025-07-04 04:39:27,42.601676940918,-8.87647151947021,"Female"
"9004155",371989,2025-07-04 04:44:27,42.6012229919434,-8.87519645690918,"Female"
"9004155",371989,2025-07-04 04:49:27,42.6014518737793,-8.8737268447876,"Female"
"9004155",371989,2025-07-04 04:54:27,42.6015167236328,-8.87399768829346,"Female"
"9004155",371989,2025-07-04 04:59:27,42.6015625,-8.87408256530762,"Female"
"9004155",371989,2025-07-04 05:04:28,42.6015014648438,-8.8740406036377,"Female"
"9004155",371989,2025-07-04 05:09:28,42.6015434265137,-8.87400436401367,"Female"
"9004155",371989,2025-07-04 05:14:27,42.6016693115234,-8.87417984008789,"Female"
"9004155",371989,2025-07-04 05:19:27,42.6015625,-8.87402439117432,"Female"
"9004155",371989,2025-07-04 05:24:27,42.6019401550293,-8.87473106384277,"Female"
"9004155",371989,2025-07-04 05:29:28,42.6014289855957,-8.87374496459961,"Female"
"9004155",371989,2025-07-04 05:34:44,42.6016807556152,-8.87422275543213,"Female"
"9004155",371989,2025-07-04 05:39:27,42.6016540527344,-8.8741569519043,"Female"
"9004155",371989,2025-07-04 05:44:27,42.6016883850098,-8.87434768676758,"Female"
"9004155",371989,2025-07-04 05:49:27,42.6016731262207,-8.87420558929443,"Female"
"9004155",371989,2025-07-04 05:54:30,42.6015281677246,-8.8737621307373,"Female"
"9004155",371989,2025-07-04 05:59:27,42.601619720459,-8.87429141998291,"Female"
"9004155",371989,2025-07-04 06:04:35,42.6016464233398,-8.87410259246826,"Female"
"9004155",371989,2025-07-04 06:09:36,42.6016006469727,-8.87408924102783,"Female"
"9004155",371989,2025-07-04 06:14:36,42.6015129089355,-8.8740291595459,"Female"
"9004155",371989,2025-07-04 06:19:36,42.6015357971191,-8.87408351898193,"Female"
"9004155",371989,2025-07-04 06:24:36,42.6015663146973,-8.87435054779053,"Female"
"9004155",371989,2025-07-04 06:29:36,42.6015014648438,-8.87398433685303,"Female"
"9004155",371989,2025-07-04 06:34:59,42.6015167236328,-8.87425708770752,"Female"
"9004155",371989,2025-07-04 06:39:26,42.6015167236328,-8.8742790222168,"Female"
"9004155",371989,2025-07-04 06:44:26,42.6015167236328,-8.874267578125,"Female"
"9004155",371989,2025-07-04 06:49:26,42.6014709472656,-8.87429714202881,"Female"
"9004155",371989,2025-07-04 06:54:26,42.6015090942383,-8.87424087524414,"Female"
"9004155",371989,2025-07-04 06:59:26,42.6014556884766,-8.87431144714355,"Female"
"9004155",371989,2025-07-04 07:04:26,42.6014709472656,-8.87429618835449,"Female"
"9004155",371989,2025-07-04 07:09:26,42.6014595031738,-8.8743314743042,"Female"
"9004155",371989,2025-07-04 07:14:26,42.6014442443848,-8.87431716918945,"Female"
"9004155",371989,2025-07-04 07:19:26,42.6014595031738,-8.87427806854248,"Female"
"9004155",371989,2025-07-04 07:24:27,42.6014938354492,-8.87428188323975,"Female"
"9004155",371989,2025-07-04 07:29:26,42.6014976501465,-8.8743143081665,"Female"
"9004155",371989,2025-07-04 07:34:27,42.6015014648438,-8.8742504119873,"Female"
"9004155",371989,2025-07-04 07:39:26,42.6014709472656,-8.87429904937744,"Female"
"9004155",371989,2025-07-04 07:44:27,42.6014976501465,-8.87426090240479,"Female"
"9004155",371989,2025-07-04 07:49:27,42.6014556884766,-8.87427234649658,"Female"
"9004155",371989,2025-07-04 07:54:27,42.601505279541,-8.87428379058838,"Female"
"9004155",371989,2025-07-04 07:59:26,42.6014137268066,-8.87427711486816,"Female"
"9004155",371989,2025-07-04 08:04:27,42.6014747619629,-8.87428283691406,"Female"
"9004155",371989,2025-07-04 08:09:27,42.6015243530273,-8.8613338470459,"Female"
"9004155",371989,2025-07-04 08:14:27,42.6014823913574,-8.86125946044922,"Female"
"9004155",371989,2025-07-04 08:19:26,42.6014862060547,-8.861252784729,"Female"
"9004155",371989,2025-07-04 08:24:27,42.6027221679688,-8.85797786712646,"Female"
"9004155",371989,2025-07-04 08:29:27,42.6027183532715,-8.85798168182373,"Female"
"9004155",371989,2025-07-04 08:34:27,42.6068420410156,-8.84845447540283,"Female"
"9004155",371989,2025-07-04 08:39:28,42.6070289611816,-8.84783935546875,"Female"
"9004155",371989,2025-07-04 08:44:27,42.6078796386719,-8.84762477874756,"Female"
"9004155",371989,2025-07-04 08:49:27,42.6078872680664,-8.84768676757812,"Female"
"9004155",371989,2025-07-04 08:54:27,42.60791015625,-8.84777450561523,"Female"
"9004155",371989,2025-07-04 08:59:27,42.6078948974609,-8.84781360626221,"Female"
"9004155",371989,2025-07-04 09:04:27,42.6078338623047,-8.84785842895508,"Female"
"9004155",371989,2025-07-04 09:09:27,42.6078987121582,-8.84801197052002,"Female"
"9004155",371989,2025-07-04 09:14:27,42.608097076416,-8.84755325317383,"Female"
"9004155",371989,2025-07-04 09:19:27,42.6093292236328,-8.84474277496338,"Female"
"9004155",371989,2025-07-04 09:24:47,42.6108512878418,-8.84521484375,"Female"
"9004155",371989,2025-07-04 09:30:05,42.6109924316406,-8.84588623046875,"Female"
"9004155",371989,2025-07-04 09:34:46,42.6108932495117,-8.84503364562988,"Female"
"9004155",371989,2025-07-04 09:39:46,42.6108818054199,-8.84479522705078,"Female"
"9004155",371989,2025-07-04 09:44:52,42.6109046936035,-8.84483814239502,"Female"
"9004155",371989,2025-07-04 09:49:53,42.6109008789062,-8.8448543548584,"Female"
"9004155",371989,2025-07-04 09:54:54,42.6108589172363,-8.84485626220703,"Female"
"9004155",371989,2025-07-04 09:59:53,42.6109046936035,-8.84486865997314,"Female"
"9004155",371989,2025-07-04 10:04:52,42.6108932495117,-8.8448371887207,"Female"
"9004155",371989,2025-07-04 10:09:49,42.6109275817871,-8.84477806091309,"Female"
"9004155",371989,2025-07-04 10:14:51,42.610897064209,-8.84479713439941,"Female"
"9004155",371989,2025-07-04 10:19:49,42.6109275817871,-8.84471893310547,"Female"
"9004155",371989,2025-07-04 10:24:52,42.6109428405762,-8.84413719177246,"Female"
"9004155",371989,2025-07-04 10:29:51,42.6108856201172,-8.84425830841064,"Female"
"9004155",371989,2025-07-04 10:35:03,42.6109199523926,-8.84464359283447,"Female"
"9004155",371989,2025-07-04 10:39:47,42.6109313964844,-8.84468746185303,"Female"
"9004155",371989,2025-07-04 10:44:51,42.6111145019531,-8.84463787078857,"Female"
"9004155",371989,2025-07-04 10:50:00,42.6108818054199,-8.84462928771973,"Female"
"9004155",371989,2025-07-04 10:55:03,42.6109199523926,-8.84468269348145,"Female"
"9004155",371989,2025-07-04 10:59:46,42.6109237670898,-8.84468841552734,"Female"
"9004155",371989,2025-07-04 11:04:46,42.6109390258789,-8.84470272064209,"Female"
"9004155",371989,2025-07-04 11:09:46,42.610969543457,-8.84466075897217,"Female"
"9004155",371989,2025-07-04 11:14:46,42.6109085083008,-8.84473514556885,"Female"
"9004155",371989,2025-07-04 11:19:46,42.6109046936035,-8.84472274780273,"Female"
"9004155",371989,2025-07-04 11:24:47,42.6109466552734,-8.84471607208252,"Female"
"9004155",371989,2025-07-04 11:29:46,42.6109352111816,-8.84476280212402,"Female"
"9004155",371989,2025-07-04 11:34:47,42.6109924316406,-8.84478855133057,"Female"
"9004155",371989,2025-07-04 11:39:46,42.6109352111816,-8.84471225738525,"Female"
"9004155",371989,2025-07-04 11:45:03,42.6111335754395,-8.84512519836426,"Female"
"9004155",371989,2025-07-04 11:51:04,42.6113243103027,-8.84481620788574,"Female"
"9004155",371989,2025-07-04 11:56:08,42.6109962463379,-8.84474086761475,"Female"
"9004155",371989,2025-07-04 12:01:03,42.6109199523926,-8.84465503692627,"Female"
"9004155",371989,2025-07-04 12:06:03,42.6110649108887,-8.84464454650879,"Female"
"9004155",371989,2025-07-04 12:11:03,42.6106452941895,-8.84464931488037,"Female"
"9004155",371989,2025-07-04 12:16:04,42.6109352111816,-8.84463787078857,"Female"
"9004155",371989,2025-07-04 12:21:04,42.6109657287598,-8.84464454650879,"Female"
"9004155",371989,2025-07-04 12:26:04,42.6111793518066,-8.84465408325195,"Female"
"9004155",371989,2025-07-04 12:31:03,42.610782623291,-8.84468650817871,"Female"
"9004155",371989,2025-07-04 12:36:06,42.611026763916,-8.84464645385742,"Female"
"9004155",371989,2025-07-04 12:41:03,42.6114273071289,-8.8444299697876,"Female"
"9004155",371989,2025-07-04 12:46:04,42.6108016967773,-8.84468841552734,"Female"
"9004155",371989,2025-07-04 12:51:04,42.6108245849609,-8.84471130371094,"Female"
"9004155",371989,2025-07-04 12:56:04,42.6107902526855,-8.84466552734375,"Female"
"9004155",371989,2025-07-04 13:01:03,42.6107711791992,-8.84467220306396,"Female"
"9004155",371989,2025-07-04 13:06:04,42.6109848022461,-8.84464168548584,"Female"
"9004155",371989,2025-07-04 13:11:03,42.6108512878418,-8.84462642669678,"Female"
"9004155",371989,2025-07-04 13:16:09,42.6106986999512,-8.84488773345947,"Female"
"9004155",371989,2025-07-04 13:21:09,42.6107444763184,-8.84488010406494,"Female"
"9004155",371989,2025-07-04 13:26:13,42.6108016967773,-8.84461688995361,"Female"
"9004155",371989,2025-07-04 13:31:09,42.6108360290527,-8.84450912475586,"Female"
"9004155",371989,2025-07-04 13:36:11,42.6109199523926,-8.84322643280029,"Female"
"9004155",371989,2025-07-04 13:41:08,42.6116142272949,-8.84006214141846,"Female"
"9004155",371989,2025-07-04 13:47:35,42.6119041442871,-8.84030532836914,"Female"
"9004155",371989,2025-07-04 13:52:12,42.6114349365234,-8.84034252166748,"Female"
"9004155",371989,2025-07-04 13:57:11,42.611385345459,-8.84035015106201,"Female"
"9004155",371989,2025-07-04 14:02:15,42.6114692687988,-8.84042739868164,"Female"
"9004155",371989,2025-07-04 14:07:11,42.611499786377,-8.84043025970459,"Female"
"9004155",371989,2025-07-04 14:12:11,42.611400604248,-8.84036731719971,"Female"
"9004155",371989,2025-07-04 14:17:12,42.6113128662109,-8.8401985168457,"Female"
"9004155",371989,2025-07-04 14:22:11,42.6114273071289,-8.84035491943359,"Female"
"9004155",371989,2025-07-04 14:27:11,42.6114540100098,-8.84033298492432,"Female"
"9004155",371989,2025-07-04 14:34:02,42.6124458312988,-8.83981800079346,"Female"
"9004155",371989,2025-07-04 14:38:30,42.6124305725098,-8.83989238739014,"Female"
"9004155",371989,2025-07-04 14:43:41,42.6122512817383,-8.83973026275635,"Female"
"9004155",371989,2025-07-04 14:48:29,42.6123580932617,-8.83991146087646,"Female"
"9004155",371989,2025-07-04 14:53:49,42.612117767334,-8.83890628814697,"Female"
"9004155",371989,2025-07-04 14:59:46,42.6130599975586,-8.83814811706543,"Female"
"9004155",371989,2025-07-04 15:05:37,42.6126899719238,-8.83804130554199,"Female"
"9004155",371989,2025-07-04 15:09:43,42.6126289367676,-8.83791351318359,"Female"
"9004155",371989,2025-07-04 15:14:36,42.6126327514648,-8.83804225921631,"Female"
"9004155",371989,2025-07-04 15:19:36,42.6126861572266,-8.83804321289062,"Female"
"9004155",371989,2025-07-04 15:24:36,42.6127166748047,-8.83809280395508,"Female"
"9004155",371989,2025-07-04 15:29:35,42.6126861572266,-8.83805561065674,"Female"
"9004155",371989,2025-07-04 15:34:38,42.6127395629883,-8.83811855316162,"Female"
"9004155",371989,2025-07-04 15:39:36,42.6127586364746,-8.83815765380859,"Female"
"9004155",371989,2025-07-04 15:44:36,42.6128540039062,-8.83825588226318,"Female"
"9004155",371989,2025-07-04 15:49:35,42.6126747131348,-8.83798027038574,"Female"
"9004155",371989,2025-07-04 15:54:39,42.6128120422363,-8.83817195892334,"Female"
"9004155",371989,2025-07-04 15:59:37,42.6127777099609,-8.83816814422607,"Female"
"9004155",371989,2025-07-04 16:04:38,42.6128349304199,-8.83818340301514,"Female"
"9004155",371989,2025-07-04 16:09:39,42.6128349304199,-8.83816528320312,"Female"
"9004155",371989,2025-07-04 16:14:39,42.6127853393555,-8.83815670013428,"Female"
"9004155",371989,2025-07-04 16:20:00,42.6127777099609,-8.83817672729492,"Female"
"9004155",371989,2025-07-04 16:25:05,42.6127777099609,-8.8381929397583,"Female"
"9004155",371989,2025-07-04 16:29:34,42.6128044128418,-8.83819770812988,"Female"
"9004155",371989,2025-07-04 16:34:34,42.6128196716309,-8.83820152282715,"Female"
"9004155",371989,2025-07-04 16:39:34,42.6128196716309,-8.83824634552002,"Female"
"9004155",371989,2025-07-04 16:44:36,42.6128997802734,-8.83828353881836,"Female"
"9004155",371989,2025-07-04 16:49:36,42.6129722595215,-8.83824825286865,"Female"
"9004155",371989,2025-07-04 16:54:36,42.613037109375,-8.83820533752441,"Female"
"9004155",371989,2025-07-04 16:59:36,42.6130638122559,-8.8381519317627,"Female"
"9004155",371989,2025-07-04 17:04:36,42.6130828857422,-8.8381404876709,"Female"
"9004155",371989,2025-07-04 17:09:55,42.6035919189453,-8.86050605773926,"Female"
"9004155",371989,2025-07-04 17:14:36,42.6015548706055,-8.87433910369873,"Female"
"9004155",371989,2025-07-04 17:19:36,42.6015167236328,-8.87430953979492,"Female"
"9004155",371989,2025-07-04 17:24:37,42.601505279541,-8.8743314743042,"Female"
"9004155",371989,2025-07-04 17:29:36,42.6016006469727,-8.8743782043457,"Female"
"9004155",371989,2025-07-04 17:34:36,42.6015853881836,-8.87436485290527,"Female"
"9004155",371989,2025-07-04 17:39:36,42.6016273498535,-8.87439823150635,"Female"
"9004155",371989,2025-07-04 17:44:36,42.6015892028809,-8.87435531616211,"Female"
"9004155",371989,2025-07-04 17:49:36,42.6015892028809,-8.87436199188232,"Female"
"9004155",371989,2025-07-04 17:54:36,42.6015777587891,-8.87437629699707,"Female"
"9004155",371989,2025-07-04 17:59:36,42.6015396118164,-8.87439918518066,"Female"
"9004155",371989,2025-07-04 18:04:36,42.6015357971191,-8.87436580657959,"Female"
"9004155",371989,2025-07-04 18:09:36,42.6015510559082,-8.87431907653809,"Female"
"9004155",371989,2025-07-04 18:14:36,42.6015319824219,-8.8743371963501,"Female"
"9004155",371989,2025-07-04 18:20:05,42.6015510559082,-8.87431812286377,"Female"
"9004155",371989,2025-07-04 18:24:36,42.6015548706055,-8.87438678741455,"Female"
"9004155",371989,2025-07-04 18:29:36,42.6015434265137,-8.8743200302124,"Female"
"9004155",371989,2025-07-04 18:34:36,42.6015663146973,-8.874342918396,"Female"
"9004155",371989,2025-07-04 18:39:36,42.6015586853027,-8.87433242797852,"Female"
"9004155",371989,2025-07-04 18:44:36,42.6015090942383,-8.87438678741455,"Female"
"9004155",371989,2025-07-04 18:49:36,42.6015586853027,-8.87431335449219,"Female"
"9004155",371989,2025-07-04 18:54:36,42.6015434265137,-8.87431621551514,"Female"
"9004155",371989,2025-07-04 18:59:36,42.6015281677246,-8.87433815002441,"Female"
"9004155",371989,2025-07-04 19:04:36,42.6015281677246,-8.87432670593262,"Female"
"9004155",371989,2025-07-04 19:09:36,42.6015701293945,-8.87429237365723,"Female"
"9004155",371989,2025-07-04 19:14:36,42.6015701293945,-8.87427997589111,"Female"
"9004155",371989,2025-07-04 19:19:36,42.6016960144043,-8.87663269042969,"Female"
"9004155",371989,2025-07-04 19:24:36,42.6014976501465,-8.87666702270508,"Female"
"9004155",371989,2025-07-04 19:29:39,42.6015129089355,-8.876633644104,"Female"
"9004155",371989,2025-07-04 19:34:36,42.601505279541,-8.87661075592041,"Female"
"9004155",371989,2025-07-04 19:39:36,42.6015701293945,-8.87658500671387,"Female"
"9004155",371989,2025-07-04 19:44:49,42.6014633178711,-8.87662887573242,"Female"
"9004155",371989,2025-07-04 19:49:36,42.6015434265137,-8.87659740447998,"Female"
"9004155",371989,2025-07-04 19:54:36,42.6014976501465,-8.8766565322876,"Female"
"9004155",371989,2025-07-04 19:59:36,42.6015663146973,-8.87663650512695,"Female"
"9004155",371989,2025-07-04 20:04:36,42.6016082763672,-8.87659072875977,"Female"
"9004155",371989,2025-07-04 20:09:36,42.601619720459,-8.87659072875977,"Female"
"9004155",371989,2025-07-04 20:14:36,42.6015167236328,-8.87643432617188,"Female"
"9004155",371989,2025-07-04 20:19:36,42.601619720459,-8.87654495239258,"Female"
"9004155",371989,2025-07-04 20:24:36,42.601634979248,-8.87662410736084,"Female"
"9004155",371989,2025-07-04 20:29:36,42.6016426086426,-8.87664318084717,"Female"
"9004155",371989,2025-07-04 20:34:36,42.601619720459,-8.87677478790283,"Female"
"9004155",371989,2025-07-04 20:39:36,42.6016159057617,-8.87664794921875,"Female"
"9004155",371989,2025-07-04 20:44:36,42.6016273498535,-8.87667274475098,"Female"
"9004155",371989,2025-07-04 20:49:36,42.6016883850098,-8.8766393661499,"Female"
"9004155",371989,2025-07-04 20:54:36,42.6016159057617,-8.87663841247559,"Female"
"9004155",371989,2025-07-04 20:59:36,42.6017036437988,-8.87667083740234,"Female"
"9004155",371989,2025-07-04 21:04:36,42.6015014648438,-8.87648487091064,"Female"
"9004155",371989,2025-07-04 21:09:36,42.6014289855957,-8.87625503540039,"Female"
"9004155",371989,2025-07-04 21:14:36,42.6014022827148,-8.87624931335449,"Female"
"9004155",371989,2025-07-04 21:19:36,42.6014137268066,-8.87621402740479,"Female"
"9004155",371989,2025-07-04 21:25:05,42.6014137268066,-8.87641716003418,"Female"
"9004155",371989,2025-07-04 21:29:35,42.6014442443848,-8.87656021118164,"Female"
"9004155",371989,2025-07-04 21:34:36,42.6014785766602,-8.87654113769531,"Female"
"9004155",371989,2025-07-04 21:39:36,42.6015357971191,-8.87655735015869,"Female"
"9004155",371989,2025-07-04 21:44:37,42.6014785766602,-8.87656879425049,"Female"
"9004155",371989,2025-07-04 21:49:37,42.6014289855957,-8.87664985656738,"Female"
"9004155",371989,2025-07-04 21:54:36,42.6014862060547,-8.87658023834229,"Female"
"9004155",371989,2025-07-04 21:59:36,42.6014251708984,-8.87661552429199,"Female"
"9004155",371989,2025-07-04 22:04:36,42.6014938354492,-8.8766450881958,"Female"
"9004155",371989,2025-07-04 22:09:36,42.6015014648438,-8.87668228149414,"Female"
"9004155",371989,2025-07-04 22:14:36,42.6013870239258,-8.8766975402832,"Female"
"9004155",371989,2025-07-04 22:19:36,42.6013870239258,-8.87666893005371,"Female"
"9004155",371989,2025-07-04 22:24:36,42.6011390686035,-8.87665367126465,"Female"
"9004155",371989,2025-07-04 22:29:36,42.601432800293,-8.87667083740234,"Female"
"9004155",371989,2025-07-04 22:34:36,42.6015205383301,-8.87668037414551,"Female"
"9004155",371989,2025-07-04 22:39:37,42.6014862060547,-8.87669658660889,"Female"
"9004155",371989,2025-07-04 22:44:37,42.6015510559082,-8.87670707702637,"Female"
"9004155",371989,2025-07-04 22:49:37,42.6014251708984,-8.87664985656738,"Female"
"9004155",371989,2025-07-04 22:54:45,42.6014099121094,-8.87661552429199,"Female"
"9004155",371989,2025-07-04 22:59:36,42.6014289855957,-8.87672424316406,"Female"
"9004155",371989,2025-07-04 23:04:36,42.6013984680176,-8.87671852111816,"Female"
"9004155",371989,2025-07-04 23:09:36,42.6014709472656,-8.87671279907227,"Female"
"9004156",371990,2025-05-13 15:31:37,42.4002723693848,-8.91842651367188,"Female"
"9004156",371990,2025-05-13 15:47:05,42.4020156860352,-8.91751289367676,"Female"
"9004156",371990,2025-05-13 16:02:04,42.3980522155762,-8.92004680633545,"Female"
"9004156",371990,2025-05-13 16:16:35,42.398063659668,-8.92025470733643,"Female"
"9004156",371990,2025-05-13 16:31:30,42.398250579834,-8.91765689849854,"Female"
"9004156",371990,2025-05-13 16:46:44,42.3979759216309,-8.92022323608398,"Female"
"9004156",371990,2025-05-13 17:01:30,42.3979301452637,-8.92000484466553,"Female"
"9004156",371990,2025-05-13 17:16:35,42.3979110717773,-8.92001628875732,"Female"
"9004156",371990,2025-05-13 17:32:05,42.3984718322754,-8.92087078094482,"Female"
"9004156",371990,2025-05-13 17:46:28,42.3979606628418,-8.92074203491211,"Female"
"9004156",371990,2025-05-13 18:01:29,42.3980484008789,-8.92084312438965,"Female"
"9004156",371990,2025-05-13 18:16:36,42.3979682922363,-8.92074489593506,"Female"
"9004156",371990,2025-05-13 18:31:31,42.3979415893555,-8.92079734802246,"Female"
"9004156",371990,2025-05-13 18:46:44,42.3979034423828,-8.92072010040283,"Female"
"9004156",371990,2025-05-13 19:01:32,42.3983116149902,-8.92066097259521,"Female"
"9004156",371990,2025-05-13 19:16:56,42.3981475830078,-8.92089939117432,"Female"
"9004156",371990,2025-05-13 19:27:54,42.3979835510254,-8.92070388793945,"Female"
"9004156",371990,2025-05-13 19:32:31,42.3983573913574,-8.92120170593262,"Female"
"9004156",371990,2025-05-13 19:37:31,42.3981018066406,-8.92079639434814,"Female"
"9004156",371990,2025-05-13 19:42:31,42.3981132507324,-8.92085933685303,"Female"
"9004156",371990,2025-05-13 19:47:44,42.3979835510254,-8.92061805725098,"Female"
"9004156",371990,2025-05-13 19:52:23,42.3980751037598,-8.92071151733398,"Female"
"9004156",371990,2025-05-13 19:57:23,42.3980674743652,-8.92077732086182,"Female"
"9004156",371990,2025-05-13 20:02:25,42.3994636535645,-8.92099952697754,"Female"
"9004156",371990,2025-05-13 20:07:22,42.3983993530273,-8.92091941833496,"Female"
"9004156",371990,2025-05-13 20:12:22,42.3983726501465,-8.92091941833496,"Female"
"9004156",371990,2025-05-13 20:17:24,42.3984832763672,-8.92096519470215,"Female"
"9004156",371990,2025-05-13 20:22:28,42.3985710144043,-8.92163181304932,"Female"
"9004156",371990,2025-05-13 20:27:37,42.3980522155762,-8.92016220092773,"Female"
"9004156",371990,2025-05-13 20:33:05,42.3983726501465,-8.92100524902344,"Female"
"9004156",371990,2025-05-13 20:37:26,42.3983726501465,-8.92100429534912,"Female"
"9004156",371990,2025-05-13 20:42:27,42.3983039855957,-8.92111396789551,"Female"
"9004156",371990,2025-05-13 20:47:23,42.3984031677246,-8.9210958480835,"Female"
"9004156",371990,2025-05-13 20:52:23,42.3983840942383,-8.92094230651855,"Female"
"9004156",371990,2025-05-13 20:57:27,42.3983993530273,-8.92094612121582,"Female"
"9004156",371990,2025-05-13 21:02:24,42.3984336853027,-8.92098808288574,"Female"
"9004156",371990,2025-05-13 21:07:24,42.3983306884766,-8.92092800140381,"Female"
"9004156",371990,2025-05-13 21:12:23,42.3984298706055,-8.92090129852295,"Female"
"9004156",371990,2025-05-13 21:17:25,42.3982849121094,-8.92075157165527,"Female"
"9004156",371990,2025-05-13 21:22:36,42.3986511230469,-8.9213285446167,"Female"
"9004156",371990,2025-05-13 21:27:28,42.3984184265137,-8.9210376739502,"Female"
"9004156",371990,2025-05-13 21:32:37,42.3985977172852,-8.92121028900146,"Female"
"9004156",371990,2025-05-13 21:37:30,42.3983154296875,-8.92078876495361,"Female"
"9004156",371990,2025-05-13 21:42:37,42.3986892700195,-8.92124938964844,"Female"
"9004156",371990,2025-05-13 21:47:36,42.3985900878906,-8.92116165161133,"Female"
"9004156",371990,2025-05-13 21:52:44,42.3985328674316,-8.92117881774902,"Female"
"9004156",371990,2025-05-13 21:57:24,42.398551940918,-8.92125511169434,"Female"
"9004156",371990,2025-05-13 22:02:36,42.3985443115234,-8.92117309570312,"Female"
"9004156",371990,2025-05-13 22:07:36,42.3984794616699,-8.92113971710205,"Female"
"9004156",371990,2025-05-13 22:12:44,42.3984870910645,-8.92119121551514,"Female"
"9004156",371990,2025-05-13 22:17:23,42.3985061645508,-8.9213399887085,"Female"
"9004156",371990,2025-05-13 22:22:28,42.3984565734863,-8.92114353179932,"Female"
"9004156",371990,2025-05-13 22:27:59,42.3984489440918,-8.92105293273926,"Female"
"9004156",371990,2025-05-13 22:32:22,42.3984031677246,-8.92092323303223,"Female"
"9004156",371990,2025-05-13 22:37:22,42.3983573913574,-8.92098712921143,"Female"
"9004156",371990,2025-05-13 22:42:23,42.3984184265137,-8.9210958480835,"Female"
"9004156",371990,2025-05-13 22:47:22,42.3984146118164,-8.92099094390869,"Female"
"9004156",371990,2025-05-13 22:52:22,42.3984031677246,-8.92095470428467,"Female"
"9004156",371990,2025-05-13 22:57:22,42.3984451293945,-8.92101955413818,"Female"
"9004156",371990,2025-05-13 23:02:22,42.3983688354492,-8.92094039916992,"Female"
"9004156",371990,2025-05-13 23:07:22,42.3984451293945,-8.92108821868896,"Female"
"9004156",371990,2025-05-13 23:12:22,42.3984222412109,-8.92110919952393,"Female"
"9004156",371990,2025-05-13 23:17:44,42.3984222412109,-8.92099094390869,"Female"
"9004156",371990,2025-05-13 23:22:22,42.3984756469727,-8.92100524902344,"Female"
"9004156",371990,2025-05-13 23:27:23,42.3984642028809,-8.92091941833496,"Female"
"9004156",371990,2025-05-13 23:32:22,42.398494720459,-8.92138767242432,"Female"
"9004156",371990,2025-05-13 23:38:05,42.3984413146973,-8.9210147857666,"Female"
"9004156",371990,2025-05-13 23:42:22,42.3983993530273,-8.92099857330322,"Female"
"9004156",371990,2025-05-13 23:47:22,42.3984413146973,-8.92097473144531,"Female"
"9004156",371990,2025-05-13 23:52:22,42.3984527587891,-8.92099857330322,"Female"
"9004156",371990,2025-05-13 23:57:22,42.3984718322754,-8.92108345031738,"Female"
"9004156",371990,2025-05-14 00:02:24,42.3984298706055,-8.92101097106934,"Female"
"9004156",371990,2025-05-14 00:07:22,42.3984603881836,-8.92096996307373,"Female"
"9004156",371990,2025-05-14 00:12:22,42.3984184265137,-8.92097473144531,"Female"
"9004156",371990,2025-05-14 00:17:31,42.3984680175781,-8.92116832733154,"Female"
"9004156",371990,2025-05-14 00:22:28,42.3984451293945,-8.92111492156982,"Female"
"9004156",371990,2025-05-14 00:27:23,42.3984527587891,-8.92094707489014,"Female"
"9004156",371990,2025-05-14 00:32:24,42.3984298706055,-8.92100143432617,"Female"
"9004156",371990,2025-05-14 00:37:25,42.3982849121094,-8.92093276977539,"Female"
"9004156",371990,2025-05-14 00:42:25,42.3982963562012,-8.92076873779297,"Female"
"9004156",371990,2025-05-14 00:47:23,42.3983116149902,-8.92078971862793,"Female"
"9004156",371990,2025-05-14 00:52:23,42.3983001708984,-8.92081642150879,"Female"
"9004156",371990,2025-05-14 00:57:30,42.3984107971191,-8.92118835449219,"Female"
"9004156",371990,2025-05-14 01:02:23,42.3982696533203,-8.92072105407715,"Female"
"9004156",371990,2025-05-14 01:07:23,42.3984107971191,-8.92075634002686,"Female"
"9004156",371990,2025-05-14 01:12:23,42.3983764648438,-8.92079067230225,"Female"
"9004156",371990,2025-05-14 01:17:23,42.3984489440918,-8.92076873779297,"Female"
"9004156",371990,2025-05-14 01:22:23,42.3984260559082,-8.92079639434814,"Female"
"9004156",371990,2025-05-14 01:27:23,42.3983535766602,-8.92082691192627,"Female"
"9004156",371990,2025-05-14 01:32:35,42.3984489440918,-8.92070007324219,"Female"
"9004156",371990,2025-05-14 01:37:27,42.3984107971191,-8.92082118988037,"Female"
"9004156",371990,2025-05-14 01:42:45,42.3984146118164,-8.9207820892334,"Female"
"9004156",371990,2025-05-14 01:47:41,42.3983993530273,-8.92073631286621,"Female"
"9004156",371990,2025-05-14 01:52:34,42.3984146118164,-8.92074871063232,"Female"
"9004156",371990,2025-05-14 01:57:51,42.3984146118164,-8.92082023620605,"Female"
"9004156",371990,2025-05-14 02:02:59,42.3984336853027,-8.92078876495361,"Female"
"9004156",371990,2025-05-14 02:07:25,42.3986129760742,-8.91948413848877,"Female"
"9004156",371990,2025-05-14 02:12:23,42.3986625671387,-8.91962623596191,"Female"
"9004156",371990,2025-05-14 02:17:25,42.3994293212891,-8.92172336578369,"Female"
"9004156",371990,2025-05-14 02:22:24,42.3985443115234,-8.920823097229,"Female"
"9004156",371990,2025-05-14 02:27:25,42.398365020752,-8.92078971862793,"Female"
"9004156",371990,2025-05-14 02:32:24,42.3985214233398,-8.92082023620605,"Female"
"9004156",371990,2025-05-14 02:37:29,42.3984527587891,-8.92075824737549,"Female"
"9004156",371990,2025-05-14 02:42:44,42.3985137939453,-8.92087841033936,"Female"
"9004156",371990,2025-05-14 02:47:29,42.3984642028809,-8.92107582092285,"Female"
"9004156",371990,2025-05-14 02:52:24,42.3986358642578,-8.92144012451172,"Female"
"9004156",371990,2025-05-14 02:57:28,42.3984603881836,-8.92083644866943,"Female"
"9004156",371990,2025-05-14 03:02:36,42.3984527587891,-8.92076778411865,"Female"
"9004156",371990,2025-05-14 03:07:25,42.3984107971191,-8.92073249816895,"Female"
"9004156",371990,2025-05-14 03:12:34,42.3984336853027,-8.92075729370117,"Female"
"9004156",371990,2025-05-14 03:17:34,42.3984146118164,-8.92076015472412,"Female"
"9004156",371990,2025-05-14 03:22:36,42.3983535766602,-8.9207878112793,"Female"
"9004156",371990,2025-05-14 03:27:34,42.3984375,-8.92082023620605,"Female"
"9004156",371990,2025-05-14 03:32:37,42.3984184265137,-8.92086124420166,"Female"
"9004156",371990,2025-05-14 03:37:30,42.3984603881836,-8.92089462280273,"Female"
"9004156",371990,2025-05-14 03:42:31,42.3984680175781,-8.92082118988037,"Female"
"9004156",371990,2025-05-14 03:47:28,42.3984489440918,-8.9209680557251,"Female"
"9004156",371990,2025-05-14 03:52:24,42.3983268737793,-8.92093181610107,"Female"
"9004156",371990,2025-05-14 03:57:27,42.3984184265137,-8.92082595825195,"Female"
"9004156",371990,2025-05-14 04:02:30,42.3983993530273,-8.92085933685303,"Female"
"9004156",371990,2025-05-14 04:07:32,42.3984489440918,-8.9209098815918,"Female"
"9004156",371990,2025-05-14 04:12:28,42.3984222412109,-8.92091178894043,"Female"
"9004156",371990,2025-05-14 04:17:35,42.3983688354492,-8.92092800140381,"Female"
"9004156",371990,2025-05-14 04:22:35,42.3983879089355,-8.92090606689453,"Female"
"9004156",371990,2025-05-14 04:27:35,42.3984031677246,-8.92089366912842,"Female"
"9004156",371990,2025-05-14 04:32:35,42.3984642028809,-8.92093753814697,"Female"
"9004156",371990,2025-05-14 04:37:36,42.3983993530273,-8.92093086242676,"Female"
"9004156",371990,2025-05-14 04:42:38,42.3984413146973,-8.92095470428467,"Female"
"9004156",371990,2025-05-14 04:47:30,42.3983879089355,-8.92086887359619,"Female"
"9004156",371990,2025-05-14 04:52:30,42.3984642028809,-8.92090225219727,"Female"
"9004156",371990,2025-05-14 04:57:30,42.3979225158691,-8.91973495483398,"Female"
"9004156",371990,2025-05-14 05:02:30,42.3983993530273,-8.92044925689697,"Female"
"9004156",371990,2025-05-14 05:07:30,42.3983917236328,-8.92050266265869,"Female"
"9004156",371990,2025-05-14 05:12:31,42.3983955383301,-8.92045974731445,"Female"
"9004156",371990,2025-05-14 05:17:30,42.3984069824219,-8.92051887512207,"Female"
"9004156",371990,2025-05-14 05:22:29,42.3980140686035,-8.92073535919189,"Female"
"9004156",371990,2025-05-14 05:27:40,42.3980026245117,-8.92085933685303,"Female"
"9004156",371990,2025-05-14 05:32:30,42.3979682922363,-8.92088508605957,"Female"
"9004156",371990,2025-05-14 05:37:40,42.3980407714844,-8.9208288192749,"Female"
"9004156",371990,2025-05-14 05:42:53,42.3979606628418,-8.92061328887939,"Female"
"9004156",371990,2025-05-14 05:47:59,42.3980026245117,-8.92077827453613,"Female"
"9004156",371990,2025-05-14 05:52:22,42.3979949951172,-8.92076683044434,"Female"
"9004156",371990,2025-05-14 05:57:23,42.3980560302734,-8.92077541351318,"Female"
"9004156",371990,2025-05-14 06:02:27,42.39794921875,-8.92076396942139,"Female"
"9004156",371990,2025-05-14 06:07:25,42.3980102539062,-8.92078971862793,"Female"
"9004156",371990,2025-05-14 06:12:36,42.3986053466797,-8.92098903656006,"Female"
"9004156",371990,2025-05-14 06:17:31,42.3984680175781,-8.92057800292969,"Female"
"9004156",371990,2025-05-14 06:22:30,42.3985290527344,-8.92064952850342,"Female"
"9004156",371990,2025-05-14 06:27:32,42.3987159729004,-8.92060661315918,"Female"
"9004156",371990,2025-05-14 06:33:05,42.3983726501465,-8.92054271697998,"Female"
"9004156",371990,2025-05-14 06:37:25,42.3984146118164,-8.92035961151123,"Female"
"9004156",371990,2025-05-14 06:42:44,42.3983383178711,-8.92055511474609,"Female"
"9004156",371990,2025-05-14 06:47:22,42.3976249694824,-8.92025375366211,"Female"
"9004156",371990,2025-05-14 06:52:22,42.3976402282715,-8.92019653320312,"Female"
"9004156",371990,2025-05-14 06:57:22,42.3974723815918,-8.92020797729492,"Female"
"9004156",371990,2025-05-14 07:02:22,42.3975601196289,-8.92008590698242,"Female"
"9004156",371990,2025-05-14 07:07:25,42.3981132507324,-8.9189281463623,"Female"
"9004156",371990,2025-05-14 07:12:23,42.3997192382812,-8.92013549804688,"Female"
"9004156",371990,2025-05-14 07:17:23,42.3994064331055,-8.92055702209473,"Female"
"9004156",371990,2025-05-14 07:22:23,42.3993606567383,-8.92055606842041,"Female"
"9004156",371990,2025-05-14 07:27:52,42.3992156982422,-8.92066860198975,"Female"
"9004156",371990,2025-05-14 07:32:23,42.3992729187012,-8.9205322265625,"Female"
"9004156",371990,2025-05-14 07:37:23,42.3993072509766,-8.92063045501709,"Female"
"9004156",371990,2025-05-14 07:42:23,42.399227142334,-8.92059230804443,"Female"
"9004156",371990,2025-05-14 07:47:23,42.3982086181641,-8.92103385925293,"Female"
"9004156",371990,2025-05-14 07:52:23,42.397876739502,-8.92080116271973,"Female"
"9004156",371990,2025-05-14 07:57:24,42.3977966308594,-8.92077445983887,"Female"
"9004156",371990,2025-05-14 08:02:23,42.3978385925293,-8.92071723937988,"Female"
"9004156",371990,2025-05-14 08:07:24,42.398265838623,-8.92132663726807,"Female"
"9004156",371990,2025-05-14 08:12:25,42.3979606628418,-8.9208288192749,"Female"
"9004156",371990,2025-05-14 08:17:23,42.397834777832,-8.92074012756348,"Female"
"9004156",371990,2025-05-14 08:22:23,42.397777557373,-8.92069244384766,"Female"
"9004156",371990,2025-05-14 08:27:23,42.3977661132812,-8.92062664031982,"Female"
"9004156",371990,2025-05-14 08:32:23,42.3977432250977,-8.92050933837891,"Female"
"9004156",371990,2025-05-14 08:37:24,42.3975982666016,-8.92041492462158,"Female"
"9004156",371990,2025-05-14 08:42:24,42.397575378418,-8.92038345336914,"Female"
"9004156",371990,2025-05-14 08:47:23,42.397834777832,-8.92059898376465,"Female"
"9004156",371990,2025-05-14 08:52:24,42.3981704711914,-8.9209041595459,"Female"
"9004156",371990,2025-05-14 08:57:23,42.3980026245117,-8.92066287994385,"Female"
"9004156",371990,2025-05-14 09:02:23,42.3980865478516,-8.92097568511963,"Female"
"9004156",371990,2025-05-14 09:07:23,42.3980941772461,-8.92089748382568,"Female"
"9004156",371990,2025-05-14 09:12:23,42.3980903625488,-8.92092227935791,"Female"
"9004156",371990,2025-05-14 09:17:23,42.3980751037598,-8.92103290557861,"Female"
"9004156",371990,2025-05-14 09:22:24,42.3986854553223,-8.92111396789551,"Female"
"9004156",371990,2025-05-14 09:27:44,42.3994750976562,-8.9219331741333,"Female"
"9004156",371990,2025-05-14 09:32:23,42.4004096984863,-8.92107200622559,"Female"
"9004156",371990,2025-05-14 09:37:23,42.4004554748535,-8.92104339599609,"Female"
"9004156",371990,2025-05-14 09:42:24,42.4003372192383,-8.92105197906494,"Female"
"9004156",371990,2025-05-14 09:47:23,42.4003944396973,-8.92122936248779,"Female"
"9004156",371990,2025-05-14 09:52:23,42.4003410339355,-8.92113494873047,"Female"
"9004156",371990,2025-05-14 09:57:23,42.4041290283203,-8.91660308837891,"Female"
"9004156",371990,2025-05-14 10:02:24,42.409797668457,-8.91673469543457,"Female"
"9004156",371990,2025-05-14 10:07:24,42.4104118347168,-8.91686630249023,"Female"
"9004156",371990,2025-05-14 10:12:23,42.4257926940918,-8.92206001281738,"Female"
"9004156",371990,2025-05-14 10:17:24,42.4535751342773,-8.93614101409912,"Female"
"9004156",371990,2025-05-14 10:22:23,42.4535865783691,-8.93610286712646,"Female"
"9004156",371990,2025-05-14 10:27:23,42.4535789489746,-8.93599987030029,"Female"
"9004156",371990,2025-05-14 10:32:23,42.45361328125,-8.93596363067627,"Female"
"9004156",371990,2025-05-14 10:37:23,42.4536056518555,-8.93594551086426,"Female"
"9004156",371990,2025-05-14 10:42:23,42.4535484313965,-8.93583011627197,"Female"
"9004156",371990,2025-05-14 10:47:23,42.468578338623,-8.94389629364014,"Female"
"9004156",371990,2025-05-14 10:52:23,42.4699783325195,-8.94361209869385,"Female"
"9004156",371990,2025-05-14 10:57:24,42.4700584411621,-8.9434700012207,"Female"
"9004156",371990,2025-05-14 11:02:24,42.4701881408691,-8.9433422088623,"Female"
"9004156",371990,2025-05-14 11:07:23,42.4699745178223,-8.94301986694336,"Female"
"9004156",371990,2025-05-14 11:13:10,42.4816131591797,-8.93069744110107,"Female"
"9004156",371990,2025-05-14 11:18:48,42.4813346862793,-8.93057727813721,"Female"
"9004156",371990,2025-05-14 11:31:12,42.4829635620117,-8.92995929718018,"Female"
"9004156",371990,2025-05-14 11:47:46,42.4825172424316,-8.92987823486328,"Female"
"9004156",371990,2025-05-14 11:52:47,42.4812469482422,-8.93260669708252,"Female"
"9004156",371990,2025-05-14 11:57:45,42.4812889099121,-8.93261814117432,"Female"
"9004156",371990,2025-05-14 12:02:45,42.4814491271973,-8.93672275543213,"Female"
"9004156",371990,2025-05-14 12:07:44,42.4800720214844,-8.93725872039795,"Female"
"9004156",371990,2025-05-14 12:12:44,42.4703483581543,-8.94316291809082,"Female"
"9004156",371990,2025-05-14 12:17:45,42.4703178405762,-8.94331359863281,"Female"
"9004156",371990,2025-05-14 12:22:44,42.4703788757324,-8.94332027435303,"Female"
"9004156",371990,2025-05-14 12:27:43,42.470458984375,-8.94346332550049,"Female"
"9004156",371990,2025-05-14 12:32:43,42.4703521728516,-8.94334506988525,"Female"
"9004156",371990,2025-05-14 12:37:44,42.4703788757324,-8.94315910339355,"Female"
"9004156",371990,2025-05-14 12:43:04,42.4705123901367,-8.94334030151367,"Female"
"9004156",371990,2025-05-14 12:48:04,42.4536781311035,-8.94343376159668,"Female"
"9004156",371990,2025-05-14 12:53:03,42.4387168884277,-8.94004726409912,"Female"
"9004156",371990,2025-05-14 12:58:04,42.3997650146484,-8.92143630981445,"Female"
"9004156",371990,2025-05-14 13:03:08,42.3982009887695,-8.92055320739746,"Female"
"9004156",371990,2025-05-14 13:08:06,42.3983535766602,-8.92046928405762,"Female"
"9004156",371990,2025-05-14 13:13:04,42.3990097045898,-8.92085552215576,"Female"
"9004156",371990,2025-05-14 13:18:06,42.3984718322754,-8.92026615142822,"Female"
"9004156",371990,2025-05-14 13:23:04,42.3986701965332,-8.91993522644043,"Female"
"9004156",371990,2025-05-14 13:28:04,42.3985214233398,-8.92001628875732,"Female"
"9004156",371990,2025-05-14 13:33:04,42.398567199707,-8.92000198364258,"Female"
"9004156",371990,2025-05-14 13:38:04,42.398567199707,-8.91993236541748,"Female"
"9004156",371990,2025-05-14 13:43:04,42.3984909057617,-8.9199161529541,"Female"
"9004156",371990,2025-05-14 13:48:06,42.3988990783691,-8.92042446136475,"Female"
"9004156",371990,2025-05-14 13:53:04,42.3987808227539,-8.92068004608154,"Female"
"9004156",371990,2025-05-14 13:58:06,42.3988876342773,-8.92045307159424,"Female"
"9004156",371990,2025-05-14 14:03:04,42.3987846374512,-8.92047500610352,"Female"
"9004156",371990,2025-05-14 14:08:07,42.3986701965332,-8.92047500610352,"Female"
"9004156",371990,2025-05-14 14:13:07,42.3986587524414,-8.92045021057129,"Female"
"9004156",371990,2025-05-14 14:18:13,42.3987159729004,-8.92040729522705,"Female"
"9004156",371990,2025-05-14 14:23:09,42.3986549377441,-8.92043304443359,"Female"
"9004156",371990,2025-05-14 14:28:09,42.3986740112305,-8.92048072814941,"Female"
"9004156",371990,2025-05-14 14:33:17,42.3986740112305,-8.92046451568604,"Female"
"9004156",371990,2025-05-14 14:38:09,42.3987197875977,-8.92041206359863,"Female"
"9004156",371990,2025-05-14 14:43:29,42.3986930847168,-8.92041015625,"Female"
"9004156",371990,2025-05-14 14:48:10,42.3986968994141,-8.92056274414062,"Female"
"9004156",371990,2025-05-14 14:53:07,42.3987312316895,-8.92048835754395,"Female"
"9004156",371990,2025-05-14 14:58:14,42.398567199707,-8.92078399658203,"Female"
"9004156",371990,2025-05-14 15:04:26,42.3985023498535,-8.92031002044678,"Female"
"9004156",371990,2025-05-14 15:08:09,42.3984031677246,-8.92055892944336,"Female"
"9004156",371990,2025-05-14 15:13:10,42.3985977172852,-8.92064476013184,"Female"
"9004156",371990,2025-05-14 15:18:07,42.3986015319824,-8.92054557800293,"Female"
"9004156",371990,2025-05-14 15:23:04,42.398609161377,-8.92062568664551,"Female"
"9004156",371990,2025-05-14 15:28:09,42.3985176086426,-8.92072200775146,"Female"
"9004156",371990,2025-05-14 15:33:06,42.3985557556152,-8.92046451568604,"Female"
"9004156",371990,2025-05-14 15:38:03,42.3987159729004,-8.92064189910889,"Female"
"9004156",371990,2025-05-14 15:43:15,42.398494720459,-8.92041969299316,"Female"
"9004156",371990,2025-05-14 15:48:20,42.3984832763672,-8.92052841186523,"Female"
"9004156",371990,2025-05-14 15:53:10,42.3985481262207,-8.92056846618652,"Female"
"9004156",371990,2025-05-14 15:58:08,42.3985366821289,-8.92058372497559,"Female"
"9004156",371990,2025-05-14 16:03:14,42.398494720459,-8.92061233520508,"Female"
"9004156",371990,2025-05-14 16:08:09,42.3985176086426,-8.92051029205322,"Female"
"9004156",371990,2025-05-14 16:13:03,42.398796081543,-8.91999816894531,"Female"
"9004156",371990,2025-05-14 16:18:03,42.3983726501465,-8.92061996459961,"Female"
"9004156",371990,2025-05-14 16:23:03,42.3983993530273,-8.92061042785645,"Female"
"9004156",371990,2025-05-14 16:28:02,42.3983383178711,-8.92065334320068,"Female"
"9004156",371990,2025-05-14 16:33:03,42.3987503051758,-8.92077732086182,"Female"
"9004156",371990,2025-05-14 16:38:05,42.398567199707,-8.92076015472412,"Female"
"9004156",371990,2025-05-14 16:43:06,42.3985366821289,-8.92079830169678,"Female"
"9004156",371990,2025-05-14 16:48:05,42.398609161377,-8.92052745819092,"Female"
"9004156",371990,2025-05-14 16:53:11,42.398567199707,-8.92036724090576,"Female"
"9004156",371990,2025-05-14 16:58:02,42.3985252380371,-8.92101860046387,"Female"
"9004156",371990,2025-05-14 17:03:03,42.3985557556152,-8.92036247253418,"Female"
"9004156",371990,2025-05-14 17:08:05,42.3986206054688,-8.92049407958984,"Female"
"9004156",371990,2025-05-14 17:13:05,42.3985290527344,-8.92041778564453,"Female"
"9004156",371990,2025-05-14 17:18:02,42.3982772827148,-8.91933345794678,"Female"
"9004156",371990,2025-05-14 17:23:02,42.3981475830078,-8.92090034484863,"Female"
"9004156",371990,2025-05-14 17:28:02,42.3982696533203,-8.92110443115234,"Female"
"9004156",371990,2025-05-14 17:33:02,42.3980903625488,-8.92080211639404,"Female"
"9004156",371990,2025-05-14 17:38:02,42.3981475830078,-8.92081928253174,"Female"
"9004156",371990,2025-05-14 17:43:02,42.3981590270996,-8.9209041595459,"Female"
"9004156",371990,2025-05-14 17:48:02,42.3982315063477,-8.92094135284424,"Female"
"9004156",371990,2025-05-14 17:53:03,42.3978080749512,-8.92075634002686,"Female"
"9004156",371990,2025-05-14 17:58:03,42.397819519043,-8.92064189910889,"Female"
"9004156",371990,2025-05-14 18:03:03,42.3978424072266,-8.92062282562256,"Female"
"9004156",371990,2025-05-14 18:08:03,42.3977661132812,-8.9206371307373,"Female"
"9004156",371990,2025-05-14 18:13:02,42.39794921875,-8.92077159881592,"Female"
"9004156",371990,2025-05-14 18:18:02,42.3978576660156,-8.92064380645752,"Female"
"9004156",371990,2025-05-14 18:23:03,42.397762298584,-8.92049694061279,"Female"
"9004156",371990,2025-05-14 18:28:03,42.3979301452637,-8.92063140869141,"Female"
"9004156",371990,2025-05-14 18:33:02,42.3979415893555,-8.92067909240723,"Female"
"9004156",371990,2025-05-14 18:38:02,42.3978996276855,-8.9206371307373,"Female"
"9004156",371990,2025-05-14 18:43:02,42.3978385925293,-8.92082118988037,"Female"
"9004156",371990,2025-05-14 18:48:02,42.3978424072266,-8.92057132720947,"Female"
"9004156",371990,2025-05-14 18:53:02,42.3977699279785,-8.92060661315918,"Female"
"9004156",371990,2025-05-14 18:58:06,42.3978538513184,-8.92020893096924,"Female"
"9004156",371990,2025-05-14 19:03:02,42.397876739502,-8.92020416259766,"Female"
"9004156",371990,2025-05-14 19:08:03,42.3980178833008,-8.920241355896,"Female"
"9004156",371990,2025-05-14 19:13:03,42.3982162475586,-8.92035579681396,"Female"
"9004156",371990,2025-05-14 19:18:03,42.3981819152832,-8.92041778564453,"Female"
"9004156",371990,2025-05-14 19:23:03,42.3982810974121,-8.92037296295166,"Female"
"9004156",371990,2025-05-14 19:28:03,42.3982391357422,-8.92042064666748,"Female"
"9004156",371990,2025-05-14 19:33:05,42.3983001708984,-8.92040157318115,"Female"
"9004156",371990,2025-05-14 19:38:03,42.3982620239258,-8.92039680480957,"Female"
"9004156",371990,2025-05-14 19:43:03,42.3982582092285,-8.9204740524292,"Female"
"9004156",371990,2025-05-14 19:48:03,42.398323059082,-8.92058563232422,"Female"
"9004156",371990,2025-05-14 19:53:05,42.3983039855957,-8.92063617706299,"Female"
"9004156",371990,2025-05-14 19:58:05,42.3982925415039,-8.92064380645752,"Female"
"9004156",371990,2025-05-14 20:03:05,42.3982124328613,-8.92116355895996,"Female"
"9004156",371990,2025-05-14 20:08:05,42.3982810974121,-8.92136383056641,"Female"
"9004156",371990,2025-05-14 20:13:05,42.398250579834,-8.92066669464111,"Female"
"9004156",371990,2025-05-14 20:18:03,42.3982772827148,-8.92084503173828,"Female"
"9004156",371990,2025-05-14 20:23:05,42.3982963562012,-8.920729637146,"Female"
"9004156",371990,2025-05-14 20:28:03,42.3983001708984,-8.92063999176025,"Female"
"9004156",371990,2025-05-14 20:33:03,42.3983497619629,-8.92076301574707,"Female"
"9004156",371990,2025-05-14 20:38:02,42.3984298706055,-8.92089176177979,"Female"
"9004156",371990,2025-05-14 20:43:03,42.3983573913574,-8.92077255249023,"Female"
"9004156",371990,2025-05-14 20:48:03,42.3983535766602,-8.92073059082031,"Female"
"9004156",371990,2025-05-14 20:53:03,42.3985748291016,-8.9210729598999,"Female"
"9004156",371990,2025-05-14 20:58:05,42.398567199707,-8.920973777771,"Female"
"9004156",371990,2025-05-14 21:03:03,42.398494720459,-8.92109775543213,"Female"
"9004156",371990,2025-05-14 21:08:03,42.3986396789551,-8.92102336883545,"Female"
"9004156",371990,2025-05-14 21:13:04,42.3986282348633,-8.92105007171631,"Female"
"9004156",371990,2025-05-14 21:18:04,42.398796081543,-8.92112731933594,"Female"
"9004156",371990,2025-05-14 21:23:04,42.3987579345703,-8.92124652862549,"Female"
"9004156",371990,2025-05-14 21:28:04,42.3986549377441,-8.92112255096436,"Female"
"9004156",371990,2025-05-14 21:33:04,42.3986396789551,-8.92116641998291,"Female"
"9004156",371990,2025-05-14 21:38:06,42.3985786437988,-8.92111301422119,"Female"
"9004156",371990,2025-05-14 21:43:04,42.398609161377,-8.92110347747803,"Female"
"9004156",371990,2025-05-14 21:48:04,42.398509979248,-8.92102336883545,"Female"
"9004156",371990,2025-05-14 21:53:02,42.3984718322754,-8.92092418670654,"Female"
"9004156",371990,2025-05-14 21:58:03,42.3984909057617,-8.92090034484863,"Female"
"9004156",371990,2025-05-14 22:03:04,42.3984031677246,-8.92098712921143,"Female"
"9004156",371990,2025-05-14 22:08:06,42.3983497619629,-8.92107772827148,"Female"
"9004156",371990,2025-05-14 22:13:03,42.3982086181641,-8.92096328735352,"Female"
"9004156",371990,2025-05-14 22:18:03,42.3982772827148,-8.92094421386719,"Female"
"9004156",371990,2025-05-14 22:23:03,42.3982162475586,-8.92087650299072,"Female"
"9004156",371990,2025-05-14 22:28:03,42.3982429504395,-8.92084884643555,"Female"
"9004156",371990,2025-05-14 22:33:03,42.3982048034668,-8.9208927154541,"Female"
"9004156",371990,2025-05-14 22:38:03,42.3982391357422,-8.92072868347168,"Female"
"9004156",371990,2025-05-14 22:43:02,42.3982391357422,-8.92088508605957,"Female"
"9004156",371990,2025-05-14 22:48:03,42.3982009887695,-8.9208869934082,"Female"
"9004156",371990,2025-05-14 22:53:03,42.3982238769531,-8.92086505889893,"Female"
"9004156",371990,2025-05-14 22:58:03,42.3982124328613,-8.92083168029785,"Female"
"9004156",371990,2025-05-14 23:03:03,42.3982467651367,-8.92081451416016,"Female"
"9004156",371990,2025-05-14 23:08:03,42.3982620239258,-8.92079544067383,"Female"
"9004156",371990,2025-05-14 23:13:03,42.3982048034668,-8.92087173461914,"Female"
"9004156",371990,2025-05-14 23:18:02,42.3982696533203,-8.92069149017334,"Female"
"9004156",371990,2025-05-14 23:23:02,42.3981781005859,-8.92077922821045,"Female"
"9004156",371990,2025-05-14 23:28:03,42.3981857299805,-8.92075347900391,"Female"
"9004156",371990,2025-05-14 23:33:03,42.3982429504395,-8.92061424255371,"Female"
"9004156",371990,2025-05-14 23:38:03,42.3983001708984,-8.92066097259521,"Female"
"9004156",371990,2025-05-14 23:43:03,42.398250579834,-8.92070579528809,"Female"
"9004156",371990,2025-05-14 23:48:02,42.3986511230469,-8.920973777771,"Female"
"9004156",371990,2025-05-14 23:53:02,42.3985252380371,-8.9209566116333,"Female"
"9004156",371990,2025-05-14 23:58:02,42.3985252380371,-8.92114639282227,"Female"
"9004156",371990,2025-05-15 00:03:02,42.3986511230469,-8.92123508453369,"Female"
"9004156",371990,2025-05-15 00:08:03,42.3986549377441,-8.92120838165283,"Female"
"9004156",371990,2025-05-15 00:13:02,42.3987045288086,-8.92124557495117,"Female"
"9004156",371990,2025-05-15 00:18:03,42.3987503051758,-8.92137050628662,"Female"
"9004156",371990,2025-05-15 00:23:03,42.3987197875977,-8.92122840881348,"Female"
"9004156",371990,2025-05-15 00:28:03,42.3988342285156,-8.92134571075439,"Female"
"9004156",371990,2025-05-15 00:33:06,42.3989639282227,-8.92112159729004,"Female"
"9004156",371990,2025-05-15 00:38:03,42.3986587524414,-8.92109394073486,"Female"
"9004156",371990,2025-05-15 00:43:03,42.3986625671387,-8.92114162445068,"Female"
"9004156",371990,2025-05-15 00:48:03,42.3986129760742,-8.92110729217529,"Female"
"9004156",371990,2025-05-15 00:53:03,42.3985366821289,-8.92105102539062,"Female"
"9004156",371990,2025-05-15 00:58:02,42.3984375,-8.92111682891846,"Female"
"9004156",371990,2025-05-15 01:03:02,42.3985939025879,-8.92114353179932,"Female"
"9004156",371990,2025-05-15 01:08:02,42.3985328674316,-8.9210319519043,"Female"
"9004156",371990,2025-05-15 01:13:02,42.3983612060547,-8.92112350463867,"Female"
"9004156",371990,2025-05-15 01:18:02,42.3983383178711,-8.92119121551514,"Female"
"9004156",371990,2025-05-15 01:23:02,42.3983192443848,-8.92108821868896,"Female"
"9004156",371990,2025-05-15 01:28:02,42.398265838623,-8.92110824584961,"Female"
"9004156",371990,2025-05-15 01:33:03,42.3982963562012,-8.92109489440918,"Female"
"9004156",371990,2025-05-15 01:38:03,42.3982849121094,-8.92119407653809,"Female"
"9004156",371990,2025-05-15 01:43:03,42.3981781005859,-8.92124366760254,"Female"
"9004156",371990,2025-05-15 01:48:03,42.3982124328613,-8.92119598388672,"Female"
"9004156",371990,2025-05-15 01:53:03,42.3981742858887,-8.92105579376221,"Female"
"9004156",371990,2025-05-15 01:58:03,42.3981704711914,-8.92110538482666,"Female"
"9004156",371990,2025-05-15 02:03:03,42.3981704711914,-8.92099857330322,"Female"
"9004156",371990,2025-05-15 02:08:04,42.3981895446777,-8.9212007522583,"Female"
"9004156",371990,2025-05-15 02:13:06,42.3982009887695,-8.9210844039917,"Female"
"9004156",371990,2025-05-15 02:18:06,42.3982582092285,-8.92108345031738,"Female"
"9004156",371990,2025-05-15 02:23:03,42.3981857299805,-8.92099380493164,"Female"
"9004156",371990,2025-05-15 02:28:05,42.3980560302734,-8.92082405090332,"Female"
"9004156",371990,2025-05-15 02:33:07,42.3981590270996,-8.92035102844238,"Female"
"9004156",371990,2025-05-15 02:38:07,42.3981513977051,-8.92032909393311,"Female"
"9004156",371990,2025-05-15 02:43:08,42.3981094360352,-8.92021942138672,"Female"
"9004156",371990,2025-05-15 02:48:09,42.3982124328613,-8.92052364349365,"Female"
"9004156",371990,2025-05-15 02:53:09,42.3982238769531,-8.92053985595703,"Female"
"9004156",371990,2025-05-15 02:58:09,42.3982162475586,-8.92052364349365,"Female"
"9004156",371990,2025-05-15 03:03:09,42.3982238769531,-8.92053318023682,"Female"
"9004156",371990,2025-05-15 03:08:12,42.3982429504395,-8.9205904006958,"Female"
"9004156",371990,2025-05-15 03:13:09,42.3982543945312,-8.9206371307373,"Female"
"9004156",371990,2025-05-15 03:18:07,42.3982429504395,-8.92060279846191,"Female"
"9004156",371990,2025-05-15 03:23:04,42.3982963562012,-8.92070579528809,"Female"
"9004156",371990,2025-05-15 03:28:08,42.398250579834,-8.92068004608154,"Female"
"9004156",371990,2025-05-15 03:33:03,42.3981857299805,-8.92073249816895,"Female"
"9004156",371990,2025-05-15 03:38:03,42.398265838623,-8.9207649230957,"Female"
"9004156",371990,2025-05-15 03:43:03,42.3982238769531,-8.92086124420166,"Female"
"9004156",371990,2025-05-15 03:48:03,42.3982048034668,-8.9208402633667,"Female"
"9004156",371990,2025-05-15 03:53:03,42.3982276916504,-8.92077922821045,"Female"
"9004156",371990,2025-05-15 03:58:09,42.3982429504395,-8.92087650299072,"Female"
"9004156",371990,2025-05-15 04:03:04,42.3982963562012,-8.92075443267822,"Female"
"9004156",371990,2025-05-15 04:08:08,42.3982810974121,-8.9207592010498,"Female"
"9004156",371990,2025-05-15 04:13:04,42.3982429504395,-8.92076587677002,"Female"
"9004156",371990,2025-05-15 04:18:03,42.3982276916504,-8.9207067489624,"Female"
"9004156",371990,2025-05-15 04:23:03,42.3982429504395,-8.92075729370117,"Female"
"9004156",371990,2025-05-15 04:28:04,42.3982772827148,-8.92073154449463,"Female"
"9004156",371990,2025-05-15 04:33:04,42.3982963562012,-8.92079257965088,"Female"
"9004156",371990,2025-05-15 04:38:04,42.3982887268066,-8.92079925537109,"Female"
"9004156",371990,2025-05-15 04:43:03,42.3982048034668,-8.92075824737549,"Female"
"9004156",371990,2025-05-15 04:48:03,42.3982543945312,-8.92078399658203,"Female"
"9004156",371990,2025-05-15 04:53:04,42.3982162475586,-8.9209098815918,"Female"
"9004156",371990,2025-05-15 04:58:06,42.3982162475586,-8.92086505889893,"Female"
"9004156",371990,2025-05-15 05:03:03,42.3982086181641,-8.92092037200928,"Female"
"9004156",371990,2025-05-15 05:08:06,42.3982162475586,-8.9208345413208,"Female"
"9004156",371990,2025-05-15 05:13:03,42.3989486694336,-8.92095375061035,"Female"
"9004156",371990,2025-05-15 05:18:12,42.4041748046875,-8.92178916931152,"Female"
"9004156",371990,2025-05-15 05:23:03,42.4241256713867,-8.92952442169189,"Female"
"9004156",371990,2025-05-15 05:28:03,42.449634552002,-8.93715000152588,"Female"
"9004156",371990,2025-05-15 05:33:03,42.4795036315918,-8.93793296813965,"Female"
"9004156",371990,2025-05-15 05:38:08,42.4828643798828,-8.93117713928223,"Female"
"9004156",371990,2025-05-15 05:43:45,42.4818687438965,-8.93123626708984,"Female"
"9004156",371990,2025-05-15 05:49:30,42.4818687438965,-8.93108177185059,"Female"
"9004156",371990,2025-05-15 05:54:26,42.4816818237305,-8.92983055114746,"Female"
"9004156",371990,2025-05-15 05:59:24,42.464298248291,-8.94436168670654,"Female"
"9004156",371990,2025-05-15 06:04:24,42.4267539978027,-8.93167114257812,"Female"
"9004156",371990,2025-05-15 06:09:44,42.3988494873047,-8.92101860046387,"Female"
"9004156",371990,2025-05-15 06:15:05,42.3987197875977,-8.92089653015137,"Female"
"9004156",371990,2025-05-15 06:19:25,42.3987693786621,-8.92094326019287,"Female"
"9004156",371990,2025-05-15 06:24:22,42.3986930847168,-8.92072772979736,"Female"
"9004156",371990,2025-05-15 06:29:23,42.3986358642578,-8.92096519470215,"Female"
"9004156",371990,2025-05-15 06:34:22,42.3988227844238,-8.92074966430664,"Female"
"9004156",371990,2025-05-15 06:39:25,42.3985595703125,-8.9210786819458,"Female"
"9004156",371990,2025-05-15 06:44:30,42.3985977172852,-8.92109489440918,"Female"
"9004156",371990,2025-05-15 06:49:53,42.3986473083496,-8.92105102539062,"Female"
"9004156",371990,2025-05-15 06:54:44,42.3985710144043,-8.92108917236328,"Female"
"9004156",371990,2025-05-15 06:59:22,42.3985366821289,-8.92103576660156,"Female"
"9004156",371990,2025-05-15 07:04:27,42.3985443115234,-8.9209451675415,"Female"
"9004156",371990,2025-05-15 07:09:23,42.3986282348633,-8.92130470275879,"Female"
"9004156",371990,2025-05-15 07:14:23,42.3984031677246,-8.92172241210938,"Female"
"9004156",371990,2025-05-15 07:19:23,42.3986282348633,-8.92107391357422,"Female"
"9004156",371990,2025-05-15 07:24:22,42.3985481262207,-8.921067237854,"Female"
"9004156",371990,2025-05-15 07:29:22,42.3984909057617,-8.92097663879395,"Female"
"9004156",371990,2025-05-15 07:34:22,42.3986396789551,-8.92118358612061,"Female"
"9004156",371990,2025-05-15 07:39:22,42.3986167907715,-8.9210262298584,"Female"
"9004156",371990,2025-05-15 07:44:23,42.3984985351562,-8.92105960845947,"Female"
"9004156",371990,2025-05-15 07:49:24,42.3985900878906,-8.92107200622559,"Female"
"9004156",371990,2025-05-15 07:54:23,42.398624420166,-8.92115879058838,"Female"
"9004156",371990,2025-05-15 07:59:24,42.3985786437988,-8.92100143432617,"Female"
"9004156",371990,2025-05-15 08:04:29,42.3984489440918,-8.92094135284424,"Female"
"9004156",371990,2025-05-15 08:09:24,42.3986206054688,-8.92142581939697,"Female"
"9004156",371990,2025-05-15 08:14:25,42.3984985351562,-8.92094230651855,"Female"
"9004156",371990,2025-05-15 08:19:25,42.3984222412109,-8.92086315155029,"Female"
"9004156",371990,2025-05-15 08:24:27,42.3985328674316,-8.92096900939941,"Female"
"9004156",371990,2025-05-15 08:29:58,42.3984260559082,-8.92086410522461,"Female"
"9004156",371990,2025-05-15 08:34:27,42.3983383178711,-8.9207820892334,"Female"
"9004156",371990,2025-05-15 08:39:38,42.3985748291016,-8.9210205078125,"Female"
"9004156",371990,2025-05-15 08:44:27,42.3985290527344,-8.92094707489014,"Female"
"9004156",371990,2025-05-15 08:49:27,42.3983993530273,-8.92079544067383,"Female"
"9004156",371990,2025-05-15 08:54:28,42.3985824584961,-8.92088317871094,"Female"
"9004156",371990,2025-05-15 08:59:25,42.3985748291016,-8.92101383209229,"Female"
"9004156",371990,2025-05-15 09:04:30,42.3987617492676,-8.92119026184082,"Female"
"9004156",371990,2025-05-15 09:09:25,42.3987350463867,-8.92112255096436,"Female"
"9004156",371990,2025-05-15 09:14:24,42.3986320495605,-8.92111110687256,"Female"
"9004156",371990,2025-05-15 09:19:28,42.3985443115234,-8.92075252532959,"Female"
"9004156",371990,2025-05-15 09:24:59,42.398609161377,-8.92091369628906,"Female"
"9004156",371990,2025-05-15 09:29:23,42.3986320495605,-8.9208869934082,"Female"
"9004156",371990,2025-05-15 09:34:22,42.3986511230469,-8.92087554931641,"Female"
"9004156",371990,2025-05-15 09:39:22,42.3986015319824,-8.92085742950439,"Female"
"9004156",371990,2025-05-15 09:44:24,42.3986129760742,-8.92100238800049,"Female"
"9004156",371990,2025-05-15 09:49:24,42.3986663818359,-8.92101097106934,"Female"
"9004156",371990,2025-05-15 09:54:23,42.398681640625,-8.92109870910645,"Female"
"9004156",371990,2025-05-15 09:59:24,42.398624420166,-8.92097091674805,"Female"
"9004156",371990,2025-05-15 10:04:31,42.3985900878906,-8.92092990875244,"Female"
"9004156",371990,2025-05-15 10:09:25,42.3985557556152,-8.9207820892334,"Female"
"9004156",371990,2025-05-15 10:14:23,42.398624420166,-8.92093181610107,"Female"
"9004156",371990,2025-05-15 10:19:25,42.3985862731934,-8.92072200775146,"Female"
"9004156",371990,2025-05-15 10:24:28,42.3985443115234,-8.92091083526611,"Female"
"9004156",371990,2025-05-15 10:29:25,42.3985214233398,-8.92026519775391,"Female"
"9004156",371990,2025-05-15 10:34:28,42.398609161377,-8.92109680175781,"Female"
"9004156",371990,2025-05-15 10:39:29,42.398609161377,-8.920973777771,"Female"
"9004156",371990,2025-05-15 10:44:23,42.398681640625,-8.92110347747803,"Female"
"9004156",371990,2025-05-15 10:49:23,42.3985748291016,-8.92095756530762,"Female"
"9004156",371990,2025-05-15 10:54:23,42.3986129760742,-8.92103385925293,"Female"
"9004156",371990,2025-05-15 10:59:42,42.3985366821289,-8.92089557647705,"Female"
"9004156",371990,2025-05-15 11:04:28,42.3985137939453,-8.92093276977539,"Female"
"9004156",371990,2025-05-15 11:09:26,42.398624420166,-8.92107105255127,"Female"
"9004156",371990,2025-05-15 11:14:42,42.3985481262207,-8.92097568511963,"Female"
"9004156",371990,2025-05-15 11:19:25,42.3985557556152,-8.92100620269775,"Female"
"9004156",371990,2025-05-15 11:24:29,42.3985404968262,-8.92091846466064,"Female"
"9004156",371990,2025-05-15 11:29:24,42.3985252380371,-8.92083549499512,"Female"
"9004156",371990,2025-05-15 11:34:31,42.3985176086426,-8.92095470428467,"Female"
"9004156",371990,2025-05-15 11:39:24,42.398681640625,-8.92177677154541,"Female"
"9004156",371990,2025-05-15 11:44:25,42.3985176086426,-8.92044639587402,"Female"
"9004156",371990,2025-05-15 11:49:31,42.3985824584961,-8.92110824584961,"Female"
"9004156",371990,2025-05-15 11:54:26,42.3986434936523,-8.9211540222168,"Female"
"9004156",371990,2025-05-15 11:59:24,42.3985862731934,-8.92091846466064,"Female"
"9004156",371990,2025-05-15 12:04:31,42.3985824584961,-8.92107391357422,"Female"
"9004156",371990,2025-05-15 12:09:28,42.3985862731934,-8.92106914520264,"Female"
"9004156",371990,2025-05-15 12:14:29,42.3984985351562,-8.92096996307373,"Female"
"9004156",371990,2025-05-15 12:19:32,42.3986206054688,-8.92077541351318,"Female"
"9004156",371990,2025-05-15 12:24:44,42.3986167907715,-8.92089653015137,"Female"
"9004156",371990,2025-05-15 12:29:25,42.3984603881836,-8.9207592010498,"Female"
"9004156",371990,2025-05-15 12:34:26,42.3986549377441,-8.9215841293335,"Female"
"9004156",371990,2025-05-15 12:39:31,42.3985786437988,-8.9220085144043,"Female"
"9004156",371990,2025-05-15 12:44:34,42.3985023498535,-8.92257881164551,"Female"
"9004156",371990,2025-05-15 12:49:57,42.3984527587891,-8.92136096954346,"Female"
"9004156",371990,2025-05-15 12:54:31,42.3984336853027,-8.9213924407959,"Female"
"9004156",371990,2025-05-15 12:59:23,42.3983917236328,-8.92146110534668,"Female"
"9004156",371990,2025-05-15 13:04:25,42.3986053466797,-8.92023468017578,"Female"
"9004156",371990,2025-05-15 13:09:28,42.3986206054688,-8.92097091674805,"Female"
"9004156",371990,2025-05-15 13:14:36,42.3986129760742,-8.92083263397217,"Female"
"9004156",371990,2025-05-15 13:19:33,42.3985748291016,-8.92077255249023,"Female"
"9004156",371990,2025-05-15 13:24:25,42.3986167907715,-8.92076396942139,"Female"
"9004156",371990,2025-05-15 13:29:23,42.4054107666016,-8.91968250274658,"Female"
"9004156",371990,2025-05-15 13:34:23,42.429256439209,-8.92313766479492,"Female"
"9004156",371990,2025-05-15 13:39:24,42.4521980285645,-8.93284702301025,"Female"
"9004156",371990,2025-05-15 13:44:23,42.4707870483398,-8.94049072265625,"Female"
"9004156",371990,2025-05-15 13:49:30,42.481876373291,-8.93057060241699,"Female"
"9004156",371990,2025-05-15 13:55:40,42.4818954467773,-8.9298267364502,"Female"
"9004156",371990,2025-05-15 14:01:17,42.480785369873,-8.92865753173828,"Female"
"9004156",371990,2025-05-15 14:06:17,42.4811592102051,-8.92885684967041,"Female"
"9004156",371990,2025-05-15 14:11:23,42.4816360473633,-8.92752552032471,"Female"
"9004156",371990,2025-05-15 14:16:22,42.4820785522461,-8.92776966094971,"Female"
"9004156",371990,2025-05-15 14:21:23,42.4819831848145,-8.92757129669189,"Female"
"9004156",371990,2025-05-15 14:26:24,42.4820671081543,-8.92748260498047,"Female"
"9004156",371990,2025-05-15 14:31:22,42.4820022583008,-8.92773818969727,"Female"
"9004156",371990,2025-05-15 14:36:22,42.4819679260254,-8.92763137817383,"Female"
"9004156",371990,2025-05-15 14:41:21,42.4819488525391,-8.9277868270874,"Female"
"9004156",371990,2025-05-15 14:46:22,42.4819107055664,-8.92788314819336,"Female"
"9004156",371990,2025-05-15 14:51:21,42.4819984436035,-8.92775630950928,"Female"
"9004156",371990,2025-05-15 14:56:21,42.4816627502441,-8.92824459075928,"Female"
"9004156",371990,2025-05-15 15:01:23,42.4814376831055,-8.92780017852783,"Female"
"9004156",371990,2025-05-15 15:06:21,42.4820709228516,-8.92755889892578,"Female"
"9004156",371990,2025-05-15 15:11:20,42.4817314147949,-8.92820358276367,"Female"
"9004156",371990,2025-05-15 15:16:22,42.4817314147949,-8.92810249328613,"Female"
"9004156",371990,2025-05-15 15:21:49,42.4817733764648,-8.92712497711182,"Female"
"9004156",371990,2025-05-15 15:27:51,42.4838066101074,-8.92693328857422,"Female"
"9004156",371990,2025-05-15 15:33:41,42.4843597412109,-8.92671394348145,"Female"
"9004156",371990,2025-05-15 15:38:41,42.4839973449707,-8.92630004882812,"Female"
"9004156",371990,2025-05-15 15:43:27,42.483959197998,-8.92642974853516,"Female"
"9004156",371990,2025-05-15 15:48:25,42.4838409423828,-8.92673015594482,"Female"
"9004156",371990,2025-05-15 15:53:25,42.4838790893555,-8.92646503448486,"Female"
"9004156",371990,2025-05-15 15:58:25,42.4838562011719,-8.92650985717773,"Female"
"9004156",371990,2025-05-15 16:03:27,42.4837265014648,-8.92726230621338,"Female"
"9004156",371990,2025-05-15 16:08:26,42.4836502075195,-8.92725944519043,"Female"
"9004156",371990,2025-05-15 16:13:26,42.4836769104004,-8.92721748352051,"Female"
"9004156",371990,2025-05-15 16:18:36,42.4839057922363,-8.92637348175049,"Female"
"9004156",371990,2025-05-15 16:23:28,42.4837760925293,-8.92720031738281,"Female"
"9004156",371990,2025-05-15 16:28:25,42.4836845397949,-8.92734813690186,"Female"
"9004156",371990,2025-05-15 16:33:42,42.4839401245117,-8.92693901062012,"Female"
"9004156",371990,2025-05-15 16:38:24,42.4838714599609,-8.92746734619141,"Female"
"9004156",371990,2025-05-15 16:43:25,42.4837226867676,-8.92857933044434,"Female"
"9004156",371990,2025-05-15 16:48:32,42.4837837219238,-8.92853927612305,"Female"
"9004156",371990,2025-05-15 16:53:35,42.4845314025879,-8.9280948638916,"Female"
"9004156",371990,2025-05-15 16:58:26,42.4842185974121,-8.92974472045898,"Female"
"9004156",371990,2025-05-15 17:04:00,42.4842224121094,-8.93011283874512,"Female"
"9004156",371990,2025-05-15 17:09:00,42.4844131469727,-8.92941474914551,"Female"
"9004156",371990,2025-05-15 17:14:01,42.4843711853027,-8.92812538146973,"Female"
"9004156",371990,2025-05-15 17:19:02,42.4843444824219,-8.92850971221924,"Female"
"9004156",371990,2025-05-15 17:24:02,42.4843635559082,-8.927978515625,"Female"
"9004156",371990,2025-05-15 17:29:06,42.4842796325684,-8.92833423614502,"Female"
"9004156",371990,2025-05-15 17:46:44,42.4851264953613,-8.92927742004395,"Female"
"9004156",371990,2025-05-15 17:51:31,42.4855003356934,-8.92980003356934,"Female"
"9004156",371990,2025-05-15 17:57:27,42.484691619873,-8.93035697937012,"Female"
"9004156",371990,2025-05-15 18:02:28,42.4830284118652,-8.929612159729,"Female"
"9004156",371990,2025-05-15 18:07:36,42.4827308654785,-8.93138027191162,"Female"
"9004156",371990,2025-05-15 18:12:28,42.482795715332,-8.93137073516846,"Female"
"9004156",371990,2025-05-15 18:17:25,42.4828643798828,-8.93133735656738,"Female"
"9004156",371990,2025-05-15 18:22:34,42.4828948974609,-8.93139934539795,"Female"
"9004156",371990,2025-05-15 18:27:25,42.482852935791,-8.93138217926025,"Female"
"9004156",371990,2025-05-15 18:32:43,42.4828262329102,-8.93141460418701,"Female"
"9004156",371990,2025-05-15 18:37:24,42.4827537536621,-8.93145561218262,"Female"
"9004156",371990,2025-05-15 18:42:24,42.4829635620117,-8.93120002746582,"Female"
"9004156",371990,2025-05-15 18:47:27,42.4830474853516,-8.93157577514648,"Female"
"9004156",371990,2025-05-15 18:52:27,42.4828987121582,-8.93119335174561,"Female"
"9004156",371990,2025-05-15 18:57:24,42.483154296875,-8.93181610107422,"Female"
"9004156",371990,2025-05-15 19:02:30,42.4828872680664,-8.93101119995117,"Female"
"9004156",371990,2025-05-15 19:07:30,42.4828681945801,-8.93100929260254,"Female"
"9004156",371990,2025-05-15 19:12:29,42.4831237792969,-8.93138027191162,"Female"
"9004156",371990,2025-05-15 19:17:31,42.4612121582031,-8.94381141662598,"Female"
"9004156",371990,2025-05-15 19:22:33,42.4134941101074,-8.93277263641357,"Female"
"9004156",371990,2025-05-15 19:27:59,42.398509979248,-8.91972160339355,"Female"
"9004156",371990,2025-05-15 19:33:14,42.398494720459,-8.91984367370605,"Female"
"9004156",371990,2025-05-15 19:38:11,42.3982162475586,-8.91947269439697,"Female"
"9004156",371990,2025-05-15 19:43:05,42.398551940918,-8.92087841033936,"Female"
"9004156",371990,2025-05-15 19:47:49,42.3989524841309,-8.9214038848877,"Female"
"9004156",371990,2025-05-15 19:52:47,42.3990859985352,-8.92122840881348,"Female"
"9004156",371990,2025-05-15 19:57:50,42.3991661071777,-8.92175674438477,"Female"
"9004156",371990,2025-05-15 20:02:47,42.399341583252,-8.9217004776001,"Female"
"9004156",371990,2025-05-15 20:07:53,42.3986511230469,-8.92177486419678,"Female"
"9004156",371990,2025-05-15 20:12:47,42.3992462158203,-8.92161846160889,"Female"
"9004156",371990,2025-05-15 20:17:54,42.3982086181641,-8.92105674743652,"Female"
"9004156",371990,2025-05-15 20:22:54,42.398307800293,-8.92113590240479,"Female"
"9004156",371990,2025-05-15 20:27:48,42.3979835510254,-8.92088508605957,"Female"
"9004156",371990,2025-05-15 20:33:14,42.3983192443848,-8.92097759246826,"Female"
"9004156",371990,2025-05-15 20:37:47,42.3984794616699,-8.92106628417969,"Female"
"9004156",371990,2025-05-15 20:42:49,42.3982200622559,-8.92101573944092,"Female"
"9004156",371990,2025-05-15 20:47:48,42.3983421325684,-8.9207935333252,"Female"
"9004156",371990,2025-05-15 20:52:49,42.3983993530273,-8.92026233673096,"Female"
"9004156",371990,2025-05-15 20:57:48,42.3977928161621,-8.92084884643555,"Female"
"9004156",371990,2025-05-15 21:02:48,42.3980026245117,-8.92090225219727,"Female"
"9004156",371990,2025-05-15 21:07:51,42.3983345031738,-8.92097854614258,"Female"
"9004156",371990,2025-05-15 21:12:48,42.3987045288086,-8.92100524902344,"Female"
"9004156",371990,2025-05-15 21:17:50,42.3989753723145,-8.92100238800049,"Female"
"9004156",371990,2025-05-15 21:22:50,42.3994255065918,-8.92128944396973,"Female"
"9004156",371990,2025-05-15 21:27:59,42.3985939025879,-8.92088508605957,"Female"
"9004156",371990,2025-05-15 21:33:01,42.3984603881836,-8.92219734191895,"Female"
"9004156",371990,2025-05-15 21:38:14,42.3985710144043,-8.92072868347168,"Female"
"9004156",371990,2025-05-15 21:42:56,42.3986015319824,-8.9207935333252,"Female"
"9004156",371990,2025-05-15 21:47:52,42.3989639282227,-8.92108058929443,"Female"
"9004156",371990,2025-05-15 21:53:00,42.39892578125,-8.92074680328369,"Female"
"9004156",371990,2025-05-15 21:58:14,42.3984336853027,-8.92088985443115,"Female"
"9004156",371990,2025-05-15 22:02:51,42.3984260559082,-8.9213285446167,"Female"
"9004156",371990,2025-05-15 22:07:52,42.3984260559082,-8.9210729598999,"Female"
"9004156",371990,2025-05-15 22:12:47,42.3984680175781,-8.92103004455566,"Female"
"9004156",371990,2025-05-15 22:17:53,42.3984832763672,-8.92116451263428,"Female"
"9004156",371990,2025-05-15 22:22:54,42.3989677429199,-8.92161178588867,"Female"
"9004156",371990,2025-05-15 22:27:58,42.3988914489746,-8.92196464538574,"Female"
"9004156",371990,2025-05-15 22:33:23,42.3984031677246,-8.92101001739502,"Female"
"9004156",371990,2025-05-15 22:37:46,42.3983459472656,-8.92092609405518,"Female"
"9004156",371990,2025-05-15 22:42:51,42.3982582092285,-8.92054176330566,"Female"
"9004156",371990,2025-05-15 22:47:48,42.3983116149902,-8.92097759246826,"Female"
"9004156",371990,2025-05-15 22:52:47,42.3983306884766,-8.92093563079834,"Female"
"9004156",371990,2025-05-15 22:57:48,42.3984107971191,-8.92102909088135,"Female"
"9004156",371990,2025-05-15 23:02:48,42.3983917236328,-8.92106533050537,"Female"
"9004156",371990,2025-05-15 23:07:48,42.3986740112305,-8.92155170440674,"Female"
"9004156",371990,2025-05-15 23:12:47,42.3984680175781,-8.92115116119385,"Female"
"9004156",371990,2025-05-15 23:17:47,42.3983764648438,-8.92099857330322,"Female"
"9004156",371990,2025-05-15 23:22:48,42.3984336853027,-8.92111682891846,"Female"
"9004156",371990,2025-05-15 23:27:54,42.3983192443848,-8.92099189758301,"Female"
"9004156",371990,2025-05-15 23:32:48,42.3982849121094,-8.92086219787598,"Female"
"9004156",371990,2025-05-15 23:37:53,42.398265838623,-8.92076206207275,"Female"
"9004156",371990,2025-05-15 23:42:54,42.3983383178711,-8.92110347747803,"Female"
"9004156",371990,2025-05-15 23:47:48,42.3982429504395,-8.92079257965088,"Female"
"9004156",371990,2025-05-15 23:52:47,42.3983879089355,-8.92098045349121,"Female"
"9004156",371990,2025-05-15 23:57:47,42.3983268737793,-8.92088794708252,"Female"
"9004156",371990,2025-05-16 00:02:47,42.3984184265137,-8.92090034484863,"Female"
"9004156",371990,2025-05-16 00:07:52,42.398265838623,-8.92069530487061,"Female"
"9004156",371990,2025-05-16 00:12:47,42.3981475830078,-8.92056655883789,"Female"
"9004156",371990,2025-05-16 00:17:51,42.3981590270996,-8.92067623138428,"Female"
"9004156",371990,2025-05-16 00:22:47,42.3981323242188,-8.92069721221924,"Female"
"9004156",371990,2025-05-16 00:27:54,42.3979377746582,-8.92079067230225,"Female"
"9004156",371990,2025-05-16 00:32:51,42.398021697998,-8.92069053649902,"Female"
"9004156",371990,2025-05-16 00:37:47,42.397891998291,-8.92069149017334,"Female"
"9004156",371990,2025-05-16 00:42:48,42.3980827331543,-8.92088413238525,"Female"
"9004156",371990,2025-05-16 00:47:57,42.3980255126953,-8.92062282562256,"Female"
"9004156",371990,2025-05-16 00:52:48,42.3982048034668,-8.92087078094482,"Female"
"9004156",371990,2025-05-16 00:57:51,42.3982315063477,-8.92111015319824,"Female"
"9004156",371990,2025-05-16 01:02:48,42.3981857299805,-8.92090797424316,"Female"
"9004156",371990,2025-05-16 01:07:48,42.3976554870605,-8.92058181762695,"Female"
"9004156",371990,2025-05-16 01:13:14,42.3981246948242,-8.92070960998535,"Female"
"9004156",371990,2025-05-16 01:17:47,42.3978691101074,-8.92045211791992,"Female"
"9004156",371990,2025-05-16 01:22:47,42.3980674743652,-8.92068290710449,"Female"
"9004156",371990,2025-05-16 01:27:48,42.3979682922363,-8.9205846786499,"Female"
"9004156",371990,2025-05-16 01:32:51,42.3987579345703,-8.92044162750244,"Female"
"9004156",371990,2025-05-16 01:37:47,42.398681640625,-8.92060375213623,"Female"
"9004156",371990,2025-05-16 01:42:51,42.3984336853027,-8.92060565948486,"Female"
"9004156",371990,2025-05-16 01:47:49,42.3989944458008,-8.92078304290771,"Female"
"9004156",371990,2025-05-16 01:52:53,42.3988075256348,-8.92058277130127,"Female"
"9004156",371990,2025-05-16 01:57:52,42.397388458252,-8.92100811004639,"Female"
"9004156",371990,2025-05-16 02:02:48,42.3974838256836,-8.92102336883545,"Female"
"9004156",371990,2025-05-16 02:07:49,42.3974876403809,-8.92111682891846,"Female"
"9004156",371990,2025-05-16 02:12:48,42.3979835510254,-8.92084884643555,"Female"
"9004156",371990,2025-05-16 02:17:49,42.3975601196289,-8.92095947265625,"Female"
"9004156",371990,2025-05-16 02:22:50,42.3983001708984,-8.92079734802246,"Female"
"9004156",371990,2025-05-16 02:27:51,42.398494720459,-8.92075061798096,"Female"
"9004156",371990,2025-05-16 02:32:51,42.3984298706055,-8.9207592010498,"Female"
"9004156",371990,2025-05-16 02:38:14,42.398380279541,-8.92131042480469,"Female"
"9004156",371990,2025-05-16 02:43:00,42.3984565734863,-8.92137908935547,"Female"
"9004156",371990,2025-05-16 02:47:55,42.3985481262207,-8.92134094238281,"Female"
"9004156",371990,2025-05-16 02:52:54,42.3976364135742,-8.92230033874512,"Female"
"9004156",371990,2025-05-16 02:58:03,42.3981628417969,-8.92092323303223,"Female"
"9004156",371990,2025-05-16 03:03:04,42.3974990844727,-8.92282199859619,"Female"
"9004156",371990,2025-05-16 03:07:58,42.3981323242188,-8.92084121704102,"Female"
"9004156",371990,2025-05-16 03:12:47,42.3981437683105,-8.92083549499512,"Female"
"9004156",371990,2025-05-16 03:17:51,42.3981628417969,-8.92028427124023,"Female"
"9004156",371990,2025-05-16 03:22:53,42.3980979919434,-8.92026042938232,"Female"
"9004156",371990,2025-05-16 03:27:48,42.3980445861816,-8.92059421539307,"Female"
"9004156",371990,2025-05-16 03:32:47,42.3981704711914,-8.92014980316162,"Female"
"9004156",371990,2025-05-16 03:37:53,42.3982124328613,-8.92006778717041,"Female"
"9004156",371990,2025-05-16 03:42:48,42.3982620239258,-8.91999340057373,"Female"
"9004156",371990,2025-05-16 03:47:49,42.3981399536133,-8.92022800445557,"Female"
"9004156",371990,2025-05-16 03:52:48,42.3980941772461,-8.92030715942383,"Female"
"9004156",371990,2025-05-16 03:57:48,42.3979225158691,-8.92063522338867,"Female"
"9004156",371990,2025-05-16 04:02:47,42.3975601196289,-8.92050266265869,"Female"
"9004156",371990,2025-05-16 04:07:48,42.3976249694824,-8.92049694061279,"Female"
"9004156",371990,2025-05-16 04:12:48,42.3971252441406,-8.92028999328613,"Female"
"9004156",371990,2025-05-16 04:17:48,42.3986396789551,-8.92058849334717,"Female"
"9004156",371990,2025-05-16 04:22:47,42.3985633850098,-8.92070484161377,"Female"
"9004156",371990,2025-05-16 04:27:49,42.3982696533203,-8.92084884643555,"Female"
"9004156",371990,2025-05-16 04:32:49,42.3984680175781,-8.9208459854126,"Female"
"9004156",371990,2025-05-16 04:37:48,42.3984489440918,-8.92088890075684,"Female"
"9004156",371990,2025-05-16 04:42:48,42.3984565734863,-8.92085647583008,"Female"
"9004156",371990,2025-05-16 04:47:48,42.3984985351562,-8.92083835601807,"Female"
"9004156",371990,2025-05-16 04:52:48,42.405632019043,-8.92208194732666,"Female"
"9004156",371990,2025-05-16 04:57:48,42.4378204345703,-8.93074989318848,"Female"
"9004156",371990,2025-05-16 05:02:48,42.4699974060059,-8.94242477416992,"Female"
"9004156",371990,2025-05-16 05:07:53,42.4814987182617,-8.93101406097412,"Female"
"9004156",371990,2025-05-16 05:12:48,42.4825744628906,-8.93121910095215,"Female"
"9004156",371990,2025-05-16 05:17:48,42.4840927124023,-8.92876052856445,"Female"
"9004156",371990,2025-05-16 05:23:10,42.4832382202148,-8.92105674743652,"Female"
"9004156",371990,2025-05-16 05:28:11,42.4838523864746,-8.92013454437256,"Female"
"9004156",371990,2025-05-16 05:33:18,42.483772277832,-8.91983985900879,"Female"
"9004156",371990,2025-05-16 05:38:27,42.4829063415527,-8.91578769683838,"Female"
"9004156",371990,2025-05-16 05:43:22,42.4828872680664,-8.91545391082764,"Female"
"9004156",371990,2025-05-16 05:49:00,42.4826240539551,-8.91682624816895,"Female"
"9004156",371990,2025-05-16 05:53:59,42.4835090637207,-8.9176082611084,"Female"
"9004156",371990,2025-05-16 05:58:59,42.4836578369141,-8.91808605194092,"Female"
"9004156",371990,2025-05-16 06:04:00,42.4847869873047,-8.91731643676758,"Female"
"9004156",371990,2025-05-16 06:09:53,42.4841728210449,-8.91654872894287,"Female"
"9004156",371990,2025-05-16 06:16:00,42.4838027954102,-8.91766166687012,"Female"
"9004156",371990,2025-05-16 06:21:00,42.482608795166,-8.91823196411133,"Female"
"9004156",371990,2025-05-16 06:26:04,42.4807014465332,-8.92949962615967,"Female"
"9004156",371990,2025-05-16 06:31:03,42.4645118713379,-8.94521713256836,"Female"
"9004156",371990,2025-05-16 06:36:00,42.4627304077148,-8.94382095336914,"Female"
"9004156",371990,2025-05-16 06:41:03,42.4634857177734,-8.9445219039917,"Female"
"9004156",371990,2025-05-16 06:45:59,42.4633827209473,-8.94439029693604,"Female"
"9004156",371990,2025-05-16 06:50:59,42.4417152404785,-8.94000911712646,"Female"
"9004156",371990,2025-05-16 06:56:06,42.4011993408203,-8.9232177734375,"Female"
"9004156",371990,2025-05-16 07:01:13,42.398551940918,-8.92147827148438,"Female"
"9004156",371990,2025-05-16 07:06:01,42.3983955383301,-8.92174053192139,"Female"
"9004156",371990,2025-05-16 07:11:01,42.3982925415039,-8.92115592956543,"Female"
"9004156",371990,2025-05-16 07:16:00,42.3985252380371,-8.92131519317627,"Female"
"9004156",371990,2025-05-16 07:21:00,42.398551940918,-8.9207706451416,"Female"
"9004156",371990,2025-05-16 07:26:00,42.3983764648438,-8.92086696624756,"Female"
"9004156",371990,2025-05-16 07:31:00,42.3984413146973,-8.92071533203125,"Female"
"9004156",371990,2025-05-16 07:36:03,42.3984489440918,-8.9209508895874,"Female"
"9004156",371990,2025-05-16 07:41:00,42.3986434936523,-8.92103385925293,"Female"
"9004156",371990,2025-05-16 07:46:00,42.3985023498535,-8.92103672027588,"Female"
"9004156",371990,2025-05-16 07:51:03,42.398551940918,-8.92101001739502,"Female"
"9004156",371990,2025-05-16 07:56:01,42.3986320495605,-8.92111301422119,"Female"
"9004156",371990,2025-05-16 08:01:01,42.3985862731934,-8.92105770111084,"Female"
"9004156",371990,2025-05-16 08:06:00,42.3986396789551,-8.92116546630859,"Female"
"9004156",371990,2025-05-16 08:11:03,42.398624420166,-8.92133235931396,"Female"
"9004156",371990,2025-05-16 08:16:03,42.3986473083496,-8.92140865325928,"Female"
"9004156",371990,2025-05-16 08:21:05,42.3986854553223,-8.92138195037842,"Female"
"9004156",371990,2025-05-16 08:26:05,42.3986892700195,-8.92124080657959,"Female"
"9004156",371990,2025-05-16 08:31:01,42.3986206054688,-8.92124652862549,"Female"
"9004156",371990,2025-05-16 08:36:08,42.398567199707,-8.92109203338623,"Female"
"9004156",371990,2025-05-16 08:41:01,42.3985862731934,-8.92124176025391,"Female"
"9004156",371990,2025-05-16 08:46:00,42.3985176086426,-8.92126178741455,"Female"
"9004156",371990,2025-05-16 08:51:03,42.3986015319824,-8.92111015319824,"Female"
"9004156",371990,2025-05-16 08:56:06,42.3985977172852,-8.92123126983643,"Female"
"9004156",371990,2025-05-16 09:01:06,42.3986854553223,-8.92124938964844,"Female"
"9004156",371990,2025-05-16 09:06:03,42.3986625671387,-8.92114543914795,"Female"
"9004156",371990,2025-05-16 09:11:03,42.3985252380371,-8.92116641998291,"Female"
"9004156",371990,2025-05-16 09:16:14,42.3985137939453,-8.92117500305176,"Female"
"9004156",371990,2025-05-16 09:21:00,42.3987083435059,-8.92122077941895,"Female"
"9004156",371990,2025-05-16 09:26:00,42.3986282348633,-8.92119216918945,"Female"
"9004156",371990,2025-05-16 09:31:03,42.3985710144043,-8.92113780975342,"Female"
"9004156",371990,2025-05-16 09:36:00,42.3984985351562,-8.92130470275879,"Female"
"9004156",371990,2025-05-16 09:41:01,42.3985786437988,-8.92101001739502,"Female"
"9004156",371990,2025-05-16 09:46:06,42.3986892700195,-8.92089557647705,"Female"
"9004156",371990,2025-05-16 09:51:06,42.3986892700195,-8.92078113555908,"Female"
"9004156",371990,2025-05-16 09:56:08,42.398681640625,-8.92073631286621,"Female"
"9004156",371990,2025-05-16 10:01:06,42.3986167907715,-8.92074584960938,"Female"
"9004156",371990,2025-05-16 10:06:06,42.3986587524414,-8.92072582244873,"Female"
"9004156",371990,2025-05-16 10:11:13,42.3986968994141,-8.92097663879395,"Female"
"9004156",371990,2025-05-16 10:16:05,42.3986473083496,-8.9206485748291,"Female"
"9004156",371990,2025-05-16 10:21:06,42.3986854553223,-8.92084503173828,"Female"
"9004156",371990,2025-05-16 10:26:07,42.3986854553223,-8.92064666748047,"Female"
"9004156",371990,2025-05-16 10:31:05,42.3986434936523,-8.9206485748291,"Female"
"9004156",371990,2025-05-16 10:36:06,42.3986434936523,-8.92079067230225,"Female"
"9004156",371990,2025-05-16 10:41:13,42.3986892700195,-8.92098522186279,"Female"
"9004156",371990,2025-05-16 10:46:00,42.398754119873,-8.9210205078125,"Female"
"9004156",371990,2025-05-16 10:51:07,42.3985977172852,-8.92140483856201,"Female"
"9004156",371990,2025-05-16 10:56:00,42.3987083435059,-8.92109489440918,"Female"
"9004156",371990,2025-05-16 11:01:10,42.3987731933594,-8.92052841186523,"Female"
"9004156",371990,2025-05-16 11:06:05,42.3986701965332,-8.92030811309814,"Female"
"9004156",371990,2025-05-16 11:11:07,42.3987007141113,-8.92053318023682,"Female"
"9004156",371990,2025-05-16 11:16:06,42.3987770080566,-8.92099761962891,"Female"
"9004156",371990,2025-05-16 11:20:59,42.3987503051758,-8.92073345184326,"Female"
"9004156",371990,2025-05-16 11:25:59,42.3987236022949,-8.92078113555908,"Female"
"9004156",371990,2025-05-16 11:32:05,42.3985595703125,-8.92099380493164,"Female"
"9004156",371990,2025-05-16 11:36:00,42.3985786437988,-8.9210901260376,"Female"
"9004156",371990,2025-05-16 11:40:58,42.398624420166,-8.92090511322021,"Female"
"9004156",371990,2025-05-16 11:45:59,42.3985633850098,-8.92092037200928,"Female"
"9004156",371990,2025-05-16 11:50:58,42.3985443115234,-8.92097854614258,"Female"
"9004156",371990,2025-05-16 11:55:59,42.3985595703125,-8.92103958129883,"Female"
"9004156",371990,2025-05-16 12:01:00,42.3985939025879,-8.92089462280273,"Female"
"9004156",371990,2025-05-16 12:05:59,42.3985404968262,-8.92104911804199,"Female"
"9004156",371990,2025-05-16 12:11:00,42.3985252380371,-8.9209508895874,"Female"
"9004156",371990,2025-05-16 12:16:02,42.3985595703125,-8.92092132568359,"Female"
"9004156",371990,2025-05-16 12:21:04,42.398509979248,-8.92086601257324,"Female"
"9004156",371990,2025-05-16 12:26:13,42.3985061645508,-8.92087173461914,"Female"
"9004156",371990,2025-05-16 12:31:12,42.3987579345703,-8.92078399658203,"Female"
"9004156",371990,2025-05-16 12:36:03,42.3985748291016,-8.9208812713623,"Female"
"9004156",371990,2025-05-16 12:41:07,42.3985748291016,-8.92083835601807,"Female"
"9004156",371990,2025-05-16 12:46:06,42.398567199707,-8.92087650299072,"Female"
"9004156",371990,2025-05-16 12:51:24,42.4019622802734,-8.91915225982666,"Female"
"9004156",371990,2025-05-16 12:56:00,42.419303894043,-8.92254161834717,"Female"
"9004156",371990,2025-05-16 13:01:05,42.4520568847656,-8.93436050415039,"Female"
"9004156",371990,2025-05-16 13:05:59,42.480770111084,-8.93603038787842,"Female"
"9004156",371990,2025-05-16 13:10:59,42.4824829101562,-8.93080043792725,"Female"
"9004156",371990,2025-05-16 13:18:48,42.4826507568359,-8.92995452880859,"Female"
"9004156",371990,2025-05-16 13:24:03,42.4823265075684,-8.92938041687012,"Female"
"9004156",371990,2025-05-16 13:29:13,42.4821357727051,-8.92953968048096,"Female"
"9004156",371990,2025-05-16 13:34:38,42.4818077087402,-8.92922401428223,"Female"
"9004156",371990,2025-05-16 13:43:40,42.4815292358398,-8.92864894866943,"Female"
"9004156",371990,2025-05-16 13:49:32,42.4811401367188,-8.92695140838623,"Female"
"9004156",371990,2025-05-16 13:57:07,42.481388092041,-8.92536640167236,"Female"
"9004156",371990,2025-05-16 14:02:28,42.4806251525879,-8.92426204681396,"Female"
"9004156",371990,2025-05-16 14:08:30,42.4797973632812,-8.92315769195557,"Female"
"9004156",371990,2025-05-16 14:13:33,42.4803123474121,-8.92406177520752,"Female"
"9004156",371990,2025-05-16 14:18:35,42.4801826477051,-8.92362689971924,"Female"
"9004156",371990,2025-05-16 14:23:41,42.4802131652832,-8.92406845092773,"Female"
"9004156",371990,2025-05-16 14:28:22,42.4798774719238,-8.92279243469238,"Female"
"9004156",371990,2025-05-16 14:33:20,42.4800491333008,-8.92344188690186,"Female"
"9004156",371990,2025-05-16 14:38:19,42.480037689209,-8.92351531982422,"Female"
"9004156",371990,2025-05-16 14:43:22,42.4800338745117,-8.92430782318115,"Female"
"9004156",371990,2025-05-16 14:48:44,42.480094909668,-8.92429351806641,"Female"
"9004156",371990,2025-05-16 14:53:18,42.4805145263672,-8.92409420013428,"Female"
"9004156",371990,2025-05-16 14:58:20,42.4802398681641,-8.9232759475708,"Female"
"9004156",371990,2025-05-16 15:03:19,42.4802742004395,-8.92398643493652,"Female"
"9004156",371990,2025-05-16 15:08:19,42.4804420471191,-8.92394733428955,"Female"
"9004156",371990,2025-05-16 15:13:18,42.4807586669922,-8.92452621459961,"Female"
"9004156",371990,2025-05-16 15:18:28,42.4804382324219,-8.92377376556396,"Female"
"9004156",371990,2025-05-16 15:23:21,42.4804649353027,-8.92386817932129,"Female"
"9004156",371990,2025-05-16 15:28:20,42.480396270752,-8.92452716827393,"Female"
"9004156",371990,2025-05-16 15:33:20,42.4805183410645,-8.92464637756348,"Female"
"9004156",371990,2025-05-16 15:38:41,42.4802093505859,-8.92435264587402,"Female"
"9004156",371990,2025-05-16 15:43:20,42.4812965393066,-8.92634773254395,"Female"
"9004156",371990,2025-05-16 15:50:08,42.4821815490723,-8.92654418945312,"Female"
"9004156",371990,2025-05-16 15:56:03,42.4820251464844,-8.92763137817383,"Female"
"9004156",371990,2025-05-16 16:01:04,42.4814453125,-8.92742252349854,"Female"
"9004156",371990,2025-05-16 16:06:07,42.4806709289551,-8.92813682556152,"Female"
"9004156",371990,2025-05-16 16:11:04,42.4819488525391,-8.92857933044434,"Female"
"9004156",371990,2025-05-16 16:16:14,42.4826278686523,-8.93048667907715,"Female"
"9004156",371990,2025-05-16 16:21:03,42.4826774597168,-8.93029689788818,"Female"
"9004156",371990,2025-05-16 16:26:06,42.4826278686523,-8.93039131164551,"Female"
"9004156",371990,2025-05-16 16:31:03,42.4826354980469,-8.93034934997559,"Female"
"9004156",371990,2025-05-16 16:36:11,42.4826545715332,-8.93053436279297,"Female"
"9004156",371990,2025-05-16 16:41:03,42.4826889038086,-8.93011665344238,"Female"
"9004156",371990,2025-05-16 16:46:03,42.4827194213867,-8.92997074127197,"Female"
"9004156",371990,2025-05-16 16:51:03,42.4827346801758,-8.93020915985107,"Female"
"9004156",371990,2025-05-16 16:56:04,42.4826545715332,-8.93053531646729,"Female"
"9004156",371990,2025-05-16 17:01:04,42.4826126098633,-8.93050003051758,"Female"
"9004156",371990,2025-05-16 17:06:03,42.4826202392578,-8.93042087554932,"Female"
"9004156",371990,2025-05-16 17:11:03,42.482593536377,-8.93030834197998,"Female"
"9004156",371990,2025-05-16 17:16:02,42.4823913574219,-8.9308967590332,"Female"
"9004156",371990,2025-05-16 17:21:03,42.4805107116699,-8.93637466430664,"Female"
"9004156",371990,2025-05-16 17:26:02,42.4678573608398,-8.94512176513672,"Female"
"9004156",371990,2025-05-16 17:31:08,42.4211044311523,-8.93207168579102,"Female"
"9004156",371990,2025-05-16 17:36:06,42.398021697998,-8.92072200775146,"Female"
"9004156",371990,2025-05-16 17:41:04,42.3981513977051,-8.9206714630127,"Female"
"9004156",371990,2025-05-16 17:46:14,42.3979949951172,-8.9207763671875,"Female"
"9004156",371990,2025-05-16 17:51:14,42.3985252380371,-8.92092704772949,"Female"
"9004156",371990,2025-05-16 17:56:01,42.3985633850098,-8.92088222503662,"Female"
"9004156",371990,2025-05-16 18:01:02,42.398551940918,-8.92093372344971,"Female"
"9004156",371990,2025-05-16 18:06:05,42.3985862731934,-8.92081546783447,"Female"
"9004156",371990,2025-05-16 18:11:08,42.398551940918,-8.92078018188477,"Female"
"9004156",371990,2025-05-16 18:16:10,42.3984756469727,-8.92075824737549,"Female"
"9004156",371990,2025-05-16 18:21:05,42.3985366821289,-8.92080497741699,"Female"
"9004156",371990,2025-05-16 18:26:13,42.3985443115234,-8.92078018188477,"Female"
"9004156",371990,2025-05-16 18:31:11,42.3988342285156,-8.92081928253174,"Female"
"9004156",371990,2025-05-16 18:36:11,42.3985633850098,-8.92074489593506,"Female"
"9004156",371990,2025-05-16 18:41:06,42.3987083435059,-8.92076873779297,"Female"
"9004156",371990,2025-05-16 18:46:09,42.3987770080566,-8.92093467712402,"Female"
"9004156",371990,2025-05-16 18:51:07,42.3986206054688,-8.92083644866943,"Female"
"9004156",371990,2025-05-16 18:56:16,42.3986778259277,-8.92092418670654,"Female"
"9004156",371990,2025-05-16 19:01:08,42.3987884521484,-8.92091846466064,"Female"
"9004156",371990,2025-05-16 19:06:09,42.3986701965332,-8.92088222503662,"Female"
"9004156",371990,2025-05-16 19:11:53,42.3985061645508,-8.92058849334717,"Female"
"9004156",371990,2025-05-16 19:16:16,42.3985939025879,-8.92062759399414,"Female"
"9004156",371990,2025-05-16 19:21:05,42.3984870910645,-8.92080020904541,"Female"
"9004156",371990,2025-05-16 19:26:03,42.3985214233398,-8.92071151733398,"Female"
"9004156",371990,2025-05-16 19:31:03,42.3985481262207,-8.92075824737549,"Female"
"9004156",371990,2025-05-16 19:36:07,42.3985824584961,-8.9207820892334,"Female"
"9004156",371990,2025-05-16 19:41:02,42.3985710144043,-8.92077159881592,"Female"
"9004156",371990,2025-05-16 19:46:04,42.3985786437988,-8.92070770263672,"Female"
"9004156",371990,2025-05-16 19:51:03,42.3985786437988,-8.92076683044434,"Female"
"9004156",371990,2025-05-16 19:56:02,42.398567199707,-8.92088031768799,"Female"
"9004156",371990,2025-05-16 20:01:05,42.3984642028809,-8.92086505889893,"Female"
"9004156",371990,2025-05-16 20:06:04,42.3982124328613,-8.92075634002686,"Female"
"9004156",371990,2025-05-16 20:11:05,42.3984146118164,-8.92088794708252,"Female"
"9004156",371990,2025-05-16 20:16:02,42.3983345031738,-8.92074108123779,"Female"
"9004156",371990,2025-05-16 20:21:02,42.3982429504395,-8.92063617706299,"Female"
"9004156",371990,2025-05-16 20:26:03,42.3985404968262,-8.92083835601807,"Female"
"9004156",371990,2025-05-16 20:31:04,42.3982086181641,-8.9206075668335,"Female"
"9004156",371990,2025-05-16 20:36:11,42.3983955383301,-8.92076778411865,"Female"
"9004156",371990,2025-05-16 20:41:04,42.3985900878906,-8.92094993591309,"Female"
"9004156",371990,2025-05-16 20:46:11,42.3985633850098,-8.92099094390869,"Female"
"9004156",371990,2025-05-16 20:51:07,42.3986282348633,-8.92103481292725,"Female"
"9004156",371990,2025-05-16 20:56:03,42.3985633850098,-8.92090225219727,"Female"
"9004156",371990,2025-05-16 21:01:05,42.398609161377,-8.92098045349121,"Female"
"9004156",371990,2025-05-16 21:06:06,42.3986701965332,-8.92115211486816,"Female"
"9004156",371990,2025-05-16 21:11:03,42.3987655639648,-8.92101860046387,"Female"
"9004156",371990,2025-05-16 21:16:05,42.398624420166,-8.92092895507812,"Female"
"9004156",371990,2025-05-16 21:21:35,42.398567199707,-8.9209098815918,"Female"
"9004156",371990,2025-05-16 21:26:03,42.3984909057617,-8.92072200775146,"Female"
"9004156",371990,2025-05-16 21:31:01,42.3983917236328,-8.92081546783447,"Female"
"9004156",371990,2025-05-16 21:36:07,42.3985328674316,-8.92088031768799,"Female"
"9004156",371990,2025-05-16 21:41:07,42.3985176086426,-8.92086505889893,"Female"
"9004156",371990,2025-05-16 21:46:03,42.3985977172852,-8.9210376739502,"Female"
"9004156",371990,2025-05-16 21:51:07,42.3985748291016,-8.92095470428467,"Female"
"9004156",371990,2025-05-16 21:56:13,42.3985404968262,-8.92091655731201,"Female"
"9004156",371990,2025-05-16 22:01:09,42.3984832763672,-8.92090892791748,"Female"
"9004156",371990,2025-05-16 22:06:06,42.3985824584961,-8.9210262298584,"Female"
"9004156",371990,2025-05-16 22:11:08,42.3986053466797,-8.92097663879395,"Female"
"9004156",371990,2025-05-16 22:16:03,42.3985633850098,-8.92099857330322,"Female"
"9004156",371990,2025-05-16 22:21:04,42.3985443115234,-8.92099666595459,"Female"
"9004156",371990,2025-05-16 22:26:02,42.3985633850098,-8.92105674743652,"Female"
"9004156",371990,2025-05-16 22:31:10,42.3985595703125,-8.92091274261475,"Female"
"9004156",371990,2025-05-16 22:36:05,42.3985748291016,-8.92097949981689,"Female"
"9004156",371990,2025-05-16 22:41:05,42.3985824584961,-8.92090606689453,"Female"
"9004156",371990,2025-05-16 22:46:06,42.3985900878906,-8.92099475860596,"Female"
"9004156",371990,2025-05-16 22:51:04,42.3985748291016,-8.92100715637207,"Female"
"9004156",371990,2025-05-16 22:56:04,42.3985595703125,-8.92088031768799,"Female"
"9004156",371990,2025-05-16 23:01:06,42.3985862731934,-8.92095565795898,"Female"
"9004156",371990,2025-05-16 23:06:06,42.3985977172852,-8.92094802856445,"Female"
"9004156",371990,2025-05-16 23:11:03,42.3985633850098,-8.9210090637207,"Female"
"9004156",371990,2025-05-16 23:16:06,42.3985748291016,-8.92105484008789,"Female"
"9004156",371990,2025-05-16 23:21:06,42.3985939025879,-8.92119693756104,"Female"
"9004156",371990,2025-05-16 23:26:09,42.3984527587891,-8.92071151733398,"Female"
"9004156",371990,2025-05-16 23:31:23,42.3984832763672,-8.92072486877441,"Female"
"9004156",371990,2025-05-16 23:36:07,42.3986549377441,-8.920973777771,"Female"
"9004156",371990,2025-05-16 23:41:04,42.398754119873,-8.9211311340332,"Female"
"9004156",371990,2025-05-16 23:46:04,42.3986587524414,-8.92104721069336,"Female"
"9004156",371990,2025-05-16 23:51:11,42.3986167907715,-8.92091846466064,"Female"
"9004156",371990,2025-05-16 23:56:03,42.3989448547363,-8.92132472991943,"Female"
"9004156",371990,2025-05-17 00:01:06,42.3987731933594,-8.92102813720703,"Female"
"9004156",371990,2025-05-17 00:06:35,42.3986549377441,-8.92089557647705,"Female"
"9004156",371990,2025-05-17 00:11:02,42.3985366821289,-8.92091464996338,"Female"
"9004156",371990,2025-05-17 00:16:01,42.3984756469727,-8.92069053649902,"Female"
"9004156",371990,2025-05-17 00:21:02,42.3984909057617,-8.92092037200928,"Female"
"9004156",371990,2025-05-17 00:26:03,42.3984527587891,-8.92066860198975,"Female"
"9004156",371990,2025-05-17 00:31:03,42.3985176086426,-8.92086791992188,"Female"
"9004156",371990,2025-05-17 00:36:06,42.3985176086426,-8.92086505889893,"Female"
"9004156",371990,2025-05-17 00:41:06,42.3984832763672,-8.92087268829346,"Female"
"9004156",371990,2025-05-17 00:46:04,42.3985900878906,-8.9209156036377,"Female"
"9004156",371990,2025-05-17 00:51:06,42.3985061645508,-8.92093563079834,"Female"
"9004156",371990,2025-05-17 00:56:04,42.398567199707,-8.92091369628906,"Female"
"9004156",371990,2025-05-17 01:01:05,42.3985290527344,-8.92078113555908,"Female"
"9004156",371990,2025-05-17 01:06:10,42.3984413146973,-8.9212121963501,"Female"
"9004156",371990,2025-05-17 01:11:09,42.3984794616699,-8.92107391357422,"Female"
"9004156",371990,2025-05-17 01:16:14,42.3983345031738,-8.92149353027344,"Female"
"9004156",371990,2025-05-17 01:21:07,42.398509979248,-8.92107105255127,"Female"
"9004156",371990,2025-05-17 01:26:09,42.3985595703125,-8.92070960998535,"Female"
"9004156",371990,2025-05-17 01:31:10,42.3985404968262,-8.92063426971436,"Female"
"9004156",371990,2025-05-17 01:36:02,42.3985824584961,-8.92074203491211,"Female"
"9004156",371990,2025-05-17 01:41:05,42.398567199707,-8.92072200775146,"Female"
"9004156",371990,2025-05-17 01:46:16,42.3986511230469,-8.91980457305908,"Female"
"9004156",371990,2025-05-17 01:51:14,42.3986892700195,-8.91933441162109,"Female"
"9004156",371990,2025-05-17 01:56:10,42.3985252380371,-8.92065715789795,"Female"
"9004156",371990,2025-05-17 02:01:35,42.3985328674316,-8.9207763671875,"Female"
"9004156",371990,2025-05-17 02:06:01,42.3984985351562,-8.92088890075684,"Female"
"9004156",371990,2025-05-17 02:11:01,42.3985443115234,-8.92081069946289,"Female"
"9004156",371990,2025-05-17 02:16:01,42.3985404968262,-8.92081928253174,"Female"
"9004156",371990,2025-05-17 02:21:06,42.3985328674316,-8.92079830169678,"Female"
"9004156",371990,2025-05-17 02:26:12,42.3984642028809,-8.92070484161377,"Female"
"9004156",371990,2025-05-17 02:31:07,42.3985023498535,-8.92074012756348,"Female"
"9004156",371990,2025-05-17 02:36:33,42.3985252380371,-8.92079734802246,"Female"
"9004156",371990,2025-05-17 02:41:24,42.398551940918,-8.92082118988037,"Female"
"9004156",371990,2025-05-17 02:46:44,42.398567199707,-8.92082786560059,"Female"
"9004156",371990,2025-05-17 02:51:01,42.398551940918,-8.92087936401367,"Female"
"9004156",371990,2025-05-17 02:56:01,42.3986625671387,-8.92101383209229,"Female"
"9004156",371990,2025-05-17 03:01:03,42.3986015319824,-8.92093372344971,"Female"
"9004156",371990,2025-05-17 03:06:04,42.3986396789551,-8.92098236083984,"Female"
"9004156",371990,2025-05-17 03:11:09,42.3984680175781,-8.92097091674805,"Female"
"9004156",371990,2025-05-17 03:16:04,42.3986396789551,-8.9209098815918,"Female"
"9004156",371990,2025-05-17 03:21:04,42.398567199707,-8.92090511322021,"Female"
"9004156",371990,2025-05-17 03:26:07,42.3985862731934,-8.92086601257324,"Female"
"9004156",371990,2025-05-17 03:31:04,42.3985900878906,-8.92087459564209,"Female"
"9004156",371990,2025-05-17 03:36:06,42.3986549377441,-8.92094039916992,"Female"
"9004156",371990,2025-05-17 03:41:08,42.3986434936523,-8.92068004608154,"Female"
"9004156",371990,2025-05-17 03:46:09,42.3985977172852,-8.92091846466064,"Female"
"9004156",371990,2025-05-17 03:51:06,42.3985939025879,-8.9206371307373,"Female"
"9004156",371990,2025-05-17 03:56:02,42.3985824584961,-8.92070865631104,"Female"
"9004156",371990,2025-05-17 04:01:02,42.3984451293945,-8.92100524902344,"Female"
"9004156",371990,2025-05-17 04:06:08,42.3985557556152,-8.92070388793945,"Female"
"9004156",371990,2025-05-17 04:11:07,42.3985748291016,-8.92069816589355,"Female"
"9004156",371990,2025-05-17 04:16:02,42.398494720459,-8.9208812713623,"Female"
"9004156",371990,2025-05-17 04:21:09,42.3986740112305,-8.92030715942383,"Female"
"9004156",371990,2025-05-17 04:26:06,42.3986625671387,-8.92034721374512,"Female"
"9004156",371990,2025-05-17 04:31:05,42.3987121582031,-8.92009353637695,"Female"
"9004156",371990,2025-05-17 04:36:08,42.398624420166,-8.92050457000732,"Female"
"9004156",371990,2025-05-17 04:41:07,42.3986129760742,-8.9203987121582,"Female"
"9004156",371990,2025-05-17 04:46:07,42.3986015319824,-8.92042064666748,"Female"
"9004156",371990,2025-05-17 04:51:09,42.3985443115234,-8.92122650146484,"Female"
"9004156",371990,2025-05-17 04:56:09,42.3985404968262,-8.92114067077637,"Female"
"9004156",371990,2025-05-17 05:01:20,42.3985748291016,-8.92129325866699,"Female"
"9004156",371990,2025-05-17 05:06:09,42.3984832763672,-8.92158126831055,"Female"
"9004156",371990,2025-05-17 05:11:11,42.3985786437988,-8.92117214202881,"Female"
"9004156",371990,2025-05-17 05:16:09,42.3985252380371,-8.92160987854004,"Female"
"9004156",371990,2025-05-17 05:21:10,42.3986587524414,-8.92082691192627,"Female"
"9004156",371990,2025-05-17 05:26:27,42.3980751037598,-8.92103576660156,"Female"
"9004156",371990,2025-05-17 05:31:32,42.3994522094727,-8.91870975494385,"Female"
"9004156",371990,2025-05-17 05:36:14,42.3985557556152,-8.92055034637451,"Female"
"9004156",371990,2025-05-17 05:42:25,42.3984985351562,-8.92049407958984,"Female"
"9004156",371990,2025-05-17 05:47:25,42.3985824584961,-8.9206018447876,"Female"
"9004156",371990,2025-05-17 05:52:25,42.3986473083496,-8.92078876495361,"Female"
"9004156",371990,2025-05-17 05:56:24,42.3986968994141,-8.92091941833496,"Female"
"9004156",371990,2025-05-17 06:01:06,42.398754119873,-8.92082118988037,"Female"
"9004156",371990,2025-05-17 06:06:04,42.3987159729004,-8.92086887359619,"Female"
"9004156",371990,2025-05-17 06:11:08,42.3986854553223,-8.92081928253174,"Female"
"9004156",371990,2025-05-17 06:16:07,42.3986778259277,-8.92092418670654,"Female"
"9004156",371990,2025-05-17 06:21:04,42.3986892700195,-8.92080879211426,"Female"
"9004156",371990,2025-05-17 06:26:09,42.3986129760742,-8.92080402374268,"Female"
"9004156",371990,2025-05-17 06:31:41,42.3987464904785,-8.92078399658203,"Female"
"9004156",371990,2025-05-17 06:36:07,42.3986129760742,-8.92073345184326,"Female"
"9004156",371990,2025-05-17 06:41:09,42.398609161377,-8.92068481445312,"Female"
"9004156",371990,2025-05-17 06:46:13,42.3985061645508,-8.92083549499512,"Female"
"9004156",371990,2025-05-17 06:51:09,42.3985786437988,-8.92064094543457,"Female"
"9004156",371990,2025-05-17 06:56:09,42.3984909057617,-8.92079067230225,"Female"
"9004156",371990,2025-05-17 07:01:09,42.3984680175781,-8.9217472076416,"Female"
"9004156",371990,2025-05-17 07:06:11,42.398624420166,-8.92089176177979,"Female"
"9004156",371990,2025-05-17 07:11:09,42.3986015319824,-8.92090702056885,"Female"
"9004156",371990,2025-05-17 07:16:02,42.4001426696777,-8.92030048370361,"Female"
"9004156",371990,2025-05-17 07:21:02,42.4065589904785,-8.92191505432129,"Female"
"9004156",371990,2025-05-17 07:26:02,42.4379501342773,-8.93007755279541,"Female"
"9004156",371990,2025-05-17 07:31:02,42.4721298217773,-8.94062900543213,"Female"
"9004156",371990,2025-05-17 07:36:07,42.4820137023926,-8.93142414093018,"Female"
"9004156",371990,2025-05-17 07:43:42,42.481330871582,-8.93058967590332,"Female"
"9004156",371990,2025-05-17 07:49:08,42.4806442260742,-8.92917251586914,"Female"
"9004156",371990,2025-05-17 07:54:11,42.4805641174316,-8.92809963226318,"Female"
"9004156",371990,2025-05-17 07:59:10,42.4814224243164,-8.92796993255615,"Female"
"9004156",371990,2025-05-17 08:04:08,42.4822235107422,-8.92750835418701,"Female"
"9004156",371990,2025-05-17 08:09:09,42.4814758300781,-8.92797183990479,"Female"
"9004156",371990,2025-05-17 08:14:08,42.4814758300781,-8.92807769775391,"Female"
"9004156",371990,2025-05-17 08:19:08,42.4814414978027,-8.9279956817627,"Female"
"9004156",371990,2025-05-17 08:24:08,42.4814529418945,-8.92795085906982,"Female"
"9004156",371990,2025-05-17 08:29:08,42.4812965393066,-8.92790126800537,"Female"
"9004156",371990,2025-05-17 08:34:08,42.4812889099121,-8.92791748046875,"Female"
"9004156",371990,2025-05-17 08:39:12,42.4816551208496,-8.9291296005249,"Female"
"9004156",371990,2025-05-17 08:44:08,42.4814796447754,-8.92797946929932,"Female"
"9004156",371990,2025-05-17 08:49:08,42.4817199707031,-8.92884254455566,"Female"
"9004156",371990,2025-05-17 08:54:08,42.4816589355469,-8.92893886566162,"Female"
"9004156",371990,2025-05-17 08:59:08,42.481616973877,-8.92901802062988,"Female"
"9004156",371990,2025-05-17 09:04:18,42.4822731018066,-8.9285364151001,"Female"
"9004156",371990,2025-05-17 09:09:43,42.4813995361328,-8.92880249023438,"Female"
"9004156",371990,2025-05-17 09:14:38,42.4819641113281,-8.93011951446533,"Female"
"9004156",371990,2025-05-17 09:19:34,42.4818000793457,-8.93052101135254,"Female"
"9004156",371990,2025-05-17 09:24:43,42.4833602905273,-8.93091106414795,"Female"
"9004156",371990,2025-05-17 09:29:33,42.4828987121582,-8.93063735961914,"Female"
"9004156",371990,2025-05-17 09:34:32,42.4828147888184,-8.93069267272949,"Female"
"9004156",371990,2025-05-17 09:39:36,42.4839782714844,-8.92988681793213,"Female"
"9004156",371990,2025-05-17 09:44:32,42.4826965332031,-8.9307861328125,"Female"
"9004156",371990,2025-05-17 09:49:33,42.4821128845215,-8.93158626556396,"Female"
"9004156",371990,2025-05-17 09:54:36,42.4804573059082,-8.93389225006104,"Female"
"9004156",371990,2025-05-17 09:59:32,42.4832611083984,-8.93026924133301,"Female"
"9004156",371990,2025-05-17 10:04:32,42.4829063415527,-8.93045997619629,"Female"
"9004156",371990,2025-05-17 10:09:36,42.4830894470215,-8.93032169342041,"Female"
"9004156",371990,2025-05-17 10:14:32,42.4832954406738,-8.92979526519775,"Female"
"9004156",371990,2025-05-17 10:20:42,42.4839057922363,-8.92971801757812,"Female"
"9004156",371990,2025-05-17 10:26:09,42.4841079711914,-8.92998123168945,"Female"
"9004156",371990,2025-05-17 10:31:09,42.4843559265137,-8.92898082733154,"Female"
"9004156",371990,2025-05-17 10:36:09,42.4842796325684,-8.92858791351318,"Female"
"9004156",371990,2025-05-17 10:41:44,42.4844017028809,-8.92770481109619,"Female"
"9004156",371990,2025-05-17 10:46:46,42.4845733642578,-8.92804431915283,"Female"
"9004156",371990,2025-05-17 10:51:48,42.4841423034668,-8.92719650268555,"Female"
"9004156",371990,2025-05-17 10:56:44,42.484302520752,-8.92720031738281,"Female"
"9004156",371990,2025-05-17 11:01:45,42.4847640991211,-8.92698001861572,"Female"
"9004156",371990,2025-05-17 11:06:45,42.4844093322754,-8.926926612854,"Female"
"9004156",371990,2025-05-17 11:11:47,42.4847640991211,-8.92679595947266,"Female"
"9004156",371990,2025-05-17 11:16:45,42.4843444824219,-8.926682472229,"Female"
"9004156",371990,2025-05-17 11:21:45,42.4845542907715,-8.92658996582031,"Female"
"9004156",371990,2025-05-17 11:26:45,42.4844665527344,-8.92640686035156,"Female"
"9004156",371990,2025-05-17 11:31:44,42.4844627380371,-8.92630290985107,"Female"
"9004156",371990,2025-05-17 11:36:44,42.4845161437988,-8.92616939544678,"Female"
"9004156",371990,2025-05-17 11:41:44,42.4843254089355,-8.92576885223389,"Female"
"9004156",371990,2025-05-17 11:47:35,42.4850730895996,-8.9266881942749,"Female"
"9004156",371990,2025-05-17 11:51:44,42.4846458435059,-8.92687320709229,"Female"
"9004156",371990,2025-05-17 11:57:02,42.4846534729004,-8.92762660980225,"Female"
"9004156",371990,2025-05-17 12:02:14,42.4850158691406,-8.92851543426514,"Female"
"9004156",371990,2025-05-17 12:07:02,42.4805908203125,-8.93645572662354,"Female"
"9004156",371990,2025-05-17 12:12:02,42.4805335998535,-8.93637752532959,"Female"
"9004156",371990,2025-05-17 12:17:02,42.4806060791016,-8.93634128570557,"Female"
"9004156",371990,2025-05-17 12:22:02,42.4805870056152,-8.93636226654053,"Female"
"9004156",371990,2025-05-17 12:27:02,42.4805641174316,-8.93637275695801,"Female"
"9004156",371990,2025-05-17 12:32:02,42.4805374145508,-8.93643379211426,"Female"
"9004156",371990,2025-05-17 12:37:02,42.4805603027344,-8.93637371063232,"Female"
"9004156",371990,2025-05-17 12:42:02,42.480541229248,-8.93639850616455,"Female"
"9004156",371990,2025-05-17 12:47:14,42.4845809936523,-8.92435073852539,"Female"
"9004156",371990,2025-05-17 12:52:03,42.4848136901855,-8.92301464080811,"Female"
"9004156",371990,2025-05-17 12:57:04,42.4841003417969,-8.92200374603271,"Female"
"9004156",371990,2025-05-17 13:02:54,42.4839057922363,-8.91981410980225,"Female"
"9004156",371990,2025-05-17 13:07:54,42.4839744567871,-8.91861152648926,"Female"
"9004156",371990,2025-05-17 13:14:03,42.484260559082,-8.91859149932861,"Female"
"9004156",371990,2025-05-17 13:19:30,42.4846687316895,-8.91862201690674,"Female"
"9004156",371990,2025-05-17 13:24:33,42.4838790893555,-8.91883182525635,"Female"
"9004156",371990,2025-05-17 13:29:33,42.4838333129883,-8.91977787017822,"Female"
"9004156",371990,2025-05-17 13:34:44,42.4838562011719,-8.9196720123291,"Female"
"9004156",371990,2025-05-17 13:39:32,42.4838905334473,-8.91969585418701,"Female"
"9004156",371990,2025-05-17 13:44:33,42.4838027954102,-8.91951465606689,"Female"
"9004156",371990,2025-05-17 13:49:32,42.4838371276855,-8.91969966888428,"Female"
"9004156",371990,2025-05-17 13:54:33,42.4838981628418,-8.91974639892578,"Female"
"9004156",371990,2025-05-17 13:59:33,42.484058380127,-8.91997241973877,"Female"
"9004156",371990,2025-05-17 14:04:36,42.4838180541992,-8.91979312896729,"Female"
"9004156",371990,2025-05-17 14:09:39,42.4839324951172,-8.91976928710938,"Female"
"9004156",371990,2025-05-17 14:14:40,42.4838523864746,-8.91979598999023,"Female"
"9004156",371990,2025-05-17 14:20:19,42.4837303161621,-8.91806507110596,"Female"
"9004156",371990,2025-05-17 14:25:18,42.4842071533203,-8.91651439666748,"Female"
"9004156",371990,2025-05-17 14:31:11,42.4846305847168,-8.91624069213867,"Female"
"9004156",371990,2025-05-17 14:36:11,42.4840927124023,-8.9154634475708,"Female"
"9004156",371990,2025-05-17 14:41:10,42.4843711853027,-8.91455554962158,"Female"
"9004156",371990,2025-05-17 14:46:12,42.4841041564941,-8.91558170318604,"Female"
"9004156",371990,2025-05-17 14:51:11,42.4841613769531,-8.91557598114014,"Female"
"9004156",371990,2025-05-17 14:56:13,42.4841117858887,-8.91558742523193,"Female"
"9004156",371990,2025-05-17 15:01:12,42.4841613769531,-8.91562080383301,"Female"
"9004156",371990,2025-05-17 15:06:13,42.484130859375,-8.91558074951172,"Female"
"9004156",371990,2025-05-17 15:11:12,42.4842185974121,-8.91558647155762,"Female"
"9004156",371990,2025-05-17 15:16:14,42.4840812683105,-8.91593265533447,"Female"
"9004156",371990,2025-05-17 15:22:02,42.4847640991211,-8.91637516021729,"Female"
"9004156",371990,2025-05-17 15:27:02,42.4833755493164,-8.92250537872314,"Female"
"9004156",371990,2025-05-17 15:32:09,42.4813385009766,-8.93686962127686,"Female"
"9004156",371990,2025-05-17 15:37:06,42.4480667114258,-8.94222927093506,"Female"
"9004156",371990,2025-05-17 15:42:12,42.4083023071289,-8.93000316619873,"Female"
"9004156",371990,2025-05-17 15:47:14,42.3989105224609,-8.92070960998535,"Female"
"9004156",371990,2025-05-17 15:52:08,42.3986778259277,-8.92078399658203,"Female"
"9004156",371990,2025-05-17 15:57:08,42.3986968994141,-8.92075061798096,"Female"
"9004156",371990,2025-05-17 16:02:09,42.3988647460938,-8.92057228088379,"Female"
"9004156",371990,2025-05-17 16:07:09,42.3988265991211,-8.9206371307373,"Female"
"9004156",371990,2025-05-17 16:12:09,42.3988227844238,-8.92067050933838,"Female"
"9004156",371990,2025-05-17 16:17:09,42.3988800048828,-8.92055606842041,"Female"
"9004156",371990,2025-05-17 16:22:06,42.3987846374512,-8.92038249969482,"Female"
"9004156",371990,2025-05-17 16:27:13,42.3987693786621,-8.92050266265869,"Female"
"9004156",371990,2025-05-17 16:32:35,42.3985862731934,-8.92065334320068,"Female"
"9004156",371990,2025-05-17 16:37:02,42.3985061645508,-8.92119693756104,"Female"
"9004156",371990,2025-05-17 16:42:07,42.3986778259277,-8.92097473144531,"Female"
"9004156",371990,2025-05-17 16:47:02,42.3986892700195,-8.92101097106934,"Female"
"9004156",371990,2025-05-17 16:52:02,42.3986053466797,-8.92093372344971,"Female"
"9004156",371990,2025-05-17 16:57:04,42.3987464904785,-8.92114734649658,"Female"
"9004156",371990,2025-05-17 17:02:02,42.3986701965332,-8.92100429534912,"Female"
"9004156",371990,2025-05-17 17:07:02,42.3987159729004,-8.92113494873047,"Female"
"9004156",371990,2025-05-17 17:12:13,42.3985214233398,-8.92088413238525,"Female"
"9004156",371990,2025-05-17 17:17:06,42.3986587524414,-8.92104053497314,"Female"
"9004156",371990,2025-05-17 17:22:01,42.3986167907715,-8.92096328735352,"Female"
"9004156",371990,2025-05-17 17:27:02,42.3986854553223,-8.92144298553467,"Female"
"9004156",371990,2025-05-17 17:32:01,42.3986892700195,-8.92136573791504,"Female"
"9004156",371990,2025-05-17 17:37:02,42.3987236022949,-8.92169857025146,"Female"
"9004156",371990,2025-05-17 17:42:02,42.3988075256348,-8.92153739929199,"Female"
"9004156",371990,2025-05-17 17:47:03,42.3989105224609,-8.9212532043457,"Female"
"9004156",371990,2025-05-17 17:52:07,42.3988609313965,-8.92140674591064,"Female"
"9004156",371990,2025-05-17 17:57:02,42.3988571166992,-8.92138767242432,"Female"
"9004156",371990,2025-05-17 18:02:14,42.3988151550293,-8.92142772674561,"Female"
"9004156",371990,2025-05-17 18:07:03,42.3989410400391,-8.92127513885498,"Female"
"9004156",371990,2025-05-17 18:12:01,42.3986740112305,-8.92195796966553,"Female"
"9004156",371990,2025-05-17 18:17:08,42.3986930847168,-8.92162036895752,"Female"
"9004156",371990,2025-05-17 18:22:06,42.3986206054688,-8.92201328277588,"Female"
"9004156",371990,2025-05-17 18:27:03,42.3985977172852,-8.92166423797607,"Female"
"9004156",371990,2025-05-17 18:32:03,42.3983993530273,-8.92119884490967,"Female"
"9004156",371990,2025-05-17 18:37:05,42.3987350463867,-8.92171001434326,"Female"
"9004156",371990,2025-05-17 18:42:01,42.3986968994141,-8.92187213897705,"Female"
"9004156",371990,2025-05-17 18:47:32,42.3985633850098,-8.92150974273682,"Female"
"9004156",371990,2025-05-17 18:52:02,42.3990325927734,-8.92136192321777,"Female"
"9004156",371990,2025-05-17 18:57:06,42.3984870910645,-8.92066860198975,"Female"
"9004156",371990,2025-05-17 19:02:02,42.398323059082,-8.92049884796143,"Female"
"9004156",371990,2025-05-17 19:07:08,42.3985214233398,-8.92076587677002,"Female"
"9004156",371990,2025-05-17 19:12:07,42.3984298706055,-8.9207763671875,"Female"
"9004156",371990,2025-05-17 19:17:06,42.3984756469727,-8.92073631286621,"Female"
"9004156",371990,2025-05-17 19:22:01,42.4001502990723,-8.92032432556152,"Female"
"9004156",371990,2025-05-17 19:27:03,42.4003448486328,-8.92070865631104,"Female"
"9004156",371990,2025-05-17 19:32:01,42.3970031738281,-8.92001533508301,"Female"
"9004156",371990,2025-05-17 19:37:03,42.3970336914062,-8.92005825042725,"Female"
"9004156",371990,2025-05-17 19:42:03,42.3983612060547,-8.92085456848145,"Female"
"9004156",371990,2025-05-17 19:47:01,42.3986015319824,-8.92126178741455,"Female"
"9004156",371990,2025-05-17 19:52:02,42.3989372253418,-8.92127513885498,"Female"
"9004156",371990,2025-05-17 19:57:01,42.3985557556152,-8.92044353485107,"Female"
"9004156",371990,2025-05-17 20:02:01,42.3987998962402,-8.92102336883545,"Female"
"9004156",371990,2025-05-17 20:07:02,42.3987159729004,-8.92087936401367,"Female"
"9004156",371990,2025-05-17 20:12:10,42.3986587524414,-8.92060470581055,"Female"
"9004156",371990,2025-05-17 20:17:02,42.3990440368652,-8.92147827148438,"Female"
"9004156",371990,2025-05-17 20:22:02,42.3990287780762,-8.92141723632812,"Female"
"9004156",371990,2025-05-17 20:27:02,42.3992118835449,-8.92189788818359,"Female"
"9004156",371990,2025-05-17 20:32:02,42.399169921875,-8.92181015014648,"Female"
"9004156",371990,2025-05-17 20:37:02,42.3991889953613,-8.92182731628418,"Female"
"9004156",371990,2025-05-17 20:42:01,42.3991012573242,-8.92177295684814,"Female"
"9004156",371990,2025-05-17 20:47:02,42.3990440368652,-8.92137622833252,"Female"
"9004156",371990,2025-05-17 20:52:06,42.3993835449219,-8.92209625244141,"Female"
"9004156",371990,2025-05-17 20:57:08,42.3993682861328,-8.92184638977051,"Female"
"9004156",371990,2025-05-17 21:02:08,42.3993110656738,-8.92177486419678,"Female"
"9004156",371990,2025-05-17 21:07:08,42.399227142334,-8.92163467407227,"Female"
"9004156",371990,2025-05-17 21:12:08,42.3991813659668,-8.92146778106689,"Female"
"9004156",371990,2025-05-17 21:17:14,42.399097442627,-8.92186737060547,"Female"
"9004156",371990,2025-05-17 21:22:06,42.3991661071777,-8.92164993286133,"Female"
"9004156",371990,2025-05-17 21:27:02,42.3989906311035,-8.92184734344482,"Female"
"9004156",371990,2025-05-17 21:32:07,42.3990173339844,-8.92194747924805,"Female"
"9004156",371990,2025-05-17 21:37:02,42.3989562988281,-8.92210578918457,"Female"
"9004156",371990,2025-05-17 21:42:07,42.3990364074707,-8.92227363586426,"Female"
"9004156",371990,2025-05-17 21:47:14,42.3990058898926,-8.92079162597656,"Female"
"9004156",371990,2025-05-17 21:52:06,42.3988494873047,-8.92069149017334,"Female"
"9004156",371990,2025-05-17 21:57:04,42.3987693786621,-8.92112731933594,"Female"
"9004156",371990,2025-05-17 22:02:02,42.3981666564941,-8.92198276519775,"Female"
"9004156",371990,2025-05-17 22:07:07,42.3989753723145,-8.9205961227417,"Female"
"9004156",371990,2025-05-17 22:12:13,42.3988151550293,-8.92082405090332,"Female"
"9004156",371990,2025-05-17 22:17:01,42.3988761901855,-8.92042541503906,"Female"
"9004156",371990,2025-05-17 22:22:02,42.3987426757812,-8.92073154449463,"Female"
"9004156",371990,2025-05-17 22:27:04,42.3987922668457,-8.92061328887939,"Female"
"9004156",371990,2025-05-17 22:32:07,42.3986358642578,-8.92057132720947,"Female"
"9004156",371990,2025-05-17 22:37:07,42.3986968994141,-8.92072105407715,"Female"
"9004156",371990,2025-05-17 22:42:07,42.3986587524414,-8.92086315155029,"Female"
"9004156",371990,2025-05-17 22:47:28,42.398681640625,-8.92059898376465,"Female"
"9004156",371990,2025-05-17 22:52:35,42.3987045288086,-8.92059516906738,"Female"
"9004156",371990,2025-05-17 22:57:00,42.3987274169922,-8.92083263397217,"Female"
"9004156",371990,2025-05-17 23:02:00,42.3986930847168,-8.92063903808594,"Female"
"9004156",371990,2025-05-17 23:07:00,42.3987350463867,-8.92079162597656,"Female"
"9004156",371990,2025-05-17 23:12:00,42.3986930847168,-8.92084121704102,"Female"
"9004156",371990,2025-05-17 23:17:00,42.3987236022949,-8.92085742950439,"Female"
"9004156",371990,2025-05-17 23:22:00,42.398609161377,-8.9208402633667,"Female"
"9004156",371990,2025-05-17 23:27:00,42.3987274169922,-8.92080593109131,"Female"
"9004156",371990,2025-05-17 23:32:03,42.3986968994141,-8.92076873779297,"Female"
"9004156",371990,2025-05-17 23:37:03,42.3986778259277,-8.9207706451416,"Female"
"9004156",371990,2025-05-17 23:42:02,42.3986892700195,-8.92075252532959,"Female"
"9004156",371990,2025-05-17 23:47:00,42.398624420166,-8.92057800292969,"Female"
"9004156",371990,2025-05-17 23:52:00,42.3986434936523,-8.92072868347168,"Female"
"9004156",371990,2025-05-17 23:57:00,42.3985710144043,-8.92064189910889,"Female"
"9004156",371990,2025-05-18 00:02:07,42.3988876342773,-8.92139530181885,"Female"
"9004156",371990,2025-05-18 00:07:11,42.3986854553223,-8.92097187042236,"Female"
"9004156",371990,2025-05-18 00:12:37,42.3986854553223,-8.92091751098633,"Female"
"9004156",371990,2025-05-18 00:17:06,42.3985481262207,-8.92065525054932,"Female"
"9004156",371990,2025-05-18 00:22:17,42.3987007141113,-8.9208345413208,"Female"
"9004156",371990,2025-05-18 00:27:01,42.3987922668457,-8.92090225219727,"Female"
"9004156",371990,2025-05-18 00:32:42,42.3985557556152,-8.92046070098877,"Female"
"9004156",371990,2025-05-18 00:37:09,42.3985900878906,-8.92065715789795,"Female"
"9004156",371990,2025-05-18 00:42:01,42.3987274169922,-8.92081356048584,"Female"
"9004156",371990,2025-05-18 00:47:08,42.3987426757812,-8.920654296875,"Female"
"9004156",371990,2025-05-18 00:52:02,42.3988037109375,-8.9210205078125,"Female"
"9004156",371990,2025-05-18 00:57:03,42.3987503051758,-8.92083740234375,"Female"
"9004156",371990,2025-05-18 01:02:01,42.3987693786621,-8.92095851898193,"Female"
"9004156",371990,2025-05-18 01:07:02,42.3988304138184,-8.92108345031738,"Female"
"9004156",371990,2025-05-18 01:12:02,42.3988342285156,-8.92110538482666,"Female"
"9004156",371990,2025-05-18 01:17:04,42.3989295959473,-8.92075538635254,"Female"
"9004156",371990,2025-05-18 01:22:02,42.3989562988281,-8.9210319519043,"Female"
"9004156",371990,2025-05-18 01:27:02,42.3987426757812,-8.9220495223999,"Female"
"9004156",371990,2025-05-18 01:32:03,42.3988265991211,-8.92157745361328,"Female"
"9004156",371990,2025-05-18 01:37:02,42.398738861084,-8.922532081604,"Female"
"9004156",371990,2025-05-18 01:42:15,42.398853302002,-8.92072200775146,"Female"
"9004156",371990,2025-05-18 01:47:08,42.3986740112305,-8.92171287536621,"Female"
"9004156",371990,2025-05-18 01:52:12,42.3987007141113,-8.9206657409668,"Female"
"9004156",371990,2025-05-18 01:57:02,42.3987274169922,-8.9206485748291,"Female"
"9004156",371990,2025-05-18 02:02:02,42.3987045288086,-8.9205207824707,"Female"
"9004156",371990,2025-05-18 02:07:02,42.3987655639648,-8.92075347900391,"Female"
"9004156",371990,2025-05-18 02:12:00,42.3989334106445,-8.92058849334717,"Female"
"9004156",371990,2025-05-18 02:17:02,42.3989562988281,-8.92100524902344,"Female"
"9004156",371990,2025-05-18 02:22:03,42.3987617492676,-8.92119884490967,"Female"
"9004156",371990,2025-05-18 02:27:06,42.3987884521484,-8.92134475708008,"Female"
"9004156",371990,2025-05-18 02:32:10,42.3987464904785,-8.92085361480713,"Female"
"9004156",371990,2025-05-18 02:37:04,42.3987503051758,-8.92095756530762,"Female"
"9004156",371990,2025-05-18 02:42:32,42.3988723754883,-8.92093276977539,"Female"
"9004156",371990,2025-05-18 02:47:03,42.398853302002,-8.9210376739502,"Female"
"9004156",371990,2025-05-18 02:52:14,42.3987617492676,-8.9212474822998,"Female"
"9004156",371990,2025-05-18 02:57:02,42.3986930847168,-8.92089366912842,"Female"
"9004156",371990,2025-05-18 03:02:01,42.3988876342773,-8.92088031768799,"Female"
"9004156",371990,2025-05-18 03:07:03,42.3987197875977,-8.92094802856445,"Female"
"9004156",371990,2025-05-18 03:12:01,42.3989219665527,-8.92086410522461,"Female"
"9004156",371990,2025-05-18 03:17:02,42.3989105224609,-8.92073440551758,"Female"
"9004156",371990,2025-05-18 03:22:02,42.3990135192871,-8.92093181610107,"Female"
"9004156",371990,2025-05-18 03:27:03,42.399112701416,-8.92068481445312,"Female"
"9004156",371990,2025-05-18 03:32:01,42.3989143371582,-8.9204740524292,"Female"
"9004156",371990,2025-05-18 03:37:30,42.3990249633789,-8.92022037506104,"Female"
"9004156",371990,2025-05-18 03:42:01,42.3988418579102,-8.92062282562256,"Female"
"9004156",371990,2025-05-18 03:47:12,42.3986511230469,-8.92066860198975,"Female"
"9004156",371990,2025-05-18 03:52:01,42.3987045288086,-8.92061614990234,"Female"
"9004156",371990,2025-05-18 03:57:01,42.3985557556152,-8.92110347747803,"Female"
"9004156",371990,2025-05-18 04:02:04,42.3986968994141,-8.92094230651855,"Female"
"9004156",371990,2025-05-18 04:07:01,42.3987617492676,-8.92045497894287,"Female"
"9004156",371990,2025-05-18 04:12:03,42.3989295959473,-8.91977405548096,"Female"
"9004156",371990,2025-05-18 04:17:04,42.3988914489746,-8.92025661468506,"Female"
"9004156",371990,2025-05-18 04:22:07,42.3989448547363,-8.92043113708496,"Female"
"9004156",371990,2025-05-18 04:27:06,42.3986282348633,-8.92039394378662,"Female"
"9004156",371990,2025-05-18 04:32:24,42.3987846374512,-8.92061328887939,"Female"
"9004156",371990,2025-05-18 04:37:09,42.3987197875977,-8.92064571380615,"Female"
"9004156",371990,2025-05-18 04:42:14,42.3987503051758,-8.92086887359619,"Female"
"9004156",371990,2025-05-18 04:47:01,42.398796081543,-8.92075443267822,"Female"
"9004156",371990,2025-05-18 04:52:01,42.3987922668457,-8.92070293426514,"Female"
"9004156",371990,2025-05-18 04:57:03,42.4008865356445,-8.92123508453369,"Female"
"9004156",371990,2025-05-18 05:02:06,42.4200630187988,-8.92758941650391,"Female"
"9004156",371990,2025-05-18 05:07:01,42.4310188293457,-8.929443359375,"Female"
"9004156",371990,2025-05-18 05:12:09,42.4661750793457,-8.94217395782471,"Female"
"9004156",371990,2025-05-18 05:17:14,42.4825057983398,-8.93122100830078,"Female"
"9004156",371990,2025-05-18 05:22:29,42.4836769104004,-8.93006610870361,"Female"
"9004156",371990,2025-05-18 05:27:58,42.4845085144043,-8.92844581604004,"Female"
"9004156",371990,2025-05-18 05:33:14,42.4834823608398,-8.92713069915771,"Female"
"9004156",371990,2025-05-18 05:37:42,42.4844207763672,-8.92352676391602,"Female"
"9004156",371990,2025-05-18 05:42:46,42.4840202331543,-8.92212009429932,"Female"
"9004156",371990,2025-05-18 05:47:53,42.4836196899414,-8.92205238342285,"Female"
"9004156",371990,2025-05-18 05:52:55,42.4827537536621,-8.91619110107422,"Female"
"9004156",371990,2025-05-18 05:58:40,42.4825477600098,-8.91615676879883,"Female"
"9004156",371990,2025-05-18 06:04:05,42.4820404052734,-8.91531753540039,"Female"
"9004156",371990,2025-05-18 06:08:37,42.4822654724121,-8.91024017333984,"Female"
"9004156",371990,2025-05-18 06:13:41,42.4818115234375,-8.90903759002686,"Female"
"9004156",371990,2025-05-18 06:19:17,42.4807357788086,-8.90793895721436,"Female"
"9004156",371990,2025-05-18 06:24:15,42.4814567565918,-8.90787887573242,"Female"
"9004156",371990,2025-05-18 06:29:15,42.4805450439453,-8.90719413757324,"Female"
"9004156",371990,2025-05-18 06:34:16,42.4802932739258,-8.90579319000244,"Female"
"9004156",371990,2025-05-18 06:39:16,42.4803657531738,-8.92127990722656,"Female"
"9004156",371990,2025-05-18 06:44:16,42.4570465087891,-8.94446468353271,"Female"
"9004156",371990,2025-05-18 06:49:16,42.4154853820801,-8.94107246398926,"Female"
"9004156",371990,2025-05-18 06:54:16,42.3985633850098,-8.9210090637207,"Female"
"9004156",371990,2025-05-18 06:59:19,42.3985366821289,-8.92101955413818,"Female"
"9004156",371990,2025-05-18 07:04:18,42.3984451293945,-8.92107772827148,"Female"
"9004156",371990,2025-05-18 07:09:16,42.3985710144043,-8.92095756530762,"Female"
"9004156",371990,2025-05-18 07:14:17,42.3985290527344,-8.92081928253174,"Female"
"9004156",371990,2025-05-18 07:19:17,42.3985481262207,-8.92080974578857,"Female"
"9004156",371990,2025-05-18 07:24:18,42.3985481262207,-8.92084312438965,"Female"
"9004156",371990,2025-05-18 07:29:17,42.3985214233398,-8.92079257965088,"Female"
"9004156",371990,2025-05-18 07:34:19,42.3985633850098,-8.92089462280273,"Female"
"9004156",371990,2025-05-18 07:39:19,42.3985824584961,-8.92053604125977,"Female"
"9004156",371990,2025-05-18 07:44:18,42.3985710144043,-8.92081642150879,"Female"
"9004156",371990,2025-05-18 07:49:17,42.3985176086426,-8.92086791992188,"Female"
"9004156",371990,2025-05-18 07:54:16,42.3985252380371,-8.92073345184326,"Female"
"9004156",371990,2025-05-18 07:59:17,42.3984794616699,-8.92070007324219,"Female"
"9004156",371990,2025-05-18 08:04:16,42.3984718322754,-8.92081642150879,"Female"
"9004156",371990,2025-05-18 08:09:16,42.3985710144043,-8.92083930969238,"Female"
"9004156",371990,2025-05-18 08:14:16,42.3985252380371,-8.92087268829346,"Female"
"9004156",371990,2025-05-18 08:19:16,42.3985786437988,-8.92097663879395,"Female"
"9004156",371990,2025-05-18 08:24:44,42.3985595703125,-8.92089748382568,"Female"
"9004156",371990,2025-05-18 08:29:17,42.3985481262207,-8.92093849182129,"Female"
"9004156",371990,2025-05-18 08:34:18,42.3984718322754,-8.92076587677002,"Female"
"9004156",371990,2025-05-18 08:39:22,42.3986053466797,-8.92093944549561,"Female"
"9004156",371990,2025-05-18 08:44:18,42.3988037109375,-8.92116546630859,"Female"
"9004156",371990,2025-05-18 08:49:34,42.398609161377,-8.92094135284424,"Female"
"9004156",371990,2025-05-18 08:54:15,42.3986587524414,-8.92095470428467,"Female"
"9004156",371990,2025-05-18 08:59:16,42.3986053466797,-8.92108631134033,"Female"
"9004156",371990,2025-05-18 09:04:18,42.3986396789551,-8.92099285125732,"Female"
"9004156",371990,2025-05-18 09:09:16,42.3985633850098,-8.92094135284424,"Female"
"9004156",371990,2025-05-18 09:14:18,42.3985748291016,-8.92091274261475,"Female"
"9004156",371990,2025-05-18 09:19:19,42.3986282348633,-8.92095470428467,"Female"
"9004156",371990,2025-05-18 09:24:16,42.3986396789551,-8.92101764678955,"Female"
"9004156",371990,2025-05-18 09:29:24,42.3985633850098,-8.92094898223877,"Female"
"9004156",371990,2025-05-18 09:34:21,42.3986511230469,-8.92108631134033,"Female"
"9004156",371990,2025-05-18 09:39:16,42.3986053466797,-8.9210844039917,"Female"
"9004156",371990,2025-05-18 09:44:18,42.3985977172852,-8.92117309570312,"Female"
"9004156",371990,2025-05-18 09:49:17,42.3986358642578,-8.9211950302124,"Female"
"9004156",371990,2025-05-18 09:54:19,42.3986892700195,-8.92137718200684,"Female"
"9004156",371990,2025-05-18 09:59:16,42.4062232971191,-8.92045497894287,"Female"
"9004156",371990,2025-05-18 10:04:19,42.4065704345703,-8.9194507598877,"Female"
"9004156",371990,2025-05-18 10:09:16,42.4396934509277,-8.92704105377197,"Female"
"9004156",371990,2025-05-18 10:14:17,42.4567375183105,-8.93843173980713,"Female"
"9004156",371990,2025-05-18 10:19:17,42.4567642211914,-8.93843841552734,"Female"
"9004156",371990,2025-05-18 10:24:18,42.4568748474121,-8.93876266479492,"Female"
"9004156",371990,2025-05-18 10:29:17,42.4818344116211,-8.93105983734131,"Female"
"9004156",371990,2025-05-18 10:34:19,42.4839782714844,-8.91805839538574,"Female"
"9004156",371990,2025-05-18 10:40:12,42.4819297790527,-8.90840148925781,"Female"
"9004156",371990,2025-05-18 10:45:39,42.4812240600586,-8.90712547302246,"Female"
"9004156",371990,2025-05-18 10:51:31,42.4809188842773,-8.9052095413208,"Female"
"9004156",371990,2025-05-18 10:57:12,42.4824714660645,-8.90587711334229,"Female"
"9004156",371990,2025-05-18 11:02:41,42.4822044372559,-8.90611839294434,"Female"
"9004156",371990,2025-05-18 11:08:40,42.4814300537109,-8.90736865997314,"Female"
"9004156",371990,2025-05-18 11:13:44,42.4814949035645,-8.90790462493896,"Female"
"9004156",371990,2025-05-18 11:18:39,42.4835395812988,-8.91016864776611,"Female"
"9004156",371990,2025-05-18 11:23:39,42.483570098877,-8.9102611541748,"Female"
"9004156",371990,2025-05-18 11:28:39,42.4836120605469,-8.91039562225342,"Female"
"9004156",371990,2025-05-18 11:33:41,42.4835319519043,-8.9102201461792,"Female"
"9004156",371990,2025-05-18 11:38:39,42.4836082458496,-8.91036510467529,"Female"
"9004156",371990,2025-05-18 11:43:39,42.4836120605469,-8.91025638580322,"Female"
"9004156",371990,2025-05-18 11:48:40,42.4836082458496,-8.91034412384033,"Female"
"9004156",371990,2025-05-18 11:53:39,42.4835929870605,-8.91034984588623,"Female"
"9004156",371990,2025-05-18 11:59:05,42.4835319519043,-8.91021633148193,"Female"
"9004156",371990,2025-05-18 12:03:39,42.4835357666016,-8.91018581390381,"Female"
"9004156",371990,2025-05-18 12:08:39,42.4834899902344,-8.91023826599121,"Female"
"9004156",371990,2025-05-18 12:13:38,42.4836082458496,-8.91018581390381,"Female"
"9004156",371990,2025-05-18 12:19:34,42.4826622009277,-8.90984058380127,"Female"
"9004156",371990,2025-05-18 12:25:24,42.481990814209,-8.90933513641357,"Female"
"9004156",371990,2025-05-18 12:31:02,42.4826240539551,-8.90840435028076,"Female"
"9004156",371990,2025-05-18 12:37:09,42.4813537597656,-8.90826320648193,"Female"
"9004156",371990,2025-05-18 12:42:03,42.4806137084961,-8.90692806243896,"Female"
"9004156",371990,2025-05-18 12:48:27,42.4814872741699,-8.90546035766602,"Female"
"9004156",371990,2025-05-18 12:54:37,42.4822311401367,-8.90560817718506,"Female"
"9004156",371990,2025-05-18 12:59:37,42.4821128845215,-8.90869998931885,"Female"
"9004156",371990,2025-05-18 13:04:32,42.4820976257324,-8.90868854522705,"Female"
"9004156",371990,2025-05-18 13:09:36,42.4821662902832,-8.90868759155273,"Female"
"9004156",371990,2025-05-18 13:14:34,42.4821357727051,-8.90870380401611,"Female"
"9004156",371990,2025-05-18 13:19:37,42.482105255127,-8.90871620178223,"Female"
"9004156",371990,2025-05-18 13:24:35,42.4822845458984,-8.91054725646973,"Female"
"9004156",371990,2025-05-18 13:30:43,42.4829406738281,-8.91125774383545,"Female"
"9004156",371990,2025-05-18 13:35:44,42.4835548400879,-8.91322898864746,"Female"
"9004156",371990,2025-05-18 13:40:42,42.4839210510254,-8.91450023651123,"Female"
"9004156",371990,2025-05-18 13:45:44,42.4832153320312,-8.91538906097412,"Female"
"9004156",371990,2025-05-18 13:51:32,42.4841003417969,-8.91642570495605,"Female"
"9004156",371990,2025-05-18 13:56:32,42.4849090576172,-8.91773414611816,"Female"
"9004156",371990,2025-05-18 14:01:30,42.4849243164062,-8.91773986816406,"Female"
"9004156",371990,2025-05-18 14:06:32,42.4848861694336,-8.91783142089844,"Female"
"9004156",371990,2025-05-18 14:11:41,42.48486328125,-8.91785430908203,"Female"
"9004156",371990,2025-05-18 14:16:26,42.4848709106445,-8.91784572601318,"Female"
"9004156",371990,2025-05-18 14:21:27,42.4848937988281,-8.9180326461792,"Female"
"9004156",371990,2025-05-18 14:26:30,42.4848556518555,-8.9177303314209,"Female"
"9004156",371990,2025-05-18 14:31:34,42.4839706420898,-8.91761875152588,"Female"
"9004156",371990,2025-05-18 14:36:42,42.4842185974121,-8.91903305053711,"Female"
"9004156",371990,2025-05-18 14:42:38,42.4843864440918,-8.91898632049561,"Female"
"9004156",371990,2025-05-18 14:47:43,42.4847068786621,-8.91911029815674,"Female"
"9004156",371990,2025-05-18 14:52:42,42.4849319458008,-8.91842937469482,"Female"
"9004156",371990,2025-05-18 14:57:43,42.4842262268066,-8.92034244537354,"Female"
"9004156",371990,2025-05-18 15:02:43,42.4841651916504,-8.92024517059326,"Female"
"9004156",371990,2025-05-18 15:07:42,42.484203338623,-8.920090675354,"Female"
"9004156",371990,2025-05-18 15:13:01,42.4838714599609,-8.91960525512695,"Female"
"9004156",371990,2025-05-18 15:17:40,42.4839134216309,-8.92005443572998,"Female"
"9004156",371990,2025-05-18 15:22:39,42.4837760925293,-8.91986465454102,"Female"
"9004156",371990,2025-05-18 15:44:44,42.4851112365723,-8.92044544219971,"Female"
"9004156",371990,2025-05-18 15:49:24,42.4851150512695,-8.92067623138428,"Female"
"9004156",371990,2025-05-18 15:55:33,42.4852600097656,-8.92001438140869,"Female"
"9004156",371990,2025-05-18 16:00:34,42.4847946166992,-8.92114353179932,"Female"
"9004156",371990,2025-05-18 16:05:32,42.4850044250488,-8.92128849029541,"Female"
"9004156",371990,2025-05-18 16:10:32,42.4850997924805,-8.92086410522461,"Female"
"9004156",371990,2025-05-18 16:15:31,42.4848709106445,-8.92221641540527,"Female"
"9004156",371990,2025-05-18 16:20:36,42.4849510192871,-8.92154407501221,"Female"
"9004156",371990,2025-05-18 16:25:33,42.4849815368652,-8.92134380340576,"Female"
"9004156",371990,2025-05-18 16:30:44,42.4848823547363,-8.92151165008545,"Female"
"9004156",371990,2025-05-18 16:36:18,42.4843063354492,-8.92270755767822,"Female"
"9004156",371990,2025-05-18 16:42:19,42.4847946166992,-8.92373752593994,"Female"
"9004156",371990,2025-05-18 16:47:13,42.4849510192871,-8.92380237579346,"Female"
"9004156",371990,2025-05-18 16:52:34,42.4847640991211,-8.92468070983887,"Female"
"9004156",371990,2025-05-18 16:57:33,42.4636573791504,-8.94468879699707,"Female"
"9004156",371990,2025-05-18 17:02:34,42.4290542602539,-8.94111061096191,"Female"
"9004156",371990,2025-05-18 17:07:19,42.4235496520996,-8.93487739562988,"Female"
"9004156",371990,2025-05-18 17:12:12,42.4043197631836,-8.92591190338135,"Female"
"9004156",371990,2025-05-18 17:17:19,42.3989677429199,-8.92099952697754,"Female"
"9004156",371990,2025-05-18 17:22:18,42.3989868164062,-8.92103004455566,"Female"
"9004156",371990,2025-05-18 17:27:21,42.3989067077637,-8.921067237854,"Female"
"9004156",371990,2025-05-18 17:32:29,42.3990135192871,-8.92105579376221,"Female"
"9004156",371990,2025-05-18 17:37:18,42.3988800048828,-8.92059707641602,"Female"
"9004156",371990,2025-05-18 17:42:34,42.3982925415039,-8.92051029205322,"Female"
"9004156",371990,2025-05-18 17:47:07,42.3983001708984,-8.92052841186523,"Female"
"9004156",371990,2025-05-18 17:52:07,42.3984527587891,-8.92077922821045,"Female"
"9004156",371990,2025-05-18 17:57:12,42.3982810974121,-8.92090320587158,"Female"
"9004156",371990,2025-05-18 18:02:08,42.3984451293945,-8.92080020904541,"Female"
"9004156",371990,2025-05-18 18:07:09,42.3985786437988,-8.92090892791748,"Female"
"9004156",371990,2025-05-18 18:12:11,42.3987731933594,-8.92080688476562,"Female"
"9004156",371990,2025-05-18 18:17:09,42.3986701965332,-8.92070293426514,"Female"
"9004156",371990,2025-05-18 18:22:09,42.3987312316895,-8.92078495025635,"Female"
"9004156",371990,2025-05-18 18:27:11,42.3986663818359,-8.92105388641357,"Female"
"9004156",371990,2025-05-18 18:32:09,42.3988838195801,-8.92118549346924,"Female"
"9004156",371990,2025-05-18 18:37:10,42.3988037109375,-8.92113876342773,"Female"
"9004156",371990,2025-05-18 18:42:35,42.3985557556152,-8.92091846466064,"Female"
"9004156",371990,2025-05-18 18:47:09,42.3986701965332,-8.92098617553711,"Female"
"9004156",371990,2025-05-18 18:52:10,42.3986206054688,-8.92079162597656,"Female"
"9004156",371990,2025-05-18 18:57:15,42.3984794616699,-8.92113971710205,"Female"
"9004156",371990,2025-05-18 19:02:13,42.3984794616699,-8.92102241516113,"Female"
"9004156",371990,2025-05-18 19:07:16,42.3984718322754,-8.92094039916992,"Female"
"9004156",371990,2025-05-18 19:12:12,42.3985137939453,-8.92094707489014,"Female"
"9004156",371990,2025-05-18 19:17:17,42.398494720459,-8.92098331451416,"Female"
"9004156",371990,2025-05-18 19:22:18,42.398323059082,-8.92110252380371,"Female"
"9004156",371990,2025-05-18 19:27:21,42.3982086181641,-8.92119407653809,"Female"
"9004156",371990,2025-05-18 19:32:16,42.3984870910645,-8.92100238800049,"Female"
"9004156",371990,2025-05-18 19:37:23,42.3981552124023,-8.92098617553711,"Female"
"9004156",371990,2025-05-18 19:42:12,42.3983917236328,-8.92087173461914,"Female"
"9004156",371990,2025-05-18 19:47:26,42.3983726501465,-8.92074680328369,"Female"
"9004156",371990,2025-05-18 19:52:30,42.398509979248,-8.92135524749756,"Female"
"9004156",371990,2025-05-18 19:57:11,42.3982734680176,-8.92091941833496,"Female"
"9004156",371990,2025-05-18 20:02:35,42.3986320495605,-8.9208288192749,"Female"
"9004156",371990,2025-05-18 20:07:09,42.3985595703125,-8.9209098815918,"Female"
"9004156",371990,2025-05-18 20:12:08,42.3986663818359,-8.92077922821045,"Female"
"9004156",371990,2025-05-18 20:17:18,42.3985633850098,-8.92090129852295,"Female"
"9004156",371990,2025-05-18 20:22:23,42.3985633850098,-8.92081928253174,"Female"
"9004156",371990,2025-05-18 20:27:13,42.3986396789551,-8.92092323303223,"Female"
"9004156",371990,2025-05-18 20:32:09,42.3988914489746,-8.92061614990234,"Female"
"9004156",371990,2025-05-18 20:37:25,42.3985137939453,-8.92066955566406,"Female"
"9004156",371990,2025-05-18 20:42:13,42.3986740112305,-8.92091464996338,"Female"
"9004156",371990,2025-05-18 20:47:10,42.3986625671387,-8.9209508895874,"Female"
"9004156",371990,2025-05-18 20:52:10,42.3985786437988,-8.92079257965088,"Female"
"9004156",371990,2025-05-18 20:57:20,42.3987350463867,-8.92119789123535,"Female"
"9004156",371990,2025-05-18 21:02:35,42.3986892700195,-8.9210205078125,"Female"
"9004156",371990,2025-05-18 21:07:23,42.398681640625,-8.9208812713623,"Female"
"9004156",371990,2025-05-18 21:12:18,42.3984909057617,-8.92107200622559,"Female"
"9004156",371990,2025-05-18 21:17:35,42.398567199707,-8.92110919952393,"Female"
"9004156",371990,2025-05-18 21:22:15,42.3985824584961,-8.92114448547363,"Female"
"9004156",371990,2025-05-18 21:27:18,42.3985633850098,-8.9212007522583,"Female"
"9004156",371990,2025-05-18 21:32:12,42.3985595703125,-8.9210376739502,"Female"
"9004156",371990,2025-05-18 21:37:21,42.3985862731934,-8.92105770111084,"Female"
"9004156",371990,2025-05-18 21:42:28,42.3984756469727,-8.92093658447266,"Female"
"9004156",371990,2025-05-18 21:47:28,42.3986015319824,-8.92114639282227,"Female"
"9004156",371990,2025-05-18 21:52:29,42.3985862731934,-8.92110347747803,"Female"
"9004156",371990,2025-05-18 21:57:18,42.3985557556152,-8.92106246948242,"Female"
"9004156",371990,2025-05-18 22:02:35,42.3985710144043,-8.92085838317871,"Female"
"9004156",371990,2025-05-18 22:07:06,42.3985023498535,-8.92088603973389,"Female"
"9004156",371990,2025-05-18 22:12:09,42.398609161377,-8.92082595825195,"Female"
"9004156",371990,2025-05-18 22:17:09,42.3985366821289,-8.92087459564209,"Female"
"9004156",371990,2025-05-18 22:22:06,42.398551940918,-8.92091178894043,"Female"
"9004156",371990,2025-05-18 22:27:07,42.3985176086426,-8.92088603973389,"Female"
"9004156",371990,2025-05-18 22:32:12,42.3986015319824,-8.9208345413208,"Female"
"9004156",371990,2025-05-18 22:37:10,42.398567199707,-8.92089080810547,"Female"
"9004156",371990,2025-05-18 22:42:10,42.3985214233398,-8.92084407806396,"Female"
"9004156",371990,2025-05-18 22:47:06,42.3985443115234,-8.92091178894043,"Female"
"9004156",371990,2025-05-18 22:52:44,42.3985137939453,-8.92085361480713,"Female"
"9004156",371990,2025-05-18 22:57:09,42.3985290527344,-8.9208812713623,"Female"
"9004156",371990,2025-05-18 23:02:10,42.3985404968262,-8.92082405090332,"Female"
"9004156",371990,2025-05-18 23:07:09,42.3986206054688,-8.92101669311523,"Female"
"9004156",371990,2025-05-18 23:12:15,42.3985557556152,-8.92090892791748,"Female"
"9004156",371990,2025-05-18 23:17:11,42.3985710144043,-8.92090129852295,"Female"
"9004156",371990,2025-05-18 23:22:11,42.3984336853027,-8.92074298858643,"Female"
"9004156",371990,2025-05-18 23:27:08,42.3985595703125,-8.92087936401367,"Female"
"9004156",371990,2025-05-18 23:33:31,42.3985824584961,-8.92099189758301,"Female"
"9004156",371990,2025-05-18 23:38:05,42.3985443115234,-8.92091941833496,"Female"
"9004156",371990,2025-05-18 23:42:09,42.3984527587891,-8.92084217071533,"Female"
"9004156",371990,2025-05-18 23:47:09,42.3984718322754,-8.92086696624756,"Female"
"9004156",371990,2025-05-18 23:52:09,42.3985748291016,-8.92099952697754,"Female"
"9004156",371990,2025-05-18 23:57:07,42.3984832763672,-8.92088317871094,"Female"
"9004156",371990,2025-05-19 00:02:08,42.398681640625,-8.92106437683105,"Female"
"9004156",371990,2025-05-19 00:07:08,42.398551940918,-8.92091846466064,"Female"
"9004156",371990,2025-05-19 00:12:07,42.3986854553223,-8.92102527618408,"Female"
"9004156",371990,2025-05-19 00:17:06,42.3985862731934,-8.92091846466064,"Female"
"9004156",371990,2025-05-19 00:22:10,42.3984107971191,-8.92064189910889,"Female"
"9004156",371990,2025-05-19 00:27:10,42.3987655639648,-8.92115783691406,"Female"
"9004156",371990,2025-05-19 00:32:35,42.3985023498535,-8.92082023620605,"Female"
"9004156",371990,2025-05-19 00:37:10,42.3985328674316,-8.92084693908691,"Female"
"9004156",371990,2025-05-19 00:42:08,42.398494720459,-8.92085838317871,"Female"
"9004156",371990,2025-05-19 00:47:09,42.3985557556152,-8.92080402374268,"Female"
"9004156",371990,2025-05-19 00:52:10,42.398551940918,-8.92085552215576,"Female"
"9004156",371990,2025-05-19 00:57:12,42.3985214233398,-8.92084884643555,"Female"
"9004156",371990,2025-05-19 01:02:10,42.3984718322754,-8.92084217071533,"Female"
"9004156",371990,2025-05-19 01:07:44,42.3985443115234,-8.92084884643555,"Female"
"9004156",371990,2025-05-19 01:12:08,42.3986892700195,-8.92087364196777,"Female"
"9004156",371990,2025-05-19 01:17:08,42.3988914489746,-8.92155647277832,"Female"
"9004156",371990,2025-05-19 01:22:08,42.3985252380371,-8.92086315155029,"Female"
"9004156",371990,2025-05-19 01:27:07,42.3986282348633,-8.92082214355469,"Female"
"9004156",371990,2025-05-19 01:32:51,42.3985328674316,-8.92078399658203,"Female"
"9004156",371990,2025-05-19 01:37:11,42.3985404968262,-8.92076683044434,"Female"
"9004156",371990,2025-05-19 01:42:09,42.398509979248,-8.9206657409668,"Female"
"9004156",371990,2025-05-19 01:47:35,42.3985061645508,-8.92080593109131,"Female"
"9004156",371990,2025-05-19 01:52:07,42.3984527587891,-8.92067337036133,"Female"
"9004156",371990,2025-05-19 01:57:07,42.3985595703125,-8.92095851898193,"Female"
"9004156",371990,2025-05-19 02:02:09,42.398567199707,-8.92093276977539,"Female"
"9004156",371990,2025-05-19 02:07:09,42.398551940918,-8.92100238800049,"Female"
"9004156",371990,2025-05-19 02:12:18,42.3985595703125,-8.9207763671875,"Female"
"9004156",371990,2025-05-19 02:17:11,42.3985595703125,-8.92089939117432,"Female"
"9004156",371990,2025-05-19 02:22:13,42.3986206054688,-8.9212760925293,"Female"
"9004156",371990,2025-05-19 02:27:43,42.3985290527344,-8.92098617553711,"Female"
"9004156",371990,2025-05-19 02:32:11,42.3985595703125,-8.92104721069336,"Female"
"9004156",371990,2025-05-19 02:37:18,42.3986015319824,-8.92106056213379,"Female"
"9004156",371990,2025-05-19 02:42:12,42.3986282348633,-8.92109107971191,"Female"
"9004156",371990,2025-05-19 02:48:30,42.3985595703125,-8.92104244232178,"Female"
"9004156",371990,2025-05-19 02:52:44,42.3984718322754,-8.92098236083984,"Female"
"9004156",371990,2025-05-19 02:57:16,42.3986015319824,-8.92116260528564,"Female"
"9004156",371990,2025-05-19 03:02:54,42.3985252380371,-8.9209566116333,"Female"
"9004156",371990,2025-05-19 03:07:32,42.3985595703125,-8.92080020904541,"Female"
"9004156",371990,2025-05-19 03:12:12,42.3985824584961,-8.92129898071289,"Female"
"9004156",371990,2025-05-19 03:17:15,42.3986434936523,-8.9209623336792,"Female"
"9004156",371990,2025-05-19 03:22:13,42.3986320495605,-8.92053985595703,"Female"
"9004156",371990,2025-05-19 03:27:18,42.398681640625,-8.92052459716797,"Female"
"9004156",371990,2025-05-19 03:32:13,42.3988304138184,-8.92040061950684,"Female"
"9004156",371990,2025-05-19 03:37:21,42.3987503051758,-8.92051124572754,"Female"
"9004156",371990,2025-05-19 03:42:12,42.3987884521484,-8.92055416107178,"Female"
"9004156",371990,2025-05-19 03:47:53,42.3985176086426,-8.92091083526611,"Female"
"9004156",371990,2025-05-19 03:52:06,42.398624420166,-8.92076587677002,"Female"
"9004156",371990,2025-05-19 03:57:07,42.3985862731934,-8.92090511322021,"Female"
"9004156",371990,2025-05-19 04:02:12,42.3985023498535,-8.92071914672852,"Female"
"9004156",371990,2025-05-19 04:07:10,42.3985710144043,-8.92086124420166,"Female"
"9004156",371990,2025-05-19 04:12:16,42.3984870910645,-8.92080974578857,"Female"
"9004156",371990,2025-05-19 04:17:13,42.3986129760742,-8.92095565795898,"Female"
"9004156",371990,2025-05-19 04:22:13,42.3986625671387,-8.92091274261475,"Female"
"9004156",371990,2025-05-19 04:27:10,42.3985633850098,-8.9209451675415,"Female"
"9004156",371990,2025-05-19 04:32:10,42.3985214233398,-8.92080020904541,"Female"
"9004156",371990,2025-05-19 04:37:10,42.3985481262207,-8.92085933685303,"Female"
"9004156",371990,2025-05-19 04:42:09,42.3985252380371,-8.92082405090332,"Female"
"9004156",371990,2025-05-19 04:47:09,42.3985824584961,-8.92107677459717,"Female"
"9004156",371990,2025-05-19 04:52:20,42.3983917236328,-8.92032146453857,"Female"
"9004156",371990,2025-05-19 04:57:08,42.398567199707,-8.92065715789795,"Female"
"9004156",371990,2025-05-19 05:02:10,42.3985633850098,-8.92076778411865,"Female"
"9004156",371990,2025-05-19 05:07:40,42.3985900878906,-8.9211254119873,"Female"
"9004156",371990,2025-05-19 05:12:07,42.3985633850098,-8.92119121551514,"Female"
"9004156",371990,2025-05-19 05:17:47,42.3986053466797,-8.92124843597412,"Female"
"9004156",371990,2025-05-19 05:22:26,42.3987617492676,-8.92154884338379,"Female"
"9004156",371990,2025-05-19 05:27:10,42.3986434936523,-8.92141532897949,"Female"
"9004156",371990,2025-05-19 05:32:10,42.3989028930664,-8.92101955413818,"Female"
"9004156",371990,2025-05-19 05:37:11,42.3987350463867,-8.92102432250977,"Female"
"9004156",371990,2025-05-19 05:42:17,42.3985481262207,-8.92122554779053,"Female"
"9004156",371990,2025-05-19 05:48:30,42.3984565734863,-8.92109394073486,"Female"
"9004156",371990,2025-05-19 05:52:35,42.3984451293945,-8.92107963562012,"Female"
"9004156",371990,2025-05-19 05:57:12,42.3984642028809,-8.92085456848145,"Female"
"9004156",371990,2025-05-19 06:02:09,42.3984489440918,-8.92080688476562,"Female"
"9004156",371990,2025-05-19 06:07:10,42.3985214233398,-8.9210901260376,"Female"
"9004156",371990,2025-05-19 06:12:28,42.3986587524414,-8.92095470428467,"Female"
"9004156",371990,2025-05-19 06:18:30,42.3985939025879,-8.92094802856445,"Female"
"9004156",371990,2025-05-19 06:23:30,42.3985862731934,-8.92099571228027,"Female"
"9004156",371990,2025-05-19 06:27:07,42.4044914245605,-8.92229652404785,"Female"
"9004156",371990,2025-05-19 06:32:06,42.4087257385254,-8.92464160919189,"Female"
"9004156",371990,2025-05-19 06:37:07,42.4494552612305,-8.9366397857666,"Female"
"9004156",371990,2025-05-19 06:42:15,42.4828224182129,-8.93126201629639,"Female"
"9004156",371990,2025-05-19 06:47:11,42.4831886291504,-8.930100440979,"Female"
"9004156",371990,2025-05-19 06:53:41,42.4858207702637,-8.92891407012939,"Female"
"9004156",371990,2025-05-19 06:59:23,42.48486328125,-8.92832660675049,"Female"
"9004156",371990,2025-05-19 07:04:48,42.4850196838379,-8.92795181274414,"Female"
"9004156",371990,2025-05-19 07:09:49,42.4846115112305,-8.92710494995117,"Female"
"9004156",371990,2025-05-19 07:14:49,42.484546661377,-8.92710113525391,"Female"
"9004156",371990,2025-05-19 07:19:51,42.4846954345703,-8.92706966400146,"Female"
"9004156",371990,2025-05-19 07:24:53,42.4846458435059,-8.92715454101562,"Female"
"9004156",371990,2025-05-19 07:29:49,42.4847297668457,-8.92721652984619,"Female"
"9004156",371990,2025-05-19 07:34:48,42.4847755432129,-8.92726898193359,"Female"
"9004156",371990,2025-05-19 07:39:52,42.4847068786621,-8.92716121673584,"Female"
"9004156",371990,2025-05-19 07:45:12,42.4846954345703,-8.92705535888672,"Female"
"9004156",371990,2025-05-19 07:49:55,42.4846000671387,-8.92699813842773,"Female"
"9004156",371990,2025-05-19 07:55:53,42.4822654724121,-8.92612743377686,"Female"
"9004156",371990,2025-05-19 08:00:57,42.4821815490723,-8.92556381225586,"Female"
"9004156",371990,2025-05-19 08:06:54,42.481616973877,-8.92619895935059,"Female"
"9004156",371990,2025-05-19 08:12:09,42.4812431335449,-8.92784690856934,"Female"
"9004156",371990,2025-05-19 08:18:18,42.4809837341309,-8.92964935302734,"Female"
"9004156",371990,2025-05-19 08:24:40,42.4822387695312,-8.93047046661377,"Female"
"9004156",371990,2025-05-19 08:29:31,42.4828109741211,-8.93034362792969,"Female"
"9004156",371990,2025-05-19 08:34:37,42.482494354248,-8.92990589141846,"Female"
"9004156",371990,2025-05-19 08:39:59,42.482738494873,-8.93033981323242,"Female"
"9004156",371990,2025-05-19 08:44:29,42.4827003479004,-8.93016338348389,"Female"
"9004156",371990,2025-05-19 08:49:29,42.4827003479004,-8.93026161193848,"Female"
"9004156",371990,2025-05-19 08:54:29,42.4827117919922,-8.93032360076904,"Female"
"9004156",371990,2025-05-19 08:59:30,42.4826965332031,-8.93033027648926,"Female"
"9004156",371990,2025-05-19 09:04:44,42.4824523925781,-8.93011379241943,"Female"
"9004156",371990,2025-05-19 09:10:07,42.4829483032227,-8.92955875396729,"Female"
"9004156",371990,2025-05-19 09:15:45,42.4834938049316,-8.93006038665771,"Female"
"9004156",371990,2025-05-19 09:22:02,42.4831848144531,-8.9300422668457,"Female"
"9004156",371990,2025-05-19 09:27:23,42.4829063415527,-8.92871761322021,"Female"
"9004156",371990,2025-05-19 09:31:47,42.4829216003418,-8.92847156524658,"Female"
"9004156",371990,2025-05-19 09:36:47,42.4829063415527,-8.92852878570557,"Female"
"9004156",371990,2025-05-19 09:41:47,42.4829254150391,-8.92851543426514,"Female"
"9004156",371990,2025-05-19 09:46:47,42.4829559326172,-8.92848873138428,"Female"
"9004156",371990,2025-05-19 09:51:47,42.4829292297363,-8.92848682403564,"Female"
"9004156",371990,2025-05-19 09:56:48,42.4829254150391,-8.928542137146,"Female"
"9004156",371990,2025-05-19 10:01:48,42.4828987121582,-8.92846775054932,"Female"
"9004156",371990,2025-05-19 10:07:21,42.4820137023926,-8.92780876159668,"Female"
"9004156",371990,2025-05-19 10:12:21,42.4816398620605,-8.92685794830322,"Female"
"9004156",371990,2025-05-19 10:17:37,42.4825172424316,-8.92587947845459,"Female"
"9004156",371990,2025-05-19 10:22:38,42.4831886291504,-8.92536926269531,"Female"
"9004156",371990,2025-05-19 10:27:38,42.483081817627,-8.92582702636719,"Female"
"9004156",371990,2025-05-19 10:32:37,42.4831352233887,-8.92585754394531,"Female"
"9004156",371990,2025-05-19 10:37:37,42.4831199645996,-8.92580604553223,"Female"
"9004156",371990,2025-05-19 10:42:40,42.4831047058105,-8.92580986022949,"Female"
"9004156",371990,2025-05-19 10:47:38,42.4831047058105,-8.92586612701416,"Female"
"9004156",371990,2025-05-19 10:52:37,42.4831237792969,-8.92590141296387,"Female"
"9004156",371990,2025-05-19 10:57:38,42.4828453063965,-8.92555141448975,"Female"
"9004156",371990,2025-05-19 11:02:39,42.4843292236328,-8.92215824127197,"Female"
"9004156",371990,2025-05-19 11:08:27,42.4845657348633,-8.92332649230957,"Female"
"9004156",371990,2025-05-19 11:14:16,42.4847412109375,-8.92393207550049,"Female"
"9004156",371990,2025-05-19 11:19:32,42.4854736328125,-8.92391490936279,"Female"
"9004156",371990,2025-05-19 11:24:32,42.4856643676758,-8.92358589172363,"Female"
"9004156",371990,2025-05-19 11:29:37,42.4856567382812,-8.92352390289307,"Female"
"9004156",371990,2025-05-19 11:34:28,42.485652923584,-8.92348766326904,"Female"
"9004156",371990,2025-05-19 11:39:29,42.4856452941895,-8.92345809936523,"Female"
"9004156",371990,2025-05-19 11:44:28,42.4856567382812,-8.9234733581543,"Female"
"9004156",371990,2025-05-19 11:49:29,42.4856834411621,-8.92343330383301,"Female"
"9004156",371990,2025-05-19 11:54:28,42.4856567382812,-8.92344570159912,"Female"
"9004156",371990,2025-05-19 11:59:30,42.4856719970703,-8.9234037399292,"Female"
"9004156",371990,2025-05-19 12:04:30,42.4852600097656,-8.92115879058838,"Female"
"9004156",371990,2025-05-19 12:09:29,42.4852180480957,-8.92085647583008,"Female"
"9004156",371990,2025-05-19 12:15:47,42.4850120544434,-8.92058944702148,"Female"
"9004156",371990,2025-05-19 12:20:51,42.4843559265137,-8.91891765594482,"Female"
"9004156",371990,2025-05-19 12:26:42,42.484188079834,-8.91792106628418,"Female"
"9004156",371990,2025-05-19 12:30:50,42.4841232299805,-8.91723537445068,"Female"
"9004156",371990,2025-05-19 12:36:24,42.4833755493164,-8.9161901473999,"Female"
"9004156",371990,2025-05-19 12:41:21,42.4828147888184,-8.91751766204834,"Female"
"9004156",371990,2025-05-19 12:46:32,42.4832077026367,-8.91871166229248,"Female"
"9004156",371990,2025-05-19 12:51:45,42.483325958252,-8.91864967346191,"Female"
"9004156",371990,2025-05-19 12:56:25,42.4834442138672,-8.91873455047607,"Female"
"9004156",371990,2025-05-19 13:01:25,42.4834632873535,-8.91848659515381,"Female"
"9004156",371990,2025-05-19 13:11:32,42.4833297729492,-8.92075538635254,"Female"
"9004156",371990,2025-05-19 13:29:00,42.4795875549316,-8.93874931335449,"Female"
"9004156",371990,2025-05-19 13:34:10,42.4638328552246,-8.94374561309814,"Female"
"9004156",371990,2025-05-19 13:38:57,42.4502067565918,-8.94374084472656,"Female"
"9004156",371990,2025-05-19 13:43:57,42.4195976257324,-8.93384838104248,"Female"
"9004156",371990,2025-05-19 13:48:58,42.3982849121094,-8.91937160491943,"Female"
"9004156",371990,2025-05-19 13:54:15,42.3985786437988,-8.92063426971436,"Female"
"9004156",371990,2025-05-19 13:59:35,42.3986663818359,-8.92110919952393,"Female"
"9004156",371990,2025-05-19 14:03:57,42.3986701965332,-8.92057037353516,"Female"
"9004156",371990,2025-05-19 14:08:56,42.3986968994141,-8.92046928405762,"Female"
"9004156",371990,2025-05-19 14:13:56,42.3986396789551,-8.92059707641602,"Female"
"9004156",371990,2025-05-19 14:18:57,42.3986625671387,-8.92075347900391,"Female"
"9004156",371990,2025-05-19 14:23:57,42.3987045288086,-8.92074871063232,"Female"
"9004156",371990,2025-05-19 14:28:57,42.3987579345703,-8.92074489593506,"Female"
"9004156",371990,2025-05-19 14:34:14,42.3987770080566,-8.92095756530762,"Female"
"9004156",371990,2025-05-19 14:38:58,42.3988609313965,-8.92111492156982,"Female"
"9004156",371990,2025-05-19 14:44:12,42.3987159729004,-8.92093849182129,"Female"
"9004156",371990,2025-05-19 14:48:56,42.3987045288086,-8.9207820892334,"Female"
"9004156",371990,2025-05-19 14:53:57,42.3987808227539,-8.92097473144531,"Female"
"9004156",371990,2025-05-19 14:58:56,42.3987121582031,-8.920729637146,"Female"
"9004156",371990,2025-05-19 15:03:59,42.3988342285156,-8.92080783843994,"Female"
"9004156",371990,2025-05-19 15:08:59,42.3987655639648,-8.92082977294922,"Female"
"9004156",371990,2025-05-19 15:13:59,42.3987236022949,-8.92082691192627,"Female"
"9004156",371990,2025-05-19 15:18:59,42.398567199707,-8.92071914672852,"Female"
"9004156",371990,2025-05-19 15:23:58,42.3982162475586,-8.9208459854126,"Female"
"9004156",371990,2025-05-19 15:29:01,42.3986473083496,-8.92076015472412,"Female"
"9004156",371990,2025-05-19 15:35:19,42.3985023498535,-8.92070770263672,"Female"
"9004156",371990,2025-05-19 15:39:14,42.398551940918,-8.92081260681152,"Female"
"9004156",371990,2025-05-19 15:44:14,42.3985366821289,-8.92077827453613,"Female"
"9004156",371990,2025-05-19 15:49:02,42.3985786437988,-8.92087364196777,"Female"
"9004156",371990,2025-05-19 15:54:01,42.3981246948242,-8.92263507843018,"Female"
"9004156",371990,2025-05-19 15:59:07,42.3985404968262,-8.92089176177979,"Female"
"9004156",371990,2025-05-19 16:04:02,42.3984870910645,-8.92083263397217,"Female"
"9004156",371990,2025-05-19 16:09:25,42.3985290527344,-8.9208402633667,"Female"
"9004156",371990,2025-05-19 16:13:56,42.3985748291016,-8.92055511474609,"Female"
"9004156",371990,2025-05-19 16:18:57,42.3985710144043,-8.92067432403564,"Female"
"9004156",371990,2025-05-19 16:23:57,42.3987197875977,-8.9204740524292,"Female"
"9004156",371990,2025-05-19 16:29:03,42.398509979248,-8.92079162597656,"Female"
"9004156",371990,2025-05-19 16:33:56,42.3986129760742,-8.92109203338623,"Female"
"9004156",371990,2025-05-19 16:38:58,42.3985939025879,-8.92041110992432,"Female"
"9004156",371990,2025-05-19 16:44:02,42.3985824584961,-8.92081832885742,"Female"
"9004156",371990,2025-05-19 16:49:13,42.3985595703125,-8.92095184326172,"Female"
"9004156",371990,2025-05-19 16:54:06,42.398509979248,-8.92081832885742,"Female"
"9004156",371990,2025-05-19 16:59:06,42.398509979248,-8.92081260681152,"Female"
"9004156",371990,2025-05-19 17:04:06,42.398567199707,-8.92086124420166,"Female"
"9004156",371990,2025-05-19 17:09:04,42.3985252380371,-8.92083835601807,"Female"
"9004156",371990,2025-05-19 17:14:10,42.3985176086426,-8.9208288192749,"Female"
"9004156",371990,2025-05-19 17:20:05,42.3985252380371,-8.92085552215576,"Female"
"9004156",371990,2025-05-19 17:23:55,42.398567199707,-8.92104530334473,"Female"
"9004156",371990,2025-05-19 17:28:55,42.3986129760742,-8.92106246948242,"Female"
"9004156",371990,2025-05-19 17:33:55,42.3985328674316,-8.92113780975342,"Female"
"9004156",371990,2025-05-19 17:39:14,42.3984603881836,-8.92063903808594,"Female"
"9004156",371990,2025-05-19 17:43:55,42.3983993530273,-8.92072772979736,"Female"
"9004156",371990,2025-05-19 17:49:09,42.3983154296875,-8.92045116424561,"Female"
"9004156",371990,2025-05-19 17:53:54,42.3983879089355,-8.92051219940186,"Female"
"9004156",371990,2025-05-19 17:59:00,42.3985023498535,-8.92115879058838,"Female"
"9004156",371990,2025-05-19 18:04:18,42.398551940918,-8.92083835601807,"Female"
"9004156",371990,2025-05-19 18:09:01,42.398624420166,-8.92104816436768,"Female"
"9004156",371990,2025-05-19 18:14:04,42.3987617492676,-8.92192363739014,"Female"
"9004156",371990,2025-05-19 18:19:13,42.3990516662598,-8.92302894592285,"Female"
"9004156",371990,2025-05-19 18:24:06,42.3987426757812,-8.9215087890625,"Female"
"9004156",371990,2025-05-19 18:28:57,42.398681640625,-8.92144107818604,"Female"
"9004156",371990,2025-05-19 18:33:57,42.3986282348633,-8.9215145111084,"Female"
"9004156",371990,2025-05-19 18:39:28,42.3985366821289,-8.9215145111084,"Female"
"9004156",371990,2025-05-19 18:43:55,42.398509979248,-8.92142295837402,"Female"
"9004156",371990,2025-05-19 18:49:14,42.3979263305664,-8.92083740234375,"Female"
"9004156",371990,2025-05-19 18:53:55,42.3979034423828,-8.920578956604,"Female"
"9004156",371990,2025-05-19 18:58:57,42.3980941772461,-8.92074966430664,"Female"
"9004156",371990,2025-05-19 19:03:58,42.3979873657227,-8.92055416107178,"Female"
"9004156",371990,2025-05-19 19:08:57,42.3979072570801,-8.92053985595703,"Female"
"9004156",371990,2025-05-19 19:13:57,42.3985862731934,-8.92166805267334,"Female"
"9004156",371990,2025-05-19 19:18:57,42.3979568481445,-8.92037296295166,"Female"
"9004156",371990,2025-05-19 19:24:00,42.3978996276855,-8.92048168182373,"Female"
"9004156",371990,2025-05-19 19:29:00,42.3979415893555,-8.92020606994629,"Female"
"9004156",371990,2025-05-19 19:34:05,42.3977470397949,-8.92063522338867,"Female"
"9004156",371990,2025-05-19 19:39:12,42.3978576660156,-8.92065525054932,"Female"
"9004156",371990,2025-05-19 19:43:59,42.3976707458496,-8.92098140716553,"Female"
"9004156",371990,2025-05-19 19:49:29,42.3979187011719,-8.92077541351318,"Female"
"9004156",371990,2025-05-19 19:53:54,42.397819519043,-8.92094993591309,"Female"
"9004156",371990,2025-05-19 19:58:55,42.3977241516113,-8.92097949981689,"Female"
"9004156",371990,2025-05-19 20:03:54,42.3978805541992,-8.9209566116333,"Female"
"9004156",371990,2025-05-19 20:08:56,42.3978843688965,-8.92096996307373,"Female"
"9004156",371990,2025-05-19 20:13:56,42.3979225158691,-8.9208402633667,"Female"
"9004156",371990,2025-05-19 20:18:56,42.3977355957031,-8.92121124267578,"Female"
"9004156",371990,2025-05-19 20:23:58,42.3976860046387,-8.9214334487915,"Female"
"9004156",371990,2025-05-19 20:29:14,42.3979301452637,-8.92068576812744,"Female"
"9004156",371990,2025-05-19 20:33:56,42.3977165222168,-8.92125606536865,"Female"
"9004156",371990,2025-05-19 20:38:55,42.3979759216309,-8.92056751251221,"Female"
"9004156",371990,2025-05-19 20:43:57,42.3975143432617,-8.92170238494873,"Female"
"9004156",371990,2025-05-19 20:49:29,42.3979949951172,-8.92079067230225,"Female"
"9004156",371990,2025-05-19 20:53:56,42.3979568481445,-8.9207592010498,"Female"
"9004156",371990,2025-05-19 20:58:55,42.3979263305664,-8.92080783843994,"Female"
"9004156",371990,2025-05-19 21:03:54,42.397876739502,-8.92079925537109,"Female"
"9004156",371990,2025-05-19 21:08:54,42.3979682922363,-8.92081165313721,"Female"
"9004156",371990,2025-05-19 21:13:55,42.3979835510254,-8.92077827453613,"Female"
"9004156",371990,2025-05-19 21:18:54,42.3980026245117,-8.92079830169678,"Female"
"9004156",371990,2025-05-19 21:23:55,42.3979339599609,-8.92066478729248,"Female"
"9004156",371990,2025-05-19 21:28:56,42.3979187011719,-8.92086696624756,"Female"
"9004156",371990,2025-05-19 21:33:56,42.3978157043457,-8.92067337036133,"Female"
"9004156",371990,2025-05-19 21:38:57,42.3977241516113,-8.92058849334717,"Female"
"9004156",371990,2025-05-19 21:44:06,42.3979301452637,-8.92076873779297,"Female"
"9004156",371990,2025-05-19 21:49:14,42.3979377746582,-8.92077827453613,"Female"
"9004156",371990,2025-05-19 21:53:56,42.3979225158691,-8.92092514038086,"Female"
"9004156",371990,2025-05-19 21:58:56,42.3979568481445,-8.92096900939941,"Female"
"9004156",371990,2025-05-19 22:03:57,42.3979721069336,-8.92085933685303,"Female"
"9004156",371990,2025-05-19 22:08:55,42.3977661132812,-8.92025184631348,"Female"
"9004156",371990,2025-05-19 22:13:55,42.3979301452637,-8.9208517074585,"Female"
"9004156",371990,2025-05-19 22:18:57,42.3980026245117,-8.92103576660156,"Female"
"9004156",371990,2025-05-19 22:23:54,42.3979034423828,-8.92085266113281,"Female"
"9004156",371990,2025-05-19 22:28:57,42.3979835510254,-8.92098140716553,"Female"
"9004156",371990,2025-05-19 22:33:55,42.3979797363281,-8.92101860046387,"Female"
"9004156",371990,2025-05-19 22:38:56,42.398021697998,-8.92104625701904,"Female"
"9004156",371990,2025-05-19 22:44:34,42.3980026245117,-8.92113304138184,"Female"
"9004156",371990,2025-05-19 22:50:19,42.3980140686035,-8.92071533203125,"Female"
"9004156",371990,2025-05-19 22:55:05,42.3980522155762,-8.9208812713623,"Female"
"9004156",371990,2025-05-19 22:59:00,42.3981323242188,-8.92053604125977,"Female"
"9004156",371990,2025-05-19 23:04:07,42.397891998291,-8.92086410522461,"Female"
"9004156",371990,2025-05-19 23:08:59,42.3980255126953,-8.92098999023438,"Female"
"9004156",371990,2025-05-19 23:14:16,42.3979759216309,-8.92079830169678,"Female"
"9004156",371990,2025-05-19 23:19:14,42.3980255126953,-8.92084407806396,"Female"
"9004156",371990,2025-05-19 23:23:54,42.3980674743652,-8.92086219787598,"Female"
"9004156",371990,2025-05-19 23:28:56,42.3981857299805,-8.92134189605713,"Female"
"9004156",371990,2025-05-19 23:33:58,42.3980903625488,-8.92124557495117,"Female"
"9004156",371990,2025-05-19 23:38:58,42.3981437683105,-8.92144393920898,"Female"
"9004156",371990,2025-05-19 23:44:14,42.3980293273926,-8.92083072662354,"Female"
"9004156",371990,2025-05-19 23:48:54,42.3980522155762,-8.92080307006836,"Female"
"9004156",371990,2025-05-19 23:53:56,42.3979530334473,-8.92078304290771,"Female"
"9004156",371990,2025-05-19 23:58:56,42.3981094360352,-8.92074394226074,"Female"
"9004156",371990,2025-05-20 00:03:59,42.3979339599609,-8.92066764831543,"Female"
"9004156",371990,2025-05-20 00:08:56,42.3979377746582,-8.92146587371826,"Female"
"9004156",371990,2025-05-20 00:13:56,42.3980522155762,-8.92090892791748,"Female"
"9004156",371990,2025-05-20 00:18:58,42.3979682922363,-8.92071437835693,"Female"
"9004156",371990,2025-05-20 00:23:56,42.3980903625488,-8.9210262298584,"Female"
"9004156",371990,2025-05-20 00:28:56,42.398021697998,-8.92078304290771,"Female"
"9004156",371990,2025-05-20 00:34:29,42.3979568481445,-8.92079830169678,"Female"
"9004156",371990,2025-05-20 00:38:54,42.3979415893555,-8.92079925537109,"Female"
"9004156",371990,2025-05-20 00:43:56,42.3979415893555,-8.92083835601807,"Female"
"9004156",371990,2025-05-20 00:49:05,42.3979454040527,-8.92081928253174,"Female"
"9004156",371990,2025-05-20 00:54:14,42.3979606628418,-8.92078876495361,"Female"
"9004156",371990,2025-05-20 00:58:54,42.3979225158691,-8.92080879211426,"Female"
"9004156",371990,2025-05-20 01:03:56,42.3979759216309,-8.92099285125732,"Female"
"9004156",371990,2025-05-20 01:08:56,42.3979873657227,-8.92092609405518,"Female"
"9004156",371990,2025-05-20 01:13:56,42.3979530334473,-8.92094612121582,"Female"
"9004156",371990,2025-05-20 01:19:29,42.39794921875,-8.9207649230957,"Female"
"9004156",371990,2025-05-20 01:23:54,42.3979568481445,-8.92076015472412,"Female"
"9004156",371990,2025-05-20 01:28:54,42.3979568481445,-8.92079448699951,"Female"
"9004156",371990,2025-05-20 01:33:58,42.3979339599609,-8.92099475860596,"Female"
"9004156",371990,2025-05-20 01:38:59,42.3980178833008,-8.92123985290527,"Female"
"9004156",371990,2025-05-20 01:43:54,42.3979454040527,-8.92082023620605,"Female"
"9004156",371990,2025-05-20 01:48:54,42.3979187011719,-8.92080497741699,"Female"
"9004156",371990,2025-05-20 01:53:54,42.3979072570801,-8.92071437835693,"Female"
"9004156",371990,2025-05-20 01:59:14,42.3979682922363,-8.92079925537109,"Female"
"9004156",371990,2025-05-20 02:03:54,42.3979759216309,-8.92089366912842,"Female"
"9004156",371990,2025-05-20 02:08:54,42.3979835510254,-8.92093181610107,"Female"
"9004156",371990,2025-05-20 02:13:56,42.3979873657227,-8.92082405090332,"Female"
"9004156",371990,2025-05-20 02:18:54,42.3981094360352,-8.92085552215576,"Female"
"9004156",371990,2025-05-20 02:24:04,42.3979644775391,-8.92093753814697,"Female"
"9004156",371990,2025-05-20 02:29:04,42.3979644775391,-8.92083835601807,"Female"
"9004156",371990,2025-05-20 02:35:18,42.3979721069336,-8.92076969146729,"Female"
"9004156",371990,2025-05-20 02:39:09,42.3979454040527,-8.92074489593506,"Female"
"9004156",371990,2025-05-20 02:43:56,42.3979339599609,-8.92014217376709,"Female"
"9004156",371990,2025-05-20 02:50:18,42.3979339599609,-8.92058658599854,"Female"
"9004156",371990,2025-05-20 02:54:05,42.3979644775391,-8.92058563232422,"Female"
"9004156",371990,2025-05-20 02:59:30,42.3979415893555,-8.92050552368164,"Female"
"9004156",371990,2025-05-20 03:04:35,42.3979568481445,-8.92075157165527,"Female"
"9004156",371990,2025-05-20 03:09:00,42.3983421325684,-8.92198848724365,"Female"
"9004156",371990,2025-05-20 03:13:59,42.3979339599609,-8.92090511322021,"Female"
"9004156",371990,2025-05-20 03:19:00,42.3978614807129,-8.92056846618652,"Female"
"9004156",371990,2025-05-20 03:23:58,42.3981132507324,-8.92187976837158,"Female"
"9004156",371990,2025-05-20 03:28:59,42.3980369567871,-8.92137718200684,"Female"
"9004156",371990,2025-05-20 03:34:00,42.3981628417969,-8.92097091674805,"Female"
"9004156",371990,2025-05-20 03:38:59,42.3981666564941,-8.92102336883545,"Female"
"9004156",371990,2025-05-20 03:44:03,42.3982009887695,-8.92129993438721,"Female"
"9004156",371990,2025-05-20 03:49:14,42.3979835510254,-8.92081832885742,"Female"
"9004156",371990,2025-05-20 03:54:18,42.3975143432617,-8.92051696777344,"Female"
"9004156",371990,2025-05-20 03:59:06,42.3981513977051,-8.92093944549561,"Female"
"9004156",371990,2025-05-20 04:04:06,42.3981666564941,-8.9209451675415,"Female"
"9004156",371990,2025-05-20 04:09:06,42.3980903625488,-8.92091274261475,"Female"
"9004156",371990,2025-05-20 04:14:13,42.3980484008789,-8.92080497741699,"Female"
"9004156",371990,2025-05-20 04:18:58,42.398323059082,-8.92054462432861,"Female"
"9004156",371990,2025-05-20 04:23:54,42.398006439209,-8.92091178894043,"Female"
"9004156",371990,2025-05-20 04:28:58,42.3978576660156,-8.92175579071045,"Female"
"9004156",371990,2025-05-20 04:34:00,42.3979225158691,-8.92139911651611,"Female"
"9004156",371990,2025-05-20 04:39:25,42.3979911804199,-8.92093944549561,"Female"
"9004156",371990,2025-05-20 04:43:55,42.3979949951172,-8.92092418670654,"Female"
"9004156",371990,2025-05-20 04:48:56,42.3979454040527,-8.92091178894043,"Female"
"9004156",371990,2025-05-20 04:53:55,42.4087142944336,-8.9237642288208,"Female"
"9004156",371990,2025-05-20 04:58:57,42.4490051269531,-8.93349170684814,"Female"
"9004156",371990,2025-05-20 05:03:55,42.4815864562988,-8.93097019195557,"Female"
"9004156",371990,2025-05-20 05:09:00,42.4815673828125,-8.93067646026611,"Female"
"9004156",371990,2025-05-20 05:15:03,42.4820899963379,-8.93111801147461,"Female"
"9004156",371990,2025-05-20 05:20:04,42.4821739196777,-8.92932319641113,"Female"
"9004156",371990,2025-05-20 05:25:47,42.4807739257812,-8.92900085449219,"Female"
"9004156",371990,2025-05-20 05:30:57,42.4808349609375,-8.92819309234619,"Female"
"9004156",371990,2025-05-20 05:36:06,42.4816551208496,-8.92807388305664,"Female"
"9004156",371990,2025-05-20 05:41:06,42.4828720092773,-8.91847705841064,"Female"
"9004156",371990,2025-05-20 05:46:49,42.4827690124512,-8.91663265228271,"Female"
"9004156",371990,2025-05-20 05:51:55,42.4827537536621,-8.91524982452393,"Female"
"9004156",371990,2025-05-20 05:57:33,42.4823684692383,-8.91385650634766,"Female"
"9004156",371990,2025-05-20 06:02:30,42.4814834594727,-8.91171741485596,"Female"
"9004156",371990,2025-05-20 06:08:18,42.4807357788086,-8.91048431396484,"Female"
"9004156",371990,2025-05-20 06:15:54,42.4814109802246,-8.90766906738281,"Female"
"9004156",371990,2025-05-20 06:20:53,42.4822540283203,-8.90888118743896,"Female"
"9004156",371990,2025-05-20 06:25:55,42.4824066162109,-8.91002464294434,"Female"
"9004156",371990,2025-05-20 06:30:48,42.4825019836426,-8.91010665893555,"Female"
"9004156",371990,2025-05-20 06:35:54,42.4825210571289,-8.91020202636719,"Female"
"9004156",371990,2025-05-20 06:41:05,42.4823722839355,-8.91001033782959,"Female"
"9004156",371990,2025-05-20 06:46:05,42.4823913574219,-8.91000175476074,"Female"
"9004156",371990,2025-05-20 06:51:49,42.4821395874023,-8.9095983505249,"Female"
"9004156",371990,2025-05-20 06:57:08,42.4822082519531,-8.90993785858154,"Female"
"9004156",371990,2025-05-20 07:02:06,42.4822769165039,-8.90984916687012,"Female"
"9004156",371990,2025-05-20 07:07:05,42.4823455810547,-8.91022872924805,"Female"
"9004156",371990,2025-05-20 07:13:06,42.4825782775879,-8.91103363037109,"Female"
"9004156",371990,2025-05-20 07:18:25,42.4827651977539,-8.90995788574219,"Female"
"9004156",371990,2025-05-20 07:23:25,42.4823799133301,-8.90910053253174,"Female"
"9004156",371990,2025-05-20 07:28:26,42.4825973510742,-8.9093189239502,"Female"
"9004156",371990,2025-05-20 07:33:24,42.4831161499023,-8.90970420837402,"Female"
"9004156",371990,2025-05-20 07:38:26,42.4822387695312,-8.90974235534668,"Female"
"9004156",371990,2025-05-20 07:43:51,42.4818382263184,-8.90912818908691,"Female"
"9004156",371990,2025-05-20 07:50:22,42.4826736450195,-8.90865802764893,"Female"
"9004156",371990,2025-05-20 07:55:10,42.4823226928711,-8.91003322601318,"Female"
"9004156",371990,2025-05-20 08:00:35,42.4823265075684,-8.91122627258301,"Female"
"9004156",371990,2025-05-20 08:05:24,42.4822006225586,-8.91194438934326,"Female"
"9004156",371990,2025-05-20 08:10:11,42.4830436706543,-8.91941261291504,"Female"
"9004156",371990,2025-05-20 08:15:12,42.4830093383789,-8.91931438446045,"Female"
"9004156",371990,2025-05-20 08:20:11,42.4831047058105,-8.91936492919922,"Female"
"9004156",371990,2025-05-20 08:25:11,42.4830665588379,-8.91940689086914,"Female"
"9004156",371990,2025-05-20 08:30:36,42.4838714599609,-8.9201135635376,"Female"
"9004156",371990,2025-05-20 08:35:21,42.4832611083984,-8.92116260528564,"Female"
"9004156",371990,2025-05-20 08:40:55,42.4840126037598,-8.92128562927246,"Female"
"9004156",371990,2025-05-20 08:45:54,42.4842376708984,-8.92096996307373,"Female"
"9004156",371990,2025-05-20 08:52:14,42.4840202331543,-8.92043304443359,"Female"
"9004156",371990,2025-05-20 08:57:04,42.4836616516113,-8.92526340484619,"Female"
"9004156",371990,2025-05-20 09:02:10,42.463565826416,-8.94431018829346,"Female"
"9004156",371990,2025-05-20 09:07:06,42.4446449279785,-8.94129276275635,"Female"
"9004156",371990,2025-05-20 09:12:04,42.4093589782715,-8.93003273010254,"Female"
"9004156",371990,2025-05-20 09:17:14,42.3984184265137,-8.92135334014893,"Female"
"9004156",371990,2025-05-20 09:22:10,42.3983612060547,-8.92138481140137,"Female"
"9004156",371990,2025-05-20 09:27:10,42.3984069824219,-8.92123126983643,"Female"
"9004156",371990,2025-05-20 09:32:08,42.3985977172852,-8.92149353027344,"Female"
"9004156",371990,2025-05-20 09:37:15,42.3985786437988,-8.92078590393066,"Female"
"9004156",371990,2025-05-20 10:43:44,42.3985710144043,-8.92099952697754,"Female"
"9004156",371990,2025-05-20 10:53:07,42.3986625671387,-8.92157459259033,"Female"
"9004156",371990,2025-05-20 11:03:07,42.3985443115234,-8.92106342315674,"Female"
"9004156",371990,2025-05-20 11:13:08,42.3986358642578,-8.92127323150635,"Female"
"9004156",371990,2025-05-20 11:23:36,42.3985557556152,-8.92092990875244,"Female"
"9004156",371990,2025-05-20 11:33:03,42.3981170654297,-8.92047309875488,"Female"
"9004156",371990,2025-05-20 11:43:42,42.3984756469727,-8.92093086242676,"Female"
"9004156",371990,2025-05-20 11:53:13,42.3984985351562,-8.92096328735352,"Female"
"9004156",371990,2025-05-20 12:03:05,42.3986015319824,-8.92121982574463,"Female"
"9004156",371990,2025-05-20 12:13:04,42.3984870910645,-8.92081642150879,"Female"
"9004156",371990,2025-05-20 12:23:04,42.3984794616699,-8.92094039916992,"Female"
"9004156",371990,2025-05-20 12:33:06,42.4032669067383,-8.91964340209961,"Female"
"9004156",371990,2025-05-20 12:43:38,42.4456443786621,-8.93138599395752,"Female"
"9004156",371990,2025-05-20 12:53:13,42.4849090576172,-8.92687034606934,"Female"
"9004156",371990,2025-05-20 13:03:34,42.4842147827148,-8.92202281951904,"Female"
"9004156",371990,2025-05-20 13:13:33,42.483959197998,-8.91984081268311,"Female"
"9004156",371990,2025-05-20 13:23:34,42.484001159668,-8.92017650604248,"Female"
"9004156",371990,2025-05-20 13:33:32,42.4839935302734,-8.92045116424561,"Female"
"9004156",371990,2025-05-20 14:02:54,42.4839210510254,-8.9185152053833,"Female"
"9004156",371990,2025-05-20 14:13:17,42.4846878051758,-8.91712379455566,"Female"
"9004156",371990,2025-05-20 14:24:44,42.4845504760742,-8.91603851318359,"Female"
"9004156",371990,2025-05-20 14:34:39,42.4849624633789,-8.91775894165039,"Female"
"9004156",371990,2025-05-20 14:44:41,42.4847755432129,-8.91783237457275,"Female"
"9004156",371990,2025-05-20 14:54:39,42.4847602844238,-8.91788101196289,"Female"
"9004156",371990,2025-05-20 15:04:39,42.484806060791,-8.9178638458252,"Female"
"9004156",371990,2025-05-20 15:15:07,42.484504699707,-8.91763687133789,"Female"
"9004156",371990,2025-05-20 15:27:13,42.4828109741211,-8.91540050506592,"Female"
"9004156",371990,2025-05-20 15:32:18,42.4834022521973,-8.91408920288086,"Female"
"9004156",371990,2025-05-20 15:38:20,42.4840812683105,-8.91239929199219,"Female"
"9004156",371990,2025-05-20 15:48:36,42.4842338562012,-8.91279029846191,"Female"
"9004156",371990,2025-05-20 15:53:06,42.4840774536133,-8.91274070739746,"Female"
"9004156",371990,2025-05-20 15:58:10,42.4846153259277,-8.91276741027832,"Female"
"9004156",371990,2025-05-20 16:03:06,42.4842300415039,-8.9129056930542,"Female"
"9004156",371990,2025-05-20 16:13:08,42.4837875366211,-8.91297054290771,"Female"
"9004156",371990,2025-05-20 16:23:29,42.4839210510254,-8.91461372375488,"Female"
"9004156",371990,2025-05-20 16:33:25,42.4835929870605,-8.91652679443359,"Female"
"9004156",371990,2025-05-20 16:38:46,42.4834899902344,-8.91646194458008,"Female"
"9004156",371990,2025-05-20 16:43:27,42.483570098877,-8.91654014587402,"Female"
"9004156",371990,2025-05-20 16:53:37,42.4805107116699,-8.93643379211426,"Female"
"9004156",371990,2025-05-20 17:03:37,42.4235382080078,-8.94277286529541,"Female"
"9004156",371990,2025-05-20 17:14:47,42.3982963562012,-8.9209098815918,"Female"
"9004156",371990,2025-05-20 17:18:24,42.3982276916504,-8.9204568862915,"Female"
"9004156",371990,2025-05-20 18:41:50,42.3985443115234,-8.92099475860596,"Female"
"9004156",371990,2025-05-20 19:02:21,42.3985176086426,-8.92077445983887,"Female"
"9004156",371990,2025-05-20 19:11:44,42.398509979248,-8.92077732086182,"Female"
"9004156",371990,2025-05-20 19:21:03,42.3985404968262,-8.92078495025635,"Female"
"9004156",371990,2025-05-20 19:31:03,42.3985557556152,-8.92097473144531,"Female"
"9004156",371990,2025-05-20 19:40:58,42.3985328674316,-8.92080307006836,"Female"
"9004156",371990,2025-05-20 19:51:35,42.3985595703125,-8.92085552215576,"Female"
"9004156",371990,2025-05-20 20:01:04,42.3986358642578,-8.920973777771,"Female"
"9004156",371990,2025-05-20 20:11:06,42.398494720459,-8.9208345413208,"Female"
"9004156",371990,2025-05-20 20:21:00,42.3985900878906,-8.92097568511963,"Female"
"9004156",371990,2025-05-20 20:30:58,42.3984222412109,-8.92083740234375,"Female"
"9004156",371990,2025-05-20 20:41:53,42.3985710144043,-8.92095756530762,"Female"
"9004156",371990,2025-05-20 20:51:07,42.3985595703125,-8.92104434967041,"Female"
"9004156",371990,2025-05-20 21:01:40,42.398681640625,-8.92165946960449,"Female"
"9004156",371990,2025-05-20 21:11:43,42.3986282348633,-8.92174243927002,"Female"
"9004156",371990,2025-05-20 21:21:06,42.398567199707,-8.92117691040039,"Female"
"9004156",371990,2025-05-20 21:31:05,42.3985176086426,-8.92103099822998,"Female"
"9004156",371990,2025-05-20 21:41:44,42.398551940918,-8.92088603973389,"Female"
"9004156",371990,2025-05-20 21:51:13,42.3985214233398,-8.92086696624756,"Female"
"9004156",371990,2025-05-20 22:01:00,42.3985214233398,-8.92082118988037,"Female"
"9004156",371990,2025-05-20 22:10:58,42.398567199707,-8.92077350616455,"Female"
"9004156",371990,2025-05-20 22:21:01,42.3984718322754,-8.92076015472412,"Female"
"9004156",371990,2025-05-20 22:31:14,42.3985214233398,-8.92094707489014,"Female"
"9004156",371990,2025-05-20 22:41:14,42.398509979248,-8.92081642150879,"Female"
"9004156",371990,2025-05-20 22:51:13,42.3985214233398,-8.92071342468262,"Female"
"9004156",371990,2025-05-20 23:01:04,42.3984680175781,-8.92072486877441,"Female"
"9004156",371990,2025-05-20 23:11:00,42.3986396789551,-8.92096424102783,"Female"
"9004156",371990,2025-05-20 23:21:12,42.3985595703125,-8.92092227935791,"Female"
"9004156",371990,2025-05-20 23:31:29,42.3985443115234,-8.92089462280273,"Female"
"9004156",371990,2025-05-20 23:40:56,42.398609161377,-8.92099761962891,"Female"
"9004156",371990,2025-05-20 23:51:00,42.3986587524414,-8.92098617553711,"Female"
"9004156",371990,2025-05-21 00:00:58,42.3985595703125,-8.92088985443115,"Female"
"9004156",371990,2025-05-21 00:11:00,42.3985862731934,-8.92094135284424,"Female"
"9004156",371990,2025-05-21 00:21:00,42.3985900878906,-8.92089557647705,"Female"
"9004156",371990,2025-05-21 00:31:29,42.3985290527344,-8.92096328735352,"Female"
"9004156",371990,2025-05-21 00:41:11,42.398551940918,-8.92092800140381,"Female"
"9004156",371990,2025-05-21 00:50:58,42.398609161377,-8.92089748382568,"Female"
"9004156",371990,2025-05-21 01:01:01,42.3984336853027,-8.92151927947998,"Female"
"9004156",371990,2025-05-21 01:11:29,42.3985710144043,-8.92093086242676,"Female"
"9004156",371990,2025-05-21 01:20:57,42.3984642028809,-8.92058944702148,"Female"
"9004156",371990,2025-05-21 01:30:58,42.398551940918,-8.92097949981689,"Female"
"9004156",371990,2025-05-21 01:40:59,42.398551940918,-8.92081928253174,"Female"
"9004156",371990,2025-05-21 01:52:20,42.398567199707,-8.92093181610107,"Female"
"9004156",371990,2025-05-21 02:01:08,42.3985404968262,-8.92085266113281,"Female"
"9004156",371990,2025-05-21 02:11:08,42.3985748291016,-8.92086696624756,"Female"
"9004156",371990,2025-05-21 02:22:20,42.3985443115234,-8.9210262298584,"Female"
"9004156",371990,2025-05-21 02:32:20,42.3985557556152,-8.92101287841797,"Female"
"9004156",371990,2025-05-21 02:42:20,42.3985595703125,-8.92088890075684,"Female"
"9004156",371990,2025-05-21 02:52:20,42.398567199707,-8.92107009887695,"Female"
"9004156",371990,2025-05-21 03:02:20,42.3985939025879,-8.92103576660156,"Female"
"9004156",371990,2025-05-21 03:11:07,42.3985633850098,-8.92098045349121,"Female"
"9004156",371990,2025-05-21 03:21:35,42.3985824584961,-8.92106056213379,"Female"
"9004156",371990,2025-05-21 03:31:06,42.3985824584961,-8.92097854614258,"Female"
"9004156",371990,2025-05-21 03:41:43,42.3985786437988,-8.92098045349121,"Female"
"9004156",371990,2025-05-21 03:51:05,42.3985595703125,-8.92092037200928,"Female"
"9004156",371990,2025-05-21 04:01:59,42.3985748291016,-8.92092895507812,"Female"
"9004156",371990,2025-05-21 04:11:00,42.3985137939453,-8.92074680328369,"Female"
"9004156",371990,2025-05-21 04:21:00,42.3986053466797,-8.92098712921143,"Female"
"9004156",371990,2025-05-21 04:31:01,42.3985176086426,-8.92075634002686,"Female"
"9004156",371990,2025-05-21 04:41:09,42.3985786437988,-8.92083358764648,"Female"
"9004156",371990,2025-05-21 04:51:03,42.3985557556152,-8.92095756530762,"Female"
"9004156",371990,2025-05-21 05:01:42,42.3985710144043,-8.92097282409668,"Female"
"9004156",371990,2025-05-21 05:12:20,42.3985328674316,-8.92086887359619,"Female"
"9004156",371990,2025-05-21 05:21:58,42.3984718322754,-8.92094421386719,"Female"
"9004156",371990,2025-05-21 05:32:20,42.3985023498535,-8.92100429534912,"Female"
"9004156",371990,2025-05-21 05:42:20,42.3986968994141,-8.92097663879395,"Female"
"9004156",371990,2025-05-21 05:51:35,42.3985252380371,-8.92092895507812,"Female"
"9004156",371990,2025-05-21 06:01:06,42.3984298706055,-8.92126941680908,"Female"
"9004156",371990,2025-05-21 06:11:06,42.3985366821289,-8.92095279693604,"Female"
"9004156",371990,2025-05-21 06:21:13,42.3986358642578,-8.9212007522583,"Female"
"9004156",371990,2025-05-21 06:30:59,42.3986473083496,-8.92114448547363,"Female"
"9004156",371990,2025-05-21 06:40:58,42.3986549377441,-8.92110729217529,"Female"
"9004156",371990,2025-05-21 06:52:20,42.3985328674316,-8.92086410522461,"Female"
"9004156",371990,2025-05-21 07:01:14,42.3985328674316,-8.92094421386719,"Female"
"9004156",371990,2025-05-21 07:10:58,42.3985290527344,-8.92094707489014,"Female"
"9004156",371990,2025-05-21 07:20:56,42.3985557556152,-8.92092418670654,"Female"
"9004156",371990,2025-05-21 07:30:57,42.3985595703125,-8.92099475860596,"Female"
"9004156",371990,2025-05-21 07:40:57,42.4101028442383,-8.92456340789795,"Female"
"9004156",371990,2025-05-21 07:50:58,42.4672241210938,-8.94136810302734,"Female"
"9004156",371990,2025-05-21 08:00:57,42.4824867248535,-8.93099021911621,"Female"
"9004156",371990,2025-05-21 08:11:06,42.4815864562988,-8.92979049682617,"Female"
"9004156",371990,2025-05-21 08:21:04,42.4816474914551,-8.92817783355713,"Female"
"9004156",371990,2025-05-21 08:31:06,42.4817504882812,-8.92717456817627,"Female"
"9004156",371990,2025-05-21 08:41:05,42.4820022583008,-8.92729568481445,"Female"
"9004156",371990,2025-05-21 08:51:06,42.4820327758789,-8.92719650268555,"Female"
"9004156",371990,2025-05-21 09:01:06,42.482234954834,-8.92716026306152,"Female"
"9004156",371990,2025-05-21 09:11:25,42.4805755615234,-8.92954349517822,"Female"
"9004156",371990,2025-05-21 09:22:04,42.4802055358887,-8.92867183685303,"Female"
"9004156",371990,2025-05-21 09:33:03,42.4820022583008,-8.92787456512451,"Female"
"9004156",371990,2025-05-21 09:43:06,42.4827461242676,-8.92723655700684,"Female"
"9004156",371990,2025-05-21 09:53:03,42.4827117919922,-8.92717742919922,"Female"
"9004156",371990,2025-05-21 10:03:04,42.4827117919922,-8.92732906341553,"Female"
"9004156",371990,2025-05-21 10:13:03,42.4844131469727,-8.92392826080322,"Female"
"9004156",371990,2025-05-21 10:23:20,42.4845695495605,-8.92252349853516,"Female"
"9004156",371990,2025-05-21 10:34:18,42.4837913513184,-8.92065334320068,"Female"
"9004156",371990,2025-05-21 10:44:19,42.4838066101074,-8.91991710662842,"Female"
"9004156",371990,2025-05-21 10:54:21,42.48388671875,-8.91974258422852,"Female"
"9004156",371990,2025-05-21 11:04:22,42.4840354919434,-8.91977405548096,"Female"
"9004156",371990,2025-05-21 11:14:22,42.4837226867676,-8.91912174224854,"Female"
"9004156",371990,2025-05-21 11:25:37,42.4841461181641,-8.91856002807617,"Female"
"9004156",371990,2025-05-21 11:35:30,42.4838752746582,-8.91623497009277,"Female"
"9004156",371990,2025-05-21 11:45:54,42.4842948913574,-8.91537380218506,"Female"
"9004156",371990,2025-05-21 11:55:54,42.4831504821777,-8.91425514221191,"Female"
"9004156",371990,2025-05-21 12:05:54,42.4840354919434,-8.91355419158936,"Female"
"9004156",371990,2025-05-21 12:15:54,42.4842872619629,-8.91419982910156,"Female"
"9004156",371990,2025-05-21 12:26:17,42.4847450256348,-8.90874004364014,"Female"
"9004156",371990,2025-05-21 12:36:20,42.4846420288086,-8.9066276550293,"Female"
"9004156",371990,2025-05-21 12:46:55,42.485164642334,-8.90543174743652,"Female"
"9004156",371990,2025-05-21 12:57:36,42.4815635681152,-8.90761947631836,"Female"
"9004156",371990,2025-05-21 13:07:55,42.4813117980957,-8.90393352508545,"Female"
"9004156",371990,2025-05-21 13:18:13,42.4817733764648,-8.90608882904053,"Female"
"9004156",371990,2025-05-21 13:28:30,42.4822158813477,-8.90800952911377,"Female"
"9004156",371990,2025-05-21 13:38:30,42.4823722839355,-8.90908813476562,"Female"
"9004156",371990,2025-05-21 13:43:31,42.4824600219727,-8.90913963317871,"Female"
"9004156",371990,2025-05-21 14:29:50,42.4829597473145,-8.91894435882568,"Female"
"9004156",371990,2025-05-21 14:40:06,42.4830589294434,-8.91888523101807,"Female"
"9004156",371990,2025-05-21 14:50:03,42.4296379089355,-8.9377326965332,"Female"
"9004156",371990,2025-05-21 14:55:05,42.3986167907715,-8.92081451416016,"Female"
"9004156",371990,2025-05-21 15:00:06,42.398624420166,-8.92080879211426,"Female"
"9004156",371990,2025-05-21 15:05:08,42.3985977172852,-8.92084789276123,"Female"
"9004156",371990,2025-05-21 15:10:09,42.398624420166,-8.92084884643555,"Female"
"9004156",371990,2025-05-21 15:15:14,42.3985862731934,-8.92088890075684,"Female"
"9004156",371990,2025-05-21 15:20:09,42.3986701965332,-8.92077732086182,"Female"
"9004156",371990,2025-05-21 15:25:13,42.3986396789551,-8.92063522338867,"Female"
"9004156",371990,2025-05-21 15:30:09,42.3985977172852,-8.92074203491211,"Female"
"9004156",371990,2025-05-21 15:40:32,42.3986740112305,-8.92058658599854,"Female"
"9004156",371990,2025-05-21 15:45:13,42.398681640625,-8.92043685913086,"Female"
"9004156",371990,2025-05-21 15:55:04,42.3983192443848,-8.92084693908691,"Female"
"9004156",371990,2025-05-21 16:05:04,42.3981552124023,-8.92076778411865,"Female"
"9004156",371990,2025-05-21 16:15:09,42.3987731933594,-8.92101097106934,"Female"
"9004156",371990,2025-05-21 16:20:14,42.3987159729004,-8.92088985443115,"Female"
"9004156",371990,2025-05-21 16:30:06,42.3987731933594,-8.92093944549561,"Female"
"9004156",371990,2025-05-21 16:40:12,42.3989067077637,-8.92130470275879,"Female"
"9004156",371990,2025-05-21 16:50:19,42.3984603881836,-8.92096138000488,"Female"
"9004156",371990,2025-05-21 17:00:07,42.3986511230469,-8.92092990875244,"Female"
"9004156",371990,2025-05-21 17:10:11,42.3987426757812,-8.92092037200928,"Female"
"9004156",371990,2025-05-21 17:20:06,42.3982086181641,-8.92227840423584,"Female"
"9004156",371990,2025-05-21 17:30:08,42.3987617492676,-8.92123508453369,"Female"
"9004156",371990,2025-05-21 17:40:05,42.3982048034668,-8.92244625091553,"Female"
"9004156",371990,2025-05-21 17:50:06,42.3987617492676,-8.92122268676758,"Female"
"9004156",371990,2025-05-21 18:00:03,42.3981475830078,-8.92196273803711,"Female"
"9004156",371990,2025-05-21 18:10:08,42.3986701965332,-8.9206485748291,"Female"
"9004156",371990,2025-05-21 18:20:02,42.3982391357422,-8.92108631134033,"Female"
"9004156",371990,2025-05-21 18:30:02,42.3981819152832,-8.92100620269775,"Female"
"9004156",371990,2025-05-21 18:40:02,42.3982429504395,-8.92091751098633,"Female"
"9004156",371990,2025-05-21 18:50:06,42.3987350463867,-8.92078495025635,"Female"
"9004156",371990,2025-05-21 19:00:03,42.3982925415039,-8.92077827453613,"Female"
"9004156",371990,2025-05-21 19:10:03,42.3987312316895,-8.92089366912842,"Female"
"9004156",371990,2025-05-21 19:20:03,42.3987007141113,-8.92077922821045,"Female"
"9004156",371990,2025-05-21 19:30:06,42.3987922668457,-8.92065238952637,"Female"
"9004156",371990,2025-05-21 19:40:05,42.398811340332,-8.92069339752197,"Female"
"9004156",371990,2025-05-21 19:50:05,42.398567199707,-8.92085838317871,"Female"
"9004156",371990,2025-05-21 20:00:08,42.3985900878906,-8.92086219787598,"Female"
"9004156",371990,2025-05-21 20:10:20,42.3984909057617,-8.92059421539307,"Female"
"9004156",371990,2025-05-21 20:20:02,42.3982696533203,-8.92080020904541,"Female"
"9004156",371990,2025-05-21 20:30:02,42.3985786437988,-8.92085647583008,"Female"
"9004156",371990,2025-05-21 20:40:02,42.3985633850098,-8.920973777771,"Female"
"9004156",371990,2025-05-21 20:50:09,42.3984794616699,-8.9212064743042,"Female"
"9004156",371990,2025-05-21 21:00:03,42.3986701965332,-8.92099571228027,"Female"
"9004156",371990,2025-05-21 21:10:05,42.3993988037109,-8.92110919952393,"Female"
"9004156",371990,2025-05-21 21:20:09,42.3989524841309,-8.9216251373291,"Female"
"9004156",371990,2025-05-21 21:30:05,42.398624420166,-8.92108821868896,"Female"
"9004156",371990,2025-05-21 21:40:06,42.3987045288086,-8.9212703704834,"Female"
"9004156",371990,2025-05-21 21:50:08,42.3989219665527,-8.92145729064941,"Female"
"9004156",371990,2025-05-21 22:00:04,42.3986587524414,-8.92111778259277,"Female"
"9004156",371990,2025-05-21 22:10:08,42.3986434936523,-8.92106914520264,"Female"
"9004156",371990,2025-05-21 22:20:03,42.3985748291016,-8.92097759246826,"Female"
"9004156",371990,2025-05-21 22:30:03,42.3979263305664,-8.91862678527832,"Female"
"9004156",371990,2025-05-21 22:40:07,42.3987197875977,-8.92137050628662,"Female"
"9004156",371990,2025-05-21 22:50:17,42.3988761901855,-8.92182159423828,"Female"
"9004156",371990,2025-05-21 23:00:10,42.3986358642578,-8.92114162445068,"Female"
"9004156",371990,2025-05-21 23:10:11,42.398624420166,-8.92108821868896,"Female"
"9004156",371990,2025-05-21 23:20:03,42.3986740112305,-8.92099952697754,"Female"
"9004156",371990,2025-05-21 23:30:15,42.3990707397461,-8.92185878753662,"Female"
"9004156",371990,2025-05-21 23:40:05,42.3995704650879,-8.92298316955566,"Female"
"9004156",371990,2025-05-21 23:50:03,42.3990478515625,-8.92154312133789,"Female"
"9004156",371990,2025-05-22 00:00:02,42.399169921875,-8.92156982421875,"Female"
"9004156",371990,2025-05-22 00:10:02,42.3990440368652,-8.92143630981445,"Female"
"9004156",371990,2025-05-22 00:20:03,42.3990745544434,-8.92156410217285,"Female"
"9004156",371990,2025-05-22 00:30:03,42.3989868164062,-8.92150020599365,"Female"
"9004156",371990,2025-05-22 00:40:03,42.3988380432129,-8.9214506149292,"Female"
"9004156",371990,2025-05-22 00:50:02,42.3987998962402,-8.9213285446167,"Female"
"9004156",371990,2025-05-22 01:00:03,42.3987503051758,-8.92107486724854,"Female"
"9004156",371990,2025-05-22 01:10:03,42.3987655639648,-8.92117977142334,"Female"
"9004156",371990,2025-05-22 01:20:03,42.3987045288086,-8.92089176177979,"Female"
"9004156",371990,2025-05-22 01:30:03,42.3986549377441,-8.92096519470215,"Female"
"9004156",371990,2025-05-22 01:40:03,42.3985939025879,-8.9209156036377,"Female"
"9004156",371990,2025-05-22 01:50:03,42.3986511230469,-8.92098617553711,"Female"
"9004156",371990,2025-05-22 02:00:03,42.3988227844238,-8.9210958480835,"Female"
"9004156",371990,2025-05-22 02:10:18,42.3990364074707,-8.92153549194336,"Female"
"9004156",371990,2025-05-22 02:20:18,42.3987693786621,-8.92108917236328,"Female"
"9004156",371990,2025-05-22 02:30:35,42.3985176086426,-8.92104434967041,"Female"
"9004156",371990,2025-05-22 02:40:43,42.3984527587891,-8.92104244232178,"Female"
"9004156",371990,2025-05-22 02:50:11,42.398380279541,-8.92099475860596,"Female"
"9004156",371990,2025-05-22 03:00:12,42.3986015319824,-8.92106151580811,"Female"
"9004156",371990,2025-05-22 03:10:04,42.3984756469727,-8.92076396942139,"Female"
"9004156",371990,2025-05-22 03:20:10,42.3986701965332,-8.92083740234375,"Female"
"9004156",371990,2025-05-22 03:30:12,42.3986396789551,-8.92062091827393,"Female"
"9004156",371990,2025-05-22 03:40:12,42.3988571166992,-8.9208459854126,"Female"
"9004156",371990,2025-05-22 03:50:05,42.3988075256348,-8.92133045196533,"Female"
"9004156",371990,2025-05-22 04:00:05,42.3988037109375,-8.92127132415771,"Female"
"9004156",371990,2025-05-22 04:10:12,42.3987007141113,-8.92118740081787,"Female"
"9004156",371990,2025-05-22 04:20:12,42.3987617492676,-8.92101383209229,"Female"
"9004156",371990,2025-05-22 04:30:04,42.3987274169922,-8.92117881774902,"Female"
"9004156",371990,2025-05-22 04:40:03,42.3989028930664,-8.92220878601074,"Female"
"9004156",371990,2025-05-22 04:50:14,42.3988723754883,-8.92177963256836,"Female"
"9004156",371990,2025-05-22 05:01:25,42.4101982116699,-8.92367935180664,"Female"
"9004156",371990,2025-05-22 05:10:02,42.4571495056152,-8.93666648864746,"Female"
"9004156",371990,2025-05-22 05:20:25,42.4818954467773,-8.93067741394043,"Female"
"9004156",371990,2025-05-22 05:30:22,42.4818305969238,-8.93205738067627,"Female"
"9004156",371990,2025-05-22 05:40:35,42.4861373901367,-8.92905139923096,"Female"
"9004156",371990,2025-05-22 05:50:25,42.4848670959473,-8.92987823486328,"Female"
"9004156",371990,2025-05-22 06:00:28,42.4853858947754,-8.92905807495117,"Female"
"9004156",371990,2025-05-22 06:10:26,42.4854164123535,-8.92924118041992,"Female"
"9004156",371990,2025-05-22 06:20:25,42.4852561950684,-8.92900085449219,"Female"
"9004156",371990,2025-05-22 06:31:11,42.4843673706055,-8.92760562896729,"Female"
"9004156",371990,2025-05-22 06:41:29,42.4825210571289,-8.92803764343262,"Female"
"9004156",371990,2025-05-22 06:52:18,42.484203338623,-8.92146015167236,"Female"
"9004156",371990,2025-05-22 07:02:29,42.4830131530762,-8.9218111038208,"Female"
"9004156",371990,2025-05-22 07:12:57,42.4833869934082,-8.91964244842529,"Female"
"9004156",371990,2025-05-22 07:22:54,42.483772277832,-8.9181022644043,"Female"
"9004156",371990,2025-05-22 07:32:54,42.4836730957031,-8.91807842254639,"Female"
"9004156",371990,2025-05-22 07:43:33,42.4830741882324,-8.9170036315918,"Female"
"9004156",371990,2025-05-22 07:53:33,42.4837341308594,-8.91751861572266,"Female"
"9004156",371990,2025-05-22 08:03:40,42.4838485717773,-8.91815185546875,"Female"
"9004156",371990,2025-05-22 08:13:36,42.4840354919434,-8.92133712768555,"Female"
"9004156",371990,2025-05-22 08:23:36,42.4291534423828,-8.93434429168701,"Female"
"9004156",371990,2025-05-22 08:33:39,42.3989448547363,-8.92142105102539,"Female"
"9004156",371990,2025-05-22 08:44:05,42.3984565734863,-8.92079734802246,"Female"
"9004156",371990,2025-05-22 08:53:32,42.3985862731934,-8.92082786560059,"Female"
"9004156",371990,2025-05-22 09:03:36,42.398567199707,-8.92086696624756,"Female"
"9004156",371990,2025-05-22 09:13:42,42.3985710144043,-8.92089080810547,"Female"
"9004156",371990,2025-05-22 09:23:43,42.3986167907715,-8.9210729598999,"Female"
"9004156",371990,2025-05-22 09:33:43,42.3986053466797,-8.92079830169678,"Female"
"9004156",371990,2025-05-22 09:43:44,42.3985939025879,-8.92123317718506,"Female"
"9004156",371990,2025-05-22 09:53:43,42.3986320495605,-8.92090320587158,"Female"
"9004156",371990,2025-05-22 10:03:46,42.3986434936523,-8.9205379486084,"Female"
"9004156",371990,2025-05-22 10:13:42,42.3986015319824,-8.92115497589111,"Female"
"9004156",371990,2025-05-22 10:23:41,42.3986663818359,-8.92111015319824,"Female"
"9004156",371990,2025-05-22 10:33:39,42.3986167907715,-8.92124366760254,"Female"
"9004156",371990,2025-05-22 10:43:39,42.3985595703125,-8.9210901260376,"Female"
"9004156",371990,2025-05-22 10:53:42,42.3985557556152,-8.92076587677002,"Female"
"9004156",371990,2025-05-22 11:03:44,42.3985290527344,-8.92092704772949,"Female"
"9004156",371990,2025-05-22 11:13:48,42.398567199707,-8.92099189758301,"Female"
"9004156",371990,2025-05-22 11:23:34,42.3985404968262,-8.92111682891846,"Female"
"9004156",371990,2025-05-22 11:33:44,42.4109420776367,-8.92388725280762,"Female"
"9004156",371990,2025-05-22 11:43:32,42.4571266174316,-8.93967151641846,"Female"
"9004156",371990,2025-05-22 11:54:53,42.4814834594727,-8.92861080169678,"Female"
"9004156",371990,2025-05-22 12:05:25,42.482250213623,-8.92597389221191,"Female"
"9004156",371990,2025-05-22 12:10:15,42.4848937988281,-8.92494010925293,"Female"
"9004156",371990,2025-05-22 12:15:25,42.4848899841309,-8.92477321624756,"Female"
"9004156",371990,2025-05-22 12:20:13,42.4847030639648,-8.92467498779297,"Female"
"9004156",371990,2025-05-22 12:25:16,42.4849128723145,-8.92488574981689,"Female"
"9004156",371990,2025-05-22 12:30:44,42.4853668212891,-8.92502880096436,"Female"
"9004156",371990,2025-05-22 12:37:01,42.4852828979492,-8.9246072769165,"Female"
"9004156",371990,2025-05-22 12:41:52,42.485538482666,-8.92429828643799,"Female"
"9004156",371990,2025-05-22 12:47:00,42.4854965209961,-8.92399978637695,"Female"
"9004156",371990,2025-05-22 12:51:54,42.4855918884277,-8.92379760742188,"Female"
"9004156",371990,2025-05-22 12:56:51,42.4857788085938,-8.92381000518799,"Female"
"9004156",371990,2025-05-22 13:01:53,42.4857902526855,-8.92391395568848,"Female"
"9004156",371990,2025-05-22 13:07:02,42.4855842590332,-8.92362403869629,"Female"
"9004156",371990,2025-05-22 13:12:15,42.4856414794922,-8.92367076873779,"Female"
"9004156",371990,2025-05-22 13:16:51,42.4856033325195,-8.92374038696289,"Female"
"9004156",371990,2025-05-22 13:21:51,42.4856605529785,-8.92370128631592,"Female"
"9004156",371990,2025-05-22 13:27:00,42.4850120544434,-8.9241418838501,"Female"
"9004156",371990,2025-05-22 13:32:14,42.484619140625,-8.92407894134521,"Female"
"9004156",371990,2025-05-22 13:37:12,42.4844169616699,-8.92438793182373,"Female"
"9004156",371990,2025-05-22 13:42:25,42.4849052429199,-8.92354774475098,"Female"
"9004156",371990,2025-05-22 13:49:03,42.4841995239258,-8.92271423339844,"Female"
"9004156",371990,2025-05-22 13:54:01,42.4850196838379,-8.92204475402832,"Female"
"9004156",371990,2025-05-22 13:59:03,42.4850959777832,-8.92216205596924,"Female"
"9004156",371990,2025-05-22 14:04:04,42.4850769042969,-8.92207431793213,"Female"
"9004156",371990,2025-05-22 14:09:02,42.4850845336914,-8.92215347290039,"Female"
"9004156",371990,2025-05-22 14:14:02,42.4850807189941,-8.92209720611572,"Female"
"9004156",371990,2025-05-22 14:19:02,42.485050201416,-8.92213439941406,"Female"
"9004156",371990,2025-05-22 14:24:02,42.4850463867188,-8.92148780822754,"Female"
"9004156",371990,2025-05-22 14:29:02,42.4848022460938,-8.92074871063232,"Female"
"9004156",371990,2025-05-22 14:34:52,42.4845237731934,-8.92145347595215,"Female"
"9004156",371990,2025-05-22 14:40:46,42.4846343994141,-8.92265033721924,"Female"
"9004156",371990,2025-05-22 14:45:47,42.4845695495605,-8.92266750335693,"Female"
"9004156",371990,2025-05-22 14:51:05,42.4850120544434,-8.92301845550537,"Female"
"9004156",371990,2025-05-22 14:56:40,42.4847793579102,-8.92411613464355,"Female"
"9004156",371990,2025-05-22 15:01:40,42.4850540161133,-8.92473411560059,"Female"
"9004156",371990,2025-05-22 15:06:40,42.4850234985352,-8.92476463317871,"Female"
"9004156",371990,2025-05-22 15:11:40,42.4849128723145,-8.92472171783447,"Female"
"9004156",371990,2025-05-22 15:17:55,42.4849090576172,-8.92484855651855,"Female"
"9004156",371990,2025-05-22 15:22:55,42.4852104187012,-8.92488098144531,"Female"
"9004156",371990,2025-05-22 15:28:35,42.4858207702637,-8.92557048797607,"Female"
"9004156",371990,2025-05-22 15:34:15,42.4854927062988,-8.92636966705322,"Female"
"9004156",371990,2025-05-22 15:39:13,42.4852676391602,-8.92701148986816,"Female"
"9004156",371990,2025-05-22 15:44:16,42.484561920166,-8.92703151702881,"Female"
"9004156",371990,2025-05-22 15:49:14,42.4846878051758,-8.92709827423096,"Female"
"9004156",371990,2025-05-22 15:54:14,42.4845275878906,-8.9271125793457,"Female"
"9004156",371990,2025-05-22 15:59:14,42.4846382141113,-8.92713069915771,"Female"
"9004156",371990,2025-05-22 16:04:14,42.4846839904785,-8.92712020874023,"Female"
"9004156",371990,2025-05-22 16:09:33,42.4849243164062,-8.92758655548096,"Female"
"9004156",371990,2025-05-22 16:14:45,42.4847450256348,-8.92825889587402,"Female"
"9004156",371990,2025-05-22 16:19:46,42.4846153259277,-8.92919826507568,"Female"
"9004156",371990,2025-05-22 16:24:45,42.4842338562012,-8.93028450012207,"Female"
"9004156",371990,2025-05-22 16:29:45,42.4578323364258,-8.94433307647705,"Female"
"9004156",371990,2025-05-22 16:34:45,42.4093208312988,-8.92899322509766,"Female"
"9004156",371990,2025-05-22 16:39:53,42.3985176086426,-8.92083740234375,"Female"
"9004156",371990,2025-05-22 16:45:44,42.3985176086426,-8.92083549499512,"Female"
"9004156",371990,2025-05-22 16:49:54,42.3985481262207,-8.92092037200928,"Female"
"9004156",371990,2025-05-22 16:54:54,42.3985252380371,-8.92069721221924,"Female"
"9004156",371990,2025-05-22 16:59:54,42.3985939025879,-8.92098522186279,"Female"
"9004156",371990,2025-05-22 17:04:54,42.3985404968262,-8.92089462280273,"Female"
"9004156",371990,2025-05-22 17:09:51,42.3986320495605,-8.9208459854126,"Female"
"9004156",371990,2025-05-22 17:15:03,42.3985290527344,-8.9208869934082,"Female"
"9004156",371990,2025-05-22 17:19:45,42.3985366821289,-8.92088603973389,"Female"
"9004156",371990,2025-05-22 17:24:47,42.3985328674316,-8.92104339599609,"Female"
"9004156",371990,2025-05-22 17:30:05,42.3985633850098,-8.92082023620605,"Female"
"9004156",371990,2025-05-22 17:34:47,42.3985710144043,-8.9210376739502,"Female"
"9004156",371990,2025-05-22 17:39:51,42.398567199707,-8.9207010269165,"Female"
"9004156",371990,2025-05-22 17:44:48,42.398380279541,-8.92075824737549,"Female"
"9004156",371990,2025-05-22 17:49:54,42.3985977172852,-8.92076683044434,"Female"
"9004156",371990,2025-05-22 17:54:54,42.3985939025879,-8.92076969146729,"Female"
"9004156",371990,2025-05-22 17:59:52,42.3985557556152,-8.92074871063232,"Female"
"9004156",371990,2025-05-22 18:04:49,42.3984375,-8.92073726654053,"Female"
"9004156",371990,2025-05-22 18:09:55,42.3986320495605,-8.92091941833496,"Female"
"9004156",371990,2025-05-22 18:14:47,42.3985023498535,-8.92096614837646,"Female"
"9004156",371990,2025-05-22 18:19:48,42.3982200622559,-8.92047882080078,"Female"
"9004156",371990,2025-05-22 18:25:14,42.3985900878906,-8.92094421386719,"Female"
"9004156",371990,2025-05-22 18:30:03,42.3985328674316,-8.92082500457764,"Female"
"9004156",371990,2025-05-22 18:34:46,42.3984870910645,-8.92070770263672,"Female"
"9004156",371990,2025-05-22 18:39:54,42.398567199707,-8.92090606689453,"Female"
"9004156",371990,2025-05-22 18:44:54,42.3985557556152,-8.92099285125732,"Female"
"9004156",371990,2025-05-22 18:49:52,42.398868560791,-8.9212589263916,"Female"
"9004156",371990,2025-05-22 18:54:54,42.398494720459,-8.92074775695801,"Female"
"9004156",371990,2025-05-22 18:59:48,42.3980178833008,-8.91996288299561,"Female"
"9004156",371990,2025-05-22 19:04:54,42.3986053466797,-8.92086124420166,"Female"
"9004156",371990,2025-05-22 19:09:48,42.3986167907715,-8.9205265045166,"Female"
"9004156",371990,2025-05-22 19:14:47,42.3983917236328,-8.92058563232422,"Female"
"9004156",371990,2025-05-22 19:19:52,42.3985443115234,-8.92082023620605,"Female"
"9004156",371990,2025-05-22 19:24:48,42.3985290527344,-8.92080497741699,"Female"
"9004156",371990,2025-05-22 19:29:47,42.3986167907715,-8.92101192474365,"Female"
"9004156",371990,2025-05-22 19:34:54,42.3984603881836,-8.92066478729248,"Female"
"9004156",371990,2025-05-22 19:39:47,42.3984680175781,-8.92081832885742,"Female"
"9004156",371990,2025-05-22 19:44:46,42.3985137939453,-8.92089176177979,"Female"
"9004156",371990,2025-05-22 19:50:14,42.3985748291016,-8.92087841033936,"Female"
"9004156",371990,2025-05-22 19:54:48,42.3988761901855,-8.92173767089844,"Female"
"9004156",371990,2025-05-22 19:59:47,42.3985710144043,-8.92090129852295,"Female"
"9004156",371990,2025-05-22 20:04:45,42.3984718322754,-8.92083930969238,"Female"
"9004156",371990,2025-05-22 20:09:45,42.3984565734863,-8.92093944549561,"Female"
"9004156",371990,2025-05-22 20:14:45,42.3984642028809,-8.92100811004639,"Female"
"9004156",371990,2025-05-22 20:19:45,42.3984680175781,-8.92112636566162,"Female"
"9004156",371990,2025-05-22 20:24:45,42.398494720459,-8.92118263244629,"Female"
"9004156",371990,2025-05-22 20:29:45,42.3984756469727,-8.92109107971191,"Female"
"9004156",371990,2025-05-22 20:34:45,42.3984069824219,-8.92097187042236,"Female"
"9004156",371990,2025-05-22 20:39:45,42.3984642028809,-8.92096900939941,"Female"
"9004156",371990,2025-05-22 20:44:45,42.3985137939453,-8.92105293273926,"Female"
"9004156",371990,2025-05-22 20:49:45,42.3985557556152,-8.92064952850342,"Female"
"9004156",371990,2025-05-22 20:54:46,42.3985328674316,-8.92101573944092,"Female"
"9004156",371990,2025-05-22 20:59:47,42.3985710144043,-8.92121887207031,"Female"
"9004156",371990,2025-05-22 21:04:45,42.3985252380371,-8.92100048065186,"Female"
"9004156",371990,2025-05-22 21:09:45,42.3984718322754,-8.92096042633057,"Female"
"9004156",371990,2025-05-22 21:14:49,42.3985443115234,-8.92104339599609,"Female"
"9004156",371990,2025-05-22 21:19:47,42.398193359375,-8.92076206207275,"Female"
"9004156",371990,2025-05-22 21:24:49,42.3985061645508,-8.9213342666626,"Female"
"9004156",371990,2025-05-22 21:29:46,42.3986930847168,-8.92107677459717,"Female"
"9004156",371990,2025-05-22 21:34:53,42.3984565734863,-8.92058849334717,"Female"
"9004156",371990,2025-05-22 21:39:46,42.3986778259277,-8.92057514190674,"Female"
"9004156",371990,2025-05-22 21:44:54,42.3984909057617,-8.92063808441162,"Female"
"9004156",371990,2025-05-22 21:49:47,42.3989105224609,-8.92116737365723,"Female"
"9004156",371990,2025-05-22 21:54:54,42.3983879089355,-8.92056083679199,"Female"
"9004156",371990,2025-05-22 21:59:51,42.3984298706055,-8.9206428527832,"Female"
"9004156",371990,2025-05-22 22:04:48,42.3986358642578,-8.92065238952637,"Female"
"9004156",371990,2025-05-22 22:09:48,42.398754119873,-8.92082500457764,"Female"
"9004156",371990,2025-05-22 22:14:47,42.3987693786621,-8.92084693908691,"Female"
"9004156",371990,2025-05-22 22:19:59,42.3983993530273,-8.92022800445557,"Female"
"9004156",371990,2025-05-22 22:24:48,42.3987007141113,-8.92082786560059,"Female"
"9004156",371990,2025-05-22 22:29:46,42.3987846374512,-8.92072105407715,"Female"
"9004156",371990,2025-05-22 22:34:46,42.3984680175781,-8.92096424102783,"Female"
"9004156",371990,2025-05-22 22:39:55,42.3982391357422,-8.92137718200684,"Female"
"9004156",371990,2025-05-22 22:44:51,42.3987312316895,-8.92074298858643,"Female"
"9004156",371990,2025-05-22 22:49:47,42.3986778259277,-8.92081069946289,"Female"
"9004156",371990,2025-05-22 22:54:46,42.3985633850098,-8.92098999023438,"Female"
"9004156",371990,2025-05-22 22:59:52,42.3989868164062,-8.92074012756348,"Female"
"9004156",371990,2025-05-22 23:04:51,42.3990440368652,-8.92134952545166,"Female"
"9004156",371990,2025-05-22 23:09:49,42.398998260498,-8.92078685760498,"Female"
"9004156",371990,2025-05-22 23:14:49,42.3990707397461,-8.92061042785645,"Female"
"9004156",371990,2025-05-22 23:19:50,42.3990173339844,-8.92087173461914,"Female"
"9004156",371990,2025-05-22 23:24:48,42.3986434936523,-8.92101860046387,"Female"
"9004156",371990,2025-05-22 23:29:49,42.3996429443359,-8.92034530639648,"Female"
"9004156",371990,2025-05-22 23:34:52,42.399097442627,-8.92072486877441,"Female"
"9004156",371990,2025-05-22 23:39:47,42.3985481262207,-8.92134189605713,"Female"
"9004156",371990,2025-05-22 23:44:51,42.3985748291016,-8.9210901260376,"Female"
"9004156",371990,2025-05-22 23:49:49,42.3988037109375,-8.92116737365723,"Female"
"9004156",371990,2025-05-22 23:54:48,42.3983192443848,-8.92137908935547,"Female"
"9004156",371990,2025-05-22 23:59:47,42.3986625671387,-8.92133522033691,"Female"
"9004156",371990,2025-05-23 00:04:46,42.3984718322754,-8.92118358612061,"Female"
"9004156",371990,2025-05-23 00:09:48,42.397891998291,-8.92103576660156,"Female"
"9004156",371990,2025-05-23 00:14:52,42.3988189697266,-8.92141532897949,"Female"
"9004156",371990,2025-05-23 00:19:45,42.3985862731934,-8.92133140563965,"Female"
"9004156",371990,2025-05-23 00:24:45,42.3987007141113,-8.92129421234131,"Female"
"9004156",371990,2025-05-23 00:29:53,42.3987007141113,-8.92132949829102,"Female"
"9004156",371990,2025-05-23 00:34:46,42.3986701965332,-8.92131042480469,"Female"
"9004156",371990,2025-05-23 00:39:45,42.3985023498535,-8.92064189910889,"Female"
"9004156",371990,2025-05-23 00:44:46,42.3985290527344,-8.92078495025635,"Female"
"9004156",371990,2025-05-23 00:49:45,42.3984527587891,-8.92072105407715,"Female"
"9004156",371990,2025-05-23 00:54:45,42.3986129760742,-8.92084980010986,"Female"
"9004156",371990,2025-05-23 00:59:46,42.3986587524414,-8.92084312438965,"Female"
"9004156",371990,2025-05-23 01:04:45,42.3985481262207,-8.9207878112793,"Female"
"9004156",371990,2025-05-23 01:09:46,42.3986053466797,-8.92075157165527,"Female"
"9004156",371990,2025-05-23 01:14:46,42.3984680175781,-8.92064476013184,"Female"
"9004156",371990,2025-05-23 01:19:45,42.3984413146973,-8.92065715789795,"Female"
"9004156",371990,2025-05-23 01:24:46,42.3983955383301,-8.92062377929688,"Female"
"9004156",371990,2025-05-23 01:29:46,42.3984375,-8.92051982879639,"Female"
"9004156",371990,2025-05-23 01:34:46,42.3983688354492,-8.92053890228271,"Female"
"9004156",371990,2025-05-23 01:39:46,42.3985710144043,-8.92072105407715,"Female"
"9004156",371990,2025-05-23 01:44:46,42.3981819152832,-8.92014789581299,"Female"
"9004156",371990,2025-05-23 01:49:45,42.3980331420898,-8.91999053955078,"Female"
"9004156",371990,2025-05-23 01:54:46,42.39794921875,-8.91974925994873,"Female"
"9004156",371990,2025-05-23 01:59:46,42.3978271484375,-8.91958999633789,"Female"
"9004156",371990,2025-05-23 02:04:48,42.3979148864746,-8.91972637176514,"Female"
"9004156",371990,2025-05-23 02:09:54,42.3986129760742,-8.9210901260376,"Female"
"9004156",371990,2025-05-23 02:14:48,42.398323059082,-8.92048740386963,"Female"
"9004156",371990,2025-05-23 02:20:05,42.3984870910645,-8.92102909088135,"Female"
"9004156",371990,2025-05-23 02:24:48,42.3982086181641,-8.9205150604248,"Female"
"9004156",371990,2025-05-23 02:29:46,42.3986511230469,-8.92143154144287,"Female"
"9004156",371990,2025-05-23 02:34:53,42.3984336853027,-8.92091751098633,"Female"
"9004156",371990,2025-05-23 02:39:53,42.3984375,-8.92087173461914,"Female"
"9004156",371990,2025-05-23 02:44:52,42.3984756469727,-8.92086791992188,"Female"
"9004156",371990,2025-05-23 02:49:48,42.3985061645508,-8.9211368560791,"Female"
"9004156",371990,2025-05-23 02:54:47,42.3985137939453,-8.9210262298584,"Female"
"9004156",371990,2025-05-23 02:59:47,42.398551940918,-8.92116260528564,"Female"
"9004156",371990,2025-05-23 03:04:46,42.3984909057617,-8.92097949981689,"Female"
"9004156",371990,2025-05-23 03:09:48,42.3984985351562,-8.92095851898193,"Female"
"9004156",371990,2025-05-23 03:14:48,42.3984451293945,-8.92089366912842,"Female"
"9004156",371990,2025-05-23 03:19:49,42.3984985351562,-8.92118263244629,"Female"
"9004156",371990,2025-05-23 03:24:51,42.3984375,-8.92094612121582,"Female"
"9004156",371990,2025-05-23 03:29:54,42.3986206054688,-8.92062759399414,"Female"
"9004156",371990,2025-05-23 03:34:49,42.3985252380371,-8.92067050933838,"Female"
"9004156",371990,2025-05-23 03:39:51,42.3986015319824,-8.92072296142578,"Female"
"9004156",371990,2025-05-23 03:44:49,42.3985824584961,-8.92076969146729,"Female"
"9004156",371990,2025-05-23 03:49:48,42.3986206054688,-8.92076301574707,"Female"
"9004156",371990,2025-05-23 03:54:48,42.3984794616699,-8.9208288192749,"Female"
"9004156",371990,2025-05-23 03:59:52,42.3985366821289,-8.92071914672852,"Female"
"9004156",371990,2025-05-23 04:04:49,42.3985900878906,-8.92093658447266,"Female"
"9004156",371990,2025-05-23 04:10:00,42.3985252380371,-8.92083168029785,"Female"
"9004156",371990,2025-05-23 04:14:54,42.3985862731934,-8.92073440551758,"Female"
"9004156",371990,2025-05-23 04:19:54,42.3984794616699,-8.92085456848145,"Female"
"9004156",371990,2025-05-23 04:24:51,42.3986053466797,-8.92078399658203,"Female"
"9004156",371990,2025-05-23 04:29:46,42.3984603881836,-8.92092895507812,"Female"
"9004156",371990,2025-05-23 04:34:45,42.3985137939453,-8.92095184326172,"Female"
"9004156",371990,2025-05-23 04:39:47,42.3984832763672,-8.92073822021484,"Female"
"9004156",371990,2025-05-23 04:44:47,42.3984603881836,-8.92087936401367,"Female"
"9004156",371990,2025-05-23 04:49:45,42.3984146118164,-8.9207763671875,"Female"
"9004156",371990,2025-05-23 04:54:49,42.4080772399902,-8.9221363067627,"Female"
"9004156",371990,2025-05-23 05:01:08,42.407901763916,-8.92242336273193,"Female"
"9004156",371990,2025-05-23 05:05:04,42.4259185791016,-8.92755603790283,"Female"
"9004156",371990,2025-05-23 05:09:44,42.4490585327148,-8.93585968017578,"Female"
"9004156",371990,2025-05-23 05:14:47,42.4582176208496,-8.93978500366211,"Female"
"9004156",371990,2025-05-23 05:19:45,42.4826965332031,-8.93148994445801,"Female"
"9004156",371990,2025-05-23 05:24:51,42.481746673584,-8.93139362335205,"Female"
"9004156",371990,2025-05-23 05:30:17,42.4817199707031,-8.93114185333252,"Female"
"9004156",371990,2025-05-23 05:35:37,42.4817199707031,-8.92844295501709,"Female"
"9004156",371990,2025-05-23 05:40:37,42.4818115234375,-8.92708969116211,"Female"
"9004156",371990,2025-05-23 05:45:37,42.4825897216797,-8.9258975982666,"Female"
"9004156",371990,2025-05-23 05:50:55,42.4837417602539,-8.92631053924561,"Female"
"9004156",371990,2025-05-23 05:55:48,42.4836959838867,-8.92641830444336,"Female"
"9004156",371990,2025-05-23 06:00:46,42.483715057373,-8.92632484436035,"Female"
"9004156",371990,2025-05-23 06:05:46,42.4836730957031,-8.92624950408936,"Female"
"9004156",371990,2025-05-23 06:10:46,42.4834823608398,-8.92617321014404,"Female"
"9004156",371990,2025-05-23 06:15:46,42.4833831787109,-8.92613124847412,"Female"
"9004156",371990,2025-05-23 06:20:46,42.4833679199219,-8.92606449127197,"Female"
"9004156",371990,2025-05-23 06:25:47,42.4833221435547,-8.92621040344238,"Female"
"9004156",371990,2025-05-23 06:31:58,42.4826545715332,-8.92743015289307,"Female"
"9004156",371990,2025-05-23 06:38:06,42.4830856323242,-8.92789936065674,"Female"
"9004156",371990,2025-05-23 06:43:06,42.4841766357422,-8.92764472961426,"Female"
"9004156",371990,2025-05-23 06:48:53,42.4855041503906,-8.92829036712646,"Female"
"9004156",371990,2025-05-23 06:53:54,42.4854507446289,-8.92947673797607,"Female"
"9004156",371990,2025-05-23 06:58:52,42.4849319458008,-8.93087100982666,"Female"
"9004156",371990,2025-05-23 07:04:01,42.4847297668457,-8.93074893951416,"Female"
"9004156",371990,2025-05-23 07:09:01,42.4848937988281,-8.93127822875977,"Female"
"9004156",371990,2025-05-23 07:14:00,42.4847946166992,-8.93060970306396,"Female"
"9004156",371990,2025-05-23 07:19:00,42.484935760498,-8.93075370788574,"Female"
"9004156",371990,2025-05-23 07:25:30,42.4864540100098,-8.92967796325684,"Female"
"9004156",371990,2025-05-23 07:30:27,42.4859352111816,-8.92893028259277,"Female"
"9004156",371990,2025-05-23 07:36:12,42.4853286743164,-8.92758083343506,"Female"
"9004156",371990,2025-05-23 07:44:00,42.4850234985352,-8.92757987976074,"Female"
"9004156",371990,2025-05-23 07:49:08,42.4847526550293,-8.92727279663086,"Female"
"9004156",371990,2025-05-23 07:54:00,42.4846267700195,-8.92709922790527,"Female"
"9004156",371990,2025-05-23 07:58:59,42.4846115112305,-8.9271411895752,"Female"
"9004156",371990,2025-05-23 08:03:59,42.4590034484863,-8.94314861297607,"Female"
"9004156",371990,2025-05-23 08:09:00,42.4122619628906,-8.92508506774902,"Female"
"9004156",371990,2025-05-23 08:14:09,42.3987693786621,-8.92130565643311,"Female"
"9004156",371990,2025-05-23 08:19:09,42.3986206054688,-8.92108821868896,"Female"
"9004156",371990,2025-05-23 08:24:09,42.3986549377441,-8.92123794555664,"Female"
"9004156",371990,2025-05-23 08:29:16,42.3976783752441,-8.92059898376465,"Female"
"9004156",371990,2025-05-23 08:34:06,42.3987007141113,-8.92099571228027,"Female"
"9004156",371990,2025-05-23 08:39:09,42.3988342285156,-8.92089748382568,"Female"
"9004156",371990,2025-05-23 08:44:09,42.3989181518555,-8.92091751098633,"Female"
"9004156",371990,2025-05-23 08:49:15,42.3986320495605,-8.92085838317871,"Female"
"9004156",371990,2025-05-23 08:54:04,42.3990859985352,-8.92077159881592,"Female"
"9004156",371990,2025-05-23 08:59:15,42.399040222168,-8.92076969146729,"Female"
"9004156",371990,2025-05-23 09:04:13,42.3990211486816,-8.92075061798096,"Female"
"9004156",371990,2025-05-23 09:09:04,42.3985900878906,-8.92084693908691,"Female"
"9004156",371990,2025-05-23 09:14:06,42.3989143371582,-8.92067050933838,"Female"
"9004156",371990,2025-05-23 09:19:05,42.3988800048828,-8.92067813873291,"Female"
"9004156",371990,2025-05-23 09:24:09,42.3985176086426,-8.92080783843994,"Female"
"9004156",371990,2025-05-23 09:29:02,42.3987693786621,-8.92080593109131,"Female"
"9004156",371990,2025-05-23 09:34:13,42.3988838195801,-8.92069149017334,"Female"
"9004156",371990,2025-05-23 09:39:02,42.3989067077637,-8.92064380645752,"Female"
"9004156",371990,2025-05-23 09:44:16,42.398998260498,-8.92045783996582,"Female"
"9004156",371990,2025-05-23 09:49:29,42.3987197875977,-8.92080783843994,"Female"
"9004156",371990,2025-05-23 09:54:04,42.398681640625,-8.92098522186279,"Female"
"9004156",371990,2025-05-23 09:59:05,42.3987846374512,-8.92089939117432,"Female"
"9004156",371990,2025-05-23 10:04:07,42.3987808227539,-8.92103862762451,"Female"
"9004156",371990,2025-05-23 10:09:07,42.3987808227539,-8.92095565795898,"Female"
"9004156",371990,2025-05-23 10:14:00,42.3987731933594,-8.92095470428467,"Female"
"9004156",371990,2025-05-23 10:18:59,42.4113464355469,-8.92219066619873,"Female"
"9004156",371990,2025-05-23 10:23:59,42.42236328125,-8.92381000518799,"Female"
"9004156",371990,2025-05-23 10:28:59,42.4502296447754,-8.93294048309326,"Female"
"9004156",371990,2025-05-23 10:33:59,42.4523620605469,-8.93411731719971,"Female"
"9004156",371990,2025-05-23 10:38:59,42.4525299072266,-8.93431282043457,"Female"
"9004156",371990,2025-05-23 10:43:59,42.4617614746094,-8.94136905670166,"Female"
"9004156",371990,2025-05-23 10:48:59,42.482551574707,-8.93123245239258,"Female"
"9004156",371990,2025-05-23 10:54:00,42.4827613830566,-8.93122577667236,"Female"
"9004156",371990,2025-05-23 10:59:00,42.4854774475098,-8.92675685882568,"Female"
"9004156",371990,2025-05-23 11:04:53,42.485912322998,-8.92568492889404,"Female"
"9004156",371990,2025-05-23 11:10:36,42.4865608215332,-8.92510223388672,"Female"
"9004156",371990,2025-05-23 11:15:37,42.4870491027832,-8.92550277709961,"Female"
"9004156",371990,2025-05-23 11:20:36,42.4871520996094,-8.9252986907959,"Female"
"9004156",371990,2025-05-23 11:25:37,42.4874000549316,-8.92519187927246,"Female"
"9004156",371990,2025-05-23 11:30:36,42.4874153137207,-8.92511558532715,"Female"
"9004156",371990,2025-05-23 11:35:36,42.4870185852051,-8.92540740966797,"Female"
"9004156",371990,2025-05-23 11:44:21,42.4874382019043,-8.92511940002441,"Female"
"9004156",371990,2025-05-23 11:49:22,42.4871292114258,-8.9247875213623,"Female"
"9004156",371990,2025-05-23 11:55:36,42.4868049621582,-8.92406845092773,"Female"
"9004156",371990,2025-05-23 12:01:38,42.4861450195312,-8.92326164245605,"Female"
"9004156",371990,2025-05-23 12:06:37,42.4868774414062,-8.92325115203857,"Female"
"9004156",371990,2025-05-23 12:11:37,42.4869384765625,-8.92334079742432,"Female"
"9004156",371990,2025-05-23 12:16:37,42.4867973327637,-8.92342472076416,"Female"
"9004156",371990,2025-05-23 12:21:37,42.4869728088379,-8.92333030700684,"Female"
"9004156",371990,2025-05-23 12:26:37,42.4869689941406,-8.92330551147461,"Female"
"9004156",371990,2025-05-23 12:31:37,42.4870300292969,-8.92327976226807,"Female"
"9004156",371990,2025-05-23 12:36:38,42.4870376586914,-8.92333698272705,"Female"
"9004156",371990,2025-05-23 12:41:49,42.486515045166,-8.92330265045166,"Female"
"9004156",371990,2025-05-23 12:48:06,42.4861221313477,-8.92240142822266,"Female"
"9004156",371990,2025-05-23 12:53:04,42.4854393005371,-8.92275142669678,"Female"
"9004156",371990,2025-05-23 12:58:35,42.4850959777832,-8.92380809783936,"Female"
"9004156",371990,2025-05-23 13:03:04,42.485424041748,-8.92426586151123,"Female"
"9004156",371990,2025-05-23 13:08:04,42.485523223877,-8.92471027374268,"Female"
"9004156",371990,2025-05-23 13:13:04,42.4850921630859,-8.92446899414062,"Female"
"9004156",371990,2025-05-23 13:18:06,42.4850959777832,-8.9245491027832,"Female"
"9004156",371990,2025-05-23 13:23:04,42.4851150512695,-8.92437934875488,"Female"
"9004156",371990,2025-05-23 13:28:06,42.4851684570312,-8.9245719909668,"Female"
"9004156",371990,2025-05-23 13:33:03,42.485107421875,-8.92448329925537,"Female"
"9004156",371990,2025-05-23 13:38:03,42.4851379394531,-8.9243278503418,"Female"
"9004156",371990,2025-05-23 13:43:04,42.4850425720215,-8.92384052276611,"Female"
"9004156",371990,2025-05-23 13:48:06,42.4847450256348,-8.92329788208008,"Female"
"9004156",371990,2025-05-23 13:54:07,42.4848289489746,-8.92269897460938,"Female"
"9004156",371990,2025-05-23 13:59:13,42.4841423034668,-8.92226696014404,"Female"
"9004156",371990,2025-05-23 14:04:13,42.4837837219238,-8.92159080505371,"Female"
"9004156",371990,2025-05-23 14:09:13,42.4842910766602,-8.92232036590576,"Female"
"9004156",371990,2025-05-23 14:14:13,42.4843444824219,-8.92218971252441,"Female"
"9004156",371990,2025-05-23 14:19:13,42.4751968383789,-8.94108200073242,"Female"
"9004156",371990,2025-05-23 14:24:13,42.4317665100098,-8.9375171661377,"Female"
"9004156",371990,2025-05-23 14:29:13,42.4300231933594,-8.93705177307129,"Female"
"9004156",371990,2025-05-23 14:34:14,42.4281272888184,-8.93678855895996,"Female"
"9004156",371990,2025-05-23 14:39:17,42.3986358642578,-8.92093849182129,"Female"
"9004156",371990,2025-05-23 14:44:19,42.3987770080566,-8.92084121704102,"Female"
"9004156",371990,2025-05-23 14:49:25,42.3988647460938,-8.92071914672852,"Female"
"9004156",371990,2025-05-23 14:54:35,42.3986892700195,-8.92072486877441,"Female"
"9004156",371990,2025-05-23 14:59:13,42.3985443115234,-8.92080211639404,"Female"
"9004156",371990,2025-05-23 15:04:16,42.3986015319824,-8.92077159881592,"Female"
"9004156",371990,2025-05-23 15:09:16,42.398494720459,-8.9205322265625,"Female"
"9004156",371990,2025-05-23 15:14:36,42.3984680175781,-8.92066955566406,"Female"
"9004156",371990,2025-05-23 15:19:17,42.3985862731934,-8.92055702209473,"Female"
"9004156",371990,2025-05-23 15:24:14,42.3985900878906,-8.92041683197021,"Female"
"9004156",371990,2025-05-23 15:29:25,42.3986663818359,-8.92060279846191,"Female"
"9004156",371990,2025-05-23 15:34:16,42.3986701965332,-8.92008209228516,"Female"
"9004156",371990,2025-05-23 15:39:15,42.3985977172852,-8.92059230804443,"Female"
"9004156",371990,2025-05-23 15:44:19,42.3986358642578,-8.92069816589355,"Female"
"9004156",371990,2025-05-23 15:49:16,42.3986167907715,-8.92097568511963,"Female"
"9004156",371990,2025-05-23 15:54:16,42.3986625671387,-8.92085266113281,"Female"
"9004156",371990,2025-05-23 15:59:18,42.3985900878906,-8.92024326324463,"Female"
"9004156",371990,2025-05-23 16:04:18,42.3985710144043,-8.92066097259521,"Female"
"9004156",371990,2025-05-23 16:09:18,42.3986358642578,-8.91908359527588,"Female"
"9004156",371990,2025-05-23 16:14:23,42.3984680175781,-8.92024707794189,"Female"
"9004156",371990,2025-05-23 16:19:15,42.3984489440918,-8.9210786819458,"Female"
"9004156",371990,2025-05-23 16:24:17,42.3985061645508,-8.92090511322021,"Female"
"9004156",371990,2025-05-23 16:29:18,42.3985481262207,-8.9207010269165,"Female"
"9004156",371990,2025-05-23 16:34:31,42.398796081543,-8.9206428527832,"Female"
"9004156",371990,2025-05-23 16:39:15,42.3985595703125,-8.92095184326172,"Female"
"9004156",371990,2025-05-23 16:44:17,42.3986015319824,-8.92142295837402,"Female"
"9004156",371990,2025-05-23 16:49:21,42.3987846374512,-8.92090320587158,"Female"
"9004156",371990,2025-05-23 16:54:17,42.3985595703125,-8.92153167724609,"Female"
"9004156",371990,2025-05-23 16:59:19,42.3987693786621,-8.92092418670654,"Female"
"9004156",371990,2025-05-23 17:04:18,42.3986206054688,-8.92153072357178,"Female"
"9004156",371990,2025-05-23 17:09:24,42.398796081543,-8.92101955413818,"Female"
"9004156",371990,2025-05-23 17:14:29,42.398998260498,-8.92091464996338,"Female"
"9004156",371990,2025-05-23 17:19:29,42.3988647460938,-8.92089653015137,"Female"
"9004156",371990,2025-05-23 17:24:17,42.3986358642578,-8.92144298553467,"Female"
"9004156",371990,2025-05-23 17:29:24,42.3985939025879,-8.92102527618408,"Female"
"9004156",371990,2025-05-23 17:34:14,42.398021697998,-8.92084407806396,"Female"
"9004156",371990,2025-05-23 17:39:12,42.3977928161621,-8.9212646484375,"Female"
"9004156",371990,2025-05-23 17:44:13,42.3977851867676,-8.9210729598999,"Female"
"9004156",371990,2025-05-23 17:49:18,42.3979225158691,-8.92086029052734,"Female"
"9004156",371990,2025-05-23 17:54:14,42.3976898193359,-8.92071628570557,"Female"
"9004156",371990,2025-05-23 17:59:15,42.3974494934082,-8.92086887359619,"Female"
"9004156",371990,2025-05-23 18:04:12,42.3976440429688,-8.92076778411865,"Female"
"9004156",371990,2025-05-23 18:09:13,42.3975677490234,-8.92073726654053,"Female"
"9004156",371990,2025-05-23 18:14:12,42.3978004455566,-8.9207067489624,"Female"
"9004156",371990,2025-05-23 18:19:14,42.3976402282715,-8.92061805725098,"Female"
"9004156",371990,2025-05-23 18:24:16,42.3980293273926,-8.92082977294922,"Female"
"9004156",371990,2025-05-23 18:29:42,42.3979110717773,-8.9205961227417,"Female"
"9004156",371990,2025-05-23 18:34:12,42.3979072570801,-8.92059803009033,"Female"
"9004156",371990,2025-05-23 18:39:13,42.3978157043457,-8.92051315307617,"Female"
"9004156",371990,2025-05-23 18:44:12,42.3978233337402,-8.92061138153076,"Female"
"9004156",371990,2025-05-23 18:49:44,42.3978157043457,-8.92047786712646,"Female"
"9004156",371990,2025-05-23 18:54:14,42.3980293273926,-8.92075347900391,"Female"
"9004156",371990,2025-05-23 18:59:12,42.3979072570801,-8.92058277130127,"Female"
"9004156",371990,2025-05-23 19:04:11,42.3980293273926,-8.92080402374268,"Female"
"9004156",371990,2025-05-23 19:09:12,42.3981628417969,-8.92096900939941,"Female"
"9004156",371990,2025-05-23 19:14:12,42.3979110717773,-8.92064380645752,"Female"
"9004156",371990,2025-05-23 19:19:12,42.3978004455566,-8.92035865783691,"Female"
"9004156",371990,2025-05-23 19:24:12,42.3978958129883,-8.92056846618652,"Female"
"9004156",371990,2025-05-23 19:29:13,42.3980407714844,-8.92090797424316,"Female"
"9004156",371990,2025-05-23 19:34:13,42.3980751037598,-8.92087936401367,"Female"
"9004156",371990,2025-05-23 19:39:12,42.3980178833008,-8.92086696624756,"Female"
"9004156",371990,2025-05-23 19:44:13,42.3979034423828,-8.92062282562256,"Female"
"9004156",371990,2025-05-23 19:49:31,42.3979034423828,-8.92056369781494,"Female"
"9004156",371990,2025-05-23 19:54:11,42.3978500366211,-8.92054557800293,"Female"
"9004156",371990,2025-05-23 19:59:15,42.3978538513184,-8.92065334320068,"Female"
"9004156",371990,2025-05-23 20:04:13,42.3978958129883,-8.92065143585205,"Female"
"9004156",371990,2025-05-23 20:09:14,42.3978500366211,-8.9207181930542,"Female"
"9004156",371990,2025-05-23 20:14:12,42.3979034423828,-8.92062091827393,"Female"
"9004156",371990,2025-05-23 20:19:11,42.3979377746582,-8.92065715789795,"Female"
"9004156",371990,2025-05-23 20:24:12,42.3978691101074,-8.92062187194824,"Female"
"9004156",371990,2025-05-23 20:29:13,42.3978309631348,-8.92054843902588,"Female"
"9004156",371990,2025-05-23 20:34:12,42.3978462219238,-8.9206371307373,"Female"
"9004156",371990,2025-05-23 20:39:17,42.3975372314453,-8.92010116577148,"Female"
"9004156",371990,2025-05-23 20:44:18,42.3978881835938,-8.92053127288818,"Female"
"9004156",371990,2025-05-23 20:49:26,42.3976516723633,-8.91984844207764,"Female"
"9004156",371990,2025-05-23 20:54:35,42.3977966308594,-8.9205846786499,"Female"
"9004156",371990,2025-05-23 20:59:14,42.3975410461426,-8.92026615142822,"Female"
"9004156",371990,2025-05-23 21:04:16,42.3973999023438,-8.92012882232666,"Female"
"9004156",371990,2025-05-23 21:09:14,42.3976936340332,-8.9206018447876,"Female"
"9004156",371990,2025-05-23 21:14:35,42.3978462219238,-8.92050552368164,"Female"
"9004156",371990,2025-05-23 21:19:16,42.3975791931152,-8.92040157318115,"Female"
"9004156",371990,2025-05-23 21:24:18,42.3978462219238,-8.92083358764648,"Female"
"9004156",371990,2025-05-23 21:29:11,42.3978729248047,-8.92044925689697,"Female"
"9004156",371990,2025-05-23 21:34:19,42.3978652954102,-8.92080497741699,"Female"
"9004156",371990,2025-05-23 21:39:17,42.3969383239746,-8.91898822784424,"Female"
"9004156",371990,2025-05-23 21:44:16,42.3975677490234,-8.92183876037598,"Female"
"9004156",371990,2025-05-23 21:49:19,42.3977203369141,-8.92208385467529,"Female"
"9004156",371990,2025-05-23 21:54:18,42.3976821899414,-8.92168712615967,"Female"
"9004156",371990,2025-05-23 21:59:17,42.3976860046387,-8.92162609100342,"Female"
"9004156",371990,2025-05-23 22:04:14,42.3980102539062,-8.92166519165039,"Female"
"9004156",371990,2025-05-23 22:09:16,42.3980598449707,-8.92192363739014,"Female"
"9004156",371990,2025-05-23 22:14:21,42.3975715637207,-8.92096614837646,"Female"
"9004156",371990,2025-05-23 22:19:24,42.3976287841797,-8.92117977142334,"Female"
"9004156",371990,2025-05-23 22:24:23,42.397705078125,-8.92118740081787,"Female"
"9004156",371990,2025-05-23 22:29:23,42.3977737426758,-8.92116355895996,"Female"
"9004156",371990,2025-05-23 22:34:28,42.3978157043457,-8.92118263244629,"Female"
"9004156",371990,2025-05-23 22:39:29,42.3979110717773,-8.92147350311279,"Female"
"9004156",371990,2025-05-23 22:44:16,42.3980293273926,-8.92150402069092,"Female"
"9004156",371990,2025-05-23 22:49:24,42.3979988098145,-8.92151069641113,"Female"
"9004156",371990,2025-05-23 22:54:44,42.3978271484375,-8.92059516906738,"Female"
"9004156",371990,2025-05-23 23:00:05,42.3978080749512,-8.92060947418213,"Female"
"9004156",371990,2025-05-23 23:04:14,42.397834777832,-8.9206371307373,"Female"
"9004156",371990,2025-05-23 23:09:12,42.3978309631348,-8.92063331604004,"Female"
"9004156",371990,2025-05-23 23:14:11,42.3978271484375,-8.92067813873291,"Female"
"9004156",371990,2025-05-23 23:19:12,42.397891998291,-8.92072677612305,"Female"
"9004156",371990,2025-05-23 23:24:11,42.3979568481445,-8.92075443267822,"Female"
"9004156",371990,2025-05-23 23:29:12,42.3979187011719,-8.92065048217773,"Female"
"9004156",371990,2025-05-23 23:34:16,42.3979454040527,-8.9207181930542,"Female"
"9004156",371990,2025-05-23 23:39:17,42.3979072570801,-8.92073917388916,"Female"
"9004156",371990,2025-05-23 23:44:14,42.3978080749512,-8.92045307159424,"Female"
"9004156",371990,2025-05-23 23:49:14,42.397876739502,-8.92062282562256,"Female"
"9004156",371990,2025-05-23 23:54:15,42.3976936340332,-8.92013168334961,"Female"
"9004156",371990,2025-05-23 23:59:15,42.3978614807129,-8.92059230804443,"Female"
"9004156",371990,2025-05-24 00:04:12,42.3978424072266,-8.92062282562256,"Female"
"9004156",371990,2025-05-24 00:09:12,42.3979148864746,-8.92080307006836,"Female"
"9004156",371990,2025-05-24 00:14:12,42.397876739502,-8.92068862915039,"Female"
"9004156",371990,2025-05-24 00:19:12,42.3978614807129,-8.92076873779297,"Female"
"9004156",371990,2025-05-24 00:24:17,42.3977928161621,-8.92054653167725,"Female"
"9004156",371990,2025-05-24 00:29:12,42.397819519043,-8.92068004608154,"Female"
"9004156",371990,2025-05-24 00:34:13,42.3978729248047,-8.92074966430664,"Female"
"9004156",371990,2025-05-24 00:39:14,42.397891998291,-8.92072200775146,"Female"
"9004156",371990,2025-05-24 00:44:13,42.3979225158691,-8.92074584960938,"Female"
"9004156",371990,2025-05-24 00:49:12,42.3978576660156,-8.92074394226074,"Female"
"9004156",371990,2025-05-24 00:54:13,42.3978118896484,-8.92067909240723,"Female"
"9004156",371990,2025-05-24 00:59:12,42.3978500366211,-8.9208288192749,"Female"
"9004156",371990,2025-05-24 01:04:12,42.3978652954102,-8.92058277130127,"Female"
"9004156",371990,2025-05-24 01:09:13,42.3978309631348,-8.92057514190674,"Female"
"9004156",371990,2025-05-24 01:14:12,42.3978576660156,-8.92057609558105,"Female"
"9004156",371990,2025-05-24 01:19:12,42.3978614807129,-8.92058944702148,"Female"
"9004156",371990,2025-05-24 01:24:13,42.3978271484375,-8.92052555084229,"Female"
"9004156",371990,2025-05-24 01:29:13,42.3977966308594,-8.92053127288818,"Female"
"9004156",371990,2025-05-24 01:34:13,42.3978691101074,-8.92050266265869,"Female"
"9004156",371990,2025-05-24 01:39:12,42.3978233337402,-8.92039489746094,"Female"
"9004156",371990,2025-05-24 01:44:12,42.3977737426758,-8.92037487030029,"Female"
"9004156",371990,2025-05-24 01:49:18,42.397876739502,-8.92069911956787,"Female"
"9004156",371990,2025-05-24 01:54:15,42.3978233337402,-8.9206018447876,"Female"
"9004156",371990,2025-05-24 01:59:17,42.3978996276855,-8.92080593109131,"Female"
"9004156",371990,2025-05-24 02:04:22,42.3977546691895,-8.92064571380615,"Female"
"9004156",371990,2025-05-24 02:09:13,42.3973197937012,-8.91948509216309,"Female"
"9004156",371990,2025-05-24 02:14:19,42.3980102539062,-8.92105388641357,"Female"
"9004156",371990,2025-05-24 02:19:22,42.3980369567871,-8.92084503173828,"Female"
"9004156",371990,2025-05-24 02:24:23,42.399772644043,-8.92557811737061,"Female"
"9004156",371990,2025-05-24 02:29:19,42.398609161377,-8.922438621521,"Female"
"9004156",371990,2025-05-24 02:35:35,42.3983345031738,-8.92113494873047,"Female"
"9004156",371990,2025-05-24 02:40:13,42.3980407714844,-8.92080116271973,"Female"
"9004156",371990,2025-05-24 02:44:15,42.3979644775391,-8.92135715484619,"Female"
"9004156",371990,2025-05-24 02:49:16,42.3979148864746,-8.92101860046387,"Female"
"9004156",371990,2025-05-24 02:54:13,42.3979454040527,-8.9206075668335,"Female"
"9004156",371990,2025-05-24 02:59:12,42.3979911804199,-8.92057800292969,"Female"
"9004156",371990,2025-05-24 03:04:12,42.3980407714844,-8.92070007324219,"Female"
"9004156",371990,2025-05-24 03:09:12,42.3980331420898,-8.92055130004883,"Female"
"9004156",371990,2025-05-24 03:14:12,42.3980712890625,-8.92076206207275,"Female"
"9004156",371990,2025-05-24 03:19:12,42.3980445861816,-8.92045402526855,"Female"
"9004156",371990,2025-05-24 03:24:13,42.3980102539062,-8.92049407958984,"Female"
"9004156",371990,2025-05-24 03:29:13,42.3980560302734,-8.92056655883789,"Female"
"9004156",371990,2025-05-24 03:34:13,42.3980255126953,-8.92061614990234,"Female"
"9004156",371990,2025-05-24 03:39:12,42.3980522155762,-8.92065525054932,"Female"
"9004156",371990,2025-05-24 03:44:13,42.398021697998,-8.92064380645752,"Female"
"9004156",371990,2025-05-24 03:49:13,42.398063659668,-8.92067527770996,"Female"
"9004156",371990,2025-05-24 03:54:16,42.3979797363281,-8.920654296875,"Female"
"9004156",371990,2025-05-24 03:59:12,42.3980407714844,-8.92066764831543,"Female"
"9004156",371990,2025-05-24 04:04:13,42.3979835510254,-8.92058372497559,"Female"
"9004156",371990,2025-05-24 04:09:12,42.398063659668,-8.92070484161377,"Female"
"9004156",371990,2025-05-24 04:14:13,42.39794921875,-8.92055797576904,"Female"
"9004156",371990,2025-05-24 04:19:12,42.3980102539062,-8.92053699493408,"Female"
"9004156",371990,2025-05-24 04:24:14,42.3979568481445,-8.9204044342041,"Female"
"9004156",371990,2025-05-24 04:29:12,42.398006439209,-8.92052555084229,"Female"
"9004156",371990,2025-05-24 04:34:12,42.3979988098145,-8.92041683197021,"Female"
"9004156",371990,2025-05-24 04:39:13,42.3980178833008,-8.92062187194824,"Female"
"9004156",371990,2025-05-24 04:44:15,42.3979911804199,-8.9205436706543,"Female"
"9004156",371990,2025-05-24 04:49:15,42.3979339599609,-8.9203929901123,"Female"
"9004156",371990,2025-05-24 04:54:13,42.4027061462402,-8.92325592041016,"Female"
"9004156",371990,2025-05-24 04:59:17,42.4029426574707,-8.92337799072266,"Female"
"9004156",371990,2025-05-24 05:04:13,42.4167442321777,-8.92369747161865,"Female"
"9004156",371990,2025-05-24 05:09:12,42.4474449157715,-8.93019104003906,"Female"
"9004156",371990,2025-05-24 05:14:12,42.475513458252,-8.94450283050537,"Female"
"9004156",371990,2025-05-24 05:19:12,42.4815559387207,-8.93116664886475,"Female"
"9004156",371990,2025-05-24 05:24:12,42.4816436767578,-8.93026161193848,"Female"
"9004156",371990,2025-05-24 05:29:16,42.4844932556152,-8.93032169342041,"Female"
"9004156",371990,2025-05-24 05:34:23,42.4844589233398,-8.93051338195801,"Female"
"9004156",371990,2025-05-24 05:40:25,42.4841537475586,-8.92981338500977,"Female"
"9004156",371990,2025-05-24 05:46:18,42.4827690124512,-8.9270658493042,"Female"
"9004156",371990,2025-05-24 05:51:19,42.4837760925293,-8.92740631103516,"Female"
"9004156",371990,2025-05-24 05:56:21,42.4837837219238,-8.9274435043335,"Female"
"9004156",371990,2025-05-24 06:01:17,42.4846839904785,-8.92259693145752,"Female"
"9004156",371990,2025-05-24 06:06:24,42.4827575683594,-8.92183113098145,"Female"
"9004156",371990,2025-05-24 06:11:22,42.482666015625,-8.92151260375977,"Female"
"9004156",371990,2025-05-24 06:16:41,42.4836578369141,-8.92056465148926,"Female"
"9004156",371990,2025-05-24 06:21:45,42.4835205078125,-8.92023468017578,"Female"
"9004156",371990,2025-05-24 06:27:05,42.4838905334473,-8.92003440856934,"Female"
"9004156",371990,2025-05-24 06:31:38,42.4838066101074,-8.9199857711792,"Female"
"9004156",371990,2025-05-24 06:36:37,42.4838027954102,-8.92000865936279,"Female"
"9004156",371990,2025-05-24 06:41:36,42.4837799072266,-8.91996288299561,"Female"
"9004156",371990,2025-05-24 06:46:36,42.4837760925293,-8.92002391815186,"Female"
"9004156",371990,2025-05-24 06:51:36,42.4837226867676,-8.91999530792236,"Female"
"9004156",371990,2025-05-24 06:57:30,42.4831619262695,-8.91956615447998,"Female"
"9004156",371990,2025-05-24 07:02:36,42.4834289550781,-8.91911029815674,"Female"
"9004156",371990,2025-05-24 07:07:55,42.4836654663086,-8.91821575164795,"Female"
"9004156",371990,2025-05-24 07:13:33,42.4836578369141,-8.91725158691406,"Female"
"9004156",371990,2025-05-24 07:18:52,42.4841613769531,-8.91651916503906,"Female"
"9004156",371990,2025-05-24 07:23:47,42.4837608337402,-8.9158763885498,"Female"
"9004156",371990,2025-05-24 07:28:57,42.4829177856445,-8.91598892211914,"Female"
"9004156",371990,2025-05-24 07:33:56,42.4833984375,-8.91671276092529,"Female"
"9004156",371990,2025-05-24 07:38:58,42.483829498291,-8.91567611694336,"Female"
"9004156",371990,2025-05-24 07:44:46,42.4836082458496,-8.91447353363037,"Female"
"9004156",371990,2025-05-24 07:49:54,42.4836273193359,-8.91415596008301,"Female"
"9004156",371990,2025-05-24 07:55:24,42.4830055236816,-8.91557502746582,"Female"
"9004156",371990,2025-05-24 08:00:30,42.4833564758301,-8.9168004989624,"Female"
"9004156",371990,2025-05-24 08:05:24,42.4839935302734,-8.91824340820312,"Female"
"9004156",371990,2025-05-24 08:10:24,42.4846153259277,-8.91888332366943,"Female"
"9004156",371990,2025-05-24 08:15:37,42.4846267700195,-8.92034912109375,"Female"
"9004156",371990,2025-05-24 08:20:35,42.4846420288086,-8.9206714630127,"Female"
"9004156",371990,2025-05-24 08:25:27,42.4843254089355,-8.92032241821289,"Female"
"9004156",371990,2025-05-24 08:30:27,42.4845542907715,-8.92048740386963,"Female"
"9004156",371990,2025-05-24 08:36:55,42.485424041748,-8.92098808288574,"Female"
"9004156",371990,2025-05-24 08:42:08,42.4849472045898,-8.92113971710205,"Female"
"9004156",371990,2025-05-24 08:47:18,42.4836082458496,-8.92182159423828,"Female"
"9004156",371990,2025-05-24 08:52:19,42.4854583740234,-8.92338752746582,"Female"
"9004156",371990,2025-05-24 08:57:39,42.4592208862305,-8.94182205200195,"Female"
"9004156",371990,2025-05-24 09:02:25,42.420036315918,-8.92976474761963,"Female"
"9004156",371990,2025-05-24 09:07:43,42.398509979248,-8.92073154449463,"Female"
"9004156",371990,2025-05-24 09:12:22,42.3984680175781,-8.92089366912842,"Female"
"9004156",371990,2025-05-24 09:17:22,42.3984680175781,-8.92115497589111,"Female"
"9004156",371990,2025-05-24 09:50:05,42.3985748291016,-8.92079448699951,"Female"
"9004156",371990,2025-05-24 09:54:29,42.3985404968262,-8.92097854614258,"Female"
"9004156",371990,2025-05-24 09:59:30,42.3985481262207,-8.92081165313721,"Female"
"9004156",371990,2025-05-24 10:04:29,42.3985214233398,-8.92086219787598,"Female"
"9004156",371990,2025-05-24 10:09:30,42.3985252380371,-8.92085838317871,"Female"
"9004156",371990,2025-05-24 10:14:31,42.3985633850098,-8.92077445983887,"Female"
"9004156",371990,2025-05-24 10:19:32,42.3986625671387,-8.92100238800049,"Female"
"9004156",371990,2025-05-24 10:24:38,42.3985748291016,-8.92098236083984,"Female"
"9004156",371990,2025-05-24 10:29:31,42.3985557556152,-8.92101192474365,"Female"
"9004156",371990,2025-05-24 10:34:31,42.3984909057617,-8.92107963562012,"Female"
"9004156",371990,2025-05-24 10:39:31,42.3985595703125,-8.92110729217529,"Female"
"9004156",371990,2025-05-24 10:44:31,42.3985900878906,-8.92103099822998,"Female"
"9004156",371990,2025-05-24 10:49:30,42.3985328674316,-8.92089557647705,"Female"
"9004156",371990,2025-05-24 10:54:33,42.3984413146973,-8.9209623336792,"Female"
"9004156",371990,2025-05-24 10:59:33,42.3986015319824,-8.92094326019287,"Female"
"9004156",371990,2025-05-24 11:04:40,42.398509979248,-8.92092514038086,"Female"
"9004156",371990,2025-05-24 11:09:32,42.3985710144043,-8.92117786407471,"Female"
"9004156",371990,2025-05-24 11:14:33,42.3986129760742,-8.9209680557251,"Female"
"9004156",371990,2025-05-24 11:19:34,42.3986930847168,-8.92092227935791,"Female"
"9004156",371990,2025-05-24 11:24:34,42.3986587524414,-8.92086219787598,"Female"
"9004156",371990,2025-05-24 11:29:33,42.3985786437988,-8.92087745666504,"Female"
"9004156",371990,2025-05-24 11:34:30,42.3985900878906,-8.92087745666504,"Female"
"9004156",371990,2025-05-24 11:39:37,42.3985900878906,-8.92100524902344,"Female"
"9004156",371990,2025-05-24 11:44:34,42.3986015319824,-8.92085266113281,"Female"
"9004156",371990,2025-05-24 11:49:33,42.398609161377,-8.92090129852295,"Female"
"9004156",371990,2025-05-24 11:54:37,42.3985290527344,-8.92089462280273,"Female"
"9004156",371990,2025-05-24 11:59:34,42.3986434936523,-8.92092800140381,"Female"
"9004156",371990,2025-05-24 12:04:33,42.3986282348633,-8.92097473144531,"Female"
"9004156",371990,2025-05-24 12:09:34,42.3986282348633,-8.92099952697754,"Female"
"9004156",371990,2025-05-24 12:14:31,42.3985900878906,-8.92089462280273,"Female"
"9004156",371990,2025-05-24 12:19:35,42.3986587524414,-8.9209623336792,"Female"
"9004156",371990,2025-05-24 12:24:30,42.4030532836914,-8.92047309875488,"Female"
"9004156",371990,2025-05-24 12:29:30,42.4385795593262,-8.92663860321045,"Female"
"9004156",371990,2025-05-24 12:34:30,42.4647369384766,-8.94281673431396,"Female"
"9004156",371990,2025-05-24 12:39:30,42.48291015625,-8.93087291717529,"Female"
"9004156",371990,2025-05-24 12:44:33,42.4838256835938,-8.92958545684814,"Female"
"9004156",371990,2025-05-24 12:49:31,42.4846267700195,-8.92890357971191,"Female"
"9004156",371990,2025-05-24 12:54:59,42.4852676391602,-8.92758464813232,"Female"
"9004156",371990,2025-05-24 13:00:01,42.4850273132324,-8.92669582366943,"Female"
"9004156",371990,2025-05-24 13:04:57,42.4849739074707,-8.92654132843018,"Female"
"9004156",371990,2025-05-24 13:09:57,42.4850311279297,-8.92677116394043,"Female"
"9004156",371990,2025-05-24 13:14:57,42.4850730895996,-8.9267749786377,"Female"
"9004156",371990,2025-05-24 13:19:57,42.4850616455078,-8.92671680450439,"Female"
"9004156",371990,2025-05-24 13:24:57,42.4850044250488,-8.92664337158203,"Female"
"9004156",371990,2025-05-24 13:29:57,42.4850273132324,-8.92683792114258,"Female"
"9004156",371990,2025-05-24 13:34:58,42.4854011535645,-8.92627811431885,"Female"
"9004156",371990,2025-05-24 13:39:58,42.4851036071777,-8.92503929138184,"Female"
"9004156",371990,2025-05-24 13:45:25,42.4854583740234,-8.92437839508057,"Female"
"9004156",371990,2025-05-24 13:51:04,42.4853973388672,-8.92377853393555,"Female"
"9004156",371990,2025-05-24 13:56:46,42.4848709106445,-8.92425537109375,"Female"
"9004156",371990,2025-05-24 14:01:45,42.4853706359863,-8.92435359954834,"Female"
"9004156",371990,2025-05-24 14:06:44,42.4852485656738,-8.9242992401123,"Female"
"9004156",371990,2025-05-24 14:11:45,42.4852981567383,-8.9243631362915,"Female"
"9004156",371990,2025-05-24 14:16:44,42.4853363037109,-8.92441082000732,"Female"
"9004156",371990,2025-05-24 14:21:46,42.4852638244629,-8.9243221282959,"Female"
"9004156",371990,2025-05-24 14:26:45,42.4856109619141,-8.92468070983887,"Female"
"9004156",371990,2025-05-24 14:31:45,42.4854545593262,-8.92462348937988,"Female"
"9004156",371990,2025-05-24 14:36:45,42.4854354858398,-8.9245719909668,"Female"
"9004156",371990,2025-05-24 14:41:45,42.4854507446289,-8.92459583282471,"Female"
"9004156",371990,2025-05-24 14:47:51,42.4857521057129,-8.92469882965088,"Female"
"9004156",371990,2025-05-24 14:52:49,42.486011505127,-8.92428970336914,"Female"
"9004156",371990,2025-05-24 14:59:23,42.4859886169434,-8.92487335205078,"Female"
"9004156",371990,2025-05-24 15:03:53,42.4856872558594,-8.92530727386475,"Female"
"9004156",371990,2025-05-24 15:09:22,42.4862899780273,-8.92531585693359,"Female"
"9004156",371990,2025-05-24 15:14:21,42.4873809814453,-8.92527008056641,"Female"
"9004156",371990,2025-05-24 15:19:21,42.4873085021973,-8.92525005340576,"Female"
"9004156",371990,2025-05-24 15:24:21,42.4873924255371,-8.92526626586914,"Female"
"9004156",371990,2025-05-24 15:29:21,42.4873352050781,-8.92525005340576,"Female"
"9004156",371990,2025-05-24 15:34:22,42.4874496459961,-8.9252462387085,"Female"
"9004156",371990,2025-05-24 15:39:21,42.487419128418,-8.92528247833252,"Female"
"9004156",371990,2025-05-24 15:44:21,42.4873008728027,-8.92525863647461,"Female"
"9004156",371990,2025-05-24 15:49:21,42.4873886108398,-8.92527103424072,"Female"
"9004156",371990,2025-05-24 15:54:21,42.4872207641602,-8.92541790008545,"Female"
"9004156",371990,2025-05-24 16:00:33,42.4864768981934,-8.92519569396973,"Female"
"9004156",371990,2025-05-24 16:05:32,42.4862289428711,-8.92601203918457,"Female"
"9004156",371990,2025-05-24 16:11:08,42.4844131469727,-8.91686248779297,"Female"
"9004156",371990,2025-05-24 16:16:09,42.4839706420898,-8.91595363616943,"Female"
"9004156",371990,2025-05-24 16:22:01,42.4833984375,-8.91423988342285,"Female"
"9004156",371990,2025-05-24 16:26:57,42.4835815429688,-8.91384506225586,"Female"
"9004156",371990,2025-05-24 16:32:13,42.4837532043457,-8.91251659393311,"Female"
"9004156",371990,2025-05-24 16:37:32,42.4842643737793,-8.9118070602417,"Female"
"9004156",371990,2025-05-24 16:42:31,42.4847984313965,-8.91174697875977,"Female"
"9004156",371990,2025-05-24 16:47:36,42.4854698181152,-8.91269588470459,"Female"
"9004156",371990,2025-05-24 16:53:07,42.4852485656738,-8.91347122192383,"Female"
"9004156",371990,2025-05-24 16:58:32,42.4846534729004,-8.9140453338623,"Female"
"9004156",371990,2025-05-24 17:03:32,42.4848594665527,-8.91506099700928,"Female"
"9004156",371990,2025-05-24 17:08:32,42.4846649169922,-8.91709041595459,"Female"
"9004156",371990,2025-05-24 17:13:31,42.4846229553223,-8.91709995269775,"Female"
"9004156",371990,2025-05-24 17:18:33,42.4850730895996,-8.91737079620361,"Female"
"9004156",371990,2025-05-24 17:23:32,42.4846076965332,-8.91704750061035,"Female"
"9004156",371990,2025-05-24 17:28:57,42.4844093322754,-8.91785621643066,"Female"
"9004156",371990,2025-05-24 17:33:59,42.484302520752,-8.91830730438232,"Female"
"9004156",371990,2025-05-24 17:38:58,42.4836044311523,-8.91893100738525,"Female"
"9004156",371990,2025-05-24 17:43:56,42.4831390380859,-8.92143249511719,"Female"
"9004156",371990,2025-05-24 17:48:56,42.4815330505371,-8.93033790588379,"Female"
"9004156",371990,2025-05-24 17:53:56,42.4475784301758,-8.94129753112793,"Female"
"9004156",371990,2025-05-24 17:58:58,42.4009666442871,-8.92087268829346,"Female"
"9004156",371990,2025-05-24 18:04:08,42.3991851806641,-8.92026996612549,"Female"
"9004156",371990,2025-05-24 18:09:29,42.3988342285156,-8.92066192626953,"Female"
"9004156",371990,2025-05-24 18:13:56,42.3984680175781,-8.92107677459717,"Female"
"9004156",371990,2025-05-24 18:22:14,42.3984909057617,-8.92138576507568,"Female"
"9004156",371990,2025-05-24 18:27:16,42.398509979248,-8.92106819152832,"Female"
"9004156",371990,2025-05-24 18:32:17,42.3984718322754,-8.92125415802002,"Female"
"9004156",371990,2025-05-24 18:37:26,42.398494720459,-8.92055225372314,"Female"
"9004156",371990,2025-05-24 18:42:28,42.3987312316895,-8.92056179046631,"Female"
"9004156",371990,2025-05-24 18:47:34,42.3987731933594,-8.92073822021484,"Female"
"9004156",371990,2025-05-24 18:52:27,42.3984336853027,-8.92048931121826,"Female"
"9004156",371990,2025-05-24 18:57:16,42.3984107971191,-8.92105484008789,"Female"
"9004156",371990,2025-05-24 19:02:15,42.3983688354492,-8.92088890075684,"Female"
"9004156",371990,2025-05-24 19:07:17,42.3984375,-8.92085838317871,"Female"
"9004156",371990,2025-05-24 19:12:16,42.3984107971191,-8.92073822021484,"Female"
"9004156",371990,2025-05-24 19:17:25,42.3983993530273,-8.92075157165527,"Female"
"9004156",371990,2025-05-24 19:22:32,42.3985061645508,-8.92080402374268,"Female"
"9004156",371990,2025-05-24 19:27:14,42.3985023498535,-8.92089748382568,"Female"
"9004156",371990,2025-05-24 19:32:14,42.3985786437988,-8.92085456848145,"Female"
"9004156",371990,2025-05-24 19:37:12,42.3985900878906,-8.92090511322021,"Female"
"9004156",371990,2025-05-24 19:42:14,42.398567199707,-8.92084693908691,"Female"
"9004156",371990,2025-05-24 19:47:15,42.3985328674316,-8.92097187042236,"Female"
"9004156",371990,2025-05-24 19:52:13,42.398567199707,-8.92088985443115,"Female"
"9004156",371990,2025-05-24 19:57:14,42.3985824584961,-8.92087268829346,"Female"
"9004156",371990,2025-05-24 20:02:15,42.3985939025879,-8.9209451675415,"Female"
"9004156",371990,2025-05-24 20:07:21,42.398509979248,-8.92099189758301,"Female"
"9004156",371990,2025-05-24 20:12:16,42.3988761901855,-8.9205493927002,"Female"
"9004156",371990,2025-05-24 20:17:19,42.3985328674316,-8.92105484008789,"Female"
"9004156",371990,2025-05-24 20:22:16,42.3986053466797,-8.92085552215576,"Female"
"9004156",371990,2025-05-24 20:27:16,42.3985481262207,-8.92112350463867,"Female"
"9004156",371990,2025-05-24 20:32:19,42.3986358642578,-8.92107582092285,"Female"
"9004156",371990,2025-05-24 20:37:15,42.3989143371582,-8.92081928253174,"Female"
"9004156",371990,2025-05-24 20:42:16,42.3986129760742,-8.92099571228027,"Female"
"9004156",371990,2025-05-24 20:47:15,42.398567199707,-8.92099380493164,"Female"
"9004156",371990,2025-05-24 20:52:15,42.3986320495605,-8.92082118988037,"Female"
"9004156",371990,2025-05-24 20:57:29,42.3987655639648,-8.92137336730957,"Female"
"9004156",371990,2025-05-24 21:02:19,42.3987617492676,-8.92130661010742,"Female"
"9004156",371990,2025-05-24 21:07:34,42.3985633850098,-8.9210958480835,"Female"
"9004156",371990,2025-05-24 21:12:13,42.3985328674316,-8.92118453979492,"Female"
"9004156",371990,2025-05-24 21:17:13,42.398567199707,-8.92101287841797,"Female"
"9004156",371990,2025-05-24 21:22:13,42.3985366821289,-8.92108154296875,"Female"
"9004156",371990,2025-05-24 21:27:14,42.398567199707,-8.92104148864746,"Female"
"9004156",371990,2025-05-24 21:32:14,42.3986015319824,-8.92083740234375,"Female"
"9004156",371990,2025-05-24 21:37:15,42.3991851806641,-8.92064476013184,"Female"
"9004156",371990,2025-05-24 21:42:24,42.3986282348633,-8.92102241516113,"Female"
"9004156",371990,2025-05-24 21:47:16,42.3984565734863,-8.92104244232178,"Female"
"9004156",371990,2025-05-24 21:52:23,42.3985939025879,-8.9208927154541,"Female"
"9004156",371990,2025-05-24 21:57:17,42.3986434936523,-8.92092895507812,"Female"
"9004156",371990,2025-05-24 22:02:14,42.3986129760742,-8.92089748382568,"Female"
"9004156",371990,2025-05-24 22:07:17,42.3985176086426,-8.92086887359619,"Female"
"9004156",371990,2025-05-24 22:12:17,42.3985710144043,-8.92104244232178,"Female"
"9004156",371990,2025-05-24 22:17:15,42.3985939025879,-8.92090129852295,"Female"
"9004156",371990,2025-05-24 22:22:15,42.3985176086426,-8.92078876495361,"Female"
"9004156",371990,2025-05-24 22:27:33,42.398551940918,-8.92101955413818,"Female"
"9004156",371990,2025-05-24 22:32:17,42.3983497619629,-8.9210958480835,"Female"
"9004156",371990,2025-05-24 22:37:22,42.3984680175781,-8.92075157165527,"Female"
"9004156",371990,2025-05-24 22:42:16,42.3986167907715,-8.92076110839844,"Female"
"9004156",371990,2025-05-24 22:47:32,42.3985404968262,-8.92091751098633,"Female"
"9004156",371990,2025-05-24 22:52:16,42.3986320495605,-8.92083740234375,"Female"
"9004156",371990,2025-05-24 22:57:16,42.3985595703125,-8.92095565795898,"Female"
"9004156",371990,2025-05-24 23:02:22,42.3986663818359,-8.92082214355469,"Female"
"9004156",371990,2025-05-24 23:07:16,42.3984031677246,-8.92084693908691,"Female"
"9004156",371990,2025-05-24 23:12:18,42.3983421325684,-8.92093372344971,"Female"
"9004156",371990,2025-05-24 23:18:37,42.3985023498535,-8.92098331451416,"Female"
"9004156",371990,2025-05-24 23:23:37,42.3982048034668,-8.92104339599609,"Female"
"9004156",371990,2025-05-24 23:28:37,42.3983192443848,-8.92106628417969,"Female"
"9004156",371990,2025-05-24 23:33:36,42.3983497619629,-8.92094135284424,"Female"
"9004156",371990,2025-05-24 23:37:31,42.3985290527344,-8.92108154296875,"Female"
"9004156",371990,2025-05-24 23:42:31,42.3984451293945,-8.92093563079834,"Female"
"9004156",371990,2025-05-24 23:47:22,42.3985176086426,-8.92106914520264,"Female"
"9004156",371990,2025-05-24 23:53:37,42.3984489440918,-8.92099666595459,"Female"
"9004156",371990,2025-05-24 23:57:24,42.3985366821289,-8.92111206054688,"Female"
"9004156",371990,2025-05-25 00:02:18,42.3982391357422,-8.92067337036133,"Female"
"9004156",371990,2025-05-25 00:07:14,42.398509979248,-8.92099571228027,"Female"
"9004156",371990,2025-05-25 00:12:19,42.398551940918,-8.92091941833496,"Female"
"9004156",371990,2025-05-25 00:17:48,42.3987350463867,-8.92109107971191,"Female"
"9004156",371990,2025-05-25 00:22:25,42.3984680175781,-8.92113399505615,"Female"
"9004156",371990,2025-05-25 00:27:19,42.3984642028809,-8.92094230651855,"Female"
"9004156",371990,2025-05-25 00:32:19,42.3984718322754,-8.92091464996338,"Female"
"9004156",371990,2025-05-25 00:37:39,42.3984565734863,-8.92090892791748,"Female"
"9004156",371990,2025-05-25 00:42:19,42.3985328674316,-8.92102432250977,"Female"
"9004156",371990,2025-05-25 00:47:21,42.3985023498535,-8.92119026184082,"Female"
"9004156",371990,2025-05-25 00:52:22,42.3984298706055,-8.92127704620361,"Female"
"9004156",371990,2025-05-25 00:57:25,42.3985328674316,-8.92093181610107,"Female"
"9004156",371990,2025-05-25 01:02:44,42.3985557556152,-8.92068862915039,"Female"
"9004156",371990,2025-05-25 01:07:19,42.3985900878906,-8.9206428527832,"Female"
"9004156",371990,2025-05-25 01:12:16,42.398509979248,-8.92040061950684,"Female"
"9004156",371990,2025-05-25 01:17:24,42.398551940918,-8.92160129547119,"Female"
"9004156",371990,2025-05-25 01:22:21,42.3984870910645,-8.92033576965332,"Female"
"9004156",371990,2025-05-25 01:27:15,42.3985939025879,-8.92031383514404,"Female"
"9004156",371990,2025-05-25 01:32:24,42.3985481262207,-8.92074966430664,"Female"
"9004156",371990,2025-05-25 01:37:24,42.3985633850098,-8.92075443267822,"Female"
"9004156",371990,2025-05-25 01:42:56,42.398609161377,-8.91842269897461,"Female"
"9004156",371990,2025-05-25 01:47:24,42.3986625671387,-8.91804599761963,"Female"
"9004156",371990,2025-05-25 01:52:38,42.3986053466797,-8.91768646240234,"Female"
"9004156",371990,2025-05-25 01:57:24,42.3985748291016,-8.91734409332275,"Female"
"9004156",371990,2025-05-25 02:08:11,42.3984794616699,-8.92084884643555,"Female"
"9004156",371990,2025-05-25 02:12:49,42.3985748291016,-8.92108631134033,"Female"
"9004156",371990,2025-05-25 02:17:50,42.3985595703125,-8.92085361480713,"Female"
"9004156",371990,2025-05-25 02:22:40,42.3985214233398,-8.92096996307373,"Female"
"9004156",371990,2025-05-25 02:28:36,42.3984451293945,-8.92093849182129,"Female"
"9004156",371990,2025-05-25 02:32:26,42.3985824584961,-8.92102909088135,"Female"
"9004156",371990,2025-05-25 02:38:36,42.3985404968262,-8.92086601257324,"Female"
"9004156",371990,2025-05-25 02:42:58,42.3985290527344,-8.92106533050537,"Female"
"9004156",371990,2025-05-25 02:48:36,42.3985748291016,-8.92106246948242,"Female"
"9004156",371990,2025-05-25 02:52:17,42.3985786437988,-8.92103004455566,"Female"
"9004156",371990,2025-05-25 02:57:19,42.3984336853027,-8.92106151580811,"Female"
"9004156",371990,2025-05-25 03:02:29,42.3985404968262,-8.92108058929443,"Female"
"9004156",371990,2025-05-25 03:07:36,42.3984565734863,-8.92119693756104,"Female"
"9004156",371990,2025-05-25 03:12:27,42.3985786437988,-8.92084217071533,"Female"
"9004156",371990,2025-05-25 03:17:17,42.3983039855957,-8.92094802856445,"Female"
"9004156",371990,2025-05-25 03:22:24,42.3985481262207,-8.92096424102783,"Female"
"9004156",371990,2025-05-25 03:27:29,42.3987464904785,-8.92086601257324,"Female"
"9004156",371990,2025-05-25 03:32:16,42.3985710144043,-8.92081832885742,"Female"
"9004156",371990,2025-05-25 03:37:16,42.3985023498535,-8.92087364196777,"Female"
"9004156",371990,2025-05-25 03:42:17,42.3984107971191,-8.92065143585205,"Female"
"9004156",371990,2025-05-25 03:47:15,42.3984832763672,-8.92058181762695,"Female"
"9004156",371990,2025-05-25 03:52:14,42.3984451293945,-8.92009735107422,"Female"
"9004156",371990,2025-05-25 03:57:14,42.3983306884766,-8.91988563537598,"Female"
"9004156",371990,2025-05-25 04:02:35,42.3985443115234,-8.92083072662354,"Female"
"9004156",371990,2025-05-25 04:07:12,42.398509979248,-8.92080593109131,"Female"
"9004156",371990,2025-05-25 04:12:13,42.3985328674316,-8.92097949981689,"Female"
"9004156",371990,2025-05-25 04:17:13,42.3985443115234,-8.92074775695801,"Female"
"9004156",371990,2025-05-25 04:22:15,42.3985214233398,-8.92065906524658,"Female"
"9004156",371990,2025-05-25 04:27:18,42.3984870910645,-8.9208402633667,"Female"
"9004156",371990,2025-05-25 04:32:37,42.3985710144043,-8.92094230651855,"Female"
"9004156",371990,2025-05-25 04:37:44,42.398567199707,-8.92083835601807,"Female"
"9004156",371990,2025-05-25 04:42:43,42.3985786437988,-8.92086982727051,"Female"
"9004156",371990,2025-05-25 04:47:44,42.3985824584961,-8.92081356048584,"Female"
"9004156",371990,2025-05-25 04:52:16,42.3985748291016,-8.92082500457764,"Female"
"9004156",371990,2025-05-25 04:57:17,42.3985137939453,-8.92065238952637,"Female"
"9004156",371990,2025-05-25 05:02:14,42.3985710144043,-8.92103862762451,"Female"
"9004156",371990,2025-05-25 05:07:30,42.3984680175781,-8.92081642150879,"Female"
"9004156",371990,2025-05-25 05:12:17,42.3984565734863,-8.92098808288574,"Female"
"9004156",371990,2025-05-25 05:17:23,42.3986358642578,-8.92105770111084,"Female"
"9004156",371990,2025-05-25 05:22:15,42.3985595703125,-8.92093467712402,"Female"
"9004156",371990,2025-05-25 05:27:16,42.3983726501465,-8.92148590087891,"Female"
"9004156",371990,2025-05-25 05:32:44,42.3985252380371,-8.92097854614258,"Female"
"9004156",371990,2025-05-25 05:37:15,42.3986282348633,-8.92101001739502,"Female"
"9004156",371990,2025-05-25 05:42:14,42.3984870910645,-8.92116928100586,"Female"
"9004156",371990,2025-05-25 05:47:17,42.398567199707,-8.92066192626953,"Female"
"9004156",371990,2025-05-25 05:52:21,42.3985862731934,-8.92110061645508,"Female"
"9004156",371990,2025-05-25 05:57:24,42.3984146118164,-8.92087364196777,"Female"
"9004156",371990,2025-05-25 06:02:22,42.3985366821289,-8.92098617553711,"Female"
"9004156",371990,2025-05-25 06:07:44,42.3986358642578,-8.92098903656006,"Female"
"9004156",371990,2025-05-25 06:12:28,42.3986167907715,-8.92097473144531,"Female"
"9004156",371990,2025-05-25 06:17:15,42.398567199707,-8.92096710205078,"Female"
"9004156",371990,2025-05-25 06:22:14,42.4013786315918,-8.92214298248291,"Female"
"9004156",371990,2025-05-25 06:27:14,42.4042663574219,-8.92228698730469,"Female"
"9004156",371990,2025-05-25 06:32:13,42.4336585998535,-8.9281530380249,"Female"
"9004156",371990,2025-05-25 06:37:14,42.4675254821777,-8.94055271148682,"Female"
"9004156",371990,2025-05-25 06:42:15,42.4823913574219,-8.92648792266846,"Female"
"9004156",371990,2025-05-25 06:48:47,42.4830932617188,-8.92139339447021,"Female"
"9004156",371990,2025-05-25 06:54:59,42.4831619262695,-8.9196252822876,"Female"
"9004156",371990,2025-05-25 07:00:23,42.4833564758301,-8.91816139221191,"Female"
"9004156",371990,2025-05-25 07:06:32,42.4833106994629,-8.91682147979736,"Female"
"9004156",371990,2025-05-25 07:12:19,42.4839782714844,-8.9157075881958,"Female"
"9004156",371990,2025-05-25 07:16:51,42.4839210510254,-8.9153938293457,"Female"
"9004156",371990,2025-05-25 07:22:02,42.4840431213379,-8.91569042205811,"Female"
"9004156",371990,2025-05-25 07:26:48,42.4840202331543,-8.91556262969971,"Female"
"9004156",371990,2025-05-25 07:31:47,42.4840812683105,-8.91575622558594,"Female"
"9004156",371990,2025-05-25 07:36:48,42.4840507507324,-8.91564083099365,"Female"
"9004156",371990,2025-05-25 07:41:49,42.4839935302734,-8.91564178466797,"Female"
"9004156",371990,2025-05-25 07:47:04,42.4840202331543,-8.91561031341553,"Female"
"9004156",371990,2025-05-25 08:55:14,42.4866371154785,-8.91645431518555,"Female"
"9004156",371990,2025-05-25 09:00:15,42.4865455627441,-8.9168586730957,"Female"
"9004156",371990,2025-05-25 09:55:35,42.4873542785645,-8.91550445556641,"Female"
"9004156",371990,2025-05-25 10:01:31,42.4873123168945,-8.91530895233154,"Female"
"9004156",371990,2025-05-25 10:06:30,42.4873237609863,-8.91535091400146,"Female"
"9004156",371990,2025-05-25 10:11:30,42.4872627258301,-8.91515445709229,"Female"
"9004156",371990,2025-05-25 10:16:32,42.4877891540527,-8.91506862640381,"Female"
"9004156",371990,2025-05-25 10:21:31,42.4869613647461,-8.91448593139648,"Female"
"9004156",371990,2025-05-25 10:26:34,42.486930847168,-8.91446590423584,"Female"
"9004156",371990,2025-05-25 10:33:06,42.4860954284668,-8.91400051116943,"Female"
"9004156",371990,2025-05-25 10:38:07,42.4851188659668,-8.91338062286377,"Female"
"9004156",371990,2025-05-25 10:43:48,42.4849739074707,-8.91269683837891,"Female"
"9004156",371990,2025-05-25 10:48:49,42.4852485656738,-8.91269969940186,"Female"
"9004156",371990,2025-05-25 10:53:46,42.485164642334,-8.9127779006958,"Female"
"9004156",371990,2025-05-25 10:58:45,42.4850082397461,-8.912672996521,"Female"
"9004156",371990,2025-05-25 11:03:46,42.4850311279297,-8.91281127929688,"Female"
"9004156",371990,2025-05-25 11:09:17,42.4847946166992,-8.91255855560303,"Female"
"9004156",371990,2025-05-25 11:15:19,42.4855918884277,-8.9114294052124,"Female"
"9004156",371990,2025-05-25 11:20:42,42.4853096008301,-8.91053295135498,"Female"
"9004156",371990,2025-05-25 11:25:52,42.4843864440918,-8.91037654876709,"Female"
"9004156",371990,2025-05-25 11:30:40,42.4838523864746,-8.9106559753418,"Female"
"9004156",371990,2025-05-25 11:35:40,42.4830322265625,-8.91162300109863,"Female"
"9004156",371990,2025-05-25 11:41:14,42.4821968078613,-8.91064548492432,"Female"
"9004156",371990,2025-05-25 11:46:36,42.4816589355469,-8.9092435836792,"Female"
"9004156",371990,2025-05-25 11:51:41,42.4813385009766,-8.90797996520996,"Female"
"9004156",371990,2025-05-25 11:57:31,42.4815483093262,-8.90870380401611,"Female"
"9004156",371990,2025-05-25 12:02:41,42.4817504882812,-8.90952014923096,"Female"
"9004156",371990,2025-05-25 12:07:39,42.4822463989258,-8.90998268127441,"Female"
"9004156",371990,2025-05-25 12:12:40,42.4822158813477,-8.90990447998047,"Female"
"9004156",371990,2025-05-25 12:17:42,42.4825630187988,-8.90985870361328,"Female"
"9004156",371990,2025-05-25 12:22:39,42.4823760986328,-8.91010093688965,"Female"
"9004156",371990,2025-05-25 12:27:58,42.4830169677734,-8.9107551574707,"Female"
"9004156",371990,2025-05-25 12:34:16,42.483039855957,-8.91120910644531,"Female"
"9004156",371990,2025-05-25 12:39:11,42.4830551147461,-8.91156387329102,"Female"
"9004156",371990,2025-05-25 12:44:11,42.4836311340332,-8.91190814971924,"Female"
"9004156",371990,2025-05-25 12:49:16,42.4842987060547,-8.91300582885742,"Female"
"9004156",371990,2025-05-25 12:54:12,42.480583190918,-8.93662738800049,"Female"
"9004156",371990,2025-05-25 12:59:12,42.4375228881836,-8.94052982330322,"Female"
"9004156",371990,2025-05-25 13:04:35,42.3986358642578,-8.92081356048584,"Female"
"9004156",371990,2025-05-25 13:09:25,42.3986434936523,-8.92074584960938,"Female"
"9004156",371990,2025-05-25 13:14:18,42.3984260559082,-8.92115688323975,"Female"
"9004156",371990,2025-05-25 13:19:16,42.3985710144043,-8.92078876495361,"Female"
"9004156",371990,2025-05-25 13:24:20,42.398624420166,-8.92076301574707,"Female"
"9004156",371990,2025-05-25 13:29:13,42.3985443115234,-8.92096900939941,"Female"
"9004156",371990,2025-05-25 13:34:19,42.3986129760742,-8.92085838317871,"Female"
"9004156",371990,2025-05-25 13:39:19,42.3986167907715,-8.92096996307373,"Female"
"9004156",371990,2025-05-25 13:45:05,42.3986396789551,-8.92109298706055,"Female"
"9004156",371990,2025-05-25 13:49:22,42.3987083435059,-8.92095184326172,"Female"
"9004156",371990,2025-05-25 13:55:23,42.3988418579102,-8.9209680557251,"Female"
"9004156",371990,2025-05-25 14:00:15,42.3989181518555,-8.92115306854248,"Female"
"9004156",371990,2025-05-25 14:04:46,42.3989944458008,-8.9210090637207,"Female"
"9004156",371990,2025-05-25 14:09:35,42.398567199707,-8.92084693908691,"Female"
"9004156",371990,2025-05-25 14:14:25,42.3986129760742,-8.92086505889893,"Female"
"9004156",371990,2025-05-25 14:19:18,42.3985862731934,-8.920485496521,"Female"
"9004156",371990,2025-05-25 14:24:31,42.3985710144043,-8.92064666748047,"Female"
"9004156",371990,2025-05-25 14:29:17,42.3986129760742,-8.92106342315674,"Female"
"9004156",371990,2025-05-25 14:34:35,42.3984756469727,-8.92088985443115,"Female"
"9004156",371990,2025-05-25 14:39:11,42.3985443115234,-8.92084121704102,"Female"
"9004156",371990,2025-05-25 14:44:22,42.3987808227539,-8.92086505889893,"Female"
"9004156",371990,2025-05-25 14:49:13,42.3984794616699,-8.92091655731201,"Female"
"9004156",371990,2025-05-25 14:54:19,42.3984413146973,-8.92098236083984,"Female"
"9004156",371990,2025-05-25 14:59:22,42.3984718322754,-8.9209680557251,"Female"
"9004156",371990,2025-05-25 15:04:16,42.398551940918,-8.92085933685303,"Female"
"9004156",371990,2025-05-25 15:09:16,42.3982887268066,-8.92104053497314,"Female"
"9004156",371990,2025-05-25 15:14:14,42.3985137939453,-8.92097187042236,"Female"
"9004156",371990,2025-05-25 15:19:16,42.3984413146973,-8.92101383209229,"Female"
"9004156",371990,2025-05-25 15:24:18,42.3986206054688,-8.92091655731201,"Female"
"9004156",371990,2025-05-25 15:29:11,42.4039421081543,-8.9205150604248,"Female"
"9004156",371990,2025-05-25 15:34:34,42.4073715209961,-8.92128276824951,"Female"
"9004156",371990,2025-05-25 15:39:34,42.4114151000977,-8.92189979553223,"Female"
"9004156",371990,2025-05-25 15:44:34,42.4283103942871,-8.92235279083252,"Female"
"9004156",371990,2025-05-25 15:49:34,42.4498100280762,-8.92913055419922,"Female"
"9004156",371990,2025-05-25 15:54:34,42.4622497558594,-8.94182586669922,"Female"
"9004156",371990,2025-05-25 15:59:53,42.4809875488281,-8.92855358123779,"Female"
"9004156",371990,2025-05-25 16:04:58,42.480884552002,-8.92918682098389,"Female"
"9004156",371990,2025-05-25 16:10:53,42.4811477661133,-8.92804718017578,"Female"
"9004156",371990,2025-05-25 16:18:25,42.4807090759277,-8.92812156677246,"Female"
"9004156",371990,2025-05-25 16:24:20,42.4807319641113,-8.92687511444092,"Female"
"9004156",371990,2025-05-25 16:29:56,42.4813270568848,-8.9290828704834,"Female"
"9004156",371990,2025-05-25 16:34:54,42.4819297790527,-8.92871952056885,"Female"
"9004156",371990,2025-05-25 16:39:56,42.4819030761719,-8.92860221862793,"Female"
"9004156",371990,2025-05-25 16:44:55,42.4818496704102,-8.92846012115479,"Female"
"9004156",371990,2025-05-25 16:49:55,42.4817810058594,-8.92843055725098,"Female"
"9004156",371990,2025-05-25 16:54:56,42.4818496704102,-8.92848682403564,"Female"
"9004156",371990,2025-05-25 16:59:55,42.4816436767578,-8.92789459228516,"Female"
"9004156",371990,2025-05-25 17:05:00,42.4819183349609,-8.92683601379395,"Female"
"9004156",371990,2025-05-25 17:11:25,42.482234954834,-8.92598533630371,"Female"
"9004156",371990,2025-05-25 17:18:07,42.4819869995117,-8.92598056793213,"Female"
"9004156",371990,2025-05-25 17:22:40,42.4825210571289,-8.92648887634277,"Female"
"9004156",371990,2025-05-25 17:28:29,42.4828414916992,-8.92532348632812,"Female"
"9004156",371990,2025-05-25 17:33:27,42.4837989807129,-8.92578601837158,"Female"
"9004156",371990,2025-05-25 17:38:24,42.4843368530273,-8.92598247528076,"Female"
"9004156",371990,2025-05-25 17:43:24,42.4844627380371,-8.92596912384033,"Female"
"9004156",371990,2025-05-25 17:48:24,42.4844398498535,-8.92596912384033,"Female"
"9004156",371990,2025-05-25 17:53:25,42.4844093322754,-8.92584228515625,"Female"
"9004156",371990,2025-05-25 17:58:25,42.4842834472656,-8.92514705657959,"Female"
"9004156",371990,2025-05-25 18:03:45,42.484733581543,-8.92508983612061,"Female"
"9004156",371990,2025-05-25 18:09:23,42.4839973449707,-8.92321109771729,"Female"
"9004156",371990,2025-05-25 18:14:22,42.483959197998,-8.92223358154297,"Female"
"9004156",371990,2025-05-25 18:19:24,42.4839134216309,-8.92329216003418,"Female"
"9004156",371990,2025-05-25 18:24:30,42.4840965270996,-8.92490291595459,"Female"
"9004156",371990,2025-05-25 18:29:48,42.4499130249023,-8.949631690979,"Female"
"9004156",371990,2025-05-25 18:34:44,42.405818939209,-8.92745494842529,"Female"
"9004156",371990,2025-05-25 18:39:25,42.4023323059082,-8.91954612731934,"Female"
"9004156",371990,2025-05-25 18:44:27,42.3999214172363,-8.92129135131836,"Female"
"9004156",371990,2025-05-25 18:49:28,42.3991088867188,-8.92115592956543,"Female"
"9004156",371990,2025-05-25 18:54:27,42.3986549377441,-8.92050933837891,"Female"
"9004156",371990,2025-05-25 18:59:26,42.3973121643066,-8.91958808898926,"Female"
"9004156",371990,2025-05-25 19:04:27,42.3999404907227,-8.9204626083374,"Female"
"9004156",371990,2025-05-25 19:09:30,42.4007339477539,-8.92031478881836,"Female"
"9004156",371990,2025-05-25 19:14:36,42.4006271362305,-8.92018413543701,"Female"
"9004156",371990,2025-05-25 19:20:48,42.3985557556152,-8.92017459869385,"Female"
"9004156",371990,2025-05-25 19:25:48,42.3985366821289,-8.92016124725342,"Female"
"9004156",371990,2025-05-25 19:31:05,42.3987617492676,-8.92076301574707,"Female"
"9004156",371990,2025-05-25 19:35:48,42.3988075256348,-8.92071437835693,"Female"
"9004156",371990,2025-05-25 19:40:39,42.39892578125,-8.92049884796143,"Female"
"9004156",371990,2025-05-25 19:45:48,42.3987693786621,-8.92076778411865,"Female"
"9004156",371990,2025-05-25 19:50:48,42.3987503051758,-8.92074108123779,"Female"
"9004156",371990,2025-05-25 19:55:45,42.3987884521484,-8.92071533203125,"Female"
"9004156",371990,2025-05-25 20:00:41,42.3984069824219,-8.92147445678711,"Female"
"9004156",371990,2025-05-25 20:06:14,42.3987655639648,-8.92080783843994,"Female"
"9004156",371990,2025-05-25 20:10:45,42.398811340332,-8.92078590393066,"Female"
"9004156",371990,2025-05-25 20:15:46,42.3987464904785,-8.92075443267822,"Female"
"9004156",371990,2025-05-25 20:21:05,42.39892578125,-8.92084980010986,"Female"
"9004156",371990,2025-05-25 20:25:41,42.3988723754883,-8.92094230651855,"Female"
"9004156",371990,2025-05-25 20:30:43,42.3987274169922,-8.92089080810547,"Female"
"9004156",371990,2025-05-25 20:35:41,42.3985252380371,-8.92078495025635,"Female"
"9004156",371990,2025-05-25 20:40:45,42.3985481262207,-8.92090225219727,"Female"
"9004156",371990,2025-05-25 20:45:45,42.3987312316895,-8.92081356048584,"Female"
"9004156",371990,2025-05-25 20:50:48,42.3986015319824,-8.92084503173828,"Female"
"9004156",371990,2025-05-25 20:55:52,42.398567199707,-8.9208288192749,"Female"
"9004156",371990,2025-05-25 21:01:05,42.3985481262207,-8.92088508605957,"Female"
"9004156",371990,2025-05-25 21:05:46,42.3986053466797,-8.92093086242676,"Female"
"9004156",371990,2025-05-25 21:10:38,42.3984756469727,-8.92095279693604,"Female"
"9004156",371990,2025-05-25 21:15:41,42.3985061645508,-8.92086124420166,"Female"
"9004156",371990,2025-05-25 21:20:41,42.3984642028809,-8.92100048065186,"Female"
"9004156",371990,2025-05-25 21:25:40,42.3985252380371,-8.92095184326172,"Female"
"9004156",371990,2025-05-25 21:30:39,42.3984222412109,-8.92091178894043,"Female"
"9004156",371990,2025-05-25 21:35:40,42.3985061645508,-8.92104244232178,"Female"
"9004156",371990,2025-05-25 21:40:48,42.3983879089355,-8.92098903656006,"Female"
"9004156",371990,2025-05-25 21:46:05,42.3985481262207,-8.92090034484863,"Female"
"9004156",371990,2025-05-25 21:50:42,42.3985481262207,-8.92103481292725,"Female"
"9004156",371990,2025-05-25 21:55:47,42.3985061645508,-8.92095470428467,"Female"
"9004156",371990,2025-05-25 22:00:40,42.3985633850098,-8.92096614837646,"Female"
"9004156",371990,2025-05-25 22:05:40,42.3984413146973,-8.92060947418213,"Female"
"9004156",371990,2025-05-25 22:10:39,42.398551940918,-8.92105960845947,"Female"
"9004156",371990,2025-05-25 22:15:39,42.3985176086426,-8.92083644866943,"Female"
"9004156",371990,2025-05-25 22:20:41,42.3984451293945,-8.92072010040283,"Female"
"9004156",371990,2025-05-25 22:25:45,42.3984794616699,-8.9208984375,"Female"
"9004156",371990,2025-05-25 22:30:45,42.3984336853027,-8.92065715789795,"Female"
"9004156",371990,2025-05-25 22:35:48,42.3984909057617,-8.92086124420166,"Female"
"9004156",371990,2025-05-25 22:41:05,42.3984870910645,-8.92091751098633,"Female"
"9004156",371990,2025-05-25 22:45:41,42.3985290527344,-8.92089462280273,"Female"
"9004156",371990,2025-05-25 22:50:39,42.3983268737793,-8.92087078094482,"Female"
"9004156",371990,2025-05-25 22:55:40,42.3984146118164,-8.92083168029785,"Female"
"9004156",371990,2025-05-25 23:00:40,42.3986358642578,-8.92089653015137,"Female"
"9004156",371990,2025-05-25 23:05:43,42.3985977172852,-8.9208812713623,"Female"
"9004156",371990,2025-05-25 23:10:40,42.3987350463867,-8.92119121551514,"Female"
"9004156",371990,2025-05-25 23:15:43,42.398494720459,-8.92090702056885,"Female"
"9004156",371990,2025-05-25 23:20:43,42.3985176086426,-8.92084980010986,"Female"
"9004156",371990,2025-05-25 23:25:41,42.398796081543,-8.92124462127686,"Female"
"9004156",371990,2025-05-25 23:30:41,42.3982467651367,-8.92053985595703,"Female"
"9004156",371990,2025-05-25 23:35:46,42.3985290527344,-8.92095565795898,"Female"
"9004156",371990,2025-05-25 23:40:43,42.3985786437988,-8.92098331451416,"Female"
"9004156",371990,2025-05-25 23:45:48,42.3985176086426,-8.92084884643555,"Female"
"9004156",371990,2025-05-25 23:50:41,42.3983573913574,-8.92218780517578,"Female"
"9004156",371990,2025-05-25 23:55:41,42.3984413146973,-8.92127799987793,"Female"
"9004156",371990,2025-05-26 00:01:05,42.3986549377441,-8.92083549499512,"Female"
"9004156",371990,2025-05-26 00:05:41,42.3986511230469,-8.92121887207031,"Female"
"9004156",371990,2025-05-26 00:10:41,42.398609161377,-8.92099571228027,"Female"
"9004156",371990,2025-05-26 00:15:43,42.3985557556152,-8.92086124420166,"Female"
"9004156",371990,2025-05-26 00:20:42,42.3985328674316,-8.92100811004639,"Female"
"9004156",371990,2025-05-26 00:25:54,42.3987426757812,-8.92064476013184,"Female"
"9004156",371990,2025-05-26 00:31:04,42.3986129760742,-8.92078304290771,"Female"
"9004156",371990,2025-05-26 00:35:40,42.3985977172852,-8.92110252380371,"Female"
"9004156",371990,2025-05-26 00:40:39,42.3985023498535,-8.92134666442871,"Female"
"9004156",371990,2025-05-26 00:45:41,42.3985900878906,-8.92114734649658,"Female"
"9004156",371990,2025-05-26 00:50:48,42.3984909057617,-8.92096424102783,"Female"
"9004156",371990,2025-05-26 00:55:49,42.3986167907715,-8.92078399658203,"Female"
"9004156",371990,2025-05-26 01:01:14,42.3986015319824,-8.92038059234619,"Female"
"9004156",371990,2025-05-26 01:05:54,42.3985061645508,-8.92097282409668,"Female"
"9004156",371990,2025-05-26 01:11:07,42.3985633850098,-8.92159557342529,"Female"
"9004156",371990,2025-05-26 01:16:06,42.398567199707,-8.92086029052734,"Female"
"9004156",371990,2025-05-26 01:20:46,42.3985023498535,-8.92060470581055,"Female"
"9004156",371990,2025-05-26 01:25:51,42.3984909057617,-8.92061328887939,"Female"
"9004156",371990,2025-05-26 01:31:23,42.3987846374512,-8.92077350616455,"Female"
"9004156",371990,2025-05-26 01:35:49,42.3984756469727,-8.92026424407959,"Female"
"9004156",371990,2025-05-26 01:40:39,42.3985977172852,-8.92057323455811,"Female"
"9004156",371990,2025-05-26 01:45:46,42.3985824584961,-8.92172050476074,"Female"
"9004156",371990,2025-05-26 01:50:42,42.3984413146973,-8.92122173309326,"Female"
"9004156",371990,2025-05-26 01:55:48,42.3986854553223,-8.92144107818604,"Female"
"9004156",371990,2025-05-26 02:02:01,42.3986358642578,-8.92140102386475,"Female"
"9004156",371990,2025-05-26 02:07:01,42.3987236022949,-8.9221019744873,"Female"
"9004156",371990,2025-05-26 02:10:48,42.398509979248,-8.92101192474365,"Female"
"9004156",371990,2025-05-26 02:15:48,42.3985176086426,-8.92102432250977,"Female"
"9004156",371990,2025-05-26 02:20:48,42.3986167907715,-8.9210033416748,"Female"
"9004156",371990,2025-05-26 02:25:49,42.3986167907715,-8.92118358612061,"Female"
"9004156",371990,2025-05-26 02:30:48,42.3984718322754,-8.92115306854248,"Female"
"9004156",371990,2025-05-26 02:35:43,42.398609161377,-8.92121505737305,"Female"
"9004156",371990,2025-05-26 02:40:41,42.3985023498535,-8.92085933685303,"Female"
"9004156",371990,2025-05-26 02:45:47,42.3985595703125,-8.92086315155029,"Female"
"9004156",371990,2025-05-26 02:50:50,42.3985862731934,-8.92099475860596,"Female"
"9004156",371990,2025-05-26 02:56:05,42.398551940918,-8.92098331451416,"Female"
"9004156",371990,2025-05-26 03:00:46,42.398624420166,-8.92103290557861,"Female"
"9004156",371990,2025-05-26 03:05:59,42.3985404968262,-8.9212007522583,"Female"
"9004156",371990,2025-05-26 03:10:46,42.3986663818359,-8.92090892791748,"Female"
"9004156",371990,2025-05-26 03:16:05,42.3986625671387,-8.92097568511963,"Female"
"9004156",371990,2025-05-26 03:20:42,42.3986282348633,-8.92096614837646,"Female"
"9004156",371990,2025-05-26 03:25:38,42.3985862731934,-8.92088508605957,"Female"
"9004156",371990,2025-05-26 03:30:45,42.3987350463867,-8.92101287841797,"Female"
"9004156",371990,2025-05-26 03:36:11,42.3984527587891,-8.92092418670654,"Female"
"9004156",371990,2025-05-26 03:40:46,42.398567199707,-8.92089653015137,"Female"
"9004156",371990,2025-05-26 03:45:38,42.398567199707,-8.92086696624756,"Female"
"9004156",371990,2025-05-26 03:50:37,42.3985366821289,-8.92086601257324,"Female"
"9004156",371990,2025-05-26 03:55:37,42.3985824584961,-8.92086410522461,"Female"
"9004156",371990,2025-05-26 04:00:37,42.3985443115234,-8.92079830169678,"Female"
"9004156",371990,2025-05-26 04:05:38,42.3985824584961,-8.92088603973389,"Female"
"9004156",371990,2025-05-26 04:10:38,42.3985366821289,-8.92078018188477,"Female"
"9004156",371990,2025-05-26 04:15:52,42.3984298706055,-8.92051410675049,"Female"
"9004156",371990,2025-05-26 04:20:45,42.3985862731934,-8.92101192474365,"Female"
"9004156",371990,2025-05-26 04:25:42,42.3984985351562,-8.92084980010986,"Female"
"9004156",371990,2025-05-26 04:30:48,42.3983154296875,-8.92030334472656,"Female"
"9004156",371990,2025-05-26 04:36:29,42.398567199707,-8.92084217071533,"Female"
"9004156",371990,2025-05-26 04:40:40,42.3985595703125,-8.92087745666504,"Female"
"9004156",371990,2025-05-26 04:46:14,42.3986167907715,-8.92094707489014,"Female"
"9004156",371990,2025-05-26 04:52:01,42.398567199707,-8.92098140716553,"Female"
"9004156",371990,2025-05-26 04:57:01,42.3985633850098,-8.92092895507812,"Female"
"9004156",371990,2025-05-26 05:01:14,42.398551940918,-8.92101383209229,"Female"
"9004156",371990,2025-05-26 05:05:40,42.3986511230469,-8.92104244232178,"Female"
"9004156",371990,2025-05-26 05:10:42,42.3985328674316,-8.92085266113281,"Female"
"9004156",371990,2025-05-26 05:15:38,42.3984260559082,-8.92117023468018,"Female"
"9004156",371990,2025-05-26 05:20:48,42.3984184265137,-8.92108917236328,"Female"
"9004156",371990,2025-05-26 05:26:05,42.3984870910645,-8.92100429534912,"Female"
"9004156",371990,2025-05-26 05:30:38,42.3985900878906,-8.9205150604248,"Female"
"9004156",371990,2025-05-26 05:35:40,42.4033508300781,-8.92312335968018,"Female"
"9004156",371990,2025-05-26 05:40:39,42.4034309387207,-8.92320728302002,"Female"
"9004156",371990,2025-05-26 05:45:38,42.4267539978027,-8.92948627471924,"Female"
"9004156",371990,2025-05-26 05:51:13,42.4557418823242,-8.93954944610596,"Female"
"9004156",371990,2025-05-26 05:55:40,42.4702186584473,-8.94370079040527,"Female"
"9004156",371990,2025-05-26 06:00:39,42.4701995849609,-8.94333648681641,"Female"
"9004156",371990,2025-05-26 06:05:48,42.4701232910156,-8.94323253631592,"Female"
"9004156",371990,2025-05-26 06:10:41,42.4817123413086,-8.93111705780029,"Female"
"9004156",371990,2025-05-26 06:16:36,42.4821891784668,-8.93132591247559,"Female"
"9004156",371990,2025-05-26 06:21:29,42.4827117919922,-8.93159103393555,"Female"
"9004156",371990,2025-05-26 06:27:30,42.4825325012207,-8.93099594116211,"Female"
"9004156",371990,2025-05-26 06:32:28,42.4834365844727,-8.93004131317139,"Female"
"9004156",371990,2025-05-26 06:37:24,42.4833374023438,-8.92993450164795,"Female"
"9004156",371990,2025-05-26 06:42:34,42.4837188720703,-8.92890644073486,"Female"
"9004156",371990,2025-05-26 06:47:39,42.4839782714844,-8.92863082885742,"Female"
"9004156",371990,2025-05-26 06:52:39,42.4839096069336,-8.92847633361816,"Female"
"9004156",371990,2025-05-26 06:57:39,42.4838752746582,-8.92829608917236,"Female"
"9004156",371990,2025-05-26 07:02:39,42.4838600158691,-8.92838478088379,"Female"
"9004156",371990,2025-05-26 07:08:01,42.4839744567871,-8.92856788635254,"Female"
"9004156",371990,2025-05-26 07:12:33,42.4839630126953,-8.92860221862793,"Female"
"9004156",371990,2025-05-26 07:17:33,42.4839515686035,-8.92865467071533,"Female"
"9004156",371990,2025-05-26 08:15:01,42.483570098877,-8.92750549316406,"Female"
"9004156",371990,2025-05-26 08:20:18,42.4850273132324,-8.92891502380371,"Female"
"9004156",371990,2025-05-26 08:25:40,42.4853515625,-8.9301290512085,"Female"
"9004156",371990,2025-05-26 08:31:40,42.4846878051758,-8.93032550811768,"Female"
"9004156",371990,2025-05-26 08:36:38,42.484806060791,-8.93023014068604,"Female"
"9004156",371990,2025-05-26 08:42:05,42.4843215942383,-8.92920112609863,"Female"
"9004156",371990,2025-05-26 08:48:06,42.4850311279297,-8.92847442626953,"Female"
"9004156",371990,2025-05-26 08:53:03,42.4853324890137,-8.92793846130371,"Female"
"9004156",371990,2025-05-26 08:58:38,42.4851188659668,-8.92695617675781,"Female"
"9004156",371990,2025-05-26 09:03:36,42.4846076965332,-8.9269847869873,"Female"
"9004156",371990,2025-05-26 09:08:33,42.4846343994141,-8.92707347869873,"Female"
"9004156",371990,2025-05-26 09:13:39,42.4838562011719,-8.92190265655518,"Female"
"9004156",371990,2025-05-26 09:18:45,42.4837646484375,-8.92053699493408,"Female"
"9004156",371990,2025-05-26 09:24:17,42.4839401245117,-8.92134666442871,"Female"
"9004156",371990,2025-05-26 09:30:23,42.4843940734863,-8.92281341552734,"Female"
"9004156",371990,2025-05-26 09:35:23,42.4847068786621,-8.9231071472168,"Female"
"9004156",371990,2025-05-26 09:40:36,42.4850196838379,-8.92431640625,"Female"
"9004156",371990,2025-05-26 09:45:31,42.4850196838379,-8.92427635192871,"Female"
"9004156",371990,2025-05-26 09:50:31,42.4850044250488,-8.92419528961182,"Female"
"9004156",371990,2025-05-26 09:55:53,42.4777946472168,-8.94017314910889,"Female"
"9004156",371990,2025-05-26 10:00:19,42.4345626831055,-8.93741226196289,"Female"
"9004156",371990,2025-05-26 10:06:41,42.3985481262207,-8.92074012756348,"Female"
"9004156",371990,2025-05-26 10:11:29,42.398551940918,-8.92074489593506,"Female"
"9004156",371990,2025-05-26 10:16:41,42.3985786437988,-8.92087364196777,"Female"
"9004156",371990,2025-05-26 10:21:41,42.398567199707,-8.92087078094482,"Female"
"9004156",371990,2025-05-26 10:26:23,42.398509979248,-8.92077255249023,"Female"
"9004156",371990,2025-05-26 10:30:18,42.3985176086426,-8.92080211639404,"Female"
"9004156",371990,2025-05-26 10:35:17,42.3985366821289,-8.92092323303223,"Female"
"9004156",371990,2025-05-26 10:40:19,42.398551940918,-8.92084789276123,"Female"
"9004156",371990,2025-05-26 10:45:20,42.3985328674316,-8.92092418670654,"Female"
"9004156",371990,2025-05-26 10:50:18,42.398494720459,-8.92085266113281,"Female"
"9004156",371990,2025-05-26 10:55:44,42.3984985351562,-8.92087745666504,"Female"
"9004156",371990,2025-05-26 11:00:21,42.3985061645508,-8.92085742950439,"Female"
"9004156",371990,2025-05-26 11:05:20,42.3985290527344,-8.9207181930542,"Female"
"9004156",371990,2025-05-26 11:10:19,42.3984718322754,-8.92080116271973,"Female"
"9004156",371990,2025-05-26 11:15:18,42.3982620239258,-8.92086982727051,"Female"
"9004156",371990,2025-05-26 11:20:19,42.3983459472656,-8.92087650299072,"Female"
"9004156",371990,2025-05-26 11:25:19,42.3981475830078,-8.92056751251221,"Female"
"9004156",371990,2025-05-26 11:30:19,42.3984603881836,-8.92072677612305,"Female"
"9004156",371990,2025-05-26 11:35:21,42.398365020752,-8.92072582244873,"Female"
"9004156",371990,2025-05-26 11:40:22,42.3986053466797,-8.92103481292725,"Female"
"9004156",371990,2025-05-26 11:45:22,42.3987045288086,-8.92109107971191,"Female"
"9004156",371990,2025-05-26 11:50:33,42.3986053466797,-8.9210729598999,"Female"
"9004156",371990,2025-05-26 11:55:21,42.3985481262207,-8.92093944549561,"Female"
"9004156",371990,2025-05-26 12:00:44,42.3984107971191,-8.92108917236328,"Female"
"9004156",371990,2025-05-26 12:05:22,42.3985290527344,-8.92081069946289,"Female"
"9004156",371990,2025-05-26 12:10:22,42.398494720459,-8.92074871063232,"Female"
"9004156",371990,2025-05-26 12:15:23,42.3984794616699,-8.92109489440918,"Female"
"9004156",371990,2025-05-26 12:20:31,42.398624420166,-8.92116355895996,"Female"
"9004156",371990,2025-05-26 12:25:31,42.4053497314453,-8.92114639282227,"Female"
"9004156",371990,2025-05-26 12:30:32,42.4310646057129,-8.92774772644043,"Female"
"9004156",371990,2025-05-26 12:35:31,42.456672668457,-8.93842220306396,"Female"
"9004156",371990,2025-05-26 12:40:23,42.4706573486328,-8.94133853912354,"Female"
"9004156",371990,2025-05-26 12:46:23,42.4823722839355,-8.92724990844727,"Female"
"9004156",371990,2025-05-26 12:51:23,42.4819946289062,-8.92649936676025,"Female"
"9004156",371990,2025-05-26 12:57:20,42.4827117919922,-8.92562484741211,"Female"
"9004156",371990,2025-05-26 13:02:17,42.4849052429199,-8.92490768432617,"Female"
"9004156",371990,2025-05-26 13:07:17,42.484920501709,-8.92535209655762,"Female"
"9004156",371990,2025-05-26 13:12:19,42.4849052429199,-8.92502784729004,"Female"
"9004156",371990,2025-05-26 13:17:31,42.4848937988281,-8.92470455169678,"Female"
"9004156",371990,2025-05-26 13:22:13,42.4849739074707,-8.92461681365967,"Female"
"9004156",371990,2025-05-26 13:27:12,42.4849319458008,-8.92473220825195,"Female"
"9004156",371990,2025-05-26 13:32:13,42.4849090576172,-8.92467498779297,"Female"
"9004156",371990,2025-05-26 13:37:13,42.4849128723145,-8.92478656768799,"Female"
"9004156",371990,2025-05-26 13:42:13,42.4850540161133,-8.92467212677002,"Female"
"9004156",371990,2025-05-26 13:47:13,42.4847755432129,-8.92382717132568,"Female"
"9004156",371990,2025-05-26 13:52:32,42.4845008850098,-8.92303085327148,"Female"
"9004156",371990,2025-05-26 13:57:49,42.483699798584,-8.92195510864258,"Female"
"9004156",371990,2025-05-26 14:02:48,42.4843063354492,-8.92041969299316,"Female"
"9004156",371990,2025-05-26 14:08:03,42.4851875305176,-8.9207592010498,"Female"
"9004156",371990,2025-05-26 14:13:02,42.4856719970703,-8.92125225067139,"Female"
"9004156",371990,2025-05-26 14:18:06,42.4870643615723,-8.92071533203125,"Female"
"9004156",371990,2025-05-26 14:23:01,42.4870071411133,-8.92067337036133,"Female"
"9004156",371990,2025-05-26 14:28:01,42.4870223999023,-8.92069911956787,"Female"
"9004156",371990,2025-05-26 14:33:01,42.4870529174805,-8.92067718505859,"Female"
"9004156",371990,2025-05-26 14:38:01,42.4869956970215,-8.92075443267822,"Female"
"9004156",371990,2025-05-26 14:43:01,42.4870300292969,-8.92075443267822,"Female"
"9004156",371990,2025-05-26 14:48:21,42.4856109619141,-8.91873931884766,"Female"
"9004156",371990,2025-05-26 14:53:39,42.4849548339844,-8.91872501373291,"Female"
"9004156",371990,2025-05-26 14:59:13,42.4848899841309,-8.91772174835205,"Female"
"9004156",371990,2025-05-26 15:05:09,42.4854011535645,-8.9166202545166,"Female"
"9004156",371990,2025-05-26 15:10:08,42.4858360290527,-8.91689968109131,"Female"
"9004156",371990,2025-05-26 15:14:55,42.4858589172363,-8.91680526733398,"Female"
"9004156",371990,2025-05-26 15:19:56,42.4857711791992,-8.91693305969238,"Female"
"9004156",371990,2025-05-26 15:24:55,42.4858245849609,-8.91689300537109,"Female"
"9004156",371990,2025-05-26 15:29:55,42.4857177734375,-8.91694450378418,"Female"
"9004156",371990,2025-05-26 15:34:57,42.4856796264648,-8.91692066192627,"Female"
"9004156",371990,2025-05-26 15:40:39,42.4854621887207,-8.91491794586182,"Female"
"9004156",371990,2025-05-26 15:46:14,42.4850959777832,-8.91368961334229,"Female"
"9004156",371990,2025-05-26 15:51:36,42.4848022460938,-8.91298961639404,"Female"
"9004156",371990,2025-05-26 15:56:36,42.485034942627,-8.91249084472656,"Female"
"9004156",371990,2025-05-26 16:01:32,42.4853553771973,-8.91305351257324,"Female"
"9004156",371990,2025-05-26 16:06:36,42.4853591918945,-8.91300773620605,"Female"
"9004156",371990,2025-05-26 16:11:35,42.4854354858398,-8.91309642791748,"Female"
"9004156",371990,2025-05-26 16:16:33,42.4854507446289,-8.91308879852295,"Female"
"9004156",371990,2025-05-26 16:22:05,42.4853057861328,-8.9129753112793,"Female"
"9004156",371990,2025-05-26 16:26:31,42.4853782653809,-8.91298198699951,"Female"
"9004156",371990,2025-05-26 16:31:31,42.4847717285156,-8.91319274902344,"Female"
"9004156",371990,2025-05-26 16:36:32,42.4839820861816,-8.91275024414062,"Female"
"9004156",371990,2025-05-26 16:41:32,42.484317779541,-8.91200733184814,"Female"
"9004156",371990,2025-05-26 16:46:55,42.4842567443848,-8.91097736358643,"Female"
"9004156",371990,2025-05-26 16:52:10,42.4835319519043,-8.9107084274292,"Female"
"9004156",371990,2025-05-26 16:58:06,42.4830474853516,-8.91129779815674,"Female"
"9004156",371990,2025-05-26 17:03:03,42.4831886291504,-8.91229343414307,"Female"
"9004156",371990,2025-05-26 17:08:03,42.4827308654785,-8.92176151275635,"Female"
"9004156",371990,2025-05-26 17:13:03,42.4465026855469,-8.93982315063477,"Female"
"9004156",371990,2025-05-26 17:18:03,42.3979606628418,-8.92044639587402,"Female"
"9004156",371990,2025-05-26 17:23:31,42.3979988098145,-8.92053031921387,"Female"
"9004156",371990,2025-05-26 17:28:04,42.3980445861816,-8.92042922973633,"Female"
"9004156",371990,2025-05-26 17:33:03,42.400577545166,-8.92095470428467,"Female"
"9004156",371990,2025-05-26 17:38:09,42.3985443115234,-8.92097759246826,"Female"
"9004156",371990,2025-05-26 17:43:11,42.3990859985352,-8.92060470581055,"Female"
"9004156",371990,2025-05-26 17:48:12,42.3984870910645,-8.92074012756348,"Female"
"9004156",371990,2025-05-26 17:53:12,42.3985290527344,-8.9207592010498,"Female"
"9004156",371990,2025-05-26 17:58:08,42.3984184265137,-8.92081451416016,"Female"
"9004156",371990,2025-05-26 18:03:15,42.3985404968262,-8.92105770111084,"Female"
"9004156",371990,2025-05-26 18:08:20,42.3988723754883,-8.92094707489014,"Female"
"9004156",371990,2025-05-26 18:13:20,42.3984680175781,-8.92089653015137,"Female"
"9004156",371990,2025-05-26 18:18:12,42.399715423584,-8.92010307312012,"Female"
"9004156",371990,2025-05-26 18:23:12,42.3987197875977,-8.92082214355469,"Female"
"9004156",371990,2025-05-26 18:28:12,42.398494720459,-8.92090892791748,"Female"
"9004156",371990,2025-05-26 18:33:04,42.3985557556152,-8.92081069946289,"Female"
"9004156",371990,2025-05-26 18:38:09,42.3984794616699,-8.92087650299072,"Female"
"9004156",371990,2025-05-26 18:43:09,42.3984718322754,-8.92098236083984,"Female"
"9004156",371990,2025-05-26 18:48:11,42.3982086181641,-8.92076206207275,"Female"
"9004156",371990,2025-05-26 18:53:07,42.3984603881836,-8.92090129852295,"Female"
"9004156",371990,2025-05-26 18:58:08,42.3985404968262,-8.92091846466064,"Female"
"9004156",371990,2025-05-26 19:03:06,42.398494720459,-8.92092418670654,"Female"
"9004156",371990,2025-05-26 19:08:06,42.3984375,-8.92080211639404,"Female"
"9004156",371990,2025-05-26 19:13:44,42.3984184265137,-8.92096519470215,"Female"
"9004156",371990,2025-05-26 19:18:13,42.3984985351562,-8.92090702056885,"Female"
"9004156",371990,2025-05-26 19:23:08,42.3984718322754,-8.92094898223877,"Female"
"9004156",371990,2025-05-26 19:28:06,42.3984909057617,-8.92092132568359,"Female"
"9004156",371990,2025-05-26 19:33:06,42.3984031677246,-8.92091083526611,"Female"
"9004156",371990,2025-05-26 19:38:07,42.3983268737793,-8.92093563079834,"Female"
"9004156",371990,2025-05-26 19:43:19,42.398193359375,-8.92105293273926,"Female"
"9004156",371990,2025-05-26 19:48:10,42.3984107971191,-8.92086505889893,"Female"
"9004156",371990,2025-05-26 19:53:08,42.3982238769531,-8.92095756530762,"Female"
"9004156",371990,2025-05-26 19:58:08,42.3984642028809,-8.92099666595459,"Female"
"9004156",371990,2025-05-26 20:03:09,42.3984756469727,-8.92096900939941,"Female"
"9004156",371990,2025-05-26 20:08:08,42.3985900878906,-8.92093372344971,"Female"
"9004156",371990,2025-05-26 20:13:10,42.3985061645508,-8.92091464996338,"Female"
"9004156",371990,2025-05-26 20:18:35,42.3985710144043,-8.92095184326172,"Female"
"9004156",371990,2025-05-26 20:23:07,42.3985633850098,-8.92100238800049,"Female"
"9004156",371990,2025-05-26 20:28:10,42.3985214233398,-8.92098617553711,"Female"
"9004156",371990,2025-05-26 20:33:07,42.3987655639648,-8.92085742950439,"Female"
"9004156",371990,2025-05-26 20:38:06,42.3986625671387,-8.9209680557251,"Female"
"9004156",371990,2025-05-26 20:43:14,42.3987770080566,-8.92087936401367,"Female"
"9004156",371990,2025-05-26 20:48:07,42.398681640625,-8.92091655731201,"Female"
"9004156",371990,2025-05-26 20:53:03,42.3985900878906,-8.92094326019287,"Female"
"9004156",371990,2025-05-26 20:58:06,42.3983421325684,-8.92091846466064,"Female"
"9004156",371990,2025-05-26 21:03:09,42.3981132507324,-8.92094707489014,"Female"
"9004156",371990,2025-05-26 21:08:11,42.3983612060547,-8.92087745666504,"Female"
"9004156",371990,2025-05-26 21:13:09,42.3984909057617,-8.92078113555908,"Female"
"9004156",371990,2025-05-26 21:18:16,42.3984680175781,-8.92091941833496,"Female"
"9004156",371990,2025-05-26 21:23:12,42.3984031677246,-8.92097759246826,"Female"
"9004156",371990,2025-05-26 21:28:18,42.3984794616699,-8.92096900939941,"Female"
"9004156",371990,2025-05-26 21:33:14,42.398494720459,-8.92092800140381,"Female"
"9004156",371990,2025-05-26 21:38:09,42.3985633850098,-8.92085933685303,"Female"
"9004156",371990,2025-05-26 21:43:35,42.3985404968262,-8.92096710205078,"Female"
"9004156",371990,2025-05-26 21:48:07,42.3985595703125,-8.92090797424316,"Female"
"9004156",371990,2025-05-26 21:53:07,42.3985214233398,-8.92104625701904,"Female"
"9004156",371990,2025-05-26 21:58:07,42.3985061645508,-8.92095851898193,"Female"
"9004156",371990,2025-05-26 22:03:07,42.3984985351562,-8.92111396789551,"Female"
"9004156",371990,2025-05-26 22:08:11,42.3984832763672,-8.92131519317627,"Female"
"9004156",371990,2025-05-26 22:13:08,42.3984985351562,-8.92103481292725,"Female"
"9004156",371990,2025-05-26 22:18:08,42.3984985351562,-8.92117977142334,"Female"
"9004156",371990,2025-05-26 22:23:08,42.3985443115234,-8.92113780975342,"Female"
"9004156",371990,2025-05-26 22:28:10,42.3985290527344,-8.92104244232178,"Female"
"9004156",371990,2025-05-26 22:33:09,42.3984909057617,-8.92083835601807,"Female"
"9004156",371990,2025-05-26 22:38:12,42.398120880127,-8.92047786712646,"Female"
"9004156",371990,2025-05-26 22:43:14,42.3983268737793,-8.92080307006836,"Female"
"9004156",371990,2025-05-26 22:48:14,42.398509979248,-8.92114162445068,"Female"
"9004156",371990,2025-05-26 22:53:18,42.3986854553223,-8.92142295837402,"Female"
"9004156",371990,2025-05-26 22:59:28,42.3982009887695,-8.921142578125,"Female"
"9004156",371990,2025-05-26 23:03:12,42.3984985351562,-8.92117786407471,"Female"
"9004156",371990,2025-05-26 23:08:34,42.3985824584961,-8.92101192474365,"Female"
"9004156",371990,2025-05-26 23:13:22,42.3984336853027,-8.92079067230225,"Female"
"9004156",371990,2025-05-26 23:18:16,42.3983993530273,-8.9205322265625,"Female"
"9004156",371990,2025-05-26 23:23:35,42.3986434936523,-8.92082786560059,"Female"
"9004156",371990,2025-05-26 23:28:08,42.3984603881836,-8.92084217071533,"Female"
"9004156",371990,2025-05-26 23:33:09,42.3984680175781,-8.92081546783447,"Female"
"9004156",371990,2025-05-26 23:38:09,42.3984451293945,-8.92085933685303,"Female"
"9004156",371990,2025-05-26 23:43:30,42.3983459472656,-8.92074108123779,"Female"
"9004156",371990,2025-05-26 23:48:34,42.3985328674316,-8.92083263397217,"Female"
"9004156",371990,2025-05-26 23:53:48,42.3985633850098,-8.92081546783447,"Female"
"9004156",371990,2025-05-26 23:59:27,42.3985900878906,-8.92088031768799,"Female"
"9004156",371990,2025-05-27 00:03:19,42.3985328674316,-8.92074298858643,"Female"
"9004156",371990,2025-05-27 00:08:11,42.398567199707,-8.92089366912842,"Female"
"9004156",371990,2025-05-27 00:14:27,42.3984870910645,-8.92118740081787,"Female"
"9004156",371990,2025-05-27 00:18:13,42.3985290527344,-8.92101764678955,"Female"
"9004156",371990,2025-05-27 00:24:28,42.3984642028809,-8.92102146148682,"Female"
"9004156",371990,2025-05-27 00:29:28,42.3985137939453,-8.92114067077637,"Female"
"9004156",371990,2025-05-27 00:34:27,42.3984985351562,-8.92106819152832,"Female"
"9004156",371990,2025-05-27 00:38:35,42.3985023498535,-8.92107009887695,"Female"
"9004156",371990,2025-05-27 00:43:43,42.3985900878906,-8.92131042480469,"Female"
"9004156",371990,2025-05-27 00:48:35,42.3985404968262,-8.9210147857666,"Female"
"9004156",371990,2025-05-27 00:53:10,42.3986358642578,-8.9210262298584,"Female"
"9004156",371990,2025-05-27 00:58:09,42.3985481262207,-8.92117309570312,"Female"
"9004156",371990,2025-05-27 01:04:27,42.3986968994141,-8.92113780975342,"Female"
"9004156",371990,2025-05-27 01:08:08,42.3985824584961,-8.92124843597412,"Female"
"9004156",371990,2025-05-27 01:13:16,42.3985061645508,-8.92166423797607,"Female"
"9004156",371990,2025-05-27 01:19:27,42.3984489440918,-8.92208003997803,"Female"
"9004156",371990,2025-05-27 01:24:27,42.3983612060547,-8.921950340271,"Female"
"9004156",371990,2025-05-27 01:29:27,42.398509979248,-8.92185974121094,"Female"
"9004156",371990,2025-05-27 01:34:27,42.3983879089355,-8.92113018035889,"Female"
"9004156",371990,2025-05-27 01:39:27,42.3985633850098,-8.92151546478271,"Female"
"9004156",371990,2025-05-27 01:44:14,42.3986282348633,-8.92132568359375,"Female"
"9004156",371990,2025-05-27 01:49:27,42.3985900878906,-8.92147350311279,"Female"
"9004156",371990,2025-05-27 01:54:27,42.3985824584961,-8.92153644561768,"Female"
"9004156",371990,2025-05-27 01:59:27,42.3985404968262,-8.9209451675415,"Female"
"9004156",371990,2025-05-27 02:04:27,42.3986358642578,-8.92167472839355,"Female"
"9004156",371990,2025-05-27 02:19:27,42.3984069824219,-8.92018127441406,"Female"
"9004156",371990,2025-05-27 02:23:38,42.3985443115234,-8.92099857330322,"Female"
"9004156",371990,2025-05-27 02:28:44,42.3985366821289,-8.92105960845947,"Female"
"9004156",371990,2025-05-27 02:34:27,42.398509979248,-8.92097568511963,"Female"
"9004156",371990,2025-05-27 02:39:27,42.3985290527344,-8.92092609405518,"Female"
"9004156",371990,2025-05-27 02:43:14,42.3986282348633,-8.92110347747803,"Female"
"9004156",371990,2025-05-27 02:49:27,42.3984909057617,-8.92092990875244,"Female"
"9004156",371990,2025-05-27 02:54:27,42.3985443115234,-8.92113971710205,"Female"
"9004156",371990,2025-05-27 02:58:24,42.398509979248,-8.92133808135986,"Female"
"9004156",371990,2025-05-27 03:03:46,42.3983879089355,-8.92134571075439,"Female"
"9004156",371990,2025-05-27 03:09:07,42.3985214233398,-8.92123317718506,"Female"
"9004156",371990,2025-05-27 03:13:32,42.3984909057617,-8.92119407653809,"Female"
"9004156",371990,2025-05-27 03:18:30,42.398494720459,-8.92117118835449,"Female"
"9004156",371990,2025-05-27 03:23:49,42.3984642028809,-8.92120933532715,"Female"
"9004156",371990,2025-05-27 03:33:18,42.3984107971191,-8.92196273803711,"Female"
"9004156",371990,2025-05-27 03:38:32,42.398380279541,-8.92233085632324,"Female"
"9004156",371990,2025-05-27 04:08:49,42.3985061645508,-8.92056179046631,"Female"
"9004156",371990,2025-05-27 04:13:45,42.3984184265137,-8.92148399353027,"Female"
"9004156",371990,2025-05-27 04:19:07,42.3985481262207,-8.92078971862793,"Female"
"9004156",371990,2025-05-27 04:23:13,42.3985137939453,-8.9209098815918,"Female"
"9004156",371990,2025-05-27 04:28:11,42.3985214233398,-8.92073631286621,"Female"
"9004156",371990,2025-05-27 04:33:13,42.3987197875977,-8.92072677612305,"Female"
"9004156",371990,2025-05-27 04:38:20,42.3985900878906,-8.92060565948486,"Female"
"9004156",371990,2025-05-27 04:44:02,42.3985176086426,-8.92065238952637,"Female"
"9004156",371990,2025-05-27 04:49:27,42.3985214233398,-8.92100143432617,"Female"
"9004156",371990,2025-05-27 04:54:09,42.4027404785156,-8.9222412109375,"Female"
"9004156",371990,2025-05-27 04:58:09,42.4027900695801,-8.92231178283691,"Female"
"9004156",371990,2025-05-27 05:03:14,42.4255256652832,-8.92773246765137,"Female"
"9004156",371990,2025-05-27 05:08:07,42.4519805908203,-8.93639373779297,"Female"
"9004156",371990,2025-05-27 05:13:04,42.4794883728027,-8.93982696533203,"Female"
"9004156",371990,2025-05-27 05:18:06,42.482852935791,-8.93069267272949,"Female"
"9004156",371990,2025-05-27 05:23:06,42.4833183288574,-8.92175197601318,"Female"
"9004156",371990,2025-05-27 05:28:54,42.4831161499023,-8.92171382904053,"Female"
"9004156",371990,2025-05-27 05:34:43,42.4839630126953,-8.92038249969482,"Female"
"9004156",371990,2025-05-27 05:40:29,42.4840888977051,-8.91982269287109,"Female"
"9004156",371990,2025-05-27 05:45:48,42.4832649230957,-8.92001819610596,"Female"
"9004156",371990,2025-05-27 05:50:22,42.4835166931152,-8.92003536224365,"Female"
"9004156",371990,2025-05-27 05:55:19,42.4834289550781,-8.91998863220215,"Female"
"9004156",371990,2025-05-27 06:00:35,42.4837913513184,-8.92012786865234,"Female"
"9004156",371990,2025-05-27 06:05:08,42.4838371276855,-8.92005348205566,"Female"
"9004156",371990,2025-05-27 06:10:08,42.4838104248047,-8.92013931274414,"Female"
"9004156",371990,2025-05-27 06:15:10,42.4830055236816,-8.9194803237915,"Female"
"9004156",371990,2025-05-27 06:20:42,42.4831771850586,-8.91885757446289,"Female"
"9004156",371990,2025-05-27 06:26:26,42.4831428527832,-8.92049217224121,"Female"
"9004156",371990,2025-05-27 06:31:26,42.4837646484375,-8.92009925842285,"Female"
"9004156",371990,2025-05-27 06:36:26,42.4837493896484,-8.92013835906982,"Female"
"9004156",371990,2025-05-27 06:41:25,42.4838180541992,-8.92006587982178,"Female"
"9004156",371990,2025-05-27 06:46:24,42.4839477539062,-8.920090675354,"Female"
"9004156",371990,2025-05-27 06:51:24,42.4838714599609,-8.92017650604248,"Female"
"9004156",371990,2025-05-27 06:56:23,42.4839248657227,-8.92018508911133,"Female"
"9004156",371990,2025-05-27 07:01:24,42.4838943481445,-8.92019367218018,"Female"
"9004156",371990,2025-05-27 07:06:24,42.4838562011719,-8.91932106018066,"Female"
"9004156",371990,2025-05-27 07:12:09,42.4837493896484,-8.91820049285889,"Female"
"9004156",371990,2025-05-27 07:17:52,42.4831199645996,-8.91709899902344,"Female"
"9004156",371990,2025-05-27 07:23:22,42.4825439453125,-8.91625022888184,"Female"
"9004156",371990,2025-05-27 07:29:18,42.4828987121582,-8.91573810577393,"Female"
"9004156",371990,2025-05-27 07:39:30,42.4833755493164,-8.91557884216309,"Female"
"9004156",371990,2025-05-27 07:44:31,42.4827308654785,-8.91477489471436,"Female"
"9004156",371990,2025-05-27 07:49:32,42.4832038879395,-8.91500091552734,"Female"
"9004156",371990,2025-05-27 07:54:33,42.4833450317383,-8.91620349884033,"Female"
"9004156",371990,2025-05-27 08:00:03,42.4840545654297,-8.91623115539551,"Female"
"9004156",371990,2025-05-27 08:04:58,42.4843673706055,-8.91702175140381,"Female"
"9004156",371990,2025-05-27 08:09:59,42.4844093322754,-8.91718769073486,"Female"
"9004156",371990,2025-05-27 08:14:59,42.4844665527344,-8.91720104217529,"Female"
"9004156",371990,2025-05-27 08:19:59,42.4844703674316,-8.91722393035889,"Female"
"9004156",371990,2025-05-27 08:35:36,42.484260559082,-8.91911506652832,"Female"
"9004156",371990,2025-05-27 08:41:23,42.4846725463867,-8.91940021514893,"Female"
"9004156",371990,2025-05-27 08:46:22,42.4843940734863,-8.92057037353516,"Female"
"9004156",371990,2025-05-27 08:51:20,42.4845161437988,-8.92145824432373,"Female"
"9004156",371990,2025-05-27 08:57:16,42.4846611022949,-8.92295837402344,"Female"
"9004156",371990,2025-05-27 09:02:15,42.4854469299316,-8.9233455657959,"Female"
"9004156",371990,2025-05-27 09:07:16,42.4854774475098,-8.92326736450195,"Female"
"9004156",371990,2025-05-27 09:12:15,42.4536399841309,-8.94209480285645,"Female"
"9004156",371990,2025-05-27 09:17:23,42.4061813354492,-8.92624664306641,"Female"
"9004156",371990,2025-05-27 09:23:38,42.3985595703125,-8.9207935333252,"Female"
"9004156",371990,2025-05-27 09:28:38,42.3985710144043,-8.92083930969238,"Female"
"9004156",371990,2025-05-27 09:33:38,42.3985557556152,-8.92095184326172,"Female"
"9004156",371990,2025-05-27 09:37:53,42.3985595703125,-8.92081165313721,"Female"
"9004156",371990,2025-05-27 09:42:15,42.3985061645508,-8.92086124420166,"Female"
"9004156",371990,2025-05-27 09:47:22,42.3984718322754,-8.92116641998291,"Female"
"9004156",371990,2025-05-27 09:52:18,42.3984184265137,-8.92121887207031,"Female"
"9004156",371990,2025-05-27 09:57:17,42.3985137939453,-8.92094039916992,"Female"
"9004156",371990,2025-05-27 10:02:21,42.398509979248,-8.92097568511963,"Female"
"9004156",371990,2025-05-27 10:08:14,42.3985404968262,-8.92098236083984,"Female"
"9004156",371990,2025-05-27 10:12:24,42.398609161377,-8.92100524902344,"Female"
"9004156",371990,2025-05-27 10:17:24,42.398380279541,-8.92116165161133,"Female"
"9004156",371990,2025-05-27 10:22:59,42.3985862731934,-8.92104148864746,"Female"
"9004156",371990,2025-05-27 10:27:16,42.3984146118164,-8.92087268829346,"Female"
"9004156",371990,2025-05-27 10:32:16,42.3984069824219,-8.92078495025635,"Female"
"9004156",371990,2025-05-27 10:37:17,42.3985595703125,-8.92088985443115,"Female"
"9004156",371990,2025-05-27 10:42:16,42.3985252380371,-8.92089939117432,"Female"
"9004156",371990,2025-05-27 10:47:16,42.3984718322754,-8.92089366912842,"Female"
"9004156",371990,2025-05-27 10:52:15,42.3984336853027,-8.92075157165527,"Female"
"9004156",371990,2025-05-27 10:57:17,42.3985214233398,-8.92083835601807,"Female"
"9004156",371990,2025-05-27 11:02:18,42.3985252380371,-8.92077445983887,"Female"
"9004156",371990,2025-05-27 11:07:19,42.3986511230469,-8.92075729370117,"Female"
"9004156",371990,2025-05-27 11:12:18,42.3986930847168,-8.92109203338623,"Female"
"9004156",371990,2025-05-27 11:17:18,42.3985443115234,-8.9207878112793,"Female"
"9004156",371990,2025-05-27 11:22:17,42.3986625671387,-8.92117977142334,"Female"
"9004156",371990,2025-05-27 11:27:44,42.3985481262207,-8.92090320587158,"Female"
"9004156",371990,2025-05-27 11:32:18,42.3985328674316,-8.9209451675415,"Female"
"9004156",371990,2025-05-27 11:37:19,42.3985633850098,-8.92089080810547,"Female"
"9004156",371990,2025-05-27 11:42:23,42.3985176086426,-8.92090320587158,"Female"
"9004156",371990,2025-05-27 11:47:40,42.3984603881836,-8.92086219787598,"Female"
"9004156",371990,2025-05-27 11:52:15,42.4205474853516,-8.92334461212158,"Female"
"9004156",371990,2025-05-27 11:57:15,42.450439453125,-8.93190956115723,"Female"
"9004156",371990,2025-05-27 12:02:15,42.4801063537598,-8.93660068511963,"Female"
"9004156",371990,2025-05-27 12:07:18,42.4839172363281,-8.92050075531006,"Female"
"9004156",371990,2025-05-27 12:13:32,42.4848937988281,-8.92114734649658,"Female"
"9004156",371990,2025-05-27 12:18:39,42.4855041503906,-8.92105865478516,"Female"
"9004156",371990,2025-05-27 12:24:14,42.4846839904785,-8.92122459411621,"Female"
"9004156",371990,2025-05-27 12:29:09,42.4849472045898,-8.92280578613281,"Female"
"9004156",371990,2025-05-27 12:34:11,42.4850616455078,-8.92207622528076,"Female"
"9004156",371990,2025-05-27 12:39:08,42.4850616455078,-8.92203712463379,"Female"
"9004156",371990,2025-05-27 12:44:06,42.485034942627,-8.92208671569824,"Female"
"9004156",371990,2025-05-27 12:49:06,42.485050201416,-8.92222499847412,"Female"
"9004156",371990,2025-05-27 12:54:04,42.4851150512695,-8.92189502716064,"Female"
"9004156",371990,2025-05-27 12:59:06,42.4850997924805,-8.92213249206543,"Female"
"9004156",371990,2025-05-27 13:04:09,42.485050201416,-8.92270469665527,"Female"
"9004156",371990,2025-05-27 13:09:10,42.4850692749023,-8.92197704315186,"Female"
"9004156",371990,2025-05-27 13:14:09,42.4850997924805,-8.92183780670166,"Female"
"9004156",371990,2025-05-27 13:19:08,42.4850769042969,-8.92185401916504,"Female"
"9004156",371990,2025-05-27 13:24:06,42.485107421875,-8.92185497283936,"Female"
"9004156",371990,2025-05-27 13:29:08,42.4852027893066,-8.92148113250732,"Female"
"9004156",371990,2025-05-27 13:34:45,42.4841766357422,-8.92331600189209,"Female"
"9004156",371990,2025-05-27 13:40:02,42.4841003417969,-8.92495727539062,"Female"
"9004156",371990,2025-05-27 13:46:14,42.4841537475586,-8.92594528198242,"Female"
"9004156",371990,2025-05-27 13:51:59,42.4838829040527,-8.92805099487305,"Female"
"9004156",371990,2025-05-27 13:56:51,42.481819152832,-8.93474197387695,"Female"
"9004156",371990,2025-05-27 14:02:05,42.4852180480957,-8.92453193664551,"Female"
"9004156",371990,2025-05-27 14:06:41,42.485221862793,-8.92453765869141,"Female"
"9004156",371990,2025-05-27 14:11:40,42.4852256774902,-8.92451667785645,"Female"
"9004156",371990,2025-05-27 14:16:40,42.4852447509766,-8.92449951171875,"Female"
"9004156",371990,2025-05-27 14:21:41,42.4852142333984,-8.92448139190674,"Female"
"9004156",371990,2025-05-27 14:26:41,42.4852409362793,-8.92448711395264,"Female"
"9004156",371990,2025-05-27 14:31:41,42.4852027893066,-8.92455577850342,"Female"
"9004156",371990,2025-05-27 14:36:41,42.4852066040039,-8.92455196380615,"Female"
"9004156",371990,2025-05-27 14:41:40,42.4853630065918,-8.92440128326416,"Female"
"9004156",371990,2025-05-27 14:47:22,42.4847793579102,-8.923996925354,"Female"
"9004156",371990,2025-05-27 14:53:27,42.485294342041,-8.92348194122314,"Female"
"9004156",371990,2025-05-27 14:58:27,42.4854736328125,-8.92479705810547,"Female"
"9004156",371990,2025-05-27 15:03:29,42.4859962463379,-8.92590999603271,"Female"
"9004156",371990,2025-05-27 15:09:43,42.4853591918945,-8.92700099945068,"Female"
"9004156",371990,2025-05-27 15:14:39,42.4849739074707,-8.92703056335449,"Female"
"9004156",371990,2025-05-27 15:19:34,42.4846611022949,-8.92710590362549,"Female"
"9004156",371990,2025-05-27 15:24:43,42.4846534729004,-8.92709159851074,"Female"
"9004156",371990,2025-05-27 15:29:39,42.4846572875977,-8.92709159851074,"Female"
"9004156",371990,2025-05-27 15:34:39,42.4846458435059,-8.92709827423096,"Female"
"9004156",371990,2025-05-27 15:39:39,42.4846382141113,-8.92712116241455,"Female"
"9004156",371990,2025-05-27 15:44:40,42.4846649169922,-8.92715644836426,"Female"
"9004156",371990,2025-05-27 16:01:39,42.4853935241699,-8.92829513549805,"Female"
"9004156",371990,2025-05-27 16:07:23,42.4853248596191,-8.92860412597656,"Female"
"9004156",371990,2025-05-27 16:12:53,42.4850425720215,-8.92806529998779,"Female"
"9004156",371990,2025-05-27 16:17:49,42.4850425720215,-8.92576599121094,"Female"
"9004156",371990,2025-05-27 16:23:15,42.4851913452148,-8.92647838592529,"Female"
"9004156",371990,2025-05-27 16:44:31,42.4853363037109,-8.92805290222168,"Female"
"9004156",371990,2025-05-27 16:49:24,42.485969543457,-8.92789363861084,"Female"
"9004156",371990,2025-05-27 16:54:23,42.4860305786133,-8.92784309387207,"Female"
"9004156",371990,2025-05-27 16:59:28,42.4861717224121,-8.92800140380859,"Female"
"9004156",371990,2025-05-27 17:04:22,42.4862098693848,-8.92803287506104,"Female"
"9004156",371990,2025-05-27 17:09:25,42.4860801696777,-8.92788982391357,"Female"
"9004156",371990,2025-05-27 17:14:43,42.4834899902344,-8.93274974822998,"Female"
"9004156",371990,2025-05-27 17:20:05,42.4350624084473,-8.93649768829346,"Female"
"9004156",371990,2025-05-27 17:25:34,42.3986167907715,-8.92099475860596,"Female"
"9004156",371990,2025-05-27 17:29:45,42.3994674682617,-8.92017936706543,"Female"
"9004156",371990,2025-05-27 17:35:14,42.3985748291016,-8.92081546783447,"Female"
"9004156",371990,2025-05-27 17:39:42,42.3986663818359,-8.92059326171875,"Female"
"9004156",371990,2025-05-27 17:44:44,42.3986053466797,-8.92083930969238,"Female"
"9004156",371990,2025-05-27 17:49:43,42.398754119873,-8.92077541351318,"Female"
"9004156",371990,2025-05-27 17:54:43,42.398509979248,-8.92071533203125,"Female"
"9004156",371990,2025-05-27 17:59:42,42.3987236022949,-8.92088890075684,"Female"
"9004156",371990,2025-05-27 18:04:43,42.3985252380371,-8.92080307006836,"Female"
"9004156",371990,2025-05-27 18:09:41,42.3985786437988,-8.92090606689453,"Female"
"9004156",371990,2025-05-27 18:14:58,42.3985900878906,-8.92092704772949,"Female"
"9004156",371990,2025-05-27 18:19:40,42.398567199707,-8.92087459564209,"Female"
"9004156",371990,2025-05-27 18:24:46,42.3988380432129,-8.92132377624512,"Female"
"9004156",371990,2025-05-27 18:29:51,42.3987998962402,-8.92132186889648,"Female"
"9004156",371990,2025-05-27 18:35:44,42.3985214233398,-8.92075538635254,"Female"
"9004156",371990,2025-05-27 18:39:53,42.3985633850098,-8.92092990875244,"Female"
"9004156",371990,2025-05-27 18:44:55,42.3985366821289,-8.92074012756348,"Female"
"9004156",371990,2025-05-27 18:49:52,42.3985481262207,-8.92085361480713,"Female"
"9004156",371990,2025-05-27 18:55:44,42.3985328674316,-8.9207935333252,"Female"
"9004156",371990,2025-05-27 18:59:50,42.3986892700195,-8.92107582092285,"Female"
"9004156",371990,2025-05-27 19:04:50,42.398624420166,-8.92099666595459,"Female"
"9004156",371990,2025-05-27 19:09:52,42.3985748291016,-8.92101192474365,"Female"
"9004156",371990,2025-05-27 19:14:52,42.3986701965332,-8.92117214202881,"Female"
"9004156",371990,2025-05-27 19:21:15,42.3986053466797,-8.92098140716553,"Female"
"9004156",371990,2025-05-27 19:26:15,42.398796081543,-8.92136287689209,"Female"
"9004156",371990,2025-05-27 19:30:14,42.3985214233398,-8.920729637146,"Female"
"9004156",371990,2025-05-27 19:34:53,42.3984184265137,-8.9207067489624,"Female"
"9004156",371990,2025-05-27 19:39:50,42.3981590270996,-8.92086219787598,"Female"
"9004156",371990,2025-05-27 19:44:51,42.3986358642578,-8.92046737670898,"Female"
"9004156",371990,2025-05-27 19:49:54,42.3983573913574,-8.92087268829346,"Female"
"9004156",371990,2025-05-27 19:54:50,42.3985176086426,-8.92022228240967,"Female"
"9004156",371990,2025-05-27 20:00:29,42.3986015319824,-8.92058658599854,"Female"
"9004156",371990,2025-05-27 20:04:52,42.3988914489746,-8.92039775848389,"Female"
"9004156",371990,2025-05-27 20:10:03,42.398738861084,-8.92093086242676,"Female"
"9004156",371990,2025-05-27 20:14:59,42.398754119873,-8.92098236083984,"Female"
"9004156",371990,2025-05-27 20:21:15,42.3988342285156,-8.92111110687256,"Female"
"9004156",371990,2025-05-27 20:26:15,42.3987007141113,-8.9209451675415,"Female"
"9004156",371990,2025-05-27 20:30:35,42.3987121582031,-8.92094230651855,"Female"
"9004156",371990,2025-05-27 20:34:52,42.3987312316895,-8.92113304138184,"Female"
"9004156",371990,2025-05-27 20:39:52,42.3986511230469,-8.92107105255127,"Female"
"9004156",371990,2025-05-27 20:44:50,42.3986282348633,-8.92105579376221,"Female"
"9004156",371990,2025-05-27 20:49:52,42.3984527587891,-8.92095279693604,"Female"
"9004156",371990,2025-05-27 20:54:51,42.3984184265137,-8.92087650299072,"Female"
"9004156",371990,2025-05-27 20:59:53,42.3984451293945,-8.92095947265625,"Female"
"9004156",371990,2025-05-27 21:04:53,42.398494720459,-8.92083263397217,"Female"
"9004156",371990,2025-05-27 21:09:53,42.3986854553223,-8.9210729598999,"Female"
"9004156",371990,2025-05-27 21:15:14,42.3985061645508,-8.92095947265625,"Female"
"9004156",371990,2025-05-27 21:19:53,42.3984260559082,-8.92072868347168,"Female"
"9004156",371990,2025-05-27 21:24:59,42.3985557556152,-8.92101287841797,"Female"
"9004156",371990,2025-05-27 21:29:53,42.3985748291016,-8.9207820892334,"Female"
"9004156",371990,2025-05-27 21:34:53,42.3985557556152,-8.92121982574463,"Female"
"9004156",371990,2025-05-27 21:39:59,42.398551940918,-8.92047691345215,"Female"
"9004156",371990,2025-05-27 21:44:59,42.3986663818359,-8.92072010040283,"Female"
"9004156",371990,2025-05-27 21:50:23,42.3985595703125,-8.92058944702148,"Female"
"9004156",371990,2025-05-27 21:55:00,42.3985137939453,-8.92061996459961,"Female"
"9004156",371990,2025-05-27 21:59:57,42.3985023498535,-8.92050552368164,"Female"
"9004156",371990,2025-05-27 22:04:59,42.3984832763672,-8.92050647735596,"Female"
"9004156",371990,2025-05-27 22:10:53,42.3985404968262,-8.9205904006958,"Female"
"9004156",371990,2025-05-27 22:15:35,42.3985290527344,-8.92077732086182,"Female"
"9004156",371990,2025-05-27 22:20:00,42.3985252380371,-8.92077255249023,"Female"
"9004156",371990,2025-05-27 22:25:00,42.3986167907715,-8.92086791992188,"Female"
"9004156",371990,2025-05-27 22:31:14,42.3986396789551,-8.92091941833496,"Female"
"9004156",371990,2025-05-27 22:34:55,42.3985710144043,-8.92104244232178,"Female"
"9004156",371990,2025-05-27 22:40:01,42.3986511230469,-8.92068481445312,"Female"
"9004156",371990,2025-05-27 22:44:55,42.3985748291016,-8.9210319519043,"Female"
"9004156",371990,2025-05-27 22:49:55,42.3984603881836,-8.92086410522461,"Female"
"9004156",371990,2025-05-27 22:54:57,42.3986701965332,-8.9208459854126,"Female"
"9004156",371990,2025-05-27 22:59:51,42.398509979248,-8.92078495025635,"Female"
"9004156",371990,2025-05-27 23:04:57,42.3987464904785,-8.92072010040283,"Female"
"9004156",371990,2025-05-27 23:10:05,42.3985710144043,-8.92084407806396,"Female"
"9004156",371990,2025-05-27 23:15:14,42.3985939025879,-8.92092609405518,"Female"
"9004156",371990,2025-05-27 23:20:00,42.3986053466797,-8.92039203643799,"Female"
"9004156",371990,2025-05-27 23:24:54,42.3988227844238,-8.92106151580811,"Female"
"9004156",371990,2025-05-27 23:30:09,42.3984146118164,-8.92061805725098,"Female"
"9004156",371990,2025-05-27 23:35:25,42.3984870910645,-8.92078685760498,"Female"
"9004156",371990,2025-05-27 23:40:23,42.3984794616699,-8.92083644866943,"Female"
"9004156",371990,2025-05-27 23:45:14,42.3984680175781,-8.9208812713623,"Female"
"9004156",371990,2025-05-27 23:51:15,42.3985328674316,-8.92088985443115,"Female"
"9004156",371990,2025-05-27 23:55:59,42.3985481262207,-8.92097568511963,"Female"
"9004156",371990,2025-05-27 23:59:53,42.3985595703125,-8.92101192474365,"Female"
"9004156",371990,2025-05-28 00:04:51,42.3985023498535,-8.92089939117432,"Female"
"9004156",371990,2025-05-28 00:09:52,42.3985214233398,-8.92094993591309,"Female"
"9004156",371990,2025-05-28 00:14:51,42.398509979248,-8.92088222503662,"Female"
"9004156",371990,2025-05-28 00:19:54,42.3985786437988,-8.92098617553711,"Female"
"9004156",371990,2025-05-28 00:24:51,42.3985366821289,-8.92090034484863,"Female"
"9004156",371990,2025-05-28 00:29:52,42.3985557556152,-8.92093658447266,"Female"
"9004156",371990,2025-05-28 00:34:52,42.3985404968262,-8.92095947265625,"Female"
"9004156",371990,2025-05-28 00:39:51,42.398551940918,-8.92092800140381,"Female"
"9004156",371990,2025-05-28 00:44:53,42.3985061645508,-8.92092037200928,"Female"
"9004156",371990,2025-05-28 00:50:01,42.3984527587891,-8.92082023620605,"Female"
"9004156",371990,2025-05-28 00:54:56,42.3984603881836,-8.92125511169434,"Female"
"9004156",371990,2025-05-28 01:00:01,42.3984680175781,-8.92121410369873,"Female"
"9004156",371990,2025-05-28 01:05:04,42.3985290527344,-8.92115211486816,"Female"
"9004156",371990,2025-05-28 01:16:15,42.3985557556152,-8.92120838165283,"Female"
"9004156",371990,2025-05-28 01:21:15,42.3986167907715,-8.92133331298828,"Female"
"9004156",371990,2025-05-28 01:26:15,42.3986320495605,-8.92130756378174,"Female"
"9004156",371990,2025-05-28 01:31:05,42.3985443115234,-8.92105197906494,"Female"
"9004156",371990,2025-05-28 01:34:54,42.3985404968262,-8.92112255096436,"Female"
"9004156",371990,2025-05-28 01:45:01,42.3985557556152,-8.92101669311523,"Female"
"9004156",371990,2025-05-28 01:50:43,42.3985252380371,-8.92085361480713,"Female"
"9004156",371990,2025-05-28 02:00:16,42.3986167907715,-8.9210205078125,"Female"
"9004156",371990,2025-05-28 02:11:15,42.3991241455078,-8.9221715927124,"Female"
"9004156",371990,2025-05-28 02:21:15,42.3986167907715,-8.92103862762451,"Female"
"9004156",371990,2025-05-28 02:31:15,42.3986282348633,-8.92100620269775,"Female"
"9004156",371990,2025-05-28 02:41:14,42.3992500305176,-8.91976261138916,"Female"
"9004156",371990,2025-05-28 03:01:14,42.3985633850098,-8.92094802856445,"Female"
"9004156",371990,2025-05-28 03:11:14,42.3985443115234,-8.92129230499268,"Female"
"9004156",371990,2025-05-28 03:20:59,42.3987922668457,-8.92089462280273,"Female"
"9004156",371990,2025-05-28 03:29:58,42.398754119873,-8.92127323150635,"Female"
"9004156",371990,2025-05-28 03:41:14,42.3986320495605,-8.92086124420166,"Female"
"9004156",371990,2025-05-28 03:51:14,42.398567199707,-8.92080116271973,"Female"
"9004156",371990,2025-05-28 04:01:14,42.3988494873047,-8.92085647583008,"Female"
"9004156",371990,2025-05-28 04:11:14,42.3984794616699,-8.92083263397217,"Female"
"9004156",371990,2025-05-28 04:21:14,42.3985252380371,-8.92109775543213,"Female"
"9004156",371990,2025-05-28 04:31:14,42.3985137939453,-8.9212818145752,"Female"
"9004156",371990,2025-05-28 04:40:23,42.3985137939453,-8.92090892791748,"Female"
"9004156",371990,2025-05-28 04:49:54,42.4026145935059,-8.92319583892822,"Female"
"9004156",371990,2025-05-28 04:59:52,42.4194946289062,-8.92726612091064,"Female"
"9004156",371990,2025-05-28 05:09:51,42.478931427002,-8.93815517425537,"Female"
"9004156",371990,2025-05-28 05:19:52,42.4824676513672,-8.92746162414551,"Female"
"9004156",371990,2025-05-28 05:30:07,42.4827308654785,-8.92599010467529,"Female"
"9004156",371990,2025-05-28 05:41:02,42.4829635620117,-8.92017269134521,"Female"
"9004156",371990,2025-05-28 05:51:02,42.4840965270996,-8.91837120056152,"Female"
"9004156",371990,2025-05-28 06:01:08,42.4840698242188,-8.91840076446533,"Female"
"9004156",371990,2025-05-28 06:11:06,42.4844017028809,-8.91943168640137,"Female"
"9004156",371990,2025-05-28 06:21:55,42.4830322265625,-8.91689014434814,"Female"
"9004156",371990,2025-05-28 06:32:32,42.4841804504395,-8.91658782958984,"Female"
"9004156",371990,2025-05-28 06:42:08,42.4841728210449,-8.91627788543701,"Female"
"9004156",371990,2025-05-28 06:52:14,42.4840278625488,-8.91607093811035,"Female"
"9004156",371990,2025-05-28 07:02:06,42.4840316772461,-8.91606712341309,"Female"
"9004156",371990,2025-05-28 07:12:07,42.4840507507324,-8.91597843170166,"Female"
"9004156",371990,2025-05-28 07:22:08,42.4840126037598,-8.9159460067749,"Female"
"9004156",371990,2025-05-28 07:32:07,42.4836730957031,-8.91793155670166,"Female"
"9004156",371990,2025-05-28 07:42:07,42.484245300293,-8.91878509521484,"Female"
"9004156",371990,2025-05-28 07:52:15,42.4848442077637,-8.91870784759521,"Female"
"9004156",371990,2025-05-28 08:02:09,42.4848861694336,-8.91850280761719,"Female"
"9004156",371990,2025-05-28 08:12:04,42.48486328125,-8.91840648651123,"Female"
"9004156",371990,2025-05-28 08:44:18,42.4837455749512,-8.91765689849854,"Female"
"9004156",371990,2025-05-28 08:56:06,42.4829788208008,-8.91958808898926,"Female"
"9004156",371990,2025-05-28 09:06:06,42.4839019775391,-8.9218578338623,"Female"
"9004156",371990,2025-05-28 09:17:03,42.4846878051758,-8.92307281494141,"Female"
"9004156",371990,2025-05-28 09:27:29,42.4857978820801,-8.92337226867676,"Female"
"9004156",371990,2025-05-28 09:37:06,42.485725402832,-8.92330646514893,"Female"
"9004156",371990,2025-05-28 09:48:05,42.4849891662598,-8.9277172088623,"Female"
"9004156",371990,2025-05-28 09:58:18,42.4849548339844,-8.92806339263916,"Female"
"9004156",371990,2025-05-28 10:08:18,42.4851722717285,-8.92794227600098,"Female"
"9004156",371990,2025-05-28 10:18:21,42.4839553833008,-8.92842292785645,"Female"
"9004156",371990,2025-05-28 10:28:19,42.4769897460938,-8.94043827056885,"Female"
"9004156",371990,2025-05-28 10:38:31,42.3985824584961,-8.92096996307373,"Female"
"9004156",371990,2025-05-28 10:48:33,42.398551940918,-8.92093753814697,"Female"
"9004156",371990,2025-05-28 10:58:41,42.3985252380371,-8.92092132568359,"Female"
"9004156",371990,2025-05-28 11:08:44,42.3985900878906,-8.92096519470215,"Female"
"9004156",371990,2025-05-28 11:18:30,42.398681640625,-8.92088222503662,"Female"
"9004156",371990,2025-05-28 11:28:19,42.3986206054688,-8.92097759246826,"Female"
"9004156",371990,2025-05-28 11:38:32,42.3982696533203,-8.92102813720703,"Female"
"9004156",371990,2025-05-28 11:49:42,42.3986015319824,-8.92088985443115,"Female"
"9004156",371990,2025-05-28 11:58:53,42.3985366821289,-8.92106628417969,"Female"
"9004156",371990,2025-05-28 12:08:25,42.3986320495605,-8.9207592010498,"Female"
"9004156",371990,2025-05-28 12:18:25,42.3984756469727,-8.92144012451172,"Female"
"9004156",371990,2025-05-28 12:28:27,42.3985366821289,-8.92088222503662,"Female"
"9004156",371990,2025-05-28 12:38:24,42.398796081543,-8.92005825042725,"Female"
"9004156",371990,2025-05-28 12:48:44,42.398609161377,-8.92085742950439,"Female"
"9004156",371990,2025-05-28 12:58:21,42.3987007141113,-8.92119598388672,"Female"
"9004156",371990,2025-05-28 13:08:25,42.3986968994141,-8.92150592803955,"Female"
"9004156",371990,2025-05-28 13:18:22,42.3986167907715,-8.92127227783203,"Female"
"9004156",371990,2025-05-28 13:28:31,42.3983917236328,-8.92104434967041,"Female"
"9004156",371990,2025-05-28 13:38:48,42.3984794616699,-8.92025947570801,"Female"
"9004156",371990,2025-05-28 13:49:42,42.398509979248,-8.92072010040283,"Female"
"9004156",371990,2025-05-28 13:59:06,42.3985252380371,-8.92073440551758,"Female"
"9004156",371990,2025-05-28 14:08:19,42.4195747375488,-8.92151355743408,"Female"
"9004156",371990,2025-05-28 14:18:19,42.4807929992676,-8.93554878234863,"Female"
"9004156",371990,2025-05-28 14:24:09,42.4819755554199,-8.93013191223145,"Female"
"9004156",371990,2025-05-28 14:29:22,42.481014251709,-8.92874431610107,"Female"
"9004156",371990,2025-05-28 14:34:51,42.4814338684082,-8.92733573913574,"Female"
"9004156",371990,2025-05-28 14:40:06,42.4816131591797,-8.92599964141846,"Female"
"9004156",371990,2025-05-28 14:45:41,42.4822158813477,-8.92556190490723,"Female"
"9004156",371990,2025-05-28 14:50:36,42.4829177856445,-8.92514896392822,"Female"
"9004156",371990,2025-05-28 14:55:45,42.484058380127,-8.92572593688965,"Female"
"9004156",371990,2025-05-28 15:00:44,42.4841423034668,-8.92602634429932,"Female"
"9004156",371990,2025-05-28 15:05:43,42.4840850830078,-8.92579555511475,"Female"
"9004156",371990,2025-05-28 15:10:46,42.4843368530273,-8.92521190643311,"Female"
"9004156",371990,2025-05-28 15:15:46,42.4838180541992,-8.92657470703125,"Female"
"9004156",371990,2025-05-28 15:32:35,42.4841651916504,-8.92577457427979,"Female"
"9004156",371990,2025-05-28 15:42:19,42.4852027893066,-8.9257869720459,"Female"
"9004156",371990,2025-05-28 15:52:15,42.4859275817871,-8.92496299743652,"Female"
"9004156",371990,2025-05-28 15:57:16,42.4859619140625,-8.92470073699951,"Female"
"9004156",371990,2025-05-28 16:02:20,42.4860458374023,-8.92477989196777,"Female"
"9004156",371990,2025-05-28 16:07:30,42.4846649169922,-8.92042064666748,"Female"
"9004156",371990,2025-05-28 16:13:09,42.4848861694336,-8.92059707641602,"Female"
"9004156",371990,2025-05-28 16:18:58,42.4845237731934,-8.92118740081787,"Female"
"9004156",371990,2025-05-28 16:24:00,42.48388671875,-8.9204740524292,"Female"
"9004156",371990,2025-05-28 16:28:59,42.4839973449707,-8.92014503479004,"Female"
"9004156",371990,2025-05-28 16:33:59,42.4840202331543,-8.920166015625,"Female"
"9004156",371990,2025-05-28 16:38:58,42.4840278625488,-8.92018795013428,"Female"
"9004156",371990,2025-05-28 16:43:58,42.4839935302734,-8.92018699645996,"Female"
"9004156",371990,2025-05-28 16:48:59,42.4831809997559,-8.9191780090332,"Female"
"9004156",371990,2025-05-28 16:54:53,42.4835243225098,-8.91942405700684,"Female"
"9004156",371990,2025-05-28 17:00:41,42.4842529296875,-8.91867065429688,"Female"
"9004156",371990,2025-05-28 17:05:59,42.4836349487305,-8.91776466369629,"Female"
"9004156",371990,2025-05-28 17:10:58,42.4830780029297,-8.91639709472656,"Female"
"9004156",371990,2025-05-28 17:16:54,42.4829139709473,-8.91542625427246,"Female"
"9004156",371990,2025-05-28 17:21:53,42.4832992553711,-8.91610145568848,"Female"
"9004156",371990,2025-05-28 17:26:53,42.4838981628418,-8.91609382629395,"Female"
"9004156",371990,2025-05-28 17:31:53,42.4831428527832,-8.91803073883057,"Female"
"9004156",371990,2025-05-28 17:36:54,42.4836120605469,-8.91936683654785,"Female"
"9004156",371990,2025-05-28 17:41:54,42.4841728210449,-8.92047119140625,"Female"
"9004156",371990,2025-05-28 17:47:14,42.4840965270996,-8.92025375366211,"Female"
"9004156",371990,2025-05-28 17:51:58,42.4840698242188,-8.92020130157471,"Female"
"9004156",371990,2025-05-28 17:56:58,42.4840888977051,-8.92012786865234,"Female"
"9004156",371990,2025-05-28 18:02:11,42.4839973449707,-8.92049598693848,"Female"
"9004156",371990,2025-05-28 18:07:14,42.484058380127,-8.92080211639404,"Female"
"9004156",371990,2025-05-28 18:13:23,42.4840965270996,-8.92221832275391,"Female"
"9004156",371990,2025-05-28 18:18:16,42.4839057922363,-8.92311859130859,"Female"
"9004156",371990,2025-05-28 18:23:15,42.4502792358398,-8.94381713867188,"Female"
"9004156",371990,2025-05-28 18:28:15,42.4004821777344,-8.92486476898193,"Female"
"9004156",371990,2025-05-28 18:33:36,42.3985252380371,-8.920973777771,"Female"
"9004156",371990,2025-05-28 18:38:15,42.3984832763672,-8.92091941833496,"Female"
"9004156",371990,2025-05-28 18:43:16,42.3985023498535,-8.92100048065186,"Female"
"9004156",371990,2025-05-28 18:48:18,42.3985366821289,-8.92108631134033,"Female"
"9004156",371990,2025-05-28 18:53:15,42.3984985351562,-8.92102909088135,"Female"
"9004156",371990,2025-05-28 18:58:17,42.3985748291016,-8.92094993591309,"Female"
"9004156",371990,2025-05-28 19:03:15,42.3986282348633,-8.92101383209229,"Female"
"9004156",371990,2025-05-28 19:08:17,42.398551940918,-8.92093658447266,"Female"
"9004156",371990,2025-05-28 19:13:16,42.398551940918,-8.92086791992188,"Female"
"9004156",371990,2025-05-28 19:18:35,42.3985633850098,-8.9208927154541,"Female"
"9004156",371990,2025-05-28 19:23:14,42.3985824584961,-8.92095375061035,"Female"
"9004156",371990,2025-05-28 19:28:15,42.3985443115234,-8.92087268829346,"Female"
"9004156",371990,2025-05-28 19:33:14,42.3986358642578,-8.92090511322021,"Female"
"9004156",371990,2025-05-28 19:38:17,42.3984985351562,-8.92102432250977,"Female"
"9004156",371990,2025-05-28 19:43:15,42.3985252380371,-8.92091178894043,"Female"
"9004156",371990,2025-05-28 19:48:15,42.3984832763672,-8.9208402633667,"Female"
"9004156",371990,2025-05-28 19:53:40,42.3986167907715,-8.92093181610107,"Female"
"9004156",371990,2025-05-28 19:58:16,42.3985557556152,-8.92089462280273,"Female"
"9004156",371990,2025-05-28 20:03:35,42.3986015319824,-8.9209566116333,"Female"
"9004156",371990,2025-05-28 20:08:34,42.3986129760742,-8.92095184326172,"Female"
"9004156",371990,2025-05-28 20:13:44,42.3985252380371,-8.92086124420166,"Female"
"9004156",371990,2025-05-28 20:18:14,42.3984107971191,-8.92085075378418,"Female"
"9004156",371990,2025-05-28 20:23:15,42.3985748291016,-8.92122459411621,"Female"
"9004156",371990,2025-05-28 20:28:40,42.3983688354492,-8.92097949981689,"Female"
"9004156",371990,2025-05-28 20:33:19,42.3982849121094,-8.92089080810547,"Female"
"9004156",371990,2025-05-28 20:38:13,42.3983955383301,-8.92078590393066,"Female"
"9004156",371990,2025-05-28 20:43:13,42.3981819152832,-8.92083930969238,"Female"
"9004156",371990,2025-05-28 20:48:44,42.3985023498535,-8.92090892791748,"Female"
"9004156",371990,2025-05-28 20:53:13,42.3984603881836,-8.92078018188477,"Female"
"9004156",371990,2025-05-28 20:58:14,42.3986358642578,-8.92106151580811,"Female"
"9004156",371990,2025-05-28 21:03:16,42.3981971740723,-8.92043399810791,"Female"
"9004156",371990,2025-05-28 21:08:19,42.3984832763672,-8.92081451416016,"Female"
"9004156",371990,2025-05-28 21:13:26,42.3985137939453,-8.92087364196777,"Female"
"9004156",371990,2025-05-28 21:18:17,42.3984527587891,-8.92064666748047,"Female"
"9004156",371990,2025-05-28 21:23:19,42.3984527587891,-8.92078685760498,"Female"
"9004156",371990,2025-05-28 21:28:35,42.3985557556152,-8.92086219787598,"Female"
"9004156",371990,2025-05-28 21:33:16,42.3986282348633,-8.92109489440918,"Female"
"9004156",371990,2025-05-28 21:38:16,42.3988380432129,-8.92129993438721,"Female"
"9004156",371990,2025-05-28 21:43:13,42.3985710144043,-8.92107486724854,"Female"
"9004156",371990,2025-05-28 21:48:33,42.3984794616699,-8.92093086242676,"Female"
"9004156",371990,2025-05-28 21:53:24,42.3984413146973,-8.92093181610107,"Female"
"9004156",371990,2025-05-28 21:58:25,42.3984375,-8.92096900939941,"Female"
"9004156",371990,2025-05-28 22:04:38,42.3986206054688,-8.92115497589111,"Female"
"9004156",371990,2025-05-28 22:08:53,42.3985481262207,-8.92096900939941,"Female"
"9004156",371990,2025-05-28 22:13:22,42.3985176086426,-8.92107677459717,"Female"
"9004156",371990,2025-05-28 22:18:14,42.3985786437988,-8.9208288192749,"Female"
"9004156",371990,2025-05-28 22:23:15,42.3985595703125,-8.92105865478516,"Female"
"9004156",371990,2025-05-28 22:28:30,42.3985404968262,-8.92106628417969,"Female"
"9004156",371990,2025-05-28 22:33:18,42.3984909057617,-8.92110919952393,"Female"
"9004156",371990,2025-05-28 22:38:38,42.3985977172852,-8.92116737365723,"Female"
"9004156",371990,2025-05-28 22:43:44,42.3985633850098,-8.92092609405518,"Female"
"9004156",371990,2025-05-28 22:48:35,42.3985595703125,-8.9209098815918,"Female"
"9004156",371990,2025-05-28 22:53:15,42.3983383178711,-8.92105579376221,"Female"
"9004156",371990,2025-05-28 22:58:29,42.3986206054688,-8.92118072509766,"Female"
"9004156",371990,2025-05-28 23:03:25,42.3982543945312,-8.92097663879395,"Female"
"9004156",371990,2025-05-28 23:08:28,42.3984413146973,-8.92094326019287,"Female"
"9004156",371990,2025-05-28 23:13:27,42.3983688354492,-8.92099094390869,"Female"
"9004156",371990,2025-05-28 23:18:20,42.3985366821289,-8.92099952697754,"Female"
"9004156",371990,2025-05-28 23:23:21,42.3986473083496,-8.92113971710205,"Female"
"9004156",371990,2025-05-28 23:28:36,42.3984336853027,-8.92095184326172,"Female"
"9004156",371990,2025-05-28 23:34:34,42.3985366821289,-8.92085361480713,"Female"
"9004156",371990,2025-05-28 23:39:38,42.3985404968262,-8.92085075378418,"Female"
"9004156",371990,2025-05-28 23:44:38,42.3985557556152,-8.92085361480713,"Female"
"9004156",371990,2025-05-28 23:49:13,42.3984909057617,-8.92082118988037,"Female"
"9004156",371990,2025-05-28 23:53:18,42.3984642028809,-8.92078113555908,"Female"
"9004156",371990,2025-05-28 23:58:23,42.3986206054688,-8.920973777771,"Female"
"9004156",371990,2025-05-29 00:03:23,42.3984222412109,-8.92083168029785,"Female"
"9004156",371990,2025-05-29 00:13:34,42.3985176086426,-8.92065143585205,"Female"
"9004156",371990,2025-05-29 00:23:15,42.3986129760742,-8.92121124267578,"Female"
"9004156",371990,2025-05-29 00:33:35,42.3985328674316,-8.92085552215576,"Female"
"9004156",371990,2025-05-29 00:38:21,42.3985595703125,-8.920823097229,"Female"
"9004156",371990,2025-05-29 00:43:18,42.3987159729004,-8.92082118988037,"Female"
"9004156",371990,2025-05-29 00:53:17,42.3984603881836,-8.92123985290527,"Female"
"9004156",371990,2025-05-29 01:03:22,42.3985061645508,-8.92085552215576,"Female"
"9004156",371990,2025-05-29 01:13:23,42.3985214233398,-8.92092418670654,"Female"
"9004156",371990,2025-05-29 01:24:38,42.398551940918,-8.9211311340332,"Female"
"9004156",371990,2025-05-29 01:33:44,42.3984909057617,-8.92075347900391,"Female"
"9004156",371990,2025-05-29 01:43:14,42.3984909057617,-8.92070007324219,"Female"
"9004156",371990,2025-05-29 01:53:23,42.3985137939453,-8.92093849182129,"Female"
"9004156",371990,2025-05-29 02:03:59,42.3985404968262,-8.9209623336792,"Female"
"9004156",371990,2025-05-29 02:13:16,42.398567199707,-8.92109107971191,"Female"
"9004156",371990,2025-05-29 02:53:59,42.3985900878906,-8.92080402374268,"Female"
"9004156",371990,2025-05-29 03:03:44,42.3986015319824,-8.92086601257324,"Female"
"9004156",371990,2025-05-29 03:13:23,42.3986206054688,-8.92082500457764,"Female"
"9004156",371990,2025-05-29 03:23:47,42.3986625671387,-8.92096328735352,"Female"
"9004156",371990,2025-05-29 03:33:48,42.3986129760742,-8.92070770263672,"Female"
"9004156",371990,2025-05-29 03:43:53,42.3987693786621,-8.9210729598999,"Female"
"9004156",371990,2025-05-29 03:54:26,42.3985214233398,-8.9206600189209,"Female"
"9004156",371990,2025-05-29 04:04:38,42.3986015319824,-8.92059516906738,"Female"
"9004156",371990,2025-05-29 04:13:59,42.3985404968262,-8.9208345413208,"Female"
"9004156",371990,2025-05-29 04:23:24,42.3986320495605,-8.92091655731201,"Female"
"9004156",371990,2025-05-29 04:33:21,42.3986778259277,-8.92088317871094,"Female"
"9004156",371990,2025-05-29 04:43:35,42.3984870910645,-8.92100048065186,"Female"
"9004156",371990,2025-05-29 04:53:35,42.3984375,-8.92096614837646,"Female"
"9004156",371990,2025-05-29 05:03:24,42.3985252380371,-8.92091274261475,"Female"
"9004156",371990,2025-05-29 05:13:24,42.3983345031738,-8.92092800140381,"Female"
"9004156",371990,2025-05-29 05:23:19,42.4618530273438,-8.94196701049805,"Female"
"9004156",371990,2025-05-29 05:33:21,42.4825210571289,-8.9311580657959,"Female"
"9004156",371990,2025-05-29 05:44:01,42.4839057922363,-8.92958831787109,"Female"
"9004156",371990,2025-05-29 05:54:04,42.4851455688477,-8.929612159729,"Female"
"9004156",371990,2025-05-29 06:04:04,42.4847259521484,-8.92856121063232,"Female"
"9004156",371990,2025-05-29 06:14:01,42.4851417541504,-8.92899513244629,"Female"
"9004156",371990,2025-05-29 06:23:59,42.4851951599121,-8.9291467666626,"Female"
"9004156",371990,2025-05-29 06:33:59,42.4851951599121,-8.92908954620361,"Female"
"9004156",371990,2025-05-29 06:44:33,42.4819107055664,-8.92643356323242,"Female"
"9004156",371990,2025-05-29 06:54:47,42.4811401367188,-8.92825889587402,"Female"
"9004156",371990,2025-05-29 07:04:49,42.4805374145508,-8.92933940887451,"Female"
"9004156",371990,2025-05-29 07:14:43,42.4805374145508,-8.92930698394775,"Female"
"9004156",371990,2025-05-29 07:24:47,42.4805335998535,-8.92933177947998,"Female"
"9004156",371990,2025-05-29 07:34:48,42.480598449707,-8.92938327789307,"Female"
"9004156",371990,2025-05-29 07:45:24,42.4812431335449,-8.92803764343262,"Female"
"9004156",371990,2025-05-29 07:57:44,42.4816055297852,-8.93003845214844,"Female"
"9004156",371990,2025-05-29 08:07:23,42.4823265075684,-8.92968559265137,"Female"
"9004156",371990,2025-05-29 08:17:26,42.4822998046875,-8.92967700958252,"Female"
"9004156",371990,2025-05-29 08:27:27,42.4823150634766,-8.92992401123047,"Female"
"9004156",371990,2025-05-29 08:37:30,42.4823608398438,-8.92946720123291,"Female"
"9004156",371990,2025-05-29 08:47:45,42.4824905395508,-8.92971801757812,"Female"
"9004156",371990,2025-05-29 08:58:47,42.4833374023438,-8.92670345306396,"Female"
"9004156",371990,2025-05-29 09:09:15,42.4848442077637,-8.92536449432373,"Female"
"9004156",371990,2025-05-29 09:19:15,42.485164642334,-8.92422962188721,"Female"
"9004156",371990,2025-05-29 09:29:46,42.4846382141113,-8.92344856262207,"Female"
"9004156",371990,2025-05-29 09:40:05,42.4856224060059,-8.92358112335205,"Female"
"9004156",371990,2025-05-29 09:44:37,42.4856414794922,-8.92354869842529,"Female"
"9004156",371990,2025-05-29 09:49:37,42.4856491088867,-8.92356395721436,"Female"
"9004156",371990,2025-05-29 09:54:36,42.4856872558594,-8.9235897064209,"Female"
"9004156",371990,2025-05-29 09:59:37,42.4856605529785,-8.92347240447998,"Female"
"9004156",371990,2025-05-29 10:04:37,42.485725402832,-8.92346382141113,"Female"
"9004156",371990,2025-05-29 10:09:36,42.4856605529785,-8.92341613769531,"Female"
"9004156",371990,2025-05-29 10:15:06,42.484748840332,-8.92314910888672,"Female"
"9004156",371990,2025-05-29 10:20:09,42.4850883483887,-8.92250823974609,"Female"
"9004156",371990,2025-05-29 10:25:08,42.4845161437988,-8.9222297668457,"Female"
"9004156",371990,2025-05-29 10:30:08,42.4845085144043,-8.92282199859619,"Female"
"9004156",371990,2025-05-29 10:35:45,42.4848747253418,-8.92393493652344,"Female"
"9004156",371990,2025-05-29 10:40:46,42.485221862793,-8.92405414581299,"Female"
"9004156",371990,2025-05-29 10:45:46,42.4849891662598,-8.92339992523193,"Female"
"9004156",371990,2025-05-29 10:50:47,42.4847640991211,-8.92193984985352,"Female"
"9004156",371990,2025-05-29 10:56:28,42.4840621948242,-8.92082214355469,"Female"
"9004156",371990,2025-05-29 11:01:28,42.4837684631348,-8.9214973449707,"Female"
"9004156",371990,2025-05-29 11:06:27,42.4836235046387,-8.92365837097168,"Female"
"9004156",371990,2025-05-29 11:11:36,42.480655670166,-8.93657970428467,"Female"
"9004156",371990,2025-05-29 11:21:32,42.409065246582,-8.92959594726562,"Female"
"9004156",371990,2025-05-29 11:26:32,42.3994903564453,-8.92101573944092,"Female"
"9004156",371990,2025-05-29 11:31:37,42.3993797302246,-8.92196178436279,"Female"
"9004156",371990,2025-05-29 11:36:44,42.3984985351562,-8.92105674743652,"Female"
"9004156",371990,2025-05-29 11:41:32,42.3984527587891,-8.92109298706055,"Female"
"9004156",371990,2025-05-29 11:46:33,42.398509979248,-8.92106437683105,"Female"
"9004156",371990,2025-05-29 11:51:37,42.3984527587891,-8.92107105255127,"Female"
"9004156",371990,2025-05-29 11:56:37,42.3984680175781,-8.92112159729004,"Female"
"9004156",371990,2025-05-29 12:01:39,42.3984603881836,-8.92117309570312,"Female"
"9004156",371990,2025-05-29 12:06:40,42.3984832763672,-8.92123889923096,"Female"
"9004156",371990,2025-05-29 12:11:34,42.3984718322754,-8.92129802703857,"Female"
"9004156",371990,2025-05-29 12:16:38,42.3984718322754,-8.92130279541016,"Female"
"9004156",371990,2025-05-29 12:22:55,42.3984985351562,-8.92138290405273,"Female"
"9004156",371990,2025-05-29 12:27:35,42.3983726501465,-8.92097282409668,"Female"
"9004156",371990,2025-05-29 12:31:34,42.3982620239258,-8.92081928253174,"Female"
"9004156",371990,2025-05-29 12:36:34,42.398365020752,-8.92097568511963,"Female"
"9004156",371990,2025-05-29 12:41:36,42.3983497619629,-8.92083549499512,"Female"
"9004156",371990,2025-05-29 12:46:38,42.3987007141113,-8.92104721069336,"Female"
"9004156",371990,2025-05-29 12:51:59,42.3986358642578,-8.92118167877197,"Female"
"9004156",371990,2025-05-29 12:56:35,42.3985290527344,-8.92029190063477,"Female"
"9004156",371990,2025-05-29 13:01:40,42.398609161377,-8.92094707489014,"Female"
"9004156",371990,2025-05-29 13:07:55,42.3986358642578,-8.92088985443115,"Female"
"9004156",371990,2025-05-29 13:11:40,42.3985252380371,-8.92094898223877,"Female"
"9004156",371990,2025-05-29 13:16:41,42.3987121582031,-8.9208927154541,"Female"
"9004156",371990,2025-05-29 13:21:44,42.3983192443848,-8.92081642150879,"Female"
"9004156",371990,2025-05-29 13:26:34,42.3986167907715,-8.92085933685303,"Female"
"9004156",371990,2025-05-29 13:31:31,42.4335479736328,-8.92292976379395,"Female"
"9004156",371990,2025-05-29 13:36:32,42.4633483886719,-8.94153499603271,"Female"
"9004156",371990,2025-05-29 13:41:32,42.4834938049316,-8.92852878570557,"Female"
"9004156",371990,2025-05-29 13:47:59,42.4854774475098,-8.92409706115723,"Female"
"9004156",371990,2025-05-29 13:52:30,42.4842872619629,-8.91848850250244,"Female"
"9004156",371990,2025-05-29 13:57:29,42.4843292236328,-8.91708278656006,"Female"
"9004156",371990,2025-05-29 14:03:06,42.484504699707,-8.91560459136963,"Female"
"9004156",371990,2025-05-29 14:08:09,42.4841690063477,-8.9162130355835,"Female"
"9004156",371990,2025-05-29 14:13:08,42.4835662841797,-8.91477203369141,"Female"
"9004156",371990,2025-05-29 14:18:19,42.4832191467285,-8.9150562286377,"Female"
"9004156",371990,2025-05-29 14:23:09,42.4830207824707,-8.91536617279053,"Female"
"9004156",371990,2025-05-29 14:28:34,42.4833335876465,-8.91520023345947,"Female"
"9004156",371990,2025-05-29 14:33:07,42.4831161499023,-8.91527366638184,"Female"
"9004156",371990,2025-05-29 14:38:07,42.4831352233887,-8.91532039642334,"Female"
"9004156",371990,2025-05-29 14:43:08,42.4831504821777,-8.91536903381348,"Female"
"9004156",371990,2025-05-29 14:48:07,42.4830665588379,-8.91527843475342,"Female"
"9004156",371990,2025-05-29 14:53:07,42.483039855957,-8.91524314880371,"Female"
"9004156",371990,2025-05-29 14:58:08,42.4832496643066,-8.91535758972168,"Female"
"9004156",371990,2025-05-29 15:03:28,42.4829521179199,-8.91539192199707,"Female"
"9004156",371990,2025-05-29 15:08:48,42.4828491210938,-8.91431713104248,"Female"
"9004156",371990,2025-05-29 15:14:42,42.4837265014648,-8.91338920593262,"Female"
"9004156",371990,2025-05-29 15:19:42,42.4839286804199,-8.9124116897583,"Female"
"9004156",371990,2025-05-29 15:24:48,42.4841842651367,-8.91199779510498,"Female"
"9004156",371990,2025-05-29 15:29:50,42.4848594665527,-8.91255187988281,"Female"
"9004156",371990,2025-05-29 15:34:49,42.4853363037109,-8.91265392303467,"Female"
"9004156",371990,2025-05-29 15:39:48,42.4853439331055,-8.91268920898438,"Female"
"9004156",371990,2025-05-29 15:44:49,42.4853363037109,-8.9126615524292,"Female"
"9004156",371990,2025-05-29 15:49:48,42.4853019714355,-8.91262245178223,"Female"
"9004156",371990,2025-05-29 15:54:51,42.4853515625,-8.91269969940186,"Female"
"9004156",371990,2025-05-29 15:59:51,42.4852828979492,-8.91272926330566,"Female"
"9004156",371990,2025-05-29 16:54:38,42.4837913513184,-8.92012023925781,"Female"
"9004156",371990,2025-05-29 16:59:38,42.4837837219238,-8.92016696929932,"Female"
"9004156",371990,2025-05-29 17:04:38,42.4838066101074,-8.92019081115723,"Female"
"9004156",371990,2025-05-29 17:11:54,42.4836463928223,-8.92106437683105,"Female"
"9004156",371990,2025-05-29 17:17:03,42.4830436706543,-8.92148208618164,"Female"
"9004156",371990,2025-05-29 17:22:04,42.4831199645996,-8.92188453674316,"Female"
"9004156",371990,2025-05-29 17:27:08,42.4828071594238,-8.92142009735107,"Female"
"9004156",371990,2025-05-29 17:32:06,42.4827880859375,-8.92216968536377,"Female"
"9004156",371990,2025-05-29 17:37:03,42.4797325134277,-8.93788814544678,"Female"
"9004156",371990,2025-05-29 17:42:03,42.4449920654297,-8.93895435333252,"Female"
"9004156",371990,2025-05-29 17:47:15,42.4051742553711,-8.92507839202881,"Female"
"9004156",371990,2025-05-29 17:52:15,42.3994789123535,-8.92181587219238,"Female"
"9004156",371990,2025-05-29 17:57:09,42.3994636535645,-8.92183113098145,"Female"
"9004156",371990,2025-05-29 18:02:04,42.3994522094727,-8.92181491851807,"Female"
"9004156",371990,2025-05-29 18:07:02,42.3994331359863,-8.92171859741211,"Female"
"9004156",371990,2025-05-29 18:12:04,42.3985710144043,-8.92105579376221,"Female"
"9004156",371990,2025-05-29 18:17:35,42.3986015319824,-8.92105674743652,"Female"
"9004156",371990,2025-05-29 18:22:07,42.3986167907715,-8.92106533050537,"Female"
"9004156",371990,2025-05-29 18:27:06,42.3986549377441,-8.92108821868896,"Female"
"9004156",371990,2025-05-29 18:32:26,42.3985710144043,-8.92107677459717,"Female"
"9004156",371990,2025-05-29 18:37:35,42.3986282348633,-8.92105007171631,"Female"
"9004156",371990,2025-05-29 18:42:07,42.3984603881836,-8.92101287841797,"Female"
"9004156",371990,2025-05-29 18:47:06,42.3985137939453,-8.92088603973389,"Female"
"9004156",371990,2025-05-29 18:52:51,42.3984756469727,-8.9208459854126,"Female"
"9004156",371990,2025-05-29 18:58:25,42.3984222412109,-8.92064476013184,"Female"
"9004156",371990,2025-05-29 19:02:02,42.3985862731934,-8.92097568511963,"Female"
"9004156",371990,2025-05-29 19:07:16,42.3983917236328,-8.92079925537109,"Female"
"9004156",371990,2025-05-29 19:12:44,42.3983993530273,-8.92082023620605,"Female"
"9004156",371990,2025-05-29 19:17:04,42.3984489440918,-8.92095470428467,"Female"
"9004156",371990,2025-05-29 19:22:08,42.3984336853027,-8.9210262298584,"Female"
"9004156",371990,2025-05-29 19:27:04,42.3984565734863,-8.92081832885742,"Female"
"9004156",371990,2025-05-29 19:32:09,42.3985595703125,-8.92092990875244,"Female"
"9004156",371990,2025-05-29 19:37:03,42.3984260559082,-8.92081832885742,"Female"
"9004156",371990,2025-05-29 19:42:07,42.3983497619629,-8.92062854766846,"Female"
"9004156",371990,2025-05-29 19:47:35,42.3984146118164,-8.92052459716797,"Female"
"9004156",371990,2025-05-29 19:52:04,42.3987083435059,-8.92073059082031,"Female"
"9004156",371990,2025-05-29 19:57:07,42.3986663818359,-8.92066860198975,"Female"
"9004156",371990,2025-05-29 20:02:02,42.3986778259277,-8.9209508895874,"Female"
"9004156",371990,2025-05-29 20:07:20,42.3986129760742,-8.92093181610107,"Female"
"9004156",371990,2025-05-29 20:12:44,42.3986549377441,-8.92099189758301,"Female"
"9004156",371990,2025-05-29 20:17:04,42.3986854553223,-8.92124080657959,"Female"
"9004156",371990,2025-05-29 20:22:01,42.3988380432129,-8.92126560211182,"Female"
"9004156",371990,2025-05-29 20:27:03,42.3987464904785,-8.92104434967041,"Female"
"9004156",371990,2025-05-29 20:32:01,42.3985862731934,-8.92098331451416,"Female"
"9004156",371990,2025-05-29 20:37:06,42.3986701965332,-8.92107582092285,"Female"
"9004156",371990,2025-05-29 20:42:04,42.3985366821289,-8.92095756530762,"Female"
"9004156",371990,2025-05-29 20:47:35,42.3985710144043,-8.92094230651855,"Female"
"9004156",371990,2025-05-29 20:52:00,42.3985710144043,-8.92099380493164,"Female"
"9004156",371990,2025-05-29 20:57:00,42.3985443115234,-8.92098903656006,"Female"
"9004156",371990,2025-05-29 21:02:00,42.3985443115234,-8.92094612121582,"Female"
"9004156",371990,2025-05-29 21:07:05,42.3985862731934,-8.92093276977539,"Female"
"9004156",371990,2025-05-29 21:12:03,42.3985366821289,-8.92096042633057,"Female"
"9004156",371990,2025-05-29 21:17:00,42.3985176086426,-8.92094326019287,"Female"
"9004156",371990,2025-05-29 21:22:00,42.3985137939453,-8.92091846466064,"Female"
"9004156",371990,2025-05-29 21:27:00,42.3985710144043,-8.92101764678955,"Female"
"9004156",371990,2025-05-29 21:32:00,42.3985900878906,-8.92107009887695,"Female"
"9004156",371990,2025-05-29 21:37:00,42.398551940918,-8.92100715637207,"Female"
"9004156",371990,2025-05-29 21:43:24,42.3984794616699,-8.92098617553711,"Female"
"9004156",371990,2025-05-29 21:47:00,42.3985404968262,-8.92093181610107,"Female"
"9004156",371990,2025-05-29 21:52:00,42.398551940918,-8.92102909088135,"Female"
"9004156",371990,2025-05-29 21:57:01,42.3986511230469,-8.92114639282227,"Female"
"9004156",371990,2025-05-29 22:02:00,42.398624420166,-8.92107772827148,"Female"
"9004156",371990,2025-05-29 22:07:13,42.3985633850098,-8.9209566116333,"Female"
"9004156",371990,2025-05-29 22:12:00,42.3986206054688,-8.92107963562012,"Female"
"9004156",371990,2025-05-29 22:17:00,42.3986053466797,-8.92095851898193,"Female"
"9004156",371990,2025-05-29 22:22:00,42.3986282348633,-8.92102336883545,"Female"
"9004156",371990,2025-05-29 22:27:00,42.3984985351562,-8.9208984375,"Female"
"9004156",371990,2025-05-29 22:32:01,42.3985786437988,-8.92100429534912,"Female"
"9004156",371990,2025-05-29 22:37:05,42.398609161377,-8.92098522186279,"Female"
"9004156",371990,2025-05-29 22:42:00,42.3985977172852,-8.92106914520264,"Female"
"9004156",371990,2025-05-29 22:47:59,42.3985443115234,-8.92091178894043,"Female"
"9004156",371990,2025-05-29 22:52:05,42.3985214233398,-8.9210901260376,"Female"
"9004156",371990,2025-05-29 22:57:01,42.3985252380371,-8.92086410522461,"Female"
"9004156",371990,2025-05-29 23:02:00,42.3985443115234,-8.92090606689453,"Female"
"9004156",371990,2025-05-29 23:07:06,42.3986778259277,-8.92093658447266,"Female"
"9004156",371990,2025-05-29 23:12:05,42.3986549377441,-8.9208459854126,"Female"
"9004156",371990,2025-05-29 23:17:03,42.3985710144043,-8.92086982727051,"Female"
"9004156",371990,2025-05-29 23:22:03,42.3986129760742,-8.9209566116333,"Female"
"9004156",371990,2025-05-29 23:27:01,42.3984298706055,-8.92069911956787,"Female"
"9004156",371990,2025-05-29 23:32:02,42.3985328674316,-8.92094993591309,"Female"
"9004156",371990,2025-05-29 23:37:02,42.3985214233398,-8.92080116271973,"Female"
"9004156",371990,2025-05-29 23:42:06,42.3985061645508,-8.92092037200928,"Female"
"9004156",371990,2025-05-29 23:47:30,42.3985061645508,-8.92082405090332,"Female"
"9004156",371990,2025-05-29 23:52:11,42.3984642028809,-8.92071914672852,"Female"
"9004156",371990,2025-05-29 23:57:23,42.3984031677246,-8.92072677612305,"Female"
"9004156",371990,2025-05-30 00:02:07,42.3984718322754,-8.92064094543457,"Female"
"9004156",371990,2025-05-30 00:07:05,42.3984718322754,-8.9207649230957,"Female"
"9004156",371990,2025-05-30 00:12:08,42.398494720459,-8.92074966430664,"Female"
"9004156",371990,2025-05-30 00:17:14,42.3984565734863,-8.92083263397217,"Female"
"9004156",371990,2025-05-30 00:22:01,42.3985023498535,-8.92076969146729,"Female"
"9004156",371990,2025-05-30 00:27:01,42.398567199707,-8.92048931121826,"Female"
"9004156",371990,2025-05-30 00:32:00,42.3984184265137,-8.92084407806396,"Female"
"9004156",371990,2025-05-30 00:37:03,42.3983535766602,-8.92064666748047,"Female"
"9004156",371990,2025-05-30 00:42:03,42.3984184265137,-8.92064189910889,"Female"
"9004156",371990,2025-05-30 00:48:25,42.3979988098145,-8.92079925537109,"Female"
"9004156",371990,2025-05-30 00:52:02,42.3985939025879,-8.92163276672363,"Female"
"9004156",371990,2025-05-30 00:57:13,42.3986854553223,-8.92070198059082,"Female"
"9004156",371990,2025-05-30 01:02:07,42.3985252380371,-8.9204626083374,"Female"
"9004156",371990,2025-05-30 01:07:05,42.3986129760742,-8.91976642608643,"Female"
"9004156",371990,2025-05-30 01:12:03,42.3985290527344,-8.91979312896729,"Female"
"9004156",371990,2025-05-30 01:17:11,42.3985824584961,-8.92071723937988,"Female"
"9004156",371990,2025-05-30 01:22:07,42.3985710144043,-8.92053604125977,"Female"
"9004156",371990,2025-05-30 01:27:07,42.3985252380371,-8.92099189758301,"Female"
"9004156",371990,2025-05-30 01:32:08,42.3985481262207,-8.92095470428467,"Female"
"9004156",371990,2025-05-30 01:37:03,42.3985176086426,-8.92053699493408,"Female"
"9004156",371990,2025-05-30 01:42:04,42.3985862731934,-8.92066669464111,"Female"
"9004156",371990,2025-05-30 01:47:44,42.3985137939453,-8.92095947265625,"Female"
"9004156",371990,2025-05-30 01:52:01,42.3985252380371,-8.92106246948242,"Female"
"9004156",371990,2025-05-30 01:57:02,42.3986396789551,-8.92108917236328,"Female"
"9004156",371990,2025-05-30 02:02:02,42.3986320495605,-8.92117023468018,"Female"
"9004156",371990,2025-05-30 02:07:06,42.3985176086426,-8.92084789276123,"Female"
"9004156",371990,2025-05-30 02:12:03,42.3986930847168,-8.92127799987793,"Female"
"9004156",371990,2025-05-30 02:17:11,42.3984603881836,-8.92080593109131,"Female"
"9004156",371990,2025-05-30 02:22:03,42.3986129760742,-8.92104625701904,"Female"
"9004156",371990,2025-05-30 02:27:09,42.3982467651367,-8.92121505737305,"Female"
"9004156",371990,2025-05-30 02:32:35,42.3986740112305,-8.92077350616455,"Female"
"9004156",371990,2025-05-30 02:37:01,42.3986930847168,-8.92073154449463,"Female"
"9004156",371990,2025-05-30 02:42:01,42.3985557556152,-8.92080593109131,"Female"
"9004156",371990,2025-05-30 02:47:02,42.3986587524414,-8.92089939117432,"Female"
"9004156",371990,2025-05-30 02:52:01,42.3986473083496,-8.92081546783447,"Female"
"9004156",371990,2025-05-30 02:57:02,42.3986549377441,-8.92105960845947,"Female"
"9004156",371990,2025-05-30 03:02:00,42.3986358642578,-8.92095279693604,"Female"
"9004156",371990,2025-05-30 03:07:01,42.3985595703125,-8.92099571228027,"Female"
"9004156",371990,2025-05-30 03:12:00,42.3985939025879,-8.92093181610107,"Female"
"9004156",371990,2025-05-30 03:17:02,42.3986892700195,-8.9211311340332,"Female"
"9004156",371990,2025-05-30 03:22:02,42.3985900878906,-8.92092227935791,"Female"
"9004156",371990,2025-05-30 03:27:02,42.3986396789551,-8.92096900939941,"Female"
"9004156",371990,2025-05-30 03:32:06,42.3984909057617,-8.92090129852295,"Female"
"9004156",371990,2025-05-30 03:37:01,42.3986625671387,-8.92101669311523,"Female"
"9004156",371990,2025-05-30 03:42:02,42.3986587524414,-8.92085742950439,"Female"
"9004156",371990,2025-05-30 03:47:01,42.3985214233398,-8.92081737518311,"Female"
"9004156",371990,2025-05-30 03:52:02,42.3986549377441,-8.92103481292725,"Female"
"9004156",371990,2025-05-30 03:57:08,42.3985366821289,-8.92082977294922,"Female"
"9004156",371990,2025-05-30 04:02:02,42.3988494873047,-8.92148780822754,"Female"
"9004156",371990,2025-05-30 04:07:11,42.3985977172852,-8.92092895507812,"Female"
"9004156",371990,2025-05-30 04:12:09,42.398509979248,-8.9209566116333,"Female"
"9004156",371990,2025-05-30 04:17:09,42.3985595703125,-8.9208869934082,"Female"
"9004156",371990,2025-05-30 04:22:11,42.3985939025879,-8.92085933685303,"Female"
"9004156",371990,2025-05-30 04:27:12,42.3985404968262,-8.92083740234375,"Female"
"9004156",371990,2025-05-30 04:32:03,42.3986129760742,-8.92119789123535,"Female"
"9004156",371990,2025-05-30 04:37:43,42.398551940918,-8.92095947265625,"Female"
"9004156",371990,2025-05-30 04:42:01,42.3985366821289,-8.92086601257324,"Female"
"9004156",371990,2025-05-30 04:47:01,42.3984298706055,-8.92085838317871,"Female"
"9004156",371990,2025-05-30 04:52:02,42.3983116149902,-8.9213285446167,"Female"
"9004156",371990,2025-05-30 04:57:01,42.3979873657227,-8.92195606231689,"Female"
"9004156",371990,2025-05-30 05:02:03,42.3983497619629,-8.92107105255127,"Female"
"9004156",371990,2025-05-30 05:07:04,42.3983917236328,-8.9209680557251,"Female"
"9004156",371990,2025-05-30 05:12:02,42.3984298706055,-8.92090511322021,"Female"
"9004156",371990,2025-05-30 05:17:03,42.3984680175781,-8.9208288192749,"Female"
"9004156",371990,2025-05-30 05:22:01,42.398380279541,-8.92084407806396,"Female"
"9004156",371990,2025-05-30 05:27:01,42.398380279541,-8.920729637146,"Female"
"9004156",371990,2025-05-30 05:32:01,42.3985214233398,-8.92017841339111,"Female"
"9004156",371990,2025-05-30 05:37:10,42.3985595703125,-8.92105960845947,"Female"
"9004156",371990,2025-05-30 05:42:03,42.4049301147461,-8.92176246643066,"Female"
"9004156",371990,2025-05-30 05:47:02,42.4125862121582,-8.92226886749268,"Female"
"9004156",371990,2025-05-30 05:52:01,42.4497871398926,-8.92917156219482,"Female"
"9004156",371990,2025-05-30 05:57:02,42.4499168395996,-8.92933750152588,"Female"
"9004156",371990,2025-05-30 06:02:03,42.4497909545898,-8.92928028106689,"Female"
"9004156",371990,2025-05-30 06:07:02,42.4496879577637,-8.92899131774902,"Female"
"9004156",371990,2025-05-30 06:12:04,42.4497756958008,-8.929123878479,"Female"
"9004156",371990,2025-05-30 06:17:02,42.469970703125,-8.94173431396484,"Female"
"9004156",371990,2025-05-30 06:22:06,42.4832611083984,-8.92174816131592,"Female"
"9004156",371990,2025-05-30 06:27:02,42.4831428527832,-8.9213809967041,"Female"
"9004156",371990,2025-05-30 06:36:44,42.4828872680664,-8.92064571380615,"Female"
"9004156",371990,2025-05-30 06:42:11,42.4827690124512,-8.91936302185059,"Female"
"9004156",371990,2025-05-30 06:47:57,42.4832305908203,-8.91993427276611,"Female"
"9004156",371990,2025-05-30 06:53:38,42.4839134216309,-8.92065811157227,"Female"
"9004156",371990,2025-05-30 06:58:49,42.4839286804199,-8.92014789581299,"Female"
"9004156",371990,2025-05-30 07:03:47,42.4838829040527,-8.920090675354,"Female"
"9004156",371990,2025-05-30 07:08:52,42.4837532043457,-8.91980361938477,"Female"
"9004156",371990,2025-05-30 07:13:47,42.4837760925293,-8.91988563537598,"Female"
"9004156",371990,2025-05-30 07:18:59,42.483959197998,-8.92024898529053,"Female"
"9004156",371990,2025-05-30 07:23:51,42.4838943481445,-8.92019367218018,"Female"
"9004156",371990,2025-05-30 07:28:57,42.4839897155762,-8.92034339904785,"Female"
"9004156",371990,2025-05-30 07:34:35,42.4833984375,-8.91911315917969,"Female"
"9004156",371990,2025-05-30 07:39:48,42.4831199645996,-8.91993045806885,"Female"
"9004156",371990,2025-05-30 07:45:10,42.4824829101562,-8.91932773590088,"Female"
"9004156",371990,2025-05-30 07:50:11,42.4830513000488,-8.91562938690186,"Female"
"9004156",371990,2025-05-30 07:55:11,42.4830894470215,-8.91568565368652,"Female"
"9004156",371990,2025-05-30 08:00:11,42.4831275939941,-8.91567039489746,"Female"
"9004156",371990,2025-05-30 08:05:10,42.4831275939941,-8.9156551361084,"Female"
"9004156",371990,2025-05-30 08:10:10,42.4831466674805,-8.91567993164062,"Female"
"9004156",371990,2025-05-30 08:15:11,42.483154296875,-8.91567802429199,"Female"
"9004156",371990,2025-05-30 08:20:12,42.4831581115723,-8.91567707061768,"Female"
"9004156",371990,2025-05-30 08:25:10,42.4831428527832,-8.91567611694336,"Female"
"9004156",371990,2025-05-30 08:30:11,42.4831848144531,-8.91564559936523,"Female"
"9004156",371990,2025-05-30 08:36:06,42.4827270507812,-8.91487407684326,"Female"
"9004156",371990,2025-05-30 08:41:07,42.482967376709,-8.91345882415771,"Female"
"9004156",371990,2025-05-30 08:46:07,42.4837684631348,-8.91362762451172,"Female"
"9004156",371990,2025-05-30 08:51:09,42.4837074279785,-8.91287231445312,"Female"
"9004156",371990,2025-05-30 08:56:10,42.4844589233398,-8.91370964050293,"Female"
"9004156",371990,2025-05-30 09:01:44,42.4854354858398,-8.91332054138184,"Female"
"9004156",371990,2025-05-30 09:07:30,42.4854621887207,-8.91452693939209,"Female"
"9004156",371990,2025-05-30 09:12:29,42.4859275817871,-8.91409206390381,"Female"
"9004156",371990,2025-05-30 09:17:28,42.4859504699707,-8.91401100158691,"Female"
"9004156",371990,2025-05-30 09:22:28,42.4859313964844,-8.91404151916504,"Female"
"9004156",371990,2025-05-30 09:27:28,42.4859008789062,-8.9139404296875,"Female"
"9004156",371990,2025-05-30 09:32:29,42.4859657287598,-8.91407108306885,"Female"
"9004156",371990,2025-05-30 09:37:29,42.4826469421387,-8.91112422943115,"Female"
"9004156",371990,2025-05-30 09:42:37,42.4821243286133,-8.91150665283203,"Female"
"9004156",371990,2025-05-30 09:47:36,42.4818077087402,-8.9109468460083,"Female"
"9004156",371990,2025-05-30 09:53:30,42.4815902709961,-8.90980625152588,"Female"
"9004156",371990,2025-05-30 09:58:36,42.4823608398438,-8.91063117980957,"Female"
"9004156",371990,2025-05-30 10:03:49,42.4822006225586,-8.91127300262451,"Female"
"9004156",371990,2025-05-30 10:08:57,42.4820137023926,-8.91130352020264,"Female"
"9004156",371990,2025-05-30 10:16:09,42.4820861816406,-8.90968322753906,"Female"
"9004156",371990,2025-05-30 10:21:19,42.4827499389648,-8.90892601013184,"Female"
"9004156",371990,2025-05-30 10:27:10,42.4820327758789,-8.9077320098877,"Female"
"9004156",371990,2025-05-30 10:32:07,42.4815940856934,-8.90812873840332,"Female"
"9004156",371990,2025-05-30 10:37:17,42.4820785522461,-8.90837955474854,"Female"
"9004156",371990,2025-05-30 10:42:33,42.4821891784668,-8.90875148773193,"Female"
"9004156",371990,2025-05-30 10:47:10,42.4822120666504,-8.90871620178223,"Female"
"9004156",371990,2025-05-30 10:52:10,42.4821929931641,-8.90870189666748,"Female"
"9004156",371990,2025-05-30 10:57:09,42.482349395752,-8.90900897979736,"Female"
"9004156",371990,2025-05-30 11:02:09,42.482479095459,-8.90922546386719,"Female"
"9004156",371990,2025-05-30 11:07:13,42.4820098876953,-8.90861320495605,"Female"
"9004156",371990,2025-05-30 11:13:38,42.4823226928711,-8.90987491607666,"Female"
"9004156",371990,2025-05-30 11:18:42,42.4827346801758,-8.91040134429932,"Female"
"9004156",371990,2025-05-30 11:23:59,42.4834480285645,-8.9113597869873,"Female"
"9004156",371990,2025-05-30 11:28:59,42.4831466674805,-8.91092681884766,"Female"
"9004156",371990,2025-05-30 11:34:34,42.4826545715332,-8.91156196594238,"Female"
"9004156",371990,2025-05-30 11:39:52,42.4820022583008,-8.91111946105957,"Female"
"9004156",371990,2025-05-30 11:45:44,42.4827003479004,-8.91104316711426,"Female"
"9004156",371990,2025-05-30 11:50:39,42.483455657959,-8.91397762298584,"Female"
"9004156",371990,2025-05-30 11:55:44,42.4836540222168,-8.91401386260986,"Female"
"9004156",371990,2025-05-30 12:00:34,42.4836845397949,-8.91409492492676,"Female"
"9004156",371990,2025-05-30 12:05:36,42.4779090881348,-8.94028949737549,"Female"
"9004156",371990,2025-05-30 12:14:57,42.4406585693359,-8.93150901794434,"Female"
"9004156",371990,2025-05-30 12:19:58,42.4107551574707,-8.91022300720215,"Female"
"9004156",371990,2025-05-30 12:24:55,42.3971862792969,-8.92047309875488,"Female"
"9004156",371990,2025-05-30 12:29:56,42.3972053527832,-8.92050647735596,"Female"
"9004156",371990,2025-05-30 12:35:29,42.398551940918,-8.92098331451416,"Female"
"9004156",371990,2025-05-30 12:39:54,42.3984832763672,-8.92093944549561,"Female"
"9004156",371990,2025-05-30 12:44:56,42.3985824584961,-8.92105102539062,"Female"
"9004156",371990,2025-05-30 12:49:56,42.398494720459,-8.92095470428467,"Female"
"9004156",371990,2025-05-30 12:54:55,42.3985290527344,-8.92093372344971,"Female"
"9004156",371990,2025-05-30 12:59:56,42.3984718322754,-8.92082214355469,"Female"
"9004156",371990,2025-05-30 13:05:05,42.3986015319824,-8.92107582092285,"Female"
"9004156",371990,2025-05-30 13:10:06,42.3985443115234,-8.92103958129883,"Female"
"9004156",371990,2025-05-30 13:14:59,42.3981628417969,-8.92031478881836,"Female"
"9004156",371990,2025-05-30 13:20:06,42.3985710144043,-8.92075347900391,"Female"
"9004156",371990,2025-05-30 13:24:57,42.398567199707,-8.92068386077881,"Female"
"9004156",371990,2025-05-30 13:29:57,42.3985824584961,-8.92079925537109,"Female"
"9004156",371990,2025-05-30 13:35:59,42.3986396789551,-8.92076587677002,"Female"
"9004156",371990,2025-05-30 13:39:58,42.3985710144043,-8.92104816436768,"Female"
"9004156",371990,2025-05-30 13:45:04,42.3985862731934,-8.92075157165527,"Female"
"9004156",371990,2025-05-30 13:49:55,42.4280281066895,-8.92431259155273,"Female"
"9004156",371990,2025-05-30 13:54:55,42.4387512207031,-8.92849254608154,"Female"
"9004156",371990,2025-05-30 14:00:03,42.4395179748535,-8.92792224884033,"Female"
"9004156",371990,2025-05-30 14:05:03,42.4527893066406,-8.93271064758301,"Female"
"9004156",371990,2025-05-30 14:09:55,42.4551773071289,-8.93596839904785,"Female"
"9004156",371990,2025-05-30 14:15:01,42.4550323486328,-8.93582057952881,"Female"
"9004156",371990,2025-05-30 14:19:59,42.4551582336426,-8.93601036071777,"Female"
"9004156",371990,2025-05-30 14:25:10,42.4551734924316,-8.93608951568604,"Female"
"9004156",371990,2025-05-30 14:29:56,42.455207824707,-8.9359884262085,"Female"
"9004156",371990,2025-05-30 14:34:55,42.455997467041,-8.93715858459473,"Female"
"9004156",371990,2025-05-30 14:40:42,42.4848747253418,-8.93006420135498,"Female"
"9004156",371990,2025-05-30 14:49:20,42.4851341247559,-8.92823505401611,"Female"
"9004156",371990,2025-05-30 14:55:25,42.4847259521484,-8.92729187011719,"Female"
"9004156",371990,2025-05-30 15:01:06,42.4849739074707,-8.92610168457031,"Female"
"9004156",371990,2025-05-30 15:06:09,42.4848251342773,-8.92507934570312,"Female"
"9004156",371990,2025-05-30 15:11:09,42.4849891662598,-8.9246883392334,"Female"
"9004156",371990,2025-05-30 15:16:07,42.484790802002,-8.92476940155029,"Female"
"9004156",371990,2025-05-30 15:21:06,42.484920501709,-8.92474746704102,"Female"
"9004156",371990,2025-05-30 15:26:05,42.4845657348633,-8.92328548431396,"Female"
"9004156",371990,2025-05-30 15:31:06,42.4837760925293,-8.92207431793213,"Female"
"9004156",371990,2025-05-30 15:37:01,42.4838027954102,-8.92038536071777,"Female"
"9004156",371990,2025-05-30 15:42:44,42.4842872619629,-8.91931438446045,"Female"
"9004156",371990,2025-05-30 15:48:41,42.4839286804199,-8.91856384277344,"Female"
"9004156",371990,2025-05-30 15:54:11,42.4842643737793,-8.91835689544678,"Female"
"9004156",371990,2025-05-30 15:59:14,42.4830474853516,-8.91717529296875,"Female"
"9004156",371990,2025-05-30 16:04:58,42.4830665588379,-8.91549491882324,"Female"
"9004156",371990,2025-05-30 16:09:57,42.4831047058105,-8.91545677185059,"Female"
"9004156",371990,2025-05-30 16:14:55,42.4831161499023,-8.91551113128662,"Female"
"9004156",371990,2025-05-30 16:19:58,42.4831085205078,-8.91558361053467,"Female"
"9004156",371990,2025-05-30 16:25:05,42.4831237792969,-8.91559982299805,"Female"
"9004156",371990,2025-05-30 16:29:41,42.4831047058105,-8.91555404663086,"Female"
"9004156",371990,2025-05-30 16:34:42,42.4831123352051,-8.9157018661499,"Female"
"9004156",371990,2025-05-30 16:39:43,42.4832191467285,-8.91590404510498,"Female"
"9004156",371990,2025-05-30 16:44:42,42.4831962585449,-8.91600513458252,"Female"
"9004156",371990,2025-05-30 16:49:43,42.4831962585449,-8.91591167449951,"Female"
"9004156",371990,2025-05-30 16:55:14,42.4832382202148,-8.9152946472168,"Female"
"9004156",371990,2025-05-30 17:00:59,42.4829216003418,-8.91621589660645,"Female"
"9004156",371990,2025-05-30 17:05:48,42.4833526611328,-8.9158763885498,"Female"
"9004156",371990,2025-05-30 17:11:13,42.4832038879395,-8.9152946472168,"Female"
"9004156",371990,2025-05-30 17:16:12,42.4833526611328,-8.9155855178833,"Female"
"9004156",371990,2025-05-30 17:21:12,42.4833908081055,-8.91549777984619,"Female"
"9004156",371990,2025-05-30 17:26:12,42.483268737793,-8.91568756103516,"Female"
"9004156",371990,2025-05-30 17:31:12,42.4832572937012,-8.91563510894775,"Female"
"9004156",371990,2025-05-30 17:36:13,42.4833145141602,-8.91555595397949,"Female"
"9004156",371990,2025-05-30 17:41:14,42.4831466674805,-8.91570281982422,"Female"
"9004156",371990,2025-05-30 17:46:13,42.4831695556641,-8.91567897796631,"Female"
"9004156",371990,2025-05-30 17:51:12,42.4830436706543,-8.9158411026001,"Female"
"9004156",371990,2025-05-30 17:56:20,42.483039855957,-8.91598701477051,"Female"
"9004156",371990,2025-05-30 18:01:27,42.4830093383789,-8.91582202911377,"Female"
"9004156",371990,2025-05-30 18:06:25,42.4829444885254,-8.91601943969727,"Female"
"9004156",371990,2025-05-30 18:11:25,42.4829444885254,-8.91593456268311,"Female"
"9004156",371990,2025-05-30 18:16:25,42.4829521179199,-8.91594314575195,"Female"
"9004156",371990,2025-05-30 18:21:29,42.4829750061035,-8.91591262817383,"Female"
"9004156",371990,2025-05-30 18:26:29,42.4829025268555,-8.91587829589844,"Female"
"9004156",371990,2025-05-30 18:40:14,42.4838256835938,-8.91673755645752,"Female"
"9004156",371990,2025-05-30 18:44:49,42.4843482971191,-8.91691398620605,"Female"
"9004156",371990,2025-05-30 18:49:46,42.4844551086426,-8.9170618057251,"Female"
"9004156",371990,2025-05-30 18:54:46,42.4744186401367,-8.94125747680664,"Female"
"9004156",371990,2025-05-30 18:59:46,42.4426879882812,-8.94377040863037,"Female"
"9004156",371990,2025-05-30 19:04:46,42.4082221984863,-8.93066120147705,"Female"
"9004156",371990,2025-05-30 19:09:46,42.3992500305176,-8.92095756530762,"Female"
"9004156",371990,2025-05-30 19:14:46,42.3992080688477,-8.92101192474365,"Female"
"9004156",371990,2025-05-30 19:19:46,42.3992805480957,-8.92097759246826,"Female"
"9004156",371990,2025-05-30 19:24:46,42.3992156982422,-8.92091274261475,"Female"
"9004156",371990,2025-05-30 19:29:48,42.3985748291016,-8.92073249816895,"Female"
"9004156",371990,2025-05-30 19:34:46,42.3985786437988,-8.92061042785645,"Female"
"9004156",371990,2025-05-30 19:39:48,42.3987312316895,-8.92073726654053,"Female"
"9004156",371990,2025-05-30 19:44:47,42.3987846374512,-8.92083740234375,"Female"
"9004156",371990,2025-05-30 19:49:46,42.3987197875977,-8.92081451416016,"Female"
"9004156",371990,2025-05-30 19:54:50,42.3987312316895,-8.92081928253174,"Female"
"9004156",371990,2025-05-30 19:59:46,42.3985176086426,-8.92085742950439,"Female"
"9004156",371990,2025-05-30 20:04:46,42.3985290527344,-8.92086315155029,"Female"
"9004156",371990,2025-05-30 20:10:14,42.3986053466797,-8.92091178894043,"Female"
"9004156",371990,2025-05-30 20:14:48,42.3986511230469,-8.92067718505859,"Female"
"9004156",371990,2025-05-30 20:19:52,42.3986778259277,-8.92087745666504,"Female"
"9004156",371990,2025-05-30 20:25:07,42.3984489440918,-8.92095947265625,"Female"
"9004156",371990,2025-05-30 20:29:50,42.398681640625,-8.92088317871094,"Female"
"9004156",371990,2025-05-30 20:34:49,42.3979721069336,-8.92074203491211,"Female"
"9004156",371990,2025-05-30 20:39:47,42.3983001708984,-8.92077827453613,"Female"
"9004156",371990,2025-05-30 20:44:47,42.3983001708984,-8.92076969146729,"Female"
"9004156",371990,2025-05-30 20:50:14,42.3985023498535,-8.92093753814697,"Female"
"9004156",371990,2025-05-30 20:54:47,42.3984489440918,-8.92081260681152,"Female"
"9004156",371990,2025-05-30 20:59:52,42.3984527587891,-8.92082214355469,"Female"
"9004156",371990,2025-05-30 21:04:47,42.3985824584961,-8.92108154296875,"Female"
"9004156",371990,2025-05-30 21:09:52,42.3984489440918,-8.92089366912842,"Female"
"9004156",371990,2025-05-30 21:14:48,42.3986663818359,-8.9214391708374,"Female"
"9004156",371990,2025-05-30 21:19:48,42.3986167907715,-8.92113304138184,"Female"
"9004156",371990,2025-05-30 21:24:48,42.3985710144043,-8.92102146148682,"Female"
"9004156",371990,2025-05-30 21:30:05,42.3985023498535,-8.92099189758301,"Female"
"9004156",371990,2025-05-30 21:34:46,42.3985328674316,-8.92092418670654,"Female"
"9004156",371990,2025-05-30 21:39:48,42.3984985351562,-8.92097473144531,"Female"
"9004156",371990,2025-05-30 21:44:48,42.3984375,-8.92089176177979,"Female"
"9004156",371990,2025-05-30 21:49:52,42.398551940918,-8.92106628417969,"Female"
"9004156",371990,2025-05-30 21:55:35,42.3985137939453,-8.9210262298584,"Female"
"9004156",371990,2025-05-30 22:00:11,42.3985176086426,-8.92112255096436,"Female"
"9004156",371990,2025-05-30 22:04:50,42.3985252380371,-8.92092037200928,"Female"
"9004156",371990,2025-05-30 22:09:52,42.3986358642578,-8.92116546630859,"Female"
"9004156",371990,2025-05-30 22:15:00,42.3985137939453,-8.92102146148682,"Female"
"9004156",371990,2025-05-30 22:19:55,42.3985214233398,-8.92102718353271,"Female"
"9004156",371990,2025-05-30 22:25:09,42.3985595703125,-8.92135906219482,"Female"
"9004156",371990,2025-05-30 22:30:23,42.398509979248,-8.92122840881348,"Female"
"9004156",371990,2025-05-30 22:35:02,42.3984718322754,-8.92113494873047,"Female"
"9004156",371990,2025-05-30 22:40:03,42.3984870910645,-8.92112827301025,"Female"
"9004156",371990,2025-05-30 22:45:14,42.398609161377,-8.92100524902344,"Female"
"9004156",371990,2025-05-30 22:49:53,42.3985366821289,-8.92073631286621,"Female"
"9004156",371990,2025-05-30 22:54:54,42.3984184265137,-8.92092323303223,"Female"
"9004156",371990,2025-05-30 22:59:47,42.3984298706055,-8.92188453674316,"Female"
"9004156",371990,2025-05-30 23:04:50,42.3983459472656,-8.92053508758545,"Female"
"9004156",371990,2025-05-30 23:10:13,42.3984375,-8.92095947265625,"Female"
"9004156",371990,2025-05-30 23:15:00,42.3983268737793,-8.92132663726807,"Female"
"9004156",371990,2025-05-30 23:20:48,42.3983573913574,-8.920973777771,"Female"
"9004156",371990,2025-05-30 23:24:56,42.3984832763672,-8.92087745666504,"Female"
"9004156",371990,2025-05-30 23:30:53,42.3985557556152,-8.92094039916992,"Female"
"9004156",371990,2025-05-30 23:34:49,42.3985862731934,-8.9208927154541,"Female"
"9004156",371990,2025-05-30 23:39:49,42.3985595703125,-8.92092704772949,"Female"
"9004156",371990,2025-05-30 23:44:47,42.3985443115234,-8.92101097106934,"Female"
"9004156",371990,2025-05-30 23:50:06,42.398494720459,-8.92088985443115,"Female"
"9004156",371990,2025-05-30 23:54:56,42.3985290527344,-8.92093753814697,"Female"
"9004156",371990,2025-05-30 23:59:55,42.3985137939453,-8.92091464996338,"Female"
"9004156",371990,2025-05-31 00:04:50,42.3984985351562,-8.92098999023438,"Female"
"9004156",371990,2025-05-31 00:11:10,42.3984222412109,-8.92098045349121,"Female"
"9004156",371990,2025-05-31 00:16:10,42.3983688354492,-8.92098617553711,"Female"
"9004156",371990,2025-05-31 00:21:10,42.3982963562012,-8.92091941833496,"Female"
"9004156",371990,2025-05-31 00:26:10,42.3984031677246,-8.92104244232178,"Female"
"9004156",371990,2025-05-31 00:31:10,42.3984909057617,-8.92123031616211,"Female"
"9004156",371990,2025-05-31 00:36:10,42.3984985351562,-8.92125415802002,"Female"
"9004156",371990,2025-05-31 00:41:05,42.3985290527344,-8.9212589263916,"Female"
"9004156",371990,2025-05-31 00:44:51,42.3985290527344,-8.92127227783203,"Female"
"9004156",371990,2025-05-31 00:50:13,42.398380279541,-8.921706199646,"Female"
"9004156",371990,2025-05-31 00:55:04,42.3984756469727,-8.92173385620117,"Female"
"9004156",371990,2025-05-31 01:00:03,42.3983268737793,-8.92169189453125,"Female"
"9004156",371990,2025-05-31 01:04:52,42.398265838623,-8.92152309417725,"Female"
"9004156",371990,2025-05-31 01:11:02,42.3984336853027,-8.92103099822998,"Female"
"9004156",371990,2025-05-31 01:14:54,42.398551940918,-8.9210786819458,"Female"
"9004156",371990,2025-05-31 01:21:10,42.3985176086426,-8.92096614837646,"Female"
"9004156",371990,2025-05-31 01:26:10,42.3984870910645,-8.92104148864746,"Female"
"9004156",371990,2025-05-31 01:31:10,42.3985824584961,-8.92111873626709,"Female"
"9004156",371990,2025-05-31 01:36:10,42.3984718322754,-8.92098522186279,"Female"
"9004156",371990,2025-05-31 01:41:10,42.3986206054688,-8.92157936096191,"Female"
"9004156",371990,2025-05-31 01:45:35,42.3985252380371,-8.92096328735352,"Female"
"9004156",371990,2025-05-31 01:51:10,42.3985633850098,-8.92100620269775,"Female"
"9004156",371990,2025-05-31 01:56:10,42.398567199707,-8.92098522186279,"Female"
"9004156",371990,2025-05-31 02:01:10,42.3985862731934,-8.92105960845947,"Female"
"9004156",371990,2025-05-31 02:06:10,42.398567199707,-8.92105674743652,"Female"
"9004156",371990,2025-05-31 02:11:10,42.3985595703125,-8.92097282409668,"Female"
"9004156",371990,2025-05-31 02:16:10,42.3984413146973,-8.92098522186279,"Female"
"9004156",371990,2025-05-31 02:20:14,42.3985748291016,-8.92098236083984,"Female"
"9004156",371990,2025-05-31 02:25:39,42.398509979248,-8.92117309570312,"Female"
"9004156",371990,2025-05-31 02:30:00,42.3986282348633,-8.92095565795898,"Female"
"9004156",371990,2025-05-31 02:34:58,42.3984642028809,-8.92078590393066,"Female"
"9004156",371990,2025-05-31 02:40:30,42.3986206054688,-8.92088508605957,"Female"
"9004156",371990,2025-05-31 02:44:54,42.3986358642578,-8.92093563079834,"Female"
"9004156",371990,2025-05-31 02:50:35,42.3986206054688,-8.92083263397217,"Female"
"9004156",371990,2025-05-31 02:55:05,42.3986587524414,-8.92073154449463,"Female"
"9004156",371990,2025-05-31 02:59:55,42.3986473083496,-8.92077255249023,"Female"
"9004156",371990,2025-05-31 03:05:23,42.3985481262207,-8.92072105407715,"Female"
"9004156",371990,2025-05-31 03:09:49,42.3985977172852,-8.92089080810547,"Female"
"9004156",371990,2025-05-31 03:14:55,42.3986167907715,-8.9209508895874,"Female"
"9004156",371990,2025-05-31 03:19:49,42.3985824584961,-8.92086982727051,"Female"
"9004156",371990,2025-05-31 03:24:52,42.3986129760742,-8.92093944549561,"Female"
"9004156",371990,2025-05-31 03:29:50,42.398551940918,-8.92084407806396,"Female"
"9004156",371990,2025-05-31 03:34:51,42.3984794616699,-8.92082786560059,"Female"
"9004156",371990,2025-05-31 03:39:50,42.398494720459,-8.92088508605957,"Female"
"9004156",371990,2025-05-31 03:44:51,42.3985557556152,-8.92073154449463,"Female"
"9004156",371990,2025-05-31 03:49:49,42.3985061645508,-8.92070388793945,"Female"
"9004156",371990,2025-05-31 03:54:50,42.3985328674316,-8.92056655883789,"Female"
"9004156",371990,2025-05-31 03:59:52,42.3984336853027,-8.92070198059082,"Female"
"9004156",371990,2025-05-31 04:04:59,42.3983421325684,-8.92087554931641,"Female"
"9004156",371990,2025-05-31 04:09:58,42.3983459472656,-8.92051887512207,"Female"
"9004156",371990,2025-05-31 04:15:14,42.3984375,-8.92052268981934,"Female"
"9004156",371990,2025-05-31 04:19:59,42.3985137939453,-8.92085361480713,"Female"
"9004156",371990,2025-05-31 04:25:00,42.3984565734863,-8.92087268829346,"Female"
"9004156",371990,2025-05-31 04:31:10,42.3985824584961,-8.92093372344971,"Female"
"9004156",371990,2025-05-31 04:36:10,42.3986701965332,-8.92094993591309,"Female"
"9004156",371990,2025-05-31 04:40:05,42.3987197875977,-8.92091369628906,"Female"
"9004156",371990,2025-05-31 04:44:46,42.3986320495605,-8.92091655731201,"Female"
"9004156",371990,2025-05-31 04:50:14,42.398567199707,-8.92097473144531,"Female"
"9004156",371990,2025-05-31 04:54:48,42.3985023498535,-8.92111587524414,"Female"
"9004156",371990,2025-05-31 04:59:48,42.3985900878906,-8.92074584960938,"Female"
"9004156",371990,2025-05-31 05:04:52,42.3985633850098,-8.92101764678955,"Female"
"9004156",371990,2025-05-31 05:09:55,42.3984146118164,-8.92093181610107,"Female"
"9004156",371990,2025-05-31 05:14:54,42.3982810974121,-8.92099857330322,"Female"
"9004156",371990,2025-05-31 05:19:53,42.3984184265137,-8.92128276824951,"Female"
"9004156",371990,2025-05-31 05:24:52,42.3985443115234,-8.92088317871094,"Female"
"9004156",371990,2025-05-31 05:30:11,42.3990440368652,-8.9201831817627,"Female"
"9004156",371990,2025-05-31 05:34:55,42.3984794616699,-8.92082405090332,"Female"
"9004156",371990,2025-05-31 05:41:10,42.3985900878906,-8.92053413391113,"Female"
"9004156",371990,2025-05-31 05:44:57,42.3984260559082,-8.92068481445312,"Female"
"9004156",371990,2025-05-31 05:50:11,42.3985900878906,-8.92106819152832,"Female"
"9004156",371990,2025-05-31 05:54:57,42.3986549377441,-8.92122840881348,"Female"
"9004156",371990,2025-05-31 06:00:15,42.3985900878906,-8.92097091674805,"Female"
"9004156",371990,2025-05-31 06:05:06,42.3989143371582,-8.92162418365479,"Female"
"9004156",371990,2025-05-31 06:10:46,42.3986396789551,-8.92108249664307,"Female"
"9004156",371990,2025-05-31 06:14:47,42.3986206054688,-8.9210319519043,"Female"
"9004156",371990,2025-05-31 06:20:11,42.4206809997559,-8.92967319488525,"Female"
"9004156",371990,2025-05-31 06:24:46,42.448314666748,-8.9412260055542,"Female"
"9004156",371990,2025-05-31 06:29:46,42.4759712219238,-8.93981170654297,"Female"
"9004156",371990,2025-05-31 06:34:48,42.4824638366699,-8.93111515045166,"Female"
"9004156",371990,2025-05-31 06:40:39,42.4814414978027,-8.93066024780273,"Female"
"9004156",371990,2025-05-31 06:47:13,42.481876373291,-8.93194675445557,"Female"
"9004156",371990,2025-05-31 06:58:05,42.4826698303223,-8.93122386932373,"Female"
"9004156",371990,2025-05-31 07:02:05,42.4827537536621,-8.93126392364502,"Female"
"9004156",371990,2025-05-31 07:07:06,42.4825859069824,-8.93121910095215,"Female"
"9004156",371990,2025-05-31 07:12:05,42.4827766418457,-8.9312629699707,"Female"
"9004156",371990,2025-05-31 07:17:09,42.4827728271484,-8.93123340606689,"Female"
"9004156",371990,2025-05-31 07:22:07,42.4829444885254,-8.93134307861328,"Female"
"9004156",371990,2025-05-31 07:27:05,42.482795715332,-8.93132019042969,"Female"
"9004156",371990,2025-05-31 07:32:09,42.4828071594238,-8.93129634857178,"Female"
"9004156",371990,2025-05-31 07:37:06,42.4828643798828,-8.93128967285156,"Female"
"9004156",371990,2025-05-31 07:42:07,42.482795715332,-8.93124866485596,"Female"
"9004156",371990,2025-05-31 07:47:09,42.4836120605469,-8.93007373809814,"Female"
"9004156",371990,2025-05-31 07:52:11,42.4847640991211,-8.93082141876221,"Female"
"9004156",371990,2025-05-31 07:57:09,42.4848403930664,-8.93076705932617,"Female"
"9004156",371990,2025-05-31 08:03:09,42.4843215942383,-8.93007278442383,"Female"
"9004156",371990,2025-05-31 08:08:09,42.4845161437988,-8.93002033233643,"Female"
"9004156",371990,2025-05-31 08:13:09,42.4851188659668,-8.92929077148438,"Female"
"9004156",371990,2025-05-31 08:18:26,42.4863090515137,-8.92953491210938,"Female"
"9004156",371990,2025-05-31 08:23:23,42.4862365722656,-8.92949295043945,"Female"
"9004156",371990,2025-05-31 08:28:24,42.4862632751465,-8.92947292327881,"Female"
"9004156",371990,2025-05-31 08:33:24,42.4862213134766,-8.92940998077393,"Female"
"9004156",371990,2025-05-31 08:38:24,42.4862060546875,-8.92938232421875,"Female"
"9004156",371990,2025-05-31 08:43:24,42.4862022399902,-8.92933940887451,"Female"
"9004156",371990,2025-05-31 08:48:24,42.4862098693848,-8.92929840087891,"Female"
"9004156",371990,2025-05-31 08:53:24,42.4861831665039,-8.92925262451172,"Female"
"9004156",371990,2025-05-31 08:58:24,42.4861869812012,-8.92925357818604,"Female"
"9004156",371990,2025-05-31 09:03:29,42.4861297607422,-8.92915058135986,"Female"
"9004156",371990,2025-05-31 09:08:24,42.4839096069336,-8.92170333862305,"Female"
"9004156",371990,2025-05-31 09:16:05,42.4840812683105,-8.92147350311279,"Female"
"9004156",371990,2025-05-31 09:20:41,42.4844818115234,-8.92144107818604,"Female"
"9004156",371990,2025-05-31 09:25:42,42.4850120544434,-8.92062950134277,"Female"
"9004156",371990,2025-05-31 09:31:02,42.4843559265137,-8.92089176177979,"Female"
"9004156",371990,2025-05-31 09:36:09,42.4841232299805,-8.92215251922607,"Female"
"9004156",371990,2025-05-31 09:41:01,42.4843063354492,-8.92298984527588,"Female"
"9004156",371990,2025-05-31 09:46:04,42.4847106933594,-8.92372035980225,"Female"
"9004156",371990,2025-05-31 09:51:17,42.4843482971191,-8.92334079742432,"Female"
"9004156",371990,2025-05-31 09:56:14,42.4841117858887,-8.92256355285645,"Female"
"9004156",371990,2025-05-31 10:01:19,42.4830627441406,-8.92197895050049,"Female"
"9004156",371990,2025-05-31 10:06:19,42.4826698303223,-8.92067241668701,"Female"
"9004156",371990,2025-05-31 10:11:30,42.4832191467285,-8.91904735565186,"Female"
"9004156",371990,2025-05-31 10:17:14,42.4830093383789,-8.92123889923096,"Female"
"9004156",371990,2025-05-31 10:22:02,42.4839363098145,-8.92037200927734,"Female"
"9004156",371990,2025-05-31 10:27:04,42.4663581848145,-8.94428062438965,"Female"
"9004156",371990,2025-05-31 10:32:00,42.4166069030762,-8.9314489364624,"Female"
"9004156",371990,2025-05-31 11:48:14,42.4013862609863,-8.92054176330566,"Female"
"9004156",371990,2025-05-31 11:52:55,42.4013938903809,-8.92060470581055,"Female"
"9004156",371990,2025-05-31 11:57:55,42.4013290405273,-8.92050361633301,"Female"
"9004156",371990,2025-05-31 12:02:56,42.4013633728027,-8.92061996459961,"Female"
"9004156",371990,2025-05-31 12:07:57,42.4013175964355,-8.92054080963135,"Female"
"9004156",371990,2025-05-31 12:12:59,42.4013061523438,-8.9204216003418,"Female"
"9004156",371990,2025-05-31 12:17:57,42.4013252258301,-8.92048168182373,"Female"
"9004156",371990,2025-05-31 12:22:57,42.4013671875,-8.92055702209473,"Female"
"9004156",371990,2025-05-31 12:27:59,42.4013137817383,-8.92044162750244,"Female"
"9004156",371990,2025-05-31 12:32:57,42.4113731384277,-8.92348766326904,"Female"
"9004156",371990,2025-05-31 12:37:58,42.4400634765625,-8.93441390991211,"Female"
"9004156",371990,2025-05-31 12:43:00,42.4658050537109,-8.94335842132568,"Female"
"9004156",371990,2025-05-31 12:48:23,42.4660949707031,-8.94357585906982,"Female"
"9004156",371990,2025-05-31 12:53:06,42.4823150634766,-8.92655467987061,"Female"
"9004156",371990,2025-05-31 13:00:08,42.4816665649414,-8.92741203308105,"Female"
"9004156",371990,2025-05-31 13:05:06,42.4819068908691,-8.92781734466553,"Female"
"9004156",371990,2025-05-31 13:10:25,42.4817695617676,-8.92616653442383,"Female"
"9004156",371990,2025-05-31 13:16:14,42.482250213623,-8.92561149597168,"Female"
"9004156",371990,2025-05-31 13:21:48,42.4827156066895,-8.92731857299805,"Female"
"9004156",371990,2025-05-31 13:27:27,42.4817962646484,-8.92814159393311,"Female"
"9004156",371990,2025-05-31 13:32:45,42.4812393188477,-8.92812252044678,"Female"
"9004156",371990,2025-05-31 13:38:01,42.4813270568848,-8.92992305755615,"Female"
"9004156",371990,2025-05-31 13:42:44,42.4812164306641,-8.92946243286133,"Female"
"9004156",371990,2025-05-31 13:47:47,42.4814605712891,-8.92986679077148,"Female"
"9004156",371990,2025-05-31 13:52:43,42.4814338684082,-8.92967128753662,"Female"
"9004156",371990,2025-05-31 13:57:43,42.4814376831055,-8.92973709106445,"Female"
"9004156",371990,2025-05-31 14:03:05,42.4812240600586,-8.9297046661377,"Female"
"9004156",371990,2025-05-31 14:07:42,42.4812316894531,-8.92968368530273,"Female"
"9004156",371990,2025-05-31 14:12:43,42.4813117980957,-8.92971134185791,"Female"
"9004156",371990,2025-05-31 14:17:42,42.4813652038574,-8.92974948883057,"Female"
"9004156",371990,2025-05-31 14:22:42,42.4813041687012,-8.92963123321533,"Female"
"9004156",371990,2025-05-31 14:27:55,42.4810829162598,-8.93007564544678,"Female"
"9004156",371990,2025-05-31 14:32:58,42.4807205200195,-8.92847347259521,"Female"
"9004156",371990,2025-05-31 14:38:23,42.4810409545898,-8.92776393890381,"Female"
"9004156",371990,2025-05-31 14:43:47,42.4817962646484,-8.92689228057861,"Female"
"9004156",371990,2025-05-31 14:49:22,42.4818077087402,-8.92587184906006,"Female"
"9004156",371990,2025-05-31 14:54:22,42.4823989868164,-8.92551517486572,"Female"
"9004156",371990,2025-05-31 15:00:09,42.4830551147461,-8.92547416687012,"Female"
"9004156",371990,2025-05-31 15:05:09,42.483081817627,-8.92553615570068,"Female"
"9004156",371990,2025-05-31 15:10:09,42.4830703735352,-8.92555713653564,"Female"
"9004156",371990,2025-05-31 15:15:09,42.4830856323242,-8.92553329467773,"Female"
"9004156",371990,2025-05-31 15:20:12,42.4830780029297,-8.92564296722412,"Female"
"9004156",371990,2025-05-31 15:25:16,42.4831275939941,-8.92559814453125,"Female"
"9004156",371990,2025-05-31 15:30:09,42.4832000732422,-8.92554664611816,"Female"
"9004156",371990,2025-05-31 15:35:11,42.4829978942871,-8.92558479309082,"Female"
"9004156",371990,2025-05-31 15:40:10,42.4831123352051,-8.92556190490723,"Female"
"9004156",371990,2025-05-31 15:45:16,42.4831008911133,-8.92558288574219,"Female"
"9004156",371990,2025-05-31 15:50:12,42.4838790893555,-8.91991901397705,"Female"
"9004156",371990,2025-05-31 15:56:08,42.4831314086914,-8.91905212402344,"Female"
"9004156",371990,2025-05-31 16:01:08,42.4827880859375,-8.91932964324951,"Female"
"9004156",371990,2025-05-31 16:06:53,42.4834060668945,-8.9182653427124,"Female"
"9004156",371990,2025-05-31 16:12:33,42.4828224182129,-8.91661643981934,"Female"
"9004156",371990,2025-05-31 16:17:33,42.4825782775879,-8.91556072235107,"Female"
"9004156",371990,2025-05-31 16:22:33,42.4829864501953,-8.91525077819824,"Female"
"9004156",371990,2025-05-31 16:27:34,42.483024597168,-8.91527080535889,"Female"
"9004156",371990,2025-05-31 16:32:34,42.4829711914062,-8.91520404815674,"Female"
"9004156",371990,2025-05-31 16:37:33,42.4829978942871,-8.91529750823975,"Female"
"9004156",371990,2025-05-31 16:42:39,42.4829139709473,-8.91520500183105,"Female"
"9004156",371990,2025-05-31 16:47:37,42.4829216003418,-8.91522216796875,"Female"
"9004156",371990,2025-05-31 16:53:30,42.4823150634766,-8.91351985931396,"Female"
"9004156",371990,2025-05-31 16:59:00,42.4838409423828,-8.91394996643066,"Female"
"9004156",371990,2025-05-31 17:05:44,42.4832649230957,-8.91541576385498,"Female"
"9004156",371990,2025-05-31 17:11:00,42.4826278686523,-8.91618919372559,"Female"
"9004156",371990,2025-05-31 17:15:58,42.483226776123,-8.91679382324219,"Female"
"9004156",371990,2025-05-31 17:21:01,42.4838066101074,-8.91767501831055,"Female"
"9004156",371990,2025-05-31 17:25:58,42.4843368530273,-8.91853332519531,"Female"
"9004156",371990,2025-05-31 17:31:00,42.4836387634277,-8.91796493530273,"Female"
"9004156",371990,2025-05-31 17:36:04,42.4838180541992,-8.91816425323486,"Female"
"9004156",371990,2025-05-31 17:40:57,42.4836959838867,-8.91802787780762,"Female"
"9004156",371990,2025-05-31 17:46:14,42.4838485717773,-8.91812705993652,"Female"
"9004156",371990,2025-05-31 17:51:01,42.4838066101074,-8.91817188262939,"Female"
"9004156",371990,2025-05-31 17:56:07,42.4839782714844,-8.91895580291748,"Female"
"9004156",371990,2025-05-31 18:01:07,42.4466171264648,-8.9443359375,"Female"
"9004156",371990,2025-05-31 18:06:44,42.3993301391602,-8.92150115966797,"Female"
"9004156",371990,2025-05-31 18:11:05,42.3986549377441,-8.92093563079834,"Female"
"9004156",371990,2025-05-31 18:16:02,42.3985939025879,-8.92121696472168,"Female"
"9004156",371990,2025-05-31 18:21:02,42.3984832763672,-8.92122268676758,"Female"
"9004156",371990,2025-05-31 18:26:27,42.3985633850098,-8.92096519470215,"Female"
"9004156",371990,2025-05-31 18:31:11,42.3985137939453,-8.92102718353271,"Female"
"9004156",371990,2025-05-31 18:36:17,42.3984909057617,-8.92094326019287,"Female"
"9004156",371990,2025-05-31 18:41:03,42.3990364074707,-8.9209508895874,"Female"
"9004156",371990,2025-05-31 18:46:29,42.3985786437988,-8.92081546783447,"Female"
"9004156",371990,2025-05-31 18:50:56,42.3985977172852,-8.9207935333252,"Female"
"9004156",371990,2025-05-31 18:55:57,42.3985176086426,-8.92078685760498,"Female"
"9004156",371990,2025-05-31 19:00:57,42.398567199707,-8.92074394226074,"Female"
"9004156",371990,2025-05-31 19:05:58,42.3985404968262,-8.92079544067383,"Female"
"9004156",371990,2025-05-31 19:10:57,42.3985443115234,-8.92087173461914,"Female"
"9004156",371990,2025-05-31 19:15:59,42.3986282348633,-8.92090320587158,"Female"
"9004156",371990,2025-05-31 19:21:00,42.3986053466797,-8.92105960845947,"Female"
"9004156",371990,2025-05-31 19:26:07,42.3987808227539,-8.92116355895996,"Female"
"9004156",371990,2025-05-31 19:31:17,42.3987693786621,-8.92116641998291,"Female"
"9004156",371990,2025-05-31 19:36:29,42.3986358642578,-8.92108154296875,"Female"
"9004156",371990,2025-05-31 19:40:57,42.398624420166,-8.92089080810547,"Female"
"9004156",371990,2025-05-31 19:45:57,42.3989791870117,-8.92031002044678,"Female"
"9004156",371990,2025-05-31 19:50:58,42.398681640625,-8.9207649230957,"Female"
"9004156",371990,2025-05-31 19:55:59,42.3987007141113,-8.9209508895874,"Female"
"9004156",371990,2025-05-31 20:01:14,42.3986320495605,-8.92083358764648,"Female"
"9004156",371990,2025-05-31 20:05:57,42.3986511230469,-8.92086601257324,"Female"
"9004156",371990,2025-05-31 20:10:57,42.3989944458008,-8.92102432250977,"Female"
"9004156",371990,2025-05-31 20:15:56,42.3991889953613,-8.92101192474365,"Female"
"9004156",371990,2025-05-31 20:20:58,42.3990859985352,-8.92122840881348,"Female"
"9004156",371990,2025-05-31 20:25:57,42.3988418579102,-8.92118072509766,"Female"
"9004156",371990,2025-05-31 20:30:59,42.3987579345703,-8.92116260528564,"Female"
"9004156",371990,2025-05-31 20:36:58,42.3983688354492,-8.92082691192627,"Female"
"9004156",371990,2025-05-31 20:41:04,42.3985824584961,-8.92108345031738,"Female"
"9004156",371990,2025-05-31 20:45:59,42.3984375,-8.92109107971191,"Female"
"9004156",371990,2025-05-31 20:50:58,42.3987464904785,-8.92086505889893,"Female"
"9004156",371990,2025-05-31 20:55:56,42.3984527587891,-8.92101860046387,"Female"
"9004156",371990,2025-05-31 21:00:56,42.3985404968262,-8.92097759246826,"Female"
"9004156",371990,2025-05-31 21:05:57,42.3985443115234,-8.9209041595459,"Female"
"9004156",371990,2025-05-31 21:10:58,42.3984909057617,-8.92099189758301,"Female"
"9004156",371990,2025-05-31 21:16:00,42.3985595703125,-8.92097282409668,"Female"
"9004156",371990,2025-05-31 21:20:57,42.3984489440918,-8.92101573944092,"Female"
"9004156",371990,2025-05-31 21:26:01,42.3985252380371,-8.92095851898193,"Female"
"9004156",371990,2025-05-31 21:31:07,42.3984680175781,-8.92137145996094,"Female"
"9004156",371990,2025-05-31 21:36:06,42.3982353210449,-8.92136573791504,"Female"
"9004156",371990,2025-05-31 21:41:09,42.3982276916504,-8.92136287689209,"Female"
"9004156",371990,2025-05-31 21:46:01,42.3985252380371,-8.92124652862549,"Female"
"9004156",371990,2025-05-31 21:51:07,42.3985176086426,-8.9210033416748,"Female"
"9004156",371990,2025-05-31 21:57:20,42.3983573913574,-8.92103481292725,"Female"
"9004156",371990,2025-05-31 22:01:06,42.3984527587891,-8.92114067077637,"Female"
"9004156",371990,2025-05-31 22:06:10,42.3982887268066,-8.92142486572266,"Female"
"9004156",371990,2025-05-31 22:11:01,42.3985748291016,-8.9211597442627,"Female"
"9004156",371990,2025-05-31 22:16:11,42.3984031677246,-8.920823097229,"Female"
"9004156",371990,2025-05-31 22:21:25,42.3982887268066,-8.92116165161133,"Female"
"9004156",371990,2025-05-31 22:26:00,42.3981742858887,-8.92081642150879,"Female"
"9004156",371990,2025-05-31 22:31:05,42.3984146118164,-8.92094802856445,"Female"
"9004156",371990,2025-05-31 22:36:13,42.3982543945312,-8.92104244232178,"Female"
"9004156",371990,2025-05-31 22:41:12,42.3983268737793,-8.92090606689453,"Female"
"9004156",371990,2025-05-31 22:47:20,42.3984565734863,-8.92084789276123,"Female"
"9004156",371990,2025-05-31 22:52:20,42.3984222412109,-8.92086982727051,"Female"
"9004156",371990,2025-05-31 22:57:20,42.3982887268066,-8.92087936401367,"Female"
"9004156",371990,2025-05-31 23:01:47,42.3983840942383,-8.9208345413208,"Female"
"9004156",371990,2025-05-31 23:06:14,42.3986740112305,-8.92077922821045,"Female"
"9004156",371990,2025-05-31 23:10:57,42.3985481262207,-8.92087364196777,"Female"
"9004156",371990,2025-05-31 23:16:04,42.398567199707,-8.92151927947998,"Female"
"9004156",371990,2025-05-31 23:21:20,42.3985481262207,-8.9210786819458,"Female"
"9004156",371990,2025-05-31 23:26:10,42.3985290527344,-8.92092800140381,"Female"
"9004156",371990,2025-05-31 23:31:00,42.3985977172852,-8.92107582092285,"Female"
"9004156",371990,2025-05-31 23:36:01,42.3985443115234,-8.92063903808594,"Female"
"9004156",371990,2025-05-31 23:41:05,42.3986473083496,-8.92084693908691,"Female"
"9004156",371990,2025-05-31 23:47:20,42.3985595703125,-8.92084407806396,"Female"
"9004156",371990,2025-05-31 23:52:20,42.3985443115234,-8.92083072662354,"Female"
"9004156",371990,2025-05-31 23:57:20,42.398551940918,-8.92084312438965,"Female"
"9004156",371990,2025-06-01 00:02:20,42.398509979248,-8.92092609405518,"Female"
"9004156",371990,2025-06-01 00:07:20,42.3985366821289,-8.92098712921143,"Female"
"9004156",371990,2025-06-01 00:11:14,42.3985481262207,-8.9208459854126,"Female"
"9004156",371990,2025-06-01 00:16:17,42.3985404968262,-8.92072486877441,"Female"
"9004156",371990,2025-06-01 00:21:03,42.3985633850098,-8.92086791992188,"Female"
"9004156",371990,2025-06-01 00:26:03,42.398551940918,-8.92109298706055,"Female"
"9004156",371990,2025-06-01 00:31:03,42.398609161377,-8.92068767547607,"Female"
"9004156",371990,2025-06-01 00:36:35,42.3985366821289,-8.92073726654053,"Female"
"9004156",371990,2025-06-01 00:41:00,42.3985748291016,-8.9208869934082,"Female"
"9004156",371990,2025-06-01 00:45:59,42.3986358642578,-8.92049312591553,"Female"
"9004156",371990,2025-06-01 00:51:04,42.3985595703125,-8.92099761962891,"Female"
"9004156",371990,2025-06-01 00:56:01,42.3985977172852,-8.92107677459717,"Female"
"9004156",371990,2025-06-01 01:00:59,42.3985481262207,-8.92083549499512,"Female"
"9004156",371990,2025-06-01 01:07:20,42.398567199707,-8.92107582092285,"Female"
"9004156",371990,2025-06-01 01:12:20,42.3985633850098,-8.9212064743042,"Female"
"9004156",371990,2025-06-01 01:17:20,42.3985862731934,-8.9212007522583,"Female"
"9004156",371990,2025-06-01 01:22:20,42.3985748291016,-8.92112064361572,"Female"
"9004156",371990,2025-06-01 01:27:20,42.3985328674316,-8.92092800140381,"Female"
"9004156",371990,2025-06-01 01:31:47,42.3985252380371,-8.92135524749756,"Female"
"9004156",371990,2025-06-01 01:36:27,42.3985710144043,-8.92132663726807,"Female"
"9004156",371990,2025-06-01 01:40:58,42.3983993530273,-8.9206428527832,"Female"
"9004156",371990,2025-06-01 01:46:05,42.3984336853027,-8.92094039916992,"Female"
"9004156",371990,2025-06-01 01:52:20,42.3984832763672,-8.92098236083984,"Female"
"9004156",371990,2025-06-01 01:57:20,42.3984756469727,-8.92111206054688,"Female"
"9004156",371990,2025-06-01 02:02:20,42.398494720459,-8.92098522186279,"Female"
"9004156",371990,2025-06-01 02:07:20,42.398567199707,-8.92101383209229,"Female"
"9004156",371990,2025-06-01 02:12:20,42.3985328674316,-8.92094993591309,"Female"
"9004156",371990,2025-06-01 02:17:20,42.3984336853027,-8.92097473144531,"Female"
"9004156",371990,2025-06-01 02:21:35,42.3983955383301,-8.92078685760498,"Female"
"9004156",371990,2025-06-01 02:26:10,42.3985328674316,-8.9210319519043,"Female"
"9004156",371990,2025-06-01 02:31:24,42.3986320495605,-8.92080307006836,"Female"
"9004156",371990,2025-06-01 02:36:08,42.3986206054688,-8.92075252532959,"Female"
"9004156",371990,2025-06-01 02:41:22,42.3984718322754,-8.92118453979492,"Female"
"9004156",371990,2025-06-01 02:46:06,42.3986282348633,-8.92085647583008,"Female"
"9004156",371990,2025-06-01 02:51:09,42.3986167907715,-8.92071437835693,"Female"
"9004156",371990,2025-06-01 02:56:03,42.3986358642578,-8.92075729370117,"Female"
"9004156",371990,2025-06-01 03:02:05,42.3986167907715,-8.9207649230957,"Female"
"9004156",371990,2025-06-01 03:05:59,42.3984832763672,-8.92082977294922,"Female"
"9004156",371990,2025-06-01 03:11:06,42.3986587524414,-8.92074584960938,"Female"
"9004156",371990,2025-06-01 03:16:03,42.3985176086426,-8.92070293426514,"Female"
"9004156",371990,2025-06-01 03:21:01,42.3986854553223,-8.92085456848145,"Female"
"9004156",371990,2025-06-01 03:26:28,42.3985176086426,-8.9207935333252,"Female"
"9004156",371990,2025-06-01 03:30:59,42.3985137939453,-8.92064571380615,"Female"
"9004156",371990,2025-06-01 03:36:06,42.3984527587891,-8.92050743103027,"Female"
"9004156",371990,2025-06-01 03:42:20,42.3984565734863,-8.92080402374268,"Female"
"9004156",371990,2025-06-01 03:47:20,42.3985443115234,-8.92108821868896,"Female"
"9004156",371990,2025-06-01 03:52:20,42.3985214233398,-8.9213399887085,"Female"
"9004156",371990,2025-06-01 03:57:20,42.3985137939453,-8.92156219482422,"Female"
"9004156",371990,2025-06-01 04:02:20,42.3985061645508,-8.92150115966797,"Female"
"9004156",371990,2025-06-01 04:07:20,42.3984680175781,-8.92149353027344,"Female"
"9004156",371990,2025-06-01 04:12:20,42.3984680175781,-8.92149448394775,"Female"
"9004156",371990,2025-06-01 04:17:20,42.3985366821289,-8.92134189605713,"Female"
"9004156",371990,2025-06-01 04:22:20,42.3984031677246,-8.92106628417969,"Female"
"9004156",371990,2025-06-01 04:26:07,42.3985900878906,-8.92083835601807,"Female"
"9004156",371990,2025-06-01 04:32:14,42.3987007141113,-8.92099666595459,"Female"
"9004156",371990,2025-06-01 04:35:56,42.3987426757812,-8.92037296295166,"Female"
"9004156",371990,2025-06-01 04:40:56,42.3989295959473,-8.92013549804688,"Female"
"9004156",371990,2025-06-01 04:46:09,42.398868560791,-8.92104148864746,"Female"
"9004156",371990,2025-06-01 04:50:58,42.398853302002,-8.92103576660156,"Female"
"9004156",371990,2025-06-01 04:55:58,42.3989295959473,-8.92070579528809,"Female"
"9004156",371990,2025-06-01 05:01:03,42.3988876342773,-8.92103576660156,"Female"
"9004156",371990,2025-06-01 05:05:58,42.3986282348633,-8.92113018035889,"Female"
"9004156",371990,2025-06-01 05:11:00,42.3988037109375,-8.9213981628418,"Female"
"9004156",371990,2025-06-01 05:15:59,42.398738861084,-8.92139148712158,"Female"
"9004156",371990,2025-06-01 05:21:00,42.3986778259277,-8.92138862609863,"Female"
"9004156",371990,2025-06-01 05:26:00,42.3986434936523,-8.92124080657959,"Female"
"9004156",371990,2025-06-01 05:31:12,42.3986206054688,-8.92101573944092,"Female"
"9004156",371990,2025-06-01 05:35:59,42.3986473083496,-8.92089748382568,"Female"
"9004156",371990,2025-06-01 05:41:04,42.3986053466797,-8.92101764678955,"Female"
"9004156",371990,2025-06-01 05:46:04,42.3987617492676,-8.92088603973389,"Female"
"9004156",371990,2025-06-01 05:50:58,42.3986434936523,-8.92117500305176,"Female"
"9004156",371990,2025-06-01 05:55:56,42.3987007141113,-8.92091464996338,"Female"
"9004156",371990,2025-06-01 06:00:56,42.3986167907715,-8.92090320587158,"Female"
"9004156",371990,2025-06-01 06:05:58,42.3986740112305,-8.9208927154541,"Female"
"9004156",371990,2025-06-01 06:10:58,42.3985061645508,-8.9208288192749,"Female"
"9004156",371990,2025-06-01 06:16:05,42.3986473083496,-8.92080211639404,"Female"
"9004156",371990,2025-06-01 06:20:56,42.400447845459,-8.92041397094727,"Female"
"9004156",371990,2025-06-01 06:25:56,42.4004821777344,-8.92041683197021,"Female"
"9004156",371990,2025-06-01 06:30:56,42.4004096984863,-8.92038249969482,"Female"
"9004156",371990,2025-06-01 06:35:56,42.4085807800293,-8.92024898529053,"Female"
"9004156",371990,2025-06-01 06:40:56,42.4336280822754,-8.92791557312012,"Female"
"9004156",371990,2025-06-01 06:45:56,42.4535675048828,-8.93547534942627,"Female"
"9004156",371990,2025-06-01 06:50:56,42.4687576293945,-8.94236946105957,"Female"
"9004156",371990,2025-06-01 06:55:56,42.4815368652344,-8.93098640441895,"Female"
"9004156",371990,2025-06-01 07:01:15,42.4825210571289,-8.93101596832275,"Female"
"9004156",371990,2025-06-01 07:06:22,42.4819946289062,-8.92571544647217,"Female"
"9004156",371990,2025-06-01 07:12:18,42.4817695617676,-8.92596530914307,"Female"
"9004156",371990,2025-06-01 07:17:55,42.4818572998047,-8.92627811431885,"Female"
"9004156",371990,2025-06-01 07:22:57,42.482006072998,-8.92546558380127,"Female"
"9004156",371990,2025-06-01 07:27:54,42.4829940795898,-8.92558288574219,"Female"
"9004156",371990,2025-06-01 07:32:54,42.4828796386719,-8.92549514770508,"Female"
"9004156",371990,2025-06-01 07:37:54,42.4827651977539,-8.92530536651611,"Female"
"9004156",371990,2025-06-01 07:42:54,42.4831428527832,-8.92587947845459,"Female"
"9004156",371990,2025-06-01 07:47:54,42.4830894470215,-8.92587280273438,"Female"
"9004156",371990,2025-06-01 07:52:54,42.4831962585449,-8.92598819732666,"Female"
"9004156",371990,2025-06-01 07:57:54,42.4832382202148,-8.92602443695068,"Female"
"9004156",371990,2025-06-01 08:02:54,42.4837913513184,-8.92398262023926,"Female"
"9004156",371990,2025-06-01 08:08:45,42.4834594726562,-8.92208957672119,"Female"
"9004156",371990,2025-06-01 08:15:02,42.484619140625,-8.92271518707275,"Female"
"9004156",371990,2025-06-01 08:20:47,42.484375,-8.92144680023193,"Female"
"9004156",371990,2025-06-01 08:25:47,42.484203338623,-8.9205436706543,"Female"
"9004156",371990,2025-06-01 08:30:47,42.4845886230469,-8.92150783538818,"Female"
"9004156",371990,2025-06-01 08:35:47,42.4839973449707,-8.92033004760742,"Female"
"9004156",371990,2025-06-01 08:40:47,42.4841461181641,-8.92018222808838,"Female"
"9004156",371990,2025-06-01 08:45:46,42.4841232299805,-8.92018032073975,"Female"
"9004156",371990,2025-06-01 08:50:47,42.4841842651367,-8.92012310028076,"Female"
"9004156",371990,2025-06-01 08:55:46,42.4839477539062,-8.92050457000732,"Female"
"9004156",371990,2025-06-01 09:00:46,42.4837303161621,-8.92051124572754,"Female"
"9004156",371990,2025-06-01 09:05:46,42.4837989807129,-8.92049503326416,"Female"
"9004156",371990,2025-06-01 09:10:46,42.4838027954102,-8.92045974731445,"Female"
"9004156",371990,2025-06-01 09:15:46,42.4838104248047,-8.92047882080078,"Female"
"9004156",371990,2025-06-01 09:20:46,42.4837303161621,-8.92050361633301,"Female"
"9004156",371990,2025-06-01 09:25:46,42.483772277832,-8.92041301727295,"Female"
"9004156",371990,2025-06-01 09:30:46,42.4826469421387,-8.91995620727539,"Female"
"9004156",371990,2025-06-01 09:36:31,42.4831504821777,-8.91921806335449,"Female"
"9004156",371990,2025-06-01 09:41:51,42.4834594726562,-8.91878414154053,"Female"
"9004156",371990,2025-06-01 09:46:51,42.483757019043,-8.91863536834717,"Female"
"9004156",371990,2025-06-01 09:51:51,42.4831619262695,-8.91776275634766,"Female"
"9004156",371990,2025-06-01 09:57:40,42.4830589294434,-8.91678428649902,"Female"
"9004156",371990,2025-06-01 10:03:16,42.4826393127441,-8.91574668884277,"Female"
"9004156",371990,2025-06-01 10:08:16,42.4835548400879,-8.91555976867676,"Female"
"9004156",371990,2025-06-01 10:13:16,42.4842758178711,-8.91600608825684,"Female"
"9004156",371990,2025-06-01 10:18:16,42.4847373962402,-8.91558647155762,"Female"
"9004156",371990,2025-06-01 10:23:18,42.4847297668457,-8.91546630859375,"Female"
"9004156",371990,2025-06-01 10:28:16,42.4847106933594,-8.91555500030518,"Female"
"9004156",371990,2025-06-01 10:33:16,42.4847183227539,-8.91550350189209,"Female"
"9004156",371990,2025-06-01 10:38:17,42.484748840332,-8.91555595397949,"Female"
"9004156",371990,2025-06-01 10:43:16,42.4846954345703,-8.91548728942871,"Female"
"9004156",371990,2025-06-01 10:48:16,42.4847221374512,-8.91550827026367,"Female"
"9004156",371990,2025-06-01 10:54:07,42.485164642334,-8.91619110107422,"Female"
"9004156",371990,2025-06-01 10:59:08,42.483943939209,-8.91701793670654,"Female"
"9004156",371990,2025-06-01 11:04:18,42.484302520752,-8.91783905029297,"Female"
"9004156",371990,2025-06-01 11:09:26,42.4833145141602,-8.91647529602051,"Female"
"9004156",371990,2025-06-01 11:15:25,42.484504699707,-8.91909790039062,"Female"
"9004156",371990,2025-06-01 11:20:45,42.4841156005859,-8.92030143737793,"Female"
"9004156",371990,2025-06-01 11:26:25,42.4845809936523,-8.92121315002441,"Female"
"9004156",371990,2025-06-01 11:31:26,42.4845542907715,-8.92240905761719,"Female"
"9004156",371990,2025-06-01 11:36:24,42.485294342041,-8.92238330841064,"Female"
"9004156",371990,2025-06-01 11:41:24,42.485523223877,-8.92232036590576,"Female"
"9004156",371990,2025-06-01 11:46:24,42.4851188659668,-8.92341327667236,"Female"
"9004156",371990,2025-06-01 11:51:25,42.4853935241699,-8.92247581481934,"Female"
"9004156",371990,2025-06-01 11:56:24,42.4852752685547,-8.92288112640381,"Female"
"9004156",371990,2025-06-01 12:01:24,42.485466003418,-8.9222583770752,"Female"
"9004156",371990,2025-06-01 12:06:24,42.4851951599121,-8.92281913757324,"Female"
"9004156",371990,2025-06-01 12:12:08,42.4847412109375,-8.92287349700928,"Female"
"9004156",371990,2025-06-01 12:17:38,42.4839897155762,-8.92203140258789,"Female"
"9004156",371990,2025-06-01 12:23:26,42.4835014343262,-8.920973777771,"Female"
"9004156",371990,2025-06-01 12:28:25,42.484260559082,-8.92051601409912,"Female"
"9004156",371990,2025-06-01 12:33:53,42.4848403930664,-8.91946411132812,"Female"
"9004156",371990,2025-06-01 12:38:50,42.4910430908203,-8.937255859375,"Female"
"9004156",371990,2025-06-01 12:43:57,42.4840240478516,-8.91741943359375,"Female"
"9004156",371990,2025-06-01 12:48:53,42.4863319396973,-8.92670631408691,"Female"
"9004156",371990,2025-06-01 12:54:00,42.484001159668,-8.91751956939697,"Female"
"9004156",371990,2025-06-01 12:58:53,42.4824371337891,-8.91108226776123,"Female"
"9004156",371990,2025-06-01 13:03:55,42.4820556640625,-8.90986251831055,"Female"
"9004156",371990,2025-06-01 13:09:46,42.4820327758789,-8.90901565551758,"Female"
"9004156",371990,2025-06-01 13:14:54,42.4815368652344,-8.90872287750244,"Female"
"9004156",371990,2025-06-01 13:19:46,42.4807434082031,-8.91684150695801,"Female"
"9004156",371990,2025-06-01 13:24:49,42.485538482666,-8.91776371002197,"Female"
"9004156",371990,2025-06-01 13:30:31,42.4801483154297,-8.91580200195312,"Female"
"9004156",371990,2025-06-01 13:36:00,42.4806518554688,-8.91569423675537,"Female"
"9004156",371990,2025-06-01 13:41:58,42.4793167114258,-8.91311931610107,"Female"
"9004156",371990,2025-06-01 13:48:00,42.4821662902832,-8.90775108337402,"Female"
"9004156",371990,2025-06-01 13:52:48,42.4817771911621,-8.90905284881592,"Female"
"9004156",371990,2025-06-01 13:57:48,42.4817085266113,-8.90917778015137,"Female"
"9004156",371990,2025-06-01 14:02:48,42.4816474914551,-8.90929317474365,"Female"
"9004156",371990,2025-06-01 14:07:48,42.4817085266113,-8.90917491912842,"Female"
"9004156",371990,2025-06-01 14:12:48,42.4817161560059,-8.90916728973389,"Female"
"9004156",371990,2025-06-01 14:17:49,42.4817276000977,-8.90915584564209,"Female"
"9004156",371990,2025-06-01 14:22:48,42.4817428588867,-8.90967845916748,"Female"
"9004156",371990,2025-06-01 14:27:59,42.4818496704102,-8.91024780273438,"Female"
"9004156",371990,2025-06-01 14:33:13,42.4821662902832,-8.91123580932617,"Female"
"9004156",371990,2025-06-01 14:39:09,42.4817848205566,-8.91058158874512,"Female"
"9004156",371990,2025-06-01 14:44:49,42.4828338623047,-8.90907669067383,"Female"
"9004156",371990,2025-06-01 14:50:58,42.48291015625,-8.90849590301514,"Female"
"9004156",371990,2025-06-01 14:55:57,42.4829902648926,-8.90890407562256,"Female"
"9004156",371990,2025-06-01 15:00:57,42.4830093383789,-8.90889835357666,"Female"
"9004156",371990,2025-06-01 15:05:57,42.4829902648926,-8.90889358520508,"Female"
"9004156",371990,2025-06-01 15:10:57,42.4829864501953,-8.90878868103027,"Female"
"9004156",371990,2025-06-01 15:15:57,42.4828872680664,-8.90895938873291,"Female"
"9004156",371990,2025-06-01 15:20:57,42.4829978942871,-8.90891933441162,"Female"
"9004156",371990,2025-06-01 15:25:57,42.483097076416,-8.90874004364014,"Female"
"9004156",371990,2025-06-01 15:30:57,42.4830551147461,-8.90867328643799,"Female"
"9004156",371990,2025-06-01 15:35:57,42.4829368591309,-8.90882778167725,"Female"
"9004156",371990,2025-06-01 15:40:57,42.4830551147461,-8.90871715545654,"Female"
"9004156",371990,2025-06-01 15:45:57,42.4830551147461,-8.90870380401611,"Female"
"9004156",371990,2025-06-01 15:50:57,42.4821586608887,-8.92444705963135,"Female"
"9004156",371990,2025-06-01 15:55:57,42.4810943603516,-8.92787170410156,"Female"
"9004156",371990,2025-06-01 16:01:34,42.4818344116211,-8.92680644989014,"Female"
"9004156",371990,2025-06-01 16:06:33,42.4821548461914,-8.9262170791626,"Female"
"9004156",371990,2025-06-01 16:12:03,42.4829177856445,-8.92585372924805,"Female"
"9004156",371990,2025-06-01 16:17:04,42.4836654663086,-8.92657661437988,"Female"
"9004156",371990,2025-06-01 16:22:57,42.4842681884766,-8.92944812774658,"Female"
"9004156",371990,2025-06-01 16:27:57,42.4846382141113,-8.93016338348389,"Female"
"9004156",371990,2025-06-01 16:32:57,42.4845161437988,-8.93035316467285,"Female"
"9004156",371990,2025-06-01 16:37:57,42.4845771789551,-8.93016910552979,"Female"
"9004156",371990,2025-06-01 16:42:57,42.4846267700195,-8.93056297302246,"Female"
"9004156",371990,2025-06-01 16:47:57,42.484546661377,-8.93060493469238,"Female"
"9004156",371990,2025-06-01 16:52:57,42.4850616455078,-8.93060874938965,"Female"
"9004156",371990,2025-06-01 16:58:28,42.4845504760742,-8.92940902709961,"Female"
"9004156",371990,2025-06-01 17:03:28,42.4849662780762,-8.92908382415771,"Female"
"9004156",371990,2025-06-01 17:08:29,42.4844131469727,-8.92973232269287,"Female"
"9004156",371990,2025-06-01 17:14:38,42.4835014343262,-8.93019866943359,"Female"
"9004156",371990,2025-06-01 17:19:38,42.4807929992676,-8.93747901916504,"Female"
"9004156",371990,2025-06-01 17:24:38,42.4311714172363,-8.93863296508789,"Female"
"9004156",371990,2025-06-01 17:29:39,42.3985824584961,-8.92082023620605,"Female"
"9004156",371990,2025-06-01 17:34:41,42.3983306884766,-8.92069149017334,"Female"
"9004156",371990,2025-06-01 17:39:39,42.398193359375,-8.92060279846191,"Female"
"9004156",371990,2025-06-01 17:44:38,42.3984222412109,-8.92049503326416,"Female"
"9004156",371990,2025-06-01 17:49:38,42.3985061645508,-8.9206018447876,"Female"
"9004156",371990,2025-06-01 17:54:38,42.3986320495605,-8.92065811157227,"Female"
"9004156",371990,2025-06-01 17:59:38,42.3985748291016,-8.9205904006958,"Female"
"9004156",371990,2025-06-01 18:04:39,42.3985862731934,-8.92074489593506,"Female"
"9004156",371990,2025-06-01 18:09:50,42.398811340332,-8.92105579376221,"Female"
"9004156",371990,2025-06-01 18:14:40,42.3986701965332,-8.92098903656006,"Female"
"9004156",371990,2025-06-01 18:19:41,42.3985710144043,-8.92069244384766,"Female"
"9004156",371990,2025-06-01 18:24:39,42.3985328674316,-8.92060279846191,"Female"
"9004156",371990,2025-06-01 18:29:38,42.3985137939453,-8.92052268981934,"Female"
"9004156",371990,2025-06-01 18:34:39,42.3984413146973,-8.92051029205322,"Female"
"9004156",371990,2025-06-01 18:39:40,42.398738861084,-8.92091274261475,"Female"
"9004156",371990,2025-06-01 18:44:40,42.3988151550293,-8.92107105255127,"Female"
"9004156",371990,2025-06-01 18:49:40,42.3988380432129,-8.9209451675415,"Female"
"9004156",371990,2025-06-01 18:54:43,42.3985214233398,-8.92160606384277,"Female"
"9004156",371990,2025-06-01 18:59:41,42.3986778259277,-8.92122077941895,"Female"
"9004156",371990,2025-06-01 19:04:44,42.3989105224609,-8.92134189605713,"Female"
"9004156",371990,2025-06-01 19:09:49,42.3988761901855,-8.92115497589111,"Female"
"9004156",371990,2025-06-01 19:14:42,42.398796081543,-8.92120933532715,"Female"
"9004156",371990,2025-06-01 19:19:40,42.3987655639648,-8.92134380340576,"Female"
"9004156",371990,2025-06-01 19:24:43,42.398681640625,-8.92134857177734,"Female"
"9004156",371990,2025-06-01 19:29:41,42.3988304138184,-8.92130088806152,"Female"
"9004156",371990,2025-06-01 19:34:42,42.3987464904785,-8.92145347595215,"Female"
"9004156",371990,2025-06-01 19:40:14,42.3988227844238,-8.9212007522583,"Female"
"9004156",371990,2025-06-01 19:44:40,42.3990058898926,-8.92065715789795,"Female"
"9004156",371990,2025-06-01 19:49:40,42.3992538452148,-8.92069149017334,"Female"
"9004156",371990,2025-06-01 19:54:41,42.3997611999512,-8.92043113708496,"Female"
"9004156",371990,2025-06-01 19:59:43,42.3987884521484,-8.92146968841553,"Female"
"9004156",371990,2025-06-01 20:04:41,42.3988418579102,-8.9215612411499,"Female"
"9004156",371990,2025-06-01 20:09:40,42.3984756469727,-8.92155361175537,"Female"
"9004156",371990,2025-06-01 20:14:40,42.3987770080566,-8.92131519317627,"Female"
"9004156",371990,2025-06-01 20:19:41,42.398380279541,-8.92133331298828,"Female"
"9004156",371990,2025-06-01 20:24:40,42.3984260559082,-8.92120170593262,"Female"
"9004156",371990,2025-06-01 20:29:58,42.3985252380371,-8.92124652862549,"Female"
"9004156",371990,2025-06-01 20:34:41,42.3975715637207,-8.91683769226074,"Female"
"9004156",371990,2025-06-01 20:39:39,42.3957557678223,-8.91711330413818,"Female"
"9004156",371990,2025-06-01 20:44:38,42.3959121704102,-8.91687202453613,"Female"
"9004156",371990,2025-06-01 20:49:39,42.3960304260254,-8.91646480560303,"Female"
"9004156",371990,2025-06-01 20:54:40,42.3960456848145,-8.91609477996826,"Female"
"9004156",371990,2025-06-01 20:59:43,42.3961791992188,-8.91588687896729,"Female"
"9004156",371990,2025-06-01 21:04:39,42.396110534668,-8.91553688049316,"Female"
"9004156",371990,2025-06-01 21:09:38,42.3960418701172,-8.91518592834473,"Female"
"9004156",371990,2025-06-01 21:15:59,42.3982467651367,-8.92109489440918,"Female"
"9004156",371990,2025-06-01 21:19:42,42.3983421325684,-8.92100429534912,"Female"
"9004156",371990,2025-06-01 21:24:41,42.3983726501465,-8.92135047912598,"Female"
"9004156",371990,2025-06-01 21:29:42,42.3984870910645,-8.9214038848877,"Female"
"9004156",371990,2025-06-01 21:34:39,42.3985214233398,-8.92092037200928,"Female"
"9004156",371990,2025-06-01 21:39:43,42.397274017334,-8.92172813415527,"Female"
"9004156",371990,2025-06-01 21:44:52,42.398494720459,-8.9211368560791,"Female"
"9004156",371990,2025-06-01 21:49:44,42.3981628417969,-8.9205322265625,"Female"
"9004156",371990,2025-06-01 21:54:40,42.3985404968262,-8.92103099822998,"Female"
"9004156",371990,2025-06-01 21:59:42,42.3984909057617,-8.92092990875244,"Female"
"9004156",371990,2025-06-01 22:04:39,42.398063659668,-8.9212474822998,"Female"
"9004156",371990,2025-06-01 22:09:42,42.3976936340332,-8.92144680023193,"Female"
"9004156",371990,2025-06-01 22:15:44,42.3986282348633,-8.92091178894043,"Female"
"9004156",371990,2025-06-01 22:19:41,42.3987770080566,-8.92065238952637,"Female"
"9004156",371990,2025-06-01 22:24:46,42.3983268737793,-8.92098712921143,"Female"
"9004156",371990,2025-06-01 22:29:44,42.3983612060547,-8.92097091674805,"Female"
"9004156",371990,2025-06-01 22:34:47,42.3983116149902,-8.92087936401367,"Female"
"9004156",371990,2025-06-01 22:39:59,42.3984069824219,-8.92091274261475,"Female"
"9004156",371990,2025-06-01 22:44:40,42.3985977172852,-8.92070388793945,"Female"
"9004156",371990,2025-06-01 22:50:05,42.3985023498535,-8.92080783843994,"Female"
"9004156",371990,2025-06-01 22:54:55,42.3979949951172,-8.92079544067383,"Female"
"9004156",371990,2025-06-01 22:59:43,42.3983726501465,-8.92078685760498,"Female"
"9004156",371990,2025-06-01 23:04:55,42.398494720459,-8.92078685760498,"Female"
"9004156",371990,2025-06-01 23:09:40,42.3984489440918,-8.92086601257324,"Female"
"9004156",371990,2025-06-01 23:14:42,42.3983993530273,-8.92085361480713,"Female"
"9004156",371990,2025-06-01 23:19:41,42.3985290527344,-8.92068004608154,"Female"
"9004156",371990,2025-06-01 23:24:43,42.3986358642578,-8.92094612121582,"Female"
"9004156",371990,2025-06-01 23:29:41,42.3988952636719,-8.92081165313721,"Female"
"9004156",371990,2025-06-01 23:34:43,42.3987045288086,-8.92067813873291,"Female"
"9004156",371990,2025-06-01 23:39:44,42.3983459472656,-8.92137432098389,"Female"
"9004156",371990,2025-06-01 23:44:55,42.3985748291016,-8.9209623336792,"Female"
"9004156",371990,2025-06-01 23:49:42,42.3986015319824,-8.92102336883545,"Female"
"9004156",371990,2025-06-01 23:54:39,42.3985748291016,-8.92095756530762,"Female"
"9004156",371990,2025-06-01 23:59:41,42.3985977172852,-8.92085266113281,"Female"
"9004156",371990,2025-06-02 00:04:41,42.3985061645508,-8.92094135284424,"Female"
"9004156",371990,2025-06-02 00:09:40,42.3985633850098,-8.92090034484863,"Female"
"9004156",371990,2025-06-02 00:14:41,42.3985404968262,-8.92078876495361,"Female"
"9004156",371990,2025-06-02 00:19:40,42.3985404968262,-8.92099094390869,"Female"
"9004156",371990,2025-06-02 00:24:51,42.398624420166,-8.92091083526611,"Female"
"9004156",371990,2025-06-02 00:29:40,42.3985595703125,-8.92090034484863,"Female"
"9004156",371990,2025-06-02 00:34:40,42.3984909057617,-8.92079925537109,"Female"
"9004156",371990,2025-06-02 00:39:39,42.3985633850098,-8.92077922821045,"Female"
"9004156",371990,2025-06-02 00:44:46,42.3985214233398,-8.92081642150879,"Female"
"9004156",371990,2025-06-02 00:49:42,42.3984336853027,-8.92049407958984,"Female"
"9004156",371990,2025-06-02 00:54:47,42.3984451293945,-8.92104339599609,"Female"
"9004156",371990,2025-06-02 01:01:01,42.3987503051758,-8.92159652709961,"Female"
"9004156",371990,2025-06-02 01:05:10,42.3989372253418,-8.92209434509277,"Female"
"9004156",371990,2025-06-02 01:09:57,42.398509979248,-8.92073917388916,"Female"
"9004156",371990,2025-06-02 01:15:06,42.3986930847168,-8.92098331451416,"Female"
"9004156",371990,2025-06-02 01:20:01,42.3986015319824,-8.92086124420166,"Female"
"9004156",371990,2025-06-02 01:24:47,42.3984680175781,-8.92068004608154,"Female"
"9004156",371990,2025-06-02 01:29:47,42.3986434936523,-8.92071056365967,"Female"
"9004156",371990,2025-06-02 01:35:43,42.3986587524414,-8.92078113555908,"Female"
"9004156",371990,2025-06-02 01:39:53,42.3986167907715,-8.92062568664551,"Female"
"9004156",371990,2025-06-02 01:45:14,42.3992118835449,-8.92135334014893,"Female"
"9004156",371990,2025-06-02 01:49:45,42.3991088867188,-8.92118072509766,"Female"
"9004156",371990,2025-06-02 01:56:01,42.3986587524414,-8.92097759246826,"Female"
"9004156",371990,2025-06-02 01:59:48,42.398021697998,-8.9208927154541,"Female"
"9004156",371990,2025-06-02 02:04:48,42.3985633850098,-8.92096900939941,"Female"
"9004156",371990,2025-06-02 02:09:48,42.3985404968262,-8.9209680557251,"Female"
"9004156",371990,2025-06-02 02:14:48,42.3985939025879,-8.92107009887695,"Female"
"9004156",371990,2025-06-02 02:19:48,42.3986167907715,-8.92108249664307,"Female"
"9004156",371990,2025-06-02 02:24:42,42.398567199707,-8.92096614837646,"Female"
"9004156",371990,2025-06-02 02:29:49,42.3986206054688,-8.92082786560059,"Female"
"9004156",371990,2025-06-02 02:34:45,42.3985862731934,-8.92084217071533,"Female"
"9004156",371990,2025-06-02 02:39:49,42.3985633850098,-8.92066097259521,"Female"
"9004156",371990,2025-06-02 02:44:39,42.398509979248,-8.9206714630127,"Female"
"9004156",371990,2025-06-02 02:49:48,42.3987922668457,-8.92076110839844,"Female"
"9004156",371990,2025-06-02 02:54:54,42.3986778259277,-8.92073917388916,"Female"
"9004156",371990,2025-06-02 02:59:42,42.3986663818359,-8.92043876647949,"Female"
"9004156",371990,2025-06-02 03:04:49,42.3986358642578,-8.92081546783447,"Female"
"9004156",371990,2025-06-02 03:09:48,42.3988189697266,-8.92029571533203,"Female"
"9004156",371990,2025-06-02 03:14:45,42.3986701965332,-8.92044258117676,"Female"
"9004156",371990,2025-06-02 03:19:47,42.3987350463867,-8.9203519821167,"Female"
"9004156",371990,2025-06-02 03:24:42,42.3984642028809,-8.91998481750488,"Female"
"9004156",371990,2025-06-02 03:29:49,42.3986740112305,-8.92067909240723,"Female"
"9004156",371990,2025-06-02 03:34:48,42.3987121582031,-8.92061614990234,"Female"
"9004156",371990,2025-06-02 03:39:46,42.3987121582031,-8.92068481445312,"Female"
"9004156",371990,2025-06-02 03:44:47,42.3984718322754,-8.92063808441162,"Female"
"9004156",371990,2025-06-02 03:49:41,42.3987655639648,-8.92073249816895,"Female"
"9004156",371990,2025-06-02 03:54:43,42.3985939025879,-8.92127895355225,"Female"
"9004156",371990,2025-06-02 03:59:45,42.3986167907715,-8.92151546478271,"Female"
"9004156",371990,2025-06-02 04:04:48,42.398624420166,-8.92166614532471,"Female"
"9004156",371990,2025-06-02 04:09:45,42.3984909057617,-8.92150402069092,"Female"
"9004156",371990,2025-06-02 04:14:47,42.3985366821289,-8.92121696472168,"Female"
"9004156",371990,2025-06-02 04:19:48,42.3984642028809,-8.92132186889648,"Female"
"9004156",371990,2025-06-02 04:25:15,42.398365020752,-8.92139053344727,"Female"
"9004156",371990,2025-06-02 04:30:47,42.398796081543,-8.92101573944092,"Female"
"9004156",371990,2025-06-02 04:35:02,42.3982048034668,-8.92149353027344,"Female"
"9004156",371990,2025-06-02 04:39:55,42.3982048034668,-8.92135524749756,"Female"
"9004156",371990,2025-06-02 04:45:05,42.3978996276855,-8.9214391708374,"Female"
"9004156",371990,2025-06-02 04:50:00,42.3979454040527,-8.92135334014893,"Female"
"9004156",371990,2025-06-02 04:55:00,42.3980941772461,-8.92129421234131,"Female"
"9004156",371990,2025-06-02 05:00:10,42.3976135253906,-8.9215030670166,"Female"
"9004156",371990,2025-06-02 05:05:06,42.3979148864746,-8.92137908935547,"Female"
"9004156",371990,2025-06-02 05:09:50,42.3982543945312,-8.9211597442627,"Female"
"9004156",371990,2025-06-02 05:14:48,42.3984413146973,-8.92103576660156,"Female"
"9004156",371990,2025-06-02 05:19:48,42.398624420166,-8.92097187042236,"Female"
"9004156",371990,2025-06-02 05:24:41,42.3987884521484,-8.92107963562012,"Female"
"9004156",371990,2025-06-02 05:29:57,42.3988075256348,-8.92159175872803,"Female"
"9004156",371990,2025-06-02 05:34:47,42.3986892700195,-8.92086315155029,"Female"
"9004156",371990,2025-06-02 05:39:55,42.398796081543,-8.9207935333252,"Female"
"9004156",371990,2025-06-02 05:44:59,42.3987655639648,-8.92072200775146,"Female"
"9004156",371990,2025-06-02 05:49:40,42.3986434936523,-8.92028427124023,"Female"
"9004156",371990,2025-06-02 05:54:40,42.398868560791,-8.92134189605713,"Female"
"9004156",371990,2025-06-02 05:59:39,42.3991470336914,-8.92222309112549,"Female"
"9004156",371990,2025-06-02 06:04:42,42.4029655456543,-8.9224967956543,"Female"
"9004156",371990,2025-06-02 06:09:39,42.4199295043945,-8.9241189956665,"Female"
"9004156",371990,2025-06-02 06:14:39,42.445629119873,-8.93031311035156,"Female"
"9004156",371990,2025-06-02 06:19:38,42.4732131958008,-8.94155406951904,"Female"
"9004156",371990,2025-06-02 06:24:39,42.4827728271484,-8.93110370635986,"Female"
"9004156",371990,2025-06-02 06:29:40,42.4827270507812,-8.93099689483643,"Female"
"9004156",371990,2025-06-02 06:34:54,42.4819984436035,-8.92552852630615,"Female"
"9004156",371990,2025-06-02 06:41:17,42.4828567504883,-8.92501831054688,"Female"
"9004156",371990,2025-06-02 06:46:47,42.483024597168,-8.92672634124756,"Female"
"9004156",371990,2025-06-02 06:52:02,42.4833488464355,-8.92618274688721,"Female"
"9004156",371990,2025-06-02 06:56:43,42.4832458496094,-8.92615222930908,"Female"
"9004156",371990,2025-06-02 07:01:43,42.4834327697754,-8.92626094818115,"Female"
"9004156",371990,2025-06-02 07:06:42,42.4833641052246,-8.92615509033203,"Female"
"9004156",371990,2025-06-02 07:11:43,42.4833450317383,-8.92617511749268,"Female"
"9004156",371990,2025-06-02 07:16:42,42.483341217041,-8.92611026763916,"Female"
"9004156",371990,2025-06-02 07:21:42,42.4833030700684,-8.92600917816162,"Female"
"9004156",371990,2025-06-02 07:28:20,42.4842872619629,-8.92241764068604,"Female"
"9004156",371990,2025-06-02 07:33:44,42.4840469360352,-8.92171478271484,"Female"
"9004156",371990,2025-06-02 07:38:24,42.4828910827637,-8.92160224914551,"Female"
"9004156",371990,2025-06-02 07:43:30,42.4840087890625,-8.92228603363037,"Female"
"9004156",371990,2025-06-02 07:48:22,42.4849510192871,-8.9229850769043,"Female"
"9004156",371990,2025-06-02 07:53:20,42.4857444763184,-8.92379283905029,"Female"
"9004156",371990,2025-06-02 07:58:22,42.4855728149414,-8.92360019683838,"Female"
"9004156",371990,2025-06-02 08:03:22,42.4859580993652,-8.92430305480957,"Female"
"9004156",371990,2025-06-02 08:08:24,42.4854927062988,-8.92353439331055,"Female"
"9004156",371990,2025-06-02 08:13:28,42.4852828979492,-8.92323207855225,"Female"
"9004156",371990,2025-06-02 08:18:24,42.485538482666,-8.92367744445801,"Female"
"9004156",371990,2025-06-02 08:23:23,42.4856452941895,-8.92378711700439,"Female"
"9004156",371990,2025-06-02 08:28:21,42.4855270385742,-8.92387771606445,"Female"
"9004156",371990,2025-06-02 08:33:34,42.4853248596191,-8.92350196838379,"Female"
"9004156",371990,2025-06-02 08:38:37,42.4852828979492,-8.92334079742432,"Female"
"9004156",371990,2025-06-02 08:43:35,42.4853096008301,-8.92334938049316,"Female"
"9004156",371990,2025-06-02 08:48:25,42.4853515625,-8.9235315322876,"Female"
"9004156",371990,2025-06-02 08:53:30,42.4847030639648,-8.92378616333008,"Female"
"9004156",371990,2025-06-02 08:59:23,42.4852180480957,-8.9245662689209,"Female"
"9004156",371990,2025-06-02 09:03:58,42.485179901123,-8.92582511901855,"Female"
"9004156",371990,2025-06-02 09:09:47,42.4850769042969,-8.92745971679688,"Female"
"9004156",371990,2025-06-02 09:14:48,42.4848823547363,-8.92922115325928,"Female"
"9004156",371990,2025-06-02 09:19:48,42.485050201416,-8.92904853820801,"Female"
"9004156",371990,2025-06-02 09:24:46,42.4850463867188,-8.92906379699707,"Female"
"9004156",371990,2025-06-02 09:29:46,42.4850578308105,-8.9290189743042,"Female"
"9004156",371990,2025-06-02 09:34:54,42.485050201416,-8.92901706695557,"Female"
"9004156",371990,2025-06-02 09:39:44,42.4850616455078,-8.92912769317627,"Female"
"9004156",371990,2025-06-02 09:44:43,42.4850997924805,-8.92880630493164,"Female"
"9004156",371990,2025-06-02 09:49:45,42.4850044250488,-8.92903423309326,"Female"
"9004156",371990,2025-06-02 09:55:05,42.4850425720215,-8.92934322357178,"Female"
"9004156",371990,2025-06-02 09:59:41,42.4851188659668,-8.92930889129639,"Female"
"9004156",371990,2025-06-02 10:04:44,42.4850234985352,-8.92926120758057,"Female"
"9004156",371990,2025-06-02 10:09:41,42.4851226806641,-8.92933464050293,"Female"
"9004156",371990,2025-06-02 10:14:42,42.4850196838379,-8.92926979064941,"Female"
"9004156",371990,2025-06-02 10:19:42,42.4850616455078,-8.92929267883301,"Female"
"9004156",371990,2025-06-02 10:24:45,42.4855842590332,-8.92935657501221,"Female"
"9004156",371990,2025-06-02 10:30:41,42.4866943359375,-8.93063449859619,"Female"
"9004156",371990,2025-06-02 10:36:21,42.4873886108398,-8.93059062957764,"Female"
"9004156",371990,2025-06-02 10:42:10,42.4872779846191,-8.93008041381836,"Female"
"9004156",371990,2025-06-02 10:47:58,42.4875068664551,-8.92958450317383,"Female"
"9004156",371990,2025-06-02 10:52:55,42.4872512817383,-8.9293155670166,"Female"
"9004156",371990,2025-06-02 10:57:55,42.4872245788574,-8.92767238616943,"Female"
"9004156",371990,2025-06-02 11:02:54,42.4869613647461,-8.92787265777588,"Female"
"9004156",371990,2025-06-02 11:07:53,42.4869575500488,-8.92793655395508,"Female"
"9004156",371990,2025-06-02 11:12:53,42.4869117736816,-8.92781734466553,"Female"
"9004156",371990,2025-06-02 11:17:53,42.4870719909668,-8.92804622650146,"Female"
"9004156",371990,2025-06-02 11:22:53,42.4493637084961,-8.94143581390381,"Female"
"9004156",371990,2025-06-02 11:27:53,42.3984222412109,-8.92122459411621,"Female"
"9004156",371990,2025-06-02 11:32:55,42.3985481262207,-8.92101097106934,"Female"
"9004156",371990,2025-06-02 11:37:55,42.3984718322754,-8.92107677459717,"Female"
"9004156",371990,2025-06-02 11:42:54,42.3985710144043,-8.92138385772705,"Female"
"9004156",371990,2025-06-02 11:47:57,42.398551940918,-8.92091655731201,"Female"
"9004156",371990,2025-06-02 11:52:59,42.3985710144043,-8.92099285125732,"Female"
"9004156",371990,2025-06-02 11:57:58,42.3986167907715,-8.92094802856445,"Female"
"9004156",371990,2025-06-02 12:02:59,42.3985786437988,-8.92092895507812,"Female"
"9004156",371990,2025-06-02 12:07:57,42.3986473083496,-8.92101192474365,"Female"
"9004156",371990,2025-06-02 12:13:01,42.3985595703125,-8.92092037200928,"Female"
"9004156",371990,2025-06-02 12:17:58,42.3985824584961,-8.92056846618652,"Female"
"9004156",371990,2025-06-02 12:22:57,42.3985633850098,-8.92108726501465,"Female"
"9004156",371990,2025-06-02 12:28:03,42.3986396789551,-8.92108249664307,"Female"
"9004156",371990,2025-06-02 12:33:00,42.3986167907715,-8.92085266113281,"Female"
"9004156",371990,2025-06-02 12:38:04,42.3985862731934,-8.92117118835449,"Female"
"9004156",371990,2025-06-02 12:42:59,42.3983116149902,-8.92012405395508,"Female"
"9004156",371990,2025-06-02 12:48:05,42.3985748291016,-8.92101573944092,"Female"
"9004156",371990,2025-06-02 12:53:21,42.3988723754883,-8.92114543914795,"Female"
"9004156",371990,2025-06-02 12:58:04,42.398551940918,-8.9207592010498,"Female"
"9004156",371990,2025-06-02 13:03:19,42.3987884521484,-8.92111396789551,"Female"
"9004156",371990,2025-06-02 13:08:22,42.3987655639648,-8.92121505737305,"Female"
"9004156",371990,2025-06-02 13:13:01,42.3986663818359,-8.92111396789551,"Female"
"9004156",371990,2025-06-02 13:18:40,42.398567199707,-8.92090892791748,"Female"
"9004156",371990,2025-06-02 13:23:06,42.3986473083496,-8.92105388641357,"Female"
"9004156",371990,2025-06-02 13:28:29,42.3985710144043,-8.92116546630859,"Female"
"9004156",371990,2025-06-02 13:33:38,42.3986015319824,-8.92131423950195,"Female"
"9004156",371990,2025-06-02 13:37:56,42.3986053466797,-8.92128658294678,"Female"
"9004156",371990,2025-06-02 13:42:58,42.3987464904785,-8.92141914367676,"Female"
"9004156",371990,2025-06-02 13:49:02,42.3992156982422,-8.92081260681152,"Female"
"9004156",371990,2025-06-02 13:52:55,42.3987007141113,-8.92110252380371,"Female"
"9004156",371990,2025-06-02 13:57:59,42.398567199707,-8.92065906524658,"Female"
"9004156",371990,2025-06-02 14:03:16,42.3985023498535,-8.92066860198975,"Female"
"9004156",371990,2025-06-02 14:08:04,42.3989448547363,-8.92081546783447,"Female"
"9004156",371990,2025-06-02 14:13:06,42.3990364074707,-8.92059707641602,"Female"
"9004156",371990,2025-06-02 14:18:09,42.3986587524414,-8.92066955566406,"Female"
"9004156",371990,2025-06-02 14:23:14,42.3989410400391,-8.92060661315918,"Female"
"9004156",371990,2025-06-02 14:27:53,42.3988342285156,-8.92058849334717,"Female"
"9004156",371990,2025-06-02 14:32:56,42.3988075256348,-8.92043018341064,"Female"
"9004156",371990,2025-06-02 14:37:57,42.3982963562012,-8.92120933532715,"Female"
"9004156",371990,2025-06-02 14:42:53,42.4159698486328,-8.92197418212891,"Female"
"9004156",371990,2025-06-02 14:47:53,42.4401054382324,-8.92817115783691,"Female"
"9004156",371990,2025-06-02 14:52:53,42.4666137695312,-8.94319725036621,"Female"
"9004156",371990,2025-06-02 14:57:53,42.4827842712402,-8.92140769958496,"Female"
"9004156",371990,2025-06-02 15:02:53,42.4832229614258,-8.92125606536865,"Female"
"9004156",371990,2025-06-02 15:08:48,42.4832305908203,-8.9192008972168,"Female"
"9004156",371990,2025-06-02 15:13:47,42.483512878418,-8.91830158233643,"Female"
"9004156",371990,2025-06-02 15:19:07,42.4837646484375,-8.91701602935791,"Female"
"9004156",371990,2025-06-02 15:24:08,42.4839782714844,-8.91646194458008,"Female"
"9004156",371990,2025-06-02 15:29:09,42.4849815368652,-8.91598510742188,"Female"
"9004156",371990,2025-06-02 15:34:07,42.4859275817871,-8.91514015197754,"Female"
"9004156",371990,2025-06-02 15:39:07,42.4860382080078,-8.91486358642578,"Female"
"9004156",371990,2025-06-02 15:44:07,42.4858818054199,-8.91527652740479,"Female"
"9004156",371990,2025-06-02 15:49:08,42.4859199523926,-8.91527938842773,"Female"
"9004156",371990,2025-06-02 15:54:08,42.4858474731445,-8.91523838043213,"Female"
"9004156",371990,2025-06-02 15:59:08,42.4856910705566,-8.91553020477295,"Female"
"9004156",371990,2025-06-02 16:04:12,42.4858818054199,-8.9155387878418,"Female"
"9004156",371990,2025-06-02 16:09:07,42.4848747253418,-8.91369152069092,"Female"
"9004156",371990,2025-06-02 16:15:09,42.4838562011719,-8.91387557983398,"Female"
"9004156",371990,2025-06-02 16:20:13,42.4835624694824,-8.9134635925293,"Female"
"9004156",371990,2025-06-02 16:25:14,42.4838218688965,-8.91215324401855,"Female"
"9004156",371990,2025-06-02 16:30:13,42.4828948974609,-8.90842914581299,"Female"
"9004156",371990,2025-06-02 16:35:13,42.4829483032227,-8.90842056274414,"Female"
"9004156",371990,2025-06-02 16:40:14,42.4828186035156,-8.90844917297363,"Female"
"9004156",371990,2025-06-02 16:45:53,42.4808082580566,-8.90717506408691,"Female"
"9004156",371990,2025-06-02 16:51:39,42.4820594787598,-8.90828227996826,"Female"
"9004156",371990,2025-06-02 16:57:31,42.4822578430176,-8.90929126739502,"Female"
"9004156",371990,2025-06-02 17:02:40,42.4824447631836,-8.91037082672119,"Female"
"9004156",371990,2025-06-02 17:07:18,42.4826545715332,-8.91072559356689,"Female"
"9004156",371990,2025-06-02 17:12:21,42.4826583862305,-8.91030502319336,"Female"
"9004156",371990,2025-06-02 17:17:24,42.4820175170898,-8.91013717651367,"Female"
"9004156",371990,2025-06-02 17:22:22,42.4825668334961,-8.91038036346436,"Female"
"9004156",371990,2025-06-02 17:27:31,42.4825859069824,-8.91037940979004,"Female"
"9004156",371990,2025-06-02 17:32:23,42.4825859069824,-8.91044330596924,"Female"
"9004156",371990,2025-06-02 17:37:35,42.4823837280273,-8.91027355194092,"Female"
"9004156",371990,2025-06-02 17:42:17,42.4823303222656,-8.910231590271,"Female"
"9004156",371990,2025-06-02 17:47:17,42.4823226928711,-8.91022872924805,"Female"
"9004156",371990,2025-06-02 17:52:51,42.4821586608887,-8.90953254699707,"Female"
"9004156",371990,2025-06-02 17:57:49,42.4822006225586,-8.91013145446777,"Female"
"9004156",371990,2025-06-02 18:02:49,42.4834594726562,-8.91042709350586,"Female"
"9004156",371990,2025-06-02 18:07:49,42.4834098815918,-8.91046810150146,"Female"
"9004156",371990,2025-06-02 18:12:49,42.470100402832,-8.94177722930908,"Female"
"9004156",371990,2025-06-02 18:17:49,42.4099464416504,-8.93135738372803,"Female"
"9004156",371990,2025-06-02 18:22:49,42.3994407653809,-8.92070388793945,"Female"
"9004156",371990,2025-06-02 18:27:49,42.3995132446289,-8.92079830169678,"Female"
"9004156",371990,2025-06-02 18:32:49,42.3995170593262,-8.9207820892334,"Female"
"9004156",371990,2025-06-02 18:37:49,42.3994979858398,-8.92075157165527,"Female"
"9004156",371990,2025-06-02 18:42:49,42.399585723877,-8.92087078094482,"Female"
"9004156",371990,2025-06-02 18:47:49,42.3987045288086,-8.92108249664307,"Female"
"9004156",371990,2025-06-02 18:52:49,42.398681640625,-8.92105388641357,"Female"
"9004156",371990,2025-06-02 18:57:49,42.3985939025879,-8.92102146148682,"Female"
"9004156",371990,2025-06-02 19:02:50,42.3986778259277,-8.92124366760254,"Female"
"9004156",371990,2025-06-02 19:07:49,42.3986282348633,-8.92105293273926,"Female"
"9004156",371990,2025-06-02 19:12:49,42.3987083435059,-8.92112255096436,"Female"
"9004156",371990,2025-06-02 19:17:49,42.3987464904785,-8.92127132415771,"Female"
"9004156",371990,2025-06-02 19:22:49,42.3987083435059,-8.92118453979492,"Female"
"9004156",371990,2025-06-02 19:27:49,42.3991394042969,-8.92174625396729,"Female"
"9004156",371990,2025-06-02 19:32:49,42.3991317749023,-8.92169189453125,"Female"
"9004156",371990,2025-06-02 19:37:49,42.3991241455078,-8.92189121246338,"Female"
"9004156",371990,2025-06-02 19:42:49,42.3990936279297,-8.92170906066895,"Female"
"9004156",371990,2025-06-02 19:47:49,42.3989944458008,-8.92161655426025,"Female"
"9004156",371990,2025-06-02 19:52:49,42.3990325927734,-8.92182731628418,"Female"
"9004156",371990,2025-06-02 19:57:49,42.3989791870117,-8.92157077789307,"Female"
"9004156",371990,2025-06-02 20:02:49,42.3989753723145,-8.92166519165039,"Female"
"9004156",371990,2025-06-02 20:07:49,42.3990173339844,-8.92165946960449,"Female"
"9004156",371990,2025-06-02 20:12:50,42.3989715576172,-8.92164325714111,"Female"
"9004156",371990,2025-06-02 20:17:50,42.3987579345703,-8.9213171005249,"Female"
"9004156",371990,2025-06-02 20:22:51,42.398380279541,-8.92134475708008,"Female"
"9004156",371990,2025-06-02 20:27:53,42.3985710144043,-8.92118358612061,"Female"
"9004156",371990,2025-06-02 20:32:53,42.3982963562012,-8.92134094238281,"Female"
"9004156",371990,2025-06-02 20:37:52,42.3983039855957,-8.92127227783203,"Female"
"9004156",371990,2025-06-02 20:43:01,42.3987083435059,-8.92099571228027,"Female"
"9004156",371990,2025-06-02 20:48:01,42.3986740112305,-8.92096138000488,"Female"
"9004156",371990,2025-06-02 20:52:53,42.398509979248,-8.92104434967041,"Female"
"9004156",371990,2025-06-02 20:58:06,42.3987159729004,-8.92086315155029,"Female"
"9004156",371990,2025-06-02 21:02:56,42.398609161377,-8.92075729370117,"Female"
"9004156",371990,2025-06-02 21:07:54,42.398307800293,-8.92089748382568,"Female"
"9004156",371990,2025-06-02 21:12:55,42.398796081543,-8.92043876647949,"Female"
"9004156",371990,2025-06-02 21:17:58,42.3986434936523,-8.92054462432861,"Female"
"9004156",371990,2025-06-02 21:22:59,42.3986701965332,-8.92066192626953,"Female"
"9004156",371990,2025-06-02 21:27:56,42.3987197875977,-8.92032814025879,"Female"
"9004156",371990,2025-06-02 21:32:55,42.3993644714355,-8.92043113708496,"Female"
"9004156",371990,2025-06-02 21:37:51,42.3997344970703,-8.92011070251465,"Female"
"9004156",371990,2025-06-02 21:43:01,42.3983268737793,-8.92116832733154,"Female"
"9004156",371990,2025-06-02 21:47:50,42.3991241455078,-8.92067909240723,"Female"
"9004156",371990,2025-06-02 21:52:49,42.399829864502,-8.92004585266113,"Female"
"9004156",371990,2025-06-02 21:57:50,42.4002265930176,-8.91964626312256,"Female"
"9004156",371990,2025-06-02 22:02:50,42.4003105163574,-8.91958522796631,"Female"
"9004156",371990,2025-06-02 22:08:00,42.3982810974121,-8.92118167877197,"Female"
"9004156",371990,2025-06-02 22:12:51,42.4000778198242,-8.91970157623291,"Female"
"9004156",371990,2025-06-02 22:17:56,42.3984413146973,-8.92097949981689,"Female"
"9004156",371990,2025-06-02 22:22:51,42.4005165100098,-8.91931343078613,"Female"
"9004156",371990,2025-06-02 22:28:00,42.3990020751953,-8.92079544067383,"Female"
"9004156",371990,2025-06-02 22:32:50,42.4005966186523,-8.91935062408447,"Female"
"9004156",371990,2025-06-02 22:37:52,42.4008636474609,-8.91945838928223,"Female"
"9004156",371990,2025-06-02 22:42:50,42.4004592895508,-8.91976833343506,"Female"
"9004156",371990,2025-06-02 22:47:52,42.4009780883789,-8.91967296600342,"Female"
"9004156",371990,2025-06-02 22:52:54,42.400707244873,-8.91995620727539,"Female"
"9004156",371990,2025-06-02 22:57:53,42.400276184082,-8.92061519622803,"Female"
"9004156",371990,2025-06-02 23:02:52,42.39990234375,-8.92091178894043,"Female"
"9004156",371990,2025-06-02 23:07:50,42.3998031616211,-8.92111587524414,"Female"
"9004156",371990,2025-06-02 23:12:54,42.3995590209961,-8.92123126983643,"Female"
"9004156",371990,2025-06-02 23:17:50,42.3994560241699,-8.92240524291992,"Female"
"9004156",371990,2025-06-02 23:22:50,42.3991241455078,-8.92152118682861,"Female"
"9004156",371990,2025-06-02 23:27:50,42.3990287780762,-8.92159843444824,"Female"
"9004156",371990,2025-06-02 23:32:51,42.3988304138184,-8.92264175415039,"Female"
"9004156",371990,2025-06-02 23:37:48,42.3987998962402,-8.92176151275635,"Female"
"9004156",371990,2025-06-02 23:42:52,42.398754119873,-8.92246532440186,"Female"
"9004156",371990,2025-06-02 23:47:49,42.3987617492676,-8.92187786102295,"Female"
"9004156",371990,2025-06-02 23:52:57,42.3987426757812,-8.92145538330078,"Female"
"9004156",371990,2025-06-02 23:57:52,42.3989410400391,-8.9213342666626,"Female"
"9004156",371990,2025-06-03 00:02:50,42.3989181518555,-8.92127990722656,"Female"
"9004156",371990,2025-06-03 00:07:50,42.3989448547363,-8.92142391204834,"Female"
"9004156",371990,2025-06-03 00:12:52,42.3989181518555,-8.92146587371826,"Female"
"9004156",371990,2025-06-03 00:17:49,42.3988990783691,-8.9213342666626,"Female"
"9004156",371990,2025-06-03 00:22:49,42.3988647460938,-8.92130184173584,"Female"
"9004156",371990,2025-06-03 00:27:49,42.3988990783691,-8.92129325866699,"Female"
"9004156",371990,2025-06-03 00:32:50,42.3988380432129,-8.92128849029541,"Female"
"9004156",371990,2025-06-03 00:37:49,42.3988494873047,-8.92118072509766,"Female"
"9004156",371990,2025-06-03 00:42:49,42.3988914489746,-8.92127990722656,"Female"
"9004156",371990,2025-06-03 00:47:49,42.3989181518555,-8.92130088806152,"Female"
"9004156",371990,2025-06-03 00:52:49,42.3988418579102,-8.92120933532715,"Female"
"9004156",371990,2025-06-03 00:57:49,42.398796081543,-8.92128658294678,"Female"
"9004156",371990,2025-06-03 01:02:50,42.3988380432129,-8.92122268676758,"Female"
"9004156",371990,2025-06-03 01:07:53,42.3988380432129,-8.92119598388672,"Female"
"9004156",371990,2025-06-03 01:12:54,42.3988609313965,-8.92116165161133,"Female"
"9004156",371990,2025-06-03 01:18:02,42.3991394042969,-8.92187690734863,"Female"
"9004156",371990,2025-06-03 01:22:54,42.3991432189941,-8.92187786102295,"Female"
"9004156",371990,2025-06-03 01:28:14,42.3989753723145,-8.92159271240234,"Female"
"9004156",371990,2025-06-03 01:33:10,42.3990211486816,-8.92160701751709,"Female"
"9004156",371990,2025-06-03 01:38:07,42.398998260498,-8.9216251373291,"Female"
"9004156",371990,2025-06-03 01:42:58,42.3991279602051,-8.92172241210938,"Female"
"9004156",371990,2025-06-03 01:48:06,42.399097442627,-8.92196464538574,"Female"
"9004156",371990,2025-06-03 01:52:54,42.3992767333984,-8.92233753204346,"Female"
"9004156",371990,2025-06-03 01:57:55,42.3993301391602,-8.92334651947021,"Female"
"9004156",371990,2025-06-03 02:03:03,42.3993301391602,-8.92306327819824,"Female"
"9004156",371990,2025-06-03 02:07:54,42.3993911743164,-8.923415184021,"Female"
"9004156",371990,2025-06-03 02:12:58,42.399227142334,-8.92236995697021,"Female"
"9004156",371990,2025-06-03 02:18:04,42.3990173339844,-8.92224216461182,"Female"
"9004156",371990,2025-06-03 02:22:55,42.3991203308105,-8.92241287231445,"Female"
"9004156",371990,2025-06-03 02:27:53,42.3989868164062,-8.92206478118896,"Female"
"9004156",371990,2025-06-03 02:33:31,42.3976211547852,-8.92335796356201,"Female"
"9004156",371990,2025-06-03 02:38:06,42.3982315063477,-8.92169284820557,"Female"
"9004156",371990,2025-06-03 02:42:52,42.3982582092285,-8.92273712158203,"Female"
"9004156",371990,2025-06-03 02:47:52,42.3982200622559,-8.92281913757324,"Female"
"9004156",371990,2025-06-03 02:53:18,42.3993606567383,-8.91812229156494,"Female"
"9004156",371990,2025-06-03 02:58:10,42.3994293212891,-8.91776752471924,"Female"
"9004156",371990,2025-06-03 03:02:52,42.3998146057129,-8.91599082946777,"Female"
"9004156",371990,2025-06-03 03:08:00,42.3992462158203,-8.91916465759277,"Female"
"9004156",371990,2025-06-03 03:12:59,42.3993186950684,-8.91826725006104,"Female"
"9004156",371990,2025-06-03 03:17:57,42.3993873596191,-8.91890144348145,"Female"
"9004156",371990,2025-06-03 03:22:58,42.3995323181152,-8.91896533966064,"Female"
"9004156",371990,2025-06-03 03:28:00,42.3989753723145,-8.91924858093262,"Female"
"9004156",371990,2025-06-03 03:33:00,42.398853302002,-8.92040729522705,"Female"
"9004156",371990,2025-06-03 03:38:01,42.3988075256348,-8.92066383361816,"Female"
"9004156",371990,2025-06-03 03:42:52,42.3986778259277,-8.92099380493164,"Female"
"9004156",371990,2025-06-03 03:48:00,42.3987617492676,-8.92084312438965,"Female"
"9004156",371990,2025-06-03 03:52:53,42.3988075256348,-8.9207181930542,"Female"
"9004156",371990,2025-06-03 03:59:12,42.3984413146973,-8.9209623336792,"Female"
"9004156",371990,2025-06-03 04:02:48,42.3987579345703,-8.92069244384766,"Female"
"9004156",371990,2025-06-03 04:07:52,42.3987121582031,-8.92028903961182,"Female"
"9004156",371990,2025-06-03 04:13:05,42.3983917236328,-8.91959476470947,"Female"
"9004156",371990,2025-06-03 04:17:49,42.3981094360352,-8.91916275024414,"Female"
"9004156",371990,2025-06-03 04:22:59,42.3973960876465,-8.92142295837402,"Female"
"9004156",371990,2025-06-03 04:28:23,42.3977508544922,-8.92134666442871,"Female"
"9004156",371990,2025-06-03 04:32:49,42.398078918457,-8.92257308959961,"Female"
"9004156",371990,2025-06-03 04:37:48,42.3982200622559,-8.92159175872803,"Female"
"9004156",371990,2025-06-03 04:42:48,42.3982238769531,-8.92148876190186,"Female"
"9004156",371990,2025-06-03 04:47:52,42.3988761901855,-8.92052745819092,"Female"
"9004156",371990,2025-06-03 04:52:49,42.3984298706055,-8.92122459411621,"Female"
"9004156",371990,2025-06-03 04:57:51,42.3983459472656,-8.92137432098389,"Female"
"9004156",371990,2025-06-03 05:02:50,42.3984832763672,-8.92064762115479,"Female"
"9004156",371990,2025-06-03 05:07:48,42.3983421325684,-8.92042922973633,"Female"
"9004156",371990,2025-06-03 05:12:48,42.398380279541,-8.92050266265869,"Female"
"9004156",371990,2025-06-03 05:17:49,42.3985290527344,-8.92102718353271,"Female"
"9004156",371990,2025-06-03 05:22:49,42.398494720459,-8.9212589263916,"Female"
"9004156",371990,2025-06-03 05:27:50,42.3986053466797,-8.92119598388672,"Female"
"9004156",371990,2025-06-03 05:32:55,42.398624420166,-8.92109107971191,"Female"
"9004156",371990,2025-06-03 05:37:48,42.3986587524414,-8.92111968994141,"Female"
"9004156",371990,2025-06-03 05:42:49,42.3986968994141,-8.92114353179932,"Female"
"9004156",371990,2025-06-03 05:47:48,42.3986282348633,-8.92115116119385,"Female"
"9004156",371990,2025-06-03 05:52:49,42.3987274169922,-8.92116832733154,"Female"
"9004156",371990,2025-06-03 05:57:50,42.3986473083496,-8.92111778259277,"Female"
"9004156",371990,2025-06-03 06:03:11,42.3985290527344,-8.92126369476318,"Female"
"9004156",371990,2025-06-03 06:07:52,42.3986625671387,-8.92113590240479,"Female"
"9004156",371990,2025-06-03 06:12:53,42.398681640625,-8.9210844039917,"Female"
"9004156",371990,2025-06-03 06:17:54,42.3987998962402,-8.92127799987793,"Female"
"9004156",371990,2025-06-03 06:22:59,42.3984603881836,-8.92060947418213,"Female"
"9004156",371990,2025-06-03 06:27:54,42.398567199707,-8.92090892791748,"Female"
"9004156",371990,2025-06-03 06:33:00,42.3985824584961,-8.92092895507812,"Female"
"9004156",371990,2025-06-03 06:37:55,42.3985252380371,-8.92088890075684,"Female"
"9004156",371990,2025-06-03 06:43:10,42.3984794616699,-8.92085266113281,"Female"
"9004156",371990,2025-06-03 06:47:51,42.3984222412109,-8.9207935333252,"Female"
"9004156",371990,2025-06-03 06:52:53,42.3986167907715,-8.92037391662598,"Female"
"9004156",371990,2025-06-03 06:57:54,42.3985366821289,-8.92085742950439,"Female"
"9004156",371990,2025-06-03 07:02:52,42.3992500305176,-8.92111778259277,"Female"
"9004156",371990,2025-06-03 07:08:05,42.3998107910156,-8.92018508911133,"Female"
"9004156",371990,2025-06-03 07:12:58,42.3988647460938,-8.92146778106689,"Female"
"9004156",371990,2025-06-03 07:17:48,42.4200248718262,-8.92488956451416,"Female"
"9004156",371990,2025-06-03 07:22:49,42.4512023925781,-8.93233013153076,"Female"
"9004156",371990,2025-06-03 07:27:49,42.4794654846191,-8.92838001251221,"Female"
"9004156",371990,2025-06-03 07:36:45,42.4817962646484,-8.90946006774902,"Female"
"9004156",371990,2025-06-03 07:41:56,42.4820022583008,-8.90895462036133,"Female"
"9004156",371990,2025-06-03 07:47:17,42.4813346862793,-8.90803623199463,"Female"
"9004156",371990,2025-06-03 07:52:28,42.4813461303711,-8.90683078765869,"Female"
"9004156",371990,2025-06-03 07:57:28,42.4807205200195,-8.90726375579834,"Female"
"9004156",371990,2025-06-03 08:02:28,42.4811401367188,-8.90739059448242,"Female"
"9004156",371990,2025-06-03 08:07:26,42.4831657409668,-8.90857410430908,"Female"
"9004156",371990,2025-06-03 08:12:27,42.4830322265625,-8.90862655639648,"Female"
"9004156",371990,2025-06-03 08:17:27,42.483039855957,-8.90865039825439,"Female"
"9004156",371990,2025-06-03 08:22:27,42.4831008911133,-8.90873622894287,"Female"
"9004156",371990,2025-06-03 08:27:26,42.4831466674805,-8.90877628326416,"Female"
"9004156",371990,2025-06-03 08:32:27,42.4831161499023,-8.90879917144775,"Female"
"9004156",371990,2025-06-03 08:37:29,42.4830780029297,-8.90880393981934,"Female"
"9004156",371990,2025-06-03 08:42:39,42.4830665588379,-8.90865612030029,"Female"
"9004156",371990,2025-06-03 08:47:40,42.4830093383789,-8.90877151489258,"Female"
"9004156",371990,2025-06-03 08:52:27,42.4829368591309,-8.90885353088379,"Female"
"9004156",371990,2025-06-03 08:57:27,42.4829406738281,-8.90888690948486,"Female"
"9004156",371990,2025-06-03 09:02:27,42.4818496704102,-8.90872573852539,"Female"
"9004156",371990,2025-06-03 09:07:30,42.4813995361328,-8.90934658050537,"Female"
"9004156",371990,2025-06-03 09:13:19,42.4817237854004,-8.91098403930664,"Female"
"9004156",371990,2025-06-03 09:18:45,42.4827880859375,-8.91113567352295,"Female"
"9004156",371990,2025-06-03 09:24:25,42.4825096130371,-8.91127967834473,"Female"
"9004156",371990,2025-06-03 09:29:25,42.4822235107422,-8.90996646881104,"Female"
"9004156",371990,2025-06-03 09:34:24,42.4824180603027,-8.90991020202637,"Female"
"9004156",371990,2025-06-03 09:39:26,42.4825134277344,-8.91019630432129,"Female"
"9004156",371990,2025-06-03 09:44:37,42.4822044372559,-8.90964984893799,"Female"
"9004156",371990,2025-06-03 09:49:27,42.482551574707,-8.91036605834961,"Female"
"9004156",371990,2025-06-03 09:54:38,42.4822616577148,-8.91001319885254,"Female"
"9004156",371990,2025-06-03 09:59:29,42.4823341369629,-8.91020488739014,"Female"
"9004156",371990,2025-06-03 10:04:52,42.4817314147949,-8.90913581848145,"Female"
"9004156",371990,2025-06-03 10:10:47,42.4816017150879,-8.90812683105469,"Female"
"9004156",371990,2025-06-03 10:16:48,42.4816017150879,-8.9069766998291,"Female"
"9004156",371990,2025-06-03 10:23:21,42.4821166992188,-8.90622043609619,"Female"
"9004156",371990,2025-06-03 10:28:20,42.4815330505371,-8.90726661682129,"Female"
"9004156",371990,2025-06-03 10:33:21,42.4818801879883,-8.90876007080078,"Female"
"9004156",371990,2025-06-03 10:38:21,42.4819793701172,-8.90915584564209,"Female"
"9004156",371990,2025-06-03 10:43:44,42.4819564819336,-8.90919876098633,"Female"
"9004156",371990,2025-06-03 10:48:18,42.4819297790527,-8.90914821624756,"Female"
"9004156",371990,2025-06-03 10:53:19,42.4819068908691,-8.90918064117432,"Female"
"9004156",371990,2025-06-03 10:58:18,42.4819564819336,-8.90930652618408,"Female"
"9004156",371990,2025-06-03 11:03:18,42.4819793701172,-8.90901184082031,"Female"
"9004156",371990,2025-06-03 11:08:18,42.4818229675293,-8.90896701812744,"Female"
"9004156",371990,2025-06-03 11:13:21,42.4819221496582,-8.9089822769165,"Female"
"9004156",371990,2025-06-03 11:18:53,42.4819068908691,-8.90915393829346,"Female"
"9004156",371990,2025-06-03 11:34:54,42.4835548400879,-8.91118335723877,"Female"
"9004156",371990,2025-06-03 11:39:52,42.4838790893555,-8.91214561462402,"Female"
"9004156",371990,2025-06-03 11:44:48,42.4839210510254,-8.91307735443115,"Female"
"9004156",371990,2025-06-03 11:49:49,42.4832191467285,-8.91414356231689,"Female"
"9004156",371990,2025-06-03 11:55:48,42.4831314086914,-8.91594219207764,"Female"
"9004156",371990,2025-06-03 12:00:40,42.4829063415527,-8.91555404663086,"Female"
"9004156",371990,2025-06-03 12:05:55,42.4828987121582,-8.91555404663086,"Female"
"9004156",371990,2025-06-03 12:10:49,42.4829711914062,-8.9155387878418,"Female"
"9004156",371990,2025-06-03 12:15:57,42.4828910827637,-8.91553401947021,"Female"
"9004156",371990,2025-06-03 12:20:55,42.4828453063965,-8.91555213928223,"Female"
"9004156",371990,2025-06-03 12:26:05,42.4828109741211,-8.91554641723633,"Female"
"9004156",371990,2025-06-03 12:31:14,42.4829483032227,-8.91556262969971,"Female"
"9004156",371990,2025-06-03 12:35:38,42.4830360412598,-8.91579723358154,"Female"
"9004156",371990,2025-06-03 12:41:36,42.4841041564941,-8.91603469848633,"Female"
"9004156",371990,2025-06-03 12:46:37,42.4841690063477,-8.91719341278076,"Female"
"9004156",371990,2025-06-03 12:52:35,42.4839363098145,-8.91844177246094,"Female"
"9004156",371990,2025-06-03 12:57:57,42.484375,-8.91870498657227,"Female"
"9004156",371990,2025-06-03 13:02:51,42.4845886230469,-8.91921424865723,"Female"
"9004156",371990,2025-06-03 13:08:27,42.484302520752,-8.92028617858887,"Female"
"9004156",371990,2025-06-03 13:14:36,42.4841346740723,-8.92159080505371,"Female"
"9004156",371990,2025-06-03 13:20:05,42.4851264953613,-8.92204189300537,"Female"
"9004156",371990,2025-06-03 13:24:34,42.4852066040039,-8.9221305847168,"Female"
"9004156",371990,2025-06-03 13:29:36,42.4850196838379,-8.92203807830811,"Female"
"9004156",371990,2025-06-03 13:34:35,42.4852485656738,-8.9219799041748,"Female"
"9004156",371990,2025-06-03 13:39:35,42.4851951599121,-8.9219970703125,"Female"
"9004156",371990,2025-06-03 13:44:35,42.485221862793,-8.92201519012451,"Female"
"9004156",371990,2025-06-03 13:49:35,42.4852256774902,-8.92202568054199,"Female"
"9004156",371990,2025-06-03 13:54:36,42.4852752685547,-8.92202568054199,"Female"
"9004156",371990,2025-06-03 13:59:36,42.4854850769043,-8.92064380645752,"Female"
"9004156",371990,2025-06-03 14:04:36,42.4853172302246,-8.9206600189209,"Female"
"9004156",371990,2025-06-03 14:09:38,42.4848365783691,-8.91876602172852,"Female"
"9004156",371990,2025-06-03 14:14:35,42.4854774475098,-8.91847896575928,"Female"
"9004156",371990,2025-06-03 14:19:50,42.4850921630859,-8.91894340515137,"Female"
"9004156",371990,2025-06-03 14:24:55,42.4841384887695,-8.91979503631592,"Female"
"9004156",371990,2025-06-03 14:29:52,42.4840850830078,-8.91997241973877,"Female"
"9004156",371990,2025-06-03 14:34:55,42.4839401245117,-8.91997814178467,"Female"
"9004156",371990,2025-06-03 14:40:00,42.4838752746582,-8.92002010345459,"Female"
"9004156",371990,2025-06-03 14:45:14,42.4838981628418,-8.91994380950928,"Female"
"9004156",371990,2025-06-03 14:50:14,42.4833221435547,-8.91907596588135,"Female"
"9004156",371990,2025-06-03 14:55:35,42.4836082458496,-8.91880035400391,"Female"
"9004156",371990,2025-06-03 15:00:40,42.4837188720703,-8.91876316070557,"Female"
"9004156",371990,2025-06-03 15:06:20,42.4825706481934,-8.92052459716797,"Female"
"9004156",371990,2025-06-03 15:11:21,42.4829368591309,-8.92108917236328,"Female"
"9004156",371990,2025-06-03 15:16:23,42.4807167053223,-8.93014144897461,"Female"
"9004156",371990,2025-06-03 15:21:20,42.4689445495605,-8.9428129196167,"Female"
"9004156",371990,2025-06-03 15:26:17,42.4299964904785,-8.93850803375244,"Female"
"9004156",371990,2025-06-03 15:31:44,42.3985176086426,-8.92089653015137,"Female"
"9004156",371990,2025-06-03 15:36:20,42.3985481262207,-8.92081260681152,"Female"
"9004156",371990,2025-06-03 15:41:21,42.3985824584961,-8.92111396789551,"Female"
"9004156",371990,2025-06-03 15:46:22,42.3985404968262,-8.92115497589111,"Female"
"9004156",371990,2025-06-03 15:51:20,42.398681640625,-8.92101955413818,"Female"
"9004156",371990,2025-06-03 15:56:22,42.3985939025879,-8.92080307006836,"Female"
"9004156",371990,2025-06-03 16:01:27,42.398567199707,-8.92091655731201,"Female"
"9004156",371990,2025-06-03 16:06:38,42.3985595703125,-8.9210729598999,"Female"
"9004156",371990,2025-06-03 16:11:22,42.398567199707,-8.92062091827393,"Female"
"9004156",371990,2025-06-03 16:16:53,42.3987083435059,-8.9212064743042,"Female"
"9004156",371990,2025-06-03 16:22:04,42.3987579345703,-8.92118167877197,"Female"
"9004156",371990,2025-06-03 16:26:20,42.3988418579102,-8.92222785949707,"Female"
"9004156",371990,2025-06-03 16:31:23,42.3984909057617,-8.92071151733398,"Female"
"9004156",371990,2025-06-03 16:36:45,42.3985977172852,-8.92089557647705,"Female"
"9004156",371990,2025-06-03 16:41:24,42.3985710144043,-8.92100048065186,"Female"
"9004156",371990,2025-06-03 16:46:55,42.398551940918,-8.92083549499512,"Female"
"9004156",371990,2025-06-03 16:51:18,42.3984603881836,-8.92097473144531,"Female"
"9004156",371990,2025-06-03 16:56:19,42.3986549377441,-8.92058944702148,"Female"
"9004156",371990,2025-06-03 17:01:20,42.3986549377441,-8.92081165313721,"Female"
"9004156",371990,2025-06-03 17:06:21,42.3986320495605,-8.92065906524658,"Female"
"9004156",371990,2025-06-03 17:11:24,42.3988456726074,-8.92088794708252,"Female"
"9004156",371990,2025-06-03 17:16:23,42.3987884521484,-8.92092418670654,"Female"
"9004156",371990,2025-06-03 17:21:23,42.3985710144043,-8.920654296875,"Female"
"9004156",371990,2025-06-03 17:26:59,42.3985252380371,-8.92079257965088,"Female"
"9004156",371990,2025-06-03 17:31:23,42.3980178833008,-8.92067337036133,"Female"
"9004156",371990,2025-06-03 17:36:27,42.3985328674316,-8.92080307006836,"Female"
"9004156",371990,2025-06-03 17:41:44,42.398494720459,-8.9209041595459,"Female"
"9004156",371990,2025-06-03 17:46:22,42.3983345031738,-8.92064476013184,"Female"
"9004156",371990,2025-06-03 17:51:30,42.3985404968262,-8.92087650299072,"Female"
"9004156",371990,2025-06-03 17:56:30,42.3985328674316,-8.92089748382568,"Female"
"9004156",371990,2025-06-03 18:02:41,42.3985137939453,-8.92061996459961,"Female"
"9004156",371990,2025-06-03 18:07:41,42.398494720459,-8.92065334320068,"Female"
"9004156",371990,2025-06-03 18:12:41,42.3985137939453,-8.92068195343018,"Female"
"9004156",371990,2025-06-03 18:16:44,42.3985595703125,-8.920823097229,"Female"
"9004156",371990,2025-06-03 18:21:20,42.3984184265137,-8.92059135437012,"Female"
"9004156",371990,2025-06-03 18:26:53,42.3985633850098,-8.92088508605957,"Female"
"9004156",371990,2025-06-03 18:31:18,42.3985557556152,-8.92085838317871,"Female"
"9004156",371990,2025-06-03 18:36:19,42.3986167907715,-8.92093086242676,"Female"
"9004156",371990,2025-06-03 18:41:17,42.3986167907715,-8.92091941833496,"Female"
"9004156",371990,2025-06-03 18:46:18,42.3986129760742,-8.92093944549561,"Female"
"9004156",371990,2025-06-03 18:51:17,42.3985710144043,-8.92093276977539,"Female"
"9004156",371990,2025-06-03 18:56:17,42.3985939025879,-8.92088603973389,"Female"
"9004156",371990,2025-06-03 19:01:20,42.3985900878906,-8.92093276977539,"Female"
"9004156",371990,2025-06-03 19:06:17,42.3986206054688,-8.92096996307373,"Female"
"9004156",371990,2025-06-03 19:11:18,42.3986015319824,-8.92093467712402,"Female"
"9004156",371990,2025-06-03 19:16:20,42.3985748291016,-8.9209041595459,"Female"
"9004156",371990,2025-06-03 19:21:19,42.3986129760742,-8.92093753814697,"Female"
"9004156",371990,2025-06-03 19:26:18,42.3985862731934,-8.92086410522461,"Female"
"9004156",371990,2025-06-03 19:31:18,42.3986206054688,-8.92078495025635,"Female"
"9004156",371990,2025-06-03 19:36:17,42.3985481262207,-8.92079067230225,"Female"
"9004156",371990,2025-06-03 19:41:18,42.3985900878906,-8.92099761962891,"Female"
"9004156",371990,2025-06-03 19:46:19,42.3985366821289,-8.92085552215576,"Female"
"9004156",371990,2025-06-03 19:51:18,42.3985710144043,-8.92091751098633,"Female"
"9004156",371990,2025-06-03 19:56:18,42.3985061645508,-8.92088603973389,"Female"
"9004156",371990,2025-06-03 20:01:18,42.3985633850098,-8.92086887359619,"Female"
"9004156",371990,2025-06-03 20:06:24,42.3985862731934,-8.9210147857666,"Female"
"9004156",371990,2025-06-03 20:11:20,42.3985748291016,-8.92091751098633,"Female"
"9004156",371990,2025-06-03 20:16:18,42.3986015319824,-8.92111682891846,"Female"
"9004156",371990,2025-06-03 20:21:21,42.3987464904785,-8.92121410369873,"Female"
"9004156",371990,2025-06-03 20:26:40,42.3986282348633,-8.92071056365967,"Female"
"9004156",371990,2025-06-03 20:31:18,42.3985443115234,-8.92080783843994,"Female"
"9004156",371990,2025-06-03 20:36:18,42.3984413146973,-8.92088985443115,"Female"
"9004156",371990,2025-06-03 20:41:18,42.3985824584961,-8.92078685760498,"Female"
"9004156",371990,2025-06-03 20:46:44,42.3985595703125,-8.92067813873291,"Female"
"9004156",371990,2025-06-03 20:51:21,42.3984870910645,-8.92067432403564,"Female"
"9004156",371990,2025-06-03 20:56:18,42.3984794616699,-8.92078113555908,"Female"
"9004156",371990,2025-06-03 21:01:18,42.3984413146973,-8.92064666748047,"Female"
"9004156",371990,2025-06-03 21:06:20,42.3984260559082,-8.92063903808594,"Female"
"9004156",371990,2025-06-03 21:11:20,42.3984336853027,-8.92065715789795,"Female"
"9004156",371990,2025-06-03 21:16:18,42.3984527587891,-8.92069721221924,"Female"
"9004156",371990,2025-06-03 21:21:18,42.3984451293945,-8.92066955566406,"Female"
"9004156",371990,2025-06-03 21:26:19,42.3984909057617,-8.92074203491211,"Female"
"9004156",371990,2025-06-03 21:31:53,42.3984718322754,-8.92069816589355,"Female"
"9004156",371990,2025-06-03 21:36:18,42.3985290527344,-8.92078399658203,"Female"
"9004156",371990,2025-06-03 21:41:17,42.3985862731934,-8.92096424102783,"Female"
"9004156",371990,2025-06-03 21:46:18,42.3984680175781,-8.92075729370117,"Female"
"9004156",371990,2025-06-03 21:51:22,42.3985328674316,-8.9209156036377,"Female"
"9004156",371990,2025-06-03 21:56:20,42.3984794616699,-8.92088222503662,"Female"
"9004156",371990,2025-06-03 22:01:18,42.3985252380371,-8.92089462280273,"Female"
"9004156",371990,2025-06-03 22:06:18,42.3985176086426,-8.92089176177979,"Female"
"9004156",371990,2025-06-03 22:11:25,42.3983688354492,-8.92073154449463,"Female"
"9004156",371990,2025-06-03 22:17:41,42.3982810974121,-8.92053508758545,"Female"
"9004156",371990,2025-06-03 22:22:41,42.3979873657227,-8.91963672637939,"Female"
"9004156",371990,2025-06-03 22:27:41,42.3984565734863,-8.92096424102783,"Female"
"9004156",371990,2025-06-03 22:32:41,42.3981857299805,-8.92010116577148,"Female"
"9004156",371990,2025-06-03 22:37:41,42.3984069824219,-8.92083263397217,"Female"
"9004156",371990,2025-06-03 22:42:41,42.3983917236328,-8.92077159881592,"Female"
"9004156",371990,2025-06-03 22:47:41,42.3984146118164,-8.92086315155029,"Female"
"9004156",371990,2025-06-03 22:52:41,42.3984565734863,-8.9209451675415,"Female"
"9004156",371990,2025-06-03 22:57:41,42.3984451293945,-8.9208288192749,"Female"
"9004156",371990,2025-06-03 23:02:23,42.3984375,-8.92090320587158,"Female"
"9004156",371990,2025-06-03 23:06:20,42.3983573913574,-8.92070770263672,"Female"
"9004156",371990,2025-06-03 23:11:20,42.3984527587891,-8.92054653167725,"Female"
"9004156",371990,2025-06-03 23:16:24,42.3985214233398,-8.92096996307373,"Female"
"9004156",371990,2025-06-03 23:21:24,42.398509979248,-8.92070484161377,"Female"
"9004156",371990,2025-06-03 23:27:23,42.398609161377,-8.92079257965088,"Female"
"9004156",371990,2025-06-03 23:31:18,42.3986358642578,-8.92081260681152,"Female"
"9004156",371990,2025-06-03 23:36:19,42.3985900878906,-8.92083263397217,"Female"
"9004156",371990,2025-06-03 23:41:17,42.3986015319824,-8.92076206207275,"Female"
"9004156",371990,2025-06-03 23:46:17,42.3985748291016,-8.92073631286621,"Female"
"9004156",371990,2025-06-03 23:51:17,42.3985900878906,-8.92079925537109,"Female"
"9004156",371990,2025-06-03 23:56:17,42.398624420166,-8.92079544067383,"Female"
"9004156",371990,2025-06-04 00:01:17,42.3985290527344,-8.92073726654053,"Female"
"9004156",371990,2025-06-04 00:06:17,42.3986549377441,-8.92052745819092,"Female"
"9004156",371990,2025-06-04 00:11:17,42.3986015319824,-8.92080307006836,"Female"
"9004156",371990,2025-06-04 00:16:17,42.3986549377441,-8.92076110839844,"Female"
"9004156",371990,2025-06-04 00:21:18,42.3986511230469,-8.9207592010498,"Female"
"9004156",371990,2025-06-04 00:26:18,42.3985748291016,-8.92069625854492,"Female"
"9004156",371990,2025-06-04 00:31:17,42.3986434936523,-8.9207239151001,"Female"
"9004156",371990,2025-06-04 00:36:18,42.3985252380371,-8.92055416107178,"Female"
"9004156",371990,2025-06-04 00:41:17,42.3985557556152,-8.92062282562256,"Female"
"9004156",371990,2025-06-04 00:46:44,42.398738861084,-8.92063140869141,"Female"
"9004156",371990,2025-06-04 00:51:19,42.3986473083496,-8.92061805725098,"Female"
"9004156",371990,2025-06-04 00:56:21,42.3987846374512,-8.9208812713623,"Female"
"9004156",371990,2025-06-04 01:01:19,42.398796081543,-8.92068958282471,"Female"
"9004156",371990,2025-06-04 01:06:24,42.3987998962402,-8.92072582244873,"Female"
"9004156",371990,2025-06-04 01:11:44,42.3986968994141,-8.92098903656006,"Female"
"9004156",371990,2025-06-04 01:16:53,42.3985595703125,-8.92084503173828,"Female"
"9004156",371990,2025-06-04 01:21:20,42.3986167907715,-8.92102146148682,"Female"
"9004156",371990,2025-06-04 01:26:16,42.3985595703125,-8.92091751098633,"Female"
"9004156",371990,2025-06-04 01:32:14,42.3985176086426,-8.92075443267822,"Female"
"9004156",371990,2025-06-04 01:37:41,42.398494720459,-8.92069339752197,"Female"
"9004156",371990,2025-06-04 01:42:22,42.3984870910645,-8.92076015472412,"Female"
"9004156",371990,2025-06-04 01:46:21,42.3984069824219,-8.92067813873291,"Female"
"9004156",371990,2025-06-04 01:51:19,42.398494720459,-8.9208927154541,"Female"
"9004156",371990,2025-06-04 01:56:19,42.3984527587891,-8.9207935333252,"Female"
"9004156",371990,2025-06-04 02:02:41,42.3985023498535,-8.92093563079834,"Female"
"9004156",371990,2025-06-04 02:07:37,42.3984375,-8.92068672180176,"Female"
"9004156",371990,2025-06-04 02:11:24,42.3985061645508,-8.92082500457764,"Female"
"9004156",371990,2025-06-04 02:16:28,42.3984985351562,-8.9206428527832,"Female"
"9004156",371990,2025-06-04 02:21:28,42.398509979248,-8.92091751098633,"Female"
"9004156",371990,2025-06-04 02:27:23,42.3985290527344,-8.9207592010498,"Female"
"9004156",371990,2025-06-04 02:31:35,42.398624420166,-8.9208984375,"Female"
"9004156",371990,2025-06-04 02:36:16,42.3986053466797,-8.9208402633667,"Female"
"9004156",371990,2025-06-04 02:41:16,42.3986511230469,-8.92084693908691,"Female"
"9004156",371990,2025-06-04 02:46:17,42.3985939025879,-8.92098045349121,"Female"
"9004156",371990,2025-06-04 02:51:27,42.3985443115234,-8.92075252532959,"Female"
"9004156",371990,2025-06-04 02:56:20,42.3985252380371,-8.92067241668701,"Female"
"9004156",371990,2025-06-04 03:01:30,42.3985404968262,-8.92065620422363,"Female"
"9004156",371990,2025-06-04 03:06:21,42.3986625671387,-8.92064762115479,"Female"
"9004156",371990,2025-06-04 03:11:31,42.3985328674316,-8.92148399353027,"Female"
"9004156",371990,2025-06-04 03:16:44,42.3985939025879,-8.92096996307373,"Female"
"9004156",371990,2025-06-04 03:21:20,42.3985710144043,-8.9207067489624,"Female"
"9004156",371990,2025-06-04 03:26:44,42.3985595703125,-8.92068767547607,"Female"
"9004156",371990,2025-06-04 03:31:53,42.3985328674316,-8.92081069946289,"Female"
"9004156",371990,2025-06-04 03:36:18,42.3985252380371,-8.92079544067383,"Female"
"9004156",371990,2025-06-04 03:41:17,42.3987922668457,-8.92114543914795,"Female"
"9004156",371990,2025-06-04 03:46:17,42.3985443115234,-8.92088031768799,"Female"
"9004156",371990,2025-06-04 03:51:21,42.3990135192871,-8.91962432861328,"Female"
"9004156",371990,2025-06-04 03:56:18,42.3985061645508,-8.92069625854492,"Female"
"9004156",371990,2025-06-04 04:01:17,42.3984985351562,-8.92093086242676,"Female"
"9004156",371990,2025-06-04 04:06:16,42.3985328674316,-8.92074871063232,"Female"
"9004156",371990,2025-06-04 04:11:17,42.3985900878906,-8.92071342468262,"Female"
"9004156",371990,2025-06-04 04:16:25,42.3985290527344,-8.92092990875244,"Female"
"9004156",371990,2025-06-04 04:21:42,42.3985023498535,-8.92093753814697,"Female"
"9004156",371990,2025-06-04 04:26:23,42.3984031677246,-8.92091846466064,"Female"
"9004156",371990,2025-06-04 04:31:16,42.398551940918,-8.92075538635254,"Female"
"9004156",371990,2025-06-04 04:36:16,42.3984069824219,-8.9209623336792,"Female"
"9004156",371990,2025-06-04 04:41:17,42.398494720459,-8.9207878112793,"Female"
"9004156",371990,2025-06-04 04:46:44,42.3984413146973,-8.92088031768799,"Female"
"9004156",371990,2025-06-04 04:51:53,42.3985786437988,-8.9208984375,"Female"
"9004156",371990,2025-06-04 04:56:17,42.3986740112305,-8.92106628417969,"Female"
"9004156",371990,2025-06-04 05:01:17,42.3984680175781,-8.920973777771,"Female"
"9004156",371990,2025-06-04 05:06:17,42.3985176086426,-8.92069816589355,"Female"
"9004156",371990,2025-06-04 05:11:17,42.3985748291016,-8.92095184326172,"Female"
"9004156",371990,2025-06-04 05:16:16,42.3986053466797,-8.92091941833496,"Female"
"9004156",371990,2025-06-04 05:21:17,42.3985710144043,-8.92100715637207,"Female"
"9004156",371990,2025-06-04 05:26:24,42.3986167907715,-8.92094135284424,"Female"
"9004156",371990,2025-06-04 05:31:17,42.3984794616699,-8.92091083526611,"Female"
"9004156",371990,2025-06-04 05:36:19,42.398509979248,-8.9208402633667,"Female"
"9004156",371990,2025-06-04 05:41:17,42.3985252380371,-8.92098331451416,"Female"
"9004156",371990,2025-06-04 05:47:05,42.3985176086426,-8.92093276977539,"Female"
"9004156",371990,2025-06-04 05:51:17,42.3985328674316,-8.92081260681152,"Female"
"9004156",371990,2025-06-04 05:56:18,42.3985176086426,-8.92086219787598,"Female"
"9004156",371990,2025-06-04 06:01:18,42.3985366821289,-8.920973777771,"Female"
"9004156",371990,2025-06-04 06:06:21,42.3982543945312,-8.92139720916748,"Female"
"9004156",371990,2025-06-04 06:11:24,42.3985939025879,-8.92096424102783,"Female"
"9004156",371990,2025-06-04 06:16:21,42.3985824584961,-8.92084312438965,"Female"
"9004156",371990,2025-06-04 06:21:21,42.3986434936523,-8.92133522033691,"Female"
"9004156",371990,2025-06-04 06:26:39,42.3985748291016,-8.92074680328369,"Female"
"9004156",371990,2025-06-04 06:31:19,42.3983955383301,-8.92070960998535,"Female"
"9004156",371990,2025-06-04 06:36:24,42.398609161377,-8.92047309875488,"Female"
"9004156",371990,2025-06-04 06:41:59,42.3985786437988,-8.9212646484375,"Female"
"9004156",371990,2025-06-04 06:46:22,42.3985252380371,-8.92093467712402,"Female"
"9004156",371990,2025-06-04 06:51:29,42.3984832763672,-8.92069339752197,"Female"
"9004156",371990,2025-06-04 06:56:45,42.3985214233398,-8.92151641845703,"Female"
"9004156",371990,2025-06-04 07:01:42,42.3985176086426,-8.92117500305176,"Female"
"9004156",371990,2025-06-04 07:07:05,42.3984909057617,-8.92093658447266,"Female"
"9004156",371990,2025-06-04 07:11:18,42.3984909057617,-8.9210090637207,"Female"
"9004156",371990,2025-06-04 07:16:24,42.3983001708984,-8.92075538635254,"Female"
"9004156",371990,2025-06-04 07:21:19,42.3985557556152,-8.92084693908691,"Female"
"9004156",371990,2025-06-04 07:26:18,42.404468536377,-8.92037010192871,"Female"
"9004156",371990,2025-06-04 07:31:18,42.4180908203125,-8.92126274108887,"Female"
"9004156",371990,2025-06-04 07:36:17,42.4528388977051,-8.9332914352417,"Female"
"9004156",371990,2025-06-04 07:41:21,42.4811706542969,-8.92934703826904,"Female"
"9004156",371990,2025-06-04 07:46:17,42.4820747375488,-8.92564487457275,"Female"
"9004156",371990,2025-06-04 07:52:32,42.4823226928711,-8.92644500732422,"Female"
"9004156",371990,2025-06-04 07:57:34,42.4831466674805,-8.92607879638672,"Female"
"9004156",371990,2025-06-04 08:02:34,42.483772277832,-8.92641448974609,"Female"
"9004156",371990,2025-06-04 08:07:36,42.484130859375,-8.92568588256836,"Female"
"9004156",371990,2025-06-04 08:12:34,42.4841384887695,-8.92572784423828,"Female"
"9004156",371990,2025-06-04 08:17:33,42.4841194152832,-8.92563629150391,"Female"
"9004156",371990,2025-06-04 08:22:32,42.4839897155762,-8.92588520050049,"Female"
"9004156",371990,2025-06-04 08:27:32,42.484016418457,-8.9257869720459,"Female"
"9004156",371990,2025-06-04 08:32:32,42.4840774536133,-8.92574310302734,"Female"
"9004156",371990,2025-06-04 08:37:32,42.4840621948242,-8.92570018768311,"Female"
"9004156",371990,2025-06-04 08:42:32,42.4831199645996,-8.92196846008301,"Female"
"9004156",371990,2025-06-04 08:48:25,42.4825325012207,-8.92124843597412,"Female"
"9004156",371990,2025-06-04 08:54:17,42.4823722839355,-8.91958999633789,"Female"
"9004156",371990,2025-06-04 08:59:16,42.4828414916992,-8.91861152648926,"Female"
"9004156",371990,2025-06-04 09:05:04,42.4829559326172,-8.91789150238037,"Female"
"9004156",371990,2025-06-04 09:11:19,42.4820747375488,-8.91643142700195,"Female"
"9004156",371990,2025-06-04 09:16:19,42.4825706481934,-8.91552734375,"Female"
"9004156",371990,2025-06-04 09:21:20,42.4809112548828,-8.91636753082275,"Female"
"9004156",371990,2025-06-04 09:26:19,42.4826774597168,-8.91539478302002,"Female"
"9004156",371990,2025-06-04 09:31:19,42.4826622009277,-8.91529941558838,"Female"
"9004156",371990,2025-06-04 09:36:19,42.4827308654785,-8.91539096832275,"Female"
"9004156",371990,2025-06-04 09:41:19,42.4825706481934,-8.91550827026367,"Female"
"9004156",371990,2025-06-04 09:46:19,42.4826774597168,-8.91537189483643,"Female"
"9004156",371990,2025-06-04 09:51:51,42.4826393127441,-8.91487884521484,"Female"
"9004156",371990,2025-06-04 09:57:29,42.4826698303223,-8.9168004989624,"Female"
"9004156",371990,2025-06-04 10:02:40,42.482292175293,-8.91572856903076,"Female"
"9004156",371990,2025-06-04 10:08:26,42.4829330444336,-8.91692733764648,"Female"
"9004156",371990,2025-06-04 10:13:49,42.4835472106934,-8.91769790649414,"Female"
"9004156",371990,2025-06-04 10:18:49,42.4834442138672,-8.91800403594971,"Female"
"9004156",371990,2025-06-04 10:23:50,42.4835433959961,-8.91806316375732,"Female"
"9004156",371990,2025-06-04 10:28:52,42.4831199645996,-8.91825294494629,"Female"
"9004156",371990,2025-06-04 10:33:51,42.4833221435547,-8.91823577880859,"Female"
"9004156",371990,2025-06-04 10:38:53,42.4832992553711,-8.91816711425781,"Female"
"9004156",371990,2025-06-04 10:44:00,42.4838562011719,-8.91814613342285,"Female"
"9004156",371990,2025-06-04 10:48:50,42.4838027954102,-8.91817378997803,"Female"
"9004156",371990,2025-06-04 10:53:48,42.484016418457,-8.9182186126709,"Female"
"9004156",371990,2025-06-04 10:58:49,42.4840316772461,-8.91817855834961,"Female"
"9004156",371990,2025-06-04 11:03:49,42.4840507507324,-8.91818332672119,"Female"
"9004156",371990,2025-06-04 11:08:49,42.4841461181641,-8.9181604385376,"Female"
"9004156",371990,2025-06-04 11:14:50,42.4835662841797,-8.91916370391846,"Female"
"9004156",371990,2025-06-04 11:19:53,42.4830741882324,-8.92043972015381,"Female"
"9004156",371990,2025-06-04 11:25:33,42.4835777282715,-8.92216205596924,"Female"
"9004156",371990,2025-06-04 11:30:39,42.484016418457,-8.9230785369873,"Female"
"9004156",371990,2025-06-04 11:35:41,42.4841423034668,-8.92306900024414,"Female"
"9004156",371990,2025-06-04 11:41:04,42.4849662780762,-8.92370223999023,"Female"
"9004156",371990,2025-06-04 11:46:04,42.4853630065918,-8.92338180541992,"Female"
"9004156",371990,2025-06-04 11:51:04,42.4853439331055,-8.92340087890625,"Female"
"9004156",371990,2025-06-04 11:56:03,42.4852828979492,-8.92354297637939,"Female"
"9004156",371990,2025-06-04 12:01:03,42.4852905273438,-8.92354202270508,"Female"
"9004156",371990,2025-06-04 12:06:03,42.4852561950684,-8.92349815368652,"Female"
"9004156",371990,2025-06-04 12:11:03,42.4853019714355,-8.92342853546143,"Female"
"9004156",371990,2025-06-04 12:16:03,42.4853363037109,-8.92350959777832,"Female"
"9004156",371990,2025-06-04 12:21:04,42.4853477478027,-8.92339038848877,"Female"
"9004156",371990,2025-06-04 12:26:04,42.4853591918945,-8.9234561920166,"Female"
"9004156",371990,2025-06-04 12:31:03,42.4853668212891,-8.92337512969971,"Female"
"9004156",371990,2025-06-04 12:36:04,42.4853019714355,-8.92338371276855,"Female"
"9004156",371990,2025-06-04 12:41:04,42.4853897094727,-8.92351245880127,"Female"
"9004156",371990,2025-06-04 12:46:04,42.4854125976562,-8.92348766326904,"Female"
"9004156",371990,2025-06-04 12:51:52,42.4853134155273,-8.92660903930664,"Female"
"9004156",371990,2025-06-04 12:56:55,42.4848251342773,-8.92752933502197,"Female"
"9004156",371990,2025-06-04 13:02:11,42.4849815368652,-8.92867755889893,"Female"
"9004156",371990,2025-06-04 13:07:22,42.4848098754883,-8.93007850646973,"Female"
"9004156",371990,2025-06-04 13:13:08,42.4853019714355,-8.93063068389893,"Female"
"9004156",371990,2025-06-04 13:18:07,42.4861831665039,-8.92952442169189,"Female"
"9004156",371990,2025-06-04 13:23:13,42.4861259460449,-8.92901611328125,"Female"
"9004156",371990,2025-06-04 13:28:22,42.4860153198242,-8.9277229309082,"Female"
"9004156",371990,2025-06-04 13:33:23,42.4871635437012,-8.92734909057617,"Female"
"9004156",371990,2025-06-04 13:38:21,42.487133026123,-8.92733955383301,"Female"
"9004156",371990,2025-06-04 13:43:22,42.487174987793,-8.92741584777832,"Female"
"9004156",371990,2025-06-04 13:48:21,42.4872055053711,-8.92746543884277,"Female"
"9004156",371990,2025-06-04 13:53:22,42.4872589111328,-8.92760181427002,"Female"
"9004156",371990,2025-06-04 13:58:22,42.4871864318848,-8.92745685577393,"Female"
"9004156",371990,2025-06-04 14:03:21,42.487060546875,-8.92756748199463,"Female"
"9004156",371990,2025-06-04 14:08:26,42.4872360229492,-8.92710590362549,"Female"
"9004156",371990,2025-06-04 14:13:21,42.4871635437012,-8.92733097076416,"Female"
"9004156",371990,2025-06-04 14:18:24,42.4872436523438,-8.92723274230957,"Female"
"9004156",371990,2025-06-04 14:23:43,42.4845123291016,-8.92175102233887,"Female"
"9004156",371990,2025-06-04 14:29:26,42.4841346740723,-8.92035579681396,"Female"
"9004156",371990,2025-06-04 14:35:09,42.4843368530273,-8.92164134979248,"Female"
"9004156",371990,2025-06-04 14:40:10,42.4833374023438,-8.92143535614014,"Female"
"9004156",371990,2025-06-04 14:45:30,42.4837417602539,-8.92219066619873,"Female"
"9004156",371990,2025-06-04 14:51:06,42.4841079711914,-8.92185497283936,"Female"
"9004156",371990,2025-06-04 14:56:05,42.4839477539062,-8.92067718505859,"Female"
"9004156",371990,2025-06-04 15:01:07,42.4831657409668,-8.92137241363525,"Female"
"9004156",371990,2025-06-04 15:06:05,42.4831886291504,-8.9213752746582,"Female"
"9004156",371990,2025-06-04 15:11:06,42.4831352233887,-8.92135238647461,"Female"
"9004156",371990,2025-06-04 15:16:05,42.4830703735352,-8.92147350311279,"Female"
"9004156",371990,2025-06-04 15:21:05,42.4832763671875,-8.92135810852051,"Female"
"9004156",371990,2025-06-04 15:26:06,42.4832153320312,-8.92125415802002,"Female"
"9004156",371990,2025-06-04 15:31:05,42.4831161499023,-8.92135810852051,"Female"
"9004156",371990,2025-06-04 15:36:06,42.4832077026367,-8.92126655578613,"Female"
"9004156",371990,2025-06-04 15:41:07,42.4831924438477,-8.92126846313477,"Female"
"9004156",371990,2025-06-04 15:46:06,42.4831924438477,-8.92116928100586,"Female"
"9004156",371990,2025-06-04 15:51:06,42.4832000732422,-8.92118835449219,"Female"
"9004156",371990,2025-06-04 15:56:06,42.4831275939941,-8.92113780975342,"Female"
"9004156",371990,2025-06-04 16:01:06,42.4831504821777,-8.92128372192383,"Female"
"9004156",371990,2025-06-04 16:06:06,42.4832305908203,-8.92128944396973,"Female"
"9004156",371990,2025-06-04 16:11:06,42.483211517334,-8.92125415802002,"Female"
"9004156",371990,2025-06-04 16:16:06,42.4832763671875,-8.92142581939697,"Female"
"9004156",371990,2025-06-04 16:21:06,42.4831886291504,-8.92122459411621,"Female"
"9004156",371990,2025-06-04 16:26:06,42.4831771850586,-8.92114448547363,"Female"
"9004156",371990,2025-06-04 16:31:07,42.4832458496094,-8.92129230499268,"Female"
"9004156",371990,2025-06-04 16:36:06,42.4831848144531,-8.92132472991943,"Female"
"9004156",371990,2025-06-04 16:41:06,42.4832496643066,-8.92129993438721,"Female"
"9004156",371990,2025-06-04 16:46:06,42.4832305908203,-8.92127323150635,"Female"
"9004156",371990,2025-06-04 16:51:06,42.4833602905273,-8.92131423950195,"Female"
"9004156",371990,2025-06-04 16:56:06,42.4832649230957,-8.92128372192383,"Female"
"9004156",371990,2025-06-04 17:01:06,42.4832344055176,-8.9212474822998,"Female"
"9004156",371990,2025-06-04 17:06:07,42.4832572937012,-8.92124652862549,"Female"
"9004156",371990,2025-06-04 17:11:07,42.483268737793,-8.92122364044189,"Female"
"9004156",371990,2025-06-04 17:16:05,42.483268737793,-8.92137336730957,"Female"
"9004156",371990,2025-06-04 17:21:06,42.4833221435547,-8.92133712768555,"Female"
"9004156",371990,2025-06-04 17:26:06,42.4832153320312,-8.9211254119873,"Female"
"9004156",371990,2025-06-04 17:31:06,42.4833374023438,-8.92120265960693,"Female"
"9004156",371990,2025-06-04 17:36:06,42.483268737793,-8.92110157012939,"Female"
"9004156",371990,2025-06-04 17:41:06,42.483226776123,-8.92107009887695,"Female"
"9004156",371990,2025-06-04 17:46:06,42.4833106994629,-8.92096042633057,"Female"
"9004156",371990,2025-06-04 17:51:07,42.4832611083984,-8.92105007171631,"Female"
"9004156",371990,2025-06-04 17:56:06,42.4833030700684,-8.92108345031738,"Female"
"9004156",371990,2025-06-04 18:01:06,42.4833984375,-8.9208869934082,"Female"
"9004156",371990,2025-06-04 18:06:06,42.4834899902344,-8.92087364196777,"Female"
"9004156",371990,2025-06-04 18:11:06,42.4831123352051,-8.92094612121582,"Female"
"9004156",371990,2025-06-04 18:16:06,42.4831428527832,-8.92101287841797,"Female"
"9004156",371990,2025-06-04 18:21:26,42.4833793640137,-8.92047500610352,"Female"
"9004156",371990,2025-06-04 18:26:26,42.4835586547852,-8.91866779327393,"Female"
"9004156",371990,2025-06-04 18:31:44,42.4838180541992,-8.9178466796875,"Female"
"9004156",371990,2025-06-04 18:36:44,42.4835166931152,-8.91695022583008,"Female"
"9004156",371990,2025-06-04 18:42:10,42.4830665588379,-8.91528415679932,"Female"
"9004156",371990,2025-06-04 18:47:09,42.4830932617188,-8.91609287261963,"Female"
"9004156",371990,2025-06-04 18:52:09,42.4803314208984,-8.93356990814209,"Female"
"9004156",371990,2025-06-04 18:57:09,42.4636306762695,-8.94418334960938,"Female"
"9004156",371990,2025-06-04 19:02:09,42.4343872070312,-8.93991374969482,"Female"
"9004156",371990,2025-06-04 19:07:09,42.4015769958496,-8.93000984191895,"Female"
"9004156",371990,2025-06-04 19:12:10,42.3987884521484,-8.92095279693604,"Female"
"9004156",371990,2025-06-04 19:17:10,42.3987846374512,-8.92099666595459,"Female"
"9004156",371990,2025-06-04 19:22:09,42.3986778259277,-8.92091274261475,"Female"
"9004156",371990,2025-06-04 19:27:09,42.3988037109375,-8.92102718353271,"Female"
"9004156",371990,2025-06-04 19:32:10,42.398853302002,-8.92107677459717,"Female"
"9004156",371990,2025-06-04 19:37:09,42.3987197875977,-8.92089939117432,"Female"
"9004156",371990,2025-06-04 19:42:09,42.3986740112305,-8.92092132568359,"Female"
"9004156",371990,2025-06-04 19:47:10,42.3986740112305,-8.92092418670654,"Female"
"9004156",371990,2025-06-04 19:52:10,42.3986358642578,-8.92083930969238,"Female"
"9004156",371990,2025-06-04 19:57:10,42.3986740112305,-8.92090225219727,"Female"
"9004156",371990,2025-06-04 20:02:09,42.398380279541,-8.92132472991943,"Female"
"9004156",371990,2025-06-04 20:07:09,42.3982963562012,-8.92134380340576,"Female"
"9004156",371990,2025-06-04 20:12:09,42.3984107971191,-8.92122173309326,"Female"
"9004156",371990,2025-06-04 20:17:10,42.3985481262207,-8.92104721069336,"Female"
"9004156",371990,2025-06-04 20:22:09,42.3984680175781,-8.92087841033936,"Female"
"9004156",371990,2025-06-04 20:27:10,42.398624420166,-8.92114925384521,"Female"
"9004156",371990,2025-06-04 20:32:10,42.3985443115234,-8.92072868347168,"Female"
"9004156",371990,2025-06-04 20:37:09,42.3987045288086,-8.92087554931641,"Female"
"9004156",371990,2025-06-04 20:42:09,42.3987579345703,-8.92088603973389,"Female"
"9004156",371990,2025-06-04 20:47:09,42.3977012634277,-8.92076587677002,"Female"
"9004156",371990,2025-06-04 20:52:09,42.3977661132812,-8.9207935333252,"Female"
"9004156",371990,2025-06-04 20:57:09,42.3977317810059,-8.92066955566406,"Female"
"9004156",371990,2025-06-04 21:02:09,42.3977851867676,-8.92071723937988,"Female"
"9004156",371990,2025-06-04 21:07:09,42.3978462219238,-8.92079925537109,"Female"
"9004156",371990,2025-06-04 21:12:09,42.397819519043,-8.92057609558105,"Female"
"9004156",371990,2025-06-04 21:17:09,42.397762298584,-8.92052555084229,"Female"
"9004156",371990,2025-06-04 21:22:09,42.3978652954102,-8.92068481445312,"Female"
"9004156",371990,2025-06-04 21:27:09,42.3977966308594,-8.92059707641602,"Female"
"9004156",371990,2025-06-04 21:32:09,42.3978576660156,-8.92071628570557,"Female"
"9004156",371990,2025-06-04 21:37:09,42.39794921875,-8.92085838317871,"Female"
"9004156",371990,2025-06-04 21:42:09,42.3979415893555,-8.92090797424316,"Female"
"9004156",371990,2025-06-04 21:47:09,42.3978576660156,-8.92074489593506,"Female"
"9004156",371990,2025-06-04 21:52:09,42.3978309631348,-8.92083358764648,"Female"
"9004156",371990,2025-06-04 21:57:09,42.3978157043457,-8.92082118988037,"Female"
"9004156",371990,2025-06-04 22:02:09,42.3977966308594,-8.92092132568359,"Female"
"9004156",371990,2025-06-04 22:07:09,42.3978157043457,-8.92098808288574,"Female"
"9004156",371990,2025-06-04 22:12:09,42.3978691101074,-8.92104530334473,"Female"
"9004156",371990,2025-06-04 22:17:09,42.3978385925293,-8.92092609405518,"Female"
"9004156",371990,2025-06-04 22:22:09,42.3978157043457,-8.9210090637207,"Female"
"9004156",371990,2025-06-04 22:27:10,42.3978805541992,-8.92097663879395,"Female"
"9004156",371990,2025-06-04 22:32:09,42.397834777832,-8.92088317871094,"Female"
"9004156",371990,2025-06-04 22:37:09,42.3978462219238,-8.92087173461914,"Female"
"9004156",371990,2025-06-04 22:42:09,42.3978576660156,-8.92092418670654,"Female"
"9004156",371990,2025-06-04 22:47:12,42.3977737426758,-8.92085933685303,"Female"
"9004156",371990,2025-06-04 22:52:10,42.3978004455566,-8.92087459564209,"Female"
"9004156",371990,2025-06-04 22:57:09,42.3977355957031,-8.92087841033936,"Female"
"9004156",371990,2025-06-04 23:02:09,42.3977928161621,-8.92092514038086,"Female"
"9004156",371990,2025-06-04 23:07:09,42.3977546691895,-8.92093658447266,"Female"
"9004156",371990,2025-06-04 23:12:09,42.3977584838867,-8.92085456848145,"Female"
"9004156",371990,2025-06-04 23:17:09,42.3977470397949,-8.92089748382568,"Female"
"9004156",371990,2025-06-04 23:22:09,42.3979339599609,-8.92086410522461,"Female"
"9004156",371990,2025-06-04 23:27:10,42.3979377746582,-8.92100811004639,"Female"
"9004156",371990,2025-06-04 23:32:09,42.397834777832,-8.92088794708252,"Female"
"9004156",371990,2025-06-04 23:37:09,42.3979072570801,-8.92097854614258,"Female"
"9004156",371990,2025-06-04 23:42:10,42.3980407714844,-8.92102813720703,"Female"
"9004156",371990,2025-06-04 23:47:09,42.3978614807129,-8.92091369628906,"Female"
"9004156",371990,2025-06-04 23:52:09,42.3979949951172,-8.92103576660156,"Female"
"9004156",371990,2025-06-04 23:57:09,42.3979187011719,-8.92091751098633,"Female"
"9004156",371990,2025-06-05 00:02:09,42.39794921875,-8.92088222503662,"Female"
"9004156",371990,2025-06-05 00:07:09,42.3979377746582,-8.92087268829346,"Female"
"9004156",371990,2025-06-05 00:12:09,42.3979148864746,-8.92088031768799,"Female"
"9004156",371990,2025-06-05 00:17:09,42.3980026245117,-8.92091369628906,"Female"
"9004156",371990,2025-06-05 00:22:09,42.3979187011719,-8.92087364196777,"Female"
"9004156",371990,2025-06-05 00:27:09,42.3979530334473,-8.92086696624756,"Female"
"9004156",371990,2025-06-05 00:32:09,42.3979721069336,-8.92086505889893,"Female"
"9004156",371990,2025-06-05 00:37:09,42.3979034423828,-8.92080020904541,"Female"
"9004156",371990,2025-06-05 00:42:09,42.3979263305664,-8.9207878112793,"Female"
"9004156",371990,2025-06-05 00:47:09,42.3979759216309,-8.92084503173828,"Female"
"9004156",371990,2025-06-05 00:52:09,42.3979682922363,-8.92081451416016,"Female"
"9004156",371990,2025-06-05 00:57:09,42.3979377746582,-8.92072677612305,"Female"
"9004156",371990,2025-06-05 01:02:09,42.3979263305664,-8.92080783843994,"Female"
"9004156",371990,2025-06-05 01:07:09,42.3978996276855,-8.92064476013184,"Female"
"9004156",371990,2025-06-05 01:12:10,42.3979377746582,-8.9208402633667,"Female"
"9004156",371990,2025-06-05 01:17:10,42.3979225158691,-8.92080688476562,"Female"
"9004156",371990,2025-06-05 01:22:11,42.3978958129883,-8.92072582244873,"Female"
"9004156",371990,2025-06-05 01:27:11,42.3978424072266,-8.92052364349365,"Female"
"9004156",371990,2025-06-05 01:32:10,42.3978309631348,-8.92042064666748,"Female"
"9004156",371990,2025-06-05 01:37:10,42.3979873657227,-8.92063903808594,"Female"
"9004156",371990,2025-06-05 01:42:11,42.3984603881836,-8.92169570922852,"Female"
"9004156",371990,2025-06-05 01:47:11,42.3979377746582,-8.92056846618652,"Female"
"9004156",371990,2025-06-05 01:52:10,42.3979721069336,-8.92047214508057,"Female"
"9004156",371990,2025-06-05 01:57:09,42.3979911804199,-8.92068004608154,"Female"
"9004156",371990,2025-06-05 02:02:09,42.3979835510254,-8.920654296875,"Female"
"9004156",371990,2025-06-05 02:07:11,42.39794921875,-8.92094421386719,"Female"
"9004156",371990,2025-06-05 02:12:10,42.3979949951172,-8.92058277130127,"Female"
"9004156",371990,2025-06-05 02:17:10,42.3979568481445,-8.92098236083984,"Female"
"9004156",371990,2025-06-05 02:22:11,42.3979644775391,-8.92081356048584,"Female"
"9004156",371990,2025-06-05 02:27:09,42.3978996276855,-8.92085742950439,"Female"
"9004156",371990,2025-06-05 02:32:12,42.3979072570801,-8.92071533203125,"Female"
"9004156",371990,2025-06-05 02:37:11,42.3977851867676,-8.92074680328369,"Female"
"9004156",371990,2025-06-05 02:42:10,42.3978309631348,-8.92082118988037,"Female"
"9004156",371990,2025-06-05 02:47:12,42.3978309631348,-8.92076587677002,"Female"
"9004156",371990,2025-06-05 02:52:11,42.397834777832,-8.92073917388916,"Female"
"9004156",371990,2025-06-05 02:57:10,42.3978309631348,-8.9208402633667,"Female"
"9004156",371990,2025-06-05 03:02:10,42.397891998291,-8.92081260681152,"Female"
"9004156",371990,2025-06-05 03:07:09,42.3978576660156,-8.92093753814697,"Female"
"9004156",371990,2025-06-05 03:12:09,42.3978881835938,-8.9208459854126,"Female"
"9004156",371990,2025-06-05 03:17:09,42.3978385925293,-8.92093944549561,"Female"
"9004156",371990,2025-06-05 03:22:09,42.3978500366211,-8.92089176177979,"Female"
"9004156",371990,2025-06-05 03:27:09,42.3978500366211,-8.92088317871094,"Female"
"9004156",371990,2025-06-05 03:32:09,42.397834777832,-8.92081832885742,"Female"
"9004156",371990,2025-06-05 03:37:10,42.3978843688965,-8.92076206207275,"Female"
"9004156",371990,2025-06-05 03:42:10,42.3978576660156,-8.92083930969238,"Female"
"9004156",371990,2025-06-05 03:47:10,42.3978805541992,-8.92085552215576,"Female"
"9004156",371990,2025-06-05 03:52:12,42.3979721069336,-8.92105674743652,"Female"
"9004156",371990,2025-06-05 03:57:09,42.3977737426758,-8.92095756530762,"Female"
"9004156",371990,2025-06-05 04:02:10,42.397834777832,-8.92097282409668,"Female"
"9004156",371990,2025-06-05 04:07:08,42.3980674743652,-8.92117786407471,"Female"
"9004156",371990,2025-06-05 04:12:10,42.3979911804199,-8.92111587524414,"Female"
"9004156",371990,2025-06-05 04:17:09,42.3980979919434,-8.92124557495117,"Female"
"9004156",371990,2025-06-05 04:22:09,42.3980941772461,-8.92115116119385,"Female"
"9004156",371990,2025-06-05 04:27:09,42.3980560302734,-8.92117500305176,"Female"
"9004156",371990,2025-06-05 04:32:09,42.3980560302734,-8.92116355895996,"Female"
"9004156",371990,2025-06-05 04:37:09,42.3980598449707,-8.92109298706055,"Female"
"9004156",371990,2025-06-05 04:42:09,42.3980331420898,-8.92110443115234,"Female"
"9004156",371990,2025-06-05 04:47:11,42.3979568481445,-8.92118549346924,"Female"
"9004156",371990,2025-06-05 04:52:08,42.3979797363281,-8.92112827301025,"Female"
"9004156",371990,2025-06-05 04:57:09,42.3979721069336,-8.92103958129883,"Female"
"9004156",371990,2025-06-05 05:02:08,42.3980865478516,-8.92102241516113,"Female"
"9004156",371990,2025-06-05 05:07:09,42.3977317810059,-8.92131519317627,"Female"
"9004156",371990,2025-06-05 05:12:11,42.3976936340332,-8.92117404937744,"Female"
"9004156",371990,2025-06-05 05:17:10,42.3979568481445,-8.92112064361572,"Female"
"9004156",371990,2025-06-05 05:22:10,42.3981170654297,-8.92111396789551,"Female"
"9004156",371990,2025-06-05 05:27:12,42.3978309631348,-8.92117118835449,"Female"
"9004156",371990,2025-06-05 05:32:10,42.3977813720703,-8.92119026184082,"Female"
"9004156",371990,2025-06-05 05:37:10,42.3977890014648,-8.92116546630859,"Female"
"9004156",371990,2025-06-05 05:42:09,42.397762298584,-8.92116641998291,"Female"
"9004156",371990,2025-06-05 05:47:10,42.3978118896484,-8.92121887207031,"Female"
"9004156",371990,2025-06-05 05:52:09,42.3977355957031,-8.92106437683105,"Female"
"9004156",371990,2025-06-05 05:57:11,42.3977813720703,-8.92103958129883,"Female"
"9004156",371990,2025-06-05 06:02:09,42.3978080749512,-8.92114353179932,"Female"
"9004156",371990,2025-06-05 06:07:11,42.397762298584,-8.92102813720703,"Female"
"9004156",371990,2025-06-05 06:12:09,42.3977699279785,-8.92104816436768,"Female"
"9004156",371990,2025-06-05 06:17:09,42.3989334106445,-8.92086505889893,"Female"
"9004156",371990,2025-06-05 06:22:09,42.3988800048828,-8.920823097229,"Female"
"9004156",371990,2025-06-05 06:27:11,42.3989028930664,-8.92080307006836,"Female"
"9004156",371990,2025-06-05 06:32:09,42.3989105224609,-8.92079257965088,"Female"
"9004156",371990,2025-06-05 06:37:09,42.3989067077637,-8.92077732086182,"Female"
"9004156",371990,2025-06-05 06:42:08,42.4255180358887,-8.9240608215332,"Female"
"9004156",371990,2025-06-05 06:47:08,42.4722633361816,-8.94104766845703,"Female"
"9004156",371990,2025-06-05 06:52:09,42.4818344116211,-8.93062114715576,"Female"
"9004156",371990,2025-06-05 06:57:09,42.4817504882812,-8.93046379089355,"Female"
"9004156",371990,2025-06-05 07:03:08,42.4816131591797,-8.93045997619629,"Female"
"9004156",371990,2025-06-05 07:08:13,42.4821853637695,-8.93120765686035,"Female"
"9004156",371990,2025-06-05 07:14:07,42.481632232666,-8.92655754089355,"Female"
"9004156",371990,2025-06-05 07:19:09,42.4817810058594,-8.92710781097412,"Female"
"9004156",371990,2025-06-05 07:25:30,42.4820442199707,-8.92748641967773,"Female"
"9004156",371990,2025-06-05 07:29:10,42.4818115234375,-8.92770957946777,"Female"
"9004156",371990,2025-06-05 07:34:10,42.4823379516602,-8.92801284790039,"Female"
"9004156",371990,2025-06-05 07:39:10,42.4819755554199,-8.92763328552246,"Female"
"9004156",371990,2025-06-05 07:44:12,42.4820671081543,-8.92773818969727,"Female"
"9004156",371990,2025-06-05 07:49:11,42.4824829101562,-8.92859268188477,"Female"
"9004156",371990,2025-06-05 07:54:15,42.4825477600098,-8.9285249710083,"Female"
"9004156",371990,2025-06-05 07:59:12,42.4823913574219,-8.92819213867188,"Female"
"9004156",371990,2025-06-05 08:04:11,42.4823799133301,-8.92814254760742,"Female"
"9004156",371990,2025-06-05 08:09:35,42.4820022583008,-8.92761135101318,"Female"
"9004156",371990,2025-06-05 08:14:07,42.4817543029785,-8.92737674713135,"Female"
"9004156",371990,2025-06-05 08:20:39,42.4826011657715,-8.9256534576416,"Female"
"9004156",371990,2025-06-05 08:26:22,42.482494354248,-8.91083335876465,"Female"
"9004156",371990,2025-06-05 08:31:21,42.4823608398438,-8.90973281860352,"Female"
"9004156",371990,2025-06-05 08:37:33,42.4818267822266,-8.90825176239014,"Female"
"9004156",371990,2025-06-05 08:43:46,42.481876373291,-8.90850257873535,"Female"
"9004156",371990,2025-06-05 08:48:43,42.4822006225586,-8.90855979919434,"Female"
"9004156",371990,2025-06-05 08:53:49,42.4821929931641,-8.90863513946533,"Female"
"9004156",371990,2025-06-05 08:58:49,42.4822082519531,-8.90862941741943,"Female"
"9004156",371990,2025-06-05 09:03:45,42.4822006225586,-8.90862464904785,"Female"
"9004156",371990,2025-06-05 09:08:47,42.4821929931641,-8.90863704681396,"Female"
"9004156",371990,2025-06-05 09:13:42,42.4822044372559,-8.90865230560303,"Female"
"9004156",371990,2025-06-05 09:18:43,42.4822044372559,-8.90867137908936,"Female"
"9004156",371990,2025-06-05 09:23:42,42.4818878173828,-8.90837574005127,"Female"
"9004156",371990,2025-06-05 09:28:41,42.4823341369629,-8.90895175933838,"Female"
"9004156",371990,2025-06-05 09:33:52,42.4822273254395,-8.90868663787842,"Female"
"9004156",371990,2025-06-05 09:38:50,42.4822196960449,-8.90867519378662,"Female"
"9004156",371990,2025-06-05 09:43:46,42.4822158813477,-8.90867710113525,"Female"
"9004156",371990,2025-06-05 09:49:03,42.4821929931641,-8.90867137908936,"Female"
"9004156",371990,2025-06-05 09:53:40,42.4821548461914,-8.90870380401611,"Female"
"9004156",371990,2025-06-05 09:58:40,42.4821357727051,-8.90872001647949,"Female"
"9004156",371990,2025-06-05 10:03:40,42.4822006225586,-8.90869617462158,"Female"
"9004156",371990,2025-06-05 10:08:40,42.4820823669434,-8.90869331359863,"Female"
"9004156",371990,2025-06-05 10:13:40,42.4821853637695,-8.90870666503906,"Female"
"9004156",371990,2025-06-05 10:18:40,42.4822463989258,-8.90870571136475,"Female"
"9004156",371990,2025-06-05 10:23:40,42.4821357727051,-8.90878868103027,"Female"
"9004156",371990,2025-06-05 10:28:40,42.4821090698242,-8.90873241424561,"Female"
"9004156",371990,2025-06-05 10:33:40,42.4821510314941,-8.90878295898438,"Female"
"9004156",371990,2025-06-05 10:39:19,42.4811859130859,-8.90821170806885,"Female"
"9004156",371990,2025-06-05 10:44:47,42.4812850952148,-8.90697574615479,"Female"
"9004156",371990,2025-06-05 10:50:43,42.4809226989746,-8.90590286254883,"Female"
"9004156",371990,2025-06-05 10:56:22,42.4814872741699,-8.90481948852539,"Female"
"9004156",371990,2025-06-05 11:01:34,42.4828033447266,-8.90494441986084,"Female"
"9004156",371990,2025-06-05 11:06:30,42.4827308654785,-8.90803146362305,"Female"
"9004156",371990,2025-06-05 11:11:30,42.4820709228516,-8.9088659286499,"Female"
"9004156",371990,2025-06-05 11:16:30,42.4820938110352,-8.90876865386963,"Female"
"9004156",371990,2025-06-05 11:21:30,42.4820938110352,-8.90884208679199,"Female"
"9004156",371990,2025-06-05 11:26:30,42.4820899963379,-8.90873622894287,"Female"
"9004156",371990,2025-06-05 11:31:30,42.4821243286133,-8.90873527526855,"Female"
"9004156",371990,2025-06-05 11:36:30,42.4821319580078,-8.90869617462158,"Female"
"9004156",371990,2025-06-05 11:41:30,42.4821624755859,-8.90876388549805,"Female"
"9004156",371990,2025-06-05 11:46:52,42.4816741943359,-8.90884876251221,"Female"
"9004156",371990,2025-06-05 11:53:03,42.4815940856934,-8.91021251678467,"Female"
"9004156",371990,2025-06-05 11:58:01,42.4823837280273,-8.91102600097656,"Female"
"9004156",371990,2025-06-05 12:03:06,42.4828186035156,-8.91094303131104,"Female"
"9004156",371990,2025-06-05 12:09:00,42.4831275939941,-8.9108829498291,"Female"
"9004156",371990,2025-06-05 12:14:48,42.4833374023438,-8.91056156158447,"Female"
"9004156",371990,2025-06-05 12:19:59,42.4833488464355,-8.90987586975098,"Female"
"9004156",371990,2025-06-05 12:24:51,42.4835090637207,-8.90941619873047,"Female"
"9004156",371990,2025-06-05 12:29:47,42.483470916748,-8.90928363800049,"Female"
"9004156",371990,2025-06-05 12:34:38,42.4833602905273,-8.90968990325928,"Female"
"9004156",371990,2025-06-05 12:40:01,42.483528137207,-8.90988445281982,"Female"
"9004156",371990,2025-06-05 12:44:50,42.4835662841797,-8.90988445281982,"Female"
"9004156",371990,2025-06-05 12:50:03,42.4834823608398,-8.9102258682251,"Female"
"9004156",371990,2025-06-05 12:54:38,42.4831848144531,-8.91030216217041,"Female"
"9004156",371990,2025-06-05 12:59:38,42.4831886291504,-8.91030979156494,"Female"
"9004156",371990,2025-06-05 13:04:38,42.4832572937012,-8.91033744812012,"Female"
"9004156",371990,2025-06-05 13:09:37,42.4833908081055,-8.91042041778564,"Female"
"9004156",371990,2025-06-05 13:14:39,42.4834213256836,-8.91042804718018,"Female"
"9004156",371990,2025-06-05 13:19:42,42.4835395812988,-8.9105281829834,"Female"
"9004156",371990,2025-06-05 13:24:38,42.483455657959,-8.91051292419434,"Female"
"9004156",371990,2025-06-05 13:29:38,42.483470916748,-8.91048812866211,"Female"
"9004156",371990,2025-06-05 13:34:38,42.4834251403809,-8.91043281555176,"Female"
"9004156",371990,2025-06-05 13:39:38,42.4825744628906,-8.91000366210938,"Female"
"9004156",371990,2025-06-05 13:44:50,42.4817390441895,-8.91048336029053,"Female"
"9004156",371990,2025-06-05 13:49:51,42.482494354248,-8.91138744354248,"Female"
"9004156",371990,2025-06-05 13:54:58,42.482608795166,-8.9102897644043,"Female"
"9004156",371990,2025-06-05 14:00:11,42.4829940795898,-8.91100311279297,"Female"
"9004156",371990,2025-06-05 14:05:58,42.4836044311523,-8.91289710998535,"Female"
"9004156",371990,2025-06-05 14:12:14,42.4832496643066,-8.91459846496582,"Female"
"9004156",371990,2025-06-05 14:17:16,42.4842224121094,-8.91477203369141,"Female"
"9004156",371990,2025-06-05 14:22:33,42.4847984313965,-8.91446113586426,"Female"
"9004156",371990,2025-06-05 14:27:55,42.4848403930664,-8.91352939605713,"Female"
"9004156",371990,2025-06-05 14:33:07,42.4855804443359,-8.91295909881592,"Female"
"9004156",371990,2025-06-05 14:37:57,42.4854583740234,-8.91293716430664,"Female"
"9004156",371990,2025-06-05 14:42:57,42.4857444763184,-8.9128942489624,"Female"
"9004156",371990,2025-06-05 14:48:04,42.4854354858398,-8.91293334960938,"Female"
"9004156",371990,2025-06-05 14:52:55,42.4851951599121,-8.91295623779297,"Female"
"9004156",371990,2025-06-05 14:58:01,42.4854125976562,-8.91296482086182,"Female"
"9004156",371990,2025-06-05 15:02:55,42.4853668212891,-8.91298580169678,"Female"
"9004156",371990,2025-06-05 15:08:01,42.4853668212891,-8.91289234161377,"Female"
"9004156",371990,2025-06-05 15:13:11,42.4853706359863,-8.91320419311523,"Female"
"9004156",371990,2025-06-05 15:17:56,42.4856185913086,-8.91264343261719,"Female"
"9004156",371990,2025-06-05 15:22:55,42.4855079650879,-8.91288661956787,"Female"
"9004156",371990,2025-06-05 15:27:57,42.4854736328125,-8.91279411315918,"Female"
"9004156",371990,2025-06-05 15:33:01,42.4852561950684,-8.9126033782959,"Female"
"9004156",371990,2025-06-05 15:37:55,42.4855766296387,-8.91290855407715,"Female"
"9004156",371990,2025-06-05 15:43:05,42.4851608276367,-8.91229724884033,"Female"
"9004156",371990,2025-06-05 15:48:07,42.4841232299805,-8.91193675994873,"Female"
"9004156",371990,2025-06-05 15:53:06,42.48388671875,-8.91138553619385,"Female"
"9004156",371990,2025-06-05 15:57:56,42.4842681884766,-8.91079521179199,"Female"
"9004156",371990,2025-06-05 16:03:00,42.4846076965332,-8.91105461120605,"Female"
"9004156",371990,2025-06-05 16:08:34,42.4852905273438,-8.91088199615479,"Female"
"9004156",371990,2025-06-05 16:13:03,42.4857711791992,-8.9114351272583,"Female"
"9004156",371990,2025-06-05 16:18:06,42.4852714538574,-8.9127197265625,"Female"
"9004156",371990,2025-06-05 16:23:01,42.4853858947754,-8.9127025604248,"Female"
"9004156",371990,2025-06-05 16:28:04,42.4855804443359,-8.91257095336914,"Female"
"9004156",371990,2025-06-05 16:33:01,42.4853744506836,-8.91268062591553,"Female"
"9004156",371990,2025-06-05 16:38:01,42.4853744506836,-8.91272068023682,"Female"
"9004156",371990,2025-06-05 16:43:04,42.485408782959,-8.9129114151001,"Female"
"9004156",371990,2025-06-05 16:48:02,42.4853477478027,-8.91269588470459,"Female"
"9004156",371990,2025-06-05 16:53:07,42.4855155944824,-8.91295719146729,"Female"
"9004156",371990,2025-06-05 16:58:07,42.4855422973633,-8.91294479370117,"Female"
"9004156",371990,2025-06-05 17:03:07,42.4855880737305,-8.91298007965088,"Female"
"9004156",371990,2025-06-05 17:08:05,42.4855155944824,-8.91273021697998,"Female"
"9004156",371990,2025-06-05 17:13:05,42.4856109619141,-8.91277313232422,"Female"
"9004156",371990,2025-06-05 17:18:11,42.4855499267578,-8.91295146942139,"Female"
"9004156",371990,2025-06-05 17:23:02,42.4854469299316,-8.91259765625,"Female"
"9004156",371990,2025-06-05 17:28:01,42.4848442077637,-8.91362190246582,"Female"
"9004156",371990,2025-06-05 17:33:21,42.484691619873,-8.91419410705566,"Female"
"9004156",371990,2025-06-05 17:39:12,42.4840850830078,-8.91501331329346,"Female"
"9004156",371990,2025-06-05 17:44:18,42.4840774536133,-8.91634654998779,"Female"
"9004156",371990,2025-06-05 17:50:04,42.4842300415039,-8.91737174987793,"Female"
"9004156",371990,2025-06-05 17:54:31,42.4832572937012,-8.91886043548584,"Female"
"9004156",371990,2025-06-05 17:59:09,42.4833221435547,-8.91898536682129,"Female"
"9004156",371990,2025-06-05 18:04:09,42.4833984375,-8.91894817352295,"Female"
"9004156",371990,2025-06-05 18:09:09,42.4834251403809,-8.91896533966064,"Female"
"9004156",371990,2025-06-05 18:14:08,42.4695510864258,-8.94358921051025,"Female"
"9004156",371990,2025-06-05 18:19:08,42.4434242248535,-8.93947696685791,"Female"
"9004156",371990,2025-06-05 18:24:08,42.4144859313965,-8.93212985992432,"Female"
"9004156",371990,2025-06-05 18:29:08,42.3990478515625,-8.92082786560059,"Female"
"9004156",371990,2025-06-05 18:34:08,42.399097442627,-8.92097663879395,"Female"
"9004156",371990,2025-06-05 18:39:13,42.3984603881836,-8.92082500457764,"Female"
"9004156",371990,2025-06-05 18:44:10,42.3983726501465,-8.92075443267822,"Female"
"9004156",371990,2025-06-05 18:49:15,42.3985137939453,-8.92088890075684,"Female"
"9004156",371990,2025-06-05 18:54:09,42.3983764648438,-8.92070388793945,"Female"
"9004156",371990,2025-06-05 18:59:19,42.3983993530273,-8.9208459854126,"Female"
"9004156",371990,2025-06-05 19:04:16,42.3985252380371,-8.92084407806396,"Female"
"9004156",371990,2025-06-05 19:09:37,42.3986053466797,-8.92080211639404,"Female"
"9004156",371990,2025-06-05 19:14:13,42.3984985351562,-8.92087078094482,"Female"
"9004156",371990,2025-06-05 19:19:13,42.3984794616699,-8.92088413238525,"Female"
"9004156",371990,2025-06-05 19:24:32,42.398509979248,-8.92081165313721,"Female"
"9004156",371990,2025-06-05 19:29:20,42.3985557556152,-8.92092514038086,"Female"
"9004156",371990,2025-06-05 19:34:11,42.3985481262207,-8.92098426818848,"Female"
"9004156",371990,2025-06-05 19:39:12,42.3986167907715,-8.92094898223877,"Female"
"9004156",371990,2025-06-05 19:44:16,42.3985824584961,-8.92099189758301,"Female"
"9004156",371990,2025-06-05 19:49:44,42.3987007141113,-8.92097854614258,"Female"
"9004156",371990,2025-06-05 19:54:13,42.3986206054688,-8.92086791992188,"Female"
"9004156",371990,2025-06-05 19:59:13,42.3986701965332,-8.92086124420166,"Female"
"9004156",371990,2025-06-05 20:04:12,42.3984413146973,-8.92107963562012,"Female"
"9004156",371990,2025-06-05 20:09:23,42.3987159729004,-8.9211311340332,"Female"
"9004156",371990,2025-06-05 20:14:12,42.3986282348633,-8.92100620269775,"Female"
"9004156",371990,2025-06-05 20:19:20,42.3984184265137,-8.92077541351318,"Female"
"9004156",371990,2025-06-05 20:24:15,42.3985366821289,-8.92100429534912,"Female"
"9004156",371990,2025-06-05 20:29:17,42.3986549377441,-8.92131042480469,"Female"
"9004156",371990,2025-06-05 20:34:35,42.3985404968262,-8.92100524902344,"Female"
"9004156",371990,2025-06-05 20:39:09,42.3985176086426,-8.92100048065186,"Female"
"9004156",371990,2025-06-05 20:44:11,42.398609161377,-8.92109394073486,"Female"
"9004156",371990,2025-06-05 20:49:08,42.398551940918,-8.92093467712402,"Female"
"9004156",371990,2025-06-05 20:54:08,42.3984794616699,-8.9209623336792,"Female"
"9004156",371990,2025-06-05 20:59:17,42.3986129760742,-8.92103385925293,"Female"
"9004156",371990,2025-06-05 21:04:08,42.3985939025879,-8.92093753814697,"Female"
"9004156",371990,2025-06-05 21:09:11,42.3985633850098,-8.92080402374268,"Female"
"9004156",371990,2025-06-05 21:14:13,42.3986778259277,-8.92108631134033,"Female"
"9004156",371990,2025-06-05 21:19:13,42.3986930847168,-8.92113399505615,"Female"
"9004156",371990,2025-06-05 21:24:11,42.3986320495605,-8.92130565643311,"Female"
"9004156",371990,2025-06-05 21:29:12,42.3986930847168,-8.92111396789551,"Female"
"9004156",371990,2025-06-05 21:34:23,42.3986167907715,-8.92113971710205,"Female"
"9004156",371990,2025-06-05 21:39:23,42.3985824584961,-8.92088603973389,"Female"
"9004156",371990,2025-06-05 21:44:17,42.3985061645508,-8.92101001739502,"Female"
"9004156",371990,2025-06-05 21:49:13,42.3985137939453,-8.92110443115234,"Female"
"9004156",371990,2025-06-05 21:54:22,42.3985328674316,-8.92080020904541,"Female"
"9004156",371990,2025-06-05 21:59:16,42.3985824584961,-8.92088794708252,"Female"
"9004156",371990,2025-06-05 22:09:11,42.3986282348633,-8.92085742950439,"Female"
"9004156",371990,2025-06-05 22:14:19,42.3985557556152,-8.92108821868896,"Female"
"9004156",371990,2025-06-05 22:19:19,42.398509979248,-8.92098808288574,"Female"
"9004156",371990,2025-06-05 22:24:18,42.3985252380371,-8.92087745666504,"Female"
"9004156",371990,2025-06-05 22:29:35,42.3985366821289,-8.92094230651855,"Female"
"9004156",371990,2025-06-05 22:34:12,42.3985977172852,-8.92088508605957,"Female"
"9004156",371990,2025-06-05 22:39:11,42.3986053466797,-8.92086219787598,"Female"
"9004156",371990,2025-06-05 22:44:12,42.3990669250488,-8.92129039764404,"Female"
"9004156",371990,2025-06-05 22:49:11,42.3987998962402,-8.92105388641357,"Female"
"9004156",371990,2025-06-05 22:54:18,42.3986892700195,-8.92074394226074,"Female"
"9004156",371990,2025-06-05 22:59:20,42.3987083435059,-8.92073535919189,"Female"
"9004156",371990,2025-06-05 23:04:35,42.3985252380371,-8.92075443267822,"Female"
"9004156",371990,2025-06-05 23:09:17,42.3985214233398,-8.92073059082031,"Female"
"9004156",371990,2025-06-05 23:14:13,42.3984489440918,-8.92068195343018,"Female"
"9004156",371990,2025-06-05 23:19:16,42.3985824584961,-8.92089557647705,"Female"
"9004156",371990,2025-06-05 23:24:12,42.3986053466797,-8.92086601257324,"Female"
"9004156",371990,2025-06-05 23:29:11,42.398551940918,-8.92099761962891,"Female"
"9004156",371990,2025-06-05 23:34:12,42.3985862731934,-8.92074012756348,"Female"
"9004156",371990,2025-06-05 23:39:10,42.3984298706055,-8.92076873779297,"Female"
"9004156",371990,2025-06-05 23:44:08,42.3985748291016,-8.92080307006836,"Female"
"9004156",371990,2025-06-05 23:49:09,42.3985061645508,-8.92102813720703,"Female"
"9004156",371990,2025-06-05 23:54:11,42.3986434936523,-8.92123126983643,"Female"
"9004156",371990,2025-06-05 23:59:09,42.398494720459,-8.92121315002441,"Female"
"9004156",371990,2025-06-06 00:04:13,42.3984107971191,-8.92118549346924,"Female"
"9004156",371990,2025-06-06 00:09:11,42.3982963562012,-8.92158508300781,"Female"
"9004156",371990,2025-06-06 00:14:13,42.398365020752,-8.92136287689209,"Female"
"9004156",371990,2025-06-06 00:19:13,42.3982963562012,-8.92166233062744,"Female"
"9004156",371990,2025-06-06 00:24:17,42.3983764648438,-8.9207820892334,"Female"
"9004156",371990,2025-06-06 00:29:20,42.3984184265137,-8.92081069946289,"Female"
"9004156",371990,2025-06-06 00:34:12,42.3985481262207,-8.9213171005249,"Female"
"9004156",371990,2025-06-06 00:39:11,42.3984985351562,-8.92085647583008,"Female"
"9004156",371990,2025-06-06 00:44:13,42.3985633850098,-8.92063522338867,"Female"
"9004156",371990,2025-06-06 00:50:31,42.3985710144043,-8.92061042785645,"Female"
"9004156",371990,2025-06-06 00:55:31,42.3985443115234,-8.92068195343018,"Female"
"9004156",371990,2025-06-06 00:59:16,42.398567199707,-8.92128372192383,"Female"
"9004156",371990,2025-06-06 01:04:19,42.398509979248,-8.92129230499268,"Female"
"9004156",371990,2025-06-06 01:09:10,42.398551940918,-8.92084503173828,"Female"
"9004156",371990,2025-06-06 01:15:31,42.3985366821289,-8.92089462280273,"Female"
"9004156",371990,2025-06-06 01:20:15,42.398567199707,-8.92094707489014,"Female"
"9004156",371990,2025-06-06 01:24:11,42.3986167907715,-8.92115306854248,"Female"
"9004156",371990,2025-06-06 01:29:53,42.3985290527344,-8.92119979858398,"Female"
"9004156",371990,2025-06-06 01:34:25,42.3983612060547,-8.92097949981689,"Female"
"9004156",371990,2025-06-06 01:39:35,42.3983879089355,-8.92107200622559,"Female"
"9004156",371990,2025-06-06 01:44:11,42.3984870910645,-8.920973777771,"Female"
"9004156",371990,2025-06-06 01:49:26,42.3982963562012,-8.92095470428467,"Female"
"9004156",371990,2025-06-06 01:54:49,42.3984413146973,-8.92117881774902,"Female"
"9004156",371990,2025-06-06 01:59:19,42.398509979248,-8.92109680175781,"Female"
"9004156",371990,2025-06-06 02:04:14,42.3983955383301,-8.92106819152832,"Female"
"9004156",371990,2025-06-06 02:09:19,42.398365020752,-8.92103958129883,"Female"
"9004156",371990,2025-06-06 02:14:25,42.3984985351562,-8.92117595672607,"Female"
"9004156",371990,2025-06-06 02:19:13,42.3991355895996,-8.91679000854492,"Female"
"9004156",371990,2025-06-06 02:29:23,42.3988723754883,-8.91988754272461,"Female"
"9004156",371990,2025-06-06 02:34:28,42.3987274169922,-8.92082023620605,"Female"
"9004156",371990,2025-06-06 02:39:19,42.3986740112305,-8.92057609558105,"Female"
"9004156",371990,2025-06-06 02:44:19,42.3986587524414,-8.92044734954834,"Female"
"9004156",371990,2025-06-06 02:49:20,42.3986511230469,-8.9202880859375,"Female"
"9004156",371990,2025-06-06 02:54:20,42.3985328674316,-8.92033576965332,"Female"
"9004156",371990,2025-06-06 02:59:23,42.3986778259277,-8.92056941986084,"Female"
"9004156",371990,2025-06-06 03:04:22,42.3985862731934,-8.92022895812988,"Female"
"9004156",371990,2025-06-06 03:09:35,42.3984794616699,-8.92022323608398,"Female"
"9004156",371990,2025-06-06 03:14:18,42.3986358642578,-8.9202823638916,"Female"
"9004156",371990,2025-06-06 03:19:21,42.3985977172852,-8.92026424407959,"Female"
"9004156",371990,2025-06-06 03:24:16,42.398567199707,-8.92022228240967,"Female"
"9004156",371990,2025-06-06 03:29:17,42.3985404968262,-8.92028522491455,"Female"
"9004156",371990,2025-06-06 03:34:20,42.3985252380371,-8.92022323608398,"Female"
"9004156",371990,2025-06-06 03:39:19,42.3983612060547,-8.91979122161865,"Female"
"9004156",371990,2025-06-06 03:44:19,42.3984184265137,-8.92052268981934,"Female"
"9004156",371990,2025-06-06 03:49:35,42.3984107971191,-8.9215145111084,"Female"
"9004156",371990,2025-06-06 03:54:17,42.3985748291016,-8.92157173156738,"Female"
"9004156",371990,2025-06-06 03:59:15,42.3985290527344,-8.92142295837402,"Female"
"9004156",371990,2025-06-06 04:05:31,42.3991088867188,-8.92099571228027,"Female"
"9004156",371990,2025-06-06 04:10:31,42.3987998962402,-8.92086315155029,"Female"
"9004156",371990,2025-06-06 04:14:42,42.3986434936523,-8.92072868347168,"Female"
"9004156",371990,2025-06-06 04:19:14,42.3985443115234,-8.92069435119629,"Female"
"9004156",371990,2025-06-06 04:24:17,42.3986625671387,-8.9207067489624,"Female"
"9004156",371990,2025-06-06 04:29:13,42.3986968994141,-8.92075443267822,"Female"
"9004156",371990,2025-06-06 04:34:12,42.3985824584961,-8.92060375213623,"Female"
"9004156",371990,2025-06-06 04:39:16,42.3985557556152,-8.92079067230225,"Female"
"9004156",371990,2025-06-06 04:44:19,42.3984985351562,-8.92081356048584,"Female"
"9004156",371990,2025-06-06 04:49:18,42.3985595703125,-8.92075061798096,"Female"
"9004156",371990,2025-06-06 04:54:13,42.398681640625,-8.92092037200928,"Female"
"9004156",371990,2025-06-06 04:59:15,42.3986549377441,-8.92090129852295,"Female"
"9004156",371990,2025-06-06 05:04:13,42.3983345031738,-8.92074108123779,"Female"
"9004156",371990,2025-06-06 05:09:16,42.3985824584961,-8.92103862762451,"Female"
"9004156",371990,2025-06-06 05:14:10,42.3986396789551,-8.92067050933838,"Female"
"9004156",371990,2025-06-06 05:19:19,42.3986663818359,-8.92112064361572,"Female"
"9004156",371990,2025-06-06 05:24:10,42.3986511230469,-8.9209451675415,"Female"
"9004156",371990,2025-06-06 05:29:19,42.3986930847168,-8.9211597442627,"Female"
"9004156",371990,2025-06-06 05:34:29,42.3986549377441,-8.92080974578857,"Female"
"9004156",371990,2025-06-06 05:39:12,42.3987159729004,-8.92084884643555,"Female"
"9004156",371990,2025-06-06 05:44:18,42.3985824584961,-8.92099380493164,"Female"
"9004156",371990,2025-06-06 05:49:20,42.3986778259277,-8.92080974578857,"Female"
"9004156",371990,2025-06-06 05:54:12,42.3987197875977,-8.92091751098633,"Female"
"9004156",371990,2025-06-06 05:59:15,42.3986701965332,-8.92090320587158,"Female"
"9004156",371990,2025-06-06 06:04:13,42.3986625671387,-8.92055892944336,"Female"
"9004156",371990,2025-06-06 06:09:12,42.3987312316895,-8.9208517074585,"Female"
"9004156",371990,2025-06-06 06:14:11,42.3986587524414,-8.92088413238525,"Female"
"9004156",371990,2025-06-06 06:19:12,42.3987312316895,-8.92079830169678,"Female"
"9004156",371990,2025-06-06 06:24:19,42.3987312316895,-8.92080116271973,"Female"
"9004156",371990,2025-06-06 06:29:20,42.3985290527344,-8.92086219787598,"Female"
"9004156",371990,2025-06-06 06:34:22,42.3986320495605,-8.92110157012939,"Female"
"9004156",371990,2025-06-06 06:39:15,42.3987236022949,-8.92171001434326,"Female"
"9004156",371990,2025-06-06 06:44:12,42.3983726501465,-8.92047214508057,"Female"
"9004156",371990,2025-06-06 06:49:56,42.3985710144043,-8.92083835601807,"Female"
"9004156",371990,2025-06-06 06:55:31,42.398494720459,-8.92079830169678,"Female"
"9004156",371990,2025-06-06 06:59:10,42.3985366821289,-8.92080593109131,"Female"
"9004156",371990,2025-06-06 07:04:06,42.3985939025879,-8.92072677612305,"Female"
"9004156",371990,2025-06-06 07:09:13,42.3985443115234,-8.92093753814697,"Female"
"9004156",371990,2025-06-06 07:14:26,42.398509979248,-8.92087745666504,"Female"
"9004156",371990,2025-06-06 07:19:19,42.3987159729004,-8.92103004455566,"Female"
"9004156",371990,2025-06-06 07:24:19,42.3985214233398,-8.92080116271973,"Female"
"9004156",371990,2025-06-06 07:29:18,42.3987503051758,-8.92119121551514,"Female"
"9004156",371990,2025-06-06 07:34:13,42.3989334106445,-8.92116260528564,"Female"
"9004156",371990,2025-06-06 07:39:18,42.398868560791,-8.92117309570312,"Female"
"9004156",371990,2025-06-06 07:44:15,42.3987007141113,-8.92095470428467,"Female"
"9004156",371990,2025-06-06 07:49:59,42.3986434936523,-8.92086982727051,"Female"
"9004156",371990,2025-06-06 07:54:39,42.3986473083496,-8.92091083526611,"Female"
"9004156",371990,2025-06-06 07:59:09,42.3986473083496,-8.92104434967041,"Female"
"9004156",371990,2025-06-06 08:04:13,42.3987274169922,-8.92081451416016,"Female"
"9004156",371990,2025-06-06 08:09:08,42.3986663818359,-8.92090892791748,"Female"
"9004156",371990,2025-06-06 08:14:26,42.3987922668457,-8.92074203491211,"Female"
"9004156",371990,2025-06-06 08:19:28,42.3987312316895,-8.92114067077637,"Female"
"9004156",371990,2025-06-06 08:24:07,42.403434753418,-8.92099952697754,"Female"
"9004156",371990,2025-06-06 08:29:07,42.4033470153809,-8.91976165771484,"Female"
"9004156",371990,2025-06-06 08:34:07,42.4117469787598,-8.92451286315918,"Female"
"9004156",371990,2025-06-06 08:39:07,42.4590034484863,-8.94001007080078,"Female"
"9004156",371990,2025-06-06 08:44:07,42.4829292297363,-8.92875480651855,"Female"
"9004156",371990,2025-06-06 08:49:10,42.4843254089355,-8.9219856262207,"Female"
"9004156",371990,2025-06-06 08:54:15,42.4846458435059,-8.92093944549561,"Female"
"9004156",371990,2025-06-06 08:59:42,42.4853401184082,-8.92121696472168,"Female"
"9004156",371990,2025-06-06 09:04:42,42.4838829040527,-8.91934204101562,"Female"
"9004156",371990,2025-06-06 09:09:42,42.4839477539062,-8.91962242126465,"Female"
"9004156",371990,2025-06-06 09:14:41,42.4839286804199,-8.92009544372559,"Female"
"9004156",371990,2025-06-06 09:19:41,42.4840927124023,-8.91999435424805,"Female"
"9004156",371990,2025-06-06 09:24:41,42.484058380127,-8.91993713378906,"Female"
"9004156",371990,2025-06-06 09:29:41,42.4840202331543,-8.91991806030273,"Female"
"9004156",371990,2025-06-06 09:34:41,42.483325958252,-8.91597843170166,"Female"
"9004156",371990,2025-06-06 09:39:56,42.482780456543,-8.91487693786621,"Female"
"9004156",371990,2025-06-06 09:45:14,42.4826622009277,-8.91361427307129,"Female"
"9004156",371990,2025-06-06 09:51:03,42.4835052490234,-8.91282653808594,"Female"
"9004156",371990,2025-06-06 09:56:03,42.483959197998,-8.91354846954346,"Female"
"9004156",371990,2025-06-06 10:01:41,42.4849014282227,-8.91307735443115,"Female"
"9004156",371990,2025-06-06 10:06:42,42.485408782959,-8.91277694702148,"Female"
"9004156",371990,2025-06-06 10:11:42,42.4854202270508,-8.91276359558105,"Female"
"9004156",371990,2025-06-06 10:16:42,42.4854583740234,-8.91269207000732,"Female"
"9004156",371990,2025-06-06 10:21:42,42.4854621887207,-8.9127254486084,"Female"
"9004156",371990,2025-06-06 10:26:42,42.4854354858398,-8.91264057159424,"Female"
"9004156",371990,2025-06-06 10:31:42,42.4855194091797,-8.91266059875488,"Female"
"9004156",371990,2025-06-06 10:36:42,42.4853515625,-8.91254997253418,"Female"
"9004156",371990,2025-06-06 10:41:41,42.4855537414551,-8.91267585754395,"Female"
"9004156",371990,2025-06-06 10:46:42,42.4856948852539,-8.91267395019531,"Female"
"9004156",371990,2025-06-06 10:51:42,42.485523223877,-8.91260814666748,"Female"
"9004156",371990,2025-06-06 10:57:05,42.4856147766113,-8.91284847259521,"Female"
"9004156",371990,2025-06-06 11:01:41,42.4856185913086,-8.91287517547607,"Female"
"9004156",371990,2025-06-06 11:06:41,42.4856300354004,-8.9128475189209,"Female"
"9004156",371990,2025-06-06 11:11:40,42.4856147766113,-8.91282558441162,"Female"
"9004156",371990,2025-06-06 11:17:11,42.4853630065918,-8.91264820098877,"Female"
"9004156",371990,2025-06-06 11:22:13,42.4850273132324,-8.91197681427002,"Female"
"9004156",371990,2025-06-06 11:27:16,42.4845581054688,-8.91219806671143,"Female"
"9004156",371990,2025-06-06 11:32:15,42.4853057861328,-8.91242122650146,"Female"
"9004156",371990,2025-06-06 11:37:26,42.4860038757324,-8.91300296783447,"Female"
"9004156",371990,2025-06-06 11:42:26,42.4860153198242,-8.91244888305664,"Female"
"9004156",371990,2025-06-06 11:47:26,42.4856071472168,-8.91261100769043,"Female"
"9004156",371990,2025-06-06 11:52:28,42.4855346679688,-8.91278171539307,"Female"
"9004156",371990,2025-06-06 11:57:25,42.4855880737305,-8.91244506835938,"Female"
"9004156",371990,2025-06-06 12:02:26,42.4854850769043,-8.91288948059082,"Female"
"9004156",371990,2025-06-06 12:07:26,42.4855499267578,-8.91274070739746,"Female"
"9004156",371990,2025-06-06 12:12:26,42.4855995178223,-8.91279315948486,"Female"
"9004156",371990,2025-06-06 12:17:28,42.485424041748,-8.91312789916992,"Female"
"9004156",371990,2025-06-06 12:22:43,42.484992980957,-8.91397953033447,"Female"
"9004156",371990,2025-06-06 12:28:26,42.4855117797852,-8.91436576843262,"Female"
"9004156",371990,2025-06-06 12:33:57,42.4855194091797,-8.91486549377441,"Female"
"9004156",371990,2025-06-06 12:38:58,42.486011505127,-8.91561317443848,"Female"
"9004156",371990,2025-06-06 12:43:58,42.4859924316406,-8.91558647155762,"Female"
"9004156",371990,2025-06-06 12:48:58,42.486011505127,-8.91544055938721,"Female"
"9004156",371990,2025-06-06 12:53:57,42.4860153198242,-8.91536426544189,"Female"
"9004156",371990,2025-06-06 12:58:59,42.4860000610352,-8.91546821594238,"Female"
"9004156",371990,2025-06-06 13:03:58,42.4859848022461,-8.91565322875977,"Female"
"9004156",371990,2025-06-06 13:08:58,42.4860305786133,-8.91560077667236,"Female"
"9004156",371990,2025-06-06 13:13:58,42.4860458374023,-8.9156608581543,"Female"
"9004156",371990,2025-06-06 13:18:59,42.486026763916,-8.91569805145264,"Female"
"9004156",371990,2025-06-06 13:23:58,42.4860153198242,-8.91566848754883,"Female"
"9004156",371990,2025-06-06 13:28:57,42.4860572814941,-8.91573524475098,"Female"
"9004156",371990,2025-06-06 13:33:58,42.4860496520996,-8.91580104827881,"Female"
"9004156",371990,2025-06-06 13:38:58,42.4860382080078,-8.91586303710938,"Female"
"9004156",371990,2025-06-06 13:43:58,42.4860916137695,-8.91580772399902,"Female"
"9004156",371990,2025-06-06 13:48:58,42.4861335754395,-8.91579055786133,"Female"
"9004156",371990,2025-06-06 13:53:58,42.4860877990723,-8.91581726074219,"Female"
"9004156",371990,2025-06-06 13:58:58,42.4861869812012,-8.91570854187012,"Female"
"9004156",371990,2025-06-06 14:04:03,42.4853973388672,-8.91579914093018,"Female"
"9004156",371990,2025-06-06 14:09:52,42.48486328125,-8.91589641571045,"Female"
"9004156",371990,2025-06-06 14:14:52,42.4844360351562,-8.91558837890625,"Female"
"9004156",371990,2025-06-06 14:19:53,42.485107421875,-8.91663646697998,"Female"
"9004156",371990,2025-06-06 14:25:39,42.484992980957,-8.91721725463867,"Female"
"9004156",371990,2025-06-06 14:31:29,42.485710144043,-8.91723918914795,"Female"
"9004156",371990,2025-06-06 14:37:38,42.4857215881348,-8.91804313659668,"Female"
"9004156",371990,2025-06-06 14:42:38,42.4861946105957,-8.91807556152344,"Female"
"9004156",371990,2025-06-06 14:47:38,42.4861679077148,-8.918137550354,"Female"
"9004156",371990,2025-06-06 14:52:37,42.4861869812012,-8.9181547164917,"Female"
"9004156",371990,2025-06-06 14:57:37,42.4861793518066,-8.91813659667969,"Female"
"9004156",371990,2025-06-06 15:02:37,42.4861526489258,-8.91814517974854,"Female"
"9004156",371990,2025-06-06 15:07:37,42.4861526489258,-8.91820049285889,"Female"
"9004156",371990,2025-06-06 15:12:37,42.4861373901367,-8.91819858551025,"Female"
"9004156",371990,2025-06-06 15:17:37,42.4861450195312,-8.91814136505127,"Female"
"9004156",371990,2025-06-06 15:22:37,42.4861030578613,-8.91820812225342,"Female"
"9004156",371990,2025-06-06 15:27:37,42.4861106872559,-8.91816711425781,"Female"
"9004156",371990,2025-06-06 15:33:04,42.4855537414551,-8.91820430755615,"Female"
"9004156",371990,2025-06-06 15:38:04,42.4854431152344,-8.91846466064453,"Female"
"9004156",371990,2025-06-06 15:43:04,42.4849243164062,-8.91857051849365,"Female"
"9004156",371990,2025-06-06 15:48:35,42.4840888977051,-8.91872119903564,"Female"
"9004156",371990,2025-06-06 15:53:34,42.4846496582031,-8.91800975799561,"Female"
"9004156",371990,2025-06-06 15:58:36,42.4849967956543,-8.91841697692871,"Female"
"9004156",371990,2025-06-06 16:03:37,42.4850082397461,-8.91895484924316,"Female"
"9004156",371990,2025-06-06 16:09:05,42.4857788085938,-8.91930675506592,"Female"
"9004156",371990,2025-06-06 16:13:37,42.4856224060059,-8.91922569274902,"Female"
"9004156",371990,2025-06-06 16:18:36,42.485424041748,-8.91909599304199,"Female"
"9004156",371990,2025-06-06 16:23:37,42.4857406616211,-8.91930484771729,"Female"
"9004156",371990,2025-06-06 16:28:36,42.4855804443359,-8.91913509368896,"Female"
"9004156",371990,2025-06-06 16:33:37,42.4856033325195,-8.91911029815674,"Female"
"9004156",371990,2025-06-06 16:38:36,42.4855117797852,-8.91902637481689,"Female"
"9004156",371990,2025-06-06 16:43:37,42.4738426208496,-8.9414234161377,"Female"
"9004156",371990,2025-06-06 16:48:36,42.4634819030762,-8.94433975219727,"Female"
"9004156",371990,2025-06-06 16:53:37,42.4386100769043,-8.93919849395752,"Female"
"9004156",371990,2025-06-06 16:58:37,42.4018287658691,-8.92084312438965,"Female"
"9004156",371990,2025-06-06 17:03:36,42.4000968933105,-8.92139625549316,"Female"
"9004156",371990,2025-06-06 17:08:39,42.3988380432129,-8.92131519317627,"Female"
"9004156",371990,2025-06-06 17:13:37,42.3987503051758,-8.92119216918945,"Female"
"9004156",371990,2025-06-06 17:18:36,42.3988647460938,-8.92121028900146,"Female"
"9004156",371990,2025-06-06 17:23:36,42.3988037109375,-8.921142578125,"Female"
"9004156",371990,2025-06-06 17:28:36,42.3987693786621,-8.92107009887695,"Female"
"9004156",371990,2025-06-06 17:33:36,42.3986854553223,-8.92116165161133,"Female"
"9004156",371990,2025-06-06 17:38:37,42.398754119873,-8.92120170593262,"Female"
"9004156",371990,2025-06-06 17:43:36,42.3987274169922,-8.92122268676758,"Female"
"9004156",371990,2025-06-06 17:48:36,42.3986396789551,-8.92114162445068,"Female"
"9004156",371990,2025-06-06 17:53:37,42.3985862731934,-8.92111682891846,"Female"
"9004156",371990,2025-06-06 17:58:39,42.3986740112305,-8.92121410369873,"Female"
"9004156",371990,2025-06-06 18:03:38,42.3986549377441,-8.92118644714355,"Female"
"9004156",371990,2025-06-06 18:08:39,42.3986625671387,-8.9211311340332,"Female"
"9004156",371990,2025-06-06 18:13:36,42.3986358642578,-8.92125797271729,"Female"
"9004156",371990,2025-06-06 18:18:36,42.3985595703125,-8.92116260528564,"Female"
"9004156",371990,2025-06-06 18:23:36,42.3986320495605,-8.92120170593262,"Female"
"9004156",371990,2025-06-06 18:28:41,42.3986282348633,-8.92119693756104,"Female"
"9004156",371990,2025-06-06 18:33:37,42.3986587524414,-8.92130851745605,"Female"
"9004156",371990,2025-06-06 18:38:36,42.3986167907715,-8.92109394073486,"Female"
"9004156",371990,2025-06-06 18:43:40,42.3985214233398,-8.92100715637207,"Female"
"9004156",371990,2025-06-06 18:48:39,42.3986625671387,-8.92113780975342,"Female"
"9004156",371990,2025-06-06 18:53:39,42.3986854553223,-8.92117500305176,"Female"
"9004156",371990,2025-06-06 18:58:37,42.3986968994141,-8.92115688323975,"Female"
"9004156",371990,2025-06-06 19:03:36,42.398681640625,-8.92125988006592,"Female"
"9004156",371990,2025-06-06 19:08:36,42.3986663818359,-8.92113494873047,"Female"
"9004156",371990,2025-06-06 19:13:39,42.3987350463867,-8.92119979858398,"Female"
"9004156",371990,2025-06-06 19:18:39,42.3987464904785,-8.92129325866699,"Female"
"9004156",371990,2025-06-06 19:23:36,42.3987503051758,-8.92122840881348,"Female"
"9004156",371990,2025-06-06 19:28:36,42.398796081543,-8.92115497589111,"Female"
"9004156",371990,2025-06-06 19:33:38,42.398738861084,-8.92117404937744,"Female"
"9004156",371990,2025-06-06 19:38:37,42.3987083435059,-8.92120265960693,"Female"
"9004156",371990,2025-06-06 19:43:36,42.3987350463867,-8.92121696472168,"Female"
"9004156",371990,2025-06-06 19:48:38,42.3987236022949,-8.92120361328125,"Female"
"9004156",371990,2025-06-06 19:53:36,42.3987998962402,-8.92121601104736,"Female"
"9004156",371990,2025-06-06 19:58:40,42.3989181518555,-8.92119312286377,"Female"
"9004156",371990,2025-06-06 20:03:42,42.3989486694336,-8.92106628417969,"Female"
"9004156",371990,2025-06-06 20:08:36,42.3986892700195,-8.92110824584961,"Female"
"9004156",371990,2025-06-06 20:13:39,42.3987884521484,-8.92103958129883,"Female"
"9004156",371990,2025-06-06 20:18:38,42.3986968994141,-8.92111396789551,"Female"
"9004156",371990,2025-06-06 20:23:37,42.3987350463867,-8.92099285125732,"Female"
"9004156",371990,2025-06-06 20:28:37,42.3987617492676,-8.92091464996338,"Female"
"9004156",371990,2025-06-06 20:33:37,42.3987426757812,-8.9210033416748,"Female"
"9004156",371990,2025-06-06 20:38:36,42.3987426757812,-8.92098903656006,"Female"
"9004156",371990,2025-06-06 20:43:36,42.3987579345703,-8.92085266113281,"Female"
"9004156",371990,2025-06-06 20:48:37,42.3987312316895,-8.92085361480713,"Female"
"9004156",371990,2025-06-06 20:53:37,42.398754119873,-8.92085933685303,"Female"
"9004156",371990,2025-06-06 20:58:37,42.3987426757812,-8.92082214355469,"Female"
"9004156",371990,2025-06-06 21:03:36,42.3987922668457,-8.92081451416016,"Female"
"9004156",371990,2025-06-06 21:08:37,42.398754119873,-8.92094993591309,"Female"
"9004156",371990,2025-06-06 21:13:38,42.398509979248,-8.92090702056885,"Female"
"9004156",371990,2025-06-06 21:18:40,42.3987846374512,-8.92103004455566,"Female"
"9004156",371990,2025-06-06 21:23:37,42.3988075256348,-8.9210205078125,"Female"
"9004156",371990,2025-06-06 21:28:45,42.3987236022949,-8.92105484008789,"Female"
"9004156",371990,2025-06-06 21:33:44,42.3987312316895,-8.9210786819458,"Female"
"9004156",371990,2025-06-06 21:38:40,42.3987121582031,-8.92094421386719,"Female"
"9004156",371990,2025-06-06 21:43:41,42.3988189697266,-8.92112255096436,"Female"
"9004156",371990,2025-06-06 21:48:39,42.3986549377441,-8.92129993438721,"Female"
"9004156",371990,2025-06-06 21:53:43,42.3987350463867,-8.92152976989746,"Female"
"9004156",371990,2025-06-06 21:58:35,42.3987350463867,-8.92105674743652,"Female"
"9004156",371990,2025-06-06 22:03:37,42.3986854553223,-8.92101001739502,"Female"
"9004156",371990,2025-06-06 22:08:35,42.398738861084,-8.92104053497314,"Female"
"9004156",371990,2025-06-06 22:13:35,42.3987274169922,-8.92102241516113,"Female"
"9004156",371990,2025-06-06 22:18:36,42.3987770080566,-8.92108917236328,"Female"
"9004156",371990,2025-06-06 22:23:35,42.398811340332,-8.92114925384521,"Female"
"9004156",371990,2025-06-06 22:28:37,42.3987998962402,-8.92103099822998,"Female"
"9004156",371990,2025-06-06 22:33:36,42.3988265991211,-8.92112445831299,"Female"
"9004156",371990,2025-06-06 22:38:36,42.3988494873047,-8.92115879058838,"Female"
"9004156",371990,2025-06-06 22:43:36,42.3988647460938,-8.92124557495117,"Female"
"9004156",371990,2025-06-06 22:48:37,42.39892578125,-8.92118453979492,"Female"
"9004156",371990,2025-06-06 22:53:35,42.3989028930664,-8.92120838165283,"Female"
"9004156",371990,2025-06-06 22:58:37,42.3988723754883,-8.92115020751953,"Female"
"9004156",371990,2025-06-06 23:03:40,42.3989295959473,-8.92110824584961,"Female"
"9004156",371990,2025-06-06 23:08:40,42.3990097045898,-8.92078685760498,"Female"
"9004156",371990,2025-06-06 23:13:42,42.3986587524414,-8.92124462127686,"Female"
"9004156",371990,2025-06-06 23:18:40,42.3985710144043,-8.92142391204834,"Female"
"9004156",371990,2025-06-06 23:23:36,42.3989028930664,-8.921217918396,"Female"
"9004156",371990,2025-06-06 23:28:37,42.3988571166992,-8.92125129699707,"Female"
"9004156",371990,2025-06-06 23:33:35,42.3988838195801,-8.9211893081665,"Female"
"9004156",371990,2025-06-06 23:38:35,42.3988494873047,-8.92128562927246,"Female"
"9004156",371990,2025-06-06 23:43:35,42.3988456726074,-8.92125988006592,"Female"
"9004156",371990,2025-06-06 23:48:36,42.398796081543,-8.92106819152832,"Female"
"9004156",371990,2025-06-06 23:53:36,42.3988418579102,-8.9211483001709,"Female"
"9004156",371990,2025-06-06 23:58:36,42.3988227844238,-8.92118644714355,"Female"
"9004156",371990,2025-06-07 00:03:36,42.3988342285156,-8.92114925384521,"Female"
"9004156",371990,2025-06-07 00:08:35,42.3987693786621,-8.92102813720703,"Female"
"9004156",371990,2025-06-07 00:13:36,42.3988304138184,-8.92117786407471,"Female"
"9004156",371990,2025-06-07 00:18:35,42.3987617492676,-8.92112159729004,"Female"
"9004156",371990,2025-06-07 00:23:36,42.3987846374512,-8.92106533050537,"Female"
"9004156",371990,2025-06-07 00:28:36,42.3988037109375,-8.92093563079834,"Female"
"9004156",371990,2025-06-07 00:33:36,42.3988151550293,-8.92115211486816,"Female"
"9004156",371990,2025-06-07 00:38:36,42.3987693786621,-8.92097663879395,"Female"
"9004156",371990,2025-06-07 00:43:35,42.3987464904785,-8.92112731933594,"Female"
"9004156",371990,2025-06-07 00:48:35,42.3987579345703,-8.9209623336792,"Female"
"9004156",371990,2025-06-07 00:53:36,42.3987197875977,-8.9207878112793,"Female"
"9004156",371990,2025-06-07 00:58:36,42.3986854553223,-8.9207067489624,"Female"
"9004156",371990,2025-06-07 01:03:38,42.3987617492676,-8.92112350463867,"Female"
"9004156",371990,2025-06-07 01:08:36,42.3987274169922,-8.92082595825195,"Female"
"9004156",371990,2025-06-07 01:13:40,42.398868560791,-8.92128944396973,"Female"
"9004156",371990,2025-06-07 01:18:38,42.3988189697266,-8.92119884490967,"Female"
"9004156",371990,2025-06-07 01:23:38,42.399040222168,-8.92132759094238,"Female"
"9004156",371990,2025-06-07 01:28:38,42.3990058898926,-8.92133808135986,"Female"
"9004156",371990,2025-06-07 01:33:37,42.3991584777832,-8.92160797119141,"Female"
"9004156",371990,2025-06-07 01:39:05,42.3986549377441,-8.92117023468018,"Female"
"9004156",371990,2025-06-07 01:43:35,42.398509979248,-8.92118453979492,"Female"
"9004156",371990,2025-06-07 01:48:38,42.3986968994141,-8.92072772979736,"Female"
"9004156",371990,2025-06-07 01:54:05,42.3986930847168,-8.92085075378418,"Female"
"9004156",371990,2025-06-07 01:58:37,42.3985137939453,-8.92079544067383,"Female"
"9004156",371990,2025-06-07 02:03:36,42.3985481262207,-8.92087364196777,"Female"
"9004156",371990,2025-06-07 02:08:35,42.3985977172852,-8.92065048217773,"Female"
"9004156",371990,2025-06-07 02:13:38,42.3985176086426,-8.92090034484863,"Female"
"9004156",371990,2025-06-07 02:18:36,42.3985328674316,-8.92079448699951,"Female"
"9004156",371990,2025-06-07 02:23:36,42.3986358642578,-8.92077350616455,"Female"
"9004156",371990,2025-06-07 02:28:34,42.3984413146973,-8.92074108123779,"Female"
"9004156",371990,2025-06-07 02:33:34,42.398624420166,-8.92081832885742,"Female"
"9004156",371990,2025-06-07 02:38:36,42.3985443115234,-8.92075157165527,"Female"
"9004156",371990,2025-06-07 02:43:34,42.3984909057617,-8.92068004608154,"Female"
"9004156",371990,2025-06-07 02:48:35,42.3985328674316,-8.92071151733398,"Female"
"9004156",371990,2025-06-07 02:53:36,42.3984642028809,-8.92081356048584,"Female"
"9004156",371990,2025-06-07 02:58:35,42.3985977172852,-8.92073249816895,"Female"
"9004156",371990,2025-06-07 03:03:36,42.3984909057617,-8.92074489593506,"Female"
"9004156",371990,2025-06-07 03:08:36,42.3985595703125,-8.92080402374268,"Female"
"9004156",371990,2025-06-07 03:13:36,42.3985290527344,-8.9208345413208,"Female"
"9004156",371990,2025-06-07 03:18:35,42.3985023498535,-8.92086124420166,"Female"
"9004156",371990,2025-06-07 03:23:35,42.3985748291016,-8.92081260681152,"Female"
"9004156",371990,2025-06-07 03:28:35,42.3985900878906,-8.92089748382568,"Female"
"9004156",371990,2025-06-07 03:33:35,42.3985366821289,-8.92080497741699,"Female"
"9004156",371990,2025-06-07 03:38:36,42.3985748291016,-8.9208345413208,"Female"
"9004156",371990,2025-06-07 03:43:36,42.3985595703125,-8.9207124710083,"Female"
"9004156",371990,2025-06-07 03:48:38,42.3984756469727,-8.92082786560059,"Female"
"9004156",371990,2025-06-07 03:53:37,42.3985633850098,-8.92083644866943,"Female"
"9004156",371990,2025-06-07 03:58:41,42.3984184265137,-8.92077350616455,"Female"
"9004156",371990,2025-06-07 04:03:36,42.3986358642578,-8.92091369628906,"Female"
"9004156",371990,2025-06-07 04:08:39,42.3988761901855,-8.92092990875244,"Female"
"9004156",371990,2025-06-07 04:13:38,42.3988609313965,-8.92110824584961,"Female"
"9004156",371990,2025-06-07 04:18:38,42.398853302002,-8.92106914520264,"Female"
"9004156",371990,2025-06-07 04:23:39,42.39892578125,-8.9210958480835,"Female"
"9004156",371990,2025-06-07 04:28:40,42.3988609313965,-8.92111492156982,"Female"
"9004156",371990,2025-06-07 04:33:39,42.3989372253418,-8.9210319519043,"Female"
"9004156",371990,2025-06-07 04:38:49,42.39892578125,-8.92108345031738,"Female"
"9004156",371990,2025-06-07 04:43:39,42.3989105224609,-8.92115592956543,"Female"
"9004156",371990,2025-06-07 04:48:39,42.3989486694336,-8.92103672027588,"Female"
"9004156",371990,2025-06-07 04:53:35,42.3983497619629,-8.92133522033691,"Female"
"9004156",371990,2025-06-07 04:58:40,42.3989906311035,-8.92153072357178,"Female"
"9004156",371990,2025-06-07 05:03:46,42.399169921875,-8.92194843292236,"Female"
"9004156",371990,2025-06-07 05:08:40,42.398738861084,-8.92121410369873,"Female"
"9004156",371990,2025-06-07 05:13:36,42.3985710144043,-8.92140865325928,"Female"
"9004156",371990,2025-06-07 05:18:34,42.3985328674316,-8.92138767242432,"Female"
"9004156",371990,2025-06-07 05:23:38,42.3986968994141,-8.9213809967041,"Female"
"9004156",371990,2025-06-07 05:28:41,42.3986587524414,-8.92126083374023,"Female"
"9004156",371990,2025-06-07 05:33:36,42.3986434936523,-8.92122745513916,"Female"
"9004156",371990,2025-06-07 05:38:38,42.3987579345703,-8.92166328430176,"Female"
"9004156",371990,2025-06-07 05:43:36,42.3987083435059,-8.92150974273682,"Female"
"9004156",371990,2025-06-07 05:48:38,42.3986701965332,-8.92155647277832,"Female"
"9004156",371990,2025-06-07 05:53:38,42.3985214233398,-8.92122840881348,"Female"
"9004156",371990,2025-06-07 05:58:35,42.3985137939453,-8.92131900787354,"Female"
"9004156",371990,2025-06-07 06:03:38,42.3985557556152,-8.92137813568115,"Female"
"9004156",371990,2025-06-07 06:08:37,42.398551940918,-8.92135524749756,"Female"
"9004156",371990,2025-06-07 06:13:35,42.3985290527344,-8.92131614685059,"Female"
"9004156",371990,2025-06-07 06:18:35,42.3984794616699,-8.92124938964844,"Female"
"9004156",371990,2025-06-07 06:23:37,42.3985786437988,-8.92137908935547,"Female"
"9004156",371990,2025-06-07 06:28:36,42.3985214233398,-8.92131042480469,"Female"
"9004156",371990,2025-06-07 06:33:36,42.3986167907715,-8.92146778106689,"Female"
"9004156",371990,2025-06-07 06:38:35,42.3984985351562,-8.92105388641357,"Female"
"9004156",371990,2025-06-07 06:43:36,42.3984565734863,-8.92139911651611,"Female"
"9004156",371990,2025-06-07 06:48:36,42.3983917236328,-8.92136096954346,"Female"
"9004156",371990,2025-06-07 06:53:37,42.398551940918,-8.92128849029541,"Female"
"9004156",371990,2025-06-07 06:58:36,42.3981437683105,-8.92063617706299,"Female"
"9004156",371990,2025-06-07 07:03:36,42.398567199707,-8.92100811004639,"Female"
"9004156",371990,2025-06-07 07:08:36,42.3985710144043,-8.92113971710205,"Female"
"9004156",371990,2025-06-07 07:13:37,42.4131355285645,-8.92424964904785,"Female"
"9004156",371990,2025-06-07 07:18:36,42.4556579589844,-8.93780517578125,"Female"
"9004156",371990,2025-06-07 07:23:36,42.4565849304199,-8.93843460083008,"Female"
"9004156",371990,2025-06-07 07:28:35,42.4844589233398,-8.92226982116699,"Female"
"9004156",371990,2025-06-07 07:33:49,42.4853820800781,-8.92190647125244,"Female"
"9004156",371990,2025-06-07 07:39:35,42.4834594726562,-8.92214488983154,"Female"
"9004156",371990,2025-06-07 07:44:34,42.4835052490234,-8.9215087890625,"Female"
"9004156",371990,2025-06-07 07:50:21,42.4847755432129,-8.92178249359131,"Female"
"9004156",371990,2025-06-07 07:56:09,42.4847526550293,-8.920654296875,"Female"
"9004156",371990,2025-06-07 08:01:07,42.4845924377441,-8.91868495941162,"Female"
"9004156",371990,2025-06-07 08:06:06,42.4845771789551,-8.91880798339844,"Female"
"9004156",371990,2025-06-07 08:11:07,42.4845428466797,-8.92025184631348,"Female"
"9004156",371990,2025-06-07 08:16:07,42.4837417602539,-8.91945838928223,"Female"
"9004156",371990,2025-06-07 08:21:06,42.4836502075195,-8.92000961303711,"Female"
"9004156",371990,2025-06-07 08:26:07,42.4836769104004,-8.92002964019775,"Female"
"9004156",371990,2025-06-07 08:31:07,42.4835929870605,-8.91998386383057,"Female"
"9004156",371990,2025-06-07 08:36:06,42.4843101501465,-8.9201602935791,"Female"
"9004156",371990,2025-06-07 08:41:11,42.4838180541992,-8.91953372955322,"Female"
"9004156",371990,2025-06-07 08:46:07,42.4837951660156,-8.91985034942627,"Female"
"9004156",371990,2025-06-07 08:51:06,42.4836082458496,-8.91992473602295,"Female"
"9004156",371990,2025-06-07 08:56:08,42.4838218688965,-8.91968536376953,"Female"
"9004156",371990,2025-06-07 09:01:06,42.4842720031738,-8.92017364501953,"Female"
"9004156",371990,2025-06-07 09:06:46,42.4833221435547,-8.91454029083252,"Female"
"9004156",371990,2025-06-07 09:12:22,42.4839057922363,-8.91406154632568,"Female"
"9004156",371990,2025-06-07 09:17:23,42.4838523864746,-8.91384601593018,"Female"
"9004156",371990,2025-06-07 09:23:28,42.4840431213379,-8.91224479675293,"Female"
"9004156",371990,2025-06-07 09:28:27,42.4845237731934,-8.91087341308594,"Female"
"9004156",371990,2025-06-07 09:33:39,42.4850959777832,-8.91059303283691,"Female"
"9004156",371990,2025-06-07 09:38:39,42.4854736328125,-8.91179466247559,"Female"
"9004156",371990,2025-06-07 09:43:39,42.4848442077637,-8.91232299804688,"Female"
"9004156",371990,2025-06-07 09:48:38,42.4855918884277,-8.91271305084229,"Female"
"9004156",371990,2025-06-07 09:53:39,42.4855804443359,-8.91273880004883,"Female"
"9004156",371990,2025-06-07 09:58:38,42.4856758117676,-8.91275310516357,"Female"
"9004156",371990,2025-06-07 10:03:38,42.4858245849609,-8.91281032562256,"Female"
"9004156",371990,2025-06-07 10:08:39,42.4861259460449,-8.91291522979736,"Female"
"9004156",371990,2025-06-07 10:13:40,42.4863815307617,-8.91315841674805,"Female"
"9004156",371990,2025-06-07 10:18:40,42.4857788085938,-8.91259670257568,"Female"
"9004156",371990,2025-06-07 10:24:28,42.4853477478027,-8.91291236877441,"Female"
"9004156",371990,2025-06-07 10:29:27,42.4857978820801,-8.91328716278076,"Female"
"9004156",371990,2025-06-07 10:34:39,42.4860229492188,-8.91395950317383,"Female"
"9004156",371990,2025-06-07 10:39:48,42.4853630065918,-8.91466808319092,"Female"
"9004156",371990,2025-06-07 10:44:38,42.4846572875977,-8.91438007354736,"Female"
"9004156",371990,2025-06-07 10:49:52,42.4862785339355,-8.91423034667969,"Female"
"9004156",371990,2025-06-07 10:54:37,42.4858665466309,-8.91348838806152,"Female"
"9004156",371990,2025-06-07 10:59:38,42.4856948852539,-8.91292285919189,"Female"
"9004156",371990,2025-06-07 11:04:42,42.4856719970703,-8.91275882720947,"Female"
"9004156",371990,2025-06-07 11:09:48,42.4861297607422,-8.91403007507324,"Female"
"9004156",371990,2025-06-07 11:14:42,42.4856109619141,-8.91231727600098,"Female"
"9004156",371990,2025-06-07 11:19:48,42.486385345459,-8.91434764862061,"Female"
"9004156",371990,2025-06-07 11:24:49,42.4857177734375,-8.91394519805908,"Female"
"9004156",371990,2025-06-07 11:29:50,42.4858245849609,-8.91403770446777,"Female"
"9004156",371990,2025-06-07 11:34:48,42.4857292175293,-8.91396522521973,"Female"
"9004156",371990,2025-06-07 11:39:45,42.4857177734375,-8.91398048400879,"Female"
"9004156",371990,2025-06-07 11:44:40,42.4856796264648,-8.91480827331543,"Female"
"9004156",371990,2025-06-07 11:49:57,42.4853096008301,-8.91397094726562,"Female"
"9004156",371990,2025-06-07 11:54:40,42.4854278564453,-8.91365146636963,"Female"
"9004156",371990,2025-06-07 11:59:52,42.4856300354004,-8.91408538818359,"Female"
"9004156",371990,2025-06-07 12:05:46,42.4856300354004,-8.91415786743164,"Female"
"9004156",371990,2025-06-07 12:11:16,42.4860877990723,-8.91366386413574,"Female"
"9004156",371990,2025-06-07 12:17:46,42.485969543457,-8.91235065460205,"Female"
"9004156",371990,2025-06-07 12:23:36,42.4852409362793,-8.91350173950195,"Female"
"9004156",371990,2025-06-07 12:28:34,42.485294342041,-8.91372966766357,"Female"
"9004156",371990,2025-06-07 12:33:37,42.4854278564453,-8.91438484191895,"Female"
"9004156",371990,2025-06-07 12:38:34,42.485912322998,-8.91442012786865,"Female"
"9004156",371990,2025-06-07 12:43:33,42.4858055114746,-8.91444778442383,"Female"
"9004156",371990,2025-06-07 12:48:34,42.4858551025391,-8.91440868377686,"Female"
"9004156",371990,2025-06-07 12:53:41,42.4858932495117,-8.91438865661621,"Female"
"9004156",371990,2025-06-07 12:58:33,42.4859199523926,-8.91447448730469,"Female"
"9004156",371990,2025-06-07 13:03:34,42.4859771728516,-8.91439914703369,"Female"
"9004156",371990,2025-06-07 13:08:33,42.4858741760254,-8.91446971893311,"Female"
"9004156",371990,2025-06-07 13:13:33,42.4858818054199,-8.91446876525879,"Female"
"9004156",371990,2025-06-07 13:18:37,42.4858551025391,-8.91449546813965,"Female"
"9004156",371990,2025-06-07 13:23:33,42.4859962463379,-8.91451930999756,"Female"
"9004156",371990,2025-06-07 13:28:33,42.4857330322266,-8.91458797454834,"Female"
"9004156",371990,2025-06-07 13:33:33,42.4850463867188,-8.91329288482666,"Female"
"9004156",371990,2025-06-07 13:38:59,42.4854736328125,-8.91226387023926,"Female"
"9004156",371990,2025-06-07 13:44:14,42.4850463867188,-8.91264057159424,"Female"
"9004156",371990,2025-06-07 13:49:37,42.4847717285156,-8.91318893432617,"Female"
"9004156",371990,2025-06-07 13:55:33,42.4854965209961,-8.91357421875,"Female"
"9004156",371990,2025-06-07 14:00:33,42.4845542907715,-8.91689395904541,"Female"
"9004156",371990,2025-06-07 14:05:40,42.4845161437988,-8.9168701171875,"Female"
"9004156",371990,2025-06-07 14:10:33,42.4838829040527,-8.9171895980835,"Female"
"9004156",371990,2025-06-07 14:16:28,42.4848709106445,-8.91698265075684,"Female"
"9004156",371990,2025-06-07 14:21:49,42.4853134155273,-8.91772079467773,"Female"
"9004156",371990,2025-06-07 14:27:42,42.4846267700195,-8.91928768157959,"Female"
"9004156",371990,2025-06-07 14:32:42,42.4837646484375,-8.91862297058105,"Female"
"9004156",371990,2025-06-07 14:37:41,42.483757019043,-8.92005634307861,"Female"
"9004156",371990,2025-06-07 14:42:41,42.4836196899414,-8.91995525360107,"Female"
"9004156",371990,2025-06-07 14:47:41,42.4838714599609,-8.92000198364258,"Female"
"9004156",371990,2025-06-07 14:52:44,42.4837036132812,-8.92008781433105,"Female"
"9004156",371990,2025-06-07 14:57:45,42.4838943481445,-8.92000484466553,"Female"
"9004156",371990,2025-06-07 15:02:51,42.4839248657227,-8.92002010345459,"Female"
"9004156",371990,2025-06-07 15:07:44,42.4841575622559,-8.92023372650146,"Female"
"9004156",371990,2025-06-07 15:13:05,42.4838485717773,-8.92001819610596,"Female"
"9004156",371990,2025-06-07 15:17:43,42.4838600158691,-8.92005348205566,"Female"
"9004156",371990,2025-06-07 15:22:43,42.4838714599609,-8.92003726959229,"Female"
"9004156",371990,2025-06-07 15:27:42,42.4830932617188,-8.91919326782227,"Female"
"9004156",371990,2025-06-07 15:32:48,42.4833221435547,-8.91883850097656,"Female"
"9004156",371990,2025-06-07 15:38:31,42.4835357666016,-8.91722965240479,"Female"
"9004156",371990,2025-06-07 15:43:32,42.4831390380859,-8.91572284698486,"Female"
"9004156",371990,2025-06-07 15:48:32,42.4826698303223,-8.91454410552979,"Female"
"9004156",371990,2025-06-07 15:54:02,42.4836311340332,-8.91456508636475,"Female"
"9004156",371990,2025-06-07 15:59:01,42.4837226867676,-8.91528797149658,"Female"
"9004156",371990,2025-06-07 16:04:01,42.4807281494141,-8.93662261962891,"Female"
"9004156",371990,2025-06-07 16:09:01,42.4575500488281,-8.94232082366943,"Female"
"9004156",371990,2025-06-07 16:14:01,42.4141960144043,-8.92811489105225,"Female"
"9004156",371990,2025-06-07 16:19:01,42.3980941772461,-8.92234516143799,"Female"
"9004156",371990,2025-06-07 16:24:02,42.3985443115234,-8.92143535614014,"Female"
"9004156",371990,2025-06-07 16:29:02,42.3984642028809,-8.92154979705811,"Female"
"9004156",371990,2025-06-07 16:34:40,42.3985366821289,-8.92081260681152,"Female"
"9004156",371990,2025-06-07 16:39:07,42.3988342285156,-8.92095851898193,"Female"
"9004156",371990,2025-06-07 16:44:04,42.3987770080566,-8.92106914520264,"Female"
"9004156",371990,2025-06-07 16:49:45,42.3985595703125,-8.92084312438965,"Female"
"9004156",371990,2025-06-07 16:54:02,42.3980674743652,-8.92177963256836,"Female"
"9004156",371990,2025-06-07 16:59:01,42.3984413146973,-8.92145824432373,"Female"
"9004156",371990,2025-06-07 17:04:02,42.3982696533203,-8.92135524749756,"Female"
"9004156",371990,2025-06-07 17:09:01,42.3982849121094,-8.92092990875244,"Female"
"9004156",371990,2025-06-07 17:14:06,42.3989791870117,-8.92149925231934,"Female"
"9004156",371990,2025-06-07 17:19:01,42.3987922668457,-8.92174434661865,"Female"
"9004156",371990,2025-06-07 17:24:02,42.3993034362793,-8.92190361022949,"Female"
"9004156",371990,2025-06-07 17:29:01,42.3982887268066,-8.92056941986084,"Female"
"9004156",371990,2025-06-07 17:34:02,42.398250579834,-8.92040538787842,"Female"
"9004156",371990,2025-06-07 17:39:09,42.3989639282227,-8.921555519104,"Female"
"9004156",371990,2025-06-07 17:44:01,42.3990440368652,-8.92167472839355,"Female"
"9004156",371990,2025-06-07 17:49:09,42.3989219665527,-8.92168235778809,"Female"
"9004156",371990,2025-06-07 17:54:01,42.3988571166992,-8.92160511016846,"Female"
"9004156",371990,2025-06-07 17:59:09,42.3989067077637,-8.92162036895752,"Female"
"9004156",371990,2025-06-07 18:04:03,42.3990135192871,-8.92177200317383,"Female"
"9004156",371990,2025-06-07 18:09:01,42.3989028930664,-8.92160797119141,"Female"
"9004156",371990,2025-06-07 18:14:09,42.3988227844238,-8.9214334487915,"Female"
"9004156",371990,2025-06-07 18:19:02,42.3988990783691,-8.92155838012695,"Female"
"9004156",371990,2025-06-07 18:24:09,42.3986968994141,-8.92117786407471,"Female"
"9004156",371990,2025-06-07 18:29:12,42.3985481262207,-8.9208517074585,"Female"
"9004156",371990,2025-06-07 18:34:02,42.3985710144043,-8.92098999023438,"Female"
"9004156",371990,2025-06-07 18:39:04,42.3986511230469,-8.921067237854,"Female"
"9004156",371990,2025-06-07 18:44:03,42.3986854553223,-8.92104721069336,"Female"
"9004156",371990,2025-06-07 18:49:35,42.3985633850098,-8.9208345413208,"Female"
"9004156",371990,2025-06-07 18:54:00,42.3985900878906,-8.92091369628906,"Female"
"9004156",371990,2025-06-07 18:59:00,42.3986015319824,-8.92084217071533,"Female"
"9004156",371990,2025-06-07 19:04:02,42.3986053466797,-8.9208869934082,"Female"
"9004156",371990,2025-06-07 19:09:01,42.3986167907715,-8.92104339599609,"Female"
"9004156",371990,2025-06-07 19:14:01,42.3985786437988,-8.92088413238525,"Female"
"9004156",371990,2025-06-07 19:19:02,42.3985824584961,-8.92092800140381,"Female"
"9004156",371990,2025-06-07 19:24:01,42.398624420166,-8.92096614837646,"Female"
"9004156",371990,2025-06-07 19:29:01,42.3985328674316,-8.92088794708252,"Female"
"9004156",371990,2025-06-07 19:34:02,42.3986549377441,-8.92095279693604,"Female"
"9004156",371990,2025-06-07 19:39:04,42.3988380432129,-8.92101287841797,"Female"
"9004156",371990,2025-06-07 19:44:02,42.3985710144043,-8.92102909088135,"Female"
"9004156",371990,2025-06-07 19:49:04,42.3988723754883,-8.92136287689209,"Female"
"9004156",371990,2025-06-07 19:54:10,42.398811340332,-8.92139720916748,"Female"
"9004156",371990,2025-06-07 19:59:02,42.3988189697266,-8.92130947113037,"Female"
"9004156",371990,2025-06-07 20:04:06,42.3986892700195,-8.92128086090088,"Female"
"9004156",371990,2025-06-07 20:09:02,42.3987236022949,-8.92121124267578,"Female"
"9004156",371990,2025-06-07 20:14:08,42.3986434936523,-8.92117118835449,"Female"
"9004156",371990,2025-06-07 20:19:06,42.3986434936523,-8.92119884490967,"Female"
"9004156",371990,2025-06-07 20:24:01,42.3986740112305,-8.92115020751953,"Female"
"9004156",371990,2025-06-07 20:29:09,42.3985557556152,-8.92137336730957,"Female"
"9004156",371990,2025-06-07 20:34:02,42.3986511230469,-8.9212589263916,"Female"
"9004156",371990,2025-06-07 20:39:09,42.3985328674316,-8.92093467712402,"Female"
"9004156",371990,2025-06-07 20:44:01,42.3983726501465,-8.92043113708496,"Female"
"9004156",371990,2025-06-07 20:49:09,42.3984680175781,-8.9207763671875,"Female"
"9004156",371990,2025-06-07 20:54:04,42.398494720459,-8.92072772979736,"Female"
"9004156",371990,2025-06-07 20:59:01,42.3985366821289,-8.92087936401367,"Female"
"9004156",371990,2025-06-07 21:04:14,42.3984031677246,-8.92051219940186,"Female"
"9004156",371990,2025-06-07 21:09:02,42.3983268737793,-8.92015743255615,"Female"
"9004156",371990,2025-06-07 21:14:13,42.3983688354492,-8.9202938079834,"Female"
"9004156",371990,2025-06-07 21:19:04,42.3981513977051,-8.91968250274658,"Female"
"9004156",371990,2025-06-07 21:24:06,42.398323059082,-8.92017841339111,"Female"
"9004156",371990,2025-06-07 21:29:02,42.3981170654297,-8.91959953308105,"Female"
"9004156",371990,2025-06-07 21:34:27,42.3984909057617,-8.92067623138428,"Female"
"9004156",371990,2025-06-07 21:39:13,42.3981018066406,-8.91938495635986,"Female"
"9004156",371990,2025-06-07 21:44:09,42.3982048034668,-8.91976833343506,"Female"
"9004156",371990,2025-06-07 21:49:09,42.3981018066406,-8.91939830780029,"Female"
"9004156",371990,2025-06-07 21:54:16,42.3973655700684,-8.91745185852051,"Female"
"9004156",371990,2025-06-07 21:59:15,42.3987922668457,-8.9215087890625,"Female"
"9004156",371990,2025-06-07 22:04:35,42.3985939025879,-8.92097663879395,"Female"
"9004156",371990,2025-06-07 22:09:00,42.3984832763672,-8.92090606689453,"Female"
"9004156",371990,2025-06-07 22:14:00,42.3985900878906,-8.92090320587158,"Female"
"9004156",371990,2025-06-07 22:19:00,42.3987045288086,-8.92105579376221,"Female"
"9004156",371990,2025-06-07 22:24:03,42.3985061645508,-8.92084884643555,"Female"
"9004156",371990,2025-06-07 22:29:00,42.3984794616699,-8.9207763671875,"Female"
"9004156",371990,2025-06-07 22:34:01,42.3985176086426,-8.92090702056885,"Female"
"9004156",371990,2025-06-07 22:39:01,42.3985900878906,-8.92091274261475,"Female"
"9004156",371990,2025-06-07 22:44:01,42.3986892700195,-8.92067623138428,"Female"
"9004156",371990,2025-06-07 22:49:01,42.3986015319824,-8.92090320587158,"Female"
"9004156",371990,2025-06-07 22:54:01,42.398609161377,-8.92085552215576,"Female"
"9004156",371990,2025-06-07 22:59:01,42.3985366821289,-8.920823097229,"Female"
"9004156",371990,2025-06-07 23:04:01,42.3985633850098,-8.92095756530762,"Female"
"9004156",371990,2025-06-07 23:09:01,42.3985862731934,-8.92088794708252,"Female"
"9004156",371990,2025-06-07 23:14:01,42.3985595703125,-8.9208345413208,"Female"
"9004156",371990,2025-06-07 23:19:02,42.3985710144043,-8.92084407806396,"Female"
"9004156",371990,2025-06-07 23:24:01,42.3984909057617,-8.92118167877197,"Female"
"9004156",371990,2025-06-07 23:29:02,42.3986129760742,-8.9208812713623,"Female"
"9004156",371990,2025-06-07 23:34:02,42.3985748291016,-8.9210033416748,"Female"
"9004156",371990,2025-06-07 23:39:02,42.3986473083496,-8.92095279693604,"Female"
"9004156",371990,2025-06-07 23:44:01,42.3985710144043,-8.92085075378418,"Female"
"9004156",371990,2025-06-07 23:49:01,42.3984107971191,-8.92148399353027,"Female"
"9004156",371990,2025-06-07 23:54:02,42.3984184265137,-8.9214506149292,"Female"
"9004156",371990,2025-06-07 23:59:03,42.3986129760742,-8.92101669311523,"Female"
"9004156",371990,2025-06-08 00:04:03,42.3985252380371,-8.92119312286377,"Female"
"9004156",371990,2025-06-08 00:09:02,42.3985786437988,-8.92122840881348,"Female"
"9004156",371990,2025-06-08 00:14:02,42.3985443115234,-8.92169666290283,"Female"
"9004156",371990,2025-06-08 00:19:35,42.398624420166,-8.92095375061035,"Female"
"9004156",371990,2025-06-08 00:24:00,42.3985786437988,-8.92097091674805,"Female"
"9004156",371990,2025-06-08 00:29:00,42.3985710144043,-8.92087936401367,"Female"
"9004156",371990,2025-06-08 00:34:01,42.3985977172852,-8.92083644866943,"Female"
"9004156",371990,2025-06-08 00:39:01,42.3985748291016,-8.92090129852295,"Female"
"9004156",371990,2025-06-08 00:44:01,42.3985900878906,-8.92085933685303,"Female"
"9004156",371990,2025-06-08 00:49:01,42.3986282348633,-8.92103481292725,"Female"
"9004156",371990,2025-06-08 00:54:01,42.3985328674316,-8.92088031768799,"Female"
"9004156",371990,2025-06-08 00:59:00,42.3985862731934,-8.92096614837646,"Female"
"9004156",371990,2025-06-08 01:04:03,42.3985443115234,-8.92088794708252,"Female"
"9004156",371990,2025-06-08 01:09:07,42.3986358642578,-8.92108726501465,"Female"
"9004156",371990,2025-06-08 01:14:06,42.3986053466797,-8.92110729217529,"Female"
"9004156",371990,2025-06-08 01:19:04,42.3986473083496,-8.92119121551514,"Female"
"9004156",371990,2025-06-08 01:24:02,42.3985252380371,-8.92083740234375,"Female"
"9004156",371990,2025-06-08 01:29:09,42.3985710144043,-8.92097091674805,"Female"
"9004156",371990,2025-06-08 01:34:03,42.3985862731934,-8.92091083526611,"Female"
"9004156",371990,2025-06-08 01:39:04,42.3986549377441,-8.92101860046387,"Female"
"9004156",371990,2025-06-08 01:44:01,42.3985557556152,-8.92093563079834,"Female"
"9004156",371990,2025-06-08 01:49:02,42.3985824584961,-8.92095565795898,"Female"
"9004156",371990,2025-06-08 01:54:08,42.3986167907715,-8.92095947265625,"Female"
"9004156",371990,2025-06-08 01:59:02,42.3986358642578,-8.92094135284424,"Female"
"9004156",371990,2025-06-08 02:04:01,42.3986358642578,-8.92095184326172,"Female"
"9004156",371990,2025-06-08 02:09:01,42.3986358642578,-8.92089176177979,"Female"
"9004156",371990,2025-06-08 02:14:01,42.3986511230469,-8.92102527618408,"Female"
"9004156",371990,2025-06-08 02:19:14,42.3986473083496,-8.92100715637207,"Female"
"9004156",371990,2025-06-08 02:24:01,42.3986358642578,-8.92110347747803,"Female"
"9004156",371990,2025-06-08 02:29:01,42.3987159729004,-8.92099761962891,"Female"
"9004156",371990,2025-06-08 02:34:03,42.3986396789551,-8.92099761962891,"Female"
"9004156",371990,2025-06-08 02:39:09,42.3988800048828,-8.92047882080078,"Female"
"9004156",371990,2025-06-08 02:44:13,42.3995475769043,-8.91828155517578,"Female"
"9004156",371990,2025-06-08 02:49:37,42.39892578125,-8.9212007522583,"Female"
"9004156",371990,2025-06-08 02:54:02,42.3989448547363,-8.92146015167236,"Female"
"9004156",371990,2025-06-08 02:59:08,42.3986015319824,-8.92055606842041,"Female"
"9004156",371990,2025-06-08 03:04:10,42.3985786437988,-8.92048835754395,"Female"
"9004156",371990,2025-06-08 03:09:02,42.3986434936523,-8.92062473297119,"Female"
"9004156",371990,2025-06-08 03:14:01,42.3986396789551,-8.92062187194824,"Female"
"9004156",371990,2025-06-08 03:19:02,42.3985710144043,-8.92071723937988,"Female"
"9004156",371990,2025-06-08 03:24:01,42.3988494873047,-8.92091751098633,"Female"
"9004156",371990,2025-06-08 03:29:02,42.3988609313965,-8.92090892791748,"Female"
"9004156",371990,2025-06-08 03:34:01,42.3987998962402,-8.92071914672852,"Female"
"9004156",371990,2025-06-08 03:39:01,42.3987274169922,-8.92101192474365,"Female"
"9004156",371990,2025-06-08 03:44:01,42.398754119873,-8.92092514038086,"Female"
"9004156",371990,2025-06-08 03:49:09,42.3988723754883,-8.92149639129639,"Female"
"9004156",371990,2025-06-08 03:54:14,42.3979911804199,-8.92136192321777,"Female"
"9004156",371990,2025-06-08 03:59:01,42.3986320495605,-8.92109870910645,"Female"
"9004156",371990,2025-06-08 04:04:09,42.3978462219238,-8.92159175872803,"Female"
"9004156",371990,2025-06-08 04:09:35,42.3980674743652,-8.92111206054688,"Female"
"9004156",371990,2025-06-08 04:14:02,42.3981132507324,-8.92093372344971,"Female"
"9004156",371990,2025-06-08 04:19:01,42.3983955383301,-8.9208288192749,"Female"
"9004156",371990,2025-06-08 04:24:01,42.3984756469727,-8.92104816436768,"Female"
"9004156",371990,2025-06-08 04:29:01,42.3984489440918,-8.92109489440918,"Female"
"9004156",371990,2025-06-08 04:34:01,42.3985328674316,-8.9205207824707,"Female"
"9004156",371990,2025-06-08 04:39:02,42.3985977172852,-8.92133712768555,"Female"
"9004156",371990,2025-06-08 04:44:02,42.3987617492676,-8.92174243927002,"Female"
"9004156",371990,2025-06-08 04:49:04,42.398853302002,-8.92073440551758,"Female"
"9004156",371990,2025-06-08 04:54:04,42.3985290527344,-8.92091083526611,"Female"
"9004156",371990,2025-06-08 04:59:12,42.398509979248,-8.92086029052734,"Female"
"9004156",371990,2025-06-08 05:04:01,42.3985137939453,-8.92105102539062,"Female"
"9004156",371990,2025-06-08 05:09:04,42.3985939025879,-8.92072010040283,"Female"
"9004156",371990,2025-06-08 05:14:08,42.3986740112305,-8.9207239151001,"Female"
"9004156",371990,2025-06-08 05:19:08,42.398754119873,-8.92098045349121,"Female"
"9004156",371990,2025-06-08 05:24:04,42.398754119873,-8.92088317871094,"Female"
"9004156",371990,2025-06-08 05:29:03,42.3985862731934,-8.92105293273926,"Female"
"9004156",371990,2025-06-08 05:34:03,42.3985900878906,-8.92106246948242,"Female"
"9004156",371990,2025-06-08 05:39:03,42.3985977172852,-8.92098426818848,"Female"
"9004156",371990,2025-06-08 05:44:07,42.3986701965332,-8.92110729217529,"Female"
"9004156",371990,2025-06-08 05:49:06,42.3989448547363,-8.92105293273926,"Female"
"9004156",371990,2025-06-08 05:54:14,42.3986473083496,-8.92123126983643,"Female"
"9004156",371990,2025-06-08 05:59:25,42.3986930847168,-8.92102527618408,"Female"
"9004156",371990,2025-06-08 06:04:03,42.3988189697266,-8.92127704620361,"Female"
"9004156",371990,2025-06-08 06:09:04,42.3985328674316,-8.92087650299072,"Female"
"9004156",371990,2025-06-08 06:14:02,42.3986663818359,-8.92107963562012,"Female"
"9004156",371990,2025-06-08 06:19:05,42.4068489074707,-8.92462730407715,"Female"
"9004156",371990,2025-06-08 06:24:08,42.4075202941895,-8.92609405517578,"Female"
"9004156",371990,2025-06-08 06:29:03,42.4270973205566,-8.93076229095459,"Female"
"9004156",371990,2025-06-08 06:34:07,42.4564743041992,-8.93819999694824,"Female"
"9004156",371990,2025-06-08 06:39:11,42.4673690795898,-8.94306564331055,"Female"
"9004156",371990,2025-06-08 06:44:01,42.483528137207,-8.92987060546875,"Female"
"9004156",371990,2025-06-08 06:49:02,42.4850006103516,-8.93146991729736,"Female"
"9004156",371990,2025-06-08 06:54:22,42.4838638305664,-8.9294958114624,"Female"
"9004156",371990,2025-06-08 07:00:30,42.482982635498,-8.9299201965332,"Female"
"9004156",371990,2025-06-08 07:05:30,42.4828643798828,-8.92981338500977,"Female"
"9004156",371990,2025-06-08 07:10:29,42.4832344055176,-8.92953586578369,"Female"
"9004156",371990,2025-06-08 07:15:27,42.4831657409668,-8.92935371398926,"Female"
"9004156",371990,2025-06-08 07:20:28,42.4846267700195,-8.9270715713501,"Female"
"9004156",371990,2025-06-08 07:26:07,42.4849433898926,-8.92748928070068,"Female"
"9004156",371990,2025-06-08 07:32:58,42.4847946166992,-8.92908763885498,"Female"
"9004156",371990,2025-06-08 07:42:14,42.4842491149902,-8.92936229705811,"Female"
"9004156",371990,2025-06-08 07:47:35,42.484561920166,-8.92707347869873,"Female"
"9004156",371990,2025-06-08 07:52:13,42.4846000671387,-8.92709159851074,"Female"
"9004156",371990,2025-06-08 07:57:15,42.4846115112305,-8.92723655700684,"Female"
"9004156",371990,2025-06-08 08:02:25,42.4845390319824,-8.9269905090332,"Female"
"9004156",371990,2025-06-08 08:07:16,42.4843101501465,-8.9261360168457,"Female"
"9004156",371990,2025-06-08 08:12:15,42.4843902587891,-8.92648983001709,"Female"
"9004156",371990,2025-06-08 08:17:22,42.4845352172852,-8.92694282531738,"Female"
"9004156",371990,2025-06-08 08:22:14,42.4844131469727,-8.9266529083252,"Female"
"9004156",371990,2025-06-08 08:27:16,42.4843711853027,-8.9263916015625,"Female"
"9004156",371990,2025-06-08 08:32:42,42.4826889038086,-8.9276647567749,"Female"
"9004156",371990,2025-06-08 08:38:35,42.4816513061523,-8.92709732055664,"Female"
"9004156",371990,2025-06-08 08:44:05,42.4817085266113,-8.92642784118652,"Female"
"9004156",371990,2025-06-08 08:49:05,42.4818153381348,-8.92697811126709,"Female"
"9004156",371990,2025-06-08 08:54:26,42.4824180603027,-8.92575740814209,"Female"
"9004156",371990,2025-06-08 09:00:17,42.4833755493164,-8.9272928237915,"Female"
"9004156",371990,2025-06-08 09:05:18,42.484489440918,-8.92683792114258,"Female"
"9004156",371990,2025-06-08 09:10:18,42.4844970703125,-8.92685985565186,"Female"
"9004156",371990,2025-06-08 09:15:17,42.4845542907715,-8.92690277099609,"Female"
"9004156",371990,2025-06-08 09:20:17,42.4845275878906,-8.92687511444092,"Female"
"9004156",371990,2025-06-08 09:25:17,42.4845428466797,-8.9268684387207,"Female"
"9004156",371990,2025-06-08 09:30:17,42.4845352172852,-8.9268627166748,"Female"
"9004156",371990,2025-06-08 09:35:17,42.4845008850098,-8.92687320709229,"Female"
"9004156",371990,2025-06-08 09:40:17,42.4845123291016,-8.92689800262451,"Female"
"9004156",371990,2025-06-08 09:45:17,42.4845237731934,-8.92680740356445,"Female"
"9004156",371990,2025-06-08 09:50:17,42.4845314025879,-8.92689228057861,"Female"
"9004156",371990,2025-06-08 09:55:17,42.4845924377441,-8.92687797546387,"Female"
"9004156",371990,2025-06-08 10:00:17,42.4851951599121,-8.92683982849121,"Female"
"9004156",371990,2025-06-08 10:05:18,42.4851226806641,-8.92844104766846,"Female"
"9004156",371990,2025-06-08 10:10:17,42.4851303100586,-8.92453861236572,"Female"
"9004156",371990,2025-06-08 10:15:18,42.4850387573242,-8.92453002929688,"Female"
"9004156",371990,2025-06-08 10:20:25,42.4848747253418,-8.92389106750488,"Female"
"9004156",371990,2025-06-08 10:25:43,42.4846343994141,-8.92308139801025,"Female"
"9004156",371990,2025-06-08 10:30:45,42.4839630126953,-8.92212390899658,"Female"
"9004156",371990,2025-06-08 10:36:33,42.4839515686035,-8.92059326171875,"Female"
"9004156",371990,2025-06-08 10:42:36,42.4841537475586,-8.92085361480713,"Female"
"9004156",371990,2025-06-08 10:47:24,42.4854469299316,-8.92068004608154,"Female"
"9004156",371990,2025-06-08 10:52:23,42.4862022399902,-8.91978931427002,"Female"
"9004156",371990,2025-06-08 10:57:28,42.4881439208984,-8.91847801208496,"Female"
"9004156",371990,2025-06-08 11:02:30,42.486644744873,-8.91946983337402,"Female"
"9004156",371990,2025-06-08 11:07:44,42.4866142272949,-8.91957187652588,"Female"
"9004156",371990,2025-06-08 11:12:23,42.4865608215332,-8.91957473754883,"Female"
"9004156",371990,2025-06-08 11:17:23,42.4866218566895,-8.91959857940674,"Female"
"9004156",371990,2025-06-08 11:22:23,42.4866218566895,-8.91953563690186,"Female"
"9004156",371990,2025-06-08 11:27:23,42.4865951538086,-8.91965579986572,"Female"
"9004156",371990,2025-06-08 11:32:23,42.4866218566895,-8.91966915130615,"Female"
"9004156",371990,2025-06-08 11:37:23,42.486644744873,-8.91957569122314,"Female"
"9004156",371990,2025-06-08 11:42:23,42.4865036010742,-8.919508934021,"Female"
"9004156",371990,2025-06-08 11:47:44,42.4866638183594,-8.91954135894775,"Female"
"9004156",371990,2025-06-08 11:52:26,42.4866523742676,-8.91958522796631,"Female"
"9004156",371990,2025-06-08 11:57:23,42.4867744445801,-8.91962337493896,"Female"
"9004156",371990,2025-06-08 12:02:24,42.4865684509277,-8.92028427124023,"Female"
"9004156",371990,2025-06-08 12:07:24,42.4866333007812,-8.91966342926025,"Female"
"9004156",371990,2025-06-08 12:12:24,42.4838714599609,-8.91502857208252,"Female"
"9004156",371990,2025-06-08 12:18:11,42.4841995239258,-8.91300487518311,"Female"
"9004156",371990,2025-06-08 12:23:57,42.4841079711914,-8.91160583496094,"Female"
"9004156",371990,2025-06-08 12:28:55,42.4831161499023,-8.9116039276123,"Female"
"9004156",371990,2025-06-08 12:34:15,42.4826507568359,-8.91076564788818,"Female"
"9004156",371990,2025-06-08 12:39:12,42.4819755554199,-8.90967750549316,"Female"
"9004156",371990,2025-06-08 12:44:50,42.4814109802246,-8.9090461730957,"Female"
"9004156",371990,2025-06-08 12:50:16,42.4818267822266,-8.90844631195068,"Female"
"9004156",371990,2025-06-08 12:56:18,42.4828033447266,-8.90872669219971,"Female"
"9004156",371990,2025-06-08 13:01:14,42.4830513000488,-8.90876293182373,"Female"
"9004156",371990,2025-06-08 13:05:53,42.483097076416,-8.90867519378662,"Female"
"9004156",371990,2025-06-08 13:10:54,42.4829177856445,-8.90860462188721,"Female"
"9004156",371990,2025-06-08 13:15:55,42.483154296875,-8.90872859954834,"Female"
"9004156",371990,2025-06-08 13:21:09,42.4832801818848,-8.909010887146,"Female"
"9004156",371990,2025-06-08 13:25:54,42.4833564758301,-8.90892505645752,"Female"
"9004156",371990,2025-06-08 13:30:58,42.4833106994629,-8.9091157913208,"Female"
"9004156",371990,2025-06-08 13:35:54,42.4832801818848,-8.90871906280518,"Female"
"9004156",371990,2025-06-08 13:40:59,42.4834060668945,-8.9092493057251,"Female"
"9004156",371990,2025-06-08 13:46:15,42.4830665588379,-8.90865135192871,"Female"
"9004156",371990,2025-06-08 13:50:52,42.4830169677734,-8.90858745574951,"Female"
"9004156",371990,2025-06-08 13:55:54,42.4830322265625,-8.90880107879639,"Female"
"9004156",371990,2025-06-08 14:00:59,42.4830589294434,-8.90877819061279,"Female"
"9004156",371990,2025-06-08 14:05:55,42.4831199645996,-8.90888977050781,"Female"
"9004156",371990,2025-06-08 14:10:59,42.483024597168,-8.90863800048828,"Female"
"9004156",371990,2025-06-08 14:16:36,42.4817352294922,-8.90918350219727,"Female"
"9004156",371990,2025-06-08 14:22:55,42.4824028015137,-8.91001510620117,"Female"
"9004156",371990,2025-06-08 14:28:07,42.482837677002,-8.91034603118896,"Female"
"9004156",371990,2025-06-08 14:39:24,42.4822692871094,-8.91064834594727,"Female"
"9004156",371990,2025-06-08 14:45:05,42.4837760925293,-8.91110897064209,"Female"
"9004156",371990,2025-06-08 14:50:46,42.4849739074707,-8.91105365753174,"Female"
"9004156",371990,2025-06-08 14:55:48,42.4859848022461,-8.91180515289307,"Female"
"9004156",371990,2025-06-08 15:00:47,42.4859580993652,-8.91173553466797,"Female"
"9004156",371990,2025-06-08 15:05:45,42.4859428405762,-8.91173458099365,"Female"
"9004156",371990,2025-06-08 15:10:47,42.4859085083008,-8.91178226470947,"Female"
"9004156",371990,2025-06-08 15:15:46,42.4858360290527,-8.91230392456055,"Female"
"9004156",371990,2025-06-08 15:20:46,42.4859848022461,-8.91178607940674,"Female"
"9004156",371990,2025-06-08 15:25:45,42.4858818054199,-8.91162395477295,"Female"
"9004156",371990,2025-06-08 15:30:48,42.4861755371094,-8.91208839416504,"Female"
"9004156",371990,2025-06-08 15:35:49,42.4859008789062,-8.91176605224609,"Female"
"9004156",371990,2025-06-08 15:40:44,42.4859962463379,-8.91186046600342,"Female"
"9004156",371990,2025-06-08 15:45:49,42.4858894348145,-8.91177082061768,"Female"
"9004156",371990,2025-06-08 15:50:45,42.4859580993652,-8.91183948516846,"Female"
"9004156",371990,2025-06-08 15:55:45,42.4838218688965,-8.91449451446533,"Female"
"9004156",371990,2025-06-08 16:01:18,42.4832344055176,-8.91596984863281,"Female"
"9004156",371990,2025-06-08 16:06:18,42.4834365844727,-8.91683578491211,"Female"
"9004156",371990,2025-06-08 16:11:59,42.484073638916,-8.91842269897461,"Female"
"9004156",371990,2025-06-08 16:17:23,42.4832801818848,-8.91921234130859,"Female"
"9004156",371990,2025-06-08 16:22:49,42.4837074279785,-8.92015075683594,"Female"
"9004156",371990,2025-06-08 16:27:57,42.4837608337402,-8.92081165313721,"Female"
"9004156",371990,2025-06-08 16:34:18,42.4843635559082,-8.92110061645508,"Female"
"9004156",371990,2025-06-08 16:39:44,42.4844017028809,-8.92249011993408,"Female"
"9004156",371990,2025-06-08 16:44:29,42.4844093322754,-8.92244434356689,"Female"
"9004156",371990,2025-06-08 16:49:37,42.4842720031738,-8.92226696014404,"Female"
"9004156",371990,2025-06-08 16:54:18,42.4840888977051,-8.92216491699219,"Female"
"9004156",371990,2025-06-08 16:59:09,42.4845199584961,-8.92259502410889,"Female"
"9004156",371990,2025-06-08 17:04:30,42.4842567443848,-8.9220666885376,"Female"
"9004156",371990,2025-06-08 17:09:35,42.4843406677246,-8.92191028594971,"Female"
"9004156",371990,2025-06-08 17:14:07,42.4848289489746,-8.92112827301025,"Female"
"9004156",371990,2025-06-08 17:19:06,42.4847145080566,-8.92136573791504,"Female"
"9004156",371990,2025-06-08 17:24:18,42.4841079711914,-8.9220085144043,"Female"
"9004156",371990,2025-06-08 17:29:16,42.4840354919434,-8.92216300964355,"Female"
"9004156",371990,2025-06-08 17:34:14,42.4833145141602,-8.92114353179932,"Female"
"9004156",371990,2025-06-08 17:39:39,42.4841156005859,-8.92209434509277,"Female"
"9004156",371990,2025-06-08 17:44:28,42.4848442077637,-8.92255020141602,"Female"
"9004156",371990,2025-06-08 17:50:48,42.484619140625,-8.92428016662598,"Female"
"9004156",371990,2025-06-08 17:55:48,42.4850044250488,-8.92466831207275,"Female"
"9004156",371990,2025-06-08 18:00:48,42.4850807189941,-8.92465400695801,"Female"
"9004156",371990,2025-06-08 18:05:48,42.4850425720215,-8.92465305328369,"Female"
"9004156",371990,2025-06-08 18:10:46,42.4851226806641,-8.9256010055542,"Female"
"9004156",371990,2025-06-08 18:15:48,42.4418182373047,-8.94227123260498,"Female"
"9004156",371990,2025-06-08 18:21:11,42.3988075256348,-8.92097663879395,"Female"
"9004156",371990,2025-06-08 18:25:52,42.398796081543,-8.92093372344971,"Female"
"9004156",371990,2025-06-08 18:30:48,42.3988571166992,-8.92098999023438,"Female"
"9004156",371990,2025-06-08 18:35:49,42.3988418579102,-8.92101383209229,"Female"
"9004156",371990,2025-06-08 18:41:05,42.3988342285156,-8.92097568511963,"Female"
"9004156",371990,2025-06-08 18:46:14,42.3988151550293,-8.92095851898193,"Female"
"9004156",371990,2025-06-08 18:50:36,42.3987350463867,-8.92100048065186,"Female"
"9004156",371990,2025-06-08 18:55:36,42.3987579345703,-8.9211311340332,"Female"
"9004156",371990,2025-06-08 19:00:39,42.3987655639648,-8.92114639282227,"Female"
"9004156",371990,2025-06-08 19:05:37,42.3986854553223,-8.92117404937744,"Female"
"9004156",371990,2025-06-08 19:10:36,42.398796081543,-8.92118549346924,"Female"
"9004156",371990,2025-06-08 19:15:36,42.3987884521484,-8.92126655578613,"Female"
"9004156",371990,2025-06-08 19:20:36,42.3987922668457,-8.92126083374023,"Female"
"9004156",371990,2025-06-08 19:25:36,42.3987998962402,-8.92122554779053,"Female"
"9004156",371990,2025-06-08 19:30:37,42.3987045288086,-8.92115497589111,"Female"
"9004156",371990,2025-06-08 19:35:39,42.3989143371582,-8.92153453826904,"Female"
"9004156",371990,2025-06-08 19:40:39,42.3988456726074,-8.92148113250732,"Female"
"9004156",371990,2025-06-08 19:45:48,42.3990287780762,-8.92186832427979,"Female"
"9004156",371990,2025-06-08 19:51:02,42.3984985351562,-8.92082023620605,"Female"
"9004156",371990,2025-06-08 19:55:37,42.3983154296875,-8.92045402526855,"Female"
"9004156",371990,2025-06-08 20:00:42,42.3986434936523,-8.9211540222168,"Female"
"9004156",371990,2025-06-08 20:05:37,42.398551940918,-8.92102813720703,"Female"
"9004156",371990,2025-06-08 20:10:42,42.3987350463867,-8.9208459854126,"Female"
"9004156",371990,2025-06-08 20:16:09,42.3986129760742,-8.92095565795898,"Female"
"9004156",371990,2025-06-08 20:20:49,42.3984680175781,-8.9209451675415,"Female"
"9004156",371990,2025-06-08 20:25:51,42.398509979248,-8.92092514038086,"Female"
"9004156",371990,2025-06-08 20:30:50,42.3985786437988,-8.92096614837646,"Female"
"9004156",371990,2025-06-08 20:35:49,42.3985061645508,-8.92093849182129,"Female"
"9004156",371990,2025-06-08 20:40:49,42.3984642028809,-8.92093753814697,"Female"
"9004156",371990,2025-06-08 20:45:39,42.3985023498535,-8.92124080657959,"Female"
"9004156",371990,2025-06-08 20:50:42,42.3984870910645,-8.92092037200928,"Female"
"9004156",371990,2025-06-08 20:55:39,42.3985595703125,-8.92034435272217,"Female"
"9004156",371990,2025-06-08 21:00:40,42.3985786437988,-8.92083644866943,"Female"
"9004156",371990,2025-06-08 21:05:41,42.3985290527344,-8.92087364196777,"Female"
"9004156",371990,2025-06-08 21:11:05,42.3985290527344,-8.92084693908691,"Female"
"9004156",371990,2025-06-08 21:15:35,42.3985176086426,-8.92090511322021,"Female"
"9004156",371990,2025-06-08 21:20:38,42.3986129760742,-8.92137622833252,"Female"
"9004156",371990,2025-06-08 21:25:36,42.3985404968262,-8.9209098815918,"Female"
"9004156",371990,2025-06-08 21:30:35,42.398494720459,-8.9208517074585,"Female"
"9004156",371990,2025-06-08 21:35:35,42.3984489440918,-8.92082500457764,"Female"
"9004156",371990,2025-06-08 21:40:35,42.3985252380371,-8.92084789276123,"Female"
"9004156",371990,2025-06-08 21:45:36,42.3985023498535,-8.92086887359619,"Female"
"9004156",371990,2025-06-08 21:50:36,42.3985710144043,-8.92086124420166,"Female"
"9004156",371990,2025-06-08 21:55:36,42.3985214233398,-8.9208517074585,"Female"
"9004156",371990,2025-06-08 22:01:59,42.3984832763672,-8.92084884643555,"Female"
"9004156",371990,2025-06-08 22:06:59,42.3984680175781,-8.92080402374268,"Female"
"9004156",371990,2025-06-08 22:11:04,42.3984870910645,-8.92083835601807,"Female"
"9004156",371990,2025-06-08 22:15:35,42.3985061645508,-8.92087173461914,"Female"
"9004156",371990,2025-06-08 22:20:35,42.3984375,-8.92077827453613,"Female"
"9004156",371990,2025-06-08 22:25:36,42.3984794616699,-8.92083644866943,"Female"
"9004156",371990,2025-06-08 22:30:35,42.3984756469727,-8.92081069946289,"Female"
"9004156",371990,2025-06-08 22:35:36,42.3985137939453,-8.92085647583008,"Female"
"9004156",371990,2025-06-08 22:40:36,42.398609161377,-8.9208402633667,"Female"
"9004156",371990,2025-06-08 22:45:38,42.3985176086426,-8.92094898223877,"Female"
"9004156",371990,2025-06-08 22:50:36,42.3986625671387,-8.92147922515869,"Female"
"9004156",371990,2025-06-08 22:55:36,42.3985404968262,-8.9210901260376,"Female"
"9004156",371990,2025-06-08 23:00:36,42.3986358642578,-8.92109489440918,"Female"
"9004156",371990,2025-06-08 23:05:36,42.3985633850098,-8.92107391357422,"Female"
"9004156",371990,2025-06-08 23:10:35,42.398567199707,-8.92112064361572,"Female"
"9004156",371990,2025-06-08 23:15:37,42.398551940918,-8.92102909088135,"Female"
"9004156",371990,2025-06-08 23:20:36,42.3985900878906,-8.92112636566162,"Female"
"9004156",371990,2025-06-08 23:25:36,42.3985137939453,-8.9208869934082,"Female"
"9004156",371990,2025-06-08 23:30:36,42.398509979248,-8.92100811004639,"Female"
"9004156",371990,2025-06-08 23:35:38,42.3985176086426,-8.92107200622559,"Female"
"9004156",371990,2025-06-08 23:40:36,42.398551940918,-8.92095756530762,"Female"
"9004156",371990,2025-06-08 23:45:40,42.3985290527344,-8.92116737365723,"Female"
"9004156",371990,2025-06-08 23:50:36,42.3985366821289,-8.92089557647705,"Female"
"9004156",371990,2025-06-08 23:55:36,42.3985595703125,-8.92093467712402,"Female"
"9004156",371990,2025-06-09 00:01:05,42.3986053466797,-8.9210262298584,"Female"
"9004156",371990,2025-06-09 00:05:36,42.3985137939453,-8.92092418670654,"Female"
"9004156",371990,2025-06-09 00:10:38,42.3985214233398,-8.92101383209229,"Female"
"9004156",371990,2025-06-09 00:15:38,42.3985786437988,-8.92107582092285,"Female"
"9004156",371990,2025-06-09 00:20:36,42.3985252380371,-8.92091846466064,"Female"
"9004156",371990,2025-06-09 00:25:36,42.3984909057617,-8.92095851898193,"Female"
"9004156",371990,2025-06-09 00:30:37,42.3985214233398,-8.9210262298584,"Female"
"9004156",371990,2025-06-09 00:36:05,42.398567199707,-8.92112350463867,"Female"
"9004156",371990,2025-06-09 00:40:37,42.3985404968262,-8.92097949981689,"Female"
"9004156",371990,2025-06-09 00:45:40,42.398567199707,-8.92104625701904,"Female"
"9004156",371990,2025-06-09 00:50:38,42.3985633850098,-8.92109966278076,"Female"
"9004156",371990,2025-06-09 00:55:40,42.398567199707,-8.92105102539062,"Female"
"9004156",371990,2025-06-09 01:00:36,42.3985710144043,-8.92121028900146,"Female"
"9004156",371990,2025-06-09 01:05:40,42.3985404968262,-8.92098522186279,"Female"
"9004156",371990,2025-06-09 01:10:40,42.3985557556152,-8.92098522186279,"Female"
"9004156",371990,2025-06-09 01:15:40,42.398567199707,-8.92109394073486,"Female"
"9004156",371990,2025-06-09 01:20:40,42.3984870910645,-8.92098140716553,"Female"
"9004156",371990,2025-06-09 01:25:48,42.3985633850098,-8.92099857330322,"Female"
"9004156",371990,2025-06-09 01:30:45,42.3985748291016,-8.9209156036377,"Female"
"9004156",371990,2025-06-09 01:35:58,42.3986053466797,-8.92105388641357,"Female"
"9004156",371990,2025-06-09 01:40:48,42.3985977172852,-8.92101097106934,"Female"
"9004156",371990,2025-06-09 01:45:43,42.3985595703125,-8.92104816436768,"Female"
"9004156",371990,2025-06-09 01:50:45,42.398509979248,-8.92108249664307,"Female"
"9004156",371990,2025-06-09 01:55:49,42.3985443115234,-8.92106628417969,"Female"
"9004156",371990,2025-06-09 02:01:05,42.3985824584961,-8.92087268829346,"Female"
"9004156",371990,2025-06-09 02:05:36,42.3985939025879,-8.92071533203125,"Female"
"9004156",371990,2025-06-09 02:10:36,42.3986167907715,-8.92104911804199,"Female"
"9004156",371990,2025-06-09 02:15:38,42.3985977172852,-8.92113018035889,"Female"
"9004156",371990,2025-06-09 02:20:36,42.3985557556152,-8.92141246795654,"Female"
"9004156",371990,2025-06-09 02:26:05,42.398609161377,-8.92084789276123,"Female"
"9004156",371990,2025-06-09 02:30:36,42.398624420166,-8.92088508605957,"Female"
"9004156",371990,2025-06-09 02:35:37,42.3986434936523,-8.92093563079834,"Female"
"9004156",371990,2025-06-09 02:40:35,42.3985900878906,-8.92090320587158,"Female"
"9004156",371990,2025-06-09 02:45:37,42.3987312316895,-8.92111492156982,"Female"
"9004156",371990,2025-06-09 02:50:35,42.3986206054688,-8.92081737518311,"Female"
"9004156",371990,2025-06-09 02:55:38,42.3985061645508,-8.92088031768799,"Female"
"9004156",371990,2025-06-09 03:00:35,42.3986587524414,-8.9211893081665,"Female"
"9004156",371990,2025-06-09 03:05:36,42.3986015319824,-8.92094326019287,"Female"
"9004156",371990,2025-06-09 03:10:38,42.3985939025879,-8.92092132568359,"Female"
"9004156",371990,2025-06-09 03:15:36,42.3986701965332,-8.92104816436768,"Female"
"9004156",371990,2025-06-09 03:20:36,42.3987236022949,-8.92110443115234,"Female"
"9004156",371990,2025-06-09 03:25:36,42.3986320495605,-8.92096042633057,"Female"
"9004156",371990,2025-06-09 03:30:37,42.3986778259277,-8.92100811004639,"Female"
"9004156",371990,2025-06-09 03:35:37,42.3986549377441,-8.92097568511963,"Female"
"9004156",371990,2025-06-09 03:41:04,42.3984451293945,-8.92077922821045,"Female"
"9004156",371990,2025-06-09 03:45:36,42.3985023498535,-8.92072296142578,"Female"
"9004156",371990,2025-06-09 03:50:49,42.3985939025879,-8.9210033416748,"Female"
"9004156",371990,2025-06-09 03:55:41,42.3986740112305,-8.92103099822998,"Female"
"9004156",371990,2025-06-09 04:01:05,42.3986015319824,-8.9208869934082,"Female"
"9004156",371990,2025-06-09 04:05:37,42.3984680175781,-8.92082977294922,"Female"
"9004156",371990,2025-06-09 04:11:03,42.398624420166,-8.92095470428467,"Female"
"9004156",371990,2025-06-09 04:15:40,42.3984718322754,-8.9202938079834,"Female"
"9004156",371990,2025-06-09 04:20:36,42.398551940918,-8.92034149169922,"Female"
"9004156",371990,2025-06-09 04:25:36,42.3985443115234,-8.92093563079834,"Female"
"9004156",371990,2025-06-09 04:30:47,42.3984375,-8.92103862762451,"Female"
"9004156",371990,2025-06-09 04:35:48,42.3985977172852,-8.92098808288574,"Female"
"9004156",371990,2025-06-09 04:40:37,42.3986740112305,-8.92060375213623,"Female"
"9004156",371990,2025-06-09 04:45:36,42.398609161377,-8.9200325012207,"Female"
"9004156",371990,2025-06-09 04:50:36,42.398567199707,-8.92079734802246,"Female"
"9004156",371990,2025-06-09 04:56:11,42.3986053466797,-8.92092132568359,"Female"
"9004156",371990,2025-06-09 05:00:35,42.3985748291016,-8.92108535766602,"Female"
"9004156",371990,2025-06-09 05:05:44,42.3985595703125,-8.92087268829346,"Female"
"9004156",371990,2025-06-09 05:10:39,42.3985214233398,-8.92103576660156,"Female"
"9004156",371990,2025-06-09 05:15:38,42.3986778259277,-8.92103481292725,"Female"
"9004156",371990,2025-06-09 05:20:59,42.3984680175781,-8.92117691040039,"Female"
"9004156",371990,2025-06-09 05:25:42,42.3985366821289,-8.920973777771,"Female"
"9004156",371990,2025-06-09 05:30:39,42.3986511230469,-8.92107963562012,"Female"
"9004156",371990,2025-06-09 05:36:04,42.3984642028809,-8.9207878112793,"Female"
"9004156",371990,2025-06-09 05:41:03,42.3985939025879,-8.92154693603516,"Female"
"9004156",371990,2025-06-09 05:45:46,42.398494720459,-8.9215030670166,"Female"
"9004156",371990,2025-06-09 05:50:46,42.3984222412109,-8.92140865325928,"Female"
"9004156",371990,2025-06-09 05:55:41,42.3984336853027,-8.92099571228027,"Female"
"9004156",371990,2025-06-09 06:00:42,42.3985366821289,-8.92101955413818,"Female"
"9004156",371990,2025-06-09 06:06:25,42.398509979248,-8.9209451675415,"Female"
"9004156",371990,2025-06-09 06:11:05,42.398551940918,-8.92074966430664,"Female"
"9004156",371990,2025-06-09 06:15:40,42.398509979248,-8.9206600189209,"Female"
"9004156",371990,2025-06-09 06:20:48,42.3982849121094,-8.92110824584961,"Female"
"9004156",371990,2025-06-09 06:25:49,42.3983268737793,-8.92088603973389,"Female"
"9004156",371990,2025-06-09 06:30:44,42.3983726501465,-8.92061710357666,"Female"
"9004156",371990,2025-06-09 06:36:12,42.398380279541,-8.92077445983887,"Female"
"9004156",371990,2025-06-09 06:41:14,42.3984756469727,-8.92068862915039,"Female"
"9004156",371990,2025-06-09 06:45:40,42.3984680175781,-8.9207067489624,"Female"
"9004156",371990,2025-06-09 06:50:39,42.398494720459,-8.9207820892334,"Female"
"9004156",371990,2025-06-09 06:55:59,42.3985557556152,-8.92064952850342,"Female"
"9004156",371990,2025-06-09 07:01:59,42.3987159729004,-8.92070770263672,"Female"
"9004156",371990,2025-06-09 07:05:37,42.4045944213867,-8.92307186126709,"Female"
"9004156",371990,2025-06-09 07:10:40,42.4050140380859,-8.92373752593994,"Female"
"9004156",371990,2025-06-09 07:15:36,42.4221992492676,-8.9284029006958,"Female"
"9004156",371990,2025-06-09 07:20:35,42.4503784179688,-8.93486022949219,"Female"
"9004156",371990,2025-06-09 07:25:36,42.4747467041016,-8.94147205352783,"Female"
"9004156",371990,2025-06-09 07:30:41,42.4825401306152,-8.93108367919922,"Female"
"9004156",371990,2025-06-09 07:35:41,42.4839286804199,-8.92197704315186,"Female"
"9004156",371990,2025-06-09 07:40:53,42.4841842651367,-8.92100238800049,"Female"
"9004156",371990,2025-06-09 07:49:12,42.4847259521484,-8.91807174682617,"Female"
"9004156",371990,2025-06-09 07:55:09,42.4845924377441,-8.91706466674805,"Female"
"9004156",371990,2025-06-09 08:00:00,42.4853630065918,-8.91667747497559,"Female"
"9004156",371990,2025-06-09 08:05:07,42.4855003356934,-8.9166259765625,"Female"
"9004156",371990,2025-06-09 08:10:02,42.4854164123535,-8.91665458679199,"Female"
"9004156",371990,2025-06-09 08:15:06,42.4854736328125,-8.91668701171875,"Female"
"9004156",371990,2025-06-09 08:20:01,42.4854850769043,-8.91668510437012,"Female"
"9004156",371990,2025-06-09 08:25:06,42.4854698181152,-8.91669750213623,"Female"
"9004156",371990,2025-06-09 08:30:06,42.4854583740234,-8.91673278808594,"Female"
"9004156",371990,2025-06-09 08:35:06,42.4854507446289,-8.9167308807373,"Female"
"9004156",371990,2025-06-09 08:40:10,42.4854927062988,-8.91672134399414,"Female"
"9004156",371990,2025-06-09 08:45:01,42.4855155944824,-8.91696453094482,"Female"
"9004156",371990,2025-06-09 08:50:02,42.4841766357422,-8.91682529449463,"Female"
"9004156",371990,2025-06-09 08:55:10,42.4840888977051,-8.91585350036621,"Female"
"9004156",371990,2025-06-09 09:00:43,42.484790802002,-8.9160270690918,"Female"
"9004156",371990,2025-06-09 09:05:46,42.4855346679688,-8.91716766357422,"Female"
"9004156",371990,2025-06-09 09:10:39,42.4855155944824,-8.91688442230225,"Female"
"9004156",371990,2025-06-09 09:15:39,42.4854965209961,-8.9168529510498,"Female"
"9004156",371990,2025-06-09 09:20:40,42.4855346679688,-8.91696166992188,"Female"
"9004156",371990,2025-06-09 09:25:41,42.4856605529785,-8.91740608215332,"Female"
"9004156",371990,2025-06-09 09:31:05,42.4853935241699,-8.91677761077881,"Female"
"9004156",371990,2025-06-09 09:35:38,42.4854354858398,-8.91675472259521,"Female"
"9004156",371990,2025-06-09 09:40:38,42.4853820800781,-8.91669178009033,"Female"
"9004156",371990,2025-06-09 09:45:39,42.4853935241699,-8.91669178009033,"Female"
"9004156",371990,2025-06-09 09:50:38,42.4854316711426,-8.91667747497559,"Female"
"9004156",371990,2025-06-09 09:55:38,42.4854621887207,-8.9166784286499,"Female"
"9004156",371990,2025-06-09 10:00:39,42.4853172302246,-8.91655826568604,"Female"
"9004156",371990,2025-06-09 10:05:39,42.4853630065918,-8.91658878326416,"Female"
"9004156",371990,2025-06-09 10:10:50,42.4855308532715,-8.91669464111328,"Female"
"9004156",371990,2025-06-09 10:16:39,42.4853057861328,-8.91512680053711,"Female"
"9004156",371990,2025-06-09 10:21:33,42.484546661377,-8.91459465026855,"Female"
"9004156",371990,2025-06-09 10:27:01,42.4841270446777,-8.91501331329346,"Female"
"9004156",371990,2025-06-09 10:32:08,42.4837913513184,-8.91564846038818,"Female"
"9004156",371990,2025-06-09 10:38:22,42.4841156005859,-8.91701602935791,"Female"
"9004156",371990,2025-06-09 10:43:46,42.4845428466797,-8.91703128814697,"Female"
"9004156",371990,2025-06-09 10:49:52,42.485466003418,-8.91693687438965,"Female"
"9004156",371990,2025-06-09 10:54:50,42.4861030578613,-8.91542816162109,"Female"
"9004156",371990,2025-06-09 10:59:50,42.4860610961914,-8.91550159454346,"Female"
"9004156",371990,2025-06-09 11:04:50,42.4861030578613,-8.91553592681885,"Female"
"9004156",371990,2025-06-09 11:09:58,42.4860610961914,-8.91548156738281,"Female"
"9004156",371990,2025-06-09 11:14:53,42.4860076904297,-8.91528606414795,"Female"
"9004156",371990,2025-06-09 11:19:52,42.4861335754395,-8.91563606262207,"Female"
"9004156",371990,2025-06-09 11:25:09,42.4861488342285,-8.91557788848877,"Female"
"9004156",371990,2025-06-09 11:30:08,42.4861335754395,-8.91556358337402,"Female"
"9004156",371990,2025-06-09 11:35:07,42.4861450195312,-8.91551113128662,"Female"
"9004156",371990,2025-06-09 11:40:06,42.4860992431641,-8.9154691696167,"Female"
"9004156",371990,2025-06-09 11:45:03,42.4863319396973,-8.91557312011719,"Female"
"9004156",371990,2025-06-09 11:50:02,42.4859733581543,-8.91539287567139,"Female"
"9004156",371990,2025-06-09 11:55:03,42.4859466552734,-8.91535091400146,"Female"
"9004156",371990,2025-06-09 12:00:14,42.4860763549805,-8.91548347473145,"Female"
"9004156",371990,2025-06-09 12:04:50,42.4859237670898,-8.91563892364502,"Female"
"9004156",371990,2025-06-09 12:09:50,42.485725402832,-8.91583728790283,"Female"
"9004156",371990,2025-06-09 12:15:00,42.4860458374023,-8.91546154022217,"Female"
"9004156",371990,2025-06-09 12:21:00,42.4850234985352,-8.91488838195801,"Female"
"9004156",371990,2025-06-09 12:26:37,42.4855651855469,-8.9140682220459,"Female"
"9004156",371990,2025-06-09 12:32:33,42.4849014282227,-8.91339206695557,"Female"
"9004156",371990,2025-06-09 12:37:37,42.4847831726074,-8.91416454315186,"Female"
"9004156",371990,2025-06-09 12:42:36,42.4846725463867,-8.91418361663818,"Female"
"9004156",371990,2025-06-09 12:47:44,42.4846649169922,-8.91432762145996,"Female"
"9004156",371990,2025-06-09 12:52:35,42.4846458435059,-8.91428279876709,"Female"
"9004156",371990,2025-06-09 12:57:35,42.4846038818359,-8.91434001922607,"Female"
"9004156",371990,2025-06-09 13:02:35,42.484733581543,-8.91431713104248,"Female"
"9004156",371990,2025-06-09 13:07:36,42.4846839904785,-8.91432857513428,"Female"
"9004156",371990,2025-06-09 13:12:32,42.4846343994141,-8.91433334350586,"Female"
"9004156",371990,2025-06-09 13:17:35,42.4847717285156,-8.91427326202393,"Female"
"9004156",371990,2025-06-09 13:22:37,42.4847526550293,-8.91429424285889,"Female"
"9004156",371990,2025-06-09 13:27:33,42.484806060791,-8.91437816619873,"Female"
"9004156",371990,2025-06-09 13:32:44,42.4846382141113,-8.91431427001953,"Female"
"9004156",371990,2025-06-09 13:38:35,42.4842796325684,-8.9135913848877,"Female"
"9004156",371990,2025-06-09 13:43:18,42.484806060791,-8.9126148223877,"Female"
"9004156",371990,2025-06-09 13:48:14,42.4854125976562,-8.91196441650391,"Female"
"9004156",371990,2025-06-09 13:53:56,42.4859771728516,-8.91197204589844,"Female"
"9004156",371990,2025-06-09 13:58:52,42.4858322143555,-8.91292285919189,"Female"
"9004156",371990,2025-06-09 14:03:53,42.4853515625,-8.91320323944092,"Female"
"9004156",371990,2025-06-09 14:08:53,42.4853820800781,-8.91316795349121,"Female"
"9004156",371990,2025-06-09 14:13:52,42.4854164123535,-8.91313934326172,"Female"
"9004156",371990,2025-06-09 14:18:52,42.4854316711426,-8.91304206848145,"Female"
"9004156",371990,2025-06-09 14:23:52,42.4853668212891,-8.91313934326172,"Female"
"9004156",371990,2025-06-09 14:28:52,42.485424041748,-8.9131031036377,"Female"
"9004156",371990,2025-06-09 14:33:53,42.4853630065918,-8.91306304931641,"Female"
"9004156",371990,2025-06-09 14:38:52,42.4853973388672,-8.9129581451416,"Female"
"9004156",371990,2025-06-09 14:43:52,42.4854125976562,-8.91306591033936,"Female"
"9004156",371990,2025-06-09 14:48:52,42.4854164123535,-8.91314029693604,"Female"
"9004156",371990,2025-06-09 14:53:52,42.4853973388672,-8.91309547424316,"Female"
"9004156",371990,2025-06-09 14:58:52,42.4850692749023,-8.9131498336792,"Female"
"9004156",371990,2025-06-09 15:04:10,42.4846267700195,-8.91370964050293,"Female"
"9004156",371990,2025-06-09 15:09:09,42.4840202331543,-8.91459655761719,"Female"
"9004156",371990,2025-06-09 15:14:20,42.4835395812988,-8.91427421569824,"Female"
"9004156",371990,2025-06-09 15:19:17,42.4836540222168,-8.91434383392334,"Female"
"9004156",371990,2025-06-09 15:24:44,42.4837341308594,-8.91441917419434,"Female"
"9004156",371990,2025-06-09 15:29:17,42.4837989807129,-8.9144983291626,"Female"
"9004156",371990,2025-06-09 15:34:17,42.4838333129883,-8.91452121734619,"Female"
"9004156",371990,2025-06-09 15:39:18,42.4837684631348,-8.91451358795166,"Female"
"9004156",371990,2025-06-09 15:44:17,42.4837532043457,-8.9145040512085,"Female"
"9004156",371990,2025-06-09 15:49:44,42.4837265014648,-8.9144229888916,"Female"
"9004156",371990,2025-06-09 15:54:17,42.4837112426758,-8.91453838348389,"Female"
"9004156",371990,2025-06-09 15:59:49,42.4831085205078,-8.91593265533447,"Female"
"9004156",371990,2025-06-09 16:05:17,42.4838562011719,-8.91665172576904,"Female"
"9004156",371990,2025-06-09 16:10:36,42.4843673706055,-8.91583061218262,"Female"
"9004156",371990,2025-06-09 16:15:37,42.4843330383301,-8.91690635681152,"Female"
"9004156",371990,2025-06-09 16:21:10,42.4846534729004,-8.91805171966553,"Female"
"9004156",371990,2025-06-09 16:26:06,42.48486328125,-8.91829395294189,"Female"
"9004156",371990,2025-06-09 16:31:06,42.4849472045898,-8.91827201843262,"Female"
"9004156",371990,2025-06-09 16:36:05,42.4848327636719,-8.91821956634521,"Female"
"9004156",371990,2025-06-09 16:41:07,42.4847793579102,-8.91812896728516,"Female"
"9004156",371990,2025-06-09 16:46:35,42.4848670959473,-8.91827964782715,"Female"
"9004156",371990,2025-06-09 16:51:06,42.4848480224609,-8.91846466064453,"Female"
"9004156",371990,2025-06-09 16:56:05,42.48486328125,-8.91833114624023,"Female"
"9004156",371990,2025-06-09 17:01:06,42.4848785400391,-8.91832828521729,"Female"
"9004156",371990,2025-06-09 17:06:04,42.4849281311035,-8.91823482513428,"Female"
"9004156",371990,2025-06-09 17:11:06,42.4849090576172,-8.91825866699219,"Female"
"9004156",371990,2025-06-09 17:16:08,42.4848709106445,-8.91821384429932,"Female"
"9004156",371990,2025-06-09 17:21:06,42.4849166870117,-8.9182300567627,"Female"
"9004156",371990,2025-06-09 17:26:37,42.4850234985352,-8.91892910003662,"Female"
"9004156",371990,2025-06-09 17:31:37,42.4846000671387,-8.9198522567749,"Female"
"9004156",371990,2025-06-09 17:37:09,42.484977722168,-8.92056465148926,"Female"
"9004156",371990,2025-06-09 17:42:41,42.4841728210449,-8.92217636108398,"Female"
"9004156",371990,2025-06-09 17:47:24,42.4828758239746,-8.92782115936279,"Female"
"9004156",371990,2025-06-09 17:52:23,42.4496536254883,-8.94424247741699,"Female"
"9004156",371990,2025-06-09 17:57:30,42.4078254699707,-8.9303035736084,"Female"
"9004156",371990,2025-06-09 18:02:44,42.3979568481445,-8.92029285430908,"Female"
"9004156",371990,2025-06-09 18:07:24,42.3980026245117,-8.9205150604248,"Female"
"9004156",371990,2025-06-09 18:12:25,42.3979110717773,-8.92034530639648,"Female"
"9004156",371990,2025-06-09 18:17:24,42.3983879089355,-8.92170906066895,"Female"
"9004156",371990,2025-06-09 18:22:27,42.3979110717773,-8.92038536071777,"Female"
"9004156",371990,2025-06-09 18:27:25,42.3979301452637,-8.92046070098877,"Female"
"9004156",371990,2025-06-09 18:32:21,42.4008140563965,-8.92138004302979,"Female"
"9004156",371990,2025-06-09 18:37:23,42.3981475830078,-8.92142486572266,"Female"
"9004156",371990,2025-06-09 18:42:53,42.3985557556152,-8.92093658447266,"Female"
"9004156",371990,2025-06-09 18:47:20,42.398624420166,-8.92096519470215,"Female"
"9004156",371990,2025-06-09 18:52:20,42.3985710144043,-8.92087745666504,"Female"
"9004156",371990,2025-06-09 18:57:30,42.3985633850098,-8.92089080810547,"Female"
"9004156",371990,2025-06-09 19:02:22,42.3986053466797,-8.92093372344971,"Female"
"9004156",371990,2025-06-09 19:07:21,42.3985977172852,-8.92096042633057,"Female"
"9004156",371990,2025-06-09 19:12:21,42.3986206054688,-8.92094707489014,"Female"
"9004156",371990,2025-06-09 19:17:44,42.3985900878906,-8.92091941833496,"Female"
"9004156",371990,2025-06-09 19:22:21,42.3985900878906,-8.92092514038086,"Female"
"9004156",371990,2025-06-09 19:27:36,42.3986625671387,-8.9210376739502,"Female"
"9004156",371990,2025-06-09 19:32:41,42.3987197875977,-8.92118263244629,"Female"
"9004156",371990,2025-06-09 19:37:38,42.3986625671387,-8.92110443115234,"Female"
"9004156",371990,2025-06-09 19:42:39,42.398567199707,-8.92094326019287,"Female"
"9004156",371990,2025-06-09 19:48:05,42.398567199707,-8.92089557647705,"Female"
"9004156",371990,2025-06-09 19:52:49,42.3985290527344,-8.92092704772949,"Female"
"9004156",371990,2025-06-09 19:58:05,42.398567199707,-8.92093372344971,"Female"
"9004156",371990,2025-06-09 20:02:36,42.398494720459,-8.92099761962891,"Female"
"9004156",371990,2025-06-09 20:07:35,42.3985176086426,-8.92093563079834,"Female"
"9004156",371990,2025-06-09 20:12:35,42.3984413146973,-8.92096519470215,"Female"
"9004156",371990,2025-06-09 20:17:35,42.3984832763672,-8.92097187042236,"Female"
"9004156",371990,2025-06-09 20:22:36,42.3985176086426,-8.92101383209229,"Female"
"9004156",371990,2025-06-09 20:27:35,42.3985557556152,-8.92092418670654,"Female"
"9004156",371990,2025-06-09 20:32:35,42.3985137939453,-8.92095375061035,"Female"
"9004156",371990,2025-06-09 20:37:36,42.3984069824219,-8.92101669311523,"Female"
"9004156",371990,2025-06-09 20:42:35,42.3985290527344,-8.9209156036377,"Female"
"9004156",371990,2025-06-09 20:47:35,42.398551940918,-8.92094707489014,"Female"
"9004156",371990,2025-06-09 20:52:35,42.3985214233398,-8.92090034484863,"Female"
"9004156",371990,2025-06-09 20:57:35,42.3985862731934,-8.9209156036377,"Female"
"9004156",371990,2025-06-09 21:02:35,42.3985443115234,-8.92090225219727,"Female"
"9004156",371990,2025-06-09 21:07:35,42.3985137939453,-8.92088794708252,"Female"
"9004156",371990,2025-06-09 21:12:35,42.3985328674316,-8.92084789276123,"Female"
"9004156",371990,2025-06-09 21:17:35,42.3985366821289,-8.9209041595459,"Female"
"9004156",371990,2025-06-09 21:22:45,42.398551940918,-8.92090606689453,"Female"
"9004156",371990,2025-06-09 21:27:35,42.3985214233398,-8.9208459854126,"Female"
"9004156",371990,2025-06-09 21:33:05,42.3985252380371,-8.92090511322021,"Female"
"9004156",371990,2025-06-09 21:37:35,42.3985786437988,-8.92089462280273,"Female"
"9004156",371990,2025-06-09 21:42:41,42.398509979248,-8.92099666595459,"Female"
"9004156",371990,2025-06-09 21:48:05,42.3985176086426,-8.92089557647705,"Female"
"9004156",371990,2025-06-09 21:52:36,42.3985061645508,-8.92090320587158,"Female"
"9004156",371990,2025-06-09 21:57:35,42.398551940918,-8.92084980010986,"Female"
"9004156",371990,2025-06-09 22:02:35,42.3985366821289,-8.92089653015137,"Female"
"9004156",371990,2025-06-09 22:07:35,42.3985481262207,-8.92092895507812,"Female"
"9004156",371990,2025-06-09 22:12:35,42.3983993530273,-8.92074680328369,"Female"
"9004156",371990,2025-06-09 22:17:37,42.3986015319824,-8.92087745666504,"Female"
"9004156",371990,2025-06-09 22:22:36,42.3985633850098,-8.92083740234375,"Female"
"9004156",371990,2025-06-09 22:27:35,42.3984718322754,-8.92076015472412,"Female"
"9004156",371990,2025-06-09 22:32:37,42.3985328674316,-8.9207878112793,"Female"
"9004156",371990,2025-06-09 22:38:05,42.3985633850098,-8.92084217071533,"Female"
"9004156",371990,2025-06-09 22:42:37,42.3985328674316,-8.92080020904541,"Female"
"9004156",371990,2025-06-09 22:47:35,42.3985786437988,-8.9208984375,"Female"
"9004156",371990,2025-06-09 22:52:36,42.3985633850098,-8.92071533203125,"Female"
"9004156",371990,2025-06-09 22:57:36,42.398681640625,-8.92097854614258,"Female"
"9004156",371990,2025-06-09 23:02:36,42.398551940918,-8.92075824737549,"Female"
"9004156",371990,2025-06-09 23:08:05,42.3985824584961,-8.92078876495361,"Female"
"9004156",371990,2025-06-09 23:12:35,42.3986129760742,-8.92074489593506,"Female"
"9004156",371990,2025-06-09 23:17:36,42.3985481262207,-8.92054271697998,"Female"
"9004156",371990,2025-06-09 23:22:36,42.3986396789551,-8.92079544067383,"Female"
"9004156",371990,2025-06-09 23:27:36,42.3986282348633,-8.92063617706299,"Female"
"9004156",371990,2025-06-09 23:32:37,42.3984413146973,-8.92033100128174,"Female"
"9004156",371990,2025-06-09 23:38:14,42.3986015319824,-8.92056274414062,"Female"
"9004156",371990,2025-06-09 23:42:35,42.3986053466797,-8.92069625854492,"Female"
"9004156",371990,2025-06-09 23:47:37,42.3984680175781,-8.92058086395264,"Female"
"9004156",371990,2025-06-09 23:52:36,42.3984985351562,-8.92058658599854,"Female"
"9004156",371990,2025-06-09 23:57:38,42.3984832763672,-8.9208345413208,"Female"
"9004156",371990,2025-06-10 00:02:38,42.3984909057617,-8.92068862915039,"Female"
"9004156",371990,2025-06-10 00:07:36,42.398551940918,-8.92071533203125,"Female"
"9004156",371990,2025-06-10 00:12:38,42.3984565734863,-8.92035675048828,"Female"
"9004156",371990,2025-06-10 00:17:38,42.398567199707,-8.92063426971436,"Female"
"9004156",371990,2025-06-10 00:22:35,42.3984909057617,-8.92069625854492,"Female"
"9004156",371990,2025-06-10 00:27:52,42.3986587524414,-8.92151069641113,"Female"
"9004156",371990,2025-06-10 00:33:15,42.3985977172852,-8.92105770111084,"Female"
"9004156",371990,2025-06-10 00:37:40,42.3985443115234,-8.92040824890137,"Female"
"9004156",371990,2025-06-10 00:42:39,42.3983955383301,-8.92084407806396,"Female"
"9004156",371990,2025-06-10 00:47:38,42.3983192443848,-8.92090129852295,"Female"
"9004156",371990,2025-06-10 00:52:48,42.3983497619629,-8.9209566116333,"Female"
"9004156",371990,2025-06-10 00:58:06,42.3983001708984,-8.92048645019531,"Female"
"9004156",371990,2025-06-10 01:03:05,42.3977279663086,-8.92075538635254,"Female"
"9004156",371990,2025-06-10 01:07:37,42.3978271484375,-8.92071628570557,"Female"
"9004156",371990,2025-06-10 01:13:13,42.3981552124023,-8.92116069793701,"Female"
"9004156",371990,2025-06-10 01:17:37,42.3982391357422,-8.92113304138184,"Female"
"9004156",371990,2025-06-10 01:22:37,42.3979949951172,-8.92099952697754,"Female"
"9004156",371990,2025-06-10 01:27:38,42.3985443115234,-8.92084121704102,"Female"
"9004156",371990,2025-06-10 01:32:36,42.3986129760742,-8.92089653015137,"Female"
"9004156",371990,2025-06-10 01:37:35,42.3987350463867,-8.92079544067383,"Female"
"9004156",371990,2025-06-10 01:42:35,42.3985710144043,-8.9208402633667,"Female"
"9004156",371990,2025-06-10 01:48:14,42.3985481262207,-8.92092132568359,"Female"
"9004156",371990,2025-06-10 01:52:38,42.3986015319824,-8.92083644866943,"Female"
"9004156",371990,2025-06-10 01:57:35,42.3985786437988,-8.92073726654053,"Female"
"9004156",371990,2025-06-10 02:02:36,42.398567199707,-8.9209566116333,"Female"
"9004156",371990,2025-06-10 02:07:35,42.3985977172852,-8.92073917388916,"Female"
"9004156",371990,2025-06-10 02:12:39,42.3985824584961,-8.92090892791748,"Female"
"9004156",371990,2025-06-10 02:17:41,42.3984336853027,-8.92103672027588,"Female"
"9004156",371990,2025-06-10 02:23:04,42.3986053466797,-8.92113399505615,"Female"
"9004156",371990,2025-06-10 02:27:43,42.3985366821289,-8.92109203338623,"Female"
"9004156",371990,2025-06-10 02:32:40,42.3984832763672,-8.92102241516113,"Female"
"9004156",371990,2025-06-10 02:37:37,42.3984413146973,-8.92095756530762,"Female"
"9004156",371990,2025-06-10 02:42:39,42.3985557556152,-8.9212121963501,"Female"
"9004156",371990,2025-06-10 02:47:41,42.3985748291016,-8.92123699188232,"Female"
"9004156",371990,2025-06-10 02:52:36,42.3985061645508,-8.92102527618408,"Female"
"9004156",371990,2025-06-10 02:57:36,42.398567199707,-8.92101383209229,"Female"
"9004156",371990,2025-06-10 03:02:36,42.398551940918,-8.92096328735352,"Female"
"9004156",371990,2025-06-10 03:07:38,42.3985328674316,-8.92094326019287,"Female"
"9004156",371990,2025-06-10 03:12:37,42.3985443115234,-8.92096900939941,"Female"
"9004156",371990,2025-06-10 03:17:38,42.3985748291016,-8.9210729598999,"Female"
"9004156",371990,2025-06-10 03:22:38,42.3985557556152,-8.92105865478516,"Female"
"9004156",371990,2025-06-10 03:28:12,42.3985557556152,-8.92092704772949,"Female"
"9004156",371990,2025-06-10 03:32:37,42.3985176086426,-8.92099094390869,"Female"
"9004156",371990,2025-06-10 03:37:37,42.3984794616699,-8.92117404937744,"Female"
"9004156",371990,2025-06-10 03:42:37,42.3984718322754,-8.92136001586914,"Female"
"9004156",371990,2025-06-10 03:48:59,42.3986740112305,-8.92127227783203,"Female"
"9004156",371990,2025-06-10 03:53:14,42.3985862731934,-8.92103576660156,"Female"
"9004156",371990,2025-06-10 03:57:40,42.3986892700195,-8.92118453979492,"Female"
"9004156",371990,2025-06-10 04:02:38,42.3985252380371,-8.92093944549561,"Female"
"9004156",371990,2025-06-10 04:07:38,42.3985366821289,-8.92108631134033,"Female"
"9004156",371990,2025-06-10 04:13:35,42.3985366821289,-8.92079448699951,"Female"
"9004156",371990,2025-06-10 04:17:38,42.3984222412109,-8.92081737518311,"Female"
"9004156",371990,2025-06-10 04:22:35,42.3982810974121,-8.92135906219482,"Female"
"9004156",371990,2025-06-10 04:27:36,42.398193359375,-8.9214973449707,"Female"
"9004156",371990,2025-06-10 04:32:35,42.3982963562012,-8.92111682891846,"Female"
"9004156",371990,2025-06-10 04:37:36,42.3983612060547,-8.92149829864502,"Female"
"9004156",371990,2025-06-10 04:42:35,42.3984069824219,-8.92131042480469,"Female"
"9004156",371990,2025-06-10 04:47:36,42.3986740112305,-8.92099857330322,"Female"
"9004156",371990,2025-06-10 04:52:36,42.3985824584961,-8.92095756530762,"Female"
"9004156",371990,2025-06-10 04:57:35,42.3985900878906,-8.92098236083984,"Female"
"9004156",371990,2025-06-10 05:03:03,42.3985595703125,-8.92095184326172,"Female"
"9004156",371990,2025-06-10 05:07:35,42.3986549377441,-8.92086982727051,"Female"
"9004156",371990,2025-06-10 05:12:35,42.398551940918,-8.92101287841797,"Female"
"9004156",371990,2025-06-10 05:17:35,42.3986053466797,-8.92101764678955,"Female"
"9004156",371990,2025-06-10 05:22:35,42.3985633850098,-8.92097759246826,"Female"
"9004156",371990,2025-06-10 05:27:35,42.3985252380371,-8.92096138000488,"Female"
"9004156",371990,2025-06-10 05:32:37,42.3985404968262,-8.92094135284424,"Female"
"9004156",371990,2025-06-10 05:37:38,42.3986015319824,-8.92081928253174,"Female"
"9004156",371990,2025-06-10 05:42:44,42.3984107971191,-8.92078876495361,"Female"
"9004156",371990,2025-06-10 05:48:59,42.3986167907715,-8.92071151733398,"Female"
"9004156",371990,2025-06-10 05:52:42,42.3986015319824,-8.92094993591309,"Female"
"9004156",371990,2025-06-10 05:57:46,42.3985061645508,-8.92089080810547,"Female"
"9004156",371990,2025-06-10 06:02:37,42.3985595703125,-8.92093944549561,"Female"
"9004156",371990,2025-06-10 06:07:40,42.3985328674316,-8.92098808288574,"Female"
"9004156",371990,2025-06-10 06:12:40,42.3985328674316,-8.92093086242676,"Female"
"9004156",371990,2025-06-10 06:17:41,42.3985404968262,-8.92094612121582,"Female"
"9004156",371990,2025-06-10 06:22:38,42.3985748291016,-8.92100429534912,"Female"
"9004156",371990,2025-06-10 06:27:44,42.3985786437988,-8.92094802856445,"Female"
"9004156",371990,2025-06-10 06:33:04,42.3984413146973,-8.92076110839844,"Female"
"9004156",371990,2025-06-10 06:37:44,42.3984451293945,-8.92078685760498,"Female"
"9004156",371990,2025-06-10 06:43:05,42.3985366821289,-8.92096328735352,"Female"
"9004156",371990,2025-06-10 06:47:35,42.3985824584961,-8.92097759246826,"Female"
"9004156",371990,2025-06-10 06:52:36,42.3984146118164,-8.92084980010986,"Female"
"9004156",371990,2025-06-10 06:57:36,42.3984909057617,-8.92095947265625,"Female"
"9004156",371990,2025-06-10 07:02:35,42.3985862731934,-8.9210205078125,"Female"
"9004156",371990,2025-06-10 07:07:35,42.398551940918,-8.92098331451416,"Female"
"9004156",371990,2025-06-10 07:12:36,42.398624420166,-8.9210786819458,"Female"
"9004156",371990,2025-06-10 07:17:37,42.3931732177734,-8.91529655456543,"Female"
"9004156",371990,2025-06-10 07:23:16,42.3917617797852,-8.92015838623047,"Female"
"9004156",371990,2025-06-10 07:28:11,42.3923721313477,-8.91934585571289,"Female"
"9004156",371990,2025-06-10 07:33:11,42.4219093322754,-8.91869354248047,"Female"
"9004156",371990,2025-06-10 07:38:35,42.4634857177734,-8.94445419311523,"Female"
"9004156",371990,2025-06-10 07:43:11,42.4831886291504,-8.92172145843506,"Female"
"9004156",371990,2025-06-10 07:48:11,42.4831352233887,-8.92172241210938,"Female"
"9004156",371990,2025-06-10 07:53:11,42.4827690124512,-8.91989135742188,"Female"
"9004156",371990,2025-06-10 07:58:11,42.484748840332,-8.9190673828125,"Female"
"9004156",371990,2025-06-10 08:04:10,42.4824752807617,-8.91624355316162,"Female"
"9004156",371990,2025-06-10 08:09:17,42.4830703735352,-8.91586017608643,"Female"
"9004156",371990,2025-06-10 08:14:16,42.4840469360352,-8.91580200195312,"Female"
"9004156",371990,2025-06-10 08:19:19,42.484058380127,-8.9157543182373,"Female"
"9004156",371990,2025-06-10 08:24:22,42.4841156005859,-8.91560363769531,"Female"
"9004156",371990,2025-06-10 08:29:17,42.4841041564941,-8.9157247543335,"Female"
"9004156",371990,2025-06-10 08:34:17,42.4841156005859,-8.91566371917725,"Female"
"9004156",371990,2025-06-10 08:39:20,42.4840812683105,-8.91571235656738,"Female"
"9004156",371990,2025-06-10 08:44:24,42.4841041564941,-8.9157247543335,"Female"
"9004156",371990,2025-06-10 08:49:15,42.4841270446777,-8.91580009460449,"Female"
"9004156",371990,2025-06-10 08:54:17,42.4841499328613,-8.91593933105469,"Female"
"9004156",371990,2025-06-10 08:59:17,42.4828186035156,-8.91139984130859,"Female"
"9004156",371990,2025-06-10 09:04:40,42.4822959899902,-8.90996837615967,"Female"
"9004156",371990,2025-06-10 09:09:25,42.4821968078613,-8.90945816040039,"Female"
"9004156",371990,2025-06-10 09:14:59,42.483470916748,-8.91032123565674,"Female"
"9004156",371990,2025-06-10 09:19:59,42.4843711853027,-8.91287136077881,"Female"
"9004156",371990,2025-06-10 09:24:59,42.4843444824219,-8.91274261474609,"Female"
"9004156",371990,2025-06-10 09:30:01,42.4842834472656,-8.91275024414062,"Female"
"9004156",371990,2025-06-10 09:35:25,42.4838409423828,-8.91292285919189,"Female"
"9004156",371990,2025-06-10 09:40:25,42.4843635559082,-8.91386890411377,"Female"
"9004156",371990,2025-06-10 09:46:36,42.4851913452148,-8.91430377960205,"Female"
"9004156",371990,2025-06-10 09:51:40,42.4861679077148,-8.91547584533691,"Female"
"9004156",371990,2025-06-10 09:56:38,42.4861259460449,-8.91534614562988,"Female"
"9004156",371990,2025-06-10 10:01:35,42.486255645752,-8.91536140441895,"Female"
"9004156",371990,2025-06-10 10:06:42,42.4862747192383,-8.9154691696167,"Female"
"9004156",371990,2025-06-10 10:11:43,42.486213684082,-8.91538619995117,"Female"
"9004156",371990,2025-06-10 10:16:52,42.4861793518066,-8.91530799865723,"Female"
"9004156",371990,2025-06-10 10:21:50,42.486198425293,-8.91527938842773,"Female"
"9004156",371990,2025-06-10 10:26:50,42.4861679077148,-8.91529369354248,"Female"
"9004156",371990,2025-06-10 10:31:50,42.4862327575684,-8.91528415679932,"Female"
"9004156",371990,2025-06-10 10:37:05,42.4861526489258,-8.91526222229004,"Female"
"9004156",371990,2025-06-10 10:41:35,42.486156463623,-8.915283203125,"Female"
"9004156",371990,2025-06-10 10:46:36,42.4863624572754,-8.91543388366699,"Female"
"9004156",371990,2025-06-10 10:51:36,42.4862289428711,-8.91542720794678,"Female"
"9004156",371990,2025-06-10 10:56:36,42.4861869812012,-8.91527843475342,"Female"
"9004156",371990,2025-06-10 11:01:37,42.4862174987793,-8.91535377502441,"Female"
"9004156",371990,2025-06-10 11:06:38,42.4862174987793,-8.91534996032715,"Female"
"9004156",371990,2025-06-10 11:11:50,42.4862403869629,-8.91532230377197,"Female"
"9004156",371990,2025-06-10 11:16:38,42.4862365722656,-8.9153995513916,"Female"
"9004156",371990,2025-06-10 11:21:51,42.4862594604492,-8.91538715362549,"Female"
"9004156",371990,2025-06-10 11:26:39,42.4862823486328,-8.91481113433838,"Female"
"9004156",371990,2025-06-10 11:31:49,42.4855728149414,-8.91655349731445,"Female"
"9004156",371990,2025-06-10 11:37:43,42.4855155944824,-8.91767406463623,"Female"
"9004156",371990,2025-06-10 11:43:08,42.4854927062988,-8.91854858398438,"Female"
"9004156",371990,2025-06-10 11:48:01,42.4847946166992,-8.91964912414551,"Female"
"9004156",371990,2025-06-10 11:53:56,42.4848518371582,-8.92048931121826,"Female"
"9004156",371990,2025-06-10 11:58:45,42.4855651855469,-8.92091369628906,"Female"
"9004156",371990,2025-06-10 12:04:05,42.4851379394531,-8.92170143127441,"Female"
"9004156",371990,2025-06-10 12:08:43,42.4851722717285,-8.92166042327881,"Female"
"9004156",371990,2025-06-10 12:13:55,42.4851951599121,-8.92172622680664,"Female"
"9004156",371990,2025-06-10 12:18:47,42.4851570129395,-8.92145538330078,"Female"
"9004156",371990,2025-06-10 12:23:55,42.485294342041,-8.92171192169189,"Female"
"9004156",371990,2025-06-10 12:28:55,42.4852752685547,-8.92170715332031,"Female"
"9004156",371990,2025-06-10 12:34:05,42.4852142333984,-8.92177581787109,"Female"
"9004156",371990,2025-06-10 12:38:41,42.4852027893066,-8.9219388961792,"Female"
"9004156",371990,2025-06-10 12:43:41,42.4851608276367,-8.92176151275635,"Female"
"9004156",371990,2025-06-10 12:48:44,42.4851264953613,-8.92180156707764,"Female"
"9004156",371990,2025-06-10 12:53:44,42.4850959777832,-8.9217472076416,"Female"
"9004156",371990,2025-06-10 12:58:41,42.4850769042969,-8.9218635559082,"Female"
"9004156",371990,2025-06-10 13:03:42,42.4846153259277,-8.92315769195557,"Female"
"9004156",371990,2025-06-10 13:09:08,42.4847717285156,-8.92404270172119,"Female"
"9004156",371990,2025-06-10 13:14:07,42.4847946166992,-8.92357540130615,"Female"
"9004156",371990,2025-06-10 13:19:13,42.4844512939453,-8.92271614074707,"Female"
"9004156",371990,2025-06-10 13:24:07,42.4847106933594,-8.92265892028809,"Female"
"9004156",371990,2025-06-10 13:29:35,42.4851684570312,-8.92286205291748,"Female"
"9004156",371990,2025-06-10 13:34:36,42.4853439331055,-8.92311859130859,"Female"
"9004156",371990,2025-06-10 13:39:33,42.4854125976562,-8.92313194274902,"Female"
"9004156",371990,2025-06-10 13:44:32,42.4854469299316,-8.92309284210205,"Female"
"9004156",371990,2025-06-10 13:49:33,42.4854393005371,-8.92313766479492,"Female"
"9004156",371990,2025-06-10 13:54:33,42.4854354858398,-8.92311382293701,"Female"
"9004156",371990,2025-06-10 13:59:33,42.485408782959,-8.92314147949219,"Female"
"9004156",371990,2025-06-10 14:04:44,42.485481262207,-8.92309856414795,"Female"
"9004156",371990,2025-06-10 14:09:32,42.4854316711426,-8.92316150665283,"Female"
"9004156",371990,2025-06-10 14:14:44,42.4855308532715,-8.92328548431396,"Female"
"9004156",371990,2025-06-10 14:19:32,42.4854850769043,-8.92322826385498,"Female"
"9004156",371990,2025-06-10 14:24:35,42.4854507446289,-8.92329406738281,"Female"
"9004156",371990,2025-06-10 14:29:32,42.485523223877,-8.92327213287354,"Female"
"9004156",371990,2025-06-10 14:34:45,42.4854507446289,-8.92329692840576,"Female"
"9004156",371990,2025-06-10 14:39:36,42.4844932556152,-8.92264938354492,"Female"
"9004156",371990,2025-06-10 14:45:01,42.4841613769531,-8.92165470123291,"Female"
"9004156",371990,2025-06-10 14:50:00,42.4839973449707,-8.92007637023926,"Female"
"9004156",371990,2025-06-10 14:55:02,42.4839401245117,-8.92006397247314,"Female"
"9004156",371990,2025-06-10 15:00:02,42.483959197998,-8.91999626159668,"Female"
"9004156",371990,2025-06-10 15:05:05,42.48388671875,-8.92004299163818,"Female"
"9004156",371990,2025-06-10 15:10:06,42.4839973449707,-8.92003917694092,"Female"
"9004156",371990,2025-06-10 15:15:00,42.4840812683105,-8.92008304595947,"Female"
"9004156",371990,2025-06-10 15:20:01,42.4838104248047,-8.92001819610596,"Female"
"9004156",371990,2025-06-10 15:25:03,42.4838104248047,-8.92006015777588,"Female"
"9004156",371990,2025-06-10 15:30:00,42.4835968017578,-8.92007350921631,"Female"
"9004156",371990,2025-06-10 15:36:49,42.4829711914062,-8.91918468475342,"Female"
"9004156",371990,2025-06-10 15:42:30,42.482967376709,-8.92031288146973,"Female"
"9004156",371990,2025-06-10 15:47:58,42.483081817627,-8.91886806488037,"Female"
"9004156",371990,2025-06-10 15:54:08,42.4840545654297,-8.91844272613525,"Female"
"9004156",371990,2025-06-10 15:59:07,42.4839057922363,-8.91819000244141,"Female"
"9004156",371990,2025-06-10 16:04:08,42.4839744567871,-8.91839408874512,"Female"
"9004156",371990,2025-06-10 16:09:10,42.4838790893555,-8.9180965423584,"Female"
"9004156",371990,2025-06-10 16:14:06,42.4839057922363,-8.91821193695068,"Female"
"9004156",371990,2025-06-10 16:19:07,42.4838676452637,-8.91816234588623,"Female"
"9004156",371990,2025-06-10 16:24:08,42.4839897155762,-8.91826915740967,"Female"
"9004156",371990,2025-06-10 16:29:07,42.4839744567871,-8.91826629638672,"Female"
"9004156",371990,2025-06-10 16:34:10,42.4840812683105,-8.91835498809814,"Female"
"9004156",371990,2025-06-10 16:39:08,42.4840774536133,-8.91828918457031,"Female"
"9004156",371990,2025-06-10 16:44:10,42.484073638916,-8.91832733154297,"Female"
"9004156",371990,2025-06-10 16:49:09,42.4841575622559,-8.91843795776367,"Female"
"9004156",371990,2025-06-10 16:54:11,42.4841270446777,-8.91833305358887,"Female"
"9004156",371990,2025-06-10 16:59:10,42.484188079834,-8.91836166381836,"Female"
"9004156",371990,2025-06-10 17:04:09,42.4842071533203,-8.91829013824463,"Female"
"9004156",371990,2025-06-10 17:09:21,42.4843254089355,-8.91818904876709,"Female"
"9004156",371990,2025-06-10 17:14:11,42.4839477539062,-8.91805648803711,"Female"
"9004156",371990,2025-06-10 17:21:30,42.4829635620117,-8.91594123840332,"Female"
"9004156",371990,2025-06-10 17:27:14,42.4832954406738,-8.9157543182373,"Female"
"9004156",371990,2025-06-10 17:33:00,42.4843215942383,-8.91666030883789,"Female"
"9004156",371990,2025-06-10 17:38:51,42.4840431213379,-8.91837596893311,"Female"
"9004156",371990,2025-06-10 17:43:13,42.4839057922363,-8.91834545135498,"Female"
"9004156",371990,2025-06-10 17:47:49,42.4841918945312,-8.91904163360596,"Female"
"9004156",371990,2025-06-10 17:53:00,42.4837875366211,-8.91818046569824,"Female"
"9004156",371990,2025-06-10 17:57:54,42.4839286804199,-8.91835021972656,"Female"
"9004156",371990,2025-06-10 18:03:00,42.4836769104004,-8.91819858551025,"Female"
"9004156",371990,2025-06-10 18:08:00,42.4836616516113,-8.91812038421631,"Female"
"9004156",371990,2025-06-10 18:13:00,42.4837455749512,-8.91816997528076,"Female"
"9004156",371990,2025-06-10 18:18:00,42.4836807250977,-8.91818332672119,"Female"
"9004156",371990,2025-06-10 18:23:00,42.4836540222168,-8.91817569732666,"Female"
"9004156",371990,2025-06-10 18:28:00,42.4836578369141,-8.91822147369385,"Female"
"9004156",371990,2025-06-10 18:33:19,42.483814239502,-8.91824626922607,"Female"
"9004156",371990,2025-06-10 18:37:49,42.4838447570801,-8.91816806793213,"Female"
"9004156",371990,2025-06-10 18:42:49,42.4838409423828,-8.91814231872559,"Female"
"9004156",371990,2025-06-10 18:47:48,42.4724807739258,-8.94187355041504,"Female"
"9004156",371990,2025-06-10 18:52:49,42.4362144470215,-8.94685745239258,"Female"
"9004156",371990,2025-06-10 18:57:48,42.4010581970215,-8.92011451721191,"Female"
"9004156",371990,2025-06-10 19:02:51,42.3984146118164,-8.92069053649902,"Female"
"9004156",371990,2025-06-10 19:07:54,42.3988761901855,-8.92122268676758,"Female"
"9004156",371990,2025-06-10 19:12:55,42.3986358642578,-8.92088222503662,"Female"
"9004156",371990,2025-06-10 19:17:51,42.3985977172852,-8.92086124420166,"Female"
"9004156",371990,2025-06-10 19:22:50,42.3985366821289,-8.92095851898193,"Female"
"9004156",371990,2025-06-10 19:28:00,42.3985252380371,-8.92090129852295,"Female"
"9004156",371990,2025-06-10 19:32:55,42.3985404968262,-8.92087650299072,"Female"
"9004156",371990,2025-06-10 19:37:54,42.398551940918,-8.92088794708252,"Female"
"9004156",371990,2025-06-10 19:42:53,42.3985404968262,-8.92097568511963,"Female"
"9004156",371990,2025-06-10 19:48:12,42.3985404968262,-8.92087459564209,"Female"
"9004156",371990,2025-06-10 19:52:49,42.3985824584961,-8.9209680557251,"Female"
"9004156",371990,2025-06-10 19:57:49,42.3984794616699,-8.92112827301025,"Female"
"9004156",371990,2025-06-10 20:02:49,42.3985214233398,-8.92103862762451,"Female"
"9004156",371990,2025-06-10 20:07:50,42.398624420166,-8.92093467712402,"Female"
"9004156",371990,2025-06-10 20:12:50,42.3987579345703,-8.92045879364014,"Female"
"9004156",371990,2025-06-10 20:17:50,42.3986206054688,-8.92068290710449,"Female"
"9004156",371990,2025-06-10 20:22:50,42.3985328674316,-8.92092895507812,"Female"
"9004156",371990,2025-06-10 20:27:48,42.3985557556152,-8.92105007171631,"Female"
"9004156",371990,2025-06-10 20:32:48,42.3985786437988,-8.9207706451416,"Female"
"9004156",371990,2025-06-10 20:37:48,42.3985404968262,-8.92101001739502,"Female"
"9004156",371990,2025-06-10 20:42:48,42.3985939025879,-8.92086410522461,"Female"
"9004156",371990,2025-06-10 20:48:00,42.3985862731934,-8.9210147857666,"Female"
"9004156",371990,2025-06-10 20:53:01,42.3985824584961,-8.92102336883545,"Female"
"9004156",371990,2025-06-10 20:58:14,42.3986053466797,-8.92099475860596,"Female"
"9004156",371990,2025-06-10 21:03:00,42.3986015319824,-8.92104434967041,"Female"
"9004156",371990,2025-06-10 21:07:50,42.3986206054688,-8.92117404937744,"Female"
"9004156",371990,2025-06-10 21:12:53,42.3986320495605,-8.9211483001709,"Female"
"9004156",371990,2025-06-10 21:17:48,42.3985824584961,-8.92110061645508,"Female"
"9004156",371990,2025-06-10 21:22:49,42.3986549377441,-8.92098331451416,"Female"
"9004156",371990,2025-06-10 21:27:52,42.3983955383301,-8.92234134674072,"Female"
"9004156",371990,2025-06-10 21:32:52,42.398307800293,-8.92291355133057,"Female"
"9004156",371990,2025-06-10 21:37:58,42.3985252380371,-8.92108726501465,"Female"
"9004156",371990,2025-06-10 21:42:50,42.3987007141113,-8.92089939117432,"Female"
"9004156",371990,2025-06-10 21:48:23,42.398551940918,-8.92088890075684,"Female"
"9004156",371990,2025-06-10 21:52:48,42.3984680175781,-8.92080307006836,"Female"
"9004156",371990,2025-06-10 21:57:48,42.3985176086426,-8.92085075378418,"Female"
"9004156",371990,2025-06-10 22:02:48,42.3986206054688,-8.92092323303223,"Female"
"9004156",371990,2025-06-10 22:07:57,42.3984985351562,-8.92084217071533,"Female"
"9004156",371990,2025-06-10 22:12:48,42.398551940918,-8.92084407806396,"Female"
"9004156",371990,2025-06-10 22:17:49,42.3986206054688,-8.92092800140381,"Female"
"9004156",371990,2025-06-10 22:22:49,42.3985977172852,-8.92086601257324,"Female"
"9004156",371990,2025-06-10 22:27:49,42.398681640625,-8.92094230651855,"Female"
"9004156",371990,2025-06-10 22:33:14,42.3986167907715,-8.92080783843994,"Female"
"9004156",371990,2025-06-10 22:38:02,42.3987007141113,-8.92084693908691,"Female"
"9004156",371990,2025-06-10 22:42:50,42.3985977172852,-8.92091178894043,"Female"
"9004156",371990,2025-06-10 22:47:51,42.3987236022949,-8.92101860046387,"Female"
"9004156",371990,2025-06-10 22:52:50,42.3986015319824,-8.92087268829346,"Female"
"9004156",371990,2025-06-10 22:58:00,42.3986320495605,-8.92096519470215,"Female"
"9004156",371990,2025-06-10 23:03:15,42.3985061645508,-8.92072010040283,"Female"
"9004156",371990,2025-06-10 23:07:54,42.3981895446777,-8.92058372497559,"Female"
"9004156",371990,2025-06-10 23:12:59,42.3984680175781,-8.92065715789795,"Female"
"9004156",371990,2025-06-10 23:17:55,42.3983001708984,-8.92037487030029,"Female"
"9004156",371990,2025-06-10 23:22:50,42.3985633850098,-8.92063999176025,"Female"
"9004156",371990,2025-06-10 23:27:51,42.3986625671387,-8.92113208770752,"Female"
"9004156",371990,2025-06-10 23:32:51,42.3985977172852,-8.9211597442627,"Female"
"9004156",371990,2025-06-10 23:37:51,42.3984870910645,-8.92142963409424,"Female"
"9004156",371990,2025-06-10 23:42:51,42.3984870910645,-8.92155170440674,"Female"
"9004156",371990,2025-06-10 23:48:14,42.3984794616699,-8.92138481140137,"Female"
"9004156",371990,2025-06-10 23:52:52,42.3984832763672,-8.92173957824707,"Female"
"9004156",371990,2025-06-10 23:57:54,42.3984794616699,-8.92218494415283,"Female"
"9004156",371990,2025-06-11 00:03:16,42.3982696533203,-8.92216491699219,"Female"
"9004156",371990,2025-06-11 00:07:51,42.3984718322754,-8.92313671112061,"Female"
"9004156",371990,2025-06-11 00:13:14,42.3980827331543,-8.92447662353516,"Female"
"9004156",371990,2025-06-11 00:18:23,42.3985557556152,-8.92094993591309,"Female"
"9004156",371990,2025-06-11 00:22:49,42.3984985351562,-8.92037010192871,"Female"
"9004156",371990,2025-06-11 00:27:49,42.3985404968262,-8.92075061798096,"Female"
"9004156",371990,2025-06-11 00:32:50,42.3985061645508,-8.92070198059082,"Female"
"9004156",371990,2025-06-11 00:37:50,42.3985710144043,-8.92067909240723,"Female"
"9004156",371990,2025-06-11 00:42:49,42.3986625671387,-8.92093372344971,"Female"
"9004156",371990,2025-06-11 00:47:53,42.3985824584961,-8.92086315155029,"Female"
"9004156",371990,2025-06-11 00:53:15,42.3986320495605,-8.92119884490967,"Female"
"9004156",371990,2025-06-11 00:57:50,42.3986740112305,-8.92102813720703,"Female"
"9004156",371990,2025-06-11 01:02:53,42.3985481262207,-8.92051696777344,"Female"
"9004156",371990,2025-06-11 01:07:53,42.3982353210449,-8.9202184677124,"Female"
"9004156",371990,2025-06-11 01:12:54,42.3990898132324,-8.92162036895752,"Female"
"9004156",371990,2025-06-11 01:17:53,42.398365020752,-8.92041873931885,"Female"
"9004156",371990,2025-06-11 01:22:52,42.3989868164062,-8.92141628265381,"Female"
"9004156",371990,2025-06-11 01:27:52,42.3990631103516,-8.92136859893799,"Female"
"9004156",371990,2025-06-11 01:32:53,42.3986854553223,-8.92079925537109,"Female"
"9004156",371990,2025-06-11 01:37:53,42.3984718322754,-8.92060565948486,"Female"
"9004156",371990,2025-06-11 01:42:52,42.3986663818359,-8.9208517074585,"Female"
"9004156",371990,2025-06-11 01:48:15,42.3986053466797,-8.92076301574707,"Female"
"9004156",371990,2025-06-11 01:52:50,42.3986320495605,-8.92077732086182,"Female"
"9004156",371990,2025-06-11 01:57:48,42.3985710144043,-8.92058181762695,"Female"
"9004156",371990,2025-06-11 02:02:48,42.398868560791,-8.92121315002441,"Female"
"9004156",371990,2025-06-11 02:08:08,42.3979415893555,-8.9198522567749,"Female"
"9004156",371990,2025-06-11 02:13:23,42.3986663818359,-8.9207067489624,"Female"
"9004156",371990,2025-06-11 02:17:51,42.3987197875977,-8.92074012756348,"Female"
"9004156",371990,2025-06-11 02:22:53,42.398681640625,-8.92056751251221,"Female"
"9004156",371990,2025-06-11 02:27:51,42.3987350463867,-8.92051982879639,"Female"
"9004156",371990,2025-06-11 02:32:48,42.3986854553223,-8.92065715789795,"Female"
"9004156",371990,2025-06-11 02:37:49,42.3986625671387,-8.92063617706299,"Female"
"9004156",371990,2025-06-11 02:42:50,42.3986778259277,-8.92065906524658,"Female"
"9004156",371990,2025-06-11 02:48:14,42.3986930847168,-8.92048645019531,"Female"
"9004156",371990,2025-06-11 02:52:53,42.3987045288086,-8.92014217376709,"Female"
"9004156",371990,2025-06-11 02:57:50,42.398738861084,-8.92049121856689,"Female"
"9004156",371990,2025-06-11 03:02:48,42.3987045288086,-8.92039394378662,"Female"
"9004156",371990,2025-06-11 03:07:48,42.3987197875977,-8.92051315307617,"Female"
"9004156",371990,2025-06-11 03:13:14,42.3986396789551,-8.92074489593506,"Female"
"9004156",371990,2025-06-11 03:17:50,42.3986740112305,-8.92064571380615,"Female"
"9004156",371990,2025-06-11 03:22:48,42.398609161377,-8.92061901092529,"Female"
"9004156",371990,2025-06-11 03:27:53,42.3985481262207,-8.9207592010498,"Female"
"9004156",371990,2025-06-11 03:32:51,42.3986167907715,-8.92071056365967,"Female"
"9004156",371990,2025-06-11 03:37:52,42.3985290527344,-8.92070960998535,"Female"
"9004156",371990,2025-06-11 03:43:14,42.3986358642578,-8.92060565948486,"Female"
"9004156",371990,2025-06-11 03:47:52,42.3985328674316,-8.92087459564209,"Female"
"9004156",371990,2025-06-11 03:52:50,42.398063659668,-8.92138290405273,"Female"
"9004156",371990,2025-06-11 03:57:51,42.3983993530273,-8.92131423950195,"Female"
"9004156",371990,2025-06-11 04:02:49,42.3982925415039,-8.92121028900146,"Female"
"9004156",371990,2025-06-11 04:07:50,42.3978538513184,-8.92193508148193,"Female"
"9004156",371990,2025-06-11 04:12:49,42.3985443115234,-8.92088603973389,"Female"
"9004156",371990,2025-06-11 04:17:52,42.3982887268066,-8.92141723632812,"Female"
"9004156",371990,2025-06-11 04:22:53,42.3984413146973,-8.92115306854248,"Female"
"9004156",371990,2025-06-11 04:27:54,42.3979225158691,-8.92235279083252,"Female"
"9004156",371990,2025-06-11 04:33:23,42.3984794616699,-8.92101001739502,"Female"
"9004156",371990,2025-06-11 04:37:48,42.398494720459,-8.92087936401367,"Female"
"9004156",371990,2025-06-11 04:42:48,42.3985290527344,-8.92090129852295,"Female"
"9004156",371990,2025-06-11 04:47:48,42.3985939025879,-8.92096424102783,"Female"
"9004156",371990,2025-06-11 04:52:48,42.398551940918,-8.92092418670654,"Female"
"9004156",371990,2025-06-11 04:57:58,42.3985939025879,-8.92096328735352,"Female"
"9004156",371990,2025-06-11 05:02:55,42.3985481262207,-8.92097854614258,"Female"
"9004156",371990,2025-06-11 05:08:01,42.3984413146973,-8.92088413238525,"Female"
"9004156",371990,2025-06-11 05:12:50,42.3985862731934,-8.92089176177979,"Female"
"9004156",371990,2025-06-11 05:18:22,42.398811340332,-8.92111778259277,"Female"
"9004156",371990,2025-06-11 05:22:51,42.3985786437988,-8.92084503173828,"Female"
"9004156",371990,2025-06-11 05:28:07,42.3985939025879,-8.92099571228027,"Female"
"9004156",371990,2025-06-11 05:33:11,42.3985862731934,-8.92098140716553,"Female"
"9004156",371990,2025-06-11 05:38:17,42.3986854553223,-8.92110824584961,"Female"
"9004156",371990,2025-06-11 05:42:52,42.3985443115234,-8.92100429534912,"Female"
"9004156",371990,2025-06-11 05:48:05,42.3985214233398,-8.92027950286865,"Female"
"9004156",371990,2025-06-11 05:53:12,42.3987007141113,-8.92107677459717,"Female"
"9004156",371990,2025-06-11 05:58:59,42.398494720459,-8.92098140716553,"Female"
"9004156",371990,2025-06-11 06:02:55,42.3986053466797,-8.92106628417969,"Female"
"9004156",371990,2025-06-11 06:07:54,42.398551940918,-8.92100238800049,"Female"
"9004156",371990,2025-06-11 06:12:58,42.3985290527344,-8.9208517074585,"Female"
"9004156",371990,2025-06-11 06:17:54,42.398494720459,-8.92093563079834,"Female"
"9004156",371990,2025-06-11 06:22:55,42.3985443115234,-8.92105960845947,"Female"
"9004156",371990,2025-06-11 06:29:12,42.3986320495605,-8.92138385772705,"Female"
"9004156",371990,2025-06-11 06:33:29,42.3985061645508,-8.9210033416748,"Female"
"9004156",371990,2025-06-11 06:37:52,42.3984298706055,-8.92080974578857,"Female"
"9004156",371990,2025-06-11 06:42:52,42.3983726501465,-8.92079162597656,"Female"
"9004156",371990,2025-06-11 06:47:59,42.3988456726074,-8.92132472991943,"Female"
"9004156",371990,2025-06-11 06:52:51,42.3982467651367,-8.92053413391113,"Female"
"9004156",371990,2025-06-11 06:58:01,42.3983917236328,-8.92083644866943,"Female"
"9004156",371990,2025-06-11 07:03:16,42.3984489440918,-8.92082691192627,"Female"
"9004156",371990,2025-06-11 07:07:57,42.3984298706055,-8.92070293426514,"Female"
"9004156",371990,2025-06-11 07:13:17,42.3985176086426,-8.92087745666504,"Female"
"9004156",371990,2025-06-11 07:18:23,42.3984909057617,-8.92086505889893,"Female"
"9004156",371990,2025-06-11 07:22:50,42.3984832763672,-8.92094993591309,"Female"
"9004156",371990,2025-06-11 07:28:00,42.3984756469727,-8.92099666595459,"Female"
"9004156",371990,2025-06-11 07:33:26,42.3985557556152,-8.92096138000488,"Female"
"9004156",371990,2025-06-11 07:37:50,42.3984565734863,-8.92054557800293,"Female"
"9004156",371990,2025-06-11 07:43:53,42.3985824584961,-8.92088794708252,"Female"
"9004156",371990,2025-06-11 07:47:49,42.3985481262207,-8.92074489593506,"Female"
"9004156",371990,2025-06-11 07:52:48,42.4386024475098,-8.92591857910156,"Female"
"9004156",371990,2025-06-11 07:57:48,42.4799613952637,-8.93758583068848,"Female"
"9004156",371990,2025-06-11 08:02:48,42.4826583862305,-8.93118190765381,"Female"
"9004156",371990,2025-06-11 08:08:45,42.4821472167969,-8.93199729919434,"Female"
"9004156",371990,2025-06-11 08:13:46,42.4833908081055,-8.93050193786621,"Female"
"9004156",371990,2025-06-11 08:19:50,42.4842948913574,-8.92957592010498,"Female"
"9004156",371990,2025-06-11 08:25:01,42.4848785400391,-8.92925357818604,"Female"
"9004156",371990,2025-06-11 08:31:08,42.4846153259277,-8.9304370880127,"Female"
"9004156",371990,2025-06-11 08:36:11,42.4847259521484,-8.92993259429932,"Female"
"9004156",371990,2025-06-11 08:41:04,42.4849166870117,-8.93017292022705,"Female"
"9004156",371990,2025-06-11 08:46:08,42.4848937988281,-8.9301929473877,"Female"
"9004156",371990,2025-06-11 08:51:04,42.4848747253418,-8.93018054962158,"Female"
"9004156",371990,2025-06-11 08:56:14,42.4849243164062,-8.93023014068604,"Female"
"9004156",371990,2025-06-11 09:01:04,42.4849128723145,-8.93020439147949,"Female"
"9004156",371990,2025-06-11 09:06:07,42.4848785400391,-8.93009662628174,"Female"
"9004156",371990,2025-06-11 09:11:04,42.4849433898926,-8.93013286590576,"Female"
"9004156",371990,2025-06-11 09:16:06,42.484935760498,-8.93007659912109,"Female"
"9004156",371990,2025-06-11 09:21:08,42.4848861694336,-8.92997360229492,"Female"
"9004156",371990,2025-06-11 09:26:04,42.484806060791,-8.92990589141846,"Female"
"9004156",371990,2025-06-11 09:31:06,42.4847679138184,-8.92947578430176,"Female"
"9004156",371990,2025-06-11 09:36:13,42.4850311279297,-8.93008613586426,"Female"
"9004156",371990,2025-06-11 09:41:06,42.484920501709,-8.93002605438232,"Female"
"9004156",371990,2025-06-11 09:46:04,42.4849319458008,-8.93002033233643,"Female"
"9004156",371990,2025-06-11 09:51:04,42.4849319458008,-8.93002033233643,"Female"
"9004156",371990,2025-06-11 09:56:04,42.4852981567383,-8.928635597229,"Female"
"9004156",371990,2025-06-11 10:01:51,42.4852905273438,-8.92767429351807,"Female"
"9004156",371990,2025-06-11 10:07:03,42.4855308532715,-8.92627620697021,"Female"
"9004156",371990,2025-06-11 10:13:16,42.4848594665527,-8.92490291595459,"Female"
"9004156",371990,2025-06-11 10:18:39,42.4851760864258,-8.92478656768799,"Female"
"9004156",371990,2025-06-11 10:23:46,42.4849700927734,-8.92477703094482,"Female"
"9004156",371990,2025-06-11 10:28:41,42.4850616455078,-8.92428874969482,"Female"
"9004156",371990,2025-06-11 10:34:05,42.4851417541504,-8.92448616027832,"Female"
"9004156",371990,2025-06-11 10:38:38,42.4851036071777,-8.92449188232422,"Female"
"9004156",371990,2025-06-11 10:43:40,42.4851379394531,-8.92446994781494,"Female"
"9004156",371990,2025-06-11 10:48:40,42.4848747253418,-8.92463684082031,"Female"
"9004156",371990,2025-06-11 10:53:39,42.4851455688477,-8.92455959320068,"Female"
"9004156",371990,2025-06-11 10:58:39,42.4850807189941,-8.9245777130127,"Female"
"9004156",371990,2025-06-11 11:03:38,42.4851150512695,-8.92448806762695,"Female"
"9004156",371990,2025-06-11 11:08:38,42.4851570129395,-8.92448806762695,"Female"
"9004156",371990,2025-06-11 11:13:38,42.4849586486816,-8.92451095581055,"Female"
"9004156",371990,2025-06-11 11:19:06,42.4842834472656,-8.91604328155518,"Female"
"9004156",371990,2025-06-11 11:25:19,42.482852935791,-8.90423774719238,"Female"
"9004156",371990,2025-06-11 11:30:44,42.483470916748,-8.90195369720459,"Female"
"9004156",371990,2025-06-11 11:37:04,42.4829559326172,-8.90273189544678,"Female"
"9004156",371990,2025-06-11 11:43:13,42.4838027954102,-8.9032039642334,"Female"
"9004156",371990,2025-06-11 11:48:21,42.4833641052246,-8.90864372253418,"Female"
"9004156",371990,2025-06-11 11:53:12,42.4833488464355,-8.90862655639648,"Female"
"9004156",371990,2025-06-11 11:58:16,42.4833030700684,-8.90859127044678,"Female"
"9004156",371990,2025-06-11 12:03:19,42.4832458496094,-8.90860271453857,"Female"
"9004156",371990,2025-06-11 12:08:21,42.4832420349121,-8.90852737426758,"Female"
"9004156",371990,2025-06-11 12:13:17,42.483268737793,-8.90859889984131,"Female"
"9004156",371990,2025-06-11 12:18:21,42.483268737793,-8.90863418579102,"Female"
"9004156",371990,2025-06-11 12:23:21,42.4832420349121,-8.9086446762085,"Female"
"9004156",371990,2025-06-11 12:28:21,42.4832611083984,-8.90861988067627,"Female"
"9004156",371990,2025-06-11 12:33:21,42.4832572937012,-8.90862846374512,"Female"
"9004156",371990,2025-06-11 12:38:42,42.4832534790039,-8.90853118896484,"Female"
"9004156",371990,2025-06-11 12:43:10,42.4824676513672,-8.90768241882324,"Female"
"9004156",371990,2025-06-11 12:48:11,42.4813461303711,-8.90565586090088,"Female"
"9004156",371990,2025-06-11 12:53:52,42.4805145263672,-8.90569496154785,"Female"
"9004156",371990,2025-06-11 12:59:06,42.4804649353027,-8.90692329406738,"Female"
"9004156",371990,2025-06-11 13:04:23,42.4808006286621,-8.90867710113525,"Female"
"9004156",371990,2025-06-11 13:10:28,42.4826202392578,-8.90786266326904,"Female"
"9004156",371990,2025-06-11 13:15:30,42.485481262207,-8.90135955810547,"Female"
"9004156",371990,2025-06-11 13:20:34,42.4851837158203,-8.90107536315918,"Female"
"9004156",371990,2025-06-11 13:25:29,42.4851837158203,-8.90108489990234,"Female"
"9004156",371990,2025-06-11 13:30:29,42.4851684570312,-8.90108203887939,"Female"
"9004156",371990,2025-06-11 13:35:30,42.484733581543,-8.90054225921631,"Female"
"9004156",371990,2025-06-11 13:40:31,42.4850883483887,-8.90087223052979,"Female"
"9004156",371990,2025-06-11 13:45:45,42.4855613708496,-8.90099048614502,"Female"
"9004156",371990,2025-06-11 13:50:44,42.4854736328125,-8.90098285675049,"Female"
"9004156",371990,2025-06-11 13:55:28,42.4852256774902,-8.90088653564453,"Female"
"9004156",371990,2025-06-11 14:00:28,42.4852294921875,-8.90090560913086,"Female"
"9004156",371990,2025-06-11 14:05:28,42.4850959777832,-8.90089988708496,"Female"
"9004156",371990,2025-06-11 14:10:35,42.4860954284668,-8.89682769775391,"Female"
"9004156",371990,2025-06-11 14:15:46,42.4860877990723,-8.89818477630615,"Female"
"9004156",371990,2025-06-11 14:22:43,42.486385345459,-8.89980411529541,"Female"
"9004156",371990,2025-06-11 14:27:53,42.4874305725098,-8.89954471588135,"Female"
"9004156",371990,2025-06-11 14:33:01,42.4869346618652,-8.90117454528809,"Female"
"9004156",371990,2025-06-11 14:38:22,42.4869041442871,-8.90215969085693,"Female"
"9004156",371990,2025-06-11 14:44:39,42.4868202209473,-8.90315532684326,"Female"
"9004156",371990,2025-06-11 14:50:35,42.4864654541016,-8.90301322937012,"Female"
"9004156",371990,2025-06-11 14:54:34,42.4863700866699,-8.90302562713623,"Female"
"9004156",371990,2025-06-11 14:59:31,42.4865112304688,-8.9029426574707,"Female"
"9004156",371990,2025-06-11 15:04:33,42.486442565918,-8.90303134918213,"Female"
"9004156",371990,2025-06-11 15:09:31,42.4864768981934,-8.9030065536499,"Female"
"9004156",371990,2025-06-11 15:14:31,42.4864540100098,-8.90298271179199,"Female"
"9004156",371990,2025-06-11 15:19:31,42.4864692687988,-8.90300941467285,"Female"
"9004156",371990,2025-06-11 15:24:32,42.4864273071289,-8.90301132202148,"Female"
"9004156",371990,2025-06-11 15:29:31,42.4864120483398,-8.90304851531982,"Female"
"9004156",371990,2025-06-11 15:34:31,42.4864387512207,-8.90305137634277,"Female"
"9004156",371990,2025-06-11 15:39:31,42.503288269043,-8.87988471984863,"Female"
"9004156",371990,2025-06-11 15:45:06,42.517936706543,-8.85650444030762,"Female"
"9004156",371990,2025-06-11 15:50:37,42.5196418762207,-8.85710620880127,"Female"
"9004156",371990,2025-06-11 15:55:36,42.5208587646484,-8.85757732391357,"Female"
"9004156",371990,2025-06-11 16:00:48,42.5220108032227,-8.85723209381104,"Female"
"9004156",371990,2025-06-11 16:05:52,42.5228042602539,-8.85727214813232,"Female"
"9004156",371990,2025-06-11 16:11:02,42.5225982666016,-8.85731315612793,"Female"
"9004156",371990,2025-06-11 16:16:26,42.5223541259766,-8.85740375518799,"Female"
"9004156",371990,2025-06-11 16:22:14,42.522575378418,-8.85446453094482,"Female"
"9004156",371990,2025-06-11 16:27:37,42.5219573974609,-8.85436153411865,"Female"
"9004156",371990,2025-06-11 16:32:34,42.5208053588867,-8.85527992248535,"Female"
"9004156",371990,2025-06-11 16:38:00,42.5193214416504,-8.85544300079346,"Female"
"9004156",371990,2025-06-11 16:42:50,42.5193290710449,-8.85768795013428,"Female"
"9004156",371990,2025-06-11 16:48:14,42.5198822021484,-8.85965538024902,"Female"
"9004156",371990,2025-06-11 16:53:06,42.5198364257812,-8.85962009429932,"Female"
"9004156",371990,2025-06-11 16:57:58,42.5084800720215,-8.87799644470215,"Female"
"9004156",371990,2025-06-11 17:03:06,42.5048828125,-8.88023948669434,"Female"
"9004156",371990,2025-06-11 17:07:58,42.504768371582,-8.88001441955566,"Female"
"9004156",371990,2025-06-11 17:12:59,42.5049171447754,-8.88029766082764,"Female"
"9004156",371990,2025-06-11 17:18:06,42.504768371582,-8.88003635406494,"Female"
"9004156",371990,2025-06-11 17:22:59,42.5043449401855,-8.87934684753418,"Female"
"9004156",371990,2025-06-11 17:28:06,42.504825592041,-8.88016414642334,"Female"
"9004156",371990,2025-06-11 17:32:58,42.5047225952148,-8.87994289398193,"Female"
"9004156",371990,2025-06-11 17:38:16,42.5048141479492,-8.8801326751709,"Female"
"9004156",371990,2025-06-11 17:43:00,42.504638671875,-8.87975883483887,"Female"
"9004156",371990,2025-06-11 17:47:56,42.5048866271973,-8.88020038604736,"Female"
"9004156",371990,2025-06-11 17:53:00,42.504451751709,-8.87977313995361,"Female"
"9004156",371990,2025-06-11 17:58:04,42.5048866271973,-8.88018417358398,"Female"
"9004156",371990,2025-06-11 18:03:05,42.5049438476562,-8.88020801544189,"Female"
"9004156",371990,2025-06-11 18:08:06,42.5012321472168,-8.88733005523682,"Female"
"9004156",371990,2025-06-11 18:12:56,42.4930267333984,-8.90056133270264,"Female"
"9004156",371990,2025-06-11 18:18:12,42.4813995361328,-8.92431259155273,"Female"
"9004156",371990,2025-06-11 18:22:56,42.4776420593262,-8.9439582824707,"Female"
"9004156",371990,2025-06-11 18:27:58,42.4663352966309,-8.94610118865967,"Female"
"9004156",371990,2025-06-11 18:34:21,42.4510917663574,-8.94543933868408,"Female"
"9004156",371990,2025-06-11 18:39:21,42.4311180114746,-8.93839263916016,"Female"
"9004156",371990,2025-06-11 18:44:21,42.4129409790039,-8.92858219146729,"Female"
"9004156",371990,2025-06-11 18:48:35,42.3985366821289,-8.92078685760498,"Female"
"9004156",371990,2025-06-11 18:52:57,42.3985366821289,-8.9207820892334,"Female"
"9004156",371990,2025-06-11 18:57:56,42.398509979248,-8.92085456848145,"Female"
"9004156",371990,2025-06-11 19:02:56,42.3985252380371,-8.92093276977539,"Female"
"9004156",371990,2025-06-11 19:07:58,42.3984909057617,-8.92082118988037,"Female"
"9004156",371990,2025-06-11 19:12:57,42.3986320495605,-8.92104530334473,"Female"
"9004156",371990,2025-06-11 19:18:00,42.3985939025879,-8.9209508895874,"Female"
"9004156",371990,2025-06-11 19:22:58,42.3985900878906,-8.92097854614258,"Female"
"9004156",371990,2025-06-11 19:28:00,42.3986282348633,-8.92075061798096,"Female"
"9004156",371990,2025-06-11 19:33:14,42.3985748291016,-8.92078685760498,"Female"
"9004156",371990,2025-06-11 19:37:56,42.3988151550293,-8.92087650299072,"Female"
"9004156",371990,2025-06-11 19:42:57,42.398509979248,-8.92087459564209,"Female"
"9004156",371990,2025-06-11 19:47:57,42.3987655639648,-8.92038726806641,"Female"
"9004156",371990,2025-06-11 19:53:05,42.3984642028809,-8.92073631286621,"Female"
"9004156",371990,2025-06-11 19:58:29,42.3983879089355,-8.9208517074585,"Female"
"9004156",371990,2025-06-11 20:03:29,42.3983917236328,-8.92089366912842,"Female"
"9004156",371990,2025-06-11 20:07:58,42.3982276916504,-8.92045021057129,"Female"
"9004156",371990,2025-06-11 20:13:03,42.3983383178711,-8.92087841033936,"Female"
"9004156",371990,2025-06-11 20:17:57,42.3982734680176,-8.92082691192627,"Female"
"9004156",371990,2025-06-11 20:22:57,42.3990440368652,-8.92213439941406,"Female"
"9004156",371990,2025-06-11 20:27:59,42.3988456726074,-8.92185592651367,"Female"
"9004156",371990,2025-06-11 20:32:57,42.3987846374512,-8.92150115966797,"Female"
"9004156",371990,2025-06-11 20:37:56,42.3986320495605,-8.92123985290527,"Female"
"9004156",371990,2025-06-11 20:42:57,42.3987312316895,-8.92139911651611,"Female"
"9004156",371990,2025-06-11 20:48:06,42.3985366821289,-8.92098331451416,"Female"
"9004156",371990,2025-06-11 20:53:06,42.3985328674316,-8.92106437683105,"Female"
"9004156",371990,2025-06-11 20:58:04,42.3985137939453,-8.92101097106934,"Female"
"9004156",371990,2025-06-11 21:03:14,42.3986053466797,-8.9210729598999,"Female"
"9004156",371990,2025-06-11 21:07:57,42.3986206054688,-8.92128276824951,"Female"
"9004156",371990,2025-06-11 21:13:14,42.3985366821289,-8.92093658447266,"Female"
"9004156",371990,2025-06-11 21:17:57,42.3982887268066,-8.9204568862915,"Female"
"9004156",371990,2025-06-11 21:22:57,42.398509979248,-8.9209623336792,"Female"
"9004156",371990,2025-06-11 21:27:57,42.3985252380371,-8.92115592956543,"Female"
"9004156",371990,2025-06-11 21:32:59,42.3984489440918,-8.92082595825195,"Female"
"9004156",371990,2025-06-11 21:37:56,42.3985328674316,-8.92095756530762,"Female"
"9004156",371990,2025-06-11 21:42:56,42.3985404968262,-8.92094802856445,"Female"
"9004156",371990,2025-06-11 21:48:14,42.398551940918,-8.92104530334473,"Female"
"9004156",371990,2025-06-11 21:52:59,42.3984184265137,-8.92083549499512,"Female"
"9004156",371990,2025-06-11 21:57:56,42.398624420166,-8.92104053497314,"Female"
"9004156",371990,2025-06-11 22:03:00,42.3987121582031,-8.92122745513916,"Female"
"9004156",371990,2025-06-11 22:08:03,42.3984909057617,-8.92089748382568,"Female"
"9004156",371990,2025-06-11 22:13:03,42.3984832763672,-8.92086696624756,"Female"
"9004156",371990,2025-06-11 22:18:26,42.3985710144043,-8.92075729370117,"Female"
"9004156",371990,2025-06-11 22:22:56,42.3986129760742,-8.9212532043457,"Female"
"9004156",371990,2025-06-11 22:27:58,42.3984451293945,-8.9207706451416,"Female"
"9004156",371990,2025-06-11 22:32:57,42.3985557556152,-8.92119789123535,"Female"
"9004156",371990,2025-06-11 22:38:00,42.3986167907715,-8.92095756530762,"Female"
"9004156",371990,2025-06-11 22:43:00,42.3984642028809,-8.92084789276123,"Female"
"9004156",371990,2025-06-11 22:48:14,42.3985443115234,-8.92090034484863,"Female"
"9004156",371990,2025-06-11 22:53:00,42.398624420166,-8.92090702056885,"Female"
"9004156",371990,2025-06-11 22:58:14,42.3986778259277,-8.92081165313721,"Female"
"9004156",371990,2025-06-11 23:02:57,42.3988990783691,-8.92172241210938,"Female"
"9004156",371990,2025-06-11 23:07:58,42.3983573913574,-8.9207124710083,"Female"
"9004156",371990,2025-06-11 23:12:58,42.3986930847168,-8.92135620117188,"Female"
"9004156",371990,2025-06-11 23:17:57,42.3985748291016,-8.92118167877197,"Female"
"9004156",371990,2025-06-11 23:22:58,42.3986167907715,-8.92128276824951,"Female"
"9004156",371990,2025-06-11 23:27:58,42.3985939025879,-8.92110061645508,"Female"
"9004156",371990,2025-06-11 23:33:04,42.3985939025879,-8.9209451675415,"Female"
"9004156",371990,2025-06-11 23:37:58,42.3987350463867,-8.92176723480225,"Female"
"9004156",371990,2025-06-11 23:42:58,42.3987121582031,-8.92108058929443,"Female"
"9004156",371990,2025-06-11 23:48:14,42.3985328674316,-8.92090606689453,"Female"
"9004156",371990,2025-06-11 23:52:58,42.3988456726074,-8.92288398742676,"Female"
"9004156",371990,2025-06-11 23:58:03,42.3986358642578,-8.92044162750244,"Female"
"9004156",371990,2025-06-12 00:03:06,42.3986473083496,-8.92020130157471,"Female"
"9004156",371990,2025-06-12 00:08:06,42.3985710144043,-8.92002487182617,"Female"
"9004156",371990,2025-06-12 00:13:06,42.3986167907715,-8.92032051086426,"Female"
"9004156",371990,2025-06-12 00:18:06,42.3985977172852,-8.92011070251465,"Female"
"9004156",371990,2025-06-12 00:23:06,42.3986053466797,-8.92020606994629,"Female"
"9004156",371990,2025-06-12 00:28:08,42.3986473083496,-8.92033195495605,"Female"
"9004156",371990,2025-06-12 00:33:14,42.3985404968262,-8.92024612426758,"Female"
"9004156",371990,2025-06-12 00:38:06,42.398509979248,-8.92009735107422,"Female"
"9004156",371990,2025-06-12 00:43:06,42.3983764648438,-8.92012977600098,"Female"
"9004156",371990,2025-06-12 00:48:06,42.3981285095215,-8.91996002197266,"Female"
"9004156",371990,2025-06-12 00:53:06,42.3976516723633,-8.91966247558594,"Female"
"9004156",371990,2025-06-12 00:58:06,42.3984184265137,-8.92000198364258,"Female"
"9004156",371990,2025-06-12 01:03:04,42.3982200622559,-8.91987991333008,"Female"
"9004156",371990,2025-06-12 01:08:06,42.3981742858887,-8.91984939575195,"Female"
"9004156",371990,2025-06-12 01:13:07,42.3982810974121,-8.91996002197266,"Female"
"9004156",371990,2025-06-12 01:18:06,42.3981819152832,-8.91984272003174,"Female"
"9004156",371990,2025-06-12 01:23:14,42.3985977172852,-8.92048072814941,"Female"
"9004156",371990,2025-06-12 01:27:56,42.3985481262207,-8.9207706451416,"Female"
"9004156",371990,2025-06-12 01:33:01,42.3987770080566,-8.92058658599854,"Female"
"9004156",371990,2025-06-12 01:38:01,42.3987464904785,-8.92079925537109,"Female"
"9004156",371990,2025-06-12 01:42:59,42.3990936279297,-8.92065906524658,"Female"
"9004156",371990,2025-06-12 01:48:15,42.3987770080566,-8.92068195343018,"Female"
"9004156",371990,2025-06-12 01:53:28,42.3988037109375,-8.92076015472412,"Female"
"9004156",371990,2025-06-12 01:57:58,42.3986778259277,-8.92092037200928,"Female"
"9004156",371990,2025-06-12 02:02:56,42.3986587524414,-8.92079830169678,"Female"
"9004156",371990,2025-06-12 02:07:56,42.3987503051758,-8.92079448699951,"Female"
"9004156",371990,2025-06-12 02:12:57,42.3987007141113,-8.92076301574707,"Female"
"9004156",371990,2025-06-12 02:17:56,42.3986511230469,-8.92085075378418,"Female"
"9004156",371990,2025-06-12 02:22:56,42.3985404968262,-8.92081069946289,"Female"
"9004156",371990,2025-06-12 02:27:56,42.3985977172852,-8.92099475860596,"Female"
"9004156",371990,2025-06-12 02:32:56,42.398494720459,-8.9209156036377,"Female"
"9004156",371990,2025-06-12 02:37:56,42.3984642028809,-8.92096900939941,"Female"
"9004156",371990,2025-06-12 02:42:56,42.3985977172852,-8.92123222351074,"Female"
"9004156",371990,2025-06-12 02:47:56,42.3985557556152,-8.92107772827148,"Female"
"9004156",371990,2025-06-12 02:52:56,42.3985862731934,-8.9209508895874,"Female"
"9004156",371990,2025-06-12 02:57:58,42.3987045288086,-8.92107200622559,"Female"
"9004156",371990,2025-06-12 03:02:59,42.3983879089355,-8.92074775695801,"Female"
"9004156",371990,2025-06-12 03:07:57,42.398624420166,-8.92104053497314,"Female"
"9004156",371990,2025-06-12 03:13:05,42.3987350463867,-8.92110538482666,"Female"
"9004156",371990,2025-06-12 03:18:05,42.3987083435059,-8.92118549346924,"Female"
"9004156",371990,2025-06-12 03:23:04,42.3987121582031,-8.92122459411621,"Female"
"9004156",371990,2025-06-12 03:28:15,42.3987159729004,-8.92123603820801,"Female"
"9004156",371990,2025-06-12 03:32:59,42.3987922668457,-8.92117118835449,"Female"
"9004156",371990,2025-06-12 03:38:13,42.3984107971191,-8.92087268829346,"Female"
"9004156",371990,2025-06-12 03:42:58,42.398551940918,-8.92081546783447,"Female"
"9004156",371990,2025-06-12 03:48:29,42.3983840942383,-8.92092227935791,"Female"
"9004156",371990,2025-06-12 03:52:57,42.398494720459,-8.92087554931641,"Female"
"9004156",371990,2025-06-12 03:58:00,42.3983917236328,-8.92111968994141,"Female"
"9004156",371990,2025-06-12 04:03:06,42.3986854553223,-8.92091751098633,"Female"
"9004156",371990,2025-06-12 04:08:01,42.3986892700195,-8.92087268829346,"Female"
"9004156",371990,2025-06-12 04:13:00,42.3985824584961,-8.92104530334473,"Female"
"9004156",371990,2025-06-12 04:18:13,42.3984375,-8.92101860046387,"Female"
"9004156",371990,2025-06-12 04:22:59,42.3985633850098,-8.92118358612061,"Female"
"9004156",371990,2025-06-12 04:27:56,42.3987426757812,-8.92092609405518,"Female"
"9004156",371990,2025-06-12 04:32:58,42.398681640625,-8.92101955413818,"Female"
"9004156",371990,2025-06-12 04:38:14,42.3986625671387,-8.9209041595459,"Female"
"9004156",371990,2025-06-12 04:42:56,42.398494720459,-8.92120552062988,"Female"
"9004156",371990,2025-06-12 04:47:56,42.3985748291016,-8.92104625701904,"Female"
"9004156",371990,2025-06-12 04:52:56,42.3985404968262,-8.92096614837646,"Female"
"9004156",371990,2025-06-12 04:57:56,42.3985977172852,-8.92094135284424,"Female"
"9004156",371990,2025-06-12 05:02:59,42.3986625671387,-8.92124462127686,"Female"
"9004156",371990,2025-06-12 05:07:59,42.3986358642578,-8.92099285125732,"Female"
"9004156",371990,2025-06-12 05:12:57,42.3986549377441,-8.92101001739502,"Female"
"9004156",371990,2025-06-12 05:17:59,42.3986587524414,-8.92110157012939,"Female"
"9004156",371990,2025-06-12 05:22:58,42.3985786437988,-8.9209156036377,"Female"
"9004156",371990,2025-06-12 05:27:57,42.3982162475586,-8.9200325012207,"Female"
"9004156",371990,2025-06-12 05:33:14,42.3985328674316,-8.92084121704102,"Female"
"9004156",371990,2025-06-12 05:37:57,42.3986206054688,-8.92105865478516,"Female"
"9004156",371990,2025-06-12 05:43:07,42.3988761901855,-8.92319679260254,"Female"
"9004156",371990,2025-06-12 05:48:07,42.3984451293945,-8.92075634002686,"Female"
"9004156",371990,2025-06-12 05:52:58,42.3985443115234,-8.92082786560059,"Female"
"9004156",371990,2025-06-12 05:57:58,42.3984909057617,-8.92055416107178,"Female"
"9004156",371990,2025-06-12 06:04:20,42.3985595703125,-8.92090892791748,"Female"
"9004156",371990,2025-06-12 06:09:20,42.3985595703125,-8.92093372344971,"Female"
"9004156",371990,2025-06-12 06:12:56,42.3985862731934,-8.92098236083984,"Female"
"9004156",371990,2025-06-12 06:17:56,42.3984260559082,-8.92094993591309,"Female"
"9004156",371990,2025-06-12 06:23:01,42.3984336853027,-8.92103004455566,"Female"
"9004156",371990,2025-06-12 06:27:56,42.3985443115234,-8.92094326019287,"Female"
"9004156",371990,2025-06-12 06:32:57,42.398551940918,-8.92095375061035,"Female"
"9004156",371990,2025-06-12 06:37:56,42.3985633850098,-8.92108631134033,"Female"
"9004156",371990,2025-06-12 06:42:56,42.3985824584961,-8.92099475860596,"Female"
"9004156",371990,2025-06-12 06:47:57,42.398609161377,-8.9210958480835,"Female"
"9004156",371990,2025-06-12 06:52:56,42.3985252380371,-8.92094039916992,"Female"
"9004156",371990,2025-06-12 06:57:56,42.3985252380371,-8.92099857330322,"Female"
"9004156",371990,2025-06-12 07:02:58,42.3985862731934,-8.92112255096436,"Female"
"9004156",371990,2025-06-12 07:08:13,42.3985710144043,-8.92097663879395,"Female"
"9004156",371990,2025-06-12 07:12:56,42.3985939025879,-8.92108726501465,"Female"
"9004156",371990,2025-06-12 07:17:56,42.3985137939453,-8.92079639434814,"Female"
"9004156",371990,2025-06-12 07:22:58,42.3987083435059,-8.92129421234131,"Female"
"9004156",371990,2025-06-12 07:27:56,42.3985977172852,-8.92104911804199,"Female"
"9004156",371990,2025-06-12 07:32:59,42.3985633850098,-8.92086505889893,"Female"
"9004156",371990,2025-06-12 07:38:06,42.437614440918,-8.92714691162109,"Female"
"9004156",371990,2025-06-12 07:43:00,42.4829292297363,-8.93054485321045,"Female"
"9004156",371990,2025-06-12 07:57:14,42.4820747375488,-8.92612934112549,"Female"
"9004156",371990,2025-06-12 08:03:05,42.4822769165039,-8.92534065246582,"Female"
"9004156",371990,2025-06-12 08:08:30,42.4818534851074,-8.92715740203857,"Female"
"9004156",371990,2025-06-12 08:14:16,42.4827575683594,-8.92724132537842,"Female"
"9004156",371990,2025-06-12 08:19:14,42.4830551147461,-8.92620944976807,"Female"
"9004156",371990,2025-06-12 08:24:15,42.4833488464355,-8.92591667175293,"Female"
"9004156",371990,2025-06-12 08:29:14,42.483268737793,-8.92609786987305,"Female"
"9004156",371990,2025-06-12 08:34:15,42.4832038879395,-8.926025390625,"Female"
"9004156",371990,2025-06-12 08:39:14,42.4833335876465,-8.92590808868408,"Female"
"9004156",371990,2025-06-12 08:44:14,42.4833221435547,-8.92593479156494,"Female"
"9004156",371990,2025-06-12 08:49:15,42.4832649230957,-8.92594623565674,"Female"
"9004156",371990,2025-06-12 08:54:15,42.4832954406738,-8.92592811584473,"Female"
"9004156",371990,2025-06-12 08:59:15,42.4833145141602,-8.9215726852417,"Female"
"9004156",371990,2025-06-12 09:04:15,42.4832305908203,-8.9215145111084,"Female"
"9004156",371990,2025-06-12 09:09:15,42.4832572937012,-8.92156028747559,"Female"
"9004156",371990,2025-06-12 09:14:46,42.4827919006348,-8.92128753662109,"Female"
"9004156",371990,2025-06-12 09:19:46,42.4833450317383,-8.9193229675293,"Female"
"9004156",371990,2025-06-12 09:24:45,42.484130859375,-8.91830062866211,"Female"
"9004156",371990,2025-06-12 09:29:45,42.4849510192871,-8.91811180114746,"Female"
"9004156",371990,2025-06-12 09:34:45,42.4850082397461,-8.91805648803711,"Female"
"9004156",371990,2025-06-12 09:39:45,42.4849815368652,-8.91804313659668,"Female"
"9004156",371990,2025-06-12 09:44:45,42.4849700927734,-8.91799926757812,"Female"
"9004156",371990,2025-06-12 09:49:45,42.4850082397461,-8.91804790496826,"Female"
"9004156",371990,2025-06-12 09:54:45,42.4849662780762,-8.91802501678467,"Female"
"9004156",371990,2025-06-12 09:59:46,42.4850006103516,-8.91805744171143,"Female"
"9004156",371990,2025-06-12 10:04:46,42.4849853515625,-8.91800022125244,"Female"
"9004156",371990,2025-06-12 10:09:47,42.4850921630859,-8.91819286346436,"Female"
"9004156",371990,2025-06-12 10:14:46,42.485221862793,-8.91820049285889,"Female"
"9004156",371990,2025-06-12 10:19:45,42.4852485656738,-8.91816329956055,"Female"
"9004156",371990,2025-06-12 10:24:45,42.4853744506836,-8.91824722290039,"Female"
"9004156",371990,2025-06-12 10:29:45,42.4851913452148,-8.91826152801514,"Female"
"9004156",371990,2025-06-12 10:34:45,42.4854965209961,-8.91818904876709,"Female"
"9004156",371990,2025-06-12 10:39:45,42.4852676391602,-8.91820812225342,"Female"
"9004156",371990,2025-06-12 10:44:45,42.4850921630859,-8.9183874130249,"Female"
"9004156",371990,2025-06-12 10:49:45,42.4852676391602,-8.91825580596924,"Female"
"9004156",371990,2025-06-12 10:54:46,42.4831924438477,-8.91520118713379,"Female"
"9004156",371990,2025-06-12 11:00:03,42.481803894043,-8.91134071350098,"Female"
"9004156",371990,2025-06-12 11:05:10,42.4819068908691,-8.90988254547119,"Female"
"9004156",371990,2025-06-12 11:10:23,42.4814682006836,-8.9092493057251,"Female"
"9004156",371990,2025-06-12 11:15:22,42.4817047119141,-8.90969657897949,"Female"
"9004156",371990,2025-06-12 11:21:07,42.4826774597168,-8.91079330444336,"Female"
"9004156",371990,2025-06-12 11:26:08,42.4839630126953,-8.91149616241455,"Female"
"9004156",371990,2025-06-12 11:31:07,42.4845237731934,-8.91201400756836,"Female"
"9004156",371990,2025-06-12 11:36:07,42.4845695495605,-8.9130392074585,"Female"
"9004156",371990,2025-06-12 11:41:07,42.4843940734863,-8.91304016113281,"Female"
"9004156",371990,2025-06-12 11:46:07,42.4843330383301,-8.91294574737549,"Female"
"9004156",371990,2025-06-12 11:51:07,42.4853897094727,-8.91299724578857,"Female"
"9004156",371990,2025-06-12 11:56:16,42.48486328125,-8.91362476348877,"Female"
"9004156",371990,2025-06-12 12:01:15,42.4851684570312,-8.91390705108643,"Female"
"9004156",371990,2025-06-12 12:06:15,42.4847183227539,-8.91290473937988,"Female"
"9004156",371990,2025-06-12 12:11:16,42.4843635559082,-8.91289806365967,"Female"
"9004156",371990,2025-06-12 12:16:15,42.4843635559082,-8.91289615631104,"Female"
"9004156",371990,2025-06-12 12:21:16,42.484260559082,-8.91299724578857,"Female"
"9004156",371990,2025-06-12 12:26:16,42.4842071533203,-8.91298866271973,"Female"
"9004156",371990,2025-06-12 12:31:16,42.4844818115234,-8.91308212280273,"Female"
"9004156",371990,2025-06-12 12:36:15,42.4842910766602,-8.91299629211426,"Female"
"9004156",371990,2025-06-12 12:41:15,42.4842147827148,-8.91299057006836,"Female"
"9004156",371990,2025-06-12 12:46:15,42.4842948913574,-8.91294479370117,"Female"
"9004156",371990,2025-06-12 12:51:16,42.484188079834,-8.91286563873291,"Female"
"9004156",371990,2025-06-12 12:56:15,42.4843406677246,-8.91290473937988,"Female"
"9004156",371990,2025-06-12 13:01:15,42.4843597412109,-8.91289520263672,"Female"
"9004156",371990,2025-06-12 13:06:18,42.4843788146973,-8.91285514831543,"Female"
"9004156",371990,2025-06-12 13:11:16,42.4846954345703,-8.91178035736084,"Female"
"9004156",371990,2025-06-12 13:17:13,42.4845237731934,-8.90994167327881,"Female"
"9004156",371990,2025-06-12 13:22:14,42.4861106872559,-8.89827632904053,"Female"
"9004156",371990,2025-06-12 13:27:18,42.4864273071289,-8.89735221862793,"Female"
"9004156",371990,2025-06-12 13:32:21,42.4864921569824,-8.89856910705566,"Female"
"9004156",371990,2025-06-12 13:37:51,42.4863243103027,-8.90005874633789,"Female"
"9004156",371990,2025-06-12 13:42:50,42.4872589111328,-8.90137386322021,"Female"
"9004156",371990,2025-06-12 13:47:52,42.4870414733887,-8.90145397186279,"Female"
"9004156",371990,2025-06-12 13:52:52,42.4873085021973,-8.90151691436768,"Female"
"9004156",371990,2025-06-12 13:57:50,42.4873161315918,-8.90143394470215,"Female"
"9004156",371990,2025-06-12 14:02:50,42.4872550964355,-8.90143966674805,"Female"
"9004156",371990,2025-06-12 14:07:50,42.4873313903809,-8.90146541595459,"Female"
"9004156",371990,2025-06-12 14:12:50,42.4873657226562,-8.90150547027588,"Female"
"9004156",371990,2025-06-12 14:17:51,42.487377166748,-8.90139865875244,"Female"
"9004156",371990,2025-06-12 14:22:50,42.4872894287109,-8.90146350860596,"Female"
"9004156",371990,2025-06-12 14:27:50,42.4873352050781,-8.90146636962891,"Female"
"9004156",371990,2025-06-12 14:32:50,42.4873237609863,-8.90149116516113,"Female"
"9004156",371990,2025-06-12 14:37:50,42.4872817993164,-8.90152359008789,"Female"
"9004156",371990,2025-06-12 14:42:50,42.4872894287109,-8.90142631530762,"Female"
"9004156",371990,2025-06-12 14:47:50,42.4872703552246,-8.9014368057251,"Female"
"9004156",371990,2025-06-12 14:52:50,42.4872779846191,-8.90149402618408,"Female"
"9004156",371990,2025-06-12 14:58:11,42.4864616394043,-8.90187740325928,"Female"
"9004156",371990,2025-06-12 15:03:12,42.4867897033691,-8.90240955352783,"Female"
"9004156",371990,2025-06-12 15:08:21,42.4859619140625,-8.90295696258545,"Female"
"9004156",371990,2025-06-12 15:13:21,42.4865913391113,-8.90301704406738,"Female"
"9004156",371990,2025-06-12 15:18:21,42.4867210388184,-8.90310001373291,"Female"
"9004156",371990,2025-06-12 15:23:21,42.4865913391113,-8.90312576293945,"Female"
"9004156",371990,2025-06-12 15:28:21,42.4866371154785,-8.90311336517334,"Female"
"9004156",371990,2025-06-12 15:33:22,42.4868850708008,-8.90333461761475,"Female"
"9004156",371990,2025-06-12 15:38:20,42.4870529174805,-8.90349388122559,"Female"
"9004156",371990,2025-06-12 15:43:21,42.4866256713867,-8.90312385559082,"Female"
"9004156",371990,2025-06-12 15:48:21,42.4865875244141,-8.90318489074707,"Female"
"9004156",371990,2025-06-12 15:53:22,42.4866027832031,-8.90315246582031,"Female"
"9004156",371990,2025-06-12 15:58:21,42.4865455627441,-8.9031229019165,"Female"
"9004156",371990,2025-06-12 16:03:21,42.4865684509277,-8.90318202972412,"Female"
"9004156",371990,2025-06-12 16:08:22,42.4865837097168,-8.90312480926514,"Female"
"9004156",371990,2025-06-12 16:13:20,42.4865684509277,-8.90315246582031,"Female"
"9004156",371990,2025-06-12 16:18:20,42.4865341186523,-8.90313148498535,"Female"
"9004156",371990,2025-06-12 16:23:20,42.4865646362305,-8.90318012237549,"Female"
"9004156",371990,2025-06-12 16:28:20,42.479850769043,-8.94117069244385,"Female"
"9004156",371990,2025-06-12 16:33:20,42.4779205322266,-8.94418334960938,"Female"
"9004156",371990,2025-06-12 16:38:20,42.4779396057129,-8.94417953491211,"Female"
"9004156",371990,2025-06-12 16:43:20,42.4779663085938,-8.9441089630127,"Female"
"9004156",371990,2025-06-12 16:48:20,42.4779663085938,-8.94413566589355,"Female"
"9004156",371990,2025-06-12 16:53:20,42.4779739379883,-8.94409370422363,"Female"
"9004156",371990,2025-06-12 16:58:21,42.4779472351074,-8.94410610198975,"Female"
"9004156",371990,2025-06-12 17:03:20,42.4779434204102,-8.94411277770996,"Female"
"9004156",371990,2025-06-12 17:08:21,42.477897644043,-8.94404220581055,"Female"
"9004156",371990,2025-06-12 17:13:20,42.4779243469238,-8.94401836395264,"Female"
"9004156",371990,2025-06-12 17:18:21,42.4779472351074,-8.94405460357666,"Female"
"9004156",371990,2025-06-12 17:23:30,42.4781112670898,-8.94398975372314,"Female"
"9004156",371990,2025-06-12 17:28:30,42.4781265258789,-8.94397926330566,"Female"
"9004156",371990,2025-06-12 17:33:21,42.4780807495117,-8.94402408599854,"Female"
"9004156",371990,2025-06-12 17:38:21,42.47802734375,-8.94406127929688,"Female"
"9004156",371990,2025-06-12 17:43:22,42.4780616760254,-8.94403457641602,"Female"
"9004156",371990,2025-06-12 17:48:23,42.478099822998,-8.94409084320068,"Female"
"9004156",371990,2025-06-12 17:53:21,42.4781074523926,-8.94406223297119,"Female"
"9004156",371990,2025-06-12 17:58:21,42.4781036376953,-8.9440975189209,"Female"
"9004156",371990,2025-06-12 18:03:23,42.4780921936035,-8.94415950775146,"Female"
"9004156",371990,2025-06-12 18:08:23,42.4780693054199,-8.94413089752197,"Female"
"9004156",371990,2025-06-12 18:13:30,42.4779319763184,-8.94412040710449,"Female"
"9004156",371990,2025-06-12 18:18:44,42.4779396057129,-8.9440803527832,"Female"
"9004156",371990,2025-06-12 18:23:25,42.4778633117676,-8.94403743743896,"Female"
"9004156",371990,2025-06-12 18:28:23,42.4778213500977,-8.94400024414062,"Female"
"9004156",371990,2025-06-12 18:33:25,42.4778289794922,-8.94410800933838,"Female"
"9004156",371990,2025-06-12 18:38:24,42.477897644043,-8.94398212432861,"Female"
"9004156",371990,2025-06-12 18:43:21,42.4779930114746,-8.94411182403564,"Female"
"9004156",371990,2025-06-12 18:48:21,42.4778633117676,-8.94409561157227,"Female"
"9004156",371990,2025-06-12 18:53:21,42.477954864502,-8.94411659240723,"Female"
"9004156",371990,2025-06-12 18:58:23,42.4779396057129,-8.9441442489624,"Female"
"9004156",371990,2025-06-12 19:03:33,42.4778938293457,-8.94403171539307,"Female"
"9004156",371990,2025-06-12 19:08:25,42.4781188964844,-8.94405078887939,"Female"
"9004156",371990,2025-06-12 19:13:21,42.4779472351074,-8.94416332244873,"Female"
"9004156",371990,2025-06-12 19:18:21,42.4780960083008,-8.94425964355469,"Female"
"9004156",371990,2025-06-12 19:23:21,42.4780235290527,-8.94420337677002,"Female"
"9004156",371990,2025-06-12 19:28:25,42.4780387878418,-8.94415283203125,"Female"
"9004156",371990,2025-06-12 19:33:23,42.4780235290527,-8.94412708282471,"Female"
"9004156",371990,2025-06-12 19:38:23,42.4780006408691,-8.94408798217773,"Female"
"9004156",371990,2025-06-12 19:43:22,42.477897644043,-8.9441614151001,"Female"
"9004156",371990,2025-06-12 19:48:21,42.477954864502,-8.94424057006836,"Female"
"9004156",371990,2025-06-12 19:53:21,42.4779853820801,-8.94425868988037,"Female"
"9004156",371990,2025-06-12 19:58:20,42.4779281616211,-8.94411849975586,"Female"
"9004156",371990,2025-06-12 20:03:20,42.4780960083008,-8.94427394866943,"Female"
"9004156",371990,2025-06-12 20:08:21,42.4775352478027,-8.9446907043457,"Female"
"9004156",371990,2025-06-12 20:13:20,42.4776496887207,-8.94466495513916,"Female"
"9004156",371990,2025-06-12 20:18:21,42.4776878356934,-8.94443702697754,"Female"
"9004156",371990,2025-06-12 20:23:21,42.4777336120605,-8.94423294067383,"Female"
"9004156",371990,2025-06-12 20:28:21,42.4775543212891,-8.94444751739502,"Female"
"9004156",371990,2025-06-12 20:33:25,42.47802734375,-8.9440221786499,"Female"
"9004156",371990,2025-06-12 20:38:21,42.4776725769043,-8.94416809082031,"Female"
"9004156",371990,2025-06-12 20:43:21,42.4780158996582,-8.94408226013184,"Female"
"9004156",371990,2025-06-12 20:48:22,42.4779243469238,-8.94404983520508,"Female"
"9004156",371990,2025-06-12 20:53:21,42.4775123596191,-8.944411277771,"Female"
"9004156",371990,2025-06-12 20:58:20,42.477409362793,-8.94455051422119,"Female"
"9004156",371990,2025-06-12 21:03:20,42.4772987365723,-8.94457244873047,"Female"
"9004156",371990,2025-06-12 21:08:21,42.4774208068848,-8.94447231292725,"Female"
"9004156",371990,2025-06-12 21:13:20,42.4775199890137,-8.94438362121582,"Female"
"9004156",371990,2025-06-12 21:18:23,42.4775352478027,-8.94432830810547,"Female"
"9004156",371990,2025-06-12 21:23:20,42.477725982666,-8.94425582885742,"Female"
"9004156",371990,2025-06-12 21:28:20,42.4778137207031,-8.94418334960938,"Female"
"9004156",371990,2025-06-12 21:33:21,42.4776992797852,-8.94425106048584,"Female"
"9004156",371990,2025-06-12 21:38:20,42.4778938293457,-8.94411945343018,"Female"
"9004156",371990,2025-06-12 21:43:20,42.4778823852539,-8.94408416748047,"Female"
"9004156",371990,2025-06-12 21:48:21,42.4777755737305,-8.94409656524658,"Female"
"9004156",371990,2025-06-12 21:53:20,42.4772987365723,-8.94384479522705,"Female"
"9004156",371990,2025-06-12 21:58:20,42.4778709411621,-8.94393825531006,"Female"
"9004156",371990,2025-06-12 22:03:20,42.4778175354004,-8.94373226165771,"Female"
"9004156",371990,2025-06-12 22:08:20,42.4767150878906,-8.94350814819336,"Female"
"9004156",371990,2025-06-12 22:13:20,42.4775848388672,-8.94364643096924,"Female"
"9004156",371990,2025-06-12 22:18:20,42.4768447875977,-8.94354629516602,"Female"
"9004156",371990,2025-06-12 22:23:20,42.4783706665039,-8.9445333480835,"Female"
"9004156",371990,2025-06-12 22:28:20,42.4776153564453,-8.94395351409912,"Female"
"9004156",371990,2025-06-12 22:33:20,42.4779434204102,-8.94353675842285,"Female"
"9004156",371990,2025-06-12 22:38:25,42.4783477783203,-8.94423580169678,"Female"
"9004156",371990,2025-06-12 22:43:20,42.4779014587402,-8.94414806365967,"Female"
"9004156",371990,2025-06-12 22:48:20,42.4780387878418,-8.94370460510254,"Female"
"9004156",371990,2025-06-12 22:53:20,42.4783782958984,-8.94313049316406,"Female"
"9004156",371990,2025-06-12 22:58:20,42.4780769348145,-8.94368171691895,"Female"
"9004156",371990,2025-06-12 23:03:20,42.4786262512207,-8.94342041015625,"Female"
"9004156",371990,2025-06-12 23:08:21,42.4782829284668,-8.94349098205566,"Female"
"9004156",371990,2025-06-12 23:13:20,42.4780960083008,-8.94354248046875,"Female"
"9004156",371990,2025-06-12 23:18:21,42.4780960083008,-8.94374179840088,"Female"
"9004156",371990,2025-06-12 23:23:21,42.4780654907227,-8.94371509552002,"Female"
"9004156",371990,2025-06-12 23:28:21,42.4779853820801,-8.94398403167725,"Female"
"9004156",371990,2025-06-12 23:33:21,42.4780197143555,-8.94373607635498,"Female"
"9004156",371990,2025-06-12 23:38:20,42.4778823852539,-8.94367694854736,"Female"
"9004156",371990,2025-06-12 23:43:20,42.4779319763184,-8.94391822814941,"Female"
"9004156",371990,2025-06-12 23:48:20,42.47802734375,-8.94391059875488,"Female"
"9004156",371990,2025-06-12 23:53:21,42.4780044555664,-8.9438943862915,"Female"
"9004156",371990,2025-06-12 23:58:21,42.477970123291,-8.94391345977783,"Female"
"9004156",371990,2025-06-13 00:03:20,42.4778327941895,-8.94399261474609,"Female"
"9004156",371990,2025-06-13 00:08:20,42.4778366088867,-8.94394588470459,"Female"
"9004156",371990,2025-06-13 00:13:20,42.4777641296387,-8.94397735595703,"Female"
"9004156",371990,2025-06-13 00:18:20,42.4777183532715,-8.94402503967285,"Female"
"9004156",371990,2025-06-13 00:23:20,42.4778022766113,-8.94406700134277,"Female"
"9004156",371990,2025-06-13 00:28:53,42.4778671264648,-8.94416046142578,"Female"
"9004156",371990,2025-06-13 00:33:19,42.4778175354004,-8.94418048858643,"Female"
"9004156",371990,2025-06-13 00:38:19,42.4777565002441,-8.94413948059082,"Female"
"9004156",371990,2025-06-13 00:43:19,42.4777488708496,-8.94416809082031,"Female"
"9004156",371990,2025-06-13 00:48:19,42.4778137207031,-8.94414234161377,"Female"
"9004156",371990,2025-06-13 00:53:20,42.4777793884277,-8.94415378570557,"Female"
"9004156",371990,2025-06-13 00:58:20,42.4777984619141,-8.94412994384766,"Female"
"9004156",371990,2025-06-13 01:03:20,42.4778060913086,-8.9441556930542,"Female"
"9004156",371990,2025-06-13 01:08:19,42.4778480529785,-8.94416999816895,"Female"
"9004156",371990,2025-06-13 01:13:20,42.477783203125,-8.94417476654053,"Female"
"9004156",371990,2025-06-13 01:18:20,42.4777717590332,-8.94412231445312,"Female"
"9004156",371990,2025-06-13 01:23:20,42.4777030944824,-8.94405841827393,"Female"
"9004156",371990,2025-06-13 01:28:20,42.4777565002441,-8.94408893585205,"Female"
"9004156",371990,2025-06-13 01:33:20,42.4777717590332,-8.94404029846191,"Female"
"9004156",371990,2025-06-13 01:38:20,42.4777221679688,-8.94404125213623,"Female"
"9004156",371990,2025-06-13 01:43:20,42.4777526855469,-8.94414615631104,"Female"
"9004156",371990,2025-06-13 01:48:20,42.4778060913086,-8.94412136077881,"Female"
"9004156",371990,2025-06-13 01:53:20,42.4776496887207,-8.94402980804443,"Female"
"9004156",371990,2025-06-13 01:58:20,42.4776000976562,-8.94400882720947,"Female"
"9004156",371990,2025-06-13 02:03:20,42.4775543212891,-8.94396209716797,"Female"
"9004156",371990,2025-06-13 02:08:20,42.4775238037109,-8.94393157958984,"Female"
"9004156",371990,2025-06-13 02:13:20,42.4776458740234,-8.94405937194824,"Female"
"9004156",371990,2025-06-13 02:18:20,42.4775581359863,-8.94406890869141,"Female"
"9004156",371990,2025-06-13 02:23:20,42.4776268005371,-8.94404220581055,"Female"
"9004156",371990,2025-06-13 02:28:20,42.4776725769043,-8.94399070739746,"Female"
"9004156",371990,2025-06-13 02:33:20,42.4777412414551,-8.94406032562256,"Female"
"9004156",371990,2025-06-13 02:38:20,42.4777984619141,-8.94404315948486,"Female"
"9004156",371990,2025-06-13 02:43:20,42.4778022766113,-8.94400596618652,"Female"
"9004156",371990,2025-06-13 02:48:20,42.4778251647949,-8.94400882720947,"Female"
"9004156",371990,2025-06-13 02:53:20,42.4777679443359,-8.94399070739746,"Female"
"9004156",371990,2025-06-13 02:58:20,42.4778709411621,-8.94414901733398,"Female"
"9004156",371990,2025-06-13 03:03:20,42.4778060913086,-8.94415855407715,"Female"
"9004156",371990,2025-06-13 03:08:20,42.4777565002441,-8.94411182403564,"Female"
"9004156",371990,2025-06-13 03:13:20,42.4779243469238,-8.94427108764648,"Female"
"9004156",371990,2025-06-13 03:18:20,42.4777450561523,-8.94404697418213,"Female"
"9004156",371990,2025-06-13 03:23:20,42.4779090881348,-8.94424343109131,"Female"
"9004156",371990,2025-06-13 03:28:20,42.4776573181152,-8.94402980804443,"Female"
"9004156",371990,2025-06-13 03:33:20,42.4776840209961,-8.94403457641602,"Female"
"9004156",371990,2025-06-13 03:38:20,42.4777679443359,-8.944091796875,"Female"
"9004156",371990,2025-06-13 03:43:20,42.4778213500977,-8.94414806365967,"Female"
"9004156",371990,2025-06-13 03:48:20,42.4778671264648,-8.94422340393066,"Female"
"9004156",371990,2025-06-13 03:53:20,42.4778099060059,-8.94412422180176,"Female"
"9004156",371990,2025-06-13 03:58:20,42.4778442382812,-8.94418334960938,"Female"
"9004156",371990,2025-06-13 04:03:21,42.4779968261719,-8.9443244934082,"Female"
"9004156",371990,2025-06-13 04:08:20,42.4777717590332,-8.94414234161377,"Female"
"9004156",371990,2025-06-13 04:13:20,42.4778251647949,-8.94417476654053,"Female"
"9004156",371990,2025-06-13 04:18:21,42.4779319763184,-8.94428539276123,"Female"
"9004156",371990,2025-06-13 04:23:21,42.4779434204102,-8.94423866271973,"Female"
"9004156",371990,2025-06-13 04:28:23,42.4778785705566,-8.94427680969238,"Female"
"9004156",371990,2025-06-13 04:33:31,42.4778709411621,-8.94422912597656,"Female"
"9004156",371990,2025-06-13 04:38:21,42.4779434204102,-8.94428539276123,"Female"
"9004156",371990,2025-06-13 04:43:24,42.4776992797852,-8.94411754608154,"Female"
"9004156",371990,2025-06-13 04:48:20,42.4776954650879,-8.94430541992188,"Female"
"9004156",371990,2025-06-13 04:53:20,42.4776000976562,-8.94415950775146,"Female"
"9004156",371990,2025-06-13 04:58:26,42.4776000976562,-8.94423866271973,"Female"
"9004156",371990,2025-06-13 05:03:24,42.4774208068848,-8.94386959075928,"Female"
"9004156",371990,2025-06-13 05:08:36,42.4775924682617,-8.94432735443115,"Female"
"9004156",371990,2025-06-13 05:13:37,42.4775886535645,-8.9442024230957,"Female"
"9004156",371990,2025-06-13 05:18:22,42.4776039123535,-8.94447708129883,"Female"
"9004156",371990,2025-06-13 05:23:22,42.477668762207,-8.94446659088135,"Female"
"9004156",371990,2025-06-13 05:28:20,42.4824523925781,-8.9315242767334,"Female"
"9004156",371990,2025-06-13 05:33:36,42.4814758300781,-8.93143844604492,"Female"
"9004156",371990,2025-06-13 05:38:36,42.4809989929199,-8.93007183074951,"Female"
"9004156",371990,2025-06-13 05:43:39,42.4810409545898,-8.92990684509277,"Female"
"9004156",371990,2025-06-13 05:48:32,42.4802284240723,-8.92941570281982,"Female"
"9004156",371990,2025-06-13 05:53:34,42.4813690185547,-8.92697048187256,"Female"
"9004156",371990,2025-06-13 05:58:37,42.4819374084473,-8.92565727233887,"Female"
"9004156",371990,2025-06-13 06:03:40,42.4837684631348,-8.92054080963135,"Female"
"9004156",371990,2025-06-13 06:08:33,42.4830627441406,-8.91978549957275,"Female"
"9004156",371990,2025-06-13 06:13:32,42.4839782714844,-8.91632652282715,"Female"
"9004156",371990,2025-06-13 06:18:47,42.4825782775879,-8.91547203063965,"Female"
"9004156",371990,2025-06-13 06:24:47,42.4832153320312,-8.91700267791748,"Female"
"9004156",371990,2025-06-13 06:29:50,42.4843215942383,-8.91706943511963,"Female"
"9004156",371990,2025-06-13 06:34:48,42.4845695495605,-8.91708660125732,"Female"
"9004156",371990,2025-06-13 06:39:47,42.4845123291016,-8.91678905487061,"Female"
"9004156",371990,2025-06-13 06:44:47,42.4842681884766,-8.91639518737793,"Female"
"9004156",371990,2025-06-13 06:49:56,42.4849281311035,-8.91708469390869,"Female"
"9004156",371990,2025-06-13 06:54:47,42.484748840332,-8.917160987854,"Female"
"9004156",371990,2025-06-13 06:59:47,42.4848098754883,-8.91729068756104,"Female"
"9004156",371990,2025-06-13 07:04:46,42.4846000671387,-8.91709041595459,"Female"
"9004156",371990,2025-06-13 07:09:47,42.4846343994141,-8.91708755493164,"Female"
"9004156",371990,2025-06-13 07:14:46,42.4846839904785,-8.91705799102783,"Female"
"9004156",371990,2025-06-13 07:19:47,42.4852180480957,-8.9169282913208,"Female"
"9004156",371990,2025-06-13 07:24:48,42.4846572875977,-8.91703128814697,"Female"
"9004156",371990,2025-06-13 07:29:47,42.4845924377441,-8.91686630249023,"Female"
"9004156",371990,2025-06-13 07:34:47,42.4823532104492,-8.9166259765625,"Female"
"9004156",371990,2025-06-13 07:40:52,42.4832153320312,-8.91577625274658,"Female"
"9004156",371990,2025-06-13 07:45:55,42.4832763671875,-8.91617107391357,"Female"
"9004156",371990,2025-06-13 07:50:52,42.4840698242188,-8.91601657867432,"Female"
"9004156",371990,2025-06-13 07:55:52,42.4837646484375,-8.91618347167969,"Female"
"9004156",371990,2025-06-13 08:00:51,42.4843063354492,-8.91581535339355,"Female"
"9004156",371990,2025-06-13 08:05:51,42.4842948913574,-8.91573143005371,"Female"
"9004156",371990,2025-06-13 08:10:51,42.4847373962402,-8.91591644287109,"Female"
"9004156",371990,2025-06-13 08:15:54,42.4846801757812,-8.91582489013672,"Female"
"9004156",371990,2025-06-13 08:20:51,42.4845695495605,-8.91570663452148,"Female"
"9004156",371990,2025-06-13 08:25:52,42.4844436645508,-8.91586208343506,"Female"
"9004156",371990,2025-06-13 08:30:51,42.4845733642578,-8.91581535339355,"Female"
"9004156",371990,2025-06-13 08:35:50,42.4846000671387,-8.91584491729736,"Female"
"9004156",371990,2025-06-13 08:40:51,42.484546661377,-8.91585731506348,"Female"
"9004156",371990,2025-06-13 08:45:51,42.484375,-8.91585731506348,"Female"
"9004156",371990,2025-06-13 08:50:51,42.4841232299805,-8.9156551361084,"Female"
"9004156",371990,2025-06-13 08:55:51,42.484130859375,-8.91569042205811,"Female"
"9004156",371990,2025-06-13 09:00:51,42.4840240478516,-8.91559028625488,"Female"
"9004156",371990,2025-06-13 09:05:51,42.4839286804199,-8.91529846191406,"Female"
"9004156",371990,2025-06-13 09:10:51,42.4836273193359,-8.91498374938965,"Female"
"9004156",371990,2025-06-13 09:15:51,42.4837341308594,-8.91512107849121,"Female"
"9004156",371990,2025-06-13 09:20:56,42.483943939209,-8.91458415985107,"Female"
"9004156",371990,2025-06-13 09:26:07,42.4841384887695,-8.91409111022949,"Female"
"9004156",371990,2025-06-13 09:31:02,42.4840431213379,-8.9131498336792,"Female"
"9004156",371990,2025-06-13 09:36:02,42.4838790893555,-8.91179180145264,"Female"
"9004156",371990,2025-06-13 09:41:48,42.4833335876465,-8.91252994537354,"Female"
"9004156",371990,2025-06-13 09:47:11,42.483283996582,-8.91329479217529,"Female"
"9004156",371990,2025-06-13 09:52:34,42.4836196899414,-8.91330528259277,"Female"
"9004156",371990,2025-06-13 09:57:38,42.4839973449707,-8.91401290893555,"Female"
"9004156",371990,2025-06-13 10:02:36,42.4840126037598,-8.91402626037598,"Female"
"9004156",371990,2025-06-13 10:07:34,42.4839324951172,-8.91406440734863,"Female"
"9004156",371990,2025-06-13 10:12:39,42.4841041564941,-8.91403484344482,"Female"
"9004156",371990,2025-06-13 10:17:36,42.4840850830078,-8.91406154632568,"Female"
"9004156",371990,2025-06-13 10:22:39,42.4841156005859,-8.9140796661377,"Female"
"9004156",371990,2025-06-13 10:27:40,42.4842796325684,-8.91402435302734,"Female"
"9004156",371990,2025-06-13 10:32:34,42.4845008850098,-8.91390895843506,"Female"
"9004156",371990,2025-06-13 10:37:34,42.4830017089844,-8.91432571411133,"Female"
"9004156",371990,2025-06-13 10:42:42,42.4840393066406,-8.91389274597168,"Female"
"9004156",371990,2025-06-13 10:48:13,42.4819755554199,-8.91117286682129,"Female"
"9004156",371990,2025-06-13 10:53:49,42.4825859069824,-8.91056823730469,"Female"
"9004156",371990,2025-06-13 10:58:50,42.4809951782227,-8.91158199310303,"Female"
"9004156",371990,2025-06-13 11:03:49,42.4827995300293,-8.91108512878418,"Female"
"9004156",371990,2025-06-13 11:08:49,42.4838981628418,-8.91158008575439,"Female"
"9004156",371990,2025-06-13 11:13:53,42.4851684570312,-8.91287422180176,"Female"
"9004156",371990,2025-06-13 11:18:48,42.4855270385742,-8.91297626495361,"Female"
"9004156",371990,2025-06-13 11:23:47,42.4855041503906,-8.91298198699951,"Female"
"9004156",371990,2025-06-13 11:28:47,42.4855537414551,-8.91291904449463,"Female"
"9004156",371990,2025-06-13 11:33:44,42.4855079650879,-8.91286754608154,"Female"
"9004156",371990,2025-06-13 11:38:43,42.4858093261719,-8.91276454925537,"Female"
"9004156",371990,2025-06-13 11:43:49,42.485595703125,-8.91289710998535,"Female"
"9004156",371990,2025-06-13 11:48:49,42.4859733581543,-8.91239547729492,"Female"
"9004156",371990,2025-06-13 11:54:05,42.4856910705566,-8.91275882720947,"Female"
"9004156",371990,2025-06-13 11:58:39,42.4856605529785,-8.91281700134277,"Female"
"9004156",371990,2025-06-13 12:03:39,42.4857559204102,-8.91281986236572,"Female"
"9004156",371990,2025-06-13 12:08:39,42.485725402832,-8.91287326812744,"Female"
"9004156",371990,2025-06-13 12:13:40,42.4857482910156,-8.91285514831543,"Female"
"9004156",371990,2025-06-13 12:18:40,42.4857292175293,-8.91281032562256,"Female"
"9004156",371990,2025-06-13 12:23:40,42.4856834411621,-8.91281890869141,"Female"
"9004156",371990,2025-06-13 12:29:28,42.4849662780762,-8.91341495513916,"Female"
"9004156",371990,2025-06-13 12:35:12,42.4840812683105,-8.91416263580322,"Female"
"9004156",371990,2025-06-13 12:40:33,42.4837341308594,-8.91327476501465,"Female"
"9004156",371990,2025-06-13 12:45:33,42.483772277832,-8.91377639770508,"Female"
"9004156",371990,2025-06-13 12:50:33,42.4840469360352,-8.91766548156738,"Female"
"9004156",371990,2025-06-13 12:55:34,42.4841156005859,-8.91774559020996,"Female"
"9004156",371990,2025-06-13 13:00:34,42.4841003417969,-8.91773700714111,"Female"
"9004156",371990,2025-06-13 13:05:33,42.4840888977051,-8.91775321960449,"Female"
"9004156",371990,2025-06-13 13:10:33,42.4841079711914,-8.91772556304932,"Female"
"9004156",371990,2025-06-13 13:15:36,42.4840927124023,-8.91774463653564,"Female"
"9004156",371990,2025-06-13 13:20:34,42.4840927124023,-8.9177417755127,"Female"
"9004156",371990,2025-06-13 13:25:36,42.4841613769531,-8.91774749755859,"Female"
"9004156",371990,2025-06-13 13:30:36,42.4839363098145,-8.9177885055542,"Female"
"9004156",371990,2025-06-13 13:35:34,42.4839553833008,-8.91778469085693,"Female"
"9004156",371990,2025-06-13 13:40:34,42.4841079711914,-8.91778469085693,"Female"
"9004156",371990,2025-06-13 13:45:33,42.4840698242188,-8.91790580749512,"Female"
"9004156",371990,2025-06-13 13:50:33,42.4840049743652,-8.91790294647217,"Female"
"9004156",371990,2025-06-13 13:55:33,42.483959197998,-8.9177303314209,"Female"
"9004156",371990,2025-06-13 14:00:33,42.4839820861816,-8.91779804229736,"Female"
"9004156",371990,2025-06-13 14:05:33,42.4839897155762,-8.91778087615967,"Female"
"9004156",371990,2025-06-13 14:10:33,42.4840545654297,-8.91787242889404,"Female"
"9004156",371990,2025-06-13 14:15:33,42.4840812683105,-8.91793060302734,"Female"
"9004156",371990,2025-06-13 14:20:33,42.4841041564941,-8.91781234741211,"Female"
"9004156",371990,2025-06-13 14:25:34,42.4840316772461,-8.9179162979126,"Female"
"9004156",371990,2025-06-13 14:30:33,42.4835624694824,-8.91929531097412,"Female"
"9004156",371990,2025-06-13 14:35:33,42.4830894470215,-8.91947650909424,"Female"
"9004156",371990,2025-06-13 14:41:38,42.4839248657227,-8.91855430603027,"Female"
"9004156",371990,2025-06-13 14:46:44,42.4847183227539,-8.9184103012085,"Female"
"9004156",371990,2025-06-13 14:52:38,42.4848403930664,-8.91870212554932,"Female"
"9004156",371990,2025-06-13 14:58:23,42.4853210449219,-8.91915607452393,"Female"
"9004156",371990,2025-06-13 15:03:21,42.4860305786133,-8.91821765899658,"Female"
"9004156",371990,2025-06-13 15:08:16,42.4860610961914,-8.91839218139648,"Female"
"9004156",371990,2025-06-13 15:13:16,42.4860191345215,-8.91835021972656,"Female"
"9004156",371990,2025-06-13 15:18:15,42.486026763916,-8.91833305358887,"Female"
"9004156",371990,2025-06-13 15:23:27,42.4860763549805,-8.91850662231445,"Female"
"9004156",371990,2025-06-13 15:28:26,42.4864273071289,-8.91848754882812,"Female"
"9004156",371990,2025-06-13 15:33:15,42.4862060546875,-8.91865158081055,"Female"
"9004156",371990,2025-06-13 15:38:15,42.4861831665039,-8.91883659362793,"Female"
"9004156",371990,2025-06-13 15:43:26,42.4864349365234,-8.91863632202148,"Female"
"9004156",371990,2025-06-13 15:48:16,42.4863471984863,-8.9188175201416,"Female"
"9004156",371990,2025-06-13 15:53:16,42.4862251281738,-8.91862106323242,"Female"
"9004156",371990,2025-06-13 15:58:14,42.4862060546875,-8.9187536239624,"Female"
"9004156",371990,2025-06-13 16:03:18,42.4861335754395,-8.91845798492432,"Female"
"9004156",371990,2025-06-13 16:08:16,42.4861602783203,-8.91849899291992,"Female"
"9004156",371990,2025-06-13 16:13:18,42.4860801696777,-8.91840553283691,"Female"
"9004156",371990,2025-06-13 16:18:18,42.486198425293,-8.91854667663574,"Female"
"9004156",371990,2025-06-13 16:23:33,42.4863967895508,-8.91865730285645,"Female"
"9004156",371990,2025-06-13 16:28:14,42.4863128662109,-8.91854190826416,"Female"
"9004156",371990,2025-06-13 16:33:14,42.4862480163574,-8.91844272613525,"Female"
"9004156",371990,2025-06-13 16:38:14,42.4865379333496,-8.91868019104004,"Female"
"9004156",371990,2025-06-13 16:43:14,42.4866218566895,-8.91860866546631,"Female"
"9004156",371990,2025-06-13 16:48:15,42.4865684509277,-8.91874694824219,"Female"
"9004156",371990,2025-06-13 16:53:17,42.4868583679199,-8.91951847076416,"Female"
"9004156",371990,2025-06-13 16:59:02,42.4857177734375,-8.91812610626221,"Female"
"9004156",371990,2025-06-13 17:05:16,42.4853858947754,-8.91710376739502,"Female"
"9004156",371990,2025-06-13 17:10:40,42.4852523803711,-8.91637420654297,"Female"
"9004156",371990,2025-06-13 17:16:22,42.4860076904297,-8.91592788696289,"Female"
"9004156",371990,2025-06-13 17:21:21,42.4859924316406,-8.91575622558594,"Female"
"9004156",371990,2025-06-13 17:26:21,42.4859619140625,-8.91579437255859,"Female"
"9004156",371990,2025-06-13 17:31:21,42.4859733581543,-8.91579246520996,"Female"
"9004156",371990,2025-06-13 17:36:21,42.4859733581543,-8.91567420959473,"Female"
"9004156",371990,2025-06-13 17:41:21,42.4859886169434,-8.91581439971924,"Female"
"9004156",371990,2025-06-13 17:46:24,42.4833755493164,-8.9207649230957,"Female"
"9004156",371990,2025-06-13 17:51:28,42.4860725402832,-8.91432476043701,"Female"
"9004156",371990,2025-06-13 17:56:26,42.4859962463379,-8.91431617736816,"Female"
"9004156",371990,2025-06-13 18:01:42,42.4861602783203,-8.91570568084717,"Female"
"9004156",371990,2025-06-13 18:06:20,42.4858856201172,-8.91597461700439,"Female"
"9004156",371990,2025-06-13 18:11:23,42.4859237670898,-8.91566181182861,"Female"
"9004156",371990,2025-06-13 18:16:21,42.4861335754395,-8.91585922241211,"Female"
"9004156",371990,2025-06-13 18:22:05,42.4844779968262,-8.91669368743896,"Female"
"9004156",371990,2025-06-13 18:27:28,42.4833602905273,-8.91631603240967,"Female"
"9004156",371990,2025-06-13 18:32:50,42.483024597168,-8.91578674316406,"Female"
"9004156",371990,2025-06-13 18:38:11,42.4830131530762,-8.91611671447754,"Female"
"9004156",371990,2025-06-13 18:43:52,42.4841537475586,-8.91597270965576,"Female"
"9004156",371990,2025-06-13 18:49:14,42.4840850830078,-8.91603088378906,"Female"
"9004156",371990,2025-06-13 18:53:50,42.4840049743652,-8.91606044769287,"Female"
"9004156",371990,2025-06-13 18:58:50,42.4840431213379,-8.91618728637695,"Female"
"9004156",371990,2025-06-13 19:03:50,42.4839935302734,-8.91593647003174,"Female"
"9004156",371990,2025-06-13 19:08:50,42.4840393066406,-8.91603469848633,"Female"
"9004156",371990,2025-06-13 19:13:50,42.483943939209,-8.91616439819336,"Female"
"9004156",371990,2025-06-13 19:18:50,42.4840240478516,-8.91608047485352,"Female"
"9004156",371990,2025-06-13 19:23:50,42.480354309082,-8.93862247467041,"Female"
"9004156",371990,2025-06-13 19:28:50,42.476749420166,-8.94521617889404,"Female"
"9004156",371990,2025-06-13 19:33:50,42.4769439697266,-8.94475269317627,"Female"
"9004156",371990,2025-06-13 19:38:51,42.4771194458008,-8.94506740570068,"Female"
"9004156",371990,2025-06-13 19:43:53,42.4772300720215,-8.94495487213135,"Female"
"9004156",371990,2025-06-13 19:48:51,42.4778175354004,-8.94443702697754,"Female"
"9004156",371990,2025-06-13 19:53:54,42.4772262573242,-8.94489192962646,"Female"
"9004156",371990,2025-06-13 19:58:54,42.4770355224609,-8.94515132904053,"Female"
"9004156",371990,2025-06-13 20:04:00,42.477123260498,-8.944993019104,"Female"
"9004156",371990,2025-06-13 20:08:53,42.4769325256348,-8.94508075714111,"Female"
"9004156",371990,2025-06-13 20:13:52,42.4770278930664,-8.94503784179688,"Female"
"9004156",371990,2025-06-13 20:18:51,42.4769554138184,-8.94507122039795,"Female"
"9004156",371990,2025-06-13 20:23:55,42.476993560791,-8.94494533538818,"Female"
"9004156",371990,2025-06-13 20:28:50,42.477123260498,-8.94495105743408,"Female"
"9004156",371990,2025-06-13 20:33:53,42.477165222168,-8.94418430328369,"Female"
"9004156",371990,2025-06-13 20:38:53,42.4770774841309,-8.94506168365479,"Female"
"9004156",371990,2025-06-13 20:43:53,42.4767761230469,-8.94665336608887,"Female"
"9004156",371990,2025-06-13 20:48:50,42.476879119873,-8.94519996643066,"Female"
"9004156",371990,2025-06-13 20:53:50,42.476619720459,-8.94540023803711,"Female"
"9004156",371990,2025-06-13 20:58:57,42.4765777587891,-8.94492816925049,"Female"
"9004156",371990,2025-06-13 21:03:54,42.4766120910645,-8.94494152069092,"Female"
"9004156",371990,2025-06-13 21:08:54,42.4766044616699,-8.94548225402832,"Female"
"9004156",371990,2025-06-13 21:13:53,42.4765892028809,-8.9451379776001,"Female"
"9004156",371990,2025-06-13 21:18:53,42.4765243530273,-8.94495868682861,"Female"
"9004156",371990,2025-06-13 21:23:51,42.4765625,-8.94516181945801,"Female"
"9004156",371990,2025-06-13 21:28:50,42.4765548706055,-8.94534206390381,"Female"
"9004156",371990,2025-06-13 21:33:53,42.4765167236328,-8.94530582427979,"Female"
"9004156",371990,2025-06-13 21:38:54,42.4763793945312,-8.94489192962646,"Female"
"9004156",371990,2025-06-13 21:43:51,42.4764747619629,-8.94560527801514,"Female"
"9004156",371990,2025-06-13 21:48:59,42.4762306213379,-8.94439792633057,"Female"
"9004156",371990,2025-06-13 21:53:57,42.4761581420898,-8.94435787200928,"Female"
"9004156",371990,2025-06-13 21:58:50,42.4762306213379,-8.94520854949951,"Female"
"9004156",371990,2025-06-13 22:03:52,42.4761772155762,-8.9448299407959,"Female"
"9004156",371990,2025-06-13 22:08:52,42.4760513305664,-8.94520664215088,"Female"
"9004156",371990,2025-06-13 22:13:51,42.475902557373,-8.94433879852295,"Female"
"9004156",371990,2025-06-13 22:18:51,42.4758720397949,-8.94426727294922,"Female"
"9004156",371990,2025-06-13 22:23:55,42.4756202697754,-8.9445104598999,"Female"
"9004156",371990,2025-06-13 22:28:53,42.475040435791,-8.94521141052246,"Female"
"9004156",371990,2025-06-13 22:34:06,42.4755897521973,-8.94446659088135,"Female"
"9004156",371990,2025-06-13 22:38:53,42.4757652282715,-8.94469451904297,"Female"
"9004156",371990,2025-06-13 22:43:51,42.4758644104004,-8.94472122192383,"Female"
"9004156",371990,2025-06-13 22:48:51,42.4779663085938,-8.94388198852539,"Female"
"9004156",371990,2025-06-13 22:53:50,42.4779281616211,-8.9439582824707,"Female"
"9004156",371990,2025-06-13 22:58:50,42.4777221679688,-8.94413280487061,"Female"
"9004156",371990,2025-06-13 23:03:50,42.4774856567383,-8.94427108764648,"Female"
"9004156",371990,2025-06-13 23:08:50,42.4776191711426,-8.94431018829346,"Female"
"9004156",371990,2025-06-13 23:13:50,42.4775543212891,-8.94436836242676,"Female"
"9004156",371990,2025-06-13 23:18:50,42.4775352478027,-8.94443511962891,"Female"
"9004156",371990,2025-06-13 23:23:50,42.477424621582,-8.94441413879395,"Female"
"9004156",371990,2025-06-13 23:28:51,42.4772796630859,-8.94447708129883,"Female"
"9004156",371990,2025-06-13 23:33:53,42.4767074584961,-8.94421577453613,"Female"
"9004156",371990,2025-06-13 23:38:57,42.4772758483887,-8.94452953338623,"Female"
"9004156",371990,2025-06-13 23:43:52,42.4772453308105,-8.9445629119873,"Female"
"9004156",371990,2025-06-13 23:48:51,42.4773750305176,-8.94481468200684,"Female"
"9004156",371990,2025-06-13 23:53:51,42.4772567749023,-8.94471168518066,"Female"
"9004156",371990,2025-06-13 23:58:51,42.4772262573242,-8.94473743438721,"Female"
"9004156",371990,2025-06-14 00:03:51,42.4772338867188,-8.94478893280029,"Female"
"9004156",371990,2025-06-14 00:08:51,42.4771385192871,-8.94464111328125,"Female"
"9004156",371990,2025-06-14 00:13:57,42.4774055480957,-8.94489765167236,"Female"
"9004156",371990,2025-06-14 00:18:51,42.4775123596191,-8.94499111175537,"Female"
"9004156",371990,2025-06-14 00:24:00,42.4771003723145,-8.9446382522583,"Female"
"9004156",371990,2025-06-14 00:28:51,42.4771614074707,-8.9448299407959,"Female"
"9004156",371990,2025-06-14 00:33:54,42.4771842956543,-8.94465351104736,"Female"
"9004156",371990,2025-06-14 00:38:54,42.4773902893066,-8.94495964050293,"Female"
"9004156",371990,2025-06-14 00:43:52,42.4771957397461,-8.94478225708008,"Female"
"9004156",371990,2025-06-14 00:48:55,42.4772148132324,-8.94483661651611,"Female"
"9004156",371990,2025-06-14 00:53:51,42.4774017333984,-8.94502067565918,"Female"
"9004156",371990,2025-06-14 00:58:53,42.4773216247559,-8.94494819641113,"Female"
"9004156",371990,2025-06-14 01:03:54,42.4775390625,-8.94523811340332,"Female"
"9004156",371990,2025-06-14 01:09:02,42.4773139953613,-8.94499969482422,"Female"
"9004156",371990,2025-06-14 01:13:51,42.4771118164062,-8.94471454620361,"Female"
"9004156",371990,2025-06-14 01:18:51,42.4770927429199,-8.94467735290527,"Female"
"9004156",371990,2025-06-14 01:23:53,42.4771118164062,-8.94464778900146,"Female"
"9004156",371990,2025-06-14 01:28:51,42.4772186279297,-8.94441890716553,"Female"
"9004156",371990,2025-06-14 01:33:51,42.4773025512695,-8.94496726989746,"Female"
"9004156",371990,2025-06-14 01:38:50,42.4772720336914,-8.94508838653564,"Female"
"9004156",371990,2025-06-14 01:44:14,42.4773559570312,-8.94480037689209,"Female"
"9004156",371990,2025-06-14 01:48:53,42.477180480957,-8.94491767883301,"Female"
"9004156",371990,2025-06-14 01:53:50,42.4774055480957,-8.94477558135986,"Female"
"9004156",371990,2025-06-14 01:58:50,42.4773178100586,-8.94481468200684,"Female"
"9004156",371990,2025-06-14 02:03:50,42.4772491455078,-8.94472026824951,"Female"
"9004156",371990,2025-06-14 02:08:52,42.4773254394531,-8.94474601745605,"Female"
"9004156",371990,2025-06-14 02:13:54,42.4772987365723,-8.94480895996094,"Female"
"9004156",371990,2025-06-14 02:18:53,42.4771881103516,-8.94466018676758,"Female"
"9004156",371990,2025-06-14 02:24:04,42.4760780334473,-8.94400215148926,"Female"
"9004156",371990,2025-06-14 02:29:14,42.477108001709,-8.94477081298828,"Female"
"9004156",371990,2025-06-14 02:34:01,42.4772300720215,-8.94466114044189,"Female"
"9004156",371990,2025-06-14 02:39:04,42.4772911071777,-8.94460296630859,"Female"
"9004156",371990,2025-06-14 02:44:06,42.4775505065918,-8.94442462921143,"Female"
"9004156",371990,2025-06-14 02:49:14,42.4772834777832,-8.94468212127686,"Female"
"9004156",371990,2025-06-14 02:54:00,42.4773254394531,-8.94455337524414,"Female"
"9004156",371990,2025-06-14 02:59:00,42.4773254394531,-8.94459247589111,"Female"
"9004156",371990,2025-06-14 03:04:04,42.4772071838379,-8.94490718841553,"Female"
"9004156",371990,2025-06-14 03:09:14,42.4760589599609,-8.94551086425781,"Female"
"9004156",371990,2025-06-14 03:13:59,42.4769287109375,-8.94485569000244,"Female"
"9004156",371990,2025-06-14 03:18:59,42.4769973754883,-8.94468402862549,"Female"
"9004156",371990,2025-06-14 03:24:00,42.4768714904785,-8.94439125061035,"Female"
"9004156",371990,2025-06-14 03:28:58,42.4770355224609,-8.94468593597412,"Female"
"9004156",371990,2025-06-14 03:34:04,42.4766044616699,-8.94384384155273,"Female"
"9004156",371990,2025-06-14 03:38:54,42.4762687683105,-8.94401454925537,"Female"
"9004156",371990,2025-06-14 03:44:06,42.47705078125,-8.94447994232178,"Female"
"9004156",371990,2025-06-14 03:49:23,42.4771423339844,-8.94470024108887,"Female"
"9004156",371990,2025-06-14 03:53:51,42.4767417907715,-8.94435214996338,"Female"
"9004156",371990,2025-06-14 03:58:50,42.4770584106445,-8.9444751739502,"Female"
"9004156",371990,2025-06-14 04:03:50,42.4771690368652,-8.94450855255127,"Female"
"9004156",371990,2025-06-14 04:08:51,42.4772644042969,-8.94485855102539,"Female"
"9004156",371990,2025-06-14 04:13:51,42.4770622253418,-8.94476318359375,"Female"
"9004156",371990,2025-06-14 04:18:50,42.477180480957,-8.944655418396,"Female"
"9004156",371990,2025-06-14 04:23:59,42.477409362793,-8.94496440887451,"Female"
"9004156",371990,2025-06-14 04:28:55,42.4772071838379,-8.94481754302979,"Female"
"9004156",371990,2025-06-14 04:34:00,42.4771537780762,-8.94459438323975,"Female"
"9004156",371990,2025-06-14 04:38:57,42.4773597717285,-8.94452857971191,"Female"
"9004156",371990,2025-06-14 04:43:57,42.4772911071777,-8.94476413726807,"Female"
"9004156",371990,2025-06-14 04:48:50,42.4769859313965,-8.94445514678955,"Female"
"9004156",371990,2025-06-14 04:53:53,42.4771423339844,-8.94468975067139,"Female"
"9004156",371990,2025-06-14 04:58:53,42.477108001709,-8.94460487365723,"Female"
"9004156",371990,2025-06-14 05:04:12,42.4771919250488,-8.9444580078125,"Female"
"9004156",371990,2025-06-14 05:09:05,42.4771575927734,-8.9445161819458,"Female"
"9004156",371990,2025-06-14 05:13:52,42.4771347045898,-8.94459056854248,"Female"
"9004156",371990,2025-06-14 05:18:55,42.4770126342773,-8.94466686248779,"Female"
"9004156",371990,2025-06-14 05:23:53,42.4766883850098,-8.94453811645508,"Female"
"9004156",371990,2025-06-14 05:28:57,42.4772148132324,-8.94447135925293,"Female"
"9004156",371990,2025-06-14 05:33:53,42.4772682189941,-8.94454288482666,"Female"
"9004156",371990,2025-06-14 05:38:54,42.4767379760742,-8.94425392150879,"Female"
"9004156",371990,2025-06-14 05:43:53,42.4771575927734,-8.94469928741455,"Female"
"9004156",371990,2025-06-14 05:48:54,42.4768104553223,-8.94427394866943,"Female"
"9004156",371990,2025-06-14 05:54:10,42.4771842956543,-8.94458770751953,"Female"
"9004156",371990,2025-06-14 05:58:53,42.4773368835449,-8.94458198547363,"Female"
"9004156",371990,2025-06-14 06:03:54,42.4773368835449,-8.94459629058838,"Female"
"9004156",371990,2025-06-14 06:09:08,42.4771194458008,-8.94469928741455,"Female"
"9004156",371990,2025-06-14 06:13:53,42.476921081543,-8.94485950469971,"Female"
"9004156",371990,2025-06-14 06:18:54,42.4768981933594,-8.94501686096191,"Female"
"9004156",371990,2025-06-14 06:23:55,42.4773025512695,-8.94537162780762,"Female"
"9004156",371990,2025-06-14 06:28:55,42.4768981933594,-8.94502258300781,"Female"
"9004156",371990,2025-06-14 06:33:53,42.4772872924805,-8.9447774887085,"Female"
"9004156",371990,2025-06-14 06:38:51,42.4827919006348,-8.93134117126465,"Female"
"9004156",371990,2025-06-14 06:44:02,42.4815139770508,-8.93139362335205,"Female"
"9004156",371990,2025-06-14 06:49:17,42.4851684570312,-8.93033123016357,"Female"
"9004156",371990,2025-06-14 06:55:36,42.4847717285156,-8.92877388000488,"Female"
"9004156",371990,2025-06-14 07:00:36,42.484546661377,-8.92805004119873,"Female"
"9004156",371990,2025-06-14 07:05:58,42.4848556518555,-8.92789745330811,"Female"
"9004156",371990,2025-06-14 07:11:02,42.4847869873047,-8.92719554901123,"Female"
"9004156",371990,2025-06-14 07:15:57,42.4848403930664,-8.92727279663086,"Female"
"9004156",371990,2025-06-14 07:21:02,42.48486328125,-8.92724227905273,"Female"
"9004156",371990,2025-06-14 07:26:06,42.4848365783691,-8.92725276947021,"Female"
"9004156",371990,2025-06-14 07:31:03,42.4848480224609,-8.92720985412598,"Female"
"9004156",371990,2025-06-14 07:36:12,42.4848670959473,-8.92718601226807,"Female"
"9004156",371990,2025-06-14 07:41:14,42.4848556518555,-8.92721939086914,"Female"
"9004156",371990,2025-06-14 07:45:48,42.48486328125,-8.9272289276123,"Female"
"9004156",371990,2025-06-14 07:50:49,42.4848747253418,-8.92724323272705,"Female"
"9004156",371990,2025-06-14 07:55:49,42.484790802002,-8.92716121673584,"Female"
"9004156",371990,2025-06-14 08:00:51,42.4848022460938,-8.92714023590088,"Female"
"9004156",371990,2025-06-14 08:05:52,42.484935760498,-8.92714405059814,"Female"
"9004156",371990,2025-06-14 08:10:54,42.4850807189941,-8.92706966400146,"Female"
"9004156",371990,2025-06-14 08:16:00,42.4849739074707,-8.9270601272583,"Female"
"9004156",371990,2025-06-14 08:20:52,42.4847946166992,-8.92714786529541,"Female"
"9004156",371990,2025-06-14 08:25:49,42.4850769042969,-8.9270601272583,"Female"
"9004156",371990,2025-06-14 08:31:14,42.484920501709,-8.92701053619385,"Female"
"9004156",371990,2025-06-14 08:35:48,42.4847030639648,-8.92716026306152,"Female"
"9004156",371990,2025-06-14 08:40:48,42.4849853515625,-8.9272403717041,"Female"
"9004156",371990,2025-06-14 08:45:48,42.4848098754883,-8.92808818817139,"Female"
"9004156",371990,2025-06-14 08:51:37,42.4857940673828,-8.92351722717285,"Female"
"9004156",371990,2025-06-14 08:56:33,42.4851913452148,-8.92241764068604,"Female"
"9004156",371990,2025-06-14 09:01:33,42.4852561950684,-8.92259979248047,"Female"
"9004156",371990,2025-06-14 09:06:40,42.4858360290527,-8.92347240447998,"Female"
"9004156",371990,2025-06-14 09:11:33,42.4856071472168,-8.92362022399902,"Female"
"9004156",371990,2025-06-14 09:16:39,42.4851341247559,-8.92277050018311,"Female"
"9004156",371990,2025-06-14 09:21:39,42.4850540161133,-8.92266368865967,"Female"
"9004156",371990,2025-06-14 09:27:05,42.4853363037109,-8.92325210571289,"Female"
"9004156",371990,2025-06-14 09:31:33,42.485595703125,-8.92334938049316,"Female"
"9004156",371990,2025-06-14 09:36:33,42.4855346679688,-8.92328548431396,"Female"
"9004156",371990,2025-06-14 09:41:34,42.484546661377,-8.92350292205811,"Female"
"9004156",371990,2025-06-14 09:47:29,42.4848861694336,-8.92352390289307,"Female"
"9004156",371990,2025-06-14 09:52:49,42.4843978881836,-8.92277050018311,"Female"
"9004156",371990,2025-06-14 09:58:26,42.4842300415039,-8.92130947113037,"Female"
"9004156",371990,2025-06-14 10:03:25,42.484058380127,-8.92022800445557,"Female"
"9004156",371990,2025-06-14 10:08:25,42.4840393066406,-8.92016220092773,"Female"
"9004156",371990,2025-06-14 10:13:24,42.4840126037598,-8.92018032073975,"Female"
"9004156",371990,2025-06-14 10:18:26,42.4841003417969,-8.92015361785889,"Female"
"9004156",371990,2025-06-14 10:23:24,42.4840698242188,-8.92016124725342,"Female"
"9004156",371990,2025-06-14 10:28:24,42.4841194152832,-8.92022132873535,"Female"
"9004156",371990,2025-06-14 10:33:25,42.4841766357422,-8.92018890380859,"Female"
"9004156",371990,2025-06-14 10:38:25,42.4840965270996,-8.92013072967529,"Female"
"9004156",371990,2025-06-14 10:43:25,42.4840850830078,-8.92016792297363,"Female"
"9004156",371990,2025-06-14 10:48:25,42.4841804504395,-8.9200611114502,"Female"
"9004156",371990,2025-06-14 10:53:24,42.4840965270996,-8.92008304595947,"Female"
"9004156",371990,2025-06-14 10:58:24,42.4841690063477,-8.92010688781738,"Female"
"9004156",371990,2025-06-14 11:03:25,42.484058380127,-8.92005348205566,"Female"
"9004156",371990,2025-06-14 11:08:25,42.4841918945312,-8.92013549804688,"Female"
"9004156",371990,2025-06-14 11:13:25,42.4835510253906,-8.92061138153076,"Female"
"9004156",371990,2025-06-14 11:18:26,42.4831962585449,-8.92192554473877,"Female"
"9004156",371990,2025-06-14 11:24:05,42.4842720031738,-8.9219388961792,"Female"
"9004156",371990,2025-06-14 11:29:14,42.4844818115234,-8.92108345031738,"Female"
"9004156",371990,2025-06-14 11:34:04,42.4853248596191,-8.91986846923828,"Female"
"9004156",371990,2025-06-14 11:39:03,42.4855270385742,-8.91891479492188,"Female"
"9004156",371990,2025-06-14 11:44:03,42.4855308532715,-8.91896915435791,"Female"
"9004156",371990,2025-06-14 11:49:03,42.4855041503906,-8.91902351379395,"Female"
"9004156",371990,2025-06-14 11:54:03,42.4855880737305,-8.91890335083008,"Female"
"9004156",371990,2025-06-14 11:59:03,42.4855690002441,-8.9190559387207,"Female"
"9004156",371990,2025-06-14 12:04:03,42.485652923584,-8.91911602020264,"Female"
"9004156",371990,2025-06-14 12:09:03,42.4856300354004,-8.91894054412842,"Female"
"9004156",371990,2025-06-14 12:14:14,42.4856071472168,-8.91910839080811,"Female"
"9004156",371990,2025-06-14 12:19:03,42.4856262207031,-8.91919708251953,"Female"
"9004156",371990,2025-06-14 12:24:03,42.4856109619141,-8.91937637329102,"Female"
"9004156",371990,2025-06-14 12:29:03,42.4855003356934,-8.91892623901367,"Female"
"9004156",371990,2025-06-14 12:34:04,42.4855651855469,-8.91917896270752,"Female"
"9004156",371990,2025-06-14 12:39:09,42.4854927062988,-8.91903686523438,"Female"
"9004156",371990,2025-06-14 12:44:09,42.485523223877,-8.9190616607666,"Female"
"9004156",371990,2025-06-14 12:49:03,42.4855842590332,-8.91952037811279,"Female"
"9004156",371990,2025-06-14 12:54:35,42.4854965209961,-8.91898441314697,"Female"
"9004156",371990,2025-06-14 12:59:03,42.4854278564453,-8.91903877258301,"Female"
"9004156",371990,2025-06-14 13:04:03,42.4854469299316,-8.91904735565186,"Female"
"9004156",371990,2025-06-14 13:09:02,42.4854202270508,-8.91897583007812,"Female"
"9004156",371990,2025-06-14 13:14:03,42.4854583740234,-8.91902637481689,"Female"
"9004156",371990,2025-06-14 13:19:03,42.4854583740234,-8.91903877258301,"Female"
"9004156",371990,2025-06-14 13:24:02,42.4854431152344,-8.91897583007812,"Female"
"9004156",371990,2025-06-14 13:30:17,42.4846687316895,-8.91842079162598,"Female"
"9004156",371990,2025-06-14 13:35:17,42.4841690063477,-8.916916847229,"Female"
"9004156",371990,2025-06-14 13:41:03,42.4835205078125,-8.91598510742188,"Female"
"9004156",371990,2025-06-14 13:46:01,42.4839820861816,-8.91443920135498,"Female"
"9004156",371990,2025-06-14 13:51:35,42.4846954345703,-8.91359615325928,"Female"
"9004156",371990,2025-06-14 13:56:06,42.4852027893066,-8.91328430175781,"Female"
"9004156",371990,2025-06-14 14:01:06,42.4853973388672,-8.91301536560059,"Female"
"9004156",371990,2025-06-14 14:06:07,42.4855155944824,-8.91285705566406,"Female"
"9004156",371990,2025-06-14 14:11:06,42.4855461120605,-8.91302299499512,"Female"
"9004156",371990,2025-06-14 14:16:06,42.4854774475098,-8.91285037994385,"Female"
"9004156",371990,2025-06-14 14:21:06,42.4855422973633,-8.91299057006836,"Female"
"9004156",371990,2025-06-14 14:26:06,42.485523223877,-8.91287612915039,"Female"
"9004156",371990,2025-06-14 14:31:06,42.4855041503906,-8.91281318664551,"Female"
"9004156",371990,2025-06-14 14:36:06,42.4854927062988,-8.91280841827393,"Female"
"9004156",371990,2025-06-14 14:41:06,42.4854507446289,-8.91277694702148,"Female"
"9004156",371990,2025-06-14 14:47:03,42.4828910827637,-8.91529941558838,"Female"
"9004156",371990,2025-06-14 14:52:58,42.4832229614258,-8.91673851013184,"Female"
"9004156",371990,2025-06-14 14:58:23,42.4834022521973,-8.91763973236084,"Female"
"9004156",371990,2025-06-14 15:03:46,42.4838562011719,-8.91819190979004,"Female"
"9004156",371990,2025-06-14 15:08:49,42.4828605651855,-8.91943168640137,"Female"
"9004156",371990,2025-06-14 15:13:46,42.483325958252,-8.92013740539551,"Female"
"9004156",371990,2025-06-14 15:18:45,42.4840431213379,-8.91999244689941,"Female"
"9004156",371990,2025-06-14 15:23:44,42.4840393066406,-8.92003536224365,"Female"
"9004156",371990,2025-06-14 15:28:45,42.4834403991699,-8.91982173919678,"Female"
"9004156",371990,2025-06-14 15:33:44,42.4841461181641,-8.92012977600098,"Female"
"9004156",371990,2025-06-14 15:38:44,42.4841232299805,-8.9201135635376,"Female"
"9004156",371990,2025-06-14 15:43:43,42.4843292236328,-8.92028903961182,"Female"
"9004156",371990,2025-06-14 15:48:43,42.4841690063477,-8.92014217376709,"Female"
"9004156",371990,2025-06-14 15:53:43,42.4842109680176,-8.92016696929932,"Female"
"9004156",371990,2025-06-14 15:58:45,42.4842071533203,-8.92016696929932,"Female"
"9004156",371990,2025-06-14 16:03:44,42.4821243286133,-8.9254093170166,"Female"
"9004156",371990,2025-06-14 16:08:58,42.4821014404297,-8.92598819732666,"Female"
"9004156",371990,2025-06-14 16:15:44,42.4822273254395,-8.92703247070312,"Female"
"9004156",371990,2025-06-14 16:20:29,42.4824142456055,-8.9281063079834,"Female"
"9004156",371990,2025-06-14 16:25:27,42.4837875366211,-8.92991542816162,"Female"
"9004156",371990,2025-06-14 16:30:28,42.4849891662598,-8.93063068389893,"Female"
"9004156",371990,2025-06-14 16:35:28,42.4860420227051,-8.9297456741333,"Female"
"9004156",371990,2025-06-14 16:41:51,42.4866752624512,-8.93024063110352,"Female"
"9004156",371990,2025-06-14 16:47:23,42.4873542785645,-8.93068504333496,"Female"
"9004156",371990,2025-06-14 16:51:48,42.4872398376465,-8.93070793151855,"Female"
"9004156",371990,2025-06-14 16:56:48,42.4873313903809,-8.93063163757324,"Female"
"9004156",371990,2025-06-14 17:01:49,42.4875526428223,-8.93028926849365,"Female"
"9004156",371990,2025-06-14 17:06:48,42.4874572753906,-8.9304370880127,"Female"
"9004156",371990,2025-06-14 17:11:48,42.4875106811523,-8.9304084777832,"Female"
"9004156",371990,2025-06-14 17:16:51,42.4874877929688,-8.93040657043457,"Female"
"9004156",371990,2025-06-14 17:22:02,42.4874572753906,-8.93058967590332,"Female"
"9004156",371990,2025-06-14 17:27:22,42.487434387207,-8.93069648742676,"Female"
"9004156",371990,2025-06-14 17:31:48,42.4873924255371,-8.93089580535889,"Female"
"9004156",371990,2025-06-14 17:36:47,42.4808959960938,-8.92805290222168,"Female"
"9004156",371990,2025-06-14 17:41:48,42.4808311462402,-8.92806148529053,"Female"
"9004156",371990,2025-06-14 17:47:43,42.4809150695801,-8.92867660522461,"Female"
"9004156",371990,2025-06-14 17:53:30,42.4797401428223,-8.93029022216797,"Female"
"9004156",371990,2025-06-14 17:58:47,42.4792175292969,-8.93062305450439,"Female"
"9004156",371990,2025-06-14 18:04:04,42.4799270629883,-8.93010997772217,"Female"
"9004156",371990,2025-06-14 18:09:03,42.4812278747559,-8.92981433868408,"Female"
"9004156",371990,2025-06-14 18:14:03,42.4831962585449,-8.92158985137939,"Female"
"9004156",371990,2025-06-14 18:19:04,42.4832344055176,-8.92074775695801,"Female"
"9004156",371990,2025-06-14 18:24:37,42.4831581115723,-8.91936874389648,"Female"
"9004156",371990,2025-06-14 18:29:38,42.4836120605469,-8.91804981231689,"Female"
"9004156",371990,2025-06-14 18:35:38,42.482982635498,-8.91613101959229,"Female"
"9004156",371990,2025-06-14 18:40:41,42.4830284118652,-8.91565895080566,"Female"
"9004156",371990,2025-06-14 18:45:32,42.4831352233887,-8.91576862335205,"Female"
"9004156",371990,2025-06-14 18:50:32,42.4831428527832,-8.91568851470947,"Female"
"9004156",371990,2025-06-14 18:55:32,42.4831123352051,-8.91580200195312,"Female"
"9004156",371990,2025-06-14 19:00:32,42.4831504821777,-8.9158296585083,"Female"
"9004156",371990,2025-06-14 19:05:32,42.4831619262695,-8.91586208343506,"Female"
"9004156",371990,2025-06-14 19:10:32,42.4830131530762,-8.91571712493896,"Female"
"9004156",371990,2025-06-14 19:15:33,42.4830284118652,-8.9157075881958,"Female"
"9004156",371990,2025-06-14 19:20:32,42.483097076416,-8.9158182144165,"Female"
"9004156",371990,2025-06-14 19:25:32,42.4830741882324,-8.91577529907227,"Female"
"9004156",371990,2025-06-14 19:30:44,42.4830017089844,-8.91568279266357,"Female"
"9004156",371990,2025-06-14 19:35:32,42.4813842773438,-8.92591190338135,"Female"
"9004156",371990,2025-06-14 19:40:32,42.4773216247559,-8.94490146636963,"Female"
"9004156",371990,2025-06-14 19:45:32,42.4772644042969,-8.94484519958496,"Female"
"9004156",371990,2025-06-14 19:50:31,42.4772720336914,-8.94482803344727,"Female"
"9004156",371990,2025-06-14 19:55:32,42.4773635864258,-8.94502735137939,"Female"
"9004156",371990,2025-06-14 20:00:31,42.4773445129395,-8.94504642486572,"Female"
"9004156",371990,2025-06-14 20:05:32,42.4774208068848,-8.94521522521973,"Female"
"9004156",371990,2025-06-14 20:10:33,42.4775009155273,-8.9452657699585,"Female"
"9004156",371990,2025-06-14 20:15:44,42.477352142334,-8.94489574432373,"Female"
"9004156",371990,2025-06-14 20:20:32,42.4773635864258,-8.94487953186035,"Female"
"9004156",371990,2025-06-14 20:25:31,42.4774360656738,-8.94494819641113,"Female"
"9004156",371990,2025-06-14 20:30:31,42.4774169921875,-8.94493961334229,"Female"
"9004156",371990,2025-06-14 20:35:31,42.4774131774902,-8.94493675231934,"Female"
"9004156",371990,2025-06-14 20:40:31,42.4773712158203,-8.94485664367676,"Female"
"9004156",371990,2025-06-14 20:45:32,42.477466583252,-8.94491863250732,"Female"
"9004156",371990,2025-06-14 20:50:35,42.4775466918945,-8.94509792327881,"Female"
"9004156",371990,2025-06-14 20:55:44,42.4775581359863,-8.94504165649414,"Female"
"9004156",371990,2025-06-14 21:00:31,42.4775123596191,-8.94487762451172,"Female"
"9004156",371990,2025-06-14 21:05:31,42.4775466918945,-8.94489192962646,"Female"
"9004156",371990,2025-06-14 21:10:32,42.4775428771973,-8.94484710693359,"Female"
"9004156",371990,2025-06-14 21:15:36,42.4775619506836,-8.94500255584717,"Female"
"9004156",371990,2025-06-14 21:20:36,42.4773902893066,-8.94488430023193,"Female"
"9004156",371990,2025-06-14 21:25:35,42.477466583252,-8.94499778747559,"Female"
"9004156",371990,2025-06-14 21:30:31,42.4775505065918,-8.9449291229248,"Female"
"9004156",371990,2025-06-14 21:35:40,42.4776306152344,-8.94511795043945,"Female"
"9004156",371990,2025-06-14 21:40:45,42.4772109985352,-8.94474792480469,"Female"
"9004156",371990,2025-06-14 21:46:00,42.4771842956543,-8.9446268081665,"Female"
"9004156",371990,2025-06-14 21:50:38,42.4773635864258,-8.94504356384277,"Female"
"9004156",371990,2025-06-14 21:55:56,42.4774055480957,-8.94505786895752,"Female"
"9004156",371990,2025-06-14 22:01:04,42.4772338867188,-8.94460010528564,"Female"
"9004156",371990,2025-06-14 22:05:31,42.4773330688477,-8.94473934173584,"Female"
"9004156",371990,2025-06-14 22:10:31,42.4774436950684,-8.94485092163086,"Female"
"9004156",371990,2025-06-14 22:15:32,42.4770431518555,-8.94456577301025,"Female"
"9004156",371990,2025-06-14 22:20:31,42.4769973754883,-8.94455146789551,"Female"
"9004156",371990,2025-06-14 22:25:31,42.4773178100586,-8.94466400146484,"Female"
"9004156",371990,2025-06-14 22:30:31,42.4769668579102,-8.94487476348877,"Female"
"9004156",371990,2025-06-14 22:35:30,42.4772529602051,-8.94482326507568,"Female"
"9004156",371990,2025-06-14 22:40:31,42.4771461486816,-8.94482421875,"Female"
"9004156",371990,2025-06-14 22:45:40,42.4770584106445,-8.94552135467529,"Female"
"9004156",371990,2025-06-14 22:50:36,42.4770545959473,-8.94504833221436,"Female"
"9004156",371990,2025-06-14 22:55:30,42.476993560791,-8.94483852386475,"Female"
"9004156",371990,2025-06-14 23:00:34,42.4770240783691,-8.94487953186035,"Female"
"9004156",371990,2025-06-14 23:05:30,42.4770393371582,-8.94487285614014,"Female"
"9004156",371990,2025-06-14 23:10:31,42.4770278930664,-8.94474792480469,"Female"
"9004156",371990,2025-06-14 23:15:32,42.4771194458008,-8.94484710693359,"Female"
"9004156",371990,2025-06-14 23:20:30,42.4770736694336,-8.94481658935547,"Female"
"9004156",371990,2025-06-14 23:25:31,42.4771385192871,-8.94493389129639,"Female"
"9004156",371990,2025-06-14 23:30:31,42.4771041870117,-8.94495296478271,"Female"
"9004156",371990,2025-06-14 23:35:31,42.4771194458008,-8.94495677947998,"Female"
"9004156",371990,2025-06-14 23:40:31,42.4770889282227,-8.94498062133789,"Female"
"9004156",371990,2025-06-14 23:45:31,42.4771499633789,-8.94503211975098,"Female"
"9004156",371990,2025-06-14 23:50:34,42.4771575927734,-8.94505882263184,"Female"
"9004156",371990,2025-06-14 23:55:32,42.4771537780762,-8.94509124755859,"Female"
"9004156",371990,2025-06-15 00:00:33,42.477165222168,-8.94504165649414,"Female"
"9004156",371990,2025-06-15 00:05:36,42.4772148132324,-8.94528293609619,"Female"
"9004156",371990,2025-06-15 00:10:44,42.4771766662598,-8.94498729705811,"Female"
"9004156",371990,2025-06-15 00:15:48,42.4771919250488,-8.9451150894165,"Female"
"9004156",371990,2025-06-15 00:20:47,42.4771842956543,-8.94505310058594,"Female"
"9004156",371990,2025-06-15 00:25:39,42.4771919250488,-8.94509601593018,"Female"
"9004156",371990,2025-06-15 00:30:40,42.4771537780762,-8.94478988647461,"Female"
"9004156",371990,2025-06-15 00:36:01,42.4771957397461,-8.94540691375732,"Female"
"9004156",371990,2025-06-15 00:40:37,42.4772567749023,-8.94465065002441,"Female"
"9004156",371990,2025-06-15 00:45:37,42.4773292541504,-8.94503784179688,"Female"
"9004156",371990,2025-06-15 00:50:39,42.4771995544434,-8.94447422027588,"Female"
"9004156",371990,2025-06-15 00:55:38,42.4772109985352,-8.94458961486816,"Female"
"9004156",371990,2025-06-15 01:00:42,42.4772567749023,-8.94472503662109,"Female"
"9004156",371990,2025-06-15 01:05:35,42.4770889282227,-8.94469833374023,"Female"
"9004156",371990,2025-06-15 01:10:39,42.4772491455078,-8.94483947753906,"Female"
"9004156",371990,2025-06-15 01:15:41,42.4772567749023,-8.94474029541016,"Female"
"9004156",371990,2025-06-15 01:20:39,42.477222442627,-8.94473361968994,"Female"
"9004156",371990,2025-06-15 01:25:34,42.4772682189941,-8.94480228424072,"Female"
"9004156",371990,2025-06-15 01:30:36,42.4772453308105,-8.94499588012695,"Female"
"9004156",371990,2025-06-15 01:35:41,42.477222442627,-8.9448070526123,"Female"
"9004156",371990,2025-06-15 01:40:34,42.477222442627,-8.94504070281982,"Female"
"9004156",371990,2025-06-15 01:46:05,42.4772796630859,-8.94470691680908,"Female"
"9004156",371990,2025-06-15 01:50:31,42.4772911071777,-8.94476985931396,"Female"
"9004156",371990,2025-06-15 01:55:30,42.4771766662598,-8.94477653503418,"Female"
"9004156",371990,2025-06-15 02:00:30,42.4771614074707,-8.94484615325928,"Female"
"9004156",371990,2025-06-15 02:05:30,42.4772033691406,-8.94481372833252,"Female"
"9004156",371990,2025-06-15 02:10:30,42.477237701416,-8.94463062286377,"Female"
"9004156",371990,2025-06-15 02:15:32,42.4773635864258,-8.94465732574463,"Female"
"9004156",371990,2025-06-15 02:20:32,42.4772834777832,-8.9447193145752,"Female"
"9004156",371990,2025-06-15 02:25:34,42.4771995544434,-8.94476985931396,"Female"
"9004156",371990,2025-06-15 02:30:33,42.4771423339844,-8.94471645355225,"Female"
"9004156",371990,2025-06-15 02:35:33,42.4772338867188,-8.94480514526367,"Female"
"9004156",371990,2025-06-15 02:40:33,42.477165222168,-8.94478511810303,"Female"
"9004156",371990,2025-06-15 02:45:31,42.4772453308105,-8.94465351104736,"Female"
"9004156",371990,2025-06-15 02:50:31,42.4772033691406,-8.94479179382324,"Female"
"9004156",371990,2025-06-15 02:55:31,42.4771690368652,-8.94475650787354,"Female"
"9004156",371990,2025-06-15 03:00:31,42.4771881103516,-8.94474411010742,"Female"
"9004156",371990,2025-06-15 03:05:31,42.4771499633789,-8.94476318359375,"Female"
"9004156",371990,2025-06-15 03:10:31,42.4771919250488,-8.94483852386475,"Female"
"9004156",371990,2025-06-15 03:15:31,42.4771995544434,-8.94487380981445,"Female"
"9004156",371990,2025-06-15 03:20:31,42.477222442627,-8.94476509094238,"Female"
"9004156",371990,2025-06-15 03:25:31,42.4771766662598,-8.94478130340576,"Female"
"9004156",371990,2025-06-15 03:30:32,42.4772415161133,-8.94466018676758,"Female"
"9004156",371990,2025-06-15 03:35:32,42.4772262573242,-8.94479084014893,"Female"
"9004156",371990,2025-06-15 03:40:31,42.4772338867188,-8.94473171234131,"Female"
"9004156",371990,2025-06-15 03:45:33,42.4771194458008,-8.94474792480469,"Female"
"9004156",371990,2025-06-15 03:50:34,42.4771728515625,-8.94480228424072,"Female"
"9004156",371990,2025-06-15 03:55:36,42.4771423339844,-8.94480895996094,"Female"
"9004156",371990,2025-06-15 04:00:33,42.4771003723145,-8.94464302062988,"Female"
"9004156",371990,2025-06-15 04:05:44,42.4770545959473,-8.9447546005249,"Female"
"9004156",371990,2025-06-15 04:10:36,42.4771270751953,-8.94484043121338,"Female"
"9004156",371990,2025-06-15 04:15:33,42.4772071838379,-8.94483757019043,"Female"
"9004156",371990,2025-06-15 04:20:34,42.4771347045898,-8.94472980499268,"Female"
"9004156",371990,2025-06-15 04:25:43,42.4770812988281,-8.94472026824951,"Female"
"9004156",371990,2025-06-15 04:30:31,42.4770965576172,-8.94479465484619,"Female"
"9004156",371990,2025-06-15 04:35:31,42.4770660400391,-8.9448413848877,"Female"
"9004156",371990,2025-06-15 04:40:31,42.4771270751953,-8.94462871551514,"Female"
"9004156",371990,2025-06-15 04:45:44,42.4770927429199,-8.94477081298828,"Female"
"9004156",371990,2025-06-15 04:50:31,42.4770584106445,-8.94474983215332,"Female"
"9004156",371990,2025-06-15 04:55:31,42.4770812988281,-8.94469833374023,"Female"
"9004156",371990,2025-06-15 05:00:30,42.4770736694336,-8.94485378265381,"Female"
"9004156",371990,2025-06-15 05:05:30,42.4770965576172,-8.9447021484375,"Female"
"9004156",371990,2025-06-15 05:10:31,42.4771308898926,-8.9447078704834,"Female"
"9004156",371990,2025-06-15 05:15:31,42.4770889282227,-8.94467353820801,"Female"
"9004156",371990,2025-06-15 05:20:31,42.4770126342773,-8.94481945037842,"Female"
"9004156",371990,2025-06-15 05:25:31,42.4769706726074,-8.94439220428467,"Female"
"9004156",371990,2025-06-15 05:31:02,42.477180480957,-8.94475364685059,"Female"
"9004156",371990,2025-06-15 05:35:31,42.477108001709,-8.94468212127686,"Female"
"9004156",371990,2025-06-15 05:40:32,42.4771308898926,-8.94471454620361,"Female"
"9004156",371990,2025-06-15 05:45:31,42.477165222168,-8.94476222991943,"Female"
"9004156",371990,2025-06-15 05:50:31,42.4771423339844,-8.94475746154785,"Female"
"9004156",371990,2025-06-15 05:55:32,42.477180480957,-8.94482803344727,"Female"
"9004156",371990,2025-06-15 06:00:44,42.4771575927734,-8.94464206695557,"Female"
"9004156",371990,2025-06-15 06:05:31,42.4771842956543,-8.94463062286377,"Female"
"9004156",371990,2025-06-15 06:10:31,42.481803894043,-8.93252277374268,"Female"
"9004156",371990,2025-06-15 06:15:31,42.4835815429688,-8.93025684356689,"Female"
"9004156",371990,2025-06-15 06:20:32,42.4841003417969,-8.92858028411865,"Female"
"9004156",371990,2025-06-15 06:25:33,42.4836845397949,-8.92161464691162,"Female"
"9004156",371990,2025-06-15 06:30:36,42.4843521118164,-8.9207124710083,"Female"
"9004156",371990,2025-06-15 06:37:00,42.4853858947754,-8.92066478729248,"Female"
"9004156",371990,2025-06-15 06:41:53,42.4857444763184,-8.9205436706543,"Female"
"9004156",371990,2025-06-15 06:47:14,42.4865188598633,-8.9195499420166,"Female"
"9004156",371990,2025-06-15 06:52:00,42.4865264892578,-8.91955375671387,"Female"
"9004156",371990,2025-06-15 06:56:54,42.4867706298828,-8.91993999481201,"Female"
"9004156",371990,2025-06-15 07:02:22,42.486457824707,-8.91962432861328,"Female"
"9004156",371990,2025-06-15 07:06:51,42.4860496520996,-8.91903781890869,"Female"
"9004156",371990,2025-06-15 07:11:51,42.4866828918457,-8.91973400115967,"Female"
"9004156",371990,2025-06-15 07:16:51,42.4866638183594,-8.91970443725586,"Female"
"9004156",371990,2025-06-15 07:21:51,42.4866371154785,-8.91979598999023,"Female"
"9004156",371990,2025-06-15 07:26:51,42.4865989685059,-8.9198169708252,"Female"
"9004156",371990,2025-06-15 07:31:51,42.4825057983398,-8.9105052947998,"Female"
"9004156",371990,2025-06-15 07:36:51,42.4824867248535,-8.9105978012085,"Female"
"9004156",371990,2025-06-15 07:42:37,42.4817199707031,-8.90976428985596,"Female"
"9004156",371990,2025-06-15 07:48:30,42.4818954467773,-8.90598487854004,"Female"
"9004156",371990,2025-06-15 07:53:28,42.484806060791,-8.9018030166626,"Female"
"9004156",371990,2025-06-15 07:58:28,42.4850196838379,-8.90011024475098,"Female"
"9004156",371990,2025-06-15 08:03:44,42.4858055114746,-8.89816856384277,"Female"
"9004156",371990,2025-06-15 08:08:30,42.485668182373,-8.89804458618164,"Female"
"9004156",371990,2025-06-15 08:13:35,42.4857864379883,-8.89814853668213,"Female"
"9004156",371990,2025-06-15 08:18:31,42.4854278564453,-8.89803791046143,"Female"
"9004156",371990,2025-06-15 08:23:28,42.4858322143555,-8.89848709106445,"Female"
"9004156",371990,2025-06-15 08:28:31,42.4857635498047,-8.89812469482422,"Female"
"9004156",371990,2025-06-15 08:33:41,42.4996299743652,-8.88853359222412,"Female"
"9004156",371990,2025-06-15 08:38:27,42.5064964294434,-8.87058448791504,"Female"
"9004156",371990,2025-06-15 08:44:50,42.507495880127,-8.85165977478027,"Female"
"9004156",371990,2025-06-15 08:49:57,42.5075302124023,-8.85174751281738,"Female"
"9004156",371990,2025-06-15 08:54:58,42.5074729919434,-8.85062026977539,"Female"
"9004156",371990,2025-06-15 09:00:10,42.5079879760742,-8.85165691375732,"Female"
"9004156",371990,2025-06-15 09:05:09,42.5081329345703,-8.85174560546875,"Female"
"9004156",371990,2025-06-15 09:10:11,42.507999420166,-8.85164642333984,"Female"
"9004156",371990,2025-06-15 09:15:02,42.5080947875977,-8.85166263580322,"Female"
"9004156",371990,2025-06-15 09:20:03,42.5081176757812,-8.85196495056152,"Female"
"9004156",371990,2025-06-15 09:25:06,42.5079612731934,-8.85158157348633,"Female"
"9004156",371990,2025-06-15 09:30:14,42.5078811645508,-8.85159778594971,"Female"
"9004156",371990,2025-06-15 09:35:10,42.507942199707,-8.85168170928955,"Female"
"9004156",371990,2025-06-15 09:40:04,42.5078582763672,-8.8516788482666,"Female"
"9004156",371990,2025-06-15 09:45:06,42.507869720459,-8.85165977478027,"Female"
"9004156",371990,2025-06-15 09:50:24,42.5055465698242,-8.84953117370605,"Female"
"9004156",371990,2025-06-15 09:55:17,42.5048637390137,-8.84970569610596,"Female"
"9004156",371990,2025-06-15 10:01:36,42.5040321350098,-8.85024929046631,"Female"
"9004156",371990,2025-06-15 10:06:35,42.5036773681641,-8.85027694702148,"Female"
"9004156",371990,2025-06-15 10:11:36,42.5042533874512,-8.84923362731934,"Female"
"9004156",371990,2025-06-15 10:16:34,42.5043067932129,-8.84921646118164,"Female"
"9004156",371990,2025-06-15 10:21:36,42.5042762756348,-8.8492259979248,"Female"
"9004156",371990,2025-06-15 10:26:34,42.5043067932129,-8.84926605224609,"Female"
"9004156",371990,2025-06-15 10:31:44,42.5042572021484,-8.84909152984619,"Female"
"9004156",371990,2025-06-15 10:36:31,42.5042190551758,-8.84942245483398,"Female"
"9004156",371990,2025-06-15 10:41:34,42.5041656494141,-8.84934520721436,"Female"
"9004156",371990,2025-06-15 10:46:35,42.5042953491211,-8.8483304977417,"Female"
"9004156",371990,2025-06-15 10:52:01,42.5043487548828,-8.84908199310303,"Female"
"9004156",371990,2025-06-15 10:56:28,42.5042610168457,-8.84903812408447,"Female"
"9004156",371990,2025-06-15 11:01:30,42.5043258666992,-8.84903335571289,"Female"
"9004156",371990,2025-06-15 11:06:29,42.5042953491211,-8.84900856018066,"Female"
"9004156",371990,2025-06-15 11:11:29,42.504264831543,-8.8489351272583,"Female"
"9004156",371990,2025-06-15 11:16:28,42.5043411254883,-8.84908485412598,"Female"
"9004156",371990,2025-06-15 11:21:29,42.5043144226074,-8.84916114807129,"Female"
"9004156",371990,2025-06-15 11:26:55,42.5045166015625,-8.84961318969727,"Female"
"9004156",371990,2025-06-15 11:31:55,42.5048866271973,-8.84933662414551,"Female"
"9004156",371990,2025-06-15 11:36:53,42.5053825378418,-8.84853649139404,"Female"
"9004156",371990,2025-06-15 11:41:55,42.5061950683594,-8.84812927246094,"Female"
"9004156",371990,2025-06-15 11:47:00,42.5062026977539,-8.84811496734619,"Female"
"9004156",371990,2025-06-15 11:51:59,42.5062294006348,-8.84811401367188,"Female"
"9004156",371990,2025-06-15 11:56:59,42.5062522888184,-8.84811973571777,"Female"
"9004156",371990,2025-06-15 12:02:04,42.5062942504883,-8.84809589385986,"Female"
"9004156",371990,2025-06-15 12:07:00,42.5063171386719,-8.84817028045654,"Female"
"9004156",371990,2025-06-15 12:12:13,42.5063552856445,-8.84817790985107,"Female"
"9004156",371990,2025-06-15 12:16:53,42.5064086914062,-8.84801864624023,"Female"
"9004156",371990,2025-06-15 12:21:54,42.5064315795898,-8.8480863571167,"Female"
"9004156",371990,2025-06-15 12:26:52,42.5060920715332,-8.84769630432129,"Female"
"9004156",371990,2025-06-15 12:31:57,42.5063285827637,-8.84774208068848,"Female"
"9004156",371990,2025-06-15 12:36:57,42.5060997009277,-8.84910011291504,"Female"
"9004156",371990,2025-06-15 12:42:01,42.5071182250977,-8.85189437866211,"Female"
"9004156",371990,2025-06-15 12:48:18,42.5048675537109,-8.85078811645508,"Female"
"9004156",371990,2025-06-15 12:53:15,42.5040893554688,-8.85036468505859,"Female"
"9004156",371990,2025-06-15 13:01:35,42.5041999816895,-8.84930419921875,"Female"
"9004156",371990,2025-06-15 13:06:08,42.504280090332,-8.84798812866211,"Female"
"9004156",371990,2025-06-15 13:11:11,42.5043754577637,-8.84769916534424,"Female"
"9004156",371990,2025-06-15 13:16:19,42.5038948059082,-8.84767818450928,"Female"
"9004156",371990,2025-06-15 13:21:20,42.5037536621094,-8.84740734100342,"Female"
"9004156",371990,2025-06-15 13:26:18,42.5037841796875,-8.84734630584717,"Female"
"9004156",371990,2025-06-15 13:31:12,42.5037689208984,-8.8472900390625,"Female"
"9004156",371990,2025-06-15 13:36:22,42.5038375854492,-8.84726905822754,"Female"
"9004156",371990,2025-06-15 13:41:17,42.5038070678711,-8.84725666046143,"Female"
"9004156",371990,2025-06-15 13:46:20,42.5038070678711,-8.84727001190186,"Female"
"9004156",371990,2025-06-15 13:51:09,42.5037269592285,-8.84724426269531,"Female"
"9004156",371990,2025-06-15 13:56:08,42.5037879943848,-8.84726142883301,"Female"
"9004156",371990,2025-06-15 14:01:08,42.503719329834,-8.84719371795654,"Female"
"9004156",371990,2025-06-15 14:06:24,42.502799987793,-8.84982395172119,"Female"
"9004156",371990,2025-06-15 14:12:12,42.502571105957,-8.85117053985596,"Female"
"9004156",371990,2025-06-15 14:17:17,42.5030517578125,-8.85131168365479,"Female"
"9004156",371990,2025-06-15 14:22:30,42.5035629272461,-8.8509349822998,"Female"
"9004156",371990,2025-06-15 14:27:46,42.504280090332,-8.85053825378418,"Female"
"9004156",371990,2025-06-15 14:33:07,42.5041046142578,-8.84899044036865,"Female"
"9004156",371990,2025-06-15 14:37:51,42.5043182373047,-8.84760475158691,"Female"
"9004156",371990,2025-06-15 14:43:15,42.5044975280762,-8.84739112854004,"Female"
"9004156",371990,2025-06-15 14:47:56,42.5043754577637,-8.84739112854004,"Female"
"9004156",371990,2025-06-15 14:53:01,42.5045852661133,-8.84744548797607,"Female"
"9004156",371990,2025-06-15 14:57:54,42.504508972168,-8.84747409820557,"Female"
"9004156",371990,2025-06-15 15:02:54,42.5039978027344,-8.84642124176025,"Female"
"9004156",371990,2025-06-15 15:07:54,42.5042457580566,-8.84689998626709,"Female"
"9004156",371990,2025-06-15 15:12:54,42.5039100646973,-8.84632110595703,"Female"
"9004156",371990,2025-06-15 15:18:05,42.504581451416,-8.84747505187988,"Female"
"9004156",371990,2025-06-15 15:22:54,42.5046348571777,-8.84777069091797,"Female"
"9004156",371990,2025-06-15 15:27:59,42.5044555664062,-8.84736251831055,"Female"
"9004156",371990,2025-06-15 15:33:14,42.5044288635254,-8.84726428985596,"Female"
"9004156",371990,2025-06-15 15:38:02,42.5043907165527,-8.84712600708008,"Female"
"9004156",371990,2025-06-15 15:43:13,42.5045051574707,-8.8474178314209,"Female"
"9004156",371990,2025-06-15 15:47:52,42.5045280456543,-8.84753131866455,"Female"
"9004156",371990,2025-06-15 15:52:54,42.5048179626465,-8.84772777557373,"Female"
"9004156",371990,2025-06-15 15:57:55,42.5049591064453,-8.84927749633789,"Female"
"9004156",371990,2025-06-15 16:03:03,42.5044746398926,-8.84937191009521,"Female"
"9004156",371990,2025-06-15 16:08:19,42.5047492980957,-8.84974098205566,"Female"
"9004156",371990,2025-06-15 16:13:24,42.5058174133301,-8.85011768341064,"Female"
"9004156",371990,2025-06-15 16:18:35,42.5064010620117,-8.84998893737793,"Female"
"9004156",371990,2025-06-15 16:23:32,42.5066375732422,-8.84985256195068,"Female"
"9004156",371990,2025-06-15 16:28:09,42.5067710876465,-8.85003089904785,"Female"
"9004156",371990,2025-06-15 16:33:10,42.5067443847656,-8.84989643096924,"Female"
"9004156",371990,2025-06-15 16:38:09,42.5067329406738,-8.84997749328613,"Female"
"9004156",371990,2025-06-15 16:43:10,42.5067443847656,-8.84979152679443,"Female"
"9004156",371990,2025-06-15 16:48:12,42.5066452026367,-8.84992027282715,"Female"
"9004156",371990,2025-06-15 16:53:14,42.5065803527832,-8.84985828399658,"Female"
"9004156",371990,2025-06-15 16:58:12,42.5066108703613,-8.84983825683594,"Female"
"9004156",371990,2025-06-15 17:03:12,42.5068473815918,-8.85034656524658,"Female"
"9004156",371990,2025-06-15 17:08:09,42.50927734375,-8.8536901473999,"Female"
"9004156",371990,2025-06-15 17:13:10,42.5092353820801,-8.85379791259766,"Female"
"9004156",371990,2025-06-15 17:18:10,42.5094261169434,-8.85431671142578,"Female"
"9004156",371990,2025-06-15 17:23:13,42.5093994140625,-8.85426044464111,"Female"
"9004156",371990,2025-06-15 17:28:14,42.5091934204102,-8.85400485992432,"Female"
"9004156",371990,2025-06-15 17:33:14,42.5091819763184,-8.85402584075928,"Female"
"9004156",371990,2025-06-15 17:38:14,42.5092086791992,-8.85401248931885,"Female"
"9004156",371990,2025-06-15 17:43:18,42.5091705322266,-8.85397529602051,"Female"
"9004156",371990,2025-06-15 17:48:09,42.5090751647949,-8.85395526885986,"Female"
"9004156",371990,2025-06-15 17:53:14,42.5091133117676,-8.85394382476807,"Female"
"9004156",371990,2025-06-15 17:58:14,42.5090675354004,-8.85395050048828,"Female"
"9004156",371990,2025-06-15 18:03:17,42.5090255737305,-8.85379695892334,"Female"
"9004156",371990,2025-06-15 18:08:10,42.5090713500977,-8.85389614105225,"Female"
"9004156",371990,2025-06-15 18:13:22,42.508617401123,-8.856276512146,"Female"
"9004156",371990,2025-06-15 18:18:19,42.5118751525879,-8.85848808288574,"Female"
"9004156",371990,2025-06-15 18:23:19,42.5134506225586,-8.85872268676758,"Female"
"9004156",371990,2025-06-15 18:29:19,42.512809753418,-8.86100482940674,"Female"
"9004156",371990,2025-06-15 18:34:19,42.5013580322266,-8.88862037658691,"Female"
"9004156",371990,2025-06-15 18:39:42,42.4768486022949,-8.94483280181885,"Female"
"9004156",371990,2025-06-15 18:44:10,42.4771041870117,-8.94492340087891,"Female"
"9004156",371990,2025-06-15 18:49:10,42.4771347045898,-8.94475555419922,"Female"
"9004156",371990,2025-06-15 18:54:10,42.4768524169922,-8.94490242004395,"Female"
"9004156",371990,2025-06-15 18:59:10,42.4771156311035,-8.94499683380127,"Female"
"9004156",371990,2025-06-15 19:04:10,42.4772491455078,-8.94490242004395,"Female"
"9004156",371990,2025-06-15 19:09:35,42.4769058227539,-8.94492435455322,"Female"
"9004156",371990,2025-06-15 19:14:09,42.4770355224609,-8.94503307342529,"Female"
"9004156",371990,2025-06-15 19:19:09,42.4770545959473,-8.9450626373291,"Female"
"9004156",371990,2025-06-15 19:24:18,42.4768943786621,-8.94492244720459,"Female"
"9004156",371990,2025-06-15 19:29:09,42.47705078125,-8.94506931304932,"Female"
"9004156",371990,2025-06-15 19:34:11,42.4770202636719,-8.9450569152832,"Female"
"9004156",371990,2025-06-15 19:39:14,42.476921081543,-8.94485664367676,"Female"
"9004156",371990,2025-06-15 19:44:10,42.4769058227539,-8.94489288330078,"Female"
"9004156",371990,2025-06-15 19:49:12,42.4768524169922,-8.94486427307129,"Female"
"9004156",371990,2025-06-15 19:54:13,42.4767951965332,-8.94495296478271,"Female"
"9004156",371990,2025-06-15 19:59:12,42.4767761230469,-8.94475173950195,"Female"
"9004156",371990,2025-06-15 20:04:13,42.4766540527344,-8.94461727142334,"Female"
"9004156",371990,2025-06-15 20:09:14,42.4768981933594,-8.94486713409424,"Female"
"9004156",371990,2025-06-15 20:14:12,42.4767570495605,-8.94462490081787,"Female"
"9004156",371990,2025-06-15 20:19:13,42.477294921875,-8.94467830657959,"Female"
"9004156",371990,2025-06-15 20:24:17,42.4774169921875,-8.9445743560791,"Female"
"9004156",371990,2025-06-15 20:29:19,42.477466583252,-8.94459915161133,"Female"
"9004156",371990,2025-06-15 20:34:19,42.4774971008301,-8.94458866119385,"Female"
"9004156",371990,2025-06-15 20:39:19,42.4774780273438,-8.94461917877197,"Female"
"9004156",371990,2025-06-15 20:44:25,42.4774131774902,-8.94447994232178,"Female"
"9004156",371990,2025-06-15 20:49:26,42.4774475097656,-8.94466495513916,"Female"
"9004156",371990,2025-06-15 20:54:17,42.4775123596191,-8.94459056854248,"Female"
"9004156",371990,2025-06-15 20:59:18,42.4774436950684,-8.94453144073486,"Female"
"9004156",371990,2025-06-15 21:04:22,42.4775085449219,-8.9446907043457,"Female"
"9004156",371990,2025-06-15 21:09:29,42.4774932861328,-8.94468307495117,"Female"
"9004156",371990,2025-06-15 21:14:19,42.4775085449219,-8.94453907012939,"Female"
"9004156",371990,2025-06-15 21:19:32,42.4774894714355,-8.94464492797852,"Female"
"9004156",371990,2025-06-15 21:24:19,42.4775390625,-8.94459342956543,"Female"
"9004156",371990,2025-06-15 21:29:14,42.4774932861328,-8.9446849822998,"Female"
"9004156",371990,2025-06-15 21:34:19,42.4775695800781,-8.94474029541016,"Female"
"9004156",371990,2025-06-15 21:39:16,42.4774398803711,-8.94475746154785,"Female"
"9004156",371990,2025-06-15 21:44:35,42.477481842041,-8.94460487365723,"Female"
"9004156",371990,2025-06-15 21:49:10,42.4776000976562,-8.94461154937744,"Female"
"9004156",371990,2025-06-15 21:54:11,42.4774627685547,-8.94454669952393,"Female"
"9004156",371990,2025-06-15 21:59:12,42.4775657653809,-8.94456481933594,"Female"
"9004156",371990,2025-06-15 22:04:11,42.4775352478027,-8.9446907043457,"Female"
"9004156",371990,2025-06-15 22:09:11,42.4775428771973,-8.94455718994141,"Female"
"9004156",371990,2025-06-15 22:14:13,42.4774932861328,-8.9445629119873,"Female"
"9004156",371990,2025-06-15 22:19:10,42.4775543212891,-8.94463634490967,"Female"
"9004156",371990,2025-06-15 22:24:35,42.4775352478027,-8.9445629119873,"Female"
"9004156",371990,2025-06-15 22:29:10,42.4773368835449,-8.94467639923096,"Female"
"9004156",371990,2025-06-15 22:34:14,42.4775581359863,-8.94452953338623,"Female"
"9004156",371990,2025-06-15 22:39:12,42.4774513244629,-8.94454383850098,"Female"
"9004156",371990,2025-06-15 22:44:12,42.4774360656738,-8.94476699829102,"Female"
"9004156",371990,2025-06-15 22:49:12,42.4774589538574,-8.9445743560791,"Female"
"9004156",371990,2025-06-15 22:54:15,42.4775123596191,-8.94460964202881,"Female"
"9004156",371990,2025-06-15 22:59:12,42.4776992797852,-8.94461917877197,"Female"
"9004156",371990,2025-06-15 23:04:13,42.477367401123,-8.94452953338623,"Female"
"9004156",371990,2025-06-15 23:09:12,42.477424621582,-8.94454765319824,"Female"
"9004156",371990,2025-06-15 23:14:15,42.4775390625,-8.94445610046387,"Female"
"9004156",371990,2025-06-15 23:19:12,42.4774055480957,-8.94450092315674,"Female"
"9004156",371990,2025-06-15 23:24:11,42.4775123596191,-8.94458198547363,"Female"
"9004156",371990,2025-06-15 23:29:11,42.4775657653809,-8.94470500946045,"Female"
"9004156",371990,2025-06-15 23:34:12,42.4775657653809,-8.94467067718506,"Female"
"9004156",371990,2025-06-15 23:39:13,42.4774131774902,-8.94454383850098,"Female"
"9004156",371990,2025-06-15 23:44:13,42.4774703979492,-8.94457340240479,"Female"
"9004156",371990,2025-06-15 23:49:17,42.4775276184082,-8.94454479217529,"Female"
"9004156",371990,2025-06-15 23:54:13,42.477424621582,-8.94462299346924,"Female"
"9004156",371990,2025-06-15 23:59:16,42.4774971008301,-8.94457054138184,"Female"
"9004156",371990,2025-06-16 00:04:35,42.4774627685547,-8.94456958770752,"Female"
"9004156",371990,2025-06-16 00:09:08,42.4775657653809,-8.94452095031738,"Female"
"9004156",371990,2025-06-16 00:14:08,42.4775085449219,-8.94448852539062,"Female"
"9004156",371990,2025-06-16 00:19:08,42.4774932861328,-8.94451427459717,"Female"
"9004156",371990,2025-06-16 00:24:08,42.4774322509766,-8.94451808929443,"Female"
"9004156",371990,2025-06-16 00:29:09,42.4775161743164,-8.94454669952393,"Female"
"9004156",371990,2025-06-16 00:34:10,42.477466583252,-8.94451141357422,"Female"
"9004156",371990,2025-06-16 00:39:09,42.4774551391602,-8.94448280334473,"Female"
"9004156",371990,2025-06-16 00:44:08,42.4774589538574,-8.94451427459717,"Female"
"9004156",371990,2025-06-16 00:49:09,42.4775161743164,-8.9445161819458,"Female"
"9004156",371990,2025-06-16 00:54:10,42.477466583252,-8.94450283050537,"Female"
"9004156",371990,2025-06-16 00:59:11,42.4775886535645,-8.94462299346924,"Female"
"9004156",371990,2025-06-16 01:04:15,42.4776725769043,-8.94451236724854,"Female"
"9004156",371990,2025-06-16 01:09:13,42.477710723877,-8.94467163085938,"Female"
"9004156",371990,2025-06-16 01:14:18,42.4776763916016,-8.94462585449219,"Female"
"9004156",371990,2025-06-16 01:19:17,42.4777565002441,-8.94461536407471,"Female"
"9004156",371990,2025-06-16 01:24:18,42.4778366088867,-8.94462394714355,"Female"
"9004156",371990,2025-06-16 01:29:16,42.4778327941895,-8.94469738006592,"Female"
"9004156",371990,2025-06-16 01:34:10,42.4775428771973,-8.94461727142334,"Female"
"9004156",371990,2025-06-16 01:39:11,42.4775848388672,-8.94461536407471,"Female"
"9004156",371990,2025-06-16 01:44:26,42.4773101806641,-8.94436836242676,"Female"
"9004156",371990,2025-06-16 01:49:33,42.4775238037109,-8.94454193115234,"Female"
"9004156",371990,2025-06-16 01:54:21,42.4775390625,-8.94450187683105,"Female"
"9004156",371990,2025-06-16 01:59:16,42.4775505065918,-8.94454383850098,"Female"
"9004156",371990,2025-06-16 02:04:21,42.4774513244629,-8.94445705413818,"Female"
"9004156",371990,2025-06-16 02:09:22,42.4774932861328,-8.94441032409668,"Female"
"9004156",371990,2025-06-16 02:14:18,42.4774894714355,-8.94440841674805,"Female"
"9004156",371990,2025-06-16 02:19:22,42.4774551391602,-8.94455146789551,"Female"
"9004156",371990,2025-06-16 02:24:22,42.4774589538574,-8.94457244873047,"Female"
"9004156",371990,2025-06-16 02:29:22,42.4774627685547,-8.94453811645508,"Female"
"9004156",371990,2025-06-16 02:34:18,42.4774551391602,-8.94440269470215,"Female"
"9004156",371990,2025-06-16 02:39:25,42.4774360656738,-8.94441413879395,"Female"
"9004156",371990,2025-06-16 02:44:22,42.4774360656738,-8.94430255889893,"Female"
"9004156",371990,2025-06-16 02:49:22,42.4772987365723,-8.94431686401367,"Female"
"9004156",371990,2025-06-16 02:54:22,42.477409362793,-8.94448852539062,"Female"
"9004156",371990,2025-06-16 02:59:42,42.4772453308105,-8.94433879852295,"Female"
"9004156",371990,2025-06-16 03:04:13,42.4773483276367,-8.94443416595459,"Female"
"9004156",371990,2025-06-16 03:09:12,42.4773292541504,-8.94445991516113,"Female"
"9004156",371990,2025-06-16 03:14:15,42.4773368835449,-8.94441223144531,"Female"
"9004156",371990,2025-06-16 03:19:09,42.4775619506836,-8.9445743560791,"Female"
"9004156",371990,2025-06-16 03:24:18,42.4774017333984,-8.94449520111084,"Female"
"9004156",371990,2025-06-16 03:29:10,42.4774055480957,-8.94446277618408,"Female"
"9004156",371990,2025-06-16 03:34:09,42.4770889282227,-8.9442310333252,"Female"
"9004156",371990,2025-06-16 03:39:10,42.4776878356934,-8.94473075866699,"Female"
"9004156",371990,2025-06-16 03:44:12,42.4768714904785,-8.94402599334717,"Female"
"9004156",371990,2025-06-16 03:49:35,42.4775199890137,-8.94459342956543,"Female"
"9004156",371990,2025-06-16 03:54:10,42.4774856567383,-8.94456672668457,"Female"
"9004156",371990,2025-06-16 03:59:09,42.4776725769043,-8.94461154937744,"Female"
"9004156",371990,2025-06-16 04:04:11,42.477180480957,-8.94425487518311,"Female"
"9004156",371990,2025-06-16 04:09:18,42.4774894714355,-8.94456958770752,"Female"
"9004156",371990,2025-06-16 04:14:09,42.4776992797852,-8.94472408294678,"Female"
"9004156",371990,2025-06-16 04:19:12,42.477409362793,-8.94448089599609,"Female"
"9004156",371990,2025-06-16 04:24:11,42.477481842041,-8.94456768035889,"Female"
"9004156",371990,2025-06-16 04:29:13,42.4775199890137,-8.94461250305176,"Female"
"9004156",371990,2025-06-16 04:34:35,42.4774703979492,-8.94464683532715,"Female"
"9004156",371990,2025-06-16 04:39:09,42.4773750305176,-8.94442653656006,"Female"
"9004156",371990,2025-06-16 04:44:17,42.4774208068848,-8.94468784332275,"Female"
"9004156",371990,2025-06-16 04:49:16,42.4775466918945,-8.9446325302124,"Female"
"9004156",371990,2025-06-16 04:54:09,42.477409362793,-8.94448184967041,"Female"
"9004156",371990,2025-06-16 04:59:09,42.4775581359863,-8.94467830657959,"Female"
"9004156",371990,2025-06-16 05:04:09,42.4774627685547,-8.94457626342773,"Female"
"9004156",371990,2025-06-16 05:09:11,42.4775123596191,-8.94449996948242,"Female"
"9004156",371990,2025-06-16 05:14:15,42.477424621582,-8.94461822509766,"Female"
"9004156",371990,2025-06-16 05:19:08,42.4774513244629,-8.94454669952393,"Female"
"9004156",371990,2025-06-16 05:24:15,42.4774932861328,-8.9445629119873,"Female"
"9004156",371990,2025-06-16 05:29:17,42.4774436950684,-8.94460010528564,"Female"
"9004156",371990,2025-06-16 05:34:12,42.4773902893066,-8.94402122497559,"Female"
"9004156",371990,2025-06-16 05:39:18,42.4775466918945,-8.94463157653809,"Female"
"9004156",371990,2025-06-16 05:44:12,42.4775466918945,-8.94470977783203,"Female"
"9004156",371990,2025-06-16 05:49:12,42.4775543212891,-8.94472026824951,"Female"
"9004156",371990,2025-06-16 05:54:20,42.477481842041,-8.94460105895996,"Female"
"9004156",371990,2025-06-16 05:59:21,42.4774971008301,-8.94462585449219,"Female"
"9004156",371990,2025-06-16 06:04:35,42.4774894714355,-8.94458961486816,"Female"
"9004156",371990,2025-06-16 06:09:08,42.4774971008301,-8.94460105895996,"Female"
"9004156",371990,2025-06-16 06:14:08,42.4775428771973,-8.94463920593262,"Female"
"9004156",371990,2025-06-16 06:19:11,42.4775009155273,-8.94458961486816,"Female"
"9004156",371990,2025-06-16 06:24:08,42.4775543212891,-8.94466972351074,"Female"
"9004156",371990,2025-06-16 06:29:11,42.4775886535645,-8.94464683532715,"Female"
"9004156",371990,2025-06-16 06:34:11,42.4774856567383,-8.94458675384521,"Female"
"9004156",371990,2025-06-16 06:39:17,42.4774856567383,-8.94456768035889,"Female"
"9004156",371990,2025-06-16 06:44:09,42.4775733947754,-8.94461917877197,"Female"
"9004156",371990,2025-06-16 06:49:09,42.4779968261719,-8.94409656524658,"Female"
"9004156",371990,2025-06-16 06:54:13,42.481819152832,-8.93245410919189,"Female"
"9004156",371990,2025-06-16 06:59:17,42.4834289550781,-8.92589092254639,"Female"
"9004156",371990,2025-06-16 07:04:24,42.4841194152832,-8.92218399047852,"Female"
"9004156",371990,2025-06-16 07:10:06,42.4845352172852,-8.921799659729,"Female"
"9004156",371990,2025-06-16 07:16:05,42.4838027954102,-8.92072105407715,"Female"
"9004156",371990,2025-06-16 07:21:26,42.4845886230469,-8.92047119140625,"Female"
"9004156",371990,2025-06-16 07:26:27,42.4845924377441,-8.92030620574951,"Female"
"9004156",371990,2025-06-16 07:31:27,42.4844627380371,-8.92013263702393,"Female"
"9004156",371990,2025-06-16 07:36:29,42.4850654602051,-8.92101001739502,"Female"
"9004156",371990,2025-06-16 07:41:28,42.4849052429199,-8.92068958282471,"Female"
"9004156",371990,2025-06-16 07:46:31,42.4847869873047,-8.92060470581055,"Female"
"9004156",371990,2025-06-16 07:51:30,42.4849128723145,-8.92080307006836,"Female"
"9004156",371990,2025-06-16 07:56:36,42.4847373962402,-8.92055416107178,"Female"
"9004156",371990,2025-06-16 08:01:38,42.4847450256348,-8.92056083679199,"Female"
"9004156",371990,2025-06-16 08:06:43,42.4847068786621,-8.92056941986084,"Female"
"9004156",371990,2025-06-16 08:11:25,42.484691619873,-8.92079830169678,"Female"
"9004156",371990,2025-06-16 08:16:27,42.4845771789551,-8.92051792144775,"Female"
"9004156",371990,2025-06-16 08:21:26,42.4847145080566,-8.92055416107178,"Female"
"9004156",371990,2025-06-16 08:27:07,42.4841156005859,-8.92057418823242,"Female"
"9004156",371990,2025-06-16 08:32:44,42.4843482971191,-8.91923046112061,"Female"
"9004156",371990,2025-06-16 08:38:26,42.4847679138184,-8.91887760162354,"Female"
"9004156",371990,2025-06-16 08:43:26,42.4851531982422,-8.91872406005859,"Female"
"9004156",371990,2025-06-16 08:48:31,42.4859886169434,-8.91818332672119,"Female"
"9004156",371990,2025-06-16 08:53:27,42.4860420227051,-8.91837596893311,"Female"
"9004156",371990,2025-06-16 08:58:26,42.4862823486328,-8.91854572296143,"Female"
"9004156",371990,2025-06-16 09:03:26,42.4860877990723,-8.91837692260742,"Female"
"9004156",371990,2025-06-16 09:08:25,42.4861259460449,-8.91840839385986,"Female"
"9004156",371990,2025-06-16 09:13:43,42.4860801696777,-8.91847229003906,"Female"
"9004156",371990,2025-06-16 09:18:24,42.4859619140625,-8.91830921173096,"Female"
"9004156",371990,2025-06-16 09:23:27,42.4859848022461,-8.91823101043701,"Female"
"9004156",371990,2025-06-16 09:28:24,42.4859199523926,-8.91791343688965,"Female"
"9004156",371990,2025-06-16 09:33:25,42.4861831665039,-8.91864204406738,"Female"
"9004156",371990,2025-06-16 09:38:26,42.4861221313477,-8.91843032836914,"Female"
"9004156",371990,2025-06-16 09:43:37,42.4860763549805,-8.91838932037354,"Female"
"9004156",371990,2025-06-16 09:48:59,42.4860916137695,-8.91842365264893,"Female"
"9004156",371990,2025-06-16 09:53:23,42.4860801696777,-8.91840267181396,"Female"
"9004156",371990,2025-06-16 09:58:24,42.4855690002441,-8.91898155212402,"Female"
"9004156",371990,2025-06-16 10:03:47,42.4855346679688,-8.91855907440186,"Female"
"9004156",371990,2025-06-16 10:08:47,42.4851455688477,-8.91898632049561,"Female"
"9004156",371990,2025-06-16 10:13:46,42.4851875305176,-8.91928005218506,"Female"
"9004156",371990,2025-06-16 10:18:46,42.4852333068848,-8.91931056976318,"Female"
"9004156",371990,2025-06-16 10:23:46,42.4852752685547,-8.91929721832275,"Female"
"9004156",371990,2025-06-16 10:28:46,42.4853096008301,-8.9192943572998,"Female"
"9004156",371990,2025-06-16 10:33:46,42.4853286743164,-8.91928958892822,"Female"
"9004156",371990,2025-06-16 10:38:46,42.4853134155273,-8.91929912567139,"Female"
"9004156",371990,2025-06-16 10:43:46,42.485408782959,-8.91934394836426,"Female"
"9004156",371990,2025-06-16 10:48:48,42.4853820800781,-8.91973972320557,"Female"
"9004156",371990,2025-06-16 10:53:49,42.4853553771973,-8.91918849945068,"Female"
"9004156",371990,2025-06-16 10:58:51,42.485408782959,-8.9191780090332,"Female"
"9004156",371990,2025-06-16 11:03:51,42.4853935241699,-8.91919422149658,"Female"
"9004156",371990,2025-06-16 11:08:52,42.4854125976562,-8.91914081573486,"Female"
"9004156",371990,2025-06-16 11:13:51,42.4854545593262,-8.91913032531738,"Female"
"9004156",371990,2025-06-16 11:18:48,42.4853286743164,-8.91866874694824,"Female"
"9004156",371990,2025-06-16 11:24:34,42.4849433898926,-8.91616058349609,"Female"
"9004156",371990,2025-06-16 11:29:42,42.4837608337402,-8.91509628295898,"Female"
"9004156",371990,2025-06-16 11:34:42,42.4830131530762,-8.91551685333252,"Female"
"9004156",371990,2025-06-16 11:41:06,42.4830780029297,-8.91548824310303,"Female"
"9004156",371990,2025-06-16 11:45:38,42.4831237792969,-8.91555404663086,"Female"
"9004156",371990,2025-06-16 11:50:40,42.4830474853516,-8.91526508331299,"Female"
"9004156",371990,2025-06-16 11:56:01,42.4830589294434,-8.91547775268555,"Female"
"9004156",371990,2025-06-16 12:00:36,42.4830703735352,-8.9153995513916,"Female"
"9004156",371990,2025-06-16 12:05:37,42.4829864501953,-8.91518783569336,"Female"
"9004156",371990,2025-06-16 12:10:37,42.4831123352051,-8.9154167175293,"Female"
"9004156",371990,2025-06-16 12:15:40,42.4830284118652,-8.91536903381348,"Female"
"9004156",371990,2025-06-16 12:20:39,42.4830741882324,-8.9155740737915,"Female"
"9004156",371990,2025-06-16 12:25:39,42.4829444885254,-8.91535758972168,"Female"
"9004156",371990,2025-06-16 12:30:40,42.4828948974609,-8.91529941558838,"Female"
"9004156",371990,2025-06-16 12:35:40,42.4828987121582,-8.91538906097412,"Female"
"9004156",371990,2025-06-16 12:41:38,42.4834594726562,-8.91409683227539,"Female"
"9004156",371990,2025-06-16 12:47:42,42.4844017028809,-8.913254737854,"Female"
"9004156",371990,2025-06-16 12:52:54,42.485279083252,-8.91333961486816,"Female"
"9004156",371990,2025-06-16 12:57:54,42.4858856201172,-8.91401958465576,"Female"
"9004156",371990,2025-06-16 13:02:53,42.4859504699707,-8.91402149200439,"Female"
"9004156",371990,2025-06-16 13:07:55,42.4858169555664,-8.91422176361084,"Female"
"9004156",371990,2025-06-16 13:12:52,42.4859275817871,-8.91391372680664,"Female"
"9004156",371990,2025-06-16 13:17:52,42.4859199523926,-8.91395378112793,"Female"
"9004156",371990,2025-06-16 13:22:52,42.4858894348145,-8.91389560699463,"Female"
"9004156",371990,2025-06-16 13:27:57,42.4858741760254,-8.91402816772461,"Female"
"9004156",371990,2025-06-16 13:33:15,42.4856834411621,-8.91405391693115,"Female"
"9004156",371990,2025-06-16 13:37:52,42.4857139587402,-8.913405418396,"Female"
"9004156",371990,2025-06-16 13:43:01,42.4857292175293,-8.91403579711914,"Female"
"9004156",371990,2025-06-16 13:48:10,42.4857025146484,-8.91415214538574,"Female"
"9004156",371990,2025-06-16 13:53:14,42.4857025146484,-8.91410732269287,"Female"
"9004156",371990,2025-06-16 13:59:03,42.484977722168,-8.91405296325684,"Female"
"9004156",371990,2025-06-16 14:03:51,42.4858589172363,-8.91427898406982,"Female"
"9004156",371990,2025-06-16 14:09:21,42.4858741760254,-8.91307353973389,"Female"
"9004156",371990,2025-06-16 14:14:56,42.4860038757324,-8.91323757171631,"Female"
"9004156",371990,2025-06-16 14:19:54,42.4864120483398,-8.91287612915039,"Female"
"9004156",371990,2025-06-16 14:24:54,42.4863662719727,-8.91274929046631,"Female"
"9004156",371990,2025-06-16 14:29:55,42.4863739013672,-8.91271686553955,"Female"
"9004156",371990,2025-06-16 14:34:54,42.4863624572754,-8.91267967224121,"Female"
"9004156",371990,2025-06-16 14:39:54,42.486572265625,-8.91281986236572,"Female"
"9004156",371990,2025-06-16 14:44:54,42.4866180419922,-8.91281986236572,"Female"
"9004156",371990,2025-06-16 14:50:14,42.4865341186523,-8.91276073455811,"Female"
"9004156",371990,2025-06-16 14:54:54,42.4863662719727,-8.91273403167725,"Female"
"9004156",371990,2025-06-16 14:59:55,42.4864845275879,-8.91273498535156,"Female"
"9004156",371990,2025-06-16 15:04:54,42.4864921569824,-8.91266536712646,"Female"
"9004156",371990,2025-06-16 15:09:54,42.4865951538086,-8.91279697418213,"Female"
"9004156",371990,2025-06-16 15:14:55,42.4864273071289,-8.91262531280518,"Female"
"9004156",371990,2025-06-16 15:19:54,42.4865455627441,-8.91272449493408,"Female"
"9004156",371990,2025-06-16 15:24:57,42.4865760803223,-8.91280937194824,"Female"
"9004156",371990,2025-06-16 15:30:01,42.486442565918,-8.91264915466309,"Female"
"9004156",371990,2025-06-16 15:34:54,42.4864921569824,-8.91269683837891,"Female"
"9004156",371990,2025-06-16 15:39:54,42.4865341186523,-8.9127082824707,"Female"
"9004156",371990,2025-06-16 15:44:55,42.4865341186523,-8.9127836227417,"Female"
"9004156",371990,2025-06-16 15:50:14,42.4866523742676,-8.91283226013184,"Female"
"9004156",371990,2025-06-16 15:54:55,42.4867210388184,-8.91291904449463,"Female"
"9004156",371990,2025-06-16 16:00:09,42.486141204834,-8.91155433654785,"Female"
"9004156",371990,2025-06-16 16:04:56,42.4867630004883,-8.91308784484863,"Female"
"9004156",371990,2025-06-16 16:09:56,42.4865531921387,-8.91280364990234,"Female"
"9004156",371990,2025-06-16 16:14:58,42.4864120483398,-8.91262340545654,"Female"
"9004156",371990,2025-06-16 16:19:58,42.4863967895508,-8.91264057159424,"Female"
"9004156",371990,2025-06-16 16:25:03,42.4864044189453,-8.91261005401611,"Female"
"9004156",371990,2025-06-16 16:29:59,42.4865036010742,-8.91274166107178,"Female"
"9004156",371990,2025-06-16 16:34:57,42.4862365722656,-8.91256713867188,"Female"
"9004156",371990,2025-06-16 16:40:04,42.4863204956055,-8.91261768341064,"Female"
"9004156",371990,2025-06-16 16:44:55,42.486156463623,-8.91253757476807,"Female"
"9004156",371990,2025-06-16 16:50:15,42.4863891601562,-8.91280460357666,"Female"
"9004156",371990,2025-06-16 16:55:12,42.4864730834961,-8.91277503967285,"Female"
"9004156",371990,2025-06-16 17:00:00,42.4867668151855,-8.91255950927734,"Female"
"9004156",371990,2025-06-16 17:05:03,42.4863586425781,-8.91279220581055,"Female"
"9004156",371990,2025-06-16 17:09:58,42.4855499267578,-8.91204833984375,"Female"
"9004156",371990,2025-06-16 17:15:04,42.4863090515137,-8.91225051879883,"Female"
"9004156",371990,2025-06-16 17:19:58,42.4864120483398,-8.91251850128174,"Female"
"9004156",371990,2025-06-16 17:24:58,42.486457824707,-8.91214847564697,"Female"
"9004156",371990,2025-06-16 17:30:14,42.4863014221191,-8.91278839111328,"Female"
"9004156",371990,2025-06-16 17:34:54,42.486141204834,-8.9127950668335,"Female"
"9004156",371990,2025-06-16 17:39:57,42.4862480163574,-8.91208267211914,"Female"
"9004156",371990,2025-06-16 17:44:59,42.4862480163574,-8.91245555877686,"Female"
"9004156",371990,2025-06-16 17:49:58,42.4862403869629,-8.91289710998535,"Female"
"9004156",371990,2025-06-16 17:55:12,42.4861526489258,-8.91297626495361,"Female"
"9004156",371990,2025-06-16 17:59:58,42.4861869812012,-8.91299343109131,"Female"
"9004156",371990,2025-06-16 18:04:56,42.4861946105957,-8.91298294067383,"Female"
"9004156",371990,2025-06-16 18:09:55,42.4861145019531,-8.91300010681152,"Female"
"9004156",371990,2025-06-16 18:14:54,42.4863700866699,-8.91284370422363,"Female"
"9004156",371990,2025-06-16 18:20:29,42.4862174987793,-8.9130392074585,"Female"
"9004156",371990,2025-06-16 18:24:54,42.4863128662109,-8.91316413879395,"Female"
"9004156",371990,2025-06-16 18:29:54,42.4861946105957,-8.91301155090332,"Female"
"9004156",371990,2025-06-16 18:34:55,42.4862442016602,-8.91308116912842,"Female"
"9004156",371990,2025-06-16 18:40:16,42.4850120544434,-8.91368961334229,"Female"
"9004156",371990,2025-06-16 18:46:29,42.483959197998,-8.91503143310547,"Female"
"9004156",371990,2025-06-16 18:51:29,42.4841232299805,-8.91595840454102,"Female"
"9004156",371990,2025-06-16 18:56:31,42.4841079711914,-8.91584777832031,"Female"
"9004156",371990,2025-06-16 19:01:29,42.4842300415039,-8.91602897644043,"Female"
"9004156",371990,2025-06-16 19:06:30,42.4841842651367,-8.91596984863281,"Female"
"9004156",371990,2025-06-16 19:11:29,42.4841423034668,-8.91587162017822,"Female"
"9004156",371990,2025-06-16 19:16:31,42.4840469360352,-8.91581916809082,"Female"
"9004156",371990,2025-06-16 19:21:29,42.4840812683105,-8.91588973999023,"Female"
"9004156",371990,2025-06-16 19:26:29,42.4840888977051,-8.91584587097168,"Female"
"9004156",371990,2025-06-16 19:31:40,42.4841079711914,-8.91587543487549,"Female"
"9004156",371990,2025-06-16 19:36:28,42.4841766357422,-8.91596126556396,"Female"
"9004156",371990,2025-06-16 19:41:28,42.4841117858887,-8.91587162017822,"Female"
"9004156",371990,2025-06-16 19:46:29,42.4841232299805,-8.9158821105957,"Female"
"9004156",371990,2025-06-16 19:51:29,42.4841003417969,-8.91592788696289,"Female"
"9004156",371990,2025-06-16 19:56:28,42.4842262268066,-8.9161262512207,"Female"
"9004156",371990,2025-06-16 20:01:28,42.477352142334,-8.94477939605713,"Female"
"9004156",371990,2025-06-16 20:06:29,42.4774055480957,-8.94481372833252,"Female"
"9004156",371990,2025-06-16 20:11:29,42.4773483276367,-8.94472789764404,"Female"
"9004156",371990,2025-06-16 20:16:37,42.4773330688477,-8.9447717666626,"Female"
"9004156",371990,2025-06-16 20:21:37,42.4773902893066,-8.94491386413574,"Female"
"9004156",371990,2025-06-16 20:26:38,42.4774398803711,-8.94369602203369,"Female"
"9004156",371990,2025-06-16 20:32:05,42.4773216247559,-8.94467067718506,"Female"
"9004156",371990,2025-06-16 20:36:31,42.477367401123,-8.94442939758301,"Female"
"9004156",371990,2025-06-16 20:41:31,42.4773750305176,-8.94475364685059,"Female"
"9004156",371990,2025-06-16 20:46:31,42.4773559570312,-8.94458866119385,"Female"
"9004156",371990,2025-06-16 20:51:28,42.4773597717285,-8.94452571868896,"Female"
"9004156",371990,2025-06-16 20:56:29,42.477367401123,-8.94457530975342,"Female"
"9004156",371990,2025-06-16 21:01:28,42.4773902893066,-8.94464015960693,"Female"
"9004156",371990,2025-06-16 21:06:28,42.477352142334,-8.94461536407471,"Female"
"9004156",371990,2025-06-16 21:11:28,42.4773368835449,-8.94467544555664,"Female"
"9004156",371990,2025-06-16 21:16:28,42.477367401123,-8.94459819793701,"Female"
"9004156",371990,2025-06-16 21:21:30,42.4773941040039,-8.94453620910645,"Female"
"9004156",371990,2025-06-16 21:26:28,42.4774017333984,-8.94449806213379,"Female"
"9004156",371990,2025-06-16 21:31:28,42.4774475097656,-8.94456577301025,"Female"
"9004156",371990,2025-06-16 21:36:33,42.4773902893066,-8.94460391998291,"Female"
"9004156",371990,2025-06-16 21:41:37,42.4773597717285,-8.94464111328125,"Female"
"9004156",371990,2025-06-16 21:46:29,42.4773063659668,-8.94469261169434,"Female"
"9004156",371990,2025-06-16 21:51:32,42.4774589538574,-8.9445858001709,"Female"
"9004156",371990,2025-06-16 21:56:28,42.4773139953613,-8.94467926025391,"Female"
"9004156",371990,2025-06-16 22:01:29,42.4773941040039,-8.94466590881348,"Female"
"9004156",371990,2025-06-16 22:06:29,42.4773368835449,-8.94459342956543,"Female"
"9004156",371990,2025-06-16 22:11:28,42.4771842956543,-8.94472599029541,"Female"
"9004156",371990,2025-06-16 22:16:32,42.4773330688477,-8.94474411010742,"Female"
"9004156",371990,2025-06-16 22:21:36,42.477466583252,-8.94461917877197,"Female"
"9004156",371990,2025-06-16 22:26:39,42.4774932861328,-8.94435119628906,"Female"
"9004156",371990,2025-06-16 22:31:31,42.4773788452148,-8.94471454620361,"Female"
"9004156",371990,2025-06-16 22:36:42,42.4775123596191,-8.94442939758301,"Female"
"9004156",371990,2025-06-16 22:41:31,42.4776954650879,-8.94446182250977,"Female"
"9004156",371990,2025-06-16 22:46:32,42.4776039123535,-8.94454860687256,"Female"
"9004156",371990,2025-06-16 22:51:37,42.477367401123,-8.94468879699707,"Female"
"9004156",371990,2025-06-16 22:56:40,42.4780235290527,-8.94458770751953,"Female"
"9004156",371990,2025-06-16 23:01:42,42.477409362793,-8.94467639923096,"Female"
"9004156",371990,2025-06-16 23:07:05,42.4772758483887,-8.94469261169434,"Female"
"9004156",371990,2025-06-16 23:11:31,42.4773559570312,-8.94480609893799,"Female"
"9004156",371990,2025-06-16 23:16:50,42.4772453308105,-8.94468307495117,"Female"
"9004156",371990,2025-06-16 23:21:42,42.4772338867188,-8.94484043121338,"Female"
"9004156",371990,2025-06-16 23:26:29,42.4770164489746,-8.9445219039917,"Female"
"9004156",371990,2025-06-16 23:31:34,42.477294921875,-8.94458484649658,"Female"
"9004156",371990,2025-06-16 23:36:40,42.4773063659668,-8.94454669952393,"Female"
"9004156",371990,2025-06-16 23:41:48,42.4773979187012,-8.94488716125488,"Female"
"9004156",371990,2025-06-16 23:46:34,42.4773559570312,-8.94467735290527,"Female"
"9004156",371990,2025-06-16 23:51:41,42.4773750305176,-8.94459819793701,"Female"
"9004156",371990,2025-06-16 23:56:41,42.4772491455078,-8.94469547271729,"Female"
"9004156",371990,2025-06-17 00:02:23,42.4773139953613,-8.94467544555664,"Female"
"9004156",371990,2025-06-17 00:06:30,42.4773445129395,-8.9447078704834,"Female"
"9004156",371990,2025-06-17 00:11:34,42.4773979187012,-8.94465827941895,"Female"
"9004156",371990,2025-06-17 00:16:35,42.4773483276367,-8.94456958770752,"Female"
"9004156",371990,2025-06-17 00:21:33,42.4773712158203,-8.94469356536865,"Female"
"9004156",371990,2025-06-17 00:26:29,42.477367401123,-8.94458198547363,"Female"
"9004156",371990,2025-06-17 00:31:30,42.4773178100586,-8.94450378417969,"Female"
"9004156",371990,2025-06-17 00:36:33,42.4773101806641,-8.94456768035889,"Female"
"9004156",371990,2025-06-17 00:41:33,42.4772529602051,-8.9445629119873,"Female"
"9004156",371990,2025-06-17 00:46:31,42.4774131774902,-8.94475650787354,"Female"
"9004156",371990,2025-06-17 00:51:32,42.4773178100586,-8.94453525543213,"Female"
"9004156",371990,2025-06-17 00:56:31,42.4773559570312,-8.94475841522217,"Female"
"9004156",371990,2025-06-17 01:01:31,42.4773864746094,-8.94483375549316,"Female"
"9004156",371990,2025-06-17 01:06:34,42.4773216247559,-8.94451713562012,"Female"
"9004156",371990,2025-06-17 01:11:30,42.4772453308105,-8.94458770751953,"Female"
"9004156",371990,2025-06-17 01:16:41,42.477409362793,-8.94446754455566,"Female"
"9004156",371990,2025-06-17 01:21:34,42.4773139953613,-8.94468688964844,"Female"
"9004156",371990,2025-06-17 01:26:36,42.4772872924805,-8.94403648376465,"Female"
"9004156",371990,2025-06-17 01:31:45,42.4772872924805,-8.94461727142334,"Female"
"9004156",371990,2025-06-17 01:36:37,42.4772415161133,-8.94462299346924,"Female"
"9004156",371990,2025-06-17 01:41:49,42.4772911071777,-8.9445915222168,"Female"
"9004156",371990,2025-06-17 01:46:42,42.4771194458008,-8.94455814361572,"Female"
"9004156",371990,2025-06-17 01:51:32,42.4771614074707,-8.94446277618408,"Female"
"9004156",371990,2025-06-17 01:56:32,42.4772491455078,-8.94458961486816,"Female"
"9004156",371990,2025-06-17 02:01:29,42.4765701293945,-8.94401550292969,"Female"
"9004156",371990,2025-06-17 02:06:31,42.4767723083496,-8.94429874420166,"Female"
"9004156",371990,2025-06-17 02:11:29,42.4767532348633,-8.94423389434814,"Female"
"9004156",371990,2025-06-17 02:16:30,42.4766693115234,-8.94406318664551,"Female"
"9004156",371990,2025-06-17 02:21:35,42.4772148132324,-8.94436931610107,"Female"
"9004156",371990,2025-06-17 02:26:34,42.4772720336914,-8.94453144073486,"Female"
"9004156",371990,2025-06-17 02:31:45,42.477352142334,-8.94478511810303,"Female"
"9004156",371990,2025-06-17 02:36:34,42.4773368835449,-8.94461536407471,"Female"
"9004156",371990,2025-06-17 02:41:32,42.4773025512695,-8.94454002380371,"Female"
"9004156",371990,2025-06-17 02:46:35,42.4772758483887,-8.94459629058838,"Female"
"9004156",371990,2025-06-17 02:51:36,42.4775238037109,-8.94470691680908,"Female"
"9004156",371990,2025-06-17 02:56:42,42.4773712158203,-8.94465351104736,"Female"
"9004156",371990,2025-06-17 03:01:44,42.4773292541504,-8.94460105895996,"Female"
"9004156",371990,2025-06-17 03:06:31,42.4770927429199,-8.9454231262207,"Female"
"9004156",371990,2025-06-17 03:11:31,42.4773406982422,-8.94461250305176,"Female"
"9004156",371990,2025-06-17 03:16:29,42.4773712158203,-8.94479084014893,"Female"
"9004156",371990,2025-06-17 03:21:28,42.4773292541504,-8.94465923309326,"Female"
"9004156",371990,2025-06-17 03:26:35,42.4773483276367,-8.94467163085938,"Female"
"9004156",371990,2025-06-17 03:31:32,42.4773445129395,-8.94461059570312,"Female"
"9004156",371990,2025-06-17 03:36:31,42.4773864746094,-8.9447193145752,"Female"
"9004156",371990,2025-06-17 03:41:29,42.4772567749023,-8.94465923309326,"Female"
"9004156",371990,2025-06-17 03:46:44,42.4774894714355,-8.94486331939697,"Female"
"9004156",371990,2025-06-17 03:51:36,42.4773254394531,-8.94458675384521,"Female"
"9004156",371990,2025-06-17 03:56:36,42.4774398803711,-8.94480514526367,"Female"
"9004156",371990,2025-06-17 04:01:40,42.4774589538574,-8.94488048553467,"Female"
"9004156",371990,2025-06-17 04:06:27,42.4772720336914,-8.94432353973389,"Female"
"9004156",371990,2025-06-17 04:11:27,42.4771995544434,-8.94447040557861,"Female"
"9004156",371990,2025-06-17 04:16:27,42.4773483276367,-8.94454765319824,"Female"
"9004156",371990,2025-06-17 04:21:42,42.4772834777832,-8.94462585449219,"Female"
"9004156",371990,2025-06-17 04:26:37,42.4773788452148,-8.94473743438721,"Female"
"9004156",371990,2025-06-17 04:31:33,42.477409362793,-8.94479370117188,"Female"
"9004156",371990,2025-06-17 04:36:36,42.477367401123,-8.94469356536865,"Female"
"9004156",371990,2025-06-17 04:41:36,42.4774932861328,-8.94504070281982,"Female"
"9004156",371990,2025-06-17 04:47:52,42.4773254394531,-8.94481372833252,"Female"
"9004156",371990,2025-06-17 04:51:44,42.4773292541504,-8.94470405578613,"Female"
"9004156",371990,2025-06-17 04:56:33,42.4774971008301,-8.9447135925293,"Female"
"9004156",371990,2025-06-17 05:01:28,42.4773406982422,-8.94476890563965,"Female"
"9004156",371990,2025-06-17 05:06:31,42.4772338867188,-8.94443130493164,"Female"
"9004156",371990,2025-06-17 05:11:28,42.4772071838379,-8.94443130493164,"Female"
"9004156",371990,2025-06-17 05:16:29,42.4771461486816,-8.94424152374268,"Female"
"9004156",371990,2025-06-17 05:21:31,42.4772529602051,-8.94453525543213,"Female"
"9004156",371990,2025-06-17 05:26:33,42.4771728515625,-8.94440078735352,"Female"
"9004156",371990,2025-06-17 05:31:36,42.4773826599121,-8.9448938369751,"Female"
"9004156",371990,2025-06-17 05:36:37,42.4773101806641,-8.94447898864746,"Female"
"9004156",371990,2025-06-17 05:41:31,42.4773254394531,-8.94466018676758,"Female"
"9004156",371990,2025-06-17 05:46:44,42.4773368835449,-8.94516849517822,"Female"
"9004156",371990,2025-06-17 05:51:27,42.4773483276367,-8.94490814208984,"Female"
"9004156",371990,2025-06-17 05:56:27,42.4773139953613,-8.94498252868652,"Female"
"9004156",371990,2025-06-17 06:01:31,42.4774398803711,-8.94514083862305,"Female"
"9004156",371990,2025-06-17 06:06:31,42.4774475097656,-8.94534969329834,"Female"
"9004156",371990,2025-06-17 06:11:28,42.4773216247559,-8.94511222839355,"Female"
"9004156",371990,2025-06-17 06:16:27,42.479175567627,-8.94298267364502,"Female"
"9004156",371990,2025-06-17 06:21:36,42.4826812744141,-8.93109035491943,"Female"
"9004156",371990,2025-06-17 06:27:48,42.4849395751953,-8.93093776702881,"Female"
"9004156",371990,2025-06-17 06:34:15,42.4850044250488,-8.92409801483154,"Female"
"9004156",371990,2025-06-17 06:39:06,42.4845008850098,-8.92341327667236,"Female"
"9004156",371990,2025-06-17 06:44:56,42.4852333068848,-8.92339038848877,"Female"
"9004156",371990,2025-06-17 06:49:08,42.4852523803711,-8.92330741882324,"Female"
"9004156",371990,2025-06-17 06:54:02,42.4853477478027,-8.92348480224609,"Female"
"9004156",371990,2025-06-17 06:59:03,42.4852752685547,-8.92336463928223,"Female"
"9004156",371990,2025-06-17 07:04:12,42.485294342041,-8.92342090606689,"Female"
"9004156",371990,2025-06-17 07:09:03,42.4852561950684,-8.92335414886475,"Female"
"9004156",371990,2025-06-17 07:14:06,42.4853057861328,-8.92343997955322,"Female"
"9004156",371990,2025-06-17 07:19:08,42.4853134155273,-8.9234619140625,"Female"
"9004156",371990,2025-06-17 07:24:08,42.4854278564453,-8.9232873916626,"Female"
"9004156",371990,2025-06-17 07:29:07,42.4853973388672,-8.92357444763184,"Female"
"9004156",371990,2025-06-17 07:34:08,42.4854774475098,-8.92330551147461,"Female"
"9004156",371990,2025-06-17 07:39:36,42.4848213195801,-8.92278480529785,"Female"
"9004156",371990,2025-06-17 07:46:05,42.484260559082,-8.92196083068848,"Female"
"9004156",371990,2025-06-17 07:51:19,42.4842910766602,-8.9207124710083,"Female"
"9004156",371990,2025-06-17 07:56:17,42.4850082397461,-8.920334815979,"Female"
"9004156",371990,2025-06-17 08:01:21,42.4848861694336,-8.92043590545654,"Female"
"9004156",371990,2025-06-17 08:06:21,42.4848289489746,-8.9204683303833,"Female"
"9004156",371990,2025-06-17 08:11:19,42.4851264953613,-8.9202709197998,"Female"
"9004156",371990,2025-06-17 08:16:20,42.4847755432129,-8.92048454284668,"Female"
"9004156",371990,2025-06-17 08:21:18,42.4849586486816,-8.92037487030029,"Female"
"9004156",371990,2025-06-17 08:26:17,42.4849128723145,-8.92043209075928,"Female"
"9004156",371990,2025-06-17 08:31:19,42.4848251342773,-8.91920471191406,"Female"
"9004156",371990,2025-06-17 08:37:06,42.4842491149902,-8.91914749145508,"Female"
"9004156",371990,2025-06-17 08:42:08,42.4839363098145,-8.91822338104248,"Female"
"9004156",371990,2025-06-17 08:47:07,42.4846611022949,-8.91858386993408,"Female"
"9004156",371990,2025-06-17 08:53:14,42.4854125976562,-8.91926574707031,"Female"
"9004156",371990,2025-06-17 08:57:03,42.4853057861328,-8.9193058013916,"Female"
"9004156",371990,2025-06-17 09:02:04,42.4853324890137,-8.91929626464844,"Female"
"9004156",371990,2025-06-17 09:07:04,42.4854583740234,-8.91925239562988,"Female"
"9004156",371990,2025-06-17 09:12:03,42.4854202270508,-8.91926002502441,"Female"
"9004156",371990,2025-06-17 09:17:07,42.4853935241699,-8.91928672790527,"Female"
"9004156",371990,2025-06-17 09:22:04,42.4854011535645,-8.91921806335449,"Female"
"9004156",371990,2025-06-17 09:27:04,42.4853363037109,-8.91925716400146,"Female"
"9004156",371990,2025-06-17 09:32:06,42.4852485656738,-8.91922855377197,"Female"
"9004156",371990,2025-06-17 09:37:03,42.4853401184082,-8.91921615600586,"Female"
"9004156",371990,2025-06-17 09:42:04,42.4854354858398,-8.91922187805176,"Female"
"9004156",371990,2025-06-17 09:47:03,42.4853820800781,-8.91922187805176,"Female"
"9004156",371990,2025-06-17 09:52:06,42.4855690002441,-8.91864013671875,"Female"
"9004156",371990,2025-06-17 09:58:08,42.4857864379883,-8.91863822937012,"Female"
"9004156",371990,2025-06-17 10:03:06,42.4854850769043,-8.91882610321045,"Female"
"9004156",371990,2025-06-17 10:09:11,42.4853935241699,-8.91838359832764,"Female"
"9004156",371990,2025-06-17 10:13:47,42.4861145019531,-8.91837120056152,"Female"
"9004156",371990,2025-06-17 10:19:14,42.4861106872559,-8.91838359832764,"Female"
"9004156",371990,2025-06-17 10:23:48,42.4861297607422,-8.91833877563477,"Female"
"9004156",371990,2025-06-17 10:28:49,42.4861259460449,-8.91831111907959,"Female"
"9004156",371990,2025-06-17 10:33:47,42.4861068725586,-8.91855525970459,"Female"
"9004156",371990,2025-06-17 10:38:48,42.486083984375,-8.91835594177246,"Female"
"9004156",371990,2025-06-17 10:43:48,42.4860954284668,-8.91849231719971,"Female"
"9004156",371990,2025-06-17 10:49:15,42.4861640930176,-8.91836738586426,"Female"
"9004156",371990,2025-06-17 10:53:48,42.4862174987793,-8.91861629486084,"Female"
"9004156",371990,2025-06-17 10:58:48,42.4862442016602,-8.91850757598877,"Female"
"9004156",371990,2025-06-17 11:03:47,42.4861717224121,-8.91846084594727,"Female"
"9004156",371990,2025-06-17 11:08:47,42.4862403869629,-8.91864395141602,"Female"
"9004156",371990,2025-06-17 11:13:50,42.4861831665039,-8.91855430603027,"Female"
"9004156",371990,2025-06-17 11:18:48,42.4861526489258,-8.91843128204346,"Female"
"9004156",371990,2025-06-17 11:24:24,42.486011505127,-8.9182653427124,"Female"
"9004156",371990,2025-06-17 11:28:51,42.4860420227051,-8.91860580444336,"Female"
"9004156",371990,2025-06-17 11:34:34,42.4858589172363,-8.91773414611816,"Female"
"9004156",371990,2025-06-17 11:40:25,42.4856147766113,-8.91783714294434,"Female"
"9004156",371990,2025-06-17 11:46:44,42.4859657287598,-8.91619777679443,"Female"
"9004156",371990,2025-06-17 11:51:16,42.4863967895508,-8.91569423675537,"Female"
"9004156",371990,2025-06-17 11:56:21,42.4863433837891,-8.91565036773682,"Female"
"9004156",371990,2025-06-17 12:01:16,42.4864501953125,-8.91575622558594,"Female"
"9004156",371990,2025-06-17 12:06:24,42.486442565918,-8.91559314727783,"Female"
"9004156",371990,2025-06-17 12:11:16,42.4861373901367,-8.91589832305908,"Female"
"9004156",371990,2025-06-17 12:16:15,42.4864273071289,-8.91570568084717,"Female"
"9004156",371990,2025-06-17 12:21:15,42.4866142272949,-8.91560745239258,"Female"
"9004156",371990,2025-06-17 12:26:14,42.4864692687988,-8.91574573516846,"Female"
"9004156",371990,2025-06-17 12:31:44,42.4863510131836,-8.91573333740234,"Female"
"9004156",371990,2025-06-17 12:36:14,42.4863700866699,-8.91574478149414,"Female"
"9004156",371990,2025-06-17 12:41:15,42.4863128662109,-8.91586303710938,"Female"
"9004156",371990,2025-06-17 12:46:17,42.4846725463867,-8.91150951385498,"Female"
"9004156",371990,2025-06-17 12:51:36,42.4851226806641,-8.91067504882812,"Female"
"9004156",371990,2025-06-17 12:56:39,42.4852104187012,-8.91108703613281,"Female"
"9004156",371990,2025-06-17 13:01:58,42.4854927062988,-8.91305160522461,"Female"
"9004156",371990,2025-06-17 13:06:52,42.4855766296387,-8.9128885269165,"Female"
"9004156",371990,2025-06-17 13:11:51,42.4857597351074,-8.91238021850586,"Female"
"9004156",371990,2025-06-17 13:17:23,42.4855728149414,-8.91269588470459,"Female"
"9004156",371990,2025-06-17 13:21:51,42.4855422973633,-8.91264057159424,"Female"
"9004156",371990,2025-06-17 13:26:51,42.4855079650879,-8.91264152526855,"Female"
"9004156",371990,2025-06-17 13:31:51,42.4854507446289,-8.91263580322266,"Female"
"9004156",371990,2025-06-17 13:36:51,42.4854469299316,-8.91264057159424,"Female"
"9004156",371990,2025-06-17 13:41:53,42.485424041748,-8.91261005401611,"Female"
"9004156",371990,2025-06-17 13:46:51,42.4854698181152,-8.91253566741943,"Female"
"9004156",371990,2025-06-17 13:51:51,42.4854278564453,-8.91262817382812,"Female"
"9004156",371990,2025-06-17 13:56:51,42.4853591918945,-8.91267108917236,"Female"
"9004156",371990,2025-06-17 14:01:51,42.4854125976562,-8.91264820098877,"Female"
"9004156",371990,2025-06-17 14:06:51,42.4854888916016,-8.9125452041626,"Female"
"9004156",371990,2025-06-17 14:11:51,42.4854125976562,-8.91260528564453,"Female"
"9004156",371990,2025-06-17 14:18:44,42.4826812744141,-8.91029834747314,"Female"
"9004156",371990,2025-06-17 14:23:10,42.4826049804688,-8.90914154052734,"Female"
"9004156",371990,2025-06-17 14:29:07,42.4828109741211,-8.90807151794434,"Female"
"9004156",371990,2025-06-17 14:34:35,42.483097076416,-8.90864086151123,"Female"
"9004156",371990,2025-06-17 14:39:05,42.4831352233887,-8.90861320495605,"Female"
"9004156",371990,2025-06-17 14:44:08,42.4831123352051,-8.90863609313965,"Female"
"9004156",371990,2025-06-17 14:49:05,42.4830780029297,-8.90854549407959,"Female"
"9004156",371990,2025-06-17 14:54:05,42.483154296875,-8.90857124328613,"Female"
"9004156",371990,2025-06-17 14:59:05,42.4831237792969,-8.90862083435059,"Female"
"9004156",371990,2025-06-17 15:04:05,42.4830894470215,-8.9086275100708,"Female"
"9004156",371990,2025-06-17 15:09:06,42.4830780029297,-8.90865802764893,"Female"
"9004156",371990,2025-06-17 15:14:08,42.4830894470215,-8.90862941741943,"Female"
"9004156",371990,2025-06-17 15:19:05,42.4831085205078,-8.90861415863037,"Female"
"9004156",371990,2025-06-17 15:24:05,42.4831657409668,-8.90866088867188,"Female"
"9004156",371990,2025-06-17 15:29:05,42.4832077026367,-8.90863227844238,"Female"
"9004156",371990,2025-06-17 15:34:12,42.4814910888672,-8.90810775756836,"Female"
"9004156",371990,2025-06-17 15:39:15,42.4809684753418,-8.90605926513672,"Female"
"9004156",371990,2025-06-17 15:44:11,42.4805526733398,-8.90624523162842,"Female"
"9004156",371990,2025-06-17 15:49:13,42.4813537597656,-8.90739727020264,"Female"
"9004156",371990,2025-06-17 15:55:05,42.4821434020996,-8.90879821777344,"Female"
"9004156",371990,2025-06-17 15:59:32,42.4821281433105,-8.90875339508057,"Female"
"9004156",371990,2025-06-17 16:04:11,42.4821434020996,-8.90878486633301,"Female"
"9004156",371990,2025-06-17 16:09:11,42.4821586608887,-8.90879249572754,"Female"
"9004156",371990,2025-06-17 16:14:11,42.4822654724121,-8.90893459320068,"Female"
"9004156",371990,2025-06-17 16:19:11,42.482307434082,-8.90891647338867,"Female"
"9004156",371990,2025-06-17 16:24:11,42.4823303222656,-8.90896034240723,"Female"
"9004156",371990,2025-06-17 16:29:11,42.482307434082,-8.90891265869141,"Female"
"9004156",371990,2025-06-17 16:34:11,42.4822998046875,-8.9088716506958,"Female"
"9004156",371990,2025-06-17 16:39:12,42.4823112487793,-8.90896034240723,"Female"
"9004156",371990,2025-06-17 16:44:15,42.4821586608887,-8.9087963104248,"Female"
"9004156",371990,2025-06-17 16:49:12,42.4822311401367,-8.90879917144775,"Female"
"9004156",371990,2025-06-17 16:54:16,42.4821510314941,-8.90879726409912,"Female"
"9004156",371990,2025-06-17 16:59:13,42.4821548461914,-8.90880680084229,"Female"
"9004156",371990,2025-06-17 17:04:11,42.4821357727051,-8.90875434875488,"Female"
"9004156",371990,2025-06-17 17:09:18,42.4821624755859,-8.90876960754395,"Female"
"9004156",371990,2025-06-17 17:14:35,42.4821395874023,-8.90881061553955,"Female"
"9004156",371990,2025-06-17 17:19:12,42.4820747375488,-8.90873908996582,"Female"
"9004156",371990,2025-06-17 17:24:13,42.4823341369629,-8.90923881530762,"Female"
"9004156",371990,2025-06-17 17:29:12,42.4824562072754,-8.90946197509766,"Female"
"9004156",371990,2025-06-17 17:34:12,42.482292175293,-8.90923023223877,"Female"
"9004156",371990,2025-06-17 17:39:11,42.4821586608887,-8.90897464752197,"Female"
"9004156",371990,2025-06-17 17:45:07,42.4819526672363,-8.90950298309326,"Female"
"9004156",371990,2025-06-17 17:50:12,42.4824371337891,-8.90986919403076,"Female"
"9004156",371990,2025-06-17 17:55:01,42.4825325012207,-8.91027545928955,"Female"
"9004156",371990,2025-06-17 18:00:01,42.4825286865234,-8.91021347045898,"Female"
"9004156",371990,2025-06-17 18:05:01,42.4822273254395,-8.90977954864502,"Female"
"9004156",371990,2025-06-17 18:10:04,42.4825859069824,-8.91019248962402,"Female"
"9004156",371990,2025-06-17 18:15:02,42.4825477600098,-8.91018390655518,"Female"
"9004156",371990,2025-06-17 18:20:05,42.4824485778809,-8.91017436981201,"Female"
"9004156",371990,2025-06-17 18:25:02,42.4824638366699,-8.91015625,"Female"
"9004156",371990,2025-06-17 18:30:04,42.4823570251465,-8.91003131866455,"Female"
"9004156",371990,2025-06-17 18:35:01,42.4824714660645,-8.91014766693115,"Female"
"9004156",371990,2025-06-17 18:40:01,42.4824752807617,-8.91010761260986,"Female"
"9004156",371990,2025-06-17 18:45:02,42.4824676513672,-8.91008472442627,"Female"
"9004156",371990,2025-06-17 18:50:01,42.4825286865234,-8.91005420684814,"Female"
"9004156",371990,2025-06-17 18:55:01,42.482479095459,-8.91011142730713,"Female"
"9004156",371990,2025-06-17 19:00:02,42.4824485778809,-8.91011333465576,"Female"
"9004156",371990,2025-06-17 19:05:01,42.4824409484863,-8.91018676757812,"Female"
"9004156",371990,2025-06-17 19:10:07,42.4823608398438,-8.9102725982666,"Female"
"9004156",371990,2025-06-17 19:15:01,42.4824829101562,-8.91011714935303,"Female"
"9004156",371990,2025-06-17 19:20:12,42.4823188781738,-8.91026878356934,"Female"
"9004156",371990,2025-06-17 19:25:01,42.4821090698242,-8.91030597686768,"Female"
"9004156",371990,2025-06-17 19:30:07,42.4823799133301,-8.91032886505127,"Female"
"9004156",371990,2025-06-17 19:35:03,42.4823875427246,-8.91018867492676,"Female"
"9004156",371990,2025-06-17 19:40:09,42.4824333190918,-8.91019344329834,"Female"
"9004156",371990,2025-06-17 19:45:10,42.4823532104492,-8.9104061126709,"Female"
"9004156",371990,2025-06-17 19:50:13,42.4825248718262,-8.91020393371582,"Female"
"9004156",371990,2025-06-17 19:55:02,42.4824600219727,-8.91029834747314,"Female"
"9004156",371990,2025-06-17 20:00:03,42.482593536377,-8.91023063659668,"Female"
"9004156",371990,2025-06-17 20:05:01,42.4826316833496,-8.91023063659668,"Female"
"9004156",371990,2025-06-17 20:10:01,42.4826202392578,-8.91014099121094,"Female"
"9004156",371990,2025-06-17 20:15:09,42.4824676513672,-8.91025733947754,"Female"
"9004156",371990,2025-06-17 20:20:07,42.4784927368164,-8.94261646270752,"Female"
"9004156",371990,2025-06-17 20:25:01,42.4775924682617,-8.94468593597412,"Female"
"9004156",371990,2025-06-17 20:30:09,42.4775924682617,-8.94465923309326,"Female"
"9004156",371990,2025-06-17 20:35:06,42.4773559570312,-8.94461536407471,"Female"
"9004156",371990,2025-06-17 20:40:03,42.4772872924805,-8.94461154937744,"Female"
"9004156",371990,2025-06-17 20:45:14,42.4775238037109,-8.94463539123535,"Female"
"9004156",371990,2025-06-17 20:50:01,42.4774932861328,-8.94472599029541,"Female"
"9004156",371990,2025-06-17 20:55:03,42.4786033630371,-8.94526958465576,"Female"
"9004156",371990,2025-06-17 21:00:02,42.4775581359863,-8.94462203979492,"Female"
"9004156",371990,2025-06-17 21:05:01,42.4775924682617,-8.9445972442627,"Female"
"9004156",371990,2025-06-17 21:10:01,42.4774475097656,-8.94474601745605,"Female"
"9004156",371990,2025-06-17 21:15:02,42.477352142334,-8.94457054138184,"Female"
"9004156",371990,2025-06-17 21:20:12,42.4775352478027,-8.94472980499268,"Female"
"9004156",371990,2025-06-17 21:25:11,42.4780006408691,-8.94491481781006,"Female"
"9004156",371990,2025-06-17 21:30:35,42.4774627685547,-8.94459533691406,"Female"
"9004156",371990,2025-06-17 21:35:00,42.4774017333984,-8.9446439743042,"Female"
"9004156",371990,2025-06-17 21:40:34,42.4775619506836,-8.94464683532715,"Female"
"9004156",371990,2025-06-17 21:45:01,42.4775161743164,-8.94467544555664,"Female"
"9004156",371990,2025-06-17 21:50:01,42.4775733947754,-8.94462299346924,"Female"
"9004156",371990,2025-06-17 21:55:01,42.4776153564453,-8.94468116760254,"Female"
"9004156",371990,2025-06-17 22:00:01,42.4773712158203,-8.94457149505615,"Female"
"9004156",371990,2025-06-17 22:05:01,42.4773712158203,-8.94458675384521,"Female"
"9004156",371990,2025-06-17 22:10:01,42.4773941040039,-8.94460487365723,"Female"
"9004156",371990,2025-06-17 22:15:01,42.477352142334,-8.94458103179932,"Female"
"9004156",371990,2025-06-17 22:20:01,42.4773406982422,-8.94460296630859,"Female"
"9004156",371990,2025-06-17 22:25:01,42.4774208068848,-8.94461154937744,"Female"
"9004156",371990,2025-06-17 22:30:01,42.477367401123,-8.94456481933594,"Female"
"9004156",371990,2025-06-17 22:35:01,42.4774513244629,-8.94447994232178,"Female"
"9004156",371990,2025-06-17 22:40:01,42.4773979187012,-8.94462013244629,"Female"
"9004156",371990,2025-06-17 22:45:01,42.4774284362793,-8.94463920593262,"Female"
"9004156",371990,2025-06-17 22:50:01,42.477424621582,-8.94458103179932,"Female"
"9004156",371990,2025-06-17 22:55:01,42.4774894714355,-8.944655418396,"Female"
"9004156",371990,2025-06-17 23:00:05,42.4774398803711,-8.94463348388672,"Female"
"9004156",371990,2025-06-17 23:05:01,42.4775123596191,-8.94462108612061,"Female"
"9004156",371990,2025-06-17 23:10:01,42.4774627685547,-8.94453525543213,"Female"
"9004156",371990,2025-06-17 23:15:01,42.4774551391602,-8.94460964202881,"Female"
"9004156",371990,2025-06-17 23:20:01,42.4775161743164,-8.94470977783203,"Female"
"9004156",371990,2025-06-17 23:25:01,42.4775085449219,-8.94459915161133,"Female"
"9004156",371990,2025-06-17 23:30:01,42.477424621582,-8.944580078125,"Female"
"9004156",371990,2025-06-17 23:35:02,42.4775085449219,-8.9445161819458,"Female"
"9004156",371990,2025-06-17 23:40:02,42.4775123596191,-8.94459915161133,"Female"
"9004156",371990,2025-06-17 23:45:01,42.4774627685547,-8.94461727142334,"Female"
"9004156",371990,2025-06-17 23:50:01,42.4774742126465,-8.94447994232178,"Female"
"9004156",371990,2025-06-17 23:55:01,42.4776039123535,-8.94457817077637,"Female"
"9004156",371990,2025-06-18 00:00:01,42.4774971008301,-8.94461441040039,"Female"
"9004156",371990,2025-06-18 00:05:02,42.4775428771973,-8.94463729858398,"Female"
"9004156",371990,2025-06-18 00:10:04,42.4773635864258,-8.94466304779053,"Female"
"9004156",371990,2025-06-18 00:15:07,42.477424621582,-8.94459247589111,"Female"
"9004156",371990,2025-06-18 00:20:04,42.477409362793,-8.94456100463867,"Female"
"9004156",371990,2025-06-18 00:25:02,42.4775619506836,-8.94475364685059,"Female"
"9004156",371990,2025-06-18 00:30:13,42.4773788452148,-8.9445686340332,"Female"
"9004156",371990,2025-06-18 00:35:09,42.4775581359863,-8.94457054138184,"Female"
"9004156",371990,2025-06-18 00:40:09,42.4774131774902,-8.94459533691406,"Female"
"9004156",371990,2025-06-18 00:45:09,42.4774551391602,-8.94460964202881,"Female"
"9004156",371990,2025-06-18 00:50:16,42.477367401123,-8.94456958770752,"Female"
"9004156",371990,2025-06-18 00:55:14,42.4776763916016,-8.94473171234131,"Female"
"9004156",371990,2025-06-18 01:00:14,42.4775505065918,-8.94474983215332,"Female"
"9004156",371990,2025-06-18 01:05:35,42.4774703979492,-8.94460868835449,"Female"
"9004156",371990,2025-06-18 01:10:04,42.4775161743164,-8.94462013244629,"Female"
"9004156",371990,2025-06-18 01:15:04,42.4775085449219,-8.9446496963501,"Female"
"9004156",371990,2025-06-18 01:20:01,42.4778137207031,-8.94484424591064,"Female"
"9004156",371990,2025-06-18 01:25:01,42.4774284362793,-8.94456195831299,"Female"
"9004156",371990,2025-06-18 01:30:01,42.4774551391602,-8.94451236724854,"Female"
"9004156",371990,2025-06-18 01:35:03,42.4773864746094,-8.94463157653809,"Female"
"9004156",371990,2025-06-18 01:40:08,42.4774703979492,-8.94460010528564,"Female"
"9004156",371990,2025-06-18 01:45:02,42.4773178100586,-8.94457912445068,"Female"
"9004156",371990,2025-06-18 01:50:04,42.4773445129395,-8.94456195831299,"Female"
"9004156",371990,2025-06-18 01:55:01,42.4773902893066,-8.94453907012939,"Female"
"9004156",371990,2025-06-18 02:00:14,42.4775238037109,-8.94456386566162,"Female"
"9004156",371990,2025-06-18 02:05:04,42.4774932861328,-8.94451427459717,"Female"
"9004156",371990,2025-06-18 02:10:13,42.4776077270508,-8.94461059570312,"Female"
"9004156",371990,2025-06-18 02:15:04,42.4775047302246,-8.9445743560791,"Female"
"9004156",371990,2025-06-18 02:20:13,42.4773902893066,-8.94454574584961,"Female"
"9004156",371990,2025-06-18 02:25:11,42.4775695800781,-8.94460773468018,"Female"
"9004156",371990,2025-06-18 02:30:12,42.4775352478027,-8.94460010528564,"Female"
"9004156",371990,2025-06-18 02:35:09,42.4775848388672,-8.94471263885498,"Female"
"9004156",371990,2025-06-18 02:40:09,42.477481842041,-8.94444561004639,"Female"
"9004156",371990,2025-06-18 02:45:09,42.4775733947754,-8.94447135925293,"Female"
"9004156",371990,2025-06-18 02:50:08,42.4774627685547,-8.94437885284424,"Female"
"9004156",371990,2025-06-18 02:55:08,42.4775161743164,-8.94473266601562,"Female"
"9004156",371990,2025-06-18 03:00:34,42.4774284362793,-8.94456958770752,"Female"
"9004156",371990,2025-06-18 03:05:01,42.4776954650879,-8.94486904144287,"Female"
"9004156",371990,2025-06-18 03:10:00,42.4776916503906,-8.94482803344727,"Female"
"9004156",371990,2025-06-18 03:15:06,42.4774856567383,-8.94459247589111,"Female"
"9004156",371990,2025-06-18 03:20:02,42.4776573181152,-8.9448709487915,"Female"
"9004156",371990,2025-06-18 03:25:04,42.4773101806641,-8.9445743560791,"Female"
"9004156",371990,2025-06-18 03:30:08,42.4776649475098,-8.94465446472168,"Female"
"9004156",371990,2025-06-18 03:35:09,42.4774742126465,-8.94458770751953,"Female"
"9004156",371990,2025-06-18 03:40:02,42.477668762207,-8.9448938369751,"Female"
"9004156",371990,2025-06-18 03:45:03,42.4776306152344,-8.94480800628662,"Female"
"9004156",371990,2025-06-18 03:50:03,42.4776268005371,-8.94490718841553,"Female"
"9004156",371990,2025-06-18 03:55:04,42.4774627685547,-8.94468688964844,"Female"
"9004156",371990,2025-06-18 04:00:03,42.4775161743164,-8.94468593597412,"Female"
"9004156",371990,2025-06-18 04:05:03,42.4775352478027,-8.94480133056641,"Female"
"9004156",371990,2025-06-18 04:10:04,42.477424621582,-8.94470977783203,"Female"
"9004156",371990,2025-06-18 04:15:03,42.4773445129395,-8.94455242156982,"Female"
"9004156",371990,2025-06-18 04:20:07,42.4771728515625,-8.94518089294434,"Female"
"9004156",371990,2025-06-18 04:25:07,42.4772186279297,-8.94505023956299,"Female"
"9004156",371990,2025-06-18 04:30:07,42.4773063659668,-8.94493103027344,"Female"
"9004156",371990,2025-06-18 04:35:15,42.4775009155273,-8.9444408416748,"Female"
"9004156",371990,2025-06-18 04:40:03,42.4773788452148,-8.94468593597412,"Female"
"9004156",371990,2025-06-18 04:45:09,42.4773864746094,-8.94455432891846,"Female"
"9004156",371990,2025-06-18 04:50:08,42.4775199890137,-8.94432926177979,"Female"
"9004156",371990,2025-06-18 04:55:02,42.4774971008301,-8.9445333480835,"Female"
"9004156",371990,2025-06-18 05:00:01,42.4774208068848,-8.94470405578613,"Female"
"9004156",371990,2025-06-18 05:05:04,42.4776725769043,-8.94421482086182,"Female"
"9004156",371990,2025-06-18 05:10:02,42.4776573181152,-8.94425582885742,"Female"
"9004156",371990,2025-06-18 05:15:02,42.4776420593262,-8.94435405731201,"Female"
"9004156",371990,2025-06-18 05:20:01,42.4776077270508,-8.94435405731201,"Female"
"9004156",371990,2025-06-18 05:25:04,42.4774627685547,-8.94429492950439,"Female"
"9004156",371990,2025-06-18 05:30:02,42.4775505065918,-8.9444580078125,"Female"
"9004156",371990,2025-06-18 05:35:14,42.477596282959,-8.94439601898193,"Female"
"9004156",371990,2025-06-18 05:40:02,42.4775199890137,-8.94439792633057,"Female"
"9004156",371990,2025-06-18 05:45:02,42.4775199890137,-8.94438743591309,"Female"
"9004156",371990,2025-06-18 05:50:01,42.477481842041,-8.94438934326172,"Female"
"9004156",371990,2025-06-18 05:55:01,42.4775505065918,-8.94445323944092,"Female"
"9004156",371990,2025-06-18 06:00:06,42.4773864746094,-8.94433403015137,"Female"
"9004156",371990,2025-06-18 06:05:02,42.4774932861328,-8.94433498382568,"Female"
"9004156",371990,2025-06-18 06:10:01,42.4773483276367,-8.9443244934082,"Female"
"9004156",371990,2025-06-18 06:15:02,42.4772300720215,-8.94429397583008,"Female"
"9004156",371990,2025-06-18 06:20:02,42.477294921875,-8.94431018829346,"Female"
"9004156",371990,2025-06-18 06:25:01,42.4773139953613,-8.94427680969238,"Female"
"9004156",371990,2025-06-18 06:30:34,42.4774360656738,-8.94464015960693,"Female"
"9004156",371990,2025-06-18 06:35:00,42.4774322509766,-8.94455814361572,"Female"
"9004156",371990,2025-06-18 06:40:02,42.4773979187012,-8.9446325302124,"Female"
"9004156",371990,2025-06-18 06:45:00,42.477409362793,-8.94457912445068,"Female"
"9004156",371990,2025-06-18 06:50:02,42.4775390625,-8.94463729858398,"Female"
"9004156",371990,2025-06-18 06:55:00,42.4775733947754,-8.94469165802002,"Female"
"9004156",371990,2025-06-18 07:00:07,42.4826431274414,-8.9308500289917,"Female"
"9004156",371990,2025-06-18 07:05:08,42.4828758239746,-8.9248104095459,"Female"
"9004156",371990,2025-06-18 07:10:00,42.4844284057617,-8.9232006072998,"Female"
"9004156",371990,2025-06-18 07:15:30,42.4849700927734,-8.92232799530029,"Female"
"9004156",371990,2025-06-18 07:21:11,42.485279083252,-8.92353439331055,"Female"
"9004156",371990,2025-06-18 07:26:10,42.485279083252,-8.92362308502197,"Female"
"9004156",371990,2025-06-18 07:31:10,42.4859046936035,-8.92342948913574,"Female"
"9004156",371990,2025-06-18 07:36:10,42.4858741760254,-8.92342948913574,"Female"
"9004156",371990,2025-06-18 07:41:11,42.4857025146484,-8.92350387573242,"Female"
"9004156",371990,2025-06-18 07:46:12,42.482364654541,-8.92987442016602,"Female"
"9004156",371990,2025-06-18 07:51:10,42.4848022460938,-8.92412662506104,"Female"
"9004156",371990,2025-06-18 07:56:11,42.4858856201172,-8.9234790802002,"Female"
"9004156",371990,2025-06-18 08:01:10,42.4870491027832,-8.92256355285645,"Female"
"9004156",371990,2025-06-18 08:06:11,42.4869422912598,-8.92259979248047,"Female"
"9004156",371990,2025-06-18 08:11:12,42.4873046875,-8.92231178283691,"Female"
"9004156",371990,2025-06-18 08:17:23,42.4838218688965,-8.9190034866333,"Female"
"9004156",371990,2025-06-18 08:23:02,42.4842567443848,-8.91750335693359,"Female"
"9004156",371990,2025-06-18 08:29:20,42.4853324890137,-8.91761589050293,"Female"
"9004156",371990,2025-06-18 08:34:20,42.4862251281738,-8.91637802124023,"Female"
"9004156",371990,2025-06-18 08:39:20,42.486328125,-8.91574192047119,"Female"
"9004156",371990,2025-06-18 08:44:17,42.4861907958984,-8.91585826873779,"Female"
"9004156",371990,2025-06-18 08:49:19,42.486213684082,-8.91580581665039,"Female"
"9004156",371990,2025-06-18 08:54:20,42.4862365722656,-8.91575813293457,"Female"
"9004156",371990,2025-06-18 08:59:17,42.486141204834,-8.91584396362305,"Female"
"9004156",371990,2025-06-18 09:04:18,42.4862365722656,-8.91573047637939,"Female"
"9004156",371990,2025-06-18 09:09:18,42.4848937988281,-8.91432285308838,"Female"
"9004156",371990,2025-06-18 09:15:23,42.47998046875,-8.91106128692627,"Female"
"9004156",371990,2025-06-18 09:20:20,42.4822006225586,-8.90268230438232,"Female"
"9004156",371990,2025-06-18 09:25:25,42.4831275939941,-8.90246677398682,"Female"
"9004156",371990,2025-06-18 09:30:24,42.4847717285156,-8.90149974822998,"Female"
"9004156",371990,2025-06-18 09:35:24,42.4846992492676,-8.90123653411865,"Female"
"9004156",371990,2025-06-18 09:40:30,42.4850234985352,-8.90122032165527,"Female"
"9004156",371990,2025-06-18 09:45:23,42.4843597412109,-8.9012508392334,"Female"
"9004156",371990,2025-06-18 09:50:25,42.4850883483887,-8.90125942230225,"Female"
"9004156",371990,2025-06-18 09:55:23,42.507640838623,-8.87387180328369,"Female"
"9004156",371990,2025-06-18 10:00:23,42.5284233093262,-8.84820652008057,"Female"
"9004156",371990,2025-06-18 10:05:40,42.5341339111328,-8.84451389312744,"Female"
"9004156",371990,2025-06-18 10:10:43,42.535228729248,-8.84374809265137,"Female"
"9004156",371990,2025-06-18 10:16:01,42.5367393493652,-8.84406566619873,"Female"
"9004156",371990,2025-06-18 10:21:07,42.5364532470703,-8.84223079681396,"Female"
"9004156",371990,2025-06-18 10:26:07,42.5263404846191,-8.84689712524414,"Female"
"9004156",371990,2025-06-18 10:31:11,42.5268058776855,-8.84697532653809,"Female"
"9004156",371990,2025-06-18 10:36:08,42.5264892578125,-8.84690475463867,"Female"
"9004156",371990,2025-06-18 10:41:06,42.526481628418,-8.84692287445068,"Female"
"9004156",371990,2025-06-18 10:46:07,42.5263938903809,-8.84691619873047,"Female"
"9004156",371990,2025-06-18 10:51:07,42.526554107666,-8.8469705581665,"Female"
"9004156",371990,2025-06-18 10:56:07,42.5265655517578,-8.84696674346924,"Female"
"9004156",371990,2025-06-18 11:01:07,42.5266380310059,-8.84698295593262,"Female"
"9004156",371990,2025-06-18 11:06:07,42.5265579223633,-8.84691429138184,"Female"
"9004156",371990,2025-06-18 11:11:56,42.5257377624512,-8.84523487091064,"Female"
"9004156",371990,2025-06-18 11:16:56,42.5234413146973,-8.8478832244873,"Female"
"9004156",371990,2025-06-18 11:22:46,42.5229301452637,-8.84853649139404,"Female"
"9004156",371990,2025-06-18 11:27:45,42.520923614502,-8.85226440429688,"Female"
"9004156",371990,2025-06-18 11:32:45,42.5209503173828,-8.85281944274902,"Female"
"9004156",371990,2025-06-18 11:38:10,42.5202445983887,-8.85512924194336,"Female"
"9004156",371990,2025-06-18 11:43:10,42.5195999145508,-8.85689735412598,"Female"
"9004156",371990,2025-06-18 11:48:10,42.5196075439453,-8.85716438293457,"Female"
"9004156",371990,2025-06-18 11:53:13,42.5194778442383,-8.85682678222656,"Female"
"9004156",371990,2025-06-18 11:58:11,42.51953125,-8.85699081420898,"Female"
"9004156",371990,2025-06-18 12:03:10,42.5195388793945,-8.85698223114014,"Female"
"9004156",371990,2025-06-18 12:08:09,42.51953125,-8.85708618164062,"Female"
"9004156",371990,2025-06-18 12:13:10,42.5195198059082,-8.85719203948975,"Female"
"9004156",371990,2025-06-18 12:18:09,42.5194778442383,-8.85693073272705,"Female"
"9004156",371990,2025-06-18 12:23:10,42.5196533203125,-8.85687351226807,"Female"
"9004156",371990,2025-06-18 12:28:09,42.5195198059082,-8.85714054107666,"Female"
"9004156",371990,2025-06-18 12:33:09,42.5196533203125,-8.8569803237915,"Female"
"9004156",371990,2025-06-18 12:38:12,42.5156784057617,-8.85179901123047,"Female"
"9004156",371990,2025-06-18 12:43:09,42.515007019043,-8.85246276855469,"Female"
"9004156",371990,2025-06-18 12:48:48,42.5142707824707,-8.85182285308838,"Female"
"9004156",371990,2025-06-18 12:54:40,42.5143661499023,-8.85032558441162,"Female"
"9004156",371990,2025-06-18 12:59:39,42.5138053894043,-8.85052490234375,"Female"
"9004156",371990,2025-06-18 13:04:40,42.5139389038086,-8.85040283203125,"Female"
"9004156",371990,2025-06-18 13:09:40,42.5138092041016,-8.85058212280273,"Female"
"9004156",371990,2025-06-18 13:14:39,42.5138702392578,-8.85050487518311,"Female"
"9004156",371990,2025-06-18 13:19:40,42.5137062072754,-8.85082149505615,"Female"
"9004156",371990,2025-06-18 13:24:40,42.5136451721191,-8.85067939758301,"Female"
"9004156",371990,2025-06-18 13:29:39,42.5137062072754,-8.85057258605957,"Female"
"9004156",371990,2025-06-18 13:34:39,42.5136985778809,-8.85054397583008,"Female"
"9004156",371990,2025-06-18 13:39:39,42.5136756896973,-8.8506555557251,"Female"
"9004156",371990,2025-06-18 13:44:40,42.513557434082,-8.85080909729004,"Female"
"9004156",371990,2025-06-18 13:49:57,42.5142593383789,-8.85153388977051,"Female"
"9004156",371990,2025-06-18 13:56:11,42.5151557922363,-8.85250091552734,"Female"
"9004156",371990,2025-06-18 14:01:23,42.5151062011719,-8.85389518737793,"Female"
"9004156",371990,2025-06-18 14:06:19,42.5152168273926,-8.85403060913086,"Female"
"9004156",371990,2025-06-18 14:11:19,42.5151481628418,-8.85401630401611,"Female"
"9004156",371990,2025-06-18 14:16:19,42.5151786804199,-8.85406112670898,"Female"
"9004156",371990,2025-06-18 14:21:19,42.5152053833008,-8.85390949249268,"Female"
"9004156",371990,2025-06-18 14:26:20,42.5150299072266,-8.85397052764893,"Female"
"9004156",371990,2025-06-18 14:31:19,42.5152587890625,-8.85402297973633,"Female"
"9004156",371990,2025-06-18 14:36:19,42.5152320861816,-8.85402679443359,"Female"
"9004156",371990,2025-06-18 14:41:20,42.5154647827148,-8.8540563583374,"Female"
"9004156",371990,2025-06-18 14:46:19,42.5154113769531,-8.85406875610352,"Female"
"9004156",371990,2025-06-18 14:51:21,42.5127182006836,-8.85742473602295,"Female"
"9004156",371990,2025-06-18 14:57:17,42.5134048461914,-8.85909461975098,"Female"
"9004156",371990,2025-06-18 15:02:17,42.4985504150391,-8.88928985595703,"Female"
"9004156",371990,2025-06-18 15:08:32,42.483814239502,-8.90224742889404,"Female"
"9004156",371990,2025-06-18 15:13:31,42.4828071594238,-8.91018676757812,"Female"
"9004156",371990,2025-06-18 15:19:03,42.4831733703613,-8.91037845611572,"Female"
"9004156",371990,2025-06-18 15:24:04,42.4822387695312,-8.90978622436523,"Female"
"9004156",371990,2025-06-18 15:28:58,42.4822807312012,-8.90976905822754,"Female"
"9004156",371990,2025-06-18 15:33:57,42.4825744628906,-8.90980625152588,"Female"
"9004156",371990,2025-06-18 15:38:58,42.4828948974609,-8.91002178192139,"Female"
"9004156",371990,2025-06-18 15:43:58,42.4825096130371,-8.90992069244385,"Female"
"9004156",371990,2025-06-18 15:49:01,42.4824447631836,-8.90970325469971,"Female"
"9004156",371990,2025-06-18 15:53:58,42.4827117919922,-8.90976238250732,"Female"
"9004156",371990,2025-06-18 15:59:01,42.4825172424316,-8.90960025787354,"Female"
"9004156",371990,2025-06-18 16:03:58,42.4827117919922,-8.90970706939697,"Female"
"9004156",371990,2025-06-18 16:09:03,42.4826850891113,-8.90968418121338,"Female"
"9004156",371990,2025-06-18 16:13:58,42.4825592041016,-8.90971946716309,"Female"
"9004156",371990,2025-06-18 16:18:59,42.4825820922852,-8.90974044799805,"Female"
"9004156",371990,2025-06-18 16:25:08,42.4834022521973,-8.90979862213135,"Female"
"9004156",371990,2025-06-18 16:30:08,42.4841613769531,-8.91128635406494,"Female"
"9004156",371990,2025-06-18 16:35:09,42.4838371276855,-8.91128540039062,"Female"
"9004156",371990,2025-06-18 16:40:09,42.4839324951172,-8.91188049316406,"Female"
"9004156",371990,2025-06-18 16:45:10,42.4837989807129,-8.91241550445557,"Female"
"9004156",371990,2025-06-18 16:50:18,42.4837799072266,-8.9116039276123,"Female"
"9004156",371990,2025-06-18 16:55:08,42.4838752746582,-8.91203117370605,"Female"
"9004156",371990,2025-06-18 17:00:09,42.4839630126953,-8.91200637817383,"Female"
"9004156",371990,2025-06-18 17:05:08,42.4838447570801,-8.91201400756836,"Female"
"9004156",371990,2025-06-18 17:10:10,42.4839706420898,-8.91188335418701,"Female"
"9004156",371990,2025-06-18 17:15:08,42.4839744567871,-8.91184234619141,"Female"
"9004156",371990,2025-06-18 17:20:10,42.4840202331543,-8.91186141967773,"Female"
"9004156",371990,2025-06-18 17:25:10,42.4839248657227,-8.91163921356201,"Female"
"9004156",371990,2025-06-18 17:30:08,42.4840774536133,-8.91152763366699,"Female"
"9004156",371990,2025-06-18 17:35:10,42.4841232299805,-8.91165637969971,"Female"
"9004156",371990,2025-06-18 17:40:08,42.484058380127,-8.91143226623535,"Female"
"9004156",371990,2025-06-18 17:45:10,42.4841613769531,-8.91137027740479,"Female"
"9004156",371990,2025-06-18 17:50:34,42.4839324951172,-8.91158103942871,"Female"
"9004156",371990,2025-06-18 17:55:06,42.4838447570801,-8.91153144836426,"Female"
"9004156",371990,2025-06-18 18:00:06,42.4839172363281,-8.91152286529541,"Female"
"9004156",371990,2025-06-18 18:05:06,42.4838943481445,-8.91147804260254,"Female"
"9004156",371990,2025-06-18 18:10:07,42.4839248657227,-8.9114465713501,"Female"
"9004156",371990,2025-06-18 18:15:07,42.483699798584,-8.91151142120361,"Female"
"9004156",371990,2025-06-18 18:20:07,42.4839820861816,-8.91146087646484,"Female"
"9004156",371990,2025-06-18 18:25:06,42.4831695556641,-8.91384220123291,"Female"
"9004156",371990,2025-06-18 18:30:07,42.4774894714355,-8.94457244873047,"Female"
"9004156",371990,2025-06-18 18:35:07,42.4774360656738,-8.94461631774902,"Female"
"9004156",371990,2025-06-18 18:40:07,42.477409362793,-8.94464206695557,"Female"
"9004156",371990,2025-06-18 18:45:07,42.4774322509766,-8.94470119476318,"Female"
"9004156",371990,2025-06-18 18:50:08,42.4772491455078,-8.94469356536865,"Female"
"9004156",371990,2025-06-18 18:55:07,42.4775505065918,-8.94483661651611,"Female"
"9004156",371990,2025-06-18 19:00:09,42.4778518676758,-8.94506740570068,"Female"
"9004156",371990,2025-06-18 19:05:07,42.477466583252,-8.94463443756104,"Female"
"9004156",371990,2025-06-18 19:10:07,42.476921081543,-8.94416332244873,"Female"
"9004156",371990,2025-06-18 19:15:08,42.4776306152344,-8.94482326507568,"Female"
"9004156",371990,2025-06-18 19:20:07,42.4775619506836,-8.94500541687012,"Female"
"9004156",371990,2025-06-18 19:25:09,42.477165222168,-8.94531345367432,"Female"
"9004156",371990,2025-06-18 19:30:08,42.4776344299316,-8.94491577148438,"Female"
"9004156",371990,2025-06-18 19:35:10,42.4777336120605,-8.94487857818604,"Female"
"9004156",371990,2025-06-18 19:40:09,42.4774932861328,-8.94457721710205,"Female"
"9004156",371990,2025-06-18 19:45:08,42.4777603149414,-8.94496154785156,"Female"
"9004156",371990,2025-06-18 19:50:09,42.4776992797852,-8.94491291046143,"Female"
"9004156",371990,2025-06-18 19:55:08,42.4775886535645,-8.94493198394775,"Female"
"9004156",371990,2025-06-18 20:00:07,42.4773864746094,-8.94483757019043,"Female"
"9004156",371990,2025-06-18 20:05:07,42.4774169921875,-8.9448070526123,"Female"
"9004156",371990,2025-06-18 20:10:07,42.477367401123,-8.94467067718506,"Female"
"9004156",371990,2025-06-18 20:15:09,42.4774322509766,-8.94448471069336,"Female"
"9004156",371990,2025-06-18 20:20:08,42.4775810241699,-8.94430732727051,"Female"
"9004156",371990,2025-06-18 20:25:08,42.477481842041,-8.94455909729004,"Female"
"9004156",371990,2025-06-18 20:30:08,42.4776191711426,-8.94445991516113,"Female"
"9004156",371990,2025-06-18 20:35:08,42.4785194396973,-8.94387149810791,"Female"
"9004156",371990,2025-06-18 20:40:11,42.4777603149414,-8.94462299346924,"Female"
"9004156",371990,2025-06-18 20:45:07,42.4776992797852,-8.94466590881348,"Female"
"9004156",371990,2025-06-18 20:50:08,42.4776000976562,-8.94469928741455,"Female"
"9004156",371990,2025-06-18 20:55:08,42.4776725769043,-8.94480800628662,"Female"
"9004156",371990,2025-06-18 21:00:08,42.4777565002441,-8.94462871551514,"Female"
"9004156",371990,2025-06-18 21:05:07,42.4776916503906,-8.94466686248779,"Female"
"9004156",371990,2025-06-18 21:10:08,42.4777030944824,-8.94464492797852,"Female"
"9004156",371990,2025-06-18 21:15:07,42.4778594970703,-8.94484329223633,"Female"
"9004156",371990,2025-06-18 21:20:07,42.4780654907227,-8.94485378265381,"Female"
"9004156",371990,2025-06-18 21:25:11,42.4778327941895,-8.94469928741455,"Female"
"9004156",371990,2025-06-18 21:30:08,42.478157043457,-8.94477653503418,"Female"
"9004156",371990,2025-06-18 21:35:08,42.4780731201172,-8.94470977783203,"Female"
"9004156",371990,2025-06-18 21:40:10,42.4784317016602,-8.94475078582764,"Female"
"9004156",371990,2025-06-18 21:45:17,42.4774475097656,-8.94405078887939,"Female"
"9004156",371990,2025-06-18 21:50:08,42.4774742126465,-8.94430923461914,"Female"
"9004156",371990,2025-06-18 21:55:08,42.4776496887207,-8.9442024230957,"Female"
"9004156",371990,2025-06-18 22:00:07,42.4777069091797,-8.94418907165527,"Female"
"9004156",371990,2025-06-18 22:05:08,42.4777717590332,-8.94419956207275,"Female"
"9004156",371990,2025-06-18 22:10:07,42.477710723877,-8.94419002532959,"Female"
"9004156",371990,2025-06-18 22:15:07,42.4777336120605,-8.94425964355469,"Female"
"9004156",371990,2025-06-18 22:20:08,42.4779014587402,-8.94421863555908,"Female"
"9004156",371990,2025-06-18 22:25:08,42.4779357910156,-8.9440221786499,"Female"
"9004156",371990,2025-06-18 22:30:08,42.477970123291,-8.94417381286621,"Female"
"9004156",371990,2025-06-18 22:35:08,42.4776916503906,-8.9441614151001,"Female"
"9004156",371990,2025-06-18 22:40:08,42.4776611328125,-8.94417476654053,"Female"
"9004156",371990,2025-06-18 22:45:08,42.4776763916016,-8.94426441192627,"Female"
"9004156",371990,2025-06-18 22:50:08,42.4778442382812,-8.94427394866943,"Female"
"9004156",371990,2025-06-18 22:55:11,42.4777984619141,-8.9444751739502,"Female"
"9004156",371990,2025-06-18 23:00:10,42.4779510498047,-8.9442253112793,"Female"
"9004156",371990,2025-06-18 23:05:10,42.4778442382812,-8.94427967071533,"Female"
"9004156",371990,2025-06-18 23:10:10,42.477710723877,-8.9442892074585,"Female"
"9004156",371990,2025-06-18 23:15:08,42.4778671264648,-8.94423961639404,"Female"
"9004156",371990,2025-06-18 23:20:12,42.477912902832,-8.9443187713623,"Female"
"9004156",371990,2025-06-18 23:25:09,42.4779739379883,-8.94432735443115,"Female"
"9004156",371990,2025-06-18 23:30:09,42.4777374267578,-8.94444465637207,"Female"
"9004156",371990,2025-06-18 23:35:10,42.477783203125,-8.94454479217529,"Female"
"9004156",371990,2025-06-18 23:40:18,42.477367401123,-8.9445219039917,"Female"
"9004156",371990,2025-06-18 23:45:17,42.4773483276367,-8.94464492797852,"Female"
"9004156",371990,2025-06-18 23:50:21,42.4774322509766,-8.94462299346924,"Female"
"9004156",371990,2025-06-18 23:55:23,42.4778327941895,-8.94460391998291,"Female"
"9004156",371990,2025-06-19 00:00:29,42.4778366088867,-8.94416332244873,"Female"
"9004156",371990,2025-06-19 00:05:32,42.4777526855469,-8.94462203979492,"Female"
"9004156",371990,2025-06-19 00:10:32,42.4777793884277,-8.94493293762207,"Female"
"9004156",371990,2025-06-19 00:15:17,42.4776992797852,-8.94461345672607,"Female"
"9004156",371990,2025-06-19 00:20:18,42.4776268005371,-8.94475841522217,"Female"
"9004156",371990,2025-06-19 00:25:10,42.4778251647949,-8.94465637207031,"Female"
"9004156",371990,2025-06-19 00:30:09,42.4785537719727,-8.94436168670654,"Female"
"9004156",371990,2025-06-19 00:35:10,42.4783096313477,-8.94448661804199,"Female"
"9004156",371990,2025-06-19 00:40:10,42.477970123291,-8.94456195831299,"Female"
"9004156",371990,2025-06-19 00:45:11,42.4783248901367,-8.94459438323975,"Female"
"9004156",371990,2025-06-19 00:50:08,42.4785270690918,-8.94449043273926,"Female"
"9004156",371990,2025-06-19 00:55:08,42.4781532287598,-8.94461727142334,"Female"
"9004156",371990,2025-06-19 01:00:18,42.4775657653809,-8.94474601745605,"Female"
"9004156",371990,2025-06-19 01:05:09,42.4773254394531,-8.94471168518066,"Female"
"9004156",371990,2025-06-19 01:10:09,42.4773254394531,-8.94468116760254,"Female"
"9004156",371990,2025-06-19 01:15:10,42.4773216247559,-8.94467258453369,"Female"
"9004156",371990,2025-06-19 01:20:08,42.477294921875,-8.94468212127686,"Female"
"9004156",371990,2025-06-19 01:25:09,42.4772872924805,-8.94466400146484,"Female"
"9004156",371990,2025-06-19 01:30:08,42.4772872924805,-8.94470500946045,"Female"
"9004156",371990,2025-06-19 01:35:07,42.4772682189941,-8.94469738006592,"Female"
"9004156",371990,2025-06-19 01:40:09,42.4772720336914,-8.94468879699707,"Female"
"9004156",371990,2025-06-19 01:45:09,42.4772529602051,-8.94468212127686,"Female"
"9004156",371990,2025-06-19 01:50:07,42.4772796630859,-8.94467735290527,"Female"
"9004156",371990,2025-06-19 01:55:11,42.4772834777832,-8.94468212127686,"Female"
"9004156",371990,2025-06-19 02:00:07,42.4774017333984,-8.94478321075439,"Female"
"9004156",371990,2025-06-19 02:05:09,42.4773406982422,-8.94468116760254,"Female"
"9004156",371990,2025-06-19 02:10:09,42.477367401123,-8.94472122192383,"Female"
"9004156",371990,2025-06-19 02:15:08,42.4773788452148,-8.94486904144287,"Female"
"9004156",371990,2025-06-19 02:20:10,42.4773941040039,-8.94473838806152,"Female"
"9004156",371990,2025-06-19 02:25:07,42.4773330688477,-8.94463348388672,"Female"
"9004156",371990,2025-06-19 02:30:08,42.4773597717285,-8.94458389282227,"Female"
"9004156",371990,2025-06-19 02:35:17,42.4776039123535,-8.94496822357178,"Female"
"9004156",371990,2025-06-19 02:40:09,42.4772834777832,-8.94487190246582,"Female"
"9004156",371990,2025-06-19 02:45:10,42.4772300720215,-8.94477272033691,"Female"
"9004156",371990,2025-06-19 02:50:08,42.4773101806641,-8.94487380981445,"Female"
"9004156",371990,2025-06-19 02:55:08,42.4772987365723,-8.94472885131836,"Female"
"9004156",371990,2025-06-19 03:00:10,42.4772720336914,-8.94475746154785,"Female"
"9004156",371990,2025-06-19 03:05:09,42.4773025512695,-8.94474983215332,"Female"
"9004156",371990,2025-06-19 03:10:18,42.4776420593262,-8.94488525390625,"Female"
"9004156",371990,2025-06-19 03:15:09,42.4773445129395,-8.94473648071289,"Female"
"9004156",371990,2025-06-19 03:20:18,42.4777870178223,-8.9451732635498,"Female"
"9004156",371990,2025-06-19 03:25:13,42.4777221679688,-8.94504547119141,"Female"
"9004156",371990,2025-06-19 03:30:13,42.4778366088867,-8.94525718688965,"Female"
"9004156",371990,2025-06-19 03:35:19,42.4775924682617,-8.94488143920898,"Female"
"9004156",371990,2025-06-19 03:40:10,42.4777793884277,-8.94534587860107,"Female"
"9004156",371990,2025-06-19 03:45:08,42.4777717590332,-8.94531726837158,"Female"
"9004156",371990,2025-06-19 03:50:10,42.4777183532715,-8.94516944885254,"Female"
"9004156",371990,2025-06-19 03:55:09,42.4772872924805,-8.94439029693604,"Female"
"9004156",371990,2025-06-19 04:00:15,42.477710723877,-8.9451789855957,"Female"
"9004156",371990,2025-06-19 04:05:17,42.4777641296387,-8.94516372680664,"Female"
"9004156",371990,2025-06-19 04:10:11,42.4776306152344,-8.94509887695312,"Female"
"9004156",371990,2025-06-19 04:15:15,42.4774360656738,-8.94537830352783,"Female"
"9004156",371990,2025-06-19 04:20:08,42.4773941040039,-8.94523334503174,"Female"
"9004156",371990,2025-06-19 04:25:08,42.4776229858398,-8.94519424438477,"Female"
"9004156",371990,2025-06-19 04:30:09,42.4773826599121,-8.94518947601318,"Female"
"9004156",371990,2025-06-19 04:35:11,42.4775009155273,-8.94541931152344,"Female"
"9004156",371990,2025-06-19 04:40:16,42.4775199890137,-8.94527339935303,"Female"
"9004156",371990,2025-06-19 04:45:23,42.4775848388672,-8.94533538818359,"Female"
"9004156",371990,2025-06-19 04:50:18,42.477165222168,-8.94493865966797,"Female"
"9004156",371990,2025-06-19 04:55:17,42.4773483276367,-8.94501876831055,"Female"
"9004156",371990,2025-06-19 05:00:18,42.4773941040039,-8.94524765014648,"Female"
"9004156",371990,2025-06-19 05:05:17,42.4774169921875,-8.94528007507324,"Female"
"9004156",371990,2025-06-19 05:10:18,42.4774017333984,-8.9450216293335,"Female"
"9004156",371990,2025-06-19 05:15:11,42.4775123596191,-8.94509983062744,"Female"
"9004156",371990,2025-06-19 05:20:19,42.4771118164062,-8.94453811645508,"Female"
"9004156",371990,2025-06-19 05:25:16,42.477466583252,-8.94539356231689,"Female"
"9004156",371990,2025-06-19 05:30:16,42.4773788452148,-8.94490814208984,"Female"
"9004156",371990,2025-06-19 05:35:16,42.4770965576172,-8.94443035125732,"Female"
"9004156",371990,2025-06-19 05:40:09,42.477294921875,-8.94482040405273,"Female"
"9004156",371990,2025-06-19 05:45:08,42.4772758483887,-8.94476890563965,"Female"
"9004156",371990,2025-06-19 05:50:09,42.4776306152344,-8.94547367095947,"Female"
"9004156",371990,2025-06-19 05:55:08,42.4775009155273,-8.94511318206787,"Female"
"9004156",371990,2025-06-19 06:00:08,42.4775466918945,-8.94517421722412,"Female"
"9004156",371990,2025-06-19 06:05:08,42.4775733947754,-8.94523239135742,"Female"
"9004156",371990,2025-06-19 06:10:09,42.4776229858398,-8.94557094573975,"Female"
"9004156",371990,2025-06-19 06:15:09,42.4794540405273,-8.94205093383789,"Female"
"9004156",371990,2025-06-19 06:20:14,42.478343963623,-8.93335723876953,"Female"
"9004156",371990,2025-06-19 06:25:08,42.4823570251465,-8.9260196685791,"Female"
"9004156",371990,2025-06-19 06:30:09,42.4839248657227,-8.92116832733154,"Female"
"9004156",371990,2025-06-19 06:35:11,42.4838371276855,-8.92188167572021,"Female"
"9004156",371990,2025-06-19 06:40:10,42.4827537536621,-8.91960334777832,"Female"
"9004156",371990,2025-06-19 06:46:24,42.4818077087402,-8.91914463043213,"Female"
"9004156",371990,2025-06-19 06:51:38,42.4835090637207,-8.92136096954346,"Female"
"9004156",371990,2025-06-19 06:57:13,42.4835395812988,-8.91933059692383,"Female"
"9004156",371990,2025-06-19 07:01:38,42.4836502075195,-8.91948127746582,"Female"
"9004156",371990,2025-06-19 07:06:42,42.483512878418,-8.91929912567139,"Female"
"9004156",371990,2025-06-19 07:11:36,42.4834289550781,-8.91910457611084,"Female"
"9004156",371990,2025-06-19 07:16:37,42.4836807250977,-8.91900730133057,"Female"
"9004156",371990,2025-06-19 07:21:38,42.4835014343262,-8.91913414001465,"Female"
"9004156",371990,2025-06-19 07:26:37,42.4838027954102,-8.91889572143555,"Female"
"9004156",371990,2025-06-19 07:31:37,42.4837646484375,-8.91890811920166,"Female"
"9004156",371990,2025-06-19 07:36:36,42.4836616516113,-8.91898822784424,"Female"
"9004156",371990,2025-06-19 07:41:37,42.4838714599609,-8.91896343231201,"Female"
"9004156",371990,2025-06-19 07:46:36,42.4833602905273,-8.91950702667236,"Female"
"9004156",371990,2025-06-19 07:51:36,42.484130859375,-8.91879558563232,"Female"
"9004156",371990,2025-06-19 07:56:37,42.4841575622559,-8.91883277893066,"Female"
"9004156",371990,2025-06-19 08:01:36,42.4841575622559,-8.91887092590332,"Female"
"9004156",371990,2025-06-19 08:06:37,42.4841918945312,-8.91892051696777,"Female"
"9004156",371990,2025-06-19 08:11:36,42.4842834472656,-8.91891288757324,"Female"
"9004156",371990,2025-06-19 08:16:37,42.4842071533203,-8.91894721984863,"Female"
"9004156",371990,2025-06-19 08:21:38,42.4845428466797,-8.91769313812256,"Female"
"9004156",371990,2025-06-19 08:26:43,42.483699798584,-8.91667556762695,"Female"
"9004156",371990,2025-06-19 08:31:38,42.483772277832,-8.91528701782227,"Female"
"9004156",371990,2025-06-19 08:36:43,42.4846572875977,-8.91532421112061,"Female"
"9004156",371990,2025-06-19 08:41:40,42.4845581054688,-8.91536521911621,"Female"
"9004156",371990,2025-06-19 08:46:39,42.4844932556152,-8.9153528213501,"Female"
"9004156",371990,2025-06-19 08:51:39,42.4844703674316,-8.91538715362549,"Female"
"9004156",371990,2025-06-19 08:56:37,42.4844055175781,-8.91546630859375,"Female"
"9004156",371990,2025-06-19 09:01:39,42.4843292236328,-8.91541290283203,"Female"
"9004156",371990,2025-06-19 09:06:39,42.4842643737793,-8.91540336608887,"Female"
"9004156",371990,2025-06-19 09:11:39,42.4841651916504,-8.91536140441895,"Female"
"9004156",371990,2025-06-19 09:16:39,42.4841232299805,-8.91541194915771,"Female"
"9004156",371990,2025-06-19 09:21:41,42.4840126037598,-8.91538906097412,"Female"
"9004156",371990,2025-06-19 09:26:39,42.4839935302734,-8.9153356552124,"Female"
"9004156",371990,2025-06-19 09:31:39,42.4838752746582,-8.91525650024414,"Female"
"9004156",371990,2025-06-19 09:36:53,42.4838485717773,-8.91627979278564,"Female"
"9004156",371990,2025-06-19 09:42:44,42.4845352172852,-8.91669368743896,"Female"
"9004156",371990,2025-06-19 09:48:26,42.4840469360352,-8.91748237609863,"Female"
"9004156",371990,2025-06-19 09:53:37,42.4845314025879,-8.91760540008545,"Female"
"9004156",371990,2025-06-19 09:58:22,42.483814239502,-8.9177885055542,"Female"
"9004156",371990,2025-06-19 10:03:31,42.4846687316895,-8.91816997528076,"Female"
"9004156",371990,2025-06-19 10:08:17,42.484375,-8.91827011108398,"Female"
"9004156",371990,2025-06-19 10:13:18,42.4846343994141,-8.918212890625,"Female"
"9004156",371990,2025-06-19 10:18:19,42.4847259521484,-8.9184103012085,"Female"
"9004156",371990,2025-06-19 10:23:17,42.4847717285156,-8.91844654083252,"Female"
"9004156",371990,2025-06-19 10:28:18,42.4847450256348,-8.91836452484131,"Female"
"9004156",371990,2025-06-19 10:33:17,42.4846992492676,-8.91846084594727,"Female"
"9004156",371990,2025-06-19 10:38:20,42.4855155944824,-8.91866493225098,"Female"
"9004156",371990,2025-06-19 10:44:01,42.4861259460449,-8.91832065582275,"Female"
"9004156",371990,2025-06-19 10:48:57,42.4866065979004,-8.91787052154541,"Female"
"9004156",371990,2025-06-19 10:53:57,42.4868850708008,-8.91811180114746,"Female"
"9004156",371990,2025-06-19 10:59:00,42.4868011474609,-8.91844177246094,"Female"
"9004156",371990,2025-06-19 11:04:02,42.4862632751465,-8.91827869415283,"Female"
"9004156",371990,2025-06-19 11:08:56,42.4868240356445,-8.91828918457031,"Female"
"9004156",371990,2025-06-19 11:13:58,42.4867630004883,-8.918532371521,"Female"
"9004156",371990,2025-06-19 11:18:56,42.4868392944336,-8.91835784912109,"Female"
"9004156",371990,2025-06-19 11:23:57,42.4868240356445,-8.91847610473633,"Female"
"9004156",371990,2025-06-19 11:29:14,42.4864730834961,-8.91891574859619,"Female"
"9004156",371990,2025-06-19 11:35:15,42.4858741760254,-8.91991710662842,"Female"
"9004156",371990,2025-06-19 11:40:15,42.4860305786133,-8.91792392730713,"Female"
"9004156",371990,2025-06-19 11:45:05,42.4868049621582,-8.91880035400391,"Female"
"9004156",371990,2025-06-19 11:50:13,42.4862327575684,-8.91793346405029,"Female"
"9004156",371990,2025-06-19 11:55:10,42.4862937927246,-8.91788864135742,"Female"
"9004156",371990,2025-06-19 12:00:35,42.4860725402832,-8.91823196411133,"Female"
"9004156",371990,2025-06-19 12:05:02,42.4860496520996,-8.91813373565674,"Female"
"9004156",371990,2025-06-19 12:10:02,42.4860534667969,-8.91810989379883,"Female"
"9004156",371990,2025-06-19 12:15:03,42.4860153198242,-8.9179859161377,"Female"
"9004156",371990,2025-06-19 12:20:03,42.4861717224121,-8.91846370697021,"Female"
"9004156",371990,2025-06-19 12:25:03,42.4861106872559,-8.91826248168945,"Female"
"9004156",371990,2025-06-19 12:30:03,42.4861030578613,-8.91830348968506,"Female"
"9004156",371990,2025-06-19 12:35:02,42.4861335754395,-8.91834735870361,"Female"
"9004156",371990,2025-06-19 12:40:03,42.4860343933105,-8.91808032989502,"Female"
"9004156",371990,2025-06-19 12:45:07,42.485652923584,-8.9179801940918,"Female"
"9004156",371990,2025-06-19 12:50:05,42.485725402832,-8.91739940643311,"Female"
"9004156",371990,2025-06-19 12:55:12,42.4862976074219,-8.91820812225342,"Female"
"9004156",371990,2025-06-19 13:00:07,42.4861755371094,-8.91822147369385,"Female"
"9004156",371990,2025-06-19 13:05:33,42.4862403869629,-8.91821575164795,"Female"
"9004156",371990,2025-06-19 13:10:03,42.4862518310547,-8.91823482513428,"Female"
"9004156",371990,2025-06-19 13:15:03,42.4862365722656,-8.91822624206543,"Female"
"9004156",371990,2025-06-19 13:20:01,42.4861793518066,-8.91818618774414,"Female"
"9004156",371990,2025-06-19 13:25:02,42.4862174987793,-8.91822147369385,"Female"
"9004156",371990,2025-06-19 13:30:02,42.4862289428711,-8.91821384429932,"Female"
"9004156",371990,2025-06-19 13:35:01,42.4861793518066,-8.91812801361084,"Female"
"9004156",371990,2025-06-19 13:40:01,42.486270904541,-8.91824626922607,"Female"
"9004156",371990,2025-06-19 13:45:02,42.4862213134766,-8.91822052001953,"Female"
"9004156",371990,2025-06-19 13:50:01,42.4861640930176,-8.91821956634521,"Female"
"9004156",371990,2025-06-19 13:55:01,42.4861297607422,-8.91824150085449,"Female"
"9004156",371990,2025-06-19 14:00:01,42.4861640930176,-8.91817378997803,"Female"
"9004156",371990,2025-06-19 14:05:02,42.4860877990723,-8.91822814941406,"Female"
"9004156",371990,2025-06-19 14:10:02,42.4861145019531,-8.91816139221191,"Female"
"9004156",371990,2025-06-19 14:15:02,42.4860076904297,-8.9182071685791,"Female"
"9004156",371990,2025-06-19 14:20:02,42.4860687255859,-8.91809272766113,"Female"
"9004156",371990,2025-06-19 14:26:00,42.4853668212891,-8.91605663299561,"Female"
"9004156",371990,2025-06-19 14:31:25,42.4852981567383,-8.91490077972412,"Female"
"9004156",371990,2025-06-19 14:37:11,42.4854736328125,-8.91420078277588,"Female"
"9004156",371990,2025-06-19 14:42:09,42.4860572814941,-8.91444873809814,"Female"
"9004156",371990,2025-06-19 14:47:09,42.486083984375,-8.91461086273193,"Female"
"9004156",371990,2025-06-19 14:52:08,42.4860191345215,-8.91445922851562,"Female"
"9004156",371990,2025-06-19 14:57:09,42.4861717224121,-8.91454696655273,"Female"
"9004156",371990,2025-06-19 15:02:08,42.4860420227051,-8.91446971893311,"Female"
"9004156",371990,2025-06-19 15:07:08,42.4860382080078,-8.91446971893311,"Female"
"9004156",371990,2025-06-19 15:12:08,42.486083984375,-8.91450214385986,"Female"
"9004156",371990,2025-06-19 15:17:09,42.4860954284668,-8.91447257995605,"Female"
"9004156",371990,2025-06-19 15:22:09,42.4860153198242,-8.91448783874512,"Female"
"9004156",371990,2025-06-19 15:27:09,42.4860610961914,-8.9144172668457,"Female"
"9004156",371990,2025-06-19 15:32:09,42.4860153198242,-8.91446208953857,"Female"
"9004156",371990,2025-06-19 15:37:10,42.4861068725586,-8.91452884674072,"Female"
"9004156",371990,2025-06-19 15:42:09,42.4860610961914,-8.91450500488281,"Female"
"9004156",371990,2025-06-19 15:47:09,42.4860725402832,-8.9145450592041,"Female"
"9004156",371990,2025-06-19 15:52:09,42.4860534667969,-8.91454315185547,"Female"
"9004156",371990,2025-06-19 15:57:10,42.4860725402832,-8.91452789306641,"Female"
"9004156",371990,2025-06-19 16:02:09,42.4862174987793,-8.91427612304688,"Female"
"9004156",371990,2025-06-19 16:07:09,42.4861183166504,-8.91453742980957,"Female"
"9004156",371990,2025-06-19 16:12:10,42.486083984375,-8.91451835632324,"Female"
"9004156",371990,2025-06-19 16:17:10,42.4861335754395,-8.91446018218994,"Female"
"9004156",371990,2025-06-19 16:22:11,42.4860916137695,-8.91454887390137,"Female"
"9004156",371990,2025-06-19 16:27:11,42.4860382080078,-8.91456604003906,"Female"
"9004156",371990,2025-06-19 16:32:10,42.4860420227051,-8.9145565032959,"Female"
"9004156",371990,2025-06-19 16:37:10,42.4860687255859,-8.91448402404785,"Female"
"9004156",371990,2025-06-19 16:42:11,42.4860229492188,-8.91454696655273,"Female"
"9004156",371990,2025-06-19 16:47:11,42.4859924316406,-8.91455459594727,"Female"
"9004156",371990,2025-06-19 16:52:11,42.4860153198242,-8.91440105438232,"Female"
"9004156",371990,2025-06-19 16:57:10,42.485954284668,-8.91445064544678,"Female"
"9004156",371990,2025-06-19 17:02:10,42.4861068725586,-8.91435813903809,"Female"
"9004156",371990,2025-06-19 17:08:12,42.4848365783691,-8.91336250305176,"Female"
"9004156",371990,2025-06-19 17:13:15,42.4851989746094,-8.91357231140137,"Female"
"9004156",371990,2025-06-19 17:18:29,42.4859237670898,-8.91326999664307,"Female"
"9004156",371990,2025-06-19 17:23:28,42.4863967895508,-8.91274452209473,"Female"
"9004156",371990,2025-06-19 17:28:28,42.4862213134766,-8.91274452209473,"Female"
"9004156",371990,2025-06-19 17:33:30,42.4864807128906,-8.91265678405762,"Female"
"9004156",371990,2025-06-19 17:38:28,42.486572265625,-8.91259765625,"Female"
"9004156",371990,2025-06-19 17:43:29,42.4864730834961,-8.91261959075928,"Female"
"9004156",371990,2025-06-19 17:48:29,42.4863891601562,-8.91250419616699,"Female"
"9004156",371990,2025-06-19 17:53:29,42.4864196777344,-8.91256427764893,"Female"
"9004156",371990,2025-06-19 17:58:28,42.4865379333496,-8.91269969940186,"Female"
"9004156",371990,2025-06-19 18:03:30,42.4856033325195,-8.91223621368408,"Female"
"9004156",371990,2025-06-19 18:08:30,42.4857368469238,-8.91212177276611,"Female"
"9004156",371990,2025-06-19 18:13:29,42.4857177734375,-8.91202259063721,"Female"
"9004156",371990,2025-06-19 18:18:34,42.4866333007812,-8.91254329681396,"Female"
"9004156",371990,2025-06-19 18:23:29,42.4868049621582,-8.91267013549805,"Female"
"9004156",371990,2025-06-19 18:28:30,42.4868545532227,-8.91284465789795,"Female"
"9004156",371990,2025-06-19 18:33:28,42.4867782592773,-8.91289520263672,"Female"
"9004156",371990,2025-06-19 18:38:28,42.486759185791,-8.91292476654053,"Female"
"9004156",371990,2025-06-19 18:43:29,42.4867668151855,-8.91289520263672,"Female"
"9004156",371990,2025-06-19 18:48:28,42.4868698120117,-8.91305065155029,"Female"
"9004156",371990,2025-06-19 18:53:29,42.4867401123047,-8.91292667388916,"Female"
"9004156",371990,2025-06-19 18:58:29,42.4867057800293,-8.91293430328369,"Female"
"9004156",371990,2025-06-19 19:03:28,42.4867553710938,-8.91291046142578,"Female"
"9004156",371990,2025-06-19 19:08:28,42.4867630004883,-8.91293430328369,"Female"
"9004156",371990,2025-06-19 19:13:30,42.4865303039551,-8.91263580322266,"Female"
"9004156",371990,2025-06-19 19:18:29,42.486629486084,-8.9129753112793,"Female"
"9004156",371990,2025-06-19 19:23:29,42.4865951538086,-8.91292667388916,"Female"
"9004156",371990,2025-06-19 19:28:30,42.4865646362305,-8.91304492950439,"Female"
"9004156",371990,2025-06-19 19:33:29,42.4866180419922,-8.91306209564209,"Female"
"9004156",371990,2025-06-19 19:38:28,42.4794921875,-8.94102191925049,"Female"
"9004156",371990,2025-06-19 19:43:28,42.4775733947754,-8.94507789611816,"Female"
"9004156",371990,2025-06-19 19:48:30,42.477783203125,-8.94471836090088,"Female"
"9004156",371990,2025-06-19 19:53:29,42.4779357910156,-8.94424724578857,"Female"
"9004156",371990,2025-06-19 19:58:36,42.4778251647949,-8.94497394561768,"Female"
"9004156",371990,2025-06-19 20:03:30,42.4777946472168,-8.94494152069092,"Female"
"9004156",371990,2025-06-19 20:08:30,42.4778366088867,-8.94500350952148,"Female"
"9004156",371990,2025-06-19 20:13:29,42.4778060913086,-8.94497871398926,"Female"
"9004156",371990,2025-06-19 20:18:31,42.4778938293457,-8.9451265335083,"Female"
"9004156",371990,2025-06-19 20:23:29,42.4778327941895,-8.94500923156738,"Female"
"9004156",371990,2025-06-19 20:28:29,42.4779052734375,-8.94505310058594,"Female"
"9004156",371990,2025-06-19 20:33:29,42.4779243469238,-8.94502830505371,"Female"
"9004156",371990,2025-06-19 20:38:29,42.4779205322266,-8.94506740570068,"Female"
"9004156",371990,2025-06-19 20:43:29,42.4779663085938,-8.9450855255127,"Female"
"9004156",371990,2025-06-19 20:48:34,42.4778060913086,-8.94497680664062,"Female"
"9004156",371990,2025-06-19 20:53:29,42.4777679443359,-8.94494342803955,"Female"
"9004156",371990,2025-06-19 20:58:33,42.4777793884277,-8.944993019104,"Female"
"9004156",371990,2025-06-19 21:03:37,42.4777908325195,-8.94497680664062,"Female"
"9004156",371990,2025-06-19 21:08:36,42.4778823852539,-8.94512462615967,"Female"
"9004156",371990,2025-06-19 21:13:36,42.4778060913086,-8.94501209259033,"Female"
"9004156",371990,2025-06-19 21:18:35,42.4778938293457,-8.94511318206787,"Female"
"9004156",371990,2025-06-19 21:23:36,42.4777450561523,-8.94484329223633,"Female"
"9004156",371990,2025-06-19 21:28:36,42.4777030944824,-8.94481086730957,"Female"
"9004156",371990,2025-06-19 21:33:36,42.4777488708496,-8.94483852386475,"Female"
"9004156",371990,2025-06-19 21:38:33,42.4777488708496,-8.9448938369751,"Female"
"9004156",371990,2025-06-19 21:43:46,42.4774932861328,-8.9447193145752,"Female"
"9004156",371990,2025-06-19 21:48:28,42.4771308898926,-8.94383239746094,"Female"
"9004156",371990,2025-06-19 21:53:29,42.4774513244629,-8.94432163238525,"Female"
"9004156",371990,2025-06-19 21:58:28,42.4776229858398,-8.94459819793701,"Female"
"9004156",371990,2025-06-19 22:03:28,42.4775657653809,-8.94452476501465,"Female"
"9004156",371990,2025-06-19 22:08:28,42.4775543212891,-8.94470596313477,"Female"
"9004156",371990,2025-06-19 22:13:28,42.4776763916016,-8.94463443756104,"Female"
"9004156",371990,2025-06-19 22:18:28,42.477668762207,-8.94445514678955,"Female"
"9004156",371990,2025-06-19 22:23:29,42.4777565002441,-8.94471645355225,"Female"
"9004156",371990,2025-06-19 22:28:28,42.4777069091797,-8.9447021484375,"Female"
"9004156",371990,2025-06-19 22:33:33,42.4777565002441,-8.94465255737305,"Female"
"9004156",371990,2025-06-19 22:38:36,42.4779472351074,-8.94474220275879,"Female"
"9004156",371990,2025-06-19 22:43:36,42.4779396057129,-8.94462394714355,"Female"
"9004156",371990,2025-06-19 22:48:36,42.4780387878418,-8.9447603225708,"Female"
"9004156",371990,2025-06-19 22:53:52,42.4782218933105,-8.94479942321777,"Female"
"9004156",371990,2025-06-19 22:58:36,42.4782600402832,-8.9446907043457,"Female"
"9004156",371990,2025-06-19 23:03:36,42.4785308837891,-8.94493198394775,"Female"
"9004156",371990,2025-06-19 23:08:40,42.478458404541,-8.94490718841553,"Female"
"9004156",371990,2025-06-19 23:13:30,42.4775772094727,-8.94468212127686,"Female"
"9004156",371990,2025-06-19 23:18:53,42.4780235290527,-8.94425773620605,"Female"
"9004156",371990,2025-06-19 23:23:44,42.4775924682617,-8.94436359405518,"Female"
"9004156",371990,2025-06-19 23:28:33,42.4775695800781,-8.94441795349121,"Female"
"9004156",371990,2025-06-19 23:33:31,42.4775276184082,-8.94435977935791,"Female"
"9004156",371990,2025-06-19 23:38:33,42.4775238037109,-8.94440269470215,"Female"
"9004156",371990,2025-06-19 23:43:34,42.4775810241699,-8.94440650939941,"Female"
"9004156",371990,2025-06-19 23:48:36,42.4778327941895,-8.94442844390869,"Female"
"9004156",371990,2025-06-19 23:53:36,42.4778289794922,-8.94439315795898,"Female"
"9004156",371990,2025-06-19 23:58:36,42.4777030944824,-8.94436645507812,"Female"
"9004156",371990,2025-06-20 00:04:14,42.4775047302246,-8.94453144073486,"Female"
"9004156",371990,2025-06-20 00:08:27,42.4775657653809,-8.94467830657959,"Female"
"9004156",371990,2025-06-20 00:13:28,42.4774894714355,-8.94460868835449,"Female"
"9004156",371990,2025-06-20 00:18:28,42.4775505065918,-8.94472694396973,"Female"
"9004156",371990,2025-06-20 00:23:29,42.4777145385742,-8.9447660446167,"Female"
"9004156",371990,2025-06-20 00:28:30,42.477668762207,-8.94468593597412,"Female"
"9004156",371990,2025-06-20 00:33:29,42.477783203125,-8.94483661651611,"Female"
"9004156",371990,2025-06-20 00:38:36,42.4773483276367,-8.94444942474365,"Female"
"9004156",371990,2025-06-20 00:43:29,42.4779739379883,-8.94515132904053,"Female"
"9004156",371990,2025-06-20 00:48:36,42.4775238037109,-8.94466114044189,"Female"
"9004156",371990,2025-06-20 00:53:31,42.4775276184082,-8.94461631774902,"Female"
"9004156",371990,2025-06-20 00:58:36,42.4776077270508,-8.94458293914795,"Female"
"9004156",371990,2025-06-20 01:03:37,42.4775733947754,-8.94457912445068,"Female"
"9004156",371990,2025-06-20 01:08:37,42.4775657653809,-8.94476222991943,"Female"
"9004156",371990,2025-06-20 01:13:34,42.4775543212891,-8.94463348388672,"Female"
"9004156",371990,2025-06-20 01:18:31,42.4775085449219,-8.94469738006592,"Female"
"9004156",371990,2025-06-20 01:23:33,42.4776153564453,-8.94468784332275,"Female"
"9004156",371990,2025-06-20 01:28:37,42.4775695800781,-8.94485569000244,"Female"
"9004156",371990,2025-06-20 01:33:36,42.4775009155273,-8.94478416442871,"Female"
"9004156",371990,2025-06-20 01:38:34,42.4772605895996,-8.94460678100586,"Female"
"9004156",371990,2025-06-20 01:43:35,42.4769744873047,-8.9454231262207,"Female"
"9004156",371990,2025-06-20 01:48:36,42.4769897460938,-8.94548225402832,"Female"
"9004156",371990,2025-06-20 01:53:36,42.4772033691406,-8.94500350952148,"Female"
"9004156",371990,2025-06-20 01:59:21,42.4771499633789,-8.94548988342285,"Female"
"9004156",371990,2025-06-20 02:03:39,42.4784126281738,-8.94323921203613,"Female"
"9004156",371990,2025-06-20 02:08:42,42.4780578613281,-8.94403553009033,"Female"
"9004156",371990,2025-06-20 02:13:39,42.4779090881348,-8.94417762756348,"Female"
"9004156",371990,2025-06-20 02:18:44,42.4777450561523,-8.94438362121582,"Female"
"9004156",371990,2025-06-20 02:23:37,42.4778747558594,-8.94448184967041,"Female"
"9004156",371990,2025-06-20 02:28:37,42.477725982666,-8.94447326660156,"Female"
"9004156",371990,2025-06-20 02:33:37,42.4777679443359,-8.94506931304932,"Female"
"9004156",371990,2025-06-20 02:38:35,42.4777297973633,-8.94466400146484,"Female"
"9004156",371990,2025-06-20 02:43:33,42.4777336120605,-8.94467353820801,"Female"
"9004156",371990,2025-06-20 02:48:39,42.4775772094727,-8.94451904296875,"Female"
"9004156",371990,2025-06-20 02:53:39,42.477710723877,-8.94474220275879,"Female"
"9004156",371990,2025-06-20 02:58:44,42.4776878356934,-8.94469928741455,"Female"
"9004156",371990,2025-06-20 03:03:33,42.4776268005371,-8.9444694519043,"Female"
"9004156",371990,2025-06-20 03:08:34,42.4775581359863,-8.94458770751953,"Female"
"9004156",371990,2025-06-20 03:13:31,42.4775733947754,-8.94465923309326,"Female"
"9004156",371990,2025-06-20 03:18:29,42.4777297973633,-8.94489860534668,"Female"
"9004156",371990,2025-06-20 03:23:38,42.4776840209961,-8.94472599029541,"Female"
"9004156",371990,2025-06-20 03:28:40,42.4775581359863,-8.94457340240479,"Female"
"9004156",371990,2025-06-20 03:33:31,42.477710723877,-8.94486713409424,"Female"
"9004156",371990,2025-06-20 03:38:34,42.4776802062988,-8.94481086730957,"Female"
"9004156",371990,2025-06-20 03:43:36,42.4777069091797,-8.94485569000244,"Female"
"9004156",371990,2025-06-20 03:48:41,42.4774894714355,-8.94449329376221,"Female"
"9004156",371990,2025-06-20 03:53:29,42.4774513244629,-8.94438648223877,"Female"
"9004156",371990,2025-06-20 03:58:28,42.4773139953613,-8.94468402862549,"Female"
"9004156",371990,2025-06-20 04:03:29,42.4774284362793,-8.94475269317627,"Female"
"9004156",371990,2025-06-20 04:08:29,42.4776458740234,-8.94447231292725,"Female"
"9004156",371990,2025-06-20 04:13:30,42.4774589538574,-8.94462776184082,"Female"
"9004156",371990,2025-06-20 04:18:37,42.4770889282227,-8.94560623168945,"Female"
"9004156",371990,2025-06-20 04:23:49,42.4773178100586,-8.94490718841553,"Female"
"9004156",371990,2025-06-20 04:28:39,42.4775505065918,-8.94523143768311,"Female"
"9004156",371990,2025-06-20 04:33:38,42.4775161743164,-8.94516277313232,"Female"
"9004156",371990,2025-06-20 04:38:36,42.4777755737305,-8.94535160064697,"Female"
"9004156",371990,2025-06-20 04:44:00,42.4775123596191,-8.94466018676758,"Female"
"9004156",371990,2025-06-20 04:48:34,42.4772605895996,-8.94501686096191,"Female"
"9004156",371990,2025-06-20 04:53:36,42.4768562316895,-8.9454927444458,"Female"
"9004156",371990,2025-06-20 04:58:36,42.4769248962402,-8.94551181793213,"Female"
"9004156",371990,2025-06-20 05:03:36,42.4769554138184,-8.94538307189941,"Female"
"9004156",371990,2025-06-20 05:08:37,42.4769439697266,-8.94545459747314,"Female"
"9004156",371990,2025-06-20 05:13:34,42.4769477844238,-8.94554138183594,"Female"
"9004156",371990,2025-06-20 05:18:34,42.4769515991211,-8.94564723968506,"Female"
"9004156",371990,2025-06-20 05:23:28,42.476863861084,-8.94561386108398,"Female"
"9004156",371990,2025-06-20 05:28:28,42.4769134521484,-8.94546222686768,"Female"
"9004156",371990,2025-06-20 05:33:28,42.4769172668457,-8.94544315338135,"Female"
"9004156",371990,2025-06-20 05:38:29,42.4769439697266,-8.94517707824707,"Female"
"9004156",371990,2025-06-20 05:43:28,42.4769630432129,-8.94517135620117,"Female"
"9004156",371990,2025-06-20 05:48:31,42.4769554138184,-8.94528007507324,"Female"
"9004156",371990,2025-06-20 05:53:29,42.476993560791,-8.94493007659912,"Female"
"9004156",371990,2025-06-20 05:58:28,42.4769859313965,-8.94512939453125,"Female"
"9004156",371990,2025-06-20 06:03:28,42.476993560791,-8.94508457183838,"Female"
"9004156",371990,2025-06-20 06:08:28,42.4770469665527,-8.94498348236084,"Female"
"9004156",371990,2025-06-20 06:13:28,42.4770317077637,-8.94500350952148,"Female"
"9004156",371990,2025-06-20 06:18:59,42.4772529602051,-8.94460582733154,"Female"
"9004156",371990,2025-06-20 06:23:27,42.4802627563477,-8.93971252441406,"Female"
"9004156",371990,2025-06-20 06:28:29,42.4827041625977,-8.93062305450439,"Female"
"9004156",371990,2025-06-20 06:33:28,42.4851760864258,-8.92868041992188,"Female"
"9004156",371990,2025-06-20 06:38:28,42.4851837158203,-8.92868328094482,"Female"
"9004156",371990,2025-06-20 06:44:04,42.4848403930664,-8.92817878723145,"Female"
"9004156",371990,2025-06-20 06:49:52,42.4841842651367,-8.92688083648682,"Female"
"9004156",371990,2025-06-20 06:54:56,42.4842910766602,-8.92575073242188,"Female"
"9004156",371990,2025-06-20 06:59:55,42.4844360351562,-8.92578125,"Female"
"9004156",371990,2025-06-20 07:04:51,42.4843902587891,-8.92584037780762,"Female"
"9004156",371990,2025-06-20 07:09:51,42.4841728210449,-8.9258918762207,"Female"
"9004156",371990,2025-06-20 07:14:54,42.484317779541,-8.92579555511475,"Female"
"9004156",371990,2025-06-20 07:19:51,42.484188079834,-8.92562294006348,"Female"
"9004156",371990,2025-06-20 07:24:51,42.484375,-8.92582893371582,"Female"
"9004156",371990,2025-06-20 07:29:51,42.4843559265137,-8.92585372924805,"Female"
"9004156",371990,2025-06-20 07:34:51,42.4828643798828,-8.91543960571289,"Female"
"9004156",371990,2025-06-20 07:40:25,42.4830894470215,-8.9156379699707,"Female"
"9004156",371990,2025-06-20 07:46:04,42.4839897155762,-8.91668510437012,"Female"
"9004156",371990,2025-06-20 07:51:03,42.4842185974121,-8.91695308685303,"Female"
"9004156",371990,2025-06-20 07:56:14,42.4843711853027,-8.91681575775146,"Female"
"9004156",371990,2025-06-20 08:01:03,42.4843406677246,-8.91680145263672,"Female"
"9004156",371990,2025-06-20 08:06:03,42.4843902587891,-8.91688442230225,"Female"
"9004156",371990,2025-06-20 08:11:03,42.4843330383301,-8.91685104370117,"Female"
"9004156",371990,2025-06-20 08:16:03,42.484302520752,-8.91675758361816,"Female"
"9004156",371990,2025-06-20 08:21:03,42.4843444824219,-8.91676139831543,"Female"
"9004156",371990,2025-06-20 08:26:03,42.4843826293945,-8.91679573059082,"Female"
"9004156",371990,2025-06-20 08:31:03,42.4844093322754,-8.91683769226074,"Female"
"9004156",371990,2025-06-20 08:36:03,42.4843673706055,-8.91666698455811,"Female"
"9004156",371990,2025-06-20 08:41:08,42.4836349487305,-8.91765403747559,"Female"
"9004156",371990,2025-06-20 08:46:09,42.4843559265137,-8.92032718658447,"Female"
"9004156",371990,2025-06-20 08:52:01,42.4849319458008,-8.91917896270752,"Female"
"9004156",371990,2025-06-20 08:57:13,42.4856986999512,-8.91993808746338,"Female"
"9004156",371990,2025-06-20 09:02:01,42.4857025146484,-8.91995239257812,"Female"
"9004156",371990,2025-06-20 09:07:06,42.4854278564453,-8.91918659210205,"Female"
"9004156",371990,2025-06-20 09:12:29,42.4854354858398,-8.91929817199707,"Female"
"9004156",371990,2025-06-20 09:16:59,42.4854888916016,-8.9193115234375,"Female"
"9004156",371990,2025-06-20 09:21:59,42.485538482666,-8.91943454742432,"Female"
"9004156",371990,2025-06-20 09:26:59,42.4855194091797,-8.91936779022217,"Female"
"9004156",371990,2025-06-20 09:31:59,42.4855270385742,-8.91932678222656,"Female"
"9004156",371990,2025-06-20 09:36:59,42.4855270385742,-8.9192943572998,"Female"
"9004156",371990,2025-06-20 09:41:59,42.485523223877,-8.91933250427246,"Female"
"9004156",371990,2025-06-20 09:46:59,42.4855194091797,-8.91933345794678,"Female"
"9004156",371990,2025-06-20 09:51:59,42.4855537414551,-8.91932964324951,"Female"
"9004156",371990,2025-06-20 09:56:59,42.4855079650879,-8.91923904418945,"Female"
"9004156",371990,2025-06-20 10:01:59,42.485408782959,-8.91390609741211,"Female"
"9004156",371990,2025-06-20 10:07:27,42.4856567382812,-8.91420364379883,"Female"
"9004156",371990,2025-06-20 10:12:28,42.4858207702637,-8.91542148590088,"Female"
"9004156",371990,2025-06-20 10:17:27,42.4861831665039,-8.91537094116211,"Female"
"9004156",371990,2025-06-20 10:22:27,42.4861793518066,-8.91542625427246,"Female"
"9004156",371990,2025-06-20 10:27:27,42.486255645752,-8.91537857055664,"Female"
"9004156",371990,2025-06-20 10:32:44,42.4863014221191,-8.91536235809326,"Female"
"9004156",371990,2025-06-20 10:37:27,42.486255645752,-8.91532516479492,"Female"
"9004156",371990,2025-06-20 10:42:27,42.4862365722656,-8.91528797149658,"Female"
"9004156",371990,2025-06-20 10:47:27,42.4862861633301,-8.91525840759277,"Female"
"9004156",371990,2025-06-20 10:52:27,42.486270904541,-8.91532516479492,"Female"
"9004156",371990,2025-06-20 10:57:27,42.4854621887207,-8.91488456726074,"Female"
"9004156",371990,2025-06-20 11:02:27,42.4860877990723,-8.91133880615234,"Female"
"9004156",371990,2025-06-20 11:07:28,42.4853591918945,-8.91030025482178,"Female"
"9004156",371990,2025-06-20 11:12:28,42.4849319458008,-8.91038608551025,"Female"
"9004156",371990,2025-06-20 11:17:29,42.4852752685547,-8.91105842590332,"Female"
"9004156",371990,2025-06-20 11:22:35,42.4854011535645,-8.90908622741699,"Female"
"9004156",371990,2025-06-20 11:27:27,42.4853248596191,-8.90827465057373,"Female"
"9004156",371990,2025-06-20 11:32:27,42.4852561950684,-8.90822696685791,"Female"
"9004156",371990,2025-06-20 11:37:27,42.4853591918945,-8.90827655792236,"Female"
"9004156",371990,2025-06-20 11:42:27,42.4854469299316,-8.90863609313965,"Female"
"9004156",371990,2025-06-20 11:47:27,42.4854278564453,-8.90880393981934,"Female"
"9004156",371990,2025-06-20 11:52:27,42.4853057861328,-8.90893745422363,"Female"
"9004156",371990,2025-06-20 11:57:27,42.4852676391602,-8.90901851654053,"Female"
"9004156",371990,2025-06-20 12:02:27,42.4853057861328,-8.90898132324219,"Female"
"9004156",371990,2025-06-20 12:07:28,42.4854774475098,-8.90883731842041,"Female"
"9004156",371990,2025-06-20 12:14:08,42.4827919006348,-8.90941715240479,"Female"
"9004156",371990,2025-06-20 12:19:43,42.4827079772949,-8.91065883636475,"Female"
"9004156",371990,2025-06-20 12:24:42,42.4833679199219,-8.91057109832764,"Female"
"9004156",371990,2025-06-20 12:30:15,42.4838104248047,-8.91165447235107,"Female"
"9004156",371990,2025-06-20 12:35:14,42.4848976135254,-8.91221141815186,"Female"
"9004156",371990,2025-06-20 12:40:14,42.4855041503906,-8.91273307800293,"Female"
"9004156",371990,2025-06-20 12:45:14,42.485466003418,-8.91274547576904,"Female"
"9004156",371990,2025-06-20 12:50:14,42.4854774475098,-8.91270542144775,"Female"
"9004156",371990,2025-06-20 12:55:14,42.4853248596191,-8.91290950775146,"Female"
"9004156",371990,2025-06-20 13:00:14,42.4852676391602,-8.91296577453613,"Female"
"9004156",371990,2025-06-20 13:05:14,42.4853286743164,-8.9128999710083,"Female"
"9004156",371990,2025-06-20 13:10:14,42.4853324890137,-8.91292762756348,"Female"
"9004156",371990,2025-06-20 13:15:14,42.4853515625,-8.91291332244873,"Female"
"9004156",371990,2025-06-20 13:20:14,42.4853210449219,-8.9129467010498,"Female"
"9004156",371990,2025-06-20 13:25:14,42.4853096008301,-8.91293811798096,"Female"
"9004156",371990,2025-06-20 13:30:14,42.4853363037109,-8.91289138793945,"Female"
"9004156",371990,2025-06-20 13:35:14,42.4853401184082,-8.91289138793945,"Female"
"9004156",371990,2025-06-20 13:40:14,42.4853515625,-8.91288661956787,"Female"
"9004156",371990,2025-06-20 13:45:14,42.485408782959,-8.91290092468262,"Female"
"9004156",371990,2025-06-20 13:50:14,42.4853439331055,-8.91288948059082,"Female"
"9004156",371990,2025-06-20 13:55:14,42.4853897094727,-8.91289138793945,"Female"
"9004156",371990,2025-06-20 14:00:14,42.485424041748,-8.91288948059082,"Female"
"9004156",371990,2025-06-20 14:05:14,42.485424041748,-8.91287517547607,"Female"
"9004156",371990,2025-06-20 14:10:14,42.4854354858398,-8.91287422180176,"Female"
"9004156",371990,2025-06-20 14:15:14,42.485466003418,-8.91290378570557,"Female"
"9004156",371990,2025-06-20 14:20:14,42.485523223877,-8.91292572021484,"Female"
"9004156",371990,2025-06-20 14:25:17,42.4843711853027,-8.91296100616455,"Female"
"9004156",371990,2025-06-20 14:30:32,42.483772277832,-8.91331958770752,"Female"
"9004156",371990,2025-06-20 14:36:40,42.4835433959961,-8.91416931152344,"Female"
"9004156",371990,2025-06-20 14:41:39,42.4836807250977,-8.91408061981201,"Female"
"9004156",371990,2025-06-20 14:46:39,42.4835891723633,-8.91401958465576,"Female"
"9004156",371990,2025-06-20 14:51:39,42.483585357666,-8.91393947601318,"Female"
"9004156",371990,2025-06-20 14:56:39,42.4836769104004,-8.91407775878906,"Female"
"9004156",371990,2025-06-20 15:01:41,42.4836540222168,-8.91401863098145,"Female"
"9004156",371990,2025-06-20 15:06:39,42.4836654663086,-8.91401958465576,"Female"
"9004156",371990,2025-06-20 15:11:39,42.4836769104004,-8.91412925720215,"Female"
"9004156",371990,2025-06-20 15:16:39,42.4822425842285,-8.91852951049805,"Female"
"9004156",371990,2025-06-20 15:21:39,42.4831809997559,-8.91982746124268,"Female"
"9004156",371990,2025-06-20 15:26:46,42.4823379516602,-8.92091846466064,"Female"
"9004156",371990,2025-06-20 15:32:26,42.4831123352051,-8.91938400268555,"Female"
"9004156",371990,2025-06-20 15:37:26,42.4832954406738,-8.91925239562988,"Female"
"9004156",371990,2025-06-20 15:42:27,42.4832344055176,-8.91910839080811,"Female"
"9004156",371990,2025-06-20 15:47:32,42.4835090637207,-8.91944217681885,"Female"
"9004156",371990,2025-06-20 15:52:26,42.4834594726562,-8.91943645477295,"Female"
"9004156",371990,2025-06-20 15:57:25,42.4834403991699,-8.91935920715332,"Female"
"9004156",371990,2025-06-20 16:02:28,42.4834022521973,-8.91917896270752,"Female"
"9004156",371990,2025-06-20 16:07:26,42.4835090637207,-8.919264793396,"Female"
"9004156",371990,2025-06-20 16:12:44,42.4838829040527,-8.9195442199707,"Female"
"9004156",371990,2025-06-20 16:17:36,42.4839248657227,-8.91959190368652,"Female"
"9004156",371990,2025-06-20 16:22:24,42.4836616516113,-8.9192476272583,"Female"
"9004156",371990,2025-06-20 16:27:26,42.4830780029297,-8.91786766052246,"Female"
"9004156",371990,2025-06-20 16:32:26,42.4833374023438,-8.91801929473877,"Female"
"9004156",371990,2025-06-20 16:37:25,42.48291015625,-8.9173583984375,"Female"
"9004156",371990,2025-06-20 16:42:24,42.4828643798828,-8.91741466522217,"Female"
"9004156",371990,2025-06-20 16:47:44,42.4837074279785,-8.91928005218506,"Female"
"9004156",371990,2025-06-20 16:53:00,42.4829750061035,-8.9182243347168,"Female"
"9004156",371990,2025-06-20 16:58:54,42.4832077026367,-8.92032051086426,"Female"
"9004156",371990,2025-06-20 17:05:42,42.4846954345703,-8.92364501953125,"Female"
"9004156",371990,2025-06-20 17:10:39,42.484790802002,-8.92403221130371,"Female"
"9004156",371990,2025-06-20 17:15:39,42.4847564697266,-8.92433738708496,"Female"
"9004156",371990,2025-06-20 17:20:39,42.4844284057617,-8.92427921295166,"Female"
"9004156",371990,2025-06-20 17:25:39,42.4848136901855,-8.92448425292969,"Female"
"9004156",371990,2025-06-20 17:31:05,42.4848785400391,-8.92430686950684,"Female"
"9004156",371990,2025-06-20 17:35:38,42.4848556518555,-8.92453098297119,"Female"
"9004156",371990,2025-06-20 17:40:38,42.4849586486816,-8.92459869384766,"Female"
"9004156",371990,2025-06-20 17:45:39,42.4849243164062,-8.92447853088379,"Female"
"9004156",371990,2025-06-20 17:50:38,42.48486328125,-8.92453956604004,"Female"
"9004156",371990,2025-06-20 17:55:38,42.4849281311035,-8.92455387115479,"Female"
"9004156",371990,2025-06-20 18:00:39,42.4849319458008,-8.92444038391113,"Female"
"9004156",371990,2025-06-20 18:05:39,42.482006072998,-8.93385314941406,"Female"
"9004156",371990,2025-06-20 18:10:38,42.4774513244629,-8.94462585449219,"Female"
"9004156",371990,2025-06-20 18:15:39,42.4774589538574,-8.94466781616211,"Female"
"9004156",371990,2025-06-20 18:20:38,42.4773368835449,-8.94455337524414,"Female"
"9004156",371990,2025-06-20 18:25:39,42.4775009155273,-8.94470310211182,"Female"
"9004156",371990,2025-06-20 18:30:38,42.4773178100586,-8.94447898864746,"Female"
"9004156",371990,2025-06-20 18:35:41,42.477367401123,-8.94449329376221,"Female"
"9004156",371990,2025-06-20 18:40:41,42.4774971008301,-8.94468402862549,"Female"
"9004156",371990,2025-06-20 18:45:38,42.4775772094727,-8.9448184967041,"Female"
"9004156",371990,2025-06-20 18:50:41,42.4775352478027,-8.94472408294678,"Female"
"9004156",371990,2025-06-20 18:56:11,42.4775428771973,-8.94462776184082,"Female"
"9004156",371990,2025-06-20 19:00:45,42.4774398803711,-8.94453811645508,"Female"
"9004156",371990,2025-06-20 19:05:48,42.4777641296387,-8.9449291229248,"Female"
"9004156",371990,2025-06-20 19:10:42,42.4773941040039,-8.9446382522583,"Female"
"9004156",371990,2025-06-20 19:15:43,42.4777336120605,-8.94489860534668,"Female"
"9004156",371990,2025-06-20 19:20:41,42.4775810241699,-8.94480323791504,"Female"
"9004156",371990,2025-06-20 19:25:48,42.4776344299316,-8.94470977783203,"Female"
"9004156",371990,2025-06-20 19:31:05,42.4775619506836,-8.94460773468018,"Female"
"9004156",371990,2025-06-20 19:35:47,42.4774894714355,-8.94453525543213,"Female"
"9004156",371990,2025-06-20 19:40:48,42.477409362793,-8.94454669952393,"Female"
"9004156",371990,2025-06-20 19:45:43,42.4774742126465,-8.94450759887695,"Female"
"9004156",371990,2025-06-20 19:50:40,42.4774589538574,-8.9446496963501,"Female"
"9004156",371990,2025-06-20 19:55:41,42.4774017333984,-8.94466114044189,"Female"
"9004156",371990,2025-06-20 20:00:48,42.4774742126465,-8.94460678100586,"Female"
"9004156",371990,2025-06-20 20:05:45,42.4774551391602,-8.94479751586914,"Female"
"9004156",371990,2025-06-20 20:10:40,42.4773941040039,-8.94427013397217,"Female"
"9004156",371990,2025-06-20 20:15:39,42.477466583252,-8.94463157653809,"Female"
"9004156",371990,2025-06-20 20:20:39,42.4774627685547,-8.94453430175781,"Female"
"9004156",371990,2025-06-20 20:25:41,42.4774322509766,-8.94453907012939,"Female"
"9004156",371990,2025-06-20 20:30:48,42.4774856567383,-8.94456672668457,"Female"
"9004156",371990,2025-06-20 20:36:14,42.4774475097656,-8.94453907012939,"Female"
"9004156",371990,2025-06-20 20:40:42,42.4774169921875,-8.944411277771,"Female"
"9004156",371990,2025-06-20 20:45:48,42.4774703979492,-8.94462776184082,"Female"
"9004156",371990,2025-06-20 20:50:50,42.4775352478027,-8.94466495513916,"Female"
"9004156",371990,2025-06-20 20:55:48,42.4775772094727,-8.94475078582764,"Female"
"9004156",371990,2025-06-20 21:00:49,42.4775047302246,-8.94460773468018,"Female"
"9004156",371990,2025-06-20 21:06:05,42.4774703979492,-8.94471454620361,"Female"
"9004156",371990,2025-06-20 21:11:23,42.4774780273438,-8.94462299346924,"Female"
"9004156",371990,2025-06-20 21:15:40,42.4775085449219,-8.94466495513916,"Female"
"9004156",371990,2025-06-20 21:20:41,42.4774284362793,-8.94459342956543,"Female"
"9004156",371990,2025-06-20 21:25:42,42.4774627685547,-8.94446086883545,"Female"
"9004156",371990,2025-06-20 21:30:41,42.4773559570312,-8.94450855255127,"Female"
"9004156",371990,2025-06-20 21:35:40,42.4772453308105,-8.94442081451416,"Female"
"9004156",371990,2025-06-20 21:40:42,42.4774513244629,-8.94449710845947,"Female"
"9004156",371990,2025-06-20 21:45:50,42.4775085449219,-8.94446277618408,"Female"
"9004156",371990,2025-06-20 21:50:51,42.4775695800781,-8.94445896148682,"Female"
"9004156",371990,2025-06-20 21:55:42,42.4775390625,-8.94435024261475,"Female"
"9004156",371990,2025-06-20 22:00:41,42.4775047302246,-8.94435405731201,"Female"
"9004156",371990,2025-06-20 22:05:45,42.4776649475098,-8.94443321228027,"Female"
"9004156",371990,2025-06-20 22:10:45,42.4776000976562,-8.94442653656006,"Female"
"9004156",371990,2025-06-20 22:15:43,42.477596282959,-8.94446277618408,"Female"
"9004156",371990,2025-06-20 22:20:42,42.4775733947754,-8.94445610046387,"Female"
"9004156",371990,2025-06-20 22:25:39,42.4776229858398,-8.94442367553711,"Female"
"9004156",371990,2025-06-20 22:30:40,42.4775886535645,-8.94440650939941,"Female"
"9004156",371990,2025-06-20 22:35:41,42.4777374267578,-8.94451808929443,"Female"
"9004156",371990,2025-06-20 22:40:41,42.4776573181152,-8.94406604766846,"Female"
"9004156",371990,2025-06-20 22:45:40,42.4776344299316,-8.94412231445312,"Female"
"9004156",371990,2025-06-20 22:50:42,42.4776916503906,-8.94416427612305,"Female"
"9004156",371990,2025-06-20 22:55:41,42.4777069091797,-8.9438943862915,"Female"
"9004156",371990,2025-06-20 23:00:46,42.4774932861328,-8.9444055557251,"Female"
"9004156",371990,2025-06-20 23:05:45,42.4774703979492,-8.94447708129883,"Female"
"9004156",371990,2025-06-20 23:10:43,42.4774284362793,-8.94442176818848,"Female"
"9004156",371990,2025-06-20 23:15:52,42.4774360656738,-8.94442939758301,"Female"
"9004156",371990,2025-06-20 23:20:52,42.4774475097656,-8.94435787200928,"Female"
"9004156",371990,2025-06-20 23:25:52,42.4774436950684,-8.94436454772949,"Female"
"9004156",371990,2025-06-20 23:30:48,42.4774780273438,-8.94443321228027,"Female"
"9004156",371990,2025-06-20 23:36:05,42.477424621582,-8.94428253173828,"Female"
"9004156",371990,2025-06-20 23:40:43,42.4774856567383,-8.94447326660156,"Female"
"9004156",371990,2025-06-20 23:45:47,42.4774475097656,-8.94438648223877,"Female"
"9004156",371990,2025-06-20 23:50:47,42.4775581359863,-8.94450187683105,"Female"
"9004156",371990,2025-06-20 23:55:54,42.4774551391602,-8.94435691833496,"Female"
"9004156",371990,2025-06-21 00:00:50,42.4774894714355,-8.94440269470215,"Female"
"9004156",371990,2025-06-21 00:05:48,42.477466583252,-8.94433975219727,"Female"
"9004156",371990,2025-06-21 00:10:48,42.4774894714355,-8.94433975219727,"Female"
"9004156",371990,2025-06-21 00:15:52,42.4774551391602,-8.94436836242676,"Female"
"9004156",371990,2025-06-21 00:21:12,42.4774360656738,-8.94420146942139,"Female"
"9004156",371990,2025-06-21 00:31:47,42.4771614074707,-8.94435119628906,"Female"
"9004156",371990,2025-06-21 00:36:05,42.4774780273438,-8.94457817077637,"Female"
"9004156",371990,2025-06-21 00:40:47,42.477466583252,-8.94464874267578,"Female"
"9004156",371990,2025-06-21 00:45:46,42.477466583252,-8.94459247589111,"Female"
"9004156",371990,2025-06-21 00:50:48,42.4774932861328,-8.94459629058838,"Female"
"9004156",371990,2025-06-21 00:55:48,42.4774894714355,-8.94451999664307,"Female"
"9004156",371990,2025-06-21 01:00:45,42.4774131774902,-8.9445743560791,"Female"
"9004156",371990,2025-06-21 01:05:54,42.4776725769043,-8.94437885284424,"Female"
"9004156",371990,2025-06-21 01:11:35,42.4777565002441,-8.94448375701904,"Female"
"9004156",371990,2025-06-21 01:15:48,42.4775886535645,-8.9445104598999,"Female"
"9004156",371990,2025-06-21 01:20:47,42.4775886535645,-8.94453144073486,"Female"
"9004156",371990,2025-06-21 01:25:41,42.4775352478027,-8.94454765319824,"Female"
"9004156",371990,2025-06-21 01:32:02,42.4775009155273,-8.94439220428467,"Female"
"9004156",371990,2025-06-21 01:35:47,42.4775085449219,-8.94448184967041,"Female"
"9004156",371990,2025-06-21 01:40:41,42.4775199890137,-8.94442367553711,"Female"
"9004156",371990,2025-06-21 01:45:45,42.4775390625,-8.94440174102783,"Female"
"9004156",371990,2025-06-21 01:50:39,42.4775428771973,-8.94468784332275,"Female"
"9004156",371990,2025-06-21 01:55:39,42.4776039123535,-8.94457912445068,"Female"
"9004156",371990,2025-06-21 02:00:39,42.4775657653809,-8.94449710845947,"Female"
"9004156",371990,2025-06-21 02:05:38,42.4775238037109,-8.94451999664307,"Female"
"9004156",371990,2025-06-21 02:10:40,42.4776229858398,-8.94450092315674,"Female"
"9004156",371990,2025-06-21 02:15:40,42.4775772094727,-8.94453144073486,"Female"
"9004156",371990,2025-06-21 02:20:45,42.4775238037109,-8.94440269470215,"Female"
"9004156",371990,2025-06-21 02:26:05,42.4774703979492,-8.94447326660156,"Female"
"9004156",371990,2025-06-21 02:30:39,42.4774589538574,-8.94452285766602,"Female"
"9004156",371990,2025-06-21 02:35:46,42.4775085449219,-8.94462203979492,"Female"
"9004156",371990,2025-06-21 02:40:41,42.4773025512695,-8.94441223144531,"Female"
"9004156",371990,2025-06-21 02:45:41,42.4775085449219,-8.9442138671875,"Female"
"9004156",371990,2025-06-21 02:50:42,42.477424621582,-8.94443988800049,"Female"
"9004156",371990,2025-06-21 02:55:43,42.4774894714355,-8.94460296630859,"Female"
"9004156",371990,2025-06-21 03:00:41,42.4776496887207,-8.94406414031982,"Female"
"9004156",371990,2025-06-21 03:05:42,42.477481842041,-8.94455432891846,"Female"
"9004156",371990,2025-06-21 03:10:43,42.4774742126465,-8.94460582733154,"Female"
"9004156",371990,2025-06-21 03:15:42,42.4774780273438,-8.94458484649658,"Female"
"9004156",371990,2025-06-21 03:20:43,42.477466583252,-8.94463634490967,"Female"
"9004156",371990,2025-06-21 03:25:42,42.4776763916016,-8.94496917724609,"Female"
"9004156",371990,2025-06-21 03:30:46,42.4778022766113,-8.94467353820801,"Female"
"9004156",371990,2025-06-21 03:35:45,42.4778747558594,-8.9446907043457,"Female"
"9004156",371990,2025-06-21 03:40:43,42.4779472351074,-8.94467163085938,"Female"
"9004156",371990,2025-06-21 03:45:40,42.4777984619141,-8.94477462768555,"Female"
"9004156",371990,2025-06-21 03:50:39,42.4777717590332,-8.94477558135986,"Female"
"9004156",371990,2025-06-21 03:55:41,42.4776191711426,-8.94490242004395,"Female"
"9004156",371990,2025-06-21 04:00:48,42.4778861999512,-8.94465351104736,"Female"
"9004156",371990,2025-06-21 04:05:40,42.4777603149414,-8.9448413848877,"Female"
"9004156",371990,2025-06-21 04:10:42,42.4776458740234,-8.94483757019043,"Female"
"9004156",371990,2025-06-21 04:15:44,42.4775047302246,-8.94476127624512,"Female"
"9004156",371990,2025-06-21 04:20:42,42.4775428771973,-8.94475555419922,"Female"
"9004156",371990,2025-06-21 04:25:48,42.4777565002441,-8.94477462768555,"Female"
"9004156",371990,2025-06-21 04:30:42,42.4776573181152,-8.9445858001709,"Female"
"9004156",371990,2025-06-21 04:35:41,42.4776458740234,-8.94480228424072,"Female"
"9004156",371990,2025-06-21 04:40:46,42.4777717590332,-8.94482231140137,"Female"
"9004156",371990,2025-06-21 04:45:39,42.4775199890137,-8.94456481933594,"Female"
"9004156",371990,2025-06-21 04:50:39,42.4773788452148,-8.94435596466064,"Female"
"9004156",371990,2025-06-21 04:55:39,42.4774971008301,-8.94458675384521,"Female"
"9004156",371990,2025-06-21 05:00:49,42.4775047302246,-8.94452095031738,"Female"
"9004156",371990,2025-06-21 05:05:55,42.4774932861328,-8.94457149505615,"Female"
"9004156",371990,2025-06-21 05:10:46,42.4775123596191,-8.94474411010742,"Female"
"9004156",371990,2025-06-21 05:16:10,42.4774742126465,-8.94467735290527,"Female"
"9004156",371990,2025-06-21 05:21:00,42.4774436950684,-8.94472408294678,"Female"
"9004156",371990,2025-06-21 05:25:42,42.4773330688477,-8.94463062286377,"Female"
"9004156",371990,2025-06-21 05:30:41,42.477367401123,-8.94455718994141,"Female"
"9004156",371990,2025-06-21 05:35:43,42.4774627685547,-8.94467353820801,"Female"
"9004156",371990,2025-06-21 05:40:41,42.4773979187012,-8.94451236724854,"Female"
"9004156",371990,2025-06-21 05:45:51,42.4773216247559,-8.94429016113281,"Female"
"9004156",371990,2025-06-21 05:50:43,42.4774551391602,-8.94458103179932,"Female"
"9004156",371990,2025-06-21 05:55:41,42.4774055480957,-8.9443998336792,"Female"
"9004156",371990,2025-06-21 06:00:42,42.4775314331055,-8.94462585449219,"Female"
"9004156",371990,2025-06-21 06:05:46,42.4776382446289,-8.94454765319824,"Female"
"9004156",371990,2025-06-21 06:10:43,42.4777793884277,-8.94466304779053,"Female"
"9004156",371990,2025-06-21 06:15:43,42.4775466918945,-8.94464778900146,"Female"
"9004156",371990,2025-06-21 06:20:42,42.4777488708496,-8.94453716278076,"Female"
"9004156",371990,2025-06-21 06:25:43,42.4776725769043,-8.94458770751953,"Female"
"9004156",371990,2025-06-21 06:30:42,42.4777374267578,-8.94450378417969,"Female"
"9004156",371990,2025-06-21 06:35:47,42.4778289794922,-8.94455814361572,"Female"
"9004156",371990,2025-06-21 06:40:45,42.4778251647949,-8.94456577301025,"Female"
"9004156",371990,2025-06-21 06:45:39,42.4777603149414,-8.94450187683105,"Female"
"9004156",371990,2025-06-21 06:50:41,42.4776802062988,-8.9447660446167,"Female"
"9004156",371990,2025-06-21 06:55:40,42.48291015625,-8.93045902252197,"Female"
"9004156",371990,2025-06-21 07:00:57,42.483097076416,-8.93062782287598,"Female"
"9004156",371990,2025-06-21 07:05:58,42.4846000671387,-8.92935180664062,"Female"
"9004156",371990,2025-06-21 07:10:56,42.4849815368652,-8.92995929718018,"Female"
"9004156",371990,2025-06-21 07:15:56,42.4849166870117,-8.93003273010254,"Female"
"9004156",371990,2025-06-21 07:20:56,42.4848670959473,-8.93002128601074,"Female"
"9004156",371990,2025-06-21 07:25:56,42.4849166870117,-8.92997074127197,"Female"
"9004156",371990,2025-06-21 07:30:56,42.4848823547363,-8.93010711669922,"Female"
"9004156",371990,2025-06-21 07:35:57,42.4849853515625,-8.92929077148438,"Female"
"9004156",371990,2025-06-21 07:40:56,42.4854278564453,-8.92872524261475,"Female"
"9004156",371990,2025-06-21 07:45:56,42.4855079650879,-8.92861366271973,"Female"
"9004156",371990,2025-06-21 07:51:15,42.4843368530273,-8.92169380187988,"Female"
"9004156",371990,2025-06-21 07:56:50,42.4832954406738,-8.92117309570312,"Female"
"9004156",371990,2025-06-21 08:01:50,42.4832878112793,-8.92103099822998,"Female"
"9004156",371990,2025-06-21 08:06:50,42.4830284118652,-8.92103958129883,"Female"
"9004156",371990,2025-06-21 08:11:50,42.4832344055176,-8.92105770111084,"Female"
"9004156",371990,2025-06-21 08:16:50,42.4831924438477,-8.9209451675415,"Female"
"9004156",371990,2025-06-21 08:21:50,42.4827880859375,-8.92148017883301,"Female"
"9004156",371990,2025-06-21 08:26:50,42.4830131530762,-8.92126178741455,"Female"
"9004156",371990,2025-06-21 08:31:50,42.4833068847656,-8.92094707489014,"Female"
"9004156",371990,2025-06-21 08:36:54,42.4828681945801,-8.92124652862549,"Female"
"9004156",371990,2025-06-21 08:41:50,42.4828071594238,-8.92130470275879,"Female"
"9004156",371990,2025-06-21 08:46:50,42.482852935791,-8.92133808135986,"Female"
"9004156",371990,2025-06-21 08:51:50,42.4827079772949,-8.9212474822998,"Female"
"9004156",371990,2025-06-21 08:56:50,42.482852935791,-8.92114543914795,"Female"
"9004156",371990,2025-06-21 09:01:50,42.4822807312012,-8.92095184326172,"Female"
"9004156",371990,2025-06-21 09:06:51,42.483039855957,-8.92105388641357,"Female"
"9004156",371990,2025-06-21 09:13:16,42.4832496643066,-8.91872692108154,"Female"
"9004156",371990,2025-06-21 09:18:12,42.4839859008789,-8.91799163818359,"Female"
"9004156",371990,2025-06-21 09:23:12,42.4841232299805,-8.91847038269043,"Female"
"9004156",371990,2025-06-21 09:28:11,42.4841384887695,-8.91846466064453,"Female"
"9004156",371990,2025-06-21 09:33:11,42.4837265014648,-8.91813564300537,"Female"
"9004156",371990,2025-06-21 09:38:12,42.484073638916,-8.91860103607178,"Female"
"9004156",371990,2025-06-21 09:43:11,42.4837036132812,-8.91894054412842,"Female"
"9004156",371990,2025-06-21 09:48:11,42.4836845397949,-8.91867637634277,"Female"
"9004156",371990,2025-06-21 09:53:11,42.4840507507324,-8.9186897277832,"Female"
"9004156",371990,2025-06-21 09:58:11,42.4838981628418,-8.91956329345703,"Female"
"9004156",371990,2025-06-21 10:03:11,42.4832344055176,-8.91885375976562,"Female"
"9004156",371990,2025-06-21 10:08:38,42.4831848144531,-8.91800212860107,"Female"
"9004156",371990,2025-06-21 10:13:35,42.4843101501465,-8.9160737991333,"Female"
"9004156",371990,2025-06-21 10:18:34,42.4842109680176,-8.915114402771,"Female"
"9004156",371990,2025-06-21 10:23:36,42.4841766357422,-8.91482162475586,"Female"
"9004156",371990,2025-06-21 10:28:36,42.4840278625488,-8.9150915145874,"Female"
"9004156",371990,2025-06-21 10:33:36,42.4843597412109,-8.91451835632324,"Female"
"9004156",371990,2025-06-21 10:38:36,42.4845085144043,-8.91472434997559,"Female"
"9004156",371990,2025-06-21 10:43:34,42.4842376708984,-8.91489219665527,"Female"
"9004156",371990,2025-06-21 10:48:34,42.4839286804199,-8.9153470993042,"Female"
"9004156",371990,2025-06-21 10:53:37,42.4843292236328,-8.91510486602783,"Female"
"9004156",371990,2025-06-21 10:58:36,42.4840927124023,-8.91508293151855,"Female"
"9004156",371990,2025-06-21 11:03:34,42.4832611083984,-8.91538715362549,"Female"
"9004156",371990,2025-06-21 11:08:37,42.484317779541,-8.91622924804688,"Female"
"9004156",371990,2025-06-21 11:13:35,42.4841842651367,-8.91555023193359,"Female"
"9004156",371990,2025-06-21 11:18:34,42.4837760925293,-8.91525459289551,"Female"
"9004156",371990,2025-06-21 11:23:36,42.4837913513184,-8.91553401947021,"Female"
"9004156",371990,2025-06-21 11:28:39,42.4841194152832,-8.91565132141113,"Female"
"9004156",371990,2025-06-21 11:33:39,42.4840393066406,-8.91596984863281,"Female"
"9004156",371990,2025-06-21 11:38:35,42.4839248657227,-8.9153995513916,"Female"
"9004156",371990,2025-06-21 11:43:38,42.4832763671875,-8.91657257080078,"Female"
"9004156",371990,2025-06-21 11:48:37,42.483959197998,-8.91576385498047,"Female"
"9004156",371990,2025-06-21 11:53:37,42.4839935302734,-8.91546535491943,"Female"
"9004156",371990,2025-06-21 11:58:36,42.484058380127,-8.91553783416748,"Female"
"9004156",371990,2025-06-21 12:03:36,42.4840927124023,-8.91562080383301,"Female"
"9004156",371990,2025-06-21 12:08:37,42.4841499328613,-8.91558647155762,"Female"
"9004156",371990,2025-06-21 12:13:34,42.4841537475586,-8.91572570800781,"Female"
"9004156",371990,2025-06-21 12:18:55,42.4833717346191,-8.91509628295898,"Female"
"9004156",371990,2025-06-21 12:23:59,42.4823150634766,-8.91583728790283,"Female"
"9004156",371990,2025-06-21 12:28:58,42.4808006286621,-8.91493129730225,"Female"
"9004156",371990,2025-06-21 12:33:58,42.4791069030762,-8.91572189331055,"Female"
"9004156",371990,2025-06-21 12:38:57,42.4785995483398,-8.9154109954834,"Female"
"9004156",371990,2025-06-21 12:43:57,42.4784278869629,-8.91562747955322,"Female"
"9004156",371990,2025-06-21 12:49:07,42.478572845459,-8.91542434692383,"Female"
"9004156",371990,2025-06-21 12:53:57,42.4783973693848,-8.91573905944824,"Female"
"9004156",371990,2025-06-21 12:58:57,42.4784622192383,-8.91562557220459,"Female"
"9004156",371990,2025-06-21 13:03:57,42.4786415100098,-8.91557312011719,"Female"
"9004156",371990,2025-06-21 13:09:02,42.4785957336426,-8.91557216644287,"Female"
"9004156",371990,2025-06-21 13:13:58,42.4785995483398,-8.91551685333252,"Female"
"9004156",371990,2025-06-21 13:19:00,42.4786224365234,-8.91555595397949,"Female"
"9004156",371990,2025-06-21 13:23:57,42.4786643981934,-8.91546154022217,"Female"
"9004156",371990,2025-06-21 13:28:59,42.4785575866699,-8.91554641723633,"Female"
"9004156",371990,2025-06-21 13:33:57,42.4786338806152,-8.91553592681885,"Female"
"9004156",371990,2025-06-21 13:38:57,42.478572845459,-8.91558456420898,"Female"
"9004156",371990,2025-06-21 13:43:58,42.4785461425781,-8.91558170318604,"Female"
"9004156",371990,2025-06-21 13:48:57,42.4785003662109,-8.91559505462646,"Female"
"9004156",371990,2025-06-21 13:53:58,42.4785194396973,-8.91554260253906,"Female"
"9004156",371990,2025-06-21 13:58:58,42.4790153503418,-8.91521453857422,"Female"
"9004156",371990,2025-06-21 14:03:58,42.4789390563965,-8.91534042358398,"Female"
"9004156",371990,2025-06-21 14:09:04,42.4789276123047,-8.91541004180908,"Female"
"9004156",371990,2025-06-21 14:13:57,42.4786911010742,-8.91559791564941,"Female"
"9004156",371990,2025-06-21 14:18:58,42.4787712097168,-8.91561603546143,"Female"
"9004156",371990,2025-06-21 14:23:58,42.4792823791504,-8.91525936126709,"Female"
"9004156",371990,2025-06-21 14:29:00,42.478588104248,-8.91608905792236,"Female"
"9004156",371990,2025-06-21 14:34:01,42.478931427002,-8.91603183746338,"Female"
"9004156",371990,2025-06-21 14:39:12,42.4785499572754,-8.91541862487793,"Female"
"9004156",371990,2025-06-21 14:43:57,42.4787940979004,-8.91585063934326,"Female"
"9004156",371990,2025-06-21 14:48:57,42.4787101745605,-8.91574382781982,"Female"
"9004156",371990,2025-06-21 14:53:57,42.4788551330566,-8.91545867919922,"Female"
"9004156",371990,2025-06-21 14:58:58,42.4786605834961,-8.91577339172363,"Female"
"9004156",371990,2025-06-21 15:03:57,42.4786376953125,-8.91577816009521,"Female"
"9004156",371990,2025-06-21 15:08:58,42.4786376953125,-8.91547393798828,"Female"
"9004156",371990,2025-06-21 15:13:59,42.4787902832031,-8.91549873352051,"Female"
"9004156",371990,2025-06-21 15:19:05,42.4787063598633,-8.91507339477539,"Female"
"9004156",371990,2025-06-21 15:23:57,42.4785270690918,-8.91546726226807,"Female"
"9004156",371990,2025-06-21 15:28:57,42.4784812927246,-8.91543483734131,"Female"
"9004156",371990,2025-06-21 15:34:06,42.478572845459,-8.91561889648438,"Female"
"9004156",371990,2025-06-21 15:38:58,42.4790306091309,-8.91485500335693,"Female"
"9004156",371990,2025-06-21 15:43:57,42.478401184082,-8.91612911224365,"Female"
"9004156",371990,2025-06-21 15:48:57,42.4786109924316,-8.91561412811279,"Female"
"9004156",371990,2025-06-21 15:53:57,42.4787940979004,-8.91523551940918,"Female"
"9004156",371990,2025-06-21 15:58:57,42.4786529541016,-8.91534900665283,"Female"
"9004156",371990,2025-06-21 16:03:58,42.4787902832031,-8.91526412963867,"Female"
"9004156",371990,2025-06-21 16:08:57,42.4787750244141,-8.91525173187256,"Female"
"9004156",371990,2025-06-21 16:14:01,42.4785270690918,-8.91572380065918,"Female"
"9004156",371990,2025-06-21 16:18:58,42.4787063598633,-8.91544437408447,"Female"
"9004156",371990,2025-06-21 16:23:59,42.4785766601562,-8.91554641723633,"Female"
"9004156",371990,2025-06-21 16:29:05,42.4787178039551,-8.91539096832275,"Female"
"9004156",371990,2025-06-21 16:33:57,42.4787101745605,-8.91543579101562,"Female"
"9004156",371990,2025-06-21 16:39:02,42.4787139892578,-8.91537857055664,"Female"
"9004156",371990,2025-06-21 16:44:01,42.4787139892578,-8.91544628143311,"Female"
"9004156",371990,2025-06-21 16:48:59,42.4786834716797,-8.91540050506592,"Female"
"9004156",371990,2025-06-21 16:54:01,42.4789009094238,-8.91519546508789,"Female"
"9004156",371990,2025-06-21 16:59:00,42.4784660339355,-8.91562461853027,"Female"
"9004156",371990,2025-06-21 17:03:59,42.4783325195312,-8.91569232940674,"Female"
"9004156",371990,2025-06-21 17:09:01,42.4785690307617,-8.91562366485596,"Female"
"9004156",371990,2025-06-21 17:13:59,42.4785461425781,-8.9157600402832,"Female"
"9004156",371990,2025-06-21 17:18:59,42.4786148071289,-8.91565799713135,"Female"
"9004156",371990,2025-06-21 17:24:00,42.4785385131836,-8.9155740737915,"Female"
"9004156",371990,2025-06-21 17:28:59,42.4786148071289,-8.91552543640137,"Female"
"9004156",371990,2025-06-21 17:34:07,42.4784202575684,-8.9155216217041,"Female"
"9004156",371990,2025-06-21 17:39:02,42.4785118103027,-8.91556930541992,"Female"
"9004156",371990,2025-06-21 17:43:59,42.4784393310547,-8.91599655151367,"Female"
"9004156",371990,2025-06-21 17:48:57,42.4785499572754,-8.91576766967773,"Female"
"9004156",371990,2025-06-21 17:53:58,42.4785270690918,-8.91579818725586,"Female"
"9004156",371990,2025-06-21 17:58:57,42.4786186218262,-8.91576862335205,"Female"
"9004156",371990,2025-06-21 18:03:57,42.4786148071289,-8.91576766967773,"Female"
"9004156",371990,2025-06-21 18:08:57,42.4786758422852,-8.91574001312256,"Female"
"9004156",371990,2025-06-21 18:13:58,42.4786415100098,-8.91575717926025,"Female"
"9004156",371990,2025-06-21 18:18:58,42.4788398742676,-8.91586112976074,"Female"
"9004156",371990,2025-06-21 18:23:58,42.4787445068359,-8.91591453552246,"Female"
"9004156",371990,2025-06-21 18:28:57,42.478816986084,-8.91582202911377,"Female"
"9004156",371990,2025-06-21 18:33:57,42.4788665771484,-8.91584777832031,"Female"
"9004156",371990,2025-06-21 18:38:56,42.4788360595703,-8.91583251953125,"Female"
"9004156",371990,2025-06-21 18:43:56,42.478832244873,-8.91576957702637,"Female"
"9004156",371990,2025-06-21 18:48:56,42.4787559509277,-8.91578769683838,"Female"
"9004156",371990,2025-06-21 18:53:56,42.4787979125977,-8.91575908660889,"Female"
"9004156",371990,2025-06-21 18:58:56,42.4787635803223,-8.9157543182373,"Female"
"9004156",371990,2025-06-21 19:03:56,42.4787902832031,-8.91571235656738,"Female"
"9004156",371990,2025-06-21 19:08:56,42.4787445068359,-8.91573619842529,"Female"
"9004156",371990,2025-06-21 19:13:56,42.4787216186523,-8.91572189331055,"Female"
"9004156",371990,2025-06-21 19:19:01,42.4785995483398,-8.91586875915527,"Female"
"9004156",371990,2025-06-21 19:23:58,42.4788665771484,-8.91546154022217,"Female"
"9004156",371990,2025-06-21 19:28:57,42.4788131713867,-8.91551971435547,"Female"
"9004156",371990,2025-06-21 19:33:57,42.4787521362305,-8.91555595397949,"Female"
"9004156",371990,2025-06-21 19:38:57,42.4786415100098,-8.91570663452148,"Female"
"9004156",371990,2025-06-21 19:43:57,42.4786720275879,-8.91567802429199,"Female"
"9004156",371990,2025-06-21 19:48:56,42.478588104248,-8.91562938690186,"Female"
"9004156",371990,2025-06-21 19:53:56,42.4785842895508,-8.91555881500244,"Female"
"9004156",371990,2025-06-21 19:59:35,42.4785652160645,-8.91559314727783,"Female"
"9004156",371990,2025-06-21 20:03:56,42.4786491394043,-8.91544723510742,"Female"
"9004156",371990,2025-06-21 20:08:57,42.4784774780273,-8.91558170318604,"Female"
"9004156",371990,2025-06-21 20:13:56,42.4785118103027,-8.91558456420898,"Female"
"9004156",371990,2025-06-21 20:18:56,42.4785499572754,-8.91548633575439,"Female"
"9004156",371990,2025-06-21 20:23:56,42.478515625,-8.9155797958374,"Female"
"9004156",371990,2025-06-21 20:28:59,42.4784622192383,-8.91555118560791,"Female"
"9004156",371990,2025-06-21 20:33:56,42.4785232543945,-8.91548252105713,"Female"
"9004156",371990,2025-06-21 20:39:00,42.4787254333496,-8.91608810424805,"Female"
"9004156",371990,2025-06-21 20:44:00,42.4785346984863,-8.91561698913574,"Female"
"9004156",371990,2025-06-21 20:49:01,42.4786148071289,-8.91572093963623,"Female"
"9004156",371990,2025-06-21 20:54:35,42.4784622192383,-8.9155912399292,"Female"
"9004156",371990,2025-06-21 20:58:56,42.4784698486328,-8.91546535491943,"Female"
"9004156",371990,2025-06-21 21:03:55,42.4783592224121,-8.91547584533691,"Female"
"9004156",371990,2025-06-21 21:08:58,42.478343963623,-8.9155387878418,"Female"
"9004156",371990,2025-06-21 21:13:57,42.4782485961914,-8.91544246673584,"Female"
"9004156",371990,2025-06-21 21:18:56,42.478515625,-8.91565608978271,"Female"
"9004156",371990,2025-06-21 21:23:55,42.4783744812012,-8.91557884216309,"Female"
"9004156",371990,2025-06-21 21:28:56,42.4784736633301,-8.91555881500244,"Female"
"9004156",371990,2025-06-21 21:33:57,42.4783248901367,-8.9155330657959,"Female"
"9004156",371990,2025-06-21 21:38:57,42.478271484375,-8.91543102264404,"Female"
"9004156",371990,2025-06-21 21:43:56,42.4783935546875,-8.91560363769531,"Female"
"9004156",371990,2025-06-21 21:48:56,42.478385925293,-8.91555595397949,"Female"
"9004156",371990,2025-06-21 21:54:03,42.4784126281738,-8.91554355621338,"Female"
"9004156",371990,2025-06-21 21:59:03,42.4783782958984,-8.91531562805176,"Female"
"9004156",371990,2025-06-21 22:03:56,42.4783668518066,-8.91562938690186,"Female"
"9004156",371990,2025-06-21 22:08:58,42.4783821105957,-8.91551303863525,"Female"
"9004156",371990,2025-06-21 22:13:57,42.4783935546875,-8.91565608978271,"Female"
"9004156",371990,2025-06-21 22:18:56,42.4783935546875,-8.91551303863525,"Female"
"9004156",371990,2025-06-21 22:23:56,42.4783554077148,-8.91548824310303,"Female"
"9004156",371990,2025-06-21 22:28:56,42.4783782958984,-8.91550445556641,"Female"
"9004156",371990,2025-06-21 22:33:56,42.4783897399902,-8.9154748916626,"Female"
"9004156",371990,2025-06-21 22:38:56,42.4783744812012,-8.91549301147461,"Female"
"9004156",371990,2025-06-21 22:43:56,42.478343963623,-8.91542816162109,"Female"
"9004156",371990,2025-06-21 22:48:56,42.4782638549805,-8.91546249389648,"Female"
"9004156",371990,2025-06-21 22:54:01,42.4785003662109,-8.91526126861572,"Female"
"9004156",371990,2025-06-21 22:59:06,42.4784927368164,-8.91519260406494,"Female"
"9004156",371990,2025-06-21 23:04:06,42.4785385131836,-8.91518878936768,"Female"
"9004156",371990,2025-06-21 23:09:01,42.4785957336426,-8.91518020629883,"Female"
"9004156",371990,2025-06-21 23:14:03,42.4786987304688,-8.91517734527588,"Female"
"9004156",371990,2025-06-21 23:18:57,42.478443145752,-8.91517066955566,"Female"
"9004156",371990,2025-06-21 23:24:06,42.4785537719727,-8.91473865509033,"Female"
"9004156",371990,2025-06-21 23:29:10,42.4785308837891,-8.91479682922363,"Female"
"9004156",371990,2025-06-21 23:34:29,42.4779167175293,-8.9155330657959,"Female"
"9004156",371990,2025-06-21 23:38:56,42.478401184082,-8.91560554504395,"Female"
"9004156",371990,2025-06-21 23:43:56,42.4786567687988,-8.91551303863525,"Female"
"9004156",371990,2025-06-21 23:48:56,42.4783821105957,-8.91555118560791,"Female"
"9004156",371990,2025-06-21 23:53:57,42.478515625,-8.91555023193359,"Female"
"9004156",371990,2025-06-21 23:58:56,42.4783782958984,-8.91557216644287,"Female"
"9004156",371990,2025-06-22 00:03:57,42.4783515930176,-8.91557502746582,"Female"
"9004156",371990,2025-06-22 00:08:56,42.4784851074219,-8.91557598114014,"Female"
"9004156",371990,2025-06-22 00:13:56,42.4784507751465,-8.91558456420898,"Female"
"9004156",371990,2025-06-22 00:18:56,42.4784164428711,-8.91561126708984,"Female"
"9004156",371990,2025-06-22 00:23:57,42.4784164428711,-8.9156379699707,"Female"
"9004156",371990,2025-06-22 00:28:58,42.4785079956055,-8.9158763885498,"Female"
"9004156",371990,2025-06-22 00:33:58,42.4784736633301,-8.91556549072266,"Female"
"9004156",371990,2025-06-22 00:38:56,42.4785652160645,-8.9156322479248,"Female"
"9004156",371990,2025-06-22 00:43:57,42.4785690307617,-8.91561985015869,"Female"
"9004156",371990,2025-06-22 00:48:59,42.478588104248,-8.91564273834229,"Female"
"9004156",371990,2025-06-22 00:53:58,42.4785652160645,-8.91585445404053,"Female"
"9004156",371990,2025-06-22 00:58:59,42.4785652160645,-8.91571712493896,"Female"
"9004156",371990,2025-06-22 01:04:01,42.4785194396973,-8.9156551361084,"Female"
"9004156",371990,2025-06-22 01:08:57,42.4788093566895,-8.91571998596191,"Female"
"9004156",371990,2025-06-22 01:13:59,42.4786338806152,-8.91608142852783,"Female"
"9004156",371990,2025-06-22 01:19:03,42.478515625,-8.91563320159912,"Female"
"9004156",371990,2025-06-22 01:24:06,42.4784393310547,-8.91582679748535,"Female"
"9004156",371990,2025-06-22 01:29:06,42.4783821105957,-8.91569995880127,"Female"
"9004156",371990,2025-06-22 01:34:06,42.4780540466309,-8.91565132141113,"Female"
"9004156",371990,2025-06-22 01:39:03,42.4781227111816,-8.91565322875977,"Female"
"9004156",371990,2025-06-22 01:44:29,42.4784317016602,-8.91574668884277,"Female"
"9004156",371990,2025-06-22 01:48:57,42.478443145752,-8.91573429107666,"Female"
"9004156",371990,2025-06-22 01:54:01,42.4786148071289,-8.91578674316406,"Female"
"9004156",371990,2025-06-22 01:59:00,42.4787483215332,-8.91581535339355,"Female"
"9004156",371990,2025-06-22 02:03:58,42.4784507751465,-8.91569042205811,"Female"
"9004156",371990,2025-06-22 02:08:59,42.4785232543945,-8.91581916809082,"Female"
"9004156",371990,2025-06-22 02:14:00,42.4785804748535,-8.91591262817383,"Female"
"9004156",371990,2025-06-22 02:19:05,42.4785232543945,-8.91575241088867,"Female"
"9004156",371990,2025-06-22 02:24:01,42.4785499572754,-8.91580772399902,"Female"
"9004156",371990,2025-06-22 02:28:58,42.4786224365234,-8.91591739654541,"Female"
"9004156",371990,2025-06-22 02:34:05,42.4785461425781,-8.91581153869629,"Female"
"9004156",371990,2025-06-22 02:39:01,42.4785614013672,-8.91577053070068,"Female"
"9004156",371990,2025-06-22 02:44:03,42.4785079956055,-8.91570949554443,"Female"
"9004156",371990,2025-06-22 02:48:59,42.4784812927246,-8.91567039489746,"Female"
"9004156",371990,2025-06-22 02:54:07,42.478401184082,-8.91560363769531,"Female"
"9004156",371990,2025-06-22 02:59:15,42.4785537719727,-8.91571807861328,"Female"
"9004156",371990,2025-06-22 03:04:17,42.4785690307617,-8.91572761535645,"Female"
"9004156",371990,2025-06-22 03:09:17,42.4785614013672,-8.91573047637939,"Female"
"9004156",371990,2025-06-22 03:13:58,42.4786758422852,-8.91584777832031,"Female"
"9004156",371990,2025-06-22 03:19:00,42.4787712097168,-8.91589736938477,"Female"
"9004156",371990,2025-06-22 03:23:59,42.4789276123047,-8.91604614257812,"Female"
"9004156",371990,2025-06-22 03:29:03,42.4785766601562,-8.91573524475098,"Female"
"9004156",371990,2025-06-22 03:34:03,42.4784889221191,-8.91559886932373,"Female"
"9004156",371990,2025-06-22 03:39:00,42.4785995483398,-8.91570091247559,"Female"
"9004156",371990,2025-06-22 03:44:12,42.4784927368164,-8.91556549072266,"Female"
"9004156",371990,2025-06-22 03:48:59,42.4783782958984,-8.91541194915771,"Female"
"9004156",371990,2025-06-22 03:54:00,42.4783248901367,-8.91529560089111,"Female"
"9004156",371990,2025-06-22 03:58:57,42.4779930114746,-8.91594219207764,"Female"
"9004156",371990,2025-06-22 04:04:04,42.4786148071289,-8.91543483734131,"Female"
"9004156",371990,2025-06-22 04:09:03,42.4787063598633,-8.91556644439697,"Female"
"9004156",371990,2025-06-22 04:14:29,42.4783554077148,-8.91589260101318,"Female"
"9004156",371990,2025-06-22 04:19:01,42.4783515930176,-8.91589641571045,"Female"
"9004156",371990,2025-06-22 04:24:07,42.4783363342285,-8.91582012176514,"Female"
"9004156",371990,2025-06-22 04:28:57,42.4782943725586,-8.91617107391357,"Female"
"9004156",371990,2025-06-22 04:34:07,42.4784927368164,-8.91554832458496,"Female"
"9004156",371990,2025-06-22 04:39:06,42.4784317016602,-8.91559886932373,"Female"
"9004156",371990,2025-06-22 04:44:07,42.4784622192383,-8.91543197631836,"Female"
"9004156",371990,2025-06-22 04:49:29,42.4784469604492,-8.91566276550293,"Female"
"9004156",371990,2025-06-22 04:54:11,42.4784736633301,-8.91562366485596,"Female"
"9004156",371990,2025-06-22 04:59:07,42.4785652160645,-8.91561508178711,"Female"
"9004156",371990,2025-06-22 05:04:07,42.4785385131836,-8.91568470001221,"Female"
"9004156",371990,2025-06-22 05:09:08,42.4785690307617,-8.91555595397949,"Female"
"9004156",371990,2025-06-22 05:14:08,42.4785461425781,-8.91565227508545,"Female"
"9004156",371990,2025-06-22 05:19:06,42.478572845459,-8.91566562652588,"Female"
"9004156",371990,2025-06-22 05:24:11,42.4785537719727,-8.91557312011719,"Female"
"9004156",371990,2025-06-22 05:28:59,42.4785270690918,-8.91569137573242,"Female"
"9004156",371990,2025-06-22 05:34:01,42.4788284301758,-8.9157886505127,"Female"
"9004156",371990,2025-06-22 05:39:11,42.4782829284668,-8.9155445098877,"Female"
"9004156",371990,2025-06-22 05:43:56,42.4783554077148,-8.91555404663086,"Female"
"9004156",371990,2025-06-22 05:48:56,42.4782485961914,-8.91541862487793,"Female"
"9004156",371990,2025-06-22 05:53:57,42.4783363342285,-8.91560363769531,"Female"
"9004156",371990,2025-06-22 05:58:59,42.4782524108887,-8.91537761688232,"Female"
"9004156",371990,2025-06-22 06:04:04,42.4784126281738,-8.91563606262207,"Female"
"9004156",371990,2025-06-22 06:08:57,42.4784393310547,-8.91559028625488,"Female"
"9004156",371990,2025-06-22 06:13:56,42.4782218933105,-8.91539478302002,"Female"
"9004156",371990,2025-06-22 06:18:57,42.4783935546875,-8.91557312011719,"Female"
"9004156",371990,2025-06-22 06:24:00,42.4782295227051,-8.91545963287354,"Female"
"9004156",371990,2025-06-22 06:28:57,42.4786567687988,-8.91346740722656,"Female"
"9004156",371990,2025-06-22 06:34:44,42.4790077209473,-8.91201114654541,"Female"
"9004156",371990,2025-06-22 06:40:57,42.4790267944336,-8.91062641143799,"Female"
"9004156",371990,2025-06-22 06:45:58,42.4788208007812,-8.90846252441406,"Female"
"9004156",371990,2025-06-22 06:51:00,42.4788551330566,-8.90847587585449,"Female"
"9004156",371990,2025-06-22 06:56:05,42.4786491394043,-8.90815353393555,"Female"
"9004156",371990,2025-06-22 07:00:37,42.478645324707,-8.90814876556396,"Female"
"9004156",371990,2025-06-22 07:05:35,42.478645324707,-8.90814018249512,"Female"
"9004156",371990,2025-06-22 07:10:36,42.4786796569824,-8.90824699401855,"Female"
"9004156",371990,2025-06-22 07:15:36,42.4786529541016,-8.90819358825684,"Female"
"9004156",371990,2025-06-22 07:20:39,42.478687286377,-8.9081859588623,"Female"
"9004156",371990,2025-06-22 07:25:36,42.4784774780273,-8.90782165527344,"Female"
"9004156",371990,2025-06-22 07:30:36,42.4788093566895,-8.90845489501953,"Female"
"9004156",371990,2025-06-22 07:35:37,42.478458404541,-8.90775108337402,"Female"
"9004156",371990,2025-06-22 07:40:36,42.4785385131836,-8.90791988372803,"Female"
"9004156",371990,2025-06-22 07:46:05,42.4786682128906,-8.90816211700439,"Female"
"9004156",371990,2025-06-22 07:50:35,42.4786376953125,-8.90818691253662,"Female"
"9004156",371990,2025-06-22 07:55:36,42.4786109924316,-8.90821266174316,"Female"
"9004156",371990,2025-06-22 08:00:36,42.4786071777344,-8.9081916809082,"Female"
"9004156",371990,2025-06-22 08:05:36,42.4786415100098,-8.90819072723389,"Female"
"9004156",371990,2025-06-22 08:10:36,42.4786338806152,-8.90818119049072,"Female"
"9004156",371990,2025-06-22 08:15:36,42.4786376953125,-8.90816783905029,"Female"
"9004156",371990,2025-06-22 08:20:36,42.4786186218262,-8.9081859588623,"Female"
"9004156",371990,2025-06-22 08:25:36,42.4786643981934,-8.90818786621094,"Female"
"9004156",371990,2025-06-22 08:30:36,42.478630065918,-8.90818881988525,"Female"
"9004156",371990,2025-06-22 08:35:36,42.4786415100098,-8.9082088470459,"Female"
"9004156",371990,2025-06-22 08:40:36,42.478645324707,-8.90816593170166,"Female"
"9004156",371990,2025-06-22 08:45:36,42.4785957336426,-8.90817737579346,"Female"
"9004156",371990,2025-06-22 08:50:36,42.4789161682129,-8.90816307067871,"Female"
"9004156",371990,2025-06-22 08:55:37,42.4786376953125,-8.90818500518799,"Female"
"9004156",371990,2025-06-22 09:00:36,42.478630065918,-8.90808773040771,"Female"
"9004156",371990,2025-06-22 09:05:36,42.4785614013672,-8.90808391571045,"Female"
"9004156",371990,2025-06-22 09:10:36,42.4785232543945,-8.90810108184814,"Female"
"9004156",371990,2025-06-22 09:15:36,42.478572845459,-8.90810012817383,"Female"
"9004156",371990,2025-06-22 09:20:36,42.4786338806152,-8.90812683105469,"Female"
"9004156",371990,2025-06-22 09:25:36,42.4785385131836,-8.90808200836182,"Female"
"9004156",371990,2025-06-22 09:30:36,42.4785842895508,-8.90807723999023,"Female"
"9004156",371990,2025-06-22 09:35:36,42.4786376953125,-8.90814113616943,"Female"
"9004156",371990,2025-06-22 09:40:36,42.4786415100098,-8.90814590454102,"Female"
"9004156",371990,2025-06-22 09:45:36,42.4786643981934,-8.90814590454102,"Female"
"9004156",371990,2025-06-22 09:50:36,42.4787483215332,-8.90817642211914,"Female"
"9004156",371990,2025-06-22 09:55:36,42.478687286377,-8.90828895568848,"Female"
"9004156",371990,2025-06-22 10:00:36,42.4785995483398,-8.90824031829834,"Female"
"9004156",371990,2025-06-22 10:05:36,42.478630065918,-8.9082612991333,"Female"
"9004156",371990,2025-06-22 10:10:37,42.4786148071289,-8.90809440612793,"Female"
"9004156",371990,2025-06-22 10:15:41,42.4785804748535,-8.90806865692139,"Female"
"9004156",371990,2025-06-22 10:20:36,42.4785995483398,-8.90802955627441,"Female"
"9004156",371990,2025-06-22 10:25:36,42.4786071777344,-8.90800952911377,"Female"
"9004156",371990,2025-06-22 10:30:36,42.4785842895508,-8.90804004669189,"Female"
"9004156",371990,2025-06-22 10:35:36,42.4785842895508,-8.90798664093018,"Female"
"9004156",371990,2025-06-22 10:40:37,42.4786987304688,-8.90740489959717,"Female"
"9004156",371990,2025-06-22 10:45:37,42.4786682128906,-8.90691184997559,"Female"
"9004156",371990,2025-06-22 10:50:38,42.4782218933105,-8.90671348571777,"Female"
"9004156",371990,2025-06-22 10:55:37,42.4779319763184,-8.90703964233398,"Female"
"9004156",371990,2025-06-22 11:00:38,42.4779663085938,-8.90692615509033,"Female"
"9004156",371990,2025-06-22 11:05:56,42.477912902832,-8.90675449371338,"Female"
"9004156",371990,2025-06-22 11:10:50,42.4779434204102,-8.90682315826416,"Female"
"9004156",371990,2025-06-22 11:15:40,42.4779014587402,-8.90686893463135,"Female"
"9004156",371990,2025-06-22 11:20:51,42.4779968261719,-8.90676212310791,"Female"
"9004156",371990,2025-06-22 11:25:41,42.4779434204102,-8.90681743621826,"Female"
"9004156",371990,2025-06-22 11:30:48,42.4780693054199,-8.90700149536133,"Female"
"9004156",371990,2025-06-22 11:35:49,42.4780693054199,-8.90705013275146,"Female"
"9004156",371990,2025-06-22 11:41:00,42.478157043457,-8.90706729888916,"Female"
"9004156",371990,2025-06-22 11:46:04,42.4780044555664,-8.90762996673584,"Female"
"9004156",371990,2025-06-22 11:50:36,42.4779243469238,-8.90773773193359,"Female"
"9004156",371990,2025-06-22 11:55:36,42.4779014587402,-8.90771865844727,"Female"
"9004156",371990,2025-06-22 12:00:36,42.4779434204102,-8.90770530700684,"Female"
"9004156",371990,2025-06-22 12:05:35,42.4779968261719,-8.90765476226807,"Female"
"9004156",371990,2025-06-22 12:10:36,42.4779434204102,-8.90773296356201,"Female"
"9004156",371990,2025-06-22 12:15:36,42.4779434204102,-8.90774726867676,"Female"
"9004156",371990,2025-06-22 12:20:36,42.4779319763184,-8.90775012969971,"Female"
"9004156",371990,2025-06-22 12:25:35,42.4779396057129,-8.9077262878418,"Female"
"9004156",371990,2025-06-22 12:30:36,42.4779891967773,-8.90773487091064,"Female"
"9004156",371990,2025-06-22 12:35:35,42.477970123291,-8.90773582458496,"Female"
"9004156",371990,2025-06-22 12:40:36,42.4779586791992,-8.9077615737915,"Female"
"9004156",371990,2025-06-22 12:45:36,42.4779243469238,-8.90772724151611,"Female"
"9004156",371990,2025-06-22 12:50:36,42.477912902832,-8.90775394439697,"Female"
"9004156",371990,2025-06-22 12:55:36,42.4780693054199,-8.90768146514893,"Female"
"9004156",371990,2025-06-22 13:00:36,42.4780654907227,-8.90769672393799,"Female"
"9004156",371990,2025-06-22 13:05:36,42.4779663085938,-8.90768527984619,"Female"
"9004156",371990,2025-06-22 13:10:37,42.4780502319336,-8.90762901306152,"Female"
"9004156",371990,2025-06-22 13:15:36,42.4777946472168,-8.90775871276855,"Female"
"9004156",371990,2025-06-22 13:20:38,42.4777793884277,-8.90774631500244,"Female"
"9004156",371990,2025-06-22 13:26:05,42.4779090881348,-8.90772724151611,"Female"
"9004156",371990,2025-06-22 13:30:36,42.4779281616211,-8.90774631500244,"Female"
"9004156",371990,2025-06-22 13:35:36,42.4779319763184,-8.90774917602539,"Female"
"9004156",371990,2025-06-22 13:40:35,42.4779510498047,-8.90772342681885,"Female"
"9004156",371990,2025-06-22 13:45:36,42.4779357910156,-8.90767860412598,"Female"
"9004156",371990,2025-06-22 13:50:37,42.4778213500977,-8.90730667114258,"Female"
"9004156",371990,2025-06-22 13:55:36,42.4776077270508,-8.90699005126953,"Female"
"9004156",371990,2025-06-22 14:00:35,42.4775428771973,-8.90668296813965,"Female"
"9004156",371990,2025-06-22 14:05:37,42.4773483276367,-8.90630435943604,"Female"
"9004156",371990,2025-06-22 14:10:35,42.4772720336914,-8.90588665008545,"Female"
"9004156",371990,2025-06-22 14:15:37,42.4771766662598,-8.90539264678955,"Female"
"9004156",371990,2025-06-22 14:20:59,42.4770889282227,-8.90494155883789,"Female"
"9004156",371990,2025-06-22 14:25:41,42.4770851135254,-8.90493202209473,"Female"
"9004156",371990,2025-06-22 14:30:43,42.4770469665527,-8.90494251251221,"Female"
"9004156",371990,2025-06-22 14:35:50,42.4769477844238,-8.90483474731445,"Female"
"9004156",371990,2025-06-22 14:40:47,42.4770545959473,-8.90478610992432,"Female"
"9004156",371990,2025-06-22 14:45:46,42.4770088195801,-8.90485858917236,"Female"
"9004156",371990,2025-06-22 14:50:45,42.4770622253418,-8.90485572814941,"Female"
"9004156",371990,2025-06-22 14:55:40,42.4770393371582,-8.90493583679199,"Female"
"9004156",371990,2025-06-22 15:00:49,42.4770317077637,-8.90487480163574,"Female"
"9004156",371990,2025-06-22 15:05:42,42.4770545959473,-8.90494918823242,"Female"
"9004156",371990,2025-06-22 15:10:47,42.4770889282227,-8.90489864349365,"Female"
"9004156",371990,2025-06-22 15:15:43,42.4768714904785,-8.90472888946533,"Female"
"9004156",371990,2025-06-22 15:20:47,42.4770317077637,-8.9048376083374,"Female"
"9004156",371990,2025-06-22 15:25:48,42.4769668579102,-8.90501022338867,"Female"
"9004156",371990,2025-06-22 15:30:47,42.4771537780762,-8.90475368499756,"Female"
"9004156",371990,2025-06-22 15:35:58,42.4770240783691,-8.90487289428711,"Female"
"9004156",371990,2025-06-22 15:40:59,42.4768371582031,-8.90491771697998,"Female"
"9004156",371990,2025-06-22 15:46:07,42.4768829345703,-8.90481567382812,"Female"
"9004156",371990,2025-06-22 15:51:08,42.4768218994141,-8.90473365783691,"Female"
"9004156",371990,2025-06-22 16:21:05,42.4770965576172,-8.90483379364014,"Female"
"9004156",371990,2025-06-22 16:25:49,42.4770736694336,-8.90474700927734,"Female"
"9004156",371990,2025-06-22 16:30:49,42.4770851135254,-8.90485000610352,"Female"
"9004156",371990,2025-06-22 16:35:49,42.4770927429199,-8.90480899810791,"Female"
"9004156",371990,2025-06-22 16:40:49,42.4770851135254,-8.90479946136475,"Female"
"9004156",371990,2025-06-22 16:45:53,42.4771156311035,-8.90482425689697,"Female"
"9004156",371990,2025-06-22 16:50:59,42.4771270751953,-8.90478706359863,"Female"
"9004156",371990,2025-06-22 16:55:43,42.477123260498,-8.90483951568604,"Female"
"9004156",371990,2025-06-22 17:00:47,42.4771423339844,-8.90472030639648,"Female"
"9004156",371990,2025-06-22 17:05:49,42.4770851135254,-8.90468597412109,"Female"
"9004156",371990,2025-06-22 17:10:47,42.4772453308105,-8.90491199493408,"Female"
"9004156",371990,2025-06-22 17:15:52,42.477222442627,-8.90494632720947,"Female"
"9004156",371990,2025-06-22 17:21:01,42.4771118164062,-8.90486812591553,"Female"
"9004156",371990,2025-06-22 17:25:44,42.4770545959473,-8.90483474731445,"Female"
"9004156",371990,2025-06-22 17:30:49,42.4772644042969,-8.9048023223877,"Female"
"9004156",371990,2025-06-22 17:35:54,42.4770774841309,-8.90483283996582,"Female"
"9004156",371990,2025-06-22 17:40:56,42.4770164489746,-8.90476417541504,"Female"
"9004156",371990,2025-06-22 17:45:53,42.4770584106445,-8.90472221374512,"Female"
"9004156",371990,2025-06-22 17:50:53,42.4769515991211,-8.90475940704346,"Female"
"9004156",371990,2025-06-22 17:55:53,42.4769554138184,-8.90483283996582,"Female"
"9004156",371990,2025-06-22 18:00:53,42.4770545959473,-8.90486240386963,"Female"
"9004156",371990,2025-06-22 18:06:01,42.476936340332,-8.90469455718994,"Female"
"9004156",371990,2025-06-22 18:10:42,42.4768905639648,-8.90439128875732,"Female"
"9004156",371990,2025-06-22 18:15:45,42.4769973754883,-8.9045934677124,"Female"
"9004156",371990,2025-06-22 18:20:47,42.4770698547363,-8.90501403808594,"Female"
"9004156",371990,2025-06-22 18:25:59,42.4776802062988,-8.90571308135986,"Female"
"9004156",371990,2025-06-22 18:30:48,42.4775810241699,-8.90576267242432,"Female"
"9004156",371990,2025-06-22 18:35:58,42.4777603149414,-8.90600681304932,"Female"
"9004156",371990,2025-06-22 18:41:29,42.4772453308105,-8.90504169464111,"Female"
"9004156",371990,2025-06-22 18:45:41,42.4770469665527,-8.9050407409668,"Female"
"9004156",371990,2025-06-22 18:50:43,42.4773254394531,-8.90502452850342,"Female"
"9004156",371990,2025-06-22 18:55:48,42.4771156311035,-8.90500736236572,"Female"
"9004156",371990,2025-06-22 19:00:48,42.476993560791,-8.90458965301514,"Female"
"9004156",371990,2025-06-22 19:05:48,42.4770393371582,-8.90495586395264,"Female"
"9004156",371990,2025-06-22 19:11:02,42.4770851135254,-8.90499401092529,"Female"
"9004156",371990,2025-06-22 19:15:42,42.4771995544434,-8.9050760269165,"Female"
"9004156",371990,2025-06-22 19:20:42,42.4772148132324,-8.9052848815918,"Female"
"9004156",371990,2025-06-22 19:25:41,42.477222442627,-8.90496730804443,"Female"
"9004156",371990,2025-06-22 19:30:42,42.477180480957,-8.90468406677246,"Female"
"9004156",371990,2025-06-22 19:35:50,42.4771499633789,-8.90502262115479,"Female"
"9004156",371990,2025-06-22 19:40:47,42.4770317077637,-8.90499401092529,"Female"
"9004156",371990,2025-06-22 19:45:45,42.4771347045898,-8.90489387512207,"Female"
"9004156",371990,2025-06-22 19:50:49,42.4771766662598,-8.90484142303467,"Female"
"9004156",371990,2025-06-22 19:55:49,42.4771194458008,-8.90491390228271,"Female"
"9004156",371990,2025-06-22 20:00:49,42.4771537780762,-8.90500831604004,"Female"
"9004156",371990,2025-06-22 20:05:49,42.4771385192871,-8.90507888793945,"Female"
"9004156",371990,2025-06-22 20:10:49,42.477108001709,-8.90499114990234,"Female"
"9004156",371990,2025-06-22 20:15:49,42.4771308898926,-8.9047327041626,"Female"
"9004156",371990,2025-06-22 20:20:50,42.4771156311035,-8.90486907958984,"Female"
"9004156",371990,2025-06-22 20:25:51,42.4772109985352,-8.904541015625,"Female"
"9004156",371990,2025-06-22 20:30:51,42.4771690368652,-8.90484046936035,"Female"
"9004156",371990,2025-06-22 20:35:51,42.47705078125,-8.90486335754395,"Female"
"9004156",371990,2025-06-22 20:40:49,42.4773597717285,-8.90487575531006,"Female"
"9004156",371990,2025-06-22 20:46:05,42.4770660400391,-8.90483379364014,"Female"
"9004156",371990,2025-06-22 20:50:36,42.4771385192871,-8.90481948852539,"Female"
"9004156",371990,2025-06-22 20:55:37,42.4770278930664,-8.90480518341064,"Female"
"9004156",371990,2025-06-22 21:00:36,42.4772605895996,-8.90491580963135,"Female"
"9004156",371990,2025-06-22 21:05:39,42.4770584106445,-8.90487003326416,"Female"
"9004156",371990,2025-06-22 21:10:48,42.4769744873047,-8.90479469299316,"Female"
"9004156",371990,2025-06-22 21:15:37,42.4768867492676,-8.90461158752441,"Female"
"9004156",371990,2025-06-22 21:20:41,42.4770469665527,-8.90477561950684,"Female"
"9004156",371990,2025-06-22 21:25:48,42.4768180847168,-8.90468597412109,"Female"
"9004156",371990,2025-06-22 21:31:59,42.4770812988281,-8.90474224090576,"Female"
"9004156",371990,2025-06-22 21:36:59,42.4770927429199,-8.90481472015381,"Female"
"9004156",371990,2025-06-22 21:40:59,42.47705078125,-8.90475940704346,"Female"
"9004156",371990,2025-06-22 21:45:49,42.47705078125,-8.90479373931885,"Female"
"9004156",371990,2025-06-22 21:50:51,42.4771499633789,-8.90476989746094,"Female"
"9004156",371990,2025-06-22 21:56:59,42.4770698547363,-8.90477180480957,"Female"
"9004156",371990,2025-06-22 22:01:59,42.4770545959473,-8.90480804443359,"Female"
"9004156",371990,2025-06-22 22:05:47,42.4770278930664,-8.90477561950684,"Female"
"9004156",371990,2025-06-22 22:10:56,42.4770469665527,-8.90478038787842,"Female"
"9004156",371990,2025-06-22 22:15:45,42.4770774841309,-8.90475940704346,"Female"
"9004156",371990,2025-06-22 22:21:07,42.4771423339844,-8.90480709075928,"Female"
"9004156",371990,2025-06-22 22:25:49,42.4770812988281,-8.90478801727295,"Female"
"9004156",371990,2025-06-22 22:30:49,42.4769477844238,-8.90485954284668,"Female"
"9004156",371990,2025-06-22 22:35:49,42.4770011901855,-8.90489768981934,"Female"
"9004156",371990,2025-06-22 22:40:49,42.4771423339844,-8.9045877456665,"Female"
"9004156",371990,2025-06-22 22:51:13,42.4772109985352,-8.90445613861084,"Female"
"9004156",371990,2025-06-22 22:56:59,42.4770698547363,-8.90450191497803,"Female"
"9004156",371990,2025-06-22 23:01:59,42.4770736694336,-8.90434646606445,"Female"
"9004156",371990,2025-06-22 23:06:05,42.4770851135254,-8.9049015045166,"Female"
"9004156",371990,2025-06-22 23:10:40,42.4770736694336,-8.9047679901123,"Female"
"9004156",371990,2025-06-22 23:15:58,42.4769248962402,-8.90495109558105,"Female"
"9004156",371990,2025-06-22 23:20:54,42.4774971008301,-8.90486145019531,"Female"
"9004156",371990,2025-06-22 23:25:35,42.4770469665527,-8.90483951568604,"Female"
"9004156",371990,2025-06-22 23:30:35,42.4770050048828,-8.9048433303833,"Female"
"9004156",371990,2025-06-22 23:35:37,42.4769515991211,-8.90480422973633,"Female"
"9004156",371990,2025-06-22 23:40:44,42.4769668579102,-8.90483856201172,"Female"
"9004156",371990,2025-06-22 23:45:44,42.4769401550293,-8.90476608276367,"Female"
"9004156",371990,2025-06-22 23:51:05,42.4770088195801,-8.90484809875488,"Female"
"9004156",371990,2025-06-22 23:55:34,42.476921081543,-8.90484142303467,"Female"
"9004156",371990,2025-06-23 00:00:34,42.4767417907715,-8.9052038192749,"Female"
"9004156",371990,2025-06-23 00:05:34,42.4766159057617,-8.9053897857666,"Female"
"9004156",371990,2025-06-23 00:10:35,42.4767913818359,-8.90583038330078,"Female"
"9004156",371990,2025-06-23 00:15:38,42.4766731262207,-8.90569400787354,"Female"
"9004156",371990,2025-06-23 00:36:06,42.4767189025879,-8.90561294555664,"Female"
"9004156",371990,2025-06-23 00:40:50,42.4767074584961,-8.9057731628418,"Female"
"9004156",371990,2025-06-23 00:46:11,42.4767379760742,-8.90570735931396,"Female"
"9004156",371990,2025-06-23 00:51:59,42.476692199707,-8.90563488006592,"Female"
"9004156",371990,2025-06-23 00:55:43,42.476432800293,-8.90557670593262,"Female"
"9004156",371990,2025-06-23 01:00:55,42.4766693115234,-8.90548324584961,"Female"
"9004156",371990,2025-06-23 01:05:48,42.476749420166,-8.90545082092285,"Female"
"9004156",371990,2025-06-23 01:10:47,42.476676940918,-8.90561676025391,"Female"
"9004156",371990,2025-06-23 01:15:47,42.4765434265137,-8.90554237365723,"Female"
"9004156",371990,2025-06-23 01:20:40,42.4767303466797,-8.90531444549561,"Female"
"9004156",371990,2025-06-23 01:25:43,42.4766960144043,-8.90566444396973,"Female"
"9004156",371990,2025-06-23 01:30:39,42.4766998291016,-8.90539836883545,"Female"
"9004156",371990,2025-06-23 01:35:40,42.4765548706055,-8.90555286407471,"Female"
"9004156",371990,2025-06-23 01:40:45,42.4767112731934,-8.90563297271729,"Female"
"9004156",371990,2025-06-23 01:45:46,42.4767265319824,-8.90561580657959,"Female"
"9004156",371990,2025-06-23 01:50:43,42.4767379760742,-8.90559577941895,"Female"
"9004156",371990,2025-06-23 01:55:44,42.4765129089355,-8.90550899505615,"Female"
"9004156",371990,2025-06-23 02:00:40,42.4765930175781,-8.90556049346924,"Female"
"9004156",371990,2025-06-23 02:05:40,42.4766731262207,-8.9056282043457,"Female"
"9004156",371990,2025-06-23 02:10:45,42.4767150878906,-8.90568542480469,"Female"
"9004156",371990,2025-06-23 02:15:44,42.4768562316895,-8.90578079223633,"Female"
"9004156",371990,2025-06-23 02:20:43,42.4766311645508,-8.90557193756104,"Female"
"9004156",371990,2025-06-23 02:25:50,42.4763259887695,-8.90540218353271,"Female"
"9004156",371990,2025-06-23 03:15:55,42.4765930175781,-8.90560245513916,"Female"
"9004156",371990,2025-06-23 03:30:45,42.4765472412109,-8.90558338165283,"Female"
"9004156",371990,2025-06-23 03:36:53,42.4768218994141,-8.90582275390625,"Female"
"9004156",371990,2025-06-23 03:40:45,42.4768218994141,-8.90589237213135,"Female"
"9004156",371990,2025-06-23 03:45:47,42.4768753051758,-8.90585136413574,"Female"
"9004156",371990,2025-06-23 03:50:45,42.4768257141113,-8.90581512451172,"Female"
"9004156",371990,2025-06-23 03:55:40,42.4767532348633,-8.90578079223633,"Female"
"9004156",371990,2025-06-23 04:00:38,42.4765510559082,-8.9056453704834,"Female"
"9004156",371990,2025-06-23 04:05:41,42.4764251708984,-8.9056339263916,"Female"
"9004156",371990,2025-06-23 04:10:45,42.4766731262207,-8.90570545196533,"Female"
"9004156",371990,2025-06-23 04:15:50,42.4766426086426,-8.90578269958496,"Female"
"9004156",371990,2025-06-23 04:20:51,42.4766311645508,-8.90581035614014,"Female"
"9004156",371990,2025-06-23 04:25:50,42.4766159057617,-8.90575504302979,"Female"
"9004156",371990,2025-06-23 04:30:49,42.4766616821289,-8.90573501586914,"Female"
"9004156",371990,2025-06-23 04:35:49,42.4766426086426,-8.90574550628662,"Female"
"9004156",371990,2025-06-23 04:40:49,42.4765853881836,-8.90569496154785,"Female"
"9004156",371990,2025-06-23 04:45:49,42.4765968322754,-8.90574264526367,"Female"
"9004156",371990,2025-06-23 04:50:49,42.4766235351562,-8.90568161010742,"Female"
"9004156",371990,2025-06-23 04:55:49,42.476749420166,-8.90591049194336,"Female"
"9004156",371990,2025-06-23 05:00:49,42.4765396118164,-8.90544891357422,"Female"
"9004156",371990,2025-06-23 05:05:49,42.4767074584961,-8.90592956542969,"Female"
"9004156",371990,2025-06-23 05:10:45,42.4765701293945,-8.90564727783203,"Female"
"9004156",371990,2025-06-23 05:15:53,42.4767074584961,-8.90598583221436,"Female"
"9004156",371990,2025-06-23 05:21:06,42.4766006469727,-8.90571212768555,"Female"
"9004156",371990,2025-06-23 05:25:43,42.4765548706055,-8.90555191040039,"Female"
"9004156",371990,2025-06-23 05:31:05,42.4765853881836,-8.90562534332275,"Female"
"9004156",371990,2025-06-23 05:35:38,42.4766845703125,-8.90585422515869,"Female"
"9004156",371990,2025-06-23 05:40:48,42.4766273498535,-8.90565872192383,"Female"
"9004156",371990,2025-06-23 05:45:38,42.4767036437988,-8.90581798553467,"Female"
"9004156",371990,2025-06-23 05:50:48,42.4766311645508,-8.90561580657959,"Female"
"9004156",371990,2025-06-23 05:55:40,42.4766464233398,-8.9057731628418,"Female"
"9004156",371990,2025-06-23 06:00:41,42.4765968322754,-8.90568828582764,"Female"
"9004156",371990,2025-06-23 06:05:45,42.4765357971191,-8.90567493438721,"Female"
"9004156",371990,2025-06-23 06:10:39,42.4765090942383,-8.90565967559814,"Female"
"9004156",371990,2025-06-23 06:15:41,42.4766082763672,-8.90574169158936,"Female"
"9004156",371990,2025-06-23 06:20:48,42.4765129089355,-8.90569019317627,"Female"
"9004156",371990,2025-06-23 06:30:41,42.4767684936523,-8.90574932098389,"Female"
"9004156",371990,2025-06-23 06:35:44,42.476879119873,-8.90592861175537,"Female"
"9004156",371990,2025-06-23 06:45:44,42.4770660400391,-8.90594100952148,"Female"
"9004156",371990,2025-06-23 06:50:50,42.4771766662598,-8.90587615966797,"Female"
"9004156",371990,2025-06-23 07:01:05,42.4766616821289,-8.90567016601562,"Female"
"9004156",371990,2025-06-23 07:05:50,42.4765663146973,-8.90559196472168,"Female"
"9004156",371990,2025-06-23 07:15:42,42.4767074584961,-8.90570259094238,"Female"
"9004156",371990,2025-06-23 07:26:58,42.4764251708984,-8.90599060058594,"Female"
"9004156",371990,2025-06-23 07:36:15,42.4763412475586,-8.90593242645264,"Female"
"9004156",371990,2025-06-23 07:46:05,42.4766731262207,-8.90569019317627,"Female"
"9004156",371990,2025-06-23 07:55:48,42.4766006469727,-8.9056568145752,"Female"
"9004156",371990,2025-06-23 08:06:58,42.4765663146973,-8.9056568145752,"Female"
"9004156",371990,2025-06-23 08:15:49,42.4767303466797,-8.90577030181885,"Female"
"9004156",371990,2025-06-23 08:25:48,42.4753723144531,-8.90459537506104,"Female"
"9004156",371990,2025-06-23 08:35:51,42.4758911132812,-8.90511131286621,"Female"
"9004156",371990,2025-06-23 08:45:48,42.476146697998,-8.90533447265625,"Female"
"9004156",371990,2025-06-23 08:55:48,42.4763107299805,-8.90554141998291,"Female"
"9004156",371990,2025-06-23 09:05:41,42.4764823913574,-8.9051399230957,"Female"
"9004156",371990,2025-06-23 09:15:45,42.4762649536133,-8.90560817718506,"Female"
"9004156",371990,2025-06-23 09:25:42,42.4763984680176,-8.90545463562012,"Female"
"9004156",371990,2025-06-23 09:36:05,42.4765243530273,-8.90569114685059,"Female"
"9004156",371990,2025-06-23 09:46:14,42.4771385192871,-8.90558242797852,"Female"
"9004156",371990,2025-06-23 09:55:48,42.4770240783691,-8.90561008453369,"Female"
"9004156",371990,2025-06-23 10:05:43,42.4766998291016,-8.90567779541016,"Female"
"9004156",371990,2025-06-23 10:15:43,42.4767303466797,-8.90574836730957,"Female"
"9004156",371990,2025-06-23 10:25:41,42.4767723083496,-8.90580558776855,"Female"
"9004156",371990,2025-06-23 10:35:46,42.4767761230469,-8.90562534332275,"Female"
"9004156",371990,2025-06-23 10:45:51,42.4766502380371,-8.90566062927246,"Female"
"9004156",371990,2025-06-23 10:55:41,42.4769897460938,-8.90599632263184,"Female"
"9004156",371990,2025-06-23 11:05:55,42.4766654968262,-8.90565872192383,"Female"
"9004156",371990,2025-06-23 11:15:39,42.4769248962402,-8.90504741668701,"Female"
"9004156",371990,2025-06-23 11:25:39,42.4769172668457,-8.90498924255371,"Female"
"9004156",371990,2025-06-23 11:30:39,42.476936340332,-8.90499973297119,"Female"
"9004156",371990,2025-06-23 11:36:05,42.4769248962402,-8.90501499176025,"Female"
"9004156",371990,2025-06-23 11:40:36,42.4769515991211,-8.90508842468262,"Female"
"9004156",371990,2025-06-23 11:45:38,42.4769439697266,-8.90503883361816,"Female"
"9004156",371990,2025-06-23 11:50:38,42.476879119873,-8.90502643585205,"Female"
"9004156",371990,2025-06-23 11:55:38,42.4769592285156,-8.90503120422363,"Female"
"9004156",371990,2025-06-23 12:00:40,42.476879119873,-8.90499210357666,"Female"
"9004156",371990,2025-06-23 12:05:37,42.4768943786621,-8.90502166748047,"Female"
"9004156",371990,2025-06-23 12:10:37,42.4768753051758,-8.90498733520508,"Female"
"9004156",371990,2025-06-23 12:15:37,42.4769744873047,-8.90499401092529,"Female"
"9004156",371990,2025-06-23 12:20:37,42.4770660400391,-8.90490913391113,"Female"
"9004156",371990,2025-06-23 12:25:37,42.4769630432129,-8.90491580963135,"Female"
"9004156",371990,2025-06-23 12:30:39,42.4768562316895,-8.9049072265625,"Female"
"9004156",371990,2025-06-23 12:35:39,42.4769134521484,-8.90490818023682,"Female"
"9004156",371990,2025-06-23 12:40:39,42.4768714904785,-8.90493392944336,"Female"
"9004156",371990,2025-06-23 12:45:42,42.4769058227539,-8.90496444702148,"Female"
"9004156",371990,2025-06-23 12:50:51,42.4769477844238,-8.90495872497559,"Female"
"9004156",371990,2025-06-23 12:55:44,42.4769134521484,-8.90494251251221,"Female"
"9004156",371990,2025-06-23 13:00:36,42.4769172668457,-8.90491771697998,"Female"
"9004156",371990,2025-06-23 13:05:37,42.4768829345703,-8.90488243103027,"Female"
"9004156",371990,2025-06-23 13:10:36,42.4768943786621,-8.90481185913086,"Female"
"9004156",371990,2025-06-23 13:15:36,42.4769325256348,-8.90477085113525,"Female"
"9004156",371990,2025-06-23 13:20:37,42.4770088195801,-8.90481948852539,"Female"
"9004156",371990,2025-06-23 13:25:36,42.4768829345703,-8.9050874710083,"Female"
"9004156",371990,2025-06-23 13:30:36,42.4768218994141,-8.90494346618652,"Female"
"9004156",371990,2025-06-23 13:35:38,42.4766998291016,-8.90483665466309,"Female"
"9004156",371990,2025-06-23 13:40:38,42.4768218994141,-8.90495777130127,"Female"
"9004156",371990,2025-06-23 13:45:44,42.476806640625,-8.90494060516357,"Female"
"9004156",371990,2025-06-23 13:50:36,42.4767913818359,-8.90481948852539,"Female"
"9004156",371990,2025-06-23 13:55:37,42.476734161377,-8.90479469299316,"Female"
"9004156",371990,2025-06-23 14:00:37,42.4770774841309,-8.90529727935791,"Female"
"9004156",371990,2025-06-23 14:05:37,42.4770317077637,-8.90503692626953,"Female"
"9004156",371990,2025-06-23 14:10:39,42.4770393371582,-8.90519523620605,"Female"
"9004156",371990,2025-06-23 14:15:40,42.4769592285156,-8.90503120422363,"Female"
"9004156",371990,2025-06-23 14:20:38,42.4769020080566,-8.90492534637451,"Female"
"9004156",371990,2025-06-23 14:25:39,42.4769515991211,-8.90543842315674,"Female"
"9004156",371990,2025-06-23 14:30:44,42.4768524169922,-8.90588569641113,"Female"
"9004156",371990,2025-06-23 14:36:05,42.476863861084,-8.90511131286621,"Female"
"9004156",371990,2025-06-23 14:40:34,42.4768180847168,-8.90512943267822,"Female"
"9004156",371990,2025-06-23 14:45:34,42.4767875671387,-8.90499114990234,"Female"
"9004156",371990,2025-06-23 14:50:34,42.4767913818359,-8.90502262115479,"Female"
"9004156",371990,2025-06-23 14:55:36,42.4768180847168,-8.90505218505859,"Female"
"9004156",371990,2025-06-23 15:00:34,42.4767875671387,-8.90499877929688,"Female"
"9004156",371990,2025-06-23 15:05:36,42.4767990112305,-8.90493679046631,"Female"
"9004156",371990,2025-06-23 15:10:36,42.4768257141113,-8.90501594543457,"Female"
"9004156",371990,2025-06-23 15:15:37,42.4767990112305,-8.90503215789795,"Female"
"9004156",371990,2025-06-23 15:20:37,42.4768447875977,-8.90497398376465,"Female"
"9004156",371990,2025-06-23 15:25:37,42.4767913818359,-8.90499114990234,"Female"
"9004156",371990,2025-06-23 15:30:37,42.4768867492676,-8.90500450134277,"Female"
"9004156",371990,2025-06-23 15:35:36,42.4767837524414,-8.90494728088379,"Female"
"9004156",371990,2025-06-23 15:40:38,42.4767608642578,-8.90493774414062,"Female"
"9004156",371990,2025-06-23 15:45:39,42.4769248962402,-8.90497875213623,"Female"
"9004156",371990,2025-06-23 15:50:39,42.476879119873,-8.9049015045166,"Female"
"9004156",371990,2025-06-23 15:55:38,42.4768371582031,-8.90494823455811,"Female"
"9004156",371990,2025-06-23 16:00:44,42.4765434265137,-8.90468502044678,"Female"
"9004156",371990,2025-06-23 16:05:39,42.4766693115234,-8.90475940704346,"Female"
"9004156",371990,2025-06-23 16:10:38,42.4766883850098,-8.90476512908936,"Female"
"9004156",371990,2025-06-23 16:15:39,42.4765548706055,-8.90458106994629,"Female"
"9004156",371990,2025-06-23 16:20:40,42.4767074584961,-8.90476322174072,"Female"
"9004156",371990,2025-06-23 16:25:40,42.476749420166,-8.90480899810791,"Female"
"9004156",371990,2025-06-23 16:30:39,42.4767875671387,-8.90483093261719,"Female"
"9004156",371990,2025-06-23 16:35:39,42.4767837524414,-8.90486812591553,"Female"
"9004156",371990,2025-06-23 16:40:39,42.4767990112305,-8.90484237670898,"Female"
"9004156",371990,2025-06-23 16:45:44,42.4768295288086,-8.90494251251221,"Female"
"9004156",371990,2025-06-23 16:50:39,42.4767684936523,-8.90482044219971,"Female"
"9004156",371990,2025-06-23 16:55:41,42.4768600463867,-8.90494823455811,"Female"
"9004156",371990,2025-06-23 17:00:39,42.4767608642578,-8.90480899810791,"Female"
"9004156",371990,2025-06-23 17:05:39,42.4767227172852,-8.90476989746094,"Female"
"9004156",371990,2025-06-23 17:10:38,42.4768409729004,-8.90501880645752,"Female"
"9004156",371990,2025-06-23 17:15:38,42.4767913818359,-8.90481185913086,"Female"
"9004156",371990,2025-06-23 17:20:40,42.4767990112305,-8.90483570098877,"Female"
"9004156",371990,2025-06-23 17:25:48,42.4767265319824,-8.90475463867188,"Female"
"9004156",371990,2025-06-23 17:30:44,42.4769058227539,-8.90507793426514,"Female"
"9004156",371990,2025-06-23 17:35:40,42.4768104553223,-8.90490627288818,"Female"
"9004156",371990,2025-06-23 17:40:40,42.4769325256348,-8.90518474578857,"Female"
"9004156",371990,2025-06-23 17:46:06,42.4769058227539,-8.90505981445312,"Female"
"9004156",371990,2025-06-23 17:50:37,42.4769744873047,-8.90516185760498,"Female"
"9004156",371990,2025-06-23 17:55:47,42.476936340332,-8.90512084960938,"Female"
"9004156",371990,2025-06-23 18:00:38,42.4769706726074,-8.90513324737549,"Female"
"9004156",371990,2025-06-23 18:05:40,42.4770355224609,-8.90519332885742,"Female"
"9004156",371990,2025-06-23 18:10:44,42.4768943786621,-8.90508556365967,"Female"
"9004156",371990,2025-06-23 18:16:03,42.4769096374512,-8.90505123138428,"Female"
"9004156",371990,2025-06-23 18:20:33,42.4768943786621,-8.9051628112793,"Female"
"9004156",371990,2025-06-23 18:25:35,42.476936340332,-8.90516567230225,"Female"
"9004156",371990,2025-06-23 18:30:36,42.476936340332,-8.90514373779297,"Female"
"9004156",371990,2025-06-23 18:35:35,42.4768562316895,-8.90504264831543,"Female"
"9004156",371990,2025-06-23 18:40:35,42.4768829345703,-8.90507793426514,"Female"
"9004156",371990,2025-06-23 18:45:35,42.4768257141113,-8.90504932403564,"Female"
"9004156",371990,2025-06-23 18:50:37,42.4769515991211,-8.90507221221924,"Female"
"9004156",371990,2025-06-23 18:55:37,42.4769058227539,-8.90502548217773,"Female"
"9004156",371990,2025-06-23 19:00:37,42.4768562316895,-8.90503597259521,"Female"
"9004156",371990,2025-06-23 19:05:38,42.4769821166992,-8.90509414672852,"Female"
"9004156",371990,2025-06-23 19:10:38,42.4769477844238,-8.90509986877441,"Female"
"9004156",371990,2025-06-23 19:15:41,42.4770736694336,-8.90517234802246,"Female"
"9004156",371990,2025-06-23 19:20:46,42.476806640625,-8.90504741668701,"Female"
"9004156",371990,2025-06-23 19:26:05,42.4767189025879,-8.90504455566406,"Female"
"9004156",371990,2025-06-23 19:30:36,42.4768028259277,-8.90505790710449,"Female"
"9004156",371990,2025-06-23 19:35:36,42.4767951965332,-8.90506076812744,"Female"
"9004156",371990,2025-06-23 19:40:37,42.4768409729004,-8.90509700775146,"Female"
"9004156",371990,2025-06-23 19:45:38,42.4768600463867,-8.90514278411865,"Female"
"9004156",371990,2025-06-23 19:50:38,42.4768524169922,-8.90509605407715,"Female"
"9004156",371990,2025-06-23 19:55:42,42.476863861084,-8.90512275695801,"Female"
"9004156",371990,2025-06-23 20:00:38,42.4768257141113,-8.90516376495361,"Female"
"9004156",371990,2025-06-23 20:05:38,42.4768753051758,-8.9051570892334,"Female"
"9004156",371990,2025-06-23 20:10:38,42.4768257141113,-8.90513801574707,"Female"
"9004156",371990,2025-06-23 20:16:05,42.4768562316895,-8.90511512756348,"Female"
"9004156",371990,2025-06-23 20:20:33,42.4768028259277,-8.90501022338867,"Female"
"9004156",371990,2025-06-23 20:25:33,42.4767951965332,-8.90512943267822,"Female"
"9004156",371990,2025-06-23 20:30:33,42.4767951965332,-8.90505409240723,"Female"
"9004156",371990,2025-06-23 20:35:35,42.4768295288086,-8.90501976013184,"Female"
"9004156",371990,2025-06-23 20:40:33,42.4768524169922,-8.90508270263672,"Female"
"9004156",371990,2025-06-23 20:45:33,42.4768562316895,-8.90506553649902,"Female"
"9004156",371990,2025-06-23 20:50:35,42.4767799377441,-8.90498447418213,"Female"
"9004156",371990,2025-06-23 20:55:33,42.4768142700195,-8.90504550933838,"Female"
"9004156",371990,2025-06-23 21:00:33,42.4768333435059,-8.90501594543457,"Female"
"9004156",371990,2025-06-23 21:05:33,42.4768562316895,-8.90507411956787,"Female"
"9004156",371990,2025-06-23 21:10:33,42.4767990112305,-8.90508937835693,"Female"
"9004156",371990,2025-06-23 21:15:33,42.4768676757812,-8.90511417388916,"Female"
"9004156",371990,2025-06-23 21:20:35,42.4768371582031,-8.90505313873291,"Female"
"9004156",371990,2025-06-23 21:25:35,42.4769020080566,-8.90503120422363,"Female"
"9004156",371990,2025-06-23 21:30:39,42.476806640625,-8.9050407409668,"Female"
"9004156",371990,2025-06-23 21:35:35,42.4768028259277,-8.90499210357666,"Female"
"9004156",371990,2025-06-23 21:40:56,42.4768524169922,-8.90505695343018,"Female"
"9004156",371990,2025-06-23 21:45:37,42.4768943786621,-8.90503120422363,"Female"
"9004156",371990,2025-06-23 21:51:05,42.4768676757812,-8.90501689910889,"Female"
"9004156",371990,2025-06-23 21:55:35,42.4769058227539,-8.90499019622803,"Female"
"9004156",371990,2025-06-23 22:00:36,42.4768943786621,-8.90503311157227,"Female"
"9004156",371990,2025-06-23 22:05:36,42.4768486022949,-8.9049711227417,"Female"
"9004156",371990,2025-06-23 22:10:36,42.4768981933594,-8.90498828887939,"Female"
"9004156",371990,2025-06-23 22:15:35,42.476806640625,-8.90505123138428,"Female"
"9004156",371990,2025-06-23 22:20:37,42.4768486022949,-8.90489482879639,"Female"
"9004156",371990,2025-06-23 22:25:34,42.4768600463867,-8.90497875213623,"Female"
"9004156",371990,2025-06-23 22:30:36,42.4769172668457,-8.9049596786499,"Female"
"9004156",371990,2025-06-23 22:35:36,42.4769821166992,-8.9049654006958,"Female"
"9004156",371990,2025-06-23 22:40:36,42.4768295288086,-8.90501308441162,"Female"
"9004156",371990,2025-06-23 22:45:36,42.4768333435059,-8.90491676330566,"Female"
"9004156",371990,2025-06-23 22:50:35,42.4768333435059,-8.9051685333252,"Female"
"9004156",371990,2025-06-23 22:55:36,42.4769096374512,-8.9049596786499,"Female"
"9004156",371990,2025-06-23 23:00:36,42.4768676757812,-8.90493392944336,"Female"
"9004156",371990,2025-06-23 23:05:38,42.4768829345703,-8.90482234954834,"Female"
"9004156",371990,2025-06-23 23:10:36,42.4768905639648,-8.90491962432861,"Female"
"9004156",371990,2025-06-23 23:15:36,42.4769439697266,-8.9050760269165,"Female"
"9004156",371990,2025-06-23 23:20:36,42.4768524169922,-8.90485286712646,"Female"
"9004156",371990,2025-06-23 23:25:37,42.4768180847168,-8.90492820739746,"Female"
"9004156",371990,2025-06-23 23:30:34,42.4768676757812,-8.90475273132324,"Female"
"9004156",371990,2025-06-23 23:35:37,42.4767875671387,-8.9046688079834,"Female"
"9004156",371990,2025-06-23 23:40:39,42.4768218994141,-8.90477466583252,"Female"
"9004156",371990,2025-06-23 23:45:39,42.4769401550293,-8.9050874710083,"Female"
"9004156",371990,2025-06-23 23:50:39,42.4769630432129,-8.90507411956787,"Female"
"9004156",371990,2025-06-23 23:55:43,42.4769058227539,-8.90491485595703,"Female"
"9004156",371990,2025-06-24 00:00:39,42.4768905639648,-8.90500068664551,"Female"
"9004156",371990,2025-06-24 00:05:39,42.4769401550293,-8.90506553649902,"Female"
"9004156",371990,2025-06-24 00:10:39,42.4769172668457,-8.90506744384766,"Female"
"9004156",371990,2025-06-24 00:15:36,42.4768753051758,-8.90507221221924,"Female"
"9004156",371990,2025-06-24 00:20:36,42.476936340332,-8.90513610839844,"Female"
"9004156",371990,2025-06-24 00:25:39,42.4767456054688,-8.90511798858643,"Female"
"9004156",371990,2025-06-24 00:30:39,42.4767990112305,-8.90515327453613,"Female"
"9004156",371990,2025-06-24 00:35:39,42.4768409729004,-8.90520000457764,"Female"
"9004156",371990,2025-06-24 00:40:41,42.4768257141113,-8.90516662597656,"Female"
"9004156",371990,2025-06-24 00:45:42,42.4769668579102,-8.90513706207275,"Female"
"9004156",371990,2025-06-24 00:50:39,42.4769706726074,-8.90500736236572,"Female"
"9004156",371990,2025-06-24 00:55:38,42.4769821166992,-8.90503215789795,"Female"
"9004156",371990,2025-06-24 01:00:39,42.4767684936523,-8.90497970581055,"Female"
"9004156",371990,2025-06-24 01:05:39,42.4768600463867,-8.90506839752197,"Female"
"9004156",371990,2025-06-24 01:10:37,42.476806640625,-8.90503692626953,"Female"
"9004156",371990,2025-06-24 01:15:39,42.4768257141113,-8.905198097229,"Female"
"9004156",371990,2025-06-24 01:20:40,42.4767646789551,-8.90502834320068,"Female"
"9004156",371990,2025-06-24 01:25:41,42.476734161377,-8.90500736236572,"Female"
"9004156",371990,2025-06-24 01:31:05,42.4770355224609,-8.90502452850342,"Female"
"9004156",371990,2025-06-24 01:35:39,42.4771270751953,-8.90501308441162,"Female"
"9004156",371990,2025-06-24 01:40:38,42.4771919250488,-8.90507507324219,"Female"
"9004156",371990,2025-06-24 01:45:38,42.4769859313965,-8.90499019622803,"Female"
"9004156",371990,2025-06-24 01:50:39,42.4770202636719,-8.90499591827393,"Female"
"9004156",371990,2025-06-24 01:55:38,42.4772033691406,-8.90492630004883,"Female"
"9004156",371990,2025-06-24 02:01:05,42.4768371582031,-8.90502071380615,"Female"
"9004156",371990,2025-06-24 02:05:34,42.4768714904785,-8.90503978729248,"Female"
"9004156",371990,2025-06-24 02:10:33,42.4768829345703,-8.9050760269165,"Female"
"9004156",371990,2025-06-24 02:15:34,42.4769058227539,-8.90507698059082,"Female"
"9004156",371990,2025-06-24 02:20:34,42.4768486022949,-8.90509510040283,"Female"
"9004156",371990,2025-06-24 02:25:33,42.4768333435059,-8.90504264831543,"Female"
"9004156",371990,2025-06-24 02:30:33,42.4768142700195,-8.90496349334717,"Female"
"9004156",371990,2025-06-24 02:35:34,42.4767913818359,-8.90506744384766,"Female"
"9004156",371990,2025-06-24 02:40:34,42.4768524169922,-8.90507221221924,"Female"
"9004156",371990,2025-06-24 02:45:34,42.4767570495605,-8.905104637146,"Female"
"9004156",371990,2025-06-24 02:50:36,42.4768333435059,-8.90510368347168,"Female"
"9004156",371990,2025-06-24 02:55:37,42.4768104553223,-8.90511512756348,"Female"
"9004156",371990,2025-06-24 03:00:36,42.4768333435059,-8.90507125854492,"Female"
"9004156",371990,2025-06-24 03:05:43,42.476863861084,-8.90511131286621,"Female"
"9004156",371990,2025-06-24 03:10:36,42.4768943786621,-8.90515327453613,"Female"
"9004156",371990,2025-06-24 03:15:36,42.4768409729004,-8.90510940551758,"Female"
"9004156",371990,2025-06-24 03:20:34,42.4767913818359,-8.90512847900391,"Female"
"9004156",371990,2025-06-24 03:25:37,42.4768981933594,-8.90514945983887,"Female"
"9004156",371990,2025-06-24 03:30:34,42.4767913818359,-8.90503978729248,"Female"
"9004156",371990,2025-06-24 03:35:34,42.4768333435059,-8.90490627288818,"Female"
"9004156",371990,2025-06-24 03:40:34,42.4768180847168,-8.90503597259521,"Female"
"9004156",371990,2025-06-24 03:45:36,42.4768714904785,-8.90500736236572,"Female"
"9004156",371990,2025-06-24 03:51:14,42.4768600463867,-8.90506839752197,"Female"
"9004156",371990,2025-06-24 03:55:35,42.4768524169922,-8.90499496459961,"Female"
"9004156",371990,2025-06-24 04:00:35,42.4768981933594,-8.90505790710449,"Female"
"9004156",371990,2025-06-24 04:05:39,42.4768562316895,-8.90505027770996,"Female"
"9004156",371990,2025-06-24 04:10:36,42.4768218994141,-8.90503883361816,"Female"
"9004156",371990,2025-06-24 04:15:34,42.4768867492676,-8.90504741668701,"Female"
"9004156",371990,2025-06-24 04:20:33,42.4768562316895,-8.90511608123779,"Female"
"9004156",371990,2025-06-24 04:25:39,42.4768333435059,-8.90505218505859,"Female"
"9004156",371990,2025-06-24 04:30:34,42.4767646789551,-8.90495777130127,"Female"
"9004156",371990,2025-06-24 04:35:36,42.4768142700195,-8.90497016906738,"Female"
"9004156",371990,2025-06-24 04:40:34,42.4768447875977,-8.90500259399414,"Female"
"9004156",371990,2025-06-24 04:45:43,42.4767684936523,-8.90492534637451,"Female"
"9004156",371990,2025-06-24 04:50:37,42.4767990112305,-8.90493965148926,"Female"
"9004156",371990,2025-06-24 04:55:33,42.4768180847168,-8.90508460998535,"Female"
"9004156",371990,2025-06-24 05:00:33,42.4769248962402,-8.90520191192627,"Female"
"9004156",371990,2025-06-24 05:05:33,42.4768486022949,-8.90489101409912,"Female"
"9004156",371990,2025-06-24 05:10:39,42.4767684936523,-8.90488243103027,"Female"
"9004156",371990,2025-06-24 05:16:05,42.4768257141113,-8.90500259399414,"Female"
"9004156",371990,2025-06-24 05:20:36,42.4768981933594,-8.90501308441162,"Female"
"9004156",371990,2025-06-24 05:25:37,42.4770164489746,-8.90518665313721,"Female"
"9004156",371990,2025-06-24 05:30:37,42.4769058227539,-8.90513229370117,"Female"
"9004156",371990,2025-06-24 05:36:05,42.4768562316895,-8.90505790710449,"Female"
"9004156",371990,2025-06-24 05:40:33,42.4769439697266,-8.90506267547607,"Female"
"9004156",371990,2025-06-24 05:45:37,42.4767761230469,-8.90509033203125,"Female"
"9004156",371990,2025-06-24 05:50:34,42.4768447875977,-8.90508460998535,"Female"
"9004156",371990,2025-06-24 05:55:37,42.4767456054688,-8.90510654449463,"Female"
"9004156",371990,2025-06-24 06:00:36,42.4767761230469,-8.90511131286621,"Female"
"9004156",371990,2025-06-24 06:05:34,42.476734161377,-8.9050760269165,"Female"
"9004156",371990,2025-06-24 06:10:34,42.4767990112305,-8.90509510040283,"Female"
"9004156",371990,2025-06-24 06:15:36,42.4768524169922,-8.90510749816895,"Female"
"9004156",371990,2025-06-24 06:20:37,42.4768257141113,-8.90510845184326,"Female"
"9004156",371990,2025-06-24 06:25:36,42.4768714904785,-8.90510177612305,"Female"
"9004156",371990,2025-06-24 06:30:37,42.4768981933594,-8.90510749816895,"Female"
"9004156",371990,2025-06-24 06:35:44,42.476879119873,-8.90509700775146,"Female"
"9004156",371990,2025-06-24 06:40:34,42.476993560791,-8.90522766113281,"Female"
"9004156",371990,2025-06-24 06:45:36,42.4769744873047,-8.90513134002686,"Female"
"9004156",371990,2025-06-24 06:50:36,42.476978302002,-8.90524768829346,"Female"
"9004156",371990,2025-06-24 06:56:05,42.4769554138184,-8.90510559082031,"Female"
"9004156",371990,2025-06-24 07:00:33,42.4768829345703,-8.90506362915039,"Female"
"9004156",371990,2025-06-24 07:05:36,42.4769325256348,-8.90499782562256,"Female"
"9004156",371990,2025-06-24 07:10:34,42.4769439697266,-8.90498447418213,"Female"
"9004156",371990,2025-06-24 07:15:36,42.4768562316895,-8.90500354766846,"Female"
"9004156",371990,2025-06-24 07:20:44,42.4767456054688,-8.9050350189209,"Female"
"9004156",371990,2025-06-24 07:25:34,42.4768257141113,-8.90503787994385,"Female"
"9004156",371990,2025-06-24 07:30:34,42.476634979248,-8.90506649017334,"Female"
"9004156",371990,2025-06-24 07:35:33,42.4766120910645,-8.90507984161377,"Female"
"9004156",371990,2025-06-24 07:40:33,42.4767532348633,-8.90505313873291,"Female"
"9004156",371990,2025-06-24 07:45:37,42.4768753051758,-8.90487480163574,"Female"
"9004156",371990,2025-06-24 07:50:37,42.4768371582031,-8.90491008758545,"Female"
"9004156",371990,2025-06-24 07:55:38,42.476863861084,-8.90485191345215,"Female"
"9004156",371990,2025-06-24 08:00:37,42.4768142700195,-8.90482044219971,"Female"
"9004156",371990,2025-06-24 08:05:38,42.4768562316895,-8.90491962432861,"Female"
"9004156",371990,2025-06-24 08:10:44,42.476863861084,-8.90487766265869,"Female"
"9004156",371990,2025-06-24 08:15:33,42.4767570495605,-8.9048376083374,"Female"
"9004156",371990,2025-06-24 08:20:33,42.4768180847168,-8.90507221221924,"Female"
"9004156",371990,2025-06-24 08:25:33,42.4767875671387,-8.90512561798096,"Female"
"9004156",371990,2025-06-24 08:30:33,42.476749420166,-8.90494441986084,"Female"
"9004156",371990,2025-06-24 08:35:33,42.4768600463867,-8.90511322021484,"Female"
"9004156",371990,2025-06-24 08:40:34,42.4769592285156,-8.90518569946289,"Female"
"9004156",371990,2025-06-24 08:45:44,42.4768409729004,-8.90509986877441,"Female"
"9004156",371990,2025-06-24 08:50:34,42.476936340332,-8.90507316589355,"Female"
"9004156",371990,2025-06-24 08:55:38,42.4768409729004,-8.90503215789795,"Female"
"9004156",371990,2025-06-24 09:00:36,42.4768524169922,-8.90500831604004,"Female"
"9004156",371990,2025-06-24 09:05:34,42.4768600463867,-8.90524387359619,"Female"
"9004156",371990,2025-06-24 09:10:39,42.4767799377441,-8.90471076965332,"Female"
"9004156",371990,2025-06-24 09:15:34,42.4768829345703,-8.90509986877441,"Female"
"9004156",371990,2025-06-24 09:20:39,42.4768295288086,-8.90485954284668,"Female"
"9004156",371990,2025-06-24 09:25:36,42.4767646789551,-8.90474605560303,"Female"
"9004156",371990,2025-06-24 09:30:42,42.4767837524414,-8.90514087677002,"Female"
"9004156",371990,2025-06-24 09:35:43,42.4768371582031,-8.90512180328369,"Female"
"9004156",371990,2025-06-24 09:40:36,42.4768447875977,-8.90509033203125,"Female"
"9004156",371990,2025-06-24 09:45:34,42.4767837524414,-8.90535259246826,"Female"
"9004156",371990,2025-06-24 09:50:39,42.4768180847168,-8.90488910675049,"Female"
"9004156",371990,2025-06-24 09:55:39,42.4768295288086,-8.90511703491211,"Female"
"9004156",371990,2025-06-24 10:00:41,42.4768714904785,-8.90400981903076,"Female"
"9004156",371990,2025-06-24 10:06:05,42.4769058227539,-8.90512752532959,"Female"
"9004156",371990,2025-06-24 10:10:38,42.4768905639648,-8.90505218505859,"Female"
"9004156",371990,2025-06-24 10:15:39,42.476936340332,-8.90501403808594,"Female"
"9004156",371990,2025-06-24 10:20:39,42.4769134521484,-8.90503406524658,"Female"
"9004156",371990,2025-06-24 10:25:39,42.4769630432129,-8.9050121307373,"Female"
"9004156",371990,2025-06-24 10:30:38,42.4770126342773,-8.90500354766846,"Female"
"9004156",371990,2025-06-24 10:35:37,42.4769897460938,-8.9050817489624,"Female"
"9004156",371990,2025-06-24 10:40:37,42.4769096374512,-8.90505695343018,"Female"
"9004156",371990,2025-06-24 10:45:36,42.476936340332,-8.90502834320068,"Female"
"9004156",371990,2025-06-24 10:50:36,42.4769859313965,-8.90499114990234,"Female"
"9004156",371990,2025-06-24 10:55:34,42.4768867492676,-8.90506458282471,"Female"
"9004156",371990,2025-06-24 11:00:36,42.4769058227539,-8.90501117706299,"Female"
"9004156",371990,2025-06-24 11:05:34,42.4768753051758,-8.90502262115479,"Female"
"9004156",371990,2025-06-24 11:10:36,42.4768714904785,-8.90502262115479,"Female"
"9004156",371990,2025-06-24 11:15:34,42.476863861084,-8.90500545501709,"Female"
"9004156",371990,2025-06-24 11:20:36,42.4768829345703,-8.90506267547607,"Female"
"9004156",371990,2025-06-24 11:26:02,42.4768714904785,-8.90501594543457,"Female"
"9004156",371990,2025-06-24 11:30:37,42.4768714904785,-8.90496635437012,"Female"
"9004156",371990,2025-06-24 11:35:38,42.4768447875977,-8.9050121307373,"Female"
"9004156",371990,2025-06-24 11:40:39,42.4768524169922,-8.90498447418213,"Female"
"9004156",371990,2025-06-24 11:45:37,42.4768943786621,-8.90500068664551,"Female"
"9004156",371990,2025-06-24 11:51:14,42.4768753051758,-8.90499782562256,"Female"
"9004156",371990,2025-06-24 11:55:34,42.4768905639648,-8.90501403808594,"Female"
"9004156",371990,2025-06-24 12:00:33,42.4768524169922,-8.9048957824707,"Female"
"9004156",371990,2025-06-24 12:05:33,42.4767036437988,-8.90494632720947,"Female"
"9004156",371990,2025-06-24 12:10:33,42.4768753051758,-8.90495300292969,"Female"
"9004156",371990,2025-06-24 12:15:34,42.4768409729004,-8.9050407409668,"Female"
"9004156",371990,2025-06-24 12:20:34,42.4768981933594,-8.90504360198975,"Female"
"9004156",371990,2025-06-24 12:25:33,42.4768905639648,-8.90486145019531,"Female"
"9004156",371990,2025-06-24 12:30:33,42.4768943786621,-8.90492630004883,"Female"
"9004156",371990,2025-06-24 12:35:36,42.4769172668457,-8.90500164031982,"Female"
"9004156",371990,2025-06-24 12:40:36,42.476692199707,-8.90508079528809,"Female"
"9004156",371990,2025-06-24 12:45:44,42.4767532348633,-8.90506553649902,"Female"
"9004156",371990,2025-06-24 12:50:34,42.4765472412109,-8.90516090393066,"Female"
"9004156",371990,2025-06-24 12:55:37,42.4767761230469,-8.90506744384766,"Female"
"9004156",371990,2025-06-24 13:00:37,42.4766693115234,-8.90507793426514,"Female"
"9004156",371990,2025-06-24 13:05:36,42.4767150878906,-8.90507984161377,"Female"
"9004156",371990,2025-06-24 13:10:34,42.476863861084,-8.9050874710083,"Female"
"9004156",371990,2025-06-24 13:15:36,42.4768676757812,-8.90511417388916,"Female"
"9004156",371990,2025-06-24 13:20:36,42.4768524169922,-8.90507984161377,"Female"
"9004156",371990,2025-06-24 13:25:38,42.4768943786621,-8.90506458282471,"Female"
"9004156",371990,2025-06-24 13:30:44,42.4767875671387,-8.90505218505859,"Female"
"9004156",371990,2025-06-24 13:35:33,42.4768905639648,-8.90494441986084,"Female"
"9004156",371990,2025-06-24 13:40:33,42.4768142700195,-8.904953956604,"Female"
"9004156",371990,2025-06-24 13:45:33,42.4768562316895,-8.90499305725098,"Female"
"9004156",371990,2025-06-24 13:50:36,42.4768218994141,-8.90505504608154,"Female"
"9004156",371990,2025-06-24 13:55:34,42.4768333435059,-8.90504360198975,"Female"
"9004156",371990,2025-06-24 14:00:39,42.476734161377,-8.90494441986084,"Female"
"9004156",371990,2025-06-24 14:05:37,42.4768295288086,-8.90503597259521,"Female"
"9004156",371990,2025-06-24 14:10:37,42.4767913818359,-8.90496635437012,"Female"
"9004156",371990,2025-06-24 14:15:44,42.4767875671387,-8.90500545501709,"Female"
"9004156",371990,2025-06-24 14:20:33,42.476749420166,-8.90497016906738,"Female"
"9004156",371990,2025-06-24 14:25:36,42.4768371582031,-8.90495491027832,"Female"
"9004156",371990,2025-06-24 14:30:37,42.4767189025879,-8.90474033355713,"Female"
"9004156",371990,2025-06-24 14:35:38,42.4768257141113,-8.90484714508057,"Female"
"9004156",371990,2025-06-24 14:40:38,42.4764671325684,-8.90467166900635,"Female"
"9004156",371990,2025-06-24 14:45:44,42.4766998291016,-8.90480709075928,"Female"
"9004156",371990,2025-06-24 14:50:37,42.476692199707,-8.90482711791992,"Female"
"9004156",371990,2025-06-24 14:55:37,42.4767913818359,-8.90478801727295,"Female"
"9004156",371990,2025-06-24 15:00:39,42.4768486022949,-8.90482807159424,"Female"
"9004156",371990,2025-06-24 15:05:39,42.4768943786621,-8.9048023223877,"Female"
"9004156",371990,2025-06-24 15:10:48,42.4771308898926,-8.90500926971436,"Female"
"9004156",371990,2025-06-24 15:15:41,42.477409362793,-8.90526294708252,"Female"
"9004156",371990,2025-06-24 15:20:39,42.4776496887207,-8.9057445526123,"Female"
"9004156",371990,2025-06-24 15:25:37,42.477352142334,-8.90539836883545,"Female"
"9004156",371990,2025-06-24 15:30:39,42.4773826599121,-8.90546894073486,"Female"
"9004156",371990,2025-06-24 15:35:45,42.4770622253418,-8.90494537353516,"Female"
"9004156",371990,2025-06-24 15:40:40,42.4772644042969,-8.90553665161133,"Female"
"9004156",371990,2025-06-24 15:45:44,42.4770927429199,-8.90511035919189,"Female"
"9004156",371990,2025-06-24 15:50:39,42.4769973754883,-8.904860496521,"Female"
"9004156",371990,2025-06-24 15:55:46,42.4770126342773,-8.90490245819092,"Female"
"9004156",371990,2025-06-24 16:01:05,42.4770126342773,-8.90503406524658,"Female"
"9004156",371990,2025-06-24 16:05:34,42.4770126342773,-8.90503406524658,"Female"
"9004156",371990,2025-06-24 16:10:32,42.4770317077637,-8.90525054931641,"Female"
"9004156",371990,2025-06-24 16:15:37,42.4768486022949,-8.90504169464111,"Female"
"9004156",371990,2025-06-24 16:20:34,42.4769134521484,-8.90504360198975,"Female"
"9004156",371990,2025-06-24 16:25:34,42.4769172668457,-8.9050817489624,"Female"
"9004156",371990,2025-06-24 16:30:37,42.4768600463867,-8.90507888793945,"Female"
"9004156",371990,2025-06-24 16:35:35,42.4765090942383,-8.90426635742188,"Female"
"9004156",371990,2025-06-24 16:40:38,42.4769020080566,-8.90510940551758,"Female"
"9004156",371990,2025-06-24 16:45:44,42.476863861084,-8.90508651733398,"Female"
"9004156",371990,2025-06-24 16:50:35,42.4769020080566,-8.90506553649902,"Female"
"9004156",371990,2025-06-24 16:55:33,42.4768142700195,-8.90503692626953,"Female"
"9004156",371990,2025-06-24 17:00:33,42.4767913818359,-8.90503406524658,"Female"
"9004156",371990,2025-06-24 17:05:36,42.4768753051758,-8.90511608123779,"Female"
"9004156",371990,2025-06-24 17:10:32,42.476993560791,-8.90532493591309,"Female"
"9004156",371990,2025-06-24 17:15:33,42.4769630432129,-8.90535831451416,"Female"
"9004156",371990,2025-06-24 17:20:36,42.4769630432129,-8.90536022186279,"Female"
"9004156",371990,2025-06-24 17:25:37,42.4771156311035,-8.90577793121338,"Female"
"9004156",371990,2025-06-24 17:30:44,42.476879119873,-8.90510272979736,"Female"
"9004156",371990,2025-06-24 17:35:32,42.4768905639648,-8.90517139434814,"Female"
"9004156",371990,2025-06-24 17:40:36,42.4767951965332,-8.90503120422363,"Female"
"9004156",371990,2025-06-24 17:45:36,42.4769058227539,-8.90512943267822,"Female"
"9004156",371990,2025-06-24 17:50:38,42.4769401550293,-8.9051513671875,"Female"
"9004156",371990,2025-06-24 17:55:38,42.4770050048828,-8.90517139434814,"Female"
"9004156",371990,2025-06-24 18:00:43,42.4769287109375,-8.90512275695801,"Female"
"9004156",371990,2025-06-24 18:05:38,42.4769096374512,-8.90518760681152,"Female"
"9004156",371990,2025-06-24 18:10:44,42.4769515991211,-8.90520477294922,"Female"
"9004156",371990,2025-06-24 18:16:05,42.476879119873,-8.90504550933838,"Female"
"9004156",371990,2025-06-24 18:20:33,42.476879119873,-8.90503978729248,"Female"
"9004156",371990,2025-06-24 18:25:33,42.4768409729004,-8.90501880645752,"Female"
"9004156",371990,2025-06-24 18:30:35,42.4768981933594,-8.90503406524658,"Female"
"9004156",371990,2025-06-24 18:35:35,42.4769020080566,-8.90505218505859,"Female"
"9004156",371990,2025-06-24 18:40:35,42.4768714904785,-8.9050874710083,"Female"
"9004156",371990,2025-06-24 18:45:35,42.4768257141113,-8.90507698059082,"Female"
"9004156",371990,2025-06-24 18:50:33,42.4768867492676,-8.90506458282471,"Female"
"9004156",371990,2025-06-24 18:55:37,42.476879119873,-8.90506458282471,"Female"
"9004156",371990,2025-06-24 19:00:37,42.4768600463867,-8.90514755249023,"Female"
"9004156",371990,2025-06-24 19:05:39,42.4769859313965,-8.90510845184326,"Female"
"9004156",371990,2025-06-24 19:10:44,42.476936340332,-8.90514755249023,"Female"
"9004156",371990,2025-06-24 19:15:40,42.4769592285156,-8.90514183044434,"Female"
"9004156",371990,2025-06-24 19:21:05,42.4767837524414,-8.90506076812744,"Female"
"9004156",371990,2025-06-24 19:25:35,42.4768409729004,-8.90508556365967,"Female"
"9004156",371990,2025-06-24 19:30:35,42.4768447875977,-8.90508842468262,"Female"
"9004156",371990,2025-06-24 19:35:33,42.4768600463867,-8.90506076812744,"Female"
"9004156",371990,2025-06-24 19:40:33,42.4768028259277,-8.9050931930542,"Female"
"9004156",371990,2025-06-24 19:45:40,42.476863861084,-8.90513706207275,"Female"
"9004156",371990,2025-06-24 19:50:38,42.4768295288086,-8.90515804290771,"Female"
"9004156",371990,2025-06-24 19:55:38,42.4768676757812,-8.90519428253174,"Female"
"9004156",371990,2025-06-24 20:00:38,42.4768714904785,-8.90511798858643,"Female"
"9004156",371990,2025-06-24 20:05:38,42.4768600463867,-8.90515232086182,"Female"
"9004156",371990,2025-06-24 20:10:44,42.476863861084,-8.90517902374268,"Female"
"9004156",371990,2025-06-24 20:16:05,42.4768447875977,-8.90511131286621,"Female"
"9004156",371990,2025-06-24 20:20:32,42.4768028259277,-8.90501976013184,"Female"
"9004156",371990,2025-06-24 20:25:33,42.4767799377441,-8.90505790710449,"Female"
"9004156",371990,2025-06-24 20:30:32,42.4769096374512,-8.90507888793945,"Female"
"9004156",371990,2025-06-24 20:35:32,42.4768409729004,-8.9050760269165,"Female"
"9004156",371990,2025-06-24 20:40:33,42.4768333435059,-8.90509986877441,"Female"
"9004156",371990,2025-06-24 20:45:33,42.476921081543,-8.90515422821045,"Female"
"9004156",371990,2025-06-24 20:50:36,42.4768753051758,-8.90501594543457,"Female"
"9004156",371990,2025-06-24 20:55:33,42.4769821166992,-8.90514087677002,"Female"
"9004156",371990,2025-06-24 21:00:38,42.4768409729004,-8.90500736236572,"Female"
"9004156",371990,2025-06-24 21:05:38,42.4768104553223,-8.90499114990234,"Female"
"9004156",371990,2025-06-24 21:10:37,42.4767875671387,-8.90501022338867,"Female"
"9004156",371990,2025-06-24 21:15:34,42.476806640625,-8.90496826171875,"Female"
"9004156",371990,2025-06-24 21:20:36,42.4767990112305,-8.90498065948486,"Female"
"9004156",371990,2025-06-24 21:25:42,42.4769325256348,-8.90499687194824,"Female"
"9004156",371990,2025-06-24 21:30:36,42.476806640625,-8.90492916107178,"Female"
"9004156",371990,2025-06-24 21:35:50,42.4769515991211,-8.90502834320068,"Female"
"9004156",371990,2025-06-24 21:40:34,42.4768867492676,-8.90495109558105,"Female"
"9004156",371990,2025-06-24 21:45:45,42.4769325256348,-8.90493106842041,"Female"
"9004156",371990,2025-06-24 21:50:34,42.4767723083496,-8.90491199493408,"Female"
"9004156",371990,2025-06-24 21:55:38,42.4768829345703,-8.90491008758545,"Female"
"9004156",371990,2025-06-24 22:00:36,42.4769096374512,-8.90492916107178,"Female"
"9004156",371990,2025-06-24 22:05:37,42.4768180847168,-8.90493488311768,"Female"
"9004156",371990,2025-06-24 22:10:36,42.4768028259277,-8.90476989746094,"Female"
"9004156",371990,2025-06-24 22:15:37,42.476921081543,-8.90490818023682,"Female"
"9004156",371990,2025-06-24 22:20:39,42.4769020080566,-8.90517234802246,"Female"
"9004156",371990,2025-06-24 22:25:39,42.4768371582031,-8.90483951568604,"Female"
"9004156",371990,2025-06-24 22:30:44,42.4768981933594,-8.90506362915039,"Female"
"9004156",371990,2025-06-24 22:35:36,42.4769554138184,-8.90515232086182,"Female"
"9004156",371990,2025-06-24 22:40:39,42.476879119873,-8.9049129486084,"Female"
"9004156",371990,2025-06-24 22:45:38,42.4768943786621,-8.90501499176025,"Female"
"9004156",371990,2025-06-24 22:50:39,42.4769020080566,-8.90500068664551,"Female"
"9004156",371990,2025-06-24 22:55:37,42.4769859313965,-8.90515327453613,"Female"
"9004156",371990,2025-06-24 23:00:39,42.4770584106445,-8.90510940551758,"Female"
"9004156",371990,2025-06-24 23:06:05,42.4767951965332,-8.90490245819092,"Female"
"9004156",371990,2025-06-24 23:10:32,42.4767799377441,-8.90489959716797,"Female"
"9004156",371990,2025-06-24 23:15:33,42.4767990112305,-8.90491199493408,"Female"
"9004156",371990,2025-06-24 23:20:36,42.4767608642578,-8.90485000610352,"Female"
"9004156",371990,2025-06-24 23:25:33,42.4767417907715,-8.90482330322266,"Female"
"9004156",371990,2025-06-24 23:30:33,42.4767723083496,-8.90476417541504,"Female"
"9004156",371990,2025-06-24 23:35:34,42.476676940918,-8.90480327606201,"Female"
"9004156",371990,2025-06-24 23:40:37,42.4767875671387,-8.90501308441162,"Female"
"9004156",371990,2025-06-24 23:46:14,42.4768257141113,-8.90495204925537,"Female"
"9004156",371990,2025-06-24 23:50:34,42.4768714904785,-8.9049243927002,"Female"
"9004156",371990,2025-06-24 23:55:33,42.4768981933594,-8.90543174743652,"Female"
"9004156",371990,2025-06-25 00:00:39,42.4755935668945,-8.90454196929932,"Female"
"9004156",371990,2025-06-25 00:06:05,42.4766731262207,-8.90492153167725,"Female"
"9004156",371990,2025-06-25 00:10:34,42.4767303466797,-8.90494346618652,"Female"
"9004156",371990,2025-06-25 00:15:33,42.4768829345703,-8.90526580810547,"Female"
"9004156",371990,2025-06-25 00:20:36,42.4768600463867,-8.90494155883789,"Female"
"9004156",371990,2025-06-25 00:25:34,42.4769248962402,-8.90500545501709,"Female"
"9004156",371990,2025-06-25 00:30:34,42.4768409729004,-8.90496730804443,"Female"
"9004156",371990,2025-06-25 00:35:37,42.4769515991211,-8.9050121307373,"Female"
"9004156",371990,2025-06-25 00:40:34,42.4770355224609,-8.90495872497559,"Female"
"9004156",371990,2025-06-25 00:45:39,42.4769554138184,-8.90500354766846,"Female"
"9004156",371990,2025-06-25 00:50:39,42.4769287109375,-8.90499401092529,"Female"
"9004156",371990,2025-06-25 00:55:39,42.4768714904785,-8.90486526489258,"Female"
"9004156",371990,2025-06-25 01:00:39,42.476921081543,-8.90498828887939,"Female"
"9004156",371990,2025-06-25 01:05:39,42.4769096374512,-8.90492534637451,"Female"
"9004156",371990,2025-06-25 01:10:36,42.4769096374512,-8.90494728088379,"Female"
"9004156",371990,2025-06-25 01:15:39,42.4769401550293,-8.9049596786499,"Female"
"9004156",371990,2025-06-25 01:21:11,42.4769325256348,-8.90500068664551,"Female"
"9004156",371990,2025-06-25 01:25:36,42.4769058227539,-8.90498065948486,"Female"
"9004156",371990,2025-06-25 01:30:34,42.4768524169922,-8.90502166748047,"Female"
"9004156",371990,2025-06-25 01:35:36,42.4768562316895,-8.90497493743896,"Female"
"9004156",371990,2025-06-25 01:40:34,42.476676940918,-8.90487003326416,"Female"
"9004156",371990,2025-06-25 01:45:44,42.4765739440918,-8.90485572814941,"Female"
"9004156",371990,2025-06-25 01:50:47,42.4769248962402,-8.90500450134277,"Female"
"9004156",371990,2025-06-25 01:56:05,42.4768714904785,-8.90501403808594,"Female"
"9004156",371990,2025-06-25 02:00:32,42.4769287109375,-8.90500450134277,"Female"
"9004156",371990,2025-06-25 02:05:32,42.4768753051758,-8.90503406524658,"Female"
"9004156",371990,2025-06-25 02:10:33,42.476863861084,-8.90503025054932,"Female"
"9004156",371990,2025-06-25 02:15:32,42.4768829345703,-8.90505886077881,"Female"
"9004156",371990,2025-06-25 02:20:32,42.4769096374512,-8.90510845184326,"Female"
"9004156",371990,2025-06-25 02:25:33,42.4768486022949,-8.9050760269165,"Female"
"9004156",371990,2025-06-25 02:30:33,42.4768714904785,-8.90508937835693,"Female"
"9004156",371990,2025-06-25 02:35:32,42.4768676757812,-8.90501880645752,"Female"
"9004156",371990,2025-06-25 02:40:33,42.4768562316895,-8.90506935119629,"Female"
"9004156",371990,2025-06-25 02:45:34,42.4768371582031,-8.90509605407715,"Female"
"9004156",371990,2025-06-25 02:50:33,42.4769096374512,-8.9051513671875,"Female"
"9004156",371990,2025-06-25 02:55:33,42.4768676757812,-8.90507793426514,"Female"
"9004156",371990,2025-06-25 03:00:44,42.476863861084,-8.90508365631104,"Female"
"9004156",371990,2025-06-25 03:05:36,42.476863861084,-8.90506553649902,"Female"
"9004156",371990,2025-06-25 03:10:36,42.4768562316895,-8.90511703491211,"Female"
"9004156",371990,2025-06-25 03:15:33,42.4768600463867,-8.90520668029785,"Female"
"9004156",371990,2025-06-25 03:20:36,42.4768257141113,-8.90507793426514,"Female"
"9004156",371990,2025-06-25 03:25:37,42.4768600463867,-8.90509033203125,"Female"
"9004156",371990,2025-06-25 03:30:40,42.4767951965332,-8.90509796142578,"Female"
"9004156",371990,2025-06-25 03:35:39,42.4767646789551,-8.90505123138428,"Female"
"9004156",371990,2025-06-25 03:40:39,42.4768371582031,-8.90507411956787,"Female"
"9004156",371990,2025-06-25 03:46:05,42.4768981933594,-8.90507888793945,"Female"
"9004156",371990,2025-06-25 03:50:38,42.4768180847168,-8.90506744384766,"Female"
"9004156",371990,2025-06-25 03:55:42,42.4768753051758,-8.9050989151001,"Female"
"9004156",371990,2025-06-25 04:00:36,42.4767990112305,-8.90506267547607,"Female"
"9004156",371990,2025-06-25 04:05:44,42.4768905639648,-8.90504932403564,"Female"
"9004156",371990,2025-06-25 04:10:32,42.4768905639648,-8.90523433685303,"Female"
"9004156",371990,2025-06-25 04:15:33,42.4767799377441,-8.90492534637451,"Female"
"9004156",371990,2025-06-25 04:20:33,42.4767837524414,-8.90463733673096,"Female"
"9004156",371990,2025-06-25 04:25:34,42.4767608642578,-8.90498447418213,"Female"
"9004156",371990,2025-06-25 04:30:36,42.4768486022949,-8.90495491027832,"Female"
"9004156",371990,2025-06-25 04:35:34,42.4768371582031,-8.90497493743896,"Female"
"9004156",371990,2025-06-25 04:40:36,42.4768486022949,-8.90498447418213,"Female"
"9004156",371990,2025-06-25 04:45:44,42.4768714904785,-8.90499019622803,"Female"
"9004156",371990,2025-06-25 04:50:39,42.4768676757812,-8.90500450134277,"Female"
"9004156",371990,2025-06-25 04:55:38,42.4768676757812,-8.90490245819092,"Female"
"9004156",371990,2025-06-25 05:00:39,42.4768180847168,-8.90491771697998,"Female"
"9004156",371990,2025-06-25 05:05:34,42.4767875671387,-8.90471458435059,"Female"
"9004156",371990,2025-06-25 05:10:39,42.4768104553223,-8.90481853485107,"Female"
"9004156",371990,2025-06-25 05:15:39,42.4768447875977,-8.90473556518555,"Female"
"9004156",371990,2025-06-25 05:21:03,42.4768218994141,-8.90502452850342,"Female"
"9004156",371990,2025-06-25 05:25:32,42.4766960144043,-8.90507507324219,"Female"
"9004156",371990,2025-06-25 05:30:34,42.4768524169922,-8.90501689910889,"Female"
"9004156",371990,2025-06-25 05:35:33,42.4766273498535,-8.90495872497559,"Female"
"9004156",371990,2025-06-25 05:40:33,42.476806640625,-8.90502738952637,"Female"
"9004156",371990,2025-06-25 05:45:33,42.4768409729004,-8.9049711227417,"Female"
"9004156",371990,2025-06-25 05:50:36,42.4770164489746,-8.9049711227417,"Female"
"9004156",371990,2025-06-25 05:55:37,42.4768257141113,-8.90505504608154,"Female"
"9004156",371990,2025-06-25 06:00:34,42.4768905639648,-8.90502834320068,"Female"
"9004156",371990,2025-06-25 06:05:33,42.4770622253418,-8.90518283843994,"Female"
"9004156",371990,2025-06-25 06:10:39,42.4768867492676,-8.90505313873291,"Female"
"9004156",371990,2025-06-25 06:15:33,42.4768905639648,-8.90505313873291,"Female"
"9004156",371990,2025-06-25 06:20:44,42.4769096374512,-8.905104637146,"Female"
"9004156",371990,2025-06-25 06:25:33,42.4766807556152,-8.90463542938232,"Female"
"9004156",371990,2025-06-25 06:30:38,42.4769248962402,-8.90510559082031,"Female"
"9004156",371990,2025-06-25 06:35:33,42.4768180847168,-8.90481472015381,"Female"
"9004156",371990,2025-06-25 06:40:39,42.4769554138184,-8.90515995025635,"Female"
"9004156",371990,2025-06-25 06:45:44,42.476879119873,-8.90514945983887,"Female"
"9004156",371990,2025-06-25 06:50:32,42.4767532348633,-8.90495014190674,"Female"
"9004156",371990,2025-06-25 06:55:37,42.4768753051758,-8.90511417388916,"Female"
"9004156",371990,2025-06-25 07:00:33,42.4769477844238,-8.90524673461914,"Female"
"9004156",371990,2025-06-25 07:05:34,42.4768714904785,-8.9053430557251,"Female"
"9004156",371990,2025-06-25 07:10:34,42.4768943786621,-8.90515613555908,"Female"
"9004156",371990,2025-06-25 07:15:36,42.4769134521484,-8.90525245666504,"Female"
"9004156",371990,2025-06-25 07:20:36,42.4769554138184,-8.90527725219727,"Female"
"9004156",371990,2025-06-25 07:25:37,42.4768600463867,-8.9052038192749,"Female"
"9004156",371990,2025-06-25 07:30:44,42.4768943786621,-8.90516376495361,"Female"
"9004156",371990,2025-06-25 07:35:39,42.4769058227539,-8.90518951416016,"Female"
"9004156",371990,2025-06-25 07:40:39,42.4770050048828,-8.90548801422119,"Female"
"9004156",371990,2025-06-25 07:45:39,42.4768486022949,-8.90499019622803,"Female"
"9004156",371990,2025-06-25 07:50:44,42.4768295288086,-8.90509700775146,"Female"
"9004156",371990,2025-06-25 07:55:39,42.4767837524414,-8.90482902526855,"Female"
"9004156",371990,2025-06-25 08:00:39,42.4768753051758,-8.9050350189209,"Female"
"9004156",371990,2025-06-25 08:05:37,42.4768104553223,-8.90501403808594,"Female"
"9004156",371990,2025-06-25 08:10:38,42.4768524169922,-8.90501880645752,"Female"
"9004156",371990,2025-06-25 08:15:38,42.4768486022949,-8.90499019622803,"Female"
"9004156",371990,2025-06-25 08:20:33,42.476806640625,-8.90485286712646,"Female"
"9004156",371990,2025-06-25 08:25:37,42.4768371582031,-8.90495777130127,"Female"
"9004156",371990,2025-06-25 08:30:39,42.4768104553223,-8.90504741668701,"Female"
"9004156",371990,2025-06-25 08:35:39,42.4768142700195,-8.90510940551758,"Female"
"9004156",371990,2025-06-25 08:40:44,42.4771614074707,-8.90535640716553,"Female"
"9004156",371990,2025-06-25 08:45:44,42.4775009155273,-8.90537166595459,"Female"
"9004156",371990,2025-06-25 08:50:39,42.4776458740234,-8.90565586090088,"Female"
"9004156",371990,2025-06-25 08:55:39,42.4777565002441,-8.90567207336426,"Female"
"9004156",371990,2025-06-25 09:00:41,42.4775657653809,-8.9057149887085,"Female"
"9004156",371990,2025-06-25 09:05:40,42.4774017333984,-8.90549564361572,"Female"
"9004156",371990,2025-06-25 09:10:40,42.4775123596191,-8.90574073791504,"Female"
"9004156",371990,2025-06-25 09:15:45,42.4768676757812,-8.90529346466064,"Female"
"9004156",371990,2025-06-25 09:20:41,42.4773139953613,-8.90538024902344,"Female"
"9004156",371990,2025-06-25 09:25:45,42.4777450561523,-8.90584564208984,"Female"
"9004156",371990,2025-06-25 09:31:05,42.4768524169922,-8.90518856048584,"Female"
"9004156",371990,2025-06-25 09:35:33,42.4768714904785,-8.90520763397217,"Female"
"9004156",371990,2025-06-25 09:40:34,42.4766311645508,-8.90521717071533,"Female"
"9004156",371990,2025-06-25 09:45:39,42.4762840270996,-8.90538501739502,"Female"
"9004156",371990,2025-06-25 09:50:39,42.4754676818848,-8.90593910217285,"Female"
"9004156",371990,2025-06-25 09:56:03,42.4767189025879,-8.90524864196777,"Female"
"9004156",371990,2025-06-25 10:00:36,42.476863861084,-8.90510082244873,"Female"
"9004156",371990,2025-06-25 10:05:34,42.476879119873,-8.90509605407715,"Female"
"9004156",371990,2025-06-25 10:10:37,42.4768943786621,-8.90511035919189,"Female"
"9004156",371990,2025-06-25 10:15:38,42.4768867492676,-8.905104637146,"Female"
"9004156",371990,2025-06-25 10:20:39,42.4768905639648,-8.90506172180176,"Female"
"9004156",371990,2025-06-25 10:25:39,42.4768486022949,-8.9050817489624,"Female"
"9004156",371990,2025-06-25 10:30:44,42.4768905639648,-8.905104637146,"Female"
"9004156",371990,2025-06-25 10:35:32,42.4767723083496,-8.90524101257324,"Female"
"9004156",371990,2025-06-25 10:40:32,42.476863861084,-8.9051456451416,"Female"
"9004156",371990,2025-06-25 10:45:32,42.4768981933594,-8.9050235748291,"Female"
"9004156",371990,2025-06-25 10:50:32,42.4768562316895,-8.90515518188477,"Female"
"9004156",371990,2025-06-25 10:55:33,42.4768524169922,-8.90510177612305,"Female"
"9004156",371990,2025-06-25 11:00:33,42.4769325256348,-8.90498352050781,"Female"
"9004156",371990,2025-06-25 11:05:32,42.4768943786621,-8.90512466430664,"Female"
"9004156",371990,2025-06-25 11:10:33,42.4768867492676,-8.90496921539307,"Female"
"9004156",371990,2025-06-25 11:15:44,42.4768600463867,-8.90500926971436,"Female"
"9004156",371990,2025-06-25 11:20:34,42.4768867492676,-8.90501689910889,"Female"
"9004156",371990,2025-06-25 11:25:34,42.4767570495605,-8.90501976013184,"Female"
"9004156",371990,2025-06-25 11:30:34,42.4768829345703,-8.90500354766846,"Female"
"9004156",371990,2025-06-25 11:35:39,42.4766731262207,-8.90510845184326,"Female"
"9004156",371990,2025-06-25 11:40:37,42.4768333435059,-8.9049768447876,"Female"
"9004156",371990,2025-06-25 11:46:05,42.476879119873,-8.90497398376465,"Female"
"9004156",371990,2025-06-25 11:50:44,42.4769096374512,-8.9050178527832,"Female"
"9004156",371990,2025-06-25 11:55:33,42.4769287109375,-8.90488433837891,"Female"
"9004156",371990,2025-06-25 12:00:32,42.4769668579102,-8.90466403961182,"Female"
"9004156",371990,2025-06-25 12:05:36,42.4769287109375,-8.90499305725098,"Female"
"9004156",371990,2025-06-25 12:10:34,42.4769630432129,-8.90497493743896,"Female"
"9004156",371990,2025-06-25 12:15:34,42.4768295288086,-8.90499114990234,"Female"
"9004156",371990,2025-06-25 12:20:34,42.4769134521484,-8.90500354766846,"Female"
"9004156",371990,2025-06-25 12:25:37,42.4768218994141,-8.90505313873291,"Female"
"9004156",371990,2025-06-25 12:30:37,42.4769554138184,-8.90502166748047,"Female"
"9004156",371990,2025-06-25 12:35:38,42.476921081543,-8.90504837036133,"Female"
"9004156",371990,2025-06-25 12:40:43,42.4768028259277,-8.90503597259521,"Female"
"9004156",371990,2025-06-25 12:45:32,42.4764289855957,-8.90534591674805,"Female"
"9004156",371990,2025-06-25 12:50:33,42.4764556884766,-8.90541744232178,"Female"
"9004156",371990,2025-06-25 12:55:32,42.4763984680176,-8.90540313720703,"Female"
"9004156",371990,2025-06-25 13:00:36,42.4772033691406,-8.9050931930542,"Female"
"9004156",371990,2025-06-25 13:05:36,42.4770736694336,-8.90513229370117,"Female"
"9004156",371990,2025-06-25 13:10:34,42.4770965576172,-8.90510559082031,"Female"
"9004156",371990,2025-06-25 13:15:34,42.4770202636719,-8.90515804290771,"Female"
"9004156",371990,2025-06-25 13:20:36,42.4768943786621,-8.9051628112793,"Female"
"9004156",371990,2025-06-25 13:25:33,42.4770011901855,-8.90516662597656,"Female"
"9004156",371990,2025-06-25 13:30:44,42.4767837524414,-8.90506744384766,"Female"
"9004156",371990,2025-06-25 13:35:33,42.4769020080566,-8.90503120422363,"Female"
"9004156",371990,2025-06-25 13:40:33,42.4767951965332,-8.90508079528809,"Female"
"9004156",371990,2025-06-25 13:45:33,42.4770050048828,-8.90518474578857,"Female"
"9004156",371990,2025-06-25 13:50:34,42.4768371582031,-8.90512466430664,"Female"
"9004156",371990,2025-06-25 13:55:36,42.4768295288086,-8.90509605407715,"Female"
"9004156",371990,2025-06-25 14:01:05,42.4768447875977,-8.90506839752197,"Female"
"9004156",371990,2025-06-25 14:05:32,42.4768257141113,-8.90499782562256,"Female"
"9004156",371990,2025-06-25 14:10:32,42.4768257141113,-8.90509033203125,"Female"
"9004156",371990,2025-06-25 14:15:32,42.4768371582031,-8.90513896942139,"Female"
"9004156",371990,2025-06-25 14:20:32,42.4767990112305,-8.9049711227417,"Female"
"9004156",371990,2025-06-25 14:25:32,42.4768295288086,-8.90511131286621,"Female"
"9004156",371990,2025-06-25 14:30:32,42.4768295288086,-8.9049768447876,"Female"
"9004156",371990,2025-06-25 14:35:32,42.4767761230469,-8.90506935119629,"Female"
"9004156",371990,2025-06-25 14:40:32,42.4767951965332,-8.90500545501709,"Female"
"9004156",371990,2025-06-25 14:45:32,42.4767837524414,-8.90504169464111,"Female"
"9004156",371990,2025-06-25 14:50:32,42.4767837524414,-8.9049825668335,"Female"
"9004156",371990,2025-06-25 14:55:32,42.4767646789551,-8.90494728088379,"Female"
"9004156",371990,2025-06-25 15:00:32,42.4767837524414,-8.90500640869141,"Female"
"9004156",371990,2025-06-25 15:05:32,42.4767608642578,-8.90499114990234,"Female"
"9004156",371990,2025-06-25 15:10:41,42.4767837524414,-8.90500736236572,"Female"
"9004156",371990,2025-06-25 15:15:32,42.4769439697266,-8.90505886077881,"Female"
"9004156",371990,2025-06-25 15:20:32,42.4768295288086,-8.90498733520508,"Female"
"9004156",371990,2025-06-25 15:25:32,42.4768676757812,-8.90499114990234,"Female"
"9004156",371990,2025-06-25 15:30:32,42.4768600463867,-8.90500164031982,"Female"
"9004156",371990,2025-06-25 15:35:32,42.4769973754883,-8.90510559082031,"Female"
"9004156",371990,2025-06-25 15:40:32,42.4768753051758,-8.90502071380615,"Female"
"9004156",371990,2025-06-25 15:45:44,42.4767684936523,-8.90492820739746,"Female"
"9004156",371990,2025-06-25 15:50:32,42.4768409729004,-8.90500164031982,"Female"
"9004156",371990,2025-06-25 15:55:32,42.4765815734863,-8.90468692779541,"Female"
"9004156",371990,2025-06-25 16:00:32,42.4766540527344,-8.90477085113525,"Female"
"9004156",371990,2025-06-25 16:05:32,42.476432800293,-8.90445804595947,"Female"
"9004156",371990,2025-06-25 16:10:33,42.4765625,-8.90458965301514,"Female"
"9004156",371990,2025-06-25 16:15:32,42.4765319824219,-8.90451622009277,"Female"
"9004156",371990,2025-06-25 16:20:34,42.4766120910645,-8.90470027923584,"Female"
"9004156",371990,2025-06-25 16:25:32,42.4766159057617,-8.90479850769043,"Female"
"9004156",371990,2025-06-25 16:30:44,42.4767074584961,-8.90484428405762,"Female"
"9004156",371990,2025-06-25 16:35:36,42.476692199707,-8.90482807159424,"Female"
"9004156",371990,2025-06-25 16:40:35,42.4767112731934,-8.90487670898438,"Female"
"9004156",371990,2025-06-25 16:45:33,42.4766883850098,-8.90487194061279,"Female"
"9004156",371990,2025-06-25 16:50:32,42.4768257141113,-8.9050931930542,"Female"
"9004156",371990,2025-06-25 16:55:38,42.4767799377441,-8.9050235748291,"Female"
"9004156",371990,2025-06-25 17:00:32,42.476936340332,-8.90532302856445,"Female"
"9004156",371990,2025-06-25 17:05:36,42.4767532348633,-8.90500640869141,"Female"
"9004156",371990,2025-06-25 17:10:33,42.4767379760742,-8.90502643585205,"Female"
"9004156",371990,2025-06-25 17:15:44,42.4767684936523,-8.90495491027832,"Female"
"9004156",371990,2025-06-25 17:20:38,42.476749420166,-8.90487575531006,"Female"
"9004156",371990,2025-06-25 17:25:38,42.4767990112305,-8.90497303009033,"Female"
"9004156",371990,2025-06-25 17:30:38,42.4767837524414,-8.9048957824707,"Female"
"9004156",371990,2025-06-25 17:35:38,42.4767608642578,-8.90493679046631,"Female"
"9004156",371990,2025-06-25 17:40:38,42.476806640625,-8.90499687194824,"Female"
"9004156",371990,2025-06-25 17:46:05,42.4768142700195,-8.90505695343018,"Female"
"9004156",371990,2025-06-25 17:50:31,42.4768218994141,-8.90507221221924,"Female"
"9004156",371990,2025-06-25 17:55:31,42.4768142700195,-8.9050464630127,"Female"
"9004156",371990,2025-06-25 18:00:31,42.4768257141113,-8.90505313873291,"Female"
"9004156",371990,2025-06-25 18:05:31,42.4768104553223,-8.90502071380615,"Female"
"9004156",371990,2025-06-25 18:10:31,42.4768447875977,-8.90503311157227,"Female"
"9004156",371990,2025-06-25 18:15:31,42.4768753051758,-8.90506172180176,"Female"
"9004156",371990,2025-06-25 18:20:31,42.4768333435059,-8.90507411956787,"Female"
"9004156",371990,2025-06-25 18:25:31,42.476863861084,-8.90497303009033,"Female"
"9004156",371990,2025-06-25 18:30:31,42.4768180847168,-8.90488815307617,"Female"
"9004156",371990,2025-06-25 18:35:32,42.4767837524414,-8.90494251251221,"Female"
"9004156",371990,2025-06-25 18:40:32,42.4767036437988,-8.9048318862915,"Female"
"9004156",371990,2025-06-25 18:45:32,42.4767150878906,-8.90487957000732,"Female"
"9004156",371990,2025-06-25 18:50:33,42.4768218994141,-8.90502452850342,"Female"
"9004156",371990,2025-06-25 18:55:31,42.4768981933594,-8.90516185760498,"Female"
"9004156",371990,2025-06-25 19:00:36,42.4768218994141,-8.90505886077881,"Female"
"9004156",371990,2025-06-25 19:05:31,42.4768371582031,-8.90504741668701,"Female"
"9004156",371990,2025-06-25 19:10:38,42.4768409729004,-8.90503883361816,"Female"
"9004156",371990,2025-06-25 19:15:31,42.4768600463867,-8.90507221221924,"Female"
"9004156",371990,2025-06-25 19:20:37,42.4768295288086,-8.90504837036133,"Female"
"9004156",371990,2025-06-25 19:25:32,42.4768524169922,-8.9051342010498,"Female"
"9004156",371990,2025-06-25 19:30:38,42.4768257141113,-8.90513515472412,"Female"
"9004156",371990,2025-06-25 19:35:35,42.4767875671387,-8.90505218505859,"Female"
"9004156",371990,2025-06-25 19:40:37,42.4768028259277,-8.90506172180176,"Female"
"9004156",371990,2025-06-25 19:45:44,42.4767570495605,-8.90509796142578,"Female"
"9004156",371990,2025-06-25 19:50:31,42.4766998291016,-8.90505981445312,"Female"
"9004156",371990,2025-06-25 19:55:31,42.476734161377,-8.90482616424561,"Female"
"9004156",371990,2025-06-25 20:00:31,42.4767646789551,-8.90499782562256,"Female"
"9004156",371990,2025-06-25 20:05:31,42.4767723083496,-8.90507888793945,"Female"
"9004156",371990,2025-06-25 20:10:36,42.4767951965332,-8.90503120422363,"Female"
"9004156",371990,2025-06-25 20:15:38,42.4767837524414,-8.90506458282471,"Female"
"9004156",371990,2025-06-25 20:20:39,42.4767646789551,-8.90501403808594,"Female"
"9004156",371990,2025-06-25 20:25:36,42.4767990112305,-8.90515232086182,"Female"
"9004156",371990,2025-06-25 20:30:44,42.4767646789551,-8.90495681762695,"Female"
"9004156",371990,2025-06-25 20:35:32,42.4768409729004,-8.90507221221924,"Female"
"9004156",371990,2025-06-25 20:40:33,42.4767684936523,-8.90493488311768,"Female"
"9004156",371990,2025-06-25 20:46:05,42.4767799377441,-8.90501308441162,"Female"
"9004156",371990,2025-06-25 20:50:31,42.4767875671387,-8.90500640869141,"Female"
"9004156",371990,2025-06-25 20:55:31,42.4768028259277,-8.90510082244873,"Female"
"9004156",371990,2025-06-25 21:00:31,42.4768028259277,-8.90501976013184,"Female"
"9004156",371990,2025-06-25 21:05:31,42.476806640625,-8.9050407409668,"Female"
"9004156",371990,2025-06-25 21:10:31,42.4768409729004,-8.9050121307373,"Female"
"9004156",371990,2025-06-25 21:15:31,42.4767799377441,-8.90500926971436,"Female"
"9004156",371990,2025-06-25 21:20:31,42.4768218994141,-8.90499782562256,"Female"
"9004156",371990,2025-06-25 21:25:31,42.4768295288086,-8.90502643585205,"Female"
"9004156",371990,2025-06-25 21:30:31,42.4767913818359,-8.9049825668335,"Female"
"9004156",371990,2025-06-25 21:35:32,42.476863861084,-8.90504550933838,"Female"
"9004156",371990,2025-06-25 21:40:32,42.4767799377441,-8.90500831604004,"Female"
"9004156",371990,2025-06-25 21:45:32,42.4767875671387,-8.9050760269165,"Female"
"9004156",371990,2025-06-25 21:50:32,42.4769477844238,-8.90513610839844,"Female"
"9004156",371990,2025-06-25 21:55:32,42.4770088195801,-8.90525722503662,"Female"
"9004156",371990,2025-06-25 22:00:44,42.476692199707,-8.90499305725098,"Female"
"9004156",371990,2025-06-25 22:05:31,42.4765815734863,-8.90509605407715,"Female"
"9004156",371990,2025-06-25 22:10:31,42.4767150878906,-8.9050350189209,"Female"
"9004156",371990,2025-06-25 22:15:31,42.4766502380371,-8.90519714355469,"Female"
"9004156",371990,2025-06-25 22:20:32,42.4765281677246,-8.90487384796143,"Female"
"9004156",371990,2025-06-25 22:25:32,42.476734161377,-8.90506839752197,"Female"
"9004156",371990,2025-06-25 22:30:33,42.4768142700195,-8.90516757965088,"Female"
"9004156",371990,2025-06-25 22:35:31,42.4767837524414,-8.90506362915039,"Female"
"9004156",371990,2025-06-25 22:40:33,42.4767990112305,-8.90506076812744,"Female"
"9004156",371990,2025-06-25 22:45:33,42.4767074584961,-8.90495777130127,"Female"
"9004156",371990,2025-06-25 22:50:34,42.4767646789551,-8.90501022338867,"Female"
"9004156",371990,2025-06-25 22:55:31,42.4767608642578,-8.90501308441162,"Female"
"9004156",371990,2025-06-25 23:00:38,42.4767684936523,-8.90500354766846,"Female"
"9004156",371990,2025-06-25 23:05:32,42.4767761230469,-8.9049768447876,"Female"
"9004156",371990,2025-06-25 23:10:33,42.4767570495605,-8.90500164031982,"Female"
"9004156",371990,2025-06-25 23:15:32,42.4767532348633,-8.90497303009033,"Female"
"9004156",371990,2025-06-25 23:20:33,42.4767646789551,-8.90498161315918,"Female"
"9004156",371990,2025-06-25 23:25:36,42.4767761230469,-8.90501594543457,"Female"
"9004156",371990,2025-06-25 23:30:36,42.4767570495605,-8.90502262115479,"Female"
"9004156",371990,2025-06-25 23:35:38,42.4767570495605,-8.90500450134277,"Female"
"9004156",371990,2025-06-25 23:40:41,42.4767570495605,-8.90503692626953,"Female"
"9004156",371990,2025-06-25 23:45:31,42.4766044616699,-8.90495872497559,"Female"
"9004156",371990,2025-06-25 23:50:31,42.4766426086426,-8.90498638153076,"Female"
"9004156",371990,2025-06-25 23:55:31,42.4766464233398,-8.90500354766846,"Female"
"9004156",371990,2025-06-26 00:00:31,42.476490020752,-8.90508270263672,"Female"
"9004156",371990,2025-06-26 00:05:32,42.4763870239258,-8.90511894226074,"Female"
"9004156",371990,2025-06-26 00:10:31,42.4760475158691,-8.90527534484863,"Female"
"9004156",371990,2025-06-26 00:15:31,42.4764633178711,-8.90504455566406,"Female"
"9004156",371990,2025-06-26 00:20:32,42.4762840270996,-8.90521240234375,"Female"
"9004156",371990,2025-06-26 00:25:32,42.4762573242188,-8.90512084960938,"Female"
"9004156",371990,2025-06-26 00:30:45,42.4768104553223,-8.90504550933838,"Female"
"9004156",371990,2025-06-26 00:35:31,42.4766502380371,-8.90478992462158,"Female"
"9004156",371990,2025-06-26 00:40:33,42.476146697998,-8.90384864807129,"Female"
"9004156",371990,2025-06-26 00:45:36,42.4767951965332,-8.90489196777344,"Female"
"9004156",371990,2025-06-26 00:50:31,42.47705078125,-8.90553760528564,"Female"
"9004156",371990,2025-06-26 00:55:32,42.4760398864746,-8.90398979187012,"Female"
"9004156",371990,2025-06-26 01:00:34,42.4768295288086,-8.90495491027832,"Female"
"9004156",371990,2025-06-26 01:05:31,42.4766654968262,-8.90471267700195,"Female"
"9004156",371990,2025-06-26 01:10:32,42.4763832092285,-8.90433979034424,"Female"
"9004156",371990,2025-06-26 01:15:45,42.4769706726074,-8.90477752685547,"Female"
"9004156",371990,2025-06-26 01:20:32,42.4771537780762,-8.90495014190674,"Female"
"9004156",371990,2025-06-26 01:25:39,42.4769134521484,-8.90489101409912,"Female"
"9004156",371990,2025-06-26 01:30:32,42.476879119873,-8.90476989746094,"Female"
"9004156",371990,2025-06-26 01:35:39,42.4769096374512,-8.90484237670898,"Female"
"9004156",371990,2025-06-26 01:40:34,42.4768676757812,-8.90480804443359,"Female"
"9004156",371990,2025-06-26 01:45:45,42.4768333435059,-8.90480709075928,"Female"
"9004156",371990,2025-06-26 01:50:31,42.4768142700195,-8.90482234954834,"Female"
"9004156",371990,2025-06-26 01:55:31,42.4768295288086,-8.90494632720947,"Female"
"9004156",371990,2025-06-26 02:00:31,42.4769554138184,-8.90501022338867,"Female"
"9004156",371990,2025-06-26 02:05:36,42.4768905639648,-8.90456104278564,"Female"
"9004156",371990,2025-06-26 02:10:39,42.4768753051758,-8.90484809875488,"Female"
"9004156",371990,2025-06-26 02:15:39,42.4768104553223,-8.90480613708496,"Female"
"9004156",371990,2025-06-26 02:20:39,42.476676940918,-8.90499019622803,"Female"
"9004156",371990,2025-06-26 02:25:39,42.4765625,-8.90502071380615,"Female"
"9004156",371990,2025-06-26 02:30:45,42.4770660400391,-8.90485668182373,"Female"
"9004156",371990,2025-06-26 02:35:33,42.4769477844238,-8.90478706359863,"Female"
"9004156",371990,2025-06-26 02:40:37,42.476993560791,-8.90487861633301,"Female"
"9004156",371990,2025-06-26 02:45:34,42.4770011901855,-8.90496730804443,"Female"
"9004156",371990,2025-06-26 02:50:32,42.4769172668457,-8.9048318862915,"Female"
"9004156",371990,2025-06-26 02:55:34,42.4769592285156,-8.90492153167725,"Female"
"9004156",371990,2025-06-26 03:00:32,42.4770469665527,-8.90500640869141,"Female"
"9004156",371990,2025-06-26 03:05:36,42.476993560791,-8.90493297576904,"Female"
"9004156",371990,2025-06-26 03:10:37,42.4769592285156,-8.90486717224121,"Female"
"9004156",371990,2025-06-26 03:15:47,42.4769439697266,-8.90482521057129,"Female"
"9004156",371990,2025-06-26 03:20:41,42.4768829345703,-8.9049243927002,"Female"
"9004156",371990,2025-06-26 03:25:32,42.4769401550293,-8.9048490524292,"Female"
"9004156",371990,2025-06-26 03:30:33,42.4768486022949,-8.90491390228271,"Female"
"9004156",371990,2025-06-26 03:35:32,42.4769821166992,-8.90487098693848,"Female"
"9004156",371990,2025-06-26 03:40:31,42.4770202636719,-8.9049072265625,"Female"
"9004156",371990,2025-06-26 03:45:45,42.4767646789551,-8.90492916107178,"Female"
"9004156",371990,2025-06-26 03:50:34,42.4767417907715,-8.90505599975586,"Female"
"9004156",371990,2025-06-26 03:55:39,42.4767112731934,-8.90507125854492,"Female"
"9004156",371990,2025-06-26 04:00:39,42.4767379760742,-8.90503787994385,"Female"
"9004156",371990,2025-06-26 04:05:36,42.4767189025879,-8.90498638153076,"Female"
"9004156",371990,2025-06-26 04:10:33,42.4770011901855,-8.90444755554199,"Female"
"9004156",371990,2025-06-26 04:15:39,42.4767570495605,-8.90520191192627,"Female"
"9004156",371990,2025-06-26 04:20:34,42.4768218994141,-8.90482997894287,"Female"
"9004156",371990,2025-06-26 04:25:37,42.4767799377441,-8.90511989593506,"Female"
"9004156",371990,2025-06-26 04:31:05,42.4767570495605,-8.90502452850342,"Female"
"9004156",371990,2025-06-26 04:35:31,42.4767684936523,-8.90503597259521,"Female"
"9004156",371990,2025-06-26 04:40:31,42.4767761230469,-8.90498733520508,"Female"
"9004156",371990,2025-06-26 04:45:31,42.4767646789551,-8.90503787994385,"Female"
"9004156",371990,2025-06-26 04:50:31,42.4767837524414,-8.9049711227417,"Female"
"9004156",371990,2025-06-26 04:55:31,42.4767570495605,-8.90498542785645,"Female"
"9004156",371990,2025-06-26 05:00:31,42.4767456054688,-8.90503406524658,"Female"
"9004156",371990,2025-06-26 05:05:31,42.4767608642578,-8.90499687194824,"Female"
"9004156",371990,2025-06-26 05:10:31,42.4767723083496,-8.90503120422363,"Female"
"9004156",371990,2025-06-26 05:15:31,42.4767799377441,-8.90503025054932,"Female"
"9004156",371990,2025-06-26 05:20:31,42.4767646789551,-8.90498352050781,"Female"
"9004156",371990,2025-06-26 05:25:31,42.4767951965332,-8.90502452850342,"Female"
"9004156",371990,2025-06-26 05:30:32,42.4767379760742,-8.90497493743896,"Female"
"9004156",371990,2025-06-26 05:35:33,42.4767875671387,-8.90500259399414,"Female"
"9004156",371990,2025-06-26 05:40:33,42.4765930175781,-8.90493774414062,"Female"
"9004156",371990,2025-06-26 05:45:36,42.4767723083496,-8.90502738952637,"Female"
"9004156",371990,2025-06-26 05:50:33,42.4769859313965,-8.90511226654053,"Female"
"9004156",371990,2025-06-26 05:55:32,42.4770011901855,-8.90517425537109,"Female"
"9004156",371990,2025-06-26 06:00:32,42.4769401550293,-8.90514659881592,"Female"
"9004156",371990,2025-06-26 06:05:37,42.4768180847168,-8.90503215789795,"Female"
"9004156",371990,2025-06-26 06:10:32,42.4769859313965,-8.90515518188477,"Female"
"9004156",371990,2025-06-26 06:15:37,42.4768409729004,-8.905029296875,"Female"
"9004156",371990,2025-06-26 06:20:44,42.4768371582031,-8.90498065948486,"Female"
"9004156",371990,2025-06-26 06:25:31,42.4768562316895,-8.90492153167725,"Female"
"9004156",371990,2025-06-26 06:30:32,42.477123260498,-8.90549850463867,"Female"
"9004156",371990,2025-06-26 06:35:32,42.4771423339844,-8.90573596954346,"Female"
"9004156",371990,2025-06-26 06:40:32,42.4771041870117,-8.90548992156982,"Female"
"9004156",371990,2025-06-26 06:45:44,42.4768409729004,-8.90506076812744,"Female"
"9004156",371990,2025-06-26 06:50:31,42.4768447875977,-8.90496921539307,"Female"
"9004156",371990,2025-06-26 06:55:31,42.476806640625,-8.90496063232422,"Female"
"9004156",371990,2025-06-26 07:00:32,42.4768104553223,-8.90503311157227,"Female"
"9004156",371990,2025-06-26 07:05:32,42.4767951965332,-8.90503311157227,"Female"
"9004156",371990,2025-06-26 07:10:38,42.476806640625,-8.90511703491211,"Female"
"9004156",371990,2025-06-26 07:15:36,42.476806640625,-8.90509510040283,"Female"
"9004156",371990,2025-06-26 07:20:33,42.4766693115234,-8.90432643890381,"Female"
"9004156",371990,2025-06-26 07:25:36,42.4768295288086,-8.9052095413208,"Female"
"9004156",371990,2025-06-26 07:30:44,42.4768371582031,-8.90536308288574,"Female"
"9004156",371990,2025-06-26 07:35:33,42.4768218994141,-8.90505599975586,"Female"
"9004156",371990,2025-06-26 07:40:34,42.4768333435059,-8.90520191192627,"Female"
"9004156",371990,2025-06-26 07:45:34,42.4767913818359,-8.90519237518311,"Female"
"9004156",371990,2025-06-26 07:50:33,42.4769821166992,-8.90526390075684,"Female"
"9004156",371990,2025-06-26 07:55:33,42.4769973754883,-8.90540790557861,"Female"
"9004156",371990,2025-06-26 08:00:39,42.4768257141113,-8.90524196624756,"Female"
"9004156",371990,2025-06-26 08:05:36,42.4768486022949,-8.90535163879395,"Female"
"9004156",371990,2025-06-26 08:10:39,42.4767913818359,-8.90517902374268,"Female"
"9004156",371990,2025-06-26 08:15:45,42.4768562316895,-8.90526676177979,"Female"
"9004156",371990,2025-06-26 08:20:37,42.4768028259277,-8.90523147583008,"Female"
"9004156",371990,2025-06-26 08:25:37,42.4768333435059,-8.90520572662354,"Female"
"9004156",371990,2025-06-26 08:30:39,42.4768562316895,-8.90523052215576,"Female"
"9004156",371990,2025-06-26 08:35:39,42.4768714904785,-8.9053316116333,"Female"
"9004156",371990,2025-06-26 08:40:39,42.4768867492676,-8.90537166595459,"Female"
"9004156",371990,2025-06-26 08:45:45,42.4767532348633,-8.90482616424561,"Female"
"9004156",371990,2025-06-26 08:50:33,42.4769439697266,-8.90511894226074,"Female"
"9004156",371990,2025-06-26 08:55:39,42.4767761230469,-8.90498161315918,"Female"
"9004156",371990,2025-06-26 09:00:34,42.4767570495605,-8.90493297576904,"Female"
"9004156",371990,2025-06-26 09:05:34,42.4767036437988,-8.90487098693848,"Female"
"9004156",371990,2025-06-26 09:10:32,42.4767379760742,-8.90505886077881,"Female"
"9004156",371990,2025-06-26 09:15:39,42.4767112731934,-8.90478420257568,"Female"
"9004156",371990,2025-06-26 09:20:44,42.4766693115234,-8.90504837036133,"Female"
"9004156",371990,2025-06-26 09:25:32,42.4766120910645,-8.90512561798096,"Female"
"9004156",371990,2025-06-26 09:30:34,42.4765663146973,-8.90518665313721,"Female"
"9004156",371990,2025-06-26 09:35:32,42.4768943786621,-8.90479755401611,"Female"
"9004156",371990,2025-06-26 09:40:37,42.4766998291016,-8.90495872497559,"Female"
"9004156",371990,2025-06-26 09:45:45,42.4766006469727,-8.90499210357666,"Female"
"9004156",371990,2025-06-26 09:50:34,42.4766159057617,-8.90494060516357,"Female"
"9004156",371990,2025-06-26 09:55:34,42.4764289855957,-8.90485763549805,"Female"
"9004156",371990,2025-06-26 10:00:44,42.4766960144043,-8.90504169464111,"Female"
"9004156",371990,2025-06-26 10:05:32,42.4766540527344,-8.90500736236572,"Female"
"9004156",371990,2025-06-26 10:10:32,42.476749420166,-8.90511608123779,"Female"
"9004156",371990,2025-06-26 10:15:32,42.4766616821289,-8.90499401092529,"Female"
"9004156",371990,2025-06-26 10:20:33,42.4767074584961,-8.90504837036133,"Female"
"9004156",371990,2025-06-26 10:25:32,42.4767608642578,-8.90504932403564,"Female"
"9004156",371990,2025-06-26 10:30:32,42.4767532348633,-8.90500736236572,"Female"
"9004156",371990,2025-06-26 10:35:36,42.476734161377,-8.90506553649902,"Female"
"9004156",371990,2025-06-26 10:40:36,42.4766883850098,-8.90503311157227,"Female"
"9004156",371990,2025-06-26 10:45:45,42.4767723083496,-8.90501880645752,"Female"
"9004156",371990,2025-06-26 10:50:33,42.4766845703125,-8.90486240386963,"Female"
"9004156",371990,2025-06-26 10:55:37,42.476734161377,-8.90499114990234,"Female"
"9004156",371990,2025-06-26 11:01:05,42.4767799377441,-8.90501117706299,"Female"
"9004156",371990,2025-06-26 11:05:32,42.4768218994141,-8.90503978729248,"Female"
"9004156",371990,2025-06-26 11:10:32,42.4768447875977,-8.90505695343018,"Female"
"9004156",371990,2025-06-26 11:15:32,42.4768028259277,-8.90511608123779,"Female"
"9004156",371990,2025-06-26 11:20:32,42.4768104553223,-8.90505886077881,"Female"
"9004156",371990,2025-06-26 11:25:32,42.4768180847168,-8.90498542785645,"Female"
"9004156",371990,2025-06-26 11:30:32,42.4768447875977,-8.90503597259521,"Female"
"9004156",371990,2025-06-26 11:35:32,42.4768295288086,-8.90508556365967,"Female"
"9004156",371990,2025-06-26 11:40:32,42.4768447875977,-8.90500354766846,"Female"
"9004156",371990,2025-06-26 11:45:32,42.4768333435059,-8.90502643585205,"Female"
"9004156",371990,2025-06-26 11:50:32,42.4768600463867,-8.90499305725098,"Female"
"9004156",371990,2025-06-26 11:55:32,42.4768486022949,-8.90505504608154,"Female"
"9004156",371990,2025-06-26 12:00:32,42.4769134521484,-8.90501594543457,"Female"
"9004156",371990,2025-06-26 12:05:32,42.4768447875977,-8.905029296875,"Female"
"9004156",371990,2025-06-26 12:10:32,42.4769554138184,-8.90501117706299,"Female"
"9004156",371990,2025-06-26 12:15:32,42.4769401550293,-8.90501308441162,"Female"
"9004156",371990,2025-06-26 12:20:32,42.4769897460938,-8.9049711227417,"Female"
"9004156",371990,2025-06-26 12:25:33,42.476921081543,-8.90496063232422,"Female"
"9004156",371990,2025-06-26 12:30:33,42.4768447875977,-8.90495777130127,"Female"
"9004156",371990,2025-06-26 12:35:44,42.4769134521484,-8.90498542785645,"Female"
"9004156",371990,2025-06-26 12:40:32,42.4768905639648,-8.90498542785645,"Female"
"9004156",371990,2025-06-26 12:45:32,42.4768981933594,-8.90498352050781,"Female"
"9004156",371990,2025-06-26 12:50:32,42.4768600463867,-8.904953956604,"Female"
"9004156",371990,2025-06-26 12:55:32,42.4768905639648,-8.90493965148926,"Female"
"9004156",371990,2025-06-26 13:00:32,42.4767990112305,-8.90493297576904,"Female"
"9004156",371990,2025-06-26 13:05:32,42.4768447875977,-8.90494632720947,"Female"
"9004156",371990,2025-06-26 13:10:32,42.4768600463867,-8.90499305725098,"Female"
"9004156",371990,2025-06-26 13:15:32,42.4768829345703,-8.90498733520508,"Female"
"9004156",371990,2025-06-26 13:20:32,42.4767837524414,-8.90493869781494,"Female"
"9004156",371990,2025-06-26 13:25:32,42.4766616821289,-8.90502643585205,"Female"
"9004156",371990,2025-06-26 13:30:32,42.4769134521484,-8.90487384796143,"Female"
"9004156",371990,2025-06-26 13:35:32,42.4767913818359,-8.90487861633301,"Female"
"9004156",371990,2025-06-26 13:40:33,42.4767189025879,-8.90511131286621,"Female"
"9004156",371990,2025-06-26 13:45:36,42.4767761230469,-8.90507698059082,"Female"
"9004156",371990,2025-06-26 13:50:36,42.4768218994141,-8.90507888793945,"Female"
"9004156",371990,2025-06-26 13:55:38,42.4768028259277,-8.90506458282471,"Female"
"9004156",371990,2025-06-26 14:00:37,42.476749420166,-8.90500450134277,"Female"
"9004156",371990,2025-06-26 14:05:44,42.4768371582031,-8.90507316589355,"Female"
"9004156",371990,2025-06-26 14:10:32,42.476863861084,-8.90515995025635,"Female"
"9004156",371990,2025-06-26 14:15:32,42.4768447875977,-8.90516662597656,"Female"
"9004156",371990,2025-06-26 14:20:32,42.4767913818359,-8.90505218505859,"Female"
"9004156",371990,2025-06-26 14:25:39,42.4767379760742,-8.90492057800293,"Female"
"9004156",371990,2025-06-26 14:30:39,42.4767684936523,-8.90495204925537,"Female"
"9004156",371990,2025-06-26 14:36:05,42.4767913818359,-8.90499591827393,"Female"
"9004156",371990,2025-06-26 14:40:32,42.4767951965332,-8.90499973297119,"Female"
"9004156",371990,2025-06-26 14:45:32,42.4768142700195,-8.90500450134277,"Female"
"9004156",371990,2025-06-26 14:50:32,42.4768142700195,-8.90500164031982,"Female"
"9004156",371990,2025-06-26 14:55:32,42.4767761230469,-8.90502166748047,"Female"
"9004156",371990,2025-06-26 15:00:32,42.4767837524414,-8.90501594543457,"Female"
"9004156",371990,2025-06-26 15:05:32,42.4767646789551,-8.90493106842041,"Female"
"9004156",371990,2025-06-26 15:10:32,42.4767684936523,-8.90504932403564,"Female"
"9004156",371990,2025-06-26 15:15:32,42.4767875671387,-8.90494632720947,"Female"
"9004156",371990,2025-06-26 15:20:36,42.4768180847168,-8.9050350189209,"Female"
"9004156",371990,2025-06-26 15:25:34,42.4767684936523,-8.90500926971436,"Female"
"9004156",371990,2025-06-26 15:30:33,42.4767913818359,-8.90496730804443,"Female"
"9004156",371990,2025-06-26 15:35:32,42.4768905639648,-8.90505409240723,"Female"
"9004156",371990,2025-06-26 15:40:36,42.476806640625,-8.90499401092529,"Female"
"9004156",371990,2025-06-26 15:45:32,42.4768600463867,-8.90506649017334,"Female"
"9004156",371990,2025-06-26 15:50:37,42.4767837524414,-8.90493679046631,"Female"
"9004156",371990,2025-06-26 15:55:32,42.4768104553223,-8.90497016906738,"Female"
"9004156",371990,2025-06-26 16:00:37,42.476806640625,-8.90500450134277,"Female"
"9004156",371990,2025-06-26 16:05:32,42.4768180847168,-8.90506172180176,"Female"
"9004156",371990,2025-06-26 16:10:34,42.4767875671387,-8.90496063232422,"Female"
"9004156",371990,2025-06-26 16:15:38,42.4768371582031,-8.9050235748291,"Female"
"9004156",371990,2025-06-26 16:20:33,42.476879119873,-8.90512275695801,"Female"
"9004156",371990,2025-06-26 16:25:39,42.4768600463867,-8.90506362915039,"Female"
"9004156",371990,2025-06-26 16:30:41,42.4768295288086,-8.90508079528809,"Female"
"9004156",371990,2025-06-26 16:35:33,42.4769401550293,-8.90530490875244,"Female"
"9004156",371990,2025-06-26 16:40:37,42.4768142700195,-8.90500736236572,"Female"
"9004156",371990,2025-06-26 16:45:32,42.4767074584961,-8.90481281280518,"Female"
"9004156",371990,2025-06-26 16:50:39,42.4768142700195,-8.90496444702148,"Female"
"9004156",371990,2025-06-26 16:55:33,42.4767875671387,-8.90488529205322,"Female"
"9004156",371990,2025-06-26 17:00:39,42.4768104553223,-8.90502548217773,"Female"
"9004156",371990,2025-06-26 17:05:36,42.4767990112305,-8.90497779846191,"Female"
"9004156",371990,2025-06-26 17:10:33,42.476806640625,-8.90506649017334,"Female"
"9004156",371990,2025-06-26 17:15:44,42.4767951965332,-8.90501117706299,"Female"
"9004156",371990,2025-06-26 17:20:34,42.4768295288086,-8.90496349334717,"Female"
"9004156",371990,2025-06-26 17:25:34,42.4767837524414,-8.9048547744751,"Female"
"9004156",371990,2025-06-26 17:30:39,42.4768676757812,-8.90508842468262,"Female"
"9004156",371990,2025-06-26 17:35:39,42.4769401550293,-8.90526866912842,"Female"
"9004156",371990,2025-06-26 17:40:36,42.4769248962402,-8.90526485443115,"Female"
"9004156",371990,2025-06-26 17:45:44,42.4769477844238,-8.90527439117432,"Female"
"9004156",371990,2025-06-26 17:50:36,42.4768447875977,-8.90505218505859,"Female"
"9004156",371990,2025-06-26 17:55:32,42.4772834777832,-8.90532112121582,"Female"
"9004156",371990,2025-06-26 18:01:21,42.4768371582031,-8.90500259399414,"Female"
"9004156",371990,2025-06-26 18:06:00,42.4765396118164,-8.90480995178223,"Female"
"9004156",371990,2025-06-26 18:10:37,42.4766883850098,-8.90713500976562,"Female"
"9004156",371990,2025-06-26 18:15:42,42.4756546020508,-8.90859317779541,"Female"
"9004156",371990,2025-06-26 18:20:40,42.4755096435547,-8.90847015380859,"Female"
"9004156",371990,2025-06-26 18:25:45,42.475341796875,-8.90852355957031,"Female"
"9004156",371990,2025-06-26 18:31:05,42.4752883911133,-8.90858745574951,"Female"
"9004156",371990,2025-06-26 18:35:37,42.475269317627,-8.90856647491455,"Female"
"9004156",371990,2025-06-26 18:40:45,42.4745750427246,-8.90937232971191,"Female"
"9004156",371990,2025-06-26 18:45:54,42.4746360778809,-8.90941715240479,"Female"
"9004156",371990,2025-06-26 18:50:47,42.4745559692383,-8.90934085845947,"Female"
"9004156",371990,2025-06-26 18:55:54,42.474681854248,-8.90942478179932,"Female"
"9004156",371990,2025-06-26 19:01:05,42.4658546447754,-8.91194820404053,"Female"
"9004156",371990,2025-06-26 19:06:16,42.4573783874512,-8.87375068664551,"Female"
"9004156",371990,2025-06-26 19:11:56,42.4160194396973,-8.82692050933838,"Female"
"9004156",371990,2025-06-26 19:15:58,42.4117584228516,-8.81345462799072,"Female"
"9004156",371990,2025-06-26 19:20:41,42.4111175537109,-8.81339359283447,"Female"
"9004156",371990,2025-06-26 19:26:56,42.4608345031738,-8.77716064453125,"Female"
"9004156",371990,2025-06-26 19:31:56,42.507396697998,-8.71451950073242,"Female"
"9004156",371990,2025-06-26 19:41:56,42.6138610839844,-8.66396045684814,"Female"
"9004156",371990,2025-06-26 19:56:56,42.8092460632324,-8.58682060241699,"Female"
"9004156",371990,2025-06-26 20:01:14,42.8564682006836,-8.55398082733154,"Female"
"9004156",371990,2025-06-26 20:10:47,42.9388542175293,-8.4626407623291,"Female"
"9004156",371990,2025-06-26 20:15:46,42.9416198730469,-8.4617280960083,"Female"
"9004156",371990,2025-06-26 20:21:23,43.0174674987793,-8.41233158111572,"Female"
"9004156",371990,2025-06-26 20:46:56,43.2936325073242,-8.28041553497314,"Female"
"9004156",371990,2025-06-26 22:06:56,43.5145149230957,-8.00884628295898,"Female"
"9004156",371990,2025-06-26 22:11:56,43.5132522583008,-8.00899600982666,"Female"
"9004156",371990,2025-06-26 22:16:56,43.5132102966309,-8.00891399383545,"Female"
"9004156",371990,2025-06-26 22:21:56,43.5140724182129,-8.00846290588379,"Female"
"9004156",371990,2025-06-26 22:26:56,43.5139007568359,-8.00923633575439,"Female"
"9004156",371990,2025-06-26 22:41:56,43.5137062072754,-8.00948619842529,"Female"
"9004156",371990,2025-06-26 22:46:29,43.5138664245605,-8.00914573669434,"Female"
"9004156",371990,2025-06-26 22:51:56,43.5155029296875,-8.00938320159912,"Female"
"9004156",371990,2025-06-26 22:55:39,43.5139007568359,-8.00917530059814,"Female"
"9004156",371990,2025-06-26 23:00:40,43.5139274597168,-8.00907611846924,"Female"
"9004156",371990,2025-06-26 23:05:42,43.5139999389648,-8.00911808013916,"Female"
"9004156",371990,2025-06-26 23:11:56,43.5140228271484,-8.00928592681885,"Female"
"9004156",371990,2025-06-26 23:16:56,43.5139350891113,-8.00936031341553,"Female"
"9004156",371990,2025-06-26 23:21:56,43.5139274597168,-8.00922679901123,"Female"
"9004156",371990,2025-06-26 23:26:56,43.513916015625,-8.00920867919922,"Female"
"9004156",371990,2025-06-26 23:31:56,43.5139617919922,-8.00925922393799,"Female"
"9004156",371990,2025-06-27 04:06:39,43.513858795166,-8.00900363922119,"Female"
"9004156",371990,2025-06-27 04:15:48,43.5138740539551,-8.00899791717529,"Female"
"9004156",371990,2025-06-27 04:26:35,43.5138664245605,-8.00884914398193,"Female"
"9004156",371990,2025-06-27 04:35:43,43.5138702392578,-8.00905132293701,"Female"
"9004156",371990,2025-06-27 04:46:26,43.5137634277344,-8.00872230529785,"Female"
"9004156",371990,2025-06-27 04:56:02,43.5140762329102,-8.00914192199707,"Female"
"9004156",371990,2025-06-27 05:16:55,43.513500213623,-8.00839900970459,"Female"
"9004156",371990,2025-06-27 05:36:55,43.5137939453125,-8.00899314880371,"Female"
"9004156",371990,2025-06-27 07:56:17,43.5140495300293,-8.00915718078613,"Female"
"9004156",371990,2025-06-27 08:05:39,43.5137405395508,-8.00895977020264,"Female"
"9004156",371990,2025-06-27 08:15:38,43.513973236084,-8.00895881652832,"Female"
"9004156",371990,2025-06-27 08:25:51,43.5137367248535,-8.01000690460205,"Female"
"9004156",371990,2025-06-27 08:35:39,43.5135955810547,-8.00905227661133,"Female"
"9004156",371990,2025-06-27 08:45:42,43.5141334533691,-8.00895977020264,"Female"
"9004156",371990,2025-06-27 08:55:46,43.5139045715332,-8.00915145874023,"Female"
"9004156",371990,2025-06-27 09:06:03,43.5138473510742,-8.00908374786377,"Female"
"9004156",371990,2025-06-27 09:15:34,43.5140380859375,-8.00906944274902,"Female"
"9004156",371990,2025-06-27 09:25:36,43.5139045715332,-8.00909805297852,"Female"
"9004156",371990,2025-06-27 09:35:39,43.5149765014648,-8.0085916519165,"Female"
"9004156",371990,2025-06-27 09:45:45,43.5139579772949,-8.00910091400146,"Female"
"9004156",371990,2025-06-27 09:55:37,43.513988494873,-8.00908756256104,"Female"
"9004156",371990,2025-06-27 10:05:33,43.5141677856445,-8.00940990447998,"Female"
"9004156",371990,2025-06-27 10:15:44,43.5138320922852,-8.00910472869873,"Female"
"9004156",371990,2025-06-27 10:25:37,43.5140037536621,-8.00930118560791,"Female"
"9004156",371990,2025-06-27 10:36:35,43.5138893127441,-8.0090446472168,"Female"
"9004156",371990,2025-06-27 10:45:32,43.5138740539551,-8.0090274810791,"Female"
"9004156",371990,2025-06-27 10:55:37,43.513858795166,-8.00913143157959,"Female"
"9004156",371990,2025-06-27 11:05:33,43.5139541625977,-8.00902938842773,"Female"
"9004156",371990,2025-06-27 11:15:33,43.5138778686523,-8.00892066955566,"Female"
"9004156",371990,2025-06-27 11:25:44,43.5140075683594,-8.00893878936768,"Female"
"9004156",371990,2025-06-27 11:35:32,43.5139122009277,-8.00909900665283,"Female"
"9004156",371990,2025-06-27 11:45:33,43.5142135620117,-8.00910568237305,"Female"
"9004156",371990,2025-06-27 11:55:42,43.513671875,-8.00886058807373,"Female"
"9004156",371990,2025-06-27 12:05:36,43.5144996643066,-8.00930881500244,"Female"
"9004156",371990,2025-06-27 12:15:36,43.5140724182129,-8.00895214080811,"Female"
"9004156",371990,2025-06-27 12:25:36,43.513843536377,-8.00896549224854,"Female"
"9004156",371990,2025-06-27 12:35:36,43.5140075683594,-8.00901222229004,"Female"
"9004156",371990,2025-06-27 12:46:55,43.5143165588379,-8.00899124145508,"Female"
"9004156",371990,2025-06-27 12:56:05,43.5138626098633,-8.00905990600586,"Female"
"9004156",371990,2025-06-27 13:05:33,43.5139617919922,-8.00906944274902,"Female"
"9004156",371990,2025-06-27 13:15:32,43.5138320922852,-8.00917816162109,"Female"
"9004156",371990,2025-06-27 13:25:36,43.5137405395508,-8.00906372070312,"Female"
"9004156",371990,2025-06-27 13:35:31,43.5138244628906,-8.00909900665283,"Female"
"9004156",371990,2025-06-27 13:45:34,43.5139122009277,-8.00905799865723,"Female"
"9004156",371990,2025-06-27 13:55:32,43.5137672424316,-8.00902080535889,"Female"
"9004156",371990,2025-06-27 14:05:33,43.5138092041016,-8.00905418395996,"Female"
"9004156",371990,2025-06-27 14:15:33,43.5138168334961,-8.00892162322998,"Female"
"9004156",371990,2025-06-27 14:25:41,43.5138854980469,-8.00901508331299,"Female"
"9004156",371990,2025-06-27 14:35:31,43.513988494873,-8.0091552734375,"Female"
"9004156",371990,2025-06-27 14:45:44,43.5136260986328,-8.00895595550537,"Female"
"9004156",371990,2025-06-27 14:55:34,43.5139045715332,-8.009108543396,"Female"
"9004156",371990,2025-06-27 15:05:47,43.5140075683594,-8.00918769836426,"Female"
"9004156",371990,2025-06-27 15:16:06,43.5139083862305,-8.009033203125,"Female"
"9004156",371990,2025-06-27 15:26:05,43.5138626098633,-8.00902652740479,"Female"
"9004156",371990,2025-06-27 15:35:35,43.5136375427246,-8.00901794433594,"Female"
"9004156",371990,2025-06-27 15:45:31,43.5138092041016,-8.00907897949219,"Female"
"9004156",371990,2025-06-27 15:55:36,43.5139427185059,-8.00899314880371,"Female"
"9004156",371990,2025-06-27 16:05:37,43.5138549804688,-8.00900745391846,"Female"
"9004156",371990,2025-06-27 16:15:40,43.5138816833496,-8.0091495513916,"Female"
"9004156",371990,2025-06-27 16:25:35,43.5140075683594,-8.00899314880371,"Female"
"9004156",371990,2025-06-27 16:35:34,43.5137634277344,-8.00911045074463,"Female"
"9004156",371990,2025-06-27 16:45:30,43.5138854980469,-8.00901699066162,"Female"
"9004156",371990,2025-06-27 16:55:30,43.5138664245605,-8.00899696350098,"Female"
"9004156",371990,2025-06-27 17:05:44,43.5139007568359,-8.00902652740479,"Female"
"9004156",371990,2025-06-27 17:15:30,43.5138893127441,-8.00900459289551,"Female"
"9004156",371990,2025-06-27 17:25:33,43.5138168334961,-8.00900459289551,"Female"
"9004156",371990,2025-06-27 17:35:38,43.5141181945801,-8.00916576385498,"Female"
"9004156",371990,2025-06-27 17:46:05,43.5139198303223,-8.00905418395996,"Female"
"9004156",371990,2025-06-27 17:55:30,43.5138664245605,-8.00892639160156,"Female"
"9004156",371990,2025-06-27 18:05:32,43.5137481689453,-8.00898933410645,"Female"
"9004156",371990,2025-06-27 18:15:33,43.5137939453125,-8.00889492034912,"Female"
"9004156",371990,2025-06-27 18:25:38,43.5139312744141,-8.009108543396,"Female"
"9004156",371990,2025-06-27 18:35:34,43.5139350891113,-8.00917053222656,"Female"
"9004156",371990,2025-06-27 18:45:49,43.5139617919922,-8.0091724395752,"Female"
"9004156",371990,2025-06-27 18:55:38,43.5136756896973,-8.00887966156006,"Female"
"9004156",371990,2025-06-27 19:05:40,43.5140037536621,-8.00931358337402,"Female"
"9004156",371990,2025-06-27 19:15:47,43.5130424499512,-8.00889778137207,"Female"
"9004156",371990,2025-06-27 19:25:39,43.5135917663574,-8.00874519348145,"Female"
"9004156",371990,2025-06-27 19:36:05,43.5138854980469,-8.00905323028564,"Female"
"9004156",371990,2025-06-27 19:45:35,43.5137634277344,-8.00902271270752,"Female"
"9004156",371990,2025-06-27 19:55:41,43.513858795166,-8.00908184051514,"Female"
"9004156",371990,2025-06-27 20:05:36,43.5139923095703,-8.00914859771729,"Female"
"9004156",371990,2025-06-27 20:15:38,43.5138206481934,-8.00902938842773,"Female"
"9004156",371990,2025-06-27 20:25:50,43.5137786865234,-8.0088939666748,"Female"
"9004156",371990,2025-06-27 20:35:36,43.5139083862305,-8.00915431976318,"Female"
"9004156",371990,2025-06-27 20:45:56,43.5138359069824,-8.00895500183105,"Female"
"9004156",371990,2025-06-27 20:55:42,43.5139579772949,-8.00912380218506,"Female"
"9004156",371990,2025-06-27 21:05:39,43.5139236450195,-8.00899410247803,"Female"
"9004156",371990,2025-06-27 21:15:39,43.5139083862305,-8.00870323181152,"Female"
"9004156",371990,2025-06-27 21:25:44,43.5135078430176,-8.00876140594482,"Female"
"9004156",371990,2025-06-27 21:36:04,43.5139923095703,-8.00899982452393,"Female"
"9004156",371990,2025-06-27 21:45:33,43.5140762329102,-8.00893974304199,"Female"
"9004156",371990,2025-06-27 21:55:34,43.513916015625,-8.00892543792725,"Female"
"9004156",371990,2025-06-27 22:05:34,43.5142402648926,-8.00865459442139,"Female"
"9004156",371990,2025-06-27 22:15:38,43.5138397216797,-8.00906467437744,"Female"
"9004156",371990,2025-06-27 22:25:43,43.5138359069824,-8.00907897949219,"Female"
"9004156",371990,2025-06-27 22:35:38,43.5139808654785,-8.00900459289551,"Female"
"9004156",371990,2025-06-27 22:45:44,43.5139465332031,-8.00883483886719,"Female"
"9004156",371990,2025-06-27 22:56:05,43.5138053894043,-8.00901222229004,"Female"
"9004156",371990,2025-06-27 23:05:30,43.5138740539551,-8.00906467437744,"Female"
"9004156",371990,2025-06-27 23:15:33,43.5137786865234,-8.00901412963867,"Female"
"9004156",371990,2025-06-27 23:25:36,43.513916015625,-8.00922298431396,"Female"
"9004156",371990,2025-06-27 23:35:33,43.513973236084,-8.00907039642334,"Female"
"9004156",371990,2025-06-27 23:45:42,43.5139274597168,-8.00905895233154,"Female"
"9004156",371990,2025-06-27 23:55:37,43.5138816833496,-8.00913906097412,"Female"
"9004156",371990,2025-06-28 00:05:33,43.5139389038086,-8.00905227661133,"Female"
"9004156",371990,2025-06-28 00:15:35,43.5139007568359,-8.00896072387695,"Female"
"9004156",371990,2025-06-28 00:25:34,43.5138931274414,-8.00910091400146,"Female"
"9004156",371990,2025-06-28 00:35:45,43.5139274597168,-8.00915050506592,"Female"
"9004156",371990,2025-06-28 00:46:39,43.5136528015137,-8.00899028778076,"Female"
"9004156",371990,2025-06-28 00:56:15,43.5135688781738,-8.00913333892822,"Female"
"9004156",371990,2025-06-28 01:05:39,43.5139579772949,-8.00890159606934,"Female"
"9004156",371990,2025-06-28 01:15:49,43.5138893127441,-8.00880813598633,"Female"
"9004156",371990,2025-06-28 01:25:44,43.5145454406738,-8.01028060913086,"Female"
"9004156",371990,2025-06-28 01:35:37,43.5139694213867,-8.00887298583984,"Female"
"9004156",371990,2025-06-28 01:45:44,43.5137748718262,-8.00902557373047,"Female"
"9004156",371990,2025-06-28 01:55:41,43.5139427185059,-8.0085620880127,"Female"
"9004156",371990,2025-06-28 02:05:39,43.5142364501953,-8.00954627990723,"Female"
"9004156",371990,2025-06-28 02:15:41,43.513843536377,-8.00919246673584,"Female"
"9004156",371990,2025-06-28 02:25:45,43.5138549804688,-8.00882530212402,"Female"
"9004156",371990,2025-06-28 02:36:05,43.5135192871094,-8.00909328460693,"Female"
"9004156",371990,2025-06-28 02:45:43,43.5138206481934,-8.00899219512939,"Female"
"9004156",371990,2025-06-28 02:55:44,43.5135726928711,-8.00918579101562,"Female"
"9004156",371990,2025-06-28 03:05:44,43.5139274597168,-8.00900650024414,"Female"
"9004156",371990,2025-06-28 03:15:45,43.5138626098633,-8.0090503692627,"Female"
"9004156",371990,2025-06-28 03:25:42,43.5140266418457,-8.00896263122559,"Female"
"9004156",371990,2025-06-28 03:35:40,43.5138549804688,-8.00938892364502,"Female"
"9004156",371990,2025-06-28 03:45:39,43.5139122009277,-8.00914192199707,"Female"
"9004156",371990,2025-06-28 03:55:38,43.5138244628906,-8.00901508331299,"Female"
"9004156",371990,2025-06-28 04:05:36,43.5140075683594,-8.00925159454346,"Female"
"9004156",371990,2025-06-28 04:15:45,43.5139427185059,-8.00904655456543,"Female"
"9004156",371990,2025-06-28 04:25:46,43.5139350891113,-8.00910758972168,"Female"
"9004156",371990,2025-06-28 04:36:05,43.5138320922852,-8.00893402099609,"Female"
"9004156",371990,2025-06-28 04:45:36,43.5138931274414,-8.00919151306152,"Female"
"9004156",371990,2025-06-28 04:55:31,43.5138130187988,-8.00894165039062,"Female"
"9004156",371990,2025-06-28 05:05:34,43.513973236084,-8.00911140441895,"Female"
"9004156",371990,2025-06-28 05:15:33,43.5137939453125,-8.00890350341797,"Female"
"9004156",371990,2025-06-28 05:25:44,43.5137596130371,-8.00900936126709,"Female"
"9004156",371990,2025-06-28 05:35:44,43.5138359069824,-8.00897407531738,"Female"
"9004156",371990,2025-06-28 05:45:35,43.5138702392578,-8.00902080535889,"Female"
"9004156",371990,2025-06-28 05:55:37,43.5136680603027,-8.00877666473389,"Female"
"9004156",371990,2025-06-28 06:05:38,43.5136070251465,-8.0086030960083,"Female"
"9004156",371990,2025-06-28 06:16:54,43.5139350891113,-8.00891304016113,"Female"
"9004156",371990,2025-06-28 06:25:40,43.5137977600098,-8.00877380371094,"Female"
"9004156",371990,2025-06-28 06:36:05,43.5140342712402,-8.00886344909668,"Female"
"9004156",371990,2025-06-28 06:45:39,43.5139541625977,-8.00924682617188,"Female"
"9004156",371990,2025-06-28 06:55:37,43.5138740539551,-8.0088415145874,"Female"
"9004156",371990,2025-06-28 07:05:37,43.5139007568359,-8.00887775421143,"Female"
"9004156",371990,2025-06-28 07:15:39,43.5139274597168,-8.00869274139404,"Female"
"9004156",371990,2025-06-28 07:25:39,43.5138893127441,-8.00850677490234,"Female"
"9004156",371990,2025-06-28 07:35:44,43.5139045715332,-8.00828266143799,"Female"
"9004156",371990,2025-06-28 07:45:39,43.5139617919922,-8.00845718383789,"Female"
"9004156",371990,2025-06-28 07:55:40,43.5138130187988,-8.00882720947266,"Female"
"9004156",371990,2025-06-28 08:06:05,43.5137557983398,-8.00915813446045,"Female"
"9004156",371990,2025-06-28 08:15:39,43.5138473510742,-8.00920963287354,"Female"
"9004156",371990,2025-06-28 08:26:02,43.5138130187988,-8.00907135009766,"Female"
"9004156",371990,2025-06-28 08:55:43,43.5137748718262,-8.00896739959717,"Female"
"9004156",371990,2025-06-28 09:25:45,43.5140762329102,-8.00912761688232,"Female"
"9004156",371990,2025-06-28 09:56:05,43.5139427185059,-8.00908660888672,"Female"
"9004156",371990,2025-06-28 10:25:44,43.5140342712402,-8.0089168548584,"Female"
"9004156",371990,2025-06-28 10:55:44,43.5139312744141,-8.00896167755127,"Female"
"9004156",371990,2025-06-28 11:25:33,43.5139808654785,-8.00895595550537,"Female"
"9004156",371990,2025-06-28 11:55:37,43.514102935791,-8.0090274810791,"Female"
"9004156",371990,2025-06-28 12:26:05,43.5139007568359,-8.00907611846924,"Female"
"9004156",371990,2025-06-28 12:55:43,43.5139465332031,-8.00903987884521,"Female"
"9004156",371990,2025-06-28 13:25:32,43.5142288208008,-8.00919342041016,"Female"
"9004156",371990,2025-06-28 13:55:36,43.514347076416,-8.0095100402832,"Female"
"9004156",371990,2025-06-28 14:26:06,43.5138893127441,-8.00901126861572,"Female"
"9004156",371990,2025-06-28 14:55:39,43.5136871337891,-8.00891590118408,"Female"
"9004156",371990,2025-06-28 15:25:44,43.5139083862305,-8.00913333892822,"Female"
"9004156",371990,2025-06-28 15:56:26,43.5139656066895,-8.00892543792725,"Female"
"9004156",371990,2025-06-28 16:25:40,43.5140037536621,-8.00870323181152,"Female"
"9004156",371990,2025-06-28 17:26:54,43.5139694213867,-8.00903415679932,"Female"
"9004156",371990,2025-06-28 17:56:05,43.5139617919922,-8.00917434692383,"Female"
"9004156",371990,2025-06-28 18:25:39,43.514030456543,-8.00910758972168,"Female"
"9004156",371990,2025-06-28 18:55:43,43.5138206481934,-8.00906658172607,"Female"
"9004156",371990,2025-06-28 19:26:05,43.5139236450195,-8.00899982452393,"Female"
"9004156",371990,2025-06-28 19:55:39,43.513858795166,-8.0087718963623,"Female"
"9004156",371990,2025-06-28 20:26:05,43.5138969421387,-8.00915241241455,"Female"
"9004156",371990,2025-06-28 20:55:37,43.5138053894043,-8.00895500183105,"Female"
"9004156",371990,2025-06-28 21:25:47,43.5139999389648,-8.00916481018066,"Female"
"9004156",371990,2025-06-28 21:56:05,43.5139083862305,-8.00901508331299,"Female"
"9004156",371990,2025-06-28 22:26:05,43.5138511657715,-8.00901126861572,"Female"
"9004156",371990,2025-06-28 22:55:29,43.5138931274414,-8.0090503692627,"Female"
"9004156",371990,2025-06-28 23:25:34,43.5138282775879,-8.00902843475342,"Female"
"9004156",371990,2025-06-28 23:55:32,43.5136222839355,-8.00900650024414,"Female"
"9004156",371990,2025-06-29 00:26:44,43.513988494873,-8.00903797149658,"Female"
"9004156",371990,2025-06-29 00:56:53,43.5139656066895,-8.00896549224854,"Female"
"9004156",371990,2025-06-29 01:26:05,43.5138778686523,-8.00899791717529,"Female"
"9004156",371990,2025-06-29 01:55:34,43.5139503479004,-8.00899124145508,"Female"
"9004156",371990,2025-06-29 02:25:36,43.514289855957,-8.00954437255859,"Female"
"9004156",371990,2025-06-29 02:56:53,43.513916015625,-8.00912857055664,"Female"
"9004156",371990,2025-06-29 03:26:39,43.513973236084,-8.0091381072998,"Female"
"9004156",371990,2025-06-29 03:55:41,43.513858795166,-8.00911998748779,"Female"
"9004156",371990,2025-06-29 04:26:05,43.5137786865234,-8.00890445709229,"Female"
"9004156",371990,2025-06-29 05:26:05,43.513858795166,-8.00901031494141,"Female"
"9004156",371990,2025-06-29 05:55:36,43.5138854980469,-8.00916290283203,"Female"
"9004156",371990,2025-06-29 06:25:37,43.5138702392578,-8.00882244110107,"Female"
"9004156",371990,2025-06-29 06:55:37,43.5139236450195,-8.00911235809326,"Female"
"9004156",371990,2025-06-29 07:25:33,43.5138740539551,-8.0088996887207,"Female"
"9004156",371990,2025-06-29 07:56:05,43.5138702392578,-8.00904369354248,"Female"
"9004156",371990,2025-06-29 08:25:32,43.5137481689453,-8.00916481018066,"Female"
"9004156",371990,2025-06-29 08:55:40,43.5140151977539,-8.00902652740479,"Female"
"9004156",371990,2025-06-29 09:25:44,43.5146827697754,-8.0087833404541,"Female"
"9004156",371990,2025-06-29 09:56:14,43.5140266418457,-8.00917148590088,"Female"
"9004156",371990,2025-06-29 10:25:37,43.5139694213867,-8.00915145874023,"Female"
"9004156",371990,2025-06-29 10:55:54,43.5136871337891,-8.00889492034912,"Female"
"9004156",371990,2025-06-29 11:26:07,43.5138816833496,-8.00899028778076,"Female"
"9004156",371990,2025-06-29 11:56:35,43.5139312744141,-8.00909805297852,"Female"
"9004156",371990,2025-06-29 12:26:05,43.5139389038086,-8.00898933410645,"Female"
"9004156",371990,2025-06-29 12:55:39,43.513973236084,-8.00902843475342,"Female"
"9004156",371990,2025-06-29 13:25:30,43.5141525268555,-8.00921154022217,"Female"
"9004156",371990,2025-06-29 13:55:44,43.5140762329102,-8.00883674621582,"Female"
"9004156",371990,2025-06-29 14:26:00,43.5137062072754,-8.00892543792725,"Female"
"9004156",371990,2025-06-29 14:56:07,43.5139350891113,-8.00912284851074,"Female"
"9004156",371990,2025-06-29 15:25:33,43.5138359069824,-8.00875473022461,"Female"
"9004156",371990,2025-06-29 15:56:05,43.5138969421387,-8.0088415145874,"Female"
"9004156",371990,2025-06-29 16:25:30,43.5139083862305,-8.00879669189453,"Female"
"9004156",371990,2025-06-29 16:55:44,43.5138816833496,-8.00899887084961,"Female"
"9004156",371990,2025-06-29 17:26:05,43.5139427185059,-8.00904750823975,"Female"
"9004156",371990,2025-06-29 17:55:29,43.5138969421387,-8.0090446472168,"Female"
"9004156",371990,2025-06-29 18:25:35,43.5139503479004,-8.00889492034912,"Female"
"9004156",371990,2025-06-29 18:55:44,43.5140419006348,-8.0089750289917,"Female"
"9004156",371990,2025-06-29 19:26:05,43.5138359069824,-8.0090913772583,"Female"
"9004156",371990,2025-06-29 19:55:39,43.5138702392578,-8.00898456573486,"Female"
"9004156",371990,2025-06-29 20:26:10,43.513801574707,-8.0090160369873,"Female"
"9004156",371990,2025-06-29 20:55:34,43.5139617919922,-8.0092191696167,"Female"
"9004156",371990,2025-06-29 21:26:05,43.5139389038086,-8.008957862854,"Female"
"9004156",371990,2025-06-29 21:55:33,43.5137748718262,-8.00913524627686,"Female"
"9004156",371990,2025-06-29 22:25:34,43.5139503479004,-8.00880718231201,"Female"
"9004156",371990,2025-06-29 22:55:41,43.5137329101562,-8.00912475585938,"Female"
"9004156",371990,2025-06-29 23:26:05,43.5137596130371,-8.00905704498291,"Female"
"9004156",371990,2025-06-29 23:56:05,43.5135841369629,-8.00895118713379,"Female"
"9004156",371990,2025-06-30 00:25:40,43.5142288208008,-8.0091667175293,"Female"
"9004156",371990,2025-06-30 00:56:05,43.5138778686523,-8.0090799331665,"Female"
"9004156",371990,2025-06-30 01:25:39,43.5138664245605,-8.00924873352051,"Female"
"9004156",371990,2025-06-30 01:55:37,43.5137977600098,-8.00910377502441,"Female"
"9004156",371990,2025-06-30 02:26:05,43.513786315918,-8.00921249389648,"Female"
"9004156",371990,2025-06-30 02:56:05,43.5132293701172,-8.00926876068115,"Female"
"9004156",371990,2025-06-30 03:26:13,43.5138359069824,-8.00900745391846,"Female"
"9004156",371990,2025-06-30 03:55:42,43.514217376709,-8.00918102264404,"Female"
"9004156",371990,2025-06-30 04:26:05,43.5139389038086,-8.00899791717529,"Female"
"9004156",371990,2025-06-30 04:55:33,43.5138168334961,-8.00906562805176,"Female"
"9004156",371990,2025-06-30 05:25:31,43.5138549804688,-8.00913047790527,"Female"
"9004156",371990,2025-06-30 05:55:36,43.5137138366699,-8.00850772857666,"Female"
"9004156",371990,2025-06-30 06:26:05,43.5140075683594,-8.00882530212402,"Female"
"9004156",371990,2025-06-30 06:55:43,43.5139312744141,-8.00884437561035,"Female"
"9004156",371990,2025-06-30 07:26:05,43.5139427185059,-8.00909233093262,"Female"
"9004156",371990,2025-06-30 07:55:30,43.5139007568359,-8.00911808013916,"Female"
"9004156",371990,2025-06-30 08:25:34,43.5138664245605,-8.00905704498291,"Female"
"9004156",371990,2025-06-30 08:55:38,43.5139427185059,-8.00902843475342,"Female"
"9004156",371990,2025-06-30 09:25:55,43.5139045715332,-8.00914573669434,"Female"
"9004156",371990,2025-06-30 09:55:59,43.5138664245605,-8.00907707214355,"Female"
"9004156",371990,2025-06-30 10:25:59,43.5138969421387,-8.00900173187256,"Female"
"9004156",371990,2025-06-30 10:55:32,43.5139770507812,-8.00904941558838,"Female"
"9004156",371990,2025-06-30 11:25:37,43.5139198303223,-8.00889205932617,"Female"
"9004156",371990,2025-06-30 11:55:41,43.5139846801758,-8.00915145874023,"Female"
"9004156",371990,2025-06-30 12:25:36,43.5141258239746,-8.00902843475342,"Female"
"9004156",371990,2025-06-30 12:55:42,43.5141639709473,-8.00870704650879,"Female"
"9004156",371990,2025-06-30 13:25:28,43.5139503479004,-8.00909519195557,"Female"
"9004156",371990,2025-06-30 13:55:29,43.5138740539551,-8.00907516479492,"Female"
"9004156",371990,2025-06-30 14:25:41,43.5137062072754,-8.0090389251709,"Female"
"9004156",371990,2025-06-30 14:55:42,43.5138053894043,-8.0088472366333,"Female"
"9004156",371990,2025-06-30 15:25:30,43.5139541625977,-8.00889587402344,"Female"
"9004156",371990,2025-06-30 15:55:28,43.513973236084,-8.00870323181152,"Female"
"9004156",371990,2025-06-30 16:25:35,43.5140075683594,-8.00873279571533,"Female"
"9004156",371990,2025-06-30 16:55:30,43.5138206481934,-8.00885486602783,"Female"
"9004156",371990,2025-06-30 17:25:29,43.5140914916992,-8.00890159606934,"Female"
"9004156",371990,2025-06-30 17:55:31,43.5141563415527,-8.00920009613037,"Female"
"9004156",371990,2025-06-30 18:25:34,43.5140724182129,-8.0092716217041,"Female"
"9004156",371990,2025-06-30 18:55:36,43.5141792297363,-8.00934505462646,"Female"
"9004156",371990,2025-06-30 19:25:31,43.5139770507812,-8.00932121276855,"Female"
"9004156",371990,2025-06-30 19:55:30,43.5139350891113,-8.00921535491943,"Female"
"9004156",371990,2025-06-30 20:25:36,43.5142517089844,-8.00945568084717,"Female"
"9004156",371990,2025-06-30 20:55:35,43.5142097473145,-8.00938987731934,"Female"
"9004156",371990,2025-06-30 21:25:31,43.5142364501953,-8.00883674621582,"Female"
"9004156",371990,2025-06-30 21:55:30,43.5145797729492,-8.00899219512939,"Female"
"9004156",371990,2025-06-30 22:25:29,43.5139045715332,-8.00890445709229,"Female"
"9004156",371990,2025-06-30 22:55:29,43.5139617919922,-8.00893974304199,"Female"
"9004156",371990,2025-06-30 23:25:40,43.5141258239746,-8.00911808013916,"Female"
"9004156",371990,2025-06-30 23:55:31,43.5136604309082,-8.00933837890625,"Female"
"9004156",371990,2025-07-01 00:25:36,43.5139808654785,-8.00941276550293,"Female"
"9004156",371990,2025-07-01 00:55:33,43.514217376709,-8.00931644439697,"Female"
"9004156",371990,2025-07-01 01:25:33,43.5140647888184,-8.00899696350098,"Female"
"9004156",371990,2025-07-01 01:55:34,43.5141754150391,-8.00909996032715,"Female"
"9004156",371990,2025-07-01 02:25:41,43.5138092041016,-8.00938510894775,"Female"
"9004156",371990,2025-07-01 02:55:37,43.5135765075684,-8.00945663452148,"Female"
"9004156",371990,2025-07-01 03:25:43,43.5140228271484,-8.00930595397949,"Female"
"9004156",371990,2025-07-01 03:55:37,43.5137176513672,-8.00902080535889,"Female"
"9004156",371990,2025-07-01 04:25:37,43.513786315918,-8.00849533081055,"Female"
"9004156",371990,2025-07-01 04:55:56,43.5140495300293,-8.00925922393799,"Female"
"9004156",371990,2025-07-01 05:25:28,43.5140686035156,-8.00917148590088,"Female"
"9004156",371990,2025-07-01 05:55:38,43.514102935791,-8.00917816162109,"Female"
"9004156",371990,2025-07-01 06:25:38,43.514045715332,-8.00904369354248,"Female"
"9004156",371990,2025-07-01 06:55:31,43.5145111083984,-8.00936126708984,"Female"
"9004156",371990,2025-07-01 07:25:32,43.5142135620117,-8.00926971435547,"Female"
"9004156",371990,2025-07-01 07:55:29,43.513542175293,-8.0091552734375,"Female"
"9004156",371990,2025-07-01 08:25:37,43.5141372680664,-8.00902080535889,"Female"
"9004156",371990,2025-07-01 08:55:55,43.5142593383789,-8.0089111328125,"Female"
"9004156",371990,2025-07-01 09:25:34,43.5142402648926,-8.00901126861572,"Female"
"9004156",371990,2025-07-01 09:55:32,43.5144653320312,-8.00878047943115,"Female"
"9004156",371990,2025-07-01 10:25:27,43.5139846801758,-8.00940895080566,"Female"
"9004156",371990,2025-07-01 10:55:30,43.5141487121582,-8.00943470001221,"Female"
"9004156",371990,2025-07-01 11:27:59,43.5140647888184,-8.0089282989502,"Female"
"9004156",371990,2025-07-01 11:56:14,43.5140495300293,-8.00898742675781,"Female"
"9004156",371990,2025-07-01 12:25:38,43.5143661499023,-8.00898170471191,"Female"
"9004156",371990,2025-07-01 12:56:44,43.5139274597168,-8.00898361206055,"Female"
"9004156",371990,2025-07-01 13:25:34,43.5139503479004,-8.00915241241455,"Female"
"9004156",371990,2025-07-01 13:55:30,43.5140495300293,-8.00917816162109,"Female"
"9004156",371990,2025-07-01 14:25:59,43.5138740539551,-8.00908946990967,"Female"
"9004156",371990,2025-07-01 14:55:37,43.5140686035156,-8.0091609954834,"Female"
"9004156",371990,2025-07-01 15:26:05,43.5138778686523,-8.00908088684082,"Female"
"9004156",371990,2025-07-01 15:55:44,43.5139617919922,-8.00905418395996,"Female"
"9004156",371990,2025-07-01 16:25:29,43.513973236084,-8.00893688201904,"Female"
"9004156",371990,2025-07-01 16:55:44,43.5138931274414,-8.00894355773926,"Female"
"9004156",371990,2025-07-01 17:25:44,43.5138092041016,-8.00898456573486,"Female"
"9004156",371990,2025-07-01 17:55:45,43.5137977600098,-8.00904750823975,"Female"
"9004156",371990,2025-07-01 18:25:54,43.5136375427246,-8.00917720794678,"Female"
"9004156",371990,2025-07-01 18:55:59,43.5137519836426,-8.00899791717529,"Female"
"9004156",371990,2025-07-01 19:25:37,43.513786315918,-8.0090913772583,"Female"
"9004156",371990,2025-07-01 20:26:50,43.5139198303223,-8.00916862487793,"Female"
"9004156",371990,2025-07-01 20:55:44,43.5138816833496,-8.00895881652832,"Female"
"9004156",371990,2025-07-01 21:25:38,43.5139198303223,-8.00874423980713,"Female"
"9004156",371990,2025-07-01 21:55:30,43.5139694213867,-8.00955295562744,"Female"
"9004156",371990,2025-07-01 22:25:45,43.5138778686523,-8.0093355178833,"Female"
"9004156",371990,2025-07-01 22:55:45,43.5140113830566,-8.009108543396,"Female"
"9004156",371990,2025-07-01 23:26:05,43.5134544372559,-8.00827121734619,"Female"
"9004156",371990,2025-07-01 23:56:50,43.5137557983398,-8.00892925262451,"Female"
"9004156",371990,2025-07-02 00:25:42,43.5136299133301,-8.0087890625,"Female"
"9004156",371990,2025-07-02 00:56:01,43.5137252807617,-8.00899124145508,"Female"
"9004156",371990,2025-07-02 01:25:59,43.5139236450195,-8.00905323028564,"Female"
"9004156",371990,2025-07-02 01:56:05,43.5139045715332,-8.00905799865723,"Female"
"9004156",371990,2025-07-02 02:25:34,43.513843536377,-8.00889015197754,"Female"
"9004156",371990,2025-07-02 02:56:50,43.5138549804688,-8.00906276702881,"Female"
"9004156",371990,2025-07-02 03:26:50,43.5137710571289,-8.00909519195557,"Female"
"9004156",371990,2025-07-02 03:55:37,43.5138511657715,-8.00907135009766,"Female"
"9004156",371990,2025-07-02 04:25:37,43.513729095459,-8.00870513916016,"Female"
"9004156",371990,2025-07-02 04:55:46,43.5139198303223,-8.0092716217041,"Female"
"9004156",371990,2025-07-02 05:26:29,43.5138320922852,-8.0090503692627,"Female"
"9004156",371990,2025-07-02 05:55:44,43.5139236450195,-8.00893115997314,"Female"
"9004156",371990,2025-07-02 06:25:34,43.5139465332031,-8.00853729248047,"Female"
"9004156",371990,2025-07-02 06:55:45,43.5137062072754,-8.00917911529541,"Female"
"9004156",371990,2025-07-02 07:25:39,43.5139656066895,-8.00886631011963,"Female"
"9004156",371990,2025-07-02 07:55:37,43.5135879516602,-8.00887393951416,"Female"
"9004156",371990,2025-07-02 08:25:44,43.5135917663574,-8.00878620147705,"Female"
"9004156",371990,2025-07-02 08:55:44,43.513614654541,-8.00909328460693,"Female"
"9004156",371990,2025-07-02 09:25:31,43.5134963989258,-8.00898742675781,"Female"
"9004156",371990,2025-07-02 09:55:33,43.5138626098633,-8.00877571105957,"Female"
"9004156",371990,2025-07-02 10:25:29,43.5147438049316,-8.00820732116699,"Female"
"9004156",371990,2025-07-02 10:55:36,43.5141830444336,-8.00879859924316,"Female"
"9004156",371990,2025-07-02 11:25:29,43.5141944885254,-8.00888824462891,"Female"
"9004156",371990,2025-07-02 11:55:34,43.5141448974609,-8.00887012481689,"Female"
"9004156",371990,2025-07-02 12:25:42,43.5137748718262,-8.00907516479492,"Female"
"9004156",371990,2025-07-02 12:55:28,43.5140991210938,-8.00915718078613,"Female"
"9004156",371990,2025-07-02 13:25:34,43.5143203735352,-8.00834178924561,"Female"
"9004156",371990,2025-07-02 13:55:28,43.514087677002,-8.00897312164307,"Female"
"9004156",371990,2025-07-02 14:25:31,43.5140342712402,-8.00904560089111,"Female"
"9004156",371990,2025-07-02 14:55:42,43.5138511657715,-8.00913619995117,"Female"
"9004156",371990,2025-07-02 15:25:31,43.5141868591309,-8.00907325744629,"Female"
"9004156",371990,2025-07-02 15:55:49,43.5141983032227,-8.00914001464844,"Female"
"9004156",371990,2025-07-02 16:25:45,43.514087677002,-8.00903606414795,"Female"
"9004156",371990,2025-07-02 16:55:34,43.5137138366699,-8.00898361206055,"Female"
"9004156",371990,2025-07-02 17:25:37,43.513916015625,-8.00886535644531,"Female"
"9004156",371990,2025-07-02 17:55:42,43.5141067504883,-8.00894546508789,"Female"
"9004156",371990,2025-07-02 18:25:36,43.5147018432617,-8.00948238372803,"Female"
"9004156",371990,2025-07-02 18:55:39,43.5141105651855,-8.00914573669434,"Female"
"9004156",371990,2025-07-02 19:25:42,43.5139350891113,-8.0088996887207,"Female"
"9004156",371990,2025-07-02 19:55:34,43.513916015625,-8.00865840911865,"Female"
"9004156",371990,2025-07-02 20:25:28,43.514087677002,-8.0084228515625,"Female"
"9004156",371990,2025-07-02 20:55:38,43.5135803222656,-8.00817394256592,"Female"
"9004156",371990,2025-07-02 21:25:41,43.5145149230957,-8.00894069671631,"Female"
"9004156",371990,2025-07-02 21:55:29,43.5144424438477,-8.00923633575439,"Female"
"9004156",371990,2025-07-02 22:25:46,43.514461517334,-8.00810718536377,"Female"
"9004156",371990,2025-07-02 22:55:39,43.5139312744141,-8.00888252258301,"Female"
"9004156",371990,2025-07-02 23:25:34,43.5139007568359,-8.00895023345947,"Female"
"9004156",371990,2025-07-02 23:55:52,43.5140380859375,-8.00884532928467,"Female"
"9004156",371990,2025-07-03 00:25:55,43.5141334533691,-8.00895118713379,"Female"
"9004156",371990,2025-07-03 00:55:29,43.5138816833496,-8.00934028625488,"Female"
"9004156",371990,2025-07-03 01:25:29,43.5139579772949,-8.00937271118164,"Female"
"9004156",371990,2025-07-03 01:55:27,43.5139770507812,-8.00922298431396,"Female"
"9004156",371990,2025-07-03 02:25:27,43.5140800476074,-8.00913619995117,"Female"
"9004156",371990,2025-07-03 02:55:34,43.5141906738281,-8.00907135009766,"Female"
"9004156",371990,2025-07-03 03:25:45,43.5141716003418,-8.00894355773926,"Female"
"9004156",371990,2025-07-03 03:55:32,43.5141868591309,-8.00934410095215,"Female"
"9004156",371990,2025-07-03 04:25:40,43.513843536377,-8.00860214233398,"Female"
"9004156",371990,2025-07-03 04:55:42,43.5136985778809,-8.00857734680176,"Female"
"9004156",371990,2025-07-03 05:25:28,43.5136413574219,-8.00793361663818,"Female"
"9004156",371990,2025-07-03 05:55:45,43.5147666931152,-8.00956439971924,"Female"
"9004156",371990,2025-07-03 06:25:45,43.5143203735352,-8.00914287567139,"Female"
"9004156",371990,2025-07-03 06:55:59,43.5141868591309,-8.00930309295654,"Female"
"9004156",371990,2025-07-03 07:25:28,43.5143661499023,-8.0093240737915,"Female"
"9004156",371990,2025-07-03 07:55:59,43.513744354248,-8.00905323028564,"Female"
"9004156",371990,2025-07-03 08:25:28,43.5137748718262,-8.00930213928223,"Female"
"9004156",371990,2025-07-03 08:55:34,43.5139350891113,-8.00910663604736,"Female"
"9004156",371990,2025-07-03 09:25:27,43.5139503479004,-8.00855541229248,"Female"
"9004156",371990,2025-07-03 09:55:28,43.5139350891113,-8.00876235961914,"Female"
"9004156",371990,2025-07-03 10:25:44,43.5139503479004,-8.00767707824707,"Female"
"9004156",371990,2025-07-03 10:55:51,43.5141372680664,-8.00845336914062,"Female"
"9004156",371990,2025-07-03 11:25:37,43.5141105651855,-8.00860977172852,"Female"
"9004156",371990,2025-07-03 11:56:16,43.5139198303223,-8.0090446472168,"Female"
"9004156",371990,2025-07-03 12:25:59,43.5140419006348,-8.0091381072998,"Female"
"9004156",371990,2025-07-03 12:55:29,43.5139007568359,-8.00915813446045,"Female"
"9004156",371990,2025-07-03 13:25:30,43.5139579772949,-8.00904369354248,"Female"
"9004156",371990,2025-07-03 13:55:59,43.5139122009277,-8.0090970993042,"Female"
"9004156",371990,2025-07-03 14:25:29,43.5139427185059,-8.00917053222656,"Female"
"9004156",371990,2025-07-03 14:55:44,43.5139770507812,-8.00909805297852,"Female"
"9004156",371990,2025-07-03 15:25:45,43.5147171020508,-8.00946521759033,"Female"
"9004156",371990,2025-07-03 15:56:25,43.5141448974609,-8.00868320465088,"Female"
"9004156",371990,2025-07-03 16:25:30,43.5143585205078,-8.00900363922119,"Female"
"9004156",371990,2025-07-03 16:55:40,43.5141105651855,-8.00876140594482,"Female"
"9004156",371990,2025-07-03 17:25:46,43.514274597168,-8.0089054107666,"Female"
"9004156",371990,2025-07-03 17:55:59,43.5138702392578,-8.00906467437744,"Female"
"9004156",371990,2025-07-03 18:25:54,43.5137557983398,-8.00911808013916,"Female"
"9004156",371990,2025-07-03 20:25:40,43.5139122009277,-8.00872898101807,"Female"
"9004156",371990,2025-07-03 22:25:44,43.513542175293,-8.00880146026611,"Female"
"9004156",371990,2025-07-04 00:26:38,43.5146293640137,-8.00870990753174,"Female"
"9004156",371990,2025-07-04 02:25:43,43.5140151977539,-8.00889778137207,"Female"
"9004156",371990,2025-07-04 04:25:50,43.5138359069824,-8.00912570953369,"Female"
"9004156",371990,2025-07-04 06:25:32,43.5142059326172,-8.00858783721924,"Female"
"9004156",371990,2025-07-04 08:25:42,43.5140037536621,-8.00900173187256,"Female"
"9004156",371990,2025-07-04 12:25:31,43.5137596130371,-8.00988101959229,"Female"
"9004156",371990,2025-07-04 14:25:27,43.5152778625488,-8.00990200042725,"Female"
"9004156",371990,2025-07-04 16:26:08,43.5140686035156,-8.00903129577637,"Female"
"9004156",371990,2025-07-04 18:25:41,43.5136413574219,-8.0169563293457,"Female"
"9004157",371992,2025-05-13 15:05:06,42.3986854553223,-8.92145347595215,"Unknown"
"9004157",371992,2025-05-13 15:09:36,42.3988037109375,-8.92141914367676,"Unknown"
"9004157",371992,2025-05-13 15:14:44,42.398681640625,-8.92152118682861,"Unknown"
"9004157",371992,2025-05-13 15:20:57,42.3987655639648,-8.9212474822998,"Unknown"
"9004157",371992,2025-05-13 15:24:42,42.3992805480957,-8.92031860351562,"Unknown"
"9004157",371992,2025-05-13 15:29:45,42.4025115966797,-8.91697406768799,"Unknown"
"9004157",371992,2025-05-13 15:34:47,42.4031257629395,-8.9171667098999,"Unknown"
"9004157",371992,2025-05-13 15:39:42,42.4051513671875,-8.9166431427002,"Unknown"
"9004157",371992,2025-05-13 15:45:35,42.4054260253906,-8.9178409576416,"Unknown"
"9004157",371992,2025-05-13 15:49:33,42.406135559082,-8.91844367980957,"Unknown"
"9004157",371992,2025-05-13 15:54:42,42.4073829650879,-8.9188175201416,"Unknown"
"9004157",371992,2025-05-13 15:59:35,42.4080581665039,-8.9194974899292,"Unknown"
"9004157",371992,2025-05-13 16:04:34,42.4373245239258,-8.92808055877686,"Unknown"
"9004157",371992,2025-05-13 16:09:35,42.4497451782227,-8.92903423309326,"Unknown"
"9004157",371992,2025-05-13 16:14:34,42.4492988586426,-8.92912006378174,"Unknown"
"9004157",371992,2025-05-13 16:19:34,42.4498252868652,-8.92895984649658,"Unknown"
"9004157",371992,2025-05-13 16:24:36,42.4494895935059,-8.92907905578613,"Unknown"
"9004157",371992,2025-05-13 16:29:35,42.4494171142578,-8.92903804779053,"Unknown"
"9004157",371992,2025-05-13 16:35:05,42.4495887756348,-8.92912292480469,"Unknown"
"9004157",371992,2025-05-13 16:39:34,42.4496612548828,-8.92907333374023,"Unknown"
"9004157",371992,2025-05-13 16:44:34,42.4496269226074,-8.92909240722656,"Unknown"
"9004157",371992,2025-05-13 16:49:34,42.449577331543,-8.9291877746582,"Unknown"
"9004157",371992,2025-05-13 16:54:35,42.4495697021484,-8.9291877746582,"Unknown"
"9004157",371992,2025-05-13 16:59:34,42.4495315551758,-8.92916870117188,"Unknown"
"9004157",371992,2025-05-13 17:04:34,42.4495697021484,-8.92918014526367,"Unknown"
"9004157",371992,2025-05-13 17:09:34,42.4495162963867,-8.92933368682861,"Unknown"
"9004157",371992,2025-05-13 17:14:34,42.4495582580566,-8.92920780181885,"Unknown"
"9004157",371992,2025-05-13 17:19:34,42.4495735168457,-8.92913627624512,"Unknown"
"9004157",371992,2025-05-13 17:24:34,42.449520111084,-8.92916107177734,"Unknown"
"9004157",371992,2025-05-13 17:29:34,42.4495315551758,-8.9291410446167,"Unknown"
"9004157",371992,2025-05-13 17:34:34,42.4495735168457,-8.92915058135986,"Unknown"
"9004157",371992,2025-05-13 17:39:34,42.449577331543,-8.92918300628662,"Unknown"
"9004157",371992,2025-05-13 17:44:34,42.4494972229004,-8.92918014526367,"Unknown"
"9004157",371992,2025-05-13 17:49:34,42.4496459960938,-8.92913341522217,"Unknown"
"9004157",371992,2025-05-13 17:54:35,42.4495544433594,-8.92910766601562,"Unknown"
"9004157",371992,2025-05-13 17:59:34,42.4496459960938,-8.92917728424072,"Unknown"
"9004157",371992,2025-05-13 18:04:37,42.449592590332,-8.92923641204834,"Unknown"
"9004157",371992,2025-05-13 18:09:37,42.4495735168457,-8.92918586730957,"Unknown"
"9004157",371992,2025-05-13 18:15:05,42.4495239257812,-8.92917537689209,"Unknown"
"9004157",371992,2025-05-13 18:19:34,42.4495391845703,-8.92916774749756,"Unknown"
"9004157",371992,2025-05-13 18:24:34,42.4495277404785,-8.92917728424072,"Unknown"
"9004157",371992,2025-05-13 18:29:35,42.4494857788086,-8.92927074432373,"Unknown"
"9004157",371992,2025-05-13 18:34:34,42.4494705200195,-8.92927646636963,"Unknown"
"9004157",371992,2025-05-13 18:39:34,42.4495506286621,-8.9292163848877,"Unknown"
"9004157",371992,2025-05-13 18:44:34,42.4494590759277,-8.92926597595215,"Unknown"
"9004157",371992,2025-05-13 18:49:34,42.4494972229004,-8.92927932739258,"Unknown"
"9004157",371992,2025-05-13 18:54:34,42.4495010375977,-8.92924785614014,"Unknown"
"9004157",371992,2025-05-13 18:59:34,42.4494972229004,-8.92927742004395,"Unknown"
"9004157",371992,2025-05-13 19:04:34,42.4495010375977,-8.92922782897949,"Unknown"
"9004157",371992,2025-05-13 19:09:34,42.4495162963867,-8.92927551269531,"Unknown"
"9004157",371992,2025-05-13 19:14:34,42.4495277404785,-8.92924308776855,"Unknown"
"9004157",371992,2025-05-13 19:19:34,42.4092559814453,-8.92533493041992,"Unknown"
"9004157",371992,2025-05-13 19:24:34,42.4005928039551,-8.92095375061035,"Unknown"
"9004157",371992,2025-05-13 19:29:34,42.4006156921387,-8.92107105255127,"Unknown"
"9004157",371992,2025-05-13 19:34:34,42.4004974365234,-8.92102432250977,"Unknown"
"9004157",371992,2025-05-13 19:39:38,42.400463104248,-8.92077827453613,"Unknown"
"9004157",371992,2025-05-13 19:44:37,42.4006690979004,-8.92099189758301,"Unknown"
"9004157",371992,2025-05-13 19:49:40,42.400218963623,-8.92026996612549,"Unknown"
"9004157",371992,2025-05-13 19:54:43,42.400749206543,-8.92091274261475,"Unknown"
"9004157",371992,2025-05-13 19:59:34,42.4005279541016,-8.92098522186279,"Unknown"
"9004157",371992,2025-05-13 20:04:38,42.400520324707,-8.92101860046387,"Unknown"
"9004157",371992,2025-05-13 20:09:38,42.400505065918,-8.9209680557251,"Unknown"
"9004157",371992,2025-05-13 20:14:37,42.400463104248,-8.92094326019287,"Unknown"
"9004157",371992,2025-05-13 20:19:37,42.4004745483398,-8.92110252380371,"Unknown"
"9004157",371992,2025-05-13 20:24:38,42.4004020690918,-8.92088890075684,"Unknown"
"9004157",371992,2025-05-13 20:29:41,42.4001121520996,-8.92054748535156,"Unknown"
"9004157",371992,2025-05-13 20:34:43,42.4003715515137,-8.92046451568604,"Unknown"
"9004157",371992,2025-05-13 20:39:38,42.4004211425781,-8.92046737670898,"Unknown"
"9004157",371992,2025-05-13 20:44:40,42.4000701904297,-8.92021560668945,"Unknown"
"9004157",371992,2025-05-13 20:49:48,42.3997344970703,-8.91984558105469,"Unknown"
"9004157",371992,2025-05-13 20:54:35,42.3997192382812,-8.9197301864624,"Unknown"
"9004157",371992,2025-05-13 20:59:35,42.3999710083008,-8.92016983032227,"Unknown"
"9004157",371992,2025-05-13 21:04:35,42.3997917175293,-8.91982746124268,"Unknown"
"9004157",371992,2025-05-13 21:09:35,42.3996734619141,-8.91967678070068,"Unknown"
"9004157",371992,2025-05-13 21:14:35,42.3997650146484,-8.91966724395752,"Unknown"
"9004157",371992,2025-05-13 21:19:38,42.4001846313477,-8.92026329040527,"Unknown"
"9004157",371992,2025-05-13 21:24:38,42.4001998901367,-8.92038440704346,"Unknown"
"9004157",371992,2025-05-13 21:29:37,42.3999061584473,-8.91996383666992,"Unknown"
"9004157",371992,2025-05-13 21:34:38,42.4002914428711,-8.92042922973633,"Unknown"
"9004157",371992,2025-05-13 21:39:38,42.4003982543945,-8.92060279846191,"Unknown"
"9004157",371992,2025-05-13 21:44:34,42.3998336791992,-8.91976356506348,"Unknown"
"9004157",371992,2025-05-13 21:49:38,42.4004592895508,-8.92090606689453,"Unknown"
"9004157",371992,2025-05-13 21:54:34,42.3996276855469,-8.91902542114258,"Unknown"
"9004157",371992,2025-05-13 21:59:34,42.3994216918945,-8.9185266494751,"Unknown"
"9004157",371992,2025-05-13 22:04:35,42.3992652893066,-8.91819286346436,"Unknown"
"9004157",371992,2025-05-13 22:09:38,42.4007415771484,-8.92125511169434,"Unknown"
"9004157",371992,2025-05-13 22:14:36,42.4002151489258,-8.92019939422607,"Unknown"
"9004157",371992,2025-05-13 22:19:42,42.4007759094238,-8.92138195037842,"Unknown"
"9004157",371992,2025-05-13 22:25:05,42.400749206543,-8.92097568511963,"Unknown"
"9004157",371992,2025-05-13 22:29:38,42.4005165100098,-8.92072677612305,"Unknown"
"9004157",371992,2025-05-13 22:34:38,42.4008140563965,-8.92105770111084,"Unknown"
"9004157",371992,2025-05-13 22:39:40,42.4009666442871,-8.92100811004639,"Unknown"
"9004157",371992,2025-05-13 22:44:41,42.4008750915527,-8.92048358917236,"Unknown"
"9004157",371992,2025-05-13 22:49:41,42.4008255004883,-8.92126083374023,"Unknown"
"9004157",371992,2025-05-13 22:54:40,42.400505065918,-8.92067718505859,"Unknown"
"9004157",371992,2025-05-13 23:00:25,42.4004402160645,-8.92070388793945,"Unknown"
"9004157",371992,2025-05-13 23:05:07,42.4005088806152,-8.92071628570557,"Unknown"
"9004157",371992,2025-05-13 23:10:35,42.4004211425781,-8.92038822174072,"Unknown"
"9004157",371992,2025-05-13 23:16:05,42.4004974365234,-8.9210147857666,"Unknown"
"9004157",371992,2025-05-13 23:20:05,42.4008369445801,-8.92116451263428,"Unknown"
"9004157",371992,2025-05-13 23:25:04,42.4007759094238,-8.92125511169434,"Unknown"
"9004157",371992,2025-05-13 23:30:05,42.4006118774414,-8.92116451263428,"Unknown"
"9004157",371992,2025-05-13 23:35:44,42.4005584716797,-8.92070007324219,"Unknown"
"9004157",371992,2025-05-13 23:40:02,42.4005889892578,-8.92094230651855,"Unknown"
"9004157",371992,2025-05-13 23:45:07,42.4005928039551,-8.92077255249023,"Unknown"
"9004157",371992,2025-05-13 23:50:05,42.4005851745605,-8.92076301574707,"Unknown"
"9004157",371992,2025-05-13 23:56:18,42.400562286377,-8.9207592010498,"Unknown"
"9004157",371992,2025-05-14 00:01:05,42.4005165100098,-8.92076110839844,"Unknown"
"9004157",371992,2025-05-14 00:05:06,42.400463104248,-8.92068958282471,"Unknown"
"9004157",371992,2025-05-14 00:10:05,42.4008293151855,-8.92103004455566,"Unknown"
"9004157",371992,2025-05-14 00:15:10,42.4006690979004,-8.92084121704102,"Unknown"
"9004157",371992,2025-05-14 00:20:05,42.4006233215332,-8.92081737518311,"Unknown"
"9004157",371992,2025-05-14 00:25:04,42.400707244873,-8.92099952697754,"Unknown"
"9004157",371992,2025-05-14 00:30:06,42.4006423950195,-8.92098045349121,"Unknown"
"9004157",371992,2025-05-14 00:35:08,42.4006233215332,-8.92104625701904,"Unknown"
"9004157",371992,2025-05-14 00:40:34,42.4005737304688,-8.92088317871094,"Unknown"
"9004157",371992,2025-05-14 00:45:05,42.4006118774414,-8.92082977294922,"Unknown"
"9004157",371992,2025-05-14 00:50:03,42.4005661010742,-8.92093563079834,"Unknown"
"9004157",371992,2025-05-14 00:55:05,42.4006423950195,-8.921067237854,"Unknown"
"9004157",371992,2025-05-14 01:00:04,42.4005126953125,-8.92086791992188,"Unknown"
"9004157",371992,2025-05-14 01:05:05,42.4005470275879,-8.92084312438965,"Unknown"
"9004157",371992,2025-05-14 01:10:05,42.4005813598633,-8.92108726501465,"Unknown"
"9004157",371992,2025-05-14 01:15:11,42.4005279541016,-8.92071342468262,"Unknown"
"9004157",371992,2025-05-14 01:20:10,42.4006156921387,-8.92087459564209,"Unknown"
"9004157",371992,2025-05-14 01:25:25,42.400577545166,-8.92091178894043,"Unknown"
"9004157",371992,2025-05-14 01:30:11,42.400562286377,-8.92074680328369,"Unknown"
"9004157",371992,2025-05-14 01:35:05,42.400577545166,-8.92080974578857,"Unknown"
"9004157",371992,2025-05-14 01:40:07,42.400562286377,-8.92076873779297,"Unknown"
"9004157",371992,2025-05-14 01:45:09,42.4006538391113,-8.92094135284424,"Unknown"
"9004157",371992,2025-05-14 01:50:04,42.4006309509277,-8.92079067230225,"Unknown"
"9004157",371992,2025-05-14 01:55:10,42.4005851745605,-8.92082691192627,"Unknown"
"9004157",371992,2025-05-14 02:00:06,42.4006233215332,-8.92089748382568,"Unknown"
"9004157",371992,2025-05-14 02:05:06,42.4006233215332,-8.92055606842041,"Unknown"
"9004157",371992,2025-05-14 02:10:12,42.4006423950195,-8.9207181930542,"Unknown"
"9004157",371992,2025-05-14 02:15:05,42.4006195068359,-8.92089653015137,"Unknown"
"9004157",371992,2025-05-14 02:20:10,42.4005813598633,-8.92066955566406,"Unknown"
"9004157",371992,2025-05-14 02:25:05,42.4005737304688,-8.92067909240723,"Unknown"
"9004157",371992,2025-05-14 02:30:08,42.4005966186523,-8.92041683197021,"Unknown"
"9004157",371992,2025-05-14 02:35:06,42.4006614685059,-8.92068004608154,"Unknown"
"9004157",371992,2025-05-14 02:40:14,42.4004287719727,-8.92069149017334,"Unknown"
"9004157",371992,2025-05-14 02:45:08,42.4006958007812,-8.92073249816895,"Unknown"
"9004157",371992,2025-05-14 02:50:10,42.4001693725586,-8.92088794708252,"Unknown"
"9004157",371992,2025-05-14 02:55:09,42.4005393981934,-8.92084884643555,"Unknown"
"9004157",371992,2025-05-14 03:00:08,42.4004974365234,-8.92079067230225,"Unknown"
"9004157",371992,2025-05-14 03:05:07,42.4003982543945,-8.92085361480713,"Unknown"
"9004157",371992,2025-05-14 03:10:14,42.400634765625,-8.92089366912842,"Unknown"
"9004157",371992,2025-05-14 03:15:10,42.4006500244141,-8.92070198059082,"Unknown"
"9004157",371992,2025-05-14 03:20:06,42.4005661010742,-8.92069530487061,"Unknown"
"9004157",371992,2025-05-14 03:25:08,42.4004783630371,-8.92082023620605,"Unknown"
"9004157",371992,2025-05-14 03:30:08,42.4005813598633,-8.9207763671875,"Unknown"
"9004157",371992,2025-05-14 03:35:17,42.4005355834961,-8.92086982727051,"Unknown"
"9004157",371992,2025-05-14 03:40:37,42.4004745483398,-8.92064380645752,"Unknown"
"9004157",371992,2025-05-14 03:45:07,42.4004364013672,-8.92061996459961,"Unknown"
"9004157",371992,2025-05-14 03:50:07,42.4004669189453,-8.92072010040283,"Unknown"
"9004157",371992,2025-05-14 03:55:16,42.4005088806152,-8.92068767547607,"Unknown"
"9004157",371992,2025-05-14 04:00:12,42.4004783630371,-8.92070198059082,"Unknown"
"9004157",371992,2025-05-14 04:05:12,42.4005661010742,-8.92075061798096,"Unknown"
"9004157",371992,2025-05-14 04:10:12,42.4005813598633,-8.92077350616455,"Unknown"
"9004157",371992,2025-05-14 04:15:12,42.4006576538086,-8.92078876495361,"Unknown"
"9004157",371992,2025-05-14 04:20:18,42.4006233215332,-8.92077445983887,"Unknown"
"9004157",371992,2025-05-14 04:25:11,42.400707244873,-8.92083835601807,"Unknown"
"9004157",371992,2025-05-14 04:30:11,42.4006805419922,-8.92086315155029,"Unknown"
"9004157",371992,2025-05-14 04:36:27,42.4008026123047,-8.92073249816895,"Unknown"
"9004157",371992,2025-05-14 04:41:27,42.400806427002,-8.9207239151001,"Unknown"
"9004157",371992,2025-05-14 04:46:27,42.4006614685059,-8.92074584960938,"Unknown"
"9004157",371992,2025-05-14 04:50:05,42.4005661010742,-8.92077445983887,"Unknown"
"9004157",371992,2025-05-14 04:55:06,42.4005279541016,-8.92074489593506,"Unknown"
"9004157",371992,2025-05-14 05:00:04,42.4005508422852,-8.92077350616455,"Unknown"
"9004157",371992,2025-05-14 05:05:14,42.400520324707,-8.92063999176025,"Unknown"
"9004157",371992,2025-05-14 05:10:32,42.4005928039551,-8.92093944549561,"Unknown"
"9004157",371992,2025-05-14 05:15:02,42.4005699157715,-8.92109203338623,"Unknown"
"9004157",371992,2025-05-14 05:20:02,42.4005165100098,-8.92094612121582,"Unknown"
"9004157",371992,2025-05-14 05:25:02,42.4001922607422,-8.90553283691406,"Unknown"
"9004157",371992,2025-05-14 05:30:02,42.4003028869629,-8.90376949310303,"Unknown"
"9004157",371992,2025-05-14 05:35:02,42.4200057983398,-8.91298198699951,"Unknown"
"9004157",371992,2025-05-14 05:40:02,42.4541893005371,-8.93528175354004,"Unknown"
"9004157",371992,2025-05-14 05:45:02,42.4850959777832,-8.92851829528809,"Unknown"
"9004157",371992,2025-05-14 05:50:02,42.5022735595703,-8.88584327697754,"Unknown"
"9004157",371992,2025-05-14 05:55:41,42.5082664489746,-8.87383842468262,"Unknown"
"9004157",371992,2025-05-14 06:00:40,42.5087356567383,-8.87214088439941,"Unknown"
"9004157",371992,2025-05-14 06:05:42,42.5078163146973,-8.87112426757812,"Unknown"
"9004157",371992,2025-05-14 06:11:06,42.5082473754883,-8.87079620361328,"Unknown"
"9004157",371992,2025-05-14 06:16:06,42.5180435180664,-8.86562919616699,"Unknown"
"9004157",371992,2025-05-14 06:21:07,42.5183525085449,-8.86602878570557,"Unknown"
"9004157",371992,2025-05-14 06:26:06,42.5179328918457,-8.86544322967529,"Unknown"
"9004157",371992,2025-05-14 06:31:06,42.5180320739746,-8.86500549316406,"Unknown"
"9004157",371992,2025-05-14 06:36:06,42.5169143676758,-8.86251544952393,"Unknown"
"9004157",371992,2025-05-14 06:41:30,42.5162696838379,-8.86213684082031,"Unknown"
"9004157",371992,2025-05-14 06:46:30,42.5158004760742,-8.8633337020874,"Unknown"
"9004157",371992,2025-05-14 06:51:30,42.521068572998,-8.86121559143066,"Unknown"
"9004157",371992,2025-05-14 06:56:30,42.5211639404297,-8.86160945892334,"Unknown"
"9004157",371992,2025-05-14 07:02:00,42.5213241577148,-8.86095809936523,"Unknown"
"9004157",371992,2025-05-14 07:06:59,42.5223770141602,-8.86126708984375,"Unknown"
"9004157",371992,2025-05-14 07:13:21,42.5220260620117,-8.86121559143066,"Unknown"
"9004157",371992,2025-05-14 07:19:07,42.5203552246094,-8.86034870147705,"Unknown"
"9004157",371992,2025-05-14 07:24:36,42.5183029174805,-8.85969352722168,"Unknown"
"9004157",371992,2025-05-14 07:30:09,42.5166778564453,-8.85952377319336,"Unknown"
"9004157",371992,2025-05-14 07:35:23,42.5161399841309,-8.86122417449951,"Unknown"
"9004157",371992,2025-05-14 07:40:30,42.5161437988281,-8.86198997497559,"Unknown"
"9004157",371992,2025-05-14 07:45:30,42.5151329040527,-8.86330699920654,"Unknown"
"9004157",371992,2025-05-14 07:50:30,42.5139083862305,-8.86523628234863,"Unknown"
"9004157",371992,2025-05-14 07:55:31,42.5121803283691,-8.8645715713501,"Unknown"
"9004157",371992,2025-05-14 08:00:30,42.51220703125,-8.8646240234375,"Unknown"
"9004157",371992,2025-05-14 08:05:33,42.5122032165527,-8.86459445953369,"Unknown"
"9004157",371992,2025-05-14 08:10:30,42.5121574401855,-8.86455154418945,"Unknown"
"9004157",371992,2025-05-14 08:15:30,42.5121955871582,-8.86460399627686,"Unknown"
"9004157",371992,2025-05-14 08:20:30,42.5123443603516,-8.86487293243408,"Unknown"
"9004157",371992,2025-05-14 08:25:31,42.5121803283691,-8.8645601272583,"Unknown"
"9004157",371992,2025-05-14 08:30:32,42.5122871398926,-8.86476898193359,"Unknown"
"9004157",371992,2025-05-14 08:35:31,42.5122756958008,-8.86472129821777,"Unknown"
"9004157",371992,2025-05-14 08:40:30,42.5123252868652,-8.86477088928223,"Unknown"
"9004157",371992,2025-05-14 08:45:31,42.5124130249023,-8.86471843719482,"Unknown"
"9004157",371992,2025-05-14 08:50:30,42.5124282836914,-8.86479949951172,"Unknown"
"9004157",371992,2025-05-14 08:55:30,42.5124664306641,-8.86483573913574,"Unknown"
"9004157",371992,2025-05-14 09:01:01,42.511547088623,-8.86623477935791,"Unknown"
"9004157",371992,2025-05-14 09:06:46,42.5105056762695,-8.86818599700928,"Unknown"
"9004157",371992,2025-05-14 09:11:47,42.5111312866211,-8.87380599975586,"Unknown"
"9004157",371992,2025-05-14 09:16:46,42.5112266540527,-8.87552261352539,"Unknown"
"9004157",371992,2025-05-14 09:21:59,42.512523651123,-8.87558937072754,"Unknown"
"9004157",371992,2025-05-14 09:26:58,42.5123519897461,-8.87673759460449,"Unknown"
"9004157",371992,2025-05-14 09:31:59,42.5113334655762,-8.8785228729248,"Unknown"
"9004157",371992,2025-05-14 09:36:58,42.5111427307129,-8.87985706329346,"Unknown"
"9004157",371992,2025-05-14 09:41:59,42.5110244750977,-8.88087368011475,"Unknown"
"9004157",371992,2025-05-14 09:47:29,42.51025390625,-8.87905406951904,"Unknown"
"9004157",371992,2025-05-14 09:52:34,42.5114860534668,-8.87677574157715,"Unknown"
"9004157",371992,2025-05-14 09:58:09,42.511833190918,-8.87502002716064,"Unknown"
"9004157",371992,2025-05-14 10:03:07,42.5117568969727,-8.87466239929199,"Unknown"
"9004157",371992,2025-05-14 10:08:08,42.5122146606445,-8.87447643280029,"Unknown"
"9004157",371992,2025-05-14 10:13:32,42.5129890441895,-8.87268924713135,"Unknown"
"9004157",371992,2025-05-14 10:18:31,42.5126724243164,-8.87463760375977,"Unknown"
"9004157",371992,2025-05-14 10:23:50,42.5119972229004,-8.87437534332275,"Unknown"
"9004157",371992,2025-05-14 10:28:49,42.5115280151367,-8.87532520294189,"Unknown"
"9004157",371992,2025-05-14 10:33:48,42.5115966796875,-8.87377262115479,"Unknown"
"9004157",371992,2025-05-14 10:38:49,42.5120429992676,-8.87473964691162,"Unknown"
"9004157",371992,2025-05-14 10:43:48,42.5119514465332,-8.87382793426514,"Unknown"
"9004157",371992,2025-05-14 10:49:03,42.5123863220215,-8.87449836730957,"Unknown"
"9004157",371992,2025-05-14 10:54:50,42.5119132995605,-8.8755521774292,"Unknown"
"9004157",371992,2025-05-14 11:00:01,42.5118827819824,-8.87491989135742,"Unknown"
"9004157",371992,2025-05-14 11:04:59,42.5109672546387,-8.87493515014648,"Unknown"
"9004157",371992,2025-05-14 11:10:16,42.5104293823242,-8.87398147583008,"Unknown"
"9004157",371992,2025-05-14 11:15:14,42.5101661682129,-8.8731050491333,"Unknown"
"9004157",371992,2025-05-14 11:20:14,42.504810333252,-8.8803825378418,"Unknown"
"9004157",371992,2025-05-14 11:25:14,42.5048408508301,-8.88036155700684,"Unknown"
"9004157",371992,2025-05-14 11:30:14,42.5048522949219,-8.88030529022217,"Unknown"
"9004157",371992,2025-05-14 11:35:14,42.504768371582,-8.88031387329102,"Unknown"
"9004157",371992,2025-05-14 11:40:14,42.5048446655273,-8.88033390045166,"Unknown"
"9004157",371992,2025-05-14 11:45:14,42.5047569274902,-8.88023853302002,"Unknown"
"9004157",371992,2025-05-14 11:50:14,42.5048332214355,-8.88020133972168,"Unknown"
"9004157",371992,2025-05-14 11:55:14,42.5051956176758,-8.88078689575195,"Unknown"
"9004157",371992,2025-05-14 12:00:14,42.5050582885742,-8.88064098358154,"Unknown"
"9004157",371992,2025-05-14 12:05:14,42.5051727294922,-8.88084411621094,"Unknown"
"9004157",371992,2025-05-14 12:10:15,42.5049819946289,-8.88066959381104,"Unknown"
"9004157",371992,2025-05-14 12:15:14,42.5051116943359,-8.88055610656738,"Unknown"
"9004157",371992,2025-05-14 12:20:14,42.5051383972168,-8.8805980682373,"Unknown"
"9004157",371992,2025-05-14 12:25:14,42.5052185058594,-8.88065624237061,"Unknown"
"9004157",371992,2025-05-14 12:30:14,42.5051078796387,-8.88057231903076,"Unknown"
"9004157",371992,2025-05-14 12:35:14,42.5051078796387,-8.88076782226562,"Unknown"
"9004157",371992,2025-05-14 12:40:15,42.5051612854004,-8.88069152832031,"Unknown"
"9004157",371992,2025-05-14 12:45:14,42.5051765441895,-8.88059043884277,"Unknown"
"9004157",371992,2025-05-14 12:50:14,42.5052604675293,-8.88082504272461,"Unknown"
"9004157",371992,2025-05-14 12:55:14,42.5051765441895,-8.88065242767334,"Unknown"
"9004157",371992,2025-05-14 13:00:15,42.5046234130859,-8.88186836242676,"Unknown"
"9004157",371992,2025-05-14 13:05:16,42.5045967102051,-8.88175964355469,"Unknown"
"9004157",371992,2025-05-14 13:10:15,42.5048942565918,-8.8804988861084,"Unknown"
"9004157",371992,2025-05-14 13:15:14,42.5053024291992,-8.88055419921875,"Unknown"
"9004157",371992,2025-05-14 13:20:14,42.5052490234375,-8.8804292678833,"Unknown"
"9004157",371992,2025-05-14 13:25:14,42.5051803588867,-8.88045597076416,"Unknown"
"9004157",371992,2025-05-14 13:30:14,42.5051574707031,-8.88043117523193,"Unknown"
"9004157",371992,2025-05-14 13:35:14,42.505313873291,-8.88069152832031,"Unknown"
"9004157",371992,2025-05-14 13:40:14,42.509147644043,-8.87582206726074,"Unknown"
"9004157",371992,2025-05-14 13:45:15,42.5091743469238,-8.87289619445801,"Unknown"
"9004157",371992,2025-05-14 13:50:50,42.5072860717773,-8.8731632232666,"Unknown"
"9004157",371992,2025-05-14 13:56:09,42.5071640014648,-8.87170696258545,"Unknown"
"9004157",371992,2025-05-14 14:01:38,42.5086975097656,-8.87178134918213,"Unknown"
"9004157",371992,2025-05-14 14:07:13,42.5097808837891,-8.87247371673584,"Unknown"
"9004157",371992,2025-05-14 14:12:18,42.5102920532227,-8.87373161315918,"Unknown"
"9004157",371992,2025-05-14 14:17:18,42.5107841491699,-8.87436389923096,"Unknown"
"9004157",371992,2025-05-14 14:22:18,42.5111045837402,-8.87562561035156,"Unknown"
"9004157",371992,2025-05-14 14:28:00,42.5124015808105,-8.87559986114502,"Unknown"
"9004157",371992,2025-05-14 14:32:58,42.5122337341309,-8.87521839141846,"Unknown"
"9004157",371992,2025-05-14 14:37:59,42.5122337341309,-8.87351036071777,"Unknown"
"9004157",371992,2025-05-14 14:43:10,42.5124168395996,-8.87486839294434,"Unknown"
"9004157",371992,2025-05-14 14:48:53,42.5119705200195,-8.87702465057373,"Unknown"
"9004157",371992,2025-05-14 14:53:52,42.5116882324219,-8.87801074981689,"Unknown"
"9004157",371992,2025-05-14 14:59:18,42.5120010375977,-8.87670707702637,"Unknown"
"9004157",371992,2025-05-14 15:04:38,42.5116996765137,-8.87877082824707,"Unknown"
"9004157",371992,2025-05-14 15:09:42,42.5109443664551,-8.87738800048828,"Unknown"
"9004157",371992,2025-05-14 15:14:43,42.5100631713867,-8.87463760375977,"Unknown"
"9004157",371992,2025-05-14 15:20:06,42.5098419189453,-8.87544441223145,"Unknown"
"9004157",371992,2025-05-14 15:25:17,42.5097846984863,-8.87569427490234,"Unknown"
"9004157",371992,2025-05-14 15:30:16,42.5093231201172,-8.87322616577148,"Unknown"
"9004157",371992,2025-05-14 15:35:40,42.5087471008301,-8.87266254425049,"Unknown"
"9004157",371992,2025-05-14 15:40:40,42.5076904296875,-8.87272834777832,"Unknown"
"9004157",371992,2025-05-14 15:45:40,42.507209777832,-8.87303829193115,"Unknown"
"9004157",371992,2025-05-14 15:50:50,42.5069808959961,-8.87516975402832,"Unknown"
"9004157",371992,2025-05-14 15:55:49,42.5075874328613,-8.87331867218018,"Unknown"
"9004157",371992,2025-05-14 16:00:49,42.507682800293,-8.87391090393066,"Unknown"
"9004157",371992,2025-05-14 16:06:32,42.5075416564941,-8.87222576141357,"Unknown"
"9004157",371992,2025-05-14 16:11:58,42.5065231323242,-8.87400341033936,"Unknown"
"9004157",371992,2025-05-14 16:17:12,42.5072135925293,-8.87312602996826,"Unknown"
"9004157",371992,2025-05-14 16:22:16,42.5087547302246,-8.87281608581543,"Unknown"
"9004157",371992,2025-05-14 16:27:52,42.5100212097168,-8.87435626983643,"Unknown"
"9004157",371992,2025-05-14 16:32:53,42.5094833374023,-8.87590312957764,"Unknown"
"9004157",371992,2025-05-14 16:37:52,42.5047416687012,-8.88162136077881,"Unknown"
"9004157",371992,2025-05-14 16:42:52,42.5042381286621,-8.88254451751709,"Unknown"
"9004157",371992,2025-05-14 16:47:51,42.5042114257812,-8.88253211975098,"Unknown"
"9004157",371992,2025-05-14 16:52:51,42.5041847229004,-8.88248348236084,"Unknown"
"9004157",371992,2025-05-14 16:57:51,42.5042915344238,-8.88259410858154,"Unknown"
"9004157",371992,2025-05-14 17:02:51,42.5042037963867,-8.88255405426025,"Unknown"
"9004157",371992,2025-05-14 17:07:51,42.5041961669922,-8.8825159072876,"Unknown"
"9004157",371992,2025-05-14 17:13:03,42.5040283203125,-8.88278961181641,"Unknown"
"9004157",371992,2025-05-14 17:18:02,42.4953689575195,-8.89513778686523,"Unknown"
"9004157",371992,2025-05-14 17:23:02,42.4908638000488,-8.9030122756958,"Unknown"
"9004157",371992,2025-05-14 17:28:02,42.4909057617188,-8.90307807922363,"Unknown"
"9004157",371992,2025-05-14 17:33:02,42.4905548095703,-8.90271186828613,"Unknown"
"9004157",371992,2025-05-14 17:38:03,42.4905204772949,-8.90271472930908,"Unknown"
"9004157",371992,2025-05-14 17:43:03,42.4905204772949,-8.90275573730469,"Unknown"
"9004157",371992,2025-05-14 17:48:03,42.4852600097656,-8.9132776260376,"Unknown"
"9004157",371992,2025-05-14 17:53:03,42.4613151550293,-8.94240760803223,"Unknown"
"9004157",371992,2025-05-14 17:58:05,42.4065971374512,-8.92333507537842,"Unknown"
"9004157",371992,2025-05-14 18:03:03,42.4005470275879,-8.92065238952637,"Unknown"
"9004157",371992,2025-05-14 18:08:03,42.4001998901367,-8.92141532897949,"Unknown"
"9004157",371992,2025-05-14 18:13:03,42.4000968933105,-8.92161178588867,"Unknown"
"9004157",371992,2025-05-14 18:18:03,42.4001808166504,-8.92136192321777,"Unknown"
"9004157",371992,2025-05-14 18:23:03,42.4001998901367,-8.92154979705811,"Unknown"
"9004157",371992,2025-05-14 18:28:03,42.4003448486328,-8.92116355895996,"Unknown"
"9004157",371992,2025-05-14 18:33:03,42.4003219604492,-8.92136478424072,"Unknown"
"9004157",371992,2025-05-14 18:38:07,42.4004516601562,-8.92088317871094,"Unknown"
"9004157",371992,2025-05-14 18:43:04,42.4006004333496,-8.92120456695557,"Unknown"
"9004157",371992,2025-05-14 18:48:07,42.4003829956055,-8.92125225067139,"Unknown"
"9004157",371992,2025-05-14 18:53:05,42.4004669189453,-8.92116737365723,"Unknown"
"9004157",371992,2025-05-14 18:58:04,42.400447845459,-8.92082691192627,"Unknown"
"9004157",371992,2025-05-14 19:03:05,42.4006767272949,-8.92085266113281,"Unknown"
"9004157",371992,2025-05-14 19:08:04,42.4007720947266,-8.92069721221924,"Unknown"
"9004157",371992,2025-05-14 19:13:04,42.4007873535156,-8.92068862915039,"Unknown"
"9004157",371992,2025-05-14 19:18:05,42.4008102416992,-8.92080974578857,"Unknown"
"9004157",371992,2025-05-14 19:23:06,42.4006996154785,-8.92070198059082,"Unknown"
"9004157",371992,2025-05-14 19:28:07,42.4006805419922,-8.92130184173584,"Unknown"
"9004157",371992,2025-05-14 19:33:06,42.4008979797363,-8.92124176025391,"Unknown"
"9004157",371992,2025-05-14 19:38:03,42.4008865356445,-8.92048740386963,"Unknown"
"9004157",371992,2025-05-14 19:43:03,42.4009628295898,-8.92046642303467,"Unknown"
"9004157",371992,2025-05-14 19:48:03,42.4009399414062,-8.92042255401611,"Unknown"
"9004157",371992,2025-05-14 19:53:03,42.4009475708008,-8.92046165466309,"Unknown"
"9004157",371992,2025-05-14 19:58:06,42.4008827209473,-8.92033672332764,"Unknown"
"9004157",371992,2025-05-14 20:03:06,42.4008255004883,-8.92035102844238,"Unknown"
"9004157",371992,2025-05-14 20:08:05,42.4007835388184,-8.92039203643799,"Unknown"
"9004157",371992,2025-05-14 20:13:04,42.4009857177734,-8.92015552520752,"Unknown"
"9004157",371992,2025-05-14 20:18:03,42.4010124206543,-8.92028141021729,"Unknown"
"9004157",371992,2025-05-14 20:23:07,42.4010124206543,-8.92035865783691,"Unknown"
"9004157",371992,2025-05-14 20:28:04,42.4010162353516,-8.92040348052979,"Unknown"
"9004157",371992,2025-05-14 20:33:04,42.4009742736816,-8.92038822174072,"Unknown"
"9004157",371992,2025-05-14 20:38:06,42.4009399414062,-8.92042350769043,"Unknown"
"9004157",371992,2025-05-14 20:43:04,42.4010810852051,-8.92045307159424,"Unknown"
"9004157",371992,2025-05-14 20:48:13,42.4011116027832,-8.92046737670898,"Unknown"
"9004157",371992,2025-05-14 20:53:04,42.4004516601562,-8.91992950439453,"Unknown"
"9004157",371992,2025-05-14 20:58:16,42.4010772705078,-8.92064094543457,"Unknown"
"9004157",371992,2025-05-14 21:03:14,42.4012489318848,-8.92058563232422,"Unknown"
"9004157",371992,2025-05-14 21:08:07,42.4011611938477,-8.92069816589355,"Unknown"
"9004157",371992,2025-05-14 21:13:03,42.4015007019043,-8.9205493927002,"Unknown"
"9004157",371992,2025-05-14 21:18:03,42.4015007019043,-8.92084407806396,"Unknown"
"9004157",371992,2025-05-14 21:23:09,42.4011650085449,-8.92058563232422,"Unknown"
"9004157",371992,2025-05-14 21:28:11,42.401237487793,-8.92036914825439,"Unknown"
"9004157",371992,2025-05-14 21:33:06,42.4015808105469,-8.92123985290527,"Unknown"
"9004157",371992,2025-05-14 21:38:03,42.4010734558105,-8.92128944396973,"Unknown"
"9004157",371992,2025-05-14 21:43:04,42.4007873535156,-8.92128562927246,"Unknown"
"9004157",371992,2025-05-14 21:48:06,42.4007682800293,-8.9211893081665,"Unknown"
"9004157",371992,2025-05-14 21:53:03,42.4004135131836,-8.92077541351318,"Unknown"
"9004157",371992,2025-05-14 21:58:10,42.4009437561035,-8.92076587677002,"Unknown"
"9004157",371992,2025-05-14 22:03:03,42.401252746582,-8.92097854614258,"Unknown"
"9004157",371992,2025-05-14 22:08:04,42.4007759094238,-8.9210147857666,"Unknown"
"9004157",371992,2025-05-14 22:13:03,42.4009323120117,-8.9210844039917,"Unknown"
"9004157",371992,2025-05-14 22:18:04,42.400691986084,-8.92111587524414,"Unknown"
"9004157",371992,2025-05-14 22:23:03,42.400577545166,-8.92102336883545,"Unknown"
"9004157",371992,2025-05-14 22:28:03,42.4007911682129,-8.92117118835449,"Unknown"
"9004157",371992,2025-05-14 22:33:03,42.4007377624512,-8.92078304290771,"Unknown"
"9004157",371992,2025-05-14 22:38:11,42.4006652832031,-8.92118835449219,"Unknown"
"9004157",371992,2025-05-14 22:43:10,42.4006805419922,-8.92076778411865,"Unknown"
"9004157",371992,2025-05-14 22:48:12,42.40087890625,-8.92106819152832,"Unknown"
"9004157",371992,2025-05-14 22:53:04,42.4008369445801,-8.92171573638916,"Unknown"
"9004157",371992,2025-05-14 22:58:06,42.4007110595703,-8.9214973449707,"Unknown"
"9004157",371992,2025-05-14 23:03:04,42.4006271362305,-8.92158508300781,"Unknown"
"9004157",371992,2025-05-14 23:08:06,42.4007263183594,-8.92130279541016,"Unknown"
"9004157",371992,2025-05-14 23:13:11,42.4009628295898,-8.92104244232178,"Unknown"
"9004157",371992,2025-05-14 23:18:13,42.4019889831543,-8.91994190216064,"Unknown"
"9004157",371992,2025-05-14 23:23:07,42.4009819030762,-8.92111110687256,"Unknown"
"9004157",371992,2025-05-14 23:28:09,42.4008140563965,-8.92122459411621,"Unknown"
"9004157",371992,2025-05-14 23:33:09,42.4007759094238,-8.92136192321777,"Unknown"
"9004157",371992,2025-05-14 23:38:10,42.4007835388184,-8.92130279541016,"Unknown"
"9004157",371992,2025-05-14 23:43:09,42.4004745483398,-8.92170238494873,"Unknown"
"9004157",371992,2025-05-14 23:48:09,42.4008293151855,-8.92100429534912,"Unknown"
"9004157",371992,2025-05-14 23:53:12,42.4008674621582,-8.92098903656006,"Unknown"
"9004157",371992,2025-05-14 23:58:12,42.4008407592773,-8.92110633850098,"Unknown"
"9004157",371992,2025-05-15 00:03:12,42.4009971618652,-8.9210262298584,"Unknown"
"9004157",371992,2025-05-15 00:08:12,42.400764465332,-8.92123413085938,"Unknown"
"9004157",371992,2025-05-15 00:13:20,42.4004821777344,-8.92212772369385,"Unknown"
"9004157",371992,2025-05-15 00:18:06,42.4008941650391,-8.92123699188232,"Unknown"
"9004157",371992,2025-05-15 00:23:09,42.4008865356445,-8.9213924407959,"Unknown"
"9004157",371992,2025-05-15 00:28:11,42.4006042480469,-8.92165374755859,"Unknown"
"9004157",371992,2025-05-15 00:33:59,42.400749206543,-8.92059230804443,"Unknown"
"9004157",371992,2025-05-15 00:39:26,42.4006500244141,-8.92092990875244,"Unknown"
"9004157",371992,2025-05-15 00:43:30,42.4006156921387,-8.92102718353271,"Unknown"
"9004157",371992,2025-05-15 00:48:20,42.400577545166,-8.92115592956543,"Unknown"
"9004157",371992,2025-05-15 00:54:26,42.4006233215332,-8.92103958129883,"Unknown"
"9004157",371992,2025-05-15 00:59:26,42.4006614685059,-8.92095947265625,"Unknown"
"9004157",371992,2025-05-15 01:04:26,42.400749206543,-8.92075443267822,"Unknown"
"9004157",371992,2025-05-15 01:09:18,42.4007148742676,-8.92089653015137,"Unknown"
"9004157",371992,2025-05-15 01:13:07,42.4008674621582,-8.9202184677124,"Unknown"
"9004157",371992,2025-05-15 01:18:06,42.4007873535156,-8.92055511474609,"Unknown"
"9004157",371992,2025-05-15 01:23:04,42.4007034301758,-8.9212121963501,"Unknown"
"9004157",371992,2025-05-15 01:28:05,42.4003524780273,-8.92209815979004,"Unknown"
"9004157",371992,2025-05-15 01:33:09,42.4006996154785,-8.92137241363525,"Unknown"
"9004157",371992,2025-05-15 01:38:04,42.4006576538086,-8.92119693756104,"Unknown"
"9004157",371992,2025-05-15 01:43:12,42.4007186889648,-8.92141628265381,"Unknown"
"9004157",371992,2025-05-15 01:48:09,42.4006118774414,-8.92123699188232,"Unknown"
"9004157",371992,2025-05-15 01:53:07,42.4006080627441,-8.92099189758301,"Unknown"
"9004157",371992,2025-05-15 01:58:03,42.4007377624512,-8.92089462280273,"Unknown"
"9004157",371992,2025-05-15 02:03:09,42.4005584716797,-8.92164993286133,"Unknown"
"9004157",371992,2025-05-15 02:08:04,42.4005966186523,-8.9212007522583,"Unknown"
"9004157",371992,2025-05-15 02:13:12,42.4005432128906,-8.92156028747559,"Unknown"
"9004157",371992,2025-05-15 02:18:07,42.4004745483398,-8.92147636413574,"Unknown"
"9004157",371992,2025-05-15 02:23:06,42.4006271362305,-8.92126369476318,"Unknown"
"9004157",371992,2025-05-15 02:28:03,42.4004859924316,-8.92077732086182,"Unknown"
"9004157",371992,2025-05-15 02:33:05,42.4004974365234,-8.92066192626953,"Unknown"
"9004157",371992,2025-05-15 02:38:05,42.4003295898438,-8.91947841644287,"Unknown"
"9004157",371992,2025-05-15 02:43:12,42.4005470275879,-8.92120838165283,"Unknown"
"9004157",371992,2025-05-15 02:48:08,42.4002265930176,-8.92139053344727,"Unknown"
"9004157",371992,2025-05-15 02:53:07,42.4005241394043,-8.92107391357422,"Unknown"
"9004157",371992,2025-05-15 02:58:06,42.4005355834961,-8.92102909088135,"Unknown"
"9004157",371992,2025-05-15 03:03:05,42.4009017944336,-8.92175674438477,"Unknown"
"9004157",371992,2025-05-15 03:08:06,42.4006805419922,-8.92093372344971,"Unknown"
"9004157",371992,2025-05-15 03:13:05,42.4006805419922,-8.92099952697754,"Unknown"
"9004157",371992,2025-05-15 03:18:04,42.4008560180664,-8.92082214355469,"Unknown"
"9004157",371992,2025-05-15 03:23:03,42.4008522033691,-8.92083263397217,"Unknown"
"9004157",371992,2025-05-15 03:28:03,42.4008369445801,-8.92079448699951,"Unknown"
"9004157",371992,2025-05-15 03:33:03,42.4008445739746,-8.9210205078125,"Unknown"
"9004157",371992,2025-05-15 03:38:03,42.4009094238281,-8.92067527770996,"Unknown"
"9004157",371992,2025-05-15 03:43:03,42.4008560180664,-8.92082214355469,"Unknown"
"9004157",371992,2025-05-15 03:48:04,42.4009246826172,-8.9207239151001,"Unknown"
"9004157",371992,2025-05-15 03:53:06,42.4008140563965,-8.9210205078125,"Unknown"
"9004157",371992,2025-05-15 03:58:07,42.4010047912598,-8.92063522338867,"Unknown"
"9004157",371992,2025-05-15 04:03:07,42.4010353088379,-8.92071723937988,"Unknown"
"9004157",371992,2025-05-15 04:08:04,42.4009323120117,-8.92092132568359,"Unknown"
"9004157",371992,2025-05-15 04:13:06,42.4008941650391,-8.92099380493164,"Unknown"
"9004157",371992,2025-05-15 04:18:04,42.4009742736816,-8.92080974578857,"Unknown"
"9004157",371992,2025-05-15 04:23:04,42.4008598327637,-8.92109298706055,"Unknown"
"9004157",371992,2025-05-15 04:28:04,42.4008560180664,-8.92125701904297,"Unknown"
"9004157",371992,2025-05-15 04:33:04,42.4007949829102,-8.9213171005249,"Unknown"
"9004157",371992,2025-05-15 04:38:03,42.4008636474609,-8.92111682891846,"Unknown"
"9004157",371992,2025-05-15 04:43:03,42.4007797241211,-8.92128467559814,"Unknown"
"9004157",371992,2025-05-15 04:48:03,42.4008903503418,-8.92120838165283,"Unknown"
"9004157",371992,2025-05-15 04:53:03,42.4007415771484,-8.92140579223633,"Unknown"
"9004157",371992,2025-05-15 04:58:03,42.4007034301758,-8.92159748077393,"Unknown"
"9004157",371992,2025-05-15 05:03:03,42.400764465332,-8.92144966125488,"Unknown"
"9004157",371992,2025-05-15 05:08:03,42.4007606506348,-8.92140960693359,"Unknown"
"9004157",371992,2025-05-15 05:13:03,42.4007568359375,-8.92138481140137,"Unknown"
"9004157",371992,2025-05-15 05:18:04,42.4008026123047,-8.92147636413574,"Unknown"
"9004157",371992,2025-05-15 05:23:03,42.3990058898926,-8.92139530181885,"Unknown"
"9004157",371992,2025-05-15 05:28:03,42.3979835510254,-8.92060375213623,"Unknown"
"9004157",371992,2025-05-15 05:33:03,42.3979454040527,-8.9205379486084,"Unknown"
"9004157",371992,2025-05-15 05:38:03,42.3979301452637,-8.92050075531006,"Unknown"
"9004157",371992,2025-05-15 05:43:07,42.3980178833008,-8.92061710357666,"Unknown"
"9004157",371992,2025-05-15 05:48:06,42.3978729248047,-8.92066669464111,"Unknown"
"9004157",371992,2025-05-15 05:53:13,42.3979415893555,-8.92064762115479,"Unknown"
"9004157",371992,2025-05-15 05:58:07,42.3978424072266,-8.92069339752197,"Unknown"
"9004157",371992,2025-05-15 06:03:04,42.3980979919434,-8.92062950134277,"Unknown"
"9004157",371992,2025-05-15 06:08:03,42.3977699279785,-8.92101573944092,"Unknown"
"9004157",371992,2025-05-15 06:13:04,42.3988609313965,-8.91519165039062,"Unknown"
"9004157",371992,2025-05-15 06:18:03,42.403190612793,-8.90090274810791,"Unknown"
"9004157",371992,2025-05-15 06:23:57,42.4058456420898,-8.89828968048096,"Unknown"
"9004157",371992,2025-05-15 06:29:58,42.4051551818848,-8.89774608612061,"Unknown"
"9004157",371992,2025-05-15 06:34:57,42.4044036865234,-8.89787578582764,"Unknown"
"9004157",371992,2025-05-15 06:39:57,42.4021873474121,-8.89387607574463,"Unknown"
"9004157",371992,2025-05-15 06:45:11,42.406681060791,-8.88873195648193,"Unknown"
"9004157",371992,2025-05-15 06:50:10,42.4151229858398,-8.88964748382568,"Unknown"
"9004157",371992,2025-05-15 06:55:11,42.4173431396484,-8.88749885559082,"Unknown"
"9004157",371992,2025-05-15 07:00:11,42.4190101623535,-8.88790988922119,"Unknown"
"9004157",371992,2025-05-15 07:05:10,42.4471969604492,-8.91062355041504,"Unknown"
"9004157",371992,2025-05-15 07:10:10,42.471248626709,-8.94158840179443,"Unknown"
"9004157",371992,2025-05-15 07:15:10,42.4934196472168,-8.91046333312988,"Unknown"
"9004157",371992,2025-05-15 07:20:10,42.5000839233398,-8.8961763381958,"Unknown"
"9004157",371992,2025-05-15 07:25:10,42.5067863464355,-8.87440872192383,"Unknown"
"9004157",371992,2025-05-15 07:30:23,42.5066986083984,-8.87220191955566,"Unknown"
"9004157",371992,2025-05-15 07:35:23,42.507007598877,-8.87128925323486,"Unknown"
"9004157",371992,2025-05-15 07:40:40,42.5063171386719,-8.8742208480835,"Unknown"
"9004157",371992,2025-05-15 07:46:11,42.5060577392578,-8.87240791320801,"Unknown"
"9004157",371992,2025-05-15 07:51:10,42.506664276123,-8.87354183197021,"Unknown"
"9004157",371992,2025-05-15 07:56:50,42.5065841674805,-8.87190341949463,"Unknown"
"9004157",371992,2025-05-15 08:02:24,42.5076904296875,-8.87100791931152,"Unknown"
"9004157",371992,2025-05-15 08:07:21,42.5071334838867,-8.87387561798096,"Unknown"
"9004157",371992,2025-05-15 08:12:30,42.5076675415039,-8.8726167678833,"Unknown"
"9004157",371992,2025-05-15 08:17:44,42.5068855285645,-8.87295627593994,"Unknown"
"9004157",371992,2025-05-15 08:22:48,42.5126152038574,-8.86474514007568,"Unknown"
"9004157",371992,2025-05-15 08:27:47,42.5126190185547,-8.86483764648438,"Unknown"
"9004157",371992,2025-05-15 08:32:56,42.5124931335449,-8.86474132537842,"Unknown"
"9004157",371992,2025-05-15 08:37:44,42.5122032165527,-8.86431980133057,"Unknown"
"9004157",371992,2025-05-15 08:43:02,42.5125045776367,-8.86465549468994,"Unknown"
"9004157",371992,2025-05-15 08:47:44,42.516414642334,-8.86163139343262,"Unknown"
"9004157",371992,2025-05-15 08:53:02,42.5170021057129,-8.86282539367676,"Unknown"
"9004157",371992,2025-05-15 08:58:31,42.5163650512695,-8.86076927185059,"Unknown"
"9004157",371992,2025-05-15 09:04:11,42.5171012878418,-8.85881900787354,"Unknown"
"9004157",371992,2025-05-15 09:09:48,42.5180130004883,-8.85746002197266,"Unknown"
"9004157",371992,2025-05-15 09:15:36,42.5165519714355,-8.85704898834229,"Unknown"
"9004157",371992,2025-05-15 09:20:38,42.5164222717285,-8.85861968994141,"Unknown"
"9004157",371992,2025-05-15 09:26:01,42.5152587890625,-8.8586311340332,"Unknown"
"9004157",371992,2025-05-15 09:31:42,42.514102935791,-8.85959911346436,"Unknown"
"9004157",371992,2025-05-15 09:37:09,42.5145874023438,-8.85965156555176,"Unknown"
"9004157",371992,2025-05-15 09:42:24,42.5150604248047,-8.85849285125732,"Unknown"
"9004157",371992,2025-05-15 09:47:46,42.5161170959473,-8.85797691345215,"Unknown"
"9004157",371992,2025-05-15 09:53:00,42.5152244567871,-8.85906887054443,"Unknown"
"9004157",371992,2025-05-15 09:57:59,42.5015754699707,-8.88601589202881,"Unknown"
"9004157",371992,2025-05-15 10:03:00,42.4767112731934,-8.94057750701904,"Unknown"
"9004157",371992,2025-05-15 10:08:00,42.4702415466309,-8.94327831268311,"Unknown"
"9004157",371992,2025-05-15 10:13:01,42.4703140258789,-8.94338130950928,"Unknown"
"9004157",371992,2025-05-15 10:18:01,42.4704780578613,-8.94398784637451,"Unknown"
"9004157",371992,2025-05-15 10:23:05,42.4702110290527,-8.94289112091064,"Unknown"
"9004157",371992,2025-05-15 10:28:04,42.4702072143555,-8.94289875030518,"Unknown"
"9004157",371992,2025-05-15 10:33:05,42.4702301025391,-8.94277095794678,"Unknown"
"9004157",371992,2025-05-15 10:38:06,42.427978515625,-8.92962265014648,"Unknown"
"9004157",371992,2025-05-15 10:43:05,42.3995018005371,-8.9202184677124,"Unknown"
"9004157",371992,2025-05-15 10:48:07,42.3994407653809,-8.92017269134521,"Unknown"
"9004157",371992,2025-05-15 10:59:22,42.3990745544434,-8.92094039916992,"Unknown"
"9004157",371992,2025-05-15 11:03:12,42.3987731933594,-8.91977977752686,"Unknown"
"9004157",371992,2025-05-15 11:08:04,42.3987693786621,-8.91959285736084,"Unknown"
"9004157",371992,2025-05-15 11:13:06,42.3986701965332,-8.92024421691895,"Unknown"
"9004157",371992,2025-05-15 11:18:01,42.3990287780762,-8.92046928405762,"Unknown"
"9004157",371992,2025-05-15 11:23:14,42.3985404968262,-8.92016220092773,"Unknown"
"9004157",371992,2025-05-15 11:28:05,42.4009399414062,-8.91957092285156,"Unknown"
"9004157",371992,2025-05-15 11:33:06,42.4006996154785,-8.91857147216797,"Unknown"
"9004157",371992,2025-05-15 11:38:05,42.4007148742676,-8.91893482208252,"Unknown"
"9004157",371992,2025-05-15 11:43:06,42.400764465332,-8.91909217834473,"Unknown"
"9004157",371992,2025-05-15 11:48:10,42.4009971618652,-8.92036056518555,"Unknown"
"9004157",371992,2025-05-15 11:52:59,42.4011001586914,-8.92033100128174,"Unknown"
"9004157",371992,2025-05-15 11:57:58,42.401123046875,-8.92025184631348,"Unknown"
"9004157",371992,2025-05-15 12:02:59,42.4010543823242,-8.92048740386963,"Unknown"
"9004157",371992,2025-05-15 12:08:00,42.4009704589844,-8.92055892944336,"Unknown"
"9004157",371992,2025-05-15 12:13:00,42.4016914367676,-8.92082214355469,"Unknown"
"9004157",371992,2025-05-15 12:18:00,42.4016265869141,-8.920823097229,"Unknown"
"9004157",371992,2025-05-15 12:23:00,42.4095916748047,-8.92062377929688,"Unknown"
"9004157",371992,2025-05-15 12:28:00,42.4374923706055,-8.92376518249512,"Unknown"
"9004157",371992,2025-05-15 12:33:03,42.4426612854004,-8.92594718933105,"Unknown"
"9004157",371992,2025-05-15 12:38:04,42.4572410583496,-8.93901538848877,"Unknown"
"9004157",371992,2025-05-15 12:43:01,42.47998046875,-8.93791675567627,"Unknown"
"9004157",371992,2025-05-15 12:48:14,42.5042495727539,-8.88384819030762,"Unknown"
"9004157",371992,2025-05-15 12:53:11,42.5077056884766,-8.87557888031006,"Unknown"
"9004157",371992,2025-05-15 12:58:00,42.5080680847168,-8.87310123443604,"Unknown"
"9004157",371992,2025-05-15 13:03:04,42.5077667236328,-8.87074279785156,"Unknown"
"9004157",371992,2025-05-15 13:09:06,42.5076446533203,-8.87008094787598,"Unknown"
"9004157",371992,2025-05-15 13:15:10,42.5093307495117,-8.86939144134521,"Unknown"
"9004157",371992,2025-05-15 13:20:49,42.5089378356934,-8.87104320526123,"Unknown"
"9004157",371992,2025-05-15 13:25:56,42.5065956115723,-8.87199687957764,"Unknown"
"9004157",371992,2025-05-15 13:31:10,42.5061950683594,-8.87206649780273,"Unknown"
"9004157",371992,2025-05-15 13:36:29,42.506763458252,-8.87240695953369,"Unknown"
"9004157",371992,2025-05-15 13:41:43,42.5080757141113,-8.87222194671631,"Unknown"
"9004157",371992,2025-05-15 14:02:05,42.5061149597168,-8.86380577087402,"Unknown"
"9004157",371992,2025-05-15 14:07:08,42.5044250488281,-8.86139488220215,"Unknown"
"9004157",371992,2025-05-15 14:12:08,42.5035133361816,-8.86066150665283,"Unknown"
"9004157",371992,2025-05-15 14:17:06,42.5034065246582,-8.86124324798584,"Unknown"
"9004157",371992,2025-05-15 14:22:00,42.503490447998,-8.86151504516602,"Unknown"
"9004157",371992,2025-05-15 14:27:36,42.50341796875,-8.86179828643799,"Unknown"
"9004157",371992,2025-05-15 14:32:36,42.5034103393555,-8.86180400848389,"Unknown"
"9004157",371992,2025-05-15 14:37:40,42.5033912658691,-8.86182880401611,"Unknown"
"9004157",371992,2025-05-15 14:42:36,42.5033798217773,-8.8618221282959,"Unknown"
"9004157",371992,2025-05-15 14:47:36,42.5033798217773,-8.86185169219971,"Unknown"
"9004157",371992,2025-05-15 14:52:36,42.5033798217773,-8.86185073852539,"Unknown"
"9004157",371992,2025-05-15 14:57:36,42.5033950805664,-8.86185169219971,"Unknown"
"9004157",371992,2025-05-15 15:03:02,42.5033531188965,-8.86190032958984,"Unknown"
"9004157",371992,2025-05-15 15:07:36,42.5033798217773,-8.86186790466309,"Unknown"
"9004157",371992,2025-05-15 15:12:36,42.5033531188965,-8.86187934875488,"Unknown"
"9004157",371992,2025-05-15 15:17:36,42.5035171508789,-8.86179065704346,"Unknown"
"9004157",371992,2025-05-15 15:22:36,42.5035209655762,-8.86177539825439,"Unknown"
"9004157",371992,2025-05-15 15:27:34,42.5032920837402,-8.86187934875488,"Unknown"
"9004157",371992,2025-05-15 15:32:36,42.5033073425293,-8.86192512512207,"Unknown"
"9004157",371992,2025-05-15 15:37:36,42.5034027099609,-8.86184692382812,"Unknown"
"9004157",371992,2025-05-15 15:42:36,42.5032920837402,-8.86189079284668,"Unknown"
"9004157",371992,2025-05-15 15:47:36,42.5032424926758,-8.86190795898438,"Unknown"
"9004157",371992,2025-05-15 15:52:36,42.5032653808594,-8.86186408996582,"Unknown"
"9004157",371992,2025-05-15 15:57:36,42.5033302307129,-8.86191082000732,"Unknown"
"9004157",371992,2025-05-15 16:02:37,42.5035095214844,-8.86204719543457,"Unknown"
"9004157",371992,2025-05-15 16:07:36,42.5034523010254,-8.86186599731445,"Unknown"
"9004157",371992,2025-05-15 16:12:36,42.5033378601074,-8.86176586151123,"Unknown"
"9004157",371992,2025-05-15 16:17:36,42.5032653808594,-8.86182689666748,"Unknown"
"9004157",371992,2025-05-15 16:22:36,42.5031967163086,-8.86191082000732,"Unknown"
"9004157",371992,2025-05-15 16:27:36,42.5032958984375,-8.86181926727295,"Unknown"
"9004157",371992,2025-05-15 16:32:36,42.5034523010254,-8.86191844940186,"Unknown"
"9004157",371992,2025-05-15 16:37:36,42.5033760070801,-8.86148166656494,"Unknown"
"9004157",371992,2025-05-15 16:42:39,42.5032653808594,-8.86166572570801,"Unknown"
"9004157",371992,2025-05-15 16:47:39,42.5032577514648,-8.86159420013428,"Unknown"
"9004157",371992,2025-05-15 16:52:42,42.5031852722168,-8.86207580566406,"Unknown"
"9004157",371992,2025-05-15 16:57:39,42.5031623840332,-8.8615608215332,"Unknown"
"9004157",371992,2025-05-15 17:02:42,42.5028610229492,-8.8606128692627,"Unknown"
"9004157",371992,2025-05-15 17:07:55,42.5034332275391,-8.86156940460205,"Unknown"
"9004157",371992,2025-05-15 17:12:57,42.5030364990234,-8.86098766326904,"Unknown"
"9004157",371992,2025-05-15 17:17:53,42.5030937194824,-8.86106300354004,"Unknown"
"9004157",371992,2025-05-15 17:27:37,42.5078353881836,-8.87227344512939,"Unknown"
"9004157",371992,2025-05-15 17:32:44,42.5080795288086,-8.8718433380127,"Unknown"
"9004157",371992,2025-05-15 17:39:36,42.5058555603027,-8.87358570098877,"Unknown"
"9004157",371992,2025-05-15 17:46:11,42.507022857666,-8.87533092498779,"Unknown"
"9004157",371992,2025-05-15 18:04:35,42.5102272033691,-8.87887859344482,"Unknown"
"9004157",371992,2025-05-15 18:10:37,42.5081367492676,-8.88199043273926,"Unknown"
"9004157",371992,2025-05-15 18:15:40,42.5063743591309,-8.88406753540039,"Unknown"
"9004157",371992,2025-05-15 18:20:39,42.5051879882812,-8.88663673400879,"Unknown"
"9004157",371992,2025-05-15 18:25:42,42.504810333252,-8.88813018798828,"Unknown"
"9004157",371992,2025-05-15 18:30:40,42.4983024597168,-8.89727783203125,"Unknown"
"9004157",371992,2025-05-15 18:35:41,42.4982604980469,-8.89877128601074,"Unknown"
"9004157",371992,2025-05-15 18:40:43,42.4983863830566,-8.89901161193848,"Unknown"
"9004157",371992,2025-05-15 18:45:41,42.4981956481934,-8.89882564544678,"Unknown"
"9004157",371992,2025-05-15 18:50:39,42.4983329772949,-8.89880561828613,"Unknown"
"9004157",371992,2025-05-15 18:55:40,42.4983444213867,-8.89869499206543,"Unknown"
"9004157",371992,2025-05-15 19:00:40,42.4983062744141,-8.89880275726318,"Unknown"
"9004157",371992,2025-05-15 19:05:40,42.4978675842285,-8.89802360534668,"Unknown"
"9004157",371992,2025-05-15 19:10:41,42.4620056152344,-8.94501399993896,"Unknown"
"9004157",371992,2025-05-15 19:15:41,42.4093246459961,-8.93411827087402,"Unknown"
"9004157",371992,2025-05-15 19:21:58,42.3988342285156,-8.92078018188477,"Unknown"
"9004157",371992,2025-05-15 19:26:30,42.3987884521484,-8.92098331451416,"Unknown"
"9004157",371992,2025-05-15 19:35:48,42.3988075256348,-8.92094993591309,"Unknown"
"9004157",371992,2025-05-15 19:40:45,42.3988418579102,-8.9210262298584,"Unknown"
"9004157",371992,2025-05-15 19:45:46,42.3987312316895,-8.9209680557251,"Unknown"
"9004157",371992,2025-05-15 19:50:43,42.3987731933594,-8.92093849182129,"Unknown"
"9004157",371992,2025-05-15 19:55:48,42.3986282348633,-8.92076969146729,"Unknown"
"9004157",371992,2025-05-15 20:00:42,42.3997039794922,-8.92278385162354,"Unknown"
"9004157",371992,2025-05-15 20:05:45,42.3987770080566,-8.92117023468018,"Unknown"
"9004157",371992,2025-05-15 20:10:42,42.3986701965332,-8.92088317871094,"Unknown"
"9004157",371992,2025-05-15 20:15:51,42.3990287780762,-8.9225025177002,"Unknown"
"9004157",371992,2025-05-15 20:21:25,42.3986053466797,-8.92125129699707,"Unknown"
"9004157",371992,2025-05-15 20:27:01,42.3988800048828,-8.92187118530273,"Unknown"
"9004157",371992,2025-05-15 20:30:52,42.3988952636719,-8.92119693756104,"Unknown"
"9004157",371992,2025-05-15 20:37:02,42.3989143371582,-8.92092132568359,"Unknown"
"9004157",371992,2025-05-15 20:42:02,42.3989028930664,-8.92073440551758,"Unknown"
"9004157",371992,2025-05-15 20:47:02,42.3988876342773,-8.92122268676758,"Unknown"
"9004157",371992,2025-05-15 20:50:45,42.3988952636719,-8.92118740081787,"Unknown"
"9004157",371992,2025-05-15 20:56:37,42.3988571166992,-8.921067237854,"Unknown"
"9004157",371992,2025-05-15 21:00:43,42.3988609313965,-8.92108154296875,"Unknown"
"9004157",371992,2025-05-15 21:05:42,42.3985557556152,-8.92152786254883,"Unknown"
"9004157",371992,2025-05-15 21:10:43,42.3992156982422,-8.92073822021484,"Unknown"
"9004157",371992,2025-05-15 21:15:39,42.3991203308105,-8.9208812713623,"Unknown"
"9004157",371992,2025-05-15 21:20:42,42.3991279602051,-8.92079162597656,"Unknown"
"9004157",371992,2025-05-15 21:25:48,42.3988304138184,-8.92122936248779,"Unknown"
"9004157",371992,2025-05-15 21:30:39,42.3989753723145,-8.9210090637207,"Unknown"
"9004157",371992,2025-05-15 21:35:42,42.3996963500977,-8.9205322265625,"Unknown"
"9004157",371992,2025-05-15 21:40:42,42.3995399475098,-8.92041873931885,"Unknown"
"9004157",371992,2025-05-15 21:45:51,42.3988265991211,-8.92029094696045,"Unknown"
"9004157",371992,2025-05-15 21:50:41,42.3988265991211,-8.92020988464355,"Unknown"
"9004157",371992,2025-05-15 21:55:49,42.3988838195801,-8.92081642150879,"Unknown"
"9004157",371992,2025-05-15 22:00:42,42.3987236022949,-8.92090702056885,"Unknown"
"9004157",371992,2025-05-15 22:05:48,42.3989601135254,-8.92077350616455,"Unknown"
"9004157",371992,2025-05-15 22:10:45,42.3989753723145,-8.92135524749756,"Unknown"
"9004157",371992,2025-05-15 22:15:59,42.3990097045898,-8.92102241516113,"Unknown"
"9004157",371992,2025-05-15 22:20:41,42.3986473083496,-8.92081260681152,"Unknown"
"9004157",371992,2025-05-15 22:26:27,42.3988876342773,-8.92123413085938,"Unknown"
"9004157",371992,2025-05-15 22:30:40,42.3990821838379,-8.92084884643555,"Unknown"
"9004157",371992,2025-05-15 22:35:39,42.3989791870117,-8.9208812713623,"Unknown"
"9004157",371992,2025-05-15 22:40:40,42.3989753723145,-8.92122173309326,"Unknown"
"9004157",371992,2025-05-15 22:45:40,42.3990516662598,-8.92133331298828,"Unknown"
"9004157",371992,2025-05-15 22:51:05,42.3988151550293,-8.92111873626709,"Unknown"
"9004157",371992,2025-05-15 22:55:56,42.3988075256348,-8.92136287689209,"Unknown"
"9004157",371992,2025-05-15 23:01:05,42.3988037109375,-8.92071056365967,"Unknown"
"9004157",371992,2025-05-15 23:05:48,42.3987846374512,-8.92137050628662,"Unknown"
"9004157",371992,2025-05-15 23:10:53,42.3987846374512,-8.92099666595459,"Unknown"
"9004157",371992,2025-05-15 23:16:18,42.3987083435059,-8.92014598846436,"Unknown"
"9004157",371992,2025-05-15 23:21:18,42.3988075256348,-8.92129707336426,"Unknown"
"9004157",371992,2025-05-15 23:26:10,42.3988418579102,-8.92160892486572,"Unknown"
"9004157",371992,2025-05-15 23:30:41,42.3989410400391,-8.92123794555664,"Unknown"
"9004157",371992,2025-05-15 23:35:51,42.3989372253418,-8.92149639129639,"Unknown"
"9004157",371992,2025-05-15 23:40:50,42.3989715576172,-8.92166709899902,"Unknown"
"9004157",371992,2025-05-15 23:47:02,42.3988380432129,-8.92101001739502,"Unknown"
"9004157",371992,2025-05-15 23:50:46,42.3989295959473,-8.92123126983643,"Unknown"
"9004157",371992,2025-05-15 23:55:41,42.3988571166992,-8.92142486572266,"Unknown"
"9004157",371992,2025-05-16 00:00:47,42.3988838195801,-8.92161846160889,"Unknown"
"9004157",371992,2025-05-16 00:05:43,42.3989219665527,-8.92179107666016,"Unknown"
"9004157",371992,2025-05-16 00:11:01,42.3988571166992,-8.92173957824707,"Unknown"
"9004157",371992,2025-05-16 00:15:42,42.3987350463867,-8.9216423034668,"Unknown"
"9004157",371992,2025-05-16 00:21:00,42.3988227844238,-8.92186737060547,"Unknown"
"9004157",371992,2025-05-16 00:25:42,42.3988151550293,-8.92164325714111,"Unknown"
"9004157",371992,2025-05-16 00:31:16,42.3988075256348,-8.92153930664062,"Unknown"
"9004157",371992,2025-05-16 00:36:20,42.398811340332,-8.92171859741211,"Unknown"
"9004157",371992,2025-05-16 00:40:51,42.3988304138184,-8.92195320129395,"Unknown"
"9004157",371992,2025-05-16 00:46:15,42.3988304138184,-8.92119979858398,"Unknown"
"9004157",371992,2025-05-16 00:50:42,42.398796081543,-8.92091369628906,"Unknown"
"9004157",371992,2025-05-16 00:55:48,42.3988151550293,-8.92123794555664,"Unknown"
"9004157",371992,2025-05-16 01:00:41,42.3988456726074,-8.92086124420166,"Unknown"
"9004157",371992,2025-05-16 01:05:48,42.3988609313965,-8.92091464996338,"Unknown"
"9004157",371992,2025-05-16 01:10:42,42.3988418579102,-8.92035484313965,"Unknown"
"9004157",371992,2025-05-16 01:16:59,42.398868560791,-8.92116451263428,"Unknown"
"9004157",371992,2025-05-16 01:20:46,42.3988876342773,-8.9213285446167,"Unknown"
"9004157",371992,2025-05-16 01:25:43,42.3988761901855,-8.92118358612061,"Unknown"
"9004157",371992,2025-05-16 01:30:43,42.3988800048828,-8.92123985290527,"Unknown"
"9004157",371992,2025-05-16 01:35:53,42.3988494873047,-8.92122554779053,"Unknown"
"9004157",371992,2025-05-16 01:40:49,42.3988647460938,-8.92121124267578,"Unknown"
"9004157",371992,2025-05-16 01:45:58,42.3988723754883,-8.92137432098389,"Unknown"
"9004157",371992,2025-05-16 01:50:43,42.3988876342773,-8.92119979858398,"Unknown"
"9004157",371992,2025-05-16 01:55:42,42.3988876342773,-8.92173385620117,"Unknown"
"9004157",371992,2025-05-16 02:00:42,42.398853302002,-8.92143630981445,"Unknown"
"9004157",371992,2025-05-16 02:05:53,42.3988914489746,-8.92094612121582,"Unknown"
"9004157",371992,2025-05-16 02:10:42,42.3988761901855,-8.9213171005249,"Unknown"
"9004157",371992,2025-05-16 02:17:01,42.3988761901855,-8.92145442962646,"Unknown"
"9004157",371992,2025-05-16 02:20:57,42.3988876342773,-8.92087173461914,"Unknown"
"9004157",371992,2025-05-16 02:26:00,42.3989410400391,-8.92101192474365,"Unknown"
"9004157",371992,2025-05-16 02:31:03,42.3989410400391,-8.92093086242676,"Unknown"
"9004157",371992,2025-05-16 02:36:07,42.3988914489746,-8.92104625701904,"Unknown"
"9004157",371992,2025-05-16 02:41:24,42.3989334106445,-8.92095184326172,"Unknown"
"9004157",371992,2025-05-16 02:47:02,42.3990859985352,-8.92087459564209,"Unknown"
"9004157",371992,2025-05-16 02:52:02,42.3987922668457,-8.92069149017334,"Unknown"
"9004157",371992,2025-05-16 02:57:02,42.3987846374512,-8.92079830169678,"Unknown"
"9004157",371992,2025-05-16 03:02:02,42.3988723754883,-8.92110157012939,"Unknown"
"9004157",371992,2025-05-16 03:07:02,42.3988952636719,-8.92127895355225,"Unknown"
"9004157",371992,2025-05-16 03:12:02,42.3988304138184,-8.92083930969238,"Unknown"
"9004157",371992,2025-05-16 03:17:02,42.3988456726074,-8.92094898223877,"Unknown"
"9004157",371992,2025-05-16 03:21:59,42.3988838195801,-8.92127895355225,"Unknown"
"9004157",371992,2025-05-16 03:27:02,42.3988380432129,-8.92098903656006,"Unknown"
"9004157",371992,2025-05-16 03:30:49,42.3988800048828,-8.92122650146484,"Unknown"
"9004157",371992,2025-05-16 03:35:40,42.3989028930664,-8.92115592956543,"Unknown"
"9004157",371992,2025-05-16 03:40:40,42.3988265991211,-8.92122459411621,"Unknown"
"9004157",371992,2025-05-16 03:45:40,42.3988265991211,-8.92122840881348,"Unknown"
"9004157",371992,2025-05-16 03:50:42,42.3988761901855,-8.92121410369873,"Unknown"
"9004157",371992,2025-05-16 03:55:48,42.3988647460938,-8.92122554779053,"Unknown"
"9004157",371992,2025-05-16 04:00:46,42.3988418579102,-8.92166614532471,"Unknown"
"9004157",371992,2025-05-16 04:05:42,42.3988723754883,-8.92146110534668,"Unknown"
"9004157",371992,2025-05-16 04:11:37,42.3989562988281,-8.92076969146729,"Unknown"
"9004157",371992,2025-05-16 04:15:47,42.3989219665527,-8.92080974578857,"Unknown"
"9004157",371992,2025-05-16 04:20:43,42.3989219665527,-8.92085361480713,"Unknown"
"9004157",371992,2025-05-16 04:25:53,42.3989562988281,-8.92080974578857,"Unknown"
"9004157",371992,2025-05-16 04:30:50,42.3989601135254,-8.92085456848145,"Unknown"
"9004157",371992,2025-05-16 04:35:58,42.3989639282227,-8.92092418670654,"Unknown"
"9004157",371992,2025-05-16 04:42:02,42.3989410400391,-8.92076969146729,"Unknown"
"9004157",371992,2025-05-16 04:46:06,42.3988761901855,-8.92069339752197,"Unknown"
"9004157",371992,2025-05-16 04:50:42,42.39892578125,-8.92101669311523,"Unknown"
"9004157",371992,2025-05-16 04:55:43,42.3987998962402,-8.92120552062988,"Unknown"
"9004157",371992,2025-05-16 05:00:48,42.3988800048828,-8.92123413085938,"Unknown"
"9004157",371992,2025-05-16 05:05:46,42.3988914489746,-8.92094230651855,"Unknown"
"9004157",371992,2025-05-16 05:10:46,42.3989906311035,-8.9205493927002,"Unknown"
"9004157",371992,2025-05-16 05:15:56,42.3989219665527,-8.92092990875244,"Unknown"
"9004157",371992,2025-05-16 05:20:56,42.3977355957031,-8.92084693908691,"Unknown"
"9004157",371992,2025-05-16 05:25:42,42.397403717041,-8.91934108734131,"Unknown"
"9004157",371992,2025-05-16 05:31:05,42.3978309631348,-8.92031860351562,"Unknown"
"9004157",371992,2025-05-16 05:35:42,42.398120880127,-8.9211254119873,"Unknown"
"9004157",371992,2025-05-16 05:40:41,42.3980255126953,-8.92048263549805,"Unknown"
"9004157",371992,2025-05-16 05:45:40,42.3979759216309,-8.92046070098877,"Unknown"
"9004157",371992,2025-05-16 05:50:38,42.3980560302734,-8.92035102844238,"Unknown"
"9004157",371992,2025-05-16 05:55:38,42.3987159729004,-8.9153528213501,"Unknown"
"9004157",371992,2025-05-16 06:00:38,42.4020500183105,-8.89945220947266,"Unknown"
"9004157",371992,2025-05-16 06:05:39,42.4020690917969,-8.8991174697876,"Unknown"
"9004157",371992,2025-05-16 06:10:38,42.4014854431152,-8.89901256561279,"Unknown"
"9004157",371992,2025-05-16 06:15:38,42.4008636474609,-8.89979934692383,"Unknown"
"9004157",371992,2025-05-16 06:20:38,42.4030151367188,-8.90245342254639,"Unknown"
"9004157",371992,2025-05-16 06:26:09,42.4079933166504,-8.89541721343994,"Unknown"
"9004157",371992,2025-05-16 06:31:45,42.4127883911133,-8.88933944702148,"Unknown"
"9004157",371992,2025-05-16 06:36:52,42.4151496887207,-8.88553714752197,"Unknown"
"9004157",371992,2025-05-16 06:41:52,42.4099273681641,-8.8787899017334,"Unknown"
"9004157",371992,2025-05-16 06:47:39,42.4087219238281,-8.87473678588867,"Unknown"
"9004157",371992,2025-05-16 06:54:06,42.4037818908691,-8.86471462249756,"Unknown"
"9004157",371992,2025-05-16 06:59:18,42.4035415649414,-8.86377811431885,"Unknown"
"9004157",371992,2025-05-16 07:04:22,42.4254722595215,-8.88630294799805,"Unknown"
"9004157",371992,2025-05-16 07:09:18,42.4519577026367,-8.91916942596436,"Unknown"
"9004157",371992,2025-05-16 07:14:18,42.4763870239258,-8.94007396697998,"Unknown"
"9004157",371992,2025-05-16 07:19:18,42.4975051879883,-8.90433406829834,"Unknown"
"9004157",371992,2025-05-16 07:25:10,42.5107460021973,-8.87456798553467,"Unknown"
"9004157",371992,2025-05-16 07:30:42,42.5117416381836,-8.87590312957764,"Unknown"
"9004157",371992,2025-05-16 07:36:09,42.5123519897461,-8.87409973144531,"Unknown"
"9004157",371992,2025-05-16 07:41:08,42.5125923156738,-8.87345409393311,"Unknown"
"9004157",371992,2025-05-16 07:46:24,42.513370513916,-8.87400436401367,"Unknown"
"9004157",371992,2025-05-16 07:51:24,42.5124015808105,-8.87386131286621,"Unknown"
"9004157",371992,2025-05-16 07:57:13,42.5124778747559,-8.87238693237305,"Unknown"
"9004157",371992,2025-05-16 08:02:13,42.5131645202637,-8.87241268157959,"Unknown"
"9004157",371992,2025-05-16 08:07:13,42.5180816650391,-8.86547756195068,"Unknown"
"9004157",371992,2025-05-16 08:12:13,42.5182113647461,-8.86577224731445,"Unknown"
"9004157",371992,2025-05-16 08:17:13,42.5181121826172,-8.86554145812988,"Unknown"
"9004157",371992,2025-05-16 08:22:13,42.518123626709,-8.86551380157471,"Unknown"
"9004157",371992,2025-05-16 08:27:13,42.51806640625,-8.86541080474854,"Unknown"
"9004157",371992,2025-05-16 08:32:13,42.5181884765625,-8.86562538146973,"Unknown"
"9004157",371992,2025-05-16 08:37:15,42.5180969238281,-8.86540508270264,"Unknown"
"9004157",371992,2025-05-16 08:42:13,42.5181617736816,-8.86538505554199,"Unknown"
"9004157",371992,2025-05-16 08:47:13,42.5181694030762,-8.86537933349609,"Unknown"
"9004157",371992,2025-05-16 08:52:16,42.5182189941406,-8.86447715759277,"Unknown"
"9004157",371992,2025-05-16 08:57:14,42.5184440612793,-8.86578845977783,"Unknown"
"9004157",371992,2025-05-16 09:02:14,42.51806640625,-8.86360836029053,"Unknown"
"9004157",371992,2025-05-16 09:07:31,42.5172271728516,-8.86280345916748,"Unknown"
"9004157",371992,2025-05-16 09:13:16,42.5168418884277,-8.8605785369873,"Unknown"
"9004157",371992,2025-05-16 09:18:15,42.5165557861328,-8.85916328430176,"Unknown"
"9004157",371992,2025-05-16 09:24:54,42.515308380127,-8.86123180389404,"Unknown"
"9004157",371992,2025-05-16 09:29:54,42.5145149230957,-8.86308670043945,"Unknown"
"9004157",371992,2025-05-16 09:34:53,42.5171318054199,-8.86844062805176,"Unknown"
"9004157",371992,2025-05-16 09:39:53,42.517463684082,-8.86800765991211,"Unknown"
"9004157",371992,2025-05-16 09:44:53,42.5171318054199,-8.86767768859863,"Unknown"
"9004157",371992,2025-05-16 09:49:53,42.5170745849609,-8.86830615997314,"Unknown"
"9004157",371992,2025-05-16 09:54:53,42.51708984375,-8.86845874786377,"Unknown"
"9004157",371992,2025-05-16 09:59:54,42.5171737670898,-8.86804389953613,"Unknown"
"9004157",371992,2025-05-16 10:04:54,42.5172119140625,-8.86823749542236,"Unknown"
"9004157",371992,2025-05-16 10:09:53,42.5172729492188,-8.86691188812256,"Unknown"
"9004157",371992,2025-05-16 10:14:53,42.517261505127,-8.86709117889404,"Unknown"
"9004157",371992,2025-05-16 10:19:54,42.5172233581543,-8.86695289611816,"Unknown"
"9004157",371992,2025-05-16 10:24:53,42.5172805786133,-8.86721324920654,"Unknown"
"9004157",371992,2025-05-16 10:29:53,42.5172119140625,-8.86710453033447,"Unknown"
"9004157",371992,2025-05-16 10:34:53,42.5129013061523,-8.86961841583252,"Unknown"
"9004157",371992,2025-05-16 10:39:53,42.5130500793457,-8.87213897705078,"Unknown"
"9004157",371992,2025-05-16 10:44:53,42.5118713378906,-8.87320518493652,"Unknown"
"9004157",371992,2025-05-16 10:50:40,42.5116119384766,-8.8745059967041,"Unknown"
"9004157",371992,2025-05-16 10:55:46,42.5120277404785,-8.87513256072998,"Unknown"
"9004157",371992,2025-05-16 11:02:19,42.5122222900391,-8.87430858612061,"Unknown"
"9004157",371992,2025-05-16 11:08:14,42.5112190246582,-8.87399673461914,"Unknown"
"9004157",371992,2025-05-16 11:12:59,42.5093269348145,-8.87382698059082,"Unknown"
"9004157",371992,2025-05-16 11:17:58,42.5084266662598,-8.87263584136963,"Unknown"
"9004157",371992,2025-05-16 11:22:59,42.5073165893555,-8.8717041015625,"Unknown"
"9004157",371992,2025-05-16 11:27:59,42.5065956115723,-8.87203693389893,"Unknown"
"9004157",371992,2025-05-16 11:35:23,42.505916595459,-8.87259864807129,"Unknown"
"9004157",371992,2025-05-16 11:40:23,42.5067863464355,-8.87207412719727,"Unknown"
"9004157",371992,2025-05-16 11:45:23,42.5072593688965,-8.87116432189941,"Unknown"
"9004157",371992,2025-05-16 11:50:23,42.5061645507812,-8.87149524688721,"Unknown"
"9004157",371992,2025-05-16 11:55:44,42.5061988830566,-8.87246131896973,"Unknown"
"9004157",371992,2025-05-16 12:00:27,42.5066070556641,-8.87219524383545,"Unknown"
"9004157",371992,2025-05-16 12:05:29,42.5061950683594,-8.87341976165771,"Unknown"
"9004157",371992,2025-05-16 12:10:28,42.5067596435547,-8.8726978302002,"Unknown"
"9004157",371992,2025-05-16 12:15:28,42.5072784423828,-8.87125110626221,"Unknown"
"9004157",371992,2025-05-16 12:21:17,42.5073432922363,-8.87015342712402,"Unknown"
"9004157",371992,2025-05-16 12:27:13,42.5060195922852,-8.87205505371094,"Unknown"
"9004157",371992,2025-05-16 12:32:12,42.5065383911133,-8.87262439727783,"Unknown"
"9004157",371992,2025-05-16 12:37:50,42.5081329345703,-8.87152481079102,"Unknown"
"9004157",371992,2025-05-16 12:42:50,42.5072822570801,-8.87113189697266,"Unknown"
"9004157",371992,2025-05-16 12:48:07,42.506721496582,-8.87203121185303,"Unknown"
"9004157",371992,2025-05-16 12:53:07,42.5077171325684,-8.87200736999512,"Unknown"
"9004157",371992,2025-05-16 12:58:15,42.5068244934082,-8.87203979492188,"Unknown"
"9004157",371992,2025-05-16 13:03:14,42.5062408447266,-8.87199687957764,"Unknown"
"9004157",371992,2025-05-16 13:08:13,42.5065155029297,-8.87292957305908,"Unknown"
"9004157",371992,2025-05-16 13:13:16,42.5073127746582,-8.87173080444336,"Unknown"
"9004157",371992,2025-05-16 13:18:16,42.5070037841797,-8.8730411529541,"Unknown"
"9004157",371992,2025-05-16 13:23:50,42.5078048706055,-8.87201023101807,"Unknown"
"9004157",371992,2025-05-16 13:28:49,42.5073127746582,-8.87114238739014,"Unknown"
"9004157",371992,2025-05-16 13:33:50,42.5061531066895,-8.87231636047363,"Unknown"
"9004157",371992,2025-05-16 13:39:49,42.505199432373,-8.87326908111572,"Unknown"
"9004157",371992,2025-05-16 13:44:46,42.5057067871094,-8.87438869476318,"Unknown"
"9004157",371992,2025-05-16 13:49:45,42.505558013916,-8.87446784973145,"Unknown"
"9004157",371992,2025-05-16 13:54:50,42.5053901672363,-8.87428951263428,"Unknown"
"9004157",371992,2025-05-16 13:59:48,42.5049819946289,-8.8793306350708,"Unknown"
"9004157",371992,2025-05-16 14:04:46,42.5051612854004,-8.87921524047852,"Unknown"
"9004157",371992,2025-05-16 14:09:44,42.5051612854004,-8.87915420532227,"Unknown"
"9004157",371992,2025-05-16 14:14:45,42.5052032470703,-8.87920951843262,"Unknown"
"9004157",371992,2025-05-16 14:19:44,42.5051422119141,-8.87923526763916,"Unknown"
"9004157",371992,2025-05-16 14:25:00,42.5051116943359,-8.87925910949707,"Unknown"
"9004157",371992,2025-05-16 14:30:00,42.5050849914551,-8.87929534912109,"Unknown"
"9004157",371992,2025-05-16 14:35:00,42.5051612854004,-8.87919330596924,"Unknown"
"9004157",371992,2025-05-16 14:40:00,42.5050849914551,-8.87927532196045,"Unknown"
"9004157",371992,2025-05-16 14:45:00,42.5050849914551,-8.87929534912109,"Unknown"
"9004157",371992,2025-05-16 14:50:00,42.5051651000977,-8.8792552947998,"Unknown"
"9004157",371992,2025-05-16 14:55:00,42.5050811767578,-8.87929916381836,"Unknown"
"9004157",371992,2025-05-16 15:00:00,42.5051422119141,-8.87926387786865,"Unknown"
"9004157",371992,2025-05-16 15:05:00,42.5051536560059,-8.87931156158447,"Unknown"
"9004157",371992,2025-05-16 15:10:00,42.5051574707031,-8.87935447692871,"Unknown"
"9004157",371992,2025-05-16 15:15:12,42.5052604675293,-8.87891578674316,"Unknown"
"9004157",371992,2025-05-16 15:20:35,42.5053100585938,-8.87588787078857,"Unknown"
"9004157",371992,2025-05-16 15:25:49,42.5058135986328,-8.87444114685059,"Unknown"
"9004157",371992,2025-05-16 15:30:54,42.5065498352051,-8.8732795715332,"Unknown"
"9004157",371992,2025-05-16 15:36:42,42.5077590942383,-8.87199592590332,"Unknown"
"9004157",371992,2025-05-16 15:41:51,42.508228302002,-8.87355709075928,"Unknown"
"9004157",371992,2025-05-16 15:47:08,42.5073089599609,-8.87187767028809,"Unknown"
"9004157",371992,2025-05-16 15:52:09,42.5081787109375,-8.87150955200195,"Unknown"
"9004157",371992,2025-05-16 15:57:07,42.5086059570312,-8.87247371673584,"Unknown"
"9004157",371992,2025-05-16 16:02:33,42.5081443786621,-8.87207221984863,"Unknown"
"9004157",371992,2025-05-16 16:07:43,42.5090446472168,-8.87269401550293,"Unknown"
"9004157",371992,2025-05-16 16:12:43,42.5093231201172,-8.87046527862549,"Unknown"
"9004157",371992,2025-05-16 16:17:43,42.5099906921387,-8.87099456787109,"Unknown"
"9004157",371992,2025-05-16 16:22:57,42.5099906921387,-8.87274169921875,"Unknown"
"9004157",371992,2025-05-16 16:28:11,42.5104484558105,-8.87353324890137,"Unknown"
"9004157",371992,2025-05-16 16:33:45,42.5113830566406,-8.87484550476074,"Unknown"
"9004157",371992,2025-05-16 16:38:56,42.5122451782227,-8.87448596954346,"Unknown"
"9004157",371992,2025-05-16 16:44:28,42.5117607116699,-8.87301349639893,"Unknown"
"9004157",371992,2025-05-16 16:49:29,42.511302947998,-8.87399673461914,"Unknown"
"9004157",371992,2025-05-16 16:54:28,42.5045890808105,-8.88093662261963,"Unknown"
"9004157",371992,2025-05-16 16:59:27,42.5045127868652,-8.88089847564697,"Unknown"
"9004157",371992,2025-05-16 17:04:27,42.5045509338379,-8.88080787658691,"Unknown"
"9004157",371992,2025-05-16 17:09:27,42.504524230957,-8.88080501556396,"Unknown"
"9004157",371992,2025-05-16 17:14:27,42.5044631958008,-8.88069820404053,"Unknown"
"9004157",371992,2025-05-16 17:19:27,42.5044898986816,-8.88069725036621,"Unknown"
"9004157",371992,2025-05-16 17:24:27,42.5044288635254,-8.88066864013672,"Unknown"
"9004157",371992,2025-05-16 17:29:27,42.5044555664062,-8.88076305389404,"Unknown"
"9004157",371992,2025-05-16 17:34:27,42.5046844482422,-8.88099765777588,"Unknown"
"9004157",371992,2025-05-16 17:39:27,42.5046997070312,-8.8809757232666,"Unknown"
"9004157",371992,2025-05-16 17:44:27,42.4867820739746,-8.9103536605835,"Unknown"
"9004157",371992,2025-05-16 17:49:27,42.4766960144043,-8.93957710266113,"Unknown"
"9004157",371992,2025-05-16 17:54:27,42.4767417907715,-8.93963241577148,"Unknown"
"9004157",371992,2025-05-16 17:59:27,42.4522895812988,-8.94179725646973,"Unknown"
"9004157",371992,2025-05-16 18:04:31,42.4434814453125,-8.94167041778564,"Unknown"
"9004157",371992,2025-05-16 18:09:27,42.4407653808594,-8.94219875335693,"Unknown"
"9004157",371992,2025-05-16 18:14:27,42.3991775512695,-8.92435169219971,"Unknown"
"9004157",371992,2025-05-16 18:20:48,42.3992195129395,-8.92133045196533,"Unknown"
"9004157",371992,2025-05-16 18:24:31,42.3991279602051,-8.92096996307373,"Unknown"
"9004157",371992,2025-05-16 18:29:38,42.3992614746094,-8.921067237854,"Unknown"
"9004157",371992,2025-05-16 18:34:59,42.3990859985352,-8.92100429534912,"Unknown"
"9004157",371992,2025-05-16 18:39:27,42.3987922668457,-8.92110252380371,"Unknown"
"9004157",371992,2025-05-16 18:44:29,42.3989791870117,-8.92075252532959,"Unknown"
"9004157",371992,2025-05-16 18:49:42,42.3988914489746,-8.92091751098633,"Unknown"
"9004157",371992,2025-05-16 18:54:33,42.3988876342773,-8.92092704772949,"Unknown"
"9004157",371992,2025-05-16 18:59:27,42.3988151550293,-8.92094039916992,"Unknown"
"9004157",371992,2025-05-16 19:04:31,42.3988456726074,-8.92082691192627,"Unknown"
"9004157",371992,2025-05-16 19:09:29,42.3986625671387,-8.92097091674805,"Unknown"
"9004157",371992,2025-05-16 19:14:33,42.3988189697266,-8.92081737518311,"Unknown"
"9004157",371992,2025-05-16 19:19:30,42.3988418579102,-8.92079830169678,"Unknown"
"9004157",371992,2025-05-16 19:24:29,42.3984107971191,-8.92099285125732,"Unknown"
"9004157",371992,2025-05-16 19:29:44,42.3988609313965,-8.92099189758301,"Unknown"
"9004157",371992,2025-05-16 19:34:33,42.398811340332,-8.92083644866943,"Unknown"
"9004157",371992,2025-05-16 19:39:30,42.3987846374512,-8.9207706451416,"Unknown"
"9004157",371992,2025-05-16 19:44:44,42.3988494873047,-8.92089462280273,"Unknown"
"9004157",371992,2025-05-16 19:49:45,42.3988609313965,-8.92098045349121,"Unknown"
"9004157",371992,2025-05-16 19:54:43,42.3989219665527,-8.92108249664307,"Unknown"
"9004157",371992,2025-05-16 19:59:31,42.3987312316895,-8.9207181930542,"Unknown"
"9004157",371992,2025-05-16 20:04:28,42.3986701965332,-8.92075157165527,"Unknown"
"9004157",371992,2025-05-16 20:09:30,42.3989295959473,-8.92122650146484,"Unknown"
"9004157",371992,2025-05-16 20:14:31,42.3989028930664,-8.92115879058838,"Unknown"
"9004157",371992,2025-05-16 20:19:39,42.3987617492676,-8.92079257965088,"Unknown"
"9004157",371992,2025-05-16 20:24:44,42.3987808227539,-8.92085742950439,"Unknown"
"9004157",371992,2025-05-16 20:29:29,42.3986396789551,-8.92062854766846,"Unknown"
"9004157",371992,2025-05-16 20:34:42,42.3988952636719,-8.92120742797852,"Unknown"
"9004157",371992,2025-05-16 20:39:35,42.3988952636719,-8.92109203338623,"Unknown"
"9004157",371992,2025-05-16 20:44:28,42.3990440368652,-8.92156410217285,"Unknown"
"9004157",371992,2025-05-16 20:49:28,42.3988838195801,-8.92183589935303,"Unknown"
"9004157",371992,2025-05-16 20:54:28,42.3989372253418,-8.92153263092041,"Unknown"
"9004157",371992,2025-05-16 20:59:34,42.399055480957,-8.92138195037842,"Unknown"
"9004157",371992,2025-05-16 21:04:27,42.3989067077637,-8.92148208618164,"Unknown"
"9004157",371992,2025-05-16 21:09:28,42.3988571166992,-8.92149829864502,"Unknown"
"9004157",371992,2025-05-16 21:14:27,42.3988914489746,-8.92139434814453,"Unknown"
"9004157",371992,2025-05-16 21:19:27,42.3989944458008,-8.92137622833252,"Unknown"
"9004157",371992,2025-05-16 21:24:29,42.3991584777832,-8.92134475708008,"Unknown"
"9004157",371992,2025-05-16 21:29:29,42.3991394042969,-8.92171573638916,"Unknown"
"9004157",371992,2025-05-16 21:34:31,42.3990631103516,-8.9210901260376,"Unknown"
"9004157",371992,2025-05-16 21:39:31,42.3991203308105,-8.92156505584717,"Unknown"
"9004157",371992,2025-05-16 21:44:36,42.3990898132324,-8.92168998718262,"Unknown"
"9004157",371992,2025-05-16 21:49:31,42.399097442627,-8.92159175872803,"Unknown"
"9004157",371992,2025-05-16 21:54:41,42.398998260498,-8.9217357635498,"Unknown"
"9004157",371992,2025-05-16 22:00:22,42.3989639282227,-8.92153453826904,"Unknown"
"9004157",371992,2025-05-16 22:04:28,42.3991203308105,-8.92179012298584,"Unknown"
"9004157",371992,2025-05-16 22:09:28,42.3990058898926,-8.92160606384277,"Unknown"
"9004157",371992,2025-05-16 22:14:48,42.3988571166992,-8.92144298553467,"Unknown"
"9004157",371992,2025-05-16 22:19:31,42.3987617492676,-8.92145347595215,"Unknown"
"9004157",371992,2025-05-16 22:24:31,42.3988265991211,-8.92131900787354,"Unknown"
"9004157",371992,2025-05-16 22:29:33,42.3988189697266,-8.92120456695557,"Unknown"
"9004157",371992,2025-05-16 22:34:44,42.3988075256348,-8.92113971710205,"Unknown"
"9004157",371992,2025-05-16 22:39:34,42.3988647460938,-8.92136287689209,"Unknown"
"9004157",371992,2025-05-16 22:44:34,42.3989143371582,-8.92122840881348,"Unknown"
"9004157",371992,2025-05-16 22:49:36,42.3988609313965,-8.92096996307373,"Unknown"
"9004157",371992,2025-05-16 22:55:50,42.3988075256348,-8.92083263397217,"Unknown"
"9004157",371992,2025-05-16 22:59:33,42.3988838195801,-8.9212760925293,"Unknown"
"9004157",371992,2025-05-16 23:04:42,42.3988571166992,-8.92082977294922,"Unknown"
"9004157",371992,2025-05-16 23:09:31,42.3988571166992,-8.92083168029785,"Unknown"
"9004157",371992,2025-05-16 23:14:31,42.3988342285156,-8.9211893081665,"Unknown"
"9004157",371992,2025-05-16 23:19:27,42.3988037109375,-8.92106628417969,"Unknown"
"9004157",371992,2025-05-16 23:24:30,42.3988380432129,-8.92090606689453,"Unknown"
"9004157",371992,2025-05-16 23:29:29,42.3988380432129,-8.92117881774902,"Unknown"
"9004157",371992,2025-05-16 23:34:31,42.3987579345703,-8.92105484008789,"Unknown"
"9004157",371992,2025-05-16 23:39:44,42.3988189697266,-8.92122745513916,"Unknown"
"9004157",371992,2025-05-16 23:44:42,42.3987998962402,-8.92094898223877,"Unknown"
"9004157",371992,2025-05-16 23:50:01,42.3987159729004,-8.92077255249023,"Unknown"
"9004157",371992,2025-05-16 23:54:29,42.3986930847168,-8.92091369628906,"Unknown"
"9004157",371992,2025-05-16 23:59:37,42.3987197875977,-8.92091941833496,"Unknown"
"9004157",371992,2025-05-17 00:04:44,42.3988456726074,-8.9211254119873,"Unknown"
"9004157",371992,2025-05-17 00:10:50,42.3989791870117,-8.92097949981689,"Unknown"
"9004157",371992,2025-05-17 00:14:51,42.3989906311035,-8.92100429534912,"Unknown"
"9004157",371992,2025-05-17 00:20:02,42.3989906311035,-8.92101287841797,"Unknown"
"9004157",371992,2025-05-17 00:24:28,42.398681640625,-8.92084503173828,"Unknown"
"9004157",371992,2025-05-17 00:30:39,42.3988761901855,-8.92109394073486,"Unknown"
"9004157",371992,2025-05-17 00:34:42,42.3988227844238,-8.92157077789307,"Unknown"
"9004157",371992,2025-05-17 00:39:32,42.3990364074707,-8.9202823638916,"Unknown"
"9004157",371992,2025-05-17 00:44:31,42.3992767333984,-8.92198371887207,"Unknown"
"9004157",371992,2025-05-17 00:49:35,42.3991889953613,-8.92021179199219,"Unknown"
"9004157",371992,2025-05-17 00:54:30,42.3994140625,-8.92171096801758,"Unknown"
"9004157",371992,2025-05-17 00:59:32,42.3989753723145,-8.9215612411499,"Unknown"
"9004157",371992,2025-05-17 01:04:30,42.3992881774902,-8.92162132263184,"Unknown"
"9004157",371992,2025-05-17 01:09:31,42.3991012573242,-8.92143726348877,"Unknown"
"9004157",371992,2025-05-17 01:15:01,42.3990211486816,-8.92124366760254,"Unknown"
"9004157",371992,2025-05-17 01:19:37,42.3989791870117,-8.92125797271729,"Unknown"
"9004157",371992,2025-05-17 01:24:31,42.3988952636719,-8.92097759246826,"Unknown"
"9004157",371992,2025-05-17 01:29:28,42.3990287780762,-8.92130470275879,"Unknown"
"9004157",371992,2025-05-17 01:34:31,42.3988304138184,-8.92107772827148,"Unknown"
"9004157",371992,2025-05-17 01:39:32,42.3988838195801,-8.92108345031738,"Unknown"
"9004157",371992,2025-05-17 01:44:30,42.3988342285156,-8.92105388641357,"Unknown"
"9004157",371992,2025-05-17 01:49:28,42.3989791870117,-8.92114162445068,"Unknown"
"9004157",371992,2025-05-17 01:54:27,42.3989601135254,-8.92116165161133,"Unknown"
"9004157",371992,2025-05-17 01:59:29,42.3989601135254,-8.92086410522461,"Unknown"
"9004157",371992,2025-05-17 02:04:27,42.398998260498,-8.92081642150879,"Unknown"
"9004157",371992,2025-05-17 02:09:44,42.3989372253418,-8.92085933685303,"Unknown"
"9004157",371992,2025-05-17 02:14:31,42.399040222168,-8.92100143432617,"Unknown"
"9004157",371992,2025-05-17 02:19:27,42.398868560791,-8.92101955413818,"Unknown"
"9004157",371992,2025-05-17 02:24:29,42.3988151550293,-8.92090034484863,"Unknown"
"9004157",371992,2025-05-17 02:29:31,42.3989524841309,-8.9207706451416,"Unknown"
"9004157",371992,2025-05-17 02:34:31,42.3988075256348,-8.921462059021,"Unknown"
"9004157",371992,2025-05-17 02:39:32,42.3989906311035,-8.92199516296387,"Unknown"
"9004157",371992,2025-05-17 02:45:05,42.3988990783691,-8.92155170440674,"Unknown"
"9004157",371992,2025-05-17 02:49:44,42.398853302002,-8.92108345031738,"Unknown"
"9004157",371992,2025-05-17 02:54:29,42.3990287780762,-8.9216251373291,"Unknown"
"9004157",371992,2025-05-17 02:59:52,42.3989791870117,-8.92177581787109,"Unknown"
"9004157",371992,2025-05-17 03:04:31,42.3989486694336,-8.92182350158691,"Unknown"
"9004157",371992,2025-05-17 03:09:35,42.3989715576172,-8.921706199646,"Unknown"
"9004157",371992,2025-05-17 03:14:28,42.3987655639648,-8.92142391204834,"Unknown"
"9004157",371992,2025-05-17 03:19:40,42.3989868164062,-8.92188262939453,"Unknown"
"9004157",371992,2025-05-17 03:24:30,42.3988914489746,-8.92182445526123,"Unknown"
"9004157",371992,2025-05-17 03:29:28,42.3989868164062,-8.92167091369629,"Unknown"
"9004157",371992,2025-05-17 03:34:28,42.3989715576172,-8.9216365814209,"Unknown"
"9004157",371992,2025-05-17 03:40:50,42.3989028930664,-8.9213695526123,"Unknown"
"9004157",371992,2025-05-17 03:44:27,42.3989219665527,-8.92116832733154,"Unknown"
"9004157",371992,2025-05-17 03:49:51,42.3988876342773,-8.9211893081665,"Unknown"
"9004157",371992,2025-05-17 03:54:36,42.3989143371582,-8.92122936248779,"Unknown"
"9004157",371992,2025-05-17 03:59:42,42.3988952636719,-8.92116069793701,"Unknown"
"9004157",371992,2025-05-17 04:04:59,42.3988151550293,-8.92115020751953,"Unknown"
"9004157",371992,2025-05-17 04:09:31,42.3988838195801,-8.92147731781006,"Unknown"
"9004157",371992,2025-05-17 04:14:28,42.3987998962402,-8.92114925384521,"Unknown"
"9004157",371992,2025-05-17 04:19:35,42.3988494873047,-8.9211483001709,"Unknown"
"9004157",371992,2025-05-17 04:24:36,42.3988609313965,-8.92133235931396,"Unknown"
"9004157",371992,2025-05-17 04:29:29,42.3988761901855,-8.9213228225708,"Unknown"
"9004157",371992,2025-05-17 04:35:41,42.3989105224609,-8.92125034332275,"Unknown"
"9004157",371992,2025-05-17 04:39:52,42.3988876342773,-8.92127323150635,"Unknown"
"9004157",371992,2025-05-17 05:25:50,42.3989601135254,-8.9212474822998,"Unknown"
"9004157",371992,2025-05-17 05:29:36,42.3988761901855,-8.92124176025391,"Unknown"
"9004157",371992,2025-05-17 05:34:38,42.398853302002,-8.92121982574463,"Unknown"
"9004157",371992,2025-05-17 05:39:28,42.3988952636719,-8.9213695526123,"Unknown"
"9004157",371992,2025-05-17 05:44:32,42.3988838195801,-8.92137813568115,"Unknown"
"9004157",371992,2025-05-17 05:49:54,42.3989028930664,-8.92119216918945,"Unknown"
"9004157",371992,2025-05-17 05:54:30,42.3989219665527,-8.92146110534668,"Unknown"
"9004157",371992,2025-05-17 05:59:31,42.3988876342773,-8.9214334487915,"Unknown"
"9004157",371992,2025-05-17 06:04:30,42.3988647460938,-8.9215259552002,"Unknown"
"9004157",371992,2025-05-17 06:10:06,42.3987922668457,-8.92094612121582,"Unknown"
"9004157",371992,2025-05-17 06:34:37,42.3988151550293,-8.92117309570312,"Unknown"
"9004157",371992,2025-05-17 06:39:28,42.4003982543945,-8.92130565643311,"Unknown"
"9004157",371992,2025-05-17 06:44:27,42.4168510437012,-8.92079925537109,"Unknown"
"9004157",371992,2025-05-17 06:49:34,42.4529113769531,-8.93299388885498,"Unknown"
"9004157",371992,2025-05-17 06:54:30,42.4832916259766,-8.93185234069824,"Unknown"
"9004157",371992,2025-05-17 06:59:30,42.501350402832,-8.8902473449707,"Unknown"
"9004157",371992,2025-05-17 07:05:18,42.506908416748,-8.87405586242676,"Unknown"
"9004157",371992,2025-05-17 07:10:58,42.5075912475586,-8.87209892272949,"Unknown"
"9004157",371992,2025-05-17 07:16:25,42.507137298584,-8.87279891967773,"Unknown"
"9004157",371992,2025-05-17 07:22:17,42.5067825317383,-8.87260055541992,"Unknown"
"9004157",371992,2025-05-17 07:27:31,42.5066566467285,-8.87450313568115,"Unknown"
"9004157",371992,2025-05-17 07:32:39,42.5076713562012,-8.8729829788208,"Unknown"
"9004157",371992,2025-05-17 07:38:01,42.5083618164062,-8.87236404418945,"Unknown"
"9004157",371992,2025-05-17 07:43:00,42.5099601745605,-8.87244319915771,"Unknown"
"9004157",371992,2025-05-17 07:48:00,42.5106887817383,-8.8743839263916,"Unknown"
"9004157",371992,2025-05-17 07:53:51,42.5110626220703,-8.87430572509766,"Unknown"
"9004157",371992,2025-05-17 07:58:52,42.5124740600586,-8.87458610534668,"Unknown"
"9004157",371992,2025-05-17 08:03:51,42.5125846862793,-8.87561130523682,"Unknown"
"9004157",371992,2025-05-17 08:08:54,42.5129203796387,-8.87600326538086,"Unknown"
"9004157",371992,2025-05-17 08:14:49,42.5141487121582,-8.87431716918945,"Unknown"
"9004157",371992,2025-05-17 08:20:42,42.5143356323242,-8.87492561340332,"Unknown"
"9004157",371992,2025-05-17 08:25:44,42.5134124755859,-8.8743371963501,"Unknown"
"9004157",371992,2025-05-17 08:31:04,42.5119972229004,-8.87285232543945,"Unknown"
"9004157",371992,2025-05-17 08:36:34,42.513126373291,-8.87206554412842,"Unknown"
"9004157",371992,2025-05-17 08:41:34,42.512622833252,-8.87305927276611,"Unknown"
"9004157",371992,2025-05-17 08:46:33,42.5187683105469,-8.86645889282227,"Unknown"
"9004157",371992,2025-05-17 08:51:33,42.5186920166016,-8.86627101898193,"Unknown"
"9004157",371992,2025-05-17 08:56:31,42.5193519592285,-8.86627674102783,"Unknown"
"9004157",371992,2025-05-17 09:01:31,42.5186576843262,-8.86627292633057,"Unknown"
"9004157",371992,2025-05-17 09:06:33,42.5186195373535,-8.86618518829346,"Unknown"
"9004157",371992,2025-05-17 09:11:32,42.5186500549316,-8.86615753173828,"Unknown"
"9004157",371992,2025-05-17 09:16:42,42.5180892944336,-8.86569690704346,"Unknown"
"9004157",371992,2025-05-17 09:21:31,42.5178604125977,-8.86584949493408,"Unknown"
"9004157",371992,2025-05-17 09:26:33,42.5185775756836,-8.86623287200928,"Unknown"
"9004157",371992,2025-05-17 09:31:32,42.51806640625,-8.86577796936035,"Unknown"
"9004157",371992,2025-05-17 09:36:36,42.518798828125,-8.86481094360352,"Unknown"
"9004157",371992,2025-05-17 09:41:46,42.5154457092285,-8.86289882659912,"Unknown"
"9004157",371992,2025-05-17 09:47:15,42.5163497924805,-8.86103439331055,"Unknown"
"9004157",371992,2025-05-17 09:52:03,42.5157585144043,-8.85857677459717,"Unknown"
"9004157",371992,2025-05-17 09:57:37,42.5154724121094,-8.85900688171387,"Unknown"
"9004157",371992,2025-05-17 10:03:42,42.5155067443848,-8.85662364959717,"Unknown"
"9004157",371992,2025-05-17 10:09:01,42.5168113708496,-8.85692977905273,"Unknown"
"9004157",371992,2025-05-17 10:14:39,42.517879486084,-8.8577938079834,"Unknown"
"9004157",371992,2025-05-17 10:20:38,42.5186195373535,-8.85653305053711,"Unknown"
"9004157",371992,2025-05-17 10:25:42,42.5187873840332,-8.85624217987061,"Unknown"
"9004157",371992,2025-05-17 10:31:35,42.5196495056152,-8.8566198348999,"Unknown"
"9004157",371992,2025-05-17 10:36:09,42.5204277038574,-8.86125564575195,"Unknown"
"9004157",371992,2025-05-17 10:41:11,42.5182037353516,-8.86865711212158,"Unknown"
"9004157",371992,2025-05-17 10:46:16,42.5177268981934,-8.86807155609131,"Unknown"
"9004157",371992,2025-05-17 10:51:19,42.5177307128906,-8.86806106567383,"Unknown"
"9004157",371992,2025-05-17 10:56:11,42.517505645752,-8.86770057678223,"Unknown"
"9004157",371992,2025-05-17 11:01:12,42.515510559082,-8.86511421203613,"Unknown"
"9004157",371992,2025-05-17 11:06:19,42.5159683227539,-8.86623668670654,"Unknown"
"9004157",371992,2025-05-17 11:11:17,42.5159530639648,-8.86615562438965,"Unknown"
"9004157",371992,2025-05-17 11:16:10,42.5155372619629,-8.8647985458374,"Unknown"
"9004157",371992,2025-05-17 11:21:10,42.5156402587891,-8.86529636383057,"Unknown"
"9004157",371992,2025-05-17 11:26:10,42.515811920166,-8.86568355560303,"Unknown"
"9004157",371992,2025-05-17 11:31:19,42.5159873962402,-8.86603736877441,"Unknown"
"9004157",371992,2025-05-17 11:36:10,42.5159912109375,-8.865966796875,"Unknown"
"9004157",371992,2025-05-17 11:41:09,42.5159645080566,-8.86602878570557,"Unknown"
"9004157",371992,2025-05-17 11:46:19,42.515983581543,-8.86600589752197,"Unknown"
"9004157",371992,2025-05-17 11:51:11,42.5139503479004,-8.8614559173584,"Unknown"
"9004157",371992,2025-05-17 11:56:19,42.5139312744141,-8.86040210723877,"Unknown"
"9004157",371992,2025-05-17 12:01:23,42.5140037536621,-8.8587589263916,"Unknown"
"9004157",371992,2025-05-17 12:06:52,42.5145111083984,-8.85682582855225,"Unknown"
"9004157",371992,2025-05-17 12:12:41,42.5163078308105,-8.85793685913086,"Unknown"
"9004157",371992,2025-05-17 12:17:40,42.5172157287598,-8.85696411132812,"Unknown"
"9004157",371992,2025-05-17 12:23:25,42.5183219909668,-8.85669898986816,"Unknown"
"9004157",371992,2025-05-17 12:28:41,42.5175132751465,-8.85813045501709,"Unknown"
"9004157",371992,2025-05-17 12:33:39,42.5163726806641,-8.85843467712402,"Unknown"
"9004157",371992,2025-05-17 12:38:42,42.5159492492676,-8.85746669769287,"Unknown"
"9004157",371992,2025-05-17 12:43:50,42.5159873962402,-8.85698509216309,"Unknown"
"9004157",371992,2025-05-17 12:49:14,42.5173377990723,-8.8562183380127,"Unknown"
"9004157",371992,2025-05-17 12:54:07,42.5180053710938,-8.85665512084961,"Unknown"
"9004157",371992,2025-05-17 12:59:06,42.5184440612793,-8.85630416870117,"Unknown"
"9004157",371992,2025-05-17 13:04:52,42.5191192626953,-8.85489940643311,"Unknown"
"9004157",371992,2025-05-17 13:10:39,42.5180625915527,-8.85595703125,"Unknown"
"9004157",371992,2025-05-17 13:15:46,42.517032623291,-8.8568229675293,"Unknown"
"9004157",371992,2025-05-17 13:21:04,42.5156021118164,-8.85812854766846,"Unknown"
"9004157",371992,2025-05-17 13:26:01,42.5119438171387,-8.86535263061523,"Unknown"
"9004157",371992,2025-05-17 13:31:02,42.5044174194336,-8.88067722320557,"Unknown"
"9004157",371992,2025-05-17 13:36:08,42.5042610168457,-8.88049983978271,"Unknown"
"9004157",371992,2025-05-17 13:41:09,42.5044860839844,-8.880295753479,"Unknown"
"9004157",371992,2025-05-17 13:46:14,42.5047302246094,-8.88006782531738,"Unknown"
"9004157",371992,2025-05-17 13:51:08,42.5042343139648,-8.88126945495605,"Unknown"
"9004157",371992,2025-05-17 13:56:14,42.4939193725586,-8.89629173278809,"Unknown"
"9004157",371992,2025-05-17 14:01:02,42.4891357421875,-8.90426445007324,"Unknown"
"9004157",371992,2025-05-17 14:06:00,42.4720726013184,-8.9413537979126,"Unknown"
"9004157",371992,2025-05-17 14:11:00,42.4701309204102,-8.94337749481201,"Unknown"
"9004157",371992,2025-05-17 14:16:02,42.4698715209961,-8.94362831115723,"Unknown"
"9004157",371992,2025-05-17 14:21:01,42.4701881408691,-8.94346523284912,"Unknown"
"9004157",371992,2025-05-17 14:26:09,42.4701728820801,-8.94347763061523,"Unknown"
"9004157",371992,2025-05-17 14:31:02,42.4333305358887,-8.94098567962646,"Unknown"
"9004157",371992,2025-05-17 14:42:06,42.399055480957,-8.92062473297119,"Unknown"
"9004157",371992,2025-05-17 14:51:15,42.3989295959473,-8.92120838165283,"Unknown"
"9004157",371992,2025-05-17 14:56:08,42.3989410400391,-8.92129516601562,"Unknown"
"9004157",371992,2025-05-17 15:01:00,42.3989524841309,-8.92121028900146,"Unknown"
"9004157",371992,2025-05-17 15:06:01,42.3989753723145,-8.92112922668457,"Unknown"
"9004157",371992,2025-05-17 15:11:00,42.3989562988281,-8.92109870910645,"Unknown"
"9004157",371992,2025-05-17 15:16:01,42.3989715576172,-8.92120361328125,"Unknown"
"9004157",371992,2025-05-17 15:21:02,42.3990135192871,-8.92120552062988,"Unknown"
"9004157",371992,2025-05-17 15:26:02,42.3990287780762,-8.92137718200684,"Unknown"
"9004157",371992,2025-05-17 15:31:05,42.3990249633789,-8.921142578125,"Unknown"
"9004157",371992,2025-05-17 15:36:05,42.3991317749023,-8.92066860198975,"Unknown"
"9004157",371992,2025-05-17 15:41:32,42.3990745544434,-8.92091751098633,"Unknown"
"9004157",371992,2025-05-17 15:46:02,42.3988761901855,-8.92098331451416,"Unknown"
"9004157",371992,2025-05-17 15:51:11,42.3986701965332,-8.92127227783203,"Unknown"
"9004157",371992,2025-05-17 15:56:03,42.3989028930664,-8.92107677459717,"Unknown"
"9004157",371992,2025-05-17 16:01:01,42.3988189697266,-8.92123126983643,"Unknown"
"9004157",371992,2025-05-17 16:06:09,42.3987731933594,-8.921217918396,"Unknown"
"9004157",371992,2025-05-17 16:11:03,42.3988723754883,-8.92127990722656,"Unknown"
"9004157",371992,2025-05-17 16:16:03,42.3988265991211,-8.92124366760254,"Unknown"
"9004157",371992,2025-05-17 16:21:01,42.3988380432129,-8.92136001586914,"Unknown"
"9004157",371992,2025-05-17 16:26:03,42.3988418579102,-8.92110443115234,"Unknown"
"9004157",371992,2025-05-17 16:31:02,42.3989372253418,-8.92115783691406,"Unknown"
"9004157",371992,2025-05-17 16:36:01,42.3988151550293,-8.92117595672607,"Unknown"
"9004157",371992,2025-05-17 16:41:13,42.3988494873047,-8.92121028900146,"Unknown"
"9004157",371992,2025-05-17 16:46:08,42.3988380432129,-8.92142581939697,"Unknown"
"9004157",371992,2025-05-17 16:51:05,42.3989410400391,-8.92104244232178,"Unknown"
"9004157",371992,2025-05-17 16:56:19,42.3989562988281,-8.92045497894287,"Unknown"
"9004157",371992,2025-05-17 17:01:13,42.3989067077637,-8.92154502868652,"Unknown"
"9004157",371992,2025-05-17 17:06:11,42.3988914489746,-8.92120838165283,"Unknown"
"9004157",371992,2025-05-17 17:11:03,42.3989868164062,-8.92130470275879,"Unknown"
"9004157",371992,2025-05-17 17:16:12,42.3989410400391,-8.92136383056641,"Unknown"
"9004157",371992,2025-05-17 17:21:08,42.3988914489746,-8.92170333862305,"Unknown"
"9004157",371992,2025-05-17 17:26:20,42.3988723754883,-8.92178821563721,"Unknown"
"9004157",371992,2025-05-17 17:31:07,42.3988914489746,-8.92167568206787,"Unknown"
"9004157",371992,2025-05-17 17:36:03,42.3988990783691,-8.92129039764404,"Unknown"
"9004157",371992,2025-05-17 17:41:03,42.3988609313965,-8.92153930664062,"Unknown"
"9004157",371992,2025-05-17 17:46:01,42.3990936279297,-8.92080879211426,"Unknown"
"9004157",371992,2025-05-17 17:51:08,42.3989791870117,-8.92124557495117,"Unknown"
"9004157",371992,2025-05-17 17:56:07,42.3989791870117,-8.92116165161133,"Unknown"
"9004157",371992,2025-05-17 18:01:15,42.3990020751953,-8.92090892791748,"Unknown"
"9004157",371992,2025-05-17 18:11:20,42.3986320495605,-8.92026615142822,"Unknown"
"9004157",371992,2025-05-17 18:17:05,42.3986320495605,-8.92030334472656,"Unknown"
"9004157",371992,2025-05-17 18:21:01,42.3986968994141,-8.92034721374512,"Unknown"
"9004157",371992,2025-05-17 18:26:01,42.398681640625,-8.92055034637451,"Unknown"
"9004157",371992,2025-05-17 18:31:03,42.3986701965332,-8.92026042938232,"Unknown"
"9004157",371992,2025-05-17 18:35:59,42.3986396789551,-8.92033386230469,"Unknown"
"9004157",371992,2025-05-17 18:41:01,42.3986854553223,-8.92026424407959,"Unknown"
"9004157",371992,2025-05-17 18:46:07,42.3987998962402,-8.92002582550049,"Unknown"
"9004157",371992,2025-05-17 18:51:29,42.3987693786621,-8.92023944854736,"Unknown"
"9004157",371992,2025-05-17 18:56:12,42.398738861084,-8.92040348052979,"Unknown"
"9004157",371992,2025-05-17 19:01:05,42.3987922668457,-8.91990280151367,"Unknown"
"9004157",371992,2025-05-17 19:06:14,42.3987350463867,-8.92061233520508,"Unknown"
"9004157",371992,2025-05-17 19:11:05,42.3988380432129,-8.91999435424805,"Unknown"
"9004157",371992,2025-05-17 19:16:06,42.3988647460938,-8.91971683502197,"Unknown"
"9004157",371992,2025-05-17 19:21:03,42.3988189697266,-8.91976261138916,"Unknown"
"9004157",371992,2025-05-17 19:26:07,42.3989181518555,-8.91991329193115,"Unknown"
"9004157",371992,2025-05-17 19:31:03,42.3988952636719,-8.92000102996826,"Unknown"
"9004157",371992,2025-05-17 19:36:05,42.3989067077637,-8.91957473754883,"Unknown"
"9004157",371992,2025-05-17 19:41:26,42.3988571166992,-8.92185401916504,"Unknown"
"9004157",371992,2025-05-17 19:46:10,42.398811340332,-8.92175769805908,"Unknown"
"9004157",371992,2025-05-17 19:51:09,42.3990325927734,-8.92237091064453,"Unknown"
"9004157",371992,2025-05-17 19:56:13,42.3989944458008,-8.92205047607422,"Unknown"
"9004157",371992,2025-05-17 20:01:28,42.3987922668457,-8.92117214202881,"Unknown"
"9004157",371992,2025-05-17 20:06:12,42.3985786437988,-8.92083072662354,"Unknown"
"9004157",371992,2025-05-17 20:11:08,42.3987350463867,-8.92162990570068,"Unknown"
"9004157",371992,2025-05-17 20:16:14,42.3987617492676,-8.92153072357178,"Unknown"
"9004157",371992,2025-05-17 20:21:06,42.3988761901855,-8.92166900634766,"Unknown"
"9004157",371992,2025-05-17 20:26:08,42.3986854553223,-8.9216136932373,"Unknown"
"9004157",371992,2025-05-17 20:31:14,42.399055480957,-8.92159366607666,"Unknown"
"9004157",371992,2025-05-17 20:37:24,42.3989410400391,-8.92133045196533,"Unknown"
"9004157",371992,2025-05-17 20:41:19,42.3989639282227,-8.92138481140137,"Unknown"
"9004157",371992,2025-05-17 20:46:17,42.3989639282227,-8.92138576507568,"Unknown"
"9004157",371992,2025-05-17 20:51:01,42.3990058898926,-8.92153644561768,"Unknown"
"9004157",371992,2025-05-17 20:56:02,42.398998260498,-8.92144393920898,"Unknown"
"9004157",371992,2025-05-17 21:01:02,42.3990173339844,-8.92160892486572,"Unknown"
"9004157",371992,2025-05-17 21:06:00,42.399040222168,-8.9214038848877,"Unknown"
"9004157",371992,2025-05-17 21:11:00,42.3990478515625,-8.92143535614014,"Unknown"
"9004157",371992,2025-05-17 21:16:01,42.3990058898926,-8.92130088806152,"Unknown"
"9004157",371992,2025-05-17 21:21:02,42.3992767333984,-8.92125415802002,"Unknown"
"9004157",371992,2025-05-17 21:26:03,42.3990592956543,-8.92100143432617,"Unknown"
"9004157",371992,2025-05-17 21:31:03,42.3989295959473,-8.92113494873047,"Unknown"
"9004157",371992,2025-05-17 21:36:16,42.3989143371582,-8.9212007522583,"Unknown"
"9004157",371992,2025-05-17 21:41:04,42.3989143371582,-8.92148876190186,"Unknown"
"9004157",371992,2025-05-17 21:46:09,42.3989219665527,-8.92128276824951,"Unknown"
"9004157",371992,2025-05-17 21:51:09,42.3988800048828,-8.92138576507568,"Unknown"
"9004157",371992,2025-05-17 21:56:09,42.3989067077637,-8.92138957977295,"Unknown"
"9004157",371992,2025-05-17 22:01:15,42.3988647460938,-8.9213171005249,"Unknown"
"9004157",371992,2025-05-17 22:06:35,42.3988571166992,-8.9212760925293,"Unknown"
"9004157",371992,2025-05-17 22:11:03,42.3989372253418,-8.92133045196533,"Unknown"
"9004157",371992,2025-05-17 22:16:02,42.3988494873047,-8.92122936248779,"Unknown"
"9004157",371992,2025-05-17 22:21:02,42.3988723754883,-8.92101955413818,"Unknown"
"9004157",371992,2025-05-17 22:26:07,42.3988571166992,-8.92101001739502,"Unknown"
"9004157",371992,2025-05-17 22:31:02,42.3989639282227,-8.9207706451416,"Unknown"
"9004157",371992,2025-05-17 22:36:04,42.398811340332,-8.92128849029541,"Unknown"
"9004157",371992,2025-05-17 22:41:01,42.3986968994141,-8.92122173309326,"Unknown"
"9004157",371992,2025-05-17 22:46:11,42.3988075256348,-8.92103958129883,"Unknown"
"9004157",371992,2025-05-17 22:51:01,42.3992347717285,-8.92113304138184,"Unknown"
"9004157",371992,2025-05-17 22:56:03,42.3986015319824,-8.92065811157227,"Unknown"
"9004157",371992,2025-05-17 23:01:09,42.3987922668457,-8.92065334320068,"Unknown"
"9004157",371992,2025-05-17 23:06:40,42.3995742797852,-8.92071533203125,"Unknown"
"9004157",371992,2025-05-17 23:11:09,42.3994827270508,-8.92051696777344,"Unknown"
"9004157",371992,2025-05-17 23:17:02,42.3993148803711,-8.92069244384766,"Unknown"
"9004157",371992,2025-05-17 23:21:20,42.399112701416,-8.9206600189209,"Unknown"
"9004157",371992,2025-05-17 23:27:24,42.3990631103516,-8.92056274414062,"Unknown"
"9004157",371992,2025-05-17 23:32:24,42.399097442627,-8.92055797576904,"Unknown"
"9004157",371992,2025-05-17 23:37:24,42.3990135192871,-8.9204626083374,"Unknown"
"9004157",371992,2025-05-17 23:41:10,42.3992309570312,-8.92065620422363,"Unknown"
"9004157",371992,2025-05-17 23:46:02,42.3989448547363,-8.92010116577148,"Unknown"
"9004157",371992,2025-05-17 23:51:03,42.3991317749023,-8.92080402374268,"Unknown"
"9004157",371992,2025-05-17 23:56:19,42.3988571166992,-8.9208517074585,"Unknown"
"9004157",371992,2025-05-18 00:01:00,42.3989410400391,-8.92057132720947,"Unknown"
"9004157",371992,2025-05-18 00:06:17,42.3988876342773,-8.92083835601807,"Unknown"
"9004157",371992,2025-05-18 00:11:22,42.3989334106445,-8.92086315155029,"Unknown"
"9004157",371992,2025-05-18 00:16:17,42.3990364074707,-8.92111682891846,"Unknown"
"9004157",371992,2025-05-18 00:21:20,42.399040222168,-8.92127895355225,"Unknown"
"9004157",371992,2025-05-18 00:26:00,42.3989181518555,-8.9206600189209,"Unknown"
"9004157",371992,2025-05-18 00:31:11,42.3988304138184,-8.92173099517822,"Unknown"
"9004157",371992,2025-05-18 00:36:03,42.3988494873047,-8.92182636260986,"Unknown"
"9004157",371992,2025-05-18 00:41:08,42.3988723754883,-8.921217918396,"Unknown"
"9004157",371992,2025-05-18 00:46:03,42.3988723754883,-8.92109107971191,"Unknown"
"9004157",371992,2025-05-18 00:51:03,42.3988456726074,-8.92111110687256,"Unknown"
"9004157",371992,2025-05-18 00:56:35,42.3988876342773,-8.92132377624512,"Unknown"
"9004157",371992,2025-05-18 01:00:59,42.3989105224609,-8.92125988006592,"Unknown"
"9004157",371992,2025-05-18 01:05:59,42.3988227844238,-8.92123031616211,"Unknown"
"9004157",371992,2025-05-18 01:10:59,42.3988914489746,-8.92111682891846,"Unknown"
"9004157",371992,2025-05-18 01:15:59,42.3988990783691,-8.92129802703857,"Unknown"
"9004157",371992,2025-05-18 01:21:15,42.3989067077637,-8.92134857177734,"Unknown"
"9004157",371992,2025-05-18 01:26:11,42.3988838195801,-8.92126083374023,"Unknown"
"9004157",371992,2025-05-18 01:31:00,42.3988075256348,-8.92108821868896,"Unknown"
"9004157",371992,2025-05-18 01:37:24,42.3989524841309,-8.92130184173584,"Unknown"
"9004157",371992,2025-05-18 01:42:24,42.3989028930664,-8.92111206054688,"Unknown"
"9004157",371992,2025-05-18 01:46:31,42.3989410400391,-8.92132472991943,"Unknown"
"9004157",371992,2025-05-18 01:51:01,42.3989067077637,-8.92117500305176,"Unknown"
"9004157",371992,2025-05-18 01:56:06,42.3989562988281,-8.92120265960693,"Unknown"
"9004157",371992,2025-05-18 02:01:01,42.3989906311035,-8.92135715484619,"Unknown"
"9004157",371992,2025-05-18 02:05:59,42.398983001709,-8.9215726852417,"Unknown"
"9004157",371992,2025-05-18 02:11:01,42.3989486694336,-8.92150211334229,"Unknown"
"9004157",371992,2025-05-18 02:15:59,42.3989715576172,-8.92137432098389,"Unknown"
"9004157",371992,2025-05-18 02:21:01,42.398983001709,-8.92094612121582,"Unknown"
"9004157",371992,2025-05-18 02:26:01,42.3988342285156,-8.92117309570312,"Unknown"
"9004157",371992,2025-05-18 02:31:13,42.3989028930664,-8.92125797271729,"Unknown"
"9004157",371992,2025-05-18 02:36:02,42.39892578125,-8.92128276824951,"Unknown"
"9004157",371992,2025-05-18 02:42:12,42.3988876342773,-8.92114448547363,"Unknown"
"9004157",371992,2025-05-18 02:46:07,42.3989486694336,-8.92135238647461,"Unknown"
"9004157",371992,2025-05-18 02:51:00,42.3988761901855,-8.92122364044189,"Unknown"
"9004157",371992,2025-05-18 02:56:00,42.3989486694336,-8.92132377624512,"Unknown"
"9004157",371992,2025-05-18 03:01:14,42.3989524841309,-8.92147636413574,"Unknown"
"9004157",371992,2025-05-18 03:06:00,42.3989791870117,-8.92146301269531,"Unknown"
"9004157",371992,2025-05-18 03:11:01,42.3988914489746,-8.92141628265381,"Unknown"
"9004157",371992,2025-05-18 03:16:04,42.3989410400391,-8.92170143127441,"Unknown"
"9004157",371992,2025-05-18 03:20:59,42.3988723754883,-8.92141914367676,"Unknown"
"9004157",371992,2025-05-18 03:26:10,42.3988609313965,-8.92115783691406,"Unknown"
"9004157",371992,2025-05-18 03:31:00,42.3989028930664,-8.92109775543213,"Unknown"
"9004157",371992,2025-05-18 03:37:23,42.3988838195801,-8.92133522033691,"Unknown"
"9004157",371992,2025-05-18 03:42:24,42.398868560791,-8.92135429382324,"Unknown"
"9004157",371992,2025-05-18 03:47:24,42.3988952636719,-8.92114543914795,"Unknown"
"9004157",371992,2025-05-18 03:52:24,42.3988876342773,-8.92124938964844,"Unknown"
"9004157",371992,2025-05-18 03:56:46,42.3989105224609,-8.92123794555664,"Unknown"
"9004157",371992,2025-05-18 04:01:32,42.3989562988281,-8.92104911804199,"Unknown"
"9004157",371992,2025-05-18 04:07:24,42.3990745544434,-8.92085075378418,"Unknown"
"9004157",371992,2025-05-18 04:12:24,42.3992080688477,-8.92074012756348,"Unknown"
"9004157",371992,2025-05-18 04:17:23,42.3989067077637,-8.92094898223877,"Unknown"
"9004157",371992,2025-05-18 04:21:03,42.3988990783691,-8.92099380493164,"Unknown"
"9004157",371992,2025-05-18 04:26:18,42.3988876342773,-8.92108345031738,"Unknown"
"9004157",371992,2025-05-18 04:31:24,42.3989219665527,-8.92105388641357,"Unknown"
"9004157",371992,2025-05-18 04:36:34,42.3988914489746,-8.92112445831299,"Unknown"
"9004157",371992,2025-05-18 04:40:59,42.3989639282227,-8.92112350463867,"Unknown"
"9004157",371992,2025-05-18 04:45:59,42.3989372253418,-8.92089939117432,"Unknown"
"9004157",371992,2025-05-18 04:50:59,42.3988914489746,-8.92099189758301,"Unknown"
"9004157",371992,2025-05-18 04:55:59,42.398868560791,-8.92105293273926,"Unknown"
"9004157",371992,2025-05-18 05:00:59,42.3989219665527,-8.92100429534912,"Unknown"
"9004157",371992,2025-05-18 05:06:00,42.3987998962402,-8.92114162445068,"Unknown"
"9004157",371992,2025-05-18 05:11:02,42.3989219665527,-8.92139911651611,"Unknown"
"9004157",371992,2025-05-18 05:16:04,42.3989753723145,-8.92156887054443,"Unknown"
"9004157",371992,2025-05-18 05:21:00,42.3978004455566,-8.92014122009277,"Unknown"
"9004157",371992,2025-05-18 05:26:00,42.3977088928223,-8.92001914978027,"Unknown"
"9004157",371992,2025-05-18 05:31:01,42.397590637207,-8.91970729827881,"Unknown"
"9004157",371992,2025-05-18 05:36:09,42.3975982666016,-8.92041206359863,"Unknown"
"9004157",371992,2025-05-18 05:41:03,42.3975639343262,-8.92023181915283,"Unknown"
"9004157",371992,2025-05-18 05:46:09,42.3976097106934,-8.92037296295166,"Unknown"
"9004157",371992,2025-05-18 05:51:01,42.398265838623,-8.91831874847412,"Unknown"
"9004157",371992,2025-05-18 05:56:00,42.3980293273926,-8.91655254364014,"Unknown"
"9004157",371992,2025-05-18 06:01:00,42.3971557617188,-8.91287612915039,"Unknown"
"9004157",371992,2025-05-18 06:06:11,42.3925743103027,-8.90780353546143,"Unknown"
"9004157",371992,2025-05-18 06:11:12,42.4117736816406,-8.9090518951416,"Unknown"
"9004157",371992,2025-05-18 06:16:16,42.4525909423828,-8.93094253540039,"Unknown"
"9004157",371992,2025-05-18 06:21:11,42.4845428466797,-8.92974948883057,"Unknown"
"9004157",371992,2025-05-18 06:26:13,42.5050354003906,-8.88942527770996,"Unknown"
"9004157",371992,2025-05-18 06:32:20,42.5121879577637,-8.87289142608643,"Unknown"
"9004157",371992,2025-05-18 06:38:03,42.5107116699219,-8.87106895446777,"Unknown"
"9004157",371992,2025-05-18 06:43:38,42.5091896057129,-8.87076282501221,"Unknown"
"9004157",371992,2025-05-18 06:48:34,42.5076866149902,-8.87091445922852,"Unknown"
"9004157",371992,2025-05-18 06:53:33,42.5064544677734,-8.87191581726074,"Unknown"
"9004157",371992,2025-05-18 06:58:36,42.5063400268555,-8.87345695495605,"Unknown"
"9004157",371992,2025-05-18 07:03:39,42.5069808959961,-8.87252616882324,"Unknown"
"9004157",371992,2025-05-18 07:08:37,42.506706237793,-8.871506690979,"Unknown"
"9004157",371992,2025-05-18 07:14:21,42.5058174133301,-8.8724422454834,"Unknown"
"9004157",371992,2025-05-18 07:20:12,42.5068283081055,-8.87093353271484,"Unknown"
"9004157",371992,2025-05-18 07:25:37,42.5068359375,-8.87086868286133,"Unknown"
"9004157",371992,2025-05-18 07:30:34,42.5080604553223,-8.87080383300781,"Unknown"
"9004157",371992,2025-05-18 07:35:48,42.5098266601562,-8.87050437927246,"Unknown"
"9004157",371992,2025-05-18 07:40:48,42.510913848877,-8.87075328826904,"Unknown"
"9004157",371992,2025-05-18 07:46:14,42.5182189941406,-8.86602306365967,"Unknown"
"9004157",371992,2025-05-18 07:50:49,42.5181922912598,-8.86576175689697,"Unknown"
"9004157",371992,2025-05-18 07:55:48,42.5181617736816,-8.86574363708496,"Unknown"
"9004157",371992,2025-05-18 08:00:51,42.5181121826172,-8.86569309234619,"Unknown"
"9004157",371992,2025-05-18 08:05:48,42.5181884765625,-8.86565113067627,"Unknown"
"9004157",371992,2025-05-18 08:10:48,42.518138885498,-8.8657922744751,"Unknown"
"9004157",371992,2025-05-18 08:15:51,42.5181617736816,-8.86576366424561,"Unknown"
"9004157",371992,2025-05-18 08:20:50,42.5181350708008,-8.86578559875488,"Unknown"
"9004157",371992,2025-05-18 08:25:55,42.5180587768555,-8.86566734313965,"Unknown"
"9004157",371992,2025-05-18 08:31:14,42.5181465148926,-8.86566925048828,"Unknown"
"9004157",371992,2025-05-18 08:35:48,42.5181884765625,-8.86566829681396,"Unknown"
"9004157",371992,2025-05-18 08:40:53,42.5180282592773,-8.86542797088623,"Unknown"
"9004157",371992,2025-05-18 08:45:58,42.517017364502,-8.86209678649902,"Unknown"
"9004157",371992,2025-05-18 08:51:47,42.515998840332,-8.8602237701416,"Unknown"
"9004157",371992,2025-05-18 08:58:08,42.5166244506836,-8.85794353485107,"Unknown"
"9004157",371992,2025-05-18 09:03:34,42.5173797607422,-8.85661792755127,"Unknown"
"9004157",371992,2025-05-18 09:08:30,42.5184631347656,-8.8546724319458,"Unknown"
"9004157",371992,2025-05-18 09:31:06,42.5181503295898,-8.85712146759033,"Unknown"
"9004157",371992,2025-05-18 09:36:30,42.5179634094238,-8.85801029205322,"Unknown"
"9004157",371992,2025-05-18 09:42:00,42.5170669555664,-8.85807704925537,"Unknown"
"9004157",371992,2025-05-18 09:58:23,42.5134811401367,-8.85868549346924,"Unknown"
"9004157",371992,2025-05-18 10:03:31,42.5124168395996,-8.85992622375488,"Unknown"
"9004157",371992,2025-05-18 10:08:30,42.5119972229004,-8.8588752746582,"Unknown"
"9004157",371992,2025-05-18 10:13:30,42.5117988586426,-8.85849380493164,"Unknown"
"9004157",371992,2025-05-18 10:18:31,42.5117950439453,-8.85849189758301,"Unknown"
"9004157",371992,2025-05-18 10:24:02,42.5116958618164,-8.85856056213379,"Unknown"
"9004157",371992,2025-05-18 10:28:59,42.5117645263672,-8.85852718353271,"Unknown"
"9004157",371992,2025-05-18 10:34:14,42.5117454528809,-8.85854434967041,"Unknown"
"9004157",371992,2025-05-18 10:38:59,42.5115966796875,-8.85857200622559,"Unknown"
"9004157",371992,2025-05-18 10:43:59,42.5116233825684,-8.85860633850098,"Unknown"
"9004157",371992,2025-05-18 10:48:59,42.5118179321289,-8.85857009887695,"Unknown"
"9004157",371992,2025-05-18 10:53:59,42.5117378234863,-8.85867786407471,"Unknown"
"9004157",371992,2025-05-18 10:58:59,42.5117378234863,-8.85869598388672,"Unknown"
"9004157",371992,2025-05-18 11:03:58,42.5117073059082,-8.85866355895996,"Unknown"
"9004157",371992,2025-05-18 11:09:30,42.5136985778809,-8.85868549346924,"Unknown"
"9004157",371992,2025-05-18 11:15:17,42.514533996582,-8.85754680633545,"Unknown"
"9004157",371992,2025-05-18 11:20:47,42.5154495239258,-8.85655117034912,"Unknown"
"9004157",371992,2025-05-18 11:26:27,42.516414642334,-8.85672664642334,"Unknown"
"9004157",371992,2025-05-18 11:32:09,42.5169372558594,-8.85595035552979,"Unknown"
"9004157",371992,2025-05-18 11:37:04,42.5179214477539,-8.85529327392578,"Unknown"
"9004157",371992,2025-05-18 11:42:44,42.5183906555176,-8.85486507415771,"Unknown"
"9004157",371992,2025-05-18 11:47:04,42.5183410644531,-8.85495376586914,"Unknown"
"9004157",371992,2025-05-18 11:52:05,42.5184631347656,-8.8547420501709,"Unknown"
"9004157",371992,2025-05-18 11:57:04,42.5183296203613,-8.85483837127686,"Unknown"
"9004157",371992,2025-05-18 12:02:04,42.5183944702148,-8.85477352142334,"Unknown"
"9004157",371992,2025-05-18 12:07:04,42.5183944702148,-8.8548469543457,"Unknown"
"9004157",371992,2025-05-18 12:12:04,42.5180511474609,-8.85467529296875,"Unknown"
"9004157",371992,2025-05-18 12:17:07,42.518009185791,-8.8547887802124,"Unknown"
"9004157",371992,2025-05-18 12:22:04,42.5181274414062,-8.85482311248779,"Unknown"
"9004157",371992,2025-05-18 12:27:54,42.5178680419922,-8.856201171875,"Unknown"
"9004157",371992,2025-05-18 12:33:36,42.5172119140625,-8.85618114471436,"Unknown"
"9004157",371992,2025-05-18 12:39:06,42.5171775817871,-8.8568639755249,"Unknown"
"9004157",371992,2025-05-18 12:44:06,42.5161972045898,-8.85726737976074,"Unknown"
"9004157",371992,2025-05-18 12:49:48,42.5149002075195,-8.85726737976074,"Unknown"
"9004157",371992,2025-05-18 12:56:06,42.514404296875,-8.85776615142822,"Unknown"
"9004157",371992,2025-05-18 13:01:13,42.5139656066895,-8.85850811004639,"Unknown"
"9004157",371992,2025-05-18 13:08:44,42.5150337219238,-8.85786437988281,"Unknown"
"9004157",371992,2025-05-18 13:14:12,42.5153045654297,-8.85655498504639,"Unknown"
"9004157",371992,2025-05-18 13:19:02,42.5158386230469,-8.85744094848633,"Unknown"
"9004157",371992,2025-05-18 13:24:01,42.5171775817871,-8.85734272003174,"Unknown"
"9004157",371992,2025-05-18 13:29:16,42.5182762145996,-8.85739135742188,"Unknown"
"9004157",371992,2025-05-18 13:35:25,42.5195083618164,-8.85670471191406,"Unknown"
"9004157",371992,2025-05-18 13:40:51,42.5212936401367,-8.85644435882568,"Unknown"
"9004157",371992,2025-05-18 13:49:45,42.5219345092773,-8.85392475128174,"Unknown"
"9004157",371992,2025-05-18 13:54:51,42.5211868286133,-8.85347652435303,"Unknown"
"9004157",371992,2025-05-18 14:00:24,42.5198020935059,-8.85397720336914,"Unknown"
"9004157",371992,2025-05-18 14:06:06,42.5188522338867,-8.85512924194336,"Unknown"
"9004157",371992,2025-05-18 14:11:39,42.5179443359375,-8.85634994506836,"Unknown"
"9004157",371992,2025-05-18 14:17:00,42.5173187255859,-8.85714054107666,"Unknown"
"9004157",371992,2025-05-18 14:24:42,42.515552520752,-8.85799312591553,"Unknown"
"9004157",371992,2025-05-18 14:29:48,42.514347076416,-8.85872936248779,"Unknown"
"9004157",371992,2025-05-18 14:35:00,42.5132179260254,-8.85973834991455,"Unknown"
"9004157",371992,2025-05-18 14:39:54,42.5123672485352,-8.86457538604736,"Unknown"
"9004157",371992,2025-05-18 14:44:54,42.5124588012695,-8.86455631256104,"Unknown"
"9004157",371992,2025-05-18 14:50:05,42.5123672485352,-8.86459541320801,"Unknown"
"9004157",371992,2025-05-18 14:54:47,42.5127487182617,-8.86485576629639,"Unknown"
"9004157",371992,2025-05-18 14:59:54,42.5122413635254,-8.86462497711182,"Unknown"
"9004157",371992,2025-05-18 15:09:45,42.5006065368652,-8.88109874725342,"Unknown"
"9004157",371992,2025-05-18 15:14:54,42.4997749328613,-8.88372230529785,"Unknown"
"9004157",371992,2025-05-18 15:19:56,42.4823570251465,-8.92407417297363,"Unknown"
"9004157",371992,2025-05-18 15:24:54,42.4781646728516,-8.93931579589844,"Unknown"
"9004157",371992,2025-05-18 15:34:50,42.4580230712891,-8.94708251953125,"Unknown"
"9004157",371992,2025-05-18 15:40:53,42.4563217163086,-8.94643402099609,"Unknown"
"9004157",371992,2025-05-18 15:44:59,42.4552459716797,-8.9470682144165,"Unknown"
"9004157",371992,2025-05-18 15:50:05,42.4540634155273,-8.94616317749023,"Unknown"
"9004157",371992,2025-05-18 15:54:44,42.4379348754883,-8.94206047058105,"Unknown"
"9004157",371992,2025-05-18 16:00:14,42.4001007080078,-8.92117595672607,"Unknown"
"9004157",371992,2025-05-18 16:05:51,42.3990287780762,-8.92096138000488,"Unknown"
"9004157",371992,2025-05-18 16:09:54,42.3989562988281,-8.92109775543213,"Unknown"
"9004157",371992,2025-05-18 16:14:49,42.3989601135254,-8.92101860046387,"Unknown"
"9004157",371992,2025-05-18 16:19:54,42.3991394042969,-8.92114067077637,"Unknown"
"9004157",371992,2025-05-18 16:24:46,42.3988571166992,-8.92110919952393,"Unknown"
"9004157",371992,2025-05-18 16:29:54,42.3988761901855,-8.92047595977783,"Unknown"
"9004157",371992,2025-05-18 16:34:54,42.3988571166992,-8.92043781280518,"Unknown"
"9004157",371992,2025-05-18 16:40:05,42.398853302002,-8.92034435272217,"Unknown"
"9004157",371992,2025-05-18 16:44:44,42.3988456726074,-8.92007064819336,"Unknown"
"9004157",371992,2025-05-18 16:49:47,42.3988227844238,-8.92019176483154,"Unknown"
"9004157",371992,2025-05-18 16:54:53,42.3988990783691,-8.9205207824707,"Unknown"
"9004157",371992,2025-05-18 16:59:47,42.3989601135254,-8.92009925842285,"Unknown"
"9004157",371992,2025-05-18 17:04:54,42.3989677429199,-8.92100620269775,"Unknown"
"9004157",371992,2025-05-18 17:09:47,42.3988723754883,-8.92124176025391,"Unknown"
"9004157",371992,2025-05-18 17:15:05,42.3989067077637,-8.9210033416748,"Unknown"
"9004157",371992,2025-05-18 17:19:52,42.3988380432129,-8.921142578125,"Unknown"
"9004157",371992,2025-05-18 17:25:07,42.3988380432129,-8.92112636566162,"Unknown"
"9004157",371992,2025-05-18 17:29:47,42.3988800048828,-8.9208927154541,"Unknown"
"9004157",371992,2025-05-18 17:34:43,42.3987007141113,-8.92142200469971,"Unknown"
"9004157",371992,2025-05-18 17:39:43,42.3988075256348,-8.92113208770752,"Unknown"
"9004157",371992,2025-05-18 17:44:51,42.3987503051758,-8.92113494873047,"Unknown"
"9004157",371992,2025-05-18 17:49:45,42.3987007141113,-8.9212760925293,"Unknown"
"9004157",371992,2025-05-18 17:56:07,42.3988151550293,-8.92152690887451,"Unknown"
"9004157",371992,2025-05-18 18:01:07,42.3987998962402,-8.92115592956543,"Unknown"
"9004157",371992,2025-05-18 18:04:45,42.3987998962402,-8.92114067077637,"Unknown"
"9004157",371992,2025-05-18 18:10:29,42.3988075256348,-8.92110061645508,"Unknown"
"9004157",371992,2025-05-18 18:14:46,42.3990821838379,-8.92094898223877,"Unknown"
"9004157",371992,2025-05-18 18:19:48,42.3989067077637,-8.92160415649414,"Unknown"
"9004157",371992,2025-05-18 18:24:46,42.3990097045898,-8.92170238494873,"Unknown"
"9004157",371992,2025-05-18 18:29:46,42.3989677429199,-8.92160129547119,"Unknown"
"9004157",371992,2025-05-18 18:34:47,42.3989753723145,-8.92170238494873,"Unknown"
"9004157",371992,2025-05-18 18:39:48,42.3988342285156,-8.92189121246338,"Unknown"
"9004157",371992,2025-05-18 18:44:51,42.398868560791,-8.92131233215332,"Unknown"
"9004157",371992,2025-05-18 18:50:14,42.3988876342773,-8.92105674743652,"Unknown"
"9004157",371992,2025-05-18 18:54:49,42.3989715576172,-8.92103481292725,"Unknown"
"9004157",371992,2025-05-18 18:59:49,42.3988380432129,-8.9210262298584,"Unknown"
"9004157",371992,2025-05-18 19:05:39,42.3988456726074,-8.92102432250977,"Unknown"
"9004157",371992,2025-05-18 19:09:47,42.3991622924805,-8.92096138000488,"Unknown"
"9004157",371992,2025-05-18 19:15:04,42.3988265991211,-8.9208984375,"Unknown"
"9004157",371992,2025-05-18 19:20:12,42.3988304138184,-8.92092132568359,"Unknown"
"9004157",371992,2025-05-18 19:24:57,42.3988342285156,-8.9210205078125,"Unknown"
"9004157",371992,2025-05-18 19:30:14,42.3988647460938,-8.92103576660156,"Unknown"
"9004157",371992,2025-05-18 19:34:45,42.3987617492676,-8.92084217071533,"Unknown"
"9004157",371992,2025-05-18 19:39:45,42.3986968994141,-8.9208288192749,"Unknown"
"9004157",371992,2025-05-18 19:46:07,42.3988418579102,-8.92101192474365,"Unknown"
"9004157",371992,2025-05-18 19:51:07,42.3988800048828,-8.92109680175781,"Unknown"
"9004157",371992,2025-05-18 19:56:07,42.3988647460938,-8.92105579376221,"Unknown"
"9004157",371992,2025-05-18 20:01:07,42.3989295959473,-8.92118072509766,"Unknown"
"9004157",371992,2025-05-18 20:06:07,42.3990097045898,-8.92147254943848,"Unknown"
"9004157",371992,2025-05-18 20:11:07,42.3989868164062,-8.92132663726807,"Unknown"
"9004157",371992,2025-05-18 20:16:07,42.3989410400391,-8.92129135131836,"Unknown"
"9004157",371992,2025-05-18 20:21:07,42.399169921875,-8.9218864440918,"Unknown"
"9004157",371992,2025-05-18 20:26:07,42.3989028930664,-8.92127132415771,"Unknown"
"9004157",371992,2025-05-18 20:31:07,42.3990859985352,-8.92159652709961,"Unknown"
"9004157",371992,2025-05-18 20:34:52,42.3988189697266,-8.92114925384521,"Unknown"
"9004157",371992,2025-05-18 20:39:45,42.3987617492676,-8.92068386077881,"Unknown"
"9004157",371992,2025-05-18 20:44:44,42.398681640625,-8.92072582244873,"Unknown"
"9004157",371992,2025-05-18 20:49:43,42.3986663818359,-8.92072582244873,"Unknown"
"9004157",371992,2025-05-18 20:54:43,42.3987197875977,-8.9208345413208,"Unknown"
"9004157",371992,2025-05-18 20:59:44,42.3986663818359,-8.92066669464111,"Unknown"
"9004157",371992,2025-05-18 21:04:44,42.3987426757812,-8.920823097229,"Unknown"
"9004157",371992,2025-05-18 21:09:45,42.398796081543,-8.92081642150879,"Unknown"
"9004157",371992,2025-05-18 21:14:46,42.3991546630859,-8.92045402526855,"Unknown"
"9004157",371992,2025-05-18 21:19:48,42.3990516662598,-8.92024517059326,"Unknown"
"9004157",371992,2025-05-18 21:24:45,42.3992156982422,-8.92012691497803,"Unknown"
"9004157",371992,2025-05-18 21:29:46,42.3989334106445,-8.92023944854736,"Unknown"
"9004157",371992,2025-05-18 21:34:47,42.3989562988281,-8.91993522644043,"Unknown"
"9004157",371992,2025-05-18 21:39:49,42.3990592956543,-8.91967582702637,"Unknown"
"9004157",371992,2025-05-18 21:46:07,42.3988418579102,-8.92124557495117,"Unknown"
"9004157",371992,2025-05-18 21:51:07,42.3988151550293,-8.92135047912598,"Unknown"
"9004157",371992,2025-05-18 21:56:07,42.3988227844238,-8.92144966125488,"Unknown"
"9004157",371992,2025-05-18 22:01:07,42.3989334106445,-8.92087554931641,"Unknown"
"9004157",371992,2025-05-18 22:06:07,42.3987731933594,-8.9214038848877,"Unknown"
"9004157",371992,2025-05-18 22:10:12,42.398811340332,-8.9213171005249,"Unknown"
"9004157",371992,2025-05-18 22:14:45,42.3988494873047,-8.9211540222168,"Unknown"
"9004157",371992,2025-05-18 22:19:46,42.3988265991211,-8.92114925384521,"Unknown"
"9004157",371992,2025-05-18 22:25:05,42.3988342285156,-8.92100524902344,"Unknown"
"9004157",371992,2025-05-18 22:29:43,42.3989028930664,-8.92107486724854,"Unknown"
"9004157",371992,2025-05-18 22:34:43,42.3988494873047,-8.92110252380371,"Unknown"
"9004157",371992,2025-05-18 22:39:43,42.3988456726074,-8.92102909088135,"Unknown"
"9004157",371992,2025-05-18 22:44:43,42.3988494873047,-8.92101001739502,"Unknown"
"9004157",371992,2025-05-18 22:49:45,42.3988571166992,-8.92106437683105,"Unknown"
"9004157",371992,2025-05-18 22:54:45,42.3988456726074,-8.92104434967041,"Unknown"
"9004157",371992,2025-05-18 23:00:09,42.3988876342773,-8.92150592803955,"Unknown"
"9004157",371992,2025-05-18 23:05:08,42.3986434936523,-8.92069816589355,"Unknown"
"9004157",371992,2025-05-18 23:10:11,42.3986549377441,-8.92079639434814,"Unknown"
"9004157",371992,2025-05-18 23:15:10,42.3982734680176,-8.92023372650146,"Unknown"
"9004157",371992,2025-05-18 23:20:27,42.3986701965332,-8.92101573944092,"Unknown"
"9004157",371992,2025-05-18 23:25:44,42.3991241455078,-8.92080307006836,"Unknown"
"9004157",371992,2025-05-18 23:30:13,42.3987770080566,-8.92077445983887,"Unknown"
"9004157",371992,2025-05-19 04:36:29,42.3989601135254,-8.92138290405273,"Unknown"
"9004157",371992,2025-05-19 04:55:24,42.3989219665527,-8.92138767242432,"Unknown"
"9004157",371992,2025-05-19 05:06:14,42.3988838195801,-8.92106151580811,"Unknown"
"9004157",371992,2025-05-19 05:15:06,42.3991279602051,-8.92101097106934,"Unknown"
"9004157",371992,2025-05-19 05:26:03,42.3988723754883,-8.92131519317627,"Unknown"
"9004157",371992,2025-05-19 05:35:05,42.3987731933594,-8.92135620117188,"Unknown"
"9004157",371992,2025-05-19 05:46:29,42.3988609313965,-8.92131328582764,"Unknown"
"9004157",371992,2025-05-19 05:55:09,42.3990478515625,-8.92105197906494,"Unknown"
"9004157",371992,2025-05-19 06:05:13,42.3987274169922,-8.92152881622314,"Unknown"
"9004157",371992,2025-05-19 06:15:20,42.398853302002,-8.92121505737305,"Unknown"
"9004157",371992,2025-05-19 06:25:18,42.3988761901855,-8.92125225067139,"Unknown"
"9004157",371992,2025-05-19 06:35:39,42.3988189697266,-8.92111873626709,"Unknown"
"9004157",371992,2025-05-19 06:45:17,42.3987884521484,-8.92107772827148,"Unknown"
"9004157",371992,2025-05-19 06:55:44,42.398868560791,-8.92133808135986,"Unknown"
"9004157",371992,2025-05-19 07:05:09,42.3990135192871,-8.9211597442627,"Unknown"
"9004157",371992,2025-05-19 07:15:31,42.3988914489746,-8.9215030670166,"Unknown"
"9004157",371992,2025-05-19 07:25:06,42.3988571166992,-8.921067237854,"Unknown"
"9004157",371992,2025-05-19 07:35:13,42.3989524841309,-8.92070770263672,"Unknown"
"9004157",371992,2025-05-19 07:45:19,42.3989486694336,-8.92157363891602,"Unknown"
"9004157",371992,2025-05-19 07:55:17,42.3988914489746,-8.92164993286133,"Unknown"
"9004157",371992,2025-05-19 08:05:35,42.3988952636719,-8.92093086242676,"Unknown"
"9004157",371992,2025-05-19 08:15:38,42.4154243469238,-8.92172336578369,"Unknown"
"9004157",371992,2025-05-19 08:25:05,42.4867744445801,-8.92006301879883,"Unknown"
"9004157",371992,2025-05-19 08:35:07,42.5062294006348,-8.8726167678833,"Unknown"
"9004157",371992,2025-05-19 08:45:06,42.5075149536133,-8.86976337432861,"Unknown"
"9004157",371992,2025-05-19 08:55:06,42.5085144042969,-8.87169647216797,"Unknown"
"9004157",371992,2025-05-19 09:05:07,42.5088577270508,-8.87326335906982,"Unknown"
"9004157",371992,2025-05-19 09:15:10,42.5055046081543,-8.87393665313721,"Unknown"
"9004157",371992,2025-05-19 09:26:08,42.5062141418457,-8.8718957901001,"Unknown"
"9004157",371992,2025-05-19 09:36:07,42.5085182189941,-8.86948299407959,"Unknown"
"9004157",371992,2025-05-19 09:46:12,42.5090141296387,-8.87172698974609,"Unknown"
"9004157",371992,2025-05-19 09:56:54,42.5068473815918,-8.87496662139893,"Unknown"
"9004157",371992,2025-05-19 10:08:44,42.5064086914062,-8.87898635864258,"Unknown"
"9004157",371992,2025-05-19 10:18:00,42.5047416687012,-8.88103199005127,"Unknown"
"9004157",371992,2025-05-19 10:27:54,42.5043907165527,-8.88084125518799,"Unknown"
"9004157",371992,2025-05-19 10:37:56,42.504753112793,-8.88118648529053,"Unknown"
"9004157",371992,2025-05-19 10:48:14,42.5047874450684,-8.88130378723145,"Unknown"
"9004157",371992,2025-05-19 10:57:54,42.5048217773438,-8.88127422332764,"Unknown"
"9004157",371992,2025-05-19 11:07:57,42.5048484802246,-8.88123893737793,"Unknown"
"9004157",371992,2025-05-19 11:17:55,42.5085372924805,-8.8740930557251,"Unknown"
"9004157",371992,2025-05-19 11:28:00,42.5079574584961,-8.87180042266846,"Unknown"
"9004157",371992,2025-05-19 11:38:58,42.5088958740234,-8.8709831237793,"Unknown"
"9004157",371992,2025-05-19 11:48:53,42.5102577209473,-8.87255191802979,"Unknown"
"9004157",371992,2025-05-19 11:58:50,42.5099067687988,-8.87171936035156,"Unknown"
"9004157",371992,2025-05-19 12:08:52,42.5094299316406,-8.87088871002197,"Unknown"
"9004157",371992,2025-05-19 12:22:59,42.5073890686035,-8.87314033508301,"Unknown"
"9004157",371992,2025-05-19 12:32:24,42.506763458252,-8.87255382537842,"Unknown"
"9004157",371992,2025-05-19 12:37:28,42.5068893432617,-8.87125015258789,"Unknown"
"9004157",371992,2025-05-19 12:42:58,42.5079727172852,-8.87009429931641,"Unknown"
"9004157",371992,2025-05-19 12:47:58,42.5089874267578,-8.87082004547119,"Unknown"
"9004157",371992,2025-05-19 12:52:59,42.5098838806152,-8.87140846252441,"Unknown"
"9004157",371992,2025-05-19 12:58:00,42.5097541809082,-8.87132740020752,"Unknown"
"9004157",371992,2025-05-19 13:03:20,42.5086059570312,-8.87037754058838,"Unknown"
"9004157",371992,2025-05-19 13:08:20,42.5094757080078,-8.87078475952148,"Unknown"
"9004157",371992,2025-05-19 13:13:21,42.5093040466309,-8.87081050872803,"Unknown"
"9004157",371992,2025-05-19 13:18:27,42.5081062316895,-8.87040424346924,"Unknown"
"9004157",371992,2025-05-19 13:23:27,42.5082397460938,-8.87088966369629,"Unknown"
"9004157",371992,2025-05-19 13:28:29,42.5091590881348,-8.87118721008301,"Unknown"
"9004157",371992,2025-05-19 13:33:56,42.5088500976562,-8.87254047393799,"Unknown"
"9004157",371992,2025-05-19 13:38:54,42.5080833435059,-8.8726863861084,"Unknown"
"9004157",371992,2025-05-19 13:43:56,42.508373260498,-8.87150478363037,"Unknown"
"9004157",371992,2025-05-19 13:48:54,42.5074882507324,-8.87158107757568,"Unknown"
"9004157",371992,2025-05-19 13:54:20,42.506160736084,-8.87201118469238,"Unknown"
"9004157",371992,2025-05-19 13:59:19,42.5072631835938,-8.87076091766357,"Unknown"
"9004157",371992,2025-05-19 14:04:20,42.5086135864258,-8.8707218170166,"Unknown"
"9004157",371992,2025-05-19 14:09:38,42.509105682373,-8.87121486663818,"Unknown"
"9004157",371992,2025-05-19 14:14:40,42.5088539123535,-8.8718090057373,"Unknown"
"9004157",371992,2025-05-19 14:19:39,42.5100936889648,-8.87190723419189,"Unknown"
"9004157",371992,2025-05-19 14:24:39,42.5089111328125,-8.87240409851074,"Unknown"
"9004157",371992,2025-05-19 14:29:40,42.5079040527344,-8.87100219726562,"Unknown"
"9004157",371992,2025-05-19 14:34:39,42.5089492797852,-8.87052917480469,"Unknown"
"9004157",371992,2025-05-19 14:40:11,42.508903503418,-8.86968421936035,"Unknown"
"9004157",371992,2025-05-19 14:46:16,42.5072250366211,-8.87011051177979,"Unknown"
"9004157",371992,2025-05-19 15:05:54,42.5078201293945,-8.87125587463379,"Unknown"
"9004157",371992,2025-05-19 15:11:18,42.5074081420898,-8.87136554718018,"Unknown"
"9004157",371992,2025-05-19 15:16:18,42.5088157653809,-8.87189388275146,"Unknown"
"9004157",371992,2025-05-19 15:21:18,42.5075187683105,-8.87249279022217,"Unknown"
"9004157",371992,2025-05-19 15:26:54,42.5068092346191,-8.87189292907715,"Unknown"
"9004157",371992,2025-05-19 15:32:05,42.5061569213867,-8.87270450592041,"Unknown"
"9004157",371992,2025-05-19 15:37:01,42.5047073364258,-8.87953281402588,"Unknown"
"9004157",371992,2025-05-19 15:42:01,42.5047340393066,-8.87941932678223,"Unknown"
"9004157",371992,2025-05-19 15:47:01,42.504753112793,-8.87944602966309,"Unknown"
"9004157",371992,2025-05-19 15:52:05,42.5047340393066,-8.87946128845215,"Unknown"
"9004157",371992,2025-05-19 15:57:08,42.5046691894531,-8.87944793701172,"Unknown"
"9004157",371992,2025-05-19 16:02:01,42.5046463012695,-8.87935066223145,"Unknown"
"9004157",371992,2025-05-19 16:07:14,42.504768371582,-8.87952327728271,"Unknown"
"9004157",371992,2025-05-19 16:12:01,42.5048141479492,-8.87945365905762,"Unknown"
"9004157",371992,2025-05-19 16:30:28,42.5047569274902,-8.87945938110352,"Unknown"
"9004157",371992,2025-05-19 16:35:28,42.504695892334,-8.87939357757568,"Unknown"
"9004157",371992,2025-05-19 16:40:28,42.5047454833984,-8.87962532043457,"Unknown"
"9004157",371992,2025-05-19 16:45:36,42.5047187805176,-8.87945461273193,"Unknown"
"9004157",371992,2025-05-19 16:50:36,42.5047187805176,-8.87944412231445,"Unknown"
"9004157",371992,2025-05-19 16:55:38,42.5046501159668,-8.87939834594727,"Unknown"
"9004157",371992,2025-05-19 17:00:40,42.5047340393066,-8.87955188751221,"Unknown"
"9004157",371992,2025-05-19 17:05:28,42.4903984069824,-8.9031867980957,"Unknown"
"9004157",371992,2025-05-19 17:10:28,42.4842224121094,-8.91649532318115,"Unknown"
"9004157",371992,2025-05-19 17:15:29,42.4620513916016,-8.94436931610107,"Unknown"
"9004157",371992,2025-05-19 17:20:33,42.4276847839355,-8.9387264251709,"Unknown"
"9004157",371992,2025-05-19 17:25:28,42.3998641967773,-8.92101955413818,"Unknown"
"9004157",371992,2025-05-19 17:35:36,42.3986549377441,-8.92116737365723,"Unknown"
"9004157",371992,2025-05-19 17:40:37,42.398983001709,-8.92211723327637,"Unknown"
"9004157",371992,2025-05-19 17:45:59,42.398754119873,-8.92119026184082,"Unknown"
"9004157",371992,2025-05-19 17:50:34,42.3987998962402,-8.92077159881592,"Unknown"
"9004157",371992,2025-05-19 17:55:55,42.3988800048828,-8.92179012298584,"Unknown"
"9004157",371992,2025-05-19 18:00:36,42.3987846374512,-8.92090511322021,"Unknown"
"9004157",371992,2025-05-19 18:05:59,42.3987998962402,-8.92085552215576,"Unknown"
"9004157",371992,2025-05-19 18:10:35,42.398796081543,-8.92098712921143,"Unknown"
"9004157",371992,2025-05-19 18:15:42,42.398853302002,-8.92099952697754,"Unknown"
"9004157",371992,2025-05-19 18:20:36,42.3988304138184,-8.92097759246826,"Unknown"
"9004157",371992,2025-05-19 18:26:16,42.3987998962402,-8.9208927154541,"Unknown"
"9004157",371992,2025-05-19 18:31:03,42.3987655639648,-8.92085361480713,"Unknown"
"9004157",371992,2025-05-19 18:36:19,42.3987998962402,-8.92097854614258,"Unknown"
"9004157",371992,2025-05-19 18:40:43,42.3988227844238,-8.92099952697754,"Unknown"
"9004157",371992,2025-05-19 18:45:33,42.3988151550293,-8.92094421386719,"Unknown"
"9004157",371992,2025-05-19 18:50:33,42.3988227844238,-8.92100143432617,"Unknown"
"9004157",371992,2025-05-19 18:55:31,42.3988227844238,-8.92099475860596,"Unknown"
"9004157",371992,2025-05-19 19:00:29,42.3987464904785,-8.92097663879395,"Unknown"
"9004157",371992,2025-05-19 19:05:33,42.3988189697266,-8.92092609405518,"Unknown"
"9004157",371992,2025-05-19 19:10:31,42.3987693786621,-8.92097854614258,"Unknown"
"9004157",371992,2025-05-19 19:15:31,42.3988265991211,-8.9207820892334,"Unknown"
"9004157",371992,2025-05-19 19:20:36,42.3989219665527,-8.92113876342773,"Unknown"
"9004157",371992,2025-05-19 19:25:31,42.3987731933594,-8.92080307006836,"Unknown"
"9004157",371992,2025-05-19 19:30:36,42.3988304138184,-8.92097949981689,"Unknown"
"9004157",371992,2025-05-19 19:35:35,42.3990211486816,-8.92141628265381,"Unknown"
"9004157",371992,2025-05-19 19:40:38,42.3989448547363,-8.92122459411621,"Unknown"
"9004157",371992,2025-05-19 19:45:53,42.3989334106445,-8.92126560211182,"Unknown"
"9004157",371992,2025-05-19 19:50:34,42.3990821838379,-8.92167377471924,"Unknown"
"9004157",371992,2025-05-19 19:55:30,42.3982582092285,-8.92062664031982,"Unknown"
"9004157",371992,2025-05-19 20:01:14,42.3989486694336,-8.92122364044189,"Unknown"
"9004157",371992,2025-05-19 20:05:30,42.3986015319824,-8.92100811004639,"Unknown"
"9004157",371992,2025-05-19 20:11:52,42.3989524841309,-8.92099571228027,"Unknown"
"9004157",371992,2025-05-19 20:15:31,42.3989295959473,-8.92097663879395,"Unknown"
"9004157",371992,2025-05-19 20:20:33,42.3989219665527,-8.92104721069336,"Unknown"
"9004157",371992,2025-05-19 20:25:35,42.3989067077637,-8.92086601257324,"Unknown"
"9004157",371992,2025-05-19 20:30:46,42.3987846374512,-8.9208459854126,"Unknown"
"9004157",371992,2025-05-19 20:35:55,42.3987312316895,-8.92067623138428,"Unknown"
"9004157",371992,2025-05-19 20:40:27,42.398624420166,-8.9207592010498,"Unknown"
"9004157",371992,2025-05-19 20:45:31,42.3988151550293,-8.92111396789551,"Unknown"
"9004157",371992,2025-05-19 20:50:28,42.3986206054688,-8.92088508605957,"Unknown"
"9004157",371992,2025-05-19 20:55:28,42.3988456726074,-8.92126274108887,"Unknown"
"9004157",371992,2025-05-19 21:00:29,42.3987998962402,-8.92111873626709,"Unknown"
"9004157",371992,2025-05-19 21:05:31,42.3988304138184,-8.92101192474365,"Unknown"
"9004157",371992,2025-05-19 21:10:39,42.3988418579102,-8.92104816436768,"Unknown"
"9004157",371992,2025-05-19 21:15:44,42.398811340332,-8.92089557647705,"Unknown"
"9004157",371992,2025-05-19 21:20:33,42.3987731933594,-8.92082405090332,"Unknown"
"9004157",371992,2025-05-19 21:25:36,42.3990478515625,-8.92032432556152,"Unknown"
"9004157",371992,2025-05-19 21:31:52,42.3988723754883,-8.92119312286377,"Unknown"
"9004157",371992,2025-05-19 21:36:52,42.3988876342773,-8.92117691040039,"Unknown"
"9004157",371992,2025-05-19 21:41:52,42.3988723754883,-8.92121124267578,"Unknown"
"9004157",371992,2025-05-19 21:46:52,42.3988800048828,-8.920973777771,"Unknown"
"9004157",371992,2025-05-19 21:51:14,42.3988265991211,-8.92119884490967,"Unknown"
"9004157",371992,2025-05-19 21:55:29,42.3989181518555,-8.92108821868896,"Unknown"
"9004157",371992,2025-05-19 22:00:30,42.3991203308105,-8.92097854614258,"Unknown"
"9004157",371992,2025-05-19 22:05:29,42.399040222168,-8.92111301422119,"Unknown"
"9004157",371992,2025-05-19 22:10:31,42.3988494873047,-8.92129230499268,"Unknown"
"9004157",371992,2025-05-19 22:15:30,42.3989410400391,-8.92106056213379,"Unknown"
"9004157",371992,2025-05-19 22:20:44,42.3988571166992,-8.92144107818604,"Unknown"
"9004157",371992,2025-05-19 22:25:31,42.3988380432129,-8.92127418518066,"Unknown"
"9004157",371992,2025-05-19 22:30:43,42.3988456726074,-8.92120170593262,"Unknown"
"9004157",371992,2025-05-19 22:35:43,42.3988380432129,-8.92123126983643,"Unknown"
"9004157",371992,2025-05-19 22:40:53,42.3988304138184,-8.92146873474121,"Unknown"
"9004157",371992,2025-05-19 22:46:05,42.3988571166992,-8.92128467559814,"Unknown"
"9004157",371992,2025-05-19 22:50:33,42.3989486694336,-8.92175197601318,"Unknown"
"9004157",371992,2025-05-19 22:55:33,42.3988647460938,-8.92125034332275,"Unknown"
"9004157",371992,2025-05-19 23:00:29,42.3989219665527,-8.92156791687012,"Unknown"
"9004157",371992,2025-05-19 23:06:51,42.3989448547363,-8.92143726348877,"Unknown"
"9004157",371992,2025-05-19 23:10:36,42.3989219665527,-8.92143821716309,"Unknown"
"9004157",371992,2025-05-19 23:16:51,42.3988151550293,-8.92147159576416,"Unknown"
"9004157",371992,2025-05-19 23:21:51,42.3988761901855,-8.92128086090088,"Unknown"
"9004157",371992,2025-05-19 23:25:31,42.3988571166992,-8.92113971710205,"Unknown"
"9004157",371992,2025-05-19 23:31:51,42.3988723754883,-8.92121982574463,"Unknown"
"9004157",371992,2025-05-19 23:35:34,42.3987808227539,-8.9209451675415,"Unknown"
"9004157",371992,2025-05-19 23:41:51,42.3988265991211,-8.9210262298584,"Unknown"
"9004157",371992,2025-05-19 23:46:51,42.3988418579102,-8.92116737365723,"Unknown"
"9004157",371992,2025-05-19 23:51:51,42.3988609313965,-8.92112922668457,"Unknown"
"9004157",371992,2025-05-19 23:56:51,42.3988494873047,-8.92118167877197,"Unknown"
"9004157",371992,2025-05-20 00:06:51,42.3988571166992,-8.92117023468018,"Unknown"
"9004157",371992,2025-05-20 00:16:51,42.3988151550293,-8.92142391204834,"Unknown"
"9004157",371992,2025-05-20 00:25:52,42.3987579345703,-8.92234706878662,"Unknown"
"9004157",371992,2025-05-20 00:35:36,42.3988723754883,-8.92099952697754,"Unknown"
"9004157",371992,2025-05-20 00:45:56,42.3988876342773,-8.92133903503418,"Unknown"
"9004157",371992,2025-05-20 00:56:51,42.3988914489746,-8.92111110687256,"Unknown"
"9004157",371992,2025-05-20 01:05:48,42.3989639282227,-8.92071151733398,"Unknown"
"9004157",371992,2025-05-20 01:16:51,42.3989372253418,-8.92094707489014,"Unknown"
"9004157",371992,2025-05-20 01:25:36,42.3988723754883,-8.92081260681152,"Unknown"
"9004157",371992,2025-05-20 01:36:51,42.3989067077637,-8.92118263244629,"Unknown"
"9004157",371992,2025-05-20 01:45:34,42.3988952636719,-8.92119979858398,"Unknown"
"9004157",371992,2025-05-20 01:55:33,42.3989028930664,-8.92120933532715,"Unknown"
"9004157",371992,2025-05-20 02:06:51,42.3988838195801,-8.92158508300781,"Unknown"
"9004157",371992,2025-05-20 02:15:55,42.3988571166992,-8.92144680023193,"Unknown"
"9004157",371992,2025-05-20 02:25:44,42.3989143371582,-8.92133522033691,"Unknown"
"9004157",371992,2025-05-20 02:35:38,42.3989028930664,-8.92112922668457,"Unknown"
"9004157",371992,2025-05-20 02:56:14,42.3988800048828,-8.92125034332275,"Unknown"
"9004157",371992,2025-05-20 03:05:36,42.3988952636719,-8.92125797271729,"Unknown"
"9004157",371992,2025-05-20 03:15:36,42.3988800048828,-8.92123222351074,"Unknown"
"9004157",371992,2025-05-20 03:25:59,42.3989295959473,-8.92134475708008,"Unknown"
"9004157",371992,2025-05-20 03:35:31,42.3988990783691,-8.92134284973145,"Unknown"
"9004157",371992,2025-05-20 03:46:10,42.3988571166992,-8.9212121963501,"Unknown"
"9004157",371992,2025-05-20 03:55:53,42.3988990783691,-8.9212064743042,"Unknown"
"9004157",371992,2025-05-20 04:05:36,42.3989295959473,-8.92124176025391,"Unknown"
"9004157",371992,2025-05-20 04:15:48,42.3988952636719,-8.9210090637207,"Unknown"
"9004157",371992,2025-05-20 04:25:58,42.3988418579102,-8.92151546478271,"Unknown"
"9004157",371992,2025-05-20 04:35:44,42.3989105224609,-8.92117500305176,"Unknown"
"9004157",371992,2025-05-20 04:45:56,42.3990745544434,-8.920823097229,"Unknown"
"9004157",371992,2025-05-20 04:56:51,42.3990173339844,-8.92147254943848,"Unknown"
"9004157",371992,2025-05-20 05:05:44,42.3989448547363,-8.92112064361572,"Unknown"
"9004157",371992,2025-05-20 05:16:14,42.3988609313965,-8.92147350311279,"Unknown"
"9004157",371992,2025-05-20 06:05:55,42.3988800048828,-8.92190933227539,"Unknown"
"9004157",371992,2025-05-20 07:36:23,42.398998260498,-8.92139148712158,"Unknown"
"9004157",371992,2025-05-20 07:45:30,42.3989601135254,-8.921311378479,"Unknown"
"9004157",371992,2025-05-20 07:55:30,42.3989448547363,-8.92124271392822,"Unknown"
"9004157",371992,2025-05-20 08:05:58,42.3988914489746,-8.92124652862549,"Unknown"
"9004157",371992,2025-05-20 08:15:28,42.3989372253418,-8.92133331298828,"Unknown"
"9004157",371992,2025-05-20 08:25:30,42.3989410400391,-8.92131900787354,"Unknown"
"9004157",371992,2025-05-20 08:35:45,42.3987350463867,-8.92101764678955,"Unknown"
"9004157",371992,2025-05-20 08:45:43,42.4141807556152,-8.92076110839844,"Unknown"
"9004157",371992,2025-05-20 08:55:28,42.4869003295898,-8.92427921295166,"Unknown"
"9004157",371992,2025-05-20 09:05:59,42.4945907592773,-8.9043140411377,"Unknown"
"9004157",371992,2025-05-20 09:16:36,42.4964866638184,-8.90456676483154,"Unknown"
"9004157",371992,2025-05-20 09:27:09,42.4958534240723,-8.90278148651123,"Unknown"
"9004157",371992,2025-05-20 09:37:44,42.5042877197266,-8.8827953338623,"Unknown"
"9004157",371992,2025-05-20 09:47:07,42.504280090332,-8.8827486038208,"Unknown"
"9004157",371992,2025-05-20 09:57:07,42.5041580200195,-8.88278961181641,"Unknown"
"9004157",371992,2025-05-20 10:09:05,42.5077514648438,-8.87102508544922,"Unknown"
"9004157",371992,2025-05-20 10:18:50,42.5081329345703,-8.87052917480469,"Unknown"
"9004157",371992,2025-05-20 10:29:41,42.5090026855469,-8.87074375152588,"Unknown"
"9004157",371992,2025-05-20 10:39:57,42.5062408447266,-8.87163639068604,"Unknown"
"9004157",371992,2025-05-20 10:50:22,42.5070953369141,-8.87283515930176,"Unknown"
"9004157",371992,2025-05-20 11:19:36,42.5102195739746,-8.87209033966064,"Unknown"
"9004157",371992,2025-05-20 11:29:36,42.5099105834961,-8.8761739730835,"Unknown"
"9004157",371992,2025-05-20 11:39:52,42.5074501037598,-8.87405872344971,"Unknown"
"9004157",371992,2025-05-20 11:51:05,42.5072937011719,-8.87344646453857,"Unknown"
"9004157",371992,2025-05-20 12:00:19,42.5068283081055,-8.87510013580322,"Unknown"
"9004157",371992,2025-05-20 12:15:59,42.5075531005859,-8.87320327758789,"Unknown"
"9004157",371992,2025-05-20 12:25:14,42.5087623596191,-8.8726634979248,"Unknown"
"9004157",371992,2025-05-20 12:40:35,42.508716583252,-8.87208366394043,"Unknown"
"9004157",371992,2025-05-20 13:18:24,42.5065956115723,-8.87588214874268,"Unknown"
"9004157",371992,2025-05-20 13:27:14,42.5048484802246,-8.88125324249268,"Unknown"
"9004157",371992,2025-05-20 13:37:00,42.5047950744629,-8.88120555877686,"Unknown"
"9004157",371992,2025-05-20 13:42:04,42.5048370361328,-8.88118457794189,"Unknown"
"9004157",371992,2025-05-20 13:47:02,42.5048332214355,-8.88115978240967,"Unknown"
"9004157",371992,2025-05-20 13:52:02,42.5049705505371,-8.88132858276367,"Unknown"
"9004157",371992,2025-05-20 13:57:00,42.5049247741699,-8.88129329681396,"Unknown"
"9004157",371992,2025-05-20 14:02:01,42.5048446655273,-8.8812198638916,"Unknown"
"9004157",371992,2025-05-20 14:07:01,42.5049591064453,-8.88127136230469,"Unknown"
"9004157",371992,2025-05-20 14:12:01,42.5050392150879,-8.88130474090576,"Unknown"
"9004157",371992,2025-05-20 14:17:02,42.5049247741699,-8.88121509552002,"Unknown"
"9004157",371992,2025-05-20 14:22:03,42.5051612854004,-8.88122367858887,"Unknown"
"9004157",371992,2025-05-20 14:27:01,42.4920959472656,-8.89950847625732,"Unknown"
"9004157",371992,2025-05-20 14:32:02,42.4781265258789,-8.93932247161865,"Unknown"
"9004157",371992,2025-05-20 14:37:02,42.4411697387695,-8.93696784973145,"Unknown"
"9004157",371992,2025-05-20 14:42:14,42.4003601074219,-8.92104339599609,"Unknown"
"9004157",371992,2025-05-20 14:57:44,42.3988990783691,-8.92114353179932,"Unknown"
"9004157",371992,2025-05-20 15:02:04,42.3990211486816,-8.92138576507568,"Unknown"
"9004157",371992,2025-05-20 15:07:09,42.3988914489746,-8.92112350463867,"Unknown"
"9004157",371992,2025-05-20 15:12:36,42.3988800048828,-8.9208345413208,"Unknown"
"9004157",371992,2025-05-20 15:17:02,42.3989028930664,-8.92063522338867,"Unknown"
"9004157",371992,2025-05-20 15:22:07,42.3987998962402,-8.92126846313477,"Unknown"
"9004157",371992,2025-05-20 15:27:04,42.3989372253418,-8.92081165313721,"Unknown"
"9004157",371992,2025-05-20 15:32:09,42.398754119873,-8.92095851898193,"Unknown"
"9004157",371992,2025-05-20 15:37:15,42.3988800048828,-8.92142772674561,"Unknown"
"9004157",371992,2025-05-20 15:42:35,42.3988647460938,-8.92134571075439,"Unknown"
"9004157",371992,2025-05-20 15:47:06,42.3989143371582,-8.92152404785156,"Unknown"
"9004157",371992,2025-05-20 15:52:02,42.398738861084,-8.9213399887085,"Unknown"
"9004157",371992,2025-05-20 15:58:24,42.3988456726074,-8.92145919799805,"Unknown"
"9004157",371992,2025-05-20 16:03:24,42.398998260498,-8.92149925231934,"Unknown"
"9004157",371992,2025-05-20 16:08:24,42.3989410400391,-8.92116641998291,"Unknown"
"9004157",371992,2025-05-20 16:12:44,42.3989181518555,-8.92124271392822,"Unknown"
"9004157",371992,2025-05-20 16:17:04,42.4068069458008,-8.92061519622803,"Unknown"
"9004157",371992,2025-05-20 16:22:07,42.4078559875488,-8.92042636871338,"Unknown"
"9004157",371992,2025-05-20 16:27:01,42.4092864990234,-8.92094612121582,"Unknown"
"9004157",371992,2025-05-20 16:32:01,42.4468803405762,-8.929368019104,"Unknown"
"9004157",371992,2025-05-20 16:37:00,42.4567070007324,-8.93788623809814,"Unknown"
"9004157",371992,2025-05-20 16:42:04,42.456729888916,-8.93817043304443,"Unknown"
"9004157",371992,2025-05-20 16:47:35,42.456729888916,-8.93822383880615,"Unknown"
"9004157",371992,2025-05-20 16:52:00,42.4567108154297,-8.93819236755371,"Unknown"
"9004157",371992,2025-05-20 16:57:01,42.4567604064941,-8.93825435638428,"Unknown"
"9004157",371992,2025-05-20 17:02:00,42.4712142944336,-8.94098567962646,"Unknown"
"9004157",371992,2025-05-20 17:07:07,42.4965858459473,-8.91067028045654,"Unknown"
"9004157",371992,2025-05-20 17:12:00,42.4972610473633,-8.91025352478027,"Unknown"
"9004157",371992,2025-05-20 17:17:10,42.4972839355469,-8.9080867767334,"Unknown"
"9004157",371992,2025-05-20 17:22:22,42.4970855712891,-8.906569480896,"Unknown"
"9004157",371992,2025-05-20 17:28:05,42.4982109069824,-8.90469455718994,"Unknown"
"9004157",371992,2025-05-20 17:33:11,42.4975166320801,-8.90291595458984,"Unknown"
"9004157",371992,2025-05-20 17:38:15,42.4980659484863,-8.90171432495117,"Unknown"
"9004157",371992,2025-05-20 17:43:47,42.5072937011719,-8.87378883361816,"Unknown"
"9004157",371992,2025-05-20 17:55:03,42.5080833435059,-8.87020301818848,"Unknown"
"9004157",371992,2025-05-20 18:00:17,42.5075721740723,-8.87007331848145,"Unknown"
"9004157",371992,2025-05-20 18:06:20,42.5080490112305,-8.87137031555176,"Unknown"
"9004157",371992,2025-05-20 18:11:31,42.509334564209,-8.87049388885498,"Unknown"
"9004157",371992,2025-05-20 18:16:32,42.5101509094238,-8.87161540985107,"Unknown"
"9004157",371992,2025-05-20 18:21:31,42.5116310119629,-8.87201404571533,"Unknown"
"9004157",371992,2025-05-20 18:26:58,42.5122413635254,-8.87303924560547,"Unknown"
"9004157",371992,2025-05-20 18:32:02,42.5120048522949,-8.87423992156982,"Unknown"
"9004157",371992,2025-05-20 18:37:00,42.51171875,-8.87551784515381,"Unknown"
"9004157",371992,2025-05-20 18:42:13,42.5115394592285,-8.876633644104,"Unknown"
"9004157",371992,2025-05-20 18:52:03,42.5080299377441,-8.87551689147949,"Unknown"
"9004157",371992,2025-05-20 18:55:47,42.5045700073242,-8.88078022003174,"Unknown"
"9004157",371992,2025-05-20 19:00:43,42.5046768188477,-8.88107013702393,"Unknown"
"9004157",371992,2025-05-20 19:05:42,42.5047645568848,-8.88116836547852,"Unknown"
"9004157",371992,2025-05-20 19:10:43,42.5047607421875,-8.88128662109375,"Unknown"
"9004157",371992,2025-05-20 19:15:42,42.5047721862793,-8.88116836547852,"Unknown"
"9004157",371992,2025-05-20 19:20:43,42.4823188781738,-8.91490364074707,"Unknown"
"9004157",371992,2025-05-20 19:32:41,42.4331092834473,-8.93695259094238,"Unknown"
"9004157",371992,2025-05-20 19:37:39,42.4164848327637,-8.93084335327148,"Unknown"
"9004157",371992,2025-05-20 19:42:49,42.3988761901855,-8.92108058929443,"Unknown"
"9004157",371992,2025-05-20 19:47:49,42.3989028930664,-8.92117309570312,"Unknown"
"9004157",371992,2025-05-20 19:52:51,42.3988418579102,-8.92115116119385,"Unknown"
"9004157",371992,2025-05-20 19:57:48,42.3989753723145,-8.9212646484375,"Unknown"
"9004157",371992,2025-05-20 20:02:49,42.3989105224609,-8.92125701904297,"Unknown"
"9004157",371992,2025-05-20 20:08:06,42.3988342285156,-8.92112159729004,"Unknown"
"9004157",371992,2025-05-20 20:12:44,42.3988914489746,-8.92109775543213,"Unknown"
"9004157",371992,2025-05-20 20:18:10,42.3989219665527,-8.92107486724854,"Unknown"
"9004157",371992,2025-05-20 20:22:41,42.3986511230469,-8.92101573944092,"Unknown"
"9004157",371992,2025-05-20 20:27:38,42.3986206054688,-8.92083740234375,"Unknown"
"9004157",371992,2025-05-20 20:32:39,42.3986129760742,-8.92068958282471,"Unknown"
"9004157",371992,2025-05-20 20:37:40,42.3987083435059,-8.92067432403564,"Unknown"
"9004157",371992,2025-05-20 20:42:38,42.3986663818359,-8.92086791992188,"Unknown"
"9004157",371992,2025-05-20 20:47:37,42.3986396789551,-8.92066287994385,"Unknown"
"9004157",371992,2025-05-20 20:52:41,42.3986663818359,-8.92081928253174,"Unknown"
"9004157",371992,2025-05-20 20:57:38,42.3987121582031,-8.92074489593506,"Unknown"
"9004157",371992,2025-05-20 21:02:42,42.3986473083496,-8.92083072662354,"Unknown"
"9004157",371992,2025-05-20 21:07:40,42.3985176086426,-8.9205265045166,"Unknown"
"9004157",371992,2025-05-20 21:12:41,42.3986434936523,-8.92079257965088,"Unknown"
"9004157",371992,2025-05-20 21:17:40,42.398754119873,-8.9207010269165,"Unknown"
"9004157",371992,2025-05-20 21:22:39,42.3987655639648,-8.9207067489624,"Unknown"
"9004157",371992,2025-05-20 21:28:12,42.3988952636719,-8.92113304138184,"Unknown"
"9004157",371992,2025-05-20 21:32:42,42.3989181518555,-8.92112922668457,"Unknown"
"9004157",371992,2025-05-20 21:37:40,42.3990058898926,-8.92112255096436,"Unknown"
"9004157",371992,2025-05-20 21:42:39,42.3989639282227,-8.92124366760254,"Unknown"
"9004157",371992,2025-05-20 21:53:15,42.3988838195801,-8.9211311340332,"Unknown"
"9004157",371992,2025-05-20 22:02:39,42.3988609313965,-8.92117786407471,"Unknown"
"9004157",371992,2025-05-20 22:12:41,42.3989372253418,-8.92113971710205,"Unknown"
"9004157",371992,2025-05-20 22:17:37,42.3989143371582,-8.92114162445068,"Unknown"
"9004157",371992,2025-05-20 22:27:41,42.3989410400391,-8.92116546630859,"Unknown"
"9004157",371992,2025-05-20 22:37:39,42.3988952636719,-8.92104721069336,"Unknown"
"9004157",371992,2025-05-20 22:48:14,42.3989295959473,-8.92113971710205,"Unknown"
"9004157",371992,2025-05-20 22:57:38,42.3989410400391,-8.92083168029785,"Unknown"
"9004157",371992,2025-05-20 23:07:43,42.3989028930664,-8.92114448547363,"Unknown"
"9004157",371992,2025-05-20 23:18:15,42.3989372253418,-8.92111873626709,"Unknown"
"9004157",371992,2025-05-20 23:27:42,42.3987922668457,-8.9206371307373,"Unknown"
"9004157",371992,2025-05-20 23:37:38,42.3988609313965,-8.92093467712402,"Unknown"
"9004157",371992,2025-05-20 23:48:12,42.398868560791,-8.92093753814697,"Unknown"
"9004157",371992,2025-05-20 23:57:40,42.3988990783691,-8.92119026184082,"Unknown"
"9004157",371992,2025-05-21 00:07:54,42.3989601135254,-8.92138957977295,"Unknown"
"9004157",371992,2025-05-21 00:17:53,42.3988838195801,-8.92070007324219,"Unknown"
"9004157",371992,2025-05-21 00:27:46,42.3988647460938,-8.92244720458984,"Unknown"
"9004157",371992,2025-05-21 00:37:43,42.3989868164062,-8.92091178894043,"Unknown"
"9004157",371992,2025-05-21 00:48:18,42.3995819091797,-8.91945362091064,"Unknown"
"9004157",371992,2025-05-21 00:59:01,42.3994827270508,-8.92042827606201,"Unknown"
"9004157",371992,2025-05-21 01:09:01,42.3990135192871,-8.92154026031494,"Unknown"
"9004157",371992,2025-05-21 01:19:01,42.3990364074707,-8.92194652557373,"Unknown"
"9004157",371992,2025-05-21 01:28:06,42.3989486694336,-8.92248344421387,"Unknown"
"9004157",371992,2025-05-21 01:37:39,42.3989295959473,-8.92180442810059,"Unknown"
"9004157",371992,2025-05-21 01:49:01,42.3989601135254,-8.92114162445068,"Unknown"
"9004157",371992,2025-05-21 01:59:01,42.3989601135254,-8.92096138000488,"Unknown"
"9004157",371992,2025-05-21 02:09:01,42.3988952636719,-8.92112827301025,"Unknown"
"9004157",371992,2025-05-21 02:19:01,42.3988990783691,-8.92123222351074,"Unknown"
"9004157",371992,2025-05-21 02:29:01,42.398853302002,-8.92096519470215,"Unknown"
"9004157",371992,2025-05-21 02:39:01,42.3988914489746,-8.92116355895996,"Unknown"
"9004157",371992,2025-05-21 02:48:15,42.39892578125,-8.92130947113037,"Unknown"
"9004157",371992,2025-05-21 02:57:38,42.3990135192871,-8.92163467407227,"Unknown"
"9004157",371992,2025-05-21 03:07:37,42.3989524841309,-8.92130947113037,"Unknown"
"9004157",371992,2025-05-21 03:17:38,42.3989181518555,-8.92138290405273,"Unknown"
"9004157",371992,2025-05-21 03:29:01,42.3985557556152,-8.9219217300415,"Unknown"
"9004157",371992,2025-05-21 03:39:01,42.3987274169922,-8.92177772521973,"Unknown"
"9004157",371992,2025-05-21 03:49:01,42.3988609313965,-8.92144107818604,"Unknown"
"9004157",371992,2025-05-21 03:59:01,42.399169921875,-8.92092800140381,"Unknown"
"9004157",371992,2025-05-21 04:08:29,42.3988914489746,-8.9210147857666,"Unknown"
"9004157",371992,2025-05-21 04:17:38,42.3989410400391,-8.92113304138184,"Unknown"
"9004157",371992,2025-05-21 04:27:38,42.3990440368652,-8.9212646484375,"Unknown"
"9004157",371992,2025-05-21 04:37:40,42.3991012573242,-8.9209156036377,"Unknown"
"9004157",371992,2025-05-21 04:49:01,42.3989219665527,-8.92121028900146,"Unknown"
"9004157",371992,2025-05-21 04:57:46,42.3988761901855,-8.92079925537109,"Unknown"
"9004157",371992,2025-05-21 05:08:44,42.3988609313965,-8.92105865478516,"Unknown"
"9004157",371992,2025-05-21 05:17:41,42.3988418579102,-8.92135047912598,"Unknown"
"9004157",371992,2025-05-21 05:27:51,42.3987121582031,-8.92119026184082,"Unknown"
"9004157",371992,2025-05-21 07:37:52,42.3989028930664,-8.92118549346924,"Unknown"
"9004157",371992,2025-05-21 07:47:40,42.3988037109375,-8.92114734649658,"Unknown"
"9004157",371992,2025-05-21 07:57:43,42.3989486694336,-8.92122650146484,"Unknown"
"9004157",371992,2025-05-21 08:07:48,42.3989677429199,-8.92119598388672,"Unknown"
"9004157",371992,2025-05-21 08:17:38,42.3990097045898,-8.92128467559814,"Unknown"
"9004157",371992,2025-05-21 08:28:06,42.3990707397461,-8.92153644561768,"Unknown"
"9004157",371992,2025-05-21 08:37:41,42.3989295959473,-8.92126750946045,"Unknown"
"9004157",371992,2025-05-21 08:48:14,42.3988456726074,-8.92115116119385,"Unknown"
"9004157",371992,2025-05-21 08:57:42,42.3989181518555,-8.92116928100586,"Unknown"
"9004157",371992,2025-05-21 09:07:42,42.3987770080566,-8.92104816436768,"Unknown"
"9004157",371992,2025-05-21 09:17:37,42.402660369873,-8.92016792297363,"Unknown"
"9004157",371992,2025-05-21 09:27:37,42.4697914123535,-8.94069576263428,"Unknown"
"9004157",371992,2025-05-21 09:37:42,42.5078926086426,-8.87033939361572,"Unknown"
"9004157",371992,2025-05-21 09:48:25,42.5066223144531,-8.87112236022949,"Unknown"
"9004157",371992,2025-05-21 09:58:25,42.506763458252,-8.87243938446045,"Unknown"
"9004157",371992,2025-05-21 10:08:25,42.5083122253418,-8.87150859832764,"Unknown"
"9004157",371992,2025-05-21 10:18:24,42.5110702514648,-8.8709135055542,"Unknown"
"9004157",371992,2025-05-21 10:29:00,42.512809753418,-8.8723030090332,"Unknown"
"9004157",371992,2025-05-21 10:39:02,42.5181884765625,-8.86556911468506,"Unknown"
"9004157",371992,2025-05-21 10:49:00,42.5182113647461,-8.86568260192871,"Unknown"
"9004157",371992,2025-05-21 10:58:59,42.5182075500488,-8.86562252044678,"Unknown"
"9004157",371992,2025-05-21 11:04:00,42.5181503295898,-8.86574077606201,"Unknown"
"9004157",371992,2025-05-21 11:08:59,42.5181884765625,-8.86559867858887,"Unknown"
"9004157",371992,2025-05-21 11:14:00,42.5181655883789,-8.86576652526855,"Unknown"
"9004157",371992,2025-05-21 11:18:59,42.518180847168,-8.86565685272217,"Unknown"
"9004157",371992,2025-05-21 11:23:59,42.5182037353516,-8.86557102203369,"Unknown"
"9004157",371992,2025-05-21 11:29:17,42.5162467956543,-8.86198902130127,"Unknown"
"9004157",371992,2025-05-21 11:35:00,42.5149154663086,-8.86002254486084,"Unknown"
"9004157",371992,2025-05-21 11:40:10,42.5135498046875,-8.85926723480225,"Unknown"
"9004157",371992,2025-05-21 11:45:21,42.5142974853516,-8.85868072509766,"Unknown"
"9004157",371992,2025-05-21 11:51:21,42.5148315429688,-8.85783767700195,"Unknown"
"9004157",371992,2025-05-21 11:56:25,42.5151481628418,-8.85745334625244,"Unknown"
"9004157",371992,2025-05-21 12:01:26,42.5158538818359,-8.85704612731934,"Unknown"
"9004157",371992,2025-05-21 12:06:23,42.5165672302246,-8.85650062561035,"Unknown"
"9004157",371992,2025-05-21 12:11:24,42.5165176391602,-8.85658168792725,"Unknown"
"9004157",371992,2025-05-21 12:16:24,42.5164260864258,-8.85651588439941,"Unknown"
"9004157",371992,2025-05-21 12:21:24,42.5165863037109,-8.85661029815674,"Unknown"
"9004157",371992,2025-05-21 12:26:23,42.5164985656738,-8.8564920425415,"Unknown"
"9004157",371992,2025-05-21 12:31:27,42.516487121582,-8.85615348815918,"Unknown"
"9004157",371992,2025-05-21 12:36:24,42.5164489746094,-8.85673141479492,"Unknown"
"9004157",371992,2025-05-21 12:41:27,42.5165176391602,-8.85649871826172,"Unknown"
"9004157",371992,2025-05-21 12:46:23,42.5165405273438,-8.85613250732422,"Unknown"
"9004157",371992,2025-05-21 12:51:23,42.5167617797852,-8.8560094833374,"Unknown"
"9004157",371992,2025-05-21 12:57:11,42.516902923584,-8.85607528686523,"Unknown"
"9004157",371992,2025-05-21 13:02:28,42.5160331726074,-8.85684967041016,"Unknown"
"9004157",371992,2025-05-21 13:08:16,42.5144157409668,-8.85727119445801,"Unknown"
"9004157",371992,2025-05-21 13:13:49,42.5127067565918,-8.85950183868408,"Unknown"
"9004157",371992,2025-05-21 13:19:35,42.5112571716309,-8.85877132415771,"Unknown"
"9004157",371992,2025-05-21 13:25:15,42.5109748840332,-8.85716533660889,"Unknown"
"9004157",371992,2025-05-21 13:30:17,42.5123176574707,-8.8569507598877,"Unknown"
"9004157",371992,2025-05-21 13:35:15,42.5121459960938,-8.85679054260254,"Unknown"
"9004157",371992,2025-05-21 13:40:14,42.5121765136719,-8.85723114013672,"Unknown"
"9004157",371992,2025-05-21 13:45:14,42.51220703125,-8.85721206665039,"Unknown"
"9004157",371992,2025-05-21 13:50:15,42.5121459960938,-8.85738372802734,"Unknown"
"9004157",371992,2025-05-21 13:55:14,42.5122756958008,-8.85745716094971,"Unknown"
"9004157",371992,2025-05-21 14:00:15,42.5122032165527,-8.85754680633545,"Unknown"
"9004157",371992,2025-05-21 14:05:14,42.5122909545898,-8.85754776000977,"Unknown"
"9004157",371992,2025-05-21 14:10:29,42.5080337524414,-8.86953067779541,"Unknown"
"9004157",371992,2025-05-21 14:16:05,42.5061950683594,-8.87141227722168,"Unknown"
"9004157",371992,2025-05-21 14:21:42,42.5053215026855,-8.87351894378662,"Unknown"
"9004157",371992,2025-05-21 14:26:42,42.506160736084,-8.87303924560547,"Unknown"
"9004157",371992,2025-05-21 14:31:54,42.5069313049316,-8.87133884429932,"Unknown"
"9004157",371992,2025-05-21 14:36:52,42.5075149536133,-8.87168121337891,"Unknown"
"9004157",371992,2025-05-21 14:42:26,42.5063934326172,-8.87332153320312,"Unknown"
"9004157",371992,2025-05-21 14:47:31,42.5059013366699,-8.8728199005127,"Unknown"
"9004157",371992,2025-05-21 14:53:16,42.5061683654785,-8.87075710296631,"Unknown"
"9004157",371992,2025-05-21 14:58:36,42.5052070617676,-8.87051105499268,"Unknown"
"9004157",371992,2025-05-21 15:04:01,42.5048751831055,-8.87237071990967,"Unknown"
"9004157",371992,2025-05-21 15:09:01,42.5047798156738,-8.87371253967285,"Unknown"
"9004157",371992,2025-05-21 15:14:43,42.5048866271973,-8.8748254776001,"Unknown"
"9004157",371992,2025-05-21 15:20:13,42.5047035217285,-8.87643623352051,"Unknown"
"9004157",371992,2025-05-21 15:25:13,42.5052032470703,-8.87977313995361,"Unknown"
"9004157",371992,2025-05-21 15:30:12,42.5052452087402,-8.87979221343994,"Unknown"
"9004157",371992,2025-05-21 15:35:13,42.5051956176758,-8.87977695465088,"Unknown"
"9004157",371992,2025-05-21 15:40:12,42.5052108764648,-8.87981605529785,"Unknown"
"9004157",371992,2025-05-21 15:45:12,42.505241394043,-8.87965488433838,"Unknown"
"9004157",371992,2025-05-21 15:50:12,42.5052070617676,-8.87969017028809,"Unknown"
"9004157",371992,2025-05-21 15:55:12,42.5052299499512,-8.87963771820068,"Unknown"
"9004157",371992,2025-05-21 16:00:12,42.5052604675293,-8.87957859039307,"Unknown"
"9004157",371992,2025-05-21 16:05:12,42.5052185058594,-8.87955951690674,"Unknown"
"9004157",371992,2025-05-21 16:10:12,42.505054473877,-8.87927913665771,"Unknown"
"9004157",371992,2025-05-21 16:15:12,42.5049438476562,-8.87918663024902,"Unknown"
"9004157",371992,2025-05-21 16:20:12,42.5049743652344,-8.87918949127197,"Unknown"
"9004157",371992,2025-05-21 16:25:12,42.5050277709961,-8.87929916381836,"Unknown"
"9004157",371992,2025-05-21 16:30:12,42.5050392150879,-8.87931346893311,"Unknown"
"9004157",371992,2025-05-21 16:35:13,42.5048561096191,-8.87919425964355,"Unknown"
"9004157",371992,2025-05-21 16:40:14,42.5048370361328,-8.87922382354736,"Unknown"
"9004157",371992,2025-05-21 16:45:13,42.5046844482422,-8.87913036346436,"Unknown"
"9004157",371992,2025-05-21 16:50:12,42.5046577453613,-8.8793306350708,"Unknown"
"9004157",371992,2025-05-21 16:55:12,42.5046310424805,-8.87907314300537,"Unknown"
"9004157",371992,2025-05-21 17:00:41,42.5050086975098,-8.87708473205566,"Unknown"
"9004157",371992,2025-05-21 17:05:40,42.5053176879883,-8.87506484985352,"Unknown"
"9004157",371992,2025-05-21 17:11:05,42.5047798156738,-8.8732442855835,"Unknown"
"9004157",371992,2025-05-21 17:17:00,42.505184173584,-8.87336921691895,"Unknown"
"9004157",371992,2025-05-21 17:22:42,42.5044250488281,-8.87278270721436,"Unknown"
"9004157",371992,2025-05-21 17:28:22,42.5051803588867,-8.8739652633667,"Unknown"
"9004157",371992,2025-05-21 17:33:21,42.5052337646484,-8.87485790252686,"Unknown"
"9004157",371992,2025-05-21 17:38:21,42.5058250427246,-8.87504005432129,"Unknown"
"9004157",371992,2025-05-21 17:43:22,42.5060234069824,-8.873703956604,"Unknown"
"9004157",371992,2025-05-21 17:48:59,42.5061645507812,-8.87167644500732,"Unknown"
"9004157",371992,2025-05-21 17:54:36,42.5063133239746,-8.87164497375488,"Unknown"
"9004157",371992,2025-05-21 17:59:34,42.5057373046875,-8.87334537506104,"Unknown"
"9004157",371992,2025-05-21 18:05:28,42.504020690918,-8.87409687042236,"Unknown"
"9004157",371992,2025-05-21 18:10:42,42.504524230957,-8.8759708404541,"Unknown"
"9004157",371992,2025-05-21 18:15:43,42.5037727355957,-8.87718391418457,"Unknown"
"9004157",371992,2025-05-21 18:20:41,42.5045051574707,-8.87894535064697,"Unknown"
"9004157",371992,2025-05-21 18:25:42,42.5044555664062,-8.87890625,"Unknown"
"9004157",371992,2025-05-21 18:30:41,42.5048828125,-8.87941837310791,"Unknown"
"9004157",371992,2025-05-21 18:35:41,42.504508972168,-8.87855243682861,"Unknown"
"9004157",371992,2025-05-21 18:40:41,42.5052146911621,-8.87948703765869,"Unknown"
"9004157",371992,2025-05-21 18:45:41,42.5050048828125,-8.87902736663818,"Unknown"
"9004157",371992,2025-05-21 18:50:43,42.4951667785645,-8.89955425262451,"Unknown"
"9004157",371992,2025-05-21 18:55:45,42.4949531555176,-8.89918422698975,"Unknown"
"9004157",371992,2025-05-21 19:00:42,42.4950408935547,-8.89970779418945,"Unknown"
"9004157",371992,2025-05-21 19:05:41,42.4868049621582,-8.9159049987793,"Unknown"
"9004157",371992,2025-05-21 19:10:42,42.4394607543945,-8.94043636322021,"Unknown"
"9004157",371992,2025-05-21 19:16:36,42.3985023498535,-8.92037200927734,"Unknown"
"9004157",371992,2025-05-21 19:20:44,42.3986549377441,-8.92012500762939,"Unknown"
"9004157",371992,2025-05-21 19:25:43,42.398738861084,-8.92028999328613,"Unknown"
"9004157",371992,2025-05-21 19:30:42,42.3991813659668,-8.92106533050537,"Unknown"
"9004157",371992,2025-05-21 19:35:46,42.3992576599121,-8.92119598388672,"Unknown"
"9004157",371992,2025-05-21 19:40:45,42.3992614746094,-8.92104530334473,"Unknown"
"9004157",371992,2025-05-21 19:45:45,42.3990058898926,-8.92077159881592,"Unknown"
"9004157",371992,2025-05-21 19:50:43,42.3991775512695,-8.92124462127686,"Unknown"
"9004157",371992,2025-05-21 19:55:48,42.3985824584961,-8.92011260986328,"Unknown"
"9004157",371992,2025-05-21 20:00:44,42.3987770080566,-8.92017650604248,"Unknown"
"9004157",371992,2025-05-21 20:05:53,42.3991203308105,-8.92110252380371,"Unknown"
"9004157",371992,2025-05-21 20:10:42,42.3991355895996,-8.92138671875,"Unknown"
"9004157",371992,2025-05-21 20:16:04,42.39892578125,-8.92049598693848,"Unknown"
"9004157",371992,2025-05-21 20:21:14,42.3989601135254,-8.92066097259521,"Unknown"
"9004157",371992,2025-05-21 20:25:46,42.3989753723145,-8.92064189910889,"Unknown"
"9004157",371992,2025-05-21 20:30:46,42.3990325927734,-8.92064380645752,"Unknown"
"9004157",371992,2025-05-21 20:35:43,42.3990287780762,-8.92118263244629,"Unknown"
"9004157",371992,2025-05-21 20:40:42,42.3986854553223,-8.92142200469971,"Unknown"
"9004157",371992,2025-05-21 20:45:43,42.3989181518555,-8.92101383209229,"Unknown"
"9004157",371992,2025-05-21 20:50:58,42.3990097045898,-8.92063808441162,"Unknown"
"9004157",371992,2025-05-21 20:55:49,42.3989448547363,-8.92081356048584,"Unknown"
"9004157",371992,2025-05-21 21:00:50,42.3989410400391,-8.92074871063232,"Unknown"
"9004157",371992,2025-05-21 21:06:44,42.3988265991211,-8.92107105255127,"Unknown"
"9004157",371992,2025-05-21 21:10:46,42.3986320495605,-8.92152786254883,"Unknown"
"9004157",371992,2025-05-21 21:16:37,42.3988380432129,-8.9213342666626,"Unknown"
"9004157",371992,2025-05-21 21:21:01,42.3988304138184,-8.92093658447266,"Unknown"
"9004157",371992,2025-05-21 21:26:04,42.3988304138184,-8.92076110839844,"Unknown"
"9004157",371992,2025-05-21 21:30:46,42.3987770080566,-8.92071056365967,"Unknown"
"9004157",371992,2025-05-21 21:35:45,42.3988342285156,-8.92074298858643,"Unknown"
"9004157",371992,2025-05-21 21:40:42,42.3987808227539,-8.92048645019531,"Unknown"
"9004157",371992,2025-05-21 21:45:48,42.3986930847168,-8.92110538482666,"Unknown"
"9004157",371992,2025-05-21 21:50:47,42.3989639282227,-8.92122077941895,"Unknown"
"9004157",371992,2025-05-21 21:55:46,42.3991813659668,-8.92139434814453,"Unknown"
"9004157",371992,2025-05-21 22:01:16,42.3988380432129,-8.92106628417969,"Unknown"
"9004157",371992,2025-05-21 22:05:43,42.3988647460938,-8.92116641998291,"Unknown"
"9004157",371992,2025-05-21 22:10:47,42.3988380432129,-8.92117881774902,"Unknown"
"9004157",371992,2025-05-21 22:15:50,42.3988456726074,-8.92112159729004,"Unknown"
"9004157",371992,2025-05-21 22:20:47,42.398796081543,-8.92119693756104,"Unknown"
"9004157",371992,2025-05-21 22:25:43,42.3988227844238,-8.92118644714355,"Unknown"
"9004157",371992,2025-05-21 22:31:11,42.3988037109375,-8.92122936248779,"Unknown"
"9004157",371992,2025-05-21 22:35:43,42.3987998962402,-8.92119979858398,"Unknown"
"9004157",371992,2025-05-21 22:40:43,42.398811340332,-8.92130661010742,"Unknown"
"9004157",371992,2025-05-21 22:45:46,42.3988494873047,-8.92123889923096,"Unknown"
"9004157",371992,2025-05-21 22:50:42,42.3989524841309,-8.92108154296875,"Unknown"
"9004157",371992,2025-05-21 22:55:43,42.3988342285156,-8.92118453979492,"Unknown"
"9004157",371992,2025-05-21 23:00:49,42.3988723754883,-8.92094230651855,"Unknown"
"9004157",371992,2025-05-21 23:05:46,42.3989067077637,-8.92106628417969,"Unknown"
"9004157",371992,2025-05-21 23:10:45,42.3989486694336,-8.92104625701904,"Unknown"
"9004157",371992,2025-05-21 23:16:14,42.3989791870117,-8.92101192474365,"Unknown"
"9004157",371992,2025-05-21 23:22:04,42.39892578125,-8.92110061645508,"Unknown"
"9004157",371992,2025-05-21 23:25:59,42.3988189697266,-8.92096424102783,"Unknown"
"9004157",371992,2025-05-21 23:30:45,42.3987731933594,-8.92095565795898,"Unknown"
"9004157",371992,2025-05-21 23:35:49,42.3987808227539,-8.92092418670654,"Unknown"
"9004157",371992,2025-05-21 23:40:47,42.3988800048828,-8.92104053497314,"Unknown"
"9004157",371992,2025-05-21 23:46:14,42.3988075256348,-8.9210319519043,"Unknown"
"9004157",371992,2025-05-21 23:50:47,42.3990364074707,-8.9210786819458,"Unknown"
"9004157",371992,2025-05-21 23:55:54,42.3989295959473,-8.92091369628906,"Unknown"
"9004157",371992,2025-05-22 00:01:02,42.398983001709,-8.92102241516113,"Unknown"
"9004157",371992,2025-05-22 00:05:51,42.3989334106445,-8.92098808288574,"Unknown"
"9004157",371992,2025-05-22 00:11:57,42.3989562988281,-8.92093276977539,"Unknown"
"9004157",371992,2025-05-22 00:15:49,42.3989372253418,-8.92115879058838,"Unknown"
"9004157",371992,2025-05-22 00:20:48,42.3989067077637,-8.92126083374023,"Unknown"
"9004157",371992,2025-05-22 00:25:43,42.3989677429199,-8.92097473144531,"Unknown"
"9004157",371992,2025-05-22 00:30:45,42.3988914489746,-8.92108631134033,"Unknown"
"9004157",371992,2025-05-22 00:35:43,42.3989410400391,-8.9212121963501,"Unknown"
"9004157",371992,2025-05-22 00:40:45,42.39892578125,-8.92126750946045,"Unknown"
"9004157",371992,2025-05-22 00:45:51,42.3989105224609,-8.92097091674805,"Unknown"
"9004157",371992,2025-05-22 00:50:53,42.3988914489746,-8.92108631134033,"Unknown"
"9004157",371992,2025-05-22 00:55:57,42.3989143371582,-8.920823097229,"Unknown"
"9004157",371992,2025-05-22 01:00:51,42.3988990783691,-8.92100524902344,"Unknown"
"9004157",371992,2025-05-22 01:05:46,42.3989219665527,-8.92080020904541,"Unknown"
"9004157",371992,2025-05-22 01:10:47,42.3988609313965,-8.92071914672852,"Unknown"
"9004157",371992,2025-05-22 01:15:59,42.3989105224609,-8.92091178894043,"Unknown"
"9004157",371992,2025-05-22 01:20:56,42.3989067077637,-8.92088222503662,"Unknown"
"9004157",371992,2025-05-22 01:26:06,42.3988952636719,-8.92087745666504,"Unknown"
"9004157",371992,2025-05-22 01:30:45,42.3989067077637,-8.92076396942139,"Unknown"
"9004157",371992,2025-05-22 01:36:50,42.3988952636719,-8.92097473144531,"Unknown"
"9004157",371992,2025-05-22 01:40:42,42.3989219665527,-8.92083358764648,"Unknown"
"9004157",371992,2025-05-22 01:45:41,42.3989181518555,-8.92092609405518,"Unknown"
"9004157",371992,2025-05-22 01:52:04,42.3988952636719,-8.92095851898193,"Unknown"
"9004157",371992,2025-05-22 01:55:47,42.3988876342773,-8.92093849182129,"Unknown"
"9004157",371992,2025-05-22 02:02:04,42.3989028930664,-8.92101669311523,"Unknown"
"9004157",371992,2025-05-22 02:07:04,42.3989067077637,-8.92099666595459,"Unknown"
"9004157",371992,2025-05-22 02:12:04,42.3988380432129,-8.92099189758301,"Unknown"
"9004157",371992,2025-05-22 02:17:04,42.3989677429199,-8.92136669158936,"Unknown"
"9004157",371992,2025-05-22 02:22:04,42.3989143371582,-8.92078590393066,"Unknown"
"9004157",371992,2025-05-22 02:42:04,42.3989372253418,-8.92154121398926,"Unknown"
"9004157",371992,2025-05-22 02:52:04,42.398868560791,-8.92115688323975,"Unknown"
"9004157",371992,2025-05-22 03:02:04,42.3990287780762,-8.92130756378174,"Unknown"
"9004157",371992,2025-05-22 03:06:10,42.3990364074707,-8.92114925384521,"Unknown"
"9004157",371992,2025-05-22 03:12:04,42.3990211486816,-8.92096614837646,"Unknown"
"9004157",371992,2025-05-22 03:17:04,42.3990173339844,-8.92095375061035,"Unknown"
"9004157",371992,2025-05-22 03:22:04,42.3989639282227,-8.92097759246826,"Unknown"
"9004157",371992,2025-05-22 03:25:57,42.3989524841309,-8.92097759246826,"Unknown"
"9004157",371992,2025-05-22 03:30:53,42.3991355895996,-8.92092323303223,"Unknown"
"9004157",371992,2025-05-22 03:35:47,42.3990020751953,-8.92094230651855,"Unknown"
"9004157",371992,2025-05-22 03:40:55,42.3989524841309,-8.92088222503662,"Unknown"
"9004157",371992,2025-05-22 03:45:47,42.3989677429199,-8.92086982727051,"Unknown"
"9004157",371992,2025-05-22 03:50:44,42.3989906311035,-8.92107009887695,"Unknown"
"9004157",371992,2025-05-22 03:55:49,42.3989868164062,-8.92132091522217,"Unknown"
"9004157",371992,2025-05-22 04:02:04,42.3989677429199,-8.92094421386719,"Unknown"
"9004157",371992,2025-05-22 04:07:04,42.3989677429199,-8.92109107971191,"Unknown"
"9004157",371992,2025-05-22 04:10:47,42.3989067077637,-8.9210147857666,"Unknown"
"9004157",371992,2025-05-22 04:17:04,42.3988990783691,-8.92101097106934,"Unknown"
"9004157",371992,2025-05-22 04:20:41,42.3989372253418,-8.92092609405518,"Unknown"
"9004157",371992,2025-05-22 04:25:42,42.3988571166992,-8.9210205078125,"Unknown"
"9004157",371992,2025-05-22 04:30:41,42.3988876342773,-8.92102336883545,"Unknown"
"9004157",371992,2025-05-22 04:35:42,42.3988838195801,-8.92072105407715,"Unknown"
"9004157",371992,2025-05-22 04:41:22,42.3989143371582,-8.92058849334717,"Unknown"
"9004157",371992,2025-05-22 04:45:41,42.3988723754883,-8.92056846618652,"Unknown"
"9004157",371992,2025-05-22 04:52:04,42.3983764648438,-8.9213809967041,"Unknown"
"9004157",371992,2025-05-22 04:57:04,42.3987884521484,-8.92033100128174,"Unknown"
"9004157",371992,2025-05-22 06:55:48,42.3991813659668,-8.92115783691406,"Unknown"
"9004157",371992,2025-05-22 07:00:48,42.3992042541504,-8.92122745513916,"Unknown"
"9004157",371992,2025-05-22 07:05:56,42.3991584777832,-8.92114353179932,"Unknown"
"9004157",371992,2025-05-22 07:10:55,42.3991775512695,-8.92119121551514,"Unknown"
"9004157",371992,2025-05-22 07:15:48,42.398853302002,-8.92122936248779,"Unknown"
"9004157",371992,2025-05-22 07:20:44,42.3992004394531,-8.92127990722656,"Unknown"
"9004157",371992,2025-05-22 07:25:55,42.3991584777832,-8.92125225067139,"Unknown"
"9004157",371992,2025-05-22 07:30:46,42.3993148803711,-8.92148017883301,"Unknown"
"9004157",371992,2025-05-22 07:35:46,42.3993186950684,-8.92137241363525,"Unknown"
"9004157",371992,2025-05-22 07:40:42,42.406192779541,-8.91996097564697,"Unknown"
"9004157",371992,2025-05-22 07:45:41,42.431999206543,-8.92486763000488,"Unknown"
"9004157",371992,2025-05-22 07:50:45,42.4615097045898,-8.94192123413086,"Unknown"
"9004157",371992,2025-05-22 07:55:42,42.4714164733887,-8.93955039978027,"Unknown"
"9004157",371992,2025-05-22 08:00:42,42.4924163818359,-8.91311168670654,"Unknown"
"9004157",371992,2025-05-22 08:06:29,42.4946060180664,-8.90679550170898,"Unknown"
"9004157",371992,2025-05-22 08:11:59,42.4951705932617,-8.90373992919922,"Unknown"
"9004157",371992,2025-05-22 08:17:11,42.4962120056152,-8.90325355529785,"Unknown"
"9004157",371992,2025-05-22 08:22:54,42.4969635009766,-8.90323829650879,"Unknown"
"9004157",371992,2025-05-22 08:28:04,42.4983825683594,-8.90256500244141,"Unknown"
"9004157",371992,2025-05-22 08:32:51,42.4981498718262,-8.90105152130127,"Unknown"
"9004157",371992,2025-05-22 08:37:51,42.4981880187988,-8.90050792694092,"Unknown"
"9004157",371992,2025-05-22 08:42:55,42.5049362182617,-8.87745571136475,"Unknown"
"9004157",371992,2025-05-22 08:48:43,42.5053634643555,-8.87421703338623,"Unknown"
"9004157",371992,2025-05-22 08:54:55,42.5065879821777,-8.87295341491699,"Unknown"
"9004157",371992,2025-05-22 08:59:59,42.5076332092285,-8.87027931213379,"Unknown"
"9004157",371992,2025-05-22 09:05:39,42.5070571899414,-8.87055015563965,"Unknown"
"9004157",371992,2025-05-22 09:11:22,42.508659362793,-8.86960506439209,"Unknown"
"9004157",371992,2025-05-22 09:16:55,42.5099182128906,-8.8696756362915,"Unknown"
"9004157",371992,2025-05-22 09:22:49,42.5089645385742,-8.86925315856934,"Unknown"
"9004157",371992,2025-05-22 09:28:10,42.5088005065918,-8.86866092681885,"Unknown"
"9004157",371992,2025-05-22 09:33:13,42.5089950561523,-8.86814308166504,"Unknown"
"9004157",371992,2025-05-22 09:37:49,42.5041084289551,-8.86151885986328,"Unknown"
"9004157",371992,2025-05-22 09:43:23,42.5038604736328,-8.86117458343506,"Unknown"
"9004157",371992,2025-05-22 09:47:49,42.5038146972656,-8.86148071289062,"Unknown"
"9004157",371992,2025-05-22 09:52:48,42.5038452148438,-8.86137390136719,"Unknown"
"9004157",371992,2025-05-22 09:57:48,42.5038566589355,-8.86141490936279,"Unknown"
"9004157",371992,2025-05-22 10:02:48,42.5038070678711,-8.86141967773438,"Unknown"
"9004157",371992,2025-05-22 10:07:49,42.5038948059082,-8.86144161224365,"Unknown"
"9004157",371992,2025-05-22 10:12:49,42.5037422180176,-8.86143016815186,"Unknown"
"9004157",371992,2025-05-22 10:17:49,42.5037651062012,-8.86142730712891,"Unknown"
"9004157",371992,2025-05-22 10:22:49,42.5038185119629,-8.86133670806885,"Unknown"
"9004157",371992,2025-05-22 10:27:48,42.5039215087891,-8.86139011383057,"Unknown"
"9004157",371992,2025-05-22 10:32:48,42.5038604736328,-8.86141777038574,"Unknown"
"9004157",371992,2025-05-22 10:37:49,42.5039558410645,-8.86144924163818,"Unknown"
"9004157",371992,2025-05-22 10:42:49,42.5039215087891,-8.86136150360107,"Unknown"
"9004157",371992,2025-05-22 10:47:56,42.5057258605957,-8.86957740783691,"Unknown"
"9004157",371992,2025-05-22 10:53:34,42.504810333252,-8.87169075012207,"Unknown"
"9004157",371992,2025-05-22 10:59:24,42.5045928955078,-8.87388610839844,"Unknown"
"9004157",371992,2025-05-22 11:04:21,42.5055770874023,-8.87351131439209,"Unknown"
"9004157",371992,2025-05-22 11:10:07,42.5045051574707,-8.8736515045166,"Unknown"
"9004157",371992,2025-05-22 11:15:07,42.5044059753418,-8.87457656860352,"Unknown"
"9004157",371992,2025-05-22 11:20:09,42.5060768127441,-8.87771987915039,"Unknown"
"9004157",371992,2025-05-22 11:25:08,42.5070953369141,-8.87891292572021,"Unknown"
"9004157",371992,2025-05-22 11:30:09,42.507625579834,-8.87801551818848,"Unknown"
"9004157",371992,2025-05-22 11:35:41,42.5075721740723,-8.87554550170898,"Unknown"
"9004157",371992,2025-05-22 11:41:22,42.5071449279785,-8.87405681610107,"Unknown"
"9004157",371992,2025-05-22 11:46:18,42.5063171386719,-8.87237930297852,"Unknown"
"9004157",371992,2025-05-22 11:51:36,42.5078659057617,-8.87112712860107,"Unknown"
"9004157",371992,2025-05-22 11:57:20,42.5083694458008,-8.87019538879395,"Unknown"
"9004157",371992,2025-05-22 12:02:36,42.5084533691406,-8.8694953918457,"Unknown"
"9004157",371992,2025-05-22 12:08:25,42.5077857971191,-8.87015342712402,"Unknown"
"9004157",371992,2025-05-22 12:13:40,42.507007598877,-8.87197971343994,"Unknown"
"9004157",371992,2025-05-22 12:18:42,42.5060348510742,-8.8740406036377,"Unknown"
"9004157",371992,2025-05-22 12:24:06,42.5061416625977,-8.87194919586182,"Unknown"
"9004157",371992,2025-05-22 12:29:19,42.5068054199219,-8.87259101867676,"Unknown"
"9004157",371992,2025-05-22 12:34:19,42.5071258544922,-8.87269592285156,"Unknown"
"9004157",371992,2025-05-22 12:39:21,42.5073509216309,-8.87328720092773,"Unknown"
"9004157",371992,2025-05-22 12:44:38,42.5074882507324,-8.87107467651367,"Unknown"
"9004157",371992,2025-05-22 12:50:00,42.5053558349609,-8.8697681427002,"Unknown"
"9004157",371992,2025-05-22 12:56:48,42.5053939819336,-8.86958694458008,"Unknown"
"9004157",371992,2025-05-22 13:01:49,42.5063934326172,-8.86892986297607,"Unknown"
"9004157",371992,2025-05-22 13:06:50,42.5072822570801,-8.87073993682861,"Unknown"
"9004157",371992,2025-05-22 13:12:11,42.5065116882324,-8.87408256530762,"Unknown"
"9004157",371992,2025-05-22 13:16:48,42.5055999755859,-8.87404632568359,"Unknown"
"9004157",371992,2025-05-22 13:21:48,42.5044708251953,-8.87569332122803,"Unknown"
"9004157",371992,2025-05-22 13:26:48,42.5047454833984,-8.87873840332031,"Unknown"
"9004157",371992,2025-05-22 13:31:51,42.4994239807129,-8.89427089691162,"Unknown"
"9004157",371992,2025-05-22 13:36:51,42.4993858337402,-8.89426326751709,"Unknown"
"9004157",371992,2025-05-22 13:41:50,42.4996643066406,-8.894700050354,"Unknown"
"9004157",371992,2025-05-22 13:47:14,42.4994277954102,-8.89441013336182,"Unknown"
"9004157",371992,2025-05-22 13:51:48,42.4994316101074,-8.89468860626221,"Unknown"
"9004157",371992,2025-05-22 13:56:49,42.4994239807129,-8.89446067810059,"Unknown"
"9004157",371992,2025-05-22 14:01:48,42.4993476867676,-8.89432621002197,"Unknown"
"9004157",371992,2025-05-22 14:06:48,42.4993858337402,-8.89429569244385,"Unknown"
"9004157",371992,2025-05-22 14:11:48,42.4717254638672,-8.94230175018311,"Unknown"
"9004157",371992,2025-05-22 14:16:48,42.4228019714355,-8.92837238311768,"Unknown"
"9004157",371992,2025-05-22 14:27:00,42.3992309570312,-8.92078399658203,"Unknown"
"9004157",371992,2025-05-22 14:32:14,42.3988189697266,-8.92075538635254,"Unknown"
"9004157",371992,2025-05-22 14:36:53,42.3996429443359,-8.91901016235352,"Unknown"
"9004157",371992,2025-05-22 14:41:50,42.3986282348633,-8.92064189910889,"Unknown"
"9004157",371992,2025-05-22 14:46:52,42.3987159729004,-8.92014312744141,"Unknown"
"9004157",371992,2025-05-22 14:51:50,42.398567199707,-8.92059230804443,"Unknown"
"9004157",371992,2025-05-22 14:56:51,42.398551940918,-8.92054843902588,"Unknown"
"9004157",371992,2025-05-22 15:01:51,42.3984527587891,-8.92107105255127,"Unknown"
"9004157",371992,2025-05-22 15:07:11,42.398509979248,-8.9213695526123,"Unknown"
"9004157",371992,2025-05-22 15:11:50,42.3988227844238,-8.92117214202881,"Unknown"
"9004157",371992,2025-05-22 15:16:50,42.3986854553223,-8.92112922668457,"Unknown"
"9004157",371992,2025-05-22 15:21:50,42.3985977172852,-8.9210901260376,"Unknown"
"9004157",371992,2025-05-22 15:26:48,42.3988037109375,-8.92124557495117,"Unknown"
"9004157",371992,2025-05-22 15:31:56,42.398738861084,-8.92114448547363,"Unknown"
"9004157",371992,2025-05-22 15:36:51,42.3988800048828,-8.92136669158936,"Unknown"
"9004157",371992,2025-05-22 15:41:49,42.3986854553223,-8.92104625701904,"Unknown"
"9004157",371992,2025-05-22 15:46:53,42.3990669250488,-8.92116165161133,"Unknown"
"9004157",371992,2025-05-22 15:51:50,42.3988418579102,-8.92135620117188,"Unknown"
"9004157",371992,2025-05-22 15:56:50,42.3987503051758,-8.92150688171387,"Unknown"
"9004157",371992,2025-05-22 16:01:52,42.3993186950684,-8.92085456848145,"Unknown"
"9004157",371992,2025-05-22 16:06:51,42.3988342285156,-8.92107486724854,"Unknown"
"9004157",371992,2025-05-22 16:12:13,42.3990440368652,-8.92142581939697,"Unknown"
"9004157",371992,2025-05-22 16:17:19,42.398998260498,-8.92088031768799,"Unknown"
"9004157",371992,2025-05-22 16:21:52,42.3989486694336,-8.921067237854,"Unknown"
"9004157",371992,2025-05-22 16:26:52,42.3989906311035,-8.92103099822998,"Unknown"
"9004157",371992,2025-05-22 16:36:52,42.3988265991211,-8.92081165313721,"Unknown"
"9004157",371992,2025-05-22 16:41:50,42.3987426757812,-8.9207124710083,"Unknown"
"9004157",371992,2025-05-22 16:46:54,42.3990249633789,-8.92087459564209,"Unknown"
"9004157",371992,2025-05-22 16:51:56,42.398998260498,-8.9210901260376,"Unknown"
"9004157",371992,2025-05-22 16:56:49,42.3990211486816,-8.92095756530762,"Unknown"
"9004157",371992,2025-05-22 17:01:48,42.3989639282227,-8.92049121856689,"Unknown"
"9004157",371992,2025-05-22 17:06:49,42.3989791870117,-8.92102527618408,"Unknown"
"9004157",371992,2025-05-22 17:11:50,42.3989410400391,-8.92089748382568,"Unknown"
"9004157",371992,2025-05-22 17:16:52,42.3989906311035,-8.92067050933838,"Unknown"
"9004157",371992,2025-05-22 17:21:50,42.3989791870117,-8.92071151733398,"Unknown"
"9004157",371992,2025-05-22 17:26:53,42.3987045288086,-8.9209041595459,"Unknown"
"9004157",371992,2025-05-22 17:31:51,42.3990859985352,-8.92036533355713,"Unknown"
"9004157",371992,2025-05-22 17:36:53,42.3983917236328,-8.920729637146,"Unknown"
"9004157",371992,2025-05-22 17:42:14,42.3987426757812,-8.92036247253418,"Unknown"
"9004157",371992,2025-05-22 17:46:54,42.3987350463867,-8.92014789581299,"Unknown"
"9004157",371992,2025-05-22 17:51:50,42.3987350463867,-8.91994571685791,"Unknown"
"9004157",371992,2025-05-22 17:56:51,42.3988380432129,-8.92089748382568,"Unknown"
"9004157",371992,2025-05-22 18:01:50,42.3988838195801,-8.92081737518311,"Unknown"
"9004157",371992,2025-05-22 18:06:49,42.398853302002,-8.92081546783447,"Unknown"
"9004157",371992,2025-05-22 18:11:51,42.398853302002,-8.92077159881592,"Unknown"
"9004157",371992,2025-05-22 18:16:56,42.3988380432129,-8.92095756530762,"Unknown"
"9004157",371992,2025-05-22 18:21:52,42.3988380432129,-8.92111301422119,"Unknown"
"9004157",371992,2025-05-22 18:26:51,42.3987731933594,-8.92092514038086,"Unknown"
"9004157",371992,2025-05-22 18:31:59,42.398796081543,-8.92059516906738,"Unknown"
"9004157",371992,2025-05-22 18:36:53,42.3982620239258,-8.9210262298584,"Unknown"
"9004157",371992,2025-05-22 18:41:53,42.3986167907715,-8.92079925537109,"Unknown"
"9004157",371992,2025-05-22 18:47:00,42.3987770080566,-8.92128372192383,"Unknown"
"9004157",371992,2025-05-22 18:51:58,42.398811340332,-8.92060947418213,"Unknown"
"9004157",371992,2025-05-22 18:56:52,42.3985748291016,-8.92069816589355,"Unknown"
"9004157",371992,2025-05-22 19:02:27,42.3988304138184,-8.92089080810547,"Unknown"
"9004157",371992,2025-05-22 19:07:01,42.3988304138184,-8.92048263549805,"Unknown"
"9004157",371992,2025-05-22 19:11:59,42.398796081543,-8.92053413391113,"Unknown"
"9004157",371992,2025-05-22 19:16:51,42.3985252380371,-8.92058563232422,"Unknown"
"9004157",371992,2025-05-22 19:21:58,42.3985137939453,-8.92036247253418,"Unknown"
"9004157",371992,2025-05-22 19:26:54,42.3985404968262,-8.92055988311768,"Unknown"
"9004157",371992,2025-05-22 19:32:07,42.3988075256348,-8.9210147857666,"Unknown"
"9004157",371992,2025-05-22 19:36:54,42.3985939025879,-8.92066097259521,"Unknown"
"9004157",371992,2025-05-22 19:43:11,42.3986053466797,-8.92060661315918,"Unknown"
"9004157",371992,2025-05-22 19:47:23,42.3986053466797,-8.92056465148926,"Unknown"
"9004157",371992,2025-05-22 19:51:53,42.3985939025879,-8.92058277130127,"Unknown"
"9004157",371992,2025-05-22 19:58:11,42.3987350463867,-8.92084503173828,"Unknown"
"9004157",371992,2025-05-22 20:01:49,42.3988227844238,-8.92097663879395,"Unknown"
"9004157",371992,2025-05-22 20:06:48,42.3988952636719,-8.92112255096436,"Unknown"
"9004157",371992,2025-05-22 20:13:11,42.3988723754883,-8.92116260528564,"Unknown"
"9004157",371992,2025-05-22 20:18:06,42.3988761901855,-8.92134475708008,"Unknown"
"9004157",371992,2025-05-22 20:23:11,42.3989143371582,-8.92136573791504,"Unknown"
"9004157",371992,2025-05-22 20:27:24,42.3988571166992,-8.92116928100586,"Unknown"
"9004157",371992,2025-05-22 20:33:11,42.3988876342773,-8.92120838165283,"Unknown"
"9004157",371992,2025-05-22 20:38:11,42.3988838195801,-8.92118835449219,"Unknown"
"9004157",371992,2025-05-22 20:41:56,42.3988761901855,-8.92139339447021,"Unknown"
"9004157",371992,2025-05-22 20:47:55,42.398868560791,-8.9212646484375,"Unknown"
"9004157",371992,2025-05-22 20:51:54,42.3986854553223,-8.92140293121338,"Unknown"
"9004157",371992,2025-05-22 20:57:01,42.3989562988281,-8.92125415802002,"Unknown"
"9004157",371992,2025-05-22 21:01:59,42.3983039855957,-8.92213726043701,"Unknown"
"9004157",371992,2025-05-22 21:07:13,42.3989295959473,-8.92116165161133,"Unknown"
"9004157",371992,2025-05-22 21:11:58,42.39892578125,-8.92111778259277,"Unknown"
"9004157",371992,2025-05-22 21:17:09,42.3988914489746,-8.9210844039917,"Unknown"
"9004157",371992,2025-05-22 21:23:11,42.3989028930664,-8.92078399658203,"Unknown"
"9004157",371992,2025-05-22 21:27:27,42.3989181518555,-8.92058086395264,"Unknown"
"9004157",371992,2025-05-22 21:33:11,42.3988494873047,-8.92097949981689,"Unknown"
"9004157",371992,2025-05-22 21:38:11,42.3988761901855,-8.92092323303223,"Unknown"
"9004157",371992,2025-05-22 21:43:11,42.3988647460938,-8.92084312438965,"Unknown"
"9004157",371992,2025-05-22 21:48:11,42.3988456726074,-8.92095470428467,"Unknown"
"9004157",371992,2025-05-22 21:53:11,42.3988647460938,-8.92089176177979,"Unknown"
"9004157",371992,2025-05-22 21:58:11,42.3988609313965,-8.92098903656006,"Unknown"
"9004157",371992,2025-05-22 22:02:19,42.398868560791,-8.92134857177734,"Unknown"
"9004157",371992,2025-05-22 22:06:52,42.3997535705566,-8.92112255096436,"Unknown"
"9004157",371992,2025-05-22 22:11:55,42.3989639282227,-8.9209098815918,"Unknown"
"9004157",371992,2025-05-22 22:17:21,42.3988227844238,-8.92162322998047,"Unknown"
"9004157",371992,2025-05-22 22:22:12,42.3987884521484,-8.92119216918945,"Unknown"
"9004157",371992,2025-05-22 22:27:18,42.3987808227539,-8.92102241516113,"Unknown"
"9004157",371992,2025-05-22 22:32:14,42.3987655639648,-8.92093658447266,"Unknown"
"9004157",371992,2025-05-22 22:37:07,42.3987350463867,-8.92026042938232,"Unknown"
"9004157",371992,2025-05-22 22:41:55,42.3985481262207,-8.92099666595459,"Unknown"
"9004157",371992,2025-05-22 22:47:01,42.3988304138184,-8.920973777771,"Unknown"
"9004157",371992,2025-05-22 22:53:00,42.3988227844238,-8.9208869934082,"Unknown"
"9004157",371992,2025-05-22 22:56:53,42.3991661071777,-8.92075061798096,"Unknown"
"9004157",371992,2025-05-22 23:01:53,42.3989677429199,-8.92096138000488,"Unknown"
"9004157",371992,2025-05-22 23:07:05,42.3988342285156,-8.92092227935791,"Unknown"
"9004157",371992,2025-05-22 23:12:03,42.3988342285156,-8.92153358459473,"Unknown"
"9004157",371992,2025-05-22 23:18:11,42.3989448547363,-8.92040920257568,"Unknown"
"9004157",371992,2025-05-22 23:23:11,42.3989410400391,-8.92045021057129,"Unknown"
"9004157",371992,2025-05-22 23:28:11,42.398998260498,-8.92069625854492,"Unknown"
"9004157",371992,2025-05-22 23:33:11,42.39892578125,-8.92068099975586,"Unknown"
"9004157",371992,2025-05-22 23:38:11,42.3989677429199,-8.92064094543457,"Unknown"
"9004157",371992,2025-05-22 23:42:16,42.3989639282227,-8.92062473297119,"Unknown"
"9004157",371992,2025-05-22 23:47:27,42.3989791870117,-8.92056846618652,"Unknown"
"9004157",371992,2025-05-22 23:51:54,42.3989715576172,-8.92055988311768,"Unknown"
"9004157",371992,2025-05-22 23:57:03,42.3989753723145,-8.92107391357422,"Unknown"
"9004157",371992,2025-05-23 00:01:59,42.3989868164062,-8.92080020904541,"Unknown"
"9004157",371992,2025-05-23 00:07:05,42.3989677429199,-8.92104053497314,"Unknown"
"9004157",371992,2025-05-23 00:12:08,42.3990020751953,-8.92093944549561,"Unknown"
"9004157",371992,2025-05-23 00:16:52,42.3989295959473,-8.91978931427002,"Unknown"
"9004157",371992,2025-05-23 00:21:50,42.3989105224609,-8.91928005218506,"Unknown"
"9004157",371992,2025-05-23 00:28:11,42.3989334106445,-8.92110157012939,"Unknown"
"9004157",371992,2025-05-23 00:33:11,42.3989334106445,-8.92104053497314,"Unknown"
"9004157",371992,2025-05-23 00:36:57,42.3989372253418,-8.92151641845703,"Unknown"
"9004157",371992,2025-05-23 00:43:11,42.3989677429199,-8.92113876342773,"Unknown"
"9004157",371992,2025-05-23 00:48:11,42.3990440368652,-8.9213342666626,"Unknown"
"9004157",371992,2025-05-23 00:51:59,42.3991241455078,-8.92105579376221,"Unknown"
"9004157",371992,2025-05-23 00:56:51,42.3989181518555,-8.92120838165283,"Unknown"
"9004157",371992,2025-05-23 01:01:49,42.398853302002,-8.92143440246582,"Unknown"
"9004157",371992,2025-05-23 01:06:51,42.3988800048828,-8.9210319519043,"Unknown"
"9004157",371992,2025-05-23 01:12:51,42.3989562988281,-8.92133045196533,"Unknown"
"9004157",371992,2025-05-23 01:17:12,42.39892578125,-8.92131805419922,"Unknown"
"9004157",371992,2025-05-23 01:23:11,42.3989372253418,-8.92099285125732,"Unknown"
"9004157",371992,2025-05-23 01:27:54,42.3989562988281,-8.92112731933594,"Unknown"
"9004157",371992,2025-05-23 01:33:11,42.3990249633789,-8.92083549499512,"Unknown"
"9004157",371992,2025-05-23 01:37:00,42.3990516662598,-8.92123508453369,"Unknown"
"9004157",371992,2025-05-23 01:41:58,42.3989753723145,-8.92116832733154,"Unknown"
"9004157",371992,2025-05-23 01:48:11,42.3989486694336,-8.9206600189209,"Unknown"
"9004157",371992,2025-05-23 01:52:01,42.3988990783691,-8.9207706451416,"Unknown"
"9004157",371992,2025-05-23 01:57:10,42.3988952636719,-8.92128276824951,"Unknown"
"9004157",371992,2025-05-23 02:01:52,42.3988800048828,-8.92116928100586,"Unknown"
"9004157",371992,2025-05-23 02:08:11,42.3989143371582,-8.92106914520264,"Unknown"
"9004157",371992,2025-05-23 02:13:11,42.39892578125,-8.9213399887085,"Unknown"
"9004157",371992,2025-05-23 02:18:11,42.3988647460938,-8.92138290405273,"Unknown"
"9004157",371992,2025-05-23 02:22:07,42.3988151550293,-8.92137718200684,"Unknown"
"9004157",371992,2025-05-23 02:26:59,42.3990249633789,-8.92211055755615,"Unknown"
"9004157",371992,2025-05-23 02:37:47,42.3989410400391,-8.92135620117188,"Unknown"
"9004157",371992,2025-05-23 02:42:00,42.3988800048828,-8.92117118835449,"Unknown"
"9004157",371992,2025-05-23 02:47:13,42.398868560791,-8.92104053497314,"Unknown"
"9004157",371992,2025-05-23 02:53:11,42.398853302002,-8.92101573944092,"Unknown"
"9004157",371992,2025-05-23 02:57:44,42.3988609313965,-8.92121028900146,"Unknown"
"9004157",371992,2025-05-23 03:02:53,42.3989219665527,-8.92140102386475,"Unknown"
"9004157",371992,2025-05-23 03:06:57,42.3989028930664,-8.92114734649658,"Unknown"
"9004157",371992,2025-05-23 03:11:58,42.3986778259277,-8.92058086395264,"Unknown"
"9004157",371992,2025-05-23 03:16:50,42.3988876342773,-8.92138004302979,"Unknown"
"9004157",371992,2025-05-23 03:21:57,42.398868560791,-8.92117214202881,"Unknown"
"9004157",371992,2025-05-23 03:26:51,42.3988647460938,-8.92107772827148,"Unknown"
"9004157",371992,2025-05-23 03:31:55,42.3988075256348,-8.92078590393066,"Unknown"
"9004157",371992,2025-05-23 03:37:00,42.398853302002,-8.92143440246582,"Unknown"
"9004157",371992,2025-05-23 03:41:53,42.3988876342773,-8.92093372344971,"Unknown"
"9004157",371992,2025-05-23 03:47:00,42.3988265991211,-8.92126941680908,"Unknown"
"9004157",371992,2025-05-23 03:52:08,42.3988494873047,-8.92111015319824,"Unknown"
"9004157",371992,2025-05-23 03:56:58,42.3988952636719,-8.92089939117432,"Unknown"
"9004157",371992,2025-05-23 04:02:09,42.3988914489746,-8.92076778411865,"Unknown"
"9004157",371992,2025-05-23 04:07:01,42.3988494873047,-8.92136192321777,"Unknown"
"9004157",371992,2025-05-23 04:12:14,42.3990287780762,-8.91958045959473,"Unknown"
"9004157",371992,2025-05-23 04:17:14,42.3989562988281,-8.9205150604248,"Unknown"
"9004157",371992,2025-05-23 04:27:42,42.3988151550293,-8.92162036895752,"Unknown"
"9004157",371992,2025-05-23 04:32:58,42.3989219665527,-8.92105674743652,"Unknown"
"9004157",371992,2025-05-23 04:36:49,42.3989791870117,-8.92086410522461,"Unknown"
"9004157",371992,2025-05-23 04:41:49,42.3990058898926,-8.92078113555908,"Unknown"
"9004157",371992,2025-05-23 04:46:51,42.3990020751953,-8.92055416107178,"Unknown"
"9004157",371992,2025-05-23 04:51:51,42.3989334106445,-8.92058944702148,"Unknown"
"9004157",371992,2025-05-23 04:57:06,42.3988380432129,-8.92137145996094,"Unknown"
"9004157",371992,2025-05-23 05:01:51,42.3990898132324,-8.92041110992432,"Unknown"
"9004157",371992,2025-05-23 05:06:56,42.3989601135254,-8.92056655883789,"Unknown"
"9004157",371992,2025-05-23 05:11:58,42.3992309570312,-8.92070293426514,"Unknown"
"9004157",371992,2025-05-23 05:16:52,42.3992042541504,-8.92088985443115,"Unknown"
"9004157",371992,2025-05-23 05:22:00,42.4005737304688,-8.91906547546387,"Unknown"
"9004157",371992,2025-05-23 05:27:04,42.4005432128906,-8.91903495788574,"Unknown"
"9004157",371992,2025-05-23 05:37:15,42.3978576660156,-8.92071533203125,"Unknown"
"9004157",371992,2025-05-23 05:41:47,42.3977966308594,-8.92075634002686,"Unknown"
"9004157",371992,2025-05-23 05:51:54,42.3979415893555,-8.92060470581055,"Unknown"
"9004157",371992,2025-05-23 05:56:48,42.3978004455566,-8.92094898223877,"Unknown"
"9004157",371992,2025-05-23 06:02:14,42.3978004455566,-8.9202299118042,"Unknown"
"9004157",371992,2025-05-23 06:06:59,42.397762298584,-8.92051792144775,"Unknown"
"9004157",371992,2025-05-23 06:11:59,42.3977241516113,-8.92033767700195,"Unknown"
"9004157",371992,2025-05-23 06:22:45,42.4008178710938,-8.90237426757812,"Unknown"
"9004157",371992,2025-05-23 06:33:51,42.4037895202637,-8.89788913726807,"Unknown"
"9004157",371992,2025-05-23 06:44:59,42.4155883789062,-8.88793849945068,"Unknown"
"9004157",371992,2025-05-23 06:55:14,42.4525413513184,-8.915846824646,"Unknown"
"9004157",371992,2025-05-23 06:59:57,42.4706039428711,-8.94280910491943,"Unknown"
"9004157",371992,2025-05-23 07:04:58,42.4825782775879,-8.92978763580322,"Unknown"
"9004157",371992,2025-05-23 07:10:02,42.4944534301758,-8.90642642974854,"Unknown"
"9004157",371992,2025-05-23 07:15:54,42.4958534240723,-8.90422534942627,"Unknown"
"9004157",371992,2025-05-23 07:20:45,42.4965667724609,-8.90353012084961,"Unknown"
"9004157",371992,2025-05-23 07:26:14,42.4974479675293,-8.90268039703369,"Unknown"
"9004157",371992,2025-05-23 07:31:35,42.4973030090332,-8.90258502960205,"Unknown"
"9004157",371992,2025-05-23 07:36:13,42.4974822998047,-8.9028434753418,"Unknown"
"9004157",371992,2025-05-23 07:41:16,42.497501373291,-8.90300846099854,"Unknown"
"9004157",371992,2025-05-23 07:46:13,42.4974098205566,-8.90260124206543,"Unknown"
"9004157",371992,2025-05-23 07:51:35,42.497257232666,-8.90249156951904,"Unknown"
"9004157",371992,2025-05-23 07:56:12,42.4972648620605,-8.90253067016602,"Unknown"
"9004157",371992,2025-05-23 08:01:13,42.4973373413086,-8.90259265899658,"Unknown"
"9004157",371992,2025-05-23 08:06:15,42.4972839355469,-8.90250110626221,"Unknown"
"9004157",371992,2025-05-23 08:11:16,42.4973640441895,-8.90258502960205,"Unknown"
"9004157",371992,2025-05-23 08:16:23,42.497257232666,-8.90247344970703,"Unknown"
"9004157",371992,2025-05-23 08:21:13,42.4972724914551,-8.90243816375732,"Unknown"
"9004157",371992,2025-05-23 08:26:15,42.497371673584,-8.9025936126709,"Unknown"
"9004157",371992,2025-05-23 08:31:41,42.4970932006836,-8.90441226959229,"Unknown"
"9004157",371992,2025-05-23 08:36:42,42.4963035583496,-8.90462303161621,"Unknown"
"9004157",371992,2025-05-23 08:42:32,42.4966773986816,-8.90520858764648,"Unknown"
"9004157",371992,2025-05-23 08:48:27,42.4968109130859,-8.90379428863525,"Unknown"
"9004157",371992,2025-05-23 08:53:46,42.4973411560059,-8.90372276306152,"Unknown"
"9004157",371992,2025-05-23 08:58:46,42.496997833252,-8.90183162689209,"Unknown"
"9004157",371992,2025-05-23 09:03:44,42.49755859375,-8.90330505371094,"Unknown"
"9004157",371992,2025-05-23 09:08:42,42.4975929260254,-8.90331935882568,"Unknown"
"9004157",371992,2025-05-23 09:14:05,42.497257232666,-8.90268707275391,"Unknown"
"9004157",371992,2025-05-23 09:18:42,42.4972991943359,-8.90268707275391,"Unknown"
"9004157",371992,2025-05-23 09:23:43,42.4973030090332,-8.90261745452881,"Unknown"
"9004157",371992,2025-05-23 09:28:42,42.4973258972168,-8.9027624130249,"Unknown"
"9004157",371992,2025-05-23 09:33:42,42.4980354309082,-8.90134525299072,"Unknown"
"9004157",371992,2025-05-23 09:39:06,42.5058898925781,-8.8753023147583,"Unknown"
"9004157",371992,2025-05-23 09:44:36,42.506160736084,-8.87274360656738,"Unknown"
"9004157",371992,2025-05-23 09:49:36,42.5069465637207,-8.87059116363525,"Unknown"
"9004157",371992,2025-05-23 09:54:36,42.5079612731934,-8.87042427062988,"Unknown"
"9004157",371992,2025-05-23 09:59:54,42.5077285766602,-8.86977195739746,"Unknown"
"9004157",371992,2025-05-23 10:05:39,42.5075950622559,-8.87002468109131,"Unknown"
"9004157",371992,2025-05-23 10:10:39,42.5086212158203,-8.8704137802124,"Unknown"
"9004157",371992,2025-05-23 10:15:39,42.5093460083008,-8.86941623687744,"Unknown"
"9004157",371992,2025-05-23 10:20:39,42.5082550048828,-8.86992835998535,"Unknown"
"9004157",371992,2025-05-23 10:25:39,42.506778717041,-8.87086772918701,"Unknown"
"9004157",371992,2025-05-23 10:31:31,42.5059623718262,-8.87223720550537,"Unknown"
"9004157",371992,2025-05-23 10:36:41,42.5059700012207,-8.87237358093262,"Unknown"
"9004157",371992,2025-05-23 10:41:40,42.5061340332031,-8.87383365631104,"Unknown"
"9004157",371992,2025-05-23 10:46:39,42.5062980651855,-8.87347507476807,"Unknown"
"9004157",371992,2025-05-23 10:51:40,42.5057106018066,-8.87250709533691,"Unknown"
"9004157",371992,2025-05-23 10:57:21,42.5046081542969,-8.87353801727295,"Unknown"
"9004157",371992,2025-05-23 11:05:48,42.5048179626465,-8.87571907043457,"Unknown"
"9004157",371992,2025-05-23 11:11:16,42.5051078796387,-8.87809276580811,"Unknown"
"9004157",371992,2025-05-23 11:16:17,42.5045852661133,-8.88022804260254,"Unknown"
"9004157",371992,2025-05-23 11:21:15,42.5046577453613,-8.88028144836426,"Unknown"
"9004157",371992,2025-05-23 11:26:15,42.5046081542969,-8.88041877746582,"Unknown"
"9004157",371992,2025-05-23 11:31:15,42.5047416687012,-8.88036060333252,"Unknown"
"9004157",371992,2025-05-23 11:36:15,42.5046806335449,-8.88036251068115,"Unknown"
"9004157",371992,2025-05-23 11:41:15,42.5045471191406,-8.88053607940674,"Unknown"
"9004157",371992,2025-05-23 11:50:43,42.5060806274414,-8.8784761428833,"Unknown"
"9004157",371992,2025-05-23 11:58:28,42.5069007873535,-8.87814331054688,"Unknown"
"9004157",371992,2025-05-23 12:03:40,42.5066223144531,-8.87712097167969,"Unknown"
"9004157",371992,2025-05-23 12:08:39,42.5056495666504,-8.87960338592529,"Unknown"
"9004157",371992,2025-05-23 12:14:14,42.5043907165527,-8.88123607635498,"Unknown"
"9004157",371992,2025-05-23 12:18:37,42.5045356750488,-8.88123035430908,"Unknown"
"9004157",371992,2025-05-23 12:23:37,42.5045394897461,-8.88115501403809,"Unknown"
"9004157",371992,2025-05-23 12:28:37,42.5045394897461,-8.88124561309814,"Unknown"
"9004157",371992,2025-05-23 12:33:37,42.5045738220215,-8.88115501403809,"Unknown"
"9004157",371992,2025-05-23 12:38:37,42.5045356750488,-8.88129043579102,"Unknown"
"9004157",371992,2025-05-23 12:43:37,42.5046005249023,-8.88123989105225,"Unknown"
"9004157",371992,2025-05-23 12:48:37,42.5046501159668,-8.88115406036377,"Unknown"
"9004157",371992,2025-05-23 12:53:37,42.5047569274902,-8.88042449951172,"Unknown"
"9004157",371992,2025-05-23 12:58:37,42.5048217773438,-8.88016796112061,"Unknown"
"9004157",371992,2025-05-23 13:03:38,42.5046577453613,-8.88109874725342,"Unknown"
"9004157",371992,2025-05-23 13:08:37,42.5048751831055,-8.88016128540039,"Unknown"
"9004157",371992,2025-05-23 13:13:37,42.5047912597656,-8.88042068481445,"Unknown"
"9004157",371992,2025-05-23 13:18:37,42.5048522949219,-8.88044738769531,"Unknown"
"9004157",371992,2025-05-23 13:23:38,42.5047798156738,-8.88043117523193,"Unknown"
"9004157",371992,2025-05-23 13:28:38,42.504768371582,-8.88049602508545,"Unknown"
"9004157",371992,2025-05-23 13:33:37,42.5047721862793,-8.88050651550293,"Unknown"
"9004157",371992,2025-05-23 13:38:37,42.5047302246094,-8.880539894104,"Unknown"
"9004157",371992,2025-05-23 13:43:37,42.5046806335449,-8.88069248199463,"Unknown"
"9004157",371992,2025-05-23 13:48:37,42.5046997070312,-8.88072681427002,"Unknown"
"9004157",371992,2025-05-23 13:53:37,42.5047492980957,-8.88077449798584,"Unknown"
"9004157",371992,2025-05-23 13:58:37,42.5047836303711,-8.8808126449585,"Unknown"
"9004157",371992,2025-05-23 14:03:37,42.5047607421875,-8.8807897567749,"Unknown"
"9004157",371992,2025-05-23 14:08:37,42.5046882629395,-8.88085079193115,"Unknown"
"9004157",371992,2025-05-23 14:13:37,42.5047225952148,-8.88087749481201,"Unknown"
"9004157",371992,2025-05-23 14:18:37,42.5047035217285,-8.88095283508301,"Unknown"
"9004157",371992,2025-05-23 14:23:37,42.5047035217285,-8.88095092773438,"Unknown"
"9004157",371992,2025-05-23 14:28:37,42.5047225952148,-8.88096714019775,"Unknown"
"9004157",371992,2025-05-23 14:33:53,42.5063667297363,-8.88113594055176,"Unknown"
"9004157",371992,2025-05-23 14:38:52,42.5075607299805,-8.88209247589111,"Unknown"
"9004157",371992,2025-05-23 14:44:08,42.5093193054199,-8.87794971466064,"Unknown"
"9004157",371992,2025-05-23 14:49:43,42.5084228515625,-8.86972904205322,"Unknown"
"9004157",371992,2025-05-23 14:54:51,42.5071334838867,-8.87034511566162,"Unknown"
"9004157",371992,2025-05-23 15:00:17,42.5059204101562,-8.87157535552979,"Unknown"
"9004157",371992,2025-05-23 15:05:28,42.5049819946289,-8.87378406524658,"Unknown"
"9004157",371992,2025-05-23 15:11:09,42.5060882568359,-8.87414836883545,"Unknown"
"9004157",371992,2025-05-23 15:18:55,42.5063056945801,-8.87460231781006,"Unknown"
"9004157",371992,2025-05-23 15:24:06,42.5060424804688,-8.87412929534912,"Unknown"
"9004157",371992,2025-05-23 15:29:34,42.5062217712402,-8.8726167678833,"Unknown"
"9004157",371992,2025-05-23 15:34:56,42.5066947937012,-8.87143898010254,"Unknown"
"9004157",371992,2025-05-23 15:39:56,42.5072288513184,-8.87023544311523,"Unknown"
"9004157",371992,2025-05-23 15:44:58,42.5081481933594,-8.87080001831055,"Unknown"
"9004157",371992,2025-05-23 15:50:03,42.5081405639648,-8.86991500854492,"Unknown"
"9004157",371992,2025-05-23 15:55:03,42.507999420166,-8.87186622619629,"Unknown"
"9004157",371992,2025-05-23 16:00:32,42.5070266723633,-8.87234878540039,"Unknown"
"9004157",371992,2025-05-23 16:05:45,42.5079574584961,-8.87103462219238,"Unknown"
"9004157",371992,2025-05-23 16:10:44,42.5074462890625,-8.87083148956299,"Unknown"
"9004157",371992,2025-05-23 16:18:50,42.5080299377441,-8.87240982055664,"Unknown"
"9004157",371992,2025-05-23 16:24:19,42.50732421875,-8.87259292602539,"Unknown"
"9004157",371992,2025-05-23 16:30:44,42.505931854248,-8.87364768981934,"Unknown"
"9004157",371992,2025-05-23 16:35:44,42.5058937072754,-8.87274742126465,"Unknown"
"9004157",371992,2025-05-23 16:40:58,42.5065002441406,-8.8721170425415,"Unknown"
"9004157",371992,2025-05-23 16:45:57,42.5063781738281,-8.87467765808105,"Unknown"
"9004157",371992,2025-05-23 17:02:22,42.5087661743164,-8.87662029266357,"Unknown"
"9004157",371992,2025-05-23 17:07:20,42.5079460144043,-8.87919425964355,"Unknown"
"9004157",371992,2025-05-23 17:12:20,42.5047950744629,-8.88082695007324,"Unknown"
"9004157",371992,2025-05-23 17:18:00,42.5047607421875,-8.88086605072021,"Unknown"
"9004157",371992,2025-05-23 17:23:00,42.5047187805176,-8.88066959381104,"Unknown"
"9004157",371992,2025-05-23 17:28:00,42.5047569274902,-8.88066482543945,"Unknown"
"9004157",371992,2025-05-23 17:33:15,42.5047302246094,-8.88078117370605,"Unknown"
"9004157",371992,2025-05-23 17:38:06,42.5046882629395,-8.88073539733887,"Unknown"
"9004157",371992,2025-05-23 17:43:00,42.5046501159668,-8.88053607940674,"Unknown"
"9004157",371992,2025-05-23 17:48:00,42.5046195983887,-8.88056468963623,"Unknown"
"9004157",371992,2025-05-23 17:53:00,42.5045509338379,-8.88040065765381,"Unknown"
"9004157",371992,2025-05-23 17:58:01,42.5044326782227,-8.88027381896973,"Unknown"
"9004157",371992,2025-05-23 18:03:00,42.504581451416,-8.88051509857178,"Unknown"
"9004157",371992,2025-05-23 18:08:00,42.5045127868652,-8.88053226470947,"Unknown"
"9004157",371992,2025-05-23 18:13:00,42.5046539306641,-8.8805980682373,"Unknown"
"9004157",371992,2025-05-23 18:18:00,42.5046501159668,-8.88055515289307,"Unknown"
"9004157",371992,2025-05-23 18:23:00,42.504638671875,-8.88039207458496,"Unknown"
"9004157",371992,2025-05-23 18:28:00,42.5046272277832,-8.8804988861084,"Unknown"
"9004157",371992,2025-05-23 18:33:01,42.5043258666992,-8.88003730773926,"Unknown"
"9004157",371992,2025-05-23 18:38:00,42.504077911377,-8.87957763671875,"Unknown"
"9004157",371992,2025-05-23 18:43:00,42.4793510437012,-8.93485260009766,"Unknown"
"9004157",371992,2025-05-23 18:48:01,42.447208404541,-8.93762588500977,"Unknown"
"9004157",371992,2025-05-23 18:53:00,42.4320182800293,-8.93041324615479,"Unknown"
"9004157",371992,2025-05-23 19:03:31,42.3992691040039,-8.9212532043457,"Unknown"
"9004157",371992,2025-05-23 19:08:37,42.3989562988281,-8.92076206207275,"Unknown"
"9004157",371992,2025-05-23 19:13:20,42.3990440368652,-8.92057037353516,"Unknown"
"9004157",371992,2025-05-23 19:18:41,42.3990249633789,-8.92066860198975,"Unknown"
"9004157",371992,2025-05-23 19:43:03,42.3984336853027,-8.92016696929932,"Unknown"
"9004157",371992,2025-05-23 19:48:46,42.3988151550293,-8.92055797576904,"Unknown"
"9004157",371992,2025-05-23 19:54:23,42.3988800048828,-8.92053318023682,"Unknown"
"9004157",371992,2025-05-23 19:59:23,42.3989181518555,-8.92049407958984,"Unknown"
"9004157",371992,2025-05-23 20:04:23,42.3989486694336,-8.92058277130127,"Unknown"
"9004157",371992,2025-05-23 20:09:23,42.398983001709,-8.92062091827393,"Unknown"
"9004157",371992,2025-05-23 20:13:38,42.3988075256348,-8.92069339752197,"Unknown"
"9004157",371992,2025-05-23 20:18:14,42.3987503051758,-8.92069244384766,"Unknown"
"9004157",371992,2025-05-23 20:23:09,42.398983001709,-8.92121887207031,"Unknown"
"9004157",371992,2025-05-23 20:28:13,42.3988456726074,-8.92113304138184,"Unknown"
"9004157",371992,2025-05-23 20:33:16,42.3976974487305,-8.92195606231689,"Unknown"
"9004157",371992,2025-05-23 20:38:07,42.3988761901855,-8.92141819000244,"Unknown"
"9004157",371992,2025-05-23 20:43:14,42.3989715576172,-8.92120265960693,"Unknown"
"9004157",371992,2025-05-23 20:48:25,42.3990249633789,-8.92103290557861,"Unknown"
"9004157",371992,2025-05-23 20:54:23,42.3989486694336,-8.92111301422119,"Unknown"
"9004157",371992,2025-05-23 20:59:23,42.398868560791,-8.92123889923096,"Unknown"
"9004157",371992,2025-05-23 21:04:23,42.3989105224609,-8.92131042480469,"Unknown"
"9004157",371992,2025-05-23 21:08:03,42.3995018005371,-8.92111587524414,"Unknown"
"9004157",371992,2025-05-23 21:14:12,42.3988571166992,-8.92113018035889,"Unknown"
"9004157",371992,2025-05-23 21:19:20,42.3988761901855,-8.92138385772705,"Unknown"
"9004157",371992,2025-05-23 21:23:21,42.3988838195801,-8.92131233215332,"Unknown"
"9004157",371992,2025-05-23 21:29:23,42.3988761901855,-8.92098236083984,"Unknown"
"9004157",371992,2025-05-23 21:34:08,42.3988609313965,-8.9210090637207,"Unknown"
"9004157",371992,2025-05-23 21:38:21,42.3988838195801,-8.92127513885498,"Unknown"
"9004157",371992,2025-05-23 21:43:04,42.3988609313965,-8.92107772827148,"Unknown"
"9004157",371992,2025-05-23 21:48:04,42.3988647460938,-8.92098140716553,"Unknown"
"9004157",371992,2025-05-23 21:54:15,42.3988571166992,-8.92105007171631,"Unknown"
"9004157",371992,2025-05-23 21:58:03,42.399040222168,-8.9209623336792,"Unknown"
"9004157",371992,2025-05-23 22:03:02,42.3989715576172,-8.9210958480835,"Unknown"
"9004157",371992,2025-05-23 22:08:11,42.3988723754883,-8.92119312286377,"Unknown"
"9004157",371992,2025-05-23 22:13:18,42.3988571166992,-8.92117595672607,"Unknown"
"9004157",371992,2025-05-23 22:18:03,42.3989372253418,-8.92108821868896,"Unknown"
"9004157",371992,2025-05-23 22:23:07,42.3988189697266,-8.92127227783203,"Unknown"
"9004157",371992,2025-05-23 22:28:02,42.3987808227539,-8.92133903503418,"Unknown"
"9004157",371992,2025-05-23 22:33:01,42.3990287780762,-8.92110443115234,"Unknown"
"9004157",371992,2025-05-23 22:38:10,42.3988342285156,-8.92116928100586,"Unknown"
"9004157",371992,2025-05-23 22:43:03,42.3990478515625,-8.9211540222168,"Unknown"
"9004157",371992,2025-05-23 22:48:04,42.3989219665527,-8.92117214202881,"Unknown"
"9004157",371992,2025-05-23 22:53:06,42.3989715576172,-8.92116737365723,"Unknown"
"9004157",371992,2025-05-23 22:58:03,42.398983001709,-8.9210033416748,"Unknown"
"9004157",371992,2025-05-23 23:03:07,42.3990249633789,-8.92103672027588,"Unknown"
"9004157",371992,2025-05-23 23:08:03,42.3989181518555,-8.9212474822998,"Unknown"
"9004157",371992,2025-05-23 23:13:04,42.3988876342773,-8.92128562927246,"Unknown"
"9004157",371992,2025-05-23 23:18:19,42.3988571166992,-8.9214563369751,"Unknown"
"9004157",371992,2025-05-23 23:23:19,42.3988800048828,-8.92133617401123,"Unknown"
"9004157",371992,2025-05-23 23:29:23,42.3988494873047,-8.92132091522217,"Unknown"
"9004157",371992,2025-05-23 23:33:44,42.3988609313965,-8.9212703704834,"Unknown"
"9004157",371992,2025-05-23 23:38:03,42.3987579345703,-8.92114734649658,"Unknown"
"9004157",371992,2025-05-23 23:43:03,42.3989486694336,-8.92127418518066,"Unknown"
"9004157",371992,2025-05-23 23:48:04,42.3989868164062,-8.92143630981445,"Unknown"
"9004157",371992,2025-05-23 23:53:01,42.3988914489746,-8.92136859893799,"Unknown"
"9004157",371992,2025-05-23 23:58:04,42.3988838195801,-8.92126274108887,"Unknown"
"9004157",371992,2025-05-24 00:03:03,42.3988761901855,-8.92111682891846,"Unknown"
"9004157",371992,2025-05-24 00:09:23,42.398853302002,-8.92159461975098,"Unknown"
"9004157",371992,2025-05-24 00:13:23,42.3990821838379,-8.92037582397461,"Unknown"
"9004157",371992,2025-05-24 00:18:04,42.3990516662598,-8.91920185089111,"Unknown"
"9004157",371992,2025-05-24 00:23:35,42.3989334106445,-8.92103385925293,"Unknown"
"9004157",371992,2025-05-24 00:28:05,42.3989448547363,-8.92123317718506,"Unknown"
"9004157",371992,2025-05-24 00:33:03,42.3989105224609,-8.92099475860596,"Unknown"
"9004157",371992,2025-05-24 00:38:03,42.3989334106445,-8.92093658447266,"Unknown"
"9004157",371992,2025-05-24 00:43:04,42.3989028930664,-8.92100524902344,"Unknown"
"9004157",371992,2025-05-24 00:49:22,42.3989028930664,-8.92093086242676,"Unknown"
"9004157",371992,2025-05-24 00:53:07,42.3989028930664,-8.92094039916992,"Unknown"
"9004157",371992,2025-05-24 00:58:10,42.3988952636719,-8.92100715637207,"Unknown"
"9004157",371992,2025-05-24 01:03:14,42.398983001709,-8.92086029052734,"Unknown"
"9004157",371992,2025-05-24 01:08:10,42.3990478515625,-8.92051029205322,"Unknown"
"9004157",371992,2025-05-24 01:13:07,42.3989295959473,-8.92077255249023,"Unknown"
"9004157",371992,2025-05-24 01:18:14,42.3990821838379,-8.92092609405518,"Unknown"
"9004157",371992,2025-05-24 01:23:14,42.3990631103516,-8.92030811309814,"Unknown"
"9004157",371992,2025-05-24 01:28:06,42.3990020751953,-8.9199800491333,"Unknown"
"9004157",371992,2025-05-24 01:33:29,42.3989334106445,-8.92072582244873,"Unknown"
"9004157",371992,2025-05-24 01:38:06,42.398983001709,-8.92044925689697,"Unknown"
"9004157",371992,2025-05-24 01:43:08,42.398998260498,-8.92022895812988,"Unknown"
"9004157",371992,2025-05-24 01:48:19,42.3989601135254,-8.92001152038574,"Unknown"
"9004157",371992,2025-05-24 01:53:21,42.3989791870117,-8.92046546936035,"Unknown"
"9004157",371992,2025-05-24 01:58:19,42.3989486694336,-8.92038631439209,"Unknown"
"9004157",371992,2025-05-24 02:03:06,42.3988952636719,-8.92028713226318,"Unknown"
"9004157",371992,2025-05-24 02:08:13,42.3989639282227,-8.92044258117676,"Unknown"
"9004157",371992,2025-05-24 02:13:34,42.3990097045898,-8.91979312896729,"Unknown"
"9004157",371992,2025-05-24 02:19:23,42.3982696533203,-8.9178638458252,"Unknown"
"9004157",371992,2025-05-24 02:24:23,42.3989105224609,-8.92125129699707,"Unknown"
"9004157",371992,2025-05-24 02:29:23,42.3988609313965,-8.9211311340332,"Unknown"
"9004157",371992,2025-05-24 02:34:23,42.3987693786621,-8.92069244384766,"Unknown"
"9004157",371992,2025-05-24 02:39:23,42.3988265991211,-8.92100524902344,"Unknown"
"9004157",371992,2025-05-24 02:44:23,42.3987808227539,-8.92029285430908,"Unknown"
"9004157",371992,2025-05-24 02:49:23,42.3988647460938,-8.9206075668335,"Unknown"
"9004157",371992,2025-05-24 02:53:14,42.3988380432129,-8.92107963562012,"Unknown"
"9004157",371992,2025-05-24 02:58:22,42.3988380432129,-8.92119693756104,"Unknown"
"9004157",371992,2025-05-24 03:03:25,42.3988456726074,-8.92125606536865,"Unknown"
"9004157",371992,2025-05-24 03:08:10,42.3988914489746,-8.9210376739502,"Unknown"
"9004157",371992,2025-05-24 03:13:10,42.3988342285156,-8.92107105255127,"Unknown"
"9004157",371992,2025-05-24 03:18:06,42.3987655639648,-8.92073154449463,"Unknown"
"9004157",371992,2025-05-24 03:23:09,42.3988609313965,-8.92087745666504,"Unknown"
"9004157",371992,2025-05-24 03:28:56,42.3987922668457,-8.92097854614258,"Unknown"
"9004157",371992,2025-05-24 03:33:14,42.3988342285156,-8.92120170593262,"Unknown"
"9004157",371992,2025-05-24 03:38:21,42.3988304138184,-8.92135143280029,"Unknown"
"9004157",371992,2025-05-24 03:43:09,42.3988914489746,-8.92144966125488,"Unknown"
"9004157",371992,2025-05-24 03:48:10,42.3988723754883,-8.92142105102539,"Unknown"
"9004157",371992,2025-05-24 03:53:08,42.398983001709,-8.92168998718262,"Unknown"
"9004157",371992,2025-05-24 03:59:23,42.398998260498,-8.92200088500977,"Unknown"
"9004157",371992,2025-05-24 04:03:19,42.398868560791,-8.9223690032959,"Unknown"
"9004157",371992,2025-05-24 04:08:44,42.3988952636719,-8.92150783538818,"Unknown"
"9004157",371992,2025-05-24 04:13:10,42.3989334106445,-8.92143249511719,"Unknown"
"9004157",371992,2025-05-24 04:18:04,42.3990020751953,-8.92102241516113,"Unknown"
"9004157",371992,2025-05-24 04:24:23,42.3989639282227,-8.92093086242676,"Unknown"
"9004157",371992,2025-05-24 04:28:02,42.3989906311035,-8.92113399505615,"Unknown"
"9004157",371992,2025-05-24 04:33:10,42.3989028930664,-8.92101669311523,"Unknown"
"9004157",371992,2025-05-24 04:38:03,42.398868560791,-8.92148971557617,"Unknown"
"9004157",371992,2025-05-24 04:44:23,42.3989028930664,-8.92117118835449,"Unknown"
"9004157",371992,2025-05-24 04:49:23,42.3988914489746,-8.92142200469971,"Unknown"
"9004157",371992,2025-05-24 04:53:27,42.398868560791,-8.92129707336426,"Unknown"
"9004157",371992,2025-05-24 04:58:57,42.3989486694336,-8.92162990570068,"Unknown"
"9004157",371992,2025-05-24 05:03:28,42.3989448547363,-8.92139053344727,"Unknown"
"9004157",371992,2025-05-24 05:08:04,42.3990097045898,-8.92120552062988,"Unknown"
"9004157",371992,2025-05-24 05:13:10,42.3990325927734,-8.92099475860596,"Unknown"
"9004157",371992,2025-05-24 05:18:06,42.398983001709,-8.92077827453613,"Unknown"
"9004157",371992,2025-05-24 05:23:35,42.3990020751953,-8.92102146148682,"Unknown"
"9004157",371992,2025-05-24 05:28:08,42.3988227844238,-8.9210901260376,"Unknown"
"9004157",371992,2025-05-24 05:34:23,42.3988265991211,-8.92107391357422,"Unknown"
"9004157",371992,2025-05-24 05:38:06,42.3988990783691,-8.92089080810547,"Unknown"
"9004157",371992,2025-05-24 05:43:07,42.3989219665527,-8.92114353179932,"Unknown"
"9004157",371992,2025-05-24 05:48:05,42.3988723754883,-8.92122554779053,"Unknown"
"9004157",371992,2025-05-24 05:53:03,42.3989601135254,-8.92117214202881,"Unknown"
"9004157",371992,2025-05-24 05:58:11,42.3988838195801,-8.92121410369873,"Unknown"
"9004157",371992,2025-05-24 06:03:01,42.3990440368652,-8.9210376739502,"Unknown"
"9004157",371992,2025-05-24 06:08:01,42.3991394042969,-8.92094707489014,"Unknown"
"9004157",371992,2025-05-24 06:13:01,42.399284362793,-8.92093086242676,"Unknown"
"9004157",371992,2025-05-24 06:18:01,42.3991508483887,-8.92088222503662,"Unknown"
"9004157",371992,2025-05-24 06:23:07,42.3989791870117,-8.9216833114624,"Unknown"
"9004157",371992,2025-05-24 06:28:02,42.3991584777832,-8.92116165161133,"Unknown"
"9004157",371992,2025-05-24 06:33:05,42.3988265991211,-8.92125511169434,"Unknown"
"9004157",371992,2025-05-24 06:38:05,42.3989448547363,-8.92140197753906,"Unknown"
"9004157",371992,2025-05-24 06:43:09,42.3990249633789,-8.92144298553467,"Unknown"
"9004157",371992,2025-05-24 06:48:12,42.3988914489746,-8.92159557342529,"Unknown"
"9004157",371992,2025-05-24 06:53:14,42.3989181518555,-8.92157173156738,"Unknown"
"9004157",371992,2025-05-24 06:58:56,42.39892578125,-8.92155075073242,"Unknown"
"9004157",371992,2025-05-24 07:03:09,42.3988952636719,-8.92140960693359,"Unknown"
"9004157",371992,2025-05-24 07:08:02,42.398868560791,-8.92139053344727,"Unknown"
"9004157",371992,2025-05-24 07:13:04,42.3987426757812,-8.92130851745605,"Unknown"
"9004157",371992,2025-05-24 07:18:00,42.3988800048828,-8.92123985290527,"Unknown"
"9004157",371992,2025-05-24 07:23:01,42.3989906311035,-8.92138004302979,"Unknown"
"9004157",371992,2025-05-24 07:28:00,42.3989410400391,-8.92127704620361,"Unknown"
"9004157",371992,2025-05-24 07:33:01,42.3989486694336,-8.92133617401123,"Unknown"
"9004157",371992,2025-05-24 07:38:01,42.3989677429199,-8.92135715484619,"Unknown"
"9004157",371992,2025-05-24 07:43:00,42.3988189697266,-8.92112064361572,"Unknown"
"9004157",371992,2025-05-24 07:48:35,42.3988075256348,-8.9210319519043,"Unknown"
"9004157",371992,2025-05-24 07:53:00,42.3988647460938,-8.92117786407471,"Unknown"
"9004157",371992,2025-05-24 07:58:00,42.3989372253418,-8.92125988006592,"Unknown"
"9004157",371992,2025-05-24 08:03:03,42.3988456726074,-8.92115020751953,"Unknown"
"9004157",371992,2025-05-24 08:08:05,42.3988571166992,-8.92114639282227,"Unknown"
"9004157",371992,2025-05-24 08:13:00,42.3987808227539,-8.92098045349121,"Unknown"
"9004157",371992,2025-05-24 08:18:53,42.3989677429199,-8.92128276824951,"Unknown"
"9004157",371992,2025-05-24 08:23:00,42.3988876342773,-8.92110729217529,"Unknown"
"9004157",371992,2025-05-24 08:28:03,42.3990020751953,-8.92137145996094,"Unknown"
"9004157",371992,2025-05-24 08:33:02,42.3989295959473,-8.92110252380371,"Unknown"
"9004157",371992,2025-05-24 08:38:10,42.398868560791,-8.92114543914795,"Unknown"
"9004157",371992,2025-05-24 08:43:02,42.3989067077637,-8.92122173309326,"Unknown"
"9004157",371992,2025-05-24 08:48:01,42.399112701416,-8.92133808135986,"Unknown"
"9004157",371992,2025-05-24 08:53:00,42.3991737365723,-8.9215202331543,"Unknown"
"9004157",371992,2025-05-24 08:58:03,42.3991279602051,-8.92131519317627,"Unknown"
"9004157",371992,2025-05-24 09:03:03,42.3990859985352,-8.92126369476318,"Unknown"
"9004157",371992,2025-05-24 09:08:00,42.3990707397461,-8.92131996154785,"Unknown"
"9004157",371992,2025-05-24 09:13:05,42.3992576599121,-8.92185878753662,"Unknown"
"9004157",371992,2025-05-24 09:18:06,42.399097442627,-8.92078876495361,"Unknown"
"9004157",371992,2025-05-24 09:23:08,42.3991355895996,-8.92072677612305,"Unknown"
"9004157",371992,2025-05-24 09:28:08,42.398853302002,-8.92123031616211,"Unknown"
"9004157",371992,2025-05-24 09:33:09,42.3989334106445,-8.92110633850098,"Unknown"
"9004157",371992,2025-05-24 09:38:15,42.3990745544434,-8.92032718658447,"Unknown"
"9004157",371992,2025-05-24 09:43:09,42.399715423584,-8.92079448699951,"Unknown"
"9004157",371992,2025-05-24 09:48:00,42.4333343505859,-8.92252445220947,"Unknown"
"9004157",371992,2025-05-24 09:53:01,42.4651947021484,-8.94345664978027,"Unknown"
"9004157",371992,2025-05-24 09:58:00,42.4893455505371,-8.91888236999512,"Unknown"
"9004157",371992,2025-05-24 10:03:07,42.4967422485352,-8.90340995788574,"Unknown"
"9004157",371992,2025-05-24 10:08:47,42.4982566833496,-8.90307235717773,"Unknown"
"9004157",371992,2025-05-24 10:13:48,42.4989395141602,-8.89985847473145,"Unknown"
"9004157",371992,2025-05-24 10:18:45,42.4990768432617,-8.89954853057861,"Unknown"
"9004157",371992,2025-05-24 10:23:45,42.498966217041,-8.90011119842529,"Unknown"
"9004157",371992,2025-05-24 10:28:46,42.500415802002,-8.89543628692627,"Unknown"
"9004157",371992,2025-05-24 10:33:54,42.5058670043945,-8.87288951873779,"Unknown"
"9004157",371992,2025-05-24 10:39:16,42.506950378418,-8.87066841125488,"Unknown"
"9004157",371992,2025-05-24 10:45:03,42.5071563720703,-8.86995410919189,"Unknown"
"9004157",371992,2025-05-24 10:50:07,42.5063285827637,-8.87123584747314,"Unknown"
"9004157",371992,2025-05-24 10:55:11,42.5060844421387,-8.87111568450928,"Unknown"
"9004157",371992,2025-05-24 11:00:12,42.5066947937012,-8.87069034576416,"Unknown"
"9004157",371992,2025-05-24 11:05:12,42.5068664550781,-8.870192527771,"Unknown"
"9004157",371992,2025-05-24 11:10:10,42.5069694519043,-8.87137985229492,"Unknown"
"9004157",371992,2025-05-24 11:15:39,42.5063400268555,-8.87279510498047,"Unknown"
"9004157",371992,2025-05-24 11:21:42,42.5054779052734,-8.87317562103271,"Unknown"
"9004157",371992,2025-05-24 11:26:40,42.5060844421387,-8.87331295013428,"Unknown"
"9004157",371992,2025-05-24 11:31:44,42.5073089599609,-8.87286853790283,"Unknown"
"9004157",371992,2025-05-24 11:36:33,42.5065994262695,-8.873459815979,"Unknown"
"9004157",371992,2025-05-24 11:41:33,42.5063438415527,-8.87286186218262,"Unknown"
"9004157",371992,2025-05-24 11:46:36,42.5053749084473,-8.87277221679688,"Unknown"
"9004157",371992,2025-05-24 11:51:34,42.5048675537109,-8.8725414276123,"Unknown"
"9004157",371992,2025-05-24 11:56:50,42.5053787231445,-8.87190723419189,"Unknown"
"9004157",371992,2025-05-24 12:01:49,42.5049095153809,-8.87348747253418,"Unknown"
"9004157",371992,2025-05-24 12:07:17,42.5063552856445,-8.87369918823242,"Unknown"
"9004157",371992,2025-05-24 12:12:17,42.5068130493164,-8.87452983856201,"Unknown"
"9004157",371992,2025-05-24 12:17:21,42.5071144104004,-8.87426853179932,"Unknown"
"9004157",371992,2025-05-24 12:23:17,42.5067863464355,-8.87476921081543,"Unknown"
"9004157",371992,2025-05-24 12:28:37,42.506217956543,-8.8752498626709,"Unknown"
"9004157",371992,2025-05-24 12:33:25,42.5051345825195,-8.87906837463379,"Unknown"
"9004157",371992,2025-05-24 12:38:20,42.5051002502441,-8.87919425964355,"Unknown"
"9004157",371992,2025-05-24 12:43:26,42.5051078796387,-8.87911510467529,"Unknown"
"9004157",371992,2025-05-24 12:48:19,42.505054473877,-8.87932300567627,"Unknown"
"9004157",371992,2025-05-24 12:53:17,42.5049896240234,-8.87976360321045,"Unknown"
"9004157",371992,2025-05-24 12:58:20,42.504997253418,-8.87941455841064,"Unknown"
"9004157",371992,2025-05-24 13:03:16,42.5049934387207,-8.87993621826172,"Unknown"
"9004157",371992,2025-05-24 13:08:19,42.505012512207,-8.87987804412842,"Unknown"
"9004157",371992,2025-05-24 13:13:17,42.5050315856934,-8.87996292114258,"Unknown"
"9004157",371992,2025-05-24 13:18:24,42.5050735473633,-8.87971973419189,"Unknown"
"9004157",371992,2025-05-24 13:23:16,42.5051116943359,-8.87989139556885,"Unknown"
"9004157",371992,2025-05-24 13:28:16,42.5050468444824,-8.88004970550537,"Unknown"
"9004157",371992,2025-05-24 13:33:18,42.5051002502441,-8.88002586364746,"Unknown"
"9004157",371992,2025-05-24 13:38:17,42.5050506591797,-8.88007926940918,"Unknown"
"9004157",371992,2025-05-24 13:43:20,42.5049896240234,-8.87984848022461,"Unknown"
"9004157",371992,2025-05-24 13:48:19,42.505126953125,-8.88015460968018,"Unknown"
"9004157",371992,2025-05-24 13:53:17,42.505126953125,-8.88095283508301,"Unknown"
"9004157",371992,2025-05-24 13:58:23,42.5050811767578,-8.88006782531738,"Unknown"
"9004157",371992,2025-05-24 14:04:07,42.5121879577637,-8.87554168701172,"Unknown"
"9004157",371992,2025-05-24 14:09:13,42.5126991271973,-8.87676811218262,"Unknown"
"9004157",371992,2025-05-24 14:14:29,42.5132865905762,-8.87470626831055,"Unknown"
"9004157",371992,2025-05-24 14:20:16,42.5132484436035,-8.87268257141113,"Unknown"
"9004157",371992,2025-05-24 14:25:12,42.512393951416,-8.87143516540527,"Unknown"
"9004157",371992,2025-05-24 14:30:33,42.5075912475586,-8.8712272644043,"Unknown"
"9004157",371992,2025-05-24 14:36:09,42.5061416625977,-8.87333202362061,"Unknown"
"9004157",371992,2025-05-24 14:41:01,42.5069580078125,-8.87502193450928,"Unknown"
"9004157",371992,2025-05-24 14:46:14,42.5070724487305,-8.87542152404785,"Unknown"
"9004157",371992,2025-05-24 14:54:58,42.5076675415039,-8.87649726867676,"Unknown"
"9004157",371992,2025-05-24 15:00:25,42.5069236755371,-8.87535762786865,"Unknown"
"9004157",371992,2025-05-24 15:05:17,42.5062522888184,-8.87414646148682,"Unknown"
"9004157",371992,2025-05-24 15:10:17,42.5068054199219,-8.87287330627441,"Unknown"
"9004157",371992,2025-05-24 15:15:22,42.5069351196289,-8.87190723419189,"Unknown"
"9004157",371992,2025-05-24 15:21:09,42.5077819824219,-8.87051010131836,"Unknown"
"9004157",371992,2025-05-24 15:27:01,42.5079345703125,-8.87246894836426,"Unknown"
"9004157",371992,2025-05-24 15:31:59,42.507511138916,-8.87195777893066,"Unknown"
"9004157",371992,2025-05-24 15:36:58,42.5082931518555,-8.87063503265381,"Unknown"
"9004157",371992,2025-05-24 15:42:29,42.5094909667969,-8.87146854400635,"Unknown"
"9004157",371992,2025-05-24 15:47:36,42.5089721679688,-8.87069416046143,"Unknown"
"9004157",371992,2025-05-24 15:52:34,42.5080070495605,-8.87000560760498,"Unknown"
"9004157",371992,2025-05-24 15:57:34,42.5069847106934,-8.87224006652832,"Unknown"
"9004157",371992,2025-05-24 16:02:46,42.505931854248,-8.87331676483154,"Unknown"
"9004157",371992,2025-05-24 16:08:04,42.5063552856445,-8.87185287475586,"Unknown"
"9004157",371992,2025-05-24 16:13:04,42.5069847106934,-8.87219333648682,"Unknown"
"9004157",371992,2025-05-24 16:18:04,42.5070686340332,-8.87512493133545,"Unknown"
"9004157",371992,2025-05-24 16:23:26,42.5066757202148,-8.87835884094238,"Unknown"
"9004157",371992,2025-05-24 16:28:38,42.5061988830566,-8.88041973114014,"Unknown"
"9004157",371992,2025-05-24 16:43:59,42.5081748962402,-8.8833703994751,"Unknown"
"9004157",371992,2025-05-24 16:48:59,42.5078468322754,-8.8860969543457,"Unknown"
"9004157",371992,2025-05-24 16:53:59,42.5066223144531,-8.88896369934082,"Unknown"
"9004157",371992,2025-05-24 16:59:04,42.5071563720703,-8.88940811157227,"Unknown"
"9004157",371992,2025-05-24 17:03:58,42.507152557373,-8.88941478729248,"Unknown"
"9004157",371992,2025-05-24 17:08:59,42.5070724487305,-8.88997650146484,"Unknown"
"9004157",371992,2025-05-24 17:14:00,42.5072288513184,-8.88945007324219,"Unknown"
"9004157",371992,2025-05-24 17:19:14,42.5071601867676,-8.88941287994385,"Unknown"
"9004157",371992,2025-05-24 17:24:13,42.5072288513184,-8.88943290710449,"Unknown"
"9004157",371992,2025-05-24 17:29:13,42.5071716308594,-8.8895845413208,"Unknown"
"9004157",371992,2025-05-24 17:34:25,42.5071678161621,-8.8893985748291,"Unknown"
"9004157",371992,2025-05-24 17:39:13,42.5069541931152,-8.88922500610352,"Unknown"
"9004157",371992,2025-05-24 17:44:25,42.5071144104004,-8.88935565948486,"Unknown"
"9004157",371992,2025-05-24 17:49:16,42.5070304870605,-8.88927745819092,"Unknown"
"9004157",371992,2025-05-24 17:54:17,42.5075149536133,-8.889723777771,"Unknown"
"9004157",371992,2025-05-24 17:59:17,42.4884986877441,-8.91185283660889,"Unknown"
"9004157",371992,2025-05-24 18:04:17,42.475944519043,-8.94056606292725,"Unknown"
"9004157",371992,2025-05-24 18:09:17,42.475944519043,-8.94051742553711,"Unknown"
"9004157",371992,2025-05-24 18:14:35,42.4757385253906,-8.94030094146729,"Unknown"
"9004157",371992,2025-05-24 18:19:12,42.4673957824707,-8.94482231140137,"Unknown"
"9004157",371992,2025-05-24 18:24:12,42.4674072265625,-8.94479846954346,"Unknown"
"9004157",371992,2025-05-24 18:29:12,42.4674415588379,-8.94481372833252,"Unknown"
"9004157",371992,2025-05-24 18:34:12,42.4314956665039,-8.93666553497314,"Unknown"
"9004157",371992,2025-05-24 18:44:16,42.3987808227539,-8.92112064361572,"Unknown"
"9004157",371992,2025-05-24 18:49:16,42.3989143371582,-8.92103290557861,"Unknown"
"9004157",371992,2025-05-24 18:54:15,42.3990097045898,-8.9213342666626,"Unknown"
"9004157",371992,2025-05-24 18:59:18,42.3985710144043,-8.92103862762451,"Unknown"
"9004157",371992,2025-05-24 19:04:25,42.3989448547363,-8.92129421234131,"Unknown"
"9004157",371992,2025-05-24 19:09:16,42.3989295959473,-8.92122268676758,"Unknown"
"9004157",371992,2025-05-24 19:14:16,42.3988838195801,-8.92111873626709,"Unknown"
"9004157",371992,2025-05-24 19:19:38,42.398853302002,-8.92105388641357,"Unknown"
"9004157",371992,2025-05-24 19:24:18,42.3987846374512,-8.92095470428467,"Unknown"
"9004157",371992,2025-05-24 19:29:16,42.398853302002,-8.92106819152832,"Unknown"
"9004157",371992,2025-05-24 19:34:17,42.3988952636719,-8.92117404937744,"Unknown"
"9004157",371992,2025-05-24 19:39:26,42.3989181518555,-8.92116069793701,"Unknown"
"9004157",371992,2025-05-24 19:44:44,42.3988761901855,-8.92114353179932,"Unknown"
"9004157",371992,2025-05-24 19:49:13,42.3988647460938,-8.92105579376221,"Unknown"
"9004157",371992,2025-05-24 19:54:16,42.3987579345703,-8.92090702056885,"Unknown"
"9004157",371992,2025-05-24 19:59:18,42.3989105224609,-8.92128467559814,"Unknown"
"9004157",371992,2025-05-24 20:04:15,42.3990592956543,-8.92162704467773,"Unknown"
"9004157",371992,2025-05-24 20:09:17,42.3990097045898,-8.92160034179688,"Unknown"
"9004157",371992,2025-05-24 20:14:18,42.3989944458008,-8.92148590087891,"Unknown"
"9004157",371992,2025-05-24 20:19:15,42.3990135192871,-8.92154026031494,"Unknown"
"9004157",371992,2025-05-24 20:24:13,42.3988723754883,-8.92130374908447,"Unknown"
"9004157",371992,2025-05-24 20:29:16,42.3989677429199,-8.92158031463623,"Unknown"
"9004157",371992,2025-05-24 20:34:18,42.398983001709,-8.9212646484375,"Unknown"
"9004157",371992,2025-05-24 20:39:17,42.3988418579102,-8.92131805419922,"Unknown"
"9004157",371992,2025-05-24 20:44:17,42.3990707397461,-8.92109203338623,"Unknown"
"9004157",371992,2025-05-24 20:49:17,42.3990173339844,-8.92100238800049,"Unknown"
"9004157",371992,2025-05-24 20:54:17,42.3990478515625,-8.92111206054688,"Unknown"
"9004157",371992,2025-05-24 20:59:19,42.3990135192871,-8.92108154296875,"Unknown"
"9004157",371992,2025-05-24 21:04:16,42.3990745544434,-8.92099094390869,"Unknown"
"9004157",371992,2025-05-24 21:09:41,42.3989067077637,-8.92127895355225,"Unknown"
"9004157",371992,2025-05-24 21:14:56,42.3988761901855,-8.92133235931396,"Unknown"
"9004157",371992,2025-05-24 21:19:30,42.3988494873047,-8.92124366760254,"Unknown"
"9004157",371992,2025-05-24 21:24:14,42.3988571166992,-8.92118644714355,"Unknown"
"9004157",371992,2025-05-24 21:29:16,42.3990936279297,-8.92123317718506,"Unknown"
"9004157",371992,2025-05-24 21:34:15,42.3984260559082,-8.92100238800049,"Unknown"
"9004157",371992,2025-05-24 21:39:15,42.3990020751953,-8.92122936248779,"Unknown"
"9004157",371992,2025-05-24 21:44:13,42.3987922668457,-8.92107200622559,"Unknown"
"9004157",371992,2025-05-24 21:49:29,42.3988494873047,-8.92100811004639,"Unknown"
"9004157",371992,2025-05-24 21:54:28,42.3988227844238,-8.92093849182129,"Unknown"
"9004157",371992,2025-05-24 21:59:28,42.3988418579102,-8.92106437683105,"Unknown"
"9004157",371992,2025-05-24 22:04:15,42.3988609313965,-8.9210729598999,"Unknown"
"9004157",371992,2025-05-24 22:09:24,42.3988380432129,-8.92092418670654,"Unknown"
"9004157",371992,2025-05-24 22:14:15,42.3983345031738,-8.92074775695801,"Unknown"
"9004157",371992,2025-05-24 22:19:19,42.3988494873047,-8.92137145996094,"Unknown"
"9004157",371992,2025-05-24 22:24:44,42.3988800048828,-8.92113018035889,"Unknown"
"9004157",371992,2025-05-24 22:29:13,42.3988265991211,-8.92167282104492,"Unknown"
"9004157",371992,2025-05-24 22:34:14,42.3988800048828,-8.92106342315674,"Unknown"
"9004157",371992,2025-05-24 22:40:36,42.3988723754883,-8.92129039764404,"Unknown"
"9004157",371992,2025-05-24 22:44:16,42.3987617492676,-8.9212646484375,"Unknown"
"9004157",371992,2025-05-24 22:49:22,42.3989944458008,-8.92167472839355,"Unknown"
"9004157",371992,2025-05-24 22:55:36,42.3988647460938,-8.92075634002686,"Unknown"
"9004157",371992,2025-05-24 23:00:36,42.3988914489746,-8.92094421386719,"Unknown"
"9004157",371992,2025-05-24 23:04:51,42.3989105224609,-8.92097282409668,"Unknown"
"9004157",371992,2025-05-24 23:09:35,42.3987045288086,-8.9207649230957,"Unknown"
"9004157",371992,2025-05-24 23:14:15,42.3989067077637,-8.92090129852295,"Unknown"
"9004157",371992,2025-05-24 23:19:14,42.3988151550293,-8.92092800140381,"Unknown"
"9004157",371992,2025-05-24 23:24:18,42.3988571166992,-8.92103481292725,"Unknown"
"9004157",371992,2025-05-24 23:29:18,42.3989601135254,-8.92124462127686,"Unknown"
"9004157",371992,2025-05-24 23:34:18,42.3988609313965,-8.92107009887695,"Unknown"
"9004157",371992,2025-05-24 23:39:15,42.3989868164062,-8.92136096954346,"Unknown"
"9004157",371992,2025-05-24 23:44:16,42.3989486694336,-8.92123222351074,"Unknown"
"9004157",371992,2025-05-24 23:49:17,42.398853302002,-8.9213342666626,"Unknown"
"9004157",371992,2025-05-24 23:54:16,42.3988227844238,-8.92108345031738,"Unknown"
"9004157",371992,2025-05-24 23:59:18,42.3988380432129,-8.9210844039917,"Unknown"
"9004157",371992,2025-05-25 00:04:34,42.3988800048828,-8.92133808135986,"Unknown"
"9004157",371992,2025-05-25 00:09:15,42.398853302002,-8.9208812713623,"Unknown"
"9004157",371992,2025-05-25 00:14:21,42.3988647460938,-8.92115688323975,"Unknown"
"9004157",371992,2025-05-25 00:19:15,42.3988609313965,-8.92041301727295,"Unknown"
"9004157",371992,2025-05-25 00:24:17,42.3990249633789,-8.91908264160156,"Unknown"
"9004157",371992,2025-05-25 00:29:16,42.3989372253418,-8.92022895812988,"Unknown"
"9004157",371992,2025-05-25 00:34:24,42.3989067077637,-8.92084217071533,"Unknown"
"9004157",371992,2025-05-25 00:39:15,42.3989372253418,-8.92014980316162,"Unknown"
"9004157",371992,2025-05-25 00:44:16,42.3989906311035,-8.91925144195557,"Unknown"
"9004157",371992,2025-05-25 00:49:17,42.3989181518555,-8.92048358917236,"Unknown"
"9004157",371992,2025-05-25 00:54:17,42.3989181518555,-8.92040252685547,"Unknown"
"9004157",371992,2025-05-25 00:59:23,42.3988494873047,-8.92111206054688,"Unknown"
"9004157",371992,2025-05-25 01:04:58,42.3988571166992,-8.92121887207031,"Unknown"
"9004157",371992,2025-05-25 01:09:26,42.3988342285156,-8.92138862609863,"Unknown"
"9004157",371992,2025-05-25 01:14:16,42.3988571166992,-8.9215202331543,"Unknown"
"9004157",371992,2025-05-25 01:19:30,42.398868560791,-8.92123222351074,"Unknown"
"9004157",371992,2025-05-25 01:24:37,42.3988456726074,-8.92072582244873,"Unknown"
"9004157",371992,2025-05-25 01:29:18,42.3988227844238,-8.92158031463623,"Unknown"
"9004157",371992,2025-05-25 01:34:22,42.3989181518555,-8.92111015319824,"Unknown"
"9004157",371992,2025-05-25 01:40:36,42.3989028930664,-8.92108345031738,"Unknown"
"9004157",371992,2025-05-25 01:45:09,42.3989028930664,-8.92079067230225,"Unknown"
"9004157",371992,2025-05-25 01:50:36,42.3988647460938,-8.92106819152832,"Unknown"
"9004157",371992,2025-05-25 01:54:36,42.398853302002,-8.92108917236328,"Unknown"
"9004157",371992,2025-05-25 01:59:15,42.3988761901855,-8.92111110687256,"Unknown"
"9004157",371992,2025-05-25 02:04:23,42.398853302002,-8.92102718353271,"Unknown"
"9004157",371992,2025-05-25 02:10:15,42.3988571166992,-8.92105484008789,"Unknown"
"9004157",371992,2025-05-25 02:15:36,42.3988227844238,-8.92093086242676,"Unknown"
"9004157",371992,2025-05-25 02:20:36,42.3988800048828,-8.9212007522583,"Unknown"
"9004157",371992,2025-05-25 02:25:36,42.3988647460938,-8.92104721069336,"Unknown"
"9004157",371992,2025-05-25 02:30:36,42.3988723754883,-8.92122554779053,"Unknown"
"9004157",371992,2025-05-25 02:35:36,42.3988723754883,-8.92131805419922,"Unknown"
"9004157",371992,2025-05-25 02:40:36,42.398868560791,-8.9211597442627,"Unknown"
"9004157",371992,2025-05-25 02:45:36,42.3988800048828,-8.92127990722656,"Unknown"
"9004157",371992,2025-05-25 02:49:17,42.3988647460938,-8.92107105255127,"Unknown"
"9004157",371992,2025-05-25 02:54:19,42.3988952636719,-8.92132472991943,"Unknown"
"9004157",371992,2025-05-25 02:59:24,42.3988494873047,-8.92133808135986,"Unknown"
"9004157",371992,2025-05-25 03:04:24,42.3988494873047,-8.92136001586914,"Unknown"
"9004157",371992,2025-05-25 03:10:36,42.3988380432129,-8.92138385772705,"Unknown"
"9004157",371992,2025-05-25 03:15:36,42.3988265991211,-8.92132091522217,"Unknown"
"9004157",371992,2025-05-25 03:20:36,42.3988418579102,-8.9215202331543,"Unknown"
"9004157",371992,2025-05-25 03:24:24,42.3989181518555,-8.92185497283936,"Unknown"
"9004157",371992,2025-05-25 03:29:25,42.3988494873047,-8.92144107818604,"Unknown"
"9004157",371992,2025-05-25 03:34:24,42.3988494873047,-8.92140579223633,"Unknown"
"9004157",371992,2025-05-25 03:40:36,42.3989906311035,-8.92080593109131,"Unknown"
"9004157",371992,2025-05-25 03:45:36,42.3988876342773,-8.92122173309326,"Unknown"
"9004157",371992,2025-05-25 03:49:43,42.3989372253418,-8.92126083374023,"Unknown"
"9004157",371992,2025-05-25 03:54:18,42.3989334106445,-8.92107009887695,"Unknown"
"9004157",371992,2025-05-25 03:59:26,42.39892578125,-8.9210205078125,"Unknown"
"9004157",371992,2025-05-25 04:05:36,42.3988571166992,-8.92087364196777,"Unknown"
"9004157",371992,2025-05-25 04:10:36,42.3988609313965,-8.92072677612305,"Unknown"
"9004157",371992,2025-05-25 04:15:36,42.3988723754883,-8.92113494873047,"Unknown"
"9004157",371992,2025-05-25 04:19:24,42.3989906311035,-8.92109107971191,"Unknown"
"9004157",371992,2025-05-25 04:24:30,42.3990364074707,-8.92092037200928,"Unknown"
"9004157",371992,2025-05-25 04:30:36,42.3989295959473,-8.92074584960938,"Unknown"
"9004157",371992,2025-05-25 04:35:36,42.3988838195801,-8.92134571075439,"Unknown"
"9004157",371992,2025-05-25 04:49:28,42.398998260498,-8.92150783538818,"Unknown"
"9004157",371992,2025-05-25 04:54:41,42.399040222168,-8.92183589935303,"Unknown"
"9004157",371992,2025-05-25 04:59:15,42.3988990783691,-8.92175197601318,"Unknown"
"9004157",371992,2025-05-25 05:04:24,42.3988990783691,-8.92104339599609,"Unknown"
"9004157",371992,2025-05-25 05:09:14,42.3988037109375,-8.92097473144531,"Unknown"
"9004157",371992,2025-05-25 05:14:24,42.3989486694336,-8.92139625549316,"Unknown"
"9004157",371992,2025-05-25 05:19:16,42.3990478515625,-8.92131614685059,"Unknown"
"9004157",371992,2025-05-25 05:24:24,42.3988990783691,-8.92130184173584,"Unknown"
"9004157",371992,2025-05-25 05:29:38,42.3988609313965,-8.92105579376221,"Unknown"
"9004157",371992,2025-05-25 05:40:29,42.3988304138184,-8.92124462127686,"Unknown"
"9004157",371992,2025-05-25 05:44:40,42.3988380432129,-8.92090320587158,"Unknown"
"9004157",371992,2025-05-25 05:49:24,42.3989181518555,-8.9210729598999,"Unknown"
"9004157",371992,2025-05-25 06:14:37,42.3987922668457,-8.92135906219482,"Unknown"
"9004157",371992,2025-05-25 06:25:19,42.3990936279297,-8.92092132568359,"Unknown"
"9004157",371992,2025-05-25 06:29:24,42.3988647460938,-8.92136287689209,"Unknown"
"9004157",371992,2025-05-25 07:24:35,42.3989677429199,-8.92142963409424,"Unknown"
"9004157",371992,2025-05-25 07:29:12,42.3989334106445,-8.92131042480469,"Unknown"
"9004157",371992,2025-05-25 07:34:12,42.398853302002,-8.92106533050537,"Unknown"
"9004157",371992,2025-05-25 07:39:14,42.3989219665527,-8.92127132415771,"Unknown"
"9004157",371992,2025-05-25 07:44:14,42.3988304138184,-8.92102527618408,"Unknown"
"9004157",371992,2025-05-25 07:49:16,42.3987159729004,-8.92078876495361,"Unknown"
"9004157",371992,2025-05-25 07:54:16,42.3987655639648,-8.92092800140381,"Unknown"
"9004157",371992,2025-05-25 07:59:22,42.3988571166992,-8.92104721069336,"Unknown"
"9004157",371992,2025-05-25 08:04:15,42.3989334106445,-8.92128276824951,"Unknown"
"9004157",371992,2025-05-25 08:09:14,42.3988037109375,-8.92107105255127,"Unknown"
"9004157",371992,2025-05-25 08:14:14,42.3987464904785,-8.92097854614258,"Unknown"
"9004157",371992,2025-05-25 08:19:17,42.3988990783691,-8.92123985290527,"Unknown"
"9004157",371992,2025-05-25 08:24:44,42.3989906311035,-8.9210901260376,"Unknown"
"9004157",371992,2025-05-25 08:29:14,42.3990135192871,-8.92145252227783,"Unknown"
"9004157",371992,2025-05-25 08:34:22,42.3990249633789,-8.92155265808105,"Unknown"
"9004157",371992,2025-05-25 08:39:15,42.3989372253418,-8.92152500152588,"Unknown"
"9004157",371992,2025-05-25 08:44:15,42.3988761901855,-8.92033958435059,"Unknown"
"9004157",371992,2025-05-25 08:49:23,42.3990859985352,-8.92104434967041,"Unknown"
"9004157",371992,2025-05-25 08:54:24,42.3989562988281,-8.92101764678955,"Unknown"
"9004157",371992,2025-05-25 08:59:26,42.3989639282227,-8.92116069793701,"Unknown"
"9004157",371992,2025-05-25 09:04:22,42.3989601135254,-8.92106437683105,"Unknown"
"9004157",371992,2025-05-25 09:09:24,42.3990325927734,-8.92091655731201,"Unknown"
"9004157",371992,2025-05-25 09:14:27,42.3989486694336,-8.9210319519043,"Unknown"
"9004157",371992,2025-05-25 09:19:24,42.3989067077637,-8.92102718353271,"Unknown"
"9004157",371992,2025-05-25 09:24:24,42.3989486694336,-8.92107009887695,"Unknown"
"9004157",371992,2025-05-25 09:29:17,42.3987998962402,-8.92028999328613,"Unknown"
"9004157",371992,2025-05-25 09:34:24,42.3989067077637,-8.92108058929443,"Unknown"
"9004157",371992,2025-05-25 09:39:34,42.3989143371582,-8.9210729598999,"Unknown"
"9004157",371992,2025-05-25 09:44:18,42.3989372253418,-8.92124176025391,"Unknown"
"9004157",371992,2025-05-25 09:49:15,42.3988647460938,-8.92095756530762,"Unknown"
"9004157",371992,2025-05-25 09:54:16,42.3989410400391,-8.92129421234131,"Unknown"
"9004157",371992,2025-05-25 09:59:12,42.4184303283691,-8.92218780517578,"Unknown"
"9004157",371992,2025-05-25 10:04:12,42.4543685913086,-8.93528938293457,"Unknown"
"9004157",371992,2025-05-25 10:09:12,42.4826622009277,-8.92934036254883,"Unknown"
"9004157",371992,2025-05-25 10:14:12,42.5034294128418,-8.87815761566162,"Unknown"
"9004157",371992,2025-05-25 10:19:13,42.5065574645996,-8.87163543701172,"Unknown"
"9004157",371992,2025-05-25 10:24:57,42.5082817077637,-8.8696985244751,"Unknown"
"9004157",371992,2025-05-25 10:30:08,42.5075607299805,-8.8706579208374,"Unknown"
"9004157",371992,2025-05-25 10:35:07,42.5060157775879,-8.87149143218994,"Unknown"
"9004157",371992,2025-05-25 10:40:07,42.5060844421387,-8.87282943725586,"Unknown"
"9004157",371992,2025-05-25 10:45:10,42.5066413879395,-8.87209701538086,"Unknown"
"9004157",371992,2025-05-25 10:50:42,42.5066680908203,-8.87310028076172,"Unknown"
"9004157",371992,2025-05-25 10:56:11,42.5074157714844,-8.87500858306885,"Unknown"
"9004157",371992,2025-05-25 11:02:22,42.5066375732422,-8.87644863128662,"Unknown"
"9004157",371992,2025-05-25 11:07:24,42.5069770812988,-8.8737154006958,"Unknown"
"9004157",371992,2025-05-25 11:12:44,42.5049171447754,-8.87944889068604,"Unknown"
"9004157",371992,2025-05-25 11:17:19,42.5047149658203,-8.87948226928711,"Unknown"
"9004157",371992,2025-05-25 11:22:18,42.5049514770508,-8.87937355041504,"Unknown"
"9004157",371992,2025-05-25 11:27:31,42.5050582885742,-8.87976551055908,"Unknown"
"9004157",371992,2025-05-25 11:32:18,42.5049209594727,-8.87960720062256,"Unknown"
"9004157",371992,2025-05-25 11:37:19,42.504940032959,-8.8801212310791,"Unknown"
"9004157",371992,2025-05-25 11:42:21,42.5050086975098,-8.87944221496582,"Unknown"
"9004157",371992,2025-05-25 11:47:18,42.5050315856934,-8.87949657440186,"Unknown"
"9004157",371992,2025-05-25 11:52:18,42.5049819946289,-8.87932968139648,"Unknown"
"9004157",371992,2025-05-25 11:57:18,42.5050086975098,-8.87968158721924,"Unknown"
"9004157",371992,2025-05-25 12:02:19,42.5049934387207,-8.87960815429688,"Unknown"
"9004157",371992,2025-05-25 12:07:43,42.5055847167969,-8.87859344482422,"Unknown"
"9004157",371992,2025-05-25 12:14:03,42.5069046020508,-8.87573528289795,"Unknown"
"9004157",371992,2025-05-25 12:20:30,42.5063819885254,-8.8731746673584,"Unknown"
"9004157",371992,2025-05-25 12:25:42,42.5063972473145,-8.8733081817627,"Unknown"
"9004157",371992,2025-05-25 12:32:36,42.5056915283203,-8.87318134307861,"Unknown"
"9004157",371992,2025-05-25 12:43:29,42.5078315734863,-8.87238597869873,"Unknown"
"9004157",371992,2025-05-25 12:48:37,42.5085601806641,-8.87242317199707,"Unknown"
"9004157",371992,2025-05-25 12:54:20,42.5100975036621,-8.87119770050049,"Unknown"
"9004157",371992,2025-05-25 12:58:51,42.5093383789062,-8.87002468109131,"Unknown"
"9004157",371992,2025-05-25 13:04:05,42.5093193054199,-8.87080192565918,"Unknown"
"9004157",371992,2025-05-25 13:09:22,42.5100708007812,-8.87086296081543,"Unknown"
"9004157",371992,2025-05-25 13:14:54,42.5096015930176,-8.87230205535889,"Unknown"
"9004157",371992,2025-05-25 13:19:39,42.5097465515137,-8.87348747253418,"Unknown"
"9004157",371992,2025-05-25 13:24:55,42.5099220275879,-8.87269878387451,"Unknown"
"9004157",371992,2025-05-25 13:30:58,42.5097999572754,-8.87434959411621,"Unknown"
"9004157",371992,2025-05-25 13:37:20,42.5102729797363,-8.87510108947754,"Unknown"
"9004157",371992,2025-05-25 13:42:26,42.5104370117188,-8.87596225738525,"Unknown"
"9004157",371992,2025-05-25 13:48:13,42.5082931518555,-8.87627792358398,"Unknown"
"9004157",371992,2025-05-25 13:53:00,42.5073623657227,-8.87523555755615,"Unknown"
"9004157",371992,2025-05-25 14:01:46,42.5064010620117,-8.87369346618652,"Unknown"
"9004157",371992,2025-05-25 14:07:30,42.5060882568359,-8.87574195861816,"Unknown"
"9004157",371992,2025-05-25 14:12:30,42.5056190490723,-8.87730884552002,"Unknown"
"9004157",371992,2025-05-25 14:17:34,42.5049476623535,-8.88007640838623,"Unknown"
"9004157",371992,2025-05-25 14:22:27,42.5049476623535,-8.88018226623535,"Unknown"
"9004157",371992,2025-05-25 14:27:35,42.5049362182617,-8.88013935089111,"Unknown"
"9004157",371992,2025-05-25 14:32:27,42.5049705505371,-8.88016510009766,"Unknown"
"9004157",371992,2025-05-25 14:37:28,42.5051193237305,-8.88020992279053,"Unknown"
"9004157",371992,2025-05-25 14:42:37,42.5050621032715,-8.88011360168457,"Unknown"
"9004157",371992,2025-05-25 14:47:27,42.5052947998047,-8.88018321990967,"Unknown"
"9004157",371992,2025-05-25 14:52:42,42.5050849914551,-8.88010025024414,"Unknown"
"9004157",371992,2025-05-25 14:57:37,42.5051803588867,-8.880126953125,"Unknown"
"9004157",371992,2025-05-25 15:02:26,42.5051460266113,-8.88017082214355,"Unknown"
"9004157",371992,2025-05-25 15:07:28,42.5051536560059,-8.88028144836426,"Unknown"
"9004157",371992,2025-05-25 15:12:27,42.5052261352539,-8.88019847869873,"Unknown"
"9004157",371992,2025-05-25 15:17:37,42.5054016113281,-8.87991523742676,"Unknown"
"9004157",371992,2025-05-25 15:22:37,42.5057106018066,-8.87995529174805,"Unknown"
"9004157",371992,2025-05-25 15:27:29,42.5053405761719,-8.88015460968018,"Unknown"
"9004157",371992,2025-05-25 15:32:29,42.5053443908691,-8.88075923919678,"Unknown"
"9004157",371992,2025-05-25 15:37:39,42.505558013916,-8.88088607788086,"Unknown"
"9004157",371992,2025-05-25 15:42:38,42.5063247680664,-8.8800106048584,"Unknown"
"9004157",371992,2025-05-25 15:53:47,42.5639381408691,-8.89175319671631,"Unknown"
"9004157",371992,2025-05-25 16:00:32,42.5146408081055,-8.84328842163086,"Unknown"
"9004157",371992,2025-05-25 16:08:39,42.5069465637207,-8.87253475189209,"Unknown"
"9004157",371992,2025-05-25 16:13:39,42.507682800293,-8.8723201751709,"Unknown"
"9004157",371992,2025-05-25 16:19:25,42.5079040527344,-8.87165451049805,"Unknown"
"9004157",371992,2025-05-25 16:24:41,42.5075645446777,-8.87290954589844,"Unknown"
"9004157",371992,2025-05-25 16:29:40,42.508113861084,-8.87136173248291,"Unknown"
"9004157",371992,2025-05-25 16:35:30,42.5072212219238,-8.87045288085938,"Unknown"
"9004157",371992,2025-05-25 16:41:09,42.5060501098633,-8.87380886077881,"Unknown"
"9004157",371992,2025-05-25 16:46:08,42.5053100585938,-8.87603759765625,"Unknown"
"9004157",371992,2025-05-25 16:51:07,42.5050430297852,-8.87547302246094,"Unknown"
"9004157",371992,2025-05-25 16:56:29,42.5050354003906,-8.87447547912598,"Unknown"
"9004157",371992,2025-05-25 17:01:39,42.5107727050781,-8.85193824768066,"Unknown"
"9004157",371992,2025-05-25 17:07:26,42.5039672851562,-8.8784704208374,"Unknown"
"9004157",371992,2025-05-25 17:12:26,42.5033874511719,-8.88102340698242,"Unknown"
"9004157",371992,2025-05-25 17:18:18,42.5171585083008,-8.86806201934814,"Unknown"
"9004157",371992,2025-05-25 17:23:15,42.5032768249512,-8.88552665710449,"Unknown"
"9004157",371992,2025-05-25 17:27:50,42.5032157897949,-8.88554000854492,"Unknown"
"9004157",371992,2025-05-25 17:33:01,42.5030860900879,-8.88546371459961,"Unknown"
"9004157",371992,2025-05-25 17:38:01,42.5031051635742,-8.88545322418213,"Unknown"
"9004157",371992,2025-05-25 17:43:01,42.5037803649902,-8.88587760925293,"Unknown"
"9004157",371992,2025-05-25 17:48:01,42.5038299560547,-8.88589096069336,"Unknown"
"9004157",371992,2025-05-25 17:52:54,42.5024833679199,-8.88476753234863,"Unknown"
"9004157",371992,2025-05-25 17:58:00,42.5038642883301,-8.88596343994141,"Unknown"
"9004157",371992,2025-05-25 18:03:00,42.5038719177246,-8.88594436645508,"Unknown"
"9004157",371992,2025-05-25 18:07:50,42.5038146972656,-8.88588619232178,"Unknown"
"9004157",371992,2025-05-25 18:12:50,42.495304107666,-8.89988231658936,"Unknown"
"9004157",371992,2025-05-25 18:17:51,42.4951629638672,-8.89941024780273,"Unknown"
"9004157",371992,2025-05-25 18:22:51,42.4824600219727,-8.92334365844727,"Unknown"
"9004157",371992,2025-05-25 18:28:00,42.4706611633301,-8.9437313079834,"Unknown"
"9004157",371992,2025-05-25 18:32:50,42.4373092651367,-8.93853855133057,"Unknown"
"9004157",371992,2025-05-25 18:43:18,42.3992691040039,-8.92113018035889,"Unknown"
"9004157",371992,2025-05-25 18:47:51,42.3991966247559,-8.92092609405518,"Unknown"
"9004157",371992,2025-05-25 18:52:54,42.3991546630859,-8.92127227783203,"Unknown"
"9004157",371992,2025-05-25 18:58:12,42.3993682861328,-8.92136192321777,"Unknown"
"9004157",371992,2025-05-25 19:02:54,42.3991317749023,-8.92087173461914,"Unknown"
"9004157",371992,2025-05-25 19:08:08,42.3993988037109,-8.92137718200684,"Unknown"
"9004157",371992,2025-05-25 19:13:00,42.3995475769043,-8.92176055908203,"Unknown"
"9004157",371992,2025-05-25 19:18:00,42.3993682861328,-8.9213809967041,"Unknown"
"9004157",371992,2025-05-25 19:23:00,42.399730682373,-8.92221164703369,"Unknown"
"9004157",371992,2025-05-25 19:27:55,42.3991317749023,-8.92080783843994,"Unknown"
"9004157",371992,2025-05-25 19:33:17,42.3990516662598,-8.92077445983887,"Unknown"
"9004157",371992,2025-05-25 19:38:14,42.3990364074707,-8.92094421386719,"Unknown"
"9004157",371992,2025-05-25 19:42:53,42.3984985351562,-8.91965484619141,"Unknown"
"9004157",371992,2025-05-25 19:48:13,42.3988723754883,-8.92069435119629,"Unknown"
"9004157",371992,2025-05-25 19:52:59,42.3987579345703,-8.92054748535156,"Unknown"
"9004157",371992,2025-05-25 19:57:57,42.3988761901855,-8.92081260681152,"Unknown"
"9004157",371992,2025-05-25 20:02:55,42.3989753723145,-8.92089462280273,"Unknown"
"9004157",371992,2025-05-25 20:08:23,42.3988342285156,-8.92100048065186,"Unknown"
"9004157",371992,2025-05-25 20:13:56,42.3989410400391,-8.92155742645264,"Unknown"
"9004157",371992,2025-05-25 20:17:58,42.3989868164062,-8.92147541046143,"Unknown"
"9004157",371992,2025-05-25 20:22:53,42.3991622924805,-8.92127418518066,"Unknown"
"9004157",371992,2025-05-25 20:27:56,42.399112701416,-8.92120170593262,"Unknown"
"9004157",371992,2025-05-25 20:32:53,42.3993644714355,-8.92109298706055,"Unknown"
"9004157",371992,2025-05-25 20:37:53,42.399299621582,-8.9218692779541,"Unknown"
"9004157",371992,2025-05-25 20:42:55,42.398868560791,-8.92184066772461,"Unknown"
"9004157",371992,2025-05-25 20:47:54,42.3988609313965,-8.92169761657715,"Unknown"
"9004157",371992,2025-05-25 20:53:14,42.3990135192871,-8.92199611663818,"Unknown"
"9004157",371992,2025-05-25 20:57:58,42.3990020751953,-8.92203140258789,"Unknown"
"9004157",371992,2025-05-25 21:03:01,42.3990020751953,-8.92193412780762,"Unknown"
"9004157",371992,2025-05-25 21:08:09,42.3989372253418,-8.92211055755615,"Unknown"
"9004157",371992,2025-05-25 21:12:59,42.3989334106445,-8.92217826843262,"Unknown"
"9004157",371992,2025-05-25 21:18:23,42.3989143371582,-8.92186546325684,"Unknown"
"9004157",371992,2025-05-25 21:23:00,42.3989334106445,-8.92177104949951,"Unknown"
"9004157",371992,2025-05-25 21:27:58,42.3988647460938,-8.92191028594971,"Unknown"
"9004157",371992,2025-05-25 21:33:10,42.398868560791,-8.92206382751465,"Unknown"
"9004157",371992,2025-05-25 21:38:11,42.3988189697266,-8.92212009429932,"Unknown"
"9004157",371992,2025-05-25 21:43:15,42.3988189697266,-8.92210292816162,"Unknown"
"9004157",371992,2025-05-25 21:49:13,42.3988380432129,-8.92181015014648,"Unknown"
"9004157",371992,2025-05-25 21:52:58,42.3988380432129,-8.92175960540771,"Unknown"
"9004157",371992,2025-05-25 21:58:28,42.3987922668457,-8.9218578338623,"Unknown"
"9004157",371992,2025-05-25 22:04:13,42.398811340332,-8.92129135131836,"Unknown"
"9004157",371992,2025-05-25 22:08:01,42.398796081543,-8.92149353027344,"Unknown"
"9004157",371992,2025-05-25 22:12:57,42.3987731933594,-8.92096138000488,"Unknown"
"9004157",371992,2025-05-25 22:17:54,42.3989486694336,-8.92138767242432,"Unknown"
"9004157",371992,2025-05-25 22:23:01,42.3988265991211,-8.92098712921143,"Unknown"
"9004157",371992,2025-05-25 22:27:54,42.3985900878906,-8.92117118835449,"Unknown"
"9004157",371992,2025-05-25 22:33:44,42.39892578125,-8.9214334487915,"Unknown"
"9004157",371992,2025-05-25 22:37:58,42.3988952636719,-8.92118740081787,"Unknown"
"9004157",371992,2025-05-25 22:43:04,42.3989143371582,-8.92126274108887,"Unknown"
"9004157",371992,2025-05-25 22:49:02,42.3988380432129,-8.92147254943848,"Unknown"
"9004157",371992,2025-05-25 22:54:13,42.3988075256348,-8.92150688171387,"Unknown"
"9004157",371992,2025-05-25 22:58:03,42.39892578125,-8.9199390411377,"Unknown"
"9004157",371992,2025-05-25 23:03:25,42.3988647460938,-8.92133808135986,"Unknown"
"9004157",371992,2025-05-25 23:08:55,42.3988380432129,-8.92099380493164,"Unknown"
"9004157",371992,2025-05-25 23:13:11,42.3988151550293,-8.92120742797852,"Unknown"
"9004157",371992,2025-05-25 23:19:13,42.3987884521484,-8.92099666595459,"Unknown"
"9004157",371992,2025-05-25 23:24:13,42.3987579345703,-8.92105293273926,"Unknown"
"9004157",371992,2025-05-25 23:28:11,42.3987693786621,-8.92112827301025,"Unknown"
"9004157",371992,2025-05-25 23:32:55,42.3988761901855,-8.92116260528564,"Unknown"
"9004157",371992,2025-05-25 23:37:53,42.3988304138184,-8.92104434967041,"Unknown"
"9004157",371992,2025-05-25 23:42:54,42.3987617492676,-8.92107582092285,"Unknown"
"9004157",371992,2025-05-25 23:48:01,42.3988456726074,-8.92134284973145,"Unknown"
"9004157",371992,2025-05-25 23:53:01,42.3988990783691,-8.92115879058838,"Unknown"
"9004157",371992,2025-05-25 23:58:01,42.3988723754883,-8.9213342666626,"Unknown"
"9004157",371992,2025-05-26 00:02:55,42.3988647460938,-8.92106628417969,"Unknown"
"9004157",371992,2025-05-26 00:07:58,42.3986701965332,-8.92095565795898,"Unknown"
"9004157",371992,2025-05-26 00:13:00,42.3988838195801,-8.92122650146484,"Unknown"
"9004157",371992,2025-05-26 00:17:52,42.3989028930664,-8.92093086242676,"Unknown"
"9004157",371992,2025-05-26 00:22:53,42.3989105224609,-8.92100811004639,"Unknown"
"9004157",371992,2025-05-26 00:27:52,42.3988876342773,-8.92108917236328,"Unknown"
"9004157",371992,2025-05-26 00:32:52,42.3988723754883,-8.92117214202881,"Unknown"
"9004157",371992,2025-05-26 00:37:52,42.3988990783691,-8.92100429534912,"Unknown"
"9004157",371992,2025-05-26 00:42:54,42.3989143371582,-8.92113494873047,"Unknown"
"9004157",371992,2025-05-26 00:47:52,42.3989524841309,-8.9212474822998,"Unknown"
"9004157",371992,2025-05-26 00:52:52,42.3988914489746,-8.92114353179932,"Unknown"
"9004157",371992,2025-05-26 00:57:57,42.3988838195801,-8.92131233215332,"Unknown"
"9004157",371992,2025-05-26 01:03:01,42.3988800048828,-8.92124938964844,"Unknown"
"9004157",371992,2025-05-26 01:08:00,42.3988723754883,-8.92140579223633,"Unknown"
"9004157",371992,2025-05-26 01:12:58,42.3988723754883,-8.92127704620361,"Unknown"
"9004157",371992,2025-05-26 01:17:54,42.3988990783691,-8.92094707489014,"Unknown"
"9004157",371992,2025-05-26 01:23:02,42.3989410400391,-8.92110061645508,"Unknown"
"9004157",371992,2025-05-26 01:28:06,42.3989906311035,-8.9216423034668,"Unknown"
"9004157",371992,2025-05-26 01:34:13,42.3989944458008,-8.92099475860596,"Unknown"
"9004157",371992,2025-05-26 01:38:15,42.3989181518555,-8.92105579376221,"Unknown"
"9004157",371992,2025-05-26 01:44:13,42.3988494873047,-8.92091369628906,"Unknown"
"9004157",371992,2025-05-26 01:48:13,42.3988761901855,-8.92108726501465,"Unknown"
"9004157",371992,2025-05-26 01:52:57,42.3988838195801,-8.92118072509766,"Unknown"
"9004157",371992,2025-05-26 01:58:44,42.3989372253418,-8.92135810852051,"Unknown"
"9004157",371992,2025-05-26 02:03:00,42.3988304138184,-8.92095470428467,"Unknown"
"9004157",371992,2025-05-26 02:07:58,42.3989601135254,-8.92099571228027,"Unknown"
"9004157",371992,2025-05-26 02:14:13,42.3989906311035,-8.92168140411377,"Unknown"
"9004157",371992,2025-05-26 02:19:10,42.3988914489746,-8.92104625701904,"Unknown"
"9004157",371992,2025-05-26 02:23:00,42.3989067077637,-8.92122364044189,"Unknown"
"9004157",371992,2025-05-26 02:28:01,42.3988800048828,-8.92133903503418,"Unknown"
"9004157",371992,2025-05-26 02:33:19,42.3988838195801,-8.9210262298584,"Unknown"
"9004157",371992,2025-05-26 02:38:06,42.3988800048828,-8.92139339447021,"Unknown"
"9004157",371992,2025-05-26 02:43:01,42.398853302002,-8.92119407653809,"Unknown"
"9004157",371992,2025-05-26 02:49:13,42.3989143371582,-8.92141532897949,"Unknown"
"9004157",371992,2025-05-26 02:53:29,42.3988189697266,-8.92118644714355,"Unknown"
"9004157",371992,2025-05-26 02:58:06,42.3987503051758,-8.920973777771,"Unknown"
"9004157",371992,2025-05-26 03:02:51,42.3987998962402,-8.92119979858398,"Unknown"
"9004157",371992,2025-05-26 03:07:55,42.3989410400391,-8.92103099822998,"Unknown"
"9004157",371992,2025-05-26 03:12:53,42.3989524841309,-8.92090034484863,"Unknown"
"9004157",371992,2025-05-26 03:18:12,42.3989028930664,-8.92100429534912,"Unknown"
"9004157",371992,2025-05-26 03:23:07,42.3989601135254,-8.92090225219727,"Unknown"
"9004157",371992,2025-05-26 03:28:01,42.3989372253418,-8.92108631134033,"Unknown"
"9004157",371992,2025-05-26 03:33:04,42.3988609313965,-8.92105579376221,"Unknown"
"9004157",371992,2025-05-26 03:38:12,42.3989334106445,-8.92115211486816,"Unknown"
"9004157",371992,2025-05-26 03:44:13,42.3990211486816,-8.9210786819458,"Unknown"
"9004157",371992,2025-05-26 03:49:13,42.3989524841309,-8.92102527618408,"Unknown"
"9004157",371992,2025-05-26 03:53:08,42.398983001709,-8.9212121963501,"Unknown"
"9004157",371992,2025-05-26 03:57:53,42.3989715576172,-8.92100715637207,"Unknown"
"9004157",371992,2025-05-26 04:03:13,42.3988952636719,-8.92132663726807,"Unknown"
"9004157",371992,2025-05-26 04:09:13,42.3989753723145,-8.92091274261475,"Unknown"
"9004157",371992,2025-05-26 04:13:03,42.3989562988281,-8.92086315155029,"Unknown"
"9004157",371992,2025-05-26 04:19:13,42.3989868164062,-8.9210033416748,"Unknown"
"9004157",371992,2025-05-26 04:23:02,42.3989181518555,-8.92095851898193,"Unknown"
"9004157",371992,2025-05-26 04:29:13,42.3989143371582,-8.92096614837646,"Unknown"
"9004157",371992,2025-05-26 04:34:13,42.3988952636719,-8.92105674743652,"Unknown"
"9004157",371992,2025-05-26 04:39:13,42.3988914489746,-8.92069625854492,"Unknown"
"9004157",371992,2025-05-26 04:44:13,42.3988761901855,-8.92096996307373,"Unknown"
"9004157",371992,2025-05-26 04:48:17,42.3987503051758,-8.92099475860596,"Unknown"
"9004157",371992,2025-05-26 04:53:07,42.3987045288086,-8.92107200622559,"Unknown"
"9004157",371992,2025-05-26 04:58:02,42.3989486694336,-8.92081356048584,"Unknown"
"9004157",371992,2025-05-26 05:04:13,42.3991432189941,-8.92138290405273,"Unknown"
"9004157",371992,2025-05-26 05:08:13,42.3990478515625,-8.92126655578613,"Unknown"
"9004157",371992,2025-05-26 05:12:51,42.3988304138184,-8.92104911804199,"Unknown"
"9004157",371992,2025-05-26 05:17:58,42.3988838195801,-8.92099380493164,"Unknown"
"9004157",371992,2025-05-26 05:24:13,42.3988914489746,-8.92137241363525,"Unknown"
"9004157",371992,2025-05-26 05:27:49,42.3989372253418,-8.92057228088379,"Unknown"
"9004157",371992,2025-05-26 05:32:52,42.398853302002,-8.92073440551758,"Unknown"
"9004157",371992,2025-05-26 05:37:55,42.3990058898926,-8.92060375213623,"Unknown"
"9004157",371992,2025-05-26 05:42:52,42.3988952636719,-8.92091941833496,"Unknown"
"9004157",371992,2025-05-26 05:48:01,42.3988418579102,-8.9211597442627,"Unknown"
"9004157",371992,2025-05-26 05:53:19,42.3988227844238,-8.92122650146484,"Unknown"
"9004157",371992,2025-05-26 05:57:49,42.3987770080566,-8.92124080657959,"Unknown"
"9004157",371992,2025-05-26 06:03:13,42.3988189697266,-8.92140579223633,"Unknown"
"9004157",371992,2025-05-26 06:07:50,42.3986892700195,-8.92146396636963,"Unknown"
"9004157",371992,2025-05-26 06:13:14,42.3988494873047,-8.92111778259277,"Unknown"
"9004157",371992,2025-05-26 06:17:49,42.3989524841309,-8.92094898223877,"Unknown"
"9004157",371992,2025-05-26 06:22:51,42.3990287780762,-8.92069530487061,"Unknown"
"9004157",371992,2025-05-26 06:27:51,42.3991279602051,-8.92057800292969,"Unknown"
"9004157",371992,2025-05-26 06:32:53,42.3990058898926,-8.92088890075684,"Unknown"
"9004157",371992,2025-05-26 06:37:59,42.3988075256348,-8.92084884643555,"Unknown"
"9004157",371992,2025-05-26 06:42:55,42.3988609313965,-8.92065715789795,"Unknown"
"9004157",371992,2025-05-26 06:48:14,42.3989105224609,-8.92078685760498,"Unknown"
"9004157",371992,2025-05-26 06:54:13,42.3991241455078,-8.91999244689941,"Unknown"
"9004157",371992,2025-05-26 06:57:56,42.3989944458008,-8.92068576812744,"Unknown"
"9004157",371992,2025-05-26 07:03:14,42.3990287780762,-8.92068576812744,"Unknown"
"9004157",371992,2025-05-26 07:07:53,42.3990287780762,-8.92035293579102,"Unknown"
"9004157",371992,2025-05-26 07:12:53,42.399040222168,-8.92018032073975,"Unknown"
"9004157",371992,2025-05-26 07:17:51,42.3989944458008,-8.91986274719238,"Unknown"
"9004157",371992,2025-05-26 07:22:52,42.3989067077637,-8.91961765289307,"Unknown"
"9004157",371992,2025-05-26 07:27:51,42.3989372253418,-8.91987037658691,"Unknown"
"9004157",371992,2025-05-26 07:32:52,42.3989601135254,-8.91913414001465,"Unknown"
"9004157",371992,2025-05-26 07:38:13,42.398983001709,-8.92101669311523,"Unknown"
"9004157",371992,2025-05-26 07:42:51,42.3989143371582,-8.92090702056885,"Unknown"
"9004157",371992,2025-05-26 07:48:14,42.3988304138184,-8.92116260528564,"Unknown"
"9004157",371992,2025-05-26 07:52:54,42.3988571166992,-8.92104816436768,"Unknown"
"9004157",371992,2025-05-26 07:58:01,42.3990058898926,-8.92091369628906,"Unknown"
"9004157",371992,2025-05-26 08:03:01,42.3989410400391,-8.92091083526611,"Unknown"
"9004157",371992,2025-05-26 08:07:55,42.3987770080566,-8.92409515380859,"Unknown"
"9004157",371992,2025-05-26 08:12:56,42.3988494873047,-8.92096614837646,"Unknown"
"9004157",371992,2025-05-26 08:18:06,42.3988037109375,-8.92115020751953,"Unknown"
"9004157",371992,2025-05-26 08:22:54,42.3987922668457,-8.92234325408936,"Unknown"
"9004157",371992,2025-05-26 08:27:54,42.3988723754883,-8.92161750793457,"Unknown"
"9004157",371992,2025-05-26 08:33:22,42.3988418579102,-8.92108631134033,"Unknown"
"9004157",371992,2025-05-26 08:37:53,42.3987884521484,-8.92116355895996,"Unknown"
"9004157",371992,2025-05-26 08:42:53,42.3989562988281,-8.92101573944092,"Unknown"
"9004157",371992,2025-05-26 08:47:53,42.3988418579102,-8.9211483001709,"Unknown"
"9004157",371992,2025-05-26 08:52:55,42.3988380432129,-8.92104625701904,"Unknown"
"9004157",371992,2025-05-26 08:57:52,42.3987808227539,-8.92111778259277,"Unknown"
"9004157",371992,2025-05-26 09:02:52,42.4255142211914,-8.92140483856201,"Unknown"
"9004157",371992,2025-05-26 09:08:14,42.4556884765625,-8.93738842010498,"Unknown"
"9004157",371992,2025-05-26 09:12:49,42.4810638427734,-8.93607139587402,"Unknown"
"9004157",371992,2025-05-26 09:18:29,42.4954147338867,-8.90559196472168,"Unknown"
"9004157",371992,2025-05-26 09:24:31,42.4968223571777,-8.90423488616943,"Unknown"
"9004157",371992,2025-05-26 09:30:40,42.4957389831543,-8.9033317565918,"Unknown"
"9004157",371992,2025-05-26 09:35:41,42.4951019287109,-8.90411186218262,"Unknown"
"9004157",371992,2025-05-26 09:41:28,42.4956893920898,-8.90442180633545,"Unknown"
"9004157",371992,2025-05-26 09:46:31,42.4966087341309,-8.90516090393066,"Unknown"
"9004157",371992,2025-05-26 09:51:33,42.4971008300781,-8.90507411956787,"Unknown"
"9004157",371992,2025-05-26 09:56:32,42.4977569580078,-8.90421104431152,"Unknown"
"9004157",371992,2025-05-26 10:01:47,42.4982147216797,-8.90340900421143,"Unknown"
"9004157",371992,2025-05-26 10:07:09,42.4974708557129,-8.90502643585205,"Unknown"
"9004157",371992,2025-05-26 10:12:29,42.4965553283691,-8.90580463409424,"Unknown"
"9004157",371992,2025-05-26 10:18:35,42.4971466064453,-8.90462112426758,"Unknown"
"9004157",371992,2025-05-26 10:24:04,42.497932434082,-8.90365028381348,"Unknown"
"9004157",371992,2025-05-26 10:28:42,42.4984893798828,-8.90339660644531,"Unknown"
"9004157",371992,2025-05-26 10:33:36,42.4986915588379,-8.90397644042969,"Unknown"
"9004157",371992,2025-05-26 10:38:59,42.4987525939941,-8.90553188323975,"Unknown"
"9004157",371992,2025-05-26 10:43:30,42.4987411499023,-8.90550136566162,"Unknown"
"9004157",371992,2025-05-26 10:48:28,42.5050048828125,-8.87770175933838,"Unknown"
"9004157",371992,2025-05-26 11:02:44,42.5078811645508,-8.8704252243042,"Unknown"
"9004157",371992,2025-05-26 11:08:34,42.5074272155762,-8.87137317657471,"Unknown"
"9004157",371992,2025-05-26 11:14:37,42.5066070556641,-8.87140464782715,"Unknown"
"9004157",371992,2025-05-26 11:19:42,42.5058975219727,-8.87259674072266,"Unknown"
"9004157",371992,2025-05-26 11:25:39,42.5065803527832,-8.87317562103271,"Unknown"
"9004157",371992,2025-05-26 11:32:04,42.5074005126953,-8.87251091003418,"Unknown"
"9004157",371992,2025-05-26 11:38:09,42.5091514587402,-8.87122440338135,"Unknown"
"9004157",371992,2025-05-26 11:43:10,42.5093879699707,-8.87048625946045,"Unknown"
"9004157",371992,2025-05-26 11:50:12,42.5102157592773,-8.87105464935303,"Unknown"
"9004157",371992,2025-05-26 11:57:14,42.5066986083984,-8.87193489074707,"Unknown"
"9004157",371992,2025-05-26 12:01:43,42.5061111450195,-8.87262439727783,"Unknown"
"9004157",371992,2025-05-26 12:07:00,42.5066604614258,-8.87295818328857,"Unknown"
"9004157",371992,2025-05-26 12:12:09,42.5068435668945,-8.8727560043335,"Unknown"
"9004157",371992,2025-05-26 12:17:45,42.506534576416,-8.87437534332275,"Unknown"
"9004157",371992,2025-05-26 12:23:16,42.50732421875,-8.87272644042969,"Unknown"
"9004157",371992,2025-05-26 12:29:08,42.5065803527832,-8.87520885467529,"Unknown"
"9004157",371992,2025-05-26 12:34:48,42.505069732666,-8.87598133087158,"Unknown"
"9004157",371992,2025-05-26 12:40:01,42.5046882629395,-8.87723731994629,"Unknown"
"9004157",371992,2025-05-26 12:45:33,42.5186729431152,-8.86849308013916,"Unknown"
"9004157",371992,2025-05-26 12:50:31,42.5047836303711,-8.88045978546143,"Unknown"
"9004157",371992,2025-05-26 12:54:57,42.5047340393066,-8.88035583496094,"Unknown"
"9004157",371992,2025-05-26 12:59:58,42.5047187805176,-8.88049602508545,"Unknown"
"9004157",371992,2025-05-26 13:04:57,42.5048141479492,-8.88020420074463,"Unknown"
"9004157",371992,2025-05-26 13:09:57,42.5047760009766,-8.88030624389648,"Unknown"
"9004157",371992,2025-05-26 13:14:58,42.5047378540039,-8.8803129196167,"Unknown"
"9004157",371992,2025-05-26 13:19:58,42.5047454833984,-8.88031578063965,"Unknown"
"9004157",371992,2025-05-26 13:24:58,42.5047340393066,-8.88040828704834,"Unknown"
"9004157",371992,2025-05-26 13:29:58,42.5046272277832,-8.88051891326904,"Unknown"
"9004157",371992,2025-05-26 13:34:58,42.5045433044434,-8.88054180145264,"Unknown"
"9004157",371992,2025-05-26 13:39:57,42.5045852661133,-8.88057994842529,"Unknown"
"9004157",371992,2025-05-26 13:44:58,42.5045509338379,-8.88064002990723,"Unknown"
"9004157",371992,2025-05-26 13:49:58,42.504524230957,-8.88073921203613,"Unknown"
"9004157",371992,2025-05-26 13:54:58,42.5044784545898,-8.88073062896729,"Unknown"
"9004157",371992,2025-05-26 13:59:58,42.5045776367188,-8.88096046447754,"Unknown"
"9004157",371992,2025-05-26 14:04:57,42.5045776367188,-8.88099002838135,"Unknown"
"9004157",371992,2025-05-26 14:09:58,42.5045776367188,-8.88101673126221,"Unknown"
"9004157",371992,2025-05-26 14:14:58,42.504638671875,-8.88106155395508,"Unknown"
"9004157",371992,2025-05-26 14:20:05,42.5044555664062,-8.88061237335205,"Unknown"
"9004157",371992,2025-05-26 14:25:21,42.5047569274902,-8.87873554229736,"Unknown"
"9004157",371992,2025-05-26 14:31:17,42.5051574707031,-8.8766393661499,"Unknown"
"9004157",371992,2025-05-26 14:36:16,42.5051078796387,-8.87574100494385,"Unknown"
"9004157",371992,2025-05-26 14:43:01,42.5050277709961,-8.87554931640625,"Unknown"
"9004157",371992,2025-05-26 14:47:25,42.5060768127441,-8.87494468688965,"Unknown"
"9004157",371992,2025-05-26 14:53:18,42.5054893493652,-8.87372875213623,"Unknown"
"9004157",371992,2025-05-26 14:58:28,42.5057411193848,-8.87398338317871,"Unknown"
"9004157",371992,2025-05-26 15:04:25,42.5058212280273,-8.87471580505371,"Unknown"
"9004157",371992,2025-05-26 15:10:45,42.5062446594238,-8.87341022491455,"Unknown"
"9004157",371992,2025-05-26 15:16:37,42.5069007873535,-8.87240695953369,"Unknown"
"9004157",371992,2025-05-26 15:21:28,42.5067138671875,-8.87403392791748,"Unknown"
"9004157",371992,2025-05-26 15:31:30,42.5114135742188,-8.86899280548096,"Unknown"
"9004157",371992,2025-05-26 15:36:26,42.5040588378906,-8.88257122039795,"Unknown"
"9004157",371992,2025-05-26 15:40:32,42.504337310791,-8.8824634552002,"Unknown"
"9004157",371992,2025-05-26 15:45:33,42.503833770752,-8.88614273071289,"Unknown"
"9004157",371992,2025-05-26 15:50:32,42.5038528442383,-8.88613796234131,"Unknown"
"9004157",371992,2025-05-26 15:55:33,42.5040435791016,-8.88608455657959,"Unknown"
"9004157",371992,2025-05-26 16:00:33,42.5038146972656,-8.88648986816406,"Unknown"
"9004157",371992,2025-05-26 16:05:33,42.5037422180176,-8.88651561737061,"Unknown"
"9004157",371992,2025-05-26 16:10:32,42.5038604736328,-8.88663768768311,"Unknown"
"9004157",371992,2025-05-26 16:15:32,42.5038757324219,-8.88666152954102,"Unknown"
"9004157",371992,2025-05-26 16:20:33,42.5039443969727,-8.88664054870605,"Unknown"
"9004157",371992,2025-05-26 16:25:33,42.5039215087891,-8.8867301940918,"Unknown"
"9004157",371992,2025-05-26 16:30:33,42.50390625,-8.88687705993652,"Unknown"
"9004157",371992,2025-05-26 16:35:33,42.504093170166,-8.88651561737061,"Unknown"
"9004157",371992,2025-05-26 16:40:33,42.5039558410645,-8.88668251037598,"Unknown"
"9004157",371992,2025-05-26 16:45:33,42.5040397644043,-8.88683414459229,"Unknown"
"9004157",371992,2025-05-26 16:50:33,42.5040893554688,-8.88671684265137,"Unknown"
"9004157",371992,2025-05-26 16:55:33,42.4904327392578,-8.91069316864014,"Unknown"
"9004157",371992,2025-05-26 17:00:36,42.4804954528809,-8.93637466430664,"Unknown"
"9004157",371992,2025-05-26 17:05:33,42.4805564880371,-8.93642902374268,"Unknown"
"9004157",371992,2025-05-26 17:10:33,42.4720573425293,-8.94173812866211,"Unknown"
"9004157",371992,2025-05-26 17:15:42,42.4149017333984,-8.92686462402344,"Unknown"
"9004157",371992,2025-05-26 17:21:41,42.3986701965332,-8.92129516601562,"Unknown"
"9004157",371992,2025-05-26 17:25:40,42.3987731933594,-8.92144298553467,"Unknown"
"9004157",371992,2025-05-26 17:30:39,42.3986511230469,-8.92136764526367,"Unknown"
"9004157",371992,2025-05-26 17:36:05,42.3988838195801,-8.92129611968994,"Unknown"
"9004157",371992,2025-05-26 17:40:39,42.3988761901855,-8.92114639282227,"Unknown"
"9004157",371992,2025-05-26 17:45:58,42.3988494873047,-8.92120265960693,"Unknown"
"9004157",371992,2025-05-26 17:50:40,42.3989295959473,-8.92159938812256,"Unknown"
"9004157",371992,2025-05-26 17:55:49,42.3987922668457,-8.92087364196777,"Unknown"
"9004157",371992,2025-05-26 18:00:54,42.3988723754883,-8.92129135131836,"Unknown"
"9004157",371992,2025-05-26 18:05:39,42.3988571166992,-8.92129898071289,"Unknown"
"9004157",371992,2025-05-26 18:10:37,42.3989028930664,-8.92131423950195,"Unknown"
"9004157",371992,2025-05-26 18:16:56,42.3988647460938,-8.92129421234131,"Unknown"
"9004157",371992,2025-05-26 18:21:11,42.3988761901855,-8.92145919799805,"Unknown"
"9004157",371992,2025-05-26 18:25:42,42.398868560791,-8.92140960693359,"Unknown"
"9004157",371992,2025-05-26 18:31:19,42.3988304138184,-8.92127895355225,"Unknown"
"9004157",371992,2025-05-26 18:35:37,42.399055480957,-8.92135810852051,"Unknown"
"9004157",371992,2025-05-26 18:40:36,42.3988304138184,-8.92125225067139,"Unknown"
"9004157",371992,2025-05-26 18:45:44,42.3988265991211,-8.92119789123535,"Unknown"
"9004157",371992,2025-05-26 18:50:37,42.3989105224609,-8.9214973449707,"Unknown"
"9004157",371992,2025-05-26 18:55:36,42.3988723754883,-8.92138671875,"Unknown"
"9004157",371992,2025-05-26 19:00:38,42.3988075256348,-8.92144107818604,"Unknown"
"9004157",371992,2025-05-26 19:05:33,42.399169921875,-8.9216423034668,"Unknown"
"9004157",371992,2025-05-26 19:10:39,42.3988494873047,-8.92118835449219,"Unknown"
"9004157",371992,2025-05-26 19:15:42,42.3988761901855,-8.92123603820801,"Unknown"
"9004157",371992,2025-05-26 19:20:36,42.3988609313965,-8.9211368560791,"Unknown"
"9004157",371992,2025-05-26 19:25:40,42.3987350463867,-8.92076206207275,"Unknown"
"9004157",371992,2025-05-26 19:30:41,42.3988990783691,-8.92131996154785,"Unknown"
"9004157",371992,2025-05-26 19:36:05,42.398853302002,-8.92113780975342,"Unknown"
"9004157",371992,2025-05-26 19:40:32,42.3989372253418,-8.92121696472168,"Unknown"
"9004157",371992,2025-05-26 19:45:34,42.3990325927734,-8.92109870910645,"Unknown"
"9004157",371992,2025-05-26 19:50:55,42.3989448547363,-8.92113304138184,"Unknown"
"9004157",371992,2025-05-26 19:56:56,42.3990211486816,-8.92045116424561,"Unknown"
"9004157",371992,2025-05-26 20:00:37,42.398796081543,-8.92067432403564,"Unknown"
"9004157",371992,2025-05-26 20:05:38,42.3987884521484,-8.92087745666504,"Unknown"
"9004157",371992,2025-05-26 20:11:56,42.3988189697266,-8.92086696624756,"Unknown"
"9004157",371992,2025-05-26 20:16:46,42.3988418579102,-8.92107677459717,"Unknown"
"9004157",371992,2025-05-26 20:20:36,42.3988952636719,-8.92096900939941,"Unknown"
"9004157",371992,2025-05-26 20:25:36,42.3988189697266,-8.92109394073486,"Unknown"
"9004157",371992,2025-05-26 20:30:37,42.3988456726074,-8.92093372344971,"Unknown"
"9004157",371992,2025-05-26 20:35:32,42.3985633850098,-8.92142009735107,"Unknown"
"9004157",371992,2025-05-26 20:40:37,42.3988647460938,-8.92115688323975,"Unknown"
"9004157",371992,2025-05-26 20:45:37,42.3988342285156,-8.92116355895996,"Unknown"
"9004157",371992,2025-05-26 20:50:37,42.398853302002,-8.92102146148682,"Unknown"
"9004157",371992,2025-05-26 20:55:38,42.3988342285156,-8.92112827301025,"Unknown"
"9004157",371992,2025-05-26 21:00:38,42.3988876342773,-8.92103672027588,"Unknown"
"9004157",371992,2025-05-26 21:05:35,42.3988342285156,-8.92089653015137,"Unknown"
"9004157",371992,2025-05-26 21:10:39,42.3988342285156,-8.92088890075684,"Unknown"
"9004157",371992,2025-05-26 21:15:39,42.398868560791,-8.92104434967041,"Unknown"
"9004157",371992,2025-05-26 21:20:40,42.3988761901855,-8.92124366760254,"Unknown"
"9004157",371992,2025-05-26 21:25:45,42.3988800048828,-8.92075538635254,"Unknown"
"9004157",371992,2025-05-26 21:30:37,42.3989028930664,-8.92090511322021,"Unknown"
"9004157",371992,2025-05-26 21:35:37,42.3988952636719,-8.92073345184326,"Unknown"
"9004157",371992,2025-05-26 21:40:59,42.3988800048828,-8.9206714630127,"Unknown"
"9004157",371992,2025-05-26 21:45:37,42.3989372253418,-8.92073059082031,"Unknown"
"9004157",371992,2025-05-26 21:50:36,42.3989067077637,-8.92093563079834,"Unknown"
"9004157",371992,2025-05-26 21:55:40,42.3989562988281,-8.92058849334717,"Unknown"
"9004157",371992,2025-05-26 22:01:56,42.3988342285156,-8.92097663879395,"Unknown"
"9004157",371992,2025-05-26 22:05:37,42.398853302002,-8.9209041595459,"Unknown"
"9004157",371992,2025-05-26 22:10:43,42.398868560791,-8.92090034484863,"Unknown"
"9004157",371992,2025-05-26 22:15:46,42.3988494873047,-8.92098426818848,"Unknown"
"9004157",371992,2025-05-26 22:20:36,42.3988037109375,-8.9211368560791,"Unknown"
"9004157",371992,2025-05-26 22:25:38,42.3988380432129,-8.92122554779053,"Unknown"
"9004157",371992,2025-05-26 22:31:44,42.3988265991211,-8.92117977142334,"Unknown"
"9004157",371992,2025-05-26 22:35:37,42.3987922668457,-8.92095947265625,"Unknown"
"9004157",371992,2025-05-26 22:40:36,42.398811340332,-8.92153072357178,"Unknown"
"9004157",371992,2025-05-26 22:45:39,42.398551940918,-8.9195728302002,"Unknown"
"9004157",371992,2025-05-26 22:50:37,42.3989295959473,-8.92103958129883,"Unknown"
"9004157",371992,2025-05-26 22:55:41,42.3988494873047,-8.92169094085693,"Unknown"
"9004157",371992,2025-05-26 23:06:52,42.3989181518555,-8.92728996276855,"Unknown"
"9004157",371992,2025-05-26 23:11:56,42.3990058898926,-8.92088222503662,"Unknown"
"9004157",371992,2025-05-26 23:15:49,42.3989868164062,-8.92088890075684,"Unknown"
"9004157",371992,2025-05-26 23:21:56,42.3989372253418,-8.92150115966797,"Unknown"
"9004157",371992,2025-05-26 23:25:45,42.3989372253418,-8.92141342163086,"Unknown"
"9004157",371992,2025-05-26 23:30:40,42.3988647460938,-8.92139434814453,"Unknown"
"9004157",371992,2025-05-26 23:36:48,42.3988723754883,-8.92128562927246,"Unknown"
"9004157",371992,2025-05-26 23:41:56,42.3989105224609,-8.92123985290527,"Unknown"
"9004157",371992,2025-05-26 23:46:56,42.3989067077637,-8.92118835449219,"Unknown"
"9004157",371992,2025-05-26 23:51:56,42.3989219665527,-8.92111015319824,"Unknown"
"9004157",371992,2025-05-26 23:56:54,42.3988952636719,-8.92116928100586,"Unknown"
"9004157",371992,2025-05-27 00:00:38,42.3989143371582,-8.92110347747803,"Unknown"
"9004157",371992,2025-05-27 00:05:41,42.3988876342773,-8.92106342315674,"Unknown"
"9004157",371992,2025-05-27 00:10:48,42.3988990783691,-8.92125797271729,"Unknown"
"9004157",371992,2025-05-27 00:16:31,42.3988914489746,-8.92118549346924,"Unknown"
"9004157",371992,2025-05-27 00:21:56,42.3988914489746,-8.92112827301025,"Unknown"
"9004157",371992,2025-05-27 00:26:56,42.3989219665527,-8.92125225067139,"Unknown"
"9004157",371992,2025-05-27 00:30:40,42.3989105224609,-8.92110633850098,"Unknown"
"9004157",371992,2025-05-27 00:35:36,42.3988952636719,-8.92058849334717,"Unknown"
"9004157",371992,2025-05-27 00:40:40,42.3988990783691,-8.92116832733154,"Unknown"
"9004157",371992,2025-05-27 00:46:56,42.3989410400391,-8.92116737365723,"Unknown"
"9004157",371992,2025-05-27 00:50:44,42.3988761901855,-8.9212646484375,"Unknown"
"9004157",371992,2025-05-27 00:56:56,42.3989524841309,-8.92098522186279,"Unknown"
"9004157",371992,2025-05-27 01:01:56,42.39892578125,-8.92119026184082,"Unknown"
"9004157",371992,2025-05-27 01:06:56,42.3989410400391,-8.92112255096436,"Unknown"
"9004157",371992,2025-05-27 01:11:56,42.3989219665527,-8.92119026184082,"Unknown"
"9004157",371992,2025-05-27 01:15:46,42.3988914489746,-8.92131328582764,"Unknown"
"9004157",371992,2025-05-27 01:21:56,42.3988952636719,-8.92128753662109,"Unknown"
"9004157",371992,2025-05-27 01:26:56,42.3988914489746,-8.92128944396973,"Unknown"
"9004157",371992,2025-05-27 01:31:56,42.3989219665527,-8.9212064743042,"Unknown"
"9004157",371992,2025-05-27 01:36:56,42.3988914489746,-8.92117977142334,"Unknown"
"9004157",371992,2025-05-27 01:41:56,42.3989105224609,-8.92128658294678,"Unknown"
"9004157",371992,2025-05-27 01:46:56,42.3989028930664,-8.9213695526123,"Unknown"
"9004157",371992,2025-05-27 01:51:56,42.3988800048828,-8.92148208618164,"Unknown"
"9004157",371992,2025-05-27 01:56:56,42.3989067077637,-8.92150211334229,"Unknown"
"9004157",371992,2025-05-27 02:01:56,42.3989143371582,-8.92148876190186,"Unknown"
"9004157",371992,2025-05-27 02:06:56,42.3989753723145,-8.92082691192627,"Unknown"
"9004157",371992,2025-05-27 02:10:49,42.3990287780762,-8.9208402633667,"Unknown"
"9004157",371992,2025-05-27 02:15:50,42.3990631103516,-8.92103385925293,"Unknown"
"9004157",371992,2025-05-27 02:20:48,42.3990898132324,-8.92044258117676,"Unknown"
"9004157",371992,2025-05-27 02:26:56,42.3990631103516,-8.92083168029785,"Unknown"
"9004157",371992,2025-05-27 02:31:56,42.3990592956543,-8.92073249816895,"Unknown"
"9004157",371992,2025-05-27 02:36:56,42.3990707397461,-8.92059993743896,"Unknown"
"9004157",371992,2025-05-27 02:41:56,42.3990669250488,-8.9205961227417,"Unknown"
"9004157",371992,2025-05-27 02:46:56,42.3989906311035,-8.92088794708252,"Unknown"
"9004157",371992,2025-05-27 02:51:56,42.3990135192871,-8.92099761962891,"Unknown"
"9004157",371992,2025-05-27 02:55:52,42.3990058898926,-8.92095184326172,"Unknown"
"9004157",371992,2025-05-27 03:00:42,42.3989601135254,-8.92105293273926,"Unknown"
"9004157",371992,2025-05-27 03:05:41,42.3989524841309,-8.9210729598999,"Unknown"
"9004157",371992,2025-05-27 03:10:37,42.3989562988281,-8.92103481292725,"Unknown"
"9004157",371992,2025-05-27 03:15:52,42.3989334106445,-8.92090034484863,"Unknown"
"9004157",371992,2025-05-27 03:21:56,42.3989791870117,-8.9208402633667,"Unknown"
"9004157",371992,2025-05-27 03:26:17,42.3989524841309,-8.92088031768799,"Unknown"
"9004157",371992,2025-05-27 03:30:45,42.3989677429199,-8.92091846466064,"Unknown"
"9004157",371992,2025-05-27 03:35:44,42.3989906311035,-8.92097473144531,"Unknown"
"9004157",371992,2025-05-27 03:40:37,42.3989639282227,-8.9209623336792,"Unknown"
"9004157",371992,2025-05-27 03:45:37,42.398998260498,-8.92095375061035,"Unknown"
"9004157",371992,2025-05-27 03:50:35,42.3988265991211,-8.92085742950439,"Unknown"
"9004157",371992,2025-05-27 03:55:38,42.3989601135254,-8.92094612121582,"Unknown"
"9004157",371992,2025-05-27 04:00:40,42.3989028930664,-8.92080974578857,"Unknown"
"9004157",371992,2025-05-27 04:05:52,42.3988990783691,-8.92078495025635,"Unknown"
"9004157",371992,2025-05-27 04:10:38,42.3988990783691,-8.92083263397217,"Unknown"
"9004157",371992,2025-05-27 04:16:55,42.3988647460938,-8.92089939117432,"Unknown"
"9004157",371992,2025-05-27 04:21:55,42.3988647460938,-8.92101860046387,"Unknown"
"9004157",371992,2025-05-27 04:26:55,42.3988761901855,-8.9210262298584,"Unknown"
"9004157",371992,2025-05-27 04:31:30,42.3989295959473,-8.92104053497314,"Unknown"
"9004157",371992,2025-05-27 07:01:44,42.3988647460938,-8.92111682891846,"Unknown"
"9004157",371992,2025-05-27 07:11:56,42.3988189697266,-8.92105293273926,"Unknown"
"9004157",371992,2025-05-27 07:20:31,42.3989143371582,-8.92119216918945,"Unknown"
"9004157",371992,2025-05-27 07:30:31,42.3989028930664,-8.92131614685059,"Unknown"
"9004157",371992,2025-05-27 07:40:32,42.3987846374512,-8.92081356048584,"Unknown"
"9004157",371992,2025-05-27 07:55:45,42.3987922668457,-8.92148399353027,"Unknown"
"9004157",371992,2025-05-27 08:05:39,42.449275970459,-8.92988109588623,"Unknown"
"9004157",371992,2025-05-27 08:15:31,42.4951438903809,-8.90568828582764,"Unknown"
"9004157",371992,2025-05-27 08:21:42,42.4965019226074,-8.90400314331055,"Unknown"
"9004157",371992,2025-05-27 08:27:11,42.4977226257324,-8.9026346206665,"Unknown"
"9004157",371992,2025-05-27 08:33:14,42.5056419372559,-8.87542533874512,"Unknown"
"9004157",371992,2025-05-27 08:39:06,42.5059700012207,-8.87339210510254,"Unknown"
"9004157",371992,2025-05-27 09:02:03,42.5063896179199,-8.87141036987305,"Unknown"
"9004157",371992,2025-05-27 09:12:07,42.5044937133789,-8.87294483184814,"Unknown"
"9004157",371992,2025-05-27 09:17:08,42.505126953125,-8.87340927124023,"Unknown"
"9004157",371992,2025-05-27 09:22:08,42.5047836303711,-8.88061809539795,"Unknown"
"9004157",371992,2025-05-27 09:27:10,42.5047721862793,-8.88050842285156,"Unknown"
"9004157",371992,2025-05-27 09:32:35,42.504753112793,-8.88058567047119,"Unknown"
"9004157",371992,2025-05-27 09:39:19,42.5047645568848,-8.88055801391602,"Unknown"
"9004157",371992,2025-05-27 09:44:18,42.5047073364258,-8.88051891326904,"Unknown"
"9004157",371992,2025-05-27 09:49:18,42.5047492980957,-8.88045215606689,"Unknown"
"9004157",371992,2025-05-27 09:54:18,42.5047569274902,-8.88042545318604,"Unknown"
"9004157",371992,2025-05-27 09:59:19,42.5047492980957,-8.88042449951172,"Unknown"
"9004157",371992,2025-05-27 10:04:18,42.504753112793,-8.88044929504395,"Unknown"
"9004157",371992,2025-05-27 10:09:18,42.504711151123,-8.88045310974121,"Unknown"
"9004157",371992,2025-05-27 10:14:19,42.5047340393066,-8.88043880462646,"Unknown"
"9004157",371992,2025-05-27 10:19:19,42.5047492980957,-8.88049793243408,"Unknown"
"9004157",371992,2025-05-27 10:24:19,42.5047225952148,-8.88045978546143,"Unknown"
"9004157",371992,2025-05-27 10:29:19,42.5047340393066,-8.88045310974121,"Unknown"
"9004157",371992,2025-05-27 10:34:18,42.5047492980957,-8.88044548034668,"Unknown"
"9004157",371992,2025-05-27 10:39:18,42.5047569274902,-8.88043975830078,"Unknown"
"9004157",371992,2025-05-27 10:44:19,42.5047569274902,-8.88049983978271,"Unknown"
"9004157",371992,2025-05-27 10:49:19,42.5047492980957,-8.88046836853027,"Unknown"
"9004157",371992,2025-05-27 10:54:19,42.5047874450684,-8.88045120239258,"Unknown"
"9004157",371992,2025-05-27 10:59:20,42.5046691894531,-8.88044548034668,"Unknown"
"9004157",371992,2025-05-27 11:04:19,42.504768371582,-8.88046550750732,"Unknown"
"9004157",371992,2025-05-27 11:09:19,42.5051918029785,-8.87680244445801,"Unknown"
"9004157",371992,2025-05-27 11:14:56,42.5056686401367,-8.87325382232666,"Unknown"
"9004157",371992,2025-05-27 11:20:35,42.5065460205078,-8.87023258209229,"Unknown"
"9004157",371992,2025-05-27 11:25:59,42.5078239440918,-8.86966133117676,"Unknown"
"9004157",371992,2025-05-27 11:30:59,42.5091934204102,-8.86897754669189,"Unknown"
"9004157",371992,2025-05-27 11:36:14,42.5082969665527,-8.86988735198975,"Unknown"
"9004157",371992,2025-05-27 11:41:15,42.5072479248047,-8.8704662322998,"Unknown"
"9004157",371992,2025-05-27 11:46:54,42.5065727233887,-8.87098217010498,"Unknown"
"9004157",371992,2025-05-27 11:51:56,42.5054168701172,-8.87045097351074,"Unknown"
"9004157",371992,2025-05-27 11:57:07,42.5050888061523,-8.87099742889404,"Unknown"
"9004157",371992,2025-05-27 12:02:07,42.5047149658203,-8.87191963195801,"Unknown"
"9004157",371992,2025-05-27 12:07:09,42.5043449401855,-8.8728199005127,"Unknown"
"9004157",371992,2025-05-27 12:12:10,42.5043029785156,-8.87385940551758,"Unknown"
"9004157",371992,2025-05-27 12:17:37,42.5047721862793,-8.87358951568604,"Unknown"
"9004157",371992,2025-05-27 12:23:30,42.504955291748,-8.87382030487061,"Unknown"
"9004157",371992,2025-05-27 12:30:18,42.5060272216797,-8.87325382232666,"Unknown"
"9004157",371992,2025-05-27 12:35:21,42.5071105957031,-8.87109184265137,"Unknown"
"9004157",371992,2025-05-27 12:40:36,42.5063858032227,-8.87191867828369,"Unknown"
"9004157",371992,2025-05-27 12:45:33,42.5061187744141,-8.87319564819336,"Unknown"
"9004157",371992,2025-05-27 12:50:33,42.5064430236816,-8.87225246429443,"Unknown"
"9004157",371992,2025-05-27 12:56:26,42.5068092346191,-8.87281131744385,"Unknown"
"9004157",371992,2025-05-27 13:03:21,42.5063667297363,-8.87245941162109,"Unknown"
"9004157",371992,2025-05-27 13:09:44,42.5066566467285,-8.87397384643555,"Unknown"
"9004157",371992,2025-05-27 13:14:49,42.5079002380371,-8.8724308013916,"Unknown"
"9004157",371992,2025-05-27 13:20:01,42.508056640625,-8.87229633331299,"Unknown"
"9004157",371992,2025-05-27 13:26:27,42.506591796875,-8.87354469299316,"Unknown"
"9004157",371992,2025-05-27 13:31:31,42.5062217712402,-8.87447166442871,"Unknown"
"9004157",371992,2025-05-27 13:36:21,42.5047035217285,-8.88200092315674,"Unknown"
"9004157",371992,2025-05-27 13:41:38,42.5046730041504,-8.88201999664307,"Unknown"
"9004157",371992,2025-05-27 13:46:44,42.5043411254883,-8.88202381134033,"Unknown"
"9004157",371992,2025-05-27 13:51:22,42.5045280456543,-8.8826789855957,"Unknown"
"9004157",371992,2025-05-27 13:56:21,42.5046081542969,-8.88200283050537,"Unknown"
"9004157",371992,2025-05-27 14:01:21,42.5046272277832,-8.88193988800049,"Unknown"
"9004157",371992,2025-05-27 14:06:21,42.5044784545898,-8.88200759887695,"Unknown"
"9004157",371992,2025-05-27 14:11:21,42.504264831543,-8.88202571868896,"Unknown"
"9004157",371992,2025-05-27 14:16:24,42.5042572021484,-8.88194179534912,"Unknown"
"9004157",371992,2025-05-27 14:21:25,42.5042190551758,-8.88193321228027,"Unknown"
"9004157",371992,2025-05-27 14:26:31,42.504207611084,-8.88209915161133,"Unknown"
"9004157",371992,2025-05-27 14:31:45,42.5040893554688,-8.88215732574463,"Unknown"
"9004157",371992,2025-05-27 14:36:21,42.5042152404785,-8.88216400146484,"Unknown"
"9004157",371992,2025-05-27 14:41:30,42.5030097961426,-8.88426303863525,"Unknown"
"9004157",371992,2025-05-27 14:46:26,42.4811401367188,-8.92358684539795,"Unknown"
"9004157",371992,2025-05-27 14:51:23,42.4659805297852,-8.94311714172363,"Unknown"
"9004157",371992,2025-05-27 14:56:23,42.4431533813477,-8.93784618377686,"Unknown"
"9004157",371992,2025-05-27 15:06:53,42.3988494873047,-8.92102813720703,"Unknown"
"9004157",371992,2025-05-27 15:11:30,42.3988151550293,-8.92091464996338,"Unknown"
"9004157",371992,2025-05-27 15:16:32,42.3988075256348,-8.92093372344971,"Unknown"
"9004157",371992,2025-05-27 15:21:30,42.398853302002,-8.92103958129883,"Unknown"
"9004157",371992,2025-05-27 15:26:30,42.3988342285156,-8.92177772521973,"Unknown"
"9004157",371992,2025-05-27 15:31:25,42.3987197875977,-8.9211311340332,"Unknown"
"9004157",371992,2025-05-27 15:36:24,42.3983993530273,-8.92184066772461,"Unknown"
"9004157",371992,2025-05-27 15:41:31,42.3988952636719,-8.92137145996094,"Unknown"
"9004157",371992,2025-05-27 15:46:31,42.3988342285156,-8.92099857330322,"Unknown"
"9004157",371992,2025-05-27 15:51:22,42.3987846374512,-8.92108249664307,"Unknown"
"9004157",371992,2025-05-27 15:56:33,42.3987655639648,-8.92094707489014,"Unknown"
"9004157",371992,2025-05-27 16:01:24,42.3987808227539,-8.9210901260376,"Unknown"
"9004157",371992,2025-05-27 16:06:30,42.3989028930664,-8.92109107971191,"Unknown"
"9004157",371992,2025-05-27 16:11:31,42.3989105224609,-8.92116260528564,"Unknown"
"9004157",371992,2025-05-27 16:16:28,42.3989448547363,-8.92126369476318,"Unknown"
"9004157",371992,2025-05-27 16:21:27,42.3990631103516,-8.92144870758057,"Unknown"
"9004157",371992,2025-05-27 16:26:30,42.3989906311035,-8.92134284973145,"Unknown"
"9004157",371992,2025-05-27 16:31:30,42.3989601135254,-8.92124652862549,"Unknown"
"9004157",371992,2025-05-27 16:36:28,42.3989372253418,-8.92122077941895,"Unknown"
"9004157",371992,2025-05-27 16:41:30,42.3990020751953,-8.92139530181885,"Unknown"
"9004157",371992,2025-05-27 16:46:28,42.3991241455078,-8.92158222198486,"Unknown"
"9004157",371992,2025-05-27 16:51:36,42.3990249633789,-8.92134380340576,"Unknown"
"9004157",371992,2025-05-27 16:56:39,42.3989944458008,-8.92130470275879,"Unknown"
"9004157",371992,2025-05-27 17:01:24,42.3989372253418,-8.92166519165039,"Unknown"
"9004157",371992,2025-05-27 17:07:44,42.3989486694336,-8.92134857177734,"Unknown"
"9004157",371992,2025-05-27 17:11:24,42.3989868164062,-8.9214916229248,"Unknown"
"9004157",371992,2025-05-27 17:16:21,42.3989143371582,-8.92147254943848,"Unknown"
"9004157",371992,2025-05-27 17:21:28,42.3990249633789,-8.92165756225586,"Unknown"
"9004157",371992,2025-05-27 17:26:23,42.39892578125,-8.92150020599365,"Unknown"
"9004157",371992,2025-05-27 17:31:23,42.3989028930664,-8.92149353027344,"Unknown"
"9004157",371992,2025-05-27 17:36:21,42.3989105224609,-8.92149543762207,"Unknown"
"9004157",371992,2025-05-27 17:41:23,42.3988952636719,-8.92138957977295,"Unknown"
"9004157",371992,2025-05-27 17:46:21,42.3990592956543,-8.92130756378174,"Unknown"
"9004157",371992,2025-05-27 17:51:25,42.3988647460938,-8.92130279541016,"Unknown"
"9004157",371992,2025-05-27 17:56:30,42.398868560791,-8.92135429382324,"Unknown"
"9004157",371992,2025-05-27 18:01:34,42.3988876342773,-8.92149925231934,"Unknown"
"9004157",371992,2025-05-27 18:07:11,42.3988723754883,-8.92115879058838,"Unknown"
"9004157",371992,2025-05-27 18:11:24,42.3987007141113,-8.92150211334229,"Unknown"
"9004157",371992,2025-05-27 18:16:22,42.3988342285156,-8.9215726852417,"Unknown"
"9004157",371992,2025-05-27 18:21:25,42.398853302002,-8.92117595672607,"Unknown"
"9004157",371992,2025-05-27 18:26:22,42.3986930847168,-8.92154884338379,"Unknown"
"9004157",371992,2025-05-27 18:31:23,42.3985404968262,-8.92158603668213,"Unknown"
"9004157",371992,2025-05-27 18:36:22,42.3985977172852,-8.9215784072876,"Unknown"
"9004157",371992,2025-05-27 18:41:22,42.3987083435059,-8.92146492004395,"Unknown"
"9004157",371992,2025-05-27 18:46:31,42.398853302002,-8.92107772827148,"Unknown"
"9004157",371992,2025-05-27 18:51:33,42.3988876342773,-8.92168045043945,"Unknown"
"9004157",371992,2025-05-27 18:56:43,42.3988342285156,-8.92117595672607,"Unknown"
"9004157",371992,2025-05-27 19:01:34,42.398738861084,-8.92152690887451,"Unknown"
"9004157",371992,2025-05-27 19:06:23,42.3985443115234,-8.92132186889648,"Unknown"
"9004157",371992,2025-05-27 19:11:27,42.3988456726074,-8.92135524749756,"Unknown"
"9004157",371992,2025-05-27 19:16:27,42.3988761901855,-8.92142581939697,"Unknown"
"9004157",371992,2025-05-27 19:22:44,42.398754119873,-8.92109298706055,"Unknown"
"9004157",371992,2025-05-27 19:27:44,42.3987808227539,-8.92093658447266,"Unknown"
"9004157",371992,2025-05-27 19:32:44,42.3986930847168,-8.92085075378418,"Unknown"
"9004157",371992,2025-05-27 19:37:44,42.3988227844238,-8.92106151580811,"Unknown"
"9004157",371992,2025-05-27 19:47:44,42.3989791870117,-8.92077541351318,"Unknown"
"9004157",371992,2025-05-27 19:52:44,42.3990211486816,-8.92096042633057,"Unknown"
"9004157",371992,2025-05-27 19:56:31,42.3986701965332,-8.92086696624756,"Unknown"
"9004157",371992,2025-05-27 20:01:58,42.3987236022949,-8.92091655731201,"Unknown"
"9004157",371992,2025-05-27 20:06:37,42.3987197875977,-8.92095279693604,"Unknown"
"9004157",371992,2025-05-27 20:11:34,42.3987617492676,-8.92110347747803,"Unknown"
"9004157",371992,2025-05-27 20:16:24,42.3990287780762,-8.92073726654053,"Unknown"
"9004157",371992,2025-05-27 20:21:30,42.3988189697266,-8.92124080657959,"Unknown"
"9004157",371992,2025-05-27 20:27:16,42.3988418579102,-8.92140102386475,"Unknown"
"9004157",371992,2025-05-27 20:31:30,42.3988609313965,-8.92122364044189,"Unknown"
"9004157",371992,2025-05-27 20:36:30,42.398853302002,-8.92123126983643,"Unknown"
"9004157",371992,2025-05-27 20:41:30,42.3988723754883,-8.92152881622314,"Unknown"
"9004157",371992,2025-05-27 20:47:44,42.3988723754883,-8.92142200469971,"Unknown"
"9004157",371992,2025-05-27 20:52:44,42.3988876342773,-8.92116165161133,"Unknown"
"9004157",371992,2025-05-27 20:57:44,42.3988952636719,-8.9210958480835,"Unknown"
"9004157",371992,2025-05-27 21:02:44,42.3988876342773,-8.92117786407471,"Unknown"
"9004157",371992,2025-05-27 21:07:44,42.3988838195801,-8.92116355895996,"Unknown"
"9004157",371992,2025-05-27 21:12:44,42.3988647460938,-8.92106342315674,"Unknown"
"9004157",371992,2025-05-27 21:17:44,42.3988761901855,-8.92119407653809,"Unknown"
"9004157",371992,2025-05-27 21:22:44,42.3988571166992,-8.92107486724854,"Unknown"
"9004157",371992,2025-05-27 21:27:44,42.3988609313965,-8.92110633850098,"Unknown"
"9004157",371992,2025-05-27 21:32:44,42.3988418579102,-8.92104148864746,"Unknown"
"9004157",371992,2025-05-27 21:37:44,42.3988456726074,-8.92099952697754,"Unknown"
"9004157",371992,2025-05-27 21:41:45,42.3988380432129,-8.92094993591309,"Unknown"
"9004157",371992,2025-05-27 21:46:32,42.3988265991211,-8.92078018188477,"Unknown"
"9004157",371992,2025-05-27 21:52:44,42.3988418579102,-8.92084312438965,"Unknown"
"9004157",371992,2025-05-27 21:57:44,42.398853302002,-8.92099857330322,"Unknown"
"9004157",371992,2025-05-27 22:02:44,42.3988075256348,-8.92108631134033,"Unknown"
"9004157",371992,2025-05-27 22:07:44,42.3988494873047,-8.92122936248779,"Unknown"
"9004157",371992,2025-05-27 22:12:44,42.3988304138184,-8.92104530334473,"Unknown"
"9004157",371992,2025-05-27 22:17:34,42.3988761901855,-8.92101764678955,"Unknown"
"9004157",371992,2025-05-27 22:22:44,42.3987617492676,-8.92007732391357,"Unknown"
"9004157",371992,2025-05-27 22:27:44,42.3988571166992,-8.92099857330322,"Unknown"
"9004157",371992,2025-05-27 22:31:34,42.3988800048828,-8.92132949829102,"Unknown"
"9004157",371992,2025-05-27 22:36:30,42.3988800048828,-8.92129707336426,"Unknown"
"9004157",371992,2025-05-27 22:41:28,42.3988952636719,-8.92148494720459,"Unknown"
"9004157",371992,2025-05-27 22:47:44,42.3989295959473,-8.92175483703613,"Unknown"
"9004157",371992,2025-05-27 22:52:44,42.3989105224609,-8.92150020599365,"Unknown"
"9004157",371992,2025-05-27 22:57:44,42.3989677429199,-8.92164707183838,"Unknown"
"9004157",371992,2025-05-27 23:02:07,42.3988800048828,-8.92150783538818,"Unknown"
"9004157",371992,2025-05-27 23:08:05,42.3992500305176,-8.92094898223877,"Unknown"
"9004157",371992,2025-05-27 23:13:01,42.3991355895996,-8.92062187194824,"Unknown"
"9004157",371992,2025-05-27 23:18:04,42.3990859985352,-8.92049026489258,"Unknown"
"9004157",371992,2025-05-27 23:22:46,42.3990440368652,-8.92080783843994,"Unknown"
"9004157",371992,2025-05-27 23:28:00,42.3988914489746,-8.92191028594971,"Unknown"
"9004157",371992,2025-05-27 23:33:03,42.3989448547363,-8.92172050476074,"Unknown"
"9004157",371992,2025-05-28 00:04:04,42.3989677429199,-8.91982555389404,"Unknown"
"9004157",371992,2025-05-28 00:09:04,42.3989639282227,-8.92013072967529,"Unknown"
"9004157",371992,2025-05-28 00:14:04,42.3989562988281,-8.9205150604248,"Unknown"
"9004157",371992,2025-05-28 00:19:04,42.3989753723145,-8.9209566116333,"Unknown"
"9004157",371992,2025-05-28 00:24:04,42.3989372253418,-8.92084693908691,"Unknown"
"9004157",371992,2025-05-28 00:29:04,42.3989410400391,-8.92091846466064,"Unknown"
"9004157",371992,2025-05-28 00:39:04,42.3989372253418,-8.92097759246826,"Unknown"
"9004157",371992,2025-05-28 00:49:04,42.3990631103516,-8.92114734649658,"Unknown"
"9004157",371992,2025-05-28 00:59:04,42.3990173339844,-8.92035865783691,"Unknown"
"9004157",371992,2025-05-28 01:09:04,42.3990364074707,-8.92049980163574,"Unknown"
"9004157",371992,2025-05-28 01:18:02,42.3989524841309,-8.92126178741455,"Unknown"
"9004157",371992,2025-05-28 01:27:45,42.3988418579102,-8.92276859283447,"Unknown"
"9004157",371992,2025-05-28 01:37:42,42.3989448547363,-8.92138195037842,"Unknown"
"9004157",371992,2025-05-28 01:49:04,42.3988914489746,-8.92107105255127,"Unknown"
"9004157",371992,2025-05-28 01:57:56,42.398868560791,-8.92114353179932,"Unknown"
"9004157",371992,2025-05-28 02:09:01,42.3988647460938,-8.92103672027588,"Unknown"
"9004157",371992,2025-05-28 02:39:04,42.3989372253418,-8.92189121246338,"Unknown"
"9004157",371992,2025-05-28 03:08:24,42.3990097045898,-8.92095470428467,"Unknown"
"9004157",371992,2025-05-28 03:18:14,42.3991622924805,-8.92165946960449,"Unknown"
"9004157",371992,2025-05-28 03:29:04,42.3990745544434,-8.91997528076172,"Unknown"
"9004157",371992,2025-05-28 03:38:38,42.3990707397461,-8.92071056365967,"Unknown"
"9004157",371992,2025-05-28 03:49:04,42.3990783691406,-8.9204626083374,"Unknown"
"9004157",371992,2025-05-28 03:58:25,42.3989562988281,-8.92099094390869,"Unknown"
"9004157",371992,2025-05-28 04:07:51,42.3989028930664,-8.92121601104736,"Unknown"
"9004157",371992,2025-05-28 04:19:04,42.3989334106445,-8.92102146148682,"Unknown"
"9004157",371992,2025-05-28 04:28:02,42.3989334106445,-8.92163848876953,"Unknown"
"9004157",371992,2025-05-28 04:38:02,42.3989334106445,-8.92102909088135,"Unknown"
"9004157",371992,2025-05-28 04:49:02,42.39892578125,-8.92098331451416,"Unknown"
"9004157",371992,2025-05-28 04:57:50,42.398998260498,-8.92082786560059,"Unknown"
"9004157",371992,2025-05-28 05:07:53,42.398998260498,-8.92089176177979,"Unknown"
"9004157",371992,2025-05-28 05:38:05,42.3990249633789,-8.92093372344971,"Unknown"
"9004157",371992,2025-05-28 05:48:14,42.3989753723145,-8.92129898071289,"Unknown"
"9004157",371992,2025-05-28 05:57:57,42.3984184265137,-8.92043590545654,"Unknown"
"9004157",371992,2025-05-28 06:07:49,42.398567199707,-8.92039108276367,"Unknown"
"9004157",371992,2025-05-28 06:17:49,42.3985023498535,-8.91962051391602,"Unknown"
"9004157",371992,2025-05-28 06:27:57,42.3986167907715,-8.91907024383545,"Unknown"
"9004157",371992,2025-05-28 06:37:49,42.3988418579102,-8.91940689086914,"Unknown"
"9004157",371992,2025-05-28 06:48:53,42.3988990783691,-8.9212589263916,"Unknown"
"9004157",371992,2025-05-28 06:57:44,42.3988761901855,-8.92110729217529,"Unknown"
"9004157",371992,2025-05-28 07:08:33,42.398983001709,-8.92136287689209,"Unknown"
"9004157",371992,2025-05-28 07:17:40,42.3988952636719,-8.92118835449219,"Unknown"
"9004157",371992,2025-05-28 07:27:49,42.3989028930664,-8.92120742797852,"Unknown"
"9004157",371992,2025-05-28 07:37:41,42.3989219665527,-8.92137432098389,"Unknown"
"9004157",371992,2025-05-28 07:48:10,42.3988990783691,-8.92123508453369,"Unknown"
"9004157",371992,2025-05-28 07:57:41,42.3989486694336,-8.92118072509766,"Unknown"
"9004157",371992,2025-05-28 08:07:41,42.4416923522949,-8.92687892913818,"Unknown"
"9004157",371992,2025-05-28 08:18:04,42.4929962158203,-8.91176319122314,"Unknown"
"9004157",371992,2025-05-28 08:38:49,42.5047149658203,-8.87261486053467,"Unknown"
"9004157",371992,2025-05-28 08:48:48,42.5045928955078,-8.87468719482422,"Unknown"
"9004157",371992,2025-05-28 08:59:20,42.5056419372559,-8.87271881103516,"Unknown"
"9004157",371992,2025-05-28 09:09:20,42.5063781738281,-8.87109279632568,"Unknown"
"9004157",371992,2025-05-28 09:19:23,42.5087242126465,-8.86960124969482,"Unknown"
"9004157",371992,2025-05-28 09:29:34,42.5116767883301,-8.8634033203125,"Unknown"
"9004157",371992,2025-05-28 10:41:06,42.5071868896484,-8.87018203735352,"Unknown"
"9004157",371992,2025-05-28 10:51:58,42.505786895752,-8.87206649780273,"Unknown"
"9004157",371992,2025-05-28 10:57:47,42.5057830810547,-8.87291717529297,"Unknown"
"9004157",371992,2025-05-28 11:04:06,42.5056228637695,-8.87386894226074,"Unknown"
"9004157",371992,2025-05-28 11:14:23,42.506404876709,-8.87132167816162,"Unknown"
"9004157",371992,2025-05-28 11:20:34,42.5078582763672,-8.87053966522217,"Unknown"
"9004157",371992,2025-05-28 11:26:44,42.5072784423828,-8.87134456634521,"Unknown"
"9004157",371992,2025-05-28 11:51:44,42.5075569152832,-8.87215328216553,"Unknown"
"9004157",371992,2025-05-28 11:57:31,42.5067138671875,-8.87358283996582,"Unknown"
"9004157",371992,2025-05-28 12:04:15,42.5063209533691,-8.87377643585205,"Unknown"
"9004157",371992,2025-05-28 12:10:00,42.5064430236816,-8.87468433380127,"Unknown"
"9004157",371992,2025-05-28 12:15:31,42.5060539245605,-8.87551879882812,"Unknown"
"9004157",371992,2025-05-28 12:21:01,42.5054626464844,-8.87555027008057,"Unknown"
"9004157",371992,2025-05-28 12:26:31,42.5049743652344,-8.87635612487793,"Unknown"
"9004157",371992,2025-05-28 12:31:36,42.5054893493652,-8.87817859649658,"Unknown"
"9004157",371992,2025-05-28 12:36:37,42.5050354003906,-8.87963104248047,"Unknown"
"9004157",371992,2025-05-28 12:41:37,42.5049934387207,-8.87961483001709,"Unknown"
"9004157",371992,2025-05-28 12:46:37,42.5050086975098,-8.87964534759521,"Unknown"
"9004157",371992,2025-05-28 12:51:31,42.5049858093262,-8.87962818145752,"Unknown"
"9004157",371992,2025-05-28 12:56:31,42.5049858093262,-8.87957668304443,"Unknown"
"9004157",371992,2025-05-28 13:01:37,42.505012512207,-8.8796329498291,"Unknown"
"9004157",371992,2025-05-28 13:06:37,42.5049858093262,-8.87963962554932,"Unknown"
"9004157",371992,2025-05-28 13:11:37,42.5050239562988,-8.8796501159668,"Unknown"
"9004157",371992,2025-05-28 13:16:37,42.5050201416016,-8.87963104248047,"Unknown"
"9004157",371992,2025-05-28 13:21:27,42.5054092407227,-8.88039684295654,"Unknown"
"9004157",371992,2025-05-28 13:26:50,42.5055503845215,-8.87753391265869,"Unknown"
"9004157",371992,2025-05-28 13:31:43,42.5061454772949,-8.87465572357178,"Unknown"
"9004157",371992,2025-05-28 13:45:19,42.5085182189941,-8.86979198455811,"Unknown"
"9004157",371992,2025-05-28 13:51:01,42.5093536376953,-8.86969566345215,"Unknown"
"9004157",371992,2025-05-28 14:06:44,42.5082168579102,-8.86965560913086,"Unknown"
"9004157",371992,2025-05-28 14:11:43,42.5075912475586,-8.87023258209229,"Unknown"
"9004157",371992,2025-05-28 14:16:42,42.5069351196289,-8.87054920196533,"Unknown"
"9004157",371992,2025-05-28 14:21:44,42.5078773498535,-8.87046527862549,"Unknown"
"9004157",371992,2025-05-28 14:27:19,42.5089225769043,-8.87030220031738,"Unknown"
"9004157",371992,2025-05-28 14:32:47,42.5085182189941,-8.87129688262939,"Unknown"
"9004157",371992,2025-05-28 14:38:18,42.5068359375,-8.87102031707764,"Unknown"
"9004157",371992,2025-05-28 14:43:37,42.5069961547852,-8.87054538726807,"Unknown"
"9004157",371992,2025-05-28 14:51:14,42.5079612731934,-8.87072086334229,"Unknown"
"9004157",371992,2025-05-28 14:57:01,42.5084686279297,-8.87182521820068,"Unknown"
"9004157",371992,2025-05-28 15:02:34,42.5097503662109,-8.8715181350708,"Unknown"
"9004157",371992,2025-05-28 15:07:39,42.5085792541504,-8.87299060821533,"Unknown"
"9004157",371992,2025-05-28 15:12:39,42.5069847106934,-8.87247657775879,"Unknown"
"9004157",371992,2025-05-28 15:17:34,42.5064544677734,-8.87308788299561,"Unknown"
"9004157",371992,2025-05-28 15:22:34,42.5054740905762,-8.87356472015381,"Unknown"
"9004157",371992,2025-05-28 15:27:33,42.5057907104492,-8.87274360656738,"Unknown"
"9004157",371992,2025-05-28 15:33:59,42.5060272216797,-8.87896347045898,"Unknown"
"9004157",371992,2025-05-28 15:39:13,42.5050506591797,-8.87566947937012,"Unknown"
"9004157",371992,2025-05-28 15:44:08,42.493839263916,-8.89837837219238,"Unknown"
"9004157",371992,2025-05-28 15:49:15,42.4913520812988,-8.90569114685059,"Unknown"
"9004157",371992,2025-05-28 15:54:06,42.4914054870605,-8.90541362762451,"Unknown"
"9004157",371992,2025-05-28 15:59:06,42.4913330078125,-8.90559768676758,"Unknown"
"9004157",371992,2025-05-28 16:04:06,42.4913787841797,-8.90572643280029,"Unknown"
"9004157",371992,2025-05-28 16:08:59,42.4912948608398,-8.90692901611328,"Unknown"
"9004157",371992,2025-05-28 16:14:06,42.4912719726562,-8.90619850158691,"Unknown"
"9004157",371992,2025-05-28 16:19:05,42.4913215637207,-8.90447235107422,"Unknown"
"9004157",371992,2025-05-28 16:24:04,42.4914436340332,-8.90543270111084,"Unknown"
"9004157",371992,2025-05-28 16:29:06,42.4912910461426,-8.90515995025635,"Unknown"
"9004157",371992,2025-05-28 16:34:07,42.4913215637207,-8.90512466430664,"Unknown"
"9004157",371992,2025-05-28 16:39:14,42.4898948669434,-8.90771198272705,"Unknown"
"9004157",371992,2025-05-28 16:44:20,42.4896011352539,-8.91050338745117,"Unknown"
"9004157",371992,2025-05-28 16:49:30,42.4805526733398,-8.93642330169678,"Unknown"
"9004157",371992,2025-05-28 16:53:58,42.480583190918,-8.93646240234375,"Unknown"
"9004157",371992,2025-05-28 16:58:59,42.4805221557617,-8.93647480010986,"Unknown"
"9004157",371992,2025-05-28 17:03:58,42.4805450439453,-8.93641471862793,"Unknown"
"9004157",371992,2025-05-28 17:08:59,42.4556503295898,-8.94483852386475,"Unknown"
"9004157",371992,2025-05-28 17:14:02,42.4459342956543,-8.94438552856445,"Unknown"
"9004157",371992,2025-05-28 17:18:59,42.4437103271484,-8.94368076324463,"Unknown"
"9004157",371992,2025-05-28 17:23:59,42.4410705566406,-8.94298648834229,"Unknown"
"9004157",371992,2025-05-28 17:28:58,42.4385986328125,-8.94234657287598,"Unknown"
"9004157",371992,2025-05-28 17:33:58,42.4361381530762,-8.94175720214844,"Unknown"
"9004157",371992,2025-05-28 17:38:58,42.4337005615234,-8.94115447998047,"Unknown"
"9004157",371992,2025-05-28 17:43:58,42.4131546020508,-8.93276309967041,"Unknown"
"9004157",371992,2025-05-28 17:49:01,42.3990440368652,-8.92130374908447,"Unknown"
"9004157",371992,2025-05-28 17:59:03,42.398853302002,-8.92122936248779,"Unknown"
"9004157",371992,2025-05-28 18:04:39,42.3988838195801,-8.92105579376221,"Unknown"
"9004157",371992,2025-05-28 18:09:05,42.3988609313965,-8.92087554931641,"Unknown"
"9004157",371992,2025-05-28 18:13:58,42.3988380432129,-8.92101764678955,"Unknown"
"9004157",371992,2025-05-28 18:19:00,42.3988304138184,-8.92088794708252,"Unknown"
"9004157",371992,2025-05-28 18:24:00,42.3987846374512,-8.92091274261475,"Unknown"
"9004157",371992,2025-05-28 18:29:00,42.3987083435059,-8.92094326019287,"Unknown"
"9004157",371992,2025-05-28 18:34:00,42.3988189697266,-8.92092037200928,"Unknown"
"9004157",371992,2025-05-28 18:39:00,42.398796081543,-8.92087078094482,"Unknown"
"9004157",371992,2025-05-28 18:44:13,42.3988380432129,-8.92097187042236,"Unknown"
"9004157",371992,2025-05-28 18:49:05,42.398853302002,-8.92097282409668,"Unknown"
"9004157",371992,2025-05-28 18:54:01,42.3988151550293,-8.92085266113281,"Unknown"
"9004157",371992,2025-05-28 18:59:01,42.398868560791,-8.9209508895874,"Unknown"
"9004157",371992,2025-05-28 19:04:02,42.3986663818359,-8.92069053649902,"Unknown"
"9004157",371992,2025-05-28 19:09:03,42.3988647460938,-8.92097854614258,"Unknown"
"9004157",371992,2025-05-28 19:14:01,42.3988265991211,-8.92093181610107,"Unknown"
"9004157",371992,2025-05-28 19:19:14,42.3987884521484,-8.92084884643555,"Unknown"
"9004157",371992,2025-05-28 19:24:03,42.3987884521484,-8.92088317871094,"Unknown"
"9004157",371992,2025-05-28 19:29:44,42.3988571166992,-8.92107105255127,"Unknown"
"9004157",371992,2025-05-28 19:34:00,42.3987922668457,-8.9209566116333,"Unknown"
"9004157",371992,2025-05-28 19:39:03,42.3987884521484,-8.920973777771,"Unknown"
"9004157",371992,2025-05-28 19:44:04,42.3988800048828,-8.92122745513916,"Unknown"
"9004157",371992,2025-05-28 19:49:14,42.3987846374512,-8.92099857330322,"Unknown"
"9004157",371992,2025-05-28 19:54:00,42.3989524841309,-8.92124557495117,"Unknown"
"9004157",371992,2025-05-28 19:59:05,42.3989639282227,-8.92140293121338,"Unknown"
"9004157",371992,2025-05-28 20:04:00,42.3989181518555,-8.92129898071289,"Unknown"
"9004157",371992,2025-05-28 20:08:58,42.3988800048828,-8.92119884490967,"Unknown"
"9004157",371992,2025-05-28 20:13:58,42.3988838195801,-8.92114925384521,"Unknown"
"9004157",371992,2025-05-28 20:18:58,42.3989181518555,-8.92137336730957,"Unknown"
"9004157",371992,2025-05-28 20:23:58,42.3989334106445,-8.9212121963501,"Unknown"
"9004157",371992,2025-05-28 20:29:02,42.3988952636719,-8.92104911804199,"Unknown"
"9004157",371992,2025-05-28 20:34:00,42.3988800048828,-8.92106342315674,"Unknown"
"9004157",371992,2025-05-28 20:40:19,42.3987350463867,-8.92024421691895,"Unknown"
"9004157",371992,2025-05-28 20:44:27,42.3986930847168,-8.92025566101074,"Unknown"
"9004157",371992,2025-05-28 20:48:59,42.3987083435059,-8.92025566101074,"Unknown"
"9004157",371992,2025-05-28 20:53:58,42.3985786437988,-8.92040061950684,"Unknown"
"9004157",371992,2025-05-28 20:58:58,42.3988418579102,-8.92037582397461,"Unknown"
"9004157",371992,2025-05-28 21:04:01,42.3989715576172,-8.92083358764648,"Unknown"
"9004157",371992,2025-05-28 21:08:59,42.3993377685547,-8.92063522338867,"Unknown"
"9004157",371992,2025-05-28 21:14:00,42.3993453979492,-8.92123031616211,"Unknown"
"9004157",371992,2025-05-28 21:18:59,42.3995628356934,-8.92057228088379,"Unknown"
"9004157",371992,2025-05-28 21:24:01,42.3989601135254,-8.92088603973389,"Unknown"
"9004157",371992,2025-05-28 21:29:00,42.3997039794922,-8.92051410675049,"Unknown"
"9004157",371992,2025-05-28 21:34:04,42.3989562988281,-8.92133235931396,"Unknown"
"9004157",371992,2025-05-28 21:39:14,42.3988723754883,-8.92116260528564,"Unknown"
"9004157",371992,2025-05-28 21:43:58,42.398983001709,-8.92129039764404,"Unknown"
"9004157",371992,2025-05-28 21:48:58,42.3993339538574,-8.92080783843994,"Unknown"
"9004157",371992,2025-05-28 21:53:59,42.3993721008301,-8.92073726654053,"Unknown"
"9004157",371992,2025-05-28 21:58:58,42.3990516662598,-8.92108249664307,"Unknown"
"9004157",371992,2025-05-28 22:04:04,42.399169921875,-8.92129802703857,"Unknown"
"9004157",371992,2025-05-28 22:08:58,42.3990020751953,-8.92090797424316,"Unknown"
"9004157",371992,2025-05-28 22:14:00,42.3991622924805,-8.92092609405518,"Unknown"
"9004157",371992,2025-05-28 22:19:00,42.3990020751953,-8.92133712768555,"Unknown"
"9004157",371992,2025-05-28 22:24:01,42.3988151550293,-8.92133140563965,"Unknown"
"9004157",371992,2025-05-28 22:29:00,42.3991813659668,-8.92117595672607,"Unknown"
"9004157",371992,2025-05-28 22:34:29,42.3988723754883,-8.92120933532715,"Unknown"
"9004157",371992,2025-05-28 22:39:00,42.3989143371582,-8.92141914367676,"Unknown"
"9004157",371992,2025-05-28 22:44:44,42.3989486694336,-8.92130374908447,"Unknown"
"9004157",371992,2025-05-28 22:48:59,42.3989562988281,-8.92140007019043,"Unknown"
"9004157",371992,2025-05-28 22:54:05,42.3989105224609,-8.92155170440674,"Unknown"
"9004157",371992,2025-05-28 22:59:11,42.398868560791,-8.92155647277832,"Unknown"
"9004157",371992,2025-05-28 23:04:03,42.3989944458008,-8.92156314849854,"Unknown"
"9004157",371992,2025-05-28 23:09:13,42.3989524841309,-8.92190551757812,"Unknown"
"9004157",371992,2025-05-28 23:13:59,42.3991508483887,-8.92176246643066,"Unknown"
"9004157",371992,2025-05-28 23:18:59,42.3989334106445,-8.92136859893799,"Unknown"
"9004157",371992,2025-05-28 23:23:58,42.39892578125,-8.92128086090088,"Unknown"
"9004157",371992,2025-05-28 23:28:59,42.3988761901855,-8.9211540222168,"Unknown"
"9004157",371992,2025-05-28 23:34:05,42.3989601135254,-8.92141723632812,"Unknown"
"9004157",371992,2025-05-28 23:38:59,42.3988227844238,-8.92103481292725,"Unknown"
"9004157",371992,2025-05-28 23:43:59,42.3989639282227,-8.92155361175537,"Unknown"
"9004157",371992,2025-05-28 23:49:01,42.3989295959473,-8.92141628265381,"Unknown"
"9004157",371992,2025-05-28 23:53:58,42.3988761901855,-8.92110824584961,"Unknown"
"9004157",371992,2025-05-28 23:58:58,42.3989028930664,-8.9212121963501,"Unknown"
"9004157",371992,2025-05-29 00:03:59,42.3988647460938,-8.92104434967041,"Unknown"
"9004157",371992,2025-05-29 00:09:02,42.3989143371582,-8.92118644714355,"Unknown"
"9004157",371992,2025-05-29 00:14:00,42.3989143371582,-8.92160892486572,"Unknown"
"9004157",371992,2025-05-29 00:19:01,42.3988227844238,-8.92154121398926,"Unknown"
"9004157",371992,2025-05-29 00:23:58,42.3989181518555,-8.92076110839844,"Unknown"
"9004157",371992,2025-05-29 00:28:59,42.398853302002,-8.92157554626465,"Unknown"
"9004157",371992,2025-05-29 00:33:58,42.3987121582031,-8.92091464996338,"Unknown"
"9004157",371992,2025-05-29 00:38:58,42.3988380432129,-8.92099857330322,"Unknown"
"9004157",371992,2025-05-29 00:43:58,42.3988761901855,-8.92106151580811,"Unknown"
"9004157",371992,2025-05-29 00:48:58,42.3988647460938,-8.92123413085938,"Unknown"
"9004157",371992,2025-05-29 00:53:59,42.3989944458008,-8.92123603820801,"Unknown"
"9004157",371992,2025-05-29 00:58:59,42.3989181518555,-8.92138004302979,"Unknown"
"9004157",371992,2025-05-29 01:03:59,42.3988761901855,-8.92121124267578,"Unknown"
"9004157",371992,2025-05-29 01:09:21,42.3990211486816,-8.92109870910645,"Unknown"
"9004157",371992,2025-05-29 01:14:06,42.3989868164062,-8.92104434967041,"Unknown"
"9004157",371992,2025-05-29 01:20:22,42.3989143371582,-8.92117118835449,"Unknown"
"9004157",371992,2025-05-29 01:24:14,42.3989143371582,-8.9212121963501,"Unknown"
"9004157",371992,2025-05-29 01:30:21,42.3989334106445,-8.9212064743042,"Unknown"
"9004157",371992,2025-05-29 01:34:14,42.3989067077637,-8.92117595672607,"Unknown"
"9004157",371992,2025-05-29 01:39:03,42.3989295959473,-8.9210901260376,"Unknown"
"9004157",371992,2025-05-29 01:45:21,42.39892578125,-8.92102718353271,"Unknown"
"9004157",371992,2025-05-29 01:49:03,42.398796081543,-8.92083358764648,"Unknown"
"9004157",371992,2025-05-29 01:54:00,42.3988418579102,-8.92097854614258,"Unknown"
"9004157",371992,2025-05-29 01:59:04,42.3990020751953,-8.92161273956299,"Unknown"
"9004157",371992,2025-05-29 02:04:20,42.3989944458008,-8.92176628112793,"Unknown"
"9004157",371992,2025-05-29 02:09:01,42.3990440368652,-8.92158603668213,"Unknown"
"9004157",371992,2025-05-29 02:14:20,42.3990287780762,-8.92212581634521,"Unknown"
"9004157",371992,2025-05-29 02:19:13,42.3990135192871,-8.92187404632568,"Unknown"
"9004157",371992,2025-05-29 02:24:05,42.3990097045898,-8.9215612411499,"Unknown"
"9004157",371992,2025-05-29 02:29:00,42.398853302002,-8.92110538482666,"Unknown"
"9004157",371992,2025-05-29 02:34:07,42.3990097045898,-8.92137432098389,"Unknown"
"9004157",371992,2025-05-29 02:39:04,42.3989448547363,-8.92117977142334,"Unknown"
"9004157",371992,2025-05-29 02:43:59,42.3988304138184,-8.92105579376221,"Unknown"
"9004157",371992,2025-05-29 02:49:02,42.398796081543,-8.92090034484863,"Unknown"
"9004157",371992,2025-05-29 02:54:04,42.3987998962402,-8.9209098815918,"Unknown"
"9004157",371992,2025-05-29 02:59:03,42.3989448547363,-8.92106056213379,"Unknown"
"9004157",371992,2025-05-29 03:04:04,42.3989143371582,-8.9210090637207,"Unknown"
"9004157",371992,2025-05-29 03:09:04,42.398796081543,-8.92091083526611,"Unknown"
"9004157",371992,2025-05-29 03:14:00,42.3987731933594,-8.92079544067383,"Unknown"
"9004157",371992,2025-05-29 03:18:59,42.3987464904785,-8.92088031768799,"Unknown"
"9004157",371992,2025-05-29 03:23:59,42.398754119873,-8.92080211639404,"Unknown"
"9004157",371992,2025-05-29 03:29:06,42.3988380432129,-8.92093181610107,"Unknown"
"9004157",371992,2025-05-29 03:34:01,42.3988990783691,-8.92102909088135,"Unknown"
"9004157",371992,2025-05-29 03:38:59,42.3987579345703,-8.92075252532959,"Unknown"
"9004157",371992,2025-05-29 03:44:00,42.398811340332,-8.92082977294922,"Unknown"
"9004157",371992,2025-05-29 03:48:58,42.3988227844238,-8.92079830169678,"Unknown"
"9004157",371992,2025-05-29 03:54:01,42.3989295959473,-8.92094612121582,"Unknown"
"9004157",371992,2025-05-29 03:58:59,42.3988952636719,-8.92104911804199,"Unknown"
"9004157",371992,2025-05-29 04:04:02,42.3987922668457,-8.92099857330322,"Unknown"
"9004157",371992,2025-05-29 04:08:59,42.3988571166992,-8.92089366912842,"Unknown"
"9004157",371992,2025-05-29 04:14:00,42.3988265991211,-8.92078495025635,"Unknown"
"9004157",371992,2025-05-29 04:19:03,42.3989334106445,-8.92146015167236,"Unknown"
"9004157",371992,2025-05-29 04:24:13,42.3989715576172,-8.92120552062988,"Unknown"
"9004157",371992,2025-05-29 04:29:17,42.3990135192871,-8.92133903503418,"Unknown"
"9004157",371992,2025-05-29 04:34:20,42.3991012573242,-8.92142295837402,"Unknown"
"9004157",371992,2025-05-29 04:39:50,42.3990783691406,-8.92181968688965,"Unknown"
"9004157",371992,2025-05-29 04:44:05,42.3991508483887,-8.92144107818604,"Unknown"
"9004157",371992,2025-05-29 04:49:01,42.3991470336914,-8.92177200317383,"Unknown"
"9004157",371992,2025-05-29 04:54:07,42.3991737365723,-8.92172718048096,"Unknown"
"9004157",371992,2025-05-29 04:59:02,42.3991165161133,-8.92158889770508,"Unknown"
"9004157",371992,2025-05-29 05:05:21,42.3988723754883,-8.9210901260376,"Unknown"
"9004157",371992,2025-05-29 05:30:16,42.3989372253418,-8.92137145996094,"Unknown"
"9004157",371992,2025-05-29 05:35:11,42.39892578125,-8.9211368560791,"Unknown"
"9004157",371992,2025-05-29 05:39:00,42.3985443115234,-8.92200183868408,"Unknown"
"9004157",371992,2025-05-29 05:44:07,42.3988723754883,-8.92116451263428,"Unknown"
"9004157",371992,2025-05-29 05:49:04,42.3988418579102,-8.92114162445068,"Unknown"
"9004157",371992,2025-05-29 05:54:00,42.3988761901855,-8.92118453979492,"Unknown"
"9004157",371992,2025-05-29 05:59:01,42.3988571166992,-8.92121028900146,"Unknown"
"9004157",371992,2025-05-29 06:04:03,42.3988380432129,-8.9211368560791,"Unknown"
"9004157",371992,2025-05-29 06:09:03,42.3988876342773,-8.92130470275879,"Unknown"
"9004157",371992,2025-05-29 06:14:01,42.3988265991211,-8.92133140563965,"Unknown"
"9004157",371992,2025-05-29 06:18:59,42.3989181518555,-8.92128372192383,"Unknown"
"9004157",371992,2025-05-29 06:24:12,42.398868560791,-8.92114353179932,"Unknown"
"9004157",371992,2025-05-29 06:45:00,42.3987007141113,-8.92053031921387,"Unknown"
"9004157",371992,2025-05-29 06:50:20,42.3990478515625,-8.92082977294922,"Unknown"
"9004157",371992,2025-05-29 06:55:11,42.3987159729004,-8.92080593109131,"Unknown"
"9004157",371992,2025-05-29 06:59:44,42.3989143371582,-8.92085456848145,"Unknown"
"9004157",371992,2025-05-29 07:05:07,42.3992118835449,-8.92061424255371,"Unknown"
"9004157",371992,2025-05-29 07:09:20,42.3989028930664,-8.92071723937988,"Unknown"
"9004157",371992,2025-05-29 07:14:58,42.3989677429199,-8.92068099975586,"Unknown"
"9004157",371992,2025-05-29 07:18:58,42.424144744873,-8.92257976531982,"Unknown"
"9004157",371992,2025-05-29 07:23:58,42.4620513916016,-8.9415979385376,"Unknown"
"9004157",371992,2025-05-29 07:28:58,42.4912147521973,-8.9164981842041,"Unknown"
"9004157",371992,2025-05-29 07:34:35,42.5065040588379,-8.87346076965332,"Unknown"
"9004157",371992,2025-05-29 07:39:56,42.507137298584,-8.87158870697021,"Unknown"
"9004157",371992,2025-05-29 07:44:57,42.5075225830078,-8.87018871307373,"Unknown"
"9004157",371992,2025-05-29 07:50:17,42.5087394714355,-8.87030696868896,"Unknown"
"9004157",371992,2025-05-29 07:55:45,42.510612487793,-8.86999893188477,"Unknown"
"9004157",371992,2025-05-29 08:01:14,42.5120239257812,-8.87099170684814,"Unknown"
"9004157",371992,2025-05-29 08:06:13,42.5182876586914,-8.8659610748291,"Unknown"
"9004157",371992,2025-05-29 08:11:13,42.5182304382324,-8.86584854125977,"Unknown"
"9004157",371992,2025-05-29 08:16:13,42.518238067627,-8.86585903167725,"Unknown"
"9004157",371992,2025-05-29 08:21:13,42.518196105957,-8.86580467224121,"Unknown"
"9004157",371992,2025-05-29 08:26:13,42.5182151794434,-8.86575984954834,"Unknown"
"9004157",371992,2025-05-29 08:31:13,42.5182037353516,-8.86581325531006,"Unknown"
"9004157",371992,2025-05-29 08:36:13,42.5180053710938,-8.86574172973633,"Unknown"
"9004157",371992,2025-05-29 08:41:13,42.5178718566895,-8.86578369140625,"Unknown"
"9004157",371992,2025-05-29 08:46:13,42.5178184509277,-8.86546325683594,"Unknown"
"9004157",371992,2025-05-29 08:51:14,42.5181541442871,-8.86570739746094,"Unknown"
"9004157",371992,2025-05-29 08:56:17,42.516242980957,-8.859450340271,"Unknown"
"9004157",371992,2025-05-29 09:01:46,42.5156364440918,-8.85786437988281,"Unknown"
"9004157",371992,2025-05-29 09:07:18,42.5143089294434,-8.85793018341064,"Unknown"
"9004157",371992,2025-05-29 09:12:19,42.5135955810547,-8.85909271240234,"Unknown"
"9004157",371992,2025-05-29 09:17:33,42.5117568969727,-8.86008358001709,"Unknown"
"9004157",371992,2025-05-29 09:23:37,42.509838104248,-8.86005878448486,"Unknown"
"9004157",371992,2025-05-29 09:28:39,42.5096015930176,-8.86188983917236,"Unknown"
"9004157",371992,2025-05-29 09:33:43,42.510082244873,-8.8638391494751,"Unknown"
"9004157",371992,2025-05-29 09:38:53,42.5096206665039,-8.86586570739746,"Unknown"
"9004157",371992,2025-05-29 09:44:54,42.5112152099609,-8.8665771484375,"Unknown"
"9004157",371992,2025-05-29 09:49:44,42.5117301940918,-8.86563396453857,"Unknown"
"9004157",371992,2025-05-29 09:54:51,42.5118560791016,-8.86560249328613,"Unknown"
"9004157",371992,2025-05-29 10:00:40,42.5143089294434,-8.86424350738525,"Unknown"
"9004157",371992,2025-05-29 10:05:25,42.5141334533691,-8.86420440673828,"Unknown"
"9004157",371992,2025-05-29 10:10:25,42.5141487121582,-8.86408519744873,"Unknown"
"9004157",371992,2025-05-29 10:15:25,42.5141105651855,-8.86424827575684,"Unknown"
"9004157",371992,2025-05-29 10:20:25,42.5140495300293,-8.86444187164307,"Unknown"
"9004157",371992,2025-05-29 10:25:25,42.5140190124512,-8.8643684387207,"Unknown"
"9004157",371992,2025-05-29 10:30:25,42.5140533447266,-8.8642578125,"Unknown"
"9004157",371992,2025-05-29 10:35:25,42.5146484375,-8.86528491973877,"Unknown"
"9004157",371992,2025-05-29 10:40:25,42.5142250061035,-8.86341953277588,"Unknown"
"9004157",371992,2025-05-29 10:45:25,42.514274597168,-8.86309337615967,"Unknown"
"9004157",371992,2025-05-29 10:50:25,42.5144309997559,-8.86388778686523,"Unknown"
"9004157",371992,2025-05-29 10:55:27,42.5137023925781,-8.86471939086914,"Unknown"
"9004157",371992,2025-05-29 11:00:28,42.5143966674805,-8.86310291290283,"Unknown"
"9004157",371992,2025-05-29 11:05:30,42.5144233703613,-8.86495780944824,"Unknown"
"9004157",371992,2025-05-29 11:10:25,42.5140495300293,-8.86446762084961,"Unknown"
"9004157",371992,2025-05-29 11:15:26,42.5146217346191,-8.86459636688232,"Unknown"
"9004157",371992,2025-05-29 11:21:11,42.5085067749023,-8.86963844299316,"Unknown"
"9004157",371992,2025-05-29 11:26:31,42.5067443847656,-8.87019729614258,"Unknown"
"9004157",371992,2025-05-29 11:31:30,42.5060386657715,-8.87095165252686,"Unknown"
"9004157",371992,2025-05-29 11:36:45,42.5050239562988,-8.87067127227783,"Unknown"
"9004157",371992,2025-05-29 11:41:45,42.5044097900391,-8.87216567993164,"Unknown"
"9004157",371992,2025-05-29 11:46:45,42.5041770935059,-8.87405967712402,"Unknown"
"9004157",371992,2025-05-29 11:52:07,42.5053024291992,-8.87246799468994,"Unknown"
"9004157",371992,2025-05-29 11:57:46,42.5063171386719,-8.87037944793701,"Unknown"
"9004157",371992,2025-05-29 12:03:28,42.508129119873,-8.86949253082275,"Unknown"
"9004157",371992,2025-05-29 12:08:32,42.5096244812012,-8.86943912506104,"Unknown"
"9004157",371992,2025-05-29 12:14:22,42.5089912414551,-8.86965560913086,"Unknown"
"9004157",371992,2025-05-29 12:19:40,42.5080146789551,-8.8701343536377,"Unknown"
"9004157",371992,2025-05-29 12:24:54,42.5061950683594,-8.87097263336182,"Unknown"
"9004157",371992,2025-05-29 12:30:13,42.5054588317871,-8.87195682525635,"Unknown"
"9004157",371992,2025-05-29 12:35:13,42.5051422119141,-8.87309646606445,"Unknown"
"9004157",371992,2025-05-29 12:40:20,42.5048789978027,-8.87345504760742,"Unknown"
"9004157",371992,2025-05-29 12:45:20,42.5053215026855,-8.87383842468262,"Unknown"
"9004157",371992,2025-05-29 12:50:37,42.5055274963379,-8.87410640716553,"Unknown"
"9004157",371992,2025-05-29 12:56:28,42.5053062438965,-8.87605857849121,"Unknown"
"9004157",371992,2025-05-29 13:01:30,42.5048332214355,-8.87630558013916,"Unknown"
"9004157",371992,2025-05-29 13:06:29,42.5050392150879,-8.87866497039795,"Unknown"
"9004157",371992,2025-05-29 13:11:28,42.5050621032715,-8.87869262695312,"Unknown"
"9004157",371992,2025-05-29 13:16:28,42.5050582885742,-8.87874412536621,"Unknown"
"9004157",371992,2025-05-29 13:21:28,42.5052070617676,-8.87886238098145,"Unknown"
"9004157",371992,2025-05-29 13:26:28,42.5051307678223,-8.87891483306885,"Unknown"
"9004157",371992,2025-05-29 13:31:28,42.5051803588867,-8.87896347045898,"Unknown"
"9004157",371992,2025-05-29 13:36:30,42.5052070617676,-8.87905025482178,"Unknown"
"9004157",371992,2025-05-29 13:41:30,42.5052032470703,-8.87906455993652,"Unknown"
"9004157",371992,2025-05-29 13:46:29,42.5052108764648,-8.8790340423584,"Unknown"
"9004157",371992,2025-05-29 13:51:30,42.5052261352539,-8.87908458709717,"Unknown"
"9004157",371992,2025-05-29 13:56:29,42.5051956176758,-8.87911128997803,"Unknown"
"9004157",371992,2025-05-29 14:01:29,42.5052299499512,-8.87910556793213,"Unknown"
"9004157",371992,2025-05-29 14:06:29,42.5051918029785,-8.8792200088501,"Unknown"
"9004157",371992,2025-05-29 14:11:29,42.5051574707031,-8.8792724609375,"Unknown"
"9004157",371992,2025-05-29 14:16:29,42.5056648254395,-8.87942409515381,"Unknown"
"9004157",371992,2025-05-29 14:21:30,42.5046234130859,-8.87931728363037,"Unknown"
"9004157",371992,2025-05-29 14:26:29,42.5049705505371,-8.87962627410889,"Unknown"
"9004157",371992,2025-05-29 14:31:29,42.5047187805176,-8.87997531890869,"Unknown"
"9004157",371992,2025-05-29 14:36:29,42.5063247680664,-8.87535667419434,"Unknown"
"9004157",371992,2025-05-29 14:41:47,42.5073547363281,-8.87229919433594,"Unknown"
"9004157",371992,2025-05-29 14:46:46,42.5083160400391,-8.87061405181885,"Unknown"
"9004157",371992,2025-05-29 14:52:27,42.5073051452637,-8.8702392578125,"Unknown"
"9004157",371992,2025-05-29 14:57:25,42.5065574645996,-8.87095928192139,"Unknown"
"9004157",371992,2025-05-29 15:02:28,42.5080108642578,-8.86995124816895,"Unknown"
"9004157",371992,2025-05-29 15:08:05,42.5091133117676,-8.86996173858643,"Unknown"
"9004157",371992,2025-05-29 15:13:50,42.5088043212891,-8.87030982971191,"Unknown"
"9004157",371992,2025-05-29 15:19:00,42.5087127685547,-8.8711109161377,"Unknown"
"9004157",371992,2025-05-29 15:24:32,42.5083847045898,-8.87236499786377,"Unknown"
"9004157",371992,2025-05-29 15:30:12,42.5070571899414,-8.87271213531494,"Unknown"
"9004157",371992,2025-05-29 15:35:47,42.5067710876465,-8.87374401092529,"Unknown"
"9004157",371992,2025-05-29 15:40:47,42.5066986083984,-8.87492179870605,"Unknown"
"9004157",371992,2025-05-29 15:45:59,42.5056953430176,-8.8759708404541,"Unknown"
"9004157",371992,2025-05-29 15:50:59,42.5046653747559,-8.87785148620605,"Unknown"
"9004157",371992,2025-05-29 15:55:59,42.5051765441895,-8.87956428527832,"Unknown"
"9004157",371992,2025-05-29 16:00:59,42.5051422119141,-8.87964344024658,"Unknown"
"9004157",371992,2025-05-29 16:05:59,42.5051422119141,-8.8797550201416,"Unknown"
"9004157",371992,2025-05-29 16:10:59,42.5051155090332,-8.87978649139404,"Unknown"
"9004157",371992,2025-05-29 16:15:59,42.5050888061523,-8.87979602813721,"Unknown"
"9004157",371992,2025-05-29 16:20:59,42.5049591064453,-8.87974071502686,"Unknown"
"9004157",371992,2025-05-29 16:25:59,42.5051002502441,-8.87978553771973,"Unknown"
"9004157",371992,2025-05-29 16:30:59,42.5049438476562,-8.8797082901001,"Unknown"
"9004157",371992,2025-05-29 16:35:59,42.5049247741699,-8.87971115112305,"Unknown"
"9004157",371992,2025-05-29 16:40:59,42.5050239562988,-8.87978649139404,"Unknown"
"9004157",371992,2025-05-29 16:45:59,42.504997253418,-8.87985801696777,"Unknown"
"9004157",371992,2025-05-29 16:50:59,42.4923324584961,-8.89926815032959,"Unknown"
"9004157",371992,2025-05-29 16:55:59,42.4749183654785,-8.94108963012695,"Unknown"
"9004157",371992,2025-05-29 17:00:59,42.4392776489258,-8.94522094726562,"Unknown"
"9004157",371992,2025-05-29 17:05:59,42.4051895141602,-8.92900943756104,"Unknown"
"9004157",371992,2025-05-29 17:12:22,42.3990020751953,-8.92085552215576,"Unknown"
"9004157",371992,2025-05-29 17:16:00,42.3989639282227,-8.92086887359619,"Unknown"
"9004157",371992,2025-05-29 17:21:03,42.3990440368652,-8.9211893081665,"Unknown"
"9004157",371992,2025-05-29 17:26:00,42.3996543884277,-8.92062759399414,"Unknown"
"9004157",371992,2025-05-29 17:30:59,42.3996658325195,-8.92088413238525,"Unknown"
"9004157",371992,2025-05-29 17:36:09,42.3989143371582,-8.92104339599609,"Unknown"
"9004157",371992,2025-05-29 17:41:00,42.3992958068848,-8.92077732086182,"Unknown"
"9004157",371992,2025-05-29 17:46:00,42.3998870849609,-8.92074775695801,"Unknown"
"9004157",371992,2025-05-29 17:51:03,42.3992004394531,-8.92115211486816,"Unknown"
"9004157",371992,2025-05-29 17:56:04,42.3992347717285,-8.92127227783203,"Unknown"
"9004157",371992,2025-05-29 18:01:04,42.3992729187012,-8.92093276977539,"Unknown"
"9004157",371992,2025-05-29 18:06:01,42.3991928100586,-8.92071533203125,"Unknown"
"9004157",371992,2025-05-29 18:11:11,42.3992156982422,-8.92084312438965,"Unknown"
"9004157",371992,2025-05-29 18:16:02,42.3989524841309,-8.9209566116333,"Unknown"
"9004157",371992,2025-05-29 18:21:02,42.3989677429199,-8.92095565795898,"Unknown"
"9004157",371992,2025-05-29 18:26:00,42.3987922668457,-8.9207763671875,"Unknown"
"9004157",371992,2025-05-29 18:31:03,42.3988418579102,-8.92088985443115,"Unknown"
"9004157",371992,2025-05-29 18:36:01,42.398853302002,-8.92080974578857,"Unknown"
"9004157",371992,2025-05-29 18:41:02,42.39892578125,-8.9208984375,"Unknown"
"9004157",371992,2025-05-29 18:46:03,42.3988647460938,-8.92076206207275,"Unknown"
"9004157",371992,2025-05-29 18:51:03,42.3992652893066,-8.92101573944092,"Unknown"
"9004157",371992,2025-05-29 18:56:15,42.3992500305176,-8.92122840881348,"Unknown"
"9004157",371992,2025-05-29 19:01:04,42.3990745544434,-8.92107105255127,"Unknown"
"9004157",371992,2025-05-29 19:06:01,42.3988990783691,-8.92066287994385,"Unknown"
"9004157",371992,2025-05-29 19:11:01,42.399097442627,-8.92094039916992,"Unknown"
"9004157",371992,2025-05-29 19:16:01,42.3988151550293,-8.92064571380615,"Unknown"
"9004157",371992,2025-05-29 19:21:02,42.3988227844238,-8.9205961227417,"Unknown"
"9004157",371992,2025-05-29 19:26:01,42.3988761901855,-8.92070007324219,"Unknown"
"9004157",371992,2025-05-29 19:31:02,42.3987579345703,-8.92038917541504,"Unknown"
"9004157",371992,2025-05-29 19:36:03,42.3991966247559,-8.92114734649658,"Unknown"
"9004157",371992,2025-05-29 19:41:06,42.3989448547363,-8.92076301574707,"Unknown"
"9004157",371992,2025-05-29 19:46:05,42.3989372253418,-8.9208288192749,"Unknown"
"9004157",371992,2025-05-29 19:51:03,42.3991775512695,-8.92122268676758,"Unknown"
"9004157",371992,2025-05-29 19:56:05,42.3993492126465,-8.92150974273682,"Unknown"
"9004157",371992,2025-05-29 20:01:13,42.3993530273438,-8.9214506149292,"Unknown"
"9004157",371992,2025-05-29 20:06:01,42.3992118835449,-8.92140197753906,"Unknown"
"9004157",371992,2025-05-29 20:10:59,42.3992080688477,-8.92136859893799,"Unknown"
"9004157",371992,2025-05-29 20:16:00,42.3991813659668,-8.92122077941895,"Unknown"
"9004157",371992,2025-05-29 20:21:00,42.3994102478027,-8.92140293121338,"Unknown"
"9004157",371992,2025-05-29 20:25:59,42.3991546630859,-8.92132949829102,"Unknown"
"9004157",371992,2025-05-29 20:31:00,42.3987998962402,-8.92156887054443,"Unknown"
"9004157",371992,2025-05-29 20:36:02,42.3990631103516,-8.92103576660156,"Unknown"
"9004157",371992,2025-05-29 20:41:00,42.3990135192871,-8.92111778259277,"Unknown"
"9004157",371992,2025-05-29 20:45:59,42.3990669250488,-8.92136669158936,"Unknown"
"9004157",371992,2025-05-29 20:51:00,42.3990821838379,-8.92115592956543,"Unknown"
"9004157",371992,2025-05-29 20:56:00,42.3990783691406,-8.9215259552002,"Unknown"
"9004157",371992,2025-05-29 21:01:02,42.3991737365723,-8.92148017883301,"Unknown"
"9004157",371992,2025-05-29 21:06:03,42.3991966247559,-8.92150497436523,"Unknown"
"9004157",371992,2025-05-29 21:11:01,42.3991432189941,-8.92145919799805,"Unknown"
"9004157",371992,2025-05-29 21:16:01,42.3991889953613,-8.92162418365479,"Unknown"
"9004157",371992,2025-05-29 21:21:02,42.399055480957,-8.92134952545166,"Unknown"
"9004157",371992,2025-05-29 21:26:12,42.3993759155273,-8.92191505432129,"Unknown"
"9004157",371992,2025-05-29 21:31:10,42.3992042541504,-8.92147064208984,"Unknown"
"9004157",371992,2025-05-29 21:37:22,42.3988761901855,-8.92132377624512,"Unknown"
"9004157",371992,2025-05-29 21:40:59,42.3988342285156,-8.92117214202881,"Unknown"
"9004157",371992,2025-05-29 21:46:05,42.398853302002,-8.92116737365723,"Unknown"
"9004157",371992,2025-05-29 21:51:00,42.3989524841309,-8.92145252227783,"Unknown"
"9004157",371992,2025-05-29 21:56:04,42.3988571166992,-8.9211597442627,"Unknown"
"9004157",371992,2025-05-29 22:01:03,42.3988075256348,-8.92109966278076,"Unknown"
"9004157",371992,2025-05-29 22:06:04,42.3988609313965,-8.92097473144531,"Unknown"
"9004157",371992,2025-05-29 22:11:03,42.3989677429199,-8.92109870910645,"Unknown"
"9004157",371992,2025-05-29 22:16:03,42.3988075256348,-8.92085933685303,"Unknown"
"9004157",371992,2025-05-29 22:21:02,42.3988723754883,-8.92078495025635,"Unknown"
"9004157",371992,2025-05-29 22:26:03,42.3988342285156,-8.92107105255127,"Unknown"
"9004157",371992,2025-05-29 22:31:05,42.3988952636719,-8.92121410369873,"Unknown"
"9004157",371992,2025-05-29 22:36:14,42.3988571166992,-8.92101383209229,"Unknown"
"9004157",371992,2025-05-29 22:41:03,42.3989639282227,-8.92123985290527,"Unknown"
"9004157",371992,2025-05-29 22:46:00,42.3988647460938,-8.92096042633057,"Unknown"
"9004157",371992,2025-05-29 22:50:59,42.3989028930664,-8.9211368560791,"Unknown"
"9004157",371992,2025-05-29 22:56:01,42.3989105224609,-8.92118549346924,"Unknown"
"9004157",371992,2025-05-29 23:01:03,42.3990325927734,-8.92117691040039,"Unknown"
"9004157",371992,2025-05-29 23:06:01,42.3990020751953,-8.92130470275879,"Unknown"
"9004157",371992,2025-05-29 23:10:59,42.3989181518555,-8.921311378479,"Unknown"
"9004157",371992,2025-05-29 23:16:01,42.3990669250488,-8.92133808135986,"Unknown"
"9004157",371992,2025-05-29 23:21:03,42.3993034362793,-8.92134475708008,"Unknown"
"9004157",371992,2025-05-29 23:26:00,42.3992347717285,-8.92117214202881,"Unknown"
"9004157",371992,2025-05-29 23:31:01,42.3991813659668,-8.92136573791504,"Unknown"
"9004157",371992,2025-05-29 23:36:06,42.3994102478027,-8.92151260375977,"Unknown"
"9004157",371992,2025-05-29 23:41:02,42.3989791870117,-8.92220115661621,"Unknown"
"9004157",371992,2025-05-29 23:46:04,42.3987655639648,-8.92029857635498,"Unknown"
"9004157",371992,2025-05-29 23:51:11,42.3995704650879,-8.92210006713867,"Unknown"
"9004157",371992,2025-05-29 23:56:10,42.3996467590332,-8.92224788665771,"Unknown"
"9004157",371992,2025-05-30 00:01:44,42.3988952636719,-8.92436981201172,"Unknown"
"9004157",371992,2025-05-30 00:06:00,42.3992233276367,-8.92067432403564,"Unknown"
"9004157",371992,2025-05-30 00:11:04,42.3991432189941,-8.92058181762695,"Unknown"
"9004157",371992,2025-05-30 00:16:05,42.3993186950684,-8.92064952850342,"Unknown"
"9004157",371992,2025-05-30 00:21:00,42.3992233276367,-8.92075157165527,"Unknown"
"9004157",371992,2025-05-30 00:27:22,42.3990364074707,-8.92173957824707,"Unknown"
"9004157",371992,2025-05-30 00:32:22,42.3990020751953,-8.92144203186035,"Unknown"
"9004157",371992,2025-05-30 00:36:11,42.3987274169922,-8.92187690734863,"Unknown"
"9004157",371992,2025-05-30 00:41:05,42.3992118835449,-8.92131233215332,"Unknown"
"9004157",371992,2025-05-30 00:46:03,42.3989524841309,-8.92112159729004,"Unknown"
"9004157",371992,2025-05-30 00:51:00,42.3989791870117,-8.9209156036377,"Unknown"
"9004157",371992,2025-05-30 00:56:01,42.398868560791,-8.92092800140381,"Unknown"
"9004157",371992,2025-05-30 01:00:59,42.3989067077637,-8.92090129852295,"Unknown"
"9004157",371992,2025-05-30 01:06:05,42.3989486694336,-8.92077255249023,"Unknown"
"9004157",371992,2025-05-30 01:11:06,42.3989677429199,-8.92096519470215,"Unknown"
"9004157",371992,2025-05-30 01:16:03,42.39892578125,-8.92110347747803,"Unknown"
"9004157",371992,2025-05-30 01:21:00,42.3989601135254,-8.92094993591309,"Unknown"
"9004157",371992,2025-05-30 01:26:03,42.3990020751953,-8.92090702056885,"Unknown"
"9004157",371992,2025-05-30 01:31:14,42.3990173339844,-8.92104053497314,"Unknown"
"9004157",371992,2025-05-30 01:36:01,42.3990364074707,-8.92129039764404,"Unknown"
"9004157",371992,2025-05-30 01:42:22,42.3989448547363,-8.92135810852051,"Unknown"
"9004157",371992,2025-05-30 01:47:22,42.3989639282227,-8.92144203186035,"Unknown"
"9004157",371992,2025-05-30 01:51:02,42.3990173339844,-8.92164707183838,"Unknown"
"9004157",371992,2025-05-30 01:56:13,42.3989181518555,-8.92131519317627,"Unknown"
"9004157",371992,2025-05-30 02:02:22,42.3988914489746,-8.92114543914795,"Unknown"
"9004157",371992,2025-05-30 02:06:05,42.3988723754883,-8.92111492156982,"Unknown"
"9004157",371992,2025-05-30 02:11:08,42.3989143371582,-8.92125701904297,"Unknown"
"9004157",371992,2025-05-30 02:16:23,42.3988189697266,-8.92095947265625,"Unknown"
"9004157",371992,2025-05-30 02:21:07,42.3988990783691,-8.92115020751953,"Unknown"
"9004157",371992,2025-05-30 02:26:00,42.3988571166992,-8.92107772827148,"Unknown"
"9004157",371992,2025-05-30 02:31:12,42.3988304138184,-8.92056179046631,"Unknown"
"9004157",371992,2025-05-30 02:36:05,42.3988571166992,-8.92113590240479,"Unknown"
"9004157",371992,2025-05-30 02:41:07,42.3988456726074,-8.92111110687256,"Unknown"
"9004157",371992,2025-05-30 02:46:18,42.3988914489746,-8.92153358459473,"Unknown"
"9004157",371992,2025-05-30 02:51:11,42.3988800048828,-8.92101001739502,"Unknown"
"9004157",371992,2025-05-30 02:56:14,42.3988876342773,-8.92095947265625,"Unknown"
"9004157",371992,2025-05-30 03:01:04,42.3987350463867,-8.92088508605957,"Unknown"
"9004157",371992,2025-05-30 03:06:05,42.398811340332,-8.92098140716553,"Unknown"
"9004157",371992,2025-05-30 03:11:12,42.3988151550293,-8.92083930969238,"Unknown"
"9004157",371992,2025-05-30 03:16:11,42.3987884521484,-8.92074966430664,"Unknown"
"9004157",371992,2025-05-30 03:21:22,42.3987579345703,-8.92064952850342,"Unknown"
"9004157",371992,2025-05-30 03:26:13,42.3988418579102,-8.92069149017334,"Unknown"
"9004157",371992,2025-05-30 03:31:06,42.3987464904785,-8.92104911804199,"Unknown"
"9004157",371992,2025-05-30 03:36:03,42.3987922668457,-8.92068290710449,"Unknown"
"9004157",371992,2025-05-30 03:41:00,42.3988304138184,-8.92090606689453,"Unknown"
"9004157",371992,2025-05-30 03:46:00,42.3987426757812,-8.92091178894043,"Unknown"
"9004157",371992,2025-05-30 03:51:01,42.3987007141113,-8.9207124710083,"Unknown"
"9004157",371992,2025-05-30 03:56:04,42.3989219665527,-8.92080402374268,"Unknown"
"9004157",371992,2025-05-30 04:01:00,42.3988151550293,-8.92069339752197,"Unknown"
"9004157",371992,2025-05-30 04:06:02,42.3989906311035,-8.92051219940186,"Unknown"
"9004157",371992,2025-05-30 04:11:02,42.3986625671387,-8.92038536071777,"Unknown"
"9004157",371992,2025-05-30 04:16:14,42.3989639282227,-8.920973777771,"Unknown"
"9004157",371992,2025-05-30 04:21:04,42.3991012573242,-8.92130279541016,"Unknown"
"9004157",371992,2025-05-30 04:26:14,42.39892578125,-8.92105102539062,"Unknown"
"9004157",371992,2025-05-30 04:31:31,42.39892578125,-8.92117404937744,"Unknown"
"9004157",371992,2025-05-30 04:36:27,42.3988876342773,-8.92103576660156,"Unknown"
"9004157",371992,2025-05-30 04:41:03,42.3989791870117,-8.92080402374268,"Unknown"
"9004157",371992,2025-05-30 04:46:01,42.399097442627,-8.9210205078125,"Unknown"
"9004157",371992,2025-05-30 04:51:01,42.3991241455078,-8.92096710205078,"Unknown"
"9004157",371992,2025-05-30 04:56:04,42.3989334106445,-8.92067527770996,"Unknown"
"9004157",371992,2025-05-30 05:01:06,42.3988914489746,-8.921217918396,"Unknown"
"9004157",371992,2025-05-30 05:06:04,42.3990669250488,-8.92113304138184,"Unknown"
"9004157",371992,2025-05-30 05:11:02,42.3987312316895,-8.92183017730713,"Unknown"
"9004157",371992,2025-05-30 05:16:02,42.3989181518555,-8.92109489440918,"Unknown"
"9004157",371992,2025-05-30 05:21:03,42.3987808227539,-8.92140769958496,"Unknown"
"9004157",371992,2025-05-30 05:26:09,42.3989906311035,-8.92089939117432,"Unknown"
"9004157",371992,2025-05-30 05:31:00,42.3990936279297,-8.92094612121582,"Unknown"
"9004157",371992,2025-05-30 05:36:09,42.3990859985352,-8.92097282409668,"Unknown"
"9004157",371992,2025-05-30 05:41:12,42.3989944458008,-8.92100524902344,"Unknown"
"9004157",371992,2025-05-30 05:46:06,42.3989791870117,-8.92074298858643,"Unknown"
"9004157",371992,2025-05-30 05:51:00,42.3982925415039,-8.923020362854,"Unknown"
"9004157",371992,2025-05-30 05:56:01,42.3990211486816,-8.92079257965088,"Unknown"
"9004157",371992,2025-05-30 06:01:03,42.3994560241699,-8.9192943572998,"Unknown"
"9004157",371992,2025-05-30 06:06:06,42.3989791870117,-8.9204797744751,"Unknown"
"9004157",371992,2025-05-30 06:11:07,42.3990211486816,-8.92069244384766,"Unknown"
"9004157",371992,2025-05-30 06:16:07,42.3990631103516,-8.9211311340332,"Unknown"
"9004157",371992,2025-05-30 06:21:22,42.3991241455078,-8.92094230651855,"Unknown"
"9004157",371992,2025-05-30 06:26:13,42.398983001709,-8.92073535919189,"Unknown"
"9004157",371992,2025-05-30 06:31:01,42.3989868164062,-8.92078876495361,"Unknown"
"9004157",371992,2025-05-30 06:36:07,42.398983001709,-8.92109107971191,"Unknown"
"9004157",371992,2025-05-30 06:41:07,42.3991050720215,-8.92140102386475,"Unknown"
"9004157",371992,2025-05-30 06:51:05,42.3989334106445,-8.9212646484375,"Unknown"
"9004157",371992,2025-05-30 06:56:02,42.3988838195801,-8.92134571075439,"Unknown"
"9004157",371992,2025-05-30 07:01:00,42.3988876342773,-8.92123222351074,"Unknown"
"9004157",371992,2025-05-30 07:05:59,42.3988761901855,-8.92111778259277,"Unknown"
"9004157",371992,2025-05-30 07:10:59,42.3987884521484,-8.92113018035889,"Unknown"
"9004157",371992,2025-05-30 07:16:07,42.3988723754883,-8.92114067077637,"Unknown"
"9004157",371992,2025-05-30 07:22:22,42.3990287780762,-8.92106056213379,"Unknown"
"9004157",371992,2025-05-30 07:35:59,42.3989410400391,-8.92133617401123,"Unknown"
"9004157",371992,2025-05-30 07:41:04,42.3989028930664,-8.92124462127686,"Unknown"
"9004157",371992,2025-05-30 07:45:59,42.3989639282227,-8.92128467559814,"Unknown"
"9004157",371992,2025-05-30 07:50:59,42.398983001709,-8.92136859893799,"Unknown"
"9004157",371992,2025-05-30 07:55:59,42.398998260498,-8.92147827148438,"Unknown"
"9004157",371992,2025-05-30 08:01:01,42.3989524841309,-8.92134475708008,"Unknown"
"9004157",371992,2025-05-30 08:05:59,42.3989181518555,-8.92139720916748,"Unknown"
"9004157",371992,2025-05-30 08:11:01,42.3988456726074,-8.92124938964844,"Unknown"
"9004157",371992,2025-05-30 08:16:02,42.3989028930664,-8.92110538482666,"Unknown"
"9004157",371992,2025-05-30 08:36:47,42.3988418579102,-8.92104530334473,"Unknown"
"9004157",371992,2025-05-30 08:41:07,42.3989448547363,-8.92122745513916,"Unknown"
"9004157",371992,2025-05-30 08:46:07,42.3989372253418,-8.92138290405273,"Unknown"
"9004157",371992,2025-05-30 08:51:08,42.3990287780762,-8.92156314849854,"Unknown"
"9004157",371992,2025-05-30 08:56:15,42.3989219665527,-8.92121410369873,"Unknown"
"9004157",371992,2025-05-30 09:01:08,42.3989410400391,-8.92171192169189,"Unknown"
"9004157",371992,2025-05-30 09:06:01,42.4312362670898,-8.91892623901367,"Unknown"
"9004157",371992,2025-05-30 09:10:59,42.472526550293,-8.94044017791748,"Unknown"
"9004157",371992,2025-05-30 09:15:59,42.5002059936523,-8.8946533203125,"Unknown"
"9004157",371992,2025-05-30 09:20:59,42.505500793457,-8.87564182281494,"Unknown"
"9004157",371992,2025-05-30 09:25:59,42.5052108764648,-8.87419319152832,"Unknown"
"9004157",371992,2025-05-30 09:30:59,42.5056343078613,-8.87255573272705,"Unknown"
"9004157",371992,2025-05-30 09:35:59,42.5061645507812,-8.87108898162842,"Unknown"
"9004157",371992,2025-05-30 09:41:07,42.5079879760742,-8.87038326263428,"Unknown"
"9004157",371992,2025-05-30 09:46:16,42.5087776184082,-8.87007904052734,"Unknown"
"9004157",371992,2025-05-30 09:52:08,42.5091743469238,-8.86940479278564,"Unknown"
"9004157",371992,2025-05-30 09:57:32,42.5085868835449,-8.86985111236572,"Unknown"
"9004157",371992,2025-05-30 10:02:48,42.5082473754883,-8.86938858032227,"Unknown"
"9004157",371992,2025-05-30 10:08:36,42.5096130371094,-8.86952304840088,"Unknown"
"9004157",371992,2025-05-30 10:14:39,42.5102958679199,-8.86870765686035,"Unknown"
"9004157",371992,2025-05-30 10:20:23,42.5105514526367,-8.86878967285156,"Unknown"
"9004157",371992,2025-05-30 10:25:01,42.5122261047363,-8.86476421356201,"Unknown"
"9004157",371992,2025-05-30 10:29:37,42.5122528076172,-8.86476135253906,"Unknown"
"9004157",371992,2025-05-30 10:34:37,42.5123062133789,-8.86481094360352,"Unknown"
"9004157",371992,2025-05-30 10:39:37,42.5123176574707,-8.86492538452148,"Unknown"
"9004157",371992,2025-05-30 10:44:38,42.5123062133789,-8.86490058898926,"Unknown"
"9004157",371992,2025-05-30 10:49:38,42.512321472168,-8.86485481262207,"Unknown"
"9004157",371992,2025-05-30 10:54:37,42.5122528076172,-8.86477851867676,"Unknown"
"9004157",371992,2025-05-30 10:59:37,42.5122871398926,-8.86485767364502,"Unknown"
"9004157",371992,2025-05-30 11:05:30,42.5099563598633,-8.86144161224365,"Unknown"
"9004157",371992,2025-05-30 11:11:11,42.5095634460449,-8.85940265655518,"Unknown"
"9004157",371992,2025-05-30 11:16:52,42.5106925964355,-8.85847473144531,"Unknown"
"9004157",371992,2025-05-30 11:22:01,42.5102577209473,-8.85784244537354,"Unknown"
"9004157",371992,2025-05-30 11:27:04,42.5106048583984,-8.85927295684814,"Unknown"
"9004157",371992,2025-05-30 11:32:22,42.5111694335938,-8.85858917236328,"Unknown"
"9004157",371992,2025-05-30 11:37:22,42.5100631713867,-8.8591833114624,"Unknown"
"9004157",371992,2025-05-30 11:42:34,42.5098419189453,-8.86089324951172,"Unknown"
"9004157",371992,2025-05-30 11:47:49,42.509033203125,-8.86149215698242,"Unknown"
"9004157",371992,2025-05-30 11:52:48,42.5094757080078,-8.86227703094482,"Unknown"
"9004157",371992,2025-05-30 11:58:10,42.510814666748,-8.86250972747803,"Unknown"
"9004157",371992,2025-05-30 12:03:44,42.5114555358887,-8.86155128479004,"Unknown"
"9004157",371992,2025-05-30 12:08:47,42.5119361877441,-8.85866355895996,"Unknown"
"9004157",371992,2025-05-30 12:13:50,42.5120429992676,-8.85857486724854,"Unknown"
"9004157",371992,2025-05-30 12:18:43,42.5120506286621,-8.8597469329834,"Unknown"
"9004157",371992,2025-05-30 12:23:43,42.512035369873,-8.85990619659424,"Unknown"
"9004157",371992,2025-05-30 12:28:45,42.5120468139648,-8.8597469329834,"Unknown"
"9004157",371992,2025-05-30 12:33:46,42.5121002197266,-8.85946273803711,"Unknown"
"9004157",371992,2025-05-30 12:38:43,42.5121192932129,-8.85971355438232,"Unknown"
"9004157",371992,2025-05-30 12:43:42,42.5122489929199,-8.85998344421387,"Unknown"
"9004157",371992,2025-05-30 12:48:48,42.5121841430664,-8.85957813262939,"Unknown"
"9004157",371992,2025-05-30 12:53:42,42.5123100280762,-8.8598804473877,"Unknown"
"9004157",371992,2025-05-30 12:58:47,42.5120468139648,-8.85905170440674,"Unknown"
"9004157",371992,2025-05-30 13:03:54,42.5118522644043,-8.86323356628418,"Unknown"
"9004157",371992,2025-05-30 13:08:56,42.511360168457,-8.86384963989258,"Unknown"
"9004157",371992,2025-05-30 13:14:45,42.5102424621582,-8.86132335662842,"Unknown"
"9004157",371992,2025-05-30 13:19:43,42.509651184082,-8.86085414886475,"Unknown"
"9004157",371992,2025-05-30 13:25:42,42.5107688903809,-8.85858631134033,"Unknown"
"9004157",371992,2025-05-30 13:30:41,42.5115699768066,-8.85829162597656,"Unknown"
"9004157",371992,2025-05-30 13:35:42,42.5108032226562,-8.85882186889648,"Unknown"
"9004157",371992,2025-05-30 13:40:42,42.5101699829102,-8.8598518371582,"Unknown"
"9004157",371992,2025-05-30 13:46:11,42.5103340148926,-8.86119270324707,"Unknown"
"9004157",371992,2025-05-30 13:51:58,42.50927734375,-8.86197090148926,"Unknown"
"9004157",371992,2025-05-30 13:56:57,42.5105018615723,-8.86330699920654,"Unknown"
"9004157",371992,2025-05-30 14:02:43,42.5100860595703,-8.86446094512939,"Unknown"
"9004157",371992,2025-05-30 14:07:50,42.5089569091797,-8.86443519592285,"Unknown"
"9004157",371992,2025-05-30 14:12:49,42.5089492797852,-8.86468029022217,"Unknown"
"9004157",371992,2025-05-30 14:18:24,42.508674621582,-8.86975002288818,"Unknown"
"9004157",371992,2025-05-30 14:23:41,42.5074577331543,-8.86953449249268,"Unknown"
"9004157",371992,2025-05-30 14:29:21,42.507698059082,-8.87032032012939,"Unknown"
"9004157",371992,2025-05-30 14:34:18,42.5073738098145,-8.87073802947998,"Unknown"
"9004157",371992,2025-05-30 14:39:37,42.5062942504883,-8.87085437774658,"Unknown"
"9004157",371992,2025-05-30 14:44:58,42.5061225891113,-8.87149906158447,"Unknown"
"9004157",371992,2025-05-30 14:50:28,42.5060119628906,-8.87317752838135,"Unknown"
"9004157",371992,2025-05-30 14:55:41,42.5070762634277,-8.87159633636475,"Unknown"
"9004157",371992,2025-05-30 15:02:17,42.5080490112305,-8.87167167663574,"Unknown"
"9004157",371992,2025-05-30 15:08:43,42.5081253051758,-8.87211990356445,"Unknown"
"9004157",371992,2025-05-30 15:14:35,42.5084190368652,-8.87046146392822,"Unknown"
"9004157",371992,2025-05-30 15:19:42,42.5090560913086,-8.87036228179932,"Unknown"
"9004157",371992,2025-05-30 15:24:53,42.5084686279297,-8.87112712860107,"Unknown"
"9004157",371992,2025-05-30 15:31:08,42.5074195861816,-8.87248420715332,"Unknown"
"9004157",371992,2025-05-30 15:37:46,42.5068855285645,-8.87136459350586,"Unknown"
"9004157",371992,2025-05-30 15:42:29,42.5046539306641,-8.87924098968506,"Unknown"
"9004157",371992,2025-05-30 15:47:43,42.5041732788086,-8.88208961486816,"Unknown"
"9004157",371992,2025-05-30 15:52:29,42.5041389465332,-8.88200283050537,"Unknown"
"9004157",371992,2025-05-30 15:57:28,42.5040817260742,-8.88202953338623,"Unknown"
"9004157",371992,2025-05-30 16:02:29,42.5041313171387,-8.88213539123535,"Unknown"
"9004157",371992,2025-05-30 16:07:28,42.5041046142578,-8.88209629058838,"Unknown"
"9004157",371992,2025-05-30 16:12:28,42.5041046142578,-8.88209915161133,"Unknown"
"9004157",371992,2025-05-30 16:17:28,42.504207611084,-8.88219833374023,"Unknown"
"9004157",371992,2025-05-30 16:22:28,42.5040245056152,-8.88212299346924,"Unknown"
"9004157",371992,2025-05-30 16:27:28,42.5041084289551,-8.88240432739258,"Unknown"
"9004157",371992,2025-05-30 16:32:29,42.5040702819824,-8.8824405670166,"Unknown"
"9004157",371992,2025-05-30 16:37:29,42.5040397644043,-8.88252830505371,"Unknown"
"9004157",371992,2025-05-30 16:42:28,42.5040473937988,-8.88257789611816,"Unknown"
"9004157",371992,2025-05-30 16:47:28,42.5040588378906,-8.88264083862305,"Unknown"
"9004157",371992,2025-05-30 16:52:28,42.4881248474121,-8.9101390838623,"Unknown"
"9004157",371992,2025-05-30 16:57:36,42.4765129089355,-8.9398889541626,"Unknown"
"9004157",371992,2025-05-30 17:02:30,42.4697875976562,-8.94307327270508,"Unknown"
"9004157",371992,2025-05-30 17:07:29,42.4361190795898,-8.9431848526001,"Unknown"
"9004157",371992,2025-05-30 17:12:27,42.4021759033203,-8.92978000640869,"Unknown"
"9004157",371992,2025-05-30 17:22:36,42.3989448547363,-8.92140674591064,"Unknown"
"9004157",371992,2025-05-30 17:27:43,42.3989067077637,-8.9216890335083,"Unknown"
"9004157",371992,2025-05-30 17:32:27,42.39892578125,-8.92172145843506,"Unknown"
"9004157",371992,2025-05-30 17:37:27,42.3989677429199,-8.9217357635498,"Unknown"
"9004157",371992,2025-05-30 17:42:28,42.39892578125,-8.9218864440918,"Unknown"
"9004157",371992,2025-05-30 17:47:36,42.3990440368652,-8.92170906066895,"Unknown"
"9004157",371992,2025-05-30 17:52:35,42.3990364074707,-8.92139720916748,"Unknown"
"9004157",371992,2025-05-30 17:57:35,42.3989486694336,-8.92094135284424,"Unknown"
"9004157",371992,2025-05-30 18:02:31,42.3989295959473,-8.920654296875,"Unknown"
"9004157",371992,2025-05-30 18:07:30,42.3979225158691,-8.92159461975098,"Unknown"
"9004157",371992,2025-05-30 18:12:36,42.3989219665527,-8.92080497741699,"Unknown"
"9004157",371992,2025-05-30 18:17:31,42.3989334106445,-8.92081737518311,"Unknown"
"9004157",371992,2025-05-30 18:22:34,42.3989448547363,-8.92083168029785,"Unknown"
"9004157",371992,2025-05-30 18:27:30,42.3991813659668,-8.92071914672852,"Unknown"
"9004157",371992,2025-05-30 18:32:36,42.3989448547363,-8.92078590393066,"Unknown"
"9004157",371992,2025-05-30 18:37:30,42.3987197875977,-8.92080497741699,"Unknown"
"9004157",371992,2025-05-30 18:42:36,42.3989753723145,-8.92081546783447,"Unknown"
"9004157",371992,2025-05-30 18:47:36,42.399040222168,-8.92092514038086,"Unknown"
"9004157",371992,2025-05-30 18:52:38,42.3991775512695,-8.92113494873047,"Unknown"
"9004157",371992,2025-05-30 18:57:30,42.398754119873,-8.92070770263672,"Unknown"
"9004157",371992,2025-05-30 19:02:36,42.3990135192871,-8.9207935333252,"Unknown"
"9004157",371992,2025-05-30 19:07:33,42.3990249633789,-8.92084693908691,"Unknown"
"9004157",371992,2025-05-30 19:12:30,42.3991851806641,-8.92085266113281,"Unknown"
"9004157",371992,2025-05-30 19:17:29,42.3989028930664,-8.92075634002686,"Unknown"
"9004157",371992,2025-05-30 19:22:31,42.3991661071777,-8.92097663879395,"Unknown"
"9004157",371992,2025-05-30 19:27:30,42.398853302002,-8.92067813873291,"Unknown"
"9004157",371992,2025-05-30 19:32:30,42.3989028930664,-8.92070198059082,"Unknown"
"9004157",371992,2025-05-30 19:37:40,42.3992652893066,-8.92119979858398,"Unknown"
"9004157",371992,2025-05-30 19:42:36,42.3992500305176,-8.92120265960693,"Unknown"
"9004157",371992,2025-05-30 19:47:36,42.3992195129395,-8.92107963562012,"Unknown"
"9004157",371992,2025-05-30 19:52:35,42.3992195129395,-8.92118072509766,"Unknown"
"9004157",371992,2025-05-30 19:57:33,42.3992118835449,-8.92125129699707,"Unknown"
"9004157",371992,2025-05-30 20:02:35,42.399242401123,-8.92111778259277,"Unknown"
"9004157",371992,2025-05-30 20:07:45,42.3990592956543,-8.92061328887939,"Unknown"
"9004157",371992,2025-05-30 20:12:36,42.399040222168,-8.92074298858643,"Unknown"
"9004157",371992,2025-05-30 20:18:29,42.3988609313965,-8.92113876342773,"Unknown"
"9004157",371992,2025-05-30 20:22:30,42.3989562988281,-8.92128372192383,"Unknown"
"9004157",371992,2025-05-30 20:27:30,42.3989524841309,-8.92113971710205,"Unknown"
"9004157",371992,2025-05-30 20:32:30,42.3988304138184,-8.92111396789551,"Unknown"
"9004157",371992,2025-05-30 20:37:30,42.3989219665527,-8.92113494873047,"Unknown"
"9004157",371992,2025-05-30 20:42:30,42.3988609313965,-8.92109298706055,"Unknown"
"9004157",371992,2025-05-30 20:48:24,42.398868560791,-8.91970539093018,"Unknown"
"9004157",371992,2025-05-30 20:52:44,42.3989715576172,-8.9198637008667,"Unknown"
"9004157",371992,2025-05-30 20:57:38,42.399055480957,-8.92023754119873,"Unknown"
"9004157",371992,2025-05-30 21:02:29,42.3988189697266,-8.9202709197998,"Unknown"
"9004157",371992,2025-05-30 21:07:33,42.3989105224609,-8.92013835906982,"Unknown"
"9004157",371992,2025-05-30 21:12:59,42.3988952636719,-8.92107677459717,"Unknown"
"9004157",371992,2025-05-30 21:17:36,42.3988456726074,-8.92101573944092,"Unknown"
"9004157",371992,2025-05-30 21:22:33,42.3988304138184,-8.92091083526611,"Unknown"
"9004157",371992,2025-05-30 21:27:29,42.3990745544434,-8.92107582092285,"Unknown"
"9004157",371992,2025-05-30 21:32:39,42.3988380432129,-8.92096042633057,"Unknown"
"9004157",371992,2025-05-30 21:37:30,42.3990745544434,-8.92110443115234,"Unknown"
"9004157",371992,2025-05-30 21:42:27,42.3990058898926,-8.92117595672607,"Unknown"
"9004157",371992,2025-05-30 21:47:35,42.398811340332,-8.92144393920898,"Unknown"
"9004157",371992,2025-05-30 21:52:31,42.3988037109375,-8.92123794555664,"Unknown"
"9004157",371992,2025-05-30 21:57:42,42.398796081543,-8.92146110534668,"Unknown"
"9004157",371992,2025-05-30 22:02:30,42.3991622924805,-8.92132377624512,"Unknown"
"9004157",371992,2025-05-30 22:07:31,42.3988494873047,-8.92171955108643,"Unknown"
"9004157",371992,2025-05-30 22:13:14,42.3987998962402,-8.92124462127686,"Unknown"
"9004157",371992,2025-05-30 22:18:06,42.3987998962402,-8.92133522033691,"Unknown"
"9004157",371992,2025-05-30 22:22:33,42.3987808227539,-8.92137718200684,"Unknown"
"9004157",371992,2025-05-30 22:27:29,42.3991203308105,-8.92130947113037,"Unknown"
"9004157",371992,2025-05-30 22:32:29,42.3988647460938,-8.92094898223877,"Unknown"
"9004157",371992,2025-05-30 22:38:51,42.3988571166992,-8.92112255096436,"Unknown"
"9004157",371992,2025-05-30 22:43:39,42.3989067077637,-8.9211893081665,"Unknown"
"9004157",371992,2025-05-30 22:47:42,42.3988800048828,-8.92123317718506,"Unknown"
"9004157",371992,2025-05-30 22:52:29,42.3990211486816,-8.92134380340576,"Unknown"
"9004157",371992,2025-05-30 22:57:31,42.3989524841309,-8.92134952545166,"Unknown"
"9004157",371992,2025-05-30 23:02:46,42.3990211486816,-8.92143154144287,"Unknown"
"9004157",371992,2025-05-30 23:07:46,42.3989410400391,-8.92085361480713,"Unknown"
"9004157",371992,2025-05-30 23:12:46,42.3988800048828,-8.92063236236572,"Unknown"
"9004157",371992,2025-05-30 23:17:47,42.3988914489746,-8.92080116271973,"Unknown"
"9004157",371992,2025-05-30 23:22:46,42.3989410400391,-8.92081260681152,"Unknown"
"9004157",371992,2025-05-30 23:27:45,42.3988494873047,-8.92129230499268,"Unknown"
"9004157",371992,2025-05-30 23:32:44,42.3988380432129,-8.92115592956543,"Unknown"
"9004157",371992,2025-05-30 23:39:06,42.3988838195801,-8.92161655426025,"Unknown"
"9004157",371992,2025-05-30 23:43:17,42.398868560791,-8.92166423797607,"Unknown"
"9004157",371992,2025-05-30 23:47:51,42.3988990783691,-8.92151927947998,"Unknown"
"9004157",371992,2025-05-30 23:52:45,42.3988418579102,-8.92131519317627,"Unknown"
"9004157",371992,2025-05-30 23:57:44,42.3988761901855,-8.92119121551514,"Unknown"
"9004157",371992,2025-05-31 00:02:47,42.3988914489746,-8.92066287994385,"Unknown"
"9004157",371992,2025-05-31 00:07:56,42.3988380432129,-8.92167282104492,"Unknown"
"9004157",371992,2025-05-31 00:12:46,42.3988571166992,-8.9212007522583,"Unknown"
"9004157",371992,2025-05-31 00:17:48,42.3988456726074,-8.9210958480835,"Unknown"
"9004157",371992,2025-05-31 00:22:48,42.398853302002,-8.92165946960449,"Unknown"
"9004157",371992,2025-05-31 00:27:46,42.3988075256348,-8.92182350158691,"Unknown"
"9004157",371992,2025-05-31 00:32:45,42.3988761901855,-8.92112445831299,"Unknown"
"9004157",371992,2025-05-31 00:37:45,42.3988571166992,-8.92104244232178,"Unknown"
"9004157",371992,2025-05-31 00:42:48,42.3988571166992,-8.92076683044434,"Unknown"
"9004157",371992,2025-05-31 00:47:57,42.3988761901855,-8.92101669311523,"Unknown"
"9004157",371992,2025-05-31 00:54:03,42.3988838195801,-8.92071056365967,"Unknown"
"9004157",371992,2025-05-31 00:58:01,42.3988952636719,-8.92059326171875,"Unknown"
"9004157",371992,2025-05-31 01:02:45,42.3989067077637,-8.92049026489258,"Unknown"
"9004157",371992,2025-05-31 01:07:53,42.3988800048828,-8.92072296142578,"Unknown"
"9004157",371992,2025-05-31 01:14:06,42.3988952636719,-8.92080783843994,"Unknown"
"9004157",371992,2025-05-31 01:19:06,42.3988876342773,-8.92076206207275,"Unknown"
"9004157",371992,2025-05-31 01:22:53,42.3989181518555,-8.92058658599854,"Unknown"
"9004157",371992,2025-05-31 01:27:52,42.3989067077637,-8.92088317871094,"Unknown"
"9004157",371992,2025-05-31 01:33:01,42.3989181518555,-8.92072105407715,"Unknown"
"9004157",371992,2025-05-31 01:39:06,42.3990211486816,-8.9211540222168,"Unknown"
"9004157",371992,2025-05-31 01:43:01,42.3989868164062,-8.92115783691406,"Unknown"
"9004157",371992,2025-05-31 01:47:56,42.3989410400391,-8.92102909088135,"Unknown"
"9004157",371992,2025-05-31 01:53:16,42.398998260498,-8.92097663879395,"Unknown"
"9004157",371992,2025-05-31 01:59:06,42.3990707397461,-8.9211368560791,"Unknown"
"9004157",371992,2025-05-31 02:03:41,42.3990631103516,-8.9212007522583,"Unknown"
"9004157",371992,2025-05-31 02:08:12,42.3988304138184,-8.92003631591797,"Unknown"
"9004157",371992,2025-05-31 02:14:06,42.3989372253418,-8.92098617553711,"Unknown"
"9004157",371992,2025-05-31 02:18:43,42.3990020751953,-8.92090129852295,"Unknown"
"9004157",371992,2025-05-31 02:23:04,42.3989105224609,-8.92120361328125,"Unknown"
"9004157",371992,2025-05-31 02:27:52,42.3989410400391,-8.92068481445312,"Unknown"
"9004157",371992,2025-05-31 02:32:54,42.39892578125,-8.92100715637207,"Unknown"
"9004157",371992,2025-05-31 02:38:11,42.3989067077637,-8.92123699188232,"Unknown"
"9004157",371992,2025-05-31 02:42:59,42.3989067077637,-8.9213285446167,"Unknown"
"9004157",371992,2025-05-31 02:47:49,42.3989181518555,-8.9211483001709,"Unknown"
"9004157",371992,2025-05-31 02:52:49,42.3988342285156,-8.92100811004639,"Unknown"
"9004157",371992,2025-05-31 02:57:45,42.3988265991211,-8.92109107971191,"Unknown"
"9004157",371992,2025-05-31 03:02:48,42.3987808227539,-8.92097854614258,"Unknown"
"9004157",371992,2025-05-31 03:07:47,42.3988304138184,-8.92093658447266,"Unknown"
"9004157",371992,2025-05-31 03:12:55,42.3988227844238,-8.92099571228027,"Unknown"
"9004157",371992,2025-05-31 03:17:58,42.3989028930664,-8.92060279846191,"Unknown"
"9004157",371992,2025-05-31 03:23:29,42.3988914489746,-8.92083740234375,"Unknown"
"9004157",371992,2025-05-31 03:27:46,42.3988380432129,-8.92109775543213,"Unknown"
"9004157",371992,2025-05-31 03:33:03,42.3988227844238,-8.92125701904297,"Unknown"
"9004157",371992,2025-05-31 03:37:49,42.3988418579102,-8.92116737365723,"Unknown"
"9004157",371992,2025-05-31 03:42:49,42.3988571166992,-8.92087364196777,"Unknown"
"9004157",371992,2025-05-31 03:47:47,42.3989143371582,-8.92091464996338,"Unknown"
"9004157",371992,2025-05-31 03:53:06,42.3988914489746,-8.92104530334473,"Unknown"
"9004157",371992,2025-05-31 03:58:02,42.398853302002,-8.92116355895996,"Unknown"
"9004157",371992,2025-05-31 04:02:54,42.3989067077637,-8.92097854614258,"Unknown"
"9004157",371992,2025-05-31 04:09:05,42.3988952636719,-8.920823097229,"Unknown"
"9004157",371992,2025-05-31 04:12:55,42.3988876342773,-8.92093753814697,"Unknown"
"9004157",371992,2025-05-31 04:17:44,42.3988800048828,-8.92118740081787,"Unknown"
"9004157",371992,2025-05-31 04:22:44,42.3988609313965,-8.9209623336792,"Unknown"
"9004157",371992,2025-05-31 04:27:45,42.3988151550293,-8.92083549499512,"Unknown"
"9004157",371992,2025-05-31 04:34:01,42.398868560791,-8.92107772827148,"Unknown"
"9004157",371992,2025-05-31 04:38:02,42.3989715576172,-8.92110347747803,"Unknown"
"9004157",371992,2025-05-31 04:42:49,42.3989524841309,-8.92115497589111,"Unknown"
"9004157",371992,2025-05-31 04:48:16,42.3989181518555,-8.92105960845947,"Unknown"
"9004157",371992,2025-05-31 04:52:44,42.3988990783691,-8.92127323150635,"Unknown"
"9004157",371992,2025-05-31 04:57:49,42.3989944458008,-8.92126083374023,"Unknown"
"9004157",371992,2025-05-31 05:02:43,42.3989181518555,-8.92144203186035,"Unknown"
"9004157",371992,2025-05-31 05:07:45,42.3987503051758,-8.92165279388428,"Unknown"
"9004157",371992,2025-05-31 05:12:42,42.3987312316895,-8.92158985137939,"Unknown"
"9004157",371992,2025-05-31 06:27:58,42.3988952636719,-8.92172908782959,"Unknown"
"9004157",371992,2025-05-31 06:33:14,42.3988800048828,-8.92163562774658,"Unknown"
"9004157",371992,2025-05-31 06:37:42,42.3988571166992,-8.92166996002197,"Unknown"
"9004157",371992,2025-05-31 06:42:42,42.3989105224609,-8.92171859741211,"Unknown"
"9004157",371992,2025-05-31 06:47:44,42.3988952636719,-8.92178630828857,"Unknown"
"9004157",371992,2025-05-31 06:52:43,42.3988265991211,-8.92171669006348,"Unknown"
"9004157",371992,2025-05-31 06:57:42,42.3989715576172,-8.92181587219238,"Unknown"
"9004157",371992,2025-05-31 07:03:05,42.3989601135254,-8.92155170440674,"Unknown"
"9004157",371992,2025-05-31 07:07:43,42.3987846374512,-8.92123317718506,"Unknown"
"9004157",371992,2025-05-31 07:12:43,42.3988838195801,-8.92146873474121,"Unknown"
"9004157",371992,2025-05-31 07:17:44,42.3988761901855,-8.92138767242432,"Unknown"
"9004157",371992,2025-05-31 07:22:43,42.3989944458008,-8.92185401916504,"Unknown"
"9004157",371992,2025-05-31 07:27:43,42.39892578125,-8.92140674591064,"Unknown"
"9004157",371992,2025-05-31 07:32:42,42.3990097045898,-8.92158031463623,"Unknown"
"9004157",371992,2025-05-31 07:37:44,42.3991394042969,-8.92178153991699,"Unknown"
"9004157",371992,2025-05-31 07:42:43,42.399055480957,-8.92168807983398,"Unknown"
"9004157",371992,2025-05-31 07:47:43,42.3990249633789,-8.92186832427979,"Unknown"
"9004157",371992,2025-05-31 07:52:43,42.3990440368652,-8.92142009735107,"Unknown"
"9004157",371992,2025-05-31 07:58:05,42.3989334106445,-8.92126560211182,"Unknown"
"9004157",371992,2025-05-31 08:02:42,42.3989753723145,-8.92132759094238,"Unknown"
"9004157",371992,2025-05-31 08:07:46,42.3988838195801,-8.92123317718506,"Unknown"
"9004157",371992,2025-05-31 08:12:44,42.3989868164062,-8.92123222351074,"Unknown"
"9004157",371992,2025-05-31 08:17:48,42.3989715576172,-8.9210901260376,"Unknown"
"9004157",371992,2025-05-31 08:28:05,42.3988723754883,-8.92111492156982,"Unknown"
"9004157",371992,2025-05-31 08:32:43,42.3990364074707,-8.92156791687012,"Unknown"
"9004157",371992,2025-05-31 08:37:42,42.3988800048828,-8.92115211486816,"Unknown"
"9004157",371992,2025-05-31 08:42:42,42.3988571166992,-8.92115783691406,"Unknown"
"9004157",371992,2025-05-31 08:47:41,42.3988761901855,-8.9211483001709,"Unknown"
"9004157",371992,2025-05-31 08:53:15,42.3987350463867,-8.92058944702148,"Unknown"
"9004157",371992,2025-05-31 08:57:45,42.3988304138184,-8.92111396789551,"Unknown"
"9004157",371992,2025-05-31 09:02:42,42.3989486694336,-8.92114639282227,"Unknown"
"9004157",371992,2025-05-31 09:07:42,42.4235916137695,-8.91763210296631,"Unknown"
"9004157",371992,2025-05-31 09:12:42,42.4511108398438,-8.93035316467285,"Unknown"
"9004157",371992,2025-05-31 09:17:42,42.4785995483398,-8.93839836120605,"Unknown"
"9004157",371992,2025-05-31 09:22:42,42.4948043823242,-8.9058084487915,"Unknown"
"9004157",371992,2025-05-31 09:28:23,42.4959297180176,-8.90310096740723,"Unknown"
"9004157",371992,2025-05-31 09:33:22,42.5045051574707,-8.87853336334229,"Unknown"
"9004157",371992,2025-05-31 09:38:22,42.5058174133301,-8.87501811981201,"Unknown"
"9004157",371992,2025-05-31 09:43:22,42.506275177002,-8.87471008300781,"Unknown"
"9004157",371992,2025-05-31 09:48:40,42.5050811767578,-8.87404251098633,"Unknown"
"9004157",371992,2025-05-31 09:54:06,42.5056762695312,-8.87320327758789,"Unknown"
"9004157",371992,2025-05-31 09:59:21,42.5066299438477,-8.87383937835693,"Unknown"
"9004157",371992,2025-05-31 10:04:39,42.5071983337402,-8.87225532531738,"Unknown"
"9004157",371992,2025-05-31 10:09:56,42.5082321166992,-8.87107467651367,"Unknown"
"9004157",371992,2025-05-31 10:15:10,42.5088348388672,-8.87046051025391,"Unknown"
"9004157",371992,2025-05-31 10:20:09,42.5094146728516,-8.86994934082031,"Unknown"
"9004157",371992,2025-05-31 10:25:53,42.5077514648438,-8.87025547027588,"Unknown"
"9004157",371992,2025-05-31 10:30:51,42.5073280334473,-8.87048149108887,"Unknown"
"9004157",371992,2025-05-31 10:37:01,42.508430480957,-8.8698673248291,"Unknown"
"9004157",371992,2025-05-31 10:42:14,42.5088882446289,-8.87045192718506,"Unknown"
"9004157",371992,2025-05-31 10:47:10,42.5124015808105,-8.86513042449951,"Unknown"
"9004157",371992,2025-05-31 10:52:00,42.5125465393066,-8.86506652832031,"Unknown"
"9004157",371992,2025-05-31 10:57:14,42.5125427246094,-8.86510276794434,"Unknown"
"9004157",371992,2025-05-31 11:02:01,42.512523651123,-8.86515426635742,"Unknown"
"9004157",371992,2025-05-31 11:07:35,42.5122947692871,-8.86486530303955,"Unknown"
"9004157",371992,2025-05-31 11:12:00,42.5124397277832,-8.86491394042969,"Unknown"
"9004157",371992,2025-05-31 11:17:00,42.512378692627,-8.86481952667236,"Unknown"
"9004157",371992,2025-05-31 11:22:00,42.5123825073242,-8.86489582061768,"Unknown"
"9004157",371992,2025-05-31 11:27:00,42.5122833251953,-8.86485958099365,"Unknown"
"9004157",371992,2025-05-31 11:32:00,42.5123405456543,-8.86489391326904,"Unknown"
"9004157",371992,2025-05-31 11:37:00,42.5123672485352,-8.86487293243408,"Unknown"
"9004157",371992,2025-05-31 11:42:01,42.5123672485352,-8.8649263381958,"Unknown"
"9004157",371992,2025-05-31 11:47:01,42.5121307373047,-8.86515426635742,"Unknown"
"9004157",371992,2025-05-31 11:52:01,42.5120887756348,-8.86532115936279,"Unknown"
"9004157",371992,2025-05-31 11:57:01,42.5121383666992,-8.8651294708252,"Unknown"
"9004157",371992,2025-05-31 12:02:09,42.5123100280762,-8.86480808258057,"Unknown"
"9004157",371992,2025-05-31 12:07:09,42.5122985839844,-8.86475658416748,"Unknown"
"9004157",371992,2025-05-31 12:12:14,42.5123100280762,-8.86479187011719,"Unknown"
"9004157",371992,2025-05-31 12:17:01,42.5123100280762,-8.86484336853027,"Unknown"
"9004157",371992,2025-05-31 12:22:00,42.5122833251953,-8.86483669281006,"Unknown"
"9004157",371992,2025-05-31 12:27:02,42.5092353820801,-8.86871528625488,"Unknown"
"9004157",371992,2025-05-31 12:32:01,42.5080947875977,-8.86974811553955,"Unknown"
"9004157",371992,2025-05-31 12:37:23,42.5065689086914,-8.87063121795654,"Unknown"
"9004157",371992,2025-05-31 12:42:47,42.5058212280273,-8.8720703125,"Unknown"
"9004157",371992,2025-05-31 12:49:42,42.5056457519531,-8.87407493591309,"Unknown"
"9004157",371992,2025-05-31 12:54:44,42.5050468444824,-8.8795108795166,"Unknown"
"9004157",371992,2025-05-31 12:59:29,42.505012512207,-8.87938499450684,"Unknown"
"9004157",371992,2025-05-31 13:04:29,42.504997253418,-8.87965202331543,"Unknown"
"9004157",371992,2025-05-31 13:09:28,42.5049133300781,-8.87953281402588,"Unknown"
"9004157",371992,2025-05-31 13:14:28,42.504997253418,-8.87955570220947,"Unknown"
"9004157",371992,2025-05-31 13:19:29,42.5047416687012,-8.87973690032959,"Unknown"
"9004157",371992,2025-05-31 13:24:30,42.5048904418945,-8.87967109680176,"Unknown"
"9004157",371992,2025-05-31 13:29:28,42.5048484802246,-8.8797607421875,"Unknown"
"9004157",371992,2025-05-31 13:34:29,42.5048294067383,-8.87959480285645,"Unknown"
"9004157",371992,2025-05-31 13:39:29,42.5047912597656,-8.8799991607666,"Unknown"
"9004157",371992,2025-05-31 13:44:29,42.5047798156738,-8.87937641143799,"Unknown"
"9004157",371992,2025-05-31 13:49:33,42.5048751831055,-8.8789176940918,"Unknown"
"9004157",371992,2025-05-31 13:54:35,42.5048789978027,-8.87869071960449,"Unknown"
"9004157",371992,2025-05-31 13:59:34,42.5051116943359,-8.87692356109619,"Unknown"
"9004157",371992,2025-05-31 14:05:00,42.5056419372559,-8.87471771240234,"Unknown"
"9004157",371992,2025-05-31 14:10:00,42.5063552856445,-8.87282085418701,"Unknown"
"9004157",371992,2025-05-31 14:16:36,42.5077934265137,-8.87144565582275,"Unknown"
"9004157",371992,2025-05-31 14:22:05,42.5072135925293,-8.86990833282471,"Unknown"
"9004157",371992,2025-05-31 14:30:40,42.5077590942383,-8.86997985839844,"Unknown"
"9004157",371992,2025-05-31 14:35:20,42.5081520080566,-8.87057018280029,"Unknown"
"9004157",371992,2025-05-31 14:40:21,42.5082015991211,-8.86960124969482,"Unknown"
"9004157",371992,2025-05-31 14:45:22,42.5070686340332,-8.87016105651855,"Unknown"
"9004157",371992,2025-05-31 14:50:55,42.5076446533203,-8.87009906768799,"Unknown"
"9004157",371992,2025-05-31 14:56:20,42.507396697998,-8.87238788604736,"Unknown"
"9004157",371992,2025-05-31 15:01:40,42.5079536437988,-8.87249279022217,"Unknown"
"9004157",371992,2025-05-31 15:06:47,42.5084075927734,-8.87186813354492,"Unknown"
"9004157",371992,2025-05-31 15:12:00,42.5075874328613,-8.87269878387451,"Unknown"
"9004157",371992,2025-05-31 15:17:48,42.5067291259766,-8.87414741516113,"Unknown"
"9004157",371992,2025-05-31 15:25:30,42.5065155029297,-8.87158298492432,"Unknown"
"9004157",371992,2025-05-31 15:30:35,42.5063743591309,-8.87172031402588,"Unknown"
"9004157",371992,2025-05-31 15:36:02,42.5070991516113,-8.87234306335449,"Unknown"
"9004157",371992,2025-05-31 15:50:49,42.5074157714844,-8.87071800231934,"Unknown"
"9004157",371992,2025-05-31 15:56:18,42.5028190612793,-8.88267803192139,"Unknown"
"9004157",371992,2025-05-31 16:01:05,42.4803352355957,-8.92869281768799,"Unknown"
"9004157",371992,2025-05-31 16:05:36,42.4805183410645,-8.93644618988037,"Unknown"
"9004157",371992,2025-05-31 16:10:36,42.480583190918,-8.93638134002686,"Unknown"
"9004157",371992,2025-05-31 16:15:36,42.4805755615234,-8.93636989593506,"Unknown"
"9004157",371992,2025-05-31 16:20:36,42.4436149597168,-8.94180297851562,"Unknown"
"9004157",371992,2025-05-31 16:25:42,42.3993988037109,-8.92041301727295,"Unknown"
"9004157",371992,2025-05-31 16:31:05,42.3990936279297,-8.92133331298828,"Unknown"
"9004157",371992,2025-05-31 16:35:39,42.3991279602051,-8.92129707336426,"Unknown"
"9004157",371992,2025-05-31 16:40:43,42.3991241455078,-8.92149543762207,"Unknown"
"9004157",371992,2025-05-31 16:45:39,42.3991622924805,-8.92141914367676,"Unknown"
"9004157",371992,2025-05-31 16:50:46,42.3991394042969,-8.92162990570068,"Unknown"
"9004157",371992,2025-05-31 16:55:38,42.3991470336914,-8.9215087890625,"Unknown"
"9004157",371992,2025-05-31 17:00:43,42.3992881774902,-8.92140483856201,"Unknown"
"9004157",371992,2025-05-31 17:06:44,42.3990135192871,-8.92181587219238,"Unknown"
"9004157",371992,2025-05-31 17:10:39,42.3990440368652,-8.92195224761963,"Unknown"
"9004157",371992,2025-05-31 17:15:43,42.3989715576172,-8.92167568206787,"Unknown"
"9004157",371992,2025-05-31 17:20:40,42.3988227844238,-8.92151355743408,"Unknown"
"9004157",371992,2025-05-31 17:25:50,42.3988304138184,-8.92107677459717,"Unknown"
"9004157",371992,2025-05-31 17:30:52,42.3988265991211,-8.92133331298828,"Unknown"
"9004157",371992,2025-05-31 17:35:40,42.3987083435059,-8.92105293273926,"Unknown"
"9004157",371992,2025-05-31 17:40:49,42.3989105224609,-8.92199230194092,"Unknown"
"9004157",371992,2025-05-31 17:46:14,42.3988761901855,-8.92137432098389,"Unknown"
"9004157",371992,2025-05-31 17:50:39,42.3987693786621,-8.92169952392578,"Unknown"
"9004157",371992,2025-05-31 17:55:37,42.3989486694336,-8.92153835296631,"Unknown"
"9004157",371992,2025-05-31 18:00:38,42.3987884521484,-8.92134380340576,"Unknown"
"9004157",371992,2025-05-31 18:05:37,42.3986892700195,-8.92140865325928,"Unknown"
"9004157",371992,2025-05-31 18:10:35,42.3988609313965,-8.92146301269531,"Unknown"
"9004157",371992,2025-05-31 18:15:36,42.3986473083496,-8.9216365814209,"Unknown"
"9004157",371992,2025-05-31 18:20:39,42.3988037109375,-8.92110538482666,"Unknown"
"9004157",371992,2025-05-31 18:25:51,42.3988304138184,-8.92110824584961,"Unknown"
"9004157",371992,2025-05-31 18:30:49,42.3988189697266,-8.92115306854248,"Unknown"
"9004157",371992,2025-05-31 18:35:49,42.3987846374512,-8.92099571228027,"Unknown"
"9004157",371992,2025-05-31 18:40:49,42.3988151550293,-8.92109394073486,"Unknown"
"9004157",371992,2025-05-31 18:45:48,42.3987808227539,-8.92108535766602,"Unknown"
"9004157",371992,2025-05-31 18:50:54,42.3987731933594,-8.92106342315674,"Unknown"
"9004157",371992,2025-05-31 18:55:50,42.3988151550293,-8.92119216918945,"Unknown"
"9004157",371992,2025-05-31 19:00:48,42.3988227844238,-8.92135334014893,"Unknown"
"9004157",371992,2025-05-31 19:06:14,42.3988876342773,-8.92153739929199,"Unknown"
"9004157",371992,2025-05-31 19:10:42,42.3989791870117,-8.92159843444824,"Unknown"
"9004157",371992,2025-05-31 19:15:39,42.3989677429199,-8.92165470123291,"Unknown"
"9004157",371992,2025-05-31 19:21:21,42.3989105224609,-8.92138290405273,"Unknown"
"9004157",371992,2025-05-31 19:26:01,42.39892578125,-8.91938591003418,"Unknown"
"9004157",371992,2025-05-31 19:30:51,42.3989372253418,-8.92021083831787,"Unknown"
"9004157",371992,2025-05-31 19:35:40,42.398983001709,-8.92024803161621,"Unknown"
"9004157",371992,2025-05-31 19:45:43,42.3990058898926,-8.92072105407715,"Unknown"
"9004157",371992,2025-05-31 19:50:39,42.3990058898926,-8.92089366912842,"Unknown"
"9004157",371992,2025-05-31 19:55:50,42.3989868164062,-8.92080879211426,"Unknown"
"9004157",371992,2025-05-31 20:00:48,42.3989143371582,-8.9210786819458,"Unknown"
"9004157",371992,2025-05-31 20:05:47,42.3988876342773,-8.92105293273926,"Unknown"
"9004157",371992,2025-05-31 20:10:48,42.3988151550293,-8.92124557495117,"Unknown"
"9004157",371992,2025-05-31 20:15:58,42.3989219665527,-8.92159080505371,"Unknown"
"9004157",371992,2025-05-31 20:20:43,42.3989868164062,-8.92106151580811,"Unknown"
"9004157",371992,2025-05-31 20:25:50,42.3989601135254,-8.92099857330322,"Unknown"
"9004157",371992,2025-05-31 20:31:03,42.3988456726074,-8.92109394073486,"Unknown"
"9004157",371992,2025-05-31 20:35:38,42.3982849121094,-8.92133808135986,"Unknown"
"9004157",371992,2025-05-31 20:41:05,42.3988914489746,-8.92108917236328,"Unknown"
"9004157",371992,2025-05-31 20:45:36,42.3990898132324,-8.92108154296875,"Unknown"
"9004157",371992,2025-05-31 20:50:36,42.3990211486816,-8.92106342315674,"Unknown"
"9004157",371992,2025-05-31 20:55:40,42.3994522094727,-8.92086505889893,"Unknown"
"9004157",371992,2025-05-31 21:00:40,42.3985176086426,-8.92147254943848,"Unknown"
"9004157",371992,2025-05-31 21:05:47,42.3988952636719,-8.9212818145752,"Unknown"
"9004157",371992,2025-05-31 21:10:40,42.3988838195801,-8.92128372192383,"Unknown"
"9004157",371992,2025-05-31 21:15:40,42.3988914489746,-8.92096996307373,"Unknown"
"9004157",371992,2025-05-31 21:20:48,42.3988494873047,-8.92122364044189,"Unknown"
"9004157",371992,2025-05-31 21:26:05,42.3989067077637,-8.92135143280029,"Unknown"
"9004157",371992,2025-05-31 21:31:08,42.398868560791,-8.92115306854248,"Unknown"
"9004157",371992,2025-05-31 21:35:57,42.3988647460938,-8.92133712768555,"Unknown"
"9004157",371992,2025-05-31 21:41:59,42.3992691040039,-8.91756820678711,"Unknown"
"9004157",371992,2025-05-31 21:45:45,42.3992767333984,-8.920334815979,"Unknown"
"9004157",371992,2025-05-31 21:51:59,42.3988342285156,-8.92061996459961,"Unknown"
"9004157",371992,2025-05-31 21:55:45,42.3990631103516,-8.92102909088135,"Unknown"
"9004157",371992,2025-05-31 22:00:53,42.3987617492676,-8.92125034332275,"Unknown"
"9004157",371992,2025-05-31 22:05:41,42.3982582092285,-8.9208812713623,"Unknown"
"9004157",371992,2025-05-31 22:10:50,42.3989219665527,-8.92102813720703,"Unknown"
"9004157",371992,2025-05-31 22:15:48,42.3989486694336,-8.92131423950195,"Unknown"
"9004157",371992,2025-05-31 22:21:25,42.3988609313965,-8.9209041595459,"Unknown"
"9004157",371992,2025-05-31 22:26:59,42.3990936279297,-8.92357921600342,"Unknown"
"9004157",371992,2025-05-31 22:30:50,42.3988647460938,-8.92122745513916,"Unknown"
"9004157",371992,2025-05-31 22:36:59,42.3989715576172,-8.92112636566162,"Unknown"
"9004157",371992,2025-05-31 22:41:38,42.3988571166992,-8.92097663879395,"Unknown"
"9004157",371992,2025-05-31 22:46:59,42.3987808227539,-8.92084980010986,"Unknown"
"9004157",371992,2025-05-31 22:51:59,42.3987770080566,-8.92092800140381,"Unknown"
"9004157",371992,2025-05-31 22:56:59,42.3987426757812,-8.92095375061035,"Unknown"
"9004157",371992,2025-05-31 23:01:59,42.3987121582031,-8.92091464996338,"Unknown"
"9004157",371992,2025-05-31 23:05:51,42.3987312316895,-8.92097663879395,"Unknown"
"9004157",371992,2025-05-31 23:10:49,42.3988494873047,-8.92087650299072,"Unknown"
"9004157",371992,2025-05-31 23:15:43,42.3989028930664,-8.92082405090332,"Unknown"
"9004157",371992,2025-05-31 23:20:39,42.398796081543,-8.92069053649902,"Unknown"
"9004157",371992,2025-05-31 23:25:42,42.3988571166992,-8.92168140411377,"Unknown"
"9004157",371992,2025-05-31 23:30:42,42.3987922668457,-8.92149639129639,"Unknown"
"9004157",371992,2025-05-31 23:35:43,42.3989295959473,-8.92138290405273,"Unknown"
"9004157",371992,2025-05-31 23:40:38,42.3986930847168,-8.92061424255371,"Unknown"
"9004157",371992,2025-05-31 23:45:46,42.3989677429199,-8.92141532897949,"Unknown"
"9004157",371992,2025-05-31 23:51:02,42.3989028930664,-8.92121887207031,"Unknown"
"9004157",371992,2025-05-31 23:55:48,42.3989295959473,-8.92135334014893,"Unknown"
"9004157",371992,2025-06-01 00:00:42,42.3991661071777,-8.9205379486084,"Unknown"
"9004157",371992,2025-06-01 00:06:59,42.3992462158203,-8.92079162597656,"Unknown"
"9004157",371992,2025-06-01 00:11:33,42.3990859985352,-8.92113208770752,"Unknown"
"9004157",371992,2025-06-01 00:16:59,42.3989601135254,-8.92197799682617,"Unknown"
"9004157",371992,2025-06-01 00:20:58,42.3989944458008,-8.92231178283691,"Unknown"
"9004157",371992,2025-06-01 00:25:52,42.3989410400391,-8.92224407196045,"Unknown"
"9004157",371992,2025-06-01 00:30:44,42.3990364074707,-8.92302322387695,"Unknown"
"9004157",371992,2025-06-01 00:35:49,42.3989524841309,-8.92215538024902,"Unknown"
"9004157",371992,2025-06-01 00:40:53,42.3989105224609,-8.92149448394775,"Unknown"
"9004157",371992,2025-06-01 00:45:49,42.3989295959473,-8.92155361175537,"Unknown"
"9004157",371992,2025-06-01 00:50:51,42.3989143371582,-8.92196178436279,"Unknown"
"9004157",371992,2025-06-01 00:55:46,42.3989486694336,-8.9215726852417,"Unknown"
"9004157",371992,2025-06-01 01:00:57,42.3990287780762,-8.92080879211426,"Unknown"
"9004157",371992,2025-06-01 01:05:48,42.398983001709,-8.9209680557251,"Unknown"
"9004157",371992,2025-06-01 01:11:54,42.3988914489746,-8.92116737365723,"Unknown"
"9004157",371992,2025-06-01 01:15:47,42.3988838195801,-8.92114162445068,"Unknown"
"9004157",371992,2025-06-01 01:21:00,42.3988494873047,-8.92103004455566,"Unknown"
"9004157",371992,2025-06-01 01:25:49,42.3988723754883,-8.92120838165283,"Unknown"
"9004157",371992,2025-06-01 01:31:49,42.3988723754883,-8.92117214202881,"Unknown"
"9004157",371992,2025-06-01 01:36:59,42.3989028930664,-8.92133522033691,"Unknown"
"9004157",371992,2025-06-01 01:40:50,42.3989486694336,-8.92155933380127,"Unknown"
"9004157",371992,2025-06-01 01:45:50,42.3989562988281,-8.92190170288086,"Unknown"
"9004157",371992,2025-06-01 01:51:59,42.3989562988281,-8.92169952392578,"Unknown"
"9004157",371992,2025-06-01 02:06:14,42.3988876342773,-8.9211597442627,"Unknown"
"9004157",371992,2025-06-01 02:11:24,42.3988304138184,-8.92107486724854,"Unknown"
"9004157",371992,2025-06-01 02:16:14,42.3988456726074,-8.92103099822998,"Unknown"
"9004157",371992,2025-06-01 02:20:39,42.3988189697266,-8.92117404937744,"Unknown"
"9004157",371992,2025-06-01 02:25:42,42.3988342285156,-8.92182445526123,"Unknown"
"9004157",371992,2025-06-01 02:30:49,42.3992080688477,-8.9203052520752,"Unknown"
"9004157",371992,2025-06-01 02:35:49,42.3991851806641,-8.92045593261719,"Unknown"
"9004157",371992,2025-06-01 02:41:02,42.3989562988281,-8.92093467712402,"Unknown"
"9004157",371992,2025-06-01 02:45:49,42.3989486694336,-8.92131423950195,"Unknown"
"9004157",371992,2025-06-01 02:56:14,42.3989791870117,-8.92052555084229,"Unknown"
"9004157",371992,2025-06-01 03:00:43,42.3990745544434,-8.92023658752441,"Unknown"
"9004157",371992,2025-06-01 03:05:41,42.3989028930664,-8.92061614990234,"Unknown"
"9004157",371992,2025-06-01 03:10:38,42.3989944458008,-8.92137813568115,"Unknown"
"9004157",371992,2025-06-01 03:15:43,42.3991394042969,-8.92033958435059,"Unknown"
"9004157",371992,2025-06-01 03:20:42,42.3989219665527,-8.92081546783447,"Unknown"
"9004157",371992,2025-06-01 03:25:53,42.3993301391602,-8.92116165161133,"Unknown"
"9004157",371992,2025-06-01 03:31:59,42.3990631103516,-8.92153358459473,"Unknown"
"9004157",371992,2025-06-01 03:35:50,42.3988952636719,-8.92133331298828,"Unknown"
"9004157",371992,2025-06-01 03:40:40,42.3989524841309,-8.92103862762451,"Unknown"
"9004157",371992,2025-06-01 03:46:18,42.3989105224609,-8.92107105255127,"Unknown"
"9004157",371992,2025-06-01 03:50:50,42.3989562988281,-8.92094802856445,"Unknown"
"9004157",371992,2025-06-01 03:56:18,42.3990020751953,-8.92106628417969,"Unknown"
"9004157",371992,2025-06-01 04:01:02,42.3989028930664,-8.92117786407471,"Unknown"
"9004157",371992,2025-06-01 04:06:19,42.3988990783691,-8.92098140716553,"Unknown"
"9004157",371992,2025-06-01 04:10:38,42.3989028930664,-8.92124366760254,"Unknown"
"9004157",371992,2025-06-01 04:16:59,42.398853302002,-8.9200267791748,"Unknown"
"9004157",371992,2025-06-01 04:21:59,42.398853302002,-8.92071056365967,"Unknown"
"9004157",371992,2025-06-01 04:25:41,42.3988571166992,-8.9209041595459,"Unknown"
"9004157",371992,2025-06-01 04:31:05,42.3988075256348,-8.92109680175781,"Unknown"
"9004157",371992,2025-06-01 04:35:50,42.3988990783691,-8.92117691040039,"Unknown"
"9004157",371992,2025-06-01 04:41:59,42.3988304138184,-8.9213285446167,"Unknown"
"9004157",371992,2025-06-01 05:06:10,42.3988494873047,-8.92125797271729,"Unknown"
"9004157",371992,2025-06-01 05:10:38,42.3989486694336,-8.92108249664307,"Unknown"
"9004157",371992,2025-06-01 05:15:41,42.3984756469727,-8.92217540740967,"Unknown"
"9004157",371992,2025-06-01 05:20:40,42.3985939025879,-8.92182922363281,"Unknown"
"9004157",371992,2025-06-01 05:25:38,42.3989753723145,-8.92158317565918,"Unknown"
"9004157",371992,2025-06-01 05:30:49,42.3989715576172,-8.92155456542969,"Unknown"
"9004157",371992,2025-06-01 05:46:59,42.3989067077637,-8.92134475708008,"Unknown"
"9004157",371992,2025-06-01 05:51:14,42.3989219665527,-8.9213342666626,"Unknown"
"9004157",371992,2025-06-01 05:55:38,42.3990249633789,-8.92116355895996,"Unknown"
"9004157",371992,2025-06-01 06:00:37,42.3989410400391,-8.92113304138184,"Unknown"
"9004157",371992,2025-06-01 06:05:35,42.3990516662598,-8.92110633850098,"Unknown"
"9004157",371992,2025-06-01 06:10:40,42.3988647460938,-8.92134284973145,"Unknown"
"9004157",371992,2025-06-01 06:15:38,42.398983001709,-8.92148399353027,"Unknown"
"9004157",371992,2025-06-01 06:20:37,42.3989448547363,-8.92140674591064,"Unknown"
"9004157",371992,2025-06-01 06:25:38,42.3990287780762,-8.92127895355225,"Unknown"
"9004157",371992,2025-06-01 06:30:39,42.3989486694336,-8.92147922515869,"Unknown"
"9004157",371992,2025-06-01 06:35:39,42.3990173339844,-8.92138004302979,"Unknown"
"9004157",371992,2025-06-01 06:40:39,42.3990287780762,-8.9212064743042,"Unknown"
"9004157",371992,2025-06-01 06:46:14,42.3989448547363,-8.92143154144287,"Unknown"
"9004157",371992,2025-06-01 06:50:36,42.3988761901855,-8.92126560211182,"Unknown"
"9004157",371992,2025-06-01 06:55:37,42.3989334106445,-8.92141342163086,"Unknown"
"9004157",371992,2025-06-01 07:00:35,42.3988494873047,-8.92120933532715,"Unknown"
"9004157",371992,2025-06-01 07:05:36,42.3989715576172,-8.92134666442871,"Unknown"
"9004157",371992,2025-06-01 07:10:39,42.3987731933594,-8.92138862609863,"Unknown"
"9004157",371992,2025-06-01 07:15:37,42.4004821777344,-8.92173671722412,"Unknown"
"9004157",371992,2025-06-01 07:20:40,42.4270324707031,-8.91532230377197,"Unknown"
"9004157",371992,2025-06-01 07:25:36,42.4531936645508,-8.93412399291992,"Unknown"
"9004157",371992,2025-06-01 07:30:36,42.4783134460449,-8.94008541107178,"Unknown"
"9004157",371992,2025-06-01 07:35:38,42.4937858581543,-8.90743923187256,"Unknown"
"9004157",371992,2025-06-01 07:41:04,42.4977188110352,-8.90372943878174,"Unknown"
"9004157",371992,2025-06-01 07:45:58,42.5030784606934,-8.88511180877686,"Unknown"
"9004157",371992,2025-06-01 07:55:44,42.5071334838867,-8.87168598175049,"Unknown"
"9004157",371992,2025-06-01 08:01:28,42.5081481933594,-8.870436668396,"Unknown"
"9004157",371992,2025-06-01 08:06:31,42.5073623657227,-8.87125968933105,"Unknown"
"9004157",371992,2025-06-01 08:16:34,42.5089569091797,-8.86992359161377,"Unknown"
"9004157",371992,2025-06-01 08:21:33,42.509521484375,-8.87135982513428,"Unknown"
"9004157",371992,2025-06-01 08:26:41,42.5080261230469,-8.87234592437744,"Unknown"
"9004157",371992,2025-06-01 08:32:09,42.5070495605469,-8.87449645996094,"Unknown"
"9004157",371992,2025-06-01 08:37:17,42.5058288574219,-8.87674808502197,"Unknown"
"9004157",371992,2025-06-01 08:42:15,42.505500793457,-8.87918090820312,"Unknown"
"9004157",371992,2025-06-01 08:47:27,42.5047950744629,-8.88130378723145,"Unknown"
"9004157",371992,2025-06-01 08:52:29,42.5047378540039,-8.88126468658447,"Unknown"
"9004157",371992,2025-06-01 08:57:30,42.504695892334,-8.88117408752441,"Unknown"
"9004157",371992,2025-06-01 09:02:26,42.5046463012695,-8.88103103637695,"Unknown"
"9004157",371992,2025-06-01 09:07:29,42.5047340393066,-8.8810510635376,"Unknown"
"9004157",371992,2025-06-01 09:12:31,42.5048294067383,-8.88128662109375,"Unknown"
"9004157",371992,2025-06-01 09:17:20,42.504825592041,-8.88133525848389,"Unknown"
"9004157",371992,2025-06-01 09:22:14,42.5045166015625,-8.88128662109375,"Unknown"
"9004157",371992,2025-06-01 09:27:22,42.5047950744629,-8.88090991973877,"Unknown"
"9004157",371992,2025-06-01 09:32:14,42.5048866271973,-8.88107585906982,"Unknown"
"9004157",371992,2025-06-01 09:37:18,42.5046730041504,-8.88096332550049,"Unknown"
"9004157",371992,2025-06-01 09:42:14,42.5048828125,-8.88130950927734,"Unknown"
"9004157",371992,2025-06-01 09:47:14,42.5049133300781,-8.88114833831787,"Unknown"
"9004157",371992,2025-06-01 09:52:35,42.5047798156738,-8.8811731338501,"Unknown"
"9004157",371992,2025-06-01 09:57:13,42.504753112793,-8.88125514984131,"Unknown"
"9004157",371992,2025-06-01 10:02:13,42.5047187805176,-8.88123512268066,"Unknown"
"9004157",371992,2025-06-01 10:07:13,42.5047454833984,-8.88112926483154,"Unknown"
"9004157",371992,2025-06-01 10:12:14,42.506404876709,-8.87473106384277,"Unknown"
"9004157",371992,2025-06-01 10:17:26,42.506175994873,-8.87359428405762,"Unknown"
"9004157",371992,2025-06-01 10:22:57,42.5073356628418,-8.87200546264648,"Unknown"
"9004157",371992,2025-06-01 10:28:20,42.5081634521484,-8.87065982818604,"Unknown"
"9004157",371992,2025-06-01 10:33:20,42.507495880127,-8.87005996704102,"Unknown"
"9004157",371992,2025-06-01 10:38:57,42.5086479187012,-8.87012481689453,"Unknown"
"9004157",371992,2025-06-01 10:44:11,42.5082740783691,-8.86968040466309,"Unknown"
"9004157",371992,2025-06-01 10:49:53,42.5068778991699,-8.87075614929199,"Unknown"
"9004157",371992,2025-06-01 10:54:52,42.5063667297363,-8.87221622467041,"Unknown"
"9004157",371992,2025-06-01 11:00:20,42.5066337585449,-8.87248039245605,"Unknown"
"9004157",371992,2025-06-01 11:05:49,42.507022857666,-8.8729305267334,"Unknown"
"9004157",371992,2025-06-01 11:11:14,42.5079917907715,-8.87181663513184,"Unknown"
"9004157",371992,2025-06-01 11:16:39,42.5078239440918,-8.87307071685791,"Unknown"
"9004157",371992,2025-06-01 11:21:42,42.5078277587891,-8.87129878997803,"Unknown"
"9004157",371992,2025-06-01 11:26:42,42.5082321166992,-8.87036800384521,"Unknown"
"9004157",371992,2025-06-01 11:31:51,42.5070304870605,-8.8713550567627,"Unknown"
"9004157",371992,2025-06-01 11:36:51,42.5061531066895,-8.87295913696289,"Unknown"
"9004157",371992,2025-06-01 11:42:27,42.5055313110352,-8.87544631958008,"Unknown"
"9004157",371992,2025-06-01 11:48:04,42.5049018859863,-8.87470436096191,"Unknown"
"9004157",371992,2025-06-01 11:53:02,42.505443572998,-8.87435626983643,"Unknown"
"9004157",371992,2025-06-01 11:58:03,42.505298614502,-8.87574672698975,"Unknown"
"9004157",371992,2025-06-01 12:03:08,42.5051918029785,-8.87851142883301,"Unknown"
"9004157",371992,2025-06-01 12:08:07,42.504997253418,-8.88106536865234,"Unknown"
"9004157",371992,2025-06-01 12:13:04,42.5048484802246,-8.88114166259766,"Unknown"
"9004157",371992,2025-06-01 12:18:04,42.5050048828125,-8.881178855896,"Unknown"
"9004157",371992,2025-06-01 12:23:07,42.5050582885742,-8.88099384307861,"Unknown"
"9004157",371992,2025-06-01 12:28:09,42.5050239562988,-8.88097190856934,"Unknown"
"9004157",371992,2025-06-01 12:33:01,42.5050392150879,-8.88293266296387,"Unknown"
"9004157",371992,2025-06-01 12:38:01,42.5050201416016,-8.88248729705811,"Unknown"
"9004157",371992,2025-06-01 12:43:01,42.504997253418,-8.88224506378174,"Unknown"
"9004157",371992,2025-06-01 12:48:02,42.5049018859863,-8.88188743591309,"Unknown"
"9004157",371992,2025-06-01 12:53:06,42.5041351318359,-8.88138389587402,"Unknown"
"9004157",371992,2025-06-01 12:58:01,42.5048408508301,-8.881516456604,"Unknown"
"9004157",371992,2025-06-01 13:03:14,42.5033645629883,-8.88216209411621,"Unknown"
"9004157",371992,2025-06-01 13:08:35,42.5044059753418,-8.88096809387207,"Unknown"
"9004157",371992,2025-06-01 13:13:01,42.5045280456543,-8.88062381744385,"Unknown"
"9004157",371992,2025-06-01 13:18:01,42.5045585632324,-8.88050746917725,"Unknown"
"9004157",371992,2025-06-01 13:23:01,42.5045433044434,-8.87607097625732,"Unknown"
"9004157",371992,2025-06-01 13:28:16,42.5044937133789,-8.87537097930908,"Unknown"
"9004157",371992,2025-06-01 13:33:16,42.5045585632324,-8.8742036819458,"Unknown"
"9004157",371992,2025-06-01 13:38:58,42.5044250488281,-8.87487888336182,"Unknown"
"9004157",371992,2025-06-01 13:44:36,42.505054473877,-8.87422180175781,"Unknown"
"9004157",371992,2025-06-01 13:49:34,42.5045585632324,-8.87465000152588,"Unknown"
"9004157",371992,2025-06-01 13:54:33,42.504753112793,-8.87561321258545,"Unknown"
"9004157",371992,2025-06-01 13:59:48,42.5049018859863,-8.87630748748779,"Unknown"
"9004157",371992,2025-06-01 14:04:47,42.5053024291992,-8.87511157989502,"Unknown"
"9004157",371992,2025-06-01 14:09:47,42.505615234375,-8.87519550323486,"Unknown"
"9004157",371992,2025-06-01 14:14:49,42.5047950744629,-8.87497997283936,"Unknown"
"9004157",371992,2025-06-01 14:19:48,42.5042915344238,-8.87431716918945,"Unknown"
"9004157",371992,2025-06-01 14:25:03,42.5049705505371,-8.87416839599609,"Unknown"
"9004157",371992,2025-06-01 14:30:26,42.5045890808105,-8.8750524520874,"Unknown"
"9004157",371992,2025-06-01 14:35:44,42.5036468505859,-8.87482738494873,"Unknown"
"9004157",371992,2025-06-01 14:41:27,42.504467010498,-8.87442588806152,"Unknown"
"9004157",371992,2025-06-01 14:46:41,42.5053558349609,-8.87436485290527,"Unknown"
"9004157",371992,2025-06-01 14:52:09,42.5051651000977,-8.87495803833008,"Unknown"
"9004157",371992,2025-06-01 14:57:07,42.5045585632324,-8.87580394744873,"Unknown"
"9004157",371992,2025-06-01 15:02:08,42.5045394897461,-8.87731838226318,"Unknown"
"9004157",371992,2025-06-01 15:07:11,42.5035171508789,-8.88694095611572,"Unknown"
"9004157",371992,2025-06-01 15:12:08,42.5035438537598,-8.8868465423584,"Unknown"
"9004157",371992,2025-06-01 15:17:09,42.5035133361816,-8.8868522644043,"Unknown"
"9004157",371992,2025-06-01 15:22:07,42.5035705566406,-8.88688659667969,"Unknown"
"9004157",371992,2025-06-01 15:27:08,42.5035629272461,-8.88689994812012,"Unknown"
"9004157",371992,2025-06-01 15:32:08,42.5035057067871,-8.8869104385376,"Unknown"
"9004157",371992,2025-06-01 15:37:08,42.5035591125488,-8.88690757751465,"Unknown"
"9004157",371992,2025-06-01 15:42:09,42.5035247802734,-8.88690280914307,"Unknown"
"9004157",371992,2025-06-01 15:47:08,42.5034408569336,-8.88687229156494,"Unknown"
"9004157",371992,2025-06-01 15:52:09,42.504222869873,-8.8867769241333,"Unknown"
"9004157",371992,2025-06-01 15:57:08,42.5036430358887,-8.88689517974854,"Unknown"
"9004157",371992,2025-06-01 16:02:08,42.5036697387695,-8.88697719573975,"Unknown"
"9004157",371992,2025-06-01 16:07:08,42.503662109375,-8.88701248168945,"Unknown"
"9004157",371992,2025-06-01 16:12:08,42.5036773681641,-8.88700294494629,"Unknown"
"9004157",371992,2025-06-01 16:17:35,42.5034332275391,-8.88682556152344,"Unknown"
"9004157",371992,2025-06-01 16:22:08,42.5004272460938,-8.89378452301025,"Unknown"
"9004157",371992,2025-06-01 16:27:08,42.4692649841309,-8.94290065765381,"Unknown"
"9004157",371992,2025-06-01 16:32:08,42.4481048583984,-8.94073390960693,"Unknown"
"9004157",371992,2025-06-01 16:37:08,42.4469451904297,-8.94078731536865,"Unknown"
"9004157",371992,2025-06-01 16:42:08,42.4304351806641,-8.93224716186523,"Unknown"
"9004157",371992,2025-06-01 16:47:21,42.3989868164062,-8.92111110687256,"Unknown"
"9004157",371992,2025-06-01 16:52:11,42.3991661071777,-8.92169666290283,"Unknown"
"9004157",371992,2025-06-01 16:57:18,42.3987922668457,-8.92122840881348,"Unknown"
"9004157",371992,2025-06-01 17:07:12,42.3988761901855,-8.92126274108887,"Unknown"
"9004157",371992,2025-06-01 17:12:18,42.3988418579102,-8.92091274261475,"Unknown"
"9004157",371992,2025-06-01 17:17:29,42.3975067138672,-8.9229154586792,"Unknown"
"9004157",371992,2025-06-01 17:22:18,42.3987770080566,-8.9209098815918,"Unknown"
"9004157",371992,2025-06-01 17:27:18,42.3986892700195,-8.92096900939941,"Unknown"
"9004157",371992,2025-06-01 17:32:13,42.3988037109375,-8.92085933685303,"Unknown"
"9004157",371992,2025-06-01 17:37:13,42.3988761901855,-8.92086029052734,"Unknown"
"9004157",371992,2025-06-01 17:42:10,42.3990058898926,-8.92058753967285,"Unknown"
"9004157",371992,2025-06-01 17:47:52,42.3988227844238,-8.92091464996338,"Unknown"
"9004157",371992,2025-06-01 17:53:32,42.3988227844238,-8.92084312438965,"Unknown"
"9004157",371992,2025-06-01 17:58:32,42.3988037109375,-8.92080307006836,"Unknown"
"9004157",371992,2025-06-01 18:03:32,42.3988265991211,-8.92085075378418,"Unknown"
"9004157",371992,2025-06-01 18:07:10,42.3987693786621,-8.92091464996338,"Unknown"
"9004157",371992,2025-06-01 18:12:11,42.3988227844238,-8.92076778411865,"Unknown"
"9004157",371992,2025-06-01 18:17:11,42.3987579345703,-8.92089366912842,"Unknown"
"9004157",371992,2025-06-01 18:22:11,42.3989715576172,-8.92082214355469,"Unknown"
"9004157",371992,2025-06-01 18:27:16,42.3987998962402,-8.92118358612061,"Unknown"
"9004157",371992,2025-06-01 18:32:13,42.398811340332,-8.92121887207031,"Unknown"
"9004157",371992,2025-06-01 18:37:21,42.3987846374512,-8.92126655578613,"Unknown"
"9004157",371992,2025-06-01 18:42:44,42.3987731933594,-8.9211893081665,"Unknown"
"9004157",371992,2025-06-01 18:47:08,42.3986587524414,-8.92111015319824,"Unknown"
"9004157",371992,2025-06-01 18:52:09,42.3989601135254,-8.9208984375,"Unknown"
"9004157",371992,2025-06-01 18:57:12,42.3997421264648,-8.92129802703857,"Unknown"
"9004157",371992,2025-06-01 19:02:16,42.3987922668457,-8.9207935333252,"Unknown"
"9004157",371992,2025-06-01 19:07:16,42.3988304138184,-8.9208345413208,"Unknown"
"9004157",371992,2025-06-01 19:12:20,42.3988227844238,-8.9207935333252,"Unknown"
"9004157",371992,2025-06-01 19:18:32,42.3992233276367,-8.92165184020996,"Unknown"
"9004157",371992,2025-06-01 19:23:32,42.3992767333984,-8.92204570770264,"Unknown"
"9004157",371992,2025-06-01 19:27:12,42.39892578125,-8.92123222351074,"Unknown"
"9004157",371992,2025-06-01 19:32:10,42.3994407653809,-8.9225902557373,"Unknown"
"9004157",371992,2025-06-01 19:37:10,42.3993911743164,-8.9222354888916,"Unknown"
"9004157",371992,2025-06-01 19:42:44,42.3987770080566,-8.92112827301025,"Unknown"
"9004157",371992,2025-06-01 19:47:12,42.3988456726074,-8.92089748382568,"Unknown"
"9004157",371992,2025-06-01 19:52:25,42.3989677429199,-8.92154788970947,"Unknown"
"9004157",371992,2025-06-01 19:57:46,42.3988761901855,-8.92100429534912,"Unknown"
"9004157",371992,2025-06-01 20:02:18,42.3989524841309,-8.92089653015137,"Unknown"
"9004157",371992,2025-06-01 20:07:18,42.3988647460938,-8.92095375061035,"Unknown"
"9004157",371992,2025-06-01 20:12:18,42.3988265991211,-8.92101192474365,"Unknown"
"9004157",371992,2025-06-01 20:17:18,42.3988037109375,-8.921142578125,"Unknown"
"9004157",371992,2025-06-01 20:22:16,42.3988342285156,-8.92111873626709,"Unknown"
"9004157",371992,2025-06-01 20:27:18,42.3988494873047,-8.92079830169678,"Unknown"
"9004157",371992,2025-06-01 20:32:17,42.3988647460938,-8.92100238800049,"Unknown"
"9004157",371992,2025-06-01 20:37:23,42.3988304138184,-8.92094421386719,"Unknown"
"9004157",371992,2025-06-01 20:42:16,42.3988304138184,-8.92052268981934,"Unknown"
"9004157",371992,2025-06-01 20:47:16,42.3988456726074,-8.92071914672852,"Unknown"
"9004157",371992,2025-06-01 20:52:18,42.398853302002,-8.92122936248779,"Unknown"
"9004157",371992,2025-06-01 20:57:18,42.3988571166992,-8.92112827301025,"Unknown"
"9004157",371992,2025-06-01 21:02:35,42.398868560791,-8.92080688476562,"Unknown"
"9004157",371992,2025-06-01 21:07:15,42.3988952636719,-8.92063236236572,"Unknown"
"9004157",371992,2025-06-01 21:12:12,42.3985214233398,-8.92039489746094,"Unknown"
"9004157",371992,2025-06-01 21:17:18,42.3988189697266,-8.92101573944092,"Unknown"
"9004157",371992,2025-06-01 21:22:11,42.3995780944824,-8.92131996154785,"Unknown"
"9004157",371992,2025-06-01 21:27:12,42.3990936279297,-8.92127895355225,"Unknown"
"9004157",371992,2025-06-01 21:32:18,42.3988151550293,-8.92201328277588,"Unknown"
"9004157",371992,2025-06-01 21:37:28,42.3988037109375,-8.92173767089844,"Unknown"
"9004157",371992,2025-06-01 21:42:11,42.3990859985352,-8.92184257507324,"Unknown"
"9004157",371992,2025-06-01 21:47:18,42.3987846374512,-8.92168140411377,"Unknown"
"9004157",371992,2025-06-01 21:52:10,42.3988380432129,-8.92160320281982,"Unknown"
"9004157",371992,2025-06-01 21:57:11,42.3992958068848,-8.92114925384521,"Unknown"
"9004157",371992,2025-06-01 22:02:16,42.3988494873047,-8.92146968841553,"Unknown"
"9004157",371992,2025-06-01 22:08:32,42.398853302002,-8.92147254943848,"Unknown"
"9004157",371992,2025-06-01 22:13:32,42.3988952636719,-8.92128944396973,"Unknown"
"9004157",371992,2025-06-01 22:18:32,42.3988952636719,-8.92147254943848,"Unknown"
"9004157",371992,2025-06-01 22:23:32,42.3989524841309,-8.92138957977295,"Unknown"
"9004157",371992,2025-06-01 22:28:32,42.3988914489746,-8.92140674591064,"Unknown"
"9004157",371992,2025-06-01 22:33:32,42.3988990783691,-8.92133903503418,"Unknown"
"9004157",371992,2025-06-01 22:38:32,42.3989181518555,-8.92138767242432,"Unknown"
"9004157",371992,2025-06-01 22:42:13,42.3987426757812,-8.92138576507568,"Unknown"
"9004157",371992,2025-06-01 22:47:16,42.3988189697266,-8.92133045196533,"Unknown"
"9004157",371992,2025-06-01 22:52:25,42.3988609313965,-8.92122173309326,"Unknown"
"9004157",371992,2025-06-01 22:57:11,42.3989639282227,-8.92114925384521,"Unknown"
"9004157",371992,2025-06-01 23:02:15,42.39892578125,-8.92094230651855,"Unknown"
"9004157",371992,2025-06-01 23:07:11,42.3991546630859,-8.9208869934082,"Unknown"
"9004157",371992,2025-06-01 23:12:18,42.3991203308105,-8.9206371307373,"Unknown"
"9004157",371992,2025-06-01 23:17:17,42.3993301391602,-8.92025375366211,"Unknown"
"9004157",371992,2025-06-01 23:22:15,42.3990745544434,-8.9209156036377,"Unknown"
"9004157",371992,2025-06-01 23:27:24,42.3993606567383,-8.92040061950684,"Unknown"
"9004157",371992,2025-06-01 23:33:31,42.3989677429199,-8.92102241516113,"Unknown"
"9004157",371992,2025-06-01 23:37:17,42.3992004394531,-8.91987323760986,"Unknown"
"9004157",371992,2025-06-01 23:42:18,42.3992080688477,-8.92027187347412,"Unknown"
"9004157",371992,2025-06-01 23:47:17,42.3992080688477,-8.92089080810547,"Unknown"
"9004157",371992,2025-06-01 23:52:23,42.3992080688477,-8.92050266265869,"Unknown"
"9004157",371992,2025-06-01 23:57:35,42.3992042541504,-8.92041206359863,"Unknown"
"9004157",371992,2025-06-02 00:02:16,42.3991317749023,-8.92043972015381,"Unknown"
"9004157",371992,2025-06-02 00:08:31,42.3991279602051,-8.9207706451416,"Unknown"
"9004157",371992,2025-06-02 00:13:32,42.3990097045898,-8.92094135284424,"Unknown"
"9004157",371992,2025-06-02 00:18:32,42.3990516662598,-8.92087745666504,"Unknown"
"9004157",371992,2025-06-02 00:23:32,42.3991661071777,-8.92109203338623,"Unknown"
"9004157",371992,2025-06-02 00:27:25,42.3990440368652,-8.92091751098633,"Unknown"
"9004157",371992,2025-06-02 00:32:22,42.3989715576172,-8.92086887359619,"Unknown"
"9004157",371992,2025-06-02 00:37:13,42.3989334106445,-8.92092895507812,"Unknown"
"9004157",371992,2025-06-02 00:42:18,42.3990936279297,-8.92087936401367,"Unknown"
"9004157",371992,2025-06-02 00:47:34,42.3989753723145,-8.92081356048584,"Unknown"
"9004157",371992,2025-06-02 00:53:32,42.3989067077637,-8.92082595825195,"Unknown"
"9004157",371992,2025-06-02 00:58:32,42.3989295959473,-8.92106246948242,"Unknown"
"9004157",371992,2025-06-02 01:03:31,42.3989219665527,-8.92091846466064,"Unknown"
"9004157",371992,2025-06-02 01:08:31,42.3989906311035,-8.92066860198975,"Unknown"
"9004157",371992,2025-06-02 01:13:31,42.3989639282227,-8.92051315307617,"Unknown"
"9004157",371992,2025-06-02 01:17:13,42.398868560791,-8.92107772827148,"Unknown"
"9004157",371992,2025-06-02 01:22:22,42.3989715576172,-8.9206428527832,"Unknown"
"9004157",371992,2025-06-02 01:27:28,42.3989448547363,-8.92064952850342,"Unknown"
"9004157",371992,2025-06-02 01:33:32,42.3985176086426,-8.92132377624512,"Unknown"
"9004157",371992,2025-06-02 01:43:31,42.3995323181152,-8.92304611206055,"Unknown"
"9004157",371992,2025-06-02 02:03:32,42.3990020751953,-8.92158794403076,"Unknown"
"9004157",371992,2025-06-02 02:08:31,42.3990669250488,-8.92098045349121,"Unknown"
"9004157",371992,2025-06-02 02:13:31,42.399055480957,-8.92079639434814,"Unknown"
"9004157",371992,2025-06-02 02:17:31,42.3990097045898,-8.92134189605713,"Unknown"
"9004157",371992,2025-06-02 02:23:31,42.3991012573242,-8.92067050933838,"Unknown"
"9004157",371992,2025-06-02 02:28:31,42.3990364074707,-8.92071437835693,"Unknown"
"9004157",371992,2025-06-02 02:33:31,42.3990936279297,-8.92023849487305,"Unknown"
"9004157",371992,2025-06-02 02:38:15,42.3989028930664,-8.92106533050537,"Unknown"
"9004157",371992,2025-06-02 02:43:31,42.3989219665527,-8.92117881774902,"Unknown"
"9004157",371992,2025-06-02 02:48:31,42.3989410400391,-8.92112922668457,"Unknown"
"9004157",371992,2025-06-02 02:52:28,42.3990287780762,-8.92083263397217,"Unknown"
"9004157",371992,2025-06-02 02:58:31,42.39892578125,-8.9208984375,"Unknown"
"9004157",371992,2025-06-02 03:03:31,42.3989868164062,-8.92112350463867,"Unknown"
"9004157",371992,2025-06-02 03:08:31,42.3991050720215,-8.92106151580811,"Unknown"
"9004157",371992,2025-06-02 03:13:31,42.399097442627,-8.92092514038086,"Unknown"
"9004157",371992,2025-06-02 03:18:31,42.3990364074707,-8.92092037200928,"Unknown"
"9004157",371992,2025-06-02 03:22:41,42.3991165161133,-8.92075824737549,"Unknown"
"9004157",371992,2025-06-02 03:28:31,42.3990516662598,-8.9208288192749,"Unknown"
"9004157",371992,2025-06-02 03:33:31,42.399097442627,-8.92082786560059,"Unknown"
"9004157",371992,2025-06-02 03:38:31,42.3990592956543,-8.92071628570557,"Unknown"
"9004157",371992,2025-06-02 03:43:31,42.3990249633789,-8.92101383209229,"Unknown"
"9004157",371992,2025-06-02 03:48:31,42.3989295959473,-8.92104816436768,"Unknown"
"9004157",371992,2025-06-02 03:53:31,42.3989524841309,-8.92065525054932,"Unknown"
"9004157",371992,2025-06-02 03:58:16,42.3989219665527,-8.92106914520264,"Unknown"
"9004157",371992,2025-06-02 04:02:29,42.3988952636719,-8.92122268676758,"Unknown"
"9004157",371992,2025-06-02 04:07:13,42.3988914489746,-8.92083358764648,"Unknown"
"9004157",371992,2025-06-02 04:12:12,42.3988723754883,-8.92116546630859,"Unknown"
"9004157",371992,2025-06-02 04:17:23,42.3988800048828,-8.92108917236328,"Unknown"
"9004157",371992,2025-06-02 04:22:21,42.398868560791,-8.92136478424072,"Unknown"
"9004157",371992,2025-06-02 04:27:39,42.398998260498,-8.920823097229,"Unknown"
"9004157",371992,2025-06-02 04:33:31,42.3987884521484,-8.92104434967041,"Unknown"
"9004157",371992,2025-06-02 04:37:12,42.3989067077637,-8.92053318023682,"Unknown"
"9004157",371992,2025-06-02 04:42:11,42.398998260498,-8.92091083526611,"Unknown"
"9004157",371992,2025-06-02 04:47:10,42.3989791870117,-8.92067623138428,"Unknown"
"9004157",371992,2025-06-02 04:53:05,42.3987884521484,-8.92116260528564,"Unknown"
"9004157",371992,2025-06-02 05:18:31,42.3988761901855,-8.9211950302124,"Unknown"
"9004157",371992,2025-06-02 05:27:57,42.3978500366211,-8.92075061798096,"Unknown"
"9004157",371992,2025-06-02 05:37:44,42.3977432250977,-8.92055797576904,"Unknown"
"9004157",371992,2025-06-02 05:47:13,42.3977584838867,-8.92050933837891,"Unknown"
"9004157",371992,2025-06-02 05:57:12,42.3977394104004,-8.92067527770996,"Unknown"
"9004157",371992,2025-06-02 06:08:31,42.3978576660156,-8.92022609710693,"Unknown"
"9004157",371992,2025-06-02 06:18:31,42.397834777832,-8.92002964019775,"Unknown"
"9004157",371992,2025-06-02 06:32:14,42.4049224853516,-8.89971923828125,"Unknown"
"9004157",371992,2025-06-02 06:42:01,42.4328727722168,-8.91120052337646,"Unknown"
"9004157",371992,2025-06-02 06:52:02,42.4869117736816,-8.92458343505859,"Unknown"
"9004157",371992,2025-06-02 07:03:04,42.5037956237793,-8.87795639038086,"Unknown"
"9004157",371992,2025-06-02 07:13:33,42.5045356750488,-8.87476348876953,"Unknown"
"9004157",371992,2025-06-02 07:23:33,42.504566192627,-8.87580490112305,"Unknown"
"9004157",371992,2025-06-02 07:33:45,42.5048332214355,-8.88046932220459,"Unknown"
"9004157",371992,2025-06-02 07:43:36,42.5049209594727,-8.88008308410645,"Unknown"
"9004157",371992,2025-06-02 07:53:36,42.5049362182617,-8.8799877166748,"Unknown"
"9004157",371992,2025-06-02 08:03:30,42.5046081542969,-8.88068294525146,"Unknown"
"9004157",371992,2025-06-02 08:13:37,42.5049514770508,-8.8800220489502,"Unknown"
"9004157",371992,2025-06-02 08:25:06,42.5040626525879,-8.87658214569092,"Unknown"
"9004157",371992,2025-06-02 08:43:56,42.5052070617676,-8.87617874145508,"Unknown"
"9004157",371992,2025-06-02 08:54:00,42.5052070617676,-8.87836265563965,"Unknown"
"9004157",371992,2025-06-02 09:04:00,42.5048789978027,-8.88025569915771,"Unknown"
"9004157",371992,2025-06-02 09:14:00,42.5048789978027,-8.88024616241455,"Unknown"
"9004157",371992,2025-06-02 09:19:00,42.5049438476562,-8.88025283813477,"Unknown"
"9004157",371992,2025-06-02 09:24:00,42.5049247741699,-8.88022422790527,"Unknown"
"9004157",371992,2025-06-02 09:29:00,42.5049171447754,-8.88027763366699,"Unknown"
"9004157",371992,2025-06-02 09:34:01,42.5049018859863,-8.88023471832275,"Unknown"
"9004157",371992,2025-06-02 09:39:00,42.5049819946289,-8.88017082214355,"Unknown"
"9004157",371992,2025-06-02 09:44:01,42.5049476623535,-8.88021755218506,"Unknown"
"9004157",371992,2025-06-02 09:49:01,42.5049362182617,-8.88018798828125,"Unknown"
"9004157",371992,2025-06-02 09:54:01,42.5049629211426,-8.88022232055664,"Unknown"
"9004157",371992,2025-06-02 09:59:01,42.5049743652344,-8.88022994995117,"Unknown"
"9004157",371992,2025-06-02 10:04:43,42.5047264099121,-8.87670040130615,"Unknown"
"9004157",371992,2025-06-02 10:10:11,42.5045547485352,-8.87540721893311,"Unknown"
"9004157",371992,2025-06-02 10:16:08,42.5048942565918,-8.87499713897705,"Unknown"
"9004157",371992,2025-06-02 10:21:31,42.5049133300781,-8.87442874908447,"Unknown"
"9004157",371992,2025-06-02 10:26:45,42.5040168762207,-8.87388324737549,"Unknown"
"9004157",371992,2025-06-02 10:31:45,42.504207611084,-8.87543773651123,"Unknown"
"9004157",371992,2025-06-02 10:37:27,42.504955291748,-8.87755680084229,"Unknown"
"9004157",371992,2025-06-02 10:42:26,42.5047950744629,-8.88140869140625,"Unknown"
"9004157",371992,2025-06-02 10:47:26,42.504711151123,-8.88137054443359,"Unknown"
"9004157",371992,2025-06-02 10:52:26,42.5045471191406,-8.88140964508057,"Unknown"
"9004157",371992,2025-06-02 10:57:27,42.504695892334,-8.88138389587402,"Unknown"
"9004157",371992,2025-06-02 11:02:46,42.5044403076172,-8.88115406036377,"Unknown"
"9004157",371992,2025-06-02 11:07:49,42.5047149658203,-8.88150215148926,"Unknown"
"9004157",371992,2025-06-02 11:12:58,42.5046768188477,-8.88148975372314,"Unknown"
"9004157",371992,2025-06-02 11:17:54,42.504638671875,-8.88158512115479,"Unknown"
"9004157",371992,2025-06-02 11:23:01,42.5046844482422,-8.88155651092529,"Unknown"
"9004157",371992,2025-06-02 11:27:56,42.504695892334,-8.88157176971436,"Unknown"
"9004157",371992,2025-06-02 11:32:51,42.5046539306641,-8.8815393447876,"Unknown"
"9004157",371992,2025-06-02 11:37:54,42.5046920776367,-8.88151359558105,"Unknown"
"9004157",371992,2025-06-02 11:42:53,42.5047607421875,-8.88150310516357,"Unknown"
"9004157",371992,2025-06-02 11:47:56,42.5048713684082,-8.88139629364014,"Unknown"
"9004157",371992,2025-06-02 11:52:55,42.5047225952148,-8.88158798217773,"Unknown"
"9004157",371992,2025-06-02 11:57:56,42.5048522949219,-8.88135528564453,"Unknown"
"9004157",371992,2025-06-02 12:02:54,42.5047149658203,-8.88150119781494,"Unknown"
"9004157",371992,2025-06-02 12:07:59,42.5047721862793,-8.88150405883789,"Unknown"
"9004157",371992,2025-06-02 12:12:54,42.5047721862793,-8.88158988952637,"Unknown"
"9004157",371992,2025-06-02 12:18:03,42.5046997070312,-8.87744617462158,"Unknown"
"9004157",371992,2025-06-02 12:23:38,42.5042343139648,-8.87528324127197,"Unknown"
"9004157",371992,2025-06-02 12:30:39,42.504077911377,-8.87406730651855,"Unknown"
"9004157",371992,2025-06-02 12:37:04,42.5048408508301,-8.87422275543213,"Unknown"
"9004157",371992,2025-06-02 12:42:52,42.5052604675293,-8.87434196472168,"Unknown"
"9004157",371992,2025-06-02 12:49:47,42.5060005187988,-8.87600135803223,"Unknown"
"9004157",371992,2025-06-02 12:54:53,42.5048980712891,-8.8763427734375,"Unknown"
"9004157",371992,2025-06-02 12:59:50,42.505256652832,-8.87523460388184,"Unknown"
"9004157",371992,2025-06-02 13:05:28,42.505687713623,-8.87365436553955,"Unknown"
"9004157",371992,2025-06-02 13:14:22,42.5061531066895,-8.87307834625244,"Unknown"
"9004157",371992,2025-06-02 13:19:20,42.5066604614258,-8.87411880493164,"Unknown"
"9004157",371992,2025-06-02 13:26:52,42.5057220458984,-8.87920379638672,"Unknown"
"9004157",371992,2025-06-02 13:32:39,42.5047340393066,-8.87544441223145,"Unknown"
"9004157",371992,2025-06-02 13:37:38,42.5038414001465,-8.87545776367188,"Unknown"
"9004157",371992,2025-06-02 13:42:59,42.5041847229004,-8.87491130828857,"Unknown"
"9004157",371992,2025-06-02 13:56:05,42.5051879882812,-8.87427997589111,"Unknown"
"9004157",371992,2025-06-02 14:02:10,42.5044097900391,-8.87545871734619,"Unknown"
"9004157",371992,2025-06-02 14:22:32,42.5050811767578,-8.87551879882812,"Unknown"
"9004157",371992,2025-06-02 14:27:14,42.5046653747559,-8.88077545166016,"Unknown"
"9004157",371992,2025-06-02 14:31:39,42.5045547485352,-8.88058948516846,"Unknown"
"9004157",371992,2025-06-02 14:36:38,42.504467010498,-8.88069820404053,"Unknown"
"9004157",371992,2025-06-02 14:41:39,42.5043716430664,-8.88077640533447,"Unknown"
"9004157",371992,2025-06-02 14:46:48,42.5044288635254,-8.88086891174316,"Unknown"
"9004157",371992,2025-06-02 14:51:48,42.5044097900391,-8.88100719451904,"Unknown"
"9004157",371992,2025-06-02 14:57:05,42.5043907165527,-8.8808650970459,"Unknown"
"9004157",371992,2025-06-02 15:01:37,42.5045356750488,-8.88071060180664,"Unknown"
"9004157",371992,2025-06-02 15:06:38,42.5045585632324,-8.88068962097168,"Unknown"
"9004157",371992,2025-06-02 15:11:37,42.5044593811035,-8.88085556030273,"Unknown"
"9004157",371992,2025-06-02 15:16:38,42.5044631958008,-8.88071155548096,"Unknown"
"9004157",371992,2025-06-02 15:21:38,42.5044746398926,-8.88070487976074,"Unknown"
"9004157",371992,2025-06-02 15:26:37,42.5044822692871,-8.88074398040771,"Unknown"
"9004157",371992,2025-06-02 15:31:37,42.5044403076172,-8.88071727752686,"Unknown"
"9004157",371992,2025-06-02 15:36:37,42.5045394897461,-8.88062477111816,"Unknown"
"9004157",371992,2025-06-02 15:41:37,42.5044479370117,-8.88023567199707,"Unknown"
"9004157",371992,2025-06-02 15:46:49,42.5045166015625,-8.87506103515625,"Unknown"
"9004157",371992,2025-06-02 15:52:36,42.5041160583496,-8.87430191040039,"Unknown"
"9004157",371992,2025-06-02 15:57:40,42.5050010681152,-8.87481498718262,"Unknown"
"9004157",371992,2025-06-02 16:02:42,42.5043029785156,-8.87415885925293,"Unknown"
"9004157",371992,2025-06-02 16:07:41,42.5041542053223,-8.87513160705566,"Unknown"
"9004157",371992,2025-06-02 16:12:54,42.5036430358887,-8.87631607055664,"Unknown"
"9004157",371992,2025-06-02 16:17:52,42.5042953491211,-8.87839031219482,"Unknown"
"9004157",371992,2025-06-02 16:22:52,42.5047149658203,-8.88049125671387,"Unknown"
"9004157",371992,2025-06-02 16:27:54,42.5046768188477,-8.88043785095215,"Unknown"
"9004157",371992,2025-06-02 16:32:54,42.5046997070312,-8.88045597076416,"Unknown"
"9004157",371992,2025-06-02 16:37:57,42.5044555664062,-8.8803653717041,"Unknown"
"9004157",371992,2025-06-02 16:42:52,42.5047302246094,-8.88049793243408,"Unknown"
"9004157",371992,2025-06-02 16:47:52,42.504695892334,-8.88051700592041,"Unknown"
"9004157",371992,2025-06-02 16:52:52,42.5046691894531,-8.88049221038818,"Unknown"
"9004157",371992,2025-06-02 16:57:58,42.504695892334,-8.88056659698486,"Unknown"
"9004157",371992,2025-06-02 17:03:11,42.504638671875,-8.88047218322754,"Unknown"
"9004157",371992,2025-06-02 17:07:52,42.4882926940918,-8.91215324401855,"Unknown"
"9004157",371992,2025-06-02 17:12:52,42.451717376709,-8.94550037384033,"Unknown"
"9004157",371992,2025-06-02 17:17:52,42.3988151550293,-8.9211368560791,"Unknown"
"9004157",371992,2025-06-02 17:22:52,42.3987998962402,-8.920241355896,"Unknown"
"9004157",371992,2025-06-02 17:28:00,42.3989105224609,-8.92095184326172,"Unknown"
"9004157",371992,2025-06-02 17:33:13,42.3992805480957,-8.92110157012939,"Unknown"
"9004157",371992,2025-06-02 17:38:02,42.398738861084,-8.92110061645508,"Unknown"
"9004157",371992,2025-06-02 17:44:15,42.3987197875977,-8.92112731933594,"Unknown"
"9004157",371992,2025-06-02 17:49:15,42.3987731933594,-8.92112731933594,"Unknown"
"9004157",371992,2025-06-02 17:54:15,42.3988761901855,-8.92101669311523,"Unknown"
"9004157",371992,2025-06-02 17:59:15,42.3989791870117,-8.92107582092285,"Unknown"
"9004157",371992,2025-06-02 18:04:15,42.3990097045898,-8.92115116119385,"Unknown"
"9004157",371992,2025-06-02 18:09:07,42.398998260498,-8.92110157012939,"Unknown"
"9004157",371992,2025-06-02 18:12:53,42.3987464904785,-8.92100620269775,"Unknown"
"9004157",371992,2025-06-02 18:17:52,42.3983001708984,-8.9218053817749,"Unknown"
"9004157",371992,2025-06-02 18:22:52,42.3986854553223,-8.92099189758301,"Unknown"
"9004157",371992,2025-06-02 18:29:15,42.399040222168,-8.92112064361572,"Unknown"
"9004157",371992,2025-06-02 18:33:14,42.3988990783691,-8.92099857330322,"Unknown"
"9004157",371992,2025-06-02 18:38:20,42.3988914489746,-8.9209508895874,"Unknown"
"9004157",371992,2025-06-02 18:43:04,42.3988647460938,-8.92103862762451,"Unknown"
"9004157",371992,2025-06-02 18:48:18,42.3988571166992,-8.92101287841797,"Unknown"
"9004157",371992,2025-06-02 18:53:23,42.398868560791,-8.92108249664307,"Unknown"
"9004157",371992,2025-06-02 18:57:53,42.3989944458008,-8.92120265960693,"Unknown"
"9004157",371992,2025-06-02 19:02:55,42.3990211486816,-8.92125511169434,"Unknown"
"9004157",371992,2025-06-02 19:07:54,42.3991012573242,-8.92112064361572,"Unknown"
"9004157",371992,2025-06-02 19:12:59,42.3988342285156,-8.92230224609375,"Unknown"
"9004157",371992,2025-06-02 19:18:17,42.3988761901855,-8.92216205596924,"Unknown"
"9004157",371992,2025-06-02 19:23:44,42.3988151550293,-8.9219331741333,"Unknown"
"9004157",371992,2025-06-02 19:29:15,42.398853302002,-8.92181587219238,"Unknown"
"9004157",371992,2025-06-02 19:32:58,42.3992385864258,-8.92208766937256,"Unknown"
"9004157",371992,2025-06-02 19:37:54,42.3996276855469,-8.92178058624268,"Unknown"
"9004157",371992,2025-06-02 19:42:54,42.3988838195801,-8.92103004455566,"Unknown"
"9004157",371992,2025-06-02 19:48:13,42.398868560791,-8.92130756378174,"Unknown"
"9004157",371992,2025-06-02 19:52:55,42.3989181518555,-8.92130661010742,"Unknown"
"9004157",371992,2025-06-02 19:59:15,42.3989715576172,-8.9217357635498,"Unknown"
"9004157",371992,2025-06-02 20:02:57,42.3991813659668,-8.92114639282227,"Unknown"
"9004157",371992,2025-06-02 20:08:23,42.3987922668457,-8.92104911804199,"Unknown"
"9004157",371992,2025-06-02 20:14:15,42.39892578125,-8.92132377624512,"Unknown"
"9004157",371992,2025-06-02 20:17:52,42.3989372253418,-8.92083263397217,"Unknown"
"9004157",371992,2025-06-02 20:23:12,42.3988761901855,-8.92127132415771,"Unknown"
"9004157",371992,2025-06-02 20:29:15,42.3989028930664,-8.92138004302979,"Unknown"
"9004157",371992,2025-06-02 20:34:15,42.3988990783691,-8.92125415802002,"Unknown"
"9004157",371992,2025-06-02 20:38:20,42.3989067077637,-8.92105579376221,"Unknown"
"9004157",371992,2025-06-02 20:43:36,42.398998260498,-8.92130947113037,"Unknown"
"9004157",371992,2025-06-02 20:49:01,42.3988723754883,-8.92097759246826,"Unknown"
"9004157",371992,2025-06-02 20:52:52,42.3987197875977,-8.92081451416016,"Unknown"
"9004157",371992,2025-06-02 20:57:55,42.3986740112305,-8.92116737365723,"Unknown"
"9004157",371992,2025-06-02 21:02:54,42.3985404968262,-8.92116355895996,"Unknown"
"9004157",371992,2025-06-02 21:08:11,42.3989486694336,-8.92036437988281,"Unknown"
"9004157",371992,2025-06-02 21:13:20,42.398983001709,-8.92062091827393,"Unknown"
"9004157",371992,2025-06-02 21:19:15,42.3991928100586,-8.92031764984131,"Unknown"
"9004157",371992,2025-06-02 21:24:15,42.399227142334,-8.92028045654297,"Unknown"
"9004157",371992,2025-06-02 21:28:17,42.399242401123,-8.92000102996826,"Unknown"
"9004157",371992,2025-06-02 21:33:12,42.399227142334,-8.92003726959229,"Unknown"
"9004157",371992,2025-06-02 21:38:04,42.399040222168,-8.92016220092773,"Unknown"
"9004157",371992,2025-06-02 21:43:11,42.3989791870117,-8.92052364349365,"Unknown"
"9004157",371992,2025-06-02 21:48:40,42.3989105224609,-8.91955471038818,"Unknown"
"9004157",371992,2025-06-02 21:52:58,42.3988914489746,-8.92015171051025,"Unknown"
"9004157",371992,2025-06-02 21:58:29,42.3988265991211,-8.92105388641357,"Unknown"
"9004157",371992,2025-06-02 22:03:01,42.3988189697266,-8.92112255096436,"Unknown"
"9004157",371992,2025-06-02 22:08:01,42.3989562988281,-8.92138290405273,"Unknown"
"9004157",371992,2025-06-02 22:13:36,42.3988189697266,-8.92112064361572,"Unknown"
"9004157",371992,2025-06-02 22:19:15,42.3988494873047,-8.92126083374023,"Unknown"
"9004157",371992,2025-06-02 22:24:15,42.398853302002,-8.92119312286377,"Unknown"
"9004157",371992,2025-06-02 22:29:15,42.3988990783691,-8.92131996154785,"Unknown"
"9004157",371992,2025-06-02 22:34:15,42.398853302002,-8.92110824584961,"Unknown"
"9004157",371992,2025-06-02 22:37:56,42.398796081543,-8.9211254119873,"Unknown"
"9004157",371992,2025-06-02 22:42:56,42.3988189697266,-8.92114543914795,"Unknown"
"9004157",371992,2025-06-02 22:47:55,42.3987007141113,-8.92111492156982,"Unknown"
"9004157",371992,2025-06-02 22:53:01,42.3988609313965,-8.9212589263916,"Unknown"
"9004157",371992,2025-06-02 22:57:55,42.3987579345703,-8.92120265960693,"Unknown"
"9004157",371992,2025-06-02 23:03:25,42.3988304138184,-8.92182731628418,"Unknown"
"9004157",371992,2025-06-02 23:08:12,42.3988189697266,-8.92185401916504,"Unknown"
"9004157",371992,2025-06-02 23:13:14,42.3988723754883,-8.92197036743164,"Unknown"
"9004157",371992,2025-06-02 23:18:13,42.398796081543,-8.92189311981201,"Unknown"
"9004157",371992,2025-06-02 23:23:17,42.3990440368652,-8.92193794250488,"Unknown"
"9004157",371992,2025-06-02 23:28:13,42.3988571166992,-8.9227237701416,"Unknown"
"9004157",371992,2025-06-02 23:33:31,42.3989028930664,-8.92178916931152,"Unknown"
"9004157",371992,2025-06-02 23:38:13,42.3988075256348,-8.92155456542969,"Unknown"
"9004157",371992,2025-06-02 23:43:16,42.3988990783691,-8.92120265960693,"Unknown"
"9004157",371992,2025-06-02 23:48:13,42.3988304138184,-8.92173480987549,"Unknown"
"9004157",371992,2025-06-02 23:53:59,42.3988571166992,-8.92114162445068,"Unknown"
"9004157",371992,2025-06-02 23:58:18,42.3988952636719,-8.92114353179932,"Unknown"
"9004157",371992,2025-06-03 00:03:44,42.398868560791,-8.92126274108887,"Unknown"
"9004157",371992,2025-06-03 00:08:14,42.3988609313965,-8.92138862609863,"Unknown"
"9004157",371992,2025-06-03 00:13:23,42.3988571166992,-8.92120456695557,"Unknown"
"9004157",371992,2025-06-03 00:19:33,42.3988571166992,-8.92117881774902,"Unknown"
"9004157",371992,2025-06-03 00:24:33,42.3988494873047,-8.92124271392822,"Unknown"
"9004157",371992,2025-06-03 00:29:33,42.3988647460938,-8.9211950302124,"Unknown"
"9004157",371992,2025-06-03 00:33:28,42.3988952636719,-8.9212646484375,"Unknown"
"9004157",371992,2025-06-03 00:38:17,42.3988342285156,-8.9211950302124,"Unknown"
"9004157",371992,2025-06-03 00:44:33,42.3988723754883,-8.92120838165283,"Unknown"
"9004157",371992,2025-06-03 00:49:33,42.3989067077637,-8.92133903503418,"Unknown"
"9004157",371992,2025-06-03 00:54:33,42.3989067077637,-8.92125225067139,"Unknown"
"9004157",371992,2025-06-03 00:59:33,42.3989334106445,-8.92131423950195,"Unknown"
"9004157",371992,2025-06-03 01:04:33,42.3989219665527,-8.92127418518066,"Unknown"
"9004157",371992,2025-06-03 01:09:33,42.3988990783691,-8.92125129699707,"Unknown"
"9004157",371992,2025-06-03 01:14:33,42.3988952636719,-8.92114162445068,"Unknown"
"9004157",371992,2025-06-03 01:19:33,42.3988723754883,-8.92118549346924,"Unknown"
"9004157",371992,2025-06-03 01:24:33,42.3988914489746,-8.92133903503418,"Unknown"
"9004157",371992,2025-06-03 01:28:11,42.3988914489746,-8.92134475708008,"Unknown"
"9004157",371992,2025-06-03 01:33:11,42.3988761901855,-8.92156505584717,"Unknown"
"9004157",371992,2025-06-03 01:39:33,42.3988418579102,-8.92108058929443,"Unknown"
"9004157",371992,2025-06-03 01:44:33,42.3988380432129,-8.92099952697754,"Unknown"
"9004157",371992,2025-06-03 01:49:33,42.3988075256348,-8.92104434967041,"Unknown"
"9004157",371992,2025-06-03 01:54:33,42.3989334106445,-8.92130374908447,"Unknown"
"9004157",371992,2025-06-03 01:59:33,42.3990211486816,-8.92191600799561,"Unknown"
"9004157",371992,2025-06-03 02:04:33,42.3989219665527,-8.9213171005249,"Unknown"
"9004157",371992,2025-06-03 02:09:33,42.3989105224609,-8.92126178741455,"Unknown"
"9004157",371992,2025-06-03 02:14:33,42.3989219665527,-8.92123889923096,"Unknown"
"9004157",371992,2025-06-03 02:19:33,42.3988914489746,-8.9212474822998,"Unknown"
"9004157",371992,2025-06-03 02:23:57,42.3988838195801,-8.92124271392822,"Unknown"
"9004157",371992,2025-06-03 02:28:10,42.3989448547363,-8.92104148864746,"Unknown"
"9004157",371992,2025-06-03 02:33:11,42.3988761901855,-8.9212589263916,"Unknown"
"9004157",371992,2025-06-03 02:38:12,42.3989334106445,-8.92127513885498,"Unknown"
"9004157",371992,2025-06-03 02:43:34,42.3988723754883,-8.92126941680908,"Unknown"
"9004157",371992,2025-06-03 02:48:14,42.3991584777832,-8.92142677307129,"Unknown"
"9004157",371992,2025-06-03 02:53:15,42.3989906311035,-8.92114353179932,"Unknown"
"9004157",371992,2025-06-03 02:58:09,42.3988380432129,-8.92100238800049,"Unknown"
"9004157",371992,2025-06-03 03:03:11,42.3989219665527,-8.92111682891846,"Unknown"
"9004157",371992,2025-06-03 03:08:16,42.398998260498,-8.9213171005249,"Unknown"
"9004157",371992,2025-06-03 03:13:13,42.3988723754883,-8.92138957977295,"Unknown"
"9004157",371992,2025-06-03 03:18:17,42.3989906311035,-8.92133045196533,"Unknown"
"9004157",371992,2025-06-03 03:24:30,42.3989028930664,-8.92128849029541,"Unknown"
"9004157",371992,2025-06-03 03:28:18,42.3989524841309,-8.92101764678955,"Unknown"
"9004157",371992,2025-06-03 03:33:22,42.3989181518555,-8.92115497589111,"Unknown"
"9004157",371992,2025-06-03 03:39:33,42.3989372253418,-8.92125415802002,"Unknown"
"9004157",371992,2025-06-03 03:43:17,42.3990135192871,-8.92098999023438,"Unknown"
"9004157",371992,2025-06-03 03:48:38,42.3990325927734,-8.92097568511963,"Unknown"
"9004157",371992,2025-06-03 03:53:11,42.3989601135254,-8.92096424102783,"Unknown"
"9004157",371992,2025-06-03 03:59:33,42.3989639282227,-8.92119026184082,"Unknown"
"9004157",371992,2025-06-03 04:09:33,42.3988990783691,-8.92096519470215,"Unknown"
"9004157",371992,2025-06-03 04:14:33,42.3987998962402,-8.92080116271973,"Unknown"
"9004157",371992,2025-06-03 04:19:33,42.3987998962402,-8.92088317871094,"Unknown"
"9004157",371992,2025-06-03 04:23:30,42.3988075256348,-8.92110347747803,"Unknown"
"9004157",371992,2025-06-03 04:29:33,42.3988494873047,-8.92108154296875,"Unknown"
"9004157",371992,2025-06-03 04:34:33,42.3988494873047,-8.92114353179932,"Unknown"
"9004157",371992,2025-06-03 04:39:33,42.3988571166992,-8.92125129699707,"Unknown"
"9004157",371992,2025-06-03 04:48:11,42.3987884521484,-8.92160320281982,"Unknown"
"9004157",371992,2025-06-03 05:18:14,42.3988456726074,-8.92110347747803,"Unknown"
"9004157",371992,2025-06-03 05:28:43,42.398811340332,-8.92107677459717,"Unknown"
"9004157",371992,2025-06-03 05:38:32,42.3989791870117,-8.92114925384521,"Unknown"
"9004157",371992,2025-06-03 05:49:14,42.3988037109375,-8.9209156036377,"Unknown"
"9004157",371992,2025-06-03 05:58:09,42.3990631103516,-8.92085552215576,"Unknown"
"9004157",371992,2025-06-03 06:08:14,42.3989486694336,-8.92141819000244,"Unknown"
"9004157",371992,2025-06-03 06:18:10,42.3990211486816,-8.92056655883789,"Unknown"
"9004157",371992,2025-06-03 06:28:09,42.3990097045898,-8.92066669464111,"Unknown"
"9004157",371992,2025-06-03 06:38:10,42.3989219665527,-8.92049026489258,"Unknown"
"9004157",371992,2025-06-03 06:48:44,42.3988838195801,-8.92102527618408,"Unknown"
"9004157",371992,2025-06-03 06:53:13,42.39892578125,-8.92108821868896,"Unknown"
"9004157",371992,2025-06-03 06:58:23,42.3988838195801,-8.92101192474365,"Unknown"
"9004157",371992,2025-06-03 07:08:12,42.3988800048828,-8.92080593109131,"Unknown"
"9004157",371992,2025-06-03 07:13:20,42.3988647460938,-8.92102527618408,"Unknown"
"9004157",371992,2025-06-03 07:18:13,42.3988418579102,-8.92013835906982,"Unknown"
"9004157",371992,2025-06-03 07:23:21,42.3988761901855,-8.92089366912842,"Unknown"
"9004157",371992,2025-06-03 07:28:19,42.3988647460938,-8.92095279693604,"Unknown"
"9004157",371992,2025-06-03 07:33:14,42.3988952636719,-8.92084121704102,"Unknown"
"9004157",371992,2025-06-03 07:38:19,42.4146270751953,-8.91924095153809,"Unknown"
"9004157",371992,2025-06-03 07:43:17,42.4493255615234,-8.92757511138916,"Unknown"
"9004157",371992,2025-06-03 07:48:36,42.483512878418,-8.93209838867188,"Unknown"
"9004157",371992,2025-06-03 07:53:10,42.5005950927734,-8.89106845855713,"Unknown"
"9004157",371992,2025-06-03 07:58:27,42.5042953491211,-8.87475299835205,"Unknown"
"9004157",371992,2025-06-03 08:03:28,42.5046310424805,-8.87373447418213,"Unknown"
"9004157",371992,2025-06-03 08:09:15,42.5059204101562,-8.87298393249512,"Unknown"
"9004157",371992,2025-06-03 08:15:14,42.506462097168,-8.87519073486328,"Unknown"
"9004157",371992,2025-06-03 08:20:17,42.5062294006348,-8.87672138214111,"Unknown"
"9004157",371992,2025-06-03 08:25:09,42.5060272216797,-8.87720489501953,"Unknown"
"9004157",371992,2025-06-03 08:30:18,42.5046310424805,-8.88106632232666,"Unknown"
"9004157",371992,2025-06-03 08:35:10,42.5045280456543,-8.88035106658936,"Unknown"
"9004157",371992,2025-06-03 08:40:16,42.5047225952148,-8.88106727600098,"Unknown"
"9004157",371992,2025-06-03 08:45:14,42.5047454833984,-8.88096523284912,"Unknown"
"9004157",371992,2025-06-03 08:50:11,42.5047302246094,-8.88103580474854,"Unknown"
"9004157",371992,2025-06-03 08:55:20,42.5047874450684,-8.8807897567749,"Unknown"
"9004157",371992,2025-06-03 09:00:16,42.5042953491211,-8.88228225708008,"Unknown"
"9004157",371992,2025-06-03 09:05:19,42.5042762756348,-8.88210773468018,"Unknown"
"9004157",371992,2025-06-03 09:10:20,42.5043144226074,-8.88201141357422,"Unknown"
"9004157",371992,2025-06-03 09:15:19,42.504280090332,-8.88194942474365,"Unknown"
"9004157",371992,2025-06-03 09:20:20,42.5042572021484,-8.88192272186279,"Unknown"
"9004157",371992,2025-06-03 09:25:19,42.5042266845703,-8.88186836242676,"Unknown"
"9004157",371992,2025-06-03 09:30:35,42.5041122436523,-8.88248825073242,"Unknown"
"9004157",371992,2025-06-03 09:35:08,42.5041618347168,-8.88248252868652,"Unknown"
"9004157",371992,2025-06-03 09:40:08,42.5040664672852,-8.8825216293335,"Unknown"
"9004157",371992,2025-06-03 09:45:08,42.5039978027344,-8.88214874267578,"Unknown"
"9004157",371992,2025-06-03 09:50:09,42.5041084289551,-8.88226222991943,"Unknown"
"9004157",371992,2025-06-03 09:55:09,42.5041046142578,-8.8807954788208,"Unknown"
"9004157",371992,2025-06-03 10:00:22,42.5042037963867,-8.87880039215088,"Unknown"
"9004157",371992,2025-06-03 10:06:12,42.504280090332,-8.87666130065918,"Unknown"
"9004157",371992,2025-06-03 10:11:53,42.5053291320801,-8.87539672851562,"Unknown"
"9004157",371992,2025-06-03 10:17:31,42.505931854248,-8.8736047744751,"Unknown"
"9004157",371992,2025-06-03 10:23:05,42.5066757202148,-8.87112236022949,"Unknown"
"9004157",371992,2025-06-03 10:28:05,42.5079765319824,-8.87008762359619,"Unknown"
"9004157",371992,2025-06-03 10:33:05,42.5091018676758,-8.86982154846191,"Unknown"
"9004157",371992,2025-06-03 10:38:38,42.5079612731934,-8.86981868743896,"Unknown"
"9004157",371992,2025-06-03 10:44:10,42.5080070495605,-8.87130928039551,"Unknown"
"9004157",371992,2025-06-03 10:49:48,42.5070419311523,-8.87287616729736,"Unknown"
"9004157",371992,2025-06-03 10:55:02,42.5071601867676,-8.87477493286133,"Unknown"
"9004157",371992,2025-06-03 11:17:59,42.5061149597168,-8.87832641601562,"Unknown"
"9004157",371992,2025-06-03 11:22:16,42.5048217773438,-8.88125705718994,"Unknown"
"9004157",371992,2025-06-03 11:27:11,42.5047645568848,-8.88129234313965,"Unknown"
"9004157",371992,2025-06-03 11:32:11,42.5048065185547,-8.88121318817139,"Unknown"
"9004157",371992,2025-06-03 11:37:05,42.5049247741699,-8.88119506835938,"Unknown"
"9004157",371992,2025-06-03 11:42:05,42.5048179626465,-8.88121223449707,"Unknown"
"9004157",371992,2025-06-03 11:47:07,42.5047378540039,-8.88133335113525,"Unknown"
"9004157",371992,2025-06-03 11:52:07,42.5047874450684,-8.88124656677246,"Unknown"
"9004157",371992,2025-06-03 11:57:08,42.5047798156738,-8.88134574890137,"Unknown"
"9004157",371992,2025-06-03 12:02:02,42.5047912597656,-8.88135147094727,"Unknown"
"9004157",371992,2025-06-03 12:07:08,42.5048370361328,-8.88125038146973,"Unknown"
"9004157",371992,2025-06-03 12:12:00,42.5048789978027,-8.88120651245117,"Unknown"
"9004157",371992,2025-06-03 12:17:08,42.5048751831055,-8.88131046295166,"Unknown"
"9004157",371992,2025-06-03 12:22:05,42.5048370361328,-8.88138771057129,"Unknown"
"9004157",371992,2025-06-03 12:27:05,42.5048751831055,-8.88134288787842,"Unknown"
"9004157",371992,2025-06-03 12:32:15,42.5048332214355,-8.8813591003418,"Unknown"
"9004157",371992,2025-06-03 12:37:11,42.5048065185547,-8.88136386871338,"Unknown"
"9004157",371992,2025-06-03 12:42:02,42.5048370361328,-8.8813419342041,"Unknown"
"9004157",371992,2025-06-03 12:47:01,42.5048217773438,-8.88139820098877,"Unknown"
"9004157",371992,2025-06-03 12:52:31,42.5045776367188,-8.8755407333374,"Unknown"
"9004157",371992,2025-06-03 12:57:35,42.5041007995605,-8.87488079071045,"Unknown"
"9004157",371992,2025-06-03 13:02:51,42.5047798156738,-8.87526702880859,"Unknown"
"9004157",371992,2025-06-03 13:08:24,42.5055618286133,-8.87392520904541,"Unknown"
"9004157",371992,2025-06-03 13:13:23,42.5062522888184,-8.87520408630371,"Unknown"
"9004157",371992,2025-06-03 13:18:23,42.5067520141602,-8.87391376495361,"Unknown"
"9004157",371992,2025-06-03 13:23:23,42.507266998291,-8.87180042266846,"Unknown"
"9004157",371992,2025-06-03 13:28:39,42.5077209472656,-8.87044906616211,"Unknown"
"9004157",371992,2025-06-03 13:38:26,42.5049514770508,-8.87072944641113,"Unknown"
"9004157",371992,2025-06-03 13:43:40,42.5049858093262,-8.87182521820068,"Unknown"
"9004157",371992,2025-06-03 13:49:06,42.5047035217285,-8.87370491027832,"Unknown"
"9004157",371992,2025-06-03 13:54:45,42.5051651000977,-8.87515544891357,"Unknown"
"9004157",371992,2025-06-03 14:00:07,42.5064582824707,-8.87368774414062,"Unknown"
"9004157",371992,2025-06-03 14:05:05,42.506420135498,-8.87217140197754,"Unknown"
"9004157",371992,2025-06-03 14:10:53,42.508430480957,-8.87062740325928,"Unknown"
"9004157",371992,2025-06-03 14:16:36,42.5082244873047,-8.87000751495361,"Unknown"
"9004157",371992,2025-06-03 14:21:55,42.5087738037109,-8.86936855316162,"Unknown"
"9004157",371992,2025-06-03 14:27:28,42.5101776123047,-8.86971569061279,"Unknown"
"9004157",371992,2025-06-03 15:03:36,42.5078506469727,-8.87209033966064,"Unknown"
"9004157",371992,2025-06-03 15:09:30,42.5089645385742,-8.87090969085693,"Unknown"
"9004157",371992,2025-06-03 15:14:42,42.5074691772461,-8.8699426651001,"Unknown"
"9004157",371992,2025-06-03 15:21:12,42.5061683654785,-8.87129878997803,"Unknown"
"9004157",371992,2025-06-03 15:29:12,42.5083427429199,-8.87126636505127,"Unknown"
"9004157",371992,2025-06-03 15:34:12,42.5078773498535,-8.87123012542725,"Unknown"
"9004157",371992,2025-06-03 15:39:12,42.5063552856445,-8.87160015106201,"Unknown"
"9004157",371992,2025-06-03 15:55:01,42.5039443969727,-8.87432861328125,"Unknown"
"9004157",371992,2025-06-03 16:00:23,42.5048675537109,-8.87483596801758,"Unknown"
"9004157",371992,2025-06-03 16:05:42,42.5047798156738,-8.87534999847412,"Unknown"
"9004157",371992,2025-06-03 16:11:16,42.5054969787598,-8.87459564208984,"Unknown"
"9004157",371992,2025-06-03 16:16:16,42.5051307678223,-8.87535858154297,"Unknown"
"9004157",371992,2025-06-03 16:23:24,42.5045318603516,-8.87499618530273,"Unknown"
"9004157",371992,2025-06-03 16:29:19,42.5054359436035,-8.87398338317871,"Unknown"
"9004157",371992,2025-06-03 16:35:05,42.5069046020508,-8.87230396270752,"Unknown"
"9004157",371992,2025-06-03 16:41:18,42.5083503723145,-8.87048244476318,"Unknown"
"9004157",371992,2025-06-03 16:56:34,42.5070495605469,-8.87113380432129,"Unknown"
"9004157",371992,2025-06-03 17:02:37,42.5072441101074,-8.87037658691406,"Unknown"
"9004157",371992,2025-06-03 17:08:10,42.5077972412109,-8.87124729156494,"Unknown"
"9004157",371992,2025-06-03 17:13:13,42.5073127746582,-8.87218570709229,"Unknown"
"9004157",371992,2025-06-03 17:18:07,42.5066566467285,-8.87395763397217,"Unknown"
"9004157",371992,2025-06-03 17:23:09,42.5064239501953,-8.87569141387939,"Unknown"
"9004157",371992,2025-06-03 17:28:12,42.5045623779297,-8.88073921203613,"Unknown"
"9004157",371992,2025-06-03 17:33:13,42.5045585632324,-8.88065814971924,"Unknown"
"9004157",371992,2025-06-03 17:38:28,42.5045700073242,-8.88076591491699,"Unknown"
"9004157",371992,2025-06-03 17:43:12,42.5045127868652,-8.8806266784668,"Unknown"
"9004157",371992,2025-06-03 17:48:59,42.5044860839844,-8.88046360015869,"Unknown"
"9004157",371992,2025-06-03 17:53:04,42.5045776367188,-8.88045501708984,"Unknown"
"9004157",371992,2025-06-03 17:58:04,42.4938735961914,-8.90020561218262,"Unknown"
"9004157",371992,2025-06-03 18:03:06,42.4805107116699,-8.93640041351318,"Unknown"
"9004157",371992,2025-06-03 18:08:04,42.4680480957031,-8.94364166259766,"Unknown"
"9004157",371992,2025-06-03 18:13:04,42.4307975769043,-8.93154716491699,"Unknown"
"9004157",371992,2025-06-03 18:18:06,42.3988456726074,-8.9210262298584,"Unknown"
"9004157",371992,2025-06-03 18:23:52,42.3988494873047,-8.921067237854,"Unknown"
"9004157",371992,2025-06-03 18:29:28,42.3988456726074,-8.9210033416748,"Unknown"
"9004157",371992,2025-06-03 18:33:11,42.3988761901855,-8.92106437683105,"Unknown"
"9004157",371992,2025-06-03 18:38:20,42.3989143371582,-8.92122936248779,"Unknown"
"9004157",371992,2025-06-03 18:44:25,42.3988761901855,-8.92108917236328,"Unknown"
"9004157",371992,2025-06-03 18:48:08,42.3988227844238,-8.92105865478516,"Unknown"
"9004157",371992,2025-06-03 18:53:06,42.3988418579102,-8.9210376739502,"Unknown"
"9004157",371992,2025-06-03 18:58:07,42.3988876342773,-8.92108535766602,"Unknown"
"9004157",371992,2025-06-03 19:03:53,42.3988800048828,-8.92111396789551,"Unknown"
"9004157",371992,2025-06-03 19:08:07,42.3989219665527,-8.92123413085938,"Unknown"
"9004157",371992,2025-06-03 19:13:08,42.3988494873047,-8.9210844039917,"Unknown"
"9004157",371992,2025-06-03 19:18:22,42.3988761901855,-8.92120361328125,"Unknown"
"9004157",371992,2025-06-03 19:23:09,42.3989143371582,-8.9212007522583,"Unknown"
"9004157",371992,2025-06-03 19:28:08,42.3989143371582,-8.92117881774902,"Unknown"
"9004157",371992,2025-06-03 19:33:07,42.3988990783691,-8.92110157012939,"Unknown"
"9004157",371992,2025-06-03 19:38:06,42.3988800048828,-8.92125988006592,"Unknown"
"9004157",371992,2025-06-03 19:43:08,42.3988380432129,-8.92108535766602,"Unknown"
"9004157",371992,2025-06-03 19:48:07,42.3989181518555,-8.92118549346924,"Unknown"
"9004157",371992,2025-06-03 19:53:07,42.3988609313965,-8.92104148864746,"Unknown"
"9004157",371992,2025-06-03 19:58:06,42.3989448547363,-8.92128276824951,"Unknown"
"9004157",371992,2025-06-03 20:03:12,42.3989105224609,-8.92130851745605,"Unknown"
"9004157",371992,2025-06-03 20:08:09,42.398853302002,-8.92135429382324,"Unknown"
"9004157",371992,2025-06-03 20:13:16,42.3988723754883,-8.92111873626709,"Unknown"
"9004157",371992,2025-06-03 20:18:05,42.3988571166992,-8.92098045349121,"Unknown"
"9004157",371992,2025-06-03 20:23:08,42.3988914489746,-8.92104721069336,"Unknown"
"9004157",371992,2025-06-03 20:28:08,42.3989105224609,-8.92094135284424,"Unknown"
"9004157",371992,2025-06-03 20:33:42,42.3988761901855,-8.92092800140381,"Unknown"
"9004157",371992,2025-06-03 20:38:58,42.3988647460938,-8.92099380493164,"Unknown"
"9004157",371992,2025-06-03 20:43:07,42.3989677429199,-8.92107772827148,"Unknown"
"9004157",371992,2025-06-03 20:48:09,42.3991317749023,-8.9211597442627,"Unknown"
"9004157",371992,2025-06-03 20:53:09,42.3988456726074,-8.92110443115234,"Unknown"
"9004157",371992,2025-06-03 20:58:07,42.3987884521484,-8.92106533050537,"Unknown"
"9004157",371992,2025-06-03 21:03:07,42.3987693786621,-8.9211311340332,"Unknown"
"9004157",371992,2025-06-03 21:08:08,42.3988723754883,-8.92119121551514,"Unknown"
"9004157",371992,2025-06-03 21:13:35,42.3987655639648,-8.92130565643311,"Unknown"
"9004157",371992,2025-06-03 21:18:06,42.3988075256348,-8.9212760925293,"Unknown"
"9004157",371992,2025-06-03 21:23:07,42.3987808227539,-8.92126655578613,"Unknown"
"9004157",371992,2025-06-03 21:28:06,42.3988800048828,-8.92119312286377,"Unknown"
"9004157",371992,2025-06-03 21:33:06,42.3987998962402,-8.92125415802002,"Unknown"
"9004157",371992,2025-06-03 21:38:05,42.3989486694336,-8.92108631134033,"Unknown"
"9004157",371992,2025-06-03 21:43:11,42.3988380432129,-8.92117500305176,"Unknown"
"9004157",371992,2025-06-03 21:48:07,42.3987922668457,-8.92117881774902,"Unknown"
"9004157",371992,2025-06-03 21:53:05,42.3987693786621,-8.92116165161133,"Unknown"
"9004157",371992,2025-06-03 21:58:09,42.3988418579102,-8.92097282409668,"Unknown"
"9004157",371992,2025-06-03 22:03:24,42.3988151550293,-8.92093467712402,"Unknown"
"9004157",371992,2025-06-03 22:08:35,42.3988418579102,-8.92108058929443,"Unknown"
"9004157",371992,2025-06-03 22:13:12,42.3987617492676,-8.92119979858398,"Unknown"
"9004157",371992,2025-06-03 22:18:05,42.398811340332,-8.92113494873047,"Unknown"
"9004157",371992,2025-06-03 22:23:06,42.3986892700195,-8.92106151580811,"Unknown"
"9004157",371992,2025-06-03 22:28:06,42.3988265991211,-8.92112827301025,"Unknown"
"9004157",371992,2025-06-03 22:33:07,42.398796081543,-8.92093467712402,"Unknown"
"9004157",371992,2025-06-03 22:38:07,42.3989448547363,-8.9210147857666,"Unknown"
"9004157",371992,2025-06-03 22:43:06,42.3988647460938,-8.92123794555664,"Unknown"
"9004157",371992,2025-06-03 22:48:05,42.398796081543,-8.92090892791748,"Unknown"
"9004157",371992,2025-06-03 22:53:07,42.3988761901855,-8.92091751098633,"Unknown"
"9004157",371992,2025-06-03 22:58:08,42.3987922668457,-8.92095565795898,"Unknown"
"9004157",371992,2025-06-03 23:03:19,42.3989486694336,-8.92119884490967,"Unknown"
"9004157",371992,2025-06-03 23:08:19,42.3988609313965,-8.92112445831299,"Unknown"
"9004157",371992,2025-06-03 23:13:19,42.3988876342773,-8.92108821868896,"Unknown"
"9004157",371992,2025-06-03 23:18:19,42.3988761901855,-8.92121601104736,"Unknown"
"9004157",371992,2025-06-03 23:23:19,42.3988342285156,-8.92102432250977,"Unknown"
"9004157",371992,2025-06-03 23:28:19,42.3988151550293,-8.92092704772949,"Unknown"
"9004157",371992,2025-06-03 23:33:20,42.3988265991211,-8.92102432250977,"Unknown"
"9004157",371992,2025-06-03 23:38:19,42.3988037109375,-8.92099094390869,"Unknown"
"9004157",371992,2025-06-03 23:43:20,42.3988037109375,-8.92111778259277,"Unknown"
"9004157",371992,2025-06-03 23:48:20,42.398853302002,-8.9210205078125,"Unknown"
"9004157",371992,2025-06-03 23:54:11,42.3988418579102,-8.92120552062988,"Unknown"
"9004157",371992,2025-06-03 23:59:13,42.3988304138184,-8.92111396789551,"Unknown"
"9004157",371992,2025-06-04 00:03:19,42.3987922668457,-8.92101955413818,"Unknown"
"9004157",371992,2025-06-04 00:08:18,42.3988189697266,-8.92114448547363,"Unknown"
"9004157",371992,2025-06-04 00:13:18,42.3989219665527,-8.92112731933594,"Unknown"
"9004157",371992,2025-06-04 00:18:18,42.3988304138184,-8.92103958129883,"Unknown"
"9004157",371992,2025-06-04 00:23:21,42.3988265991211,-8.92123222351074,"Unknown"
"9004157",371992,2025-06-04 00:28:19,42.3988838195801,-8.92115116119385,"Unknown"
"9004157",371992,2025-06-04 00:33:18,42.398811340332,-8.92107582092285,"Unknown"
"9004157",371992,2025-06-04 00:39:42,42.3986930847168,-8.92114067077637,"Unknown"
"9004157",371992,2025-06-04 00:43:45,42.3987770080566,-8.9211950302124,"Unknown"
"9004157",371992,2025-06-04 00:49:42,42.3988952636719,-8.92201805114746,"Unknown"
"9004157",371992,2025-06-04 00:54:42,42.3987579345703,-8.92158126831055,"Unknown"
"9004157",371992,2025-06-04 00:59:42,42.3987236022949,-8.92149639129639,"Unknown"
"9004157",371992,2025-06-04 01:03:44,42.3989028930664,-8.92127895355225,"Unknown"
"9004157",371992,2025-06-04 01:08:19,42.3988265991211,-8.92125701904297,"Unknown"
"9004157",371992,2025-06-04 01:13:18,42.39892578125,-8.92124080657959,"Unknown"
"9004157",371992,2025-06-04 01:18:20,42.3988914489746,-8.92131328582764,"Unknown"
"9004157",371992,2025-06-04 01:23:19,42.3988838195801,-8.9212646484375,"Unknown"
"9004157",371992,2025-06-04 01:28:18,42.3988761901855,-8.92137145996094,"Unknown"
"9004157",371992,2025-06-04 01:34:42,42.3987884521484,-8.92163753509521,"Unknown"
"9004157",371992,2025-06-04 01:39:42,42.3987808227539,-8.92168235778809,"Unknown"
"9004157",371992,2025-06-04 01:44:42,42.398796081543,-8.92165660858154,"Unknown"
"9004157",371992,2025-06-04 01:54:42,42.3986854553223,-8.92086601257324,"Unknown"
"9004157",371992,2025-06-04 01:58:22,42.3985900878906,-8.92052364349365,"Unknown"
"9004157",371992,2025-06-04 02:03:22,42.3987159729004,-8.9208869934082,"Unknown"
"9004157",371992,2025-06-04 02:08:30,42.3987693786621,-8.92101001739502,"Unknown"
"9004157",371992,2025-06-04 02:13:30,42.3988037109375,-8.92112731933594,"Unknown"
"9004157",371992,2025-06-04 02:18:30,42.3987731933594,-8.92101764678955,"Unknown"
"9004157",371992,2025-06-04 02:24:42,42.3988761901855,-8.92129707336426,"Unknown"
"9004157",371992,2025-06-04 02:29:04,42.3987159729004,-8.92118549346924,"Unknown"
"9004157",371992,2025-06-04 02:33:21,42.398754119873,-8.92130947113037,"Unknown"
"9004157",371992,2025-06-04 02:38:24,42.398796081543,-8.92110061645508,"Unknown"
"9004157",371992,2025-06-04 02:43:22,42.3988304138184,-8.92116069793701,"Unknown"
"9004157",371992,2025-06-04 02:48:44,42.3988418579102,-8.92125415802002,"Unknown"
"9004157",371992,2025-06-04 02:53:18,42.3989295959473,-8.92124462127686,"Unknown"
"9004157",371992,2025-06-04 02:58:18,42.3988914489746,-8.92119598388672,"Unknown"
"9004157",371992,2025-06-04 03:03:21,42.3987998962402,-8.9214391708374,"Unknown"
"9004157",371992,2025-06-04 03:08:20,42.3988418579102,-8.9214448928833,"Unknown"
"9004157",371992,2025-06-04 03:13:21,42.3987464904785,-8.92129993438721,"Unknown"
"9004157",371992,2025-06-04 03:18:30,42.3987426757812,-8.92173671722412,"Unknown"
"9004157",371992,2025-06-04 03:23:29,42.3988380432129,-8.92154788970947,"Unknown"
"9004157",371992,2025-06-04 03:28:45,42.3987922668457,-8.92136859893799,"Unknown"
"9004157",371992,2025-06-04 03:33:20,42.3989677429199,-8.92068672180176,"Unknown"
"9004157",371992,2025-06-04 03:38:23,42.3988304138184,-8.92112922668457,"Unknown"
"9004157",371992,2025-06-04 03:43:22,42.3988227844238,-8.92121505737305,"Unknown"
"9004157",371992,2025-06-04 03:49:42,42.3988876342773,-8.92076873779297,"Unknown"
"9004157",371992,2025-06-04 03:54:42,42.3987884521484,-8.92073535919189,"Unknown"
"9004157",371992,2025-06-04 03:59:15,42.3987236022949,-8.92094612121582,"Unknown"
"9004157",371992,2025-06-04 04:03:22,42.3987655639648,-8.92110824584961,"Unknown"
"9004157",371992,2025-06-04 04:08:23,42.3989601135254,-8.92099761962891,"Unknown"
"9004157",371992,2025-06-04 04:13:44,42.3989067077637,-8.92078399658203,"Unknown"
"9004157",371992,2025-06-04 04:18:34,42.3989372253418,-8.92067241668701,"Unknown"
"9004157",371992,2025-06-04 04:23:22,42.3990707397461,-8.92071342468262,"Unknown"
"9004157",371992,2025-06-04 04:28:27,42.3990745544434,-8.92081451416016,"Unknown"
"9004157",371992,2025-06-04 04:33:32,42.3989944458008,-8.92113590240479,"Unknown"
"9004157",371992,2025-06-04 04:38:55,42.3990020751953,-8.92087554931641,"Unknown"
"9004157",371992,2025-06-04 04:43:45,42.39892578125,-8.92073345184326,"Unknown"
"9004157",371992,2025-06-04 04:48:22,42.3991508483887,-8.9205961227417,"Unknown"
"9004157",371992,2025-06-04 04:53:24,42.3992691040039,-8.92020130157471,"Unknown"
"9004157",371992,2025-06-04 04:58:21,42.399112701416,-8.92068481445312,"Unknown"
"9004157",371992,2025-06-04 05:03:37,42.3989868164062,-8.9209041595459,"Unknown"
"9004157",371992,2025-06-04 05:08:18,42.3990859985352,-8.92076778411865,"Unknown"
"9004157",371992,2025-06-04 05:13:53,42.3987503051758,-8.92153453826904,"Unknown"
"9004157",371992,2025-06-04 05:18:52,42.3989753723145,-8.92168235778809,"Unknown"
"9004157",371992,2025-06-04 05:23:22,42.3984909057617,-8.92234706878662,"Unknown"
"9004157",371992,2025-06-04 05:28:24,42.398681640625,-8.92194271087646,"Unknown"
"9004157",371992,2025-06-04 05:33:40,42.398754119873,-8.9219331741333,"Unknown"
"9004157",371992,2025-06-04 05:38:20,42.3986663818359,-8.92209911346436,"Unknown"
"9004157",371992,2025-06-04 05:44:42,42.3988838195801,-8.92151355743408,"Unknown"
"9004157",371992,2025-06-04 05:49:42,42.3988723754883,-8.92153739929199,"Unknown"
"9004157",371992,2025-06-04 05:54:42,42.3988876342773,-8.92148971557617,"Unknown"
"9004157",371992,2025-06-04 05:58:20,42.3989601135254,-8.92139339447021,"Unknown"
"9004157",371992,2025-06-04 06:04:23,42.3989028930664,-8.9215087890625,"Unknown"
"9004157",371992,2025-06-04 06:08:21,42.3989028930664,-8.9215030670166,"Unknown"
"9004157",371992,2025-06-04 06:13:23,42.3988227844238,-8.92124366760254,"Unknown"
"9004157",371992,2025-06-04 06:18:24,42.3988990783691,-8.92146968841553,"Unknown"
"9004157",371992,2025-06-04 06:23:25,42.3989791870117,-8.92160701751709,"Unknown"
"9004157",371992,2025-06-04 06:29:42,42.3989448547363,-8.92176628112793,"Unknown"
"9004157",371992,2025-06-04 06:34:42,42.3989295959473,-8.92152786254883,"Unknown"
"9004157",371992,2025-06-04 06:38:28,42.3989334106445,-8.9215612411499,"Unknown"
"9004157",371992,2025-06-04 06:43:19,42.3989677429199,-8.92140197753906,"Unknown"
"9004157",371992,2025-06-04 06:49:42,42.3988876342773,-8.92151737213135,"Unknown"
"9004157",371992,2025-06-04 06:53:18,42.3988952636719,-8.92128276824951,"Unknown"
"9004157",371992,2025-06-04 07:03:18,42.3988952636719,-8.92122077941895,"Unknown"
"9004157",371992,2025-06-04 07:13:20,42.3990020751953,-8.92078590393066,"Unknown"
"9004157",371992,2025-06-04 07:18:20,42.3980751037598,-8.9071626663208,"Unknown"
"9004157",371992,2025-06-04 07:24:17,42.4013824462891,-8.90670490264893,"Unknown"
"9004157",371992,2025-06-04 07:29:15,42.413948059082,-8.90568065643311,"Unknown"
"9004157",371992,2025-06-04 07:34:15,42.448055267334,-8.91972541809082,"Unknown"
"9004157",371992,2025-06-04 07:39:15,42.4763221740723,-8.93961524963379,"Unknown"
"9004157",371992,2025-06-04 07:44:15,42.5002326965332,-8.88808250427246,"Unknown"
"9004157",371992,2025-06-04 07:50:19,42.5058403015137,-8.87325477600098,"Unknown"
"9004157",371992,2025-06-04 07:55:47,42.5073471069336,-8.87181377410889,"Unknown"
"9004157",371992,2025-06-04 08:02:06,42.5075874328613,-8.87012481689453,"Unknown"
"9004157",371992,2025-06-04 08:07:07,42.5068321228027,-8.87071418762207,"Unknown"
"9004157",371992,2025-06-04 08:12:51,42.5081901550293,-8.86973094940186,"Unknown"
"9004157",371992,2025-06-04 08:17:50,42.5093002319336,-8.86948680877686,"Unknown"
"9004157",371992,2025-06-04 08:22:53,42.5172004699707,-8.86815071105957,"Unknown"
"9004157",371992,2025-06-04 08:27:51,42.5170288085938,-8.86829948425293,"Unknown"
"9004157",371992,2025-06-04 08:32:51,42.5169677734375,-8.86827182769775,"Unknown"
"9004157",371992,2025-06-04 08:37:50,42.5170021057129,-8.86827564239502,"Unknown"
"9004157",371992,2025-06-04 08:42:50,42.5170135498047,-8.86828422546387,"Unknown"
"9004157",371992,2025-06-04 08:47:50,42.5171051025391,-8.86827182769775,"Unknown"
"9004157",371992,2025-06-04 08:52:50,42.5171012878418,-8.86825752258301,"Unknown"
"9004157",371992,2025-06-04 08:57:50,42.5171508789062,-8.86823749542236,"Unknown"
"9004157",371992,2025-06-04 09:02:50,42.517147064209,-8.86826324462891,"Unknown"
"9004157",371992,2025-06-04 09:07:50,42.5171585083008,-8.86824512481689,"Unknown"
"9004157",371992,2025-06-04 09:12:51,42.5170211791992,-8.86801242828369,"Unknown"
"9004157",371992,2025-06-04 09:17:50,42.5171585083008,-8.86814880371094,"Unknown"
"9004157",371992,2025-06-04 09:22:51,42.5171928405762,-8.86822319030762,"Unknown"
"9004157",371992,2025-06-04 09:27:53,42.5134773254395,-8.87028408050537,"Unknown"
"9004157",371992,2025-06-04 09:33:33,42.5118598937988,-8.87211132049561,"Unknown"
"9004157",371992,2025-06-04 09:39:07,42.5116539001465,-8.87305450439453,"Unknown"
"9004157",371992,2025-06-04 09:44:07,42.5116233825684,-8.87437438964844,"Unknown"
"9004157",371992,2025-06-04 09:49:32,42.51025390625,-8.87420272827148,"Unknown"
"9004157",371992,2025-06-04 09:55:13,42.5083122253418,-8.87282752990723,"Unknown"
"9004157",371992,2025-06-04 10:00:59,42.5077285766602,-8.87067413330078,"Unknown"
"9004157",371992,2025-06-04 10:05:59,42.5076713562012,-8.86930847167969,"Unknown"
"9004157",371992,2025-06-04 10:11:55,42.5065460205078,-8.87007904052734,"Unknown"
"9004157",371992,2025-06-04 10:17:29,42.5072937011719,-8.86960792541504,"Unknown"
"9004157",371992,2025-06-04 10:22:43,42.5092811584473,-8.86959743499756,"Unknown"
"9004157",371992,2025-06-04 10:27:43,42.507926940918,-8.86921787261963,"Unknown"
"9004157",371992,2025-06-04 10:32:42,42.5067443847656,-8.8701229095459,"Unknown"
"9004157",371992,2025-06-04 10:38:31,42.5056762695312,-8.87191486358643,"Unknown"
"9004157",371992,2025-06-04 10:44:10,42.5056800842285,-8.87354755401611,"Unknown"
"9004157",371992,2025-06-04 10:49:26,42.5063514709473,-8.87478542327881,"Unknown"
"9004157",371992,2025-06-04 10:55:14,42.5057830810547,-8.87531661987305,"Unknown"
"9004157",371992,2025-06-04 11:00:15,42.5047378540039,-8.87639999389648,"Unknown"
"9004157",371992,2025-06-04 11:05:43,42.5041198730469,-8.87577819824219,"Unknown"
"9004157",371992,2025-06-04 11:10:57,42.5035781860352,-8.87504959106445,"Unknown"
"9004157",371992,2025-06-04 11:16:43,42.5046997070312,-8.875,"Unknown"
"9004157",371992,2025-06-04 11:22:38,42.5047378540039,-8.87523937225342,"Unknown"
"9004157",371992,2025-06-04 11:27:39,42.5048561096191,-8.87572574615479,"Unknown"
"9004157",371992,2025-06-04 11:32:48,42.5049667358398,-8.87640190124512,"Unknown"
"9004157",371992,2025-06-04 11:41:52,42.5056266784668,-8.87706470489502,"Unknown"
"9004157",371992,2025-06-04 11:46:53,42.505542755127,-8.87788391113281,"Unknown"
"9004157",371992,2025-06-04 11:52:14,42.5049514770508,-8.87994766235352,"Unknown"
"9004157",371992,2025-06-04 11:56:47,42.5047988891602,-8.88056087493896,"Unknown"
"9004157",371992,2025-06-04 12:01:51,42.5047874450684,-8.87988567352295,"Unknown"
"9004157",371992,2025-06-04 12:06:48,42.5050659179688,-8.88012504577637,"Unknown"
"9004157",371992,2025-06-04 12:11:51,42.504711151123,-8.87999725341797,"Unknown"
"9004157",371992,2025-06-04 12:16:47,42.5048866271973,-8.87930774688721,"Unknown"
"9004157",371992,2025-06-04 12:21:49,42.5048408508301,-8.88019943237305,"Unknown"
"9004157",371992,2025-06-04 12:26:49,42.5053291320801,-8.87959861755371,"Unknown"
"9004157",371992,2025-06-04 12:31:52,42.5050926208496,-8.87986660003662,"Unknown"
"9004157",371992,2025-06-04 12:36:49,42.5050086975098,-8.87998676300049,"Unknown"
"9004157",371992,2025-06-04 12:41:51,42.5049781799316,-8.87995719909668,"Unknown"
"9004157",371992,2025-06-04 12:46:49,42.5049667358398,-8.87997817993164,"Unknown"
"9004157",371992,2025-06-04 12:51:48,42.5048294067383,-8.87994480133057,"Unknown"
"9004157",371992,2025-06-04 12:57:20,42.5047988891602,-8.87537574768066,"Unknown"
"9004157",371992,2025-06-04 13:03:11,42.5050086975098,-8.87382411956787,"Unknown"
"9004157",371992,2025-06-04 13:08:41,42.5047073364258,-8.87424182891846,"Unknown"
"9004157",371992,2025-06-04 13:14:27,42.5046234130859,-8.87343311309814,"Unknown"
"9004157",371992,2025-06-04 13:20:06,42.5053215026855,-8.87461853027344,"Unknown"
"9004157",371992,2025-06-04 13:25:43,42.5051155090332,-8.87559986114502,"Unknown"
"9004157",371992,2025-06-04 13:31:24,42.5057373046875,-8.87469577789307,"Unknown"
"9004157",371992,2025-06-04 13:36:25,42.5063362121582,-8.87453460693359,"Unknown"
"9004157",371992,2025-06-04 13:42:02,42.5063591003418,-8.87630748748779,"Unknown"
"9004157",371992,2025-06-04 13:47:10,42.5063591003418,-8.874831199646,"Unknown"
"9004157",371992,2025-06-04 13:52:49,42.5066223144531,-8.87343311309814,"Unknown"
"9004157",371992,2025-06-04 13:57:52,42.5055160522461,-8.8734016418457,"Unknown"
"9004157",371992,2025-06-04 14:03:45,42.5049018859863,-8.87467670440674,"Unknown"
"9004157",371992,2025-06-04 14:08:44,42.5047645568848,-8.87325572967529,"Unknown"
"9004157",371992,2025-06-04 14:14:09,42.505500793457,-8.87255573272705,"Unknown"
"9004157",371992,2025-06-04 14:19:47,42.5065879821777,-8.8723316192627,"Unknown"
"9004157",371992,2025-06-04 14:25:15,42.5080680847168,-8.87091636657715,"Unknown"
"9004157",371992,2025-06-04 14:30:31,42.5073738098145,-8.87006282806396,"Unknown"
"9004157",371992,2025-06-04 14:35:31,42.507495880127,-8.87065887451172,"Unknown"
"9004157",371992,2025-06-04 14:40:54,42.507209777832,-8.87319850921631,"Unknown"
"9004157",371992,2025-06-04 14:46:28,42.5064506530762,-8.87438106536865,"Unknown"
"9004157",371992,2025-06-04 14:51:41,42.5067520141602,-8.87280178070068,"Unknown"
"9004157",371992,2025-06-04 14:56:56,42.507942199707,-8.8715991973877,"Unknown"
"9004157",371992,2025-06-04 15:02:41,42.5080108642578,-8.87000942230225,"Unknown"
"9004157",371992,2025-06-04 15:07:58,42.5090103149414,-8.87055587768555,"Unknown"
"9004157",371992,2025-06-04 15:13:38,42.5072364807129,-8.87127876281738,"Unknown"
"9004157",371992,2025-06-04 15:18:36,42.507266998291,-8.87104511260986,"Unknown"
"9004157",371992,2025-06-04 15:23:45,42.5063743591309,-8.87142276763916,"Unknown"
"9004157",371992,2025-06-04 15:29:36,42.5056800842285,-8.87132549285889,"Unknown"
"9004157",371992,2025-06-04 15:35:51,42.506664276123,-8.87195301055908,"Unknown"
"9004157",371992,2025-06-04 15:41:25,42.5067710876465,-8.87228298187256,"Unknown"
"9004157",371992,2025-06-04 15:46:27,42.5062065124512,-8.87428855895996,"Unknown"
"9004157",371992,2025-06-04 15:51:26,42.504711151123,-8.88096332550049,"Unknown"
"9004157",371992,2025-06-04 15:56:27,42.5042572021484,-8.88224124908447,"Unknown"
"9004157",371992,2025-06-04 16:01:27,42.5040130615234,-8.8823299407959,"Unknown"
"9004157",371992,2025-06-04 16:06:25,42.5042495727539,-8.88232231140137,"Unknown"
"9004157",371992,2025-06-04 16:11:26,42.5039863586426,-8.88265991210938,"Unknown"
"9004157",371992,2025-06-04 16:16:25,42.5041770935059,-8.88224792480469,"Unknown"
"9004157",371992,2025-06-04 16:21:26,42.5041656494141,-8.88223648071289,"Unknown"
"9004157",371992,2025-06-04 16:26:26,42.5041770935059,-8.88224601745605,"Unknown"
"9004157",371992,2025-06-04 16:31:26,42.5042724609375,-8.88208770751953,"Unknown"
"9004157",371992,2025-06-04 16:36:26,42.5039291381836,-8.88256359100342,"Unknown"
"9004157",371992,2025-06-04 16:41:26,42.5041275024414,-8.88254070281982,"Unknown"
"9004157",371992,2025-06-04 16:46:26,42.5040130615234,-8.8825626373291,"Unknown"
"9004157",371992,2025-06-04 16:51:26,42.5040016174316,-8.88256931304932,"Unknown"
"9004157",371992,2025-06-04 16:57:07,42.5063705444336,-8.87244033813477,"Unknown"
"9004157",371992,2025-06-04 17:02:37,42.5080337524414,-8.86990547180176,"Unknown"
"9004157",371992,2025-06-04 17:08:29,42.5078353881836,-8.86935997009277,"Unknown"
"9004157",371992,2025-06-04 17:13:40,42.5093193054199,-8.8690881729126,"Unknown"
"9004157",371992,2025-06-04 17:18:40,42.5085983276367,-8.86924362182617,"Unknown"
"9004157",371992,2025-06-04 17:23:41,42.5074272155762,-8.8701696395874,"Unknown"
"9004157",371992,2025-06-04 17:29:20,42.5069122314453,-8.87097358703613,"Unknown"
"9004157",371992,2025-06-04 17:34:56,42.5083656311035,-8.86996078491211,"Unknown"
"9004157",371992,2025-06-04 17:39:55,42.5085220336914,-8.87133502960205,"Unknown"
"9004157",371992,2025-06-04 17:45:20,42.5087890625,-8.87102031707764,"Unknown"
"9004157",371992,2025-06-04 17:50:51,42.5088195800781,-8.86988544464111,"Unknown"
"9004157",371992,2025-06-04 17:56:26,42.5080947875977,-8.87081527709961,"Unknown"
"9004157",371992,2025-06-04 18:01:56,42.5066833496094,-8.87363147735596,"Unknown"
"9004157",371992,2025-06-04 18:06:56,42.5038757324219,-8.88449001312256,"Unknown"
"9004157",371992,2025-06-04 18:11:55,42.5040435791016,-8.88445568084717,"Unknown"
"9004157",371992,2025-06-04 18:16:56,42.5036926269531,-8.88465595245361,"Unknown"
"9004157",371992,2025-06-04 18:21:55,42.5034866333008,-8.8850564956665,"Unknown"
"9004157",371992,2025-06-04 18:26:55,42.5037460327148,-8.88476467132568,"Unknown"
"9004157",371992,2025-06-04 18:31:56,42.5036506652832,-8.88458347320557,"Unknown"
"9004157",371992,2025-06-04 18:36:55,42.5038261413574,-8.88491344451904,"Unknown"
"9004157",371992,2025-06-04 18:41:55,42.5038223266602,-8.88531970977783,"Unknown"
"9004157",371992,2025-06-04 18:46:55,42.5040893554688,-8.88473415374756,"Unknown"
"9004157",371992,2025-06-04 18:51:55,42.4883880615234,-8.90661716461182,"Unknown"
"9004157",371992,2025-06-04 18:56:55,42.4773445129395,-8.93995094299316,"Unknown"
"9004157",371992,2025-06-04 19:01:55,42.4693069458008,-8.94222831726074,"Unknown"
"9004157",371992,2025-06-04 19:06:55,42.4348640441895,-8.94348907470703,"Unknown"
"9004157",371992,2025-06-04 19:11:55,42.4030609130859,-8.92685222625732,"Unknown"
"9004157",371992,2025-06-04 19:16:58,42.3982772827148,-8.92334175109863,"Unknown"
"9004157",371992,2025-06-04 19:21:58,42.3979454040527,-8.92404842376709,"Unknown"
"9004157",371992,2025-06-04 19:26:57,42.3979988098145,-8.9236946105957,"Unknown"
"9004157",371992,2025-06-04 19:31:58,42.3992652893066,-8.92171955108643,"Unknown"
"9004157",371992,2025-06-04 19:36:56,42.3995094299316,-8.92157554626465,"Unknown"
"9004157",371992,2025-06-04 19:41:56,42.3993644714355,-8.92141246795654,"Unknown"
"9004157",371992,2025-06-04 19:46:57,42.3991851806641,-8.92150402069092,"Unknown"
"9004157",371992,2025-06-04 19:51:58,42.3991241455078,-8.92160224914551,"Unknown"
"9004157",371992,2025-06-04 19:57:00,42.3988761901855,-8.92166328430176,"Unknown"
"9004157",371992,2025-06-04 20:01:58,42.3988151550293,-8.92153930664062,"Unknown"
"9004157",371992,2025-06-04 20:06:59,42.3987236022949,-8.92111873626709,"Unknown"
"9004157",371992,2025-06-04 20:11:57,42.3989906311035,-8.92143249511719,"Unknown"
"9004157",371992,2025-06-04 20:16:59,42.3988075256348,-8.92149639129639,"Unknown"
"9004157",371992,2025-06-04 20:21:57,42.3987426757812,-8.92142295837402,"Unknown"
"9004157",371992,2025-06-04 20:27:38,42.3990669250488,-8.92136478424072,"Unknown"
"9004157",371992,2025-06-04 20:32:11,42.3990287780762,-8.9213809967041,"Unknown"
"9004157",371992,2025-06-04 20:36:59,42.3985939025879,-8.92115688323975,"Unknown"
"9004157",371992,2025-06-04 20:42:01,42.3988990783691,-8.92127990722656,"Unknown"
"9004157",371992,2025-06-04 20:46:59,42.3992538452148,-8.92092227935791,"Unknown"
"9004157",371992,2025-06-04 20:51:58,42.3990478515625,-8.92111968994141,"Unknown"
"9004157",371992,2025-06-04 20:56:59,42.3987312316895,-8.92089462280273,"Unknown"
"9004157",371992,2025-06-04 21:01:59,42.3985176086426,-8.92022800445557,"Unknown"
"9004157",371992,2025-06-04 21:07:31,42.3988800048828,-8.92105388641357,"Unknown"
"9004157",371992,2025-06-04 21:11:57,42.3990135192871,-8.92108154296875,"Unknown"
"9004157",371992,2025-06-04 21:16:59,42.3988075256348,-8.92106151580811,"Unknown"
"9004157",371992,2025-06-04 21:21:56,42.3989372253418,-8.92113018035889,"Unknown"
"9004157",371992,2025-06-04 21:26:57,42.3988304138184,-8.92102241516113,"Unknown"
"9004157",371992,2025-06-04 21:31:59,42.3989906311035,-8.92127513885498,"Unknown"
"9004157",371992,2025-06-04 21:36:59,42.3988800048828,-8.92104339599609,"Unknown"
"9004157",371992,2025-06-04 21:42:20,42.3987846374512,-8.92078685760498,"Unknown"
"9004157",371992,2025-06-04 21:46:59,42.3989906311035,-8.92138957977295,"Unknown"
"9004157",371992,2025-06-04 21:52:00,42.399112701416,-8.92123317718506,"Unknown"
"9004157",371992,2025-06-04 21:57:01,42.3989295959473,-8.92100811004639,"Unknown"
"9004157",371992,2025-06-04 22:01:59,42.3989562988281,-8.92124652862549,"Unknown"
"9004157",371992,2025-06-04 22:07:37,42.3990325927734,-8.92143440246582,"Unknown"
"9004157",371992,2025-06-04 22:13:18,42.3988838195801,-8.92085742950439,"Unknown"
"9004157",371992,2025-06-04 22:17:07,42.3989753723145,-8.92095375061035,"Unknown"
"9004157",371992,2025-06-04 22:21:58,42.3988456726074,-8.92088508605957,"Unknown"
"9004157",371992,2025-06-04 22:27:02,42.3989524841309,-8.9212121963501,"Unknown"
"9004157",371992,2025-06-04 22:31:58,42.3988151550293,-8.92093276977539,"Unknown"
"9004157",371992,2025-06-04 22:37:08,42.3988304138184,-8.92097854614258,"Unknown"
"9004157",371992,2025-06-04 22:41:59,42.3987922668457,-8.92090702056885,"Unknown"
"9004157",371992,2025-06-04 22:46:58,42.3987350463867,-8.92085933685303,"Unknown"
"9004157",371992,2025-06-04 22:51:56,42.3987464904785,-8.92081546783447,"Unknown"
"9004157",371992,2025-06-04 22:56:56,42.3987693786621,-8.92076206207275,"Unknown"
"9004157",371992,2025-06-04 23:01:56,42.3986854553223,-8.92075824737549,"Unknown"
"9004157",371992,2025-06-04 23:06:58,42.3987350463867,-8.92087841033936,"Unknown"
"9004157",371992,2025-06-04 23:11:56,42.3990592956543,-8.92196083068848,"Unknown"
"9004157",371992,2025-06-04 23:17:05,42.3990325927734,-8.92171382904053,"Unknown"
"9004157",371992,2025-06-04 23:21:56,42.3988304138184,-8.92119979858398,"Unknown"
"9004157",371992,2025-06-04 23:26:56,42.3988380432129,-8.92113971710205,"Unknown"
"9004157",371992,2025-06-04 23:31:56,42.3987312316895,-8.92080593109131,"Unknown"
"9004157",371992,2025-06-04 23:36:58,42.3989906311035,-8.92134284973145,"Unknown"
"9004157",371992,2025-06-04 23:41:58,42.3989944458008,-8.92162132263184,"Unknown"
"9004157",371992,2025-06-04 23:47:01,42.3989715576172,-8.92104339599609,"Unknown"
"9004157",371992,2025-06-04 23:52:15,42.3990173339844,-8.92156314849854,"Unknown"
"9004157",371992,2025-06-04 23:56:59,42.3992462158203,-8.92203712463379,"Unknown"
"9004157",371992,2025-06-05 00:02:17,42.3991966247559,-8.92154693603516,"Unknown"
"9004157",371992,2025-06-05 00:07:09,42.3991317749023,-8.92171382904053,"Unknown"
"9004157",371992,2025-06-05 00:11:57,42.3990516662598,-8.9214038848877,"Unknown"
"9004157",371992,2025-06-05 00:17:14,42.3991165161133,-8.92131042480469,"Unknown"
"9004157",371992,2025-06-05 00:22:13,42.3991508483887,-8.92174434661865,"Unknown"
"9004157",371992,2025-06-05 00:26:57,42.3991317749023,-8.92130661010742,"Unknown"
"9004157",371992,2025-06-05 00:31:55,42.3990821838379,-8.92135715484619,"Unknown"
"9004157",371992,2025-06-05 00:37:01,42.3990859985352,-8.92114353179932,"Unknown"
"9004157",371992,2025-06-05 00:42:08,42.3991432189941,-8.92123126983643,"Unknown"
"9004157",371992,2025-06-05 00:47:43,42.3989334106445,-8.92137145996094,"Unknown"
"9004157",371992,2025-06-05 00:51:57,42.3989524841309,-8.92184734344482,"Unknown"
"9004157",371992,2025-06-05 00:56:57,42.3989601135254,-8.92187786102295,"Unknown"
"9004157",371992,2025-06-05 01:01:57,42.3989067077637,-8.92133617401123,"Unknown"
"9004157",371992,2025-06-05 01:07:07,42.3989295959473,-8.92151546478271,"Unknown"
"9004157",371992,2025-06-05 01:11:58,42.3988723754883,-8.92126941680908,"Unknown"
"9004157",371992,2025-06-05 01:17:04,42.398868560791,-8.92137336730957,"Unknown"
"9004157",371992,2025-06-05 01:21:58,42.39892578125,-8.92137622833252,"Unknown"
"9004157",371992,2025-06-05 01:27:14,42.3988380432129,-8.92115306854248,"Unknown"
"9004157",371992,2025-06-05 01:32:51,42.3988494873047,-8.92117118835449,"Unknown"
"9004157",371992,2025-06-05 01:37:00,42.3988876342773,-8.92142772674561,"Unknown"
"9004157",371992,2025-06-05 01:42:08,42.3988456726074,-8.92106151580811,"Unknown"
"9004157",371992,2025-06-05 01:46:59,42.3988227844238,-8.9209566116333,"Unknown"
"9004157",371992,2025-06-05 01:52:00,42.3988304138184,-8.92103099822998,"Unknown"
"9004157",371992,2025-06-05 01:56:58,42.3988647460938,-8.92125129699707,"Unknown"
"9004157",371992,2025-06-05 02:02:02,42.3988838195801,-8.92117595672607,"Unknown"
"9004157",371992,2025-06-05 02:07:00,42.3989028930664,-8.92104530334473,"Unknown"
"9004157",371992,2025-06-05 02:12:14,42.3988876342773,-8.92146682739258,"Unknown"
"9004157",371992,2025-06-05 02:16:57,42.3988494873047,-8.92100524902344,"Unknown"
"9004157",371992,2025-06-05 02:21:58,42.3987808227539,-8.92120838165283,"Unknown"
"9004157",371992,2025-06-05 02:27:28,42.398811340332,-8.92112350463867,"Unknown"
"9004157",371992,2025-06-05 02:31:56,42.3988800048828,-8.92124080657959,"Unknown"
"9004157",371992,2025-06-05 02:36:58,42.3990669250488,-8.92153358459473,"Unknown"
"9004157",371992,2025-06-05 02:42:00,42.3989524841309,-8.92136096954346,"Unknown"
"9004157",371992,2025-06-05 02:46:59,42.3990898132324,-8.92147636413574,"Unknown"
"9004157",371992,2025-06-05 02:52:11,42.3990707397461,-8.92143440246582,"Unknown"
"9004157",371992,2025-06-05 02:56:59,42.3989715576172,-8.92145442962646,"Unknown"
"9004157",371992,2025-06-05 03:01:59,42.3989944458008,-8.9212532043457,"Unknown"
"9004157",371992,2025-06-05 03:06:59,42.3989410400391,-8.92123699188232,"Unknown"
"9004157",371992,2025-06-05 03:12:01,42.3990058898926,-8.92120361328125,"Unknown"
"9004157",371992,2025-06-05 03:17:01,42.3989906311035,-8.92127418518066,"Unknown"
"9004157",371992,2025-06-05 03:22:00,42.3990097045898,-8.9210729598999,"Unknown"
"9004157",371992,2025-06-05 03:27:07,42.3990058898926,-8.92103290557861,"Unknown"
"9004157",371992,2025-06-05 03:31:59,42.3990020751953,-8.92085742950439,"Unknown"
"9004157",371992,2025-06-05 03:37:02,42.3990135192871,-8.92136859893799,"Unknown"
"9004157",371992,2025-06-05 03:42:07,42.3992309570312,-8.92060661315918,"Unknown"
"9004157",371992,2025-06-05 03:47:07,42.3991012573242,-8.92176342010498,"Unknown"
"9004157",371992,2025-06-05 03:53:18,42.3989486694336,-8.92074012756348,"Unknown"
"9004157",371992,2025-06-05 03:57:18,42.3989677429199,-8.92129898071289,"Unknown"
"9004157",371992,2025-06-05 04:01:58,42.3988914489746,-8.92069530487061,"Unknown"
"9004157",371992,2025-06-05 04:08:18,42.3988380432129,-8.92114353179932,"Unknown"
"9004157",371992,2025-06-05 04:12:41,42.398868560791,-8.92130184173584,"Unknown"
"9004157",371992,2025-06-05 04:16:57,42.3990211486816,-8.92151927947998,"Unknown"
"9004157",371992,2025-06-05 04:22:44,42.3988914489746,-8.92130374908447,"Unknown"
"9004157",371992,2025-06-05 04:27:00,42.3988952636719,-8.92158222198486,"Unknown"
"9004157",371992,2025-06-05 04:32:00,42.3988494873047,-8.92146492004395,"Unknown"
"9004157",371992,2025-06-05 04:38:18,42.3989067077637,-8.92156219482422,"Unknown"
"9004157",371992,2025-06-05 04:41:58,42.3988990783691,-8.92162704467773,"Unknown"
"9004157",371992,2025-06-05 04:47:05,42.3988876342773,-8.92143440246582,"Unknown"
"9004157",371992,2025-06-05 04:53:18,42.3987846374512,-8.92178821563721,"Unknown"
"9004157",371992,2025-06-05 04:56:58,42.3988037109375,-8.92156600952148,"Unknown"
"9004157",371992,2025-06-05 05:02:09,42.3988189697266,-8.92117786407471,"Unknown"
"9004157",371992,2025-06-05 05:08:18,42.3988952636719,-8.92108631134033,"Unknown"
"9004157",371992,2025-06-05 05:13:18,42.3988151550293,-8.92125129699707,"Unknown"
"9004157",371992,2025-06-05 05:18:07,42.3987731933594,-8.92160701751709,"Unknown"
"9004157",371992,2025-06-05 05:23:18,42.3991050720215,-8.92190933227539,"Unknown"
"9004157",371992,2025-06-05 05:27:27,42.3990592956543,-8.92171573638916,"Unknown"
"9004157",371992,2025-06-05 05:33:18,42.3989639282227,-8.92163753509521,"Unknown"
"9004157",371992,2025-06-05 05:37:44,42.3989295959473,-8.92149448394775,"Unknown"
"9004157",371992,2025-06-05 05:42:16,42.3990249633789,-8.92240810394287,"Unknown"
"9004157",371992,2025-06-05 05:48:18,42.3988914489746,-8.92247676849365,"Unknown"
"9004157",371992,2025-06-05 05:53:14,42.3989181518555,-8.922194480896,"Unknown"
"9004157",371992,2025-06-05 05:58:18,42.3988800048828,-8.92199993133545,"Unknown"
"9004157",371992,2025-06-05 06:01:58,42.3988380432129,-8.92180919647217,"Unknown"
"9004157",371992,2025-06-05 06:07:13,42.3989524841309,-8.92221641540527,"Unknown"
"9004157",371992,2025-06-05 06:11:55,42.3988227844238,-8.92166614532471,"Unknown"
"9004157",371992,2025-06-05 06:16:59,42.398811340332,-8.92200088500977,"Unknown"
"9004157",371992,2025-06-05 06:21:56,42.3989143371582,-8.92178630828857,"Unknown"
"9004157",371992,2025-06-05 06:26:59,42.3986282348633,-8.92157363891602,"Unknown"
"9004157",371992,2025-06-05 06:31:57,42.3988304138184,-8.92176723480225,"Unknown"
"9004157",371992,2025-06-05 06:37:25,42.3989067077637,-8.92179298400879,"Unknown"
"9004157",371992,2025-06-05 06:41:54,42.3988304138184,-8.9217700958252,"Unknown"
"9004157",371992,2025-06-05 06:46:55,42.3989448547363,-8.92175769805908,"Unknown"
"9004157",371992,2025-06-05 06:51:55,42.3988800048828,-8.92158699035645,"Unknown"
"9004157",371992,2025-06-05 06:57:04,42.3988800048828,-8.9213752746582,"Unknown"
"9004157",371992,2025-06-05 07:02:03,42.3986129760742,-8.92199611663818,"Unknown"
"9004157",371992,2025-06-05 07:07:07,42.3988151550293,-8.92134094238281,"Unknown"
"9004157",371992,2025-06-05 07:12:22,42.3988609313965,-8.92106246948242,"Unknown"
"9004157",371992,2025-06-05 07:17:07,42.3988494873047,-8.92133903503418,"Unknown"
"9004157",371992,2025-06-05 07:22:00,42.3988418579102,-8.92140960693359,"Unknown"
"9004157",371992,2025-06-05 07:27:06,42.3987731933594,-8.92149925231934,"Unknown"
"9004157",371992,2025-06-05 07:33:18,42.3988494873047,-8.92170238494873,"Unknown"
"9004157",371992,2025-06-05 07:37:31,42.3986396789551,-8.92210006713867,"Unknown"
"9004157",371992,2025-06-05 07:43:18,42.398811340332,-8.9217357635498,"Unknown"
"9004157",371992,2025-06-05 07:48:18,42.3982162475586,-8.92331409454346,"Unknown"
"9004157",371992,2025-06-05 07:53:18,42.3985404968262,-8.92273998260498,"Unknown"
"9004157",371992,2025-06-05 08:03:18,42.3988227844238,-8.92192077636719,"Unknown"
"9004157",371992,2025-06-05 08:08:18,42.3991813659668,-8.92205429077148,"Unknown"
"9004157",371992,2025-06-05 08:13:18,42.3986930847168,-8.92183113098145,"Unknown"
"9004157",371992,2025-06-05 08:37:07,42.3987045288086,-8.92110157012939,"Unknown"
"9004157",371992,2025-06-05 08:42:04,42.3989181518555,-8.92075061798096,"Unknown"
"9004157",371992,2025-06-05 08:47:05,42.4081573486328,-8.91986751556396,"Unknown"
"9004157",371992,2025-06-05 08:52:07,42.4568405151367,-8.93782901763916,"Unknown"
"9004157",371992,2025-06-05 08:57:10,42.4954986572266,-8.90381813049316,"Unknown"
"9004157",371992,2025-06-05 09:01:55,42.5063896179199,-8.87236881256104,"Unknown"
"9004157",371992,2025-06-05 09:07:00,42.5062866210938,-8.87346267700195,"Unknown"
"9004157",371992,2025-06-05 09:11:59,42.5069389343262,-8.87215518951416,"Unknown"
"9004157",371992,2025-06-05 09:17:03,42.5065269470215,-8.87130546569824,"Unknown"
"9004157",371992,2025-06-05 09:22:48,42.505802154541,-8.87234020233154,"Unknown"
"9004157",371992,2025-06-05 09:28:17,42.5064544677734,-8.87335681915283,"Unknown"
"9004157",371992,2025-06-05 09:33:18,42.5072288513184,-8.87153625488281,"Unknown"
"9004157",371992,2025-06-05 09:38:36,42.5073089599609,-8.87046241760254,"Unknown"
"9004157",371992,2025-06-05 09:43:47,42.5081634521484,-8.86979389190674,"Unknown"
"9004157",371992,2025-06-05 09:58:29,42.5064353942871,-8.87280464172363,"Unknown"
"9004157",371992,2025-06-05 10:04:03,42.5066528320312,-8.87390327453613,"Unknown"
"9004157",371992,2025-06-05 10:08:58,42.5069808959961,-8.87415027618408,"Unknown"
"9004157",371992,2025-06-05 10:16:36,42.5058135986328,-8.87342739105225,"Unknown"
"9004157",371992,2025-06-05 10:21:50,42.5054817199707,-8.87433815002441,"Unknown"
"9004157",371992,2025-06-05 10:26:49,42.5046768188477,-8.87570858001709,"Unknown"
"9004157",371992,2025-06-05 10:32:00,42.504711151123,-8.87618064880371,"Unknown"
"9004157",371992,2025-06-05 10:36:48,42.5049438476562,-8.87980365753174,"Unknown"
"9004157",371992,2025-06-05 10:41:57,42.5049629211426,-8.87969589233398,"Unknown"
"9004157",371992,2025-06-05 10:46:52,42.5044555664062,-8.87938499450684,"Unknown"
"9004157",371992,2025-06-05 10:52:05,42.5046043395996,-8.87954807281494,"Unknown"
"9004157",371992,2025-06-05 10:56:46,42.5045967102051,-8.879714012146,"Unknown"
"9004157",371992,2025-06-05 11:01:46,42.5047187805176,-8.87982845306396,"Unknown"
"9004157",371992,2025-06-05 11:06:46,42.5048179626465,-8.87960147857666,"Unknown"
"9004157",371992,2025-06-05 11:11:46,42.5047950744629,-8.87964916229248,"Unknown"
"9004157",371992,2025-06-05 11:16:46,42.5047225952148,-8.87983131408691,"Unknown"
"9004157",371992,2025-06-05 11:21:46,42.5048751831055,-8.8800106048584,"Unknown"
"9004157",371992,2025-06-05 11:26:46,42.5048828125,-8.88000297546387,"Unknown"
"9004157",371992,2025-06-05 11:31:46,42.5048332214355,-8.87986755371094,"Unknown"
"9004157",371992,2025-06-05 11:36:46,42.5063667297363,-8.87367630004883,"Unknown"
"9004157",371992,2025-06-05 11:41:55,42.5057258605957,-8.87244606018066,"Unknown"
"9004157",371992,2025-06-05 11:46:55,42.5064849853516,-8.87146282196045,"Unknown"
"9004157",371992,2025-06-05 11:52:31,42.5071563720703,-8.87072086334229,"Unknown"
"9004157",371992,2025-06-05 11:58:11,42.5087890625,-8.87077522277832,"Unknown"
"9004157",371992,2025-06-05 12:03:26,42.5080757141113,-8.87168025970459,"Unknown"
"9004157",371992,2025-06-05 12:08:54,42.5065498352051,-8.87103843688965,"Unknown"
"9004157",371992,2025-06-05 12:13:54,42.5067977905273,-8.87012195587158,"Unknown"
"9004157",371992,2025-06-05 12:19:08,42.5085563659668,-8.87005805969238,"Unknown"
"9004157",371992,2025-06-05 12:24:56,42.5093688964844,-8.8701171875,"Unknown"
"9004157",371992,2025-06-05 12:30:07,42.5081596374512,-8.87200546264648,"Unknown"
"9004157",371992,2025-06-05 12:35:39,42.5070571899414,-8.87270832061768,"Unknown"
"9004157",371992,2025-06-05 12:41:17,42.5060997009277,-8.87344264984131,"Unknown"
"9004157",371992,2025-06-05 12:46:55,42.5054206848145,-8.87423801422119,"Unknown"
"9004157",371992,2025-06-05 12:52:41,42.5051727294922,-8.87464046478271,"Unknown"
"9004157",371992,2025-06-05 12:58:23,42.5044288635254,-8.87448596954346,"Unknown"
"9004157",371992,2025-06-05 13:04:09,42.5043640136719,-8.87435245513916,"Unknown"
"9004157",371992,2025-06-05 13:09:54,42.5045852661133,-8.87667751312256,"Unknown"
"9004157",371992,2025-06-05 13:14:55,42.5046081542969,-8.88090896606445,"Unknown"
"9004157",371992,2025-06-05 13:19:54,42.5044937133789,-8.88087272644043,"Unknown"
"9004157",371992,2025-06-05 13:24:54,42.5046997070312,-8.88100337982178,"Unknown"
"9004157",371992,2025-06-05 13:29:54,42.5047416687012,-8.8811149597168,"Unknown"
"9004157",371992,2025-06-05 13:34:57,42.5045204162598,-8.88096809387207,"Unknown"
"9004157",371992,2025-06-05 13:39:55,42.5045623779297,-8.88101863861084,"Unknown"
"9004157",371992,2025-06-05 13:44:52,42.504566192627,-8.88097476959229,"Unknown"
"9004157",371992,2025-06-05 13:49:52,42.5043830871582,-8.88084030151367,"Unknown"
"9004157",371992,2025-06-05 13:54:54,42.5045013427734,-8.88097953796387,"Unknown"
"9004157",371992,2025-06-05 13:59:53,42.5043029785156,-8.88094043731689,"Unknown"
"9004157",371992,2025-06-05 14:05:33,42.5046730041504,-8.88059139251709,"Unknown"
"9004157",371992,2025-06-05 14:10:33,42.5047721862793,-8.8811559677124,"Unknown"
"9004157",371992,2025-06-05 14:15:37,42.5048828125,-8.88127040863037,"Unknown"
"9004157",371992,2025-06-05 14:20:32,42.5049629211426,-8.88130283355713,"Unknown"
"9004157",371992,2025-06-05 14:25:33,42.5050239562988,-8.88127326965332,"Unknown"
"9004157",371992,2025-06-05 14:30:35,42.5049362182617,-8.88136100769043,"Unknown"
"9004157",371992,2025-06-05 14:35:35,42.5049247741699,-8.88138675689697,"Unknown"
"9004157",371992,2025-06-05 14:40:35,42.5044212341309,-8.88097953796387,"Unknown"
"9004157",371992,2025-06-05 14:45:32,42.5043792724609,-8.88087558746338,"Unknown"
"9004157",371992,2025-06-05 14:50:41,42.5047416687012,-8.88124847412109,"Unknown"
"9004157",371992,2025-06-05 14:55:33,42.5046272277832,-8.88113784790039,"Unknown"
"9004157",371992,2025-06-05 15:00:32,42.504695892334,-8.88118076324463,"Unknown"
"9004157",371992,2025-06-05 15:05:32,42.5045776367188,-8.88101005554199,"Unknown"
"9004157",371992,2025-06-05 15:10:32,42.5047760009766,-8.88120174407959,"Unknown"
"9004157",371992,2025-06-05 15:15:32,42.5047264099121,-8.88120079040527,"Unknown"
"9004157",371992,2025-06-05 15:20:32,42.5047836303711,-8.88131141662598,"Unknown"
"9004157",371992,2025-06-05 15:25:35,42.504753112793,-8.88139915466309,"Unknown"
"9004157",371992,2025-06-05 15:30:32,42.5048217773438,-8.88137340545654,"Unknown"
"9004157",371992,2025-06-05 15:35:51,42.5066413879395,-8.88201427459717,"Unknown"
"9004157",371992,2025-06-05 15:40:50,42.505989074707,-8.88212776184082,"Unknown"
"9004157",371992,2025-06-05 15:45:51,42.5057563781738,-8.88187408447266,"Unknown"
"9004157",371992,2025-06-05 15:50:51,42.5061111450195,-8.88125991821289,"Unknown"
"9004157",371992,2025-06-05 15:55:51,42.5064239501953,-8.88028335571289,"Unknown"
"9004157",371992,2025-06-05 16:00:53,42.505973815918,-8.87862014770508,"Unknown"
"9004157",371992,2025-06-05 16:06:37,42.5060768127441,-8.87576293945312,"Unknown"
"9004157",371992,2025-06-05 16:12:18,42.5053100585938,-8.87423992156982,"Unknown"
"9004157",371992,2025-06-05 16:17:19,42.5044593811035,-8.87487125396729,"Unknown"
"9004157",371992,2025-06-05 16:22:50,42.5049934387207,-8.8744068145752,"Unknown"
"9004157",371992,2025-06-05 16:28:13,42.5053749084473,-8.87421321868896,"Unknown"
"9004157",371992,2025-06-05 16:33:24,42.5063209533691,-8.87313747406006,"Unknown"
"9004157",371992,2025-06-05 16:38:23,42.5064582824707,-8.87166023254395,"Unknown"
"9004157",371992,2025-06-05 16:43:24,42.506591796875,-8.87202548980713,"Unknown"
"9004157",371992,2025-06-05 16:48:59,42.5080375671387,-8.87133598327637,"Unknown"
"9004157",371992,2025-06-05 16:54:00,42.5080223083496,-8.87050819396973,"Unknown"
"9004157",371992,2025-06-05 16:59:00,42.5106315612793,-8.87114238739014,"Unknown"
"9004157",371992,2025-06-05 17:04:07,42.5106430053711,-8.87313556671143,"Unknown"
"9004157",371992,2025-06-05 17:11:55,42.508846282959,-8.87342071533203,"Unknown"
"9004157",371992,2025-06-05 17:17:41,42.5080833435059,-8.87202739715576,"Unknown"
"9004157",371992,2025-06-05 17:23:08,42.5077896118164,-8.87233066558838,"Unknown"
"9004157",371992,2025-06-05 17:28:11,42.5076560974121,-8.87225246429443,"Unknown"
"9004157",371992,2025-06-05 17:33:23,42.5068054199219,-8.87368488311768,"Unknown"
"9004157",371992,2025-06-05 17:39:03,42.5056419372559,-8.87421226501465,"Unknown"
"9004157",371992,2025-06-05 17:44:40,42.5045509338379,-8.87471008300781,"Unknown"
"9004157",371992,2025-06-05 17:49:40,42.5038871765137,-8.8757495880127,"Unknown"
"9004157",371992,2025-06-05 17:54:39,42.4943695068359,-8.89557456970215,"Unknown"
"9004157",371992,2025-06-05 17:59:39,42.4942893981934,-8.89567470550537,"Unknown"
"9004157",371992,2025-06-05 18:04:43,42.4940185546875,-8.89605045318604,"Unknown"
"9004157",371992,2025-06-05 18:09:39,42.4942283630371,-8.89581775665283,"Unknown"
"9004157",371992,2025-06-05 18:14:39,42.4858512878418,-8.90651607513428,"Unknown"
"9004157",371992,2025-06-05 18:19:39,42.4767837524414,-8.93959712982178,"Unknown"
"9004157",371992,2025-06-05 18:24:39,42.4767303466797,-8.93964195251465,"Unknown"
"9004157",371992,2025-06-05 18:29:39,42.4767227172852,-8.93956851959229,"Unknown"
"9004157",371992,2025-06-05 18:34:39,42.4554595947266,-8.94523906707764,"Unknown"
"9004157",371992,2025-06-05 18:39:39,42.4235763549805,-8.94609832763672,"Unknown"
"9004157",371992,2025-06-05 18:44:42,42.3989410400391,-8.9207878112793,"Unknown"
"9004157",371992,2025-06-05 18:49:42,42.3990631103516,-8.92047023773193,"Unknown"
"9004157",371992,2025-06-05 18:54:42,42.3990669250488,-8.92061519622803,"Unknown"
"9004157",371992,2025-06-05 18:59:41,42.3990669250488,-8.92076015472412,"Unknown"
"9004157",371992,2025-06-05 19:04:43,42.398983001709,-8.92065715789795,"Unknown"
"9004157",371992,2025-06-05 19:09:42,42.3988838195801,-8.92076110839844,"Unknown"
"9004157",371992,2025-06-05 19:14:53,42.3988227844238,-8.9207239151001,"Unknown"
"9004157",371992,2025-06-05 19:19:46,42.3987274169922,-8.92104148864746,"Unknown"
"9004157",371992,2025-06-05 19:24:43,42.3989677429199,-8.92087364196777,"Unknown"
"9004157",371992,2025-06-05 19:29:40,42.3997955322266,-8.92010307312012,"Unknown"
"9004157",371992,2025-06-05 19:34:41,42.3994827270508,-8.91963958740234,"Unknown"
"9004157",371992,2025-06-05 19:39:45,42.3989715576172,-8.92063045501709,"Unknown"
"9004157",371992,2025-06-05 19:44:42,42.3989219665527,-8.92054653167725,"Unknown"
"9004157",371992,2025-06-05 19:49:42,42.3997344970703,-8.92224788665771,"Unknown"
"9004157",371992,2025-06-05 19:54:53,42.3991584777832,-8.92183780670166,"Unknown"
"9004157",371992,2025-06-05 19:59:45,42.3991775512695,-8.92196178436279,"Unknown"
"9004157",371992,2025-06-05 20:04:43,42.3990707397461,-8.92040348052979,"Unknown"
"9004157",371992,2025-06-05 20:09:48,42.3989677429199,-8.92050170898438,"Unknown"
"9004157",371992,2025-06-05 20:14:43,42.3990211486816,-8.92052555084229,"Unknown"
"9004157",371992,2025-06-05 20:19:56,42.3992195129395,-8.92093086242676,"Unknown"
"9004157",371992,2025-06-05 20:25:12,42.3989067077637,-8.92119312286377,"Unknown"
"9004157",371992,2025-06-05 20:29:48,42.3988800048828,-8.92146301269531,"Unknown"
"9004157",371992,2025-06-05 20:34:58,42.398868560791,-8.92162609100342,"Unknown"
"9004157",371992,2025-06-05 20:39:39,42.3991088867188,-8.92130184173584,"Unknown"
"9004157",371992,2025-06-05 20:44:39,42.3989486694336,-8.9206714630127,"Unknown"
"9004157",371992,2025-06-05 20:49:42,42.3988227844238,-8.92052268981934,"Unknown"
"9004157",371992,2025-06-05 20:54:45,42.3989562988281,-8.92081260681152,"Unknown"
"9004157",371992,2025-06-05 20:59:50,42.399040222168,-8.92116928100586,"Unknown"
"9004157",371992,2025-06-05 21:04:45,42.3990745544434,-8.92101192474365,"Unknown"
"9004157",371992,2025-06-05 21:09:42,42.3992080688477,-8.92133903503418,"Unknown"
"9004157",371992,2025-06-05 21:14:50,42.3991470336914,-8.92129135131836,"Unknown"
"9004157",371992,2025-06-05 21:19:40,42.3991012573242,-8.92119216918945,"Unknown"
"9004157",371992,2025-06-05 21:24:46,42.3991928100586,-8.92081832885742,"Unknown"
"9004157",371992,2025-06-05 21:30:04,42.3993453979492,-8.92142200469971,"Unknown"
"9004157",371992,2025-06-05 21:34:43,42.3992347717285,-8.92118167877197,"Unknown"
"9004157",371992,2025-06-05 21:39:43,42.3992691040039,-8.9212007522583,"Unknown"
"9004157",371992,2025-06-05 21:44:42,42.3985595703125,-8.91999912261963,"Unknown"
"9004157",371992,2025-06-05 21:49:48,42.3990058898926,-8.92130851745605,"Unknown"
"9004157",371992,2025-06-05 21:55:09,42.3988571166992,-8.92134380340576,"Unknown"
"9004157",371992,2025-06-05 21:59:45,42.3988037109375,-8.921217918396,"Unknown"
"9004157",371992,2025-06-05 22:04:52,42.3987731933594,-8.92131614685059,"Unknown"
"9004157",371992,2025-06-05 22:09:51,42.398754119873,-8.92117309570312,"Unknown"
"9004157",371992,2025-06-05 22:16:02,42.398796081543,-8.92120838165283,"Unknown"
"9004157",371992,2025-06-05 22:20:14,42.3988494873047,-8.9213399887085,"Unknown"
"9004157",371992,2025-06-05 22:24:45,42.3988761901855,-8.9213809967041,"Unknown"
"9004157",371992,2025-06-05 22:29:42,42.3988838195801,-8.92144966125488,"Unknown"
"9004157",371992,2025-06-05 22:34:42,42.3988418579102,-8.92147445678711,"Unknown"
"9004157",371992,2025-06-05 22:39:42,42.3988342285156,-8.92144775390625,"Unknown"
"9004157",371992,2025-06-05 22:44:39,42.3988342285156,-8.92145156860352,"Unknown"
"9004157",371992,2025-06-05 22:49:50,42.3988342285156,-8.9212760925293,"Unknown"
"9004157",371992,2025-06-05 22:54:51,42.3989143371582,-8.92142200469971,"Unknown"
"9004157",371992,2025-06-05 22:59:41,42.398738861084,-8.92076873779297,"Unknown"
"9004157",371992,2025-06-05 23:04:53,42.3988609313965,-8.92133331298828,"Unknown"
"9004157",371992,2025-06-05 23:09:47,42.3988723754883,-8.92142009735107,"Unknown"
"9004157",371992,2025-06-05 23:14:40,42.3987884521484,-8.92113208770752,"Unknown"
"9004157",371992,2025-06-05 23:19:47,42.3988342285156,-8.92143535614014,"Unknown"
"9004157",371992,2025-06-05 23:24:41,42.3987426757812,-8.92092323303223,"Unknown"
"9004157",371992,2025-06-05 23:29:49,42.3987846374512,-8.92104339599609,"Unknown"
"9004157",371992,2025-06-05 23:34:41,42.3986663818359,-8.92070579528809,"Unknown"
"9004157",371992,2025-06-05 23:39:49,42.3987464904785,-8.92097091674805,"Unknown"
"9004157",371992,2025-06-05 23:44:41,42.3987808227539,-8.9209508895874,"Unknown"
"9004157",371992,2025-06-05 23:49:42,42.3989677429199,-8.92117214202881,"Unknown"
"9004157",371992,2025-06-05 23:54:40,42.3988761901855,-8.92078399658203,"Unknown"
"9004157",371992,2025-06-05 23:59:41,42.3988418579102,-8.92086410522461,"Unknown"
"9004157",371992,2025-06-06 00:04:54,42.3988494873047,-8.92111015319824,"Unknown"
"9004157",371992,2025-06-06 00:09:43,42.398868560791,-8.92101287841797,"Unknown"
"9004157",371992,2025-06-06 00:14:55,42.3988647460938,-8.92102432250977,"Unknown"
"9004157",371992,2025-06-06 00:19:50,42.3988952636719,-8.92097759246826,"Unknown"
"9004157",371992,2025-06-06 00:24:45,42.3988952636719,-8.92108631134033,"Unknown"
"9004157",371992,2025-06-06 00:29:41,42.3988723754883,-8.9210205078125,"Unknown"
"9004157",371992,2025-06-06 00:34:41,42.3988723754883,-8.9208869934082,"Unknown"
"9004157",371992,2025-06-06 00:39:46,42.3989219665527,-8.92120170593262,"Unknown"
"9004157",371992,2025-06-06 00:44:43,42.3989067077637,-8.92127513885498,"Unknown"
"9004157",371992,2025-06-06 00:49:43,42.3990058898926,-8.92115116119385,"Unknown"
"9004157",371992,2025-06-06 00:54:49,42.398998260498,-8.92108821868896,"Unknown"
"9004157",371992,2025-06-06 00:59:42,42.3990898132324,-8.92091751098633,"Unknown"
"9004157",371992,2025-06-06 01:05:35,42.3988838195801,-8.9211311340332,"Unknown"
"9004157",371992,2025-06-06 01:09:49,42.3988571166992,-8.92111492156982,"Unknown"
"9004157",371992,2025-06-06 01:14:48,42.3989143371582,-8.92144203186035,"Unknown"
"9004157",371992,2025-06-06 01:19:48,42.3987922668457,-8.92089939117432,"Unknown"
"9004157",371992,2025-06-06 01:24:55,42.3988380432129,-8.921067237854,"Unknown"
"9004157",371992,2025-06-06 01:29:52,42.3988952636719,-8.92129898071289,"Unknown"
"9004157",371992,2025-06-06 01:34:47,42.3988189697266,-8.92091274261475,"Unknown"
"9004157",371992,2025-06-06 01:40:56,42.3989486694336,-8.92150592803955,"Unknown"
"9004157",371992,2025-06-06 01:44:48,42.3988609313965,-8.92104244232178,"Unknown"
"9004157",371992,2025-06-06 01:49:43,42.3988990783691,-8.92130374908447,"Unknown"
"9004157",371992,2025-06-06 01:54:46,42.3989067077637,-8.92128467559814,"Unknown"
"9004157",371992,2025-06-06 01:59:43,42.3988456726074,-8.92104434967041,"Unknown"
"9004157",371992,2025-06-06 02:04:43,42.3987998962402,-8.92065715789795,"Unknown"
"9004157",371992,2025-06-06 02:09:57,42.3988838195801,-8.92081069946289,"Unknown"
"9004157",371992,2025-06-06 02:14:48,42.3988418579102,-8.92115306854248,"Unknown"
"9004157",371992,2025-06-06 02:20:01,42.3988189697266,-8.92106151580811,"Unknown"
"9004157",371992,2025-06-06 02:25:03,42.3988800048828,-8.92102527618408,"Unknown"
"9004157",371992,2025-06-06 02:29:54,42.3987579345703,-8.92112064361572,"Unknown"
"9004157",371992,2025-06-06 02:34:45,42.3988227844238,-8.92083549499512,"Unknown"
"9004157",371992,2025-06-06 02:39:45,42.3988075256348,-8.92123508453369,"Unknown"
"9004157",371992,2025-06-06 02:44:46,42.3988647460938,-8.92092895507812,"Unknown"
"9004157",371992,2025-06-06 02:49:51,42.3988800048828,-8.92089653015137,"Unknown"
"9004157",371992,2025-06-06 02:54:42,42.3989791870117,-8.92076206207275,"Unknown"
"9004157",371992,2025-06-06 02:59:42,42.3989028930664,-8.92073345184326,"Unknown"
"9004157",371992,2025-06-06 03:04:46,42.3989219665527,-8.92075061798096,"Unknown"
"9004157",371992,2025-06-06 03:09:48,42.3988418579102,-8.92086410522461,"Unknown"
"9004157",371992,2025-06-06 03:16:02,42.3990020751953,-8.92057037353516,"Unknown"
"9004157",371992,2025-06-06 03:21:02,42.3989906311035,-8.92080783843994,"Unknown"
"9004157",371992,2025-06-06 03:24:58,42.3989067077637,-8.92050552368164,"Unknown"
"9004157",371992,2025-06-06 03:29:46,42.3988494873047,-8.9204740524292,"Unknown"
"9004157",371992,2025-06-06 03:34:42,42.3986663818359,-8.92141819000244,"Unknown"
"9004157",371992,2025-06-06 03:39:51,42.3988418579102,-8.92079448699951,"Unknown"
"9004157",371992,2025-06-06 03:45:02,42.3988838195801,-8.9204273223877,"Unknown"
"9004157",371992,2025-06-06 03:49:45,42.398796081543,-8.92034339904785,"Unknown"
"9004157",371992,2025-06-06 03:54:45,42.3988265991211,-8.92055416107178,"Unknown"
"9004157",371992,2025-06-06 03:59:42,42.3986282348633,-8.92014694213867,"Unknown"
"9004157",371992,2025-06-06 04:06:02,42.3990745544434,-8.92072010040283,"Unknown"
"9004157",371992,2025-06-06 04:11:02,42.3991050720215,-8.92067813873291,"Unknown"
"9004157",371992,2025-06-06 04:14:53,42.3989448547363,-8.92089176177979,"Unknown"
"9004157",371992,2025-06-06 04:19:56,42.3990325927734,-8.92083835601807,"Unknown"
"9004157",371992,2025-06-06 04:24:48,42.3990478515625,-8.92087650299072,"Unknown"
"9004157",371992,2025-06-06 04:29:46,42.3991394042969,-8.92100048065186,"Unknown"
"9004157",371992,2025-06-06 04:34:47,42.3990631103516,-8.92078590393066,"Unknown"
"9004157",371992,2025-06-06 04:39:50,42.3990821838379,-8.92084693908691,"Unknown"
"9004157",371992,2025-06-06 04:45:04,42.3990783691406,-8.92087459564209,"Unknown"
"9004157",371992,2025-06-06 04:49:59,42.3991317749023,-8.92081928253174,"Unknown"
"9004157",371992,2025-06-06 04:54:53,42.3990707397461,-8.92107105255127,"Unknown"
"9004157",371992,2025-06-06 04:59:55,42.3990440368652,-8.92091274261475,"Unknown"
"9004157",371992,2025-06-06 05:04:58,42.3990516662598,-8.92092323303223,"Unknown"
"9004157",371992,2025-06-06 05:10:53,42.3989753723145,-8.92085933685303,"Unknown"
"9004157",371992,2025-06-06 05:16:02,42.3990287780762,-8.92048072814941,"Unknown"
"9004157",371992,2025-06-06 05:21:02,42.3987846374512,-8.92111778259277,"Unknown"
"9004157",371992,2025-06-06 05:26:02,42.3990135192871,-8.9209623336792,"Unknown"
"9004157",371992,2025-06-06 05:30:31,42.3989105224609,-8.92149448394775,"Unknown"
"9004157",371992,2025-06-06 05:35:00,42.3987159729004,-8.92186737060547,"Unknown"
"9004157",371992,2025-06-06 05:41:02,42.3988380432129,-8.92120838165283,"Unknown"
"9004157",371992,2025-06-06 05:45:14,42.3988380432129,-8.92111778259277,"Unknown"
"9004157",371992,2025-06-06 05:49:39,42.3988800048828,-8.92108917236328,"Unknown"
"9004157",371992,2025-06-06 05:54:52,42.3988380432129,-8.92095470428467,"Unknown"
"9004157",371992,2025-06-06 05:59:39,42.3988952636719,-8.92108345031738,"Unknown"
"9004157",371992,2025-06-06 06:04:39,42.3988227844238,-8.92096138000488,"Unknown"
"9004157",371992,2025-06-06 06:09:51,42.3991546630859,-8.9215202331543,"Unknown"
"9004157",371992,2025-06-06 06:14:39,42.3989334106445,-8.92106628417969,"Unknown"
"9004157",371992,2025-06-06 06:20:01,42.3990707397461,-8.92137622833252,"Unknown"
"9004157",371992,2025-06-06 06:24:41,42.3988800048828,-8.92094230651855,"Unknown"
"9004157",371992,2025-06-06 06:29:39,42.3989181518555,-8.9209623336792,"Unknown"
"9004157",371992,2025-06-06 06:34:42,42.3988952636719,-8.92129707336426,"Unknown"
"9004157",371992,2025-06-06 06:39:58,42.3988914489746,-8.92106151580811,"Unknown"
"9004157",371992,2025-06-06 06:44:45,42.3988952636719,-8.92101192474365,"Unknown"
"9004157",371992,2025-06-06 06:50:13,42.3990058898926,-8.92145538330078,"Unknown"
"9004157",371992,2025-06-06 06:54:56,42.3989372253418,-8.92145442962646,"Unknown"
"9004157",371992,2025-06-06 06:59:40,42.398868560791,-8.92142581939697,"Unknown"
"9004157",371992,2025-06-06 07:04:53,42.3988838195801,-8.92155933380127,"Unknown"
"9004157",371992,2025-06-06 07:09:48,42.3989639282227,-8.92187213897705,"Unknown"
"9004157",371992,2025-06-06 07:14:47,42.398796081543,-8.92126941680908,"Unknown"
"9004157",371992,2025-06-06 07:20:05,42.3988227844238,-8.9212818145752,"Unknown"
"9004157",371992,2025-06-06 07:24:39,42.3987655639648,-8.92098808288574,"Unknown"
"9004157",371992,2025-06-06 07:34:45,42.3990440368652,-8.92142963409424,"Unknown"
"9004157",371992,2025-06-06 07:39:42,42.3991355895996,-8.92124271392822,"Unknown"
"9004157",371992,2025-06-06 07:44:41,42.3989562988281,-8.92110157012939,"Unknown"
"9004157",371992,2025-06-06 07:54:48,42.4046325683594,-8.91990184783936,"Unknown"
"9004157",371992,2025-06-06 08:04:48,42.493824005127,-8.91029453277588,"Unknown"
"9004157",371992,2025-06-06 08:16:30,42.4959373474121,-8.90480804443359,"Unknown"
"9004157",371992,2025-06-06 08:27:23,42.5067024230957,-8.87288475036621,"Unknown"
"9004157",371992,2025-06-06 08:31:38,42.5072784423828,-8.87145137786865,"Unknown"
"9004157",371992,2025-06-06 08:37:21,42.5070457458496,-8.87236499786377,"Unknown"
"9004157",371992,2025-06-06 08:47:21,42.5074882507324,-8.87054920196533,"Unknown"
"9004157",371992,2025-06-06 08:53:16,42.508674621582,-8.87173461914062,"Unknown"
"9004157",371992,2025-06-06 08:58:42,42.5079002380371,-8.87263202667236,"Unknown"
"9004157",371992,2025-06-06 09:03:47,42.506420135498,-8.87340354919434,"Unknown"
"9004157",371992,2025-06-06 09:09:14,42.5064735412598,-8.8719367980957,"Unknown"
"9004157",371992,2025-06-06 09:14:15,42.5068359375,-8.8724308013916,"Unknown"
"9004157",371992,2025-06-06 09:19:14,42.5066757202148,-8.8725700378418,"Unknown"
"9004157",371992,2025-06-06 09:24:22,42.5071067810059,-8.87416648864746,"Unknown"
"9004157",371992,2025-06-06 09:30:04,42.5074005126953,-8.87508201599121,"Unknown"
"9004157",371992,2025-06-06 09:35:05,42.5069274902344,-8.87421798706055,"Unknown"
"9004157",371992,2025-06-06 09:40:15,42.5067977905273,-8.87284851074219,"Unknown"
"9004157",371992,2025-06-06 09:45:13,42.5062408447266,-8.87206268310547,"Unknown"
"9004157",371992,2025-06-06 09:50:13,42.5058441162109,-8.87365341186523,"Unknown"
"9004157",371992,2025-06-06 09:55:14,42.5058174133301,-8.8734827041626,"Unknown"
"9004157",371992,2025-06-06 10:00:14,42.5050163269043,-8.88042449951172,"Unknown"
"9004157",371992,2025-06-06 10:05:35,42.5048294067383,-8.88068389892578,"Unknown"
"9004157",371992,2025-06-06 10:10:13,42.5047454833984,-8.88066959381104,"Unknown"
"9004157",371992,2025-06-06 10:15:13,42.5047569274902,-8.8806734085083,"Unknown"
"9004157",371992,2025-06-06 10:20:13,42.5049018859863,-8.88081073760986,"Unknown"
"9004157",371992,2025-06-06 10:25:13,42.5048637390137,-8.8808536529541,"Unknown"
"9004157",371992,2025-06-06 10:30:13,42.5049858093262,-8.8809061050415,"Unknown"
"9004157",371992,2025-06-06 10:35:13,42.5046691894531,-8.88100051879883,"Unknown"
"9004157",371992,2025-06-06 10:40:13,42.5047302246094,-8.88088130950928,"Unknown"
"9004157",371992,2025-06-06 10:45:13,42.5048065185547,-8.88088798522949,"Unknown"
"9004157",371992,2025-06-06 10:50:13,42.5046882629395,-8.88089275360107,"Unknown"
"9004157",371992,2025-06-06 10:55:13,42.5048446655273,-8.88086986541748,"Unknown"
"9004157",371992,2025-06-06 11:00:13,42.5048980712891,-8.88160228729248,"Unknown"
"9004157",371992,2025-06-06 11:05:13,42.5049133300781,-8.88150215148926,"Unknown"
"9004157",371992,2025-06-06 11:10:13,42.5048408508301,-8.88156509399414,"Unknown"
"9004157",371992,2025-06-06 11:15:13,42.505012512207,-8.8809175491333,"Unknown"
"9004157",371992,2025-06-06 11:20:13,42.5050811767578,-8.88076305389404,"Unknown"
"9004157",371992,2025-06-06 11:25:13,42.5073585510254,-8.87484741210938,"Unknown"
"9004157",371992,2025-06-06 11:30:47,42.5066528320312,-8.87355899810791,"Unknown"
"9004157",371992,2025-06-06 11:35:47,42.5067825317383,-8.87199592590332,"Unknown"
"9004157",371992,2025-06-06 11:41:07,42.5077743530273,-8.87115383148193,"Unknown"
"9004157",371992,2025-06-06 11:46:07,42.5086669921875,-8.8704662322998,"Unknown"
"9004157",371992,2025-06-06 11:51:14,42.5096244812012,-8.87133121490479,"Unknown"
"9004157",371992,2025-06-06 11:56:53,42.510570526123,-8.87160396575928,"Unknown"
"9004157",371992,2025-06-06 12:01:54,42.5105171203613,-8.87301731109619,"Unknown"
"9004157",371992,2025-06-06 12:07:26,42.5099449157715,-8.87471103668213,"Unknown"
"9004157",371992,2025-06-06 12:13:18,42.5087280273438,-8.87324237823486,"Unknown"
"9004157",371992,2025-06-06 12:18:18,42.5073585510254,-8.87338066101074,"Unknown"
"9004157",371992,2025-06-06 12:23:34,42.5064086914062,-8.87316608428955,"Unknown"
"9004157",371992,2025-06-06 12:28:33,42.5067596435547,-8.87247562408447,"Unknown"
"9004157",371992,2025-06-06 12:33:45,42.5067710876465,-8.87226295471191,"Unknown"
"9004157",371992,2025-06-06 12:38:48,42.5056571960449,-8.87298107147217,"Unknown"
"9004157",371992,2025-06-06 12:44:16,42.5055923461914,-8.87464427947998,"Unknown"
"9004157",371992,2025-06-06 12:49:16,42.5069885253906,-8.87428283691406,"Unknown"
"9004157",371992,2025-06-06 12:54:16,42.5068778991699,-8.8726053237915,"Unknown"
"9004157",371992,2025-06-06 12:59:18,42.5066795349121,-8.87083625793457,"Unknown"
"9004157",371992,2025-06-06 13:04:18,42.5074691772461,-8.8707160949707,"Unknown"
"9004157",371992,2025-06-06 13:09:18,42.5081367492676,-8.87127304077148,"Unknown"
"9004157",371992,2025-06-06 13:14:18,42.5082244873047,-8.87053298950195,"Unknown"
"9004157",371992,2025-06-06 13:20:14,42.507625579834,-8.87044811248779,"Unknown"
"9004157",371992,2025-06-06 13:25:11,42.5070724487305,-8.87106609344482,"Unknown"
"9004157",371992,2025-06-06 13:30:11,42.5077095031738,-8.87151908874512,"Unknown"
"9004157",371992,2025-06-06 13:35:11,42.5073356628418,-8.87373161315918,"Unknown"
"9004157",371992,2025-06-06 13:40:44,42.5071487426758,-8.87594413757324,"Unknown"
"9004157",371992,2025-06-06 13:46:20,42.5054931640625,-8.87670707702637,"Unknown"
"9004157",371992,2025-06-06 13:51:52,42.5049018859863,-8.87701606750488,"Unknown"
"9004157",371992,2025-06-06 13:57:44,42.5045967102051,-8.87561225891113,"Unknown"
"9004157",371992,2025-06-06 14:03:16,42.5049285888672,-8.87460231781006,"Unknown"
"9004157",371992,2025-06-06 14:08:16,42.5057830810547,-8.87522792816162,"Unknown"
"9004157",371992,2025-06-06 14:14:00,42.5047607421875,-8.87537097930908,"Unknown"
"9004157",371992,2025-06-06 14:19:49,42.5047607421875,-8.8750467300415,"Unknown"
"9004157",371992,2025-06-06 14:24:49,42.5052375793457,-8.87460041046143,"Unknown"
"9004157",371992,2025-06-06 14:30:42,42.5061912536621,-8.87465953826904,"Unknown"
"9004157",371992,2025-06-06 14:36:35,42.5059204101562,-8.8772554397583,"Unknown"
"9004157",371992,2025-06-06 14:41:57,42.5047721862793,-8.87967300415039,"Unknown"
"9004157",371992,2025-06-06 14:46:33,42.5052757263184,-8.87998580932617,"Unknown"
"9004157",371992,2025-06-06 14:51:33,42.505313873291,-8.87991809844971,"Unknown"
"9004157",371992,2025-06-06 14:56:34,42.5071411132812,-8.88591289520264,"Unknown"
"9004157",371992,2025-06-06 15:01:34,42.5090484619141,-8.88632774353027,"Unknown"
"9004157",371992,2025-06-06 15:06:37,42.5072059631348,-8.88763618469238,"Unknown"
"9004157",371992,2025-06-06 15:11:58,42.5078811645508,-8.88790988922119,"Unknown"
"9004157",371992,2025-06-06 15:17:04,42.508056640625,-8.88753795623779,"Unknown"
"9004157",371992,2025-06-06 15:22:28,42.5079765319824,-8.88895606994629,"Unknown"
"9004157",371992,2025-06-06 15:27:28,42.5078239440918,-8.88753890991211,"Unknown"
"9004157",371992,2025-06-06 15:32:28,42.5068054199219,-8.88701629638672,"Unknown"
"9004157",371992,2025-06-06 15:37:29,42.5066604614258,-8.88667964935303,"Unknown"
"9004157",371992,2025-06-06 15:42:49,42.5064315795898,-8.88580417633057,"Unknown"
"9004157",371992,2025-06-06 15:49:07,42.5065155029297,-8.88323879241943,"Unknown"
"9004157",371992,2025-06-06 15:56:59,42.506721496582,-8.88202476501465,"Unknown"
"9004157",371992,2025-06-06 16:02:07,42.5061798095703,-8.88119029998779,"Unknown"
"9004157",371992,2025-06-06 16:08:22,42.5059242248535,-8.88070678710938,"Unknown"
"9004157",371992,2025-06-06 16:13:54,42.5055389404297,-8.88243198394775,"Unknown"
"9004157",371992,2025-06-06 16:21:20,42.5055847167969,-8.88638687133789,"Unknown"
"9004157",371992,2025-06-06 16:27:26,42.5051307678223,-8.88809776306152,"Unknown"
"9004157",371992,2025-06-06 16:32:30,42.5047492980957,-8.88849925994873,"Unknown"
"9004157",371992,2025-06-06 16:37:28,42.504711151123,-8.88851833343506,"Unknown"
"9004157",371992,2025-06-06 16:42:45,42.5044174194336,-8.88881206512451,"Unknown"
"9004157",371992,2025-06-06 16:47:24,42.5045051574707,-8.88883209228516,"Unknown"
"9004157",371992,2025-06-06 17:02:57,42.5045623779297,-8.88863372802734,"Unknown"
"9004157",371992,2025-06-06 17:07:55,42.5045700073242,-8.88855171203613,"Unknown"
"9004157",371992,2025-06-06 17:12:56,42.5045700073242,-8.88879203796387,"Unknown"
"9004157",371992,2025-06-06 17:17:55,42.5045509338379,-8.8885555267334,"Unknown"
"9004157",371992,2025-06-06 17:22:55,42.5044860839844,-8.8887243270874,"Unknown"
"9004157",371992,2025-06-06 17:27:55,42.5044898986816,-8.88875198364258,"Unknown"
"9004157",371992,2025-06-06 17:33:29,42.5055465698242,-8.88755035400391,"Unknown"
"9004157",371992,2025-06-06 17:37:54,42.5061416625977,-8.88597106933594,"Unknown"
"9004157",371992,2025-06-06 17:42:55,42.5065536499023,-8.88482570648193,"Unknown"
"9004157",371992,2025-06-06 17:48:16,42.5075340270996,-8.88228797912598,"Unknown"
"9004157",371992,2025-06-06 17:53:40,42.5079612731934,-8.87934398651123,"Unknown"
"9004157",371992,2025-06-06 17:59:01,42.5070991516113,-8.87674522399902,"Unknown"
"9004157",371992,2025-06-06 18:04:22,42.5069885253906,-8.87451934814453,"Unknown"
"9004157",371992,2025-06-06 18:09:29,42.5057907104492,-8.87341499328613,"Unknown"
"9004157",371992,2025-06-06 18:14:32,42.5065879821777,-8.87401485443115,"Unknown"
"9004157",371992,2025-06-06 18:19:46,42.5068130493164,-8.87439155578613,"Unknown"
"9004157",371992,2025-06-06 18:24:59,42.5053520202637,-8.87550449371338,"Unknown"
"9004157",371992,2025-06-06 18:30:07,42.5041160583496,-8.8770580291748,"Unknown"
"9004157",371992,2025-06-06 18:34:59,42.4909133911133,-8.90590858459473,"Unknown"
"9004157",371992,2025-06-06 18:39:59,42.4805679321289,-8.93638801574707,"Unknown"
"9004157",371992,2025-06-06 18:44:59,42.4805030822754,-8.93630981445312,"Unknown"
"9004157",371992,2025-06-06 18:49:59,42.4804840087891,-8.93639659881592,"Unknown"
"9004157",371992,2025-06-06 18:54:58,42.4804000854492,-8.93632125854492,"Unknown"
"9004157",371992,2025-06-06 18:59:59,42.4804267883301,-8.93640041351318,"Unknown"
"9004157",371992,2025-06-06 19:04:59,42.4804763793945,-8.93640995025635,"Unknown"
"9004157",371992,2025-06-06 19:09:59,42.4799575805664,-8.9374885559082,"Unknown"
"9004157",371992,2025-06-06 19:14:59,42.4661979675293,-8.94603061676025,"Unknown"
"9004157",371992,2025-06-06 19:19:59,42.4272613525391,-8.94465637207031,"Unknown"
"9004157",371992,2025-06-06 19:25:00,42.399055480957,-8.92143154144287,"Unknown"
"9004157",371992,2025-06-06 19:29:59,42.3989753723145,-8.92132186889648,"Unknown"
"9004157",371992,2025-06-06 19:35:00,42.3990364074707,-8.92146968841553,"Unknown"
"9004157",371992,2025-06-06 19:40:02,42.3990211486816,-8.92148303985596,"Unknown"
"9004157",371992,2025-06-06 19:45:02,42.3990440368652,-8.92141151428223,"Unknown"
"9004157",371992,2025-06-06 19:50:00,42.3990020751953,-8.92137432098389,"Unknown"
"9004157",371992,2025-06-06 19:55:01,42.3988227844238,-8.9213752746582,"Unknown"
"9004157",371992,2025-06-06 20:00:01,42.3989448547363,-8.92124557495117,"Unknown"
"9004157",371992,2025-06-06 20:05:02,42.3989295959473,-8.92136478424072,"Unknown"
"9004157",371992,2025-06-06 20:09:59,42.3982315063477,-8.92183494567871,"Unknown"
"9004157",371992,2025-06-06 20:15:05,42.3989524841309,-8.92118358612061,"Unknown"
"9004157",371992,2025-06-06 20:20:20,42.3989868164062,-8.92154979705811,"Unknown"
"9004157",371992,2025-06-06 20:25:06,42.3990249633789,-8.92128276824951,"Unknown"
"9004157",371992,2025-06-06 20:30:04,42.3989868164062,-8.92144107818604,"Unknown"
"9004157",371992,2025-06-06 20:35:01,42.3987998962402,-8.92120361328125,"Unknown"
"9004157",371992,2025-06-06 20:40:01,42.3986549377441,-8.92144393920898,"Unknown"
"9004157",371992,2025-06-06 20:45:02,42.3990211486816,-8.92115211486816,"Unknown"
"9004157",371992,2025-06-06 20:50:16,42.3989677429199,-8.92094707489014,"Unknown"
"9004157",371992,2025-06-06 20:55:02,42.3990516662598,-8.92059707641602,"Unknown"
"9004157",371992,2025-06-06 21:00:07,42.3990364074707,-8.92068386077881,"Unknown"
"9004157",371992,2025-06-06 21:05:11,42.3989181518555,-8.92035675048828,"Unknown"
"9004157",371992,2025-06-06 21:10:19,42.3991203308105,-8.92085838317871,"Unknown"
"9004157",371992,2025-06-06 21:15:02,42.3990745544434,-8.92036914825439,"Unknown"
"9004157",371992,2025-06-06 21:20:01,42.3990058898926,-8.92062664031982,"Unknown"
"9004157",371992,2025-06-06 21:25:04,42.3991394042969,-8.92047595977783,"Unknown"
"9004157",371992,2025-06-06 21:30:04,42.3988952636719,-8.92145442962646,"Unknown"
"9004157",371992,2025-06-06 21:35:01,42.3992004394531,-8.9205904006958,"Unknown"
"9004157",371992,2025-06-06 21:40:02,42.3988952636719,-8.92117309570312,"Unknown"
"9004157",371992,2025-06-06 21:45:04,42.3994598388672,-8.92079162597656,"Unknown"
"9004157",371992,2025-06-06 21:50:11,42.3993530273438,-8.92082023620605,"Unknown"
"9004157",371992,2025-06-06 21:56:22,42.3989028930664,-8.92111778259277,"Unknown"
"9004157",371992,2025-06-06 22:00:15,42.3990058898926,-8.92168617248535,"Unknown"
"9004157",371992,2025-06-06 22:05:00,42.3987922668457,-8.92109775543213,"Unknown"
"9004157",371992,2025-06-06 22:10:02,42.3987617492676,-8.92107963562012,"Unknown"
"9004157",371992,2025-06-06 22:15:38,42.398754119873,-8.92091178894043,"Unknown"
"9004157",371992,2025-06-06 22:21:22,42.3987464904785,-8.92095947265625,"Unknown"
"9004157",371992,2025-06-06 22:24:59,42.3987579345703,-8.92106819152832,"Unknown"
"9004157",371992,2025-06-06 22:30:05,42.3988647460938,-8.92107486724854,"Unknown"
"9004157",371992,2025-06-06 22:35:05,42.3988876342773,-8.92120933532715,"Unknown"
"9004157",371992,2025-06-06 22:40:06,42.3989372253418,-8.92111587524414,"Unknown"
"9004157",371992,2025-06-06 22:45:01,42.3989372253418,-8.92111968994141,"Unknown"
"9004157",371992,2025-06-06 22:50:13,42.3989601135254,-8.92123794555664,"Unknown"
"9004157",371992,2025-06-06 22:55:05,42.3989753723145,-8.92118835449219,"Unknown"
"9004157",371992,2025-06-06 23:00:05,42.3988990783691,-8.92122745513916,"Unknown"
"9004157",371992,2025-06-06 23:05:02,42.39892578125,-8.921142578125,"Unknown"
"9004157",371992,2025-06-06 23:10:02,42.3989181518555,-8.92113399505615,"Unknown"
"9004157",371992,2025-06-06 23:15:00,42.3988990783691,-8.9210205078125,"Unknown"
"9004157",371992,2025-06-06 23:20:00,42.3988990783691,-8.92128658294678,"Unknown"
"9004157",371992,2025-06-06 23:25:00,42.3988761901855,-8.92091083526611,"Unknown"
"9004157",371992,2025-06-06 23:30:00,42.3988838195801,-8.92093467712402,"Unknown"
"9004157",371992,2025-06-06 23:35:24,42.3988838195801,-8.92112827301025,"Unknown"
"9004157",371992,2025-06-06 23:40:30,42.3988914489746,-8.92122745513916,"Unknown"
"9004157",371992,2025-06-06 23:45:02,42.3988876342773,-8.92119979858398,"Unknown"
"9004157",371992,2025-06-06 23:50:02,42.3988952636719,-8.9209566116333,"Unknown"
"9004157",371992,2025-06-06 23:55:06,42.3988914489746,-8.9209098815918,"Unknown"
"9004157",371992,2025-06-07 00:00:05,42.3989028930664,-8.92097187042236,"Unknown"
"9004157",371992,2025-06-07 00:05:14,42.3988838195801,-8.92080497741699,"Unknown"
"9004157",371992,2025-06-07 00:10:01,42.3988800048828,-8.92071342468262,"Unknown"
"9004157",371992,2025-06-07 00:15:08,42.3988571166992,-8.92107391357422,"Unknown"
"9004157",371992,2025-06-07 00:20:13,42.3988800048828,-8.9206075668335,"Unknown"
"9004157",371992,2025-06-07 00:26:22,42.398868560791,-8.92092323303223,"Unknown"
"9004157",371992,2025-06-07 00:31:22,42.398868560791,-8.9209566116333,"Unknown"
"9004157",371992,2025-06-07 00:35:00,42.3988609313965,-8.92121601104736,"Unknown"
"9004157",371992,2025-06-07 00:40:00,42.3988609313965,-8.92135238647461,"Unknown"
"9004157",371992,2025-06-07 00:45:00,42.3989105224609,-8.92075347900391,"Unknown"
"9004157",371992,2025-06-07 00:50:29,42.3989143371582,-8.92102241516113,"Unknown"
"9004157",371992,2025-06-07 00:55:07,42.398868560791,-8.9211893081665,"Unknown"
"9004157",371992,2025-06-07 01:00:04,42.39892578125,-8.92108726501465,"Unknown"
"9004157",371992,2025-06-07 01:05:19,42.3988990783691,-8.92104625701904,"Unknown"
"9004157",371992,2025-06-07 01:11:22,42.3989868164062,-8.92096710205078,"Unknown"
"9004157",371992,2025-06-07 01:16:22,42.3990325927734,-8.9210090637207,"Unknown"
"9004157",371992,2025-06-07 01:21:22,42.3992538452148,-8.92207622528076,"Unknown"
"9004157",371992,2025-06-07 01:26:07,42.3990936279297,-8.92140769958496,"Unknown"
"9004157",371992,2025-06-07 01:31:22,42.3989906311035,-8.92097949981689,"Unknown"
"9004157",371992,2025-06-07 01:36:22,42.3990287780762,-8.9210319519043,"Unknown"
"9004157",371992,2025-06-07 01:41:22,42.3990173339844,-8.92099189758301,"Unknown"
"9004157",371992,2025-06-07 01:45:14,42.3990097045898,-8.92099857330322,"Unknown"
"9004157",371992,2025-06-07 01:50:27,42.3990020751953,-8.92087554931641,"Unknown"
"9004157",371992,2025-06-07 01:55:23,42.3989944458008,-8.92078113555908,"Unknown"
"9004157",371992,2025-06-07 02:00:07,42.3989372253418,-8.92089176177979,"Unknown"
"9004157",371992,2025-06-07 02:05:02,42.3990135192871,-8.92103004455566,"Unknown"
"9004157",371992,2025-06-07 02:10:15,42.3989295959473,-8.92089366912842,"Unknown"
"9004157",371992,2025-06-07 02:15:44,42.3989486694336,-8.92066192626953,"Unknown"
"9004157",371992,2025-06-07 02:21:22,42.3989601135254,-8.92068004608154,"Unknown"
"9004157",371992,2025-06-07 02:26:22,42.3988990783691,-8.92067432403564,"Unknown"
"9004157",371992,2025-06-07 02:30:53,42.3988990783691,-8.920654296875,"Unknown"
"9004157",371992,2025-06-07 02:35:07,42.3988723754883,-8.92063522338867,"Unknown"
"9004157",371992,2025-06-07 02:40:02,42.3988990783691,-8.92100715637207,"Unknown"
"9004157",371992,2025-06-07 02:45:12,42.3989219665527,-8.92081260681152,"Unknown"
"9004157",371992,2025-06-07 02:50:03,42.3989868164062,-8.92037010192871,"Unknown"
"9004157",371992,2025-06-07 02:55:09,42.3988418579102,-8.92103958129883,"Unknown"
"9004157",371992,2025-06-07 03:00:07,42.3988342285156,-8.92116260528564,"Unknown"
"9004157",371992,2025-06-07 03:05:10,42.3989372253418,-8.92071723937988,"Unknown"
"9004157",371992,2025-06-07 03:10:30,42.3988571166992,-8.92117023468018,"Unknown"
"9004157",371992,2025-06-07 03:15:10,42.3989906311035,-8.9207010269165,"Unknown"
"9004157",371992,2025-06-07 03:20:53,42.3989448547363,-8.9206600189209,"Unknown"
"9004157",371992,2025-06-07 03:26:22,42.3989067077637,-8.92068004608154,"Unknown"
"9004157",371992,2025-06-07 03:30:17,42.3988723754883,-8.92096900939941,"Unknown"
"9004157",371992,2025-06-07 03:35:14,42.3988723754883,-8.92088603973389,"Unknown"
"9004157",371992,2025-06-07 03:40:04,42.3988227844238,-8.92077922821045,"Unknown"
"9004157",371992,2025-06-07 03:45:04,42.398868560791,-8.92081451416016,"Unknown"
"9004157",371992,2025-06-07 03:50:02,42.3988380432129,-8.92047786712646,"Unknown"
"9004157",371992,2025-06-07 03:55:05,42.3988304138184,-8.92068481445312,"Unknown"
"9004157",371992,2025-06-07 04:01:22,42.3989562988281,-8.92086315155029,"Unknown"
"9004157",371992,2025-06-07 04:06:22,42.3991966247559,-8.92066097259521,"Unknown"
"9004157",371992,2025-06-07 04:10:15,42.3990669250488,-8.9210319519043,"Unknown"
"9004157",371992,2025-06-07 04:15:27,42.3989715576172,-8.92096996307373,"Unknown"
"9004157",371992,2025-06-07 04:20:57,42.3990287780762,-8.92082977294922,"Unknown"
"9004157",371992,2025-06-07 04:25:25,42.3983993530273,-8.92132186889648,"Unknown"
"9004157",371992,2025-06-07 04:30:08,42.399040222168,-8.92100715637207,"Unknown"
"9004157",371992,2025-06-07 04:35:04,42.3989601135254,-8.9209566116333,"Unknown"
"9004157",371992,2025-06-07 04:40:06,42.3990859985352,-8.92111110687256,"Unknown"
"9004157",371992,2025-06-07 04:45:00,42.3975524902344,-8.92087459564209,"Unknown"
"9004157",371992,2025-06-07 04:50:03,42.3977432250977,-8.92026138305664,"Unknown"
"9004157",371992,2025-06-07 04:55:00,42.3977432250977,-8.92001533508301,"Unknown"
"9004157",371992,2025-06-07 04:59:59,42.3975028991699,-8.92064762115479,"Unknown"
"9004157",371992,2025-06-07 05:05:54,42.3975296020508,-8.92064476013184,"Unknown"
"9004157",371992,2025-06-07 05:10:09,42.3975944519043,-8.92068767547607,"Unknown"
"9004157",371992,2025-06-07 05:15:05,42.397575378418,-8.92065048217773,"Unknown"
"9004157",371992,2025-06-07 05:20:09,42.3974685668945,-8.92059803009033,"Unknown"
"9004157",371992,2025-06-07 05:25:14,42.3974723815918,-8.92064094543457,"Unknown"
"9004157",371992,2025-06-07 05:30:07,42.3976364135742,-8.92058181762695,"Unknown"
"9004157",371992,2025-06-07 05:35:29,42.3975524902344,-8.92055416107178,"Unknown"
"9004157",371992,2025-06-07 05:40:02,42.3974456787109,-8.92056274414062,"Unknown"
"9004157",371992,2025-06-07 05:45:03,42.3974800109863,-8.92070960998535,"Unknown"
"9004157",371992,2025-06-07 05:50:07,42.3974647521973,-8.92072868347168,"Unknown"
"9004157",371992,2025-06-07 05:55:16,42.3974189758301,-8.92086410522461,"Unknown"
"9004157",371992,2025-06-07 06:00:12,42.397705078125,-8.92063617706299,"Unknown"
"9004157",371992,2025-06-07 06:05:15,42.3976593017578,-8.92048358917236,"Unknown"
"9004157",371992,2025-06-07 06:10:04,42.3974685668945,-8.92147922515869,"Unknown"
"9004157",371992,2025-06-07 06:15:07,42.3976020812988,-8.92077159881592,"Unknown"
"9004157",371992,2025-06-07 06:20:16,42.3976593017578,-8.92102336883545,"Unknown"
"9004157",371992,2025-06-07 06:24:58,42.397834777832,-8.92122364044189,"Unknown"
"9004157",371992,2025-06-07 06:30:11,42.3976936340332,-8.92143726348877,"Unknown"
"9004157",371992,2025-06-07 06:35:00,42.3978614807129,-8.92145919799805,"Unknown"
"9004157",371992,2025-06-07 06:40:01,42.3978118896484,-8.92123317718506,"Unknown"
"9004157",371992,2025-06-07 06:45:02,42.3978576660156,-8.92153358459473,"Unknown"
"9004157",371992,2025-06-07 06:50:01,42.3978004455566,-8.9213171005249,"Unknown"
"9004157",371992,2025-06-07 06:55:05,42.397819519043,-8.92128753662109,"Unknown"
"9004157",371992,2025-06-07 07:00:01,42.3978462219238,-8.92132759094238,"Unknown"
"9004157",371992,2025-06-07 07:05:00,42.3978233337402,-8.9216365814209,"Unknown"
"9004157",371992,2025-06-07 07:10:07,42.3978576660156,-8.92113780975342,"Unknown"
"9004157",371992,2025-06-07 07:15:07,42.3978996276855,-8.92107391357422,"Unknown"
"9004157",371992,2025-06-07 07:20:02,42.3976020812988,-8.91655349731445,"Unknown"
"9004157",371992,2025-06-07 07:25:00,42.3954811096191,-8.90667057037354,"Unknown"
"9004157",371992,2025-06-07 07:30:01,42.3960800170898,-8.90443325042725,"Unknown"
"9004157",371992,2025-06-07 07:35:32,42.3969573974609,-8.89689064025879,"Unknown"
"9004157",371992,2025-06-07 07:40:30,42.434814453125,-8.90959453582764,"Unknown"
"9004157",371992,2025-06-07 07:45:22,42.4681015014648,-8.94136428833008,"Unknown"
"9004157",371992,2025-06-07 07:50:22,42.4999313354492,-8.89806079864502,"Unknown"
"9004157",371992,2025-06-07 07:55:26,42.5076141357422,-8.87434482574463,"Unknown"
"9004157",371992,2025-06-07 08:00:29,42.506893157959,-8.87225246429443,"Unknown"
"9004157",371992,2025-06-07 08:05:28,42.5064811706543,-8.87074565887451,"Unknown"
"9004157",371992,2025-06-07 08:10:25,42.5068206787109,-8.87195110321045,"Unknown"
"9004157",371992,2025-06-07 08:15:33,42.5061912536621,-8.87359619140625,"Unknown"
"9004157",371992,2025-06-07 08:21:13,42.5066947937012,-8.87219142913818,"Unknown"
"9004157",371992,2025-06-07 08:27:51,42.5079231262207,-8.87174415588379,"Unknown"
"9004157",371992,2025-06-07 08:33:01,42.5089569091797,-8.87037181854248,"Unknown"
"9004157",371992,2025-06-07 08:38:07,42.5086975097656,-8.87164974212646,"Unknown"
"9004157",371992,2025-06-07 08:43:31,42.5068969726562,-8.87112617492676,"Unknown"
"9004157",371992,2025-06-07 08:49:01,42.506965637207,-8.870436668396,"Unknown"
"9004157",371992,2025-06-07 08:54:00,42.5078392028809,-8.86960029602051,"Unknown"
"9004157",371992,2025-06-07 08:59:01,42.5172500610352,-8.86800289154053,"Unknown"
"9004157",371992,2025-06-07 09:04:03,42.517578125,-8.86819076538086,"Unknown"
"9004157",371992,2025-06-07 09:09:01,42.517261505127,-8.8679141998291,"Unknown"
"9004157",371992,2025-06-07 09:14:00,42.517162322998,-8.86774349212646,"Unknown"
"9004157",371992,2025-06-07 09:19:01,42.517261505127,-8.86776924133301,"Unknown"
"9004157",371992,2025-06-07 09:24:00,42.5170936584473,-8.86744403839111,"Unknown"
"9004157",371992,2025-06-07 09:29:00,42.5173187255859,-8.86801815032959,"Unknown"
"9004157",371992,2025-06-07 09:34:01,42.5174179077148,-8.86805629730225,"Unknown"
"9004157",371992,2025-06-07 09:39:03,42.5175361633301,-8.86831760406494,"Unknown"
"9004157",371992,2025-06-07 09:44:06,42.5175285339355,-8.86827373504639,"Unknown"
"9004157",371992,2025-06-07 09:49:06,42.5175094604492,-8.86824512481689,"Unknown"
"9004157",371992,2025-06-07 09:54:33,42.5176010131836,-8.86719036102295,"Unknown"
"9004157",371992,2025-06-07 09:59:58,42.5177345275879,-8.85969543457031,"Unknown"
"9004157",371992,2025-06-07 10:05:17,42.5177764892578,-8.85756492614746,"Unknown"
"9004157",371992,2025-06-07 10:11:08,42.518627166748,-8.85598468780518,"Unknown"
"9004157",371992,2025-06-07 10:16:27,42.5180435180664,-8.8569393157959,"Unknown"
"9004157",371992,2025-06-07 10:23:16,42.5167770385742,-8.85722923278809,"Unknown"
"9004157",371992,2025-06-07 10:28:30,42.5151863098145,-8.8574047088623,"Unknown"
"9004157",371992,2025-06-07 10:34:27,42.5133438110352,-8.85782146453857,"Unknown"
"9004157",371992,2025-06-07 10:39:36,42.5123596191406,-8.85868453979492,"Unknown"
"9004157",371992,2025-06-07 10:44:14,42.5123710632324,-8.85845184326172,"Unknown"
"9004157",371992,2025-06-07 10:49:35,42.5124931335449,-8.85880184173584,"Unknown"
"9004157",371992,2025-06-07 10:54:12,42.512508392334,-8.85880947113037,"Unknown"
"9004157",371992,2025-06-07 10:59:12,42.5123443603516,-8.85894966125488,"Unknown"
"9004157",371992,2025-06-07 11:04:16,42.5124397277832,-8.85891723632812,"Unknown"
"9004157",371992,2025-06-07 11:09:14,42.5124244689941,-8.85885143280029,"Unknown"
"9004157",371992,2025-06-07 11:14:14,42.5123023986816,-8.85894203186035,"Unknown"
"9004157",371992,2025-06-07 11:19:35,42.5124549865723,-8.85886764526367,"Unknown"
"9004157",371992,2025-06-07 11:24:12,42.5124588012695,-8.85891819000244,"Unknown"
"9004157",371992,2025-06-07 11:29:12,42.5124473571777,-8.85892963409424,"Unknown"
"9004157",371992,2025-06-07 11:34:12,42.5124626159668,-8.85890674591064,"Unknown"
"9004157",371992,2025-06-07 11:39:12,42.5124397277832,-8.85890865325928,"Unknown"
"9004157",371992,2025-06-07 11:44:12,42.5124244689941,-8.85888957977295,"Unknown"
"9004157",371992,2025-06-07 11:49:12,42.5124931335449,-8.8589391708374,"Unknown"
"9004157",371992,2025-06-07 11:54:11,42.5124664306641,-8.85890102386475,"Unknown"
"9004157",371992,2025-06-07 11:59:12,42.5124397277832,-8.85894298553467,"Unknown"
"9004157",371992,2025-06-07 12:04:11,42.5124397277832,-8.85877513885498,"Unknown"
"9004157",371992,2025-06-07 12:09:15,42.5108985900879,-8.86267566680908,"Unknown"
"9004157",371992,2025-06-07 12:14:33,42.5099411010742,-8.86128711700439,"Unknown"
"9004157",371992,2025-06-07 12:20:00,42.5105361938477,-8.86011505126953,"Unknown"
"9004157",371992,2025-06-07 12:25:41,42.5110130310059,-8.85943222045898,"Unknown"
"9004157",371992,2025-06-07 12:30:40,42.5102844238281,-8.85982227325439,"Unknown"
"9004157",371992,2025-06-07 12:36:18,42.5110816955566,-8.86048030853271,"Unknown"
"9004157",371992,2025-06-07 12:41:47,42.5112228393555,-8.86173534393311,"Unknown"
"9004157",371992,2025-06-07 12:46:47,42.511287689209,-8.86007976531982,"Unknown"
"9004157",371992,2025-06-07 12:52:05,42.5124816894531,-8.85905361175537,"Unknown"
"9004157",371992,2025-06-07 12:56:47,42.5124664306641,-8.85908031463623,"Unknown"
"9004157",371992,2025-06-07 13:01:47,42.5124931335449,-8.859130859375,"Unknown"
"9004157",371992,2025-06-07 13:07:14,42.5125045776367,-8.85908603668213,"Unknown"
"9004157",371992,2025-06-07 13:11:47,42.5124053955078,-8.85907745361328,"Unknown"
"9004157",371992,2025-06-07 13:16:47,42.5124092102051,-8.85907936096191,"Unknown"
"9004157",371992,2025-06-07 13:21:47,42.5124855041504,-8.85914897918701,"Unknown"
"9004157",371992,2025-06-07 13:26:47,42.5125274658203,-8.8590784072876,"Unknown"
"9004157",371992,2025-06-07 13:31:47,42.512508392334,-8.85905647277832,"Unknown"
"9004157",371992,2025-06-07 13:36:47,42.5124282836914,-8.859055519104,"Unknown"
"9004157",371992,2025-06-07 13:41:47,42.5125198364258,-8.85905456542969,"Unknown"
"9004157",371992,2025-06-07 13:46:47,42.5124816894531,-8.85907459259033,"Unknown"
"9004157",371992,2025-06-07 13:51:47,42.5125465393066,-8.85895252227783,"Unknown"
"9004157",371992,2025-06-07 13:56:47,42.5125617980957,-8.85897350311279,"Unknown"
"9004157",371992,2025-06-07 14:02:14,42.5125541687012,-8.85904502868652,"Unknown"
"9004157",371992,2025-06-07 14:06:48,42.5125999450684,-8.85910320281982,"Unknown"
"9004157",371992,2025-06-07 14:11:48,42.5124015808105,-8.85911750793457,"Unknown"
"9004157",371992,2025-06-07 14:17:25,42.5101165771484,-8.86124420166016,"Unknown"
"9004157",371992,2025-06-07 14:22:51,42.5096855163574,-8.86044216156006,"Unknown"
"9004157",371992,2025-06-07 14:28:13,42.5101356506348,-8.86008262634277,"Unknown"
"9004157",371992,2025-06-07 14:33:57,42.5101127624512,-8.85896873474121,"Unknown"
"9004157",371992,2025-06-07 14:39:05,42.5098609924316,-8.86101722717285,"Unknown"
"9004157",371992,2025-06-07 14:44:51,42.5107917785645,-8.86200714111328,"Unknown"
"9004157",371992,2025-06-07 14:50:35,42.5119361877441,-8.86185455322266,"Unknown"
"9004157",371992,2025-06-07 14:55:46,42.5113334655762,-8.85985279083252,"Unknown"
"9004157",371992,2025-06-07 15:01:48,42.5103073120117,-8.86223602294922,"Unknown"
"9004157",371992,2025-06-07 15:07:04,42.5094985961914,-8.86343383789062,"Unknown"
"9004157",371992,2025-06-07 15:12:30,42.5094261169434,-8.86523628234863,"Unknown"
"9004157",371992,2025-06-07 15:17:14,42.5070495605469,-8.87273788452148,"Unknown"
"9004157",371992,2025-06-07 15:22:14,42.5049896240234,-8.87992000579834,"Unknown"
"9004157",371992,2025-06-07 15:27:13,42.5049743652344,-8.8798131942749,"Unknown"
"9004157",371992,2025-06-07 15:32:16,42.5049896240234,-8.88045501708984,"Unknown"
"9004157",371992,2025-06-07 15:37:14,42.5050468444824,-8.87985229492188,"Unknown"
"9004157",371992,2025-06-07 15:42:16,42.5050354003906,-8.87992382049561,"Unknown"
"9004157",371992,2025-06-07 15:47:28,42.5052032470703,-8.88013744354248,"Unknown"
"9004157",371992,2025-06-07 15:52:35,42.5051078796387,-8.88032054901123,"Unknown"
"9004157",371992,2025-06-07 15:57:13,42.504940032959,-8.88109874725342,"Unknown"
"9004157",371992,2025-06-07 16:02:14,42.5049362182617,-8.88083839416504,"Unknown"
"9004157",371992,2025-06-07 16:07:13,42.5049133300781,-8.88082122802734,"Unknown"
"9004157",371992,2025-06-07 16:12:13,42.504997253418,-8.88077640533447,"Unknown"
"9004157",371992,2025-06-07 16:17:14,42.5049896240234,-8.8806037902832,"Unknown"
"9004157",371992,2025-06-07 16:22:13,42.5050735473633,-8.88045501708984,"Unknown"
"9004157",371992,2025-06-07 16:27:13,42.5050201416016,-8.88064956665039,"Unknown"
"9004157",371992,2025-06-07 16:32:35,42.5050659179688,-8.88051891326904,"Unknown"
"9004157",371992,2025-06-07 16:37:52,42.507080078125,-8.87466526031494,"Unknown"
"9004157",371992,2025-06-07 16:42:54,42.5057792663574,-8.87321662902832,"Unknown"
"9004157",371992,2025-06-07 16:47:56,42.5069808959961,-8.87205696105957,"Unknown"
"9004157",371992,2025-06-07 16:52:59,42.5077247619629,-8.87157344818115,"Unknown"
"9004157",371992,2025-06-07 16:57:59,42.5086250305176,-8.87049961090088,"Unknown"
"9004157",371992,2025-06-07 17:03:38,42.5075035095215,-8.87051296234131,"Unknown"
"9004157",371992,2025-06-07 17:08:51,42.5083351135254,-8.87074565887451,"Unknown"
"9004157",371992,2025-06-07 17:13:53,42.5087928771973,-8.86967849731445,"Unknown"
"9004157",371992,2025-06-07 17:19:21,42.5077629089355,-8.87112236022949,"Unknown"
"9004157",371992,2025-06-07 17:24:48,42.5077438354492,-8.8732852935791,"Unknown"
"9004157",371992,2025-06-07 17:30:20,42.5065498352051,-8.87522315979004,"Unknown"
"9004157",371992,2025-06-07 17:35:35,42.5067443847656,-8.8740348815918,"Unknown"
"9004157",371992,2025-06-07 17:41:20,42.5077934265137,-8.87229633331299,"Unknown"
"9004157",371992,2025-06-07 17:46:59,42.5084342956543,-8.87054538726807,"Unknown"
"9004157",371992,2025-06-07 17:57:25,42.5079460144043,-8.87100696563721,"Unknown"
"9004157",371992,2025-06-07 18:02:45,42.5067024230957,-8.87228775024414,"Unknown"
"9004157",371992,2025-06-07 18:08:31,42.5057563781738,-8.8747615814209,"Unknown"
"9004157",371992,2025-06-07 18:14:14,42.5046157836914,-8.87741851806641,"Unknown"
"9004157",371992,2025-06-07 18:19:11,42.5013542175293,-8.89237022399902,"Unknown"
"9004157",371992,2025-06-07 18:24:11,42.4809646606445,-8.92790508270264,"Unknown"
"9004157",371992,2025-06-07 18:29:11,42.4459075927734,-8.9397611618042,"Unknown"
"9004157",371992,2025-06-07 18:34:11,42.3988456726074,-8.92387771606445,"Unknown"
"9004157",371992,2025-06-07 18:39:13,42.3990516662598,-8.92123031616211,"Unknown"
"9004157",371992,2025-06-07 18:44:13,42.3990173339844,-8.92135906219482,"Unknown"
"9004157",371992,2025-06-07 18:49:17,42.3990631103516,-8.9213981628418,"Unknown"
"9004157",371992,2025-06-07 18:54:18,42.3990249633789,-8.92137145996094,"Unknown"
"9004157",371992,2025-06-07 18:59:13,42.3989868164062,-8.92126274108887,"Unknown"
"9004157",371992,2025-06-07 19:04:13,42.3990936279297,-8.92144584655762,"Unknown"
"9004157",371992,2025-06-07 19:09:16,42.3990745544434,-8.92139625549316,"Unknown"
"9004157",371992,2025-06-07 19:14:16,42.3991889953613,-8.92131423950195,"Unknown"
"9004157",371992,2025-06-07 19:19:18,42.3989791870117,-8.92147636413574,"Unknown"
"9004157",371992,2025-06-07 19:24:34,42.3989028930664,-8.92124938964844,"Unknown"
"9004157",371992,2025-06-07 19:29:11,42.3988647460938,-8.92146682739258,"Unknown"
"9004157",371992,2025-06-07 19:34:11,42.3988876342773,-8.92130565643311,"Unknown"
"9004157",371992,2025-06-07 19:39:19,42.3988494873047,-8.92108345031738,"Unknown"
"9004157",371992,2025-06-07 19:44:25,42.3987426757812,-8.92133617401123,"Unknown"
"9004157",371992,2025-06-07 19:49:14,42.3993186950684,-8.92064380645752,"Unknown"
"9004157",371992,2025-06-07 19:54:25,42.3988800048828,-8.92117977142334,"Unknown"
"9004157",371992,2025-06-07 19:59:36,42.3988838195801,-8.92116832733154,"Unknown"
"9004157",371992,2025-06-07 20:04:25,42.3988647460938,-8.92109394073486,"Unknown"
"9004157",371992,2025-06-07 20:09:36,42.3988990783691,-8.92103672027588,"Unknown"
"9004157",371992,2025-06-07 20:14:22,42.398868560791,-8.92114162445068,"Unknown"
"9004157",371992,2025-06-07 20:19:32,42.3988800048828,-8.92105388641357,"Unknown"
"9004157",371992,2025-06-07 20:24:46,42.398868560791,-8.92095470428467,"Unknown"
"9004157",371992,2025-06-07 20:29:13,42.3990631103516,-8.92094707489014,"Unknown"
"9004157",371992,2025-06-07 20:34:14,42.3984298706055,-8.92058372497559,"Unknown"
"9004157",371992,2025-06-07 20:39:13,42.3986701965332,-8.92110633850098,"Unknown"
"9004157",371992,2025-06-07 20:44:13,42.3986015319824,-8.92084217071533,"Unknown"
"9004157",371992,2025-06-07 20:49:19,42.3988265991211,-8.92117691040039,"Unknown"
"9004157",371992,2025-06-07 20:54:16,42.398853302002,-8.92095375061035,"Unknown"
"9004157",371992,2025-06-07 20:59:20,42.3988304138184,-8.92141532897949,"Unknown"
"9004157",371992,2025-06-07 21:04:16,42.3988265991211,-8.92109966278076,"Unknown"
"9004157",371992,2025-06-07 21:09:14,42.399055480957,-8.92134761810303,"Unknown"
"9004157",371992,2025-06-07 21:14:18,42.3988227844238,-8.92118263244629,"Unknown"
"9004157",371992,2025-06-07 21:19:14,42.3991661071777,-8.92146015167236,"Unknown"
"9004157",371992,2025-06-07 21:24:15,42.399169921875,-8.92155838012695,"Unknown"
"9004157",371992,2025-06-07 21:29:16,42.3991203308105,-8.92160511016846,"Unknown"
"9004157",371992,2025-06-07 21:34:21,42.3987693786621,-8.92080307006836,"Unknown"
"9004157",371992,2025-06-07 21:39:19,42.398811340332,-8.92144966125488,"Unknown"
"9004157",371992,2025-06-07 21:44:23,42.3988075256348,-8.92071151733398,"Unknown"
"9004157",371992,2025-06-07 21:49:16,42.399097442627,-8.92166137695312,"Unknown"
"9004157",371992,2025-06-07 21:54:16,42.3989181518555,-8.92110633850098,"Unknown"
"9004157",371992,2025-06-07 21:59:18,42.3986587524414,-8.92031860351562,"Unknown"
"9004157",371992,2025-06-07 22:04:32,42.3987579345703,-8.92056941986084,"Unknown"
"9004157",371992,2025-06-07 22:09:44,42.3989143371582,-8.92111396789551,"Unknown"
"9004157",371992,2025-06-07 22:14:15,42.3989753723145,-8.92106342315674,"Unknown"
"9004157",371992,2025-06-07 22:19:11,42.3989715576172,-8.92135429382324,"Unknown"
"9004157",371992,2025-06-07 22:24:12,42.3990516662598,-8.92153644561768,"Unknown"
"9004157",371992,2025-06-07 22:29:13,42.3990516662598,-8.92146968841553,"Unknown"
"9004157",371992,2025-06-07 22:34:16,42.3989524841309,-8.92110824584961,"Unknown"
"9004157",371992,2025-06-07 22:39:13,42.3989601135254,-8.92116165161133,"Unknown"
"9004157",371992,2025-06-07 22:44:13,42.398868560791,-8.92087173461914,"Unknown"
"9004157",371992,2025-06-07 22:49:12,42.3988189697266,-8.92090129852295,"Unknown"
"9004157",371992,2025-06-07 22:59:17,42.3988761901855,-8.92101097106934,"Unknown"
"9004157",371992,2025-06-07 23:04:13,42.3989105224609,-8.921142578125,"Unknown"
"9004157",371992,2025-06-07 23:09:15,42.3989028930664,-8.92101669311523,"Unknown"
"9004157",371992,2025-06-07 23:14:14,42.3988380432129,-8.92066764831543,"Unknown"
"9004157",371992,2025-06-07 23:19:11,42.398811340332,-8.92051887512207,"Unknown"
"9004157",371992,2025-06-07 23:24:15,42.3989562988281,-8.92121982574463,"Unknown"
"9004157",371992,2025-06-07 23:29:13,42.3990020751953,-8.92078399658203,"Unknown"
"9004157",371992,2025-06-07 23:34:15,42.3989524841309,-8.91963577270508,"Unknown"
"9004157",371992,2025-06-07 23:39:37,42.3989944458008,-8.92095565795898,"Unknown"
"9004157",371992,2025-06-07 23:44:16,42.3990631103516,-8.92013359069824,"Unknown"
"9004157",371992,2025-06-07 23:49:44,42.3993759155273,-8.92098426818848,"Unknown"
"9004157",371992,2025-06-07 23:55:34,42.3990631103516,-8.92227458953857,"Unknown"
"9004157",371992,2025-06-08 00:00:34,42.3990058898926,-8.92242908477783,"Unknown"
"9004157",371992,2025-06-08 00:05:34,42.3989028930664,-8.92224311828613,"Unknown"
"9004157",371992,2025-06-08 00:10:35,42.3988876342773,-8.92203330993652,"Unknown"
"9004157",371992,2025-06-08 00:15:34,42.3988723754883,-8.9218111038208,"Unknown"
"9004157",371992,2025-06-08 00:20:35,42.3988914489746,-8.92160606384277,"Unknown"
"9004157",371992,2025-06-08 00:24:49,42.3988990783691,-8.92164707183838,"Unknown"
"9004157",371992,2025-06-08 00:30:35,42.3989906311035,-8.92137813568115,"Unknown"
"9004157",371992,2025-06-08 00:35:35,42.3989715576172,-8.92121601104736,"Unknown"
"9004157",371992,2025-06-08 00:40:20,42.3989944458008,-8.92113018035889,"Unknown"
"9004157",371992,2025-06-08 00:44:15,42.3989334106445,-8.92160892486572,"Unknown"
"9004157",371992,2025-06-08 00:50:34,42.3989181518555,-8.92150497436523,"Unknown"
"9004157",371992,2025-06-08 00:59:18,42.3989143371582,-8.9208402633667,"Unknown"
"9004157",371992,2025-06-08 01:05:35,42.3988952636719,-8.92150402069092,"Unknown"
"9004157",371992,2025-06-08 01:10:20,42.3989028930664,-8.92131805419922,"Unknown"
"9004157",371992,2025-06-08 01:15:10,42.3988380432129,-8.92120265960693,"Unknown"
"9004157",371992,2025-06-08 01:20:35,42.3988723754883,-8.92107772827148,"Unknown"
"9004157",371992,2025-06-08 01:25:09,42.3989944458008,-8.92191791534424,"Unknown"
"9004157",371992,2025-06-08 01:35:35,42.3990135192871,-8.9216890335083,"Unknown"
"9004157",371992,2025-06-08 01:39:22,42.3988380432129,-8.92097663879395,"Unknown"
"9004157",371992,2025-06-08 01:44:32,42.3990135192871,-8.92187404632568,"Unknown"
"9004157",371992,2025-06-08 01:49:29,42.3989677429199,-8.92132949829102,"Unknown"
"9004157",371992,2025-06-08 01:54:25,42.3988800048828,-8.92140674591064,"Unknown"
"9004157",371992,2025-06-08 01:59:22,42.3988571166992,-8.92110347747803,"Unknown"
"9004157",371992,2025-06-08 02:04:18,42.3987274169922,-8.92069625854492,"Unknown"
"9004157",371992,2025-06-08 02:09:26,42.3988876342773,-8.9210090637207,"Unknown"
"9004157",371992,2025-06-08 02:15:34,42.3989677429199,-8.9209623336792,"Unknown"
"9004157",371992,2025-06-08 02:19:18,42.3989028930664,-8.92090606689453,"Unknown"
"9004157",371992,2025-06-08 02:24:13,42.3989143371582,-8.92080116271973,"Unknown"
"9004157",371992,2025-06-08 02:30:34,42.3989791870117,-8.92079162597656,"Unknown"
"9004157",371992,2025-06-08 02:34:17,42.3988990783691,-8.92048358917236,"Unknown"
"9004157",371992,2025-06-08 02:39:18,42.3989944458008,-8.92097187042236,"Unknown"
"9004157",371992,2025-06-08 02:44:15,42.3989143371582,-8.92113780975342,"Unknown"
"9004157",371992,2025-06-08 02:49:16,42.398811340332,-8.92126178741455,"Unknown"
"9004157",371992,2025-06-08 02:54:29,42.3988494873047,-8.92119121551514,"Unknown"
"9004157",371992,2025-06-08 02:59:28,42.398853302002,-8.92133045196533,"Unknown"
"9004157",371992,2025-06-08 03:04:32,42.398868560791,-8.92106533050537,"Unknown"
"9004157",371992,2025-06-08 03:09:15,42.3987770080566,-8.92116737365723,"Unknown"
"9004157",371992,2025-06-08 03:14:15,42.3988571166992,-8.92101192474365,"Unknown"
"9004157",371992,2025-06-08 03:19:18,42.3988304138184,-8.92111778259277,"Unknown"
"9004157",371992,2025-06-08 03:25:34,42.3989715576172,-8.9207124710083,"Unknown"
"9004157",371992,2025-06-08 03:29:19,42.398983001709,-8.92100811004639,"Unknown"
"9004157",371992,2025-06-08 03:34:20,42.3989067077637,-8.92067241668701,"Unknown"
"9004157",371992,2025-06-08 03:39:36,42.3990135192871,-8.92108249664307,"Unknown"
"9004157",371992,2025-06-08 03:45:34,42.3989944458008,-8.92142105102539,"Unknown"
"9004157",371992,2025-06-08 03:50:34,42.3989524841309,-8.92130088806152,"Unknown"
"9004157",371992,2025-06-08 03:55:34,42.3988838195801,-8.92113208770752,"Unknown"
"9004157",371992,2025-06-08 04:00:34,42.3988571166992,-8.92117309570312,"Unknown"
"9004157",371992,2025-06-08 04:04:21,42.39892578125,-8.92104816436768,"Unknown"
"9004157",371992,2025-06-08 04:09:12,42.3987312316895,-8.92142581939697,"Unknown"
"9004157",371992,2025-06-08 04:14:37,42.3989219665527,-8.92129135131836,"Unknown"
"9004157",371992,2025-06-08 04:19:31,42.3989410400391,-8.92104244232178,"Unknown"
"9004157",371992,2025-06-08 04:25:34,42.3988800048828,-8.92115783691406,"Unknown"
"9004157",371992,2025-06-08 04:29:18,42.3988761901855,-8.9211254119873,"Unknown"
"9004157",371992,2025-06-08 04:34:13,42.3988876342773,-8.92121505737305,"Unknown"
"9004157",371992,2025-06-08 04:39:19,42.39892578125,-8.92152214050293,"Unknown"
"9004157",371992,2025-06-08 04:44:23,42.398853302002,-8.92114925384521,"Unknown"
"9004157",371992,2025-06-08 04:49:20,42.3988876342773,-8.92135238647461,"Unknown"
"9004157",371992,2025-06-08 04:54:16,42.3988914489746,-8.92122650146484,"Unknown"
"9004157",371992,2025-06-08 04:59:35,42.3988876342773,-8.92130661010742,"Unknown"
"9004157",371992,2025-06-08 05:09:14,42.3988761901855,-8.92098045349121,"Unknown"
"9004157",371992,2025-06-08 05:14:14,42.3988571166992,-8.92094802856445,"Unknown"
"9004157",371992,2025-06-08 05:19:24,42.3988800048828,-8.92106246948242,"Unknown"
"9004157",371992,2025-06-08 05:24:15,42.3989334106445,-8.92087268829346,"Unknown"
"9004157",371992,2025-06-08 05:29:16,42.3989448547363,-8.92092609405518,"Unknown"
"9004157",371992,2025-06-08 05:34:15,42.3988418579102,-8.92089080810547,"Unknown"
"9004157",371992,2025-06-08 05:39:11,42.3988418579102,-8.92087650299072,"Unknown"
"9004157",371992,2025-06-08 05:49:47,42.3987617492676,-8.92131519317627,"Unknown"
"9004157",371992,2025-06-08 05:54:21,42.3989219665527,-8.92151927947998,"Unknown"
"9004157",371992,2025-06-08 05:59:23,42.3989219665527,-8.92145729064941,"Unknown"
"9004157",371992,2025-06-08 06:04:19,42.3989028930664,-8.92141246795654,"Unknown"
"9004157",371992,2025-06-08 06:09:11,42.3989219665527,-8.92129898071289,"Unknown"
"9004157",371992,2025-06-08 06:14:15,42.3989372253418,-8.92153072357178,"Unknown"
"9004157",371992,2025-06-08 06:19:12,42.3989601135254,-8.92125701904297,"Unknown"
"9004157",371992,2025-06-08 06:24:11,42.3988342285156,-8.92106437683105,"Unknown"
"9004157",371992,2025-06-08 06:29:11,42.3989295959473,-8.92118072509766,"Unknown"
"9004157",371992,2025-06-08 06:34:11,42.3989372253418,-8.92122173309326,"Unknown"
"9004157",371992,2025-06-08 06:39:19,42.3988800048828,-8.92126941680908,"Unknown"
"9004157",371992,2025-06-08 06:44:15,42.3987464904785,-8.92104339599609,"Unknown"
"9004157",371992,2025-06-08 06:49:11,42.3988189697266,-8.92115116119385,"Unknown"
"9004157",371992,2025-06-08 06:54:12,42.3987770080566,-8.92101669311523,"Unknown"
"9004157",371992,2025-06-08 06:59:11,42.3988418579102,-8.92119979858398,"Unknown"
"9004157",371992,2025-06-08 07:04:15,42.3988494873047,-8.92153263092041,"Unknown"
"9004157",371992,2025-06-08 07:09:11,42.4017066955566,-8.92086791992188,"Unknown"
"9004157",371992,2025-06-08 07:14:18,42.4007873535156,-8.91969299316406,"Unknown"
"9004157",371992,2025-06-08 07:19:11,42.4016761779785,-8.92083549499512,"Unknown"
"9004157",371992,2025-06-08 07:24:35,42.4313659667969,-8.920166015625,"Unknown"
"9004157",371992,2025-06-08 07:29:11,42.4600028991699,-8.94125366210938,"Unknown"
"9004157",371992,2025-06-08 07:34:11,42.4872970581055,-8.92443561553955,"Unknown"
"9004157",371992,2025-06-08 07:39:49,42.4940490722656,-8.90935325622559,"Unknown"
"9004157",371992,2025-06-08 07:45:24,42.4962158203125,-8.90803146362305,"Unknown"
"9004157",371992,2025-06-08 07:51:10,42.4972457885742,-8.90575218200684,"Unknown"
"9004157",371992,2025-06-08 07:56:53,42.4978866577148,-8.90311622619629,"Unknown"
"9004157",371992,2025-06-08 08:01:52,42.502269744873,-8.88579940795898,"Unknown"
"9004157",371992,2025-06-08 08:07:41,42.506217956543,-8.87188529968262,"Unknown"
"9004157",371992,2025-06-08 08:13:07,42.5077590942383,-8.87073230743408,"Unknown"
"9004157",371992,2025-06-08 08:18:24,42.5074691772461,-8.87018585205078,"Unknown"
"9004157",371992,2025-06-08 08:23:48,42.5066566467285,-8.87202835083008,"Unknown"
"9004157",371992,2025-06-08 08:29:38,42.505989074707,-8.87329769134521,"Unknown"
"9004157",371992,2025-06-08 08:34:31,42.5065956115723,-8.87216663360596,"Unknown"
"9004157",371992,2025-06-08 08:40:46,42.5075149536133,-8.87007808685303,"Unknown"
"9004157",371992,2025-06-08 08:46:08,42.5083274841309,-8.86969661712646,"Unknown"
"9004157",371992,2025-06-08 08:51:38,42.5081520080566,-8.8705587387085,"Unknown"
"9004157",371992,2025-06-08 08:56:34,42.5067329406738,-8.87135887145996,"Unknown"
"9004157",371992,2025-06-08 09:01:54,42.5077133178711,-8.87261581420898,"Unknown"
"9004157",371992,2025-06-08 09:07:29,42.5087432861328,-8.87050819396973,"Unknown"
"9004157",371992,2025-06-08 09:13:30,42.5071907043457,-8.87059593200684,"Unknown"
"9004157",371992,2025-06-08 09:19:12,42.5064468383789,-8.87185192108154,"Unknown"
"9004157",371992,2025-06-08 09:24:12,42.5065116882324,-8.87350368499756,"Unknown"
"9004157",371992,2025-06-08 09:29:14,42.5062294006348,-8.87403869628906,"Unknown"
"9004157",371992,2025-06-08 09:35:16,42.5050010681152,-8.87369155883789,"Unknown"
"9004157",371992,2025-06-08 09:40:14,42.5046424865723,-8.8748197555542,"Unknown"
"9004157",371992,2025-06-08 09:45:16,42.5048789978027,-8.87911033630371,"Unknown"
"9004157",371992,2025-06-08 09:50:17,42.5048446655273,-8.87926578521729,"Unknown"
"9004157",371992,2025-06-08 09:55:13,42.5048141479492,-8.87925434112549,"Unknown"
"9004157",371992,2025-06-08 10:00:12,42.5048599243164,-8.87930774688721,"Unknown"
"9004157",371992,2025-06-08 10:05:11,42.5048408508301,-8.8792724609375,"Unknown"
"9004157",371992,2025-06-08 10:10:16,42.5047912597656,-8.87927913665771,"Unknown"
"9004157",371992,2025-06-08 10:15:15,42.5047454833984,-8.87930393218994,"Unknown"
"9004157",371992,2025-06-08 10:20:17,42.5047874450684,-8.87929534912109,"Unknown"
"9004157",371992,2025-06-08 10:25:11,42.504768371582,-8.87940120697021,"Unknown"
"9004157",371992,2025-06-08 10:30:35,42.5047988891602,-8.87932872772217,"Unknown"
"9004157",371992,2025-06-08 10:35:11,42.504753112793,-8.87932205200195,"Unknown"
"9004157",371992,2025-06-08 10:40:11,42.5047645568848,-8.87931060791016,"Unknown"
"9004157",371992,2025-06-08 10:45:39,42.5088806152344,-8.87057876586914,"Unknown"
"9004157",371992,2025-06-08 10:50:39,42.507682800293,-8.87022495269775,"Unknown"
"9004157",371992,2025-06-08 10:55:39,42.5081596374512,-8.87145709991455,"Unknown"
"9004157",371992,2025-06-08 11:01:18,42.5076332092285,-8.87211036682129,"Unknown"
"9004157",371992,2025-06-08 11:06:33,42.5066909790039,-8.87347412109375,"Unknown"
"9004157",371992,2025-06-08 11:11:32,42.5071601867676,-8.87246036529541,"Unknown"
"9004157",371992,2025-06-08 11:16:57,42.505615234375,-8.87259387969971,"Unknown"
"9004157",371992,2025-06-08 11:22:11,42.5050659179688,-8.87450790405273,"Unknown"
"9004157",371992,2025-06-08 11:27:43,42.505558013916,-8.87457084655762,"Unknown"
"9004157",371992,2025-06-08 11:33:25,42.5049133300781,-8.87553882598877,"Unknown"
"9004157",371992,2025-06-08 11:39:23,42.505859375,-8.87521171569824,"Unknown"
"9004157",371992,2025-06-08 11:45:19,42.5065994262695,-8.87556552886963,"Unknown"
"9004157",371992,2025-06-08 11:51:04,42.5053787231445,-8.87660121917725,"Unknown"
"9004157",371992,2025-06-08 11:56:04,42.5052680969238,-8.87704372406006,"Unknown"
"9004157",371992,2025-06-08 12:01:06,42.5049858093262,-8.88064193725586,"Unknown"
"9004157",371992,2025-06-08 12:06:14,42.5050048828125,-8.88065052032471,"Unknown"
"9004157",371992,2025-06-08 12:11:04,42.5050277709961,-8.88058376312256,"Unknown"
"9004157",371992,2025-06-08 12:16:04,42.5051231384277,-8.8805980682373,"Unknown"
"9004157",371992,2025-06-08 12:21:04,42.505069732666,-8.88072681427002,"Unknown"
"9004157",371992,2025-06-08 12:26:04,42.5052261352539,-8.88069820404053,"Unknown"
"9004157",371992,2025-06-08 12:31:04,42.505054473877,-8.88087177276611,"Unknown"
"9004157",371992,2025-06-08 12:36:04,42.5049858093262,-8.8809700012207,"Unknown"
"9004157",371992,2025-06-08 12:41:04,42.5047225952148,-8.88101863861084,"Unknown"
"9004157",371992,2025-06-08 12:46:04,42.5048141479492,-8.88071537017822,"Unknown"
"9004157",371992,2025-06-08 12:51:04,42.5049133300781,-8.87427234649658,"Unknown"
"9004157",371992,2025-06-08 12:56:48,42.5050849914551,-8.87247753143311,"Unknown"
"9004157",371992,2025-06-08 13:02:48,42.5053596496582,-8.87185096740723,"Unknown"
"9004157",371992,2025-06-08 13:08:25,42.5048141479492,-8.87067890167236,"Unknown"
"9004157",371992,2025-06-08 13:14:25,42.5039710998535,-8.87261867523193,"Unknown"
"9004157",371992,2025-06-08 13:19:56,42.504524230957,-8.87448120117188,"Unknown"
"9004157",371992,2025-06-08 13:25:07,42.5049171447754,-8.87587261199951,"Unknown"
"9004157",371992,2025-06-08 13:30:32,42.5043869018555,-8.87722015380859,"Unknown"
"9004157",371992,2025-06-08 13:36:59,42.5050621032715,-8.87939739227295,"Unknown"
"9004157",371992,2025-06-08 13:40:38,42.5047264099121,-8.88001537322998,"Unknown"
"9004157",371992,2025-06-08 13:45:39,42.5047798156738,-8.88008308410645,"Unknown"
"9004157",371992,2025-06-08 13:50:38,42.5046920776367,-8.88007640838623,"Unknown"
"9004157",371992,2025-06-08 13:55:37,42.5046768188477,-8.88005256652832,"Unknown"
"9004157",371992,2025-06-08 14:00:38,42.5046844482422,-8.88006782531738,"Unknown"
"9004157",371992,2025-06-08 14:05:38,42.5047607421875,-8.88008403778076,"Unknown"
"9004157",371992,2025-06-08 14:10:37,42.5047454833984,-8.88010215759277,"Unknown"
"9004157",371992,2025-06-08 14:15:38,42.5047149658203,-8.88006973266602,"Unknown"
"9004157",371992,2025-06-08 14:20:37,42.5047264099121,-8.88004970550537,"Unknown"
"9004157",371992,2025-06-08 14:25:37,42.5047340393066,-8.88006782531738,"Unknown"
"9004157",371992,2025-06-08 14:30:37,42.5047607421875,-8.88010597229004,"Unknown"
"9004157",371992,2025-06-08 14:35:37,42.5047187805176,-8.88005256652832,"Unknown"
"9004157",371992,2025-06-08 14:40:38,42.5047225952148,-8.88007259368896,"Unknown"
"9004157",371992,2025-06-08 14:45:38,42.5047988891602,-8.88007831573486,"Unknown"
"9004157",371992,2025-06-08 14:50:38,42.5049057006836,-8.88004493713379,"Unknown"
"9004157",371992,2025-06-08 14:55:38,42.504825592041,-8.88008880615234,"Unknown"
"9004157",371992,2025-06-08 15:00:37,42.504753112793,-8.8800745010376,"Unknown"
"9004157",371992,2025-06-08 15:05:37,42.5047225952148,-8.88008403778076,"Unknown"
"9004157",371992,2025-06-08 15:10:37,42.5047798156738,-8.87998676300049,"Unknown"
"9004157",371992,2025-06-08 15:15:37,42.5064811706543,-8.87482738494873,"Unknown"
"9004157",371992,2025-06-08 15:20:54,42.5063781738281,-8.87328052520752,"Unknown"
"9004157",371992,2025-06-08 15:26:02,42.5066719055176,-8.87164688110352,"Unknown"
"9004157",371992,2025-06-08 15:31:39,42.5077972412109,-8.87112617492676,"Unknown"
"9004157",371992,2025-06-08 15:36:37,42.5088348388672,-8.87058734893799,"Unknown"
"9004157",371992,2025-06-08 15:41:37,42.5081901550293,-8.87075805664062,"Unknown"
"9004157",371992,2025-06-08 15:47:12,42.5089263916016,-8.87083148956299,"Unknown"
"9004157",371992,2025-06-08 15:52:37,42.5106735229492,-8.87130165100098,"Unknown"
"9004157",371992,2025-06-08 15:57:32,42.5116653442383,-8.8727912902832,"Unknown"
"9004157",371992,2025-06-08 16:03:13,42.5123443603516,-8.87495899200439,"Unknown"
"9004157",371992,2025-06-08 16:08:48,42.5129470825195,-8.87342643737793,"Unknown"
"9004157",371992,2025-06-08 16:14:24,42.5117950439453,-8.87145042419434,"Unknown"
"9004157",371992,2025-06-08 16:19:38,42.5106086730957,-8.87334251403809,"Unknown"
"9004157",371992,2025-06-08 16:25:10,42.5091552734375,-8.8713436126709,"Unknown"
"9004157",371992,2025-06-08 16:30:26,42.5077857971191,-8.87072277069092,"Unknown"
"9004157",371992,2025-06-08 16:35:27,42.5080375671387,-8.87065410614014,"Unknown"
"9004157",371992,2025-06-08 16:41:24,42.506908416748,-8.87169647216797,"Unknown"
"9004157",371992,2025-06-08 16:46:43,42.507682800293,-8.87190055847168,"Unknown"
"9004157",371992,2025-06-08 16:51:22,42.507080078125,-8.87448883056641,"Unknown"
"9004157",371992,2025-06-08 16:57:00,42.5053253173828,-8.87516784667969,"Unknown"
"9004157",371992,2025-06-08 17:02:18,42.5041275024414,-8.87520790100098,"Unknown"
"9004157",371992,2025-06-08 17:07:40,42.504695892334,-8.87601184844971,"Unknown"
"9004157",371992,2025-06-08 17:12:57,42.5044746398926,-8.87646579742432,"Unknown"
"9004157",371992,2025-06-08 17:19:54,42.5051612854004,-8.87712287902832,"Unknown"
"9004157",371992,2025-06-08 17:27:00,42.5040626525879,-8.8767204284668,"Unknown"
"9004157",371992,2025-06-08 17:36:58,42.505069732666,-8.88028144836426,"Unknown"
"9004157",371992,2025-06-08 17:41:59,42.5050354003906,-8.88021564483643,"Unknown"
"9004157",371992,2025-06-08 17:47:14,42.5053825378418,-8.88022327423096,"Unknown"
"9004157",371992,2025-06-08 17:51:52,42.5053749084473,-8.88109397888184,"Unknown"
"9004157",371992,2025-06-08 17:56:52,42.5053825378418,-8.88113021850586,"Unknown"
"9004157",371992,2025-06-08 18:01:54,42.504997253418,-8.88099098205566,"Unknown"
"9004157",371992,2025-06-08 18:06:53,42.5051040649414,-8.88100147247314,"Unknown"
"9004157",371992,2025-06-08 18:11:52,42.5053405761719,-8.88114547729492,"Unknown"
"9004157",371992,2025-06-08 18:16:55,42.5047950744629,-8.88036251068115,"Unknown"
"9004157",371992,2025-06-08 18:21:51,42.5056114196777,-8.88137722015381,"Unknown"
"9004157",371992,2025-06-08 18:26:53,42.5054359436035,-8.88113307952881,"Unknown"
"9004157",371992,2025-06-08 18:32:11,42.5048408508301,-8.88045692443848,"Unknown"
"9004157",371992,2025-06-08 18:36:52,42.5045700073242,-8.88023471832275,"Unknown"
"9004157",371992,2025-06-08 18:41:53,42.505069732666,-8.88076877593994,"Unknown"
"9004157",371992,2025-06-08 18:46:53,42.4796333312988,-8.93366527557373,"Unknown"
"9004157",371992,2025-06-08 18:51:54,42.4308166503906,-8.93765830993652,"Unknown"
"9004157",371992,2025-06-08 18:57:23,42.3986320495605,-8.92169380187988,"Unknown"
"9004157",371992,2025-06-08 19:02:20,42.3996925354004,-8.92137145996094,"Unknown"
"9004157",371992,2025-06-08 19:06:53,42.3988342285156,-8.92125988006592,"Unknown"
"9004157",371992,2025-06-08 19:11:53,42.3991737365723,-8.92136096954346,"Unknown"
"9004157",371992,2025-06-08 19:17:01,42.3992118835449,-8.92135047912598,"Unknown"
"9004157",371992,2025-06-08 19:21:53,42.3992347717285,-8.92110157012939,"Unknown"
"9004157",371992,2025-06-08 19:27:05,42.3995780944824,-8.92123126983643,"Unknown"
"9004157",371992,2025-06-08 19:32:00,42.3990898132324,-8.92121982574463,"Unknown"
"9004157",371992,2025-06-08 19:36:58,42.3990516662598,-8.9214916229248,"Unknown"
"9004157",371992,2025-06-08 19:42:35,42.3989486694336,-8.92128372192383,"Unknown"
"9004157",371992,2025-06-08 19:46:56,42.399097442627,-8.92132949829102,"Unknown"
"9004157",371992,2025-06-08 19:51:57,42.398738861084,-8.92184829711914,"Unknown"
"9004157",371992,2025-06-08 19:56:54,42.3991355895996,-8.9210319519043,"Unknown"
"9004157",371992,2025-06-08 20:02:00,42.3995590209961,-8.92047214508057,"Unknown"
"9004157",371992,2025-06-08 20:07:08,42.3989219665527,-8.92112064361572,"Unknown"
"9004157",371992,2025-06-08 20:12:13,42.3990020751953,-8.92110538482666,"Unknown"
"9004157",371992,2025-06-08 20:16:56,42.3990135192871,-8.92102336883545,"Unknown"
"9004157",371992,2025-06-08 20:22:06,42.398998260498,-8.92092418670654,"Unknown"
"9004157",371992,2025-06-08 20:27:00,42.3989372253418,-8.92093467712402,"Unknown"
"9004157",371992,2025-06-08 20:31:55,42.3995246887207,-8.92086505889893,"Unknown"
"9004157",371992,2025-06-08 20:37:11,42.399055480957,-8.92146968841553,"Unknown"
"9004157",371992,2025-06-08 20:42:00,42.398380279541,-8.92105960845947,"Unknown"
"9004157",371992,2025-06-08 20:47:03,42.3989486694336,-8.92114925384521,"Unknown"
"9004157",371992,2025-06-08 20:51:59,42.3985786437988,-8.92091369628906,"Unknown"
"9004157",371992,2025-06-08 20:57:03,42.3989562988281,-8.92125415802002,"Unknown"
"9004157",371992,2025-06-08 21:02:00,42.3989181518555,-8.92118072509766,"Unknown"
"9004157",371992,2025-06-08 21:07:05,42.398754119873,-8.92103385925293,"Unknown"
"9004157",371992,2025-06-08 21:12:12,42.3987770080566,-8.92160224914551,"Unknown"
"9004157",371992,2025-06-08 21:17:09,42.3988227844238,-8.92157459259033,"Unknown"
"9004157",371992,2025-06-08 21:22:02,42.3990211486816,-8.92202949523926,"Unknown"
"9004157",371992,2025-06-08 21:27:04,42.3989105224609,-8.9219274520874,"Unknown"
"9004157",371992,2025-06-08 21:32:34,42.3987731933594,-8.92109870910645,"Unknown"
"9004157",371992,2025-06-08 21:37:29,42.3988227844238,-8.92106533050537,"Unknown"
"9004157",371992,2025-06-08 21:42:13,42.3988151550293,-8.92101669311523,"Unknown"
"9004157",371992,2025-06-08 21:47:02,42.3988647460938,-8.92154693603516,"Unknown"
"9004157",371992,2025-06-08 21:52:02,42.3987617492676,-8.92100620269775,"Unknown"
"9004157",371992,2025-06-08 21:57:37,42.3988380432129,-8.9210262298584,"Unknown"
"9004157",371992,2025-06-08 22:02:11,42.3988876342773,-8.92123794555664,"Unknown"
"9004157",371992,2025-06-08 22:07:29,42.3988647460938,-8.92121028900146,"Unknown"
"9004157",371992,2025-06-08 22:11:52,42.3988723754883,-8.92128086090088,"Unknown"
"9004157",371992,2025-06-08 22:16:53,42.3988952636719,-8.92127704620361,"Unknown"
"9004157",371992,2025-06-08 22:23:15,42.3989028930664,-8.92117691040039,"Unknown"
"9004157",371992,2025-06-08 22:27:23,42.3988838195801,-8.92118740081787,"Unknown"
"9004157",371992,2025-06-08 22:31:56,42.3989028930664,-8.92120170593262,"Unknown"
"9004157",371992,2025-06-08 22:36:56,42.3989295959473,-8.92125797271729,"Unknown"
"9004157",371992,2025-06-08 22:42:40,42.3989715576172,-8.92132091522217,"Unknown"
"9004157",371992,2025-06-08 22:46:59,42.3990249633789,-8.9217357635498,"Unknown"
"9004157",371992,2025-06-08 22:52:01,42.3989143371582,-8.92186450958252,"Unknown"
"9004157",371992,2025-06-08 22:56:55,42.3988342285156,-8.92094993591309,"Unknown"
"9004157",371992,2025-06-08 23:02:02,42.3989753723145,-8.92136001586914,"Unknown"
"9004157",371992,2025-06-08 23:06:55,42.3988723754883,-8.92085361480713,"Unknown"
"9004157",371992,2025-06-08 23:11:56,42.3989105224609,-8.92157745361328,"Unknown"
"9004157",371992,2025-06-08 23:16:56,42.3988227844238,-8.9211893081665,"Unknown"
"9004157",371992,2025-06-08 23:22:00,42.3990821838379,-8.91822719573975,"Unknown"
"9004157",371992,2025-06-08 23:27:01,42.3990135192871,-8.92129325866699,"Unknown"
"9004157",371992,2025-06-08 23:33:05,42.3988914489746,-8.9214506149292,"Unknown"
"9004157",371992,2025-06-08 23:37:01,42.3990135192871,-8.92150402069092,"Unknown"
"9004157",371992,2025-06-08 23:41:59,42.3990707397461,-8.92145729064941,"Unknown"
"9004157",371992,2025-06-08 23:48:16,42.3988761901855,-8.92217540740967,"Unknown"
"9004157",371992,2025-06-08 23:53:16,42.3988494873047,-8.92224407196045,"Unknown"
"9004157",371992,2025-06-08 23:58:16,42.3987884521484,-8.92284965515137,"Unknown"
"9004157",371992,2025-06-09 00:02:01,42.3987922668457,-8.92268753051758,"Unknown"
"9004157",371992,2025-06-09 00:08:03,42.3988037109375,-8.9224681854248,"Unknown"
"9004157",371992,2025-06-09 00:12:01,42.3987808227539,-8.92275047302246,"Unknown"
"9004157",371992,2025-06-09 00:17:01,42.3988075256348,-8.92315101623535,"Unknown"
"9004157",371992,2025-06-09 00:22:01,42.3988494873047,-8.92161560058594,"Unknown"
"9004157",371992,2025-06-09 00:27:02,42.3988456726074,-8.92133045196533,"Unknown"
"9004157",371992,2025-06-09 00:32:06,42.3989143371582,-8.92098331451416,"Unknown"
"9004157",371992,2025-06-09 00:37:01,42.3989295959473,-8.92090225219727,"Unknown"
"9004157",371992,2025-06-09 00:43:16,42.3988838195801,-8.92142486572266,"Unknown"
"9004157",371992,2025-06-09 00:46:56,42.3988494873047,-8.92140102386475,"Unknown"
"9004157",371992,2025-06-09 00:52:07,42.3988761901855,-8.92138671875,"Unknown"
"9004157",371992,2025-06-09 00:56:59,42.3988609313965,-8.92126083374023,"Unknown"
"9004157",371992,2025-06-09 01:02:44,42.3988151550293,-8.9209156036377,"Unknown"
"9004157",371992,2025-06-09 01:06:55,42.3989219665527,-8.92129135131836,"Unknown"
"9004157",371992,2025-06-09 01:12:07,42.398868560791,-8.92123031616211,"Unknown"
"9004157",371992,2025-06-09 01:17:00,42.3988761901855,-8.92110443115234,"Unknown"
"9004157",371992,2025-06-09 01:22:26,42.3988761901855,-8.9212064743042,"Unknown"
"9004157",371992,2025-06-09 01:27:14,42.3988494873047,-8.92092227935791,"Unknown"
"9004157",371992,2025-06-09 01:31:59,42.3987884521484,-8.92070198059082,"Unknown"
"9004157",371992,2025-06-09 01:36:56,42.3988342285156,-8.92087936401367,"Unknown"
"9004157",371992,2025-06-09 01:41:58,42.3988761901855,-8.92109966278076,"Unknown"
"9004157",371992,2025-06-09 01:47:23,42.3988037109375,-8.9205846786499,"Unknown"
"9004157",371992,2025-06-09 01:51:56,42.3988494873047,-8.92118549346924,"Unknown"
"9004157",371992,2025-06-09 01:58:16,42.3988990783691,-8.92133331298828,"Unknown"
"9004157",371992,2025-06-09 02:02:09,42.3988456726074,-8.92158603668213,"Unknown"
"9004157",371992,2025-06-09 02:06:53,42.3988151550293,-8.92022800445557,"Unknown"
"9004157",371992,2025-06-09 02:11:56,42.3987236022949,-8.92180061340332,"Unknown"
"9004157",371992,2025-06-09 02:17:01,42.3987655639648,-8.92173290252686,"Unknown"
"9004157",371992,2025-06-09 02:22:16,42.3992385864258,-8.91969585418701,"Unknown"
"9004157",371992,2025-06-09 02:27:12,42.3990783691406,-8.92066192626953,"Unknown"
"9004157",371992,2025-06-09 02:31:56,42.3988075256348,-8.9215612411499,"Unknown"
"9004157",371992,2025-06-09 02:37:01,42.3988037109375,-8.92172431945801,"Unknown"
"9004157",371992,2025-06-09 02:42:01,42.3987350463867,-8.92188930511475,"Unknown"
"9004157",371992,2025-06-09 02:47:07,42.3987808227539,-8.92186164855957,"Unknown"
"9004157",371992,2025-06-09 02:52:05,42.3987655639648,-8.92167663574219,"Unknown"
"9004157",371992,2025-06-09 02:57:06,42.3987731933594,-8.92123699188232,"Unknown"
"9004157",371992,2025-06-09 03:03:12,42.3988571166992,-8.9214448928833,"Unknown"
"9004157",371992,2025-06-09 03:08:16,42.3988952636719,-8.92128086090088,"Unknown"
"9004157",371992,2025-06-09 03:13:16,42.3989143371582,-8.92116737365723,"Unknown"
"9004157",371992,2025-06-09 03:17:34,42.3990020751953,-8.92087173461914,"Unknown"
"9004157",371992,2025-06-09 03:22:13,42.3990325927734,-8.9207649230957,"Unknown"
"9004157",371992,2025-06-09 03:27:27,42.3990173339844,-8.92106342315674,"Unknown"
"9004157",371992,2025-06-09 03:32:10,42.3989906311035,-8.92200469970703,"Unknown"
"9004157",371992,2025-06-09 03:37:16,42.3989753723145,-8.92174053192139,"Unknown"
"9004157",371992,2025-06-09 03:42:25,42.3989753723145,-8.92129802703857,"Unknown"
"9004157",371992,2025-06-09 03:47:14,42.3989639282227,-8.92098617553711,"Unknown"
"9004157",371992,2025-06-09 03:52:06,42.3989219665527,-8.92108345031738,"Unknown"
"9004157",371992,2025-06-09 03:57:08,42.3989562988281,-8.92119979858398,"Unknown"
"9004157",371992,2025-06-09 04:02:39,42.3989219665527,-8.9213695526123,"Unknown"
"9004157",371992,2025-06-09 04:07:32,42.3989562988281,-8.92145442962646,"Unknown"
"9004157",371992,2025-06-09 04:11:59,42.3988494873047,-8.92110729217529,"Unknown"
"9004157",371992,2025-06-09 04:16:55,42.3988456726074,-8.92138576507568,"Unknown"
"9004157",371992,2025-06-09 04:22:04,42.398853302002,-8.92134761810303,"Unknown"
"9004157",371992,2025-06-09 04:26:53,42.3986740112305,-8.92151737213135,"Unknown"
"9004157",371992,2025-06-09 04:33:16,42.3988723754883,-8.92135715484619,"Unknown"
"9004157",371992,2025-06-09 04:37:32,42.3988876342773,-8.92140102386475,"Unknown"
"9004157",371992,2025-06-09 04:43:16,42.3988571166992,-8.92131328582764,"Unknown"
"9004157",371992,2025-06-09 04:47:52,42.3988723754883,-8.92126941680908,"Unknown"
"9004157",371992,2025-06-09 04:52:01,42.3988304138184,-8.92129611968994,"Unknown"
"9004157",371992,2025-06-09 04:57:00,42.3987693786621,-8.92042350769043,"Unknown"
"9004157",371992,2025-06-09 05:01:58,42.3987846374512,-8.92068767547607,"Unknown"
"9004157",371992,2025-06-09 05:07:46,42.3988800048828,-8.92139053344727,"Unknown"
"9004157",371992,2025-06-09 05:12:32,42.3988380432129,-8.92138195037842,"Unknown"
"9004157",371992,2025-06-09 05:17:01,42.3988456726074,-8.92133617401123,"Unknown"
"9004157",371992,2025-06-09 05:21:55,42.3986473083496,-8.92168617248535,"Unknown"
"9004157",371992,2025-06-09 05:27:02,42.3988990783691,-8.92138957977295,"Unknown"
"9004157",371992,2025-06-09 05:31:59,42.3989295959473,-8.92166614532471,"Unknown"
"9004157",371992,2025-06-09 05:36:54,42.3990783691406,-8.92190551757812,"Unknown"
"9004157",371992,2025-06-09 05:43:16,42.3991889953613,-8.9221076965332,"Unknown"
"9004157",371992,2025-06-09 05:46:54,42.398796081543,-8.92201900482178,"Unknown"
"9004157",371992,2025-06-09 05:51:56,42.3989562988281,-8.92197895050049,"Unknown"
"9004157",371992,2025-06-09 05:56:58,42.3989372253418,-8.92202854156494,"Unknown"
"9004157",371992,2025-06-09 06:01:55,42.3988800048828,-8.92191410064697,"Unknown"
"9004157",371992,2025-06-09 06:06:53,42.39892578125,-8.92203807830811,"Unknown"
"9004157",371992,2025-06-09 06:11:53,42.3989372253418,-8.92214965820312,"Unknown"
"9004157",371992,2025-06-09 06:16:53,42.3988647460938,-8.92216682434082,"Unknown"
"9004157",371992,2025-06-09 06:21:55,42.3988494873047,-8.92214965820312,"Unknown"
"9004157",371992,2025-06-09 06:26:53,42.3988418579102,-8.92220401763916,"Unknown"
"9004157",371992,2025-06-09 06:31:59,42.3988380432129,-8.92182064056396,"Unknown"
"9004157",371992,2025-06-09 06:37:13,42.3985748291016,-8.92124080657959,"Unknown"
"9004157",371992,2025-06-09 06:41:57,42.3987617492676,-8.92274570465088,"Unknown"
"9004157",371992,2025-06-09 06:47:14,42.3988265991211,-8.92110824584961,"Unknown"
"9004157",371992,2025-06-09 06:52:02,42.3988456726074,-8.92113494873047,"Unknown"
"9004157",371992,2025-06-09 06:56:56,42.3988227844238,-8.92112064361572,"Unknown"
"9004157",371992,2025-06-09 07:02:01,42.3988227844238,-8.92110633850098,"Unknown"
"9004157",371992,2025-06-09 07:07:01,42.3988494873047,-8.92111492156982,"Unknown"
"9004157",371992,2025-06-09 07:11:56,42.3988265991211,-8.921067237854,"Unknown"
"9004157",371992,2025-06-09 07:16:53,42.3988151550293,-8.92171955108643,"Unknown"
"9004157",371992,2025-06-09 07:23:16,42.3987007141113,-8.92129135131836,"Unknown"
"9004157",371992,2025-06-09 07:28:16,42.3989868164062,-8.92118644714355,"Unknown"
"9004157",371992,2025-06-09 07:33:16,42.3991546630859,-8.92117214202881,"Unknown"
"9004157",371992,2025-06-09 07:36:53,42.4103965759277,-8.92025756835938,"Unknown"
"9004157",371992,2025-06-09 07:41:53,42.4423217773438,-8.92566585540771,"Unknown"
"9004157",371992,2025-06-09 07:47:23,42.4536170959473,-8.93554210662842,"Unknown"
"9004157",371992,2025-06-09 07:51:52,42.4538116455078,-8.93581390380859,"Unknown"
"9004157",371992,2025-06-09 07:56:51,42.4708023071289,-8.93972969055176,"Unknown"
"9004157",371992,2025-06-09 08:01:52,42.4708480834961,-8.93959903717041,"Unknown"
"9004157",371992,2025-06-09 08:06:53,42.4865798950195,-8.92420673370361,"Unknown"
"9004157",371992,2025-06-09 08:11:53,42.5032005310059,-8.88250160217285,"Unknown"
"9004157",371992,2025-06-09 08:16:54,42.5063552856445,-8.87143325805664,"Unknown"
"9004157",371992,2025-06-09 08:21:57,42.5072898864746,-8.87064266204834,"Unknown"
"9004157",371992,2025-06-09 08:26:57,42.5076789855957,-8.87075519561768,"Unknown"
"9004157",371992,2025-06-09 08:32:43,42.5081367492676,-8.86935329437256,"Unknown"
"9004157",371992,2025-06-09 08:38:26,42.5075569152832,-8.86931324005127,"Unknown"
"9004157",371992,2025-06-09 08:43:25,42.5087471008301,-8.8687858581543,"Unknown"
"9004157",371992,2025-06-09 08:48:52,42.5096969604492,-8.86863231658936,"Unknown"
"9004157",371992,2025-06-09 08:53:52,42.5097732543945,-8.86785793304443,"Unknown"
"9004157",371992,2025-06-09 08:58:53,42.5122718811035,-8.8645133972168,"Unknown"
"9004157",371992,2025-06-09 09:03:52,42.5121650695801,-8.8641357421875,"Unknown"
"9004157",371992,2025-06-09 09:08:51,42.5122299194336,-8.86461162567139,"Unknown"
"9004157",371992,2025-06-09 09:13:51,42.5122528076172,-8.86453628540039,"Unknown"
"9004157",371992,2025-06-09 09:18:51,42.5122756958008,-8.86459541320801,"Unknown"
"9004157",371992,2025-06-09 09:23:51,42.5122222900391,-8.86453819274902,"Unknown"
"9004157",371992,2025-06-09 09:28:50,42.5122566223145,-8.86468410491943,"Unknown"
"9004157",371992,2025-06-09 09:33:51,42.5122375488281,-8.86453151702881,"Unknown"
"9004157",371992,2025-06-09 09:39:14,42.5123672485352,-8.86475944519043,"Unknown"
"9004157",371992,2025-06-09 09:43:50,42.512264251709,-8.86472702026367,"Unknown"
"9004157",371992,2025-06-09 09:48:50,42.5122489929199,-8.8647289276123,"Unknown"
"9004157",371992,2025-06-09 09:53:50,42.5121688842773,-8.86471462249756,"Unknown"
"9004157",371992,2025-06-09 09:58:50,42.5122146606445,-8.86476612091064,"Unknown"
"9004157",371992,2025-06-09 10:03:50,42.5122108459473,-8.86465835571289,"Unknown"
"9004157",371992,2025-06-09 10:08:50,42.5122528076172,-8.86464214324951,"Unknown"
"9004157",371992,2025-06-09 10:13:50,42.5122108459473,-8.86464786529541,"Unknown"
"9004157",371992,2025-06-09 10:18:50,42.5122184753418,-8.86471366882324,"Unknown"
"9004157",371992,2025-06-09 10:23:51,42.5119743347168,-8.86449909210205,"Unknown"
"9004157",371992,2025-06-09 10:28:50,42.5128936767578,-8.86526203155518,"Unknown"
"9004157",371992,2025-06-09 10:33:51,42.5120162963867,-8.86497592926025,"Unknown"
"9004157",371992,2025-06-09 10:39:07,42.509880065918,-8.87089920043945,"Unknown"
"9004157",371992,2025-06-09 10:44:15,42.5081367492676,-8.87135982513428,"Unknown"
"9004157",371992,2025-06-09 10:53:03,42.5055656433105,-8.87251758575439,"Unknown"
"9004157",371992,2025-06-09 10:58:55,42.5047264099121,-8.87390899658203,"Unknown"
"9004157",371992,2025-06-09 11:03:57,42.5046997070312,-8.87465953826904,"Unknown"
"9004157",371992,2025-06-09 11:08:58,42.5056037902832,-8.8741455078125,"Unknown"
"9004157",371992,2025-06-09 11:14:00,42.5065002441406,-8.87333679199219,"Unknown"
"9004157",371992,2025-06-09 11:19:46,42.506664276123,-8.87247276306152,"Unknown"
"9004157",371992,2025-06-09 11:25:17,42.5065460205078,-8.87425327301025,"Unknown"
"9004157",371992,2025-06-09 11:30:24,42.506290435791,-8.87326431274414,"Unknown"
"9004157",371992,2025-06-09 11:35:21,42.5068435668945,-8.87300300598145,"Unknown"
"9004157",371992,2025-06-09 11:41:09,42.5055656433105,-8.87482833862305,"Unknown"
"9004157",371992,2025-06-09 11:57:25,42.5050163269043,-8.87934494018555,"Unknown"
"9004157",371992,2025-06-09 12:02:35,42.5049209594727,-8.87931442260742,"Unknown"
"9004157",371992,2025-06-09 12:07:07,42.5049285888672,-8.87947559356689,"Unknown"
"9004157",371992,2025-06-09 12:12:07,42.5049629211426,-8.8796854019165,"Unknown"
"9004157",371992,2025-06-09 12:17:06,42.5049171447754,-8.87948036193848,"Unknown"
"9004157",371992,2025-06-09 12:22:07,42.5048446655273,-8.87977981567383,"Unknown"
"9004157",371992,2025-06-09 12:27:07,42.504825592041,-8.87969303131104,"Unknown"
"9004157",371992,2025-06-09 12:32:07,42.5048828125,-8.8797435760498,"Unknown"
"9004157",371992,2025-06-09 12:37:07,42.5049171447754,-8.87960910797119,"Unknown"
"9004157",371992,2025-06-09 12:42:07,42.504940032959,-8.87968444824219,"Unknown"
"9004157",371992,2025-06-09 12:47:07,42.5049514770508,-8.87954902648926,"Unknown"
"9004157",371992,2025-06-09 12:52:09,42.5082054138184,-8.8858118057251,"Unknown"
"9004157",371992,2025-06-09 12:57:29,42.5080108642578,-8.886474609375,"Unknown"
"9004157",371992,2025-06-09 13:02:30,42.5079650878906,-8.88655471801758,"Unknown"
"9004157",371992,2025-06-09 13:07:29,42.5077095031738,-8.88736248016357,"Unknown"
"9004157",371992,2025-06-09 13:13:03,42.5086860656738,-8.88508605957031,"Unknown"
"9004157",371992,2025-06-09 13:18:39,42.5081558227539,-8.88602542877197,"Unknown"
"9004157",371992,2025-06-09 13:24:16,42.5065574645996,-8.88703441619873,"Unknown"
"9004157",371992,2025-06-09 13:29:28,42.5071983337402,-8.88931369781494,"Unknown"
"9004157",371992,2025-06-09 13:34:27,42.5072746276855,-8.88951110839844,"Unknown"
"9004157",371992,2025-06-09 13:39:17,42.5074653625488,-8.88939380645752,"Unknown"
"9004157",371992,2025-06-09 13:44:16,42.5074577331543,-8.88943290710449,"Unknown"
"9004157",371992,2025-06-09 13:49:16,42.5074424743652,-8.88942432403564,"Unknown"
"9004157",371992,2025-06-09 13:54:16,42.5074691772461,-8.88945579528809,"Unknown"
"9004157",371992,2025-06-09 13:59:16,42.507438659668,-8.88943290710449,"Unknown"
"9004157",371992,2025-06-09 14:04:16,42.5074501037598,-8.88940811157227,"Unknown"
"9004157",371992,2025-06-09 14:09:16,42.5074195861816,-8.88941764831543,"Unknown"
"9004157",371992,2025-06-09 14:14:16,42.5074119567871,-8.88943862915039,"Unknown"
"9004157",371992,2025-06-09 14:19:16,42.5073699951172,-8.8894157409668,"Unknown"
"9004157",371992,2025-06-09 14:24:16,42.5073547363281,-8.88939666748047,"Unknown"
"9004157",371992,2025-06-09 14:29:16,42.5073394775391,-8.88940620422363,"Unknown"
"9004157",371992,2025-06-09 14:34:16,42.5073165893555,-8.88940238952637,"Unknown"
"9004157",371992,2025-06-09 14:39:16,42.5073280334473,-8.88941287994385,"Unknown"
"9004157",371992,2025-06-09 14:44:16,42.5073280334473,-8.88941287994385,"Unknown"
"9004157",371992,2025-06-09 14:49:16,42.5073623657227,-8.88942527770996,"Unknown"
"9004157",371992,2025-06-09 14:54:21,42.5107231140137,-8.88450622558594,"Unknown"
"9004157",371992,2025-06-09 15:00:14,42.5106544494629,-8.88489055633545,"Unknown"
"9004157",371992,2025-06-09 15:04:57,42.5099868774414,-8.88702964782715,"Unknown"
"9004157",371992,2025-06-09 15:09:58,42.5104751586914,-8.88717555999756,"Unknown"
"9004157",371992,2025-06-09 15:14:58,42.5110168457031,-8.88823509216309,"Unknown"
"9004157",371992,2025-06-09 15:20:00,42.5118980407715,-8.88884830474854,"Unknown"
"9004157",371992,2025-06-09 15:25:01,42.5113906860352,-8.88946533203125,"Unknown"
"9004157",371992,2025-06-09 15:30:01,42.5116806030273,-8.89001846313477,"Unknown"
"9004157",371992,2025-06-09 15:35:00,42.5122146606445,-8.89006423950195,"Unknown"
"9004157",371992,2025-06-09 15:39:57,42.5125885009766,-8.89075756072998,"Unknown"
"9004157",371992,2025-06-09 15:44:56,42.5132026672363,-8.89071750640869,"Unknown"
"9004157",371992,2025-06-09 15:50:04,42.5127220153809,-8.88934421539307,"Unknown"
"9004157",371992,2025-06-09 15:54:55,42.5128326416016,-8.88921642303467,"Unknown"
"9004157",371992,2025-06-09 16:00:06,42.5127601623535,-8.88838481903076,"Unknown"
"9004157",371992,2025-06-09 16:04:56,42.5096549987793,-8.87869930267334,"Unknown"
"9004157",371992,2025-06-09 16:10:00,42.5078506469727,-8.87955760955811,"Unknown"
"9004157",371992,2025-06-09 16:27:28,42.5112152099609,-8.88508224487305,"Unknown"
"9004157",371992,2025-06-09 16:42:23,42.5027236938477,-8.89708042144775,"Unknown"
"9004157",371992,2025-06-09 16:46:51,42.4805564880371,-8.93287944793701,"Unknown"
"9004157",371992,2025-06-09 16:51:52,42.480899810791,-8.93655109405518,"Unknown"
"9004157",371992,2025-06-09 16:56:51,42.4808692932129,-8.93638515472412,"Unknown"
"9004157",371992,2025-06-09 17:01:51,42.4808731079102,-8.9364538192749,"Unknown"
"9004157",371992,2025-06-09 17:06:51,42.4807662963867,-8.93638038635254,"Unknown"
"9004157",371992,2025-06-09 17:11:58,42.480770111084,-8.93618583679199,"Unknown"
"9004157",371992,2025-06-09 17:17:00,42.4806480407715,-8.93600368499756,"Unknown"
"9004157",371992,2025-06-09 17:22:03,42.4807662963867,-8.93622016906738,"Unknown"
"9004157",371992,2025-06-09 17:27:13,42.4805564880371,-8.93584632873535,"Unknown"
"9004157",371992,2025-06-09 17:31:50,42.4804992675781,-8.93601703643799,"Unknown"
"9004157",371992,2025-06-09 17:36:51,42.4805030822754,-8.93604564666748,"Unknown"
"9004157",371992,2025-06-09 17:41:50,42.4804000854492,-8.93607521057129,"Unknown"
"9004157",371992,2025-06-09 17:47:04,42.4804306030273,-8.93708324432373,"Unknown"
"9004157",371992,2025-06-09 17:51:52,42.4789962768555,-8.93926906585693,"Unknown"
"9004157",371992,2025-06-09 17:57:23,42.4328804016113,-8.93798446655273,"Unknown"
"9004157",371992,2025-06-09 18:02:01,42.4320259094238,-8.93699645996094,"Unknown"
"9004157",371992,2025-06-09 18:07:00,42.4308280944824,-8.93627071380615,"Unknown"
"9004157",371992,2025-06-09 18:11:55,42.4296455383301,-8.93576145172119,"Unknown"
"9004157",371992,2025-06-09 18:17:00,42.4287757873535,-8.93525409698486,"Unknown"
"9004157",371992,2025-06-09 18:22:00,42.4277496337891,-8.93399238586426,"Unknown"
"9004157",371992,2025-06-09 18:27:03,42.4269256591797,-8.93385410308838,"Unknown"
"9004157",371992,2025-06-09 18:32:02,42.426097869873,-8.93508529663086,"Unknown"
"9004157",371992,2025-06-09 18:37:03,42.4123573303223,-8.92930889129639,"Unknown"
"9004157",371992,2025-06-09 18:42:05,42.3996696472168,-8.92148494720459,"Unknown"
"9004157",371992,2025-06-09 18:47:14,42.3993873596191,-8.92072486877441,"Unknown"
"9004157",371992,2025-06-09 18:52:00,42.4000930786133,-8.92151069641113,"Unknown"
"9004157",371992,2025-06-09 18:56:55,42.3992156982422,-8.920729637146,"Unknown"
"9004157",371992,2025-06-09 19:02:08,42.3991775512695,-8.92076301574707,"Unknown"
"9004157",371992,2025-06-09 19:07:13,42.3980293273926,-8.92080497741699,"Unknown"
"9004157",371992,2025-06-09 19:11:55,42.3996696472168,-8.92075347900391,"Unknown"
"9004157",371992,2025-06-09 19:16:51,42.3995094299316,-8.92068672180176,"Unknown"
"9004157",371992,2025-06-09 19:21:53,42.3997116088867,-8.92077255249023,"Unknown"
"9004157",371992,2025-06-09 19:26:51,42.3995742797852,-8.92073345184326,"Unknown"
"9004157",371992,2025-06-09 19:32:15,42.3981475830078,-8.9209508895874,"Unknown"
"9004157",371992,2025-06-09 19:36:51,42.3982620239258,-8.92098712921143,"Unknown"
"9004157",371992,2025-06-09 19:41:53,42.3981666564941,-8.9209623336792,"Unknown"
"9004157",371992,2025-06-09 19:47:23,42.3990783691406,-8.92126655578613,"Unknown"
"9004157",371992,2025-06-09 19:51:59,42.3989791870117,-8.92121028900146,"Unknown"
"9004157",371992,2025-06-09 19:56:55,42.3990173339844,-8.92115783691406,"Unknown"
"9004157",371992,2025-06-09 20:01:58,42.3990135192871,-8.92122459411621,"Unknown"
"9004157",371992,2025-06-09 20:06:54,42.3989181518555,-8.92123699188232,"Unknown"
"9004157",371992,2025-06-09 20:12:00,42.3990821838379,-8.92182350158691,"Unknown"
"9004157",371992,2025-06-09 20:16:57,42.3990440368652,-8.92187404632568,"Unknown"
"9004157",371992,2025-06-09 20:22:00,42.3990058898926,-8.92188930511475,"Unknown"
"9004157",371992,2025-06-09 20:26:55,42.3990249633789,-8.92193508148193,"Unknown"
"9004157",371992,2025-06-09 20:32:05,42.3990058898926,-8.92164134979248,"Unknown"
"9004157",371992,2025-06-09 20:36:53,42.399097442627,-8.92184638977051,"Unknown"
"9004157",371992,2025-06-09 20:42:00,42.3989143371582,-8.9213342666626,"Unknown"
"9004157",371992,2025-06-09 20:47:00,42.3989105224609,-8.92139053344727,"Unknown"
"9004157",371992,2025-06-09 20:52:01,42.3988914489746,-8.92130470275879,"Unknown"
"9004157",371992,2025-06-09 20:57:00,42.3989028930664,-8.92130088806152,"Unknown"
"9004157",371992,2025-06-09 21:02:00,42.3989105224609,-8.92124462127686,"Unknown"
"9004157",371992,2025-06-09 21:07:00,42.3988761901855,-8.92124462127686,"Unknown"
"9004157",371992,2025-06-09 21:12:00,42.3988609313965,-8.92123985290527,"Unknown"
"9004157",371992,2025-06-09 21:17:00,42.3988723754883,-8.92124462127686,"Unknown"
"9004157",371992,2025-06-09 21:22:14,42.3988761901855,-8.92122840881348,"Unknown"
"9004157",371992,2025-06-09 21:26:51,42.3989486694336,-8.92130756378174,"Unknown"
"9004157",371992,2025-06-09 21:31:53,42.3988418579102,-8.92110538482666,"Unknown"
"9004157",371992,2025-06-09 21:36:51,42.3988761901855,-8.92125606536865,"Unknown"
"9004157",371992,2025-06-09 21:41:51,42.3988380432129,-8.92102146148682,"Unknown"
"9004157",371992,2025-06-09 21:47:24,42.3987998962402,-8.92113018035889,"Unknown"
"9004157",371992,2025-06-09 21:51:52,42.3988914489746,-8.92112636566162,"Unknown"
"9004157",371992,2025-06-09 21:57:14,42.398853302002,-8.92122364044189,"Unknown"
"9004157",371992,2025-06-09 22:01:55,42.3988647460938,-8.92125415802002,"Unknown"
"9004157",371992,2025-06-09 22:06:53,42.398868560791,-8.92117595672607,"Unknown"
"9004157",371992,2025-06-09 22:12:02,42.3988723754883,-8.92123317718506,"Unknown"
"9004157",371992,2025-06-09 22:16:57,42.3988265991211,-8.92107105255127,"Unknown"
"9004157",371992,2025-06-09 22:21:53,42.3989486694336,-8.92157459259033,"Unknown"
"9004157",371992,2025-06-09 22:26:59,42.3987808227539,-8.92093372344971,"Unknown"
"9004157",371992,2025-06-09 22:31:51,42.3988380432129,-8.92099761962891,"Unknown"
"9004157",371992,2025-06-09 22:36:54,42.3988914489746,-8.92113780975342,"Unknown"
"9004157",371992,2025-06-09 22:41:51,42.3988227844238,-8.9210376739502,"Unknown"
"9004157",371992,2025-06-09 22:47:15,42.3988647460938,-8.92108535766602,"Unknown"
"9004157",371992,2025-06-09 22:51:54,42.398853302002,-8.9211254119873,"Unknown"
"9004157",371992,2025-06-09 22:56:55,42.3987998962402,-8.92097854614258,"Unknown"
"9004157",371992,2025-06-09 23:01:53,42.3988456726074,-8.92092895507812,"Unknown"
"9004157",371992,2025-06-09 23:06:57,42.398811340332,-8.92103672027588,"Unknown"
"9004157",371992,2025-06-09 23:11:54,42.3988723754883,-8.92118644714355,"Unknown"
"9004157",371992,2025-06-09 23:16:52,42.3988609313965,-8.9211540222168,"Unknown"
"9004157",371992,2025-06-09 23:21:52,42.3987426757812,-8.92080688476562,"Unknown"
"9004157",371992,2025-06-09 23:26:55,42.3988571166992,-8.92112922668457,"Unknown"
"9004157",371992,2025-06-09 23:32:23,42.3988571166992,-8.92083740234375,"Unknown"
"9004157",371992,2025-06-09 23:37:14,42.3988342285156,-8.92146110534668,"Unknown"
"9004157",371992,2025-06-09 23:42:22,42.3987770080566,-8.92099189758301,"Unknown"
"9004157",371992,2025-06-09 23:46:50,42.3987808227539,-8.92101287841797,"Unknown"
"9004157",371992,2025-06-09 23:51:51,42.3988304138184,-8.92129135131836,"Unknown"
"9004157",371992,2025-06-09 23:56:50,42.3988342285156,-8.9210729598999,"Unknown"
"9004157",371992,2025-06-10 00:01:50,42.398754119873,-8.92102146148682,"Unknown"
"9004157",371992,2025-06-10 00:06:50,42.3987350463867,-8.92074871063232,"Unknown"
"9004157",371992,2025-06-10 00:11:50,42.3988571166992,-8.92104339599609,"Unknown"
"9004157",371992,2025-06-10 00:16:50,42.3989067077637,-8.92125129699707,"Unknown"
"9004157",371992,2025-06-10 00:21:51,42.3987350463867,-8.92119216918945,"Unknown"
"9004157",371992,2025-06-10 00:26:51,42.3988342285156,-8.9210844039917,"Unknown"
"9004157",371992,2025-06-10 00:31:51,42.3988342285156,-8.92104911804199,"Unknown"
"9004157",371992,2025-06-10 00:36:50,42.3989448547363,-8.92120456695557,"Unknown"
"9004157",371992,2025-06-10 00:41:50,42.3990173339844,-8.92138862609863,"Unknown"
"9004157",371992,2025-06-10 00:46:50,42.3989486694336,-8.92105579376221,"Unknown"
"9004157",371992,2025-06-10 00:51:50,42.3988914489746,-8.92102527618408,"Unknown"
"9004157",371992,2025-06-10 00:57:13,42.3988380432129,-8.92087841033936,"Unknown"
"9004157",371992,2025-06-10 01:01:50,42.3989601135254,-8.92129993438721,"Unknown"
"9004157",371992,2025-06-10 01:06:53,42.3989486694336,-8.92128849029541,"Unknown"
"9004157",371992,2025-06-10 01:11:58,42.3987693786621,-8.92107963562012,"Unknown"
"9004157",371992,2025-06-10 01:17:06,42.3987884521484,-8.92093467712402,"Unknown"
"9004157",371992,2025-06-10 01:22:14,42.3987922668457,-8.92092418670654,"Unknown"
"9004157",371992,2025-06-10 01:26:53,42.398796081543,-8.92095279693604,"Unknown"
"9004157",371992,2025-06-10 01:31:53,42.3987846374512,-8.92080211639404,"Unknown"
"9004157",371992,2025-06-10 01:36:53,42.3987693786621,-8.92068004608154,"Unknown"
"9004157",371992,2025-06-10 01:41:59,42.3987503051758,-8.92072010040283,"Unknown"
"9004157",371992,2025-06-10 01:47:29,42.3988609313965,-8.92119216918945,"Unknown"
"9004157",371992,2025-06-10 01:51:53,42.3988914489746,-8.92140579223633,"Unknown"
"9004157",371992,2025-06-10 01:56:53,42.39892578125,-8.92150211334229,"Unknown"
"9004157",371992,2025-06-10 02:01:53,42.3989295959473,-8.92142200469971,"Unknown"
"9004157",371992,2025-06-10 02:06:55,42.3988609313965,-8.92117881774902,"Unknown"
"9004157",371992,2025-06-10 02:11:55,42.3988838195801,-8.92119407653809,"Unknown"
"9004157",371992,2025-06-10 02:16:57,42.3988914489746,-8.92119121551514,"Unknown"
"9004157",371992,2025-06-10 02:22:14,42.3988647460938,-8.92114448547363,"Unknown"
"9004157",371992,2025-06-10 02:26:55,42.3989334106445,-8.92120456695557,"Unknown"
"9004157",371992,2025-06-10 02:31:54,42.3987922668457,-8.92104530334473,"Unknown"
"9004157",371992,2025-06-10 02:37:00,42.3988723754883,-8.92111110687256,"Unknown"
"9004157",371992,2025-06-10 02:42:47,42.3988571166992,-8.92117023468018,"Unknown"
"9004157",371992,2025-06-10 02:46:59,42.3988800048828,-8.92117595672607,"Unknown"
"9004157",371992,2025-06-10 02:52:34,42.3984565734863,-8.92203140258789,"Unknown"
"9004157",371992,2025-06-10 02:57:00,42.3988800048828,-8.92129421234131,"Unknown"
"9004157",371992,2025-06-10 03:02:00,42.3987770080566,-8.92087745666504,"Unknown"
"9004157",371992,2025-06-10 03:07:00,42.3988075256348,-8.92101001739502,"Unknown"
"9004157",371992,2025-06-10 03:12:29,42.3989067077637,-8.92112255096436,"Unknown"
"9004157",371992,2025-06-10 03:16:52,42.3989028930664,-8.92114162445068,"Unknown"
"9004157",371992,2025-06-10 03:22:21,42.3987045288086,-8.92046165466309,"Unknown"
"9004157",371992,2025-06-10 03:26:53,42.3987159729004,-8.92024230957031,"Unknown"
"9004157",371992,2025-06-10 03:32:11,42.3987121582031,-8.92129707336426,"Unknown"
"9004157",371992,2025-06-10 03:37:03,42.3988037109375,-8.92056751251221,"Unknown"
"9004157",371992,2025-06-10 03:42:04,42.3987998962402,-8.92124462127686,"Unknown"
"9004157",371992,2025-06-10 03:47:57,42.3988075256348,-8.92156410217285,"Unknown"
"9004157",371992,2025-06-10 03:52:00,42.3987998962402,-8.92186164855957,"Unknown"
"9004157",371992,2025-06-10 03:57:07,42.3985710144043,-8.92216396331787,"Unknown"
"9004157",371992,2025-06-10 04:02:35,42.3984184265137,-8.92264366149902,"Unknown"
"9004157",371992,2025-06-10 04:07:00,42.3987808227539,-8.9220666885376,"Unknown"
"9004157",371992,2025-06-10 04:12:06,42.3986892700195,-8.92238998413086,"Unknown"
"9004157",371992,2025-06-10 04:17:06,42.398567199707,-8.92240238189697,"Unknown"
"9004157",371992,2025-06-10 04:27:14,42.3987922668457,-8.92120456695557,"Unknown"
"9004157",371992,2025-06-10 04:32:51,42.3988418579102,-8.92117691040039,"Unknown"
"9004157",371992,2025-06-10 04:37:35,42.3988265991211,-8.92125606536865,"Unknown"
"9004157",371992,2025-06-10 04:41:52,42.3986053466797,-8.92179298400879,"Unknown"
"9004157",371992,2025-06-10 04:47:11,42.3990707397461,-8.92068481445312,"Unknown"
"9004157",371992,2025-06-10 04:52:14,42.3988952636719,-8.92085456848145,"Unknown"
"9004157",371992,2025-06-10 04:56:55,42.3988876342773,-8.92076206207275,"Unknown"
"9004157",371992,2025-06-10 05:02:07,42.3988723754883,-8.92055034637451,"Unknown"
"9004157",371992,2025-06-10 05:07:01,42.39892578125,-8.92055511474609,"Unknown"
"9004157",371992,2025-06-10 05:12:00,42.3989143371582,-8.92059993743896,"Unknown"
"9004157",371992,2025-06-10 05:18:14,42.3988761901855,-8.92111968994141,"Unknown"
"9004157",371992,2025-06-10 05:23:14,42.3988609313965,-8.92104625701904,"Unknown"
"9004157",371992,2025-06-10 05:28:14,42.3988761901855,-8.92106151580811,"Unknown"
"9004157",371992,2025-06-10 05:33:14,42.3988914489746,-8.92111778259277,"Unknown"
"9004157",371992,2025-06-10 05:36:53,42.3989906311035,-8.9210901260376,"Unknown"
"9004157",371992,2025-06-10 05:42:30,42.3989295959473,-8.92098617553711,"Unknown"
"9004157",371992,2025-06-10 05:48:14,42.3989524841309,-8.92114067077637,"Unknown"
"9004157",371992,2025-06-10 05:51:58,42.3989562988281,-8.92118549346924,"Unknown"
"9004157",371992,2025-06-10 05:56:54,42.3989334106445,-8.92118263244629,"Unknown"
"9004157",371992,2025-06-10 06:01:51,42.3989677429199,-8.92110443115234,"Unknown"
"9004157",371992,2025-06-10 06:06:51,42.3989677429199,-8.92100811004639,"Unknown"
"9004157",371992,2025-06-10 06:11:51,42.3989219665527,-8.92095947265625,"Unknown"
"9004157",371992,2025-06-10 06:16:51,42.3988800048828,-8.92095756530762,"Unknown"
"9004157",371992,2025-06-10 06:21:51,42.3988380432129,-8.92093467712402,"Unknown"
"9004157",371992,2025-06-10 06:26:51,42.3988456726074,-8.92106533050537,"Unknown"
"9004157",371992,2025-06-10 06:31:52,42.398853302002,-8.92012500762939,"Unknown"
"9004157",371992,2025-06-10 06:36:54,42.3989524841309,-8.91965484619141,"Unknown"
"9004157",371992,2025-06-10 06:42:00,42.3987464904785,-8.92177104949951,"Unknown"
"9004157",371992,2025-06-10 06:47:15,42.3986778259277,-8.92199611663818,"Unknown"
"9004157",371992,2025-06-10 06:51:51,42.3986282348633,-8.92218112945557,"Unknown"
"9004157",371992,2025-06-10 06:56:57,42.3988265991211,-8.92108154296875,"Unknown"
"9004157",371992,2025-06-10 07:01:54,42.3988571166992,-8.92242622375488,"Unknown"
"9004157",371992,2025-06-10 07:06:51,42.3987998962402,-8.92197799682617,"Unknown"
"9004157",371992,2025-06-10 07:11:51,42.3987007141113,-8.92041206359863,"Unknown"
"9004157",371992,2025-06-10 07:16:52,42.398853302002,-8.92106056213379,"Unknown"
"9004157",371992,2025-06-10 07:21:53,42.3987159729004,-8.92130184173584,"Unknown"
"9004157",371992,2025-06-10 07:26:51,42.3987655639648,-8.92142868041992,"Unknown"
"9004157",371992,2025-06-10 07:32:23,42.3988914489746,-8.92105865478516,"Unknown"
"9004157",371992,2025-06-10 07:36:50,42.3989868164062,-8.92114448547363,"Unknown"
"9004157",371992,2025-06-10 07:41:50,42.3990058898926,-8.92115688323975,"Unknown"
"9004157",371992,2025-06-10 07:46:50,42.3989448547363,-8.92112731933594,"Unknown"
"9004157",371992,2025-06-10 07:51:50,42.3988800048828,-8.92104911804199,"Unknown"
"9004157",371992,2025-06-10 07:56:50,42.3989486694336,-8.92111015319824,"Unknown"
"9004157",371992,2025-06-10 08:01:50,42.3989067077637,-8.92114162445068,"Unknown"
"9004157",371992,2025-06-10 08:06:50,42.3989219665527,-8.92108917236328,"Unknown"
"9004157",371992,2025-06-10 08:11:54,42.3989524841309,-8.9212646484375,"Unknown"
"9004157",371992,2025-06-10 08:16:54,42.3989028930664,-8.92116165161133,"Unknown"
"9004157",371992,2025-06-10 08:21:51,42.4063873291016,-8.92019176483154,"Unknown"
"9004157",371992,2025-06-10 08:26:52,42.4437789916992,-8.9104585647583,"Unknown"
"9004157",371992,2025-06-10 08:31:53,42.4437675476074,-8.9108304977417,"Unknown"
"9004157",371992,2025-06-10 08:36:52,42.4433670043945,-8.91213417053223,"Unknown"
"9004157",371992,2025-06-10 08:41:52,42.444263458252,-8.91291904449463,"Unknown"
"9004157",371992,2025-06-10 08:46:51,42.450065612793,-8.9175853729248,"Unknown"
"9004157",371992,2025-06-10 08:51:52,42.4499740600586,-8.91754245758057,"Unknown"
"9004157",371992,2025-06-10 08:56:51,42.4500541687012,-8.91763305664062,"Unknown"
"9004157",371992,2025-06-10 09:01:51,42.4500465393066,-8.91779708862305,"Unknown"
"9004157",371992,2025-06-10 09:06:53,42.4500122070312,-8.91771030426025,"Unknown"
"9004157",371992,2025-06-10 09:11:53,42.4500923156738,-8.91799640655518,"Unknown"
"9004157",371992,2025-06-10 09:16:53,42.4500160217285,-8.917724609375,"Unknown"
"9004157",371992,2025-06-10 09:21:53,42.4499778747559,-8.91768455505371,"Unknown"
"9004157",371992,2025-06-10 09:27:01,42.4501037597656,-8.91800117492676,"Unknown"
"9004157",371992,2025-06-10 09:31:59,42.4500885009766,-8.91796684265137,"Unknown"
"9004157",371992,2025-06-10 09:36:54,42.4501113891602,-8.91804695129395,"Unknown"
"9004157",371992,2025-06-10 09:42:00,42.4501533508301,-8.91793060302734,"Unknown"
"9004157",371992,2025-06-10 09:46:52,42.4500961303711,-8.91792488098145,"Unknown"
"9004157",371992,2025-06-10 09:52:00,42.4500694274902,-8.91794872283936,"Unknown"
"9004157",371992,2025-06-10 09:57:01,42.4500846862793,-8.9179801940918,"Unknown"
"9004157",371992,2025-06-10 10:01:52,42.4500122070312,-8.91764736175537,"Unknown"
"9004157",371992,2025-06-10 10:07:00,42.450080871582,-8.91795825958252,"Unknown"
"9004157",371992,2025-06-10 10:12:00,42.4500961303711,-8.91793537139893,"Unknown"
"9004157",371992,2025-06-10 10:17:14,42.4500503540039,-8.91786098480225,"Unknown"
"9004157",371992,2025-06-10 10:21:51,42.4500503540039,-8.91790771484375,"Unknown"
"9004157",371992,2025-06-10 10:26:51,42.4500274658203,-8.91780853271484,"Unknown"
"9004157",371992,2025-06-10 10:31:51,42.4500350952148,-8.91783237457275,"Unknown"
"9004157",371992,2025-06-10 10:36:51,42.4500503540039,-8.91782855987549,"Unknown"
"9004157",371992,2025-06-10 10:41:51,42.4500770568848,-8.91782283782959,"Unknown"
"9004157",371992,2025-06-10 10:47:15,42.450008392334,-8.91779804229736,"Unknown"
"9004157",371992,2025-06-10 10:51:55,42.4500885009766,-8.91792774200439,"Unknown"
"9004157",371992,2025-06-10 10:57:03,42.4500274658203,-8.91799831390381,"Unknown"
"9004157",371992,2025-06-10 11:02:00,42.4503860473633,-8.91749000549316,"Unknown"
"9004157",371992,2025-06-10 11:07:14,42.4500961303711,-8.91788482666016,"Unknown"
"9004157",371992,2025-06-10 11:11:55,42.4497299194336,-8.91799259185791,"Unknown"
"9004157",371992,2025-06-10 11:16:51,42.4500617980957,-8.91772270202637,"Unknown"
"9004157",371992,2025-06-10 11:21:54,42.4499015808105,-8.91775608062744,"Unknown"
"9004157",371992,2025-06-10 11:26:51,42.4498329162598,-8.91779327392578,"Unknown"
"9004157",371992,2025-06-10 11:32:43,42.4731407165527,-8.9392204284668,"Unknown"
"9004157",371992,2025-06-10 11:37:01,42.4974403381348,-8.89692115783691,"Unknown"
"9004157",371992,2025-06-10 11:42:03,42.5069923400879,-8.87283802032471,"Unknown"
"9004157",371992,2025-06-10 11:47:57,42.5071716308594,-8.87116050720215,"Unknown"
"9004157",371992,2025-06-10 11:54:19,42.50634765625,-8.8730640411377,"Unknown"
"9004157",371992,2025-06-10 12:00:14,42.5063133239746,-8.87425136566162,"Unknown"
"9004157",371992,2025-06-10 12:05:13,42.506591796875,-8.87347984313965,"Unknown"
"9004157",371992,2025-06-10 12:10:12,42.5079154968262,-8.87237739562988,"Unknown"
"9004157",371992,2025-06-10 12:17:09,42.5080146789551,-8.86987781524658,"Unknown"
"9004157",371992,2025-06-10 12:22:48,42.5084800720215,-8.87121772766113,"Unknown"
"9004157",371992,2025-06-10 12:39:05,42.5091896057129,-8.87263774871826,"Unknown"
"9004157",371992,2025-06-10 12:45:15,42.5083122253418,-8.87283706665039,"Unknown"
"9004157",371992,2025-06-10 12:50:18,42.509464263916,-8.87092018127441,"Unknown"
"9004157",371992,2025-06-10 12:55:18,42.5094604492188,-8.87130165100098,"Unknown"
"9004157",371992,2025-06-10 13:00:39,42.5083656311035,-8.87329864501953,"Unknown"
"9004157",371992,2025-06-10 13:07:11,42.5074234008789,-8.8747386932373,"Unknown"
"9004157",371992,2025-06-10 13:12:22,42.5064392089844,-8.87552738189697,"Unknown"
"9004157",371992,2025-06-10 13:17:15,42.506290435791,-8.87553596496582,"Unknown"
"9004157",371992,2025-06-10 13:22:11,42.5056076049805,-8.87831687927246,"Unknown"
"9004157",371992,2025-06-10 13:27:18,42.5053176879883,-8.87899684906006,"Unknown"
"9004157",371992,2025-06-10 13:32:19,42.5052070617676,-8.87908267974854,"Unknown"
"9004157",371992,2025-06-10 13:37:13,42.5051956176758,-8.8790807723999,"Unknown"
"9004157",371992,2025-06-10 13:42:19,42.5049057006836,-8.87927913665771,"Unknown"
"9004157",371992,2025-06-10 13:47:21,42.5046463012695,-8.87943363189697,"Unknown"
"9004157",371992,2025-06-10 13:52:35,42.5048332214355,-8.87938594818115,"Unknown"
"9004157",371992,2025-06-10 13:57:09,42.5049324035645,-8.87952518463135,"Unknown"
"9004157",371992,2025-06-10 14:02:10,42.5048828125,-8.87953090667725,"Unknown"
"9004157",371992,2025-06-10 14:07:09,42.5049095153809,-8.8795690536499,"Unknown"
"9004157",371992,2025-06-10 14:12:09,42.5048637390137,-8.87962341308594,"Unknown"
"9004157",371992,2025-06-10 14:17:10,42.5048027038574,-8.87957954406738,"Unknown"
"9004157",371992,2025-06-10 14:22:11,42.5048179626465,-8.87959766387939,"Unknown"
"9004157",371992,2025-06-10 14:27:10,42.5048179626465,-8.87971591949463,"Unknown"
"9004157",371992,2025-06-10 14:32:10,42.5047798156738,-8.87971687316895,"Unknown"
"9004157",371992,2025-06-10 14:37:09,42.5068550109863,-8.87785911560059,"Unknown"
"9004157",371992,2025-06-10 14:42:30,42.5082015991211,-8.87715435028076,"Unknown"
"9004157",371992,2025-06-10 14:48:19,42.5064964294434,-8.87699890136719,"Unknown"
"9004157",371992,2025-06-10 14:53:19,42.5068817138672,-8.87601184844971,"Unknown"
"9004157",371992,2025-06-10 14:58:38,42.5069885253906,-8.87699890136719,"Unknown"
"9004157",371992,2025-06-10 15:03:37,42.5057945251465,-8.87835884094238,"Unknown"
"9004157",371992,2025-06-10 15:08:37,42.504753112793,-8.88016128540039,"Unknown"
"9004157",371992,2025-06-10 15:13:38,42.5048751831055,-8.88005065917969,"Unknown"
"9004157",371992,2025-06-10 15:18:37,42.5048828125,-8.8800802230835,"Unknown"
"9004157",371992,2025-06-10 15:23:37,42.5048332214355,-8.87999057769775,"Unknown"
"9004157",371992,2025-06-10 15:28:37,42.5048065185547,-8.87995719909668,"Unknown"
"9004157",371992,2025-06-10 15:33:40,42.5047340393066,-8.87995433807373,"Unknown"
"9004157",371992,2025-06-10 15:38:40,42.5048942565918,-8.88004493713379,"Unknown"
"9004157",371992,2025-06-10 15:43:39,42.5049781799316,-8.88004589080811,"Unknown"
"9004157",371992,2025-06-10 15:48:39,42.5049324035645,-8.88006591796875,"Unknown"
"9004157",371992,2025-06-10 15:53:38,42.5049514770508,-8.88017845153809,"Unknown"
"9004157",371992,2025-06-10 15:58:38,42.5049896240234,-8.88008880615234,"Unknown"
"9004157",371992,2025-06-10 16:03:38,42.5049629211426,-8.88042259216309,"Unknown"
"9004157",371992,2025-06-10 16:08:39,42.5048561096191,-8.87996959686279,"Unknown"
"9004157",371992,2025-06-10 16:13:39,42.5050888061523,-8.88019371032715,"Unknown"
"9004157",371992,2025-06-10 16:18:39,42.5049667358398,-8.87999820709229,"Unknown"
"9004157",371992,2025-06-10 16:24:05,42.5049781799316,-8.88007640838623,"Unknown"
"9004157",371992,2025-06-10 16:28:38,42.5051460266113,-8.87990856170654,"Unknown"
"9004157",371992,2025-06-10 16:33:37,42.5049819946289,-8.87998390197754,"Unknown"
"9004157",371992,2025-06-10 16:38:37,42.5049934387207,-8.87992286682129,"Unknown"
"9004157",371992,2025-06-10 16:43:37,42.5050163269043,-8.87996578216553,"Unknown"
"9004157",371992,2025-06-10 16:48:37,42.5050201416016,-8.87999248504639,"Unknown"
"9004157",371992,2025-06-10 16:53:37,42.5050201416016,-8.88000011444092,"Unknown"
"9004157",371992,2025-06-10 16:58:37,42.5050163269043,-8.8798713684082,"Unknown"
"9004157",371992,2025-06-10 17:03:43,42.504997253418,-8.87999057769775,"Unknown"
"9004157",371992,2025-06-10 17:08:37,42.505012512207,-8.87998485565186,"Unknown"
"9004157",371992,2025-06-10 17:13:42,42.5050201416016,-8.88008213043213,"Unknown"
"9004157",371992,2025-06-10 17:18:41,42.5049858093262,-8.87996578216553,"Unknown"
"9004157",371992,2025-06-10 17:23:37,42.5050163269043,-8.88004875183105,"Unknown"
"9004157",371992,2025-06-10 17:28:38,42.5048675537109,-8.88008785247803,"Unknown"
"9004157",371992,2025-06-10 17:33:40,42.5049934387207,-8.88000297546387,"Unknown"
"9004157",371992,2025-06-10 17:38:39,42.504940032959,-8.87989234924316,"Unknown"
"9004157",371992,2025-06-10 17:43:40,42.5051231384277,-8.88035011291504,"Unknown"
"9004157",371992,2025-06-10 17:48:38,42.5048789978027,-8.88015460968018,"Unknown"
"9004157",371992,2025-06-10 18:19:59,42.503604888916,-8.88141345977783,"Unknown"
"9004157",371992,2025-06-10 18:23:55,42.5021438598633,-8.88397026062012,"Unknown"
"9004157",371992,2025-06-10 18:28:55,42.4803276062012,-8.93068027496338,"Unknown"
"9004157",371992,2025-06-10 18:33:54,42.4700889587402,-8.94345378875732,"Unknown"
"9004157",371992,2025-06-10 18:38:54,42.4701194763184,-8.943434715271,"Unknown"
"9004157",371992,2025-06-10 18:43:54,42.4483032226562,-8.93383502960205,"Unknown"
"9004157",371992,2025-06-10 18:49:14,42.4108543395996,-8.92530536651611,"Unknown"
"9004157",371992,2025-06-10 18:53:47,42.3986473083496,-8.92113018035889,"Unknown"
"9004157",371992,2025-06-10 18:58:54,42.3988189697266,-8.92079830169678,"Unknown"
"9004157",371992,2025-06-10 19:03:45,42.3988914489746,-8.92071723937988,"Unknown"
"9004157",371992,2025-06-10 19:10:08,42.3989486694336,-8.92115688323975,"Unknown"
"9004157",371992,2025-06-10 19:14:14,42.3991088867188,-8.92116165161133,"Unknown"
"9004157",371992,2025-06-10 19:18:44,42.398998260498,-8.92104244232178,"Unknown"
"9004157",371992,2025-06-10 19:23:44,42.3989944458008,-8.92103672027588,"Unknown"
"9004157",371992,2025-06-10 19:28:44,42.3990173339844,-8.92106819152832,"Unknown"
"9004157",371992,2025-06-10 19:33:45,42.3991355895996,-8.92112636566162,"Unknown"
"9004157",371992,2025-06-10 19:38:45,42.3987731933594,-8.92112922668457,"Unknown"
"9004157",371992,2025-06-10 19:43:44,42.3988647460938,-8.92117500305176,"Unknown"
"9004157",371992,2025-06-10 19:48:46,42.3989601135254,-8.92140007019043,"Unknown"
"9004157",371992,2025-06-10 19:53:48,42.3990135192871,-8.92132377624512,"Unknown"
"9004157",371992,2025-06-10 19:59:00,42.3987693786621,-8.92132186889648,"Unknown"
"9004157",371992,2025-06-10 20:03:45,42.3986778259277,-8.92086601257324,"Unknown"
"9004157",371992,2025-06-10 20:08:48,42.3989486694336,-8.921311378479,"Unknown"
"9004157",371992,2025-06-10 20:13:49,42.3989410400391,-8.92153263092041,"Unknown"
"9004157",371992,2025-06-10 20:18:54,42.3987503051758,-8.92113780975342,"Unknown"
"9004157",371992,2025-06-10 20:24:07,42.3988342285156,-8.92124652862549,"Unknown"
"9004157",371992,2025-06-10 20:28:56,42.3988914489746,-8.92127323150635,"Unknown"
"9004157",371992,2025-06-10 20:33:58,42.3987464904785,-8.92115497589111,"Unknown"
"9004157",371992,2025-06-10 20:39:05,42.3987693786621,-8.92117500305176,"Unknown"
"9004157",371992,2025-06-10 20:43:50,42.3988838195801,-8.92128276824951,"Unknown"
"9004157",371992,2025-06-10 20:48:55,42.3987731933594,-8.92116832733154,"Unknown"
"9004157",371992,2025-06-10 20:54:05,42.3988914489746,-8.92114353179932,"Unknown"
"9004157",371992,2025-06-10 20:58:46,42.3989486694336,-8.92106533050537,"Unknown"
"9004157",371992,2025-06-10 21:03:49,42.3988265991211,-8.92117881774902,"Unknown"
"9004157",371992,2025-06-10 21:08:48,42.3987083435059,-8.92119216918945,"Unknown"
"9004157",371992,2025-06-10 21:13:47,42.3988304138184,-8.9211597442627,"Unknown"
"9004157",371992,2025-06-10 21:18:55,42.3988151550293,-8.92117500305176,"Unknown"
"9004157",371992,2025-06-10 21:25:08,42.3987503051758,-8.92114734649658,"Unknown"
"9004157",371992,2025-06-10 21:29:24,42.3987846374512,-8.92113304138184,"Unknown"
"9004157",371992,2025-06-10 21:33:50,42.398868560791,-8.92111110687256,"Unknown"
"9004157",371992,2025-06-10 21:38:46,42.3987693786621,-8.92096900939941,"Unknown"
"9004157",371992,2025-06-10 21:43:48,42.3985748291016,-8.92095565795898,"Unknown"
"9004157",371992,2025-06-10 21:48:46,42.3985404968262,-8.92089653015137,"Unknown"
"9004157",371992,2025-06-10 21:53:49,42.3987121582031,-8.92091274261475,"Unknown"
"9004157",371992,2025-06-10 21:58:49,42.3988647460938,-8.92109107971191,"Unknown"
"9004157",371992,2025-06-10 22:03:53,42.3988456726074,-8.92110538482666,"Unknown"
"9004157",371992,2025-06-10 22:08:50,42.398796081543,-8.9210844039917,"Unknown"
"9004157",371992,2025-06-10 22:13:48,42.3985443115234,-8.92051887512207,"Unknown"
"9004157",371992,2025-06-10 22:18:46,42.3989486694336,-8.9211254119873,"Unknown"
"9004157",371992,2025-06-10 22:23:47,42.3989486694336,-8.92113208770752,"Unknown"
"9004157",371992,2025-06-10 22:28:50,42.3989753723145,-8.92103290557861,"Unknown"
"9004157",371992,2025-06-10 22:33:52,42.3989791870117,-8.92095470428467,"Unknown"
"9004157",371992,2025-06-10 22:38:45,42.3989105224609,-8.92105484008789,"Unknown"
"9004157",371992,2025-06-10 22:43:49,42.3988876342773,-8.92104530334473,"Unknown"
"9004157",371992,2025-06-10 22:48:55,42.3989219665527,-8.92101860046387,"Unknown"
"9004157",371992,2025-06-10 22:53:48,42.3987884521484,-8.92111492156982,"Unknown"
"9004157",371992,2025-06-10 22:58:49,42.3988456726074,-8.92103958129883,"Unknown"
"9004157",371992,2025-06-10 23:04:05,42.3989601135254,-8.92099666595459,"Unknown"
"9004157",371992,2025-06-10 23:08:44,42.3989181518555,-8.92097949981689,"Unknown"
"9004157",371992,2025-06-10 23:13:46,42.398681640625,-8.92119026184082,"Unknown"
"9004157",371992,2025-06-10 23:18:47,42.3987426757812,-8.92116451263428,"Unknown"
"9004157",371992,2025-06-10 23:23:45,42.3986968994141,-8.92119789123535,"Unknown"
"9004157",371992,2025-06-10 23:28:48,42.3987579345703,-8.92122650146484,"Unknown"
"9004157",371992,2025-06-10 23:33:47,42.3987426757812,-8.92117881774902,"Unknown"
"9004157",371992,2025-06-10 23:38:45,42.3987045288086,-8.92118263244629,"Unknown"
"9004157",371992,2025-06-10 23:43:48,42.3983993530273,-8.92222690582275,"Unknown"
"9004157",371992,2025-06-10 23:49:05,42.398796081543,-8.92123699188232,"Unknown"
"9004157",371992,2025-06-10 23:53:44,42.3988151550293,-8.92123603820801,"Unknown"
"9004157",371992,2025-06-10 23:58:44,42.3987922668457,-8.92122554779053,"Unknown"
"9004157",371992,2025-06-11 00:03:44,42.3988227844238,-8.92125415802002,"Unknown"
"9004157",371992,2025-06-11 00:08:44,42.3987998962402,-8.92123508453369,"Unknown"
"9004157",371992,2025-06-11 00:13:45,42.398853302002,-8.92144298553467,"Unknown"
"9004157",371992,2025-06-11 00:18:45,42.3988189697266,-8.92133235931396,"Unknown"
"9004157",371992,2025-06-11 00:23:47,42.3988456726074,-8.92136001586914,"Unknown"
"9004157",371992,2025-06-11 00:29:14,42.3988647460938,-8.92136859893799,"Unknown"
"9004157",371992,2025-06-11 00:34:05,42.3989601135254,-8.92154026031494,"Unknown"
"9004157",371992,2025-06-11 00:38:48,42.3989868164062,-8.9221019744873,"Unknown"
"9004157",371992,2025-06-11 00:43:50,42.3990325927734,-8.92182731628418,"Unknown"
"9004157",371992,2025-06-11 00:48:45,42.3988952636719,-8.92148399353027,"Unknown"
"9004157",371992,2025-06-11 00:54:12,42.3989067077637,-8.92150497436523,"Unknown"
"9004157",371992,2025-06-11 00:58:48,42.3987464904785,-8.92135810852051,"Unknown"
"9004157",371992,2025-06-11 01:03:45,42.3990249633789,-8.92116928100586,"Unknown"
"9004157",371992,2025-06-11 01:08:46,42.3989448547363,-8.9210729598999,"Unknown"
"9004157",371992,2025-06-11 01:13:46,42.3990859985352,-8.92137718200684,"Unknown"
"9004157",371992,2025-06-11 01:18:54,42.3989791870117,-8.92112064361572,"Unknown"
"9004157",371992,2025-06-11 01:23:45,42.3988189697266,-8.92074584960938,"Unknown"
"9004157",371992,2025-06-11 01:28:55,42.3989562988281,-8.92112827301025,"Unknown"
"9004157",371992,2025-06-11 01:33:48,42.3989868164062,-8.92124271392822,"Unknown"
"9004157",371992,2025-06-11 01:38:48,42.3989753723145,-8.92097282409668,"Unknown"
"9004157",371992,2025-06-11 01:43:43,42.3997611999512,-8.92233180999756,"Unknown"
"9004157",371992,2025-06-11 01:49:05,42.3990211486816,-8.9210262298584,"Unknown"
"9004157",371992,2025-06-11 01:53:44,42.3989944458008,-8.92111206054688,"Unknown"
"9004157",371992,2025-06-11 01:58:46,42.3991470336914,-8.92090797424316,"Unknown"
"9004157",371992,2025-06-11 02:03:47,42.3990631103516,-8.92095279693604,"Unknown"
"9004157",371992,2025-06-11 02:08:47,42.3989944458008,-8.92097473144531,"Unknown"
"9004157",371992,2025-06-11 02:13:45,42.3989219665527,-8.92104625701904,"Unknown"
"9004157",371992,2025-06-11 02:19:05,42.3990135192871,-8.92080783843994,"Unknown"
"9004157",371992,2025-06-11 02:23:46,42.3988571166992,-8.92096042633057,"Unknown"
"9004157",371992,2025-06-11 02:28:55,42.3989143371582,-8.92110347747803,"Unknown"
"9004157",371992,2025-06-11 02:33:44,42.3988380432129,-8.92116165161133,"Unknown"
"9004157",371992,2025-06-11 02:38:56,42.3988800048828,-8.92111873626709,"Unknown"
"9004157",371992,2025-06-11 02:43:56,42.3988571166992,-8.9210729598999,"Unknown"
"9004157",371992,2025-06-11 02:48:58,42.398796081543,-8.9210262298584,"Unknown"
"9004157",371992,2025-06-11 02:53:56,42.3988418579102,-8.92111682891846,"Unknown"
"9004157",371992,2025-06-11 02:58:58,42.3988494873047,-8.92103958129883,"Unknown"
"9004157",371992,2025-06-11 03:03:56,42.3987846374512,-8.92103672027588,"Unknown"
"9004157",371992,2025-06-11 03:08:56,42.3988952636719,-8.92107772827148,"Unknown"
"9004157",371992,2025-06-11 03:13:59,42.3988456726074,-8.92102813720703,"Unknown"
"9004157",371992,2025-06-11 03:18:59,42.3988151550293,-8.92104244232178,"Unknown"
"9004157",371992,2025-06-11 03:23:58,42.398853302002,-8.92110729217529,"Unknown"
"9004157",371992,2025-06-11 03:28:59,42.3988189697266,-8.92115783691406,"Unknown"
"9004157",371992,2025-06-11 03:34:00,42.3989219665527,-8.92100143432617,"Unknown"
"9004157",371992,2025-06-11 03:39:05,42.3989028930664,-8.92113494873047,"Unknown"
"9004157",371992,2025-06-11 03:43:49,42.3990287780762,-8.92058086395264,"Unknown"
"9004157",371992,2025-06-11 03:48:47,42.398853302002,-8.92112255096436,"Unknown"
"9004157",371992,2025-06-11 03:54:14,42.3987998962402,-8.92120838165283,"Unknown"
"9004157",371992,2025-06-11 03:58:47,42.3989143371582,-8.92119026184082,"Unknown"
"9004157",371992,2025-06-11 04:03:45,42.3991088867188,-8.9207763671875,"Unknown"
"9004157",371992,2025-06-11 04:08:44,42.3989524841309,-8.92106437683105,"Unknown"
"9004157",371992,2025-06-11 04:13:47,42.3988876342773,-8.92122936248779,"Unknown"
"9004157",371992,2025-06-11 04:18:48,42.3987579345703,-8.92128276824951,"Unknown"
"9004157",371992,2025-06-11 04:23:47,42.3983154296875,-8.92189884185791,"Unknown"
"9004157",371992,2025-06-11 04:28:49,42.3988380432129,-8.92105770111084,"Unknown"
"9004157",371992,2025-06-11 04:33:48,42.3989601135254,-8.92109107971191,"Unknown"
"9004157",371992,2025-06-11 04:38:47,42.3984413146973,-8.92180919647217,"Unknown"
"9004157",371992,2025-06-11 04:43:46,42.3984985351562,-8.92153263092041,"Unknown"
"9004157",371992,2025-06-11 04:49:05,42.3988800048828,-8.92118263244629,"Unknown"
"9004157",371992,2025-06-11 04:53:47,42.3991203308105,-8.92083263397217,"Unknown"
"9004157",371992,2025-06-11 04:58:48,42.3989753723145,-8.92111682891846,"Unknown"
"9004157",371992,2025-06-11 05:03:52,42.3988227844238,-8.92104530334473,"Unknown"
"9004157",371992,2025-06-11 05:08:47,42.3989868164062,-8.92105579376221,"Unknown"
"9004157",371992,2025-06-11 05:14:36,42.3997611999512,-8.92142677307129,"Unknown"
"9004157",371992,2025-06-11 05:18:59,42.3990287780762,-8.92116928100586,"Unknown"
"9004157",371992,2025-06-11 05:23:47,42.3990135192871,-8.92124557495117,"Unknown"
"9004157",371992,2025-06-11 05:28:45,42.3991165161133,-8.92121696472168,"Unknown"
"9004157",371992,2025-06-11 05:33:45,42.3987693786621,-8.92110157012939,"Unknown"
"9004157",371992,2025-06-11 05:38:49,42.3989868164062,-8.9211950302124,"Unknown"
"9004157",371992,2025-06-11 05:43:44,42.3989448547363,-8.92111587524414,"Unknown"
"9004157",371992,2025-06-11 05:48:44,42.3989791870117,-8.9212703704834,"Unknown"
"9004157",371992,2025-06-11 05:53:47,42.3991584777832,-8.92133712768555,"Unknown"
"9004157",371992,2025-06-11 05:58:44,42.3989639282227,-8.92119216918945,"Unknown"
"9004157",371992,2025-06-11 06:03:44,42.399040222168,-8.92125034332275,"Unknown"
"9004157",371992,2025-06-11 06:09:07,42.3989715576172,-8.9213924407959,"Unknown"
"9004157",371992,2025-06-11 06:15:04,42.3989524841309,-8.92148876190186,"Unknown"
"9004157",371992,2025-06-11 06:18:44,42.3988914489746,-8.9212532043457,"Unknown"
"9004157",371992,2025-06-11 06:23:45,42.3987922668457,-8.92108535766602,"Unknown"
"9004157",371992,2025-06-11 06:28:45,42.3990287780762,-8.9212064743042,"Unknown"
"9004157",371992,2025-06-11 06:33:44,42.3988914489746,-8.92132377624512,"Unknown"
"9004157",371992,2025-06-11 06:38:46,42.3988800048828,-8.9213285446167,"Unknown"
"9004157",371992,2025-06-11 06:43:48,42.3991088867188,-8.92163848876953,"Unknown"
"9004157",371992,2025-06-11 06:48:48,42.3989791870117,-8.92141342163086,"Unknown"
"9004157",371992,2025-06-11 06:54:05,42.3988800048828,-8.92098236083984,"Unknown"
"9004157",371992,2025-06-11 06:58:44,42.399055480957,-8.92093086242676,"Unknown"
"9004157",371992,2025-06-11 07:03:50,42.3990173339844,-8.92103099822998,"Unknown"
"9004157",371992,2025-06-11 07:08:44,42.3989677429199,-8.92099571228027,"Unknown"
"9004157",371992,2025-06-11 07:14:04,42.3988876342773,-8.92101383209229,"Unknown"
"9004157",371992,2025-06-11 07:18:44,42.3990364074707,-8.92100143432617,"Unknown"
"9004157",371992,2025-06-11 07:23:44,42.3989906311035,-8.92103576660156,"Unknown"
"9004157",371992,2025-06-11 07:28:45,42.3989410400391,-8.92100429534912,"Unknown"
"9004157",371992,2025-06-11 07:33:54,42.3989143371582,-8.92098140716553,"Unknown"
"9004157",371992,2025-06-11 07:38:44,42.39892578125,-8.92104434967041,"Unknown"
"9004157",371992,2025-06-11 07:43:44,42.3989524841309,-8.92106342315674,"Unknown"
"9004157",371992,2025-06-11 07:48:44,42.3989601135254,-8.92110443115234,"Unknown"
"9004157",371992,2025-06-11 07:53:45,42.4009284973145,-8.91920948028564,"Unknown"
"9004157",371992,2025-06-11 07:58:45,42.3995933532715,-8.92067050933838,"Unknown"
"9004157",371992,2025-06-11 08:03:44,42.3995513916016,-8.92062473297119,"Unknown"
"9004157",371992,2025-06-11 08:08:45,42.3997039794922,-8.92056655883789,"Unknown"
"9004157",371992,2025-06-11 08:13:44,42.4314231872559,-8.89473247528076,"Unknown"
"9004157",371992,2025-06-11 08:18:46,42.4521980285645,-8.93167400360107,"Unknown"
"9004157",371992,2025-06-11 08:23:45,42.4877128601074,-8.9262752532959,"Unknown"
"9004157",371992,2025-06-11 08:29:31,42.4966697692871,-8.90656852722168,"Unknown"
"9004157",371992,2025-06-11 08:35:15,42.4973793029785,-8.90392398834229,"Unknown"
"9004157",371992,2025-06-11 08:40:15,42.4986305236816,-8.89760494232178,"Unknown"
"9004157",371992,2025-06-11 08:45:42,42.5061950683594,-8.87355613708496,"Unknown"
"9004157",371992,2025-06-11 08:50:42,42.5052032470703,-8.87301445007324,"Unknown"
"9004157",371992,2025-06-11 08:55:45,42.5065612792969,-8.87148189544678,"Unknown"
"9004157",371992,2025-06-11 09:01:00,42.5078506469727,-8.87083530426025,"Unknown"
"9004157",371992,2025-06-11 09:06:02,42.5073852539062,-8.87181091308594,"Unknown"
"9004157",371992,2025-06-11 09:11:14,42.5069618225098,-8.87362098693848,"Unknown"
"9004157",371992,2025-06-11 09:17:06,42.5071144104004,-8.87162590026855,"Unknown"
"9004157",371992,2025-06-11 09:22:45,42.5083885192871,-8.87100505828857,"Unknown"
"9004157",371992,2025-06-11 09:27:44,42.5093688964844,-8.86940097808838,"Unknown"
"9004157",371992,2025-06-11 09:32:45,42.5095825195312,-8.86873531341553,"Unknown"
"9004157",371992,2025-06-11 09:37:44,42.5118255615234,-8.8589334487915,"Unknown"
"9004157",371992,2025-06-11 09:42:44,42.5118980407715,-8.85880851745605,"Unknown"
"9004157",371992,2025-06-11 09:48:05,42.511775970459,-8.85878086090088,"Unknown"
"9004157",371992,2025-06-11 09:52:44,42.5117835998535,-8.85877132415771,"Unknown"
"9004157",371992,2025-06-11 09:57:44,42.5118179321289,-8.85873794555664,"Unknown"
"9004157",371992,2025-06-11 10:02:45,42.5118560791016,-8.85881042480469,"Unknown"
"9004157",371992,2025-06-11 10:07:44,42.511775970459,-8.85878467559814,"Unknown"
"9004157",371992,2025-06-11 10:12:44,42.5118255615234,-8.8587818145752,"Unknown"
"9004157",371992,2025-06-11 10:17:44,42.511791229248,-8.85876655578613,"Unknown"
"9004157",371992,2025-06-11 10:22:44,42.5118026733398,-8.85877704620361,"Unknown"
"9004157",371992,2025-06-11 10:27:44,42.5118598937988,-8.85884857177734,"Unknown"
"9004157",371992,2025-06-11 10:32:44,42.5117988586426,-8.85882091522217,"Unknown"
"9004157",371992,2025-06-11 10:37:49,42.511848449707,-8.85864925384521,"Unknown"
"9004157",371992,2025-06-11 10:42:51,42.5119209289551,-8.85878086090088,"Unknown"
"9004157",371992,2025-06-11 10:47:44,42.5119667053223,-8.85874462127686,"Unknown"
"9004157",371992,2025-06-11 10:52:45,42.5119972229004,-8.85861492156982,"Unknown"
"9004157",371992,2025-06-11 10:57:45,42.5120315551758,-8.85871982574463,"Unknown"
"9004157",371992,2025-06-11 11:02:50,42.5118865966797,-8.85871696472168,"Unknown"
"9004157",371992,2025-06-11 11:08:11,42.5119171142578,-8.85872745513916,"Unknown"
"9004157",371992,2025-06-11 11:12:51,42.5118980407715,-8.85874652862549,"Unknown"
"9004157",371992,2025-06-11 11:17:56,42.5110015869141,-8.86024761199951,"Unknown"
"9004157",371992,2025-06-11 11:22:57,42.5103912353516,-8.86039161682129,"Unknown"
"9004157",371992,2025-06-11 11:27:58,42.5094223022461,-8.8610143661499,"Unknown"
"9004157",371992,2025-06-11 11:32:59,42.5078048706055,-8.87005519866943,"Unknown"
"9004157",371992,2025-06-11 11:37:56,42.5073432922363,-8.87067222595215,"Unknown"
"9004157",371992,2025-06-11 11:42:58,42.5081176757812,-8.87168884277344,"Unknown"
"9004157",371992,2025-06-11 12:07:05,42.5073432922363,-8.87358856201172,"Unknown"
"9004157",371992,2025-06-11 12:11:16,42.5082321166992,-8.87113857269287,"Unknown"
"9004157",371992,2025-06-11 12:16:32,42.5079040527344,-8.87256050109863,"Unknown"
"9004157",371992,2025-06-11 12:21:48,42.5070419311523,-8.87447452545166,"Unknown"
"9004157",371992,2025-06-11 12:26:47,42.5062026977539,-8.8751335144043,"Unknown"
"9004157",371992,2025-06-11 12:31:46,42.5048446655273,-8.8807315826416,"Unknown"
"9004157",371992,2025-06-11 12:36:46,42.5048294067383,-8.88073253631592,"Unknown"
"9004157",371992,2025-06-11 12:41:47,42.5048866271973,-8.88076686859131,"Unknown"
"9004157",371992,2025-06-11 12:46:46,42.5048332214355,-8.88072109222412,"Unknown"
"9004157",371992,2025-06-11 12:51:47,42.5049133300781,-8.88082408905029,"Unknown"
"9004157",371992,2025-06-11 12:56:46,42.5048637390137,-8.88077449798584,"Unknown"
"9004157",371992,2025-06-11 13:01:47,42.5049934387207,-8.88091945648193,"Unknown"
"9004157",371992,2025-06-11 13:06:46,42.5049591064453,-8.88090229034424,"Unknown"
"9004157",371992,2025-06-11 13:11:47,42.5050086975098,-8.88094139099121,"Unknown"
"9004157",371992,2025-06-11 13:16:47,42.5050430297852,-8.88105201721191,"Unknown"
"9004157",371992,2025-06-11 13:21:47,42.5051765441895,-8.88113975524902,"Unknown"
"9004157",371992,2025-06-11 13:26:47,42.5050163269043,-8.88088417053223,"Unknown"
"9004157",371992,2025-06-11 13:31:47,42.5051193237305,-8.88118076324463,"Unknown"
"9004157",371992,2025-06-11 13:36:52,42.5048866271973,-8.88095951080322,"Unknown"
"9004157",371992,2025-06-11 13:41:52,42.5050354003906,-8.88089942932129,"Unknown"
"9004157",371992,2025-06-11 13:46:52,42.5051803588867,-8.88105201721191,"Unknown"
"9004157",371992,2025-06-11 13:51:53,42.5047874450684,-8.88102531433105,"Unknown"
"9004157",371992,2025-06-11 13:57:12,42.5045013427734,-8.88124656677246,"Unknown"
"9004157",371992,2025-06-11 14:01:48,42.504566192627,-8.88127994537354,"Unknown"
"9004157",371992,2025-06-11 14:06:48,42.5045776367188,-8.88126277923584,"Unknown"
"9004157",371992,2025-06-11 14:12:10,42.5046195983887,-8.88111972808838,"Unknown"
"9004157",371992,2025-06-11 14:16:48,42.5046310424805,-8.8809814453125,"Unknown"
"9004157",371992,2025-06-11 14:21:48,42.5046234130859,-8.88097286224365,"Unknown"
"9004157",371992,2025-06-11 14:26:48,42.5046882629395,-8.88108348846436,"Unknown"
"9004157",371992,2025-06-11 14:32:00,42.5047378540039,-8.88056945800781,"Unknown"
"9004157",371992,2025-06-11 14:37:00,42.5047416687012,-8.88038921356201,"Unknown"
"9004157",371992,2025-06-11 14:42:00,42.5046424865723,-8.88091087341309,"Unknown"
"9004157",371992,2025-06-11 14:47:14,42.5046653747559,-8.88103103637695,"Unknown"
"9004157",371992,2025-06-11 14:51:48,42.5046424865723,-8.88149261474609,"Unknown"
"9004157",371992,2025-06-11 14:56:48,42.504566192627,-8.88086700439453,"Unknown"
"9004157",371992,2025-06-11 15:03:15,42.5062484741211,-8.8723783493042,"Unknown"
"9004157",371992,2025-06-11 15:10:12,42.5075569152832,-8.87123584747314,"Unknown"
"9004157",371992,2025-06-11 15:16:36,42.5085525512695,-8.87033176422119,"Unknown"
"9004157",371992,2025-06-11 15:22:24,42.5085258483887,-8.87088298797607,"Unknown"
"9004157",371992,2025-06-11 15:28:18,42.5072212219238,-8.87120819091797,"Unknown"
"9004157",371992,2025-06-11 15:38:44,42.5067291259766,-8.87461090087891,"Unknown"
"9004157",371992,2025-06-11 15:44:09,42.5059852600098,-8.87655830383301,"Unknown"
"9004157",371992,2025-06-11 15:49:07,42.5044326782227,-8.881272315979,"Unknown"
"9004157",371992,2025-06-11 15:54:07,42.5042266845703,-8.88100051879883,"Unknown"
"9004157",371992,2025-06-11 15:59:07,42.5045356750488,-8.88139152526855,"Unknown"
"9004157",371992,2025-06-11 16:04:07,42.5045700073242,-8.88130283355713,"Unknown"
"9004157",371992,2025-06-11 16:09:06,42.5045585632324,-8.88127040863037,"Unknown"
"9004157",371992,2025-06-11 16:14:07,42.5045547485352,-8.88130187988281,"Unknown"
"9004157",371992,2025-06-11 16:19:07,42.504638671875,-8.88131332397461,"Unknown"
"9004157",371992,2025-06-11 16:24:09,42.504524230957,-8.88138580322266,"Unknown"
"9004157",371992,2025-06-11 16:29:10,42.5045967102051,-8.88140201568604,"Unknown"
"9004157",371992,2025-06-11 16:34:35,42.5046615600586,-8.88138008117676,"Unknown"
"9004157",371992,2025-06-11 16:39:05,42.504638671875,-8.88141441345215,"Unknown"
"9004157",371992,2025-06-11 16:44:05,42.5046310424805,-8.881422996521,"Unknown"
"9004157",371992,2025-06-11 16:49:05,42.5046539306641,-8.88140869140625,"Unknown"
"9004157",371992,2025-06-11 16:54:04,42.5046806335449,-8.8813943862915,"Unknown"
"9004157",371992,2025-06-11 16:59:05,42.5046768188477,-8.88139343261719,"Unknown"
"9004157",371992,2025-06-11 17:04:05,42.4904975891113,-8.90344619750977,"Unknown"
"9004157",371992,2025-06-11 17:09:05,42.4905052185059,-8.90346908569336,"Unknown"
"9004157",371992,2025-06-11 17:14:05,42.4783363342285,-8.939208984375,"Unknown"
"9004157",371992,2025-06-11 17:19:21,42.4734687805176,-8.94309425354004,"Unknown"
"9004157",371992,2025-06-11 17:24:14,42.4710159301758,-8.94404315948486,"Unknown"
"9004157",371992,2025-06-11 17:29:14,42.4487609863281,-8.94280815124512,"Unknown"
"9004157",371992,2025-06-11 17:34:15,42.4274024963379,-8.93764400482178,"Unknown"
"9004157",371992,2025-06-11 17:39:14,42.4181861877441,-8.93414783477783,"Unknown"
"9004157",371992,2025-06-11 17:44:14,42.3988418579102,-8.92126178741455,"Unknown"
"9004157",371992,2025-06-11 17:49:14,42.3988418579102,-8.92113971710205,"Unknown"
"9004157",371992,2025-06-11 17:54:14,42.3987579345703,-8.92117500305176,"Unknown"
"9004157",371992,2025-06-11 17:59:14,42.3989715576172,-8.92136669158936,"Unknown"
"9004157",371992,2025-06-11 18:04:14,42.3989486694336,-8.92125606536865,"Unknown"
"9004157",371992,2025-06-11 18:09:16,42.3995094299316,-8.92137336730957,"Unknown"
"9004157",371992,2025-06-11 18:14:21,42.3988990783691,-8.92116165161133,"Unknown"
"9004157",371992,2025-06-11 18:19:28,42.3989295959473,-8.92119979858398,"Unknown"
"9004157",371992,2025-06-11 18:24:26,42.3989219665527,-8.92123508453369,"Unknown"
"9004157",371992,2025-06-11 18:29:17,42.3989562988281,-8.92120170593262,"Unknown"
"9004157",371992,2025-06-11 18:34:22,42.3989143371582,-8.92116928100586,"Unknown"
"9004157",371992,2025-06-11 18:39:19,42.3991584777832,-8.92151165008545,"Unknown"
"9004157",371992,2025-06-11 18:44:15,42.3990097045898,-8.92121601104736,"Unknown"
"9004157",371992,2025-06-11 18:49:15,42.3990173339844,-8.92125034332275,"Unknown"
"9004157",371992,2025-06-11 18:54:15,42.3989601135254,-8.92120552062988,"Unknown"
"9004157",371992,2025-06-11 18:59:15,42.3989677429199,-8.92122745513916,"Unknown"
"9004157",371992,2025-06-11 19:04:15,42.3990211486816,-8.92121696472168,"Unknown"
"9004157",371992,2025-06-11 19:09:16,42.398983001709,-8.92134380340576,"Unknown"
"9004157",371992,2025-06-11 19:14:15,42.3991012573242,-8.92142677307129,"Unknown"
"9004157",371992,2025-06-11 19:19:16,42.3990020751953,-8.92129039764404,"Unknown"
"9004157",371992,2025-06-11 19:24:16,42.3991050720215,-8.92137241363525,"Unknown"
"9004157",371992,2025-06-11 19:29:15,42.3990325927734,-8.92133235931396,"Unknown"
"9004157",371992,2025-06-11 19:34:15,42.398983001709,-8.92136764526367,"Unknown"
"9004157",371992,2025-06-11 19:39:15,42.3990097045898,-8.9212646484375,"Unknown"
"9004157",371992,2025-06-11 19:44:44,42.3989753723145,-8.92113208770752,"Unknown"
"9004157",371992,2025-06-11 19:49:17,42.3988876342773,-8.92125988006592,"Unknown"
"9004157",371992,2025-06-11 19:54:15,42.398853302002,-8.92101669311523,"Unknown"
"9004157",371992,2025-06-11 19:59:17,42.3987846374512,-8.92112922668457,"Unknown"
"9004157",371992,2025-06-11 20:04:16,42.3988494873047,-8.9211597442627,"Unknown"
"9004157",371992,2025-06-11 20:09:23,42.3988380432129,-8.92115020751953,"Unknown"
"9004157",371992,2025-06-11 20:14:44,42.3987045288086,-8.92114639282227,"Unknown"
"9004157",371992,2025-06-11 20:19:17,42.3980445861816,-8.92171764373779,"Unknown"
"9004157",371992,2025-06-11 20:24:24,42.3973655700684,-8.92125511169434,"Unknown"
"9004157",371992,2025-06-11 20:29:19,42.3985290527344,-8.92114162445068,"Unknown"
"9004157",371992,2025-06-11 20:34:35,42.3988494873047,-8.92115592956543,"Unknown"
"9004157",371992,2025-06-11 20:39:18,42.3987884521484,-8.92115497589111,"Unknown"
"9004157",371992,2025-06-11 20:44:14,42.3989143371582,-8.92122459411621,"Unknown"
"9004157",371992,2025-06-11 20:49:15,42.3988494873047,-8.92118167877197,"Unknown"
"9004157",371992,2025-06-11 20:54:25,42.3988761901855,-8.92126274108887,"Unknown"
"9004157",371992,2025-06-11 20:59:21,42.398796081543,-8.92119789123535,"Unknown"
"9004157",371992,2025-06-11 21:04:22,42.3987884521484,-8.92108726501465,"Unknown"
"9004157",371992,2025-06-11 21:09:21,42.398868560791,-8.9212703704834,"Unknown"
"9004157",371992,2025-06-11 21:14:21,42.3987884521484,-8.92113590240479,"Unknown"
"9004157",371992,2025-06-11 21:19:19,42.3988265991211,-8.92144107818604,"Unknown"
"9004157",371992,2025-06-11 21:24:23,42.3987159729004,-8.92113494873047,"Unknown"
"9004157",371992,2025-06-11 21:29:14,42.3987693786621,-8.92099857330322,"Unknown"
"9004157",371992,2025-06-11 21:34:45,42.3984107971191,-8.92183399200439,"Unknown"
"9004157",371992,2025-06-11 21:39:15,42.398681640625,-8.92093658447266,"Unknown"
"9004157",371992,2025-06-11 21:44:16,42.3988342285156,-8.92088031768799,"Unknown"
"9004157",371992,2025-06-11 21:49:21,42.3988647460938,-8.92116355895996,"Unknown"
"9004157",371992,2025-06-11 21:54:15,42.3988571166992,-8.92116355895996,"Unknown"
"9004157",371992,2025-06-11 21:59:21,42.3987846374512,-8.92100811004639,"Unknown"
"9004157",371992,2025-06-11 22:04:35,42.3988189697266,-8.92107200622559,"Unknown"
"9004157",371992,2025-06-11 22:09:16,42.3987922668457,-8.92106056213379,"Unknown"
"9004157",371992,2025-06-11 22:14:19,42.3987503051758,-8.92111110687256,"Unknown"
"9004157",371992,2025-06-11 22:19:17,42.3983726501465,-8.92058086395264,"Unknown"
"9004157",371992,2025-06-11 22:24:16,42.3983688354492,-8.92064380645752,"Unknown"
"9004157",371992,2025-06-11 22:29:18,42.3984031677246,-8.92059230804443,"Unknown"
"9004157",371992,2025-06-11 22:34:18,42.3986701965332,-8.92100048065186,"Unknown"
"9004157",371992,2025-06-11 22:39:16,42.3987503051758,-8.92118167877197,"Unknown"
"9004157",371992,2025-06-11 22:44:16,42.3988456726074,-8.92122650146484,"Unknown"
"9004157",371992,2025-06-11 22:49:18,42.3988304138184,-8.92122840881348,"Unknown"
"9004157",371992,2025-06-11 22:54:17,42.3988838195801,-8.92120265960693,"Unknown"
"9004157",371992,2025-06-11 22:59:16,42.3988952636719,-8.92130851745605,"Unknown"
"9004157",371992,2025-06-11 23:04:19,42.3988151550293,-8.92111206054688,"Unknown"
"9004157",371992,2025-06-11 23:09:17,42.3987998962402,-8.92123794555664,"Unknown"
"9004157",371992,2025-06-11 23:14:19,42.3988227844238,-8.92135047912598,"Unknown"
"9004157",371992,2025-06-11 23:19:24,42.3988380432129,-8.92133140563965,"Unknown"
"9004157",371992,2025-06-11 23:24:35,42.3987426757812,-8.92118835449219,"Unknown"
"9004157",371992,2025-06-11 23:29:14,42.3988075256348,-8.9212064743042,"Unknown"
"9004157",371992,2025-06-11 23:34:21,42.3986892700195,-8.92128467559814,"Unknown"
"9004157",371992,2025-06-11 23:39:24,42.3987236022949,-8.92129707336426,"Unknown"
"9004157",371992,2025-06-11 23:44:35,42.3986625671387,-8.92127895355225,"Unknown"
"9004157",371992,2025-06-11 23:49:19,42.3985748291016,-8.92110443115234,"Unknown"
"9004157",371992,2025-06-11 23:54:25,42.398624420166,-8.92112445831299,"Unknown"
"9004157",371992,2025-06-11 23:59:16,42.3986968994141,-8.92158889770508,"Unknown"
"9004157",371992,2025-06-12 00:04:21,42.3987693786621,-8.92129707336426,"Unknown"
"9004157",371992,2025-06-12 00:09:16,42.3988151550293,-8.92127132415771,"Unknown"
"9004157",371992,2025-06-12 00:14:22,42.3988189697266,-8.92157173156738,"Unknown"
"9004157",371992,2025-06-12 00:19:19,42.3987922668457,-8.92158699035645,"Unknown"
"9004157",371992,2025-06-12 00:24:47,42.3988304138184,-8.92164516448975,"Unknown"
"9004157",371992,2025-06-12 00:30:16,42.3988418579102,-8.92185878753662,"Unknown"
"9004157",371992,2025-06-12 00:35:39,42.3987808227539,-8.921875,"Unknown"
"9004157",371992,2025-06-12 00:39:22,42.3987884521484,-8.9218692779541,"Unknown"
"9004157",371992,2025-06-12 00:44:23,42.3987846374512,-8.92183589935303,"Unknown"
"9004157",371992,2025-06-12 00:49:21,42.3987808227539,-8.92173767089844,"Unknown"
"9004157",371992,2025-06-12 00:55:39,42.398754119873,-8.92175102233887,"Unknown"
"9004157",371992,2025-06-12 01:00:39,42.3988761901855,-8.9216423034668,"Unknown"
"9004157",371992,2025-06-12 01:04:44,42.398868560791,-8.92136001586914,"Unknown"
"9004157",371992,2025-06-12 01:09:18,42.398250579834,-8.92012405395508,"Unknown"
"9004157",371992,2025-06-12 01:14:24,42.3987007141113,-8.92138290405273,"Unknown"
"9004157",371992,2025-06-12 01:19:18,42.3987007141113,-8.92142200469971,"Unknown"
"9004157",371992,2025-06-12 01:24:21,42.3988571166992,-8.92118835449219,"Unknown"
"9004157",371992,2025-06-12 01:29:24,42.3988952636719,-8.92152976989746,"Unknown"
"9004157",371992,2025-06-12 01:34:35,42.3988952636719,-8.922043800354,"Unknown"
"9004157",371992,2025-06-12 01:40:05,42.3988151550293,-8.92103862762451,"Unknown"
"9004157",371992,2025-06-12 01:44:21,42.3991508483887,-8.92110157012939,"Unknown"
"9004157",371992,2025-06-12 01:49:21,42.398983001709,-8.92073535919189,"Unknown"
"9004157",371992,2025-06-12 01:54:19,42.3991775512695,-8.92061805725098,"Unknown"
"9004157",371992,2025-06-12 01:59:19,42.3990631103516,-8.9207649230957,"Unknown"
"9004157",371992,2025-06-12 02:05:39,42.3992118835449,-8.92047500610352,"Unknown"
"9004157",371992,2025-06-12 02:10:03,42.3991088867188,-8.92076873779297,"Unknown"
"9004157",371992,2025-06-12 02:15:39,42.3990783691406,-8.92064189910889,"Unknown"
"9004157",371992,2025-06-12 02:20:00,42.3991546630859,-8.92136192321777,"Unknown"
"9004157",371992,2025-06-12 02:24:32,42.3992042541504,-8.92126750946045,"Unknown"
"9004157",371992,2025-06-12 02:29:35,42.3989105224609,-8.92090797424316,"Unknown"
"9004157",371992,2025-06-12 02:34:28,42.39892578125,-8.92089748382568,"Unknown"
"9004157",371992,2025-06-12 02:39:19,42.3988761901855,-8.92101001739502,"Unknown"
"9004157",371992,2025-06-12 02:44:14,42.3987312316895,-8.92090892791748,"Unknown"
"9004157",371992,2025-06-12 02:49:14,42.3987846374512,-8.92080497741699,"Unknown"
"9004157",371992,2025-06-12 02:54:19,42.398681640625,-8.92080688476562,"Unknown"
"9004157",371992,2025-06-12 02:59:19,42.3987007141113,-8.9208812713623,"Unknown"
"9004157",371992,2025-06-12 03:04:17,42.398796081543,-8.92090892791748,"Unknown"
"9004157",371992,2025-06-12 03:09:18,42.3987579345703,-8.92074775695801,"Unknown"
"9004157",371992,2025-06-12 03:14:16,42.3987731933594,-8.92078590393066,"Unknown"
"9004157",371992,2025-06-12 03:19:14,42.3987236022949,-8.92081260681152,"Unknown"
"9004157",371992,2025-06-12 03:24:45,42.398754119873,-8.92080593109131,"Unknown"
"9004157",371992,2025-06-12 03:29:17,42.3987312316895,-8.92086696624756,"Unknown"
"9004157",371992,2025-06-12 03:34:42,42.398738861084,-8.92079067230225,"Unknown"
"9004157",371992,2025-06-12 03:39:21,42.3988189697266,-8.92077541351318,"Unknown"
"9004157",371992,2025-06-12 03:44:18,42.398796081543,-8.9210786819458,"Unknown"
"9004157",371992,2025-06-12 03:49:44,42.3988075256348,-8.92107772827148,"Unknown"
"9004157",371992,2025-06-12 03:54:30,42.3988380432129,-8.92116737365723,"Unknown"
"9004157",371992,2025-06-12 03:59:18,42.3989639282227,-8.92129516601562,"Unknown"
"9004157",371992,2025-06-12 04:04:16,42.398868560791,-8.92110157012939,"Unknown"
"9004157",371992,2025-06-12 04:09:32,42.3988189697266,-8.92138671875,"Unknown"
"9004157",371992,2025-06-12 04:14:17,42.398853302002,-8.92123317718506,"Unknown"
"9004157",371992,2025-06-12 04:19:35,42.3988418579102,-8.92118549346924,"Unknown"
"9004157",371992,2025-06-12 04:25:39,42.3988876342773,-8.92136764526367,"Unknown"
"9004157",371992,2025-06-12 04:30:39,42.3988609313965,-8.92176532745361,"Unknown"
"9004157",371992,2025-06-12 04:34:40,42.3988151550293,-8.92118263244629,"Unknown"
"9004157",371992,2025-06-12 04:39:48,42.3988609313965,-8.92115783691406,"Unknown"
"9004157",371992,2025-06-12 04:44:16,42.3976669311523,-8.91996955871582,"Unknown"
"9004157",371992,2025-06-12 04:49:15,42.3975601196289,-8.92038726806641,"Unknown"
"9004157",371992,2025-06-12 04:54:35,42.3975563049316,-8.92025661468506,"Unknown"
"9004157",371992,2025-06-12 04:59:14,42.3975143432617,-8.92030620574951,"Unknown"
"9004157",371992,2025-06-12 05:04:14,42.3976058959961,-8.92025756835938,"Unknown"
"9004157",371992,2025-06-12 05:09:17,42.397518157959,-8.92008876800537,"Unknown"
"9004157",371992,2025-06-12 05:14:34,42.3974647521973,-8.92013072967529,"Unknown"
"9004157",371992,2025-06-12 05:19:19,42.3975028991699,-8.9201135635376,"Unknown"
"9004157",371992,2025-06-12 05:24:18,42.3973388671875,-8.92006492614746,"Unknown"
"9004157",371992,2025-06-12 05:29:16,42.3973808288574,-8.92004680633545,"Unknown"
"9004157",371992,2025-06-12 05:34:16,42.3974456787109,-8.92013835906982,"Unknown"
"9004157",371992,2025-06-12 05:39:16,42.3975486755371,-8.92025184631348,"Unknown"
"9004157",371992,2025-06-12 05:44:18,42.3974647521973,-8.92009735107422,"Unknown"
"9004157",371992,2025-06-12 05:49:18,42.397575378418,-8.92024612426758,"Unknown"
"9004157",371992,2025-06-12 05:54:19,42.3975219726562,-8.92037010192871,"Unknown"
"9004157",371992,2025-06-12 05:59:18,42.397533416748,-8.92028427124023,"Unknown"
"9004157",371992,2025-06-12 06:04:35,42.3975410461426,-8.92022895812988,"Unknown"
"9004157",371992,2025-06-12 06:09:15,42.3975028991699,-8.92023944854736,"Unknown"
"9004157",371992,2025-06-12 06:14:15,42.3974876403809,-8.92022895812988,"Unknown"
"9004157",371992,2025-06-12 06:19:16,42.3975296020508,-8.9202823638916,"Unknown"
"9004157",371992,2025-06-12 06:24:15,42.3975105285645,-8.92022132873535,"Unknown"
"9004157",371992,2025-06-12 06:29:14,42.397533416748,-8.92020416259766,"Unknown"
"9004157",371992,2025-06-12 06:34:14,42.3945045471191,-8.90774440765381,"Unknown"
"9004157",371992,2025-06-12 06:39:14,42.4016876220703,-8.91046047210693,"Unknown"
"9004157",371992,2025-06-12 06:44:14,42.4584274291992,-8.93850421905518,"Unknown"
"9004157",371992,2025-06-12 06:49:14,42.4966201782227,-8.89785003662109,"Unknown"
"9004157",371992,2025-06-12 06:54:46,42.5068817138672,-8.87428092956543,"Unknown"
"9004157",371992,2025-06-12 06:59:58,42.5074424743652,-8.87276077270508,"Unknown"
"9004157",371992,2025-06-12 07:05:43,42.5075836181641,-8.87555980682373,"Unknown"
"9004157",371992,2025-06-12 07:10:43,42.5086364746094,-8.87593269348145,"Unknown"
"9004157",371992,2025-06-12 07:15:59,42.5097541809082,-8.87619209289551,"Unknown"
"9004157",371992,2025-06-12 07:21:30,42.5092887878418,-8.87459754943848,"Unknown"
"9004157",371992,2025-06-12 07:26:34,42.5081672668457,-8.87434577941895,"Unknown"
"9004157",371992,2025-06-12 07:31:51,42.5067443847656,-8.876389503479,"Unknown"
"9004157",371992,2025-06-12 07:36:53,42.5047225952148,-8.88144207000732,"Unknown"
"9004157",371992,2025-06-12 07:42:00,42.5047760009766,-8.88143920898438,"Unknown"
"9004157",371992,2025-06-12 07:46:53,42.5047073364258,-8.88144493103027,"Unknown"
"9004157",371992,2025-06-12 07:51:50,42.5047225952148,-8.88133907318115,"Unknown"
"9004157",371992,2025-06-12 07:57:29,42.5047340393066,-8.88137340545654,"Unknown"
"9004157",371992,2025-06-12 08:01:50,42.5047302246094,-8.8813648223877,"Unknown"
"9004157",371992,2025-06-12 08:06:51,42.5047760009766,-8.88129997253418,"Unknown"
"9004157",371992,2025-06-12 08:11:50,42.5047149658203,-8.88135623931885,"Unknown"
"9004157",371992,2025-06-12 08:16:50,42.504711151123,-8.88134574890137,"Unknown"
"9004157",371992,2025-06-12 08:21:50,42.5047569274902,-8.88130760192871,"Unknown"
"9004157",371992,2025-06-12 08:26:50,42.504768371582,-8.88133811950684,"Unknown"
"9004157",371992,2025-06-12 08:31:50,42.5047340393066,-8.88129043579102,"Unknown"
"9004157",371992,2025-06-12 08:36:50,42.5048522949219,-8.88115310668945,"Unknown"
"9004157",371992,2025-06-12 08:41:50,42.5048904418945,-8.88107681274414,"Unknown"
"9004157",371992,2025-06-12 08:46:50,42.5048446655273,-8.88090229034424,"Unknown"
"9004157",371992,2025-06-12 08:51:50,42.5048484802246,-8.88081073760986,"Unknown"
"9004157",371992,2025-06-12 08:56:50,42.5048217773438,-8.88079071044922,"Unknown"
"9004157",371992,2025-06-12 09:01:50,42.5048370361328,-8.88072395324707,"Unknown"
"9004157",371992,2025-06-12 09:06:51,42.5048484802246,-8.88073253631592,"Unknown"
"9004157",371992,2025-06-12 09:11:51,42.5048751831055,-8.88072872161865,"Unknown"
"9004157",371992,2025-06-12 09:16:51,42.5048522949219,-8.88073253631592,"Unknown"
"9004157",371992,2025-06-12 09:21:50,42.504810333252,-8.88072872161865,"Unknown"
"9004157",371992,2025-06-12 09:26:51,42.5047950744629,-8.88064861297607,"Unknown"
"9004157",371992,2025-06-12 09:31:51,42.5047912597656,-8.88061809539795,"Unknown"
"9004157",371992,2025-06-12 09:36:52,42.5047607421875,-8.88055801391602,"Unknown"
"9004157",371992,2025-06-12 09:41:50,42.5047187805176,-8.88055992126465,"Unknown"
"9004157",371992,2025-06-12 09:47:34,42.5077285766602,-8.87697792053223,"Unknown"
"9004157",371992,2025-06-12 09:52:24,42.5077362060547,-8.87549209594727,"Unknown"
"9004157",371992,2025-06-12 09:57:25,42.5077705383301,-8.873291015625,"Unknown"
"9004157",371992,2025-06-12 10:02:26,42.5080108642578,-8.87157821655273,"Unknown"
"9004157",371992,2025-06-12 10:08:19,42.5087051391602,-8.87121200561523,"Unknown"
"9004157",371992,2025-06-12 10:13:18,42.5080947875977,-8.86988639831543,"Unknown"
"9004157",371992,2025-06-12 10:18:38,42.508171081543,-8.87106418609619,"Unknown"
"9004157",371992,2025-06-12 10:23:33,42.5096092224121,-8.87095642089844,"Unknown"
"9004157",371992,2025-06-12 10:31:16,42.510082244873,-8.86963176727295,"Unknown"
"9004157",371992,2025-06-12 10:36:32,42.5099220275879,-8.87087631225586,"Unknown"
"9004157",371992,2025-06-12 10:42:12,42.5113296508789,-8.87131500244141,"Unknown"
"9004157",371992,2025-06-12 10:47:21,42.5123329162598,-8.87252712249756,"Unknown"
"9004157",371992,2025-06-12 10:53:37,42.5103721618652,-8.8726224899292,"Unknown"
"9004157",371992,2025-06-12 10:58:37,42.5086822509766,-8.87137889862061,"Unknown"
"9004157",371992,2025-06-12 11:06:02,42.5075531005859,-8.87123680114746,"Unknown"
"9004157",371992,2025-06-12 11:13:05,42.5081939697266,-8.87099552154541,"Unknown"
"9004157",371992,2025-06-12 11:17:32,42.5095405578613,-8.87099361419678,"Unknown"
"9004157",371992,2025-06-12 11:22:33,42.509147644043,-8.8716402053833,"Unknown"
"9004157",371992,2025-06-12 11:27:31,42.5087471008301,-8.87213706970215,"Unknown"
"9004157",371992,2025-06-12 11:32:53,42.5098457336426,-8.87237548828125,"Unknown"
"9004157",371992,2025-06-12 11:37:56,42.5082931518555,-8.87292766571045,"Unknown"
"9004157",371992,2025-06-12 11:43:22,42.5081977844238,-8.8714771270752,"Unknown"
"9004157",371992,2025-06-12 11:48:55,42.5069160461426,-8.87305450439453,"Unknown"
"9004157",371992,2025-06-12 11:54:20,42.5080261230469,-8.8708438873291,"Unknown"
"9004157",371992,2025-06-12 12:12:02,42.506908416748,-8.87106704711914,"Unknown"
"9004157",371992,2025-06-12 12:21:50,42.5059814453125,-8.87285709381104,"Unknown"
"9004157",371992,2025-06-12 12:27:15,42.5065040588379,-8.87308692932129,"Unknown"
"9004157",371992,2025-06-12 12:32:28,42.5074043273926,-8.8725061416626,"Unknown"
"9004157",371992,2025-06-12 12:38:02,42.5065689086914,-8.87417888641357,"Unknown"
"9004157",371992,2025-06-12 12:43:19,42.5071487426758,-8.87380409240723,"Unknown"
"9004157",371992,2025-06-12 12:49:28,42.5064926147461,-8.87321758270264,"Unknown"
"9004157",371992,2025-06-12 12:55:23,42.5070495605469,-8.87353134155273,"Unknown"
"9004157",371992,2025-06-12 13:00:18,42.5063667297363,-8.87526512145996,"Unknown"
"9004157",371992,2025-06-12 13:05:20,42.5060539245605,-8.87511920928955,"Unknown"
"9004157",371992,2025-06-12 13:10:17,42.5047378540039,-8.8793888092041,"Unknown"
"9004157",371992,2025-06-12 13:15:16,42.5047798156738,-8.87947750091553,"Unknown"
"9004157",371992,2025-06-12 13:20:18,42.5047492980957,-8.87948131561279,"Unknown"
"9004157",371992,2025-06-12 13:25:15,42.5047569274902,-8.87943267822266,"Unknown"
"9004157",371992,2025-06-12 13:30:33,42.5048179626465,-8.87949848175049,"Unknown"
"9004157",371992,2025-06-12 13:35:16,42.5046768188477,-8.87950611114502,"Unknown"
"9004157",371992,2025-06-12 13:40:16,42.5048599243164,-8.87950611114502,"Unknown"
"9004157",371992,2025-06-12 13:45:16,42.5046577453613,-8.87947177886963,"Unknown"
"9004157",371992,2025-06-12 13:50:15,42.5047874450684,-8.87950038909912,"Unknown"
"9004157",371992,2025-06-12 13:55:35,42.5048370361328,-8.8795280456543,"Unknown"
"9004157",371992,2025-06-12 14:00:15,42.5048141479492,-8.87949180603027,"Unknown"
"9004157",371992,2025-06-12 14:05:15,42.5048217773438,-8.87955093383789,"Unknown"
"9004157",371992,2025-06-12 14:10:15,42.5048484802246,-8.8794994354248,"Unknown"
"9004157",371992,2025-06-12 14:15:16,42.5048789978027,-8.87949562072754,"Unknown"
"9004157",371992,2025-06-12 14:20:15,42.5048370361328,-8.87952613830566,"Unknown"
"9004157",371992,2025-06-12 14:25:15,42.5049209594727,-8.8795166015625,"Unknown"
"9004157",371992,2025-06-12 14:30:15,42.5049171447754,-8.87951755523682,"Unknown"
"9004157",371992,2025-06-12 14:35:15,42.5048065185547,-8.87954330444336,"Unknown"
"9004157",371992,2025-06-12 14:40:15,42.5049095153809,-8.87953758239746,"Unknown"
"9004157",371992,2025-06-12 14:45:15,42.5049514770508,-8.87953758239746,"Unknown"
"9004157",371992,2025-06-12 14:50:15,42.5049591064453,-8.87948989868164,"Unknown"
"9004157",371992,2025-06-12 14:55:16,42.5049629211426,-8.87956523895264,"Unknown"
"9004157",371992,2025-06-12 15:00:15,42.5049285888672,-8.87954330444336,"Unknown"
"9004157",371992,2025-06-12 15:05:15,42.5049247741699,-8.87959575653076,"Unknown"
"9004157",371992,2025-06-12 15:10:15,42.504955291748,-8.8795862197876,"Unknown"
"9004157",371992,2025-06-12 15:15:15,42.5049858093262,-8.87964248657227,"Unknown"
"9004157",371992,2025-06-12 15:20:16,42.5049514770508,-8.87977600097656,"Unknown"
"9004157",371992,2025-06-12 15:25:15,42.5049781799316,-8.87977409362793,"Unknown"
"9004157",371992,2025-06-12 15:30:18,42.5048866271973,-8.8796272277832,"Unknown"
"9004157",371992,2025-06-12 15:35:16,42.5049247741699,-8.87971115112305,"Unknown"
"9004157",371992,2025-06-12 15:40:25,42.5050354003906,-8.87974739074707,"Unknown"
"9004157",371992,2025-06-12 15:45:16,42.504997253418,-8.87978267669678,"Unknown"
"9004157",371992,2025-06-12 15:50:15,42.5051422119141,-8.8800106048584,"Unknown"
"9004157",371992,2025-06-12 15:55:15,42.504997253418,-8.87983798980713,"Unknown"
"9004157",371992,2025-06-12 16:00:35,42.505012512207,-8.87996387481689,"Unknown"
"9004157",371992,2025-06-12 16:05:15,42.5061454772949,-8.87649822235107,"Unknown"
"9004157",371992,2025-06-12 16:11:07,42.5068740844727,-8.87258529663086,"Unknown"
"9004157",371992,2025-06-12 16:16:34,42.5070190429688,-8.87424182891846,"Unknown"
"9004157",371992,2025-06-12 16:21:36,42.5081405639648,-8.87339878082275,"Unknown"
"9004157",371992,2025-06-12 16:27:11,42.5084609985352,-8.87139797210693,"Unknown"
"9004157",371992,2025-06-12 16:32:20,42.5091361999512,-8.87107372283936,"Unknown"
"9004157",371992,2025-06-12 16:37:19,42.5102386474609,-8.87288379669189,"Unknown"
"9004157",371992,2025-06-12 16:43:09,42.5108413696289,-8.8752613067627,"Unknown"
"9004157",371992,2025-06-12 16:48:26,42.5099411010742,-8.87462615966797,"Unknown"
"9004157",371992,2025-06-12 16:53:38,42.5084648132324,-8.8730001449585,"Unknown"
"9004157",371992,2025-06-12 16:59:09,42.5067901611328,-8.87372970581055,"Unknown"
"9004157",371992,2025-06-12 17:05:03,42.5070114135742,-8.87428855895996,"Unknown"
"9004157",371992,2025-06-12 17:10:03,42.5065574645996,-8.87459468841553,"Unknown"
"9004157",371992,2025-06-12 17:15:03,42.506103515625,-8.87299728393555,"Unknown"
"9004157",371992,2025-06-12 17:20:15,42.5068321228027,-8.87494945526123,"Unknown"
"9004157",371992,2025-06-12 17:25:14,42.5054473876953,-8.87912273406982,"Unknown"
"9004157",371992,2025-06-12 17:30:14,42.5045509338379,-8.88131141662598,"Unknown"
"9004157",371992,2025-06-12 17:35:18,42.5041389465332,-8.88159370422363,"Unknown"
"9004157",371992,2025-06-12 17:40:16,42.504150390625,-8.88159656524658,"Unknown"
"9004157",371992,2025-06-12 17:45:15,42.5041275024414,-8.88155555725098,"Unknown"
"9004157",371992,2025-06-12 17:50:35,42.5045890808105,-8.88131999969482,"Unknown"
"9004157",371992,2025-06-12 17:55:14,42.5046043395996,-8.88134384155273,"Unknown"
"9004157",371992,2025-06-12 18:00:13,42.5046005249023,-8.88132858276367,"Unknown"
"9004157",371992,2025-06-12 18:05:13,42.504581451416,-8.88138294219971,"Unknown"
"9004157",371992,2025-06-12 18:10:14,42.5045547485352,-8.88136768341064,"Unknown"
"9004157",371992,2025-06-12 18:15:13,42.5045776367188,-8.88133430480957,"Unknown"
"9004157",371992,2025-06-12 18:20:13,42.504581451416,-8.88135623931885,"Unknown"
"9004157",371992,2025-06-12 18:25:14,42.5045127868652,-8.88137531280518,"Unknown"
"9004157",371992,2025-06-12 18:30:13,42.5044898986816,-8.88141632080078,"Unknown"
"9004157",371992,2025-06-12 18:35:19,42.503963470459,-8.88082695007324,"Unknown"
"9004157",371992,2025-06-12 18:40:22,42.503791809082,-8.88130187988281,"Unknown"
"9004157",371992,2025-06-12 18:45:19,42.4931678771973,-8.91031551361084,"Unknown"
"9004157",371992,2025-06-12 18:50:26,42.4772491455078,-8.94473934173584,"Unknown"
"9004157",371992,2025-06-12 18:55:20,42.477237701416,-8.94478416442871,"Unknown"
"9004157",371992,2025-06-12 19:00:20,42.4772758483887,-8.9448127746582,"Unknown"
"9004157",371992,2025-06-12 19:05:19,42.4772300720215,-8.94484615325928,"Unknown"
"9004157",371992,2025-06-12 19:10:21,42.477222442627,-8.94480419158936,"Unknown"
"9004157",371992,2025-06-12 19:15:19,42.4771766662598,-8.94472599029541,"Unknown"
"9004157",371992,2025-06-12 19:20:20,42.4772148132324,-8.94490051269531,"Unknown"
"9004157",371992,2025-06-12 19:25:22,42.4771347045898,-8.94464302062988,"Unknown"
"9004157",371992,2025-06-12 19:30:23,42.476863861084,-8.94471168518066,"Unknown"
"9004157",371992,2025-06-12 19:35:34,42.4770774841309,-8.94488143920898,"Unknown"
"9004157",371992,2025-06-12 19:40:22,42.4773597717285,-8.94498062133789,"Unknown"
"9004157",371992,2025-06-12 19:45:24,42.477237701416,-8.94472599029541,"Unknown"
"9004157",371992,2025-06-12 19:50:23,42.4765472412109,-8.9436731338501,"Unknown"
"9004157",371992,2025-06-12 19:55:35,42.477165222168,-8.94461727142334,"Unknown"
"9004157",371992,2025-06-12 20:00:22,42.4770584106445,-8.94460391998291,"Unknown"
"9004157",371992,2025-06-12 20:05:44,42.4771461486816,-8.94478130340576,"Unknown"
"9004157",371992,2025-06-12 20:10:19,42.4771385192871,-8.9448070526123,"Unknown"
"9004157",371992,2025-06-12 20:15:19,42.4771461486816,-8.94474983215332,"Unknown"
"9004157",371992,2025-06-12 20:20:19,42.4771499633789,-8.94468879699707,"Unknown"
"9004157",371992,2025-06-12 20:25:20,42.4771690368652,-8.94471645355225,"Unknown"
"9004157",371992,2025-06-12 20:30:19,42.4770660400391,-8.94462013244629,"Unknown"
"9004157",371992,2025-06-12 20:35:21,42.4770088195801,-8.94452857971191,"Unknown"
"9004157",371992,2025-06-12 20:40:23,42.4771919250488,-8.94475364685059,"Unknown"
"9004157",371992,2025-06-12 20:45:44,42.4771881103516,-8.94472980499268,"Unknown"
"9004157",371992,2025-06-12 20:50:19,42.4772033691406,-8.94498252868652,"Unknown"
"9004157",371992,2025-06-12 20:55:21,42.477108001709,-8.94472599029541,"Unknown"
"9004157",371992,2025-06-12 21:00:19,42.4771919250488,-8.94466114044189,"Unknown"
"9004157",371992,2025-06-12 21:05:22,42.4771575927734,-8.94472026824951,"Unknown"
"9004157",371992,2025-06-12 21:10:21,42.4771957397461,-8.94483757019043,"Unknown"
"9004157",371992,2025-06-12 21:15:22,42.4772605895996,-8.94445323944092,"Unknown"
"9004157",371992,2025-06-12 21:20:21,42.4771270751953,-8.9446964263916,"Unknown"
"9004157",371992,2025-06-12 21:25:22,42.4774055480957,-8.9449291229248,"Unknown"
"9004157",371992,2025-06-12 21:30:45,42.4774360656738,-8.94454574584961,"Unknown"
"9004157",371992,2025-06-12 21:35:20,42.4773712158203,-8.94515609741211,"Unknown"
"9004157",371992,2025-06-12 21:40:19,42.4772987365723,-8.94510650634766,"Unknown"
"9004157",371992,2025-06-12 21:45:19,42.4773292541504,-8.94494533538818,"Unknown"
"9004157",371992,2025-06-12 21:50:20,42.4773979187012,-8.94533157348633,"Unknown"
"9004157",371992,2025-06-12 21:55:20,42.477222442627,-8.94517040252686,"Unknown"
"9004157",371992,2025-06-12 22:01:05,42.4771156311035,-8.94470024108887,"Unknown"
"9004157",371992,2025-06-12 22:05:23,42.4773178100586,-8.9447717666626,"Unknown"
"9004157",371992,2025-06-12 22:10:19,42.4771347045898,-8.94501495361328,"Unknown"
"9004157",371992,2025-06-12 22:15:44,42.4771957397461,-8.94476222991943,"Unknown"
"9004157",371992,2025-06-12 22:20:19,42.4771881103516,-8.94472980499268,"Unknown"
"9004157",371992,2025-06-12 22:25:20,42.4768142700195,-8.94486904144287,"Unknown"
"9004157",371992,2025-06-12 22:30:19,42.4772262573242,-8.9447717666626,"Unknown"
"9004157",371992,2025-06-12 22:35:28,42.4772758483887,-8.94471740722656,"Unknown"
"9004157",371992,2025-06-12 22:40:24,42.4774551391602,-8.94447708129883,"Unknown"
"9004157",371992,2025-06-12 22:45:53,42.4759140014648,-8.9444637298584,"Unknown"
"9004157",371992,2025-06-12 22:50:23,42.4764137268066,-8.94407844543457,"Unknown"
"9004157",371992,2025-06-12 22:55:21,42.4769897460938,-8.94458675384521,"Unknown"
"9004157",371992,2025-06-12 23:00:20,42.4770584106445,-8.94464683532715,"Unknown"
"9004157",371992,2025-06-12 23:05:21,42.4772911071777,-8.94452381134033,"Unknown"
"9004157",371992,2025-06-12 23:10:21,42.4771194458008,-8.94493007659912,"Unknown"
"9004157",371992,2025-06-12 23:15:21,42.4771842956543,-8.94477844238281,"Unknown"
"9004157",371992,2025-06-12 23:20:23,42.4772529602051,-8.94516849517822,"Unknown"
"9004157",371992,2025-06-12 23:25:31,42.4771690368652,-8.94467449188232,"Unknown"
"9004157",371992,2025-06-12 23:30:36,42.4773826599121,-8.94451999664307,"Unknown"
"9004157",371992,2025-06-12 23:35:24,42.4772109985352,-8.94384384155273,"Unknown"
"9004157",371992,2025-06-12 23:40:38,42.477294921875,-8.94468021392822,"Unknown"
"9004157",371992,2025-06-12 23:45:30,42.4772529602051,-8.94483280181885,"Unknown"
"9004157",371992,2025-06-12 23:51:43,42.4771423339844,-8.94457817077637,"Unknown"
"9004157",371992,2025-06-12 23:55:22,42.4771957397461,-8.94475173950195,"Unknown"
"9004157",371992,2025-06-13 00:00:23,42.4771461486816,-8.94465351104736,"Unknown"
"9004157",371992,2025-06-13 00:05:24,42.4771041870117,-8.94462966918945,"Unknown"
"9004157",371992,2025-06-13 00:10:26,42.4771499633789,-8.94466495513916,"Unknown"
"9004157",371992,2025-06-13 00:15:22,42.477165222168,-8.94479274749756,"Unknown"
"9004157",371992,2025-06-13 00:20:23,42.477180480957,-8.94467163085938,"Unknown"
"9004157",371992,2025-06-13 00:25:21,42.4771881103516,-8.94464206695557,"Unknown"
"9004157",371992,2025-06-13 00:30:22,42.4770851135254,-8.94471549987793,"Unknown"
"9004157",371992,2025-06-13 00:35:24,42.4771347045898,-8.9447193145752,"Unknown"
"9004157",371992,2025-06-13 00:40:25,42.4771156311035,-8.94461536407471,"Unknown"
"9004157",371992,2025-06-13 00:46:02,42.477123260498,-8.94462966918945,"Unknown"
"9004157",371992,2025-06-13 00:50:23,42.4771728515625,-8.94473361968994,"Unknown"
"9004157",371992,2025-06-13 00:55:21,42.4772834777832,-8.94473743438721,"Unknown"
"9004157",371992,2025-06-13 01:00:23,42.477222442627,-8.94480991363525,"Unknown"
"9004157",371992,2025-06-13 01:05:29,42.4770812988281,-8.94486808776855,"Unknown"
"9004157",371992,2025-06-13 01:10:19,42.4771499633789,-8.9447717666626,"Unknown"
"9004157",371992,2025-06-13 01:15:22,42.477180480957,-8.94477081298828,"Unknown"
"9004157",371992,2025-06-13 01:20:19,42.4771118164062,-8.94475078582764,"Unknown"
"9004157",371992,2025-06-13 01:25:19,42.4771347045898,-8.94478988647461,"Unknown"
"9004157",371992,2025-06-13 01:30:20,42.4772186279297,-8.94471645355225,"Unknown"
"9004157",371992,2025-06-13 01:35:22,42.4771118164062,-8.94479465484619,"Unknown"
"9004157",371992,2025-06-13 01:40:37,42.4771766662598,-8.94480991363525,"Unknown"
"9004157",371992,2025-06-13 01:45:43,42.4772148132324,-8.94489192962646,"Unknown"
"9004157",371992,2025-06-13 01:50:21,42.477352142334,-8.94474506378174,"Unknown"
"9004157",371992,2025-06-13 01:55:21,42.4767303466797,-8.9443998336792,"Unknown"
"9004157",371992,2025-06-13 02:00:28,42.4773712158203,-8.94468307495117,"Unknown"
"9004157",371992,2025-06-13 02:05:20,42.4770965576172,-8.94460773468018,"Unknown"
"9004157",371992,2025-06-13 02:10:33,42.4772720336914,-8.94472312927246,"Unknown"
"9004157",371992,2025-06-13 02:15:21,42.4776153564453,-8.94477939605713,"Unknown"
"9004157",371992,2025-06-13 02:20:26,42.4773597717285,-8.94469165802002,"Unknown"
"9004157",371992,2025-06-13 02:25:22,42.4772300720215,-8.94473361968994,"Unknown"
"9004157",371992,2025-06-13 02:30:53,42.4772567749023,-8.94465923309326,"Unknown"
"9004157",371992,2025-06-13 02:35:23,42.4772415161133,-8.94435977935791,"Unknown"
"9004157",371992,2025-06-13 02:40:23,42.4771575927734,-8.94448661804199,"Unknown"
"9004157",371992,2025-06-13 02:45:29,42.4773063659668,-8.94467449188232,"Unknown"
"9004157",371992,2025-06-13 02:50:23,42.4772567749023,-8.94431495666504,"Unknown"
"9004157",371992,2025-06-13 02:55:26,42.4772300720215,-8.9446907043457,"Unknown"
"9004157",371992,2025-06-13 03:00:25,42.4769020080566,-8.94445705413818,"Unknown"
"9004157",371992,2025-06-13 03:05:32,42.4772071838379,-8.94464111328125,"Unknown"
"9004157",371992,2025-06-13 03:10:25,42.4769401550293,-8.94447422027588,"Unknown"
"9004157",371992,2025-06-13 03:15:41,42.477222442627,-8.94472312927246,"Unknown"
"9004157",371992,2025-06-13 03:20:19,42.4771919250488,-8.94478607177734,"Unknown"
"9004157",371992,2025-06-13 03:25:44,42.4772796630859,-8.94478702545166,"Unknown"
"9004157",371992,2025-06-13 03:30:31,42.477352142334,-8.94483280181885,"Unknown"
"9004157",371992,2025-06-13 03:35:25,42.4771728515625,-8.94468116760254,"Unknown"
"9004157",371992,2025-06-13 03:40:24,42.4774894714355,-8.9447603225708,"Unknown"
"9004157",371992,2025-06-13 03:46:43,42.4772682189941,-8.94477081298828,"Unknown"
"9004157",371992,2025-06-13 03:55:57,42.4773902893066,-8.94492721557617,"Unknown"
"9004157",371992,2025-06-13 04:00:54,42.477180480957,-8.94470596313477,"Unknown"
"9004157",371992,2025-06-13 04:05:24,42.4775123596191,-8.94509220123291,"Unknown"
"9004157",371992,2025-06-13 04:10:20,42.4770088195801,-8.94457244873047,"Unknown"
"9004157",371992,2025-06-13 04:15:20,42.4770393371582,-8.94461536407471,"Unknown"
"9004157",371992,2025-06-13 04:20:34,42.4771194458008,-8.94466018676758,"Unknown"
"9004157",371992,2025-06-13 04:25:31,42.477222442627,-8.94478130340576,"Unknown"
"9004157",371992,2025-06-13 04:30:46,42.477222442627,-8.94498252868652,"Unknown"
"9004157",371992,2025-06-13 04:35:34,42.4773101806641,-8.94486618041992,"Unknown"
"9004157",371992,2025-06-13 04:40:21,42.4767189025879,-8.94433498382568,"Unknown"
"9004157",371992,2025-06-13 04:45:28,42.4770698547363,-8.94478130340576,"Unknown"
"9004157",371992,2025-06-13 04:50:31,42.4773559570312,-8.94485187530518,"Unknown"
"9004157",371992,2025-06-13 04:55:35,42.4773254394531,-8.94483757019043,"Unknown"
"9004157",371992,2025-06-13 05:00:33,42.4772796630859,-8.94485950469971,"Unknown"
"9004157",371992,2025-06-13 05:05:44,42.4773101806641,-8.94485759735107,"Unknown"
"9004157",371992,2025-06-13 05:11:43,42.4770774841309,-8.94471549987793,"Unknown"
"9004157",371992,2025-06-13 05:15:22,42.4770164489746,-8.94471645355225,"Unknown"
"9004157",371992,2025-06-13 05:21:43,42.4770622253418,-8.94460201263428,"Unknown"
"9004157",371992,2025-06-13 05:26:09,42.4769630432129,-8.94485187530518,"Unknown"
"9004157",371992,2025-06-13 05:31:43,42.4770126342773,-8.94468116760254,"Unknown"
"9004157",371992,2025-06-13 05:35:24,42.4770584106445,-8.94440746307373,"Unknown"
"9004157",371992,2025-06-13 05:40:22,42.476806640625,-8.94491958618164,"Unknown"
"9004157",371992,2025-06-13 05:45:19,42.4771003723145,-8.94478225708008,"Unknown"
"9004157",371992,2025-06-13 05:50:28,42.4769744873047,-8.94484329223633,"Unknown"
"9004157",371992,2025-06-13 05:55:25,42.4770698547363,-8.94477653503418,"Unknown"
"9004157",371992,2025-06-13 06:00:27,42.4769630432129,-8.94461250305176,"Unknown"
"9004157",371992,2025-06-13 06:05:28,42.477165222168,-8.94453430175781,"Unknown"
"9004157",371992,2025-06-13 06:11:24,42.4772758483887,-8.94470977783203,"Unknown"
"9004157",371992,2025-06-13 06:15:25,42.4771385192871,-8.94449710845947,"Unknown"
"9004157",371992,2025-06-13 06:20:42,42.4771499633789,-8.94443607330322,"Unknown"
"9004157",371992,2025-06-13 06:25:21,42.4771537780762,-8.94454956054688,"Unknown"
"9004157",371992,2025-06-13 06:30:21,42.4771385192871,-8.94451522827148,"Unknown"
"9004157",371992,2025-06-13 06:35:20,42.4771270751953,-8.94463062286377,"Unknown"
"9004157",371992,2025-06-13 06:40:25,42.4771385192871,-8.94444370269775,"Unknown"
"9004157",371992,2025-06-13 06:45:52,42.4770431518555,-8.94467067718506,"Unknown"
"9004157",371992,2025-06-13 06:50:21,42.4771690368652,-8.9447717666626,"Unknown"
"9004157",371992,2025-06-13 06:55:23,42.4771461486816,-8.94469833374023,"Unknown"
"9004157",371992,2025-06-13 07:00:19,42.4771575927734,-8.94476413726807,"Unknown"
"9004157",371992,2025-06-13 07:05:21,42.4773597717285,-8.94501686096191,"Unknown"
"9004157",371992,2025-06-13 07:10:24,42.47705078125,-8.94457530975342,"Unknown"
"9004157",371992,2025-06-13 07:15:25,42.4768867492676,-8.94435787200928,"Unknown"
"9004157",371992,2025-06-13 07:20:22,42.4882850646973,-8.92232131958008,"Unknown"
"9004157",371992,2025-06-13 07:28:27,42.5065307617188,-8.87270259857178,"Unknown"
"9004157",371992,2025-06-13 07:33:38,42.5067710876465,-8.87150096893311,"Unknown"
"9004157",371992,2025-06-13 07:39:10,42.5083389282227,-8.87050914764404,"Unknown"
"9004157",371992,2025-06-13 07:44:25,42.5081329345703,-8.8744421005249,"Unknown"
"9004157",371992,2025-06-13 07:51:29,42.5071449279785,-8.87573623657227,"Unknown"
"9004157",371992,2025-06-13 07:55:56,42.5064392089844,-8.87823581695557,"Unknown"
"9004157",371992,2025-06-13 08:00:51,42.5045623779297,-8.88151454925537,"Unknown"
"9004157",371992,2025-06-13 08:06:14,42.5046997070312,-8.88142776489258,"Unknown"
"9004157",371992,2025-06-13 08:10:59,42.5046730041504,-8.88146591186523,"Unknown"
"9004157",371992,2025-06-13 08:15:51,42.5046577453613,-8.88146686553955,"Unknown"
"9004157",371992,2025-06-13 08:20:52,42.504753112793,-8.88135719299316,"Unknown"
"9004157",371992,2025-06-13 08:25:51,42.5047760009766,-8.88137817382812,"Unknown"
"9004157",371992,2025-06-13 08:30:51,42.5047225952148,-8.88146114349365,"Unknown"
"9004157",371992,2025-06-13 08:35:52,42.5047302246094,-8.88144397735596,"Unknown"
"9004157",371992,2025-06-13 08:40:53,42.5048637390137,-8.88133239746094,"Unknown"
"9004157",371992,2025-06-13 08:46:14,42.5047798156738,-8.88136863708496,"Unknown"
"9004157",371992,2025-06-13 08:50:51,42.504810333252,-8.88138484954834,"Unknown"
"9004157",371992,2025-06-13 08:55:51,42.5047607421875,-8.88138008117676,"Unknown"
"9004157",371992,2025-06-13 09:00:51,42.5048408508301,-8.88130474090576,"Unknown"
"9004157",371992,2025-06-13 09:05:51,42.5048522949219,-8.88137149810791,"Unknown"
"9004157",371992,2025-06-13 09:10:51,42.5048332214355,-8.88135242462158,"Unknown"
"9004157",371992,2025-06-13 09:15:51,42.5048408508301,-8.88131999969482,"Unknown"
"9004157",371992,2025-06-13 09:20:51,42.5048904418945,-8.8813009262085,"Unknown"
"9004157",371992,2025-06-13 09:25:52,42.5048332214355,-8.88119506835938,"Unknown"
"9004157",371992,2025-06-13 09:31:00,42.5048141479492,-8.88107585906982,"Unknown"
"9004157",371992,2025-06-13 09:35:51,42.5048408508301,-8.8808069229126,"Unknown"
"9004157",371992,2025-06-13 09:41:00,42.5048904418945,-8.88089942932129,"Unknown"
"9004157",371992,2025-06-13 09:45:51,42.5049591064453,-8.88087749481201,"Unknown"
"9004157",371992,2025-06-13 09:50:54,42.5049591064453,-8.88082122802734,"Unknown"
"9004157",371992,2025-06-13 09:55:51,42.504825592041,-8.88069725036621,"Unknown"
"9004157",371992,2025-06-13 10:01:14,42.5047302246094,-8.88065052032471,"Unknown"
"9004157",371992,2025-06-13 10:05:51,42.5047035217285,-8.88071823120117,"Unknown"
"9004157",371992,2025-06-13 10:10:51,42.504695892334,-8.88066673278809,"Unknown"
"9004157",371992,2025-06-13 10:15:51,42.5047264099121,-8.88072872161865,"Unknown"
"9004157",371992,2025-06-13 10:20:54,42.5047187805176,-8.88066387176514,"Unknown"
"9004157",371992,2025-06-13 10:25:51,42.5046653747559,-8.88053607940674,"Unknown"
"9004157",371992,2025-06-13 10:30:51,42.5069313049316,-8.87380790710449,"Unknown"
"9004157",371992,2025-06-13 10:35:52,42.5073013305664,-8.87205791473389,"Unknown"
"9004157",371992,2025-06-13 10:40:51,42.5073089599609,-8.87126159667969,"Unknown"
"9004157",371992,2025-06-13 10:46:14,42.5086784362793,-8.87069320678711,"Unknown"
"9004157",371992,2025-06-13 10:50:58,42.509880065918,-8.87110614776611,"Unknown"
"9004157",371992,2025-06-13 10:56:24,42.5088424682617,-8.8715238571167,"Unknown"
"9004157",371992,2025-06-13 11:03:00,42.5073165893555,-8.87118625640869,"Unknown"
"9004157",371992,2025-06-13 11:09:24,42.5085601806641,-8.87048625946045,"Unknown"
"9004157",371992,2025-06-13 11:15:24,42.5078353881836,-8.87176990509033,"Unknown"
"9004157",371992,2025-06-13 11:20:25,42.507152557373,-8.87188529968262,"Unknown"
"9004157",371992,2025-06-13 11:27:00,42.5065803527832,-8.87300205230713,"Unknown"
"9004157",371992,2025-06-13 11:32:14,42.5079231262207,-8.87322521209717,"Unknown"
"9004157",371992,2025-06-13 11:36:58,42.5092620849609,-8.87178421020508,"Unknown"
"9004157",371992,2025-06-13 11:43:43,42.5084114074707,-8.87310314178467,"Unknown"
"9004157",371992,2025-06-13 11:48:52,42.5070838928223,-8.87452507019043,"Unknown"
"9004157",371992,2025-06-13 11:54:29,42.5067253112793,-8.87370204925537,"Unknown"
"9004157",371992,2025-06-13 12:02:15,42.5065612792969,-8.87229537963867,"Unknown"
"9004157",371992,2025-06-13 12:06:59,42.5061531066895,-8.87356376647949,"Unknown"
"9004157",371992,2025-06-13 12:11:56,42.507022857666,-8.87331676483154,"Unknown"
"9004157",371992,2025-06-13 12:17:10,42.5068473815918,-8.87403392791748,"Unknown"
"9004157",371992,2025-06-13 12:22:08,42.5065422058105,-8.87439250946045,"Unknown"
"9004157",371992,2025-06-13 12:33:05,42.5046234130859,-8.88065052032471,"Unknown"
"9004157",371992,2025-06-13 12:37:47,42.5045852661133,-8.88063526153564,"Unknown"
"9004157",371992,2025-06-13 12:42:36,42.5045394897461,-8.88053131103516,"Unknown"
"9004157",371992,2025-06-13 12:48:05,42.5046348571777,-8.88057708740234,"Unknown"
"9004157",371992,2025-06-13 12:52:33,42.5046501159668,-8.88057994842529,"Unknown"
"9004157",371992,2025-06-13 12:57:33,42.5046234130859,-8.88047122955322,"Unknown"
"9004157",371992,2025-06-13 13:02:33,42.5047073364258,-8.88050079345703,"Unknown"
"9004157",371992,2025-06-13 13:07:33,42.5046081542969,-8.88055229187012,"Unknown"
"9004157",371992,2025-06-13 13:12:33,42.5046234130859,-8.88057518005371,"Unknown"
"9004157",371992,2025-06-13 13:17:33,42.5046195983887,-8.88055992126465,"Unknown"
"9004157",371992,2025-06-13 13:22:33,42.5046730041504,-8.88053512573242,"Unknown"
"9004157",371992,2025-06-13 13:27:33,42.5046348571777,-8.8804874420166,"Unknown"
"9004157",371992,2025-06-13 13:32:35,42.5046577453613,-8.8805046081543,"Unknown"
"9004157",371992,2025-06-13 13:37:35,42.5046615600586,-8.88058185577393,"Unknown"
"9004157",371992,2025-06-13 13:42:37,42.5046234130859,-8.88050842285156,"Unknown"
"9004157",371992,2025-06-13 13:47:35,42.5046234130859,-8.88050365447998,"Unknown"
"9004157",371992,2025-06-13 13:52:35,42.5045967102051,-8.8805627822876,"Unknown"
"9004157",371992,2025-06-13 13:57:36,42.5046310424805,-8.8804931640625,"Unknown"
"9004157",371992,2025-06-13 14:02:34,42.5046157836914,-8.88047790527344,"Unknown"
"9004157",371992,2025-06-13 14:07:34,42.5046730041504,-8.8804292678833,"Unknown"
"9004157",371992,2025-06-13 14:12:34,42.5046272277832,-8.88051319122314,"Unknown"
"9004157",371992,2025-06-13 14:17:33,42.5045356750488,-8.88066291809082,"Unknown"
"9004157",371992,2025-06-13 14:22:36,42.5046424865723,-8.8805685043335,"Unknown"
"9004157",371992,2025-06-13 14:27:38,42.5045623779297,-8.88059425354004,"Unknown"
"9004157",371992,2025-06-13 14:32:38,42.5045700073242,-8.88066482543945,"Unknown"
"9004157",371992,2025-06-13 14:37:33,42.5046081542969,-8.88063335418701,"Unknown"
"9004157",371992,2025-06-13 14:42:33,42.5046005249023,-8.88052654266357,"Unknown"
"9004157",371992,2025-06-13 14:47:33,42.5046539306641,-8.88057804107666,"Unknown"
"9004157",371992,2025-06-13 14:52:34,42.5045928955078,-8.88069152832031,"Unknown"
"9004157",371992,2025-06-13 14:57:34,42.5065765380859,-8.87216472625732,"Unknown"
"9004157",371992,2025-06-13 15:03:05,42.5081596374512,-8.8706169128418,"Unknown"
"9004157",371992,2025-06-13 15:08:28,42.5080337524414,-8.87200164794922,"Unknown"
"9004157",371992,2025-06-13 15:13:26,42.5070877075195,-8.8720703125,"Unknown"
"9004157",371992,2025-06-13 15:18:30,42.5062484741211,-8.87357425689697,"Unknown"
"9004157",371992,2025-06-13 15:24:08,42.5070648193359,-8.8732795715332,"Unknown"
"9004157",371992,2025-06-13 15:29:22,42.5065765380859,-8.87229442596436,"Unknown"
"9004157",371992,2025-06-13 15:34:39,42.5064544677734,-8.87381649017334,"Unknown"
"9004157",371992,2025-06-13 15:40:07,42.5056228637695,-8.87551879882812,"Unknown"
"9004157",371992,2025-06-13 15:45:07,42.5047187805176,-8.87696170806885,"Unknown"
"9004157",371992,2025-06-13 15:50:05,42.5044555664062,-8.88070201873779,"Unknown"
"9004157",371992,2025-06-13 15:55:34,42.5044746398926,-8.88078689575195,"Unknown"
"9004157",371992,2025-06-13 16:00:05,42.504508972168,-8.88090515136719,"Unknown"
"9004157",371992,2025-06-13 16:05:05,42.504451751709,-8.88099670410156,"Unknown"
"9004157",371992,2025-06-13 16:10:06,42.5044288635254,-8.88107776641846,"Unknown"
"9004157",371992,2025-06-13 16:15:06,42.5046195983887,-8.88129234313965,"Unknown"
"9004157",371992,2025-06-13 16:20:05,42.5046157836914,-8.88119316101074,"Unknown"
"9004157",371992,2025-06-13 16:25:06,42.5046768188477,-8.88127040863037,"Unknown"
"9004157",371992,2025-06-13 16:30:06,42.4842109680176,-8.91231346130371,"Unknown"
"9004157",371992,2025-06-13 16:35:06,42.4607849121094,-8.9437084197998,"Unknown"
"9004157",371992,2025-06-13 16:40:06,42.4189414978027,-8.93038272857666,"Unknown"
"9004157",371992,2025-06-13 16:45:15,42.3992347717285,-8.92069149017334,"Unknown"
"9004157",371992,2025-06-13 16:50:08,42.3994216918945,-8.92072010040283,"Unknown"
"9004157",371992,2025-06-13 16:55:07,42.3993644714355,-8.92063236236572,"Unknown"
"9004157",371992,2025-06-13 17:00:34,42.3994140625,-8.92066383361816,"Unknown"
"9004157",371992,2025-06-13 17:05:13,42.3993682861328,-8.92072200775146,"Unknown"
"9004157",371992,2025-06-13 17:10:09,42.3994369506836,-8.92063426971436,"Unknown"
"9004157",371992,2025-06-13 17:15:19,42.3993988037109,-8.92069149017334,"Unknown"
"9004157",371992,2025-06-13 17:20:10,42.3993682861328,-8.92076778411865,"Unknown"
"9004157",371992,2025-06-13 17:25:07,42.3992385864258,-8.92076396942139,"Unknown"
"9004157",371992,2025-06-13 17:30:05,42.3993949890137,-8.92064094543457,"Unknown"
"9004157",371992,2025-06-13 17:35:12,42.3994369506836,-8.92061614990234,"Unknown"
"9004157",371992,2025-06-13 17:40:05,42.3994102478027,-8.92065906524658,"Unknown"
"9004157",371992,2025-06-13 17:45:05,42.3993606567383,-8.92062950134277,"Unknown"
"9004157",371992,2025-06-13 17:50:05,42.3994140625,-8.9207067489624,"Unknown"
"9004157",371992,2025-06-13 17:55:05,42.3994293212891,-8.9207010269165,"Unknown"
"9004157",371992,2025-06-13 18:00:35,42.3988838195801,-8.92110919952393,"Unknown"
"9004157",371992,2025-06-13 18:05:06,42.398853302002,-8.9211254119873,"Unknown"
"9004157",371992,2025-06-13 18:10:05,42.398811340332,-8.92108821868896,"Unknown"
"9004157",371992,2025-06-13 18:15:05,42.3988952636719,-8.92107963562012,"Unknown"
"9004157",371992,2025-06-13 18:20:05,42.3988876342773,-8.92103576660156,"Unknown"
"9004157",371992,2025-06-13 18:25:07,42.3988647460938,-8.9210844039917,"Unknown"
"9004157",371992,2025-06-13 18:30:06,42.3987884521484,-8.9210262298584,"Unknown"
"9004157",371992,2025-06-13 18:35:10,42.3989181518555,-8.92116928100586,"Unknown"
"9004157",371992,2025-06-13 18:40:08,42.3988304138184,-8.92105484008789,"Unknown"
"9004157",371992,2025-06-13 18:45:07,42.3988037109375,-8.92093276977539,"Unknown"
"9004157",371992,2025-06-13 18:50:08,42.3988304138184,-8.9209566116333,"Unknown"
"9004157",371992,2025-06-13 18:55:11,42.3988647460938,-8.92097473144531,"Unknown"
"9004157",371992,2025-06-13 19:00:24,42.3989562988281,-8.92107105255127,"Unknown"
"9004157",371992,2025-06-13 19:05:32,42.3990249633789,-8.92113208770752,"Unknown"
"9004157",371992,2025-06-13 19:10:05,42.3988876342773,-8.92075252532959,"Unknown"
"9004157",371992,2025-06-13 19:15:09,42.3988304138184,-8.92080307006836,"Unknown"
"9004157",371992,2025-06-13 19:20:05,42.3987922668457,-8.92075061798096,"Unknown"
"9004157",371992,2025-06-13 19:25:05,42.4008407592773,-8.92098236083984,"Unknown"
"9004157",371992,2025-06-13 19:30:09,42.3990058898926,-8.92141628265381,"Unknown"
"9004157",371992,2025-06-13 19:35:07,42.3988227844238,-8.92112064361572,"Unknown"
"9004157",371992,2025-06-13 19:40:07,42.3989524841309,-8.92115688323975,"Unknown"
"9004157",371992,2025-06-13 19:45:08,42.3988342285156,-8.92112255096436,"Unknown"
"9004157",371992,2025-06-13 19:50:06,42.3987617492676,-8.92093181610107,"Unknown"
"9004157",371992,2025-06-13 19:55:06,42.3987464904785,-8.92089080810547,"Unknown"
"9004157",371992,2025-06-13 20:00:18,42.3988189697266,-8.92111396789551,"Unknown"
"9004157",371992,2025-06-13 20:05:09,42.3989295959473,-8.92137432098389,"Unknown"
"9004157",371992,2025-06-13 20:10:18,42.3988838195801,-8.92123985290527,"Unknown"
"9004157",371992,2025-06-13 20:15:25,42.3989028930664,-8.92144775390625,"Unknown"
"9004157",371992,2025-06-13 20:20:18,42.3987808227539,-8.92117023468018,"Unknown"
"9004157",371992,2025-06-13 20:25:09,42.3984413146973,-8.92017841339111,"Unknown"
"9004157",371992,2025-06-13 20:30:18,42.3988952636719,-8.9212703704834,"Unknown"
"9004157",371992,2025-06-13 20:35:13,42.3988494873047,-8.92113590240479,"Unknown"
"9004157",371992,2025-06-13 20:40:19,42.3988418579102,-8.92116069793701,"Unknown"
"9004157",371992,2025-06-13 20:45:18,42.3988342285156,-8.92111682891846,"Unknown"
"9004157",371992,2025-06-13 20:50:10,42.3985366821289,-8.92031288146973,"Unknown"
"9004157",371992,2025-06-13 20:55:35,42.398811340332,-8.92107582092285,"Unknown"
"9004157",371992,2025-06-13 21:00:18,42.398811340332,-8.92110157012939,"Unknown"
"9004157",371992,2025-06-13 21:05:16,42.398754119873,-8.92109203338623,"Unknown"
"9004157",371992,2025-06-13 21:10:12,42.3987998962402,-8.92122650146484,"Unknown"
"9004157",371992,2025-06-13 21:15:56,42.3985023498535,-8.92088603973389,"Unknown"
"9004157",371992,2025-06-13 21:20:05,42.398811340332,-8.9211540222168,"Unknown"
"9004157",371992,2025-06-13 21:25:07,42.3987464904785,-8.92132663726807,"Unknown"
"9004157",371992,2025-06-13 21:30:17,42.3984375,-8.92125606536865,"Unknown"
"9004157",371992,2025-06-13 21:35:09,42.3985404968262,-8.9211311340332,"Unknown"
"9004157",371992,2025-06-13 21:40:13,42.3987045288086,-8.92114067077637,"Unknown"
"9004157",371992,2025-06-13 21:45:09,42.398624420166,-8.9210958480835,"Unknown"
"9004157",371992,2025-06-13 21:50:12,42.3985977172852,-8.92099666595459,"Unknown"
"9004157",371992,2025-06-13 21:55:09,42.3988494873047,-8.92108058929443,"Unknown"
"9004157",371992,2025-06-13 22:00:06,42.3988265991211,-8.92115688323975,"Unknown"
"9004157",371992,2025-06-13 22:05:10,42.3987159729004,-8.92102336883545,"Unknown"
"9004157",371992,2025-06-13 22:10:05,42.3988952636719,-8.92110729217529,"Unknown"
"9004157",371992,2025-06-13 22:15:09,42.3990669250488,-8.92151355743408,"Unknown"
"9004157",371992,2025-06-13 22:20:35,42.3987884521484,-8.92111301422119,"Unknown"
"9004157",371992,2025-06-13 22:25:06,42.3987770080566,-8.9209508895874,"Unknown"
"9004157",371992,2025-06-13 22:30:07,42.3987503051758,-8.92092800140381,"Unknown"
"9004157",371992,2025-06-13 22:35:07,42.3988609313965,-8.9210844039917,"Unknown"
"9004157",371992,2025-06-13 22:40:08,42.3988227844238,-8.92105102539062,"Unknown"
"9004157",371992,2025-06-13 22:45:06,42.3989219665527,-8.92133617401123,"Unknown"
"9004157",371992,2025-06-13 22:50:06,42.3986892700195,-8.92082214355469,"Unknown"
"9004157",371992,2025-06-13 22:55:10,42.3986511230469,-8.92061710357666,"Unknown"
"9004157",371992,2025-06-13 23:00:06,42.3988189697266,-8.92111015319824,"Unknown"
"9004157",371992,2025-06-13 23:05:08,42.3987808227539,-8.9210376739502,"Unknown"
"9004157",371992,2025-06-13 23:10:08,42.3987884521484,-8.92087078094482,"Unknown"
"9004157",371992,2025-06-13 23:15:10,42.3988609313965,-8.92129230499268,"Unknown"
"9004157",371992,2025-06-13 23:20:13,42.3988037109375,-8.92108249664307,"Unknown"
"9004157",371992,2025-06-13 23:25:21,42.3986930847168,-8.92150688171387,"Unknown"
"9004157",371992,2025-06-13 23:30:08,42.3986740112305,-8.9212703704834,"Unknown"
"9004157",371992,2025-06-13 23:35:08,42.3986625671387,-8.92224407196045,"Unknown"
"9004157",371992,2025-06-13 23:40:11,42.3987274169922,-8.921799659729,"Unknown"
"9004157",371992,2025-06-13 23:45:11,42.3987846374512,-8.92192268371582,"Unknown"
"9004157",371992,2025-06-13 23:50:12,42.3987884521484,-8.92176532745361,"Unknown"
"9004157",371992,2025-06-13 23:55:35,42.3987998962402,-8.92108154296875,"Unknown"
"9004157",371992,2025-06-14 00:00:53,42.3987846374512,-8.92105293273926,"Unknown"
"9004157",371992,2025-06-14 00:05:06,42.398811340332,-8.92093849182129,"Unknown"
"9004157",371992,2025-06-14 00:10:18,42.3988838195801,-8.92120838165283,"Unknown"
"9004157",371992,2025-06-14 00:15:05,42.398796081543,-8.92096519470215,"Unknown"
"9004157",371992,2025-06-14 00:20:07,42.3988075256348,-8.92091178894043,"Unknown"
"9004157",371992,2025-06-14 00:25:33,42.3988151550293,-8.92109394073486,"Unknown"
"9004157",371992,2025-06-14 00:30:06,42.3987464904785,-8.92084789276123,"Unknown"
"9004157",371992,2025-06-14 00:35:25,42.39892578125,-8.92111968994141,"Unknown"
"9004157",371992,2025-06-14 00:40:06,42.3987693786621,-8.92092800140381,"Unknown"
"9004157",371992,2025-06-14 00:45:20,42.3991966247559,-8.92127895355225,"Unknown"
"9004157",371992,2025-06-14 00:50:37,42.3991279602051,-8.92129039764404,"Unknown"
"9004157",371992,2025-06-14 01:01:30,42.3992080688477,-8.92165946960449,"Unknown"
"9004157",371992,2025-06-14 01:16:29,42.3990020751953,-8.92116165161133,"Unknown"
"9004157",371992,2025-06-14 01:20:17,42.3990440368652,-8.92124557495117,"Unknown"
"9004157",371992,2025-06-14 01:25:16,42.3992729187012,-8.92122459411621,"Unknown"
"9004157",371992,2025-06-14 01:30:12,42.3988189697266,-8.92086887359619,"Unknown"
"9004157",371992,2025-06-14 01:35:23,42.3988761901855,-8.92095279693604,"Unknown"
"9004157",371992,2025-06-14 01:40:23,42.3989944458008,-8.92093944549561,"Unknown"
"9004157",371992,2025-06-14 01:46:14,42.3988609313965,-8.9207763671875,"Unknown"
"9004157",371992,2025-06-14 01:50:09,42.3989143371582,-8.92096042633057,"Unknown"
"9004157",371992,2025-06-14 01:55:17,42.398983001709,-8.92089080810547,"Unknown"
"9004157",371992,2025-06-14 02:00:30,42.3989372253418,-8.92081737518311,"Unknown"
"9004157",371992,2025-06-14 02:05:51,42.3989868164062,-8.92082691192627,"Unknown"
"9004157",371992,2025-06-14 02:10:05,42.3987884521484,-8.92082214355469,"Unknown"
"9004157",371992,2025-06-14 02:15:05,42.3987846374512,-8.92085742950439,"Unknown"
"9004157",371992,2025-06-14 02:20:06,42.3987922668457,-8.92092800140381,"Unknown"
"9004157",371992,2025-06-14 02:25:10,42.3988876342773,-8.92104625701904,"Unknown"
"9004157",371992,2025-06-14 02:30:06,42.3988342285156,-8.92086124420166,"Unknown"
"9004157",371992,2025-06-14 02:35:06,42.398811340332,-8.9208517074585,"Unknown"
"9004157",371992,2025-06-14 02:40:06,42.3987922668457,-8.92076873779297,"Unknown"
"9004157",371992,2025-06-14 02:45:06,42.3989028930664,-8.92109775543213,"Unknown"
"9004157",371992,2025-06-14 02:50:06,42.3988189697266,-8.92097282409668,"Unknown"
"9004157",371992,2025-06-14 02:55:05,42.3987884521484,-8.92085647583008,"Unknown"
"9004157",371992,2025-06-14 03:00:06,42.3988189697266,-8.92089557647705,"Unknown"
"9004157",371992,2025-06-14 03:05:06,42.3987884521484,-8.92079162597656,"Unknown"
"9004157",371992,2025-06-14 03:10:06,42.3987083435059,-8.92069244384766,"Unknown"
"9004157",371992,2025-06-14 03:15:43,42.3988037109375,-8.92078018188477,"Unknown"
"9004157",371992,2025-06-14 03:20:07,42.3987770080566,-8.92084121704102,"Unknown"
"9004157",371992,2025-06-14 03:25:09,42.398754119873,-8.92084503173828,"Unknown"
"9004157",371992,2025-06-14 03:30:06,42.3985557556152,-8.92069721221924,"Unknown"
"9004157",371992,2025-06-14 03:35:33,42.3983345031738,-8.91977596282959,"Unknown"
"9004157",371992,2025-06-14 03:40:10,42.3988380432129,-8.92120265960693,"Unknown"
"9004157",371992,2025-06-14 03:45:44,42.3985481262207,-8.92077445983887,"Unknown"
"9004157",371992,2025-06-14 03:50:07,42.3986968994141,-8.92092895507812,"Unknown"
"9004157",371992,2025-06-14 03:55:07,42.3986930847168,-8.92090129852295,"Unknown"
"9004157",371992,2025-06-14 04:00:06,42.3987121582031,-8.92090034484863,"Unknown"
"9004157",371992,2025-06-14 04:05:35,42.3987655639648,-8.92109107971191,"Unknown"
"9004157",371992,2025-06-14 04:10:44,42.3988227844238,-8.92106342315674,"Unknown"
"9004157",371992,2025-06-14 04:15:12,42.3988609313965,-8.92141628265381,"Unknown"
"9004157",371992,2025-06-14 04:20:12,42.3985633850098,-8.92166137695312,"Unknown"
"9004157",371992,2025-06-14 04:25:17,42.3988151550293,-8.92103290557861,"Unknown"
"9004157",371992,2025-06-14 04:30:23,42.3987884521484,-8.92088508605957,"Unknown"
"9004157",371992,2025-06-14 04:35:35,42.3987770080566,-8.92086696624756,"Unknown"
"9004157",371992,2025-06-14 04:40:05,42.3985977172852,-8.92099380493164,"Unknown"
"9004157",371992,2025-06-14 04:45:43,42.3989181518555,-8.92122936248779,"Unknown"
"9004157",371992,2025-06-14 04:50:06,42.3988952636719,-8.92120265960693,"Unknown"
"9004157",371992,2025-06-14 04:55:05,42.3989143371582,-8.92111778259277,"Unknown"
"9004157",371992,2025-06-14 05:00:07,42.3988456726074,-8.92110824584961,"Unknown"
"9004157",371992,2025-06-14 05:05:08,42.398796081543,-8.921142578125,"Unknown"
"9004157",371992,2025-06-14 05:10:10,42.3988265991211,-8.92112445831299,"Unknown"
"9004157",371992,2025-06-14 05:15:05,42.3988838195801,-8.92117500305176,"Unknown"
"9004157",371992,2025-06-14 05:20:18,42.3988037109375,-8.92098808288574,"Unknown"
"9004157",371992,2025-06-14 05:25:18,42.3988952636719,-8.92110633850098,"Unknown"
"9004157",371992,2025-06-14 05:35:44,42.3988456726074,-8.92112731933594,"Unknown"
"9004157",371992,2025-06-14 05:40:05,42.3988571166992,-8.92100238800049,"Unknown"
"9004157",371992,2025-06-14 05:45:05,42.3988647460938,-8.92107772827148,"Unknown"
"9004157",371992,2025-06-14 05:50:05,42.398796081543,-8.92107200622559,"Unknown"
"9004157",371992,2025-06-14 05:55:05,42.3988342285156,-8.92102241516113,"Unknown"
"9004157",371992,2025-06-14 06:00:35,42.3989067077637,-8.92106056213379,"Unknown"
"9004157",371992,2025-06-14 06:05:05,42.3988647460938,-8.92096424102783,"Unknown"
"9004157",371992,2025-06-14 06:10:06,42.3987503051758,-8.92101001739502,"Unknown"
"9004157",371992,2025-06-14 06:15:05,42.398796081543,-8.92094135284424,"Unknown"
"9004157",371992,2025-06-14 06:20:05,42.398811340332,-8.92106246948242,"Unknown"
"9004157",371992,2025-06-14 06:25:05,42.3987693786621,-8.92103099822998,"Unknown"
"9004157",371992,2025-06-14 06:30:06,42.3988647460938,-8.92101287841797,"Unknown"
"9004157",371992,2025-06-14 06:35:05,42.3989334106445,-8.9211950302124,"Unknown"
"9004157",371992,2025-06-14 06:40:07,42.3988571166992,-8.92116641998291,"Unknown"
"9004157",371992,2025-06-14 06:45:08,42.3988494873047,-8.921067237854,"Unknown"
"9004157",371992,2025-06-14 06:50:08,42.398811340332,-8.92113971710205,"Unknown"
"9004157",371992,2025-06-14 06:55:12,42.3989562988281,-8.92087650299072,"Unknown"
"9004157",371992,2025-06-14 07:00:44,42.3988800048828,-8.92114353179932,"Unknown"
"9004157",371992,2025-06-14 07:05:05,42.4091033935547,-8.91918659210205,"Unknown"
"9004157",371992,2025-06-14 07:10:05,42.451416015625,-8.93044090270996,"Unknown"
"9004157",371992,2025-06-14 07:15:06,42.4850273132324,-8.92821311950684,"Unknown"
"9004157",371992,2025-06-14 07:20:06,42.5061569213867,-8.88080310821533,"Unknown"
"9004157",371992,2025-06-14 07:25:46,42.5080223083496,-8.87147808074951,"Unknown"
"9004157",371992,2025-06-14 07:30:45,42.5071182250977,-8.87112617492676,"Unknown"
"9004157",371992,2025-06-14 07:36:08,42.5066032409668,-8.87422657012939,"Unknown"
"9004157",371992,2025-06-14 07:41:45,42.5072746276855,-8.87220478057861,"Unknown"
"9004157",371992,2025-06-14 07:47:14,42.5080757141113,-8.87095069885254,"Unknown"
"9004157",371992,2025-06-14 07:51:55,42.5071907043457,-8.87375640869141,"Unknown"
"9004157",371992,2025-06-14 07:57:30,42.5072250366211,-8.87544631958008,"Unknown"
"9004157",371992,2025-06-14 08:02:53,42.5081176757812,-8.87360191345215,"Unknown"
"9004157",371992,2025-06-14 08:07:51,42.5096855163574,-8.87323379516602,"Unknown"
"9004157",371992,2025-06-14 08:12:54,42.5173149108887,-8.86818218231201,"Unknown"
"9004157",371992,2025-06-14 08:17:54,42.517261505127,-8.86817455291748,"Unknown"
"9004157",371992,2025-06-14 08:23:00,42.5172920227051,-8.86817836761475,"Unknown"
"9004157",371992,2025-06-14 08:27:54,42.5172729492188,-8.86810207366943,"Unknown"
"9004157",371992,2025-06-14 08:33:05,42.5172576904297,-8.8682804107666,"Unknown"
"9004157",371992,2025-06-14 08:37:46,42.5172348022461,-8.86828804016113,"Unknown"
"9004157",371992,2025-06-14 08:42:46,42.5172309875488,-8.86834526062012,"Unknown"
"9004157",371992,2025-06-14 08:47:46,42.5172424316406,-8.86831378936768,"Unknown"
"9004157",371992,2025-06-14 08:52:46,42.5172653198242,-8.86832714080811,"Unknown"
"9004157",371992,2025-06-14 08:57:46,42.5172348022461,-8.8683032989502,"Unknown"
"9004157",371992,2025-06-14 09:02:46,42.517261505127,-8.86828136444092,"Unknown"
"9004157",371992,2025-06-14 09:07:46,42.5172462463379,-8.86837863922119,"Unknown"
"9004157",371992,2025-06-14 09:12:46,42.5172233581543,-8.86835861206055,"Unknown"
"9004157",371992,2025-06-14 09:17:46,42.5172576904297,-8.86838817596436,"Unknown"
"9004157",371992,2025-06-14 09:22:46,42.5172576904297,-8.86832618713379,"Unknown"
"9004157",371992,2025-06-14 09:27:46,42.5173034667969,-8.8683967590332,"Unknown"
"9004157",371992,2025-06-14 09:32:46,42.5172576904297,-8.86833953857422,"Unknown"
"9004157",371992,2025-06-14 09:37:46,42.5172080993652,-8.86826038360596,"Unknown"
"9004157",371992,2025-06-14 09:42:46,42.5172500610352,-8.86840057373047,"Unknown"
"9004157",371992,2025-06-14 09:47:48,42.5172805786133,-8.86827754974365,"Unknown"
"9004157",371992,2025-06-14 09:52:47,42.5172462463379,-8.86834621429443,"Unknown"
"9004157",371992,2025-06-14 09:57:46,42.5172996520996,-8.86839294433594,"Unknown"
"9004157",371992,2025-06-14 10:02:48,42.5172576904297,-8.86832237243652,"Unknown"
"9004157",371992,2025-06-14 10:07:49,42.5172538757324,-8.86834049224854,"Unknown"
"9004157",371992,2025-06-14 10:12:47,42.5171966552734,-8.86841106414795,"Unknown"
"9004157",371992,2025-06-14 10:17:48,42.5170783996582,-8.86790752410889,"Unknown"
"9004157",371992,2025-06-14 10:23:04,42.5172309875488,-8.8683557510376,"Unknown"
"9004157",371992,2025-06-14 10:27:54,42.5172462463379,-8.86837482452393,"Unknown"
"9004157",371992,2025-06-14 10:33:08,42.5089073181152,-8.87039661407471,"Unknown"
"9004157",371992,2025-06-14 10:38:15,42.5084533691406,-8.87256622314453,"Unknown"
"9004157",371992,2025-06-14 10:43:07,42.5075798034668,-8.87375068664551,"Unknown"
"9004157",371992,2025-06-14 10:48:23,42.5067749023438,-8.873459815979,"Unknown"
"9004157",371992,2025-06-14 10:53:23,42.5071830749512,-8.87313747406006,"Unknown"
"9004157",371992,2025-06-14 10:59:04,42.5070343017578,-8.87264251708984,"Unknown"
"9004157",371992,2025-06-14 11:04:07,42.5079612731934,-8.87276840209961,"Unknown"
"9004157",371992,2025-06-14 11:09:22,42.5069808959961,-8.87261199951172,"Unknown"
"9004157",371992,2025-06-14 11:14:30,42.506664276123,-8.87319755554199,"Unknown"
"9004157",371992,2025-06-14 11:19:28,42.5062866210938,-8.8727855682373,"Unknown"
"9004157",371992,2025-06-14 11:24:59,42.5072975158691,-8.87104511260986,"Unknown"
"9004157",371992,2025-06-14 11:39:14,42.5060691833496,-8.87364768981934,"Unknown"
"9004157",371992,2025-06-14 11:44:03,42.5064239501953,-8.87289714813232,"Unknown"
"9004157",371992,2025-06-14 11:49:02,42.506908416748,-8.87292861938477,"Unknown"
"9004157",371992,2025-06-14 11:54:10,42.5072135925293,-8.87363052368164,"Unknown"
"9004157",371992,2025-06-14 11:59:25,42.5064582824707,-8.87527942657471,"Unknown"
"9004157",371992,2025-06-14 12:04:21,42.5062522888184,-8.87489223480225,"Unknown"
"9004157",371992,2025-06-14 12:09:36,42.504810333252,-8.88096046447754,"Unknown"
"9004157",371992,2025-06-14 12:14:20,42.5043792724609,-8.88226413726807,"Unknown"
"9004157",371992,2025-06-14 12:19:21,42.5044631958008,-8.8822078704834,"Unknown"
"9004157",371992,2025-06-14 12:24:22,42.5044021606445,-8.88239860534668,"Unknown"
"9004157",371992,2025-06-14 12:29:22,42.5045318603516,-8.88209629058838,"Unknown"
"9004157",371992,2025-06-14 12:34:45,42.5044212341309,-8.88204479217529,"Unknown"
"9004157",371992,2025-06-14 12:39:18,42.5044593811035,-8.88207530975342,"Unknown"
"9004157",371992,2025-06-14 12:44:18,42.5043716430664,-8.8818883895874,"Unknown"
"9004157",371992,2025-06-14 12:49:18,42.5044364929199,-8.88200569152832,"Unknown"
"9004157",371992,2025-06-14 12:54:18,42.5044288635254,-8.88211727142334,"Unknown"
"9004157",371992,2025-06-14 12:59:18,42.5044212341309,-8.88210773468018,"Unknown"
"9004157",371992,2025-06-14 13:04:19,42.5044631958008,-8.88192558288574,"Unknown"
"9004157",371992,2025-06-14 13:09:20,42.5043525695801,-8.8820276260376,"Unknown"
"9004157",371992,2025-06-14 13:14:26,42.5046844482422,-8.88167381286621,"Unknown"
"9004157",371992,2025-06-14 13:19:22,42.5047760009766,-8.88056373596191,"Unknown"
"9004157",371992,2025-06-14 13:24:30,42.5048789978027,-8.88064289093018,"Unknown"
"9004157",371992,2025-06-14 13:29:35,42.5048294067383,-8.88057804107666,"Unknown"
"9004157",371992,2025-06-14 13:34:46,42.5048217773438,-8.88037872314453,"Unknown"
"9004157",371992,2025-06-14 13:39:19,42.5048065185547,-8.8803071975708,"Unknown"
"9004157",371992,2025-06-14 13:44:44,42.5047798156738,-8.88060569763184,"Unknown"
"9004157",371992,2025-06-14 13:49:26,42.504768371582,-8.88058567047119,"Unknown"
"9004157",371992,2025-06-14 13:54:31,42.5047760009766,-8.88062381744385,"Unknown"
"9004157",371992,2025-06-14 13:59:31,42.5047569274902,-8.88049983978271,"Unknown"
"9004157",371992,2025-06-14 14:04:44,42.5047760009766,-8.88066291809082,"Unknown"
"9004157",371992,2025-06-14 14:09:30,42.504768371582,-8.8806209564209,"Unknown"
"9004157",371992,2025-06-14 14:14:24,42.5047340393066,-8.88092803955078,"Unknown"
"9004157",371992,2025-06-14 14:19:31,42.5047607421875,-8.88056087493896,"Unknown"
"9004157",371992,2025-06-14 14:24:25,42.5047569274902,-8.88063716888428,"Unknown"
"9004157",371992,2025-06-14 14:29:31,42.5047149658203,-8.88054466247559,"Unknown"
"9004157",371992,2025-06-14 14:34:30,42.5076293945312,-8.86882591247559,"Unknown"
"9004157",371992,2025-06-14 14:40:10,42.5074157714844,-8.86992740631104,"Unknown"
"9004157",371992,2025-06-14 15:04:35,42.5082664489746,-8.87267589569092,"Unknown"
"9004157",371992,2025-06-14 15:09:06,42.5068778991699,-8.87146282196045,"Unknown"
"9004157",371992,2025-06-14 15:14:54,42.506706237793,-8.87244129180908,"Unknown"
"9004157",371992,2025-06-14 15:20:01,42.5049209594727,-8.87958526611328,"Unknown"
"9004157",371992,2025-06-14 15:24:53,42.5049934387207,-8.88028240203857,"Unknown"
"9004157",371992,2025-06-14 15:29:50,42.5049362182617,-8.87967586517334,"Unknown"
"9004157",371992,2025-06-14 15:34:49,42.5049285888672,-8.87956047058105,"Unknown"
"9004157",371992,2025-06-14 15:39:57,42.5049629211426,-8.87959098815918,"Unknown"
"9004157",371992,2025-06-14 15:44:52,42.5048751831055,-8.87946128845215,"Unknown"
"9004157",371992,2025-06-14 15:50:45,42.5026397705078,-8.88195037841797,"Unknown"
"9004157",371992,2025-06-14 16:05:51,42.5036430358887,-8.88190174102783,"Unknown"
"9004157",371992,2025-06-14 16:22:44,42.504020690918,-8.88236427307129,"Unknown"
"9004157",371992,2025-06-14 16:26:44,42.5039024353027,-8.88255310058594,"Unknown"
"9004157",371992,2025-06-14 16:31:43,42.504020690918,-8.88254928588867,"Unknown"
"9004157",371992,2025-06-14 16:36:43,42.504020690918,-8.88274574279785,"Unknown"
"9004157",371992,2025-06-14 16:41:42,42.5041198730469,-8.88305473327637,"Unknown"
"9004157",371992,2025-06-14 16:47:05,42.5040702819824,-8.88264179229736,"Unknown"
"9004157",371992,2025-06-14 16:51:42,42.5036430358887,-8.88403606414795,"Unknown"
"9004157",371992,2025-06-14 16:56:43,42.5036354064941,-8.88406276702881,"Unknown"
"9004157",371992,2025-06-14 17:01:42,42.5036506652832,-8.88411045074463,"Unknown"
"9004157",371992,2025-06-14 17:06:44,42.5036315917969,-8.88403511047363,"Unknown"
"9004157",371992,2025-06-14 17:11:45,42.5034713745117,-8.883864402771,"Unknown"
"9004157",371992,2025-06-14 17:16:42,42.5041656494141,-8.88264560699463,"Unknown"
"9004157",371992,2025-06-14 17:21:42,42.5041847229004,-8.88260555267334,"Unknown"
"9004157",371992,2025-06-14 17:26:42,42.5041885375977,-8.88262271881104,"Unknown"
"9004157",371992,2025-06-14 17:31:42,42.5042495727539,-8.88258266448975,"Unknown"
"9004157",371992,2025-06-14 17:36:42,42.5042114257812,-8.88267612457275,"Unknown"
"9004157",371992,2025-06-14 17:41:42,42.5042266845703,-8.8827075958252,"Unknown"
"9004157",371992,2025-06-14 17:46:42,42.5042304992676,-8.88270282745361,"Unknown"
"9004157",371992,2025-06-14 17:52:25,42.5065689086914,-8.87364959716797,"Unknown"
"9004157",371992,2025-06-14 17:57:48,42.5061645507812,-8.87173557281494,"Unknown"
"9004157",371992,2025-06-14 18:03:15,42.5069427490234,-8.87167930603027,"Unknown"
"9004157",371992,2025-06-14 18:08:27,42.507625579834,-8.8711404800415,"Unknown"
"9004157",371992,2025-06-14 18:14:14,42.507625579834,-8.87076663970947,"Unknown"
"9004157",371992,2025-06-14 18:19:24,42.5071067810059,-8.87154674530029,"Unknown"
"9004157",371992,2025-06-14 18:25:07,42.5072975158691,-8.87162971496582,"Unknown"
"9004157",371992,2025-06-14 18:30:07,42.506763458252,-8.87476062774658,"Unknown"
"9004157",371992,2025-06-14 18:35:43,42.5058250427246,-8.87719058990479,"Unknown"
"9004157",371992,2025-06-14 18:40:32,42.4941902160645,-8.89940071105957,"Unknown"
"9004157",371992,2025-06-14 18:45:31,42.4910659790039,-8.90421581268311,"Unknown"
"9004157",371992,2025-06-14 18:50:40,42.4910316467285,-8.90488529205322,"Unknown"
"9004157",371992,2025-06-14 18:55:32,42.4706726074219,-8.9418888092041,"Unknown"
"9004157",371992,2025-06-14 19:00:32,42.4172134399414,-8.9352445602417,"Unknown"
"9004157",371992,2025-06-14 19:05:45,42.3988571166992,-8.92110061645508,"Unknown"
"9004157",371992,2025-06-14 19:10:36,42.3988990783691,-8.92097282409668,"Unknown"
"9004157",371992,2025-06-14 19:15:34,42.3989143371582,-8.92109775543213,"Unknown"
"9004157",371992,2025-06-14 19:20:33,42.3984298706055,-8.92132377624512,"Unknown"
"9004157",371992,2025-06-14 19:26:01,42.3989486694336,-8.92127323150635,"Unknown"
"9004157",371992,2025-06-14 19:30:34,42.3989334106445,-8.92142200469971,"Unknown"
"9004157",371992,2025-06-14 19:35:33,42.3985939025879,-8.9211597442627,"Unknown"
"9004157",371992,2025-06-14 19:40:40,42.3989334106445,-8.92136573791504,"Unknown"
"9004157",371992,2025-06-14 19:46:04,42.3988304138184,-8.92127418518066,"Unknown"
"9004157",371992,2025-06-14 19:50:47,42.3988456726074,-8.92119121551514,"Unknown"
"9004157",371992,2025-06-14 19:55:34,42.3988151550293,-8.92124652862549,"Unknown"
"9004157",371992,2025-06-14 20:00:31,42.3989410400391,-8.92118263244629,"Unknown"
"9004157",371992,2025-06-14 20:05:31,42.3987731933594,-8.92125225067139,"Unknown"
"9004157",371992,2025-06-14 20:10:31,42.398811340332,-8.92126178741455,"Unknown"
"9004157",371992,2025-06-14 20:15:31,42.3988304138184,-8.92124938964844,"Unknown"
"9004157",371992,2025-06-14 20:20:33,42.3986892700195,-8.9213342666626,"Unknown"
"9004157",371992,2025-06-14 20:25:34,42.3985824584961,-8.92131805419922,"Unknown"
"9004157",371992,2025-06-14 20:30:34,42.3987617492676,-8.921311378479,"Unknown"
"9004157",371992,2025-06-14 20:35:33,42.3987693786621,-8.92129707336426,"Unknown"
"9004157",371992,2025-06-14 20:40:33,42.3987655639648,-8.92115306854248,"Unknown"
"9004157",371992,2025-06-14 20:45:47,42.3987655639648,-8.92145347595215,"Unknown"
"9004157",371992,2025-06-14 20:50:34,42.3987083435059,-8.92126941680908,"Unknown"
"9004157",371992,2025-06-14 20:55:33,42.3988456726074,-8.92128467559814,"Unknown"
"9004157",371992,2025-06-14 21:00:36,42.3988227844238,-8.92111110687256,"Unknown"
"9004157",371992,2025-06-14 21:05:33,42.3986129760742,-8.92194652557373,"Unknown"
"9004157",371992,2025-06-14 21:11:03,42.3987998962402,-8.92101955413818,"Unknown"
"9004157",371992,2025-06-14 21:15:35,42.3986778259277,-8.92117214202881,"Unknown"
"9004157",371992,2025-06-14 21:20:34,42.3984985351562,-8.9212064743042,"Unknown"
"9004157",371992,2025-06-14 21:25:34,42.3988304138184,-8.921067237854,"Unknown"
"9004157",371992,2025-06-14 21:30:34,42.3987464904785,-8.92119979858398,"Unknown"
"9004157",371992,2025-06-14 21:35:34,42.3987884521484,-8.92114639282227,"Unknown"
"9004157",371992,2025-06-14 21:40:36,42.3987770080566,-8.92112827301025,"Unknown"
"9004157",371992,2025-06-14 21:45:40,42.3986930847168,-8.92126941680908,"Unknown"
"9004157",371992,2025-06-14 21:50:40,42.3989753723145,-8.92191410064697,"Unknown"
"9004157",371992,2025-06-14 21:55:38,42.3988952636719,-8.9218168258667,"Unknown"
"9004157",371992,2025-06-14 22:00:47,42.3985252380371,-8.92124080657959,"Unknown"
"9004157",371992,2025-06-14 22:06:55,42.4013557434082,-8.927734375,"Unknown"
"9004157",371992,2025-06-14 22:11:35,42.3984718322754,-8.9207878112793,"Unknown"
"9004157",371992,2025-06-14 22:15:36,42.3983421325684,-8.92104530334473,"Unknown"
"9004157",371992,2025-06-14 22:20:37,42.3984298706055,-8.92135143280029,"Unknown"
"9004157",371992,2025-06-14 22:25:38,42.3986778259277,-8.92095565795898,"Unknown"
"9004157",371992,2025-06-14 22:30:35,42.3986473083496,-8.92130851745605,"Unknown"
"9004157",371992,2025-06-14 22:35:34,42.3987312316895,-8.92095947265625,"Unknown"
"9004157",371992,2025-06-14 22:40:37,42.398365020752,-8.92116165161133,"Unknown"
"9004157",371992,2025-06-14 22:46:01,42.3984794616699,-8.92078876495361,"Unknown"
"9004157",371992,2025-06-14 22:50:35,42.3986015319824,-8.92108249664307,"Unknown"
"9004157",371992,2025-06-14 22:55:35,42.3985595703125,-8.92116451263428,"Unknown"
"9004157",371992,2025-06-14 23:00:37,42.3985252380371,-8.92113494873047,"Unknown"
"9004157",371992,2025-06-14 23:05:37,42.397834777832,-8.92190265655518,"Unknown"
"9004157",371992,2025-06-14 23:10:38,42.3981170654297,-8.92202854156494,"Unknown"
"9004157",371992,2025-06-14 23:15:37,42.3981552124023,-8.92210388183594,"Unknown"
"9004157",371992,2025-06-14 23:20:37,42.398380279541,-8.92219257354736,"Unknown"
"9004157",371992,2025-06-14 23:25:42,42.3986015319824,-8.92172241210938,"Unknown"
"9004157",371992,2025-06-14 23:30:43,42.3986053466797,-8.92177772521973,"Unknown"
"9004157",371992,2025-06-14 23:35:51,42.3985214233398,-8.92211818695068,"Unknown"
"9004157",371992,2025-06-14 23:41:29,42.3985748291016,-8.92091178894043,"Unknown"
"9004157",371992,2025-06-14 23:45:36,42.3986129760742,-8.9210033416748,"Unknown"
"9004157",371992,2025-06-14 23:50:34,42.3987350463867,-8.92100620269775,"Unknown"
"9004157",371992,2025-06-14 23:55:42,42.3988609313965,-8.92119979858398,"Unknown"
"9004157",371992,2025-06-15 00:01:55,42.3988151550293,-8.921311378479,"Unknown"
"9004157",371992,2025-06-15 00:06:05,42.3988151550293,-8.92110061645508,"Unknown"
"9004157",371992,2025-06-15 00:10:36,42.398811340332,-8.92102909088135,"Unknown"
"9004157",371992,2025-06-15 00:15:36,42.3988189697266,-8.92110633850098,"Unknown"
"9004157",371992,2025-06-15 00:20:34,42.3988456726074,-8.92099285125732,"Unknown"
"9004157",371992,2025-06-15 00:25:32,42.3988952636719,-8.92138385772705,"Unknown"
"9004157",371992,2025-06-15 00:30:42,42.3988037109375,-8.92260074615479,"Unknown"
"9004157",371992,2025-06-15 00:36:27,42.3988227844238,-8.92223358154297,"Unknown"
"9004157",371992,2025-06-15 00:41:55,42.398853302002,-8.9213285446167,"Unknown"
"9004157",371992,2025-06-15 00:46:55,42.3989791870117,-8.92182636260986,"Unknown"
"9004157",371992,2025-06-15 00:50:44,42.3989601135254,-8.92130565643311,"Unknown"
"9004157",371992,2025-06-15 00:55:42,42.3991088867188,-8.9216833114624,"Unknown"
"9004157",371992,2025-06-15 01:00:38,42.399055480957,-8.92172336578369,"Unknown"
"9004157",371992,2025-06-15 01:05:39,42.3988800048828,-8.92138004302979,"Unknown"
"9004157",371992,2025-06-15 01:11:03,42.3987922668457,-8.92119789123535,"Unknown"
"9004157",371992,2025-06-15 01:15:35,42.3989067077637,-8.92144584655762,"Unknown"
"9004157",371992,2025-06-15 01:20:43,42.3986511230469,-8.92097091674805,"Unknown"
"9004157",371992,2025-06-15 01:25:38,42.3986511230469,-8.92099857330322,"Unknown"
"9004157",371992,2025-06-15 01:30:45,42.3986778259277,-8.92097282409668,"Unknown"
"9004157",371992,2025-06-15 01:35:56,42.3987503051758,-8.92092418670654,"Unknown"
"9004157",371992,2025-06-15 01:40:58,42.3987884521484,-8.92087078094482,"Unknown"
"9004157",371992,2025-06-15 01:46:35,42.3991508483887,-8.92086315155029,"Unknown"
"9004157",371992,2025-06-15 01:50:31,42.3995399475098,-8.92106628417969,"Unknown"
"9004157",371992,2025-06-15 01:55:30,42.3988456726074,-8.92119026184082,"Unknown"
"9004157",371992,2025-06-15 02:00:35,42.3990364074707,-8.92127799987793,"Unknown"
"9004157",371992,2025-06-15 02:05:34,42.3986778259277,-8.9211540222168,"Unknown"
"9004157",371992,2025-06-15 02:10:34,42.3988265991211,-8.92104530334473,"Unknown"
"9004157",371992,2025-06-15 02:15:37,42.398567199707,-8.92088031768799,"Unknown"
"9004157",371992,2025-06-15 02:20:34,42.3986778259277,-8.92099380493164,"Unknown"
"9004157",371992,2025-06-15 02:25:36,42.398754119873,-8.92130374908447,"Unknown"
"9004157",371992,2025-06-15 02:30:37,42.3987503051758,-8.9212760925293,"Unknown"
"9004157",371992,2025-06-15 02:35:32,42.3987846374512,-8.92124557495117,"Unknown"
"9004157",371992,2025-06-15 02:40:34,42.3988304138184,-8.92111492156982,"Unknown"
"9004157",371992,2025-06-15 02:45:35,42.398811340332,-8.9212818145752,"Unknown"
"9004157",371992,2025-06-15 02:50:36,42.3987731933594,-8.92141914367676,"Unknown"
"9004157",371992,2025-06-15 02:55:38,42.398796081543,-8.92138957977295,"Unknown"
"9004157",371992,2025-06-15 03:00:39,42.3988609313965,-8.92134857177734,"Unknown"
"9004157",371992,2025-06-15 03:05:37,42.398811340332,-8.92128658294678,"Unknown"
"9004157",371992,2025-06-15 03:10:42,42.398811340332,-8.92126560211182,"Unknown"
"9004157",371992,2025-06-15 03:15:41,42.3988456726074,-8.92130851745605,"Unknown"
"9004157",371992,2025-06-15 03:20:38,42.3987426757812,-8.92131805419922,"Unknown"
"9004157",371992,2025-06-15 03:25:35,42.3988800048828,-8.92119979858398,"Unknown"
"9004157",371992,2025-06-15 03:30:36,42.398796081543,-8.92106056213379,"Unknown"
"9004157",371992,2025-06-15 03:36:25,42.3986282348633,-8.92094326019287,"Unknown"
"9004157",371992,2025-06-15 03:40:59,42.3986282348633,-8.92093753814697,"Unknown"
"9004157",371992,2025-06-15 03:45:50,42.3986434936523,-8.92102432250977,"Unknown"
"9004157",371992,2025-06-15 03:50:45,42.3987007141113,-8.92113971710205,"Unknown"
"9004157",371992,2025-06-15 03:56:05,42.3986701965332,-8.92119789123535,"Unknown"
"9004157",371992,2025-06-15 04:00:30,42.398998260498,-8.92076301574707,"Unknown"
"9004157",371992,2025-06-15 04:05:42,42.3985557556152,-8.9217529296875,"Unknown"
"9004157",371992,2025-06-15 04:10:56,42.3985137939453,-8.92166519165039,"Unknown"
"9004157",371992,2025-06-15 04:15:38,42.3986473083496,-8.92157077789307,"Unknown"
"9004157",371992,2025-06-15 04:20:45,42.3985214233398,-8.92209053039551,"Unknown"
"9004157",371992,2025-06-15 04:25:58,42.3986549377441,-8.92186641693115,"Unknown"
"9004157",371992,2025-06-15 04:31:55,42.3988151550293,-8.92142200469971,"Unknown"
"9004157",371992,2025-06-15 04:36:55,42.3987426757812,-8.92130565643311,"Unknown"
"9004157",371992,2025-06-15 04:40:37,42.3986663818359,-8.9216251373291,"Unknown"
"9004157",371992,2025-06-15 04:45:37,42.398796081543,-8.92138290405273,"Unknown"
"9004157",371992,2025-06-15 04:50:31,42.3988952636719,-8.92141532897949,"Unknown"
"9004157",371992,2025-06-15 04:55:32,42.3987236022949,-8.92138671875,"Unknown"
"9004157",371992,2025-06-15 05:00:44,42.3987579345703,-8.92130088806152,"Unknown"
"9004157",371992,2025-06-15 05:05:32,42.3988723754883,-8.92111778259277,"Unknown"
"9004157",371992,2025-06-15 05:10:33,42.3978500366211,-8.92018795013428,"Unknown"
"9004157",371992,2025-06-15 05:15:31,42.3976287841797,-8.92046546936035,"Unknown"
"9004157",371992,2025-06-15 05:20:32,42.3978462219238,-8.92020893096924,"Unknown"
"9004157",371992,2025-06-15 05:25:32,42.397891998291,-8.92012405395508,"Unknown"
"9004157",371992,2025-06-15 05:30:31,42.3977317810059,-8.92039680480957,"Unknown"
"9004157",371992,2025-06-15 05:35:31,42.3976211547852,-8.92047882080078,"Unknown"
"9004157",371992,2025-06-15 05:40:31,42.3978080749512,-8.92027950286865,"Unknown"
"9004157",371992,2025-06-15 05:46:03,42.3977394104004,-8.92034244537354,"Unknown"
"9004157",371992,2025-06-15 05:50:32,42.3976898193359,-8.92020606994629,"Unknown"
"9004157",371992,2025-06-15 05:55:37,42.3977966308594,-8.92035961151123,"Unknown"
"9004157",371992,2025-06-15 06:00:44,42.3997535705566,-8.90961933135986,"Unknown"
"9004157",371992,2025-06-15 06:06:16,42.4044075012207,-8.8999719619751,"Unknown"
"9004157",371992,2025-06-15 06:11:26,42.4086265563965,-8.89604187011719,"Unknown"
"9004157",371992,2025-06-15 06:16:57,42.416015625,-8.88754177093506,"Unknown"
"9004157",371992,2025-06-15 06:21:55,42.4404830932617,-8.90183925628662,"Unknown"
"9004157",371992,2025-06-15 06:26:56,42.4629936218262,-8.9416675567627,"Unknown"
"9004157",371992,2025-06-15 06:31:55,42.4895172119141,-8.91973686218262,"Unknown"
"9004157",371992,2025-06-15 06:36:57,42.5043182373047,-8.88145065307617,"Unknown"
"9004157",371992,2025-06-15 06:42:49,42.5072364807129,-8.87108135223389,"Unknown"
"9004157",371992,2025-06-15 06:56:26,42.507698059082,-8.87192344665527,"Unknown"
"9004157",371992,2025-06-15 07:01:38,42.506664276123,-8.87561988830566,"Unknown"
"9004157",371992,2025-06-15 07:07:06,42.5060997009277,-8.87829113006592,"Unknown"
"9004157",371992,2025-06-15 07:12:06,42.5047264099121,-8.88124084472656,"Unknown"
"9004157",371992,2025-06-15 07:17:14,42.504768371582,-8.88119029998779,"Unknown"
"9004157",371992,2025-06-15 07:21:58,42.5048522949219,-8.88131713867188,"Unknown"
"9004157",371992,2025-06-15 07:27:05,42.5048370361328,-8.8808708190918,"Unknown"
"9004157",371992,2025-06-15 07:32:06,42.5047988891602,-8.88108539581299,"Unknown"
"9004157",371992,2025-06-15 07:37:07,42.5048408508301,-8.88121891021729,"Unknown"
"9004157",371992,2025-06-15 07:42:09,42.5048599243164,-8.8810396194458,"Unknown"
"9004157",371992,2025-06-15 07:47:14,42.5047912597656,-8.8811559677124,"Unknown"
"9004157",371992,2025-06-15 07:52:06,42.5048179626465,-8.88114929199219,"Unknown"
"9004157",371992,2025-06-15 07:57:01,42.5047760009766,-8.88129329681396,"Unknown"
"9004157",371992,2025-06-15 08:02:14,42.5048141479492,-8.88149070739746,"Unknown"
"9004157",371992,2025-06-15 08:06:57,42.5048179626465,-8.88146495819092,"Unknown"
"9004157",371992,2025-06-15 08:12:00,42.5048522949219,-8.88149642944336,"Unknown"
"9004157",371992,2025-06-15 08:17:01,42.5047187805176,-8.88139247894287,"Unknown"
"9004157",371992,2025-06-15 08:22:00,42.5048217773438,-8.88141250610352,"Unknown"
"9004157",371992,2025-06-15 08:27:01,42.5047454833984,-8.88160228729248,"Unknown"
"9004157",371992,2025-06-15 08:32:00,42.5048217773438,-8.8816032409668,"Unknown"
"9004157",371992,2025-06-15 08:36:57,42.5047416687012,-8.88156414031982,"Unknown"
"9004157",371992,2025-06-15 08:41:57,42.5048828125,-8.88157176971436,"Unknown"
"9004157",371992,2025-06-15 08:47:29,42.5047454833984,-8.88137531280518,"Unknown"
"9004157",371992,2025-06-15 08:52:14,42.5046806335449,-8.88143539428711,"Unknown"
"9004157",371992,2025-06-15 08:56:58,42.5048370361328,-8.88138580322266,"Unknown"
"9004157",371992,2025-06-15 09:01:57,42.5046272277832,-8.88142967224121,"Unknown"
"9004157",371992,2025-06-15 09:06:57,42.5046348571777,-8.88139629364014,"Unknown"
"9004157",371992,2025-06-15 09:11:57,42.5048141479492,-8.88143825531006,"Unknown"
"9004157",371992,2025-06-15 09:16:57,42.5047378540039,-8.88137245178223,"Unknown"
"9004157",371992,2025-06-15 09:22:08,42.5068473815918,-8.87310028076172,"Unknown"
"9004157",371992,2025-06-15 09:27:10,42.507251739502,-8.87110042572021,"Unknown"
"9004157",371992,2025-06-15 09:34:25,42.5083045959473,-8.87252140045166,"Unknown"
"9004157",371992,2025-06-15 09:39:45,42.5074653625488,-8.87223148345947,"Unknown"
"9004157",371992,2025-06-15 10:04:35,42.507568359375,-8.87256145477295,"Unknown"
"9004157",371992,2025-06-15 10:08:35,42.5070152282715,-8.87501525878906,"Unknown"
"9004157",371992,2025-06-15 10:13:48,42.5061073303223,-8.8780517578125,"Unknown"
"9004157",371992,2025-06-15 10:18:47,42.505916595459,-8.88031482696533,"Unknown"
"9004157",371992,2025-06-15 10:23:48,42.5048561096191,-8.88130664825439,"Unknown"
"9004157",371992,2025-06-15 10:28:49,42.5048866271973,-8.88124561309814,"Unknown"
"9004157",371992,2025-06-15 10:33:47,42.5047798156738,-8.88130950927734,"Unknown"
"9004157",371992,2025-06-15 10:38:47,42.504825592041,-8.88134384155273,"Unknown"
"9004157",371992,2025-06-15 10:43:48,42.5047836303711,-8.88123416900635,"Unknown"
"9004157",371992,2025-06-15 10:48:50,42.5047836303711,-8.88120555877686,"Unknown"
"9004157",371992,2025-06-15 10:53:54,42.5048637390137,-8.88115501403809,"Unknown"
"9004157",371992,2025-06-15 10:58:47,42.5047416687012,-8.88116455078125,"Unknown"
"9004157",371992,2025-06-15 11:03:47,42.504810333252,-8.88117027282715,"Unknown"
"9004157",371992,2025-06-15 11:08:47,42.5047912597656,-8.88121604919434,"Unknown"
"9004157",371992,2025-06-15 11:13:48,42.5047760009766,-8.88105392456055,"Unknown"
"9004157",371992,2025-06-15 11:18:48,42.5048141479492,-8.88114452362061,"Unknown"
"9004157",371992,2025-06-15 11:23:47,42.5047492980957,-8.88108253479004,"Unknown"
"9004157",371992,2025-06-15 11:28:47,42.5047264099121,-8.88103199005127,"Unknown"
"9004157",371992,2025-06-15 11:33:48,42.5048408508301,-8.88113212585449,"Unknown"
"9004157",371992,2025-06-15 11:38:48,42.5048027038574,-8.88107109069824,"Unknown"
"9004157",371992,2025-06-15 11:43:48,42.5047569274902,-8.88082599639893,"Unknown"
"9004157",371992,2025-06-15 11:48:47,42.5046501159668,-8.88070011138916,"Unknown"
"9004157",371992,2025-06-15 11:53:47,42.5044746398926,-8.88031101226807,"Unknown"
"9004157",371992,2025-06-15 11:58:48,42.5046234130859,-8.88086032867432,"Unknown"
"9004157",371992,2025-06-15 12:04:00,42.5045623779297,-8.88063430786133,"Unknown"
"9004157",371992,2025-06-15 12:08:51,42.5041351318359,-8.8799295425415,"Unknown"
"9004157",371992,2025-06-15 12:14:00,42.504581451416,-8.88050365447998,"Unknown"
"9004157",371992,2025-06-15 12:19:14,42.5045547485352,-8.88065910339355,"Unknown"
"9004157",371992,2025-06-15 12:23:47,42.5045318603516,-8.88075733184814,"Unknown"
"9004157",371992,2025-06-15 12:28:47,42.5045280456543,-8.88075923919678,"Unknown"
"9004157",371992,2025-06-15 12:33:47,42.504524230957,-8.88069629669189,"Unknown"
"9004157",371992,2025-06-15 12:38:47,42.5045776367188,-8.8806734085083,"Unknown"
"9004157",371992,2025-06-15 12:43:47,42.5044822692871,-8.88077735900879,"Unknown"
"9004157",371992,2025-06-15 12:49:14,42.5044822692871,-8.88068675994873,"Unknown"
"9004157",371992,2025-06-15 12:53:47,42.5045280456543,-8.88056087493896,"Unknown"
"9004157",371992,2025-06-15 12:58:47,42.5045433044434,-8.88065624237061,"Unknown"
"9004157",371992,2025-06-15 13:03:47,42.5043792724609,-8.88070106506348,"Unknown"
"9004157",371992,2025-06-15 13:08:49,42.5059928894043,-8.88015174865723,"Unknown"
"9004157",371992,2025-06-15 13:15:06,42.5063743591309,-8.87163829803467,"Unknown"
"9004157",371992,2025-06-15 13:20:48,42.5075874328613,-8.87048053741455,"Unknown"
"9004157",371992,2025-06-15 13:26:07,42.5070304870605,-8.87005138397217,"Unknown"
"9004157",371992,2025-06-15 13:33:26,42.5092926025391,-8.87000942230225,"Unknown"
"9004157",371992,2025-06-15 14:02:45,42.5069618225098,-8.87367725372314,"Unknown"
"9004157",371992,2025-06-15 14:08:13,42.5065994262695,-8.87385845184326,"Unknown"
"9004157",371992,2025-06-15 14:16:16,42.5058403015137,-8.87556648254395,"Unknown"
"9004157",371992,2025-06-15 14:24:04,42.5040473937988,-8.87845706939697,"Unknown"
"9004157",371992,2025-06-15 14:29:08,42.5049285888672,-8.87965774536133,"Unknown"
"9004157",371992,2025-06-15 14:34:11,42.5048179626465,-8.87937259674072,"Unknown"
"9004157",371992,2025-06-15 14:39:00,42.5048561096191,-8.87902736663818,"Unknown"
"9004157",371992,2025-06-15 14:44:09,42.5048217773438,-8.87926769256592,"Unknown"
"9004157",371992,2025-06-15 14:49:15,42.5048446655273,-8.87933158874512,"Unknown"
"9004157",371992,2025-06-15 14:54:09,42.5048217773438,-8.87926864624023,"Unknown"
"9004157",371992,2025-06-15 14:59:06,42.504768371582,-8.87918853759766,"Unknown"
"9004157",371992,2025-06-15 15:04:09,42.5047950744629,-8.87916946411133,"Unknown"
"9004157",371992,2025-06-15 15:09:07,42.5048522949219,-8.87938117980957,"Unknown"
"9004157",371992,2025-06-15 15:14:06,42.5048599243164,-8.87936592102051,"Unknown"
"9004157",371992,2025-06-15 15:19:06,42.5048484802246,-8.87925624847412,"Unknown"
"9004157",371992,2025-06-15 15:24:08,42.5048217773438,-8.87937927246094,"Unknown"
"9004157",371992,2025-06-15 15:29:10,42.504825592041,-8.87935733795166,"Unknown"
"9004157",371992,2025-06-15 15:34:00,42.504810333252,-8.87985992431641,"Unknown"
"9004157",371992,2025-06-15 15:39:06,42.5048027038574,-8.87934494018555,"Unknown"
"9004157",371992,2025-06-15 15:44:03,42.5049095153809,-8.87991619110107,"Unknown"
"9004157",371992,2025-06-15 15:51:23,42.5021591186523,-8.88440608978271,"Unknown"
"9004157",371992,2025-06-15 15:56:21,42.5025787353516,-8.88432502746582,"Unknown"
"9004157",371992,2025-06-15 16:01:14,42.502571105957,-8.88374519348145,"Unknown"
"9004157",371992,2025-06-15 16:06:24,42.5026321411133,-8.88337993621826,"Unknown"
"9004157",371992,2025-06-15 16:11:17,42.5031509399414,-8.88357925415039,"Unknown"
"9004157",371992,2025-06-15 16:16:24,42.504264831543,-8.88197708129883,"Unknown"
"9004157",371992,2025-06-15 16:21:16,42.5042495727539,-8.88188743591309,"Unknown"
"9004157",371992,2025-06-15 16:26:15,42.5041732788086,-8.88193225860596,"Unknown"
"9004157",371992,2025-06-15 16:31:24,42.5071868896484,-8.88914775848389,"Unknown"
"9004157",371992,2025-06-15 16:36:14,42.5070190429688,-8.88940811157227,"Unknown"
"9004157",371992,2025-06-15 16:41:24,42.5072059631348,-8.88909435272217,"Unknown"
"9004157",371992,2025-06-15 16:46:14,42.5071487426758,-8.88925743103027,"Unknown"
"9004157",371992,2025-06-15 16:51:24,42.5072212219238,-8.88911628723145,"Unknown"
"9004157",371992,2025-06-15 16:56:23,42.5069923400879,-8.89045143127441,"Unknown"
"9004157",371992,2025-06-15 17:01:24,42.5065574645996,-8.89064311981201,"Unknown"
"9004157",371992,2025-06-15 17:06:15,42.5065231323242,-8.89067935943604,"Unknown"
"9004157",371992,2025-06-15 17:11:24,42.5065383911133,-8.89069366455078,"Unknown"
"9004157",371992,2025-06-15 17:16:35,42.5064582824707,-8.89079475402832,"Unknown"
"9004157",371992,2025-06-15 17:21:14,42.506420135498,-8.89084053039551,"Unknown"
"9004157",371992,2025-06-15 17:26:14,42.5064315795898,-8.89081287384033,"Unknown"
"9004157",371992,2025-06-15 17:31:14,42.5064392089844,-8.89083862304688,"Unknown"
"9004157",371992,2025-06-15 17:36:15,42.5064582824707,-8.89083576202393,"Unknown"
"9004157",371992,2025-06-15 17:41:14,42.5064811706543,-8.89080619812012,"Unknown"
"9004157",371992,2025-06-15 17:46:14,42.506477355957,-8.89078617095947,"Unknown"
"9004157",371992,2025-06-15 17:51:15,42.5063896179199,-8.89063549041748,"Unknown"
"9004157",371992,2025-06-15 17:56:14,42.5064735412598,-8.890869140625,"Unknown"
"9004157",371992,2025-06-15 18:01:14,42.5065422058105,-8.89077472686768,"Unknown"
"9004157",371992,2025-06-15 18:06:14,42.5065078735352,-8.89078140258789,"Unknown"
"9004157",371992,2025-06-15 18:11:15,42.5065765380859,-8.89084911346436,"Unknown"
"9004157",371992,2025-06-15 18:16:40,42.4984664916992,-8.90966987609863,"Unknown"
"9004157",371992,2025-06-15 18:21:52,42.4967918395996,-8.91109180450439,"Unknown"
"9004157",371992,2025-06-15 18:26:49,42.495304107666,-8.91207218170166,"Unknown"
"9004157",371992,2025-06-15 18:31:49,42.4932823181152,-8.9119234085083,"Unknown"
"9004157",371992,2025-06-15 18:36:52,42.4944267272949,-8.90536403656006,"Unknown"
"9004157",371992,2025-06-15 18:41:51,42.4951248168945,-8.90440654754639,"Unknown"
"9004157",371992,2025-06-15 18:46:52,42.4940605163574,-8.90626430511475,"Unknown"
"9004157",371992,2025-06-15 18:51:49,42.4592399597168,-8.94399166107178,"Unknown"
"9004157",371992,2025-06-15 18:56:49,42.4028205871582,-8.9314661026001,"Unknown"
"9004157",371992,2025-06-15 19:02:11,42.3988761901855,-8.92110347747803,"Unknown"
"9004157",371992,2025-06-15 19:06:49,42.3988304138184,-8.92112922668457,"Unknown"
"9004157",371992,2025-06-15 19:11:49,42.3988227844238,-8.92119026184082,"Unknown"
"9004157",371992,2025-06-15 19:16:51,42.3987693786621,-8.92110919952393,"Unknown"
"9004157",371992,2025-06-15 19:21:50,42.398796081543,-8.92119312286377,"Unknown"
"9004157",371992,2025-06-15 19:26:49,42.3988494873047,-8.921067237854,"Unknown"
"9004157",371992,2025-06-15 19:31:50,42.3984146118164,-8.92118453979492,"Unknown"
"9004157",371992,2025-06-15 19:36:49,42.3987426757812,-8.92109870910645,"Unknown"
"9004157",371992,2025-06-15 19:41:50,42.3988647460938,-8.92121887207031,"Unknown"
"9004157",371992,2025-06-15 19:47:14,42.3988075256348,-8.9210376739502,"Unknown"
"9004157",371992,2025-06-15 19:51:52,42.3988075256348,-8.92100811004639,"Unknown"
"9004157",371992,2025-06-15 19:56:52,42.3988037109375,-8.92113018035889,"Unknown"
"9004157",371992,2025-06-15 20:02:14,42.3988456726074,-8.92155456542969,"Unknown"
"9004157",371992,2025-06-15 20:06:52,42.3987846374512,-8.92103099822998,"Unknown"
"9004157",371992,2025-06-15 20:12:28,42.3987655639648,-8.92105007171631,"Unknown"
"9004157",371992,2025-06-15 20:16:49,42.3988151550293,-8.92116641998291,"Unknown"
"9004157",371992,2025-06-15 20:21:49,42.3988151550293,-8.9211311340332,"Unknown"
"9004157",371992,2025-06-15 20:26:49,42.3987121582031,-8.92126369476318,"Unknown"
"9004157",371992,2025-06-15 20:31:49,42.399055480957,-8.92153549194336,"Unknown"
"9004157",371992,2025-06-15 20:36:53,42.398868560791,-8.9211311340332,"Unknown"
"9004157",371992,2025-06-15 20:41:53,42.3990173339844,-8.92141056060791,"Unknown"
"9004157",371992,2025-06-15 20:47:14,42.3989143371582,-8.921217918396,"Unknown"
"9004157",371992,2025-06-15 20:52:23,42.3988800048828,-8.92113208770752,"Unknown"
"9004157",371992,2025-06-15 20:56:49,42.3989868164062,-8.92105674743652,"Unknown"
"9004157",371992,2025-06-15 21:01:50,42.3989028930664,-8.92105865478516,"Unknown"
"9004157",371992,2025-06-15 21:06:49,42.3988761901855,-8.92113590240479,"Unknown"
"9004157",371992,2025-06-15 21:11:52,42.3988304138184,-8.92131996154785,"Unknown"
"9004157",371992,2025-06-15 21:16:51,42.3989448547363,-8.92140865325928,"Unknown"
"9004157",371992,2025-06-15 21:21:52,42.3991279602051,-8.92147254943848,"Unknown"
"9004157",371992,2025-06-15 21:26:51,42.3991050720215,-8.92125225067139,"Unknown"
"9004157",371992,2025-06-15 21:31:51,42.3989067077637,-8.921217918396,"Unknown"
"9004157",371992,2025-06-15 21:36:49,42.3988876342773,-8.92110538482666,"Unknown"
"9004157",371992,2025-06-15 21:41:52,42.3988418579102,-8.92130279541016,"Unknown"
"9004157",371992,2025-06-15 21:46:52,42.3987655639648,-8.92103481292725,"Unknown"
"9004157",371992,2025-06-15 21:51:49,42.3990211486816,-8.92109489440918,"Unknown"
"9004157",371992,2025-06-15 21:56:50,42.3988418579102,-8.92106914520264,"Unknown"
"9004157",371992,2025-06-15 22:01:52,42.399040222168,-8.92134761810303,"Unknown"
"9004157",371992,2025-06-15 22:07:14,42.3988838195801,-8.92109394073486,"Unknown"
"9004157",371992,2025-06-15 22:11:51,42.3988151550293,-8.92100048065186,"Unknown"
"9004157",371992,2025-06-15 22:16:50,42.3990135192871,-8.92049026489258,"Unknown"
"9004157",371992,2025-06-15 22:21:49,42.3989028930664,-8.92104816436768,"Unknown"
"9004157",371992,2025-06-15 22:26:51,42.3987693786621,-8.92196464538574,"Unknown"
"9004157",371992,2025-06-15 22:31:52,42.3987350463867,-8.92112445831299,"Unknown"
"9004157",371992,2025-06-15 22:36:51,42.3988990783691,-8.92088508605957,"Unknown"
"9004157",371992,2025-06-15 22:41:50,42.3989601135254,-8.92108249664307,"Unknown"
"9004157",371992,2025-06-15 22:47:01,42.3989372253418,-8.92095375061035,"Unknown"
"9004157",371992,2025-06-15 22:52:01,42.3988609313965,-8.92105770111084,"Unknown"
"9004157",371992,2025-06-15 22:56:51,42.398738861084,-8.92109870910645,"Unknown"
"9004157",371992,2025-06-15 23:01:52,42.3989143371582,-8.9209680557251,"Unknown"
"9004157",371992,2025-06-15 23:06:50,42.398754119873,-8.92122268676758,"Unknown"
"9004157",371992,2025-06-15 23:11:52,42.398811340332,-8.92108917236328,"Unknown"
"9004157",371992,2025-06-15 23:16:51,42.39892578125,-8.92097854614258,"Unknown"
"9004157",371992,2025-06-15 23:21:51,42.3990173339844,-8.92099666595459,"Unknown"
"9004157",371992,2025-06-15 23:26:50,42.39892578125,-8.92101287841797,"Unknown"
"9004157",371992,2025-06-15 23:31:50,42.3989524841309,-8.92100524902344,"Unknown"
"9004157",371992,2025-06-15 23:36:51,42.3989410400391,-8.9211893081665,"Unknown"
"9004157",371992,2025-06-15 23:41:50,42.3989677429199,-8.92105388641357,"Unknown"
"9004157",371992,2025-06-15 23:47:17,42.3988990783691,-8.92135906219482,"Unknown"
"9004157",371992,2025-06-15 23:51:50,42.3989028930664,-8.9217586517334,"Unknown"
"9004157",371992,2025-06-15 23:57:01,42.3988990783691,-8.92252254486084,"Unknown"
"9004157",371992,2025-06-16 00:01:57,42.3989028930664,-8.92211246490479,"Unknown"
"9004157",371992,2025-06-16 00:06:50,42.3988494873047,-8.92174816131592,"Unknown"
"9004157",371992,2025-06-16 00:12:00,42.3990097045898,-8.92189502716064,"Unknown"
"9004157",371992,2025-06-16 00:16:52,42.3985862731934,-8.92099857330322,"Unknown"
"9004157",371992,2025-06-16 00:22:01,42.3993186950684,-8.92289161682129,"Unknown"
"9004157",371992,2025-06-16 00:27:16,42.3836212158203,-8.84382820129395,"Unknown"
"9004157",371992,2025-06-16 00:32:01,42.3990631103516,-8.92228317260742,"Unknown"
"9004157",371992,2025-06-16 00:37:01,42.3987464904785,-8.92097759246826,"Unknown"
"9004157",371992,2025-06-16 00:41:57,42.3990287780762,-8.92119979858398,"Unknown"
"9004157",371992,2025-06-16 00:47:00,42.3990592956543,-8.92137050628662,"Unknown"
"9004157",371992,2025-06-16 00:51:54,42.3988342285156,-8.92124366760254,"Unknown"
"9004157",371992,2025-06-16 00:56:54,42.3989906311035,-8.92129993438721,"Unknown"
"9004157",371992,2025-06-16 01:01:50,42.3990287780762,-8.92144203186035,"Unknown"
"9004157",371992,2025-06-16 01:07:02,42.3989562988281,-8.92152976989746,"Unknown"
"9004157",371992,2025-06-16 01:12:14,42.399040222168,-8.92161846160889,"Unknown"
"9004157",371992,2025-06-16 01:16:54,42.3990058898926,-8.92094802856445,"Unknown"
"9004157",371992,2025-06-16 01:21:55,42.399040222168,-8.92106914520264,"Unknown"
"9004157",371992,2025-06-16 01:26:57,42.3990859985352,-8.92088317871094,"Unknown"
"9004157",371992,2025-06-16 01:31:54,42.3990669250488,-8.92093086242676,"Unknown"
"9004157",371992,2025-06-16 01:36:55,42.3989715576172,-8.92104053497314,"Unknown"
"9004157",371992,2025-06-16 01:42:11,42.3989181518555,-8.92064094543457,"Unknown"
"9004157",371992,2025-06-16 01:46:55,42.3990936279297,-8.92069244384766,"Unknown"
"9004157",371992,2025-06-16 01:51:53,42.3988876342773,-8.92091274261475,"Unknown"
"9004157",371992,2025-06-16 01:56:52,42.3988914489746,-8.92101383209229,"Unknown"
"9004157",371992,2025-06-16 02:01:52,42.3989105224609,-8.92096042633057,"Unknown"
"9004157",371992,2025-06-16 02:06:54,42.399169921875,-8.92103290557861,"Unknown"
"9004157",371992,2025-06-16 02:11:55,42.3990287780762,-8.92096900939941,"Unknown"
"9004157",371992,2025-06-16 02:16:55,42.3990783691406,-8.92124271392822,"Unknown"
"9004157",371992,2025-06-16 02:21:55,42.3990859985352,-8.92103862762451,"Unknown"
"9004157",371992,2025-06-16 02:26:53,42.3990211486816,-8.92098426818848,"Unknown"
"9004157",371992,2025-06-16 02:31:57,42.3990249633789,-8.92103385925293,"Unknown"
"9004157",371992,2025-06-16 02:36:53,42.3990020751953,-8.92102718353271,"Unknown"
"9004157",371992,2025-06-16 02:41:50,42.3990097045898,-8.92103099822998,"Unknown"
"9004157",371992,2025-06-16 02:46:52,42.398998260498,-8.92107582092285,"Unknown"
"9004157",371992,2025-06-16 02:51:51,42.3990287780762,-8.92106819152832,"Unknown"
"9004157",371992,2025-06-16 02:56:50,42.3989295959473,-8.92110443115234,"Unknown"
"9004157",371992,2025-06-16 03:01:51,42.3989372253418,-8.92112731933594,"Unknown"
"9004157",371992,2025-06-16 03:06:51,42.3989868164062,-8.92119407653809,"Unknown"
"9004157",371992,2025-06-16 03:11:50,42.3990364074707,-8.92116546630859,"Unknown"
"9004157",371992,2025-06-16 03:16:51,42.3989906311035,-8.92130565643311,"Unknown"
"9004157",371992,2025-06-16 03:21:51,42.3990783691406,-8.92125511169434,"Unknown"
"9004157",371992,2025-06-16 03:26:51,42.3989486694336,-8.92109203338623,"Unknown"
"9004157",371992,2025-06-16 03:31:54,42.3990859985352,-8.92137336730957,"Unknown"
"9004157",371992,2025-06-16 03:36:52,42.3995552062988,-8.92044925689697,"Unknown"
"9004157",371992,2025-06-16 03:41:55,42.3990783691406,-8.92166328430176,"Unknown"
"9004157",371992,2025-06-16 03:46:50,42.399227142334,-8.92113971710205,"Unknown"
"9004157",371992,2025-06-16 03:51:53,42.3995208740234,-8.92046165466309,"Unknown"
"9004157",371992,2025-06-16 03:56:53,42.3994903564453,-8.92053985595703,"Unknown"
"9004157",371992,2025-06-16 04:01:52,42.3994598388672,-8.92083835601807,"Unknown"
"9004157",371992,2025-06-16 04:06:53,42.3994636535645,-8.92068099975586,"Unknown"
"9004157",371992,2025-06-16 04:11:50,42.3993682861328,-8.92087650299072,"Unknown"
"9004157",371992,2025-06-16 04:16:51,42.3994293212891,-8.92092418670654,"Unknown"
"9004157",371992,2025-06-16 04:21:50,42.3992042541504,-8.9210786819458,"Unknown"
"9004157",371992,2025-06-16 04:26:52,42.3991851806641,-8.92132091522217,"Unknown"
"9004157",371992,2025-06-16 04:31:50,42.3991546630859,-8.92123413085938,"Unknown"
"9004157",371992,2025-06-16 04:36:50,42.3991661071777,-8.92160129547119,"Unknown"
"9004157",371992,2025-06-16 04:41:59,42.3990325927734,-8.92148303985596,"Unknown"
"9004157",371992,2025-06-16 04:46:50,42.3985137939453,-8.92067718505859,"Unknown"
"9004157",371992,2025-06-16 04:51:50,42.398624420166,-8.9210729598999,"Unknown"
"9004157",371992,2025-06-16 04:56:50,42.3986206054688,-8.92112827301025,"Unknown"
"9004157",371992,2025-06-16 05:01:50,42.3984680175781,-8.92108058929443,"Unknown"
"9004157",371992,2025-06-16 05:06:50,42.3979301452637,-8.92065048217773,"Unknown"
"9004157",371992,2025-06-16 05:11:50,42.3978614807129,-8.92062854766846,"Unknown"
"9004157",371992,2025-06-16 05:16:51,42.3977966308594,-8.92066764831543,"Unknown"
"9004157",371992,2025-06-16 05:21:51,42.3978652954102,-8.92067718505859,"Unknown"
"9004157",371992,2025-06-16 05:26:51,42.3978233337402,-8.92060089111328,"Unknown"
"9004157",371992,2025-06-16 05:31:51,42.3978691101074,-8.9206075668335,"Unknown"
"9004157",371992,2025-06-16 05:36:53,42.3977699279785,-8.92052841186523,"Unknown"
"9004157",371992,2025-06-16 05:41:52,42.3977661132812,-8.92052555084229,"Unknown"
"9004157",371992,2025-06-16 05:46:51,42.3977279663086,-8.92048358917236,"Unknown"
"9004157",371992,2025-06-16 05:51:51,42.3977127075195,-8.9204216003418,"Unknown"
"9004157",371992,2025-06-16 05:56:52,42.3976783752441,-8.92035675048828,"Unknown"
"9004157",371992,2025-06-16 06:02:22,42.4025993347168,-8.90079402923584,"Unknown"
"9004157",371992,2025-06-16 06:08:18,42.4060363769531,-8.89818477630615,"Unknown"
"9004157",371992,2025-06-16 06:13:18,42.4078330993652,-8.89916896820068,"Unknown"
"9004157",371992,2025-06-16 06:18:18,42.4380874633789,-8.9136209487915,"Unknown"
"9004157",371992,2025-06-16 06:23:18,42.4566345214844,-8.93810081481934,"Unknown"
"9004157",371992,2025-06-16 06:28:18,42.4566421508789,-8.93811798095703,"Unknown"
"9004157",371992,2025-06-16 06:33:19,42.4613876342773,-8.9419641494751,"Unknown"
"9004157",371992,2025-06-16 06:38:19,42.4805374145508,-8.93623542785645,"Unknown"
"9004157",371992,2025-06-16 06:43:18,42.4875564575195,-8.92018604278564,"Unknown"
"9004157",371992,2025-06-16 06:48:25,42.4966278076172,-8.89607810974121,"Unknown"
"9004157",371992,2025-06-16 06:53:21,42.5065689086914,-8.87458801269531,"Unknown"
"9004157",371992,2025-06-16 06:58:21,42.5076026916504,-8.87099647521973,"Unknown"
"9004157",371992,2025-06-16 07:03:40,42.5081825256348,-8.87099075317383,"Unknown"
"9004157",371992,2025-06-16 07:09:00,42.5082893371582,-8.87191772460938,"Unknown"
"9004157",371992,2025-06-16 07:14:06,42.5090789794922,-8.87075042724609,"Unknown"
"9004157",371992,2025-06-16 07:19:42,42.5074081420898,-8.87125396728516,"Unknown"
"9004157",371992,2025-06-16 07:24:41,42.507999420166,-8.87108421325684,"Unknown"
"9004157",371992,2025-06-16 07:29:55,42.508056640625,-8.87232685089111,"Unknown"
"9004157",371992,2025-06-16 07:35:38,42.5090827941895,-8.8722095489502,"Unknown"
"9004157",371992,2025-06-16 07:40:48,42.5090675354004,-8.87241649627686,"Unknown"
"9004157",371992,2025-06-16 07:45:52,42.5074195861816,-8.87150955200195,"Unknown"
"9004157",371992,2025-06-16 07:51:29,42.5072326660156,-8.87405109405518,"Unknown"
"9004157",371992,2025-06-16 07:56:28,42.506763458252,-8.87661170959473,"Unknown"
"9004157",371992,2025-06-16 08:01:28,42.5046806335449,-8.88054752349854,"Unknown"
"9004157",371992,2025-06-16 08:06:29,42.5045928955078,-8.88067436218262,"Unknown"
"9004157",371992,2025-06-16 08:11:28,42.504638671875,-8.88060188293457,"Unknown"
"9004157",371992,2025-06-16 08:16:27,42.5046424865723,-8.88053226470947,"Unknown"
"9004157",371992,2025-06-16 08:21:27,42.5046730041504,-8.88041019439697,"Unknown"
"9004157",371992,2025-06-16 08:26:27,42.5049629211426,-8.88037776947021,"Unknown"
"9004157",371992,2025-06-16 08:31:27,42.5048599243164,-8.88020896911621,"Unknown"
"9004157",371992,2025-06-16 08:36:27,42.5045471191406,-8.88025665283203,"Unknown"
"9004157",371992,2025-06-16 08:41:27,42.5045967102051,-8.88026714324951,"Unknown"
"9004157",371992,2025-06-16 08:46:27,42.5045967102051,-8.88019466400146,"Unknown"
"9004157",371992,2025-06-16 08:51:26,42.5033531188965,-8.88150119781494,"Unknown"
"9004157",371992,2025-06-16 08:56:27,42.5046844482422,-8.88026523590088,"Unknown"
"9004157",371992,2025-06-16 09:01:27,42.5071983337402,-8.8894567489624,"Unknown"
"9004157",371992,2025-06-16 09:06:27,42.5071907043457,-8.8894510269165,"Unknown"
"9004157",371992,2025-06-16 09:11:27,42.5071716308594,-8.88940906524658,"Unknown"
"9004157",371992,2025-06-16 09:16:27,42.5071678161621,-8.88940143585205,"Unknown"
"9004157",371992,2025-06-16 09:21:27,42.5072059631348,-8.8893985748291,"Unknown"
"9004157",371992,2025-06-16 09:26:27,42.5072021484375,-8.88936233520508,"Unknown"
"9004157",371992,2025-06-16 09:31:27,42.5068283081055,-8.88933181762695,"Unknown"
"9004157",371992,2025-06-16 09:36:27,42.5071601867676,-8.88926982879639,"Unknown"
"9004157",371992,2025-06-16 09:41:27,42.5068740844727,-8.88944149017334,"Unknown"
"9004157",371992,2025-06-16 09:46:27,42.5071830749512,-8.88941287994385,"Unknown"
"9004157",371992,2025-06-16 09:51:27,42.5071640014648,-8.88937091827393,"Unknown"
"9004157",371992,2025-06-16 09:56:27,42.5070495605469,-8.88931369781494,"Unknown"
"9004157",371992,2025-06-16 10:01:27,42.5073318481445,-8.88936138153076,"Unknown"
"9004157",371992,2025-06-16 10:06:28,42.5073776245117,-8.88932323455811,"Unknown"
"9004157",371992,2025-06-16 10:11:28,42.5074157714844,-8.88932037353516,"Unknown"
"9004157",371992,2025-06-16 10:16:28,42.5074157714844,-8.88920593261719,"Unknown"
"9004157",371992,2025-06-16 10:21:28,42.5074081420898,-8.8892879486084,"Unknown"
"9004157",371992,2025-06-16 10:26:28,42.5078315734863,-8.88941669464111,"Unknown"
"9004157",371992,2025-06-16 10:31:28,42.5075035095215,-8.88925266265869,"Unknown"
"9004157",371992,2025-06-16 10:36:28,42.5074920654297,-8.88922023773193,"Unknown"
"9004157",371992,2025-06-16 10:41:28,42.5075950622559,-8.88929843902588,"Unknown"
"9004157",371992,2025-06-16 10:46:28,42.5069732666016,-8.88924503326416,"Unknown"
"9004157",371992,2025-06-16 10:51:30,42.5072212219238,-8.88948726654053,"Unknown"
"9004157",371992,2025-06-16 10:56:27,42.5074996948242,-8.88906383514404,"Unknown"
"9004157",371992,2025-06-16 11:01:27,42.5077133178711,-8.88933849334717,"Unknown"
"9004157",371992,2025-06-16 11:06:28,42.5075874328613,-8.88904285430908,"Unknown"
"9004157",371992,2025-06-16 11:11:28,42.5076026916504,-8.88899803161621,"Unknown"
"9004157",371992,2025-06-16 11:16:29,42.5076141357422,-8.88897800445557,"Unknown"
"9004157",371992,2025-06-16 11:21:28,42.507640838623,-8.88882923126221,"Unknown"
"9004157",371992,2025-06-16 11:26:28,42.5076446533203,-8.88893508911133,"Unknown"
"9004157",371992,2025-06-16 11:31:28,42.5076599121094,-8.88880729675293,"Unknown"
"9004157",371992,2025-06-16 11:36:28,42.507640838623,-8.88889312744141,"Unknown"
"9004157",371992,2025-06-16 11:41:28,42.5070648193359,-8.88858032226562,"Unknown"
"9004157",371992,2025-06-16 11:46:29,42.5074272155762,-8.88879585266113,"Unknown"
"9004157",371992,2025-06-16 11:51:37,42.5074691772461,-8.88884258270264,"Unknown"
"9004157",371992,2025-06-16 11:56:37,42.5070381164551,-8.88852500915527,"Unknown"
"9004157",371992,2025-06-16 12:01:38,42.5073013305664,-8.88881778717041,"Unknown"
"9004157",371992,2025-06-16 12:06:38,42.5073776245117,-8.88908576965332,"Unknown"
"9004157",371992,2025-06-16 12:11:38,42.5075492858887,-8.88895034790039,"Unknown"
"9004157",371992,2025-06-16 12:16:37,42.5075492858887,-8.88898658752441,"Unknown"
"9004157",371992,2025-06-16 12:21:38,42.5075187683105,-8.88893985748291,"Unknown"
"9004157",371992,2025-06-16 12:26:37,42.5075836181641,-8.88903999328613,"Unknown"
"9004157",371992,2025-06-16 12:31:39,42.5074653625488,-8.88888263702393,"Unknown"
"9004157",371992,2025-06-16 12:36:37,42.5070838928223,-8.88754940032959,"Unknown"
"9004157",371992,2025-06-16 12:41:37,42.5073776245117,-8.88841247558594,"Unknown"
"9004157",371992,2025-06-16 12:46:43,42.5072746276855,-8.88768577575684,"Unknown"
"9004157",371992,2025-06-16 12:52:02,42.5090103149414,-8.87277698516846,"Unknown"
"9004157",371992,2025-06-16 12:57:02,42.5084838867188,-8.87131118774414,"Unknown"
"9004157",371992,2025-06-16 13:02:15,42.5085754394531,-8.86970520019531,"Unknown"
"9004157",371992,2025-06-16 13:07:55,42.5071449279785,-8.87018394470215,"Unknown"
"9004157",371992,2025-06-16 13:12:53,42.506778717041,-8.87126731872559,"Unknown"
"9004157",371992,2025-06-16 13:17:54,42.5085487365723,-8.87020587921143,"Unknown"
"9004157",371992,2025-06-16 13:23:55,42.5113868713379,-8.87016105651855,"Unknown"
"9004157",371992,2025-06-16 13:28:58,42.5106811523438,-8.87090492248535,"Unknown"
"9004157",371992,2025-06-16 13:34:30,42.5092506408691,-8.87108707427979,"Unknown"
"9004157",371992,2025-06-16 13:39:57,42.5074653625488,-8.87204456329346,"Unknown"
"9004157",371992,2025-06-16 13:44:55,42.5065116882324,-8.8731107711792,"Unknown"
"9004157",371992,2025-06-16 13:49:59,42.5071792602539,-8.87401580810547,"Unknown"
"9004157",371992,2025-06-16 13:54:55,42.5048637390137,-8.88067817687988,"Unknown"
"9004157",371992,2025-06-16 13:59:55,42.5049324035645,-8.88064479827881,"Unknown"
"9004157",371992,2025-06-16 14:04:55,42.5052642822266,-8.88001251220703,"Unknown"
"9004157",371992,2025-06-16 14:09:54,42.5050010681152,-8.88060474395752,"Unknown"
"9004157",371992,2025-06-16 14:14:55,42.504955291748,-8.88059711456299,"Unknown"
"9004157",371992,2025-06-16 14:19:55,42.5050964355469,-8.88038730621338,"Unknown"
"9004157",371992,2025-06-16 14:24:56,42.505054473877,-8.88055992126465,"Unknown"
"9004157",371992,2025-06-16 14:29:54,42.5050659179688,-8.88043308258057,"Unknown"
"9004157",371992,2025-06-16 14:34:57,42.5051879882812,-8.88046264648438,"Unknown"
"9004157",371992,2025-06-16 14:39:55,42.5050468444824,-8.88053798675537,"Unknown"
"9004157",371992,2025-06-16 14:44:55,42.5049514770508,-8.88067626953125,"Unknown"
"9004157",371992,2025-06-16 14:49:56,42.5053482055664,-8.87885093688965,"Unknown"
"9004157",371992,2025-06-16 14:54:55,42.5049514770508,-8.88068962097168,"Unknown"
"9004157",371992,2025-06-16 15:00:31,42.5037498474121,-8.8817024230957,"Unknown"
"9004157",371992,2025-06-16 15:06:02,42.5036888122559,-8.88181304931641,"Unknown"
"9004157",371992,2025-06-16 15:11:32,42.5036659240723,-8.88175392150879,"Unknown"
"9004157",371992,2025-06-16 15:16:52,42.5036087036133,-8.88182830810547,"Unknown"
"9004157",371992,2025-06-16 15:21:59,42.5044403076172,-8.88226413726807,"Unknown"
"9004157",371992,2025-06-16 15:26:53,42.5044822692871,-8.88210105895996,"Unknown"
"9004157",371992,2025-06-16 15:31:51,42.5042991638184,-8.88213920593262,"Unknown"
"9004157",371992,2025-06-16 15:36:52,42.5043296813965,-8.88243961334229,"Unknown"
"9004157",371992,2025-06-16 15:41:52,42.50439453125,-8.88230514526367,"Unknown"
"9004157",371992,2025-06-16 15:46:52,42.5043830871582,-8.8823184967041,"Unknown"
"9004157",371992,2025-06-16 15:51:51,42.5044250488281,-8.88235759735107,"Unknown"
"9004157",371992,2025-06-16 15:56:51,42.5044174194336,-8.88237762451172,"Unknown"
"9004157",371992,2025-06-16 16:01:52,42.5043830871582,-8.88241004943848,"Unknown"
"9004157",371992,2025-06-16 16:06:52,42.5043983459473,-8.88235187530518,"Unknown"
"9004157",371992,2025-06-16 16:11:52,42.5045700073242,-8.88227558135986,"Unknown"
"9004157",371992,2025-06-16 16:16:52,42.5045051574707,-8.88245487213135,"Unknown"
"9004157",371992,2025-06-16 16:21:52,42.5044937133789,-8.88246440887451,"Unknown"
"9004157",371992,2025-06-16 16:26:52,42.5043678283691,-8.88253402709961,"Unknown"
"9004157",371992,2025-06-16 16:31:52,42.5044288635254,-8.88251686096191,"Unknown"
"9004157",371992,2025-06-16 16:36:52,42.5044364929199,-8.88250827789307,"Unknown"
"9004157",371992,2025-06-16 16:41:52,42.5044860839844,-8.88249206542969,"Unknown"
"9004157",371992,2025-06-16 16:46:52,42.5044326782227,-8.8825569152832,"Unknown"
"9004157",371992,2025-06-16 16:51:52,42.5044364929199,-8.88245868682861,"Unknown"
"9004157",371992,2025-06-16 16:56:52,42.5044593811035,-8.88248157501221,"Unknown"
"9004157",371992,2025-06-16 17:01:52,42.5044784545898,-8.88256359100342,"Unknown"
"9004157",371992,2025-06-16 17:06:52,42.5044097900391,-8.88258457183838,"Unknown"
"9004157",371992,2025-06-16 17:11:52,42.5044937133789,-8.88251399993896,"Unknown"
"9004157",371992,2025-06-16 17:16:52,42.5044975280762,-8.88250350952148,"Unknown"
"9004157",371992,2025-06-16 17:21:52,42.5043563842773,-8.88250255584717,"Unknown"
"9004157",371992,2025-06-16 17:26:53,42.504264831543,-8.88252925872803,"Unknown"
"9004157",371992,2025-06-16 17:31:52,42.4833030700684,-8.91679000854492,"Unknown"
"9004157",371992,2025-06-16 17:36:52,42.4577484130859,-8.94590187072754,"Unknown"
"9004157",371992,2025-06-16 17:41:53,42.4439430236816,-8.94586086273193,"Unknown"
"9004157",371992,2025-06-16 17:46:52,42.4429321289062,-8.94541549682617,"Unknown"
"9004157",371992,2025-06-16 17:51:52,42.4249572753906,-8.93613719940186,"Unknown"
"9004157",371992,2025-06-16 17:56:52,42.3992118835449,-8.92124938964844,"Unknown"
"9004157",371992,2025-06-16 18:01:52,42.3990936279297,-8.92129421234131,"Unknown"
"9004157",371992,2025-06-16 18:06:52,42.3990745544434,-8.92136287689209,"Unknown"
"9004157",371992,2025-06-16 18:11:52,42.3991241455078,-8.92148303985596,"Unknown"
"9004157",371992,2025-06-16 18:16:53,42.3990516662598,-8.92134475708008,"Unknown"
"9004157",371992,2025-06-16 18:21:53,42.3990249633789,-8.92142963409424,"Unknown"
"9004157",371992,2025-06-16 18:26:53,42.3990364074707,-8.92130947113037,"Unknown"
"9004157",371992,2025-06-16 18:31:53,42.399097442627,-8.92138290405273,"Unknown"
"9004157",371992,2025-06-16 18:36:53,42.3990516662598,-8.92123031616211,"Unknown"
"9004157",371992,2025-06-16 18:41:53,42.3991432189941,-8.92125606536865,"Unknown"
"9004157",371992,2025-06-16 18:46:53,42.3992309570312,-8.9215784072876,"Unknown"
"9004157",371992,2025-06-16 18:51:53,42.3989639282227,-8.92123413085938,"Unknown"
"9004157",371992,2025-06-16 18:56:53,42.3988494873047,-8.92111301422119,"Unknown"
"9004157",371992,2025-06-16 19:01:53,42.3993072509766,-8.92161178588867,"Unknown"
"9004157",371992,2025-06-16 19:06:53,42.3993759155273,-8.92162704467773,"Unknown"
"9004157",371992,2025-06-16 19:11:53,42.3993148803711,-8.92159080505371,"Unknown"
"9004157",371992,2025-06-16 19:16:53,42.3992538452148,-8.92162799835205,"Unknown"
"9004157",371992,2025-06-16 19:21:53,42.399299621582,-8.92160320281982,"Unknown"
"9004157",371992,2025-06-16 19:26:53,42.3989791870117,-8.9217586517334,"Unknown"
"9004157",371992,2025-06-16 19:31:53,42.3989295959473,-8.92172908782959,"Unknown"
"9004157",371992,2025-06-16 19:36:53,42.398998260498,-8.92171955108643,"Unknown"
"9004157",371992,2025-06-16 19:41:53,42.3990287780762,-8.92160224914551,"Unknown"
"9004157",371992,2025-06-16 19:46:53,42.3990249633789,-8.92162132263184,"Unknown"
"9004157",371992,2025-06-16 19:51:53,42.3990821838379,-8.9215259552002,"Unknown"
"9004157",371992,2025-06-16 19:56:53,42.3989562988281,-8.92159175872803,"Unknown"
"9004157",371992,2025-06-16 20:01:53,42.3990745544434,-8.92148113250732,"Unknown"
"9004157",371992,2025-06-16 20:06:53,42.3990631103516,-8.92146778106689,"Unknown"
"9004157",371992,2025-06-16 20:11:53,42.3990592956543,-8.92146682739258,"Unknown"
"9004157",371992,2025-06-16 20:16:53,42.3991432189941,-8.92155170440674,"Unknown"
"9004157",371992,2025-06-16 20:21:53,42.3991622924805,-8.92153358459473,"Unknown"
"9004157",371992,2025-06-16 20:26:53,42.3991889953613,-8.92142200469971,"Unknown"
"9004157",371992,2025-06-16 20:31:53,42.3991584777832,-8.92137908935547,"Unknown"
"9004157",371992,2025-06-16 20:36:53,42.3991889953613,-8.92127323150635,"Unknown"
"9004157",371992,2025-06-16 20:41:53,42.399112701416,-8.92123985290527,"Unknown"
"9004157",371992,2025-06-16 20:46:54,42.3991508483887,-8.9212760925293,"Unknown"
"9004157",371992,2025-06-16 20:51:53,42.3992042541504,-8.92119884490967,"Unknown"
"9004157",371992,2025-06-16 20:56:53,42.3991737365723,-8.92116928100586,"Unknown"
"9004157",371992,2025-06-16 21:01:53,42.3991889953613,-8.92117118835449,"Unknown"
"9004157",371992,2025-06-16 21:06:53,42.3991394042969,-8.92115116119385,"Unknown"
"9004157",371992,2025-06-16 21:11:53,42.399112701416,-8.9210958480835,"Unknown"
"9004157",371992,2025-06-16 21:17:23,42.3991546630859,-8.9213399887085,"Unknown"
"9004157",371992,2025-06-16 21:21:53,42.3990669250488,-8.92129802703857,"Unknown"
"9004157",371992,2025-06-16 21:26:53,42.3991355895996,-8.92141532897949,"Unknown"
"9004157",371992,2025-06-16 21:31:53,42.3991889953613,-8.92126846313477,"Unknown"
"9004157",371992,2025-06-16 21:36:53,42.3991394042969,-8.92150115966797,"Unknown"
"9004157",371992,2025-06-16 21:41:54,42.3989601135254,-8.92146492004395,"Unknown"
"9004157",371992,2025-06-16 21:47:15,42.3991317749023,-8.92146110534668,"Unknown"
"9004157",371992,2025-06-16 21:51:53,42.3992538452148,-8.92172813415527,"Unknown"
"9004157",371992,2025-06-16 21:56:53,42.3988265991211,-8.92128276824951,"Unknown"
"9004157",371992,2025-06-16 22:01:53,42.3987503051758,-8.92164325714111,"Unknown"
"9004157",371992,2025-06-16 22:06:52,42.3990592956543,-8.92163848876953,"Unknown"
"9004157",371992,2025-06-16 22:12:14,42.3990478515625,-8.92153739929199,"Unknown"
"9004157",371992,2025-06-16 22:16:53,42.3990173339844,-8.92146396636963,"Unknown"
"9004157",371992,2025-06-16 22:21:53,42.3989753723145,-8.92154216766357,"Unknown"
"9004157",371992,2025-06-16 22:26:55,42.3990364074707,-8.92158126831055,"Unknown"
"9004157",371992,2025-06-16 22:32:00,42.3989334106445,-8.92163372039795,"Unknown"
"9004157",371992,2025-06-16 22:36:53,42.3989486694336,-8.92175483703613,"Unknown"
"9004157",371992,2025-06-16 22:41:53,42.3990058898926,-8.92170143127441,"Unknown"
"9004157",371992,2025-06-16 22:46:52,42.3991165161133,-8.92176723480225,"Unknown"
"9004157",371992,2025-06-16 22:51:59,42.3990859985352,-8.92119598388672,"Unknown"
"9004157",371992,2025-06-16 22:56:53,42.3991928100586,-8.9213342666626,"Unknown"
"9004157",371992,2025-06-16 23:01:52,42.3991737365723,-8.92125225067139,"Unknown"
"9004157",371992,2025-06-16 23:07:14,42.399040222168,-8.92109107971191,"Unknown"
"9004157",371992,2025-06-16 23:11:54,42.3989372253418,-8.92085647583008,"Unknown"
"9004157",371992,2025-06-16 23:16:52,42.3990097045898,-8.92105388641357,"Unknown"
"9004157",371992,2025-06-16 23:21:52,42.398998260498,-8.9211597442627,"Unknown"
"9004157",371992,2025-06-16 23:26:52,42.3991203308105,-8.92142486572266,"Unknown"
"9004157",371992,2025-06-16 23:31:53,42.3988914489746,-8.92166900634766,"Unknown"
"9004157",371992,2025-06-16 23:36:53,42.3989868164062,-8.92117691040039,"Unknown"
"9004157",371992,2025-06-16 23:41:52,42.399055480957,-8.92140197753906,"Unknown"
"9004157",371992,2025-06-16 23:46:55,42.399097442627,-8.92131805419922,"Unknown"
"9004157",371992,2025-06-16 23:52:00,42.3991012573242,-8.92130184173584,"Unknown"
"9004157",371992,2025-06-16 23:56:52,42.3991012573242,-8.92116069793701,"Unknown"
"9004157",371992,2025-06-17 00:02:00,42.3990859985352,-8.92110061645508,"Unknown"
"9004157",371992,2025-06-17 00:06:52,42.3990821838379,-8.92092227935791,"Unknown"
"9004157",371992,2025-06-17 00:12:15,42.3981132507324,-8.91698360443115,"Unknown"
"9004157",371992,2025-06-17 00:17:14,42.3989181518555,-8.92104625701904,"Unknown"
"9004157",371992,2025-06-17 00:21:52,42.3989639282227,-8.92122840881348,"Unknown"
"9004157",371992,2025-06-17 00:27:03,42.3987922668457,-8.92082118988037,"Unknown"
"9004157",371992,2025-06-17 00:31:58,42.4015312194824,-8.92805862426758,"Unknown"
"9004157",371992,2025-06-17 00:37:07,42.3987808227539,-8.92105579376221,"Unknown"
"9004157",371992,2025-06-17 00:41:55,42.398983001709,-8.92106151580811,"Unknown"
"9004157",371992,2025-06-17 00:47:09,42.3989105224609,-8.92085933685303,"Unknown"
"9004157",371992,2025-06-17 00:52:23,42.3989791870117,-8.92102336883545,"Unknown"
"9004157",371992,2025-06-17 00:56:52,42.3992004394531,-8.92124462127686,"Unknown"
"9004157",371992,2025-06-17 01:02:00,42.3990020751953,-8.92099380493164,"Unknown"
"9004157",371992,2025-06-17 01:06:52,42.3989105224609,-8.9209451675415,"Unknown"
"9004157",371992,2025-06-17 01:11:53,42.3993759155273,-8.92181873321533,"Unknown"
"9004157",371992,2025-06-17 01:17:44,42.3989639282227,-8.92128849029541,"Unknown"
"9004157",371992,2025-06-17 01:21:56,42.3987808227539,-8.92125797271729,"Unknown"
"9004157",371992,2025-06-17 01:26:55,42.3986015319824,-8.92172813415527,"Unknown"
"9004157",371992,2025-06-17 01:32:27,42.3986663818359,-8.92183208465576,"Unknown"
"9004157",371992,2025-06-17 01:36:58,42.3984832763672,-8.92174530029297,"Unknown"
"9004157",371992,2025-06-17 01:41:53,42.3985710144043,-8.92170906066895,"Unknown"
"9004157",371992,2025-06-17 01:46:52,42.3987121582031,-8.92162418365479,"Unknown"
"9004157",371992,2025-06-17 01:51:52,42.3987693786621,-8.92146015167236,"Unknown"
"9004157",371992,2025-06-17 01:56:52,42.3984146118164,-8.92190742492676,"Unknown"
"9004157",371992,2025-06-17 02:02:13,42.3990325927734,-8.92101383209229,"Unknown"
"9004157",371992,2025-06-17 02:06:53,42.3989868164062,-8.92112636566162,"Unknown"
"9004157",371992,2025-06-17 02:11:53,42.3990516662598,-8.92112064361572,"Unknown"
"9004157",371992,2025-06-17 02:16:54,42.398853302002,-8.92106914520264,"Unknown"
"9004157",371992,2025-06-17 02:21:53,42.3991584777832,-8.92088413238525,"Unknown"
"9004157",371992,2025-06-17 02:26:52,42.3989219665527,-8.92103385925293,"Unknown"
"9004157",371992,2025-06-17 02:31:54,42.3989715576172,-8.92117118835449,"Unknown"
"9004157",371992,2025-06-17 02:36:52,42.399040222168,-8.9210319519043,"Unknown"
"9004157",371992,2025-06-17 02:41:54,42.3990211486816,-8.92131423950195,"Unknown"
"9004157",371992,2025-06-17 02:47:13,42.3989944458008,-8.92120838165283,"Unknown"
"9004157",371992,2025-06-17 02:51:52,42.3990097045898,-8.92124938964844,"Unknown"
"9004157",371992,2025-06-17 02:56:52,42.3990440368652,-8.9216251373291,"Unknown"
"9004157",371992,2025-06-17 03:01:57,42.3990249633789,-8.92119979858398,"Unknown"
"9004157",371992,2025-06-17 03:06:53,42.3989334106445,-8.92086887359619,"Unknown"
"9004157",371992,2025-06-17 03:11:55,42.399055480957,-8.92136859893799,"Unknown"
"9004157",371992,2025-06-17 03:16:54,42.39892578125,-8.92123508453369,"Unknown"
"9004157",371992,2025-06-17 03:22:23,42.3988647460938,-8.92119026184082,"Unknown"
"9004157",371992,2025-06-17 03:26:54,42.3987350463867,-8.92151641845703,"Unknown"
"9004157",371992,2025-06-17 03:32:13,42.3990669250488,-8.92108917236328,"Unknown"
"9004157",371992,2025-06-17 03:36:55,42.3991966247559,-8.92105674743652,"Unknown"
"9004157",371992,2025-06-17 03:41:52,42.3993606567383,-8.92064666748047,"Unknown"
"9004157",371992,2025-06-17 03:47:00,42.3991889953613,-8.92103481292725,"Unknown"
"9004157",371992,2025-06-17 03:51:54,42.3989868164062,-8.92146015167236,"Unknown"
"9004157",371992,2025-06-17 03:57:00,42.3991775512695,-8.9210729598999,"Unknown"
"9004157",371992,2025-06-17 04:01:52,42.3996887207031,-8.9203405380249,"Unknown"
"9004157",371992,2025-06-17 04:07:00,42.3992881774902,-8.9209451675415,"Unknown"
"9004157",371992,2025-06-17 04:11:58,42.3992805480957,-8.92097091674805,"Unknown"
"9004157",371992,2025-06-17 04:17:01,42.3992958068848,-8.92099857330322,"Unknown"
"9004157",371992,2025-06-17 04:22:00,42.3993072509766,-8.92089653015137,"Unknown"
"9004157",371992,2025-06-17 04:26:57,42.3992729187012,-8.92105770111084,"Unknown"
"9004157",371992,2025-06-17 04:31:53,42.3982315063477,-8.92195701599121,"Unknown"
"9004157",371992,2025-06-17 04:37:03,42.3991470336914,-8.92115879058838,"Unknown"
"9004157",371992,2025-06-17 04:42:06,42.399169921875,-8.9211597442627,"Unknown"
"9004157",371992,2025-06-17 04:47:00,42.3991584777832,-8.92123794555664,"Unknown"
"9004157",371992,2025-06-17 04:52:03,42.3991432189941,-8.92124080657959,"Unknown"
"9004157",371992,2025-06-17 04:57:16,42.3993148803711,-8.92160224914551,"Unknown"
"9004157",371992,2025-06-17 05:02:00,42.3991813659668,-8.92131996154785,"Unknown"
"9004157",371992,2025-06-17 05:06:59,42.3991889953613,-8.92155838012695,"Unknown"
"9004157",371992,2025-06-17 05:11:53,42.3991394042969,-8.92153835296631,"Unknown"
"9004157",371992,2025-06-17 05:16:55,42.3991203308105,-8.92136859893799,"Unknown"
"9004157",371992,2025-06-17 05:21:54,42.3991470336914,-8.92158985137939,"Unknown"
"9004157",371992,2025-06-17 05:26:57,42.3991546630859,-8.92147350311279,"Unknown"
"9004157",371992,2025-06-17 05:31:54,42.3990631103516,-8.92147445678711,"Unknown"
"9004157",371992,2025-06-17 05:37:00,42.3979187011719,-8.92058372497559,"Unknown"
"9004157",371992,2025-06-17 05:41:52,42.3978500366211,-8.92054557800293,"Unknown"
"9004157",371992,2025-06-17 05:46:57,42.3976249694824,-8.92027759552002,"Unknown"
"9004157",371992,2025-06-17 05:51:54,42.3977737426758,-8.92040634155273,"Unknown"
"9004157",371992,2025-06-17 05:57:35,42.3977355957031,-8.9203577041626,"Unknown"
"9004157",371992,2025-06-17 06:01:52,42.3977355957031,-8.92034149169922,"Unknown"
"9004157",371992,2025-06-17 06:06:54,42.3976821899414,-8.92026615142822,"Unknown"
"9004157",371992,2025-06-17 06:11:53,42.3978042602539,-8.92030620574951,"Unknown"
"9004157",371992,2025-06-17 06:16:53,42.3977241516113,-8.92026424407959,"Unknown"
"9004157",371992,2025-06-17 06:21:57,42.4018211364746,-8.90245819091797,"Unknown"
"9004157",371992,2025-06-17 06:27:46,42.4072074890137,-8.89646148681641,"Unknown"
"9004157",371992,2025-06-17 06:32:45,42.4063606262207,-8.89584445953369,"Unknown"
"9004157",371992,2025-06-17 06:38:20,42.4038543701172,-8.88766765594482,"Unknown"
"9004157",371992,2025-06-17 06:43:11,42.4096221923828,-8.88165664672852,"Unknown"
"9004157",371992,2025-06-17 06:48:12,42.4418678283691,-8.89890575408936,"Unknown"
"9004157",371992,2025-06-17 06:53:19,42.4627151489258,-8.94225120544434,"Unknown"
"9004157",371992,2025-06-17 06:58:14,42.4805335998535,-8.93628978729248,"Unknown"
"9004157",371992,2025-06-17 07:03:21,42.4806900024414,-8.93637657165527,"Unknown"
"9004157",371992,2025-06-17 07:08:34,42.4870719909668,-8.9214563369751,"Unknown"
"9004157",371992,2025-06-17 07:13:11,42.5043487548828,-8.88680744171143,"Unknown"
"9004157",371992,2025-06-17 07:18:29,42.5086059570312,-8.8727331161499,"Unknown"
"9004157",371992,2025-06-17 07:23:29,42.5081176757812,-8.87065410614014,"Unknown"
"9004157",371992,2025-06-17 07:28:30,42.5085678100586,-8.87049293518066,"Unknown"
"9004157",371992,2025-06-17 07:33:44,42.5081100463867,-8.86962509155273,"Unknown"
"9004157",371992,2025-06-17 07:38:45,42.5081596374512,-8.87014579772949,"Unknown"
"9004157",371992,2025-06-17 07:44:35,42.509449005127,-8.87154483795166,"Unknown"
"9004157",371992,2025-06-17 07:49:38,42.510425567627,-8.872878074646,"Unknown"
"9004157",371992,2025-06-17 07:54:38,42.5109558105469,-8.87378597259521,"Unknown"
"9004157",371992,2025-06-17 07:59:39,42.517993927002,-8.86574363708496,"Unknown"
"9004157",371992,2025-06-17 08:04:37,42.518009185791,-8.86576747894287,"Unknown"
"9004157",371992,2025-06-17 08:09:36,42.5180053710938,-8.86571502685547,"Unknown"
"9004157",371992,2025-06-17 08:14:36,42.5179862976074,-8.86570835113525,"Unknown"
"9004157",371992,2025-06-17 08:19:39,42.5181198120117,-8.86570930480957,"Unknown"
"9004157",371992,2025-06-17 08:24:36,42.5180053710938,-8.86568832397461,"Unknown"
"9004157",371992,2025-06-17 08:29:36,42.5180320739746,-8.86573314666748,"Unknown"
"9004157",371992,2025-06-17 08:34:36,42.5180435180664,-8.86565780639648,"Unknown"
"9004157",371992,2025-06-17 08:39:36,42.5180625915527,-8.86564826965332,"Unknown"
"9004157",371992,2025-06-17 08:44:36,42.5180358886719,-8.86563968658447,"Unknown"
"9004157",371992,2025-06-17 08:49:35,42.5180740356445,-8.86561107635498,"Unknown"
"9004157",371992,2025-06-17 08:54:37,42.5180168151855,-8.86564254760742,"Unknown"
"9004157",371992,2025-06-17 08:59:36,42.518138885498,-8.86555099487305,"Unknown"
"9004157",371992,2025-06-17 09:04:37,42.5181694030762,-8.86552715301514,"Unknown"
"9004157",371992,2025-06-17 09:09:37,42.518138885498,-8.86556053161621,"Unknown"
"9004157",371992,2025-06-17 09:14:37,42.5181503295898,-8.86559772491455,"Unknown"
"9004157",371992,2025-06-17 09:19:37,42.518196105957,-8.86553573608398,"Unknown"
"9004157",371992,2025-06-17 09:24:37,42.5181999206543,-8.86555671691895,"Unknown"
"9004157",371992,2025-06-17 09:29:37,42.5181770324707,-8.86557579040527,"Unknown"
"9004157",371992,2025-06-17 09:34:39,42.5181083679199,-8.86559963226318,"Unknown"
"9004157",371992,2025-06-17 09:39:37,42.5182189941406,-8.86557388305664,"Unknown"
"9004157",371992,2025-06-17 09:44:37,42.5182151794434,-8.86556053161621,"Unknown"
"9004157",371992,2025-06-17 09:49:39,42.5180969238281,-8.86576843261719,"Unknown"
"9004157",371992,2025-06-17 09:54:43,42.5180854797363,-8.86579036712646,"Unknown"
"9004157",371992,2025-06-17 09:59:37,42.5180931091309,-8.86567974090576,"Unknown"
"9004157",371992,2025-06-17 10:04:36,42.5178909301758,-8.86582279205322,"Unknown"
"9004157",371992,2025-06-17 10:09:38,42.5179977416992,-8.86566162109375,"Unknown"
"9004157",371992,2025-06-17 10:14:36,42.5179901123047,-8.86565494537354,"Unknown"
"9004157",371992,2025-06-17 10:19:36,42.5180358886719,-8.8657169342041,"Unknown"
"9004157",371992,2025-06-17 10:25:07,42.5096435546875,-8.87216281890869,"Unknown"
"9004157",371992,2025-06-17 10:31:23,42.5083427429199,-8.87271404266357,"Unknown"
"9004157",371992,2025-06-17 10:36:28,42.507266998291,-8.87089061737061,"Unknown"
"9004157",371992,2025-06-17 10:41:26,42.507137298584,-8.87153816223145,"Unknown"
"9004157",371992,2025-06-17 10:49:44,42.5081558227539,-8.87027072906494,"Unknown"
"9004157",371992,2025-06-17 10:54:45,42.5064659118652,-8.87185287475586,"Unknown"
"9004157",371992,2025-06-17 11:06:23,42.506404876709,-8.87228965759277,"Unknown"
"9004157",371992,2025-06-17 11:14:00,42.5073890686035,-8.87134742736816,"Unknown"
"9004157",371992,2025-06-17 11:19:59,42.5066909790039,-8.87318515777588,"Unknown"
"9004157",371992,2025-06-17 11:25:42,42.507942199707,-8.87056064605713,"Unknown"
"9004157",371992,2025-06-17 11:34:13,42.5084953308105,-8.87081813812256,"Unknown"
"9004157",371992,2025-06-17 11:39:42,42.5095863342285,-8.86947441101074,"Unknown"
"9004157",371992,2025-06-17 11:45:44,42.5096740722656,-8.87225437164307,"Unknown"
"9004157",371992,2025-06-17 11:50:16,42.5085258483887,-8.87345790863037,"Unknown"
"9004157",371992,2025-06-17 11:55:24,42.5071716308594,-8.87528705596924,"Unknown"
"9004157",371992,2025-06-17 12:08:07,42.5078086853027,-8.878981590271,"Unknown"
"9004157",371992,2025-06-17 12:13:36,42.5076332092285,-8.88010883331299,"Unknown"
"9004157",371992,2025-06-17 12:18:37,42.5064964294434,-8.88236045837402,"Unknown"
"9004157",371992,2025-06-17 12:23:40,42.5061721801758,-8.88497543334961,"Unknown"
"9004157",371992,2025-06-17 12:28:33,42.5074348449707,-8.88932514190674,"Unknown"
"9004157",371992,2025-06-17 12:34:05,42.5073699951172,-8.8895149230957,"Unknown"
"9004157",371992,2025-06-17 12:38:33,42.5073509216309,-8.8894739151001,"Unknown"
"9004157",371992,2025-06-17 12:43:33,42.5073585510254,-8.88948917388916,"Unknown"
"9004157",371992,2025-06-17 12:48:33,42.5073547363281,-8.88945388793945,"Unknown"
"9004157",371992,2025-06-17 12:53:33,42.5073547363281,-8.88949584960938,"Unknown"
"9004157",371992,2025-06-17 12:58:33,42.5073356628418,-8.88948440551758,"Unknown"
"9004157",371992,2025-06-17 13:03:33,42.5073356628418,-8.88937854766846,"Unknown"
"9004157",371992,2025-06-17 13:08:34,42.5073623657227,-8.88944149017334,"Unknown"
"9004157",371992,2025-06-17 13:13:33,42.5073776245117,-8.88940811157227,"Unknown"
"9004157",371992,2025-06-17 13:18:33,42.5073547363281,-8.8894567489624,"Unknown"
"9004157",371992,2025-06-17 13:23:33,42.5073661804199,-8.88946533203125,"Unknown"
"9004157",371992,2025-06-17 13:28:33,42.5073089599609,-8.88943099975586,"Unknown"
"9004157",371992,2025-06-17 13:33:33,42.5073432922363,-8.88940238952637,"Unknown"
"9004157",371992,2025-06-17 13:38:34,42.5073509216309,-8.88943767547607,"Unknown"
"9004157",371992,2025-06-17 13:43:34,42.5073776245117,-8.88940143585205,"Unknown"
"9004157",371992,2025-06-17 13:48:34,42.5073471069336,-8.88938331604004,"Unknown"
"9004157",371992,2025-06-17 13:53:34,42.5073318481445,-8.88940620422363,"Unknown"
"9004157",371992,2025-06-17 13:58:34,42.5073890686035,-8.88942241668701,"Unknown"
"9004157",371992,2025-06-17 14:03:34,42.507396697998,-8.88939952850342,"Unknown"
"9004157",371992,2025-06-17 14:08:34,42.5074043273926,-8.88937664031982,"Unknown"
"9004157",371992,2025-06-17 14:13:45,42.5073318481445,-8.88942909240723,"Unknown"
"9004157",371992,2025-06-17 14:18:39,42.5073928833008,-8.88939380645752,"Unknown"
"9004157",371992,2025-06-17 14:23:40,42.5073928833008,-8.88940525054932,"Unknown"
"9004157",371992,2025-06-17 14:28:39,42.507266998291,-8.88945484161377,"Unknown"
"9004157",371992,2025-06-17 14:33:34,42.507266998291,-8.88943958282471,"Unknown"
"9004157",371992,2025-06-17 14:38:36,42.5071830749512,-8.88947105407715,"Unknown"
"9004157",371992,2025-06-17 14:43:36,42.5072860717773,-8.88939476013184,"Unknown"
"9004157",371992,2025-06-17 14:48:36,42.5072631835938,-8.88945865631104,"Unknown"
"9004157",371992,2025-06-17 14:53:37,42.5072212219238,-8.88942241668701,"Unknown"
"9004157",371992,2025-06-17 14:58:42,42.5072784423828,-8.88942527770996,"Unknown"
"9004157",371992,2025-06-17 15:03:36,42.5073165893555,-8.88941383361816,"Unknown"
"9004157",371992,2025-06-17 15:08:37,42.5072250366211,-8.88938522338867,"Unknown"
"9004157",371992,2025-06-17 15:13:37,42.5072250366211,-8.88944244384766,"Unknown"
"9004157",371992,2025-06-17 15:18:37,42.507251739502,-8.88940715789795,"Unknown"
"9004157",371992,2025-06-17 15:24:05,42.5072784423828,-8.88941764831543,"Unknown"
"9004157",371992,2025-06-17 15:28:34,42.5073280334473,-8.88937568664551,"Unknown"
"9004157",371992,2025-06-17 15:33:34,42.507251739502,-8.88937568664551,"Unknown"
"9004157",371992,2025-06-17 15:38:34,42.5073089599609,-8.88944530487061,"Unknown"
"9004157",371992,2025-06-17 15:43:34,42.5073013305664,-8.88942718505859,"Unknown"
"9004157",371992,2025-06-17 15:48:34,42.5072746276855,-8.88949108123779,"Unknown"
"9004157",371992,2025-06-17 15:53:34,42.50732421875,-8.88949489593506,"Unknown"
"9004157",371992,2025-06-17 15:58:34,42.5073204040527,-8.88944435119629,"Unknown"
"9004157",371992,2025-06-17 16:03:39,42.5072555541992,-8.88940143585205,"Unknown"
"9004157",371992,2025-06-17 16:08:34,42.5072479248047,-8.88939762115479,"Unknown"
"9004157",371992,2025-06-17 16:13:39,42.5072631835938,-8.88943195343018,"Unknown"
"9004157",371992,2025-06-17 16:18:35,42.5072784423828,-8.88936138153076,"Unknown"
"9004157",371992,2025-06-17 16:23:37,42.5072860717773,-8.88942527770996,"Unknown"
"9004157",371992,2025-06-17 16:28:45,42.5060119628906,-8.88705158233643,"Unknown"
"9004157",371992,2025-06-17 16:34:13,42.5063934326172,-8.88755321502686,"Unknown"
"9004157",371992,2025-06-17 16:39:43,42.5063858032227,-8.8890905380249,"Unknown"
"9004157",371992,2025-06-17 16:44:40,42.5075225830078,-8.88976001739502,"Unknown"
"9004157",371992,2025-06-17 16:49:43,42.5072479248047,-8.88944053649902,"Unknown"
"9004157",371992,2025-06-17 16:54:58,42.507266998291,-8.88944244384766,"Unknown"
"9004157",371992,2025-06-17 16:59:50,42.5072784423828,-8.8894157409668,"Unknown"
"9004157",371992,2025-06-17 17:04:49,42.5072441101074,-8.88939380645752,"Unknown"
"9004157",371992,2025-06-17 17:10:05,42.5072822570801,-8.88944435119629,"Unknown"
"9004157",371992,2025-06-17 17:14:37,42.5073356628418,-8.88934707641602,"Unknown"
"9004157",371992,2025-06-17 17:19:37,42.5072784423828,-8.889479637146,"Unknown"
"9004157",371992,2025-06-17 17:24:37,42.5073013305664,-8.88947677612305,"Unknown"
"9004157",371992,2025-06-17 17:29:37,42.5072975158691,-8.88938808441162,"Unknown"
"9004157",371992,2025-06-17 17:34:38,42.5072898864746,-8.88937473297119,"Unknown"
"9004157",371992,2025-06-17 17:39:37,42.5072822570801,-8.88946628570557,"Unknown"
"9004157",371992,2025-06-17 17:44:37,42.5072631835938,-8.88945484161377,"Unknown"
"9004157",371992,2025-06-17 17:50:18,42.5078811645508,-8.88816356658936,"Unknown"
"9004157",371992,2025-06-17 17:55:17,42.5073089599609,-8.88914966583252,"Unknown"
"9004157",371992,2025-06-17 18:00:29,42.5072975158691,-8.88947582244873,"Unknown"
"9004157",371992,2025-06-17 18:05:17,42.5073280334473,-8.8894624710083,"Unknown"
"9004157",371992,2025-06-17 18:10:17,42.5073165893555,-8.889479637146,"Unknown"
"9004157",371992,2025-06-17 18:15:17,42.50732421875,-8.88950157165527,"Unknown"
"9004157",371992,2025-06-17 18:20:17,42.5073204040527,-8.88942718505859,"Unknown"
"9004157",371992,2025-06-17 18:25:25,42.5073280334473,-8.88956832885742,"Unknown"
"9004157",371992,2025-06-17 18:30:19,42.507381439209,-8.88950443267822,"Unknown"
"9004157",371992,2025-06-17 18:35:20,42.5074653625488,-8.88974285125732,"Unknown"
"9004157",371992,2025-06-17 18:40:17,42.5073089599609,-8.88956260681152,"Unknown"
"9004157",371992,2025-06-17 18:45:19,42.5072364807129,-8.88953399658203,"Unknown"
"9004157",371992,2025-06-17 18:50:19,42.507266998291,-8.88951396942139,"Unknown"
"9004157",371992,2025-06-17 18:55:17,42.5072975158691,-8.88948726654053,"Unknown"
"9004157",371992,2025-06-17 19:00:18,42.5073509216309,-8.88954734802246,"Unknown"
"9004157",371992,2025-06-17 19:05:21,42.4875564575195,-8.91829109191895,"Unknown"
"9004157",371992,2025-06-17 19:10:18,42.4773368835449,-8.94496536254883,"Unknown"
"9004157",371992,2025-06-17 19:15:18,42.4773750305176,-8.94497966766357,"Unknown"
"9004157",371992,2025-06-17 19:20:21,42.4773139953613,-8.94502735137939,"Unknown"
"9004157",371992,2025-06-17 19:25:21,42.4772987365723,-8.94493103027344,"Unknown"
"9004157",371992,2025-06-17 19:30:21,42.4772491455078,-8.94480800628662,"Unknown"
"9004157",371992,2025-06-17 19:35:30,42.4774169921875,-8.94513034820557,"Unknown"
"9004157",371992,2025-06-17 19:40:30,42.477367401123,-8.94506454467773,"Unknown"
"9004157",371992,2025-06-17 19:45:35,42.4773368835449,-8.94503498077393,"Unknown"
"9004157",371992,2025-06-17 19:50:44,42.4774436950684,-8.94462776184082,"Unknown"
"9004157",371992,2025-06-17 19:55:20,42.4773483276367,-8.94449901580811,"Unknown"
"9004157",371992,2025-06-17 20:00:20,42.4776916503906,-8.94452381134033,"Unknown"
"9004157",371992,2025-06-17 20:05:20,42.4774742126465,-8.94464588165283,"Unknown"
"9004157",371992,2025-06-17 20:10:22,42.4774894714355,-8.94470882415771,"Unknown"
"9004157",371992,2025-06-17 20:15:22,42.4773941040039,-8.94467258453369,"Unknown"
"9004157",371992,2025-06-17 20:20:23,42.477409362793,-8.94495487213135,"Unknown"
"9004157",371992,2025-06-17 20:25:22,42.4774208068848,-8.94483184814453,"Unknown"
"9004157",371992,2025-06-17 20:30:24,42.477409362793,-8.94469451904297,"Unknown"
"9004157",371992,2025-06-17 20:35:25,42.477611541748,-8.94480800628662,"Unknown"
"9004157",371992,2025-06-17 20:40:23,42.4775466918945,-8.94477844238281,"Unknown"
"9004157",371992,2025-06-17 20:45:45,42.477424621582,-8.94446754455566,"Unknown"
"9004157",371992,2025-06-17 20:50:17,42.4774475097656,-8.94445419311523,"Unknown"
"9004157",371992,2025-06-17 20:55:20,42.477409362793,-8.94460010528564,"Unknown"
"9004157",371992,2025-06-17 21:00:17,42.4774322509766,-8.94452953338623,"Unknown"
"9004157",371992,2025-06-17 21:05:27,42.4774055480957,-8.94442558288574,"Unknown"
"9004157",371992,2025-06-17 21:10:28,42.477424621582,-8.94448566436768,"Unknown"
"9004157",371992,2025-06-17 21:15:30,42.4773292541504,-8.94461917877197,"Unknown"
"9004157",371992,2025-06-17 21:20:28,42.4773483276367,-8.94456100463867,"Unknown"
"9004157",371992,2025-06-17 21:25:30,42.4773597717285,-8.94461822509766,"Unknown"
"9004157",371992,2025-06-17 21:30:53,42.4774589538574,-8.94474792480469,"Unknown"
"9004157",371992,2025-06-17 21:35:19,42.4775390625,-8.9448413848877,"Unknown"
"9004157",371992,2025-06-17 21:40:17,42.4775009155273,-8.94478130340576,"Unknown"
"9004157",371992,2025-06-17 21:45:18,42.4775199890137,-8.94481945037842,"Unknown"
"9004157",371992,2025-06-17 21:50:19,42.477352142334,-8.94459342956543,"Unknown"
"9004157",371992,2025-06-17 21:55:17,42.4773635864258,-8.94474601745605,"Unknown"
"9004157",371992,2025-06-17 22:00:38,42.4773826599121,-8.94474983215332,"Unknown"
"9004157",371992,2025-06-17 22:05:44,42.4773712158203,-8.94464015960693,"Unknown"
"9004157",371992,2025-06-17 22:10:17,42.4774398803711,-8.94478416442871,"Unknown"
"9004157",371992,2025-06-17 22:15:19,42.4774322509766,-8.94472122192383,"Unknown"
"9004157",371992,2025-06-17 22:20:20,42.4773788452148,-8.94452571868896,"Unknown"
"9004157",371992,2025-06-17 22:25:18,42.4773559570312,-8.94484806060791,"Unknown"
"9004157",371992,2025-06-17 22:30:19,42.4774589538574,-8.94469356536865,"Unknown"
"9004157",371992,2025-06-17 22:35:18,42.4774475097656,-8.9447078704834,"Unknown"
"9004157",371992,2025-06-17 22:40:21,42.4772720336914,-8.94422245025635,"Unknown"
"9004157",371992,2025-06-17 22:45:44,42.477466583252,-8.94438648223877,"Unknown"
"9004157",371992,2025-06-17 22:50:20,42.4775428771973,-8.94446754455566,"Unknown"
"9004157",371992,2025-06-17 22:55:23,42.4772987365723,-8.94424915313721,"Unknown"
"9004157",371992,2025-06-17 23:00:21,42.4774017333984,-8.94426727294922,"Unknown"
"9004157",371992,2025-06-17 23:05:30,42.4773597717285,-8.94483947753906,"Unknown"
"9004157",371992,2025-06-17 23:10:21,42.4777221679688,-8.94529438018799,"Unknown"
"9004157",371992,2025-06-17 23:15:28,42.4775428771973,-8.94470691680908,"Unknown"
"9004157",371992,2025-06-17 23:20:30,42.4775009155273,-8.9447603225708,"Unknown"
"9004157",371992,2025-06-17 23:25:20,42.4774856567383,-8.94455718994141,"Unknown"
"9004157",371992,2025-06-17 23:30:45,42.4774589538574,-8.94463634490967,"Unknown"
"9004157",371992,2025-06-17 23:35:17,42.4772911071777,-8.94459915161133,"Unknown"
"9004157",371992,2025-06-17 23:40:17,42.4773445129395,-8.94448757171631,"Unknown"
"9004157",371992,2025-06-17 23:45:24,42.477466583252,-8.94452571868896,"Unknown"
"9004157",371992,2025-06-17 23:50:18,42.4774055480957,-8.94450855255127,"Unknown"
"9004157",371992,2025-06-17 23:55:18,42.477409362793,-8.94455814361572,"Unknown"
"9004157",371992,2025-06-18 00:00:18,42.4773941040039,-8.94450664520264,"Unknown"
"9004157",371992,2025-06-18 00:05:18,42.4774856567383,-8.94466686248779,"Unknown"
"9004157",371992,2025-06-18 00:10:18,42.4774131774902,-8.94462585449219,"Unknown"
"9004157",371992,2025-06-18 00:15:21,42.4775390625,-8.94460964202881,"Unknown"
"9004157",371992,2025-06-18 00:20:30,42.4775123596191,-8.94452285766602,"Unknown"
"9004157",371992,2025-06-18 00:25:30,42.4775123596191,-8.94449329376221,"Unknown"
"9004157",371992,2025-06-18 00:30:30,42.4774742126465,-8.94455337524414,"Unknown"
"9004157",371992,2025-06-18 00:35:30,42.4775543212891,-8.94449234008789,"Unknown"
"9004157",371992,2025-06-18 00:40:29,42.4773941040039,-8.94459247589111,"Unknown"
"9004157",371992,2025-06-18 00:45:36,42.4774627685547,-8.94454479217529,"Unknown"
"9004157",371992,2025-06-18 00:50:45,42.4773139953613,-8.94463443756104,"Unknown"
"9004157",371992,2025-06-18 00:55:19,42.4755821228027,-8.94202709197998,"Unknown"
"9004157",371992,2025-06-18 01:00:21,42.4771690368652,-8.94434070587158,"Unknown"
"9004157",371992,2025-06-18 01:05:30,42.477409362793,-8.9445629119873,"Unknown"
"9004157",371992,2025-06-18 01:10:30,42.4773788452148,-8.94460773468018,"Unknown"
"9004157",371992,2025-06-18 01:15:30,42.4774932861328,-8.94463443756104,"Unknown"
"9004157",371992,2025-06-18 01:20:30,42.4772567749023,-8.94279003143311,"Unknown"
"9004157",371992,2025-06-18 01:25:30,42.4774131774902,-8.94453144073486,"Unknown"
"9004157",371992,2025-06-18 01:30:27,42.4773597717285,-8.94422912597656,"Unknown"
"9004157",371992,2025-06-18 01:35:24,42.4774551391602,-8.94429111480713,"Unknown"
"9004157",371992,2025-06-18 01:40:23,42.4774017333984,-8.9442892074585,"Unknown"
"9004157",371992,2025-06-18 01:45:29,42.4776153564453,-8.9443998336792,"Unknown"
"9004157",371992,2025-06-18 01:50:41,42.4775238037109,-8.9448299407959,"Unknown"
"9004157",371992,2025-06-18 01:55:31,42.477596282959,-8.94462776184082,"Unknown"
"9004157",371992,2025-06-18 02:00:30,42.4775695800781,-8.94464111328125,"Unknown"
"9004157",371992,2025-06-18 02:05:32,42.4775657653809,-8.94462871551514,"Unknown"
"9004157",371992,2025-06-18 02:10:24,42.4775657653809,-8.94469547271729,"Unknown"
"9004157",371992,2025-06-18 02:15:27,42.4776306152344,-8.9445858001709,"Unknown"
"9004157",371992,2025-06-18 02:20:22,42.477596282959,-8.94459247589111,"Unknown"
"9004157",371992,2025-06-18 02:25:22,42.4775695800781,-8.94461631774902,"Unknown"
"9004157",371992,2025-06-18 02:30:22,42.477611541748,-8.94464206695557,"Unknown"
"9004157",371992,2025-06-18 02:35:23,42.4775085449219,-8.94459438323975,"Unknown"
"9004157",371992,2025-06-18 02:40:19,42.4776077270508,-8.94468593597412,"Unknown"
"9004157",371992,2025-06-18 02:45:33,42.4774971008301,-8.94458389282227,"Unknown"
"9004157",371992,2025-06-18 02:50:30,42.477481842041,-8.94451522827148,"Unknown"
"9004157",371992,2025-06-18 02:55:30,42.4775505065918,-8.94457530975342,"Unknown"
"9004157",371992,2025-06-18 03:00:30,42.4776039123535,-8.94465065002441,"Unknown"
"9004157",371992,2025-06-18 03:05:30,42.4775619506836,-8.94462394714355,"Unknown"
"9004157",371992,2025-06-18 03:10:30,42.4775733947754,-8.94465446472168,"Unknown"
"9004157",371992,2025-06-18 03:15:30,42.4775009155273,-8.94461250305176,"Unknown"
"9004157",371992,2025-06-18 03:20:30,42.4774856567383,-8.94455337524414,"Unknown"
"9004157",371992,2025-06-18 03:25:30,42.4774551391602,-8.94458484649658,"Unknown"
"9004157",371992,2025-06-18 03:30:30,42.4774284362793,-8.94455242156982,"Unknown"
"9004157",371992,2025-06-18 03:35:30,42.4773788452148,-8.94445705413818,"Unknown"
"9004157",371992,2025-06-18 03:40:30,42.4774017333984,-8.94456958770752,"Unknown"
"9004157",371992,2025-06-18 03:45:30,42.4773941040039,-8.94455432891846,"Unknown"
"9004157",371992,2025-06-18 03:50:30,42.4774398803711,-8.94464683532715,"Unknown"
"9004157",371992,2025-06-18 03:55:30,42.4774169921875,-8.94459629058838,"Unknown"
"9004157",371992,2025-06-18 04:00:19,42.4774551391602,-8.94458770751953,"Unknown"
"9004157",371992,2025-06-18 04:05:19,42.477424621582,-8.9445686340332,"Unknown"
"9004157",371992,2025-06-18 04:10:30,42.4773254394531,-8.94432544708252,"Unknown"
"9004157",371992,2025-06-18 04:15:21,42.4771156311035,-8.9442310333252,"Unknown"
"9004157",371992,2025-06-18 04:20:30,42.4772262573242,-8.94439888000488,"Unknown"
"9004157",371992,2025-06-18 04:25:30,42.4771690368652,-8.94437408447266,"Unknown"
"9004157",371992,2025-06-18 04:30:35,42.477237701416,-8.94429874420166,"Unknown"
"9004157",371992,2025-06-18 04:35:45,42.4773292541504,-8.94465065002441,"Unknown"
"9004157",371992,2025-06-18 04:40:18,42.4774742126465,-8.94435977935791,"Unknown"
"9004157",371992,2025-06-18 04:45:18,42.477611541748,-8.94386672973633,"Unknown"
"9004157",371992,2025-06-18 04:50:19,42.4775314331055,-8.9444637298584,"Unknown"
"9004157",371992,2025-06-18 04:55:21,42.4776840209961,-8.94360637664795,"Unknown"
"9004157",371992,2025-06-18 05:00:19,42.4772987365723,-8.94423294067383,"Unknown"
"9004157",371992,2025-06-18 05:05:19,42.4775428771973,-8.94362545013428,"Unknown"
"9004157",371992,2025-06-18 05:10:30,42.4769515991211,-8.94429206848145,"Unknown"
"9004157",371992,2025-06-18 05:15:19,42.4771537780762,-8.9444055557251,"Unknown"
"9004157",371992,2025-06-18 05:20:19,42.4772720336914,-8.9443416595459,"Unknown"
"9004157",371992,2025-06-18 05:25:19,42.476993560791,-8.94437980651855,"Unknown"
"9004157",371992,2025-06-18 05:30:30,42.4772186279297,-8.94427490234375,"Unknown"
"9004157",371992,2025-06-18 05:35:21,42.4771957397461,-8.94439601898193,"Unknown"
"9004157",371992,2025-06-18 05:40:20,42.4771575927734,-8.94433784484863,"Unknown"
"9004157",371992,2025-06-18 05:45:22,42.4769897460938,-8.94427299499512,"Unknown"
"9004157",371992,2025-06-18 05:50:19,42.4771156311035,-8.9443302154541,"Unknown"
"9004157",371992,2025-06-18 05:55:20,42.4771461486816,-8.94437122344971,"Unknown"
"9004157",371992,2025-06-18 06:00:20,42.4772338867188,-8.94431686401367,"Unknown"
"9004157",371992,2025-06-18 06:05:19,42.4773445129395,-8.94438362121582,"Unknown"
"9004157",371992,2025-06-18 06:10:30,42.4772796630859,-8.94442462921143,"Unknown"
"9004157",371992,2025-06-18 06:15:27,42.4774436950684,-8.94454097747803,"Unknown"
"9004157",371992,2025-06-18 06:20:21,42.477294921875,-8.94428443908691,"Unknown"
"9004157",371992,2025-06-18 06:25:19,42.4772796630859,-8.9442892074585,"Unknown"
"9004157",371992,2025-06-18 06:30:20,42.4772529602051,-8.9442720413208,"Unknown"
"9004157",371992,2025-06-18 06:35:19,42.477180480957,-8.94408893585205,"Unknown"
"9004157",371992,2025-06-18 06:40:18,42.4771842956543,-8.94427013397217,"Unknown"
"9004157",371992,2025-06-18 06:45:30,42.4774131774902,-8.94464683532715,"Unknown"
"9004157",371992,2025-06-18 06:50:32,42.4774856567383,-8.94456100463867,"Unknown"
"9004157",371992,2025-06-18 06:55:23,42.4766693115234,-8.94360637664795,"Unknown"
"9004157",371992,2025-06-18 07:00:34,42.4772834777832,-8.94489765167236,"Unknown"
"9004157",371992,2025-06-18 07:05:44,42.4774017333984,-8.94470024108887,"Unknown"
"9004157",371992,2025-06-18 07:10:20,42.4777069091797,-8.94617652893066,"Unknown"
"9004157",371992,2025-06-18 07:15:20,42.477653503418,-8.94626140594482,"Unknown"
"9004157",371992,2025-06-18 07:20:21,42.4777565002441,-8.94632530212402,"Unknown"
"9004157",371992,2025-06-18 07:25:31,42.4777641296387,-8.94559288024902,"Unknown"
"9004157",371992,2025-06-18 07:30:24,42.4780082702637,-8.9471263885498,"Unknown"
"9004157",371992,2025-06-18 07:35:28,42.4770622253418,-8.94437217712402,"Unknown"
"9004157",371992,2025-06-18 07:40:33,42.4769668579102,-8.94442367553711,"Unknown"
"9004157",371992,2025-06-18 07:45:53,42.4773864746094,-8.94468784332275,"Unknown"
"9004157",371992,2025-06-18 07:50:17,42.4772186279297,-8.94487285614014,"Unknown"
"9004157",371992,2025-06-18 07:55:20,42.4775314331055,-8.94461441040039,"Unknown"
"9004157",371992,2025-06-18 08:00:18,42.4773368835449,-8.944748878479,"Unknown"
"9004157",371992,2025-06-18 08:05:18,42.477409362793,-8.94466018676758,"Unknown"
"9004157",371992,2025-06-18 08:10:17,42.4772186279297,-8.94485187530518,"Unknown"
"9004157",371992,2025-06-18 08:15:18,42.4770584106445,-8.94495010375977,"Unknown"
"9004157",371992,2025-06-18 08:20:18,42.493522644043,-8.90970420837402,"Unknown"
"9004157",371992,2025-06-18 08:25:18,42.495044708252,-8.90598487854004,"Unknown"
"9004157",371992,2025-06-18 08:31:00,42.4948043823242,-8.90608501434326,"Unknown"
"9004157",371992,2025-06-18 08:36:13,42.4947395324707,-8.90610694885254,"Unknown"
"9004157",371992,2025-06-18 08:41:12,42.494743347168,-8.90588474273682,"Unknown"
"9004157",371992,2025-06-18 08:46:41,42.4948196411133,-8.90615940093994,"Unknown"
"9004157",371992,2025-06-18 08:52:28,42.4951095581055,-8.90566158294678,"Unknown"
"9004157",371992,2025-06-18 08:57:46,42.494686126709,-8.90598392486572,"Unknown"
"9004157",371992,2025-06-18 09:03:32,42.4946212768555,-8.90610313415527,"Unknown"
"9004157",371992,2025-06-18 09:08:32,42.4957962036133,-8.90552711486816,"Unknown"
"9004157",371992,2025-06-18 09:13:36,42.4958648681641,-8.90519618988037,"Unknown"
"9004157",371992,2025-06-18 09:18:34,42.4968338012695,-8.8989200592041,"Unknown"
"9004157",371992,2025-06-18 09:23:32,42.4969062805176,-8.89891815185547,"Unknown"
"9004157",371992,2025-06-18 09:28:37,42.4968719482422,-8.89883518218994,"Unknown"
"9004157",371992,2025-06-18 09:33:37,42.4971694946289,-8.89889717102051,"Unknown"
"9004157",371992,2025-06-18 09:38:32,42.4971961975098,-8.89891338348389,"Unknown"
"9004157",371992,2025-06-18 09:43:32,42.4971961975098,-8.89891147613525,"Unknown"
"9004157",371992,2025-06-18 09:48:32,42.4973068237305,-8.89888191223145,"Unknown"
"9004157",371992,2025-06-18 09:53:33,42.4968566894531,-8.90520668029785,"Unknown"
"9004157",371992,2025-06-18 09:59:35,42.4959373474121,-8.90505599975586,"Unknown"
"9004157",371992,2025-06-18 10:04:35,42.4975509643555,-8.89680767059326,"Unknown"
"9004157",371992,2025-06-18 10:10:44,42.5065498352051,-8.87181186676025,"Unknown"
"9004157",371992,2025-06-18 10:16:15,42.5063934326172,-8.87118053436279,"Unknown"
"9004157",371992,2025-06-18 10:22:01,42.5075912475586,-8.8713436126709,"Unknown"
"9004157",371992,2025-06-18 10:29:00,42.5086059570312,-8.87125205993652,"Unknown"
"9004157",371992,2025-06-18 10:34:28,42.5084495544434,-8.87150382995605,"Unknown"
"9004157",371992,2025-06-18 10:39:28,42.5090446472168,-8.87080001831055,"Unknown"
"9004157",371992,2025-06-18 10:45:12,42.5095138549805,-8.87216186523438,"Unknown"
"9004157",371992,2025-06-18 10:50:34,42.5082702636719,-8.87309646606445,"Unknown"
"9004157",371992,2025-06-18 10:56:01,42.5082054138184,-8.87429046630859,"Unknown"
"9004157",371992,2025-06-18 11:01:07,42.5074462890625,-8.87449645996094,"Unknown"
"9004157",371992,2025-06-18 11:06:07,42.5065498352051,-8.87714099884033,"Unknown"
"9004157",371992,2025-06-18 11:11:06,42.5047225952148,-8.88082695007324,"Unknown"
"9004157",371992,2025-06-18 11:16:07,42.5048942565918,-8.88079071044922,"Unknown"
"9004157",371992,2025-06-18 11:21:07,42.5049324035645,-8.88067150115967,"Unknown"
"9004157",371992,2025-06-18 11:26:07,42.5049514770508,-8.88079833984375,"Unknown"
"9004157",371992,2025-06-18 11:31:06,42.5048942565918,-8.88072395324707,"Unknown"
"9004157",371992,2025-06-18 11:36:06,42.5048522949219,-8.88084316253662,"Unknown"
"9004157",371992,2025-06-18 11:41:06,42.5048828125,-8.88078594207764,"Unknown"
"9004157",371992,2025-06-18 11:46:07,42.5049209594727,-8.88084411621094,"Unknown"
"9004157",371992,2025-06-18 11:51:06,42.5049667358398,-8.88083553314209,"Unknown"
"9004157",371992,2025-06-18 11:56:08,42.5049476623535,-8.8808012008667,"Unknown"
"9004157",371992,2025-06-18 12:01:07,42.5048522949219,-8.8808012008667,"Unknown"
"9004157",371992,2025-06-18 12:06:07,42.504810333252,-8.88080310821533,"Unknown"
"9004157",371992,2025-06-18 12:11:07,42.5048561096191,-8.88080024719238,"Unknown"
"9004157",371992,2025-06-18 12:16:07,42.5048179626465,-8.88087368011475,"Unknown"
"9004157",371992,2025-06-18 12:21:07,42.5048751831055,-8.8808765411377,"Unknown"
"9004157",371992,2025-06-18 12:26:06,42.5048942565918,-8.88083744049072,"Unknown"
"9004157",371992,2025-06-18 12:31:06,42.5049247741699,-8.88084602355957,"Unknown"
"9004157",371992,2025-06-18 12:36:07,42.5049591064453,-8.8808765411377,"Unknown"
"9004157",371992,2025-06-18 12:41:06,42.5048904418945,-8.88092994689941,"Unknown"
"9004157",371992,2025-06-18 12:46:12,42.5066070556641,-8.87316417694092,"Unknown"
"9004157",371992,2025-06-18 12:51:19,42.5070114135742,-8.87177276611328,"Unknown"
"9004157",371992,2025-06-18 12:56:52,42.5080223083496,-8.87028789520264,"Unknown"
"9004157",371992,2025-06-18 13:02:13,42.5087013244629,-8.87083435058594,"Unknown"
"9004157",371992,2025-06-18 13:07:33,42.5092430114746,-8.8709192276001,"Unknown"
"9004157",371992,2025-06-18 13:12:50,42.5090484619141,-8.8715124130249,"Unknown"
"9004157",371992,2025-06-18 13:18:10,42.5090980529785,-8.87055969238281,"Unknown"
"9004157",371992,2025-06-18 13:23:38,42.5096282958984,-8.87165260314941,"Unknown"
"9004157",371992,2025-06-18 13:29:17,42.5099220275879,-8.87244510650635,"Unknown"
"9004157",371992,2025-06-18 13:34:42,42.5102386474609,-8.87400245666504,"Unknown"
"9004157",371992,2025-06-18 13:39:48,42.5105819702148,-8.87545394897461,"Unknown"
"9004157",371992,2025-06-18 13:45:34,42.5099449157715,-8.87538909912109,"Unknown"
"9004157",371992,2025-06-18 13:50:34,42.509708404541,-8.87508296966553,"Unknown"
"9004157",371992,2025-06-18 13:56:34,42.5109481811523,-8.8750114440918,"Unknown"
"9004157",371992,2025-06-18 14:01:40,42.5110893249512,-8.87677574157715,"Unknown"
"9004157",371992,2025-06-18 14:06:39,42.5109214782715,-8.877121925354,"Unknown"
"9004157",371992,2025-06-18 14:12:12,42.5105018615723,-8.87561702728271,"Unknown"
"9004157",371992,2025-06-18 14:17:20,42.5098495483398,-8.87317752838135,"Unknown"
"9004157",371992,2025-06-18 14:22:20,42.5088500976562,-8.87245559692383,"Unknown"
"9004157",371992,2025-06-18 14:27:36,42.5080604553223,-8.87174987792969,"Unknown"
"9004157",371992,2025-06-18 14:32:58,42.5080070495605,-8.87044620513916,"Unknown"
"9004157",371992,2025-06-18 14:38:21,42.5091857910156,-8.87132549285889,"Unknown"
"9004157",371992,2025-06-18 14:43:30,42.509407043457,-8.87198638916016,"Unknown"
"9004157",371992,2025-06-18 14:49:01,42.509521484375,-8.87146472930908,"Unknown"
"9004157",371992,2025-06-18 14:53:58,42.5081329345703,-8.87112903594971,"Unknown"
"9004157",371992,2025-06-18 14:59:04,42.5062713623047,-8.87144756317139,"Unknown"
"9004157",371992,2025-06-18 15:04:09,42.5074081420898,-8.87114810943604,"Unknown"
"9004157",371992,2025-06-18 15:09:42,42.5086364746094,-8.87028694152832,"Unknown"
"9004157",371992,2025-06-18 15:14:43,42.5076484680176,-8.87010192871094,"Unknown"
"9004157",371992,2025-06-18 15:20:21,42.5078620910645,-8.87195587158203,"Unknown"
"9004157",371992,2025-06-18 15:25:55,42.5092735290527,-8.87101650238037,"Unknown"
"9004157",371992,2025-06-18 15:31:13,42.5086898803711,-8.87052059173584,"Unknown"
"9004157",371992,2025-06-18 15:36:36,42.5096588134766,-8.87165832519531,"Unknown"
"9004157",371992,2025-06-18 15:41:43,42.5087394714355,-8.87279796600342,"Unknown"
"9004157",371992,2025-06-18 15:46:57,42.5076522827148,-8.87475872039795,"Unknown"
"9004157",371992,2025-06-18 15:51:57,42.5050430297852,-8.87939929962158,"Unknown"
"9004157",371992,2025-06-18 15:56:56,42.5050506591797,-8.87944221496582,"Unknown"
"9004157",371992,2025-06-18 16:01:56,42.5051345825195,-8.87939071655273,"Unknown"
"9004157",371992,2025-06-18 16:06:56,42.5050888061523,-8.87934398651123,"Unknown"
"9004157",371992,2025-06-18 16:11:56,42.5051155090332,-8.87934970855713,"Unknown"
"9004157",371992,2025-06-18 16:16:58,42.5051536560059,-8.87919998168945,"Unknown"
"9004157",371992,2025-06-18 16:21:56,42.5050811767578,-8.87932872772217,"Unknown"
"9004157",371992,2025-06-18 16:26:56,42.5051078796387,-8.87938404083252,"Unknown"
"9004157",371992,2025-06-18 16:31:56,42.5050201416016,-8.87932872772217,"Unknown"
"9004157",371992,2025-06-18 16:36:56,42.505069732666,-8.879319190979,"Unknown"
"9004157",371992,2025-06-18 16:41:57,42.5050735473633,-8.87933444976807,"Unknown"
"9004157",371992,2025-06-18 16:46:57,42.5050354003906,-8.87926483154297,"Unknown"
"9004157",371992,2025-06-18 16:51:57,42.505126953125,-8.87941074371338,"Unknown"
"9004157",371992,2025-06-18 16:56:56,42.5051803588867,-8.87944030761719,"Unknown"
"9004157",371992,2025-06-18 17:01:56,42.5051498413086,-8.87946701049805,"Unknown"
"9004157",371992,2025-06-18 17:06:56,42.505199432373,-8.87959384918213,"Unknown"
"9004157",371992,2025-06-18 17:11:56,42.5052146911621,-8.87964630126953,"Unknown"
"9004157",371992,2025-06-18 17:17:00,42.5050926208496,-8.87949562072754,"Unknown"
"9004157",371992,2025-06-18 17:21:56,42.5052032470703,-8.87967586517334,"Unknown"
"9004157",371992,2025-06-18 17:26:56,42.5051078796387,-8.87959480285645,"Unknown"
"9004157",371992,2025-06-18 17:31:56,42.5052337646484,-8.8796854019165,"Unknown"
"9004157",371992,2025-06-18 17:36:57,42.5052261352539,-8.87968349456787,"Unknown"
"9004157",371992,2025-06-18 17:41:56,42.5051307678223,-8.87957572937012,"Unknown"
"9004157",371992,2025-06-18 17:46:56,42.5052337646484,-8.87963771820068,"Unknown"
"9004157",371992,2025-06-18 17:51:56,42.5051193237305,-8.87954044342041,"Unknown"
"9004157",371992,2025-06-18 17:56:56,42.5051345825195,-8.87953948974609,"Unknown"
"9004157",371992,2025-06-18 18:01:56,42.5051040649414,-8.87953472137451,"Unknown"
"9004157",371992,2025-06-18 18:06:56,42.5050277709961,-8.87939643859863,"Unknown"
"9004157",371992,2025-06-18 18:11:57,42.5050888061523,-8.8795166015625,"Unknown"
"9004157",371992,2025-06-18 18:16:56,42.5051193237305,-8.87960624694824,"Unknown"
"9004157",371992,2025-06-18 18:21:56,42.5052680969238,-8.87973213195801,"Unknown"
"9004157",371992,2025-06-18 18:26:56,42.48974609375,-8.9011173248291,"Unknown"
"9004157",371992,2025-06-18 18:31:56,42.4774780273438,-8.94462108612061,"Unknown"
"9004157",371992,2025-06-18 18:36:56,42.4776611328125,-8.94471454620361,"Unknown"
"9004157",371992,2025-06-18 18:41:58,42.4777297973633,-8.94471740722656,"Unknown"
"9004157",371992,2025-06-18 18:46:58,42.4777030944824,-8.94476509094238,"Unknown"
"9004157",371992,2025-06-18 18:52:08,42.4775428771973,-8.94480895996094,"Unknown"
"9004157",371992,2025-06-18 18:57:14,42.4774398803711,-8.94477462768555,"Unknown"
"9004157",371992,2025-06-18 19:01:59,42.4772644042969,-8.94491291046143,"Unknown"
"9004157",371992,2025-06-18 19:07:04,42.4775505065918,-8.9448823928833,"Unknown"
"9004157",371992,2025-06-18 19:11:56,42.4773826599121,-8.94488906860352,"Unknown"
"9004157",371992,2025-06-18 19:16:56,42.4775390625,-8.94486618041992,"Unknown"
"9004157",371992,2025-06-18 19:22:00,42.4773063659668,-8.94518661499023,"Unknown"
"9004157",371992,2025-06-18 19:26:56,42.4772834777832,-8.94507694244385,"Unknown"
"9004157",371992,2025-06-18 19:31:56,42.4774131774902,-8.94495868682861,"Unknown"
"9004157",371992,2025-06-18 19:36:57,42.4771690368652,-8.94515991210938,"Unknown"
"9004157",371992,2025-06-18 19:41:57,42.4772415161133,-8.94485759735107,"Unknown"
"9004157",371992,2025-06-18 19:46:56,42.4758987426758,-8.94624710083008,"Unknown"
"9004157",371992,2025-06-18 19:51:57,42.4756126403809,-8.94627666473389,"Unknown"
"9004157",371992,2025-06-18 19:56:56,42.4761772155762,-8.94588661193848,"Unknown"
"9004157",371992,2025-06-18 20:01:57,42.4775161743164,-8.94475746154785,"Unknown"
"9004157",371992,2025-06-18 20:06:56,42.4779434204102,-8.94441032409668,"Unknown"
"9004157",371992,2025-06-18 20:11:57,42.4780616760254,-8.94434261322021,"Unknown"
"9004157",371992,2025-06-18 20:16:56,42.477954864502,-8.94451141357422,"Unknown"
"9004157",371992,2025-06-18 20:22:00,42.4786987304688,-8.94393348693848,"Unknown"
"9004157",371992,2025-06-18 20:26:56,42.4782180786133,-8.94429969787598,"Unknown"
"9004157",371992,2025-06-18 20:31:56,42.4781303405762,-8.94436168670654,"Unknown"
"9004157",371992,2025-06-18 20:36:56,42.4780769348145,-8.94442272186279,"Unknown"
"9004157",371992,2025-06-18 20:41:58,42.478084564209,-8.94446563720703,"Unknown"
"9004157",371992,2025-06-18 20:46:57,42.4780387878418,-8.94452285766602,"Unknown"
"9004157",371992,2025-06-18 20:51:56,42.4779815673828,-8.94452381134033,"Unknown"
"9004157",371992,2025-06-18 20:56:56,42.4779281616211,-8.94460010528564,"Unknown"
"9004157",371992,2025-06-18 21:01:56,42.4779586791992,-8.94457530975342,"Unknown"
"9004157",371992,2025-06-18 21:06:56,42.4779777526855,-8.94458198547363,"Unknown"
"9004157",371992,2025-06-18 21:11:57,42.4779815673828,-8.94457626342773,"Unknown"
"9004157",371992,2025-06-18 21:16:56,42.4779968261719,-8.94458866119385,"Unknown"
"9004157",371992,2025-06-18 21:21:56,42.4779815673828,-8.9446382522583,"Unknown"
"9004157",371992,2025-06-18 21:26:59,42.4782028198242,-8.94464492797852,"Unknown"
"9004157",371992,2025-06-18 21:31:58,42.4781455993652,-8.94465923309326,"Unknown"
"9004157",371992,2025-06-18 21:36:55,42.4780426025391,-8.94469928741455,"Unknown"
"9004157",371992,2025-06-18 21:41:55,42.4781112670898,-8.94476699829102,"Unknown"
"9004157",371992,2025-06-18 21:46:59,42.4782638549805,-8.944748878479,"Unknown"
"9004157",371992,2025-06-18 21:51:58,42.4782295227051,-8.94486141204834,"Unknown"
"9004157",371992,2025-06-18 21:57:00,42.4778480529785,-8.94460201263428,"Unknown"
"9004157",371992,2025-06-18 22:01:56,42.4779319763184,-8.944655418396,"Unknown"
"9004157",371992,2025-06-18 22:06:56,42.47802734375,-8.94475173950195,"Unknown"
"9004157",371992,2025-06-18 22:11:57,42.4780235290527,-8.94487380981445,"Unknown"
"9004157",371992,2025-06-18 22:17:08,42.4771423339844,-8.94372749328613,"Unknown"
"9004157",371992,2025-06-18 22:21:58,42.477409362793,-8.94454574584961,"Unknown"
"9004157",371992,2025-06-18 22:26:57,42.4774703979492,-8.94448661804199,"Unknown"
"9004157",371992,2025-06-18 22:31:57,42.4773750305176,-8.94462108612061,"Unknown"
"9004157",371992,2025-06-18 22:36:57,42.4774360656738,-8.94454956054688,"Unknown"
"9004157",371992,2025-06-18 22:41:56,42.4774742126465,-8.94454288482666,"Unknown"
"9004157",371992,2025-06-18 22:46:56,42.4774932861328,-8.9445161819458,"Unknown"
"9004157",371992,2025-06-18 22:51:55,42.4775123596191,-8.94448852539062,"Unknown"
"9004157",371992,2025-06-18 22:56:56,42.4774589538574,-8.944580078125,"Unknown"
"9004157",371992,2025-06-18 23:01:56,42.4776153564453,-8.94440078735352,"Unknown"
"9004157",371992,2025-06-18 23:07:04,42.4774627685547,-8.9441089630127,"Unknown"
"9004157",371992,2025-06-18 23:12:00,42.4769172668457,-8.94464683532715,"Unknown"
"9004157",371992,2025-06-18 23:16:57,42.4771766662598,-8.94465255737305,"Unknown"
"9004157",371992,2025-06-18 23:22:08,42.4789352416992,-8.94386577606201,"Unknown"
"9004157",371992,2025-06-18 23:27:07,42.4794540405273,-8.94374656677246,"Unknown"
"9004157",371992,2025-06-18 23:32:00,42.4777717590332,-8.94427871704102,"Unknown"
"9004157",371992,2025-06-18 23:37:00,42.4778785705566,-8.9442777633667,"Unknown"
"9004157",371992,2025-06-18 23:41:57,42.4778480529785,-8.94441699981689,"Unknown"
"9004157",371992,2025-06-18 23:46:57,42.4778747558594,-8.94441413879395,"Unknown"
"9004157",371992,2025-06-18 23:51:56,42.4778327941895,-8.94454669952393,"Unknown"
"9004157",371992,2025-06-18 23:56:56,42.4778213500977,-8.94461727142334,"Unknown"
"9004157",371992,2025-06-19 00:02:02,42.4775047302246,-8.9444522857666,"Unknown"
"9004157",371992,2025-06-19 00:07:14,42.4776992797852,-8.94437599182129,"Unknown"
"9004157",371992,2025-06-19 00:11:59,42.4777679443359,-8.94464302062988,"Unknown"
"9004157",371992,2025-06-19 00:16:59,42.477596282959,-8.94441223144531,"Unknown"
"9004157",371992,2025-06-19 00:21:57,42.4778671264648,-8.94471454620361,"Unknown"
"9004157",371992,2025-06-19 00:27:06,42.4774169921875,-8.94443511962891,"Unknown"
"9004157",371992,2025-06-19 00:32:05,42.4775772094727,-8.94451904296875,"Unknown"
"9004157",371992,2025-06-19 00:37:08,42.4776954650879,-8.94449901580811,"Unknown"
"9004157",371992,2025-06-19 00:41:58,42.4776992797852,-8.944899559021,"Unknown"
"9004157",371992,2025-06-19 00:47:26,42.4776420593262,-8.94474411010742,"Unknown"
"9004157",371992,2025-06-19 00:51:56,42.4773941040039,-8.94459342956543,"Unknown"
"9004157",371992,2025-06-19 00:56:58,42.4778137207031,-8.94475841522217,"Unknown"
"9004157",371992,2025-06-19 01:01:56,42.4777221679688,-8.94473934173584,"Unknown"
"9004157",371992,2025-06-19 01:06:56,42.4775695800781,-8.94463157653809,"Unknown"
"9004157",371992,2025-06-19 01:11:56,42.4775543212891,-8.94467449188232,"Unknown"
"9004157",371992,2025-06-19 01:16:56,42.4774932861328,-8.94467544555664,"Unknown"
"9004157",371992,2025-06-19 01:21:57,42.4773750305176,-8.94451808929443,"Unknown"
"9004157",371992,2025-06-19 01:26:56,42.4775161743164,-8.9446496963501,"Unknown"
"9004157",371992,2025-06-19 01:31:57,42.4775352478027,-8.94466209411621,"Unknown"
"9004157",371992,2025-06-19 01:36:55,42.4776954650879,-8.94483661651611,"Unknown"
"9004157",371992,2025-06-19 01:41:56,42.4776763916016,-8.94472789764404,"Unknown"
"9004157",371992,2025-06-19 01:46:55,42.4777183532715,-8.9448127746582,"Unknown"
"9004157",371992,2025-06-19 01:51:55,42.4776916503906,-8.94475746154785,"Unknown"
"9004157",371992,2025-06-19 01:56:55,42.4776725769043,-8.94482707977295,"Unknown"
"9004157",371992,2025-06-19 02:01:56,42.4777755737305,-8.94487380981445,"Unknown"
"9004157",371992,2025-06-19 02:06:55,42.4776611328125,-8.94481945037842,"Unknown"
"9004157",371992,2025-06-19 02:11:55,42.4776611328125,-8.9449577331543,"Unknown"
"9004157",371992,2025-06-19 02:16:55,42.4775657653809,-8.94499588012695,"Unknown"
"9004157",371992,2025-06-19 02:21:55,42.4776458740234,-8.94489860534668,"Unknown"
"9004157",371992,2025-06-19 02:26:56,42.4777450561523,-8.94496726989746,"Unknown"
"9004157",371992,2025-06-19 02:31:55,42.4776878356934,-8.94487571716309,"Unknown"
"9004157",371992,2025-06-19 02:36:55,42.4775238037109,-8.94478607177734,"Unknown"
"9004157",371992,2025-06-19 02:41:55,42.4775695800781,-8.94492340087891,"Unknown"
"9004157",371992,2025-06-19 02:46:55,42.4774475097656,-8.94473838806152,"Unknown"
"9004157",371992,2025-06-19 02:51:55,42.4776992797852,-8.94489574432373,"Unknown"
"9004157",371992,2025-06-19 02:56:55,42.4775428771973,-8.94471454620361,"Unknown"
"9004157",371992,2025-06-19 03:02:05,42.4775352478027,-8.94486236572266,"Unknown"
"9004157",371992,2025-06-19 03:07:03,42.4771842956543,-8.94465351104736,"Unknown"
"9004157",371992,2025-06-19 03:12:05,42.4774589538574,-8.94486331939697,"Unknown"
"9004157",371992,2025-06-19 03:16:59,42.4776878356934,-8.945068359375,"Unknown"
"9004157",371992,2025-06-19 03:21:55,42.4776268005371,-8.94482040405273,"Unknown"
"9004157",371992,2025-06-19 03:26:55,42.4775047302246,-8.94482803344727,"Unknown"
"9004157",371992,2025-06-19 03:31:55,42.4775695800781,-8.94488334655762,"Unknown"
"9004157",371992,2025-06-19 03:36:55,42.4775047302246,-8.94475841522217,"Unknown"
"9004157",371992,2025-06-19 03:41:55,42.4775390625,-8.94483757019043,"Unknown"
"9004157",371992,2025-06-19 03:46:55,42.4773788452148,-8.94469738006592,"Unknown"
"9004157",371992,2025-06-19 03:51:57,42.4770011901855,-8.94442176818848,"Unknown"
"9004157",371992,2025-06-19 03:57:09,42.4766235351562,-8.94459533691406,"Unknown"
"9004157",371992,2025-06-19 04:01:58,42.4773101806641,-8.94462013244629,"Unknown"
"9004157",371992,2025-06-19 04:07:13,42.4776344299316,-8.94484329223633,"Unknown"
"9004157",371992,2025-06-19 04:12:22,42.4775657653809,-8.94474029541016,"Unknown"
"9004157",371992,2025-06-19 04:17:07,42.4776039123535,-8.94521808624268,"Unknown"
"9004157",371992,2025-06-19 04:21:58,42.476936340332,-8.94511985778809,"Unknown"
"9004157",371992,2025-06-19 04:27:20,42.4775505065918,-8.94440841674805,"Unknown"
"9004157",371992,2025-06-19 04:32:06,42.4775123596191,-8.9447021484375,"Unknown"
"9004157",371992,2025-06-19 04:37:13,42.4776191711426,-8.94423007965088,"Unknown"
"9004157",371992,2025-06-19 04:42:11,42.4776649475098,-8.94426441192627,"Unknown"
"9004157",371992,2025-06-19 04:47:14,42.4776039123535,-8.94503593444824,"Unknown"
"9004157",371992,2025-06-19 04:51:57,42.4776725769043,-8.94473648071289,"Unknown"
"9004157",371992,2025-06-19 04:56:57,42.477611541748,-8.94496822357178,"Unknown"
"9004157",371992,2025-06-19 05:02:06,42.477481842041,-8.944748878479,"Unknown"
"9004157",371992,2025-06-19 05:06:59,42.4772071838379,-8.94442176818848,"Unknown"
"9004157",371992,2025-06-19 05:12:06,42.4772644042969,-8.94458866119385,"Unknown"
"9004157",371992,2025-06-19 05:17:06,42.4774322509766,-8.94487953186035,"Unknown"
"9004157",371992,2025-06-19 05:22:10,42.4773368835449,-8.94431972503662,"Unknown"
"9004157",371992,2025-06-19 05:26:56,42.4774703979492,-8.94478034973145,"Unknown"
"9004157",371992,2025-06-19 05:31:55,42.4773139953613,-8.94433403015137,"Unknown"
"9004157",371992,2025-06-19 05:36:55,42.4771919250488,-8.94419288635254,"Unknown"
"9004157",371992,2025-06-19 05:41:59,42.477352142334,-8.9446268081665,"Unknown"
"9004157",371992,2025-06-19 05:47:28,42.4773979187012,-8.94467639923096,"Unknown"
"9004157",371992,2025-06-19 05:51:56,42.4774513244629,-8.9446907043457,"Unknown"
"9004157",371992,2025-06-19 05:56:55,42.4774780273438,-8.94466876983643,"Unknown"
"9004157",371992,2025-06-19 06:01:54,42.4774475097656,-8.94472599029541,"Unknown"
"9004157",371992,2025-06-19 06:06:59,42.4773445129395,-8.94464492797852,"Unknown"
"9004157",371992,2025-06-19 06:11:56,42.4774703979492,-8.94469165802002,"Unknown"
"9004157",371992,2025-06-19 06:16:57,42.4774208068848,-8.94466114044189,"Unknown"
"9004157",371992,2025-06-19 06:21:56,42.4773902893066,-8.94468784332275,"Unknown"
"9004157",371992,2025-06-19 06:26:54,42.4772338867188,-8.94433975219727,"Unknown"
"9004157",371992,2025-06-19 06:32:04,42.4773063659668,-8.94477844238281,"Unknown"
"9004157",371992,2025-06-19 06:37:06,42.4773635864258,-8.94473648071289,"Unknown"
"9004157",371992,2025-06-19 06:41:57,42.4772872924805,-8.94456386566162,"Unknown"
"9004157",371992,2025-06-19 06:46:58,42.4771919250488,-8.94429969787598,"Unknown"
"9004157",371992,2025-06-19 06:52:00,42.477108001709,-8.94447898864746,"Unknown"
"9004157",371992,2025-06-19 06:57:06,42.4773826599121,-8.94460773468018,"Unknown"
"9004157",371992,2025-06-19 07:02:01,42.4773826599121,-8.94476318359375,"Unknown"
"9004157",371992,2025-06-19 07:06:58,42.477424621582,-8.9450216293335,"Unknown"
"9004157",371992,2025-06-19 07:11:58,42.4773979187012,-8.94504547119141,"Unknown"
"9004157",371992,2025-06-19 07:16:57,42.4946098327637,-8.90828418731689,"Unknown"
"9004157",371992,2025-06-19 07:21:55,42.4955673217773,-8.90524959564209,"Unknown"
"9004157",371992,2025-06-19 07:27:25,42.5073547363281,-8.87324523925781,"Unknown"
"9004157",371992,2025-06-19 07:32:25,42.5079307556152,-8.87099456787109,"Unknown"
"9004157",371992,2025-06-19 07:37:23,42.5087089538574,-8.87162208557129,"Unknown"
"9004157",371992,2025-06-19 07:42:23,42.5096778869629,-8.8715124130249,"Unknown"
"9004157",371992,2025-06-19 07:48:06,42.5087280273438,-8.87127494812012,"Unknown"
"9004157",371992,2025-06-19 07:53:07,42.5070152282715,-8.87165355682373,"Unknown"
"9004157",371992,2025-06-19 07:58:18,42.5068168640137,-8.87154483795166,"Unknown"
"9004157",371992,2025-06-19 08:03:24,42.5080718994141,-8.87057113647461,"Unknown"
"9004157",371992,2025-06-19 08:08:49,42.5093193054199,-8.87066650390625,"Unknown"
"9004157",371992,2025-06-19 08:14:28,42.5103759765625,-8.87156295776367,"Unknown"
"9004157",371992,2025-06-19 08:20:37,42.5096092224121,-8.87244701385498,"Unknown"
"9004157",371992,2025-06-19 08:25:35,42.5095367431641,-8.87307548522949,"Unknown"
"9004157",371992,2025-06-19 08:35:10,42.5069732666016,-8.87375831604004,"Unknown"
"9004157",371992,2025-06-19 08:40:57,42.5076026916504,-8.8719367980957,"Unknown"
"9004157",371992,2025-06-19 08:46:09,42.5088043212891,-8.87208938598633,"Unknown"
"9004157",371992,2025-06-19 08:51:23,42.5094680786133,-8.87264347076416,"Unknown"
"9004157",371992,2025-06-19 08:56:42,42.5104904174805,-8.87345790863037,"Unknown"
"9004157",371992,2025-06-19 09:03:40,42.5105209350586,-8.87513542175293,"Unknown"
"9004157",371992,2025-06-19 09:18:47,42.5079193115234,-8.8721284866333,"Unknown"
"9004157",371992,2025-06-19 09:25:29,42.5086975097656,-8.87009048461914,"Unknown"
"9004157",371992,2025-06-19 09:30:58,42.5078048706055,-8.86987400054932,"Unknown"
"9004157",371992,2025-06-19 09:36:27,42.5085067749023,-8.87000846862793,"Unknown"
"9004157",371992,2025-06-19 09:41:38,42.5090026855469,-8.871657371521,"Unknown"
"9004157",371992,2025-06-19 09:46:54,42.5102119445801,-8.87191295623779,"Unknown"
"9004157",371992,2025-06-19 09:52:21,42.5099296569824,-8.87001323699951,"Unknown"
"9004157",371992,2025-06-19 09:57:24,42.5105590820312,-8.86996364593506,"Unknown"
"9004157",371992,2025-06-19 10:02:34,42.5175819396973,-8.86811923980713,"Unknown"
"9004157",371992,2025-06-19 10:07:22,42.5179405212402,-8.86780452728271,"Unknown"
"9004157",371992,2025-06-19 10:12:21,42.5179481506348,-8.86785316467285,"Unknown"
"9004157",371992,2025-06-19 10:17:41,42.5179710388184,-8.86834812164307,"Unknown"
"9004157",371992,2025-06-19 10:22:19,42.5176124572754,-8.86821746826172,"Unknown"
"9004157",371992,2025-06-19 10:27:19,42.5177612304688,-8.86830806732178,"Unknown"
"9004157",371992,2025-06-19 10:32:22,42.5175285339355,-8.86822414398193,"Unknown"
"9004157",371992,2025-06-19 10:37:19,42.5177040100098,-8.86824226379395,"Unknown"
"9004157",371992,2025-06-19 10:42:19,42.5175704956055,-8.86808586120605,"Unknown"
"9004157",371992,2025-06-19 10:47:43,42.5177955627441,-8.86827754974365,"Unknown"
"9004157",371992,2025-06-19 10:52:19,42.5177917480469,-8.86831855773926,"Unknown"
"9004157",371992,2025-06-19 10:57:19,42.5177612304688,-8.86828708648682,"Unknown"
"9004157",371992,2025-06-19 11:02:42,42.5173683166504,-8.8684196472168,"Unknown"
"9004157",371992,2025-06-19 11:07:42,42.5174942016602,-8.86845588684082,"Unknown"
"9004157",371992,2025-06-19 11:12:42,42.5174026489258,-8.86845302581787,"Unknown"
"9004157",371992,2025-06-19 11:17:42,42.5173530578613,-8.86836338043213,"Unknown"
"9004157",371992,2025-06-19 11:22:42,42.517463684082,-8.86829853057861,"Unknown"
"9004157",371992,2025-06-19 11:27:42,42.5174407958984,-8.8683614730835,"Unknown"
"9004157",371992,2025-06-19 11:32:56,42.519214630127,-8.86807155609131,"Unknown"
"9004157",371992,2025-06-19 11:37:48,42.517749786377,-8.86816501617432,"Unknown"
"9004157",371992,2025-06-19 11:42:46,42.5175437927246,-8.86814785003662,"Unknown"
"9004157",371992,2025-06-19 11:48:04,42.5171241760254,-8.86948108673096,"Unknown"
"9004157",371992,2025-06-19 11:58:25,42.5074615478516,-8.87045097351074,"Unknown"
"9004157",371992,2025-06-19 12:03:39,42.5080032348633,-8.86991786956787,"Unknown"
"9004157",371992,2025-06-19 12:10:40,42.5067176818848,-8.87252140045166,"Unknown"
"9004157",371992,2025-06-19 12:19:28,42.5066795349121,-8.87213325500488,"Unknown"
"9004157",371992,2025-06-19 12:24:59,42.5075416564941,-8.87229442596436,"Unknown"
"9004157",371992,2025-06-19 12:33:34,42.5077247619629,-8.871901512146,"Unknown"
"9004157",371992,2025-06-19 12:41:59,42.5087089538574,-8.87235641479492,"Unknown"
"9004157",371992,2025-06-19 12:56:06,42.5062866210938,-8.87802791595459,"Unknown"
"9004157",371992,2025-06-19 13:00:33,42.505054473877,-8.88120079040527,"Unknown"
"9004157",371992,2025-06-19 13:05:00,42.5049362182617,-8.88110446929932,"Unknown"
"9004157",371992,2025-06-19 13:10:00,42.5047492980957,-8.88139629364014,"Unknown"
"9004157",371992,2025-06-19 13:15:00,42.5047836303711,-8.88144397735596,"Unknown"
"9004157",371992,2025-06-19 13:20:00,42.5047569274902,-8.88146877288818,"Unknown"
"9004157",371992,2025-06-19 13:25:00,42.5047836303711,-8.88148021697998,"Unknown"
"9004157",371992,2025-06-19 13:30:00,42.5047569274902,-8.88138008117676,"Unknown"
"9004157",371992,2025-06-19 13:35:00,42.5047874450684,-8.88143062591553,"Unknown"
"9004157",371992,2025-06-19 13:40:00,42.5047836303711,-8.88138771057129,"Unknown"
"9004157",371992,2025-06-19 13:45:00,42.5048370361328,-8.88133907318115,"Unknown"
"9004157",371992,2025-06-19 13:50:00,42.5048027038574,-8.88127517700195,"Unknown"
"9004157",371992,2025-06-19 13:55:00,42.5048294067383,-8.88126277923584,"Unknown"
"9004157",371992,2025-06-19 14:00:00,42.5048294067383,-8.88102912902832,"Unknown"
"9004157",371992,2025-06-19 14:05:00,42.5048065185547,-8.88095569610596,"Unknown"
"9004157",371992,2025-06-19 14:10:00,42.504810333252,-8.88090038299561,"Unknown"
"9004157",371992,2025-06-19 14:15:00,42.5048179626465,-8.88076305389404,"Unknown"
"9004157",371992,2025-06-19 14:20:03,42.5048599243164,-8.88094139099121,"Unknown"
"9004157",371992,2025-06-19 14:25:00,42.5048561096191,-8.88100433349609,"Unknown"
"9004157",371992,2025-06-19 14:30:01,42.5048637390137,-8.88103485107422,"Unknown"
"9004157",371992,2025-06-19 14:35:02,42.5048942565918,-8.88069152832031,"Unknown"
"9004157",371992,2025-06-19 14:40:03,42.5049171447754,-8.88069629669189,"Unknown"
"9004157",371992,2025-06-19 14:45:02,42.5048217773438,-8.88066101074219,"Unknown"
"9004157",371992,2025-06-19 14:50:05,42.511173248291,-8.88119125366211,"Unknown"
"9004157",371992,2025-06-19 14:55:13,42.5115661621094,-8.88361072540283,"Unknown"
"9004157",371992,2025-06-19 15:01:16,42.5111846923828,-8.88423633575439,"Unknown"
"9004157",371992,2025-06-19 15:06:38,42.5108985900879,-8.88354587554932,"Unknown"
"9004157",371992,2025-06-19 15:12:07,42.5097465515137,-8.88471984863281,"Unknown"
"9004157",371992,2025-06-19 15:17:15,42.5094299316406,-8.88549041748047,"Unknown"
"9004157",371992,2025-06-19 15:23:02,42.5084953308105,-8.88729572296143,"Unknown"
"9004157",371992,2025-06-19 15:29:28,42.5072555541992,-8.88933753967285,"Unknown"
"9004157",371992,2025-06-19 15:33:52,42.5074577331543,-8.88982105255127,"Unknown"
"9004157",371992,2025-06-19 15:38:53,42.5074996948242,-8.88968086242676,"Unknown"
"9004157",371992,2025-06-19 15:43:50,42.5074996948242,-8.88941860198975,"Unknown"
"9004157",371992,2025-06-19 15:48:55,42.5074577331543,-8.88959884643555,"Unknown"
"9004157",371992,2025-06-19 15:53:53,42.5074157714844,-8.88973236083984,"Unknown"
"9004157",371992,2025-06-19 15:59:19,42.5073585510254,-8.88951873779297,"Unknown"
"9004157",371992,2025-06-19 16:03:50,42.5074081420898,-8.88958072662354,"Unknown"
"9004157",371992,2025-06-19 16:08:50,42.5073394775391,-8.88951587677002,"Unknown"
"9004157",371992,2025-06-19 16:13:50,42.5073280334473,-8.88954734802246,"Unknown"
"9004157",371992,2025-06-19 16:18:50,42.5073699951172,-8.8895435333252,"Unknown"
"9004157",371992,2025-06-19 16:23:50,42.5073547363281,-8.88958358764648,"Unknown"
"9004157",371992,2025-06-19 16:28:50,42.5073623657227,-8.88951778411865,"Unknown"
"9004157",371992,2025-06-19 16:33:50,42.5075187683105,-8.88990116119385,"Unknown"
"9004157",371992,2025-06-19 16:38:50,42.5074310302734,-8.88965129852295,"Unknown"
"9004157",371992,2025-06-19 16:43:51,42.5071220397949,-8.88930225372314,"Unknown"
"9004157",371992,2025-06-19 16:48:50,42.5071449279785,-8.88931941986084,"Unknown"
"9004157",371992,2025-06-19 16:53:50,42.507194519043,-8.88932704925537,"Unknown"
"9004157",371992,2025-06-19 16:58:55,42.5071983337402,-8.88929080963135,"Unknown"
"9004157",371992,2025-06-19 17:03:50,42.5071640014648,-8.88930702209473,"Unknown"
"9004157",371992,2025-06-19 17:08:50,42.5071449279785,-8.88934516906738,"Unknown"
"9004157",371992,2025-06-19 17:13:59,42.5103149414062,-8.88447952270508,"Unknown"
"9004157",371992,2025-06-19 17:20:00,42.5102615356445,-8.88384628295898,"Unknown"
"9004157",371992,2025-06-19 17:24:58,42.5090751647949,-8.88522720336914,"Unknown"
"9004157",371992,2025-06-19 17:29:47,42.5072326660156,-8.88880825042725,"Unknown"
"9004157",371992,2025-06-19 17:34:47,42.5071640014648,-8.88889408111572,"Unknown"
"9004157",371992,2025-06-19 17:39:47,42.5072441101074,-8.88880825042725,"Unknown"
"9004157",371992,2025-06-19 17:45:05,42.5074501037598,-8.88910961151123,"Unknown"
"9004157",371992,2025-06-19 17:49:51,42.5074768066406,-8.889084815979,"Unknown"
"9004157",371992,2025-06-19 17:54:47,42.5076751708984,-8.88881587982178,"Unknown"
"9004157",371992,2025-06-19 17:59:56,42.5077056884766,-8.88900184631348,"Unknown"
"9004157",371992,2025-06-19 18:05:00,42.5077095031738,-8.88897037506104,"Unknown"
"9004157",371992,2025-06-19 18:10:12,42.5071907043457,-8.88905620574951,"Unknown"
"9004157",371992,2025-06-19 18:14:47,42.5071029663086,-8.88909816741943,"Unknown"
"9004157",371992,2025-06-19 18:19:47,42.5069236755371,-8.88921356201172,"Unknown"
"9004157",371992,2025-06-19 18:24:47,42.5071868896484,-8.88913726806641,"Unknown"
"9004157",371992,2025-06-19 18:29:47,42.5070457458496,-8.88910484313965,"Unknown"
"9004157",371992,2025-06-19 18:34:47,42.5070724487305,-8.88908863067627,"Unknown"
"9004157",371992,2025-06-19 18:39:47,42.5069694519043,-8.88907432556152,"Unknown"
"9004157",371992,2025-06-19 18:44:47,42.5069999694824,-8.88919162750244,"Unknown"
"9004157",371992,2025-06-19 18:49:50,42.5069885253906,-8.88893795013428,"Unknown"
"9004157",371992,2025-06-19 18:54:56,42.5069274902344,-8.88887691497803,"Unknown"
"9004157",371992,2025-06-19 19:00:04,42.5069885253906,-8.88884353637695,"Unknown"
"9004157",371992,2025-06-19 19:04:57,42.4946975708008,-8.90982055664062,"Unknown"
"9004157",371992,2025-06-19 19:09:56,42.4771728515625,-8.94426441192627,"Unknown"
"9004157",371992,2025-06-19 19:15:02,42.4770927429199,-8.94435405731201,"Unknown"
"9004157",371992,2025-06-19 19:19:54,42.4770469665527,-8.9444694519043,"Unknown"
"9004157",371992,2025-06-19 19:24:54,42.4770584106445,-8.94440364837646,"Unknown"
"9004157",371992,2025-06-19 19:29:52,42.477123260498,-8.94443035125732,"Unknown"
"9004157",371992,2025-06-19 19:34:52,42.4771041870117,-8.94432353973389,"Unknown"
"9004157",371992,2025-06-19 19:39:53,42.4771919250488,-8.94437122344971,"Unknown"
"9004157",371992,2025-06-19 19:44:54,42.477222442627,-8.94435501098633,"Unknown"
"9004157",371992,2025-06-19 19:49:48,42.4772453308105,-8.94442653656006,"Unknown"
"9004157",371992,2025-06-19 19:54:51,42.4773788452148,-8.94450187683105,"Unknown"
"9004157",371992,2025-06-19 19:59:51,42.4772567749023,-8.94434261322021,"Unknown"
"9004157",371992,2025-06-19 20:04:54,42.4772644042969,-8.94471454620361,"Unknown"
"9004157",371992,2025-06-19 20:09:47,42.4773139953613,-8.94482517242432,"Unknown"
"9004157",371992,2025-06-19 20:14:47,42.4771537780762,-8.94418334960938,"Unknown"
"9004157",371992,2025-06-19 20:19:48,42.4770927429199,-8.94401073455811,"Unknown"
"9004157",371992,2025-06-19 20:24:48,42.4771194458008,-8.94390678405762,"Unknown"
"9004157",371992,2025-06-19 20:29:49,42.4775581359863,-8.94503688812256,"Unknown"
"9004157",371992,2025-06-19 20:34:48,42.4772834777832,-8.9442663192749,"Unknown"
"9004157",371992,2025-06-19 20:39:53,42.4773979187012,-8.94481754302979,"Unknown"
"9004157",371992,2025-06-19 20:44:52,42.4772720336914,-8.94444370269775,"Unknown"
"9004157",371992,2025-06-19 20:49:53,42.4775238037109,-8.94497203826904,"Unknown"
"9004157",371992,2025-06-19 20:54:53,42.4775238037109,-8.94500732421875,"Unknown"
"9004157",371992,2025-06-19 20:59:53,42.4775810241699,-8.94511699676514,"Unknown"
"9004157",371992,2025-06-19 21:04:54,42.4775352478027,-8.9450569152832,"Unknown"
"9004157",371992,2025-06-19 21:10:05,42.477424621582,-8.94492244720459,"Unknown"
"9004157",371992,2025-06-19 21:14:47,42.4770774841309,-8.94411754608154,"Unknown"
"9004157",371992,2025-06-19 21:19:48,42.4770317077637,-8.94416618347168,"Unknown"
"9004157",371992,2025-06-19 21:24:47,42.4770774841309,-8.94439601898193,"Unknown"
"9004157",371992,2025-06-19 21:29:47,42.4770660400391,-8.94432830810547,"Unknown"
"9004157",371992,2025-06-19 21:34:47,42.4769134521484,-8.94412994384766,"Unknown"
"9004157",371992,2025-06-19 21:39:47,42.476993560791,-8.94425296783447,"Unknown"
"9004157",371992,2025-06-19 21:44:51,42.4771995544434,-8.94461917877197,"Unknown"
"9004157",371992,2025-06-19 21:49:52,42.4774703979492,-8.94494342803955,"Unknown"
"9004157",371992,2025-06-19 21:54:50,42.4767646789551,-8.9442253112793,"Unknown"
"9004157",371992,2025-06-19 21:59:54,42.4776725769043,-8.94486618041992,"Unknown"
"9004157",371992,2025-06-19 22:05:02,42.4773597717285,-8.94491100311279,"Unknown"
"9004157",371992,2025-06-19 22:09:52,42.4776382446289,-8.9450740814209,"Unknown"
"9004157",371992,2025-06-19 22:14:51,42.4778518676758,-8.9448299407959,"Unknown"
"9004157",371992,2025-06-19 22:19:51,42.4776077270508,-8.94489002227783,"Unknown"
"9004157",371992,2025-06-19 22:24:48,42.4773750305176,-8.94533443450928,"Unknown"
"9004157",371992,2025-06-19 22:29:55,42.477725982666,-8.94470691680908,"Unknown"
"9004157",371992,2025-06-19 22:34:47,42.4776458740234,-8.94480800628662,"Unknown"
"9004157",371992,2025-06-19 22:39:48,42.4774551391602,-8.94476222991943,"Unknown"
"9004157",371992,2025-06-19 22:44:49,42.477466583252,-8.94478321075439,"Unknown"
"9004157",371992,2025-06-19 22:49:47,42.4775810241699,-8.94467544555664,"Unknown"
"9004157",371992,2025-06-19 22:54:47,42.4773635864258,-8.94476318359375,"Unknown"
"9004157",371992,2025-06-19 22:59:49,42.477367401123,-8.94460964202881,"Unknown"
"9004157",371992,2025-06-19 23:04:48,42.4775772094727,-8.94471168518066,"Unknown"
"9004157",371992,2025-06-19 23:09:47,42.4774360656738,-8.94469451904297,"Unknown"
"9004157",371992,2025-06-19 23:14:47,42.4775161743164,-8.94477844238281,"Unknown"
"9004157",371992,2025-06-19 23:19:47,42.4775238037109,-8.94485569000244,"Unknown"
"9004157",371992,2025-06-19 23:24:47,42.477367401123,-8.94471740722656,"Unknown"
"9004157",371992,2025-06-19 23:29:48,42.4773864746094,-8.94466114044189,"Unknown"
"9004157",371992,2025-06-19 23:34:47,42.4773330688477,-8.94459915161133,"Unknown"
"9004157",371992,2025-06-19 23:39:48,42.4773216247559,-8.9443941116333,"Unknown"
"9004157",371992,2025-06-19 23:44:47,42.4774894714355,-8.94473934173584,"Unknown"
"9004157",371992,2025-06-19 23:49:47,42.4773826599121,-8.94461441040039,"Unknown"
"9004157",371992,2025-06-19 23:54:48,42.4773635864258,-8.94445037841797,"Unknown"
"9004157",371992,2025-06-20,42.4774360656738,-8.94466304779053,"Unknown"
"9004157",371992,2025-06-20 00:04:47,42.4773902893066,-8.94458103179932,"Unknown"
"9004157",371992,2025-06-20 00:09:48,42.4773941040039,-8.94469738006592,"Unknown"
"9004157",371992,2025-06-20 00:14:50,42.4772682189941,-8.94456100463867,"Unknown"
"9004157",371992,2025-06-20 00:19:50,42.4774055480957,-8.94468307495117,"Unknown"
"9004157",371992,2025-06-20 00:24:49,42.4774436950684,-8.94465160369873,"Unknown"
"9004157",371992,2025-06-20 00:29:49,42.477466583252,-8.94467926025391,"Unknown"
"9004157",371992,2025-06-20 00:34:48,42.4775161743164,-8.94538402557373,"Unknown"
"9004157",371992,2025-06-20 00:39:48,42.477367401123,-8.94482231140137,"Unknown"
"9004157",371992,2025-06-20 00:44:48,42.477424621582,-8.94511413574219,"Unknown"
"9004157",371992,2025-06-20 00:49:48,42.4775199890137,-8.94543743133545,"Unknown"
"9004157",371992,2025-06-20 00:54:49,42.4775543212891,-8.94482326507568,"Unknown"
"9004157",371992,2025-06-20 00:59:52,42.4773826599121,-8.94479084014893,"Unknown"
"9004157",371992,2025-06-20 01:04:53,42.4774017333984,-8.94492721557617,"Unknown"
"9004157",371992,2025-06-20 01:09:54,42.4776649475098,-8.944899559021,"Unknown"
"9004157",371992,2025-06-20 01:14:53,42.4778480529785,-8.94438743591309,"Unknown"
"9004157",371992,2025-06-20 01:19:52,42.4781112670898,-8.94500350952148,"Unknown"
"9004157",371992,2025-06-20 01:24:52,42.4783096313477,-8.94433784484863,"Unknown"
"9004157",371992,2025-06-20 01:29:55,42.4783096313477,-8.94523048400879,"Unknown"
"9004157",371992,2025-06-20 01:35:14,42.4775390625,-8.94467735290527,"Unknown"
"9004157",371992,2025-06-20 01:39:52,42.4773178100586,-8.94473361968994,"Unknown"
"9004157",371992,2025-06-20 01:44:52,42.4775772094727,-8.94466590881348,"Unknown"
"9004157",371992,2025-06-20 01:49:47,42.477424621582,-8.94459438323975,"Unknown"
"9004157",371992,2025-06-20 01:54:47,42.4768867492676,-8.94483184814453,"Unknown"
"9004157",371992,2025-06-20 01:59:47,42.4775466918945,-8.9447717666626,"Unknown"
"9004157",371992,2025-06-20 02:04:47,42.477367401123,-8.94471645355225,"Unknown"
"9004157",371992,2025-06-20 02:09:51,42.4775161743164,-8.94461345672607,"Unknown"
"9004157",371992,2025-06-20 02:14:47,42.4773483276367,-8.94454574584961,"Unknown"
"9004157",371992,2025-06-20 02:19:47,42.477108001709,-8.94436931610107,"Unknown"
"9004157",371992,2025-06-20 02:24:47,42.4772033691406,-8.94448661804199,"Unknown"
"9004157",371992,2025-06-20 02:29:52,42.4773902893066,-8.94472312927246,"Unknown"
"9004157",371992,2025-06-20 02:35:14,42.4773826599121,-8.94466686248779,"Unknown"
"9004157",371992,2025-06-20 02:39:47,42.4772453308105,-8.94454765319824,"Unknown"
"9004157",371992,2025-06-20 02:44:48,42.4775123596191,-8.94480609893799,"Unknown"
"9004157",371992,2025-06-20 02:49:47,42.4776649475098,-8.94475173950195,"Unknown"
"9004157",371992,2025-06-20 02:54:47,42.4778137207031,-8.94504928588867,"Unknown"
"9004157",371992,2025-06-20 02:59:47,42.4773941040039,-8.94463920593262,"Unknown"
"9004157",371992,2025-06-20 03:04:47,42.4773597717285,-8.94476509094238,"Unknown"
"9004157",371992,2025-06-20 03:09:47,42.4772529602051,-8.94447040557861,"Unknown"
"9004157",371992,2025-06-20 03:14:52,42.477409362793,-8.94459915161133,"Unknown"
"9004157",371992,2025-06-20 03:19:52,42.4774017333984,-8.9445219039917,"Unknown"
"9004157",371992,2025-06-20 03:24:48,42.4775047302246,-8.94451427459717,"Unknown"
"9004157",371992,2025-06-20 03:29:47,42.4776649475098,-8.9447774887085,"Unknown"
"9004157",371992,2025-06-20 03:34:54,42.4774055480957,-8.94467353820801,"Unknown"
"9004157",371992,2025-06-20 03:39:48,42.4769897460938,-8.94444179534912,"Unknown"
"9004157",371992,2025-06-20 03:45:14,42.4773406982422,-8.944899559021,"Unknown"
"9004157",371992,2025-06-20 03:49:58,42.4773063659668,-8.94485282897949,"Unknown"
"9004157",371992,2025-06-20 03:54:47,42.4770278930664,-8.94472122192383,"Unknown"
"9004157",371992,2025-06-20 04:00:00,42.4772834777832,-8.94480895996094,"Unknown"
"9004157",371992,2025-06-20 04:04:47,42.4771995544434,-8.94472980499268,"Unknown"
"9004157",371992,2025-06-20 04:09:48,42.4767112731934,-8.94492244720459,"Unknown"
"9004157",371992,2025-06-20 04:14:48,42.4766464233398,-8.94465446472168,"Unknown"
"9004157",371992,2025-06-20 04:19:51,42.4767379760742,-8.94438171386719,"Unknown"
"9004157",371992,2025-06-20 04:24:59,42.4770164489746,-8.94538402557373,"Unknown"
"9004157",371992,2025-06-20 04:29:47,42.4771156311035,-8.94450378417969,"Unknown"
"9004157",371992,2025-06-20 04:35:14,42.4770355224609,-8.94474792480469,"Unknown"
"9004157",371992,2025-06-20 04:39:47,42.4769172668457,-8.94410133361816,"Unknown"
"9004157",371992,2025-06-20 04:44:47,42.4772834777832,-8.94496250152588,"Unknown"
"9004157",371992,2025-06-20 04:49:47,42.4772491455078,-8.94474124908447,"Unknown"
"9004157",371992,2025-06-20 04:54:49,42.4771537780762,-8.94457817077637,"Unknown"
"9004157",371992,2025-06-20 04:59:51,42.4771919250488,-8.94449234008789,"Unknown"
"9004157",371992,2025-06-20 05:04:47,42.4771003723145,-8.94453811645508,"Unknown"
"9004157",371992,2025-06-20 05:09:50,42.4770889282227,-8.94459247589111,"Unknown"
"9004157",371992,2025-06-20 05:14:48,42.4769554138184,-8.94447326660156,"Unknown"
"9004157",371992,2025-06-20 05:19:48,42.4772033691406,-8.94452857971191,"Unknown"
"9004157",371992,2025-06-20 05:24:47,42.4772682189941,-8.94485282897949,"Unknown"
"9004157",371992,2025-06-20 05:29:47,42.4772605895996,-8.94486427307129,"Unknown"
"9004157",371992,2025-06-20 05:34:48,42.4772338867188,-8.94475746154785,"Unknown"
"9004157",371992,2025-06-20 05:39:49,42.4771537780762,-8.94450187683105,"Unknown"
"9004157",371992,2025-06-20 05:44:48,42.4772071838379,-8.94475841522217,"Unknown"
"9004157",371992,2025-06-20 05:49:49,42.4771881103516,-8.9445858001709,"Unknown"
"9004157",371992,2025-06-20 05:54:47,42.4770736694336,-8.94446277618408,"Unknown"
"9004157",371992,2025-06-20 05:59:48,42.4770050048828,-8.94440078735352,"Unknown"
"9004157",371992,2025-06-20 06:04:47,42.4770240783691,-8.94435119628906,"Unknown"
"9004157",371992,2025-06-20 06:10:05,42.4772911071777,-8.94471263885498,"Unknown"
"9004157",371992,2025-06-20 06:14:47,42.4772987365723,-8.94479179382324,"Unknown"
"9004157",371992,2025-06-20 06:19:47,42.4773979187012,-8.9447078704834,"Unknown"
"9004157",371992,2025-06-20 06:24:47,42.4772911071777,-8.94461631774902,"Unknown"
"9004157",371992,2025-06-20 06:29:47,42.477222442627,-8.94467163085938,"Unknown"
"9004157",371992,2025-06-20 06:34:47,42.4772033691406,-8.94471454620361,"Unknown"
"9004157",371992,2025-06-20 06:39:47,42.477237701416,-8.94488143920898,"Unknown"
"9004157",371992,2025-06-20 06:44:47,42.477222442627,-8.94469928741455,"Unknown"
"9004157",371992,2025-06-20 06:49:47,42.4772262573242,-8.94480609893799,"Unknown"
"9004157",371992,2025-06-20 06:54:47,42.4773063659668,-8.94489288330078,"Unknown"
"9004157",371992,2025-06-20 06:59:48,42.4773559570312,-8.94496631622314,"Unknown"
"9004157",371992,2025-06-20 07:04:48,42.4772796630859,-8.9448356628418,"Unknown"
"9004157",371992,2025-06-20 07:09:48,42.4773979187012,-8.9450101852417,"Unknown"
"9004157",371992,2025-06-20 07:14:49,42.4771842956543,-8.94482421875,"Unknown"
"9004157",371992,2025-06-20 07:19:47,42.4772262573242,-8.94485473632812,"Unknown"
"9004157",371992,2025-06-20 07:24:47,42.4773292541504,-8.94488430023193,"Unknown"
"9004157",371992,2025-06-20 07:29:47,42.4774017333984,-8.9449462890625,"Unknown"
"9004157",371992,2025-06-20 07:34:48,42.4774360656738,-8.94499397277832,"Unknown"
"9004157",371992,2025-06-20 07:39:48,42.4773941040039,-8.94498920440674,"Unknown"
"9004157",371992,2025-06-20 07:45:14,42.4771461486816,-8.94483375549316,"Unknown"
"9004157",371992,2025-06-20 07:49:47,42.4771041870117,-8.94485473632812,"Unknown"
"9004157",371992,2025-06-20 07:54:47,42.4771385192871,-8.94481754302979,"Unknown"
"9004157",371992,2025-06-20 07:59:47,42.4771461486816,-8.94487476348877,"Unknown"
"9004157",371992,2025-06-20 08:04:47,42.4771575927734,-8.9448070526123,"Unknown"
"9004157",371992,2025-06-20 08:09:47,42.4771270751953,-8.94479656219482,"Unknown"
"9004157",371992,2025-06-20 08:14:47,42.4770317077637,-8.94471454620361,"Unknown"
"9004157",371992,2025-06-20 08:19:47,42.4770851135254,-8.94467735290527,"Unknown"
"9004157",371992,2025-06-20 08:24:47,42.4771003723145,-8.94468021392822,"Unknown"
"9004157",371992,2025-06-20 08:29:47,42.476993560791,-8.94443893432617,"Unknown"
"9004157",371992,2025-06-20 08:34:47,42.477123260498,-8.9447135925293,"Unknown"
"9004157",371992,2025-06-20 08:39:47,42.4770317077637,-8.94439220428467,"Unknown"
"9004157",371992,2025-06-20 08:44:47,42.4770202636719,-8.94434547424316,"Unknown"
"9004157",371992,2025-06-20 08:49:47,42.4770240783691,-8.94440269470215,"Unknown"
"9004157",371992,2025-06-20 08:54:47,42.4839935302734,-8.93159675598145,"Unknown"
"9004157",371992,2025-06-20 08:59:47,42.495059967041,-8.90517902374268,"Unknown"
"9004157",371992,2025-06-20 09:05:40,42.4949493408203,-8.90378284454346,"Unknown"
"9004157",371992,2025-06-20 09:12:02,42.4971733093262,-8.90510749816895,"Unknown"
"9004157",371992,2025-06-20 09:17:03,42.4981155395508,-8.90355396270752,"Unknown"
"9004157",371992,2025-06-20 09:22:03,42.5003967285156,-8.89828395843506,"Unknown"
"9004157",371992,2025-06-20 09:27:39,42.5087738037109,-8.87263679504395,"Unknown"
"9004157",371992,2025-06-20 09:32:40,42.5070724487305,-8.8732385635376,"Unknown"
"9004157",371992,2025-06-20 09:37:39,42.5063819885254,-8.87191581726074,"Unknown"
"9004157",371992,2025-06-20 09:43:03,42.5073776245117,-8.87083530426025,"Unknown"
"9004157",371992,2025-06-20 09:48:03,42.5081253051758,-8.8708324432373,"Unknown"
"9004157",371992,2025-06-20 09:53:22,42.5097236633301,-8.87094783782959,"Unknown"
"9004157",371992,2025-06-20 09:58:36,42.5115661621094,-8.87177562713623,"Unknown"
"9004157",371992,2025-06-20 10:04:04,42.5122680664062,-8.87268924713135,"Unknown"
"9004157",371992,2025-06-20 10:09:03,42.5127372741699,-8.87265110015869,"Unknown"
"9004157",371992,2025-06-20 10:14:03,42.5173835754395,-8.86834335327148,"Unknown"
"9004157",371992,2025-06-20 10:19:03,42.5174713134766,-8.86830615997314,"Unknown"
"9004157",371992,2025-06-20 10:24:03,42.5175476074219,-8.86832046508789,"Unknown"
"9004157",371992,2025-06-20 10:29:03,42.517505645752,-8.86832046508789,"Unknown"
"9004157",371992,2025-06-20 10:34:11,42.5175361633301,-8.86823081970215,"Unknown"
"9004157",371992,2025-06-20 10:40:12,42.5174942016602,-8.86828422546387,"Unknown"
"9004157",371992,2025-06-20 10:45:28,42.517463684082,-8.86806869506836,"Unknown"
"9004157",371992,2025-06-20 10:50:28,42.5174674987793,-8.86814022064209,"Unknown"
"9004157",371992,2025-06-20 10:55:28,42.5174751281738,-8.86817932128906,"Unknown"
"9004157",371992,2025-06-20 11:00:27,42.5174942016602,-8.86817169189453,"Unknown"
"9004157",371992,2025-06-20 11:05:28,42.5174407958984,-8.86852359771729,"Unknown"
"9004157",371992,2025-06-20 11:10:28,42.517505645752,-8.86807250976562,"Unknown"
"9004157",371992,2025-06-20 11:15:28,42.5174751281738,-8.86810398101807,"Unknown"
"9004157",371992,2025-06-20 11:20:28,42.5174179077148,-8.86795043945312,"Unknown"
"9004157",371992,2025-06-20 11:25:28,42.5174903869629,-8.86807250976562,"Unknown"
"9004157",371992,2025-06-20 11:30:39,42.5174751281738,-8.86799812316895,"Unknown"
"9004157",371992,2025-06-20 11:35:28,42.5174827575684,-8.86796474456787,"Unknown"
"9004157",371992,2025-06-20 11:40:28,42.5174713134766,-8.86792182922363,"Unknown"
"9004157",371992,2025-06-20 11:45:44,42.5174560546875,-8.86805057525635,"Unknown"
"9004157",371992,2025-06-20 11:50:30,42.517505645752,-8.86822605133057,"Unknown"
"9004157",371992,2025-06-20 11:55:29,42.517505645752,-8.86820507049561,"Unknown"
"9004157",371992,2025-06-20 12:00:28,42.5174751281738,-8.86801719665527,"Unknown"
"9004157",371992,2025-06-20 12:05:28,42.5174827575684,-8.86833763122559,"Unknown"
"9004157",371992,2025-06-20 12:10:28,42.5174827575684,-8.86823081970215,"Unknown"
"9004157",371992,2025-06-20 12:15:27,42.517463684082,-8.8681812286377,"Unknown"
"9004157",371992,2025-06-20 12:20:27,42.5174903869629,-8.86812782287598,"Unknown"
"9004157",371992,2025-06-20 12:25:28,42.5174598693848,-8.8684549331665,"Unknown"
"9004157",371992,2025-06-20 12:31:08,42.5091743469238,-8.87201404571533,"Unknown"
"9004157",371992,2025-06-20 12:36:30,42.5079727172852,-8.8722677230835,"Unknown"
"9004157",371992,2025-06-20 12:43:37,42.5075721740723,-8.87051582336426,"Unknown"
"9004157",371992,2025-06-20 12:48:38,42.5076522827148,-8.87009239196777,"Unknown"
"9004157",371992,2025-06-20 12:54:17,42.5064735412598,-8.87160873413086,"Unknown"
"9004157",371992,2025-06-20 13:02:53,42.5072288513184,-8.87325191497803,"Unknown"
"9004157",371992,2025-06-20 13:08:13,42.5073547363281,-8.87519645690918,"Unknown"
"9004157",371992,2025-06-20 13:14:04,42.5082130432129,-8.87382221221924,"Unknown"
"9004157",371992,2025-06-20 13:19:58,42.5077514648438,-8.87392902374268,"Unknown"
"9004157",371992,2025-06-20 13:25:25,42.5081825256348,-8.87300777435303,"Unknown"
"9004157",371992,2025-06-20 13:32:53,42.5089111328125,-8.87296867370605,"Unknown"
"9004157",371992,2025-06-20 13:38:27,42.5079345703125,-8.87487125396729,"Unknown"
"9004157",371992,2025-06-20 13:43:28,42.5064163208008,-8.87756824493408,"Unknown"
"9004157",371992,2025-06-20 13:48:26,42.5048027038574,-8.88122272491455,"Unknown"
"9004157",371992,2025-06-20 13:53:26,42.5047760009766,-8.88130378723145,"Unknown"
"9004157",371992,2025-06-20 13:58:26,42.5045585632324,-8.88146305084229,"Unknown"
"9004157",371992,2025-06-20 14:03:26,42.5048408508301,-8.88130474090576,"Unknown"
"9004157",371992,2025-06-20 14:08:26,42.504768371582,-8.88131141662598,"Unknown"
"9004157",371992,2025-06-20 14:13:59,42.5046577453613,-8.88122844696045,"Unknown"
"9004157",371992,2025-06-20 14:18:25,42.5045928955078,-8.88126945495605,"Unknown"
"9004157",371992,2025-06-20 14:23:25,42.5046272277832,-8.88126659393311,"Unknown"
"9004157",371992,2025-06-20 14:28:25,42.5045471191406,-8.88130283355713,"Unknown"
"9004157",371992,2025-06-20 14:33:26,42.5046348571777,-8.88127994537354,"Unknown"
"9004157",371992,2025-06-20 14:38:26,42.5047760009766,-8.8813648223877,"Unknown"
"9004157",371992,2025-06-20 14:43:25,42.504695892334,-8.88130474090576,"Unknown"
"9004157",371992,2025-06-20 14:48:26,42.5046424865723,-8.88122653961182,"Unknown"
"9004157",371992,2025-06-20 14:53:26,42.5047149658203,-8.88121509552002,"Unknown"
"9004157",371992,2025-06-20 14:58:26,42.5047073364258,-8.88124084472656,"Unknown"
"9004157",371992,2025-06-20 15:03:25,42.5047569274902,-8.88127517700195,"Unknown"
"9004157",371992,2025-06-20 15:08:26,42.5047798156738,-8.88124942779541,"Unknown"
"9004157",371992,2025-06-20 15:13:25,42.5048294067383,-8.8812427520752,"Unknown"
"9004157",371992,2025-06-20 15:18:26,42.5048141479492,-8.88120460510254,"Unknown"
"9004157",371992,2025-06-20 15:23:26,42.504825592041,-8.88125133514404,"Unknown"
"9004157",371992,2025-06-20 15:28:26,42.5048561096191,-8.88121318817139,"Unknown"
"9004157",371992,2025-06-20 15:33:26,42.5049247741699,-8.8812952041626,"Unknown"
"9004157",371992,2025-06-20 15:38:26,42.5048828125,-8.8811616897583,"Unknown"
"9004157",371992,2025-06-20 15:43:26,42.505054473877,-8.88133430480957,"Unknown"
"9004157",371992,2025-06-20 15:48:26,42.5050201416016,-8.88126659393311,"Unknown"
"9004157",371992,2025-06-20 15:53:26,42.5048713684082,-8.88104915618896,"Unknown"
"9004157",371992,2025-06-20 15:58:26,42.5050506591797,-8.88121604919434,"Unknown"
"9004157",371992,2025-06-20 16:03:26,42.5050392150879,-8.88122940063477,"Unknown"
"9004157",371992,2025-06-20 16:08:26,42.5050277709961,-8.881103515625,"Unknown"
"9004157",371992,2025-06-20 16:13:26,42.5048751831055,-8.88091278076172,"Unknown"
"9004157",371992,2025-06-20 16:18:26,42.5049896240234,-8.88100719451904,"Unknown"
"9004157",371992,2025-06-20 16:23:26,42.5049705505371,-8.88095664978027,"Unknown"
"9004157",371992,2025-06-20 16:28:26,42.5049247741699,-8.88085842132568,"Unknown"
"9004157",371992,2025-06-20 16:33:26,42.5050506591797,-8.88100910186768,"Unknown"
"9004157",371992,2025-06-20 16:38:27,42.5050086975098,-8.88100528717041,"Unknown"
"9004157",371992,2025-06-20 16:43:26,42.505012512207,-8.88103103637695,"Unknown"
"9004157",371992,2025-06-20 16:48:27,42.5050354003906,-8.88103485107422,"Unknown"
"9004157",371992,2025-06-20 16:53:27,42.5050239562988,-8.88092136383057,"Unknown"
"9004157",371992,2025-06-20 16:58:26,42.5050277709961,-8.88094806671143,"Unknown"
"9004157",371992,2025-06-20 17:04:34,42.5080490112305,-8.87258720397949,"Unknown"
"9004157",371992,2025-06-20 17:12:56,42.5073204040527,-8.87263870239258,"Unknown"
"9004157",371992,2025-06-20 17:17:57,42.5083808898926,-8.87239456176758,"Unknown"
"9004157",371992,2025-06-20 17:23:45,42.5083122253418,-8.87359046936035,"Unknown"
"9004157",371992,2025-06-20 17:29:17,42.5096244812012,-8.87124252319336,"Unknown"
"9004157",371992,2025-06-20 17:34:09,42.5077896118164,-8.87131881713867,"Unknown"
"9004157",371992,2025-06-20 17:39:31,42.5070343017578,-8.8725700378418,"Unknown"
"9004157",371992,2025-06-20 17:46:09,42.5068550109863,-8.87388801574707,"Unknown"
"9004157",371992,2025-06-20 17:52:36,42.507869720459,-8.87398052215576,"Unknown"
"9004157",371992,2025-06-20 17:58:12,42.5083808898926,-8.87255191802979,"Unknown"
"9004157",371992,2025-06-20 18:05:16,42.5078964233398,-8.87308406829834,"Unknown"
"9004157",371992,2025-06-20 18:10:34,42.5091285705566,-8.87042236328125,"Unknown"
"9004157",371992,2025-06-20 18:15:44,42.5085830688477,-8.87231922149658,"Unknown"
"9004157",371992,2025-06-20 18:24:28,42.5080490112305,-8.87383079528809,"Unknown"
"9004157",371992,2025-06-20 18:30:07,42.5062484741211,-8.87542915344238,"Unknown"
"9004157",371992,2025-06-20 18:34:49,42.5051879882812,-8.88027286529541,"Unknown"
"9004157",371992,2025-06-20 18:39:49,42.5048065185547,-8.88084602355957,"Unknown"
"9004157",371992,2025-06-20 18:45:35,42.5045509338379,-8.88085174560547,"Unknown"
"9004157",371992,2025-06-20 18:49:54,42.5045318603516,-8.88075160980225,"Unknown"
"9004157",371992,2025-06-20 18:54:46,42.5047035217285,-8.88076972961426,"Unknown"
"9004157",371992,2025-06-20 18:59:46,42.5042266845703,-8.88094615936279,"Unknown"
"9004157",371992,2025-06-20 19:04:48,42.5045509338379,-8.88065814971924,"Unknown"
"9004157",371992,2025-06-20 19:09:47,42.5046005249023,-8.8806791305542,"Unknown"
"9004157",371992,2025-06-20 19:14:46,42.504581451416,-8.88063430786133,"Unknown"
"9004157",371992,2025-06-20 19:19:47,42.5032157897949,-8.88289737701416,"Unknown"
"9004157",371992,2025-06-20 19:24:47,42.4871864318848,-8.9198169708252,"Unknown"
"9004157",371992,2025-06-20 19:29:48,42.4774856567383,-8.94489765167236,"Unknown"
"9004157",371992,2025-06-20 19:34:46,42.4773712158203,-8.94461536407471,"Unknown"
"9004157",371992,2025-06-20 19:39:46,42.4774169921875,-8.9446964263916,"Unknown"
"9004157",371992,2025-06-20 19:44:46,42.4773902893066,-8.94467735290527,"Unknown"
"9004157",371992,2025-06-20 19:49:47,42.4774017333984,-8.94466972351074,"Unknown"
"9004157",371992,2025-06-20 19:54:47,42.4773712158203,-8.94467926025391,"Unknown"
"9004157",371992,2025-06-20 19:59:47,42.4773788452148,-8.94463443756104,"Unknown"
"9004157",371992,2025-06-20 20:04:47,42.4773254394531,-8.94440460205078,"Unknown"
"9004157",371992,2025-06-20 20:09:46,42.4773597717285,-8.94466400146484,"Unknown"
"9004157",371992,2025-06-20 20:14:46,42.4773902893066,-8.94466781616211,"Unknown"
"9004157",371992,2025-06-20 20:19:47,42.4773826599121,-8.94466781616211,"Unknown"
"9004157",371992,2025-06-20 20:24:46,42.4773559570312,-8.94466209411621,"Unknown"
"9004157",371992,2025-06-20 20:29:47,42.4773635864258,-8.94458103179932,"Unknown"
"9004157",371992,2025-06-20 20:34:47,42.4773368835449,-8.94467258453369,"Unknown"
"9004157",371992,2025-06-20 20:39:48,42.4773178100586,-8.94450283050537,"Unknown"
"9004157",371992,2025-06-20 20:44:47,42.4771728515625,-8.94454479217529,"Unknown"
"9004157",371992,2025-06-20 20:49:47,42.4773902893066,-8.94461727142334,"Unknown"
"9004157",371992,2025-06-20 20:54:46,42.4773864746094,-8.94467830657959,"Unknown"
"9004157",371992,2025-06-20 20:59:47,42.4774322509766,-8.94464683532715,"Unknown"
"9004157",371992,2025-06-20 21:04:46,42.477367401123,-8.94452381134033,"Unknown"
"9004157",371992,2025-06-20 21:09:47,42.477294921875,-8.94448566436768,"Unknown"
"9004157",371992,2025-06-20 21:14:49,42.4772148132324,-8.94457530975342,"Unknown"
"9004157",371992,2025-06-20 21:19:48,42.4772911071777,-8.94460582733154,"Unknown"
"9004157",371992,2025-06-20 21:24:48,42.4772911071777,-8.94465255737305,"Unknown"
"9004157",371992,2025-06-20 21:29:49,42.4769325256348,-8.94387340545654,"Unknown"
"9004157",371992,2025-06-20 21:34:52,42.477222442627,-8.9442663192749,"Unknown"
"9004157",371992,2025-06-20 21:39:48,42.4774513244629,-8.94467544555664,"Unknown"
"9004157",371992,2025-06-20 21:44:48,42.4774398803711,-8.94465446472168,"Unknown"
"9004157",371992,2025-06-20 21:49:50,42.4772338867188,-8.94421577453613,"Unknown"
"9004157",371992,2025-06-20 21:54:50,42.4774055480957,-8.94478988647461,"Unknown"
"9004157",371992,2025-06-20 21:59:50,42.477424621582,-8.94414615631104,"Unknown"
"9004157",371992,2025-06-20 22:04:48,42.4773483276367,-8.94447803497314,"Unknown"
"9004157",371992,2025-06-20 22:09:49,42.4771995544434,-8.94376468658447,"Unknown"
"9004157",371992,2025-06-20 22:14:52,42.4774932861328,-8.94420623779297,"Unknown"
"9004157",371992,2025-06-20 22:19:54,42.4773635864258,-8.94423007965088,"Unknown"
"9004157",371992,2025-06-20 22:24:52,42.4775314331055,-8.94353008270264,"Unknown"
"9004157",371992,2025-06-20 22:30:11,42.4775161743164,-8.94425201416016,"Unknown"
"9004157",371992,2025-06-20 22:34:53,42.477611541748,-8.94426918029785,"Unknown"
"9004157",371992,2025-06-20 22:39:50,42.4774322509766,-8.94407939910889,"Unknown"
"9004157",371992,2025-06-20 22:44:52,42.4775009155273,-8.94441890716553,"Unknown"
"9004157",371992,2025-06-20 22:49:48,42.477466583252,-8.94421291351318,"Unknown"
"9004157",371992,2025-06-20 22:54:50,42.4772415161133,-8.94445705413818,"Unknown"
"9004157",371992,2025-06-20 22:59:54,42.4777336120605,-8.94423580169678,"Unknown"
"9004157",371992,2025-06-20 23:04:52,42.4778709411621,-8.94425296783447,"Unknown"
"9004157",371992,2025-06-20 23:09:54,42.4781951904297,-8.94418716430664,"Unknown"
"9004157",371992,2025-06-20 23:14:54,42.4774589538574,-8.94442558288574,"Unknown"
"9004157",371992,2025-06-20 23:19:54,42.477466583252,-8.94447422027588,"Unknown"
"9004157",371992,2025-06-20 23:24:55,42.477424621582,-8.94437694549561,"Unknown"
"9004157",371992,2025-06-20 23:29:52,42.4774398803711,-8.94451904296875,"Unknown"
"9004157",371992,2025-06-20 23:34:48,42.4773979187012,-8.94451522827148,"Unknown"
"9004157",371992,2025-06-20 23:39:49,42.4773178100586,-8.9445629119873,"Unknown"
"9004157",371992,2025-06-20 23:44:53,42.4774894714355,-8.9444751739502,"Unknown"
"9004157",371992,2025-06-20 23:49:49,42.4773941040039,-8.94457721710205,"Unknown"
"9004157",371992,2025-06-20 23:54:52,42.4773902893066,-8.94458198547363,"Unknown"
"9004157",371992,2025-06-20 23:59:59,42.477466583252,-8.94460964202881,"Unknown"
"9004157",371992,2025-06-21 00:04:47,42.4774780273438,-8.94466686248779,"Unknown"
"9004157",371992,2025-06-21 00:09:47,42.4775276184082,-8.94466495513916,"Unknown"
"9004157",371992,2025-06-21 00:14:49,42.4774436950684,-8.94460964202881,"Unknown"
"9004157",371992,2025-06-21 00:19:54,42.4774894714355,-8.94464874267578,"Unknown"
"9004157",371992,2025-06-21 00:24:48,42.4774208068848,-8.94463443756104,"Unknown"
"9004157",371992,2025-06-21 00:29:49,42.4773368835449,-8.9446496963501,"Unknown"
"9004157",371992,2025-06-21 00:34:48,42.4772911071777,-8.94459819793701,"Unknown"
"9004157",371992,2025-06-21 00:39:48,42.4773750305176,-8.94465065002441,"Unknown"
"9004157",371992,2025-06-21 00:44:48,42.477222442627,-8.94452381134033,"Unknown"
"9004157",371992,2025-06-21 00:49:47,42.4774055480957,-8.9446964263916,"Unknown"
"9004157",371992,2025-06-21 00:54:52,42.4776496887207,-8.94494152069092,"Unknown"
"9004157",371992,2025-06-21 00:59:46,42.4774703979492,-8.94474220275879,"Unknown"
"9004157",371992,2025-06-21 01:04:52,42.4774742126465,-8.94466114044189,"Unknown"
"9004157",371992,2025-06-21 01:09:48,42.4772491455078,-8.94453239440918,"Unknown"
"9004157",371992,2025-06-21 01:14:47,42.4775428771973,-8.944748878479,"Unknown"
"9004157",371992,2025-06-21 01:19:51,42.4774055480957,-8.94463634490967,"Unknown"
"9004157",371992,2025-06-21 01:24:48,42.4772834777832,-8.9445972442627,"Unknown"
"9004157",371992,2025-06-21 01:29:47,42.4772453308105,-8.94454288482666,"Unknown"
"9004157",371992,2025-06-21 01:34:46,42.4772872924805,-8.94460105895996,"Unknown"
"9004157",371992,2025-06-21 01:39:46,42.4772987365723,-8.94455146789551,"Unknown"
"9004157",371992,2025-06-21 01:44:46,42.4772415161133,-8.94469165802002,"Unknown"
"9004157",371992,2025-06-21 01:49:46,42.4772567749023,-8.94468116760254,"Unknown"
"9004157",371992,2025-06-21 01:54:46,42.4774284362793,-8.94474983215332,"Unknown"
"9004157",371992,2025-06-21 01:59:48,42.4774971008301,-8.94481563568115,"Unknown"
"9004157",371992,2025-06-21 02:04:47,42.4774436950684,-8.94475555419922,"Unknown"
"9004157",371992,2025-06-21 02:09:49,42.4775123596191,-8.94489097595215,"Unknown"
"9004157",371992,2025-06-21 02:14:49,42.4775657653809,-8.94492149353027,"Unknown"
"9004157",371992,2025-06-21 02:19:46,42.4775085449219,-8.94482803344727,"Unknown"
"9004157",371992,2025-06-21 02:24:46,42.4775695800781,-8.94497680664062,"Unknown"
"9004157",371992,2025-06-21 02:29:46,42.4775238037109,-8.94496059417725,"Unknown"
"9004157",371992,2025-06-21 02:34:47,42.4773597717285,-8.94495105743408,"Unknown"
"9004157",371992,2025-06-21 02:39:51,42.477222442627,-8.94495391845703,"Unknown"
"9004157",371992,2025-06-21 02:44:54,42.477352142334,-8.94501876831055,"Unknown"
"9004157",371992,2025-06-21 02:49:49,42.4769897460938,-8.94465160369873,"Unknown"
"9004157",371992,2025-06-21 02:54:52,42.4774208068848,-8.94489574432373,"Unknown"
"9004157",371992,2025-06-21 02:59:47,42.4773406982422,-8.94479465484619,"Unknown"
"9004157",371992,2025-06-21 03:04:49,42.4774551391602,-8.94496822357178,"Unknown"
"9004157",371992,2025-06-21 03:09:53,42.477596282959,-8.94498729705811,"Unknown"
"9004157",371992,2025-06-21 03:14:52,42.4776649475098,-8.94498729705811,"Unknown"
"9004157",371992,2025-06-21 03:19:49,42.477668762207,-8.9451322555542,"Unknown"
"9004157",371992,2025-06-21 03:24:51,42.4775810241699,-8.94501876831055,"Unknown"
"9004157",371992,2025-06-21 03:29:46,42.4773750305176,-8.94475936889648,"Unknown"
"9004157",371992,2025-06-21 03:34:47,42.4775085449219,-8.94493770599365,"Unknown"
"9004157",371992,2025-06-21 03:39:53,42.4777450561523,-8.94507217407227,"Unknown"
"9004157",371992,2025-06-21 03:44:47,42.4781265258789,-8.94538688659668,"Unknown"
"9004157",371992,2025-06-21 03:49:51,42.4776306152344,-8.94536113739014,"Unknown"
"9004157",371992,2025-06-21 03:54:53,42.4775848388672,-8.94528388977051,"Unknown"
"9004157",371992,2025-06-21 03:59:49,42.4775428771973,-8.94522380828857,"Unknown"
"9004157",371992,2025-06-21 04:04:46,42.4788398742676,-8.94640064239502,"Unknown"
"9004157",371992,2025-06-21 04:09:47,42.4785232543945,-8.94623374938965,"Unknown"
"9004157",371992,2025-06-21 04:14:46,42.4775772094727,-8.94521236419678,"Unknown"
"9004157",371992,2025-06-21 04:19:46,42.4776268005371,-8.94517135620117,"Unknown"
"9004157",371992,2025-06-21 04:24:46,42.4775772094727,-8.94510269165039,"Unknown"
"9004157",371992,2025-06-21 04:29:47,42.4775886535645,-8.94517707824707,"Unknown"
"9004157",371992,2025-06-21 04:34:46,42.4774856567383,-8.94519329071045,"Unknown"
"9004157",371992,2025-06-21 04:39:47,42.4775314331055,-8.94508361816406,"Unknown"
"9004157",371992,2025-06-21 04:44:47,42.4774703979492,-8.94518566131592,"Unknown"
"9004157",371992,2025-06-21 04:49:47,42.4774398803711,-8.94521713256836,"Unknown"
"9004157",371992,2025-06-21 04:54:46,42.4775314331055,-8.94516086578369,"Unknown"
"9004157",371992,2025-06-21 04:59:49,42.4773864746094,-8.9451265335083,"Unknown"
"9004157",371992,2025-06-21 05:04:47,42.4774475097656,-8.94496631622314,"Unknown"
"9004157",371992,2025-06-21 05:09:46,42.4774360656738,-8.94490146636963,"Unknown"
"9004157",371992,2025-06-21 05:14:51,42.4774703979492,-8.94491863250732,"Unknown"
"9004157",371992,2025-06-21 05:19:47,42.4777793884277,-8.94474792480469,"Unknown"
"9004157",371992,2025-06-21 05:24:49,42.4777450561523,-8.9448356628418,"Unknown"
"9004157",371992,2025-06-21 05:29:51,42.4776153564453,-8.94496917724609,"Unknown"
"9004157",371992,2025-06-21 05:34:46,42.4772720336914,-8.944655418396,"Unknown"
"9004157",371992,2025-06-21 05:39:46,42.4773902893066,-8.9447193145752,"Unknown"
"9004157",371992,2025-06-21 05:44:46,42.4774131774902,-8.94464588165283,"Unknown"
"9004157",371992,2025-06-21 05:49:46,42.4774055480957,-8.94453525543213,"Unknown"
"9004157",371992,2025-06-21 05:54:46,42.4773063659668,-8.94455337524414,"Unknown"
"9004157",371992,2025-06-21 05:59:48,42.4773483276367,-8.94428825378418,"Unknown"
"9004157",371992,2025-06-21 06:04:49,42.4775733947754,-8.94470024108887,"Unknown"
"9004157",371992,2025-06-21 06:09:47,42.4773445129395,-8.94433975219727,"Unknown"
"9004157",371992,2025-06-21 06:14:56,42.4772911071777,-8.944580078125,"Unknown"
"9004157",371992,2025-06-21 06:19:46,42.4774131774902,-8.94466686248779,"Unknown"
"9004157",371992,2025-06-21 06:24:47,42.4773559570312,-8.94453144073486,"Unknown"
"9004157",371992,2025-06-21 06:29:46,42.4774551391602,-8.94455432891846,"Unknown"
"9004157",371992,2025-06-21 06:34:46,42.4775772094727,-8.94452667236328,"Unknown"
"9004157",371992,2025-06-21 06:39:47,42.4775886535645,-8.94449901580811,"Unknown"
"9004157",371992,2025-06-21 06:44:47,42.4776077270508,-8.94438171386719,"Unknown"
"9004157",371992,2025-06-21 06:49:48,42.4776077270508,-8.94440650939941,"Unknown"
"9004157",371992,2025-06-21 06:54:49,42.477653503418,-8.9443416595459,"Unknown"
"9004157",371992,2025-06-21 06:59:47,42.4774894714355,-8.94441604614258,"Unknown"
"9004157",371992,2025-06-21 07:04:46,42.477424621582,-8.94440269470215,"Unknown"
"9004157",371992,2025-06-21 07:09:46,42.4775581359863,-8.9442834854126,"Unknown"
"9004157",371992,2025-06-21 07:14:46,42.4776306152344,-8.9443359375,"Unknown"
"9004157",371992,2025-06-21 07:19:46,42.4778175354004,-8.94416999816895,"Unknown"
"9004157",371992,2025-06-21 07:24:46,42.4776878356934,-8.94423866271973,"Unknown"
"9004157",371992,2025-06-21 07:29:46,42.4777984619141,-8.94421195983887,"Unknown"
"9004157",371992,2025-06-21 07:34:46,42.4777946472168,-8.94415664672852,"Unknown"
"9004157",371992,2025-06-21 07:39:46,42.4778518676758,-8.94416522979736,"Unknown"
"9004157",371992,2025-06-21 07:44:47,42.4778213500977,-8.94420051574707,"Unknown"
"9004157",371992,2025-06-21 07:49:46,42.4778137207031,-8.94419479370117,"Unknown"
"9004157",371992,2025-06-21 07:54:46,42.4778289794922,-8.94422149658203,"Unknown"
"9004157",371992,2025-06-21 07:59:46,42.4778709411621,-8.94413089752197,"Unknown"
"9004157",371992,2025-06-21 08:04:46,42.4777984619141,-8.94423866271973,"Unknown"
"9004157",371992,2025-06-21 08:09:46,42.4778099060059,-8.94415283203125,"Unknown"
"9004157",371992,2025-06-21 08:14:46,42.4777984619141,-8.9441499710083,"Unknown"
"9004157",371992,2025-06-21 08:19:46,42.4778327941895,-8.94428634643555,"Unknown"
"9004157",371992,2025-06-21 08:24:46,42.4778175354004,-8.94430541992188,"Unknown"
"9004157",371992,2025-06-21 08:29:46,42.4776306152344,-8.94447326660156,"Unknown"
"9004157",371992,2025-06-21 08:34:47,42.477294921875,-8.94466304779053,"Unknown"
"9004157",371992,2025-06-21 08:39:46,42.4774627685547,-8.94421482086182,"Unknown"
"9004157",371992,2025-06-21 08:44:46,42.4775085449219,-8.94425868988037,"Unknown"
"9004157",371992,2025-06-21 08:49:46,42.4774208068848,-8.94412040710449,"Unknown"
"9004157",371992,2025-06-21 08:54:47,42.4774360656738,-8.94418811798096,"Unknown"
"9004157",371992,2025-06-21 08:59:47,42.4955558776855,-8.90584373474121,"Unknown"
"9004157",371992,2025-06-21 09:04:46,42.4983863830566,-8.89770126342773,"Unknown"
"9004157",371992,2025-06-21 09:09:49,42.5064582824707,-8.87099170684814,"Unknown"
"9004157",371992,2025-06-21 09:15:22,42.5074195861816,-8.87016487121582,"Unknown"
"9004157",371992,2025-06-21 09:20:44,42.5090217590332,-8.87035751342773,"Unknown"
"9004157",371992,2025-06-21 09:25:47,42.5080261230469,-8.87199974060059,"Unknown"
"9004157",371992,2025-06-21 09:30:48,42.506721496582,-8.87130928039551,"Unknown"
"9004157",371992,2025-06-21 09:35:48,42.5069274902344,-8.87162780761719,"Unknown"
"9004157",371992,2025-06-21 09:41:01,42.5081977844238,-8.8724193572998,"Unknown"
"9004157",371992,2025-06-21 09:46:28,42.5083274841309,-8.87463474273682,"Unknown"
"9004157",371992,2025-06-21 09:51:26,42.507682800293,-8.87331295013428,"Unknown"
"9004157",371992,2025-06-21 09:56:35,42.5091667175293,-8.87259578704834,"Unknown"
"9004157",371992,2025-06-21 10:01:35,42.5095138549805,-8.87239360809326,"Unknown"
"9004157",371992,2025-06-21 10:06:41,42.5106735229492,-8.87222099304199,"Unknown"
"9004157",371992,2025-06-21 10:12:12,42.5103187561035,-8.87361335754395,"Unknown"
"9004157",371992,2025-06-21 10:17:12,42.5095710754395,-8.87399387359619,"Unknown"
"9004157",371992,2025-06-21 10:22:31,42.5097579956055,-8.87249946594238,"Unknown"
"9004157",371992,2025-06-21 10:27:51,42.5104522705078,-8.87137699127197,"Unknown"
"9004157",371992,2025-06-21 10:33:28,42.5112419128418,-8.87105560302734,"Unknown"
"9004157",371992,2025-06-21 10:38:27,42.511287689209,-8.87048625946045,"Unknown"
"9004157",371992,2025-06-21 10:43:26,42.5179138183594,-8.86859512329102,"Unknown"
"9004157",371992,2025-06-21 10:48:26,42.5179252624512,-8.86841011047363,"Unknown"
"9004157",371992,2025-06-21 10:53:30,42.5178489685059,-8.86854267120361,"Unknown"
"9004157",371992,2025-06-21 10:58:35,42.5177726745605,-8.86870574951172,"Unknown"
"9004157",371992,2025-06-21 11:03:29,42.517879486084,-8.86827850341797,"Unknown"
"9004157",371992,2025-06-21 11:08:28,42.5178413391113,-8.86830234527588,"Unknown"
"9004157",371992,2025-06-21 11:13:29,42.5178375244141,-8.8683385848999,"Unknown"
"9004157",371992,2025-06-21 11:18:30,42.517261505127,-8.86743545532227,"Unknown"
"9004157",371992,2025-06-21 11:23:28,42.5185585021973,-8.86592864990234,"Unknown"
"9004157",371992,2025-06-21 11:28:28,42.5185775756836,-8.86574935913086,"Unknown"
"9004157",371992,2025-06-21 11:33:29,42.5186042785645,-8.86582946777344,"Unknown"
"9004157",371992,2025-06-21 11:38:27,42.5185661315918,-8.86563396453857,"Unknown"
"9004157",371992,2025-06-21 11:43:44,42.518310546875,-8.86517429351807,"Unknown"
"9004157",371992,2025-06-21 11:48:26,42.5180473327637,-8.86588859558105,"Unknown"
"9004157",371992,2025-06-21 11:53:26,42.5183563232422,-8.86495780944824,"Unknown"
"9004157",371992,2025-06-21 11:58:27,42.5183944702148,-8.86512565612793,"Unknown"
"9004157",371992,2025-06-21 12:03:40,42.517993927002,-8.86560344696045,"Unknown"
"9004157",371992,2025-06-21 12:08:27,42.5180816650391,-8.86527347564697,"Unknown"
"9004157",371992,2025-06-21 12:13:26,42.518123626709,-8.86519432067871,"Unknown"
"9004157",371992,2025-06-21 12:20:04,42.515869140625,-8.86191082000732,"Unknown"
"9004157",371992,2025-06-21 12:26:55,42.5131187438965,-8.86222743988037,"Unknown"
"9004157",371992,2025-06-21 12:36:29,42.5103988647461,-8.86671161651611,"Unknown"
"9004157",371992,2025-06-21 12:58:35,42.5079078674316,-8.8730936050415,"Unknown"
"9004157",371992,2025-06-21 13:08:16,42.507007598877,-8.87510585784912,"Unknown"
"9004157",371992,2025-06-21 13:15:32,42.5068092346191,-8.87265586853027,"Unknown"
"9004157",371992,2025-06-21 13:22:43,42.5072174072266,-8.87222480773926,"Unknown"
"9004157",371992,2025-06-21 13:29:29,42.506233215332,-8.87293148040771,"Unknown"
"9004157",371992,2025-06-21 13:41:52,42.5058746337891,-8.87785243988037,"Unknown"
"9004157",371992,2025-06-21 13:46:44,42.5051651000977,-8.87967872619629,"Unknown"
"9004157",371992,2025-06-21 13:51:30,42.5052528381348,-8.87992858886719,"Unknown"
"9004157",371992,2025-06-21 13:56:30,42.5052452087402,-8.87959957122803,"Unknown"
"9004157",371992,2025-06-21 14:01:30,42.5052719116211,-8.87932968139648,"Unknown"
"9004157",371992,2025-06-21 14:06:38,42.5050964355469,-8.87983226776123,"Unknown"
"9004157",371992,2025-06-21 14:11:31,42.505126953125,-8.87925815582275,"Unknown"
"9004157",371992,2025-06-21 14:16:37,42.5050239562988,-8.87963008880615,"Unknown"
"9004157",371992,2025-06-21 14:21:32,42.5050239562988,-8.87983894348145,"Unknown"
"9004157",371992,2025-06-21 14:26:33,42.5053977966309,-8.878249168396,"Unknown"
"9004157",371992,2025-06-21 14:31:44,42.5049858093262,-8.87966823577881,"Unknown"
"9004157",371992,2025-06-21 14:36:39,42.5049781799316,-8.87967109680176,"Unknown"
"9004157",371992,2025-06-21 14:41:39,42.504768371582,-8.88003730773926,"Unknown"
"9004157",371992,2025-06-21 14:46:33,42.5048942565918,-8.87951469421387,"Unknown"
"9004157",371992,2025-06-21 14:51:34,42.5048828125,-8.87981986999512,"Unknown"
"9004157",371992,2025-06-21 14:56:31,42.5050506591797,-8.87996006011963,"Unknown"
"9004157",371992,2025-06-21 15:01:40,42.5051689147949,-8.87902069091797,"Unknown"
"9004157",371992,2025-06-21 15:06:31,42.5052337646484,-8.87913608551025,"Unknown"
"9004157",371992,2025-06-21 15:11:31,42.5053024291992,-8.87911605834961,"Unknown"
"9004157",371992,2025-06-21 15:16:34,42.5052337646484,-8.87900161743164,"Unknown"
"9004157",371992,2025-06-21 15:21:39,42.5053596496582,-8.87878799438477,"Unknown"
"9004157",371992,2025-06-21 15:26:31,42.505313873291,-8.87907028198242,"Unknown"
"9004157",371992,2025-06-21 15:31:31,42.5053062438965,-8.87909030914307,"Unknown"
"9004157",371992,2025-06-21 15:36:39,42.5056076049805,-8.87839603424072,"Unknown"
"9004157",371992,2025-06-21 15:41:33,42.5050582885742,-8.87966632843018,"Unknown"
"9004157",371992,2025-06-21 15:46:33,42.5046653747559,-8.88032150268555,"Unknown"
"9004157",371992,2025-06-21 15:51:44,42.505184173584,-8.88019275665283,"Unknown"
"9004157",371992,2025-06-21 15:56:31,42.505126953125,-8.8804407119751,"Unknown"
"9004157",371992,2025-06-21 16:01:31,42.5052185058594,-8.88002395629883,"Unknown"
"9004157",371992,2025-06-21 16:06:31,42.5054206848145,-8.88002490997314,"Unknown"
"9004157",371992,2025-06-21 16:11:39,42.5079612731934,-8.87417125701904,"Unknown"
"9004157",371992,2025-06-21 16:17:16,42.5083694458008,-8.87271785736084,"Unknown"
"9004157",371992,2025-06-21 16:24:02,42.5096282958984,-8.87099933624268,"Unknown"
"9004157",371992,2025-06-21 16:29:02,42.5084457397461,-8.8703784942627,"Unknown"
"9004157",371992,2025-06-21 16:34:02,42.5072555541992,-8.87121868133545,"Unknown"
"9004157",371992,2025-06-21 16:39:03,42.5080947875977,-8.87222766876221,"Unknown"
"9004157",371992,2025-06-21 16:44:14,42.5083236694336,-8.8731861114502,"Unknown"
"9004157",371992,2025-06-21 17:13:37,42.5112533569336,-8.87759399414062,"Unknown"
"9004157",371992,2025-06-21 17:27:24,42.5092964172363,-8.87192726135254,"Unknown"
"9004157",371992,2025-06-21 17:41:29,42.5041275024414,-8.88230800628662,"Unknown"
"9004157",371992,2025-06-21 17:45:44,42.5040283203125,-8.8822546005249,"Unknown"
"9004157",371992,2025-06-21 17:50:44,42.5040740966797,-8.88226127624512,"Unknown"
"9004157",371992,2025-06-21 17:55:45,42.5040245056152,-8.88223266601562,"Unknown"
"9004157",371992,2025-06-21 18:00:45,42.504035949707,-8.88222980499268,"Unknown"
"9004157",371992,2025-06-21 18:05:45,42.5040168762207,-8.88221073150635,"Unknown"
"9004157",371992,2025-06-21 18:10:45,42.5040321350098,-8.88211631774902,"Unknown"
"9004157",371992,2025-06-21 18:15:45,42.5041351318359,-8.88221073150635,"Unknown"
"9004157",371992,2025-06-21 18:20:45,42.5041427612305,-8.88209915161133,"Unknown"
"9004157",371992,2025-06-21 18:25:45,42.504222869873,-8.88215827941895,"Unknown"
"9004157",371992,2025-06-21 18:30:46,42.5041236877441,-8.88205146789551,"Unknown"
"9004157",371992,2025-06-21 18:35:47,42.5041847229004,-8.88210105895996,"Unknown"
"9004157",371992,2025-06-21 18:40:45,42.5041885375977,-8.88218784332275,"Unknown"
"9004157",371992,2025-06-21 18:45:45,42.504207611084,-8.88234710693359,"Unknown"
"9004157",371992,2025-06-21 18:50:45,42.5042266845703,-8.88217544555664,"Unknown"
"9004157",371992,2025-06-21 18:55:48,42.4947166442871,-8.90204811096191,"Unknown"
"9004157",371992,2025-06-21 19:00:46,42.4781799316406,-8.94234561920166,"Unknown"
"9004157",371992,2025-06-21 19:06:02,42.4772872924805,-8.94489860534668,"Unknown"
"9004157",371992,2025-06-21 19:10:44,42.4772186279297,-8.94481182098389,"Unknown"
"9004157",371992,2025-06-21 19:15:45,42.4772872924805,-8.94483947753906,"Unknown"
"9004157",371992,2025-06-21 19:20:45,42.4772262573242,-8.94478321075439,"Unknown"
"9004157",371992,2025-06-21 19:25:45,42.4773254394531,-8.94496917724609,"Unknown"
"9004157",371992,2025-06-21 19:30:45,42.4773941040039,-8.94509220123291,"Unknown"
"9004157",371992,2025-06-21 19:35:46,42.4774017333984,-8.945068359375,"Unknown"
"9004157",371992,2025-06-21 19:41:05,42.4774208068848,-8.94470024108887,"Unknown"
"9004157",371992,2025-06-21 19:45:44,42.4773712158203,-8.9447135925293,"Unknown"
"9004157",371992,2025-06-21 19:50:44,42.477409362793,-8.94473838806152,"Unknown"
"9004157",371992,2025-06-21 19:55:44,42.477409362793,-8.94470310211182,"Unknown"
"9004157",371992,2025-06-21 20:00:45,42.4773750305176,-8.94469547271729,"Unknown"
"9004157",371992,2025-06-21 20:05:45,42.4774284362793,-8.94467735290527,"Unknown"
"9004157",371992,2025-06-21 20:10:45,42.4775123596191,-8.94464111328125,"Unknown"
"9004157",371992,2025-06-21 20:15:44,42.4773712158203,-8.94474983215332,"Unknown"
"9004157",371992,2025-06-21 20:20:45,42.4773597717285,-8.94472122192383,"Unknown"
"9004157",371992,2025-06-21 20:25:45,42.4774513244629,-8.94466590881348,"Unknown"
"9004157",371992,2025-06-21 20:30:45,42.477424621582,-8.94471645355225,"Unknown"
"9004157",371992,2025-06-21 20:35:45,42.4774894714355,-8.94475746154785,"Unknown"
"9004157",371992,2025-06-21 20:40:44,42.4773902893066,-8.94471263885498,"Unknown"
"9004157",371992,2025-06-21 20:45:45,42.4774513244629,-8.94467639923096,"Unknown"
"9004157",371992,2025-06-21 20:50:45,42.4774360656738,-8.94466590881348,"Unknown"
"9004157",371992,2025-06-21 20:55:45,42.4773941040039,-8.94470596313477,"Unknown"
"9004157",371992,2025-06-21 21:00:45,42.4774589538574,-8.94473457336426,"Unknown"
"9004157",371992,2025-06-21 21:05:46,42.4774742126465,-8.94474411010742,"Unknown"
"9004157",371992,2025-06-21 21:10:45,42.477466583252,-8.9447078704834,"Unknown"
"9004157",371992,2025-06-21 21:15:46,42.4773216247559,-8.94470500946045,"Unknown"
"9004157",371992,2025-06-21 21:20:46,42.4776039123535,-8.94475269317627,"Unknown"
"9004157",371992,2025-06-21 21:25:53,42.4773750305176,-8.94480037689209,"Unknown"
"9004157",371992,2025-06-21 21:30:45,42.4774627685547,-8.94484424591064,"Unknown"
"9004157",371992,2025-06-21 21:35:46,42.4771766662598,-8.94465351104736,"Unknown"
"9004157",371992,2025-06-21 21:40:45,42.4773979187012,-8.94481563568115,"Unknown"
"9004157",371992,2025-06-21 21:45:45,42.4773368835449,-8.94468879699707,"Unknown"
"9004157",371992,2025-06-21 21:50:45,42.4774780273438,-8.94486999511719,"Unknown"
"9004157",371992,2025-06-21 21:55:45,42.4774742126465,-8.94484806060791,"Unknown"
"9004157",371992,2025-06-21 22:00:45,42.4773559570312,-8.94460487365723,"Unknown"
"9004157",371992,2025-06-21 22:05:47,42.4774932861328,-8.94485569000244,"Unknown"
"9004157",371992,2025-06-21 22:10:45,42.4774627685547,-8.94489669799805,"Unknown"
"9004157",371992,2025-06-21 22:15:45,42.4773788452148,-8.94475173950195,"Unknown"
"9004157",371992,2025-06-21 22:21:03,42.4773712158203,-8.94467735290527,"Unknown"
"9004157",371992,2025-06-21 22:25:45,42.4773635864258,-8.94461250305176,"Unknown"
"9004157",371992,2025-06-21 22:30:45,42.4773635864258,-8.94460678100586,"Unknown"
"9004157",371992,2025-06-21 22:35:45,42.477352142334,-8.94459438323975,"Unknown"
"9004157",371992,2025-06-21 22:40:47,42.4772872924805,-8.94477081298828,"Unknown"
"9004157",371992,2025-06-21 22:45:45,42.4773559570312,-8.94468402862549,"Unknown"
"9004157",371992,2025-06-21 22:50:46,42.4773101806641,-8.94476699829102,"Unknown"
"9004157",371992,2025-06-21 22:55:45,42.4773216247559,-8.94473934173584,"Unknown"
"9004157",371992,2025-06-21 23:00:46,42.4773445129395,-8.9446907043457,"Unknown"
"9004157",371992,2025-06-21 23:05:45,42.4773712158203,-8.94463920593262,"Unknown"
"9004157",371992,2025-06-21 23:10:47,42.4773330688477,-8.94465637207031,"Unknown"
"9004157",371992,2025-06-21 23:15:49,42.4773292541504,-8.9446382522583,"Unknown"
"9004157",371992,2025-06-21 23:20:45,42.4772911071777,-8.94468593597412,"Unknown"
"9004157",371992,2025-06-21 23:25:45,42.4773750305176,-8.9445972442627,"Unknown"
"9004157",371992,2025-06-21 23:30:45,42.4773597717285,-8.94466400146484,"Unknown"
"9004157",371992,2025-06-21 23:35:45,42.4774284362793,-8.94455814361572,"Unknown"
"9004157",371992,2025-06-21 23:40:44,42.4772682189941,-8.9447603225708,"Unknown"
"9004157",371992,2025-06-21 23:45:45,42.4773445129395,-8.94465637207031,"Unknown"
"9004157",371992,2025-06-21 23:50:46,42.4773445129395,-8.94466972351074,"Unknown"
"9004157",371992,2025-06-21 23:55:45,42.4774513244629,-8.94451999664307,"Unknown"
"9004157",371992,2025-06-22 00:00:45,42.4772682189941,-8.94466686248779,"Unknown"
"9004157",371992,2025-06-22 00:05:47,42.4773559570312,-8.94460868835449,"Unknown"
"9004157",371992,2025-06-22 00:10:46,42.4772682189941,-8.94478702545166,"Unknown"
"9004157",371992,2025-06-22 00:15:48,42.4774055480957,-8.94485282897949,"Unknown"
"9004157",371992,2025-06-22 00:20:59,42.4773025512695,-8.94479370117188,"Unknown"
"9004157",371992,2025-06-22 00:25:59,42.4772644042969,-8.9447660446167,"Unknown"
"9004157",371992,2025-06-22 00:31:05,42.4773178100586,-8.94468021392822,"Unknown"
"9004157",371992,2025-06-22 00:35:44,42.4775924682617,-8.94490718841553,"Unknown"
"9004157",371992,2025-06-22 00:40:44,42.4774322509766,-8.94470119476318,"Unknown"
"9004157",371992,2025-06-22 00:45:45,42.4774360656738,-8.94473934173584,"Unknown"
"9004157",371992,2025-06-22 00:50:45,42.4776763916016,-8.94481372833252,"Unknown"
"9004157",371992,2025-06-22 00:55:45,42.4775428771973,-8.94479560852051,"Unknown"
"9004157",371992,2025-06-22 01:00:45,42.4774284362793,-8.94468402862549,"Unknown"
"9004157",371992,2025-06-22 01:05:44,42.4776000976562,-8.94475746154785,"Unknown"
"9004157",371992,2025-06-22 01:10:44,42.4775581359863,-8.94481372833252,"Unknown"
"9004157",371992,2025-06-22 01:15:46,42.4775276184082,-8.94479560852051,"Unknown"
"9004157",371992,2025-06-22 01:20:45,42.4774436950684,-8.94475173950195,"Unknown"
"9004157",371992,2025-06-22 01:25:45,42.4773368835449,-8.94467163085938,"Unknown"
"9004157",371992,2025-06-22 01:30:46,42.477294921875,-8.94470882415771,"Unknown"
"9004157",371992,2025-06-22 01:35:45,42.4774475097656,-8.94467735290527,"Unknown"
"9004157",371992,2025-06-22 01:40:47,42.4772338867188,-8.94469738006592,"Unknown"
"9004157",371992,2025-06-22 01:45:46,42.4772911071777,-8.94469547271729,"Unknown"
"9004157",371992,2025-06-22 01:50:47,42.4774856567383,-8.94474506378174,"Unknown"
"9004157",371992,2025-06-22 01:55:51,42.4775009155273,-8.94462776184082,"Unknown"
"9004157",371992,2025-06-22 02:00:49,42.4773750305176,-8.94477558135986,"Unknown"
"9004157",371992,2025-06-22 02:05:52,42.4775619506836,-8.94458484649658,"Unknown"
"9004157",371992,2025-06-22 02:10:54,42.4774780273438,-8.94467353820801,"Unknown"
"9004157",371992,2025-06-22 02:15:52,42.4776916503906,-8.94463062286377,"Unknown"
"9004157",371992,2025-06-22 02:20:52,42.4777145385742,-8.9446325302124,"Unknown"
"9004157",371992,2025-06-22 02:25:55,42.4775886535645,-8.94469451904297,"Unknown"
"9004157",371992,2025-06-22 02:30:54,42.4777069091797,-8.94462394714355,"Unknown"
"9004157",371992,2025-06-22 02:35:54,42.4776611328125,-8.94454765319824,"Unknown"
"9004157",371992,2025-06-22 02:41:05,42.4774475097656,-8.94474124908447,"Unknown"
"9004157",371992,2025-06-22 02:45:46,42.4773483276367,-8.94466304779053,"Unknown"
"9004157",371992,2025-06-22 02:50:48,42.4771461486816,-8.94427394866943,"Unknown"
"9004157",371992,2025-06-22 02:55:51,42.4774055480957,-8.94467639923096,"Unknown"
"9004157",371992,2025-06-22 03:00:45,42.4770927429199,-8.94456958770752,"Unknown"
"9004157",371992,2025-06-22 03:05:48,42.4776229858398,-8.94487762451172,"Unknown"
"9004157",371992,2025-06-22 03:10:54,42.4773864746094,-8.94502925872803,"Unknown"
"9004157",371992,2025-06-22 03:15:48,42.4769897460938,-8.94470024108887,"Unknown"
"9004157",371992,2025-06-22 03:20:48,42.4774208068848,-8.94477272033691,"Unknown"
"9004157",371992,2025-06-22 03:25:48,42.4771270751953,-8.94445323944092,"Unknown"
"9004157",371992,2025-06-22 03:30:52,42.4773979187012,-8.94475555419922,"Unknown"
"9004157",371992,2025-06-22 03:35:45,42.4778785705566,-8.94496726989746,"Unknown"
"9004157",371992,2025-06-22 03:40:51,42.4773750305176,-8.94469261169434,"Unknown"
"9004157",371992,2025-06-22 03:45:47,42.4775657653809,-8.9446964263916,"Unknown"
"9004157",371992,2025-06-22 03:50:49,42.4774513244629,-8.94473457336426,"Unknown"
"9004157",371992,2025-06-22 03:55:53,42.4775276184082,-8.94458389282227,"Unknown"
"9004157",371992,2025-06-22 04:00:54,42.4773368835449,-8.94474029541016,"Unknown"
"9004157",371992,2025-06-22 04:05:51,42.4773750305176,-8.94466495513916,"Unknown"
"9004157",371992,2025-06-22 04:10:46,42.4774322509766,-8.94486999511719,"Unknown"
"9004157",371992,2025-06-22 04:15:51,42.4773254394531,-8.9446907043457,"Unknown"
"9004157",371992,2025-06-22 04:20:54,42.4773979187012,-8.94473934173584,"Unknown"
"9004157",371992,2025-06-22 04:25:48,42.4772911071777,-8.94454765319824,"Unknown"
"9004157",371992,2025-06-22 04:31:02,42.4774017333984,-8.94473075866699,"Unknown"
"9004157",371992,2025-06-22 04:35:45,42.4776000976562,-8.94405078887939,"Unknown"
"9004157",371992,2025-06-22 04:40:45,42.4777641296387,-8.9440393447876,"Unknown"
"9004157",371992,2025-06-22 04:45:45,42.4776763916016,-8.94407081604004,"Unknown"
"9004157",371992,2025-06-22 04:50:47,42.4776268005371,-8.94402599334717,"Unknown"
"9004157",371992,2025-06-22 04:55:46,42.4776153564453,-8.94406700134277,"Unknown"
"9004157",371992,2025-06-22 05:00:45,42.4775161743164,-8.94409942626953,"Unknown"
"9004157",371992,2025-06-22 05:05:45,42.4776077270508,-8.94408416748047,"Unknown"
"9004157",371992,2025-06-22 05:10:44,42.4775657653809,-8.94406986236572,"Unknown"
"9004157",371992,2025-06-22 05:15:45,42.4776191711426,-8.944091796875,"Unknown"
"9004157",371992,2025-06-22 05:20:45,42.4776763916016,-8.9440336227417,"Unknown"
"9004157",371992,2025-06-22 05:25:45,42.4776039123535,-8.94400024414062,"Unknown"
"9004157",371992,2025-06-22 05:30:45,42.4776077270508,-8.94402122497559,"Unknown"
"9004157",371992,2025-06-22 05:35:46,42.4773979187012,-8.94415378570557,"Unknown"
"9004157",371992,2025-06-22 05:40:47,42.4774742126465,-8.94415950775146,"Unknown"
"9004157",371992,2025-06-22 05:45:45,42.4774742126465,-8.94412803649902,"Unknown"
"9004157",371992,2025-06-22 05:50:49,42.4776268005371,-8.94382572174072,"Unknown"
"9004157",371992,2025-06-22 05:55:47,42.4777145385742,-8.94388389587402,"Unknown"
"9004157",371992,2025-06-22 06:00:49,42.4775886535645,-8.94397926330566,"Unknown"
"9004157",371992,2025-06-22 06:05:52,42.4774017333984,-8.94395732879639,"Unknown"
"9004157",371992,2025-06-22 06:10:52,42.4776229858398,-8.94401550292969,"Unknown"
"9004157",371992,2025-06-22 06:15:45,42.4776573181152,-8.94406604766846,"Unknown"
"9004157",371992,2025-06-22 06:20:48,42.4774742126465,-8.94389533996582,"Unknown"
"9004157",371992,2025-06-22 06:25:54,42.4776916503906,-8.94407272338867,"Unknown"
"9004157",371992,2025-06-22 06:30:49,42.477653503418,-8.94408512115479,"Unknown"
"9004157",371992,2025-06-22 06:35:46,42.4777488708496,-8.94418048858643,"Unknown"
"9004157",371992,2025-06-22 06:40:46,42.4776000976562,-8.94396018981934,"Unknown"
"9004157",371992,2025-06-22 06:46:05,42.4776802062988,-8.94400215148926,"Unknown"
"9004157",371992,2025-06-22 06:50:51,42.4776077270508,-8.94403553009033,"Unknown"
"9004157",371992,2025-06-22 06:55:45,42.4775276184082,-8.94391345977783,"Unknown"
"9004157",371992,2025-06-22 07:00:46,42.4776649475098,-8.94376564025879,"Unknown"
"9004157",371992,2025-06-22 07:05:49,42.4776916503906,-8.94385528564453,"Unknown"
"9004157",371992,2025-06-22 07:10:45,42.4775733947754,-8.94390869140625,"Unknown"
"9004157",371992,2025-06-22 07:15:54,42.4776306152344,-8.94404125213623,"Unknown"
"9004157",371992,2025-06-22 07:20:45,42.4776763916016,-8.94415950775146,"Unknown"
"9004157",371992,2025-06-22 07:25:46,42.4777145385742,-8.94415664672852,"Unknown"
"9004157",371992,2025-06-22 07:30:47,42.4776458740234,-8.94411849975586,"Unknown"
"9004157",371992,2025-06-22 07:35:48,42.4775733947754,-8.94428730010986,"Unknown"
"9004157",371992,2025-06-22 07:40:48,42.4775505065918,-8.94389533996582,"Unknown"
"9004157",371992,2025-06-22 07:45:58,42.4775886535645,-8.94400310516357,"Unknown"
"9004157",371992,2025-06-22 07:51:05,42.4776382446289,-8.94402408599854,"Unknown"
"9004157",371992,2025-06-22 07:55:44,42.4776191711426,-8.94408512115479,"Unknown"
"9004157",371992,2025-06-22 08:00:45,42.4776573181152,-8.94402503967285,"Unknown"
"9004157",371992,2025-06-22 08:05:44,42.4776344299316,-8.94413089752197,"Unknown"
"9004157",371992,2025-06-22 08:10:45,42.4776229858398,-8.94407844543457,"Unknown"
"9004157",371992,2025-06-22 08:15:44,42.4775924682617,-8.94411087036133,"Unknown"
"9004157",371992,2025-06-22 08:20:45,42.492546081543,-8.91655826568604,"Unknown"
"9004157",371992,2025-06-22 08:25:45,42.4965896606445,-8.90380573272705,"Unknown"
"9004157",371992,2025-06-22 08:30:52,42.4975929260254,-8.90322303771973,"Unknown"
"9004157",371992,2025-06-22 08:35:52,42.5048217773438,-8.88131141662598,"Unknown"
"9004157",371992,2025-06-22 08:43:43,42.5068168640137,-8.87090492248535,"Unknown"
"9004157",371992,2025-06-22 08:49:11,42.5074119567871,-8.87121105194092,"Unknown"
"9004157",371992,2025-06-22 08:54:19,42.5061340332031,-8.87192249298096,"Unknown"
"9004157",371992,2025-06-22 08:59:20,42.5080451965332,-8.87096309661865,"Unknown"
"9004157",371992,2025-06-22 09:05:01,42.5091781616211,-8.87204742431641,"Unknown"
"9004157",371992,2025-06-22 09:10:07,42.5077247619629,-8.87249851226807,"Unknown"
"9004157",371992,2025-06-22 09:15:34,42.5065498352051,-8.87232494354248,"Unknown"
"9004157",371992,2025-06-22 09:20:34,42.5079650878906,-8.87113475799561,"Unknown"
"9004157",371992,2025-06-22 09:25:49,42.5097808837891,-8.86970043182373,"Unknown"
"9004157",371992,2025-06-22 09:30:45,42.5093383789062,-8.86886405944824,"Unknown"
"9004157",371992,2025-06-22 09:35:44,42.5181579589844,-8.86581039428711,"Unknown"
"9004157",371992,2025-06-22 09:40:44,42.5182266235352,-8.86579036712646,"Unknown"
"9004157",371992,2025-06-22 09:45:44,42.5181579589844,-8.86581897735596,"Unknown"
"9004157",371992,2025-06-22 09:50:44,42.518180847168,-8.8657751083374,"Unknown"
"9004157",371992,2025-06-22 09:55:44,42.5181770324707,-8.86577701568604,"Unknown"
"9004157",371992,2025-06-22 10:00:44,42.5181732177734,-8.86580085754395,"Unknown"
"9004157",371992,2025-06-22 10:05:44,42.5181579589844,-8.86577129364014,"Unknown"
"9004157",371992,2025-06-22 10:10:44,42.5181694030762,-8.8657398223877,"Unknown"
"9004157",371992,2025-06-22 10:15:44,42.5181770324707,-8.86583995819092,"Unknown"
"9004157",371992,2025-06-22 10:20:44,42.5181579589844,-8.86575603485107,"Unknown"
"9004157",371992,2025-06-22 10:25:45,42.5181274414062,-8.86591815948486,"Unknown"
"9004157",371992,2025-06-22 10:30:44,42.5181312561035,-8.86593914031982,"Unknown"
"9004157",371992,2025-06-22 10:35:46,42.5180816650391,-8.86598873138428,"Unknown"
"9004157",371992,2025-06-22 10:40:45,42.5181617736816,-8.86583709716797,"Unknown"
"9004157",371992,2025-06-22 10:45:47,42.5181541442871,-8.86569881439209,"Unknown"
"9004157",371992,2025-06-22 10:50:47,42.5181694030762,-8.86569213867188,"Unknown"
"9004157",371992,2025-06-22 10:55:51,42.5181541442871,-8.86541271209717,"Unknown"
"9004157",371992,2025-06-22 11:00:49,42.5181655883789,-8.86523056030273,"Unknown"
"9004157",371992,2025-06-22 11:05:57,42.5181846618652,-8.86496067047119,"Unknown"
"9004157",371992,2025-06-22 11:11:05,42.5181732177734,-8.86565971374512,"Unknown"
"9004157",371992,2025-06-22 11:15:44,42.5181770324707,-8.8655424118042,"Unknown"
"9004157",371992,2025-06-22 11:20:44,42.5182800292969,-8.86579036712646,"Unknown"
"9004157",371992,2025-06-22 11:25:44,42.5182189941406,-8.86552333831787,"Unknown"
"9004157",371992,2025-06-22 11:30:46,42.5181274414062,-8.86496162414551,"Unknown"
"9004157",371992,2025-06-22 11:35:47,42.5180892944336,-8.86587524414062,"Unknown"
"9004157",371992,2025-06-22 11:40:44,42.518138885498,-8.86589813232422,"Unknown"
"9004157",371992,2025-06-22 11:45:45,42.5182113647461,-8.86655521392822,"Unknown"
"9004157",371992,2025-06-22 11:50:46,42.5185432434082,-8.86858940124512,"Unknown"
"9004157",371992,2025-06-22 11:55:45,42.5184669494629,-8.86724376678467,"Unknown"
"9004157",371992,2025-06-22 12:01:05,42.5182037353516,-8.86571311950684,"Unknown"
"9004157",371992,2025-06-22 12:05:44,42.5182304382324,-8.86566066741943,"Unknown"
"9004157",371992,2025-06-22 12:10:44,42.518196105957,-8.865647315979,"Unknown"
"9004157",371992,2025-06-22 12:16:27,42.5086364746094,-8.87055015563965,"Unknown"
"9004157",371992,2025-06-22 12:21:26,42.5067443847656,-8.87112903594971,"Unknown"
"9004157",371992,2025-06-22 12:26:26,42.5059661865234,-8.87186527252197,"Unknown"
"9004157",371992,2025-06-22 12:32:07,42.5047912597656,-8.87196731567383,"Unknown"
"9004157",371992,2025-06-22 12:37:08,42.5059394836426,-8.87313747406006,"Unknown"
"9004157",371992,2025-06-22 12:42:12,42.5068473815918,-8.87325286865234,"Unknown"
"9004157",371992,2025-06-22 12:47:12,42.507080078125,-8.87385177612305,"Unknown"
"9004157",371992,2025-06-22 12:52:48,42.5076065063477,-8.87238216400146,"Unknown"
"9004157",371992,2025-06-22 12:57:51,42.5068626403809,-8.87328720092773,"Unknown"
"9004157",371992,2025-06-22 13:03:15,42.5066452026367,-8.87460136413574,"Unknown"
"9004157",371992,2025-06-22 13:08:14,42.506649017334,-8.87334823608398,"Unknown"
"9004157",371992,2025-06-22 13:13:26,42.5066108703613,-8.87355804443359,"Unknown"
"9004157",371992,2025-06-22 13:18:54,42.5067939758301,-8.87360763549805,"Unknown"
"9004157",371992,2025-06-22 13:24:36,42.5067291259766,-8.87433052062988,"Unknown"
"9004157",371992,2025-06-22 13:30:14,42.5072898864746,-8.87370681762695,"Unknown"
"9004157",371992,2025-06-22 13:35:13,42.507755279541,-8.87211418151855,"Unknown"
"9004157",371992,2025-06-22 13:40:41,42.5073661804199,-8.87209701538086,"Unknown"
"9004157",371992,2025-06-22 13:45:58,42.5070571899414,-8.87430572509766,"Unknown"
"9004157",371992,2025-06-22 13:52:18,42.5072326660156,-8.87645149230957,"Unknown"
"9004157",371992,2025-06-22 13:57:17,42.5060119628906,-8.87869644165039,"Unknown"
"9004157",371992,2025-06-22 14:02:17,42.5044631958008,-8.88129997253418,"Unknown"
"9004157",371992,2025-06-22 14:07:17,42.5044174194336,-8.88131904602051,"Unknown"
"9004157",371992,2025-06-22 14:12:17,42.5044403076172,-8.88132667541504,"Unknown"
"9004157",371992,2025-06-22 14:17:17,42.5045127868652,-8.88135433197021,"Unknown"
"9004157",371992,2025-06-22 14:22:17,42.5045471191406,-8.88140106201172,"Unknown"
"9004157",371992,2025-06-22 14:27:17,42.5044784545898,-8.88134002685547,"Unknown"
"9004157",371992,2025-06-22 14:32:17,42.5044898986816,-8.88136577606201,"Unknown"
"9004157",371992,2025-06-22 14:37:18,42.5046806335449,-8.88148593902588,"Unknown"
"9004157",371992,2025-06-22 14:42:17,42.5045204162598,-8.88134574890137,"Unknown"
"9004157",371992,2025-06-22 14:47:17,42.5045356750488,-8.8814058303833,"Unknown"
"9004157",371992,2025-06-22 14:52:17,42.5045776367188,-8.88137054443359,"Unknown"
"9004157",371992,2025-06-22 14:57:17,42.5045509338379,-8.88137340545654,"Unknown"
"9004157",371992,2025-06-22 15:02:17,42.504508972168,-8.881422996521,"Unknown"
"9004157",371992,2025-06-22 15:07:18,42.5045166015625,-8.88139343261719,"Unknown"
"9004157",371992,2025-06-22 15:12:17,42.504508972168,-8.88144683837891,"Unknown"
"9004157",371992,2025-06-22 15:17:18,42.5044555664062,-8.88134479522705,"Unknown"
"9004157",371992,2025-06-22 15:22:17,42.5044364929199,-8.88145160675049,"Unknown"
"9004157",371992,2025-06-22 15:27:17,42.5043487548828,-8.88284683227539,"Unknown"
"9004157",371992,2025-06-22 15:32:17,42.5043449401855,-8.88291358947754,"Unknown"
"9004157",371992,2025-06-22 15:37:18,42.5043907165527,-8.88296413421631,"Unknown"
"9004157",371992,2025-06-22 15:42:44,42.5045356750488,-8.88319492340088,"Unknown"
"9004157",371992,2025-06-22 15:47:17,42.5045890808105,-8.88325691223145,"Unknown"
"9004157",371992,2025-06-22 15:52:41,42.5049705505371,-8.8829460144043,"Unknown"
"9004157",371992,2025-06-22 15:57:48,42.5076789855957,-8.87327671051025,"Unknown"
"9004157",371992,2025-06-22 16:06:49,42.5083274841309,-8.87047863006592,"Unknown"
"9004157",371992,2025-06-22 16:11:43,42.5068511962891,-8.87138748168945,"Unknown"
"9004157",371992,2025-06-22 16:29:25,42.5082969665527,-8.87097644805908,"Unknown"
"9004157",371992,2025-06-22 16:42:23,42.5052528381348,-8.88060474395752,"Unknown"
"9004157",371992,2025-06-22 16:47:22,42.5052070617676,-8.88041877746582,"Unknown"
"9004157",371992,2025-06-22 16:52:34,42.5051574707031,-8.88022327423096,"Unknown"
"9004157",371992,2025-06-22 16:57:13,42.5051918029785,-8.88019371032715,"Unknown"
"9004157",371992,2025-06-22 17:02:13,42.5051879882812,-8.88017845153809,"Unknown"
"9004157",371992,2025-06-22 17:07:14,42.5050888061523,-8.88020610809326,"Unknown"
"9004157",371992,2025-06-22 17:12:13,42.504955291748,-8.88021659851074,"Unknown"
"9004157",371992,2025-06-22 17:17:13,42.5050964355469,-8.88017272949219,"Unknown"
"9004157",371992,2025-06-22 17:22:18,42.5038261413574,-8.88439846038818,"Unknown"
"9004157",371992,2025-06-22 17:27:12,42.5036010742188,-8.88715934753418,"Unknown"
"9004157",371992,2025-06-22 17:32:13,42.5034980773926,-8.88755130767822,"Unknown"
"9004157",371992,2025-06-22 17:37:15,42.5036506652832,-8.88739967346191,"Unknown"
"9004157",371992,2025-06-22 17:42:13,42.5035972595215,-8.88736057281494,"Unknown"
"9004157",371992,2025-06-22 17:47:16,42.5037498474121,-8.88714599609375,"Unknown"
"9004157",371992,2025-06-22 17:52:14,42.5035285949707,-8.887451171875,"Unknown"
"9004157",371992,2025-06-22 17:57:14,42.5038681030273,-8.88712406158447,"Unknown"
"9004157",371992,2025-06-22 18:02:15,42.5035247802734,-8.88737010955811,"Unknown"
"9004157",371992,2025-06-22 18:07:15,42.5035400390625,-8.88734817504883,"Unknown"
"9004157",371992,2025-06-22 18:12:15,42.5035400390625,-8.88729476928711,"Unknown"
"9004157",371992,2025-06-22 18:17:15,42.5034828186035,-8.88745498657227,"Unknown"
"9004157",371992,2025-06-22 18:22:16,42.5034332275391,-8.8874683380127,"Unknown"
"9004157",371992,2025-06-22 18:27:15,42.5034370422363,-8.88741779327393,"Unknown"
"9004157",371992,2025-06-22 18:32:35,42.5034446716309,-8.88748931884766,"Unknown"
"9004157",371992,2025-06-22 18:37:15,42.5035629272461,-8.88739776611328,"Unknown"
"9004157",371992,2025-06-22 18:42:23,42.5034713745117,-8.88748741149902,"Unknown"
"9004157",371992,2025-06-22 18:47:26,42.5034217834473,-8.88748455047607,"Unknown"
"9004157",371992,2025-06-22 18:52:15,42.5033645629883,-8.88753414154053,"Unknown"
"9004157",371992,2025-06-22 18:57:23,42.5033569335938,-8.88740158081055,"Unknown"
"9004157",371992,2025-06-22 19:02:15,42.5032424926758,-8.88741397857666,"Unknown"
"9004157",371992,2025-06-22 19:07:15,42.5033493041992,-8.88720226287842,"Unknown"
"9004157",371992,2025-06-22 19:12:15,42.503303527832,-8.88723754882812,"Unknown"
"9004157",371992,2025-06-22 19:17:15,42.4896202087402,-8.9164342880249,"Unknown"
"9004157",371992,2025-06-22 19:22:15,42.4773864746094,-8.94475173950195,"Unknown"
"9004157",371992,2025-06-22 19:27:15,42.4773559570312,-8.94466495513916,"Unknown"
"9004157",371992,2025-06-22 19:32:15,42.4772911071777,-8.94403171539307,"Unknown"
"9004157",371992,2025-06-22 19:37:18,42.4775543212891,-8.94511032104492,"Unknown"
"9004157",371992,2025-06-22 19:42:15,42.4774589538574,-8.9446496963501,"Unknown"
"9004157",371992,2025-06-22 19:47:15,42.4774360656738,-8.94468975067139,"Unknown"
"9004157",371992,2025-06-22 19:52:15,42.4773864746094,-8.94463920593262,"Unknown"
"9004157",371992,2025-06-22 19:57:14,42.4773902893066,-8.94466400146484,"Unknown"
"9004157",371992,2025-06-22 20:02:15,42.4774017333984,-8.9446496963501,"Unknown"
"9004157",371992,2025-06-22 20:07:15,42.4774284362793,-8.9446439743042,"Unknown"
"9004157",371992,2025-06-22 20:12:16,42.4774169921875,-8.94466400146484,"Unknown"
"9004157",371992,2025-06-22 20:17:15,42.4774894714355,-8.94471549987793,"Unknown"
"9004157",371992,2025-06-22 20:22:15,42.4774551391602,-8.94482517242432,"Unknown"
"9004157",371992,2025-06-22 20:27:15,42.4773864746094,-8.94467735290527,"Unknown"
"9004157",371992,2025-06-22 20:32:15,42.4773864746094,-8.94470977783203,"Unknown"
"9004157",371992,2025-06-22 20:37:15,42.477352142334,-8.94456481933594,"Unknown"
"9004157",371992,2025-06-22 20:42:15,42.4774360656738,-8.94503498077393,"Unknown"
"9004157",371992,2025-06-22 20:47:17,42.4773406982422,-8.9445629119873,"Unknown"
"9004157",371992,2025-06-22 20:52:15,42.4774208068848,-8.94462966918945,"Unknown"
"9004157",371992,2025-06-22 20:57:16,42.4777374267578,-8.94463348388672,"Unknown"
"9004157",371992,2025-06-22 21:02:17,42.477783203125,-8.94486141204834,"Unknown"
"9004157",371992,2025-06-22 21:07:25,42.477424621582,-8.94451236724854,"Unknown"
"9004157",371992,2025-06-22 21:12:25,42.4773979187012,-8.94465160369873,"Unknown"
"9004157",371992,2025-06-22 21:17:35,42.477424621582,-8.94467163085938,"Unknown"
"9004157",371992,2025-06-22 21:22:14,42.4774551391602,-8.94467258453369,"Unknown"
"9004157",371992,2025-06-22 21:27:14,42.4774398803711,-8.9446907043457,"Unknown"
"9004157",371992,2025-06-22 21:32:17,42.4774398803711,-8.94468879699707,"Unknown"
"9004157",371992,2025-06-22 21:37:15,42.4774436950684,-8.94464206695557,"Unknown"
"9004157",371992,2025-06-22 21:42:15,42.4775543212891,-8.94471454620361,"Unknown"
"9004157",371992,2025-06-22 21:47:16,42.4775161743164,-8.9447660446167,"Unknown"
"9004157",371992,2025-06-22 21:52:14,42.4771041870117,-8.94398498535156,"Unknown"
"9004157",371992,2025-06-22 21:57:16,42.4774208068848,-8.94473075866699,"Unknown"
"9004157",371992,2025-06-22 22:02:19,42.4773635864258,-8.94461059570312,"Unknown"
"9004157",371992,2025-06-22 22:07:19,42.4774894714355,-8.94479942321777,"Unknown"
"9004157",371992,2025-06-22 22:12:20,42.477367401123,-8.9446382522583,"Unknown"
"9004157",371992,2025-06-22 22:17:20,42.4775466918945,-8.94469547271729,"Unknown"
"9004157",371992,2025-06-22 22:22:20,42.4771423339844,-8.94457817077637,"Unknown"
"9004157",371992,2025-06-22 22:27:26,42.4773902893066,-8.94461250305176,"Unknown"
"9004157",371992,2025-06-22 22:32:32,42.4774322509766,-8.94470119476318,"Unknown"
"9004157",371992,2025-06-22 22:37:15,42.4773902893066,-8.9447135925293,"Unknown"
"9004157",371992,2025-06-22 22:42:15,42.4774856567383,-8.94470119476318,"Unknown"
"9004157",371992,2025-06-22 22:47:15,42.4774284362793,-8.94470024108887,"Unknown"
"9004157",371992,2025-06-22 22:52:15,42.4773368835449,-8.94467639923096,"Unknown"
"9004157",371992,2025-06-22 22:57:17,42.4775085449219,-8.94472789764404,"Unknown"
"9004157",371992,2025-06-22 23:02:50,42.4774589538574,-8.94472217559814,"Unknown"
"9004157",371992,2025-06-22 23:07:16,42.4772911071777,-8.94461822509766,"Unknown"
"9004157",371992,2025-06-22 23:12:18,42.4772644042969,-8.94463634490967,"Unknown"
"9004157",371992,2025-06-22 23:17:25,42.4775466918945,-8.94477367401123,"Unknown"
"9004157",371992,2025-06-22 23:22:25,42.4774513244629,-8.9446849822998,"Unknown"
"9004157",371992,2025-06-22 23:27:26,42.4774284362793,-8.94470119476318,"Unknown"
"9004157",371992,2025-06-22 23:32:26,42.4774284362793,-8.94469261169434,"Unknown"
"9004157",371992,2025-06-22 23:37:15,42.4774894714355,-8.94472312927246,"Unknown"
"9004157",371992,2025-06-22 23:42:17,42.4773559570312,-8.94468784332275,"Unknown"
"9004157",371992,2025-06-22 23:47:15,42.4773139953613,-8.94457340240479,"Unknown"
"9004157",371992,2025-06-22 23:52:16,42.4773864746094,-8.94465827941895,"Unknown"
"9004157",371992,2025-06-22 23:57:16,42.4774169921875,-8.94465446472168,"Unknown"
"9004157",371992,2025-06-23 00:02:36,42.4774208068848,-8.94467639923096,"Unknown"
"9004157",371992,2025-06-23 00:07:15,42.4774475097656,-8.94470405578613,"Unknown"
"9004157",371992,2025-06-23 00:12:18,42.4773788452148,-8.94463157653809,"Unknown"
"9004157",371992,2025-06-23 00:17:19,42.4774436950684,-8.94474220275879,"Unknown"
"9004157",371992,2025-06-23 00:22:33,42.4774971008301,-8.94471836090088,"Unknown"
"9004157",371992,2025-06-23 00:27:37,42.4772987365723,-8.94449043273926,"Unknown"
"9004157",371992,2025-06-23 00:32:14,42.4774322509766,-8.94474983215332,"Unknown"
"9004157",371992,2025-06-23 00:37:14,42.4778518676758,-8.94522476196289,"Unknown"
"9004157",371992,2025-06-23 00:42:19,42.4776878356934,-8.94449615478516,"Unknown"
"9004157",371992,2025-06-23 00:47:25,42.4776039123535,-8.94472694396973,"Unknown"
"9004157",371992,2025-06-23 00:52:22,42.4775581359863,-8.94467258453369,"Unknown"
"9004157",371992,2025-06-23 00:57:25,42.4776039123535,-8.94472980499268,"Unknown"
"9004157",371992,2025-06-23 01:02:19,42.4776878356934,-8.94363784790039,"Unknown"
"9004157",371992,2025-06-23 01:07:18,42.4775657653809,-8.9438943862915,"Unknown"
"9004157",371992,2025-06-23 01:12:23,42.4776268005371,-8.94471549987793,"Unknown"
"9004157",371992,2025-06-23 01:17:20,42.4776306152344,-8.94472789764404,"Unknown"
"9004157",371992,2025-06-23 01:22:26,42.4777069091797,-8.94462108612061,"Unknown"
"9004157",371992,2025-06-23 01:27:26,42.4776153564453,-8.94467830657959,"Unknown"
"9004157",371992,2025-06-23 01:32:26,42.4776268005371,-8.94466495513916,"Unknown"
"9004157",371992,2025-06-23 01:37:26,42.4778060913086,-8.94468307495117,"Unknown"
"9004157",371992,2025-06-23 01:42:27,42.4775848388672,-8.94469261169434,"Unknown"
"9004157",371992,2025-06-23 01:47:26,42.4777984619141,-8.94468307495117,"Unknown"
"9004157",371992,2025-06-23 01:52:20,42.4776344299316,-8.94468402862549,"Unknown"
"9004157",371992,2025-06-23 01:57:25,42.4776916503906,-8.94466876983643,"Unknown"
"9004157",371992,2025-06-23 02:02:25,42.477912902832,-8.94459056854248,"Unknown"
"9004157",371992,2025-06-23 02:07:25,42.4776268005371,-8.94470024108887,"Unknown"
"9004157",371992,2025-06-23 02:12:25,42.4778938293457,-8.94464778900146,"Unknown"
"9004157",371992,2025-06-23 02:17:25,42.478157043457,-8.94459629058838,"Unknown"
"9004157",371992,2025-06-23 02:22:25,42.4780349731445,-8.94469165802002,"Unknown"
"9004157",371992,2025-06-23 02:27:25,42.4781951904297,-8.94458961486816,"Unknown"
"9004157",371992,2025-06-23 02:32:25,42.478630065918,-8.94462203979492,"Unknown"
"9004157",371992,2025-06-23 02:37:25,42.4790649414062,-8.94455242156982,"Unknown"
"9004157",371992,2025-06-23 02:42:35,42.477466583252,-8.94468116760254,"Unknown"
"9004157",371992,2025-06-23 02:47:14,42.4774932861328,-8.94441318511963,"Unknown"
"9004157",371992,2025-06-23 02:52:13,42.4774742126465,-8.94455337524414,"Unknown"
"9004157",371992,2025-06-23 02:57:13,42.4773864746094,-8.94464588165283,"Unknown"
"9004157",371992,2025-06-23 03:02:19,42.4773826599121,-8.94457912445068,"Unknown"
"9004157",371992,2025-06-23 03:07:14,42.4773483276367,-8.94446468353271,"Unknown"
"9004157",371992,2025-06-23 03:12:18,42.4773597717285,-8.94462299346924,"Unknown"
"9004157",371992,2025-06-23 03:17:14,42.4773368835449,-8.94450950622559,"Unknown"
"9004157",371992,2025-06-23 03:22:14,42.4772720336914,-8.94455051422119,"Unknown"
"9004157",371992,2025-06-23 03:27:13,42.477352142334,-8.94456577301025,"Unknown"
"9004157",371992,2025-06-23 03:32:14,42.4775238037109,-8.94470500946045,"Unknown"
"9004157",371992,2025-06-23 03:37:17,42.4769096374512,-8.94417381286621,"Unknown"
"9004157",371992,2025-06-23 03:42:24,42.4773559570312,-8.94469928741455,"Unknown"
"9004157",371992,2025-06-23 03:47:14,42.4776382446289,-8.94496250152588,"Unknown"
"9004157",371992,2025-06-23 03:52:17,42.4772415161133,-8.94467735290527,"Unknown"
"9004157",371992,2025-06-23 03:57:34,42.4775314331055,-8.94473266601562,"Unknown"
"9004157",371992,2025-06-23 04:02:14,42.4774894714355,-8.94451904296875,"Unknown"
"9004157",371992,2025-06-23 04:07:14,42.4773635864258,-8.94448089599609,"Unknown"
"9004157",371992,2025-06-23 04:12:14,42.4774284362793,-8.94458484649658,"Unknown"
"9004157",371992,2025-06-23 04:17:13,42.4774589538574,-8.94462394714355,"Unknown"
"9004157",371992,2025-06-23 04:22:15,42.4773979187012,-8.94474029541016,"Unknown"
"9004157",371992,2025-06-23 04:27:13,42.4775314331055,-8.94458293914795,"Unknown"
"9004157",371992,2025-06-23 04:32:13,42.4774627685547,-8.9447135925293,"Unknown"
"9004157",371992,2025-06-23 04:37:13,42.477424621582,-8.94464588165283,"Unknown"
"9004157",371992,2025-06-23 04:42:13,42.4774208068848,-8.944748878479,"Unknown"
"9004157",371992,2025-06-23 04:47:13,42.477424621582,-8.94463157653809,"Unknown"
"9004157",371992,2025-06-23 04:52:14,42.477481842041,-8.94464778900146,"Unknown"
"9004157",371992,2025-06-23 04:57:14,42.4773826599121,-8.94466114044189,"Unknown"
"9004157",371992,2025-06-23 05:02:14,42.4774169921875,-8.94473171234131,"Unknown"
"9004157",371992,2025-06-23 05:07:14,42.4773979187012,-8.94467067718506,"Unknown"
"9004157",371992,2025-06-23 05:12:14,42.477466583252,-8.94462013244629,"Unknown"
"9004157",371992,2025-06-23 05:17:14,42.4774284362793,-8.94469261169434,"Unknown"
"9004157",371992,2025-06-23 05:22:14,42.4774436950684,-8.94469738006592,"Unknown"
"9004157",371992,2025-06-23 05:27:14,42.4774017333984,-8.94469451904297,"Unknown"
"9004157",371992,2025-06-23 05:32:14,42.4774398803711,-8.94470024108887,"Unknown"
"9004157",371992,2025-06-23 05:37:13,42.4774055480957,-8.94468021392822,"Unknown"
"9004157",371992,2025-06-23 05:42:14,42.4774894714355,-8.94467353820801,"Unknown"
"9004157",371992,2025-06-23 05:47:14,42.4775009155273,-8.94463729858398,"Unknown"
"9004157",371992,2025-06-23 05:52:14,42.4773483276367,-8.94464015960693,"Unknown"
"9004157",371992,2025-06-23 05:57:14,42.4774017333984,-8.94471645355225,"Unknown"
"9004157",371992,2025-06-23 06:02:13,42.4773712158203,-8.94465255737305,"Unknown"
"9004157",371992,2025-06-23 06:07:13,42.4774932861328,-8.94468212127686,"Unknown"
"9004157",371992,2025-06-23 06:12:13,42.477409362793,-8.94469165802002,"Unknown"
"9004157",371992,2025-06-23 06:17:14,42.4773788452148,-8.94466686248779,"Unknown"
"9004157",371992,2025-06-23 06:22:15,42.4774169921875,-8.94465351104736,"Unknown"
"9004157",371992,2025-06-23 06:27:15,42.4773864746094,-8.94464778900146,"Unknown"
"9004157",371992,2025-06-23 06:32:18,42.4779624938965,-8.94405460357666,"Unknown"
"9004157",371992,2025-06-23 06:37:18,42.4779396057129,-8.9440803527832,"Unknown"
"9004157",371992,2025-06-23 06:42:17,42.4780464172363,-8.94412708282471,"Unknown"
"9004157",371992,2025-06-23 06:47:15,42.477970123291,-8.94408702850342,"Unknown"
"9004157",371992,2025-06-23 06:52:18,42.4779815673828,-8.94411468505859,"Unknown"
"9004157",371992,2025-06-23 06:57:35,42.477897644043,-8.94400119781494,"Unknown"
"9004157",371992,2025-06-23 07:02:14,42.4778175354004,-8.94395637512207,"Unknown"
"9004157",371992,2025-06-23 07:07:33,42.4779396057129,-8.94400691986084,"Unknown"
"9004157",371992,2025-06-23 07:12:14,42.4781227111816,-8.94390201568604,"Unknown"
"9004157",371992,2025-06-23 07:17:14,42.4779777526855,-8.94395446777344,"Unknown"
"9004157",371992,2025-06-23 07:22:13,42.4778938293457,-8.94404220581055,"Unknown"
"9004157",371992,2025-06-23 07:27:14,42.4779090881348,-8.94404697418213,"Unknown"
"9004157",371992,2025-06-23 07:32:14,42.4779014587402,-8.94404792785645,"Unknown"
"9004157",371992,2025-06-23 07:37:14,42.4778480529785,-8.94408130645752,"Unknown"
"9004157",371992,2025-06-23 07:42:14,42.4778785705566,-8.94406604766846,"Unknown"
"9004157",371992,2025-06-23 07:47:13,42.477855682373,-8.94406414031982,"Unknown"
"9004157",371992,2025-06-23 07:52:15,42.4778709411621,-8.94405460357666,"Unknown"
"9004157",371992,2025-06-23 07:57:13,42.4778175354004,-8.94410610198975,"Unknown"
"9004157",371992,2025-06-23 08:02:35,42.4835166931152,-8.93010139465332,"Unknown"
"9004157",371992,2025-06-23 08:07:14,42.4933204650879,-8.90939331054688,"Unknown"
"9004157",371992,2025-06-23 08:12:43,42.4939880371094,-8.90943431854248,"Unknown"
"9004157",371992,2025-06-23 08:17:43,42.494701385498,-8.90860176086426,"Unknown"
"9004157",371992,2025-06-23 08:23:06,42.4948463439941,-8.90888214111328,"Unknown"
"9004157",371992,2025-06-23 08:28:06,42.4956970214844,-8.90720844268799,"Unknown"
"9004157",371992,2025-06-23 08:33:08,42.4967079162598,-8.90617942810059,"Unknown"
"9004157",371992,2025-06-23 08:38:21,42.4978942871094,-8.90407848358154,"Unknown"
"9004157",371992,2025-06-23 08:43:21,42.4984283447266,-8.89902114868164,"Unknown"
"9004157",371992,2025-06-23 08:48:21,42.5053863525391,-8.875563621521,"Unknown"
"9004157",371992,2025-06-23 08:54:04,42.507137298584,-8.87160873413086,"Unknown"
"9004157",371992,2025-06-23 09:00:37,42.5080261230469,-8.8707332611084,"Unknown"
"9004157",371992,2025-06-23 09:05:37,42.5079765319824,-8.87140560150146,"Unknown"
"9004157",371992,2025-06-23 09:11:29,42.5069198608398,-8.87240505218506,"Unknown"
"9004157",371992,2025-06-23 09:16:43,42.5066108703613,-8.87216377258301,"Unknown"
"9004157",371992,2025-06-23 09:22:16,42.5076942443848,-8.87166404724121,"Unknown"
"9004157",371992,2025-06-23 09:28:10,42.5074195861816,-8.87295436859131,"Unknown"
"9004157",371992,2025-06-23 09:33:16,42.5059967041016,-8.87352848052979,"Unknown"
"9004157",371992,2025-06-23 09:38:52,42.5064010620117,-8.87440395355225,"Unknown"
"9004157",371992,2025-06-23 09:44:17,42.5077095031738,-8.87277984619141,"Unknown"
"9004157",371992,2025-06-23 09:49:19,42.5084762573242,-8.87235260009766,"Unknown"
"9004157",371992,2025-06-23 09:54:22,42.5080604553223,-8.87366771697998,"Unknown"
"9004157",371992,2025-06-23 09:59:24,42.5072593688965,-8.87497520446777,"Unknown"
"9004157",371992,2025-06-23 10:04:25,42.5061225891113,-8.87597465515137,"Unknown"
"9004157",371992,2025-06-23 10:09:24,42.5048370361328,-8.8790111541748,"Unknown"
"9004157",371992,2025-06-23 10:14:23,42.5045471191406,-8.87984466552734,"Unknown"
"9004157",371992,2025-06-23 10:19:25,42.5045204162598,-8.87986755371094,"Unknown"
"9004157",371992,2025-06-23 10:24:44,42.5046615600586,-8.88057041168213,"Unknown"
"9004157",371992,2025-06-23 10:29:27,42.5046920776367,-8.88082313537598,"Unknown"
"9004157",371992,2025-06-23 10:34:24,42.5046119689941,-8.88054752349854,"Unknown"
"9004157",371992,2025-06-23 10:39:24,42.5045547485352,-8.88047409057617,"Unknown"
"9004157",371992,2025-06-23 10:44:26,42.504581451416,-8.88052368164062,"Unknown"
"9004157",371992,2025-06-23 10:49:44,42.5046691894531,-8.8805627822876,"Unknown"
"9004157",371992,2025-06-23 10:54:24,42.5046043395996,-8.88054847717285,"Unknown"
"9004157",371992,2025-06-23 10:59:26,42.5045433044434,-8.88063430786133,"Unknown"
"9004157",371992,2025-06-23 11:04:26,42.5044822692871,-8.88065719604492,"Unknown"
"9004157",371992,2025-06-23 11:09:26,42.5044784545898,-8.88077449798584,"Unknown"
"9004157",371992,2025-06-23 11:14:28,42.5046234130859,-8.88068008422852,"Unknown"
"9004157",371992,2025-06-23 11:19:44,42.5046806335449,-8.88059520721436,"Unknown"
"9004157",371992,2025-06-23 11:24:26,42.5047607421875,-8.88057613372803,"Unknown"
"9004157",371992,2025-06-23 11:29:25,42.5046501159668,-8.88067054748535,"Unknown"
"9004157",371992,2025-06-23 11:34:29,42.5049247741699,-8.88051700592041,"Unknown"
"9004157",371992,2025-06-23 11:39:28,42.5046310424805,-8.88067722320557,"Unknown"
"9004157",371992,2025-06-23 11:44:53,42.5048637390137,-8.88064193725586,"Unknown"
"9004157",371992,2025-06-23 11:49:47,42.5048789978027,-8.88070774078369,"Unknown"
"9004157",371992,2025-06-23 11:54:59,42.5043907165527,-8.88073921203613,"Unknown"
"9004157",371992,2025-06-23 11:59:23,42.5043640136719,-8.88076877593994,"Unknown"
"9004157",371992,2025-06-23 12:04:23,42.5043983459473,-8.88077545166016,"Unknown"
"9004157",371992,2025-06-23 12:09:23,42.5043983459473,-8.8808069229126,"Unknown"
"9004157",371992,2025-06-23 12:14:23,42.504322052002,-8.8807897567749,"Unknown"
"9004157",371992,2025-06-23 12:19:23,42.5043449401855,-8.88079166412354,"Unknown"
"9004157",371992,2025-06-23 12:24:23,42.5043754577637,-8.88080787658691,"Unknown"
"9004157",371992,2025-06-23 12:29:23,42.5042915344238,-8.88090229034424,"Unknown"
"9004157",371992,2025-06-23 12:34:24,42.504280090332,-8.88097095489502,"Unknown"
"9004157",371992,2025-06-23 12:39:24,42.5043678283691,-8.88105964660645,"Unknown"
"9004157",371992,2025-06-23 12:44:24,42.5043640136719,-8.88108158111572,"Unknown"
"9004157",371992,2025-06-23 12:49:24,42.5043182373047,-8.88115501403809,"Unknown"
"9004157",371992,2025-06-23 12:54:24,42.504207611084,-8.88111686706543,"Unknown"
"9004157",371992,2025-06-23 12:59:23,42.504322052002,-8.8810453414917,"Unknown"
"9004157",371992,2025-06-23 13:04:23,42.5042343139648,-8.88109588623047,"Unknown"
"9004157",371992,2025-06-23 13:09:23,42.5043334960938,-8.88110446929932,"Unknown"
"9004157",371992,2025-06-23 13:14:23,42.5042915344238,-8.88104915618896,"Unknown"
"9004157",371992,2025-06-23 13:19:58,42.5064277648926,-8.87329578399658,"Unknown"
"9004157",371992,2025-06-23 13:24:59,42.5069847106934,-8.87178707122803,"Unknown"
"9004157",371992,2025-06-23 13:30:13,42.5077209472656,-8.87046718597412,"Unknown"
"9004157",371992,2025-06-23 13:35:33,42.5089454650879,-8.87055397033691,"Unknown"
"9004157",371992,2025-06-23 13:41:06,42.5082664489746,-8.87012958526611,"Unknown"
"9004157",371992,2025-06-23 13:46:41,42.5082321166992,-8.87158966064453,"Unknown"
"9004157",371992,2025-06-23 13:52:26,42.5090141296387,-8.87142658233643,"Unknown"
"9004157",371992,2025-06-23 13:58:05,42.5083122253418,-8.87046813964844,"Unknown"
"9004157",371992,2025-06-23 14:03:10,42.5069541931152,-8.87091636657715,"Unknown"
"9004157",371992,2025-06-23 14:09:07,42.5060653686523,-8.87330341339111,"Unknown"
"9004157",371992,2025-06-23 14:14:13,42.5069732666016,-8.87287712097168,"Unknown"
"9004157",371992,2025-06-23 14:28:18,42.5079536437988,-8.87309265136719,"Unknown"
"9004157",371992,2025-06-23 15:03:05,42.5075454711914,-8.87760448455811,"Unknown"
"9004157",371992,2025-06-23 15:07:32,42.5042686462402,-8.88299369812012,"Unknown"
"9004157",371992,2025-06-23 15:12:32,42.5042114257812,-8.88299083709717,"Unknown"
"9004157",371992,2025-06-23 15:17:31,42.5027656555176,-8.88100910186768,"Unknown"
"9004157",371992,2025-06-23 15:22:33,42.5031776428223,-8.8815860748291,"Unknown"
"9004157",371992,2025-06-23 15:27:39,42.5043830871582,-8.88313293457031,"Unknown"
"9004157",371992,2025-06-23 15:33:05,42.5041656494141,-8.88304138183594,"Unknown"
"9004157",371992,2025-06-23 15:37:37,42.5042266845703,-8.88305854797363,"Unknown"
"9004157",371992,2025-06-23 15:42:32,42.5046615600586,-8.88311100006104,"Unknown"
"9004157",371992,2025-06-23 15:47:38,42.5042495727539,-8.88289642333984,"Unknown"
"9004157",371992,2025-06-23 15:52:31,42.504695892334,-8.88332843780518,"Unknown"
"9004157",371992,2025-06-23 15:57:32,42.5046119689941,-8.88336658477783,"Unknown"
"9004157",371992,2025-06-23 16:03:05,42.5043640136719,-8.88286972045898,"Unknown"
"9004157",371992,2025-06-23 16:07:29,42.5043525695801,-8.88287353515625,"Unknown"
"9004157",371992,2025-06-23 16:12:29,42.5043754577637,-8.88283920288086,"Unknown"
"9004157",371992,2025-06-23 16:17:29,42.5043525695801,-8.88286781311035,"Unknown"
"9004157",371992,2025-06-23 16:22:29,42.5043334960938,-8.88283824920654,"Unknown"
"9004157",371992,2025-06-23 16:27:29,42.5043411254883,-8.88284111022949,"Unknown"
"9004157",371992,2025-06-23 16:32:29,42.5043525695801,-8.88291072845459,"Unknown"
"9004157",371992,2025-06-23 16:37:29,42.5043487548828,-8.88286781311035,"Unknown"
"9004157",371992,2025-06-23 16:42:29,42.50439453125,-8.88278579711914,"Unknown"
"9004157",371992,2025-06-23 16:47:30,42.5043754577637,-8.8828182220459,"Unknown"
"9004157",371992,2025-06-23 16:52:29,42.5043907165527,-8.88281154632568,"Unknown"
"9004157",371992,2025-06-23 16:57:32,42.5052146911621,-8.88359260559082,"Unknown"
"9004157",371992,2025-06-23 17:02:30,42.5056838989258,-8.88482761383057,"Unknown"
"9004157",371992,2025-06-23 17:07:30,42.5061798095703,-8.88556861877441,"Unknown"
"9004157",371992,2025-06-23 17:12:31,42.5110702514648,-8.89093017578125,"Unknown"
"9004157",371992,2025-06-23 17:17:30,42.5114288330078,-8.89116764068604,"Unknown"
"9004157",371992,2025-06-23 17:22:30,42.511589050293,-8.89219379425049,"Unknown"
"9004157",371992,2025-06-23 17:27:31,42.5119400024414,-8.89241409301758,"Unknown"
"9004157",371992,2025-06-23 17:32:43,42.512134552002,-8.89211082458496,"Unknown"
"9004157",371992,2025-06-23 17:37:45,42.511905670166,-8.89192390441895,"Unknown"
"9004157",371992,2025-06-23 17:43:17,42.511890411377,-8.89066791534424,"Unknown"
"9004157",371992,2025-06-23 17:48:17,42.5110054016113,-8.89048099517822,"Unknown"
"9004157",371992,2025-06-23 17:54:40,42.5101623535156,-8.88997077941895,"Unknown"
"9004157",371992,2025-06-23 17:59:43,42.5101089477539,-8.89186000823975,"Unknown"
"9004157",371992,2025-06-23 18:04:42,42.5104484558105,-8.89262771606445,"Unknown"
"9004157",371992,2025-06-23 18:09:39,42.5097541809082,-8.89056205749512,"Unknown"
"9004157",371992,2025-06-23 18:14:41,42.4984130859375,-8.90664100646973,"Unknown"
"9004157",371992,2025-06-23 18:19:42,42.4763107299805,-8.94484043121338,"Unknown"
"9004157",371992,2025-06-23 18:24:45,42.4760971069336,-8.9446325302124,"Unknown"
"9004157",371992,2025-06-23 18:29:49,42.4762382507324,-8.94476318359375,"Unknown"
"9004157",371992,2025-06-23 18:35:05,42.4762649536133,-8.94482421875,"Unknown"
"9004157",371992,2025-06-23 18:39:40,42.4763336181641,-8.94486999511719,"Unknown"
"9004157",371992,2025-06-23 18:44:40,42.4763565063477,-8.94486141204834,"Unknown"
"9004157",371992,2025-06-23 18:49:40,42.4763336181641,-8.94475269317627,"Unknown"
"9004157",371992,2025-06-23 18:54:40,42.4763603210449,-8.94498825073242,"Unknown"
"9004157",371992,2025-06-23 18:59:40,42.4762878417969,-8.94486713409424,"Unknown"
"9004157",371992,2025-06-23 19:04:40,42.4762306213379,-8.94502639770508,"Unknown"
"9004157",371992,2025-06-23 19:09:40,42.4762344360352,-8.94492053985596,"Unknown"
"9004157",371992,2025-06-23 19:14:41,42.4762649536133,-8.94478511810303,"Unknown"
"9004157",371992,2025-06-23 19:19:42,42.4761924743652,-8.94489574432373,"Unknown"
"9004157",371992,2025-06-23 19:24:40,42.4773597717285,-8.94462966918945,"Unknown"
"9004157",371992,2025-06-23 19:29:41,42.4775085449219,-8.94468212127686,"Unknown"
"9004157",371992,2025-06-23 19:34:40,42.4773750305176,-8.94465446472168,"Unknown"
"9004157",371992,2025-06-23 19:39:40,42.4774322509766,-8.94466781616211,"Unknown"
"9004157",371992,2025-06-23 19:44:40,42.4774513244629,-8.94467163085938,"Unknown"
"9004157",371992,2025-06-23 19:49:40,42.4772300720215,-8.94481563568115,"Unknown"
"9004157",371992,2025-06-23 19:54:41,42.477424621582,-8.94467163085938,"Unknown"
"9004157",371992,2025-06-23 19:59:40,42.4774169921875,-8.94470596313477,"Unknown"
"9004157",371992,2025-06-23 20:04:40,42.477409362793,-8.94479084014893,"Unknown"
"9004157",371992,2025-06-23 20:09:40,42.4774360656738,-8.9447603225708,"Unknown"
"9004157",371992,2025-06-23 20:14:40,42.4773902893066,-8.9446964263916,"Unknown"
"9004157",371992,2025-06-23 20:19:40,42.477424621582,-8.94481563568115,"Unknown"
"9004157",371992,2025-06-23 20:24:40,42.4773559570312,-8.94467639923096,"Unknown"
"9004157",371992,2025-06-23 20:29:40,42.4773216247559,-8.94465732574463,"Unknown"
"9004157",371992,2025-06-23 20:35:05,42.4774131774902,-8.94472122192383,"Unknown"
"9004157",371992,2025-06-23 20:39:40,42.4773941040039,-8.94479656219482,"Unknown"
"9004157",371992,2025-06-23 20:44:40,42.477367401123,-8.94466304779053,"Unknown"
"9004157",371992,2025-06-23 20:49:40,42.4774932861328,-8.94468402862549,"Unknown"
"9004157",371992,2025-06-23 20:54:40,42.477481842041,-8.94466590881348,"Unknown"
"9004157",371992,2025-06-23 20:59:40,42.4774475097656,-8.9446496963501,"Unknown"
"9004157",371992,2025-06-23 21:04:40,42.4773292541504,-8.94462394714355,"Unknown"
"9004157",371992,2025-06-23 21:09:40,42.4773406982422,-8.94468402862549,"Unknown"
"9004157",371992,2025-06-23 21:14:40,42.4774131774902,-8.94469928741455,"Unknown"
"9004157",371992,2025-06-23 21:19:40,42.4774703979492,-8.94472217559814,"Unknown"
"9004157",371992,2025-06-23 21:24:40,42.4772796630859,-8.9444465637207,"Unknown"
"9004157",371992,2025-06-23 21:29:40,42.4774475097656,-8.94476318359375,"Unknown"
"9004157",371992,2025-06-23 21:34:41,42.4774131774902,-8.94466972351074,"Unknown"
"9004157",371992,2025-06-23 21:39:50,42.4774322509766,-8.9446907043457,"Unknown"
"9004157",371992,2025-06-23 21:44:40,42.4774055480957,-8.94472694396973,"Unknown"
"9004157",371992,2025-06-23 21:49:41,42.4774703979492,-8.94476699829102,"Unknown"
"9004157",371992,2025-06-23 21:54:41,42.4775123596191,-8.94494533538818,"Unknown"
"9004157",371992,2025-06-23 21:59:40,42.4774436950684,-8.94484329223633,"Unknown"
"9004157",371992,2025-06-23 22:04:40,42.4774894714355,-8.94471645355225,"Unknown"
"9004157",371992,2025-06-23 22:09:40,42.4774169921875,-8.94490432739258,"Unknown"
"9004157",371992,2025-06-23 22:14:40,42.4776458740234,-8.94470882415771,"Unknown"
"9004157",371992,2025-06-23 22:19:40,42.4774703979492,-8.94460391998291,"Unknown"
"9004157",371992,2025-06-23 22:24:42,42.4772300720215,-8.94449234008789,"Unknown"
"9004157",371992,2025-06-23 22:29:41,42.4774513244629,-8.94471263885498,"Unknown"
"9004157",371992,2025-06-23 22:34:40,42.4774513244629,-8.9446439743042,"Unknown"
"9004157",371992,2025-06-23 22:39:41,42.4772720336914,-8.94463348388672,"Unknown"
"9004157",371992,2025-06-23 22:44:40,42.477481842041,-8.94493961334229,"Unknown"
"9004157",371992,2025-06-23 22:49:40,42.4774131774902,-8.94467163085938,"Unknown"
"9004157",371992,2025-06-23 22:54:47,42.4773902893066,-8.94463920593262,"Unknown"
"9004157",371992,2025-06-23 22:59:41,42.4774169921875,-8.94466876983643,"Unknown"
"9004157",371992,2025-06-23 23:04:41,42.4775161743164,-8.9448127746582,"Unknown"
"9004157",371992,2025-06-23 23:09:41,42.4775199890137,-8.94486618041992,"Unknown"
"9004157",371992,2025-06-23 23:14:41,42.4775810241699,-8.9448184967041,"Unknown"
"9004157",371992,2025-06-23 23:19:42,42.4775314331055,-8.94477367401123,"Unknown"
"9004157",371992,2025-06-23 23:24:41,42.477424621582,-8.94468879699707,"Unknown"
"9004157",371992,2025-06-23 23:29:42,42.4776649475098,-8.94489479064941,"Unknown"
"9004157",371992,2025-06-23 23:34:44,42.4773597717285,-8.94460582733154,"Unknown"
"9004157",371992,2025-06-23 23:39:48,42.4773559570312,-8.94463443756104,"Unknown"
"9004157",371992,2025-06-23 23:44:56,42.4774627685547,-8.94464778900146,"Unknown"
"9004157",371992,2025-06-23 23:49:50,42.4773902893066,-8.94461822509766,"Unknown"
"9004157",371992,2025-06-23 23:55:05,42.4773826599121,-8.94467830657959,"Unknown"
"9004157",371992,2025-06-23 23:59:45,42.4773902893066,-8.94478511810303,"Unknown"
"9004157",371992,2025-06-24 00:04:48,42.4774703979492,-8.94455623626709,"Unknown"
"9004157",371992,2025-06-24 00:09:47,42.4773635864258,-8.94477367401123,"Unknown"
"9004157",371992,2025-06-24 00:14:48,42.4774322509766,-8.94456577301025,"Unknown"
"9004157",371992,2025-06-24 00:20:05,42.4774208068848,-8.9446325302124,"Unknown"
"9004157",371992,2025-06-24 00:24:40,42.4774017333984,-8.94460487365723,"Unknown"
"9004157",371992,2025-06-24 00:29:40,42.477424621582,-8.9447717666626,"Unknown"
"9004157",371992,2025-06-24 00:34:41,42.4774742126465,-8.94474983215332,"Unknown"
"9004157",371992,2025-06-24 00:39:41,42.477596282959,-8.94494152069092,"Unknown"
"9004157",371992,2025-06-24 00:44:41,42.4774475097656,-8.94486427307129,"Unknown"
"9004157",371992,2025-06-24 00:49:41,42.4773178100586,-8.94483470916748,"Unknown"
"9004157",371992,2025-06-24 00:54:48,42.477481842041,-8.94468784332275,"Unknown"
"9004157",371992,2025-06-24 00:59:42,42.4773216247559,-8.94509315490723,"Unknown"
"9004157",371992,2025-06-24 01:04:42,42.477668762207,-8.94383144378662,"Unknown"
"9004157",371992,2025-06-24 01:09:41,42.4774627685547,-8.94426441192627,"Unknown"
"9004157",371992,2025-06-24 01:15:13,42.4776382446289,-8.94466209411621,"Unknown"
"9004157",371992,2025-06-24 01:19:40,42.4776802062988,-8.94480133056641,"Unknown"
"9004157",371992,2025-06-24 01:24:43,42.4775428771973,-8.94465351104736,"Unknown"
"9004157",371992,2025-06-24 01:29:42,42.4776496887207,-8.94483470916748,"Unknown"
"9004157",371992,2025-06-24 01:34:41,42.4774971008301,-8.9443998336792,"Unknown"
"9004157",371992,2025-06-24 01:39:42,42.4778823852539,-8.94498729705811,"Unknown"
"9004157",371992,2025-06-24 01:44:40,42.4776954650879,-8.94485950469971,"Unknown"
"9004157",371992,2025-06-24 01:49:43,42.4774131774902,-8.94465351104736,"Unknown"
"9004157",371992,2025-06-24 01:54:42,42.4773101806641,-8.9445972442627,"Unknown"
"9004157",371992,2025-06-24 01:59:44,42.4778213500977,-8.94510746002197,"Unknown"
"9004157",371992,2025-06-24 02:05:05,42.4774322509766,-8.94468879699707,"Unknown"
"9004157",371992,2025-06-24 02:09:40,42.4774436950684,-8.94467830657959,"Unknown"
"9004157",371992,2025-06-24 02:14:40,42.4774017333984,-8.94468021392822,"Unknown"
"9004157",371992,2025-06-24 02:19:40,42.4774131774902,-8.94466781616211,"Unknown"
"9004157",371992,2025-06-24 02:24:41,42.4774475097656,-8.9446849822998,"Unknown"
"9004157",371992,2025-06-24 02:29:41,42.4773330688477,-8.9446268081665,"Unknown"
"9004157",371992,2025-06-24 02:34:42,42.4772453308105,-8.94456481933594,"Unknown"
"9004157",371992,2025-06-24 02:39:41,42.4773750305176,-8.94468593597412,"Unknown"
"9004157",371992,2025-06-24 02:44:42,42.4773559570312,-8.94457340240479,"Unknown"
"9004157",371992,2025-06-24 02:49:40,42.4773559570312,-8.94465732574463,"Unknown"
"9004157",371992,2025-06-24 02:54:40,42.4774551391602,-8.94485092163086,"Unknown"
"9004157",371992,2025-06-24 02:59:43,42.4773292541504,-8.94478511810303,"Unknown"
"9004157",371992,2025-06-24 03:04:40,42.477165222168,-8.94458866119385,"Unknown"
"9004157",371992,2025-06-24 03:09:46,42.4773635864258,-8.94456768035889,"Unknown"
"9004157",371992,2025-06-24 03:14:41,42.4772529602051,-8.94455623626709,"Unknown"
"9004157",371992,2025-06-24 03:19:47,42.4774284362793,-8.94468879699707,"Unknown"
"9004157",371992,2025-06-24 03:24:41,42.4774398803711,-8.94466972351074,"Unknown"
"9004157",371992,2025-06-24 03:29:42,42.4773712158203,-8.94476890563965,"Unknown"
"9004157",371992,2025-06-24 03:34:42,42.4774208068848,-8.94479560852051,"Unknown"
"9004157",371992,2025-06-24 03:39:41,42.4773368835449,-8.94450759887695,"Unknown"
"9004157",371992,2025-06-24 03:44:41,42.4779205322266,-8.94539356231689,"Unknown"
"9004157",371992,2025-06-24 03:49:43,42.4774932861328,-8.94475364685059,"Unknown"
"9004157",371992,2025-06-24 03:54:41,42.4774703979492,-8.94459438323975,"Unknown"
"9004157",371992,2025-06-24 03:59:42,42.4776611328125,-8.94482040405273,"Unknown"
"9004157",371992,2025-06-24 04:05:05,42.477409362793,-8.94468975067139,"Unknown"
"9004157",371992,2025-06-24 04:09:42,42.4774398803711,-8.94470024108887,"Unknown"
"9004157",371992,2025-06-24 04:14:40,42.4774055480957,-8.9446496963501,"Unknown"
"9004157",371992,2025-06-24 04:19:46,42.4775428771973,-8.94477272033691,"Unknown"
"9004157",371992,2025-06-24 04:24:46,42.477409362793,-8.94465827941895,"Unknown"
"9004157",371992,2025-06-24 04:29:45,42.4773597717285,-8.94468593597412,"Unknown"
"9004157",371992,2025-06-24 04:34:47,42.4773406982422,-8.9447774887085,"Unknown"
"9004157",371992,2025-06-24 04:39:41,42.4774322509766,-8.94476413726807,"Unknown"
"9004157",371992,2025-06-24 04:44:42,42.4774589538574,-8.94458389282227,"Unknown"
"9004157",371992,2025-06-24 04:49:52,42.4774551391602,-8.94465732574463,"Unknown"
"9004157",371992,2025-06-24 04:54:55,42.4776725769043,-8.94474601745605,"Unknown"
"9004157",371992,2025-06-24 05:00:05,42.4776992797852,-8.9447078704834,"Unknown"
"9004157",371992,2025-06-24 05:04:43,42.477668762207,-8.94467258453369,"Unknown"
"9004157",371992,2025-06-24 05:09:43,42.4780387878418,-8.94474983215332,"Unknown"
"9004157",371992,2025-06-24 05:14:47,42.4776802062988,-8.94470119476318,"Unknown"
"9004157",371992,2025-06-24 05:19:43,42.4775047302246,-8.94470405578613,"Unknown"
"9004157",371992,2025-06-24 05:24:41,42.4776649475098,-8.94478607177734,"Unknown"
"9004157",371992,2025-06-24 05:29:41,42.4776496887207,-8.94474220275879,"Unknown"
"9004157",371992,2025-06-24 05:34:40,42.4774360656738,-8.94473266601562,"Unknown"
"9004157",371992,2025-06-24 05:39:41,42.4773941040039,-8.94468593597412,"Unknown"
"9004157",371992,2025-06-24 05:44:42,42.4776268005371,-8.94480800628662,"Unknown"
"9004157",371992,2025-06-24 05:49:45,42.4774742126465,-8.94468021392822,"Unknown"
"9004157",371992,2025-06-24 05:54:43,42.4776191711426,-8.94480037689209,"Unknown"
"9004157",371992,2025-06-24 06:00:09,42.4773330688477,-8.94467830657959,"Unknown"
"9004157",371992,2025-06-24 06:04:46,42.4776916503906,-8.94476222991943,"Unknown"
"9004157",371992,2025-06-24 06:09:43,42.4775238037109,-8.94479274749756,"Unknown"
"9004157",371992,2025-06-24 06:14:50,42.4775466918945,-8.94471836090088,"Unknown"
"9004157",371992,2025-06-24 06:19:41,42.4774131774902,-8.94471263885498,"Unknown"
"9004157",371992,2025-06-24 06:24:53,42.4774055480957,-8.94475841522217,"Unknown"
"9004157",371992,2025-06-24 06:29:53,42.4774284362793,-8.94471168518066,"Unknown"
"9004157",371992,2025-06-24 06:34:51,42.4773902893066,-8.94471645355225,"Unknown"
"9004157",371992,2025-06-24 06:40:05,42.4774742126465,-8.94460296630859,"Unknown"
"9004157",371992,2025-06-24 06:44:40,42.4772033691406,-8.94478130340576,"Unknown"
"9004157",371992,2025-06-24 06:49:40,42.4771156311035,-8.94486427307129,"Unknown"
"9004157",371992,2025-06-24 06:54:45,42.4772529602051,-8.94472217559814,"Unknown"
"9004157",371992,2025-06-24 06:59:40,42.4771728515625,-8.94476985931396,"Unknown"
"9004157",371992,2025-06-24 07:04:41,42.4770622253418,-8.94480895996094,"Unknown"
"9004157",371992,2025-06-24 07:09:41,42.4772338867188,-8.94476318359375,"Unknown"
"9004157",371992,2025-06-24 07:14:40,42.477180480957,-8.94475269317627,"Unknown"
"9004157",371992,2025-06-24 07:19:41,42.4771881103516,-8.94478511810303,"Unknown"
"9004157",371992,2025-06-24 07:24:45,42.4771766662598,-8.94473648071289,"Unknown"
"9004157",371992,2025-06-24 07:29:41,42.4771499633789,-8.94478511810303,"Unknown"
"9004157",371992,2025-06-24 07:34:40,42.4771881103516,-8.94478607177734,"Unknown"
"9004157",371992,2025-06-24 07:39:40,42.4771385192871,-8.9447660446167,"Unknown"
"9004157",371992,2025-06-24 07:44:40,42.4771461486816,-8.94474411010742,"Unknown"
"9004157",371992,2025-06-24 07:49:40,42.4771270751953,-8.94473552703857,"Unknown"
"9004157",371992,2025-06-24 07:54:41,42.5020294189453,-8.89291191101074,"Unknown"
"9004157",371992,2025-06-24 07:59:54,42.5069236755371,-8.87296485900879,"Unknown"
"9004157",371992,2025-06-24 08:05:28,42.5074424743652,-8.87182521820068,"Unknown"
"9004157",371992,2025-06-24 08:11:04,42.5081024169922,-8.87194728851318,"Unknown"
"9004157",371992,2025-06-24 08:16:19,42.5091361999512,-8.87242603302002,"Unknown"
"9004157",371992,2025-06-24 08:21:33,42.5085601806641,-8.87062644958496,"Unknown"
"9004157",371992,2025-06-24 08:26:48,42.5074424743652,-8.87060642242432,"Unknown"
"9004157",371992,2025-06-24 08:31:46,42.5061531066895,-8.8712854385376,"Unknown"
"9004157",371992,2025-06-24 08:36:47,42.5077438354492,-8.87056732177734,"Unknown"
"9004157",371992,2025-06-24 08:42:14,42.508602142334,-8.87028312683105,"Unknown"
"9004157",371992,2025-06-24 08:47:15,42.5096740722656,-8.87141513824463,"Unknown"
"9004157",371992,2025-06-24 08:52:44,42.5088691711426,-8.87231731414795,"Unknown"
"9004157",371992,2025-06-24 08:57:42,42.5079727172852,-8.87247467041016,"Unknown"
"9004157",371992,2025-06-24 09:03:54,42.5068321228027,-8.87255764007568,"Unknown"
"9004157",371992,2025-06-24 09:08:53,42.5062675476074,-8.87286949157715,"Unknown"
"9004157",371992,2025-06-24 09:13:53,42.5070190429688,-8.87104415893555,"Unknown"
"9004157",371992,2025-06-24 09:18:53,42.5084609985352,-8.86967849731445,"Unknown"
"9004157",371992,2025-06-24 09:23:53,42.5124282836914,-8.86864566802979,"Unknown"
"9004157",371992,2025-06-24 09:28:53,42.5171356201172,-8.86819553375244,"Unknown"
"9004157",371992,2025-06-24 09:33:53,42.5171318054199,-8.86816215515137,"Unknown"
"9004157",371992,2025-06-24 09:38:53,42.5170516967773,-8.86815738677979,"Unknown"
"9004157",371992,2025-06-24 09:43:55,42.517505645752,-8.86830043792725,"Unknown"
"9004157",371992,2025-06-24 09:48:53,42.5171508789062,-8.86821746826172,"Unknown"
"9004157",371992,2025-06-24 09:54:22,42.5171966552734,-8.86846828460693,"Unknown"
"9004157",371992,2025-06-24 09:58:53,42.5169258117676,-8.86832141876221,"Unknown"
"9004157",371992,2025-06-24 10:03:53,42.5171928405762,-8.86843681335449,"Unknown"
"9004157",371992,2025-06-24 10:08:53,42.5172424316406,-8.86832332611084,"Unknown"
"9004157",371992,2025-06-24 10:13:57,42.5174369812012,-8.86861801147461,"Unknown"
"9004157",371992,2025-06-24 10:18:57,42.5174026489258,-8.86859798431396,"Unknown"
"9004157",371992,2025-06-24 10:23:54,42.5175094604492,-8.86856937408447,"Unknown"
"9004157",371992,2025-06-24 10:28:53,42.5172805786133,-8.8685359954834,"Unknown"
"9004157",371992,2025-06-24 10:33:53,42.5172843933105,-8.86844635009766,"Unknown"
"9004157",371992,2025-06-24 10:38:53,42.5174255371094,-8.86855030059814,"Unknown"
"9004157",371992,2025-06-24 10:43:53,42.5173187255859,-8.86846351623535,"Unknown"
"9004157",371992,2025-06-24 10:49:15,42.5174407958984,-8.86859893798828,"Unknown"
"9004157",371992,2025-06-24 10:54:00,42.5174598693848,-8.8686466217041,"Unknown"
"9004157",371992,2025-06-24 10:59:00,42.5175170898438,-8.86861896514893,"Unknown"
"9004157",371992,2025-06-24 11:04:10,42.5173873901367,-8.86855030059814,"Unknown"
"9004157",371992,2025-06-24 11:08:53,42.5174255371094,-8.86856937408447,"Unknown"
"9004157",371992,2025-06-24 11:13:53,42.5174942016602,-8.86849212646484,"Unknown"
"9004157",371992,2025-06-24 11:19:00,42.517406463623,-8.86849021911621,"Unknown"
"9004157",371992,2025-06-24 11:24:01,42.5174713134766,-8.86853694915771,"Unknown"
"9004157",371992,2025-06-24 11:28:57,42.5171394348145,-8.86813545227051,"Unknown"
"9004157",371992,2025-06-24 11:34:13,42.5109329223633,-8.87183284759521,"Unknown"
"9004157",371992,2025-06-24 11:39:54,42.5102806091309,-8.87221240997314,"Unknown"
"9004157",371992,2025-06-24 11:52:18,42.5066833496094,-8.87025451660156,"Unknown"
"9004157",371992,2025-06-24 12:05:45,42.5064888000488,-8.87304973602295,"Unknown"
"9004157",371992,2025-06-24 12:11:50,42.5066337585449,-8.87345218658447,"Unknown"
"9004157",371992,2025-06-24 12:16:45,42.5068664550781,-8.87401866912842,"Unknown"
"9004157",371992,2025-06-24 12:22:32,42.506160736084,-8.87361240386963,"Unknown"
"9004157",371992,2025-06-24 12:28:49,42.5071067810059,-8.87408065795898,"Unknown"
"9004157",371992,2025-06-24 12:34:01,42.5047492980957,-8.87953567504883,"Unknown"
"9004157",371992,2025-06-24 12:39:01,42.5047454833984,-8.8795051574707,"Unknown"
"9004157",371992,2025-06-24 12:43:49,42.5045967102051,-8.87964916229248,"Unknown"
"9004157",371992,2025-06-24 12:49:24,42.5046882629395,-8.87955665588379,"Unknown"
"9004157",371992,2025-06-24 12:53:48,42.5046577453613,-8.87954139709473,"Unknown"
"9004157",371992,2025-06-24 12:58:48,42.5046195983887,-8.8796443939209,"Unknown"
"9004157",371992,2025-06-24 13:03:49,42.5045547485352,-8.879714012146,"Unknown"
"9004157",371992,2025-06-24 13:08:48,42.5046424865723,-8.8797607421875,"Unknown"
"9004157",371992,2025-06-24 13:13:49,42.5048065185547,-8.87979793548584,"Unknown"
"9004157",371992,2025-06-24 13:18:49,42.5046195983887,-8.87980175018311,"Unknown"
"9004157",371992,2025-06-24 13:23:49,42.5047149658203,-8.87982845306396,"Unknown"
"9004157",371992,2025-06-24 13:28:50,42.5046920776367,-8.87995529174805,"Unknown"
"9004157",371992,2025-06-24 13:33:51,42.504711151123,-8.8799877166748,"Unknown"
"9004157",371992,2025-06-24 13:38:48,42.5047569274902,-8.88002109527588,"Unknown"
"9004157",371992,2025-06-24 13:43:49,42.5047378540039,-8.88005256652832,"Unknown"
"9004157",371992,2025-06-24 13:48:48,42.5046615600586,-8.88004684448242,"Unknown"
"9004157",371992,2025-06-24 13:53:49,42.5047760009766,-8.88015460968018,"Unknown"
"9004157",371992,2025-06-24 13:58:49,42.5048942565918,-8.88033866882324,"Unknown"
"9004157",371992,2025-06-24 14:03:53,42.504825592041,-8.87992572784424,"Unknown"
"9004157",371992,2025-06-24 14:08:51,42.5048522949219,-8.88010120391846,"Unknown"
"9004157",371992,2025-06-24 14:13:48,42.5048446655273,-8.88016700744629,"Unknown"
"9004157",371992,2025-06-24 14:18:50,42.5048789978027,-8.88026714324951,"Unknown"
"9004157",371992,2025-06-24 14:23:49,42.5049209594727,-8.88027763366699,"Unknown"
"9004157",371992,2025-06-24 14:28:48,42.5049018859863,-8.88031101226807,"Unknown"
"9004157",371992,2025-06-24 14:33:48,42.5049247741699,-8.8802661895752,"Unknown"
"9004157",371992,2025-06-24 14:38:54,42.5078315734863,-8.88740539550781,"Unknown"
"9004157",371992,2025-06-24 14:43:50,42.5081672668457,-8.8869514465332,"Unknown"
"9004157",371992,2025-06-24 14:48:50,42.5083045959473,-8.88702774047852,"Unknown"
"9004157",371992,2025-06-24 14:54:30,42.5070495605469,-8.8733434677124,"Unknown"
"9004157",371992,2025-06-24 15:00:04,42.5074920654297,-8.87066459655762,"Unknown"
"9004157",371992,2025-06-24 15:05:23,42.5077018737793,-8.87015819549561,"Unknown"
"9004157",371992,2025-06-24 15:11:05,42.508373260498,-8.87052059173584,"Unknown"
"9004157",371992,2025-06-24 15:16:54,42.5089950561523,-8.87191867828369,"Unknown"
"9004157",371992,2025-06-24 15:21:57,42.5098075866699,-8.87181377410889,"Unknown"
"9004157",371992,2025-06-24 15:26:57,42.5090217590332,-8.87052726745605,"Unknown"
"9004157",371992,2025-06-24 15:44:28,42.5086555480957,-8.87170314788818,"Unknown"
"9004157",371992,2025-06-24 15:49:48,42.507640838623,-8.87241458892822,"Unknown"
"9004157",371992,2025-06-24 15:54:48,42.5077781677246,-8.87217903137207,"Unknown"
"9004157",371992,2025-06-24 16:00:16,42.508602142334,-8.87287902832031,"Unknown"
"9004157",371992,2025-06-24 16:05:16,42.5089874267578,-8.87179183959961,"Unknown"
"9004157",371992,2025-06-24 16:10:18,42.5084457397461,-8.87040996551514,"Unknown"
"9004157",371992,2025-06-24 16:16:10,42.5071754455566,-8.87133693695068,"Unknown"
"9004157",371992,2025-06-24 16:21:31,42.5070533752441,-8.87327480316162,"Unknown"
"9004157",371992,2025-06-24 16:27:09,42.507999420166,-8.872727394104,"Unknown"
"9004157",371992,2025-06-24 17:05:05,42.4958152770996,-8.90269088745117,"Unknown"
"9004157",371992,2025-06-24 17:09:33,42.4771499633789,-8.94475078582764,"Unknown"
"9004157",371992,2025-06-24 17:14:33,42.4773254394531,-8.94472122192383,"Unknown"
"9004157",371992,2025-06-24 17:19:33,42.4772415161133,-8.94475555419922,"Unknown"
"9004157",371992,2025-06-24 17:24:34,42.4772605895996,-8.94469928741455,"Unknown"
"9004157",371992,2025-06-24 17:29:33,42.4775848388672,-8.94461727142334,"Unknown"
"9004157",371992,2025-06-24 17:34:36,42.4772834777832,-8.94484519958496,"Unknown"
"9004157",371992,2025-06-24 17:39:36,42.4774055480957,-8.94478988647461,"Unknown"
"9004157",371992,2025-06-24 17:44:34,42.4776420593262,-8.94476509094238,"Unknown"
"9004157",371992,2025-06-24 17:49:44,42.477725982666,-8.94477367401123,"Unknown"
"9004157",371992,2025-06-24 17:54:33,42.4772796630859,-8.94467830657959,"Unknown"
"9004157",371992,2025-06-24 17:59:33,42.4774894714355,-8.94472599029541,"Unknown"
"9004157",371992,2025-06-24 18:04:33,42.4775161743164,-8.94475078582764,"Unknown"
"9004157",371992,2025-06-24 18:09:33,42.4772758483887,-8.94454956054688,"Unknown"
"9004157",371992,2025-06-24 18:14:33,42.4774017333984,-8.94470119476318,"Unknown"
"9004157",371992,2025-06-24 18:19:33,42.4773826599121,-8.94471549987793,"Unknown"
"9004157",371992,2025-06-24 18:24:34,42.4774169921875,-8.94473552703857,"Unknown"
"9004157",371992,2025-06-24 18:29:37,42.4772682189941,-8.94460391998291,"Unknown"
"9004157",371992,2025-06-24 18:34:33,42.4773445129395,-8.94470310211182,"Unknown"
"9004157",371992,2025-06-24 18:39:33,42.4774055480957,-8.944748878479,"Unknown"
"9004157",371992,2025-06-24 18:44:33,42.4773406982422,-8.94457912445068,"Unknown"
"9004157",371992,2025-06-24 18:49:44,42.4774780273438,-8.94465732574463,"Unknown"
"9004157",371992,2025-06-24 18:54:44,42.4774780273438,-8.94464874267578,"Unknown"
"9004157",371992,2025-06-24 18:59:36,42.4774932861328,-8.94468593597412,"Unknown"
"9004157",371992,2025-06-24 19:04:37,42.477481842041,-8.9445743560791,"Unknown"
"9004157",371992,2025-06-24 19:09:51,42.4774703979492,-8.9445858001709,"Unknown"
"9004157",371992,2025-06-24 19:14:40,42.4773216247559,-8.9445915222168,"Unknown"
"9004157",371992,2025-06-24 19:19:37,42.4774017333984,-8.94478034973145,"Unknown"
"9004157",371992,2025-06-24 19:25:05,42.4773826599121,-8.94467735290527,"Unknown"
"9004157",371992,2025-06-24 19:29:33,42.4774284362793,-8.9446964263916,"Unknown"
"9004157",371992,2025-06-24 19:34:33,42.4774208068848,-8.94462394714355,"Unknown"
"9004157",371992,2025-06-24 19:39:34,42.4773445129395,-8.94464492797852,"Unknown"
"9004157",371992,2025-06-24 19:44:33,42.4773292541504,-8.94465255737305,"Unknown"
"9004157",371992,2025-06-24 19:49:33,42.4774475097656,-8.94419479370117,"Unknown"
"9004157",371992,2025-06-24 19:54:34,42.4775009155273,-8.94473457336426,"Unknown"
"9004157",371992,2025-06-24 19:59:34,42.4774322509766,-8.94468116760254,"Unknown"
"9004157",371992,2025-06-24 20:04:33,42.477409362793,-8.94465637207031,"Unknown"
"9004157",371992,2025-06-24 20:09:33,42.4774017333984,-8.94465446472168,"Unknown"
"9004157",371992,2025-06-24 20:14:37,42.4774436950684,-8.9446907043457,"Unknown"
"9004157",371992,2025-06-24 20:19:34,42.4774627685547,-8.94462299346924,"Unknown"
"9004157",371992,2025-06-24 20:24:33,42.4775047302246,-8.94489192962646,"Unknown"
"9004157",371992,2025-06-24 20:29:36,42.4774208068848,-8.94472122192383,"Unknown"
"9004157",371992,2025-06-24 20:34:33,42.4774589538574,-8.94471073150635,"Unknown"
"9004157",371992,2025-06-24 20:39:34,42.4773864746094,-8.94473648071289,"Unknown"
"9004157",371992,2025-06-24 20:44:44,42.4774551391602,-8.94469356536865,"Unknown"
"9004157",371992,2025-06-24 20:49:33,42.4775314331055,-8.94472312927246,"Unknown"
"9004157",371992,2025-06-24 20:54:33,42.4773864746094,-8.9447193145752,"Unknown"
"9004157",371992,2025-06-24 20:59:33,42.4773864746094,-8.944655418396,"Unknown"
"9004157",371992,2025-06-24 21:04:33,42.4777565002441,-8.94498920440674,"Unknown"
"9004157",371992,2025-06-24 21:09:33,42.477481842041,-8.9447546005249,"Unknown"
"9004157",371992,2025-06-24 21:14:33,42.4776840209961,-8.9448881149292,"Unknown"
"9004157",371992,2025-06-24 21:19:36,42.4774169921875,-8.94467067718506,"Unknown"
"9004157",371992,2025-06-24 21:24:37,42.4774627685547,-8.94472122192383,"Unknown"
"9004157",371992,2025-06-24 21:29:33,42.4773864746094,-8.9446496963501,"Unknown"
"9004157",371992,2025-06-24 21:34:38,42.4774360656738,-8.94474983215332,"Unknown"
"9004157",371992,2025-06-24 21:39:34,42.477466583252,-8.94472026824951,"Unknown"
"9004157",371992,2025-06-24 21:44:39,42.4771842956543,-8.94463062286377,"Unknown"
"9004157",371992,2025-06-24 21:49:57,42.4766006469727,-8.94461250305176,"Unknown"
"9004157",371992,2025-06-24 21:55:05,42.4773826599121,-8.94460678100586,"Unknown"
"9004157",371992,2025-06-24 21:59:34,42.4773292541504,-8.94471168518066,"Unknown"
"9004157",371992,2025-06-24 22:04:36,42.477668762207,-8.94460487365723,"Unknown"
"9004157",371992,2025-06-24 22:09:33,42.4773864746094,-8.94495868682861,"Unknown"
"9004157",371992,2025-06-24 22:14:34,42.4774208068848,-8.9446382522583,"Unknown"
"9004157",371992,2025-06-24 22:19:34,42.4774360656738,-8.94462490081787,"Unknown"
"9004157",371992,2025-06-24 22:24:33,42.4774398803711,-8.94466114044189,"Unknown"
"9004157",371992,2025-06-24 22:29:33,42.4773635864258,-8.94474506378174,"Unknown"
"9004157",371992,2025-06-24 22:34:33,42.4773445129395,-8.94473457336426,"Unknown"
"9004157",371992,2025-06-24 22:39:36,42.4773788452148,-8.94463062286377,"Unknown"
"9004157",371992,2025-06-24 22:44:33,42.477424621582,-8.94468784332275,"Unknown"
"9004157",371992,2025-06-24 22:49:33,42.4774475097656,-8.94471836090088,"Unknown"
"9004157",371992,2025-06-24 22:54:38,42.4774398803711,-8.94469547271729,"Unknown"
"9004157",371992,2025-06-24 22:59:34,42.4773445129395,-8.9447193145752,"Unknown"
"9004157",371992,2025-06-24 23:04:39,42.4772987365723,-8.94464588165283,"Unknown"
"9004157",371992,2025-06-24 23:09:40,42.4774017333984,-8.94462490081787,"Unknown"
"9004157",371992,2025-06-24 23:14:33,42.4773635864258,-8.94464778900146,"Unknown"
"9004157",371992,2025-06-24 23:19:36,42.4773750305176,-8.94462776184082,"Unknown"
"9004157",371992,2025-06-24 23:24:33,42.4774475097656,-8.94478797912598,"Unknown"
"9004157",371992,2025-06-24 23:29:33,42.4773101806641,-8.94466781616211,"Unknown"
"9004157",371992,2025-06-24 23:34:33,42.4773597717285,-8.94475078582764,"Unknown"
"9004157",371992,2025-06-24 23:39:38,42.4773063659668,-8.94464206695557,"Unknown"
"9004157",371992,2025-06-24 23:44:33,42.4773445129395,-8.94466781616211,"Unknown"
"9004157",371992,2025-06-24 23:49:44,42.4773635864258,-8.9447193145752,"Unknown"
"9004157",371992,2025-06-24 23:54:33,42.4773063659668,-8.94461536407471,"Unknown"
"9004157",371992,2025-06-24 23:59:33,42.4773941040039,-8.94471740722656,"Unknown"
"9004157",371992,2025-06-25 00:04:33,42.4774589538574,-8.94466686248779,"Unknown"
"9004157",371992,2025-06-25 00:09:37,42.4772033691406,-8.94468593597412,"Unknown"
"9004157",371992,2025-06-25 00:14:32,42.4774932861328,-8.94470691680908,"Unknown"
"9004157",371992,2025-06-25 00:19:44,42.4771995544434,-8.94522094726562,"Unknown"
"9004157",371992,2025-06-25 00:24:34,42.4772415161133,-8.94495105743408,"Unknown"
"9004157",371992,2025-06-25 00:29:37,42.477481842041,-8.94480037689209,"Unknown"
"9004157",371992,2025-06-25 00:34:37,42.4772567749023,-8.94484615325928,"Unknown"
"9004157",371992,2025-06-25 00:39:34,42.4773292541504,-8.94491100311279,"Unknown"
"9004157",371992,2025-06-25 00:44:37,42.4774284362793,-8.94487380981445,"Unknown"
"9004157",371992,2025-06-25 00:49:44,42.4769592285156,-8.94472789764404,"Unknown"
"9004157",371992,2025-06-25 00:54:45,42.4772338867188,-8.94468402862549,"Unknown"
"9004157",371992,2025-06-25 00:59:40,42.4770965576172,-8.94430446624756,"Unknown"
"9004157",371992,2025-06-25 01:04:44,42.4771919250488,-8.94473838806152,"Unknown"
"9004157",371992,2025-06-25 01:09:32,42.4772682189941,-8.94480991363525,"Unknown"
"9004157",371992,2025-06-25 01:14:32,42.4772987365723,-8.94490814208984,"Unknown"
"9004157",371992,2025-06-25 01:19:35,42.4770927429199,-8.94455623626709,"Unknown"
"9004157",371992,2025-06-25 01:24:37,42.4773101806641,-8.94467258453369,"Unknown"
"9004157",371992,2025-06-25 01:29:39,42.4772529602051,-8.94463443756104,"Unknown"
"9004157",371992,2025-06-25 01:34:37,42.4772758483887,-8.94457721710205,"Unknown"
"9004157",371992,2025-06-25 01:39:36,42.4772720336914,-8.94464302062988,"Unknown"
"9004157",371992,2025-06-25 01:44:39,42.4770736694336,-8.94458675384521,"Unknown"
"9004157",371992,2025-06-25 01:50:05,42.4774475097656,-8.9448070526123,"Unknown"
"9004157",371992,2025-06-25 01:54:33,42.4774589538574,-8.94467353820801,"Unknown"
"9004157",371992,2025-06-25 01:59:33,42.4772071838379,-8.9445161819458,"Unknown"
"9004157",371992,2025-06-25 02:04:38,42.4775047302246,-8.94474601745605,"Unknown"
"9004157",371992,2025-06-25 02:09:33,42.4774131774902,-8.94472885131836,"Unknown"
"9004157",371992,2025-06-25 02:14:33,42.4775199890137,-8.94468688964844,"Unknown"
"9004157",371992,2025-06-25 02:19:37,42.4774780273438,-8.94476318359375,"Unknown"
"9004157",371992,2025-06-25 02:24:35,42.4774475097656,-8.94471073150635,"Unknown"
"9004157",371992,2025-06-25 02:29:37,42.477424621582,-8.94468307495117,"Unknown"
"9004157",371992,2025-06-25 02:34:35,42.4775199890137,-8.94466209411621,"Unknown"
"9004157",371992,2025-06-25 02:39:35,42.4774780273438,-8.94469261169434,"Unknown"
"9004157",371992,2025-06-25 02:44:32,42.4774894714355,-8.94474411010742,"Unknown"
"9004157",371992,2025-06-25 02:49:35,42.4774703979492,-8.94466304779053,"Unknown"
"9004157",371992,2025-06-25 02:54:38,42.4774055480957,-8.94465732574463,"Unknown"
"9004157",371992,2025-06-25 02:59:36,42.4775352478027,-8.94468688964844,"Unknown"
"9004157",371992,2025-06-25 03:04:36,42.4774322509766,-8.9446496963501,"Unknown"
"9004157",371992,2025-06-25 03:09:32,42.4775047302246,-8.94473457336426,"Unknown"
"9004157",371992,2025-06-25 03:14:36,42.4774284362793,-8.94467544555664,"Unknown"
"9004157",371992,2025-06-25 03:19:33,42.4774169921875,-8.94467544555664,"Unknown"
"9004157",371992,2025-06-25 03:24:32,42.4775238037109,-8.94477653503418,"Unknown"
"9004157",371992,2025-06-25 03:29:33,42.4773330688477,-8.94470310211182,"Unknown"
"9004157",371992,2025-06-25 03:34:33,42.477424621582,-8.94469547271729,"Unknown"
"9004157",371992,2025-06-25 03:39:45,42.4772109985352,-8.94474029541016,"Unknown"
"9004157",371992,2025-06-25 03:44:38,42.4773139953613,-8.94473552703857,"Unknown"
"9004157",371992,2025-06-25 03:49:37,42.477352142334,-8.94474792480469,"Unknown"
"9004157",371992,2025-06-25 03:54:36,42.4775123596191,-8.94472694396973,"Unknown"
"9004157",371992,2025-06-25 03:59:38,42.4773902893066,-8.94476413726807,"Unknown"
"9004157",371992,2025-06-25 04:04:43,42.4773406982422,-8.9447603225708,"Unknown"
"9004157",371992,2025-06-25 04:09:33,42.4775810241699,-8.94473266601562,"Unknown"
"9004157",371992,2025-06-25 04:14:33,42.4778747558594,-8.9442138671875,"Unknown"
"9004157",371992,2025-06-25 04:19:33,42.4774780273438,-8.94467735290527,"Unknown"
"9004157",371992,2025-06-25 04:24:40,42.477466583252,-8.94462585449219,"Unknown"
"9004157",371992,2025-06-25 04:29:42,42.4773788452148,-8.94477462768555,"Unknown"
"9004157",371992,2025-06-25 04:34:44,42.4774322509766,-8.94467353820801,"Unknown"
"9004157",371992,2025-06-25 04:39:36,42.4774360656738,-8.94482040405273,"Unknown"
"9004157",371992,2025-06-25 04:44:35,42.4774780273438,-8.94470596313477,"Unknown"
"9004157",371992,2025-06-25 04:50:05,42.4773864746094,-8.94461059570312,"Unknown"
"9004157",371992,2025-06-25 04:54:32,42.4773559570312,-8.94462490081787,"Unknown"
"9004157",371992,2025-06-25 04:59:32,42.4773025512695,-8.94465732574463,"Unknown"
"9004157",371992,2025-06-25 05:04:37,42.4774627685547,-8.94473648071289,"Unknown"
"9004157",371992,2025-06-25 05:09:41,42.4776725769043,-8.94466209411621,"Unknown"
"9004157",371992,2025-06-25 05:14:32,42.4773902893066,-8.94467926025391,"Unknown"
"9004157",371992,2025-06-25 05:19:32,42.4773483276367,-8.94465732574463,"Unknown"
"9004157",371992,2025-06-25 05:24:33,42.4776878356934,-8.94471645355225,"Unknown"
"9004157",371992,2025-06-25 05:29:32,42.4772148132324,-8.94464492797852,"Unknown"
"9004157",371992,2025-06-25 05:34:33,42.4774932861328,-8.94473171234131,"Unknown"
"9004157",371992,2025-06-25 05:39:33,42.4772834777832,-8.94462108612061,"Unknown"
"9004157",371992,2025-06-25 05:44:33,42.4773292541504,-8.94466972351074,"Unknown"
"9004157",371992,2025-06-25 05:49:44,42.4774856567383,-8.94475269317627,"Unknown"
"9004157",371992,2025-06-25 05:54:37,42.4774208068848,-8.94468975067139,"Unknown"
"9004157",371992,2025-06-25 05:59:33,42.4774169921875,-8.94458866119385,"Unknown"
"9004157",371992,2025-06-25 06:04:48,42.4775161743164,-8.9446907043457,"Unknown"
"9004157",371992,2025-06-25 06:09:33,42.4774284362793,-8.94467926025391,"Unknown"
"9004157",371992,2025-06-25 06:14:36,42.4773292541504,-8.94464874267578,"Unknown"
"9004157",371992,2025-06-25 06:20:01,42.4774475097656,-8.94473171234131,"Unknown"
"9004157",371992,2025-06-25 06:24:32,42.4774971008301,-8.94487285614014,"Unknown"
"9004157",371992,2025-06-25 06:29:36,42.4773826599121,-8.94463634490967,"Unknown"
"9004157",371992,2025-06-25 06:34:33,42.4772262573242,-8.94455432891846,"Unknown"
"9004157",371992,2025-06-25 06:39:35,42.4773178100586,-8.94457340240479,"Unknown"
"9004157",371992,2025-06-25 06:44:38,42.4772987365723,-8.94466018676758,"Unknown"
"9004157",371992,2025-06-25 06:49:35,42.4774627685547,-8.94463729858398,"Unknown"
"9004157",371992,2025-06-25 06:54:33,42.4772262573242,-8.94451236724854,"Unknown"
"9004157",371992,2025-06-25 06:59:35,42.4773941040039,-8.94462299346924,"Unknown"
"9004157",371992,2025-06-25 07:04:33,42.4774475097656,-8.94461727142334,"Unknown"
"9004157",371992,2025-06-25 07:09:35,42.4774971008301,-8.94460582733154,"Unknown"
"9004157",371992,2025-06-25 07:14:35,42.4774360656738,-8.94472122192383,"Unknown"
"9004157",371992,2025-06-25 07:19:39,42.4773597717285,-8.94444561004639,"Unknown"
"9004157",371992,2025-06-25 07:24:41,42.477481842041,-8.94491863250732,"Unknown"
"9004157",371992,2025-06-25 07:29:39,42.4774627685547,-8.94457054138184,"Unknown"
"9004157",371992,2025-06-25 07:35:03,42.4774284362793,-8.94472026824951,"Unknown"
"9004157",371992,2025-06-25 07:39:36,42.4773445129395,-8.94454574584961,"Unknown"
"9004157",371992,2025-06-25 07:44:33,42.4774322509766,-8.94474411010742,"Unknown"
"9004157",371992,2025-06-25 07:49:32,42.4774360656738,-8.94458293914795,"Unknown"
"9004157",371992,2025-06-25 07:54:36,42.4774322509766,-8.94459056854248,"Unknown"
"9004157",371992,2025-06-25 07:59:32,42.4773750305176,-8.94472599029541,"Unknown"
"9004157",371992,2025-06-25 08:04:32,42.4774169921875,-8.94462871551514,"Unknown"
"9004157",371992,2025-06-25 08:09:39,42.4773750305176,-8.94473743438721,"Unknown"
"9004157",371992,2025-06-25 08:14:39,42.4774589538574,-8.94491386413574,"Unknown"
"9004157",371992,2025-06-25 08:19:39,42.477466583252,-8.9447546005249,"Unknown"
"9004157",371992,2025-06-25 08:24:33,42.4773101806641,-8.9445629119873,"Unknown"
"9004157",371992,2025-06-25 08:29:35,42.4947166442871,-8.9128589630127,"Unknown"
"9004157",371992,2025-06-25 08:34:37,42.4958229064941,-8.91152191162109,"Unknown"
"9004157",371992,2025-06-25 08:39:44,42.4955558776855,-8.9059009552002,"Unknown"
"9004157",371992,2025-06-25 08:46:00,42.4969673156738,-8.90293979644775,"Unknown"
"9004157",371992,2025-06-25 08:52:54,42.5064849853516,-8.87315368652344,"Unknown"
"9004157",371992,2025-06-25 09:01:15,42.5063629150391,-8.87404346466064,"Unknown"
"9004157",371992,2025-06-25 09:06:23,42.5067291259766,-8.87394237518311,"Unknown"
"9004157",371992,2025-06-25 09:39:07,42.5078773498535,-8.87172412872314,"Unknown"
"9004157",371992,2025-06-25 09:44:53,42.5077514648438,-8.87095737457275,"Unknown"
"9004157",371992,2025-06-25 09:49:49,42.5094108581543,-8.87114429473877,"Unknown"
"9004157",371992,2025-06-25 09:55:29,42.5090942382812,-8.87128448486328,"Unknown"
"9004157",371992,2025-06-25 10:01:49,42.5076484680176,-8.86974143981934,"Unknown"
"9004157",371992,2025-06-25 10:07:27,42.5066413879395,-8.87106513977051,"Unknown"
"9004157",371992,2025-06-25 10:12:49,42.5066413879395,-8.87164878845215,"Unknown"
"9004157",371992,2025-06-25 10:18:14,42.507381439209,-8.87443542480469,"Unknown"
"9004157",371992,2025-06-25 10:29:36,42.5074119567871,-8.87510395050049,"Unknown"
"9004157",371992,2025-06-25 10:34:48,42.5070114135742,-8.87498569488525,"Unknown"
"9004157",371992,2025-06-25 10:39:36,42.5047225952148,-8.88162517547607,"Unknown"
"9004157",371992,2025-06-25 10:44:44,42.5047149658203,-8.88076877593994,"Unknown"
"9004157",371992,2025-06-25 10:49:28,42.5047416687012,-8.88076591491699,"Unknown"
"9004157",371992,2025-06-25 10:54:27,42.5047340393066,-8.88076782226562,"Unknown"
"9004157",371992,2025-06-25 10:59:31,42.5046882629395,-8.88065624237061,"Unknown"
"9004157",371992,2025-06-25 11:04:33,42.5048751831055,-8.88059520721436,"Unknown"
"9004157",371992,2025-06-25 11:09:28,42.5047988891602,-8.88073348999023,"Unknown"
"9004157",371992,2025-06-25 11:14:31,42.5047225952148,-8.8807315826416,"Unknown"
"9004157",371992,2025-06-25 11:19:31,42.5047302246094,-8.88072204589844,"Unknown"
"9004157",371992,2025-06-25 11:24:36,42.5047721862793,-8.88078022003174,"Unknown"
"9004157",371992,2025-06-25 11:29:33,42.5047378540039,-8.88074016571045,"Unknown"
"9004157",371992,2025-06-25 11:34:59,42.5047378540039,-8.88077926635742,"Unknown"
"9004157",371992,2025-06-25 11:39:27,42.5048294067383,-8.88061904907227,"Unknown"
"9004157",371992,2025-06-25 11:44:27,42.5047912597656,-8.88058948516846,"Unknown"
"9004157",371992,2025-06-25 11:49:27,42.5047988891602,-8.88065910339355,"Unknown"
"9004157",371992,2025-06-25 11:54:27,42.5048294067383,-8.88070487976074,"Unknown"
"9004157",371992,2025-06-25 11:59:28,42.5047836303711,-8.88065242767334,"Unknown"
"9004157",371992,2025-06-25 12:04:27,42.504825592041,-8.88070869445801,"Unknown"
"9004157",371992,2025-06-25 12:09:28,42.5048713684082,-8.88076210021973,"Unknown"
"9004157",371992,2025-06-25 12:14:28,42.5048217773438,-8.88070678710938,"Unknown"
"9004157",371992,2025-06-25 12:19:28,42.5047378540039,-8.88069725036621,"Unknown"
"9004157",371992,2025-06-25 12:24:28,42.5047454833984,-8.88072681427002,"Unknown"
"9004157",371992,2025-06-25 12:29:28,42.5047607421875,-8.88070201873779,"Unknown"
"9004157",371992,2025-06-25 12:34:28,42.5048408508301,-8.88074684143066,"Unknown"
"9004157",371992,2025-06-25 12:39:28,42.5050392150879,-8.88066387176514,"Unknown"
"9004157",371992,2025-06-25 12:44:28,42.5048675537109,-8.88067531585693,"Unknown"
"9004157",371992,2025-06-25 12:49:29,42.5047569274902,-8.88076400756836,"Unknown"
"9004157",371992,2025-06-25 12:54:57,42.504825592041,-8.88073444366455,"Unknown"
"9004157",371992,2025-06-25 12:59:28,42.5047950744629,-8.88078212738037,"Unknown"
"9004157",371992,2025-06-25 13:04:28,42.5048065185547,-8.88077735900879,"Unknown"
"9004157",371992,2025-06-25 13:09:27,42.5047950744629,-8.88077831268311,"Unknown"
"9004157",371992,2025-06-25 13:14:27,42.5048370361328,-8.88078594207764,"Unknown"
"9004157",371992,2025-06-25 13:19:27,42.504825592041,-8.88081550598145,"Unknown"
"9004157",371992,2025-06-25 13:24:27,42.5048027038574,-8.88083076477051,"Unknown"
"9004157",371992,2025-06-25 13:29:27,42.5047721862793,-8.88079166412354,"Unknown"
"9004157",371992,2025-06-25 13:34:27,42.5047607421875,-8.88084602355957,"Unknown"
"9004157",371992,2025-06-25 13:39:27,42.5047302246094,-8.88093185424805,"Unknown"
"9004157",371992,2025-06-25 13:44:27,42.5047874450684,-8.88088130950928,"Unknown"
"9004157",371992,2025-06-25 13:49:27,42.504768371582,-8.88088512420654,"Unknown"
"9004157",371992,2025-06-25 13:54:29,42.5065040588379,-8.87403011322021,"Unknown"
"9004157",371992,2025-06-25 14:00:04,42.507080078125,-8.87297344207764,"Unknown"
"9004157",371992,2025-06-25 14:05:28,42.5084037780762,-8.87110614776611,"Unknown"
"9004157",371992,2025-06-25 14:10:35,42.5095710754395,-8.87104034423828,"Unknown"
"9004157",371992,2025-06-25 14:16:41,42.5107765197754,-8.87218856811523,"Unknown"
"9004157",371992,2025-06-25 14:22:09,42.511589050293,-8.87302017211914,"Unknown"
"9004157",371992,2025-06-25 14:27:09,42.5113105773926,-8.87213897705078,"Unknown"
"9004157",371992,2025-06-25 14:32:07,42.5109786987305,-8.87345027923584,"Unknown"
"9004157",371992,2025-06-25 14:37:06,42.5117149353027,-8.87445163726807,"Unknown"
"9004157",371992,2025-06-25 14:42:07,42.5112380981445,-8.87392997741699,"Unknown"
"9004157",371992,2025-06-25 14:47:34,42.5099754333496,-8.87332725524902,"Unknown"
"9004157",371992,2025-06-25 15:07:38,42.5093765258789,-8.87351417541504,"Unknown"
"9004157",371992,2025-06-25 15:12:29,42.508171081543,-8.87411022186279,"Unknown"
"9004157",371992,2025-06-25 15:17:33,42.5044822692871,-8.88112449645996,"Unknown"
"9004157",371992,2025-06-25 15:22:44,42.5045623779297,-8.88119029998779,"Unknown"
"9004157",371992,2025-06-25 15:27:29,42.5045356750488,-8.88113117218018,"Unknown"
"9004157",371992,2025-06-25 15:32:28,42.5045928955078,-8.88121795654297,"Unknown"
"9004157",371992,2025-06-25 15:37:28,42.5045280456543,-8.8811206817627,"Unknown"
"9004157",371992,2025-06-25 15:42:28,42.5044746398926,-8.88115882873535,"Unknown"
"9004157",371992,2025-06-25 15:47:40,42.5046005249023,-8.88129425048828,"Unknown"
"9004157",371992,2025-06-25 15:52:28,42.5044021606445,-8.88106060028076,"Unknown"
"9004157",371992,2025-06-25 15:57:28,42.5044860839844,-8.88111019134521,"Unknown"
"9004157",371992,2025-06-25 16:02:44,42.5044975280762,-8.88118457794189,"Unknown"
"9004157",371992,2025-06-25 16:07:37,42.5044097900391,-8.8810453414917,"Unknown"
"9004157",371992,2025-06-25 16:12:31,42.5045471191406,-8.88126945495605,"Unknown"
"9004157",371992,2025-06-25 16:17:34,42.5046005249023,-8.88138008117676,"Unknown"
"9004157",371992,2025-06-25 16:22:44,42.5044937133789,-8.88118648529053,"Unknown"
"9004157",371992,2025-06-25 16:27:28,42.5040969848633,-8.88068103790283,"Unknown"
"9004157",371992,2025-06-25 16:32:32,42.5043296813965,-8.88093566894531,"Unknown"
"9004157",371992,2025-06-25 16:37:37,42.5043754577637,-8.88104438781738,"Unknown"
"9004157",371992,2025-06-25 16:42:36,42.5044898986816,-8.88045024871826,"Unknown"
"9004157",371992,2025-06-25 16:47:44,42.5044479370117,-8.88122272491455,"Unknown"
"9004157",371992,2025-06-25 16:52:39,42.5044708251953,-8.88130760192871,"Unknown"
"9004157",371992,2025-06-25 16:57:32,42.5047912597656,-8.88179969787598,"Unknown"
"9004157",371992,2025-06-25 17:02:39,42.5044937133789,-8.8812780380249,"Unknown"
"9004157",371992,2025-06-25 17:07:32,42.5044174194336,-8.88122749328613,"Unknown"
"9004157",371992,2025-06-25 17:12:41,42.5044555664062,-8.88124465942383,"Unknown"
"9004157",371992,2025-06-25 17:17:37,42.5041389465332,-8.88127517700195,"Unknown"
"9004157",371992,2025-06-25 17:22:33,42.5044021606445,-8.88151264190674,"Unknown"
"9004157",371992,2025-06-25 17:27:30,42.5044479370117,-8.88128757476807,"Unknown"
"9004157",371992,2025-06-25 17:33:05,42.5045051574707,-8.88125610351562,"Unknown"
"9004157",371992,2025-06-25 17:37:29,42.5045394897461,-8.88121795654297,"Unknown"
"9004157",371992,2025-06-25 17:42:29,42.5045623779297,-8.88126754760742,"Unknown"
"9004157",371992,2025-06-25 17:47:29,42.5045166015625,-8.8811502456665,"Unknown"
"9004157",371992,2025-06-25 17:52:29,42.5044975280762,-8.88125324249268,"Unknown"
"9004157",371992,2025-06-25 17:57:29,42.5045471191406,-8.88121509552002,"Unknown"
"9004157",371992,2025-06-25 18:02:29,42.5045471191406,-8.88124752044678,"Unknown"
"9004157",371992,2025-06-25 18:07:29,42.5045623779297,-8.88125610351562,"Unknown"
"9004157",371992,2025-06-25 18:12:29,42.5045967102051,-8.88132381439209,"Unknown"
"9004157",371992,2025-06-25 18:17:29,42.504566192627,-8.8812313079834,"Unknown"
"9004157",371992,2025-06-25 18:22:29,42.5046157836914,-8.88126659393311,"Unknown"
"9004157",371992,2025-06-25 18:27:49,42.5045013427734,-8.88130760192871,"Unknown"
"9004157",371992,2025-06-25 18:33:01,42.5040321350098,-8.88163471221924,"Unknown"
"9004157",371992,2025-06-25 18:38:07,42.4903907775879,-8.90231704711914,"Unknown"
"9004157",371992,2025-06-25 18:43:13,42.477367401123,-8.94473266601562,"Unknown"
"9004157",371992,2025-06-25 18:47:58,42.4773826599121,-8.94470691680908,"Unknown"
"9004157",371992,2025-06-25 18:52:58,42.4773559570312,-8.94469451904297,"Unknown"
"9004157",371992,2025-06-25 18:57:58,42.4773635864258,-8.94470405578613,"Unknown"
"9004157",371992,2025-06-25 19:02:58,42.4773445129395,-8.9446964263916,"Unknown"
"9004157",371992,2025-06-25 19:07:58,42.4773139953613,-8.94471740722656,"Unknown"
"9004157",371992,2025-06-25 19:12:59,42.4773979187012,-8.9450044631958,"Unknown"
"9004157",371992,2025-06-25 19:18:09,42.4773788452148,-8.94487571716309,"Unknown"
"9004157",371992,2025-06-25 19:22:59,42.477237701416,-8.94443130493164,"Unknown"
"9004157",371992,2025-06-25 19:28:02,42.4773826599121,-8.94474506378174,"Unknown"
"9004157",371992,2025-06-25 19:33:00,42.4773864746094,-8.94487285614014,"Unknown"
"9004157",371992,2025-06-25 19:38:06,42.4773559570312,-8.94491386413574,"Unknown"
"9004157",371992,2025-06-25 19:43:01,42.4778785705566,-8.94514751434326,"Unknown"
"9004157",371992,2025-06-25 19:48:03,42.477222442627,-8.94330501556396,"Unknown"
"9004157",371992,2025-06-25 19:53:09,42.4778900146484,-8.94488716125488,"Unknown"
"9004157",371992,2025-06-25 19:58:05,42.477912902832,-8.94495582580566,"Unknown"
"9004157",371992,2025-06-25 20:03:14,42.4778594970703,-8.94479656219482,"Unknown"
"9004157",371992,2025-06-25 20:07:58,42.4777793884277,-8.94471454620361,"Unknown"
"9004157",371992,2025-06-25 20:12:58,42.4774398803711,-8.944899559021,"Unknown"
"9004157",371992,2025-06-25 20:17:58,42.4773483276367,-8.94463634490967,"Unknown"
"9004157",371992,2025-06-25 20:23:10,42.4773979187012,-8.94468975067139,"Unknown"
"9004157",371992,2025-06-25 20:27:58,42.477466583252,-8.94478130340576,"Unknown"
"9004157",371992,2025-06-25 20:32:59,42.4773597717285,-8.94454383850098,"Unknown"
"9004157",371992,2025-06-25 20:38:01,42.4772262573242,-8.94449996948242,"Unknown"
"9004157",371992,2025-06-25 20:43:01,42.4773597717285,-8.94460964202881,"Unknown"
"9004157",371992,2025-06-25 20:48:15,42.4774703979492,-8.94469165802002,"Unknown"
"9004157",371992,2025-06-25 20:53:01,42.477424621582,-8.94474983215332,"Unknown"
"9004157",371992,2025-06-25 20:58:01,42.4772491455078,-8.94458103179932,"Unknown"
"9004157",371992,2025-06-25 21:02:58,42.4774360656738,-8.94469451904297,"Unknown"
"9004157",371992,2025-06-25 21:08:03,42.4771614074707,-8.94462013244629,"Unknown"
"9004157",371992,2025-06-25 21:13:04,42.4769592285156,-8.94464206695557,"Unknown"
"9004157",371992,2025-06-25 21:18:05,42.4773216247559,-8.94453430175781,"Unknown"
"9004157",371992,2025-06-25 21:23:06,42.4770088195801,-8.94450855255127,"Unknown"
"9004157",371992,2025-06-25 21:28:01,42.4772300720215,-8.94450092315674,"Unknown"
"9004157",371992,2025-06-25 21:33:07,42.4773559570312,-8.94458293914795,"Unknown"
"9004157",371992,2025-06-25 21:38:06,42.477165222168,-8.94439697265625,"Unknown"
"9004157",371992,2025-06-25 21:43:11,42.4774017333984,-8.94460964202881,"Unknown"
"9004157",371992,2025-06-25 21:48:38,42.4774856567383,-8.94464683532715,"Unknown"
"9004157",371992,2025-06-25 21:53:12,42.4773445129395,-8.94466590881348,"Unknown"
"9004157",371992,2025-06-25 21:57:59,42.4774208068848,-8.94465637207031,"Unknown"
"9004157",371992,2025-06-25 22:03:08,42.4773330688477,-8.94465065002441,"Unknown"
"9004157",371992,2025-06-25 22:08:00,42.4773101806641,-8.94475841522217,"Unknown"
"9004157",371992,2025-06-25 22:13:02,42.4777450561523,-8.94452095031738,"Unknown"
"9004157",371992,2025-06-25 22:18:11,42.4774551391602,-8.94462299346924,"Unknown"
"9004157",371992,2025-06-25 22:23:17,42.4773750305176,-8.94462490081787,"Unknown"
"9004157",371992,2025-06-25 22:28:14,42.4773635864258,-8.94462108612061,"Unknown"
"9004157",371992,2025-06-25 22:32:58,42.4773406982422,-8.94493770599365,"Unknown"
"9004157",371992,2025-06-25 22:37:58,42.4771728515625,-8.9447774887085,"Unknown"
"9004157",371992,2025-06-25 22:43:03,42.4774780273438,-8.94463062286377,"Unknown"
"9004157",371992,2025-06-25 22:48:35,42.4775085449219,-8.94462585449219,"Unknown"
"9004157",371992,2025-06-25 22:53:03,42.4774360656738,-8.94469833374023,"Unknown"
"9004157",371992,2025-06-25 22:58:03,42.477180480957,-8.94467544555664,"Unknown"
"9004157",371992,2025-06-25 23:02:59,42.4773330688477,-8.94471168518066,"Unknown"
"9004157",371992,2025-06-25 23:08:00,42.4772033691406,-8.94461059570312,"Unknown"
"9004157",371992,2025-06-25 23:13:00,42.4773139953613,-8.94468593597412,"Unknown"
"9004157",371992,2025-06-25 23:17:58,42.4774208068848,-8.944655418396,"Unknown"
"9004157",371992,2025-06-25 23:23:01,42.4773750305176,-8.9446439743042,"Unknown"
"9004157",371992,2025-06-25 23:28:02,42.4774208068848,-8.944748878479,"Unknown"
"9004157",371992,2025-06-25 23:33:04,42.477367401123,-8.94454765319824,"Unknown"
"9004157",371992,2025-06-25 23:38:03,42.4774208068848,-8.94468879699707,"Unknown"
"9004157",371992,2025-06-25 23:42:59,42.4774360656738,-8.94458293914795,"Unknown"
"9004157",371992,2025-06-25 23:47:58,42.4774322509766,-8.94465065002441,"Unknown"
"9004157",371992,2025-06-25 23:53:02,42.4773826599121,-8.94469833374023,"Unknown"
"9004157",371992,2025-06-25 23:57:58,42.4774131774902,-8.94469356536865,"Unknown"
"9004157",371992,2025-06-26 00:03:03,42.4775619506836,-8.94457912445068,"Unknown"
"9004157",371992,2025-06-26 00:07:59,42.4774208068848,-8.94466876983643,"Unknown"
"9004157",371992,2025-06-26 00:13:05,42.4774627685547,-8.94462013244629,"Unknown"
"9004157",371992,2025-06-26 00:18:10,42.4775543212891,-8.944655418396,"Unknown"
"9004157",371992,2025-06-26 00:22:58,42.4776573181152,-8.94477462768555,"Unknown"
"9004157",371992,2025-06-26 00:28:04,42.4773330688477,-8.94462490081787,"Unknown"
"9004157",371992,2025-06-26 00:33:03,42.4774475097656,-8.94468879699707,"Unknown"
"9004157",371992,2025-06-26 00:37:59,42.4773292541504,-8.94463062286377,"Unknown"
"9004157",371992,2025-06-26 00:42:59,42.4778022766113,-8.94492149353027,"Unknown"
"9004157",371992,2025-06-26 00:48:15,42.4774017333984,-8.94460582733154,"Unknown"
"9004157",371992,2025-06-26 00:53:01,42.4774322509766,-8.94471836090088,"Unknown"
"9004157",371992,2025-06-26 00:58:04,42.4774360656738,-8.94467163085938,"Unknown"
"9004157",371992,2025-06-26 01:03:01,42.4774856567383,-8.94457244873047,"Unknown"
"9004157",371992,2025-06-26 01:08:04,42.477424621582,-8.94459342956543,"Unknown"
"9004157",371992,2025-06-26 01:13:05,42.4774322509766,-8.94462013244629,"Unknown"
"9004157",371992,2025-06-26 01:18:05,42.4775352478027,-8.94469261169434,"Unknown"
"9004157",371992,2025-06-26 01:23:04,42.477409362793,-8.94464111328125,"Unknown"
"9004157",371992,2025-06-26 01:28:08,42.4774742126465,-8.94476985931396,"Unknown"
"9004157",371992,2025-06-26 01:33:35,42.4774284362793,-8.94460391998291,"Unknown"
"9004157",371992,2025-06-26 01:37:58,42.4774131774902,-8.94467639923096,"Unknown"
"9004157",371992,2025-06-26 01:42:58,42.4774017333984,-8.94468116760254,"Unknown"
"9004157",371992,2025-06-26 01:47:58,42.4774322509766,-8.94463348388672,"Unknown"
"9004157",371992,2025-06-26 01:52:58,42.4773979187012,-8.9446325302124,"Unknown"
"9004157",371992,2025-06-26 01:57:59,42.4774742126465,-8.94470405578613,"Unknown"
"9004157",371992,2025-06-26 02:02:58,42.4774589538574,-8.94467544555664,"Unknown"
"9004157",371992,2025-06-26 02:07:59,42.4774742126465,-8.94465351104736,"Unknown"
"9004157",371992,2025-06-26 02:12:59,42.4774475097656,-8.94461536407471,"Unknown"
"9004157",371992,2025-06-26 02:17:59,42.4772872924805,-8.94449234008789,"Unknown"
"9004157",371992,2025-06-26 02:22:59,42.4773979187012,-8.94466209411621,"Unknown"
"9004157",371992,2025-06-26 02:27:59,42.4773864746094,-8.94460964202881,"Unknown"
"9004157",371992,2025-06-26 02:33:00,42.4775695800781,-8.94475555419922,"Unknown"
"9004157",371992,2025-06-26 02:37:59,42.4774017333984,-8.94466876983643,"Unknown"
"9004157",371992,2025-06-26 02:42:59,42.4774017333984,-8.94471454620361,"Unknown"
"9004157",371992,2025-06-26 02:47:59,42.4774475097656,-8.94464206695557,"Unknown"
"9004157",371992,2025-06-26 02:53:01,42.4777870178223,-8.94483852386475,"Unknown"
"9004157",371992,2025-06-26 02:58:02,42.4774398803711,-8.94477367401123,"Unknown"
"9004157",371992,2025-06-26 03:03:06,42.4773483276367,-8.94467830657959,"Unknown"
"9004157",371992,2025-06-26 03:07:58,42.4774208068848,-8.94475364685059,"Unknown"
"9004157",371992,2025-06-26 03:12:58,42.4772834777832,-8.94454002380371,"Unknown"
"9004157",371992,2025-06-26 03:17:59,42.4771347045898,-8.94448947906494,"Unknown"
"9004157",371992,2025-06-26 03:23:05,42.4773788452148,-8.94475078582764,"Unknown"
"9004157",371992,2025-06-26 03:27:59,42.4774169921875,-8.94479465484619,"Unknown"
"9004157",371992,2025-06-26 03:33:00,42.4770011901855,-8.94417572021484,"Unknown"
"9004157",371992,2025-06-26 03:38:00,42.4772987365723,-8.94469451904297,"Unknown"
"9004157",371992,2025-06-26 03:42:59,42.477481842041,-8.94498062133789,"Unknown"
"9004157",371992,2025-06-26 03:48:03,42.4773292541504,-8.94475269317627,"Unknown"
"9004157",371992,2025-06-26 03:53:13,42.4775810241699,-8.94451141357422,"Unknown"
"9004157",371992,2025-06-26 03:58:04,42.4773292541504,-8.94473361968994,"Unknown"
"9004157",371992,2025-06-26 04:03:14,42.4776000976562,-8.94469356536865,"Unknown"
"9004157",371992,2025-06-26 04:08:11,42.4777145385742,-8.94454002380371,"Unknown"
"9004157",371992,2025-06-26 04:13:12,42.4776000976562,-8.94437694549561,"Unknown"
"9004157",371992,2025-06-26 04:18:20,42.4775466918945,-8.94460582733154,"Unknown"
"9004157",371992,2025-06-26 04:23:02,42.4775772094727,-8.94490718841553,"Unknown"
"9004157",371992,2025-06-26 04:28:33,42.4774971008301,-8.94450283050537,"Unknown"
"9004157",371992,2025-06-26 04:33:08,42.477481842041,-8.94464206695557,"Unknown"
"9004157",371992,2025-06-26 04:37:59,42.4774284362793,-8.94485473632812,"Unknown"
"9004157",371992,2025-06-26 04:43:00,42.4774169921875,-8.94486236572266,"Unknown"
"9004157",371992,2025-06-26 04:47:59,42.4774475097656,-8.94468307495117,"Unknown"
"9004157",371992,2025-06-26 04:53:01,42.4774322509766,-8.94466495513916,"Unknown"
"9004157",371992,2025-06-26 04:58:00,42.4775238037109,-8.94494724273682,"Unknown"
"9004157",371992,2025-06-26 05:03:03,42.4774475097656,-8.94465923309326,"Unknown"
"9004157",371992,2025-06-26 05:08:14,42.4774055480957,-8.94466972351074,"Unknown"
"9004157",371992,2025-06-26 05:12:58,42.4774894714355,-8.94480228424072,"Unknown"
"9004157",371992,2025-06-26 05:17:58,42.4773101806641,-8.94470119476318,"Unknown"
"9004157",371992,2025-06-26 05:22:58,42.4773445129395,-8.94467830657959,"Unknown"
"9004157",371992,2025-06-26 05:27:59,42.4774703979492,-8.94457912445068,"Unknown"
"9004157",371992,2025-06-26 05:33:01,42.477668762207,-8.94475364685059,"Unknown"
"9004157",371992,2025-06-26 05:37:59,42.4769172668457,-8.94449043273926,"Unknown"
"9004157",371992,2025-06-26 05:42:59,42.4779891967773,-8.94499683380127,"Unknown"
"9004157",371992,2025-06-26 05:48:33,42.4773826599121,-8.94466876983643,"Unknown"
"9004157",371992,2025-06-26 05:52:58,42.4774513244629,-8.94462585449219,"Unknown"
"9004157",371992,2025-06-26 05:57:58,42.4773712158203,-8.94439506530762,"Unknown"
"9004157",371992,2025-06-26 06:02:59,42.4773063659668,-8.94448184967041,"Unknown"
"9004157",371992,2025-06-26 06:07:58,42.4774398803711,-8.94465065002441,"Unknown"
"9004157",371992,2025-06-26 06:13:07,42.4773635864258,-8.94457817077637,"Unknown"
"9004157",371992,2025-06-26 06:18:03,42.4771957397461,-8.94456386566162,"Unknown"
"9004157",371992,2025-06-26 06:22:58,42.4773254394531,-8.94416904449463,"Unknown"
"9004157",371992,2025-06-26 06:27:59,42.4774017333984,-8.94432926177979,"Unknown"
"9004157",371992,2025-06-26 06:33:14,42.4773559570312,-8.94479274749756,"Unknown"
"9004157",371992,2025-06-26 06:38:04,42.477237701416,-8.94445991516113,"Unknown"
"9004157",371992,2025-06-26 06:43:00,42.4771003723145,-8.94271945953369,"Unknown"
"9004157",371992,2025-06-26 06:48:06,42.4773635864258,-8.9445161819458,"Unknown"
"9004157",371992,2025-06-26 06:53:00,42.4776153564453,-8.9458179473877,"Unknown"
"9004157",371992,2025-06-26 06:58:06,42.4774017333984,-8.94460105895996,"Unknown"
"9004157",371992,2025-06-26 07:03:03,42.4776306152344,-8.94460201263428,"Unknown"
"9004157",371992,2025-06-26 07:08:00,42.4773101806641,-8.94391536712646,"Unknown"
"9004157",371992,2025-06-26 07:13:06,42.4775276184082,-8.94457530975342,"Unknown"
"9004157",371992,2025-06-26 07:18:06,42.4774284362793,-8.94451808929443,"Unknown"
"9004157",371992,2025-06-26 07:23:06,42.4773635864258,-8.94454002380371,"Unknown"
"9004157",371992,2025-06-26 07:28:04,42.4774551391602,-8.94459247589111,"Unknown"
"9004157",371992,2025-06-26 07:33:06,42.483642578125,-8.9316987991333,"Unknown"
"9004157",371992,2025-06-26 07:38:06,42.505687713623,-8.88745021820068,"Unknown"
"9004157",371992,2025-06-26 07:44:21,42.5100860595703,-8.87682151794434,"Unknown"
"9004157",371992,2025-06-26 07:50:07,42.5105590820312,-8.8743839263916,"Unknown"
"9004157",371992,2025-06-26 07:57:46,42.5117988586426,-8.87511348724365,"Unknown"
"9004157",371992,2025-06-26 08:02:59,42.5112533569336,-8.87303733825684,"Unknown"
"9004157",371992,2025-06-26 08:10:15,42.5113677978516,-8.87625789642334,"Unknown"
"9004157",371992,2025-06-26 08:16:07,42.5118408203125,-8.87525844573975,"Unknown"
"9004157",371992,2025-06-26 08:22:01,42.5123100280762,-8.87351036071777,"Unknown"
"9004157",371992,2025-06-26 08:29:04,42.51171875,-8.87407302856445,"Unknown"
"9004157",371992,2025-06-26 08:37:14,42.5119132995605,-8.87201118469238,"Unknown"
"9004157",371992,2025-06-26 08:42:08,42.5119323730469,-8.87170219421387,"Unknown"
"9004157",371992,2025-06-26 08:47:27,42.5125427246094,-8.85935020446777,"Unknown"
"9004157",371992,2025-06-26 08:52:24,42.5132217407227,-8.85687065124512,"Unknown"
"9004157",371992,2025-06-26 08:57:22,42.5132675170898,-8.85672473907471,"Unknown"
"9004157",371992,2025-06-26 09:02:23,42.5132331848145,-8.85688209533691,"Unknown"
"9004157",371992,2025-06-26 09:07:27,42.5131072998047,-8.85690498352051,"Unknown"
"9004157",371992,2025-06-26 09:12:25,42.5131072998047,-8.85682106018066,"Unknown"
"9004157",371992,2025-06-26 09:17:21,42.5131378173828,-8.85689830780029,"Unknown"
"9004157",371992,2025-06-26 09:22:25,42.5129814147949,-8.85658645629883,"Unknown"
"9004157",371992,2025-06-26 09:27:22,42.5130844116211,-8.85694789886475,"Unknown"
"9004157",371992,2025-06-26 09:32:45,42.5130653381348,-8.85678863525391,"Unknown"
"9004157",371992,2025-06-26 09:37:21,42.5130233764648,-8.85678482055664,"Unknown"
"9004157",371992,2025-06-26 09:42:20,42.5130844116211,-8.85668563842773,"Unknown"
"9004157",371992,2025-06-26 09:47:27,42.5130310058594,-8.8566951751709,"Unknown"
"9004157",371992,2025-06-26 09:52:25,42.5129776000977,-8.85661506652832,"Unknown"
"9004157",371992,2025-06-26 09:57:31,42.5128517150879,-8.85666465759277,"Unknown"
"9004157",371992,2025-06-26 10:02:55,42.5084495544434,-8.87047290802002,"Unknown"
"9004157",371992,2025-06-26 10:09:08,42.5073547363281,-8.87111759185791,"Unknown"
"9004157",371992,2025-06-26 10:14:22,42.5074462890625,-8.87069320678711,"Unknown"
"9004157",371992,2025-06-26 10:19:21,42.5071830749512,-8.87188625335693,"Unknown"
"9004157",371992,2025-06-26 10:24:52,42.5076217651367,-8.87107849121094,"Unknown"
"9004157",371992,2025-06-26 11:44:59,42.5048484802246,-8.88057804107666,"Unknown"
"9004157",371992,2025-06-26 11:49:22,42.5048980712891,-8.8805570602417,"Unknown"
"9004157",371992,2025-06-26 11:54:18,42.5049057006836,-8.88060188293457,"Unknown"
"9004157",371992,2025-06-26 11:59:18,42.5049057006836,-8.88058280944824,"Unknown"
"9004157",371992,2025-06-26 12:04:18,42.5048904418945,-8.88062477111816,"Unknown"
"9004157",371992,2025-06-26 12:09:20,42.5048980712891,-8.88063907623291,"Unknown"
"9004157",371992,2025-06-26 12:14:18,42.5049018859863,-8.88063812255859,"Unknown"
"9004157",371992,2025-06-26 12:19:21,42.5048904418945,-8.88057136535645,"Unknown"
"9004157",371992,2025-06-26 12:24:18,42.5049324035645,-8.88066101074219,"Unknown"
"9004157",371992,2025-06-26 12:29:18,42.5049705505371,-8.88060855865479,"Unknown"
"9004157",371992,2025-06-26 12:34:18,42.5049057006836,-8.88063430786133,"Unknown"
"9004157",371992,2025-06-26 12:39:18,42.5049247741699,-8.88067626953125,"Unknown"
"9004157",371992,2025-06-26 12:44:18,42.504940032959,-8.88070392608643,"Unknown"
"9004157",371992,2025-06-26 12:49:18,42.5047912597656,-8.88059234619141,"Unknown"
"9004157",371992,2025-06-26 12:54:44,42.5048027038574,-8.88056468963623,"Unknown"
"9004157",371992,2025-06-26 12:59:18,42.504810333252,-8.8806324005127,"Unknown"
"9004157",371992,2025-06-26 13:04:52,42.504825592041,-8.88058853149414,"Unknown"
"9004157",371992,2025-06-26 13:09:18,42.5047798156738,-8.88065242767334,"Unknown"
"9004157",371992,2025-06-26 13:14:19,42.5049362182617,-8.88034534454346,"Unknown"
"9004157",371992,2025-06-26 13:19:19,42.5048065185547,-8.88066864013672,"Unknown"
"9004157",371992,2025-06-26 13:24:18,42.504695892334,-8.8807544708252,"Unknown"
"9004157",371992,2025-06-26 13:29:18,42.5047874450684,-8.88062858581543,"Unknown"
"9004157",371992,2025-06-26 13:34:18,42.504753112793,-8.88072109222412,"Unknown"
"9004157",371992,2025-06-26 13:39:18,42.5047264099121,-8.88073825836182,"Unknown"
"9004157",371992,2025-06-26 13:44:18,42.5047950744629,-8.88080310821533,"Unknown"
"9004157",371992,2025-06-26 13:49:18,42.5047302246094,-8.88077068328857,"Unknown"
"9004157",371992,2025-06-26 13:54:18,42.5047760009766,-8.88071727752686,"Unknown"
"9004157",371992,2025-06-26 13:59:18,42.5047607421875,-8.8807544708252,"Unknown"
"9004157",371992,2025-06-26 14:04:18,42.504768371582,-8.88078689575195,"Unknown"
"9004157",371992,2025-06-26 14:09:18,42.5047264099121,-8.88074970245361,"Unknown"
"9004157",371992,2025-06-26 14:14:18,42.5047416687012,-8.88074207305908,"Unknown"
"9004157",371992,2025-06-26 14:19:19,42.5047264099121,-8.88075065612793,"Unknown"
"9004157",371992,2025-06-26 14:24:18,42.504711151123,-8.88072109222412,"Unknown"
"9004157",371992,2025-06-26 14:29:18,42.5047645568848,-8.88070106506348,"Unknown"
"9004157",371992,2025-06-26 14:34:18,42.5047340393066,-8.88073062896729,"Unknown"
"9004157",371992,2025-06-26 14:39:18,42.5046920776367,-8.88072490692139,"Unknown"
"9004157",371992,2025-06-26 14:44:18,42.5046806335449,-8.88070869445801,"Unknown"
"9004157",371992,2025-06-26 14:49:18,42.5046806335449,-8.88067817687988,"Unknown"
"9004157",371992,2025-06-26 14:54:21,42.5107078552246,-8.87607669830322,"Unknown"
"9004157",371992,2025-06-26 14:59:31,42.5112342834473,-8.87346267700195,"Unknown"
"9004157",371992,2025-06-26 15:04:41,42.5099334716797,-8.87430381774902,"Unknown"
"9004157",371992,2025-06-26 15:09:51,42.5108528137207,-8.87460803985596,"Unknown"
"9004157",371992,2025-06-26 15:14:49,42.5104675292969,-8.87572765350342,"Unknown"
"9004157",371992,2025-06-26 15:20:12,42.5101852416992,-8.87711238861084,"Unknown"
"9004157",371992,2025-06-26 15:30:05,42.5092277526855,-8.87581062316895,"Unknown"
"9004157",371992,2025-06-26 15:40:14,42.5078392028809,-8.87654972076416,"Unknown"
"9004157",371992,2025-06-26 15:45:12,42.5044860839844,-8.88303279876709,"Unknown"
"9004157",371992,2025-06-26 15:50:10,42.5046691894531,-8.88320255279541,"Unknown"
"9004157",371992,2025-06-26 15:55:23,42.5044593811035,-8.88303279876709,"Unknown"
"9004157",371992,2025-06-26 16:00:35,42.5043907165527,-8.88299751281738,"Unknown"
"9004157",371992,2025-06-26 16:05:09,42.5044059753418,-8.88298797607422,"Unknown"
"9004157",371992,2025-06-26 16:10:09,42.5043869018555,-8.88303852081299,"Unknown"
"9004157",371992,2025-06-26 16:15:10,42.5043754577637,-8.88300800323486,"Unknown"
"9004157",371992,2025-06-26 16:20:35,42.5042533874512,-8.88281536102295,"Unknown"
"9004157",371992,2025-06-26 16:25:09,42.504280090332,-8.8827953338623,"Unknown"
"9004157",371992,2025-06-26 16:30:09,42.5042457580566,-8.88283252716064,"Unknown"
"9004157",371992,2025-06-26 16:35:09,42.5043029785156,-8.88286781311035,"Unknown"
"9004157",371992,2025-06-26 16:40:10,42.5042839050293,-8.8828649520874,"Unknown"
"9004157",371992,2025-06-26 16:45:09,42.5042495727539,-8.8827428817749,"Unknown"
"9004157",371992,2025-06-26 16:50:09,42.5042457580566,-8.88285732269287,"Unknown"
"9004157",371992,2025-06-26 16:55:09,42.5042572021484,-8.8828067779541,"Unknown"
"9004157",371992,2025-06-26 17:00:09,42.5043182373047,-8.88277149200439,"Unknown"
"9004157",371992,2025-06-26 17:05:09,42.5043106079102,-8.88282680511475,"Unknown"
"9004157",371992,2025-06-26 17:10:10,42.5042457580566,-8.88420486450195,"Unknown"
"9004157",371992,2025-06-26 17:15:09,42.5036087036133,-8.88661098480225,"Unknown"
"9004157",371992,2025-06-26 17:20:09,42.5036544799805,-8.88657188415527,"Unknown"
"9004157",371992,2025-06-26 17:25:09,42.5036430358887,-8.88658046722412,"Unknown"
"9004157",371992,2025-06-26 17:30:11,42.5036926269531,-8.88657474517822,"Unknown"
"9004157",371992,2025-06-26 17:35:10,42.5036735534668,-8.88661193847656,"Unknown"
"9004157",371992,2025-06-26 17:40:09,42.5037307739258,-8.88664245605469,"Unknown"
"9004157",371992,2025-06-26 17:45:09,42.5037117004395,-8.88663482666016,"Unknown"
"9004157",371992,2025-06-26 17:50:09,42.5038070678711,-8.88679981231689,"Unknown"
"9004157",371992,2025-06-26 17:55:13,42.5053634643555,-8.8876256942749,"Unknown"
"9004157",371992,2025-06-26 18:00:44,42.5063056945801,-8.88821697235107,"Unknown"
"9004157",371992,2025-06-26 18:05:09,42.5081558227539,-8.88784217834473,"Unknown"
"9004157",371992,2025-06-26 18:10:25,42.510440826416,-8.87946128845215,"Unknown"
"9004157",371992,2025-06-26 18:15:28,42.5103912353516,-8.878662109375,"Unknown"
"9004157",371992,2025-06-26 18:20:48,42.5109519958496,-8.87700748443604,"Unknown"
"9004157",371992,2025-06-26 18:26:25,42.5111083984375,-8.87571144104004,"Unknown"
"9004157",371992,2025-06-26 18:31:45,42.5112953186035,-8.87414836883545,"Unknown"
"9004157",371992,2025-06-26 18:36:54,42.5114898681641,-8.87291240692139,"Unknown"
"9004157",371992,2025-06-26 18:41:59,42.5107765197754,-8.87276172637939,"Unknown"
"9004157",371992,2025-06-26 18:53:46,42.5090675354004,-8.88026142120361,"Unknown"
"9004157",371992,2025-06-26 18:57:44,42.4981727600098,-8.90233516693115,"Unknown"
"9004157",371992,2025-06-26 19:02:22,42.4792671203613,-8.94095230102539,"Unknown"
"9004157",371992,2025-06-26 19:07:22,42.4773330688477,-8.94447135925293,"Unknown"
"9004157",371992,2025-06-26 19:12:23,42.477424621582,-8.94457626342773,"Unknown"
"9004157",371992,2025-06-26 19:17:23,42.4773139953613,-8.94466590881348,"Unknown"
"9004157",371992,2025-06-26 19:22:28,42.4774017333984,-8.94463729858398,"Unknown"
"9004157",371992,2025-06-26 19:27:25,42.4773559570312,-8.94466400146484,"Unknown"
"9004157",371992,2025-06-26 19:32:23,42.4772682189941,-8.94442081451416,"Unknown"
"9004157",371992,2025-06-26 19:37:25,42.4774589538574,-8.94474506378174,"Unknown"
"9004157",371992,2025-06-26 19:42:25,42.4776191711426,-8.94499969482422,"Unknown"
"9004157",371992,2025-06-26 19:47:44,42.4773445129395,-8.94462203979492,"Unknown"
"9004157",371992,2025-06-26 19:52:22,42.4773941040039,-8.94457817077637,"Unknown"
"9004157",371992,2025-06-26 19:57:22,42.4773979187012,-8.94460964202881,"Unknown"
"9004157",371992,2025-06-26 20:02:22,42.4773902893066,-8.94461822509766,"Unknown"
"9004157",371992,2025-06-26 20:07:26,42.4773826599121,-8.94441223144531,"Unknown"
"9004157",371992,2025-06-26 20:12:22,42.4774475097656,-8.94472312927246,"Unknown"
"9004157",371992,2025-06-26 20:17:22,42.4772682189941,-8.94442558288574,"Unknown"
"9004157",371992,2025-06-26 20:22:25,42.4773101806641,-8.94418907165527,"Unknown"
"9004157",371992,2025-06-26 20:27:28,42.4773216247559,-8.94449901580811,"Unknown"
"9004157",371992,2025-06-26 20:32:44,42.4774017333984,-8.94461154937744,"Unknown"
"9004157",371992,2025-06-26 20:37:28,42.4773216247559,-8.94449901580811,"Unknown"
"9004157",371992,2025-06-26 20:42:25,42.4774856567383,-8.94463920593262,"Unknown"
"9004157",371992,2025-06-26 20:47:34,42.4773750305176,-8.94441318511963,"Unknown"
"9004157",371992,2025-06-26 20:52:53,42.4774055480957,-8.9445972442627,"Unknown"
"9004157",371992,2025-06-26 20:57:22,42.4774780273438,-8.94461154937744,"Unknown"
"9004157",371992,2025-06-26 21:02:23,42.4776077270508,-8.94475746154785,"Unknown"
"9004157",371992,2025-06-26 21:07:23,42.4775276184082,-8.94470024108887,"Unknown"
"9004157",371992,2025-06-26 21:12:28,42.4777374267578,-8.9445276260376,"Unknown"
"9004157",371992,2025-06-26 21:17:35,42.4774932861328,-8.9445686340332,"Unknown"
"9004157",371992,2025-06-26 21:22:23,42.4773941040039,-8.94484710693359,"Unknown"
"9004157",371992,2025-06-26 21:27:34,42.4773979187012,-8.94462394714355,"Unknown"
"9004157",371992,2025-06-26 21:32:22,42.4774017333984,-8.9446382522583,"Unknown"
"9004157",371992,2025-06-26 21:37:24,42.477367401123,-8.94457340240479,"Unknown"
"9004157",371992,2025-06-26 21:42:22,42.4776153564453,-8.94460964202881,"Unknown"
"9004157",371992,2025-06-26 21:47:44,42.4774589538574,-8.9447021484375,"Unknown"
"9004157",371992,2025-06-26 21:52:28,42.4773750305176,-8.9445858001709,"Unknown"
"9004157",371992,2025-06-26 21:57:24,42.4774169921875,-8.94526767730713,"Unknown"
"9004157",371992,2025-06-26 22:02:25,42.4774169921875,-8.94483280181885,"Unknown"
"9004157",371992,2025-06-26 22:07:23,42.4774780273438,-8.94490528106689,"Unknown"
"9004157",371992,2025-06-26 22:12:23,42.4775123596191,-8.9443883895874,"Unknown"
"9004157",371992,2025-06-26 22:17:23,42.4774627685547,-8.94446563720703,"Unknown"
"9004157",371992,2025-06-26 22:22:23,42.4774322509766,-8.94506549835205,"Unknown"
"9004157",371992,2025-06-26 22:27:31,42.4775657653809,-8.94463539123535,"Unknown"
"9004157",371992,2025-06-26 22:32:44,42.477481842041,-8.94441413879395,"Unknown"
"9004157",371992,2025-06-26 22:37:22,42.4775276184082,-8.94456481933594,"Unknown"
"9004157",371992,2025-06-26 22:42:24,42.4774627685547,-8.94491767883301,"Unknown"
"9004157",371992,2025-06-26 22:47:23,42.4774360656738,-8.94485569000244,"Unknown"
"9004157",371992,2025-06-26 22:52:28,42.4774017333984,-8.9445333480835,"Unknown"
"9004157",371992,2025-06-26 22:57:30,42.4772262573242,-8.94442749023438,"Unknown"
"9004157",371992,2025-06-26 23:02:55,42.4773597717285,-8.94443321228027,"Unknown"
"9004157",371992,2025-06-26 23:07:47,42.4775848388672,-8.94569110870361,"Unknown"
"9004157",371992,2025-06-26 23:12:50,42.4775276184082,-8.94444561004639,"Unknown"
"9004157",371992,2025-06-26 23:17:48,42.4775123596191,-8.94443225860596,"Unknown"
"9004157",371992,2025-06-26 23:22:53,42.477466583252,-8.94454288482666,"Unknown"
"9004157",371992,2025-06-26 23:27:49,42.4775848388672,-8.94498348236084,"Unknown"
"9004157",371992,2025-06-26 23:33:24,42.4774551391602,-8.9448127746582,"Unknown"
"9004157",371992,2025-06-26 23:37:46,42.477424621582,-8.9446439743042,"Unknown"
"9004157",371992,2025-06-26 23:42:46,42.4779510498047,-8.94529819488525,"Unknown"
"9004157",371992,2025-06-26 23:47:47,42.4775314331055,-8.94476890563965,"Unknown"
"9004157",371992,2025-06-26 23:52:49,42.4775161743164,-8.94463157653809,"Unknown"
"9004157",371992,2025-06-26 23:57:50,42.4774169921875,-8.94464492797852,"Unknown"
"9004157",371992,2025-06-27 00:02:50,42.4774627685547,-8.94465923309326,"Unknown"
"9004157",371992,2025-06-27 00:08:06,42.4773292541504,-8.94466114044189,"Unknown"
"9004157",371992,2025-06-27 00:12:46,42.477367401123,-8.94459056854248,"Unknown"
"9004157",371992,2025-06-27 00:17:46,42.4774169921875,-8.94460487365723,"Unknown"
"9004157",371992,2025-06-27 00:22:48,42.4773864746094,-8.94457149505615,"Unknown"
"9004157",371992,2025-06-27 00:27:50,42.4774932861328,-8.94464111328125,"Unknown"
"9004157",371992,2025-06-27 00:32:49,42.4773941040039,-8.94460201263428,"Unknown"
"9004157",371992,2025-06-27 00:37:49,42.4773368835449,-8.94455623626709,"Unknown"
"9004157",371992,2025-06-27 00:42:55,42.477424621582,-8.94466304779053,"Unknown"
"9004157",371992,2025-06-27 00:47:54,42.4776191711426,-8.94468402862549,"Unknown"
"9004157",371992,2025-06-27 00:52:55,42.4774322509766,-8.94462203979492,"Unknown"
"9004157",371992,2025-06-27 00:57:56,42.4775085449219,-8.94465065002441,"Unknown"
"9004157",371992,2025-06-27 01:02:55,42.4775886535645,-8.9447193145752,"Unknown"
"9004157",371992,2025-06-27 01:08:05,42.4775390625,-8.94462490081787,"Unknown"
"9004157",371992,2025-06-27 01:12:47,42.4775276184082,-8.9446439743042,"Unknown"
"9004157",371992,2025-06-27 01:17:46,42.4774932861328,-8.94457912445068,"Unknown"
"9004157",371992,2025-06-27 01:23:04,42.4774475097656,-8.94463539123535,"Unknown"
"9004157",371992,2025-06-27 01:27:46,42.477424621582,-8.94467258453369,"Unknown"
"9004157",371992,2025-06-27 01:32:46,42.477409362793,-8.9446496963501,"Unknown"
"9004157",371992,2025-06-27 01:37:46,42.4774894714355,-8.94456100463867,"Unknown"
"9004157",371992,2025-06-27 01:42:46,42.4774208068848,-8.94472980499268,"Unknown"
"9004157",371992,2025-06-27 01:47:47,42.4774589538574,-8.94462966918945,"Unknown"
"9004157",371992,2025-06-27 01:52:52,42.4774055480957,-8.94466972351074,"Unknown"
"9004157",371992,2025-06-27 01:57:46,42.4774208068848,-8.94467258453369,"Unknown"
"9004157",371992,2025-06-27 02:02:47,42.4774742126465,-8.9445686340332,"Unknown"
"9004157",371992,2025-06-27 02:07:50,42.4774513244629,-8.94468307495117,"Unknown"
"9004157",371992,2025-06-27 02:12:50,42.477611541748,-8.94475364685059,"Unknown"
"9004157",371992,2025-06-27 02:18:05,42.4773559570312,-8.94466304779053,"Unknown"
"9004157",371992,2025-06-27 02:22:48,42.4774322509766,-8.94454002380371,"Unknown"
"9004157",371992,2025-06-27 02:27:46,42.4774360656738,-8.9446496963501,"Unknown"
"9004157",371992,2025-06-27 02:32:46,42.477367401123,-8.94471168518066,"Unknown"
"9004157",371992,2025-06-27 02:37:46,42.4773902893066,-8.94455814361572,"Unknown"
"9004157",371992,2025-06-27 02:42:46,42.4774360656738,-8.9447078704834,"Unknown"
"9004157",371992,2025-06-27 02:47:47,42.4774169921875,-8.94463920593262,"Unknown"
"9004157",371992,2025-06-27 02:52:47,42.4773902893066,-8.94462871551514,"Unknown"
"9004157",371992,2025-06-27 02:57:47,42.4774169921875,-8.94459247589111,"Unknown"
"9004157",371992,2025-06-27 03:02:46,42.477367401123,-8.94462108612061,"Unknown"
"9004157",371992,2025-06-27 03:07:52,42.4774513244629,-8.94466876983643,"Unknown"
"9004157",371992,2025-06-27 03:12:49,42.477294921875,-8.94454193115234,"Unknown"
"9004157",371992,2025-06-27 03:17:49,42.4775199890137,-8.94476509094238,"Unknown"
"9004157",371992,2025-06-27 03:22:55,42.4773941040039,-8.94467449188232,"Unknown"
"9004157",371992,2025-06-27 03:27:50,42.476978302002,-8.94435024261475,"Unknown"
"9004157",371992,2025-06-27 03:32:52,42.4775695800781,-8.94463539123535,"Unknown"
"9004157",371992,2025-06-27 03:37:50,42.4775657653809,-8.9447774887085,"Unknown"
"9004157",371992,2025-06-27 03:42:48,42.4775543212891,-8.94472789764404,"Unknown"
"9004157",371992,2025-06-27 03:47:46,42.4776458740234,-8.94492816925049,"Unknown"
"9004157",371992,2025-06-27 03:52:53,42.4774971008301,-8.94456768035889,"Unknown"
"9004157",371992,2025-06-27 03:57:50,42.4775543212891,-8.94482231140137,"Unknown"
"9004157",371992,2025-06-27 04:03:14,42.4773788452148,-8.94470977783203,"Unknown"
"9004157",371992,2025-06-27 04:07:46,42.4773368835449,-8.94462108612061,"Unknown"
"9004157",371992,2025-06-27 04:12:56,42.4772567749023,-8.94469261169434,"Unknown"
"9004157",371992,2025-06-27 04:17:51,42.4774169921875,-8.94456481933594,"Unknown"
"9004157",371992,2025-06-27 04:22:47,42.4773101806641,-8.94459533691406,"Unknown"
"9004157",371992,2025-06-27 04:27:53,42.4778289794922,-8.94491004943848,"Unknown"
"9004157",371992,2025-06-27 04:32:47,42.4773406982422,-8.94434261322021,"Unknown"
"9004157",371992,2025-06-27 04:37:54,42.477367401123,-8.94452953338623,"Unknown"
"9004157",371992,2025-06-27 04:42:45,42.4773597717285,-8.9445972442627,"Unknown"
"9004157",371992,2025-06-27 04:48:44,42.477222442627,-8.94414615631104,"Unknown"
"9004157",371992,2025-06-27 04:52:58,42.4775314331055,-8.94461345672607,"Unknown"
"9004157",371992,2025-06-27 04:57:56,42.4774742126465,-8.94462108612061,"Unknown"
"9004157",371992,2025-06-27 05:03:03,42.4773483276367,-8.94466495513916,"Unknown"
"9004157",371992,2025-06-27 05:07:45,42.4775924682617,-8.94461059570312,"Unknown"
"9004157",371992,2025-06-27 05:12:46,42.4778213500977,-8.94491672515869,"Unknown"
"9004157",371992,2025-06-27 05:17:46,42.477611541748,-8.94472122192383,"Unknown"
"9004157",371992,2025-06-27 05:22:53,42.4775543212891,-8.94460391998291,"Unknown"
"9004157",371992,2025-06-27 05:27:55,42.4772262573242,-8.94450092315674,"Unknown"
"9004157",371992,2025-06-27 05:32:51,42.4773025512695,-8.94447422027588,"Unknown"
"9004157",371992,2025-06-27 05:37:56,42.4774436950684,-8.94431591033936,"Unknown"
"9004157",371992,2025-06-27 05:42:56,42.4773063659668,-8.94447612762451,"Unknown"
"9004157",371992,2025-06-27 05:47:56,42.4774131774902,-8.94435596466064,"Unknown"
"9004157",371992,2025-06-27 05:53:06,42.4775085449219,-8.94453239440918,"Unknown"
"9004157",371992,2025-06-27 05:57:46,42.4775199890137,-8.94467639923096,"Unknown"
"9004157",371992,2025-06-27 06:03:12,42.4774513244629,-8.94462490081787,"Unknown"
"9004157",371992,2025-06-27 06:07:48,42.4776725769043,-8.94486522674561,"Unknown"
"9004157",371992,2025-06-27 06:12:46,42.4776229858398,-8.9450798034668,"Unknown"
"9004157",371992,2025-06-27 06:17:49,42.477367401123,-8.9446964263916,"Unknown"
"9004157",371992,2025-06-27 06:22:52,42.4774703979492,-8.94467353820801,"Unknown"
"9004157",371992,2025-06-27 06:27:48,42.477294921875,-8.9444751739502,"Unknown"
"9004157",371992,2025-06-27 06:33:05,42.4775390625,-8.94468116760254,"Unknown"
"9004157",371992,2025-06-27 06:37:46,42.4773864746094,-8.94429779052734,"Unknown"
"9004157",371992,2025-06-27 06:42:48,42.4773902893066,-8.94424057006836,"Unknown"
"9004157",371992,2025-06-27 06:47:47,42.4775810241699,-8.9448413848877,"Unknown"
"9004157",371992,2025-06-27 06:52:47,42.4776725769043,-8.9451789855957,"Unknown"
"9004157",371992,2025-06-27 06:57:51,42.4775085449219,-8.94466495513916,"Unknown"
"9004157",371992,2025-06-27 07:02:47,42.477424621582,-8.94442653656006,"Unknown"
"9004157",371992,2025-06-27 07:07:54,42.4773788452148,-8.94462013244629,"Unknown"
"9004157",371992,2025-06-27 07:12:49,42.4774856567383,-8.94503593444824,"Unknown"
"9004157",371992,2025-06-27 07:17:51,42.4774894714355,-8.94451141357422,"Unknown"
"9004157",371992,2025-06-27 07:22:54,42.4774284362793,-8.94480133056641,"Unknown"
"9004157",371992,2025-06-27 07:27:46,42.4775505065918,-8.94490051269531,"Unknown"
"9004157",371992,2025-06-27 07:32:46,42.4774971008301,-8.94487190246582,"Unknown"
"9004157",371992,2025-06-27 07:37:48,42.4774055480957,-8.9454870223999,"Unknown"
"9004157",371992,2025-06-27 07:42:46,42.477970123291,-8.94414710998535,"Unknown"
"9004157",371992,2025-06-27 07:47:46,42.4780349731445,-8.944260597229,"Unknown"
"9004157",371992,2025-06-27 07:52:45,42.4779510498047,-8.94401359558105,"Unknown"
"9004157",371992,2025-06-27 07:57:46,42.477970123291,-8.94394969940186,"Unknown"
"9004157",371992,2025-06-27 08:02:45,42.4780044555664,-8.94412708282471,"Unknown"
"9004157",371992,2025-06-27 08:07:47,42.4780235290527,-8.94411659240723,"Unknown"
"9004157",371992,2025-06-27 08:12:47,42.4779853820801,-8.94406986236572,"Unknown"
"9004157",371992,2025-06-27 08:17:45,42.4779014587402,-8.94395160675049,"Unknown"
"9004157",371992,2025-06-27 08:22:47,42.4779434204102,-8.94405746459961,"Unknown"
"9004157",371992,2025-06-27 08:27:55,42.4848251342773,-8.93261528015137,"Unknown"
"9004157",371992,2025-06-27 08:32:47,42.4947166442871,-8.90910530090332,"Unknown"
"9004157",371992,2025-06-27 08:37:47,42.4947547912598,-8.90892601013184,"Unknown"
"9004157",371992,2025-06-27 08:43:49,42.4950561523438,-8.9088134765625,"Unknown"
"9004157",371992,2025-06-27 08:48:53,42.4968528747559,-8.90684223175049,"Unknown"
"9004157",371992,2025-06-27 08:55:24,42.4976119995117,-8.90414810180664,"Unknown"
"9004157",371992,2025-06-27 09:13:44,42.5084800720215,-8.87081432342529,"Unknown"
"9004157",371992,2025-06-27 09:18:51,42.5083999633789,-8.87301349639893,"Unknown"
"9004157",371992,2025-06-27 09:24:41,42.5077857971191,-8.87178134918213,"Unknown"
"9004157",371992,2025-06-27 09:29:40,42.5068321228027,-8.87329196929932,"Unknown"
"9004157",371992,2025-06-27 09:36:11,42.5058975219727,-8.8733377456665,"Unknown"
"9004157",371992,2025-06-27 10:32:27,42.5099105834961,-8.8694019317627,"Unknown"
"9004157",371992,2025-06-27 10:37:38,42.5146942138672,-8.86468887329102,"Unknown"
"9004157",371992,2025-06-27 10:42:37,42.5142669677734,-8.86443424224854,"Unknown"
"9004157",371992,2025-06-27 10:47:33,42.5141983032227,-8.8644962310791,"Unknown"
"9004157",371992,2025-06-27 10:52:36,42.5142288208008,-8.86450386047363,"Unknown"
"9004157",371992,2025-06-27 10:57:36,42.5145225524902,-8.86458969116211,"Unknown"
"9004157",371992,2025-06-27 11:03:00,42.5142211914062,-8.86453342437744,"Unknown"
"9004157",371992,2025-06-27 11:07:49,42.5141258239746,-8.86446571350098,"Unknown"
"9004157",371992,2025-06-27 11:12:48,42.5143623352051,-8.86457920074463,"Unknown"
"9004157",371992,2025-06-27 11:18:05,42.5143432617188,-8.86449909210205,"Unknown"
"9004157",371992,2025-06-27 11:22:41,42.5144996643066,-8.86455726623535,"Unknown"
"9004157",371992,2025-06-27 11:27:40,42.5143508911133,-8.86451435089111,"Unknown"
"9004157",371992,2025-06-27 11:32:40,42.5143432617188,-8.86453628540039,"Unknown"
"9004157",371992,2025-06-27 11:37:40,42.5143356323242,-8.86451530456543,"Unknown"
"9004157",371992,2025-06-27 11:42:40,42.514289855957,-8.86443901062012,"Unknown"
"9004157",371992,2025-06-27 11:47:40,42.5143814086914,-8.86437797546387,"Unknown"
"9004157",371992,2025-06-27 11:52:40,42.5143356323242,-8.86439323425293,"Unknown"
"9004157",371992,2025-06-27 11:57:40,42.5144309997559,-8.86427021026611,"Unknown"
"9004157",371992,2025-06-27 12:02:40,42.5142288208008,-8.86449813842773,"Unknown"
"9004157",371992,2025-06-27 12:07:40,42.5143280029297,-8.86448860168457,"Unknown"
"9004157",371992,2025-06-27 12:12:41,42.5143165588379,-8.86447811126709,"Unknown"
"9004157",371992,2025-06-27 12:17:40,42.5142517089844,-8.86447525024414,"Unknown"
"9004157",371992,2025-06-27 12:22:42,42.5142707824707,-8.86450099945068,"Unknown"
"9004157",371992,2025-06-27 12:27:40,42.514217376709,-8.86446857452393,"Unknown"
"9004157",371992,2025-06-27 12:32:40,42.5143051147461,-8.86447906494141,"Unknown"
"9004157",371992,2025-06-27 12:37:40,42.5142784118652,-8.86444759368896,"Unknown"
"9004157",371992,2025-06-27 12:42:41,42.5142593383789,-8.86450099945068,"Unknown"
"9004157",371992,2025-06-27 12:47:41,42.5142822265625,-8.8644380569458,"Unknown"
"9004157",371992,2025-06-27 12:53:06,42.5113563537598,-8.87244319915771,"Unknown"
"9004157",371992,2025-06-27 12:58:50,42.5119476318359,-8.87400817871094,"Unknown"
"9004157",371992,2025-06-27 13:04:20,42.5109405517578,-8.87537860870361,"Unknown"
"9004157",371992,2025-06-27 13:09:39,42.5111351013184,-8.87648868560791,"Unknown"
"9004157",371992,2025-06-27 13:49:00,42.5102119445801,-8.87703704833984,"Unknown"
"9004157",371992,2025-06-27 13:53:59,42.5047454833984,-8.88069915771484,"Unknown"
"9004157",371992,2025-06-27 13:57:35,42.5047378540039,-8.88052272796631,"Unknown"
"9004157",371992,2025-06-27 14:02:35,42.5047340393066,-8.88066101074219,"Unknown"
"9004157",371992,2025-06-27 14:07:35,42.5047454833984,-8.88063144683838,"Unknown"
"9004157",371992,2025-06-27 14:12:36,42.5046882629395,-8.8806095123291,"Unknown"
"9004157",371992,2025-06-27 14:17:36,42.5046615600586,-8.88042640686035,"Unknown"
"9004157",371992,2025-06-27 14:22:36,42.5046157836914,-8.88016414642334,"Unknown"
"9004157",371992,2025-06-27 14:27:39,42.5046234130859,-8.88000869750977,"Unknown"
"9004157",371992,2025-06-27 14:32:41,42.5045623779297,-8.87945175170898,"Unknown"
"9004157",371992,2025-06-27 14:37:47,42.5047760009766,-8.8807201385498,"Unknown"
"9004157",371992,2025-06-27 14:42:37,42.5048065185547,-8.88152503967285,"Unknown"
"9004157",371992,2025-06-27 14:47:38,42.5047798156738,-8.88105964660645,"Unknown"
"9004157",371992,2025-06-27 14:52:37,42.5047645568848,-8.88094520568848,"Unknown"
"9004157",371992,2025-06-27 14:57:49,42.5047950744629,-8.88064193725586,"Unknown"
"9004157",371992,2025-06-27 15:02:37,42.5047416687012,-8.88070583343506,"Unknown"
"9004157",371992,2025-06-27 15:07:49,42.5048522949219,-8.8806266784668,"Unknown"
"9004157",371992,2025-06-27 15:12:39,42.5048141479492,-8.88080978393555,"Unknown"
"9004157",371992,2025-06-27 15:18:05,42.5047187805176,-8.88068199157715,"Unknown"
"9004157",371992,2025-06-27 15:22:36,42.5046501159668,-8.88068771362305,"Unknown"
"9004157",371992,2025-06-27 15:27:35,42.5046539306641,-8.88064861297607,"Unknown"
"9004157",371992,2025-06-27 15:32:35,42.5046043395996,-8.88060569763184,"Unknown"
"9004157",371992,2025-06-27 15:37:35,42.5046157836914,-8.88066005706787,"Unknown"
"9004157",371992,2025-06-27 15:42:35,42.5046195983887,-8.88070201873779,"Unknown"
"9004157",371992,2025-06-27 15:47:35,42.5045585632324,-8.88073635101318,"Unknown"
"9004157",371992,2025-06-27 15:52:35,42.5045051574707,-8.88084506988525,"Unknown"
"9004157",371992,2025-06-27 15:57:35,42.5044937133789,-8.88098907470703,"Unknown"
"9004157",371992,2025-06-27 16:02:35,42.504467010498,-8.88099002838135,"Unknown"
"9004157",371992,2025-06-27 16:07:35,42.504451751709,-8.88101673126221,"Unknown"
"9004157",371992,2025-06-27 16:12:35,42.5044555664062,-8.88096046447754,"Unknown"
"9004157",371992,2025-06-27 16:17:36,42.5044403076172,-8.88097763061523,"Unknown"
"9004157",371992,2025-06-27 16:23:30,42.510856628418,-8.87536811828613,"Unknown"
"9004157",371992,2025-06-27 16:28:27,42.5113258361816,-8.87329387664795,"Unknown"
"9004157",371992,2025-06-27 16:33:52,42.5114860534668,-8.87487888336182,"Unknown"
"9004157",371992,2025-06-27 16:39:31,42.5112419128418,-8.8766393661499,"Unknown"
"9004157",371992,2025-06-27 17:12:13,42.5102195739746,-8.87265586853027,"Unknown"
"9004157",371992,2025-06-27 17:17:41,42.5108757019043,-8.87213897705078,"Unknown"
"9004157",371992,2025-06-27 17:23:26,42.5108413696289,-8.87496376037598,"Unknown"
"9004157",371992,2025-06-27 17:30:19,42.5107498168945,-8.87751388549805,"Unknown"
"9004157",371992,2025-06-27 17:35:59,42.5093116760254,-8.87977313995361,"Unknown"
"9004157",371992,2025-06-27 17:41:28,42.5071105957031,-8.88898944854736,"Unknown"
"9004157",371992,2025-06-27 17:45:55,42.5072174072266,-8.88909912109375,"Unknown"
"9004157",371992,2025-06-27 17:50:55,42.5070343017578,-8.88878345489502,"Unknown"
"9004157",371992,2025-06-27 17:55:59,42.507266998291,-8.88925647735596,"Unknown"
"9004157",371992,2025-06-27 18:01:29,42.5071411132812,-8.88914775848389,"Unknown"
"9004157",371992,2025-06-27 18:05:52,42.507152557373,-8.88920593261719,"Unknown"
"9004157",371992,2025-06-27 18:10:52,42.5070838928223,-8.8892240524292,"Unknown"
"9004157",371992,2025-06-27 18:15:53,42.5071258544922,-8.88920783996582,"Unknown"
"9004157",371992,2025-06-27 18:20:52,42.5071258544922,-8.88923072814941,"Unknown"
"9004157",371992,2025-06-27 18:25:52,42.5071716308594,-8.88924598693848,"Unknown"
"9004157",371992,2025-06-27 18:30:52,42.5071029663086,-8.88924789428711,"Unknown"
"9004157",371992,2025-06-27 18:35:53,42.5070610046387,-8.88922119140625,"Unknown"
"9004157",371992,2025-06-27 18:40:53,42.5070953369141,-8.88926219940186,"Unknown"
"9004157",371992,2025-06-27 18:45:53,42.5071716308594,-8.88927841186523,"Unknown"
"9004157",371992,2025-06-27 18:50:52,42.5041084289551,-8.89455223083496,"Unknown"
"9004157",371992,2025-06-27 18:55:52,42.4789848327637,-8.93868541717529,"Unknown"
"9004157",371992,2025-06-27 19:00:52,42.4773445129395,-8.9446907043457,"Unknown"
"9004157",371992,2025-06-27 19:05:52,42.4773635864258,-8.94469261169434,"Unknown"
"9004157",371992,2025-06-27 19:10:55,42.4773788452148,-8.94473648071289,"Unknown"
"9004157",371992,2025-06-27 19:15:57,42.4773864746094,-8.94470119476318,"Unknown"
"9004157",371992,2025-06-27 19:20:52,42.4774551391602,-8.94465827941895,"Unknown"
"9004157",371992,2025-06-27 19:25:52,42.4775085449219,-8.94465637207031,"Unknown"
"9004157",371992,2025-06-27 19:30:52,42.4773750305176,-8.94471645355225,"Unknown"
"9004157",371992,2025-06-27 19:35:53,42.4774360656738,-8.94478607177734,"Unknown"
"9004157",371992,2025-06-27 19:40:52,42.4773864746094,-8.94472408294678,"Unknown"
"9004157",371992,2025-06-27 19:45:52,42.477409362793,-8.94473648071289,"Unknown"
"9004157",371992,2025-06-27 19:50:52,42.4774284362793,-8.94470691680908,"Unknown"
"9004157",371992,2025-06-27 19:55:53,42.477424621582,-8.94467830657959,"Unknown"
"9004157",371992,2025-06-27 20:00:52,42.4774131774902,-8.94460487365723,"Unknown"
"9004157",371992,2025-06-27 20:05:52,42.4774436950684,-8.9447135925293,"Unknown"
"9004157",371992,2025-06-27 20:11:24,42.477424621582,-8.94478893280029,"Unknown"
"9004157",371992,2025-06-27 20:16:14,42.4774742126465,-8.94483375549316,"Unknown"
"9004157",371992,2025-06-27 20:20:53,42.4774589538574,-8.94449424743652,"Unknown"
"9004157",371992,2025-06-27 20:26:14,42.4775886535645,-8.94439697265625,"Unknown"
"9004157",371992,2025-06-27 20:31:14,42.4774208068848,-8.94461154937744,"Unknown"
"9004157",371992,2025-06-27 20:35:52,42.4774169921875,-8.9447546005249,"Unknown"
"9004157",371992,2025-06-27 20:40:53,42.4773368835449,-8.94479084014893,"Unknown"
"9004157",371992,2025-06-27 20:45:56,42.477237701416,-8.94476127624512,"Unknown"
"9004157",371992,2025-06-27 20:50:57,42.4773597717285,-8.94451904296875,"Unknown"
"9004157",371992,2025-06-27 20:55:55,42.4771308898926,-8.94480419158936,"Unknown"
"9004157",371992,2025-06-27 21:00:53,42.477180480957,-8.94482040405273,"Unknown"
"9004157",371992,2025-06-27 21:05:57,42.4772758483887,-8.94476222991943,"Unknown"
"9004157",371992,2025-06-27 21:10:55,42.4772148132324,-8.94497013092041,"Unknown"
"9004157",371992,2025-06-27 21:16:14,42.477367401123,-8.94451522827148,"Unknown"
"9004157",371992,2025-06-27 21:20:55,42.4772262573242,-8.94447898864746,"Unknown"
"9004157",371992,2025-06-27 21:26:12,42.4774131774902,-8.94454574584961,"Unknown"
"9004157",371992,2025-06-27 21:30:57,42.4773063659668,-8.94435787200928,"Unknown"
"9004157",371992,2025-06-27 21:35:58,42.4773826599121,-8.94442558288574,"Unknown"
"9004157",371992,2025-06-27 21:41:01,42.4775047302246,-8.94470691680908,"Unknown"
"9004157",371992,2025-06-27 21:46:29,42.4774513244629,-8.94470882415771,"Unknown"
"9004157",371992,2025-06-27 21:50:53,42.4774971008301,-8.94474411010742,"Unknown"
"9004157",371992,2025-06-27 21:55:52,42.4774284362793,-8.94470024108887,"Unknown"
"9004157",371992,2025-06-27 22:00:52,42.4774703979492,-8.94462013244629,"Unknown"
"9004157",371992,2025-06-27 22:05:53,42.4774627685547,-8.94460105895996,"Unknown"
"9004157",371992,2025-06-27 22:10:52,42.4775199890137,-8.94462966918945,"Unknown"
"9004157",371992,2025-06-27 22:15:53,42.477424621582,-8.94471549987793,"Unknown"
"9004157",371992,2025-06-27 22:20:53,42.4775085449219,-8.94475173950195,"Unknown"
"9004157",371992,2025-06-27 22:25:52,42.4774055480957,-8.94465827941895,"Unknown"
"9004157",371992,2025-06-27 22:30:52,42.4773979187012,-8.94467258453369,"Unknown"
"9004157",371992,2025-06-27 22:35:57,42.4773788452148,-8.94459342956543,"Unknown"
"9004157",371992,2025-06-27 22:40:57,42.4788856506348,-8.9447774887085,"Unknown"
"9004157",371992,2025-06-27 22:46:06,42.4773979187012,-8.94474029541016,"Unknown"
"9004157",371992,2025-06-27 22:50:56,42.4776916503906,-8.94468975067139,"Unknown"
"9004157",371992,2025-06-27 22:56:00,42.4774131774902,-8.94465923309326,"Unknown"
"9004157",371992,2025-06-27 23:00:56,42.4771499633789,-8.94472026824951,"Unknown"
"9004157",371992,2025-06-27 23:06:03,42.4774208068848,-8.94454574584961,"Unknown"
"9004157",371992,2025-06-27 23:10:54,42.476978302002,-8.94469738006592,"Unknown"
"9004157",371992,2025-06-27 23:16:00,42.4773826599121,-8.94468975067139,"Unknown"
"9004157",371992,2025-06-27 23:20:53,42.4776077270508,-8.94472503662109,"Unknown"
"9004157",371992,2025-06-27 23:26:00,42.4773101806641,-8.94483089447021,"Unknown"
"9004157",371992,2025-06-27 23:30:54,42.476734161377,-8.94469261169434,"Unknown"
"9004157",371992,2025-06-27 23:36:00,42.4774284362793,-8.944748878479,"Unknown"
"9004157",371992,2025-06-27 23:40:54,42.4773712158203,-8.94474029541016,"Unknown"
"9004157",371992,2025-06-27 23:46:02,42.477367401123,-8.94472503662109,"Unknown"
"9004157",371992,2025-06-27 23:51:00,42.4774055480957,-8.94462490081787,"Unknown"
"9004157",371992,2025-06-27 23:55:59,42.4770889282227,-8.9451208114624,"Unknown"
"9004157",371992,2025-06-28 00:01:00,42.4769706726074,-8.94511890411377,"Unknown"
"9004157",371992,2025-06-28 00:06:15,42.4773826599121,-8.94463443756104,"Unknown"
"9004157",371992,2025-06-28 00:10:53,42.4775505065918,-8.94468307495117,"Unknown"
"9004157",371992,2025-06-28 00:15:53,42.4774208068848,-8.94464588165283,"Unknown"
"9004157",371992,2025-06-28 00:21:00,42.4773979187012,-8.94468593597412,"Unknown"
"9004157",371992,2025-06-28 00:25:53,42.4772911071777,-8.94465255737305,"Unknown"
"9004157",371992,2025-06-28 00:30:59,42.4774932861328,-8.94470310211182,"Unknown"
"9004157",371992,2025-06-28 00:35:59,42.477409362793,-8.94466114044189,"Unknown"
"9004157",371992,2025-06-28 00:40:57,42.4774513244629,-8.94469738006592,"Unknown"
"9004157",371992,2025-06-28 00:46:15,42.4774780273438,-8.94468688964844,"Unknown"
"9004157",371992,2025-06-28 00:50:55,42.4774284362793,-8.94459915161133,"Unknown"
"9004157",371992,2025-06-28 00:56:01,42.4773712158203,-8.94464206695557,"Unknown"
"9004157",371992,2025-06-28 01:01:10,42.477409362793,-8.94459533691406,"Unknown"
"9004157",371992,2025-06-28 01:05:59,42.4771690368652,-8.94447326660156,"Unknown"
"9004157",371992,2025-06-28 01:10:53,42.4776382446289,-8.94462966918945,"Unknown"
"9004157",371992,2025-06-28 01:15:52,42.4772911071777,-8.94465446472168,"Unknown"
"9004157",371992,2025-06-28 01:21:15,42.4774169921875,-8.94466495513916,"Unknown"
"9004157",371992,2025-06-28 01:25:55,42.477222442627,-8.94478225708008,"Unknown"
"9004157",371992,2025-06-28 01:30:58,42.4776420593262,-8.94476509094238,"Unknown"
"9004157",371992,2025-06-28 01:35:55,42.4772338867188,-8.94459342956543,"Unknown"
"9004157",371992,2025-06-28 01:40:57,42.4770164489746,-8.94472026824951,"Unknown"
"9004157",371992,2025-06-28 01:46:29,42.4774780273438,-8.94475746154785,"Unknown"
"9004157",371992,2025-06-28 01:50:53,42.4775886535645,-8.94473648071289,"Unknown"
"9004157",371992,2025-06-28 01:55:52,42.4774475097656,-8.94463348388672,"Unknown"
"9004157",371992,2025-06-28 02:00:53,42.4771270751953,-8.94458198547363,"Unknown"
"9004157",371992,2025-06-28 02:05:52,42.477466583252,-8.94460773468018,"Unknown"
"9004157",371992,2025-06-28 02:10:52,42.4775238037109,-8.94461536407471,"Unknown"
"9004157",371992,2025-06-28 02:15:52,42.477409362793,-8.94464588165283,"Unknown"
"9004157",371992,2025-06-28 02:20:52,42.4773445129395,-8.94460868835449,"Unknown"
"9004157",371992,2025-06-28 02:25:52,42.4773406982422,-8.94457340240479,"Unknown"
"9004157",371992,2025-06-28 02:30:52,42.4773368835449,-8.94469165802002,"Unknown"
"9004157",371992,2025-06-28 02:35:52,42.477409362793,-8.94460582733154,"Unknown"
"9004157",371992,2025-06-28 02:40:52,42.4774131774902,-8.94473648071289,"Unknown"
"9004157",371992,2025-06-28 02:45:52,42.4774398803711,-8.94467163085938,"Unknown"
"9004157",371992,2025-06-28 02:50:52,42.4774360656738,-8.94463729858398,"Unknown"
"9004157",371992,2025-06-28 02:55:53,42.4775123596191,-8.94471263885498,"Unknown"
"9004157",371992,2025-06-28 03:01:00,42.4774627685547,-8.94466972351074,"Unknown"
"9004157",371992,2025-06-28 03:06:00,42.4774703979492,-8.94470310211182,"Unknown"
"9004157",371992,2025-06-28 03:10:55,42.477466583252,-8.94473266601562,"Unknown"
"9004157",371992,2025-06-28 03:15:54,42.4770317077637,-8.94431591033936,"Unknown"
"9004157",371992,2025-06-28 03:21:00,42.4775085449219,-8.94465065002441,"Unknown"
"9004157",371992,2025-06-28 03:25:53,42.4775619506836,-8.94456768035889,"Unknown"
"9004157",371992,2025-06-28 03:30:55,42.4774398803711,-8.94460010528564,"Unknown"
"9004157",371992,2025-06-28 03:35:55,42.477424621582,-8.94464683532715,"Unknown"
"9004157",371992,2025-06-28 03:40:58,42.4774894714355,-8.94473361968994,"Unknown"
"9004157",371992,2025-06-28 03:46:14,42.477481842041,-8.94470977783203,"Unknown"
"9004157",371992,2025-06-28 03:50:52,42.4774436950684,-8.94453907012939,"Unknown"
"9004157",371992,2025-06-28 03:55:52,42.477481842041,-8.94466972351074,"Unknown"
"9004157",371992,2025-06-28 04:00:52,42.4774551391602,-8.94458389282227,"Unknown"
"9004157",371992,2025-06-28 04:05:52,42.4774322509766,-8.94450855255127,"Unknown"
"9004157",371992,2025-06-28 04:10:52,42.4774131774902,-8.94460105895996,"Unknown"
"9004157",371992,2025-06-28 04:15:52,42.4774627685547,-8.94467353820801,"Unknown"
"9004157",371992,2025-06-28 04:20:53,42.4774169921875,-8.94457912445068,"Unknown"
"9004157",371992,2025-06-28 04:25:58,42.4775428771973,-8.94466114044189,"Unknown"
"9004157",371992,2025-06-28 04:31:08,42.4775848388672,-8.94485092163086,"Unknown"
"9004157",371992,2025-06-28 04:36:10,42.4774589538574,-8.94457817077637,"Unknown"
"9004157",371992,2025-06-28 04:40:57,42.4775199890137,-8.94448852539062,"Unknown"
"9004157",371992,2025-06-28 04:45:58,42.4775924682617,-8.94478225708008,"Unknown"
"9004157",371992,2025-06-28 04:50:58,42.4775886535645,-8.94495487213135,"Unknown"
"9004157",371992,2025-06-28 04:56:04,42.4774208068848,-8.94457340240479,"Unknown"
"9004157",371992,2025-06-28 05:00:54,42.4775733947754,-8.94484996795654,"Unknown"
"9004157",371992,2025-06-28 05:05:55,42.4775772094727,-8.94490718841553,"Unknown"
"9004157",371992,2025-06-28 05:10:55,42.4775695800781,-8.94480037689209,"Unknown"
"9004157",371992,2025-06-28 05:16:14,42.4775123596191,-8.94461345672607,"Unknown"
"9004157",371992,2025-06-28 05:20:59,42.4775428771973,-8.94469738006592,"Unknown"
"9004157",371992,2025-06-28 05:25:58,42.4775543212891,-8.9447021484375,"Unknown"
"9004157",371992,2025-06-28 05:30:57,42.4774475097656,-8.94429492950439,"Unknown"
"9004157",371992,2025-06-28 05:35:57,42.4773254394531,-8.94432544708252,"Unknown"
"9004157",371992,2025-06-28 05:41:00,42.4776763916016,-8.94458961486816,"Unknown"
"9004157",371992,2025-06-28 05:46:24,42.4774703979492,-8.9445219039917,"Unknown"
"9004157",371992,2025-06-28 05:50:58,42.4775238037109,-8.94453811645508,"Unknown"
"9004157",371992,2025-06-28 05:56:00,42.4774436950684,-8.94458103179932,"Unknown"
"9004157",371992,2025-06-28 06:01:29,42.4775123596191,-8.94461822509766,"Unknown"
"9004157",371992,2025-06-28 06:05:54,42.477466583252,-8.9444055557251,"Unknown"
"9004157",371992,2025-06-28 06:10:54,42.4773979187012,-8.94404602050781,"Unknown"
"9004157",371992,2025-06-28 06:15:54,42.4773750305176,-8.9441442489624,"Unknown"
"9004157",371992,2025-06-28 06:21:32,42.4776268005371,-8.94458484649658,"Unknown"
"9004157",371992,2025-06-28 06:25:53,42.4776954650879,-8.94497489929199,"Unknown"
"9004157",371992,2025-06-28 06:30:57,42.4775390625,-8.94461345672607,"Unknown"
"9004157",371992,2025-06-28 06:35:58,42.4775581359863,-8.94462490081787,"Unknown"
"9004157",371992,2025-06-28 06:40:54,42.4775123596191,-8.94457054138184,"Unknown"
"9004157",371992,2025-06-28 06:46:14,42.4774627685547,-8.94466018676758,"Unknown"
"9004157",371992,2025-06-28 06:50:53,42.477424621582,-8.94449424743652,"Unknown"
"9004157",371992,2025-06-28 06:55:52,42.4773979187012,-8.94456481933594,"Unknown"
"9004157",371992,2025-06-28 07:00:54,42.4774322509766,-8.94476985931396,"Unknown"
"9004157",371992,2025-06-28 07:05:55,42.477466583252,-8.94471549987793,"Unknown"
"9004157",371992,2025-06-28 07:10:57,42.4774131774902,-8.94469738006592,"Unknown"
"9004157",371992,2025-06-28 07:15:52,42.4773139953613,-8.94466400146484,"Unknown"
"9004157",371992,2025-06-28 07:20:55,42.4773750305176,-8.94474506378174,"Unknown"
"9004157",371992,2025-06-28 07:25:55,42.4773597717285,-8.94475555419922,"Unknown"
"9004157",371992,2025-06-28 07:31:29,42.477424621582,-8.94470500946045,"Unknown"
"9004157",371992,2025-06-28 07:35:52,42.4774513244629,-8.94472503662109,"Unknown"
"9004157",371992,2025-06-28 07:40:53,42.477409362793,-8.94467258453369,"Unknown"
"9004157",371992,2025-06-28 07:45:53,42.4774856567383,-8.94453525543213,"Unknown"
"9004157",371992,2025-06-28 07:50:52,42.4774398803711,-8.9446439743042,"Unknown"
"9004157",371992,2025-06-28 07:55:52,42.4771041870117,-8.9447546005249,"Unknown"
"9004157",371992,2025-06-28 08:00:52,42.4781112670898,-8.94360065460205,"Unknown"
"9004157",371992,2025-06-28 08:05:52,42.4936599731445,-8.90161418914795,"Unknown"
"9004157",371992,2025-06-28 08:11:36,42.510929107666,-8.87494277954102,"Unknown"
"9004157",371992,2025-06-28 08:17:07,42.5111045837402,-8.87469482421875,"Unknown"
"9004157",371992,2025-06-28 08:22:27,42.5112953186035,-8.87272357940674,"Unknown"
"9004157",371992,2025-06-28 08:28:07,42.510082244873,-8.87165927886963,"Unknown"
"9004157",371992,2025-06-28 08:33:36,42.5089073181152,-8.87342166900635,"Unknown"
"9004157",371992,2025-06-28 08:38:59,42.5078010559082,-8.87242984771729,"Unknown"
"9004157",371992,2025-06-28 08:44:40,42.5061988830566,-8.87331295013428,"Unknown"
"9004157",371992,2025-06-28 08:50:20,42.5064125061035,-8.87160205841064,"Unknown"
"9004157",371992,2025-06-28 08:56:38,42.5074768066406,-8.87078762054443,"Unknown"
"9004157",371992,2025-06-28 09:01:57,42.5074768066406,-8.87152671813965,"Unknown"
"9004157",371992,2025-06-28 09:07:14,42.5087776184082,-8.87218379974365,"Unknown"
"9004157",371992,2025-06-28 09:12:48,42.5106391906738,-8.87376308441162,"Unknown"
"9004157",371992,2025-06-28 09:18:07,42.5111770629883,-8.87480449676514,"Unknown"
"9004157",371992,2025-06-28 09:24:20,42.5122909545898,-8.87275791168213,"Unknown"
"9004157",371992,2025-06-28 09:29:09,42.5144500732422,-8.864577293396,"Unknown"
"9004157",371992,2025-06-28 09:34:16,42.5143928527832,-8.86464214324951,"Unknown"
"9004157",371992,2025-06-28 09:39:08,42.5143775939941,-8.86452770233154,"Unknown"
"9004157",371992,2025-06-28 09:44:09,42.5144004821777,-8.86430358886719,"Unknown"
"9004157",371992,2025-06-28 09:49:18,42.5143737792969,-8.86461162567139,"Unknown"
"9004157",371992,2025-06-28 09:54:18,42.5143814086914,-8.86467552185059,"Unknown"
"9004157",371992,2025-06-28 09:59:13,42.5143852233887,-8.86448097229004,"Unknown"
"9004157",371992,2025-06-28 10:04:35,42.5143737792969,-8.86449432373047,"Unknown"
"9004157",371992,2025-06-28 10:09:08,42.5143661499023,-8.86454677581787,"Unknown"
"9004157",371992,2025-06-28 10:14:08,42.5143928527832,-8.86455154418945,"Unknown"
"9004157",371992,2025-06-28 10:19:08,42.5143966674805,-8.86452674865723,"Unknown"
"9004157",371992,2025-06-28 10:24:08,42.5143547058105,-8.86458778381348,"Unknown"
"9004157",371992,2025-06-28 10:29:08,42.5143547058105,-8.86447715759277,"Unknown"
"9004157",371992,2025-06-28 10:34:08,42.5143775939941,-8.86453437805176,"Unknown"
"9004157",371992,2025-06-28 10:39:08,42.5144004821777,-8.86460304260254,"Unknown"
"9004157",371992,2025-06-28 10:44:15,42.5143928527832,-8.86450958251953,"Unknown"
"9004157",371992,2025-06-28 10:49:08,42.5143890380859,-8.86457633972168,"Unknown"
"9004157",371992,2025-06-28 10:54:10,42.5144157409668,-8.86464977264404,"Unknown"
"9004157",371992,2025-06-28 10:59:08,42.5143890380859,-8.86452198028564,"Unknown"
"9004157",371992,2025-06-28 11:04:09,42.5143852233887,-8.86453342437744,"Unknown"
"9004157",371992,2025-06-28 11:09:10,42.5144004821777,-8.86454010009766,"Unknown"
"9004157",371992,2025-06-28 11:14:20,42.514404296875,-8.86462116241455,"Unknown"
"9004157",371992,2025-06-28 11:19:21,42.5144195556641,-8.86466503143311,"Unknown"
"9004157",371992,2025-06-28 11:24:24,42.5144348144531,-8.86466503143311,"Unknown"
"9004157",371992,2025-06-28 11:29:18,42.5144195556641,-8.86478233337402,"Unknown"
"9004157",371992,2025-06-28 11:34:35,42.5144920349121,-8.86469268798828,"Unknown"
"9004157",371992,2025-06-28 11:39:11,42.5144691467285,-8.86469173431396,"Unknown"
"9004157",371992,2025-06-28 11:44:22,42.5145378112793,-8.86461544036865,"Unknown"
"9004157",371992,2025-06-28 11:49:13,42.5144882202148,-8.86458396911621,"Unknown"
"9004157",371992,2025-06-28 11:54:19,42.5145301818848,-8.8646183013916,"Unknown"
"9004157",371992,2025-06-28 11:59:09,42.5145111083984,-8.86439895629883,"Unknown"
"9004157",371992,2025-06-28 12:04:35,42.514347076416,-8.86438846588135,"Unknown"
"9004157",371992,2025-06-28 12:09:08,42.5143165588379,-8.86434555053711,"Unknown"
"9004157",371992,2025-06-28 12:14:09,42.5143547058105,-8.86441135406494,"Unknown"
"9004157",371992,2025-06-28 12:19:09,42.5143775939941,-8.86446762084961,"Unknown"
"9004157",371992,2025-06-28 12:24:34,42.5143890380859,-8.86445617675781,"Unknown"
"9004157",371992,2025-06-28 12:29:09,42.5143928527832,-8.86446189880371,"Unknown"
"9004157",371992,2025-06-28 12:34:08,42.5144004821777,-8.86442565917969,"Unknown"
"9004157",371992,2025-06-28 12:39:10,42.5106239318848,-8.87131023406982,"Unknown"
"9004157",371992,2025-06-28 12:44:37,42.5113410949707,-8.87249374389648,"Unknown"
"9004157",371992,2025-06-28 12:49:40,42.5108604431152,-8.87203407287598,"Unknown"
"9004157",371992,2025-06-28 12:54:52,42.5104904174805,-8.87274169921875,"Unknown"
"9004157",371992,2025-06-28 13:00:05,42.5108985900879,-8.8743200302124,"Unknown"
"9004157",371992,2025-06-28 13:05:25,42.5114097595215,-8.87614822387695,"Unknown"
"9004157",371992,2025-06-28 13:10:53,42.5117835998535,-8.87763404846191,"Unknown"
"9004157",371992,2025-06-28 13:16:16,42.5114555358887,-8.8772497177124,"Unknown"
"9004157",371992,2025-06-28 13:21:58,42.5112419128418,-8.87854957580566,"Unknown"
"9004157",371992,2025-06-28 13:27:11,42.5109786987305,-8.87745380401611,"Unknown"
"9004157",371992,2025-06-28 13:32:47,42.5099029541016,-8.87563800811768,"Unknown"
"9004157",371992,2025-06-28 13:37:48,42.5080642700195,-8.87602615356445,"Unknown"
"9004157",371992,2025-06-28 13:42:47,42.5073852539062,-8.87628746032715,"Unknown"
"9004157",371992,2025-06-28 13:47:48,42.5047645568848,-8.880615234375,"Unknown"
"9004157",371992,2025-06-28 13:52:47,42.504768371582,-8.88071250915527,"Unknown"
"9004157",371992,2025-06-28 13:57:47,42.5048141479492,-8.8806676864624,"Unknown"
"9004157",371992,2025-06-28 14:02:48,42.5047721862793,-8.88073635101318,"Unknown"
"9004157",371992,2025-06-28 14:07:47,42.5047912597656,-8.88066673278809,"Unknown"
"9004157",371992,2025-06-28 14:12:54,42.504768371582,-8.88067245483398,"Unknown"
"9004157",371992,2025-06-28 14:17:47,42.5047225952148,-8.88065433502197,"Unknown"
"9004157",371992,2025-06-28 14:22:47,42.5047340393066,-8.8807373046875,"Unknown"
"9004157",371992,2025-06-28 14:27:57,42.5047454833984,-8.88068389892578,"Unknown"
"9004157",371992,2025-06-28 14:32:47,42.504695892334,-8.88064098358154,"Unknown"
"9004157",371992,2025-06-28 14:37:48,42.5047836303711,-8.88068103790283,"Unknown"
"9004157",371992,2025-06-28 14:42:48,42.5047378540039,-8.88068866729736,"Unknown"
"9004157",371992,2025-06-28 14:47:47,42.5047912597656,-8.88070201873779,"Unknown"
"9004157",371992,2025-06-28 14:52:47,42.5047340393066,-8.88070201873779,"Unknown"
"9004157",371992,2025-06-28 14:57:47,42.5047454833984,-8.88065338134766,"Unknown"
"9004157",371992,2025-06-28 15:02:48,42.5047645568848,-8.88067626953125,"Unknown"
"9004157",371992,2025-06-28 15:07:48,42.5047874450684,-8.88072395324707,"Unknown"
"9004157",371992,2025-06-28 15:12:48,42.5048179626465,-8.8807544708252,"Unknown"
"9004157",371992,2025-06-28 15:17:48,42.5046997070312,-8.88057422637939,"Unknown"
"9004157",371992,2025-06-28 15:22:48,42.5047035217285,-8.88051605224609,"Unknown"
"9004157",371992,2025-06-28 15:27:48,42.5047416687012,-8.88065624237061,"Unknown"
"9004157",371992,2025-06-28 15:32:49,42.5047645568848,-8.88066959381104,"Unknown"
"9004157",371992,2025-06-28 15:37:49,42.5046424865723,-8.88058185577393,"Unknown"
"9004157",371992,2025-06-28 15:42:48,42.5080909729004,-8.87377548217773,"Unknown"
"9004157",371992,2025-06-28 15:48:29,42.5079116821289,-8.87105560302734,"Unknown"
"9004157",371992,2025-06-28 15:53:26,42.5080947875977,-8.87098217010498,"Unknown"
"9004157",371992,2025-06-28 15:58:51,42.5067481994629,-8.87157726287842,"Unknown"
"9004157",371992,2025-06-28 16:04:36,42.5063819885254,-8.87232780456543,"Unknown"
"9004157",371992,2025-06-28 16:09:36,42.5058288574219,-8.87259769439697,"Unknown"
"9004157",371992,2025-06-28 16:14:39,42.5071792602539,-8.87172031402588,"Unknown"
"9004157",371992,2025-06-28 16:19:42,42.5082855224609,-8.87167263031006,"Unknown"
"9004157",371992,2025-06-28 16:25:30,42.508373260498,-8.87366580963135,"Unknown"
"9004157",371992,2025-06-28 16:30:34,42.507080078125,-8.87292289733887,"Unknown"
"9004157",371992,2025-06-28 16:42:45,42.5076103210449,-8.87335395812988,"Unknown"
"9004157",371992,2025-06-28 16:48:06,42.5082244873047,-8.87507152557373,"Unknown"
"9004157",371992,2025-06-28 16:54:18,42.5103492736816,-8.87426948547363,"Unknown"
"9004157",371992,2025-06-28 16:59:36,42.5106658935547,-8.87550735473633,"Unknown"
"9004157",371992,2025-06-28 17:04:36,42.5109176635742,-8.8773775100708,"Unknown"
"9004157",371992,2025-06-28 17:09:36,42.4964332580566,-8.90164852142334,"Unknown"
"9004157",371992,2025-06-28 17:14:39,42.4773559570312,-8.94469833374023,"Unknown"
"9004157",371992,2025-06-28 17:19:45,42.477424621582,-8.94451808929443,"Unknown"
"9004157",371992,2025-06-28 17:24:42,42.4773406982422,-8.94455909729004,"Unknown"
"9004157",371992,2025-06-28 17:29:36,42.4772338867188,-8.9445333480835,"Unknown"
"9004157",371992,2025-06-28 17:34:28,42.4772872924805,-8.94465732574463,"Unknown"
"9004157",371992,2025-06-28 17:39:25,42.4773178100586,-8.94462108612061,"Unknown"
"9004157",371992,2025-06-28 17:44:34,42.477237701416,-8.94454002380371,"Unknown"
"9004157",371992,2025-06-28 17:49:59,42.4774627685547,-8.94463157653809,"Unknown"
"9004157",371992,2025-06-28 17:54:25,42.4775886535645,-8.94446754455566,"Unknown"
"9004157",371992,2025-06-28 17:59:29,42.4773788452148,-8.94467067718506,"Unknown"
"9004157",371992,2025-06-28 18:04:25,42.4770240783691,-8.945481300354,"Unknown"
"9004157",371992,2025-06-28 18:09:25,42.476188659668,-8.94517135620117,"Unknown"
"9004157",371992,2025-06-28 18:14:24,42.4762763977051,-8.94516086578369,"Unknown"
"9004157",371992,2025-06-28 18:19:25,42.476318359375,-8.94515037536621,"Unknown"
"9004157",371992,2025-06-28 18:24:25,42.4762954711914,-8.944899559021,"Unknown"
"9004157",371992,2025-06-28 18:29:26,42.475959777832,-8.94482231140137,"Unknown"
"9004157",371992,2025-06-28 18:34:25,42.4760627746582,-8.94489765167236,"Unknown"
"9004157",371992,2025-06-28 18:39:25,42.4756927490234,-8.94441604614258,"Unknown"
"9004157",371992,2025-06-28 18:44:25,42.4758949279785,-8.94445037841797,"Unknown"
"9004157",371992,2025-06-28 18:49:27,42.4757194519043,-8.94432830810547,"Unknown"
"9004157",371992,2025-06-28 18:54:26,42.4762725830078,-8.94478893280029,"Unknown"
"9004157",371992,2025-06-28 18:59:26,42.4759330749512,-8.94427394866943,"Unknown"
"9004157",371992,2025-06-28 19:04:26,42.4757995605469,-8.94408416748047,"Unknown"
"9004157",371992,2025-06-28 19:09:25,42.4663543701172,-8.94510269165039,"Unknown"
"9004157",371992,2025-06-28 19:14:25,42.429931640625,-8.94121170043945,"Unknown"
"9004157",371992,2025-06-28 19:19:27,42.3992195129395,-8.92056179046631,"Unknown"
"9004157",371992,2025-06-28 19:24:31,42.3995094299316,-8.92121601104736,"Unknown"
"9004157",371992,2025-06-28 19:29:26,42.3994979858398,-8.92106151580811,"Unknown"
"9004157",371992,2025-06-28 19:34:36,42.3995590209961,-8.92123413085938,"Unknown"
"9004157",371992,2025-06-28 19:39:29,42.3995361328125,-8.92122650146484,"Unknown"
"9004157",371992,2025-06-28 19:44:29,42.3993453979492,-8.92062568664551,"Unknown"
"9004157",371992,2025-06-28 19:49:27,42.3997268676758,-8.92192840576172,"Unknown"
"9004157",371992,2025-06-28 19:54:40,42.3995208740234,-8.92144584655762,"Unknown"
"9004157",371992,2025-06-28 19:59:26,42.3994827270508,-8.92109298706055,"Unknown"
"9004157",371992,2025-06-28 20:04:44,42.3993949890137,-8.92046737670898,"Unknown"
"9004157",371992,2025-06-28 20:09:29,42.3999671936035,-8.92332935333252,"Unknown"
"9004157",371992,2025-06-28 20:14:44,42.3996047973633,-8.9211597442627,"Unknown"
"9004157",371992,2025-06-28 20:19:26,42.3996162414551,-8.92204570770264,"Unknown"
"9004157",371992,2025-06-28 20:24:27,42.3996429443359,-8.9221076965332,"Unknown"
"9004157",371992,2025-06-28 20:29:25,42.3995666503906,-8.92214488983154,"Unknown"
"9004157",371992,2025-06-28 20:34:25,42.3995323181152,-8.92163276672363,"Unknown"
"9004157",371992,2025-06-28 20:39:27,42.3996849060059,-8.92139625549316,"Unknown"
"9004157",371992,2025-06-28 20:44:38,42.3998260498047,-8.9208402633667,"Unknown"
"9004157",371992,2025-06-28 20:50:44,42.3997230529785,-8.92101860046387,"Unknown"
"9004157",371992,2025-06-28 20:54:24,42.3996543884277,-8.92120552062988,"Unknown"
"9004157",371992,2025-06-28 20:59:30,42.3995780944824,-8.92097091674805,"Unknown"
"9004157",371992,2025-06-28 21:04:26,42.3995666503906,-8.92088413238525,"Unknown"
"9004157",371992,2025-06-28 21:09:24,42.3998374938965,-8.92063426971436,"Unknown"
"9004157",371992,2025-06-28 21:14:37,42.3996086120605,-8.92135429382324,"Unknown"
"9004157",371992,2025-06-28 21:19:25,42.3996276855469,-8.92125701904297,"Unknown"
"9004157",371992,2025-06-28 21:24:25,42.3996620178223,-8.92114639282227,"Unknown"
"9004157",371992,2025-06-28 21:29:25,42.3995895385742,-8.92129230499268,"Unknown"
"9004157",371992,2025-06-28 21:34:27,42.399715423584,-8.9206075668335,"Unknown"
"9004157",371992,2025-06-28 21:39:26,42.3996047973633,-8.92116260528564,"Unknown"
"9004157",371992,2025-06-28 21:44:29,42.399600982666,-8.92129993438721,"Unknown"
"9004157",371992,2025-06-28 21:49:59,42.3995742797852,-8.92112064361572,"Unknown"
"9004157",371992,2025-06-28 21:54:24,42.3995552062988,-8.92102527618408,"Unknown"
"9004157",371992,2025-06-28 21:59:24,42.3995399475098,-8.92125511169434,"Unknown"
"9004157",371992,2025-06-28 22:04:24,42.3995132446289,-8.92108535766602,"Unknown"
"9004157",371992,2025-06-28 22:09:27,42.3995590209961,-8.92112922668457,"Unknown"
"9004157",371992,2025-06-28 22:14:24,42.3995323181152,-8.92107200622559,"Unknown"
"9004157",371992,2025-06-28 22:19:27,42.3994903564453,-8.92091083526611,"Unknown"
"9004157",371992,2025-06-28 22:24:26,42.3996429443359,-8.92098426818848,"Unknown"
"9004157",371992,2025-06-28 22:29:24,42.3996086120605,-8.92079257965088,"Unknown"
"9004157",371992,2025-06-28 22:34:24,42.3995132446289,-8.92083168029785,"Unknown"
"9004157",371992,2025-06-28 22:39:25,42.3995513916016,-8.92094326019287,"Unknown"
"9004157",371992,2025-06-28 22:44:24,42.399528503418,-8.92083358764648,"Unknown"
"9004157",371992,2025-06-28 22:49:25,42.3995246887207,-8.92081356048584,"Unknown"
"9004157",371992,2025-06-28 22:54:59,42.3996467590332,-8.9210262298584,"Unknown"
"9004157",371992,2025-06-28 22:59:25,42.3998031616211,-8.92103862762451,"Unknown"
"9004157",371992,2025-06-28 23:04:27,42.399543762207,-8.92116165161133,"Unknown"
"9004157",371992,2025-06-28 23:09:28,42.3996047973633,-8.9210376739502,"Unknown"
"9004157",371992,2025-06-28 23:14:27,42.3996162414551,-8.92096424102783,"Unknown"
"9004157",371992,2025-06-28 23:19:28,42.3997230529785,-8.92113780975342,"Unknown"
"9004157",371992,2025-06-28 23:24:29,42.3997077941895,-8.92122554779053,"Unknown"
"9004157",371992,2025-06-28 23:29:47,42.3996849060059,-8.9210147857666,"Unknown"
"9004157",371992,2025-06-28 23:34:57,42.3996505737305,-8.92116069793701,"Unknown"
"9004157",371992,2025-06-28 23:40:24,42.3996086120605,-8.92108821868896,"Unknown"
"9004157",371992,2025-06-28 23:44:44,42.3995361328125,-8.92110061645508,"Unknown"
"9004157",371992,2025-06-28 23:49:27,42.3994216918945,-8.92111587524414,"Unknown"
"9004157",371992,2025-06-28 23:54:28,42.3994369506836,-8.92106151580811,"Unknown"
"9004157",371992,2025-06-28 23:59:24,42.3995780944824,-8.92107391357422,"Unknown"
"9004157",371992,2025-06-29 00:04:30,42.3994407653809,-8.9210958480835,"Unknown"
"9004157",371992,2025-06-29 00:09:28,42.3995208740234,-8.92108249664307,"Unknown"
"9004157",371992,2025-06-29 00:14:30,42.3995513916016,-8.92110729217529,"Unknown"
"9004157",371992,2025-06-29 00:19:31,42.3996772766113,-8.92082786560059,"Unknown"
"9004157",371992,2025-06-29 00:24:37,42.3993644714355,-8.92122936248779,"Unknown"
"9004157",371992,2025-06-29 00:29:37,42.3994140625,-8.92119789123535,"Unknown"
"9004157",371992,2025-06-29 00:35:29,42.3995819091797,-8.92104339599609,"Unknown"
"9004157",371992,2025-06-29 00:39:25,42.3995971679688,-8.92117309570312,"Unknown"
"9004157",371992,2025-06-29 00:44:24,42.3997192382812,-8.92111015319824,"Unknown"
"9004157",371992,2025-06-29 00:49:24,42.3996047973633,-8.9211597442627,"Unknown"
"9004157",371992,2025-06-29 00:54:25,42.3996276855469,-8.92105865478516,"Unknown"
"9004157",371992,2025-06-29 00:59:25,42.3996543884277,-8.92112827301025,"Unknown"
"9004157",371992,2025-06-29 01:04:27,42.3994979858398,-8.92114448547363,"Unknown"
"9004157",371992,2025-06-29 01:09:27,42.3995246887207,-8.92109966278076,"Unknown"
"9004157",371992,2025-06-29 01:14:24,42.3998069763184,-8.92108058929443,"Unknown"
"9004157",371992,2025-06-29 01:19:24,42.3995170593262,-8.92116546630859,"Unknown"
"9004157",371992,2025-06-29 01:24:25,42.3996124267578,-8.92109298706055,"Unknown"
"9004157",371992,2025-06-29 01:29:30,42.399600982666,-8.92113590240479,"Unknown"
"9004157",371992,2025-06-29 01:34:30,42.3996696472168,-8.92081928253174,"Unknown"
"9004157",371992,2025-06-29 01:39:35,42.3996315002441,-8.92127132415771,"Unknown"
"9004157",371992,2025-06-29 01:44:32,42.3994827270508,-8.92067909240723,"Unknown"
"9004157",371992,2025-06-29 01:49:29,42.3994140625,-8.92063140869141,"Unknown"
"9004157",371992,2025-06-29 01:54:56,42.3995513916016,-8.92108058929443,"Unknown"
"9004157",371992,2025-06-29 01:59:30,42.3997116088867,-8.92081356048584,"Unknown"
"9004157",371992,2025-06-29 02:04:38,42.4003639221191,-8.92109107971191,"Unknown"
"9004157",371992,2025-06-29 02:10:03,42.4002380371094,-8.92109298706055,"Unknown"
"9004157",371992,2025-06-29 02:14:25,42.400089263916,-8.92041206359863,"Unknown"
"9004157",371992,2025-06-29 02:19:27,42.399543762207,-8.92120933532715,"Unknown"
"9004157",371992,2025-06-29 02:24:26,42.3992538452148,-8.92156028747559,"Unknown"
"9004157",371992,2025-06-29 02:29:24,42.3994789123535,-8.92116355895996,"Unknown"
"9004157",371992,2025-06-29 02:34:25,42.3994483947754,-8.9210786819458,"Unknown"
"9004157",371992,2025-06-29 02:39:25,42.3994750976562,-8.92107200622559,"Unknown"
"9004157",371992,2025-06-29 02:44:25,42.3996543884277,-8.92106628417969,"Unknown"
"9004157",371992,2025-06-29 02:49:25,42.3996391296387,-8.9210090637207,"Unknown"
"9004157",371992,2025-06-29 02:54:35,42.3994979858398,-8.92117309570312,"Unknown"
"9004157",371992,2025-06-29 02:59:27,42.3994674682617,-8.92068386077881,"Unknown"
"9004157",371992,2025-06-29 03:04:29,42.3994483947754,-8.9213809967041,"Unknown"
"9004157",371992,2025-06-29 03:09:28,42.3994331359863,-8.92133808135986,"Unknown"
"9004157",371992,2025-06-29 03:14:27,42.3995399475098,-8.92108631134033,"Unknown"
"9004157",371992,2025-06-29 03:19:25,42.3994560241699,-8.92094898223877,"Unknown"
"9004157",371992,2025-06-29 03:24:27,42.3994750976562,-8.92121505737305,"Unknown"
"9004157",371992,2025-06-29 03:29:27,42.3996315002441,-8.92086315155029,"Unknown"
"9004157",371992,2025-06-29 03:35:28,42.3994979858398,-8.92116355895996,"Unknown"
"9004157",371992,2025-06-29 03:39:26,42.3995780944824,-8.92111492156982,"Unknown"
"9004157",371992,2025-06-29 03:44:25,42.3994636535645,-8.9210844039917,"Unknown"
"9004157",371992,2025-06-29 03:49:28,42.3996086120605,-8.92122077941895,"Unknown"
"9004157",371992,2025-06-29 03:54:29,42.3994560241699,-8.92119598388672,"Unknown"
"9004157",371992,2025-06-29 03:59:24,42.3995361328125,-8.9212474822998,"Unknown"
"9004157",371992,2025-06-29 04:04:26,42.3995513916016,-8.92140579223633,"Unknown"
"9004157",371992,2025-06-29 04:09:26,42.3995208740234,-8.92100811004639,"Unknown"
"9004157",371992,2025-06-29 04:14:29,42.399486541748,-8.92123317718506,"Unknown"
"9004157",371992,2025-06-29 04:19:28,42.3995666503906,-8.92126274108887,"Unknown"
"9004157",371992,2025-06-29 04:24:27,42.3996429443359,-8.92156219482422,"Unknown"
"9004157",371992,2025-06-29 04:29:25,42.3995666503906,-8.92111873626709,"Unknown"
"9004157",371992,2025-06-29 04:34:30,42.3995895385742,-8.92110824584961,"Unknown"
"9004157",371992,2025-06-29 04:39:31,42.3995780944824,-8.92119407653809,"Unknown"
"9004157",371992,2025-06-29 04:44:30,42.399528503418,-8.92099952697754,"Unknown"
"9004157",371992,2025-06-29 04:49:40,42.3996086120605,-8.92112159729004,"Unknown"
"9004157",371992,2025-06-29 04:54:28,42.399600982666,-8.92144298553467,"Unknown"
"9004157",371992,2025-06-29 04:59:56,42.3995018005371,-8.92093658447266,"Unknown"
"9004157",371992,2025-06-29 05:04:26,42.3994331359863,-8.92061042785645,"Unknown"
"9004157",371992,2025-06-29 05:09:29,42.3995742797852,-8.92117214202881,"Unknown"
"9004157",371992,2025-06-29 05:14:41,42.3995552062988,-8.92100238800049,"Unknown"
"9004157",371992,2025-06-29 05:19:30,42.3996200561523,-8.92085933685303,"Unknown"
"9004157",371992,2025-06-29 05:24:40,42.3993339538574,-8.92130756378174,"Unknown"
"9004157",371992,2025-06-29 05:29:28,42.3993644714355,-8.92007827758789,"Unknown"
"9004157",371992,2025-06-29 05:34:37,42.3993110656738,-8.92124938964844,"Unknown"
"9004157",371992,2025-06-29 05:39:27,42.3994178771973,-8.91690826416016,"Unknown"
"9004157",371992,2025-06-29 05:44:37,42.3993453979492,-8.92139530181885,"Unknown"
"9004157",371992,2025-06-29 05:49:59,42.3994522094727,-8.92139434814453,"Unknown"
"9004157",371992,2025-06-29 05:54:24,42.3995933532715,-8.92130470275879,"Unknown"
"9004157",371992,2025-06-29 05:59:25,42.3994560241699,-8.9211311340332,"Unknown"
"9004157",371992,2025-06-29 06:04:27,42.3995513916016,-8.92113494873047,"Unknown"
"9004157",371992,2025-06-29 06:09:24,42.3994560241699,-8.92103290557861,"Unknown"
"9004157",371992,2025-06-29 06:14:26,42.3995361328125,-8.92110061645508,"Unknown"
"9004157",371992,2025-06-29 06:19:43,42.3995475769043,-8.92108631134033,"Unknown"
"9004157",371992,2025-06-29 06:24:27,42.3996086120605,-8.92106628417969,"Unknown"
"9004157",371992,2025-06-29 06:29:30,42.399471282959,-8.92094421386719,"Unknown"
"9004157",371992,2025-06-29 06:34:24,42.3996162414551,-8.92123031616211,"Unknown"
"9004157",371992,2025-06-29 06:39:30,42.3995628356934,-8.92114448547363,"Unknown"
"9004157",371992,2025-06-29 06:44:24,42.3995513916016,-8.92116737365723,"Unknown"
"9004157",371992,2025-06-29 06:49:44,42.3994560241699,-8.92099475860596,"Unknown"
"9004157",371992,2025-06-29 06:54:28,42.3995361328125,-8.9211368560791,"Unknown"
"9004157",371992,2025-06-29 06:59:24,42.3996086120605,-8.92138576507568,"Unknown"
"9004157",371992,2025-06-29 07:04:26,42.3996276855469,-8.92145538330078,"Unknown"
"9004157",371992,2025-06-29 07:09:24,42.3995819091797,-8.92119789123535,"Unknown"
"9004157",371992,2025-06-29 07:14:37,42.3995819091797,-8.92108058929443,"Unknown"
"9004157",371992,2025-06-29 07:19:34,42.3995933532715,-8.92108535766602,"Unknown"
"9004157",371992,2025-06-29 07:24:32,42.3996391296387,-8.92086791992188,"Unknown"
"9004157",371992,2025-06-29 07:29:59,42.3995933532715,-8.92115020751953,"Unknown"
"9004157",371992,2025-06-29 07:34:24,42.3995780944824,-8.9211368560791,"Unknown"
"9004157",371992,2025-06-29 07:39:24,42.3995933532715,-8.92128372192383,"Unknown"
"9004157",371992,2025-06-29 07:44:24,42.3995513916016,-8.92114162445068,"Unknown"
"9004157",371992,2025-06-29 07:49:44,42.3995780944824,-8.92119693756104,"Unknown"
"9004157",371992,2025-06-29 07:54:24,42.3995628356934,-8.92118263244629,"Unknown"
"9004157",371992,2025-06-29 07:59:25,42.3994827270508,-8.92117118835449,"Unknown"
"9004157",371992,2025-06-29 08:04:25,42.399600982666,-8.92135620117188,"Unknown"
"9004157",371992,2025-06-29 08:09:24,42.3995628356934,-8.92125797271729,"Unknown"
"9004157",371992,2025-06-29 08:14:26,42.399543762207,-8.92132949829102,"Unknown"
"9004157",371992,2025-06-29 08:19:24,42.3995819091797,-8.92128276824951,"Unknown"
"9004157",371992,2025-06-29 08:24:24,42.397819519043,-8.92009735107422,"Unknown"
"9004157",371992,2025-06-29 08:29:25,42.3978576660156,-8.91999340057373,"Unknown"
"9004157",371992,2025-06-29 08:34:44,42.3978080749512,-8.9203577041626,"Unknown"
"9004157",371992,2025-06-29 08:39:25,42.3979949951172,-8.92031002044678,"Unknown"
"9004157",371992,2025-06-29 08:44:27,42.398063659668,-8.92023944854736,"Unknown"
"9004157",371992,2025-06-29 08:49:28,42.3978729248047,-8.91997528076172,"Unknown"
"9004157",371992,2025-06-29 08:54:29,42.3979263305664,-8.92017841339111,"Unknown"
"9004157",371992,2025-06-29 08:59:29,42.3979148864746,-8.91978645324707,"Unknown"
"9004157",371992,2025-06-29 09:04:26,42.3979148864746,-8.92007160186768,"Unknown"
"9004157",371992,2025-06-29 09:09:26,42.3978614807129,-8.91997146606445,"Unknown"
"9004157",371992,2025-06-29 09:14:29,42.3978652954102,-8.92021369934082,"Unknown"
"9004157",371992,2025-06-29 09:19:25,42.3978042602539,-8.91997909545898,"Unknown"
"9004157",371992,2025-06-29 09:24:27,42.3979682922363,-8.92020034790039,"Unknown"
"9004157",371992,2025-06-29 09:29:29,42.3979759216309,-8.92012023925781,"Unknown"
"9004157",371992,2025-06-29 09:34:45,42.3979339599609,-8.92039394378662,"Unknown"
"9004157",371992,2025-06-29 09:39:44,42.3979454040527,-8.92034244537354,"Unknown"
"9004157",371992,2025-06-29 09:44:44,42.39794921875,-8.92045497894287,"Unknown"
"9004157",371992,2025-06-29 09:49:24,42.3979072570801,-8.92022132873535,"Unknown"
"9004157",371992,2025-06-29 09:54:59,42.3979606628418,-8.92017364501953,"Unknown"
"9004157",371992,2025-06-29 09:59:24,42.3979377746582,-8.92056369781494,"Unknown"
"9004157",371992,2025-06-29 10:04:25,42.3979034423828,-8.92042541503906,"Unknown"
"9004157",371992,2025-06-29 10:09:24,42.3978843688965,-8.92044925689697,"Unknown"
"9004157",371992,2025-06-29 10:14:30,42.3978996276855,-8.92056560516357,"Unknown"
"9004157",371992,2025-06-29 10:19:28,42.3979415893555,-8.92071437835693,"Unknown"
"9004157",371992,2025-06-29 10:24:26,42.3978309631348,-8.92122745513916,"Unknown"
"9004157",371992,2025-06-29 10:29:30,42.3979301452637,-8.92156219482422,"Unknown"
"9004157",371992,2025-06-29 10:34:34,42.3979606628418,-8.92026901245117,"Unknown"
"9004157",371992,2025-06-29 10:39:31,42.3980255126953,-8.92051124572754,"Unknown"
"9004157",371992,2025-06-29 10:44:44,42.3980560302734,-8.92034530639648,"Unknown"
"9004157",371992,2025-06-29 10:49:25,42.3978500366211,-8.9197998046875,"Unknown"
"9004157",371992,2025-06-29 10:54:28,42.3984870910645,-8.9197940826416,"Unknown"
"9004157",371992,2025-06-29 11:10:05,42.4327354431152,-8.91706657409668,"Unknown"
"9004157",371992,2025-06-29 11:14:34,42.4337692260742,-8.91891098022461,"Unknown"
"9004157",371992,2025-06-29 11:20:35,42.436882019043,-8.92068672180176,"Unknown"
"9004157",371992,2025-06-29 11:24:37,42.4372978210449,-8.92077445983887,"Unknown"
"9004157",371992,2025-06-29 11:29:37,42.4380760192871,-8.92069149017334,"Unknown"
"9004157",371992,2025-06-29 11:34:36,42.4387741088867,-8.92077922821045,"Unknown"
"9004157",371992,2025-06-29 11:39:37,42.4395179748535,-8.92063331604004,"Unknown"
"9004157",371992,2025-06-29 11:44:35,42.434886932373,-8.91858291625977,"Unknown"
"9004157",371992,2025-06-29 11:49:40,42.435302734375,-8.91837596893311,"Unknown"
"9004157",371992,2025-06-29 11:54:36,42.4352378845215,-8.91746044158936,"Unknown"
"9004157",371992,2025-06-29 11:59:34,42.4356498718262,-8.91692066192627,"Unknown"
"9004157",371992,2025-06-29 12:04:36,42.4359703063965,-8.91622543334961,"Unknown"
"9004157",371992,2025-06-29 12:09:36,42.4363288879395,-8.91517639160156,"Unknown"
"9004157",371992,2025-06-29 12:14:36,42.4360809326172,-8.91326904296875,"Unknown"
"9004157",371992,2025-06-29 12:19:37,42.4363174438477,-8.91269683837891,"Unknown"
"9004157",371992,2025-06-29 12:24:43,42.436637878418,-8.91255664825439,"Unknown"
"9004157",371992,2025-06-29 12:29:37,42.4565696716309,-8.93795967102051,"Unknown"
"9004157",371992,2025-06-29 12:34:44,42.488353729248,-8.91358375549316,"Unknown"
"9004157",371992,2025-06-29 12:40:04,42.5066604614258,-8.87337684631348,"Unknown"
"9004157",371992,2025-06-29 13:01:59,42.5068969726562,-8.87267780303955,"Unknown"
"9004157",371992,2025-06-29 13:06:23,42.5078277587891,-8.87289142608643,"Unknown"
"9004157",371992,2025-06-29 13:16:09,42.5109443664551,-8.87215995788574,"Unknown"
"9004157",371992,2025-06-29 13:21:53,42.5120391845703,-8.8737621307373,"Unknown"
"9004157",371992,2025-06-29 13:27:39,42.5115203857422,-8.87542343139648,"Unknown"
"9004157",371992,2025-06-29 14:25:35,42.5047721862793,-8.88070869445801,"Unknown"
"9004157",371992,2025-06-29 14:30:05,42.5047416687012,-8.88065814971924,"Unknown"
"9004157",371992,2025-06-29 14:35:07,42.5048599243164,-8.88102722167969,"Unknown"
"9004157",371992,2025-06-29 14:40:06,42.5047912597656,-8.88073539733887,"Unknown"
"9004157",371992,2025-06-29 14:45:05,42.5048599243164,-8.88099670410156,"Unknown"
"9004157",371992,2025-06-29 14:50:06,42.5048484802246,-8.88081836700439,"Unknown"
"9004157",371992,2025-06-29 14:55:07,42.5048408508301,-8.88082981109619,"Unknown"
"9004157",371992,2025-06-29 15:00:07,42.504768371582,-8.88069438934326,"Unknown"
"9004157",371992,2025-06-29 15:05:05,42.5049324035645,-8.88094615936279,"Unknown"
"9004157",371992,2025-06-29 15:10:17,42.5047874450684,-8.88082599639893,"Unknown"
"9004157",371992,2025-06-29 15:15:05,42.5048408508301,-8.88081932067871,"Unknown"
"9004157",371992,2025-06-29 15:20:05,42.5048828125,-8.88073825836182,"Unknown"
"9004157",371992,2025-06-29 15:25:06,42.5047035217285,-8.88068962097168,"Unknown"
"9004157",371992,2025-06-29 15:30:06,42.5047874450684,-8.88074111938477,"Unknown"
"9004157",371992,2025-06-29 15:35:09,42.5048217773438,-8.8809232711792,"Unknown"
"9004157",371992,2025-06-29 15:40:05,42.5047492980957,-8.8808012008667,"Unknown"
"9004157",371992,2025-06-29 15:45:07,42.5047950744629,-8.88082313537598,"Unknown"
"9004157",371992,2025-06-29 15:50:22,42.5047378540039,-8.88076305389404,"Unknown"
"9004157",371992,2025-06-29 15:55:33,42.504768371582,-8.88079357147217,"Unknown"
"9004157",371992,2025-06-29 16:00:07,42.5046768188477,-8.88064479827881,"Unknown"
"9004157",371992,2025-06-29 16:05:19,42.5047569274902,-8.88077545166016,"Unknown"
"9004157",371992,2025-06-29 16:10:10,42.5047416687012,-8.88076210021973,"Unknown"
"9004157",371992,2025-06-29 16:15:10,42.5047569274902,-8.88078308105469,"Unknown"
"9004157",371992,2025-06-29 16:20:10,42.5049819946289,-8.8812894821167,"Unknown"
"9004157",371992,2025-06-29 16:25:08,42.5048332214355,-8.88093185424805,"Unknown"
"9004157",371992,2025-06-29 16:30:09,42.5049133300781,-8.88124561309814,"Unknown"
"9004157",371992,2025-06-29 16:35:11,42.5047187805176,-8.88074970245361,"Unknown"
"9004157",371992,2025-06-29 16:40:08,42.5046844482422,-8.88063621520996,"Unknown"
"9004157",371992,2025-06-29 16:45:08,42.5049819946289,-8.88129615783691,"Unknown"
"9004157",371992,2025-06-29 16:50:06,42.5047798156738,-8.88085079193115,"Unknown"
"9004157",371992,2025-06-29 16:55:08,42.5049705505371,-8.88118743896484,"Unknown"
"9004157",371992,2025-06-29 17:00:10,42.5046653747559,-8.88054752349854,"Unknown"
"9004157",371992,2025-06-29 17:05:08,42.5046768188477,-8.88061809539795,"Unknown"
"9004157",371992,2025-06-29 17:10:07,42.5047874450684,-8.88094234466553,"Unknown"
"9004157",371992,2025-06-29 17:15:58,42.5109443664551,-8.87653636932373,"Unknown"
"9004157",371992,2025-06-29 17:21:31,42.511531829834,-8.87333297729492,"Unknown"
"9004157",371992,2025-06-29 17:26:45,42.5108604431152,-8.8729419708252,"Unknown"
"9004157",371992,2025-06-29 17:31:44,42.5090026855469,-8.87194538116455,"Unknown"
"9004157",371992,2025-06-29 17:37:24,42.5070610046387,-8.87111949920654,"Unknown"
"9004157",371992,2025-06-29 17:42:49,42.5062255859375,-8.87277698516846,"Unknown"
"9004157",371992,2025-06-29 17:48:44,42.5063934326172,-8.87354850769043,"Unknown"
"9004157",371992,2025-06-29 17:55:25,42.5074234008789,-8.87461948394775,"Unknown"
"9004157",371992,2025-06-29 18:00:53,42.5080413818359,-8.87314224243164,"Unknown"
"9004157",371992,2025-06-29 18:06:17,42.5096969604492,-8.87349033355713,"Unknown"
"9004157",371992,2025-06-29 18:11:47,42.5089340209961,-8.87525272369385,"Unknown"
"9004157",371992,2025-06-29 18:18:07,42.5077323913574,-8.8772144317627,"Unknown"
"9004157",371992,2025-06-29 18:21:45,42.5047569274902,-8.8813591003418,"Unknown"
"9004157",371992,2025-06-29 18:26:55,42.5044975280762,-8.88121032714844,"Unknown"
"9004157",371992,2025-06-29 18:31:45,42.5045204162598,-8.88120746612549,"Unknown"
"9004157",371992,2025-06-29 18:36:55,42.5044898986816,-8.88120651245117,"Unknown"
"9004157",371992,2025-06-29 18:42:05,42.5045433044434,-8.88119316101074,"Unknown"
"9004157",371992,2025-06-29 18:46:44,42.5045890808105,-8.88116264343262,"Unknown"
"9004157",371992,2025-06-29 18:51:44,42.5045585632324,-8.88119697570801,"Unknown"
"9004157",371992,2025-06-29 18:56:44,42.5045127868652,-8.88118076324463,"Unknown"
"9004157",371992,2025-06-29 19:01:44,42.486499786377,-8.92295074462891,"Unknown"
"9004157",371992,2025-06-29 19:06:44,42.4774322509766,-8.94465446472168,"Unknown"
"9004157",371992,2025-06-29 19:11:44,42.4772109985352,-8.94480228424072,"Unknown"
"9004157",371992,2025-06-29 19:16:45,42.4773941040039,-8.94473075866699,"Unknown"
"9004157",371992,2025-06-29 19:21:45,42.4774551391602,-8.9446325302124,"Unknown"
"9004157",371992,2025-06-29 19:26:46,42.4736938476562,-8.94693374633789,"Unknown"
"9004157",371992,2025-06-29 19:31:55,42.4771118164062,-8.94468116760254,"Unknown"
"9004157",371992,2025-06-29 19:36:45,42.4772453308105,-8.94479656219482,"Unknown"
"9004157",371992,2025-06-29 19:41:44,42.4773063659668,-8.94474315643311,"Unknown"
"9004157",371992,2025-06-29 19:46:44,42.4773178100586,-8.94475173950195,"Unknown"
"9004157",371992,2025-06-29 19:51:45,42.4773445129395,-8.94472789764404,"Unknown"
"9004157",371992,2025-06-29 19:56:44,42.4774055480957,-8.94459915161133,"Unknown"
"9004157",371992,2025-06-29 20:02:05,42.4774360656738,-8.9446907043457,"Unknown"
"9004157",371992,2025-06-29 20:06:44,42.4774589538574,-8.9447546005249,"Unknown"
"9004157",371992,2025-06-29 20:11:44,42.4773826599121,-8.94472599029541,"Unknown"
"9004157",371992,2025-06-29 20:16:44,42.4774055480957,-8.94479370117188,"Unknown"
"9004157",371992,2025-06-29 20:21:44,42.4773635864258,-8.94475078582764,"Unknown"
"9004157",371992,2025-06-29 20:26:44,42.4773826599121,-8.94466876983643,"Unknown"
"9004157",371992,2025-06-29 20:31:44,42.4773864746094,-8.94474029541016,"Unknown"
"9004157",371992,2025-06-29 20:36:44,42.477367401123,-8.94467258453369,"Unknown"
"9004157",371992,2025-06-29 20:41:44,42.4774360656738,-8.94474792480469,"Unknown"
"9004157",371992,2025-06-29 20:46:45,42.4774398803711,-8.94475841522217,"Unknown"
"9004157",371992,2025-06-29 20:51:45,42.4774284362793,-8.94464302062988,"Unknown"
"9004157",371992,2025-06-29 20:56:46,42.4773979187012,-8.94458484649658,"Unknown"
"9004157",371992,2025-06-29 21:01:45,42.477466583252,-8.94470882415771,"Unknown"
"9004157",371992,2025-06-29 21:06:46,42.4776306152344,-8.94498348236084,"Unknown"
"9004157",371992,2025-06-29 21:11:44,42.4775924682617,-8.94494819641113,"Unknown"
"9004157",371992,2025-06-29 21:16:45,42.4773712158203,-8.94459438323975,"Unknown"
"9004157",371992,2025-06-29 21:21:45,42.477352142334,-8.94449520111084,"Unknown"
"9004157",371992,2025-06-29 21:26:48,42.477409362793,-8.94470977783203,"Unknown"
"9004157",371992,2025-06-29 21:31:46,42.4773330688477,-8.94441223144531,"Unknown"
"9004157",371992,2025-06-29 21:36:49,42.4772262573242,-8.94396781921387,"Unknown"
"9004157",371992,2025-06-29 21:41:46,42.4773292541504,-8.94396305084229,"Unknown"
"9004157",371992,2025-06-29 21:46:46,42.4775314331055,-8.94480991363525,"Unknown"
"9004157",371992,2025-06-29 21:51:45,42.4773292541504,-8.9454984664917,"Unknown"
"9004157",371992,2025-06-29 21:56:47,42.477237701416,-8.94453430175781,"Unknown"
"9004157",371992,2025-06-29 22:01:46,42.4773445129395,-8.94483280181885,"Unknown"
"9004157",371992,2025-06-29 22:06:45,42.4775123596191,-8.94437313079834,"Unknown"
"9004157",371992,2025-06-29 22:11:45,42.4770584106445,-8.94814491271973,"Unknown"
"9004157",371992,2025-06-29 22:16:45,42.4774055480957,-8.94485569000244,"Unknown"
"9004157",371992,2025-06-29 22:21:44,42.4772720336914,-8.94739151000977,"Unknown"
"9004157",371992,2025-06-29 22:26:45,42.4776344299316,-8.94353008270264,"Unknown"
"9004157",371992,2025-06-29 22:31:46,42.4775848388672,-8.94303417205811,"Unknown"
"9004157",371992,2025-06-29 22:36:45,42.477424621582,-8.94461822509766,"Unknown"
"9004157",371992,2025-06-29 22:42:05,42.477466583252,-8.94466304779053,"Unknown"
"9004157",371992,2025-06-29 22:46:44,42.4774360656738,-8.9446439743042,"Unknown"
"9004157",371992,2025-06-29 22:51:44,42.4775238037109,-8.94471263885498,"Unknown"
"9004157",371992,2025-06-29 22:56:45,42.4775314331055,-8.94469261169434,"Unknown"
"9004157",371992,2025-06-29 23:01:45,42.4774475097656,-8.94465446472168,"Unknown"
"9004157",371992,2025-06-29 23:06:44,42.4774055480957,-8.94468212127686,"Unknown"
"9004157",371992,2025-06-29 23:11:44,42.4774742126465,-8.94466114044189,"Unknown"
"9004157",371992,2025-06-29 23:16:44,42.4774360656738,-8.94464874267578,"Unknown"
"9004157",371992,2025-06-29 23:21:45,42.477481842041,-8.94474983215332,"Unknown"
"9004157",371992,2025-06-29 23:26:47,42.4774398803711,-8.94467449188232,"Unknown"
"9004157",371992,2025-06-29 23:31:45,42.4774703979492,-8.94459629058838,"Unknown"
"9004157",371992,2025-06-29 23:36:44,42.4774551391602,-8.94472408294678,"Unknown"
"9004157",371992,2025-06-29 23:41:44,42.4774589538574,-8.94471454620361,"Unknown"
"9004157",371992,2025-06-29 23:46:44,42.4774742126465,-8.94472122192383,"Unknown"
"9004157",371992,2025-06-29 23:51:44,42.477481842041,-8.94470500946045,"Unknown"
"9004157",371992,2025-06-29 23:56:45,42.4773635864258,-8.94460868835449,"Unknown"
"9004157",371992,2025-06-30 00:01:45,42.4775581359863,-8.94469261169434,"Unknown"
"9004157",371992,2025-06-30 00:06:44,42.4773330688477,-8.94456672668457,"Unknown"
"9004157",371992,2025-06-30 00:11:45,42.4774703979492,-8.94467639923096,"Unknown"
"9004157",371992,2025-06-30 00:16:45,42.477409362793,-8.94462299346924,"Unknown"
"9004157",371992,2025-06-30 00:21:45,42.4774627685547,-8.94462966918945,"Unknown"
"9004157",371992,2025-06-30 00:26:49,42.4773635864258,-8.94453048706055,"Unknown"
"9004157",371992,2025-06-30 00:31:48,42.4773902893066,-8.94471168518066,"Unknown"
"9004157",371992,2025-06-30 00:36:54,42.4771690368652,-8.94440746307373,"Unknown"
"9004157",371992,2025-06-30 00:41:52,42.4775199890137,-8.94465637207031,"Unknown"
"9004157",371992,2025-06-30 00:46:56,42.4774932861328,-8.94465446472168,"Unknown"
"9004157",371992,2025-06-30 00:51:52,42.4774551391602,-8.94468402862549,"Unknown"
"9004157",371992,2025-06-30 00:56:51,42.4774208068848,-8.94470024108887,"Unknown"
"9004157",371992,2025-06-30 01:02:05,42.4774131774902,-8.94466686248779,"Unknown"
"9004157",371992,2025-06-30 01:06:44,42.4774017333984,-8.94461154937744,"Unknown"
"9004157",371992,2025-06-30 01:11:45,42.4774436950684,-8.94457626342773,"Unknown"
"9004157",371992,2025-06-30 01:16:47,42.4773559570312,-8.94462394714355,"Unknown"
"9004157",371992,2025-06-30 01:21:48,42.4776039123535,-8.94481754302979,"Unknown"
"9004157",371992,2025-06-30 01:26:53,42.4775123596191,-8.94475364685059,"Unknown"
"9004157",371992,2025-06-30 01:31:43,42.4774322509766,-8.94469547271729,"Unknown"
"9004157",371992,2025-06-30 01:36:45,42.4774436950684,-8.94471645355225,"Unknown"
"9004157",371992,2025-06-30 01:41:43,42.4773330688477,-8.94466686248779,"Unknown"
"9004157",371992,2025-06-30 01:46:45,42.4773330688477,-8.94463729858398,"Unknown"
"9004157",371992,2025-06-30 01:51:43,42.4773254394531,-8.9446907043457,"Unknown"
"9004157",371992,2025-06-30 01:56:55,42.4773559570312,-8.94466781616211,"Unknown"
"9004157",371992,2025-06-30 02:01:49,42.4772796630859,-8.94442558288574,"Unknown"
"9004157",371992,2025-06-30 02:07:04,42.4773941040039,-8.94469738006592,"Unknown"
"9004157",371992,2025-06-30 02:11:44,42.4773330688477,-8.94468307495117,"Unknown"
"9004157",371992,2025-06-30 02:16:48,42.4770851135254,-8.94439125061035,"Unknown"
"9004157",371992,2025-06-30 02:21:44,42.477352142334,-8.94460010528564,"Unknown"
"9004157",371992,2025-06-30 02:26:45,42.4772796630859,-8.94454765319824,"Unknown"
"9004157",371992,2025-06-30 02:31:46,42.4770202636719,-8.94427108764648,"Unknown"
"9004157",371992,2025-06-30 02:36:52,42.4774894714355,-8.94465923309326,"Unknown"
"9004157",371992,2025-06-30 02:42:36,42.4774742126465,-8.94463729858398,"Unknown"
"9004157",371992,2025-06-30 02:46:48,42.4778213500977,-8.94518089294434,"Unknown"
"9004157",371992,2025-06-30 02:51:44,42.4773902893066,-8.94460201263428,"Unknown"
"9004157",371992,2025-06-30 02:56:45,42.4772872924805,-8.94453430175781,"Unknown"
"9004157",371992,2025-06-30 03:01:44,42.4772834777832,-8.9447660446167,"Unknown"
"9004157",371992,2025-06-30 03:06:44,42.4774055480957,-8.94472694396973,"Unknown"
"9004157",371992,2025-06-30 03:11:44,42.477466583252,-8.94470310211182,"Unknown"
"9004157",371992,2025-06-30 03:16:45,42.4773941040039,-8.94469547271729,"Unknown"
"9004157",371992,2025-06-30 03:21:45,42.4775581359863,-8.94466114044189,"Unknown"
"9004157",371992,2025-06-30 03:26:45,42.4774208068848,-8.94455051422119,"Unknown"
"9004157",371992,2025-06-30 03:31:46,42.4772491455078,-8.94465732574463,"Unknown"
"9004157",371992,2025-06-30 03:36:48,42.4776496887207,-8.94469261169434,"Unknown"
"9004157",371992,2025-06-30 03:41:49,42.4772567749023,-8.94483852386475,"Unknown"
"9004157",371992,2025-06-30 03:47:05,42.477367401123,-8.94475078582764,"Unknown"
"9004157",371992,2025-06-30 03:51:44,42.4773902893066,-8.94469547271729,"Unknown"
"9004157",371992,2025-06-30 03:56:46,42.4773178100586,-8.94486904144287,"Unknown"
"9004157",371992,2025-06-30 04:01:46,42.4773712158203,-8.94472026824951,"Unknown"
"9004157",371992,2025-06-30 04:06:47,42.4774017333984,-8.94473361968994,"Unknown"
"9004157",371992,2025-06-30 04:11:53,42.4772987365723,-8.9448127746582,"Unknown"
"9004157",371992,2025-06-30 04:16:53,42.4772911071777,-8.94481754302979,"Unknown"
"9004157",371992,2025-06-30 04:21:45,42.4772415161133,-8.94481086730957,"Unknown"
"9004157",371992,2025-06-30 04:26:48,42.4772300720215,-8.94484519958496,"Unknown"
"9004157",371992,2025-06-30 04:31:44,42.4773139953613,-8.94488430023193,"Unknown"
"9004157",371992,2025-06-30 04:36:49,42.4773826599121,-8.94464302062988,"Unknown"
"9004157",371992,2025-06-30 04:42:01,42.4772567749023,-8.94470882415771,"Unknown"
"9004157",371992,2025-06-30 04:46:43,42.4774322509766,-8.94458675384521,"Unknown"
"9004157",371992,2025-06-30 04:51:47,42.4775390625,-8.9445915222168,"Unknown"
"9004157",371992,2025-06-30 04:56:56,42.4775085449219,-8.9446382522583,"Unknown"
"9004157",371992,2025-06-30 05:01:49,42.4774398803711,-8.94467735290527,"Unknown"
"9004157",371992,2025-06-30 05:06:44,42.4774131774902,-8.94468688964844,"Unknown"
"9004157",371992,2025-06-30 05:11:43,42.4773483276367,-8.94470691680908,"Unknown"
"9004157",371992,2025-06-30 05:16:43,42.4773445129395,-8.94465923309326,"Unknown"
"9004157",371992,2025-06-30 05:21:44,42.4772834777832,-8.9445858001709,"Unknown"
"9004157",371992,2025-06-30 05:26:44,42.477367401123,-8.94465446472168,"Unknown"
"9004157",371992,2025-06-30 05:31:44,42.4774131774902,-8.94472694396973,"Unknown"
"9004157",371992,2025-06-30 05:36:44,42.477409362793,-8.94458770751953,"Unknown"
"9004157",371992,2025-06-30 05:41:44,42.4773826599121,-8.94463729858398,"Unknown"
"9004157",371992,2025-06-30 05:46:45,42.477409362793,-8.94465255737305,"Unknown"
"9004157",371992,2025-06-30 05:51:44,42.4774475097656,-8.94480419158936,"Unknown"
"9004157",371992,2025-06-30 05:56:44,42.4777412414551,-8.94509601593018,"Unknown"
"9004157",371992,2025-06-30 06:01:45,42.477409362793,-8.9445858001709,"Unknown"
"9004157",371992,2025-06-30 06:06:51,42.4774551391602,-8.94467830657959,"Unknown"
"9004157",371992,2025-06-30 06:11:45,42.4774932861328,-8.94472980499268,"Unknown"
"9004157",371992,2025-06-30 06:16:48,42.4775848388672,-8.94493865966797,"Unknown"
"9004157",371992,2025-06-30 06:21:54,42.4773406982422,-8.94461536407471,"Unknown"
"9004157",371992,2025-06-30 06:26:54,42.4775009155273,-8.94462871551514,"Unknown"
"9004157",371992,2025-06-30 06:32:05,42.4774932861328,-8.94461536407471,"Unknown"
"9004157",371992,2025-06-30 06:36:43,42.4774742126465,-8.94451522827148,"Unknown"
"9004157",371992,2025-06-30 06:41:44,42.4776268005371,-8.94436264038086,"Unknown"
"9004157",371992,2025-06-30 06:46:43,42.4775390625,-8.9444465637207,"Unknown"
"9004157",371992,2025-06-30 06:51:43,42.4775772094727,-8.94446754455566,"Unknown"
"9004157",371992,2025-06-30 06:56:43,42.4776000976562,-8.94442081451416,"Unknown"
"9004157",371992,2025-06-30 07:01:46,42.4774322509766,-8.94476890563965,"Unknown"
"9004157",371992,2025-06-30 07:06:45,42.4775428771973,-8.94457244873047,"Unknown"
"9004157",371992,2025-06-30 07:11:45,42.4776573181152,-8.94455623626709,"Unknown"
"9004157",371992,2025-06-30 07:16:44,42.4776153564453,-8.94460868835449,"Unknown"
"9004157",371992,2025-06-30 07:21:45,42.4776878356934,-8.94460868835449,"Unknown"
"9004157",371992,2025-06-30 07:26:45,42.4776420593262,-8.94462203979492,"Unknown"
"9004157",371992,2025-06-30 07:31:55,42.4776077270508,-8.9448070526123,"Unknown"
"9004157",371992,2025-06-30 07:36:54,42.4774780273438,-8.94445610046387,"Unknown"
"9004157",371992,2025-06-30 07:42:05,42.4774551391602,-8.94466590881348,"Unknown"
"9004157",371992,2025-06-30 07:46:43,42.4773254394531,-8.94472885131836,"Unknown"
"9004157",371992,2025-06-30 07:51:43,42.477352142334,-8.94465732574463,"Unknown"
"9004157",371992,2025-06-30 07:56:43,42.4774627685547,-8.94465446472168,"Unknown"
"9004157",371992,2025-06-30 08:01:43,42.4773101806641,-8.94476509094238,"Unknown"
"9004157",371992,2025-06-30 08:06:43,42.4773597717285,-8.94471073150635,"Unknown"
"9004157",371992,2025-06-30 08:11:43,42.4774322509766,-8.94466972351074,"Unknown"
"9004157",371992,2025-06-30 08:16:43,42.4777603149414,-8.94470691680908,"Unknown"
"9004157",371992,2025-06-30 08:21:43,42.4778022766113,-8.94463539123535,"Unknown"
"9004157",371992,2025-06-30 08:26:43,42.4777297973633,-8.94483089447021,"Unknown"
"9004157",371992,2025-06-30 08:31:44,42.4778060913086,-8.9447135925293,"Unknown"
"9004157",371992,2025-06-30 08:36:43,42.4854164123535,-8.92756271362305,"Unknown"
"9004157",371992,2025-06-30 08:41:43,42.5084838867188,-8.87886714935303,"Unknown"
"9004157",371992,2025-06-30 08:46:54,42.5113258361816,-8.87826538085938,"Unknown"
"9004157",371992,2025-06-30 08:52:00,42.5111389160156,-8.87825202941895,"Unknown"
"9004157",371992,2025-06-30 08:57:00,42.5114326477051,-8.87829399108887,"Unknown"
"9004157",371992,2025-06-30 09:02:16,42.5114479064941,-8.87619590759277,"Unknown"
"9004157",371992,2025-06-30 09:07:26,42.5106010437012,-8.87597560882568,"Unknown"
"9004157",371992,2025-06-30 09:12:55,42.5113868713379,-8.87432384490967,"Unknown"
"9004157",371992,2025-06-30 09:18:35,42.5117340087891,-8.87476253509521,"Unknown"
"9004157",371992,2025-06-30 09:23:33,42.5116577148438,-8.87524032592773,"Unknown"
"9004157",371992,2025-06-30 09:28:35,42.5113945007324,-8.87543392181396,"Unknown"
"9004157",371992,2025-06-30 09:34:10,42.5122337341309,-8.87435150146484,"Unknown"
"9004157",371992,2025-06-30 09:39:12,42.5126495361328,-8.87305450439453,"Unknown"
"9004157",371992,2025-06-30 09:44:17,42.5129432678223,-8.87421894073486,"Unknown"
"9004157",371992,2025-06-30 09:49:18,42.5173301696777,-8.86837863922119,"Unknown"
"9004157",371992,2025-06-30 09:54:21,42.5173606872559,-8.86835193634033,"Unknown"
"9004157",371992,2025-06-30 09:59:18,42.5172996520996,-8.86831283569336,"Unknown"
"9004157",371992,2025-06-30 10:04:35,42.5172958374023,-8.86835861206055,"Unknown"
"9004157",371992,2025-06-30 10:09:11,42.5173034667969,-8.86833095550537,"Unknown"
"9004157",371992,2025-06-30 10:14:11,42.517276763916,-8.8684253692627,"Unknown"
"9004157",371992,2025-06-30 10:19:11,42.5173263549805,-8.86826038360596,"Unknown"
"9004157",371992,2025-06-30 10:24:10,42.5173263549805,-8.86841487884521,"Unknown"
"9004157",371992,2025-06-30 10:29:11,42.5172882080078,-8.86839485168457,"Unknown"
"9004157",371992,2025-06-30 10:34:11,42.5172920227051,-8.86831665039062,"Unknown"
"9004157",371992,2025-06-30 10:39:11,42.5172653198242,-8.86830711364746,"Unknown"
"9004157",371992,2025-06-30 10:44:10,42.5172882080078,-8.86833000183105,"Unknown"
"9004157",371992,2025-06-30 10:49:11,42.5173034667969,-8.86836338043213,"Unknown"
"9004157",371992,2025-06-30 10:54:11,42.5173263549805,-8.86823081970215,"Unknown"
"9004157",371992,2025-06-30 10:59:13,42.5172538757324,-8.86835479736328,"Unknown"
"9004157",371992,2025-06-30 11:04:10,42.5173072814941,-8.86824417114258,"Unknown"
"9004157",371992,2025-06-30 11:09:11,42.5172920227051,-8.86834526062012,"Unknown"
"9004157",371992,2025-06-30 11:14:12,42.5172653198242,-8.86844348907471,"Unknown"
"9004157",371992,2025-06-30 11:19:10,42.5172996520996,-8.86840152740479,"Unknown"
"9004157",371992,2025-06-30 11:24:11,42.5173072814941,-8.86844062805176,"Unknown"
"9004157",371992,2025-06-30 11:29:10,42.5173606872559,-8.86846160888672,"Unknown"
"9004157",371992,2025-06-30 11:34:10,42.5172576904297,-8.86837387084961,"Unknown"
"9004157",371992,2025-06-30 11:39:12,42.5173530578613,-8.86859703063965,"Unknown"
"9004157",371992,2025-06-30 11:44:11,42.5175132751465,-8.86872386932373,"Unknown"
"9004157",371992,2025-06-30 11:49:11,42.5174942016602,-8.86885166168213,"Unknown"
"9004157",371992,2025-06-30 11:54:11,42.5176811218262,-8.86903762817383,"Unknown"
"9004157",371992,2025-06-30 11:59:15,42.5172348022461,-8.86839389801025,"Unknown"
"9004157",371992,2025-06-30 12:04:35,42.5172653198242,-8.86835861206055,"Unknown"
"9004157",371992,2025-06-30 12:09:11,42.5172386169434,-8.86837100982666,"Unknown"
"9004157",371992,2025-06-30 12:14:11,42.5171203613281,-8.86817932128906,"Unknown"
"9004157",371992,2025-06-30 12:19:12,42.5172653198242,-8.86831378936768,"Unknown"
"9004157",371992,2025-06-30 12:24:11,42.5172271728516,-8.86831092834473,"Unknown"
"9004157",371992,2025-06-30 12:29:10,42.5172538757324,-8.86839294433594,"Unknown"
"9004157",371992,2025-06-30 12:34:27,42.5111618041992,-8.87270069122314,"Unknown"
"9004157",371992,2025-06-30 12:39:36,42.5114784240723,-8.87426471710205,"Unknown"
"9004157",371992,2025-06-30 12:45:12,42.5112152099609,-8.87423038482666,"Unknown"
"9004157",371992,2025-06-30 12:50:36,42.5114593505859,-8.87592601776123,"Unknown"
"9004157",371992,2025-06-30 12:55:48,42.5113182067871,-8.87625885009766,"Unknown"
"9004157",371992,2025-06-30 13:01:10,42.5116004943848,-8.8743143081665,"Unknown"
"9004157",371992,2025-06-30 13:06:25,42.5110282897949,-8.87192535400391,"Unknown"
"9004157",371992,2025-06-30 13:11:30,42.5114326477051,-8.87268829345703,"Unknown"
"9004157",371992,2025-06-30 13:17:07,42.5112419128418,-8.87457942962646,"Unknown"
"9004157",371992,2025-06-30 13:22:40,42.5114288330078,-8.87596130371094,"Unknown"
"9004157",371992,2025-06-30 13:27:38,42.5114974975586,-8.87724113464355,"Unknown"
"9004157",371992,2025-06-30 13:32:40,42.5112037658691,-8.87783718109131,"Unknown"
"9004157",371992,2025-06-30 13:37:51,42.5110092163086,-8.87855815887451,"Unknown"
"9004157",371992,2025-06-30 13:43:35,42.5093574523926,-8.87880039215088,"Unknown"
"9004157",371992,2025-06-30 13:48:36,42.5043678283691,-8.88212299346924,"Unknown"
"9004157",371992,2025-06-30 13:53:32,42.5043869018555,-8.88213062286377,"Unknown"
"9004157",371992,2025-06-30 13:58:32,42.5043106079102,-8.88202476501465,"Unknown"
"9004157",371992,2025-06-30 14:03:34,42.5043869018555,-8.88209247589111,"Unknown"
"9004157",371992,2025-06-30 14:08:36,42.5043449401855,-8.88206672668457,"Unknown"
"9004157",371992,2025-06-30 14:13:39,42.5042381286621,-8.88193035125732,"Unknown"
"9004157",371992,2025-06-30 14:18:39,42.5043449401855,-8.88208293914795,"Unknown"
"9004157",371992,2025-06-30 14:23:39,42.5042343139648,-8.88189125061035,"Unknown"
"9004157",371992,2025-06-30 14:28:44,42.5044136047363,-8.88216590881348,"Unknown"
"9004157",371992,2025-06-30 14:33:32,42.5044212341309,-8.8822078704834,"Unknown"
"9004157",371992,2025-06-30 14:38:32,42.5044441223145,-8.88218307495117,"Unknown"
"9004157",371992,2025-06-30 14:43:32,42.5044250488281,-8.88215160369873,"Unknown"
"9004157",371992,2025-06-30 14:48:44,42.5044288635254,-8.88221645355225,"Unknown"
"9004157",371992,2025-06-30 14:53:32,42.5044441223145,-8.88225555419922,"Unknown"
"9004157",371992,2025-06-30 14:58:33,42.5045013427734,-8.88213348388672,"Unknown"
"9004157",371992,2025-06-30 15:03:32,42.5045204162598,-8.88221073150635,"Unknown"
"9004157",371992,2025-06-30 15:08:33,42.5044364929199,-8.88215351104736,"Unknown"
"9004157",371992,2025-06-30 15:13:36,42.5044212341309,-8.88218593597412,"Unknown"
"9004157",371992,2025-06-30 15:18:39,42.5044403076172,-8.88217449188232,"Unknown"
"9004157",371992,2025-06-30 15:23:33,42.5046272277832,-8.88225269317627,"Unknown"
"9004157",371992,2025-06-30 15:28:34,42.5044479370117,-8.88228797912598,"Unknown"
"9004157",371992,2025-06-30 15:33:32,42.5046882629395,-8.88210773468018,"Unknown"
"9004157",371992,2025-06-30 15:38:32,42.5044403076172,-8.88221073150635,"Unknown"
"9004157",371992,2025-06-30 15:44:01,42.504467010498,-8.88214778900146,"Unknown"
"9004157",371992,2025-06-30 15:48:33,42.5044288635254,-8.88218116760254,"Unknown"
"9004157",371992,2025-06-30 15:53:32,42.5044021606445,-8.88211154937744,"Unknown"
"9004157",371992,2025-06-30 15:58:32,42.5043792724609,-8.88226985931396,"Unknown"
"9004157",371992,2025-06-30 16:03:32,42.5044021606445,-8.88219165802002,"Unknown"
"9004157",371992,2025-06-30 16:08:32,42.5044364929199,-8.88217830657959,"Unknown"
"9004157",371992,2025-06-30 16:13:32,42.5044212341309,-8.88215827941895,"Unknown"
"9004157",371992,2025-06-30 16:18:32,42.5044250488281,-8.88211345672607,"Unknown"
"9004157",371992,2025-06-30 16:23:32,42.5044059753418,-8.88216781616211,"Unknown"
"9004157",371992,2025-06-30 16:28:32,42.5044708251953,-8.88214492797852,"Unknown"
"9004157",371992,2025-06-30 16:33:32,42.5044174194336,-8.8822078704834,"Unknown"
"9004157",371992,2025-06-30 16:38:32,42.504451751709,-8.88222026824951,"Unknown"
"9004157",371992,2025-06-30 16:43:32,42.5044136047363,-8.88214302062988,"Unknown"
"9004157",371992,2025-06-30 16:48:32,42.5048217773438,-8.88189792633057,"Unknown"
"9004157",371992,2025-06-30 16:53:32,42.5061073303223,-8.88039684295654,"Unknown"
"9004157",371992,2025-06-30 16:58:38,42.5107345581055,-8.87822723388672,"Unknown"
"9004157",371992,2025-06-30 17:04:12,42.5111198425293,-8.87769031524658,"Unknown"
"9004157",371992,2025-06-30 17:09:44,42.5109405517578,-8.87671089172363,"Unknown"
"9004157",371992,2025-06-30 17:14:44,42.5111465454102,-8.87783908843994,"Unknown"
"9004157",371992,2025-06-30 17:20:08,42.5114402770996,-8.87847805023193,"Unknown"
"9004157",371992,2025-06-30 17:25:40,42.5111274719238,-8.87787437438965,"Unknown"
"9004157",371992,2025-06-30 17:30:39,42.5098190307617,-8.87711429595947,"Unknown"
"9004157",371992,2025-06-30 17:35:39,42.4931793212891,-8.90899562835693,"Unknown"
"9004157",371992,2025-06-30 17:40:40,42.4807167053223,-8.93651008605957,"Unknown"
"9004157",371992,2025-06-30 17:45:49,42.475944519043,-8.94320678710938,"Unknown"
"9004157",371992,2025-06-30 17:50:39,42.475902557373,-8.94317436218262,"Unknown"
"9004157",371992,2025-06-30 17:56:05,42.4758644104004,-8.94314289093018,"Unknown"
"9004157",371992,2025-06-30 18:00:39,42.475887298584,-8.94311618804932,"Unknown"
"9004157",371992,2025-06-30 18:05:39,42.4758644104004,-8.94312381744385,"Unknown"
"9004157",371992,2025-06-30 18:10:39,42.4758720397949,-8.9430627822876,"Unknown"
"9004157",371992,2025-06-30 18:15:39,42.4758949279785,-8.94307804107666,"Unknown"
"9004157",371992,2025-06-30 18:20:39,42.4758415222168,-8.94313144683838,"Unknown"
"9004157",371992,2025-06-30 18:25:39,42.4758796691895,-8.94313144683838,"Unknown"
"9004157",371992,2025-06-30 18:30:48,42.4758453369141,-8.94306373596191,"Unknown"
"9004157",371992,2025-06-30 18:35:48,42.4758224487305,-8.94313049316406,"Unknown"
"9004157",371992,2025-06-30 18:40:48,42.4758415222168,-8.94309043884277,"Unknown"
"9004157",371992,2025-06-30 18:45:45,42.4757919311523,-8.94307708740234,"Unknown"
"9004157",371992,2025-06-30 18:50:41,42.4758148193359,-8.9431266784668,"Unknown"
"9004157",371992,2025-06-30 18:55:39,42.4758148193359,-8.94311809539795,"Unknown"
"9004157",371992,2025-06-30 19:00:39,42.4758224487305,-8.94306755065918,"Unknown"
"9004157",371992,2025-06-30 19:05:40,42.4757957458496,-8.9430627822876,"Unknown"
"9004157",371992,2025-06-30 19:10:41,42.4758148193359,-8.94316482543945,"Unknown"
"9004157",371992,2025-06-30 19:15:40,42.4757614135742,-8.94306945800781,"Unknown"
"9004157",371992,2025-06-30 19:20:39,42.4757690429688,-8.9431209564209,"Unknown"
"9004157",371992,2025-06-30 19:26:13,42.478141784668,-8.94519519805908,"Unknown"
"9004157",371992,2025-06-30 19:30:42,42.4773941040039,-8.94437217712402,"Unknown"
"9004157",371992,2025-06-30 19:35:41,42.4773941040039,-8.94442176818848,"Unknown"
"9004157",371992,2025-06-30 19:41:05,42.4774475097656,-8.94470977783203,"Unknown"
"9004157",371992,2025-06-30 19:45:39,42.4774780273438,-8.9447193145752,"Unknown"
"9004157",371992,2025-06-30 19:50:39,42.4773483276367,-8.94476890563965,"Unknown"
"9004157",371992,2025-06-30 19:55:39,42.4775810241699,-8.94409084320068,"Unknown"
"9004157",371992,2025-06-30 20:00:39,42.4775314331055,-8.9445333480835,"Unknown"
"9004157",371992,2025-06-30 20:05:40,42.4775886535645,-8.9446439743042,"Unknown"
"9004157",371992,2025-06-30 20:10:39,42.4775161743164,-8.94466495513916,"Unknown"
"9004157",371992,2025-06-30 20:15:39,42.4774856567383,-8.94473075866699,"Unknown"
"9004157",371992,2025-06-30 20:20:39,42.4775390625,-8.94464302062988,"Unknown"
"9004157",371992,2025-06-30 20:25:39,42.4775047302246,-8.94467639923096,"Unknown"
"9004157",371992,2025-06-30 20:30:39,42.4775657653809,-8.94457340240479,"Unknown"
"9004157",371992,2025-06-30 20:35:40,42.4775619506836,-8.94467830657959,"Unknown"
"9004157",371992,2025-06-30 20:40:39,42.4774513244629,-8.94467449188232,"Unknown"
"9004157",371992,2025-06-30 20:45:40,42.4775161743164,-8.94465160369873,"Unknown"
"9004157",371992,2025-06-30 20:50:39,42.4774932861328,-8.94464492797852,"Unknown"
"9004157",371992,2025-06-30 20:55:39,42.4774703979492,-8.94458484649658,"Unknown"
"9004157",371992,2025-06-30 21:00:40,42.4774971008301,-8.94466590881348,"Unknown"
"9004157",371992,2025-06-30 21:05:39,42.4774932861328,-8.94458103179932,"Unknown"
"9004157",371992,2025-06-30 21:10:41,42.4775276184082,-8.94473743438721,"Unknown"
"9004157",371992,2025-06-30 21:15:40,42.4775695800781,-8.94471073150635,"Unknown"
"9004157",371992,2025-06-30 21:20:39,42.477409362793,-8.94456958770752,"Unknown"
"9004157",371992,2025-06-30 21:25:41,42.4775047302246,-8.94463729858398,"Unknown"
"9004157",371992,2025-06-30 21:30:39,42.4773597717285,-8.94454956054688,"Unknown"
"9004157",371992,2025-06-30 21:35:42,42.4775772094727,-8.94489288330078,"Unknown"
"9004157",371992,2025-06-30 21:40:49,42.4773559570312,-8.94461917877197,"Unknown"
"9004157",371992,2025-06-30 21:45:43,42.477596282959,-8.94443321228027,"Unknown"
"9004157",371992,2025-06-30 21:50:42,42.4775733947754,-8.94427680969238,"Unknown"
"9004157",371992,2025-06-30 21:56:05,42.4774551391602,-8.94465160369873,"Unknown"
"9004157",371992,2025-06-30 22:00:39,42.4774169921875,-8.94466781616211,"Unknown"
"9004157",371992,2025-06-30 22:05:39,42.4774703979492,-8.9446382522583,"Unknown"
"9004157",371992,2025-06-30 22:10:39,42.4774436950684,-8.94454574584961,"Unknown"
"9004157",371992,2025-06-30 22:15:39,42.4774589538574,-8.94462013244629,"Unknown"
"9004157",371992,2025-06-30 22:20:39,42.4774055480957,-8.94458293914795,"Unknown"
"9004157",371992,2025-06-30 22:25:39,42.4774169921875,-8.94466972351074,"Unknown"
"9004157",371992,2025-06-30 22:30:39,42.477466583252,-8.94457721710205,"Unknown"
"9004157",371992,2025-06-30 22:35:39,42.4775047302246,-8.9445858001709,"Unknown"
"9004157",371992,2025-06-30 22:40:39,42.4774398803711,-8.94464492797852,"Unknown"
"9004157",371992,2025-06-30 22:45:39,42.4774894714355,-8.94450187683105,"Unknown"
"9004157",371992,2025-06-30 22:50:40,42.4774742126465,-8.94455718994141,"Unknown"
"9004157",371992,2025-06-30 22:55:39,42.477481842041,-8.94466114044189,"Unknown"
"9004157",371992,2025-06-30 23:00:39,42.4774360656738,-8.94453811645508,"Unknown"
"9004157",371992,2025-06-30 23:05:39,42.4774780273438,-8.94465065002441,"Unknown"
"9004157",371992,2025-06-30 23:10:39,42.4774780273438,-8.94457817077637,"Unknown"
"9004157",371992,2025-06-30 23:15:40,42.4774017333984,-8.94448089599609,"Unknown"
"9004157",371992,2025-06-30 23:20:39,42.4775009155273,-8.94455146789551,"Unknown"
"9004157",371992,2025-06-30 23:25:40,42.4773788452148,-8.94445514678955,"Unknown"
"9004157",371992,2025-06-30 23:30:41,42.4774971008301,-8.94452571868896,"Unknown"
"9004157",371992,2025-06-30 23:35:42,42.477424621582,-8.94461727142334,"Unknown"
"9004157",371992,2025-06-30 23:40:42,42.4775276184082,-8.94519138336182,"Unknown"
"9004157",371992,2025-06-30 23:45:42,42.4775199890137,-8.94499015808105,"Unknown"
"9004157",371992,2025-06-30 23:50:48,42.4774398803711,-8.94459438323975,"Unknown"
"9004157",371992,2025-06-30 23:55:46,42.4775772094727,-8.94460678100586,"Unknown"
"9004157",371992,2025-07-01 00:01:05,42.4774894714355,-8.94462299346924,"Unknown"
"9004157",371992,2025-07-01 00:05:40,42.4774131774902,-8.9445915222168,"Unknown"
"9004157",371992,2025-07-01 00:10:40,42.4775352478027,-8.94455432891846,"Unknown"
"9004157",371992,2025-07-01 00:15:40,42.4774627685547,-8.94449901580811,"Unknown"
"9004157",371992,2025-07-01 00:20:39,42.4774055480957,-8.94448471069336,"Unknown"
"9004157",371992,2025-07-01 00:25:39,42.4774589538574,-8.94465160369873,"Unknown"
"9004157",371992,2025-07-01 00:30:40,42.4774055480957,-8.94441223144531,"Unknown"
"9004157",371992,2025-07-01 00:35:40,42.4774169921875,-8.94442653656006,"Unknown"
"9004157",371992,2025-07-01 00:40:53,42.4775047302246,-8.94458770751953,"Unknown"
"9004157",371992,2025-07-01 00:45:40,42.4774627685547,-8.94456768035889,"Unknown"
"9004157",371992,2025-07-01 00:50:40,42.4778099060059,-8.9446907043457,"Unknown"
"9004157",371992,2025-07-01 00:55:47,42.477466583252,-8.94459629058838,"Unknown"
"9004157",371992,2025-07-01 01:00:43,42.4774894714355,-8.94462966918945,"Unknown"
"9004157",371992,2025-07-01 01:06:01,42.4774589538574,-8.94464206695557,"Unknown"
"9004157",371992,2025-07-01 01:10:39,42.4774856567383,-8.94457912445068,"Unknown"
"9004157",371992,2025-07-01 01:15:39,42.4775810241699,-8.94448566436768,"Unknown"
"9004157",371992,2025-07-01 01:20:39,42.4774703979492,-8.94453907012939,"Unknown"
"9004157",371992,2025-07-01 01:25:39,42.4774398803711,-8.94456958770752,"Unknown"
"9004157",371992,2025-07-01 01:30:39,42.4774894714355,-8.94460201263428,"Unknown"
"9004157",371992,2025-07-01 01:35:39,42.4774436950684,-8.94461441040039,"Unknown"
"9004157",371992,2025-07-01 01:40:39,42.4775161743164,-8.94454002380371,"Unknown"
"9004157",371992,2025-07-01 01:45:39,42.477481842041,-8.94469547271729,"Unknown"
"9004157",371992,2025-07-01 01:50:39,42.4774742126465,-8.94454765319824,"Unknown"
"9004157",371992,2025-07-01 01:55:39,42.477481842041,-8.94465160369873,"Unknown"
"9004157",371992,2025-07-01 02:00:39,42.4774932861328,-8.94458293914795,"Unknown"
"9004157",371992,2025-07-01 02:05:39,42.4775199890137,-8.94460010528564,"Unknown"
"9004157",371992,2025-07-01 02:10:39,42.4775314331055,-8.94466972351074,"Unknown"
"9004157",371992,2025-07-01 02:15:39,42.4773941040039,-8.94445896148682,"Unknown"
"9004157",371992,2025-07-01 02:20:41,42.4774169921875,-8.9444694519043,"Unknown"
"9004157",371992,2025-07-01 02:25:48,42.4772567749023,-8.94484519958496,"Unknown"
"9004157",371992,2025-07-01 02:30:45,42.4775390625,-8.94439697265625,"Unknown"
"9004157",371992,2025-07-01 02:35:39,42.4774398803711,-8.94458484649658,"Unknown"
"9004157",371992,2025-07-01 02:40:39,42.4773559570312,-8.94457912445068,"Unknown"
"9004157",371992,2025-07-01 02:45:40,42.4775695800781,-8.94459819793701,"Unknown"
"9004157",371992,2025-07-01 02:50:40,42.477466583252,-8.94474601745605,"Unknown"
"9004157",371992,2025-07-01 02:55:39,42.4774284362793,-8.94460010528564,"Unknown"
"9004157",371992,2025-07-01 03:00:43,42.4774284362793,-8.94467353820801,"Unknown"
"9004157",371992,2025-07-01 03:05:41,42.4773368835449,-8.94462490081787,"Unknown"
"9004157",371992,2025-07-01 03:10:48,42.4774360656738,-8.94471168518066,"Unknown"
"9004157",371992,2025-07-01 03:15:49,42.477424621582,-8.9446382522583,"Unknown"
"9004157",371992,2025-07-01 03:20:42,42.4778594970703,-8.94515991210938,"Unknown"
"9004157",371992,2025-07-01 03:25:48,42.4775047302246,-8.9445333480835,"Unknown"
"9004157",371992,2025-07-01 03:31:05,42.4775199890137,-8.94465065002441,"Unknown"
"9004157",371992,2025-07-01 03:36:05,42.4774284362793,-8.94473171234131,"Unknown"
"9004157",371992,2025-07-01 03:40:40,42.4775047302246,-8.94485950469971,"Unknown"
"9004157",371992,2025-07-01 03:45:41,42.4774475097656,-8.9448823928833,"Unknown"
"9004157",371992,2025-07-01 03:50:40,42.4774208068848,-8.94460201263428,"Unknown"
"9004157",371992,2025-07-01 03:55:39,42.4773139953613,-8.94470405578613,"Unknown"
"9004157",371992,2025-07-01 04:00:40,42.4773788452148,-8.94471740722656,"Unknown"
"9004157",371992,2025-07-01 04:05:43,42.4774169921875,-8.94456672668457,"Unknown"
"9004157",371992,2025-07-01 04:10:39,42.4774475097656,-8.94466304779053,"Unknown"
"9004157",371992,2025-07-01 04:15:40,42.4773712158203,-8.94471454620361,"Unknown"
"9004157",371992,2025-07-01 04:20:40,42.4775161743164,-8.94463443756104,"Unknown"
"9004157",371992,2025-07-01 04:25:39,42.4774208068848,-8.94465160369873,"Unknown"
"9004157",371992,2025-07-01 04:30:40,42.4773483276367,-8.94460201263428,"Unknown"
"9004157",371992,2025-07-01 04:35:39,42.477352142334,-8.94468021392822,"Unknown"
"9004157",371992,2025-07-01 04:40:40,42.4773406982422,-8.9446907043457,"Unknown"
"9004157",371992,2025-07-01 04:45:39,42.4774436950684,-8.94474124908447,"Unknown"
"9004157",371992,2025-07-01 04:50:41,42.4773750305176,-8.94467639923096,"Unknown"
"9004157",371992,2025-07-01 04:55:40,42.4773330688477,-8.94459629058838,"Unknown"
"9004157",371992,2025-07-01 05:00:40,42.4773139953613,-8.94470119476318,"Unknown"
"9004157",371992,2025-07-01 05:05:43,42.4774055480957,-8.94448852539062,"Unknown"
"9004157",371992,2025-07-01 05:10:40,42.4773712158203,-8.94462585449219,"Unknown"
"9004157",371992,2025-07-01 05:15:39,42.477481842041,-8.94468784332275,"Unknown"
"9004157",371992,2025-07-01 05:20:40,42.4773292541504,-8.94458961486816,"Unknown"
"9004157",371992,2025-07-01 05:25:46,42.4772338867188,-8.94527435302734,"Unknown"
"9004157",371992,2025-07-01 05:30:50,42.4772720336914,-8.9450626373291,"Unknown"
"9004157",371992,2025-07-01 05:35:45,42.4774398803711,-8.94480037689209,"Unknown"
"9004157",371992,2025-07-01 05:40:43,42.4774780273438,-8.94470500946045,"Unknown"
"9004157",371992,2025-07-01 05:45:42,42.4774971008301,-8.94473552703857,"Unknown"
"9004157",371992,2025-07-01 05:50:43,42.4774398803711,-8.94465637207031,"Unknown"
"9004157",371992,2025-07-01 05:55:40,42.4775543212891,-8.94483661651611,"Unknown"
"9004157",371992,2025-07-01 06:01:05,42.4774169921875,-8.94467544555664,"Unknown"
"9004157",371992,2025-07-01 06:05:40,42.4774284362793,-8.94464778900146,"Unknown"
"9004157",371992,2025-07-01 06:10:40,42.4775161743164,-8.94467163085938,"Unknown"
"9004157",371992,2025-07-01 06:15:39,42.4774398803711,-8.9446439743042,"Unknown"
"9004157",371992,2025-07-01 06:20:45,42.4774589538574,-8.94464588165283,"Unknown"
"9004157",371992,2025-07-01 06:25:48,42.4774703979492,-8.9446268081665,"Unknown"
"9004157",371992,2025-07-01 06:30:45,42.4774703979492,-8.94467163085938,"Unknown"
"9004157",371992,2025-07-01 06:36:05,42.4773712158203,-8.94458198547363,"Unknown"
"9004157",371992,2025-07-01 06:40:40,42.477222442627,-8.94468212127686,"Unknown"
"9004157",371992,2025-07-01 06:45:41,42.4775543212891,-8.94463348388672,"Unknown"
"9004157",371992,2025-07-01 06:50:40,42.4775199890137,-8.94457149505615,"Unknown"
"9004157",371992,2025-07-01 06:55:42,42.4775314331055,-8.94476127624512,"Unknown"
"9004157",371992,2025-07-01 07:00:40,42.4775505065918,-8.94464588165283,"Unknown"
"9004157",371992,2025-07-01 07:05:40,42.4776268005371,-8.94458675384521,"Unknown"
"9004157",371992,2025-07-01 07:10:43,42.477409362793,-8.94460964202881,"Unknown"
"9004157",371992,2025-07-01 07:15:40,42.4775466918945,-8.94449901580811,"Unknown"
"9004157",371992,2025-07-01 07:20:41,42.4774894714355,-8.94453907012939,"Unknown"
"9004157",371992,2025-07-01 07:25:46,42.4775695800781,-8.94446563720703,"Unknown"
"9004157",371992,2025-07-01 07:30:41,42.477466583252,-8.94449234008789,"Unknown"
"9004157",371992,2025-07-01 07:35:40,42.4774856567383,-8.94449043273926,"Unknown"
"9004157",371992,2025-07-01 07:40:40,42.4902153015137,-8.91505432128906,"Unknown"
"9004157",371992,2025-07-01 07:45:40,42.504753112793,-8.88194847106934,"Unknown"
"9004157",371992,2025-07-01 07:55:26,42.5101089477539,-8.8771858215332,"Unknown"
"9004157",371992,2025-07-01 08:24:29,42.5168266296387,-8.86826229095459,"Unknown"
"9004157",371992,2025-07-01 08:28:35,42.5173835754395,-8.8682975769043,"Unknown"
"9004157",371992,2025-07-01 08:33:05,42.5172805786133,-8.86827373504639,"Unknown"
"9004157",371992,2025-07-01 08:38:25,42.5173110961914,-8.8682918548584,"Unknown"
"9004157",371992,2025-07-01 08:43:06,42.5171890258789,-8.86820507049561,"Unknown"
"9004157",371992,2025-07-01 08:48:05,42.5172920227051,-8.86827659606934,"Unknown"
"9004157",371992,2025-07-01 08:53:06,42.5173759460449,-8.86831188201904,"Unknown"
"9004157",371992,2025-07-01 08:58:08,42.5173225402832,-8.86828708648682,"Unknown"
"9004157",371992,2025-07-01 09:03:08,42.517333984375,-8.8682689666748,"Unknown"
"9004157",371992,2025-07-01 09:08:06,42.5172653198242,-8.86827564239502,"Unknown"
"9004157",371992,2025-07-01 09:13:35,42.5172958374023,-8.86827373504639,"Unknown"
"9004157",371992,2025-07-01 09:18:05,42.5173187255859,-8.86831188201904,"Unknown"
"9004157",371992,2025-07-01 09:23:05,42.5173149108887,-8.86828231811523,"Unknown"
"9004157",371992,2025-07-01 09:28:06,42.5173416137695,-8.8683032989502,"Unknown"
"9004157",371992,2025-07-01 09:33:05,42.517391204834,-8.86831092834473,"Unknown"
"9004157",371992,2025-07-01 09:38:05,42.5173377990723,-8.86833000183105,"Unknown"
"9004157",371992,2025-07-01 09:43:06,42.5173301696777,-8.86829566955566,"Unknown"
"9004157",371992,2025-07-01 09:48:05,42.5173492431641,-8.8682804107666,"Unknown"
"9004157",371992,2025-07-01 09:53:05,42.5173454284668,-8.86835765838623,"Unknown"
"9004157",371992,2025-07-01 09:58:05,42.5174217224121,-8.86827754974365,"Unknown"
"9004157",371992,2025-07-01 10:03:05,42.5174369812012,-8.86824607849121,"Unknown"
"9004157",371992,2025-07-01 10:08:06,42.5173873901367,-8.86818027496338,"Unknown"
"9004157",371992,2025-07-01 10:13:07,42.5173568725586,-8.86825656890869,"Unknown"
"9004157",371992,2025-07-01 10:18:05,42.5174674987793,-8.8682975769043,"Unknown"
"9004157",371992,2025-07-01 10:23:06,42.5174369812012,-8.86819648742676,"Unknown"
"9004157",371992,2025-07-01 10:28:05,42.517391204834,-8.8682222366333,"Unknown"
"9004157",371992,2025-07-01 10:33:06,42.5173873901367,-8.86819553375244,"Unknown"
"9004157",371992,2025-07-01 10:38:05,42.5174140930176,-8.86831188201904,"Unknown"
"9004157",371992,2025-07-01 10:43:05,42.5173873901367,-8.86826610565186,"Unknown"
"9004157",371992,2025-07-01 10:48:05,42.5174140930176,-8.86824989318848,"Unknown"
"9004157",371992,2025-07-01 10:53:06,42.517448425293,-8.86828231811523,"Unknown"
"9004157",371992,2025-07-01 10:58:05,42.517406463623,-8.86827850341797,"Unknown"
"9004157",371992,2025-07-01 11:03:36,42.5173416137695,-8.86821556091309,"Unknown"
"9004157",371992,2025-07-01 11:08:05,42.5173454284668,-8.86815643310547,"Unknown"
"9004157",371992,2025-07-01 11:13:05,42.5173187255859,-8.86822032928467,"Unknown"
"9004157",371992,2025-07-01 11:18:29,42.5173606872559,-8.86823844909668,"Unknown"
"9004157",371992,2025-07-01 11:23:06,42.5126152038574,-8.87328910827637,"Unknown"
"9004157",371992,2025-07-01 11:28:17,42.5116691589355,-8.87546157836914,"Unknown"
"9004157",371992,2025-07-01 11:33:50,42.5113410949707,-8.87675189971924,"Unknown"
"9004157",371992,2025-07-01 12:30:44,42.510799407959,-8.87974071502686,"Unknown"
"9004157",371992,2025-07-01 12:35:39,42.5095367431641,-8.8818244934082,"Unknown"
"9004157",371992,2025-07-01 12:40:32,42.5048980712891,-8.88114356994629,"Unknown"
"9004157",371992,2025-07-01 12:45:33,42.5049858093262,-8.88107967376709,"Unknown"
"9004157",371992,2025-07-01 12:50:33,42.5048675537109,-8.88101959228516,"Unknown"
"9004157",371992,2025-07-01 12:55:33,42.5049362182617,-8.8809642791748,"Unknown"
"9004157",371992,2025-07-01 13:00:32,42.5048828125,-8.88100433349609,"Unknown"
"9004157",371992,2025-07-01 13:05:32,42.5047416687012,-8.88118457794189,"Unknown"
"9004157",371992,2025-07-01 13:10:33,42.5050010681152,-8.88079071044922,"Unknown"
"9004157",371992,2025-07-01 13:15:32,42.5047378540039,-8.8810453414917,"Unknown"
"9004157",371992,2025-07-01 13:20:32,42.504810333252,-8.88081836700439,"Unknown"
"9004157",371992,2025-07-01 13:25:34,42.5046577453613,-8.880615234375,"Unknown"
"9004157",371992,2025-07-01 13:30:33,42.5047302246094,-8.88085651397705,"Unknown"
"9004157",371992,2025-07-01 13:35:42,42.5046615600586,-8.88062000274658,"Unknown"
"9004157",371992,2025-07-01 13:40:32,42.5046005249023,-8.8803882598877,"Unknown"
"9004157",371992,2025-07-01 13:45:33,42.504695892334,-8.88062286376953,"Unknown"
"9004157",371992,2025-07-01 13:50:36,42.5045394897461,-8.88045787811279,"Unknown"
"9004157",371992,2025-07-01 13:55:34,42.5046424865723,-8.8806095123291,"Unknown"
"9004157",371992,2025-07-01 14:00:32,42.5045127868652,-8.88055801391602,"Unknown"
"9004157",371992,2025-07-01 14:06:05,42.5046081542969,-8.88062858581543,"Unknown"
"9004157",371992,2025-07-01 14:10:32,42.5045776367188,-8.88062381744385,"Unknown"
"9004157",371992,2025-07-01 14:15:32,42.5045700073242,-8.88058662414551,"Unknown"
"9004157",371992,2025-07-01 14:20:32,42.504581451416,-8.88065910339355,"Unknown"
"9004157",371992,2025-07-01 14:25:33,42.5045547485352,-8.88067150115967,"Unknown"
"9004157",371992,2025-07-01 14:30:32,42.5045700073242,-8.88058757781982,"Unknown"
"9004157",371992,2025-07-01 14:35:32,42.5045928955078,-8.88054180145264,"Unknown"
"9004157",371992,2025-07-01 14:40:32,42.5045013427734,-8.88052463531494,"Unknown"
"9004157",371992,2025-07-01 14:45:32,42.5045738220215,-8.88057804107666,"Unknown"
"9004157",371992,2025-07-01 14:50:33,42.5045547485352,-8.88053321838379,"Unknown"
"9004157",371992,2025-07-01 14:55:32,42.5045318603516,-8.88056468963623,"Unknown"
"9004157",371992,2025-07-01 15:00:35,42.5041427612305,-8.88031959533691,"Unknown"
"9004157",371992,2025-07-01 15:05:37,42.5044593811035,-8.88060474395752,"Unknown"
"9004157",371992,2025-07-01 15:10:34,42.50439453125,-8.88039493560791,"Unknown"
"9004157",371992,2025-07-01 15:15:33,42.5048561096191,-8.88071537017822,"Unknown"
"9004157",371992,2025-07-01 15:20:33,42.5046730041504,-8.88067626953125,"Unknown"
"9004157",371992,2025-07-01 15:25:34,42.5045394897461,-8.88065719604492,"Unknown"
"9004157",371992,2025-07-01 15:30:35,42.5044441223145,-8.88061141967773,"Unknown"
"9004157",371992,2025-07-01 15:35:36,42.504566192627,-8.88069248199463,"Unknown"
"9004157",371992,2025-07-01 15:40:32,42.5045051574707,-8.88065528869629,"Unknown"
"9004157",371992,2025-07-01 15:45:50,42.5070610046387,-8.87274265289307,"Unknown"
"9004157",371992,2025-07-01 17:22:29,42.5043907165527,-8.88216209411621,"Unknown"
"9004157",371992,2025-07-01 17:26:48,42.5043792724609,-8.8821325302124,"Unknown"
"9004157",371992,2025-07-01 17:31:49,42.5043983459473,-8.88218402862549,"Unknown"
"9004157",371992,2025-07-01 17:36:46,42.5044174194336,-8.88220119476318,"Unknown"
"9004157",371992,2025-07-01 17:41:47,42.5044326782227,-8.8823413848877,"Unknown"
"9004157",371992,2025-07-01 17:46:46,42.5044136047363,-8.88232803344727,"Unknown"
"9004157",371992,2025-07-01 17:51:45,42.5043754577637,-8.8823070526123,"Unknown"
"9004157",371992,2025-07-01 17:56:46,42.50439453125,-8.88241100311279,"Unknown"
"9004157",371992,2025-07-01 18:01:46,42.5042915344238,-8.88232135772705,"Unknown"
"9004157",371992,2025-07-01 18:06:46,42.5043678283691,-8.88245868682861,"Unknown"
"9004157",371992,2025-07-01 18:11:47,42.5043334960938,-8.88238143920898,"Unknown"
"9004157",371992,2025-07-01 18:16:51,42.5044021606445,-8.88253021240234,"Unknown"
"9004157",371992,2025-07-01 18:21:47,42.5042839050293,-8.88250350952148,"Unknown"
"9004157",371992,2025-07-01 18:26:46,42.5042304992676,-8.88247871398926,"Unknown"
"9004157",371992,2025-07-01 18:31:46,42.5042877197266,-8.88272285461426,"Unknown"
"9004157",371992,2025-07-01 18:36:46,42.5042381286621,-8.88253021240234,"Unknown"
"9004157",371992,2025-07-01 18:41:49,42.5040817260742,-8.88239288330078,"Unknown"
"9004157",371992,2025-07-01 18:46:50,42.5041694641113,-8.88263320922852,"Unknown"
"9004157",371992,2025-07-01 18:51:46,42.5043830871582,-8.88304805755615,"Unknown"
"9004157",371992,2025-07-01 18:56:49,42.5041313171387,-8.88258457183838,"Unknown"
"9004157",371992,2025-07-01 19:01:50,42.5041046142578,-8.88259887695312,"Unknown"
"9004157",371992,2025-07-01 19:06:49,42.4806365966797,-8.92732620239258,"Unknown"
"9004157",371992,2025-07-01 19:11:50,42.436408996582,-8.93505001068115,"Unknown"
"9004157",371992,2025-07-01 19:17:14,42.3987197875977,-8.92101097106934,"Unknown"
"9004157",371992,2025-07-01 19:21:48,42.3995590209961,-8.92080974578857,"Unknown"
"9004157",371992,2025-07-01 19:26:48,42.3994636535645,-8.9207181930542,"Unknown"
"9004157",371992,2025-07-01 19:31:46,42.3993721008301,-8.92060470581055,"Unknown"
"9004157",371992,2025-07-01 19:36:52,42.399600982666,-8.92118644714355,"Unknown"
"9004157",371992,2025-07-01 19:41:47,42.399528503418,-8.92114353179932,"Unknown"
"9004157",371992,2025-07-01 19:47:05,42.3995590209961,-8.92121315002441,"Unknown"
"9004157",371992,2025-07-01 19:51:47,42.3995704650879,-8.92121887207031,"Unknown"
"9004157",371992,2025-07-01 19:56:48,42.3997230529785,-8.92107009887695,"Unknown"
"9004157",371992,2025-07-01 20:01:50,42.3994979858398,-8.92117691040039,"Unknown"
"9004157",371992,2025-07-01 20:06:48,42.3993835449219,-8.92140865325928,"Unknown"
"9004157",371992,2025-07-01 20:12:29,42.3995475769043,-8.92119693756104,"Unknown"
"9004157",371992,2025-07-01 20:16:46,42.3995399475098,-8.92120552062988,"Unknown"
"9004157",371992,2025-07-01 20:21:47,42.3995933532715,-8.9212064743042,"Unknown"
"9004157",371992,2025-07-01 20:26:47,42.3995971679688,-8.92111587524414,"Unknown"
"9004157",371992,2025-07-01 20:31:47,42.399543762207,-8.92126274108887,"Unknown"
"9004157",371992,2025-07-01 20:36:56,42.3996696472168,-8.92106056213379,"Unknown"
"9004157",371992,2025-07-01 20:41:46,42.3997650146484,-8.92093181610107,"Unknown"
"9004157",371992,2025-07-01 20:46:49,42.3994941711426,-8.92099571228027,"Unknown"
"9004157",371992,2025-07-01 20:52:14,42.3995628356934,-8.92098140716553,"Unknown"
"9004157",371992,2025-07-01 20:56:45,42.3993721008301,-8.921067237854,"Unknown"
"9004157",371992,2025-07-01 21:01:46,42.3994903564453,-8.92103481292725,"Unknown"
"9004157",371992,2025-07-01 21:06:46,42.3995628356934,-8.92097091674805,"Unknown"
"9004157",371992,2025-07-01 21:11:53,42.3995399475098,-8.92094421386719,"Unknown"
"9004157",371992,2025-07-01 21:16:52,42.3995971679688,-8.92087364196777,"Unknown"
"9004157",371992,2025-07-01 21:21:49,42.3998069763184,-8.92104625701904,"Unknown"
"9004157",371992,2025-07-01 21:26:47,42.3996887207031,-8.92106628417969,"Unknown"
"9004157",371992,2025-07-01 21:31:46,42.3995246887207,-8.92105197906494,"Unknown"
"9004157",371992,2025-07-01 21:36:47,42.3995819091797,-8.92151641845703,"Unknown"
"9004157",371992,2025-07-01 21:41:48,42.3997421264648,-8.92126560211182,"Unknown"
"9004157",371992,2025-07-01 21:47:14,42.3995742797852,-8.92129135131836,"Unknown"
"9004157",371992,2025-07-01 21:51:48,42.399471282959,-8.92113590240479,"Unknown"
"9004157",371992,2025-07-01 21:57:14,42.3995513916016,-8.92154312133789,"Unknown"
"9004157",371992,2025-07-01 22:01:49,42.3996620178223,-8.92180061340332,"Unknown"
"9004157",371992,2025-07-01 22:07:29,42.3994941711426,-8.92147636413574,"Unknown"
"9004157",371992,2025-07-01 22:11:45,42.3994750976562,-8.92138576507568,"Unknown"
"9004157",371992,2025-07-01 22:16:45,42.3995018005371,-8.92136764526367,"Unknown"
"9004157",371992,2025-07-01 22:21:46,42.3995094299316,-8.9214334487915,"Unknown"
"9004157",371992,2025-07-01 22:26:45,42.3995170593262,-8.92154693603516,"Unknown"
"9004157",371992,2025-07-01 22:32:05,42.3995552062988,-8.92117500305176,"Unknown"
"9004157",371992,2025-07-01 22:36:45,42.3995742797852,-8.9211254119873,"Unknown"
"9004157",371992,2025-07-01 22:41:45,42.399543762207,-8.92118358612061,"Unknown"
"9004157",371992,2025-07-01 22:46:45,42.3995475769043,-8.92115879058838,"Unknown"
"9004157",371992,2025-07-01 22:51:45,42.3995971679688,-8.92112731933594,"Unknown"
"9004157",371992,2025-07-01 22:56:48,42.3995628356934,-8.92121505737305,"Unknown"
"9004157",371992,2025-07-01 23:01:54,42.3996658325195,-8.92133522033691,"Unknown"
"9004157",371992,2025-07-01 23:06:50,42.399528503418,-8.92122077941895,"Unknown"
"9004157",371992,2025-07-01 23:11:50,42.3995971679688,-8.92122077941895,"Unknown"
"9004157",371992,2025-07-01 23:16:56,42.3997840881348,-8.92117214202881,"Unknown"
"9004157",371992,2025-07-01 23:22:14,42.3996276855469,-8.92124557495117,"Unknown"
"9004157",371992,2025-07-01 23:26:50,42.3996696472168,-8.92131233215332,"Unknown"
"9004157",371992,2025-07-01 23:32:23,42.3996315002441,-8.92118167877197,"Unknown"
"9004157",371992,2025-07-01 23:36:55,42.3996276855469,-8.92123508453369,"Unknown"
"9004157",371992,2025-07-01 23:43:09,42.3997192382812,-8.92121410369873,"Unknown"
"9004157",371992,2025-07-01 23:47:32,42.3998565673828,-8.92119598388672,"Unknown"
"9004157",371992,2025-07-01 23:52:01,42.3996658325195,-8.92119598388672,"Unknown"
"9004157",371992,2025-07-01 23:57:19,42.399772644043,-8.92093944549561,"Unknown"
"9004157",371992,2025-07-02 00:02:11,42.3997192382812,-8.92095565795898,"Unknown"
"9004157",371992,2025-07-02 00:06:55,42.3988037109375,-8.91953372955322,"Unknown"
"9004157",371992,2025-07-02 00:11:55,42.3999786376953,-8.92194843292236,"Unknown"
"9004157",371992,2025-07-02 00:16:55,42.3996543884277,-8.92079544067383,"Unknown"
"9004157",371992,2025-07-02 00:22:29,42.3997344970703,-8.92111015319824,"Unknown"
"9004157",371992,2025-07-02 00:27:22,42.3996772766113,-8.92111492156982,"Unknown"
"9004157",371992,2025-07-02 00:31:48,42.3996238708496,-8.92097187042236,"Unknown"
"9004157",371992,2025-07-02 00:36:56,42.3997764587402,-8.92074680328369,"Unknown"
"9004157",371992,2025-07-02 00:41:49,42.399730682373,-8.92076778411865,"Unknown"
"9004157",371992,2025-07-02 00:46:48,42.3996772766113,-8.92113304138184,"Unknown"
"9004157",371992,2025-07-02 00:51:52,42.3996849060059,-8.92095947265625,"Unknown"
"9004157",371992,2025-07-02 00:56:50,42.399658203125,-8.92108631134033,"Unknown"
"9004157",371992,2025-07-02 01:01:47,42.3995513916016,-8.92116737365723,"Unknown"
"9004157",371992,2025-07-02 01:06:45,42.3995018005371,-8.92106628417969,"Unknown"
"9004157",371992,2025-07-02 01:11:47,42.3996543884277,-8.92108345031738,"Unknown"
"9004157",371992,2025-07-02 01:16:46,42.3995971679688,-8.92112731933594,"Unknown"
"9004157",371992,2025-07-02 01:21:48,42.399585723877,-8.92101669311523,"Unknown"
"9004157",371992,2025-07-02 01:26:50,42.399543762207,-8.921142578125,"Unknown"
"9004157",371992,2025-07-02 01:31:59,42.399543762207,-8.92118358612061,"Unknown"
"9004157",371992,2025-07-02 01:36:54,42.3995246887207,-8.92103004455566,"Unknown"
"9004157",371992,2025-07-02 01:42:23,42.399585723877,-8.92116165161133,"Unknown"
"9004157",371992,2025-07-02 01:46:47,42.3996429443359,-8.9211483001709,"Unknown"
"9004157",371992,2025-07-02 01:51:54,42.3994178771973,-8.92104434967041,"Unknown"
"9004157",371992,2025-07-02 01:57:03,42.3996810913086,-8.92116832733154,"Unknown"
"9004157",371992,2025-07-02 02:01:48,42.3995018005371,-8.92109966278076,"Unknown"
"9004157",371992,2025-07-02 02:06:45,42.3995742797852,-8.921142578125,"Unknown"
"9004157",371992,2025-07-02 02:11:47,42.3995246887207,-8.92121887207031,"Unknown"
"9004157",371992,2025-07-02 02:16:50,42.3993644714355,-8.92142391204834,"Unknown"
"9004157",371992,2025-07-02 02:22:14,42.3999137878418,-8.92105579376221,"Unknown"
"9004157",371992,2025-07-02 02:26:47,42.3996391296387,-8.92073059082031,"Unknown"
"9004157",371992,2025-07-02 02:31:46,42.3995742797852,-8.92118358612061,"Unknown"
"9004157",371992,2025-07-02 02:36:49,42.3994560241699,-8.92145729064941,"Unknown"
"9004157",371992,2025-07-02 02:41:55,42.3994178771973,-8.92139053344727,"Unknown"
"9004157",371992,2025-07-02 02:47:10,42.3994598388672,-8.92125225067139,"Unknown"
"9004157",371992,2025-07-02 02:51:49,42.3995819091797,-8.92130661010742,"Unknown"
"9004157",371992,2025-07-02 02:56:50,42.3995513916016,-8.92128467559814,"Unknown"
"9004157",371992,2025-07-02 03:01:52,42.3994979858398,-8.92130470275879,"Unknown"
"9004157",371992,2025-07-02 03:07:07,42.3994903564453,-8.92137432098389,"Unknown"
"9004157",371992,2025-07-02 03:12:04,42.3994827270508,-8.92133331298828,"Unknown"
"9004157",371992,2025-07-02 03:16:48,42.3994407653809,-8.92135906219482,"Unknown"
"9004157",371992,2025-07-02 03:22:27,42.3994331359863,-8.92132568359375,"Unknown"
"9004157",371992,2025-07-02 03:26:54,42.3994102478027,-8.92131614685059,"Unknown"
"9004157",371992,2025-07-02 03:31:47,42.3995933532715,-8.92145347595215,"Unknown"
"9004157",371992,2025-07-02 03:36:51,42.3996696472168,-8.92125034332275,"Unknown"
"9004157",371992,2025-07-02 03:41:49,42.3996353149414,-8.92118835449219,"Unknown"
"9004157",371992,2025-07-02 03:46:49,42.3997230529785,-8.92117977142334,"Unknown"
"9004157",371992,2025-07-02 03:51:47,42.3996696472168,-8.92113876342773,"Unknown"
"9004157",371992,2025-07-02 03:56:49,42.3997001647949,-8.92123413085938,"Unknown"
"9004157",371992,2025-07-02 04:01:47,42.3995666503906,-8.9212760925293,"Unknown"
"9004157",371992,2025-07-02 04:07:08,42.3995819091797,-8.92115211486816,"Unknown"
"9004157",371992,2025-07-02 04:11:47,42.3996772766113,-8.92127227783203,"Unknown"
"9004157",371992,2025-07-02 04:16:50,42.3996543884277,-8.92126846313477,"Unknown"
"9004157",371992,2025-07-02 04:22:09,42.3995895385742,-8.92129421234131,"Unknown"
"9004157",371992,2025-07-02 04:27:17,42.3996391296387,-8.92118263244629,"Unknown"
"9004157",371992,2025-07-02 04:31:47,42.3996391296387,-8.9213399887085,"Unknown"
"9004157",371992,2025-07-02 04:36:47,42.3996696472168,-8.9213171005249,"Unknown"
"9004157",371992,2025-07-02 04:41:47,42.3995933532715,-8.92124938964844,"Unknown"
"9004157",371992,2025-07-02 04:46:51,42.399658203125,-8.9213695526123,"Unknown"
"9004157",371992,2025-07-02 04:52:08,42.3996353149414,-8.92135906219482,"Unknown"
"9004157",371992,2025-07-02 04:56:59,42.3996162414551,-8.92136764526367,"Unknown"
"9004157",371992,2025-07-02 05:01:59,42.399585723877,-8.92118358612061,"Unknown"
"9004157",371992,2025-07-02 05:08:09,42.3996391296387,-8.92099475860596,"Unknown"
"9004157",371992,2025-07-02 05:13:05,42.3996086120605,-8.92115783691406,"Unknown"
"9004157",371992,2025-07-02 05:16:47,42.3994178771973,-8.92100620269775,"Unknown"
"9004157",371992,2025-07-02 05:21:47,42.3998641967773,-8.92059803009033,"Unknown"
"9004157",371992,2025-07-02 05:26:47,42.3999328613281,-8.92071151733398,"Unknown"
"9004157",371992,2025-07-02 05:31:47,42.39990234375,-8.92067527770996,"Unknown"
"9004157",371992,2025-07-02 05:36:46,42.3998641967773,-8.92094135284424,"Unknown"
"9004157",371992,2025-07-02 05:41:47,42.3976745605469,-8.9197416305542,"Unknown"
"9004157",371992,2025-07-02 05:46:48,42.3977966308594,-8.91956233978271,"Unknown"
"9004157",371992,2025-07-02 05:51:52,42.3979530334473,-8.91997337341309,"Unknown"
"9004157",371992,2025-07-02 05:56:46,42.3975219726562,-8.91920757293701,"Unknown"
"9004157",371992,2025-07-02 06:01:46,42.3977165222168,-8.91998386383057,"Unknown"
"9004157",371992,2025-07-02 06:06:55,42.3979911804199,-8.92009353637695,"Unknown"
"9004157",371992,2025-07-02 06:11:46,42.3978118896484,-8.91975498199463,"Unknown"
"9004157",371992,2025-07-02 06:16:46,42.3975715637207,-8.9190616607666,"Unknown"
"9004157",371992,2025-07-02 06:21:46,42.397518157959,-8.91904163360596,"Unknown"
"9004157",371992,2025-07-02 06:26:50,42.3980712890625,-8.92043876647949,"Unknown"
"9004157",371992,2025-07-02 06:31:48,42.3976364135742,-8.91931819915771,"Unknown"
"9004157",371992,2025-07-02 06:37:06,42.3979034423828,-8.9201021194458,"Unknown"
"9004157",371992,2025-07-02 06:41:45,42.3977890014648,-8.92000770568848,"Unknown"
"9004157",371992,2025-07-02 06:46:45,42.397777557373,-8.91995334625244,"Unknown"
"9004157",371992,2025-07-02 06:52:14,42.3977584838867,-8.92014408111572,"Unknown"
"9004157",371992,2025-07-02 06:56:46,42.3977470397949,-8.92011165618896,"Unknown"
"9004157",371992,2025-07-02 07:01:46,42.413387298584,-8.9157657623291,"Unknown"
"9004157",371992,2025-07-02 07:06:46,42.4395484924316,-8.91795063018799,"Unknown"
"9004157",371992,2025-07-02 07:11:53,42.4609565734863,-8.9426736831665,"Unknown"
"9004157",371992,2025-07-02 07:16:46,42.4764099121094,-8.94072151184082,"Unknown"
"9004157",371992,2025-07-02 07:21:46,42.4904747009277,-8.91932582855225,"Unknown"
"9004157",371992,2025-07-02 07:26:46,42.4905128479004,-8.91930103302002,"Unknown"
"9004157",371992,2025-07-02 07:31:53,42.4956817626953,-8.90514183044434,"Unknown"
"9004157",371992,2025-07-02 07:36:48,42.5025291442871,-8.88656234741211,"Unknown"
"9004157",371992,2025-07-02 07:41:48,42.5076942443848,-8.87488555908203,"Unknown"
"9004157",371992,2025-07-02 07:47:40,42.5061683654785,-8.87388801574707,"Unknown"
"9004157",371992,2025-07-02 07:52:47,42.507022857666,-8.87272548675537,"Unknown"
"9004157",371992,2025-07-02 07:58:14,42.5084342956543,-8.87255191802979,"Unknown"
"9004157",371992,2025-07-02 08:03:19,42.5098838806152,-8.87246131896973,"Unknown"
"9004157",371992,2025-07-02 08:09:07,42.5109329223633,-8.8751802444458,"Unknown"
"9004157",371992,2025-07-02 08:14:47,42.5113182067871,-8.87783336639404,"Unknown"
"9004157",371992,2025-07-02 08:19:48,42.510814666748,-8.87827110290527,"Unknown"
"9004157",371992,2025-07-02 08:24:48,42.5171432495117,-8.86819267272949,"Unknown"
"9004157",371992,2025-07-02 08:29:47,42.5171890258789,-8.86814880371094,"Unknown"
"9004157",371992,2025-07-02 08:34:47,42.5171737670898,-8.86815738677979,"Unknown"
"9004157",371992,2025-07-02 08:39:47,42.517276763916,-8.86828708648682,"Unknown"
"9004157",371992,2025-07-02 08:44:47,42.517276763916,-8.86829662322998,"Unknown"
"9004157",371992,2025-07-02 08:49:47,42.5171775817871,-8.86828899383545,"Unknown"
"9004157",371992,2025-07-02 08:54:48,42.5172500610352,-8.86830711364746,"Unknown"
"9004157",371992,2025-07-02 08:59:47,42.5173492431641,-8.86830234527588,"Unknown"
"9004157",371992,2025-07-02 09:04:48,42.5168952941895,-8.86858558654785,"Unknown"
"9004157",371992,2025-07-02 09:09:47,42.5172653198242,-8.8682975769043,"Unknown"
"9004157",371992,2025-07-02 09:14:46,42.5171852111816,-8.86825942993164,"Unknown"
"9004157",371992,2025-07-02 09:19:46,42.5172271728516,-8.86826705932617,"Unknown"
"9004157",371992,2025-07-02 09:24:48,42.5170402526855,-8.86816501617432,"Unknown"
"9004157",371992,2025-07-02 09:29:48,42.5169906616211,-8.86825942993164,"Unknown"
"9004157",371992,2025-07-02 09:34:46,42.517261505127,-8.86860656738281,"Unknown"
"9004157",371992,2025-07-02 09:39:47,42.5172958374023,-8.86813640594482,"Unknown"
"9004157",371992,2025-07-02 09:44:46,42.5173225402832,-8.86817932128906,"Unknown"
"9004157",371992,2025-07-02 09:49:46,42.5172920227051,-8.86814117431641,"Unknown"
"9004157",371992,2025-07-02 09:54:46,42.517261505127,-8.86809253692627,"Unknown"
"9004157",371992,2025-07-02 09:59:46,42.5172500610352,-8.86797428131104,"Unknown"
"9004157",371992,2025-07-02 10:04:46,42.5174179077148,-8.8680944442749,"Unknown"
"9004157",371992,2025-07-02 10:09:47,42.5173225402832,-8.86800670623779,"Unknown"
"9004157",371992,2025-07-02 10:14:48,42.5173683166504,-8.86790752410889,"Unknown"
"9004157",371992,2025-07-02 10:19:47,42.5175743103027,-8.86781311035156,"Unknown"
"9004157",371992,2025-07-02 10:24:48,42.5177421569824,-8.86775970458984,"Unknown"
"9004157",371992,2025-07-02 10:30:46,42.5126113891602,-8.87226104736328,"Unknown"
"9004157",371992,2025-07-02 10:36:29,42.5116844177246,-8.8750114440918,"Unknown"
"9004157",371992,2025-07-02 10:42:18,42.5116004943848,-8.87549686431885,"Unknown"
"9004157",371992,2025-07-02 10:48:19,42.5110359191895,-8.87571239471436,"Unknown"
"9004157",371992,2025-07-02 10:54:00,42.5116500854492,-8.87793731689453,"Unknown"
"9004157",371992,2025-07-02 10:59:03,42.5115242004395,-8.87763786315918,"Unknown"
"9004157",371992,2025-07-02 11:05:52,42.511302947998,-8.87581634521484,"Unknown"
"9004157",371992,2025-07-02 11:11:40,42.5114402770996,-8.87517642974854,"Unknown"
"9004157",371992,2025-07-02 11:17:16,42.5113105773926,-8.87435150146484,"Unknown"
"9004157",371992,2025-07-02 11:23:02,42.5119285583496,-8.87356662750244,"Unknown"
"9004157",371992,2025-07-02 11:28:01,42.5113677978516,-8.87252426147461,"Unknown"
"9004157",371992,2025-07-02 11:33:33,42.5112228393555,-8.87542057037354,"Unknown"
"9004157",371992,2025-07-02 11:39:22,42.5114784240723,-8.87618160247803,"Unknown"
"9004157",371992,2025-07-02 11:44:55,42.5112915039062,-8.87709045410156,"Unknown"
"9004157",371992,2025-07-02 11:50:43,42.510684967041,-8.87671947479248,"Unknown"
"9004157",371992,2025-07-02 11:55:45,42.5109100341797,-8.87557125091553,"Unknown"
"9004157",371992,2025-07-02 12:00:51,42.5115127563477,-8.8766393661499,"Unknown"
"9004157",371992,2025-07-02 12:06:20,42.5109443664551,-8.87893772125244,"Unknown"
"9004157",371992,2025-07-02 12:11:51,42.5089721679688,-8.88033962249756,"Unknown"
"9004157",371992,2025-07-02 12:16:49,42.5044746398926,-8.88274669647217,"Unknown"
"9004157",371992,2025-07-02 12:21:49,42.5044555664062,-8.8827543258667,"Unknown"
"9004157",371992,2025-07-02 12:26:49,42.5044593811035,-8.88275814056396,"Unknown"
"9004157",371992,2025-07-02 12:31:50,42.5044555664062,-8.88274574279785,"Unknown"
"9004157",371992,2025-07-02 12:36:49,42.5044898986816,-8.88269996643066,"Unknown"
"9004157",371992,2025-07-02 12:41:49,42.5044746398926,-8.88273525238037,"Unknown"
"9004157",371992,2025-07-02 12:46:49,42.5044708251953,-8.88274574279785,"Unknown"
"9004157",371992,2025-07-02 12:51:49,42.5044364929199,-8.88273620605469,"Unknown"
"9004157",371992,2025-07-02 12:56:49,42.50439453125,-8.88279914855957,"Unknown"
"9004157",371992,2025-07-02 13:01:49,42.50439453125,-8.88281059265137,"Unknown"
"9004157",371992,2025-07-02 13:06:49,42.5044136047363,-8.88278102874756,"Unknown"
"9004157",371992,2025-07-02 13:11:49,42.5043907165527,-8.88278388977051,"Unknown"
"9004157",371992,2025-07-02 13:16:49,42.50439453125,-8.88281154632568,"Unknown"
"9004157",371992,2025-07-02 13:21:49,42.5044136047363,-8.88284111022949,"Unknown"
"9004157",371992,2025-07-02 13:26:49,42.5043106079102,-8.88281917572021,"Unknown"
"9004157",371992,2025-07-02 13:31:49,42.5043830871582,-8.88283157348633,"Unknown"
"9004157",371992,2025-07-02 13:36:49,42.5043487548828,-8.88291645050049,"Unknown"
"9004157",371992,2025-07-02 13:41:49,42.5043334960938,-8.88288974761963,"Unknown"
"9004157",371992,2025-07-02 13:46:49,42.5044059753418,-8.88272953033447,"Unknown"
"9004157",371992,2025-07-02 13:51:50,42.5044097900391,-8.88121032714844,"Unknown"
"9004157",371992,2025-07-02 13:56:49,42.5044975280762,-8.88115406036377,"Unknown"
"9004157",371992,2025-07-02 14:01:49,42.5047416687012,-8.88132286071777,"Unknown"
"9004157",371992,2025-07-02 14:06:50,42.5045623779297,-8.88123512268066,"Unknown"
"9004157",371992,2025-07-02 14:11:49,42.5045166015625,-8.88110542297363,"Unknown"
"9004157",371992,2025-07-02 14:16:50,42.5046539306641,-8.8811731338501,"Unknown"
"9004157",371992,2025-07-02 14:21:50,42.5044937133789,-8.88097286224365,"Unknown"
"9004157",371992,2025-07-02 14:26:50,42.5045356750488,-8.88105010986328,"Unknown"
"9004157",371992,2025-07-02 14:31:49,42.504451751709,-8.88098526000977,"Unknown"
"9004157",371992,2025-07-02 14:36:49,42.5044784545898,-8.88077163696289,"Unknown"
"9004157",371992,2025-07-02 14:41:50,42.5043640136719,-8.8808012008667,"Unknown"
"9004157",371992,2025-07-02 14:47:25,42.5065650939941,-8.87362384796143,"Unknown"
"9004157",371992,2025-07-02 14:52:25,42.5075836181641,-8.8734712600708,"Unknown"
"9004157",371992,2025-07-02 14:57:31,42.5094261169434,-8.87312030792236,"Unknown"
"9004157",371992,2025-07-02 15:02:42,42.5101852416992,-8.87153053283691,"Unknown"
"9004157",371992,2025-07-02 15:07:45,42.5106391906738,-8.87187767028809,"Unknown"
"9004157",371992,2025-07-02 15:13:29,42.5113983154297,-8.87353801727295,"Unknown"
"9004157",371992,2025-07-02 15:19:12,42.5114936828613,-8.87346076965332,"Unknown"
"9004157",371992,2025-07-02 15:24:18,42.5110168457031,-8.87110424041748,"Unknown"
"9004157",371992,2025-07-02 15:29:52,42.5111083984375,-8.87120056152344,"Unknown"
"9004157",371992,2025-07-02 15:34:56,42.5108757019043,-8.87171268463135,"Unknown"
"9004157",371992,2025-07-02 15:40:14,42.510799407959,-8.87284851074219,"Unknown"
"9004157",371992,2025-07-02 15:45:53,42.5100212097168,-8.87087249755859,"Unknown"
"9004157",371992,2025-07-02 15:51:01,42.5083045959473,-8.8713321685791,"Unknown"
"9004157",371992,2025-07-02 15:55:59,42.5077323913574,-8.87355613708496,"Unknown"
"9004157",371992,2025-07-02 16:01:00,42.5079460144043,-8.87443923950195,"Unknown"
"9004157",371992,2025-07-02 16:06:00,42.508129119873,-8.87603855133057,"Unknown"
"9004157",371992,2025-07-02 16:11:00,42.5044021606445,-8.88067054748535,"Unknown"
"9004157",371992,2025-07-02 16:15:59,42.5043754577637,-8.88070297241211,"Unknown"
"9004157",371992,2025-07-02 16:20:59,42.5043182373047,-8.88073062896729,"Unknown"
"9004157",371992,2025-07-02 16:25:59,42.5042457580566,-8.88065242767334,"Unknown"
"9004157",371992,2025-07-02 16:30:59,42.5042381286621,-8.88061428070068,"Unknown"
"9004157",371992,2025-07-02 16:35:59,42.5041999816895,-8.88048458099365,"Unknown"
"9004157",371992,2025-07-02 16:40:59,42.5043983459473,-8.88030910491943,"Unknown"
"9004157",371992,2025-07-02 16:45:59,42.5042915344238,-8.88033676147461,"Unknown"
"9004157",371992,2025-07-02 16:50:59,42.5042037963867,-8.88033866882324,"Unknown"
"9004157",371992,2025-07-02 16:55:59,42.5041999816895,-8.88028812408447,"Unknown"
"9004157",371992,2025-07-02 17:00:59,42.5042533874512,-8.88027191162109,"Unknown"
"9004157",371992,2025-07-02 17:05:59,42.5041542053223,-8.88041305541992,"Unknown"
"9004157",371992,2025-07-02 17:11:00,42.5041351318359,-8.8803243637085,"Unknown"
"9004157",371992,2025-07-02 17:15:59,42.5041770935059,-8.88038444519043,"Unknown"
"9004157",371992,2025-07-02 17:20:59,42.504093170166,-8.88047695159912,"Unknown"
"9004157",371992,2025-07-02 17:25:59,42.5041275024414,-8.88043403625488,"Unknown"
"9004157",371992,2025-07-02 17:30:59,42.5040817260742,-8.88045692443848,"Unknown"
"9004157",371992,2025-07-02 17:35:59,42.5041275024414,-8.88063907623291,"Unknown"
"9004157",371992,2025-07-02 17:40:59,42.5041961669922,-8.88060665130615,"Unknown"
"9004157",371992,2025-07-02 17:45:59,42.504150390625,-8.88065052032471,"Unknown"
"9004157",371992,2025-07-02 17:51:00,42.5045852661133,-8.88100337982178,"Unknown"
"9004157",371992,2025-07-02 17:56:00,42.5045471191406,-8.88100719451904,"Unknown"
"9004157",371992,2025-07-02 18:01:00,42.5043678283691,-8.88114833831787,"Unknown"
"9004157",371992,2025-07-02 18:06:00,42.5047378540039,-8.88118553161621,"Unknown"
"9004157",371992,2025-07-02 18:11:00,42.5043449401855,-8.88121604919434,"Unknown"
"9004157",371992,2025-07-02 18:15:59,42.5043601989746,-8.8814868927002,"Unknown"
"9004157",371992,2025-07-02 18:21:00,42.5044021606445,-8.88138866424561,"Unknown"
"9004157",371992,2025-07-02 18:25:59,42.50439453125,-8.88142585754395,"Unknown"
"9004157",371992,2025-07-02 18:31:00,42.5043029785156,-8.88147640228271,"Unknown"
"9004157",371992,2025-07-02 18:36:00,42.5045967102051,-8.88118267059326,"Unknown"
"9004157",371992,2025-07-02 18:41:00,42.5044784545898,-8.88103866577148,"Unknown"
"9004157",371992,2025-07-02 18:45:59,42.5043792724609,-8.881422996521,"Unknown"
"9004157",371992,2025-07-02 18:51:00,42.5044212341309,-8.8814001083374,"Unknown"
"9004157",371992,2025-07-02 18:55:59,42.5044364929199,-8.88136100769043,"Unknown"
"9004157",371992,2025-07-02 19:00:59,42.5045356750488,-8.88132286071777,"Unknown"
"9004157",371992,2025-07-02 19:05:59,42.5045127868652,-8.88141822814941,"Unknown"
"9004157",371992,2025-07-02 19:10:59,42.4845657348633,-8.93071365356445,"Unknown"
"9004157",371992,2025-07-02 19:16:00,42.4230613708496,-8.94015693664551,"Unknown"
"9004157",371992,2025-07-02 19:20:59,42.3988647460938,-8.92092895507812,"Unknown"
"9004157",371992,2025-07-02 19:25:59,42.3989486694336,-8.92105102539062,"Unknown"
"9004157",371992,2025-07-02 19:30:59,42.3989219665527,-8.92105960845947,"Unknown"
"9004157",371992,2025-07-02 19:35:59,42.3988990783691,-8.92103385925293,"Unknown"
"9004157",371992,2025-07-02 19:41:00,42.3988990783691,-8.92107391357422,"Unknown"
"9004157",371992,2025-07-02 19:45:59,42.3987808227539,-8.92083930969238,"Unknown"
"9004157",371992,2025-07-02 19:50:59,42.3988609313965,-8.92098236083984,"Unknown"
"9004157",371992,2025-07-02 19:56:00,42.3986892700195,-8.92095470428467,"Unknown"
"9004157",371992,2025-07-02 20:01:00,42.3987808227539,-8.92113590240479,"Unknown"
"9004157",371992,2025-07-02 20:06:00,42.3987846374512,-8.92098236083984,"Unknown"
"9004157",371992,2025-07-02 20:11:00,42.3987693786621,-8.92098522186279,"Unknown"
"9004157",371992,2025-07-02 20:16:00,42.3987655639648,-8.92087173461914,"Unknown"
"9004157",371992,2025-07-02 20:21:00,42.3989028930664,-8.92105293273926,"Unknown"
"9004157",371992,2025-07-02 20:26:00,42.3987159729004,-8.92087745666504,"Unknown"
"9004157",371992,2025-07-02 20:31:00,42.3989295959473,-8.92100143432617,"Unknown"
"9004157",371992,2025-07-02 20:35:59,42.3988723754883,-8.92097949981689,"Unknown"
"9004157",371992,2025-07-02 20:41:01,42.3989639282227,-8.92117786407471,"Unknown"
"9004157",371992,2025-07-02 20:46:00,42.3989944458008,-8.92122077941895,"Unknown"
"9004157",371992,2025-07-02 20:51:00,42.3989067077637,-8.92122840881348,"Unknown"
"9004157",371992,2025-07-02 20:55:59,42.3989944458008,-8.92127323150635,"Unknown"
"9004157",371992,2025-07-02 21:00:59,42.3986778259277,-8.92056274414062,"Unknown"
"9004157",371992,2025-07-02 21:05:59,42.3988571166992,-8.92114734649658,"Unknown"
"9004157",371992,2025-07-02 21:10:59,42.3985252380371,-8.92069625854492,"Unknown"
"9004157",371992,2025-07-02 21:15:59,42.3987083435059,-8.92072296142578,"Unknown"
"9004157",371992,2025-07-02 21:20:59,42.3985214233398,-8.92011260986328,"Unknown"
"9004157",371992,2025-07-02 21:26:00,42.398494720459,-8.92051887512207,"Unknown"
"9004157",371992,2025-07-02 21:30:59,42.3986396789551,-8.92080307006836,"Unknown"
"9004157",371992,2025-07-02 21:36:00,42.3979759216309,-8.92049884796143,"Unknown"
"9004157",371992,2025-07-02 21:40:59,42.3984832763672,-8.92053318023682,"Unknown"
"9004157",371992,2025-07-02 21:45:59,42.3986206054688,-8.92048168182373,"Unknown"
"9004157",371992,2025-07-02 21:50:59,42.3984870910645,-8.92048454284668,"Unknown"
"9004157",371992,2025-07-02 21:55:59,42.3986968994141,-8.92044925689697,"Unknown"
"9004157",371992,2025-07-02 22:00:59,42.398624420166,-8.92046356201172,"Unknown"
"9004157",371992,2025-07-02 22:05:59,42.3986930847168,-8.92050266265869,"Unknown"
"9004157",371992,2025-07-02 22:10:59,42.3987503051758,-8.92056941986084,"Unknown"
"9004157",371992,2025-07-02 22:16:00,42.3988380432129,-8.92059230804443,"Unknown"
"9004157",371992,2025-07-02 22:20:59,42.3989601135254,-8.92085742950439,"Unknown"
"9004157",371992,2025-07-02 22:26:00,42.3987998962402,-8.92069053649902,"Unknown"
"9004157",371992,2025-07-02 22:30:59,42.3986015319824,-8.92068195343018,"Unknown"
"9004157",371992,2025-07-02 22:36:01,42.3986358642578,-8.92055702209473,"Unknown"
"9004157",371992,2025-07-02 22:41:00,42.3990364074707,-8.92122364044189,"Unknown"
"9004157",371992,2025-07-02 22:46:00,42.3990211486816,-8.92116641998291,"Unknown"
"9004157",371992,2025-07-02 22:51:00,42.399040222168,-8.921217918396,"Unknown"
"9004157",371992,2025-07-02 22:56:00,42.3990135192871,-8.92116069793701,"Unknown"
"9004157",371992,2025-07-02 23:01:01,42.3988647460938,-8.9212474822998,"Unknown"
"9004157",371992,2025-07-02 23:06:00,42.3992652893066,-8.92183113098145,"Unknown"
"9004157",371992,2025-07-02 23:11:00,42.3991394042969,-8.92160797119141,"Unknown"
"9004157",371992,2025-07-02 23:16:00,42.3984718322754,-8.92048263549805,"Unknown"
"9004157",371992,2025-07-02 23:21:00,42.3985824584961,-8.92056751251221,"Unknown"
"9004157",371992,2025-07-02 23:26:01,42.3990440368652,-8.92146301269531,"Unknown"
"9004157",371992,2025-07-02 23:31:01,42.3989906311035,-8.92144775390625,"Unknown"
"9004157",371992,2025-07-02 23:36:00,42.3992233276367,-8.92218780517578,"Unknown"
"9004157",371992,2025-07-02 23:41:00,42.3990478515625,-8.921630859375,"Unknown"
"9004157",371992,2025-07-02 23:46:01,42.3989334106445,-8.92131519317627,"Unknown"
"9004157",371992,2025-07-02 23:51:00,42.3988723754883,-8.92110919952393,"Unknown"
"9004157",371992,2025-07-02 23:56:00,42.3988990783691,-8.92129611968994,"Unknown"
"9004157",371992,2025-07-03 00:01:00,42.3989295959473,-8.92138671875,"Unknown"
"9004157",371992,2025-07-03 00:06:01,42.3989067077637,-8.92125034332275,"Unknown"
"9004157",371992,2025-07-03 00:11:00,42.3989067077637,-8.92129421234131,"Unknown"
"9004157",371992,2025-07-03 00:16:01,42.3988723754883,-8.92120933532715,"Unknown"
"9004157",371992,2025-07-03 00:20:59,42.3988876342773,-8.92125034332275,"Unknown"
"9004157",371992,2025-07-03 00:25:59,42.3989448547363,-8.92121601104736,"Unknown"
"9004157",371992,2025-07-03 00:31:04,42.399112701416,-8.92157173156738,"Unknown"
"9004157",371992,2025-07-03 00:36:09,42.3986015319824,-8.92158794403076,"Unknown"
"9004157",371992,2025-07-03 00:41:10,42.3988380432129,-8.92106056213379,"Unknown"
"9004157",371992,2025-07-03 00:46:20,42.3988037109375,-8.92107772827148,"Unknown"
"9004157",371992,2025-07-03 00:50:59,42.3988914489746,-8.9214563369751,"Unknown"
"9004157",371992,2025-07-03 00:56:07,42.3987693786621,-8.92096042633057,"Unknown"
"9004157",371992,2025-07-03 01:01:08,42.3988914489746,-8.92117214202881,"Unknown"
"9004157",371992,2025-07-03 01:05:59,42.398998260498,-8.92122173309326,"Unknown"
"9004157",371992,2025-07-03 01:10:59,42.3988952636719,-8.92102336883545,"Unknown"
"9004157",371992,2025-07-03 01:16:03,42.3987922668457,-8.92075824737549,"Unknown"
"9004157",371992,2025-07-03 01:21:06,42.3989677429199,-8.92116641998291,"Unknown"
"9004157",371992,2025-07-03 01:26:07,42.3987731933594,-8.92080688476562,"Unknown"
"9004157",371992,2025-07-03 01:31:05,42.3988761901855,-8.92126274108887,"Unknown"
"9004157",371992,2025-07-03 01:36:00,42.3989868164062,-8.92096328735352,"Unknown"
"9004157",371992,2025-07-03 01:41:03,42.3988876342773,-8.92062854766846,"Unknown"
"9004157",371992,2025-07-03 01:46:04,42.3988075256348,-8.92077732086182,"Unknown"
"9004157",371992,2025-07-03 01:51:01,42.3985176086426,-8.92123889923096,"Unknown"
"9004157",371992,2025-07-03 01:56:06,42.3989067077637,-8.92151165008545,"Unknown"
"9004157",371992,2025-07-03 02:01:03,42.3989868164062,-8.92175197601318,"Unknown"
"9004157",371992,2025-07-03 02:06:04,42.398811340332,-8.92153644561768,"Unknown"
"9004157",371992,2025-07-03 02:11:01,42.3991165161133,-8.92158222198486,"Unknown"
"9004157",371992,2025-07-03 02:16:07,42.3994178771973,-8.92203330993652,"Unknown"
"9004157",371992,2025-07-03 02:21:43,42.3999328613281,-8.92242431640625,"Unknown"
"9004157",371992,2025-07-03 02:26:06,42.399528503418,-8.92228412628174,"Unknown"
"9004157",371992,2025-07-03 02:30:59,42.398998260498,-8.92135429382324,"Unknown"
"9004157",371992,2025-07-03 02:36:12,42.3995399475098,-8.92048740386963,"Unknown"
"9004157",371992,2025-07-03 02:41:09,42.3991622924805,-8.92196083068848,"Unknown"
"9004157",371992,2025-07-03 02:46:00,42.3993377685547,-8.92046070098877,"Unknown"
"9004157",371992,2025-07-03 02:51:00,42.3995018005371,-8.9207878112793,"Unknown"
"9004157",371992,2025-07-03 02:56:13,42.3989486694336,-8.92162895202637,"Unknown"
"9004157",371992,2025-07-03 03:01:06,42.3993110656738,-8.92164421081543,"Unknown"
"9004157",371992,2025-07-03 03:05:59,42.3992462158203,-8.92090892791748,"Unknown"
"9004157",371992,2025-07-03 03:11:13,42.3990097045898,-8.92234039306641,"Unknown"
"9004157",371992,2025-07-03 03:16:17,42.3990364074707,-8.92202854156494,"Unknown"
"9004157",371992,2025-07-03 03:21:05,42.3981437683105,-8.92282104492188,"Unknown"
"9004157",371992,2025-07-03 03:26:22,42.3991470336914,-8.92195224761963,"Unknown"
"9004157",371992,2025-07-03 03:30:59,42.3987884521484,-8.92142391204834,"Unknown"
"9004157",371992,2025-07-03 03:36:00,42.3986358642578,-8.92170715332031,"Unknown"
"9004157",371992,2025-07-03 03:41:01,42.3988456726074,-8.92172527313232,"Unknown"
"9004157",371992,2025-07-03 03:45:59,42.3990020751953,-8.92166709899902,"Unknown"
"9004157",371992,2025-07-03 03:51:10,42.3989753723145,-8.92173767089844,"Unknown"
"9004157",371992,2025-07-03 03:55:59,42.3989295959473,-8.92150783538818,"Unknown"
"9004157",371992,2025-07-03 04:00:59,42.3987007141113,-8.92171955108643,"Unknown"
"9004157",371992,2025-07-03 04:06:00,42.3988456726074,-8.92183113098145,"Unknown"
"9004157",371992,2025-07-03 04:11:00,42.3988456726074,-8.92179584503174,"Unknown"
"9004157",371992,2025-07-03 04:15:59,42.3987197875977,-8.92138195037842,"Unknown"
"9004157",371992,2025-07-03 04:20:59,42.3985939025879,-8.92143249511719,"Unknown"
"9004157",371992,2025-07-03 04:25:59,42.3987808227539,-8.9213809967041,"Unknown"
"9004157",371992,2025-07-03 04:30:59,42.3985290527344,-8.92131805419922,"Unknown"
"9004157",371992,2025-07-03 04:35:59,42.3986396789551,-8.92126846313477,"Unknown"
"9004157",371992,2025-07-03 04:40:59,42.3986587524414,-8.92116928100586,"Unknown"
"9004157",371992,2025-07-03 04:45:59,42.3979568481445,-8.91995429992676,"Unknown"
"9004157",371992,2025-07-03 04:50:59,42.3978843688965,-8.92062377929688,"Unknown"
"9004157",371992,2025-07-03 04:55:59,42.3978385925293,-8.92047595977783,"Unknown"
"9004157",371992,2025-07-03 05:01:02,42.3979148864746,-8.92052268981934,"Unknown"
"9004157",371992,2025-07-03 05:06:01,42.3980102539062,-8.92062759399414,"Unknown"
"9004157",371992,2025-07-03 05:11:01,42.3979110717773,-8.92059803009033,"Unknown"
"9004157",371992,2025-07-03 05:16:01,42.3979263305664,-8.92057132720947,"Unknown"
"9004157",371992,2025-07-03 05:21:02,42.3979454040527,-8.92048072814941,"Unknown"
"9004157",371992,2025-07-03 05:26:02,42.3979187011719,-8.92041301727295,"Unknown"
"9004157",371992,2025-07-03 05:31:01,42.3978500366211,-8.92015933990479,"Unknown"
"9004157",371992,2025-07-03 05:35:59,42.3980560302734,-8.92039966583252,"Unknown"
"9004157",371992,2025-07-03 05:40:59,42.398120880127,-8.92050170898438,"Unknown"
"9004157",371992,2025-07-03 05:45:59,42.3981437683105,-8.9204797744751,"Unknown"
"9004157",371992,2025-07-03 05:50:59,42.3981971740723,-8.92046356201172,"Unknown"
"9004157",371992,2025-07-03 05:55:59,42.3981857299805,-8.92053413391113,"Unknown"
"9004157",371992,2025-07-03 06:01:14,42.3980255126953,-8.92051219940186,"Unknown"
"9004157",371992,2025-07-03 06:06:01,42.3981475830078,-8.92047023773193,"Unknown"
"9004157",371992,2025-07-03 06:11:13,42.3981704711914,-8.92046642303467,"Unknown"
"9004157",371992,2025-07-03 06:16:02,42.3980903625488,-8.92051887512207,"Unknown"
"9004157",371992,2025-07-03 06:21:06,42.3981246948242,-8.9203987121582,"Unknown"
"9004157",371992,2025-07-03 06:26:06,42.3980941772461,-8.9204797744751,"Unknown"
"9004157",371992,2025-07-03 06:31:06,42.3980903625488,-8.92044067382812,"Unknown"
"9004157",371992,2025-07-03 06:36:35,42.3979034423828,-8.92038154602051,"Unknown"
"9004157",371992,2025-07-03 06:40:59,42.3978080749512,-8.92040824890137,"Unknown"
"9004157",371992,2025-07-03 06:46:04,42.3977546691895,-8.92059135437012,"Unknown"
"9004157",371992,2025-07-03 06:51:03,42.3977508544922,-8.92053508758545,"Unknown"
"9004157",371992,2025-07-03 06:56:05,42.397819519043,-8.92043781280518,"Unknown"
"9004157",371992,2025-07-03 07:00:59,42.3978004455566,-8.92038822174072,"Unknown"
"9004157",371992,2025-07-03 07:05:59,42.3979034423828,-8.9203577041626,"Unknown"
"9004157",371992,2025-07-03 07:10:59,42.3978157043457,-8.92040348052979,"Unknown"
"9004157",371992,2025-07-03 07:15:59,42.3978424072266,-8.92039680480957,"Unknown"
"9004157",371992,2025-07-03 07:20:59,42.397819519043,-8.92037200927734,"Unknown"
"9004157",371992,2025-07-03 07:25:59,42.397762298584,-8.92033195495605,"Unknown"
"9004157",371992,2025-07-03 07:30:59,42.3978462219238,-8.92060852050781,"Unknown"
"9004157",371992,2025-07-03 07:36:02,42.3979911804199,-8.92084980010986,"Unknown"
"9004157",371992,2025-07-03 07:41:05,42.3978042602539,-8.92045402526855,"Unknown"
"9004157",371992,2025-07-03 07:45:59,42.3978881835938,-8.92056846618652,"Unknown"
"9004157",371992,2025-07-03 07:50:59,42.3979644775391,-8.92038726806641,"Unknown"
"9004157",371992,2025-07-03 07:55:59,42.3979301452637,-8.92036628723145,"Unknown"
"9004157",371992,2025-07-03 08:00:59,42.3979606628418,-8.92047119140625,"Unknown"
"9004157",371992,2025-07-03 08:05:59,42.3997459411621,-8.92029285430908,"Unknown"
"9004157",371992,2025-07-03 08:10:59,42.4016227722168,-8.92063426971436,"Unknown"
"9004157",371992,2025-07-03 08:16:00,42.4014701843262,-8.92123413085938,"Unknown"
"9004157",371992,2025-07-03 08:20:59,42.4033355712891,-8.91946411132812,"Unknown"
"9004157",371992,2025-07-03 08:26:00,42.4292984008789,-8.92239189147949,"Unknown"
"9004157",371992,2025-07-03 08:31:00,42.4362754821777,-8.92293930053711,"Unknown"
"9004157",371992,2025-07-03 08:36:00,42.4488906860352,-8.92564296722412,"Unknown"
"9004157",371992,2025-07-03 08:41:00,42.4514999389648,-8.9306697845459,"Unknown"
"9004157",371992,2025-07-03 08:46:00,42.4667663574219,-8.94278240203857,"Unknown"
"9004157",371992,2025-07-03 08:51:01,42.4844856262207,-8.93185997009277,"Unknown"
"9004157",371992,2025-07-03 08:55:59,42.4920310974121,-8.91354560852051,"Unknown"
"9004157",371992,2025-07-03 09:01:00,42.4964828491211,-8.90255546569824,"Unknown"
"9004157",371992,2025-07-03 09:05:59,42.5069046020508,-8.87355422973633,"Unknown"
"9004157",371992,2025-07-03 09:11:14,42.5074005126953,-8.8735179901123,"Unknown"
"9004157",371992,2025-07-03 09:17:34,42.5092735290527,-8.87224197387695,"Unknown"
"9004157",371992,2025-07-03 09:22:36,42.5107879638672,-8.87239170074463,"Unknown"
"9004157",371992,2025-07-03 09:27:37,42.5110549926758,-8.87577152252197,"Unknown"
"9004157",371992,2025-07-03 09:33:13,42.5115394592285,-8.87758827209473,"Unknown"
"9004157",371992,2025-07-03 09:38:44,42.512378692627,-8.87551212310791,"Unknown"
"9004157",371992,2025-07-03 09:43:55,42.5122756958008,-8.87469959259033,"Unknown"
"9004157",371992,2025-07-03 09:48:57,42.5119323730469,-8.87280082702637,"Unknown"
"9004157",371992,2025-07-03 09:54:39,42.5113487243652,-8.87069320678711,"Unknown"
"9004157",371992,2025-07-03 09:59:37,42.512035369873,-8.87113475799561,"Unknown"
"9004157",371992,2025-07-03 10:08:24,42.5103530883789,-8.87077522277832,"Unknown"
"9004157",371992,2025-07-03 10:15:23,42.5086250305176,-8.87246704101562,"Unknown"
"9004157",371992,2025-07-03 10:20:40,42.5071258544922,-8.87103748321533,"Unknown"
"9004157",371992,2025-07-03 10:26:09,42.5063095092773,-8.87257099151611,"Unknown"
"9004157",371992,2025-07-03 10:31:10,42.506706237793,-8.87569332122803,"Unknown"
"9004157",371992,2025-07-03 10:36:07,42.5068435668945,-8.87734889984131,"Unknown"
"9004157",371992,2025-07-03 10:41:23,42.5046043395996,-8.88115119934082,"Unknown"
"9004157",371992,2025-07-03 10:46:53,42.5044898986816,-8.88128662109375,"Unknown"
"9004157",371992,2025-07-03 10:51:14,42.5046920776367,-8.88139247894287,"Unknown"
"9004157",371992,2025-07-03 10:55:59,42.5048370361328,-8.88126468658447,"Unknown"
"9004157",371992,2025-07-03 11:01:01,42.5047073364258,-8.88142013549805,"Unknown"
"9004157",371992,2025-07-03 11:05:59,42.504753112793,-8.8814582824707,"Unknown"
"9004157",371992,2025-07-03 11:11:01,42.504753112793,-8.88131141662598,"Unknown"
"9004157",371992,2025-07-03 11:15:59,42.5046119689941,-8.88139629364014,"Unknown"
"9004157",371992,2025-07-03 11:21:03,42.504711151123,-8.88138866424561,"Unknown"
"9004157",371992,2025-07-03 11:26:01,42.5047569274902,-8.88135719299316,"Unknown"
"9004157",371992,2025-07-03 11:31:00,42.5049095153809,-8.88117980957031,"Unknown"
"9004157",371992,2025-07-03 11:36:01,42.5049285888672,-8.88126277923584,"Unknown"
"9004157",371992,2025-07-03 11:40:59,42.5048370361328,-8.88147830963135,"Unknown"
"9004157",371992,2025-07-03 11:46:11,42.5048370361328,-8.88130950927734,"Unknown"
"9004157",371992,2025-07-03 11:50:59,42.5047836303711,-8.88138198852539,"Unknown"
"9004157",371992,2025-07-03 11:56:00,42.5047645568848,-8.88130187988281,"Unknown"
"9004157",371992,2025-07-03 12:00:59,42.5047798156738,-8.88128280639648,"Unknown"
"9004157",371992,2025-07-03 12:06:00,42.5048217773438,-8.88124084472656,"Unknown"
"9004157",371992,2025-07-03 12:11:39,42.5096473693848,-8.87437152862549,"Unknown"
"9004157",371992,2025-07-03 12:16:53,42.5109710693359,-8.87509441375732,"Unknown"
"9004157",371992,2025-07-03 12:22:07,42.5117721557617,-8.87746334075928,"Unknown"
"9004157",371992,2025-07-03 12:27:16,42.5111961364746,-8.87588310241699,"Unknown"
"9004157",371992,2025-07-03 12:35:04,42.5105667114258,-8.87267589569092,"Unknown"
"9004157",371992,2025-07-03 12:40:42,42.5104103088379,-8.8712854385376,"Unknown"
"9004157",371992,2025-07-03 12:46:18,42.5081596374512,-8.87200546264648,"Unknown"
"9004157",371992,2025-07-03 12:52:27,42.5062446594238,-8.87315368652344,"Unknown"
"9004157",371992,2025-07-03 12:57:36,42.5056991577148,-8.87401866912842,"Unknown"
"9004157",371992,2025-07-03 13:02:47,42.5049133300781,-8.87972354888916,"Unknown"
"9004157",371992,2025-07-03 13:07:28,42.5048980712891,-8.87993621826172,"Unknown"
"9004157",371992,2025-07-03 13:12:44,42.5050430297852,-8.88011932373047,"Unknown"
"9004157",371992,2025-07-03 13:17:27,42.5053176879883,-8.88081645965576,"Unknown"
"9004157",371992,2025-07-03 13:22:27,42.5052642822266,-8.8810396194458,"Unknown"
"9004157",371992,2025-07-03 13:27:26,42.5046844482422,-8.88009929656982,"Unknown"
"9004157",371992,2025-07-03 13:32:29,42.5049209594727,-8.8806209564209,"Unknown"
"9004157",371992,2025-07-03 13:37:30,42.5048980712891,-8.88095378875732,"Unknown"
"9004157",371992,2025-07-03 13:42:30,42.5048179626465,-8.88049793243408,"Unknown"
"9004157",371992,2025-07-03 13:47:44,42.5047416687012,-8.88059425354004,"Unknown"
"9004157",371992,2025-07-03 13:52:31,42.5047264099121,-8.88077831268311,"Unknown"
"9004157",371992,2025-07-03 13:57:31,42.5046539306641,-8.88094425201416,"Unknown"
"9004157",371992,2025-07-03 14:02:59,42.5048904418945,-8.88031482696533,"Unknown"
"9004157",371992,2025-07-03 14:07:25,42.5048522949219,-8.88023281097412,"Unknown"
"9004157",371992,2025-07-03 14:12:24,42.5048904418945,-8.88021183013916,"Unknown"
"9004157",371992,2025-07-03 14:17:24,42.5049209594727,-8.88028526306152,"Unknown"
"9004157",371992,2025-07-03 14:22:25,42.5048789978027,-8.88018226623535,"Unknown"
"9004157",371992,2025-07-03 14:27:25,42.5049018859863,-8.88017559051514,"Unknown"
"9004157",371992,2025-07-03 14:32:25,42.5048637390137,-8.88008499145508,"Unknown"
"9004157",371992,2025-07-03 14:37:25,42.5049133300781,-8.8801851272583,"Unknown"
"9004157",371992,2025-07-03 14:42:25,42.5048904418945,-8.88023853302002,"Unknown"
"9004157",371992,2025-07-03 14:47:25,42.5048408508301,-8.88019466400146,"Unknown"
"9004157",371992,2025-07-03 14:52:44,42.5063285827637,-8.87383842468262,"Unknown"
"9004157",371992,2025-07-03 14:58:09,42.5064239501953,-8.87296772003174,"Unknown"
"9004157",371992,2025-07-03 15:03:12,42.506664276123,-8.87180423736572,"Unknown"
"9004157",371992,2025-07-03 15:09:23,42.5077209472656,-8.87084197998047,"Unknown"
"9004157",371992,2025-07-03 15:15:33,42.5087585449219,-8.87109088897705,"Unknown"
"9004157",371992,2025-07-03 15:20:41,42.5102577209473,-8.87122631072998,"Unknown"
"9004157",371992,2025-07-03 15:27:58,42.5112113952637,-8.87269115447998,"Unknown"
"9004157",371992,2025-07-03 15:34:12,42.5113067626953,-8.87120246887207,"Unknown"
"9004157",371992,2025-07-03 15:44:05,42.5111808776855,-8.87426090240479,"Unknown"
"9004157",371992,2025-07-03 15:56:16,42.5106887817383,-8.87719249725342,"Unknown"
"9004157",371992,2025-07-03 16:06:55,42.5106620788574,-8.87693500518799,"Unknown"
"9004157",371992,2025-07-03 16:12:06,42.509708404541,-8.87564659118652,"Unknown"
"9004157",371992,2025-07-03 16:17:12,42.5085525512695,-8.87411022186279,"Unknown"
"9004157",371992,2025-07-03 16:22:17,42.5074577331543,-8.87271118164062,"Unknown"
"9004157",371992,2025-07-03 16:28:09,42.5060272216797,-8.87272071838379,"Unknown"
"9004157",371992,2025-07-03 16:34:48,42.5039596557617,-8.87365818023682,"Unknown"
"9004157",371992,2025-07-03 16:39:45,42.5047950744629,-8.87501335144043,"Unknown"
"9004157",371992,2025-07-03 16:44:50,42.5042915344238,-8.88039207458496,"Unknown"
"9004157",371992,2025-07-03 16:49:58,42.5043067932129,-8.88035202026367,"Unknown"
"9004157",371992,2025-07-03 16:54:59,42.5042610168457,-8.88031959533691,"Unknown"
"9004157",371992,2025-07-03 17:00:05,42.5044937133789,-8.88076019287109,"Unknown"
"9004157",371992,2025-07-03 17:04:39,42.5044746398926,-8.8807897567749,"Unknown"
"9004157",371992,2025-07-03 17:09:39,42.5044708251953,-8.88084697723389,"Unknown"
"9004157",371992,2025-07-03 17:14:39,42.5044860839844,-8.88071155548096,"Unknown"
"9004157",371992,2025-07-03 17:19:39,42.5044860839844,-8.88070583343506,"Unknown"
"9004157",371992,2025-07-03 17:24:38,42.5045127868652,-8.88073539733887,"Unknown"
"9004157",371992,2025-07-03 17:29:39,42.504566192627,-8.88061332702637,"Unknown"
"9004157",371992,2025-07-03 17:34:38,42.5045738220215,-8.88069343566895,"Unknown"
"9004157",371992,2025-07-03 17:39:40,42.5045623779297,-8.88064002990723,"Unknown"
"9004157",371992,2025-07-03 17:44:40,42.5046310424805,-8.88079357147217,"Unknown"
"9004157",371992,2025-07-03 17:49:39,42.5046157836914,-8.8807430267334,"Unknown"
"9004157",371992,2025-07-03 17:54:38,42.5045776367188,-8.8807315826416,"Unknown"
"9004157",371992,2025-07-03 17:59:40,42.5046653747559,-8.88073825836182,"Unknown"
"9004157",371992,2025-07-03 18:04:40,42.5044288635254,-8.88074207305908,"Unknown"
"9004157",371992,2025-07-03 18:09:39,42.5043601989746,-8.88070678710938,"Unknown"
"9004157",371992,2025-07-03 18:14:41,42.504337310791,-8.88080787658691,"Unknown"
"9004157",371992,2025-07-03 18:19:40,42.5042686462402,-8.88065052032471,"Unknown"
"9004157",371992,2025-07-03 18:24:39,42.5044708251953,-8.88096809387207,"Unknown"
"9004157",371992,2025-07-03 18:29:40,42.5040168762207,-8.88025569915771,"Unknown"
"9004157",371992,2025-07-03 18:34:39,42.5041770935059,-8.88053512573242,"Unknown"
"9004157",371992,2025-07-03 18:39:40,42.5043182373047,-8.88068866729736,"Unknown"
"9004157",371992,2025-07-03 18:44:39,42.5043907165527,-8.8808765411377,"Unknown"
"9004157",371992,2025-07-03 18:49:39,42.5044212341309,-8.88086128234863,"Unknown"
"9004157",371992,2025-07-03 18:54:39,42.5042266845703,-8.88046550750732,"Unknown"
"9004157",371992,2025-07-03 18:59:39,42.4670333862305,-8.94429492950439,"Unknown"
"9004157",371992,2025-07-03 19:04:44,42.4479789733887,-8.9438362121582,"Unknown"
"9004157",371992,2025-07-03 19:09:39,42.4031944274902,-8.92417621612549,"Unknown"
"9004157",371992,2025-07-03 19:14:39,42.3984298706055,-8.92064476013184,"Unknown"
"9004157",371992,2025-07-03 19:19:41,42.3984642028809,-8.92079544067383,"Unknown"
"9004157",371992,2025-07-03 19:24:40,42.3987083435059,-8.92098140716553,"Unknown"
"9004157",371992,2025-07-03 19:29:40,42.3986701965332,-8.92075252532959,"Unknown"
"9004157",371992,2025-07-03 19:34:40,42.3986167907715,-8.92066192626953,"Unknown"
"9004157",371992,2025-07-03 19:39:47,42.3986396789551,-8.92093849182129,"Unknown"
"9004157",371992,2025-07-03 19:44:41,42.398365020752,-8.92000102996826,"Unknown"
"9004157",371992,2025-07-03 19:49:40,42.3986358642578,-8.92083930969238,"Unknown"
"9004157",371992,2025-07-03 19:54:40,42.3986358642578,-8.92085456848145,"Unknown"
"9004157",371992,2025-07-03 19:59:40,42.3985900878906,-8.92077255249023,"Unknown"
"9004157",371992,2025-07-03 20:04:44,42.3987350463867,-8.92095851898193,"Unknown"
"9004157",371992,2025-07-03 20:09:43,42.3986854553223,-8.92111301422119,"Unknown"
"9004157",371992,2025-07-03 20:14:41,42.3984985351562,-8.92081832885742,"Unknown"
"9004157",371992,2025-07-03 20:19:54,42.398796081543,-8.92118740081787,"Unknown"
"9004157",371992,2025-07-03 20:24:59,42.3986282348633,-8.92073726654053,"Unknown"
"9004157",371992,2025-07-03 20:30:03,42.3986968994141,-8.92088031768799,"Unknown"
"9004157",371992,2025-07-03 20:34:40,42.3987312316895,-8.92095470428467,"Unknown"
"9004157",371992,2025-07-03 20:39:41,42.3986473083496,-8.92103385925293,"Unknown"
"9004157",371992,2025-07-03 20:44:40,42.3985328674316,-8.92096614837646,"Unknown"
"9004157",371992,2025-07-03 20:49:40,42.3986282348633,-8.9209041595459,"Unknown"
"9004157",371992,2025-07-03 20:54:41,42.3986968994141,-8.92093372344971,"Unknown"
"9004157",371992,2025-07-03 20:59:40,42.3987884521484,-8.92095184326172,"Unknown"
"9004157",371992,2025-07-03 21:04:40,42.398624420166,-8.92079734802246,"Unknown"
"9004157",371992,2025-07-03 21:09:40,42.3986320495605,-8.9209623336792,"Unknown"
"9004157",371992,2025-07-03 21:14:40,42.398681640625,-8.9210262298584,"Unknown"
"9004157",371992,2025-07-03 21:19:41,42.3987770080566,-8.92070770263672,"Unknown"
"9004157",371992,2025-07-03 21:24:41,42.3987426757812,-8.92048168182373,"Unknown"
"9004157",371992,2025-07-03 21:29:41,42.3988037109375,-8.92077445983887,"Unknown"
"9004157",371992,2025-07-03 21:34:42,42.398811340332,-8.92062854766846,"Unknown"
"9004157",371992,2025-07-03 21:39:40,42.3986320495605,-8.92096710205078,"Unknown"
"9004157",371992,2025-07-03 21:44:42,42.3987121582031,-8.92083549499512,"Unknown"
"9004157",371992,2025-07-03 21:49:40,42.398796081543,-8.92117881774902,"Unknown"
"9004157",371992,2025-07-03 21:54:44,42.3988075256348,-8.92147159576416,"Unknown"
"9004157",371992,2025-07-03 21:59:42,42.398754119873,-8.92146682739258,"Unknown"
"9004157",371992,2025-07-03 22:04:43,42.3986968994141,-8.92107772827148,"Unknown"
"9004157",371992,2025-07-03 22:09:43,42.3987846374512,-8.92131423950195,"Unknown"
"9004157",371992,2025-07-03 22:14:42,42.3987312316895,-8.92119693756104,"Unknown"
"9004157",371992,2025-07-03 22:19:40,42.3987350463867,-8.92105960845947,"Unknown"
"9004157",371992,2025-07-03 22:24:42,42.3988151550293,-8.9221887588501,"Unknown"
"9004157",371992,2025-07-03 22:29:41,42.3986396789551,-8.92151260375977,"Unknown"
"9004157",371992,2025-07-03 22:34:51,42.3988838195801,-8.92119884490967,"Unknown"
"9004157",371992,2025-07-03 22:39:48,42.3988380432129,-8.92061805725098,"Unknown"
"9004157",371992,2025-07-03 22:44:41,42.3988723754883,-8.9210147857666,"Unknown"
"9004157",371992,2025-07-03 22:49:49,42.3988380432129,-8.92062473297119,"Unknown"
"9004157",371992,2025-07-03 22:54:55,42.3987617492676,-8.92184162139893,"Unknown"
"9004157",371992,2025-07-03 22:59:50,42.398738861084,-8.92129802703857,"Unknown"
"9004157",371992,2025-07-03 23:05:03,42.3987350463867,-8.92138576507568,"Unknown"
"9004157",371992,2025-07-03 23:10:23,42.398853302002,-8.91883277893066,"Unknown"
"9004157",371992,2025-07-03 23:14:42,42.3988647460938,-8.91851329803467,"Unknown"
"9004157",371992,2025-07-03 23:19:41,42.3989677429199,-8.91836547851562,"Unknown"
"9004157",371992,2025-07-03 23:24:41,42.3998870849609,-8.92137145996094,"Unknown"
"9004157",371992,2025-07-03 23:29:50,42.3987655639648,-8.91744041442871,"Unknown"
"9004157",371992,2025-07-03 23:35:07,42.4020500183105,-8.92033576965332,"Unknown"
"9004157",371992,2025-07-03 23:39:41,42.3987159729004,-8.9207706451416,"Unknown"
"9004157",371992,2025-07-03 23:44:52,42.3983955383301,-8.91929912567139,"Unknown"
"9004157",371992,2025-07-03 23:49:48,42.398380279541,-8.91928577423096,"Unknown"
"9004157",371992,2025-07-03 23:54:43,42.3973426818848,-8.91587162017822,"Unknown"
"9004157",371992,2025-07-03 23:59:52,42.3982849121094,-8.9187183380127,"Unknown"
"9004157",371992,2025-07-04 00:04:48,42.3982620239258,-8.9188060760498,"Unknown"
"9004157",371992,2025-07-04 00:09:47,42.3984603881836,-8.9196720123291,"Unknown"
"9004157",371992,2025-07-04 00:14:48,42.3980369567871,-8.91718292236328,"Unknown"
"9004157",371992,2025-07-04 00:19:42,42.3982200622559,-8.91963005065918,"Unknown"
"9004157",371992,2025-07-04 00:24:43,42.3979568481445,-8.91784954071045,"Unknown"
"9004157",371992,2025-07-04 00:29:40,42.3971099853516,-8.91958808898926,"Unknown"
"9004157",371992,2025-07-04 00:34:39,42.3954544067383,-8.92273712158203,"Unknown"
"9004157",371992,2025-07-04 00:39:41,42.3994255065918,-8.92878913879395,"Unknown"
"9004157",371992,2025-07-04 00:44:48,42.3966331481934,-8.91616439819336,"Unknown"
"9004157",371992,2025-07-04 00:49:47,42.3960189819336,-8.91462707519531,"Unknown"
"9004157",371992,2025-07-04 00:54:49,42.3964653015137,-8.91522121429443,"Unknown"
"9004157",371992,2025-07-04 00:59:47,42.3959732055664,-8.91404438018799,"Unknown"
"9004157",371992,2025-07-04 01:04:47,42.3959732055664,-8.91362285614014,"Unknown"
"9004157",371992,2025-07-04 01:09:48,42.3964347839355,-8.91605949401855,"Unknown"
"9004157",371992,2025-07-04 01:14:52,42.3959007263184,-8.91299343109131,"Unknown"
"9004157",371992,2025-07-04 01:19:50,42.3977813720703,-8.91768932342529,"Unknown"
"9004157",371992,2025-07-04 01:24:47,42.3960304260254,-8.91353893280029,"Unknown"
"9004157",371992,2025-07-04 01:29:46,42.3967742919922,-8.91694927215576,"Unknown"
"9004157",371992,2025-07-04 01:34:45,42.3968887329102,-8.91699695587158,"Unknown"
"9004157",371992,2025-07-04 01:39:40,42.3971176147461,-8.91708374023438,"Unknown"
"9004157",371992,2025-07-04 01:44:42,42.3962936401367,-8.91506576538086,"Unknown"
"9004157",371992,2025-07-04 01:49:46,42.3971138000488,-8.91975879669189,"Unknown"
"9004157",371992,2025-07-04 01:54:47,42.397102355957,-8.92025375366211,"Unknown"
"9004157",371992,2025-07-04 01:59:46,42.3971176147461,-8.92141914367676,"Unknown"
"9004157",371992,2025-07-04 02:04:46,42.3967666625977,-8.92091369628906,"Unknown"
"9004157",371992,2025-07-04 02:09:51,42.3986396789551,-8.92166233062744,"Unknown"
"9004157",371992,2025-07-04 02:15:15,42.3983116149902,-8.92208766937256,"Unknown"
"9004157",371992,2025-07-04 02:19:49,42.3983001708984,-8.92213439941406,"Unknown"
"9004157",371992,2025-07-04 02:25:01,42.3985481262207,-8.92180633544922,"Unknown"
"9004157",371992,2025-07-04 02:29:44,42.3983383178711,-8.92136001586914,"Unknown"
"9004157",371992,2025-07-04 02:34:50,42.3983345031738,-8.92179203033447,"Unknown"
"9004157",371992,2025-07-04 02:39:49,42.3982887268066,-8.9216480255127,"Unknown"
"9004157",371992,2025-07-04 02:44:49,42.3980445861816,-8.92104148864746,"Unknown"
"9004157",371992,2025-07-04 02:49:49,42.3982162475586,-8.92124557495117,"Unknown"
"9004157",371992,2025-07-04 02:54:49,42.3982772827148,-8.92183113098145,"Unknown"
"9004157",371992,2025-07-04 02:59:49,42.3981819152832,-8.92191791534424,"Unknown"
"9004157",371992,2025-07-04 03:04:49,42.3981170654297,-8.92200946807861,"Unknown"
"9004157",371992,2025-07-04 03:10:05,42.398738861084,-8.92074108123779,"Unknown"
"9004157",371992,2025-07-04 03:14:49,42.3987617492676,-8.92087936401367,"Unknown"
"9004157",371992,2025-07-04 03:19:49,42.3987617492676,-8.92073535919189,"Unknown"
"9004157",371992,2025-07-04 03:24:49,42.3986701965332,-8.92074394226074,"Unknown"
"9004157",371992,2025-07-04 03:29:47,42.3987350463867,-8.92072486877441,"Unknown"
"9004157",371992,2025-07-04 03:34:50,42.3987236022949,-8.92065811157227,"Unknown"
"9004157",371992,2025-07-04 03:39:46,42.3987655639648,-8.92066192626953,"Unknown"
"9004157",371992,2025-07-04 03:44:41,42.3989143371582,-8.92046928405762,"Unknown"
"9004157",371992,2025-07-04 03:49:45,42.3988304138184,-8.92076110839844,"Unknown"
"9004157",371992,2025-07-04 03:54:52,42.3988647460938,-8.92063999176025,"Unknown"
"9004157",371992,2025-07-04 03:59:43,42.3988227844238,-8.92065620422363,"Unknown"
"9004157",371992,2025-07-04 04:04:40,42.3989791870117,-8.92037105560303,"Unknown"
"9004157",371992,2025-07-04 04:09:39,42.3989334106445,-8.92031860351562,"Unknown"
"9004157",371992,2025-07-04 04:14:40,42.3990058898926,-8.92037105560303,"Unknown"
"9004157",371992,2025-07-04 04:19:41,42.399055480957,-8.92051792144775,"Unknown"
"9004157",371992,2025-07-04 04:24:41,42.3989028930664,-8.92053699493408,"Unknown"
"9004157",371992,2025-07-04 04:29:41,42.3990440368652,-8.92050552368164,"Unknown"
"9004157",371992,2025-07-04 04:34:40,42.3986625671387,-8.92104721069336,"Unknown"
"9004157",371992,2025-07-04 04:39:40,42.3986015319824,-8.92097854614258,"Unknown"
"9004157",371992,2025-07-04 04:44:40,42.398811340332,-8.92087364196777,"Unknown"
"9004157",371992,2025-07-04 04:49:40,42.3976707458496,-8.92019557952881,"Unknown"
"9004157",371992,2025-07-04 04:54:40,42.3977813720703,-8.92031955718994,"Unknown"
"9004157",371992,2025-07-04 04:59:49,42.3975868225098,-8.92015171051025,"Unknown"
"9004157",371992,2025-07-04 05:04:42,42.3976097106934,-8.92026424407959,"Unknown"
"9004157",371992,2025-07-04 05:09:41,42.3976516723633,-8.92032909393311,"Unknown"
"9004157",371992,2025-07-04 05:14:49,42.3975791931152,-8.9203577041626,"Unknown"
"9004157",371992,2025-07-04 05:19:50,42.3974075317383,-8.92033863067627,"Unknown"
"9004157",371992,2025-07-04 05:24:42,42.3973960876465,-8.92047023773193,"Unknown"
"9004157",371992,2025-07-04 05:29:47,42.3976593017578,-8.92001247406006,"Unknown"
"9004157",371992,2025-07-04 05:34:41,42.3975448608398,-8.92016124725342,"Unknown"
"9004157",371992,2025-07-04 05:39:44,42.3984107971191,-8.92148685455322,"Unknown"
"9004157",371992,2025-07-04 05:44:41,42.398006439209,-8.9208288192749,"Unknown"
"9004157",371992,2025-07-04 05:49:42,42.3978309631348,-8.92089557647705,"Unknown"
"9004157",371992,2025-07-04 05:54:39,42.3979110717773,-8.92080402374268,"Unknown"
"9004157",371992,2025-07-04 05:59:44,42.3982810974121,-8.92038059234619,"Unknown"
"9004157",371992,2025-07-04 06:04:44,42.39794921875,-8.92066478729248,"Unknown"
"9004157",371992,2025-07-04 06:09:42,42.3976287841797,-8.92084789276123,"Unknown"
"9004157",371992,2025-07-04 06:14:40,42.3976974487305,-8.92036724090576,"Unknown"
"9004157",371992,2025-07-04 06:19:40,42.3976593017578,-8.92049598693848,"Unknown"
"9004157",371992,2025-07-04 06:24:39,42.3976669311523,-8.92050170898438,"Unknown"
"9004157",371992,2025-07-04 06:29:39,42.3976364135742,-8.92041397094727,"Unknown"
"9004157",371992,2025-07-04 06:34:39,42.3976287841797,-8.92045783996582,"Unknown"
"9004157",371992,2025-07-04 06:39:40,42.4016036987305,-8.90641593933105,"Unknown"
"9004157",371992,2025-07-04 06:46:23,42.4087409973145,-8.8952465057373,"Unknown"
"9004157",371992,2025-07-04 06:51:29,42.4113464355469,-8.88802146911621,"Unknown"
"9004157",371992,2025-07-04 06:56:29,42.412467956543,-8.88609027862549,"Unknown"
"9004157",371992,2025-07-04 07:02:12,42.413158416748,-8.87929725646973,"Unknown"
"9004157",371992,2025-07-04 07:07:41,42.4130363464355,-8.87869071960449,"Unknown"
"9004157",371992,2025-07-04 07:12:45,42.412956237793,-8.87933921813965,"Unknown"
"9004157",371992,2025-07-04 07:18:19,42.4132080078125,-8.8792142868042,"Unknown"
"9004157",371992,2025-07-04 07:23:20,42.4131660461426,-8.87901306152344,"Unknown"
"9004157",371992,2025-07-04 07:28:19,42.4235000610352,-8.88209342956543,"Unknown"
"9004157",371992,2025-07-04 07:33:19,42.4234809875488,-8.88217067718506,"Unknown"
"9004157",371992,2025-07-04 07:38:19,42.4234390258789,-8.88210296630859,"Unknown"
"9004157",371992,2025-07-04 07:43:19,42.4235153198242,-8.8821439743042,"Unknown"
"9004157",371992,2025-07-04 07:48:19,42.4234771728516,-8.88208866119385,"Unknown"
"9004157",371992,2025-07-04 07:53:19,42.423454284668,-8.8819751739502,"Unknown"
"9004157",371992,2025-07-04 07:58:19,42.423526763916,-8.88206577301025,"Unknown"
"9004157",371992,2025-07-04 08:03:19,42.4234313964844,-8.8819637298584,"Unknown"
"9004157",371992,2025-07-04 08:08:20,42.423526763916,-8.88209533691406,"Unknown"
"9004157",371992,2025-07-04 08:13:20,42.4234848022461,-8.88189220428467,"Unknown"
"9004157",371992,2025-07-04 08:18:22,42.4235992431641,-8.88197898864746,"Unknown"
"9004157",371992,2025-07-04 08:23:20,42.4240074157715,-8.88228225708008,"Unknown"
"9004157",371992,2025-07-04 08:28:18,42.4237823486328,-8.88205814361572,"Unknown"
"9004157",371992,2025-07-04 08:33:19,42.4236679077148,-8.88198375701904,"Unknown"
"9004157",371992,2025-07-04 08:38:18,42.4525489807129,-8.89741897583008,"Unknown"
"9004157",371992,2025-07-04 08:43:18,42.4566459655762,-8.93863391876221,"Unknown"
"9004157",371992,2025-07-04 08:48:19,42.456356048584,-8.93823432922363,"Unknown"
"9004157",371992,2025-07-04 08:53:18,42.4611015319824,-8.94176864624023,"Unknown"
"9004157",371992,2025-07-04 08:58:44,42.4804992675781,-8.9365234375,"Unknown"
"9004157",371992,2025-07-04 09:03:19,42.4874649047852,-8.92293262481689,"Unknown"
"9004157",371992,2025-07-04 09:08:18,42.4889945983887,-8.91476726531982,"Unknown"
"9004157",371992,2025-07-04 09:13:18,42.4973602294922,-8.89487171173096,"Unknown"
"9004157",371992,2025-07-04 09:18:19,42.5064468383789,-8.87407875061035,"Unknown"
"9004157",371992,2025-07-04 09:24:17,42.5069808959961,-8.87150478363037,"Unknown"
"9004157",371992,2025-07-04 09:29:55,42.5080986022949,-8.87104988098145,"Unknown"
"9004157",371992,2025-07-04 09:35:10,42.5093650817871,-8.87237167358398,"Unknown"
"9004157",371992,2025-07-04 09:40:48,42.510368347168,-8.87307739257812,"Unknown"
"9004157",371992,2025-07-04 09:46:06,42.5088233947754,-8.87366676330566,"Unknown"
"9004157",371992,2025-07-04 09:51:40,42.5093193054199,-8.87557220458984,"Unknown"
"9004157",371992,2025-07-04 09:57:18,42.5084838867188,-8.87716197967529,"Unknown"
"9004157",371992,2025-07-04 10:03:29,42.5074844360352,-8.87846755981445,"Unknown"
"9004157",371992,2025-07-04 10:07:15,42.5046310424805,-8.88121032714844,"Unknown"
"9004157",371992,2025-07-04 10:12:16,42.5046310424805,-8.88113498687744,"Unknown"
"9004157",371992,2025-07-04 10:17:16,42.5046157836914,-8.88113117218018,"Unknown"
"9004157",371992,2025-07-04 10:22:17,42.5046081542969,-8.88119983673096,"Unknown"
"9004157",371992,2025-07-04 10:27:15,42.5045585632324,-8.88123226165771,"Unknown"
"9004157",371992,2025-07-04 10:32:18,42.5046272277832,-8.88134002685547,"Unknown"
"9004157",371992,2025-07-04 10:37:16,42.5047187805176,-8.88138389587402,"Unknown"
"9004157",371992,2025-07-04 10:42:16,42.5048294067383,-8.88144874572754,"Unknown"
"9004157",371992,2025-07-04 10:47:16,42.5049324035645,-8.88137245178223,"Unknown"
"9004157",371992,2025-07-04 10:52:18,42.5047988891602,-8.88134384155273,"Unknown"
"9004157",371992,2025-07-04 10:57:17,42.5047836303711,-8.8812837600708,"Unknown"
"9004157",371992,2025-07-04 11:02:38,42.5045890808105,-8.88114547729492,"Unknown"
"9004157",371992,2025-07-04 11:07:37,42.5047264099121,-8.88118934631348,"Unknown"
"9004157",371992,2025-07-04 11:12:37,42.5046081542969,-8.88114738464355,"Unknown"
"9004157",371992,2025-07-04 11:17:37,42.5046768188477,-8.88113021850586,"Unknown"
"9004157",371992,2025-07-04 11:22:37,42.504638671875,-8.88110446929932,"Unknown"
"9004157",371992,2025-07-04 11:27:37,42.5045928955078,-8.88105392456055,"Unknown"
"9004157",371992,2025-07-04 11:32:37,42.5046615600586,-8.88099002838135,"Unknown"
"9004157",371992,2025-07-04 11:37:37,42.5046577453613,-8.88109588623047,"Unknown"
"9004157",371992,2025-07-04 11:42:37,42.5046920776367,-8.88113784790039,"Unknown"
"9004157",371992,2025-07-04 11:47:37,42.504695892334,-8.88110446929932,"Unknown"
"9004157",371992,2025-07-04 11:52:37,42.5047492980957,-8.88110637664795,"Unknown"
"9004157",371992,2025-07-04 11:57:37,42.5047950744629,-8.88109016418457,"Unknown"
"9004157",371992,2025-07-04 12:02:37,42.5047836303711,-8.88110256195068,"Unknown"
"9004157",371992,2025-07-04 12:07:37,42.5048294067383,-8.88109302520752,"Unknown"
"9004157",371992,2025-07-04 12:12:37,42.504810333252,-8.88110446929932,"Unknown"
"9004157",371992,2025-07-04 12:17:37,42.5048027038574,-8.88108253479004,"Unknown"
"9004157",371992,2025-07-04 12:22:37,42.5048179626465,-8.88110065460205,"Unknown"
"9004157",371992,2025-07-04 12:27:38,42.504768371582,-8.88108825683594,"Unknown"
"9004157",371992,2025-07-04 12:32:38,42.5068130493164,-8.87437343597412,"Unknown"
"9004157",371992,2025-07-04 12:38:55,42.5063285827637,-8.87287998199463,"Unknown"
"9004157",371992,2025-07-04 12:44:36,42.5065307617188,-8.87271690368652,"Unknown"
"9004157",371992,2025-07-04 12:50:12,42.5069274902344,-8.87138652801514,"Unknown"
"9004157",371992,2025-07-04 12:55:13,42.5078735351562,-8.87073612213135,"Unknown"
"9004157",371992,2025-07-04 13:00:14,42.509204864502,-8.87115573883057,"Unknown"
"9004157",371992,2025-07-04 13:05:59,42.5107040405273,-8.87221813201904,"Unknown"
"9004157",371992,2025-07-04 13:11:17,42.5116500854492,-8.8743257522583,"Unknown"
"9004157",371992,2025-07-04 13:16:39,42.5109786987305,-8.87594509124756,"Unknown"
"9004157",371992,2025-07-04 13:21:38,42.511417388916,-8.87827301025391,"Unknown"
"9004157",371992,2025-07-04 13:27:11,42.5112495422363,-8.87778949737549,"Unknown"
"9004157",371992,2025-07-04 13:32:30,42.5107421875,-8.87659931182861,"Unknown"
"9004157",371992,2025-07-04 13:38:13,42.509090423584,-8.87762546539307,"Unknown"
"9004157",371992,2025-07-04 13:43:33,42.5077972412109,-8.87918376922607,"Unknown"
"9004157",371992,2025-07-04 13:48:36,42.5068664550781,-8.88084888458252,"Unknown"
"9004157",371992,2025-07-04 13:53:32,42.5059661865234,-8.88193511962891,"Unknown"
"9004157",371992,2025-07-04 13:58:48,42.5048561096191,-8.8811731338501,"Unknown"
"9004157",371992,2025-07-04 14:03:32,42.5048942565918,-8.88121223449707,"Unknown"
"9004157",371992,2025-07-04 14:08:32,42.5049018859863,-8.88115692138672,"Unknown"
"9004157",371992,2025-07-04 14:13:32,42.5049667358398,-8.88123035430908,"Unknown"
"9004157",371992,2025-07-04 14:18:32,42.5049057006836,-8.88115310668945,"Unknown"
"9004157",371992,2025-07-04 14:23:32,42.504581451416,-8.88123607635498,"Unknown"
"9004157",371992,2025-07-04 14:28:32,42.5046463012695,-8.88112735748291,"Unknown"
"9004157",371992,2025-07-04 14:33:32,42.504322052002,-8.88118171691895,"Unknown"
"9004157",371992,2025-07-04 14:38:32,42.504150390625,-8.88116836547852,"Unknown"
"9004157",371992,2025-07-04 14:43:33,42.504020690918,-8.88099479675293,"Unknown"
"9004157",371992,2025-07-04 14:49:05,42.5048332214355,-8.88118076324463,"Unknown"
"9004157",371992,2025-07-04 14:53:31,42.5049438476562,-8.88119029998779,"Unknown"
"9004157",371992,2025-07-04 14:58:31,42.5049018859863,-8.88118743896484,"Unknown"
"9004157",371992,2025-07-04 15:03:32,42.5047798156738,-8.88107299804688,"Unknown"
"9004157",371992,2025-07-04 15:08:31,42.5049133300781,-8.88111686706543,"Unknown"
"9004157",371992,2025-07-04 15:13:31,42.5049362182617,-8.88113594055176,"Unknown"
"9004157",371992,2025-07-04 15:18:31,42.5048675537109,-8.88103771209717,"Unknown"
"9004157",371992,2025-07-04 15:23:32,42.5048751831055,-8.88101959228516,"Unknown"
"9004157",371992,2025-07-04 15:28:32,42.5049896240234,-8.88072299957275,"Unknown"
"9004157",371992,2025-07-04 15:33:32,42.5048332214355,-8.88072395324707,"Unknown"
"9004157",371992,2025-07-04 15:38:31,42.5063171386719,-8.87363338470459,"Unknown"
"9004157",371992,2025-07-04 15:43:32,42.5071334838867,-8.87234497070312,"Unknown"
"9004157",371992,2025-07-04 15:48:38,42.5085258483887,-8.87216567993164,"Unknown"
"9004157",371992,2025-07-04 15:54:09,42.5090827941895,-8.87328147888184,"Unknown"
"9004157",371992,2025-07-04 15:59:31,42.5096778869629,-8.87518882751465,"Unknown"
"9004157",371992,2025-07-04 16:04:40,42.5106964111328,-8.87596130371094,"Unknown"
"9004157",371992,2025-07-04 16:09:58,42.5111618041992,-8.87621784210205,"Unknown"
"9004157",371992,2025-07-04 16:15:23,42.5117607116699,-8.87422752380371,"Unknown"
"9004157",371992,2025-07-04 16:20:51,42.5107269287109,-8.87475681304932,"Unknown"
"9004157",371992,2025-07-04 16:26:29,42.510856628418,-8.87643814086914,"Unknown"
"9004157",371992,2025-07-04 16:31:51,42.5108070373535,-8.87716960906982,"Unknown"
"9004157",371992,2025-07-04 16:37:15,42.5111923217773,-8.87917804718018,"Unknown"
"9004157",371992,2025-07-04 16:42:14,42.5110397338867,-8.88136005401611,"Unknown"
"9004157",371992,2025-07-04 16:47:14,42.5072822570801,-8.88948917388916,"Unknown"
"9004157",371992,2025-07-04 16:52:14,42.5073051452637,-8.88938331604004,"Unknown"
"9004157",371992,2025-07-04 16:57:14,42.5072975158691,-8.88947582244873,"Unknown"
"9004157",371992,2025-07-04 17:02:14,42.5072708129883,-8.88941192626953,"Unknown"
"9004157",371992,2025-07-04 17:07:14,42.5072212219238,-8.88938808441162,"Unknown"
"9004157",371992,2025-07-04 17:12:14,42.5074234008789,-8.88948345184326,"Unknown"
"9004157",371992,2025-07-04 17:17:14,42.5073661804199,-8.88957786560059,"Unknown"
"9004157",371992,2025-07-04 17:22:15,42.5077209472656,-8.88942527770996,"Unknown"
"9004157",371992,2025-07-04 17:27:14,42.5074195861816,-8.88962936401367,"Unknown"
"9004157",371992,2025-07-04 17:32:14,42.5074234008789,-8.88960933685303,"Unknown"
"9004157",371992,2025-07-04 17:37:14,42.5074234008789,-8.88964653015137,"Unknown"
"9004157",371992,2025-07-04 17:42:14,42.5077133178711,-8.88992595672607,"Unknown"
"9004157",371992,2025-07-04 17:47:14,42.507568359375,-8.88976383209229,"Unknown"
"9004157",371992,2025-07-04 17:52:14,42.5074920654297,-8.88977909088135,"Unknown"
"9004157",371992,2025-07-04 17:57:14,42.5074729919434,-8.88976764678955,"Unknown"
"9004157",371992,2025-07-04 18:02:14,42.5074996948242,-8.88974952697754,"Unknown"
"9004157",371992,2025-07-04 18:07:14,42.507453918457,-8.88974666595459,"Unknown"
"9004157",371992,2025-07-04 18:12:14,42.5074424743652,-8.88971424102783,"Unknown"
"9004157",371992,2025-07-04 18:17:14,42.5073013305664,-8.88985157012939,"Unknown"
"9004157",371992,2025-07-04 18:22:14,42.5074653625488,-8.88984298706055,"Unknown"
"9004157",371992,2025-07-04 18:28:01,42.5061111450195,-8.88892936706543,"Unknown"
"9004157",371992,2025-07-04 18:33:39,42.506103515625,-8.88859844207764,"Unknown"
"9004157",371992,2025-07-04 18:38:38,42.5047416687012,-8.8898754119873,"Unknown"
"9004157",371992,2025-07-04 18:43:57,42.5046577453613,-8.88814640045166,"Unknown"
"9004157",371992,2025-07-04 18:48:56,42.4903144836426,-8.91351890563965,"Unknown"
"9004157",371992,2025-07-04 18:53:57,42.4768600463867,-8.94536972045898,"Unknown"
"9004157",371992,2025-07-04 18:58:57,42.4769172668457,-8.9452953338623,"Unknown"
"9004157",371992,2025-07-04 19:03:56,42.4769859313965,-8.94522666931152,"Unknown"
"9004157",371992,2025-07-04 19:08:56,42.4770927429199,-8.94502544403076,"Unknown"
"9004157",371992,2025-07-04 19:13:56,42.4770965576172,-8.94491291046143,"Unknown"
"9004157",371992,2025-07-04 19:19:06,42.478385925293,-8.94393730163574,"Unknown"
"9004157",371992,2025-07-04 19:23:56,42.4781188964844,-8.9439697265625,"Unknown"
"9004157",371992,2025-07-04 19:28:56,42.4775161743164,-8.94466400146484,"Unknown"
"9004157",371992,2025-07-04 19:33:56,42.4774055480957,-8.94476699829102,"Unknown"
"9004157",371992,2025-07-04 19:38:56,42.4773445129395,-8.94477272033691,"Unknown"
"9004157",371992,2025-07-04 19:44:29,42.4776268005371,-8.94462871551514,"Unknown"
"9004157",371992,2025-07-04 19:48:55,42.4775695800781,-8.94469451904297,"Unknown"
"9004157",371992,2025-07-04 19:53:55,42.4773864746094,-8.94475555419922,"Unknown"
"9004157",371992,2025-07-04 19:58:55,42.4773902893066,-8.94475555419922,"Unknown"
"9004157",371992,2025-07-04 20:03:56,42.4773597717285,-8.94483280181885,"Unknown"
"9004157",371992,2025-07-04 20:08:56,42.4773292541504,-8.94474124908447,"Unknown"
"9004157",371992,2025-07-04 20:13:56,42.4497756958008,-8.94228267669678,"Unknown"
"9004157",371992,2025-07-04 20:18:56,42.4011344909668,-8.92334651947021,"Unknown"
"9004157",371992,2025-07-04 20:23:56,42.3988990783691,-8.92105674743652,"Unknown"
"9004157",371992,2025-07-04 20:28:56,42.3988227844238,-8.92094039916992,"Unknown"
"9004157",371992,2025-07-04 20:33:56,42.398754119873,-8.92110157012939,"Unknown"
"9004157",371992,2025-07-04 20:39:03,42.4015808105469,-8.92022132873535,"Unknown"
"9004157",371992,2025-07-04 20:43:56,42.3987808227539,-8.92099285125732,"Unknown"
"9004157",371992,2025-07-04 20:48:56,42.3987770080566,-8.92098617553711,"Unknown"
"9004157",371992,2025-07-04 20:53:56,42.3987159729004,-8.92101287841797,"Unknown"
"9004157",371992,2025-07-04 20:58:56,42.3987312316895,-8.92093086242676,"Unknown"
"9004157",371992,2025-07-04 21:03:56,42.3987655639648,-8.92099571228027,"Unknown"
"9004157",371992,2025-07-04 21:08:56,42.3987121582031,-8.92097282409668,"Unknown"
"9004157",371992,2025-07-04 21:13:56,42.3986549377441,-8.92096424102783,"Unknown"
"9004157",371992,2025-07-04 21:18:57,42.3988609313965,-8.92087173461914,"Unknown"
"9004157",371992,2025-07-04 21:23:56,42.3987197875977,-8.92097091674805,"Unknown"
"9004157",371992,2025-07-04 21:28:57,42.3986473083496,-8.92098712921143,"Unknown"
"9004157",371992,2025-07-04 21:33:56,42.3986587524414,-8.92094898223877,"Unknown"
"9004157",371992,2025-07-04 21:38:57,42.3985748291016,-8.92042922973633,"Unknown"
"9004157",371992,2025-07-04 21:43:56,42.3985481262207,-8.92033576965332,"Unknown"
"9004157",371992,2025-07-04 21:48:57,42.3986511230469,-8.92050075531006,"Unknown"
"9004157",371992,2025-07-04 21:53:56,42.3986206054688,-8.92056083679199,"Unknown"
"9004157",371992,2025-07-04 21:58:57,42.3986854553223,-8.92050266265869,"Unknown"
"9004157",371992,2025-07-04 22:03:56,42.398624420166,-8.92066764831543,"Unknown"
"9004157",371992,2025-07-04 22:08:56,42.3986549377441,-8.92055797576904,"Unknown"
"9004157",371992,2025-07-04 22:13:57,42.3986549377441,-8.92064189910889,"Unknown"
"9004157",371992,2025-07-04 22:18:56,42.3986892700195,-8.92071151733398,"Unknown"
"9004157",371992,2025-07-04 22:23:57,42.3985977172852,-8.92084693908691,"Unknown"
"9004157",371992,2025-07-04 22:28:56,42.3986473083496,-8.92111778259277,"Unknown"
"9004157",371992,2025-07-04 22:33:57,42.3987159729004,-8.92121124267578,"Unknown"
"9004157",371992,2025-07-04 22:38:56,42.3987007141113,-8.92123222351074,"Unknown"
"9004157",371992,2025-07-04 22:43:58,42.3989219665527,-8.92054176330566,"Unknown"
"9004157",371992,2025-07-04 22:48:59,42.3989219665527,-8.92055511474609,"Unknown"
"9004157",371992,2025-07-04 22:53:56,42.3990058898926,-8.92010974884033,"Unknown"
"9004157",371992,2025-07-04 22:58:56,42.3990211486816,-8.92023372650146,"Unknown"
"9004158",371991,2025-05-13 15:47:33,42.4057960510254,-8.91239452362061,"Female"
"9004158",371991,2025-05-13 15:52:26,42.4058494567871,-8.91326141357422,"Female"
"9004158",371991,2025-05-13 15:58:14,42.4005584716797,-8.92170715332031,"Female"
"9004158",371991,2025-05-13 16:02:16,42.4009208679199,-8.92137145996094,"Female"
"9004158",371991,2025-05-13 16:07:15,42.4007339477539,-8.92163562774658,"Female"
"9004158",371991,2025-05-13 16:12:13,42.4007301330566,-8.92158508300781,"Female"
"9004158",371991,2025-05-13 16:17:13,42.4006500244141,-8.92176628112793,"Female"
"9004158",371991,2025-05-13 16:22:14,42.4006690979004,-8.92176532745361,"Female"
"9004158",371991,2025-05-13 16:27:15,42.400749206543,-8.92169189453125,"Female"
"9004158",371991,2025-05-13 16:32:12,42.4007720947266,-8.92185115814209,"Female"
"9004158",371991,2025-05-13 16:37:13,42.4008178710938,-8.92184543609619,"Female"
"9004158",371991,2025-05-13 16:42:12,42.4007301330566,-8.92173004150391,"Female"
"9004158",371991,2025-05-13 16:47:44,42.4009819030762,-8.92049217224121,"Female"
"9004158",371991,2025-05-13 16:52:13,42.4010009765625,-8.92008686065674,"Female"
"9004158",371991,2025-05-13 16:57:12,42.4009704589844,-8.92037868499756,"Female"
"9004158",371991,2025-05-13 17:02:13,42.4009704589844,-8.92026996612549,"Female"
"9004158",371991,2025-05-13 17:07:13,42.400993347168,-8.92038917541504,"Female"
"9004158",371991,2025-05-13 17:12:18,42.4009056091309,-8.92023372650146,"Female"
"9004158",371991,2025-05-13 17:17:15,42.4009170532227,-8.92009830474854,"Female"
"9004158",371991,2025-05-13 17:22:16,42.4009208679199,-8.92054748535156,"Female"
"9004158",371991,2025-05-13 17:27:19,42.4009246826172,-8.92075538635254,"Female"
"9004158",371991,2025-05-13 17:32:44,42.4008331298828,-8.9216833114624,"Female"
"9004158",371991,2025-05-13 17:37:17,42.400764465332,-8.92007064819336,"Female"
"9004158",371991,2025-05-13 17:42:16,42.4007263183594,-8.92021942138672,"Female"
"9004158",371991,2025-05-13 17:47:44,42.4006652832031,-8.92251396179199,"Female"
"9004158",371991,2025-05-13 17:53:05,42.3992347717285,-8.92206287384033,"Female"
"9004158",371991,2025-05-13 17:57:24,42.3998680114746,-8.92247581481934,"Female"
"9004158",371991,2025-05-13 18:03:23,42.3995475769043,-8.92196464538574,"Female"
"9004158",371991,2025-05-13 18:08:05,42.399585723877,-8.9219970703125,"Female"
"9004158",371991,2025-05-13 18:12:51,42.3997077941895,-8.92218399047852,"Female"
"9004158",371991,2025-05-13 18:17:31,42.3997917175293,-8.92221260070801,"Female"
"9004158",371991,2025-05-13 18:22:19,42.3999938964844,-8.92225551605225,"Female"
"9004158",371991,2025-05-13 18:27:25,42.3998794555664,-8.92232418060303,"Female"
"9004158",371991,2025-05-13 18:32:44,42.3999099731445,-8.92214584350586,"Female"
"9004158",371991,2025-05-13 18:37:16,42.4003639221191,-8.92319679260254,"Female"
"9004158",371991,2025-05-13 18:42:27,42.3996429443359,-8.92202281951904,"Female"
"9004158",371991,2025-05-13 18:47:17,42.3993072509766,-8.92195224761963,"Female"
"9004158",371991,2025-05-13 18:53:36,42.3993530273438,-8.92218208312988,"Female"
"9004158",371991,2025-05-13 18:57:42,42.3994178771973,-8.92215633392334,"Female"
"9004158",371991,2025-05-13 19:02:26,42.3994941711426,-8.92228412628174,"Female"
"9004158",371991,2025-05-13 19:07:16,42.399284362793,-8.9224328994751,"Female"
"9004158",371991,2025-05-13 19:12:19,42.399341583252,-8.9221305847168,"Female"
"9004158",371991,2025-05-13 19:17:18,42.3992729187012,-8.92191410064697,"Female"
"9004158",371991,2025-05-13 19:22:18,42.3990821838379,-8.92128944396973,"Female"
"9004158",371991,2025-05-13 19:27:24,42.3993644714355,-8.92209339141846,"Female"
"9004158",371991,2025-05-13 19:32:24,42.3999977111816,-8.9224739074707,"Female"
"9004158",371991,2025-05-13 19:37:24,42.399772644043,-8.92226219177246,"Female"
"9004158",371991,2025-05-13 19:42:24,42.3995704650879,-8.922119140625,"Female"
"9004158",371991,2025-05-13 19:47:24,42.3996620178223,-8.92204570770264,"Female"
"9004158",371991,2025-05-13 19:52:27,42.3994102478027,-8.92229747772217,"Female"
"9004158",371991,2025-05-13 19:57:45,42.3993949890137,-8.92212200164795,"Female"
"9004158",371991,2025-05-13 20:02:22,42.3994369506836,-8.92234420776367,"Female"
"9004158",371991,2025-05-13 20:07:19,42.3992691040039,-8.92208957672119,"Female"
"9004158",371991,2025-05-13 20:12:24,42.3993148803711,-8.92212295532227,"Female"
"9004158",371991,2025-05-13 20:17:21,42.399715423584,-8.92193698883057,"Female"
"9004158",371991,2025-05-13 20:22:17,42.3991737365723,-8.92163753509521,"Female"
"9004158",371991,2025-05-13 20:28:36,42.4002876281738,-8.92215824127197,"Female"
"9004158",371991,2025-05-13 20:32:24,42.4003829956055,-8.92211151123047,"Female"
"9004158",371991,2025-05-13 20:38:03,42.4001274108887,-8.92216777801514,"Female"
"9004158",371991,2025-05-13 20:42:17,42.3994827270508,-8.92263984680176,"Female"
"9004158",371991,2025-05-13 20:47:14,42.3993873596191,-8.92277336120605,"Female"
"9004158",371991,2025-05-13 20:52:16,42.3994293212891,-8.92243576049805,"Female"
"9004158",371991,2025-05-13 20:57:14,42.3995399475098,-8.9226188659668,"Female"
"9004158",371991,2025-05-13 21:02:23,42.3995361328125,-8.92230796813965,"Female"
"9004158",371991,2025-05-13 21:08:14,42.399600982666,-8.92248916625977,"Female"
"9004158",371991,2025-05-13 21:12:17,42.3995170593262,-8.92242336273193,"Female"
"9004158",371991,2025-05-13 21:17:26,42.3994903564453,-8.92205810546875,"Female"
"9004158",371991,2025-05-13 21:22:17,42.3987236022949,-8.92189788818359,"Female"
"9004158",371991,2025-05-13 21:27:16,42.3990898132324,-8.92178249359131,"Female"
"9004158",371991,2025-05-13 21:32:53,42.3992881774902,-8.92176914215088,"Female"
"9004158",371991,2025-05-13 21:38:35,42.3994216918945,-8.92185497283936,"Female"
"9004158",371991,2025-05-13 21:42:15,42.3996086120605,-8.92196369171143,"Female"
"9004158",371991,2025-05-13 21:47:18,42.3996391296387,-8.92306041717529,"Female"
"9004158",371991,2025-05-13 21:52:16,42.3995475769043,-8.92269897460938,"Female"
"9004158",371991,2025-05-13 21:57:16,42.3999977111816,-8.92381286621094,"Female"
"9004158",371991,2025-05-13 22:02:17,42.3991432189941,-8.92120933532715,"Female"
"9004158",371991,2025-05-13 22:07:16,42.3996772766113,-8.92322635650635,"Female"
"9004158",371991,2025-05-13 22:12:17,42.3996391296387,-8.92311668395996,"Female"
"9004158",371991,2025-05-13 22:17:30,42.3994674682617,-8.92232131958008,"Female"
"9004158",371991,2025-05-13 22:22:44,42.3993492126465,-8.92233657836914,"Female"
"9004158",371991,2025-05-13 22:27:16,42.3993453979492,-8.92272281646729,"Female"
"9004158",371991,2025-05-13 22:32:24,42.3992691040039,-8.9222412109375,"Female"
"9004158",371991,2025-05-13 22:37:45,42.3994445800781,-8.92218780517578,"Female"
"9004158",371991,2025-05-13 22:42:41,42.3996162414551,-8.92202377319336,"Female"
"9004158",371991,2025-05-13 22:47:31,42.3990936279297,-8.92255115509033,"Female"
"9004158",371991,2025-05-13 22:52:56,42.3993682861328,-8.92240524291992,"Female"
"9004158",371991,2025-05-13 22:57:21,42.3991661071777,-8.92241096496582,"Female"
"9004158",371991,2025-05-13 23:02:18,42.3996047973633,-8.92220020294189,"Female"
"9004158",371991,2025-05-13 23:08:35,42.3993034362793,-8.92213535308838,"Female"
"9004158",371991,2025-05-13 23:12:16,42.3990440368652,-8.92250156402588,"Female"
"9004158",371991,2025-05-13 23:17:46,42.3993606567383,-8.92235469818115,"Female"
"9004158",371991,2025-05-13 23:22:49,42.3993835449219,-8.92246532440186,"Female"
"9004158",371991,2025-05-13 23:27:46,42.399471282959,-8.92241287231445,"Female"
"9004158",371991,2025-05-13 23:32:53,42.3994827270508,-8.92249202728271,"Female"
"9004158",371991,2025-05-13 23:37:46,42.3996315002441,-8.92223930358887,"Female"
"9004158",371991,2025-05-13 23:44:04,42.3996047973633,-8.92262935638428,"Female"
"9004158",371991,2025-05-13 23:48:52,42.3994750976562,-8.92245388031006,"Female"
"9004158",371991,2025-05-13 23:54:00,42.399486541748,-8.92233943939209,"Female"
"9004158",371991,2025-05-13 23:59:04,42.3994102478027,-8.922287940979,"Female"
"9004158",371991,2025-05-14 00:04:04,42.3994331359863,-8.92222213745117,"Female"
"9004158",371991,2025-05-14 00:09:04,42.3994598388672,-8.92219257354736,"Female"
"9004158",371991,2025-05-14 00:14:04,42.3994102478027,-8.92207622528076,"Female"
"9004158",371991,2025-05-14 00:19:04,42.399486541748,-8.92212200164795,"Female"
"9004158",371991,2025-05-14 00:24:04,42.3995170593262,-8.92220687866211,"Female"
"9004158",371991,2025-05-14 00:28:54,42.3994178771973,-8.92194271087646,"Female"
"9004158",371991,2025-05-14 00:32:51,42.3993873596191,-8.92194080352783,"Female"
"9004158",371991,2025-05-14 00:37:44,42.399169921875,-8.92197418212891,"Female"
"9004158",371991,2025-05-14 00:42:42,42.3991165161133,-8.92215442657471,"Female"
"9004158",371991,2025-05-14 00:48:13,42.3993453979492,-8.92173767089844,"Female"
"9004158",371991,2025-05-14 00:53:00,42.3994255065918,-8.92211532592773,"Female"
"9004158",371991,2025-05-14 00:57:45,42.3997192382812,-8.92233467102051,"Female"
"9004158",371991,2025-05-14 01:02:47,42.3995208740234,-8.92252635955811,"Female"
"9004158",371991,2025-05-14 01:07:49,42.3982772827148,-8.92196846008301,"Female"
"9004158",371991,2025-05-14 01:12:48,42.4006729125977,-8.92241668701172,"Female"
"9004158",371991,2025-05-14 01:17:45,42.3985481262207,-8.92210483551025,"Female"
"9004158",371991,2025-05-14 01:22:53,42.3996429443359,-8.92205429077148,"Female"
"9004158",371991,2025-05-14 01:27:54,42.4000282287598,-8.92232704162598,"Female"
"9004158",371991,2025-05-14 01:33:04,42.4000205993652,-8.92247867584229,"Female"
"9004158",371991,2025-05-14 01:39:04,42.399658203125,-8.92281532287598,"Female"
"9004158",371991,2025-05-14 01:43:36,42.399658203125,-8.92242431640625,"Female"
"9004158",371991,2025-05-14 01:47:43,42.4002456665039,-8.92295551300049,"Female"
"9004158",371991,2025-05-14 01:52:44,42.4001693725586,-8.92297458648682,"Female"
"9004158",371991,2025-05-14 01:57:44,42.4002571105957,-8.92301368713379,"Female"
"9004158",371991,2025-05-14 02:02:47,42.3996162414551,-8.92236709594727,"Female"
"9004158",371991,2025-05-14 02:07:48,42.3998603820801,-8.92256832122803,"Female"
"9004158",371991,2025-05-14 02:12:54,42.399227142334,-8.92165660858154,"Female"
"9004158",371991,2025-05-14 02:17:50,42.3989753723145,-8.92185592651367,"Female"
"9004158",371991,2025-05-14 02:22:54,42.3993263244629,-8.9220495223999,"Female"
"9004158",371991,2025-05-14 02:27:49,42.3992538452148,-8.92210006713867,"Female"
"9004158",371991,2025-05-14 02:32:49,42.3992652893066,-8.92228031158447,"Female"
"9004158",371991,2025-05-14 02:37:48,42.3994941711426,-8.921799659729,"Female"
"9004158",371991,2025-05-14 02:48:44,42.3995246887207,-8.9225492477417,"Female"
"9004158",371991,2025-05-14 02:53:43,42.3995018005371,-8.92244625091553,"Female"
"9004158",371991,2025-05-14 02:58:36,42.3994941711426,-8.92245769500732,"Female"
"9004158",371991,2025-05-14 03:04:04,42.3991470336914,-8.92192649841309,"Female"
"9004158",371991,2025-05-14 03:08:44,42.3993797302246,-8.92206192016602,"Female"
"9004158",371991,2025-05-14 03:14:04,42.3994636535645,-8.92215728759766,"Female"
"9004158",371991,2025-05-14 03:17:44,42.3995895385742,-8.92160701751709,"Female"
"9004158",371991,2025-05-14 03:22:43,42.3993644714355,-8.92195987701416,"Female"
"9004158",371991,2025-05-14 03:27:48,42.3993911743164,-8.92202663421631,"Female"
"9004158",371991,2025-05-14 03:32:42,42.3994026184082,-8.92191982269287,"Female"
"9004158",371991,2025-05-14 03:37:47,42.4014015197754,-8.92296314239502,"Female"
"9004158",371991,2025-05-14 03:42:45,42.3995819091797,-8.92223644256592,"Female"
"9004158",371991,2025-05-14 03:47:45,42.4003791809082,-8.92283630371094,"Female"
"9004158",371991,2025-05-14 03:53:23,42.3989181518555,-8.92247200012207,"Female"
"9004158",371991,2025-05-14 03:57:51,42.3991050720215,-8.92239093780518,"Female"
"9004158",371991,2025-05-14 04:02:53,42.3998184204102,-8.92299556732178,"Female"
"9004158",371991,2025-05-14 04:09:04,42.3988723754883,-8.92200088500977,"Female"
"9004158",371991,2025-05-14 04:12:46,42.3993530273438,-8.92259979248047,"Female"
"9004158",371991,2025-05-14 04:17:47,42.3990249633789,-8.92213821411133,"Female"
"9004158",371991,2025-05-14 04:23:14,42.3994369506836,-8.92221450805664,"Female"
"9004158",371991,2025-05-14 04:28:22,42.3995399475098,-8.92221736907959,"Female"
"9004158",371991,2025-05-14 04:33:23,42.3994674682617,-8.92223453521729,"Female"
"9004158",371991,2025-05-14 04:38:04,42.399341583252,-8.92213821411133,"Female"
"9004158",371991,2025-05-14 04:42:48,42.3994941711426,-8.92232894897461,"Female"
"9004158",371991,2025-05-14 04:47:43,42.3993682861328,-8.92199897766113,"Female"
"9004158",371991,2025-05-14 04:52:51,42.3996505737305,-8.92217636108398,"Female"
"9004158",371991,2025-05-14 04:57:43,42.3993835449219,-8.921875,"Female"
"9004158",371991,2025-05-14 05:02:42,42.4079475402832,-8.92191028594971,"Female"
"9004158",371991,2025-05-14 05:07:41,42.416633605957,-8.92139720916748,"Female"
"9004158",371991,2025-05-14 05:12:41,42.4465370178223,-8.92123126983643,"Female"
"9004158",371991,2025-05-14 05:17:41,42.4520721435547,-8.92018985748291,"Female"
"9004158",371991,2025-05-14 05:22:41,42.4548645019531,-8.91828346252441,"Female"
"9004158",371991,2025-05-14 05:27:41,42.4547500610352,-8.91862297058105,"Female"
"9004158",371991,2025-05-14 05:32:41,42.4546127319336,-8.91843414306641,"Female"
"9004158",371991,2025-05-14 05:37:41,42.4546585083008,-8.91848659515381,"Female"
"9004158",371991,2025-05-14 05:42:41,42.4546241760254,-8.91846179962158,"Female"
"9004158",371991,2025-05-14 05:47:41,42.4545211791992,-8.91834831237793,"Female"
"9004158",371991,2025-05-14 05:52:41,42.4545974731445,-8.91845321655273,"Female"
"9004158",371991,2025-05-14 05:57:41,42.4544982910156,-8.91835308074951,"Female"
"9004158",371991,2025-05-14 06:02:41,42.4545516967773,-8.91838359832764,"Female"
"9004158",371991,2025-05-14 06:07:41,42.4545516967773,-8.91841220855713,"Female"
"9004158",371991,2025-05-14 06:12:41,42.454517364502,-8.91840076446533,"Female"
"9004158",371991,2025-05-14 06:17:53,42.454719543457,-8.91841411590576,"Female"
"9004158",371991,2025-05-14 06:22:52,42.4542274475098,-8.91883945465088,"Female"
"9004158",371991,2025-05-14 06:28:13,42.4542961120605,-8.91825675964355,"Female"
"9004158",371991,2025-05-14 06:33:12,42.4542922973633,-8.91841697692871,"Female"
"9004158",371991,2025-05-14 06:38:12,42.4543952941895,-8.9184455871582,"Female"
"9004158",371991,2025-05-14 06:43:12,42.4543800354004,-8.91827869415283,"Female"
"9004158",371991,2025-05-14 06:48:12,42.4544868469238,-8.91834449768066,"Female"
"9004158",371991,2025-05-14 06:53:12,42.4545440673828,-8.91837978363037,"Female"
"9004158",371991,2025-05-14 06:58:12,42.4545097351074,-8.91831493377686,"Female"
"9004158",371991,2025-05-14 07:03:12,42.4544486999512,-8.91826152801514,"Female"
"9004158",371991,2025-05-14 07:08:12,42.4545745849609,-8.91822814941406,"Female"
"9004158",371991,2025-05-14 07:13:12,42.4545288085938,-8.9182767868042,"Female"
"9004158",371991,2025-05-14 07:18:26,42.454761505127,-8.91817665100098,"Female"
"9004158",371991,2025-05-14 07:23:27,42.4548797607422,-8.91775608062744,"Female"
"9004158",371991,2025-05-14 07:28:27,42.4547119140625,-8.91775035858154,"Female"
"9004158",371991,2025-05-14 07:33:27,42.4549179077148,-8.91785144805908,"Female"
"9004158",371991,2025-05-14 07:38:27,42.454833984375,-8.91835403442383,"Female"
"9004158",371991,2025-05-14 07:43:29,42.454719543457,-8.91856670379639,"Female"
"9004158",371991,2025-05-14 07:48:27,42.4547500610352,-8.91861629486084,"Female"
"9004158",371991,2025-05-14 07:53:27,42.4548225402832,-8.91845703125,"Female"
"9004158",371991,2025-05-14 07:58:27,42.4558525085449,-8.92069149017334,"Female"
"9004158",371991,2025-05-14 08:03:29,42.4551887512207,-8.92207813262939,"Female"
"9004158",371991,2025-05-14 08:09:28,42.4540023803711,-8.92303943634033,"Female"
"9004158",371991,2025-05-14 08:14:28,42.4539260864258,-8.923020362854,"Female"
"9004158",371991,2025-05-14 08:19:28,42.4531211853027,-8.9235258102417,"Female"
"9004158",371991,2025-05-14 08:24:28,42.4530601501465,-8.92395782470703,"Female"
"9004158",371991,2025-05-14 08:29:28,42.4531669616699,-8.92353248596191,"Female"
"9004158",371991,2025-05-14 08:34:28,42.4531135559082,-8.92372131347656,"Female"
"9004158",371991,2025-05-14 08:39:28,42.4530639648438,-8.92370891571045,"Female"
"9004158",371991,2025-05-14 08:44:28,42.4531135559082,-8.92371940612793,"Female"
"9004158",371991,2025-05-14 08:49:28,42.4531555175781,-8.92369937896729,"Female"
"9004158",371991,2025-05-14 08:54:29,42.4532623291016,-8.92399597167969,"Female"
"9004158",371991,2025-05-14 08:59:28,42.4530754089355,-8.92378997802734,"Female"
"9004158",371991,2025-05-14 09:04:30,42.4530754089355,-8.92377376556396,"Female"
"9004158",371991,2025-05-14 09:09:28,42.4531440734863,-8.92385482788086,"Female"
"9004158",371991,2025-05-14 09:14:28,42.4529991149902,-8.92372894287109,"Female"
"9004158",371991,2025-05-14 09:19:28,42.4530830383301,-8.92377758026123,"Female"
"9004158",371991,2025-05-14 09:24:28,42.4529991149902,-8.92368412017822,"Female"
"9004158",371991,2025-05-14 09:29:29,42.4532012939453,-8.92401504516602,"Female"
"9004158",371991,2025-05-14 09:34:29,42.452693939209,-8.92335510253906,"Female"
"9004158",371991,2025-05-14 09:39:50,42.4526252746582,-8.92408561706543,"Female"
"9004158",371991,2025-05-14 09:44:50,42.4525985717773,-8.92350006103516,"Female"
"9004158",371991,2025-05-14 09:50:10,42.4522476196289,-8.92417907714844,"Female"
"9004158",371991,2025-05-14 09:54:52,42.4531440734863,-8.92413902282715,"Female"
"9004158",371991,2025-05-14 09:59:49,42.4533843994141,-8.92322254180908,"Female"
"9004158",371991,2025-05-14 10:04:50,42.4535865783691,-8.9231128692627,"Female"
"9004158",371991,2025-05-14 10:09:49,42.4528541564941,-8.9233283996582,"Female"
"9004158",371991,2025-05-14 10:15:31,42.4520225524902,-8.92252922058105,"Female"
"9004158",371991,2025-05-14 10:20:33,42.4522705078125,-8.92200756072998,"Female"
"9004158",371991,2025-05-14 10:25:31,42.4545631408691,-8.91867446899414,"Female"
"9004158",371991,2025-05-14 10:30:32,42.45458984375,-8.91864490509033,"Female"
"9004158",371991,2025-05-14 10:35:32,42.4545440673828,-8.91877460479736,"Female"
"9004158",371991,2025-05-14 10:40:31,42.4544906616211,-8.91875648498535,"Female"
"9004158",371991,2025-05-14 10:45:32,42.4545059204102,-8.91878318786621,"Female"
"9004158",371991,2025-05-14 10:50:32,42.4549179077148,-8.91924381256104,"Female"
"9004158",371991,2025-05-14 10:55:54,42.4548568725586,-8.91971588134766,"Female"
"9004158",371991,2025-05-14 11:01:20,42.4541549682617,-8.92035388946533,"Female"
"9004158",371991,2025-05-14 11:06:20,42.4548568725586,-8.92136859893799,"Female"
"9004158",371991,2025-05-14 11:11:20,42.4557342529297,-8.92100238800049,"Female"
"9004158",371991,2025-05-14 11:16:26,42.4558258056641,-8.91984272003174,"Female"
"9004158",371991,2025-05-14 11:21:37,42.4566879272461,-8.91889381408691,"Female"
"9004158",371991,2025-05-14 11:26:56,42.4572982788086,-8.917649269104,"Female"
"9004158",371991,2025-05-14 11:31:54,42.457633972168,-8.91723537445068,"Female"
"9004158",371991,2025-05-14 11:36:55,42.4544486999512,-8.91853523254395,"Female"
"9004158",371991,2025-05-14 11:41:54,42.4544639587402,-8.91853332519531,"Female"
"9004158",371991,2025-05-14 11:46:54,42.4544448852539,-8.91846656799316,"Female"
"9004158",371991,2025-05-14 11:51:54,42.4543762207031,-8.91834926605225,"Female"
"9004158",371991,2025-05-14 11:57:01,42.4550933837891,-8.9186954498291,"Female"
"9004158",371991,2025-05-14 12:01:55,42.4548416137695,-8.91879177093506,"Female"
"9004158",371991,2025-05-14 12:06:54,42.4545745849609,-8.91894912719727,"Female"
"9004158",371991,2025-05-14 12:11:59,42.4549140930176,-8.91917991638184,"Female"
"9004158",371991,2025-05-14 12:16:57,42.456184387207,-8.92006015777588,"Female"
"9004158",371991,2025-05-14 12:22:55,42.4573173522949,-8.91915225982666,"Female"
"9004158",371991,2025-05-14 12:27:59,42.4575538635254,-8.91896629333496,"Female"
"9004158",371991,2025-05-14 12:32:59,42.4569435119629,-8.92026901245117,"Female"
"9004158",371991,2025-05-14 12:37:59,42.4561157226562,-8.92058086395264,"Female"
"9004158",371991,2025-05-14 12:42:59,42.4564018249512,-8.9204740524292,"Female"
"9004158",371991,2025-05-14 12:47:59,42.456485748291,-8.92051029205322,"Female"
"9004158",371991,2025-05-14 12:52:58,42.4564666748047,-8.92052459716797,"Female"
"9004158",371991,2025-05-14 12:57:59,42.4442138671875,-8.91942596435547,"Female"
"9004158",371991,2025-05-14 13:02:59,42.4433250427246,-8.91922092437744,"Female"
"9004158",371991,2025-05-14 13:07:59,42.4423904418945,-8.91911029815674,"Female"
"9004158",371991,2025-05-14 13:12:58,42.4078330993652,-8.92120933532715,"Female"
"9004158",371991,2025-05-14 13:18:06,42.3991584777832,-8.92127227783203,"Female"
"9004158",371991,2025-05-14 13:23:04,42.3990936279297,-8.92156982421875,"Female"
"9004158",371991,2025-05-14 13:28:06,42.399112701416,-8.92148017883301,"Female"
"9004158",371991,2025-05-14 13:33:04,42.3990859985352,-8.92086601257324,"Female"
"9004158",371991,2025-05-14 13:38:01,42.3992385864258,-8.92087554931641,"Female"
"9004158",371991,2025-05-14 13:43:10,42.3991622924805,-8.92103958129883,"Female"
"9004158",371991,2025-05-14 13:47:58,42.3991317749023,-8.92105770111084,"Female"
"9004158",371991,2025-05-14 13:52:59,42.3992576599121,-8.92115592956543,"Female"
"9004158",371991,2025-05-14 13:58:00,42.3991546630859,-8.92115116119385,"Female"
"9004158",371991,2025-05-14 14:03:06,42.3990707397461,-8.92101669311523,"Female"
"9004158",371991,2025-05-14 14:08:04,42.3991165161133,-8.92110443115234,"Female"
"9004158",371991,2025-05-14 14:13:04,42.3991241455078,-8.92084884643555,"Female"
"9004158",371991,2025-05-14 14:18:05,42.3991355895996,-8.92090797424316,"Female"
"9004158",371991,2025-05-14 14:23:04,42.3989601135254,-8.92101097106934,"Female"
"9004158",371991,2025-05-14 14:28:04,42.3990020751953,-8.92076206207275,"Female"
"9004158",371991,2025-05-14 14:33:13,42.3990592956543,-8.92092418670654,"Female"
"9004158",371991,2025-05-14 14:38:04,42.3991165161133,-8.92125129699707,"Female"
"9004158",371991,2025-05-14 14:43:01,42.3990364074707,-8.92098426818848,"Female"
"9004158",371991,2025-05-14 14:48:06,42.3990364074707,-8.92116928100586,"Female"
"9004158",371991,2025-05-14 14:53:05,42.3990135192871,-8.92121124267578,"Female"
"9004158",371991,2025-05-14 14:58:01,42.3988838195801,-8.92106056213379,"Female"
"9004158",371991,2025-05-14 15:03:17,42.398754119873,-8.92118453979492,"Female"
"9004158",371991,2025-05-14 15:08:07,42.3988914489746,-8.92174530029297,"Female"
"9004158",371991,2025-05-14 15:13:10,42.398609161377,-8.92116355895996,"Female"
"9004158",371991,2025-05-14 15:18:12,42.3988227844238,-8.92119407653809,"Female"
"9004158",371991,2025-05-14 15:23:12,42.3987579345703,-8.92126274108887,"Female"
"9004158",371991,2025-05-14 15:28:12,42.3987121582031,-8.92160129547119,"Female"
"9004158",371991,2025-05-14 15:33:06,42.3991012573242,-8.92140197753906,"Female"
"9004158",371991,2025-05-14 15:38:06,42.3992691040039,-8.92120265960693,"Female"
"9004158",371991,2025-05-14 15:43:06,42.3991432189941,-8.9212818145752,"Female"
"9004158",371991,2025-05-14 15:49:21,42.3988990783691,-8.92171669006348,"Female"
"9004158",371991,2025-05-14 15:54:21,42.3991775512695,-8.9213752746582,"Female"
"9004158",371991,2025-05-14 15:58:08,42.3992195129395,-8.92118835449219,"Female"
"9004158",371991,2025-05-14 16:03:09,42.3994827270508,-8.92124366760254,"Female"
"9004158",371991,2025-05-14 16:08:00,42.4013748168945,-8.92047882080078,"Female"
"9004158",371991,2025-05-14 16:13:31,42.4027938842773,-8.9209451675415,"Female"
"9004158",371991,2025-05-14 16:18:32,42.4219207763672,-8.91599082946777,"Female"
"9004158",371991,2025-05-14 16:23:32,42.4479141235352,-8.91776657104492,"Female"
"9004158",371991,2025-05-14 16:28:32,42.453239440918,-8.92377758026123,"Female"
"9004158",371991,2025-05-14 16:34:42,42.4537658691406,-8.92404270172119,"Female"
"9004158",371991,2025-05-14 16:39:23,42.4540100097656,-8.92386722564697,"Female"
"9004158",371991,2025-05-14 16:44:40,42.4542388916016,-8.92398548126221,"Female"
"9004158",371991,2025-05-14 16:49:40,42.455192565918,-8.92325401306152,"Female"
"9004158",371991,2025-05-14 16:54:40,42.4554901123047,-8.92231559753418,"Female"
"9004158",371991,2025-05-14 16:59:40,42.4562492370605,-8.9214448928833,"Female"
"9004158",371991,2025-05-14 17:04:41,42.4564743041992,-8.92031192779541,"Female"
"9004158",371991,2025-05-14 17:09:41,42.4562911987305,-8.92040824890137,"Female"
"9004158",371991,2025-05-14 17:14:41,42.4563980102539,-8.92088794708252,"Female"
"9004158",371991,2025-05-14 17:19:41,42.4559288024902,-8.9217529296875,"Female"
"9004158",371991,2025-05-14 17:24:47,42.4552307128906,-8.92332077026367,"Female"
"9004158",371991,2025-05-14 17:29:47,42.4538726806641,-8.92376899719238,"Female"
"9004158",371991,2025-05-14 17:34:55,42.4533233642578,-8.92453384399414,"Female"
"9004158",371991,2025-05-14 17:39:52,42.452018737793,-8.92434978485107,"Female"
"9004158",371991,2025-05-14 17:44:53,42.4492454528809,-8.92644500732422,"Female"
"9004158",371991,2025-05-14 17:49:52,42.4179039001465,-8.92107009887695,"Female"
"9004158",371991,2025-05-14 17:54:59,42.3991889953613,-8.92149448394775,"Female"
"9004158",371991,2025-05-14 17:59:52,42.399486541748,-8.92144870758057,"Female"
"9004158",371991,2025-05-14 18:04:54,42.3997077941895,-8.92193508148193,"Female"
"9004158",371991,2025-05-14 18:10:19,42.3992462158203,-8.92149353027344,"Female"
"9004158",371991,2025-05-14 18:21:15,42.399284362793,-8.92173480987549,"Female"
"9004158",371991,2025-05-14 18:25:06,42.3984718322754,-8.92167663574219,"Female"
"9004158",371991,2025-05-14 18:30:04,42.398323059082,-8.92162704467773,"Female"
"9004158",371991,2025-05-14 18:34:58,42.3990516662598,-8.92300415039062,"Female"
"9004158",371991,2025-05-14 18:40:35,42.3989906311035,-8.92133522033691,"Female"
"9004158",371991,2025-05-14 18:45:21,42.3991813659668,-8.92147064208984,"Female"
"9004158",371991,2025-05-14 18:49:57,42.399055480957,-8.92124176025391,"Female"
"9004158",371991,2025-05-14 18:55:00,42.3989868164062,-8.92120552062988,"Female"
"9004158",371991,2025-05-14 19:00:56,42.3990364074707,-8.92135429382324,"Female"
"9004158",371991,2025-05-14 19:05:27,42.398998260498,-8.92128372192383,"Female"
"9004158",371991,2025-05-14 19:09:54,42.4003562927246,-8.92275428771973,"Female"
"9004158",371991,2025-05-14 19:15:00,42.4001197814941,-8.92228221893311,"Female"
"9004158",371991,2025-05-14 19:20:14,42.4003257751465,-8.92233085632324,"Female"
"9004158",371991,2025-05-14 19:24:55,42.3998870849609,-8.92232036590576,"Female"
"9004158",371991,2025-05-14 19:29:55,42.4000549316406,-8.92223072052002,"Female"
"9004158",371991,2025-05-14 19:36:15,42.3995018005371,-8.92222118377686,"Female"
"9004158",371991,2025-05-14 19:40:03,42.3994064331055,-8.92220306396484,"Female"
"9004158",371991,2025-05-14 19:45:12,42.3995132446289,-8.92220306396484,"Female"
"9004158",371991,2025-05-14 19:49:53,42.400806427002,-8.92454814910889,"Female"
"9004158",371991,2025-05-14 19:54:52,42.3996353149414,-8.92222309112549,"Female"
"9004158",371991,2025-05-14 19:59:54,42.3996391296387,-8.92206859588623,"Female"
"9004158",371991,2025-05-14 20:04:54,42.3995742797852,-8.92205619812012,"Female"
"9004158",371991,2025-05-14 20:09:52,42.3996315002441,-8.92195606231689,"Female"
"9004158",371991,2025-05-14 20:14:54,42.3995933532715,-8.92205715179443,"Female"
"9004158",371991,2025-05-14 20:19:53,42.399471282959,-8.92205810546875,"Female"
"9004158",371991,2025-05-14 20:24:54,42.3992500305176,-8.92218017578125,"Female"
"9004158",371991,2025-05-14 20:29:53,42.3993339538574,-8.92199230194092,"Female"
"9004158",371991,2025-05-14 20:34:52,42.3992805480957,-8.922119140625,"Female"
"9004158",371991,2025-05-14 20:40:05,42.3993682861328,-8.92185497283936,"Female"
"9004158",371991,2025-05-14 20:45:14,42.3994026184082,-8.92177963256836,"Female"
"9004158",371991,2025-05-14 20:49:53,42.3993110656738,-8.92209625244141,"Female"
"9004158",371991,2025-05-14 20:54:52,42.3993797302246,-8.92191791534424,"Female"
"9004158",371991,2025-05-14 20:59:57,42.3994102478027,-8.92196178436279,"Female"
"9004158",371991,2025-05-14 21:04:53,42.3995971679688,-8.92213821411133,"Female"
"9004158",371991,2025-05-14 21:10:05,42.3994216918945,-8.92212295532227,"Female"
"9004158",371991,2025-05-14 21:15:24,42.399486541748,-8.92206192016602,"Female"
"9004158",371991,2025-05-14 21:19:54,42.3994522094727,-8.92232894897461,"Female"
"9004158",371991,2025-05-14 21:24:55,42.3996734619141,-8.92220592498779,"Female"
"9004158",371991,2025-05-14 21:29:54,42.3991088867188,-8.92183399200439,"Female"
"9004158",371991,2025-05-14 21:34:57,42.3991470336914,-8.92221164703369,"Female"
"9004158",371991,2025-05-14 21:39:53,42.3993301391602,-8.92227745056152,"Female"
"9004158",371991,2025-05-14 21:44:57,42.3991508483887,-8.92217254638672,"Female"
"9004158",371991,2025-05-14 21:49:55,42.3992042541504,-8.92199611663818,"Female"
"9004158",371991,2025-05-14 21:54:53,42.3992347717285,-8.92173194885254,"Female"
"9004158",371991,2025-05-14 21:59:54,42.3990745544434,-8.9213171005249,"Female"
"9004158",371991,2025-05-14 22:04:57,42.399169921875,-8.92209243774414,"Female"
"9004158",371991,2025-05-14 22:09:55,42.3993225097656,-8.92203426361084,"Female"
"9004158",371991,2025-05-14 22:14:54,42.3990821838379,-8.92317962646484,"Female"
"9004158",371991,2025-05-14 22:19:55,42.3992500305176,-8.92227268218994,"Female"
"9004158",371991,2025-05-14 22:25:12,42.3989601135254,-8.9221715927124,"Female"
"9004158",371991,2025-05-14 22:29:54,42.3990135192871,-8.92205142974854,"Female"
"9004158",371991,2025-05-14 22:34:54,42.3991508483887,-8.92181015014648,"Female"
"9004158",371991,2025-05-14 22:39:54,42.3989715576172,-8.92201519012451,"Female"
"9004158",371991,2025-05-14 22:44:52,42.3990592956543,-8.92195796966553,"Female"
"9004158",371991,2025-05-14 22:50:14,42.3993873596191,-8.92204284667969,"Female"
"9004158",371991,2025-05-14 22:55:12,42.3989448547363,-8.92224979400635,"Female"
"9004158",371991,2025-05-14 22:59:55,42.3995361328125,-8.92169666290283,"Female"
"9004158",371991,2025-05-14 23:04:59,42.3995475769043,-8.92199993133545,"Female"
"9004158",371991,2025-05-14 23:09:57,42.3990898132324,-8.92191314697266,"Female"
"9004158",371991,2025-05-14 23:15:01,42.3998260498047,-8.92209815979004,"Female"
"9004158",371991,2025-05-14 23:19:57,42.3991165161133,-8.92190647125244,"Female"
"9004158",371991,2025-05-14 23:24:57,42.3991432189941,-8.92182350158691,"Female"
"9004158",371991,2025-05-14 23:29:58,42.3993072509766,-8.92223358154297,"Female"
"9004158",371991,2025-05-14 23:34:54,42.3991966247559,-8.92215824127197,"Female"
"9004158",371991,2025-05-14 23:39:54,42.3991737365723,-8.92210102081299,"Female"
"9004158",371991,2025-05-14 23:44:53,42.399356842041,-8.92263031005859,"Female"
"9004158",371991,2025-05-14 23:49:56,42.3991432189941,-8.9218635559082,"Female"
"9004158",371991,2025-05-14 23:54:58,42.3991279602051,-8.92190933227539,"Female"
"9004158",371991,2025-05-14 23:59:58,42.3993911743164,-8.92217922210693,"Female"
"9004158",371991,2025-05-15 00:05:06,42.399242401123,-8.92164516448975,"Female"
"9004158",371991,2025-05-15 00:09:55,42.3993186950684,-8.92180156707764,"Female"
"9004158",371991,2025-05-15 00:15:01,42.3994331359863,-8.92186641693115,"Female"
"9004158",371991,2025-05-15 00:19:54,42.3994560241699,-8.92188358306885,"Female"
"9004158",371991,2025-05-15 00:24:57,42.3997230529785,-8.92204093933105,"Female"
"9004158",371991,2025-05-15 00:30:00,42.4001083374023,-8.92212963104248,"Female"
"9004158",371991,2025-05-15 00:34:57,42.3995666503906,-8.92177486419678,"Female"
"9004158",371991,2025-05-15 00:39:55,42.3998756408691,-8.92184829711914,"Female"
"9004158",371991,2025-05-15 00:44:54,42.3999824523926,-8.92197227478027,"Female"
"9004158",371991,2025-05-15 00:50:26,42.4013786315918,-8.92189025878906,"Female"
"9004158",371991,2025-05-15 00:55:00,42.4010848999023,-8.92180252075195,"Female"
"9004158",371991,2025-05-15 00:59:54,42.4007759094238,-8.92207050323486,"Female"
"9004158",371991,2025-05-15 01:04:57,42.3995208740234,-8.92176342010498,"Female"
"9004158",371991,2025-05-15 01:09:59,42.4004287719727,-8.92192649841309,"Female"
"9004158",371991,2025-05-15 01:14:57,42.400318145752,-8.92190551757812,"Female"
"9004158",371991,2025-05-15 01:19:59,42.4001388549805,-8.9220142364502,"Female"
"9004158",371991,2025-05-15 01:24:57,42.4001960754395,-8.92207527160645,"Female"
"9004158",371991,2025-05-15 01:29:58,42.3999938964844,-8.92211055755615,"Female"
"9004158",371991,2025-05-15 01:34:58,42.3999176025391,-8.92204856872559,"Female"
"9004158",371991,2025-05-15 01:39:58,42.3998985290527,-8.92210960388184,"Female"
"9004158",371991,2025-05-15 01:44:55,42.4003562927246,-8.92288017272949,"Female"
"9004158",371991,2025-05-15 01:49:58,42.3997230529785,-8.9221134185791,"Female"
"9004158",371991,2025-05-15 01:55:04,42.3995323181152,-8.92199802398682,"Female"
"9004158",371991,2025-05-15 01:59:57,42.3998069763184,-8.92220020294189,"Female"
"9004158",371991,2025-05-15 02:05:03,42.3994255065918,-8.9222240447998,"Female"
"9004158",371991,2025-05-15 02:10:03,42.3994026184082,-8.92211723327637,"Female"
"9004158",371991,2025-05-15 02:15:00,42.399658203125,-8.92223930358887,"Female"
"9004158",371991,2025-05-15 02:20:00,42.3995666503906,-8.92240905761719,"Female"
"9004158",371991,2025-05-15 02:25:01,42.399658203125,-8.9227819442749,"Female"
"9004158",371991,2025-05-15 02:30:07,42.3995323181152,-8.92244911193848,"Female"
"9004158",371991,2025-05-15 02:34:59,42.3994178771973,-8.92241287231445,"Female"
"9004158",371991,2025-05-15 02:40:00,42.3992385864258,-8.92248058319092,"Female"
"9004158",371991,2025-05-15 02:45:13,42.3993911743164,-8.92215442657471,"Female"
"9004158",371991,2025-05-15 02:49:57,42.3994827270508,-8.92213726043701,"Female"
"9004158",371991,2025-05-15 02:54:57,42.3995094299316,-8.9221715927124,"Female"
"9004158",371991,2025-05-15 03:00:02,42.3994407653809,-8.92215538024902,"Female"
"9004158",371991,2025-05-15 03:04:57,42.398738861084,-8.92225646972656,"Female"
"9004158",371991,2025-05-15 03:09:57,42.3995513916016,-8.92242336273193,"Female"
"9004158",371991,2025-05-15 03:14:59,42.3995246887207,-8.92194652557373,"Female"
"9004158",371991,2025-05-15 03:20:04,42.3996124267578,-8.92214775085449,"Female"
"9004158",371991,2025-05-15 03:25:44,42.3993263244629,-8.92184066772461,"Female"
"9004158",371991,2025-05-15 03:29:53,42.3986968994141,-8.92167949676514,"Female"
"9004158",371991,2025-05-15 03:34:54,42.3993225097656,-8.92207145690918,"Female"
"9004158",371991,2025-05-15 03:39:54,42.3993759155273,-8.92171669006348,"Female"
"9004158",371991,2025-05-15 03:44:58,42.3993759155273,-8.92178726196289,"Female"
"9004158",371991,2025-05-15 03:50:38,42.3994598388672,-8.92186641693115,"Female"
"9004158",371991,2025-05-15 03:55:10,42.3993034362793,-8.92187213897705,"Female"
"9004158",371991,2025-05-15 03:59:59,42.3991394042969,-8.92170429229736,"Female"
"9004158",371991,2025-05-15 04:05:14,42.3993377685547,-8.92198944091797,"Female"
"9004158",371991,2025-05-15 04:10:21,42.3991737365723,-8.9219388961792,"Female"
"9004158",371991,2025-05-15 04:15:08,42.3992919921875,-8.92200660705566,"Female"
"9004158",371991,2025-05-15 04:20:40,42.399242401123,-8.92182636260986,"Female"
"9004158",371991,2025-05-15 04:25:43,42.3992385864258,-8.92205333709717,"Female"
"9004158",371991,2025-05-15 04:30:22,42.3992805480957,-8.92197036743164,"Female"
"9004158",371991,2025-05-15 04:34:58,42.399299621582,-8.92197132110596,"Female"
"9004158",371991,2025-05-15 04:40:11,42.3994178771973,-8.92202472686768,"Female"
"9004158",371991,2025-05-15 04:44:54,42.3987693786621,-8.92147541046143,"Female"
"9004158",371991,2025-05-15 04:49:54,42.3990592956543,-8.92222499847412,"Female"
"9004158",371991,2025-05-15 04:54:54,42.3990440368652,-8.92202854156494,"Female"
"9004158",371991,2025-05-15 04:59:55,42.3993644714355,-8.92229175567627,"Female"
"9004158",371991,2025-05-15 05:04:57,42.3992042541504,-8.92221355438232,"Female"
"9004158",371991,2025-05-15 05:09:52,42.4220237731934,-8.92230606079102,"Female"
"9004158",371991,2025-05-15 05:14:52,42.4470481872559,-8.92214488983154,"Female"
"9004158",371991,2025-05-15 05:19:52,42.4510231018066,-8.92243576049805,"Female"
"9004158",371991,2025-05-15 05:25:10,42.4508476257324,-8.92262840270996,"Female"
"9004158",371991,2025-05-15 05:31:04,42.4514122009277,-8.92220115661621,"Female"
"9004158",371991,2025-05-15 05:36:04,42.4516258239746,-8.92328071594238,"Female"
"9004158",371991,2025-05-15 05:41:04,42.4547233581543,-8.91857433319092,"Female"
"9004158",371991,2025-05-15 05:46:04,42.454761505127,-8.91855525970459,"Female"
"9004158",371991,2025-05-15 05:51:04,42.4547576904297,-8.9185676574707,"Female"
"9004158",371991,2025-05-15 05:56:04,42.4547271728516,-8.91861152648926,"Female"
"9004158",371991,2025-05-15 06:01:04,42.4547004699707,-8.91849231719971,"Female"
"9004158",371991,2025-05-15 06:06:04,42.4547500610352,-8.91866588592529,"Female"
"9004158",371991,2025-05-15 06:11:04,42.4547271728516,-8.91854763031006,"Female"
"9004158",371991,2025-05-15 06:16:04,42.454761505127,-8.91862297058105,"Female"
"9004158",371991,2025-05-15 06:21:17,42.4550933837891,-8.91855525970459,"Female"
"9004158",371991,2025-05-15 06:26:42,42.4545516967773,-8.91804122924805,"Female"
"9004158",371991,2025-05-15 06:31:42,42.4546661376953,-8.91839599609375,"Female"
"9004158",371991,2025-05-15 06:36:42,42.4545822143555,-8.91828918457031,"Female"
"9004158",371991,2025-05-15 06:41:42,42.4545631408691,-8.91828346252441,"Female"
"9004158",371991,2025-05-15 06:47:01,42.4546585083008,-8.91812324523926,"Female"
"9004158",371991,2025-05-15 06:52:01,42.4549942016602,-8.91941547393799,"Female"
"9004158",371991,2025-05-15 06:57:01,42.4553718566895,-8.92061710357666,"Female"
"9004158",371991,2025-05-15 07:02:01,42.4550895690918,-8.92165851593018,"Female"
"9004158",371991,2025-05-15 07:07:01,42.4547233581543,-8.92288017272949,"Female"
"9004158",371991,2025-05-15 07:12:01,42.4532890319824,-8.92362880706787,"Female"
"9004158",371991,2025-05-15 07:17:12,42.4518280029297,-8.92417526245117,"Female"
"9004158",371991,2025-05-15 07:22:05,42.4519348144531,-8.92390727996826,"Female"
"9004158",371991,2025-05-15 07:27:06,42.451587677002,-8.92391872406006,"Female"
"9004158",371991,2025-05-15 07:32:03,42.430419921875,-8.92089080810547,"Female"
"9004158",371991,2025-05-15 07:37:03,42.3988418579102,-8.92083549499512,"Female"
"9004158",371991,2025-05-15 07:42:11,42.3989944458008,-8.9212007522583,"Female"
"9004158",371991,2025-05-15 07:47:05,42.3990097045898,-8.92116165161133,"Female"
"9004158",371991,2025-05-15 07:52:12,42.3990707397461,-8.92114734649658,"Female"
"9004158",371991,2025-05-15 07:57:06,42.3992614746094,-8.92175006866455,"Female"
"9004158",371991,2025-05-15 08:02:07,42.3989410400391,-8.9210033416748,"Female"
"9004158",371991,2025-05-15 08:07:09,42.3989715576172,-8.92089748382568,"Female"
"9004158",371991,2025-05-15 08:12:06,42.3990440368652,-8.92137050628662,"Female"
"9004158",371991,2025-05-15 08:17:25,42.398811340332,-8.92054462432861,"Female"
"9004158",371991,2025-05-15 08:22:18,42.398754119873,-8.92028427124023,"Female"
"9004158",371991,2025-05-15 08:27:11,42.3992233276367,-8.92181015014648,"Female"
"9004158",371991,2025-05-15 08:32:13,42.3989791870117,-8.9211483001709,"Female"
"9004158",371991,2025-05-15 08:37:13,42.3989562988281,-8.92096996307373,"Female"
"9004158",371991,2025-05-15 08:42:23,42.3988914489746,-8.92087650299072,"Female"
"9004158",371991,2025-05-15 08:47:12,42.3988876342773,-8.92091846466064,"Female"
"9004158",371991,2025-05-15 08:52:12,42.3989715576172,-8.92105388641357,"Female"
"9004158",371991,2025-05-15 08:57:10,42.3989753723145,-8.92111015319824,"Female"
"9004158",371991,2025-05-15 09:02:07,42.3990287780762,-8.92113399505615,"Female"
"9004158",371991,2025-05-15 09:07:12,42.3990287780762,-8.92099857330322,"Female"
"9004158",371991,2025-05-15 09:12:31,42.3989372253418,-8.9206428527832,"Female"
"9004158",371991,2025-05-15 09:17:07,42.3988494873047,-8.92053127288818,"Female"
"9004158",371991,2025-05-15 09:22:04,42.4028587341309,-8.91968536376953,"Female"
"9004158",371991,2025-05-15 09:27:03,42.4168510437012,-8.91744041442871,"Female"
"9004158",371991,2025-05-15 09:32:03,42.4434204101562,-8.91841316223145,"Female"
"9004158",371991,2025-05-15 09:37:03,42.4527359008789,-8.92337703704834,"Female"
"9004158",371991,2025-05-15 09:42:07,42.4532356262207,-8.92372894287109,"Female"
"9004158",371991,2025-05-15 09:47:03,42.4538917541504,-8.92272758483887,"Female"
"9004158",371991,2025-05-15 09:52:03,42.4534950256348,-8.92300033569336,"Female"
"9004158",371991,2025-05-15 09:57:18,42.4542541503906,-8.92300605773926,"Female"
"9004158",371991,2025-05-15 10:02:13,42.4548606872559,-8.92015933990479,"Female"
"9004158",371991,2025-05-15 10:07:14,42.4548835754395,-8.92022609710693,"Female"
"9004158",371991,2025-05-15 10:12:12,42.4548606872559,-8.92010307312012,"Female"
"9004158",371991,2025-05-15 10:17:13,42.4549102783203,-8.92004585266113,"Female"
"9004158",371991,2025-05-15 10:22:14,42.4549140930176,-8.92005348205566,"Female"
"9004158",371991,2025-05-15 10:27:15,42.454891204834,-8.9199914932251,"Female"
"9004158",371991,2025-05-15 10:32:15,42.4549102783203,-8.9200553894043,"Female"
"9004158",371991,2025-05-15 10:37:12,42.4549598693848,-8.92004871368408,"Female"
"9004158",371991,2025-05-15 10:42:13,42.4548416137695,-8.91999626159668,"Female"
"9004158",371991,2025-05-15 10:47:25,42.4548606872559,-8.9199857711792,"Female"
"9004158",371991,2025-05-15 10:52:16,42.4549102783203,-8.91994857788086,"Female"
"9004158",371991,2025-05-15 10:57:12,42.4548645019531,-8.91995334625244,"Female"
"9004158",371991,2025-05-15 11:02:13,42.4549407958984,-8.91996192932129,"Female"
"9004158",371991,2025-05-15 11:08:01,42.4555130004883,-8.9197416305542,"Female"
"9004158",371991,2025-05-15 11:13:06,42.4565353393555,-8.91917133331299,"Female"
"9004158",371991,2025-05-15 11:24:43,42.4554023742676,-8.92148017883301,"Female"
"9004158",371991,2025-05-15 11:29:44,42.4550170898438,-8.92260360717773,"Female"
"9004158",371991,2025-05-15 11:34:49,42.4537315368652,-8.92343235015869,"Female"
"9004158",371991,2025-05-15 11:40:16,42.4530258178711,-8.92365550994873,"Female"
"9004158",371991,2025-05-15 11:45:33,42.4521942138672,-8.92387962341309,"Female"
"9004158",371991,2025-05-15 11:50:44,42.4521751403809,-8.92409896850586,"Female"
"9004158",371991,2025-05-15 11:55:24,42.4519386291504,-8.92354202270508,"Female"
"9004158",371991,2025-05-15 12:00:19,42.4518623352051,-8.92275810241699,"Female"
"9004158",371991,2025-05-15 12:05:16,42.452262878418,-8.92294692993164,"Female"
"9004158",371991,2025-05-15 12:10:17,42.4521217346191,-8.92278671264648,"Female"
"9004158",371991,2025-05-15 12:15:17,42.4521255493164,-8.92276763916016,"Female"
"9004158",371991,2025-05-15 12:20:16,42.4520645141602,-8.92279624938965,"Female"
"9004158",371991,2025-05-15 12:25:17,42.4521179199219,-8.92283153533936,"Female"
"9004158",371991,2025-05-15 12:30:17,42.4522438049316,-8.92284297943115,"Female"
"9004158",371991,2025-05-15 12:35:17,42.452522277832,-8.92284297943115,"Female"
"9004158",371991,2025-05-15 12:40:17,42.4526634216309,-8.92255687713623,"Female"
"9004158",371991,2025-05-15 12:45:24,42.451732635498,-8.92212867736816,"Female"
"9004158",371991,2025-05-15 12:50:22,42.451789855957,-8.92219924926758,"Female"
"9004158",371991,2025-05-15 12:55:23,42.4517440795898,-8.92217350006104,"Female"
"9004158",371991,2025-05-15 13:00:24,42.453311920166,-8.92008876800537,"Female"
"9004158",371991,2025-05-15 13:05:23,42.4523544311523,-8.91996669769287,"Female"
"9004158",371991,2025-05-15 13:10:18,42.4521293640137,-8.91983318328857,"Female"
"9004158",371991,2025-05-15 13:15:18,42.4521636962891,-8.91984176635742,"Female"
"9004158",371991,2025-05-15 13:20:24,42.4518852233887,-8.9199047088623,"Female"
"9004158",371991,2025-05-15 13:25:24,42.4414176940918,-8.92083168029785,"Female"
"9004158",371991,2025-05-15 13:30:25,42.4404373168945,-8.92095375061035,"Female"
"9004158",371991,2025-05-15 13:35:40,42.4301414489746,-8.92353343963623,"Female"
"9004158",371991,2025-05-15 13:40:25,42.4279556274414,-8.9226598739624,"Female"
"9004158",371991,2025-05-15 13:45:20,42.4118270874023,-8.92409229278564,"Female"
"9004158",371991,2025-05-15 13:50:18,42.4102935791016,-8.92467594146729,"Female"
"9004158",371991,2025-05-15 14:15:53,42.3990440368652,-8.92110157012939,"Female"
"9004158",371991,2025-05-15 14:20:40,42.3996543884277,-8.92171669006348,"Female"
"9004158",371991,2025-05-15 14:25:34,42.3989524841309,-8.92101192474365,"Female"
"9004158",371991,2025-05-15 14:30:21,42.3990898132324,-8.92108917236328,"Female"
"9004158",371991,2025-05-15 14:35:22,42.3989753723145,-8.92103290557861,"Female"
"9004158",371991,2025-05-15 14:40:29,42.3991241455078,-8.92115592956543,"Female"
"9004158",371991,2025-05-15 14:45:31,42.3988800048828,-8.92109680175781,"Female"
"9004158",371991,2025-05-15 14:50:31,42.398998260498,-8.92093658447266,"Female"
"9004158",371991,2025-05-15 14:55:21,42.3990745544434,-8.92095470428467,"Female"
"9004158",371991,2025-05-15 15:00:17,42.3990936279297,-8.92043685913086,"Female"
"9004158",371991,2025-05-15 15:05:17,42.3991508483887,-8.92081356048584,"Female"
"9004158",371991,2025-05-15 15:10:24,42.3990669250488,-8.92091751098633,"Female"
"9004158",371991,2025-05-15 15:15:18,42.4108238220215,-8.91861915588379,"Female"
"9004158",371991,2025-05-15 15:20:17,42.4286117553711,-8.91537094116211,"Female"
"9004158",371991,2025-05-15 15:25:19,42.4524345397949,-8.92295455932617,"Female"
"9004158",371991,2025-05-15 15:30:18,42.4520606994629,-8.9226770401001,"Female"
"9004158",371991,2025-05-15 15:35:17,42.4525299072266,-8.92347240447998,"Female"
"9004158",371991,2025-05-15 15:40:49,42.4531326293945,-8.92335891723633,"Female"
"9004158",371991,2025-05-15 15:45:50,42.4530868530273,-8.92390918731689,"Female"
"9004158",371991,2025-05-15 15:50:50,42.4524269104004,-8.9245662689209,"Female"
"9004158",371991,2025-05-15 15:56:16,42.4517478942871,-8.92509746551514,"Female"
"9004158",371991,2025-05-15 16:01:33,42.4518737792969,-8.92721271514893,"Female"
"9004158",371991,2025-05-15 16:06:49,42.452018737793,-8.92801094055176,"Female"
"9004158",371991,2025-05-15 16:11:49,42.4519958496094,-8.92758178710938,"Female"
"9004158",371991,2025-05-15 16:16:49,42.4518127441406,-8.92727088928223,"Female"
"9004158",371991,2025-05-15 16:22:01,42.4517593383789,-8.92760562896729,"Female"
"9004158",371991,2025-05-15 16:27:01,42.4514274597168,-8.92734718322754,"Female"
"9004158",371991,2025-05-15 16:32:01,42.4518623352051,-8.92733573913574,"Female"
"9004158",371991,2025-05-15 16:37:02,42.4520111083984,-8.92764854431152,"Female"
"9004158",371991,2025-05-15 16:42:03,42.4516487121582,-8.92733478546143,"Female"
"9004158",371991,2025-05-15 16:47:08,42.4512367248535,-8.92773628234863,"Female"
"9004158",371991,2025-05-15 16:52:00,42.4513702392578,-8.9275484085083,"Female"
"9004158",371991,2025-05-15 16:57:13,42.4516105651855,-8.92752265930176,"Female"
"9004158",371991,2025-05-15 17:02:06,42.4512939453125,-8.92782115936279,"Female"
"9004158",371991,2025-05-15 17:07:09,42.4510955810547,-8.92830848693848,"Female"
"9004158",371991,2025-05-15 17:12:17,42.4510765075684,-8.92823696136475,"Female"
"9004158",371991,2025-05-15 17:17:18,42.4512100219727,-8.92797470092773,"Female"
"9004158",371991,2025-05-15 17:22:15,42.4511070251465,-8.92774105072021,"Female"
"9004158",371991,2025-05-15 17:27:15,42.4512634277344,-8.92645835876465,"Female"
"9004158",371991,2025-05-15 17:32:14,42.4513397216797,-8.92550086975098,"Female"
"9004158",371991,2025-05-15 17:37:17,42.450855255127,-8.92508792877197,"Female"
"9004158",371991,2025-05-15 17:42:13,42.4509201049805,-8.92264938354492,"Female"
"9004158",371991,2025-05-15 17:47:14,42.4509353637695,-8.9226188659668,"Female"
"9004158",371991,2025-05-15 17:52:13,42.4508934020996,-8.92261695861816,"Female"
"9004158",371991,2025-05-15 17:57:13,42.4232635498047,-8.92094612121582,"Female"
"9004158",371991,2025-05-15 18:02:19,42.3992042541504,-8.92124271392822,"Female"
"9004158",371991,2025-05-15 18:07:50,42.3996124267578,-8.92215061187744,"Female"
"9004158",371991,2025-05-15 18:13:36,42.400032043457,-8.92200660705566,"Female"
"9004158",371991,2025-05-15 18:18:26,42.3997344970703,-8.9222412109375,"Female"
"9004158",371991,2025-05-15 18:22:40,42.3999252319336,-8.92208290100098,"Female"
"9004158",371991,2025-05-15 18:27:17,42.3998756408691,-8.92208862304688,"Female"
"9004158",371991,2025-05-15 18:32:24,42.399341583252,-8.92213439941406,"Female"
"9004158",371991,2025-05-15 18:37:25,42.3988876342773,-8.92227077484131,"Female"
"9004158",371991,2025-05-15 18:42:41,42.3994102478027,-8.92214393615723,"Female"
"9004158",371991,2025-05-15 18:47:18,42.3998947143555,-8.92375755310059,"Female"
"9004158",371991,2025-05-15 18:52:16,42.3991432189941,-8.92305564880371,"Female"
"9004158",371991,2025-05-15 18:57:16,42.3991661071777,-8.92293548583984,"Female"
"9004158",371991,2025-05-15 19:02:16,42.3995094299316,-8.92277908325195,"Female"
"9004158",371991,2025-05-15 19:08:03,42.3993949890137,-8.92202377319336,"Female"
"9004158",371991,2025-05-15 19:12:14,42.3994483947754,-8.92240524291992,"Female"
"9004158",371991,2025-05-15 19:17:19,42.3995361328125,-8.92216396331787,"Female"
"9004158",371991,2025-05-15 19:22:17,42.3996925354004,-8.92265510559082,"Female"
"9004158",371991,2025-05-15 19:27:16,42.3999938964844,-8.92348766326904,"Female"
"9004158",371991,2025-05-15 19:32:17,42.3999214172363,-8.92326927185059,"Female"
"9004158",371991,2025-05-15 19:37:16,42.3993606567383,-8.92228126525879,"Female"
"9004158",371991,2025-05-15 19:42:18,42.3992919921875,-8.92229747772217,"Female"
"9004158",371991,2025-05-15 19:47:14,42.3997344970703,-8.92276477813721,"Female"
"9004158",371991,2025-05-15 19:52:14,42.3990898132324,-8.92163848876953,"Female"
"9004158",371991,2025-05-15 19:57:15,42.3994140625,-8.922119140625,"Female"
"9004158",371991,2025-05-15 20:02:15,42.3995780944824,-8.92200374603271,"Female"
"9004158",371991,2025-05-15 20:07:18,42.3986320495605,-8.9218578338623,"Female"
"9004158",371991,2025-05-15 20:12:15,42.3997917175293,-8.92177295684814,"Female"
"9004158",371991,2025-05-15 20:17:22,42.3999137878418,-8.92227840423584,"Female"
"9004158",371991,2025-05-15 20:22:16,42.4013824462891,-8.92115783691406,"Female"
"9004158",371991,2025-05-15 20:27:40,42.4001159667969,-8.92222309112549,"Female"
"9004158",371991,2025-05-15 20:32:17,42.4006805419922,-8.9221715927124,"Female"
"9004158",371991,2025-05-15 20:37:13,42.4008865356445,-8.9223051071167,"Female"
"9004158",371991,2025-05-15 20:42:16,42.4001655578613,-8.92234039306641,"Female"
"9004158",371991,2025-05-15 20:47:17,42.4008903503418,-8.92194175720215,"Female"
"9004158",371991,2025-05-15 20:52:31,42.3997688293457,-8.9223108291626,"Female"
"9004158",371991,2025-05-15 20:57:26,42.3993949890137,-8.92223167419434,"Female"
"9004158",371991,2025-05-15 21:02:25,42.3995056152344,-8.92218112945557,"Female"
"9004158",371991,2025-05-15 21:07:26,42.3994445800781,-8.92162990570068,"Female"
"9004158",371991,2025-05-15 21:12:44,42.3991889953613,-8.92220687866211,"Female"
"9004158",371991,2025-05-15 21:17:16,42.3998413085938,-8.92412662506104,"Female"
"9004158",371991,2025-05-15 21:22:14,42.4004707336426,-8.92438983917236,"Female"
"9004158",371991,2025-05-15 21:27:23,42.3992729187012,-8.92184925079346,"Female"
"9004158",371991,2025-05-15 21:32:13,42.3994331359863,-8.92183303833008,"Female"
"9004158",371991,2025-05-15 21:37:14,42.3995933532715,-8.92213153839111,"Female"
"9004158",371991,2025-05-15 21:42:18,42.3982849121094,-8.91970539093018,"Female"
"9004158",371991,2025-05-15 21:47:15,42.3997917175293,-8.92230987548828,"Female"
"9004158",371991,2025-05-15 21:52:14,42.4001846313477,-8.92244529724121,"Female"
"9004158",371991,2025-05-15 21:57:15,42.4001770019531,-8.9236536026001,"Female"
"9004158",371991,2025-05-15 22:02:15,42.3995056152344,-8.92212772369385,"Female"
"9004158",371991,2025-05-15 22:07:18,42.3999633789062,-8.92300033569336,"Female"
"9004158",371991,2025-05-15 22:12:19,42.3996086120605,-8.92169189453125,"Female"
"9004158",371991,2025-05-15 22:17:17,42.3996696472168,-8.92119884490967,"Female"
"9004158",371991,2025-05-15 22:22:19,42.3996429443359,-8.9215726852417,"Female"
"9004158",371991,2025-05-15 22:27:16,42.3994369506836,-8.9224214553833,"Female"
"9004158",371991,2025-05-15 22:32:21,42.3995552062988,-8.92237758636475,"Female"
"9004158",371991,2025-05-15 22:37:18,42.3991813659668,-8.92257499694824,"Female"
"9004158",371991,2025-05-15 22:42:19,42.3994407653809,-8.9227819442749,"Female"
"9004158",371991,2025-05-15 22:47:25,42.3993072509766,-8.92284202575684,"Female"
"9004158",371991,2025-05-15 22:52:19,42.3993911743164,-8.92276668548584,"Female"
"9004158",371991,2025-05-15 22:57:23,42.3993034362793,-8.92233848571777,"Female"
"9004158",371991,2025-05-15 23:02:40,42.3997611999512,-8.92187595367432,"Female"
"9004158",371991,2025-05-15 23:07:21,42.3994941711426,-8.92258071899414,"Female"
"9004158",371991,2025-05-15 23:12:24,42.3997268676758,-8.92220592498779,"Female"
"9004158",371991,2025-05-15 23:18:03,42.3993949890137,-8.92202377319336,"Female"
"9004158",371991,2025-05-15 23:23:10,42.4007682800293,-8.92197799682617,"Female"
"9004158",371991,2025-05-15 23:28:01,42.3993835449219,-8.92196464538574,"Female"
"9004158",371991,2025-05-15 23:33:06,42.3983421325684,-8.92199993133545,"Female"
"9004158",371991,2025-05-15 23:38:06,42.3997116088867,-8.92221641540527,"Female"
"9004158",371991,2025-05-15 23:43:06,42.3993644714355,-8.92218494415283,"Female"
"9004158",371991,2025-05-15 23:48:10,42.3997802734375,-8.92216682434082,"Female"
"9004158",371991,2025-05-15 23:53:01,42.3997650146484,-8.92221450805664,"Female"
"9004158",371991,2025-05-15 23:58:01,42.3996353149414,-8.92212772369385,"Female"
"9004158",371991,2025-05-16 00:03:04,42.4000282287598,-8.9224910736084,"Female"
"9004158",371991,2025-05-16 00:08:01,42.3999214172363,-8.92228603363037,"Female"
"9004158",371991,2025-05-16 00:13:06,42.4003372192383,-8.92252349853516,"Female"
"9004158",371991,2025-05-16 00:17:59,42.3996772766113,-8.92224979400635,"Female"
"9004158",371991,2025-05-16 00:23:00,42.3986587524414,-8.92277050018311,"Female"
"9004158",371991,2025-05-16 00:28:06,42.3996391296387,-8.92266178131104,"Female"
"9004158",371991,2025-05-16 00:33:03,42.3994979858398,-8.92244434356689,"Female"
"9004158",371991,2025-05-16 00:38:04,42.3995170593262,-8.92265605926514,"Female"
"9004158",371991,2025-05-16 00:43:06,42.3994789123535,-8.922287940979,"Female"
"9004158",371991,2025-05-16 00:48:05,42.3991508483887,-8.92282009124756,"Female"
"9004158",371991,2025-05-16 00:53:29,42.4000091552734,-8.92224502563477,"Female"
"9004158",371991,2025-05-16 00:57:59,42.4007339477539,-8.92234992980957,"Female"
"9004158",371991,2025-05-16 01:03:06,42.3990707397461,-8.92245197296143,"Female"
"9004158",371991,2025-05-16 01:08:01,42.3989715576172,-8.92251396179199,"Female"
"9004158",371991,2025-05-16 01:13:01,42.399299621582,-8.92189502716064,"Female"
"9004158",371991,2025-05-16 01:18:03,42.3992805480957,-8.92221927642822,"Female"
"9004158",371991,2025-05-16 01:23:03,42.3993301391602,-8.922287940979,"Female"
"9004158",371991,2025-05-16 01:28:05,42.3993797302246,-8.92215538024902,"Female"
"9004158",371991,2025-05-16 01:33:03,42.3994369506836,-8.92218399047852,"Female"
"9004158",371991,2025-05-16 01:38:01,42.3990783691406,-8.92192840576172,"Female"
"9004158",371991,2025-05-16 01:43:07,42.3993911743164,-8.92214870452881,"Female"
"9004158",371991,2025-05-16 01:48:09,42.3994369506836,-8.92219352722168,"Female"
"9004158",371991,2025-05-16 01:53:03,42.3996200561523,-8.92217445373535,"Female"
"9004158",371991,2025-05-16 01:58:01,42.4000473022461,-8.92257976531982,"Female"
"9004158",371991,2025-05-16 02:03:05,42.4008178710938,-8.92211818695068,"Female"
"9004158",371991,2025-05-16 02:08:05,42.3990707397461,-8.92260932922363,"Female"
"9004158",371991,2025-05-16 02:13:04,42.3996086120605,-8.92291927337646,"Female"
"9004158",371991,2025-05-16 02:18:04,42.4000854492188,-8.92249488830566,"Female"
"9004158",371991,2025-05-16 02:23:06,42.3990058898926,-8.92301177978516,"Female"
"9004158",371991,2025-05-16 02:28:06,42.3992767333984,-8.92321491241455,"Female"
"9004158",371991,2025-05-16 02:33:09,42.3992691040039,-8.92322063446045,"Female"
"9004158",371991,2025-05-16 02:38:09,42.3990516662598,-8.92456912994385,"Female"
"9004158",371991,2025-05-16 02:43:12,42.3989944458008,-8.92312431335449,"Female"
"9004158",371991,2025-05-16 02:48:07,42.3987884521484,-8.92290878295898,"Female"
"9004158",371991,2025-05-16 02:53:06,42.3983535766602,-8.92133903503418,"Female"
"9004158",371991,2025-05-16 02:58:06,42.3987655639648,-8.92136192321777,"Female"
"9004158",371991,2025-05-16 03:03:04,42.3988723754883,-8.92165470123291,"Female"
"9004158",371991,2025-05-16 03:07:59,42.39990234375,-8.92246246337891,"Female"
"9004158",371991,2025-05-16 03:13:03,42.398811340332,-8.92157363891602,"Female"
"9004158",371991,2025-05-16 03:18:05,42.3991241455078,-8.92193794250488,"Female"
"9004158",371991,2025-05-16 03:23:06,42.398983001709,-8.92197608947754,"Female"
"9004158",371991,2025-05-16 03:28:11,42.3990936279297,-8.92176914215088,"Female"
"9004158",371991,2025-05-16 03:33:14,42.398853302002,-8.9221887588501,"Female"
"9004158",371991,2025-05-16 03:38:04,42.3989028930664,-8.92234897613525,"Female"
"9004158",371991,2025-05-16 03:43:04,42.3989372253418,-8.92247009277344,"Female"
"9004158",371991,2025-05-16 03:48:01,42.39892578125,-8.92217540740967,"Female"
"9004158",371991,2025-05-16 03:53:04,42.3991432189941,-8.92170906066895,"Female"
"9004158",371991,2025-05-16 03:58:18,42.3992118835449,-8.92177486419678,"Female"
"9004158",371991,2025-05-16 04:03:11,42.3993682861328,-8.9216365814209,"Female"
"9004158",371991,2025-05-16 04:08:10,42.3995056152344,-8.92137145996094,"Female"
"9004158",371991,2025-05-16 04:13:13,42.3996124267578,-8.92134380340576,"Female"
"9004158",371991,2025-05-16 04:18:12,42.3995895385742,-8.92160034179688,"Female"
"9004158",371991,2025-05-16 04:23:15,42.3995132446289,-8.92156982421875,"Female"
"9004158",371991,2025-05-16 04:28:35,42.3991241455078,-8.92161273956299,"Female"
"9004158",371991,2025-05-16 04:33:45,42.3990325927734,-8.92113399505615,"Female"
"9004158",371991,2025-05-16 04:38:03,42.3985137939453,-8.92119026184082,"Female"
"9004158",371991,2025-05-16 04:43:04,42.3995399475098,-8.92187023162842,"Female"
"9004158",371991,2025-05-16 04:47:58,42.399772644043,-8.92225074768066,"Female"
"9004158",371991,2025-05-16 04:53:00,42.3996200561523,-8.92221927642822,"Female"
"9004158",371991,2025-05-16 04:58:01,42.3995704650879,-8.92232799530029,"Female"
"9004158",371991,2025-05-16 05:03:01,42.3994064331055,-8.92221069335938,"Female"
"9004158",371991,2025-05-16 05:07:58,42.4045906066895,-8.92145538330078,"Female"
"9004158",371991,2025-05-16 05:12:58,42.4165191650391,-8.92306709289551,"Female"
"9004158",371991,2025-05-16 05:17:58,42.4445190429688,-8.92281532287598,"Female"
"9004158",371991,2025-05-16 05:22:58,42.451042175293,-8.92226982116699,"Female"
"9004158",371991,2025-05-16 05:27:58,42.4528465270996,-8.92047882080078,"Female"
"9004158",371991,2025-05-16 05:32:58,42.4547920227051,-8.91859912872314,"Female"
"9004158",371991,2025-05-16 05:37:58,42.4547920227051,-8.91858863830566,"Female"
"9004158",371991,2025-05-16 05:42:58,42.4546890258789,-8.91855430603027,"Female"
"9004158",371991,2025-05-16 05:47:59,42.4546890258789,-8.91860103607178,"Female"
"9004158",371991,2025-05-16 05:52:58,42.4545936584473,-8.91850185394287,"Female"
"9004158",371991,2025-05-16 05:57:58,42.4547538757324,-8.91863536834717,"Female"
"9004158",371991,2025-05-16 06:02:58,42.4547386169434,-8.91864585876465,"Female"
"9004158",371991,2025-05-16 06:07:58,42.454761505127,-8.91861820220947,"Female"
"9004158",371991,2025-05-16 06:12:58,42.4547920227051,-8.91867160797119,"Female"
"9004158",371991,2025-05-16 06:17:58,42.454761505127,-8.91863918304443,"Female"
"9004158",371991,2025-05-16 06:22:58,42.454906463623,-8.91866016387939,"Female"
"9004158",371991,2025-05-16 06:27:58,42.4547386169434,-8.91860294342041,"Female"
"9004158",371991,2025-05-16 06:32:58,42.4547882080078,-8.91854190826416,"Female"
"9004158",371991,2025-05-16 06:37:58,42.4547843933105,-8.91854095458984,"Female"
"9004158",371991,2025-05-16 06:42:58,42.454761505127,-8.91859722137451,"Female"
"9004158",371991,2025-05-16 06:47:58,42.4548187255859,-8.91854095458984,"Female"
"9004158",371991,2025-05-16 06:52:58,42.454719543457,-8.9186372756958,"Female"
"9004158",371991,2025-05-16 06:57:58,42.4547729492188,-8.91853427886963,"Female"
"9004158",371991,2025-05-16 07:02:58,42.4547500610352,-8.91862392425537,"Female"
"9004158",371991,2025-05-16 07:07:58,42.454719543457,-8.91862487792969,"Female"
"9004158",371991,2025-05-16 07:12:58,42.454719543457,-8.91856098175049,"Female"
"9004158",371991,2025-05-16 07:17:58,42.4550170898438,-8.91909027099609,"Female"
"9004158",371991,2025-05-16 07:23:30,42.4554748535156,-8.92026233673096,"Female"
"9004158",371991,2025-05-16 07:28:37,42.456226348877,-8.91973781585693,"Female"
"9004158",371991,2025-05-16 07:33:39,42.4570846557617,-8.91869449615479,"Female"
"9004158",371991,2025-05-16 07:38:39,42.4580116271973,-8.91758251190186,"Female"
"9004158",371991,2025-05-16 07:43:40,42.4573631286621,-8.91823196411133,"Female"
"9004158",371991,2025-05-16 07:48:39,42.4567222595215,-8.91932773590088,"Female"
"9004158",371991,2025-05-16 07:53:39,42.4563522338867,-8.92029571533203,"Female"
"9004158",371991,2025-05-16 07:58:39,42.4557113647461,-8.92083168029785,"Female"
"9004158",371991,2025-05-16 08:03:39,42.4553985595703,-8.92111301422119,"Female"
"9004158",371991,2025-05-16 08:08:45,42.4557342529297,-8.92137813568115,"Female"
"9004158",371991,2025-05-16 08:18:06,42.4552841186523,-8.92145252227783,"Female"
"9004158",371991,2025-05-16 08:23:07,42.4552307128906,-8.92138957977295,"Female"
"9004158",371991,2025-05-16 08:28:06,42.4548873901367,-8.92263507843018,"Female"
"9004158",371991,2025-05-16 08:33:06,42.4535675048828,-8.92300796508789,"Female"
"9004158",371991,2025-05-16 08:38:17,42.4524383544922,-8.92418766021729,"Female"
"9004158",371991,2025-05-16 08:43:37,42.4520111083984,-8.92354869842529,"Female"
"9004158",371991,2025-05-16 08:48:38,42.452220916748,-8.92301559448242,"Female"
"9004158",371991,2025-05-16 08:53:37,42.4522132873535,-8.92292881011963,"Female"
"9004158",371991,2025-05-16 08:58:37,42.4378547668457,-8.92016124725342,"Female"
"9004158",371991,2025-05-16 09:03:38,42.3987007141113,-8.91833400726318,"Female"
"9004158",371991,2025-05-16 09:08:47,42.3968467712402,-8.92477416992188,"Female"
"9004158",371991,2025-05-16 09:13:38,42.3983688354492,-8.91946697235107,"Female"
"9004158",371991,2025-05-16 09:18:49,42.3987846374512,-8.92011737823486,"Female"
"9004158",371991,2025-05-16 09:24:35,42.3983268737793,-8.92026805877686,"Female"
"9004158",371991,2025-05-16 09:28:37,42.3983306884766,-8.92042255401611,"Female"
"9004158",371991,2025-05-16 09:33:37,42.3983306884766,-8.92041873931885,"Female"
"9004158",371991,2025-05-16 09:38:37,42.3984565734863,-8.92033386230469,"Female"
"9004158",371991,2025-05-16 09:43:37,42.3979339599609,-8.92691612243652,"Female"
"9004158",371991,2025-05-16 09:48:39,42.3988380432129,-8.92699337005615,"Female"
"9004158",371991,2025-05-16 09:53:45,42.3999443054199,-8.92551517486572,"Female"
"9004158",371991,2025-05-16 09:58:40,42.3999404907227,-8.92355060577393,"Female"
"9004158",371991,2025-05-16 10:03:40,42.399585723877,-8.92339897155762,"Female"
"9004158",371991,2025-05-16 10:09:05,42.3999862670898,-8.92350482940674,"Female"
"9004158",371991,2025-05-16 10:13:37,42.3999404907227,-8.92350292205811,"Female"
"9004158",371991,2025-05-16 10:18:59,42.400447845459,-8.92348384857178,"Female"
"9004158",371991,2025-05-16 10:23:42,42.4004249572754,-8.92360496520996,"Female"
"9004158",371991,2025-05-16 10:28:38,42.3998603820801,-8.92263412475586,"Female"
"9004158",371991,2025-05-16 10:33:37,42.4003639221191,-8.9212760925293,"Female"
"9004158",371991,2025-05-16 10:38:37,42.3999252319336,-8.92189311981201,"Female"
"9004158",371991,2025-05-16 10:43:36,42.3991737365723,-8.92047023773193,"Female"
"9004158",371991,2025-05-16 10:48:37,42.3992042541504,-8.92115497589111,"Female"
"9004158",371991,2025-05-16 10:53:42,42.3990707397461,-8.9214506149292,"Female"
"9004158",371991,2025-05-16 10:58:40,42.3991241455078,-8.92140960693359,"Female"
"9004158",371991,2025-05-16 11:03:39,42.398811340332,-8.92118644714355,"Female"
"9004158",371991,2025-05-16 11:08:40,42.3988075256348,-8.92114543914795,"Female"
"9004158",371991,2025-05-16 11:13:40,42.3987350463867,-8.92117977142334,"Female"
"9004158",371991,2025-05-16 11:18:41,42.398868560791,-8.92125701904297,"Female"
"9004158",371991,2025-05-16 11:23:41,42.3989295959473,-8.92122650146484,"Female"
"9004158",371991,2025-05-16 11:28:42,42.3989448547363,-8.92134189605713,"Female"
"9004158",371991,2025-05-16 11:33:39,42.398811340332,-8.92105102539062,"Female"
"9004158",371991,2025-05-16 11:38:42,42.3988494873047,-8.92107963562012,"Female"
"9004158",371991,2025-05-16 11:43:38,42.404541015625,-8.92078971862793,"Female"
"9004158",371991,2025-05-16 11:48:37,42.4152984619141,-8.91836643218994,"Female"
"9004158",371991,2025-05-16 11:53:37,42.4476737976074,-8.91920852661133,"Female"
"9004158",371991,2025-05-16 11:58:37,42.4519348144531,-8.92019081115723,"Female"
"9004158",371991,2025-05-16 12:03:37,42.4520225524902,-8.92023181915283,"Female"
"9004158",371991,2025-05-16 12:08:37,42.4520606994629,-8.9201717376709,"Female"
"9004158",371991,2025-05-16 12:13:37,42.4521141052246,-8.92020034790039,"Female"
"9004158",371991,2025-05-16 12:18:37,42.4521217346191,-8.92011833190918,"Female"
"9004158",371991,2025-05-16 12:23:38,42.4524002075195,-8.92025756835938,"Female"
"9004158",371991,2025-05-16 12:28:41,42.4534950256348,-8.92119789123535,"Female"
"9004158",371991,2025-05-16 12:34:05,42.4534454345703,-8.92385196685791,"Female"
"9004158",371991,2025-05-16 12:38:38,42.4526634216309,-8.9238109588623,"Female"
"9004158",371991,2025-05-16 12:43:47,42.4520149230957,-8.92435169219971,"Female"
"9004158",371991,2025-05-16 12:48:58,42.4519996643066,-8.92453002929688,"Female"
"9004158",371991,2025-05-16 12:54:19,42.4523010253906,-8.92430114746094,"Female"
"9004158",371991,2025-05-16 12:59:24,42.4519920349121,-8.92437934875488,"Female"
"9004158",371991,2025-05-16 13:04:18,42.4521598815918,-8.92432689666748,"Female"
"9004158",371991,2025-05-16 13:09:19,42.4523468017578,-8.92415618896484,"Female"
"9004158",371991,2025-05-16 13:14:19,42.4522705078125,-8.92362880706787,"Female"
"9004158",371991,2025-05-16 13:19:19,42.4523277282715,-8.9235200881958,"Female"
"9004158",371991,2025-05-16 13:24:19,42.4523963928223,-8.9235725402832,"Female"
"9004158",371991,2025-05-16 13:29:19,42.4523582458496,-8.92360305786133,"Female"
"9004158",371991,2025-05-16 13:34:19,42.4523849487305,-8.92348003387451,"Female"
"9004158",371991,2025-05-16 13:39:19,42.4524307250977,-8.92366504669189,"Female"
"9004158",371991,2025-05-16 13:44:19,42.4522361755371,-8.92333221435547,"Female"
"9004158",371991,2025-05-16 13:49:19,42.4523124694824,-8.92357349395752,"Female"
"9004158",371991,2025-05-16 13:54:19,42.4524154663086,-8.92379093170166,"Female"
"9004158",371991,2025-05-16 13:59:21,42.4522552490234,-8.92348384857178,"Female"
"9004158",371991,2025-05-16 14:04:24,42.4520683288574,-8.92262935638428,"Female"
"9004158",371991,2025-05-16 14:09:23,42.4523086547852,-8.92325782775879,"Female"
"9004158",371991,2025-05-16 14:14:44,42.4523658752441,-8.92336463928223,"Female"
"9004158",371991,2025-05-16 14:19:19,42.4522895812988,-8.92330741882324,"Female"
"9004158",371991,2025-05-16 14:24:21,42.4522438049316,-8.92323303222656,"Female"
"9004158",371991,2025-05-16 14:29:22,42.4524345397949,-8.92356204986572,"Female"
"9004158",371991,2025-05-16 14:34:21,42.4523811340332,-8.92340087890625,"Female"
"9004158",371991,2025-05-16 14:39:19,42.4523048400879,-8.92334270477295,"Female"
"9004158",371991,2025-05-16 14:44:19,42.4523773193359,-8.9233922958374,"Female"
"9004158",371991,2025-05-16 14:49:19,42.4522933959961,-8.92319869995117,"Female"
"9004158",371991,2025-05-16 14:54:21,42.4523696899414,-8.92327880859375,"Female"
"9004158",371991,2025-05-16 14:59:19,42.4523544311523,-8.92324829101562,"Female"
"9004158",371991,2025-05-16 15:04:21,42.452262878418,-8.92320156097412,"Female"
"9004158",371991,2025-05-16 15:09:45,42.4520416259766,-8.92435455322266,"Female"
"9004158",371991,2025-05-16 15:14:44,42.4527931213379,-8.92371654510498,"Female"
"9004158",371991,2025-05-16 15:19:19,42.4529228210449,-8.92329406738281,"Female"
"9004158",371991,2025-05-16 15:24:51,42.4533843994141,-8.92278671264648,"Female"
"9004158",371991,2025-05-16 15:29:52,42.4536743164062,-8.92297172546387,"Female"
"9004158",371991,2025-05-16 15:34:50,42.454273223877,-8.92335319519043,"Female"
"9004158",371991,2025-05-16 15:40:34,42.455020904541,-8.92282104492188,"Female"
"9004158",371991,2025-05-16 15:45:31,42.4552040100098,-8.92163181304932,"Female"
"9004158",371991,2025-05-16 15:50:31,42.4557762145996,-8.92080783843994,"Female"
"9004158",371991,2025-05-16 15:55:31,42.4563255310059,-8.91972160339355,"Female"
"9004158",371991,2025-05-16 16:00:32,42.4560546875,-8.91989421844482,"Female"
"9004158",371991,2025-05-16 16:05:47,42.4554595947266,-8.92116641998291,"Female"
"9004158",371991,2025-05-16 16:10:45,42.4543991088867,-8.9221019744873,"Female"
"9004158",371991,2025-05-16 16:15:45,42.4540824890137,-8.92361640930176,"Female"
"9004158",371991,2025-05-16 16:20:57,42.4534034729004,-8.92343616485596,"Female"
"9004158",371991,2025-05-16 16:26:20,42.4531173706055,-8.92446327209473,"Female"
"9004158",371991,2025-05-16 16:31:43,42.4520225524902,-8.9246187210083,"Female"
"9004158",371991,2025-05-16 16:36:19,42.4512252807617,-8.9245023727417,"Female"
"9004158",371991,2025-05-16 16:41:53,42.4512062072754,-8.92449951171875,"Female"
"9004158",371991,2025-05-16 16:46:19,42.4512252807617,-8.9243803024292,"Female"
"9004158",371991,2025-05-16 16:51:19,42.4512100219727,-8.92438697814941,"Female"
"9004158",371991,2025-05-16 16:56:19,42.4091911315918,-8.92224788665771,"Female"
"9004158",371991,2025-05-16 17:01:19,42.3990173339844,-8.92123031616211,"Female"
"9004158",371991,2025-05-16 17:06:19,42.3989295959473,-8.9211540222168,"Female"
"9004158",371991,2025-05-16 17:11:19,42.3989028930664,-8.92130756378174,"Female"
"9004158",371991,2025-05-16 17:16:19,42.3987159729004,-8.92117118835449,"Female"
"9004158",371991,2025-05-16 17:21:21,42.399055480957,-8.92132759094238,"Female"
"9004158",371991,2025-05-16 17:26:22,42.3994979858398,-8.92241859436035,"Female"
"9004158",371991,2025-05-16 17:31:21,42.3995170593262,-8.92225170135498,"Female"
"9004158",371991,2025-05-16 17:36:20,42.3995018005371,-8.92290687561035,"Female"
"9004158",371991,2025-05-16 17:41:30,42.3995513916016,-8.92223834991455,"Female"
"9004158",371991,2025-05-16 17:46:21,42.3995094299316,-8.92306041717529,"Female"
"9004158",371991,2025-05-16 17:51:32,42.3992500305176,-8.92235851287842,"Female"
"9004158",371991,2025-05-16 17:57:42,42.3993263244629,-8.9221305847168,"Female"
"9004158",371991,2025-05-16 18:02:42,42.3992500305176,-8.92220306396484,"Female"
"9004158",371991,2025-05-16 18:07:42,42.3993186950684,-8.92215824127197,"Female"
"9004158",371991,2025-05-16 18:11:24,42.3995170593262,-8.92243576049805,"Female"
"9004158",371991,2025-05-16 18:16:28,42.3991889953613,-8.92212390899658,"Female"
"9004158",371991,2025-05-16 18:21:37,42.3994102478027,-8.92206573486328,"Female"
"9004158",371991,2025-05-16 18:26:20,42.3994750976562,-8.92251396179199,"Female"
"9004158",371991,2025-05-16 18:31:32,42.3993873596191,-8.92203044891357,"Female"
"9004158",371991,2025-05-16 18:36:19,42.3994140625,-8.92252540588379,"Female"
"9004158",371991,2025-05-16 18:41:20,42.3994560241699,-8.92208671569824,"Female"
"9004158",371991,2025-05-16 18:46:27,42.3992347717285,-8.92203044891357,"Female"
"9004158",371991,2025-05-16 18:51:41,42.3993873596191,-8.92205715179443,"Female"
"9004158",371991,2025-05-16 18:56:20,42.3991546630859,-8.92212295532227,"Female"
"9004158",371991,2025-05-16 19:01:25,42.3988914489746,-8.92201614379883,"Female"
"9004158",371991,2025-05-16 19:06:30,42.399486541748,-8.92199611663818,"Female"
"9004158",371991,2025-05-16 19:11:24,42.4009284973145,-8.92640495300293,"Female"
"9004158",371991,2025-05-16 19:16:27,42.3995208740234,-8.92198944091797,"Female"
"9004158",371991,2025-05-16 19:21:24,42.3997497558594,-8.92184448242188,"Female"
"9004158",371991,2025-05-16 19:26:23,42.398868560791,-8.92177391052246,"Female"
"9004158",371991,2025-05-16 19:31:29,42.3991737365723,-8.92212581634521,"Female"
"9004158",371991,2025-05-16 19:36:21,42.398811340332,-8.92156410217285,"Female"
"9004158",371991,2025-05-16 19:41:24,42.3983116149902,-8.92174530029297,"Female"
"9004158",371991,2025-05-16 19:46:24,42.3983306884766,-8.9210090637207,"Female"
"9004158",371991,2025-05-16 19:51:23,42.3984870910645,-8.92117118835449,"Female"
"9004158",371991,2025-05-16 19:56:28,42.3982124328613,-8.92213535308838,"Female"
"9004158",371991,2025-05-16 20:01:24,42.3987731933594,-8.92137336730957,"Female"
"9004158",371991,2025-05-16 20:06:33,42.3989791870117,-8.92153835296631,"Female"
"9004158",371991,2025-05-16 20:11:27,42.3988418579102,-8.92215919494629,"Female"
"9004158",371991,2025-05-16 20:16:25,42.3988151550293,-8.92209625244141,"Female"
"9004158",371991,2025-05-16 20:21:29,42.3990631103516,-8.92201519012451,"Female"
"9004158",371991,2025-05-16 20:26:28,42.3991737365723,-8.92111778259277,"Female"
"9004158",371991,2025-05-16 20:31:21,42.399787902832,-8.92127323150635,"Female"
"9004158",371991,2025-05-16 20:36:24,42.3998756408691,-8.92097568511963,"Female"
"9004158",371991,2025-05-16 20:41:24,42.3996772766113,-8.9209098815918,"Female"
"9004158",371991,2025-05-16 20:46:22,42.3999443054199,-8.92103099822998,"Female"
"9004158",371991,2025-05-16 20:51:24,42.3996772766113,-8.92211723327637,"Female"
"9004158",371991,2025-05-16 20:56:40,42.4003295898438,-8.92276287078857,"Female"
"9004158",371991,2025-05-16 21:01:24,42.4005012512207,-8.92244720458984,"Female"
"9004158",371991,2025-05-16 21:06:22,42.4001197814941,-8.92244052886963,"Female"
"9004158",371991,2025-05-16 21:11:22,42.4004669189453,-8.92293548583984,"Female"
"9004158",371991,2025-05-16 21:16:23,42.4007110595703,-8.92304611206055,"Female"
"9004158",371991,2025-05-16 21:21:21,42.4007873535156,-8.92305088043213,"Female"
"9004158",371991,2025-05-16 21:26:21,42.3998947143555,-8.92231559753418,"Female"
"9004158",371991,2025-05-16 21:31:20,42.3996467590332,-8.9223690032959,"Female"
"9004158",371991,2025-05-16 21:36:24,42.401252746582,-8.92129611968994,"Female"
"9004158",371991,2025-05-16 21:41:24,42.3999176025391,-8.9220609664917,"Female"
"9004158",371991,2025-05-16 21:46:33,42.4007720947266,-8.92043304443359,"Female"
"9004158",371991,2025-05-16 21:51:52,42.3986206054688,-8.91921997070312,"Female"
"9004158",371991,2025-05-16 21:56:22,42.3992156982422,-8.92182445526123,"Female"
"9004158",371991,2025-05-16 22:01:23,42.3993186950684,-8.9219331741333,"Female"
"9004158",371991,2025-05-16 22:06:23,42.3995132446289,-8.92325115203857,"Female"
"9004158",371991,2025-05-16 22:11:25,42.3994102478027,-8.92261123657227,"Female"
"9004158",371991,2025-05-16 22:16:25,42.3994789123535,-8.92201995849609,"Female"
"9004158",371991,2025-05-16 22:21:25,42.3992462158203,-8.9238805770874,"Female"
"9004158",371991,2025-05-16 22:26:30,42.3993911743164,-8.92360305786133,"Female"
"9004158",371991,2025-05-16 22:31:31,42.3994941711426,-8.92288875579834,"Female"
"9004158",371991,2025-05-16 22:36:52,42.3993301391602,-8.92201805114746,"Female"
"9004158",371991,2025-05-16 22:41:44,42.3993721008301,-8.92210578918457,"Female"
"9004158",371991,2025-05-16 22:46:21,42.3993453979492,-8.92191123962402,"Female"
"9004158",371991,2025-05-16 22:51:22,42.3991241455078,-8.92198276519775,"Female"
"9004158",371991,2025-05-16 22:56:24,42.3989944458008,-8.92210578918457,"Female"
"9004158",371991,2025-05-16 23:01:21,42.3991813659668,-8.92203044891357,"Female"
"9004158",371991,2025-05-16 23:06:21,42.3991165161133,-8.92189788818359,"Female"
"9004158",371991,2025-05-16 23:11:20,42.3991394042969,-8.92214965820312,"Female"
"9004158",371991,2025-05-16 23:16:20,42.3991546630859,-8.92209625244141,"Female"
"9004158",371991,2025-05-16 23:21:22,42.3991508483887,-8.92184734344482,"Female"
"9004158",371991,2025-05-16 23:26:22,42.3990783691406,-8.92194271087646,"Female"
"9004158",371991,2025-05-16 23:31:32,42.3990478515625,-8.92193508148193,"Female"
"9004158",371991,2025-05-16 23:36:24,42.3991050720215,-8.92212772369385,"Female"
"9004158",371991,2025-05-16 23:41:28,42.3990592956543,-8.92191314697266,"Female"
"9004158",371991,2025-05-16 23:46:46,42.3991203308105,-8.92213249206543,"Female"
"9004158",371991,2025-05-16 23:51:21,42.399097442627,-8.92210865020752,"Female"
"9004158",371991,2025-05-16 23:56:24,42.3990745544434,-8.9217357635498,"Female"
"9004158",371991,2025-05-17 00:01:23,42.3990745544434,-8.92196750640869,"Female"
"9004158",371991,2025-05-17 00:06:29,42.3992919921875,-8.92219829559326,"Female"
"9004158",371991,2025-05-17 00:11:38,42.3991775512695,-8.92205333709717,"Female"
"9004158",371991,2025-05-17 00:16:25,42.3991775512695,-8.92206764221191,"Female"
"9004158",371991,2025-05-17 00:21:23,42.3989486694336,-8.922043800354,"Female"
"9004158",371991,2025-05-17 00:26:24,42.3988265991211,-8.92211818695068,"Female"
"9004158",371991,2025-05-17 00:31:55,42.399356842041,-8.92221927642822,"Female"
"9004158",371991,2025-05-17 00:37:07,42.3993492126465,-8.92278099060059,"Female"
"9004158",371991,2025-05-17 00:42:00,42.3993263244629,-8.92219734191895,"Female"
"9004158",371991,2025-05-17 00:46:20,42.3992195129395,-8.92219066619873,"Female"
"9004158",371991,2025-05-17 00:51:48,42.3998107910156,-8.92249965667725,"Female"
"9004158",371991,2025-05-17 00:56:22,42.3999366760254,-8.92250061035156,"Female"
"9004158",371991,2025-05-17 01:01:22,42.3999900817871,-8.92257118225098,"Female"
"9004158",371991,2025-05-17 01:06:28,42.3992652893066,-8.92201137542725,"Female"
"9004158",371991,2025-05-17 01:11:23,42.3992118835449,-8.92217350006104,"Female"
"9004158",371991,2025-05-17 01:16:24,42.3996734619141,-8.92208385467529,"Female"
"9004158",371991,2025-05-17 01:21:23,42.3995628356934,-8.92236995697021,"Female"
"9004158",371991,2025-05-17 01:26:29,42.3993301391602,-8.92204761505127,"Female"
"9004158",371991,2025-05-17 01:31:24,42.3996353149414,-8.92228031158447,"Female"
"9004158",371991,2025-05-17 01:36:24,42.3996200561523,-8.92236995697021,"Female"
"9004158",371991,2025-05-17 01:41:24,42.3996887207031,-8.92229461669922,"Female"
"9004158",371991,2025-05-17 01:46:28,42.3994255065918,-8.92248821258545,"Female"
"9004158",371991,2025-05-17 01:51:28,42.3993492126465,-8.92230606079102,"Female"
"9004158",371991,2025-05-17 01:56:21,42.3994903564453,-8.92255306243896,"Female"
"9004158",371991,2025-05-17 02:01:28,42.3994064331055,-8.92232227325439,"Female"
"9004158",371991,2025-05-17 02:06:24,42.399543762207,-8.92259216308594,"Female"
"9004158",371991,2025-05-17 02:11:30,42.3992652893066,-8.92237663269043,"Female"
"9004158",371991,2025-05-17 02:16:23,42.3991851806641,-8.92262840270996,"Female"
"9004158",371991,2025-05-17 02:21:30,42.3992500305176,-8.92240524291992,"Female"
"9004158",371991,2025-05-17 02:26:30,42.3992500305176,-8.92276954650879,"Female"
"9004158",371991,2025-05-17 02:31:22,42.3992347717285,-8.92278385162354,"Female"
"9004158",371991,2025-05-17 02:36:31,42.3992614746094,-8.92264366149902,"Female"
"9004158",371991,2025-05-17 02:41:24,42.3992118835449,-8.92289638519287,"Female"
"9004158",371991,2025-05-17 02:46:34,42.3993225097656,-8.92310428619385,"Female"
"9004158",371991,2025-05-17 02:51:30,42.3992614746094,-8.92255020141602,"Female"
"9004158",371991,2025-05-17 02:56:24,42.3991966247559,-8.92295265197754,"Female"
"9004158",371991,2025-05-17 03:01:34,42.3993606567383,-8.92273235321045,"Female"
"9004158",371991,2025-05-17 03:07:08,42.3995361328125,-8.92283630371094,"Female"
"9004158",371991,2025-05-17 03:11:21,42.3995552062988,-8.92298984527588,"Female"
"9004158",371991,2025-05-17 03:16:32,42.3995780944824,-8.92284297943115,"Female"
"9004158",371991,2025-05-17 03:21:42,42.3996772766113,-8.92309379577637,"Female"
"9004158",371991,2025-05-17 03:26:39,42.3996467590332,-8.92298793792725,"Female"
"9004158",371991,2025-05-17 03:31:24,42.3997993469238,-8.92315292358398,"Female"
"9004158",371991,2025-05-17 03:37:09,42.3996696472168,-8.92292213439941,"Female"
"9004158",371991,2025-05-17 03:41:34,42.3996543884277,-8.92272281646729,"Female"
"9004158",371991,2025-05-17 03:46:38,42.3995018005371,-8.92263698577881,"Female"
"9004158",371991,2025-05-17 03:51:27,42.3992538452148,-8.92225742340088,"Female"
"9004158",371991,2025-05-17 03:57:04,42.3993721008301,-8.9218282699585,"Female"
"9004158",371991,2025-05-17 04:01:27,42.3994064331055,-8.92179679870605,"Female"
"9004158",371991,2025-05-17 04:06:27,42.3993949890137,-8.92183399200439,"Female"
"9004158",371991,2025-05-17 04:11:27,42.399486541748,-8.92182540893555,"Female"
"9004158",371991,2025-05-17 04:16:30,42.3995056152344,-8.92202758789062,"Female"
"9004158",371991,2025-05-17 04:21:29,42.3994827270508,-8.92204761505127,"Female"
"9004158",371991,2025-05-17 04:26:23,42.3992004394531,-8.92184448242188,"Female"
"9004158",371991,2025-05-17 04:31:25,42.3992309570312,-8.92202281951904,"Female"
"9004158",371991,2025-05-17 04:36:27,42.3994598388672,-8.9220666885376,"Female"
"9004158",371991,2025-05-17 04:41:22,42.3998832702637,-8.92251300811768,"Female"
"9004158",371991,2025-05-17 04:46:23,42.3993949890137,-8.92216110229492,"Female"
"9004158",371991,2025-05-17 04:51:23,42.3994369506836,-8.92217350006104,"Female"
"9004158",371991,2025-05-17 04:56:22,42.3992919921875,-8.92245292663574,"Female"
"9004158",371991,2025-05-17 05:01:22,42.3992729187012,-8.9220666885376,"Female"
"9004158",371991,2025-05-17 05:06:23,42.3993072509766,-8.92207908630371,"Female"
"9004158",371991,2025-05-17 05:11:24,42.399169921875,-8.92197132110596,"Female"
"9004158",371991,2025-05-17 05:16:21,42.399356842041,-8.92239856719971,"Female"
"9004158",371991,2025-05-17 05:21:20,42.4216156005859,-8.92233467102051,"Female"
"9004158",371991,2025-05-17 05:26:20,42.4502334594727,-8.9221830368042,"Female"
"9004158",371991,2025-05-17 05:31:46,42.4515571594238,-8.92260932922363,"Female"
"9004158",371991,2025-05-17 05:36:47,42.4506568908691,-8.92231178283691,"Female"
"9004158",371991,2025-05-17 05:42:08,42.4519538879395,-8.9201135635376,"Female"
"9004158",371991,2025-05-17 05:47:08,42.4546508789062,-8.91850185394287,"Female"
"9004158",371991,2025-05-17 05:52:08,42.4547233581543,-8.91856098175049,"Female"
"9004158",371991,2025-05-17 05:57:08,42.4547729492188,-8.91860198974609,"Female"
"9004158",371991,2025-05-17 06:02:08,42.454704284668,-8.91851902008057,"Female"
"9004158",371991,2025-05-17 06:07:08,42.4548683166504,-8.91864204406738,"Female"
"9004158",371991,2025-05-17 06:12:09,42.4549789428711,-8.91877460479736,"Female"
"9004158",371991,2025-05-17 06:17:09,42.455005645752,-8.91877555847168,"Female"
"9004158",371991,2025-05-17 06:22:08,42.4549713134766,-8.9187536239624,"Female"
"9004158",371991,2025-05-17 06:27:08,42.4548492431641,-8.91868877410889,"Female"
"9004158",371991,2025-05-17 06:32:08,42.4546051025391,-8.91846370697021,"Female"
"9004158",371991,2025-05-17 06:37:08,42.4545288085938,-8.91845607757568,"Female"
"9004158",371991,2025-05-17 06:42:08,42.4544258117676,-8.91836929321289,"Female"
"9004158",371991,2025-05-17 06:47:10,42.4548301696777,-8.91854286193848,"Female"
"9004158",371991,2025-05-17 06:52:08,42.4548149108887,-8.91848278045654,"Female"
"9004158",371991,2025-05-17 06:57:10,42.4548683166504,-8.920090675354,"Female"
"9004158",371991,2025-05-17 07:02:08,42.4551773071289,-8.92174053192139,"Female"
"9004158",371991,2025-05-17 07:07:08,42.4554214477539,-8.92108821868896,"Female"
"9004158",371991,2025-05-17 07:12:10,42.4549827575684,-8.92203330993652,"Female"
"9004158",371991,2025-05-17 07:17:12,42.4543037414551,-8.92339134216309,"Female"
"9004158",371991,2025-05-17 07:22:33,42.453670501709,-8.92376613616943,"Female"
"9004158",371991,2025-05-17 07:27:36,42.4525489807129,-8.92455005645752,"Female"
"9004158",371991,2025-05-17 07:32:47,42.453483581543,-8.92341995239258,"Female"
"9004158",371991,2025-05-17 07:38:37,42.4543380737305,-8.92340564727783,"Female"
"9004158",371991,2025-05-17 07:43:56,42.4550132751465,-8.9222354888916,"Female"
"9004158",371991,2025-05-17 07:49:15,42.4558372497559,-8.92137145996094,"Female"
"9004158",371991,2025-05-17 07:54:10,42.4562149047852,-8.92005920410156,"Female"
"9004158",371991,2025-05-17 07:59:10,42.4565696716309,-8.91936492919922,"Female"
"9004158",371991,2025-05-17 08:04:10,42.4564590454102,-8.91971111297607,"Female"
"9004158",371991,2025-05-17 08:09:10,42.4562683105469,-8.92002868652344,"Female"
"9004158",371991,2025-05-17 08:14:10,42.4551315307617,-8.92020893096924,"Female"
"9004158",371991,2025-05-17 08:19:20,42.4547271728516,-8.91993427276611,"Female"
"9004158",371991,2025-05-17 08:24:11,42.454647064209,-8.91884803771973,"Female"
"9004158",371991,2025-05-17 08:29:10,42.4546318054199,-8.91884517669678,"Female"
"9004158",371991,2025-05-17 08:34:10,42.4546813964844,-8.91883754730225,"Female"
"9004158",371991,2025-05-17 08:39:10,42.4546661376953,-8.91867160797119,"Female"
"9004158",371991,2025-05-17 08:44:10,42.4546394348145,-8.91867351531982,"Female"
"9004158",371991,2025-05-17 08:49:10,42.454647064209,-8.91867160797119,"Female"
"9004158",371991,2025-05-17 08:54:10,42.4546127319336,-8.91868019104004,"Female"
"9004158",371991,2025-05-17 08:59:10,42.4526138305664,-8.92389106750488,"Female"
"9004158",371991,2025-05-17 09:04:13,42.4523239135742,-8.92378044128418,"Female"
"9004158",371991,2025-05-17 09:09:10,42.4529495239258,-8.92391872406006,"Female"
"9004158",371991,2025-05-17 09:14:10,42.4527168273926,-8.92338275909424,"Female"
"9004158",371991,2025-05-17 09:19:10,42.452449798584,-8.92338466644287,"Female"
"9004158",371991,2025-05-17 09:24:10,42.4525146484375,-8.92391395568848,"Female"
"9004158",371991,2025-05-17 09:30:09,42.4517097473145,-8.92377281188965,"Female"
"9004158",371991,2025-05-17 09:36:04,42.4523124694824,-8.923508644104,"Female"
"9004158",371991,2025-05-17 09:41:04,42.45263671875,-8.92315673828125,"Female"
"9004158",371991,2025-05-17 09:46:03,42.4519348144531,-8.92294597625732,"Female"
"9004158",371991,2025-05-17 09:51:00,42.4518661499023,-8.92269706726074,"Female"
"9004158",371991,2025-05-17 09:56:16,42.4512748718262,-8.92266082763672,"Female"
"9004158",371991,2025-05-17 10:00:57,42.4511451721191,-8.92267513275146,"Female"
"9004158",371991,2025-05-17 10:05:57,42.4511489868164,-8.92281341552734,"Female"
"9004158",371991,2025-05-17 10:10:57,42.4512481689453,-8.92271423339844,"Female"
"9004158",371991,2025-05-17 10:15:57,42.4511795043945,-8.92273807525635,"Female"
"9004158",371991,2025-05-17 10:20:57,42.4514427185059,-8.9229154586792,"Female"
"9004158",371991,2025-05-17 10:25:59,42.4511413574219,-8.92295074462891,"Female"
"9004158",371991,2025-05-17 10:30:58,42.4514465332031,-8.92324924468994,"Female"
"9004158",371991,2025-05-17 10:35:58,42.4521675109863,-8.92326354980469,"Female"
"9004158",371991,2025-05-17 10:41:09,42.4526901245117,-8.9224910736084,"Female"
"9004158",371991,2025-05-17 10:47:31,42.4541664123535,-8.92319488525391,"Female"
"9004158",371991,2025-05-17 10:52:06,42.4539222717285,-8.92354774475098,"Female"
"9004158",371991,2025-05-17 10:57:06,42.4533386230469,-8.92304420471191,"Female"
"9004158",371991,2025-05-17 11:02:07,42.4533729553223,-8.92321872711182,"Female"
"9004158",371991,2025-05-17 11:07:06,42.453369140625,-8.92316913604736,"Female"
"9004158",371991,2025-05-17 11:12:06,42.4532928466797,-8.92303371429443,"Female"
"9004158",371991,2025-05-17 11:17:06,42.453369140625,-8.92313098907471,"Female"
"9004158",371991,2025-05-17 11:22:06,42.4533729553223,-8.92310237884521,"Female"
"9004158",371991,2025-05-17 11:27:06,42.4533767700195,-8.92313480377197,"Female"
"9004158",371991,2025-05-17 11:32:06,42.4533653259277,-8.9230899810791,"Female"
"9004158",371991,2025-05-17 11:37:06,42.4527168273926,-8.92314720153809,"Female"
"9004158",371991,2025-05-17 11:42:06,42.452033996582,-8.922287940979,"Female"
"9004158",371991,2025-05-17 11:47:06,42.4513740539551,-8.92254543304443,"Female"
"9004158",371991,2025-05-17 11:52:09,42.4518585205078,-8.92361450195312,"Female"
"9004158",371991,2025-05-17 11:57:22,42.451602935791,-8.9241943359375,"Female"
"9004158",371991,2025-05-17 12:02:52,42.451473236084,-8.92515277862549,"Female"
"9004158",371991,2025-05-17 12:08:57,42.4510879516602,-8.92656803131104,"Female"
"9004158",371991,2025-05-17 12:15:41,42.4512825012207,-8.92791843414307,"Female"
"9004158",371991,2025-05-17 12:20:51,42.4509353637695,-8.92746353149414,"Female"
"9004158",371991,2025-05-17 12:25:54,42.4514007568359,-8.92787647247314,"Female"
"9004158",371991,2025-05-17 12:31:00,42.451473236084,-8.92633056640625,"Female"
"9004158",371991,2025-05-17 12:36:04,42.4514198303223,-8.92502498626709,"Female"
"9004158",371991,2025-05-17 12:42:29,42.4519157409668,-8.92409992218018,"Female"
"9004158",371991,2025-05-17 12:50:09,42.4515380859375,-8.92296886444092,"Female"
"9004158",371991,2025-05-17 12:55:08,42.4515190124512,-8.92267513275146,"Female"
"9004158",371991,2025-05-17 13:00:10,42.4514999389648,-8.92266750335693,"Female"
"9004158",371991,2025-05-17 13:05:01,42.4514808654785,-8.92266273498535,"Female"
"9004158",371991,2025-05-17 13:10:01,42.4514961242676,-8.92265510559082,"Female"
"9004158",371991,2025-05-17 13:15:02,42.4514923095703,-8.92264938354492,"Female"
"9004158",371991,2025-05-17 13:20:06,42.4518585205078,-8.92221355438232,"Female"
"9004158",371991,2025-05-17 13:25:02,42.4527282714844,-8.92272758483887,"Female"
"9004158",371991,2025-05-17 13:30:14,42.4521331787109,-8.92361259460449,"Female"
"9004158",371991,2025-05-17 13:35:08,42.4521636962891,-8.92361927032471,"Female"
"9004158",371991,2025-05-17 13:40:30,42.4522895812988,-8.92290210723877,"Female"
"9004158",371991,2025-05-17 13:45:24,42.4532928466797,-8.92285442352295,"Female"
"9004158",371991,2025-05-17 13:50:44,42.4535522460938,-8.92319869995117,"Female"
"9004158",371991,2025-05-17 13:55:22,42.4537200927734,-8.92318058013916,"Female"
"9004158",371991,2025-05-17 14:00:23,42.4537048339844,-8.9231424331665,"Female"
"9004158",371991,2025-05-17 14:05:22,42.4538650512695,-8.92327404022217,"Female"
"9004158",371991,2025-05-17 14:10:22,42.4537811279297,-8.92313480377197,"Female"
"9004158",371991,2025-05-17 14:15:22,42.4536018371582,-8.92318725585938,"Female"
"9004158",371991,2025-05-17 14:20:22,42.4536895751953,-8.92315864562988,"Female"
"9004158",371991,2025-05-17 14:25:22,42.4537582397461,-8.92318248748779,"Female"
"9004158",371991,2025-05-17 14:30:22,42.453296661377,-8.92279052734375,"Female"
"9004158",371991,2025-05-17 14:35:22,42.4448318481445,-8.9207935333252,"Female"
"9004158",371991,2025-05-17 14:40:27,42.4054565429688,-8.92183303833008,"Female"
"9004158",371991,2025-05-17 14:45:53,42.3997955322266,-8.92195701599121,"Female"
"9004158",371991,2025-05-17 14:50:21,42.3996047973633,-8.92192363739014,"Female"
"9004158",371991,2025-05-17 14:55:21,42.3996696472168,-8.92200660705566,"Female"
"9004158",371991,2025-05-17 15:00:19,42.3961486816406,-8.92621803283691,"Female"
"9004158",371991,2025-05-17 15:05:22,42.3990058898926,-8.92324924468994,"Female"
"9004158",371991,2025-05-17 15:10:28,42.3989944458008,-8.92116165161133,"Female"
"9004158",371991,2025-05-17 15:15:48,42.3990669250488,-8.92109394073486,"Female"
"9004158",371991,2025-05-17 15:20:34,42.3991317749023,-8.92101764678955,"Female"
"9004158",371991,2025-05-17 15:25:43,42.3990592956543,-8.92131614685059,"Female"
"9004158",371991,2025-05-17 15:30:33,42.3984107971191,-8.9216251373291,"Female"
"9004158",371991,2025-05-17 15:35:42,42.3989868164062,-8.92123699188232,"Female"
"9004158",371991,2025-05-17 15:40:34,42.398738861084,-8.92087650299072,"Female"
"9004158",371991,2025-05-17 15:50:30,42.3986778259277,-8.92117214202881,"Female"
"9004158",371991,2025-05-17 15:55:35,42.399169921875,-8.92093372344971,"Female"
"9004158",371991,2025-05-17 16:01:40,42.3988761901855,-8.92150497436523,"Female"
"9004158",371991,2025-05-17 16:06:10,42.3988571166992,-8.92121028900146,"Female"
"9004158",371991,2025-05-17 16:11:05,42.3988761901855,-8.92086887359619,"Female"
"9004158",371991,2025-05-17 16:15:30,42.3988380432129,-8.92050552368164,"Female"
"9004158",371991,2025-05-17 16:20:35,42.3988800048828,-8.92043495178223,"Female"
"9004158",371991,2025-05-17 16:25:36,42.3989868164062,-8.92080783843994,"Female"
"9004158",371991,2025-05-17 16:31:28,42.3988800048828,-8.9205322265625,"Female"
"9004158",371991,2025-05-17 16:35:31,42.3988647460938,-8.92070007324219,"Female"
"9004158",371991,2025-05-17 16:40:32,42.3989753723145,-8.92086696624756,"Female"
"9004158",371991,2025-05-17 16:45:38,42.3988723754883,-8.92164421081543,"Female"
"9004158",371991,2025-05-17 16:50:34,42.3989524841309,-8.92092132568359,"Female"
"9004158",371991,2025-05-17 16:55:30,42.3989677429199,-8.92099571228027,"Female"
"9004158",371991,2025-05-17 17:00:52,42.3987579345703,-8.92077732086182,"Female"
"9004158",371991,2025-05-17 17:05:30,42.3989295959473,-8.92095851898193,"Female"
"9004158",371991,2025-05-17 17:10:30,42.3988647460938,-8.92103481292725,"Female"
"9004158",371991,2025-05-17 17:15:32,42.3988494873047,-8.9212589263916,"Female"
"9004158",371991,2025-05-17 17:20:40,42.3989028930664,-8.92068672180176,"Female"
"9004158",371991,2025-05-17 17:25:22,42.3988494873047,-8.92086029052734,"Female"
"9004158",371991,2025-05-17 17:30:24,42.3988952636719,-8.92136764526367,"Female"
"9004158",371991,2025-05-17 17:35:35,42.3987083435059,-8.92076778411865,"Female"
"9004158",371991,2025-05-17 17:41:40,42.3986320495605,-8.92094993591309,"Female"
"9004158",371991,2025-05-17 17:45:31,42.3989486694336,-8.92042350769043,"Female"
"9004158",371991,2025-05-17 17:51:35,42.3987045288086,-8.92095375061035,"Female"
"9004158",371991,2025-05-17 17:56:17,42.3991088867188,-8.92123699188232,"Female"
"9004158",371991,2025-05-17 19:11:07,42.399055480957,-8.92140674591064,"Female"
"9004158",371991,2025-05-17 19:16:40,42.3991775512695,-8.92122364044189,"Female"
"9004158",371991,2025-05-17 19:20:53,42.3990783691406,-8.92142391204834,"Female"
"9004158",371991,2025-05-17 19:25:46,42.3990745544434,-8.92166519165039,"Female"
"9004158",371991,2025-05-17 19:30:56,42.3989219665527,-8.92099952697754,"Female"
"9004158",371991,2025-05-17 19:35:25,42.3988990783691,-8.92107772827148,"Female"
"9004158",371991,2025-05-17 19:40:43,42.3987159729004,-8.9207124710083,"Female"
"9004158",371991,2025-05-17 19:45:30,42.3990364074707,-8.9210376739502,"Female"
"9004158",371991,2025-05-17 19:50:40,42.3988800048828,-8.92086505889893,"Female"
"9004158",371991,2025-05-17 19:55:40,42.3987197875977,-8.92067337036133,"Female"
"9004158",371991,2025-05-17 20:00:59,42.3985710144043,-8.92032146453857,"Female"
"9004158",371991,2025-05-17 20:05:38,42.3980941772461,-8.91925716400146,"Female"
"9004158",371991,2025-05-17 20:10:30,42.3989753723145,-8.92118740081787,"Female"
"9004158",371991,2025-05-17 20:16:34,42.3992919921875,-8.92171859741211,"Female"
"9004158",371991,2025-05-17 20:20:33,42.3993797302246,-8.92193794250488,"Female"
"9004158",371991,2025-05-17 20:26:07,42.3994216918945,-8.92214584350586,"Female"
"9004158",371991,2025-05-17 20:30:31,42.3991584777832,-8.92169952392578,"Female"
"9004158",371991,2025-05-17 20:35:25,42.399242401123,-8.92166328430176,"Female"
"9004158",371991,2025-05-17 20:40:32,42.3998947143555,-8.92258262634277,"Female"
"9004158",371991,2025-05-17 20:45:25,42.399227142334,-8.92164516448975,"Female"
"9004158",371991,2025-05-17 20:50:26,42.3991851806641,-8.92164897918701,"Female"
"9004158",371991,2025-05-17 20:55:36,42.3990325927734,-8.92158222198486,"Female"
"9004158",371991,2025-05-17 21:01:13,42.3990097045898,-8.92147541046143,"Female"
"9004158",371991,2025-05-17 21:05:36,42.399040222168,-8.92155456542969,"Female"
"9004158",371991,2025-05-17 21:11:31,42.3993988037109,-8.92167377471924,"Female"
"9004158",371991,2025-05-17 21:15:43,42.3990821838379,-8.92174243927002,"Female"
"9004158",371991,2025-05-17 21:21:46,42.3992042541504,-8.92161178588867,"Female"
"9004158",371991,2025-05-17 21:26:45,42.3992195129395,-8.9216775894165,"Female"
"9004158",371991,2025-05-17 21:30:30,42.399097442627,-8.92157936096191,"Female"
"9004158",371991,2025-05-17 21:36:45,42.398811340332,-8.92111492156982,"Female"
"9004158",371991,2025-05-17 21:46:12,42.3988800048828,-8.92119312286377,"Female"
"9004158",371991,2025-05-17 21:50:37,42.3990287780762,-8.92154979705811,"Female"
"9004158",371991,2025-05-17 21:55:30,42.3988723754883,-8.92111206054688,"Female"
"9004158",371991,2025-05-17 22:00:29,42.398983001709,-8.9213981628418,"Female"
"9004158",371991,2025-05-17 22:05:28,42.3990135192871,-8.92142677307129,"Female"
"9004158",371991,2025-05-17 22:10:30,42.3989715576172,-8.92130565643311,"Female"
"9004158",371991,2025-05-17 22:15:36,42.398738861084,-8.92087173461914,"Female"
"9004158",371991,2025-05-17 22:20:47,42.3992309570312,-8.922119140625,"Female"
"9004158",371991,2025-05-17 22:25:33,42.399040222168,-8.92134189605713,"Female"
"9004158",371991,2025-05-17 22:30:31,42.399341583252,-8.9223165512085,"Female"
"9004158",371991,2025-05-17 22:35:59,42.3989448547363,-8.92122268676758,"Female"
"9004158",371991,2025-05-17 22:40:25,42.398853302002,-8.92098236083984,"Female"
"9004158",371991,2025-05-17 22:45:25,42.3990516662598,-8.92163276672363,"Female"
"9004158",371991,2025-05-17 22:50:30,42.3988838195801,-8.92108249664307,"Female"
"9004158",371991,2025-05-17 22:55:44,42.3989410400391,-8.92135810852051,"Female"
"9004158",371991,2025-05-17 23:00:34,42.3989791870117,-8.92125225067139,"Female"
"9004158",371991,2025-05-17 23:05:40,42.3990249633789,-8.92144680023193,"Female"
"9004158",371991,2025-05-17 23:10:29,42.3990707397461,-8.92129993438721,"Female"
"9004158",371991,2025-05-17 23:15:36,42.3990516662598,-8.9216136932373,"Female"
"9004158",371991,2025-05-17 23:20:37,42.398624420166,-8.92083263397217,"Female"
"9004158",371991,2025-05-17 23:26:02,42.3989181518555,-8.92118835449219,"Female"
"9004158",371991,2025-05-17 23:30:31,42.3988647460938,-8.9212007522583,"Female"
"9004158",371991,2025-05-17 23:35:30,42.3989715576172,-8.92120742797852,"Female"
"9004158",371991,2025-05-17 23:40:29,42.3988571166992,-8.92096900939941,"Female"
"9004158",371991,2025-05-17 23:45:28,42.3991165161133,-8.92119216918945,"Female"
"9004158",371991,2025-05-17 23:50:29,42.3991165161133,-8.92160129547119,"Female"
"9004158",371991,2025-05-17 23:55:29,42.3988723754883,-8.92096900939941,"Female"
"9004158",371991,2025-05-18 00:00:32,42.3990859985352,-8.92132186889648,"Female"
"9004158",371991,2025-05-18 00:05:30,42.3990783691406,-8.92142581939697,"Female"
"9004158",371991,2025-05-18 00:10:34,42.3988380432129,-8.92103958129883,"Female"
"9004158",371991,2025-05-18 00:15:53,42.3989028930664,-8.92103958129883,"Female"
"9004158",371991,2025-05-18 00:20:29,42.3990058898926,-8.92103004455566,"Female"
"9004158",371991,2025-05-18 00:25:34,42.3989105224609,-8.92125988006592,"Female"
"9004158",371991,2025-05-18 00:30:28,42.3988265991211,-8.92134380340576,"Female"
"9004158",371991,2025-05-18 00:35:25,42.3989524841309,-8.92035388946533,"Female"
"9004158",371991,2025-05-18 00:40:29,42.3991203308105,-8.92083740234375,"Female"
"9004158",371991,2025-05-18 00:45:34,42.398853302002,-8.92064762115479,"Female"
"9004158",371991,2025-05-18 00:50:30,42.3989334106445,-8.92086410522461,"Female"
"9004158",371991,2025-05-18 00:55:34,42.3989486694336,-8.92034912109375,"Female"
"9004158",371991,2025-05-18 01:00:36,42.3987808227539,-8.921067237854,"Female"
"9004158",371991,2025-05-18 01:05:39,42.3990211486816,-8.92064666748047,"Female"
"9004158",371991,2025-05-18 01:10:47,42.3991050720215,-8.91979598999023,"Female"
"9004158",371991,2025-05-18 01:15:40,42.3988265991211,-8.92157554626465,"Female"
"9004158",371991,2025-05-18 01:21:34,42.3988075256348,-8.9213752746582,"Female"
"9004158",371991,2025-05-18 01:25:42,42.3988494873047,-8.92141532897949,"Female"
"9004158",371991,2025-05-18 01:30:30,42.398853302002,-8.92151546478271,"Female"
"9004158",371991,2025-05-18 01:35:37,42.3988838195801,-8.92139720916748,"Female"
"9004158",371991,2025-05-18 01:41:46,42.3990020751953,-8.92156410217285,"Female"
"9004158",371991,2025-05-18 01:46:44,42.3989143371582,-8.9216890335083,"Female"
"9004158",371991,2025-05-18 01:56:46,42.3990364074707,-8.92191886901855,"Female"
"9004158",371991,2025-05-18 02:00:45,42.398983001709,-8.92212772369385,"Female"
"9004158",371991,2025-05-18 02:05:41,42.398998260498,-8.92239761352539,"Female"
"9004158",371991,2025-05-18 02:10:34,42.3990478515625,-8.92244529724121,"Female"
"9004158",371991,2025-05-18 02:15:55,42.3991088867188,-8.92282962799072,"Female"
"9004158",371991,2025-05-18 02:21:03,42.3992118835449,-8.92248916625977,"Female"
"9004158",371991,2025-05-18 02:25:39,42.3990859985352,-8.92122745513916,"Female"
"9004158",371991,2025-05-18 02:31:14,42.3990936279297,-8.92112827301025,"Female"
"9004158",371991,2025-05-18 02:35:36,42.3990821838379,-8.9207592010498,"Female"
"9004158",371991,2025-05-18 02:40:42,42.3991622924805,-8.92075824737549,"Female"
"9004158",371991,2025-05-18 02:46:34,42.3989181518555,-8.92085933685303,"Female"
"9004158",371991,2025-05-18 02:51:33,42.3990745544434,-8.92057704925537,"Female"
"9004158",371991,2025-05-18 03:01:38,42.3984603881836,-8.92083549499512,"Female"
"9004158",371991,2025-05-18 03:05:36,42.3980331420898,-8.92090129852295,"Female"
"9004158",371991,2025-05-18 03:11:17,42.3991851806641,-8.92106151580811,"Female"
"9004158",371991,2025-05-18 03:16:05,42.3991165161133,-8.92113304138184,"Female"
"9004158",371991,2025-05-18 03:20:30,42.3991966247559,-8.92063522338867,"Female"
"9004158",371991,2025-05-18 03:30:48,42.3989181518555,-8.92105007171631,"Female"
"9004158",371991,2025-05-18 03:35:30,42.3985404968262,-8.92091083526611,"Female"
"9004158",371991,2025-05-18 03:40:31,42.3989906311035,-8.92090129852295,"Female"
"9004158",371991,2025-05-18 03:51:21,42.3986358642578,-8.92090511322021,"Female"
"9004158",371991,2025-05-18 03:55:44,42.3988723754883,-8.92089653015137,"Female"
"9004158",371991,2025-05-18 04:15:34,42.3990669250488,-8.92116737365723,"Female"
"9004158",371991,2025-05-18 04:25:38,42.3989219665527,-8.92143726348877,"Female"
"9004158",371991,2025-05-18 04:35:48,42.3989028930664,-8.92076873779297,"Female"
"9004158",371991,2025-05-18 04:45:42,42.399112701416,-8.92082023620605,"Female"
"9004158",371991,2025-05-18 04:55:30,42.3990516662598,-8.92099475860596,"Female"
"9004158",371991,2025-05-18 05:05:31,42.3994789123535,-8.9199047088623,"Female"
"9004158",371991,2025-05-18 05:15:30,42.3993911743164,-8.92038345336914,"Female"
"9004158",371991,2025-05-18 05:25:42,42.3997421264648,-8.92008781433105,"Female"
"9004158",371991,2025-05-18 05:35:32,42.3999977111816,-8.91982650756836,"Female"
"9004158",371991,2025-05-18 05:45:59,42.3990097045898,-8.92155742645264,"Female"
"9004158",371991,2025-05-18 05:55:46,42.3989105224609,-8.92126369476318,"Female"
"9004158",371991,2025-05-18 06:05:42,42.398853302002,-8.92121410369873,"Female"
"9004158",371991,2025-05-18 06:15:48,42.3988418579102,-8.92160987854004,"Female"
"9004158",371991,2025-05-18 06:25:44,42.3988342285156,-8.92141437530518,"Female"
"9004158",371991,2025-05-18 06:35:44,42.3989219665527,-8.9210844039917,"Female"
"9004158",371991,2025-05-18 06:45:33,42.3989295959473,-8.92090320587158,"Female"
"9004158",371991,2025-05-18 06:55:32,42.3990783691406,-8.92099189758301,"Female"
"9004158",371991,2025-05-18 07:05:29,42.3990936279297,-8.92123317718506,"Female"
"9004158",371991,2025-05-18 07:15:27,42.451774597168,-8.92040729522705,"Female"
"9004158",371991,2025-05-18 07:25:48,42.4531173706055,-8.92131233215332,"Female"
"9004158",371991,2025-05-18 07:36:12,42.4549865722656,-8.91966819763184,"Female"
"9004158",371991,2025-05-18 07:45:57,42.455883026123,-8.92067813873291,"Female"
"9004158",371991,2025-05-18 07:56:14,42.4549217224121,-8.92278003692627,"Female"
"9004158",371991,2025-05-18 08:06:03,42.453239440918,-8.92286396026611,"Female"
"9004158",371991,2025-05-18 08:16:15,42.4523048400879,-8.92309379577637,"Female"
"9004158",371991,2025-05-18 08:26:53,42.452262878418,-8.9232006072998,"Female"
"9004158",371991,2025-05-18 08:35:56,42.4521942138672,-8.92317867279053,"Female"
"9004158",371991,2025-05-18 08:45:56,42.4523048400879,-8.92320251464844,"Female"
"9004158",371991,2025-05-18 08:50:56,42.4520645141602,-8.92293643951416,"Female"
"9004158",371991,2025-05-18 08:55:56,42.4522552490234,-8.92309951782227,"Female"
"9004158",371991,2025-05-18 09:00:56,42.4522552490234,-8.92313098907471,"Female"
"9004158",371991,2025-05-18 09:05:56,42.4522476196289,-8.92314434051514,"Female"
"9004158",371991,2025-05-18 09:11:39,42.4528541564941,-8.92334365844727,"Female"
"9004158",371991,2025-05-18 09:17:01,42.4525680541992,-8.92216682434082,"Female"
"9004158",371991,2025-05-18 09:22:01,42.4533233642578,-8.92154502868652,"Female"
"9004158",371991,2025-05-18 09:27:02,42.4543685913086,-8.92059803009033,"Female"
"9004158",371991,2025-05-18 09:32:01,42.4547805786133,-8.92199897766113,"Female"
"9004158",371991,2025-05-18 09:37:01,42.4540252685547,-8.92222023010254,"Female"
"9004158",371991,2025-05-18 09:42:00,42.4534111022949,-8.92247867584229,"Female"
"9004158",371991,2025-05-18 09:47:26,42.4523773193359,-8.92240333557129,"Female"
"9004158",371991,2025-05-18 09:52:26,42.4521713256836,-8.92289924621582,"Female"
"9004158",371991,2025-05-18 09:57:26,42.4522323608398,-8.92299270629883,"Female"
"9004158",371991,2025-05-18 10:02:44,42.4522094726562,-8.92297554016113,"Female"
"9004158",371991,2025-05-18 10:07:26,42.4522476196289,-8.92314434051514,"Female"
"9004158",371991,2025-05-18 10:12:26,42.4521713256836,-8.92302513122559,"Female"
"9004158",371991,2025-05-18 10:17:26,42.4522285461426,-8.92317199707031,"Female"
"9004158",371991,2025-05-18 10:22:26,42.4526710510254,-8.92332744598389,"Female"
"9004158",371991,2025-05-18 10:27:31,42.4528961181641,-8.92349910736084,"Female"
"9004158",371991,2025-05-18 10:32:26,42.4542770385742,-8.92274475097656,"Female"
"9004158",371991,2025-05-18 10:37:27,42.4548301696777,-8.92130088806152,"Female"
"9004158",371991,2025-05-18 10:42:54,42.4557189941406,-8.91978645324707,"Female"
"9004158",371991,2025-05-18 10:49:49,42.4563865661621,-8.91792678833008,"Female"
"9004158",371991,2025-05-18 10:55:08,42.4572486877441,-8.91693687438965,"Female"
"9004158",371991,2025-05-18 11:00:42,42.458423614502,-8.91488838195801,"Female"
"9004158",371991,2025-05-18 11:06:07,42.4579772949219,-8.91415405273438,"Female"
"9004158",371991,2025-05-18 11:11:59,42.4565696716309,-8.91523742675781,"Female"
"9004158",371991,2025-05-18 11:17:00,42.4560546875,-8.91553211212158,"Female"
"9004158",371991,2025-05-18 11:21:58,42.4546203613281,-8.91828441619873,"Female"
"9004158",371991,2025-05-18 11:31:58,42.4321823120117,-8.91777992248535,"Female"
"9004158",371991,2025-05-18 11:36:58,42.4179534912109,-8.9154806137085,"Female"
"9004158",371991,2025-05-18 11:42:50,42.3989601135254,-8.92124938964844,"Female"
"9004158",371991,2025-05-18 11:47:00,42.3989486694336,-8.92116451263428,"Female"
"9004158",371991,2025-05-18 11:52:07,42.3991050720215,-8.92096996307373,"Female"
"9004158",371991,2025-05-18 11:57:17,42.3989791870117,-8.92114734649658,"Female"
"9004158",371991,2025-05-18 12:01:58,42.3989639282227,-8.92110729217529,"Female"
"9004158",371991,2025-05-18 12:06:58,42.4376449584961,-8.91730499267578,"Female"
"9004158",371991,2025-05-18 12:12:34,42.4533004760742,-8.92323970794678,"Female"
"9004158",371991,2025-05-18 12:17:31,42.4529304504395,-8.92421340942383,"Female"
"9004158",371991,2025-05-18 12:22:37,42.4517211914062,-8.9238805770874,"Female"
"9004158",371991,2025-05-18 12:27:56,42.4522514343262,-8.923095703125,"Female"
"9004158",371991,2025-05-18 12:32:37,42.4514999389648,-8.92259311676025,"Female"
"9004158",371991,2025-05-18 12:37:54,42.4506797790527,-8.92191600799561,"Female"
"9004158",371991,2025-05-18 12:46:05,42.4522361755371,-8.92030811309814,"Female"
"9004158",371991,2025-05-18 12:50:30,42.4519805908203,-8.92039775848389,"Female"
"9004158",371991,2025-05-18 12:55:33,42.4514541625977,-8.92026805877686,"Female"
"9004158",371991,2025-05-18 13:00:30,42.451416015625,-8.92024326324463,"Female"
"9004158",371991,2025-05-18 13:05:30,42.4519195556641,-8.92327785491943,"Female"
"9004158",371991,2025-05-18 13:10:30,42.4518928527832,-8.92324161529541,"Female"
"9004158",371991,2025-05-18 13:15:30,42.4522857666016,-8.92324256896973,"Female"
"9004158",371991,2025-05-18 13:20:31,42.452449798584,-8.92324733734131,"Female"
"9004158",371991,2025-05-18 13:25:31,42.4521675109863,-8.9232702255249,"Female"
"9004158",371991,2025-05-18 13:30:38,42.4522514343262,-8.92331695556641,"Female"
"9004158",371991,2025-05-18 13:35:33,42.4521675109863,-8.92320346832275,"Female"
"9004158",371991,2025-05-18 13:40:39,42.4522666931152,-8.92325115203857,"Female"
"9004158",371991,2025-05-18 13:45:30,42.4521942138672,-8.92313098907471,"Female"
"9004158",371991,2025-05-18 13:50:30,42.4528045654297,-8.92222785949707,"Female"
"9004158",371991,2025-05-18 13:55:47,42.4530220031738,-8.9232816696167,"Female"
"9004158",371991,2025-05-18 14:01:18,42.4537353515625,-8.92349529266357,"Female"
"9004158",371991,2025-05-18 14:06:09,42.4540176391602,-8.92366790771484,"Female"
"9004158",371991,2025-05-18 14:11:45,42.454288482666,-8.92318344116211,"Female"
"9004158",371991,2025-05-18 14:18:04,42.4551429748535,-8.92245864868164,"Female"
"9004158",371991,2025-05-18 14:23:06,42.4553375244141,-8.92120456695557,"Female"
"9004158",371991,2025-05-18 14:28:03,42.4555854797363,-8.92172718048096,"Female"
"9004158",371991,2025-05-18 14:33:03,42.4555625915527,-8.92166423797607,"Female"
"9004158",371991,2025-05-18 14:38:04,42.4555702209473,-8.92164707183838,"Female"
"9004158",371991,2025-05-18 14:43:12,42.4556503295898,-8.92165470123291,"Female"
"9004158",371991,2025-05-18 14:48:02,42.4556350708008,-8.9216833114624,"Female"
"9004158",371991,2025-05-18 14:53:02,42.4556541442871,-8.92163562774658,"Female"
"9004158",371991,2025-05-18 14:58:02,42.455680847168,-8.92173480987549,"Female"
"9004158",371991,2025-05-18 15:03:02,42.455192565918,-8.92197227478027,"Female"
"9004158",371991,2025-05-18 15:08:14,42.4545364379883,-8.92020797729492,"Female"
"9004158",371991,2025-05-18 15:14:11,42.4551429748535,-8.91950607299805,"Female"
"9004158",371991,2025-05-18 15:19:28,42.4548263549805,-8.91868019104004,"Female"
"9004158",371991,2025-05-18 15:24:24,42.4542007446289,-8.9186315536499,"Female"
"9004158",371991,2025-05-18 15:29:24,42.4543151855469,-8.9186487197876,"Female"
"9004158",371991,2025-05-18 15:34:59,42.4546318054199,-8.91844940185547,"Female"
"9004158",371991,2025-05-18 15:39:23,42.4546661376953,-8.91844654083252,"Female"
"9004158",371991,2025-05-18 15:44:24,42.4546508789062,-8.91843032836914,"Female"
"9004158",371991,2025-05-18 15:49:24,42.4546241760254,-8.91847229003906,"Female"
"9004158",371991,2025-05-18 15:54:23,42.4546051025391,-8.91847133636475,"Female"
"9004158",371991,2025-05-18 15:59:23,42.4546051025391,-8.91848087310791,"Female"
"9004158",371991,2025-05-18 16:04:35,42.4547348022461,-8.91859531402588,"Female"
"9004158",371991,2025-05-18 16:10:17,42.4547653198242,-8.91856384277344,"Female"
"9004158",371991,2025-05-18 16:15:19,42.4549827575684,-8.91897201538086,"Female"
"9004158",371991,2025-05-18 16:20:29,42.4546394348145,-8.91991424560547,"Female"
"9004158",371991,2025-05-18 16:25:32,42.4537811279297,-8.92132759094238,"Female"
"9004158",371991,2025-05-18 16:30:31,42.4508171081543,-8.92257213592529,"Female"
"9004158",371991,2025-05-18 16:35:32,42.4509239196777,-8.92253494262695,"Female"
"9004158",371991,2025-05-18 16:40:32,42.4509162902832,-8.92259788513184,"Female"
"9004158",371991,2025-05-18 16:45:32,42.4278373718262,-8.91865730285645,"Female"
"9004158",371991,2025-05-18 16:50:32,42.3988456726074,-8.92063236236572,"Female"
"9004158",371991,2025-05-18 16:55:32,42.3986663818359,-8.92077445983887,"Female"
"9004158",371991,2025-05-18 17:00:34,42.3988761901855,-8.9211254119873,"Female"
"9004158",371991,2025-05-18 17:05:41,42.3989105224609,-8.92119979858398,"Female"
"9004158",371991,2025-05-18 17:10:32,42.3989143371582,-8.9211597442627,"Female"
"9004158",371991,2025-05-18 17:15:33,42.3989105224609,-8.92113876342773,"Female"
"9004158",371991,2025-05-18 17:20:32,42.3989791870117,-8.92113208770752,"Female"
"9004158",371991,2025-05-18 17:25:34,42.3989334106445,-8.92114734649658,"Female"
"9004158",371991,2025-05-18 17:30:33,42.3990364074707,-8.92215633392334,"Female"
"9004158",371991,2025-05-18 17:35:33,42.3988647460938,-8.92112922668457,"Female"
"9004158",371991,2025-05-18 17:40:40,42.3989181518555,-8.92099094390869,"Female"
"9004158",371991,2025-05-18 17:45:36,42.3988914489746,-8.92130565643311,"Female"
"9004158",371991,2025-05-18 17:50:32,42.3989562988281,-8.92157649993896,"Female"
"9004158",371991,2025-05-18 17:55:33,42.3991012573242,-8.92140674591064,"Female"
"9004158",371991,2025-05-18 18:00:41,42.4002647399902,-8.92390537261963,"Female"
"9004158",371991,2025-05-18 18:05:33,42.399227142334,-8.92162609100342,"Female"
"9004158",371991,2025-05-18 18:10:41,42.3997001647949,-8.92268371582031,"Female"
"9004158",371991,2025-05-18 18:15:38,42.3995590209961,-8.92224788665771,"Female"
"9004158",371991,2025-05-18 18:20:41,42.3996238708496,-8.92346382141113,"Female"
"9004158",371991,2025-05-18 18:25:43,42.399097442627,-8.921217918396,"Female"
"9004158",371991,2025-05-18 18:30:39,42.3991622924805,-8.9201545715332,"Female"
"9004158",371991,2025-05-18 18:35:39,42.3992156982422,-8.9207067489624,"Female"
"9004158",371991,2025-05-18 18:41:03,42.3990898132324,-8.92129707336426,"Female"
"9004158",371991,2025-05-18 18:45:31,42.3989791870117,-8.92112064361572,"Female"
"9004158",371991,2025-05-18 18:50:31,42.3990516662598,-8.92103385925293,"Female"
"9004158",371991,2025-05-18 18:55:40,42.399169921875,-8.9210901260376,"Female"
"9004158",371991,2025-05-18 19:00:37,42.3990440368652,-8.92104721069336,"Female"
"9004158",371991,2025-05-18 19:05:41,42.399055480957,-8.92113780975342,"Female"
"9004158",371991,2025-05-18 19:10:42,42.3990058898926,-8.92112445831299,"Female"
"9004158",371991,2025-05-18 19:15:39,42.3989639282227,-8.9209041595459,"Female"
"9004158",371991,2025-05-18 19:20:32,42.3990097045898,-8.92109680175781,"Female"
"9004158",371991,2025-05-18 19:25:32,42.3989944458008,-8.92093372344971,"Female"
"9004158",371991,2025-05-18 19:30:31,42.3990478515625,-8.92111396789551,"Female"
"9004158",371991,2025-05-18 19:35:32,42.3990287780762,-8.9210090637207,"Female"
"9004158",371991,2025-05-18 19:40:32,42.3990058898926,-8.92109870910645,"Female"
"9004158",371991,2025-05-18 19:45:43,42.3999824523926,-8.92381381988525,"Female"
"9004158",371991,2025-05-18 19:50:40,42.3996810913086,-8.922776222229,"Female"
"9004158",371991,2025-05-18 19:55:45,42.3996276855469,-8.92238235473633,"Female"
"9004158",371991,2025-05-18 20:00:49,42.3998413085938,-8.92164325714111,"Female"
"9004158",371991,2025-05-18 20:05:53,42.4004592895508,-8.92248725891113,"Female"
"9004158",371991,2025-05-18 20:11:00,42.4001312255859,-8.921799659729,"Female"
"9004158",371991,2025-05-18 20:15:42,42.3994674682617,-8.92215347290039,"Female"
"9004158",371991,2025-05-18 20:21:00,42.399829864502,-8.92214107513428,"Female"
"9004158",371991,2025-05-18 20:26:17,42.4001579284668,-8.92289447784424,"Female"
"9004158",371991,2025-05-18 20:31:06,42.399471282959,-8.92273235321045,"Female"
"9004158",371991,2025-05-18 20:35:42,42.3995819091797,-8.92240333557129,"Female"
"9004158",371991,2025-05-18 20:40:40,42.399471282959,-8.92236232757568,"Female"
"9004158",371991,2025-05-18 20:46:01,42.3995056152344,-8.92236804962158,"Female"
"9004158",371991,2025-05-18 20:50:54,42.399112701416,-8.92276000976562,"Female"
"9004158",371991,2025-05-18 20:55:44,42.3992767333984,-8.92228889465332,"Female"
"9004158",371991,2025-05-18 21:00:48,42.399242401123,-8.92251205444336,"Female"
"9004158",371991,2025-05-18 21:06:11,42.3994255065918,-8.92227172851562,"Female"
"9004158",371991,2025-05-18 21:10:33,42.3993225097656,-8.9222583770752,"Female"
"9004158",371991,2025-05-18 21:15:33,42.399787902832,-8.92265224456787,"Female"
"9004158",371991,2025-05-18 21:20:34,42.3992309570312,-8.92202854156494,"Female"
"9004158",371991,2025-05-18 21:25:32,42.3992729187012,-8.92224311828613,"Female"
"9004158",371991,2025-05-18 21:30:33,42.399227142334,-8.92211627960205,"Female"
"9004158",371991,2025-05-18 21:35:33,42.3994369506836,-8.92229557037354,"Female"
"9004158",371991,2025-05-18 21:40:36,42.399227142334,-8.92207813262939,"Female"
"9004158",371991,2025-05-18 21:45:34,42.3992118835449,-8.92211532592773,"Female"
"9004158",371991,2025-05-18 21:50:33,42.3994369506836,-8.92244243621826,"Female"
"9004158",371991,2025-05-18 21:55:33,42.3993949890137,-8.9217004776001,"Female"
"9004158",371991,2025-05-18 22:00:38,42.3995361328125,-8.92221641540527,"Female"
"9004158",371991,2025-05-18 22:06:55,42.3992805480957,-8.92236804962158,"Female"
"9004158",371991,2025-05-18 22:10:41,42.3993797302246,-8.92240047454834,"Female"
"9004158",371991,2025-05-18 22:15:41,42.3993911743164,-8.92239379882812,"Female"
"9004158",371991,2025-05-18 22:20:38,42.3993835449219,-8.92237854003906,"Female"
"9004158",371991,2025-05-18 22:25:36,42.3992233276367,-8.92232036590576,"Female"
"9004158",371991,2025-05-18 22:30:37,42.3993186950684,-8.92233753204346,"Female"
"9004158",371991,2025-05-18 22:35:37,42.3993682861328,-8.92223739624023,"Female"
"9004158",371991,2025-05-18 22:40:34,42.3994560241699,-8.92224025726318,"Female"
"9004158",371991,2025-05-18 22:45:39,42.3997535705566,-8.92221069335938,"Female"
"9004158",371991,2025-05-18 22:50:45,42.3993034362793,-8.92221641540527,"Female"
"9004158",371991,2025-05-18 22:55:38,42.3994064331055,-8.92223739624023,"Female"
"9004158",371991,2025-05-18 23:00:33,42.3992881774902,-8.92235851287842,"Female"
"9004158",371991,2025-05-18 23:05:34,42.399356842041,-8.92224884033203,"Female"
"9004158",371991,2025-05-18 23:10:37,42.3993148803711,-8.922287940979,"Female"
"9004158",371991,2025-05-18 23:15:36,42.3994026184082,-8.92235088348389,"Female"
"9004158",371991,2025-05-18 23:20:39,42.4004440307617,-8.92235279083252,"Female"
"9004158",371991,2025-05-18 23:25:46,42.4010276794434,-8.92260551452637,"Female"
"9004158",371991,2025-05-18 23:30:42,42.4018592834473,-8.92290210723877,"Female"
"9004158",371991,2025-05-18 23:35:40,42.4016265869141,-8.9228048324585,"Female"
"9004158",371991,2025-05-18 23:40:47,42.4012603759766,-8.92273235321045,"Female"
"9004158",371991,2025-05-18 23:45:41,42.4020118713379,-8.9229211807251,"Female"
"9004158",371991,2025-05-18 23:50:41,42.3998031616211,-8.92234897613525,"Female"
"9004158",371991,2025-05-18 23:55:40,42.4000663757324,-8.92241287231445,"Female"
"9004158",371991,2025-05-19 00:00:39,42.3997459411621,-8.92247867584229,"Female"
"9004158",371991,2025-05-19 00:05:37,42.4000930786133,-8.92256450653076,"Female"
"9004158",371991,2025-05-19 00:10:42,42.4003257751465,-8.92249298095703,"Female"
"9004158",371991,2025-05-19 00:15:42,42.3992576599121,-8.92213439941406,"Female"
"9004158",371991,2025-05-19 00:20:45,42.3997497558594,-8.9223575592041,"Female"
"9004158",371991,2025-05-19 00:26:04,42.3994674682617,-8.9223108291626,"Female"
"9004158",371991,2025-05-19 00:30:31,42.3994369506836,-8.92235660552979,"Female"
"9004158",371991,2025-05-19 00:35:37,42.3998527526855,-8.92233180999756,"Female"
"9004158",371991,2025-05-19 00:40:33,42.3992500305176,-8.92213249206543,"Female"
"9004158",371991,2025-05-19 00:45:38,42.3995513916016,-8.92222595214844,"Female"
"9004158",371991,2025-05-19 00:50:40,42.3995094299316,-8.92206954956055,"Female"
"9004158",371991,2025-05-19 00:55:33,42.399787902832,-8.92281723022461,"Female"
"9004158",371991,2025-05-19 01:00:33,42.3993186950684,-8.92195701599121,"Female"
"9004158",371991,2025-05-19 01:05:39,42.3996543884277,-8.92233085632324,"Female"
"9004158",371991,2025-05-19 01:10:33,42.3995513916016,-8.92236709594727,"Female"
"9004158",371991,2025-05-19 01:15:32,42.3989334106445,-8.92174243927002,"Female"
"9004158",371991,2025-05-19 01:20:32,42.3999519348145,-8.9227466583252,"Female"
"9004158",371991,2025-05-19 01:25:37,42.3993606567383,-8.92203521728516,"Female"
"9004158",371991,2025-05-19 01:30:33,42.3995971679688,-8.92223644256592,"Female"
"9004158",371991,2025-05-19 01:35:37,42.3993835449219,-8.9221134185791,"Female"
"9004158",371991,2025-05-19 01:40:37,42.3993225097656,-8.92208480834961,"Female"
"9004158",371991,2025-05-19 01:45:36,42.3992767333984,-8.92236709594727,"Female"
"9004158",371991,2025-05-19 01:50:39,42.3991432189941,-8.92209815979004,"Female"
"9004158",371991,2025-05-19 01:55:44,42.3990440368652,-8.92261981964111,"Female"
"9004158",371991,2025-05-19 02:00:40,42.3991394042969,-8.92193508148193,"Female"
"9004158",371991,2025-05-19 02:05:39,42.3990936279297,-8.92207050323486,"Female"
"9004158",371991,2025-05-19 02:10:53,42.3989639282227,-8.92183208465576,"Female"
"9004158",371991,2025-05-19 02:15:44,42.399097442627,-8.9221363067627,"Female"
"9004158",371991,2025-05-19 02:20:42,42.3995246887207,-8.92243099212646,"Female"
"9004158",371991,2025-05-19 02:25:39,42.399528503418,-8.92238998413086,"Female"
"9004158",371991,2025-05-19 02:31:04,42.3992729187012,-8.92216491699219,"Female"
"9004158",371991,2025-05-19 02:35:34,42.3992729187012,-8.92205715179443,"Female"
"9004158",371991,2025-05-19 02:40:36,42.3986511230469,-8.92232513427734,"Female"
"9004158",371991,2025-05-19 02:46:17,42.400318145752,-8.92312622070312,"Female"
"9004158",371991,2025-05-19 02:50:39,42.4012069702148,-8.92337131500244,"Female"
"9004158",371991,2025-05-19 02:55:37,42.4007110595703,-8.92347431182861,"Female"
"9004158",371991,2025-05-19 03:00:59,42.4004287719727,-8.92329597473145,"Female"
"9004158",371991,2025-05-19 03:05:42,42.4010543823242,-8.9235954284668,"Female"
"9004158",371991,2025-05-19 03:10:41,42.3998107910156,-8.92318058013916,"Female"
"9004158",371991,2025-05-19 03:15:59,42.401309967041,-8.92316627502441,"Female"
"9004158",371991,2025-05-19 03:20:45,42.3987083435059,-8.92230129241943,"Female"
"9004158",371991,2025-05-19 03:26:14,42.3978538513184,-8.9215259552002,"Female"
"9004158",371991,2025-05-19 03:30:48,42.4001808166504,-8.9228515625,"Female"
"9004158",371991,2025-05-19 03:35:43,42.3998527526855,-8.92236995697021,"Female"
"9004158",371991,2025-05-19 03:40:39,42.3998565673828,-8.92233753204346,"Female"
"9004158",371991,2025-05-19 03:45:39,42.3998680114746,-8.92211151123047,"Female"
"9004158",371991,2025-05-19 03:50:42,42.400276184082,-8.9226131439209,"Female"
"9004158",371991,2025-05-19 03:55:41,42.4003601074219,-8.92294788360596,"Female"
"9004158",371991,2025-05-19 04:01:14,42.3992614746094,-8.92208576202393,"Female"
"9004158",371991,2025-05-19 04:05:36,42.3990821838379,-8.92190456390381,"Female"
"9004158",371991,2025-05-19 04:10:37,42.3993682861328,-8.92207813262939,"Female"
"9004158",371991,2025-05-19 04:16:56,42.3990020751953,-8.92209815979004,"Female"
"9004158",371991,2025-05-19 04:20:36,42.3994293212891,-8.92217540740967,"Female"
"9004158",371991,2025-05-19 04:25:33,42.3990249633789,-8.92190265655518,"Female"
"9004158",371991,2025-05-19 04:31:01,42.3993072509766,-8.92214679718018,"Female"
"9004158",371991,2025-05-19 04:35:36,42.3996047973633,-8.92216777801514,"Female"
"9004158",371991,2025-05-19 04:40:38,42.3995819091797,-8.92217826843262,"Female"
"9004158",371991,2025-05-19 04:45:51,42.3992881774902,-8.92213344573975,"Female"
"9004158",371991,2025-05-19 04:50:37,42.3993911743164,-8.92224884033203,"Female"
"9004158",371991,2025-05-19 04:55:36,42.3994331359863,-8.92222595214844,"Female"
"9004158",371991,2025-05-19 05:00:37,42.4007148742676,-8.9218168258667,"Female"
"9004158",371991,2025-05-19 05:11:05,42.3995552062988,-8.92239856719971,"Female"
"9004158",371991,2025-05-19 05:20:32,42.4117469787598,-8.91868305206299,"Female"
"9004158",371991,2025-05-19 05:31:15,42.4516830444336,-8.91922855377197,"Female"
"9004158",371991,2025-05-19 05:42:35,42.4550247192383,-8.91960144042969,"Female"
"9004158",371991,2025-05-19 05:52:26,42.4549217224121,-8.91842842102051,"Female"
"9004158",371991,2025-05-19 06:02:25,42.4546852111816,-8.91851043701172,"Female"
"9004158",371991,2025-05-19 06:12:24,42.4546966552734,-8.91848087310791,"Female"
"9004158",371991,2025-05-19 06:22:28,42.4545478820801,-8.91854476928711,"Female"
"9004158",371991,2025-05-19 06:32:25,42.4546699523926,-8.9183931350708,"Female"
"9004158",371991,2025-05-19 06:42:33,42.4546012878418,-8.9181604385376,"Female"
"9004158",371991,2025-05-19 06:52:48,42.4546890258789,-8.9187650680542,"Female"
"9004158",371991,2025-05-19 07:03:22,42.4546318054199,-8.92173004150391,"Female"
"9004158",371991,2025-05-19 07:13:20,42.4536476135254,-8.92308902740479,"Female"
"9004158",371991,2025-05-19 07:23:20,42.4522285461426,-8.92321300506592,"Female"
"9004158",371991,2025-05-19 07:28:19,42.452205657959,-8.923264503479,"Female"
"9004158",371991,2025-05-19 07:33:20,42.4522438049316,-8.92321681976318,"Female"
"9004158",371991,2025-05-19 07:38:20,42.4522171020508,-8.92322444915771,"Female"
"9004158",371991,2025-05-19 07:43:20,42.4522132873535,-8.92319679260254,"Female"
"9004158",371991,2025-05-19 07:48:20,42.4521751403809,-8.92317390441895,"Female"
"9004158",371991,2025-05-19 07:53:20,42.4522247314453,-8.92326545715332,"Female"
"9004158",371991,2025-05-19 07:58:20,42.4521713256836,-8.92312908172607,"Female"
"9004158",371991,2025-05-19 08:03:19,42.4522018432617,-8.92314052581787,"Female"
"9004158",371991,2025-05-19 08:08:44,42.4522247314453,-8.92317390441895,"Female"
"9004158",371991,2025-05-19 08:13:19,42.4521598815918,-8.92316818237305,"Female"
"9004158",371991,2025-05-19 08:18:19,42.4521522521973,-8.92302322387695,"Female"
"9004158",371991,2025-05-19 08:23:19,42.4521331787109,-8.92303276062012,"Female"
"9004158",371991,2025-05-19 08:28:20,42.4522094726562,-8.92312335968018,"Female"
"9004158",371991,2025-05-19 08:33:22,42.4523010253906,-8.92322063446045,"Female"
"9004158",371991,2025-05-19 08:38:24,42.4526023864746,-8.92373371124268,"Female"
"9004158",371991,2025-05-19 08:43:32,42.4534187316895,-8.92411804199219,"Female"
"9004158",371991,2025-05-19 08:50:48,42.4537467956543,-8.92350196838379,"Female"
"9004158",371991,2025-05-19 09:00:51,42.4539070129395,-8.92337417602539,"Female"
"9004158",371991,2025-05-19 09:06:24,42.4529151916504,-8.92271137237549,"Female"
"9004158",371991,2025-05-19 09:11:24,42.4524993896484,-8.92360973358154,"Female"
"9004158",371991,2025-05-19 09:16:40,42.4519691467285,-8.9246244430542,"Female"
"9004158",371991,2025-05-19 09:21:31,42.4520568847656,-8.92419719696045,"Female"
"9004158",371991,2025-05-19 09:26:30,42.4520568847656,-8.92420291900635,"Female"
"9004158",371991,2025-05-19 09:31:30,42.4475402832031,-8.92268180847168,"Female"
"9004158",371991,2025-05-19 09:36:32,42.4340324401855,-8.91876029968262,"Female"
"9004158",371991,2025-05-19 09:41:31,42.4328384399414,-8.91836547851562,"Female"
"9004158",371991,2025-05-19 09:46:36,42.4135093688965,-8.91610050201416,"Female"
"9004158",371991,2025-05-19 09:51:33,42.3993644714355,-8.92061614990234,"Female"
"9004158",371991,2025-05-19 09:56:34,42.3993682861328,-8.92055702209473,"Female"
"9004158",371991,2025-05-19 10:01:53,42.3993148803711,-8.92066287994385,"Female"
"9004158",371991,2025-05-19 10:06:20,42.3993988037109,-8.91911506652832,"Female"
"9004158",371991,2025-05-19 10:11:28,42.3988761901855,-8.92141628265381,"Female"
"9004158",371991,2025-05-19 10:16:24,42.3988647460938,-8.92145824432373,"Female"
"9004158",371991,2025-05-19 10:21:29,42.3988800048828,-8.92133712768555,"Female"
"9004158",371991,2025-05-19 10:26:29,42.3988800048828,-8.9213399887085,"Female"
"9004158",371991,2025-05-19 10:31:24,42.398868560791,-8.92140483856201,"Female"
"9004158",371991,2025-05-19 10:36:28,42.3989944458008,-8.92143535614014,"Female"
"9004158",371991,2025-05-19 10:41:23,42.3988800048828,-8.9213924407959,"Female"
"9004158",371991,2025-05-19 10:47:45,42.3989524841309,-8.92140483856201,"Female"
"9004158",371991,2025-05-19 10:52:45,42.3989448547363,-8.92115879058838,"Female"
"9004158",371991,2025-05-19 10:57:45,42.3990249633789,-8.92125511169434,"Female"
"9004158",371991,2025-05-19 11:02:45,42.3992080688477,-8.92065048217773,"Female"
"9004158",371991,2025-05-19 11:07:14,42.399040222168,-8.92132091522217,"Female"
"9004158",371991,2025-05-19 11:12:44,42.3990592956543,-8.92137908935547,"Female"
"9004158",371991,2025-05-19 11:17:45,42.398998260498,-8.92141151428223,"Female"
"9004158",371991,2025-05-19 11:21:59,42.3989334106445,-8.92111301422119,"Female"
"9004158",371991,2025-05-19 11:26:42,42.3988265991211,-8.9213342666626,"Female"
"9004158",371991,2025-05-19 11:31:21,42.4080543518066,-8.92183971405029,"Female"
"9004158",371991,2025-05-19 11:36:21,42.4352340698242,-8.92110824584961,"Female"
"9004158",371991,2025-05-19 11:41:20,42.4521255493164,-8.92322635650635,"Female"
"9004158",371991,2025-05-19 11:46:22,42.4522285461426,-8.92342185974121,"Female"
"9004158",371991,2025-05-19 11:51:21,42.4519996643066,-8.92266654968262,"Female"
"9004158",371991,2025-05-19 11:56:38,42.4526786804199,-8.92388248443604,"Female"
"9004158",371991,2025-05-19 12:07:14,42.4521827697754,-8.92456912994385,"Female"
"9004158",371991,2025-05-19 12:12:18,42.4521903991699,-8.92376136779785,"Female"
"9004158",371991,2025-05-19 12:17:51,42.4531059265137,-8.92349624633789,"Female"
"9004158",371991,2025-05-19 12:23:24,42.4536514282227,-8.92324161529541,"Female"
"9004158",371991,2025-05-19 12:28:24,42.4540023803711,-8.92280864715576,"Female"
"9004158",371991,2025-05-19 12:33:23,42.4548759460449,-8.92252349853516,"Female"
"9004158",371991,2025-05-19 12:40:23,42.4551429748535,-8.92211437225342,"Female"
"9004158",371991,2025-05-19 12:45:07,42.4550094604492,-8.9225492477417,"Female"
"9004158",371991,2025-05-19 12:50:35,42.4550018310547,-8.9227180480957,"Female"
"9004158",371991,2025-05-19 12:55:08,42.455005645752,-8.92284393310547,"Female"
"9004158",371991,2025-05-19 13:00:18,42.4550170898438,-8.92274284362793,"Female"
"9004158",371991,2025-05-19 13:05:10,42.4549865722656,-8.92259311676025,"Female"
"9004158",371991,2025-05-19 13:10:18,42.4550170898438,-8.92277050018311,"Female"
"9004158",371991,2025-05-19 13:15:18,42.4549980163574,-8.92278003692627,"Female"
"9004158",371991,2025-05-19 13:20:18,42.455005645752,-8.92276000976562,"Female"
"9004158",371991,2025-05-19 13:25:18,42.4550132751465,-8.92281818389893,"Female"
"9004158",371991,2025-05-19 13:30:10,42.455020904541,-8.92314338684082,"Female"
"9004158",371991,2025-05-19 13:35:18,42.455020904541,-8.92278480529785,"Female"
"9004158",371991,2025-05-19 13:40:12,42.4550361633301,-8.92314147949219,"Female"
"9004158",371991,2025-05-19 13:45:18,42.455005645752,-8.92290687561035,"Female"
"9004158",371991,2025-05-19 13:56:05,42.4541702270508,-8.92333602905273,"Female"
"9004158",371991,2025-05-19 14:00:11,42.4536933898926,-8.92314624786377,"Female"
"9004158",371991,2025-05-19 14:05:29,42.4531517028809,-8.92408180236816,"Female"
"9004158",371991,2025-05-19 14:10:18,42.4521903991699,-8.92427062988281,"Female"
"9004158",371991,2025-05-19 14:15:20,42.4521865844727,-8.92413330078125,"Female"
"9004158",371991,2025-05-19 14:20:18,42.4520225524902,-8.92423915863037,"Female"
"9004158",371991,2025-05-19 14:25:11,42.4522972106934,-8.92374324798584,"Female"
"9004158",371991,2025-05-19 14:30:18,42.452278137207,-8.92337703704834,"Female"
"9004158",371991,2025-05-19 14:35:10,42.4522895812988,-8.92291927337646,"Female"
"9004158",371991,2025-05-19 14:40:28,42.4517860412598,-8.92338466644287,"Female"
"9004158",371991,2025-05-19 14:45:21,42.451789855957,-8.92334842681885,"Female"
"9004158",371991,2025-05-19 14:50:25,42.4516677856445,-8.92335319519043,"Female"
"9004158",371991,2025-05-19 14:55:20,42.4516525268555,-8.92326641082764,"Female"
"9004158",371991,2025-05-19 15:00:21,42.4516677856445,-8.92321872711182,"Female"
"9004158",371991,2025-05-19 15:05:22,42.4515571594238,-8.92320346832275,"Female"
"9004158",371991,2025-05-19 15:10:36,42.4513282775879,-8.9230842590332,"Female"
"9004158",371991,2025-05-19 15:15:09,42.4517021179199,-8.92312049865723,"Female"
"9004158",371991,2025-05-19 15:20:09,42.45166015625,-8.92309379577637,"Female"
"9004158",371991,2025-05-19 15:25:09,42.4516487121582,-8.92368221282959,"Female"
"9004158",371991,2025-05-19 15:30:14,42.4509811401367,-8.9237642288208,"Female"
"9004158",371991,2025-05-19 15:35:15,42.4502182006836,-8.92326736450195,"Female"
"9004158",371991,2025-05-19 15:40:13,42.4504432678223,-8.92283058166504,"Female"
"9004158",371991,2025-05-19 15:45:13,42.450267791748,-8.92285919189453,"Female"
"9004158",371991,2025-05-19 15:50:13,42.4504470825195,-8.9228048324585,"Female"
"9004158",371991,2025-05-19 15:55:13,42.4505386352539,-8.92276954650879,"Female"
"9004158",371991,2025-05-19 16:00:13,42.4264068603516,-8.91839027404785,"Female"
"9004158",371991,2025-05-19 16:05:13,42.3991661071777,-8.92272472381592,"Female"
"9004158",371991,2025-05-19 16:10:22,42.3989677429199,-8.92109394073486,"Female"
"9004158",371991,2025-05-19 16:15:14,42.3988876342773,-8.92119884490967,"Female"
"9004158",371991,2025-05-19 16:20:13,42.3988952636719,-8.9211483001709,"Female"
"9004158",371991,2025-05-19 16:25:13,42.398868560791,-8.92110824584961,"Female"
"9004158",371991,2025-05-19 16:30:13,42.3988990783691,-8.92114162445068,"Female"
"9004158",371991,2025-05-19 16:35:16,42.3987655639648,-8.92093086242676,"Female"
"9004158",371991,2025-05-19 16:40:14,42.3989219665527,-8.92113971710205,"Female"
"9004158",371991,2025-05-19 16:45:13,42.3988800048828,-8.9210729598999,"Female"
"9004158",371991,2025-05-19 16:50:13,42.3990364074707,-8.92135238647461,"Female"
"9004158",371991,2025-05-19 16:55:15,42.3989028930664,-8.92108821868896,"Female"
"9004158",371991,2025-05-19 17:00:33,42.3991012573242,-8.92131614685059,"Female"
"9004158",371991,2025-05-19 17:05:17,42.3990707397461,-8.92147159576416,"Female"
"9004158",371991,2025-05-19 17:10:14,42.3989944458008,-8.92117404937744,"Female"
"9004158",371991,2025-05-19 17:15:16,42.3990287780762,-8.92126941680908,"Female"
"9004158",371991,2025-05-19 17:20:35,42.3994293212891,-8.92217922210693,"Female"
"9004158",371991,2025-05-19 17:25:18,42.3994293212891,-8.92210006713867,"Female"
"9004158",371991,2025-05-19 17:30:15,42.3993186950684,-8.92235469818115,"Female"
"9004158",371991,2025-05-19 17:35:17,42.3992195129395,-8.92227458953857,"Female"
"9004158",371991,2025-05-19 17:40:24,42.3994026184082,-8.92225170135498,"Female"
"9004158",371991,2025-05-19 17:45:43,42.399341583252,-8.92233562469482,"Female"
"9004158",371991,2025-05-19 17:50:18,42.3994598388672,-8.92243385314941,"Female"
"9004158",371991,2025-05-19 17:55:16,42.3995819091797,-8.92215156555176,"Female"
"9004158",371991,2025-05-19 18:00:28,42.3991737365723,-8.92214298248291,"Female"
"9004158",371991,2025-05-19 18:05:19,42.3993949890137,-8.92201805114746,"Female"
"9004158",371991,2025-05-19 18:11:38,42.3993759155273,-8.9220724105835,"Female"
"9004158",371991,2025-05-19 18:15:44,42.3993110656738,-8.92216968536377,"Female"
"9004158",371991,2025-05-19 18:20:30,42.3992538452148,-8.9221134185791,"Female"
"9004158",371991,2025-05-19 18:25:42,42.3992919921875,-8.92218399047852,"Female"
"9004158",371991,2025-05-19 18:30:15,42.3997497558594,-8.9231014251709,"Female"
"9004158",371991,2025-05-19 18:35:16,42.3996086120605,-8.92237949371338,"Female"
"9004158",371991,2025-05-19 18:40:16,42.399658203125,-8.9228048324585,"Female"
"9004158",371991,2025-05-19 18:45:48,42.3991851806641,-8.92212295532227,"Female"
"9004158",371991,2025-05-19 18:50:32,42.3992538452148,-8.92213535308838,"Female"
"9004158",371991,2025-05-19 18:55:24,42.3992462158203,-8.92218399047852,"Female"
"9004158",371991,2025-05-19 19:00:24,42.398998260498,-8.92215728759766,"Female"
"9004158",371991,2025-05-19 19:05:22,42.4007873535156,-8.92694568634033,"Female"
"9004158",371991,2025-05-19 19:10:33,42.399040222168,-8.92217254638672,"Female"
"9004158",371991,2025-05-19 19:15:17,42.3991508483887,-8.92190742492676,"Female"
"9004158",371991,2025-05-19 19:20:23,42.3995666503906,-8.92208862304688,"Female"
"9004158",371991,2025-05-19 19:25:22,42.3994750976562,-8.922043800354,"Female"
"9004158",371991,2025-05-19 19:30:25,42.3991661071777,-8.92244338989258,"Female"
"9004158",371991,2025-05-19 19:35:18,42.3994140625,-8.92212009429932,"Female"
"9004158",371991,2025-05-19 19:40:21,42.3992691040039,-8.9224100112915,"Female"
"9004158",371991,2025-05-19 19:45:33,42.3994216918945,-8.92216205596924,"Female"
"9004158",371991,2025-05-19 19:50:24,42.3995208740234,-8.92197608947754,"Female"
"9004158",371991,2025-05-19 19:55:25,42.3994941711426,-8.92197322845459,"Female"
"9004158",371991,2025-05-19 20:00:43,42.3995780944824,-8.92191791534424,"Female"
"9004158",371991,2025-05-19 20:05:42,42.399528503418,-8.92197895050049,"Female"
"9004158",371991,2025-05-19 20:10:15,42.3995361328125,-8.92180061340332,"Female"
"9004158",371991,2025-05-19 20:15:32,42.3994560241699,-8.92205333709717,"Female"
"9004158",371991,2025-05-19 20:20:14,42.3991546630859,-8.92212104797363,"Female"
"9004158",371991,2025-05-19 20:25:16,42.399658203125,-8.92194843292236,"Female"
"9004158",371991,2025-05-19 20:30:16,42.3995819091797,-8.92285823822021,"Female"
"9004158",371991,2025-05-19 20:35:15,42.3993339538574,-8.92265129089355,"Female"
"9004158",371991,2025-05-19 20:40:16,42.3995475769043,-8.92251777648926,"Female"
"9004158",371991,2025-05-19 20:45:40,42.3994750976562,-8.92261791229248,"Female"
"9004158",371991,2025-05-19 20:50:17,42.3993949890137,-8.92239761352539,"Female"
"9004158",371991,2025-05-19 20:55:15,42.3996849060059,-8.92301654815674,"Female"
"9004158",371991,2025-05-19 21:00:18,42.3995552062988,-8.9228048324585,"Female"
"9004158",371991,2025-05-19 21:05:19,42.3995933532715,-8.92276859283447,"Female"
"9004158",371991,2025-05-19 21:10:25,42.3994636535645,-8.92216110229492,"Female"
"9004158",371991,2025-05-19 21:15:16,42.399471282959,-8.92226123809814,"Female"
"9004158",371991,2025-05-19 21:20:16,42.3993034362793,-8.92206764221191,"Female"
"9004158",371991,2025-05-19 21:25:16,42.3996543884277,-8.92177104949951,"Female"
"9004158",371991,2025-05-19 21:30:26,42.3994522094727,-8.92178535461426,"Female"
"9004158",371991,2025-05-19 21:35:24,42.3995399475098,-8.92202281951904,"Female"
"9004158",371991,2025-05-19 21:40:25,42.3993721008301,-8.92232608795166,"Female"
"9004158",371991,2025-05-19 21:45:24,42.399227142334,-8.92256355285645,"Female"
"9004158",371991,2025-05-19 21:50:42,42.3990821838379,-8.92201805114746,"Female"
"9004158",371991,2025-05-19 21:55:17,42.3994255065918,-8.92191600799561,"Female"
"9004158",371991,2025-05-19 22:00:26,42.3993873596191,-8.92200088500977,"Female"
"9004158",371991,2025-05-19 22:05:21,42.3993110656738,-8.92211532592773,"Female"
"9004158",371991,2025-05-19 22:10:21,42.3993682861328,-8.92217826843262,"Female"
"9004158",371991,2025-05-19 22:15:27,42.3993949890137,-8.92204475402832,"Female"
"9004158",371991,2025-05-19 22:20:27,42.3991394042969,-8.92207145690918,"Female"
"9004158",371991,2025-05-19 22:26:38,42.3990821838379,-8.92207431793213,"Female"
"9004158",371991,2025-05-19 22:31:38,42.3991470336914,-8.92199611663818,"Female"
"9004158",371991,2025-05-19 22:35:18,42.3995895385742,-8.92279243469238,"Female"
"9004158",371991,2025-05-19 22:40:22,42.3994064331055,-8.92209529876709,"Female"
"9004158",371991,2025-05-19 22:45:23,42.3994750976562,-8.92211627960205,"Female"
"9004158",371991,2025-05-19 22:50:19,42.3993034362793,-8.92221450805664,"Female"
"9004158",371991,2025-05-19 22:55:18,42.3990898132324,-8.92113304138184,"Female"
"9004158",371991,2025-05-19 23:00:27,42.3997993469238,-8.92204284667969,"Female"
"9004158",371991,2025-05-19 23:05:21,42.3997802734375,-8.92202472686768,"Female"
"9004158",371991,2025-05-19 23:10:18,42.3999404907227,-8.92268848419189,"Female"
"9004158",371991,2025-05-19 23:15:22,42.3993148803711,-8.92215442657471,"Female"
"9004158",371991,2025-05-19 23:21:38,42.399299621582,-8.92211437225342,"Female"
"9004158",371991,2025-05-19 23:25:22,42.3993225097656,-8.92215061187744,"Female"
"9004158",371991,2025-05-19 23:30:36,42.3993644714355,-8.92206287384033,"Female"
"9004158",371991,2025-05-19 23:35:16,42.3991928100586,-8.92216682434082,"Female"
"9004158",371991,2025-05-19 23:40:16,42.3993873596191,-8.92208194732666,"Female"
"9004158",371991,2025-05-19 23:45:45,42.3993453979492,-8.92214202880859,"Female"
"9004158",371991,2025-05-19 23:50:16,42.3987159729004,-8.92222213745117,"Female"
"9004158",371991,2025-05-19 23:55:18,42.3997611999512,-8.9229097366333,"Female"
"9004158",371991,2025-05-20 00:00:27,42.399528503418,-8.92290878295898,"Female"
"9004158",371991,2025-05-20 00:05:18,42.3996353149414,-8.92290878295898,"Female"
"9004158",371991,2025-05-20 00:10:18,42.399974822998,-8.92357730865479,"Female"
"9004158",371991,2025-05-20 00:15:32,42.3993873596191,-8.92215538024902,"Female"
"9004158",371991,2025-05-20 00:20:25,42.3996200561523,-8.92249393463135,"Female"
"9004158",371991,2025-05-20 00:25:17,42.3993988037109,-8.92230129241943,"Female"
"9004158",371991,2025-05-20 00:31:03,42.4009056091309,-8.92221832275391,"Female"
"9004158",371991,2025-05-20 00:35:16,42.400032043457,-8.92315196990967,"Female"
"9004158",371991,2025-05-20 00:40:15,42.3997116088867,-8.92269325256348,"Female"
"9004158",371991,2025-05-20 00:45:23,42.3993034362793,-8.9223518371582,"Female"
"9004158",371991,2025-05-20 00:50:16,42.3994026184082,-8.92205333709717,"Female"
"9004158",371991,2025-05-20 00:55:17,42.3991928100586,-8.92203998565674,"Female"
"9004158",371991,2025-05-20 01:00:17,42.3992385864258,-8.92222118377686,"Female"
"9004158",371991,2025-05-20 01:05:19,42.3992919921875,-8.92216205596924,"Female"
"9004158",371991,2025-05-20 01:10:24,42.3993225097656,-8.92208480834961,"Female"
"9004158",371991,2025-05-20 01:15:24,42.3991050720215,-8.92197799682617,"Female"
"9004158",371991,2025-05-20 01:20:30,42.3988723754883,-8.92162227630615,"Female"
"9004158",371991,2025-05-20 01:25:29,42.3995246887207,-8.92222309112549,"Female"
"9004158",371991,2025-05-20 01:30:28,42.3995475769043,-8.92226505279541,"Female"
"9004158",371991,2025-05-20 01:35:27,42.3990440368652,-8.9218225479126,"Female"
"9004158",371991,2025-05-20 01:40:31,42.3992919921875,-8.92215251922607,"Female"
"9004158",371991,2025-05-20 01:45:18,42.3991851806641,-8.92207908630371,"Female"
"9004158",371991,2025-05-20 01:50:21,42.3992805480957,-8.92206954956055,"Female"
"9004158",371991,2025-05-20 01:55:25,42.3993949890137,-8.92239189147949,"Female"
"9004158",371991,2025-05-20 02:00:23,42.3992958068848,-8.92230319976807,"Female"
"9004158",371991,2025-05-20 02:05:44,42.3993301391602,-8.92228507995605,"Female"
"9004158",371991,2025-05-20 02:10:16,42.3992195129395,-8.92203330993652,"Female"
"9004158",371991,2025-05-20 02:15:17,42.3995323181152,-8.92228126525879,"Female"
"9004158",371991,2025-05-20 02:20:24,42.3984870910645,-8.9221887588501,"Female"
"9004158",371991,2025-05-20 02:25:15,42.3984413146973,-8.92195129394531,"Female"
"9004158",371991,2025-05-20 02:30:21,42.3989067077637,-8.92250919342041,"Female"
"9004158",371991,2025-05-20 02:35:34,42.3995780944824,-8.92222118377686,"Female"
"9004158",371991,2025-05-20 02:40:26,42.399528503418,-8.92214107513428,"Female"
"9004158",371991,2025-05-20 02:45:35,42.3995018005371,-8.9222469329834,"Female"
"9004158",371991,2025-05-20 02:50:16,42.3999328613281,-8.9223690032959,"Female"
"9004158",371991,2025-05-20 02:55:21,42.3994445800781,-8.92240142822266,"Female"
"9004158",371991,2025-05-20 03:00:18,42.4000282287598,-8.92256164550781,"Female"
"9004158",371991,2025-05-20 03:05:52,42.3994255065918,-8.92231941223145,"Female"
"9004158",371991,2025-05-20 03:10:16,42.3998146057129,-8.92241096496582,"Female"
"9004158",371991,2025-05-20 03:15:37,42.3995018005371,-8.9221887588501,"Female"
"9004158",371991,2025-05-20 03:20:24,42.3994522094727,-8.92221736907959,"Female"
"9004158",371991,2025-05-20 03:25:22,42.3993606567383,-8.92228031158447,"Female"
"9004158",371991,2025-05-20 03:30:19,42.3994178771973,-8.92211532592773,"Female"
"9004158",371991,2025-05-20 03:35:25,42.3994064331055,-8.92204093933105,"Female"
"9004158",371991,2025-05-20 03:40:30,42.3995513916016,-8.92217540740967,"Female"
"9004158",371991,2025-05-20 03:45:44,42.3993225097656,-8.92214202880859,"Female"
"9004158",371991,2025-05-20 03:51:38,42.3992767333984,-8.92218112945557,"Female"
"9004158",371991,2025-05-20 03:55:48,42.399356842041,-8.92208003997803,"Female"
"9004158",371991,2025-05-20 04:01:38,42.3994102478027,-8.92215442657471,"Female"
"9004158",371991,2025-05-20 04:06:38,42.3994026184082,-8.92207145690918,"Female"
"9004158",371991,2025-05-20 04:11:38,42.3993797302246,-8.92216205596924,"Female"
"9004158",371991,2025-05-20 04:16:38,42.3993988037109,-8.92228412628174,"Female"
"9004158",371991,2025-05-20 04:20:21,42.3991928100586,-8.9223575592041,"Female"
"9004158",371991,2025-05-20 04:25:18,42.399112701416,-8.92191696166992,"Female"
"9004158",371991,2025-05-20 04:30:19,42.3993377685547,-8.92221927642822,"Female"
"9004158",371991,2025-05-20 04:35:17,42.3993606567383,-8.92195415496826,"Female"
"9004158",371991,2025-05-20 04:40:21,42.3993606567383,-8.92219066619873,"Female"
"9004158",371991,2025-05-20 04:45:17,42.3995742797852,-8.92216205596924,"Female"
"9004158",371991,2025-05-20 04:50:21,42.3994026184082,-8.92224788665771,"Female"
"9004158",371991,2025-05-20 04:55:15,42.3999290466309,-8.92268085479736,"Female"
"9004158",371991,2025-05-20 05:00:22,42.3992195129395,-8.92199516296387,"Female"
"9004158",371991,2025-05-20 05:05:16,42.3980560302734,-8.92123222351074,"Female"
"9004158",371991,2025-05-20 05:10:24,42.3993759155273,-8.92209911346436,"Female"
"9004158",371991,2025-05-20 05:15:14,42.4376564025879,-8.92341709136963,"Female"
"9004158",371991,2025-05-20 05:20:37,42.4510650634766,-8.92239093780518,"Female"
"9004158",371991,2025-05-20 05:25:35,42.4513053894043,-8.92250061035156,"Female"
"9004158",371991,2025-05-20 05:30:45,42.4522705078125,-8.92361545562744,"Female"
"9004158",371991,2025-05-20 05:35:39,42.4520874023438,-8.92278861999512,"Female"
"9004158",371991,2025-05-20 05:40:36,42.4522132873535,-8.92320728302002,"Female"
"9004158",371991,2025-05-20 05:45:36,42.4522476196289,-8.92322254180908,"Female"
"9004158",371991,2025-05-20 05:50:40,42.4521980285645,-8.92318725585938,"Female"
"9004158",371991,2025-05-20 05:55:37,42.4522705078125,-8.92317676544189,"Female"
"9004158",371991,2025-05-20 06:00:36,42.4521865844727,-8.92321586608887,"Female"
"9004158",371991,2025-05-20 06:05:34,42.4522018432617,-8.9231538772583,"Female"
"9004158",371991,2025-05-20 06:10:34,42.4521560668945,-8.92319202423096,"Female"
"9004158",371991,2025-05-20 06:15:36,42.4522514343262,-8.92295455932617,"Female"
"9004158",371991,2025-05-20 06:20:36,42.451732635498,-8.92274284362793,"Female"
"9004158",371991,2025-05-20 06:25:39,42.451976776123,-8.92269229888916,"Female"
"9004158",371991,2025-05-20 06:30:36,42.4529495239258,-8.92318153381348,"Female"
"9004158",371991,2025-05-20 06:35:37,42.4537925720215,-8.92360877990723,"Female"
"9004158",371991,2025-05-20 06:40:48,42.4540367126465,-8.92298603057861,"Female"
"9004158",371991,2025-05-20 06:46:00,42.4550132751465,-8.92208480834961,"Female"
"9004158",371991,2025-05-20 06:51:14,42.4554595947266,-8.92091846466064,"Female"
"9004158",371991,2025-05-20 06:55:49,42.455982208252,-8.91993808746338,"Female"
"9004158",371991,2025-05-20 07:00:53,42.4570999145508,-8.91832447052002,"Female"
"9004158",371991,2025-05-20 07:06:00,42.4569816589355,-8.91842937469482,"Female"
"9004158",371991,2025-05-20 07:10:57,42.4563446044922,-8.91963386535645,"Female"
"9004158",371991,2025-05-20 07:16:22,42.4555435180664,-8.92146015167236,"Female"
"9004158",371991,2025-05-20 07:21:23,42.4552993774414,-8.92135429382324,"Female"
"9004158",371991,2025-05-20 07:26:35,42.4553184509277,-8.92155647277832,"Female"
"9004158",371991,2025-05-20 07:31:14,42.4553413391113,-8.92154884338379,"Female"
"9004158",371991,2025-05-20 07:36:14,42.4553489685059,-8.9215669631958,"Female"
"9004158",371991,2025-05-20 07:41:14,42.4553604125977,-8.92159271240234,"Female"
"9004158",371991,2025-05-20 07:46:14,42.4553298950195,-8.92151165008545,"Female"
"9004158",371991,2025-05-20 07:51:14,42.455322265625,-8.92159175872803,"Female"
"9004158",371991,2025-05-20 07:56:15,42.4552841186523,-8.92154026031494,"Female"
"9004158",371991,2025-05-20 08:01:14,42.4554290771484,-8.9216194152832,"Female"
"9004158",371991,2025-05-20 08:06:18,42.4547271728516,-8.9218168258667,"Female"
"9004158",371991,2025-05-20 08:11:20,42.4549598693848,-8.92003345489502,"Female"
"9004158",371991,2025-05-20 08:16:35,42.4558334350586,-8.91985607147217,"Female"
"9004158",371991,2025-05-20 08:21:46,42.4555511474609,-8.92091369628906,"Female"
"9004158",371991,2025-05-20 08:26:46,42.4553375244141,-8.9208517074585,"Female"
"9004158",371991,2025-05-20 08:31:47,42.4552040100098,-8.92203617095947,"Female"
"9004158",371991,2025-05-20 08:36:46,42.4547920227051,-8.92309856414795,"Female"
"9004158",371991,2025-05-20 08:41:46,42.4538764953613,-8.92362213134766,"Female"
"9004158",371991,2025-05-20 08:46:54,42.4536399841309,-8.92335891723633,"Female"
"9004158",371991,2025-05-20 08:51:46,42.4536285400391,-8.92361259460449,"Female"
"9004158",371991,2025-05-20 08:57:47,42.453254699707,-8.9232702255249,"Female"
"9004158",371991,2025-05-20 09:03:44,42.4523124694824,-8.92322254180908,"Female"
"9004158",371991,2025-05-20 09:08:06,42.4521446228027,-8.92291927337646,"Female"
"9004158",371991,2025-05-20 09:13:05,42.4523429870605,-8.92318820953369,"Female"
"9004158",371991,2025-05-20 09:18:16,42.4523468017578,-8.92322254180908,"Female"
"9004158",371991,2025-05-20 09:23:19,42.4523086547852,-8.92312145233154,"Female"
"9004158",371991,2025-05-20 09:28:13,42.4523277282715,-8.92312431335449,"Female"
"9004158",371991,2025-05-20 09:33:10,42.452335357666,-8.92324829101562,"Female"
"9004158",371991,2025-05-20 09:38:18,42.4523620605469,-8.92320919036865,"Female"
"9004158",371991,2025-05-20 09:43:18,42.452335357666,-8.92310905456543,"Female"
"9004158",371991,2025-05-20 09:48:22,42.4523277282715,-8.92300605773926,"Female"
"9004158",371991,2025-05-20 09:53:22,42.4523124694824,-8.92305660247803,"Female"
"9004158",371991,2025-05-20 09:58:22,42.4522895812988,-8.92298984527588,"Female"
"9004158",371991,2025-05-20 10:03:35,42.4524116516113,-8.92318153381348,"Female"
"9004158",371991,2025-05-20 10:08:11,42.4521408081055,-8.92275619506836,"Female"
"9004158",371991,2025-05-20 10:13:07,42.4523544311523,-8.92297554016113,"Female"
"9004158",371991,2025-05-20 10:18:08,42.4531784057617,-8.92306327819824,"Female"
"9004158",371991,2025-05-20 10:23:09,42.4542350769043,-8.9230785369873,"Female"
"9004158",371991,2025-05-20 10:28:08,42.4551200866699,-8.92242050170898,"Female"
"9004158",371991,2025-05-20 10:33:16,42.455451965332,-8.92165756225586,"Female"
"9004158",371991,2025-05-20 10:38:13,42.4559860229492,-8.92021942138672,"Female"
"9004158",371991,2025-05-20 10:43:49,42.4563217163086,-8.92032146453857,"Female"
"9004158",371991,2025-05-20 10:48:13,42.4562683105469,-8.92081260681152,"Female"
"9004158",371991,2025-05-20 10:53:14,42.4561653137207,-8.92079734802246,"Female"
"9004158",371991,2025-05-20 10:58:14,42.4561805725098,-8.92079067230225,"Female"
"9004158",371991,2025-05-20 11:03:12,42.4562301635742,-8.92085266113281,"Female"
"9004158",371991,2025-05-20 11:08:14,42.4560966491699,-8.92069053649902,"Female"
"9004158",371991,2025-05-20 11:13:13,42.4562072753906,-8.92079925537109,"Female"
"9004158",371991,2025-05-20 11:18:48,42.4561576843262,-8.92090129852295,"Female"
"9004158",371991,2025-05-20 11:23:30,42.4561386108398,-8.92092609405518,"Female"
"9004158",371991,2025-05-20 11:28:29,42.4561462402344,-8.92099666595459,"Female"
"9004158",371991,2025-05-20 11:33:24,42.4561882019043,-8.92098331451416,"Female"
"9004158",371991,2025-05-20 11:38:28,42.456226348877,-8.9209156036377,"Female"
"9004158",371991,2025-05-20 11:43:24,42.4561195373535,-8.92085742950439,"Female"
"9004158",371991,2025-05-20 11:48:50,42.4561500549316,-8.92085456848145,"Female"
"9004158",371991,2025-05-20 11:53:22,42.4561805725098,-8.92042541503906,"Female"
"9004158",371991,2025-05-20 11:58:25,42.456127166748,-8.92058658599854,"Female"
"9004158",371991,2025-05-20 12:03:33,42.4566917419434,-8.9198055267334,"Female"
"9004158",371991,2025-05-20 12:08:28,42.4565658569336,-8.9194164276123,"Female"
"9004158",371991,2025-05-20 12:13:44,42.4556121826172,-8.92093944549561,"Female"
"9004158",371991,2025-05-20 12:19:25,42.4553909301758,-8.92277431488037,"Female"
"9004158",371991,2025-05-20 12:24:04,42.4549446105957,-8.92249393463135,"Female"
"9004158",371991,2025-05-20 12:29:15,42.4550552368164,-8.92314338684082,"Female"
"9004158",371991,2025-05-20 12:34:24,42.454231262207,-8.92265510559082,"Female"
"9004158",371991,2025-05-20 12:39:11,42.4535026550293,-8.92299365997314,"Female"
"9004158",371991,2025-05-20 12:44:12,42.4532890319824,-8.92335891723633,"Female"
"9004158",371991,2025-05-20 12:49:35,42.4535675048828,-8.92324066162109,"Female"
"9004158",371991,2025-05-20 12:54:13,42.4535331726074,-8.92324924468994,"Female"
"9004158",371991,2025-05-20 12:59:10,42.4535140991211,-8.92333984375,"Female"
"9004158",371991,2025-05-20 13:04:08,42.4535140991211,-8.92327404022217,"Female"
"9004158",371991,2025-05-20 13:09:09,42.4535217285156,-8.92324829101562,"Female"
"9004158",371991,2025-05-20 13:14:10,42.4535255432129,-8.92325305938721,"Female"
"9004158",371991,2025-05-20 13:19:08,42.4535217285156,-8.92326164245605,"Female"
"9004158",371991,2025-05-20 13:24:16,42.453254699707,-8.9232873916626,"Female"
"9004158",371991,2025-05-20 13:29:15,42.4530296325684,-8.92408180236816,"Female"
"9004158",371991,2025-05-20 13:35:07,42.4520492553711,-8.92425918579102,"Female"
"9004158",371991,2025-05-20 13:39:14,42.4520988464355,-8.9242992401123,"Female"
"9004158",371991,2025-05-20 13:44:17,42.4522514343262,-8.923996925354,"Female"
"9004158",371991,2025-05-20 13:52:01,42.4519958496094,-8.92366123199463,"Female"
"9004158",371991,2025-05-20 14:03:14,42.4525566101074,-8.92283058166504,"Female"
"9004158",371991,2025-05-20 14:07:50,42.4532470703125,-8.92386817932129,"Female"
"9004158",371991,2025-05-20 14:12:42,42.4536514282227,-8.92323112487793,"Female"
"9004158",371991,2025-05-20 14:17:40,42.4540176391602,-8.9230260848999,"Female"
"9004158",371991,2025-05-20 14:22:39,42.4549865722656,-8.92305755615234,"Female"
"9004158",371991,2025-05-20 14:27:39,42.4551734924316,-8.92181015014648,"Female"
"9004158",371991,2025-05-20 14:33:18,42.4559288024902,-8.92075634002686,"Female"
"9004158",371991,2025-05-20 14:38:19,42.4559783935547,-8.92072582244873,"Female"
"9004158",371991,2025-05-20 14:43:15,42.4561080932617,-8.92080020904541,"Female"
"9004158",371991,2025-05-20 14:48:44,42.4561233520508,-8.92076396942139,"Female"
"9004158",371991,2025-05-20 14:53:16,42.456184387207,-8.9207820892334,"Female"
"9004158",371991,2025-05-20 14:58:15,42.4560852050781,-8.92076587677002,"Female"
"9004158",371991,2025-05-20 15:03:27,42.4560623168945,-8.92068290710449,"Female"
"9004158",371991,2025-05-20 15:08:35,42.456127166748,-8.92069816589355,"Female"
"9004158",371991,2025-05-20 15:13:12,42.4561500549316,-8.92077255249023,"Female"
"9004158",371991,2025-05-20 15:18:12,42.456111907959,-8.92071437835693,"Female"
"9004158",371991,2025-05-20 15:23:13,42.4560546875,-8.9207239151001,"Female"
"9004158",371991,2025-05-20 15:28:12,42.4560852050781,-8.92068958282471,"Female"
"9004158",371991,2025-05-20 15:33:12,42.4560699462891,-8.92071342468262,"Female"
"9004158",371991,2025-05-20 15:38:12,42.4561309814453,-8.92078399658203,"Female"
"9004158",371991,2025-05-20 15:43:14,42.4554901123047,-8.92066097259521,"Female"
"9004158",371991,2025-05-20 15:48:13,42.4462814331055,-8.92063140869141,"Female"
"9004158",371991,2025-05-20 15:53:14,42.4450454711914,-8.92026901245117,"Female"
"9004158",371991,2025-05-20 15:58:13,42.443717956543,-8.92025756835938,"Female"
"9004158",371991,2025-05-20 16:03:13,42.4213676452637,-8.92105388641357,"Female"
"9004158",371991,2025-05-20 16:08:30,42.3990364074707,-8.92109298706055,"Female"
"9004158",371991,2025-05-20 16:14:14,42.3989334106445,-8.92106056213379,"Female"
"9004158",371991,2025-05-20 16:18:16,42.3989334106445,-8.92121028900146,"Female"
"9004158",371991,2025-05-20 16:23:19,42.3989524841309,-8.92113971710205,"Female"
"9004158",371991,2025-05-20 16:28:25,42.3989410400391,-8.9211483001709,"Female"
"9004158",371991,2025-05-20 16:33:24,42.3989639282227,-8.92127513885498,"Female"
"9004158",371991,2025-05-20 16:38:12,42.3989410400391,-8.92123603820801,"Female"
"9004158",371991,2025-05-20 16:43:13,42.3989791870117,-8.92122554779053,"Female"
"9004158",371991,2025-05-20 16:48:13,42.3989486694336,-8.9211597442627,"Female"
"9004158",371991,2025-05-20 16:53:17,42.3989410400391,-8.92134475708008,"Female"
"9004158",371991,2025-05-20 16:58:16,42.3989524841309,-8.92114639282227,"Female"
"9004158",371991,2025-05-20 17:03:17,42.398868560791,-8.92117118835449,"Female"
"9004158",371991,2025-05-20 17:08:18,42.3989410400391,-8.92122840881348,"Female"
"9004158",371991,2025-05-20 17:13:24,42.3990631103516,-8.9210844039917,"Female"
"9004158",371991,2025-05-20 17:18:13,42.3990097045898,-8.92136383056641,"Female"
"9004158",371991,2025-05-20 17:23:13,42.3989524841309,-8.92117404937744,"Female"
"9004158",371991,2025-05-20 17:28:13,42.3990020751953,-8.92121124267578,"Female"
"9004158",371991,2025-05-20 17:33:13,42.398998260498,-8.92122554779053,"Female"
"9004158",371991,2025-05-20 17:38:13,42.3990058898926,-8.92129707336426,"Female"
"9004158",371991,2025-05-20 17:43:16,42.3989715576172,-8.92118453979492,"Female"
"9004158",371991,2025-05-20 17:48:18,42.3988800048828,-8.92142391204834,"Female"
"9004158",371991,2025-05-20 17:53:45,42.3988876342773,-8.92098522186279,"Female"
"9004158",371991,2025-05-20 17:58:19,42.3988914489746,-8.92102813720703,"Female"
"9004158",371991,2025-05-20 18:03:15,42.3987808227539,-8.92109203338623,"Female"
"9004158",371991,2025-05-20 18:08:15,42.3987503051758,-8.92134380340576,"Female"
"9004158",371991,2025-05-20 18:14:36,42.3994102478027,-8.92220401763916,"Female"
"9004158",371991,2025-05-20 18:19:36,42.3994026184082,-8.92208576202393,"Female"
"9004158",371991,2025-05-20 18:24:36,42.3994331359863,-8.92215538024902,"Female"
"9004158",371991,2025-05-20 18:28:37,42.3994789123535,-8.92200660705566,"Female"
"9004158",371991,2025-05-20 18:33:23,42.3994522094727,-8.92208194732666,"Female"
"9004158",371991,2025-05-20 18:38:15,42.3994789123535,-8.92195796966553,"Female"
"9004158",371991,2025-05-20 18:43:17,42.399528503418,-8.92202377319336,"Female"
"9004158",371991,2025-05-20 18:48:44,42.3994522094727,-8.92210388183594,"Female"
"9004158",371991,2025-05-20 18:53:17,42.3996620178223,-8.92257881164551,"Female"
"9004158",371991,2025-05-20 18:58:31,42.3995895385742,-8.9221305847168,"Female"
"9004158",371991,2025-05-20 19:03:24,42.3998756408691,-8.92221355438232,"Female"
"9004158",371991,2025-05-20 19:08:24,42.3993072509766,-8.9220724105835,"Female"
"9004158",371991,2025-05-20 19:13:24,42.3997230529785,-8.9222354888916,"Female"
"9004158",371991,2025-05-20 19:18:24,42.3996810913086,-8.92212009429932,"Female"
"9004158",371991,2025-05-20 19:23:24,42.4002380371094,-8.92236042022705,"Female"
"9004158",371991,2025-05-20 19:28:36,42.3992462158203,-8.92195510864258,"Female"
"9004158",371991,2025-05-20 19:33:32,42.398983001709,-8.92180156707764,"Female"
"9004158",371991,2025-05-20 19:38:59,42.3995590209961,-8.92225646972656,"Female"
"9004158",371991,2025-05-20 19:43:21,42.3995475769043,-8.92228889465332,"Female"
"9004158",371991,2025-05-20 19:48:21,42.3994598388672,-8.9223051071167,"Female"
"9004158",371991,2025-05-20 19:53:21,42.3993759155273,-8.92233943939209,"Female"
"9004158",371991,2025-05-20 19:58:19,42.3993682861328,-8.92214488983154,"Female"
"9004158",371991,2025-05-20 20:03:35,42.3993072509766,-8.9224157333374,"Female"
"9004158",371991,2025-05-20 20:09:37,42.3992080688477,-8.92232704162598,"Female"
"9004158",371991,2025-05-20 20:14:37,42.3997917175293,-8.92234325408936,"Female"
"9004158",371991,2025-05-20 20:19:29,42.3996963500977,-8.92243194580078,"Female"
"9004158",371991,2025-05-20 20:23:21,42.399528503418,-8.92233180999756,"Female"
"9004158",371991,2025-05-20 20:28:37,42.3994369506836,-8.92228603363037,"Female"
"9004158",371991,2025-05-20 20:33:58,42.3994216918945,-8.92229747772217,"Female"
"9004158",371991,2025-05-20 20:39:13,42.3994064331055,-8.92226409912109,"Female"
"9004158",371991,2025-05-20 20:43:19,42.3994140625,-8.92213249206543,"Female"
"9004158",371991,2025-05-20 20:48:30,42.3993301391602,-8.92263793945312,"Female"
"9004158",371991,2025-05-20 20:53:27,42.3988456726074,-8.92250442504883,"Female"
"9004158",371991,2025-05-20 20:58:38,42.3988647460938,-8.92262744903564,"Female"
"9004158",371991,2025-05-20 21:03:22,42.3992805480957,-8.92256259918213,"Female"
"9004158",371991,2025-05-20 21:08:18,42.399585723877,-8.92295074462891,"Female"
"9004158",371991,2025-05-20 21:13:30,42.3992195129395,-8.92230606079102,"Female"
"9004158",371991,2025-05-20 21:18:29,42.3993453979492,-8.92232227325439,"Female"
"9004158",371991,2025-05-20 21:23:25,42.3991394042969,-8.92221736907959,"Female"
"9004158",371991,2025-05-20 21:28:18,42.3988342285156,-8.92155647277832,"Female"
"9004158",371991,2025-05-20 21:34:05,42.3993682861328,-8.92217254638672,"Female"
"9004158",371991,2025-05-20 21:38:17,42.3996391296387,-8.92298889160156,"Female"
"9004158",371991,2025-05-20 21:43:15,42.3991813659668,-8.9212064743042,"Female"
"9004158",371991,2025-05-20 21:48:19,42.3993492126465,-8.92210960388184,"Female"
"9004158",371991,2025-05-20 21:53:15,42.3993453979492,-8.92166328430176,"Female"
"9004158",371991,2025-05-20 21:58:18,42.3993148803711,-8.92171859741211,"Female"
"9004158",371991,2025-05-20 22:03:18,42.399528503418,-8.9221773147583,"Female"
"9004158",371991,2025-05-20 22:08:18,42.3995895385742,-8.92273616790771,"Female"
"9004158",371991,2025-05-20 22:13:18,42.3996238708496,-8.92206859588623,"Female"
"9004158",371991,2025-05-20 22:18:18,42.399543762207,-8.92238140106201,"Female"
"9004158",371991,2025-05-20 22:23:16,42.3992118835449,-8.92193603515625,"Female"
"9004158",371991,2025-05-20 22:28:16,42.3993606567383,-8.92195701599121,"Female"
"9004158",371991,2025-05-20 22:33:15,42.3994560241699,-8.92239475250244,"Female"
"9004158",371991,2025-05-20 22:38:16,42.3994369506836,-8.92202281951904,"Female"
"9004158",371991,2025-05-20 22:43:19,42.3992958068848,-8.92215347290039,"Female"
"9004158",371991,2025-05-20 22:48:19,42.3996353149414,-8.92223167419434,"Female"
"9004158",371991,2025-05-20 22:53:23,42.3987197875977,-8.92201519012451,"Female"
"9004158",371991,2025-05-20 22:58:21,42.3995094299316,-8.92217540740967,"Female"
"9004158",371991,2025-05-20 23:03:25,42.3993644714355,-8.92212200164795,"Female"
"9004158",371991,2025-05-20 23:08:27,42.3995094299316,-8.92227363586426,"Female"
"9004158",371991,2025-05-20 23:14:07,42.3997993469238,-8.92240047454834,"Female"
"9004158",371991,2025-05-20 23:18:29,42.399486541748,-8.92233562469482,"Female"
"9004158",371991,2025-05-20 23:23:31,42.3995628356934,-8.92238521575928,"Female"
"9004158",371991,2025-05-20 23:28:44,42.399528503418,-8.92232131958008,"Female"
"9004158",371991,2025-05-20 23:33:30,42.3995170593262,-8.92215728759766,"Female"
"9004158",371991,2025-05-20 23:38:31,42.3994560241699,-8.92221832275391,"Female"
"9004158",371991,2025-05-20 23:43:29,42.3995323181152,-8.92229747772217,"Female"
"9004158",371991,2025-05-20 23:48:44,42.3994483947754,-8.92233848571777,"Female"
"9004158",371991,2025-05-20 23:53:25,42.3993949890137,-8.92221355438232,"Female"
"9004158",371991,2025-05-20 23:58:27,42.3994293212891,-8.92260932922363,"Female"
"9004158",371991,2025-05-21 00:03:23,42.3998908996582,-8.92230129241943,"Female"
"9004158",371991,2025-05-21 00:08:23,42.3994445800781,-8.92205238342285,"Female"
"9004158",371991,2025-05-21 00:13:25,42.399242401123,-8.92249298095703,"Female"
"9004158",371991,2025-05-21 00:18:24,42.3994598388672,-8.92220973968506,"Female"
"9004158",371991,2025-05-21 00:23:23,42.4000930786133,-8.92262840270996,"Female"
"9004158",371991,2025-05-21 00:28:34,42.3995895385742,-8.92205047607422,"Female"
"9004158",371991,2025-05-21 00:33:32,42.3983421325684,-8.92185497283936,"Female"
"9004158",371991,2025-05-21 00:38:29,42.4003791809082,-8.92213535308838,"Female"
"9004158",371991,2025-05-21 00:43:29,42.3996772766113,-8.92190551757812,"Female"
"9004158",371991,2025-05-21 00:48:38,42.4003257751465,-8.92211246490479,"Female"
"9004158",371991,2025-05-21 00:53:30,42.4007530212402,-8.92236709594727,"Female"
"9004158",371991,2025-05-21 00:58:30,42.4002418518066,-8.92225074768066,"Female"
"9004158",371991,2025-05-21 01:03:47,42.398738861084,-8.92207527160645,"Female"
"9004158",371991,2025-05-21 01:08:45,42.3976440429688,-8.92155838012695,"Female"
"9004158",371991,2025-05-21 01:13:30,42.3997230529785,-8.92233085632324,"Female"
"9004158",371991,2025-05-21 01:18:32,42.3995056152344,-8.92207336425781,"Female"
"9004158",371991,2025-05-21 01:23:28,42.3995056152344,-8.92257022857666,"Female"
"9004158",371991,2025-05-21 01:28:31,42.3994216918945,-8.92235374450684,"Female"
"9004158",371991,2025-05-21 01:33:38,42.3994293212891,-8.92171096801758,"Female"
"9004158",371991,2025-05-21 01:38:30,42.3993988037109,-8.92251968383789,"Female"
"9004158",371991,2025-05-21 01:43:30,42.3993492126465,-8.92259883880615,"Female"
"9004158",371991,2025-05-21 01:48:30,42.3993339538574,-8.92264842987061,"Female"
"9004158",371991,2025-05-21 01:53:29,42.3992576599121,-8.92228412628174,"Female"
"9004158",371991,2025-05-21 01:58:35,42.3992080688477,-8.92243003845215,"Female"
"9004158",371991,2025-05-21 02:03:45,42.3991966247559,-8.92255783081055,"Female"
"9004158",371991,2025-05-21 02:08:32,42.3990707397461,-8.92253017425537,"Female"
"9004158",371991,2025-05-21 02:14:45,42.3995018005371,-8.92278385162354,"Female"
"9004158",371991,2025-05-21 02:18:27,42.3998260498047,-8.92241668701172,"Female"
"9004158",371991,2025-05-21 02:23:30,42.3993606567383,-8.92197227478027,"Female"
"9004158",371991,2025-05-21 02:28:27,42.399341583252,-8.92207336425781,"Female"
"9004158",371991,2025-05-21 02:33:30,42.3994102478027,-8.92201137542725,"Female"
"9004158",371991,2025-05-21 02:38:31,42.3993759155273,-8.92209815979004,"Female"
"9004158",371991,2025-05-21 02:43:30,42.3994331359863,-8.92197132110596,"Female"
"9004158",371991,2025-05-21 02:48:44,42.3993530273438,-8.92202949523926,"Female"
"9004158",371991,2025-05-21 02:53:32,42.3993606567383,-8.92197799682617,"Female"
"9004158",371991,2025-05-21 02:58:44,42.3994216918945,-8.92209434509277,"Female"
"9004158",371991,2025-05-21 03:03:22,42.3994178771973,-8.92211437225342,"Female"
"9004158",371991,2025-05-21 03:08:22,42.3993225097656,-8.92202949523926,"Female"
"9004158",371991,2025-05-21 03:13:22,42.3992767333984,-8.92180156707764,"Female"
"9004158",371991,2025-05-21 03:18:23,42.3992881774902,-8.92186641693115,"Female"
"9004158",371991,2025-05-21 03:23:24,42.3996162414551,-8.92233657836914,"Female"
"9004158",371991,2025-05-21 03:28:24,42.3993301391602,-8.92189025878906,"Female"
"9004158",371991,2025-05-21 03:33:27,42.3994903564453,-8.92204093933105,"Female"
"9004158",371991,2025-05-21 03:38:24,42.3996124267578,-8.92228698730469,"Female"
"9004158",371991,2025-05-21 03:43:25,42.399543762207,-8.9220609664917,"Female"
"9004158",371991,2025-05-21 03:49:14,42.3993911743164,-8.92209148406982,"Female"
"9004158",371991,2025-05-21 03:53:24,42.3993072509766,-8.92212009429932,"Female"
"9004158",371991,2025-05-21 03:58:22,42.399299621582,-8.92215538024902,"Female"
"9004158",371991,2025-05-21 04:03:23,42.3994369506836,-8.92185211181641,"Female"
"9004158",371991,2025-05-21 04:08:24,42.3994827270508,-8.92221164703369,"Female"
"9004158",371991,2025-05-21 04:13:24,42.3995666503906,-8.92236232757568,"Female"
"9004158",371991,2025-05-21 04:18:24,42.3994750976562,-8.92221546173096,"Female"
"9004158",371991,2025-05-21 04:23:24,42.3996315002441,-8.92234897613525,"Female"
"9004158",371991,2025-05-21 04:28:24,42.3994445800781,-8.92239761352539,"Female"
"9004158",371991,2025-05-21 04:33:25,42.3994407653809,-8.92225551605225,"Female"
"9004158",371991,2025-05-21 04:38:23,42.3995170593262,-8.92242622375488,"Female"
"9004158",371991,2025-05-21 04:43:22,42.3994941711426,-8.92278385162354,"Female"
"9004158",371991,2025-05-21 04:48:33,42.3994293212891,-8.92225074768066,"Female"
"9004158",371991,2025-05-21 04:53:25,42.3995132446289,-8.92243671417236,"Female"
"9004158",371991,2025-05-21 04:58:24,42.3996467590332,-8.92281913757324,"Female"
"9004158",371991,2025-05-21 05:03:25,42.3996658325195,-8.92259883880615,"Female"
"9004158",371991,2025-05-21 05:08:25,42.3995094299316,-8.92261791229248,"Female"
"9004158",371991,2025-05-21 05:13:25,42.3994102478027,-8.92264747619629,"Female"
"9004158",371991,2025-05-21 05:18:22,42.4102745056152,-8.92099571228027,"Female"
"9004158",371991,2025-05-21 05:23:22,42.4454078674316,-8.91995906829834,"Female"
"9004158",371991,2025-05-21 05:28:56,42.4525146484375,-8.92043590545654,"Female"
"9004158",371991,2025-05-21 05:33:57,42.4533424377441,-8.92102241516113,"Female"
"9004158",371991,2025-05-21 05:40:30,42.4549446105957,-8.91959857940674,"Female"
"9004158",371991,2025-05-21 05:45:28,42.4550361633301,-8.92015361785889,"Female"
"9004158",371991,2025-05-21 05:50:28,42.4550018310547,-8.92018508911133,"Female"
"9004158",371991,2025-05-21 05:55:28,42.4549789428711,-8.92010307312012,"Female"
"9004158",371991,2025-05-21 06:00:28,42.455020904541,-8.92009162902832,"Female"
"9004158",371991,2025-05-21 06:05:28,42.4550247192383,-8.9201021194458,"Female"
"9004158",371991,2025-05-21 06:10:28,42.4550323486328,-8.92014312744141,"Female"
"9004158",371991,2025-05-21 06:15:28,42.4551048278809,-8.92018699645996,"Female"
"9004158",371991,2025-05-21 06:20:28,42.4550323486328,-8.92020130157471,"Female"
"9004158",371991,2025-05-21 06:25:28,42.4550018310547,-8.92018795013428,"Female"
"9004158",371991,2025-05-21 06:30:28,42.4551162719727,-8.9201602935791,"Female"
"9004158",371991,2025-05-21 06:35:28,42.4551239013672,-8.92013072967529,"Female"
"9004158",371991,2025-05-21 06:40:28,42.4551429748535,-8.92016506195068,"Female"
"9004158",371991,2025-05-21 06:45:28,42.4550857543945,-8.92013168334961,"Female"
"9004158",371991,2025-05-21 06:50:28,42.455135345459,-8.92000770568848,"Female"
"9004158",371991,2025-05-21 06:55:49,42.4552574157715,-8.91966533660889,"Female"
"9004158",371991,2025-05-21 07:01:30,42.4550666809082,-8.91848945617676,"Female"
"9004158",371991,2025-05-21 07:06:30,42.4549293518066,-8.91813850402832,"Female"
"9004158",371991,2025-05-21 07:11:47,42.4549369812012,-8.91846561431885,"Female"
"9004158",371991,2025-05-21 07:16:57,42.4552536010742,-8.91816806793213,"Female"
"9004158",371991,2025-05-21 07:21:56,42.4548759460449,-8.91844081878662,"Female"
"9004158",371991,2025-05-21 07:26:56,42.4549102783203,-8.91844081878662,"Female"
"9004158",371991,2025-05-21 07:31:56,42.4549522399902,-8.91848659515381,"Female"
"9004158",371991,2025-05-21 07:36:56,42.4549522399902,-8.91845321655273,"Female"
"9004158",371991,2025-05-21 07:41:56,42.454906463623,-8.91849994659424,"Female"
"9004158",371991,2025-05-21 07:46:56,42.4549407958984,-8.91849994659424,"Female"
"9004158",371991,2025-05-21 07:51:56,42.4549026489258,-8.91816425323486,"Female"
"9004158",371991,2025-05-21 07:56:56,42.4547729492188,-8.91843795776367,"Female"
"9004158",371991,2025-05-21 08:01:56,42.4546813964844,-8.91841506958008,"Female"
"9004158",371991,2025-05-21 08:06:57,42.454662322998,-8.91841411590576,"Female"
"9004158",371991,2025-05-21 08:11:57,42.4549179077148,-8.91855049133301,"Female"
"9004158",371991,2025-05-21 08:17:24,42.455192565918,-8.91815376281738,"Female"
"9004158",371991,2025-05-21 08:22:44,42.4564666748047,-8.91892051696777,"Female"
"9004158",371991,2025-05-21 08:27:44,42.4571800231934,-8.9180212020874,"Female"
"9004158",371991,2025-05-21 08:33:51,42.4577598571777,-8.91745376586914,"Female"
"9004158",371991,2025-05-21 08:39:17,42.4582824707031,-8.91637229919434,"Female"
"9004158",371991,2025-05-21 08:44:15,42.4594306945801,-8.91678810119629,"Female"
"9004158",371991,2025-05-21 08:49:14,42.459659576416,-8.91763782501221,"Female"
"9004158",371991,2025-05-21 08:54:15,42.4593734741211,-8.91859149932861,"Female"
"9004158",371991,2025-05-21 08:59:26,42.4585418701172,-8.91657257080078,"Female"
"9004158",371991,2025-05-21 09:04:25,42.457633972168,-8.91584587097168,"Female"
"9004158",371991,2025-05-21 09:09:25,42.4548835754395,-8.91922092437744,"Female"
"9004158",371991,2025-05-21 09:14:26,42.4543418884277,-8.92032337188721,"Female"
"9004158",371991,2025-05-21 09:19:28,42.4542236328125,-8.92091751098633,"Female"
"9004158",371991,2025-05-21 09:24:26,42.4536781311035,-8.92154884338379,"Female"
"9004158",371991,2025-05-21 09:29:26,42.4536514282227,-8.92313861846924,"Female"
"9004158",371991,2025-05-21 09:34:26,42.4529800415039,-8.92347526550293,"Female"
"9004158",371991,2025-05-21 09:39:26,42.4526634216309,-8.92406845092773,"Female"
"9004158",371991,2025-05-21 09:44:40,42.451961517334,-8.92465496063232,"Female"
"9004158",371991,2025-05-21 09:49:45,42.4515151977539,-8.92593860626221,"Female"
"9004158",371991,2025-05-21 09:54:44,42.4520606994629,-8.92787647247314,"Female"
"9004158",371991,2025-05-21 09:59:44,42.451343536377,-8.92757606506348,"Female"
"9004158",371991,2025-05-21 10:05:09,42.4514579772949,-8.92772579193115,"Female"
"9004158",371991,2025-05-21 10:10:09,42.4515609741211,-8.92662811279297,"Female"
"9004158",371991,2025-05-21 10:15:10,42.4515724182129,-8.92671394348145,"Female"
"9004158",371991,2025-05-21 10:20:08,42.4515533447266,-8.92671775817871,"Female"
"9004158",371991,2025-05-21 10:25:09,42.4512367248535,-8.92662715911865,"Female"
"9004158",371991,2025-05-21 10:30:09,42.4501914978027,-8.92623138427734,"Female"
"9004158",371991,2025-05-21 10:35:07,42.4159278869629,-8.92164897918701,"Female"
"9004158",371991,2025-05-21 10:41:30,42.39892578125,-8.92124080657959,"Female"
"9004158",371991,2025-05-21 10:46:30,42.3989372253418,-8.92123222351074,"Female"
"9004158",371991,2025-05-21 10:51:31,42.3988571166992,-8.92110538482666,"Female"
"9004158",371991,2025-05-21 10:55:09,42.3988609313965,-8.92113780975342,"Female"
"9004158",371991,2025-05-21 11:00:22,42.3989295959473,-8.92112922668457,"Female"
"9004158",371991,2025-05-21 11:05:18,42.3988914489746,-8.92112636566162,"Female"
"9004158",371991,2025-05-21 11:10:20,42.3989601135254,-8.92120170593262,"Female"
"9004158",371991,2025-05-21 11:15:18,42.3989028930664,-8.92107582092285,"Female"
"9004158",371991,2025-05-21 11:20:13,42.3989105224609,-8.92117595672607,"Female"
"9004158",371991,2025-05-21 11:25:18,42.3989410400391,-8.92121410369873,"Female"
"9004158",371991,2025-05-21 11:30:17,42.3989334106445,-8.92124176025391,"Female"
"9004158",371991,2025-05-21 11:35:07,42.3989677429199,-8.92120170593262,"Female"
"9004158",371991,2025-05-21 11:40:07,42.3989677429199,-8.92120361328125,"Female"
"9004158",371991,2025-05-21 11:45:07,42.3989715576172,-8.921217918396,"Female"
"9004158",371991,2025-05-21 11:50:07,42.398868560791,-8.9211311340332,"Female"
"9004158",371991,2025-05-21 11:55:07,42.3989562988281,-8.92124366760254,"Female"
"9004158",371991,2025-05-21 12:00:08,42.3989944458008,-8.92122745513916,"Female"
"9004158",371991,2025-05-21 12:05:08,42.3989562988281,-8.92126178741455,"Female"
"9004158",371991,2025-05-21 12:10:07,42.3989524841309,-8.9211597442627,"Female"
"9004158",371991,2025-05-21 12:15:08,42.3989181518555,-8.92126655578613,"Female"
"9004158",371991,2025-05-21 12:20:09,42.3989639282227,-8.92123222351074,"Female"
"9004158",371991,2025-05-21 12:25:09,42.3989448547363,-8.92124843597412,"Female"
"9004158",371991,2025-05-21 12:30:07,42.3989181518555,-8.92118263244629,"Female"
"9004158",371991,2025-05-21 12:35:07,42.3987693786621,-8.92137145996094,"Female"
"9004158",371991,2025-05-21 12:40:20,42.3989639282227,-8.92120933532715,"Female"
"9004158",371991,2025-05-21 12:45:26,42.4028663635254,-8.92003154754639,"Female"
"9004158",371991,2025-05-21 12:51:13,42.4036521911621,-8.92004013061523,"Female"
"9004158",371991,2025-05-21 12:56:12,42.4177856445312,-8.91491603851318,"Female"
"9004158",371991,2025-05-21 13:01:12,42.447322845459,-8.91617679595947,"Female"
"9004158",371991,2025-05-21 13:06:18,42.4520034790039,-8.91975498199463,"Female"
"9004158",371991,2025-05-21 13:11:17,42.4522399902344,-8.91989135742188,"Female"
"9004158",371991,2025-05-21 13:16:17,42.4548110961914,-8.91834354400635,"Female"
"9004158",371991,2025-05-21 13:21:17,42.4547805786133,-8.91842937469482,"Female"
"9004158",371991,2025-05-21 13:26:17,42.454776763916,-8.91836261749268,"Female"
"9004158",371991,2025-05-21 13:31:17,42.4548454284668,-8.91828155517578,"Female"
"9004158",371991,2025-05-21 13:36:17,42.4548568725586,-8.91841125488281,"Female"
"9004158",371991,2025-05-21 13:41:17,42.4548683166504,-8.91843509674072,"Female"
"9004158",371991,2025-05-21 13:46:17,42.4548263549805,-8.91844654083252,"Female"
"9004158",371991,2025-05-21 13:51:17,42.4548606872559,-8.91845703125,"Female"
"9004158",371991,2025-05-21 13:56:17,42.4547233581543,-8.9184045791626,"Female"
"9004158",371991,2025-05-21 14:01:17,42.4546852111816,-8.91840839385986,"Female"
"9004158",371991,2025-05-21 14:06:17,42.4549102783203,-8.91845893859863,"Female"
"9004158",371991,2025-05-21 14:11:17,42.4548759460449,-8.91824436187744,"Female"
"9004158",371991,2025-05-21 14:16:17,42.4547805786133,-8.91850471496582,"Female"
"9004158",371991,2025-05-21 14:21:17,42.4547004699707,-8.91845226287842,"Female"
"9004158",371991,2025-05-21 14:26:17,42.4549140930176,-8.91886043548584,"Female"
"9004158",371991,2025-05-21 14:31:17,42.455249786377,-8.9200325012207,"Female"
"9004158",371991,2025-05-21 14:36:21,42.4562034606934,-8.92044830322266,"Female"
"9004158",371991,2025-05-21 14:41:17,42.4558258056641,-8.92148303985596,"Female"
"9004158",371991,2025-05-21 14:46:17,42.455451965332,-8.92153263092041,"Female"
"9004158",371991,2025-05-21 14:51:17,42.4555397033691,-8.92152309417725,"Female"
"9004158",371991,2025-05-21 14:56:17,42.4554214477539,-8.92155456542969,"Female"
"9004158",371991,2025-05-21 15:01:17,42.4555549621582,-8.92147445678711,"Female"
"9004158",371991,2025-05-21 15:06:17,42.4555511474609,-8.9214973449707,"Female"
"9004158",371991,2025-05-21 15:11:17,42.455680847168,-8.9215726852417,"Female"
"9004158",371991,2025-05-21 15:16:17,42.4555473327637,-8.92159557342529,"Female"
"9004158",371991,2025-05-21 15:21:17,42.4555740356445,-8.92147254943848,"Female"
"9004158",371991,2025-05-21 15:26:17,42.4555282592773,-8.92147827148438,"Female"
"9004158",371991,2025-05-21 15:31:17,42.4555740356445,-8.92149257659912,"Female"
"9004158",371991,2025-05-21 15:36:17,42.4556503295898,-8.92143821716309,"Female"
"9004158",371991,2025-05-21 15:41:17,42.4556503295898,-8.92167472839355,"Female"
"9004158",371991,2025-05-21 15:46:25,42.4554824829102,-8.92254161834717,"Female"
"9004158",371991,2025-05-21 15:51:26,42.4546661376953,-8.9228630065918,"Female"
"9004158",371991,2025-05-21 15:56:26,42.4537544250488,-8.92317008972168,"Female"
"9004158",371991,2025-05-21 16:02:01,42.4525756835938,-8.92420959472656,"Female"
"9004158",371991,2025-05-21 16:06:20,42.4524459838867,-8.9241361618042,"Female"
"9004158",371991,2025-05-21 16:12:08,42.4523086547852,-8.92429637908936,"Female"
"9004158",371991,2025-05-21 16:16:57,42.452220916748,-8.92429828643799,"Female"
"9004158",371991,2025-05-21 16:21:58,42.4523391723633,-8.92425060272217,"Female"
"9004158",371991,2025-05-21 16:26:51,42.4525146484375,-8.92417240142822,"Female"
"9004158",371991,2025-05-21 16:31:51,42.4526443481445,-8.92369079589844,"Female"
"9004158",371991,2025-05-21 16:36:51,42.4523696899414,-8.922926902771,"Female"
"9004158",371991,2025-05-21 16:41:51,42.4525985717773,-8.92283058166504,"Female"
"9004158",371991,2025-05-21 16:46:52,42.4524612426758,-8.92290210723877,"Female"
"9004158",371991,2025-05-21 16:51:52,42.4524307250977,-8.92292404174805,"Female"
"9004158",371991,2025-05-21 16:56:52,42.4524765014648,-8.9230318069458,"Female"
"9004158",371991,2025-05-21 17:01:52,42.4524841308594,-8.92300319671631,"Female"
"9004158",371991,2025-05-21 17:06:52,42.4504280090332,-8.92107105255127,"Female"
"9004158",371991,2025-05-21 17:11:52,42.399730682373,-8.92212390899658,"Female"
"9004158",371991,2025-05-21 17:16:59,42.3987007141113,-8.92090797424316,"Female"
"9004158",371991,2025-05-21 17:21:52,42.3990249633789,-8.92119693756104,"Female"
"9004158",371991,2025-05-21 17:26:52,42.398998260498,-8.9211597442627,"Female"
"9004158",371991,2025-05-21 17:31:52,42.3991622924805,-8.92118263244629,"Female"
"9004158",371991,2025-05-21 17:36:52,42.399169921875,-8.92119884490967,"Female"
"9004158",371991,2025-05-21 17:41:52,42.4005393981934,-8.92130661010742,"Female"
"9004158",371991,2025-05-21 17:46:58,42.399528503418,-8.92228984832764,"Female"
"9004158",371991,2025-05-21 17:51:57,42.3994979858398,-8.92236614227295,"Female"
"9004158",371991,2025-05-21 17:57:00,42.3995628356934,-8.92220973968506,"Female"
"9004158",371991,2025-05-21 18:02:14,42.3994674682617,-8.92224025726318,"Female"
"9004158",371991,2025-05-21 18:06:55,42.399658203125,-8.92230987548828,"Female"
"9004158",371991,2025-05-21 18:11:54,42.399658203125,-8.92250919342041,"Female"
"9004158",371991,2025-05-21 18:17:00,42.3994064331055,-8.92208576202393,"Female"
"9004158",371991,2025-05-21 18:22:19,42.3993301391602,-8.92210006713867,"Female"
"9004158",371991,2025-05-21 18:26:53,42.3994216918945,-8.9221363067627,"Female"
"9004158",371991,2025-05-21 18:31:57,42.3996047973633,-8.92208385467529,"Female"
"9004158",371991,2025-05-21 18:36:53,42.3994827270508,-8.92219352722168,"Female"
"9004158",371991,2025-05-21 18:41:54,42.3994827270508,-8.92218494415283,"Female"
"9004158",371991,2025-05-21 18:46:55,42.3996162414551,-8.92200374603271,"Female"
"9004158",371991,2025-05-21 18:51:58,42.399658203125,-8.92206287384033,"Female"
"9004158",371991,2025-05-21 18:56:55,42.3999671936035,-8.92240428924561,"Female"
"9004158",371991,2025-05-21 19:02:00,42.3999671936035,-8.92196083068848,"Female"
"9004158",371991,2025-05-21 19:06:54,42.3993949890137,-8.9225492477417,"Female"
"9004158",371991,2025-05-21 19:11:58,42.4001045227051,-8.92230319976807,"Female"
"9004158",371991,2025-05-21 19:17:23,42.4004859924316,-8.92218685150146,"Female"
"9004158",371991,2025-05-21 19:22:01,42.399787902832,-8.92239189147949,"Female"
"9004158",371991,2025-05-21 19:27:01,42.3992767333984,-8.92298984527588,"Female"
"9004158",371991,2025-05-21 19:31:58,42.3977890014648,-8.9222469329834,"Female"
"9004158",371991,2025-05-21 19:37:00,42.399829864502,-8.92150497436523,"Female"
"9004158",371991,2025-05-21 19:41:58,42.3997955322266,-8.92186260223389,"Female"
"9004158",371991,2025-05-21 19:46:57,42.3996124267578,-8.92215538024902,"Female"
"9004158",371991,2025-05-21 19:51:56,42.3997917175293,-8.9220666885376,"Female"
"9004158",371991,2025-05-21 19:56:55,42.4004783630371,-8.92067813873291,"Female"
"9004158",371991,2025-05-21 20:01:56,42.3997535705566,-8.92148685455322,"Female"
"9004158",371991,2025-05-21 20:06:53,42.3999404907227,-8.92171478271484,"Female"
"9004158",371991,2025-05-21 20:11:56,42.3997611999512,-8.92179584503174,"Female"
"9004158",371991,2025-05-21 20:17:11,42.3997535705566,-8.92261409759521,"Female"
"9004158",371991,2025-05-21 20:21:54,42.3999633789062,-8.92209243774414,"Female"
"9004158",371991,2025-05-21 20:26:58,42.4000205993652,-8.92267417907715,"Female"
"9004158",371991,2025-05-21 20:32:00,42.3997421264648,-8.92214584350586,"Female"
"9004158",371991,2025-05-21 20:36:58,42.3996963500977,-8.92196464538574,"Female"
"9004158",371991,2025-05-21 20:43:15,42.3999061584473,-8.92249774932861,"Female"
"9004158",371991,2025-05-21 20:48:15,42.399959564209,-8.92261219024658,"Female"
"9004158",371991,2025-05-21 20:53:15,42.3999481201172,-8.92234706878662,"Female"
"9004158",371991,2025-05-21 20:58:15,42.4000701904297,-8.9223461151123,"Female"
"9004158",371991,2025-05-21 21:03:15,42.3997955322266,-8.92233085632324,"Female"
"9004158",371991,2025-05-21 21:08:15,42.4000663757324,-8.92239379882812,"Female"
"9004158",371991,2025-05-21 21:11:55,42.3996849060059,-8.92233848571777,"Female"
"9004158",371991,2025-05-21 21:16:55,42.3994026184082,-8.92202091217041,"Female"
"9004158",371991,2025-05-21 21:21:54,42.3994178771973,-8.92232418060303,"Female"
"9004158",371991,2025-05-21 21:26:57,42.3995094299316,-8.9223518371582,"Female"
"9004158",371991,2025-05-21 21:31:55,42.3994636535645,-8.92216968536377,"Female"
"9004158",371991,2025-05-21 21:37:09,42.3995056152344,-8.92211723327637,"Female"
"9004158",371991,2025-05-21 21:41:54,42.3993301391602,-8.92190837860107,"Female"
"9004158",371991,2025-05-21 21:46:54,42.3987579345703,-8.92379570007324,"Female"
"9004158",371991,2025-05-21 21:52:27,42.3996238708496,-8.9224967956543,"Female"
"9004158",371991,2025-05-21 21:57:10,42.3996200561523,-8.92217445373535,"Female"
"9004158",371991,2025-05-21 22:03:15,42.3995056152344,-8.92223930358887,"Female"
"9004158",371991,2025-05-21 22:07:06,42.3987312316895,-8.92224884033203,"Female"
"9004158",371991,2025-05-21 22:12:11,42.3989486694336,-8.92205333709717,"Female"
"9004158",371991,2025-05-21 22:17:51,42.3987655639648,-8.92212200164795,"Female"
"9004158",371991,2025-05-21 22:22:18,42.3989410400391,-8.92204189300537,"Female"
"9004158",371991,2025-05-21 22:27:04,42.3990936279297,-8.92199802398682,"Female"
"9004158",371991,2025-05-21 22:31:55,42.3990020751953,-8.92205142974854,"Female"
"9004158",371991,2025-05-21 22:36:57,42.3988380432129,-8.92203712463379,"Female"
"9004158",371991,2025-05-21 22:41:58,42.3991165161133,-8.92194366455078,"Female"
"9004158",371991,2025-05-21 22:46:56,42.3986358642578,-8.92211723327637,"Female"
"9004158",371991,2025-05-21 22:51:59,42.3991432189941,-8.92200946807861,"Female"
"9004158",371991,2025-05-21 22:57:03,42.3991355895996,-8.92179393768311,"Female"
"9004158",371991,2025-05-21 23:02:07,42.3991813659668,-8.92178249359131,"Female"
"9004158",371991,2025-05-21 23:08:15,42.399284362793,-8.92197895050049,"Female"
"9004158",371991,2025-05-21 23:13:15,42.3995056152344,-8.92225360870361,"Female"
"9004158",371991,2025-05-21 23:18:16,42.3994255065918,-8.92212677001953,"Female"
"9004158",371991,2025-05-21 23:23:16,42.3993759155273,-8.92206001281738,"Female"
"9004158",371991,2025-05-21 23:27:24,42.3994026184082,-8.92204570770264,"Female"
"9004158",371991,2025-05-21 23:32:02,42.3993263244629,-8.92200660705566,"Female"
"9004158",371991,2025-05-21 23:37:06,42.3994636535645,-8.92214679718018,"Female"
"9004158",371991,2025-05-21 23:42:03,42.3994674682617,-8.92207145690918,"Female"
"9004158",371991,2025-05-21 23:47:14,42.3995933532715,-8.92206192016602,"Female"
"9004158",371991,2025-05-21 23:51:55,42.3994178771973,-8.9219388961792,"Female"
"9004158",371991,2025-05-21 23:56:58,42.3995018005371,-8.92201709747314,"Female"
"9004158",371991,2025-05-22 00:01:58,42.3993644714355,-8.92191982269287,"Female"
"9004158",371991,2025-05-22 00:06:53,42.3993148803711,-8.92191696166992,"Female"
"9004158",371991,2025-05-22 00:11:53,42.4004974365234,-8.92274284362793,"Female"
"9004158",371991,2025-05-22 00:16:57,42.4014663696289,-8.92214393615723,"Female"
"9004158",371991,2025-05-22 00:21:55,42.4013252258301,-8.92219066619873,"Female"
"9004158",371991,2025-05-22 00:26:55,42.4011764526367,-8.92215251922607,"Female"
"9004158",371991,2025-05-22 00:31:53,42.4013786315918,-8.92233848571777,"Female"
"9004158",371991,2025-05-22 00:37:14,42.4013214111328,-8.922119140625,"Female"
"9004158",371991,2025-05-22 00:41:56,42.4010391235352,-8.92250061035156,"Female"
"9004158",371991,2025-05-22 00:47:00,42.3999099731445,-8.92195510864258,"Female"
"9004158",371991,2025-05-22 00:51:58,42.4002456665039,-8.92193031311035,"Female"
"9004158",371991,2025-05-22 00:56:58,42.3995628356934,-8.92162132263184,"Female"
"9004158",371991,2025-05-22 01:02:00,42.3985786437988,-8.92164134979248,"Female"
"9004158",371991,2025-05-22 01:07:00,42.3999938964844,-8.92174911499023,"Female"
"9004158",371991,2025-05-22 01:12:03,42.4001579284668,-8.92154026031494,"Female"
"9004158",371991,2025-05-22 01:17:01,42.3992385864258,-8.92201709747314,"Female"
"9004158",371991,2025-05-22 01:21:59,42.3984489440918,-8.92160320281982,"Female"
"9004158",371991,2025-05-22 01:27:00,42.3987846374512,-8.92187881469727,"Female"
"9004158",371991,2025-05-22 01:31:55,42.3990783691406,-8.9221658706665,"Female"
"9004158",371991,2025-05-22 01:37:00,42.3986892700195,-8.92220687866211,"Female"
"9004158",371991,2025-05-22 01:41:57,42.3986549377441,-8.92249202728271,"Female"
"9004158",371991,2025-05-22 01:46:57,42.3989601135254,-8.9220724105835,"Female"
"9004158",371991,2025-05-22 01:52:01,42.3989295959473,-8.92205619812012,"Female"
"9004158",371991,2025-05-22 01:56:57,42.3990516662598,-8.92206954956055,"Female"
"9004158",371991,2025-05-22 02:01:58,42.3993835449219,-8.92132091522217,"Female"
"9004158",371991,2025-05-22 02:07:00,42.3994560241699,-8.92080497741699,"Female"
"9004158",371991,2025-05-22 02:12:06,42.3994445800781,-8.92081832885742,"Female"
"9004158",371991,2025-05-22 02:17:02,42.3996734619141,-8.92106056213379,"Female"
"9004158",371991,2025-05-22 02:22:01,42.3997077941895,-8.92134952545166,"Female"
"9004158",371991,2025-05-22 02:27:26,42.3997344970703,-8.92219829559326,"Female"
"9004158",371991,2025-05-22 02:31:51,42.3997535705566,-8.92231559753418,"Female"
"9004158",371991,2025-05-22 02:36:57,42.3994331359863,-8.92219734191895,"Female"
"9004158",371991,2025-05-22 02:42:12,42.3995361328125,-8.92254066467285,"Female"
"9004158",371991,2025-05-22 02:46:55,42.3995590209961,-8.92233276367188,"Female"
"9004158",371991,2025-05-22 02:51:54,42.4000511169434,-8.9226713180542,"Female"
"9004158",371991,2025-05-22 02:56:54,42.4000434875488,-8.92271709442139,"Female"
"9004158",371991,2025-05-22 03:01:54,42.4006729125977,-8.9232006072998,"Female"
"9004158",371991,2025-05-22 03:07:00,42.3994216918945,-8.92300128936768,"Female"
"9004158",371991,2025-05-22 03:11:55,42.3996162414551,-8.92222213745117,"Female"
"9004158",371991,2025-05-22 03:17:00,42.3999328613281,-8.92255878448486,"Female"
"9004158",371991,2025-05-22 03:21:59,42.3997840881348,-8.92264938354492,"Female"
"9004158",371991,2025-05-22 03:27:14,42.4003067016602,-8.92247104644775,"Female"
"9004158",371991,2025-05-22 03:32:14,42.400146484375,-8.92243385314941,"Female"
"9004158",371991,2025-05-22 03:36:55,42.4000091552734,-8.92243576049805,"Female"
"9004158",371991,2025-05-22 03:41:53,42.39990234375,-8.92269325256348,"Female"
"9004158",371991,2025-05-22 03:46:55,42.4000396728516,-8.92256164550781,"Female"
"9004158",371991,2025-05-22 03:51:52,42.4001007080078,-8.92249011993408,"Female"
"9004158",371991,2025-05-22 03:56:55,42.3997688293457,-8.92227935791016,"Female"
"9004158",371991,2025-05-22 04:01:58,42.3997497558594,-8.92225551605225,"Female"
"9004158",371991,2025-05-22 04:06:55,42.3998641967773,-8.92223358154297,"Female"
"9004158",371991,2025-05-22 04:11:55,42.3998832702637,-8.92232322692871,"Female"
"9004158",371991,2025-05-22 04:16:57,42.400577545166,-8.92199516296387,"Female"
"9004158",371991,2025-05-22 04:21:55,42.3996238708496,-8.92224407196045,"Female"
"9004158",371991,2025-05-22 04:26:54,42.3995780944824,-8.92235946655273,"Female"
"9004158",371991,2025-05-22 04:31:55,42.3995475769043,-8.92259979248047,"Female"
"9004158",371991,2025-05-22 04:36:57,42.3997116088867,-8.92252349853516,"Female"
"9004158",371991,2025-05-22 04:41:55,42.3997039794922,-8.92262840270996,"Female"
"9004158",371991,2025-05-22 04:46:57,42.3997001647949,-8.92239475250244,"Female"
"9004158",371991,2025-05-22 04:51:53,42.3994102478027,-8.92277145385742,"Female"
"9004158",371991,2025-05-22 04:56:54,42.399471282959,-8.9225435256958,"Female"
"9004158",371991,2025-05-22 05:01:55,42.3996658325195,-8.92261600494385,"Female"
"9004158",371991,2025-05-22 05:06:52,42.3996353149414,-8.92263317108154,"Female"
"9004158",371991,2025-05-22 05:11:53,42.3996047973633,-8.92280960083008,"Female"
"9004158",371991,2025-05-22 05:16:52,42.4186820983887,-8.92083549499512,"Female"
"9004158",371991,2025-05-22 05:21:52,42.4416732788086,-8.91985702514648,"Female"
"9004158",371991,2025-05-22 05:27:00,42.4521865844727,-8.92040538787842,"Female"
"9004158",371991,2025-05-22 05:32:00,42.4522857666016,-8.92031764984131,"Female"
"9004158",371991,2025-05-22 05:37:00,42.45361328125,-8.92025184631348,"Female"
"9004158",371991,2025-05-22 05:42:00,42.4550399780273,-8.92006683349609,"Female"
"9004158",371991,2025-05-22 05:47:04,42.4549560546875,-8.91965007781982,"Female"
"9004158",371991,2025-05-22 05:52:03,42.4549674987793,-8.91878032684326,"Female"
"9004158",371991,2025-05-22 05:57:03,42.4549751281738,-8.91874217987061,"Female"
"9004158",371991,2025-05-22 06:02:03,42.4547691345215,-8.91892242431641,"Female"
"9004158",371991,2025-05-22 06:07:04,42.4548759460449,-8.91873455047607,"Female"
"9004158",371991,2025-05-22 06:12:03,42.4545593261719,-8.91905498504639,"Female"
"9004158",371991,2025-05-22 06:17:04,42.4548530578613,-8.91873073577881,"Female"
"9004158",371991,2025-05-22 06:22:03,42.4547309875488,-8.91886806488037,"Female"
"9004158",371991,2025-05-22 06:27:30,42.4548072814941,-8.91853427886963,"Female"
"9004158",371991,2025-05-22 06:32:29,42.4546318054199,-8.91880416870117,"Female"
"9004158",371991,2025-05-22 06:37:29,42.4548759460449,-8.91904735565186,"Female"
"9004158",371991,2025-05-22 06:42:29,42.4552383422852,-8.92063522338867,"Female"
"9004158",371991,2025-05-22 06:47:37,42.4554634094238,-8.92185020446777,"Female"
"9004158",371991,2025-05-22 06:52:36,42.4554595947266,-8.92178535461426,"Female"
"9004158",371991,2025-05-22 06:57:37,42.455249786377,-8.92196655273438,"Female"
"9004158",371991,2025-05-22 07:02:37,42.4552803039551,-8.92192649841309,"Female"
"9004158",371991,2025-05-22 07:07:36,42.4552803039551,-8.92206001281738,"Female"
"9004158",371991,2025-05-22 07:12:36,42.4552841186523,-8.92203140258789,"Female"
"9004158",371991,2025-05-22 07:17:36,42.4552803039551,-8.92208576202393,"Female"
"9004158",371991,2025-05-22 07:22:36,42.4551773071289,-8.92199802398682,"Female"
"9004158",371991,2025-05-22 07:27:36,42.4552459716797,-8.92211437225342,"Female"
"9004158",371991,2025-05-22 07:32:37,42.455265045166,-8.9219856262207,"Female"
"9004158",371991,2025-05-22 07:37:36,42.4552879333496,-8.92203521728516,"Female"
"9004158",371991,2025-05-22 07:42:57,42.455078125,-8.92275619506836,"Female"
"9004158",371991,2025-05-22 07:47:57,42.4541969299316,-8.9236307144165,"Female"
"9004158",371991,2025-05-22 07:52:57,42.4536094665527,-8.92391204833984,"Female"
"9004158",371991,2025-05-22 07:57:57,42.4524688720703,-8.92447948455811,"Female"
"9004158",371991,2025-05-22 08:02:57,42.4521026611328,-8.92440605163574,"Female"
"9004158",371991,2025-05-22 08:07:57,42.4522857666016,-8.92421722412109,"Female"
"9004158",371991,2025-05-22 08:12:58,42.4526023864746,-8.92425155639648,"Female"
"9004158",371991,2025-05-22 08:18:37,42.4527359008789,-8.92352199554443,"Female"
"9004158",371991,2025-05-22 08:23:37,42.4524993896484,-8.92362022399902,"Female"
"9004158",371991,2025-05-22 08:28:35,42.4524421691895,-8.92360877990723,"Female"
"9004158",371991,2025-05-22 08:33:36,42.4524269104004,-8.92353343963623,"Female"
"9004158",371991,2025-05-22 08:38:36,42.4524154663086,-8.9236011505127,"Female"
"9004158",371991,2025-05-22 08:43:37,42.4524307250977,-8.92358684539795,"Female"
"9004158",371991,2025-05-22 08:48:37,42.4524040222168,-8.92355346679688,"Female"
"9004158",371991,2025-05-22 08:53:38,42.4525604248047,-8.92360401153564,"Female"
"9004158",371991,2025-05-22 08:58:37,42.4524841308594,-8.92357349395752,"Female"
"9004158",371991,2025-05-22 09:03:36,42.4525909423828,-8.92362880706787,"Female"
"9004158",371991,2025-05-22 09:08:36,42.4524993896484,-8.92361640930176,"Female"
"9004158",371991,2025-05-22 09:13:36,42.4522438049316,-8.92330837249756,"Female"
"9004158",371991,2025-05-22 09:18:36,42.4521064758301,-8.92446708679199,"Female"
"9004158",371991,2025-05-22 09:23:36,42.4519577026367,-8.92510795593262,"Female"
"9004158",371991,2025-05-22 09:28:44,42.4516181945801,-8.9262228012085,"Female"
"9004158",371991,2025-05-22 09:33:50,42.4520835876465,-8.92774200439453,"Female"
"9004158",371991,2025-05-22 09:38:39,42.4521636962891,-8.92820358276367,"Female"
"9004158",371991,2025-05-22 09:43:39,42.4513778686523,-8.92813110351562,"Female"
"9004158",371991,2025-05-22 09:48:39,42.4518356323242,-8.92767715454102,"Female"
"9004158",371991,2025-05-22 09:53:39,42.4517593383789,-8.92808818817139,"Female"
"9004158",371991,2025-05-22 09:58:38,42.4518203735352,-8.92837905883789,"Female"
"9004158",371991,2025-05-22 10:04:00,42.4513816833496,-8.92842197418213,"Female"
"9004158",371991,2025-05-22 10:09:00,42.4518623352051,-8.9279317855835,"Female"
"9004158",371991,2025-05-22 10:14:37,42.4514083862305,-8.92699813842773,"Female"
"9004158",371991,2025-05-22 10:19:31,42.4516792297363,-8.92528820037842,"Female"
"9004158",371991,2025-05-22 10:24:41,42.4521560668945,-8.92483043670654,"Female"
"9004158",371991,2025-05-22 10:30:05,42.4527206420898,-8.92494297027588,"Female"
"9004158",371991,2025-05-22 10:34:31,42.4533882141113,-8.92362403869629,"Female"
"9004158",371991,2025-05-22 10:39:31,42.4528465270996,-8.92363357543945,"Female"
"9004158",371991,2025-05-22 10:44:31,42.4519577026367,-8.9217414855957,"Female"
"9004158",371991,2025-05-22 10:49:31,42.4506149291992,-8.91814136505127,"Female"
"9004158",371991,2025-05-22 10:54:31,42.4505882263184,-8.91813468933105,"Female"
"9004158",371991,2025-05-22 10:59:31,42.4506454467773,-8.91807270050049,"Female"
"9004158",371991,2025-05-22 11:04:31,42.4505882263184,-8.91800594329834,"Female"
"9004158",371991,2025-05-22 11:09:31,42.4505500793457,-8.91794776916504,"Female"
"9004158",371991,2025-05-22 11:14:33,42.4505767822266,-8.91799163818359,"Female"
"9004158",371991,2025-05-22 11:19:31,42.4079284667969,-8.92093753814697,"Female"
"9004158",371991,2025-05-22 11:24:32,42.3990669250488,-8.92122268676758,"Female"
"9004158",371991,2025-05-22 11:29:32,42.3989677429199,-8.92119598388672,"Female"
"9004158",371991,2025-05-22 11:34:32,42.399055480957,-8.9212532043457,"Female"
"9004158",371991,2025-05-22 11:39:31,42.3990631103516,-8.92124938964844,"Female"
"9004158",371991,2025-05-22 11:44:31,42.3991317749023,-8.92131996154785,"Female"
"9004158",371991,2025-05-22 11:49:31,42.3991775512695,-8.9212703704834,"Female"
"9004158",371991,2025-05-22 11:54:31,42.3992118835449,-8.92110538482666,"Female"
"9004158",371991,2025-05-22 11:59:32,42.4090385437012,-8.92073535919189,"Female"
"9004158",371991,2025-05-22 12:04:32,42.423583984375,-8.92135620117188,"Female"
"9004158",371991,2025-05-22 12:09:31,42.4442329406738,-8.92211818695068,"Female"
"9004158",371991,2025-05-22 12:14:32,42.452564239502,-8.92312049865723,"Female"
"9004158",371991,2025-05-22 12:19:32,42.4525680541992,-8.92383670806885,"Female"
"9004158",371991,2025-05-22 12:24:37,42.4522361755371,-8.92469024658203,"Female"
"9004158",371991,2025-05-22 12:29:56,42.4521293640137,-8.9249963760376,"Female"
"9004158",371991,2025-05-22 12:34:46,42.4519119262695,-8.92470455169678,"Female"
"9004158",371991,2025-05-22 12:39:31,42.4524841308594,-8.92452907562256,"Female"
"9004158",371991,2025-05-22 12:44:36,42.4535942077637,-8.92415332794189,"Female"
"9004158",371991,2025-05-22 12:49:36,42.4538269042969,-8.92334365844727,"Female"
"9004158",371991,2025-05-22 12:54:33,42.4545364379883,-8.92344665527344,"Female"
"9004158",371991,2025-05-22 12:59:33,42.4553451538086,-8.92275905609131,"Female"
"9004158",371991,2025-05-22 13:04:32,42.4556198120117,-8.92167091369629,"Female"
"9004158",371991,2025-05-22 13:09:34,42.4556121826172,-8.92167472839355,"Female"
"9004158",371991,2025-05-22 13:14:39,42.4556732177734,-8.92148303985596,"Female"
"9004158",371991,2025-05-22 13:19:36,42.4556846618652,-8.9215145111084,"Female"
"9004158",371991,2025-05-22 13:24:36,42.4555969238281,-8.92162227630615,"Female"
"9004158",371991,2025-05-22 13:29:32,42.4557075500488,-8.92175674438477,"Female"
"9004158",371991,2025-05-22 13:34:39,42.4554786682129,-8.92126274108887,"Female"
"9004158",371991,2025-05-22 13:39:37,42.4555244445801,-8.92120361328125,"Female"
"9004158",371991,2025-05-22 13:44:42,42.4555053710938,-8.92157649993896,"Female"
"9004158",371991,2025-05-22 13:49:32,42.4553413391113,-8.92159175872803,"Female"
"9004158",371991,2025-05-22 13:54:32,42.4554634094238,-8.92163944244385,"Female"
"9004158",371991,2025-05-22 13:59:32,42.4554061889648,-8.9215784072876,"Female"
"9004158",371991,2025-05-22 14:04:32,42.4554023742676,-8.9215669631958,"Female"
"9004158",371991,2025-05-22 14:09:32,42.4554023742676,-8.92160606384277,"Female"
"9004158",371991,2025-05-22 14:14:53,42.4562110900879,-8.92062854766846,"Female"
"9004158",371991,2025-05-22 14:19:49,42.4560127258301,-8.91989994049072,"Female"
"9004158",371991,2025-05-22 14:24:49,42.4563484191895,-8.91951560974121,"Female"
"9004158",371991,2025-05-22 14:30:02,42.4560241699219,-8.92110729217529,"Female"
"9004158",371991,2025-05-22 14:36:35,42.4553070068359,-8.92231178283691,"Female"
"9004158",371991,2025-05-22 14:41:14,42.4554176330566,-8.92138862609863,"Female"
"9004158",371991,2025-05-22 14:46:14,42.4554481506348,-8.92136669158936,"Female"
"9004158",371991,2025-05-22 14:51:14,42.455493927002,-8.92133712768555,"Female"
"9004158",371991,2025-05-22 14:56:13,42.4557952880859,-8.92138004302979,"Female"
"9004158",371991,2025-05-22 15:01:14,42.4558868408203,-8.92148113250732,"Female"
"9004158",371991,2025-05-22 15:06:14,42.4555511474609,-8.92135524749756,"Female"
"9004158",371991,2025-05-22 15:11:14,42.455623626709,-8.92135429382324,"Female"
"9004158",371991,2025-05-22 15:16:14,42.4557647705078,-8.92132091522217,"Female"
"9004158",371991,2025-05-22 15:21:14,42.4553756713867,-8.92140102386475,"Female"
"9004158",371991,2025-05-22 15:26:14,42.4552993774414,-8.92133617401123,"Female"
"9004158",371991,2025-05-22 15:31:18,42.4551620483398,-8.92180061340332,"Female"
"9004158",371991,2025-05-22 15:36:14,42.454273223877,-8.92305755615234,"Female"
"9004158",371991,2025-05-22 15:41:45,42.453125,-8.92360019683838,"Female"
"9004158",371991,2025-05-22 15:48:53,42.4519004821777,-8.92423439025879,"Female"
"9004158",371991,2025-05-22 15:54:28,42.4521865844727,-8.92364597320557,"Female"
"9004158",371991,2025-05-22 15:59:28,42.4524612426758,-8.92209625244141,"Female"
"9004158",371991,2025-05-22 16:04:33,42.4515228271484,-8.92257022857666,"Female"
"9004158",371991,2025-05-22 16:09:27,42.4514198303223,-8.92260456085205,"Female"
"9004158",371991,2025-05-22 16:14:27,42.4516220092773,-8.92257595062256,"Female"
"9004158",371991,2025-05-22 16:19:27,42.4514007568359,-8.92272186279297,"Female"
"9004158",371991,2025-05-22 16:24:36,42.451602935791,-8.92255401611328,"Female"
"9004158",371991,2025-05-22 16:29:33,42.4309692382812,-8.92085838317871,"Female"
"9004158",371991,2025-05-22 16:34:36,42.3987655639648,-8.92145347595215,"Female"
"9004158",371991,2025-05-22 16:39:48,42.399097442627,-8.92117023468018,"Female"
"9004158",371991,2025-05-22 16:44:37,42.3990287780762,-8.92118263244629,"Female"
"9004158",371991,2025-05-22 16:49:37,42.3991165161133,-8.92115688323975,"Female"
"9004158",371991,2025-05-22 16:54:38,42.399055480957,-8.92118072509766,"Female"
"9004158",371991,2025-05-22 16:59:41,42.3989601135254,-8.92119979858398,"Female"
"9004158",371991,2025-05-22 17:04:27,42.3989524841309,-8.92123889923096,"Female"
"9004158",371991,2025-05-22 17:09:27,42.3989868164062,-8.92063140869141,"Female"
"9004158",371991,2025-05-22 17:14:29,42.399055480957,-8.92129516601562,"Female"
"9004158",371991,2025-05-22 17:19:27,42.3989334106445,-8.92074966430664,"Female"
"9004158",371991,2025-05-22 17:24:27,42.3989791870117,-8.92138004302979,"Female"
"9004158",371991,2025-05-22 17:29:29,42.399097442627,-8.92160224914551,"Female"
"9004158",371991,2025-05-22 17:34:28,42.3990783691406,-8.92133331298828,"Female"
"9004158",371991,2025-05-22 17:39:40,42.3990478515625,-8.9212589263916,"Female"
"9004158",371991,2025-05-22 17:44:42,42.4002838134766,-8.92210006713867,"Female"
"9004158",371991,2025-05-22 17:49:36,42.4004554748535,-8.92201137542725,"Female"
"9004158",371991,2025-05-22 17:54:36,42.3999977111816,-8.92209434509277,"Female"
"9004158",371991,2025-05-22 17:59:36,42.4004402160645,-8.92191696166992,"Female"
"9004158",371991,2025-05-22 18:04:41,42.4011878967285,-8.92174911499023,"Female"
"9004158",371991,2025-05-22 18:09:36,42.4019050598145,-8.92174434661865,"Female"
"9004158",371991,2025-05-22 18:14:47,42.4012756347656,-8.92194080352783,"Female"
"9004158",371991,2025-05-22 18:19:51,42.4022789001465,-8.92214965820312,"Female"
"9004158",371991,2025-05-22 18:24:40,42.4023551940918,-8.92224025726318,"Female"
"9004158",371991,2025-05-22 18:29:44,42.3995590209961,-8.92215251922607,"Female"
"9004158",371991,2025-05-22 18:34:42,42.3995819091797,-8.92213726043701,"Female"
"9004158",371991,2025-05-22 18:39:39,42.400447845459,-8.92240715026855,"Female"
"9004158",371991,2025-05-22 18:44:36,42.4003257751465,-8.92241764068604,"Female"
"9004158",371991,2025-05-22 18:49:44,42.4002685546875,-8.92264938354492,"Female"
"9004158",371991,2025-05-22 18:54:52,42.4003257751465,-8.92201900482178,"Female"
"9004158",371991,2025-05-22 18:59:57,42.3999404907227,-8.92200756072998,"Female"
"9004158",371991,2025-05-22 19:04:39,42.3996315002441,-8.92255973815918,"Female"
"9004158",371991,2025-05-22 19:09:50,42.3990936279297,-8.9223165512085,"Female"
"9004158",371991,2025-05-22 19:14:46,42.3995780944824,-8.92237663269043,"Female"
"9004158",371991,2025-05-22 19:19:45,42.3998641967773,-8.92221832275391,"Female"
"9004158",371991,2025-05-22 19:24:42,42.400074005127,-8.9222993850708,"Female"
"9004158",371991,2025-05-22 19:29:39,42.3995742797852,-8.9221305847168,"Female"
"9004158",371991,2025-05-22 19:34:59,42.4001502990723,-8.92228126525879,"Female"
"9004158",371991,2025-05-22 19:39:46,42.3993911743164,-8.92200374603271,"Female"
"9004158",371991,2025-05-22 19:44:34,42.3993301391602,-8.92198944091797,"Female"
"9004158",371991,2025-05-22 19:49:39,42.3991928100586,-8.9220666885376,"Female"
"9004158",371991,2025-05-22 19:54:59,42.3992080688477,-8.92190742492676,"Female"
"9004158",371991,2025-05-22 19:59:33,42.3991966247559,-8.92197513580322,"Female"
"9004158",371991,2025-05-22 20:04:33,42.3992385864258,-8.92185115814209,"Female"
"9004158",371991,2025-05-22 20:09:34,42.3991661071777,-8.9218635559082,"Female"
"9004158",371991,2025-05-22 20:14:37,42.3987083435059,-8.92167854309082,"Female"
"9004158",371991,2025-05-22 20:19:36,42.3991584777832,-8.92193603515625,"Female"
"9004158",371991,2025-05-22 20:24:44,42.3992729187012,-8.92207145690918,"Female"
"9004158",371991,2025-05-22 20:29:33,42.3992118835449,-8.92215633392334,"Female"
"9004158",371991,2025-05-22 20:34:28,42.3993339538574,-8.92186164855957,"Female"
"9004158",371991,2025-05-22 20:39:29,42.3989753723145,-8.92177486419678,"Female"
"9004158",371991,2025-05-22 20:44:59,42.3992538452148,-8.92214584350586,"Female"
"9004158",371991,2025-05-22 20:49:30,42.3992309570312,-8.9221019744873,"Female"
"9004158",371991,2025-05-22 20:54:30,42.3996086120605,-8.92325687408447,"Female"
"9004158",371991,2025-05-22 20:59:30,42.3997192382812,-8.92363262176514,"Female"
"9004158",371991,2025-05-22 21:04:30,42.3991928100586,-8.92202854156494,"Female"
"9004158",371991,2025-05-22 21:09:31,42.3992080688477,-8.92214202880859,"Female"
"9004158",371991,2025-05-22 21:14:29,42.3993186950684,-8.92341613769531,"Female"
"9004158",371991,2025-05-22 21:19:31,42.3993797302246,-8.92232894897461,"Female"
"9004158",371991,2025-05-22 21:24:29,42.3992347717285,-8.92200565338135,"Female"
"9004158",371991,2025-05-22 21:29:30,42.3986549377441,-8.9213342666626,"Female"
"9004158",371991,2025-05-22 21:34:31,42.3984527587891,-8.92006492614746,"Female"
"9004158",371991,2025-05-22 21:39:31,42.3991203308105,-8.92213916778564,"Female"
"9004158",371991,2025-05-22 21:44:29,42.3987274169922,-8.9198579788208,"Female"
"9004158",371991,2025-05-22 21:49:31,42.3986968994141,-8.91947746276855,"Female"
"9004158",371991,2025-05-22 21:54:33,42.3995971679688,-8.92212104797363,"Female"
"9004158",371991,2025-05-22 21:59:31,42.3994903564453,-8.92217636108398,"Female"
"9004158",371991,2025-05-22 22:04:34,42.3995742797852,-8.92228412628174,"Female"
"9004158",371991,2025-05-22 22:09:34,42.3995628356934,-8.9222354888916,"Female"
"9004158",371991,2025-05-22 22:14:31,42.3994979858398,-8.92181587219238,"Female"
"9004158",371991,2025-05-22 22:19:29,42.399112701416,-8.92183685302734,"Female"
"9004158",371991,2025-05-22 22:24:29,42.3991241455078,-8.92180061340332,"Female"
"9004158",371991,2025-05-22 22:29:30,42.3990440368652,-8.9218864440918,"Female"
"9004158",371991,2025-05-22 22:34:31,42.3996467590332,-8.92187118530273,"Female"
"9004158",371991,2025-05-22 22:39:30,42.3988800048828,-8.92203998565674,"Female"
"9004158",371991,2025-05-22 22:44:38,42.3998947143555,-8.92250823974609,"Female"
"9004158",371991,2025-05-22 22:49:31,42.4001922607422,-8.92255115509033,"Female"
"9004158",371991,2025-05-22 22:54:33,42.4001884460449,-8.92246723175049,"Female"
"9004158",371991,2025-05-22 23:00:05,42.3996658325195,-8.92257213592529,"Female"
"9004158",371991,2025-05-22 23:04:31,42.3996315002441,-8.92245960235596,"Female"
"9004158",371991,2025-05-22 23:09:32,42.3996200561523,-8.9226598739624,"Female"
"9004158",371991,2025-05-22 23:14:31,42.3995246887207,-8.92244911193848,"Female"
"9004158",371991,2025-05-22 23:19:31,42.3995780944824,-8.92249584197998,"Female"
"9004158",371991,2025-05-22 23:24:31,42.3997383117676,-8.92287254333496,"Female"
"9004158",371991,2025-05-22 23:29:41,42.3996696472168,-8.92271709442139,"Female"
"9004158",371991,2025-05-22 23:34:31,42.3996047973633,-8.9227409362793,"Female"
"9004158",371991,2025-05-22 23:39:34,42.3995742797852,-8.92267799377441,"Female"
"9004158",371991,2025-05-22 23:44:35,42.3996162414551,-8.92270946502686,"Female"
"9004158",371991,2025-05-22 23:50:36,42.399486541748,-8.9226016998291,"Female"
"9004158",371991,2025-05-22 23:55:48,42.3994064331055,-8.92230606079102,"Female"
"9004158",371991,2025-05-22 23:59:29,42.3995552062988,-8.92219543457031,"Female"
"9004158",371991,2025-05-23 00:04:29,42.3995475769043,-8.92225074768066,"Female"
"9004158",371991,2025-05-23 00:09:28,42.3996200561523,-8.92230415344238,"Female"
"9004158",371991,2025-05-23 00:14:28,42.3995018005371,-8.922194480896,"Female"
"9004158",371991,2025-05-23 00:19:31,42.3993339538574,-8.92211818695068,"Female"
"9004158",371991,2025-05-23 00:24:36,42.3993682861328,-8.92211723327637,"Female"
"9004158",371991,2025-05-23 00:29:31,42.3993148803711,-8.92235279083252,"Female"
"9004158",371991,2025-05-23 00:34:35,42.3993949890137,-8.92262268066406,"Female"
"9004158",371991,2025-05-23 00:39:31,42.3994216918945,-8.92246246337891,"Female"
"9004158",371991,2025-05-23 00:44:31,42.3993530273438,-8.92215633392334,"Female"
"9004158",371991,2025-05-23 00:49:31,42.3993835449219,-8.9222297668457,"Female"
"9004158",371991,2025-05-23 00:54:36,42.3993492126465,-8.922194480896,"Female"
"9004158",371991,2025-05-23 00:59:37,42.3993606567383,-8.92220211029053,"Female"
"9004158",371991,2025-05-23 01:04:34,42.3993606567383,-8.92218208312988,"Female"
"9004158",371991,2025-05-23 01:09:35,42.3993682861328,-8.92224979400635,"Female"
"9004158",371991,2025-05-23 01:14:50,42.3993606567383,-8.92227745056152,"Female"
"9004158",371991,2025-05-23 01:19:34,42.3993492126465,-8.92205142974854,"Female"
"9004158",371991,2025-05-23 01:24:30,42.399299621582,-8.92225742340088,"Female"
"9004158",371991,2025-05-23 01:29:28,42.3994636535645,-8.92202091217041,"Female"
"9004158",371991,2025-05-23 01:34:31,42.3993072509766,-8.92223167419434,"Female"
"9004158",371991,2025-05-23 01:39:31,42.3993225097656,-8.92207336425781,"Female"
"9004158",371991,2025-05-23 01:44:33,42.3993263244629,-8.92221641540527,"Female"
"9004158",371991,2025-05-23 01:49:31,42.3994255065918,-8.92222213745117,"Female"
"9004158",371991,2025-05-23 01:54:35,42.3994026184082,-8.92247867584229,"Female"
"9004158",371991,2025-05-23 01:59:34,42.3995323181152,-8.92196083068848,"Female"
"9004158",371991,2025-05-23 02:04:36,42.3993759155273,-8.92223453521729,"Female"
"9004158",371991,2025-05-23 02:09:34,42.3994102478027,-8.92224311828613,"Female"
"9004158",371991,2025-05-23 02:14:37,42.3994903564453,-8.92212009429932,"Female"
"9004158",371991,2025-05-23 02:19:37,42.3993988037109,-8.92231941223145,"Female"
"9004158",371991,2025-05-23 02:24:37,42.3994445800781,-8.92232418060303,"Female"
"9004158",371991,2025-05-23 02:29:33,42.399356842041,-8.92247486114502,"Female"
"9004158",371991,2025-05-23 02:34:40,42.3994674682617,-8.9221658706665,"Female"
"9004158",371991,2025-05-23 02:39:30,42.3988723754883,-8.92249774932861,"Female"
"9004158",371991,2025-05-23 02:44:30,42.3994522094727,-8.92228126525879,"Female"
"9004158",371991,2025-05-23 02:49:33,42.399715423584,-8.92260551452637,"Female"
"9004158",371991,2025-05-23 02:54:33,42.3996429443359,-8.92291450500488,"Female"
"9004158",371991,2025-05-23 02:59:30,42.4003143310547,-8.92298793792725,"Female"
"9004158",371991,2025-05-23 03:04:36,42.3997230529785,-8.92287063598633,"Female"
"9004158",371991,2025-05-23 03:09:35,42.3996467590332,-8.9228687286377,"Female"
"9004158",371991,2025-05-23 03:14:31,42.3994255065918,-8.92265701293945,"Female"
"9004158",371991,2025-05-23 03:19:33,42.3994941711426,-8.9227933883667,"Female"
"9004158",371991,2025-05-23 03:24:34,42.3994636535645,-8.92273998260498,"Female"
"9004158",371991,2025-05-23 03:29:36,42.3994483947754,-8.92241859436035,"Female"
"9004158",371991,2025-05-23 03:34:37,42.3994178771973,-8.92255401611328,"Female"
"9004158",371991,2025-05-23 03:39:44,42.3994102478027,-8.92256927490234,"Female"
"9004158",371991,2025-05-23 03:44:36,42.3993453979492,-8.92263793945312,"Female"
"9004158",371991,2025-05-23 03:49:36,42.399356842041,-8.92237663269043,"Female"
"9004158",371991,2025-05-23 03:54:36,42.3993873596191,-8.92228698730469,"Female"
"9004158",371991,2025-05-23 03:59:36,42.3993225097656,-8.92249393463135,"Female"
"9004158",371991,2025-05-23 04:04:42,42.3993682861328,-8.92216014862061,"Female"
"9004158",371991,2025-05-23 04:09:36,42.399169921875,-8.92200565338135,"Female"
"9004158",371991,2025-05-23 04:14:31,42.3990821838379,-8.92199420928955,"Female"
"9004158",371991,2025-05-23 04:19:34,42.4014320373535,-8.9235143661499,"Female"
"9004158",371991,2025-05-23 04:24:34,42.3993072509766,-8.9219331741333,"Female"
"9004158",371991,2025-05-23 04:29:33,42.3991546630859,-8.92175674438477,"Female"
"9004158",371991,2025-05-23 04:34:31,42.3993835449219,-8.92219543457031,"Female"
"9004158",371991,2025-05-23 04:39:31,42.3992919921875,-8.92202568054199,"Female"
"9004158",371991,2025-05-23 04:44:35,42.3991661071777,-8.92223072052002,"Female"
"9004158",371991,2025-05-23 04:49:38,42.4001312255859,-8.92241764068604,"Female"
"9004158",371991,2025-05-23 04:54:33,42.399040222168,-8.92229557037354,"Female"
"9004158",371991,2025-05-23 04:59:36,42.3995132446289,-8.92349433898926,"Female"
"9004158",371991,2025-05-23 05:04:58,42.3992919921875,-8.92273902893066,"Female"
"9004158",371991,2025-05-23 05:09:28,42.4148864746094,-8.9216947555542,"Female"
"9004158",371991,2025-05-23 05:14:28,42.4378776550293,-8.92156028747559,"Female"
"9004158",371991,2025-05-23 05:19:47,42.4519348144531,-8.92005252838135,"Female"
"9004158",371991,2025-05-23 05:25:14,42.4526672363281,-8.92072010040283,"Female"
"9004158",371991,2025-05-23 05:30:13,42.4533004760742,-8.92099666595459,"Female"
"9004158",371991,2025-05-23 05:35:18,42.4546585083008,-8.91858291625977,"Female"
"9004158",371991,2025-05-23 05:40:13,42.4547843933105,-8.91851902008057,"Female"
"9004158",371991,2025-05-23 05:45:13,42.4547882080078,-8.91861629486084,"Female"
"9004158",371991,2025-05-23 05:50:13,42.4548530578613,-8.91851425170898,"Female"
"9004158",371991,2025-05-23 05:55:23,42.4551887512207,-8.91888999938965,"Female"
"9004158",371991,2025-05-23 06:00:44,42.4548797607422,-8.91822338104248,"Female"
"9004158",371991,2025-05-23 06:05:39,42.4546546936035,-8.91899967193604,"Female"
"9004158",371991,2025-05-23 06:10:41,42.4548835754395,-8.91996765136719,"Female"
"9004158",371991,2025-05-23 06:15:38,42.4554901123047,-8.91908645629883,"Female"
"9004158",371991,2025-05-23 06:20:38,42.4560813903809,-8.92046451568604,"Female"
"9004158",371991,2025-05-23 06:25:39,42.4554748535156,-8.92148780822754,"Female"
"9004158",371991,2025-05-23 06:30:38,42.454833984375,-8.92207622528076,"Female"
"9004158",371991,2025-05-23 06:35:57,42.4541625976562,-8.92341423034668,"Female"
"9004158",371991,2025-05-23 06:40:55,42.4533500671387,-8.92360687255859,"Female"
"9004158",371991,2025-05-23 06:45:53,42.4526786804199,-8.92472457885742,"Female"
"9004158",371991,2025-05-23 06:50:54,42.4526138305664,-8.92447376251221,"Female"
"9004158",371991,2025-05-23 06:55:59,42.4531021118164,-8.92384243011475,"Female"
"9004158",371991,2025-05-23 07:00:59,42.4526786804199,-8.92284965515137,"Female"
"9004158",371991,2025-05-23 07:05:55,42.4524459838867,-8.92341899871826,"Female"
"9004158",371991,2025-05-23 07:10:57,42.4524269104004,-8.92389965057373,"Female"
"9004158",371991,2025-05-23 07:15:56,42.4529609680176,-8.92430019378662,"Female"
"9004158",371991,2025-05-23 07:20:58,42.4530563354492,-8.92320919036865,"Female"
"9004158",371991,2025-05-23 07:25:57,42.4519577026367,-8.92241382598877,"Female"
"9004158",371991,2025-05-23 07:30:57,42.4516296386719,-8.92117500305176,"Female"
"9004158",371991,2025-05-23 07:35:55,42.4547538757324,-8.91827964782715,"Female"
"9004158",371991,2025-05-23 07:40:56,42.4549980163574,-8.91889095306396,"Female"
"9004158",371991,2025-05-23 07:45:59,42.4549331665039,-8.91933917999268,"Female"
"9004158",371991,2025-05-23 07:50:55,42.4547424316406,-8.91824245452881,"Female"
"9004158",371991,2025-05-23 07:55:55,42.4547729492188,-8.91819858551025,"Female"
"9004158",371991,2025-05-23 08:00:57,42.4547538757324,-8.91812229156494,"Female"
"9004158",371991,2025-05-23 08:06:14,42.4548377990723,-8.91845893859863,"Female"
"9004158",371991,2025-05-23 08:10:55,42.4543495178223,-8.92099475860596,"Female"
"9004158",371991,2025-05-23 08:16:04,42.4519958496094,-8.9236011505127,"Female"
"9004158",371991,2025-05-23 08:20:57,42.451473236084,-8.92258930206299,"Female"
"9004158",371991,2025-05-23 08:26:11,42.4505615234375,-8.92223453521729,"Female"
"9004158",371991,2025-05-23 08:31:33,42.4509010314941,-8.9231595993042,"Female"
"9004158",371991,2025-05-23 08:36:33,42.4515609741211,-8.92325305938721,"Female"
"9004158",371991,2025-05-23 08:41:33,42.4512748718262,-8.92276287078857,"Female"
"9004158",371991,2025-05-23 08:46:40,42.4512786865234,-8.92275333404541,"Female"
"9004158",371991,2025-05-23 08:51:34,42.4513473510742,-8.92266750335693,"Female"
"9004158",371991,2025-05-23 08:56:34,42.4514312744141,-8.92276000976562,"Female"
"9004158",371991,2025-05-23 09:01:33,42.4511985778809,-8.92239856719971,"Female"
"9004158",371991,2025-05-23 09:06:33,42.4513206481934,-8.92222118377686,"Female"
"9004158",371991,2025-05-23 09:11:33,42.451244354248,-8.92179107666016,"Female"
"9004158",371991,2025-05-23 09:16:34,42.451244354248,-8.92245292663574,"Female"
"9004158",371991,2025-05-23 09:22:06,42.4518547058105,-8.92251110076904,"Female"
"9004158",371991,2025-05-23 09:27:34,42.4507217407227,-8.92269039154053,"Female"
"9004158",371991,2025-05-23 09:32:35,42.4506301879883,-8.92259311676025,"Female"
"9004158",371991,2025-05-23 09:37:41,42.4502105712891,-8.92317962646484,"Female"
"9004158",371991,2025-05-23 09:42:40,42.4522857666016,-8.9221305847168,"Female"
"9004158",371991,2025-05-23 09:47:40,42.4511260986328,-8.9226541519165,"Female"
"9004158",371991,2025-05-23 09:52:40,42.4510345458984,-8.92299556732178,"Female"
"9004158",371991,2025-05-23 09:57:40,42.4509544372559,-8.92311477661133,"Female"
"9004158",371991,2025-05-23 10:02:40,42.4509353637695,-8.92309665679932,"Female"
"9004158",371991,2025-05-23 10:07:40,42.4508476257324,-8.92319488525391,"Female"
"9004158",371991,2025-05-23 10:12:40,42.4507522583008,-8.92322444915771,"Female"
"9004158",371991,2025-05-23 10:17:40,42.4505157470703,-8.92351913452148,"Female"
"9004158",371991,2025-05-23 10:22:54,42.4508666992188,-8.92376232147217,"Female"
"9004158",371991,2025-05-23 10:27:49,42.452018737793,-8.92381954193115,"Female"
"9004158",371991,2025-05-23 10:32:49,42.4521713256836,-8.92420959472656,"Female"
"9004158",371991,2025-05-23 10:37:49,42.4516487121582,-8.92454719543457,"Female"
"9004158",371991,2025-05-23 10:42:49,42.4521789550781,-8.92420959472656,"Female"
"9004158",371991,2025-05-23 10:48:44,42.4526138305664,-8.92373180389404,"Female"
"9004158",371991,2025-05-23 10:53:21,42.452938079834,-8.92360019683838,"Female"
"9004158",371991,2025-05-23 10:58:21,42.4526252746582,-8.92433643341064,"Female"
"9004158",371991,2025-05-23 11:03:31,42.451847076416,-8.92426586151123,"Female"
"9004158",371991,2025-05-23 11:08:31,42.4510459899902,-8.92416954040527,"Female"
"9004158",371991,2025-05-23 11:13:30,42.4509658813477,-8.92416763305664,"Female"
"9004158",371991,2025-05-23 11:21:49,42.4511413574219,-8.92437744140625,"Female"
"9004158",371991,2025-05-23 11:26:49,42.4067802429199,-8.92130279541016,"Female"
"9004158",371991,2025-05-23 11:32:01,42.399169921875,-8.91999053955078,"Female"
"9004158",371991,2025-05-23 11:36:51,42.3987007141113,-8.92088317871094,"Female"
"9004158",371991,2025-05-23 11:41:51,42.399040222168,-8.92093944549561,"Female"
"9004158",371991,2025-05-23 11:47:03,42.4008140563965,-8.92174911499023,"Female"
"9004158",371991,2025-05-23 11:51:55,42.3993644714355,-8.92172050476074,"Female"
"9004158",371991,2025-05-23 11:56:51,42.3985557556152,-8.92191219329834,"Female"
"9004158",371991,2025-05-23 12:01:51,42.3986358642578,-8.92196655273438,"Female"
"9004158",371991,2025-05-23 12:06:49,42.3990936279297,-8.92181968688965,"Female"
"9004158",371991,2025-05-23 12:11:50,42.3991966247559,-8.92179489135742,"Female"
"9004158",371991,2025-05-23 12:16:50,42.3989448547363,-8.92171955108643,"Female"
"9004158",371991,2025-05-23 12:21:53,42.3988304138184,-8.92181873321533,"Female"
"9004158",371991,2025-05-23 12:26:49,42.3989906311035,-8.92188739776611,"Female"
"9004158",371991,2025-05-23 12:31:49,42.3991470336914,-8.92178058624268,"Female"
"9004158",371991,2025-05-23 12:36:52,42.3989562988281,-8.92154693603516,"Female"
"9004158",371991,2025-05-23 12:41:49,42.3992118835449,-8.92162799835205,"Female"
"9004158",371991,2025-05-23 12:46:51,42.3999671936035,-8.92091178894043,"Female"
"9004158",371991,2025-05-23 12:51:49,42.3991966247559,-8.92148971557617,"Female"
"9004158",371991,2025-05-23 12:56:50,42.3993492126465,-8.92148017883301,"Female"
"9004158",371991,2025-05-23 13:01:50,42.3992538452148,-8.92152500152588,"Female"
"9004158",371991,2025-05-23 13:06:49,42.3992004394531,-8.92145824432373,"Female"
"9004158",371991,2025-05-23 13:11:50,42.3990097045898,-8.92117595672607,"Female"
"9004158",371991,2025-05-23 13:16:49,42.3991432189941,-8.92127990722656,"Female"
"9004158",371991,2025-05-23 13:22:23,42.3992118835449,-8.92118167877197,"Female"
"9004158",371991,2025-05-23 13:26:49,42.3991432189941,-8.92119407653809,"Female"
"9004158",371991,2025-05-23 13:31:49,42.3991813659668,-8.92118072509766,"Female"
"9004158",371991,2025-05-23 13:36:48,42.3991165161133,-8.9210147857666,"Female"
"9004158",371991,2025-05-23 13:41:49,42.4161376953125,-8.91974639892578,"Female"
"9004158",371991,2025-05-23 13:46:49,42.4289207458496,-8.92014312744141,"Female"
"9004158",371991,2025-05-23 13:51:49,42.4480934143066,-8.92069244384766,"Female"
"9004158",371991,2025-05-23 13:56:52,42.4510459899902,-8.92241191864014,"Female"
"9004158",371991,2025-05-23 14:01:50,42.4510917663574,-8.92211151123047,"Female"
"9004158",371991,2025-05-23 14:06:50,42.4514198303223,-8.92238330841064,"Female"
"9004158",371991,2025-05-23 14:11:50,42.4513893127441,-8.92232227325439,"Female"
"9004158",371991,2025-05-23 14:16:50,42.4513664245605,-8.92236232757568,"Female"
"9004158",371991,2025-05-23 14:21:51,42.4514541625977,-8.92236614227295,"Female"
"9004158",371991,2025-05-23 14:26:50,42.4516296386719,-8.92233943939209,"Female"
"9004158",371991,2025-05-23 14:31:50,42.4516830444336,-8.92247676849365,"Female"
"9004158",371991,2025-05-23 14:36:50,42.4518547058105,-8.92252254486084,"Female"
"9004158",371991,2025-05-23 14:41:50,42.4512252807617,-8.92220020294189,"Female"
"9004158",371991,2025-05-23 14:46:51,42.4512519836426,-8.92212295532227,"Female"
"9004158",371991,2025-05-23 14:51:50,42.4523582458496,-8.92278385162354,"Female"
"9004158",371991,2025-05-23 14:57:23,42.4524421691895,-8.92412853240967,"Female"
"9004158",371991,2025-05-23 15:02:24,42.4523124694824,-8.92397212982178,"Female"
"9004158",371991,2025-05-23 15:07:30,42.4544830322266,-8.92337703704834,"Female"
"9004158",371991,2025-05-23 15:12:37,42.4537467956543,-8.92333221435547,"Female"
"9004158",371991,2025-05-23 15:18:05,42.4547157287598,-8.92319011688232,"Female"
"9004158",371991,2025-05-23 15:22:42,42.4552230834961,-8.92237281799316,"Female"
"9004158",371991,2025-05-23 15:27:30,42.4557571411133,-8.9211483001709,"Female"
"9004158",371991,2025-05-23 15:32:30,42.4553375244141,-8.92149066925049,"Female"
"9004158",371991,2025-05-23 15:37:29,42.4553489685059,-8.92150592803955,"Female"
"9004158",371991,2025-05-23 15:42:30,42.4553680419922,-8.92148971557617,"Female"
"9004158",371991,2025-05-23 15:47:30,42.4553680419922,-8.92152118682861,"Female"
"9004158",371991,2025-05-23 15:52:30,42.4553146362305,-8.92154312133789,"Female"
"9004158",371991,2025-05-23 15:57:29,42.4553260803223,-8.92152500152588,"Female"
"9004158",371991,2025-05-23 16:02:30,42.4553184509277,-8.92153930664062,"Female"
"9004158",371991,2025-05-23 16:07:31,42.4553146362305,-8.92158985137939,"Female"
"9004158",371991,2025-05-23 16:12:31,42.4552726745605,-8.92155933380127,"Female"
"9004158",371991,2025-05-23 16:17:31,42.4552764892578,-8.92155456542969,"Female"
"9004158",371991,2025-05-23 16:22:31,42.4552993774414,-8.92156410217285,"Female"
"9004158",371991,2025-05-23 16:27:40,42.4549980163574,-8.92163944244385,"Female"
"9004158",371991,2025-05-23 16:33:09,42.4536323547363,-8.9215669631958,"Female"
"9004158",371991,2025-05-23 16:38:30,42.4523544311523,-8.92068767547607,"Female"
"9004158",371991,2025-05-23 16:44:07,42.4518089294434,-8.91976547241211,"Female"
"9004158",371991,2025-05-23 16:49:31,42.4520301818848,-8.92040061950684,"Female"
"9004158",371991,2025-05-23 16:54:32,42.4519309997559,-8.92012310028076,"Female"
"9004158",371991,2025-05-23 16:59:31,42.4520072937012,-8.92013168334961,"Female"
"9004158",371991,2025-05-23 17:04:30,42.4520149230957,-8.9202127456665,"Female"
"9004158",371991,2025-05-23 17:09:31,42.452018737793,-8.92010498046875,"Female"
"9004158",371991,2025-05-23 17:14:38,42.4521789550781,-8.92014122009277,"Female"
"9004158",371991,2025-05-23 17:19:30,42.4519958496094,-8.9202241897583,"Female"
"9004158",371991,2025-05-23 17:24:30,42.4523048400879,-8.92026233673096,"Female"
"9004158",371991,2025-05-23 17:29:30,42.4522972106934,-8.920241355896,"Female"
"9004158",371991,2025-05-23 17:34:38,42.4523963928223,-8.92377662658691,"Female"
"9004158",371991,2025-05-23 17:39:45,42.4519577026367,-8.92377376556396,"Female"
"9004158",371991,2025-05-23 17:45:06,42.4515037536621,-8.92299938201904,"Female"
"9004158",371991,2025-05-23 17:50:25,42.4511756896973,-8.92240333557129,"Female"
"9004158",371991,2025-05-23 17:56:14,42.4514694213867,-8.92292785644531,"Female"
"9004158",371991,2025-05-23 18:00:53,42.4513168334961,-8.92340278625488,"Female"
"9004158",371991,2025-05-23 18:05:53,42.4513206481934,-8.9234094619751,"Female"
"9004158",371991,2025-05-23 18:10:53,42.4202766418457,-8.92200565338135,"Female"
"9004158",371991,2025-05-23 18:16:53,42.3990631103516,-8.92137336730957,"Female"
"9004158",371991,2025-05-23 18:21:00,42.3999710083008,-8.92245578765869,"Female"
"9004158",371991,2025-05-23 18:26:00,42.3998107910156,-8.92218112945557,"Female"
"9004158",371991,2025-05-23 18:31:06,42.3993492126465,-8.92263698577881,"Female"
"9004158",371991,2025-05-23 18:36:00,42.3994064331055,-8.92235469818115,"Female"
"9004158",371991,2025-05-23 18:41:00,42.3998184204102,-8.92258071899414,"Female"
"9004158",371991,2025-05-23 18:46:00,42.3993186950684,-8.92253684997559,"Female"
"9004158",371991,2025-05-23 18:51:00,42.3990821838379,-8.92250919342041,"Female"
"9004158",371991,2025-05-23 18:56:09,42.3999099731445,-8.92223262786865,"Female"
"9004158",371991,2025-05-23 19:00:59,42.3990478515625,-8.92217254638672,"Female"
"9004158",371991,2025-05-23 19:05:55,42.3978843688965,-8.9251594543457,"Female"
"9004158",371991,2025-05-23 19:11:04,42.3985328674316,-8.92336845397949,"Female"
"9004158",371991,2025-05-23 19:16:05,42.3989601135254,-8.92385768890381,"Female"
"9004158",371991,2025-05-23 19:21:05,42.3990516662598,-8.92385959625244,"Female"
"9004158",371991,2025-05-23 19:26:16,42.3987045288086,-8.92351627349854,"Female"
"9004158",371991,2025-05-23 19:30:58,42.4009628295898,-8.92046451568604,"Female"
"9004158",371991,2025-05-23 19:35:57,42.4006271362305,-8.9207935333252,"Female"
"9004158",371991,2025-05-23 19:40:57,42.400447845459,-8.92087745666504,"Female"
"9004158",371991,2025-05-23 19:45:57,42.399959564209,-8.92117595672607,"Female"
"9004158",371991,2025-05-23 19:50:57,42.3999214172363,-8.92136478424072,"Female"
"9004158",371991,2025-05-23 19:55:58,42.4000701904297,-8.92109394073486,"Female"
"9004158",371991,2025-05-23 20:00:54,42.4001274108887,-8.92135810852051,"Female"
"9004158",371991,2025-05-23 20:05:58,42.3996429443359,-8.92200946807861,"Female"
"9004158",371991,2025-05-23 20:10:53,42.399787902832,-8.92164325714111,"Female"
"9004158",371991,2025-05-23 20:15:55,42.4001617431641,-8.92143821716309,"Female"
"9004158",371991,2025-05-23 20:20:56,42.4001083374023,-8.92187213897705,"Female"
"9004158",371991,2025-05-23 20:25:54,42.4000282287598,-8.92188167572021,"Female"
"9004158",371991,2025-05-23 20:30:58,42.4002952575684,-8.92177104949951,"Female"
"9004158",371991,2025-05-23 20:36:10,42.3998527526855,-8.92249965667725,"Female"
"9004158",371991,2025-05-23 20:40:56,42.4000854492188,-8.92242527008057,"Female"
"9004158",371991,2025-05-23 20:45:59,42.3998794555664,-8.92237663269043,"Female"
"9004158",371991,2025-05-23 20:51:01,42.3999290466309,-8.92264461517334,"Female"
"9004158",371991,2025-05-23 20:56:00,42.3999824523926,-8.92281723022461,"Female"
"9004158",371991,2025-05-23 21:00:56,42.4008178710938,-8.92541980743408,"Female"
"9004158",371991,2025-05-23 21:06:00,42.4004173278809,-8.92286968231201,"Female"
"9004158",371991,2025-05-23 21:10:58,42.4006576538086,-8.92329025268555,"Female"
"9004158",371991,2025-05-23 21:16:07,42.3994560241699,-8.92262172698975,"Female"
"9004158",371991,2025-05-23 21:20:58,42.3993797302246,-8.92313098907471,"Female"
"9004158",371991,2025-05-23 21:26:03,42.3982315063477,-8.92205333709717,"Female"
"9004158",371991,2025-05-23 21:31:06,42.3982162475586,-8.92267227172852,"Female"
"9004158",371991,2025-05-23 21:35:57,42.3981170654297,-8.92418098449707,"Female"
"9004158",371991,2025-05-23 21:42:18,42.399169921875,-8.92206954956055,"Female"
"9004158",371991,2025-05-23 21:47:18,42.3992385864258,-8.92210865020752,"Female"
"9004158",371991,2025-05-23 21:51:18,42.3992004394531,-8.92211627960205,"Female"
"9004158",371991,2025-05-23 21:55:59,42.3991241455078,-8.9221019744873,"Female"
"9004158",371991,2025-05-23 22:00:57,42.3992195129395,-8.92204284667969,"Female"
"9004158",371991,2025-05-23 22:05:55,42.3993797302246,-8.92202091217041,"Female"
"9004158",371991,2025-05-23 22:10:56,42.3992576599121,-8.92195510864258,"Female"
"9004158",371991,2025-05-23 22:15:57,42.3993606567383,-8.92203521728516,"Female"
"9004158",371991,2025-05-23 22:20:59,42.3993072509766,-8.92192649841309,"Female"
"9004158",371991,2025-05-23 22:25:58,42.3993034362793,-8.9219856262207,"Female"
"9004158",371991,2025-05-23 22:30:56,42.3992805480957,-8.92197227478027,"Female"
"9004158",371991,2025-05-23 22:35:56,42.3995094299316,-8.92189407348633,"Female"
"9004158",371991,2025-05-23 22:40:54,42.3995704650879,-8.92180347442627,"Female"
"9004158",371991,2025-05-23 22:45:57,42.3995552062988,-8.92195320129395,"Female"
"9004158",371991,2025-05-23 22:50:56,42.3994750976562,-8.92189502716064,"Female"
"9004158",371991,2025-05-23 22:55:57,42.399528503418,-8.92196464538574,"Female"
"9004158",371991,2025-05-23 23:00:56,42.3995704650879,-8.92202281951904,"Female"
"9004158",371991,2025-05-23 23:05:58,42.3995246887207,-8.9218578338623,"Female"
"9004158",371991,2025-05-23 23:10:59,42.3994979858398,-8.92179203033447,"Female"
"9004158",371991,2025-05-23 23:15:57,42.3995094299316,-8.92195606231689,"Female"
"9004158",371991,2025-05-23 23:20:57,42.399486541748,-8.92173099517822,"Female"
"9004158",371991,2025-05-23 23:26:00,42.3994750976562,-8.92185306549072,"Female"
"9004158",371991,2025-05-23 23:31:24,42.3994331359863,-8.92189311981201,"Female"
"9004158",371991,2025-05-23 23:35:58,42.3996620178223,-8.9218225479126,"Female"
"9004158",371991,2025-05-23 23:41:10,42.3995666503906,-8.92191028594971,"Female"
"9004158",371991,2025-05-23 23:45:57,42.3994140625,-8.92171859741211,"Female"
"9004158",371991,2025-05-23 23:50:58,42.399730682373,-8.92182445526123,"Female"
"9004158",371991,2025-05-23 23:55:59,42.3996353149414,-8.92172718048096,"Female"
"9004158",371991,2025-05-24 00:00:56,42.3996162414551,-8.92173290252686,"Female"
"9004158",371991,2025-05-24 00:06:08,42.4014778137207,-8.92173767089844,"Female"
"9004158",371991,2025-05-24 00:10:58,42.3998870849609,-8.92193794250488,"Female"
"9004158",371991,2025-05-24 00:15:58,42.401496887207,-8.92225742340088,"Female"
"9004158",371991,2025-05-24 00:21:04,42.4005661010742,-8.92171764373779,"Female"
"9004158",371991,2025-05-24 00:26:05,42.4004287719727,-8.92195224761963,"Female"
"9004158",371991,2025-05-24 00:31:06,42.3992118835449,-8.92164325714111,"Female"
"9004158",371991,2025-05-24 00:36:09,42.3993797302246,-8.92164325714111,"Female"
"9004158",371991,2025-05-24 00:41:00,42.3991737365723,-8.92147731781006,"Female"
"9004158",371991,2025-05-24 00:46:00,42.4004287719727,-8.92242813110352,"Female"
"9004158",371991,2025-05-24 00:51:06,42.3994674682617,-8.92195510864258,"Female"
"9004158",371991,2025-05-24 00:57:18,42.3991279602051,-8.92212104797363,"Female"
"9004158",371991,2025-05-24 01:01:11,42.3988418579102,-8.92211437225342,"Female"
"9004158",371991,2025-05-24 01:05:59,42.3991737365723,-8.92210388183594,"Female"
"9004158",371991,2025-05-24 01:11:00,42.3992156982422,-8.92201900482178,"Female"
"9004158",371991,2025-05-24 01:16:01,42.3990821838379,-8.92203617095947,"Female"
"9004158",371991,2025-05-24 01:21:07,42.3993873596191,-8.92198657989502,"Female"
"9004158",371991,2025-05-24 01:26:01,42.399543762207,-8.92211723327637,"Female"
"9004158",371991,2025-05-24 01:31:15,42.399299621582,-8.92213535308838,"Female"
"9004158",371991,2025-05-24 01:36:09,42.3994102478027,-8.9222469329834,"Female"
"9004158",371991,2025-05-24 01:41:09,42.3994750976562,-8.92237186431885,"Female"
"9004158",371991,2025-05-24 01:46:04,42.3991622924805,-8.92185497283936,"Female"
"9004158",371991,2025-05-24 01:51:07,42.3993835449219,-8.92216396331787,"Female"
"9004158",371991,2025-05-24 02:01:09,42.3992385864258,-8.92199516296387,"Female"
"9004158",371991,2025-05-24 02:06:06,42.3991470336914,-8.92208099365234,"Female"
"9004158",371991,2025-05-24 02:11:12,42.398998260498,-8.9220027923584,"Female"
"9004158",371991,2025-05-24 02:16:08,42.3991622924805,-8.92207908630371,"Female"
"9004158",371991,2025-05-24 02:21:33,42.3986625671387,-8.92179870605469,"Female"
"9004158",371991,2025-05-24 02:25:57,42.3990516662598,-8.921799659729,"Female"
"9004158",371991,2025-05-24 02:31:04,42.4010543823242,-8.92307949066162,"Female"
"9004158",371991,2025-05-24 02:36:06,42.4009895324707,-8.92306423187256,"Female"
"9004158",371991,2025-05-24 02:40:55,42.4008407592773,-8.92309474945068,"Female"
"9004158",371991,2025-05-24 02:45:57,42.401195526123,-8.92338371276855,"Female"
"9004158",371991,2025-05-24 02:51:00,42.4012756347656,-8.92343807220459,"Female"
"9004158",371991,2025-05-24 02:55:57,42.4008598327637,-8.92340850830078,"Female"
"9004158",371991,2025-05-24 03:01:04,42.3999938964844,-8.9227933883667,"Female"
"9004158",371991,2025-05-24 03:06:07,42.4000358581543,-8.92284488677979,"Female"
"9004158",371991,2025-05-24 03:11:02,42.4011039733887,-8.92387866973877,"Female"
"9004158",371991,2025-05-24 03:16:06,42.3997802734375,-8.9222936630249,"Female"
"9004158",371991,2025-05-24 03:21:06,42.3999557495117,-8.92243194580078,"Female"
"9004158",371991,2025-05-24 03:26:06,42.4002456665039,-8.9222469329834,"Female"
"9004158",371991,2025-05-24 03:32:15,42.400447845459,-8.92225456237793,"Female"
"9004158",371991,2025-05-24 03:36:08,42.400074005127,-8.92235946655273,"Female"
"9004158",371991,2025-05-24 03:40:59,42.4001579284668,-8.9222354888916,"Female"
"9004158",371991,2025-05-24 03:46:05,42.4002113342285,-8.9223747253418,"Female"
"9004158",371991,2025-05-24 03:52:14,42.3998069763184,-8.92223072052002,"Female"
"9004158",371991,2025-05-24 03:56:50,42.3997001647949,-8.9223804473877,"Female"
"9004158",371991,2025-05-24 04:01:53,42.3994522094727,-8.9221887588501,"Female"
"9004158",371991,2025-05-24 04:05:58,42.3989791870117,-8.92174053192139,"Female"
"9004158",371991,2025-05-24 04:10:58,42.3991088867188,-8.92146015167236,"Female"
"9004158",371991,2025-05-24 04:15:56,42.3988876342773,-8.92188835144043,"Female"
"9004158",371991,2025-05-24 04:20:58,42.398567199707,-8.92142963409424,"Female"
"9004158",371991,2025-05-24 04:25:57,42.3990783691406,-8.92181873321533,"Female"
"9004158",371991,2025-05-24 04:30:58,42.3994445800781,-8.92227745056152,"Female"
"9004158",371991,2025-05-24 04:35:58,42.399356842041,-8.92208099365234,"Female"
"9004158",371991,2025-05-24 04:40:57,42.3986778259277,-8.92166709899902,"Female"
"9004158",371991,2025-05-24 04:45:58,42.399528503418,-8.92241668701172,"Female"
"9004158",371991,2025-05-24 04:51:05,42.3995018005371,-8.92231941223145,"Female"
"9004158",371991,2025-05-24 04:56:06,42.3995132446289,-8.92253017425537,"Female"
"9004158",371991,2025-05-24 05:01:03,42.3995742797852,-8.92269515991211,"Female"
"9004158",371991,2025-05-24 05:06:04,42.399299621582,-8.92241287231445,"Female"
"9004158",371991,2025-05-24 05:11:32,42.3993530273438,-8.92218208312988,"Female"
"9004158",371991,2025-05-24 05:15:53,42.4134063720703,-8.92172622680664,"Female"
"9004158",371991,2025-05-24 05:20:53,42.4364433288574,-8.92235565185547,"Female"
"9004158",371991,2025-05-24 05:26:18,42.4520645141602,-8.9203405380249,"Female"
"9004158",371991,2025-05-24 05:31:17,42.4526138305664,-8.92080497741699,"Female"
"9004158",371991,2025-05-24 05:36:17,42.4547882080078,-8.91987609863281,"Female"
"9004158",371991,2025-05-24 05:41:32,42.4552536010742,-8.9196195602417,"Female"
"9004158",371991,2025-05-24 05:46:53,42.4555358886719,-8.92006301879883,"Female"
"9004158",371991,2025-05-24 05:52:01,42.455265045166,-8.91873836517334,"Female"
"9004158",371991,2025-05-24 05:56:59,42.4552841186523,-8.91868495941162,"Female"
"9004158",371991,2025-05-24 06:01:58,42.455005645752,-8.91891384124756,"Female"
"9004158",371991,2025-05-24 06:06:58,42.4550132751465,-8.91891765594482,"Female"
"9004158",371991,2025-05-24 06:11:58,42.4550018310547,-8.91909313201904,"Female"
"9004158",371991,2025-05-24 06:16:58,42.4550399780273,-8.91918277740479,"Female"
"9004158",371991,2025-05-24 06:21:58,42.4546699523926,-8.91872692108154,"Female"
"9004158",371991,2025-05-24 06:26:58,42.4547653198242,-8.91878223419189,"Female"
"9004158",371991,2025-05-24 06:31:58,42.454704284668,-8.91874694824219,"Female"
"9004158",371991,2025-05-24 06:36:58,42.454719543457,-8.91884899139404,"Female"
"9004158",371991,2025-05-24 06:41:58,42.4546699523926,-8.91874694824219,"Female"
"9004158",371991,2025-05-24 06:47:24,42.4548225402832,-8.91905212402344,"Female"
"9004158",371991,2025-05-24 06:52:17,42.4546775817871,-8.91996097564697,"Female"
"9004158",371991,2025-05-24 06:57:18,42.4548377990723,-8.91926860809326,"Female"
"9004158",371991,2025-05-24 07:02:19,42.4548797607422,-8.91928100585938,"Female"
"9004158",371991,2025-05-24 07:07:30,42.4546508789062,-8.9187479019165,"Female"
"9004158",371991,2025-05-24 07:12:21,42.4546852111816,-8.91887664794922,"Female"
"9004158",371991,2025-05-24 07:17:22,42.4544677734375,-8.91833591461182,"Female"
"9004158",371991,2025-05-24 07:22:17,42.454906463623,-8.91936874389648,"Female"
"9004158",371991,2025-05-24 07:27:17,42.4549827575684,-8.91949939727783,"Female"
"9004158",371991,2025-05-24 07:32:17,42.4549331665039,-8.91947650909424,"Female"
"9004158",371991,2025-05-24 07:37:24,42.4164009094238,-8.92030048370361,"Female"
"9004158",371991,2025-05-24 07:43:02,42.3987922668457,-8.92081546783447,"Female"
"9004158",371991,2025-05-24 07:47:25,42.3992462158203,-8.92178153991699,"Female"
"9004158",371991,2025-05-24 07:52:17,42.3989028930664,-8.9209508895874,"Female"
"9004158",371991,2025-05-24 07:57:19,42.3988075256348,-8.92077255249023,"Female"
"9004158",371991,2025-05-24 08:02:17,42.3988265991211,-8.92102527618408,"Female"
"9004158",371991,2025-05-24 08:07:17,42.398868560791,-8.92102813720703,"Female"
"9004158",371991,2025-05-24 08:12:18,42.399169921875,-8.92114543914795,"Female"
"9004158",371991,2025-05-24 08:17:30,42.3988838195801,-8.92106628417969,"Female"
"9004158",371991,2025-05-24 08:22:31,42.3989524841309,-8.9211950302124,"Female"
"9004158",371991,2025-05-24 08:28:29,42.3990287780762,-8.92083740234375,"Female"
"9004158",371991,2025-05-24 08:32:50,42.3991394042969,-8.92086887359619,"Female"
"9004158",371991,2025-05-24 08:37:25,42.3993186950684,-8.9207878112793,"Female"
"9004158",371991,2025-05-24 08:42:53,42.3992614746094,-8.92117214202881,"Female"
"9004158",371991,2025-05-24 08:47:21,42.3996276855469,-8.92109966278076,"Female"
"9004158",371991,2025-05-24 08:52:30,42.3993225097656,-8.92123126983643,"Female"
"9004158",371991,2025-05-24 08:57:21,42.3998260498047,-8.92109680175781,"Female"
"9004158",371991,2025-05-24 09:02:30,42.399471282959,-8.92169094085693,"Female"
"9004158",371991,2025-05-24 09:07:53,42.3990783691406,-8.92150592803955,"Female"
"9004158",371991,2025-05-24 09:12:34,42.3985748291016,-8.92159461975098,"Female"
"9004158",371991,2025-05-24 09:17:17,42.3990821838379,-8.92143726348877,"Female"
"9004158",371991,2025-05-24 09:22:17,42.398624420166,-8.92155838012695,"Female"
"9004158",371991,2025-05-24 09:27:17,42.3990783691406,-8.92142200469971,"Female"
"9004158",371991,2025-05-24 09:32:17,42.3991889953613,-8.92110729217529,"Female"
"9004158",371991,2025-05-24 09:37:27,42.3992004394531,-8.92099952697754,"Female"
"9004158",371991,2025-05-24 09:42:44,42.3992042541504,-8.92108821868896,"Female"
"9004158",371991,2025-05-24 09:47:17,42.399097442627,-8.92112731933594,"Female"
"9004158",371991,2025-05-24 09:52:30,42.3990325927734,-8.92097568511963,"Female"
"9004158",371991,2025-05-24 09:57:17,42.3992080688477,-8.92130947113037,"Female"
"9004158",371991,2025-05-24 10:02:19,42.3990859985352,-8.92136287689209,"Female"
"9004158",371991,2025-05-24 10:07:21,42.3988838195801,-8.92114543914795,"Female"
"9004158",371991,2025-05-24 10:12:18,42.3993606567383,-8.92179679870605,"Female"
"9004158",371991,2025-05-24 10:17:19,42.3989791870117,-8.92105484008789,"Female"
"9004158",371991,2025-05-24 10:22:18,42.3988914489746,-8.92105388641357,"Female"
"9004158",371991,2025-05-24 10:27:19,42.4034996032715,-8.92012977600098,"Female"
"9004158",371991,2025-05-24 10:32:17,42.429328918457,-8.91859531402588,"Female"
"9004158",371991,2025-05-24 10:37:17,42.4524612426758,-8.92314434051514,"Female"
"9004158",371991,2025-05-24 10:42:17,42.4521980285645,-8.92247676849365,"Female"
"9004158",371991,2025-05-24 10:47:17,42.4529991149902,-8.9231014251709,"Female"
"9004158",371991,2025-05-24 10:52:29,42.4539451599121,-8.92372608184814,"Female"
"9004158",371991,2025-05-24 10:57:29,42.45361328125,-8.92321872711182,"Female"
"9004158",371991,2025-05-24 11:02:30,42.4536895751953,-8.92338752746582,"Female"
"9004158",371991,2025-05-24 11:07:29,42.4538269042969,-8.9234676361084,"Female"
"9004158",371991,2025-05-24 11:12:29,42.4538650512695,-8.92346382141113,"Female"
"9004158",371991,2025-05-24 11:17:29,42.4538154602051,-8.9232873916626,"Female"
"9004158",371991,2025-05-24 11:22:29,42.453857421875,-8.9234790802002,"Female"
"9004158",371991,2025-05-24 11:27:29,42.4538040161133,-8.92332172393799,"Female"
"9004158",371991,2025-05-24 11:32:31,42.4537773132324,-8.92331981658936,"Female"
"9004158",371991,2025-05-24 11:37:37,42.4540863037109,-8.92300891876221,"Female"
"9004158",371991,2025-05-24 11:42:53,42.454345703125,-8.92367649078369,"Female"
"9004158",371991,2025-05-24 11:47:52,42.4543876647949,-8.92411994934082,"Female"
"9004158",371991,2025-05-24 11:52:52,42.4535140991211,-8.92469215393066,"Female"
"9004158",371991,2025-05-24 11:58:09,42.4525299072266,-8.92515468597412,"Female"
"9004158",371991,2025-05-24 12:03:30,42.4522247314453,-8.92709541320801,"Female"
"9004158",371991,2025-05-24 12:08:31,42.4525260925293,-8.92824268341064,"Female"
"9004158",371991,2025-05-24 12:13:30,42.452262878418,-8.92761993408203,"Female"
"9004158",371991,2025-05-24 12:18:30,42.4519958496094,-8.92544555664062,"Female"
"9004158",371991,2025-05-24 12:23:31,42.4534873962402,-8.92471218109131,"Female"
"9004158",371991,2025-05-24 12:28:31,42.4537544250488,-8.92375946044922,"Female"
"9004158",371991,2025-05-24 12:33:30,42.453426361084,-8.92278861999512,"Female"
"9004158",371991,2025-05-24 12:38:30,42.4540786743164,-8.9234676361084,"Female"
"9004158",371991,2025-05-24 12:43:30,42.4538307189941,-8.92339706420898,"Female"
"9004158",371991,2025-05-24 12:48:38,42.45361328125,-8.92450714111328,"Female"
"9004158",371991,2025-05-24 12:53:48,42.452507019043,-8.92453861236572,"Female"
"9004158",371991,2025-05-24 12:58:30,42.452465057373,-8.92446231842041,"Female"
"9004158",371991,2025-05-24 13:03:30,42.452449798584,-8.92428684234619,"Female"
"9004158",371991,2025-05-24 13:08:30,42.4523773193359,-8.92419624328613,"Female"
"9004158",371991,2025-05-24 13:13:31,42.4524536132812,-8.92448616027832,"Female"
"9004158",371991,2025-05-24 13:18:30,42.452392578125,-8.92439556121826,"Female"
"9004158",371991,2025-05-24 13:23:30,42.452335357666,-8.92423629760742,"Female"
"9004158",371991,2025-05-24 13:28:30,42.4524002075195,-8.92459774017334,"Female"
"9004158",371991,2025-05-24 13:33:30,42.4523544311523,-8.92443752288818,"Female"
"9004158",371991,2025-05-24 13:38:50,42.4521675109863,-8.92513751983643,"Female"
"9004158",371991,2025-05-24 13:43:47,42.4525451660156,-8.92423439025879,"Female"
"9004158",371991,2025-05-24 13:48:47,42.4526634216309,-8.92424011230469,"Female"
"9004158",371991,2025-05-24 13:54:30,42.452392578125,-8.92460155487061,"Female"
"9004158",371991,2025-05-24 13:59:03,42.4524765014648,-8.92425918579102,"Female"
"9004158",371991,2025-05-24 14:04:03,42.453239440918,-8.92377281188965,"Female"
"9004158",371991,2025-05-24 14:09:03,42.4537315368652,-8.92304515838623,"Female"
"9004158",371991,2025-05-24 14:14:19,42.4541625976562,-8.92289924621582,"Female"
"9004158",371991,2025-05-24 14:19:18,42.4549522399902,-8.92259311676025,"Female"
"9004158",371991,2025-05-24 14:24:18,42.4550971984863,-8.92225933074951,"Female"
"9004158",371991,2025-05-24 14:29:25,42.4558486938477,-8.9218225479126,"Female"
"9004158",371991,2025-05-24 14:34:22,42.4557189941406,-8.91949367523193,"Female"
"9004158",371991,2025-05-24 14:39:25,42.4552803039551,-8.91935157775879,"Female"
"9004158",371991,2025-05-24 14:44:23,42.4570770263672,-8.91974353790283,"Female"
"9004158",371991,2025-05-24 14:49:21,42.4569664001465,-8.92027378082275,"Female"
"9004158",371991,2025-05-24 14:54:22,42.4566383361816,-8.92042922973633,"Female"
"9004158",371991,2025-05-24 14:59:22,42.4567947387695,-8.92053031921387,"Female"
"9004158",371991,2025-05-24 15:04:21,42.4567680358887,-8.92033672332764,"Female"
"9004158",371991,2025-05-24 15:09:21,42.4566955566406,-8.92026329040527,"Female"
"9004158",371991,2025-05-24 15:14:22,42.4572525024414,-8.92030620574951,"Female"
"9004158",371991,2025-05-24 15:19:46,42.4561996459961,-8.92158126831055,"Female"
"9004158",371991,2025-05-24 15:24:45,42.4559860229492,-8.92111968994141,"Female"
"9004158",371991,2025-05-24 15:29:47,42.4563941955566,-8.9201831817627,"Female"
"9004158",371991,2025-05-24 15:34:56,42.4573059082031,-8.91928005218506,"Female"
"9004158",371991,2025-05-24 15:39:55,42.4567375183105,-8.91930198669434,"Female"
"9004158",371991,2025-05-24 15:44:55,42.4386177062988,-8.91918849945068,"Female"
"9004158",371991,2025-05-24 15:49:56,42.4005508422852,-8.92199420928955,"Female"
"9004158",371991,2025-05-24 15:55:29,42.3990249633789,-8.92124366760254,"Female"
"9004158",371991,2025-05-24 15:59:55,42.3989906311035,-8.92128944396973,"Female"
"9004158",371991,2025-05-24 16:04:54,42.3989295959473,-8.92118835449219,"Female"
"9004158",371991,2025-05-24 16:09:56,42.3989295959473,-8.92120361328125,"Female"
"9004158",371991,2025-05-24 16:14:56,42.3990783691406,-8.9212532043457,"Female"
"9004158",371991,2025-05-24 16:19:56,42.3989906311035,-8.92121028900146,"Female"
"9004158",371991,2025-05-24 16:24:56,42.3990440368652,-8.92121410369873,"Female"
"9004158",371991,2025-05-24 16:29:56,42.3989868164062,-8.92126655578613,"Female"
"9004158",371991,2025-05-24 16:34:56,42.3990669250488,-8.92130565643311,"Female"
"9004158",371991,2025-05-24 16:39:56,42.3990631103516,-8.92130088806152,"Female"
"9004158",371991,2025-05-24 16:44:56,42.3990592956543,-8.92134094238281,"Female"
"9004158",371991,2025-05-24 16:49:56,42.4111404418945,-8.91821765899658,"Female"
"9004158",371991,2025-05-24 16:54:56,42.4409408569336,-8.91823959350586,"Female"
"9004158",371991,2025-05-24 16:59:55,42.4523887634277,-8.92288494110107,"Female"
"9004158",371991,2025-05-24 17:05:14,42.4517135620117,-8.92281055450439,"Female"
"9004158",371991,2025-05-24 17:10:15,42.4510459899902,-8.92238235473633,"Female"
"9004158",371991,2025-05-24 17:15:53,42.4514427185059,-8.92275238037109,"Female"
"9004158",371991,2025-05-24 17:21:45,42.4509963989258,-8.9216194152832,"Female"
"9004158",371991,2025-05-24 17:26:38,42.4520263671875,-8.92368793487549,"Female"
"9004158",371991,2025-05-24 17:31:39,42.4524383544922,-8.92417907714844,"Female"
"9004158",371991,2025-05-24 17:36:38,42.4518280029297,-8.92354297637939,"Female"
"9004158",371991,2025-05-24 17:41:38,42.4518661499023,-8.92355346679688,"Female"
"9004158",371991,2025-05-24 17:46:38,42.4519081115723,-8.92360210418701,"Female"
"9004158",371991,2025-05-24 17:52:05,42.4517707824707,-8.92344665527344,"Female"
"9004158",371991,2025-05-24 17:56:37,42.4516677856445,-8.92337512969971,"Female"
"9004158",371991,2025-05-24 18:01:37,42.4517440795898,-8.9234447479248,"Female"
"9004158",371991,2025-05-24 18:06:38,42.4517517089844,-8.92346096038818,"Female"
"9004158",371991,2025-05-24 18:11:37,42.4517440795898,-8.92351913452148,"Female"
"9004158",371991,2025-05-24 18:16:37,42.451473236084,-8.9233512878418,"Female"
"9004158",371991,2025-05-24 18:21:37,42.4514923095703,-8.92330741882324,"Female"
"9004158",371991,2025-05-24 18:26:37,42.4483451843262,-8.92321491241455,"Female"
"9004158",371991,2025-05-24 18:31:37,42.402645111084,-8.92216968536377,"Female"
"9004158",371991,2025-05-24 18:36:37,42.3989410400391,-8.92112159729004,"Female"
"9004158",371991,2025-05-24 18:41:42,42.3989295959473,-8.92122268676758,"Female"
"9004158",371991,2025-05-24 18:46:37,42.3990020751953,-8.92111396789551,"Female"
"9004158",371991,2025-05-24 18:51:37,42.3989715576172,-8.92109966278076,"Female"
"9004158",371991,2025-05-24 18:56:39,42.3989944458008,-8.9211368560791,"Female"
"9004158",371991,2025-05-24 19:01:37,42.398983001709,-8.92113304138184,"Female"
"9004158",371991,2025-05-24 19:06:47,42.3998794555664,-8.92214202880859,"Female"
"9004158",371991,2025-05-24 19:11:45,42.3997497558594,-8.9221363067627,"Female"
"9004158",371991,2025-05-24 19:16:48,42.3998985290527,-8.92226219177246,"Female"
"9004158",371991,2025-05-24 19:21:48,42.399471282959,-8.92240142822266,"Female"
"9004158",371991,2025-05-24 19:26:48,42.4001007080078,-8.92125701904297,"Female"
"9004158",371991,2025-05-24 19:31:48,42.3992080688477,-8.92241287231445,"Female"
"9004158",371991,2025-05-24 19:36:48,42.3993530273438,-8.92236137390137,"Female"
"9004158",371991,2025-05-24 19:41:46,42.3992919921875,-8.92240047454834,"Female"
"9004158",371991,2025-05-24 19:46:45,42.3993339538574,-8.92259693145752,"Female"
"9004158",371991,2025-05-24 19:51:48,42.3989067077637,-8.92236137390137,"Female"
"9004158",371991,2025-05-24 19:56:48,42.3995933532715,-8.92228507995605,"Female"
"9004158",371991,2025-05-24 20:01:49,42.3994140625,-8.92267417907715,"Female"
"9004158",371991,2025-05-24 20:06:46,42.3991508483887,-8.92257595062256,"Female"
"9004158",371991,2025-05-24 20:11:48,42.3993263244629,-8.92247104644775,"Female"
"9004158",371991,2025-05-24 20:17:03,42.3993644714355,-8.92229747772217,"Female"
"9004158",371991,2025-05-24 20:21:39,42.3994178771973,-8.92205429077148,"Female"
"9004158",371991,2025-05-24 20:26:38,42.399242401123,-8.92233276367188,"Female"
"9004158",371991,2025-05-24 20:32:43,42.3994674682617,-8.92222499847412,"Female"
"9004158",371991,2025-05-24 20:36:39,42.3997383117676,-8.92294692993164,"Female"
"9004158",371991,2025-05-24 20:41:42,42.3997840881348,-8.92275428771973,"Female"
"9004158",371991,2025-05-24 20:46:45,42.3994064331055,-8.92211055755615,"Female"
"9004158",371991,2025-05-24 20:51:42,42.3984031677246,-8.91956520080566,"Female"
"9004158",371991,2025-05-24 20:56:48,42.3998718261719,-8.9224796295166,"Female"
"9004158",371991,2025-05-24 21:01:38,42.399471282959,-8.9216480255127,"Female"
"9004158",371991,2025-05-24 21:06:48,42.3997421264648,-8.92236042022705,"Female"
"9004158",371991,2025-05-24 21:11:51,42.4001731872559,-8.92257022857666,"Female"
"9004158",371991,2025-05-24 21:16:56,42.4001312255859,-8.92252349853516,"Female"
"9004158",371991,2025-05-24 21:21:52,42.3998641967773,-8.92216300964355,"Female"
"9004158",371991,2025-05-24 21:26:45,42.3996772766113,-8.92241477966309,"Female"
"9004158",371991,2025-05-24 21:31:51,42.3993682861328,-8.92214965820312,"Female"
"9004158",371991,2025-05-24 21:36:46,42.3996696472168,-8.92220497131348,"Female"
"9004158",371991,2025-05-24 21:42:14,42.3994445800781,-8.9221715927124,"Female"
"9004158",371991,2025-05-24 21:46:39,42.3993377685547,-8.92209529876709,"Female"
"9004158",371991,2025-05-24 21:51:39,42.3992919921875,-8.92231750488281,"Female"
"9004158",371991,2025-05-24 21:56:42,42.3992614746094,-8.92215538024902,"Female"
"9004158",371991,2025-05-24 22:01:40,42.3995132446289,-8.92225456237793,"Female"
"9004158",371991,2025-05-24 22:06:51,42.3995704650879,-8.92215442657471,"Female"
"9004158",371991,2025-05-24 22:11:41,42.3990707397461,-8.92207145690918,"Female"
"9004158",371991,2025-05-24 22:16:45,42.3997039794922,-8.92222595214844,"Female"
"9004158",371991,2025-05-24 22:21:43,42.3997268676758,-8.92223453521729,"Female"
"9004158",371991,2025-05-24 22:26:48,42.3996162414551,-8.922194480896,"Female"
"9004158",371991,2025-05-24 22:31:48,42.3991470336914,-8.92220115661621,"Female"
"9004158",371991,2025-05-24 22:37:05,42.3993721008301,-8.92220973968506,"Female"
"9004158",371991,2025-05-24 22:41:40,42.3994178771973,-8.92210578918457,"Female"
"9004158",371991,2025-05-24 22:46:51,42.3994102478027,-8.92224979400635,"Female"
"9004158",371991,2025-05-24 22:51:41,42.3994598388672,-8.92230987548828,"Female"
"9004158",371991,2025-05-24 22:56:42,42.399600982666,-8.92248153686523,"Female"
"9004158",371991,2025-05-24 23:01:42,42.399600982666,-8.92242622375488,"Female"
"9004158",371991,2025-05-24 23:06:45,42.3995208740234,-8.92228698730469,"Female"
"9004158",371991,2025-05-24 23:11:38,42.3995819091797,-8.92247104644775,"Female"
"9004158",371991,2025-05-24 23:16:43,42.399543762207,-8.92232131958008,"Female"
"9004158",371991,2025-05-24 23:21:45,42.3996391296387,-8.9222936630249,"Female"
"9004158",371991,2025-05-24 23:26:45,42.3997535705566,-8.92239379882812,"Female"
"9004158",371991,2025-05-24 23:32:16,42.3994827270508,-8.92239284515381,"Female"
"9004158",371991,2025-05-24 23:36:45,42.3994216918945,-8.92222881317139,"Female"
"9004158",371991,2025-05-24 23:41:51,42.3994331359863,-8.92228317260742,"Female"
"9004158",371991,2025-05-24 23:46:43,42.399528503418,-8.92252731323242,"Female"
"9004158",371991,2025-05-24 23:51:43,42.3994407653809,-8.92233371734619,"Female"
"9004158",371991,2025-05-24 23:56:48,42.3993301391602,-8.92244529724121,"Female"
"9004158",371991,2025-05-25 00:01:39,42.3993263244629,-8.92221832275391,"Female"
"9004158",371991,2025-05-25 00:06:42,42.399600982666,-8.92220592498779,"Female"
"9004158",371991,2025-05-25 00:11:58,42.3987464904785,-8.92212200164795,"Female"
"9004158",371991,2025-05-25 00:16:59,42.3990325927734,-8.92201519012451,"Female"
"9004158",371991,2025-05-25 00:21:52,42.3984832763672,-8.92299747467041,"Female"
"9004158",371991,2025-05-25 00:26:53,42.3991966247559,-8.92257499694824,"Female"
"9004158",371991,2025-05-25 00:32:14,42.399242401123,-8.92279815673828,"Female"
"9004158",371991,2025-05-25 00:36:49,42.3991317749023,-8.92254543304443,"Female"
"9004158",371991,2025-05-25 00:41:48,42.3995170593262,-8.92258739471436,"Female"
"9004158",371991,2025-05-25 00:46:43,42.399299621582,-8.92220687866211,"Female"
"9004158",371991,2025-05-25 00:51:46,42.3992195129395,-8.92228984832764,"Female"
"9004158",371991,2025-05-25 00:56:51,42.398998260498,-8.92208862304688,"Female"
"9004158",371991,2025-05-25 01:02:00,42.3989639282227,-8.92205429077148,"Female"
"9004158",371991,2025-05-25 01:06:48,42.3994674682617,-8.92248725891113,"Female"
"9004158",371991,2025-05-25 01:12:05,42.3993759155273,-8.92248630523682,"Female"
"9004158",371991,2025-05-25 01:16:47,42.3994293212891,-8.92240524291992,"Female"
"9004158",371991,2025-05-25 01:21:49,42.3994407653809,-8.92233276367188,"Female"
"9004158",371991,2025-05-25 01:26:46,42.3994369506836,-8.92238712310791,"Female"
"9004158",371991,2025-05-25 01:31:43,42.399341583252,-8.92230796813965,"Female"
"9004158",371991,2025-05-25 01:36:48,42.3993301391602,-8.92239570617676,"Female"
"9004158",371991,2025-05-25 01:41:43,42.3993301391602,-8.92250061035156,"Female"
"9004158",371991,2025-05-25 01:46:43,42.3993186950684,-8.92226219177246,"Female"
"9004158",371991,2025-05-25 01:51:45,42.3995361328125,-8.92222118377686,"Female"
"9004158",371991,2025-05-25 01:56:50,42.3994026184082,-8.92228984832764,"Female"
"9004158",371991,2025-05-25 02:02:11,42.3994140625,-8.9223165512085,"Female"
"9004158",371991,2025-05-25 02:06:41,42.399242401123,-8.92219638824463,"Female"
"9004158",371991,2025-05-25 02:11:45,42.3991050720215,-8.92218017578125,"Female"
"9004158",371991,2025-05-25 02:17:01,42.3993721008301,-8.92271041870117,"Female"
"9004158",371991,2025-05-25 02:21:50,42.3994674682617,-8.92267894744873,"Female"
"9004158",371991,2025-05-25 02:27:19,42.3994598388672,-8.92279434204102,"Female"
"9004158",371991,2025-05-25 02:31:39,42.4025001525879,-8.92206954956055,"Female"
"9004158",371991,2025-05-25 02:36:48,42.3994445800781,-8.92229080200195,"Female"
"9004158",371991,2025-05-25 02:41:40,42.3994445800781,-8.92239570617676,"Female"
"9004158",371991,2025-05-25 02:48:02,42.3994941711426,-8.92249298095703,"Female"
"9004158",371991,2025-05-25 02:51:43,42.3994255065918,-8.92253398895264,"Female"
"9004158",371991,2025-05-25 02:56:46,42.3994560241699,-8.92228317260742,"Female"
"9004158",371991,2025-05-25 03:01:48,42.3993759155273,-8.92252826690674,"Female"
"9004158",371991,2025-05-25 03:07:53,42.3994636535645,-8.92250823974609,"Female"
"9004158",371991,2025-05-25 03:11:42,42.3993225097656,-8.92236518859863,"Female"
"9004158",371991,2025-05-25 03:16:45,42.3993377685547,-8.92235851287842,"Female"
"9004158",371991,2025-05-25 03:21:39,42.3996849060059,-8.92176914215088,"Female"
"9004158",371991,2025-05-25 03:26:53,42.3996124267578,-8.9221715927124,"Female"
"9004158",371991,2025-05-25 03:32:14,42.399486541748,-8.92218017578125,"Female"
"9004158",371991,2025-05-25 03:36:47,42.399543762207,-8.9222526550293,"Female"
"9004158",371991,2025-05-25 03:41:43,42.3996124267578,-8.92229461669922,"Female"
"9004158",371991,2025-05-25 03:46:43,42.3995094299316,-8.92216300964355,"Female"
"9004158",371991,2025-05-25 03:53:02,42.3995513916016,-8.92220211029053,"Female"
"9004158",371991,2025-05-25 03:58:02,42.3994102478027,-8.92217922210693,"Female"
"9004158",371991,2025-05-25 04:01:52,42.3994445800781,-8.92214298248291,"Female"
"9004158",371991,2025-05-25 04:06:38,42.3995552062988,-8.92242336273193,"Female"
"9004158",371991,2025-05-25 04:11:40,42.3994255065918,-8.92229652404785,"Female"
"9004158",371991,2025-05-25 04:16:42,42.3995056152344,-8.92212009429932,"Female"
"9004158",371991,2025-05-25 04:21:41,42.3995323181152,-8.92221164703369,"Female"
"9004158",371991,2025-05-25 04:26:42,42.3992347717285,-8.92220306396484,"Female"
"9004158",371991,2025-05-25 04:31:42,42.3997993469238,-8.92249774932861,"Female"
"9004158",371991,2025-05-25 04:36:48,42.3994827270508,-8.92247295379639,"Female"
"9004158",371991,2025-05-25 04:41:39,42.3991661071777,-8.92232227325439,"Female"
"9004158",371991,2025-05-25 04:46:46,42.3993644714355,-8.9224214553833,"Female"
"9004158",371991,2025-05-25 04:51:40,42.3993682861328,-8.92229080200195,"Female"
"9004158",371991,2025-05-25 04:56:46,42.3994102478027,-8.92266750335693,"Female"
"9004158",371991,2025-05-25 05:01:47,42.3994178771973,-8.92250061035156,"Female"
"9004158",371991,2025-05-25 05:06:42,42.3991394042969,-8.92232990264893,"Female"
"9004158",371991,2025-05-25 05:11:48,42.3994483947754,-8.92251300811768,"Female"
"9004158",371991,2025-05-25 05:16:38,42.4022254943848,-8.92251777648926,"Female"
"9004158",371991,2025-05-25 05:21:38,42.4298095703125,-8.92226505279541,"Female"
"9004158",371991,2025-05-25 05:26:38,42.4509696960449,-8.92217636108398,"Female"
"9004158",371991,2025-05-25 05:32:08,42.4513282775879,-8.92307472229004,"Female"
"9004158",371991,2025-05-25 05:37:18,42.4517631530762,-8.92383480072021,"Female"
"9004158",371991,2025-05-25 05:42:21,42.450984954834,-8.92461585998535,"Female"
"9004158",371991,2025-05-25 05:47:43,42.4510231018066,-8.92550754547119,"Female"
"9004158",371991,2025-05-25 05:52:47,42.4504852294922,-8.92608737945557,"Female"
"9004158",371991,2025-05-25 05:57:47,42.4506454467773,-8.92764568328857,"Female"
"9004158",371991,2025-05-25 06:02:53,42.4502334594727,-8.92879390716553,"Female"
"9004158",371991,2025-05-25 06:08:47,42.4504013061523,-8.92909336090088,"Female"
"9004158",371991,2025-05-25 06:13:51,42.4513549804688,-8.92914581298828,"Female"
"9004158",371991,2025-05-25 06:19:05,42.4522323608398,-8.93013668060303,"Female"
"9004158",371991,2025-05-25 06:24:10,42.4531288146973,-8.93163967132568,"Female"
"9004158",371991,2025-05-25 06:29:03,42.4501876831055,-8.92445850372314,"Female"
"9004158",371991,2025-05-25 06:34:00,42.4517593383789,-8.92294883728027,"Female"
"9004158",371991,2025-05-25 06:38:59,42.4514541625977,-8.9221076965332,"Female"
"9004158",371991,2025-05-25 06:44:00,42.4514198303223,-8.92262268066406,"Female"
"9004158",371991,2025-05-25 06:49:10,42.4522705078125,-8.92279243469238,"Female"
"9004158",371991,2025-05-25 06:53:59,42.4523468017578,-8.92354011535645,"Female"
"9004158",371991,2025-05-25 06:58:59,42.4519348144531,-8.92385578155518,"Female"
"9004158",371991,2025-05-25 07:03:59,42.4524421691895,-8.92413234710693,"Female"
"9004158",371991,2025-05-25 07:09:19,42.4525718688965,-8.92328548431396,"Female"
"9004158",371991,2025-05-25 07:14:50,42.453670501709,-8.92325973510742,"Female"
"9004158",371991,2025-05-25 07:20:07,42.4542121887207,-8.92299270629883,"Female"
"9004158",371991,2025-05-25 07:25:02,42.4549407958984,-8.9203577041626,"Female"
"9004158",371991,2025-05-25 07:30:05,42.4550895690918,-8.92029094696045,"Female"
"9004158",371991,2025-05-25 07:35:03,42.4551048278809,-8.92028713226318,"Female"
"9004158",371991,2025-05-25 07:40:06,42.4552917480469,-8.92079448699951,"Female"
"9004158",371991,2025-05-25 07:45:17,42.4548263549805,-8.91974925994873,"Female"
"9004158",371991,2025-05-25 07:50:14,42.4549331665039,-8.92000389099121,"Female"
"9004158",371991,2025-05-25 07:55:05,42.4546928405762,-8.91959381103516,"Female"
"9004158",371991,2025-05-25 08:00:39,42.4550819396973,-8.92029857635498,"Female"
"9004158",371991,2025-05-25 08:05:39,42.4551124572754,-8.92054557800293,"Female"
"9004158",371991,2025-05-25 08:10:40,42.4551200866699,-8.92007446289062,"Female"
"9004158",371991,2025-05-25 08:15:43,42.4550971984863,-8.91943836212158,"Female"
"9004158",371991,2025-05-25 08:20:37,42.4551200866699,-8.91918182373047,"Female"
"9004158",371991,2025-05-25 08:25:43,42.454948425293,-8.91924858093262,"Female"
"9004158",371991,2025-05-25 08:30:41,42.4550590515137,-8.91970920562744,"Female"
"9004158",371991,2025-05-25 08:35:46,42.455192565918,-8.91925239562988,"Female"
"9004158",371991,2025-05-25 08:40:48,42.455135345459,-8.91922187805176,"Female"
"9004158",371991,2025-05-25 08:46:05,42.4549903869629,-8.91971969604492,"Female"
"9004158",371991,2025-05-25 08:50:35,42.4549598693848,-8.91972255706787,"Female"
"9004158",371991,2025-05-25 08:55:35,42.4550094604492,-8.91969013214111,"Female"
"9004158",371991,2025-05-25 09:00:36,42.455020904541,-8.91966533660889,"Female"
"9004158",371991,2025-05-25 09:05:36,42.4549713134766,-8.91967582702637,"Female"
"9004158",371991,2025-05-25 09:10:36,42.455020904541,-8.91970634460449,"Female"
"9004158",371991,2025-05-25 09:15:36,42.4550094604492,-8.91969776153564,"Female"
"9004158",371991,2025-05-25 09:20:36,42.4550018310547,-8.91970062255859,"Female"
"9004158",371991,2025-05-25 09:25:36,42.4550132751465,-8.91968631744385,"Female"
"9004158",371991,2025-05-25 09:30:49,42.4552536010742,-8.9201774597168,"Female"
"9004158",371991,2025-05-25 09:35:48,42.4561004638672,-8.91982841491699,"Female"
"9004158",371991,2025-05-25 09:40:59,42.4567985534668,-8.91885280609131,"Female"
"9004158",371991,2025-05-25 09:46:06,42.4562339782715,-8.92020034790039,"Female"
"9004158",371991,2025-05-25 09:51:19,42.4560050964355,-8.92038059234619,"Female"
"9004158",371991,2025-05-25 09:56:33,42.455493927002,-8.92175102233887,"Female"
"9004158",371991,2025-05-25 10:01:57,42.4552192687988,-8.92165184020996,"Female"
"9004158",371991,2025-05-25 10:06:57,42.4552459716797,-8.92088031768799,"Female"
"9004158",371991,2025-05-25 10:12:11,42.4553718566895,-8.92170238494873,"Female"
"9004158",371991,2025-05-25 10:17:11,42.454891204834,-8.92272186279297,"Female"
"9004158",371991,2025-05-25 10:22:21,42.4552040100098,-8.9232873916626,"Female"
"9004158",371991,2025-05-25 10:27:09,42.4549560546875,-8.92293643951416,"Female"
"9004158",371991,2025-05-25 10:32:13,42.4549713134766,-8.92282676696777,"Female"
"9004158",371991,2025-05-25 10:37:10,42.455020904541,-8.92300510406494,"Female"
"9004158",371991,2025-05-25 10:42:09,42.4550247192383,-8.92310237884521,"Female"
"9004158",371991,2025-05-25 10:47:09,42.4549331665039,-8.92275428771973,"Female"
"9004158",371991,2025-05-25 10:52:09,42.4548797607422,-8.92298412322998,"Female"
"9004158",371991,2025-05-25 10:57:26,42.4537620544434,-8.92354488372803,"Female"
"9004158",371991,2025-05-25 11:02:17,42.4534187316895,-8.92378711700439,"Female"
"9004158",371991,2025-05-25 11:07:32,42.4525909423828,-8.92449760437012,"Female"
"9004158",371991,2025-05-25 11:12:17,42.4516105651855,-8.92471313476562,"Female"
"9004158",371991,2025-05-25 11:17:16,42.4514503479004,-8.92430877685547,"Female"
"9004158",371991,2025-05-25 11:22:14,42.451473236084,-8.92433643341064,"Female"
"9004158",371991,2025-05-25 11:27:14,42.451473236084,-8.92435073852539,"Female"
"9004158",371991,2025-05-25 11:32:14,42.4514083862305,-8.92433738708496,"Female"
"9004158",371991,2025-05-25 11:37:14,42.4514579772949,-8.92430210113525,"Female"
"9004158",371991,2025-05-25 11:42:14,42.4514694213867,-8.92433452606201,"Female"
"9004158",371991,2025-05-25 11:47:15,42.4513931274414,-8.92434597015381,"Female"
"9004158",371991,2025-05-25 11:52:14,42.4513664245605,-8.92420959472656,"Female"
"9004158",371991,2025-05-25 11:57:14,42.4513816833496,-8.92422103881836,"Female"
"9004158",371991,2025-05-25 12:02:24,42.45166015625,-8.924391746521,"Female"
"9004158",371991,2025-05-25 12:07:14,42.4516677856445,-8.92436504364014,"Female"
"9004158",371991,2025-05-25 12:12:24,42.4516677856445,-8.92434215545654,"Female"
"9004158",371991,2025-05-25 12:17:14,42.4518661499023,-8.92440986633301,"Female"
"9004158",371991,2025-05-25 12:22:35,42.4514923095703,-8.92430686950684,"Female"
"9004158",371991,2025-05-25 12:27:14,42.4515151977539,-8.92418956756592,"Female"
"9004158",371991,2025-05-25 12:32:14,42.4516105651855,-8.92412376403809,"Female"
"9004158",371991,2025-05-25 12:37:13,42.4515571594238,-8.92416000366211,"Female"
"9004158",371991,2025-05-25 12:42:31,42.451587677002,-8.92366886138916,"Female"
"9004158",371991,2025-05-25 12:47:39,42.4518280029297,-8.92257499694824,"Female"
"9004158",371991,2025-05-25 12:52:41,42.4520263671875,-8.92267799377441,"Female"
"9004158",371991,2025-05-25 12:57:39,42.4519233703613,-8.92331409454346,"Female"
"9004158",371991,2025-05-25 13:02:52,42.452709197998,-8.9243688583374,"Female"
"9004158",371991,2025-05-25 13:07:39,42.4534797668457,-8.92339515686035,"Female"
"9004158",371991,2025-05-25 13:12:39,42.4539642333984,-8.92298889160156,"Female"
"9004158",371991,2025-05-25 13:18:06,42.4540901184082,-8.92305469512939,"Female"
"9004158",371991,2025-05-25 13:23:13,42.4550437927246,-8.92272853851318,"Female"
"9004158",371991,2025-05-25 13:28:16,42.4553680419922,-8.92154216766357,"Female"
"9004158",371991,2025-05-25 13:33:14,42.4554557800293,-8.92154884338379,"Female"
"9004158",371991,2025-05-25 13:38:13,42.4554290771484,-8.92154121398926,"Female"
"9004158",371991,2025-05-25 13:43:14,42.4554214477539,-8.92152214050293,"Female"
"9004158",371991,2025-05-25 13:48:14,42.4556121826172,-8.92141342163086,"Female"
"9004158",371991,2025-05-25 13:53:14,42.4555397033691,-8.92142009735107,"Female"
"9004158",371991,2025-05-25 13:58:14,42.4554138183594,-8.92150115966797,"Female"
"9004158",371991,2025-05-25 14:03:14,42.4553413391113,-8.92185306549072,"Female"
"9004158",371991,2025-05-25 14:08:14,42.455436706543,-8.92181873321533,"Female"
"9004158",371991,2025-05-25 14:13:14,42.4553871154785,-8.92167854309082,"Female"
"9004158",371991,2025-05-25 14:18:17,42.4555053710938,-8.92063236236572,"Female"
"9004158",371991,2025-05-25 14:23:17,42.4552726745605,-8.91962051391602,"Female"
"9004158",371991,2025-05-25 14:28:17,42.4550285339355,-8.92012119293213,"Female"
"9004158",371991,2025-05-25 14:33:27,42.4558753967285,-8.91990947723389,"Female"
"9004158",371991,2025-05-25 14:38:28,42.4568634033203,-8.91913509368896,"Female"
"9004158",371991,2025-05-25 14:43:26,42.4565620422363,-8.91884136199951,"Female"
"9004158",371991,2025-05-25 14:48:26,42.4565620422363,-8.92018985748291,"Female"
"9004158",371991,2025-05-25 14:53:36,42.4559059143066,-8.92183971405029,"Female"
"9004158",371991,2025-05-25 14:58:36,42.4552421569824,-8.92173862457275,"Female"
"9004158",371991,2025-05-25 15:03:26,42.4555358886719,-8.92178249359131,"Female"
"9004158",371991,2025-05-25 15:08:29,42.4550704956055,-8.92194747924805,"Female"
"9004158",371991,2025-05-25 15:13:27,42.4551467895508,-8.92190647125244,"Female"
"9004158",371991,2025-05-25 15:18:26,42.4546661376953,-8.92202949523926,"Female"
"9004158",371991,2025-05-25 15:23:29,42.4551010131836,-8.92172718048096,"Female"
"9004158",371991,2025-05-25 15:28:26,42.4552459716797,-8.92184352874756,"Female"
"9004158",371991,2025-05-25 15:33:30,42.4551277160645,-8.92188549041748,"Female"
"9004158",371991,2025-05-25 15:38:46,42.4553108215332,-8.92168521881104,"Female"
"9004158",371991,2025-05-25 15:43:26,42.4552612304688,-8.92093944549561,"Female"
"9004158",371991,2025-05-25 15:48:37,42.4543190002441,-8.9199686050415,"Female"
"9004158",371991,2025-05-25 15:53:48,42.4550323486328,-8.91855144500732,"Female"
"9004158",371991,2025-05-25 15:59:03,42.4551086425781,-8.9170503616333,"Female"
"9004158",371991,2025-05-25 16:04:05,42.4546661376953,-8.91690921783447,"Female"
"9004158",371991,2025-05-25 16:09:01,42.4546279907227,-8.91847896575928,"Female"
"9004158",371991,2025-05-25 16:13:45,42.4545631408691,-8.91851425170898,"Female"
"9004158",371991,2025-05-25 16:18:46,42.4544486999512,-8.91835498809814,"Female"
"9004158",371991,2025-05-25 16:23:45,42.4452514648438,-8.920578956604,"Female"
"9004158",371991,2025-05-25 16:28:45,42.4025764465332,-8.9212589263916,"Female"
"9004158",371991,2025-05-25 16:34:04,42.3989677429199,-8.92119598388672,"Female"
"9004158",371991,2025-05-25 16:39:05,42.3989295959473,-8.92117881774902,"Female"
"9004158",371991,2025-05-25 16:43:44,42.3989219665527,-8.92121696472168,"Female"
"9004158",371991,2025-05-25 16:48:44,42.3989372253418,-8.92120361328125,"Female"
"9004158",371991,2025-05-25 16:53:44,42.3989219665527,-8.92119789123535,"Female"
"9004158",371991,2025-05-25 16:58:45,42.3989028930664,-8.92120265960693,"Female"
"9004158",371991,2025-05-25 17:03:45,42.3988151550293,-8.9211950302124,"Female"
"9004158",371991,2025-05-25 17:08:46,42.3988647460938,-8.92111682891846,"Female"
"9004158",371991,2025-05-25 17:13:45,42.3988227844238,-8.92119884490967,"Female"
"9004158",371991,2025-05-25 17:18:45,42.3989181518555,-8.92117500305176,"Female"
"9004158",371991,2025-05-25 17:23:51,42.3988456726074,-8.92117118835449,"Female"
"9004158",371991,2025-05-25 17:28:45,42.3988990783691,-8.92119407653809,"Female"
"9004158",371991,2025-05-25 17:34:00,42.3988037109375,-8.92117786407471,"Female"
"9004158",371991,2025-05-25 17:39:00,42.3991317749023,-8.92107582092285,"Female"
"9004158",371991,2025-05-25 17:44:05,42.3989372253418,-8.92113304138184,"Female"
"9004158",371991,2025-05-25 17:48:44,42.3989410400391,-8.92115879058838,"Female"
"9004158",371991,2025-05-25 17:53:44,42.3990478515625,-8.92097187042236,"Female"
"9004158",371991,2025-05-25 17:58:44,42.3990440368652,-8.92098903656006,"Female"
"9004158",371991,2025-05-25 18:03:45,42.3990669250488,-8.92096710205078,"Female"
"9004158",371991,2025-05-25 18:08:46,42.3989677429199,-8.92115020751953,"Female"
"9004158",371991,2025-05-25 18:13:46,42.3991165161133,-8.92093372344971,"Female"
"9004158",371991,2025-05-25 18:18:45,42.399040222168,-8.92105293273926,"Female"
"9004158",371991,2025-05-25 18:23:45,42.3990020751953,-8.92106342315674,"Female"
"9004158",371991,2025-05-25 18:28:44,42.3990211486816,-8.92105865478516,"Female"
"9004158",371991,2025-05-25 18:33:44,42.3990859985352,-8.92099189758301,"Female"
"9004158",371991,2025-05-25 18:38:44,42.3990325927734,-8.92106056213379,"Female"
"9004158",371991,2025-05-25 18:43:44,42.3990440368652,-8.92105197906494,"Female"
"9004158",371991,2025-05-25 18:48:44,42.3990669250488,-8.92108726501465,"Female"
"9004158",371991,2025-05-25 18:53:44,42.3990707397461,-8.92105293273926,"Female"
"9004158",371991,2025-05-25 18:58:46,42.3990364074707,-8.92110347747803,"Female"
"9004158",371991,2025-05-25 19:03:47,42.3990173339844,-8.9210958480835,"Female"
"9004158",371991,2025-05-25 19:08:44,42.3990745544434,-8.92111396789551,"Female"
"9004158",371991,2025-05-25 19:13:45,42.3989944458008,-8.92112636566162,"Female"
"9004158",371991,2025-05-25 19:18:48,42.3989753723145,-8.92110633850098,"Female"
"9004158",371991,2025-05-25 19:23:48,42.3990058898926,-8.92113590240479,"Female"
"9004158",371991,2025-05-25 19:28:49,42.3990249633789,-8.92134094238281,"Female"
"9004158",371991,2025-05-25 19:33:53,42.3991012573242,-8.92127513885498,"Female"
"9004158",371991,2025-05-25 19:38:52,42.3990936279297,-8.92130470275879,"Female"
"9004158",371991,2025-05-25 19:43:54,42.4000968933105,-8.92264366149902,"Female"
"9004158",371991,2025-05-25 19:48:58,42.3997421264648,-8.92275714874268,"Female"
"9004158",371991,2025-05-25 19:53:57,42.3998947143555,-8.92252254486084,"Female"
"9004158",371991,2025-05-25 19:58:51,42.3999443054199,-8.92262649536133,"Female"
"9004158",371991,2025-05-25 20:04:05,42.3996696472168,-8.92252063751221,"Female"
"9004158",371991,2025-05-25 20:08:48,42.3992691040039,-8.92209911346436,"Female"
"9004158",371991,2025-05-25 20:14:03,42.3996505737305,-8.92230892181396,"Female"
"9004158",371991,2025-05-25 20:18:52,42.3999176025391,-8.92200183868408,"Female"
"9004158",371991,2025-05-25 20:23:46,42.4000854492188,-8.92167091369629,"Female"
"9004158",371991,2025-05-25 20:29:05,42.4000968933105,-8.92188739776611,"Female"
"9004158",371991,2025-05-25 20:34:46,42.3993988037109,-8.92236614227295,"Female"
"9004158",371991,2025-05-25 20:39:07,42.399528503418,-8.92216110229492,"Female"
"9004158",371991,2025-05-25 20:43:52,42.3998031616211,-8.92259311676025,"Female"
"9004158",371991,2025-05-25 20:48:47,42.399730682373,-8.92287349700928,"Female"
"9004158",371991,2025-05-25 20:53:54,42.399299621582,-8.92200374603271,"Female"
"9004158",371991,2025-05-25 20:58:52,42.3994216918945,-8.92208671569824,"Female"
"9004158",371991,2025-05-25 21:03:53,42.3992500305176,-8.92234992980957,"Female"
"9004158",371991,2025-05-25 21:08:54,42.3993072509766,-8.92194652557373,"Female"
"9004158",371991,2025-05-25 21:13:54,42.3989715576172,-8.92267036437988,"Female"
"9004158",371991,2025-05-25 21:18:54,42.3993644714355,-8.92220211029053,"Female"
"9004158",371991,2025-05-25 21:23:54,42.3994636535645,-8.9223747253418,"Female"
"9004158",371991,2025-05-25 21:29:06,42.3992462158203,-8.92228984832764,"Female"
"9004158",371991,2025-05-25 21:33:49,42.3993339538574,-8.9222583770752,"Female"
"9004158",371991,2025-05-25 21:38:52,42.3993072509766,-8.92217445373535,"Female"
"9004158",371991,2025-05-25 21:44:14,42.3994483947754,-8.92202949523926,"Female"
"9004158",371991,2025-05-25 21:48:48,42.3989906311035,-8.92181873321533,"Female"
"9004158",371991,2025-05-25 21:53:51,42.3994178771973,-8.92206001281738,"Female"
"9004158",371991,2025-05-25 21:58:57,42.3995895385742,-8.9223747253418,"Female"
"9004158",371991,2025-05-25 22:03:49,42.3991546630859,-8.92220497131348,"Female"
"9004158",371991,2025-05-25 22:08:54,42.3992614746094,-8.92202568054199,"Female"
"9004158",371991,2025-05-25 22:13:51,42.3991165161133,-8.9221019744873,"Female"
"9004158",371991,2025-05-25 22:18:52,42.3993339538574,-8.92209815979004,"Female"
"9004158",371991,2025-05-25 22:23:54,42.3994636535645,-8.92190837860107,"Female"
"9004158",371991,2025-05-25 22:28:48,42.3991355895996,-8.92215347290039,"Female"
"9004158",371991,2025-05-25 22:33:53,42.3996925354004,-8.92218112945557,"Female"
"9004158",371991,2025-05-25 22:38:53,42.3997573852539,-8.92205142974854,"Female"
"9004158",371991,2025-05-25 22:44:32,42.3994064331055,-8.92224407196045,"Female"
"9004158",371991,2025-05-25 22:49:53,42.3994407653809,-8.92225933074951,"Female"
"9004158",371991,2025-05-25 22:53:47,42.3993263244629,-8.92231178283691,"Female"
"9004158",371991,2025-05-25 22:58:47,42.3994140625,-8.92229461669922,"Female"
"9004158",371991,2025-05-25 23:03:47,42.399341583252,-8.92223739624023,"Female"
"9004158",371991,2025-05-25 23:08:48,42.3994331359863,-8.92212104797363,"Female"
"9004158",371991,2025-05-25 23:13:51,42.3993492126465,-8.92224597930908,"Female"
"9004158",371991,2025-05-25 23:18:55,42.3993301391602,-8.9223690032959,"Female"
"9004158",371991,2025-05-25 23:24:06,42.3993339538574,-8.92218399047852,"Female"
"9004158",371991,2025-05-25 23:28:57,42.3993339538574,-8.92220115661621,"Female"
"9004158",371991,2025-05-25 23:33:58,42.3992462158203,-8.92236518859863,"Female"
"9004158",371991,2025-05-25 23:39:05,42.3993339538574,-8.92214870452881,"Female"
"9004158",371991,2025-05-25 23:44:10,42.3993988037109,-8.92219161987305,"Female"
"9004158",371991,2025-05-25 23:48:53,42.3996620178223,-8.92222690582275,"Female"
"9004158",371991,2025-05-25 23:53:56,42.3995323181152,-8.92207813262939,"Female"
"9004158",371991,2025-05-25 23:58:53,42.3993644714355,-8.92251777648926,"Female"
"9004158",371991,2025-05-26 00:03:55,42.3999862670898,-8.92354011535645,"Female"
"9004158",371991,2025-05-26 00:08:59,42.3999481201172,-8.92288589477539,"Female"
"9004158",371991,2025-05-26 00:14:22,42.3999557495117,-8.92233943939209,"Female"
"9004158",371991,2025-05-26 00:18:57,42.4003486633301,-8.92266654968262,"Female"
"9004158",371991,2025-05-26 00:24:13,42.3990440368652,-8.92274570465088,"Female"
"9004158",371991,2025-05-26 00:29:22,42.3989601135254,-8.92289352416992,"Female"
"9004158",371991,2025-05-26 00:34:03,42.3988723754883,-8.92283821105957,"Female"
"9004158",371991,2025-05-26 00:39:07,42.3990440368652,-8.92291450500488,"Female"
"9004158",371991,2025-05-26 00:43:57,42.4000816345215,-8.92281246185303,"Female"
"9004158",371991,2025-05-26 00:49:26,42.398853302002,-8.92270469665527,"Female"
"9004158",371991,2025-05-26 00:54:14,42.4003410339355,-8.92316818237305,"Female"
"9004158",371991,2025-05-26 00:59:11,42.3996391296387,-8.9225606918335,"Female"
"9004158",371991,2025-05-26 01:04:03,42.3994827270508,-8.92233848571777,"Female"
"9004158",371991,2025-05-26 01:09:01,42.3995971679688,-8.92248344421387,"Female"
"9004158",371991,2025-05-26 01:14:21,42.3995094299316,-8.92233180999756,"Female"
"9004158",371991,2025-05-26 01:19:03,42.3994216918945,-8.92218112945557,"Female"
"9004158",371991,2025-05-26 01:24:06,42.3992614746094,-8.92210292816162,"Female"
"9004158",371991,2025-05-26 01:29:03,42.3992385864258,-8.92240524291992,"Female"
"9004158",371991,2025-05-26 01:34:00,42.3992385864258,-8.92230701446533,"Female"
"9004158",371991,2025-05-26 01:39:03,42.3990364074707,-8.92229652404785,"Female"
"9004158",371991,2025-05-26 01:44:07,42.3991851806641,-8.92216682434082,"Female"
"9004158",371991,2025-05-26 01:49:10,42.3993148803711,-8.92189598083496,"Female"
"9004158",371991,2025-05-26 01:54:01,42.3995056152344,-8.92274284362793,"Female"
"9004158",371991,2025-05-26 01:59:16,42.3996162414551,-8.92262649536133,"Female"
"9004158",371991,2025-05-26 02:04:29,42.3995361328125,-8.92249870300293,"Female"
"9004158",371991,2025-05-26 02:08:56,42.3994560241699,-8.92245197296143,"Female"
"9004158",371991,2025-05-26 02:13:58,42.3994941711426,-8.92247009277344,"Female"
"9004158",371991,2025-05-26 02:19:12,42.399528503418,-8.92280578613281,"Female"
"9004158",371991,2025-05-26 02:24:04,42.3994750976562,-8.92261123657227,"Female"
"9004158",371991,2025-05-26 02:29:19,42.3995132446289,-8.9226131439209,"Female"
"9004158",371991,2025-05-26 02:34:29,42.3994293212891,-8.9226016998291,"Female"
"9004158",371991,2025-05-26 02:39:05,42.3994598388672,-8.92258834838867,"Female"
"9004158",371991,2025-05-26 02:44:26,42.3994560241699,-8.92281818389893,"Female"
"9004158",371991,2025-05-26 02:49:22,42.3995361328125,-8.92301273345947,"Female"
"9004158",371991,2025-05-26 02:54:22,42.3994598388672,-8.92290687561035,"Female"
"9004158",371991,2025-05-26 02:58:57,42.3995590209961,-8.922926902771,"Female"
"9004158",371991,2025-05-26 03:04:04,42.3994903564453,-8.9228572845459,"Female"
"9004158",371991,2025-05-26 03:08:55,42.3994560241699,-8.92264175415039,"Female"
"9004158",371991,2025-05-26 03:15:17,42.3995666503906,-8.92266464233398,"Female"
"9004158",371991,2025-05-26 03:19:55,42.3994903564453,-8.92247581481934,"Female"
"9004158",371991,2025-05-26 03:23:58,42.3993453979492,-8.92263507843018,"Female"
"9004158",371991,2025-05-26 03:29:36,42.3995361328125,-8.92259120941162,"Female"
"9004158",371991,2025-05-26 03:35:17,42.3995056152344,-8.92255115509033,"Female"
"9004158",371991,2025-05-26 03:38:55,42.3995704650879,-8.92258930206299,"Female"
"9004158",371991,2025-05-26 03:43:59,42.3988914489746,-8.9221830368042,"Female"
"9004158",371991,2025-05-26 03:50:17,42.3994789123535,-8.92226028442383,"Female"
"9004158",371991,2025-05-26 03:55:17,42.3994445800781,-8.92238235473633,"Female"
"9004158",371991,2025-05-26 03:59:22,42.3994674682617,-8.92228603363037,"Female"
"9004158",371991,2025-05-26 04:05:17,42.3994407653809,-8.92225646972656,"Female"
"9004158",371991,2025-05-26 04:10:15,42.3994560241699,-8.92223739624023,"Female"
"9004158",371991,2025-05-26 04:13:58,42.3990631103516,-8.92203617095947,"Female"
"9004158",371991,2025-05-26 04:19:06,42.3995666503906,-8.92245197296143,"Female"
"9004158",371991,2025-05-26 04:23:57,42.3996696472168,-8.92290019989014,"Female"
"9004158",371991,2025-05-26 04:29:06,42.3993797302246,-8.92256164550781,"Female"
"9004158",371991,2025-05-26 04:33:55,42.3990783691406,-8.92222023010254,"Female"
"9004158",371991,2025-05-26 04:39:06,42.3994560241699,-8.92251491546631,"Female"
"9004158",371991,2025-05-26 04:43:55,42.3996620178223,-8.92277336120605,"Female"
"9004158",371991,2025-05-26 04:49:06,42.3994255065918,-8.92241382598877,"Female"
"9004158",371991,2025-05-26 04:53:57,42.3992652893066,-8.92247295379639,"Female"
"9004158",371991,2025-05-26 04:59:06,42.3994407653809,-8.92327690124512,"Female"
"9004158",371991,2025-05-26 05:03:53,42.4025993347168,-8.92278957366943,"Female"
"9004158",371991,2025-05-26 05:09:00,42.4230422973633,-8.92177104949951,"Female"
"9004158",371991,2025-05-26 05:13:53,42.4443092346191,-8.92061424255371,"Female"
"9004158",371991,2025-05-26 05:19:46,42.4524002075195,-8.9205961227417,"Female"
"9004158",371991,2025-05-26 05:24:53,42.453239440918,-8.92116832733154,"Female"
"9004158",371991,2025-05-26 05:29:45,42.4547538757324,-8.91863059997559,"Female"
"9004158",371991,2025-05-26 05:34:51,42.4546546936035,-8.91854381561279,"Female"
"9004158",371991,2025-05-26 05:39:55,42.4546852111816,-8.91856670379639,"Female"
"9004158",371991,2025-05-26 05:44:45,42.4542694091797,-8.91821384429932,"Female"
"9004158",371991,2025-05-26 05:49:53,42.4546508789062,-8.91857719421387,"Female"
"9004158",371991,2025-05-26 05:54:54,42.454662322998,-8.91857147216797,"Female"
"9004158",371991,2025-05-26 06:00:04,42.4546737670898,-8.91857433319092,"Female"
"9004158",371991,2025-05-26 06:04:44,42.454662322998,-8.91848850250244,"Female"
"9004158",371991,2025-05-26 06:09:44,42.4546432495117,-8.91856956481934,"Female"
"9004158",371991,2025-05-26 06:14:44,42.4546051025391,-8.91830539703369,"Female"
"9004158",371991,2025-05-26 06:19:44,42.4550933837891,-8.91912269592285,"Female"
"9004158",371991,2025-05-26 06:25:00,42.4546928405762,-8.91986179351807,"Female"
"9004158",371991,2025-05-26 06:30:12,42.454948425293,-8.92009258270264,"Female"
"9004158",371991,2025-05-26 06:35:39,42.455867767334,-8.92004203796387,"Female"
"9004158",371991,2025-05-26 06:40:40,42.456169128418,-8.92002296447754,"Female"
"9004158",371991,2025-05-26 06:45:35,42.4562187194824,-8.92013645172119,"Female"
"9004158",371991,2025-05-26 06:50:46,42.4559326171875,-8.9205379486084,"Female"
"9004158",371991,2025-05-26 06:55:41,42.4555320739746,-8.92141437530518,"Female"
"9004158",371991,2025-05-26 07:00:39,42.4548377990723,-8.92245769500732,"Female"
"9004158",371991,2025-05-26 07:05:46,42.4540328979492,-8.92312812805176,"Female"
"9004158",371991,2025-05-26 07:10:40,42.4531860351562,-8.92328643798828,"Female"
"9004158",371991,2025-05-26 07:16:48,42.4528274536133,-8.9229850769043,"Female"
"9004158",371991,2025-05-26 07:22:03,42.4519538879395,-8.92212581634521,"Female"
"9004158",371991,2025-05-26 07:27:03,42.4512634277344,-8.92171764373779,"Female"
"9004158",371991,2025-05-26 07:31:59,42.4520301818848,-8.92296695709229,"Female"
"9004158",371991,2025-05-26 07:37:29,42.4519653320312,-8.92281723022461,"Female"
"9004158",371991,2025-05-26 07:41:57,42.4520645141602,-8.92277336120605,"Female"
"9004158",371991,2025-05-26 07:46:57,42.4520988464355,-8.9228343963623,"Female"
"9004158",371991,2025-05-26 07:51:57,42.4520683288574,-8.92275428771973,"Female"
"9004158",371991,2025-05-26 07:56:57,42.4522285461426,-8.92302799224854,"Female"
"9004158",371991,2025-05-26 08:01:57,42.4520606994629,-8.9226770401001,"Female"
"9004158",371991,2025-05-26 08:06:57,42.4519958496094,-8.92259693145752,"Female"
"9004158",371991,2025-05-26 08:11:57,42.452075958252,-8.92276382446289,"Female"
"9004158",371991,2025-05-26 08:17:04,42.4519958496094,-8.92255306243896,"Female"
"9004158",371991,2025-05-26 08:22:13,42.452392578125,-8.92300701141357,"Female"
"9004158",371991,2025-05-26 08:27:13,42.4522972106934,-8.92392063140869,"Female"
"9004158",371991,2025-05-26 08:32:14,42.4522361755371,-8.92386722564697,"Female"
"9004158",371991,2025-05-26 08:37:30,42.4524002075195,-8.92364025115967,"Female"
"9004158",371991,2025-05-26 08:42:14,42.4523429870605,-8.92388153076172,"Female"
"9004158",371991,2025-05-26 08:47:35,42.4515914916992,-8.92236995697021,"Female"
"9004158",371991,2025-05-26 08:52:37,42.4515991210938,-8.92251873016357,"Female"
"9004158",371991,2025-05-26 08:57:33,42.4515953063965,-8.92253875732422,"Female"
"9004158",371991,2025-05-26 09:02:34,42.4516258239746,-8.92253017425537,"Female"
"9004158",371991,2025-05-26 09:07:39,42.4015502929688,-8.92172622680664,"Female"
"9004158",371991,2025-05-26 09:12:43,42.3989067077637,-8.92118453979492,"Female"
"9004158",371991,2025-05-26 09:17:42,42.3989562988281,-8.92111110687256,"Female"
"9004158",371991,2025-05-26 09:22:36,42.3988494873047,-8.92047309875488,"Female"
"9004158",371991,2025-05-26 09:27:39,42.3989753723145,-8.92100715637207,"Female"
"9004158",371991,2025-05-26 09:32:36,42.4199295043945,-8.91866874694824,"Female"
"9004158",371991,2025-05-26 09:37:38,42.4447898864746,-8.92052268981934,"Female"
"9004158",371991,2025-05-26 09:43:42,42.4520111083984,-8.91970443725586,"Female"
"9004158",371991,2025-05-26 09:48:38,42.4524154663086,-8.91983985900879,"Female"
"9004158",371991,2025-05-26 09:54:01,42.4522857666016,-8.92103958129883,"Female"
"9004158",371991,2025-05-26 10:01:23,42.451789855957,-8.92282390594482,"Female"
"9004158",371991,2025-05-26 10:06:40,42.4517059326172,-8.92335605621338,"Female"
"9004158",371991,2025-05-26 10:12:08,42.4519271850586,-8.92373561859131,"Female"
"9004158",371991,2025-05-26 10:19:36,42.4532661437988,-8.92396068572998,"Female"
"9004158",371991,2025-05-26 10:23:28,42.4529800415039,-8.92376327514648,"Female"
"9004158",371991,2025-05-26 10:28:28,42.4528465270996,-8.92366981506348,"Female"
"9004158",371991,2025-05-26 10:33:28,42.4529418945312,-8.92376708984375,"Female"
"9004158",371991,2025-05-26 10:38:28,42.4529342651367,-8.92378425598145,"Female"
"9004158",371991,2025-05-26 10:43:31,42.4529075622559,-8.92369937896729,"Female"
"9004158",371991,2025-05-26 10:48:28,42.4529190063477,-8.92371845245361,"Female"
"9004158",371991,2025-05-26 10:53:31,42.4529571533203,-8.92375659942627,"Female"
"9004158",371991,2025-05-26 10:58:33,42.4528388977051,-8.92375659942627,"Female"
"9004158",371991,2025-05-26 11:03:35,42.4528617858887,-8.92374515533447,"Female"
"9004158",371991,2025-05-26 11:08:34,42.4530715942383,-8.92376327514648,"Female"
"9004158",371991,2025-05-26 11:13:36,42.4531021118164,-8.92382049560547,"Female"
"9004158",371991,2025-05-26 11:18:55,42.4531517028809,-8.92376899719238,"Female"
"9004158",371991,2025-05-26 11:23:55,42.453685760498,-8.92326831817627,"Female"
"9004158",371991,2025-05-26 11:28:54,42.454475402832,-8.92393398284912,"Female"
"9004158",371991,2025-05-26 11:34:08,42.453498840332,-8.92329978942871,"Female"
"9004158",371991,2025-05-26 11:39:08,42.4524765014648,-8.92269515991211,"Female"
"9004158",371991,2025-05-26 11:44:16,42.4521980285645,-8.92294692993164,"Female"
"9004158",371991,2025-05-26 11:49:06,42.4522514343262,-8.92385101318359,"Female"
"9004158",371991,2025-05-26 11:54:26,42.4525184631348,-8.92378807067871,"Female"
"9004158",371991,2025-05-26 11:59:07,42.4523696899414,-8.92395973205566,"Female"
"9004158",371991,2025-05-26 12:04:35,42.4521636962891,-8.92356872558594,"Female"
"9004158",371991,2025-05-26 12:09:05,42.4521369934082,-8.9235668182373,"Female"
"9004158",371991,2025-05-26 12:14:05,42.4521789550781,-8.92350292205811,"Female"
"9004158",371991,2025-05-26 12:19:07,42.4522171020508,-8.92353534698486,"Female"
"9004158",371991,2025-05-26 12:24:08,42.4524078369141,-8.92318916320801,"Female"
"9004158",371991,2025-05-26 12:29:07,42.4521751403809,-8.92344188690186,"Female"
"9004158",371991,2025-05-26 12:34:07,42.452205657959,-8.92348480224609,"Female"
"9004158",371991,2025-05-26 12:39:05,42.4521484375,-8.92354679107666,"Female"
"9004158",371991,2025-05-26 12:44:06,42.4520683288574,-8.92364597320557,"Female"
"9004158",371991,2025-05-26 12:49:05,42.4521789550781,-8.92351150512695,"Female"
"9004158",371991,2025-05-26 12:54:05,42.4521408081055,-8.92360687255859,"Female"
"9004158",371991,2025-05-26 12:59:06,42.4521484375,-8.92358493804932,"Female"
"9004158",371991,2025-05-26 13:04:14,42.4525909423828,-8.92326641082764,"Female"
"9004158",371991,2025-05-26 13:09:13,42.4525337219238,-8.92183017730713,"Female"
"9004158",371991,2025-05-26 13:14:13,42.4530601501465,-8.9209508895874,"Female"
"9004158",371991,2025-05-26 13:19:13,42.4548950195312,-8.91965675354004,"Female"
"9004158",371991,2025-05-26 13:24:20,42.4548950195312,-8.91985034942627,"Female"
"9004158",371991,2025-05-26 13:29:45,42.4553337097168,-8.91967964172363,"Female"
"9004158",371991,2025-05-26 13:34:41,42.455940246582,-8.9197826385498,"Female"
"9004158",371991,2025-05-26 13:39:58,42.4568519592285,-8.91934967041016,"Female"
"9004158",371991,2025-05-26 13:45:19,42.4565467834473,-8.91933250427246,"Female"
"9004158",371991,2025-05-26 13:50:26,42.4561233520508,-8.92077541351318,"Female"
"9004158",371991,2025-05-26 13:55:26,42.4556198120117,-8.92159080505371,"Female"
"9004158",371991,2025-05-26 14:02:08,42.4552993774414,-8.92197608947754,"Female"
"9004158",371991,2025-05-26 14:07:06,42.4554100036621,-8.9218225479126,"Female"
"9004158",371991,2025-05-26 14:12:07,42.4555053710938,-8.92192077636719,"Female"
"9004158",371991,2025-05-26 14:17:07,42.4554901123047,-8.92181205749512,"Female"
"9004158",371991,2025-05-26 14:22:06,42.4554634094238,-8.92173767089844,"Female"
"9004158",371991,2025-05-26 14:27:06,42.455451965332,-8.92165279388428,"Female"
"9004158",371991,2025-05-26 14:32:06,42.4552612304688,-8.92147254943848,"Female"
"9004158",371991,2025-05-26 14:37:35,42.4554061889648,-8.9218168258667,"Female"
"9004158",371991,2025-05-26 14:42:06,42.4555053710938,-8.92177677154541,"Female"
"9004158",371991,2025-05-26 14:47:06,42.455436706543,-8.92179870605469,"Female"
"9004158",371991,2025-05-26 14:52:06,42.4554328918457,-8.92178726196289,"Female"
"9004158",371991,2025-05-26 14:57:06,42.4554443359375,-8.92184829711914,"Female"
"9004158",371991,2025-05-26 15:02:06,42.4554138183594,-8.92179107666016,"Female"
"9004158",371991,2025-05-26 15:07:07,42.4554138183594,-8.92111778259277,"Female"
"9004158",371991,2025-05-26 15:12:06,42.4549789428711,-8.91973686218262,"Female"
"9004158",371991,2025-05-26 15:17:16,42.4546852111816,-8.91879844665527,"Female"
"9004158",371991,2025-05-26 15:22:14,42.4546508789062,-8.91852855682373,"Female"
"9004158",371991,2025-05-26 15:27:15,42.4546432495117,-8.91854476928711,"Female"
"9004158",371991,2025-05-26 15:32:15,42.4546318054199,-8.9185791015625,"Female"
"9004158",371991,2025-05-26 15:37:15,42.4546089172363,-8.9185676574707,"Female"
"9004158",371991,2025-05-26 15:42:15,42.454662322998,-8.91852569580078,"Female"
"9004158",371991,2025-05-26 15:47:15,42.4546279907227,-8.91854763031006,"Female"
"9004158",371991,2025-05-26 15:52:15,42.4546241760254,-8.91852474212646,"Female"
"9004158",371991,2025-05-26 15:57:15,42.4546012878418,-8.91851997375488,"Female"
"9004158",371991,2025-05-26 16:02:15,42.4541969299316,-8.91845893859863,"Female"
"9004158",371991,2025-05-26 16:07:42,42.4204978942871,-8.92228603363037,"Female"
"9004158",371991,2025-05-26 16:12:15,42.3988494873047,-8.92150688171387,"Female"
"9004158",371991,2025-05-26 16:17:21,42.3989410400391,-8.92120933532715,"Female"
"9004158",371991,2025-05-26 16:22:18,42.3989791870117,-8.92126274108887,"Female"
"9004158",371991,2025-05-26 16:27:17,42.3989448547363,-8.92118358612061,"Female"
"9004158",371991,2025-05-26 16:32:35,42.3989448547363,-8.92111492156982,"Female"
"9004158",371991,2025-05-26 16:37:15,42.3989295959473,-8.92103481292725,"Female"
"9004158",371991,2025-05-26 16:42:15,42.3989295959473,-8.92101573944092,"Female"
"9004158",371991,2025-05-26 16:47:15,42.3989143371582,-8.92104244232178,"Female"
"9004158",371991,2025-05-26 16:52:15,42.3989715576172,-8.92111301422119,"Female"
"9004158",371991,2025-05-26 16:57:15,42.3989410400391,-8.92108345031738,"Female"
"9004158",371991,2025-05-26 17:02:15,42.3989181518555,-8.92098522186279,"Female"
"9004158",371991,2025-05-26 17:07:35,42.3989562988281,-8.9210205078125,"Female"
"9004158",371991,2025-05-26 17:12:16,42.398796081543,-8.92093753814697,"Female"
"9004158",371991,2025-05-26 17:17:23,42.3988342285156,-8.92107486724854,"Female"
"9004158",371991,2025-05-26 17:22:17,42.3987884521484,-8.92094898223877,"Female"
"9004158",371991,2025-05-26 17:27:25,42.3988037109375,-8.92109489440918,"Female"
"9004158",371991,2025-05-26 17:32:18,42.3994331359863,-8.92229080200195,"Female"
"9004158",371991,2025-05-26 17:37:21,42.3994369506836,-8.92207050323486,"Female"
"9004158",371991,2025-05-26 17:43:40,42.3994255065918,-8.92210292816162,"Female"
"9004158",371991,2025-05-26 17:48:14,42.3992347717285,-8.92214775085449,"Female"
"9004158",371991,2025-05-26 17:52:17,42.3994064331055,-8.92216777801514,"Female"
"9004158",371991,2025-05-26 17:57:18,42.3998985290527,-8.92256450653076,"Female"
"9004158",371991,2025-05-26 18:02:23,42.3995742797852,-8.9221363067627,"Female"
"9004158",371991,2025-05-26 18:07:18,42.4001274108887,-8.92537307739258,"Female"
"9004158",371991,2025-05-26 18:12:22,42.399585723877,-8.92206764221191,"Female"
"9004158",371991,2025-05-26 18:17:19,42.3994903564453,-8.92202472686768,"Female"
"9004158",371991,2025-05-26 18:22:21,42.3995018005371,-8.92207431793213,"Female"
"9004158",371991,2025-05-26 18:27:23,42.3995819091797,-8.92193984985352,"Female"
"9004158",371991,2025-05-26 18:32:23,42.4007148742676,-8.92480087280273,"Female"
"9004158",371991,2025-05-26 18:37:24,42.3991584777832,-8.92240333557129,"Female"
"9004158",371991,2025-05-26 18:42:38,42.4000663757324,-8.92309093475342,"Female"
"9004158",371991,2025-05-26 18:47:49,42.4000854492188,-8.92245292663574,"Female"
"9004158",371991,2025-05-26 18:52:34,42.3998489379883,-8.92251396179199,"Female"
"9004158",371991,2025-05-26 18:57:24,42.4003295898438,-8.92289066314697,"Female"
"9004158",371991,2025-05-26 19:02:34,42.3992729187012,-8.92227363586426,"Female"
"9004158",371991,2025-05-26 19:07:44,42.3993949890137,-8.9220027923584,"Female"
"9004158",371991,2025-05-26 19:12:17,42.3992691040039,-8.92199993133545,"Female"
"9004158",371991,2025-05-26 19:17:19,42.3995704650879,-8.92218017578125,"Female"
"9004158",371991,2025-05-26 19:22:22,42.399658203125,-8.92212963104248,"Female"
"9004158",371991,2025-05-26 19:27:25,42.3992156982422,-8.92096138000488,"Female"
"9004158",371991,2025-05-26 19:32:30,42.3997230529785,-8.92200374603271,"Female"
"9004158",371991,2025-05-26 19:37:23,42.3997802734375,-8.92247867584229,"Female"
"9004158",371991,2025-05-26 19:42:43,42.3993988037109,-8.92166996002197,"Female"
"9004158",371991,2025-05-26 19:47:32,42.3993721008301,-8.9220085144043,"Female"
"9004158",371991,2025-05-26 19:52:35,42.3993034362793,-8.92236709594727,"Female"
"9004158",371991,2025-05-26 19:57:44,42.3995018005371,-8.92206859588623,"Female"
"9004158",371991,2025-05-26 20:02:18,42.3995246887207,-8.92209339141846,"Female"
"9004158",371991,2025-05-26 20:07:16,42.3995513916016,-8.92191410064697,"Female"
"9004158",371991,2025-05-26 20:12:23,42.3992118835449,-8.92234992980957,"Female"
"9004158",371991,2025-05-26 20:17:28,42.399112701416,-8.92237949371338,"Female"
"9004158",371991,2025-05-26 20:22:31,42.3992805480957,-8.92217540740967,"Female"
"9004158",371991,2025-05-26 20:27:24,42.3990859985352,-8.92256641387939,"Female"
"9004158",371991,2025-05-26 20:32:18,42.3989906311035,-8.92203807830811,"Female"
"9004158",371991,2025-05-26 20:37:24,42.3992881774902,-8.92262840270996,"Female"
"9004158",371991,2025-05-26 20:42:27,42.3991661071777,-8.92321300506592,"Female"
"9004158",371991,2025-05-26 20:48:40,42.3977851867676,-8.92393684387207,"Female"
"9004158",371991,2025-05-26 20:53:40,42.3988494873047,-8.92240238189697,"Female"
"9004158",371991,2025-05-26 20:58:05,42.3987350463867,-8.92283630371094,"Female"
"9004158",371991,2025-05-26 21:02:25,42.3991661071777,-8.92214202880859,"Female"
"9004158",371991,2025-05-26 21:07:22,42.3993225097656,-8.92262363433838,"Female"
"9004158",371991,2025-05-26 21:12:23,42.399959564209,-8.92393112182617,"Female"
"9004158",371991,2025-05-26 21:17:36,42.399486541748,-8.92250823974609,"Female"
"9004158",371991,2025-05-26 21:22:48,42.3995933532715,-8.92248249053955,"Female"
"9004158",371991,2025-05-26 21:28:02,42.3995819091797,-8.92277145385742,"Female"
"9004158",371991,2025-05-26 21:33:40,42.3995208740234,-8.9227352142334,"Female"
"9004158",371991,2025-05-26 21:38:40,42.3995628356934,-8.92222881317139,"Female"
"9004158",371991,2025-05-26 21:42:26,42.3994140625,-8.9222240447998,"Female"
"9004158",371991,2025-05-26 21:47:29,42.399486541748,-8.92224597930908,"Female"
"9004158",371991,2025-05-26 21:52:30,42.3994750976562,-8.92265892028809,"Female"
"9004158",371991,2025-05-26 21:57:26,42.3996353149414,-8.92223644256592,"Female"
"9004158",371991,2025-05-26 22:02:22,42.3995666503906,-8.92258739471436,"Female"
"9004158",371991,2025-05-26 22:07:34,42.3989944458008,-8.92219734191895,"Female"
"9004158",371991,2025-05-26 22:12:21,42.3993110656738,-8.92222690582275,"Female"
"9004158",371991,2025-05-26 22:17:19,42.3994941711426,-8.92216110229492,"Female"
"9004158",371991,2025-05-26 22:22:31,42.3990325927734,-8.92223453521729,"Female"
"9004158",371991,2025-05-26 22:27:23,42.3992347717285,-8.92209053039551,"Female"
"9004158",371991,2025-05-26 22:32:22,42.3998146057129,-8.92208671569824,"Female"
"9004158",371991,2025-05-26 22:37:25,42.3994483947754,-8.92201614379883,"Female"
"9004158",371991,2025-05-26 22:43:36,42.3994178771973,-8.92214870452881,"Female"
"9004158",371991,2025-05-26 22:48:40,42.3993492126465,-8.92214202880859,"Female"
"9004158",371991,2025-05-26 22:53:40,42.3993835449219,-8.92215251922607,"Female"
"9004158",371991,2025-05-26 22:58:40,42.3993339538574,-8.92218780517578,"Female"
"9004158",371991,2025-05-26 23:03:40,42.3994331359863,-8.92241382598877,"Female"
"9004158",371991,2025-05-26 23:08:13,42.3993263244629,-8.9222297668457,"Female"
"9004158",371991,2025-05-26 23:12:17,42.3997383117676,-8.92216682434082,"Female"
"9004158",371991,2025-05-26 23:17:21,42.3995780944824,-8.92219161987305,"Female"
"9004158",371991,2025-05-26 23:22:19,42.3994026184082,-8.92217826843262,"Female"
"9004158",371991,2025-05-26 23:27:19,42.399356842041,-8.92225551605225,"Female"
"9004158",371991,2025-05-26 23:32:22,42.3993644714355,-8.92216205596924,"Female"
"9004158",371991,2025-05-26 23:37:18,42.3995094299316,-8.92238330841064,"Female"
"9004158",371991,2025-05-26 23:42:22,42.3993988037109,-8.92218780517578,"Female"
"9004158",371991,2025-05-26 23:47:36,42.3992652893066,-8.92210388183594,"Female"
"9004158",371991,2025-05-26 23:52:57,42.3995208740234,-8.92213153839111,"Female"
"9004158",371991,2025-05-26 23:57:21,42.3994941711426,-8.92218494415283,"Female"
"9004158",371991,2025-05-27 00:02:23,42.4012413024902,-8.92212009429932,"Female"
"9004158",371991,2025-05-27 00:07:21,42.4009857177734,-8.92217540740967,"Female"
"9004158",371991,2025-05-27 00:12:20,42.4001235961914,-8.92484474182129,"Female"
"9004158",371991,2025-05-27 00:17:27,42.4012336730957,-8.92225170135498,"Female"
"9004158",371991,2025-05-27 00:22:23,42.4010353088379,-8.92246437072754,"Female"
"9004158",371991,2025-05-27 00:27:53,42.3992462158203,-8.92209529876709,"Female"
"9004158",371991,2025-05-27 00:32:31,42.3992462158203,-8.92196941375732,"Female"
"9004158",371991,2025-05-27 00:38:08,42.3993110656738,-8.92207145690918,"Female"
"9004158",371991,2025-05-27 00:42:19,42.3993453979492,-8.9220552444458,"Female"
"9004158",371991,2025-05-27 00:47:44,42.399284362793,-8.92191028594971,"Female"
"9004158",371991,2025-05-27 00:52:17,42.3993988037109,-8.9221715927124,"Female"
"9004158",371991,2025-05-27 00:57:19,42.3993873596191,-8.92195129394531,"Female"
"9004158",371991,2025-05-27 01:02:24,42.3993263244629,-8.92215251922607,"Female"
"9004158",371991,2025-05-27 01:07:25,42.397891998291,-8.92226028442383,"Female"
"9004158",371991,2025-05-27 01:12:36,42.399112701416,-8.92239761352539,"Female"
"9004158",371991,2025-05-27 01:17:42,42.3990821838379,-8.92233848571777,"Female"
"9004158",371991,2025-05-27 01:22:24,42.4002914428711,-8.92277336120605,"Female"
"9004158",371991,2025-05-27 01:27:35,42.3989105224609,-8.92288017272949,"Female"
"9004158",371991,2025-05-27 01:32:45,42.3992958068848,-8.92217445373535,"Female"
"9004158",371991,2025-05-27 01:38:23,42.3994026184082,-8.921706199646,"Female"
"9004158",371991,2025-05-27 01:42:53,42.3991966247559,-8.92194080352783,"Female"
"9004158",371991,2025-05-27 01:47:34,42.3992729187012,-8.92186737060547,"Female"
"9004158",371991,2025-05-27 01:52:28,42.3992652893066,-8.92202377319336,"Female"
"9004158",371991,2025-05-27 01:57:28,42.3992805480957,-8.92219066619873,"Female"
"9004158",371991,2025-05-27 02:02:49,42.3992767333984,-8.92184448242188,"Female"
"9004158",371991,2025-05-27 02:07:32,42.3992385864258,-8.92165851593018,"Female"
"9004158",371991,2025-05-27 02:12:31,42.3993530273438,-8.92178058624268,"Female"
"9004158",371991,2025-05-27 02:18:40,42.3993873596191,-8.92190551757812,"Female"
"9004158",371991,2025-05-27 02:23:03,42.3994026184082,-8.92200183868408,"Female"
"9004158",371991,2025-05-27 02:27:16,42.3988227844238,-8.92172622680664,"Female"
"9004158",371991,2025-05-27 02:32:21,42.3992767333984,-8.92196178436279,"Female"
"9004158",371991,2025-05-27 02:37:16,42.3994255065918,-8.92210292816162,"Female"
"9004158",371991,2025-05-27 02:42:22,42.3996047973633,-8.92248249053955,"Female"
"9004158",371991,2025-05-27 02:48:21,42.3994827270508,-8.9222412109375,"Female"
"9004158",371991,2025-05-27 02:52:53,42.3995056152344,-8.92221164703369,"Female"
"9004158",371991,2025-05-27 02:57:24,42.3993682861328,-8.92202949523926,"Female"
"9004158",371991,2025-05-27 03:02:22,42.3996276855469,-8.92224597930908,"Female"
"9004158",371991,2025-05-27 03:07:29,42.3994674682617,-8.92211627960205,"Female"
"9004158",371991,2025-05-27 03:12:41,42.3996162414551,-8.92198467254639,"Female"
"9004158",371991,2025-05-27 03:18:14,42.3994560241699,-8.92232322692871,"Female"
"9004158",371991,2025-05-27 03:23:38,42.399299621582,-8.92212581634521,"Female"
"9004158",371991,2025-05-27 03:28:40,42.399284362793,-8.92207717895508,"Female"
"9004158",371991,2025-05-27 03:32:19,42.3993148803711,-8.92210102081299,"Female"
"9004158",371991,2025-05-27 03:37:19,42.3993721008301,-8.92208385467529,"Female"
"9004158",371991,2025-05-27 03:43:40,42.3993530273438,-8.92203617095947,"Female"
"9004158",371991,2025-05-27 03:48:40,42.3992652893066,-8.92219829559326,"Female"
"9004158",371991,2025-05-27 03:53:40,42.3993225097656,-8.92210578918457,"Female"
"9004158",371991,2025-05-27 03:57:19,42.3994827270508,-8.92221355438232,"Female"
"9004158",371991,2025-05-27 04:02:16,42.3994789123535,-8.92238616943359,"Female"
"9004158",371991,2025-05-27 04:07:18,42.3993148803711,-8.92233276367188,"Female"
"9004158",371991,2025-05-27 04:12:19,42.3992691040039,-8.92181301116943,"Female"
"9004158",371991,2025-05-27 04:17:22,42.3994407653809,-8.92237281799316,"Female"
"9004158",371991,2025-05-27 04:22:19,42.3994026184082,-8.92215442657471,"Female"
"9004158",371991,2025-05-27 04:27:19,42.399341583252,-8.921875,"Female"
"9004158",371991,2025-05-27 04:32:19,42.3995819091797,-8.92220973968506,"Female"
"9004158",371991,2025-05-27 04:37:18,42.3994941711426,-8.92231464385986,"Female"
"9004158",371991,2025-05-27 04:42:19,42.3993492126465,-8.92221450805664,"Female"
"9004158",371991,2025-05-27 04:47:44,42.3992118835449,-8.92225456237793,"Female"
"9004158",371991,2025-05-27 04:52:37,42.3992042541504,-8.92230415344238,"Female"
"9004158",371991,2025-05-27 04:57:21,42.3990745544434,-8.92189788818359,"Female"
"9004158",371991,2025-05-27 05:02:23,42.3992500305176,-8.92242240905762,"Female"
"9004158",371991,2025-05-27 05:07:27,42.3991088867188,-8.92215442657471,"Female"
"9004158",371991,2025-05-27 05:12:26,42.3991279602051,-8.92223072052002,"Female"
"9004158",371991,2025-05-27 05:17:51,42.3995018005371,-8.92275619506836,"Female"
"9004158",371991,2025-05-27 05:22:28,42.3994789123535,-8.92259979248047,"Female"
"9004158",371991,2025-05-27 05:27:15,42.407356262207,-8.92213916778564,"Female"
"9004158",371991,2025-05-27 05:32:16,42.4308090209961,-8.92282009124756,"Female"
"9004158",371991,2025-05-27 05:37:16,42.4517288208008,-8.92052936553955,"Female"
"9004158",371991,2025-05-27 05:42:16,42.4519538879395,-8.92026805877686,"Female"
"9004158",371991,2025-05-27 05:47:21,42.4523239135742,-8.92069339752197,"Female"
"9004158",371991,2025-05-27 05:52:23,42.4548149108887,-8.91887378692627,"Female"
"9004158",371991,2025-05-27 05:57:24,42.4547500610352,-8.9189567565918,"Female"
"9004158",371991,2025-05-27 06:02:23,42.4547157287598,-8.91889095306396,"Female"
"9004158",371991,2025-05-27 06:07:53,42.4546966552734,-8.91848850250244,"Female"
"9004158",371991,2025-05-27 06:12:19,42.4547157287598,-8.91867637634277,"Female"
"9004158",371991,2025-05-27 06:17:21,42.4546966552734,-8.91853427886963,"Female"
"9004158",371991,2025-05-27 06:22:22,42.4546813964844,-8.91841793060303,"Female"
"9004158",371991,2025-05-27 06:27:22,42.4546508789062,-8.91845226287842,"Female"
"9004158",371991,2025-05-27 06:32:24,42.4545478820801,-8.91825675964355,"Female"
"9004158",371991,2025-05-27 06:37:25,42.4545783996582,-8.91840744018555,"Female"
"9004158",371991,2025-05-27 06:42:29,42.4546127319336,-8.9183988571167,"Female"
"9004158",371991,2025-05-27 06:47:30,42.4546318054199,-8.91840648651123,"Female"
"9004158",371991,2025-05-27 06:52:30,42.4546127319336,-8.91833019256592,"Female"
"9004158",371991,2025-05-27 06:57:30,42.4545555114746,-8.91828727722168,"Female"
"9004158",371991,2025-05-27 07:02:35,42.454532623291,-8.91804695129395,"Female"
"9004158",371991,2025-05-27 07:07:40,42.4545669555664,-8.91832160949707,"Female"
"9004158",371991,2025-05-27 07:12:21,42.4545783996582,-8.91830158233643,"Female"
"9004158",371991,2025-05-27 07:17:22,42.4546089172363,-8.9184513092041,"Female"
"9004158",371991,2025-05-27 07:22:49,42.4562950134277,-8.92018127441406,"Female"
"9004158",371991,2025-05-27 07:27:33,42.4561653137207,-8.91968154907227,"Female"
"9004158",371991,2025-05-27 07:33:22,42.456485748291,-8.91855525970459,"Female"
"9004158",371991,2025-05-27 07:38:15,42.4563407897949,-8.91906452178955,"Female"
"9004158",371991,2025-05-27 07:43:17,42.4557685852051,-8.9197998046875,"Female"
"9004158",371991,2025-05-27 07:48:35,42.4559059143066,-8.91997241973877,"Female"
"9004158",371991,2025-05-27 07:53:11,42.4559135437012,-8.92001247406006,"Female"
"9004158",371991,2025-05-27 07:58:11,42.4559593200684,-8.91997337341309,"Female"
"9004158",371991,2025-05-27 08:03:11,42.4559135437012,-8.92002964019775,"Female"
"9004158",371991,2025-05-27 08:08:10,42.4558334350586,-8.92005252838135,"Female"
"9004158",371991,2025-05-27 08:13:11,42.4559211730957,-8.91999435424805,"Female"
"9004158",371991,2025-05-27 08:18:11,42.4558982849121,-8.92002391815186,"Female"
"9004158",371991,2025-05-27 08:23:11,42.4559478759766,-8.92001819610596,"Female"
"9004158",371991,2025-05-27 08:28:11,42.4557838439941,-8.92020797729492,"Female"
"9004158",371991,2025-05-27 08:33:10,42.455192565918,-8.92124462127686,"Female"
"9004158",371991,2025-05-27 08:38:10,42.4543151855469,-8.92205142974854,"Female"
"9004158",371991,2025-05-27 08:43:12,42.4537811279297,-8.92299365997314,"Female"
"9004158",371991,2025-05-27 08:48:15,42.4527130126953,-8.92396068572998,"Female"
"9004158",371991,2025-05-27 08:53:11,42.4523811340332,-8.92363929748535,"Female"
"9004158",371991,2025-05-27 08:58:52,42.4540901184082,-8.92375564575195,"Female"
"9004158",371991,2025-05-27 09:03:17,42.4539833068848,-8.92374897003174,"Female"
"9004158",371991,2025-05-27 09:08:58,42.4520149230957,-8.9224853515625,"Female"
"9004158",371991,2025-05-27 09:14:06,42.4515266418457,-8.92348575592041,"Female"
"9004158",371991,2025-05-27 09:19:36,42.4514427185059,-8.92389965057373,"Female"
"9004158",371991,2025-05-27 09:24:49,42.4512672424316,-8.92292213439941,"Female"
"9004158",371991,2025-05-27 09:30:09,42.4514656066895,-8.92264747619629,"Female"
"9004158",371991,2025-05-27 09:35:10,42.4514923095703,-8.92214488983154,"Female"
"9004158",371991,2025-05-27 09:40:10,42.4523696899414,-8.9227466583252,"Female"
"9004158",371991,2025-05-27 09:45:10,42.4526100158691,-8.92281150817871,"Female"
"9004158",371991,2025-05-27 09:50:11,42.4525489807129,-8.9228515625,"Female"
"9004158",371991,2025-05-27 09:55:35,42.4521026611328,-8.92277050018311,"Female"
"9004158",371991,2025-05-27 10:00:05,42.4520797729492,-8.92271137237549,"Female"
"9004158",371991,2025-05-27 10:05:05,42.452033996582,-8.92275810241699,"Female"
"9004158",371991,2025-05-27 10:10:05,42.4278602600098,-8.92020416259766,"Female"
"9004158",371991,2025-05-27 10:15:06,42.3979034423828,-8.9237585067749,"Female"
"9004158",371991,2025-05-27 10:20:10,42.3977699279785,-8.92328357696533,"Female"
"9004158",371991,2025-05-27 10:25:10,42.3977966308594,-8.9237813949585,"Female"
"9004158",371991,2025-05-27 10:30:30,42.3981857299805,-8.92380905151367,"Female"
"9004158",371991,2025-05-27 10:35:06,42.3984107971191,-8.92043113708496,"Female"
"9004158",371991,2025-05-27 10:40:07,42.3989028930664,-8.92104053497314,"Female"
"9004158",371991,2025-05-27 10:45:08,42.3988876342773,-8.92080974578857,"Female"
"9004158",371991,2025-05-27 10:50:08,42.3988914489746,-8.92115497589111,"Female"
"9004158",371991,2025-05-27 10:55:09,42.3988838195801,-8.92104053497314,"Female"
"9004158",371991,2025-05-27 11:00:09,42.3990478515625,-8.92140007019043,"Female"
"9004158",371991,2025-05-27 11:05:08,42.3991661071777,-8.92154121398926,"Female"
"9004158",371991,2025-05-27 11:10:20,42.3991012573242,-8.9213285446167,"Female"
"9004158",371991,2025-05-27 11:15:20,42.399097442627,-8.92136478424072,"Female"
"9004158",371991,2025-05-27 11:20:20,42.3991584777832,-8.92131233215332,"Female"
"9004158",371991,2025-05-27 11:25:06,42.3992118835449,-8.92144680023193,"Female"
"9004158",371991,2025-05-27 11:30:18,42.3991813659668,-8.92138385772705,"Female"
"9004158",371991,2025-05-27 11:35:33,42.3990936279297,-8.92129993438721,"Female"
"9004158",371991,2025-05-27 11:40:05,42.399227142334,-8.92129516601562,"Female"
"9004158",371991,2025-05-27 11:45:05,42.3990516662598,-8.92115116119385,"Female"
"9004158",371991,2025-05-27 11:50:06,42.3991088867188,-8.92162322998047,"Female"
"9004158",371991,2025-05-27 11:55:07,42.3992538452148,-8.92199230194092,"Female"
"9004158",371991,2025-05-27 12:00:05,42.4122428894043,-8.9181489944458,"Female"
"9004158",371991,2025-05-27 12:05:08,42.414436340332,-8.91804981231689,"Female"
"9004158",371991,2025-05-27 12:10:06,42.4429130554199,-8.91666126251221,"Female"
"9004158",371991,2025-05-27 12:15:19,42.452220916748,-8.92049026489258,"Female"
"9004158",371991,2025-05-27 12:20:51,42.4528884887695,-8.92133617401123,"Female"
"9004158",371991,2025-05-27 12:26:05,42.454044342041,-8.92129802703857,"Female"
"9004158",371991,2025-05-27 12:31:08,42.455249786377,-8.92189311981201,"Female"
"9004158",371991,2025-05-27 12:36:08,42.4557075500488,-8.92119693756104,"Female"
"9004158",371991,2025-05-27 12:42:08,42.4565391540527,-8.91959285736084,"Female"
"9004158",371991,2025-05-27 12:47:13,42.4570579528809,-8.91873836517334,"Female"
"9004158",371991,2025-05-27 12:52:38,42.4580001831055,-8.91768360137939,"Female"
"9004158",371991,2025-05-27 12:57:37,42.456916809082,-8.91919136047363,"Female"
"9004158",371991,2025-05-27 13:02:55,42.4562568664551,-8.92028427124023,"Female"
"9004158",371991,2025-05-27 13:09:10,42.4557685852051,-8.92195320129395,"Female"
"9004158",371991,2025-05-27 13:14:12,42.4551544189453,-8.92284297943115,"Female"
"9004158",371991,2025-05-27 13:18:54,42.4551582336426,-8.9227933883667,"Female"
"9004158",371991,2025-05-27 13:23:57,42.4548835754395,-8.92318630218506,"Female"
"9004158",371991,2025-05-27 13:28:56,42.4547462463379,-8.9232120513916,"Female"
"9004158",371991,2025-05-27 13:33:57,42.4546585083008,-8.92316627502441,"Female"
"9004158",371991,2025-05-27 13:38:56,42.4546890258789,-8.92323303222656,"Female"
"9004158",371991,2025-05-27 13:43:58,42.4546508789062,-8.92324638366699,"Female"
"9004158",371991,2025-05-27 13:49:14,42.4550361633301,-8.92269229888916,"Female"
"9004158",371991,2025-05-27 13:53:53,42.4550704956055,-8.92269134521484,"Female"
"9004158",371991,2025-05-27 13:58:53,42.4548797607422,-8.92256546020508,"Female"
"9004158",371991,2025-05-27 14:03:57,42.455020904541,-8.92262554168701,"Female"
"9004158",371991,2025-05-27 14:08:54,42.455005645752,-8.9226131439209,"Female"
"9004158",371991,2025-05-27 14:13:55,42.4550132751465,-8.92267036437988,"Female"
"9004158",371991,2025-05-27 14:18:54,42.4541168212891,-8.92279624938965,"Female"
"9004158",371991,2025-05-27 14:23:57,42.4531631469727,-8.92257499694824,"Female"
"9004158",371991,2025-05-27 14:28:55,42.4533042907715,-8.9233922958374,"Female"
"9004158",371991,2025-05-27 14:34:27,42.454891204834,-8.92304039001465,"Female"
"9004158",371991,2025-05-27 14:39:08,42.4548988342285,-8.92166996002197,"Female"
"9004158",371991,2025-05-27 14:44:11,42.4550933837891,-8.92183971405029,"Female"
"9004158",371991,2025-05-27 14:49:39,42.4560813903809,-8.92071342468262,"Female"
"9004158",371991,2025-05-27 14:55:44,42.4559669494629,-8.91990947723389,"Female"
"9004158",371991,2025-05-27 15:00:05,42.4564094543457,-8.91977977752686,"Female"
"9004158",371991,2025-05-27 15:05:05,42.4564208984375,-8.91942119598389,"Female"
"9004158",371991,2025-05-27 15:10:05,42.4558029174805,-8.92057418823242,"Female"
"9004158",371991,2025-05-27 15:15:06,42.455379486084,-8.92160701751709,"Female"
"9004158",371991,2025-05-27 15:20:06,42.4554710388184,-8.9217586517334,"Female"
"9004158",371991,2025-05-27 15:25:07,42.4554252624512,-8.921630859375,"Female"
"9004158",371991,2025-05-27 15:30:05,42.4552230834961,-8.92160320281982,"Female"
"9004158",371991,2025-05-27 15:35:07,42.4553337097168,-8.92169952392578,"Female"
"9004158",371991,2025-05-27 15:40:06,42.4552574157715,-8.92165470123291,"Female"
"9004158",371991,2025-05-27 15:45:14,42.4553070068359,-8.92183303833008,"Female"
"9004158",371991,2025-05-27 15:50:05,42.4552383422852,-8.92170143127441,"Female"
"9004158",371991,2025-05-27 15:55:05,42.4552421569824,-8.92173480987549,"Female"
"9004158",371991,2025-05-27 16:00:05,42.4552726745605,-8.92176055908203,"Female"
"9004158",371991,2025-05-27 16:05:05,42.4552955627441,-8.92178630828857,"Female"
"9004158",371991,2025-05-27 16:10:07,42.4552955627441,-8.9217586517334,"Female"
"9004158",371991,2025-05-27 16:15:07,42.4553108215332,-8.92165279388428,"Female"
"9004158",371991,2025-05-27 16:20:06,42.4552726745605,-8.9217004776001,"Female"
"9004158",371991,2025-05-27 16:25:07,42.4552993774414,-8.92168235778809,"Female"
"9004158",371991,2025-05-27 16:30:35,42.455150604248,-8.92153358459473,"Female"
"9004158",371991,2025-05-27 16:35:05,42.4542350769043,-8.92199230194092,"Female"
"9004158",371991,2025-05-27 16:40:19,42.4533042907715,-8.9235668182373,"Female"
"9004158",371991,2025-05-27 16:45:37,42.4524421691895,-8.9243631362915,"Female"
"9004158",371991,2025-05-27 16:50:36,42.4522857666016,-8.92408275604248,"Female"
"9004158",371991,2025-05-27 16:55:36,42.4518165588379,-8.92343902587891,"Female"
"9004158",371991,2025-05-27 17:00:37,42.4511032104492,-8.923415184021,"Female"
"9004158",371991,2025-05-27 17:05:39,42.4504508972168,-8.92386341094971,"Female"
"9004158",371991,2025-05-27 17:10:45,42.4510726928711,-8.92335319519043,"Female"
"9004158",371991,2025-05-27 17:16:16,42.4509239196777,-8.92345142364502,"Female"
"9004158",371991,2025-05-27 17:20:37,42.4089393615723,-8.92152214050293,"Female"
"9004158",371991,2025-05-27 17:27:01,42.399097442627,-8.92095279693604,"Female"
"9004158",371991,2025-05-27 17:30:36,42.3989334106445,-8.92135524749756,"Female"
"9004158",371991,2025-05-27 17:35:37,42.3988647460938,-8.92137241363525,"Female"
"9004158",371991,2025-05-27 17:40:36,42.3989334106445,-8.92130661010742,"Female"
"9004158",371991,2025-05-27 17:45:36,42.3989486694336,-8.92127323150635,"Female"
"9004158",371991,2025-05-27 17:50:37,42.3990478515625,-8.92099666595459,"Female"
"9004158",371991,2025-05-27 17:55:38,42.3990211486816,-8.92110443115234,"Female"
"9004158",371991,2025-05-27 18:00:36,42.3989868164062,-8.92108726501465,"Female"
"9004158",371991,2025-05-27 18:06:04,42.3989181518555,-8.92117214202881,"Female"
"9004158",371991,2025-05-27 18:10:36,42.3990249633789,-8.92106437683105,"Female"
"9004158",371991,2025-05-27 18:15:36,42.3990173339844,-8.92107105255127,"Female"
"9004158",371991,2025-05-27 18:20:36,42.3990097045898,-8.92106437683105,"Female"
"9004158",371991,2025-05-27 18:25:36,42.3989715576172,-8.92112731933594,"Female"
"9004158",371991,2025-05-27 18:30:36,42.3989791870117,-8.92111873626709,"Female"
"9004158",371991,2025-05-27 18:35:36,42.3989753723145,-8.92110633850098,"Female"
"9004158",371991,2025-05-27 18:40:36,42.398998260498,-8.92116069793701,"Female"
"9004158",371991,2025-05-27 18:45:36,42.3990135192871,-8.92112636566162,"Female"
"9004158",371991,2025-05-27 18:50:40,42.398983001709,-8.92111015319824,"Female"
"9004158",371991,2025-05-27 18:55:46,42.39892578125,-8.9210844039917,"Female"
"9004158",371991,2025-05-27 19:00:36,42.3989944458008,-8.92121982574463,"Female"
"9004158",371991,2025-05-27 19:05:37,42.3989677429199,-8.92114925384521,"Female"
"9004158",371991,2025-05-27 19:11:05,42.3989753723145,-8.921142578125,"Female"
"9004158",371991,2025-05-27 19:15:47,42.3995895385742,-8.92197608947754,"Female"
"9004158",371991,2025-05-27 19:20:49,42.3996467590332,-8.92201232910156,"Female"
"9004158",371991,2025-05-27 19:25:48,42.3993110656738,-8.92243480682373,"Female"
"9004158",371991,2025-05-27 19:30:47,42.3990707397461,-8.92291164398193,"Female"
"9004158",371991,2025-05-27 19:35:41,42.3993682861328,-8.9225959777832,"Female"
"9004158",371991,2025-05-27 19:40:43,42.3991889953613,-8.92220687866211,"Female"
"9004158",371991,2025-05-27 19:46:04,42.3995399475098,-8.92232513427734,"Female"
"9004158",371991,2025-05-27 19:50:39,42.3998794555664,-8.92185497283936,"Female"
"9004158",371991,2025-05-27 19:55:43,42.3995590209961,-8.922438621521,"Female"
"9004158",371991,2025-05-27 20:00:46,42.3992195129395,-8.92212104797363,"Female"
"9004158",371991,2025-05-27 20:05:45,42.3996124267578,-8.92232227325439,"Female"
"9004158",371991,2025-05-27 20:11:05,42.3994598388672,-8.92226028442383,"Female"
"9004158",371991,2025-05-27 20:15:39,42.399543762207,-8.92274761199951,"Female"
"9004158",371991,2025-05-27 20:20:58,42.3993988037109,-8.92208957672119,"Female"
"9004158",371991,2025-05-27 20:26:46,42.3995590209961,-8.92231178283691,"Female"
"9004158",371991,2025-05-27 20:30:43,42.3996162414551,-8.92232799530029,"Female"
"9004158",371991,2025-05-27 20:35:47,42.399284362793,-8.92240333557129,"Female"
"9004158",371991,2025-05-27 20:40:39,42.3988418579102,-8.92103099822998,"Female"
"9004158",371991,2025-05-27 20:46:05,42.3993873596191,-8.92222881317139,"Female"
"9004158",371991,2025-05-27 20:50:38,42.3993225097656,-8.92210483551025,"Female"
"9004158",371991,2025-05-27 20:55:42,42.399528503418,-8.9226188659668,"Female"
"9004158",371991,2025-05-27 21:00:39,42.3990058898926,-8.92106342315674,"Female"
"9004158",371991,2025-05-27 21:05:39,42.3993682861328,-8.92202568054199,"Female"
"9004158",371991,2025-05-27 21:10:48,42.3992691040039,-8.92220497131348,"Female"
"9004158",371991,2025-05-27 21:15:46,42.3990173339844,-8.92071914672852,"Female"
"9004158",371991,2025-05-27 21:22:01,42.3994674682617,-8.92250633239746,"Female"
"9004158",371991,2025-05-27 21:25:42,42.3990440368652,-8.92093563079834,"Female"
"9004158",371991,2025-05-27 21:30:46,42.3995056152344,-8.92356967926025,"Female"
"9004158",371991,2025-05-27 21:35:45,42.399585723877,-8.92237091064453,"Female"
"9004158",371991,2025-05-27 21:40:45,42.3992233276367,-8.92275428771973,"Female"
"9004158",371991,2025-05-27 21:45:56,42.3997688293457,-8.922287940979,"Female"
"9004158",371991,2025-05-27 21:51:17,42.3997573852539,-8.92264938354492,"Female"
"9004158",371991,2025-05-27 21:55:37,42.3996238708496,-8.9224967956543,"Female"
"9004158",371991,2025-05-27 22:00:37,42.3997268676758,-8.92243480682373,"Female"
"9004158",371991,2025-05-27 22:05:37,42.3995895385742,-8.92249774932861,"Female"
"9004158",371991,2025-05-27 22:10:38,42.3994140625,-8.9224100112915,"Female"
"9004158",371991,2025-05-27 22:15:50,42.3996658325195,-8.92236518859863,"Female"
"9004158",371991,2025-05-27 22:20:41,42.3995094299316,-8.92252540588379,"Female"
"9004158",371991,2025-05-27 22:25:46,42.3999519348145,-8.92245674133301,"Female"
"9004158",371991,2025-05-27 22:31:05,42.3995018005371,-8.92245388031006,"Female"
"9004158",371991,2025-05-27 22:35:37,42.3994407653809,-8.92270088195801,"Female"
"9004158",371991,2025-05-27 22:40:38,42.3995170593262,-8.92261695861816,"Female"
"9004158",371991,2025-05-27 22:45:38,42.3996162414551,-8.9228401184082,"Female"
"9004158",371991,2025-05-27 22:50:39,42.3995323181152,-8.92245101928711,"Female"
"9004158",371991,2025-05-27 22:55:39,42.3995323181152,-8.92252922058105,"Female"
"9004158",371991,2025-05-27 23:00:40,42.399528503418,-8.92240905761719,"Female"
"9004158",371991,2025-05-27 23:05:40,42.3995399475098,-8.92270278930664,"Female"
"9004158",371991,2025-05-27 23:10:47,42.3994369506836,-8.92268848419189,"Female"
"9004158",371991,2025-05-27 23:15:57,42.3993911743164,-8.92262268066406,"Female"
"9004158",371991,2025-05-27 23:20:40,42.399356842041,-8.92245674133301,"Female"
"9004158",371991,2025-05-27 23:26:14,42.3993949890137,-8.9226131439209,"Female"
"9004158",371991,2025-05-27 23:30:40,42.3995552062988,-8.92299842834473,"Female"
"9004158",371991,2025-05-27 23:35:41,42.3993682861328,-8.92203426361084,"Female"
"9004158",371991,2025-05-27 23:40:40,42.400203704834,-8.9244213104248,"Female"
"9004158",371991,2025-05-27 23:46:05,42.3994636535645,-8.92217636108398,"Female"
"9004158",371991,2025-05-27 23:50:42,42.3993225097656,-8.92224502563477,"Female"
"9004158",371991,2025-05-27 23:55:51,42.3996543884277,-8.92219257354736,"Female"
"9004158",371991,2025-05-28 00:01:23,42.3994903564453,-8.9221305847168,"Female"
"9004158",371991,2025-05-28 00:05:37,42.399528503418,-8.92216300964355,"Female"
"9004158",371991,2025-05-28 00:10:39,42.3995246887207,-8.92226123809814,"Female"
"9004158",371991,2025-05-28 00:15:38,42.3996200561523,-8.9223518371582,"Female"
"9004158",371991,2025-05-28 00:20:39,42.399528503418,-8.92239475250244,"Female"
"9004158",371991,2025-05-28 00:25:37,42.3995780944824,-8.92248153686523,"Female"
"9004158",371991,2025-05-28 00:30:37,42.399299621582,-8.92213249206543,"Female"
"9004158",371991,2025-05-28 00:35:41,42.3991508483887,-8.92192935943604,"Female"
"9004158",371991,2025-05-28 00:40:40,42.3995132446289,-8.92212390899658,"Female"
"9004158",371991,2025-05-28 00:45:37,42.3998069763184,-8.92249965667725,"Female"
"9004158",371991,2025-05-28 00:50:40,42.3993988037109,-8.92222118377686,"Female"
"9004158",371991,2025-05-28 00:55:40,42.3993339538574,-8.92209339141846,"Female"
"9004158",371991,2025-05-28 01:00:41,42.3990859985352,-8.92191696166992,"Female"
"9004158",371991,2025-05-28 01:05:46,42.3992729187012,-8.92206954956055,"Female"
"9004158",371991,2025-05-28 01:10:43,42.3993263244629,-8.92203426361084,"Female"
"9004158",371991,2025-05-28 01:15:56,42.3992004394531,-8.92209434509277,"Female"
"9004158",371991,2025-05-28 01:20:52,42.3993148803711,-8.92209243774414,"Female"
"9004158",371991,2025-05-28 01:25:53,42.3993644714355,-8.92206382751465,"Female"
"9004158",371991,2025-05-28 01:30:50,42.3993492126465,-8.92213439941406,"Female"
"9004158",371991,2025-05-28 01:36:11,42.3994026184082,-8.92199325561523,"Female"
"9004158",371991,2025-05-28 01:40:46,42.3990859985352,-8.92201232910156,"Female"
"9004158",371991,2025-05-28 01:45:42,42.399471282959,-8.92259407043457,"Female"
"9004158",371991,2025-05-28 01:50:48,42.3993034362793,-8.92221927642822,"Female"
"9004158",371991,2025-05-28 01:55:51,42.399112701416,-8.92207336425781,"Female"
"9004158",371991,2025-05-28 02:01:05,42.3990211486816,-8.92220878601074,"Female"
"9004158",371991,2025-05-28 02:05:42,42.3993644714355,-8.92211723327637,"Female"
"9004158",371991,2025-05-28 02:10:47,42.3993034362793,-8.92197513580322,"Female"
"9004158",371991,2025-05-28 02:16:04,42.3994064331055,-8.92201709747314,"Female"
"9004158",371991,2025-05-28 02:20:42,42.3995971679688,-8.92193984985352,"Female"
"9004158",371991,2025-05-28 02:25:42,42.3991928100586,-8.92197418212891,"Female"
"9004158",371991,2025-05-28 02:31:45,42.3992080688477,-8.92322635650635,"Female"
"9004158",371991,2025-05-28 02:35:48,42.3991088867188,-8.92314720153809,"Female"
"9004158",371991,2025-05-28 02:40:48,42.3989028930664,-8.92293262481689,"Female"
"9004158",371991,2025-05-28 02:45:46,42.3988227844238,-8.92311668395996,"Female"
"9004158",371991,2025-05-28 02:50:45,42.3988075256348,-8.92283916473389,"Female"
"9004158",371991,2025-05-28 02:55:47,42.3985481262207,-8.92266845703125,"Female"
"9004158",371991,2025-05-28 03:00:47,42.3984832763672,-8.92266750335693,"Female"
"9004158",371991,2025-05-28 03:05:48,42.3982162475586,-8.92236137390137,"Female"
"9004158",371991,2025-05-28 03:11:22,42.3999366760254,-8.92228603363037,"Female"
"9004158",371991,2025-05-28 03:15:46,42.399829864502,-8.92227458953857,"Female"
"9004158",371991,2025-05-28 03:21:14,42.3998107910156,-8.92245006561279,"Female"
"9004158",371991,2025-05-28 03:25:43,42.3984527587891,-8.92121028900146,"Female"
"9004158",371991,2025-05-28 03:30:47,42.3993721008301,-8.92209053039551,"Female"
"9004158",371991,2025-05-28 03:35:42,42.3989143371582,-8.92172813415527,"Female"
"9004158",371991,2025-05-28 03:41:03,42.3992462158203,-8.92213821411133,"Female"
"9004158",371991,2025-05-28 03:47:01,42.3995552062988,-8.92211246490479,"Female"
"9004158",371991,2025-05-28 03:51:14,42.3997993469238,-8.9221887588501,"Female"
"9004158",371991,2025-05-28 03:55:48,42.3994750976562,-8.9220609664917,"Female"
"9004158",371991,2025-05-28 04:00:48,42.3994102478027,-8.92207431793213,"Female"
"9004158",371991,2025-05-28 04:05:48,42.3994598388672,-8.92204189300537,"Female"
"9004158",371991,2025-05-28 04:10:48,42.3995208740234,-8.92194843292236,"Female"
"9004158",371991,2025-05-28 04:15:48,42.3991584777832,-8.92202758789062,"Female"
"9004158",371991,2025-05-28 04:20:48,42.3992652893066,-8.92210292816162,"Female"
"9004158",371991,2025-05-28 04:26:44,42.3994483947754,-8.92229461669922,"Female"
"9004158",371991,2025-05-28 04:30:42,42.4000015258789,-8.92288303375244,"Female"
"9004158",371991,2025-05-28 04:36:31,42.399471282959,-8.92178249359131,"Female"
"9004158",371991,2025-05-28 04:41:03,42.3995246887207,-8.92199897766113,"Female"
"9004158",371991,2025-05-28 04:46:22,42.3995094299316,-8.92185497283936,"Female"
"9004158",371991,2025-05-28 04:50:42,42.3997573852539,-8.92242336273193,"Female"
"9004158",371991,2025-05-28 04:57:01,42.3995056152344,-8.92191410064697,"Female"
"9004158",371991,2025-05-28 05:02:01,42.399528503418,-8.92191028594971,"Female"
"9004158",371991,2025-05-28 05:05:41,42.3994750976562,-8.92197704315186,"Female"
"9004158",371991,2025-05-28 05:11:07,42.399658203125,-8.92251777648926,"Female"
"9004158",371991,2025-05-28 05:17:01,42.3996429443359,-8.92253684997559,"Female"
"9004158",371991,2025-05-28 05:20:36,42.4135589599609,-8.92266273498535,"Female"
"9004158",371991,2025-05-28 05:25:37,42.4379425048828,-8.92310619354248,"Female"
"9004158",371991,2025-05-28 05:31:10,42.4526710510254,-8.92080211639404,"Female"
"9004158",371991,2025-05-28 05:36:26,42.4531478881836,-8.91988658905029,"Female"
"9004158",371991,2025-05-28 05:41:24,42.453125,-8.92171478271484,"Female"
"9004158",371991,2025-05-28 05:46:25,42.4518203735352,-8.92271995544434,"Female"
"9004158",371991,2025-05-28 05:51:30,42.4515495300293,-8.92261505126953,"Female"
"9004158",371991,2025-05-28 05:56:24,42.4520149230957,-8.92288684844971,"Female"
"9004158",371991,2025-05-28 06:01:25,42.4518280029297,-8.92271995544434,"Female"
"9004158",371991,2025-05-28 06:06:41,42.4514694213867,-8.92250061035156,"Female"
"9004158",371991,2025-05-28 06:11:27,42.4521751403809,-8.92280387878418,"Female"
"9004158",371991,2025-05-28 06:16:36,42.4524040222168,-8.9232816696167,"Female"
"9004158",371991,2025-05-28 06:21:35,42.4529838562012,-8.92377376556396,"Female"
"9004158",371991,2025-05-28 06:26:37,42.453182220459,-8.92363452911377,"Female"
"9004158",371991,2025-05-28 06:31:37,42.4530982971191,-8.92343044281006,"Female"
"9004158",371991,2025-05-28 06:36:35,42.4531288146973,-8.92359352111816,"Female"
"9004158",371991,2025-05-28 06:41:35,42.4530906677246,-8.92379283905029,"Female"
"9004158",371991,2025-05-28 06:47:05,42.4531211853027,-8.92361259460449,"Female"
"9004158",371991,2025-05-28 06:51:33,42.4531135559082,-8.92348670959473,"Female"
"9004158",371991,2025-05-28 06:56:33,42.4531593322754,-8.92355632781982,"Female"
"9004158",371991,2025-05-28 07:01:33,42.4531593322754,-8.92356586456299,"Female"
"9004158",371991,2025-05-28 07:06:33,42.4531288146973,-8.92356204986572,"Female"
"9004158",371991,2025-05-28 07:11:34,42.4531745910645,-8.92356300354004,"Female"
"9004158",371991,2025-05-28 07:16:33,42.453125,-8.92354011535645,"Female"
"9004158",371991,2025-05-28 07:21:45,42.4532623291016,-8.92344188690186,"Female"
"9004158",371991,2025-05-28 07:26:43,42.4538116455078,-8.92338752746582,"Female"
"9004158",371991,2025-05-28 07:31:43,42.4542427062988,-8.92315578460693,"Female"
"9004158",371991,2025-05-28 07:36:57,42.4552345275879,-8.92219161987305,"Female"
"9004158",371991,2025-05-28 07:42:26,42.4557342529297,-8.92138481140137,"Female"
"9004158",371991,2025-05-28 07:47:29,42.4561576843262,-8.92026233673096,"Female"
"9004158",371991,2025-05-28 07:52:31,42.4560890197754,-8.91976642608643,"Female"
"9004158",371991,2025-05-28 07:57:31,42.4550819396973,-8.92011547088623,"Female"
"9004158",371991,2025-05-28 08:02:43,42.4549522399902,-8.9200963973999,"Female"
"9004158",371991,2025-05-28 08:07:42,42.4550285339355,-8.92023372650146,"Female"
"9004158",371991,2025-05-28 08:12:43,42.4549980163574,-8.92020034790039,"Female"
"9004158",371991,2025-05-28 08:17:43,42.4549598693848,-8.92015361785889,"Female"
"9004158",371991,2025-05-28 08:22:45,42.4550132751465,-8.92014217376709,"Female"
"9004158",371991,2025-05-28 08:27:44,42.4549255371094,-8.92013359069824,"Female"
"9004158",371991,2025-05-28 08:32:44,42.4548416137695,-8.9199161529541,"Female"
"9004158",371991,2025-05-28 08:37:52,42.4548645019531,-8.92001533508301,"Female"
"9004158",371991,2025-05-28 08:42:49,42.4532127380371,-8.92151165008545,"Female"
"9004158",371991,2025-05-28 08:48:48,42.4524383544922,-8.92089462280273,"Female"
"9004158",371991,2025-05-28 08:54:10,42.4518508911133,-8.92012977600098,"Female"
"9004158",371991,2025-05-28 08:58:44,42.4518127441406,-8.91995620727539,"Female"
"9004158",371991,2025-05-28 09:03:46,42.4520606994629,-8.92048358917236,"Female"
"9004158",371991,2025-05-28 09:08:45,42.4519691467285,-8.92011070251465,"Female"
"9004158",371991,2025-05-28 09:13:45,42.4519882202148,-8.92024040222168,"Female"
"9004158",371991,2025-05-28 09:18:46,42.4519996643066,-8.920241355896,"Female"
"9004158",371991,2025-05-28 09:23:52,42.4519577026367,-8.92001342773438,"Female"
"9004158",371991,2025-05-28 09:28:45,42.4519729614258,-8.92029666900635,"Female"
"9004158",371991,2025-05-28 09:33:46,42.4521484375,-8.92139053344727,"Female"
"9004158",371991,2025-05-28 09:38:47,42.4519805908203,-8.92008876800537,"Female"
"9004158",371991,2025-05-28 09:43:51,42.4519157409668,-8.91994380950928,"Female"
"9004158",371991,2025-05-28 09:49:05,42.4519958496094,-8.92003726959229,"Female"
"9004158",371991,2025-05-28 09:54:20,42.4523315429688,-8.92122650146484,"Female"
"9004158",371991,2025-05-28 09:59:15,42.4519920349121,-8.92220497131348,"Female"
"9004158",371991,2025-05-28 10:04:16,42.4522857666016,-8.92271995544434,"Female"
"9004158",371991,2025-05-28 10:09:20,42.4524154663086,-8.92408752441406,"Female"
"9004158",371991,2025-05-28 10:14:17,42.4527168273926,-8.92337799072266,"Female"
"9004158",371991,2025-05-28 10:19:22,42.4521560668945,-8.92374229431152,"Female"
"9004158",371991,2025-05-28 10:24:33,42.4520568847656,-8.92273998260498,"Female"
"9004158",371991,2025-05-28 10:29:43,42.4515151977539,-8.92249298095703,"Female"
"9004158",371991,2025-05-28 10:34:43,42.4511833190918,-8.92224979400635,"Female"
"9004158",371991,2025-05-28 10:39:46,42.4510498046875,-8.92166805267334,"Female"
"9004158",371991,2025-05-28 10:44:47,42.451286315918,-8.92233848571777,"Female"
"9004158",371991,2025-05-28 10:49:47,42.4512786865234,-8.92226028442383,"Female"
"9004158",371991,2025-05-28 10:54:44,42.451343536377,-8.92244720458984,"Female"
"9004158",371991,2025-05-28 10:59:44,42.451343536377,-8.92233753204346,"Female"
"9004158",371991,2025-05-28 11:04:44,42.4513130187988,-8.92245388031006,"Female"
"9004158",371991,2025-05-28 11:09:44,42.4510841369629,-8.92205238342285,"Female"
"9004158",371991,2025-05-28 11:14:49,42.4514236450195,-8.92245197296143,"Female"
"9004158",371991,2025-05-28 11:19:44,42.4515419006348,-8.92269515991211,"Female"
"9004158",371991,2025-05-28 11:25:05,42.4514350891113,-8.92255020141602,"Female"
"9004158",371991,2025-05-28 11:29:44,42.4514122009277,-8.9227294921875,"Female"
"9004158",371991,2025-05-28 11:35:01,42.4521827697754,-8.92292881011963,"Female"
"9004158",371991,2025-05-28 11:40:18,42.4518623352051,-8.92419624328613,"Female"
"9004158",371991,2025-05-28 11:45:24,42.4519538879395,-8.92337799072266,"Female"
"9004158",371991,2025-05-28 11:50:25,42.4521522521973,-8.92295742034912,"Female"
"9004158",371991,2025-05-28 11:55:23,42.4518737792969,-8.92330551147461,"Female"
"9004158",371991,2025-05-28 12:00:44,42.4517974853516,-8.92352485656738,"Female"
"9004158",371991,2025-05-28 12:05:22,42.4517822265625,-8.92360305786133,"Female"
"9004158",371991,2025-05-28 12:10:22,42.4517135620117,-8.92354202270508,"Female"
"9004158",371991,2025-05-28 12:15:22,42.4517555236816,-8.92361354827881,"Female"
"9004158",371991,2025-05-28 12:20:22,42.451717376709,-8.92353916168213,"Female"
"9004158",371991,2025-05-28 12:25:22,42.4497566223145,-8.92166900634766,"Female"
"9004158",371991,2025-05-28 12:30:23,42.4023208618164,-8.92168617248535,"Female"
"9004158",371991,2025-05-28 12:35:23,42.3994789123535,-8.92076587677002,"Female"
"9004158",371991,2025-05-28 12:40:23,42.3993606567383,-8.92075347900391,"Female"
"9004158",371991,2025-05-28 12:46:17,42.3945999145508,-8.92585945129395,"Female"
"9004158",371991,2025-05-28 12:50:44,42.3991432189941,-8.92108345031738,"Female"
"9004158",371991,2025-05-28 12:55:23,42.3990325927734,-8.92108726501465,"Female"
"9004158",371991,2025-05-28 13:00:22,42.3988609313965,-8.9214563369751,"Female"
"9004158",371991,2025-05-28 13:05:23,42.39892578125,-8.92115211486816,"Female"
"9004158",371991,2025-05-28 13:10:23,42.3989944458008,-8.92089462280273,"Female"
"9004158",371991,2025-05-28 13:15:22,42.3988304138184,-8.92113971710205,"Female"
"9004158",371991,2025-05-28 13:20:22,42.3989791870117,-8.92111682891846,"Female"
"9004158",371991,2025-05-28 13:25:22,42.3989410400391,-8.92118835449219,"Female"
"9004158",371991,2025-05-28 13:30:22,42.3990058898926,-8.92126274108887,"Female"
"9004158",371991,2025-05-28 13:35:23,42.3988952636719,-8.92116641998291,"Female"
"9004158",371991,2025-05-28 13:40:23,42.3989715576172,-8.92105484008789,"Female"
"9004158",371991,2025-05-28 13:45:36,42.3991584777832,-8.92112255096436,"Female"
"9004158",371991,2025-05-28 13:50:33,42.3991851806641,-8.92105770111084,"Female"
"9004158",371991,2025-05-28 13:55:33,42.3991622924805,-8.92101955413818,"Female"
"9004158",371991,2025-05-28 14:00:44,42.4056167602539,-8.9190731048584,"Female"
"9004158",371991,2025-05-28 14:05:44,42.4266471862793,-8.91828441619873,"Female"
"9004158",371991,2025-05-28 14:10:29,42.4275970458984,-8.91844081878662,"Female"
"9004158",371991,2025-05-28 14:15:36,42.4294242858887,-8.9188404083252,"Female"
"9004158",371991,2025-05-28 14:20:22,42.4518737792969,-8.92013549804688,"Female"
"9004158",371991,2025-05-28 14:27:04,42.4527282714844,-8.92111778259277,"Female"
"9004158",371991,2025-05-28 14:32:28,42.4529991149902,-8.92108917236328,"Female"
"9004158",371991,2025-05-28 14:37:55,42.4536628723145,-8.92102718353271,"Female"
"9004158",371991,2025-05-28 14:43:19,42.4546966552734,-8.91989421844482,"Female"
"9004158",371991,2025-05-28 14:50:30,42.4555969238281,-8.92008209228516,"Female"
"9004158",371991,2025-05-28 14:55:08,42.4560623168945,-8.92037391662598,"Female"
"9004158",371991,2025-05-28 15:00:09,42.455680847168,-8.92131900787354,"Female"
"9004158",371991,2025-05-28 15:05:10,42.4552001953125,-8.92193031311035,"Female"
"9004158",371991,2025-05-28 15:10:11,42.4553413391113,-8.92176818847656,"Female"
"9004158",371991,2025-05-28 15:15:10,42.4554061889648,-8.92169094085693,"Female"
"9004158",371991,2025-05-28 15:20:10,42.4553337097168,-8.9216423034668,"Female"
"9004158",371991,2025-05-28 15:25:10,42.4553565979004,-8.92167091369629,"Female"
"9004158",371991,2025-05-28 15:30:10,42.455451965332,-8.92160034179688,"Female"
"9004158",371991,2025-05-28 15:35:20,42.4553985595703,-8.92169666290283,"Female"
"9004158",371991,2025-05-28 15:40:11,42.4554557800293,-8.92191314697266,"Female"
"9004158",371991,2025-05-28 15:45:35,42.4553756713867,-8.9215612411499,"Female"
"9004158",371991,2025-05-28 15:51:07,42.4558982849121,-8.92112731933594,"Female"
"9004158",371991,2025-05-28 15:56:24,42.4563827514648,-8.92047691345215,"Female"
"9004158",371991,2025-05-28 16:01:25,42.4561233520508,-8.91990089416504,"Female"
"9004158",371991,2025-05-28 16:06:27,42.4565505981445,-8.91994380950928,"Female"
"9004158",371991,2025-05-28 16:11:26,42.4561424255371,-8.9207592010498,"Female"
"9004158",371991,2025-05-28 16:16:25,42.4563751220703,-8.92079067230225,"Female"
"9004158",371991,2025-05-28 16:21:26,42.456169128418,-8.92071723937988,"Female"
"9004158",371991,2025-05-28 16:26:26,42.4559593200684,-8.9207181930542,"Female"
"9004158",371991,2025-05-28 16:31:25,42.4560661315918,-8.92071628570557,"Female"
"9004158",371991,2025-05-28 16:36:25,42.4561195373535,-8.92077922821045,"Female"
"9004158",371991,2025-05-28 16:41:25,42.4560165405273,-8.9206714630127,"Female"
"9004158",371991,2025-05-28 16:46:25,42.4561347961426,-8.92079448699951,"Female"
"9004158",371991,2025-05-28 16:51:25,42.4561157226562,-8.92071914672852,"Female"
"9004158",371991,2025-05-28 16:56:25,42.456184387207,-8.92083358764648,"Female"
"9004158",371991,2025-05-28 17:01:25,42.4560470581055,-8.92073154449463,"Female"
"9004158",371991,2025-05-28 17:06:26,42.4560775756836,-8.92071628570557,"Female"
"9004158",371991,2025-05-28 17:11:50,42.4552421569824,-8.92138862609863,"Female"
"9004158",371991,2025-05-28 17:17:04,42.4548606872559,-8.92278480529785,"Female"
"9004158",371991,2025-05-28 17:21:35,42.4540214538574,-8.92330455780029,"Female"
"9004158",371991,2025-05-28 17:26:35,42.4533996582031,-8.92342376708984,"Female"
"9004158",371991,2025-05-28 17:31:47,42.452449798584,-8.92439365386963,"Female"
"9004158",371991,2025-05-28 17:36:53,42.4521141052246,-8.92447853088379,"Female"
"9004158",371991,2025-05-28 17:41:46,42.451473236084,-8.92430114746094,"Female"
"9004158",371991,2025-05-28 17:46:46,42.4512405395508,-8.92439365386963,"Female"
"9004158",371991,2025-05-28 17:51:46,42.4511985778809,-8.92436599731445,"Female"
"9004158",371991,2025-05-28 17:56:46,42.4512062072754,-8.92446994781494,"Female"
"9004158",371991,2025-05-28 18:01:46,42.4041137695312,-8.92168617248535,"Female"
"9004158",371991,2025-05-28 18:06:49,42.4007110595703,-8.9209451675415,"Female"
"9004158",371991,2025-05-28 18:11:46,42.3988380432129,-8.92133522033691,"Female"
"9004158",371991,2025-05-28 18:16:46,42.3989334106445,-8.92126941680908,"Female"
"9004158",371991,2025-05-28 18:21:47,42.3989448547363,-8.9213399887085,"Female"
"9004158",371991,2025-05-28 18:26:46,42.3989639282227,-8.9211597442627,"Female"
"9004158",371991,2025-05-28 18:31:47,42.3989486694336,-8.9211368560791,"Female"
"9004158",371991,2025-05-28 18:36:46,42.3990173339844,-8.92112445831299,"Female"
"9004158",371991,2025-05-28 18:41:47,42.3989639282227,-8.92111778259277,"Female"
"9004158",371991,2025-05-28 18:46:47,42.3988800048828,-8.92106056213379,"Female"
"9004158",371991,2025-05-28 18:51:47,42.3990135192871,-8.92113876342773,"Female"
"9004158",371991,2025-05-28 18:56:47,42.3990249633789,-8.92117404937744,"Female"
"9004158",371991,2025-05-28 19:01:47,42.3989372253418,-8.92111778259277,"Female"
"9004158",371991,2025-05-28 19:07:05,42.3989868164062,-8.92112064361572,"Female"
"9004158",371991,2025-05-28 19:11:46,42.3990097045898,-8.92107582092285,"Female"
"9004158",371991,2025-05-28 19:16:46,42.3990020751953,-8.92109870910645,"Female"
"9004158",371991,2025-05-28 19:21:46,42.3989601135254,-8.92114734649658,"Female"
"9004158",371991,2025-05-28 19:26:46,42.3990211486816,-8.92111206054688,"Female"
"9004158",371991,2025-05-28 19:31:50,42.399097442627,-8.92120361328125,"Female"
"9004158",371991,2025-05-28 19:36:46,42.3989944458008,-8.9211311340332,"Female"
"9004158",371991,2025-05-28 19:41:46,42.3990211486816,-8.92110919952393,"Female"
"9004158",371991,2025-05-28 19:46:47,42.3989791870117,-8.92109966278076,"Female"
"9004158",371991,2025-05-28 19:52:14,42.3993911743164,-8.9223051071167,"Female"
"9004158",371991,2025-05-28 19:56:59,42.3991889953613,-8.92207908630371,"Female"
"9004158",371991,2025-05-28 20:02:14,42.4000511169434,-8.92240810394287,"Female"
"9004158",371991,2025-05-28 20:06:50,42.4001274108887,-8.92159271240234,"Female"
"9004158",371991,2025-05-28 20:11:50,42.4011497497559,-8.92269515991211,"Female"
"9004158",371991,2025-05-28 20:16:50,42.4011077880859,-8.92261791229248,"Female"
"9004158",371991,2025-05-28 20:21:57,42.4009552001953,-8.92243480682373,"Female"
"9004158",371991,2025-05-28 20:26:59,42.4009208679199,-8.92257499694824,"Female"
"9004158",371991,2025-05-28 20:31:50,42.4004249572754,-8.92266941070557,"Female"
"9004158",371991,2025-05-28 20:36:48,42.400260925293,-8.92403030395508,"Female"
"9004158",371991,2025-05-28 20:42:07,42.3992538452148,-8.92245101928711,"Female"
"9004158",371991,2025-05-28 20:53:10,42.3990859985352,-8.92238903045654,"Female"
"9004158",371991,2025-05-28 20:56:55,42.3993606567383,-8.92228889465332,"Female"
"9004158",371991,2025-05-28 21:01:53,42.3991203308105,-8.92256546020508,"Female"
"9004158",371991,2025-05-28 21:06:52,42.3997344970703,-8.92426204681396,"Female"
"9004158",371991,2025-05-28 21:12:08,42.3991241455078,-8.92283630371094,"Female"
"9004158",371991,2025-05-28 21:17:00,42.4001197814941,-8.92505073547363,"Female"
"9004158",371991,2025-05-28 21:21:55,42.3993492126465,-8.92292404174805,"Female"
"9004158",371991,2025-05-28 21:27:04,42.3989028930664,-8.92278385162354,"Female"
"9004158",371991,2025-05-28 21:31:55,42.3993186950684,-8.92263221740723,"Female"
"9004158",371991,2025-05-28 21:37:09,42.3996696472168,-8.92258930206299,"Female"
"9004158",371991,2025-05-28 21:42:01,42.3995361328125,-8.92250823974609,"Female"
"9004158",371991,2025-05-28 21:47:41,42.3994216918945,-8.92242527008057,"Female"
"9004158",371991,2025-05-28 21:53:10,42.4005317687988,-8.92252349853516,"Female"
"9004158",371991,2025-05-28 21:58:10,42.3997268676758,-8.92234802246094,"Female"
"9004158",371991,2025-05-28 22:03:10,42.3997650146484,-8.92248439788818,"Female"
"9004158",371991,2025-05-28 22:08:10,42.399787902832,-8.92231464385986,"Female"
"9004158",371991,2025-05-28 22:12:44,42.3995361328125,-8.92219638824463,"Female"
"9004158",371991,2025-05-28 22:16:49,42.3997421264648,-8.92241191864014,"Female"
"9004158",371991,2025-05-28 22:21:54,42.3998947143555,-8.92239952087402,"Female"
"9004158",371991,2025-05-28 22:26:49,42.3995895385742,-8.92257595062256,"Female"
"9004158",371991,2025-05-28 22:32:33,42.3995590209961,-8.92281723022461,"Female"
"9004158",371991,2025-05-28 22:37:23,42.3994827270508,-8.92235279083252,"Female"
"9004158",371991,2025-05-28 22:41:49,42.3994255065918,-8.92239379882812,"Female"
"9004158",371991,2025-05-28 22:46:49,42.3995590209961,-8.92250156402588,"Female"
"9004158",371991,2025-05-28 22:51:54,42.3994483947754,-8.92243099212646,"Female"
"9004158",371991,2025-05-28 22:56:50,42.3994636535645,-8.92244052886963,"Female"
"9004158",371991,2025-05-28 23:01:47,42.3994750976562,-8.9224853515625,"Female"
"9004158",371991,2025-05-28 23:06:48,42.3995208740234,-8.92234134674072,"Female"
"9004158",371991,2025-05-28 23:12:05,42.399471282959,-8.92238140106201,"Female"
"9004158",371991,2025-05-28 23:16:51,42.3994483947754,-8.92245006561279,"Female"
"9004158",371991,2025-05-28 23:22:13,42.3994522094727,-8.9224157333374,"Female"
"9004158",371991,2025-05-28 23:27:12,42.3994216918945,-8.92236614227295,"Female"
"9004158",371991,2025-05-28 23:31:53,42.3994750976562,-8.92233753204346,"Female"
"9004158",371991,2025-05-28 23:36:50,42.399471282959,-8.9225378036499,"Female"
"9004158",371991,2025-05-28 23:43:10,42.3995094299316,-8.9222526550293,"Female"
"9004158",371991,2025-05-28 23:46:47,42.399543762207,-8.92226314544678,"Female"
"9004158",371991,2025-05-28 23:51:51,42.3995933532715,-8.92235851287842,"Female"
"9004158",371991,2025-05-28 23:56:56,42.3995094299316,-8.92220211029053,"Female"
"9004158",371991,2025-05-29 00:02:04,42.3995018005371,-8.92253017425537,"Female"
"9004158",371991,2025-05-29 00:07:04,42.3994445800781,-8.92225170135498,"Female"
"9004158",371991,2025-05-29 00:12:06,42.3994483947754,-8.92244720458984,"Female"
"9004158",371991,2025-05-29 00:17:52,42.3994598388672,-8.92245864868164,"Female"
"9004158",371991,2025-05-29 00:22:21,42.3994560241699,-8.92234992980957,"Female"
"9004158",371991,2025-05-29 00:26:50,42.399471282959,-8.92251777648926,"Female"
"9004158",371991,2025-05-29 00:32:05,42.3994445800781,-8.92225742340088,"Female"
"9004158",371991,2025-05-29 00:36:48,42.3995590209961,-8.92230129241943,"Female"
"9004158",371991,2025-05-29 00:41:51,42.3995780944824,-8.92228412628174,"Female"
"9004158",371991,2025-05-29 00:47:04,42.3994483947754,-8.92224216461182,"Female"
"9004158",371991,2025-05-29 00:51:48,42.3996047973633,-8.92242050170898,"Female"
"9004158",371991,2025-05-29 00:57:14,42.3993377685547,-8.92215347290039,"Female"
"9004158",371991,2025-05-29 01:01:47,42.3992118835449,-8.92191028594971,"Female"
"9004158",371991,2025-05-29 01:06:49,42.3994178771973,-8.92199897766113,"Female"
"9004158",371991,2025-05-29 01:11:55,42.3992156982422,-8.92202091217041,"Female"
"9004158",371991,2025-05-29 01:16:58,42.399227142334,-8.92223930358887,"Female"
"9004158",371991,2025-05-29 01:21:50,42.3992614746094,-8.92245960235596,"Female"
"9004158",371991,2025-05-29 01:27:05,42.3994483947754,-8.92228126525879,"Female"
"9004158",371991,2025-05-29 01:32:04,42.3994102478027,-8.92216491699219,"Female"
"9004158",371991,2025-05-29 01:37:13,42.3986206054688,-8.92235946655273,"Female"
"9004158",371991,2025-05-29 01:41:57,42.399471282959,-8.92202186584473,"Female"
"9004158",371991,2025-05-29 01:47:22,42.3991088867188,-8.92214488983154,"Female"
"9004158",371991,2025-05-29 01:51:48,42.3989181518555,-8.92191219329834,"Female"
"9004158",371991,2025-05-29 01:57:29,42.3987884521484,-8.92191219329834,"Female"
"9004158",371991,2025-05-29 02:01:50,42.3987464904785,-8.92177581787109,"Female"
"9004158",371991,2025-05-29 02:07:06,42.3989143371582,-8.92186260223389,"Female"
"9004158",371991,2025-05-29 02:11:47,42.3978118896484,-8.92121601104736,"Female"
"9004158",371991,2025-05-29 02:16:54,42.4008598327637,-8.92295551300049,"Female"
"9004158",371991,2025-05-29 02:22:20,42.400821685791,-8.92306613922119,"Female"
"9004158",371991,2025-05-29 02:26:51,42.4004821777344,-8.92290115356445,"Female"
"9004158",371991,2025-05-29 02:32:15,42.4000625610352,-8.9225959777832,"Female"
"9004158",371991,2025-05-29 02:36:55,42.3998184204102,-8.92235088348389,"Female"
"9004158",371991,2025-05-29 02:41:53,42.4000625610352,-8.92261505126953,"Female"
"9004158",371991,2025-05-29 02:47:35,42.3993988037109,-8.92228221893311,"Female"
"9004158",371991,2025-05-29 02:52:00,42.3997955322266,-8.92233943939209,"Female"
"9004158",371991,2025-05-29 02:56:53,42.400146484375,-8.92275142669678,"Female"
"9004158",371991,2025-05-29 03:02:00,42.3992576599121,-8.92319774627686,"Female"
"9004158",371991,2025-05-29 03:07:44,42.4005012512207,-8.92274856567383,"Female"
"9004158",371991,2025-05-29 03:11:53,42.4002304077148,-8.92268562316895,"Female"
"9004158",371991,2025-05-29 03:16:52,42.4002151489258,-8.92295360565186,"Female"
"9004158",371991,2025-05-29 03:21:59,42.4009056091309,-8.92255687713623,"Female"
"9004158",371991,2025-05-29 03:26:58,42.4003677368164,-8.92277240753174,"Female"
"9004158",371991,2025-05-29 03:32:09,42.4012222290039,-8.92228507995605,"Female"
"9004158",371991,2025-05-29 03:37:13,42.4015960693359,-8.92216014862061,"Female"
"9004158",371991,2025-05-29 03:42:08,42.4014854431152,-8.92219543457031,"Female"
"9004158",371991,2025-05-29 03:48:10,42.3999252319336,-8.92243671417236,"Female"
"9004158",371991,2025-05-29 03:51:53,42.3997764587402,-8.92247295379639,"Female"
"9004158",371991,2025-05-29 03:56:48,42.4025688171387,-8.92512893676758,"Female"
"9004158",371991,2025-05-29 04:01:56,42.3994293212891,-8.92218399047852,"Female"
"9004158",371991,2025-05-29 04:06:49,42.3988914489746,-8.92177677154541,"Female"
"9004158",371991,2025-05-29 04:11:55,42.3993759155273,-8.92213821411133,"Female"
"9004158",371991,2025-05-29 04:16:50,42.399242401123,-8.92195796966553,"Female"
"9004158",371991,2025-05-29 04:21:55,42.3992614746094,-8.92220973968506,"Female"
"9004158",371991,2025-05-29 04:26:59,42.3993072509766,-8.92243194580078,"Female"
"9004158",371991,2025-05-29 04:31:48,42.3988952636719,-8.92174434661865,"Female"
"9004158",371991,2025-05-29 04:36:55,42.3994407653809,-8.92253684997559,"Female"
"9004158",371991,2025-05-29 04:41:50,42.3993949890137,-8.92253398895264,"Female"
"9004158",371991,2025-05-29 04:46:50,42.3994750976562,-8.92254257202148,"Female"
"9004158",371991,2025-05-29 04:51:52,42.3993606567383,-8.92236709594727,"Female"
"9004158",371991,2025-05-29 04:57:00,42.3990859985352,-8.92312908172607,"Female"
"9004158",371991,2025-05-29 05:02:06,42.3995323181152,-8.92222690582275,"Female"
"9004158",371991,2025-05-29 05:06:58,42.3995208740234,-8.92226123809814,"Female"
"9004158",371991,2025-05-29 05:13:10,42.3995590209961,-8.92213821411133,"Female"
"9004158",371991,2025-05-29 05:18:10,42.3994636535645,-8.9223690032959,"Female"
"9004158",371991,2025-05-29 05:23:10,42.3993492126465,-8.92257213592529,"Female"
"9004158",371991,2025-05-29 05:28:10,42.3994750976562,-8.92233467102051,"Female"
"9004158",371991,2025-05-29 05:31:47,42.3977355957031,-8.92015647888184,"Female"
"9004158",371991,2025-05-29 05:36:48,42.398021697998,-8.91994476318359,"Female"
"9004158",371991,2025-05-29 05:41:48,42.3979759216309,-8.92001152038574,"Female"
"9004158",371991,2025-05-29 05:46:47,42.3980331420898,-8.92003154754639,"Female"
"9004158",371991,2025-05-29 05:51:47,42.4160690307617,-8.90689182281494,"Female"
"9004158",371991,2025-05-29 05:56:47,42.4296989440918,-8.89747333526611,"Female"
"9004158",371991,2025-05-29 06:01:47,42.4307136535645,-8.89674854278564,"Female"
"9004158",371991,2025-05-29 06:06:47,42.4317588806152,-8.89616584777832,"Female"
"9004158",371991,2025-05-29 06:11:47,42.430793762207,-8.89169025421143,"Female"
"9004158",371991,2025-05-29 06:17:03,42.4339027404785,-8.88903522491455,"Female"
"9004158",371991,2025-05-29 06:22:09,42.4344825744629,-8.88927268981934,"Female"
"9004158",371991,2025-05-29 06:27:06,42.446949005127,-8.89886665344238,"Female"
"9004158",371991,2025-05-29 06:32:25,42.4547996520996,-8.91999435424805,"Female"
"9004158",371991,2025-05-29 06:37:24,42.4549865722656,-8.91991519927979,"Female"
"9004158",371991,2025-05-29 06:42:37,42.4552383422852,-8.92026519775391,"Female"
"9004158",371991,2025-05-29 06:47:44,42.4565620422363,-8.91941165924072,"Female"
"9004158",371991,2025-05-29 06:52:42,42.4568023681641,-8.91924476623535,"Female"
"9004158",371991,2025-05-29 06:57:42,42.4562149047852,-8.92050552368164,"Female"
"9004158",371991,2025-05-29 07:03:29,42.4553337097168,-8.92191028594971,"Female"
"9004158",371991,2025-05-29 07:08:28,42.455192565918,-8.9219217300415,"Female"
"9004158",371991,2025-05-29 07:13:28,42.455135345459,-8.92189884185791,"Female"
"9004158",371991,2025-05-29 07:18:28,42.4552955627441,-8.92187023162842,"Female"
"9004158",371991,2025-05-29 07:23:28,42.4553909301758,-8.92184543609619,"Female"
"9004158",371991,2025-05-29 07:28:29,42.4548110961914,-8.92182064056396,"Female"
"9004158",371991,2025-05-29 07:33:37,42.4552001953125,-8.92176914215088,"Female"
"9004158",371991,2025-05-29 07:38:29,42.4547691345215,-8.92171001434326,"Female"
"9004158",371991,2025-05-29 07:43:29,42.4559020996094,-8.92204570770264,"Female"
"9004158",371991,2025-05-29 07:48:29,42.4556655883789,-8.92187690734863,"Female"
"9004158",371991,2025-05-29 07:53:28,42.4555053710938,-8.92189598083496,"Female"
"9004158",371991,2025-05-29 07:58:27,42.4556770324707,-8.9221076965332,"Female"
"9004158",371991,2025-05-29 08:03:45,42.4552726745605,-8.92098236083984,"Female"
"9004158",371991,2025-05-29 08:08:28,42.4550323486328,-8.9207067489624,"Female"
"9004158",371991,2025-05-29 08:13:44,42.4546775817871,-8.9200963973999,"Female"
"9004158",371991,2025-05-29 08:18:44,42.4549217224121,-8.91990852355957,"Female"
"9004158",371991,2025-05-29 08:23:44,42.4548873901367,-8.91985416412354,"Female"
"9004158",371991,2025-05-29 08:28:46,42.454906463623,-8.91982650756836,"Female"
"9004158",371991,2025-05-29 08:33:45,42.4549140930176,-8.91974449157715,"Female"
"9004158",371991,2025-05-29 08:38:45,42.4549446105957,-8.91978931427002,"Female"
"9004158",371991,2025-05-29 08:43:46,42.4548950195312,-8.91955661773682,"Female"
"9004158",371991,2025-05-29 08:49:05,42.4549942016602,-8.91993141174316,"Female"
"9004158",371991,2025-05-29 08:53:43,42.454948425293,-8.91998863220215,"Female"
"9004158",371991,2025-05-29 08:58:44,42.4549179077148,-8.92008590698242,"Female"
"9004158",371991,2025-05-29 09:03:44,42.4549407958984,-8.92007064819336,"Female"
"9004158",371991,2025-05-29 09:08:44,42.4549026489258,-8.9201192855835,"Female"
"9004158",371991,2025-05-29 09:13:43,42.4548645019531,-8.92014217376709,"Female"
"9004158",371991,2025-05-29 09:18:44,42.4548454284668,-8.92018127441406,"Female"
"9004158",371991,2025-05-29 09:23:43,42.4548683166504,-8.92014217376709,"Female"
"9004158",371991,2025-05-29 09:28:44,42.4548416137695,-8.92014408111572,"Female"
"9004158",371991,2025-05-29 09:33:44,42.4548110961914,-8.92011737823486,"Female"
"9004158",371991,2025-05-29 09:38:43,42.4548377990723,-8.92012786865234,"Female"
"9004158",371991,2025-05-29 09:43:44,42.4548645019531,-8.92004203796387,"Female"
"9004158",371991,2025-05-29 09:48:43,42.4549140930176,-8.92006397247314,"Female"
"9004158",371991,2025-05-29 09:53:43,42.4548721313477,-8.92006969451904,"Female"
"9004158",371991,2025-05-29 09:59:07,42.4548149108887,-8.91923904418945,"Female"
"9004158",371991,2025-05-29 10:04:15,42.4544448852539,-8.91827487945557,"Female"
"9004158",371991,2025-05-29 10:09:45,42.4543914794922,-8.91865825653076,"Female"
"9004158",371991,2025-05-29 10:14:55,42.4546089172363,-8.91992378234863,"Female"
"9004158",371991,2025-05-29 10:20:17,42.4530982971191,-8.92137813568115,"Female"
"9004158",371991,2025-05-29 10:25:28,42.4527740478516,-8.92192554473877,"Female"
"9004158",371991,2025-05-29 10:30:59,42.4521598815918,-8.92289352416992,"Female"
"9004158",371991,2025-05-29 10:35:42,42.4524841308594,-8.9234790802002,"Female"
"9004158",371991,2025-05-29 10:40:55,42.4529342651367,-8.9235258102417,"Female"
"9004158",371991,2025-05-29 10:45:53,42.4525299072266,-8.92328834533691,"Female"
"9004158",371991,2025-05-29 10:55:30,42.4539337158203,-8.92305850982666,"Female"
"9004158",371991,2025-05-29 11:00:34,42.453857421875,-8.92318058013916,"Female"
"9004158",371991,2025-05-29 11:05:28,42.4534950256348,-8.92338085174561,"Female"
"9004158",371991,2025-05-29 11:10:27,42.4536972045898,-8.92312145233154,"Female"
"9004158",371991,2025-05-29 11:15:35,42.4550514221191,-8.92209720611572,"Female"
"9004158",371991,2025-05-29 11:20:36,42.4553680419922,-8.92154788970947,"Female"
"9004158",371991,2025-05-29 11:25:35,42.4553604125977,-8.92154407501221,"Female"
"9004158",371991,2025-05-29 11:30:35,42.4553642272949,-8.92171287536621,"Female"
"9004158",371991,2025-05-29 11:35:35,42.4553451538086,-8.92158317565918,"Female"
"9004158",371991,2025-05-29 11:40:36,42.4554328918457,-8.92176151275635,"Female"
"9004158",371991,2025-05-29 11:46:05,42.4553260803223,-8.92142486572266,"Female"
"9004158",371991,2025-05-29 11:50:35,42.4553489685059,-8.92158317565918,"Female"
"9004158",371991,2025-05-29 11:55:35,42.455394744873,-8.92128467559814,"Female"
"9004158",371991,2025-05-29 12:00:36,42.4553375244141,-8.92141151428223,"Female"
"9004158",371991,2025-05-29 12:05:36,42.4553604125977,-8.92140865325928,"Female"
"9004158",371991,2025-05-29 12:10:35,42.4553260803223,-8.92152404785156,"Female"
"9004158",371991,2025-05-29 12:15:36,42.4553604125977,-8.92150402069092,"Female"
"9004158",371991,2025-05-29 12:20:59,42.4557037353516,-8.92137718200684,"Female"
"9004158",371991,2025-05-29 12:25:58,42.4561538696289,-8.92057991027832,"Female"
"9004158",371991,2025-05-29 12:30:59,42.4566116333008,-8.91928291320801,"Female"
"9004158",371991,2025-05-29 12:36:09,42.456371307373,-8.91986846923828,"Female"
"9004158",371991,2025-05-29 12:41:17,42.4561614990234,-8.92012500762939,"Female"
"9004158",371991,2025-05-29 12:46:19,42.455924987793,-8.92119693756104,"Female"
"9004158",371991,2025-05-29 12:51:21,42.4555969238281,-8.92210865020752,"Female"
"9004158",371991,2025-05-29 12:56:22,42.4552841186523,-8.92274761199951,"Female"
"9004158",371991,2025-05-29 13:01:22,42.4547920227051,-8.92386436462402,"Female"
"9004158",371991,2025-05-29 13:06:22,42.4550628662109,-8.92347812652588,"Female"
"9004158",371991,2025-05-29 13:11:22,42.4551315307617,-8.9232759475708,"Female"
"9004158",371991,2025-05-29 13:16:23,42.4550514221191,-8.92338848114014,"Female"
"9004158",371991,2025-05-29 13:21:35,42.4552383422852,-8.92332744598389,"Female"
"9004158",371991,2025-05-29 13:26:24,42.455322265625,-8.92347145080566,"Female"
"9004158",371991,2025-05-29 13:31:44,42.4551048278809,-8.922682762146,"Female"
"9004158",371991,2025-05-29 13:36:20,42.4549751281738,-8.9227819442749,"Female"
"9004158",371991,2025-05-29 13:41:20,42.4551200866699,-8.92281723022461,"Female"
"9004158",371991,2025-05-29 13:46:20,42.4550018310547,-8.92286682128906,"Female"
"9004158",371991,2025-05-29 13:51:21,42.4550704956055,-8.92281627655029,"Female"
"9004158",371991,2025-05-29 13:56:21,42.45458984375,-8.92285537719727,"Female"
"9004158",371991,2025-05-29 14:01:21,42.4540481567383,-8.92397785186768,"Female"
"9004158",371991,2025-05-29 14:06:20,42.4534187316895,-8.92330837249756,"Female"
"9004158",371991,2025-05-29 14:11:22,42.4530410766602,-8.92422485351562,"Female"
"9004158",371991,2025-05-29 14:17:15,42.4523162841797,-8.9230842590332,"Female"
"9004158",371991,2025-05-29 14:21:20,42.452335357666,-8.92313098907471,"Female"
"9004158",371991,2025-05-29 14:26:20,42.452335357666,-8.92313289642334,"Female"
"9004158",371991,2025-05-29 14:31:21,42.4523048400879,-8.923171043396,"Female"
"9004158",371991,2025-05-29 14:36:21,42.4505081176758,-8.92462921142578,"Female"
"9004158",371991,2025-05-29 14:41:21,42.4116096496582,-8.92096328735352,"Female"
"9004158",371991,2025-05-29 14:46:45,42.398609161377,-8.92183876037598,"Female"
"9004158",371991,2025-05-29 14:51:44,42.3991317749023,-8.92096138000488,"Female"
"9004158",371991,2025-05-29 14:56:22,42.4140090942383,-8.91931438446045,"Female"
"9004158",371991,2025-05-29 15:01:22,42.4491500854492,-8.92033576965332,"Female"
"9004158",371991,2025-05-29 15:06:22,42.452808380127,-8.92139720916748,"Female"
"9004158",371991,2025-05-29 15:11:24,42.4532928466797,-8.92073822021484,"Female"
"9004158",371991,2025-05-29 15:16:49,42.453369140625,-8.91998195648193,"Female"
"9004158",371991,2025-05-29 15:22:17,42.4532012939453,-8.92166042327881,"Female"
"9004158",371991,2025-05-29 15:27:24,42.4535179138184,-8.92195415496826,"Female"
"9004158",371991,2025-05-29 15:32:22,42.453784942627,-8.9220609664917,"Female"
"9004158",371991,2025-05-29 15:37:34,42.4539833068848,-8.92146492004395,"Female"
"9004158",371991,2025-05-29 15:42:29,42.4538497924805,-8.92069625854492,"Female"
"9004158",371991,2025-05-29 15:47:45,42.4542121887207,-8.92231845855713,"Female"
"9004158",371991,2025-05-29 15:52:43,42.4536056518555,-8.92326068878174,"Female"
"9004158",371991,2025-05-29 15:57:31,42.4536094665527,-8.92192077636719,"Female"
"9004158",371991,2025-05-29 16:02:28,42.45361328125,-8.92234897613525,"Female"
"9004158",371991,2025-05-29 16:07:29,42.4534149169922,-8.92181205749512,"Female"
"9004158",371991,2025-05-29 16:12:28,42.4535064697266,-8.92255878448486,"Female"
"9004158",371991,2025-05-29 16:17:30,42.4535331726074,-8.92278003692627,"Female"
"9004158",371991,2025-05-29 16:22:30,42.4533615112305,-8.92187690734863,"Female"
"9004158",371991,2025-05-29 16:27:31,42.453441619873,-8.92251205444336,"Female"
"9004158",371991,2025-05-29 16:32:44,42.4540939331055,-8.92267894744873,"Female"
"9004158",371991,2025-05-29 16:38:43,42.453197479248,-8.92290115356445,"Female"
"9004158",371991,2025-05-29 16:43:49,42.4526672363281,-8.92314624786377,"Female"
"9004158",371991,2025-05-29 16:50:20,42.4516448974609,-8.92481517791748,"Female"
"9004158",371991,2025-05-29 16:56:09,42.4512405395508,-8.92392730712891,"Female"
"9004158",371991,2025-05-29 17:01:35,42.4509582519531,-8.92314434051514,"Female"
"9004158",371991,2025-05-29 17:06:15,42.4506797790527,-8.92211151123047,"Female"
"9004158",371991,2025-05-29 17:10:57,42.4507255554199,-8.92203235626221,"Female"
"9004158",371991,2025-05-29 17:16:00,42.4504814147949,-8.92153930664062,"Female"
"9004158",371991,2025-05-29 17:21:07,42.421745300293,-8.92299938201904,"Female"
"9004158",371991,2025-05-29 17:25:58,42.3999061584473,-8.92403507232666,"Female"
"9004158",371991,2025-05-29 17:31:12,42.3991050720215,-8.92129325866699,"Female"
"9004158",371991,2025-05-29 17:36:04,42.3991241455078,-8.9213752746582,"Female"
"9004158",371991,2025-05-29 17:40:58,42.3991355895996,-8.92141056060791,"Female"
"9004158",371991,2025-05-29 17:46:35,42.3991279602051,-8.92137336730957,"Female"
"9004158",371991,2025-05-29 17:50:59,42.3990020751953,-8.92134475708008,"Female"
"9004158",371991,2025-05-29 17:56:07,42.3989944458008,-8.92132663726807,"Female"
"9004158",371991,2025-05-29 18:01:00,42.3991203308105,-8.92163562774658,"Female"
"9004158",371991,2025-05-29 18:06:02,42.3989181518555,-8.92115592956543,"Female"
"9004158",371991,2025-05-29 18:11:07,42.3990020751953,-8.9212703704834,"Female"
"9004158",371991,2025-05-29 18:15:59,42.3987350463867,-8.92067718505859,"Female"
"9004158",371991,2025-05-29 18:21:07,42.3989562988281,-8.921142578125,"Female"
"9004158",371991,2025-05-29 18:26:02,42.3989601135254,-8.92116451263428,"Female"
"9004158",371991,2025-05-29 18:31:15,42.3986129760742,-8.9210901260376,"Female"
"9004158",371991,2025-05-29 18:35:58,42.3982734680176,-8.92114639282227,"Female"
"9004158",371991,2025-05-29 18:41:07,42.398609161377,-8.92116737365723,"Female"
"9004158",371991,2025-05-29 18:46:10,42.3987503051758,-8.92112731933594,"Female"
"9004158",371991,2025-05-29 18:50:57,42.399341583252,-8.92106056213379,"Female"
"9004158",371991,2025-05-29 18:55:58,42.3995399475098,-8.92091464996338,"Female"
"9004158",371991,2025-05-29 19:00:59,42.3992195129395,-8.92098999023438,"Female"
"9004158",371991,2025-05-29 19:06:08,42.3985252380371,-8.92025089263916,"Female"
"9004158",371991,2025-05-29 19:10:59,42.3990631103516,-8.9209156036377,"Female"
"9004158",371991,2025-05-29 19:16:14,42.398983001709,-8.92101764678955,"Female"
"9004158",371991,2025-05-29 19:20:59,42.3992576599121,-8.92087841033936,"Female"
"9004158",371991,2025-05-29 19:25:57,42.3995323181152,-8.92064380645752,"Female"
"9004158",371991,2025-05-29 19:30:58,42.3992195129395,-8.92094802856445,"Female"
"9004158",371991,2025-05-29 19:35:57,42.3993339538574,-8.92092037200928,"Female"
"9004158",371991,2025-05-29 19:41:00,42.3992729187012,-8.9210376739502,"Female"
"9004158",371991,2025-05-29 19:46:15,42.3990898132324,-8.92111396789551,"Female"
"9004158",371991,2025-05-29 19:50:57,42.3990783691406,-8.92097759246826,"Female"
"9004158",371991,2025-05-29 19:55:58,42.3991813659668,-8.92108821868896,"Female"
"9004158",371991,2025-05-29 20:01:02,42.3991470336914,-8.92101383209229,"Female"
"9004158",371991,2025-05-29 20:06:09,42.399112701416,-8.92110538482666,"Female"
"9004158",371991,2025-05-29 20:10:58,42.3992958068848,-8.92098617553711,"Female"
"9004158",371991,2025-05-29 20:15:58,42.3992767333984,-8.9210786819458,"Female"
"9004158",371991,2025-05-29 20:20:59,42.3990821838379,-8.92118644714355,"Female"
"9004158",371991,2025-05-29 20:25:59,42.3991203308105,-8.92121315002441,"Female"
"9004158",371991,2025-05-29 20:31:15,42.3989791870117,-8.9213695526123,"Female"
"9004158",371991,2025-05-29 20:35:57,42.3990669250488,-8.92110538482666,"Female"
"9004158",371991,2025-05-29 20:40:59,42.398509979248,-8.9218635559082,"Female"
"9004158",371991,2025-05-29 20:46:00,42.3986015319824,-8.92167568206787,"Female"
"9004158",371991,2025-05-29 20:51:05,42.3989562988281,-8.92113971710205,"Female"
"9004158",371991,2025-05-29 20:56:06,42.3989105224609,-8.92106056213379,"Female"
"9004158",371991,2025-05-29 21:01:00,42.3991012573242,-8.92088031768799,"Female"
"9004158",371991,2025-05-29 21:06:07,42.3988952636719,-8.92109298706055,"Female"
"9004158",371991,2025-05-29 21:11:07,42.398998260498,-8.92110061645508,"Female"
"9004158",371991,2025-05-29 21:16:15,42.3988647460938,-8.92114448547363,"Female"
"9004158",371991,2025-05-29 21:21:05,42.3988304138184,-8.92115497589111,"Female"
"9004158",371991,2025-05-29 21:26:07,42.3987236022949,-8.92119789123535,"Female"
"9004158",371991,2025-05-29 21:31:08,42.3987731933594,-8.92105960845947,"Female"
"9004158",371991,2025-05-29 21:36:10,42.3988151550293,-8.92128753662109,"Female"
"9004158",371991,2025-05-29 21:41:04,42.3989944458008,-8.92111110687256,"Female"
"9004158",371991,2025-05-29 21:46:14,42.3988761901855,-8.92111587524414,"Female"
"9004158",371991,2025-05-29 21:50:58,42.3992233276367,-8.92032527923584,"Female"
"9004158",371991,2025-05-29 21:56:01,42.3988647460938,-8.92130947113037,"Female"
"9004158",371991,2025-05-29 22:01:02,42.3989181518555,-8.92105197906494,"Female"
"9004158",371991,2025-05-29 22:05:58,42.3992729187012,-8.91971778869629,"Female"
"9004158",371991,2025-05-29 22:11:01,42.3988571166992,-8.92122459411621,"Female"
"9004158",371991,2025-05-29 22:16:02,42.3989944458008,-8.92119884490967,"Female"
"9004158",371991,2025-05-29 22:21:01,42.3988265991211,-8.92158222198486,"Female"
"9004158",371991,2025-05-29 22:26:01,42.3987464904785,-8.92179584503174,"Female"
"9004158",371991,2025-05-29 22:31:15,42.3989028930664,-8.92101287841797,"Female"
"9004158",371991,2025-05-29 22:36:07,42.3989334106445,-8.92098045349121,"Female"
"9004158",371991,2025-05-29 22:41:07,42.3989410400391,-8.92095470428467,"Female"
"9004158",371991,2025-05-29 22:46:07,42.3989067077637,-8.92094802856445,"Female"
"9004158",371991,2025-05-29 22:51:06,42.3989372253418,-8.92091083526611,"Female"
"9004158",371991,2025-05-29 22:56:07,42.3988761901855,-8.92085838317871,"Female"
"9004158",371991,2025-05-29 23:01:29,42.39892578125,-8.92107677459717,"Female"
"9004158",371991,2025-05-29 23:05:57,42.398998260498,-8.92122650146484,"Female"
"9004158",371991,2025-05-29 23:10:57,42.399055480957,-8.92122268676758,"Female"
"9004158",371991,2025-05-29 23:15:57,42.399055480957,-8.92129325866699,"Female"
"9004158",371991,2025-05-29 23:20:57,42.3990478515625,-8.92126369476318,"Female"
"9004158",371991,2025-05-29 23:25:57,42.399112701416,-8.92133331298828,"Female"
"9004158",371991,2025-05-29 23:30:57,42.3990173339844,-8.92134189605713,"Female"
"9004158",371991,2025-05-29 23:35:59,42.398811340332,-8.9209451675415,"Female"
"9004158",371991,2025-05-29 23:40:57,42.398796081543,-8.92097663879395,"Female"
"9004158",371991,2025-05-29 23:45:58,42.3987426757812,-8.92095947265625,"Female"
"9004158",371991,2025-05-29 23:50:57,42.3988342285156,-8.9210205078125,"Female"
"9004158",371991,2025-05-29 23:55:57,42.3988189697266,-8.92098236083984,"Female"
"9004158",371991,2025-05-30 00:01:07,42.3989105224609,-8.92111015319824,"Female"
"9004158",371991,2025-05-30 00:05:58,42.3988189697266,-8.92103004455566,"Female"
"9004158",371991,2025-05-30 00:10:58,42.398998260498,-8.91957187652588,"Female"
"9004158",371991,2025-05-30 00:15:59,42.3993110656738,-8.91648864746094,"Female"
"9004158",371991,2025-05-30 00:20:59,42.3987007141113,-8.92253398895264,"Female"
"9004158",371991,2025-05-30 00:25:57,42.3987159729004,-8.92165946960449,"Female"
"9004158",371991,2025-05-30 00:30:59,42.3985595703125,-8.92239475250244,"Female"
"9004158",371991,2025-05-30 00:35:57,42.3987655639648,-8.92126941680908,"Female"
"9004158",371991,2025-05-30 00:40:56,42.3987007141113,-8.92256164550781,"Female"
"9004158",371991,2025-05-30 00:45:56,42.3989143371582,-8.92172241210938,"Female"
"9004158",371991,2025-05-30 00:50:58,42.3988952636719,-8.92119312286377,"Female"
"9004158",371991,2025-05-30 00:55:59,42.3987884521484,-8.92122364044189,"Female"
"9004158",371991,2025-05-30 01:01:00,42.3988990783691,-8.92114734649658,"Female"
"9004158",371991,2025-05-30 01:06:13,42.3988952636719,-8.92115497589111,"Female"
"9004158",371991,2025-05-30 01:10:59,42.3989181518555,-8.9212646484375,"Female"
"9004158",371991,2025-05-30 01:16:14,42.3989677429199,-8.92083358764648,"Female"
"9004158",371991,2025-05-30 01:20:59,42.3990287780762,-8.92091178894043,"Female"
"9004158",371991,2025-05-30 01:25:57,42.3990364074707,-8.92090797424316,"Female"
"9004158",371991,2025-05-30 01:30:57,42.3988342285156,-8.92070293426514,"Female"
"9004158",371991,2025-05-30 01:35:58,42.3989677429199,-8.92090797424316,"Female"
"9004158",371991,2025-05-30 01:40:58,42.3989028930664,-8.92093944549561,"Female"
"9004158",371991,2025-05-30 01:46:29,42.3989601135254,-8.92114925384521,"Female"
"9004158",371991,2025-05-30 01:50:57,42.3990135192871,-8.92144680023193,"Female"
"9004158",371991,2025-05-30 01:55:58,42.398998260498,-8.92134475708008,"Female"
"9004158",371991,2025-05-30 02:00:58,42.3989143371582,-8.92111015319824,"Female"
"9004158",371991,2025-05-30 02:05:59,42.3990707397461,-8.92140483856201,"Female"
"9004158",371991,2025-05-30 02:10:59,42.3989906311035,-8.9212760925293,"Female"
"9004158",371991,2025-05-30 02:15:57,42.3990783691406,-8.92137336730957,"Female"
"9004158",371991,2025-05-30 02:20:57,42.3989219665527,-8.92117023468018,"Female"
"9004158",371991,2025-05-30 02:25:57,42.3990058898926,-8.92122459411621,"Female"
"9004158",371991,2025-05-30 02:30:57,42.398983001709,-8.92148685455322,"Female"
"9004158",371991,2025-05-30 02:35:57,42.398983001709,-8.92130470275879,"Female"
"9004158",371991,2025-05-30 02:40:59,42.3990020751953,-8.92127132415771,"Female"
"9004158",371991,2025-05-30 02:46:07,42.3989677429199,-8.92109680175781,"Female"
"9004158",371991,2025-05-30 02:51:01,42.39892578125,-8.92152690887451,"Female"
"9004158",371991,2025-05-30 02:56:00,42.3989486694336,-8.92140674591064,"Female"
"9004158",371991,2025-05-30 03:01:40,42.3990325927734,-8.9210901260376,"Female"
"9004158",371991,2025-05-30 03:05:57,42.3990249633789,-8.92116546630859,"Female"
"9004158",371991,2025-05-30 03:11:09,42.3992309570312,-8.92111396789551,"Female"
"9004158",371991,2025-05-30 03:15:57,42.3991241455078,-8.92119979858398,"Female"
"9004158",371991,2025-05-30 03:20:57,42.3990745544434,-8.92113876342773,"Female"
"9004158",371991,2025-05-30 03:25:57,42.3990707397461,-8.92118358612061,"Female"
"9004158",371991,2025-05-30 03:30:57,42.3991432189941,-8.92123794555664,"Female"
"9004158",371991,2025-05-30 03:35:57,42.3991241455078,-8.92105579376221,"Female"
"9004158",371991,2025-05-30 03:40:57,42.3991432189941,-8.92131042480469,"Female"
"9004158",371991,2025-05-30 03:45:57,42.3991165161133,-8.92120742797852,"Female"
"9004158",371991,2025-05-30 03:50:57,42.3992118835449,-8.92140293121338,"Female"
"9004158",371991,2025-05-30 03:55:57,42.399112701416,-8.92126941680908,"Female"
"9004158",371991,2025-05-30 04:00:58,42.3990898132324,-8.9212532043457,"Female"
"9004158",371991,2025-05-30 04:05:57,42.399169921875,-8.92129230499268,"Female"
"9004158",371991,2025-05-30 04:11:13,42.3989715576172,-8.92117881774902,"Female"
"9004158",371991,2025-05-30 04:15:57,42.398868560791,-8.92116928100586,"Female"
"9004158",371991,2025-05-30 04:20:57,42.3988990783691,-8.92117118835449,"Female"
"9004158",371991,2025-05-30 04:25:57,42.3989295959473,-8.92110061645508,"Female"
"9004158",371991,2025-05-30 04:30:57,42.3989562988281,-8.92122650146484,"Female"
"9004158",371991,2025-05-30 04:35:57,42.3988952636719,-8.92121887207031,"Female"
"9004158",371991,2025-05-30 04:40:58,42.3989028930664,-8.92129898071289,"Female"
"9004158",371991,2025-05-30 04:46:10,42.3989448547363,-8.92121696472168,"Female"
"9004158",371991,2025-05-30 04:50:58,42.39892578125,-8.92108821868896,"Female"
"9004158",371991,2025-05-30 04:55:59,42.3984031677246,-8.92195796966553,"Female"
"9004158",371991,2025-05-30 05:00:58,42.398250579834,-8.92195224761963,"Female"
"9004158",371991,2025-05-30 05:06:06,42.3989715576172,-8.9211311340332,"Female"
"9004158",371991,2025-05-30 05:11:00,42.3983879089355,-8.92178440093994,"Female"
"9004158",371991,2025-05-30 05:15:58,42.3971405029297,-8.9208288192749,"Female"
"9004158",371991,2025-05-30 05:21:02,42.3978080749512,-8.91949081420898,"Female"
"9004158",371991,2025-05-30 05:26:07,42.3977394104004,-8.91981792449951,"Female"
"9004158",371991,2025-05-30 05:31:15,42.3975677490234,-8.91991996765137,"Female"
"9004158",371991,2025-05-30 05:35:58,42.3967781066895,-8.92196464538574,"Female"
"9004158",371991,2025-05-30 05:41:07,42.3978042602539,-8.92021083831787,"Female"
"9004158",371991,2025-05-30 05:45:58,42.3978614807129,-8.91995334625244,"Female"
"9004158",371991,2025-05-30 05:51:07,42.3978157043457,-8.92022800445557,"Female"
"9004158",371991,2025-05-30 05:55:58,42.3977165222168,-8.92083930969238,"Female"
"9004158",371991,2025-05-30 06:01:14,42.3977508544922,-8.91999816894531,"Female"
"9004158",371991,2025-05-30 06:06:11,42.3976707458496,-8.92000007629395,"Female"
"9004158",371991,2025-05-30 06:11:07,42.3980102539062,-8.90744972229004,"Female"
"9004158",371991,2025-05-30 06:16:07,42.3980979919434,-8.90721035003662,"Female"
"9004158",371991,2025-05-30 06:21:01,42.3985328674316,-8.90741348266602,"Female"
"9004158",371991,2025-05-30 06:26:10,42.399543762207,-8.90818881988525,"Female"
"9004158",371991,2025-05-30 06:31:02,42.4003486633301,-8.90876293182373,"Female"
"9004158",371991,2025-05-30 06:36:07,42.4009017944336,-8.90897941589355,"Female"
"9004158",371991,2025-05-30 06:41:01,42.4359245300293,-8.91554641723633,"Female"
"9004158",371991,2025-05-30 06:46:29,42.4522247314453,-8.92352771759033,"Female"
"9004158",371991,2025-05-30 06:50:57,42.452091217041,-8.923095703125,"Female"
"9004158",371991,2025-05-30 06:55:57,42.4535026550293,-8.92315483093262,"Female"
"9004158",371991,2025-05-30 07:00:57,42.4538040161133,-8.92360687255859,"Female"
"9004158",371991,2025-05-30 07:05:59,42.4536819458008,-8.92343807220459,"Female"
"9004158",371991,2025-05-30 07:11:00,42.4534721374512,-8.92383003234863,"Female"
"9004158",371991,2025-05-30 07:16:01,42.4525108337402,-8.92448234558105,"Female"
"9004158",371991,2025-05-30 07:21:02,42.4518165588379,-8.92451667785645,"Female"
"9004158",371991,2025-05-30 07:25:58,42.4524803161621,-8.9244499206543,"Female"
"9004158",371991,2025-05-30 07:31:54,42.4523315429688,-8.92318820953369,"Female"
"9004158",371991,2025-05-30 07:38:17,42.4525604248047,-8.9230489730835,"Female"
"9004158",371991,2025-05-30 07:43:17,42.4511451721191,-8.9213924407959,"Female"
"9004158",371991,2025-05-30 07:48:31,42.4515266418457,-8.92245101928711,"Female"
"9004158",371991,2025-05-30 07:53:22,42.4516410827637,-8.92262172698975,"Female"
"9004158",371991,2025-05-30 07:58:26,42.4514999389648,-8.92263603210449,"Female"
"9004158",371991,2025-05-30 08:03:44,42.4514579772949,-8.92255783081055,"Female"
"9004158",371991,2025-05-30 08:08:21,42.4514045715332,-8.9225549697876,"Female"
"9004158",371991,2025-05-30 08:13:20,42.4514770507812,-8.92279434204102,"Female"
"9004158",371991,2025-05-30 08:18:20,42.4537811279297,-8.92322731018066,"Female"
"9004158",371991,2025-05-30 08:23:36,42.4535903930664,-8.92307090759277,"Female"
"9004158",371991,2025-05-30 08:28:34,42.4540977478027,-8.92338752746582,"Female"
"9004158",371991,2025-05-30 08:33:33,42.4540786743164,-8.92252826690674,"Female"
"9004158",371991,2025-05-30 08:38:39,42.4541397094727,-8.92348003387451,"Female"
"9004158",371991,2025-05-30 08:43:53,42.4551734924316,-8.9213285446167,"Female"
"9004158",371991,2025-05-30 08:55:01,42.4561920166016,-8.92002391815186,"Female"
"9004158",371991,2025-05-30 09:00:14,42.4561424255371,-8.91988849639893,"Female"
"9004158",371991,2025-05-30 09:10:07,42.4573669433594,-8.91751766204834,"Female"
"9004158",371991,2025-05-30 09:15:33,42.4567527770996,-8.91910934448242,"Female"
"9004158",371991,2025-05-30 09:20:39,42.4565696716309,-8.91944980621338,"Female"
"9004158",371991,2025-05-30 09:25:31,42.4565658569336,-8.91943359375,"Female"
"9004158",371991,2025-05-30 09:30:31,42.4565696716309,-8.91934394836426,"Female"
"9004158",371991,2025-05-30 09:35:39,42.4565315246582,-8.9194974899292,"Female"
"9004158",371991,2025-05-30 09:40:31,42.4565734863281,-8.91971111297607,"Female"
"9004158",371991,2025-05-30 09:45:44,42.4565467834473,-8.91947269439697,"Female"
"9004158",371991,2025-05-30 09:50:31,42.4565391540527,-8.91947269439697,"Female"
"9004158",371991,2025-05-30 09:55:31,42.4565124511719,-8.9194917678833,"Female"
"9004158",371991,2025-05-30 10:00:31,42.4565086364746,-8.91941452026367,"Female"
"9004158",371991,2025-05-30 10:05:32,42.4530487060547,-8.91117000579834,"Female"
"9004158",371991,2025-05-30 10:10:33,42.4564208984375,-8.91922092437744,"Female"
"9004158",371991,2025-05-30 10:15:34,42.456600189209,-8.91959381103516,"Female"
"9004158",371991,2025-05-30 10:20:39,42.4565353393555,-8.9195613861084,"Female"
"9004158",371991,2025-05-30 10:25:39,42.4565467834473,-8.91957378387451,"Female"
"9004158",371991,2025-05-30 10:30:45,42.4564590454102,-8.91948223114014,"Female"
"9004158",371991,2025-05-30 10:35:31,42.456356048584,-8.91942310333252,"Female"
"9004158",371991,2025-05-30 10:40:31,42.4564476013184,-8.91946315765381,"Female"
"9004158",371991,2025-05-30 10:45:31,42.4563827514648,-8.91941928863525,"Female"
"9004158",371991,2025-05-30 10:51:38,42.4568862915039,-8.91849613189697,"Female"
"9004158",371991,2025-05-30 10:56:37,42.4571723937988,-8.91775131225586,"Female"
"9004158",371991,2025-05-30 11:01:39,42.4562149047852,-8.91926765441895,"Female"
"9004158",371991,2025-05-30 11:06:53,42.4555358886719,-8.92035007476807,"Female"
"9004158",371991,2025-05-30 11:11:41,42.4554138183594,-8.9216251373291,"Female"
"9004158",371991,2025-05-30 11:31:35,42.4562759399414,-8.92002868652344,"Female"
"9004158",371991,2025-05-30 11:36:12,42.456615447998,-8.91926097869873,"Female"
"9004158",371991,2025-05-30 11:40:53,42.4564514160156,-8.91923713684082,"Female"
"9004158",371991,2025-05-30 11:45:59,42.4549560546875,-8.92004203796387,"Female"
"9004158",371991,2025-05-30 11:50:49,42.4550094604492,-8.91997528076172,"Female"
"9004158",371991,2025-05-30 11:56:13,42.4549980163574,-8.920090675354,"Female"
"9004158",371991,2025-05-30 12:00:49,42.4550132751465,-8.92013359069824,"Female"
"9004158",371991,2025-05-30 12:05:49,42.4549369812012,-8.92011070251465,"Female"
"9004158",371991,2025-05-30 12:10:49,42.4549179077148,-8.92008686065674,"Female"
"9004158",371991,2025-05-30 12:15:50,42.4552040100098,-8.9199161529541,"Female"
"9004158",371991,2025-05-30 12:20:51,42.4549369812012,-8.91995239257812,"Female"
"9004158",371991,2025-05-30 12:26:06,42.454647064209,-8.92020320892334,"Female"
"9004158",371991,2025-05-30 12:31:01,42.4548263549805,-8.92001247406006,"Female"
"9004158",371991,2025-05-30 12:36:02,42.4547729492188,-8.92015171051025,"Female"
"9004158",371991,2025-05-30 12:41:04,42.4549407958984,-8.92004871368408,"Female"
"9004158",371991,2025-05-30 12:46:14,42.4549980163574,-8.92010021209717,"Female"
"9004158",371991,2025-05-30 12:50:49,42.4550170898438,-8.92010688781738,"Female"
"9004158",371991,2025-05-30 12:55:49,42.4550018310547,-8.92012786865234,"Female"
"9004158",371991,2025-05-30 13:00:51,42.4550247192383,-8.92014026641846,"Female"
"9004158",371991,2025-05-30 13:05:53,42.4549865722656,-8.92017459869385,"Female"
"9004158",371991,2025-05-30 13:10:50,42.4553184509277,-8.91998958587646,"Female"
"9004158",371991,2025-05-30 13:15:53,42.4549865722656,-8.91999244689941,"Female"
"9004158",371991,2025-05-30 13:21:14,42.4549713134766,-8.91989803314209,"Female"
"9004158",371991,2025-05-30 13:26:48,42.454761505127,-8.92000293731689,"Female"
"9004158",371991,2025-05-30 13:32:29,42.455005645752,-8.92003345489502,"Female"
"9004158",371991,2025-05-30 13:36:44,42.4550552368164,-8.9200553894043,"Female"
"9004158",371991,2025-05-30 13:41:44,42.4550590515137,-8.92007446289062,"Female"
"9004158",371991,2025-05-30 13:46:44,42.4550743103027,-8.92004680633545,"Female"
"9004158",371991,2025-05-30 13:51:44,42.4550628662109,-8.92008495330811,"Female"
"9004158",371991,2025-05-30 13:56:46,42.4550590515137,-8.92006874084473,"Female"
"9004158",371991,2025-05-30 14:01:44,42.455135345459,-8.92010974884033,"Female"
"9004158",371991,2025-05-30 14:06:48,42.4551391601562,-8.92007255554199,"Female"
"9004158",371991,2025-05-30 14:11:45,42.4549865722656,-8.92007923126221,"Female"
"9004158",371991,2025-05-30 14:16:47,42.4551086425781,-8.9200439453125,"Female"
"9004158",371991,2025-05-30 14:21:46,42.455696105957,-8.92009258270264,"Female"
"9004158",371991,2025-05-30 14:26:46,42.4551200866699,-8.92004871368408,"Female"
"9004158",371991,2025-05-30 14:32:22,42.4557266235352,-8.9197940826416,"Female"
"9004158",371991,2025-05-30 14:37:23,42.4563827514648,-8.9203577041626,"Female"
"9004158",371991,2025-05-30 14:42:24,42.4557075500488,-8.92078590393066,"Female"
"9004158",371991,2025-05-30 14:48:53,42.4553985595703,-8.92171764373779,"Female"
"9004158",371991,2025-05-30 14:53:04,42.4554862976074,-8.9215259552002,"Female"
"9004158",371991,2025-05-30 14:58:04,42.4554061889648,-8.9216423034668,"Female"
"9004158",371991,2025-05-30 15:03:04,42.4555511474609,-8.92150402069092,"Female"
"9004158",371991,2025-05-30 15:08:04,42.4554061889648,-8.92154979705811,"Female"
"9004158",371991,2025-05-30 15:13:04,42.4554405212402,-8.92156505584717,"Female"
"9004158",371991,2025-05-30 15:18:04,42.4552803039551,-8.92167854309082,"Female"
"9004158",371991,2025-05-30 15:23:04,42.455509185791,-8.92152786254883,"Female"
"9004158",371991,2025-05-30 15:28:04,42.4552192687988,-8.92175960540771,"Female"
"9004158",371991,2025-05-30 15:33:07,42.4548988342285,-8.92189407348633,"Female"
"9004158",371991,2025-05-30 15:38:04,42.4511299133301,-8.92267227172852,"Female"
"9004158",371991,2025-05-30 15:43:04,42.4509468078613,-8.92261981964111,"Female"
"9004158",371991,2025-05-30 15:48:04,42.450927734375,-8.92289447784424,"Female"
"9004158",371991,2025-05-30 15:53:04,42.4203186035156,-8.91447162628174,"Female"
"9004158",371991,2025-05-30 15:58:04,42.4004554748535,-8.92065334320068,"Female"
"9004158",371991,2025-05-30 16:03:14,42.4004516601562,-8.92062282562256,"Female"
"9004158",371991,2025-05-30 16:08:04,42.4004402160645,-8.92052364349365,"Female"
"9004158",371991,2025-05-30 16:13:04,42.4004173278809,-8.92058753967285,"Female"
"9004158",371991,2025-05-30 16:18:04,42.3986511230469,-8.92318916320801,"Female"
"9004158",371991,2025-05-30 16:23:04,42.3989219665527,-8.92105484008789,"Female"
"9004158",371991,2025-05-30 16:28:04,42.3991165161133,-8.92126941680908,"Female"
"9004158",371991,2025-05-30 16:33:04,42.398983001709,-8.92112827301025,"Female"
"9004158",371991,2025-05-30 16:38:06,42.3989677429199,-8.92117977142334,"Female"
"9004158",371991,2025-05-30 16:43:07,42.3990211486816,-8.92145156860352,"Female"
"9004158",371991,2025-05-30 16:48:36,42.3989067077637,-8.92142391204834,"Female"
"9004158",371991,2025-05-30 16:53:04,42.3989791870117,-8.92139911651611,"Female"
"9004158",371991,2025-05-30 16:58:04,42.3989295959473,-8.92129707336426,"Female"
"9004158",371991,2025-05-30 17:03:04,42.3990440368652,-8.92142963409424,"Female"
"9004158",371991,2025-05-30 17:08:08,42.3991012573242,-8.92144393920898,"Female"
"9004158",371991,2025-05-30 17:13:16,42.399040222168,-8.92146015167236,"Female"
"9004158",371991,2025-05-30 17:18:35,42.3990707397461,-8.92146873474121,"Female"
"9004158",371991,2025-05-30 17:23:07,42.3988265991211,-8.9213399887085,"Female"
"9004158",371991,2025-05-30 17:28:07,42.3989868164062,-8.9213695526123,"Female"
"9004158",371991,2025-05-30 17:33:06,42.3988304138184,-8.92134761810303,"Female"
"9004158",371991,2025-05-30 17:38:07,42.3988723754883,-8.92131900787354,"Female"
"9004158",371991,2025-05-30 17:43:04,42.3991012573242,-8.92145824432373,"Female"
"9004158",371991,2025-05-30 17:48:04,42.398983001709,-8.92136859893799,"Female"
"9004158",371991,2025-05-30 17:53:12,42.3988380432129,-8.9212064743042,"Female"
"9004158",371991,2025-05-30 17:58:06,42.398853302002,-8.92115688323975,"Female"
"9004158",371991,2025-05-30 18:03:04,42.3989067077637,-8.92118644714355,"Female"
"9004158",371991,2025-05-30 18:08:04,42.3987083435059,-8.92116069793701,"Female"
"9004158",371991,2025-05-30 18:13:04,42.398853302002,-8.92114448547363,"Female"
"9004158",371991,2025-05-30 18:18:06,42.398868560791,-8.92115497589111,"Female"
"9004158",371991,2025-05-30 18:23:04,42.3989295959473,-8.92115783691406,"Female"
"9004158",371991,2025-05-30 18:28:04,42.398983001709,-8.92120742797852,"Female"
"9004158",371991,2025-05-30 18:33:06,42.398853302002,-8.92116737365723,"Female"
"9004158",371991,2025-05-30 18:38:06,42.3988761901855,-8.92105865478516,"Female"
"9004158",371991,2025-05-30 18:43:06,42.3989601135254,-8.92123222351074,"Female"
"9004158",371991,2025-05-30 18:48:14,42.3989944458008,-8.92123126983643,"Female"
"9004158",371991,2025-05-30 18:53:07,42.3989105224609,-8.92113876342773,"Female"
"9004158",371991,2025-05-30 18:58:09,42.3989486694336,-8.92122459411621,"Female"
"9004158",371991,2025-05-30 19:03:09,42.3988761901855,-8.92117214202881,"Female"
"9004158",371991,2025-05-30 19:08:09,42.3989601135254,-8.92120265960693,"Female"
"9004158",371991,2025-05-30 19:13:09,42.3988876342773,-8.92117977142334,"Female"
"9004158",371991,2025-05-30 19:18:12,42.3989486694336,-8.92128372192383,"Female"
"9004158",371991,2025-05-30 19:23:04,42.3990287780762,-8.92133140563965,"Female"
"9004158",371991,2025-05-30 19:28:06,42.3989906311035,-8.92129898071289,"Female"
"9004158",371991,2025-05-30 19:33:04,42.3989906311035,-8.92128944396973,"Female"
"9004158",371991,2025-05-30 19:38:04,42.3989868164062,-8.92123317718506,"Female"
"9004158",371991,2025-05-30 19:43:06,42.3988265991211,-8.92122077941895,"Female"
"9004158",371991,2025-05-30 19:48:14,42.3988876342773,-8.921217918396,"Female"
"9004158",371991,2025-05-30 19:53:04,42.3988304138184,-8.92115497589111,"Female"
"9004158",371991,2025-05-30 19:58:04,42.3988342285156,-8.92113304138184,"Female"
"9004158",371991,2025-05-30 20:03:07,42.3988571166992,-8.92125415802002,"Female"
"9004158",371991,2025-05-30 20:08:09,42.3987770080566,-8.92130565643311,"Female"
"9004158",371991,2025-05-30 20:13:12,42.3988265991211,-8.92114448547363,"Female"
"9004158",371991,2025-05-30 20:18:04,42.3987770080566,-8.92123794555664,"Female"
"9004158",371991,2025-05-30 20:23:09,42.398754119873,-8.92121696472168,"Female"
"9004158",371991,2025-05-30 20:28:09,42.3987312316895,-8.92119884490967,"Female"
"9004158",371991,2025-05-30 20:33:12,42.3988876342773,-8.92116546630859,"Female"
"9004158",371991,2025-05-30 20:38:04,42.3989601135254,-8.9209623336792,"Female"
"9004158",371991,2025-05-30 20:43:04,42.3989067077637,-8.92106533050537,"Female"
"9004158",371991,2025-05-30 20:48:07,42.3988952636719,-8.92102432250977,"Female"
"9004158",371991,2025-05-30 20:53:06,42.3989562988281,-8.92086505889893,"Female"
"9004158",371991,2025-05-30 20:58:09,42.399040222168,-8.92093849182129,"Female"
"9004158",371991,2025-05-30 21:03:06,42.3989715576172,-8.92105865478516,"Female"
"9004158",371991,2025-05-30 21:08:21,42.3989219665527,-8.92097282409668,"Female"
"9004158",371991,2025-05-30 21:13:36,42.3989410400391,-8.92117309570312,"Female"
"9004158",371991,2025-05-30 21:18:04,42.3989067077637,-8.92123508453369,"Female"
"9004158",371991,2025-05-30 21:23:04,42.3990249633789,-8.92115116119385,"Female"
"9004158",371991,2025-05-30 21:28:04,42.3990173339844,-8.92087078094482,"Female"
"9004158",371991,2025-05-30 21:33:04,42.398998260498,-8.92079162597656,"Female"
"9004158",371991,2025-05-30 21:38:04,42.3990478515625,-8.92074394226074,"Female"
"9004158",371991,2025-05-30 21:43:04,42.3990249633789,-8.92082500457764,"Female"
"9004158",371991,2025-05-30 21:48:04,42.3988838195801,-8.92093372344971,"Female"
"9004158",371991,2025-05-30 21:53:04,42.3989906311035,-8.92082023620605,"Female"
"9004158",371991,2025-05-30 21:58:04,42.3989791870117,-8.92089557647705,"Female"
"9004158",371991,2025-05-30 22:03:04,42.3988380432129,-8.92103385925293,"Female"
"9004158",371991,2025-05-30 22:08:04,42.3988914489746,-8.920973777771,"Female"
"9004158",371991,2025-05-30 22:13:04,42.3989105224609,-8.92095184326172,"Female"
"9004158",371991,2025-05-30 22:18:04,42.3988838195801,-8.92096328735352,"Female"
"9004158",371991,2025-05-30 22:23:06,42.398811340332,-8.92101955413818,"Female"
"9004158",371991,2025-05-30 22:28:33,42.398983001709,-8.92111110687256,"Female"
"9004158",371991,2025-05-30 22:33:04,42.3990249633789,-8.92108154296875,"Female"
"9004158",371991,2025-05-30 22:38:06,42.3989524841309,-8.92117118835449,"Female"
"9004158",371991,2025-05-30 22:43:04,42.3989677429199,-8.92121028900146,"Female"
"9004158",371991,2025-05-30 22:48:04,42.3989562988281,-8.92114067077637,"Female"
"9004158",371991,2025-05-30 22:53:04,42.3990097045898,-8.92107963562012,"Female"
"9004158",371991,2025-05-30 22:58:04,42.3990020751953,-8.92115306854248,"Female"
"9004158",371991,2025-05-30 23:03:04,42.3989868164062,-8.92109394073486,"Female"
"9004158",371991,2025-05-30 23:08:06,42.3989486694336,-8.92114543914795,"Female"
"9004158",371991,2025-05-30 23:13:04,42.3989448547363,-8.92112159729004,"Female"
"9004158",371991,2025-05-30 23:18:04,42.3989143371582,-8.92110633850098,"Female"
"9004158",371991,2025-05-30 23:23:04,42.3989334106445,-8.92114162445068,"Female"
"9004158",371991,2025-05-30 23:28:04,42.3991088867188,-8.92147636413574,"Female"
"9004158",371991,2025-05-30 23:33:06,42.3985404968262,-8.92078685760498,"Female"
"9004158",371991,2025-05-30 23:38:09,42.4001922607422,-8.92430686950684,"Female"
"9004158",371991,2025-05-30 23:43:08,42.3987274169922,-8.92144584655762,"Female"
"9004158",371991,2025-05-30 23:48:08,42.3987846374512,-8.92146015167236,"Female"
"9004158",371991,2025-05-30 23:53:07,42.3988914489746,-8.92146396636963,"Female"
"9004158",371991,2025-05-30 23:58:09,42.3989448547363,-8.92177963256836,"Female"
"9004158",371991,2025-05-31 00:03:05,42.398853302002,-8.92116069793701,"Female"
"9004158",371991,2025-05-31 00:08:06,42.3989868164062,-8.92112636566162,"Female"
"9004158",371991,2025-05-31 00:13:06,42.3990211486816,-8.92110538482666,"Female"
"9004158",371991,2025-05-31 00:18:06,42.3990173339844,-8.92113590240479,"Female"
"9004158",371991,2025-05-31 00:23:06,42.3989562988281,-8.92114543914795,"Female"
"9004158",371991,2025-05-31 00:28:03,42.3988342285156,-8.92167282104492,"Female"
"9004158",371991,2025-05-31 00:33:06,42.3988647460938,-8.92114734649658,"Female"
"9004158",371991,2025-05-31 00:38:04,42.3989028930664,-8.92111396789551,"Female"
"9004158",371991,2025-05-31 00:43:04,42.3988723754883,-8.9211540222168,"Female"
"9004158",371991,2025-05-31 00:48:14,42.3988914489746,-8.92113208770752,"Female"
"9004158",371991,2025-05-31 00:53:07,42.3989753723145,-8.92117214202881,"Female"
"9004158",371991,2025-05-31 00:58:09,42.3989448547363,-8.92124843597412,"Female"
"9004158",371991,2025-05-31 01:03:16,42.3989105224609,-8.92128849029541,"Female"
"9004158",371991,2025-05-31 01:08:35,42.3989524841309,-8.92109680175781,"Female"
"9004158",371991,2025-05-31 01:13:04,42.3989334106445,-8.92113780975342,"Female"
"9004158",371991,2025-05-31 01:18:04,42.3989868164062,-8.92110157012939,"Female"
"9004158",371991,2025-05-31 01:23:04,42.3989334106445,-8.9210090637207,"Female"
"9004158",371991,2025-05-31 01:28:04,42.3989143371582,-8.92107963562012,"Female"
"9004158",371991,2025-05-31 01:33:06,42.398998260498,-8.92119693756104,"Female"
"9004158",371991,2025-05-31 01:38:06,42.3989791870117,-8.92117691040039,"Female"
"9004158",371991,2025-05-31 01:43:08,42.3989791870117,-8.92117309570312,"Female"
"9004158",371991,2025-05-31 01:48:13,42.3989486694336,-8.92117404937744,"Female"
"9004158",371991,2025-05-31 01:53:06,42.39892578125,-8.92110061645508,"Female"
"9004158",371991,2025-05-31 01:58:06,42.3989334106445,-8.92116165161133,"Female"
"9004158",371991,2025-05-31 02:03:06,42.3990592956543,-8.92118644714355,"Female"
"9004158",371991,2025-05-31 02:08:06,42.3989639282227,-8.92120456695557,"Female"
"9004158",371991,2025-05-31 02:13:06,42.3989295959473,-8.9210901260376,"Female"
"9004158",371991,2025-05-31 02:18:06,42.3988876342773,-8.921217918396,"Female"
"9004158",371991,2025-05-31 02:23:07,42.398998260498,-8.92117786407471,"Female"
"9004158",371991,2025-05-31 02:28:06,42.3988418579102,-8.92125606536865,"Female"
"9004158",371991,2025-05-31 02:33:09,42.3989448547363,-8.9212474822998,"Female"
"9004158",371991,2025-05-31 02:38:07,42.3989105224609,-8.92129325866699,"Female"
"9004158",371991,2025-05-31 02:43:08,42.3989067077637,-8.92137432098389,"Female"
"9004158",371991,2025-05-31 02:48:16,42.3989143371582,-8.92122554779053,"Female"
"9004158",371991,2025-05-31 02:53:13,42.3989791870117,-8.92116737365723,"Female"
"9004158",371991,2025-05-31 02:58:04,42.398998260498,-8.92115116119385,"Female"
"9004158",371991,2025-05-31 03:03:04,42.3989677429199,-8.92111110687256,"Female"
"9004158",371991,2025-05-31 03:08:04,42.3989028930664,-8.92115879058838,"Female"
"9004158",371991,2025-05-31 03:13:07,42.3989295959473,-8.9212532043457,"Female"
"9004158",371991,2025-05-31 03:18:04,42.3989524841309,-8.92127418518066,"Female"
"9004158",371991,2025-05-31 03:23:06,42.3990020751953,-8.92120552062988,"Female"
"9004158",371991,2025-05-31 03:28:10,42.3990020751953,-8.92129421234131,"Female"
"9004158",371991,2025-05-31 03:33:09,42.3989219665527,-8.9212474822998,"Female"
"9004158",371991,2025-05-31 03:38:09,42.3990058898926,-8.92112827301025,"Female"
"9004158",371991,2025-05-31 03:43:15,42.3990058898926,-8.92105102539062,"Female"
"9004158",371991,2025-05-31 03:48:36,42.3989601135254,-8.92108917236328,"Female"
"9004158",371991,2025-05-31 03:53:04,42.3989791870117,-8.92111396789551,"Female"
"9004158",371991,2025-05-31 03:58:04,42.3989524841309,-8.9210901260376,"Female"
"9004158",371991,2025-05-31 04:03:04,42.3989295959473,-8.92112255096436,"Female"
"9004158",371991,2025-05-31 04:08:06,42.3989639282227,-8.92116546630859,"Female"
"9004158",371991,2025-05-31 04:13:04,42.3989601135254,-8.92115592956543,"Female"
"9004158",371991,2025-05-31 04:18:04,42.3989219665527,-8.9212007522583,"Female"
"9004158",371991,2025-05-31 04:23:04,42.3989562988281,-8.92118263244629,"Female"
"9004158",371991,2025-05-31 04:28:04,42.3989410400391,-8.92113399505615,"Female"
"9004158",371991,2025-05-31 04:33:04,42.398983001709,-8.92117309570312,"Female"
"9004158",371991,2025-05-31 04:38:04,42.3989295959473,-8.92117404937744,"Female"
"9004158",371991,2025-05-31 04:43:14,42.3989715576172,-8.92116832733154,"Female"
"9004158",371991,2025-05-31 04:48:06,42.3990325927734,-8.92110633850098,"Female"
"9004158",371991,2025-05-31 04:53:12,42.3988761901855,-8.92119026184082,"Female"
"9004158",371991,2025-05-31 04:58:35,42.3989448547363,-8.92118740081787,"Female"
"9004158",371991,2025-05-31 05:03:05,42.3990898132324,-8.92105388641357,"Female"
"9004158",371991,2025-05-31 05:08:06,42.3981246948242,-8.92025089263916,"Female"
"9004158",371991,2025-05-31 05:13:14,42.398063659668,-8.92021369934082,"Female"
"9004158",371991,2025-05-31 05:18:04,42.3975830078125,-8.92026710510254,"Female"
"9004158",371991,2025-05-31 05:23:07,42.3976821899414,-8.92026996612549,"Female"
"9004158",371991,2025-05-31 05:28:04,42.3976936340332,-8.92021942138672,"Female"
"9004158",371991,2025-05-31 05:33:06,42.3977279663086,-8.92019176483154,"Female"
"9004158",371991,2025-05-31 05:38:07,42.3976058959961,-8.92023849487305,"Female"
"9004158",371991,2025-05-31 05:43:07,42.397705078125,-8.92021179199219,"Female"
"9004158",371991,2025-05-31 05:48:14,42.3977241516113,-8.92022514343262,"Female"
"9004158",371991,2025-05-31 05:53:06,42.3978042602539,-8.92020988464355,"Female"
"9004158",371991,2025-05-31 05:58:06,42.3977317810059,-8.92017364501953,"Female"
"9004158",371991,2025-05-31 06:03:06,42.3977203369141,-8.92016792297363,"Female"
"9004158",371991,2025-05-31 06:08:08,42.3977241516113,-8.92013549804688,"Female"
"9004158",371991,2025-05-31 06:13:04,42.3977584838867,-8.92016315460205,"Female"
"9004158",371991,2025-05-31 06:18:06,42.3977241516113,-8.92014122009277,"Female"
"9004158",371991,2025-05-31 06:23:04,42.3977584838867,-8.92013263702393,"Female"
"9004158",371991,2025-05-31 06:28:07,42.3984260559082,-8.91630268096924,"Female"
"9004158",371991,2025-05-31 06:33:06,42.4016151428223,-8.89978981018066,"Female"
"9004158",371991,2025-05-31 06:39:13,42.4011573791504,-8.89945793151855,"Female"
"9004158",371991,2025-05-31 06:44:14,42.4160118103027,-8.90391063690186,"Female"
"9004158",371991,2025-05-31 06:48:57,42.4423637390137,-8.92327308654785,"Female"
"9004158",371991,2025-05-31 06:54:09,42.4514961242676,-8.92304515838623,"Female"
"9004158",371991,2025-05-31 06:59:10,42.4515190124512,-8.92317771911621,"Female"
"9004158",371991,2025-05-31 07:04:31,42.4523544311523,-8.92344093322754,"Female"
"9004158",371991,2025-05-31 07:09:24,42.4521331787109,-8.92478561401367,"Female"
"9004158",371991,2025-05-31 07:14:24,42.4522171020508,-8.92403221130371,"Female"
"9004158",371991,2025-05-31 07:19:44,42.453483581543,-8.92386531829834,"Female"
"9004158",371991,2025-05-31 07:24:43,42.4536666870117,-8.92333984375,"Female"
"9004158",371991,2025-05-31 07:30:01,42.453914642334,-8.92359352111816,"Female"
"9004158",371991,2025-05-31 07:34:59,42.4534606933594,-8.92340183258057,"Female"
"9004158",371991,2025-05-31 07:40:27,42.4524116516113,-8.92213916778564,"Female"
"9004158",371991,2025-05-31 07:50:44,42.4507751464844,-8.92192935943604,"Female"
"9004158",371991,2025-05-31 07:55:24,42.450626373291,-8.92146492004395,"Female"
"9004158",371991,2025-05-31 08:00:44,42.4512748718262,-8.92214298248291,"Female"
"9004158",371991,2025-05-31 08:05:24,42.451301574707,-8.92207527160645,"Female"
"9004158",371991,2025-05-31 08:10:24,42.4513244628906,-8.92220687866211,"Female"
"9004158",371991,2025-05-31 08:15:24,42.4514007568359,-8.92223453521729,"Female"
"9004158",371991,2025-05-31 08:20:24,42.4513053894043,-8.9221715927124,"Female"
"9004158",371991,2025-05-31 08:25:25,42.4512062072754,-8.92173480987549,"Female"
"9004158",371991,2025-05-31 08:30:25,42.4511375427246,-8.92119407653809,"Female"
"9004158",371991,2025-05-31 08:35:25,42.4513053894043,-8.92215824127197,"Female"
"9004158",371991,2025-05-31 08:40:27,42.4510269165039,-8.92084980010986,"Female"
"9004158",371991,2025-05-31 08:50:35,42.4504585266113,-8.92224407196045,"Female"
"9004158",371991,2025-05-31 08:55:55,42.4513244628906,-8.92277145385742,"Female"
"9004158",371991,2025-05-31 09:01:08,42.4521408081055,-8.92255306243896,"Female"
"9004158",371991,2025-05-31 09:06:04,42.4522361755371,-8.92418670654297,"Female"
"9004158",371991,2025-05-31 09:11:09,42.4518051147461,-8.92393016815186,"Female"
"9004158",371991,2025-05-31 09:16:06,42.4524421691895,-8.92398452758789,"Female"
"9004158",371991,2025-05-31 09:21:40,42.4533958435059,-8.9237756729126,"Female"
"9004158",371991,2025-05-31 09:26:57,42.4534950256348,-8.92286968231201,"Female"
"9004158",371991,2025-05-31 09:31:55,42.4539566040039,-8.92333221435547,"Female"
"9004158",371991,2025-05-31 09:36:55,42.4546241760254,-8.92282009124756,"Female"
"9004158",371991,2025-05-31 09:42:08,42.4554862976074,-8.92187786102295,"Female"
"9004158",371991,2025-05-31 09:47:16,42.4556159973145,-8.92076301574707,"Female"
"9004158",371991,2025-05-31 09:52:31,42.4561347961426,-8.91995048522949,"Female"
"9004158",371991,2025-05-31 09:57:38,42.4561004638672,-8.91969680786133,"Female"
"9004158",371991,2025-05-31 10:02:38,42.4565238952637,-8.91930389404297,"Female"
"9004158",371991,2025-05-31 10:07:36,42.4557266235352,-8.91932201385498,"Female"
"9004158",371991,2025-05-31 10:12:41,42.4548377990723,-8.92012214660645,"Female"
"9004158",371991,2025-05-31 10:17:38,42.4547348022461,-8.92022895812988,"Female"
"9004158",371991,2025-05-31 10:22:43,42.4547500610352,-8.92013454437256,"Female"
"9004158",371991,2025-05-31 10:27:38,42.4548034667969,-8.92019081115723,"Female"
"9004158",371991,2025-05-31 10:32:44,42.4547691345215,-8.92014789581299,"Female"
"9004158",371991,2025-05-31 10:37:38,42.4548492431641,-8.92004680633545,"Female"
"9004158",371991,2025-05-31 10:42:38,42.4547729492188,-8.9201602935791,"Female"
"9004158",371991,2025-05-31 10:47:40,42.4547691345215,-8.92013168334961,"Female"
"9004158",371991,2025-05-31 10:52:41,42.4545631408691,-8.91988182067871,"Female"
"9004158",371991,2025-05-31 10:58:05,42.4548835754395,-8.92013263702393,"Female"
"9004158",371991,2025-05-31 11:02:36,42.4548645019531,-8.92010688781738,"Female"
"9004158",371991,2025-05-31 11:07:35,42.4548873901367,-8.92012786865234,"Female"
"9004158",371991,2025-05-31 11:13:03,42.4546737670898,-8.91983699798584,"Female"
"9004158",371991,2025-05-31 11:20:48,42.4549293518066,-8.9196081161499,"Female"
"9004158",371991,2025-05-31 11:25:48,42.4550819396973,-8.91957092285156,"Female"
"9004158",371991,2025-05-31 11:30:48,42.4550933837891,-8.91980743408203,"Female"
"9004158",371991,2025-05-31 11:35:49,42.455078125,-8.91977119445801,"Female"
"9004158",371991,2025-05-31 11:40:49,42.455020904541,-8.9197998046875,"Female"
"9004158",371991,2025-05-31 11:45:48,42.4550514221191,-8.9197883605957,"Female"
"9004158",371991,2025-05-31 11:50:48,42.4550628662109,-8.91967010498047,"Female"
"9004158",371991,2025-05-31 11:55:49,42.4550857543945,-8.91973209381104,"Female"
"9004158",371991,2025-05-31 12:00:50,42.4549713134766,-8.91970443725586,"Female"
"9004158",371991,2025-05-31 12:05:50,42.4550247192383,-8.91964435577393,"Female"
"9004158",371991,2025-05-31 12:10:49,42.4550819396973,-8.91972732543945,"Female"
"9004158",371991,2025-05-31 12:15:50,42.455005645752,-8.91968154907227,"Female"
"9004158",371991,2025-05-31 12:20:49,42.4550628662109,-8.91967105865479,"Female"
"9004158",371991,2025-05-31 12:25:49,42.4550514221191,-8.91971683502197,"Female"
"9004158",371991,2025-05-31 12:30:50,42.4551544189453,-8.91950416564941,"Female"
"9004158",371991,2025-05-31 12:35:50,42.4550590515137,-8.91968441009521,"Female"
"9004158",371991,2025-05-31 12:40:49,42.4550895690918,-8.91972064971924,"Female"
"9004158",371991,2025-05-31 12:45:49,42.4550399780273,-8.91966438293457,"Female"
"9004158",371991,2025-05-31 12:50:50,42.4550895690918,-8.91981601715088,"Female"
"9004158",371991,2025-05-31 12:55:50,42.4420280456543,-8.92003536224365,"Female"
"9004158",371991,2025-05-31 13:01:02,42.3957328796387,-8.92415428161621,"Female"
"9004158",371991,2025-05-31 13:05:51,42.3990173339844,-8.92144775390625,"Female"
"9004158",371991,2025-05-31 13:10:51,42.398983001709,-8.92177867889404,"Female"
"9004158",371991,2025-05-31 13:15:51,42.3989715576172,-8.92167282104492,"Female"
"9004158",371991,2025-05-31 13:20:51,42.3990325927734,-8.92193698883057,"Female"
"9004158",371991,2025-05-31 13:25:52,42.3990592956543,-8.92194271087646,"Female"
"9004158",371991,2025-05-31 13:31:04,42.3991317749023,-8.92125606536865,"Female"
"9004158",371991,2025-05-31 13:35:54,42.3991432189941,-8.92189311981201,"Female"
"9004158",371991,2025-05-31 13:41:14,42.4050788879395,-8.9195384979248,"Female"
"9004158",371991,2025-05-31 13:45:51,42.4335517883301,-8.91963672637939,"Female"
"9004158",371991,2025-05-31 13:50:54,42.4527587890625,-8.9242057800293,"Female"
"9004158",371991,2025-05-31 13:56:26,42.4520874023438,-8.92367744445801,"Female"
"9004158",371991,2025-05-31 14:01:14,42.4519653320312,-8.92347621917725,"Female"
"9004158",371991,2025-05-31 14:06:37,42.4517211914062,-8.92390727996826,"Female"
"9004158",371991,2025-05-31 14:11:39,42.4523239135742,-8.92398357391357,"Female"
"9004158",371991,2025-05-31 14:17:15,42.4518852233887,-8.92342376708984,"Female"
"9004158",371991,2025-05-31 14:21:37,42.4515724182129,-8.92324447631836,"Female"
"9004158",371991,2025-05-31 14:26:37,42.4514846801758,-8.92329406738281,"Female"
"9004158",371991,2025-05-31 14:31:44,42.4513854980469,-8.92324352264404,"Female"
"9004158",371991,2025-05-31 14:36:27,42.451416015625,-8.92332363128662,"Female"
"9004158",371991,2025-05-31 14:41:29,42.4512748718262,-8.92344570159912,"Female"
"9004158",371991,2025-05-31 14:46:58,42.451416015625,-8.92325878143311,"Female"
"9004158",371991,2025-05-31 14:51:31,42.4513893127441,-8.92338848114014,"Female"
"9004158",371991,2025-05-31 14:56:28,42.4513282775879,-8.92332935333252,"Female"
"9004158",371991,2025-05-31 15:01:30,42.4516716003418,-8.92400074005127,"Female"
"9004158",371991,2025-05-31 15:06:29,42.4514427185059,-8.92346954345703,"Female"
"9004158",371991,2025-05-31 15:11:29,42.4510803222656,-8.92330074310303,"Female"
"9004158",371991,2025-05-31 15:16:30,42.4513359069824,-8.92342281341553,"Female"
"9004158",371991,2025-05-31 15:21:32,42.4513969421387,-8.92330074310303,"Female"
"9004158",371991,2025-05-31 15:26:31,42.451301574707,-8.92335510253906,"Female"
"9004158",371991,2025-05-31 15:31:57,42.4515037536621,-8.92309951782227,"Female"
"9004158",371991,2025-05-31 15:36:28,42.4515991210938,-8.92316913604736,"Female"
"9004158",371991,2025-05-31 15:41:27,42.4513092041016,-8.92313861846924,"Female"
"9004158",371991,2025-05-31 15:46:27,42.4517440795898,-8.92308712005615,"Female"
"9004158",371991,2025-05-31 15:51:27,42.4516525268555,-8.92314624786377,"Female"
"9004158",371991,2025-05-31 15:56:28,42.4513053894043,-8.92318058013916,"Female"
"9004158",371991,2025-05-31 16:01:40,42.4519424438477,-8.92337703704834,"Female"
"9004158",371991,2025-05-31 16:06:36,42.4524078369141,-8.92325115203857,"Female"
"9004158",371991,2025-05-31 16:11:41,42.4515762329102,-8.92255210876465,"Female"
"9004158",371991,2025-05-31 16:18:41,42.4514808654785,-8.9225435256958,"Female"
"9004158",371991,2025-05-31 16:24:25,42.4528160095215,-8.92245388031006,"Female"
"9004158",371991,2025-05-31 16:29:13,42.4538650512695,-8.9233980178833,"Female"
"9004158",371991,2025-05-31 16:34:55,42.4533729553223,-8.92312240600586,"Female"
"9004158",371991,2025-05-31 16:40:11,42.4536323547363,-8.92356872558594,"Female"
"9004158",371991,2025-05-31 16:45:55,42.4535064697266,-8.9234790802002,"Female"
"9004158",371991,2025-05-31 16:51:44,42.4520149230957,-8.92414569854736,"Female"
"9004158",371991,2025-05-31 16:59:14,42.4516639709473,-8.92434501647949,"Female"
"9004158",371991,2025-05-31 17:03:21,42.4521064758301,-8.92394161224365,"Female"
"9004158",371991,2025-05-31 17:08:22,42.4523239135742,-8.92341232299805,"Female"
"9004158",371991,2025-05-31 17:13:34,42.4522895812988,-8.92267227172852,"Female"
"9004158",371991,2025-05-31 17:18:33,42.4523735046387,-8.92323398590088,"Female"
"9004158",371991,2025-05-31 17:23:33,42.4524269104004,-8.9233455657959,"Female"
"9004158",371991,2025-05-31 17:28:33,42.452465057373,-8.92346477508545,"Female"
"9004158",371991,2025-05-31 17:33:34,42.452449798584,-8.92338371276855,"Female"
"9004158",371991,2025-05-31 17:38:38,42.4525260925293,-8.92345905303955,"Female"
"9004158",371991,2025-05-31 17:43:37,42.452392578125,-8.92323112487793,"Female"
"9004158",371991,2025-05-31 17:48:45,42.4524765014648,-8.92334842681885,"Female"
"9004158",371991,2025-05-31 17:53:36,42.4334869384766,-8.92068195343018,"Female"
"9004158",371991,2025-05-31 17:58:32,42.3985900878906,-8.9222936630249,"Female"
"9004158",371991,2025-05-31 18:03:36,42.3990211486816,-8.92095279693604,"Female"
"9004158",371991,2025-05-31 18:08:39,42.3991661071777,-8.92086219787598,"Female"
"9004158",371991,2025-05-31 18:13:34,42.3991775512695,-8.92087745666504,"Female"
"9004158",371991,2025-05-31 18:18:34,42.3990287780762,-8.92068099975586,"Female"
"9004158",371991,2025-05-31 18:23:31,42.3991889953613,-8.92148113250732,"Female"
"9004158",371991,2025-05-31 18:28:40,42.3993072509766,-8.92061233520508,"Female"
"9004158",371991,2025-05-31 18:33:33,42.3988227844238,-8.92137432098389,"Female"
"9004158",371991,2025-05-31 18:38:33,42.3986968994141,-8.92142772674561,"Female"
"9004158",371991,2025-05-31 18:43:36,42.3987731933594,-8.92128849029541,"Female"
"9004158",371991,2025-05-31 18:48:45,42.398738861084,-8.92124462127686,"Female"
"9004158",371991,2025-05-31 18:53:45,42.3992309570312,-8.92268753051758,"Female"
"9004158",371991,2025-05-31 18:59:04,42.3993759155273,-8.92193984985352,"Female"
"9004158",371991,2025-05-31 19:04:05,42.3994178771973,-8.92194938659668,"Female"
"9004158",371991,2025-05-31 19:08:40,42.3993263244629,-8.9218111038208,"Female"
"9004158",371991,2025-05-31 19:13:42,42.3996162414551,-8.92182636260986,"Female"
"9004158",371991,2025-05-31 19:18:47,42.3996925354004,-8.92202663421631,"Female"
"9004158",371991,2025-05-31 19:23:40,42.4004783630371,-8.92227554321289,"Female"
"9004158",371991,2025-05-31 19:28:45,42.3996849060059,-8.92199039459229,"Female"
"9004158",371991,2025-05-31 19:33:47,42.3992309570312,-8.92189788818359,"Female"
"9004158",371991,2025-05-31 19:38:51,42.3989295959473,-8.92186260223389,"Female"
"9004158",371991,2025-05-31 19:43:42,42.3964080810547,-8.92109966278076,"Female"
"9004158",371991,2025-05-31 19:49:14,42.3987121582031,-8.9221830368042,"Female"
"9004158",371991,2025-05-31 19:53:36,42.3989753723145,-8.92187213897705,"Female"
"9004158",371991,2025-05-31 19:58:37,42.3984260559082,-8.92215347290039,"Female"
"9004158",371991,2025-05-31 20:03:36,42.3987121582031,-8.92202091217041,"Female"
"9004158",371991,2025-05-31 20:08:38,42.3983421325684,-8.92207050323486,"Female"
"9004158",371991,2025-05-31 20:13:37,42.398738861084,-8.92203903198242,"Female"
"9004158",371991,2025-05-31 20:18:37,42.3982772827148,-8.92204856872559,"Female"
"9004158",371991,2025-05-31 20:23:37,42.3990097045898,-8.92199516296387,"Female"
"9004158",371991,2025-05-31 20:28:38,42.3983764648438,-8.92230319976807,"Female"
"9004158",371991,2025-05-31 20:33:34,42.3993835449219,-8.92209053039551,"Female"
"9004158",371991,2025-05-31 20:38:43,42.3990821838379,-8.92222023010254,"Female"
"9004158",371991,2025-05-31 20:43:40,42.3984489440918,-8.92195701599121,"Female"
"9004158",371991,2025-05-31 20:49:06,42.3993721008301,-8.92213821411133,"Female"
"9004158",371991,2025-05-31 20:53:34,42.3993530273438,-8.92207813262939,"Female"
"9004158",371991,2025-05-31 20:59:41,42.3993225097656,-8.922119140625,"Female"
"9004158",371991,2025-05-31 21:04:56,42.3993530273438,-8.92233848571777,"Female"
"9004158",371991,2025-05-31 21:09:56,42.3992729187012,-8.92219924926758,"Female"
"9004158",371991,2025-05-31 21:14:56,42.3992538452148,-8.92215347290039,"Female"
"9004158",371991,2025-05-31 21:18:42,42.3992004394531,-8.92202568054199,"Female"
"9004158",371991,2025-05-31 21:23:39,42.3992958068848,-8.92224407196045,"Female"
"9004158",371991,2025-05-31 21:28:35,42.3991203308105,-8.92197418212891,"Female"
"9004158",371991,2025-05-31 21:33:38,42.3995132446289,-8.92216205596924,"Female"
"9004158",371991,2025-05-31 21:38:35,42.3993339538574,-8.92256832122803,"Female"
"9004158",371991,2025-05-31 21:43:39,42.3992881774902,-8.92204666137695,"Female"
"9004158",371991,2025-05-31 21:48:37,42.3992156982422,-8.92214775085449,"Female"
"9004158",371991,2025-05-31 21:53:39,42.3994064331055,-8.92223167419434,"Female"
"9004158",371991,2025-05-31 21:58:38,42.3991355895996,-8.92210102081299,"Female"
"9004158",371991,2025-05-31 22:03:36,42.3994522094727,-8.92218112945557,"Female"
"9004158",371991,2025-05-31 22:08:39,42.3996620178223,-8.92228507995605,"Female"
"9004158",371991,2025-05-31 22:14:56,42.399845123291,-8.92232227325439,"Female"
"9004158",371991,2025-05-31 22:19:15,42.3995170593262,-8.92226886749268,"Female"
"9004158",371991,2025-05-31 22:24:56,42.399112701416,-8.92272567749023,"Female"
"9004158",371991,2025-05-31 22:29:13,42.3993759155273,-8.92268562316895,"Female"
"9004158",371991,2025-05-31 22:34:24,42.3991432189941,-8.92257308959961,"Female"
"9004158",371991,2025-05-31 22:38:48,42.3996353149414,-8.92214202880859,"Female"
"9004158",371991,2025-05-31 22:43:41,42.3992347717285,-8.92211723327637,"Female"
"9004158",371991,2025-05-31 22:49:05,42.3996810913086,-8.92222881317139,"Female"
"9004158",371991,2025-05-31 22:53:36,42.3998031616211,-8.92220401763916,"Female"
"9004158",371991,2025-05-31 22:58:38,42.3997192382812,-8.92229557037354,"Female"
"9004158",371991,2025-05-31 23:03:40,42.3998222351074,-8.92258548736572,"Female"
"9004158",371991,2025-05-31 23:08:39,42.4000549316406,-8.92254829406738,"Female"
"9004158",371991,2025-05-31 23:13:48,42.4016876220703,-8.92310428619385,"Female"
"9004158",371991,2025-05-31 23:19:17,42.3989639282227,-8.92234039306641,"Female"
"9004158",371991,2025-05-31 23:23:59,42.399341583252,-8.92254066467285,"Female"
"9004158",371991,2025-05-31 23:29:29,42.4012489318848,-8.92249774932861,"Female"
"9004158",371991,2025-05-31 23:34:10,42.4009895324707,-8.92242622375488,"Female"
"9004158",371991,2025-05-31 23:38:50,42.4006118774414,-8.92357635498047,"Female"
"9004158",371991,2025-05-31 23:44:01,42.3997917175293,-8.92194557189941,"Female"
"9004158",371991,2025-05-31 23:49:20,42.3999633789062,-8.9220666885376,"Female"
"9004158",371991,2025-05-31 23:54:07,42.3996162414551,-8.92249965667725,"Female"
"9004158",371991,2025-05-31 23:59:01,42.3988876342773,-8.92284679412842,"Female"
"9004158",371991,2025-06-01 00:04:51,42.3997077941895,-8.92249298095703,"Female"
"9004158",371991,2025-06-01 00:08:56,42.3996887207031,-8.92224502563477,"Female"
"9004158",371991,2025-06-01 00:13:52,42.3998680114746,-8.92256259918213,"Female"
"9004158",371991,2025-06-01 00:19:00,42.3993263244629,-8.92202663421631,"Female"
"9004158",371991,2025-06-01 00:24:02,42.3992729187012,-8.9220666885376,"Female"
"9004158",371991,2025-06-01 00:29:01,42.3994140625,-8.9221076965332,"Female"
"9004158",371991,2025-06-01 00:34:14,42.3991394042969,-8.92197704315186,"Female"
"9004158",371991,2025-06-01 00:38:56,42.3991317749023,-8.92196178436279,"Female"
"9004158",371991,2025-06-01 00:43:54,42.4012336730957,-8.92237854003906,"Female"
"9004158",371991,2025-06-01 00:49:01,42.3994293212891,-8.92241668701172,"Female"
"9004158",371991,2025-06-01 00:53:56,42.3993072509766,-8.92244434356689,"Female"
"9004158",371991,2025-06-01 00:59:03,42.3993873596191,-8.92243480682373,"Female"
"9004158",371991,2025-06-01 01:03:58,42.3993339538574,-8.92289447784424,"Female"
"9004158",371991,2025-06-01 01:08:59,42.3994255065918,-8.92274188995361,"Female"
"9004158",371991,2025-06-01 01:14:01,42.3992881774902,-8.92296123504639,"Female"
"9004158",371991,2025-06-01 01:19:01,42.3991394042969,-8.9233455657959,"Female"
"9004158",371991,2025-06-01 01:24:05,42.3991012573242,-8.92296028137207,"Female"
"9004158",371991,2025-06-01 01:29:14,42.3993797302246,-8.92304992675781,"Female"
"9004158",371991,2025-06-01 01:34:14,42.3994216918945,-8.92298316955566,"Female"
"9004158",371991,2025-06-01 01:38:58,42.3993377685547,-8.92250919342041,"Female"
"9004158",371991,2025-06-01 01:44:23,42.3994598388672,-8.92263317108154,"Female"
"9004158",371991,2025-06-01 01:49:10,42.3994789123535,-8.9224910736084,"Female"
"9004158",371991,2025-06-01 01:54:03,42.399471282959,-8.92254161834717,"Female"
"9004158",371991,2025-06-01 01:59:01,42.3994216918945,-8.9225902557373,"Female"
"9004158",371991,2025-06-01 02:04:07,42.3993988037109,-8.92253398895264,"Female"
"9004158",371991,2025-06-01 02:09:01,42.3994483947754,-8.92263698577881,"Female"
"9004158",371991,2025-06-01 02:13:55,42.3996925354004,-8.9227409362793,"Female"
"9004158",371991,2025-06-01 02:18:55,42.3996696472168,-8.92273998260498,"Female"
"9004158",371991,2025-06-01 02:24:44,42.3994979858398,-8.92263698577881,"Female"
"9004158",371991,2025-06-01 02:29:01,42.3994293212891,-8.92277145385742,"Female"
"9004158",371991,2025-06-01 02:33:51,42.3999977111816,-8.92288684844971,"Female"
"9004158",371991,2025-06-01 02:38:59,42.3993988037109,-8.92181873321533,"Female"
"9004158",371991,2025-06-01 02:43:56,42.3993759155273,-8.92198181152344,"Female"
"9004158",371991,2025-06-01 02:48:58,42.3990516662598,-8.9224100112915,"Female"
"9004158",371991,2025-06-01 02:54:12,42.3992919921875,-8.92220592498779,"Female"
"9004158",371991,2025-06-01 02:58:53,42.3991851806641,-8.92221641540527,"Female"
"9004158",371991,2025-06-01 03:03:53,42.3991470336914,-8.92230129241943,"Female"
"9004158",371991,2025-06-01 03:08:53,42.3988227844238,-8.92190742492676,"Female"
"9004158",371991,2025-06-01 03:13:53,42.3991508483887,-8.92218112945557,"Female"
"9004158",371991,2025-06-01 03:18:53,42.3988761901855,-8.92202281951904,"Female"
"9004158",371991,2025-06-01 03:23:52,42.398811340332,-8.92130470275879,"Female"
"9004158",371991,2025-06-01 03:29:06,42.3993453979492,-8.92208480834961,"Female"
"9004158",371991,2025-06-01 03:34:03,42.3992614746094,-8.92197418212891,"Female"
"9004158",371991,2025-06-01 03:39:07,42.399356842041,-8.92199039459229,"Female"
"9004158",371991,2025-06-01 03:43:51,42.3990173339844,-8.9216947555542,"Female"
"9004158",371991,2025-06-01 03:49:14,42.3993759155273,-8.92210292816162,"Female"
"9004158",371991,2025-06-01 03:53:53,42.3994750976562,-8.92225456237793,"Female"
"9004158",371991,2025-06-01 03:58:58,42.399356842041,-8.92205619812012,"Female"
"9004158",371991,2025-06-01 04:03:58,42.3994026184082,-8.92233562469482,"Female"
"9004158",371991,2025-06-01 04:08:54,42.3991470336914,-8.92216300964355,"Female"
"9004158",371991,2025-06-01 04:14:01,42.3994102478027,-8.92239475250244,"Female"
"9004158",371991,2025-06-01 04:19:01,42.3994903564453,-8.92245960235596,"Female"
"9004158",371991,2025-06-01 04:24:01,42.3995094299316,-8.9225025177002,"Female"
"9004158",371991,2025-06-01 04:29:01,42.3996315002441,-8.92306137084961,"Female"
"9004158",371991,2025-06-01 04:33:59,42.3995475769043,-8.922532081604,"Female"
"9004158",371991,2025-06-01 04:39:01,42.3996658325195,-8.92264556884766,"Female"
"9004158",371991,2025-06-01 04:44:01,42.3998222351074,-8.9229850769043,"Female"
"9004158",371991,2025-06-01 04:49:26,42.3994903564453,-8.92196559906006,"Female"
"9004158",371991,2025-06-01 04:54:13,42.3994140625,-8.92193412780762,"Female"
"9004158",371991,2025-06-01 04:58:52,42.3994979858398,-8.9216890335083,"Female"
"9004158",371991,2025-06-01 05:03:52,42.3992881774902,-8.92172813415527,"Female"
"9004158",371991,2025-06-01 05:09:14,42.3977394104004,-8.92030429840088,"Female"
"9004158",371991,2025-06-01 05:13:50,42.3978233337402,-8.92037296295166,"Female"
"9004158",371991,2025-06-01 05:18:53,42.3977012634277,-8.92073822021484,"Female"
"9004158",371991,2025-06-01 05:23:52,42.3977813720703,-8.92045021057129,"Female"
"9004158",371991,2025-06-01 05:29:14,42.3978157043457,-8.92024326324463,"Female"
"9004158",371991,2025-06-01 05:33:52,42.3977890014648,-8.92065525054932,"Female"
"9004158",371991,2025-06-01 05:38:50,42.3977851867676,-8.92056751251221,"Female"
"9004158",371991,2025-06-01 05:43:53,42.3977241516113,-8.920654296875,"Female"
"9004158",371991,2025-06-01 05:49:14,42.3977394104004,-8.92015266418457,"Female"
"9004158",371991,2025-06-01 05:53:50,42.3977813720703,-8.92022228240967,"Female"
"9004158",371991,2025-06-01 05:58:52,42.3977203369141,-8.92042350769043,"Female"
"9004158",371991,2025-06-01 06:04:01,42.3977928161621,-8.91998195648193,"Female"
"9004158",371991,2025-06-01 06:08:54,42.3977088928223,-8.92038440704346,"Female"
"9004158",371991,2025-06-01 06:13:52,42.3976974487305,-8.9188289642334,"Female"
"9004158",371991,2025-06-01 06:18:52,42.3976364135742,-8.91885375976562,"Female"
"9004158",371991,2025-06-01 06:23:51,42.3976287841797,-8.91907024383545,"Female"
"9004158",371991,2025-06-01 06:28:52,42.3981971740723,-8.90742683410645,"Female"
"9004158",371991,2025-06-01 06:33:51,42.3987312316895,-8.9094934463501,"Female"
"9004158",371991,2025-06-01 06:39:00,42.3984756469727,-8.90361309051514,"Female"
"9004158",371991,2025-06-01 06:43:56,42.4023361206055,-8.897873878479,"Female"
"9004158",371991,2025-06-01 06:56:48,42.4037437438965,-8.89865016937256,"Female"
"9004158",371991,2025-06-01 07:01:48,42.4037399291992,-8.89801979064941,"Female"
"9004158",371991,2025-06-01 07:06:48,42.4042015075684,-8.898850440979,"Female"
"9004158",371991,2025-06-01 07:11:50,42.4152565002441,-8.90384864807129,"Female"
"9004158",371991,2025-06-01 07:16:49,42.4413299560547,-8.91574001312256,"Female"
"9004158",371991,2025-06-01 07:21:48,42.4513053894043,-8.92257499694824,"Female"
"9004158",371991,2025-06-01 07:26:48,42.4512977600098,-8.92263984680176,"Female"
"9004158",371991,2025-06-01 07:32:00,42.4513053894043,-8.92258358001709,"Female"
"9004158",371991,2025-06-01 07:37:01,42.4512748718262,-8.92253017425537,"Female"
"9004158",371991,2025-06-01 07:42:01,42.4512977600098,-8.92255878448486,"Female"
"9004158",371991,2025-06-01 07:47:15,42.4512786865234,-8.92253589630127,"Female"
"9004158",371991,2025-06-01 07:51:48,42.4513511657715,-8.92254734039307,"Female"
"9004158",371991,2025-06-01 07:56:48,42.4513549804688,-8.92240619659424,"Female"
"9004158",371991,2025-06-01 08:02:19,42.4525299072266,-8.92094230651855,"Female"
"9004158",371991,2025-06-01 08:07:13,42.4529228210449,-8.92114067077637,"Female"
"9004158",371991,2025-06-01 08:13:02,42.4549369812012,-8.92025661468506,"Female"
"9004158",371991,2025-06-01 08:18:09,42.4548950195312,-8.91974639892578,"Female"
"9004158",371991,2025-06-01 08:24:34,42.4552001953125,-8.91985034942627,"Female"
"9004158",371991,2025-06-01 08:30:01,42.4558792114258,-8.91990947723389,"Female"
"9004158",371991,2025-06-01 08:38:15,42.456413269043,-8.9194278717041,"Female"
"9004158",371991,2025-06-01 08:43:16,42.4562149047852,-8.92035865783691,"Female"
"9004158",371991,2025-06-01 08:48:37,42.4555969238281,-8.92146873474121,"Female"
"9004158",371991,2025-06-01 08:53:38,42.4555854797363,-8.92189788818359,"Female"
"9004158",371991,2025-06-01 08:58:34,42.4550971984863,-8.92256927490234,"Female"
"9004158",371991,2025-06-01 09:03:36,42.4549674987793,-8.92247772216797,"Female"
"9004158",371991,2025-06-01 09:08:29,42.4551391601562,-8.92288398742676,"Female"
"9004158",371991,2025-06-01 09:13:37,42.4550743103027,-8.92259883880615,"Female"
"9004158",371991,2025-06-01 09:18:31,42.4550437927246,-8.92274188995361,"Female"
"9004158",371991,2025-06-01 09:23:37,42.4549865722656,-8.9224796295166,"Female"
"9004158",371991,2025-06-01 09:28:29,42.4550094604492,-8.92268085479736,"Female"
"9004158",371991,2025-06-01 09:33:45,42.4550819396973,-8.92278003692627,"Female"
"9004158",371991,2025-06-01 09:38:27,42.4551963806152,-8.92289066314697,"Female"
"9004158",371991,2025-06-01 09:43:27,42.4551849365234,-8.92281055450439,"Female"
"9004158",371991,2025-06-01 09:48:27,42.4551544189453,-8.9227352142334,"Female"
"9004158",371991,2025-06-01 09:53:27,42.4550819396973,-8.92278003692627,"Female"
"9004158",371991,2025-06-01 09:58:30,42.4553756713867,-8.92277145385742,"Female"
"9004158",371991,2025-06-01 10:03:29,42.4553413391113,-8.92266941070557,"Female"
"9004158",371991,2025-06-01 10:08:28,42.455078125,-8.92284297943115,"Female"
"9004158",371991,2025-06-01 10:13:27,42.4552345275879,-8.92285823822021,"Female"
"9004158",371991,2025-06-01 10:18:43,42.454948425293,-8.92263412475586,"Female"
"9004158",371991,2025-06-01 10:23:30,42.4550361633301,-8.92277812957764,"Female"
"9004158",371991,2025-06-01 10:28:29,42.4550247192383,-8.922607421875,"Female"
"9004158",371991,2025-06-01 10:33:44,42.4551773071289,-8.92262363433838,"Female"
"9004158",371991,2025-06-01 10:38:34,42.4551315307617,-8.92264270782471,"Female"
"9004158",371991,2025-06-01 10:43:27,42.4550514221191,-8.9226131439209,"Female"
"9004158",371991,2025-06-01 10:48:28,42.4550285339355,-8.92267227172852,"Female"
"9004158",371991,2025-06-01 10:53:29,42.4551239013672,-8.92276000976562,"Female"
"9004158",371991,2025-06-01 10:58:32,42.4550628662109,-8.92279052734375,"Female"
"9004158",371991,2025-06-01 11:03:28,42.4550170898438,-8.92292976379395,"Female"
"9004158",371991,2025-06-01 11:08:27,42.4553565979004,-8.92307949066162,"Female"
"9004158",371991,2025-06-01 11:13:38,42.4555320739746,-8.92325401306152,"Female"
"9004158",371991,2025-06-01 11:19:02,42.4555435180664,-8.92327976226807,"Female"
"9004158",371991,2025-06-01 11:24:11,42.4551200866699,-8.92296409606934,"Female"
"9004158",371991,2025-06-01 11:28:49,42.4553985595703,-8.92302799224854,"Female"
"9004158",371991,2025-06-01 11:34:01,42.455150604248,-8.92300701141357,"Female"
"9004158",371991,2025-06-01 11:39:30,42.4548072814941,-8.92274761199951,"Female"
"9004158",371991,2025-06-01 11:44:34,42.4540519714355,-8.92327880859375,"Female"
"9004158",371991,2025-06-01 11:56:00,42.4525947570801,-8.92386531829834,"Female"
"9004158",371991,2025-06-01 12:01:40,42.4526138305664,-8.92421817779541,"Female"
"9004158",371991,2025-06-01 12:07:10,42.4526748657227,-8.92330455780029,"Female"
"9004158",371991,2025-06-01 12:12:09,42.4521408081055,-8.92381286621094,"Female"
"9004158",371991,2025-06-01 12:17:13,42.4523582458496,-8.92345809936523,"Female"
"9004158",371991,2025-06-01 12:22:49,42.452449798584,-8.92292404174805,"Female"
"9004158",371991,2025-06-01 12:27:48,42.4527244567871,-8.92355060577393,"Female"
"9004158",371991,2025-06-01 12:33:12,42.4527435302734,-8.92322826385498,"Female"
"9004158",371991,2025-06-01 12:38:10,42.4529266357422,-8.92373943328857,"Female"
"9004158",371991,2025-06-01 12:43:10,42.4528846740723,-8.92338085174561,"Female"
"9004158",371991,2025-06-01 12:48:35,42.452995300293,-8.92371559143066,"Female"
"9004158",371991,2025-06-01 12:53:07,42.4530181884766,-8.9237003326416,"Female"
"9004158",371991,2025-06-01 12:58:07,42.4530258178711,-8.92370986938477,"Female"
"9004158",371991,2025-06-01 13:03:07,42.4530067443848,-8.92368125915527,"Female"
"9004158",371991,2025-06-01 13:08:07,42.4530258178711,-8.92373943328857,"Female"
"9004158",371991,2025-06-01 13:13:07,42.4530029296875,-8.92373085021973,"Female"
"9004158",371991,2025-06-01 13:18:07,42.4530258178711,-8.92373466491699,"Female"
"9004158",371991,2025-06-01 13:23:07,42.453010559082,-8.92365169525146,"Female"
"9004158",371991,2025-06-01 13:28:14,42.4531593322754,-8.92317676544189,"Female"
"9004158",371991,2025-06-01 13:33:27,42.4540481567383,-8.9235200881958,"Female"
"9004158",371991,2025-06-01 13:38:45,42.454044342041,-8.92349910736084,"Female"
"9004158",371991,2025-06-01 13:43:34,42.4543190002441,-8.92348670959473,"Female"
"9004158",371991,2025-06-01 13:48:28,42.4539794921875,-8.92344665527344,"Female"
"9004158",371991,2025-06-01 13:53:35,42.4534645080566,-8.9234733581543,"Female"
"9004158",371991,2025-06-01 13:58:43,42.4528045654297,-8.9230785369873,"Female"
"9004158",371991,2025-06-01 14:04:01,42.4523086547852,-8.92295837402344,"Female"
"9004158",371991,2025-06-01 14:09:17,42.4510726928711,-8.92255115509033,"Female"
"9004158",371991,2025-06-01 14:14:19,42.4518432617188,-8.92348766326904,"Female"
"9004158",371991,2025-06-01 14:20:00,42.4512634277344,-8.92306423187256,"Female"
"9004158",371991,2025-06-01 14:25:54,42.4515609741211,-8.92241287231445,"Female"
"9004158",371991,2025-06-01 14:31:10,42.4515266418457,-8.92242622375488,"Female"
"9004158",371991,2025-06-01 14:35:54,42.4514923095703,-8.92242336273193,"Female"
"9004158",371991,2025-06-01 14:40:55,42.4514503479004,-8.92244052886963,"Female"
"9004158",371991,2025-06-01 14:45:54,42.4514961242676,-8.92242431640625,"Female"
"9004158",371991,2025-06-01 14:50:54,42.4514312744141,-8.92244434356689,"Female"
"9004158",371991,2025-06-01 14:55:54,42.4515647888184,-8.92281723022461,"Female"
"9004158",371991,2025-06-01 15:00:54,42.4520416259766,-8.9234447479248,"Female"
"9004158",371991,2025-06-01 15:06:12,42.4524612426758,-8.92311668395996,"Female"
"9004158",371991,2025-06-01 15:10:56,42.4518814086914,-8.92434120178223,"Female"
"9004158",371991,2025-06-01 15:16:48,42.4524841308594,-8.92402744293213,"Female"
"9004158",371991,2025-06-01 15:22:13,42.4517822265625,-8.92392253875732,"Female"
"9004158",371991,2025-06-01 15:26:45,42.4520950317383,-8.92375469207764,"Female"
"9004158",371991,2025-06-01 15:32:05,42.4523010253906,-8.92324066162109,"Female"
"9004158",371991,2025-06-01 15:36:43,42.4173889160156,-8.92153453826904,"Female"
"9004158",371991,2025-06-01 15:41:43,42.3989677429199,-8.92128467559814,"Female"
"9004158",371991,2025-06-01 15:46:45,42.398983001709,-8.92115497589111,"Female"
"9004158",371991,2025-06-01 15:51:45,42.3989639282227,-8.92123603820801,"Female"
"9004158",371991,2025-06-01 15:56:46,42.3989219665527,-8.92112064361572,"Female"
"9004158",371991,2025-06-01 16:01:42,42.3992309570312,-8.92162895202637,"Female"
"9004158",371991,2025-06-01 16:07:05,42.3989601135254,-8.92116069793701,"Female"
"9004158",371991,2025-06-01 16:11:43,42.3989372253418,-8.92118740081787,"Female"
"9004158",371991,2025-06-01 16:16:43,42.3989753723145,-8.92119407653809,"Female"
"9004158",371991,2025-06-01 16:21:43,42.3989448547363,-8.92116165161133,"Female"
"9004158",371991,2025-06-01 16:26:44,42.3989410400391,-8.92125129699707,"Female"
"9004158",371991,2025-06-01 16:31:44,42.3989219665527,-8.92132091522217,"Female"
"9004158",371991,2025-06-01 16:36:45,42.3989105224609,-8.92143821716309,"Female"
"9004158",371991,2025-06-01 16:41:45,42.3989486694336,-8.92124557495117,"Female"
"9004158",371991,2025-06-01 16:46:46,42.3988914489746,-8.92161273956299,"Female"
"9004158",371991,2025-06-01 16:52:30,42.3994331359863,-8.92220401763916,"Female"
"9004158",371991,2025-06-01 16:56:48,42.3995399475098,-8.92213535308838,"Female"
"9004158",371991,2025-06-01 17:01:57,42.3994331359863,-8.92214584350586,"Female"
"9004158",371991,2025-06-01 17:07:52,42.3993148803711,-8.92221260070801,"Female"
"9004158",371991,2025-06-01 17:12:48,42.3992652893066,-8.92217636108398,"Female"
"9004158",371991,2025-06-01 17:17:59,42.3992691040039,-8.92226314544678,"Female"
"9004158",371991,2025-06-01 17:21:45,42.3991508483887,-8.92242431640625,"Female"
"9004158",371991,2025-06-01 17:26:49,42.3996505737305,-8.9217700958252,"Female"
"9004158",371991,2025-06-01 17:32:01,42.3991813659668,-8.92212963104248,"Female"
"9004158",371991,2025-06-01 17:37:09,42.3992500305176,-8.92211055755615,"Female"
"9004158",371991,2025-06-01 17:41:49,42.3992462158203,-8.92163944244385,"Female"
"9004158",371991,2025-06-01 17:47:20,42.3992652893066,-8.92206764221191,"Female"
"9004158",371991,2025-06-01 17:51:48,42.3990020751953,-8.92088222503662,"Female"
"9004158",371991,2025-06-01 17:56:55,42.3995819091797,-8.92209434509277,"Female"
"9004158",371991,2025-06-01 18:01:46,42.399772644043,-8.92307567596436,"Female"
"9004158",371991,2025-06-01 18:06:55,42.399471282959,-8.92208480834961,"Female"
"9004158",371991,2025-06-01 18:11:53,42.3993721008301,-8.92211723327637,"Female"
"9004158",371991,2025-06-01 18:16:55,42.3995971679688,-8.92210960388184,"Female"
"9004158",371991,2025-06-01 18:21:52,42.3995132446289,-8.92224216461182,"Female"
"9004158",371991,2025-06-01 18:27:31,42.3993606567383,-8.92208003997803,"Female"
"9004158",371991,2025-06-01 18:32:07,42.3994178771973,-8.92208576202393,"Female"
"9004158",371991,2025-06-01 18:36:46,42.3994369506836,-8.92208766937256,"Female"
"9004158",371991,2025-06-01 18:41:53,42.399299621582,-8.92214298248291,"Female"
"9004158",371991,2025-06-01 18:46:47,42.3993072509766,-8.92208385467529,"Female"
"9004158",371991,2025-06-01 18:51:45,42.3993301391602,-8.92209815979004,"Female"
"9004158",371991,2025-06-01 18:56:51,42.3996696472168,-8.92192840576172,"Female"
"9004158",371991,2025-06-01 19:02:01,42.3995208740234,-8.92205715179443,"Female"
"9004158",371991,2025-06-01 19:06:55,42.3995132446289,-8.92222881317139,"Female"
"9004158",371991,2025-06-01 19:12:04,42.3993110656738,-8.92221355438232,"Female"
"9004158",371991,2025-06-01 19:16:46,42.3990631103516,-8.92235279083252,"Female"
"9004158",371991,2025-06-01 19:22:03,42.3992919921875,-8.92234420776367,"Female"
"9004158",371991,2025-06-01 19:27:26,42.3993263244629,-8.92225074768066,"Female"
"9004158",371991,2025-06-01 19:33:06,42.3993530273438,-8.92231941223145,"Female"
"9004158",371991,2025-06-01 19:36:53,42.3989181518555,-8.92254638671875,"Female"
"9004158",371991,2025-06-01 19:41:55,42.3991546630859,-8.92228603363037,"Female"
"9004158",371991,2025-06-01 19:47:12,42.399341583252,-8.92209815979004,"Female"
"9004158",371991,2025-06-01 19:51:57,42.3992004394531,-8.92220306396484,"Female"
"9004158",371991,2025-06-01 19:56:46,42.4005126953125,-8.92188835144043,"Female"
"9004158",371991,2025-06-01 20:01:55,42.4000015258789,-8.92252254486084,"Female"
"9004158",371991,2025-06-01 20:06:56,42.3996162414551,-8.92226028442383,"Female"
"9004158",371991,2025-06-01 20:12:01,42.3995399475098,-8.92256736755371,"Female"
"9004158",371991,2025-06-01 20:16:50,42.3997344970703,-8.92230415344238,"Female"
"9004158",371991,2025-06-01 20:22:14,42.3991203308105,-8.92209720611572,"Female"
"9004158",371991,2025-06-01 20:26:46,42.3991889953613,-8.92216968536377,"Female"
"9004158",371991,2025-06-01 20:32:14,42.3993186950684,-8.92202186584473,"Female"
"9004158",371991,2025-06-01 20:36:44,42.3993911743164,-8.9221363067627,"Female"
"9004158",371991,2025-06-01 20:41:44,42.3993759155273,-8.92217826843262,"Female"
"9004158",371991,2025-06-01 20:46:45,42.3994750976562,-8.92216873168945,"Female"
"9004158",371991,2025-06-01 20:51:45,42.3991661071777,-8.92148017883301,"Female"
"9004158",371991,2025-06-01 20:56:45,42.3991546630859,-8.9216947555542,"Female"
"9004158",371991,2025-06-01 21:01:47,42.3987617492676,-8.92139434814453,"Female"
"9004158",371991,2025-06-01 21:06:47,42.3993377685547,-8.92182064056396,"Female"
"9004158",371991,2025-06-01 21:11:47,42.3992195129395,-8.9219274520874,"Female"
"9004158",371991,2025-06-01 21:16:46,42.3994331359863,-8.92210483551025,"Female"
"9004158",371991,2025-06-01 21:21:49,42.399356842041,-8.92204189300537,"Female"
"9004158",371991,2025-06-01 21:26:49,42.3993644714355,-8.92187118530273,"Female"
"9004158",371991,2025-06-01 21:32:05,42.3993301391602,-8.92189693450928,"Female"
"9004158",371991,2025-06-01 21:37:12,42.3994827270508,-8.92208003997803,"Female"
"9004158",371991,2025-06-01 21:41:46,42.3992881774902,-8.92217350006104,"Female"
"9004158",371991,2025-06-01 21:46:46,42.3992958068848,-8.92196178436279,"Female"
"9004158",371991,2025-06-01 21:51:54,42.3992614746094,-8.92214870452881,"Female"
"9004158",371991,2025-06-01 21:56:55,42.3993225097656,-8.92209529876709,"Female"
"9004158",371991,2025-06-01 22:01:52,42.3991584777832,-8.92181587219238,"Female"
"9004158",371991,2025-06-01 22:08:07,42.3995895385742,-8.92219066619873,"Female"
"9004158",371991,2025-06-01 22:11:59,42.3996276855469,-8.92214393615723,"Female"
"9004158",371991,2025-06-01 22:17:28,42.3996925354004,-8.92226696014404,"Female"
"9004158",371991,2025-06-01 22:21:48,42.3996772766113,-8.92230892181396,"Female"
"9004158",371991,2025-06-01 22:28:07,42.3994369506836,-8.92226696014404,"Female"
"9004158",371991,2025-06-01 22:32:05,42.3995018005371,-8.92239093780518,"Female"
"9004158",371991,2025-06-01 22:37:23,42.3994636535645,-8.92224979400635,"Female"
"9004158",371991,2025-06-01 22:42:36,42.3994750976562,-8.92228412628174,"Female"
"9004158",371991,2025-06-01 22:47:10,42.3993721008301,-8.92221736907959,"Female"
"9004158",371991,2025-06-01 22:51:50,42.3993301391602,-8.92235946655273,"Female"
"9004158",371991,2025-06-01 22:56:54,42.3993682861328,-8.92229652404785,"Female"
"9004158",371991,2025-06-01 23:02:08,42.3995399475098,-8.92241668701172,"Female"
"9004158",371991,2025-06-01 23:06:55,42.3994598388672,-8.92234992980957,"Female"
"9004158",371991,2025-06-01 23:11:47,42.3994560241699,-8.92232608795166,"Female"
"9004158",371991,2025-06-01 23:17:09,42.399356842041,-8.92221164703369,"Female"
"9004158",371991,2025-06-01 23:22:10,42.3994941711426,-8.92224884033203,"Female"
"9004158",371991,2025-06-01 23:26:47,42.3995208740234,-8.92262840270996,"Female"
"9004158",371991,2025-06-01 23:33:07,42.4011573791504,-8.92239284515381,"Female"
"9004158",371991,2025-06-01 23:38:07,42.4032859802246,-8.92116546630859,"Female"
"9004158",371991,2025-06-01 23:43:07,42.3988189697266,-8.92354393005371,"Female"
"9004158",371991,2025-06-01 23:48:07,42.3969497680664,-8.9245138168335,"Female"
"9004158",371991,2025-06-01 23:52:27,42.4008522033691,-8.92218208312988,"Female"
"9004158",371991,2025-06-01 23:56:46,42.4035453796387,-8.92253398895264,"Female"
"9004158",371991,2025-06-02 00:01:55,42.3994827270508,-8.92263221740723,"Female"
"9004158",371991,2025-06-02 00:06:47,42.3998718261719,-8.92227458953857,"Female"
"9004158",371991,2025-06-02 00:12:19,42.3990783691406,-8.92245960235596,"Female"
"9004158",371991,2025-06-02 00:17:22,42.3990898132324,-8.9220027923584,"Female"
"9004158",371991,2025-06-02 00:22:08,42.3990135192871,-8.92248821258545,"Female"
"9004158",371991,2025-06-02 00:27:17,42.3992195129395,-8.92219734191895,"Female"
"9004158",371991,2025-06-02 00:32:01,42.398983001709,-8.92216873168945,"Female"
"9004158",371991,2025-06-02 00:36:54,42.3990707397461,-8.92218112945557,"Female"
"9004158",371991,2025-06-02 00:41:58,42.3989067077637,-8.92198371887207,"Female"
"9004158",371991,2025-06-02 00:46:54,42.3992042541504,-8.92237949371338,"Female"
"9004158",371991,2025-06-02 00:51:54,42.3989639282227,-8.92278480529785,"Female"
"9004158",371991,2025-06-02 00:56:55,42.3992500305176,-8.92220306396484,"Female"
"9004158",371991,2025-06-02 01:01:49,42.3995780944824,-8.92193984985352,"Female"
"9004158",371991,2025-06-02 01:06:49,42.3991050720215,-8.92255020141602,"Female"
"9004158",371991,2025-06-02 01:11:51,42.3992385864258,-8.92271423339844,"Female"
"9004158",371991,2025-06-02 01:16:49,42.3995170593262,-8.92221832275391,"Female"
"9004158",371991,2025-06-02 01:21:46,42.3994255065918,-8.92244720458984,"Female"
"9004158",371991,2025-06-02 01:26:48,42.3994216918945,-8.92229175567627,"Female"
"9004158",371991,2025-06-02 01:31:48,42.3994293212891,-8.9221134185791,"Female"
"9004158",371991,2025-06-02 01:36:48,42.399528503418,-8.92215156555176,"Female"
"9004158",371991,2025-06-02 01:41:46,42.399528503418,-8.92223358154297,"Female"
"9004158",371991,2025-06-02 01:46:47,42.3995895385742,-8.92214202880859,"Female"
"9004158",371991,2025-06-02 01:51:50,42.3992614746094,-8.92194175720215,"Female"
"9004158",371991,2025-06-02 01:56:44,42.4005737304688,-8.92291450500488,"Female"
"9004158",371991,2025-06-02 02:01:50,42.3993911743164,-8.92240524291992,"Female"
"9004158",371991,2025-06-02 02:06:47,42.4002571105957,-8.92284202575684,"Female"
"9004158",371991,2025-06-02 02:11:47,42.3998260498047,-8.92275047302246,"Female"
"9004158",371991,2025-06-02 02:16:47,42.4000282287598,-8.92262935638428,"Female"
"9004158",371991,2025-06-02 02:21:48,42.3982810974121,-8.9210958480835,"Female"
"9004158",371991,2025-06-02 02:26:45,42.3989295959473,-8.92134857177734,"Female"
"9004158",371991,2025-06-02 02:31:49,42.3995056152344,-8.9219970703125,"Female"
"9004158",371991,2025-06-02 02:36:56,42.3994216918945,-8.92197513580322,"Female"
"9004158",371991,2025-06-02 02:41:50,42.3997802734375,-8.9219331741333,"Female"
"9004158",371991,2025-06-02 02:46:56,42.3997192382812,-8.92169857025146,"Female"
"9004158",371991,2025-06-02 02:52:10,42.399715423584,-8.92191028594971,"Female"
"9004158",371991,2025-06-02 02:58:07,42.3991966247559,-8.92190742492676,"Female"
"9004158",371991,2025-06-02 03:03:07,42.3993110656738,-8.92191886901855,"Female"
"9004158",371991,2025-06-02 03:08:07,42.3992958068848,-8.92191123962402,"Female"
"9004158",371991,2025-06-02 03:12:37,42.3992691040039,-8.92187881469727,"Female"
"9004158",371991,2025-06-02 03:18:07,42.3994216918945,-8.92197799682617,"Female"
"9004158",371991,2025-06-02 03:22:05,42.3991241455078,-8.92202758789062,"Female"
"9004158",371991,2025-06-02 03:27:09,42.3992958068848,-8.92214775085449,"Female"
"9004158",371991,2025-06-02 03:31:50,42.3993453979492,-8.92207336425781,"Female"
"9004158",371991,2025-06-02 03:36:47,42.3997116088867,-8.92232894897461,"Female"
"9004158",371991,2025-06-02 03:41:48,42.3994483947754,-8.92216300964355,"Female"
"9004158",371991,2025-06-02 03:46:48,42.3996925354004,-8.92222690582275,"Female"
"9004158",371991,2025-06-02 03:51:53,42.399471282959,-8.92189598083496,"Female"
"9004158",371991,2025-06-02 03:56:48,42.3996658325195,-8.92240905761719,"Female"
"9004158",371991,2025-06-02 04:01:46,42.399356842041,-8.92234516143799,"Female"
"9004158",371991,2025-06-02 04:06:47,42.3993339538574,-8.92228126525879,"Female"
"9004158",371991,2025-06-02 04:11:47,42.3992080688477,-8.92235660552979,"Female"
"9004158",371991,2025-06-02 04:16:47,42.3991813659668,-8.92241764068604,"Female"
"9004158",371991,2025-06-02 04:21:45,42.3992233276367,-8.92239189147949,"Female"
"9004158",371991,2025-06-02 04:26:45,42.3992004394531,-8.92254066467285,"Female"
"9004158",371991,2025-06-02 04:31:47,42.3990669250488,-8.92234992980957,"Female"
"9004158",371991,2025-06-02 04:36:49,42.3992195129395,-8.92276382446289,"Female"
"9004158",371991,2025-06-02 04:41:47,42.3992156982422,-8.92242050170898,"Female"
"9004158",371991,2025-06-02 04:46:50,42.3992118835449,-8.92239189147949,"Female"
"9004158",371991,2025-06-02 04:51:55,42.3992118835449,-8.92241287231445,"Female"
"9004158",371991,2025-06-02 04:57:04,42.3992233276367,-8.92209815979004,"Female"
"9004158",371991,2025-06-02 05:01:53,42.3996391296387,-8.92203426361084,"Female"
"9004158",371991,2025-06-02 05:06:59,42.3992881774902,-8.92206859588623,"Female"
"9004158",371991,2025-06-02 05:11:53,42.3989028930664,-8.92242527008057,"Female"
"9004158",371991,2025-06-02 05:16:55,42.3997077941895,-8.9223518371582,"Female"
"9004158",371991,2025-06-02 05:21:44,42.3979644775391,-8.91976070404053,"Female"
"9004158",371991,2025-06-02 05:26:44,42.3980865478516,-8.91967391967773,"Female"
"9004158",371991,2025-06-02 05:31:44,42.3978462219238,-8.92007064819336,"Female"
"9004158",371991,2025-06-02 05:36:44,42.3978881835938,-8.92007255554199,"Female"
"9004158",371991,2025-06-02 05:41:44,42.3978652954102,-8.9200553894043,"Female"
"9004158",371991,2025-06-02 05:46:44,42.3978805541992,-8.92006874084473,"Female"
"9004158",371991,2025-06-02 05:51:44,42.3978843688965,-8.9200963973999,"Female"
"9004158",371991,2025-06-02 05:56:44,42.3978118896484,-8.92009162902832,"Female"
"9004158",371991,2025-06-02 06:01:44,42.3978996276855,-8.92008495330811,"Female"
"9004158",371991,2025-06-02 06:06:44,42.3980140686035,-8.91999340057373,"Female"
"9004158",371991,2025-06-02 06:11:44,42.3979225158691,-8.92008399963379,"Female"
"9004158",371991,2025-06-02 06:16:44,42.3978729248047,-8.92014789581299,"Female"
"9004158",371991,2025-06-02 06:21:44,42.4009056091309,-8.90398216247559,"Female"
"9004158",371991,2025-06-02 06:26:50,42.4048919677734,-8.90008544921875,"Female"
"9004158",371991,2025-06-02 06:31:50,42.4049263000488,-8.89949798583984,"Female"
"9004158",371991,2025-06-02 06:37:25,42.4054794311523,-8.90111446380615,"Female"
"9004158",371991,2025-06-02 06:42:55,42.4095726013184,-8.89705085754395,"Female"
"9004158",371991,2025-06-02 06:47:54,42.4143371582031,-8.88856887817383,"Female"
"9004158",371991,2025-06-02 06:53:16,42.4180679321289,-8.88761043548584,"Female"
"9004158",371991,2025-06-02 06:58:16,42.4186172485352,-8.88781070709229,"Female"
"9004158",371991,2025-06-02 07:03:16,42.433032989502,-8.90295791625977,"Female"
"9004158",371991,2025-06-02 07:08:16,42.4505920410156,-8.91775894165039,"Female"
"9004158",371991,2025-06-02 07:13:16,42.4506034851074,-8.91775035858154,"Female"
"9004158",371991,2025-06-02 07:18:16,42.4505195617676,-8.91779136657715,"Female"
"9004158",371991,2025-06-02 07:23:16,42.4505081176758,-8.91776657104492,"Female"
"9004158",371991,2025-06-02 07:28:16,42.450511932373,-8.91776943206787,"Female"
"9004158",371991,2025-06-02 07:33:17,42.4548950195312,-8.91977596282959,"Female"
"9004158",371991,2025-06-02 07:38:22,42.4546585083008,-8.91966915130615,"Female"
"9004158",371991,2025-06-02 07:44:02,42.4550666809082,-8.91962814331055,"Female"
"9004158",371991,2025-06-02 07:49:19,42.4548110961914,-8.91829299926758,"Female"
"9004158",371991,2025-06-02 07:54:42,42.4558372497559,-8.91930961608887,"Female"
"9004158",371991,2025-06-02 08:00:08,42.4562110900879,-8.92013645172119,"Female"
"9004158",371991,2025-06-02 08:05:07,42.4561805725098,-8.92071628570557,"Female"
"9004158",371991,2025-06-02 08:10:07,42.4561767578125,-8.92069244384766,"Female"
"9004158",371991,2025-06-02 08:15:07,42.4562721252441,-8.92081260681152,"Female"
"9004158",371991,2025-06-02 08:20:07,42.4563369750977,-8.92076587677002,"Female"
"9004158",371991,2025-06-02 08:25:07,42.4564094543457,-8.92080974578857,"Female"
"9004158",371991,2025-06-02 08:30:07,42.4561576843262,-8.92067623138428,"Female"
"9004158",371991,2025-06-02 08:35:07,42.4561538696289,-8.92075729370117,"Female"
"9004158",371991,2025-06-02 08:40:07,42.4560508728027,-8.9207935333252,"Female"
"9004158",371991,2025-06-02 08:45:07,42.4562034606934,-8.92067623138428,"Female"
"9004158",371991,2025-06-02 08:50:07,42.4562225341797,-8.92073726654053,"Female"
"9004158",371991,2025-06-02 08:55:07,42.4561424255371,-8.92072868347168,"Female"
"9004158",371991,2025-06-02 09:00:07,42.4560089111328,-8.92092800140381,"Female"
"9004158",371991,2025-06-02 09:05:17,42.4559059143066,-8.92021656036377,"Female"
"9004158",371991,2025-06-02 09:10:29,42.456916809082,-8.91894149780273,"Female"
"9004158",371991,2025-06-02 09:16:03,42.4561996459961,-8.91873359680176,"Female"
"9004158",371991,2025-06-02 09:21:22,42.4566230773926,-8.91797733306885,"Female"
"9004158",371991,2025-06-02 09:26:45,42.4562301635742,-8.91882801055908,"Female"
"9004158",371991,2025-06-02 09:32:08,42.4559097290039,-8.91913795471191,"Female"
"9004158",371991,2025-06-02 09:37:07,42.4553070068359,-8.91882801055908,"Female"
"9004158",371991,2025-06-02 09:42:07,42.4547157287598,-8.91839027404785,"Female"
"9004158",371991,2025-06-02 09:47:07,42.4546508789062,-8.91834449768066,"Female"
"9004158",371991,2025-06-02 09:52:07,42.4545211791992,-8.91831874847412,"Female"
"9004158",371991,2025-06-02 09:57:07,42.454662322998,-8.91821670532227,"Female"
"9004158",371991,2025-06-02 10:02:07,42.4545822143555,-8.91824913024902,"Female"
"9004158",371991,2025-06-02 10:07:07,42.4545440673828,-8.91816139221191,"Female"
"9004158",371991,2025-06-02 10:12:07,42.4545364379883,-8.91821098327637,"Female"
"9004158",371991,2025-06-02 10:17:07,42.4547080993652,-8.91823959350586,"Female"
"9004158",371991,2025-06-02 10:22:32,42.4547691345215,-8.91876029968262,"Female"
"9004158",371991,2025-06-02 10:27:32,42.4544258117676,-8.91952896118164,"Female"
"9004158",371991,2025-06-02 10:32:32,42.4552421569824,-8.91990184783936,"Female"
"9004158",371991,2025-06-02 10:37:42,42.4560737609863,-8.91999912261963,"Female"
"9004158",371991,2025-06-02 10:42:59,42.4561614990234,-8.9189624786377,"Female"
"9004158",371991,2025-06-02 10:47:59,42.4568023681641,-8.92132186889648,"Female"
"9004158",371991,2025-06-02 10:52:59,42.4567718505859,-8.92126750946045,"Female"
"9004158",371991,2025-06-02 10:57:59,42.4565467834473,-8.92122268676758,"Female"
"9004158",371991,2025-06-02 11:03:00,42.4569435119629,-8.92122077941895,"Female"
"9004158",371991,2025-06-02 11:07:58,42.4566116333008,-8.92168712615967,"Female"
"9004158",371991,2025-06-02 11:12:58,42.456615447998,-8.92163753509521,"Female"
"9004158",371991,2025-06-02 11:17:59,42.4569091796875,-8.92103958129883,"Female"
"9004158",371991,2025-06-02 11:22:59,42.4558982849121,-8.92094421386719,"Female"
"9004158",371991,2025-06-02 11:27:58,42.4560852050781,-8.92122364044189,"Female"
"9004158",371991,2025-06-02 11:32:59,42.4562759399414,-8.92081928253174,"Female"
"9004158",371991,2025-06-02 11:37:59,42.4562377929688,-8.92101955413818,"Female"
"9004158",371991,2025-06-02 11:42:59,42.4563865661621,-8.92080020904541,"Female"
"9004158",371991,2025-06-02 11:47:59,42.4563865661621,-8.92089176177979,"Female"
"9004158",371991,2025-06-02 11:52:59,42.4562339782715,-8.92082500457764,"Female"
"9004158",371991,2025-06-02 11:57:58,42.4560317993164,-8.92148685455322,"Female"
"9004158",371991,2025-06-02 12:03:10,42.4565010070801,-8.91913509368896,"Female"
"9004158",371991,2025-06-02 12:08:17,42.4572296142578,-8.91860580444336,"Female"
"9004158",371991,2025-06-02 12:13:39,42.4578285217285,-8.91767406463623,"Female"
"9004158",371991,2025-06-02 12:18:39,42.4578247070312,-8.91772747039795,"Female"
"9004158",371991,2025-06-02 12:24:00,42.4571876525879,-8.91875076293945,"Female"
"9004158",371991,2025-06-02 12:29:16,42.4566230773926,-8.92007827758789,"Female"
"9004158",371991,2025-06-02 12:34:16,42.4561462402344,-8.92021369934082,"Female"
"9004158",371991,2025-06-02 12:39:16,42.45556640625,-8.92185115814209,"Female"
"9004158",371991,2025-06-02 12:44:42,42.4554557800293,-8.92166614532471,"Female"
"9004158",371991,2025-06-02 12:49:39,42.4555244445801,-8.92171001434326,"Female"
"9004158",371991,2025-06-02 12:54:39,42.4555625915527,-8.92180347442627,"Female"
"9004158",371991,2025-06-02 12:59:39,42.4555549621582,-8.9216833114624,"Female"
"9004158",371991,2025-06-02 13:04:39,42.4555625915527,-8.92171096801758,"Female"
"9004158",371991,2025-06-02 13:09:39,42.4555397033691,-8.92167472839355,"Female"
"9004158",371991,2025-06-02 13:14:39,42.455451965332,-8.92170429229736,"Female"
"9004158",371991,2025-06-02 13:19:39,42.4555549621582,-8.92171669006348,"Female"
"9004158",371991,2025-06-02 13:24:39,42.4556083679199,-8.92168140411377,"Female"
"9004158",371991,2025-06-02 13:29:47,42.4558753967285,-8.9212703704834,"Female"
"9004158",371991,2025-06-02 13:35:12,42.4561729431152,-8.92045116424561,"Female"
"9004158",371991,2025-06-02 13:40:11,42.4564895629883,-8.91954612731934,"Female"
"9004158",371991,2025-06-02 13:45:26,42.4571342468262,-8.91841602325439,"Female"
"9004158",371991,2025-06-02 13:50:43,42.4568748474121,-8.91902637481689,"Female"
"9004158",371991,2025-06-02 13:55:47,42.4562835693359,-8.920241355896,"Female"
"9004158",371991,2025-06-02 14:00:46,42.4561576843262,-8.92080211639404,"Female"
"9004158",371991,2025-06-02 14:05:46,42.4561347961426,-8.92079830169678,"Female"
"9004158",371991,2025-06-02 14:10:46,42.4562377929688,-8.92076873779297,"Female"
"9004158",371991,2025-06-02 14:15:46,42.456241607666,-8.92074871063232,"Female"
"9004158",371991,2025-06-02 14:20:46,42.4562454223633,-8.92076778411865,"Female"
"9004158",371991,2025-06-02 14:25:46,42.4562644958496,-8.92076110839844,"Female"
"9004158",371991,2025-06-02 14:30:46,42.4562339782715,-8.92073059082031,"Female"
"9004158",371991,2025-06-02 14:35:46,42.4560012817383,-8.92077350616455,"Female"
"9004158",371991,2025-06-02 14:40:46,42.4554061889648,-8.92179870605469,"Female"
"9004158",371991,2025-06-02 14:45:59,42.4551963806152,-8.92271041870117,"Female"
"9004158",371991,2025-06-02 14:50:46,42.4544410705566,-8.92333316802979,"Female"
"9004158",371991,2025-06-02 14:56:18,42.4537887573242,-8.92317867279053,"Female"
"9004158",371991,2025-06-02 15:01:27,42.4526405334473,-8.92430210113525,"Female"
"9004158",371991,2025-06-02 15:06:30,42.4523124694824,-8.92434024810791,"Female"
"9004158",371991,2025-06-02 15:11:15,42.4520645141602,-8.92422389984131,"Female"
"9004158",371991,2025-06-02 15:16:32,42.4525299072266,-8.92418193817139,"Female"
"9004158",371991,2025-06-02 15:21:30,42.4523811340332,-8.92349815368652,"Female"
"9004158",371991,2025-06-02 15:26:30,42.4523849487305,-8.92356395721436,"Female"
"9004158",371991,2025-06-02 15:31:30,42.4523887634277,-8.92353534698486,"Female"
"9004158",371991,2025-06-02 15:36:30,42.4523620605469,-8.92354393005371,"Female"
"9004158",371991,2025-06-02 15:41:30,42.4524955749512,-8.92340087890625,"Female"
"9004158",371991,2025-06-02 15:46:31,42.401065826416,-8.92219352722168,"Female"
"9004158",371991,2025-06-02 15:51:31,42.4003067016602,-8.91954231262207,"Female"
"9004158",371991,2025-06-02 15:56:31,42.3979606628418,-8.92075252532959,"Female"
"9004158",371991,2025-06-02 16:01:31,42.3990211486816,-8.92121410369873,"Female"
"9004158",371991,2025-06-02 16:06:31,42.3990020751953,-8.9211950302124,"Female"
"9004158",371991,2025-06-02 16:11:31,42.3990821838379,-8.92113304138184,"Female"
"9004158",371991,2025-06-02 16:16:31,42.3990287780762,-8.92107486724854,"Female"
"9004158",371991,2025-06-02 16:21:34,42.3993835449219,-8.92220401763916,"Female"
"9004158",371991,2025-06-02 16:26:33,42.3991622924805,-8.92220115661621,"Female"
"9004158",371991,2025-06-02 16:31:34,42.399284362793,-8.92215919494629,"Female"
"9004158",371991,2025-06-02 16:36:34,42.3991661071777,-8.92197513580322,"Female"
"9004158",371991,2025-06-02 16:41:38,42.3994941711426,-8.92216396331787,"Female"
"9004158",371991,2025-06-02 16:46:38,42.3992080688477,-8.9220724105835,"Female"
"9004158",371991,2025-06-02 16:51:33,42.3994522094727,-8.92219066619873,"Female"
"9004158",371991,2025-06-02 16:56:42,42.3991279602051,-8.9218864440918,"Female"
"9004158",371991,2025-06-02 17:01:42,42.3991241455078,-8.92190265655518,"Female"
"9004158",371991,2025-06-02 17:06:32,42.3990211486816,-8.92186832427979,"Female"
"9004158",371991,2025-06-02 17:11:34,42.3989181518555,-8.92200946807861,"Female"
"9004158",371991,2025-06-02 17:16:34,42.3994102478027,-8.92311573028564,"Female"
"9004158",371991,2025-06-02 17:21:36,42.3989486694336,-8.92189693450928,"Female"
"9004158",371991,2025-06-02 17:26:46,42.3988952636719,-8.92195892333984,"Female"
"9004158",371991,2025-06-02 17:31:33,42.3992347717285,-8.92307949066162,"Female"
"9004158",371991,2025-06-02 17:36:38,42.3988723754883,-8.92196846008301,"Female"
"9004158",371991,2025-06-02 17:41:32,42.3996429443359,-8.92397022247314,"Female"
"9004158",371991,2025-06-02 17:46:34,42.3995590209961,-8.92214965820312,"Female"
"9004158",371991,2025-06-02 17:51:34,42.3999977111816,-8.92208194732666,"Female"
"9004158",371991,2025-06-02 17:56:37,42.3997917175293,-8.9222354888916,"Female"
"9004158",371991,2025-06-02 18:01:39,42.3995475769043,-8.92212200164795,"Female"
"9004158",371991,2025-06-02 18:06:34,42.3997650146484,-8.92209148406982,"Female"
"9004158",371991,2025-06-02 18:11:32,42.4002532958984,-8.92196178436279,"Female"
"9004158",371991,2025-06-02 18:16:34,42.3997459411621,-8.92219924926758,"Female"
"9004158",371991,2025-06-02 18:21:48,42.4000129699707,-8.92221069335938,"Female"
"9004158",371991,2025-06-02 18:26:37,42.3998527526855,-8.92220592498779,"Female"
"9004158",371991,2025-06-02 18:31:34,42.4001083374023,-8.92234134674072,"Female"
"9004158",371991,2025-06-02 18:36:36,42.3985366821289,-8.92217445373535,"Female"
"9004158",371991,2025-06-02 18:41:36,42.3988761901855,-8.92227363586426,"Female"
"9004158",371991,2025-06-02 18:46:33,42.3992729187012,-8.92150497436523,"Female"
"9004158",371991,2025-06-02 18:51:34,42.4003868103027,-8.92233085632324,"Female"
"9004158",371991,2025-06-02 18:56:36,42.3998565673828,-8.92243099212646,"Female"
"9004158",371991,2025-06-02 19:01:37,42.3996963500977,-8.92242813110352,"Female"
"9004158",371991,2025-06-02 19:06:36,42.399471282959,-8.92276287078857,"Female"
"9004158",371991,2025-06-02 19:11:36,42.3996963500977,-8.92302131652832,"Female"
"9004158",371991,2025-06-02 19:16:34,42.3998565673828,-8.92232608795166,"Female"
"9004158",371991,2025-06-02 19:21:32,42.3999214172363,-8.92250061035156,"Female"
"9004158",371991,2025-06-02 19:26:33,42.3999977111816,-8.92228698730469,"Female"
"9004158",371991,2025-06-02 19:31:32,42.3999176025391,-8.92224025726318,"Female"
"9004158",371991,2025-06-02 19:36:39,42.3998184204102,-8.92252540588379,"Female"
"9004158",371991,2025-06-02 19:41:32,42.3998527526855,-8.92260265350342,"Female"
"9004158",371991,2025-06-02 19:46:31,42.400016784668,-8.92267608642578,"Female"
"9004158",371991,2025-06-02 19:51:31,42.4000549316406,-8.92308139801025,"Female"
"9004158",371991,2025-06-02 19:56:44,42.3995666503906,-8.92217826843262,"Female"
"9004158",371991,2025-06-02 20:01:43,42.3996620178223,-8.92229080200195,"Female"
"9004158",371991,2025-06-02 20:06:33,42.3992805480957,-8.921799659729,"Female"
"9004158",371991,2025-06-02 20:11:31,42.3991508483887,-8.92195129394531,"Female"
"9004158",371991,2025-06-02 20:16:31,42.3990516662598,-8.92171478271484,"Female"
"9004158",371991,2025-06-02 20:21:31,42.3987426757812,-8.92159366607666,"Female"
"9004158",371991,2025-06-02 20:26:31,42.3984260559082,-8.9214391708374,"Female"
"9004158",371991,2025-06-02 20:31:31,42.3985404968262,-8.92136383056641,"Female"
"9004158",371991,2025-06-02 20:36:31,42.3988151550293,-8.92138290405273,"Female"
"9004158",371991,2025-06-02 20:41:31,42.3984603881836,-8.92128849029541,"Female"
"9004158",371991,2025-06-02 20:46:32,42.3992500305176,-8.92181873321533,"Female"
"9004158",371991,2025-06-02 20:51:34,42.3983192443848,-8.9219856262207,"Female"
"9004158",371991,2025-06-02 20:56:33,42.3980255126953,-8.91806983947754,"Female"
"9004158",371991,2025-06-02 21:01:34,42.3986549377441,-8.92208671569824,"Female"
"9004158",371991,2025-06-02 21:06:36,42.3988456726074,-8.92213249206543,"Female"
"9004158",371991,2025-06-02 21:11:36,42.3988418579102,-8.92211532592773,"Female"
"9004158",371991,2025-06-02 21:16:38,42.3991394042969,-8.92221736907959,"Female"
"9004158",371991,2025-06-02 21:21:32,42.3989372253418,-8.92030620574951,"Female"
"9004158",371991,2025-06-02 21:26:36,42.3998031616211,-8.92237377166748,"Female"
"9004158",371991,2025-06-02 21:31:32,42.3987045288086,-8.92083072662354,"Female"
"9004158",371991,2025-06-02 21:36:33,42.3989105224609,-8.92134094238281,"Female"
"9004158",371991,2025-06-02 21:41:36,42.3993873596191,-8.92223453521729,"Female"
"9004158",371991,2025-06-02 21:46:35,42.3993263244629,-8.92182731628418,"Female"
"9004158",371991,2025-06-02 21:51:37,42.3993301391602,-8.92179489135742,"Female"
"9004158",371991,2025-06-02 21:56:33,42.3992195129395,-8.92162990570068,"Female"
"9004158",371991,2025-06-02 22:01:38,42.399471282959,-8.92213821411133,"Female"
"9004158",371991,2025-06-02 22:06:32,42.3993911743164,-8.9218111038208,"Female"
"9004158",371991,2025-06-02 22:11:37,42.399528503418,-8.92214584350586,"Female"
"9004158",371991,2025-06-02 22:16:36,42.3995552062988,-8.92234802246094,"Female"
"9004158",371991,2025-06-02 22:21:36,42.3994026184082,-8.92209911346436,"Female"
"9004158",371991,2025-06-02 22:26:39,42.3993911743164,-8.92176532745361,"Female"
"9004158",371991,2025-06-02 22:31:38,42.3994255065918,-8.92195415496826,"Female"
"9004158",371991,2025-06-02 22:36:34,42.3994789123535,-8.92212581634521,"Female"
"9004158",371991,2025-06-02 22:41:36,42.3994140625,-8.92188358306885,"Female"
"9004158",371991,2025-06-02 22:46:36,42.3994827270508,-8.92212295532227,"Female"
"9004158",371991,2025-06-02 22:51:38,42.3994140625,-8.92205715179443,"Female"
"9004158",371991,2025-06-02 22:56:40,42.3994255065918,-8.92212104797363,"Female"
"9004158",371991,2025-06-02 23:01:33,42.3993072509766,-8.92212677001953,"Female"
"9004158",371991,2025-06-02 23:06:36,42.3993797302246,-8.92190361022949,"Female"
"9004158",371991,2025-06-02 23:11:32,42.3994789123535,-8.92195320129395,"Female"
"9004158",371991,2025-06-02 23:16:32,42.399299621582,-8.9222526550293,"Female"
"9004158",371991,2025-06-02 23:21:39,42.400333404541,-8.92210292816162,"Female"
"9004158",371991,2025-06-02 23:26:34,42.3999633789062,-8.92209053039551,"Female"
"9004158",371991,2025-06-02 23:31:36,42.400089263916,-8.92207050323486,"Female"
"9004158",371991,2025-06-02 23:36:38,42.4002113342285,-8.92200088500977,"Female"
"9004158",371991,2025-06-02 23:41:37,42.4001274108887,-8.92239856719971,"Female"
"9004158",371991,2025-06-02 23:46:34,42.3997383117676,-8.922119140625,"Female"
"9004158",371991,2025-06-02 23:51:34,42.3995971679688,-8.92227935791016,"Female"
"9004158",371991,2025-06-02 23:56:38,42.4000244140625,-8.92217636108398,"Female"
"9004158",371991,2025-06-03 00:01:39,42.3993453979492,-8.9222297668457,"Female"
"9004158",371991,2025-06-03 00:06:39,42.3996658325195,-8.92263507843018,"Female"
"9004158",371991,2025-06-03 00:11:39,42.399658203125,-8.9223747253418,"Female"
"9004158",371991,2025-06-03 00:16:39,42.3998107910156,-8.92266178131104,"Female"
"9004158",371991,2025-06-03 00:21:37,42.3995742797852,-8.92252635955811,"Female"
"9004158",371991,2025-06-03 00:26:37,42.3994026184082,-8.92256641387939,"Female"
"9004158",371991,2025-06-03 00:31:41,42.3994293212891,-8.92236042022705,"Female"
"9004158",371991,2025-06-03 00:36:33,42.4003295898438,-8.9227409362793,"Female"
"9004158",371991,2025-06-03 00:41:37,42.3994979858398,-8.92254734039307,"Female"
"9004158",371991,2025-06-03 00:46:34,42.399471282959,-8.92222309112549,"Female"
"9004158",371991,2025-06-03 00:51:38,42.3994941711426,-8.92239665985107,"Female"
"9004158",371991,2025-06-03 00:56:38,42.3995208740234,-8.92245292663574,"Female"
"9004158",371991,2025-06-03 01:01:37,42.399486541748,-8.92226600646973,"Female"
"9004158",371991,2025-06-03 01:06:33,42.3996124267578,-8.92241668701172,"Female"
"9004158",371991,2025-06-03 01:11:41,42.3992576599121,-8.92211818695068,"Female"
"9004158",371991,2025-06-03 01:16:39,42.3992652893066,-8.92232704162598,"Female"
"9004158",371991,2025-06-03 01:21:36,42.3993301391602,-8.92234420776367,"Female"
"9004158",371991,2025-06-03 01:26:39,42.3991737365723,-8.92236042022705,"Female"
"9004158",371991,2025-06-03 01:31:39,42.3991355895996,-8.92237091064453,"Female"
"9004158",371991,2025-06-03 01:36:36,42.3992462158203,-8.92244052886963,"Female"
"9004158",371991,2025-06-03 01:41:39,42.3992042541504,-8.92220211029053,"Female"
"9004158",371991,2025-06-03 01:46:34,42.3991966247559,-8.92250823974609,"Female"
"9004158",371991,2025-06-03 01:51:38,42.3991203308105,-8.92250633239746,"Female"
"9004158",371991,2025-06-03 01:56:37,42.3994026184082,-8.92219066619873,"Female"
"9004158",371991,2025-06-03 02:02:01,42.3993988037109,-8.92067432403564,"Female"
"9004158",371991,2025-06-03 02:06:39,42.3993148803711,-8.92074871063232,"Female"
"9004158",371991,2025-06-03 02:11:36,42.3992118835449,-8.92060375213623,"Female"
"9004158",371991,2025-06-03 02:16:36,42.399341583252,-8.92072486877441,"Female"
"9004158",371991,2025-06-03 02:21:38,42.3997840881348,-8.92208290100098,"Female"
"9004158",371991,2025-06-03 02:26:33,42.3993644714355,-8.92086696624756,"Female"
"9004158",371991,2025-06-03 02:31:37,42.3994026184082,-8.9227409362793,"Female"
"9004158",371991,2025-06-03 02:36:36,42.3994407653809,-8.92257881164551,"Female"
"9004158",371991,2025-06-03 02:41:37,42.3995018005371,-8.92261695861816,"Female"
"9004158",371991,2025-06-03 02:46:43,42.3996315002441,-8.9226016998291,"Female"
"9004158",371991,2025-06-03 02:51:34,42.3995933532715,-8.92300415039062,"Female"
"9004158",371991,2025-06-03 02:56:36,42.3997650146484,-8.92269325256348,"Female"
"9004158",371991,2025-06-03 03:01:52,42.3997192382812,-8.92245006561279,"Female"
"9004158",371991,2025-06-03 03:06:36,42.3995132446289,-8.92290687561035,"Female"
"9004158",371991,2025-06-03 03:12:54,42.3993835449219,-8.92239284515381,"Female"
"9004158",371991,2025-06-03 03:16:47,42.3994789123535,-8.92238712310791,"Female"
"9004158",371991,2025-06-03 03:22:26,42.3994178771973,-8.9223518371582,"Female"
"9004158",371991,2025-06-03 03:26:39,42.3992614746094,-8.92251777648926,"Female"
"9004158",371991,2025-06-03 03:31:39,42.3994598388672,-8.92228126525879,"Female"
"9004158",371991,2025-06-03 03:36:37,42.3994369506836,-8.9224681854248,"Female"
"9004158",371991,2025-06-03 03:41:36,42.3993835449219,-8.92244148254395,"Female"
"9004158",371991,2025-06-03 03:46:37,42.3994941711426,-8.92236995697021,"Female"
"9004158",371991,2025-06-03 03:51:34,42.3993301391602,-8.92275619506836,"Female"
"9004158",371991,2025-06-03 03:56:38,42.3992767333984,-8.92278003692627,"Female"
"9004158",371991,2025-06-03 04:01:38,42.3993759155273,-8.92304801940918,"Female"
"9004158",371991,2025-06-03 04:06:38,42.3993988037109,-8.92277812957764,"Female"
"9004158",371991,2025-06-03 04:11:34,42.3993148803711,-8.92313671112061,"Female"
"9004158",371991,2025-06-03 04:16:37,42.3993835449219,-8.92277526855469,"Female"
"9004158",371991,2025-06-03 04:21:34,42.3993606567383,-8.92265701293945,"Female"
"9004158",371991,2025-06-03 04:26:32,42.3991165161133,-8.9227409362793,"Female"
"9004158",371991,2025-06-03 04:31:32,42.3991546630859,-8.92247581481934,"Female"
"9004158",371991,2025-06-03 04:36:33,42.3990783691406,-8.92226982116699,"Female"
"9004158",371991,2025-06-03 04:41:33,42.3993148803711,-8.92261028289795,"Female"
"9004158",371991,2025-06-03 04:46:44,42.3991584777832,-8.92234802246094,"Female"
"9004158",371991,2025-06-03 04:52:03,42.3993988037109,-8.9221773147583,"Female"
"9004158",371991,2025-06-03 04:56:37,42.3992347717285,-8.92208194732666,"Female"
"9004158",371991,2025-06-03 05:01:49,42.3992233276367,-8.92219734191895,"Female"
"9004158",371991,2025-06-03 05:06:34,42.3988265991211,-8.92227840423584,"Female"
"9004158",371991,2025-06-03 05:11:32,42.3977394104004,-8.9207820892334,"Female"
"9004158",371991,2025-06-03 05:16:31,42.3978576660156,-8.92069721221924,"Female"
"9004158",371991,2025-06-03 05:21:32,42.3978881835938,-8.92067432403564,"Female"
"9004158",371991,2025-06-03 05:26:31,42.397834777832,-8.92072868347168,"Female"
"9004158",371991,2025-06-03 05:31:31,42.397876739502,-8.9206428527832,"Female"
"9004158",371991,2025-06-03 05:36:31,42.3978309631348,-8.92064380645752,"Female"
"9004158",371991,2025-06-03 05:41:31,42.3978729248047,-8.92058086395264,"Female"
"9004158",371991,2025-06-03 05:46:31,42.3979110717773,-8.92058277130127,"Female"
"9004158",371991,2025-06-03 05:51:31,42.3978996276855,-8.92062664031982,"Female"
"9004158",371991,2025-06-03 05:56:31,42.3979225158691,-8.9205436706543,"Female"
"9004158",371991,2025-06-03 06:01:31,42.3979034423828,-8.92043209075928,"Female"
"9004158",371991,2025-06-03 06:06:31,42.3979301452637,-8.92044925689697,"Female"
"9004158",371991,2025-06-03 06:11:31,42.3978614807129,-8.92052745819092,"Female"
"9004158",371991,2025-06-03 06:16:31,42.397876739502,-8.92052268981934,"Female"
"9004158",371991,2025-06-03 06:21:31,42.3978500366211,-8.92046546936035,"Female"
"9004158",371991,2025-06-03 06:26:31,42.3978424072266,-8.9203929901123,"Female"
"9004158",371991,2025-06-03 06:31:31,42.3978652954102,-8.92043495178223,"Female"
"9004158",371991,2025-06-03 06:36:30,42.3991851806641,-8.91451358795166,"Female"
"9004158",371991,2025-06-03 06:41:31,42.4029502868652,-8.90170192718506,"Female"
"9004158",371991,2025-06-03 06:46:56,42.4035263061523,-8.90097332000732,"Female"
"9004158",371991,2025-06-03 06:52:26,42.4044151306152,-8.89996814727783,"Female"
"9004158",371991,2025-06-03 06:58:19,42.4113655090332,-8.89603614807129,"Female"
"9004158",371991,2025-06-03 07:03:29,42.4150009155273,-8.88850498199463,"Female"
"9004158",371991,2025-06-03 07:08:29,42.4155426025391,-8.88797760009766,"Female"
"9004158",371991,2025-06-03 07:13:27,42.4308395385742,-8.89964771270752,"Female"
"9004158",371991,2025-06-03 07:19:06,42.4546775817871,-8.91958332061768,"Female"
"9004158",371991,2025-06-03 07:24:06,42.4549446105957,-8.9191951751709,"Female"
"9004158",371991,2025-06-03 07:29:37,42.455249786377,-8.91890716552734,"Female"
"9004158",371991,2025-06-03 07:34:49,42.4559364318848,-8.91867446899414,"Female"
"9004158",371991,2025-06-03 07:40:16,42.4575653076172,-8.91897869110107,"Female"
"9004158",371991,2025-06-03 07:45:13,42.4568176269531,-8.91934394836426,"Female"
"9004158",371991,2025-06-03 07:50:12,42.4564437866211,-8.92033863067627,"Female"
"9004158",371991,2025-06-03 07:55:34,42.4559707641602,-8.92189598083496,"Female"
"9004158",371991,2025-06-03 08:00:32,42.454906463623,-8.9215612411499,"Female"
"9004158",371991,2025-06-03 08:05:32,42.454216003418,-8.92262268066406,"Female"
"9004158",371991,2025-06-03 08:10:31,42.4529724121094,-8.92258358001709,"Female"
"9004158",371991,2025-06-03 08:15:37,42.4521942138672,-8.92384243011475,"Female"
"9004158",371991,2025-06-03 08:25:20,42.4516143798828,-8.92490863800049,"Female"
"9004158",371991,2025-06-03 08:30:19,42.4517478942871,-8.92375946044922,"Female"
"9004158",371991,2025-06-03 08:35:20,42.4519081115723,-8.92318153381348,"Female"
"9004158",371991,2025-06-03 08:40:59,42.4518508911133,-8.92270088195801,"Female"
"9004158",371991,2025-06-03 08:45:19,42.451904296875,-8.92240238189697,"Female"
"9004158",371991,2025-06-03 08:50:19,42.4517631530762,-8.92280292510986,"Female"
"9004158",371991,2025-06-03 08:55:19,42.4516563415527,-8.92271995544434,"Female"
"9004158",371991,2025-06-03 09:00:19,42.4516334533691,-8.92275810241699,"Female"
"9004158",371991,2025-06-03 09:05:20,42.4516067504883,-8.92267894744873,"Female"
"9004158",371991,2025-06-03 09:10:19,42.4517097473145,-8.92262744903564,"Female"
"9004158",371991,2025-06-03 09:15:24,42.4520034790039,-8.92323398590088,"Female"
"9004158",371991,2025-06-03 09:21:25,42.4527435302734,-8.92359066009521,"Female"
"9004158",371991,2025-06-03 09:26:57,42.4525680541992,-8.92398452758789,"Female"
"9004158",371991,2025-06-03 09:31:56,42.4523544311523,-8.92255592346191,"Female"
"9004158",371991,2025-06-03 09:36:58,42.4522819519043,-8.92441082000732,"Female"
"9004158",371991,2025-06-03 09:41:56,42.4522895812988,-8.92355537414551,"Female"
"9004158",371991,2025-06-03 09:46:56,42.4522171020508,-8.92387866973877,"Female"
"9004158",371991,2025-06-03 09:51:56,42.4522476196289,-8.92544746398926,"Female"
"9004158",371991,2025-06-03 09:56:59,42.4521713256836,-8.92314052581787,"Female"
"9004158",371991,2025-06-03 10:02:10,42.4520492553711,-8.92339992523193,"Female"
"9004158",371991,2025-06-03 10:06:56,42.451976776123,-8.92304420471191,"Female"
"9004158",371991,2025-06-03 10:11:56,42.4520072937012,-8.92318058013916,"Female"
"9004158",371991,2025-06-03 10:16:57,42.4517707824707,-8.92312240600586,"Female"
"9004158",371991,2025-06-03 10:21:56,42.4518737792969,-8.92295169830322,"Female"
"9004158",371991,2025-06-03 10:26:55,42.4523010253906,-8.92305755615234,"Female"
"9004158",371991,2025-06-03 10:31:56,42.4523849487305,-8.92363929748535,"Female"
"9004158",371991,2025-06-03 10:36:57,42.4520225524902,-8.92452907562256,"Female"
"9004158",371991,2025-06-03 10:41:56,42.4523696899414,-8.92464351654053,"Female"
"9004158",371991,2025-06-03 10:48:08,42.452709197998,-8.92422008514404,"Female"
"9004158",371991,2025-06-03 10:53:02,42.4531936645508,-8.92346096038818,"Female"
"9004158",371991,2025-06-03 10:58:11,42.4532089233398,-8.92401123046875,"Female"
"9004158",371991,2025-06-03 11:03:00,42.4532127380371,-8.92416763305664,"Female"
"9004158",371991,2025-06-03 11:08:00,42.4532508850098,-8.92354393005371,"Female"
"9004158",371991,2025-06-03 11:13:00,42.453239440918,-8.92357540130615,"Female"
"9004158",371991,2025-06-03 11:18:45,42.4530296325684,-8.92350769042969,"Female"
"9004158",371991,2025-06-03 11:23:14,42.4529571533203,-8.92344284057617,"Female"
"9004158",371991,2025-06-03 11:28:01,42.4530334472656,-8.92349052429199,"Female"
"9004158",371991,2025-06-03 11:33:07,42.4529914855957,-8.92341232299805,"Female"
"9004158",371991,2025-06-03 11:38:10,42.4532051086426,-8.92377758026123,"Female"
"9004158",371991,2025-06-03 11:43:07,42.4531402587891,-8.92366790771484,"Female"
"9004158",371991,2025-06-03 11:48:07,42.452938079834,-8.92326545715332,"Female"
"9004158",371991,2025-06-03 11:53:07,42.4530830383301,-8.92352104187012,"Female"
"9004158",371991,2025-06-03 11:58:09,42.4531707763672,-8.92372894287109,"Female"
"9004158",371991,2025-06-03 12:03:07,42.4531288146973,-8.92355728149414,"Female"
"9004158",371991,2025-06-03 12:08:12,42.4531631469727,-8.92367553710938,"Female"
"9004158",371991,2025-06-03 12:13:08,42.453182220459,-8.92376232147217,"Female"
"9004158",371991,2025-06-03 12:18:04,42.4531898498535,-8.92373466491699,"Female"
"9004158",371991,2025-06-03 12:23:16,42.4531440734863,-8.9235668182373,"Female"
"9004158",371991,2025-06-03 12:28:02,42.4532089233398,-8.92398071289062,"Female"
"9004158",371991,2025-06-03 12:33:03,42.4531898498535,-8.92394638061523,"Female"
"9004158",371991,2025-06-03 12:38:09,42.4531860351562,-8.92358112335205,"Female"
"9004158",371991,2025-06-03 12:43:09,42.4532203674316,-8.92389297485352,"Female"
"9004158",371991,2025-06-03 12:49:15,42.4536972045898,-8.92344856262207,"Female"
"9004158",371991,2025-06-03 12:53:55,42.4541511535645,-8.92324352264404,"Female"
"9004158",371991,2025-06-03 12:58:51,42.4533882141113,-8.92317676544189,"Female"
"9004158",371991,2025-06-03 13:03:55,42.4531631469727,-8.92421436309814,"Female"
"9004158",371991,2025-06-03 13:09:24,42.4520874023438,-8.92413139343262,"Female"
"9004158",371991,2025-06-03 13:15:57,42.4511413574219,-8.92284679412842,"Female"
"9004158",371991,2025-06-03 13:25:14,42.4521064758301,-8.92365741729736,"Female"
"9004158",371991,2025-06-03 13:29:53,42.4518890380859,-8.92270088195801,"Female"
"9004158",371991,2025-06-03 13:34:58,42.4519157409668,-8.92277336120605,"Female"
"9004158",371991,2025-06-03 13:40:01,42.4518127441406,-8.92270183563232,"Female"
"9004158",371991,2025-06-03 13:44:49,42.4519348144531,-8.92251300811768,"Female"
"9004158",371991,2025-06-03 13:50:23,42.4519805908203,-8.92279529571533,"Female"
"9004158",371991,2025-06-03 13:54:48,42.451904296875,-8.92279624938965,"Female"
"9004158",371991,2025-06-03 13:59:49,42.4519538879395,-8.92286491394043,"Female"
"9004158",371991,2025-06-03 14:04:49,42.4518394470215,-8.9227819442749,"Female"
"9004158",371991,2025-06-03 14:10:11,42.4519844055176,-8.92277145385742,"Female"
"9004158",371991,2025-06-03 14:14:52,42.4518661499023,-8.92278099060059,"Female"
"9004158",371991,2025-06-03 14:19:54,42.4518737792969,-8.92277431488037,"Female"
"9004158",371991,2025-06-03 14:24:52,42.4519920349121,-8.9227876663208,"Female"
"9004158",371991,2025-06-03 14:29:50,42.4522743225098,-8.92187786102295,"Female"
"9004158",371991,2025-06-03 14:35:29,42.4532890319824,-8.92164611816406,"Female"
"9004158",371991,2025-06-03 14:39:52,42.4540023803711,-8.92194652557373,"Female"
"9004158",371991,2025-06-03 14:44:52,42.4548797607422,-8.92168426513672,"Female"
"9004158",371991,2025-06-03 14:50:11,42.4557037353516,-8.92162322998047,"Female"
"9004158",371991,2025-06-03 14:55:20,42.4559326171875,-8.92079639434814,"Female"
"9004158",371991,2025-06-03 15:00:13,42.4562797546387,-8.91997146606445,"Female"
"9004158",371991,2025-06-03 15:05:56,42.4568176269531,-8.91892051696777,"Female"
"9004158",371991,2025-06-03 15:11:14,42.4573516845703,-8.91776752471924,"Female"
"9004158",371991,2025-06-03 15:16:11,42.4565391540527,-8.91933441162109,"Female"
"9004158",371991,2025-06-03 15:21:13,42.4564018249512,-8.91953563690186,"Female"
"9004158",371991,2025-06-03 15:26:12,42.4565048217773,-8.91946983337402,"Female"
"9004158",371991,2025-06-03 15:31:11,42.456470489502,-8.91952800750732,"Female"
"9004158",371991,2025-06-03 15:36:11,42.4564819335938,-8.91951656341553,"Female"
"9004158",371991,2025-06-03 15:41:11,42.4564590454102,-8.91946983337402,"Female"
"9004158",371991,2025-06-03 15:46:11,42.4564552307129,-8.91948795318604,"Female"
"9004158",371991,2025-06-03 15:51:12,42.4564323425293,-8.91941261291504,"Female"
"9004158",371991,2025-06-03 15:56:12,42.4565200805664,-8.9194917678833,"Female"
"9004158",371991,2025-06-03 16:01:13,42.456485748291,-8.91945934295654,"Female"
"9004158",371991,2025-06-03 16:06:12,42.4565467834473,-8.91956615447998,"Female"
"9004158",371991,2025-06-03 16:11:12,42.4564895629883,-8.9194221496582,"Female"
"9004158",371991,2025-06-03 16:16:13,42.4565544128418,-8.91946506500244,"Female"
"9004158",371991,2025-06-03 16:21:12,42.4562110900879,-8.92028999328613,"Female"
"9004158",371991,2025-06-03 16:26:18,42.4556312561035,-8.92174530029297,"Female"
"9004158",371991,2025-06-03 16:32:36,42.4548263549805,-8.92290306091309,"Female"
"9004158",371991,2025-06-03 16:37:54,42.4539947509766,-8.92341995239258,"Female"
"9004158",371991,2025-06-03 16:42:43,42.4531211853027,-8.92372894287109,"Female"
"9004158",371991,2025-06-03 16:47:33,42.4525985717773,-8.92387771606445,"Female"
"9004158",371991,2025-06-03 16:52:44,42.4520606994629,-8.92439746856689,"Female"
"9004158",371991,2025-06-03 16:57:47,42.453426361084,-8.92396831512451,"Female"
"9004158",371991,2025-06-03 17:03:31,42.452751159668,-8.92393398284912,"Female"
"9004158",371991,2025-06-03 17:08:31,42.4528198242188,-8.92406845092773,"Female"
"9004158",371991,2025-06-03 17:13:31,42.4528694152832,-8.92376804351807,"Female"
"9004158",371991,2025-06-03 17:18:25,42.453010559082,-8.92369937896729,"Female"
"9004158",371991,2025-06-03 17:23:31,42.452938079834,-8.92368793487549,"Female"
"9004158",371991,2025-06-03 17:28:22,42.4531517028809,-8.92379760742188,"Female"
"9004158",371991,2025-06-03 17:33:31,42.4528770446777,-8.92364501953125,"Female"
"9004158",371991,2025-06-03 17:38:21,42.4528198242188,-8.92353439331055,"Female"
"9004158",371991,2025-06-03 17:43:31,42.4529991149902,-8.92374706268311,"Female"
"9004158",371991,2025-06-03 17:48:44,42.4529991149902,-8.92373657226562,"Female"
"9004158",371991,2025-06-03 17:53:23,42.4454193115234,-8.92186260223389,"Female"
"9004158",371991,2025-06-03 17:58:22,42.409782409668,-8.9205904006958,"Female"
"9004158",371991,2025-06-03 18:03:31,42.3993034362793,-8.92063808441162,"Female"
"9004158",371991,2025-06-03 18:08:24,42.3993339538574,-8.92073154449463,"Female"
"9004158",371991,2025-06-03 18:13:23,42.3993301391602,-8.92078876495361,"Female"
"9004158",371991,2025-06-03 18:18:48,42.3991050720215,-8.92125129699707,"Female"
"9004158",371991,2025-06-03 18:23:38,42.3998947143555,-8.9213695526123,"Female"
"9004158",371991,2025-06-03 18:28:45,42.399097442627,-8.92121028900146,"Female"
"9004158",371991,2025-06-03 18:33:25,42.3993873596191,-8.92201137542725,"Female"
"9004158",371991,2025-06-03 18:38:21,42.3991203308105,-8.92177772521973,"Female"
"9004158",371991,2025-06-03 18:43:20,42.3996467590332,-8.92216396331787,"Female"
"9004158",371991,2025-06-03 18:48:45,42.3996276855469,-8.92220401763916,"Female"
"9004158",371991,2025-06-03 18:53:24,42.3994941711426,-8.9221076965332,"Female"
"9004158",371991,2025-06-03 18:58:42,42.3995628356934,-8.9221363067627,"Female"
"9004158",371991,2025-06-03 19:03:26,42.3995742797852,-8.92206287384033,"Female"
"9004158",371991,2025-06-03 19:08:37,42.3994941711426,-8.92203521728516,"Female"
"9004158",371991,2025-06-03 19:13:42,42.3996467590332,-8.92209148406982,"Female"
"9004158",371991,2025-06-03 19:18:30,42.3995208740234,-8.92207717895508,"Female"
"9004158",371991,2025-06-03 19:23:31,42.399486541748,-8.92213916778564,"Female"
"9004158",371991,2025-06-03 19:28:52,42.3996810913086,-8.9221658706665,"Female"
"9004158",371991,2025-06-03 19:33:21,42.399471282959,-8.92232036590576,"Female"
"9004158",371991,2025-06-03 19:38:21,42.3993530273438,-8.92264842987061,"Female"
"9004158",371991,2025-06-03 19:43:20,42.3995704650879,-8.92221832275391,"Female"
"9004158",371991,2025-06-03 19:48:53,42.3996238708496,-8.92219543457031,"Female"
"9004158",371991,2025-06-03 19:53:20,42.3992385864258,-8.92245101928711,"Female"
"9004158",371991,2025-06-03 19:58:44,42.3992729187012,-8.92275619506836,"Female"
"9004158",371991,2025-06-03 20:03:30,42.3990287780762,-8.9229564666748,"Female"
"9004158",371991,2025-06-03 20:08:29,42.399486541748,-8.92250919342041,"Female"
"9004158",371991,2025-06-03 20:13:45,42.3991775512695,-8.92206859588623,"Female"
"9004158",371991,2025-06-03 20:18:44,42.399284362793,-8.92208576202393,"Female"
"9004158",371991,2025-06-03 20:23:28,42.3991050720215,-8.92208957672119,"Female"
"9004158",371991,2025-06-03 20:28:37,42.3992156982422,-8.92229557037354,"Female"
"9004158",371991,2025-06-03 20:34:15,42.3988800048828,-8.92237854003906,"Female"
"9004158",371991,2025-06-03 20:38:33,42.3989868164062,-8.92224407196045,"Female"
"9004158",371991,2025-06-03 20:43:32,42.399341583252,-8.92214488983154,"Female"
"9004158",371991,2025-06-03 20:49:44,42.4002723693848,-8.9223690032959,"Female"
"9004158",371991,2025-06-03 20:54:44,42.4001846313477,-8.9223804473877,"Female"
"9004158",371991,2025-06-03 20:59:44,42.3991928100586,-8.92281627655029,"Female"
"9004158",371991,2025-06-03 21:09:44,42.3994941711426,-8.9224739074707,"Female"
"9004158",371991,2025-06-03 21:14:44,42.399227142334,-8.92230987548828,"Female"
"9004158",371991,2025-06-03 21:18:49,42.3993797302246,-8.92234230041504,"Female"
"9004158",371991,2025-06-03 21:24:31,42.3994979858398,-8.92227745056152,"Female"
"9004158",371991,2025-06-03 21:28:32,42.3994979858398,-8.92233562469482,"Female"
"9004158",371991,2025-06-03 21:33:23,42.3993644714355,-8.92221736907959,"Female"
"9004158",371991,2025-06-03 21:38:32,42.3993530273438,-8.92218208312988,"Female"
"9004158",371991,2025-06-03 21:43:22,42.3995361328125,-8.92227172851562,"Female"
"9004158",371991,2025-06-03 21:48:44,42.3994407653809,-8.9222240447998,"Female"
"9004158",371991,2025-06-03 21:53:24,42.3995323181152,-8.92204093933105,"Female"
"9004158",371991,2025-06-03 21:58:23,42.399341583252,-8.92189788818359,"Female"
"9004158",371991,2025-06-03 22:03:26,42.3993721008301,-8.92226791381836,"Female"
"9004158",371991,2025-06-03 22:08:23,42.3994255065918,-8.92237854003906,"Female"
"9004158",371991,2025-06-03 22:13:33,42.3995208740234,-8.92251110076904,"Female"
"9004158",371991,2025-06-03 22:18:56,42.3995018005371,-8.92243003845215,"Female"
"9004158",371991,2025-06-03 22:23:31,42.399486541748,-8.9224910736084,"Female"
"9004158",371991,2025-06-03 22:28:30,42.3994903564453,-8.92249393463135,"Female"
"9004158",371991,2025-06-03 22:33:22,42.3994750976562,-8.922438621521,"Female"
"9004158",371991,2025-06-03 22:38:24,42.3994598388672,-8.92238616943359,"Female"
"9004158",371991,2025-06-03 22:43:22,42.399528503418,-8.92251777648926,"Female"
"9004158",371991,2025-06-03 22:48:36,42.3994598388672,-8.92242527008057,"Female"
"9004158",371991,2025-06-03 22:53:35,42.3995094299316,-8.92241764068604,"Female"
"9004158",371991,2025-06-03 22:58:42,42.3994064331055,-8.92242813110352,"Female"
"9004158",371991,2025-06-03 23:03:26,42.3995780944824,-8.92222690582275,"Female"
"9004158",371991,2025-06-03 23:08:51,42.3994331359863,-8.92227745056152,"Female"
"9004158",371991,2025-06-03 23:13:59,42.3994483947754,-8.92233085632324,"Female"
"9004158",371991,2025-06-03 23:18:21,42.3996162414551,-8.92227840423584,"Female"
"9004158",371991,2025-06-03 23:23:21,42.3995399475098,-8.92217826843262,"Female"
"9004158",371991,2025-06-03 23:28:20,42.3996887207031,-8.92202281951904,"Female"
"9004158",371991,2025-06-03 23:33:22,42.4002304077148,-8.92239189147949,"Female"
"9004158",371991,2025-06-03 23:38:28,42.3991394042969,-8.92206382751465,"Female"
"9004158",371991,2025-06-03 23:43:26,42.3990898132324,-8.92202568054199,"Female"
"9004158",371991,2025-06-03 23:48:24,42.3991317749023,-8.92191696166992,"Female"
"9004158",371991,2025-06-03 23:53:28,42.3992118835449,-8.92189979553223,"Female"
"9004158",371991,2025-06-03 23:59:13,42.3992309570312,-8.92209529876709,"Female"
"9004158",371991,2025-06-04 00:03:25,42.3993225097656,-8.92198276519775,"Female"
"9004158",371991,2025-06-04 00:08:34,42.3991317749023,-8.92170333862305,"Female"
"9004158",371991,2025-06-04 00:13:30,42.399242401123,-8.9221363067627,"Female"
"9004158",371991,2025-06-04 00:18:26,42.399097442627,-8.92224025726318,"Female"
"9004158",371991,2025-06-04 00:23:22,42.4009895324707,-8.92216491699219,"Female"
"9004158",371991,2025-06-04 00:28:29,42.3992767333984,-8.92170238494873,"Female"
"9004158",371991,2025-06-04 00:33:26,42.3992004394531,-8.92313766479492,"Female"
"9004158",371991,2025-06-04 00:38:28,42.3991355895996,-8.92275238037109,"Female"
"9004158",371991,2025-06-04 00:43:25,42.3993873596191,-8.92278861999512,"Female"
"9004158",371991,2025-06-04 00:48:29,42.3990364074707,-8.92293071746826,"Female"
"9004158",371991,2025-06-04 00:53:36,42.3989601135254,-8.9227294921875,"Female"
"9004158",371991,2025-06-04 00:58:30,42.3989715576172,-8.92275047302246,"Female"
"9004158",371991,2025-06-04 01:03:35,42.3990364074707,-8.92338085174561,"Female"
"9004158",371991,2025-06-04 01:08:36,42.3990173339844,-8.92304801940918,"Female"
"9004158",371991,2025-06-04 01:13:32,42.3980369567871,-8.92182064056396,"Female"
"9004158",371991,2025-06-04 01:18:25,42.3997497558594,-8.92227840423584,"Female"
"9004158",371991,2025-06-04 01:23:44,42.3984298706055,-8.9216890335083,"Female"
"9004158",371991,2025-06-04 01:28:31,42.3987197875977,-8.92185306549072,"Female"
"9004158",371991,2025-06-04 01:33:33,42.3992691040039,-8.92205047607422,"Female"
"9004158",371991,2025-06-04 01:38:31,42.3990516662598,-8.92205619812012,"Female"
"9004158",371991,2025-06-04 01:43:31,42.3990745544434,-8.92218494415283,"Female"
"9004158",371991,2025-06-04 01:48:31,42.399356842041,-8.92220497131348,"Female"
"9004158",371991,2025-06-04 01:53:31,42.3993186950684,-8.92220211029053,"Female"
"9004158",371991,2025-06-04 01:58:31,42.3992919921875,-8.92214393615723,"Female"
"9004158",371991,2025-06-04 02:03:31,42.3992538452148,-8.92202472686768,"Female"
"9004158",371991,2025-06-04 02:08:31,42.3995513916016,-8.92231464385986,"Female"
"9004158",371991,2025-06-04 02:13:31,42.3995742797852,-8.92230129241943,"Female"
"9004158",371991,2025-06-04 02:18:37,42.3993988037109,-8.92225074768066,"Female"
"9004158",371991,2025-06-04 02:23:31,42.3997039794922,-8.92237377166748,"Female"
"9004158",371991,2025-06-04 02:28:31,42.3994941711426,-8.92252445220947,"Female"
"9004158",371991,2025-06-04 02:33:30,42.3996849060059,-8.92250919342041,"Female"
"9004158",371991,2025-06-04 02:38:46,42.3997764587402,-8.9226245880127,"Female"
"9004158",371991,2025-06-04 02:43:53,42.3993263244629,-8.92263221740723,"Female"
"9004158",371991,2025-06-04 02:49:44,42.3994636535645,-8.92232418060303,"Female"
"9004158",371991,2025-06-04 02:54:44,42.3995513916016,-8.92237281799316,"Female"
"9004158",371991,2025-06-04 02:59:44,42.3995513916016,-8.92226409912109,"Female"
"9004158",371991,2025-06-04 03:03:48,42.3995628356934,-8.92236804962158,"Female"
"9004158",371991,2025-06-04 03:09:16,42.3996429443359,-8.92240810394287,"Female"
"9004158",371991,2025-06-04 03:13:44,42.3994941711426,-8.92244052886963,"Female"
"9004158",371991,2025-06-04 03:18:41,42.3995704650879,-8.92236137390137,"Female"
"9004158",371991,2025-06-04 03:23:44,42.3994636535645,-8.92245864868164,"Female"
"9004158",371991,2025-06-04 03:28:31,42.3994483947754,-8.92255592346191,"Female"
"9004158",371991,2025-06-04 03:33:26,42.3992881774902,-8.92215156555176,"Female"
"9004158",371991,2025-06-04 03:38:24,42.3996467590332,-8.9224100112915,"Female"
"9004158",371991,2025-06-04 03:43:23,42.3991851806641,-8.92261219024658,"Female"
"9004158",371991,2025-06-04 03:48:25,42.399959564209,-8.92262363433838,"Female"
"9004158",371991,2025-06-04 03:53:25,42.3997383117676,-8.92311859130859,"Female"
"9004158",371991,2025-06-04 03:58:25,42.3993339538574,-8.92237567901611,"Female"
"9004158",371991,2025-06-04 04:03:23,42.3994827270508,-8.92240428924561,"Female"
"9004158",371991,2025-06-04 04:08:25,42.3992767333984,-8.92239761352539,"Female"
"9004158",371991,2025-06-04 04:13:33,42.3993873596191,-8.92241954803467,"Female"
"9004158",371991,2025-06-04 04:18:25,42.3993339538574,-8.92248821258545,"Female"
"9004158",371991,2025-06-04 04:23:25,42.3993492126465,-8.92212963104248,"Female"
"9004158",371991,2025-06-04 04:28:37,42.3992080688477,-8.92231559753418,"Female"
"9004158",371991,2025-06-04 04:33:40,42.3992691040039,-8.92241191864014,"Female"
"9004158",371991,2025-06-04 04:39:14,42.3994674682617,-8.92213821411133,"Female"
"9004158",371991,2025-06-04 04:44:44,42.3994064331055,-8.92229270935059,"Female"
"9004158",371991,2025-06-04 04:49:44,42.3995132446289,-8.92239761352539,"Female"
"9004158",371991,2025-06-04 04:54:35,42.3994827270508,-8.92237091064453,"Female"
"9004158",371991,2025-06-04 04:58:24,42.3996047973633,-8.92254161834717,"Female"
"9004158",371991,2025-06-04 05:03:30,42.3982849121094,-8.92282867431641,"Female"
"9004158",371991,2025-06-04 05:08:23,42.3991470336914,-8.9221305847168,"Female"
"9004158",371991,2025-06-04 05:13:21,42.3977088928223,-8.92037582397461,"Female"
"9004158",371991,2025-06-04 05:18:22,42.3977355957031,-8.92043876647949,"Female"
"9004158",371991,2025-06-04 05:23:22,42.3977317810059,-8.92043209075928,"Female"
"9004158",371991,2025-06-04 05:28:21,42.3976783752441,-8.92041683197021,"Female"
"9004158",371991,2025-06-04 05:33:21,42.3977355957031,-8.92043113708496,"Female"
"9004158",371991,2025-06-04 05:38:21,42.3976745605469,-8.92041110992432,"Female"
"9004158",371991,2025-06-04 05:43:20,42.397705078125,-8.92041969299316,"Female"
"9004158",371991,2025-06-04 05:48:21,42.3976783752441,-8.92041397094727,"Female"
"9004158",371991,2025-06-04 05:53:21,42.3976554870605,-8.92042636871338,"Female"
"9004158",371991,2025-06-04 05:58:21,42.3976860046387,-8.92039394378662,"Female"
"9004158",371991,2025-06-04 06:03:21,42.3976631164551,-8.92036819458008,"Female"
"9004158",371991,2025-06-04 06:08:21,42.397647857666,-8.92037773132324,"Female"
"9004158",371991,2025-06-04 06:13:21,42.3976860046387,-8.92037487030029,"Female"
"9004158",371991,2025-06-04 06:18:21,42.3976783752441,-8.92036819458008,"Female"
"9004158",371991,2025-06-04 06:23:21,42.3976631164551,-8.92033767700195,"Female"
"9004158",371991,2025-06-04 06:28:21,42.3976898193359,-8.92038536071777,"Female"
"9004158",371991,2025-06-04 06:33:21,42.3976554870605,-8.92027950286865,"Female"
"9004158",371991,2025-06-04 06:38:21,42.3976631164551,-8.92033767700195,"Female"
"9004158",371991,2025-06-04 06:43:21,42.3976554870605,-8.9202709197998,"Female"
"9004158",371991,2025-06-04 06:48:21,42.3976364135742,-8.92028045654297,"Female"
"9004158",371991,2025-06-04 06:53:21,42.3976364135742,-8.92019748687744,"Female"
"9004158",371991,2025-06-04 06:58:21,42.3975982666016,-8.92023468017578,"Female"
"9004158",371991,2025-06-04 07:03:21,42.3976402282715,-8.92025184631348,"Female"
"9004158",371991,2025-06-04 07:08:21,42.3976173400879,-8.92023181915283,"Female"
"9004158",371991,2025-06-04 07:13:38,42.3933334350586,-8.90992069244385,"Female"
"9004158",371991,2025-06-04 07:19:16,42.3996925354004,-8.9072151184082,"Female"
"9004158",371991,2025-06-04 07:24:16,42.4014320373535,-8.90613269805908,"Female"
"9004158",371991,2025-06-04 07:29:16,42.4026794433594,-8.90545654296875,"Female"
"9004158",371991,2025-06-04 07:34:16,42.4332618713379,-8.90960597991943,"Female"
"9004158",371991,2025-06-04 07:39:16,42.4547348022461,-8.91980457305908,"Female"
"9004158",371991,2025-06-04 07:44:55,42.4550018310547,-8.91935443878174,"Female"
"9004158",371991,2025-06-04 07:50:06,42.4545974731445,-8.91812515258789,"Female"
"9004158",371991,2025-06-04 07:55:26,42.4547309875488,-8.9185791015625,"Female"
"9004158",371991,2025-06-04 08:00:31,42.4549789428711,-8.91841411590576,"Female"
"9004158",371991,2025-06-04 08:06:00,42.4547996520996,-8.9183406829834,"Female"
"9004158",371991,2025-06-04 08:11:41,42.4547691345215,-8.9187068939209,"Female"
"9004158",371991,2025-06-04 08:16:54,42.4553604125977,-8.91970443725586,"Female"
"9004158",371991,2025-06-04 08:22:04,42.4565391540527,-8.91952419281006,"Female"
"9004158",371991,2025-06-04 08:27:06,42.4569816589355,-8.91911315917969,"Female"
"9004158",371991,2025-06-04 08:32:04,42.4563636779785,-8.92031955718994,"Female"
"9004158",371991,2025-06-04 08:37:04,42.4556121826172,-8.92134284973145,"Female"
"9004158",371991,2025-06-04 08:42:07,42.4553718566895,-8.92222118377686,"Female"
"9004158",371991,2025-06-04 08:47:15,42.4545783996582,-8.92315101623535,"Female"
"9004158",371991,2025-06-04 08:52:15,42.4541358947754,-8.92318820953369,"Female"
"9004158",371991,2025-06-04 08:57:38,42.4528923034668,-8.92337036132812,"Female"
"9004158",371991,2025-06-04 09:02:47,42.4526710510254,-8.92414283752441,"Female"
"9004158",371991,2025-06-04 09:08:03,42.4520606994629,-8.92288303375244,"Female"
"9004158",371991,2025-06-04 09:13:39,42.4513549804688,-8.92282104492188,"Female"
"9004158",371991,2025-06-04 09:18:36,42.4514923095703,-8.92219257354736,"Female"
"9004158",371991,2025-06-04 09:23:55,42.4506454467773,-8.92212581634521,"Female"
"9004158",371991,2025-06-04 09:29:10,42.4512748718262,-8.92283821105957,"Female"
"9004158",371991,2025-06-04 09:34:20,42.4519958496094,-8.92347431182861,"Female"
"9004158",371991,2025-06-04 09:39:17,42.4521598815918,-8.92358493804932,"Female"
"9004158",371991,2025-06-04 09:44:19,42.45263671875,-8.92395401000977,"Female"
"9004158",371991,2025-06-04 09:49:17,42.4528007507324,-8.92280101776123,"Female"
"9004158",371991,2025-06-04 09:54:17,42.452335357666,-8.92300891876221,"Female"
"9004158",371991,2025-06-04 09:59:17,42.4522590637207,-8.9229907989502,"Female"
"9004158",371991,2025-06-04 10:04:18,42.4521675109863,-8.92305374145508,"Female"
"9004158",371991,2025-06-04 10:09:17,42.4521446228027,-8.9229736328125,"Female"
"9004158",371991,2025-06-04 10:14:17,42.4521675109863,-8.92299747467041,"Female"
"9004158",371991,2025-06-04 10:19:18,42.4521751403809,-8.92310428619385,"Female"
"9004158",371991,2025-06-04 10:24:17,42.4521903991699,-8.92309284210205,"Female"
"9004158",371991,2025-06-04 10:29:18,42.4526901245117,-8.92136096954346,"Female"
"9004158",371991,2025-06-04 10:34:57,42.4523887634277,-8.92079067230225,"Female"
"9004158",371991,2025-06-04 10:39:57,42.4525833129883,-8.9201831817627,"Female"
"9004158",371991,2025-06-04 10:44:58,42.4524612426758,-8.92026329040527,"Female"
"9004158",371991,2025-06-04 10:50:15,42.4549827575684,-8.92030143737793,"Female"
"9004158",371991,2025-06-04 10:55:14,42.4555549621582,-8.92162895202637,"Female"
"9004158",371991,2025-06-04 11:00:14,42.4554443359375,-8.92165088653564,"Female"
"9004158",371991,2025-06-04 11:05:13,42.4552917480469,-8.9215612411499,"Female"
"9004158",371991,2025-06-04 11:10:13,42.4553298950195,-8.92142963409424,"Female"
"9004158",371991,2025-06-04 11:15:29,42.4551544189453,-8.921799659729,"Female"
"9004158",371991,2025-06-04 11:21:00,42.4546318054199,-8.92108917236328,"Female"
"9004158",371991,2025-06-04 11:26:03,42.4543151855469,-8.92023181915283,"Female"
"9004158",371991,2025-06-04 11:31:28,42.4549980163574,-8.91906356811523,"Female"
"9004158",371991,2025-06-04 11:36:28,42.4547119140625,-8.91824150085449,"Female"
"9004158",371991,2025-06-04 11:41:54,42.4548149108887,-8.91851329803467,"Female"
"9004158",371991,2025-06-04 11:46:53,42.4547424316406,-8.91833782196045,"Female"
"9004158",371991,2025-06-04 11:51:53,42.4546890258789,-8.91825866699219,"Female"
"9004158",371991,2025-06-04 11:56:53,42.454704284668,-8.91826248168945,"Female"
"9004158",371991,2025-06-04 12:01:53,42.4546852111816,-8.91818809509277,"Female"
"9004158",371991,2025-06-04 12:06:53,42.4547080993652,-8.918212890625,"Female"
"9004158",371991,2025-06-04 12:11:53,42.4547462463379,-8.91819000244141,"Female"
"9004158",371991,2025-06-04 12:16:53,42.4547233581543,-8.91808032989502,"Female"
"9004158",371991,2025-06-04 12:21:54,42.4547309875488,-8.91809749603271,"Female"
"9004158",371991,2025-06-04 12:26:54,42.4547119140625,-8.91799736022949,"Female"
"9004158",371991,2025-06-04 12:31:56,42.4547729492188,-8.9182186126709,"Female"
"9004158",371991,2025-06-04 12:36:54,42.4546813964844,-8.9179162979126,"Female"
"9004158",371991,2025-06-04 12:41:54,42.4547309875488,-8.91823387145996,"Female"
"9004158",371991,2025-06-04 12:46:54,42.4550361633301,-8.91943645477295,"Female"
"9004158",371991,2025-06-04 12:52:09,42.4549865722656,-8.91953182220459,"Female"
"9004158",371991,2025-06-04 12:57:08,42.4552268981934,-8.91968250274658,"Female"
"9004158",371991,2025-06-04 13:02:34,42.4551544189453,-8.91992855072021,"Female"
"9004158",371991,2025-06-04 13:07:07,42.4551315307617,-8.91981983184814,"Female"
"9004158",371991,2025-06-04 13:12:07,42.4550743103027,-8.91991901397705,"Female"
"9004158",371991,2025-06-04 13:17:07,42.4551429748535,-8.91991329193115,"Female"
"9004158",371991,2025-06-04 13:22:07,42.4552612304688,-8.9202938079834,"Female"
"9004158",371991,2025-06-04 13:27:07,42.4552879333496,-8.9201078414917,"Female"
"9004158",371991,2025-06-04 13:32:07,42.4553031921387,-8.92011070251465,"Female"
"9004158",371991,2025-06-04 13:37:07,42.4552993774414,-8.92003631591797,"Female"
"9004158",371991,2025-06-04 13:42:07,42.4553642272949,-8.92012405395508,"Female"
"9004158",371991,2025-06-04 13:47:07,42.4553756713867,-8.92024803161621,"Female"
"9004158",371991,2025-06-04 13:52:07,42.4553604125977,-8.92006301879883,"Female"
"9004158",371991,2025-06-04 13:57:07,42.4553756713867,-8.92012882232666,"Female"
"9004158",371991,2025-06-04 14:02:07,42.4553260803223,-8.92006874084473,"Female"
"9004158",371991,2025-06-04 14:07:07,42.4553146362305,-8.92009353637695,"Female"
"9004158",371991,2025-06-04 14:12:07,42.4553146362305,-8.92008399963379,"Female"
"9004158",371991,2025-06-04 14:17:07,42.4553298950195,-8.92009544372559,"Female"
"9004158",371991,2025-06-04 14:22:07,42.4553337097168,-8.92011451721191,"Female"
"9004158",371991,2025-06-04 14:27:07,42.4553031921387,-8.92011165618896,"Female"
"9004158",371991,2025-06-04 14:32:07,42.4552307128906,-8.92008495330811,"Female"
"9004158",371991,2025-06-04 14:37:07,42.4551849365234,-8.92010974884033,"Female"
"9004158",371991,2025-06-04 14:42:39,42.4549713134766,-8.91985607147217,"Female"
"9004158",371991,2025-06-04 14:47:38,42.454704284668,-8.91982650756836,"Female"
"9004158",371991,2025-06-04 14:52:57,42.4561004638672,-8.920166015625,"Female"
"9004158",371991,2025-06-04 14:57:57,42.4570503234863,-8.91915893554688,"Female"
"9004158",371991,2025-06-04 15:03:24,42.4576988220215,-8.91800689697266,"Female"
"9004158",371991,2025-06-04 15:08:44,42.457462310791,-8.91794395446777,"Female"
"9004158",371991,2025-06-04 15:14:04,42.4570922851562,-8.91874694824219,"Female"
"9004158",371991,2025-06-04 15:19:02,42.4562683105469,-8.92021751403809,"Female"
"9004158",371991,2025-06-04 15:24:02,42.4560890197754,-8.92018032073975,"Female"
"9004158",371991,2025-06-04 15:29:02,42.4561538696289,-8.92023849487305,"Female"
"9004158",371991,2025-06-04 15:34:02,42.4561805725098,-8.92019176483154,"Female"
"9004158",371991,2025-06-04 15:39:02,42.4561042785645,-8.92018032073975,"Female"
"9004158",371991,2025-06-04 15:44:02,42.4560966491699,-8.9202241897583,"Female"
"9004158",371991,2025-06-04 15:49:02,42.4560852050781,-8.92026233673096,"Female"
"9004158",371991,2025-06-04 15:54:02,42.4560966491699,-8.92017650604248,"Female"
"9004158",371991,2025-06-04 15:59:02,42.4560775756836,-8.92013072967529,"Female"
"9004158",371991,2025-06-04 16:04:02,42.4560737609863,-8.92009258270264,"Female"
"9004158",371991,2025-06-04 16:09:02,42.4560966491699,-8.92012500762939,"Female"
"9004158",371991,2025-06-04 16:14:02,42.4560508728027,-8.92003059387207,"Female"
"9004158",371991,2025-06-04 16:19:04,42.4560356140137,-8.91989803314209,"Female"
"9004158",371991,2025-06-04 16:24:46,42.4566497802734,-8.91928577423096,"Female"
"9004158",371991,2025-06-04 16:30:01,42.4573593139648,-8.9178466796875,"Female"
"9004158",371991,2025-06-04 16:35:31,42.4574508666992,-8.91777515411377,"Female"
"9004158",371991,2025-06-04 16:40:46,42.456672668457,-8.91908740997314,"Female"
"9004158",371991,2025-06-04 16:46:02,42.4560699462891,-8.92049884796143,"Female"
"9004158",371991,2025-06-04 16:51:32,42.4551773071289,-8.92134189605713,"Female"
"9004158",371991,2025-06-04 16:57:19,42.4545555114746,-8.9227123260498,"Female"
"9004158",371991,2025-06-04 17:06:50,42.4531631469727,-8.92324447631836,"Female"
"9004158",371991,2025-06-04 17:11:39,42.4526863098145,-8.92345714569092,"Female"
"9004158",371991,2025-06-04 17:17:10,42.4524726867676,-8.92348194122314,"Female"
"9004158",371991,2025-06-04 17:22:48,42.4518051147461,-8.92406463623047,"Female"
"9004158",371991,2025-06-04 17:27:54,42.452075958252,-8.92335605621338,"Female"
"9004158",371991,2025-06-04 17:33:11,42.4523162841797,-8.92252635955811,"Female"
"9004158",371991,2025-06-04 17:38:09,42.452091217041,-8.92266464233398,"Female"
"9004158",371991,2025-06-04 17:43:09,42.4522094726562,-8.92272758483887,"Female"
"9004158",371991,2025-06-04 17:48:35,42.4521865844727,-8.92284965515137,"Female"
"9004158",371991,2025-06-04 17:53:19,42.4521903991699,-8.9228572845459,"Female"
"9004158",371991,2025-06-04 17:58:20,42.4521980285645,-8.92288208007812,"Female"
"9004158",371991,2025-06-04 18:03:35,42.4521179199219,-8.92281818389893,"Female"
"9004158",371991,2025-06-04 18:08:10,42.4521560668945,-8.92281723022461,"Female"
"9004158",371991,2025-06-04 18:13:10,42.4522247314453,-8.92283058166504,"Female"
"9004158",371991,2025-06-04 18:18:09,42.452564239502,-8.92268657684326,"Female"
"9004158",371991,2025-06-04 18:23:18,42.4521522521973,-8.92280197143555,"Female"
"9004158",371991,2025-06-04 18:28:10,42.4276657104492,-8.92040252685547,"Female"
"9004158",371991,2025-06-04 18:33:10,42.3999786376953,-8.92256641387939,"Female"
"9004158",371991,2025-06-04 18:38:11,42.4000015258789,-8.9214563369751,"Female"
"9004158",371991,2025-06-04 18:43:20,42.3989715576172,-8.92113494873047,"Female"
"9004158",371991,2025-06-04 18:48:30,42.3990097045898,-8.92118358612061,"Female"
"9004158",371991,2025-06-04 18:53:35,42.3990058898926,-8.92114639282227,"Female"
"9004158",371991,2025-06-04 18:58:09,42.3989562988281,-8.92119789123535,"Female"
"9004158",371991,2025-06-04 19:03:09,42.3989448547363,-8.92121887207031,"Female"
"9004158",371991,2025-06-04 19:08:09,42.398983001709,-8.92116832733154,"Female"
"9004158",371991,2025-06-04 19:13:12,42.3990135192871,-8.92121696472168,"Female"
"9004158",371991,2025-06-04 19:18:17,42.3989791870117,-8.92114353179932,"Female"
"9004158",371991,2025-06-04 19:23:29,42.3989677429199,-8.92117023468018,"Female"
"9004158",371991,2025-06-04 19:28:10,42.3990898132324,-8.92129039764404,"Female"
"9004158",371991,2025-06-04 19:33:11,42.3988342285156,-8.92167663574219,"Female"
"9004158",371991,2025-06-04 19:38:10,42.3991088867188,-8.92135906219482,"Female"
"9004158",371991,2025-06-04 19:43:10,42.3989067077637,-8.92141246795654,"Female"
"9004158",371991,2025-06-04 19:48:10,42.399055480957,-8.92129802703857,"Female"
"9004158",371991,2025-06-04 19:53:11,42.3990211486816,-8.92130851745605,"Female"
"9004158",371991,2025-06-04 19:58:10,42.3989868164062,-8.92129611968994,"Female"
"9004158",371991,2025-06-04 20:03:10,42.3991622924805,-8.92137336730957,"Female"
"9004158",371991,2025-06-04 20:08:10,42.3990135192871,-8.92126560211182,"Female"
"9004158",371991,2025-06-04 20:13:10,42.3990516662598,-8.92125988006592,"Female"
"9004158",371991,2025-06-04 20:18:10,42.3990364074707,-8.92127227783203,"Female"
"9004158",371991,2025-06-04 20:23:10,42.3989906311035,-8.92127990722656,"Female"
"9004158",371991,2025-06-04 20:28:10,42.3990211486816,-8.92131519317627,"Female"
"9004158",371991,2025-06-04 20:33:10,42.3989753723145,-8.92130374908447,"Female"
"9004158",371991,2025-06-04 20:38:11,42.3990058898926,-8.9213399887085,"Female"
"9004158",371991,2025-06-04 20:43:10,42.3989868164062,-8.92122745513916,"Female"
"9004158",371991,2025-06-04 20:48:10,42.3989524841309,-8.92116832733154,"Female"
"9004158",371991,2025-06-04 20:53:10,42.3989677429199,-8.92115306854248,"Female"
"9004158",371991,2025-06-04 20:58:10,42.3989639282227,-8.92120933532715,"Female"
"9004158",371991,2025-06-04 21:03:10,42.3989753723145,-8.92135238647461,"Female"
"9004158",371991,2025-06-04 21:08:10,42.3990020751953,-8.92142868041992,"Female"
"9004158",371991,2025-06-04 21:13:10,42.3989295959473,-8.92141437530518,"Female"
"9004158",371991,2025-06-04 21:18:10,42.3989334106445,-8.92136478424072,"Female"
"9004158",371991,2025-06-04 21:23:10,42.3989486694336,-8.92136096954346,"Female"
"9004158",371991,2025-06-04 21:28:10,42.3989562988281,-8.92134761810303,"Female"
"9004158",371991,2025-06-04 21:33:10,42.3989143371582,-8.92133331298828,"Female"
"9004158",371991,2025-06-04 21:38:10,42.3989105224609,-8.92118358612061,"Female"
"9004158",371991,2025-06-04 21:43:10,42.3989105224609,-8.9212064743042,"Female"
"9004158",371991,2025-06-04 21:48:10,42.3989219665527,-8.92116069793701,"Female"
"9004158",371991,2025-06-04 21:53:10,42.3988304138184,-8.92106914520264,"Female"
"9004158",371991,2025-06-04 21:58:10,42.3987846374512,-8.92101764678955,"Female"
"9004158",371991,2025-06-04 22:03:10,42.3986015319824,-8.92075061798096,"Female"
"9004158",371991,2025-06-04 22:08:10,42.398624420166,-8.92069435119629,"Female"
"9004158",371991,2025-06-04 22:13:10,42.3986129760742,-8.92057800292969,"Female"
"9004158",371991,2025-06-04 22:18:11,42.3986358642578,-8.92053985595703,"Female"
"9004158",371991,2025-06-04 22:23:10,42.3983497619629,-8.92005825042725,"Female"
"9004158",371991,2025-06-04 22:28:10,42.398853302002,-8.91934299468994,"Female"
"9004158",371991,2025-06-04 22:33:11,42.3988723754883,-8.91898059844971,"Female"
"9004158",371991,2025-06-04 22:38:12,42.3987121582031,-8.9175500869751,"Female"
"9004158",371991,2025-06-04 22:43:10,42.3991813659668,-8.92082023620605,"Female"
"9004158",371991,2025-06-04 22:48:16,42.3993186950684,-8.92103862762451,"Female"
"9004158",371991,2025-06-04 22:53:12,42.3995094299316,-8.92088031768799,"Female"
"9004158",371991,2025-06-04 22:58:10,42.3994445800781,-8.92098331451416,"Female"
"9004158",371991,2025-06-04 23:03:10,42.3994941711426,-8.92083549499512,"Female"
"9004158",371991,2025-06-04 23:08:10,42.3996353149414,-8.92090034484863,"Female"
"9004158",371991,2025-06-04 23:13:10,42.3994560241699,-8.92099285125732,"Female"
"9004158",371991,2025-06-04 23:18:10,42.3993072509766,-8.92106437683105,"Female"
"9004158",371991,2025-06-04 23:23:10,42.3993606567383,-8.92113399505615,"Female"
"9004158",371991,2025-06-04 23:28:10,42.3992805480957,-8.9210033416748,"Female"
"9004158",371991,2025-06-04 23:33:11,42.3993453979492,-8.92099857330322,"Female"
"9004158",371991,2025-06-04 23:38:10,42.3993225097656,-8.92099094390869,"Female"
"9004158",371991,2025-06-04 23:43:10,42.3993721008301,-8.92093753814697,"Female"
"9004158",371991,2025-06-04 23:48:10,42.3993377685547,-8.92099761962891,"Female"
"9004158",371991,2025-06-04 23:53:10,42.3994178771973,-8.92099952697754,"Female"
"9004158",371991,2025-06-04 23:58:10,42.3994178771973,-8.92107200622559,"Female"
"9004158",371991,2025-06-05 00:03:10,42.3991203308105,-8.92109870910645,"Female"
"9004158",371991,2025-06-05 00:08:10,42.3990745544434,-8.92110538482666,"Female"
"9004158",371991,2025-06-05 00:13:10,42.3993530273438,-8.92118358612061,"Female"
"9004158",371991,2025-06-05 00:18:10,42.3991622924805,-8.92119216918945,"Female"
"9004158",371991,2025-06-05 00:23:10,42.3994598388672,-8.92118549346924,"Female"
"9004158",371991,2025-06-05 00:28:11,42.3993301391602,-8.92118644714355,"Female"
"9004158",371991,2025-06-05 00:33:10,42.4000701904297,-8.921142578125,"Female"
"9004158",371991,2025-06-05 00:38:12,42.3998222351074,-8.92120838165283,"Female"
"9004158",371991,2025-06-05 00:43:14,42.3989639282227,-8.92127704620361,"Female"
"9004158",371991,2025-06-05 00:48:16,42.3989562988281,-8.92128753662109,"Female"
"9004158",371991,2025-06-05 00:53:10,42.4002342224121,-8.92146015167236,"Female"
"9004158",371991,2025-06-05 00:58:19,42.3990325927734,-8.92135429382324,"Female"
"9004158",371991,2025-06-05 01:03:12,42.3988838195801,-8.92115116119385,"Female"
"9004158",371991,2025-06-05 01:08:13,42.3989105224609,-8.92111015319824,"Female"
"9004158",371991,2025-06-05 01:13:19,42.399055480957,-8.92135334014893,"Female"
"9004158",371991,2025-06-05 01:18:16,42.3991317749023,-8.9215145111084,"Female"
"9004158",371991,2025-06-05 01:23:11,42.3990211486816,-8.92130470275879,"Female"
"9004158",371991,2025-06-05 01:28:19,42.3991012573242,-8.92138004302979,"Female"
"9004158",371991,2025-06-05 01:33:16,42.3990325927734,-8.92132377624512,"Female"
"9004158",371991,2025-06-05 01:38:12,42.3989868164062,-8.92111396789551,"Female"
"9004158",371991,2025-06-05 01:43:19,42.3989753723145,-8.92119216918945,"Female"
"9004158",371991,2025-06-05 01:48:11,42.3988227844238,-8.92067241668701,"Female"
"9004158",371991,2025-06-05 01:53:19,42.3987655639648,-8.9210958480835,"Female"
"9004158",371991,2025-06-05 01:58:14,42.3988647460938,-8.92123222351074,"Female"
"9004158",371991,2025-06-05 02:03:19,42.3994140625,-8.92120552062988,"Female"
"9004158",371991,2025-06-05 02:08:13,42.3992004394531,-8.92113399505615,"Female"
"9004158",371991,2025-06-05 02:13:13,42.3992156982422,-8.92114162445068,"Female"
"9004158",371991,2025-06-05 02:18:11,42.3992233276367,-8.92113876342773,"Female"
"9004158",371991,2025-06-05 02:23:12,42.3991241455078,-8.92053604125977,"Female"
"9004158",371991,2025-06-05 02:28:13,42.3991012573242,-8.92059803009033,"Female"
"9004158",371991,2025-06-05 02:33:18,42.3991661071777,-8.92113494873047,"Female"
"9004158",371991,2025-06-05 02:38:11,42.3992004394531,-8.92112064361572,"Female"
"9004158",371991,2025-06-05 02:43:10,42.3991470336914,-8.92113590240479,"Female"
"9004158",371991,2025-06-05 02:48:10,42.3990516662598,-8.92119312286377,"Female"
"9004158",371991,2025-06-05 02:53:10,42.3991088867188,-8.92112731933594,"Female"
"9004158",371991,2025-06-05 02:58:10,42.3991050720215,-8.92119789123535,"Female"
"9004158",371991,2025-06-05 03:03:10,42.3991165161133,-8.92103385925293,"Female"
"9004158",371991,2025-06-05 03:08:10,42.3990325927734,-8.92114639282227,"Female"
"9004158",371991,2025-06-05 03:13:10,42.3990821838379,-8.92108917236328,"Female"
"9004158",371991,2025-06-05 03:18:10,42.399040222168,-8.92117309570312,"Female"
"9004158",371991,2025-06-05 03:23:10,42.3990631103516,-8.92118740081787,"Female"
"9004158",371991,2025-06-05 03:28:11,42.3990325927734,-8.9211368560791,"Female"
"9004158",371991,2025-06-05 03:33:11,42.3990516662598,-8.92116165161133,"Female"
"9004158",371991,2025-06-05 03:38:11,42.3990325927734,-8.92119789123535,"Female"
"9004158",371991,2025-06-05 03:43:10,42.3990707397461,-8.92110443115234,"Female"
"9004158",371991,2025-06-05 03:48:10,42.3989944458008,-8.92137336730957,"Female"
"9004158",371991,2025-06-05 03:53:10,42.39892578125,-8.92138671875,"Female"
"9004158",371991,2025-06-05 03:58:10,42.3989372253418,-8.92137241363525,"Female"
"9004158",371991,2025-06-05 04:03:10,42.3989601135254,-8.9214916229248,"Female"
"9004158",371991,2025-06-05 04:08:10,42.3989448547363,-8.92135810852051,"Female"
"9004158",371991,2025-06-05 04:13:10,42.3989524841309,-8.92149639129639,"Female"
"9004158",371991,2025-06-05 04:18:13,42.3985404968262,-8.92194271087646,"Female"
"9004158",371991,2025-06-05 04:23:18,42.3986434936523,-8.92160224914551,"Female"
"9004158",371991,2025-06-05 04:28:10,42.3986282348633,-8.92236423492432,"Female"
"9004158",371991,2025-06-05 04:33:13,42.3995399475098,-8.92070484161377,"Female"
"9004158",371991,2025-06-05 04:38:11,42.3997421264648,-8.92028713226318,"Female"
"9004158",371991,2025-06-05 04:43:12,42.399600982666,-8.92062568664551,"Female"
"9004158",371991,2025-06-05 04:48:13,42.3994522094727,-8.92086982727051,"Female"
"9004158",371991,2025-06-05 04:53:10,42.3994026184082,-8.92105007171631,"Female"
"9004158",371991,2025-06-05 04:58:10,42.399341583252,-8.92114162445068,"Female"
"9004158",371991,2025-06-05 05:03:10,42.3994064331055,-8.92109489440918,"Female"
"9004158",371991,2025-06-05 05:08:10,42.3993148803711,-8.92113494873047,"Female"
"9004158",371991,2025-06-05 05:13:11,42.399284362793,-8.92120361328125,"Female"
"9004158",371991,2025-06-05 05:18:11,42.3993606567383,-8.92112445831299,"Female"
"9004158",371991,2025-06-05 05:23:10,42.3992118835449,-8.92119693756104,"Female"
"9004158",371991,2025-06-05 05:28:10,42.3992042541504,-8.92122936248779,"Female"
"9004158",371991,2025-06-05 05:33:10,42.3991508483887,-8.92123031616211,"Female"
"9004158",371991,2025-06-05 05:38:10,42.3991813659668,-8.9212121963501,"Female"
"9004158",371991,2025-06-05 05:43:10,42.3991775512695,-8.92122173309326,"Female"
"9004158",371991,2025-06-05 05:48:10,42.3991241455078,-8.92123889923096,"Female"
"9004158",371991,2025-06-05 05:53:10,42.3990936279297,-8.92117977142334,"Female"
"9004158",371991,2025-06-05 05:58:10,42.3991203308105,-8.92122364044189,"Female"
"9004158",371991,2025-06-05 06:03:10,42.3990936279297,-8.92122077941895,"Female"
"9004158",371991,2025-06-05 06:08:10,42.3990936279297,-8.92115020751953,"Female"
"9004158",371991,2025-06-05 06:13:10,42.3990783691406,-8.92111206054688,"Female"
"9004158",371991,2025-06-05 06:18:10,42.4028930664062,-8.91984558105469,"Female"
"9004158",371991,2025-06-05 06:23:10,42.4527168273926,-8.92074394226074,"Female"
"9004158",371991,2025-06-05 06:28:10,42.4551391601562,-8.91982746124268,"Female"
"9004158",371991,2025-06-05 06:33:29,42.455135345459,-8.92001056671143,"Female"
"9004158",371991,2025-06-05 06:38:55,42.4545860290527,-8.91861629486084,"Female"
"9004158",371991,2025-06-05 06:44:07,42.454662322998,-8.91840553283691,"Female"
"9004158",371991,2025-06-05 06:49:07,42.4549331665039,-8.91798210144043,"Female"
"9004158",371991,2025-06-05 06:54:07,42.4545631408691,-8.91811370849609,"Female"
"9004158",371991,2025-06-05 06:59:07,42.454532623291,-8.91806602478027,"Female"
"9004158",371991,2025-06-05 07:04:07,42.4545974731445,-8.91818809509277,"Female"
"9004158",371991,2025-06-05 07:09:07,42.4535331726074,-8.92288112640381,"Female"
"9004158",371991,2025-06-05 07:14:07,42.4535331726074,-8.92288970947266,"Female"
"9004158",371991,2025-06-05 07:19:07,42.4535293579102,-8.92280197143555,"Female"
"9004158",371991,2025-06-05 07:24:07,42.453556060791,-8.92285919189453,"Female"
"9004158",371991,2025-06-05 07:29:07,42.4536018371582,-8.92294025421143,"Female"
"9004158",371991,2025-06-05 07:34:07,42.4537620544434,-8.92312622070312,"Female"
"9004158",371991,2025-06-05 07:39:07,42.4538383483887,-8.92331409454346,"Female"
"9004158",371991,2025-06-05 07:44:07,42.4537811279297,-8.9231424331665,"Female"
"9004158",371991,2025-06-05 07:49:07,42.4537925720215,-8.92318058013916,"Female"
"9004158",371991,2025-06-05 07:54:07,42.4538269042969,-8.92314624786377,"Female"
"9004158",371991,2025-06-05 07:59:07,42.4543037414551,-8.92306423187256,"Female"
"9004158",371991,2025-06-05 08:04:37,42.4536666870117,-8.92332363128662,"Female"
"9004158",371991,2025-06-05 08:10:14,42.454231262207,-8.923583984375,"Female"
"9004158",371991,2025-06-05 08:15:23,42.4554977416992,-8.92274284362793,"Female"
"9004158",371991,2025-06-05 08:20:28,42.4545364379883,-8.92339992523193,"Female"
"9004158",371991,2025-06-05 08:25:26,42.4548187255859,-8.92276287078857,"Female"
"9004158",371991,2025-06-05 08:30:24,42.4554405212402,-8.92180728912354,"Female"
"9004158",371991,2025-06-05 08:35:33,42.4557456970215,-8.92160606384277,"Female"
"9004158",371991,2025-06-05 08:40:42,42.4558067321777,-8.92074584960938,"Female"
"9004158",371991,2025-06-05 08:45:42,42.4561424255371,-8.91998958587646,"Female"
"9004158",371991,2025-06-05 08:50:59,42.4567451477051,-8.91833686828613,"Female"
"9004158",371991,2025-06-05 08:56:22,42.4583168029785,-8.91773319244385,"Female"
"9004158",371991,2025-06-05 09:01:31,42.4569473266602,-8.91814422607422,"Female"
"9004158",371991,2025-06-05 09:06:32,42.4558715820312,-8.91971683502197,"Female"
"9004158",371991,2025-06-05 09:11:31,42.4550476074219,-8.92193603515625,"Female"
"9004158",371991,2025-06-05 09:16:32,42.4549598693848,-8.92208003997803,"Female"
"9004158",371991,2025-06-05 09:21:31,42.4549598693848,-8.92197418212891,"Female"
"9004158",371991,2025-06-05 09:26:31,42.4512519836426,-8.92323112487793,"Female"
"9004158",371991,2025-06-05 09:31:31,42.4513130187988,-8.92318630218506,"Female"
"9004158",371991,2025-06-05 09:36:31,42.4511375427246,-8.9236478805542,"Female"
"9004158",371991,2025-06-05 09:41:31,42.4512100219727,-8.92300701141357,"Female"
"9004158",371991,2025-06-05 09:46:31,42.4512367248535,-8.92296600341797,"Female"
"9004158",371991,2025-06-05 09:51:31,42.451171875,-8.92293643951416,"Female"
"9004158",371991,2025-06-05 09:56:31,42.4512138366699,-8.92288112640381,"Female"
"9004158",371991,2025-06-05 10:01:31,42.4513092041016,-8.9229040145874,"Female"
"9004158",371991,2025-06-05 10:06:31,42.4512596130371,-8.92310810089111,"Female"
"9004158",371991,2025-06-05 10:11:31,42.4512176513672,-8.92281055450439,"Female"
"9004158",371991,2025-06-05 10:16:31,42.4511604309082,-8.92301082611084,"Female"
"9004158",371991,2025-06-05 10:21:31,42.4512367248535,-8.9230318069458,"Female"
"9004158",371991,2025-06-05 10:26:31,42.4513511657715,-8.92338752746582,"Female"
"9004158",371991,2025-06-05 10:31:32,42.4511070251465,-8.92325305938721,"Female"
"9004158",371991,2025-06-05 10:36:35,42.451229095459,-8.92298603057861,"Female"
"9004158",371991,2025-06-05 10:41:34,42.4511222839355,-8.9231014251709,"Female"
"9004158",371991,2025-06-05 10:46:34,42.4511489868164,-8.92328071594238,"Female"
"9004158",371991,2025-06-05 10:51:33,42.4514122009277,-8.92347145080566,"Female"
"9004158",371991,2025-06-05 10:57:00,42.4513816833496,-8.92351150512695,"Female"
"9004158",371991,2025-06-05 11:01:32,42.4514274597168,-8.9236946105957,"Female"
"9004158",371991,2025-06-05 11:06:34,42.4511833190918,-8.92325305938721,"Female"
"9004158",371991,2025-06-05 11:11:34,42.4515151977539,-8.92359256744385,"Female"
"9004158",371991,2025-06-05 11:16:48,42.4517784118652,-8.92331600189209,"Female"
"9004158",371991,2025-06-05 11:21:34,42.4515151977539,-8.92347431182861,"Female"
"9004158",371991,2025-06-05 11:26:34,42.4515266418457,-8.92338085174561,"Female"
"9004158",371991,2025-06-05 11:31:39,42.4516220092773,-8.92335510253906,"Female"
"9004158",371991,2025-06-05 11:36:34,42.4516487121582,-8.92337608337402,"Female"
"9004158",371991,2025-06-05 11:41:37,42.4515380859375,-8.92335891723633,"Female"
"9004158",371991,2025-06-05 11:46:41,42.4521598815918,-8.92269992828369,"Female"
"9004158",371991,2025-06-05 11:52:11,42.452262878418,-8.92320346832275,"Female"
"9004158",371991,2025-06-05 11:57:19,42.4523124694824,-8.92367649078369,"Female"
"9004158",371991,2025-06-05 12:02:43,42.4526443481445,-8.92429447174072,"Female"
"9004158",371991,2025-06-05 12:08:54,42.4528579711914,-8.92354202270508,"Female"
"9004158",371991,2025-06-05 12:14:22,42.4537773132324,-8.92387866973877,"Female"
"9004158",371991,2025-06-05 12:19:15,42.4538345336914,-8.92370319366455,"Female"
"9004158",371991,2025-06-05 12:24:07,42.4538116455078,-8.92370796203613,"Female"
"9004158",371991,2025-06-05 12:29:08,42.4538383483887,-8.92360687255859,"Female"
"9004158",371991,2025-06-05 12:34:07,42.4538230895996,-8.92372035980225,"Female"
"9004158",371991,2025-06-05 12:39:15,42.4538383483887,-8.92363452911377,"Female"
"9004158",371991,2025-06-05 12:44:13,42.4536819458008,-8.92346858978271,"Female"
"9004158",371991,2025-06-05 12:49:06,42.453685760498,-8.92347526550293,"Female"
"9004158",371991,2025-06-05 12:54:05,42.4536819458008,-8.92345523834229,"Female"
"9004158",371991,2025-06-05 12:59:04,42.4537315368652,-8.92339324951172,"Female"
"9004158",371991,2025-06-05 13:03:58,42.4541549682617,-8.92356777191162,"Female"
"9004158",371991,2025-06-05 13:09:01,42.4540481567383,-8.92356777191162,"Female"
"9004158",371991,2025-06-05 13:13:58,42.4540786743164,-8.92355155944824,"Female"
"9004158",371991,2025-06-05 13:18:58,42.4543495178223,-8.92366981506348,"Female"
"9004158",371991,2025-06-05 13:23:59,42.4544639587402,-8.92377758026123,"Female"
"9004158",371991,2025-06-05 13:28:59,42.4542541503906,-8.92377185821533,"Female"
"9004158",371991,2025-06-05 13:33:59,42.4541893005371,-8.9234504699707,"Female"
"9004158",371991,2025-06-05 13:38:59,42.453784942627,-8.92314434051514,"Female"
"9004158",371991,2025-06-05 13:43:58,42.4537582397461,-8.9232063293457,"Female"
"9004158",371991,2025-06-05 13:48:58,42.453727722168,-8.92305469512939,"Female"
"9004158",371991,2025-06-05 13:53:58,42.4537239074707,-8.92290115356445,"Female"
"9004158",371991,2025-06-05 13:58:58,42.4537467956543,-8.92303562164307,"Female"
"9004158",371991,2025-06-05 14:03:59,42.4533576965332,-8.92279624938965,"Female"
"9004158",371991,2025-06-05 14:09:00,42.4532814025879,-8.92310905456543,"Female"
"9004158",371991,2025-06-05 14:14:08,42.4538955688477,-8.92287540435791,"Female"
"9004158",371991,2025-06-05 14:19:01,42.4544792175293,-8.92228507995605,"Female"
"9004158",371991,2025-06-05 14:27:31,42.4547233581543,-8.92133522033691,"Female"
"9004158",371991,2025-06-05 14:32:34,42.4551315307617,-8.92083072662354,"Female"
"9004158",371991,2025-06-05 14:40:22,42.4557723999023,-8.91967010498047,"Female"
"9004158",371991,2025-06-05 14:45:36,42.4554061889648,-8.91978645324707,"Female"
"9004158",371991,2025-06-05 14:50:19,42.4554176330566,-8.91983032226562,"Female"
"9004158",371991,2025-06-05 14:55:43,42.4561614990234,-8.92053031921387,"Female"
"9004158",371991,2025-06-05 15:00:19,42.4562530517578,-8.91946887969971,"Female"
"9004158",371991,2025-06-05 15:05:20,42.4562492370605,-8.91891384124756,"Female"
"9004158",371991,2025-06-05 15:10:19,42.455940246582,-8.91966819763184,"Female"
"9004158",371991,2025-06-05 15:15:20,42.4562950134277,-8.92068099975586,"Female"
"9004158",371991,2025-06-05 15:20:21,42.4561233520508,-8.91980075836182,"Female"
"9004158",371991,2025-06-05 15:25:26,42.4564628601074,-8.9193811416626,"Female"
"9004158",371991,2025-06-05 15:35:27,42.4572715759277,-8.91861248016357,"Female"
"9004158",371991,2025-06-05 15:53:29,42.4564552307129,-8.92020130157471,"Female"
"9004158",371991,2025-06-05 15:58:20,42.4563827514648,-8.92050838470459,"Female"
"9004158",371991,2025-06-05 16:03:21,42.455997467041,-8.92155742645264,"Female"
"9004158",371991,2025-06-05 16:08:36,42.4554176330566,-8.92220401763916,"Female"
"9004158",371991,2025-06-05 16:13:45,42.4550895690918,-8.92266368865967,"Female"
"9004158",371991,2025-06-05 16:19:01,42.4545707702637,-8.9234790802002,"Female"
"9004158",371991,2025-06-05 16:24:00,42.4542770385742,-8.92380809783936,"Female"
"9004158",371991,2025-06-05 16:29:54,42.4539642333984,-8.92370223999023,"Female"
"9004158",371991,2025-06-05 16:34:50,42.4536590576172,-8.92338943481445,"Female"
"9004158",371991,2025-06-05 16:39:49,42.4529800415039,-8.92377471923828,"Female"
"9004158",371991,2025-06-05 16:46:35,42.4524154663086,-8.92453765869141,"Female"
"9004158",371991,2025-06-05 16:51:14,42.4521598815918,-8.92448711395264,"Female"
"9004158",371991,2025-06-05 16:56:22,42.4520606994629,-8.92463684082031,"Female"
"9004158",371991,2025-06-05 17:01:09,42.4524269104004,-8.9243221282959,"Female"
"9004158",371991,2025-06-05 17:06:09,42.4512825012207,-8.92339897155762,"Female"
"9004158",371991,2025-06-05 17:11:10,42.4513778686523,-8.92310333251953,"Female"
"9004158",371991,2025-06-05 17:16:09,42.4513893127441,-8.92302417755127,"Female"
"9004158",371991,2025-06-05 17:21:11,42.4513320922852,-8.92307281494141,"Female"
"9004158",371991,2025-06-05 17:26:12,42.4518127441406,-8.92255306243896,"Female"
"9004158",371991,2025-06-05 17:31:12,42.4513092041016,-8.92310905456543,"Female"
"9004158",371991,2025-06-05 17:36:13,42.4513168334961,-8.92304801940918,"Female"
"9004158",371991,2025-06-05 17:41:13,42.452335357666,-8.92189311981201,"Female"
"9004158",371991,2025-06-05 17:46:10,42.4524345397949,-8.9217529296875,"Female"
"9004158",371991,2025-06-05 17:51:09,42.4520072937012,-8.92221546173096,"Female"
"9004158",371991,2025-06-05 17:56:10,42.4520034790039,-8.92221450805664,"Female"
"9004158",371991,2025-06-05 18:01:11,42.4520530700684,-8.92222499847412,"Female"
"9004158",371991,2025-06-05 18:06:09,42.4272346496582,-8.92712879180908,"Female"
"9004158",371991,2025-06-05 18:11:10,42.3990631103516,-8.92073631286621,"Female"
"9004158",371991,2025-06-05 18:16:09,42.3991050720215,-8.92073917388916,"Female"
"9004158",371991,2025-06-05 18:21:10,42.3995552062988,-8.92087364196777,"Female"
"9004158",371991,2025-06-05 18:26:09,42.3994102478027,-8.92070579528809,"Female"
"9004158",371991,2025-06-05 18:31:09,42.3993797302246,-8.92075538635254,"Female"
"9004158",371991,2025-06-05 18:36:09,42.3993682861328,-8.9207763671875,"Female"
"9004158",371991,2025-06-05 18:41:34,42.4000930786133,-8.92021560668945,"Female"
"9004158",371991,2025-06-05 18:46:25,42.399471282959,-8.92087459564209,"Female"
"9004158",371991,2025-06-05 18:51:34,42.3991966247559,-8.92074775695801,"Female"
"9004158",371991,2025-06-05 18:56:09,42.399097442627,-8.92101860046387,"Female"
"9004158",371991,2025-06-05 19:01:09,42.399097442627,-8.92108726501465,"Female"
"9004158",371991,2025-06-05 19:06:09,42.3994522094727,-8.9212121963501,"Female"
"9004158",371991,2025-06-05 19:11:09,42.3991737365723,-8.92099475860596,"Female"
"9004158",371991,2025-06-05 19:16:09,42.3990707397461,-8.92102336883545,"Female"
"9004158",371991,2025-06-05 19:21:09,42.3991813659668,-8.92081737518311,"Female"
"9004158",371991,2025-06-05 19:26:09,42.3989448547363,-8.92106914520264,"Female"
"9004158",371991,2025-06-05 19:31:09,42.3990020751953,-8.9210262298584,"Female"
"9004158",371991,2025-06-05 19:36:09,42.399040222168,-8.92098808288574,"Female"
"9004158",371991,2025-06-05 19:41:09,42.3989791870117,-8.92103290557861,"Female"
"9004158",371991,2025-06-05 19:46:09,42.3989410400391,-8.92098236083984,"Female"
"9004158",371991,2025-06-05 19:51:09,42.3989601135254,-8.92097663879395,"Female"
"9004158",371991,2025-06-05 19:56:09,42.3989028930664,-8.9209623336792,"Female"
"9004158",371991,2025-06-05 20:01:09,42.3990478515625,-8.92107200622559,"Female"
"9004158",371991,2025-06-05 20:06:09,42.3988647460938,-8.92084407806396,"Female"
"9004158",371991,2025-06-05 20:11:09,42.398868560791,-8.92085838317871,"Female"
"9004158",371991,2025-06-05 20:16:10,42.398811340332,-8.92091464996338,"Female"
"9004158",371991,2025-06-05 20:21:09,42.398323059082,-8.92048263549805,"Female"
"9004158",371991,2025-06-05 20:26:12,42.3989486694336,-8.9210844039917,"Female"
"9004158",371991,2025-06-05 20:31:13,42.3994827270508,-8.92211532592773,"Female"
"9004158",371991,2025-06-05 20:36:13,42.3989791870117,-8.9211950302124,"Female"
"9004158",371991,2025-06-05 20:41:13,42.3989486694336,-8.92112827301025,"Female"
"9004158",371991,2025-06-05 20:46:20,42.3989639282227,-8.92073345184326,"Female"
"9004158",371991,2025-06-05 20:51:10,42.3994407653809,-8.92227363586426,"Female"
"9004158",371991,2025-06-05 20:56:14,42.3989334106445,-8.92102813720703,"Female"
"9004158",371991,2025-06-05 21:01:10,42.398983001709,-8.92119026184082,"Female"
"9004158",371991,2025-06-05 21:06:16,42.3989372253418,-8.92115306854248,"Female"
"9004158",371991,2025-06-05 21:11:11,42.3984527587891,-8.91959285736084,"Female"
"9004158",371991,2025-06-05 21:16:14,42.3989181518555,-8.92100429534912,"Female"
"9004158",371991,2025-06-05 21:21:16,42.3989601135254,-8.92116737365723,"Female"
"9004158",371991,2025-06-05 21:26:13,42.3986625671387,-8.92046642303467,"Female"
"9004158",371991,2025-06-05 21:31:19,42.3989486694336,-8.92123508453369,"Female"
"9004158",371991,2025-06-05 21:36:17,42.3988418579102,-8.92153739929199,"Female"
"9004158",371991,2025-06-05 21:41:19,42.3989295959473,-8.92136859893799,"Female"
"9004158",371991,2025-06-05 21:46:18,42.3989334106445,-8.92146110534668,"Female"
"9004158",371991,2025-06-05 21:51:19,42.3989639282227,-8.92148208618164,"Female"
"9004158",371991,2025-06-05 21:56:19,42.3989639282227,-8.92141151428223,"Female"
"9004158",371991,2025-06-05 22:01:19,42.3985481262207,-8.92043972015381,"Female"
"9004158",371991,2025-06-05 22:06:17,42.3989295959473,-8.92139530181885,"Female"
"9004158",371991,2025-06-05 22:11:17,42.3989486694336,-8.92138481140137,"Female"
"9004158",371991,2025-06-05 22:16:14,42.3989028930664,-8.92134475708008,"Female"
"9004158",371991,2025-06-05 22:21:35,42.3988914489746,-8.92098140716553,"Female"
"9004158",371991,2025-06-05 22:26:08,42.3989562988281,-8.92099094390869,"Female"
"9004158",371991,2025-06-05 22:31:08,42.3989143371582,-8.92093944549561,"Female"
"9004158",371991,2025-06-05 22:36:08,42.3987998962402,-8.92083835601807,"Female"
"9004158",371991,2025-06-05 22:41:08,42.398983001709,-8.92106342315674,"Female"
"9004158",371991,2025-06-05 22:46:11,42.398853302002,-8.92100620269775,"Female"
"9004158",371991,2025-06-05 22:51:10,42.3988609313965,-8.92104244232178,"Female"
"9004158",371991,2025-06-05 22:56:08,42.3989372253418,-8.92105865478516,"Female"
"9004158",371991,2025-06-05 23:01:09,42.3988151550293,-8.92093086242676,"Female"
"9004158",371991,2025-06-05 23:06:09,42.3986167907715,-8.92068767547607,"Female"
"9004158",371991,2025-06-05 23:11:08,42.3989219665527,-8.92089366912842,"Female"
"9004158",371991,2025-06-05 23:16:08,42.3987274169922,-8.92094898223877,"Female"
"9004158",371991,2025-06-05 23:21:10,42.3990592956543,-8.91987133026123,"Female"
"9004158",371991,2025-06-05 23:26:09,42.3987617492676,-8.92099475860596,"Female"
"9004158",371991,2025-06-05 23:31:09,42.3989028930664,-8.92092704772949,"Female"
"9004158",371991,2025-06-05 23:36:10,42.398796081543,-8.92098045349121,"Female"
"9004158",371991,2025-06-05 23:41:10,42.3986206054688,-8.9209041595459,"Female"
"9004158",371991,2025-06-05 23:46:09,42.3988800048828,-8.92111492156982,"Female"
"9004158",371991,2025-06-05 23:51:09,42.3988075256348,-8.92106819152832,"Female"
"9004158",371991,2025-06-05 23:56:09,42.398811340332,-8.92107677459717,"Female"
"9004158",371991,2025-06-06 00:01:09,42.3987884521484,-8.92061805725098,"Female"
"9004158",371991,2025-06-06 00:06:09,42.398811340332,-8.92057132720947,"Female"
"9004158",371991,2025-06-06 00:11:10,42.398811340332,-8.92085075378418,"Female"
"9004158",371991,2025-06-06 00:16:21,42.3988571166992,-8.92064952850342,"Female"
"9004158",371991,2025-06-06 00:21:09,42.398853302002,-8.92062854766846,"Female"
"9004158",371991,2025-06-06 00:26:18,42.3988571166992,-8.92045783996582,"Female"
"9004158",371991,2025-06-06 00:31:10,42.398868560791,-8.92042064666748,"Female"
"9004158",371991,2025-06-06 00:36:12,42.3988380432129,-8.9206714630127,"Female"
"9004158",371991,2025-06-06 00:41:14,42.3988380432129,-8.92065334320068,"Female"
"9004158",371991,2025-06-06 00:46:32,42.398868560791,-8.92067241668701,"Female"
"9004158",371991,2025-06-06 00:51:08,42.3988647460938,-8.92065620422363,"Female"
"9004158",371991,2025-06-06 00:56:08,42.398983001709,-8.92061996459961,"Female"
"9004158",371991,2025-06-06 01:01:08,42.3989105224609,-8.92063236236572,"Female"
"9004158",371991,2025-06-06 01:06:09,42.3987922668457,-8.92046642303467,"Female"
"9004158",371991,2025-06-06 01:11:08,42.3988418579102,-8.9205436706543,"Female"
"9004158",371991,2025-06-06 01:16:10,42.3986740112305,-8.92026519775391,"Female"
"9004158",371991,2025-06-06 01:21:09,42.3987350463867,-8.92031383514404,"Female"
"9004158",371991,2025-06-06 01:26:19,42.3988761901855,-8.92065620422363,"Female"
"9004158",371991,2025-06-06 01:31:12,42.3988304138184,-8.92049217224121,"Female"
"9004158",371991,2025-06-06 01:36:19,42.3988571166992,-8.92061424255371,"Female"
"9004158",371991,2025-06-06 01:41:09,42.398853302002,-8.9206075668335,"Female"
"9004158",371991,2025-06-06 01:46:10,42.3989753723145,-8.92085456848145,"Female"
"9004158",371991,2025-06-06 01:51:09,42.3990287780762,-8.92093849182129,"Female"
"9004158",371991,2025-06-06 01:56:09,42.3990097045898,-8.92075824737549,"Female"
"9004158",371991,2025-06-06 02:01:09,42.3990440368652,-8.92081260681152,"Female"
"9004158",371991,2025-06-06 02:06:09,42.3989791870117,-8.92076206207275,"Female"
"9004158",371991,2025-06-06 02:11:20,42.399055480957,-8.92060470581055,"Female"
"9004158",371991,2025-06-06 02:16:09,42.3988189697266,-8.92071056365967,"Female"
"9004158",371991,2025-06-06 02:21:32,42.3988571166992,-8.92045783996582,"Female"
"9004158",371991,2025-06-06 02:26:08,42.3989105224609,-8.92052745819092,"Female"
"9004158",371991,2025-06-06 02:31:08,42.3989028930664,-8.92053318023682,"Female"
"9004158",371991,2025-06-06 02:36:08,42.398853302002,-8.9205436706543,"Female"
"9004158",371991,2025-06-06 02:41:08,42.3988647460938,-8.92056751251221,"Female"
"9004158",371991,2025-06-06 02:46:09,42.398811340332,-8.92055702209473,"Female"
"9004158",371991,2025-06-06 02:51:09,42.3988342285156,-8.92057132720947,"Female"
"9004158",371991,2025-06-06 02:56:09,42.398811340332,-8.92056941986084,"Female"
"9004158",371991,2025-06-06 03:01:08,42.3988952636719,-8.92059230804443,"Female"
"9004158",371991,2025-06-06 03:06:08,42.3988151550293,-8.92052745819092,"Female"
"9004158",371991,2025-06-06 03:11:08,42.3988380432129,-8.92048740386963,"Female"
"9004158",371991,2025-06-06 03:16:08,42.398796081543,-8.92054653167725,"Female"
"9004158",371991,2025-06-06 03:21:08,42.3988571166992,-8.92056560516357,"Female"
"9004158",371991,2025-06-06 03:26:09,42.3988952636719,-8.9206018447876,"Female"
"9004158",371991,2025-06-06 03:31:09,42.3987426757812,-8.92049312591553,"Female"
"9004158",371991,2025-06-06 03:36:09,42.3988380432129,-8.92055797576904,"Female"
"9004158",371991,2025-06-06 03:41:09,42.3988265991211,-8.92052745819092,"Female"
"9004158",371991,2025-06-06 03:46:09,42.3987846374512,-8.92051219940186,"Female"
"9004158",371991,2025-06-06 03:51:09,42.3988151550293,-8.92044830322266,"Female"
"9004158",371991,2025-06-06 03:56:09,42.3987312316895,-8.92049503326416,"Female"
"9004158",371991,2025-06-06 04:01:09,42.398811340332,-8.92050552368164,"Female"
"9004158",371991,2025-06-06 04:06:09,42.3987312316895,-8.92044925689697,"Female"
"9004158",371991,2025-06-06 04:11:09,42.3988075256348,-8.92052364349365,"Female"
"9004158",371991,2025-06-06 04:16:13,42.3990020751953,-8.92077541351318,"Female"
"9004158",371991,2025-06-06 04:21:13,42.3987846374512,-8.92042350769043,"Female"
"9004158",371991,2025-06-06 04:26:20,42.3987236022949,-8.92074012756348,"Female"
"9004158",371991,2025-06-06 04:31:11,42.3987464904785,-8.9209566116333,"Female"
"9004158",371991,2025-06-06 04:36:19,42.398811340332,-8.9207239151001,"Female"
"9004158",371991,2025-06-06 04:41:18,42.3988227844238,-8.92072010040283,"Female"
"9004158",371991,2025-06-06 04:46:19,42.3988151550293,-8.92073440551758,"Female"
"9004158",371991,2025-06-06 04:51:19,42.3988037109375,-8.92070770263672,"Female"
"9004158",371991,2025-06-06 04:56:19,42.398811340332,-8.92081260681152,"Female"
"9004158",371991,2025-06-06 05:01:09,42.3988418579102,-8.92073440551758,"Female"
"9004158",371991,2025-06-06 05:06:11,42.398754119873,-8.92079257965088,"Female"
"9004158",371991,2025-06-06 05:11:12,42.3986778259277,-8.92111396789551,"Female"
"9004158",371991,2025-06-06 05:16:35,42.3988227844238,-8.92059230804443,"Female"
"9004158",371991,2025-06-06 05:21:09,42.3988800048828,-8.92053031921387,"Female"
"9004158",371991,2025-06-06 05:26:09,42.3989524841309,-8.92055416107178,"Female"
"9004158",371991,2025-06-06 05:31:08,42.3987731933594,-8.92044258117676,"Female"
"9004158",371991,2025-06-06 05:36:08,42.3988571166992,-8.92053604125977,"Female"
"9004158",371991,2025-06-06 05:41:08,42.3988265991211,-8.92056465148926,"Female"
"9004158",371991,2025-06-06 05:46:08,42.3988761901855,-8.92054462432861,"Female"
"9004158",371991,2025-06-06 05:51:08,42.3988952636719,-8.92054462432861,"Female"
"9004158",371991,2025-06-06 05:56:08,42.3988838195801,-8.92050170898438,"Female"
"9004158",371991,2025-06-06 06:01:08,42.3989219665527,-8.92051124572754,"Female"
"9004158",371991,2025-06-06 06:06:09,42.3988761901855,-8.92052745819092,"Female"
"9004158",371991,2025-06-06 06:11:08,42.3989524841309,-8.92052364349365,"Female"
"9004158",371991,2025-06-06 06:16:09,42.3989410400391,-8.92049789428711,"Female"
"9004158",371991,2025-06-06 06:21:09,42.3988990783691,-8.92044639587402,"Female"
"9004158",371991,2025-06-06 06:26:09,42.3989105224609,-8.92048454284668,"Female"
"9004158",371991,2025-06-06 06:31:09,42.3988265991211,-8.92051315307617,"Female"
"9004158",371991,2025-06-06 06:36:09,42.39892578125,-8.92049503326416,"Female"
"9004158",371991,2025-06-06 06:41:09,42.3988456726074,-8.92052364349365,"Female"
"9004158",371991,2025-06-06 06:46:09,42.3988914489746,-8.92032527923584,"Female"
"9004158",371991,2025-06-06 06:51:08,42.3989944458008,-8.92045021057129,"Female"
"9004158",371991,2025-06-06 06:56:09,42.398868560791,-8.92047023773193,"Female"
"9004158",371991,2025-06-06 07:01:09,42.3989143371582,-8.9204626083374,"Female"
"9004158",371991,2025-06-06 07:06:09,42.3988990783691,-8.92047500610352,"Female"
"9004158",371991,2025-06-06 07:11:09,42.3988456726074,-8.92040252685547,"Female"
"9004158",371991,2025-06-06 07:16:09,42.3989105224609,-8.92049026489258,"Female"
"9004158",371991,2025-06-06 07:21:10,42.3987998962402,-8.92028617858887,"Female"
"9004158",371991,2025-06-06 07:26:09,42.3988761901855,-8.92042636871338,"Female"
"9004158",371991,2025-06-06 07:31:33,42.3989906311035,-8.92068481445312,"Female"
"9004158",371991,2025-06-06 07:36:09,42.398853302002,-8.92051219940186,"Female"
"9004158",371991,2025-06-06 07:41:09,42.3989219665527,-8.92055225372314,"Female"
"9004158",371991,2025-06-06 07:46:09,42.3989562988281,-8.92071914672852,"Female"
"9004158",371991,2025-06-06 07:51:09,42.4076805114746,-8.91983890533447,"Female"
"9004158",371991,2025-06-06 07:56:09,42.4522666931152,-8.92274284362793,"Female"
"9004158",371991,2025-06-06 08:01:11,42.4522552490234,-8.92303276062012,"Female"
"9004158",371991,2025-06-06 08:06:09,42.4529609680176,-8.9236421585083,"Female"
"9004158",371991,2025-06-06 08:11:10,42.4523582458496,-8.92309761047363,"Female"
"9004158",371991,2025-06-06 08:16:10,42.4519653320312,-8.92334175109863,"Female"
"9004158",371991,2025-06-06 08:21:12,42.4516067504883,-8.92302703857422,"Female"
"9004158",371991,2025-06-06 08:26:35,42.4513816833496,-8.922532081604,"Female"
"9004158",371991,2025-06-06 08:31:09,42.4514427185059,-8.92251491546631,"Female"
"9004158",371991,2025-06-06 08:36:09,42.4513816833496,-8.92248344421387,"Female"
"9004158",371991,2025-06-06 08:41:09,42.4514083862305,-8.92248439788818,"Female"
"9004158",371991,2025-06-06 08:46:08,42.4514617919922,-8.92252540588379,"Female"
"9004158",371991,2025-06-06 08:51:09,42.4514274597168,-8.92248249053955,"Female"
"9004158",371991,2025-06-06 08:56:08,42.4514122009277,-8.92243671417236,"Female"
"9004158",371991,2025-06-06 09:01:09,42.4513931274414,-8.92255306243896,"Female"
"9004158",371991,2025-06-06 09:06:09,42.4514579772949,-8.92251300811768,"Female"
"9004158",371991,2025-06-06 09:11:09,42.4513626098633,-8.92254161834717,"Female"
"9004158",371991,2025-06-06 09:16:09,42.4514083862305,-8.9224853515625,"Female"
"9004158",371991,2025-06-06 09:21:09,42.4514389038086,-8.92246723175049,"Female"
"9004158",371991,2025-06-06 09:26:09,42.451416015625,-8.92246055603027,"Female"
"9004158",371991,2025-06-06 09:31:09,42.451416015625,-8.92245769500732,"Female"
"9004158",371991,2025-06-06 09:36:09,42.4514236450195,-8.92244338989258,"Female"
"9004158",371991,2025-06-06 09:41:23,42.4522895812988,-8.92250061035156,"Female"
"9004158",371991,2025-06-06 09:46:52,42.4527740478516,-8.92257118225098,"Female"
"9004158",371991,2025-06-06 09:51:52,42.4535751342773,-8.92326927185059,"Female"
"9004158",371991,2025-06-06 09:56:52,42.4538269042969,-8.92292881011963,"Female"
"9004158",371991,2025-06-06 10:01:52,42.4536209106445,-8.92271995544434,"Female"
"9004158",371991,2025-06-06 10:06:52,42.4522323608398,-8.9231538772583,"Female"
"9004158",371991,2025-06-06 10:11:52,42.4521903991699,-8.92325019836426,"Female"
"9004158",371991,2025-06-06 10:16:52,42.4522132873535,-8.92316150665283,"Female"
"9004158",371991,2025-06-06 10:21:52,42.4522094726562,-8.92320442199707,"Female"
"9004158",371991,2025-06-06 10:26:52,42.4522247314453,-8.92315006256104,"Female"
"9004158",371991,2025-06-06 10:31:52,42.4522399902344,-8.92312240600586,"Female"
"9004158",371991,2025-06-06 10:36:52,42.4522323608398,-8.92317199707031,"Female"
"9004158",371991,2025-06-06 10:41:52,42.4522399902344,-8.92319965362549,"Female"
"9004158",371991,2025-06-06 10:46:52,42.4521865844727,-8.92316436767578,"Female"
"9004158",371991,2025-06-06 10:51:52,42.4521980285645,-8.92318153381348,"Female"
"9004158",371991,2025-06-06 10:56:52,42.4521713256836,-8.92315101623535,"Female"
"9004158",371991,2025-06-06 11:01:52,42.4521827697754,-8.92314434051514,"Female"
"9004158",371991,2025-06-06 11:07:21,42.4527130126953,-8.92292881011963,"Female"
"9004158",371991,2025-06-06 11:12:35,42.4535255432129,-8.92330741882324,"Female"
"9004158",371991,2025-06-06 11:17:32,42.4535903930664,-8.92338085174561,"Female"
"9004158",371991,2025-06-06 11:22:33,42.4534797668457,-8.9236888885498,"Female"
"9004158",371991,2025-06-06 11:27:55,42.4528465270996,-8.92352485656738,"Female"
"9004158",371991,2025-06-06 11:32:53,42.4520950317383,-8.92450332641602,"Female"
"9004158",371991,2025-06-06 11:37:53,42.4520874023438,-8.9244384765625,"Female"
"9004158",371991,2025-06-06 11:42:55,42.4521942138672,-8.92423439025879,"Female"
"9004158",371991,2025-06-06 11:48:00,42.4523010253906,-8.92436695098877,"Female"
"9004158",371991,2025-06-06 11:52:54,42.4517707824707,-8.9249267578125,"Female"
"9004158",371991,2025-06-06 11:58:07,42.4512786865234,-8.92417526245117,"Female"
"9004158",371991,2025-06-06 12:05:28,42.4519157409668,-8.92229461669922,"Female"
"9004158",371991,2025-06-06 12:10:18,42.4522399902344,-8.92298221588135,"Female"
"9004158",371991,2025-06-06 12:15:44,42.4522399902344,-8.92308139801025,"Female"
"9004158",371991,2025-06-06 12:20:17,42.4522247314453,-8.92321872711182,"Female"
"9004158",371991,2025-06-06 12:25:18,42.4522743225098,-8.92308044433594,"Female"
"9004158",371991,2025-06-06 12:30:18,42.452278137207,-8.92304420471191,"Female"
"9004158",371991,2025-06-06 12:35:18,42.4522094726562,-8.92308521270752,"Female"
"9004158",371991,2025-06-06 12:40:18,42.4523162841797,-8.92311382293701,"Female"
"9004158",371991,2025-06-06 12:45:18,42.4525146484375,-8.92319297790527,"Female"
"9004158",371991,2025-06-06 12:50:20,42.452392578125,-8.92316722869873,"Female"
"9004158",371991,2025-06-06 12:55:18,42.4525718688965,-8.92335605621338,"Female"
"9004158",371991,2025-06-06 13:00:19,42.4524230957031,-8.92307567596436,"Female"
"9004158",371991,2025-06-06 13:05:45,42.4521369934082,-8.92304420471191,"Female"
"9004158",371991,2025-06-06 13:10:18,42.4522018432617,-8.92305278778076,"Female"
"9004158",371991,2025-06-06 13:15:18,42.4525566101074,-8.9232349395752,"Female"
"9004158",371991,2025-06-06 13:20:18,42.4523162841797,-8.92308235168457,"Female"
"9004158",371991,2025-06-06 13:25:18,42.4520988464355,-8.92306423187256,"Female"
"9004158",371991,2025-06-06 13:30:21,42.4522476196289,-8.92310047149658,"Female"
"9004158",371991,2025-06-06 13:35:18,42.4522972106934,-8.9230785369873,"Female"
"9004158",371991,2025-06-06 13:40:23,42.4525032043457,-8.92329788208008,"Female"
"9004158",371991,2025-06-06 13:45:45,42.4521827697754,-8.92287540435791,"Female"
"9004158",371991,2025-06-06 13:50:18,42.4524078369141,-8.92323017120361,"Female"
"9004158",371991,2025-06-06 13:55:18,42.4522285461426,-8.92317295074463,"Female"
"9004158",371991,2025-06-06 14:00:18,42.4522552490234,-8.92301273345947,"Female"
"9004158",371991,2025-06-06 14:05:18,42.4522552490234,-8.92308902740479,"Female"
"9004158",371991,2025-06-06 14:10:18,42.4522323608398,-8.92301464080811,"Female"
"9004158",371991,2025-06-06 14:15:17,42.4523086547852,-8.92301940917969,"Female"
"9004158",371991,2025-06-06 14:20:18,42.452205657959,-8.92299938201904,"Female"
"9004158",371991,2025-06-06 14:25:17,42.4522590637207,-8.92297077178955,"Female"
"9004158",371991,2025-06-06 14:30:19,42.4520988464355,-8.9229211807251,"Female"
"9004158",371991,2025-06-06 14:35:19,42.452018737793,-8.92288112640381,"Female"
"9004158",371991,2025-06-06 14:40:19,42.4521598815918,-8.92291355133057,"Female"
"9004158",371991,2025-06-06 14:45:22,42.4520378112793,-8.92290687561035,"Female"
"9004158",371991,2025-06-06 14:50:18,42.4519386291504,-8.92284870147705,"Female"
"9004158",371991,2025-06-06 14:55:19,42.452320098877,-8.92304706573486,"Female"
"9004158",371991,2025-06-06 15:00:29,42.4522171020508,-8.92301273345947,"Female"
"9004158",371991,2025-06-06 15:05:28,42.4522933959961,-8.92295169830322,"Female"
"9004158",371991,2025-06-06 15:10:32,42.4528999328613,-8.92319107055664,"Female"
"9004158",371991,2025-06-06 15:15:21,42.4531288146973,-8.92360019683838,"Female"
"9004158",371991,2025-06-06 15:20:44,42.4530067443848,-8.92351055145264,"Female"
"9004158",371991,2025-06-06 15:25:18,42.452995300293,-8.92357921600342,"Female"
"9004158",371991,2025-06-06 15:30:18,42.452823638916,-8.92337799072266,"Female"
"9004158",371991,2025-06-06 15:35:18,42.4529113769531,-8.92347621917725,"Female"
"9004158",371991,2025-06-06 15:40:18,42.4529342651367,-8.92346000671387,"Female"
"9004158",371991,2025-06-06 15:45:19,42.4530601501465,-8.92369365692139,"Female"
"9004158",371991,2025-06-06 15:50:19,42.4530029296875,-8.92366313934326,"Female"
"9004158",371991,2025-06-06 15:55:19,42.4530258178711,-8.92353630065918,"Female"
"9004158",371991,2025-06-06 16:00:19,42.4530067443848,-8.92348194122314,"Female"
"9004158",371991,2025-06-06 16:05:19,42.4529914855957,-8.92351627349854,"Female"
"9004158",371991,2025-06-06 16:10:18,42.452953338623,-8.92356395721436,"Female"
"9004158",371991,2025-06-06 16:15:20,42.4525146484375,-8.92301177978516,"Female"
"9004158",371991,2025-06-06 16:20:28,42.452392578125,-8.92201614379883,"Female"
"9004158",371991,2025-06-06 16:25:18,42.4522132873535,-8.92278861999512,"Female"
"9004158",371991,2025-06-06 16:30:22,42.4521064758301,-8.92287731170654,"Female"
"9004158",371991,2025-06-06 16:35:18,42.4521255493164,-8.9227991104126,"Female"
"9004158",371991,2025-06-06 16:40:32,42.4518890380859,-8.92348575592041,"Female"
"9004158",371991,2025-06-06 16:45:23,42.4520530700684,-8.92285060882568,"Female"
"9004158",371991,2025-06-06 16:50:25,42.4519462585449,-8.9233226776123,"Female"
"9004158",371991,2025-06-06 16:55:25,42.4520225524902,-8.92325305938721,"Female"
"9004158",371991,2025-06-06 17:00:25,42.4524269104004,-8.92255401611328,"Female"
"9004158",371991,2025-06-06 17:05:21,42.4525833129883,-8.9224853515625,"Female"
"9004158",371991,2025-06-06 17:10:21,42.4525375366211,-8.92248249053955,"Female"
"9004158",371991,2025-06-06 17:15:21,42.45263671875,-8.92240524291992,"Female"
"9004158",371991,2025-06-06 17:20:22,42.4525337219238,-8.92249870300293,"Female"
"9004158",371991,2025-06-06 17:25:20,42.4526290893555,-8.92246055603027,"Female"
"9004158",371991,2025-06-06 17:31:01,42.4517707824707,-8.92217445373535,"Female"
"9004158",371991,2025-06-06 17:35:20,42.4518814086914,-8.92204189300537,"Female"
"9004158",371991,2025-06-06 17:40:22,42.4517860412598,-8.9220666885376,"Female"
"9004158",371991,2025-06-06 17:45:20,42.4518203735352,-8.92213344573975,"Female"
"9004158",371991,2025-06-06 17:50:21,42.4536743164062,-8.92038631439209,"Female"
"9004158",371991,2025-06-06 17:55:18,42.4518814086914,-8.92191791534424,"Female"
"9004158",371991,2025-06-06 18:00:18,42.4518775939941,-8.92207050323486,"Female"
"9004158",371991,2025-06-06 18:05:20,42.4519920349121,-8.92191410064697,"Female"
"9004158",371991,2025-06-06 18:10:18,42.4518547058105,-8.92203140258789,"Female"
"9004158",371991,2025-06-06 18:15:18,42.4514694213867,-8.92236614227295,"Female"
"9004158",371991,2025-06-06 18:20:18,42.4514503479004,-8.92236518859863,"Female"
"9004158",371991,2025-06-06 18:25:18,42.4514083862305,-8.92230701446533,"Female"
"9004158",371991,2025-06-06 18:30:18,42.4514198303223,-8.92230796813965,"Female"
"9004158",371991,2025-06-06 18:35:19,42.4514312744141,-8.92232513427734,"Female"
"9004158",371991,2025-06-06 18:40:19,42.4515342712402,-8.92219352722168,"Female"
"9004158",371991,2025-06-06 18:45:19,42.4514579772949,-8.92223644256592,"Female"
"9004158",371991,2025-06-06 18:50:19,42.4514846801758,-8.92223739624023,"Female"
"9004158",371991,2025-06-06 18:55:19,42.4514198303223,-8.92220211029053,"Female"
"9004158",371991,2025-06-06 19:00:19,42.4514579772949,-8.92220592498779,"Female"
"9004158",371991,2025-06-06 19:05:19,42.4514808654785,-8.92236614227295,"Female"
"9004158",371991,2025-06-06 19:10:19,42.4517478942871,-8.92246150970459,"Female"
"9004158",371991,2025-06-06 19:15:18,42.4274291992188,-8.92080593109131,"Female"
"9004158",371991,2025-06-06 19:20:24,42.3992614746094,-8.92159366607666,"Female"
"9004158",371991,2025-06-06 19:25:42,42.400260925293,-8.92304611206055,"Female"
"9004158",371991,2025-06-06 19:31:26,42.3993110656738,-8.92202758789062,"Female"
"9004158",371991,2025-06-06 19:35:30,42.3993263244629,-8.92187213897705,"Female"
"9004158",371991,2025-06-06 19:41:25,42.3994255065918,-8.92207431793213,"Female"
"9004158",371991,2025-06-06 19:45:20,42.3992195129395,-8.92182350158691,"Female"
"9004158",371991,2025-06-06 19:50:26,42.3994445800781,-8.92200946807861,"Female"
"9004158",371991,2025-06-06 19:55:35,42.3993530273438,-8.92215538024902,"Female"
"9004158",371991,2025-06-06 20:00:20,42.3993682861328,-8.92239856719971,"Female"
"9004158",371991,2025-06-06 20:05:22,42.3993949890137,-8.92233180999756,"Female"
"9004158",371991,2025-06-06 20:10:21,42.3993721008301,-8.92236614227295,"Female"
"9004158",371991,2025-06-06 20:15:20,42.3989601135254,-8.92215538024902,"Female"
"9004158",371991,2025-06-06 20:20:19,42.3988265991211,-8.92231369018555,"Female"
"9004158",371991,2025-06-06 20:25:24,42.398567199707,-8.92140674591064,"Female"
"9004158",371991,2025-06-06 20:30:21,42.3985900878906,-8.92162799835205,"Female"
"9004158",371991,2025-06-06 20:35:23,42.3984603881836,-8.92156410217285,"Female"
"9004158",371991,2025-06-06 20:41:21,42.3984222412109,-8.92211532592773,"Female"
"9004158",371991,2025-06-06 20:45:26,42.3985366821289,-8.92189693450928,"Female"
"9004158",371991,2025-06-06 20:50:21,42.398754119873,-8.91974925994873,"Female"
"9004158",371991,2025-06-06 20:55:24,42.3995056152344,-8.92172050476074,"Female"
"9004158",371991,2025-06-06 21:00:22,42.3991508483887,-8.92315006256104,"Female"
"9004158",371991,2025-06-06 21:05:43,42.3994026184082,-8.9232702255249,"Female"
"9004158",371991,2025-06-06 21:10:23,42.3993530273438,-8.92284297943115,"Female"
"9004158",371991,2025-06-06 21:15:26,42.3990859985352,-8.92296981811523,"Female"
"9004158",371991,2025-06-06 21:20:40,42.3997268676758,-8.92278289794922,"Female"
"9004158",371991,2025-06-06 21:25:21,42.4007911682129,-8.92211723327637,"Female"
"9004158",371991,2025-06-06 21:30:22,42.4004096984863,-8.92240428924561,"Female"
"9004158",371991,2025-06-06 21:35:20,42.4004745483398,-8.92235660552979,"Female"
"9004158",371991,2025-06-06 21:40:53,42.4006729125977,-8.92223834991455,"Female"
"9004158",371991,2025-06-06 21:45:18,42.4005508422852,-8.92298793792725,"Female"
"9004158",371991,2025-06-06 21:50:19,42.4005584716797,-8.92321681976318,"Female"
"9004158",371991,2025-06-06 21:55:22,42.4004936218262,-8.92312908172607,"Female"
"9004158",371991,2025-06-06 22:00:50,42.3992729187012,-8.92332744598389,"Female"
"9004158",371991,2025-06-06 22:05:21,42.399543762207,-8.92366981506348,"Female"
"9004158",371991,2025-06-06 22:10:20,42.3995513916016,-8.92348098754883,"Female"
"9004158",371991,2025-06-06 22:15:20,42.3996353149414,-8.92376708984375,"Female"
"9004158",371991,2025-06-06 22:20:22,42.3996849060059,-8.92398643493652,"Female"
"9004158",371991,2025-06-06 22:25:22,42.3996963500977,-8.92379570007324,"Female"
"9004158",371991,2025-06-06 22:30:21,42.3996696472168,-8.92361164093018,"Female"
"9004158",371991,2025-06-06 22:35:20,42.399585723877,-8.9237117767334,"Female"
"9004158",371991,2025-06-06 22:40:21,42.3995819091797,-8.92342281341553,"Female"
"9004158",371991,2025-06-06 22:45:54,42.3996963500977,-8.92405700683594,"Female"
"9004158",371991,2025-06-06 22:50:24,42.3997955322266,-8.92294692993164,"Female"
"9004158",371991,2025-06-06 22:55:35,42.3992080688477,-8.92253971099854,"Female"
"9004158",371991,2025-06-06 23:00:18,42.4003372192383,-8.92266654968262,"Female"
"9004158",371991,2025-06-06 23:05:21,42.4001083374023,-8.92225360870361,"Female"
"9004158",371991,2025-06-06 23:10:24,42.4004058837891,-8.92228603363037,"Female"
"9004158",371991,2025-06-06 23:15:21,42.4004325866699,-8.92226028442383,"Female"
"9004158",371991,2025-06-06 23:20:21,42.4004592895508,-8.92243766784668,"Female"
"9004158",371991,2025-06-06 23:25:18,42.4006805419922,-8.92265033721924,"Female"
"9004158",371991,2025-06-06 23:30:22,42.399055480957,-8.92196273803711,"Female"
"9004158",371991,2025-06-06 23:35:23,42.3992309570312,-8.9219970703125,"Female"
"9004158",371991,2025-06-06 23:40:22,42.3998832702637,-8.92244338989258,"Female"
"9004158",371991,2025-06-06 23:45:23,42.3995895385742,-8.92212295532227,"Female"
"9004158",371991,2025-06-06 23:50:21,42.3995552062988,-8.92217636108398,"Female"
"9004158",371991,2025-06-06 23:55:33,42.3993072509766,-8.92196846008301,"Female"
"9004158",371991,2025-06-07 00:00:21,42.3995208740234,-8.92213344573975,"Female"
"9004158",371991,2025-06-07 00:05:21,42.3995552062988,-8.92212581634521,"Female"
"9004158",371991,2025-06-07 00:10:19,42.3998069763184,-8.92235851287842,"Female"
"9004158",371991,2025-06-07 00:15:20,42.399787902832,-8.92232418060303,"Female"
"9004158",371991,2025-06-07 00:20:19,42.3998908996582,-8.92243957519531,"Female"
"9004158",371991,2025-06-07 00:25:21,42.3994636535645,-8.92219734191895,"Female"
"9004158",371991,2025-06-07 00:30:20,42.3990135192871,-8.92236137390137,"Female"
"9004158",371991,2025-06-07 00:35:21,42.3995704650879,-8.92195987701416,"Female"
"9004158",371991,2025-06-07 00:40:22,42.3993988037109,-8.92224979400635,"Female"
"9004158",371991,2025-06-07 00:45:20,42.3993339538574,-8.92199230194092,"Female"
"9004158",371991,2025-06-07 00:50:22,42.3994522094727,-8.92212009429932,"Female"
"9004158",371991,2025-06-07 00:55:21,42.3995094299316,-8.92216014862061,"Female"
"9004158",371991,2025-06-07 01:00:44,42.399356842041,-8.92209720611572,"Female"
"9004158",371991,2025-06-07 01:05:18,42.3993225097656,-8.92220211029053,"Female"
"9004158",371991,2025-06-07 01:10:19,42.3994331359863,-8.92220306396484,"Female"
"9004158",371991,2025-06-07 01:15:20,42.3993911743164,-8.92214965820312,"Female"
"9004158",371991,2025-06-07 01:20:18,42.3993186950684,-8.92194271087646,"Female"
"9004158",371991,2025-06-07 01:25:18,42.3994407653809,-8.92190551757812,"Female"
"9004158",371991,2025-06-07 01:30:19,42.3998184204102,-8.92221164703369,"Female"
"9004158",371991,2025-06-07 01:35:20,42.3996429443359,-8.92206954956055,"Female"
"9004158",371991,2025-06-07 01:40:45,42.3996543884277,-8.92215061187744,"Female"
"9004158",371991,2025-06-07 01:45:18,42.4000091552734,-8.92224311828613,"Female"
"9004158",371991,2025-06-07 01:50:20,42.3997077941895,-8.92209625244141,"Female"
"9004158",371991,2025-06-07 01:55:21,42.3993682861328,-8.92197704315186,"Female"
"9004158",371991,2025-06-07 02:00:19,42.3994140625,-8.92190456390381,"Female"
"9004158",371991,2025-06-07 02:05:23,42.3998870849609,-8.92224311828613,"Female"
"9004158",371991,2025-06-07 02:10:23,42.4000015258789,-8.92242336273193,"Female"
"9004158",371991,2025-06-07 02:15:28,42.4001159667969,-8.92206573486328,"Female"
"9004158",371991,2025-06-07 02:20:44,42.3996696472168,-8.92213344573975,"Female"
"9004158",371991,2025-06-07 02:25:21,42.399486541748,-8.92181301116943,"Female"
"9004158",371991,2025-06-07 02:30:28,42.3997383117676,-8.92250061035156,"Female"
"9004158",371991,2025-06-07 02:35:43,42.3994369506836,-8.92225456237793,"Female"
"9004158",371991,2025-06-07 02:40:24,42.3992462158203,-8.9219970703125,"Female"
"9004158",371991,2025-06-07 02:45:18,42.3992538452148,-8.92207908630371,"Female"
"9004158",371991,2025-06-07 02:50:20,42.3993186950684,-8.92170524597168,"Female"
"9004158",371991,2025-06-07 02:55:21,42.398868560791,-8.92160987854004,"Female"
"9004158",371991,2025-06-07 03:00:23,42.3997688293457,-8.92262840270996,"Female"
"9004158",371991,2025-06-07 03:05:28,42.3993988037109,-8.92196750640869,"Female"
"9004158",371991,2025-06-07 03:10:20,42.4001121520996,-8.92265033721924,"Female"
"9004158",371991,2025-06-07 03:15:22,42.3992462158203,-8.9220666885376,"Female"
"9004158",371991,2025-06-07 03:20:21,42.3984184265137,-8.9210205078125,"Female"
"9004158",371991,2025-06-07 03:25:20,42.399600982666,-8.9224796295166,"Female"
"9004158",371991,2025-06-07 03:30:21,42.3998641967773,-8.92240142822266,"Female"
"9004158",371991,2025-06-07 03:35:21,42.399829864502,-8.92246913909912,"Female"
"9004158",371991,2025-06-07 03:40:31,42.3997192382812,-8.92219829559326,"Female"
"9004158",371991,2025-06-07 03:45:20,42.3996696472168,-8.9222412109375,"Female"
"9004158",371991,2025-06-07 03:50:19,42.3996124267578,-8.92211818695068,"Female"
"9004158",371991,2025-06-07 03:55:19,42.399772644043,-8.92172145843506,"Female"
"9004158",371991,2025-06-07 04:00:18,42.3999328613281,-8.92230701446533,"Female"
"9004158",371991,2025-06-07 04:05:19,42.3996124267578,-8.92140007019043,"Female"
"9004158",371991,2025-06-07 04:10:19,42.3996315002441,-8.92186069488525,"Female"
"9004158",371991,2025-06-07 04:15:20,42.3995780944824,-8.92116546630859,"Female"
"9004158",371991,2025-06-07 04:20:29,42.3996963500977,-8.92224216461182,"Female"
"9004158",371991,2025-06-07 04:25:23,42.39990234375,-8.92195892333984,"Female"
"9004158",371991,2025-06-07 04:30:24,42.3998680114746,-8.92223167419434,"Female"
"9004158",371991,2025-06-07 04:35:44,42.3998947143555,-8.92229080200195,"Female"
"9004158",371991,2025-06-07 04:40:24,42.3998985290527,-8.9220142364502,"Female"
"9004158",371991,2025-06-07 04:46:23,42.399471282959,-8.92189598083496,"Female"
"9004158",371991,2025-06-07 04:51:23,42.3995513916016,-8.92203903198242,"Female"
"9004158",371991,2025-06-07 04:55:22,42.3993186950684,-8.92193794250488,"Female"
"9004158",371991,2025-06-07 05:00:21,42.3994026184082,-8.92215061187744,"Female"
"9004158",371991,2025-06-07 05:05:18,42.399543762207,-8.92053699493408,"Female"
"9004158",371991,2025-06-07 05:10:18,42.3978538513184,-8.92029762268066,"Female"
"9004158",371991,2025-06-07 05:15:18,42.3978538513184,-8.92050743103027,"Female"
"9004158",371991,2025-06-07 05:20:19,42.397834777832,-8.92046356201172,"Female"
"9004158",371991,2025-06-07 05:25:21,42.3978080749512,-8.92048931121826,"Female"
"9004158",371991,2025-06-07 05:30:18,42.397777557373,-8.92048454284668,"Female"
"9004158",371991,2025-06-07 05:35:18,42.3977661132812,-8.92048835754395,"Female"
"9004158",371991,2025-06-07 05:40:18,42.3977661132812,-8.92047023773193,"Female"
"9004158",371991,2025-06-07 05:45:18,42.3977813720703,-8.92046546936035,"Female"
"9004158",371991,2025-06-07 05:50:18,42.3978576660156,-8.92050838470459,"Female"
"9004158",371991,2025-06-07 05:55:18,42.3978271484375,-8.92025279998779,"Female"
"9004158",371991,2025-06-07 06:00:18,42.3978080749512,-8.9203462600708,"Female"
"9004158",371991,2025-06-07 06:05:18,42.3977928161621,-8.92034149169922,"Female"
"9004158",371991,2025-06-07 06:10:18,42.3977928161621,-8.92028141021729,"Female"
"9004158",371991,2025-06-07 06:15:18,42.3977355957031,-8.9203929901123,"Female"
"9004158",371991,2025-06-07 06:20:18,42.3977661132812,-8.92028522491455,"Female"
"9004158",371991,2025-06-07 06:25:18,42.397762298584,-8.92039108276367,"Female"
"9004158",371991,2025-06-07 06:30:18,42.397777557373,-8.9204158782959,"Female"
"9004158",371991,2025-06-07 06:35:19,42.3977737426758,-8.92033767700195,"Female"
"9004158",371991,2025-06-07 06:40:18,42.397762298584,-8.92036151885986,"Female"
"9004158",371991,2025-06-07 06:45:18,42.397762298584,-8.92034435272217,"Female"
"9004158",371991,2025-06-07 06:50:18,42.3977584838867,-8.9203987121582,"Female"
"9004158",371991,2025-06-07 06:55:18,42.3977813720703,-8.92035484313965,"Female"
"9004158",371991,2025-06-07 07:00:18,42.3977737426758,-8.92036628723145,"Female"
"9004158",371991,2025-06-07 07:05:18,42.3978652954102,-8.92025470733643,"Female"
"9004158",371991,2025-06-07 07:10:18,42.398323059082,-8.92054843902588,"Female"
"9004158",371991,2025-06-07 07:15:18,42.397762298584,-8.92033100128174,"Female"
"9004158",371991,2025-06-07 07:20:37,42.396354675293,-8.91326522827148,"Female"
"9004158",371991,2025-06-07 07:25:36,42.395565032959,-8.90430450439453,"Female"
"9004158",371991,2025-06-07 07:30:37,42.3951377868652,-8.903639793396,"Female"
"9004158",371991,2025-06-07 07:35:36,42.3979988098145,-8.89243221282959,"Female"
"9004158",371991,2025-06-07 07:40:41,42.4015769958496,-8.8835334777832,"Female"
"9004158",371991,2025-06-07 07:45:40,42.4027137756348,-8.88003826141357,"Female"
"9004158",371991,2025-06-07 07:50:43,42.4032287597656,-8.87939548492432,"Female"
"9004158",371991,2025-06-07 07:55:43,42.4036636352539,-8.87843990325928,"Female"
"9004158",371991,2025-06-07 08:00:43,42.4062423706055,-8.88134670257568,"Female"
"9004158",371991,2025-06-07 08:05:43,42.4403915405273,-8.90625953674316,"Female"
"9004158",371991,2025-06-07 08:10:43,42.4549331665039,-8.9184741973877,"Female"
"9004158",371991,2025-06-07 08:15:43,42.4549407958984,-8.91839981079102,"Female"
"9004158",371991,2025-06-07 08:20:43,42.4549255371094,-8.91843032836914,"Female"
"9004158",371991,2025-06-07 08:25:43,42.4549179077148,-8.91845512390137,"Female"
"9004158",371991,2025-06-07 08:30:43,42.4549598693848,-8.91844844818115,"Female"
"9004158",371991,2025-06-07 08:35:43,42.4549140930176,-8.91833877563477,"Female"
"9004158",371991,2025-06-07 08:40:43,42.4548873901367,-8.91847133636475,"Female"
"9004158",371991,2025-06-07 08:45:43,42.4545059204102,-8.91820335388184,"Female"
"9004158",371991,2025-06-07 08:50:45,42.4547882080078,-8.91843795776367,"Female"
"9004158",371991,2025-06-07 08:55:43,42.4547500610352,-8.9184455871582,"Female"
"9004158",371991,2025-06-07 09:00:48,42.4535217285156,-8.91725444793701,"Female"
"9004158",371991,2025-06-07 09:06:05,42.4547119140625,-8.91838455200195,"Female"
"9004158",371991,2025-06-07 09:10:42,42.4546356201172,-8.91848182678223,"Female"
"9004158",371991,2025-06-07 09:15:43,42.4545974731445,-8.9185037612915,"Female"
"9004158",371991,2025-06-07 09:20:44,42.4545669555664,-8.91853713989258,"Female"
"9004158",371991,2025-06-07 09:25:44,42.4545783996582,-8.91856288909912,"Female"
"9004158",371991,2025-06-07 09:30:45,42.454776763916,-8.91998863220215,"Female"
"9004158",371991,2025-06-07 09:35:44,42.4553642272949,-8.92091941833496,"Female"
"9004158",371991,2025-06-07 09:40:44,42.4552040100098,-8.92137813568115,"Female"
"9004158",371991,2025-06-07 09:45:43,42.4553642272949,-8.92089653015137,"Female"
"9004158",371991,2025-06-07 09:50:44,42.4550094604492,-8.92218399047852,"Female"
"9004158",371991,2025-06-07 09:55:44,42.4541549682617,-8.92334461212158,"Female"
"9004158",371991,2025-06-07 10:00:56,42.4540061950684,-8.92344760894775,"Female"
"9004158",371991,2025-06-07 10:05:55,42.4532432556152,-8.92356395721436,"Female"
"9004158",371991,2025-06-07 10:11:01,42.4538154602051,-8.92348384857178,"Female"
"9004158",371991,2025-06-07 10:16:27,42.4543685913086,-8.92318534851074,"Female"
"9004158",371991,2025-06-07 10:21:27,42.4543762207031,-8.92297744750977,"Female"
"9004158",371991,2025-06-07 10:26:27,42.454402923584,-8.92300605773926,"Female"
"9004158",371991,2025-06-07 10:31:32,42.4554443359375,-8.92181205749512,"Female"
"9004158",371991,2025-06-07 10:36:53,42.4552383422852,-8.92117691040039,"Female"
"9004158",371991,2025-06-07 10:41:53,42.4553985595703,-8.92156791687012,"Female"
"9004158",371991,2025-06-07 10:46:53,42.4554176330566,-8.92158126831055,"Female"
"9004158",371991,2025-06-07 10:51:53,42.4554824829102,-8.92149353027344,"Female"
"9004158",371991,2025-06-07 10:56:53,42.4553565979004,-8.92154502868652,"Female"
"9004158",371991,2025-06-07 11:01:53,42.4554481506348,-8.92150783538818,"Female"
"9004158",371991,2025-06-07 11:06:53,42.4553184509277,-8.92157173156738,"Female"
"9004158",371991,2025-06-07 11:11:53,42.4553527832031,-8.92128849029541,"Female"
"9004158",371991,2025-06-07 11:16:53,42.4553489685059,-8.9214391708374,"Female"
"9004158",371991,2025-06-07 11:22:14,42.4553489685059,-8.92150020599365,"Female"
"9004158",371991,2025-06-07 11:26:53,42.4553375244141,-8.92154598236084,"Female"
"9004158",371991,2025-06-07 11:31:53,42.4556579589844,-8.9212646484375,"Female"
"9004158",371991,2025-06-07 11:36:53,42.4557228088379,-8.92082023620605,"Female"
"9004158",371991,2025-06-07 11:42:02,42.4560470581055,-8.92007064819336,"Female"
"9004158",371991,2025-06-07 11:50:14,42.4566192626953,-8.91934680938721,"Female"
"9004158",371991,2025-06-07 11:55:09,42.4561805725098,-8.91995716094971,"Female"
"9004158",371991,2025-06-07 12:00:12,42.4558029174805,-8.92095565795898,"Female"
"9004158",371991,2025-06-07 12:05:06,42.455451965332,-8.92082118988037,"Female"
"9004158",371991,2025-06-07 12:10:04,42.4554710388184,-8.92097187042236,"Female"
"9004158",371991,2025-06-07 12:15:04,42.4554481506348,-8.92077541351318,"Female"
"9004158",371991,2025-06-07 12:20:06,42.4554595947266,-8.9206371307373,"Female"
"9004158",371991,2025-06-07 12:25:04,42.4554481506348,-8.92049598693848,"Female"
"9004158",371991,2025-06-07 12:30:04,42.4554824829102,-8.92040348052979,"Female"
"9004158",371991,2025-06-07 12:35:11,42.4555282592773,-8.92138385772705,"Female"
"9004158",371991,2025-06-07 12:40:07,42.4555625915527,-8.92137813568115,"Female"
"9004158",371991,2025-06-07 12:45:07,42.4555778503418,-8.9213924407959,"Female"
"9004158",371991,2025-06-07 12:50:06,42.455493927002,-8.92140579223633,"Female"
"9004158",371991,2025-06-07 12:55:07,42.4554901123047,-8.9213285446167,"Female"
"9004158",371991,2025-06-07 13:00:12,42.4556083679199,-8.92093849182129,"Female"
"9004158",371991,2025-06-07 13:05:33,42.4559555053711,-8.92105579376221,"Female"
"9004158",371991,2025-06-07 13:10:37,42.4554977416992,-8.9218635559082,"Female"
"9004158",371991,2025-06-07 13:15:37,42.4554061889648,-8.922119140625,"Female"
"9004158",371991,2025-06-07 13:25:42,42.4549522399902,-8.92298126220703,"Female"
"9004158",371991,2025-06-07 13:30:44,42.4552536010742,-8.92262363433838,"Female"
"9004158",371991,2025-06-07 13:35:43,42.4560699462891,-8.92154026031494,"Female"
"9004158",371991,2025-06-07 13:40:41,42.4551277160645,-8.92160701751709,"Female"
"9004158",371991,2025-06-07 13:46:05,42.4551734924316,-8.92255115509033,"Female"
"9004158",371991,2025-06-07 13:50:40,42.4551467895508,-8.92263889312744,"Female"
"9004158",371991,2025-06-07 13:55:40,42.4551086425781,-8.92267227172852,"Female"
"9004158",371991,2025-06-07 14:00:41,42.4551162719727,-8.92266941070557,"Female"
"9004158",371991,2025-06-07 14:05:40,42.4551467895508,-8.92269420623779,"Female"
"9004158",371991,2025-06-07 14:10:40,42.4551582336426,-8.92267322540283,"Female"
"9004158",371991,2025-06-07 14:15:41,42.4550819396973,-8.92260456085205,"Female"
"9004158",371991,2025-06-07 14:20:41,42.455207824707,-8.92267608642578,"Female"
"9004158",371991,2025-06-07 14:25:41,42.455078125,-8.92262840270996,"Female"
"9004158",371991,2025-06-07 14:30:41,42.4550704956055,-8.92271518707275,"Female"
"9004158",371991,2025-06-07 14:35:41,42.4550704956055,-8.92270851135254,"Female"
"9004158",371991,2025-06-07 14:40:41,42.4550895690918,-8.92273902893066,"Female"
"9004158",371991,2025-06-07 14:45:42,42.4545745849609,-8.92314529418945,"Female"
"9004158",371991,2025-06-07 14:50:41,42.4537925720215,-8.92312049865723,"Female"
"9004158",371991,2025-06-07 14:55:41,42.4537315368652,-8.92330265045166,"Female"
"9004158",371991,2025-06-07 15:00:40,42.4532661437988,-8.92352294921875,"Female"
"9004158",371991,2025-06-07 15:05:40,42.4521408081055,-8.92427921295166,"Female"
"9004158",371991,2025-06-07 15:10:42,42.4514427185059,-8.92457580566406,"Female"
"9004158",371991,2025-06-07 15:15:44,42.452033996582,-8.92404937744141,"Female"
"9004158",371991,2025-06-07 15:20:45,42.4518966674805,-8.92393207550049,"Female"
"9004158",371991,2025-06-07 15:25:54,42.4520645141602,-8.92403984069824,"Female"
"9004158",371991,2025-06-07 15:35:14,42.4516448974609,-8.92347717285156,"Female"
"9004158",371991,2025-06-07 15:40:29,42.4516983032227,-8.92313098907471,"Female"
"9004158",371991,2025-06-07 15:45:33,42.4515647888184,-8.9232234954834,"Female"
"9004158",371991,2025-06-07 15:50:14,42.4515113830566,-8.92321395874023,"Female"
"9004158",371991,2025-06-07 15:55:14,42.4515609741211,-8.92323112487793,"Female"
"9004158",371991,2025-06-07 16:00:14,42.451530456543,-8.92322826385498,"Female"
"9004158",371991,2025-06-07 16:05:14,42.4516220092773,-8.92331981658936,"Female"
"9004158",371991,2025-06-07 16:10:14,42.4515495300293,-8.92320537567139,"Female"
"9004158",371991,2025-06-07 16:15:14,42.4515380859375,-8.92321014404297,"Female"
"9004158",371991,2025-06-07 16:20:14,42.451545715332,-8.92322063446045,"Female"
"9004158",371991,2025-06-07 16:25:15,42.4514961242676,-8.92318344116211,"Female"
"9004158",371991,2025-06-07 16:30:14,42.4514656066895,-8.92313766479492,"Female"
"9004158",371991,2025-06-07 16:35:14,42.4515342712402,-8.92309951782227,"Female"
"9004158",371991,2025-06-07 16:40:16,42.4514961242676,-8.92317485809326,"Female"
"9004158",371991,2025-06-07 16:45:15,42.451488494873,-8.92317485809326,"Female"
"9004158",371991,2025-06-07 16:50:15,42.4535522460938,-8.92272853851318,"Female"
"9004158",371991,2025-06-07 16:55:17,42.4536514282227,-8.92299747467041,"Female"
"9004158",371991,2025-06-07 17:00:19,42.4540367126465,-8.92325115203857,"Female"
"9004158",371991,2025-06-07 17:05:17,42.4548492431641,-8.9228401184082,"Female"
"9004158",371991,2025-06-07 17:10:34,42.45556640625,-8.92094612121582,"Female"
"9004158",371991,2025-06-07 17:16:24,42.4563751220703,-8.92016220092773,"Female"
"9004158",371991,2025-06-07 17:20:58,42.4565238952637,-8.91964435577393,"Female"
"9004158",371991,2025-06-07 17:25:59,42.4561729431152,-8.91934108734131,"Female"
"9004158",371991,2025-06-07 17:31:44,42.455982208252,-8.91968536376953,"Female"
"9004158",371991,2025-06-07 17:36:53,42.4554901123047,-8.91998195648193,"Female"
"9004158",371991,2025-06-07 17:42:01,42.454963684082,-8.92006778717041,"Female"
"9004158",371991,2025-06-07 17:47:01,42.4551124572754,-8.92029094696045,"Female"
"9004158",371991,2025-06-07 17:51:45,42.4549751281738,-8.92003536224365,"Female"
"9004158",371991,2025-06-07 17:56:45,42.4553375244141,-8.91988182067871,"Female"
"9004158",371991,2025-06-07 18:01:49,42.4551277160645,-8.92000389099121,"Female"
"9004158",371991,2025-06-07 18:06:48,42.4552116394043,-8.92002010345459,"Female"
"9004158",371991,2025-06-07 18:11:49,42.4554214477539,-8.92004299163818,"Female"
"9004158",371991,2025-06-07 18:17:01,42.4549674987793,-8.92011070251465,"Female"
"9004158",371991,2025-06-07 18:21:45,42.454963684082,-8.92006778717041,"Female"
"9004158",371991,2025-06-07 18:26:46,42.4491729736328,-8.92101097106934,"Female"
"9004158",371991,2025-06-07 18:31:47,42.4075164794922,-8.92119312286377,"Female"
"9004158",371991,2025-06-07 18:36:46,42.3989906311035,-8.92115783691406,"Female"
"9004158",371991,2025-06-07 18:41:47,42.3989715576172,-8.92117118835449,"Female"
"9004158",371991,2025-06-07 18:46:47,42.3990325927734,-8.92115211486816,"Female"
"9004158",371991,2025-06-07 18:51:47,42.3990249633789,-8.9211254119873,"Female"
"9004158",371991,2025-06-07 18:56:47,42.3989944458008,-8.92114067077637,"Female"
"9004158",371991,2025-06-07 19:01:47,42.3990440368652,-8.92116832733154,"Female"
"9004158",371991,2025-06-07 19:06:47,42.3990287780762,-8.92120361328125,"Female"
"9004158",371991,2025-06-07 19:11:47,42.3989791870117,-8.92117118835449,"Female"
"9004158",371991,2025-06-07 19:16:47,42.3990058898926,-8.92119884490967,"Female"
"9004158",371991,2025-06-07 19:21:47,42.3988800048828,-8.92103576660156,"Female"
"9004158",371991,2025-06-07 19:26:47,42.3989334106445,-8.92105770111084,"Female"
"9004158",371991,2025-06-07 19:32:11,42.400074005127,-8.92248058319092,"Female"
"9004158",371991,2025-06-07 19:36:50,42.3999176025391,-8.92212963104248,"Female"
"9004158",371991,2025-06-07 19:41:50,42.3993759155273,-8.92208766937256,"Female"
"9004158",371991,2025-06-07 19:46:55,42.3993797302246,-8.92197418212891,"Female"
"9004158",371991,2025-06-07 19:51:47,42.3992004394531,-8.92169284820557,"Female"
"9004158",371991,2025-06-07 19:56:53,42.3992462158203,-8.92216014862061,"Female"
"9004158",371991,2025-06-07 20:01:48,42.3991661071777,-8.92215919494629,"Female"
"9004158",371991,2025-06-07 20:06:56,42.3991088867188,-8.92218494415283,"Female"
"9004158",371991,2025-06-07 20:11:47,42.3991966247559,-8.92196559906006,"Female"
"9004158",371991,2025-06-07 20:16:59,42.3987846374512,-8.92219352722168,"Female"
"9004158",371991,2025-06-07 20:21:51,42.3991508483887,-8.9220142364502,"Female"
"9004158",371991,2025-06-07 20:26:57,42.3992614746094,-8.92238903045654,"Female"
"9004158",371991,2025-06-07 20:32:01,42.3988342285156,-8.92251014709473,"Female"
"9004158",371991,2025-06-07 20:37:01,42.3990859985352,-8.92280864715576,"Female"
"9004158",371991,2025-06-07 20:41:57,42.3996658325195,-8.92289066314697,"Female"
"9004158",371991,2025-06-07 20:47:10,42.3996276855469,-8.92257022857666,"Female"
"9004158",371991,2025-06-07 20:52:12,42.3998413085938,-8.92226982116699,"Female"
"9004158",371991,2025-06-07 20:57:52,42.3996925354004,-8.9221305847168,"Female"
"9004158",371991,2025-06-07 21:02:38,42.3993034362793,-8.92220020294189,"Female"
"9004158",371991,2025-06-07 21:06:57,42.3993034362793,-8.92228507995605,"Female"
"9004158",371991,2025-06-07 21:12:11,42.3995094299316,-8.92219066619873,"Female"
"9004158",371991,2025-06-07 21:17:02,42.3995590209961,-8.92216873168945,"Female"
"9004158",371991,2025-06-07 21:22:23,42.3994102478027,-8.92239761352539,"Female"
"9004158",371991,2025-06-07 21:27:16,42.3990631103516,-8.9223051071167,"Female"
"9004158",371991,2025-06-07 21:32:52,42.3998718261719,-8.92224407196045,"Female"
"9004158",371991,2025-06-07 21:42:50,42.3998680114746,-8.92263793945312,"Female"
"9004158",371991,2025-06-07 21:48:04,42.3996734619141,-8.92278957366943,"Female"
"9004158",371991,2025-06-07 21:52:24,42.3995895385742,-8.92273998260498,"Female"
"9004158",371991,2025-06-07 21:57:49,42.3995170593262,-8.92252445220947,"Female"
"9004158",371991,2025-06-07 22:02:23,42.3994026184082,-8.92227935791016,"Female"
"9004158",371991,2025-06-07 22:06:54,42.3995361328125,-8.92273330688477,"Female"
"9004158",371991,2025-06-07 22:11:54,42.3995018005371,-8.92270278930664,"Female"
"9004158",371991,2025-06-07 22:16:54,42.3992652893066,-8.92243480682373,"Female"
"9004158",371991,2025-06-07 22:21:55,42.3993453979492,-8.92245864868164,"Female"
"9004158",371991,2025-06-07 22:27:36,42.3993759155273,-8.92244148254395,"Female"
"9004158",371991,2025-06-07 22:32:08,42.3992691040039,-8.92234992980957,"Female"
"9004158",371991,2025-06-07 22:37:16,42.3993301391602,-8.92230319976807,"Female"
"9004158",371991,2025-06-07 22:41:54,42.3994255065918,-8.92221927642822,"Female"
"9004158",371991,2025-06-07 22:47:08,42.3994674682617,-8.92233371734619,"Female"
"9004158",371991,2025-06-07 22:51:58,42.3993682861328,-8.9222240447998,"Female"
"9004158",371991,2025-06-07 22:56:55,42.3994178771973,-8.92226600646973,"Female"
"9004158",371991,2025-06-07 23:01:55,42.3997421264648,-8.92200183868408,"Female"
"9004158",371991,2025-06-07 23:06:49,42.3994789123535,-8.92220020294189,"Female"
"9004158",371991,2025-06-07 23:12:09,42.4000663757324,-8.92179775238037,"Female"
"9004158",371991,2025-06-07 23:17:23,42.3994979858398,-8.9221248626709,"Female"
"9004158",371991,2025-06-07 23:21:47,42.3996429443359,-8.92230415344238,"Female"
"9004158",371991,2025-06-07 23:26:55,42.3992462158203,-8.92218589782715,"Female"
"9004158",371991,2025-06-07 23:31:50,42.3992691040039,-8.92224597930908,"Female"
"9004158",371991,2025-06-07 23:36:50,42.3992347717285,-8.92201900482178,"Female"
"9004158",371991,2025-06-07 23:41:50,42.3993072509766,-8.92210388183594,"Female"
"9004158",371991,2025-06-07 23:46:52,42.3979644775391,-8.92218685150146,"Female"
"9004158",371991,2025-06-07 23:51:54,42.3992500305176,-8.92187309265137,"Female"
"9004158",371991,2025-06-07 23:56:59,42.3992500305176,-8.92190933227539,"Female"
"9004158",371991,2025-06-08 00:01:54,42.3992691040039,-8.92187118530273,"Female"
"9004158",371991,2025-06-08 00:06:55,42.3992919921875,-8.92196273803711,"Female"
"9004158",371991,2025-06-08 00:11:53,42.400146484375,-8.92209625244141,"Female"
"9004158",371991,2025-06-08 00:16:54,42.399600982666,-8.92270755767822,"Female"
"9004158",371991,2025-06-08 00:21:58,42.3991928100586,-8.92202568054199,"Female"
"9004158",371991,2025-06-08 00:26:58,42.399356842041,-8.92214012145996,"Female"
"9004158",371991,2025-06-08 00:31:59,42.399299621582,-8.92318630218506,"Female"
"9004158",371991,2025-06-08 00:37:02,42.3993225097656,-8.92223167419434,"Female"
"9004158",371991,2025-06-08 00:42:04,42.3994178771973,-8.92227935791016,"Female"
"9004158",371991,2025-06-08 00:47:12,42.3994140625,-8.92222595214844,"Female"
"9004158",371991,2025-06-08 00:51:56,42.3994331359863,-8.92222785949707,"Female"
"9004158",371991,2025-06-08 00:57:00,42.3994255065918,-8.92217826843262,"Female"
"9004158",371991,2025-06-08 01:01:58,42.3994369506836,-8.92239189147949,"Female"
"9004158",371991,2025-06-08 01:07:01,42.3993606567383,-8.92195987701416,"Female"
"9004158",371991,2025-06-08 01:12:28,42.4000663757324,-8.92408752441406,"Female"
"9004158",371991,2025-06-08 01:16:49,42.399543762207,-8.92209339141846,"Female"
"9004158",371991,2025-06-08 01:21:56,42.399471282959,-8.92233848571777,"Female"
"9004158",371991,2025-06-08 01:26:47,42.399471282959,-8.9228630065918,"Female"
"9004158",371991,2025-06-08 01:32:03,42.3994979858398,-8.92241668701172,"Female"
"9004158",371991,2025-06-08 01:36:52,42.3994636535645,-8.92234706878662,"Female"
"9004158",371991,2025-06-08 01:41:56,42.3994445800781,-8.92249298095703,"Female"
"9004158",371991,2025-06-08 01:47:11,42.3994903564453,-8.92253875732422,"Female"
"9004158",371991,2025-06-08 01:51:48,42.3994026184082,-8.92243194580078,"Female"
"9004158",371991,2025-06-08 01:56:48,42.3993835449219,-8.92242527008057,"Female"
"9004158",371991,2025-06-08 02:01:51,42.3994522094727,-8.92251014709473,"Female"
"9004158",371991,2025-06-08 02:06:50,42.3994674682617,-8.92266464233398,"Female"
"9004158",371991,2025-06-08 02:11:50,42.3994293212891,-8.92234230041504,"Female"
"9004158",371991,2025-06-08 02:16:52,42.3993873596191,-8.92245960235596,"Female"
"9004158",371991,2025-06-08 02:21:51,42.3994255065918,-8.92249965667725,"Female"
"9004158",371991,2025-06-08 02:26:53,42.3991584777832,-8.92225933074951,"Female"
"9004158",371991,2025-06-08 02:32:14,42.4006996154785,-8.92215538024902,"Female"
"9004158",371991,2025-06-08 02:36:58,42.3994102478027,-8.92276287078857,"Female"
"9004158",371991,2025-06-08 02:42:44,42.3994636535645,-8.92255783081055,"Female"
"9004158",371991,2025-06-08 02:46:53,42.3993988037109,-8.9226541519165,"Female"
"9004158",371991,2025-06-08 02:51:52,42.399486541748,-8.92270946502686,"Female"
"9004158",371991,2025-06-08 02:56:52,42.3995361328125,-8.92237186431885,"Female"
"9004158",371991,2025-06-08 03:01:54,42.3994560241699,-8.9226598739624,"Female"
"9004158",371991,2025-06-08 03:06:57,42.3993644714355,-8.92269229888916,"Female"
"9004158",371991,2025-06-08 03:11:49,42.3993949890137,-8.92230415344238,"Female"
"9004158",371991,2025-06-08 03:16:49,42.3994827270508,-8.92259693145752,"Female"
"9004158",371991,2025-06-08 03:21:49,42.3994026184082,-8.92219924926758,"Female"
"9004158",371991,2025-06-08 03:26:48,42.3990440368652,-8.92229652404785,"Female"
"9004158",371991,2025-06-08 03:31:54,42.3993186950684,-8.92207050323486,"Female"
"9004158",371991,2025-06-08 03:36:51,42.399486541748,-8.92214584350586,"Female"
"9004158",371991,2025-06-08 03:41:49,42.3993797302246,-8.92216014862061,"Female"
"9004158",371991,2025-06-08 03:46:51,42.3994369506836,-8.92208862304688,"Female"
"9004158",371991,2025-06-08 03:51:51,42.3993911743164,-8.92202568054199,"Female"
"9004158",371991,2025-06-08 03:56:54,42.3993225097656,-8.92212390899658,"Female"
"9004158",371991,2025-06-08 04:01:52,42.3992195129395,-8.92216873168945,"Female"
"9004158",371991,2025-06-08 04:06:51,42.3994293212891,-8.92236614227295,"Female"
"9004158",371991,2025-06-08 04:11:53,42.3993759155273,-8.92219829559326,"Female"
"9004158",371991,2025-06-08 04:16:54,42.3994827270508,-8.92220592498779,"Female"
"9004158",371991,2025-06-08 04:22:22,42.3992958068848,-8.92231750488281,"Female"
"9004158",371991,2025-06-08 04:26:48,42.3992500305176,-8.92293643951416,"Female"
"9004158",371991,2025-06-08 04:31:54,42.3988037109375,-8.92242908477783,"Female"
"9004158",371991,2025-06-08 04:36:56,42.3989295959473,-8.9224271774292,"Female"
"9004158",371991,2025-06-08 04:41:56,42.3988914489746,-8.92258167266846,"Female"
"9004158",371991,2025-06-08 04:46:55,42.3987808227539,-8.92269706726074,"Female"
"9004158",371991,2025-06-08 04:51:48,42.3989715576172,-8.92403316497803,"Female"
"9004158",371991,2025-06-08 04:57:13,42.3993949890137,-8.92280101776123,"Female"
"9004158",371991,2025-06-08 05:02:10,42.3995933532715,-8.92256927490234,"Female"
"9004158",371991,2025-06-08 05:06:49,42.3997459411621,-8.92226982116699,"Female"
"9004158",371991,2025-06-08 05:11:52,42.4005889892578,-8.92214107513428,"Female"
"9004158",371991,2025-06-08 05:16:51,42.399974822998,-8.92243576049805,"Female"
"9004158",371991,2025-06-08 05:21:51,42.4004936218262,-8.92230129241943,"Female"
"9004158",371991,2025-06-08 05:26:51,42.3978042602539,-8.92024612426758,"Female"
"9004158",371991,2025-06-08 05:31:48,42.3949699401855,-8.91224098205566,"Female"
"9004158",371991,2025-06-08 05:36:47,42.394847869873,-8.91164684295654,"Female"
"9004158",371991,2025-06-08 05:41:48,42.3948707580566,-8.91203308105469,"Female"
"9004158",371991,2025-06-08 05:46:48,42.3944816589355,-8.91126441955566,"Female"
"9004158",371991,2025-06-08 05:51:51,42.3978424072266,-8.91958427429199,"Female"
"9004158",371991,2025-06-08 05:56:53,42.3977241516113,-8.92014789581299,"Female"
"9004158",371991,2025-06-08 06:01:51,42.3976898193359,-8.92017936706543,"Female"
"9004158",371991,2025-06-08 06:06:48,42.3936347961426,-8.90785598754883,"Female"
"9004158",371991,2025-06-08 06:11:47,42.3931999206543,-8.907395362854,"Female"
"9004158",371991,2025-06-08 06:16:49,42.3927612304688,-8.90669918060303,"Female"
"9004158",371991,2025-06-08 06:21:47,42.3921051025391,-8.90569686889648,"Female"
"9004158",371991,2025-06-08 06:26:48,42.3991584777832,-8.91662406921387,"Female"
"9004158",371991,2025-06-08 06:31:54,42.3980827331543,-8.88280010223389,"Female"
"9004158",371991,2025-06-08 06:38:00,42.3968467712402,-8.88067817687988,"Female"
"9004158",371991,2025-06-08 06:43:08,42.3944320678711,-8.87514591217041,"Female"
"9004158",371991,2025-06-08 06:48:18,42.3932914733887,-8.87247276306152,"Female"
"9004158",371991,2025-06-08 06:53:23,42.3921127319336,-8.86915683746338,"Female"
"9004158",371991,2025-06-08 06:58:57,42.4045333862305,-8.89752101898193,"Female"
"9004158",371991,2025-06-08 07:03:24,42.4082412719727,-8.90113735198975,"Female"
"9004158",371991,2025-06-08 07:08:21,42.4302101135254,-8.91221809387207,"Female"
"9004158",371991,2025-06-08 07:13:23,42.4518928527832,-8.92308521270752,"Female"
"9004158",371991,2025-06-08 07:18:18,42.4518203735352,-8.92310428619385,"Female"
"9004158",371991,2025-06-08 07:23:17,42.4517402648926,-8.92293167114258,"Female"
"9004158",371991,2025-06-08 07:28:16,42.4548263549805,-8.9196949005127,"Female"
"9004158",371991,2025-06-08 07:33:22,42.4550514221191,-8.92047691345215,"Female"
"9004158",371991,2025-06-08 07:38:44,42.4553871154785,-8.92158126831055,"Female"
"9004158",371991,2025-06-08 07:43:33,42.4551200866699,-8.92180633544922,"Female"
"9004158",371991,2025-06-08 07:48:42,42.4647636413574,-8.92364883422852,"Female"
"9004158",371991,2025-06-08 07:53:47,42.4618453979492,-8.91877269744873,"Female"
"9004158",371991,2025-06-08 07:58:41,42.4604568481445,-8.91824340820312,"Female"
"9004158",371991,2025-06-08 08:04:07,42.4593772888184,-8.91835403442383,"Female"
"9004158",371991,2025-06-08 08:09:22,42.4590454101562,-8.91844940185547,"Female"
"9004158",371991,2025-06-08 08:14:16,42.4589462280273,-8.91832733154297,"Female"
"9004158",371991,2025-06-08 08:19:13,42.4585304260254,-8.91803550720215,"Female"
"9004158",371991,2025-06-08 08:24:25,42.4582595825195,-8.91836261749268,"Female"
"9004158",371991,2025-06-08 08:29:12,42.4580078125,-8.91615581512451,"Female"
"9004158",371991,2025-06-08 08:34:37,42.4581985473633,-8.91329097747803,"Female"
"9004158",371991,2025-06-08 08:39:14,42.4580192565918,-8.91352653503418,"Female"
"9004158",371991,2025-06-08 08:44:35,42.4549522399902,-8.92005252838135,"Female"
"9004158",371991,2025-06-08 08:49:04,42.4549331665039,-8.92003536224365,"Female"
"9004158",371991,2025-06-08 08:54:03,42.4549522399902,-8.92003440856934,"Female"
"9004158",371991,2025-06-08 08:59:04,42.4549522399902,-8.92005634307861,"Female"
"9004158",371991,2025-06-08 09:04:04,42.4549217224121,-8.92000675201416,"Female"
"9004158",371991,2025-06-08 09:09:03,42.454948425293,-8.92002105712891,"Female"
"9004158",371991,2025-06-08 09:14:03,42.4549217224121,-8.92002868652344,"Female"
"9004158",371991,2025-06-08 09:19:05,42.4549102783203,-8.92010116577148,"Female"
"9004158",371991,2025-06-08 09:24:06,42.4548835754395,-8.92007255554199,"Female"
"9004158",371991,2025-06-08 09:29:06,42.4548530578613,-8.92009353637695,"Female"
"9004158",371991,2025-06-08 09:34:06,42.4548645019531,-8.92008590698242,"Female"
"9004158",371991,2025-06-08 09:39:06,42.4548835754395,-8.92009735107422,"Female"
"9004158",371991,2025-06-08 09:44:06,42.4548950195312,-8.92008209228516,"Female"
"9004158",371991,2025-06-08 09:49:06,42.4548377990723,-8.92006492614746,"Female"
"9004158",371991,2025-06-08 09:54:06,42.4547996520996,-8.92007350921631,"Female"
"9004158",371991,2025-06-08 09:59:04,42.4548950195312,-8.92009925842285,"Female"
"9004158",371991,2025-06-08 10:04:06,42.4548416137695,-8.92008972167969,"Female"
"9004158",371991,2025-06-08 10:09:06,42.4549369812012,-8.92005252838135,"Female"
"9004158",371991,2025-06-08 10:14:06,42.4548873901367,-8.92007732391357,"Female"
"9004158",371991,2025-06-08 10:19:06,42.454891204834,-8.92013168334961,"Female"
"9004158",371991,2025-06-08 10:24:06,42.4548759460449,-8.92009544372559,"Female"
"9004158",371991,2025-06-08 10:29:06,42.4549522399902,-8.92007255554199,"Female"
"9004158",371991,2025-06-08 10:34:06,42.4549598693848,-8.92014980316162,"Female"
"9004158",371991,2025-06-08 10:39:06,42.4549560546875,-8.9200963973999,"Female"
"9004158",371991,2025-06-08 10:44:06,42.4549713134766,-8.92012500762939,"Female"
"9004158",371991,2025-06-08 10:49:06,42.4553375244141,-8.92003345489502,"Female"
"9004158",371991,2025-06-08 10:54:07,42.4558563232422,-8.92098045349121,"Female"
"9004158",371991,2025-06-08 10:59:07,42.4551200866699,-8.92192554473877,"Female"
"9004158",371991,2025-06-08 11:04:08,42.4545516967773,-8.9226541519165,"Female"
"9004158",371991,2025-06-08 11:09:36,42.4535217285156,-8.92340469360352,"Female"
"9004158",371991,2025-06-08 11:14:57,42.4521331787109,-8.92365169525146,"Female"
"9004158",371991,2025-06-08 11:20:38,42.4521942138672,-8.92510509490967,"Female"
"9004158",371991,2025-06-08 11:25:14,42.4514350891113,-8.92526817321777,"Female"
"9004158",371991,2025-06-08 11:30:10,42.4515380859375,-8.92752552032471,"Female"
"9004158",371991,2025-06-08 11:35:39,42.4511909484863,-8.92746734619141,"Female"
"9004158",371991,2025-06-08 11:41:46,42.4514198303223,-8.92509078979492,"Female"
"9004158",371991,2025-06-08 11:47:14,42.4514427185059,-8.9246187210083,"Female"
"9004158",371991,2025-06-08 11:52:15,42.4517288208008,-8.92380619049072,"Female"
"9004158",371991,2025-06-08 11:57:18,42.4514389038086,-8.92303848266602,"Female"
"9004158",371991,2025-06-08 12:02:10,42.4513397216797,-8.92259311676025,"Female"
"9004158",371991,2025-06-08 12:07:18,42.4513626098633,-8.92269706726074,"Female"
"9004158",371991,2025-06-08 12:12:10,42.4514656066895,-8.92325973510742,"Female"
"9004158",371991,2025-06-08 12:17:12,42.4513702392578,-8.92265129089355,"Female"
"9004158",371991,2025-06-08 12:22:11,42.4513969421387,-8.92253112792969,"Female"
"9004158",371991,2025-06-08 12:27:21,42.4514389038086,-8.92272472381592,"Female"
"9004158",371991,2025-06-08 12:32:35,42.4513359069824,-8.92257499694824,"Female"
"9004158",371991,2025-06-08 12:37:08,42.4512748718262,-8.92257595062256,"Female"
"9004158",371991,2025-06-08 12:42:08,42.451473236084,-8.92236804962158,"Female"
"9004158",371991,2025-06-08 12:47:08,42.4513511657715,-8.92255306243896,"Female"
"9004158",371991,2025-06-08 12:52:09,42.4513282775879,-8.92249774932861,"Female"
"9004158",371991,2025-06-08 12:57:09,42.4512825012207,-8.92251014709473,"Female"
"9004158",371991,2025-06-08 13:02:08,42.4513130187988,-8.92242336273193,"Female"
"9004158",371991,2025-06-08 13:07:08,42.4513092041016,-8.92248439788818,"Female"
"9004158",371991,2025-06-08 13:12:10,42.4512748718262,-8.9224214553833,"Female"
"9004158",371991,2025-06-08 13:17:09,42.451301574707,-8.92247676849365,"Female"
"9004158",371991,2025-06-08 13:22:08,42.4512939453125,-8.9224967956543,"Female"
"9004158",371991,2025-06-08 13:27:09,42.451229095459,-8.92244052886963,"Female"
"9004158",371991,2025-06-08 13:32:15,42.4519119262695,-8.92279434204102,"Female"
"9004158",371991,2025-06-08 13:37:24,42.4517707824707,-8.92364692687988,"Female"
"9004158",371991,2025-06-08 13:42:18,42.4523162841797,-8.92400360107422,"Female"
"9004158",371991,2025-06-08 13:47:52,42.4521713256836,-8.92448425292969,"Female"
"9004158",371991,2025-06-08 13:52:18,42.4520683288574,-8.92424583435059,"Female"
"9004158",371991,2025-06-08 13:57:18,42.452075958252,-8.92433071136475,"Female"
"9004158",371991,2025-06-08 14:02:18,42.4522399902344,-8.92436122894287,"Female"
"9004158",371991,2025-06-08 14:07:18,42.4521331787109,-8.92428588867188,"Female"
"9004158",371991,2025-06-08 14:12:21,42.4523468017578,-8.92416191101074,"Female"
"9004158",371991,2025-06-08 14:17:18,42.4522171020508,-8.92425346374512,"Female"
"9004158",371991,2025-06-08 14:22:18,42.4512748718262,-8.92363452911377,"Female"
"9004158",371991,2025-06-08 14:27:18,42.4510955810547,-8.92265319824219,"Female"
"9004158",371991,2025-06-08 14:32:18,42.4512138366699,-8.92265129089355,"Female"
"9004158",371991,2025-06-08 14:37:18,42.4511222839355,-8.92268085479736,"Female"
"9004158",371991,2025-06-08 14:42:18,42.4511375427246,-8.92286777496338,"Female"
"9004158",371991,2025-06-08 14:47:18,42.4512176513672,-8.92272281646729,"Female"
"9004158",371991,2025-06-08 14:52:44,42.451301574707,-8.92259120941162,"Female"
"9004158",371991,2025-06-08 14:57:18,42.4511871337891,-8.92249011993408,"Female"
"9004158",371991,2025-06-08 15:02:18,42.4512176513672,-8.92258167266846,"Female"
"9004158",371991,2025-06-08 15:07:53,42.4513282775879,-8.92261791229248,"Female"
"9004158",371991,2025-06-08 15:12:17,42.4513473510742,-8.92259407043457,"Female"
"9004158",371991,2025-06-08 15:17:17,42.4513893127441,-8.92263412475586,"Female"
"9004158",371991,2025-06-08 15:22:18,42.4524078369141,-8.92273330688477,"Female"
"9004158",371991,2025-06-08 15:27:17,42.4534683227539,-8.92312622070312,"Female"
"9004158",371991,2025-06-08 15:32:17,42.4542083740234,-8.92312145233154,"Female"
"9004158",371991,2025-06-08 15:37:17,42.4539222717285,-8.9230432510376,"Female"
"9004158",371991,2025-06-08 15:42:17,42.4531364440918,-8.92337131500244,"Female"
"9004158",371991,2025-06-08 15:47:18,42.4524345397949,-8.92390823364258,"Female"
"9004158",371991,2025-06-08 15:52:17,42.4519462585449,-8.92399787902832,"Female"
"9004158",371991,2025-06-08 15:57:21,42.4519157409668,-8.92349910736084,"Female"
"9004158",371991,2025-06-08 16:02:17,42.4523887634277,-8.92294311523438,"Female"
"9004158",371991,2025-06-08 16:07:51,42.4533195495605,-8.92165851593018,"Female"
"9004158",371991,2025-06-08 16:13:13,42.4537200927734,-8.92143821716309,"Female"
"9004158",371991,2025-06-08 16:18:18,42.4549179077148,-8.91983222961426,"Female"
"9004158",371991,2025-06-08 16:23:17,42.4549980163574,-8.92006206512451,"Female"
"9004158",371991,2025-06-08 16:28:19,42.454963684082,-8.92009925842285,"Female"
"9004158",371991,2025-06-08 16:33:20,42.4549522399902,-8.92008590698242,"Female"
"9004158",371991,2025-06-08 16:38:18,42.4550666809082,-8.92016792297363,"Female"
"9004158",371991,2025-06-08 16:43:19,42.4551544189453,-8.92028999328613,"Female"
"9004158",371991,2025-06-08 16:48:19,42.4551124572754,-8.92025184631348,"Female"
"9004158",371991,2025-06-08 16:53:18,42.455150604248,-8.92028331756592,"Female"
"9004158",371991,2025-06-08 16:58:18,42.4551277160645,-8.92027950286865,"Female"
"9004158",371991,2025-06-08 17:03:18,42.4551277160645,-8.92027282714844,"Female"
"9004158",371991,2025-06-08 17:08:18,42.4551773071289,-8.92034244537354,"Female"
"9004158",371991,2025-06-08 17:13:20,42.455207824707,-8.92038059234619,"Female"
"9004158",371991,2025-06-08 17:18:18,42.4551010131836,-8.92029476165771,"Female"
"9004158",371991,2025-06-08 17:24:30,42.4558334350586,-8.92066383361816,"Female"
"9004158",371991,2025-06-08 17:29:39,42.4562911987305,-8.92056369781494,"Female"
"9004158",371991,2025-06-08 17:35:12,42.455680847168,-8.92142009735107,"Female"
"9004158",371991,2025-06-08 17:40:04,42.4551391601562,-8.92220687866211,"Female"
"9004158",371991,2025-06-08 17:45:08,42.4542350769043,-8.92324447631836,"Female"
"9004158",371991,2025-06-08 17:50:39,42.4532356262207,-8.92333126068115,"Female"
"9004158",371991,2025-06-08 17:55:48,42.4522323608398,-8.92407512664795,"Female"
"9004158",371991,2025-06-08 18:00:55,42.4523086547852,-8.92276668548584,"Female"
"9004158",371991,2025-06-08 18:06:00,42.4515075683594,-8.92279243469238,"Female"
"9004158",371991,2025-06-08 18:10:57,42.4516220092773,-8.92224884033203,"Female"
"9004158",371991,2025-06-08 18:16:02,42.4169998168945,-8.92191791534424,"Female"
"9004158",371991,2025-06-08 18:21:08,42.3989028930664,-8.92160701751709,"Female"
"9004158",371991,2025-06-08 18:26:10,42.3994827270508,-8.92231845855713,"Female"
"9004158",371991,2025-06-08 18:31:59,42.399585723877,-8.92214298248291,"Female"
"9004158",371991,2025-06-08 18:35:55,42.3995628356934,-8.92232418060303,"Female"
"9004158",371991,2025-06-08 18:41:00,42.3994979858398,-8.9219856262207,"Female"
"9004158",371991,2025-06-08 18:46:14,42.3994789123535,-8.92204761505127,"Female"
"9004158",371991,2025-06-08 18:50:55,42.3999061584473,-8.92187690734863,"Female"
"9004158",371991,2025-06-08 18:56:23,42.3996772766113,-8.92243957519531,"Female"
"9004158",371991,2025-06-08 19:01:02,42.3997116088867,-8.92241859436035,"Female"
"9004158",371991,2025-06-08 19:06:00,42.3998718261719,-8.9222354888916,"Female"
"9004158",371991,2025-06-08 19:11:00,42.3999824523926,-8.92232131958008,"Female"
"9004158",371991,2025-06-08 19:16:01,42.4001998901367,-8.92232418060303,"Female"
"9004158",371991,2025-06-08 19:21:00,42.3995590209961,-8.92252349853516,"Female"
"9004158",371991,2025-06-08 19:26:00,42.4013710021973,-8.92206573486328,"Female"
"9004158",371991,2025-06-08 19:31:14,42.4007873535156,-8.92224788665771,"Female"
"9004158",371991,2025-06-08 19:35:59,42.4011039733887,-8.92236518859863,"Female"
"9004158",371991,2025-06-08 19:41:23,42.3992767333984,-8.9220552444458,"Female"
"9004158",371991,2025-06-08 19:45:50,42.3993339538574,-8.92201614379883,"Female"
"9004158",371991,2025-06-08 19:50:50,42.3996047973633,-8.92262840270996,"Female"
"9004158",371991,2025-06-08 19:55:50,42.399227142334,-8.92223453521729,"Female"
"9004158",371991,2025-06-08 20:00:53,42.3996162414551,-8.92153549194336,"Female"
"9004158",371991,2025-06-08 20:06:00,42.3993110656738,-8.92239570617676,"Female"
"9004158",371991,2025-06-08 20:10:49,42.3990516662598,-8.92150974273682,"Female"
"9004158",371991,2025-06-08 20:16:00,42.3994522094727,-8.92219924926758,"Female"
"9004158",371991,2025-06-08 20:20:49,42.3993339538574,-8.9226655960083,"Female"
"9004158",371991,2025-06-08 20:26:17,42.3992080688477,-8.92230129241943,"Female"
"9004158",371991,2025-06-08 20:31:03,42.3995819091797,-8.92243766784668,"Female"
"9004158",371991,2025-06-08 20:36:23,42.3993911743164,-8.92529773712158,"Female"
"9004158",371991,2025-06-08 20:41:47,42.3969306945801,-8.92872142791748,"Female"
"9004158",371991,2025-06-08 20:46:14,42.3995552062988,-8.92209911346436,"Female"
"9004158",371991,2025-06-08 20:50:50,42.3995971679688,-8.92309379577637,"Female"
"9004158",371991,2025-06-08 20:55:51,42.3995170593262,-8.92233753204346,"Female"
"9004158",371991,2025-06-08 21:00:52,42.3989105224609,-8.93088340759277,"Female"
"9004158",371991,2025-06-08 21:06:07,42.3991737365723,-8.92741298675537,"Female"
"9004158",371991,2025-06-08 21:11:02,42.3999481201172,-8.9282169342041,"Female"
"9004158",371991,2025-06-08 21:15:57,42.4069442749023,-8.93814277648926,"Female"
"9004158",371991,2025-06-08 21:21:04,42.4006004333496,-8.92839908599854,"Female"
"9004158",371991,2025-06-08 21:26:15,42.3993759155273,-8.92204475402832,"Female"
"9004158",371991,2025-06-08 21:31:26,42.399471282959,-8.92205238342285,"Female"
"9004158",371991,2025-06-08 21:35:54,42.3988723754883,-8.92203998565674,"Female"
"9004158",371991,2025-06-08 21:40:57,42.3993377685547,-8.92201614379883,"Female"
"9004158",371991,2025-06-08 21:46:07,42.3987464904785,-8.92202949523926,"Female"
"9004158",371991,2025-06-08 21:51:02,42.3993225097656,-8.92201900482178,"Female"
"9004158",371991,2025-06-08 21:55:57,42.3998069763184,-8.92218780517578,"Female"
"9004158",371991,2025-06-08 22:01:03,42.4002799987793,-8.9222936630249,"Female"
"9004158",371991,2025-06-08 22:05:57,42.4000473022461,-8.92214870452881,"Female"
"9004158",371991,2025-06-08 22:11:14,42.399227142334,-8.92202091217041,"Female"
"9004158",371991,2025-06-08 22:16:41,42.3993453979492,-8.92198848724365,"Female"
"9004158",371991,2025-06-08 22:20:51,42.3993148803711,-8.92201614379883,"Female"
"9004158",371991,2025-06-08 22:25:48,42.3994636535645,-8.92195796966553,"Female"
"9004158",371991,2025-06-08 22:30:51,42.3993263244629,-8.92201328277588,"Female"
"9004158",371991,2025-06-08 22:35:51,42.3993606567383,-8.92203807830811,"Female"
"9004158",371991,2025-06-08 22:40:51,42.3995170593262,-8.92201805114746,"Female"
"9004158",371991,2025-06-08 22:45:53,42.3994827270508,-8.9219970703125,"Female"
"9004158",371991,2025-06-08 22:51:01,42.3995475769043,-8.92202377319336,"Female"
"9004158",371991,2025-06-08 22:56:15,42.3995819091797,-8.92200374603271,"Female"
"9004158",371991,2025-06-08 23:00:49,42.3994178771973,-8.92201995849609,"Female"
"9004158",371991,2025-06-08 23:05:52,42.3995552062988,-8.92193698883057,"Female"
"9004158",371991,2025-06-08 23:11:00,42.3994178771973,-8.92195224761963,"Female"
"9004158",371991,2025-06-08 23:16:00,42.3995628356934,-8.92200660705566,"Female"
"9004158",371991,2025-06-08 23:21:00,42.3995933532715,-8.92205238342285,"Female"
"9004158",371991,2025-06-08 23:25:59,42.3995399475098,-8.9220085144043,"Female"
"9004158",371991,2025-06-08 23:31:02,42.4013404846191,-8.92215538024902,"Female"
"9004158",371991,2025-06-08 23:36:01,42.401424407959,-8.92209720611572,"Female"
"9004158",371991,2025-06-08 23:41:03,42.4009094238281,-8.92207813262939,"Female"
"9004158",371991,2025-06-08 23:46:15,42.3995018005371,-8.92214775085449,"Female"
"9004158",371991,2025-06-08 23:50:53,42.399730682373,-8.92202949523926,"Female"
"9004158",371991,2025-06-08 23:55:49,42.3995056152344,-8.92224884033203,"Female"
"9004158",371991,2025-06-09 00:00:51,42.3991889953613,-8.92235088348389,"Female"
"9004158",371991,2025-06-09 00:05:52,42.3994522094727,-8.92233943939209,"Female"
"9004158",371991,2025-06-09 00:10:55,42.3991661071777,-8.92211818695068,"Female"
"9004158",371991,2025-06-09 00:16:02,42.4002342224121,-8.92207622528076,"Female"
"9004158",371991,2025-06-09 00:21:01,42.4007682800293,-8.92224788665771,"Female"
"9004158",371991,2025-06-09 00:26:04,42.3992538452148,-8.92206478118896,"Female"
"9004158",371991,2025-06-09 00:31:17,42.3993759155273,-8.92159366607666,"Female"
"9004158",371991,2025-06-09 00:36:14,42.400218963623,-8.92188835144043,"Female"
"9004158",371991,2025-06-09 00:40:57,42.4003410339355,-8.92205810546875,"Female"
"9004158",371991,2025-06-09 00:46:00,42.400089263916,-8.92198657989502,"Female"
"9004158",371991,2025-06-09 00:51:00,42.400032043457,-8.92182922363281,"Female"
"9004158",371991,2025-06-09 00:56:01,42.4000854492188,-8.92206573486328,"Female"
"9004158",371991,2025-06-09 01:01:16,42.3999519348145,-8.92201232910156,"Female"
"9004158",371991,2025-06-09 01:06:02,42.4025650024414,-8.92113018035889,"Female"
"9004158",371991,2025-06-09 01:11:31,42.3992500305176,-8.92173004150391,"Female"
"9004158",371991,2025-06-09 01:16:58,42.3992691040039,-8.92158317565918,"Female"
"9004158",371991,2025-06-09 01:21:00,42.3992309570312,-8.92182731628418,"Female"
"9004158",371991,2025-06-09 01:26:00,42.3992538452148,-8.9219274520874,"Female"
"9004158",371991,2025-06-09 01:31:00,42.3993797302246,-8.9219970703125,"Female"
"9004158",371991,2025-06-09 01:36:00,42.3994216918945,-8.92182064056396,"Female"
"9004158",371991,2025-06-09 01:40:53,42.3987121582031,-8.92151260375977,"Female"
"9004158",371991,2025-06-09 01:45:52,42.3989334106445,-8.92165851593018,"Female"
"9004158",371991,2025-06-09 01:51:00,42.3997955322266,-8.92244720458984,"Female"
"9004158",371991,2025-06-09 01:55:57,42.3997268676758,-8.92208480834961,"Female"
"9004158",371991,2025-06-09 02:01:14,42.3996849060059,-8.92202568054199,"Female"
"9004158",371991,2025-06-09 02:06:04,42.39990234375,-8.92226791381836,"Female"
"9004158",371991,2025-06-09 02:11:04,42.3998260498047,-8.92208194732666,"Female"
"9004158",371991,2025-06-09 02:15:54,42.4001884460449,-8.92218208312988,"Female"
"9004158",371991,2025-06-09 02:21:00,42.3995246887207,-8.92222309112549,"Female"
"9004158",371991,2025-06-09 02:25:58,42.3995246887207,-8.92208480834961,"Female"
"9004158",371991,2025-06-09 02:32:12,42.3993797302246,-8.92219352722168,"Female"
"9004158",371991,2025-06-09 02:37:12,42.3993759155273,-8.92221832275391,"Female"
"9004158",371991,2025-06-09 02:41:03,42.3993453979492,-8.92224216461182,"Female"
"9004158",371991,2025-06-09 02:45:50,42.3988494873047,-8.92200756072998,"Female"
"9004158",371991,2025-06-09 02:50:53,42.3990898132324,-8.92201328277588,"Female"
"9004158",371991,2025-06-09 02:55:54,42.3994178771973,-8.92238616943359,"Female"
"9004158",371991,2025-06-09 03:00:53,42.398307800293,-8.92128086090088,"Female"
"9004158",371991,2025-06-09 03:05:57,42.3995018005371,-8.9225492477417,"Female"
"9004158",371991,2025-06-09 03:10:52,42.3998527526855,-8.9226598739624,"Female"
"9004158",371991,2025-06-09 03:16:00,42.3994178771973,-8.92229843139648,"Female"
"9004158",371991,2025-06-09 03:20:52,42.3989105224609,-8.92218685150146,"Female"
"9004158",371991,2025-06-09 03:26:00,42.3994293212891,-8.92273330688477,"Female"
"9004158",371991,2025-06-09 03:30:52,42.4001426696777,-8.92306709289551,"Female"
"9004158",371991,2025-06-09 03:36:00,42.3994522094727,-8.922194480896,"Female"
"9004158",371991,2025-06-09 03:41:02,42.3994445800781,-8.92215347290039,"Female"
"9004158",371991,2025-06-09 03:45:52,42.3989334106445,-8.92203330993652,"Female"
"9004158",371991,2025-06-09 03:50:57,42.3993682861328,-8.92223739624023,"Female"
"9004158",371991,2025-06-09 03:55:53,42.3993988037109,-8.92220306396484,"Female"
"9004158",371991,2025-06-09 04:00:55,42.3995056152344,-8.92269134521484,"Female"
"9004158",371991,2025-06-09 04:05:57,42.3993606567383,-8.92289543151855,"Female"
"9004158",371991,2025-06-09 04:10:52,42.3993072509766,-8.92306613922119,"Female"
"9004158",371991,2025-06-09 04:16:07,42.3992691040039,-8.92300891876221,"Female"
"9004158",371991,2025-06-09 04:20:53,42.3992500305176,-8.92275810241699,"Female"
"9004158",371991,2025-06-09 04:26:03,42.3994674682617,-8.92253017425537,"Female"
"9004158",371991,2025-06-09 04:32:12,42.3994674682617,-8.92237186431885,"Female"
"9004158",371991,2025-06-09 04:37:12,42.3995590209961,-8.92276477813721,"Female"
"9004158",371991,2025-06-09 04:42:12,42.3994827270508,-8.92272853851318,"Female"
"9004158",371991,2025-06-09 04:46:21,42.3989639282227,-8.9229850769043,"Female"
"9004158",371991,2025-06-09 04:50:54,42.3986511230469,-8.91803932189941,"Female"
"9004158",371991,2025-06-09 04:56:06,42.3993606567383,-8.92198944091797,"Female"
"9004158",371991,2025-06-09 05:00:53,42.3996620178223,-8.92469692230225,"Female"
"9004158",371991,2025-06-09 05:06:13,42.3993453979492,-8.9219913482666,"Female"
"9004158",371991,2025-06-09 05:11:14,42.3994178771973,-8.92211818695068,"Female"
"9004158",371991,2025-06-09 05:15:52,42.394214630127,-8.91563415527344,"Female"
"9004158",371991,2025-06-09 05:20:51,42.3934936523438,-8.91568946838379,"Female"
"9004158",371991,2025-06-09 05:25:53,42.3933334350586,-8.91551208496094,"Female"
"9004158",371991,2025-06-09 05:31:13,42.3977851867676,-8.92011165618896,"Female"
"9004158",371991,2025-06-09 05:35:51,42.3955841064453,-8.90710544586182,"Female"
"9004158",371991,2025-06-09 05:40:50,42.3961639404297,-8.90781402587891,"Female"
"9004158",371991,2025-06-09 05:46:19,42.3982391357422,-8.91024398803711,"Female"
"9004158",371991,2025-06-09 05:50:48,42.3977890014648,-8.92013263702393,"Female"
"9004158",371991,2025-06-09 05:55:48,42.3978233337402,-8.92015743255615,"Female"
"9004158",371991,2025-06-09 06:00:48,42.3978233337402,-8.9201545715332,"Female"
"9004158",371991,2025-06-09 06:05:48,42.3977355957031,-8.92011070251465,"Female"
"9004158",371991,2025-06-09 06:10:48,42.4027442932129,-8.901442527771,"Female"
"9004158",371991,2025-06-09 06:15:48,42.4076614379883,-8.89857196807861,"Female"
"9004158",371991,2025-06-09 06:21:04,42.4074249267578,-8.89798450469971,"Female"
"9004158",371991,2025-06-09 06:26:38,42.4066848754883,-8.89812278747559,"Female"
"9004158",371991,2025-06-09 06:31:53,42.4063606262207,-8.89834308624268,"Female"
"9004158",371991,2025-06-09 06:36:53,42.4028739929199,-8.91295719146729,"Female"
"9004158",371991,2025-06-09 06:41:53,42.398796081543,-8.92115497589111,"Female"
"9004158",371991,2025-06-09 06:46:53,42.3986854553223,-8.92106437683105,"Female"
"9004158",371991,2025-06-09 06:51:53,42.3988609313965,-8.92106914520264,"Female"
"9004158",371991,2025-06-09 06:56:53,42.3987579345703,-8.92095565795898,"Female"
"9004158",371991,2025-06-09 07:01:52,42.3988189697266,-8.92099475860596,"Female"
"9004158",371991,2025-06-09 07:06:53,42.3987922668457,-8.92101669311523,"Female"
"9004158",371991,2025-06-09 07:11:53,42.3986930847168,-8.92082595825195,"Female"
"9004158",371991,2025-06-09 07:16:53,42.3988990783691,-8.92123031616211,"Female"
"9004158",371991,2025-06-09 07:21:54,42.3992691040039,-8.92159938812256,"Female"
"9004158",371991,2025-06-09 07:26:55,42.3989524841309,-8.92158889770508,"Female"
"9004158",371991,2025-06-09 07:31:58,42.3990287780762,-8.92159461975098,"Female"
"9004158",371991,2025-06-09 07:36:54,42.3990898132324,-8.92200565338135,"Female"
"9004158",371991,2025-06-09 07:42:00,42.3990859985352,-8.92149066925049,"Female"
"9004158",371991,2025-06-09 07:47:00,42.3990859985352,-8.92136192321777,"Female"
"9004158",371991,2025-06-09 07:52:01,42.3990440368652,-8.92131996154785,"Female"
"9004158",371991,2025-06-09 07:57:01,42.399097442627,-8.92154312133789,"Female"
"9004158",371991,2025-06-09 08:02:14,42.3991241455078,-8.92147159576416,"Female"
"9004158",371991,2025-06-09 08:06:53,42.3990936279297,-8.92170810699463,"Female"
"9004158",371991,2025-06-09 08:12:19,42.3991317749023,-8.92123126983643,"Female"
"9004158",371991,2025-06-09 08:16:53,42.4190063476562,-8.92240047454834,"Female"
"9004158",371991,2025-06-09 08:21:52,42.4510955810547,-8.92315196990967,"Female"
"9004158",371991,2025-06-09 08:26:54,42.4522361755371,-8.92350578308105,"Female"
"9004158",371991,2025-06-09 08:31:52,42.4531745910645,-8.9238224029541,"Female"
"9004158",371991,2025-06-09 08:36:52,42.4532127380371,-8.92366886138916,"Female"
"9004158",371991,2025-06-09 08:42:03,42.4524269104004,-8.9237699508667,"Female"
"9004158",371991,2025-06-09 08:46:55,42.4521369934082,-8.92402172088623,"Female"
"9004158",371991,2025-06-09 08:51:53,42.4521331787109,-8.92387676239014,"Female"
"9004158",371991,2025-06-09 08:57:11,42.452522277832,-8.92394161224365,"Female"
"9004158",371991,2025-06-09 09:02:11,42.4525451660156,-8.92379760742188,"Female"
"9004158",371991,2025-06-09 09:07:42,42.4530067443848,-8.92358589172363,"Female"
"9004158",371991,2025-06-09 09:12:07,42.452938079834,-8.92338562011719,"Female"
"9004158",371991,2025-06-09 09:17:08,42.4531173706055,-8.92385768890381,"Female"
"9004158",371991,2025-06-09 09:22:08,42.452995300293,-8.92364406585693,"Female"
"9004158",371991,2025-06-09 09:27:07,42.453010559082,-8.92370319366455,"Female"
"9004158",371991,2025-06-09 09:32:07,42.4530220031738,-8.92360973358154,"Female"
"9004158",371991,2025-06-09 09:37:08,42.453197479248,-8.92388439178467,"Female"
"9004158",371991,2025-06-09 09:42:07,42.4529609680176,-8.92361640930176,"Female"
"9004158",371991,2025-06-09 09:47:35,42.4061088562012,-8.92032527923584,"Female"
"9004158",371991,2025-06-09 09:52:35,42.3992958068848,-8.92079925537109,"Female"
"9004158",371991,2025-06-09 09:57:16,42.3993644714355,-8.92082405090332,"Female"
"9004158",371991,2025-06-09 10:02:35,42.3993186950684,-8.92080974578857,"Female"
"9004158",371991,2025-06-09 10:07:07,42.3993301391602,-8.92075443267822,"Female"
"9004158",371991,2025-06-09 10:12:08,42.3989410400391,-8.92101383209229,"Female"
"9004158",371991,2025-06-09 10:17:08,42.4019088745117,-8.91942024230957,"Female"
"9004158",371991,2025-06-09 10:22:08,42.4062232971191,-8.92024707794189,"Female"
"9004158",371991,2025-06-09 10:27:08,42.4350547790527,-8.92206478118896,"Female"
"9004158",371991,2025-06-09 10:32:12,42.4524726867676,-8.92346572875977,"Female"
"9004158",371991,2025-06-09 10:38:18,42.4521408081055,-8.92349720001221,"Female"
"9004158",371991,2025-06-09 10:43:41,42.4518852233887,-8.92355918884277,"Female"
"9004158",371991,2025-06-09 10:48:36,42.4523277282715,-8.92395210266113,"Female"
"9004158",371991,2025-06-09 10:53:30,42.4531097412109,-8.92444705963135,"Female"
"9004158",371991,2025-06-09 10:58:16,42.4534225463867,-8.92354488372803,"Female"
"9004158",371991,2025-06-09 11:03:16,42.4538345336914,-8.92297649383545,"Female"
"9004158",371991,2025-06-09 11:08:16,42.4537391662598,-8.92298984527588,"Female"
"9004158",371991,2025-06-09 11:13:17,42.4536895751953,-8.92256736755371,"Female"
"9004158",371991,2025-06-09 11:18:16,42.4536552429199,-8.92207050323486,"Female"
"9004158",371991,2025-06-09 11:23:21,42.4537773132324,-8.92361927032471,"Female"
"9004158",371991,2025-06-09 11:28:24,42.4537696838379,-8.92362976074219,"Female"
"9004158",371991,2025-06-09 11:33:24,42.4538078308105,-8.9236421585083,"Female"
"9004158",371991,2025-06-09 11:38:24,42.4537811279297,-8.92377376556396,"Female"
"9004158",371991,2025-06-09 11:43:24,42.4538116455078,-8.92366027832031,"Female"
"9004158",371991,2025-06-09 11:48:24,42.4538383483887,-8.92374992370605,"Female"
"9004158",371991,2025-06-09 11:53:18,42.4537734985352,-8.92332744598389,"Female"
"9004158",371991,2025-06-09 11:58:35,42.4538345336914,-8.92336368560791,"Female"
"9004158",371991,2025-06-09 12:03:15,42.4538230895996,-8.9233865737915,"Female"
"9004158",371991,2025-06-09 12:08:16,42.4537391662598,-8.92340564727783,"Female"
"9004158",371991,2025-06-09 12:13:15,42.454891204834,-8.92284965515137,"Female"
"9004158",371991,2025-06-09 12:18:17,42.4554023742676,-8.92221641540527,"Female"
"9004158",371991,2025-06-09 12:23:16,42.4553451538086,-8.92156314849854,"Female"
"9004158",371991,2025-06-09 12:28:16,42.4553413391113,-8.92151165008545,"Female"
"9004158",371991,2025-06-09 12:33:16,42.455020904541,-8.91979694366455,"Female"
"9004158",371991,2025-06-09 12:38:17,42.4546966552734,-8.91846752166748,"Female"
"9004158",371991,2025-06-09 12:43:16,42.4546546936035,-8.91853332519531,"Female"
"9004158",371991,2025-06-09 12:48:17,42.4546852111816,-8.91851997375488,"Female"
"9004158",371991,2025-06-09 12:53:17,42.4546661376953,-8.91844367980957,"Female"
"9004158",371991,2025-06-09 12:58:17,42.4546890258789,-8.91849136352539,"Female"
"9004158",371991,2025-06-09 13:03:17,42.4546585083008,-8.91850566864014,"Female"
"9004158",371991,2025-06-09 13:08:17,42.4547386169434,-8.91844177246094,"Female"
"9004158",371991,2025-06-09 13:13:17,42.4546928405762,-8.91832637786865,"Female"
"9004158",371991,2025-06-09 13:18:16,42.4547119140625,-8.91855907440186,"Female"
"9004158",371991,2025-06-09 13:23:17,42.4547386169434,-8.91847991943359,"Female"
"9004158",371991,2025-06-09 13:28:16,42.4546318054199,-8.91849708557129,"Female"
"9004158",371991,2025-06-09 13:33:17,42.4549522399902,-8.9185209274292,"Female"
"9004158",371991,2025-06-09 13:38:17,42.4548759460449,-8.91854190826416,"Female"
"9004158",371991,2025-06-09 13:43:17,42.454963684082,-8.91851329803467,"Female"
"9004158",371991,2025-06-09 13:48:17,42.4549255371094,-8.91855430603027,"Female"
"9004158",371991,2025-06-09 13:53:17,42.454647064209,-8.91848468780518,"Female"
"9004158",371991,2025-06-09 13:58:18,42.4546165466309,-8.91836643218994,"Female"
"9004158",371991,2025-06-09 14:03:27,42.4547882080078,-8.91850757598877,"Female"
"9004158",371991,2025-06-09 14:08:53,42.4547004699707,-8.91850280761719,"Female"
"9004158",371991,2025-06-09 14:13:16,42.454662322998,-8.91853141784668,"Female"
"9004158",371991,2025-06-09 14:18:16,42.4546051025391,-8.91854858398438,"Female"
"9004158",371991,2025-06-09 14:23:16,42.4545822143555,-8.91859340667725,"Female"
"9004158",371991,2025-06-09 14:28:17,42.4548377990723,-8.91860580444336,"Female"
"9004158",371991,2025-06-09 14:33:23,42.4549140930176,-8.92008781433105,"Female"
"9004158",371991,2025-06-09 14:38:26,42.4560470581055,-8.91997146606445,"Female"
"9004158",371991,2025-06-09 14:43:33,42.456787109375,-8.91911697387695,"Female"
"9004158",371991,2025-06-09 14:48:44,42.4563903808594,-8.92030715942383,"Female"
"9004158",371991,2025-06-09 14:54:36,42.4556579589844,-8.92127990722656,"Female"
"9004158",371991,2025-06-09 14:59:46,42.4552001953125,-8.9220666885376,"Female"
"9004158",371991,2025-06-09 15:05:17,42.4540023803711,-8.92318153381348,"Female"
"9004158",371991,2025-06-09 15:10:17,42.4536361694336,-8.92315483093262,"Female"
"9004158",371991,2025-06-09 15:15:18,42.4522399902344,-8.92311859130859,"Female"
"9004158",371991,2025-06-09 15:20:17,42.4522743225098,-8.92311668395996,"Female"
"9004158",371991,2025-06-09 15:25:17,42.4522590637207,-8.92313003540039,"Female"
"9004158",371991,2025-06-09 15:30:18,42.452262878418,-8.92312049865723,"Female"
"9004158",371991,2025-06-09 15:35:18,42.4522590637207,-8.92307090759277,"Female"
"9004158",371991,2025-06-09 15:40:18,42.4522171020508,-8.92308521270752,"Female"
"9004158",371991,2025-06-09 15:45:19,42.4521903991699,-8.92306041717529,"Female"
"9004158",371991,2025-06-09 15:50:20,42.4522590637207,-8.92308521270752,"Female"
"9004158",371991,2025-06-09 15:55:19,42.4522399902344,-8.92309474945068,"Female"
"9004158",371991,2025-06-09 16:00:44,42.4522705078125,-8.92317676544189,"Female"
"9004158",371991,2025-06-09 16:05:18,42.452262878418,-8.92319202423096,"Female"
"9004158",371991,2025-06-09 16:10:18,42.452278137207,-8.92325592041016,"Female"
"9004158",371991,2025-06-09 16:15:18,42.4521522521973,-8.92323875427246,"Female"
"9004158",371991,2025-06-09 16:20:18,42.4521827697754,-8.92311191558838,"Female"
"9004158",371991,2025-06-09 16:25:18,42.4524536132812,-8.9232931137085,"Female"
"9004158",371991,2025-06-09 16:30:44,42.4528388977051,-8.92359733581543,"Female"
"9004158",371991,2025-06-09 16:35:42,42.4529762268066,-8.9236011505127,"Female"
"9004158",371991,2025-06-09 16:40:42,42.4529495239258,-8.92403793334961,"Female"
"9004158",371991,2025-06-09 16:46:05,42.4534339904785,-8.92314720153809,"Female"
"9004158",371991,2025-06-09 16:50:41,42.453857421875,-8.92343616485596,"Female"
"9004158",371991,2025-06-09 16:55:41,42.4541702270508,-8.9231128692627,"Female"
"9004158",371991,2025-06-09 17:00:41,42.4533958435059,-8.92300605773926,"Female"
"9004158",371991,2025-06-09 17:05:51,42.4522895812988,-8.92427539825439,"Female"
"9004158",371991,2025-06-09 17:10:47,42.452507019043,-8.92446613311768,"Female"
"9004158",371991,2025-06-09 17:15:47,42.4526214599609,-8.92364597320557,"Female"
"9004158",371991,2025-06-09 17:20:48,42.4522247314453,-8.92315196990967,"Female"
"9004158",371991,2025-06-09 17:25:48,42.4523582458496,-8.92301082611084,"Female"
"9004158",371991,2025-06-09 17:30:47,42.452262878418,-8.92311096191406,"Female"
"9004158",371991,2025-06-09 17:35:47,42.4522438049316,-8.92315673828125,"Female"
"9004158",371991,2025-06-09 17:40:47,42.452262878418,-8.92308712005615,"Female"
"9004158",371991,2025-06-09 17:45:47,42.4522552490234,-8.92308712005615,"Female"
"9004158",371991,2025-06-09 17:50:47,42.4522171020508,-8.92268562316895,"Female"
"9004158",371991,2025-06-09 17:55:47,42.4513626098633,-8.92272090911865,"Female"
"9004158",371991,2025-06-09 18:00:47,42.4485511779785,-8.92303848266602,"Female"
"9004158",371991,2025-06-09 18:05:47,42.4088096618652,-8.92158031463623,"Female"
"9004158",371991,2025-06-09 18:10:47,42.3994750976562,-8.92080783843994,"Female"
"9004158",371991,2025-06-09 18:15:47,42.3995590209961,-8.92080307006836,"Female"
"9004158",371991,2025-06-09 18:20:47,42.399471282959,-8.92080783843994,"Female"
"9004158",371991,2025-06-09 18:25:49,42.3995399475098,-8.92083644866943,"Female"
"9004158",371991,2025-06-09 18:30:49,42.399486541748,-8.92084884643555,"Female"
"9004158",371991,2025-06-09 18:36:00,42.3995246887207,-8.92079830169678,"Female"
"9004158",371991,2025-06-09 18:40:49,42.3996734619141,-8.92058753967285,"Female"
"9004158",371991,2025-06-09 18:46:00,42.3995780944824,-8.92075443267822,"Female"
"9004158",371991,2025-06-09 18:50:50,42.3994903564453,-8.92096614837646,"Female"
"9004158",371991,2025-06-09 18:56:14,42.3995704650879,-8.92077445983887,"Female"
"9004158",371991,2025-06-09 19:00:47,42.3995666503906,-8.92078876495361,"Female"
"9004158",371991,2025-06-09 19:05:48,42.3996162414551,-8.92060852050781,"Female"
"9004158",371991,2025-06-09 19:10:47,42.3996200561523,-8.9207878112793,"Female"
"9004158",371991,2025-06-09 19:15:47,42.3976783752441,-8.92609977722168,"Female"
"9004158",371991,2025-06-09 19:20:51,42.3994522094727,-8.92077445983887,"Female"
"9004158",371991,2025-06-09 19:25:59,42.3995666503906,-8.92071342468262,"Female"
"9004158",371991,2025-06-09 19:30:47,42.399543762207,-8.92302799224854,"Female"
"9004158",371991,2025-06-09 19:35:47,42.399715423584,-8.91823768615723,"Female"
"9004158",371991,2025-06-09 19:40:47,42.3994407653809,-8.92084789276123,"Female"
"9004158",371991,2025-06-09 19:46:14,42.3994369506836,-8.92076206207275,"Female"
"9004158",371991,2025-06-09 19:50:47,42.3994636535645,-8.92074775695801,"Female"
"9004158",371991,2025-06-09 19:55:47,42.3994064331055,-8.9208345413208,"Female"
"9004158",371991,2025-06-09 20:00:47,42.3993721008301,-8.92080974578857,"Female"
"9004158",371991,2025-06-09 20:05:58,42.3992309570312,-8.92207908630371,"Female"
"9004158",371991,2025-06-09 20:11:00,42.3994483947754,-8.92202091217041,"Female"
"9004158",371991,2025-06-09 20:16:00,42.3995971679688,-8.92238521575928,"Female"
"9004158",371991,2025-06-09 20:20:59,42.3995590209961,-8.92225933074951,"Female"
"9004158",371991,2025-06-09 20:26:00,42.3993492126465,-8.9229154586792,"Female"
"9004158",371991,2025-06-09 20:31:15,42.3973236083984,-8.92037868499756,"Female"
"9004158",371991,2025-06-09 20:35:59,42.3996315002441,-8.92225074768066,"Female"
"9004158",371991,2025-06-09 20:41:23,42.3999099731445,-8.92248439788818,"Female"
"9004158",371991,2025-06-09 20:45:47,42.3997459411621,-8.92248916625977,"Female"
"9004158",371991,2025-06-09 20:50:50,42.3997688293457,-8.92257499694824,"Female"
"9004158",371991,2025-06-09 20:55:49,42.3998260498047,-8.92230606079102,"Female"
"9004158",371991,2025-06-09 21:00:51,42.399959564209,-8.92247295379639,"Female"
"9004158",371991,2025-06-09 21:05:47,42.3997001647949,-8.92233753204346,"Female"
"9004158",371991,2025-06-09 21:10:50,42.3995780944824,-8.92237854003906,"Female"
"9004158",371991,2025-06-09 21:15:49,42.3996734619141,-8.92216205596924,"Female"
"9004158",371991,2025-06-09 21:20:50,42.3994445800781,-8.92190742492676,"Female"
"9004158",371991,2025-06-09 21:25:52,42.3989486694336,-8.92167568206787,"Female"
"9004158",371991,2025-06-09 21:31:53,42.3996925354004,-8.92203330993652,"Female"
"9004158",371991,2025-06-09 21:35:51,42.399486541748,-8.92215061187744,"Female"
"9004158",371991,2025-06-09 21:41:49,42.3994483947754,-8.92205619812012,"Female"
"9004158",371991,2025-06-09 21:45:50,42.3991355895996,-8.9220666885376,"Female"
"9004158",371991,2025-06-09 21:50:50,42.3991432189941,-8.92226791381836,"Female"
"9004158",371991,2025-06-09 21:57:11,42.3992500305176,-8.9221305847168,"Female"
"9004158",371991,2025-06-09 22:00:52,42.3991928100586,-8.92220306396484,"Female"
"9004158",371991,2025-06-09 22:05:59,42.3993530273438,-8.92224025726318,"Female"
"9004158",371991,2025-06-09 22:11:04,42.3991165161133,-8.92189693450928,"Female"
"9004158",371991,2025-06-09 22:15:48,42.3994560241699,-8.92205810546875,"Female"
"9004158",371991,2025-06-09 22:20:55,42.3993682861328,-8.92211437225342,"Female"
"9004158",371991,2025-06-09 22:25:48,42.3995246887207,-8.92191600799561,"Female"
"9004158",371991,2025-06-09 22:30:48,42.3996086120605,-8.92195796966553,"Female"
"9004158",371991,2025-06-09 22:35:48,42.3990669250488,-8.92202949523926,"Female"
"9004158",371991,2025-06-09 22:40:51,42.3997459411621,-8.92356395721436,"Female"
"9004158",371991,2025-06-09 22:46:14,42.3985443115234,-8.92355537414551,"Female"
"9004158",371991,2025-06-09 22:50:54,42.4004592895508,-8.9233283996582,"Female"
"9004158",371991,2025-06-09 22:56:00,42.3989639282227,-8.92255973815918,"Female"
"9004158",371991,2025-06-09 23:00:55,42.3988876342773,-8.92277908325195,"Female"
"9004158",371991,2025-06-09 23:05:53,42.4000778198242,-8.92120170593262,"Female"
"9004158",371991,2025-06-09 23:11:19,42.4003944396973,-8.92212104797363,"Female"
"9004158",371991,2025-06-09 23:15:49,42.4003677368164,-8.92250633239746,"Female"
"9004158",371991,2025-06-09 23:20:49,42.4002571105957,-8.92237281799316,"Female"
"9004158",371991,2025-06-09 23:25:58,42.4002075195312,-8.92234039306641,"Female"
"9004158",371991,2025-06-09 23:30:54,42.3993148803711,-8.92230129241943,"Female"
"9004158",371991,2025-06-09 23:35:50,42.3993911743164,-8.92225742340088,"Female"
"9004158",371991,2025-06-09 23:40:52,42.3995399475098,-8.9221773147583,"Female"
"9004158",371991,2025-06-09 23:45:51,42.3994674682617,-8.92218208312988,"Female"
"9004158",371991,2025-06-09 23:51:01,42.399356842041,-8.92223358154297,"Female"
"9004158",371991,2025-06-09 23:56:00,42.3993339538574,-8.92216777801514,"Female"
"9004158",371991,2025-06-10 00:00:53,42.3992652893066,-8.92216873168945,"Female"
"9004158",371991,2025-06-10 00:05:51,42.399730682373,-8.92258071899414,"Female"
"9004158",371991,2025-06-10 00:10:55,42.3993186950684,-8.92215442657471,"Female"
"9004158",371991,2025-06-10 00:16:00,42.3994483947754,-8.92217350006104,"Female"
"9004158",371991,2025-06-10 00:21:25,42.3990135192871,-8.9218864440918,"Female"
"9004158",371991,2025-06-10 00:26:13,42.399040222168,-8.92241191864014,"Female"
"9004158",371991,2025-06-10 00:31:23,42.3994789123535,-8.92215728759766,"Female"
"9004158",371991,2025-06-10 00:35:54,42.3993721008301,-8.9218635559082,"Female"
"9004158",371991,2025-06-10 00:40:53,42.3996315002441,-8.92237854003906,"Female"
"9004158",371991,2025-06-10 00:46:00,42.3995018005371,-8.9221076965332,"Female"
"9004158",371991,2025-06-10 00:50:54,42.3993377685547,-8.92210960388184,"Female"
"9004158",371991,2025-06-10 00:56:14,42.4007873535156,-8.92268848419189,"Female"
"9004158",371991,2025-06-10 01:01:03,42.4001846313477,-8.92245006561279,"Female"
"9004158",371991,2025-06-10 01:06:04,42.4004287719727,-8.92250442504883,"Female"
"9004158",371991,2025-06-10 01:11:04,42.4007530212402,-8.92274188995361,"Female"
"9004158",371991,2025-06-10 01:16:37,42.4001808166504,-8.922532081604,"Female"
"9004158",371991,2025-06-10 01:20:55,42.3997840881348,-8.9223575592041,"Female"
"9004158",371991,2025-06-10 01:25:59,42.3999557495117,-8.92275905609131,"Female"
"9004158",371991,2025-06-10 01:30:54,42.3982620239258,-8.92294692993164,"Female"
"9004158",371991,2025-06-10 01:35:59,42.3996086120605,-8.9227180480957,"Female"
"9004158",371991,2025-06-10 01:40:59,42.3995170593262,-8.92238140106201,"Female"
"9004158",371991,2025-06-10 01:45:55,42.399242401123,-8.92275047302246,"Female"
"9004158",371991,2025-06-10 01:50:58,42.3997268676758,-8.92233848571777,"Female"
"9004158",371991,2025-06-10 01:55:54,42.4002304077148,-8.92287349700928,"Female"
"9004158",371991,2025-06-10 02:00:55,42.3994445800781,-8.92223072052002,"Female"
"9004158",371991,2025-06-10 02:05:53,42.3996620178223,-8.92241096496582,"Female"
"9004158",371991,2025-06-10 02:10:51,42.4000015258789,-8.92276954650879,"Female"
"9004158",371991,2025-06-10 02:16:03,42.3994140625,-8.92263412475586,"Female"
"9004158",371991,2025-06-10 02:21:13,42.3996658325195,-8.92238521575928,"Female"
"9004158",371991,2025-06-10 02:26:10,42.3996124267578,-8.92217445373535,"Female"
"9004158",371991,2025-06-10 02:32:11,42.3995780944824,-8.92224788665771,"Female"
"9004158",371991,2025-06-10 02:37:11,42.3995552062988,-8.92231273651123,"Female"
"9004158",371991,2025-06-10 02:41:14,42.3995780944824,-8.92227554321289,"Female"
"9004158",371991,2025-06-10 02:47:11,42.3994903564453,-8.92225933074951,"Female"
"9004158",371991,2025-06-10 02:51:09,42.3994903564453,-8.92221832275391,"Female"
"9004158",371991,2025-06-10 02:55:58,42.3994979858398,-8.92233371734619,"Female"
"9004158",371991,2025-06-10 03:00:51,42.3994331359863,-8.92229557037354,"Female"
"9004158",371991,2025-06-10 03:06:00,42.3994331359863,-8.92223358154297,"Female"
"9004158",371991,2025-06-10 03:10:52,42.3995399475098,-8.92232131958008,"Female"
"9004158",371991,2025-06-10 03:16:00,42.3994636535645,-8.92226600646973,"Female"
"9004158",371991,2025-06-10 03:20:54,42.3991317749023,-8.92191219329834,"Female"
"9004158",371991,2025-06-10 03:26:00,42.3994560241699,-8.92242527008057,"Female"
"9004158",371991,2025-06-10 03:30:53,42.4001083374023,-8.92304229736328,"Female"
"9004158",371991,2025-06-10 03:35:54,42.4000053405762,-8.92293834686279,"Female"
"9004158",371991,2025-06-10 03:41:00,42.3994445800781,-8.92235374450684,"Female"
"9004158",371991,2025-06-10 03:45:57,42.3993911743164,-8.92244529724121,"Female"
"9004158",371991,2025-06-10 03:50:49,42.3991470336914,-8.92247104644775,"Female"
"9004158",371991,2025-06-10 03:56:00,42.3993644714355,-8.92265796661377,"Female"
"9004158",371991,2025-06-10 04:00:55,42.3993911743164,-8.92252159118652,"Female"
"9004158",371991,2025-06-10 04:05:55,42.3996200561523,-8.92245006561279,"Female"
"9004158",371991,2025-06-10 04:11:01,42.3994598388672,-8.92269611358643,"Female"
"9004158",371991,2025-06-10 04:16:08,42.3992805480957,-8.92276573181152,"Female"
"9004158",371991,2025-06-10 04:22:11,42.3994522094727,-8.92233848571777,"Female"
"9004158",371991,2025-06-10 04:27:11,42.3993949890137,-8.92237949371338,"Female"
"9004158",371991,2025-06-10 04:31:42,42.3991661071777,-8.92251110076904,"Female"
"9004158",371991,2025-06-10 04:35:51,42.3994789123535,-8.92288875579834,"Female"
"9004158",371991,2025-06-10 04:41:04,42.3986625671387,-8.92230033874512,"Female"
"9004158",371991,2025-06-10 04:45:57,42.3988304138184,-8.92192459106445,"Female"
"9004158",371991,2025-06-10 04:50:51,42.3992919921875,-8.92164134979248,"Female"
"9004158",371991,2025-06-10 04:55:51,42.3999176025391,-8.92361450195312,"Female"
"9004158",371991,2025-06-10 05:00:48,42.3994674682617,-8.92227935791016,"Female"
"9004158",371991,2025-06-10 05:05:51,42.3993301391602,-8.92266368865967,"Female"
"9004158",371991,2025-06-10 05:10:51,42.4002990722656,-8.92286777496338,"Female"
"9004158",371991,2025-06-10 05:15:57,42.3998718261719,-8.92239189147949,"Female"
"9004158",371991,2025-06-10 05:20:49,42.3977317810059,-8.91986083984375,"Female"
"9004158",371991,2025-06-10 05:25:54,42.3977928161621,-8.92043876647949,"Female"
"9004158",371991,2025-06-10 05:30:59,42.3977470397949,-8.9202938079834,"Female"
"9004158",371991,2025-06-10 05:35:49,42.3977737426758,-8.92033958435059,"Female"
"9004158",371991,2025-06-10 05:40:54,42.3977394104004,-8.92035007476807,"Female"
"9004158",371991,2025-06-10 05:45:54,42.3977737426758,-8.92021751403809,"Female"
"9004158",371991,2025-06-10 05:50:58,42.3976364135742,-8.92004489898682,"Female"
"9004158",371991,2025-06-10 05:55:53,42.3975791931152,-8.92040634155273,"Female"
"9004158",371991,2025-06-10 06:01:00,42.3976974487305,-8.91989326477051,"Female"
"9004158",371991,2025-06-10 06:05:51,42.3977088928223,-8.92012023925781,"Female"
"9004158",371991,2025-06-10 06:10:54,42.397834777832,-8.92010593414307,"Female"
"9004158",371991,2025-06-10 06:15:51,42.3977584838867,-8.9203462600708,"Female"
"9004158",371991,2025-06-10 06:20:48,42.4027633666992,-8.90014934539795,"Female"
"9004158",371991,2025-06-10 06:25:48,42.4025573730469,-8.89870071411133,"Female"
"9004158",371991,2025-06-10 06:31:31,42.3985404968262,-8.88679981231689,"Female"
"9004158",371991,2025-06-10 06:36:30,42.4059562683105,-8.87951374053955,"Female"
"9004158",371991,2025-06-10 06:42:17,42.4062385559082,-8.87906742095947,"Female"
"9004158",371991,2025-06-10 06:47:17,42.4051704406738,-8.87906551361084,"Female"
"9004158",371991,2025-06-10 06:52:18,42.405632019043,-8.87852668762207,"Female"
"9004158",371991,2025-06-10 06:58:03,42.4031181335449,-8.89134407043457,"Female"
"9004158",371991,2025-06-10 07:03:15,42.402660369873,-8.9021167755127,"Female"
"9004158",371991,2025-06-10 07:08:16,42.3968544006348,-8.90727710723877,"Female"
"9004158",371991,2025-06-10 07:13:41,42.3938255310059,-8.90985298156738,"Female"
"9004158",371991,2025-06-10 07:18:51,42.3942070007324,-8.91192722320557,"Female"
"9004158",371991,2025-06-10 07:23:46,42.392463684082,-8.92106819152832,"Female"
"9004158",371991,2025-06-10 07:28:48,42.4031028747559,-8.92010402679443,"Female"
"9004158",371991,2025-06-10 07:33:48,42.4445686340332,-8.91964340209961,"Female"
"9004158",371991,2025-06-10 07:39:05,42.4527740478516,-8.92371654510498,"Female"
"9004158",371991,2025-06-10 07:43:49,42.4522895812988,-8.92413902282715,"Female"
"9004158",371991,2025-06-10 07:48:46,42.4524078369141,-8.92398071289062,"Female"
"9004158",371991,2025-06-10 07:53:45,42.451961517334,-8.92431735992432,"Female"
"9004158",371991,2025-06-10 07:58:55,42.4523658752441,-8.92427444458008,"Female"
"9004158",371991,2025-06-10 08:03:45,42.4524154663086,-8.92411422729492,"Female"
"9004158",371991,2025-06-10 08:08:46,42.4530601501465,-8.92404937744141,"Female"
"9004158",371991,2025-06-10 08:13:46,42.4534912109375,-8.92305469512939,"Female"
"9004158",371991,2025-06-10 08:18:45,42.4538230895996,-8.92332363128662,"Female"
"9004158",371991,2025-06-10 08:23:45,42.453857421875,-8.92329883575439,"Female"
"9004158",371991,2025-06-10 08:28:46,42.4537925720215,-8.92332077026367,"Female"
"9004158",371991,2025-06-10 08:33:45,42.4538230895996,-8.92331600189209,"Female"
"9004158",371991,2025-06-10 08:38:46,42.4538383483887,-8.92330646514893,"Female"
"9004158",371991,2025-06-10 08:43:46,42.453784942627,-8.92329502105713,"Female"
"9004158",371991,2025-06-10 08:48:45,42.4538307189941,-8.92334175109863,"Female"
"9004158",371991,2025-06-10 08:53:45,42.4538230895996,-8.9233341217041,"Female"
"9004158",371991,2025-06-10 08:58:46,42.4538421630859,-8.92329216003418,"Female"
"9004158",371991,2025-06-10 09:03:46,42.4538116455078,-8.92330837249756,"Female"
"9004158",371991,2025-06-10 09:08:46,42.453800201416,-8.92327880859375,"Female"
"9004158",371991,2025-06-10 09:13:46,42.4537811279297,-8.92329883575439,"Female"
"9004158",371991,2025-06-10 09:18:45,42.4537658691406,-8.92332458496094,"Female"
"9004158",371991,2025-06-10 09:23:46,42.4538116455078,-8.92326927185059,"Female"
"9004158",371991,2025-06-10 09:28:46,42.4538612365723,-8.92344284057617,"Female"
"9004158",371991,2025-06-10 09:33:46,42.453800201416,-8.92334079742432,"Female"
"9004158",371991,2025-06-10 09:38:46,42.4538383483887,-8.92342758178711,"Female"
"9004158",371991,2025-06-10 09:43:46,42.4540138244629,-8.92331981658936,"Female"
"9004158",371991,2025-06-10 09:48:46,42.4544143676758,-8.92296600341797,"Female"
"9004158",371991,2025-06-10 09:53:46,42.4542541503906,-8.92342758178711,"Female"
"9004158",371991,2025-06-10 09:58:59,42.4543075561523,-8.9229621887207,"Female"
"9004158",371991,2025-06-10 10:04:04,42.4541244506836,-8.92321109771729,"Female"
"9004158",371991,2025-06-10 10:09:02,42.4540786743164,-8.92344951629639,"Female"
"9004158",371991,2025-06-10 10:13:54,42.4536399841309,-8.92322540283203,"Female"
"9004158",371991,2025-06-10 10:18:53,42.4534950256348,-8.92300319671631,"Female"
"9004158",371991,2025-06-10 10:23:54,42.452880859375,-8.92398166656494,"Female"
"9004158",371991,2025-06-10 10:29:11,42.4520111083984,-8.92425537109375,"Female"
"9004158",371991,2025-06-10 10:39:32,42.4529495239258,-8.92380619049072,"Female"
"9004158",371991,2025-06-10 10:44:34,42.4529762268066,-8.92383575439453,"Female"
"9004158",371991,2025-06-10 10:49:38,42.4529838562012,-8.92379665374756,"Female"
"9004158",371991,2025-06-10 10:54:36,42.4530067443848,-8.92377090454102,"Female"
"9004158",371991,2025-06-10 10:59:38,42.4529876708984,-8.92382621765137,"Female"
"9004158",371991,2025-06-10 11:04:46,42.4529914855957,-8.92381381988525,"Female"
"9004158",371991,2025-06-10 11:09:45,42.4530754089355,-8.92348098754883,"Female"
"9004158",371991,2025-06-10 11:14:38,42.4530258178711,-8.92350006103516,"Female"
"9004158",371991,2025-06-10 11:19:42,42.4530334472656,-8.92366886138916,"Female"
"9004158",371991,2025-06-10 11:24:43,42.4530029296875,-8.92371845245361,"Female"
"9004158",371991,2025-06-10 11:29:42,42.4529571533203,-8.92384433746338,"Female"
"9004158",371991,2025-06-10 11:34:32,42.452953338623,-8.92382907867432,"Female"
"9004158",371991,2025-06-10 11:40:05,42.4529647827148,-8.92371082305908,"Female"
"9004158",371991,2025-06-10 11:44:31,42.4529571533203,-8.92368030548096,"Female"
"9004158",371991,2025-06-10 11:49:32,42.453052520752,-8.92329692840576,"Female"
"9004158",371991,2025-06-10 11:54:32,42.4529762268066,-8.92349147796631,"Female"
"9004158",371991,2025-06-10 11:59:34,42.4530639648438,-8.92375659942627,"Female"
"9004158",371991,2025-06-10 12:04:32,42.4531402587891,-8.92364025115967,"Female"
"9004158",371991,2025-06-10 12:09:39,42.4530487060547,-8.92373847961426,"Female"
"9004158",371991,2025-06-10 12:14:39,42.4531784057617,-8.92406463623047,"Female"
"9004158",371991,2025-06-10 12:19:44,42.4528770446777,-8.92337512969971,"Female"
"9004158",371991,2025-06-10 12:24:42,42.4527473449707,-8.92350101470947,"Female"
"9004158",371991,2025-06-10 12:30:52,42.4517669677734,-8.9243688583374,"Female"
"9004158",371991,2025-06-10 12:34:32,42.4521789550781,-8.92391967773438,"Female"
"9004158",371991,2025-06-10 12:40:30,42.4532852172852,-8.92345714569092,"Female"
"9004158",371991,2025-06-10 12:44:33,42.4534492492676,-8.92315196990967,"Female"
"9004158",371991,2025-06-10 12:49:32,42.4546051025391,-8.92294216156006,"Female"
"9004158",371991,2025-06-10 12:59:59,42.4554252624512,-8.92149925231934,"Female"
"9004158",371991,2025-06-10 13:05:23,42.455810546875,-8.9204683303833,"Female"
"9004158",371991,2025-06-10 13:09:56,42.4555892944336,-8.91947841644287,"Female"
"9004158",371991,2025-06-10 13:14:55,42.455150604248,-8.91964626312256,"Female"
"9004158",371991,2025-06-10 13:19:54,42.4547309875488,-8.92165851593018,"Female"
"9004158",371991,2025-06-10 13:25:06,42.4553451538086,-8.92178344726562,"Female"
"9004158",371991,2025-06-10 13:29:57,42.456226348877,-8.92173004150391,"Female"
"9004158",371991,2025-06-10 13:35:07,42.4554061889648,-8.92177200317383,"Female"
"9004158",371991,2025-06-10 13:39:55,42.455150604248,-8.92173671722412,"Female"
"9004158",371991,2025-06-10 13:45:14,42.4552917480469,-8.92180252075195,"Female"
"9004158",371991,2025-06-10 13:49:54,42.4552955627441,-8.92180633544922,"Female"
"9004158",371991,2025-06-10 13:54:54,42.4552803039551,-8.92181205749512,"Female"
"9004158",371991,2025-06-10 13:59:54,42.4552459716797,-8.92184638977051,"Female"
"9004158",371991,2025-06-10 14:04:58,42.4546279907227,-8.92200374603271,"Female"
"9004158",371991,2025-06-10 14:09:55,42.4552879333496,-8.92181396484375,"Female"
"9004158",371991,2025-06-10 14:14:54,42.4551200866699,-8.92183494567871,"Female"
"9004158",371991,2025-06-10 14:19:54,42.4551048278809,-8.92186069488525,"Female"
"9004158",371991,2025-06-10 14:24:54,42.4553260803223,-8.92182064056396,"Female"
"9004158",371991,2025-06-10 14:30:03,42.4547920227051,-8.92263126373291,"Female"
"9004158",371991,2025-06-10 14:35:38,42.4538421630859,-8.9236888885498,"Female"
"9004158",371991,2025-06-10 14:40:52,42.4531021118164,-8.92325496673584,"Female"
"9004158",371991,2025-06-10 14:47:21,42.4519805908203,-8.92452907562256,"Female"
"9004158",371991,2025-06-10 14:51:24,42.4519309997559,-8.9244270324707,"Female"
"9004158",371991,2025-06-10 14:57:44,42.4518203735352,-8.92412185668945,"Female"
"9004158",371991,2025-06-10 15:02:30,42.4515800476074,-8.92325115203857,"Female"
"9004158",371991,2025-06-10 15:07:44,42.4514236450195,-8.92323970794678,"Female"
"9004158",371991,2025-06-10 15:12:19,42.451286315918,-8.92319107055664,"Female"
"9004158",371991,2025-06-10 15:17:23,42.4512786865234,-8.92338848114014,"Female"
"9004158",371991,2025-06-10 15:22:22,42.4514846801758,-8.92331218719482,"Female"
"9004158",371991,2025-06-10 15:27:24,42.4512786865234,-8.92313003540039,"Female"
"9004158",371991,2025-06-10 15:32:24,42.4514122009277,-8.92324542999268,"Female"
"9004158",371991,2025-06-10 15:37:24,42.4514694213867,-8.92315292358398,"Female"
"9004158",371991,2025-06-10 15:42:24,42.4513626098633,-8.923020362854,"Female"
"9004158",371991,2025-06-10 15:47:49,42.4516181945801,-8.9243860244751,"Female"
"9004158",371991,2025-06-10 15:52:16,42.4527626037598,-8.92452907562256,"Female"
"9004158",371991,2025-06-10 15:57:17,42.4515075683594,-8.92323112487793,"Female"
"9004158",371991,2025-06-10 16:02:16,42.4515762329102,-8.92319774627686,"Female"
"9004158",371991,2025-06-10 16:07:16,42.4515342712402,-8.92320251464844,"Female"
"9004158",371991,2025-06-10 16:12:16,42.4515380859375,-8.92313289642334,"Female"
"9004158",371991,2025-06-10 16:17:16,42.451545715332,-8.9232292175293,"Female"
"9004158",371991,2025-06-10 16:22:16,42.4515609741211,-8.92317295074463,"Female"
"9004158",371991,2025-06-10 16:27:17,42.4517440795898,-8.92329692840576,"Female"
"9004158",371991,2025-06-10 16:32:32,42.4514503479004,-8.92313671112061,"Female"
"9004158",371991,2025-06-10 16:37:22,42.4513931274414,-8.92309474945068,"Female"
"9004158",371991,2025-06-10 16:42:33,42.451530456543,-8.92315673828125,"Female"
"9004158",371991,2025-06-10 16:47:18,42.4514694213867,-8.92308044433594,"Female"
"9004158",371991,2025-06-10 16:52:24,42.4515037536621,-8.92315196990967,"Female"
"9004158",371991,2025-06-10 16:57:17,42.4522743225098,-8.92348098754883,"Female"
"9004158",371991,2025-06-10 17:02:18,42.4523048400879,-8.92441272735596,"Female"
"9004158",371991,2025-06-10 17:07:44,42.4531860351562,-8.92373085021973,"Female"
"9004158",371991,2025-06-10 17:12:21,42.4537734985352,-8.92355442047119,"Female"
"9004158",371991,2025-06-10 17:17:37,42.4546813964844,-8.92337512969971,"Female"
"9004158",371991,2025-06-10 17:22:25,42.4552841186523,-8.92206573486328,"Female"
"9004158",371991,2025-06-10 17:27:18,42.4555320739746,-8.92137622833252,"Female"
"9004158",371991,2025-06-10 17:32:19,42.4552345275879,-8.92175006866455,"Female"
"9004158",371991,2025-06-10 17:37:17,42.4552192687988,-8.92171287536621,"Female"
"9004158",371991,2025-06-10 17:42:21,42.4552307128906,-8.92179775238037,"Female"
"9004158",371991,2025-06-10 17:47:24,42.4552268981934,-8.92178249359131,"Female"
"9004158",371991,2025-06-10 17:52:17,42.4550933837891,-8.92149543762207,"Female"
"9004158",371991,2025-06-10 17:57:24,42.4552459716797,-8.92180347442627,"Female"
"9004158",371991,2025-06-10 18:02:24,42.4552459716797,-8.92178821563721,"Female"
"9004158",371991,2025-06-10 18:07:24,42.4552688598633,-8.92186641693115,"Female"
"9004158",371991,2025-06-10 18:12:24,42.4552345275879,-8.92177486419678,"Female"
"9004158",371991,2025-06-10 18:17:24,42.4552574157715,-8.92182064056396,"Female"
"9004158",371991,2025-06-10 18:22:25,42.438793182373,-8.92113494873047,"Female"
"9004158",371991,2025-06-10 18:27:43,42.4294929504395,-8.92074775695801,"Female"
"9004158",371991,2025-06-10 18:32:17,42.4101676940918,-8.92106342315674,"Female"
"9004158",371991,2025-06-10 18:37:45,42.4006805419922,-8.92208385467529,"Female"
"9004158",371991,2025-06-10 18:42:34,42.399600982666,-8.92201709747314,"Female"
"9004158",371991,2025-06-10 18:48:22,42.3996734619141,-8.92214202880859,"Female"
"9004158",371991,2025-06-10 18:52:22,42.3989639282227,-8.92275142669678,"Female"
"9004158",371991,2025-06-10 18:57:22,42.3997077941895,-8.92177200317383,"Female"
"9004158",371991,2025-06-10 19:02:24,42.3999557495117,-8.92202091217041,"Female"
"9004158",371991,2025-06-10 19:07:20,42.3995246887207,-8.92187309265137,"Female"
"9004158",371991,2025-06-10 19:12:22,42.3992919921875,-8.92192554473877,"Female"
"9004158",371991,2025-06-10 19:17:21,42.3992042541504,-8.92203140258789,"Female"
"9004158",371991,2025-06-10 19:22:24,42.3993873596191,-8.92212104797363,"Female"
"9004158",371991,2025-06-10 19:27:28,42.3992118835449,-8.92220592498779,"Female"
"9004158",371991,2025-06-10 19:32:45,42.4000930786133,-8.92301845550537,"Female"
"9004158",371991,2025-06-10 19:37:21,42.3998374938965,-8.92300796508789,"Female"
"9004158",371991,2025-06-10 19:42:21,42.3996276855469,-8.92384624481201,"Female"
"9004158",371991,2025-06-10 19:48:40,42.3995170593262,-8.92191696166992,"Female"
"9004158",371991,2025-06-10 19:52:22,42.3992691040039,-8.92204666137695,"Female"
"9004158",371991,2025-06-10 19:57:24,42.399169921875,-8.92179489135742,"Female"
"9004158",371991,2025-06-10 20:02:20,42.3981475830078,-8.92187786102295,"Female"
"9004158",371991,2025-06-10 20:07:18,42.3991966247559,-8.9217700958252,"Female"
"9004158",371991,2025-06-10 20:12:22,42.3999900817871,-8.92331695556641,"Female"
"9004158",371991,2025-06-10 20:17:22,42.3999900817871,-8.92369747161865,"Female"
"9004158",371991,2025-06-10 20:22:23,42.3994445800781,-8.92250442504883,"Female"
"9004158",371991,2025-06-10 20:27:18,42.3994789123535,-8.92269897460938,"Female"
"9004158",371991,2025-06-10 20:32:19,42.399486541748,-8.92220401763916,"Female"
"9004158",371991,2025-06-10 20:37:19,42.3994827270508,-8.92239665985107,"Female"
"9004158",371991,2025-06-10 20:42:29,42.3994293212891,-8.92240715026855,"Female"
"9004158",371991,2025-06-10 20:47:18,42.399543762207,-8.92211532592773,"Female"
"9004158",371991,2025-06-10 20:52:25,42.3994598388672,-8.9222354888916,"Female"
"9004158",371991,2025-06-10 20:57:16,42.3991546630859,-8.9227466583252,"Female"
"9004158",371991,2025-06-10 21:02:22,42.3991394042969,-8.9221658706665,"Female"
"9004158",371991,2025-06-10 21:07:22,42.3990745544434,-8.9222354888916,"Female"
"9004158",371991,2025-06-10 21:12:27,42.3992881774902,-8.92220497131348,"Female"
"9004158",371991,2025-06-10 21:17:28,42.3993225097656,-8.92222785949707,"Female"
"9004158",371991,2025-06-10 21:22:28,42.3994483947754,-8.92199230194092,"Female"
"9004158",371991,2025-06-10 21:27:44,42.3991851806641,-8.92225742340088,"Female"
"9004158",371991,2025-06-10 21:32:21,42.3991546630859,-8.9221305847168,"Female"
"9004158",371991,2025-06-10 21:37:17,42.3988494873047,-8.9221248626709,"Female"
"9004158",371991,2025-06-10 21:42:53,42.3993263244629,-8.92203426361084,"Female"
"9004158",371991,2025-06-10 21:47:18,42.3993301391602,-8.92205810546875,"Female"
"9004158",371991,2025-06-10 21:52:18,42.3993034362793,-8.92215633392334,"Female"
"9004158",371991,2025-06-10 21:57:21,42.3992958068848,-8.92216014862061,"Female"
"9004158",371991,2025-06-10 22:02:18,42.3991584777832,-8.92236423492432,"Female"
"9004158",371991,2025-06-10 22:07:18,42.3995323181152,-8.92209148406982,"Female"
"9004158",371991,2025-06-10 22:12:19,42.3995246887207,-8.92223262786865,"Female"
"9004158",371991,2025-06-10 22:17:24,42.3996086120605,-8.92249774932861,"Female"
"9004158",371991,2025-06-10 22:22:22,42.3994140625,-8.92218685150146,"Female"
"9004158",371991,2025-06-10 22:27:24,42.3993949890137,-8.92270851135254,"Female"
"9004158",371991,2025-06-10 22:33:00,42.3994750976562,-8.92239093780518,"Female"
"9004158",371991,2025-06-10 22:37:21,42.3994216918945,-8.9224100112915,"Female"
"9004158",371991,2025-06-10 22:42:28,42.3995170593262,-8.92258739471436,"Female"
"9004158",371991,2025-06-10 22:47:25,42.3995246887207,-8.92290306091309,"Female"
"9004158",371991,2025-06-10 22:52:21,42.3997611999512,-8.92199420928955,"Female"
"9004158",371991,2025-06-10 22:57:27,42.399242401123,-8.92146873474121,"Female"
"9004158",371991,2025-06-10 23:02:24,42.4001884460449,-8.92212295532227,"Female"
"9004158",371991,2025-06-10 23:07:24,42.3984184265137,-8.92199420928955,"Female"
"9004158",371991,2025-06-10 23:12:24,42.3994331359863,-8.92241764068604,"Female"
"9004158",371991,2025-06-10 23:17:19,42.3993873596191,-8.92238235473633,"Female"
"9004158",371991,2025-06-10 23:22:19,42.3995704650879,-8.92226219177246,"Female"
"9004158",371991,2025-06-10 23:27:35,42.3994827270508,-8.92230796813965,"Female"
"9004158",371991,2025-06-10 23:32:36,42.3994407653809,-8.92244243621826,"Female"
"9004158",371991,2025-06-10 23:38:02,42.3994255065918,-8.92227172851562,"Female"
"9004158",371991,2025-06-10 23:42:24,42.3994255065918,-8.92260265350342,"Female"
"9004158",371991,2025-06-10 23:47:24,42.3993644714355,-8.9221773147583,"Female"
"9004158",371991,2025-06-10 23:52:24,42.3993873596191,-8.92213535308838,"Female"
"9004158",371991,2025-06-10 23:57:24,42.3993797302246,-8.9219856262207,"Female"
"9004158",371991,2025-06-11 00:02:21,42.3993263244629,-8.92226696014404,"Female"
"9004158",371991,2025-06-11 00:07:23,42.3993301391602,-8.92256641387939,"Female"
"9004158",371991,2025-06-11 00:12:21,42.3993301391602,-8.92258358001709,"Female"
"9004158",371991,2025-06-11 00:17:57,42.3992691040039,-8.92230701446533,"Female"
"9004158",371991,2025-06-11 00:22:34,42.3992652893066,-8.92260360717773,"Female"
"9004158",371991,2025-06-11 00:27:28,42.3993339538574,-8.92231845855713,"Female"
"9004158",371991,2025-06-11 00:32:28,42.3992919921875,-8.92222499847412,"Female"
"9004158",371991,2025-06-11 00:37:28,42.3993721008301,-8.92228889465332,"Female"
"9004158",371991,2025-06-11 00:42:49,42.3996276855469,-8.92231178283691,"Female"
"9004158",371991,2025-06-11 00:47:21,42.3995666503906,-8.92219066619873,"Female"
"9004158",371991,2025-06-11 00:52:22,42.3995513916016,-8.92221641540527,"Female"
"9004158",371991,2025-06-11 00:57:19,42.3994331359863,-8.92198848724365,"Female"
"9004158",371991,2025-06-11 01:02:22,42.399471282959,-8.92219257354736,"Female"
"9004158",371991,2025-06-11 01:07:17,42.3997383117676,-8.92249393463135,"Female"
"9004158",371991,2025-06-11 01:12:20,42.3999481201172,-8.92287540435791,"Female"
"9004158",371991,2025-06-11 01:17:19,42.3994064331055,-8.92231750488281,"Female"
"9004158",371991,2025-06-11 01:22:23,42.3996887207031,-8.92297267913818,"Female"
"9004158",371991,2025-06-11 01:27:31,42.3995361328125,-8.92262649536133,"Female"
"9004158",371991,2025-06-11 01:32:37,42.3993301391602,-8.92228317260742,"Female"
"9004158",371991,2025-06-11 01:37:28,42.3995780944824,-8.92283821105957,"Female"
"9004158",371991,2025-06-11 01:42:28,42.3995208740234,-8.92284297943115,"Female"
"9004158",371991,2025-06-11 01:47:45,42.399341583252,-8.92232990264893,"Female"
"9004158",371991,2025-06-11 01:52:26,42.3994674682617,-8.92265605926514,"Female"
"9004158",371991,2025-06-11 01:58:05,42.3994064331055,-8.92233943939209,"Female"
"9004158",371991,2025-06-11 02:02:24,42.3990325927734,-8.92275047302246,"Female"
"9004158",371991,2025-06-11 02:08:15,42.3994750976562,-8.92227554321289,"Female"
"9004158",371991,2025-06-11 02:12:21,42.3998756408691,-8.92247581481934,"Female"
"9004158",371991,2025-06-11 02:17:30,42.3999824523926,-8.92238330841064,"Female"
"9004158",371991,2025-06-11 02:22:25,42.3999404907227,-8.92235946655273,"Female"
"9004158",371991,2025-06-11 02:28:21,42.3996276855469,-8.92230319976807,"Female"
"9004158",371991,2025-06-11 02:33:40,42.3995361328125,-8.92221641540527,"Female"
"9004158",371991,2025-06-11 02:38:40,42.399528503418,-8.92239189147949,"Female"
"9004158",371991,2025-06-11 02:43:40,42.3994903564453,-8.92228698730469,"Female"
"9004158",371991,2025-06-11 02:48:15,42.3995246887207,-8.92226600646973,"Female"
"9004158",371991,2025-06-11 02:52:24,42.3995399475098,-8.92220783233643,"Female"
"9004158",371991,2025-06-11 02:57:22,42.3994140625,-8.92208862304688,"Female"
"9004158",371991,2025-06-11 03:02:23,42.3992958068848,-8.9223804473877,"Female"
"9004158",371991,2025-06-11 03:07:21,42.3993911743164,-8.92219638824463,"Female"
"9004158",371991,2025-06-11 03:12:19,42.3991279602051,-8.92177200317383,"Female"
"9004158",371991,2025-06-11 03:17:30,42.399169921875,-8.92222690582275,"Female"
"9004158",371991,2025-06-11 03:22:21,42.3993606567383,-8.92212200164795,"Female"
"9004158",371991,2025-06-11 03:27:18,42.399097442627,-8.92192840576172,"Female"
"9004158",371991,2025-06-11 03:32:24,42.3993835449219,-8.92233180999756,"Female"
"9004158",371991,2025-06-11 03:37:23,42.3994369506836,-8.92224788665771,"Female"
"9004158",371991,2025-06-11 03:42:24,42.399242401123,-8.92241382598877,"Female"
"9004158",371991,2025-06-11 03:47:27,42.3993453979492,-8.92215538024902,"Female"
"9004158",371991,2025-06-11 03:52:28,42.3994140625,-8.92186737060547,"Female"
"9004158",371991,2025-06-11 03:58:15,42.399486541748,-8.92197895050049,"Female"
"9004158",371991,2025-06-11 04:02:21,42.3995399475098,-8.92205810546875,"Female"
"9004158",371991,2025-06-11 04:07:32,42.3995590209961,-8.92189884185791,"Female"
"9004158",371991,2025-06-11 04:12:18,42.399528503418,-8.92187786102295,"Female"
"9004158",371991,2025-06-11 04:18:14,42.3994598388672,-8.92225456237793,"Female"
"9004158",371991,2025-06-11 04:23:40,42.3990211486816,-8.92240333557129,"Female"
"9004158",371991,2025-06-11 04:28:40,42.3991165161133,-8.92240619659424,"Female"
"9004158",371991,2025-06-11 04:32:50,42.3991241455078,-8.92218399047852,"Female"
"9004158",371991,2025-06-11 04:37:18,42.3992233276367,-8.92216968536377,"Female"
"9004158",371991,2025-06-11 04:42:17,42.3996353149414,-8.92227363586426,"Female"
"9004158",371991,2025-06-11 04:47:17,42.3996810913086,-8.92244052886963,"Female"
"9004158",371991,2025-06-11 04:52:18,42.3997993469238,-8.92422103881836,"Female"
"9004158",371991,2025-06-11 04:57:23,42.3993225097656,-8.92210578918457,"Female"
"9004158",371991,2025-06-11 05:02:21,42.3994102478027,-8.92162227630615,"Female"
"9004158",371991,2025-06-11 05:07:22,42.3994750976562,-8.92273998260498,"Female"
"9004158",371991,2025-06-11 05:12:21,42.3992118835449,-8.9219274520874,"Female"
"9004158",371991,2025-06-11 05:17:18,42.3991737365723,-8.9223461151123,"Female"
"9004158",371991,2025-06-11 05:22:17,42.3977966308594,-8.92029857635498,"Female"
"9004158",371991,2025-06-11 05:27:18,42.3978042602539,-8.92036056518555,"Female"
"9004158",371991,2025-06-11 05:32:17,42.3978118896484,-8.92037105560303,"Female"
"9004158",371991,2025-06-11 05:37:17,42.3978042602539,-8.92028141021729,"Female"
"9004158",371991,2025-06-11 05:42:17,42.3977966308594,-8.92031478881836,"Female"
"9004158",371991,2025-06-11 05:47:17,42.3977813720703,-8.92030811309814,"Female"
"9004158",371991,2025-06-11 05:52:17,42.3977890014648,-8.92031764984131,"Female"
"9004158",371991,2025-06-11 05:57:17,42.3977584838867,-8.92027282714844,"Female"
"9004158",371991,2025-06-11 06:02:17,42.3977546691895,-8.92025756835938,"Female"
"9004158",371991,2025-06-11 06:07:17,42.3978004455566,-8.92024707794189,"Female"
"9004158",371991,2025-06-11 06:12:17,42.3977165222168,-8.9201831817627,"Female"
"9004158",371991,2025-06-11 06:17:17,42.3976974487305,-8.9202184677124,"Female"
"9004158",371991,2025-06-11 06:22:18,42.3977508544922,-8.92024993896484,"Female"
"9004158",371991,2025-06-11 06:27:18,42.396842956543,-8.92043113708496,"Female"
"9004158",371991,2025-06-11 06:32:21,42.3977661132812,-8.92023658752441,"Female"
"9004158",371991,2025-06-11 06:37:18,42.3976402282715,-8.9201021194458,"Female"
"9004158",371991,2025-06-11 06:42:17,42.3979568481445,-8.91175651550293,"Female"
"9004158",371991,2025-06-11 06:47:17,42.4024467468262,-8.89516830444336,"Female"
"9004158",371991,2025-06-11 06:52:19,42.3988304138184,-8.89770603179932,"Female"
"9004158",371991,2025-06-11 06:57:18,42.3995361328125,-8.90800380706787,"Female"
"9004158",371991,2025-06-11 07:03:12,42.400089263916,-8.908034324646,"Female"
"9004158",371991,2025-06-11 07:08:12,42.3974075317383,-8.90399837493896,"Female"
"9004158",371991,2025-06-11 07:13:15,42.4037132263184,-8.89987277984619,"Female"
"9004158",371991,2025-06-11 07:18:53,42.406867980957,-8.90100479125977,"Female"
"9004158",371991,2025-06-11 07:24:27,42.405632019043,-8.90075874328613,"Female"
"9004158",371991,2025-06-11 07:30:19,42.4068374633789,-8.89894676208496,"Female"
"9004158",371991,2025-06-11 07:36:05,42.4070816040039,-8.89890956878662,"Female"
"9004158",371991,2025-06-11 07:40:16,42.4298286437988,-8.91012191772461,"Female"
"9004158",371991,2025-06-11 07:45:21,42.4521369934082,-8.92345428466797,"Female"
"9004158",371991,2025-06-11 07:50:23,42.4521560668945,-8.9233922958374,"Female"
"9004158",371991,2025-06-11 07:55:17,42.4522895812988,-8.92358112335205,"Female"
"9004158",371991,2025-06-11 08:00:22,42.4521942138672,-8.92345809936523,"Female"
"9004158",371991,2025-06-11 08:05:18,42.4521675109863,-8.92321491241455,"Female"
"9004158",371991,2025-06-11 08:10:21,42.4522285461426,-8.92343521118164,"Female"
"9004158",371991,2025-06-11 08:15:21,42.452465057373,-8.924241065979,"Female"
"9004158",371991,2025-06-11 08:20:18,42.4527969360352,-8.92391872406006,"Female"
"9004158",371991,2025-06-11 08:25:24,42.4528503417969,-8.92322063446045,"Female"
"9004158",371991,2025-06-11 08:33:15,42.4516410827637,-8.92193698883057,"Female"
"9004158",371991,2025-06-11 08:38:36,42.4526710510254,-8.92312908172607,"Female"
"9004158",371991,2025-06-11 08:43:43,42.453483581543,-8.92295551300049,"Female"
"9004158",371991,2025-06-11 08:48:31,42.4534378051758,-8.92298984527588,"Female"
"9004158",371991,2025-06-11 08:53:33,42.4534721374512,-8.92306137084961,"Female"
"9004158",371991,2025-06-11 08:58:31,42.4534454345703,-8.92299556732178,"Female"
"9004158",371991,2025-06-11 09:03:29,42.4530372619629,-8.92098426818848,"Female"
"9004158",371991,2025-06-11 09:08:44,42.4533653259277,-8.92314720153809,"Female"
"9004158",371991,2025-06-11 09:13:26,42.4533729553223,-8.923171043396,"Female"
"9004158",371991,2025-06-11 09:18:26,42.453369140625,-8.92317867279053,"Female"
"9004158",371991,2025-06-11 09:23:26,42.4533500671387,-8.92326068878174,"Female"
"9004158",371991,2025-06-11 09:28:26,42.4533500671387,-8.92314910888672,"Female"
"9004158",371991,2025-06-11 09:33:40,42.4532470703125,-8.92281436920166,"Female"
"9004158",371991,2025-06-11 09:38:43,42.4532051086426,-8.92279243469238,"Female"
"9004158",371991,2025-06-11 09:43:57,42.4539489746094,-8.92288494110107,"Female"
"9004158",371991,2025-06-11 10:05:23,42.4532585144043,-8.92393970489502,"Female"
"9004158",371991,2025-06-11 10:09:13,42.452808380127,-8.92346477508545,"Female"
"9004158",371991,2025-06-11 10:14:10,42.4537353515625,-8.92291927337646,"Female"
"9004158",371991,2025-06-11 10:19:41,42.455436706543,-8.92211723327637,"Female"
"9004158",371991,2025-06-11 10:24:46,42.4556732177734,-8.92158031463623,"Female"
"9004158",371991,2025-06-11 10:29:58,42.4551963806152,-8.92132186889648,"Female"
"9004158",371991,2025-06-11 10:35:01,42.4546165466309,-8.92267894744873,"Female"
"9004158",371991,2025-06-11 10:39:57,42.4543991088867,-8.92333221435547,"Female"
"9004158",371991,2025-06-11 10:44:57,42.4541091918945,-8.923583984375,"Female"
"9004158",371991,2025-06-11 10:50:08,42.4540672302246,-8.92336463928223,"Female"
"9004158",371991,2025-06-11 10:55:06,42.4539527893066,-8.92337799072266,"Female"
"9004158",371991,2025-06-11 11:00:14,42.4539527893066,-8.92337036132812,"Female"
"9004158",371991,2025-06-11 11:05:00,42.4540748596191,-8.92297267913818,"Female"
"9004158",371991,2025-06-11 11:10:06,42.4539070129395,-8.9233341217041,"Female"
"9004158",371991,2025-06-11 11:14:58,42.453971862793,-8.92270755767822,"Female"
"9004158",371991,2025-06-11 11:20:04,42.4539222717285,-8.92332649230957,"Female"
"9004158",371991,2025-06-11 11:24:58,42.4539108276367,-8.92349147796631,"Female"
"9004158",371991,2025-06-11 11:29:59,42.4539337158203,-8.92368793487549,"Female"
"9004158",371991,2025-06-11 11:34:58,42.4538726806641,-8.9239673614502,"Female"
"9004158",371991,2025-06-11 11:39:58,42.454044342041,-8.92357635498047,"Female"
"9004158",371991,2025-06-11 11:44:58,42.4539794921875,-8.92341136932373,"Female"
"9004158",371991,2025-06-11 11:50:14,42.4538497924805,-8.92337512969971,"Female"
"9004158",371991,2025-06-11 11:54:57,42.4538269042969,-8.92356586456299,"Female"
"9004158",371991,2025-06-11 12:00:00,42.4541130065918,-8.92352867126465,"Female"
"9004158",371991,2025-06-11 12:05:16,42.453784942627,-8.92331695556641,"Female"
"9004158",371991,2025-06-11 12:10:40,42.4530181884766,-8.92306137084961,"Female"
"9004158",371991,2025-06-11 12:15:38,42.4533729553223,-8.92341423034668,"Female"
"9004158",371991,2025-06-11 12:20:45,42.4538764953613,-8.92355823516846,"Female"
"9004158",371991,2025-06-11 12:26:35,42.4535255432129,-8.92290115356445,"Female"
"9004158",371991,2025-06-11 12:31:39,42.4522895812988,-8.92312908172607,"Female"
"9004158",371991,2025-06-11 12:36:53,42.4524078369141,-8.92343902587891,"Female"
"9004158",371991,2025-06-11 12:41:39,42.4524459838867,-8.9232759475708,"Female"
"9004158",371991,2025-06-11 12:51:49,42.4521865844727,-8.92321968078613,"Female"
"9004158",371991,2025-06-11 12:55:28,42.4523162841797,-8.92263698577881,"Female"
"9004158",371991,2025-06-11 13:00:36,42.4523315429688,-8.92318344116211,"Female"
"9004158",371991,2025-06-11 13:05:31,42.4522819519043,-8.92317581176758,"Female"
"9004158",371991,2025-06-11 13:10:36,42.4522323608398,-8.92315864562988,"Female"
"9004158",371991,2025-06-11 13:15:36,42.4522972106934,-8.92318916320801,"Female"
"9004158",371991,2025-06-11 13:20:36,42.4523429870605,-8.92319965362549,"Female"
"9004158",371991,2025-06-11 13:25:29,42.4521064758301,-8.92357540130615,"Female"
"9004158",371991,2025-06-11 13:30:36,42.4520530700684,-8.92323589324951,"Female"
"9004158",371991,2025-06-11 13:36:00,42.4523162841797,-8.9236307144165,"Female"
"9004158",371991,2025-06-11 13:40:55,42.4520111083984,-8.92488574981689,"Female"
"9004158",371991,2025-06-11 13:45:59,42.4523735046387,-8.92376041412354,"Female"
"9004158",371991,2025-06-11 13:53:35,42.4531784057617,-8.92349433898926,"Female"
"9004158",371991,2025-06-11 13:58:14,42.4536476135254,-8.92378902435303,"Female"
"9004158",371991,2025-06-11 14:04:09,42.4540519714355,-8.92299842834473,"Female"
"9004158",371991,2025-06-11 14:09:23,42.45458984375,-8.92308330535889,"Female"
"9004158",371991,2025-06-11 14:15:27,42.4550170898438,-8.9218282699585,"Female"
"9004158",371991,2025-06-11 14:20:59,42.4553909301758,-8.92079448699951,"Female"
"9004158",371991,2025-06-11 14:26:26,42.4546203613281,-8.91976070404053,"Female"
"9004158",371991,2025-06-11 14:31:58,42.4553451538086,-8.91985321044922,"Female"
"9004158",371991,2025-06-11 14:36:56,42.455997467041,-8.91989803314209,"Female"
"9004158",371991,2025-06-11 14:41:55,42.4552574157715,-8.92159271240234,"Female"
"9004158",371991,2025-06-11 14:46:55,42.4553070068359,-8.92174530029297,"Female"
"9004158",371991,2025-06-11 14:51:55,42.4553604125977,-8.92193794250488,"Female"
"9004158",371991,2025-06-11 14:56:55,42.4552803039551,-8.92170333862305,"Female"
"9004158",371991,2025-06-11 15:01:56,42.4553909301758,-8.92195701599121,"Female"
"9004158",371991,2025-06-11 15:06:56,42.4521865844727,-8.92317008972168,"Female"
"9004158",371991,2025-06-11 15:11:56,42.4521789550781,-8.92322540283203,"Female"
"9004158",371991,2025-06-11 15:16:55,42.4521675109863,-8.92316436767578,"Female"
"9004158",371991,2025-06-11 15:22:00,42.4523048400879,-8.92341995239258,"Female"
"9004158",371991,2025-06-11 15:27:06,42.4521255493164,-8.92311763763428,"Female"
"9004158",371991,2025-06-11 15:32:06,42.4521255493164,-8.92311954498291,"Female"
"9004158",371991,2025-06-11 15:37:06,42.4520950317383,-8.92308235168457,"Female"
"9004158",371991,2025-06-11 15:42:06,42.4519195556641,-8.92285633087158,"Female"
"9004158",371991,2025-06-11 15:47:14,42.4521980285645,-8.92321681976318,"Female"
"9004158",371991,2025-06-11 15:51:55,42.4521789550781,-8.92323589324951,"Female"
"9004158",371991,2025-06-11 15:56:55,42.4521217346191,-8.92313194274902,"Female"
"9004158",371991,2025-06-11 16:01:55,42.452075958252,-8.92305755615234,"Female"
"9004158",371991,2025-06-11 16:06:55,42.4521064758301,-8.92311573028564,"Female"
"9004158",371991,2025-06-11 16:11:55,42.4521064758301,-8.9231538772583,"Female"
"9004158",371991,2025-06-11 16:16:55,42.4521255493164,-8.92304801940918,"Female"
"9004158",371991,2025-06-11 16:21:55,42.452033996582,-8.92293548583984,"Female"
"9004158",371991,2025-06-11 16:26:56,42.4521331787109,-8.92315292358398,"Female"
"9004158",371991,2025-06-11 16:32:07,42.4522933959961,-8.92327880859375,"Female"
"9004158",371991,2025-06-11 16:37:14,42.4522514343262,-8.92332363128662,"Female"
"9004158",371991,2025-06-11 16:41:55,42.4528503417969,-8.92385959625244,"Female"
"9004158",371991,2025-06-11 16:46:55,42.4523582458496,-8.92357730865479,"Female"
"9004158",371991,2025-06-11 16:51:55,42.4523849487305,-8.92351913452148,"Female"
"9004158",371991,2025-06-11 16:56:55,42.452262878418,-8.92343425750732,"Female"
"9004158",371991,2025-06-11 17:01:55,42.4522933959961,-8.92362689971924,"Female"
"9004158",371991,2025-06-11 17:06:55,42.4524536132812,-8.92361545562744,"Female"
"9004158",371991,2025-06-11 17:11:55,42.4523086547852,-8.92358207702637,"Female"
"9004158",371991,2025-06-11 17:16:55,42.4523429870605,-8.92356586456299,"Female"
"9004158",371991,2025-06-11 17:21:55,42.4523735046387,-8.92368793487549,"Female"
"9004158",371991,2025-06-11 17:27:03,42.4503707885742,-8.92434883117676,"Female"
"9004158",371991,2025-06-11 17:32:29,42.4330673217773,-8.9249792098999,"Female"
"9004158",371991,2025-06-11 17:37:40,42.4127082824707,-8.92337703704834,"Female"
"9004158",371991,2025-06-11 17:42:31,42.3993759155273,-8.92224979400635,"Female"
"9004158",371991,2025-06-11 17:47:11,42.3992118835449,-8.92210578918457,"Female"
"9004158",371991,2025-06-11 17:52:04,42.3995552062988,-8.92215251922607,"Female"
"9004158",371991,2025-06-11 17:57:00,42.3999404907227,-8.92280387878418,"Female"
"9004158",371991,2025-06-11 18:02:06,42.4004287719727,-8.92220211029053,"Female"
"9004158",371991,2025-06-11 18:07:20,42.3994979858398,-8.92242336273193,"Female"
"9004158",371991,2025-06-11 18:12:03,42.3999900817871,-8.92242336273193,"Female"
"9004158",371991,2025-06-11 18:17:01,42.3995094299316,-8.9223051071167,"Female"
"9004158",371991,2025-06-11 18:22:00,42.3995895385742,-8.92201995849609,"Female"
"9004158",371991,2025-06-11 18:27:01,42.3994255065918,-8.92228221893311,"Female"
"9004158",371991,2025-06-11 18:31:59,42.3994140625,-8.92288875579834,"Female"
"9004158",371991,2025-06-11 18:36:58,42.3995895385742,-8.92228889465332,"Female"
"9004158",371991,2025-06-11 18:42:06,42.399242401123,-8.92224597930908,"Female"
"9004158",371991,2025-06-11 18:47:03,42.3990631103516,-8.92256259918213,"Female"
"9004158",371991,2025-06-11 18:52:04,42.3993225097656,-8.92239284515381,"Female"
"9004158",371991,2025-06-11 18:57:06,42.3990631103516,-8.92245388031006,"Female"
"9004158",371991,2025-06-11 19:02:08,42.3993682861328,-8.92226409912109,"Female"
"9004158",371991,2025-06-11 19:07:34,42.399543762207,-8.9221773147583,"Female"
"9004158",371991,2025-06-11 19:11:59,42.3993911743164,-8.92281246185303,"Female"
"9004158",371991,2025-06-11 19:16:59,42.3998641967773,-8.92341899871826,"Female"
"9004158",371991,2025-06-11 19:22:14,42.3994369506836,-8.92227745056152,"Female"
"9004158",371991,2025-06-11 19:26:59,42.3997573852539,-8.92317867279053,"Female"
"9004158",371991,2025-06-11 19:32:06,42.399299621582,-8.92209815979004,"Female"
"9004158",371991,2025-06-11 19:36:58,42.3998069763184,-8.92290115356445,"Female"
"9004158",371991,2025-06-11 19:41:59,42.4001312255859,-8.92320537567139,"Female"
"9004158",371991,2025-06-11 19:46:58,42.400634765625,-8.92412185668945,"Female"
"9004158",371991,2025-06-11 19:51:59,42.4004936218262,-8.92441844940186,"Female"
"9004158",371991,2025-06-11 19:56:59,42.4012413024902,-8.92579364776611,"Female"
"9004158",371991,2025-06-11 20:02:06,42.3994636535645,-8.92211532592773,"Female"
"9004158",371991,2025-06-11 20:06:57,42.3997039794922,-8.92206859588623,"Female"
"9004158",371991,2025-06-11 20:12:06,42.3994255065918,-8.92210006713867,"Female"
"9004158",371991,2025-06-11 20:17:03,42.3995704650879,-8.92218589782715,"Female"
"9004158",371991,2025-06-11 20:22:06,42.39990234375,-8.92253303527832,"Female"
"9004158",371991,2025-06-11 20:27:04,42.4000434875488,-8.9225902557373,"Female"
"9004158",371991,2025-06-11 20:32:06,42.399471282959,-8.92227363586426,"Female"
"9004158",371991,2025-06-11 20:37:14,42.3994064331055,-8.92202472686768,"Female"
"9004158",371991,2025-06-11 20:42:00,42.3993377685547,-8.92262554168701,"Female"
"9004158",371991,2025-06-11 20:47:06,42.399959564209,-8.92198276519775,"Female"
"9004158",371991,2025-06-11 20:51:56,42.3995399475098,-8.92294883728027,"Female"
"9004158",371991,2025-06-11 20:56:57,42.3993949890137,-8.92240905761719,"Female"
"9004158",371991,2025-06-11 21:01:58,42.3994674682617,-8.92238140106201,"Female"
"9004158",371991,2025-06-11 21:06:58,42.3997535705566,-8.92255115509033,"Female"
"9004158",371991,2025-06-11 21:11:59,42.3996810913086,-8.92270469665527,"Female"
"9004158",371991,2025-06-11 21:17:03,42.3994674682617,-8.92217826843262,"Female"
"9004158",371991,2025-06-11 21:22:29,42.3998069763184,-8.92197513580322,"Female"
"9004158",371991,2025-06-11 21:27:12,42.3996429443359,-8.92210578918457,"Female"
"9004158",371991,2025-06-11 21:32:15,42.3994178771973,-8.92210960388184,"Female"
"9004158",371991,2025-06-11 21:36:56,42.399055480957,-8.92232131958008,"Female"
"9004158",371991,2025-06-11 21:41:56,42.3992156982422,-8.92190837860107,"Female"
"9004158",371991,2025-06-11 21:47:37,42.3992538452148,-8.92190456390381,"Female"
"9004158",371991,2025-06-11 21:52:29,42.3992233276367,-8.9217414855957,"Female"
"9004158",371991,2025-06-11 21:56:59,42.3996200561523,-8.92234134674072,"Female"
"9004158",371991,2025-06-11 22:02:00,42.3991012573242,-8.92193222045898,"Female"
"9004158",371991,2025-06-11 22:06:57,42.3991851806641,-8.92173290252686,"Female"
"9004158",371991,2025-06-11 22:12:03,42.3992958068848,-8.92166805267334,"Female"
"9004158",371991,2025-06-11 22:17:12,42.3991279602051,-8.92175483703613,"Female"
"9004158",371991,2025-06-11 22:22:03,42.3992919921875,-8.92191028594971,"Female"
"9004158",371991,2025-06-11 22:27:05,42.399169921875,-8.92158317565918,"Female"
"9004158",371991,2025-06-11 22:33:19,42.3993949890137,-8.9220085144043,"Female"
"9004158",371991,2025-06-11 22:37:01,42.3994102478027,-8.92228031158447,"Female"
"9004158",371991,2025-06-11 22:42:34,42.3992805480957,-8.9218053817749,"Female"
"9004158",371991,2025-06-11 22:48:19,42.3993148803711,-8.9219970703125,"Female"
"9004158",371991,2025-06-11 22:53:19,42.3991851806641,-8.92226028442383,"Female"
"9004158",371991,2025-06-11 22:58:03,42.3991737365723,-8.92207145690918,"Female"
"9004158",371991,2025-06-11 23:01:55,42.3992652893066,-8.9221363067627,"Female"
"9004158",371991,2025-06-11 23:06:57,42.4001502990723,-8.92248153686523,"Female"
"9004158",371991,2025-06-11 23:11:55,42.399787902832,-8.92225933074951,"Female"
"9004158",371991,2025-06-11 23:16:57,42.3995208740234,-8.92219829559326,"Female"
"9004158",371991,2025-06-11 23:21:58,42.399787902832,-8.92234134674072,"Female"
"9004158",371991,2025-06-11 23:26:57,42.3994140625,-8.92229270935059,"Female"
"9004158",371991,2025-06-11 23:32:00,42.3990249633789,-8.92201519012451,"Female"
"9004158",371991,2025-06-11 23:36:55,42.3994636535645,-8.92217922210693,"Female"
"9004158",371991,2025-06-11 23:42:00,42.3993530273438,-8.92212104797363,"Female"
"9004158",371991,2025-06-11 23:46:58,42.3999366760254,-8.92241382598877,"Female"
"9004158",371991,2025-06-11 23:52:01,42.3992347717285,-8.9219331741333,"Female"
"9004158",371991,2025-06-11 23:56:58,42.4004096984863,-8.92213153839111,"Female"
"9004158",371991,2025-06-12 00:02:06,42.3993453979492,-8.92220211029053,"Female"
"9004158",371991,2025-06-12 00:07:00,42.3989753723145,-8.92201614379883,"Female"
"9004158",371991,2025-06-12 00:12:05,42.3992538452148,-8.92206954956055,"Female"
"9004158",371991,2025-06-12 00:17:15,42.3993873596191,-8.92201137542725,"Female"
"9004158",371991,2025-06-12 00:21:59,42.3995018005371,-8.92222213745117,"Female"
"9004158",371991,2025-06-12 00:26:58,42.3994369506836,-8.92207717895508,"Female"
"9004158",371991,2025-06-12 00:32:01,42.3989868164062,-8.92210006713867,"Female"
"9004158",371991,2025-06-12 00:37:00,42.3993606567383,-8.92202472686768,"Female"
"9004158",371991,2025-06-12 00:41:59,42.3996086120605,-8.92220211029053,"Female"
"9004158",371991,2025-06-12 00:47:14,42.3995895385742,-8.9223690032959,"Female"
"9004158",371991,2025-06-12 00:52:29,42.3994674682617,-8.92216205596924,"Female"
"9004158",371991,2025-06-12 00:56:55,42.3993988037109,-8.92208671569824,"Female"
"9004158",371991,2025-06-12 01:01:55,42.3993759155273,-8.92215824127197,"Female"
"9004158",371991,2025-06-12 01:07:00,42.3994483947754,-8.92220687866211,"Female"
"9004158",371991,2025-06-12 01:11:56,42.399528503418,-8.92219066619873,"Female"
"9004158",371991,2025-06-12 01:17:01,42.3995552062988,-8.92218589782715,"Female"
"9004158",371991,2025-06-12 01:22:05,42.3995361328125,-8.92218589782715,"Female"
"9004158",371991,2025-06-12 01:26:59,42.399658203125,-8.92228889465332,"Female"
"9004158",371991,2025-06-12 01:31:58,42.3996391296387,-8.92231369018555,"Female"
"9004158",371991,2025-06-12 01:37:28,42.3994026184082,-8.9221019744873,"Female"
"9004158",371991,2025-06-12 01:43:19,42.3992538452148,-8.92201519012451,"Female"
"9004158",371991,2025-06-12 01:47:16,42.3994178771973,-8.92214202880859,"Female"
"9004158",371991,2025-06-12 01:51:58,42.3993225097656,-8.92206192016602,"Female"
"9004158",371991,2025-06-12 01:57:01,42.3992767333984,-8.92209720611572,"Female"
"9004158",371991,2025-06-12 02:02:19,42.3992042541504,-8.92199420928955,"Female"
"9004158",371991,2025-06-12 02:07:13,42.3992347717285,-8.92218208312988,"Female"
"9004158",371991,2025-06-12 02:11:59,42.3990135192871,-8.92186832427979,"Female"
"9004158",371991,2025-06-12 02:17:03,42.3990364074707,-8.92196273803711,"Female"
"9004158",371991,2025-06-12 02:22:06,42.3990745544434,-8.92194938659668,"Female"
"9004158",371991,2025-06-12 02:26:59,42.3991966247559,-8.92230892181396,"Female"
"9004158",371991,2025-06-12 02:32:14,42.3989753723145,-8.92188358306885,"Female"
"9004158",371991,2025-06-12 02:37:35,42.3993339538574,-8.92210960388184,"Female"
"9004158",371991,2025-06-12 02:42:17,42.3994598388672,-8.9221363067627,"Female"
"9004158",371991,2025-06-12 02:46:56,42.3990478515625,-8.92178916931152,"Female"
"9004158",371991,2025-06-12 02:51:58,42.3992347717285,-8.92174053192139,"Female"
"9004158",371991,2025-06-12 02:56:55,42.399040222168,-8.92177963256836,"Female"
"9004158",371991,2025-06-12 03:01:56,42.3991203308105,-8.92177104949951,"Female"
"9004158",371991,2025-06-12 03:07:01,42.3994560241699,-8.9221019744873,"Female"
"9004158",371991,2025-06-12 03:11:57,42.3991851806641,-8.92201042175293,"Female"
"9004158",371991,2025-06-12 03:16:59,42.3989562988281,-8.9218864440918,"Female"
"9004158",371991,2025-06-12 03:21:59,42.3990631103516,-8.92361545562744,"Female"
"9004158",371991,2025-06-12 03:26:59,42.3991279602051,-8.9220724105835,"Female"
"9004158",371991,2025-06-12 03:32:13,42.3992004394531,-8.92192363739014,"Female"
"9004158",371991,2025-06-12 03:36:59,42.3993835449219,-8.92211627960205,"Female"
"9004158",371991,2025-06-12 03:41:59,42.3998374938965,-8.92249202728271,"Female"
"9004158",371991,2025-06-12 03:47:05,42.399055480957,-8.92167091369629,"Female"
"9004158",371991,2025-06-12 03:52:22,42.3991889953613,-8.92195987701416,"Female"
"9004158",371991,2025-06-12 03:57:00,42.3996772766113,-8.92229175567627,"Female"
"9004158",371991,2025-06-12 04:02:03,42.3991661071777,-8.92172241210938,"Female"
"9004158",371991,2025-06-12 04:07:00,42.3999786376953,-8.92258739471436,"Female"
"9004158",371991,2025-06-12 04:12:13,42.3997497558594,-8.92229461669922,"Female"
"9004158",371991,2025-06-12 04:18:20,42.4007339477539,-8.92388820648193,"Female"
"9004158",371991,2025-06-12 04:23:19,42.4002532958984,-8.92327404022217,"Female"
"9004158",371991,2025-06-12 04:27:36,42.3995628356934,-8.92226314544678,"Female"
"9004158",371991,2025-06-12 04:32:27,42.3994560241699,-8.9219799041748,"Female"
"9004158",371991,2025-06-12 04:36:58,42.3997650146484,-8.9237756729126,"Female"
"9004158",371991,2025-06-12 04:41:57,42.3992729187012,-8.92197132110596,"Female"
"9004158",371991,2025-06-12 04:46:58,42.3995704650879,-8.92298698425293,"Female"
"9004158",371991,2025-06-12 04:52:03,42.3994903564453,-8.92218208312988,"Female"
"9004158",371991,2025-06-12 04:56:58,42.3995552062988,-8.92259883880615,"Female"
"9004158",371991,2025-06-12 05:01:59,42.3991889953613,-8.92165946960449,"Female"
"9004158",371991,2025-06-12 05:07:00,42.3994445800781,-8.92260456085205,"Female"
"9004158",371991,2025-06-12 05:12:06,42.399528503418,-8.92226409912109,"Female"
"9004158",371991,2025-06-12 05:17:01,42.3995819091797,-8.92143630981445,"Female"
"9004158",371991,2025-06-12 05:22:06,42.3995399475098,-8.92218112945557,"Female"
"9004158",371991,2025-06-12 05:27:00,42.3996124267578,-8.92232894897461,"Female"
"9004158",371991,2025-06-12 05:32:29,42.4000816345215,-8.92245292663574,"Female"
"9004158",371991,2025-06-12 05:36:58,42.400203704834,-8.9224214553833,"Female"
"9004158",371991,2025-06-12 05:42:06,42.3995742797852,-8.92213249206543,"Female"
"9004158",371991,2025-06-12 05:47:08,42.3995399475098,-8.92224979400635,"Female"
"9004158",371991,2025-06-12 05:51:56,42.3977508544922,-8.92027282714844,"Female"
"9004158",371991,2025-06-12 05:57:06,42.397819519043,-8.92040538787842,"Female"
"9004158",371991,2025-06-12 06:01:56,42.3978157043457,-8.92044258117676,"Female"
"9004158",371991,2025-06-12 06:06:56,42.3979911804199,-8.92089557647705,"Female"
"9004158",371991,2025-06-12 06:11:56,42.3978309631348,-8.9204044342041,"Female"
"9004158",371991,2025-06-12 06:16:58,42.3977165222168,-8.92022895812988,"Female"
"9004158",371991,2025-06-12 06:21:57,42.3978538513184,-8.92052555084229,"Female"
"9004158",371991,2025-06-12 06:26:59,42.3978080749512,-8.92045402526855,"Female"
"9004158",371991,2025-06-12 06:31:56,42.3946113586426,-8.91014671325684,"Female"
"9004158",371991,2025-06-12 06:37:04,42.3944244384766,-8.90433216094971,"Female"
"9004158",371991,2025-06-12 06:41:56,42.406810760498,-8.9065113067627,"Female"
"9004158",371991,2025-06-12 06:46:58,42.4524726867676,-8.92157745361328,"Female"
"9004158",371991,2025-06-12 06:53:03,42.4527473449707,-8.92067623138428,"Female"
"9004158",371991,2025-06-12 06:58:09,42.4528427124023,-8.92123317718506,"Female"
"9004158",371991,2025-06-12 07:03:08,42.4522132873535,-8.92318153381348,"Female"
"9004158",371991,2025-06-12 07:08:10,42.4522399902344,-8.9232177734375,"Female"
"9004158",371991,2025-06-12 07:13:06,42.4522438049316,-8.92316627502441,"Female"
"9004158",371991,2025-06-12 07:18:06,42.4522018432617,-8.92319297790527,"Female"
"9004158",371991,2025-06-12 07:23:06,42.4522323608398,-8.92321872711182,"Female"
"9004158",371991,2025-06-12 07:28:14,42.4522171020508,-8.92317771911621,"Female"
"9004158",371991,2025-06-12 07:32:57,42.4524078369141,-8.92324829101562,"Female"
"9004158",371991,2025-06-12 07:37:57,42.4524230957031,-8.92307758331299,"Female"
"9004158",371991,2025-06-12 07:42:58,42.4526138305664,-8.92338752746582,"Female"
"9004158",371991,2025-06-12 07:48:14,42.4521141052246,-8.9230375289917,"Female"
"9004158",371991,2025-06-12 07:52:58,42.4518814086914,-8.92288112640381,"Female"
"9004158",371991,2025-06-12 07:57:57,42.4519805908203,-8.92289352416992,"Female"
"9004158",371991,2025-06-12 08:03:29,42.452091217041,-8.92318534851074,"Female"
"9004158",371991,2025-06-12 08:07:56,42.4522171020508,-8.92316436767578,"Female"
"9004158",371991,2025-06-12 08:12:56,42.4522018432617,-8.92322444915771,"Female"
"9004158",371991,2025-06-12 08:18:06,42.4544715881348,-8.91981029510498,"Female"
"9004158",371991,2025-06-12 08:23:14,42.4545860290527,-8.92008972167969,"Female"
"9004158",371991,2025-06-12 08:28:14,42.4549598693848,-8.91981315612793,"Female"
"9004158",371991,2025-06-12 08:33:46,42.4543418884277,-8.91988563537598,"Female"
"9004158",371991,2025-06-12 08:39:07,42.4552345275879,-8.92011737823486,"Female"
"9004158",371991,2025-06-12 08:44:10,42.4562034606934,-8.91986465454102,"Female"
"9004158",371991,2025-06-12 08:49:21,42.456787109375,-8.91868114471436,"Female"
"9004158",371991,2025-06-12 08:55:39,42.4577941894531,-8.91785144805908,"Female"
"9004158",371991,2025-06-12 09:00:45,42.4573554992676,-8.91785335540771,"Female"
"9004158",371991,2025-06-12 09:05:46,42.4568367004395,-8.91860485076904,"Female"
"9004158",371991,2025-06-12 09:11:22,42.4567718505859,-8.9187479019165,"Female"
"9004158",371991,2025-06-12 09:16:45,42.4557876586914,-8.91922664642334,"Female"
"9004158",371991,2025-06-12 09:21:55,42.4548835754395,-8.9203405380249,"Female"
"9004158",371991,2025-06-12 09:27:23,42.4543495178223,-8.91969966888428,"Female"
"9004158",371991,2025-06-12 09:32:22,42.4543724060059,-8.920578956604,"Female"
"9004158",371991,2025-06-12 09:37:22,42.4540939331055,-8.92057037353516,"Female"
"9004158",371991,2025-06-12 09:42:22,42.4528503417969,-8.9237813949585,"Female"
"9004158",371991,2025-06-12 09:47:22,42.4527359008789,-8.92353916168213,"Female"
"9004158",371991,2025-06-12 09:52:22,42.4528198242188,-8.92356109619141,"Female"
"9004158",371991,2025-06-12 09:57:22,42.4529113769531,-8.92367744445801,"Female"
"9004158",371991,2025-06-12 10:02:22,42.4529075622559,-8.92362308502197,"Female"
"9004158",371991,2025-06-12 10:07:22,42.4529151916504,-8.92352676391602,"Female"
"9004158",371991,2025-06-12 10:12:22,42.4528694152832,-8.9235782623291,"Female"
"9004158",371991,2025-06-12 10:17:22,42.4528656005859,-8.92348861694336,"Female"
"9004158",371991,2025-06-12 10:22:22,42.4528694152832,-8.92350387573242,"Female"
"9004158",371991,2025-06-12 10:27:22,42.4529075622559,-8.92347526550293,"Female"
"9004158",371991,2025-06-12 10:32:44,42.4529418945312,-8.92383193969727,"Female"
"9004158",371991,2025-06-12 10:44:55,42.4530029296875,-8.92309379577637,"Female"
"9004158",371991,2025-06-12 10:50:17,42.4531364440918,-8.92124652862549,"Female"
"9004158",371991,2025-06-12 10:55:25,42.452465057373,-8.92066097259521,"Female"
"9004158",371991,2025-06-12 11:00:25,42.4522705078125,-8.92026233673096,"Female"
"9004158",371991,2025-06-12 11:06:09,42.4523582458496,-8.92047214508057,"Female"
"9004158",371991,2025-06-12 11:11:09,42.4526977539062,-8.92143535614014,"Female"
"9004158",371991,2025-06-12 11:16:10,42.4523391723633,-8.92099189758301,"Female"
"9004158",371991,2025-06-12 11:21:17,42.4531517028809,-8.92145919799805,"Female"
"9004158",371991,2025-06-12 11:26:20,42.4529991149902,-8.92116546630859,"Female"
"9004158",371991,2025-06-12 11:31:25,42.4528465270996,-8.92288589477539,"Female"
"9004158",371991,2025-06-12 11:37:16,42.4523315429688,-8.92339611053467,"Female"
"9004158",371991,2025-06-12 11:44:12,42.4522247314453,-8.92345809936523,"Female"
"9004158",371991,2025-06-12 11:49:12,42.4522514343262,-8.92370891571045,"Female"
"9004158",371991,2025-06-12 11:54:10,42.4522514343262,-8.92304420471191,"Female"
"9004158",371991,2025-06-12 11:59:18,42.4523162841797,-8.92339038848877,"Female"
"9004158",371991,2025-06-12 12:04:22,42.4523124694824,-8.92333984375,"Female"
"9004158",371991,2025-06-12 12:09:22,42.4522972106934,-8.92332935333252,"Female"
"9004158",371991,2025-06-12 12:14:31,42.4522247314453,-8.92327117919922,"Female"
"9004158",371991,2025-06-12 12:19:08,42.4521903991699,-8.92319393157959,"Female"
"9004158",371991,2025-06-12 12:24:08,42.4522094726562,-8.92323207855225,"Female"
"9004158",371991,2025-06-12 12:29:08,42.4521789550781,-8.92326259613037,"Female"
"9004158",371991,2025-06-12 12:34:09,42.4523315429688,-8.92339611053467,"Female"
"9004158",371991,2025-06-12 12:39:08,42.4522018432617,-8.92319107055664,"Female"
"9004158",371991,2025-06-12 12:44:08,42.4521675109863,-8.92330932617188,"Female"
"9004158",371991,2025-06-12 12:49:08,42.4521827697754,-8.92307376861572,"Female"
"9004158",371991,2025-06-12 12:54:08,42.4521560668945,-8.92324161529541,"Female"
"9004158",371991,2025-06-12 12:59:10,42.4521942138672,-8.92322444915771,"Female"
"9004158",371991,2025-06-12 13:04:08,42.4521713256836,-8.92316913604736,"Female"
"9004158",371991,2025-06-12 13:09:08,42.4523010253906,-8.92336273193359,"Female"
"9004158",371991,2025-06-12 13:14:08,42.4522438049316,-8.92321586608887,"Female"
"9004158",371991,2025-06-12 13:19:08,42.4522171020508,-8.92325687408447,"Female"
"9004158",371991,2025-06-12 13:24:08,42.4521942138672,-8.92323684692383,"Female"
"9004158",371991,2025-06-12 13:29:08,42.4522514343262,-8.92328834533691,"Female"
"9004158",371991,2025-06-12 13:34:15,42.4547233581543,-8.91967296600342,"Female"
"9004158",371991,2025-06-12 13:39:43,42.4558372497559,-8.9200439453125,"Female"
"9004158",371991,2025-06-12 13:49:36,42.4547157287598,-8.91862964630127,"Female"
"9004158",371991,2025-06-12 13:55:12,42.4578666687012,-8.91689968109131,"Female"
"9004158",371991,2025-06-12 14:04:57,42.4566917419434,-8.91888046264648,"Female"
"9004158",371991,2025-06-12 14:10:35,42.455924987793,-8.91984272003174,"Female"
"9004158",371991,2025-06-12 14:49:27,42.4525833129883,-8.92351531982422,"Female"
"9004158",371991,2025-06-12 14:54:32,42.4520950317383,-8.92356777191162,"Female"
"9004158",371991,2025-06-12 14:59:28,42.4521331787109,-8.92333316802979,"Female"
"9004158",371991,2025-06-12 15:04:27,42.4521369934082,-8.92329788208008,"Female"
"9004158",371991,2025-06-12 15:09:27,42.4521255493164,-8.92348289489746,"Female"
"9004158",371991,2025-06-12 15:14:44,42.4521179199219,-8.92318344116211,"Female"
"9004158",371991,2025-06-12 15:19:29,42.4521064758301,-8.92306327819824,"Female"
"9004158",371991,2025-06-12 15:24:23,42.4521789550781,-8.92321872711182,"Female"
"9004158",371991,2025-06-12 15:29:25,42.4521484375,-8.9230489730835,"Female"
"9004158",371991,2025-06-12 15:34:23,42.4522514343262,-8.92354774475098,"Female"
"9004158",371991,2025-06-12 15:39:28,42.4521560668945,-8.92305564880371,"Female"
"9004158",371991,2025-06-12 15:44:23,42.4522743225098,-8.92374706268311,"Female"
"9004158",371991,2025-06-12 15:49:44,42.4521942138672,-8.92291355133057,"Female"
"9004158",371991,2025-06-12 15:54:23,42.4522018432617,-8.9232006072998,"Female"
"9004158",371991,2025-06-12 15:59:23,42.4522285461426,-8.92319869995117,"Female"
"9004158",371991,2025-06-12 16:04:22,42.4521751403809,-8.92312908172607,"Female"
"9004158",371991,2025-06-12 16:09:22,42.4522476196289,-8.92326354980469,"Female"
"9004158",371991,2025-06-12 16:14:23,42.452220916748,-8.92325496673584,"Female"
"9004158",371991,2025-06-12 16:19:22,42.4522476196289,-8.92324256896973,"Female"
"9004158",371991,2025-06-12 16:24:23,42.4521179199219,-8.92318916320801,"Female"
"9004158",371991,2025-06-12 16:29:23,42.4522476196289,-8.92331409454346,"Female"
"9004158",371991,2025-06-12 16:34:22,42.4522705078125,-8.92330837249756,"Female"
"9004158",371991,2025-06-12 16:39:23,42.4523658752441,-8.92342853546143,"Female"
"9004158",371991,2025-06-12 16:44:23,42.4522666931152,-8.92332935333252,"Female"
"9004158",371991,2025-06-12 16:51:15,42.4524612426758,-8.92459583282471,"Female"
"9004158",371991,2025-06-12 16:58:06,42.4519500732422,-8.92387008666992,"Female"
"9004158",371991,2025-06-12 17:05:28,42.4530944824219,-8.92311096191406,"Female"
"9004158",371991,2025-06-12 17:10:25,42.4537696838379,-8.92352867126465,"Female"
"9004158",371991,2025-06-12 17:15:27,42.4537620544434,-8.92352867126465,"Female"
"9004158",371991,2025-06-12 17:20:57,42.4542694091797,-8.92311573028564,"Female"
"9004158",371991,2025-06-12 17:25:58,42.4539566040039,-8.92248344421387,"Female"
"9004158",371991,2025-06-12 17:32:24,42.4529075622559,-8.92206954956055,"Female"
"9004158",371991,2025-06-12 17:37:38,42.4523391723633,-8.92284965515137,"Female"
"9004158",371991,2025-06-12 17:42:47,42.4521598815918,-8.92251873016357,"Female"
"9004158",371991,2025-06-12 17:58:45,42.4522285461426,-8.92308616638184,"Female"
"9004158",371991,2025-06-12 18:03:06,42.4522361755371,-8.92305564880371,"Female"
"9004158",371991,2025-06-12 18:08:06,42.4521865844727,-8.92314147949219,"Female"
"9004158",371991,2025-06-12 18:13:06,42.4522247314453,-8.92297077178955,"Female"
"9004158",371991,2025-06-12 18:18:06,42.4521598815918,-8.92306804656982,"Female"
"9004158",371991,2025-06-12 18:23:29,42.4521942138672,-8.92311954498291,"Female"
"9004158",371991,2025-06-12 18:27:57,42.4521636962891,-8.92305278778076,"Female"
"9004158",371991,2025-06-12 18:32:58,42.451530456543,-8.92311954498291,"Female"
"9004158",371991,2025-06-12 18:37:57,42.4337120056152,-8.92334842681885,"Female"
"9004158",371991,2025-06-12 18:42:57,42.4089851379395,-8.9221773147583,"Female"
"9004158",371991,2025-06-12 18:48:14,42.399341583252,-8.92223930358887,"Female"
"9004158",371991,2025-06-12 18:53:01,42.3992462158203,-8.92223072052002,"Female"
"9004158",371991,2025-06-12 18:58:06,42.3995704650879,-8.92235279083252,"Female"
"9004158",371991,2025-06-12 19:03:07,42.4000053405762,-8.92249488830566,"Female"
"9004158",371991,2025-06-12 19:08:06,42.3999176025391,-8.92235469818115,"Female"
"9004158",371991,2025-06-12 19:13:04,42.3997993469238,-8.9224100112915,"Female"
"9004158",371991,2025-06-12 19:18:08,42.4003028869629,-8.92255973815918,"Female"
"9004158",371991,2025-06-12 19:23:01,42.3995704650879,-8.92226219177246,"Female"
"9004158",371991,2025-06-12 19:28:00,42.3997688293457,-8.92255020141602,"Female"
"9004158",371991,2025-06-12 19:33:01,42.3998565673828,-8.92215919494629,"Female"
"9004158",371991,2025-06-12 19:38:06,42.3992500305176,-8.92188167572021,"Female"
"9004158",371991,2025-06-12 19:43:01,42.3995971679688,-8.92237949371338,"Female"
"9004158",371991,2025-06-12 19:48:28,42.3994941711426,-8.92251014709473,"Female"
"9004158",371991,2025-06-12 19:53:03,42.3998260498047,-8.92241096496582,"Female"
"9004158",371991,2025-06-12 19:58:00,42.3996620178223,-8.9236478805542,"Female"
"9004158",371991,2025-06-12 20:03:14,42.3995323181152,-8.92256927490234,"Female"
"9004158",371991,2025-06-12 20:08:06,42.3993759155273,-8.92241859436035,"Female"
"9004158",371991,2025-06-12 20:13:03,42.3991279602051,-8.92214298248291,"Female"
"9004158",371991,2025-06-12 20:18:01,42.399543762207,-8.92281913757324,"Female"
"9004158",371991,2025-06-12 20:23:04,42.3992309570312,-8.92239189147949,"Female"
"9004158",371991,2025-06-12 20:28:14,42.3989219665527,-8.92213344573975,"Female"
"9004158",371991,2025-06-12 20:33:00,42.3986892700195,-8.92492771148682,"Female"
"9004158",371991,2025-06-12 20:38:06,42.3986625671387,-8.92171192169189,"Female"
"9004158",371991,2025-06-12 20:43:01,42.3989791870117,-8.92171096801758,"Female"
"9004158",371991,2025-06-12 20:48:29,42.3992042541504,-8.92222881317139,"Female"
"9004158",371991,2025-06-12 20:53:07,42.399299621582,-8.92205142974854,"Female"
"9004158",371991,2025-06-12 20:58:06,42.3994293212891,-8.92215347290039,"Female"
"9004158",371991,2025-06-12 21:03:10,42.3992385864258,-8.92225360870361,"Female"
"9004158",371991,2025-06-12 21:08:32,42.3995361328125,-8.92197799682617,"Female"
"9004158",371991,2025-06-12 21:13:33,42.3999366760254,-8.92215061187744,"Female"
"9004158",371991,2025-06-12 21:18:10,42.4000778198242,-8.92238426208496,"Female"
"9004158",371991,2025-06-12 21:24:21,42.3995933532715,-8.92213249206543,"Female"
"9004158",371991,2025-06-12 21:28:19,42.3994178771973,-8.9222297668457,"Female"
"9004158",371991,2025-06-12 21:33:03,42.3999633789062,-8.92214679718018,"Female"
"9004158",371991,2025-06-12 21:38:08,42.4000091552734,-8.921950340271,"Female"
"9004158",371991,2025-06-12 21:44:09,42.3995475769043,-8.92240428924561,"Female"
"9004158",371991,2025-06-12 21:48:35,42.3994827270508,-8.92253398895264,"Female"
"9004158",371991,2025-06-12 21:53:05,42.3994407653809,-8.92236995697021,"Female"
"9004158",371991,2025-06-12 21:58:03,42.3994598388672,-8.92253303527832,"Female"
"9004158",371991,2025-06-12 22:03:03,42.3994522094727,-8.92249488830566,"Female"
"9004158",371991,2025-06-12 22:08:07,42.3995208740234,-8.92240715026855,"Female"
"9004158",371991,2025-06-12 22:13:09,42.3995361328125,-8.92257022857666,"Female"
"9004158",371991,2025-06-12 22:18:16,42.3995132446289,-8.92258453369141,"Female"
"9004158",371991,2025-06-12 22:23:00,42.3994674682617,-8.92250919342041,"Female"
"9004158",371991,2025-06-12 22:28:04,42.3994178771973,-8.92269515991211,"Female"
"9004158",371991,2025-06-12 22:32:59,42.3996353149414,-8.92233657836914,"Female"
"9004158",371991,2025-06-12 22:38:07,42.3993225097656,-8.92232227325439,"Female"
"9004158",371991,2025-06-12 22:43:03,42.3997535705566,-8.92227077484131,"Female"
"9004158",371991,2025-06-12 22:48:14,42.4016876220703,-8.92213535308838,"Female"
"9004158",371991,2025-06-12 22:53:06,42.4013977050781,-8.92220401763916,"Female"
"9004158",371991,2025-06-12 22:58:09,42.4004592895508,-8.92236709594727,"Female"
"9004158",371991,2025-06-12 23:03:06,42.3991470336914,-8.92304611206055,"Female"
"9004158",371991,2025-06-12 23:08:36,42.3989105224609,-8.923020362854,"Female"
"9004158",371991,2025-06-12 23:13:15,42.3989791870117,-8.92299556732178,"Female"
"9004158",371991,2025-06-12 23:18:35,42.3997993469238,-8.9224157333374,"Female"
"9004158",371991,2025-06-12 23:22:58,42.3999252319336,-8.92265796661377,"Female"
"9004158",371991,2025-06-12 23:28:00,42.3999862670898,-8.9229040145874,"Female"
"9004158",371991,2025-06-12 23:33:04,42.3994560241699,-8.92214202880859,"Female"
"9004158",371991,2025-06-12 23:38:00,42.3996696472168,-8.9222526550293,"Female"
"9004158",371991,2025-06-12 23:43:01,42.3996429443359,-8.92228698730469,"Female"
"9004158",371991,2025-06-12 23:48:08,42.3995513916016,-8.92229843139648,"Female"
"9004158",371991,2025-06-12 23:52:59,42.3996353149414,-8.92243003845215,"Female"
"9004158",371991,2025-06-12 23:58:03,42.3992652893066,-8.9219970703125,"Female"
"9004158",371991,2025-06-13 00:03:14,42.3991088867188,-8.92203044891357,"Female"
"9004158",371991,2025-06-13 00:08:00,42.3998260498047,-8.92255020141602,"Female"
"9004158",371991,2025-06-13 00:13:20,42.3994903564453,-8.92254638671875,"Female"
"9004158",371991,2025-06-13 00:18:06,42.399600982666,-8.92232608795166,"Female"
"9004158",371991,2025-06-13 00:23:06,42.3993797302246,-8.9222993850708,"Female"
"9004158",371991,2025-06-13 00:28:07,42.3994255065918,-8.92263507843018,"Female"
"9004158",371991,2025-06-13 00:33:10,42.3993186950684,-8.922532081604,"Female"
"9004158",371991,2025-06-13 00:38:08,42.3993339538574,-8.92236995697021,"Female"
"9004158",371991,2025-06-13 00:43:03,42.3993148803711,-8.92226982116699,"Female"
"9004158",371991,2025-06-13 00:48:07,42.399299621582,-8.92233180999756,"Female"
"9004158",371991,2025-06-13 00:53:29,42.3993721008301,-8.92236328125,"Female"
"9004158",371991,2025-06-13 00:57:57,42.399341583252,-8.92242527008057,"Female"
"9004158",371991,2025-06-13 01:02:57,42.3994331359863,-8.92240238189697,"Female"
"9004158",371991,2025-06-13 01:07:58,42.3994102478027,-8.9223747253418,"Female"
"9004158",371991,2025-06-13 01:13:13,42.3994178771973,-8.92250156402588,"Female"
"9004158",371991,2025-06-13 01:17:57,42.3995018005371,-8.92248916625977,"Female"
"9004158",371991,2025-06-13 01:22:58,42.3994941711426,-8.92274761199951,"Female"
"9004158",371991,2025-06-13 01:27:59,42.3996200561523,-8.92256355285645,"Female"
"9004158",371991,2025-06-13 01:32:59,42.399829864502,-8.92286777496338,"Female"
"9004158",371991,2025-06-13 01:38:00,42.399845123291,-8.92276573181152,"Female"
"9004158",371991,2025-06-13 01:42:59,42.399585723877,-8.92245101928711,"Female"
"9004158",371991,2025-06-13 01:48:14,42.3993072509766,-8.92230129241943,"Female"
"9004158",371991,2025-06-13 01:53:03,42.3993492126465,-8.92226123809814,"Female"
"9004158",371991,2025-06-13 01:58:14,42.3994789123535,-8.92198276519775,"Female"
"9004158",371991,2025-06-13 02:03:01,42.3995018005371,-8.92210674285889,"Female"
"9004158",371991,2025-06-13 02:08:00,42.3996086120605,-8.92229270935059,"Female"
"9004158",371991,2025-06-13 02:13:08,42.3990478515625,-8.92216968536377,"Female"
"9004158",371991,2025-06-13 02:23:15,42.3990592956543,-8.92192363739014,"Female"
"9004158",371991,2025-06-13 02:28:10,42.3989410400391,-8.92198371887207,"Female"
"9004158",371991,2025-06-13 02:33:35,42.3992309570312,-8.92201519012451,"Female"
"9004158",371991,2025-06-13 02:38:39,42.3981590270996,-8.92148113250732,"Female"
"9004158",371991,2025-06-13 02:43:17,42.3988876342773,-8.92170429229736,"Female"
"9004158",371991,2025-06-13 02:49:22,42.3993377685547,-8.92216205596924,"Female"
"9004158",371991,2025-06-13 02:58:44,42.3994789123535,-8.92208099365234,"Female"
"9004158",371991,2025-06-13 03:08:03,42.3994636535645,-8.92215633392334,"Female"
"9004158",371991,2025-06-13 03:18:06,42.3993682861328,-8.92186260223389,"Female"
"9004158",371991,2025-06-13 03:28:03,42.399299621582,-8.92215538024902,"Female"
"9004158",371991,2025-06-13 03:38:05,42.3993721008301,-8.92202663421631,"Female"
"9004158",371991,2025-06-13 03:49:22,42.3995094299316,-8.92184638977051,"Female"
"9004158",371991,2025-06-13 03:58:06,42.3996162414551,-8.92225170135498,"Female"
"9004158",371991,2025-06-13 04:08:06,42.3995628356934,-8.92231464385986,"Female"
"9004158",371991,2025-06-13 04:29:22,42.399356842041,-8.92201519012451,"Female"
"9004158",371991,2025-06-13 04:38:44,42.3994026184082,-8.92222881317139,"Female"
"9004158",371991,2025-06-13 04:48:06,42.3994598388672,-8.92222309112549,"Female"
"9004158",371991,2025-06-13 04:58:08,42.3993377685547,-8.92230224609375,"Female"
"9004158",371991,2025-06-13 05:08:06,42.3993034362793,-8.92231178283691,"Female"
"9004158",371991,2025-06-13 05:18:06,42.399585723877,-8.92256927490234,"Female"
"9004158",371991,2025-06-13 05:28:19,42.3995628356934,-8.9224739074707,"Female"
"9004158",371991,2025-06-13 05:39:05,42.3992729187012,-8.92220687866211,"Female"
"9004158",371991,2025-06-13 05:48:06,42.3994064331055,-8.92204856872559,"Female"
"9004158",371991,2025-06-13 05:58:09,42.3997993469238,-8.92212200164795,"Female"
"9004158",371991,2025-06-13 06:08:09,42.3994941711426,-8.92203140258789,"Female"
"9004158",371991,2025-06-13 06:18:17,42.3999481201172,-8.92202281951904,"Female"
"9004158",371991,2025-06-13 06:28:35,42.399486541748,-8.92219638824463,"Female"
"9004158",371991,2025-06-13 06:38:15,42.3993835449219,-8.92197704315186,"Female"
"9004158",371991,2025-06-13 06:47:59,42.4524421691895,-8.92090702056885,"Female"
"9004158",371991,2025-06-13 06:58:09,42.452205657959,-8.9228572845459,"Female"
"9004158",371991,2025-06-13 07:08:09,42.4519004821777,-8.92266273498535,"Female"
"9004158",371991,2025-06-13 07:18:09,42.4520034790039,-8.92281723022461,"Female"
"9004158",371991,2025-06-13 07:28:14,42.4516716003418,-8.92303085327148,"Female"
"9004158",371991,2025-06-13 07:38:06,42.4519309997559,-8.92282962799072,"Female"
"9004158",371991,2025-06-13 07:48:14,42.4518661499023,-8.92285060882568,"Female"
"9004158",371991,2025-06-13 07:58:04,42.4519233703613,-8.92286014556885,"Female"
"9004158",371991,2025-06-13 08:08:07,42.45166015625,-8.92299461364746,"Female"
"9004158",371991,2025-06-13 08:18:09,42.451831817627,-8.92303657531738,"Female"
"9004158",371991,2025-06-13 08:28:09,42.4518241882324,-8.92327404022217,"Female"
"9004158",371991,2025-06-13 08:38:09,42.4550514221191,-8.92229175567627,"Female"
"9004158",371991,2025-06-13 08:48:14,42.4551963806152,-8.92164897918701,"Female"
"9004158",371991,2025-06-13 08:58:11,42.4552268981934,-8.92195510864258,"Female"
"9004158",371991,2025-06-13 09:08:01,42.455265045166,-8.92187881469727,"Female"
"9004158",371991,2025-06-13 09:18:02,42.4552841186523,-8.92199802398682,"Female"
"9004158",371991,2025-06-13 09:28:51,42.4549598693848,-8.9201192855835,"Female"
"9004158",371991,2025-06-13 09:39:12,42.455150604248,-8.9198637008667,"Female"
"9004158",371991,2025-06-13 11:38:35,42.4524917602539,-8.92295551300049,"Female"
"9004158",371991,2025-06-13 11:48:12,42.4524230957031,-8.92354393005371,"Female"
"9004158",371991,2025-06-13 11:58:12,42.4524192810059,-8.92335414886475,"Female"
"9004158",371991,2025-06-13 12:08:12,42.4524040222168,-8.92330169677734,"Female"
"9004158",371991,2025-06-13 12:18:12,42.4524192810059,-8.9232702255249,"Female"
"9004158",371991,2025-06-13 12:28:12,42.4524078369141,-8.92313575744629,"Female"
"9004158",371991,2025-06-13 12:38:12,42.4523124694824,-8.92315864562988,"Female"
"9004158",371991,2025-06-13 12:48:12,42.4523162841797,-8.92322158813477,"Female"
"9004158",371991,2025-06-13 12:58:12,42.4522094726562,-8.92292499542236,"Female"
"9004158",371991,2025-06-13 13:08:12,42.4521751403809,-8.92298793792725,"Female"
"9004158",371991,2025-06-13 13:18:51,42.4522972106934,-8.92043018341064,"Female"
"9004158",371991,2025-06-13 13:28:50,42.4531784057617,-8.92220878601074,"Female"
"9004158",371991,2025-06-13 14:07:14,42.4523887634277,-8.92301845550537,"Female"
"9004158",371991,2025-06-13 14:17:04,42.452335357666,-8.92322254180908,"Female"
"9004158",371991,2025-06-13 14:27:15,42.4522743225098,-8.92309856414795,"Female"
"9004158",371991,2025-06-13 14:37:07,42.4523658752441,-8.92299175262451,"Female"
"9004158",371991,2025-06-13 14:47:15,42.4522857666016,-8.92316627502441,"Female"
"9004158",371991,2025-06-13 14:57:09,42.4523048400879,-8.92313671112061,"Female"
"9004158",371991,2025-06-13 15:07:09,42.4522094726562,-8.92335510253906,"Female"
"9004158",371991,2025-06-13 15:18:12,42.4528121948242,-8.92343997955322,"Female"
"9004158",371991,2025-06-13 15:28:54,42.4536094665527,-8.92322540283203,"Female"
"9004158",371991,2025-06-13 16:03:53,42.4561309814453,-8.92177963256836,"Female"
"9004158",371991,2025-06-13 16:13:21,42.4554214477539,-8.92141056060791,"Female"
"9004158",371991,2025-06-13 16:23:35,42.4553871154785,-8.92171478271484,"Female"
"9004158",371991,2025-06-13 16:33:09,42.455436706543,-8.92177486419678,"Female"
"9004158",371991,2025-06-13 16:43:09,42.4553642272949,-8.92176055908203,"Female"
"9004158",371991,2025-06-13 16:53:09,42.4553718566895,-8.92179584503174,"Female"
"9004158",371991,2025-06-13 17:03:09,42.4553489685059,-8.92170429229736,"Female"
"9004158",371991,2025-06-13 17:13:09,42.4554061889648,-8.92170333862305,"Female"
"9004158",371991,2025-06-13 17:23:09,42.4553298950195,-8.92176246643066,"Female"
"9004158",371991,2025-06-13 17:33:09,42.4554100036621,-8.92171192169189,"Female"
"9004158",371991,2025-06-13 17:43:09,42.4553260803223,-8.92178726196289,"Female"
"9004158",371991,2025-06-13 17:53:09,42.4553565979004,-8.92173862457275,"Female"
"9004158",371991,2025-06-13 18:03:09,42.4553833007812,-8.92169284820557,"Female"
"9004158",371991,2025-06-13 18:13:09,42.4554061889648,-8.92173957824707,"Female"
"9004158",371991,2025-06-13 18:23:09,42.4553413391113,-8.92171955108643,"Female"
"9004158",371991,2025-06-13 18:33:09,42.4366302490234,-8.92179012298584,"Female"
"9004158",371991,2025-06-13 18:43:44,42.3992729187012,-8.92251396179199,"Female"
"9004158",371991,2025-06-13 18:53:19,42.3991317749023,-8.92234706878662,"Female"
"9004158",371991,2025-06-13 19:03:35,42.3995628356934,-8.92216491699219,"Female"
"9004158",371991,2025-06-13 19:13:13,42.400562286377,-8.92261219024658,"Female"
"9004158",371991,2025-06-13 19:23:19,42.3999290466309,-8.92233467102051,"Female"
"9004158",371991,2025-06-13 19:33:44,42.3994789123535,-8.922194480896,"Female"
"9004158",371991,2025-06-13 19:43:11,42.3991889953613,-8.92173480987549,"Female"
"9004158",371991,2025-06-13 19:53:11,42.4001770019531,-8.92392063140869,"Female"
"9004158",371991,2025-06-13 20:03:12,42.3996047973633,-8.92248439788818,"Female"
"9004158",371991,2025-06-13 20:13:12,42.3996696472168,-8.92321872711182,"Female"
"9004158",371991,2025-06-13 20:23:16,42.3993606567383,-8.92204284667969,"Female"
"9004158",371991,2025-06-13 20:33:18,42.3993339538574,-8.92213535308838,"Female"
"9004158",371991,2025-06-13 20:43:40,42.3994445800781,-8.9221019744873,"Female"
"9004158",371991,2025-06-13 20:53:12,42.3994293212891,-8.92205810546875,"Female"
"9004158",371991,2025-06-13 21:03:15,42.3996276855469,-8.9221019744873,"Female"
"9004158",371991,2025-06-13 21:13:34,42.3997840881348,-8.92217636108398,"Female"
"9004158",371991,2025-06-13 21:23:19,42.3999214172363,-8.92223072052002,"Female"
"9004158",371991,2025-06-13 21:33:20,42.4000282287598,-8.92228031158447,"Female"
"9004158",371991,2025-06-13 21:43:46,42.3997116088867,-8.92232418060303,"Female"
"9004158",371991,2025-06-13 21:53:35,42.3998031616211,-8.92236232757568,"Female"
"9004158",371991,2025-06-13 22:03:21,42.3995475769043,-8.92318248748779,"Female"
"9004158",371991,2025-06-13 22:13:35,42.3995094299316,-8.92229557037354,"Female"
"9004158",371991,2025-06-13 22:23:13,42.3997421264648,-8.92198657989502,"Female"
"9004158",371991,2025-06-13 22:33:13,42.3994636535645,-8.92215442657471,"Female"
"9004158",371991,2025-06-13 22:43:12,42.399658203125,-8.92229080200195,"Female"
"9004158",371991,2025-06-13 22:53:41,42.3994026184082,-8.92199897766113,"Female"
"9004158",371991,2025-06-13 23:03:18,42.3993186950684,-8.92191600799561,"Female"
"9004158",371991,2025-06-13 23:13:18,42.3989028930664,-8.92187881469727,"Female"
"9004158",371991,2025-06-13 23:23:29,42.3996276855469,-8.92259883880615,"Female"
"9004158",371991,2025-06-13 23:33:22,42.399097442627,-8.92190742492676,"Female"
"9004158",371991,2025-06-13 23:43:33,42.3992729187012,-8.92206859588623,"Female"
"9004158",371991,2025-06-13 23:54:09,42.3992881774902,-8.92202854156494,"Female"
"9004158",371991,2025-06-14 00:03:44,42.399242401123,-8.92203521728516,"Female"
"9004158",371991,2025-06-14 00:13:11,42.3994598388672,-8.922287940979,"Female"
"9004158",371991,2025-06-14 00:23:12,42.3997993469238,-8.92244720458984,"Female"
"9004158",371991,2025-06-14 00:33:12,42.4001541137695,-8.9226245880127,"Female"
"9004158",371991,2025-06-14 00:43:19,42.3989067077637,-8.9219217300415,"Female"
"9004158",371991,2025-06-14 01:33:40,42.3994979858398,-8.92285442352295,"Female"
"9004158",371991,2025-06-14 01:43:18,42.399486541748,-8.92309474945068,"Female"
"9004158",371991,2025-06-14 01:53:33,42.3994064331055,-8.92180728912354,"Female"
"9004158",371991,2025-06-14 02:04:04,42.3994102478027,-8.92208480834961,"Female"
"9004158",371991,2025-06-14 02:13:34,42.3997192382812,-8.92255401611328,"Female"
"9004158",371991,2025-06-14 02:23:40,42.3995475769043,-8.92210960388184,"Female"
"9004158",371991,2025-06-14 02:33:12,42.3995399475098,-8.92258358001709,"Female"
"9004158",371991,2025-06-14 02:43:15,42.3996505737305,-8.92253875732422,"Female"
"9004158",371991,2025-06-14 02:53:18,42.3994369506836,-8.92232608795166,"Female"
"9004158",371991,2025-06-14 03:03:16,42.3993988037109,-8.92214488983154,"Female"
"9004158",371991,2025-06-14 03:13:18,42.3994216918945,-8.92219161987305,"Female"
"9004158",371991,2025-06-14 03:23:16,42.3993835449219,-8.92231178283691,"Female"
"9004158",371991,2025-06-14 03:33:22,42.3996353149414,-8.92219829559326,"Female"
"9004158",371991,2025-06-14 03:43:18,42.3993797302246,-8.92232513427734,"Female"
"9004158",371991,2025-06-14 03:53:31,42.399528503418,-8.92236137390137,"Female"
"9004158",371991,2025-06-14 04:03:26,42.3994789123535,-8.92242431640625,"Female"
"9004158",371991,2025-06-14 04:13:35,42.3994979858398,-8.92236423492432,"Female"
"9004158",371991,2025-06-14 04:23:20,42.3994331359863,-8.92230606079102,"Female"
"9004158",371991,2025-06-14 04:33:13,42.3994178771973,-8.92231369018555,"Female"
"9004158",371991,2025-06-14 04:43:29,42.399543762207,-8.92263698577881,"Female"
"9004158",371991,2025-06-14 04:53:27,42.3994636535645,-8.92251110076904,"Female"
"9004158",371991,2025-06-14 05:03:48,42.3997383117676,-8.92278957366943,"Female"
"9004158",371991,2025-06-14 05:13:53,42.3995742797852,-8.92235851287842,"Female"
"9004158",371991,2025-06-14 05:23:12,42.4000244140625,-8.92237567901611,"Female"
"9004158",371991,2025-06-14 05:33:17,42.3995361328125,-8.9220495223999,"Female"
"9004158",371991,2025-06-14 05:43:33,42.3993301391602,-8.92211627960205,"Female"
"9004158",371991,2025-06-14 05:53:13,42.399585723877,-8.92227268218994,"Female"
"9004158",371991,2025-06-14 06:03:23,42.3993492126465,-8.92260265350342,"Female"
"9004158",371991,2025-06-14 06:13:42,42.3993873596191,-8.92212772369385,"Female"
"9004158",371991,2025-06-14 06:23:15,42.3994560241699,-8.92220878601074,"Female"
"9004158",371991,2025-06-14 06:33:34,42.3992767333984,-8.9220495223999,"Female"
"9004158",371991,2025-06-14 06:43:48,42.3993606567383,-8.9221076965332,"Female"
"9004158",371991,2025-06-14 06:53:47,42.3999710083008,-8.92251491546631,"Female"
"9004158",371991,2025-06-14 07:04:33,42.3993682861328,-8.92201137542725,"Female"
"9004158",371991,2025-06-14 07:13:17,42.3992919921875,-8.92212200164795,"Female"
"9004158",371991,2025-06-14 07:23:10,42.4294853210449,-8.92166996002197,"Female"
"9004158",371991,2025-06-14 07:33:16,42.4560890197754,-8.91983318328857,"Female"
"9004158",371991,2025-06-14 07:43:19,42.4568939208984,-8.91884708404541,"Female"
"9004158",371991,2025-06-14 07:53:46,42.4557037353516,-8.92058658599854,"Female"
"9004158",371991,2025-06-14 08:03:50,42.4550933837891,-8.92166137695312,"Female"
"9004158",371991,2025-06-14 08:13:50,42.4550743103027,-8.92248249053955,"Female"
"9004158",371991,2025-06-14 08:23:50,42.455135345459,-8.92232513427734,"Female"
"9004158",371991,2025-06-14 08:33:50,42.4551887512207,-8.92236423492432,"Female"
"9004158",371991,2025-06-14 08:43:50,42.4550857543945,-8.92221736907959,"Female"
"9004158",371991,2025-06-14 08:53:50,42.4551277160645,-8.92218399047852,"Female"
"9004158",371991,2025-06-14 09:04:19,42.453987121582,-8.92299556732178,"Female"
"9004158",371991,2025-06-14 09:14:19,42.4525108337402,-8.92364311218262,"Female"
"9004158",371991,2025-06-14 09:35:06,42.452392578125,-8.92405796051025,"Female"
"9004158",371991,2025-06-14 09:44:20,42.452823638916,-8.92353439331055,"Female"
"9004158",371991,2025-06-14 09:54:19,42.4528732299805,-8.9235725402832,"Female"
"9004158",371991,2025-06-14 10:04:19,42.4528121948242,-8.92366123199463,"Female"
"9004158",371991,2025-06-14 10:14:19,42.4529342651367,-8.92348766326904,"Female"
"9004158",371991,2025-06-14 10:24:19,42.4528732299805,-8.92365074157715,"Female"
"9004158",371991,2025-06-14 10:34:49,42.4527626037598,-8.92359733581543,"Female"
"9004158",371991,2025-06-14 10:44:49,42.4528465270996,-8.9237117767334,"Female"
"9004158",371991,2025-06-14 10:54:49,42.4527854919434,-8.92382621765137,"Female"
"9004158",371991,2025-06-14 10:59:49,42.4528274536133,-8.92376327514648,"Female"
"9004158",371991,2025-06-14 11:04:49,42.4527549743652,-8.92376232147217,"Female"
"9004158",371991,2025-06-14 11:09:49,42.4527854919434,-8.92364501953125,"Female"
"9004158",371991,2025-06-14 11:14:49,42.452808380127,-8.9236536026001,"Female"
"9004158",371991,2025-06-14 11:20:09,42.4527931213379,-8.92365741729736,"Female"
"9004158",371991,2025-06-14 11:25:09,42.4527168273926,-8.92369651794434,"Female"
"9004158",371991,2025-06-14 11:30:09,42.452766418457,-8.92358493804932,"Female"
"9004158",371991,2025-06-14 11:35:09,42.4529838562012,-8.92319583892822,"Female"
"9004158",371991,2025-06-14 11:40:09,42.4528884887695,-8.92339324951172,"Female"
"9004158",371991,2025-06-14 11:45:09,42.4527854919434,-8.9237003326416,"Female"
"9004158",371991,2025-06-14 11:50:09,42.4527168273926,-8.92350578308105,"Female"
"9004158",371991,2025-06-14 11:55:09,42.4528198242188,-8.9234447479248,"Female"
"9004158",371991,2025-06-14 12:00:09,42.4528770446777,-8.9234733581543,"Female"
"9004158",371991,2025-06-14 12:05:09,42.4528923034668,-8.92345905303955,"Female"
"9004158",371991,2025-06-14 12:10:09,42.4528923034668,-8.92340850830078,"Female"
"9004158",371991,2025-06-14 12:15:09,42.4528350830078,-8.92354583740234,"Female"
"9004158",371991,2025-06-14 12:20:09,42.4530067443848,-8.92361736297607,"Female"
"9004158",371991,2025-06-14 12:25:09,42.4530258178711,-8.92362976074219,"Female"
"9004158",371991,2025-06-14 12:30:09,42.4530563354492,-8.92370319366455,"Female"
"9004158",371991,2025-06-14 12:35:09,42.4530181884766,-8.9235897064209,"Female"
"9004158",371991,2025-06-14 12:40:09,42.4529762268066,-8.92369556427002,"Female"
"9004158",371991,2025-06-14 12:45:09,42.4530334472656,-8.92364311218262,"Female"
"9004158",371991,2025-06-14 12:50:09,42.4529800415039,-8.92370510101318,"Female"
"9004158",371991,2025-06-14 12:55:09,42.4530792236328,-8.92362308502197,"Female"
"9004158",371991,2025-06-14 13:00:09,42.4529914855957,-8.92373371124268,"Female"
"9004158",371991,2025-06-14 13:05:10,42.4529914855957,-8.92368507385254,"Female"
"9004158",371991,2025-06-14 13:10:09,42.4530143737793,-8.92364883422852,"Female"
"9004158",371991,2025-06-14 13:15:09,42.452938079834,-8.9236946105957,"Female"
"9004158",371991,2025-06-14 13:20:09,42.4529991149902,-8.92367362976074,"Female"
"9004158",371991,2025-06-14 13:25:09,42.4530906677246,-8.92361164093018,"Female"
"9004158",371991,2025-06-14 13:30:10,42.453556060791,-8.92251777648926,"Female"
"9004158",371991,2025-06-14 13:35:09,42.4541702270508,-8.92196559906006,"Female"
"9004158",371991,2025-06-14 13:40:19,42.4548950195312,-8.9208345413208,"Female"
"9004158",371991,2025-06-14 13:45:37,42.4547729492188,-8.92025470733643,"Female"
"9004158",371991,2025-06-14 13:51:10,42.4559936523438,-8.9203052520752,"Female"
"9004158",371991,2025-06-14 13:56:19,42.455940246582,-8.92018127441406,"Female"
"9004158",371991,2025-06-14 14:01:37,42.4563903808594,-8.91970539093018,"Female"
"9004158",371991,2025-06-14 14:06:40,42.457218170166,-8.91806888580322,"Female"
"9004158",371991,2025-06-14 14:11:50,42.4569206237793,-8.91889095306396,"Female"
"9004158",371991,2025-06-14 14:16:50,42.4560089111328,-8.9193696975708,"Female"
"9004158",371991,2025-06-14 14:21:58,42.4549827575684,-8.91896343231201,"Female"
"9004158",371991,2025-06-14 14:26:58,42.4547271728516,-8.91835689544678,"Female"
"9004158",371991,2025-06-14 14:31:57,42.4547119140625,-8.91848468780518,"Female"
"9004158",371991,2025-06-14 14:36:57,42.4547004699707,-8.91841793060303,"Female"
"9004158",371991,2025-06-14 14:41:57,42.4547157287598,-8.91842937469482,"Female"
"9004158",371991,2025-06-14 14:46:57,42.4546737670898,-8.91849327087402,"Female"
"9004158",371991,2025-06-14 14:51:57,42.454647064209,-8.91847896575928,"Female"
"9004158",371991,2025-06-14 14:56:57,42.4546966552734,-8.91854667663574,"Female"
"9004158",371991,2025-06-14 15:01:57,42.4546775817871,-8.91855430603027,"Female"
"9004158",371991,2025-06-14 15:06:57,42.4546813964844,-8.91855716705322,"Female"
"9004158",371991,2025-06-14 15:11:57,42.454719543457,-8.91859436035156,"Female"
"9004158",371991,2025-06-14 15:16:57,42.4546356201172,-8.9185791015625,"Female"
"9004158",371991,2025-06-14 15:21:57,42.45458984375,-8.91856288909912,"Female"
"9004158",371991,2025-06-14 15:26:57,42.4546203613281,-8.91860866546631,"Female"
"9004158",371991,2025-06-14 15:31:57,42.4546546936035,-8.9186315536499,"Female"
"9004158",371991,2025-06-14 15:36:57,42.4546737670898,-8.91866970062256,"Female"
"9004158",371991,2025-06-14 15:41:57,42.4546813964844,-8.918701171875,"Female"
"9004158",371991,2025-06-14 15:46:57,42.4548683166504,-8.91891384124756,"Female"
"9004158",371991,2025-06-14 15:52:28,42.4559326171875,-8.92013549804688,"Female"
"9004158",371991,2025-06-14 15:57:55,42.4564437866211,-8.92031002044678,"Female"
"9004158",371991,2025-06-14 16:03:06,42.4561500549316,-8.91989231109619,"Female"
"9004158",371991,2025-06-14 16:08:18,42.4561958312988,-8.92084789276123,"Female"
"9004158",371991,2025-06-14 16:13:15,42.4554252624512,-8.92156982421875,"Female"
"9004158",371991,2025-06-14 16:18:49,42.4551239013672,-8.92301177978516,"Female"
"9004158",371991,2025-06-14 16:23:49,42.4553375244141,-8.92160415649414,"Female"
"9004158",371991,2025-06-14 16:28:49,42.4553833007812,-8.92189407348633,"Female"
"9004158",371991,2025-06-14 16:33:49,42.4554176330566,-8.9218168258667,"Female"
"9004158",371991,2025-06-14 16:38:49,42.455394744873,-8.9218168258667,"Female"
"9004158",371991,2025-06-14 16:43:49,42.4553642272949,-8.92175769805908,"Female"
"9004158",371991,2025-06-14 16:48:49,42.4555320739746,-8.92204475402832,"Female"
"9004158",371991,2025-06-14 16:53:49,42.4553604125977,-8.92176151275635,"Female"
"9004158",371991,2025-06-14 16:58:49,42.4553718566895,-8.92181491851807,"Female"
"9004158",371991,2025-06-14 17:03:49,42.4553909301758,-8.92177963256836,"Female"
"9004158",371991,2025-06-14 17:08:50,42.4553756713867,-8.92179203033447,"Female"
"9004158",371991,2025-06-14 17:13:49,42.4553489685059,-8.92177486419678,"Female"
"9004158",371991,2025-06-14 17:18:49,42.4554061889648,-8.9217414855957,"Female"
"9004158",371991,2025-06-14 17:23:49,42.4548721313477,-8.92201137542725,"Female"
"9004158",371991,2025-06-14 17:28:53,42.4540061950684,-8.92334461212158,"Female"
"9004158",371991,2025-06-14 17:33:54,42.453197479248,-8.92390632629395,"Female"
"9004158",371991,2025-06-14 17:39:20,42.4522857666016,-8.92437362670898,"Female"
"9004158",371991,2025-06-14 17:44:19,42.4519119262695,-8.92371082305908,"Female"
"9004158",371991,2025-06-14 17:49:49,42.4522666931152,-8.92266750335693,"Female"
"9004158",371991,2025-06-14 17:54:49,42.4524230957031,-8.92371273040771,"Female"
"9004158",371991,2025-06-14 17:59:48,42.4528350830078,-8.92391109466553,"Female"
"9004158",371991,2025-06-14 18:04:48,42.4531402587891,-8.92282676696777,"Female"
"9004158",371991,2025-06-14 18:09:49,42.4538421630859,-8.9234447479248,"Female"
"9004158",371991,2025-06-14 18:15:07,42.4539260864258,-8.92272853851318,"Female"
"9004158",371991,2025-06-14 18:20:06,42.4539566040039,-8.9229211807251,"Female"
"9004158",371991,2025-06-14 18:25:06,42.4531707763672,-8.92277526855469,"Female"
"9004158",371991,2025-06-14 18:30:34,42.4518814086914,-8.92194652557373,"Female"
"9004158",371991,2025-06-14 18:35:34,42.4440536499023,-8.92157649993896,"Female"
"9004158",371991,2025-06-14 18:40:35,42.3998031616211,-8.92140865325928,"Female"
"9004158",371991,2025-06-14 18:45:36,42.399040222168,-8.9218578338623,"Female"
"9004158",371991,2025-06-14 18:50:41,42.3992805480957,-8.92191696166992,"Female"
"9004158",371991,2025-06-14 18:56:29,42.3993225097656,-8.92195224761963,"Female"
"9004158",371991,2025-06-14 19:00:42,42.3994178771973,-8.92185878753662,"Female"
"9004158",371991,2025-06-14 19:06:48,42.3993873596191,-8.92197895050049,"Female"
"9004158",371991,2025-06-14 19:10:58,42.3992538452148,-8.92181301116943,"Female"
"9004158",371991,2025-06-14 19:15:46,42.3993263244629,-8.92184448242188,"Female"
"9004158",371991,2025-06-14 19:20:38,42.399299621582,-8.92263317108154,"Female"
"9004158",371991,2025-06-14 19:25:42,42.399284362793,-8.92203140258789,"Female"
"9004158",371991,2025-06-14 19:30:41,42.3993263244629,-8.92193222045898,"Female"
"9004158",371991,2025-06-14 19:35:40,42.399543762207,-8.92201805114746,"Female"
"9004158",371991,2025-06-14 19:40:41,42.3994026184082,-8.9219856262207,"Female"
"9004158",371991,2025-06-14 19:45:38,42.3993644714355,-8.92206859588623,"Female"
"9004158",371991,2025-06-14 19:50:35,42.3993301391602,-8.92243671417236,"Female"
"9004158",371991,2025-06-14 19:55:35,42.39990234375,-8.92422580718994,"Female"
"9004158",371991,2025-06-14 20:00:34,42.3992614746094,-8.92200946807861,"Female"
"9004158",371991,2025-06-14 20:05:34,42.3996925354004,-8.92218589782715,"Female"
"9004158",371991,2025-06-14 20:10:37,42.3992004394531,-8.92207908630371,"Female"
"9004158",371991,2025-06-14 20:15:38,42.3992614746094,-8.92191028594971,"Female"
"9004158",371991,2025-06-14 20:20:44,42.3991317749023,-8.92212295532227,"Female"
"9004158",371991,2025-06-14 20:25:34,42.399341583252,-8.92193698883057,"Female"
"9004158",371991,2025-06-14 20:30:36,42.3993682861328,-8.92191886901855,"Female"
"9004158",371991,2025-06-14 20:35:34,42.3994102478027,-8.92185306549072,"Female"
"9004158",371991,2025-06-14 20:40:36,42.3990936279297,-8.92205429077148,"Female"
"9004158",371991,2025-06-14 20:45:34,42.3991508483887,-8.92201328277588,"Female"
"9004158",371991,2025-06-14 20:50:36,42.3991279602051,-8.92178726196289,"Female"
"9004158",371991,2025-06-14 20:55:36,42.3994941711426,-8.92230796813965,"Female"
"9004158",371991,2025-06-14 21:00:38,42.3993186950684,-8.92225551605225,"Female"
"9004158",371991,2025-06-14 21:05:35,42.3994407653809,-8.92212200164795,"Female"
"9004158",371991,2025-06-14 21:10:36,42.3992652893066,-8.92210960388184,"Female"
"9004158",371991,2025-06-14 21:15:51,42.3994369506836,-8.92221260070801,"Female"
"9004158",371991,2025-06-14 21:20:41,42.3992042541504,-8.92204570770264,"Female"
"9004158",371991,2025-06-14 21:25:39,42.3990249633789,-8.92223072052002,"Female"
"9004158",371991,2025-06-14 21:30:45,42.3993911743164,-8.92240333557129,"Female"
"9004158",371991,2025-06-14 21:35:39,42.399284362793,-8.92209815979004,"Female"
"9004158",371991,2025-06-14 21:40:42,42.3994255065918,-8.92239570617676,"Female"
"9004158",371991,2025-06-14 21:45:40,42.3993988037109,-8.92240524291992,"Female"
"9004158",371991,2025-06-14 21:50:39,42.3992195129395,-8.92221546173096,"Female"
"9004158",371991,2025-06-14 21:55:43,42.3993263244629,-8.92202758789062,"Female"
"9004158",371991,2025-06-14 22:00:39,42.3995971679688,-8.92211627960205,"Female"
"9004158",371991,2025-06-14 22:05:45,42.399356842041,-8.92181587219238,"Female"
"9004158",371991,2025-06-14 22:10:37,42.3996772766113,-8.92221546173096,"Female"
"9004158",371991,2025-06-14 22:15:39,42.3996238708496,-8.92201042175293,"Female"
"9004158",371991,2025-06-14 22:20:53,42.3995323181152,-8.92237854003906,"Female"
"9004158",371991,2025-06-14 22:25:37,42.3992195129395,-8.92252445220947,"Female"
"9004158",371991,2025-06-14 22:30:43,42.3991584777832,-8.9222240447998,"Female"
"9004158",371991,2025-06-14 22:35:42,42.3992614746094,-8.92165279388428,"Female"
"9004158",371991,2025-06-14 22:40:40,42.3992500305176,-8.92204093933105,"Female"
"9004158",371991,2025-06-14 22:45:36,42.3993988037109,-8.92149925231934,"Female"
"9004158",371991,2025-06-14 22:50:39,42.400390625,-8.92149066925049,"Female"
"9004158",371991,2025-06-14 22:55:37,42.3990058898926,-8.92146110534668,"Female"
"9004158",371991,2025-06-14 23:00:39,42.4004325866699,-8.92239952087402,"Female"
"9004158",371991,2025-06-14 23:05:39,42.399600982666,-8.9225959777832,"Female"
"9004158",371991,2025-06-14 23:10:39,42.3994979858398,-8.92182636260986,"Female"
"9004158",371991,2025-06-14 23:15:40,42.398811340332,-8.92214393615723,"Female"
"9004158",371991,2025-06-14 23:20:40,42.3991737365723,-8.9214391708374,"Female"
"9004158",371991,2025-06-14 23:25:38,42.3995819091797,-8.92255878448486,"Female"
"9004158",371991,2025-06-14 23:30:42,42.3996658325195,-8.92250823974609,"Female"
"9004158",371991,2025-06-14 23:35:36,42.3995704650879,-8.92245960235596,"Female"
"9004158",371991,2025-06-14 23:40:36,42.3993873596191,-8.9224214553833,"Female"
"9004158",371991,2025-06-14 23:45:42,42.3992195129395,-8.9227180480957,"Female"
"9004158",371991,2025-06-14 23:50:47,42.3996047973633,-8.92212009429932,"Female"
"9004158",371991,2025-06-14 23:55:41,42.4002685546875,-8.92195224761963,"Female"
"9004158",371991,2025-06-15 00:00:39,42.3995246887207,-8.92229080200195,"Female"
"9004158",371991,2025-06-15 00:05:41,42.3994331359863,-8.92266845703125,"Female"
"9004158",371991,2025-06-15 00:10:44,42.3993301391602,-8.92204475402832,"Female"
"9004158",371991,2025-06-15 00:15:39,42.3993492126465,-8.92224025726318,"Female"
"9004158",371991,2025-06-15 00:20:39,42.3992233276367,-8.92214107513428,"Female"
"9004158",371991,2025-06-15 00:25:39,42.3993110656738,-8.92223358154297,"Female"
"9004158",371991,2025-06-15 00:30:39,42.3993835449219,-8.92201614379883,"Female"
"9004158",371991,2025-06-15 00:35:40,42.3992614746094,-8.92214870452881,"Female"
"9004158",371991,2025-06-15 00:40:43,42.3990211486816,-8.92260646820068,"Female"
"9004158",371991,2025-06-15 00:45:44,42.3989143371582,-8.92146110534668,"Female"
"9004158",371991,2025-06-15 00:50:40,42.3993072509766,-8.92238998413086,"Female"
"9004158",371991,2025-06-15 00:55:37,42.3989601135254,-8.92190551757812,"Female"
"9004158",371991,2025-06-15 01:00:37,42.3994026184082,-8.92233753204346,"Female"
"9004158",371991,2025-06-15 01:05:37,42.3992538452148,-8.92221832275391,"Female"
"9004158",371991,2025-06-15 01:10:42,42.3994026184082,-8.92244529724121,"Female"
"9004158",371991,2025-06-15 01:15:40,42.3990936279297,-8.92272472381592,"Female"
"9004158",371991,2025-06-15 01:20:39,42.3991508483887,-8.9219331741333,"Female"
"9004158",371991,2025-06-15 01:25:36,42.3996772766113,-8.92245578765869,"Female"
"9004158",371991,2025-06-15 01:30:39,42.3991355895996,-8.92182731628418,"Female"
"9004158",371991,2025-06-15 01:35:37,42.3992729187012,-8.9221076965332,"Female"
"9004158",371991,2025-06-15 01:40:38,42.3994560241699,-8.92246341705322,"Female"
"9004158",371991,2025-06-15 01:45:39,42.3994750976562,-8.92247867584229,"Female"
"9004158",371991,2025-06-15 01:50:39,42.3995094299316,-8.92231750488281,"Female"
"9004158",371991,2025-06-15 01:55:39,42.3995552062988,-8.92255592346191,"Female"
"9004158",371991,2025-06-15 02:00:41,42.3996391296387,-8.92239093780518,"Female"
"9004158",371991,2025-06-15 02:05:48,42.399585723877,-8.92213726043701,"Female"
"9004158",371991,2025-06-15 02:10:39,42.3998756408691,-8.9221830368042,"Female"
"9004158",371991,2025-06-15 02:15:40,42.3993835449219,-8.92218112945557,"Female"
"9004158",371991,2025-06-15 02:20:40,42.399845123291,-8.92224502563477,"Female"
"9004158",371991,2025-06-15 02:25:38,42.3998756408691,-8.92222213745117,"Female"
"9004158",371991,2025-06-15 02:30:40,42.3997383117676,-8.92231464385986,"Female"
"9004158",371991,2025-06-15 02:35:38,42.399772644043,-8.92242431640625,"Female"
"9004158",371991,2025-06-15 02:40:39,42.3997001647949,-8.92221355438232,"Female"
"9004158",371991,2025-06-15 02:45:37,42.3995552062988,-8.92238235473633,"Female"
"9004158",371991,2025-06-15 02:50:39,42.3995704650879,-8.92250823974609,"Female"
"9004158",371991,2025-06-15 02:55:38,42.3995590209961,-8.92239379882812,"Female"
"9004158",371991,2025-06-15 03:00:39,42.3994827270508,-8.92245864868164,"Female"
"9004158",371991,2025-06-15 03:05:37,42.3995513916016,-8.92230415344238,"Female"
"9004158",371991,2025-06-15 03:10:38,42.3997039794922,-8.92245960235596,"Female"
"9004158",371991,2025-06-15 03:15:36,42.3995628356934,-8.92238903045654,"Female"
"9004158",371991,2025-06-15 03:20:36,42.3996505737305,-8.92242050170898,"Female"
"9004158",371991,2025-06-15 03:25:36,42.3994789123535,-8.92235279083252,"Female"
"9004158",371991,2025-06-15 03:30:43,42.3996200561523,-8.92211437225342,"Female"
"9004158",371991,2025-06-15 03:35:38,42.3993682861328,-8.92251205444336,"Female"
"9004158",371991,2025-06-15 03:40:39,42.399585723877,-8.92241382598877,"Female"
"9004158",371991,2025-06-15 03:45:43,42.3993644714355,-8.9226541519165,"Female"
"9004158",371991,2025-06-15 03:50:42,42.3994560241699,-8.92248630523682,"Female"
"9004158",371991,2025-06-15 03:55:41,42.3992576599121,-8.92234802246094,"Female"
"9004158",371991,2025-06-15 04:00:52,42.3995170593262,-8.92208957672119,"Female"
"9004158",371991,2025-06-15 04:05:47,42.3994102478027,-8.92216777801514,"Female"
"9004158",371991,2025-06-15 04:10:39,42.3989219665527,-8.92269229888916,"Female"
"9004158",371991,2025-06-15 04:15:39,42.3991928100586,-8.922194480896,"Female"
"9004158",371991,2025-06-15 04:20:37,42.3992195129395,-8.92202091217041,"Female"
"9004158",371991,2025-06-15 04:25:37,42.3993186950684,-8.92183876037598,"Female"
"9004158",371991,2025-06-15 04:30:37,42.3993034362793,-8.92200183868408,"Female"
"9004158",371991,2025-06-15 04:35:43,42.3989868164062,-8.92196464538574,"Female"
"9004158",371991,2025-06-15 04:40:41,42.3988189697266,-8.9221305847168,"Female"
"9004158",371991,2025-06-15 04:45:38,42.398868560791,-8.92206764221191,"Female"
"9004158",371991,2025-06-15 04:50:35,42.3986473083496,-8.92030048370361,"Female"
"9004158",371991,2025-06-15 04:55:37,42.3994331359863,-8.92237186431885,"Female"
"9004158",371991,2025-06-15 05:00:34,42.3993148803711,-8.92140960693359,"Female"
"9004158",371991,2025-06-15 05:05:34,42.398063659668,-8.92037105560303,"Female"
"9004158",371991,2025-06-15 05:10:34,42.398063659668,-8.92026710510254,"Female"
"9004158",371991,2025-06-15 05:15:34,42.3982162475586,-8.92001628875732,"Female"
"9004158",371991,2025-06-15 05:20:34,42.3982048034668,-8.91996574401855,"Female"
"9004158",371991,2025-06-15 05:25:34,42.3981552124023,-8.92009162902832,"Female"
"9004158",371991,2025-06-15 05:30:34,42.3981475830078,-8.92003059387207,"Female"
"9004158",371991,2025-06-15 05:35:34,42.3981246948242,-8.92003345489502,"Female"
"9004158",371991,2025-06-15 05:40:36,42.3981285095215,-8.92016410827637,"Female"
"9004158",371991,2025-06-15 05:45:34,42.3979339599609,-8.92005062103271,"Female"
"9004158",371991,2025-06-15 05:50:34,42.3980560302734,-8.92011451721191,"Female"
"9004158",371991,2025-06-15 05:55:34,42.3979606628418,-8.92027950286865,"Female"
"9004158",371991,2025-06-15 06:00:34,42.3995552062988,-8.90949821472168,"Female"
"9004158",371991,2025-06-15 06:06:17,42.40576171875,-8.89895248413086,"Female"
"9004158",371991,2025-06-15 06:12:03,42.4113883972168,-8.89207649230957,"Female"
"9004158",371991,2025-06-15 06:17:25,42.4161033630371,-8.88733863830566,"Female"
"9004158",371991,2025-06-15 06:22:45,42.4173126220703,-8.88607597351074,"Female"
"9004158",371991,2025-06-15 06:27:46,42.4159240722656,-8.88318634033203,"Female"
"9004158",371991,2025-06-15 06:33:24,42.415111541748,-8.8830509185791,"Female"
"9004158",371991,2025-06-15 06:38:52,42.4121131896973,-8.88301277160645,"Female"
"9004158",371991,2025-06-15 06:43:52,42.4070205688477,-8.88227939605713,"Female"
"9004158",371991,2025-06-15 06:48:52,42.4068870544434,-8.87347984313965,"Female"
"9004158",371991,2025-06-15 06:53:52,42.4070930480957,-8.87295913696289,"Female"
"9004158",371991,2025-06-15 06:58:52,42.400707244873,-8.91479206085205,"Female"
"9004158",371991,2025-06-15 07:03:52,42.3992729187012,-8.92101764678955,"Female"
"9004158",371991,2025-06-15 07:08:52,42.399284362793,-8.9210901260376,"Female"
"9004158",371991,2025-06-15 07:13:52,42.3993606567383,-8.92109489440918,"Female"
"9004158",371991,2025-06-15 07:18:52,42.3993225097656,-8.92108535766602,"Female"
"9004158",371991,2025-06-15 07:23:53,42.3993530273438,-8.92106056213379,"Female"
"9004158",371991,2025-06-15 07:28:52,42.3995056152344,-8.92067623138428,"Female"
"9004158",371991,2025-06-15 07:33:52,42.3990440368652,-8.92123889923096,"Female"
"9004158",371991,2025-06-15 07:38:55,42.3995971679688,-8.92066478729248,"Female"
"9004158",371991,2025-06-15 07:43:54,42.3991432189941,-8.92119216918945,"Female"
"9004158",371991,2025-06-15 07:48:52,42.3993492126465,-8.92097282409668,"Female"
"9004158",371991,2025-06-15 07:53:52,42.3992614746094,-8.92118740081787,"Female"
"9004158",371991,2025-06-15 07:58:52,42.3989410400391,-8.92150115966797,"Female"
"9004158",371991,2025-06-15 08:03:52,42.3990478515625,-8.92140007019043,"Female"
"9004158",371991,2025-06-15 08:08:52,42.3989448547363,-8.92145252227783,"Female"
"9004158",371991,2025-06-15 08:13:52,42.3990211486816,-8.92145919799805,"Female"
"9004158",371991,2025-06-15 08:18:52,42.3990058898926,-8.92142486572266,"Female"
"9004158",371991,2025-06-15 08:23:52,42.3990173339844,-8.92139625549316,"Female"
"9004158",371991,2025-06-15 08:28:52,42.3990287780762,-8.92138767242432,"Female"
"9004158",371991,2025-06-15 08:33:52,42.3990783691406,-8.9213399887085,"Female"
"9004158",371991,2025-06-15 08:38:52,42.3990173339844,-8.92136096954346,"Female"
"9004158",371991,2025-06-15 08:43:52,42.3990135192871,-8.92148494720459,"Female"
"9004158",371991,2025-06-15 08:48:52,42.399040222168,-8.9212646484375,"Female"
"9004158",371991,2025-06-15 08:53:52,42.3989524841309,-8.92123126983643,"Female"
"9004158",371991,2025-06-15 08:58:52,42.3988952636719,-8.92124938964844,"Female"
"9004158",371991,2025-06-15 09:03:52,42.3990058898926,-8.92115020751953,"Female"
"9004158",371991,2025-06-15 09:08:52,42.3988952636719,-8.92115497589111,"Female"
"9004158",371991,2025-06-15 09:13:52,42.3987884521484,-8.92112731933594,"Female"
"9004158",371991,2025-06-15 09:18:52,42.3989105224609,-8.92099380493164,"Female"
"9004158",371991,2025-06-15 09:23:52,42.3988494873047,-8.92087554931641,"Female"
"9004158",371991,2025-06-15 09:28:52,42.3988189697266,-8.9207935333252,"Female"
"9004158",371991,2025-06-15 09:33:54,42.3989715576172,-8.92092800140381,"Female"
"9004158",371991,2025-06-15 09:38:52,42.3987998962402,-8.92053318023682,"Female"
"9004158",371991,2025-06-15 09:43:57,42.3989410400391,-8.92071533203125,"Female"
"9004158",371991,2025-06-15 09:48:53,42.3993072509766,-8.92051601409912,"Female"
"9004158",371991,2025-06-15 09:53:52,42.3992805480957,-8.92051792144775,"Female"
"9004158",371991,2025-06-15 09:58:53,42.3993110656738,-8.92043209075928,"Female"
"9004158",371991,2025-06-15 10:03:52,42.3994140625,-8.92107009887695,"Female"
"9004158",371991,2025-06-15 10:08:53,42.3993873596191,-8.9210205078125,"Female"
"9004158",371991,2025-06-15 10:13:52,42.3994064331055,-8.92111873626709,"Female"
"9004158",371991,2025-06-15 10:18:52,42.3995056152344,-8.92110633850098,"Female"
"9004158",371991,2025-06-15 10:23:52,42.399356842041,-8.92120456695557,"Female"
"9004158",371991,2025-06-15 10:28:54,42.3991394042969,-8.92109203338623,"Female"
"9004158",371991,2025-06-15 10:33:52,42.3993682861328,-8.92108058929443,"Female"
"9004158",371991,2025-06-15 10:38:54,42.3989715576172,-8.92119216918945,"Female"
"9004158",371991,2025-06-15 10:43:52,42.3992195129395,-8.92103481292725,"Female"
"9004158",371991,2025-06-15 10:48:52,42.4041786193848,-8.92125225067139,"Female"
"9004158",371991,2025-06-15 10:53:53,42.4166297912598,-8.92499351501465,"Female"
"9004158",371991,2025-06-15 10:58:54,42.4390449523926,-8.92322635650635,"Female"
"9004158",371991,2025-06-15 11:03:54,42.4519500732422,-8.92231559753418,"Female"
"9004158",371991,2025-06-15 11:08:56,42.4524841308594,-8.92274761199951,"Female"
"9004158",371991,2025-06-15 11:13:53,42.4527778625488,-8.92321014404297,"Female"
"9004158",371991,2025-06-15 11:19:23,42.453296661377,-8.92255020141602,"Female"
"9004158",371991,2025-06-15 11:24:13,42.4542655944824,-8.92303657531738,"Female"
"9004158",371991,2025-06-15 11:29:20,42.4546241760254,-8.92312431335449,"Female"
"9004158",371991,2025-06-15 11:34:22,42.4554481506348,-8.92134380340576,"Female"
"9004158",371991,2025-06-15 11:39:53,42.4562721252441,-8.92013263702393,"Female"
"9004158",371991,2025-06-15 11:45:07,42.456672668457,-8.91925239562988,"Female"
"9004158",371991,2025-06-15 11:50:31,42.455982208252,-8.91983318328857,"Female"
"9004158",371991,2025-06-15 11:55:54,42.4557228088379,-8.92062282562256,"Female"
"9004158",371991,2025-06-15 12:03:49,42.4549179077148,-8.91843795776367,"Female"
"9004158",371991,2025-06-15 12:11:06,42.4548072814941,-8.91768360137939,"Female"
"9004158",371991,2025-06-15 12:16:19,42.4544944763184,-8.91818618774414,"Female"
"9004158",371991,2025-06-15 12:21:09,42.4550437927246,-8.91775989532471,"Female"
"9004158",371991,2025-06-15 12:26:04,42.4549751281738,-8.91717910766602,"Female"
"9004158",371991,2025-06-15 12:31:06,42.4551239013672,-8.91775035858154,"Female"
"9004158",371991,2025-06-15 12:36:02,42.4550895690918,-8.91786670684814,"Female"
"9004158",371991,2025-06-15 12:41:03,42.4550514221191,-8.91792297363281,"Female"
"9004158",371991,2025-06-15 12:46:03,42.4550704956055,-8.91788673400879,"Female"
"9004158",371991,2025-06-15 12:51:14,42.4550361633301,-8.9182243347168,"Female"
"9004158",371991,2025-06-15 12:56:03,42.4548873901367,-8.91812324523926,"Female"
"9004158",371991,2025-06-15 13:01:00,42.454906463623,-8.91819763183594,"Female"
"9004158",371991,2025-06-15 13:06:01,42.4550132751465,-8.91819000244141,"Female"
"9004158",371991,2025-06-15 13:11:10,42.4570999145508,-8.91863059997559,"Female"
"9004158",371991,2025-06-15 13:16:02,42.4569358825684,-8.91894149780273,"Female"
"9004158",371991,2025-06-15 13:21:02,42.456470489502,-8.91963577270508,"Female"
"9004158",371991,2025-06-15 13:26:31,42.4558982849121,-8.91950702667236,"Female"
"9004158",371991,2025-06-15 13:31:49,42.4558181762695,-8.92089939117432,"Female"
"9004158",371991,2025-06-15 13:36:36,42.4555320739746,-8.92081260681152,"Female"
"9004158",371991,2025-06-15 13:41:37,42.4553909301758,-8.92098522186279,"Female"
"9004158",371991,2025-06-15 13:48:05,42.4550247192383,-8.92227458953857,"Female"
"9004158",371991,2025-06-15 13:52:33,42.4542236328125,-8.92335510253906,"Female"
"9004158",371991,2025-06-15 13:57:51,42.4534721374512,-8.92356967926025,"Female"
"9004158",371991,2025-06-15 14:02:46,42.4529800415039,-8.92368984222412,"Female"
"9004158",371991,2025-06-15 14:08:02,42.4520263671875,-8.92407894134521,"Female"
"9004158",371991,2025-06-15 14:12:47,42.4527969360352,-8.92361831665039,"Female"
"9004158",371991,2025-06-15 14:17:47,42.4528579711914,-8.92367172241211,"Female"
"9004158",371991,2025-06-15 14:22:47,42.4528388977051,-8.92368316650391,"Female"
"9004158",371991,2025-06-15 14:27:47,42.4529228210449,-8.92368698120117,"Female"
"9004158",371991,2025-06-15 14:32:48,42.4528961181641,-8.92372512817383,"Female"
"9004158",371991,2025-06-15 14:37:49,42.4530067443848,-8.92360496520996,"Female"
"9004158",371991,2025-06-15 14:42:53,42.4530982971191,-8.92365264892578,"Female"
"9004158",371991,2025-06-15 14:47:53,42.4528427124023,-8.92350196838379,"Female"
"9004158",371991,2025-06-15 14:52:52,42.4530601501465,-8.92373847961426,"Female"
"9004158",371991,2025-06-15 14:57:53,42.452938079834,-8.92357063293457,"Female"
"9004158",371991,2025-06-15 15:02:53,42.4533081054688,-8.92427635192871,"Female"
"9004158",371991,2025-06-15 15:07:52,42.4528427124023,-8.92346382141113,"Female"
"9004158",371991,2025-06-15 15:12:52,42.4528274536133,-8.92393398284912,"Female"
"9004158",371991,2025-06-15 15:17:53,42.4530143737793,-8.92379951477051,"Female"
"9004158",371991,2025-06-15 15:22:48,42.4515380859375,-8.92367839813232,"Female"
"9004158",371991,2025-06-15 15:27:52,42.4514770507812,-8.9227933883667,"Female"
"9004158",371991,2025-06-15 15:32:48,42.4514465332031,-8.92317485809326,"Female"
"9004158",371991,2025-06-15 15:37:49,42.4514961242676,-8.92265701293945,"Female"
"9004158",371991,2025-06-15 15:43:01,42.4513854980469,-8.92228698730469,"Female"
"9004158",371991,2025-06-15 15:47:53,42.4515686035156,-8.92274475097656,"Female"
"9004158",371991,2025-06-15 15:52:48,42.4514274597168,-8.92291259765625,"Female"
"9004158",371991,2025-06-15 15:57:49,42.4513893127441,-8.92254257202148,"Female"
"9004158",371991,2025-06-15 16:02:47,42.4513740539551,-8.92290878295898,"Female"
"9004158",371991,2025-06-15 16:07:51,42.4513626098633,-8.92258739471436,"Female"
"9004158",371991,2025-06-15 16:12:51,42.4513626098633,-8.92260360717773,"Female"
"9004158",371991,2025-06-15 16:17:52,42.451229095459,-8.92273807525635,"Female"
"9004158",371991,2025-06-15 16:22:54,42.4513549804688,-8.92259788513184,"Female"
"9004158",371991,2025-06-15 16:27:47,42.4512977600098,-8.92341613769531,"Female"
"9004158",371991,2025-06-15 16:32:50,42.4512710571289,-8.92329406738281,"Female"
"9004158",371991,2025-06-15 16:37:49,42.4517860412598,-8.92259979248047,"Female"
"9004158",371991,2025-06-15 16:42:51,42.451286315918,-8.92267513275146,"Female"
"9004158",371991,2025-06-15 16:47:48,42.4312286376953,-8.92156982421875,"Female"
"9004158",371991,2025-06-15 16:53:24,42.3992767333984,-8.92214584350586,"Female"
"9004158",371991,2025-06-15 16:58:08,42.3992080688477,-8.92214775085449,"Female"
"9004158",371991,2025-06-15 17:03:04,42.3993949890137,-8.92219257354736,"Female"
"9004158",371991,2025-06-15 17:07:54,42.3994216918945,-8.92220211029053,"Female"
"9004158",371991,2025-06-15 17:12:55,42.3993186950684,-8.92207813262939,"Female"
"9004158",371991,2025-06-15 17:18:00,42.399356842041,-8.9222583770752,"Female"
"9004158",371991,2025-06-15 17:22:55,42.3993988037109,-8.92219924926758,"Female"
"9004158",371991,2025-06-15 17:28:14,42.4003105163574,-8.92219066619873,"Female"
"9004158",371991,2025-06-15 17:32:53,42.3999519348145,-8.92079257965088,"Female"
"9004158",371991,2025-06-15 17:38:00,42.4001388549805,-8.92227268218994,"Female"
"9004158",371991,2025-06-15 17:42:54,42.4000930786133,-8.92258930206299,"Female"
"9004158",371991,2025-06-15 17:48:00,42.3996887207031,-8.92229843139648,"Female"
"9004158",371991,2025-06-15 17:53:08,42.3997993469238,-8.92232227325439,"Female"
"9004158",371991,2025-06-15 17:57:57,42.3995475769043,-8.92220973968506,"Female"
"9004158",371991,2025-06-15 18:02:54,42.3997421264648,-8.92173290252686,"Female"
"9004158",371991,2025-06-15 18:07:56,42.3996315002441,-8.92194843292236,"Female"
"9004158",371991,2025-06-15 18:12:52,42.3995552062988,-8.92260265350342,"Female"
"9004158",371991,2025-06-15 18:17:52,42.3996124267578,-8.92194366455078,"Female"
"9004158",371991,2025-06-15 18:22:53,42.3995704650879,-8.92253971099854,"Female"
"9004158",371991,2025-06-15 18:27:51,42.3995513916016,-8.92234802246094,"Female"
"9004158",371991,2025-06-15 18:32:51,42.3994750976562,-8.92241287231445,"Female"
"9004158",371991,2025-06-15 18:37:52,42.3995628356934,-8.92249584197998,"Female"
"9004158",371991,2025-06-15 18:42:53,42.3997955322266,-8.92224407196045,"Female"
"9004158",371991,2025-06-15 18:47:47,42.3997917175293,-8.92233371734619,"Female"
"9004158",371991,2025-06-15 18:52:54,42.3998413085938,-8.92213344573975,"Female"
"9004158",371991,2025-06-15 18:57:55,42.3996467590332,-8.9221830368042,"Female"
"9004158",371991,2025-06-15 19:03:03,42.3996925354004,-8.92213249206543,"Female"
"9004158",371991,2025-06-15 19:09:10,42.3992652893066,-8.92203807830811,"Female"
"9004158",371991,2025-06-15 19:12:57,42.3992233276367,-8.92195415496826,"Female"
"9004158",371991,2025-06-15 19:17:53,42.3994255065918,-8.92210292816162,"Female"
"9004158",371991,2025-06-15 19:23:00,42.3993797302246,-8.92206001281738,"Female"
"9004158",371991,2025-06-15 19:27:47,42.3992042541504,-8.92205238342285,"Female"
"9004158",371991,2025-06-15 19:32:49,42.3991775512695,-8.922043800354,"Female"
"9004158",371991,2025-06-15 19:37:48,42.3991546630859,-8.92193794250488,"Female"
"9004158",371991,2025-06-15 19:42:52,42.3995819091797,-8.92212295532227,"Female"
"9004158",371991,2025-06-15 19:47:47,42.3993949890137,-8.92196464538574,"Female"
"9004158",371991,2025-06-15 19:52:49,42.3994674682617,-8.92215347290039,"Female"
"9004158",371991,2025-06-15 19:57:49,42.3995552062988,-8.92211055755615,"Female"
"9004158",371991,2025-06-15 20:02:49,42.3995552062988,-8.92251300811768,"Female"
"9004158",371991,2025-06-15 20:07:51,42.3995704650879,-8.92207717895508,"Female"
"9004158",371991,2025-06-15 20:12:50,42.3992462158203,-8.92172431945801,"Female"
"9004158",371991,2025-06-15 20:17:52,42.3983955383301,-8.91862297058105,"Female"
"9004158",371991,2025-06-15 20:22:54,42.3993759155273,-8.92202663421631,"Female"
"9004158",371991,2025-06-15 20:27:54,42.3992691040039,-8.92208480834961,"Female"
"9004158",371991,2025-06-15 20:32:51,42.3994216918945,-8.92190742492676,"Female"
"9004158",371991,2025-06-15 20:38:00,42.3994293212891,-8.92198944091797,"Female"
"9004158",371991,2025-06-15 20:42:52,42.3997344970703,-8.92266368865967,"Female"
"9004158",371991,2025-06-15 20:47:53,42.3990097045898,-8.921142578125,"Female"
"9004158",371991,2025-06-15 20:52:51,42.3999481201172,-8.92271327972412,"Female"
"9004158",371991,2025-06-15 20:57:54,42.3993301391602,-8.92188930511475,"Female"
"9004158",371991,2025-06-15 21:02:55,42.4000091552734,-8.92224979400635,"Female"
"9004158",371991,2025-06-15 21:08:02,42.4005317687988,-8.92204093933105,"Female"
"9004158",371991,2025-06-15 21:13:01,42.4008178710938,-8.92180061340332,"Female"
"9004158",371991,2025-06-15 21:18:00,42.4014854431152,-8.92184448242188,"Female"
"9004158",371991,2025-06-15 21:22:56,42.4000854492188,-8.92213821411133,"Female"
"9004158",371991,2025-06-15 21:28:01,42.4004440307617,-8.9218807220459,"Female"
"9004158",371991,2025-06-15 21:33:29,42.3997077941895,-8.92291641235352,"Female"
"9004158",371991,2025-06-15 21:37:48,42.4003562927246,-8.92252063751221,"Female"
"9004158",371991,2025-06-15 21:42:49,42.3995323181152,-8.92261219024658,"Female"
"9004158",371991,2025-06-15 21:47:51,42.3993873596191,-8.92296314239502,"Female"
"9004158",371991,2025-06-15 21:52:51,42.3993797302246,-8.92295455932617,"Female"
"9004158",371991,2025-06-15 21:57:55,42.3994178771973,-8.92273139953613,"Female"
"9004158",371991,2025-06-15 22:02:58,42.3992195129395,-8.92256259918213,"Female"
"9004158",371991,2025-06-15 22:07:57,42.3991203308105,-8.92251110076904,"Female"
"9004158",371991,2025-06-15 22:12:52,42.3992042541504,-8.9226016998291,"Female"
"9004158",371991,2025-06-15 22:17:53,42.3993873596191,-8.92291164398193,"Female"
"9004158",371991,2025-06-15 22:22:58,42.3992958068848,-8.92227077484131,"Female"
"9004158",371991,2025-06-15 22:27:59,42.3998870849609,-8.92227745056152,"Female"
"9004158",371991,2025-06-15 22:32:48,42.3998794555664,-8.9225435256958,"Female"
"9004158",371991,2025-06-15 22:37:52,42.4009971618652,-8.92210578918457,"Female"
"9004158",371991,2025-06-15 22:43:13,42.4007377624512,-8.9225025177002,"Female"
"9004158",371991,2025-06-15 22:48:02,42.4006652832031,-8.92208099365234,"Female"
"9004158",371991,2025-06-15 22:52:53,42.4001502990723,-8.92260074615479,"Female"
"9004158",371991,2025-06-15 22:57:55,42.3999633789062,-8.92214012145996,"Female"
"9004158",371991,2025-06-15 23:03:05,42.3994522094727,-8.92204284667969,"Female"
"9004158",371991,2025-06-15 23:07:48,42.399730682373,-8.92227840423584,"Female"
"9004158",371991,2025-06-15 23:12:51,42.4002952575684,-8.92255973815918,"Female"
"9004158",371991,2025-06-15 23:17:51,42.3989295959473,-8.92177486419678,"Female"
"9004158",371991,2025-06-15 23:22:51,42.399356842041,-8.92189979553223,"Female"
"9004158",371991,2025-06-15 23:27:48,42.3991470336914,-8.92190265655518,"Female"
"9004158",371991,2025-06-15 23:32:49,42.3993721008301,-8.92194080352783,"Female"
"9004158",371991,2025-06-15 23:37:48,42.3993301391602,-8.92204093933105,"Female"
"9004158",371991,2025-06-15 23:43:23,42.3992576599121,-8.92198944091797,"Female"
"9004158",371991,2025-06-15 23:47:54,42.3998146057129,-8.92187309265137,"Female"
"9004158",371991,2025-06-15 23:52:52,42.399543762207,-8.92235851287842,"Female"
"9004158",371991,2025-06-15 23:57:58,42.3992881774902,-8.92201137542725,"Female"
"9004158",371991,2025-06-16 00:02:53,42.3992919921875,-8.92214298248291,"Female"
"9004158",371991,2025-06-16 00:07:54,42.3992767333984,-8.92212390899658,"Female"
"9004158",371991,2025-06-16 00:12:54,42.3993949890137,-8.92228698730469,"Female"
"9004158",371991,2025-06-16 00:17:54,42.3993721008301,-8.92208099365234,"Female"
"9004158",371991,2025-06-16 00:22:54,42.3993072509766,-8.92216300964355,"Female"
"9004158",371991,2025-06-16 00:28:03,42.3991470336914,-8.92223453521729,"Female"
"9004158",371991,2025-06-16 00:32:55,42.3996124267578,-8.92292308807373,"Female"
"9004158",371991,2025-06-16 00:38:17,42.3994407653809,-8.92273712158203,"Female"
"9004158",371991,2025-06-16 00:42:56,42.3993034362793,-8.92236232757568,"Female"
"9004158",371991,2025-06-16 00:48:03,42.3993301391602,-8.92248630523682,"Female"
"9004158",371991,2025-06-16 00:53:23,42.3993949890137,-8.92205715179443,"Female"
"9004158",371991,2025-06-16 00:57:47,42.3990631103516,-8.92190265655518,"Female"
"9004158",371991,2025-06-16 01:02:51,42.3994026184082,-8.92255973815918,"Female"
"9004158",371991,2025-06-16 01:07:51,42.3992729187012,-8.92248058319092,"Female"
"9004158",371991,2025-06-16 01:12:57,42.3992004394531,-8.92235374450684,"Female"
"9004158",371991,2025-06-16 01:17:54,42.3993453979492,-8.92261981964111,"Female"
"9004158",371991,2025-06-16 01:22:54,42.3992729187012,-8.92260837554932,"Female"
"9004158",371991,2025-06-16 01:28:02,42.399055480957,-8.92248344421387,"Female"
"9004158",371991,2025-06-16 01:32:54,42.399055480957,-8.92232990264893,"Female"
"9004158",371991,2025-06-16 01:37:52,42.4010810852051,-8.92310428619385,"Female"
"9004158",371991,2025-06-16 01:42:56,42.3997497558594,-8.92214775085449,"Female"
"9004158",371991,2025-06-16 01:48:16,42.398494720459,-8.92209148406982,"Female"
"9004158",371991,2025-06-16 01:52:56,42.3989067077637,-8.92200756072998,"Female"
"9004158",371991,2025-06-16 01:57:52,42.3997268676758,-8.92242050170898,"Female"
"9004158",371991,2025-06-16 02:03:10,42.3986511230469,-8.92195701599121,"Female"
"9004158",371991,2025-06-16 02:08:11,42.3986740112305,-8.92169284820557,"Female"
"9004158",371991,2025-06-16 02:13:19,42.398738861084,-8.92186450958252,"Female"
"9004158",371991,2025-06-16 02:17:52,42.3992118835449,-8.9219331741333,"Female"
"9004158",371991,2025-06-16 02:23:11,42.3992805480957,-8.92208766937256,"Female"
"9004158",371991,2025-06-16 02:27:53,42.3979911804199,-8.92115497589111,"Female"
"9004158",371991,2025-06-16 02:32:54,42.399658203125,-8.92227363586426,"Female"
"9004158",371991,2025-06-16 02:37:55,42.3996086120605,-8.92209911346436,"Female"
"9004158",371991,2025-06-16 02:42:49,42.3995132446289,-8.9221830368042,"Female"
"9004158",371991,2025-06-16 02:47:54,42.3993148803711,-8.92218208312988,"Female"
"9004158",371991,2025-06-16 02:53:00,42.3991775512695,-8.92205429077148,"Female"
"9004158",371991,2025-06-16 02:57:54,42.3992958068848,-8.92218112945557,"Female"
"9004158",371991,2025-06-16 03:03:00,42.3993225097656,-8.92214107513428,"Female"
"9004158",371991,2025-06-16 03:08:00,42.399284362793,-8.92214870452881,"Female"
"9004158",371991,2025-06-16 03:13:03,42.3995018005371,-8.92224407196045,"Female"
"9004158",371991,2025-06-16 03:18:01,42.3994255065918,-8.92204761505127,"Female"
"9004158",371991,2025-06-16 03:22:54,42.3995704650879,-8.92236995697021,"Female"
"9004158",371991,2025-06-16 03:27:54,42.3996467590332,-8.92271423339844,"Female"
"9004158",371991,2025-06-16 03:33:00,42.399829864502,-8.92273044586182,"Female"
"9004158",371991,2025-06-16 03:38:14,42.3995780944824,-8.92259120941162,"Female"
"9004158",371991,2025-06-16 03:42:54,42.3993644714355,-8.92221736907959,"Female"
"9004158",371991,2025-06-16 03:47:48,42.3988151550293,-8.92133903503418,"Female"
"9004158",371991,2025-06-16 03:53:22,42.3993034362793,-8.92188835144043,"Female"
"9004158",371991,2025-06-16 03:58:02,42.3988304138184,-8.92190933227539,"Female"
"9004158",371991,2025-06-16 04:02:52,42.3994026184082,-8.92170906066895,"Female"
"9004158",371991,2025-06-16 04:07:54,42.3990592956543,-8.92200469970703,"Female"
"9004158",371991,2025-06-16 04:12:47,42.398609161377,-8.92183113098145,"Female"
"9004158",371991,2025-06-16 04:17:49,42.3983345031738,-8.92181301116943,"Female"
"9004158",371991,2025-06-16 04:22:48,42.3982467651367,-8.92138957977295,"Female"
"9004158",371991,2025-06-16 04:27:48,42.3997077941895,-8.92177104949951,"Female"
"9004158",371991,2025-06-16 04:32:50,42.4001731872559,-8.92208290100098,"Female"
"9004158",371991,2025-06-16 04:37:48,42.4001426696777,-8.9221773147583,"Female"
"9004158",371991,2025-06-16 04:42:48,42.4001083374023,-8.92166805267334,"Female"
"9004158",371991,2025-06-16 04:47:53,42.3999786376953,-8.92176055908203,"Female"
"9004158",371991,2025-06-16 04:52:54,42.4001731872559,-8.92114067077637,"Female"
"9004158",371991,2025-06-16 04:58:00,42.4000205993652,-8.9213752746582,"Female"
"9004158",371991,2025-06-16 05:02:47,42.3981552124023,-8.91971588134766,"Female"
"9004158",371991,2025-06-16 05:07:48,42.3981399536133,-8.91971397399902,"Female"
"9004158",371991,2025-06-16 05:12:49,42.3983001708984,-8.92005634307861,"Female"
"9004158",371991,2025-06-16 05:17:47,42.3983268737793,-8.91984272003174,"Female"
"9004158",371991,2025-06-16 05:22:47,42.3982238769531,-8.91969299316406,"Female"
"9004158",371991,2025-06-16 05:27:47,42.3982048034668,-8.91969776153564,"Female"
"9004158",371991,2025-06-16 05:32:48,42.3982276916504,-8.91985988616943,"Female"
"9004158",371991,2025-06-16 05:37:47,42.3981895446777,-8.91973781585693,"Female"
"9004158",371991,2025-06-16 05:42:48,42.3982963562012,-8.91978740692139,"Female"
"9004158",371991,2025-06-16 05:47:47,42.3982238769531,-8.91979026794434,"Female"
"9004158",371991,2025-06-16 05:52:47,42.398250579834,-8.91976070404053,"Female"
"9004158",371991,2025-06-16 05:57:47,42.397216796875,-8.9200439453125,"Female"
"9004158",371991,2025-06-16 06:03:22,42.4040794372559,-8.89963912963867,"Female"
"9004158",371991,2025-06-16 06:09:29,42.4060363769531,-8.89816665649414,"Female"
"9004158",371991,2025-06-16 06:15:31,42.4061889648438,-8.89415073394775,"Female"
"9004158",371991,2025-06-16 06:21:01,42.4059982299805,-8.88312816619873,"Female"
"9004158",371991,2025-06-16 06:26:15,42.4057273864746,-8.87483406066895,"Female"
"9004158",371991,2025-06-16 06:31:38,42.4055557250977,-8.87324905395508,"Female"
"9004158",371991,2025-06-16 06:37:21,42.4051094055176,-8.87324047088623,"Female"
"9004158",371991,2025-06-16 06:42:22,42.4050750732422,-8.8741569519043,"Female"
"9004158",371991,2025-06-16 06:47:24,42.4057197570801,-8.899094581604,"Female"
"9004158",371991,2025-06-16 06:52:19,42.3988838195801,-8.92007637023926,"Female"
"9004158",371991,2025-06-16 06:57:19,42.3988761901855,-8.92010593414307,"Female"
"9004158",371991,2025-06-16 07:02:21,42.398983001709,-8.9204626083374,"Female"
"9004158",371991,2025-06-16 07:07:20,42.3989067077637,-8.92020034790039,"Female"
"9004158",371991,2025-06-16 07:12:44,42.3989639282227,-8.92111015319824,"Female"
"9004158",371991,2025-06-16 07:17:19,42.3990097045898,-8.92108821868896,"Female"
"9004158",371991,2025-06-16 07:22:19,42.3991203308105,-8.92100429534912,"Female"
"9004158",371991,2025-06-16 07:27:19,42.3990936279297,-8.92111206054688,"Female"
"9004158",371991,2025-06-16 07:32:19,42.3990211486816,-8.92115688323975,"Female"
"9004158",371991,2025-06-16 07:37:19,42.3990821838379,-8.92120361328125,"Female"
"9004158",371991,2025-06-16 07:42:19,42.3990516662598,-8.9210786819458,"Female"
"9004158",371991,2025-06-16 07:47:31,42.3994178771973,-8.92099857330322,"Female"
"9004158",371991,2025-06-16 07:52:30,42.399284362793,-8.92102909088135,"Female"
"9004158",371991,2025-06-16 07:57:30,42.3990173339844,-8.92122936248779,"Female"
"9004158",371991,2025-06-16 08:02:30,42.399658203125,-8.92098999023438,"Female"
"9004158",371991,2025-06-16 08:07:56,42.4149513244629,-8.92155838012695,"Female"
"9004158",371991,2025-06-16 08:12:19,42.4157676696777,-8.92221164703369,"Female"
"9004158",371991,2025-06-16 08:17:19,42.4216766357422,-8.92195224761963,"Female"
"9004158",371991,2025-06-16 08:22:19,42.4488334655762,-8.92266750335693,"Female"
"9004158",371991,2025-06-16 08:27:19,42.4512977600098,-8.9228515625,"Female"
"9004158",371991,2025-06-16 08:32:20,42.4512176513672,-8.92264175415039,"Female"
"9004158",371991,2025-06-16 08:37:19,42.4513740539551,-8.92248821258545,"Female"
"9004158",371991,2025-06-16 08:42:19,42.4510726928711,-8.92263221740723,"Female"
"9004158",371991,2025-06-16 08:47:21,42.4511642456055,-8.92255306243896,"Female"
"9004158",371991,2025-06-16 08:52:22,42.4511795043945,-8.92244052886963,"Female"
"9004158",371991,2025-06-16 08:57:20,42.4510498046875,-8.92248725891113,"Female"
"9004158",371991,2025-06-16 09:02:20,42.4512748718262,-8.92243480682373,"Female"
"9004158",371991,2025-06-16 09:07:23,42.4523773193359,-8.92313861846924,"Female"
"9004158",371991,2025-06-16 09:18:44,42.4524917602539,-8.9226016998291,"Female"
"9004158",371991,2025-06-16 09:24:20,42.4527282714844,-8.92350959777832,"Female"
"9004158",371991,2025-06-16 09:30:00,42.4526176452637,-8.92379665374756,"Female"
"9004158",371991,2025-06-16 09:36:12,42.4528541564941,-8.92353630065918,"Female"
"9004158",371991,2025-06-16 09:41:09,42.4525299072266,-8.92289447784424,"Female"
"9004158",371991,2025-06-16 09:46:27,42.4541358947754,-8.92362594604492,"Female"
"9004158",371991,2025-06-16 09:51:32,42.4555397033691,-8.92191123962402,"Female"
"9004158",371991,2025-06-16 09:56:37,42.4554862976074,-8.92195415496826,"Female"
"9004158",371991,2025-06-16 10:01:37,42.4551315307617,-8.92169761657715,"Female"
"9004158",371991,2025-06-16 10:06:32,42.4561500549316,-8.92167472839355,"Female"
"9004158",371991,2025-06-16 10:11:32,42.4563369750977,-8.92171001434326,"Female"
"9004158",371991,2025-06-16 10:16:33,42.4566307067871,-8.92176628112793,"Female"
"9004158",371991,2025-06-16 10:21:32,42.4563179016113,-8.92203903198242,"Female"
"9004158",371991,2025-06-16 10:26:32,42.4562721252441,-8.92197704315186,"Female"
"9004158",371991,2025-06-16 10:31:32,42.4562149047852,-8.92212963104248,"Female"
"9004158",371991,2025-06-16 10:36:42,42.4553909301758,-8.92148590087891,"Female"
"9004158",371991,2025-06-16 10:41:32,42.4550285339355,-8.92120456695557,"Female"
"9004158",371991,2025-06-16 10:46:31,42.4554290771484,-8.92148780822754,"Female"
"9004158",371991,2025-06-16 10:51:32,42.4552383422852,-8.92136096954346,"Female"
"9004158",371991,2025-06-16 10:56:32,42.4555397033691,-8.92139530181885,"Female"
"9004158",371991,2025-06-16 11:01:32,42.4554672241211,-8.92142868041992,"Female"
"9004158",371991,2025-06-16 11:06:34,42.4555015563965,-8.92145538330078,"Female"
"9004158",371991,2025-06-16 11:11:32,42.4555511474609,-8.92142677307129,"Female"
"9004158",371991,2025-06-16 11:16:31,42.4554977416992,-8.92143058776855,"Female"
"9004158",371991,2025-06-16 11:21:32,42.4557418823242,-8.92143535614014,"Female"
"9004158",371991,2025-06-16 11:26:32,42.4553756713867,-8.92150211334229,"Female"
"9004158",371991,2025-06-16 11:31:32,42.4555931091309,-8.92166805267334,"Female"
"9004158",371991,2025-06-16 11:37:05,42.4554328918457,-8.92134666442871,"Female"
"9004158",371991,2025-06-16 11:41:32,42.4553298950195,-8.92125988006592,"Female"
"9004158",371991,2025-06-16 11:46:32,42.4553604125977,-8.92140769958496,"Female"
"9004158",371991,2025-06-16 11:51:32,42.4553337097168,-8.92137050628662,"Female"
"9004158",371991,2025-06-16 11:56:32,42.4553260803223,-8.92139720916748,"Female"
"9004158",371991,2025-06-16 12:01:32,42.4553489685059,-8.92134571075439,"Female"
"9004158",371991,2025-06-16 12:06:43,42.4553146362305,-8.92165374755859,"Female"
"9004158",371991,2025-06-16 12:12:00,42.4543724060059,-8.92332077026367,"Female"
"9004158",371991,2025-06-16 12:17:14,42.4538841247559,-8.92327976226807,"Female"
"9004158",371991,2025-06-16 12:22:03,42.453670501709,-8.92310237884521,"Female"
"9004158",371991,2025-06-16 12:26:57,42.4547882080078,-8.92263793945312,"Female"
"9004158",371991,2025-06-16 12:31:58,42.4549522399902,-8.92003536224365,"Female"
"9004158",371991,2025-06-16 12:36:58,42.4550895690918,-8.9200611114502,"Female"
"9004158",371991,2025-06-16 12:41:58,42.4550552368164,-8.92007827758789,"Female"
"9004158",371991,2025-06-16 12:46:58,42.4550590515137,-8.92004013061523,"Female"
"9004158",371991,2025-06-16 12:51:58,42.4551544189453,-8.92011737823486,"Female"
"9004158",371991,2025-06-16 12:57:29,42.4559173583984,-8.92006874084473,"Female"
"9004158",371991,2025-06-16 13:02:36,42.4563980102539,-8.92008495330811,"Female"
"9004158",371991,2025-06-16 13:07:31,42.4568939208984,-8.91884803771973,"Female"
"9004158",371991,2025-06-16 13:12:36,42.4570770263672,-8.91896438598633,"Female"
"9004158",371991,2025-06-16 13:17:36,42.4563980102539,-8.92030715942383,"Female"
"9004158",371991,2025-06-16 13:22:45,42.4560050964355,-8.92104339599609,"Female"
"9004158",371991,2025-06-16 13:27:57,42.4556617736816,-8.92156505584717,"Female"
"9004158",371991,2025-06-16 13:33:10,42.4558525085449,-8.92094135284424,"Female"
"9004158",371991,2025-06-16 13:38:14,42.4560661315918,-8.91968727111816,"Female"
"9004158",371991,2025-06-16 13:43:15,42.4562568664551,-8.91884899139404,"Female"
"9004158",371991,2025-06-16 13:48:14,42.4549331665039,-8.9183406829834,"Female"
"9004158",371991,2025-06-16 13:53:14,42.4550476074219,-8.91837692260742,"Female"
"9004158",371991,2025-06-16 13:58:14,42.4549522399902,-8.91834831237793,"Female"
"9004158",371991,2025-06-16 14:03:14,42.4549903869629,-8.9183464050293,"Female"
"9004158",371991,2025-06-16 14:08:14,42.4549255371094,-8.91831970214844,"Female"
"9004158",371991,2025-06-16 14:13:14,42.4549407958984,-8.91831684112549,"Female"
"9004158",371991,2025-06-16 14:18:14,42.4549331665039,-8.91830825805664,"Female"
"9004158",371991,2025-06-16 14:23:14,42.4549026489258,-8.91839790344238,"Female"
"9004158",371991,2025-06-16 14:28:14,42.4549598693848,-8.9183349609375,"Female"
"9004158",371991,2025-06-16 14:33:14,42.454963684082,-8.91839981079102,"Female"
"9004158",371991,2025-06-16 14:38:14,42.454963684082,-8.91833591461182,"Female"
"9004158",371991,2025-06-16 14:43:14,42.454948425293,-8.91837406158447,"Female"
"9004158",371991,2025-06-16 14:48:14,42.4549407958984,-8.91840934753418,"Female"
"9004158",371991,2025-06-16 14:53:14,42.454948425293,-8.91841125488281,"Female"
"9004158",371991,2025-06-16 14:58:14,42.4548149108887,-8.91836071014404,"Female"
"9004158",371991,2025-06-16 15:03:35,42.4547576904297,-8.9183521270752,"Female"
"9004158",371991,2025-06-16 15:08:14,42.4549407958984,-8.91855716705322,"Female"
"9004158",371991,2025-06-16 15:13:14,42.4549407958984,-8.91846179962158,"Female"
"9004158",371991,2025-06-16 15:18:14,42.4552764892578,-8.91955471038818,"Female"
"9004158",371991,2025-06-16 15:23:18,42.4565086364746,-8.92035579681396,"Female"
"9004158",371991,2025-06-16 15:28:14,42.4562797546387,-8.92022228240967,"Female"
"9004158",371991,2025-06-16 15:33:17,42.4560279846191,-8.92010021209717,"Female"
"9004158",371991,2025-06-16 15:44:41,42.4567451477051,-8.91927623748779,"Female"
"9004158",371991,2025-06-16 15:49:32,42.4568748474121,-8.9191837310791,"Female"
"9004158",371991,2025-06-16 15:54:52,42.4560050964355,-8.91989421844482,"Female"
"9004158",371991,2025-06-16 15:59:51,42.4560585021973,-8.92013072967529,"Female"
"9004158",371991,2025-06-16 16:04:51,42.4561004638672,-8.9200963973999,"Female"
"9004158",371991,2025-06-16 16:09:51,42.4561576843262,-8.92015075683594,"Female"
"9004158",371991,2025-06-16 16:14:51,42.4560546875,-8.92013359069824,"Female"
"9004158",371991,2025-06-16 16:19:51,42.4561157226562,-8.92011260986328,"Female"
"9004158",371991,2025-06-16 16:24:51,42.4560546875,-8.92006301879883,"Female"
"9004158",371991,2025-06-16 16:29:51,42.4560546875,-8.92004585266113,"Female"
"9004158",371991,2025-06-16 16:34:51,42.4560852050781,-8.92010116577148,"Female"
"9004158",371991,2025-06-16 16:39:51,42.4560852050781,-8.92013168334961,"Female"
"9004158",371991,2025-06-16 16:44:51,42.4561309814453,-8.92006874084473,"Female"
"9004158",371991,2025-06-16 16:49:51,42.4560470581055,-8.91998100280762,"Female"
"9004158",371991,2025-06-16 16:54:51,42.4561805725098,-8.91990852355957,"Female"
"9004158",371991,2025-06-16 16:59:52,42.4561424255371,-8.91994857788086,"Female"
"9004158",371991,2025-06-16 17:04:51,42.4562072753906,-8.91994857788086,"Female"
"9004158",371991,2025-06-16 17:09:51,42.4561080932617,-8.91991901397705,"Female"
"9004158",371991,2025-06-16 17:14:51,42.4561958312988,-8.9200267791748,"Female"
"9004158",371991,2025-06-16 17:19:51,42.4562530517578,-8.92001247406006,"Female"
"9004158",371991,2025-06-16 17:24:52,42.4561347961426,-8.92009162902832,"Female"
"9004158",371991,2025-06-16 17:29:51,42.4561004638672,-8.92034912109375,"Female"
"9004158",371991,2025-06-16 17:34:54,42.4562072753906,-8.91985607147217,"Female"
"9004158",371991,2025-06-16 17:39:51,42.455924987793,-8.92072582244873,"Female"
"9004158",371991,2025-06-16 17:44:51,42.4558029174805,-8.92074489593506,"Female"
"9004158",371991,2025-06-16 17:49:51,42.4554672241211,-8.92153072357178,"Female"
"9004158",371991,2025-06-16 17:54:51,42.4555549621582,-8.92135429382324,"Female"
"9004158",371991,2025-06-16 17:59:51,42.4556312561035,-8.92156600952148,"Female"
"9004158",371991,2025-06-16 18:04:51,42.4557800292969,-8.9218635559082,"Female"
"9004158",371991,2025-06-16 18:09:51,42.4556846618652,-8.92160129547119,"Female"
"9004158",371991,2025-06-16 18:15:00,42.4555854797363,-8.92151641845703,"Female"
"9004158",371991,2025-06-16 18:19:51,42.4557609558105,-8.92175960540771,"Female"
"9004158",371991,2025-06-16 18:24:51,42.455924987793,-8.921950340271,"Female"
"9004158",371991,2025-06-16 18:29:52,42.4557647705078,-8.92178821563721,"Female"
"9004158",371991,2025-06-16 18:34:58,42.4558143615723,-8.92155456542969,"Female"
"9004158",371991,2025-06-16 18:39:51,42.455680847168,-8.92167282104492,"Female"
"9004158",371991,2025-06-16 18:44:51,42.4556999206543,-8.92174530029297,"Female"
"9004158",371991,2025-06-16 18:49:51,42.4556617736816,-8.92175579071045,"Female"
"9004158",371991,2025-06-16 18:54:51,42.4556274414062,-8.92168140411377,"Female"
"9004158",371991,2025-06-16 18:59:51,42.4556694030762,-8.92180633544922,"Female"
"9004158",371991,2025-06-16 19:04:51,42.4557685852051,-8.92165470123291,"Female"
"9004158",371991,2025-06-16 19:09:51,42.4473266601562,-8.92165088653564,"Female"
"9004158",371991,2025-06-16 19:14:51,42.412712097168,-8.92153835296631,"Female"
"9004158",371991,2025-06-16 19:19:51,42.3987884521484,-8.92329120635986,"Female"
"9004158",371991,2025-06-16 19:24:54,42.3991508483887,-8.92447757720947,"Female"
"9004158",371991,2025-06-16 19:29:54,42.3993034362793,-8.92505264282227,"Female"
"9004158",371991,2025-06-16 19:34:54,42.3993492126465,-8.92457675933838,"Female"
"9004158",371991,2025-06-16 19:40:00,42.3987236022949,-8.92349624633789,"Female"
"9004158",371991,2025-06-16 19:44:51,42.3992614746094,-8.92391586303711,"Female"
"9004158",371991,2025-06-16 19:49:55,42.3991737365723,-8.92366409301758,"Female"
"9004158",371991,2025-06-16 19:54:51,42.3989639282227,-8.92369365692139,"Female"
"9004158",371991,2025-06-16 19:59:51,42.398998260498,-8.92357444763184,"Female"
"9004158",371991,2025-06-16 20:04:53,42.3988456726074,-8.91956043243408,"Female"
"9004158",371991,2025-06-16 20:09:57,42.3991394042969,-8.92203998565674,"Female"
"9004158",371991,2025-06-16 20:15:00,42.4008674621582,-8.92195892333984,"Female"
"9004158",371991,2025-06-16 20:19:53,42.400463104248,-8.92069339752197,"Female"
"9004158",371991,2025-06-16 20:25:14,42.399299621582,-8.92187595367432,"Female"
"9004158",371991,2025-06-16 20:29:51,42.3990364074707,-8.92181301116943,"Female"
"9004158",371991,2025-06-16 20:34:54,42.3994178771973,-8.92206001281738,"Female"
"9004158",371991,2025-06-16 20:39:55,42.3998260498047,-8.92241668701172,"Female"
"9004158",371991,2025-06-16 20:44:53,42.399227142334,-8.92178726196289,"Female"
"9004158",371991,2025-06-16 20:49:58,42.3998527526855,-8.92259216308594,"Female"
"9004158",371991,2025-06-16 20:54:54,42.399227142334,-8.92256259918213,"Female"
"9004158",371991,2025-06-16 20:59:56,42.3991317749023,-8.92246055603027,"Female"
"9004158",371991,2025-06-16 21:05:00,42.3995170593262,-8.92204761505127,"Female"
"9004158",371991,2025-06-16 21:09:55,42.3985404968262,-8.92355155944824,"Female"
"9004158",371991,2025-06-16 21:14:58,42.3991546630859,-8.92263507843018,"Female"
"9004158",371991,2025-06-16 21:19:54,42.3990135192871,-8.92230987548828,"Female"
"9004158",371991,2025-06-16 21:24:54,42.3989028930664,-8.92231845855713,"Female"
"9004158",371991,2025-06-16 21:29:57,42.3991241455078,-8.92176055908203,"Female"
"9004158",371991,2025-06-16 21:34:54,42.3988800048828,-8.92197227478027,"Female"
"9004158",371991,2025-06-16 21:39:52,42.3989410400391,-8.9221305847168,"Female"
"9004158",371991,2025-06-16 21:45:03,42.3989143371582,-8.92177867889404,"Female"
"9004158",371991,2025-06-16 21:49:59,42.3988037109375,-8.92185878753662,"Female"
"9004158",371991,2025-06-16 21:54:55,42.3990020751953,-8.92199230194092,"Female"
"9004158",371991,2025-06-16 21:59:54,42.3988494873047,-8.92187786102295,"Female"
"9004158",371991,2025-06-16 22:05:05,42.3991661071777,-8.92203903198242,"Female"
"9004158",371991,2025-06-16 22:10:00,42.3989601135254,-8.92200565338135,"Female"
"9004158",371991,2025-06-16 22:14:53,42.3987846374512,-8.92177104949951,"Female"
"9004158",371991,2025-06-16 22:19:53,42.3992614746094,-8.9220609664917,"Female"
"9004158",371991,2025-06-16 22:24:59,42.3970108032227,-8.92170906066895,"Female"
"9004158",371991,2025-06-16 22:30:14,42.3938255310059,-8.921462059021,"Female"
"9004158",371991,2025-06-16 22:35:28,42.3991889953613,-8.92209148406982,"Female"
"9004158",371991,2025-06-16 22:40:01,42.3985481262207,-8.92206573486328,"Female"
"9004158",371991,2025-06-16 22:44:53,42.3987121582031,-8.92163753509521,"Female"
"9004158",371991,2025-06-16 22:49:53,42.3992614746094,-8.92209529876709,"Female"
"9004158",371991,2025-06-16 22:54:53,42.4001350402832,-8.9229097366333,"Female"
"9004158",371991,2025-06-16 22:59:55,42.3994178771973,-8.92211437225342,"Female"
"9004158",371991,2025-06-16 23:04:51,42.3991813659668,-8.92187213897705,"Female"
"9004158",371991,2025-06-16 23:09:51,42.3991508483887,-8.92184257507324,"Female"
"9004158",371991,2025-06-16 23:14:52,42.3993530273438,-8.92219352722168,"Female"
"9004158",371991,2025-06-16 23:20:09,42.3993530273438,-8.92221355438232,"Female"
"9004158",371991,2025-06-16 23:25:10,42.3997688293457,-8.92239570617676,"Female"
"9004158",371991,2025-06-16 23:30:12,42.3995094299316,-8.92234516143799,"Female"
"9004158",371991,2025-06-16 23:35:10,42.3993682861328,-8.92214584350586,"Female"
"9004158",371991,2025-06-16 23:40:44,42.3993873596191,-8.92213535308838,"Female"
"9004158",371991,2025-06-16 23:45:12,42.3993873596191,-8.92208480834961,"Female"
"9004158",371991,2025-06-16 23:50:12,42.3994407653809,-8.92227554321289,"Female"
"9004158",371991,2025-06-16 23:55:11,42.3990592956543,-8.92247676849365,"Female"
"9004158",371991,2025-06-17 00:00:12,42.3994674682617,-8.92176628112793,"Female"
"9004158",371991,2025-06-17 00:05:16,42.3994331359863,-8.92213535308838,"Female"
"9004158",371991,2025-06-17 00:10:16,42.399341583252,-8.92239284515381,"Female"
"9004158",371991,2025-06-17 00:15:15,42.3993682861328,-8.9219274520874,"Female"
"9004158",371991,2025-06-17 00:20:15,42.3992614746094,-8.92236709594727,"Female"
"9004158",371991,2025-06-17 00:25:12,42.3990631103516,-8.92250061035156,"Female"
"9004158",371991,2025-06-17 00:30:12,42.3992767333984,-8.92208385467529,"Female"
"9004158",371991,2025-06-17 00:35:12,42.3994026184082,-8.9221830368042,"Female"
"9004158",371991,2025-06-17 00:40:13,42.3995742797852,-8.92219352722168,"Female"
"9004158",371991,2025-06-17 00:45:35,42.399471282959,-8.92208385467529,"Female"
"9004158",371991,2025-06-17 00:50:11,42.3993225097656,-8.92203330993652,"Female"
"9004158",371991,2025-06-17 00:55:10,42.3994140625,-8.92218208312988,"Female"
"9004158",371991,2025-06-17 01:00:11,42.3992004394531,-8.92202377319336,"Female"
"9004158",371991,2025-06-17 01:05:22,42.399543762207,-8.92222023010254,"Female"
"9004158",371991,2025-06-17 01:10:12,42.3995742797852,-8.92219066619873,"Female"
"9004158",371991,2025-06-17 01:15:11,42.399112701416,-8.92184257507324,"Female"
"9004158",371991,2025-06-17 01:20:35,42.3995132446289,-8.92228984832764,"Female"
"9004158",371991,2025-06-17 01:25:11,42.3993606567383,-8.9221363067627,"Female"
"9004158",371991,2025-06-17 01:30:12,42.3992958068848,-8.92192459106445,"Female"
"9004158",371991,2025-06-17 01:35:17,42.3996238708496,-8.92257785797119,"Female"
"9004158",371991,2025-06-17 01:40:13,42.3993721008301,-8.9221305847168,"Female"
"9004158",371991,2025-06-17 01:45:16,42.3993949890137,-8.92234802246094,"Female"
"9004158",371991,2025-06-17 01:50:17,42.3994789123535,-8.9220027923584,"Female"
"9004158",371991,2025-06-17 01:55:46,42.3992004394531,-8.92204093933105,"Female"
"9004158",371991,2025-06-17 02:00:25,42.3992347717285,-8.92211246490479,"Female"
"9004158",371991,2025-06-17 02:05:15,42.3996963500977,-8.92261505126953,"Female"
"9004158",371991,2025-06-17 02:10:55,42.3989334106445,-8.92190551757812,"Female"
"9004158",371991,2025-06-17 02:15:19,42.3987083435059,-8.92180061340332,"Female"
"9004158",371991,2025-06-17 02:20:18,42.3986663818359,-8.92186832427979,"Female"
"9004158",371991,2025-06-17 02:25:12,42.3987731933594,-8.92165184020996,"Female"
"9004158",371991,2025-06-17 02:30:10,42.3987045288086,-8.92177867889404,"Female"
"9004158",371991,2025-06-17 02:35:10,42.3986701965332,-8.92136001586914,"Female"
"9004158",371991,2025-06-17 02:40:13,42.3994102478027,-8.92225646972656,"Female"
"9004158",371991,2025-06-17 02:45:13,42.3994483947754,-8.92226409912109,"Female"
"9004158",371991,2025-06-17 02:50:12,42.3995094299316,-8.92248916625977,"Female"
"9004158",371991,2025-06-17 02:55:13,42.3993110656738,-8.92224216461182,"Female"
"9004158",371991,2025-06-17 03:00:13,42.3992919921875,-8.92244434356689,"Female"
"9004158",371991,2025-06-17 03:05:13,42.3994216918945,-8.92238140106201,"Female"
"9004158",371991,2025-06-17 03:10:16,42.3990173339844,-8.92245388031006,"Female"
"9004158",371991,2025-06-17 03:15:29,42.4000282287598,-8.92202091217041,"Female"
"9004158",371991,2025-06-17 03:20:24,42.4000205993652,-8.92207527160645,"Female"
"9004158",371991,2025-06-17 03:25:18,42.3994789123535,-8.92252826690674,"Female"
"9004158",371991,2025-06-17 03:30:15,42.3993148803711,-8.92220497131348,"Female"
"9004158",371991,2025-06-17 03:35:17,42.3993186950684,-8.92236709594727,"Female"
"9004158",371991,2025-06-17 03:40:18,42.3994331359863,-8.92229557037354,"Female"
"9004158",371991,2025-06-17 03:45:18,42.3992538452148,-8.92226600646973,"Female"
"9004158",371991,2025-06-17 03:50:41,42.3994064331055,-8.92247009277344,"Female"
"9004158",371991,2025-06-17 03:55:17,42.3994140625,-8.92229843139648,"Female"
"9004158",371991,2025-06-17 04:01:17,42.3991775512695,-8.92216396331787,"Female"
"9004158",371991,2025-06-17 04:06:18,42.3989715576172,-8.92180919647217,"Female"
"9004158",371991,2025-06-17 04:10:12,42.3992195129395,-8.92213916778564,"Female"
"9004158",371991,2025-06-17 04:15:11,42.3994979858398,-8.92212772369385,"Female"
"9004158",371991,2025-06-17 04:20:25,42.3993873596191,-8.92215442657471,"Female"
"9004158",371991,2025-06-17 04:25:12,42.399486541748,-8.92226600646973,"Female"
"9004158",371991,2025-06-17 04:30:18,42.399585723877,-8.92266654968262,"Female"
"9004158",371991,2025-06-17 04:35:10,42.3995361328125,-8.9224271774292,"Female"
"9004158",371991,2025-06-17 04:40:21,42.3995933532715,-8.92258739471436,"Female"
"9004158",371991,2025-06-17 04:45:21,42.3997116088867,-8.92255306243896,"Female"
"9004158",371991,2025-06-17 04:50:16,42.3995323181152,-8.92259883880615,"Female"
"9004158",371991,2025-06-17 04:55:35,42.399658203125,-8.92252635955811,"Female"
"9004158",371991,2025-06-17 05:00:09,42.4000816345215,-8.92131614685059,"Female"
"9004158",371991,2025-06-17 05:05:09,42.3980331420898,-8.92010593414307,"Female"
"9004158",371991,2025-06-17 05:10:09,42.3979759216309,-8.92009925842285,"Female"
"9004158",371991,2025-06-17 05:15:09,42.397891998291,-8.92017078399658,"Female"
"9004158",371991,2025-06-17 05:20:09,42.397834777832,-8.92011070251465,"Female"
"9004158",371991,2025-06-17 05:25:09,42.397819519043,-8.92001914978027,"Female"
"9004158",371991,2025-06-17 05:30:09,42.3978500366211,-8.92012786865234,"Female"
"9004158",371991,2025-06-17 05:35:09,42.3979530334473,-8.92021751403809,"Female"
"9004158",371991,2025-06-17 05:40:09,42.3979644775391,-8.92025947570801,"Female"
"9004158",371991,2025-06-17 05:45:09,42.3979148864746,-8.92019271850586,"Female"
"9004158",371991,2025-06-17 05:50:09,42.3979644775391,-8.92029666900635,"Female"
"9004158",371991,2025-06-17 05:55:09,42.3978157043457,-8.92007732391357,"Female"
"9004158",371991,2025-06-17 06:00:09,42.397762298584,-8.92002773284912,"Female"
"9004158",371991,2025-06-17 06:05:09,42.397819519043,-8.92006397247314,"Female"
"9004158",371991,2025-06-17 06:10:09,42.3978233337402,-8.92008018493652,"Female"
"9004158",371991,2025-06-17 06:15:09,42.3978271484375,-8.92010879516602,"Female"
"9004158",371991,2025-06-17 06:20:09,42.3992919921875,-8.91360664367676,"Female"
"9004158",371991,2025-06-17 06:25:37,42.4061470031738,-8.90019512176514,"Female"
"9004158",371991,2025-06-17 06:30:40,42.4097480773926,-8.89785957336426,"Female"
"9004158",371991,2025-06-17 06:35:46,42.4034614562988,-8.89076709747314,"Female"
"9004158",371991,2025-06-17 06:41:51,42.4032173156738,-8.87771320343018,"Female"
"9004158",371991,2025-06-17 06:46:51,42.3999786376953,-8.87355899810791,"Female"
"9004158",371991,2025-06-17 06:51:52,42.4181594848633,-8.88622283935547,"Female"
"9004158",371991,2025-06-17 06:56:51,42.4475173950195,-8.91166687011719,"Female"
"9004158",371991,2025-06-17 07:01:52,42.4525756835938,-8.92413902282715,"Female"
"9004158",371991,2025-06-17 07:06:57,42.4534111022949,-8.92313861846924,"Female"
"9004158",371991,2025-06-17 07:11:57,42.4535522460938,-8.92287063598633,"Female"
"9004158",371991,2025-06-17 07:16:54,42.4543685913086,-8.92300415039062,"Female"
"9004158",371991,2025-06-17 07:21:51,42.4545745849609,-8.92256546020508,"Female"
"9004158",371991,2025-06-17 07:26:55,42.4554023742676,-8.92170143127441,"Female"
"9004158",371991,2025-06-17 07:31:51,42.4560928344727,-8.91958522796631,"Female"
"9004158",371991,2025-06-17 07:39:00,42.4569664001465,-8.92238712310791,"Female"
"9004158",371991,2025-06-17 07:43:32,42.456729888916,-8.92365837097168,"Female"
"9004158",371991,2025-06-17 07:48:29,42.4558868408203,-8.92212390899658,"Female"
"9004158",371991,2025-06-17 07:53:29,42.4560089111328,-8.92233943939209,"Female"
"9004158",371991,2025-06-17 07:58:29,42.4557189941406,-8.92203140258789,"Female"
"9004158",371991,2025-06-17 08:03:29,42.4554786682129,-8.92201614379883,"Female"
"9004158",371991,2025-06-17 08:08:30,42.4553260803223,-8.9219799041748,"Female"
"9004158",371991,2025-06-17 08:13:29,42.4552879333496,-8.92189598083496,"Female"
"9004158",371991,2025-06-17 08:18:31,42.4554901123047,-8.92204189300537,"Female"
"9004158",371991,2025-06-17 08:23:30,42.4547653198242,-8.9217472076416,"Female"
"9004158",371991,2025-06-17 08:28:33,42.4555168151855,-8.92202949523926,"Female"
"9004158",371991,2025-06-17 08:33:29,42.4555854797363,-8.9220666885376,"Female"
"9004158",371991,2025-06-17 08:38:29,42.4556198120117,-8.92206573486328,"Female"
"9004158",371991,2025-06-17 08:43:29,42.4555587768555,-8.92208194732666,"Female"
"9004158",371991,2025-06-17 08:48:29,42.4555397033691,-8.92201232910156,"Female"
"9004158",371991,2025-06-17 08:53:29,42.4555358886719,-8.92197227478027,"Female"
"9004158",371991,2025-06-17 08:58:29,42.4555168151855,-8.92194175720215,"Female"
"9004158",371991,2025-06-17 09:03:29,42.4555206298828,-8.92200660705566,"Female"
"9004158",371991,2025-06-17 09:08:30,42.4555244445801,-8.92196464538574,"Female"
"9004158",371991,2025-06-17 09:13:29,42.4555740356445,-8.92201232910156,"Female"
"9004158",371991,2025-06-17 09:18:34,42.4554023742676,-8.92189407348633,"Female"
"9004158",371991,2025-06-17 09:23:45,42.4553146362305,-8.92194366455078,"Female"
"9004158",371991,2025-06-17 09:32:10,42.4547958374023,-8.92203521728516,"Female"
"9004158",371991,2025-06-17 09:37:10,42.4540672302246,-8.92348289489746,"Female"
"9004158",371991,2025-06-17 09:42:19,42.453369140625,-8.92334270477295,"Female"
"9004158",371991,2025-06-17 09:47:19,42.4524307250977,-8.92436218261719,"Female"
"9004158",371991,2025-06-17 09:52:25,42.4519081115723,-8.92414951324463,"Female"
"9004158",371991,2025-06-17 09:57:29,42.4522247314453,-8.92320346832275,"Female"
"9004158",371991,2025-06-17 10:02:45,42.4524726867676,-8.92293167114258,"Female"
"9004158",371991,2025-06-17 10:07:40,42.452938079834,-8.92357540130615,"Female"
"9004158",371991,2025-06-17 10:12:41,42.4531669616699,-8.92350387573242,"Female"
"9004158",371991,2025-06-17 10:17:41,42.4530029296875,-8.92362213134766,"Female"
"9004158",371991,2025-06-17 10:22:40,42.4530754089355,-8.9235954284668,"Female"
"9004158",371991,2025-06-17 10:27:41,42.4529800415039,-8.9234790802002,"Female"
"9004158",371991,2025-06-17 10:32:40,42.4531059265137,-8.92356109619141,"Female"
"9004158",371991,2025-06-17 10:37:40,42.453254699707,-8.92349052429199,"Female"
"9004158",371991,2025-06-17 10:42:41,42.4532699584961,-8.92343711853027,"Female"
"9004158",371991,2025-06-17 10:47:40,42.4532928466797,-8.92343807220459,"Female"
"9004158",371991,2025-06-17 10:52:41,42.4533500671387,-8.92337894439697,"Female"
"9004158",371991,2025-06-17 10:57:41,42.4532775878906,-8.92323589324951,"Female"
"9004158",371991,2025-06-17 11:02:41,42.4537544250488,-8.92287158966064,"Female"
"9004158",371991,2025-06-17 11:07:42,42.4546241760254,-8.92302513122559,"Female"
"9004158",371991,2025-06-17 11:12:40,42.4539451599121,-8.92298984527588,"Female"
"9004158",371991,2025-06-17 11:18:06,42.4538078308105,-8.9231014251709,"Female"
"9004158",371991,2025-06-17 11:23:01,42.4548683166504,-8.92252731323242,"Female"
"9004158",371991,2025-06-17 11:28:57,42.4555015563965,-8.92142486572266,"Female"
"9004158",371991,2025-06-17 11:33:42,42.4555587768555,-8.92077732086182,"Female"
"9004158",371991,2025-06-17 11:39:01,42.4561729431152,-8.92035007476807,"Female"
"9004158",371991,2025-06-17 11:44:01,42.4563484191895,-8.91963481903076,"Female"
"9004158",371991,2025-06-17 11:48:56,42.4557228088379,-8.91964340209961,"Female"
"9004158",371991,2025-06-17 11:53:58,42.4548377990723,-8.91833591461182,"Female"
"9004158",371991,2025-06-17 11:59:35,42.4548606872559,-8.91836643218994,"Female"
"9004158",371991,2025-06-17 12:03:51,42.4548721313477,-8.91830158233643,"Female"
"9004158",371991,2025-06-17 12:08:51,42.4548263549805,-8.91837406158447,"Female"
"9004158",371991,2025-06-17 12:13:51,42.4548225402832,-8.91840362548828,"Female"
"9004158",371991,2025-06-17 12:18:51,42.4548721313477,-8.91841125488281,"Female"
"9004158",371991,2025-06-17 12:24:03,42.454891204834,-8.91835308074951,"Female"
"9004158",371991,2025-06-17 12:28:53,42.4548568725586,-8.91837978363037,"Female"
"9004158",371991,2025-06-17 12:33:51,42.4547386169434,-8.91831684112549,"Female"
"9004158",371991,2025-06-17 12:38:51,42.4547996520996,-8.91835689544678,"Female"
"9004158",371991,2025-06-17 12:43:52,42.4549522399902,-8.91847991943359,"Female"
"9004158",371991,2025-06-17 12:48:55,42.4547500610352,-8.918288230896,"Female"
"9004158",371991,2025-06-17 12:54:00,42.4548263549805,-8.91831684112549,"Female"
"9004158",371991,2025-06-17 12:59:02,42.4548873901367,-8.91882514953613,"Female"
"9004158",371991,2025-06-17 13:03:51,42.4550323486328,-8.9200963973999,"Female"
"9004158",371991,2025-06-17 13:09:44,42.4554138183594,-8.92151260375977,"Female"
"9004158",371991,2025-06-17 13:14:12,42.4551048278809,-8.9222583770752,"Female"
"9004158",371991,2025-06-17 13:19:24,42.4543724060059,-8.92340660095215,"Female"
"9004158",371991,2025-06-17 13:24:34,42.4536819458008,-8.92304515838623,"Female"
"9004158",371991,2025-06-17 13:29:36,42.4539031982422,-8.92312908172607,"Female"
"9004158",371991,2025-06-17 13:34:45,42.4528007507324,-8.92373752593994,"Female"
"9004158",371991,2025-06-17 13:40:14,42.4518127441406,-8.92432022094727,"Female"
"9004158",371991,2025-06-17 13:45:27,42.4518356323242,-8.92384910583496,"Female"
"9004158",371991,2025-06-17 13:51:46,42.4517478942871,-8.92325878143311,"Female"
"9004158",371991,2025-06-17 13:58:20,42.452205657959,-8.92299556732178,"Female"
"9004158",371991,2025-06-17 14:02:07,42.4518165588379,-8.92375087738037,"Female"
"9004158",371991,2025-06-17 14:07:09,42.4512634277344,-8.92437553405762,"Female"
"9004158",371991,2025-06-17 14:12:41,42.4510917663574,-8.92488193511963,"Female"
"9004158",371991,2025-06-17 14:17:25,42.4510803222656,-8.92517185211182,"Female"
"9004158",371991,2025-06-17 14:22:19,42.4504432678223,-8.92588996887207,"Female"
"9004158",371991,2025-06-17 14:27:19,42.4504280090332,-8.92586994171143,"Female"
"9004158",371991,2025-06-17 14:32:19,42.4503898620605,-8.92581367492676,"Female"
"9004158",371991,2025-06-17 14:37:20,42.4503402709961,-8.92572402954102,"Female"
"9004158",371991,2025-06-17 14:42:23,42.450325012207,-8.92569065093994,"Female"
"9004158",371991,2025-06-17 14:47:20,42.450382232666,-8.92581939697266,"Female"
"9004158",371991,2025-06-17 14:52:22,42.4504776000977,-8.9259090423584,"Female"
"9004158",371991,2025-06-17 14:57:22,42.4504699707031,-8.92584896087646,"Female"
"9004158",371991,2025-06-17 15:02:36,42.4502067565918,-8.92554950714111,"Female"
"9004158",371991,2025-06-17 15:07:31,42.4501953125,-8.92553234100342,"Female"
"9004158",371991,2025-06-17 15:12:33,42.4502143859863,-8.92547798156738,"Female"
"9004158",371991,2025-06-17 15:17:35,42.4501762390137,-8.92546558380127,"Female"
"9004158",371991,2025-06-17 15:22:31,42.4500885009766,-8.92545986175537,"Female"
"9004158",371991,2025-06-17 15:27:31,42.4500923156738,-8.92550182342529,"Female"
"9004158",371991,2025-06-17 15:32:31,42.4500198364258,-8.92549133300781,"Female"
"9004158",371991,2025-06-17 15:37:33,42.4498023986816,-8.92549896240234,"Female"
"9004158",371991,2025-06-17 15:42:31,42.450008392334,-8.92544269561768,"Female"
"9004158",371991,2025-06-17 15:47:22,42.4499588012695,-8.92540645599365,"Female"
"9004158",371991,2025-06-17 15:53:05,42.450382232666,-8.92589473724365,"Female"
"9004158",371991,2025-06-17 15:57:19,42.4504127502441,-8.92584800720215,"Female"
"9004158",371991,2025-06-17 16:02:19,42.4503746032715,-8.92588901519775,"Female"
"9004158",371991,2025-06-17 16:07:20,42.4503707885742,-8.92584705352783,"Female"
"9004158",371991,2025-06-17 16:12:19,42.4503631591797,-8.9258508682251,"Female"
"9004158",371991,2025-06-17 16:17:20,42.4502868652344,-8.9258279800415,"Female"
"9004158",371991,2025-06-17 16:22:19,42.4503936767578,-8.92582893371582,"Female"
"9004158",371991,2025-06-17 16:27:19,42.450382232666,-8.92581939697266,"Female"
"9004158",371991,2025-06-17 16:32:19,42.4504089355469,-8.92583084106445,"Female"
"9004158",371991,2025-06-17 16:37:19,42.4503974914551,-8.92579174041748,"Female"
"9004158",371991,2025-06-17 16:42:19,42.4504013061523,-8.92575645446777,"Female"
"9004158",371991,2025-06-17 16:47:20,42.450382232666,-8.92576503753662,"Female"
"9004158",371991,2025-06-17 16:52:19,42.4503974914551,-8.92580699920654,"Female"
"9004158",371991,2025-06-17 16:57:20,42.4512252807617,-8.92655372619629,"Female"
"9004158",371991,2025-06-17 17:02:34,42.451717376709,-8.92779541015625,"Female"
"9004158",371991,2025-06-17 17:07:42,42.4512901306152,-8.92659759521484,"Female"
"9004158",371991,2025-06-17 17:12:50,42.4514274597168,-8.92560386657715,"Female"
"9004158",371991,2025-06-17 17:18:52,42.4516716003418,-8.92435264587402,"Female"
"9004158",371991,2025-06-17 17:23:12,42.4516334533691,-8.92490196228027,"Female"
"9004158",371991,2025-06-17 17:28:25,42.4511299133301,-8.92491912841797,"Female"
"9004158",371991,2025-06-17 17:33:25,42.4511528015137,-8.92484474182129,"Female"
"9004158",371991,2025-06-17 17:38:25,42.451171875,-8.92482852935791,"Female"
"9004158",371991,2025-06-17 17:43:44,42.4511604309082,-8.92483234405518,"Female"
"9004158",371991,2025-06-17 17:48:24,42.4511375427246,-8.92492866516113,"Female"
"9004158",371991,2025-06-17 17:53:24,42.4512329101562,-8.92498588562012,"Female"
"9004158",371991,2025-06-17 17:58:24,42.4511451721191,-8.92485427856445,"Female"
"9004158",371991,2025-06-17 18:03:24,42.4511795043945,-8.92489528656006,"Female"
"9004158",371991,2025-06-17 18:08:24,42.4511642456055,-8.92488861083984,"Female"
"9004158",371991,2025-06-17 18:13:24,42.4510879516602,-8.92474365234375,"Female"
"9004158",371991,2025-06-17 18:18:24,42.4511222839355,-8.92481136322021,"Female"
"9004158",371991,2025-06-17 18:23:25,42.4512100219727,-8.92486381530762,"Female"
"9004158",371991,2025-06-17 18:28:25,42.4511909484863,-8.92480564117432,"Female"
"9004158",371991,2025-06-17 18:33:36,42.4513206481934,-8.92501926422119,"Female"
"9004158",371991,2025-06-17 18:38:27,42.4511756896973,-8.92484378814697,"Female"
"9004158",371991,2025-06-17 18:43:30,42.4513320922852,-8.92509841918945,"Female"
"9004158",371991,2025-06-17 18:48:36,42.451473236084,-8.92530155181885,"Female"
"9004158",371991,2025-06-17 18:53:26,42.4512405395508,-8.92489624023438,"Female"
"9004158",371991,2025-06-17 18:58:26,42.4511909484863,-8.92486000061035,"Female"
"9004158",371991,2025-06-17 19:03:27,42.4512977600098,-8.92496871948242,"Female"
"9004158",371991,2025-06-17 19:08:27,42.4513702392578,-8.92508220672607,"Female"
"9004158",371991,2025-06-17 19:13:28,42.4512901306152,-8.92500495910645,"Female"
"9004158",371991,2025-06-17 19:18:36,42.4512901306152,-8.92500686645508,"Female"
"9004158",371991,2025-06-17 19:23:33,42.4512596130371,-8.92510890960693,"Female"
"9004158",371991,2025-06-17 19:29:14,42.4432945251465,-8.92510318756104,"Female"
"9004158",371991,2025-06-17 19:33:25,42.4092979431152,-8.92260551452637,"Female"
"9004158",371991,2025-06-17 19:39:14,42.3996734619141,-8.92190742492676,"Female"
"9004158",371991,2025-06-17 19:43:33,42.3995361328125,-8.92226791381836,"Female"
"9004158",371991,2025-06-17 19:48:41,42.3991317749023,-8.9222469329834,"Female"
"9004158",371991,2025-06-17 19:53:31,42.3991928100586,-8.92244625091553,"Female"
"9004158",371991,2025-06-17 19:58:38,42.3996543884277,-8.92161560058594,"Female"
"9004158",371991,2025-06-17 20:03:36,42.399227142334,-8.92165374755859,"Female"
"9004158",371991,2025-06-17 20:08:35,42.3994331359863,-8.92148685455322,"Female"
"9004158",371991,2025-06-17 20:13:36,42.3989143371582,-8.92534351348877,"Female"
"9004158",371991,2025-06-17 20:18:40,42.3992652893066,-8.92418098449707,"Female"
"9004158",371991,2025-06-17 20:23:53,42.4002342224121,-8.92197036743164,"Female"
"9004158",371991,2025-06-17 20:29:27,42.4005928039551,-8.9222297668457,"Female"
"9004158",371991,2025-06-17 20:33:41,42.3992500305176,-8.92288494110107,"Female"
"9004158",371991,2025-06-17 20:39:24,42.3997459411621,-8.92233085632324,"Female"
"9004158",371991,2025-06-17 20:43:27,42.3995208740234,-8.9225959777832,"Female"
"9004158",371991,2025-06-17 20:48:34,42.3997192382812,-8.9224796295166,"Female"
"9004158",371991,2025-06-17 20:53:28,42.4000778198242,-8.92233657836914,"Female"
"9004158",371991,2025-06-17 20:59:11,42.3998184204102,-8.92217540740967,"Female"
"9004158",371991,2025-06-17 21:03:27,42.400032043457,-8.92226219177246,"Female"
"9004158",371991,2025-06-17 21:08:28,42.400032043457,-8.92226219177246,"Female"
"9004158",371991,2025-06-17 21:13:28,42.3997535705566,-8.92233180999756,"Female"
"9004158",371991,2025-06-17 21:18:29,42.3997459411621,-8.92229747772217,"Female"
"9004158",371991,2025-06-17 21:23:33,42.3993988037109,-8.92255401611328,"Female"
"9004158",371991,2025-06-17 21:29:14,42.3993797302246,-8.92252254486084,"Female"
"9004158",371991,2025-06-17 21:33:46,42.3993644714355,-8.92234039306641,"Female"
"9004158",371991,2025-06-17 21:38:26,42.3992538452148,-8.92252540588379,"Female"
"9004158",371991,2025-06-17 21:43:34,42.3993530273438,-8.92223834991455,"Female"
"9004158",371991,2025-06-17 21:48:31,42.3994483947754,-8.92221736907959,"Female"
"9004158",371991,2025-06-17 21:53:27,42.3995628356934,-8.92217826843262,"Female"
"9004158",371991,2025-06-17 21:58:28,42.3994522094727,-8.92228507995605,"Female"
"9004158",371991,2025-06-17 22:03:27,42.3995513916016,-8.92208671569824,"Female"
"9004158",371991,2025-06-17 22:08:42,42.3995246887207,-8.92216491699219,"Female"
"9004158",371991,2025-06-17 22:13:26,42.3995704650879,-8.92207431793213,"Female"
"9004158",371991,2025-06-17 22:18:29,42.399730682373,-8.92231464385986,"Female"
"9004158",371991,2025-06-17 22:23:30,42.3995780944824,-8.92224407196045,"Female"
"9004158",371991,2025-06-17 22:28:48,42.3988800048828,-8.92197322845459,"Female"
"9004158",371991,2025-06-17 22:33:26,42.3986549377441,-8.92182159423828,"Female"
"9004158",371991,2025-06-17 22:38:33,42.3984031677246,-8.9218282699585,"Female"
"9004158",371991,2025-06-17 22:43:31,42.4002990722656,-8.9220552444458,"Female"
"9004158",371991,2025-06-17 22:48:27,42.3994140625,-8.92236137390137,"Female"
"9004158",371991,2025-06-17 22:53:27,42.3993759155273,-8.92213821411133,"Female"
"9004158",371991,2025-06-17 22:58:26,42.3996353149414,-8.92222595214844,"Female"
"9004158",371991,2025-06-17 23:03:28,42.3998718261719,-8.92227363586426,"Female"
"9004158",371991,2025-06-17 23:08:30,42.398983001709,-8.92207527160645,"Female"
"9004158",371991,2025-06-17 23:13:31,42.4002265930176,-8.92208480834961,"Female"
"9004158",371991,2025-06-17 23:18:30,42.3998641967773,-8.92217922210693,"Female"
"9004158",371991,2025-06-17 23:23:40,42.3992156982422,-8.92205715179443,"Female"
"9004158",371991,2025-06-17 23:28:36,42.3994064331055,-8.92185401916504,"Female"
"9004158",371991,2025-06-17 23:33:29,42.3996429443359,-8.92212390899658,"Female"
"9004158",371991,2025-06-17 23:38:39,42.399356842041,-8.92217826843262,"Female"
"9004158",371991,2025-06-17 23:43:28,42.3996772766113,-8.92233562469482,"Female"
"9004158",371991,2025-06-17 23:48:31,42.3996505737305,-8.92215156555176,"Female"
"9004158",371991,2025-06-17 23:53:26,42.399658203125,-8.92218780517578,"Female"
"9004158",371991,2025-06-17 23:58:36,42.3996696472168,-8.92200183868408,"Female"
"9004158",371991,2025-06-18 00:03:36,42.3991279602051,-8.92173957824707,"Female"
"9004158",371991,2025-06-18 00:08:41,42.3990135192871,-8.92189693450928,"Female"
"9004158",371991,2025-06-18 00:13:31,42.3991889953613,-8.92194366455078,"Female"
"9004158",371991,2025-06-18 00:18:30,42.3993492126465,-8.92208766937256,"Female"
"9004158",371991,2025-06-18 00:23:36,42.3989906311035,-8.92143535614014,"Female"
"9004158",371991,2025-06-18 00:28:59,42.3986587524414,-8.92164611816406,"Female"
"9004158",371991,2025-06-18 00:33:28,42.3995323181152,-8.92218589782715,"Female"
"9004158",371991,2025-06-18 00:38:26,42.3994026184082,-8.92219066619873,"Female"
"9004158",371991,2025-06-18 00:43:37,42.3991737365723,-8.92221355438232,"Female"
"9004158",371991,2025-06-18 00:48:44,42.3991928100586,-8.92216396331787,"Female"
"9004158",371991,2025-06-18 00:53:25,42.3994903564453,-8.92221069335938,"Female"
"9004158",371991,2025-06-18 00:58:27,42.3982772827148,-8.92134571075439,"Female"
"9004158",371991,2025-06-18 01:03:27,42.398063659668,-8.92114448547363,"Female"
"9004158",371991,2025-06-18 01:08:29,42.3980674743652,-8.92123222351074,"Female"
"9004158",371991,2025-06-18 01:13:30,42.3986358642578,-8.92142868041992,"Female"
"9004158",371991,2025-06-18 01:18:36,42.399227142334,-8.92162036895752,"Female"
"9004158",371991,2025-06-18 01:23:29,42.3990859985352,-8.92179584503174,"Female"
"9004158",371991,2025-06-18 01:28:31,42.3992080688477,-8.92170810699463,"Female"
"9004158",371991,2025-06-18 01:33:36,42.3993339538574,-8.92187976837158,"Female"
"9004158",371991,2025-06-18 01:38:30,42.3992729187012,-8.92163944244385,"Female"
"9004158",371991,2025-06-18 01:43:36,42.3993492126465,-8.9215145111084,"Female"
"9004158",371991,2025-06-18 01:48:43,42.3988037109375,-8.921799659729,"Female"
"9004158",371991,2025-06-18 01:53:44,42.3994178771973,-8.92170524597168,"Female"
"9004158",371991,2025-06-18 01:58:36,42.3993034362793,-8.92172813415527,"Female"
"9004158",371991,2025-06-18 02:03:36,42.3995056152344,-8.92194747924805,"Female"
"9004158",371991,2025-06-18 02:08:36,42.3993492126465,-8.9217529296875,"Female"
"9004158",371991,2025-06-18 02:13:36,42.3993873596191,-8.92187404632568,"Female"
"9004158",371991,2025-06-18 02:18:36,42.3995895385742,-8.92207336425781,"Female"
"9004158",371991,2025-06-18 02:23:30,42.4009284973145,-8.92258834838867,"Female"
"9004158",371991,2025-06-18 02:28:36,42.3995552062988,-8.92201042175293,"Female"
"9004158",371991,2025-06-18 02:33:36,42.399600982666,-8.92207527160645,"Female"
"9004158",371991,2025-06-18 02:38:33,42.3993988037109,-8.92186737060547,"Female"
"9004158",371991,2025-06-18 02:43:42,42.3998069763184,-8.92218208312988,"Female"
"9004158",371991,2025-06-18 02:49:02,42.3994483947754,-8.92232322692871,"Female"
"9004158",371991,2025-06-18 02:53:26,42.399730682373,-8.92263412475586,"Female"
"9004158",371991,2025-06-18 02:58:36,42.3994750976562,-8.9222240447998,"Female"
"9004158",371991,2025-06-18 03:03:31,42.3994255065918,-8.9222936630249,"Female"
"9004158",371991,2025-06-18 03:08:30,42.3991661071777,-8.92222118377686,"Female"
"9004158",371991,2025-06-18 03:13:36,42.3994178771973,-8.92277145385742,"Female"
"9004158",371991,2025-06-18 03:18:28,42.400146484375,-8.92312908172607,"Female"
"9004158",371991,2025-06-18 03:23:36,42.3993225097656,-8.92238235473633,"Female"
"9004158",371991,2025-06-18 03:28:30,42.399829864502,-8.92263984680176,"Female"
"9004158",371991,2025-06-18 03:33:49,42.3994903564453,-8.92254543304443,"Female"
"9004158",371991,2025-06-18 03:38:29,42.3998794555664,-8.92265892028809,"Female"
"9004158",371991,2025-06-18 03:43:27,42.3999519348145,-8.92255401611328,"Female"
"9004158",371991,2025-06-18 03:49:49,42.3993148803711,-8.92226696014404,"Female"
"9004158",371991,2025-06-18 03:54:14,42.3994026184082,-8.92186069488525,"Female"
"9004158",371991,2025-06-18 03:58:50,42.3995246887207,-8.9222354888916,"Female"
"9004158",371991,2025-06-18 04:04:09,42.399471282959,-8.92216014862061,"Female"
"9004158",371991,2025-06-18 04:08:59,42.3994522094727,-8.92204570770264,"Female"
"9004158",371991,2025-06-18 04:13:30,42.3994789123535,-8.92204475402832,"Female"
"9004158",371991,2025-06-18 04:18:37,42.3993949890137,-8.92208957672119,"Female"
"9004158",371991,2025-06-18 04:23:33,42.3994216918945,-8.92216491699219,"Female"
"9004158",371991,2025-06-18 04:28:28,42.3994216918945,-8.92212772369385,"Female"
"9004158",371991,2025-06-18 04:34:13,42.3994293212891,-8.9223051071167,"Female"
"9004158",371991,2025-06-18 04:38:28,42.3993988037109,-8.9229564666748,"Female"
"9004158",371991,2025-06-18 04:43:36,42.3994178771973,-8.92221641540527,"Female"
"9004158",371991,2025-06-18 04:48:30,42.3993721008301,-8.92240428924561,"Female"
"9004158",371991,2025-06-18 04:53:29,42.3995361328125,-8.92075443267822,"Female"
"9004158",371991,2025-06-18 04:58:28,42.3989753723145,-8.92182350158691,"Female"
"9004158",371991,2025-06-18 05:03:35,42.3996810913086,-8.92241191864014,"Female"
"9004158",371991,2025-06-18 05:08:28,42.3999137878418,-8.92166137695312,"Female"
"9004158",371991,2025-06-18 05:13:28,42.3994369506836,-8.9222993850708,"Female"
"9004158",371991,2025-06-18 05:18:38,42.3996200561523,-8.92199325561523,"Female"
"9004158",371991,2025-06-18 05:23:35,42.4000053405762,-8.9221305847168,"Female"
"9004158",371991,2025-06-18 05:28:43,42.3995933532715,-8.92208003997803,"Female"
"9004158",371991,2025-06-18 05:33:34,42.3994979858398,-8.92249488830566,"Female"
"9004158",371991,2025-06-18 05:38:25,42.3981819152832,-8.92024993896484,"Female"
"9004158",371991,2025-06-18 05:43:26,42.3966064453125,-8.92093276977539,"Female"
"9004158",371991,2025-06-18 05:48:26,42.3977966308594,-8.92023277282715,"Female"
"9004158",371991,2025-06-18 05:53:26,42.3977394104004,-8.92030811309814,"Female"
"9004158",371991,2025-06-18 05:58:26,42.3977355957031,-8.9202938079834,"Female"
"9004158",371991,2025-06-18 06:03:26,42.3977546691895,-8.92027568817139,"Female"
"9004158",371991,2025-06-18 06:08:26,42.3977890014648,-8.92021560668945,"Female"
"9004158",371991,2025-06-18 06:13:26,42.3977241516113,-8.92018604278564,"Female"
"9004158",371991,2025-06-18 06:18:26,42.3952751159668,-8.91194152832031,"Female"
"9004158",371991,2025-06-18 06:23:26,42.399600982666,-8.90828514099121,"Female"
"9004158",371991,2025-06-18 06:28:26,42.4020462036133,-8.91176414489746,"Female"
"9004158",371991,2025-06-18 06:34:13,42.3957710266113,-8.91216850280762,"Female"
"9004158",371991,2025-06-18 06:39:13,42.3958473205566,-8.9108943939209,"Female"
"9004158",371991,2025-06-18 06:44:13,42.3961753845215,-8.91031360626221,"Female"
"9004158",371991,2025-06-18 06:49:14,42.3963088989258,-8.91004276275635,"Female"
"9004158",371991,2025-06-18 06:54:13,42.3966522216797,-8.91026592254639,"Female"
"9004158",371991,2025-06-18 06:59:13,42.3978500366211,-8.91127490997314,"Female"
"9004158",371991,2025-06-18 07:04:15,42.3979148864746,-8.91991138458252,"Female"
"9004158",371991,2025-06-18 07:09:13,42.3980369567871,-8.91993045806885,"Female"
"9004158",371991,2025-06-18 07:14:13,42.3980598449707,-8.91989803314209,"Female"
"9004158",371991,2025-06-18 07:19:13,42.3980903625488,-8.91991138458252,"Female"
"9004158",371991,2025-06-18 07:24:13,42.3981437683105,-8.91996288299561,"Female"
"9004158",371991,2025-06-18 07:29:14,42.3981895446777,-8.92000102996826,"Female"
"9004158",371991,2025-06-18 07:34:15,42.3982734680176,-8.92005062103271,"Female"
"9004158",371991,2025-06-18 07:39:44,42.3981246948242,-8.92006397247314,"Female"
"9004158",371991,2025-06-18 07:44:13,42.3978843688965,-8.91999816894531,"Female"
"9004158",371991,2025-06-18 07:49:14,42.3978996276855,-8.92003345489502,"Female"
"9004158",371991,2025-06-18 07:54:12,42.397876739502,-8.91998958587646,"Female"
"9004158",371991,2025-06-18 07:59:12,42.3978996276855,-8.92005252838135,"Female"
"9004158",371991,2025-06-18 08:04:35,42.397834777832,-8.9201717376709,"Female"
"9004158",371991,2025-06-18 08:09:13,42.3977165222168,-8.9199800491333,"Female"
"9004158",371991,2025-06-18 08:14:12,42.3977355957031,-8.92008113861084,"Female"
"9004158",371991,2025-06-18 08:19:13,42.3977661132812,-8.92004489898682,"Female"
"9004158",371991,2025-06-18 08:24:13,42.3977203369141,-8.91997718811035,"Female"
"9004158",371991,2025-06-18 08:29:12,42.3977279663086,-8.91994476318359,"Female"
"9004158",371991,2025-06-18 08:34:15,42.397777557373,-8.9201078414917,"Female"
"9004158",371991,2025-06-18 08:39:12,42.397647857666,-8.92036628723145,"Female"
"9004158",371991,2025-06-18 08:44:13,42.3976211547852,-8.92023468017578,"Female"
"9004158",371991,2025-06-18 08:49:13,42.3977851867676,-8.92025375366211,"Female"
"9004158",371991,2025-06-18 08:54:13,42.3977966308594,-8.92036437988281,"Female"
"9004158",371991,2025-06-18 08:59:14,42.397762298584,-8.92034339904785,"Female"
"9004158",371991,2025-06-18 09:04:14,42.397777557373,-8.92035007476807,"Female"
"9004158",371991,2025-06-18 09:09:15,42.3977737426758,-8.92030620574951,"Female"
"9004158",371991,2025-06-18 09:14:15,42.3977966308594,-8.9204044342041,"Female"
"9004158",371991,2025-06-18 09:19:14,42.3978385925293,-8.92041110992432,"Female"
"9004158",371991,2025-06-18 09:24:14,42.397819519043,-8.92031192779541,"Female"
"9004158",371991,2025-06-18 09:29:20,42.397834777832,-8.92031955718994,"Female"
"9004158",371991,2025-06-18 09:34:14,42.3977737426758,-8.92032241821289,"Female"
"9004158",371991,2025-06-18 09:39:26,42.3977928161621,-8.92043304443359,"Female"
"9004158",371991,2025-06-18 09:44:18,42.3978118896484,-8.9202184677124,"Female"
"9004158",371991,2025-06-18 09:49:16,42.3978042602539,-8.92037010192871,"Female"
"9004158",371991,2025-06-18 09:54:22,42.3977966308594,-8.92041969299316,"Female"
"9004158",371991,2025-06-18 09:59:15,42.3978004455566,-8.92024230957031,"Female"
"9004158",371991,2025-06-18 10:04:14,42.3977127075195,-8.92030143737793,"Female"
"9004158",371991,2025-06-18 10:09:14,42.3977279663086,-8.92032051086426,"Female"
"9004158",371991,2025-06-18 10:14:14,42.3977317810059,-8.92027759552002,"Female"
"9004158",371991,2025-06-18 10:19:14,42.3977203369141,-8.92030048370361,"Female"
"9004158",371991,2025-06-18 10:24:14,42.3977355957031,-8.92026615142822,"Female"
"9004158",371991,2025-06-18 10:29:14,42.3988189697266,-8.9207763671875,"Female"
"9004158",371991,2025-06-18 10:34:14,42.3988265991211,-8.92083930969238,"Female"
"9004158",371991,2025-06-18 10:39:14,42.398868560791,-8.92111873626709,"Female"
"9004158",371991,2025-06-18 10:44:14,42.3987159729004,-8.92179203033447,"Female"
"9004158",371991,2025-06-18 10:49:14,42.4031982421875,-8.92065143585205,"Female"
"9004158",371991,2025-06-18 10:54:14,42.4530601501465,-8.92319202423096,"Female"
"9004158",371991,2025-06-18 10:59:23,42.453441619873,-8.9232349395752,"Female"
"9004158",371991,2025-06-18 11:04:22,42.4540939331055,-8.92317676544189,"Female"
"9004158",371991,2025-06-18 11:09:21,42.4542045593262,-8.92326354980469,"Female"
"9004158",371991,2025-06-18 11:14:22,42.4534378051758,-8.92285251617432,"Female"
"9004158",371991,2025-06-18 11:19:32,42.4526481628418,-8.92387390136719,"Female"
"9004158",371991,2025-06-18 11:24:32,42.4524536132812,-8.92391109466553,"Female"
"9004158",371991,2025-06-18 11:30:02,42.4522743225098,-8.9239616394043,"Female"
"9004158",371991,2025-06-18 11:34:52,42.452205657959,-8.92356967926025,"Female"
"9004158",371991,2025-06-18 11:39:50,42.4526023864746,-8.92317390441895,"Female"
"9004158",371991,2025-06-18 11:45:00,42.4525375366211,-8.92301940917969,"Female"
"9004158",371991,2025-06-18 11:50:41,42.4533538818359,-8.9237813949585,"Female"
"9004158",371991,2025-06-18 11:55:55,42.4537582397461,-8.92310905456543,"Female"
"9004158",371991,2025-06-18 12:01:05,42.4545211791992,-8.92339706420898,"Female"
"9004158",371991,2025-06-18 12:06:32,42.4536819458008,-8.92302417755127,"Female"
"9004158",371991,2025-06-18 12:11:35,42.4527320861816,-8.92250061035156,"Female"
"9004158",371991,2025-06-18 12:16:32,42.4525375366211,-8.92275428771973,"Female"
"9004158",371991,2025-06-18 12:21:32,42.4524993896484,-8.92314624786377,"Female"
"9004158",371991,2025-06-18 12:26:32,42.4526176452637,-8.9232234954834,"Female"
"9004158",371991,2025-06-18 12:31:32,42.4525947570801,-8.92311763763428,"Female"
"9004158",371991,2025-06-18 12:36:33,42.4524002075195,-8.92304992675781,"Female"
"9004158",371991,2025-06-18 12:41:32,42.4523887634277,-8.92292785644531,"Female"
"9004158",371991,2025-06-18 12:46:31,42.4523582458496,-8.92312431335449,"Female"
"9004158",371991,2025-06-18 12:51:32,42.4523391723633,-8.92300224304199,"Female"
"9004158",371991,2025-06-18 12:56:32,42.4524269104004,-8.92313861846924,"Female"
"9004158",371991,2025-06-18 13:01:32,42.4523391723633,-8.92331886291504,"Female"
"9004158",371991,2025-06-18 13:06:33,42.4524002075195,-8.92314147949219,"Female"
"9004158",371991,2025-06-18 13:11:32,42.4524116516113,-8.92315673828125,"Female"
"9004158",371991,2025-06-18 13:16:32,42.4523773193359,-8.92322158813477,"Female"
"9004158",371991,2025-06-18 13:21:32,42.4524307250977,-8.92325973510742,"Female"
"9004158",371991,2025-06-18 13:26:32,42.4524345397949,-8.92315673828125,"Female"
"9004158",371991,2025-06-18 13:31:34,42.4524574279785,-8.92326164245605,"Female"
"9004158",371991,2025-06-18 13:36:32,42.4523696899414,-8.92323780059814,"Female"
"9004158",371991,2025-06-18 13:41:32,42.4524192810059,-8.92327976226807,"Female"
"9004158",371991,2025-06-18 13:46:32,42.4522972106934,-8.92327690124512,"Female"
"9004158",371991,2025-06-18 13:51:31,42.4524536132812,-8.92325305938721,"Female"
"9004158",371991,2025-06-18 13:56:31,42.4527206420898,-8.92302513122559,"Female"
"9004158",371991,2025-06-18 14:01:34,42.4537124633789,-8.92321586608887,"Female"
"9004158",371991,2025-06-18 14:06:42,42.4542655944824,-8.92343616485596,"Female"
"9004158",371991,2025-06-18 14:11:36,42.455150604248,-8.92307376861572,"Female"
"9004158",371991,2025-06-18 14:16:33,42.4555397033691,-8.92246723175049,"Female"
"9004158",371991,2025-06-18 14:21:35,42.4558906555176,-8.92168140411377,"Female"
"9004158",371991,2025-06-18 14:26:37,42.456298828125,-8.92077445983887,"Female"
"9004158",371991,2025-06-18 14:32:03,42.4566230773926,-8.91995239257812,"Female"
"9004158",371991,2025-06-18 14:36:39,42.4572982788086,-8.91858863830566,"Female"
"9004158",371991,2025-06-18 14:41:41,42.4579849243164,-8.91776275634766,"Female"
"9004158",371991,2025-06-18 14:53:05,42.4566841125488,-8.91990566253662,"Female"
"9004158",371991,2025-06-18 14:58:14,42.4562873840332,-8.92002487182617,"Female"
"9004158",371991,2025-06-18 15:03:06,42.456298828125,-8.92044067382812,"Female"
"9004158",371991,2025-06-18 15:08:26,42.4556617736816,-8.92171573638916,"Female"
"9004158",371991,2025-06-18 15:13:21,42.4553680419922,-8.92221355438232,"Female"
"9004158",371991,2025-06-18 15:18:11,42.4552726745605,-8.92292785644531,"Female"
"9004158",371991,2025-06-18 15:23:14,42.4542808532715,-8.92335510253906,"Female"
"9004158",371991,2025-06-18 15:28:37,42.4536666870117,-8.92322635650635,"Female"
"9004158",371991,2025-06-18 15:33:36,42.4533004760742,-8.92378711700439,"Female"
"9004158",371991,2025-06-18 15:38:26,42.452880859375,-8.9241304397583,"Female"
"9004158",371991,2025-06-18 15:43:57,42.4521942138672,-8.92420196533203,"Female"
"9004158",371991,2025-06-18 15:48:57,42.4531898498535,-8.92354488372803,"Female"
"9004158",371991,2025-06-18 15:53:57,42.4536018371582,-8.92311191558838,"Female"
"9004158",371991,2025-06-18 15:58:57,42.4536399841309,-8.92307281494141,"Female"
"9004158",371991,2025-06-18 16:03:58,42.4537200927734,-8.92312526702881,"Female"
"9004158",371991,2025-06-18 16:08:59,42.4537315368652,-8.92315292358398,"Female"
"9004158",371991,2025-06-18 16:13:58,42.4537544250488,-8.92320537567139,"Female"
"9004158",371991,2025-06-18 16:18:59,42.4537544250488,-8.92316818237305,"Female"
"9004158",371991,2025-06-18 16:23:58,42.4537925720215,-8.92314720153809,"Female"
"9004158",371991,2025-06-18 16:28:57,42.4537773132324,-8.92313671112061,"Female"
"9004158",371991,2025-06-18 16:33:57,42.4512596130371,-8.92258262634277,"Female"
"9004158",371991,2025-06-18 16:38:57,42.4512939453125,-8.92270088195801,"Female"
"9004158",371991,2025-06-18 16:43:59,42.4513168334961,-8.92252635955811,"Female"
"9004158",371991,2025-06-18 16:48:59,42.4512519836426,-8.92261505126953,"Female"
"9004158",371991,2025-06-18 16:54:00,42.4512252807617,-8.92266082763672,"Female"
"9004158",371991,2025-06-18 16:58:58,42.4511833190918,-8.92270946502686,"Female"
"9004158",371991,2025-06-18 17:04:00,42.4512977600098,-8.92262935638428,"Female"
"9004158",371991,2025-06-18 17:09:00,42.4511756896973,-8.92265701293945,"Female"
"9004158",371991,2025-06-18 17:13:59,42.4512710571289,-8.92261409759521,"Female"
"9004158",371991,2025-06-18 17:18:58,42.4512214660645,-8.92270660400391,"Female"
"9004158",371991,2025-06-18 17:24:01,42.4511909484863,-8.92265510559082,"Female"
"9004158",371991,2025-06-18 17:29:00,42.4512214660645,-8.92269515991211,"Female"
"9004158",371991,2025-06-18 17:33:58,42.4512329101562,-8.92266082763672,"Female"
"9004158",371991,2025-06-18 17:39:01,42.4512329101562,-8.92253494262695,"Female"
"9004158",371991,2025-06-18 17:43:58,42.451229095459,-8.92265033721924,"Female"
"9004158",371991,2025-06-18 17:48:57,42.4512557983398,-8.92263698577881,"Female"
"9004158",371991,2025-06-18 17:53:57,42.4512710571289,-8.92260265350342,"Female"
"9004158",371991,2025-06-18 17:58:58,42.451286315918,-8.92257499694824,"Female"
"9004158",371991,2025-06-18 18:03:58,42.451286315918,-8.92261600494385,"Female"
"9004158",371991,2025-06-18 18:08:58,42.4513092041016,-8.92262649536133,"Female"
"9004158",371991,2025-06-18 18:13:58,42.4513168334961,-8.92252635955811,"Female"
"9004158",371991,2025-06-18 18:18:58,42.4513168334961,-8.9226541519165,"Female"
"9004158",371991,2025-06-18 18:23:57,42.4512901306152,-8.92260456085205,"Female"
"9004158",371991,2025-06-18 18:28:58,42.4513511657715,-8.92264842987061,"Female"
"9004158",371991,2025-06-18 18:33:58,42.4513893127441,-8.9226655960083,"Female"
"9004158",371991,2025-06-18 18:38:57,42.4513664245605,-8.92279720306396,"Female"
"9004158",371991,2025-06-18 18:43:57,42.4513778686523,-8.92271327972412,"Female"
"9004158",371991,2025-06-18 18:49:00,42.4514427185059,-8.92287445068359,"Female"
"9004158",371991,2025-06-18 18:53:58,42.4513854980469,-8.92284774780273,"Female"
"9004158",371991,2025-06-18 18:58:58,42.451358795166,-8.92272281646729,"Female"
"9004158",371991,2025-06-18 19:03:58,42.4512329101562,-8.92289257049561,"Female"
"9004158",371991,2025-06-18 19:08:57,42.4225425720215,-8.92297077178955,"Female"
"9004158",371991,2025-06-18 19:15:20,42.3991241455078,-8.92215156555176,"Female"
"9004158",371991,2025-06-18 19:19:02,42.3988723754883,-8.92171192169189,"Female"
"9004158",371991,2025-06-18 19:23:59,42.3990669250488,-8.92326927185059,"Female"
"9004158",371991,2025-06-18 19:29:02,42.399055480957,-8.92219066619873,"Female"
"9004158",371991,2025-06-18 19:34:02,42.3993873596191,-8.92233276367188,"Female"
"9004158",371991,2025-06-18 19:39:01,42.3993530273438,-8.92204284667969,"Female"
"9004158",371991,2025-06-18 19:43:58,42.3993492126465,-8.92052268981934,"Female"
"9004158",371991,2025-06-18 19:48:58,42.3986930847168,-8.91939449310303,"Female"
"9004158",371991,2025-06-18 19:54:00,42.3989715576172,-8.92109680175781,"Female"
"9004158",371991,2025-06-18 19:58:58,42.3991546630859,-8.9212760925293,"Female"
"9004158",371991,2025-06-18 20:03:59,42.399169921875,-8.92114353179932,"Female"
"9004158",371991,2025-06-18 20:09:14,42.3997917175293,-8.92238712310791,"Female"
"9004158",371991,2025-06-18 20:14:08,42.3998413085938,-8.92222499847412,"Female"
"9004158",371991,2025-06-18 20:19:04,42.400016784668,-8.92207717895508,"Female"
"9004158",371991,2025-06-18 20:24:00,42.3996353149414,-8.92263984680176,"Female"
"9004158",371991,2025-06-18 20:29:00,42.3998184204102,-8.92213439941406,"Female"
"9004158",371991,2025-06-18 20:34:08,42.4002838134766,-8.92213439941406,"Female"
"9004158",371991,2025-06-18 20:38:57,42.4000282287598,-8.92228126525879,"Female"
"9004158",371991,2025-06-18 20:43:59,42.3999137878418,-8.92230892181396,"Female"
"9004158",371991,2025-06-18 20:48:58,42.400577545166,-8.92233180999756,"Female"
"9004158",371991,2025-06-18 20:54:25,42.4007453918457,-8.92219161987305,"Female"
"9004158",371991,2025-06-18 20:59:07,42.4003372192383,-8.92247200012207,"Female"
"9004158",371991,2025-06-18 21:04:13,42.3995933532715,-8.9230375289917,"Female"
"9004158",371991,2025-06-18 21:09:15,42.3998107910156,-8.9224214553833,"Female"
"9004158",371991,2025-06-18 21:14:04,42.4000778198242,-8.92260265350342,"Female"
"9004158",371991,2025-06-18 21:20:06,42.3997001647949,-8.92334651947021,"Female"
"9004158",371991,2025-06-18 21:25:20,42.3995628356934,-8.92323303222656,"Female"
"9004158",371991,2025-06-18 21:29:23,42.3995170593262,-8.92323970794678,"Female"
"9004158",371991,2025-06-18 21:34:08,42.3994979858398,-8.92304229736328,"Female"
"9004158",371991,2025-06-18 21:39:05,42.3993186950684,-8.92302703857422,"Female"
"9004158",371991,2025-06-18 21:44:02,42.399356842041,-8.923171043396,"Female"
"9004158",371991,2025-06-18 21:50:20,42.399341583252,-8.92260265350342,"Female"
"9004158",371991,2025-06-18 21:54:07,42.3992767333984,-8.92225170135498,"Female"
"9004158",371991,2025-06-18 21:59:54,42.3992805480957,-8.9225492477417,"Female"
"9004158",371991,2025-06-18 22:04:42,42.399242401123,-8.92269515991211,"Female"
"9004158",371991,2025-06-18 22:09:07,42.3993034362793,-8.92279052734375,"Female"
"9004158",371991,2025-06-18 22:14:15,42.3992080688477,-8.92264652252197,"Female"
"9004158",371991,2025-06-18 22:19:07,42.3992958068848,-8.92239379882812,"Female"
"9004158",371991,2025-06-18 22:24:07,42.3992576599121,-8.92253494262695,"Female"
"9004158",371991,2025-06-18 22:29:07,42.3992309570312,-8.92234134674072,"Female"
"9004158",371991,2025-06-18 22:34:07,42.399242401123,-8.92244338989258,"Female"
"9004158",371991,2025-06-18 22:39:02,42.3992958068848,-8.92242813110352,"Female"
"9004158",371991,2025-06-18 22:44:04,42.3991775512695,-8.92229843139648,"Female"
"9004158",371991,2025-06-18 22:49:02,42.399284362793,-8.92294025421143,"Female"
"9004158",371991,2025-06-18 22:54:04,42.3992881774902,-8.92220211029053,"Female"
"9004158",371991,2025-06-18 22:59:08,42.3991661071777,-8.9219799041748,"Female"
"9004158",371991,2025-06-18 23:04:07,42.3991394042969,-8.92206478118896,"Female"
"9004158",371991,2025-06-18 23:09:05,42.3992805480957,-8.92206764221191,"Female"
"9004158",371991,2025-06-18 23:14:07,42.3991775512695,-8.92244625091553,"Female"
"9004158",371991,2025-06-18 23:19:05,42.3992118835449,-8.9220666885376,"Female"
"9004158",371991,2025-06-18 23:24:01,42.3988227844238,-8.92230129241943,"Female"
"9004158",371991,2025-06-18 23:29:06,42.3990631103516,-8.92219734191895,"Female"
"9004158",371991,2025-06-18 23:34:04,42.399097442627,-8.92289543151855,"Female"
"9004158",371991,2025-06-18 23:39:05,42.3991165161133,-8.92212772369385,"Female"
"9004158",371991,2025-06-18 23:44:07,42.3990859985352,-8.92196846008301,"Female"
"9004158",371991,2025-06-18 23:49:07,42.3992385864258,-8.92208766937256,"Female"
"9004158",371991,2025-06-18 23:54:02,42.3991737365723,-8.92208003997803,"Female"
"9004158",371991,2025-06-18 23:59:08,42.3992614746094,-8.92230224609375,"Female"
"9004158",371991,2025-06-19 00:04:32,42.3992614746094,-8.92260265350342,"Female"
"9004158",371991,2025-06-19 00:09:22,42.3993492126465,-8.92232799530029,"Female"
"9004158",371991,2025-06-19 00:14:04,42.399341583252,-8.92195224761963,"Female"
"9004158",371991,2025-06-19 00:19:07,42.3993644714355,-8.92219924926758,"Female"
"9004158",371991,2025-06-19 00:24:07,42.3993682861328,-8.92208194732666,"Female"
"9004158",371991,2025-06-19 00:29:07,42.3994483947754,-8.92204189300537,"Female"
"9004158",371991,2025-06-19 00:34:07,42.3993377685547,-8.92209243774414,"Female"
"9004158",371991,2025-06-19 00:39:01,42.3986740112305,-8.92226409912109,"Female"
"9004158",371991,2025-06-19 00:44:10,42.3994102478027,-8.92210292816162,"Female"
"9004158",371991,2025-06-19 00:48:58,42.3986892700195,-8.922287940979,"Female"
"9004158",371991,2025-06-19 00:54:02,42.3994941711426,-8.92113304138184,"Female"
"9004158",371991,2025-06-19 00:59:05,42.3994941711426,-8.92142105102539,"Female"
"9004158",371991,2025-06-19 01:04:01,42.3990631103516,-8.92114925384521,"Female"
"9004158",371991,2025-06-19 01:09:07,42.3996391296387,-8.92142963409424,"Female"
"9004158",371991,2025-06-19 01:14:04,42.3996925354004,-8.92200374603271,"Female"
"9004158",371991,2025-06-19 01:19:02,42.3998184204102,-8.92196941375732,"Female"
"9004158",371991,2025-06-19 01:24:20,42.3997611999512,-8.9215726852417,"Female"
"9004158",371991,2025-06-19 01:29:25,42.3996658325195,-8.92165279388428,"Female"
"9004158",371991,2025-06-19 01:34:15,42.3996505737305,-8.92197704315186,"Female"
"9004158",371991,2025-06-19 01:39:50,42.3992500305176,-8.92167377471924,"Female"
"9004158",371991,2025-06-19 01:45:20,42.3990707397461,-8.92165470123291,"Female"
"9004158",371991,2025-06-19 01:50:20,42.3989181518555,-8.92175769805908,"Female"
"9004158",371991,2025-06-19 01:54:02,42.3987846374512,-8.9218225479126,"Female"
"9004158",371991,2025-06-19 01:59:40,42.3990135192871,-8.92193508148193,"Female"
"9004158",371991,2025-06-19 02:04:13,42.3989562988281,-8.92170143127441,"Female"
"9004158",371991,2025-06-19 02:09:06,42.3987274169922,-8.92216300964355,"Female"
"9004158",371991,2025-06-19 02:14:08,42.3988342285156,-8.92185688018799,"Female"
"9004158",371991,2025-06-19 02:18:59,42.3970375061035,-8.92012405395508,"Female"
"9004158",371991,2025-06-19 02:24:06,42.3992805480957,-8.92197322845459,"Female"
"9004158",371991,2025-06-19 02:29:00,42.3991088867188,-8.92183780670166,"Female"
"9004158",371991,2025-06-19 02:34:07,42.3993721008301,-8.92201614379883,"Female"
"9004158",371991,2025-06-19 02:38:59,42.4001655578613,-8.9228687286377,"Female"
"9004158",371991,2025-06-19 02:44:04,42.3995094299316,-8.92222499847412,"Female"
"9004158",371991,2025-06-19 02:49:01,42.3982772827148,-8.92149639129639,"Female"
"9004158",371991,2025-06-19 02:54:06,42.3993377685547,-8.92206001281738,"Female"
"9004158",371991,2025-06-19 02:59:00,42.3991622924805,-8.92208385467529,"Female"
"9004158",371991,2025-06-19 03:04:06,42.3993835449219,-8.92217254638672,"Female"
"9004158",371991,2025-06-19 03:09:07,42.3992691040039,-8.92241859436035,"Female"
"9004158",371991,2025-06-19 03:14:00,42.398365020752,-8.92128753662109,"Female"
"9004158",371991,2025-06-19 03:19:11,42.3991813659668,-8.92233562469482,"Female"
"9004158",371991,2025-06-19 03:24:08,42.3992042541504,-8.92222213745117,"Female"
"9004158",371991,2025-06-19 03:29:01,42.399299621582,-8.92237854003906,"Female"
"9004158",371991,2025-06-19 03:34:00,42.3988990783691,-8.92277908325195,"Female"
"9004158",371991,2025-06-19 03:39:07,42.3990020751953,-8.92292213439941,"Female"
"9004158",371991,2025-06-19 03:44:01,42.3989028930664,-8.92222881317139,"Female"
"9004158",371991,2025-06-19 03:49:07,42.398811340332,-8.92268848419189,"Female"
"9004158",371991,2025-06-19 03:54:44,42.3990440368652,-8.92257213592529,"Female"
"9004158",371991,2025-06-19 03:58:59,42.3988800048828,-8.92187118530273,"Female"
"9004158",371991,2025-06-19 04:04:28,42.3987121582031,-8.92198371887207,"Female"
"9004158",371991,2025-06-19 04:09:19,42.3987808227539,-8.92236328125,"Female"
"9004158",371991,2025-06-19 04:14:23,42.3988037109375,-8.9220027923584,"Female"
"9004158",371991,2025-06-19 04:19:07,42.3990364074707,-8.92272663116455,"Female"
"9004158",371991,2025-06-19 04:24:06,42.3989028930664,-8.92250633239746,"Female"
"9004158",371991,2025-06-19 04:29:05,42.3988037109375,-8.92201519012451,"Female"
"9004158",371991,2025-06-19 04:34:07,42.3989410400391,-8.92260551452637,"Female"
"9004158",371991,2025-06-19 04:39:07,42.3988151550293,-8.92246532440186,"Female"
"9004158",371991,2025-06-19 04:44:14,42.3987350463867,-8.92252635955811,"Female"
"9004158",371991,2025-06-19 04:49:04,42.3988418579102,-8.92287921905518,"Female"
"9004158",371991,2025-06-19 04:54:08,42.3986930847168,-8.92257213592529,"Female"
"9004158",371991,2025-06-19 04:59:12,42.3986625671387,-8.92305850982666,"Female"
"9004158",371991,2025-06-19 05:04:15,42.3984756469727,-8.92329692840576,"Female"
"9004158",371991,2025-06-19 05:09:07,42.3981246948242,-8.92323780059814,"Female"
"9004158",371991,2025-06-19 05:14:07,42.3980407714844,-8.92340564727783,"Female"
"9004158",371991,2025-06-19 05:19:08,42.3976287841797,-8.92379760742188,"Female"
"9004158",371991,2025-06-19 05:24:04,42.3998146057129,-8.92098522186279,"Female"
"9004158",371991,2025-06-19 05:28:59,42.3978424072266,-8.92036819458008,"Female"
"9004158",371991,2025-06-19 05:33:57,42.3978233337402,-8.92056655883789,"Female"
"9004158",371991,2025-06-19 05:38:58,42.3984603881836,-8.92027854919434,"Female"
"9004158",371991,2025-06-19 05:43:58,42.3984336853027,-8.92026615142822,"Female"
"9004158",371991,2025-06-19 05:48:57,42.3978271484375,-8.92018032073975,"Female"
"9004158",371991,2025-06-19 05:53:57,42.3977813720703,-8.92028427124023,"Female"
"9004158",371991,2025-06-19 05:58:58,42.3983116149902,-8.92042541503906,"Female"
"9004158",371991,2025-06-19 06:03:59,42.3977508544922,-8.92026329040527,"Female"
"9004158",371991,2025-06-19 06:08:57,42.3977661132812,-8.92031002044678,"Female"
"9004158",371991,2025-06-19 06:13:57,42.3976936340332,-8.92031002044678,"Female"
"9004158",371991,2025-06-19 06:18:58,42.3977241516113,-8.9202709197998,"Female"
"9004158",371991,2025-06-19 06:23:57,42.3977279663086,-8.92022705078125,"Female"
"9004158",371991,2025-06-19 06:29:07,42.3977584838867,-8.9203462600708,"Female"
"9004158",371991,2025-06-19 06:34:00,42.3976554870605,-8.92036151885986,"Female"
"9004158",371991,2025-06-19 06:38:57,42.3977699279785,-8.92073154449463,"Female"
"9004158",371991,2025-06-19 06:43:57,42.3984107971191,-8.92002105712891,"Female"
"9004158",371991,2025-06-19 06:48:57,42.3979530334473,-8.92028522491455,"Female"
"9004158",371991,2025-06-19 06:53:57,42.3983955383301,-8.92001247406006,"Female"
"9004158",371991,2025-06-19 06:58:57,42.3988304138184,-8.9201192855835,"Female"
"9004158",371991,2025-06-19 07:03:57,42.3987274169922,-8.92006301879883,"Female"
"9004158",371991,2025-06-19 07:08:58,42.3985710144043,-8.91999816894531,"Female"
"9004158",371991,2025-06-19 07:13:57,42.3987884521484,-8.90342140197754,"Female"
"9004158",371991,2025-06-19 07:18:57,42.3986701965332,-8.9018383026123,"Female"
"9004158",371991,2025-06-19 07:24:17,42.395679473877,-8.89397716522217,"Female"
"9004158",371991,2025-06-19 07:29:52,42.397045135498,-8.88373947143555,"Female"
"9004158",371991,2025-06-19 07:34:58,42.4008483886719,-8.87827777862549,"Female"
"9004158",371991,2025-06-19 07:40:52,42.4076995849609,-8.87215518951416,"Female"
"9004158",371991,2025-06-19 07:45:51,42.4149398803711,-8.88246440887451,"Female"
"9004158",371991,2025-06-19 07:50:51,42.4499244689941,-8.92017650604248,"Female"
"9004158",371991,2025-06-19 07:55:51,42.4521064758301,-8.92381286621094,"Female"
"9004158",371991,2025-06-19 08:00:52,42.4520645141602,-8.92428207397461,"Female"
"9004158",371991,2025-06-19 08:05:58,42.4516296386719,-8.92474460601807,"Female"
"9004158",371991,2025-06-19 08:10:52,42.4515228271484,-8.92480659484863,"Female"
"9004158",371991,2025-06-19 08:16:07,42.4514656066895,-8.92499160766602,"Female"
"9004158",371991,2025-06-19 08:21:07,42.4515838623047,-8.92395114898682,"Female"
"9004158",371991,2025-06-19 08:26:07,42.4518547058105,-8.92326641082764,"Female"
"9004158",371991,2025-06-19 08:31:07,42.4518127441406,-8.92325019836426,"Female"
"9004158",371991,2025-06-19 08:36:07,42.4517707824707,-8.92325496673584,"Female"
"9004158",371991,2025-06-19 08:41:07,42.4517478942871,-8.92329406738281,"Female"
"9004158",371991,2025-06-19 08:46:07,42.4517822265625,-8.92326068878174,"Female"
"9004158",371991,2025-06-19 08:51:07,42.4517364501953,-8.92315101623535,"Female"
"9004158",371991,2025-06-19 08:56:07,42.451717376709,-8.92319488525391,"Female"
"9004158",371991,2025-06-19 09:01:07,42.4517097473145,-8.92333602905273,"Female"
"9004158",371991,2025-06-19 09:06:07,42.4516792297363,-8.92312622070312,"Female"
"9004158",371991,2025-06-19 09:11:07,42.4516677856445,-8.9232120513916,"Female"
"9004158",371991,2025-06-19 09:16:07,42.4516983032227,-8.92323684692383,"Female"
"9004158",371991,2025-06-19 09:21:07,42.4516792297363,-8.92317581176758,"Female"
"9004158",371991,2025-06-19 09:26:07,42.4516983032227,-8.92321395874023,"Female"
"9004158",371991,2025-06-19 09:31:09,42.4516716003418,-8.92314529418945,"Female"
"9004158",371991,2025-06-19 09:36:09,42.451602935791,-8.92274951934814,"Female"
"9004158",371991,2025-06-19 09:41:19,42.4521331787109,-8.9226655960083,"Female"
"9004158",371991,2025-06-19 09:46:08,42.4525489807129,-8.92349052429199,"Female"
"9004158",371991,2025-06-19 09:51:38,42.4518737792969,-8.92423915863037,"Female"
"9004158",371991,2025-06-19 09:57:08,42.4520568847656,-8.92599201202393,"Female"
"9004158",371991,2025-06-19 10:02:16,42.4516944885254,-8.92650413513184,"Female"
"9004158",371991,2025-06-19 10:07:51,42.4517059326172,-8.92548084259033,"Female"
"9004158",371991,2025-06-19 10:12:59,42.4521255493164,-8.92468357086182,"Female"
"9004158",371991,2025-06-19 10:18:08,42.4524383544922,-8.92454051971436,"Female"
"9004158",371991,2025-06-19 10:24:08,42.4521560668945,-8.9243860244751,"Female"
"9004158",371991,2025-06-19 10:29:16,42.4516754150391,-8.92303085327148,"Female"
"9004158",371991,2025-06-19 10:35:15,42.4517936706543,-8.92292213439941,"Female"
"9004158",371991,2025-06-19 10:40:35,42.4516716003418,-8.92334365844727,"Female"
"9004158",371991,2025-06-19 10:45:29,42.4513740539551,-8.92329978942871,"Female"
"9004158",371991,2025-06-19 10:50:25,42.4516220092773,-8.92309474945068,"Female"
"9004158",371991,2025-06-19 10:55:35,42.451530456543,-8.92320823669434,"Female"
"9004158",371991,2025-06-19 11:00:12,42.4516258239746,-8.92311859130859,"Female"
"9004158",371991,2025-06-19 11:05:12,42.4515686035156,-8.92315292358398,"Female"
"9004158",371991,2025-06-19 11:10:12,42.4515495300293,-8.92311763763428,"Female"
"9004158",371991,2025-06-19 11:15:12,42.4515800476074,-8.92309951782227,"Female"
"9004158",371991,2025-06-19 11:20:12,42.451530456543,-8.92329597473145,"Female"
"9004158",371991,2025-06-19 11:25:13,42.4515724182129,-8.92311382293701,"Female"
"9004158",371991,2025-06-19 11:30:13,42.4515380859375,-8.92318248748779,"Female"
"9004158",371991,2025-06-19 11:35:13,42.4515571594238,-8.9231424331665,"Female"
"9004158",371991,2025-06-19 11:40:12,42.4515495300293,-8.92318058013916,"Female"
"9004158",371991,2025-06-19 11:45:12,42.4515609741211,-8.92315673828125,"Female"
"9004158",371991,2025-06-19 11:50:12,42.4516410827637,-8.9230842590332,"Female"
"9004158",371991,2025-06-19 11:55:13,42.4515533447266,-8.92321968078613,"Female"
"9004158",371991,2025-06-19 12:00:13,42.4515953063965,-8.92317485809326,"Female"
"9004158",371991,2025-06-19 12:05:13,42.4514770507812,-8.92316627502441,"Female"
"9004158",371991,2025-06-19 12:10:13,42.4515151977539,-8.92309665679932,"Female"
"9004158",371991,2025-06-19 12:15:13,42.4515342712402,-8.92319583892822,"Female"
"9004158",371991,2025-06-19 12:20:13,42.45166015625,-8.92325305938721,"Female"
"9004158",371991,2025-06-19 12:25:14,42.451473236084,-8.92307758331299,"Female"
"9004158",371991,2025-06-19 12:30:13,42.451488494873,-8.92323875427246,"Female"
"9004158",371991,2025-06-19 12:35:18,42.4514236450195,-8.92318153381348,"Female"
"9004158",371991,2025-06-19 12:40:14,42.4515762329102,-8.92357158660889,"Female"
"9004158",371991,2025-06-19 12:45:14,42.4515647888184,-8.92341613769531,"Female"
"9004158",371991,2025-06-19 12:50:25,42.4514656066895,-8.92496204376221,"Female"
"9004158",371991,2025-06-19 12:55:36,42.4520034790039,-8.9250602722168,"Female"
"9004158",371991,2025-06-19 13:00:26,42.4517860412598,-8.92556858062744,"Female"
"9004158",371991,2025-06-19 13:05:42,42.4518547058105,-8.92654228210449,"Female"
"9004158",371991,2025-06-19 13:10:33,42.451847076416,-8.92707538604736,"Female"
"9004158",371991,2025-06-19 13:15:35,42.4524612426758,-8.92761421203613,"Female"
"9004158",371991,2025-06-19 13:20:33,42.4520568847656,-8.92747497558594,"Female"
"9004158",371991,2025-06-19 13:25:34,42.4520378112793,-8.92747116088867,"Female"
"9004158",371991,2025-06-19 13:30:33,42.452033996582,-8.92752933502197,"Female"
"9004158",371991,2025-06-19 13:35:33,42.4519233703613,-8.92745399475098,"Female"
"9004158",371991,2025-06-19 13:40:33,42.4518089294434,-8.92732429504395,"Female"
"9004158",371991,2025-06-19 13:45:34,42.4518051147461,-8.92755508422852,"Female"
"9004158",371991,2025-06-19 13:50:33,42.4518127441406,-8.92797374725342,"Female"
"9004158",371991,2025-06-19 13:55:32,42.4516868591309,-8.92754459381104,"Female"
"9004158",371991,2025-06-19 14:00:34,42.4517135620117,-8.92757701873779,"Female"
"9004158",371991,2025-06-19 14:05:37,42.4517288208008,-8.92740535736084,"Female"
"9004158",371991,2025-06-19 14:10:33,42.4517784118652,-8.92755222320557,"Female"
"9004158",371991,2025-06-19 14:15:33,42.4516983032227,-8.92832851409912,"Female"
"9004158",371991,2025-06-19 14:20:39,42.4517250061035,-8.92726707458496,"Female"
"9004158",371991,2025-06-19 14:25:33,42.451587677002,-8.92743301391602,"Female"
"9004158",371991,2025-06-19 14:30:38,42.4515533447266,-8.92721366882324,"Female"
"9004158",371991,2025-06-19 14:35:36,42.4515113830566,-8.92737102508545,"Female"
"9004158",371991,2025-06-19 14:40:36,42.4514656066895,-8.92754745483398,"Female"
"9004158",371991,2025-06-19 14:45:36,42.4515075683594,-8.92781162261963,"Female"
"9004158",371991,2025-06-19 14:50:42,42.4536895751953,-8.92332649230957,"Female"
"9004158",371991,2025-06-19 14:57:28,42.4539909362793,-8.9231071472168,"Female"
"9004158",371991,2025-06-19 15:02:46,42.4548110961914,-8.92314434051514,"Female"
"9004158",371991,2025-06-19 15:07:58,42.4550933837891,-8.92273616790771,"Female"
"9004158",371991,2025-06-19 15:12:51,42.4554328918457,-8.92075061798096,"Female"
"9004158",371991,2025-06-19 15:17:54,42.456169128418,-8.92010688781738,"Female"
"9004158",371991,2025-06-19 15:23:13,42.4566612243652,-8.91907978057861,"Female"
"9004158",371991,2025-06-19 15:28:13,42.4562110900879,-8.920166015625,"Female"
"9004158",371991,2025-06-19 15:35:31,42.4560890197754,-8.92134284973145,"Female"
"9004158",371991,2025-06-19 15:40:08,42.4557952880859,-8.92146110534668,"Female"
"9004158",371991,2025-06-19 15:45:36,42.455192565918,-8.91980648040771,"Female"
"9004158",371991,2025-06-19 15:50:36,42.4550552368164,-8.92008781433105,"Female"
"9004158",371991,2025-06-19 15:55:36,42.4551277160645,-8.92000484466553,"Female"
"9004158",371991,2025-06-19 16:00:36,42.4550399780273,-8.92022514343262,"Female"
"9004158",371991,2025-06-19 16:05:36,42.4550590515137,-8.92025661468506,"Female"
"9004158",371991,2025-06-19 16:10:36,42.4549980163574,-8.92023658752441,"Female"
"9004158",371991,2025-06-19 16:15:36,42.4550857543945,-8.92012310028076,"Female"
"9004158",371991,2025-06-19 16:20:36,42.4550704956055,-8.92026424407959,"Female"
"9004158",371991,2025-06-19 16:25:36,42.4550895690918,-8.92016410827637,"Female"
"9004158",371991,2025-06-19 16:30:36,42.4549446105957,-8.92031478881836,"Female"
"9004158",371991,2025-06-19 16:35:36,42.4550590515137,-8.92010879516602,"Female"
"9004158",371991,2025-06-19 16:40:38,42.4549713134766,-8.92017650604248,"Female"
"9004158",371991,2025-06-19 16:45:39,42.4549674987793,-8.92012786865234,"Female"
"9004158",371991,2025-06-19 16:50:36,42.4550628662109,-8.92008304595947,"Female"
"9004158",371991,2025-06-19 16:55:36,42.4550437927246,-8.92007732391357,"Female"
"9004158",371991,2025-06-19 17:00:36,42.4550819396973,-8.92004203796387,"Female"
"9004158",371991,2025-06-19 17:05:39,42.4549217224121,-8.92018127441406,"Female"
"9004158",371991,2025-06-19 17:10:39,42.4540634155273,-8.92344284057617,"Female"
"9004158",371991,2025-06-19 17:16:04,42.4533653259277,-8.92342662811279,"Female"
"9004158",371991,2025-06-19 17:21:17,42.4530792236328,-8.92400550842285,"Female"
"9004158",371991,2025-06-19 17:27:23,42.4519004821777,-8.92340183258057,"Female"
"9004158",371991,2025-06-19 17:32:39,42.4516944885254,-8.92307376861572,"Female"
"9004158",371991,2025-06-19 17:37:25,42.4516716003418,-8.9231424331665,"Female"
"9004158",371991,2025-06-19 17:42:17,42.452220916748,-8.92325878143311,"Female"
"9004158",371991,2025-06-19 17:47:19,42.4522666931152,-8.92349433898926,"Female"
"9004158",371991,2025-06-19 17:52:26,42.4512405395508,-8.92336654663086,"Female"
"9004158",371991,2025-06-19 17:57:23,42.4509353637695,-8.92281436920166,"Female"
"9004158",371991,2025-06-19 18:02:23,42.4510116577148,-8.92268180847168,"Female"
"9004158",371991,2025-06-19 18:07:23,42.4509391784668,-8.92262268066406,"Female"
"9004158",371991,2025-06-19 18:12:30,42.4508018493652,-8.92282104492188,"Female"
"9004158",371991,2025-06-19 18:17:20,42.4507598876953,-8.92275238037109,"Female"
"9004158",371991,2025-06-19 18:22:24,42.4508209228516,-8.92245388031006,"Female"
"9004158",371991,2025-06-19 18:27:42,42.4508094787598,-8.92279434204102,"Female"
"9004158",371991,2025-06-19 18:32:20,42.4509468078613,-8.92279434204102,"Female"
"9004158",371991,2025-06-19 18:37:20,42.4506607055664,-8.9228687286377,"Female"
"9004158",371991,2025-06-19 18:42:20,42.4506301879883,-8.92287540435791,"Female"
"9004158",371991,2025-06-19 18:47:44,42.4508819580078,-8.92280197143555,"Female"
"9004158",371991,2025-06-19 18:52:20,42.4509963989258,-8.92266750335693,"Female"
"9004158",371991,2025-06-19 18:57:20,42.450569152832,-8.92288208007812,"Female"
"9004158",371991,2025-06-19 19:02:19,42.4507865905762,-8.92268562316895,"Female"
"9004158",371991,2025-06-19 19:07:20,42.4124870300293,-8.92196273803711,"Female"
"9004158",371991,2025-06-19 19:12:26,42.399169921875,-8.92208385467529,"Female"
"9004158",371991,2025-06-19 19:17:25,42.4003524780273,-8.92281436920166,"Female"
"9004158",371991,2025-06-19 19:22:32,42.3992881774902,-8.92202568054199,"Female"
"9004158",371991,2025-06-19 19:27:32,42.399299621582,-8.92201614379883,"Female"
"9004158",371991,2025-06-19 19:32:31,42.3998069763184,-8.92202949523926,"Female"
"9004158",371991,2025-06-19 19:37:33,42.3996849060059,-8.92203330993652,"Female"
"9004158",371991,2025-06-19 19:42:32,42.3997917175293,-8.92196941375732,"Female"
"9004158",371991,2025-06-19 19:47:29,42.3996047973633,-8.9229040145874,"Female"
"9004158",371991,2025-06-19 19:52:43,42.3994026184082,-8.92293357849121,"Female"
"9004158",371991,2025-06-19 19:57:28,42.3991966247559,-8.92300033569336,"Female"
"9004158",371991,2025-06-19 20:02:34,42.3992691040039,-8.92318534851074,"Female"
"9004158",371991,2025-06-19 20:07:31,42.3992385864258,-8.92296600341797,"Female"
"9004158",371991,2025-06-19 20:12:21,42.3996543884277,-8.92258262634277,"Female"
"9004158",371991,2025-06-19 20:17:21,42.4001998901367,-8.92240810394287,"Female"
"9004158",371991,2025-06-19 20:22:24,42.3988304138184,-8.922043800354,"Female"
"9004158",371991,2025-06-19 20:27:28,42.3990135192871,-8.92100429534912,"Female"
"9004158",371991,2025-06-19 20:32:30,42.3990859985352,-8.92133331298828,"Female"
"9004158",371991,2025-06-19 20:37:29,42.3994445800781,-8.92150020599365,"Female"
"9004158",371991,2025-06-19 20:42:31,42.3993225097656,-8.92107105255127,"Female"
"9004158",371991,2025-06-19 20:47:44,42.3990364074707,-8.92154121398926,"Female"
"9004158",371991,2025-06-19 20:52:24,42.3988761901855,-8.92157363891602,"Female"
"9004158",371991,2025-06-19 20:57:26,42.3989410400391,-8.92176342010498,"Female"
"9004158",371991,2025-06-19 21:02:35,42.3995246887207,-8.92211151123047,"Female"
"9004158",371991,2025-06-19 21:07:47,42.3993949890137,-8.92144298553467,"Female"
"9004158",371991,2025-06-19 21:12:31,42.3992347717285,-8.92167949676514,"Female"
"9004158",371991,2025-06-19 21:17:33,42.3993034362793,-8.92168235778809,"Female"
"9004158",371991,2025-06-19 21:22:53,42.3992958068848,-8.92165279388428,"Female"
"9004158",371991,2025-06-19 21:27:26,42.3991813659668,-8.92136001586914,"Female"
"9004158",371991,2025-06-19 21:32:24,42.3991622924805,-8.92198848724365,"Female"
"9004158",371991,2025-06-19 21:37:24,42.3990287780762,-8.921950340271,"Female"
"9004158",371991,2025-06-19 21:42:20,42.3990325927734,-8.9218921661377,"Female"
"9004158",371991,2025-06-19 21:47:39,42.399299621582,-8.92237949371338,"Female"
"9004158",371991,2025-06-19 21:52:25,42.3992309570312,-8.92210960388184,"Female"
"9004158",371991,2025-06-19 21:57:34,42.3992881774902,-8.92221927642822,"Female"
"9004158",371991,2025-06-19 22:02:24,42.3992004394531,-8.92173480987549,"Female"
"9004158",371991,2025-06-19 22:07:21,42.3986396789551,-8.92168140411377,"Female"
"9004158",371991,2025-06-19 22:12:26,42.3984718322754,-8.92159366607666,"Female"
"9004158",371991,2025-06-19 22:17:22,42.3985061645508,-8.92180156707764,"Female"
"9004158",371991,2025-06-19 22:22:28,42.4021377563477,-8.92173290252686,"Female"
"9004158",371991,2025-06-19 22:27:32,42.400032043457,-8.92177486419678,"Female"
"9004158",371991,2025-06-19 22:32:59,42.3994140625,-8.92224979400635,"Female"
"9004158",371991,2025-06-19 22:37:25,42.3994140625,-8.92214775085449,"Female"
"9004158",371991,2025-06-19 22:42:22,42.3997383117676,-8.92229175567627,"Female"
"9004158",371991,2025-06-19 22:47:53,42.3995246887207,-8.92221069335938,"Female"
"9004158",371991,2025-06-19 22:52:19,42.3997344970703,-8.92215824127197,"Female"
"9004158",371991,2025-06-19 22:57:19,42.3996734619141,-8.92222309112549,"Female"
"9004158",371991,2025-06-19 23:02:22,42.3999443054199,-8.92245960235596,"Female"
"9004158",371991,2025-06-19 23:07:23,42.400016784668,-8.92264556884766,"Female"
"9004158",371991,2025-06-19 23:12:28,42.3993606567383,-8.92208862304688,"Female"
"9004158",371991,2025-06-19 23:17:22,42.3994674682617,-8.92240619659424,"Female"
"9004158",371991,2025-06-19 23:22:24,42.3991432189941,-8.92238712310791,"Female"
"9004158",371991,2025-06-19 23:27:25,42.3995208740234,-8.92214107513428,"Female"
"9004158",371991,2025-06-19 23:32:29,42.3993873596191,-8.92228698730469,"Female"
"9004158",371991,2025-06-19 23:37:24,42.3994827270508,-8.92236995697021,"Female"
"9004158",371991,2025-06-19 23:42:26,42.3993377685547,-8.92220687866211,"Female"
"9004158",371991,2025-06-19 23:47:25,42.3994560241699,-8.92204856872559,"Female"
"9004158",371991,2025-06-19 23:52:23,42.3995590209961,-8.92226409912109,"Female"
"9004158",371991,2025-06-19 23:57:23,42.399299621582,-8.92230415344238,"Female"
"9004158",371991,2025-06-20 00:02:23,42.3993873596191,-8.92207622528076,"Female"
"9004158",371991,2025-06-20 00:07:23,42.3994560241699,-8.92233467102051,"Female"
"9004158",371991,2025-06-20 00:12:23,42.3994445800781,-8.92222023010254,"Female"
"9004158",371991,2025-06-20 00:17:25,42.3994445800781,-8.9220609664917,"Female"
"9004158",371991,2025-06-20 00:22:22,42.3994140625,-8.92211532592773,"Female"
"9004158",371991,2025-06-20 00:27:22,42.3993797302246,-8.92214488983154,"Female"
"9004158",371991,2025-06-20 00:32:21,42.3993453979492,-8.92218208312988,"Female"
"9004158",371991,2025-06-20 00:37:23,42.3993988037109,-8.92242527008057,"Female"
"9004158",371991,2025-06-20 00:42:21,42.3994445800781,-8.92224597930908,"Female"
"9004158",371991,2025-06-20 00:47:21,42.3996849060059,-8.9223690032959,"Female"
"9004158",371991,2025-06-20 00:52:22,42.3994979858398,-8.92222023010254,"Female"
"9004158",371991,2025-06-20 00:57:21,42.3995323181152,-8.92224979400635,"Female"
"9004158",371991,2025-06-20 01:02:21,42.3996353149414,-8.92230892181396,"Female"
"9004158",371991,2025-06-20 01:07:21,42.3997497558594,-8.92239379882812,"Female"
"9004158",371991,2025-06-20 01:12:21,42.3995513916016,-8.92225551605225,"Female"
"9004158",371991,2025-06-20 01:17:21,42.3997688293457,-8.92240047454834,"Female"
"9004158",371991,2025-06-20 01:22:24,42.399585723877,-8.92215442657471,"Female"
"9004158",371991,2025-06-20 01:27:32,42.399845123291,-8.92230892181396,"Female"
"9004158",371991,2025-06-20 01:33:00,42.3997001647949,-8.92212200164795,"Female"
"9004158",371991,2025-06-20 01:37:44,42.399600982666,-8.92227935791016,"Female"
"9004158",371991,2025-06-20 01:42:41,42.3996543884277,-8.92232704162598,"Female"
"9004158",371991,2025-06-20 01:47:23,42.3996772766113,-8.9222526550293,"Female"
"9004158",371991,2025-06-20 01:52:28,42.3996124267578,-8.92219352722168,"Female"
"9004158",371991,2025-06-20 01:57:22,42.3996620178223,-8.92245769500732,"Female"
"9004158",371991,2025-06-20 02:02:23,42.3986854553223,-8.92148113250732,"Female"
"9004158",371991,2025-06-20 02:07:28,42.3992004394531,-8.92188453674316,"Female"
"9004158",371991,2025-06-20 02:12:23,42.3990287780762,-8.92173957824707,"Female"
"9004158",371991,2025-06-20 02:17:31,42.399299621582,-8.92181968688965,"Female"
"9004158",371991,2025-06-20 02:22:30,42.3992919921875,-8.92165946960449,"Female"
"9004158",371991,2025-06-20 02:27:23,42.3973426818848,-8.92045593261719,"Female"
"9004158",371991,2025-06-20 02:32:31,42.3994140625,-8.92226409912109,"Female"
"9004158",371991,2025-06-20 02:37:24,42.3989791870117,-8.92208480834961,"Female"
"9004158",371991,2025-06-20 02:42:31,42.3994522094727,-8.92234230041504,"Female"
"9004158",371991,2025-06-20 02:47:25,42.3989181518555,-8.92234230041504,"Female"
"9004158",371991,2025-06-20 02:52:35,42.3995056152344,-8.92234325408936,"Female"
"9004158",371991,2025-06-20 02:57:25,42.3997421264648,-8.92262649536133,"Female"
"9004158",371991,2025-06-20 03:02:31,42.399658203125,-8.9222412109375,"Female"
"9004158",371991,2025-06-20 03:07:28,42.3995552062988,-8.92272281646729,"Female"
"9004158",371991,2025-06-20 03:12:30,42.3996696472168,-8.92264652252197,"Female"
"9004158",371991,2025-06-20 03:17:28,42.3996772766113,-8.92275524139404,"Female"
"9004158",371991,2025-06-20 03:22:24,42.3987197875977,-8.92194652557373,"Female"
"9004158",371991,2025-06-20 03:27:33,42.3994255065918,-8.92259502410889,"Female"
"9004158",371991,2025-06-20 03:32:32,42.3996696472168,-8.92251873016357,"Female"
"9004158",371991,2025-06-20 03:37:44,42.3991241455078,-8.92317771911621,"Female"
"9004158",371991,2025-06-20 03:42:31,42.3992614746094,-8.92313575744629,"Female"
"9004158",371991,2025-06-20 03:47:30,42.3994789123535,-8.92260932922363,"Female"
"9004158",371991,2025-06-20 03:53:43,42.3993606567383,-8.92233943939209,"Female"
"9004158",371991,2025-06-20 03:57:31,42.3994178771973,-8.92217350006104,"Female"
"9004158",371991,2025-06-20 04:02:31,42.3994407653809,-8.92234897613525,"Female"
"9004158",371991,2025-06-20 04:07:29,42.3993721008301,-8.92216682434082,"Female"
"9004158",371991,2025-06-20 04:12:29,42.3995056152344,-8.92251968383789,"Female"
"9004158",371991,2025-06-20 04:17:30,42.3994293212891,-8.9223051071167,"Female"
"9004158",371991,2025-06-20 04:22:23,42.3994979858398,-8.92321014404297,"Female"
"9004158",371991,2025-06-20 04:27:28,42.3996620178223,-8.92287349700928,"Female"
"9004158",371991,2025-06-20 04:32:51,42.3996047973633,-8.92272758483887,"Female"
"9004158",371991,2025-06-20 04:37:36,42.3996429443359,-8.92268466949463,"Female"
"9004158",371991,2025-06-20 04:42:34,42.3995971679688,-8.92258930206299,"Female"
"9004158",371991,2025-06-20 04:47:36,42.3995208740234,-8.92253684997559,"Female"
"9004158",371991,2025-06-20 04:53:02,42.399658203125,-8.92253875732422,"Female"
"9004158",371991,2025-06-20 04:57:25,42.3996887207031,-8.92231845855713,"Female"
"9004158",371991,2025-06-20 05:02:22,42.4000434875488,-8.92246150970459,"Female"
"9004158",371991,2025-06-20 05:07:25,42.3998260498047,-8.92271423339844,"Female"
"9004158",371991,2025-06-20 05:12:23,42.3997344970703,-8.92281150817871,"Female"
"9004158",371991,2025-06-20 05:17:20,42.3977584838867,-8.92000961303711,"Female"
"9004158",371991,2025-06-20 05:22:22,42.3977127075195,-8.91987991333008,"Female"
"9004158",371991,2025-06-20 05:27:20,42.3977699279785,-8.9199275970459,"Female"
"9004158",371991,2025-06-20 05:32:20,42.3979187011719,-8.92032909393311,"Female"
"9004158",371991,2025-06-20 05:37:20,42.3980293273926,-8.9204626083374,"Female"
"9004158",371991,2025-06-20 05:42:20,42.3979949951172,-8.92041492462158,"Female"
"9004158",371991,2025-06-20 05:47:20,42.3979835510254,-8.92042541503906,"Female"
"9004158",371991,2025-06-20 05:52:20,42.3980369567871,-8.92039012908936,"Female"
"9004158",371991,2025-06-20 05:57:20,42.3977470397949,-8.92002487182617,"Female"
"9004158",371991,2025-06-20 06:02:20,42.3978271484375,-8.91998100280762,"Female"
"9004158",371991,2025-06-20 06:07:20,42.3977088928223,-8.91987419128418,"Female"
"9004158",371991,2025-06-20 06:12:20,42.3976440429688,-8.9198751449585,"Female"
"9004158",371991,2025-06-20 06:17:20,42.3976211547852,-8.91975402832031,"Female"
"9004158",371991,2025-06-20 06:22:20,42.3976249694824,-8.91979312896729,"Female"
"9004158",371991,2025-06-20 06:27:20,42.3975982666016,-8.91975212097168,"Female"
"9004158",371991,2025-06-20 06:32:20,42.3984794616699,-8.91753101348877,"Female"
"9004158",371991,2025-06-20 06:37:20,42.3985862731934,-8.9164867401123,"Female"
"9004158",371991,2025-06-20 06:42:20,42.3983688354492,-8.91518783569336,"Female"
"9004158",371991,2025-06-20 06:48:01,42.4005889892578,-8.90550136566162,"Female"
"9004158",371991,2025-06-20 06:53:59,42.4083862304688,-8.89760684967041,"Female"
"9004158",371991,2025-06-20 06:58:58,42.4139213562012,-8.88906764984131,"Female"
"9004158",371991,2025-06-20 07:04:03,42.4155006408691,-8.88903141021729,"Female"
"9004158",371991,2025-06-20 07:09:44,42.4156646728516,-8.8891429901123,"Female"
"9004158",371991,2025-06-20 07:15:30,42.4164810180664,-8.88871479034424,"Female"
"9004158",371991,2025-06-20 07:21:26,42.4169845581055,-8.88869380950928,"Female"
"9004158",371991,2025-06-20 07:26:28,42.4170150756836,-8.88865280151367,"Female"
"9004158",371991,2025-06-20 07:31:44,42.4170837402344,-8.88893699645996,"Female"
"9004158",371991,2025-06-20 07:36:43,42.4176177978516,-8.88930606842041,"Female"
"9004158",371991,2025-06-20 07:41:44,42.4171333312988,-8.88991355895996,"Female"
"9004158",371991,2025-06-20 07:47:29,42.4431228637695,-8.90804862976074,"Female"
"9004158",371991,2025-06-20 07:51:43,42.452091217041,-8.92328643798828,"Female"
"9004158",371991,2025-06-20 07:56:43,42.4521064758301,-8.92334079742432,"Female"
"9004158",371991,2025-06-20 08:01:43,42.4531440734863,-8.92370796203613,"Female"
"9004158",371991,2025-06-20 08:07:15,42.452465057373,-8.92375755310059,"Female"
"9004158",371991,2025-06-20 08:12:26,42.4529151916504,-8.92349815368652,"Female"
"9004158",371991,2025-06-20 08:17:26,42.4529800415039,-8.92372703552246,"Female"
"9004158",371991,2025-06-20 08:22:26,42.4530220031738,-8.92368698120117,"Female"
"9004158",371991,2025-06-20 08:27:26,42.4529724121094,-8.92362499237061,"Female"
"9004158",371991,2025-06-20 08:32:26,42.452938079834,-8.92367649078369,"Female"
"9004158",371991,2025-06-20 08:37:26,42.4529151916504,-8.92369556427002,"Female"
"9004158",371991,2025-06-20 08:42:26,42.4530029296875,-8.92365646362305,"Female"
"9004158",371991,2025-06-20 08:47:26,42.4529876708984,-8.92362403869629,"Female"
"9004158",371991,2025-06-20 08:52:26,42.4529800415039,-8.92357730865479,"Female"
"9004158",371991,2025-06-20 08:57:36,42.4536209106445,-8.92314720153809,"Female"
"9004158",371991,2025-06-20 09:02:36,42.4546775817871,-8.9233570098877,"Female"
"9004158",371991,2025-06-20 09:07:36,42.455078125,-8.92266941070557,"Female"
"9004158",371991,2025-06-20 09:13:17,42.454418182373,-8.92320156097412,"Female"
"9004158",371991,2025-06-20 09:18:17,42.4537963867188,-8.92329120635986,"Female"
"9004158",371991,2025-06-20 09:23:17,42.4538345336914,-8.92331981658936,"Female"
"9004158",371991,2025-06-20 09:28:17,42.453857421875,-8.9233283996582,"Female"
"9004158",371991,2025-06-20 09:33:17,42.4539031982422,-8.92333126068115,"Female"
"9004158",371991,2025-06-20 09:38:17,42.4539070129395,-8.92333221435547,"Female"
"9004158",371991,2025-06-20 09:43:18,42.453914642334,-8.92336750030518,"Female"
"9004158",371991,2025-06-20 09:48:18,42.4539184570312,-8.92336368560791,"Female"
"9004158",371991,2025-06-20 09:53:18,42.4538345336914,-8.92339897155762,"Female"
"9004158",371991,2025-06-20 09:58:18,42.4540519714355,-8.92341899871826,"Female"
"9004158",371991,2025-06-20 10:03:18,42.4540481567383,-8.92332458496094,"Female"
"9004158",371991,2025-06-20 10:08:18,42.453784942627,-8.92336368560791,"Female"
"9004158",371991,2025-06-20 10:13:18,42.4541091918945,-8.92326641082764,"Female"
"9004158",371991,2025-06-20 10:18:18,42.454029083252,-8.92321491241455,"Female"
"9004158",371991,2025-06-20 10:23:18,42.4538192749023,-8.92294502258301,"Female"
"9004158",371991,2025-06-20 10:28:19,42.4528884887695,-8.92329216003418,"Female"
"9004158",371991,2025-06-20 10:33:24,42.4524574279785,-8.92305374145508,"Female"
"9004158",371991,2025-06-20 10:38:21,42.4518737792969,-8.92305088043213,"Female"
"9004158",371991,2025-06-20 10:44:00,42.4525566101074,-8.92360401153564,"Female"
"9004158",371991,2025-06-20 10:48:56,42.4520950317383,-8.92358875274658,"Female"
"9004158",371991,2025-06-20 10:54:44,42.4521713256836,-8.92403125762939,"Female"
"9004158",371991,2025-06-20 10:59:43,42.4519233703613,-8.92424488067627,"Female"
"9004158",371991,2025-06-20 11:04:41,42.4518432617188,-8.92422199249268,"Female"
"9004158",371991,2025-06-20 11:09:41,42.4518508911133,-8.92446422576904,"Female"
"9004158",371991,2025-06-20 11:14:41,42.4518928527832,-8.92423725128174,"Female"
"9004158",371991,2025-06-20 11:19:41,42.4519195556641,-8.92417335510254,"Female"
"9004158",371991,2025-06-20 11:24:41,42.4519462585449,-8.92425346374512,"Female"
"9004158",371991,2025-06-20 11:29:41,42.4518585205078,-8.92427349090576,"Female"
"9004158",371991,2025-06-20 11:34:41,42.4519386291504,-8.92418670654297,"Female"
"9004158",371991,2025-06-20 11:39:41,42.4518585205078,-8.92427349090576,"Female"
"9004158",371991,2025-06-20 11:44:41,42.4518775939941,-8.92426681518555,"Female"
"9004158",371991,2025-06-20 11:49:41,42.4517440795898,-8.92414855957031,"Female"
"9004158",371991,2025-06-20 11:54:41,42.4516448974609,-8.92433643341064,"Female"
"9004158",371991,2025-06-20 11:59:41,42.4517135620117,-8.92425918579102,"Female"
"9004158",371991,2025-06-20 12:04:41,42.4517402648926,-8.92433261871338,"Female"
"9004158",371991,2025-06-20 12:09:41,42.4516983032227,-8.92425727844238,"Female"
"9004158",371991,2025-06-20 12:14:41,42.4516067504883,-8.9243631362915,"Female"
"9004158",371991,2025-06-20 12:19:41,42.4517211914062,-8.92431735992432,"Female"
"9004158",371991,2025-06-20 12:24:41,42.451717376709,-8.92428493499756,"Female"
"9004158",371991,2025-06-20 12:29:41,42.4517059326172,-8.92434597015381,"Female"
"9004158",371991,2025-06-20 12:34:41,42.4517135620117,-8.92431640625,"Female"
"9004158",371991,2025-06-20 12:39:41,42.4516944885254,-8.92437744140625,"Female"
"9004158",371991,2025-06-20 12:44:41,42.4516868591309,-8.92439079284668,"Female"
"9004158",371991,2025-06-20 12:50:05,42.4516220092773,-8.92426872253418,"Female"
"9004158",371991,2025-06-20 12:54:41,42.4516105651855,-8.92424297332764,"Female"
"9004158",371991,2025-06-20 12:59:41,42.4516334533691,-8.92422485351562,"Female"
"9004158",371991,2025-06-20 13:04:40,42.4515419006348,-8.92436027526855,"Female"
"9004158",371991,2025-06-20 13:09:41,42.4516487121582,-8.92446422576904,"Female"
"9004158",371991,2025-06-20 13:14:41,42.4516983032227,-8.92425632476807,"Female"
"9004158",371991,2025-06-20 13:19:41,42.451602935791,-8.92428874969482,"Female"
"9004158",371991,2025-06-20 13:24:41,42.4515991210938,-8.92433452606201,"Female"
"9004158",371991,2025-06-20 13:29:41,42.4515800476074,-8.92421245574951,"Female"
"9004158",371991,2025-06-20 13:34:41,42.4515647888184,-8.92431735992432,"Female"
"9004158",371991,2025-06-20 13:39:41,42.4515037536621,-8.92432308197021,"Female"
"9004158",371991,2025-06-20 13:44:41,42.4516410827637,-8.92423629760742,"Female"
"9004158",371991,2025-06-20 13:49:41,42.4516677856445,-8.92427349090576,"Female"
"9004158",371991,2025-06-20 13:54:41,42.4515838623047,-8.92429065704346,"Female"
"9004158",371991,2025-06-20 13:59:41,42.4516525268555,-8.92435741424561,"Female"
"9004158",371991,2025-06-20 14:04:47,42.4515609741211,-8.92504501342773,"Female"
"9004158",371991,2025-06-20 14:09:41,42.4510765075684,-8.92483615875244,"Female"
"9004158",371991,2025-06-20 14:14:53,42.4517211914062,-8.92447280883789,"Female"
"9004158",371991,2025-06-20 14:19:45,42.4517822265625,-8.92400360107422,"Female"
"9004158",371991,2025-06-20 14:24:42,42.4521102905273,-8.92365646362305,"Female"
"9004158",371991,2025-06-20 14:30:13,42.4516143798828,-8.92374324798584,"Female"
"9004158",371991,2025-06-20 14:34:54,42.452220916748,-8.92341804504395,"Female"
"9004158",371991,2025-06-20 14:39:55,42.4518051147461,-8.92396545410156,"Female"
"9004158",371991,2025-06-20 14:45:15,42.4513168334961,-8.92355537414551,"Female"
"9004158",371991,2025-06-20 14:51:41,42.4511108398438,-8.92240142822266,"Female"
"9004158",371991,2025-06-20 14:57:17,42.4514389038086,-8.92232704162598,"Female"
"9004158",371991,2025-06-20 15:05:17,42.4517211914062,-8.92278861999512,"Female"
"9004158",371991,2025-06-20 15:10:17,42.4516639709473,-8.92256927490234,"Female"
"9004158",371991,2025-06-20 15:15:13,42.451602935791,-8.92266273498535,"Female"
"9004158",371991,2025-06-20 15:20:15,42.4514923095703,-8.92266845703125,"Female"
"9004158",371991,2025-06-20 15:25:14,42.4514236450195,-8.92258548736572,"Female"
"9004158",371991,2025-06-20 15:30:14,42.4508895874023,-8.92255020141602,"Female"
"9004158",371991,2025-06-20 15:35:15,42.450855255127,-8.9225025177002,"Female"
"9004158",371991,2025-06-20 15:40:14,42.4508934020996,-8.92256736755371,"Female"
"9004158",371991,2025-06-20 15:45:15,42.4508209228516,-8.92252540588379,"Female"
"9004158",371991,2025-06-20 15:50:14,42.4509124755859,-8.92262172698975,"Female"
"9004158",371991,2025-06-20 15:55:14,42.4508171081543,-8.92255687713623,"Female"
"9004158",371991,2025-06-20 16:00:14,42.4509391784668,-8.92265892028809,"Female"
"9004158",371991,2025-06-20 16:05:14,42.450870513916,-8.92250537872314,"Female"
"9004158",371991,2025-06-20 16:10:14,42.4508895874023,-8.92258548736572,"Female"
"9004158",371991,2025-06-20 16:15:14,42.4508590698242,-8.92258358001709,"Female"
"9004158",371991,2025-06-20 16:20:14,42.4508514404297,-8.92263793945312,"Female"
"9004158",371991,2025-06-20 16:25:15,42.4509124755859,-8.92262840270996,"Female"
"9004158",371991,2025-06-20 16:30:25,42.4536590576172,-8.92308330535889,"Female"
"9004158",371991,2025-06-20 16:35:35,42.4538078308105,-8.92334842681885,"Female"
"9004158",371991,2025-06-20 16:40:18,42.4540596008301,-8.92321491241455,"Female"
"9004158",371991,2025-06-20 16:45:36,42.4534530639648,-8.92309284210205,"Female"
"9004158",371991,2025-06-20 16:50:33,42.4530944824219,-8.92386245727539,"Female"
"9004158",371991,2025-06-20 16:55:47,42.4524116516113,-8.92281913757324,"Female"
"9004158",371991,2025-06-20 17:00:45,42.4514961242676,-8.92234230041504,"Female"
"9004158",371991,2025-06-20 17:05:45,42.4514770507812,-8.92235469818115,"Female"
"9004158",371991,2025-06-20 17:10:46,42.4513816833496,-8.92246913909912,"Female"
"9004158",371991,2025-06-20 17:15:46,42.4514541625977,-8.92252826690674,"Female"
"9004158",371991,2025-06-20 17:20:46,42.4514007568359,-8.92237949371338,"Female"
"9004158",371991,2025-06-20 17:25:46,42.4513664245605,-8.92246246337891,"Female"
"9004158",371991,2025-06-20 17:30:46,42.451416015625,-8.92244815826416,"Female"
"9004158",371991,2025-06-20 17:35:46,42.451416015625,-8.92251491546631,"Female"
"9004158",371991,2025-06-20 17:40:45,42.4513931274414,-8.92246532440186,"Female"
"9004158",371991,2025-06-20 17:45:46,42.4514427185059,-8.92246627807617,"Female"
"9004158",371991,2025-06-20 17:50:46,42.4514007568359,-8.92247009277344,"Female"
"9004158",371991,2025-06-20 17:55:46,42.4513854980469,-8.92250728607178,"Female"
"9004158",371991,2025-06-20 18:00:46,42.4514465332031,-8.92249202728271,"Female"
"9004158",371991,2025-06-20 18:05:46,42.4513931274414,-8.92253112792969,"Female"
"9004158",371991,2025-06-20 18:10:46,42.4514694213867,-8.92245578765869,"Female"
"9004158",371991,2025-06-20 18:15:46,42.4514274597168,-8.92248344421387,"Female"
"9004158",371991,2025-06-20 18:20:45,42.4515151977539,-8.92252922058105,"Female"
"9004158",371991,2025-06-20 18:25:46,42.4515419006348,-8.92253875732422,"Female"
"9004158",371991,2025-06-20 18:30:46,42.4515190124512,-8.9225492477417,"Female"
"9004158",371991,2025-06-20 18:35:46,42.4515495300293,-8.92264652252197,"Female"
"9004158",371991,2025-06-20 18:40:46,42.4515724182129,-8.92279815673828,"Female"
"9004158",371991,2025-06-20 18:45:46,42.4516143798828,-8.92284107208252,"Female"
"9004158",371991,2025-06-20 18:50:46,42.434741973877,-8.92238712310791,"Female"
"9004158",371991,2025-06-20 18:55:46,42.4001274108887,-8.92229080200195,"Female"
"9004158",371991,2025-06-20 19:01:44,42.3991165161133,-8.92223262786865,"Female"
"9004158",371991,2025-06-20 19:05:48,42.3985290527344,-8.9207592010498,"Female"
"9004158",371991,2025-06-20 19:10:45,42.3994407653809,-8.92326068878174,"Female"
"9004158",371991,2025-06-20 19:15:48,42.3987159729004,-8.92126178741455,"Female"
"9004158",371991,2025-06-20 19:20:49,42.398853302002,-8.92135429382324,"Female"
"9004158",371991,2025-06-20 19:25:48,42.3983116149902,-8.92076206207275,"Female"
"9004158",371991,2025-06-20 19:30:48,42.398624420166,-8.92100620269775,"Female"
"9004158",371991,2025-06-20 19:35:47,42.3986511230469,-8.92136096954346,"Female"
"9004158",371991,2025-06-20 19:40:47,42.3985481262207,-8.91962146759033,"Female"
"9004158",371991,2025-06-20 19:45:50,42.3988456726074,-8.92228698730469,"Female"
"9004158",371991,2025-06-20 19:51:01,42.3990325927734,-8.92222785949707,"Female"
"9004158",371991,2025-06-20 19:55:54,42.3989601135254,-8.92226791381836,"Female"
"9004158",371991,2025-06-20 20:01:00,42.3988304138184,-8.92219543457031,"Female"
"9004158",371991,2025-06-20 20:05:46,42.3990097045898,-8.92104625701904,"Female"
"9004158",371991,2025-06-20 20:10:47,42.399730682373,-8.9222297668457,"Female"
"9004158",371991,2025-06-20 20:15:47,42.3989562988281,-8.92143535614014,"Female"
"9004158",371991,2025-06-20 20:20:50,42.3993148803711,-8.92278957366943,"Female"
"9004158",371991,2025-06-20 20:25:49,42.3991355895996,-8.92284393310547,"Female"
"9004158",371991,2025-06-20 20:30:52,42.3990364074707,-8.92306041717529,"Female"
"9004158",371991,2025-06-20 20:35:49,42.3990745544434,-8.92275238037109,"Female"
"9004158",371991,2025-06-20 20:40:56,42.3992004394531,-8.92271995544434,"Female"
"9004158",371991,2025-06-20 20:45:50,42.399242401123,-8.92243003845215,"Female"
"9004158",371991,2025-06-20 20:50:46,42.3993835449219,-8.92251014709473,"Female"
"9004158",371991,2025-06-20 20:55:49,42.3993110656738,-8.92242908477783,"Female"
"9004158",371991,2025-06-20 21:00:50,42.3992462158203,-8.92243385314941,"Female"
"9004158",371991,2025-06-20 21:05:52,42.3992576599121,-8.92251205444336,"Female"
"9004158",371991,2025-06-20 21:10:49,42.3992958068848,-8.9222936630249,"Female"
"9004158",371991,2025-06-20 21:15:57,42.399242401123,-8.9227237701416,"Female"
"9004158",371991,2025-06-20 21:20:58,42.3991737365723,-8.92261695861816,"Female"
"9004158",371991,2025-06-20 21:25:59,42.3991546630859,-8.92278575897217,"Female"
"9004158",371991,2025-06-20 21:31:14,42.3989448547363,-8.92252635955811,"Female"
"9004158",371991,2025-06-20 21:35:57,42.3989639282227,-8.9224157333374,"Female"
"9004158",371991,2025-06-20 21:40:54,42.3989219665527,-8.92277336120605,"Female"
"9004158",371991,2025-06-20 21:46:18,42.3994140625,-8.92266178131104,"Female"
"9004158",371991,2025-06-20 21:50:57,42.3994255065918,-8.92273902893066,"Female"
"9004158",371991,2025-06-20 21:56:38,42.3994064331055,-8.92247486114502,"Female"
"9004158",371991,2025-06-20 22:00:53,42.3993530273438,-8.9225378036499,"Female"
"9004158",371991,2025-06-20 22:05:50,42.3993453979492,-8.92230606079102,"Female"
"9004158",371991,2025-06-20 22:10:48,42.3994369506836,-8.92245292663574,"Female"
"9004158",371991,2025-06-20 22:16:11,42.3996543884277,-8.92221641540527,"Female"
"9004158",371991,2025-06-20 22:20:48,42.3992233276367,-8.92232894897461,"Female"
"9004158",371991,2025-06-20 22:25:49,42.3993721008301,-8.92225170135498,"Female"
"9004158",371991,2025-06-20 22:30:52,42.3991966247559,-8.92222785949707,"Female"
"9004158",371991,2025-06-20 22:35:58,42.3993186950684,-8.92255687713623,"Female"
"9004158",371991,2025-06-20 22:41:23,42.399341583252,-8.92247486114502,"Female"
"9004158",371991,2025-06-20 22:45:53,42.3993797302246,-8.92216014862061,"Female"
"9004158",371991,2025-06-20 22:51:04,42.399356842041,-8.92226696014404,"Female"
"9004158",371991,2025-06-20 22:55:54,42.399356842041,-8.92217254638672,"Female"
"9004158",371991,2025-06-20 23:00:54,42.3993949890137,-8.92229843139648,"Female"
"9004158",371991,2025-06-20 23:06:05,42.3993453979492,-8.92230796813965,"Female"
"9004158",371991,2025-06-20 23:10:52,42.3993721008301,-8.92223644256592,"Female"
"9004158",371991,2025-06-20 23:15:47,42.3996353149414,-8.92228221893311,"Female"
"9004158",371991,2025-06-20 23:20:49,42.3990287780762,-8.92213249206543,"Female"
"9004158",371991,2025-06-20 23:25:47,42.3993911743164,-8.92216110229492,"Female"
"9004158",371991,2025-06-20 23:30:49,42.3991508483887,-8.92224788665771,"Female"
"9004158",371991,2025-06-20 23:35:51,42.3994522094727,-8.9221715927124,"Female"
"9004158",371991,2025-06-20 23:40:53,42.3992500305176,-8.92197036743164,"Female"
"9004158",371991,2025-06-20 23:45:52,42.3991813659668,-8.92198467254639,"Female"
"9004158",371991,2025-06-20 23:51:01,42.3993186950684,-8.92207431793213,"Female"
"9004158",371991,2025-06-20 23:55:49,42.3993377685547,-8.92207336425781,"Female"
"9004158",371991,2025-06-21 00:00:47,42.3995361328125,-8.9221363067627,"Female"
"9004158",371991,2025-06-21 00:05:48,42.400016784668,-8.92254447937012,"Female"
"9004158",371991,2025-06-21 00:11:01,42.3992958068848,-8.92199039459229,"Female"
"9004158",371991,2025-06-21 00:15:49,42.3991928100586,-8.92209243774414,"Female"
"9004158",371991,2025-06-21 00:20:49,42.399227142334,-8.92186260223389,"Female"
"9004158",371991,2025-06-21 00:25:49,42.3998870849609,-8.92251873016357,"Female"
"9004158",371991,2025-06-21 00:30:51,42.399730682373,-8.92245674133301,"Female"
"9004158",371991,2025-06-21 00:35:48,42.3992195129395,-8.92203521728516,"Female"
"9004158",371991,2025-06-21 00:40:49,42.3993377685547,-8.92228031158447,"Female"
"9004158",371991,2025-06-21 00:45:49,42.3996200561523,-8.92236328125,"Female"
"9004158",371991,2025-06-21 00:50:59,42.399585723877,-8.92236614227295,"Female"
"9004158",371991,2025-06-21 00:55:54,42.3995590209961,-8.92257022857666,"Female"
"9004158",371991,2025-06-21 01:00:54,42.3997611999512,-8.92276000976562,"Female"
"9004158",371991,2025-06-21 01:05:59,42.3995513916016,-8.92250061035156,"Female"
"9004158",371991,2025-06-21 01:11:18,42.3995399475098,-8.92229557037354,"Female"
"9004158",371991,2025-06-21 01:15:53,42.3994598388672,-8.92219924926758,"Female"
"9004158",371991,2025-06-21 01:20:58,42.3995323181152,-8.92260551452637,"Female"
"9004158",371991,2025-06-21 01:26:01,42.3996429443359,-8.92240524291992,"Female"
"9004158",371991,2025-06-21 01:31:01,42.3994369506836,-8.92274284362793,"Female"
"9004158",371991,2025-06-21 01:36:44,42.3993339538574,-8.92265319824219,"Female"
"9004158",371991,2025-06-21 01:41:37,42.3994064331055,-8.92232322692871,"Female"
"9004158",371991,2025-06-21 01:46:07,42.3989753723145,-8.92172908782959,"Female"
"9004158",371991,2025-06-21 01:51:34,42.3990097045898,-8.92162799835205,"Female"
"9004158",371991,2025-06-21 01:55:55,42.3993148803711,-8.92225933074951,"Female"
"9004158",371991,2025-06-21 02:00:55,42.3991813659668,-8.92226409912109,"Female"
"9004158",371991,2025-06-21 02:07:09,42.3993339538574,-8.92216110229492,"Female"
"9004158",371991,2025-06-21 02:12:09,42.3993721008301,-8.92217826843262,"Female"
"9004158",371991,2025-06-21 02:15:52,42.3994674682617,-8.92201805114746,"Female"
"9004158",371991,2025-06-21 02:20:50,42.3993148803711,-8.92235279083252,"Female"
"9004158",371991,2025-06-21 02:25:49,42.3994216918945,-8.92209339141846,"Female"
"9004158",371991,2025-06-21 02:30:52,42.3994750976562,-8.92241954803467,"Female"
"9004158",371991,2025-06-21 02:35:52,42.3994903564453,-8.92247295379639,"Female"
"9004158",371991,2025-06-21 02:40:50,42.3994522094727,-8.92218971252441,"Female"
"9004158",371991,2025-06-21 02:45:49,42.3992691040039,-8.92258644104004,"Female"
"9004158",371991,2025-06-21 02:50:50,42.3993797302246,-8.92255783081055,"Female"
"9004158",371991,2025-06-21 02:55:53,42.399341583252,-8.92245960235596,"Female"
"9004158",371991,2025-06-21 03:00:49,42.3991584777832,-8.92244529724121,"Female"
"9004158",371991,2025-06-21 03:05:52,42.3994102478027,-8.92229461669922,"Female"
"9004158",371991,2025-06-21 03:10:50,42.3993606567383,-8.9227123260498,"Female"
"9004158",371991,2025-06-21 03:15:52,42.3996162414551,-8.92205142974854,"Female"
"9004158",371991,2025-06-21 03:21:09,42.3992500305176,-8.92284679412842,"Female"
"9004158",371991,2025-06-21 03:26:30,42.3993263244629,-8.92262554168701,"Female"
"9004158",371991,2025-06-21 03:30:54,42.3993835449219,-8.92265224456787,"Female"
"9004158",371991,2025-06-21 03:37:09,42.3992881774902,-8.92245960235596,"Female"
"9004158",371991,2025-06-21 03:42:09,42.3991394042969,-8.92275047302246,"Female"
"9004158",371991,2025-06-21 03:47:09,42.3990020751953,-8.9229907989502,"Female"
"9004158",371991,2025-06-21 03:50:52,42.3996353149414,-8.92264938354492,"Female"
"9004158",371991,2025-06-21 03:55:59,42.3995590209961,-8.92250061035156,"Female"
"9004158",371991,2025-06-21 04:00:48,42.3995819091797,-8.9225025177002,"Female"
"9004158",371991,2025-06-21 04:05:49,42.3995475769043,-8.92239856719971,"Female"
"9004158",371991,2025-06-21 04:10:47,42.3996086120605,-8.92258644104004,"Female"
"9004158",371991,2025-06-21 04:15:46,42.399658203125,-8.92264556884766,"Female"
"9004158",371991,2025-06-21 04:20:50,42.3995971679688,-8.92242336273193,"Female"
"9004158",371991,2025-06-21 04:25:49,42.3995628356934,-8.92250442504883,"Female"
"9004158",371991,2025-06-21 04:30:52,42.3996047973633,-8.92266845703125,"Female"
"9004158",371991,2025-06-21 04:36:16,42.3995933532715,-8.92281818389893,"Female"
"9004158",371991,2025-06-21 04:40:57,42.3995780944824,-8.92250919342041,"Female"
"9004158",371991,2025-06-21 04:45:54,42.3995780944824,-8.92239284515381,"Female"
"9004158",371991,2025-06-21 04:50:58,42.399486541748,-8.92212200164795,"Female"
"9004158",371991,2025-06-21 04:56:21,42.3995018005371,-8.92248153686523,"Female"
"9004158",371991,2025-06-21 05:00:46,42.3976440429688,-8.92007732391357,"Female"
"9004158",371991,2025-06-21 05:05:55,42.3977508544922,-8.92028713226318,"Female"
"9004158",371991,2025-06-21 05:10:56,42.3979644775391,-8.92101860046387,"Female"
"9004158",371991,2025-06-21 05:16:03,42.3977699279785,-8.92034435272217,"Female"
"9004158",371991,2025-06-21 05:20:45,42.3977546691895,-8.9203519821167,"Female"
"9004158",371991,2025-06-21 05:25:46,42.3977241516113,-8.92035675048828,"Female"
"9004158",371991,2025-06-21 05:30:46,42.3977355957031,-8.92038631439209,"Female"
"9004158",371991,2025-06-21 05:35:46,42.3977699279785,-8.92036437988281,"Female"
"9004158",371991,2025-06-21 05:40:45,42.3977546691895,-8.92033386230469,"Female"
"9004158",371991,2025-06-21 05:45:45,42.3977127075195,-8.92028045654297,"Female"
"9004158",371991,2025-06-21 05:50:46,42.3977737426758,-8.92038440704346,"Female"
"9004158",371991,2025-06-21 05:55:46,42.3977851867676,-8.92028713226318,"Female"
"9004158",371991,2025-06-21 06:00:47,42.3977546691895,-8.92028999328613,"Female"
"9004158",371991,2025-06-21 06:05:45,42.3977661132812,-8.92031669616699,"Female"
"9004158",371991,2025-06-21 06:10:46,42.3977355957031,-8.92035961151123,"Female"
"9004158",371991,2025-06-21 06:15:45,42.3977241516113,-8.92038154602051,"Female"
"9004158",371991,2025-06-21 06:20:45,42.3977088928223,-8.92034816741943,"Female"
"9004158",371991,2025-06-21 06:25:46,42.3977127075195,-8.92036914825439,"Female"
"9004158",371991,2025-06-21 06:30:46,42.3982162475586,-8.92006874084473,"Female"
"9004158",371991,2025-06-21 06:35:46,42.3973770141602,-8.91248798370361,"Female"
"9004158",371991,2025-06-21 06:40:46,42.4020004272461,-8.89951992034912,"Female"
"9004158",371991,2025-06-21 06:45:46,42.4038543701172,-8.8893928527832,"Female"
"9004158",371991,2025-06-21 06:51:21,42.4036598205566,-8.88934326171875,"Female"
"9004158",371991,2025-06-21 06:56:21,42.403865814209,-8.88870811462402,"Female"
"9004158",371991,2025-06-21 07:01:45,42.4040298461914,-8.89022445678711,"Female"
"9004158",371991,2025-06-21 07:07:08,42.4037284851074,-8.8904857635498,"Female"
"9004158",371991,2025-06-21 07:12:08,42.407054901123,-8.89306831359863,"Female"
"9004158",371991,2025-06-21 07:17:08,42.4461822509766,-8.92200183868408,"Female"
"9004158",371991,2025-06-21 07:22:18,42.4550437927246,-8.92346286773682,"Female"
"9004158",371991,2025-06-21 07:27:25,42.4551887512207,-8.92204570770264,"Female"
"9004158",371991,2025-06-21 07:32:58,42.455207824707,-8.92148685455322,"Female"
"9004158",371991,2025-06-21 07:38:09,42.4561462402344,-8.92089080810547,"Female"
"9004158",371991,2025-06-21 07:43:07,42.4559211730957,-8.920334815979,"Female"
"9004158",371991,2025-06-21 07:48:06,42.4564819335938,-8.91965389251709,"Female"
"9004158",371991,2025-06-21 07:53:23,42.4559478759766,-8.91996765136719,"Female"
"9004158",371991,2025-06-21 07:58:27,42.4566879272461,-8.91894149780273,"Female"
"9004158",371991,2025-06-21 08:03:34,42.4570465087891,-8.91860103607178,"Female"
"9004158",371991,2025-06-21 08:08:41,42.4563674926758,-8.91995906829834,"Female"
"9004158",371991,2025-06-21 08:14:03,42.455005645752,-8.92022514343262,"Female"
"9004158",371991,2025-06-21 08:19:06,42.454647064209,-8.91959476470947,"Female"
"9004158",371991,2025-06-21 08:24:03,42.4549369812012,-8.92017841339111,"Female"
"9004158",371991,2025-06-21 08:29:03,42.4548683166504,-8.92009544372559,"Female"
"9004158",371991,2025-06-21 08:34:03,42.4548873901367,-8.91997623443604,"Female"
"9004158",371991,2025-06-21 08:39:03,42.454963684082,-8.92005252838135,"Female"
"9004158",371991,2025-06-21 08:44:03,42.4549827575684,-8.91986656188965,"Female"
"9004158",371991,2025-06-21 08:49:03,42.4549980163574,-8.91999053955078,"Female"
"9004158",371991,2025-06-21 08:54:03,42.4549674987793,-8.91996192932129,"Female"
"9004158",371991,2025-06-21 08:59:03,42.4549598693848,-8.91992473602295,"Female"
"9004158",371991,2025-06-21 09:04:03,42.4538192749023,-8.92230701446533,"Female"
"9004158",371991,2025-06-21 09:09:03,42.454475402832,-8.92122936248779,"Female"
"9004158",371991,2025-06-21 09:14:09,42.4554557800293,-8.92170810699463,"Female"
"9004158",371991,2025-06-21 09:20:13,42.4558181762695,-8.92218017578125,"Female"
"9004158",371991,2025-06-21 09:24:59,42.4556427001953,-8.92113304138184,"Female"
"9004158",371991,2025-06-21 09:30:09,42.4560699462891,-8.92110347747803,"Female"
"9004158",371991,2025-06-21 09:35:08,42.4565658569336,-8.92107200622559,"Female"
"9004158",371991,2025-06-21 09:40:09,42.4563140869141,-8.92022514343262,"Female"
"9004158",371991,2025-06-21 09:46:48,42.4568023681641,-8.92107582092285,"Female"
"9004158",371991,2025-06-21 09:50:51,42.4551773071289,-8.92248725891113,"Female"
"9004158",371991,2025-06-21 09:55:51,42.4524688720703,-8.92508220672607,"Female"
"9004158",371991,2025-06-21 10:04:52,42.4514083862305,-8.92659759521484,"Female"
"9004158",371991,2025-06-21 10:10:07,42.4518928527832,-8.92751026153564,"Female"
"9004158",371991,2025-06-21 10:16:53,42.4515609741211,-8.92604637145996,"Female"
"9004158",371991,2025-06-21 10:22:07,42.4519882202148,-8.92445850372314,"Female"
"9004158",371991,2025-06-21 10:30:11,42.451545715332,-8.92404365539551,"Female"
"9004158",371991,2025-06-21 10:34:42,42.4516944885254,-8.92443752288818,"Female"
"9004158",371991,2025-06-21 10:40:03,42.451343536377,-8.9244384765625,"Female"
"9004158",371991,2025-06-21 10:44:38,42.4512596130371,-8.92455863952637,"Female"
"9004158",371991,2025-06-21 10:49:38,42.4512519836426,-8.92454051971436,"Female"
"9004158",371991,2025-06-21 10:54:38,42.4512901306152,-8.92465114593506,"Female"
"9004158",371991,2025-06-21 10:59:37,42.4512252807617,-8.9245719909668,"Female"
"9004158",371991,2025-06-21 11:04:39,42.451301574707,-8.92465496063232,"Female"
"9004158",371991,2025-06-21 11:09:39,42.451229095459,-8.92460155487061,"Female"
"9004158",371991,2025-06-21 11:14:38,42.4512901306152,-8.92466163635254,"Female"
"9004158",371991,2025-06-21 11:19:38,42.4512634277344,-8.9245662689209,"Female"
"9004158",371991,2025-06-21 11:24:39,42.4512596130371,-8.92468357086182,"Female"
"9004158",371991,2025-06-21 11:29:39,42.4512596130371,-8.9246072769165,"Female"
"9004158",371991,2025-06-21 11:34:38,42.4513893127441,-8.92477703094482,"Female"
"9004158",371991,2025-06-21 11:39:39,42.4512367248535,-8.92445182800293,"Female"
"9004158",371991,2025-06-21 11:44:38,42.4512748718262,-8.92458343505859,"Female"
"9004158",371991,2025-06-21 11:49:38,42.451286315918,-8.92471122741699,"Female"
"9004158",371991,2025-06-21 11:54:39,42.4513282775879,-8.92476272583008,"Female"
"9004158",371991,2025-06-21 11:59:39,42.4513130187988,-8.92471981048584,"Female"
"9004158",371991,2025-06-21 12:04:39,42.4513244628906,-8.92466831207275,"Female"
"9004158",371991,2025-06-21 12:09:38,42.451286315918,-8.92463874816895,"Female"
"9004158",371991,2025-06-21 12:14:39,42.4513130187988,-8.92457294464111,"Female"
"9004158",371991,2025-06-21 12:19:39,42.4512786865234,-8.92457866668701,"Female"
"9004158",371991,2025-06-21 12:24:38,42.4512557983398,-8.92454433441162,"Female"
"9004158",371991,2025-06-21 12:29:39,42.4512786865234,-8.92459011077881,"Female"
"9004158",371991,2025-06-21 12:34:39,42.451301574707,-8.92463779449463,"Female"
"9004158",371991,2025-06-21 12:39:40,42.4536514282227,-8.9237117767334,"Female"
"9004158",371991,2025-06-21 12:44:39,42.4534568786621,-8.9230375289917,"Female"
"9004158",371991,2025-06-21 12:49:48,42.4543037414551,-8.92347621917725,"Female"
"9004158",371991,2025-06-21 12:55:13,42.454288482666,-8.92349338531494,"Female"
"9004158",371991,2025-06-21 13:00:30,42.4545707702637,-8.92307090759277,"Female"
"9004158",371991,2025-06-21 13:05:28,42.454532623291,-8.92362403869629,"Female"
"9004158",371991,2025-06-21 13:10:27,42.4542274475098,-8.92333889007568,"Female"
"9004158",371991,2025-06-21 13:15:27,42.4541168212891,-8.92329597473145,"Female"
"9004158",371991,2025-06-21 13:20:27,42.4540214538574,-8.92336273193359,"Female"
"9004158",371991,2025-06-21 13:25:27,42.4540481567383,-8.92323589324951,"Female"
"9004158",371991,2025-06-21 13:30:27,42.4539985656738,-8.92330265045166,"Female"
"9004158",371991,2025-06-21 13:35:27,42.4539566040039,-8.92331886291504,"Female"
"9004158",371991,2025-06-21 13:40:27,42.4539604187012,-8.92343425750732,"Female"
"9004158",371991,2025-06-21 13:45:26,42.4538116455078,-8.92398643493652,"Female"
"9004158",371991,2025-06-21 13:50:27,42.4538764953613,-8.92344570159912,"Female"
"9004158",371991,2025-06-21 13:55:27,42.4538764953613,-8.92361164093018,"Female"
"9004158",371991,2025-06-21 14:00:31,42.4538650512695,-8.9231128692627,"Female"
"9004158",371991,2025-06-21 14:05:32,42.4537124633789,-8.92330837249756,"Female"
"9004158",371991,2025-06-21 14:10:40,42.4538421630859,-8.92327880859375,"Female"
"9004158",371991,2025-06-21 14:15:27,42.453742980957,-8.92454147338867,"Female"
"9004158",371991,2025-06-21 14:20:35,42.4539108276367,-8.92327308654785,"Female"
"9004158",371991,2025-06-21 14:25:28,42.4538841247559,-8.923508644104,"Female"
"9004158",371991,2025-06-21 14:30:27,42.4538269042969,-8.92373466491699,"Female"
"9004158",371991,2025-06-21 14:35:30,42.4539070129395,-8.92355251312256,"Female"
"9004158",371991,2025-06-21 14:40:43,42.453685760498,-8.9240255355835,"Female"
"9004158",371991,2025-06-21 14:46:05,42.4523506164551,-8.92329025268555,"Female"
"9004158",371991,2025-06-21 14:51:12,42.4518203735352,-8.92274570465088,"Female"
"9004158",371991,2025-06-21 14:56:24,42.4514808654785,-8.92264461517334,"Female"
"9004158",371991,2025-06-21 15:01:43,42.4519538879395,-8.92266845703125,"Female"
"9004158",371991,2025-06-21 15:06:43,42.4520606994629,-8.92328262329102,"Female"
"9004158",371991,2025-06-21 15:11:52,42.452075958252,-8.9237642288208,"Female"
"9004158",371991,2025-06-21 15:16:42,42.4522361755371,-8.92411804199219,"Female"
"9004158",371991,2025-06-21 15:21:42,42.4520797729492,-8.92378616333008,"Female"
"9004158",371991,2025-06-21 15:26:51,42.4519004821777,-8.92423343658447,"Female"
"9004158",371991,2025-06-21 15:35:48,42.4513320922852,-8.92224216461182,"Female"
"9004158",371991,2025-06-21 15:40:47,42.4512748718262,-8.92222881317139,"Female"
"9004158",371991,2025-06-21 15:45:46,42.451587677002,-8.92263603210449,"Female"
"9004158",371991,2025-06-21 15:50:48,42.4517784118652,-8.9227819442749,"Female"
"9004158",371991,2025-06-21 15:55:47,42.4517288208008,-8.92277431488037,"Female"
"9004158",371991,2025-06-21 16:01:02,42.4515533447266,-8.92266941070557,"Female"
"9004158",371991,2025-06-21 16:05:44,42.451416015625,-8.92237281799316,"Female"
"9004158",371991,2025-06-21 16:10:44,42.4514312744141,-8.92244148254395,"Female"
"9004158",371991,2025-06-21 16:15:44,42.4514350891113,-8.92247295379639,"Female"
"9004158",371991,2025-06-21 16:20:44,42.4514808654785,-8.92244625091553,"Female"
"9004158",371991,2025-06-21 16:25:44,42.4514694213867,-8.92250823974609,"Female"
"9004158",371991,2025-06-21 16:30:44,42.4513168334961,-8.92223834991455,"Female"
"9004158",371991,2025-06-21 16:35:44,42.4513473510742,-8.92235851287842,"Female"
"9004158",371991,2025-06-21 16:40:44,42.4513359069824,-8.92231750488281,"Female"
"9004158",371991,2025-06-21 16:45:44,42.4513092041016,-8.92223739624023,"Female"
"9004158",371991,2025-06-21 16:50:44,42.4513092041016,-8.92225360870361,"Female"
"9004158",371991,2025-06-21 16:55:44,42.4513244628906,-8.9221830368042,"Female"
"9004158",371991,2025-06-21 17:00:44,42.4513664245605,-8.92217350006104,"Female"
"9004158",371991,2025-06-21 17:05:44,42.4513740539551,-8.92222499847412,"Female"
"9004158",371991,2025-06-21 17:10:44,42.4513092041016,-8.92218589782715,"Female"
"9004158",371991,2025-06-21 17:15:44,42.4513626098633,-8.92225456237793,"Female"
"9004158",371991,2025-06-21 17:20:44,42.4513473510742,-8.92221450805664,"Female"
"9004158",371991,2025-06-21 17:25:44,42.4513397216797,-8.92226505279541,"Female"
"9004158",371991,2025-06-21 17:30:44,42.4513664245605,-8.92221450805664,"Female"
"9004158",371991,2025-06-21 17:35:44,42.4513473510742,-8.9222240447998,"Female"
"9004158",371991,2025-06-21 17:40:44,42.4513473510742,-8.92222785949707,"Female"
"9004158",371991,2025-06-21 17:45:44,42.4513397216797,-8.92224884033203,"Female"
"9004158",371991,2025-06-21 17:50:45,42.4513168334961,-8.92221927642822,"Female"
"9004158",371991,2025-06-21 17:55:47,42.4512672424316,-8.92217636108398,"Female"
"9004158",371991,2025-06-21 18:00:47,42.4513130187988,-8.92226600646973,"Female"
"9004158",371991,2025-06-21 18:05:44,42.4513473510742,-8.92228889465332,"Female"
"9004158",371991,2025-06-21 18:10:44,42.4512901306152,-8.92216110229492,"Female"
"9004158",371991,2025-06-21 18:15:45,42.4515762329102,-8.92272758483887,"Female"
"9004158",371991,2025-06-21 18:20:44,42.4513130187988,-8.9221019744873,"Female"
"9004158",371991,2025-06-21 18:25:44,42.4513206481934,-8.92216014862061,"Female"
"9004158",371991,2025-06-21 18:31:17,42.4516639709473,-8.92228698730469,"Female"
"9004158",371991,2025-06-21 18:37:37,42.4520263671875,-8.92205047607422,"Female"
"9004158",371991,2025-06-21 18:43:04,42.4516334533691,-8.9200325012207,"Female"
"9004158",371991,2025-06-21 18:48:02,42.4345741271973,-8.92033672332764,"Female"
"9004158",371991,2025-06-21 18:53:14,42.3971061706543,-8.9237117767334,"Female"
"9004158",371991,2025-06-21 18:58:42,42.3997917175293,-8.92201328277588,"Female"
"9004158",371991,2025-06-21 19:03:07,42.3986206054688,-8.92230606079102,"Female"
"9004158",371991,2025-06-21 19:08:06,42.3987197875977,-8.92209720611572,"Female"
"9004158",371991,2025-06-21 19:13:10,42.3992652893066,-8.92183780670166,"Female"
"9004158",371991,2025-06-21 19:18:08,42.3995513916016,-8.92198276519775,"Female"
"9004158",371991,2025-06-21 19:23:07,42.3992958068848,-8.92180061340332,"Female"
"9004158",371991,2025-06-21 19:28:13,42.3994407653809,-8.92202377319336,"Female"
"9004158",371991,2025-06-21 19:33:04,42.399658203125,-8.92228984832764,"Female"
"9004158",371991,2025-06-21 19:38:14,42.399471282959,-8.92190742492676,"Female"
"9004158",371991,2025-06-21 19:43:19,42.4003944396973,-8.92247104644775,"Female"
"9004158",371991,2025-06-21 19:48:16,42.3997497558594,-8.92215824127197,"Female"
"9004158",371991,2025-06-21 19:53:08,42.3988876342773,-8.92131996154785,"Female"
"9004158",371991,2025-06-21 19:58:04,42.3990592956543,-8.92195606231689,"Female"
"9004158",371991,2025-06-21 20:03:10,42.3996772766113,-8.92201995849609,"Female"
"9004158",371991,2025-06-21 20:08:04,42.399486541748,-8.9220142364502,"Female"
"9004158",371991,2025-06-21 20:13:04,42.3996963500977,-8.92231273651123,"Female"
"9004158",371991,2025-06-21 20:18:06,42.3995704650879,-8.92217922210693,"Female"
"9004158",371991,2025-06-21 20:23:15,42.3995094299316,-8.92209720611572,"Female"
"9004158",371991,2025-06-21 20:28:13,42.399284362793,-8.92173862457275,"Female"
"9004158",371991,2025-06-21 20:33:09,42.3996658325195,-8.92220306396484,"Female"
"9004158",371991,2025-06-21 20:38:15,42.399845123291,-8.92250633239746,"Female"
"9004158",371991,2025-06-21 20:43:13,42.3995513916016,-8.922043800354,"Female"
"9004158",371991,2025-06-21 20:54:15,42.3992500305176,-8.92171573638916,"Female"
"9004158",371991,2025-06-21 20:58:17,42.399055480957,-8.92182445526123,"Female"
"9004158",371991,2025-06-21 21:03:09,42.3992652893066,-8.92189311981201,"Female"
"9004158",371991,2025-06-21 21:08:53,42.3996238708496,-8.92319869995117,"Female"
"9004158",371991,2025-06-21 21:13:06,42.3995704650879,-8.92318534851074,"Female"
"9004158",371991,2025-06-21 21:18:15,42.3994445800781,-8.92303466796875,"Female"
"9004158",371991,2025-06-21 21:23:18,42.3994140625,-8.92311382293701,"Female"
"9004158",371991,2025-06-21 21:28:37,42.3994102478027,-8.92297267913818,"Female"
"9004158",371991,2025-06-21 21:33:10,42.399242401123,-8.92306995391846,"Female"
"9004158",371991,2025-06-21 21:38:10,42.3990898132324,-8.92300796508789,"Female"
"9004158",371991,2025-06-21 21:43:12,42.399055480957,-8.92311096191406,"Female"
"9004158",371991,2025-06-21 21:48:09,42.399055480957,-8.92309093475342,"Female"
"9004158",371991,2025-06-21 21:54:25,42.3989486694336,-8.92305088043213,"Female"
"9004158",371991,2025-06-21 21:58:05,42.402286529541,-8.92206287384033,"Female"
"9004158",371991,2025-06-21 22:09:25,42.3992805480957,-8.9219799041748,"Female"
"9004158",371991,2025-06-21 22:14:25,42.3992652893066,-8.92204570770264,"Female"
"9004158",371991,2025-06-21 22:18:17,42.3992233276367,-8.9221830368042,"Female"
"9004158",371991,2025-06-21 22:23:20,42.3993072509766,-8.92190265655518,"Female"
"9004158",371991,2025-06-21 22:28:23,42.3992919921875,-8.92212104797363,"Female"
"9004158",371991,2025-06-21 22:33:47,42.3991889953613,-8.92206573486328,"Female"
"9004158",371991,2025-06-21 22:38:55,42.3992385864258,-8.92208385467529,"Female"
"9004158",371991,2025-06-21 22:43:59,42.3992805480957,-8.92215633392334,"Female"
"9004158",371991,2025-06-21 22:48:06,42.3992652893066,-8.92215728759766,"Female"
"9004158",371991,2025-06-21 22:53:08,42.3992500305176,-8.92207431793213,"Female"
"9004158",371991,2025-06-21 22:58:02,42.398738861084,-8.92219924926758,"Female"
"9004158",371991,2025-06-21 23:03:09,42.3992538452148,-8.92202949523926,"Female"
"9004158",371991,2025-06-21 23:08:21,42.3993759155273,-8.92216300964355,"Female"
"9004158",371991,2025-06-21 23:13:10,42.3988723754883,-8.92197704315186,"Female"
"9004158",371991,2025-06-21 23:18:03,42.3996772766113,-8.92232036590576,"Female"
"9004158",371991,2025-06-21 23:23:07,42.3992385864258,-8.92203903198242,"Female"
"9004158",371991,2025-06-21 23:28:07,42.3991775512695,-8.92201805114746,"Female"
"9004158",371991,2025-06-21 23:33:06,42.3990821838379,-8.92192077636719,"Female"
"9004158",371991,2025-06-21 23:38:06,42.399299621582,-8.92210006713867,"Female"
"9004158",371991,2025-06-21 23:43:09,42.3993186950684,-8.92220306396484,"Female"
"9004158",371991,2025-06-21 23:48:14,42.3992729187012,-8.92248439788818,"Female"
"9004158",371991,2025-06-21 23:53:09,42.3988189697266,-8.9222240447998,"Female"
"9004158",371991,2025-06-21 23:58:09,42.3985061645508,-8.92190361022949,"Female"
"9004158",371991,2025-06-22 00:03:20,42.399284362793,-8.92172241210938,"Female"
"9004158",371991,2025-06-22 00:08:10,42.3981704711914,-8.92205238342285,"Female"
"9004158",371991,2025-06-22 00:13:12,42.3974342346191,-8.92226123809814,"Female"
"9004158",371991,2025-06-22 00:18:30,42.3988571166992,-8.92205047607422,"Female"
"9004158",371991,2025-06-22 00:23:46,42.3993339538574,-8.92211818695068,"Female"
"9004158",371991,2025-06-22 00:28:11,42.3992118835449,-8.9217586517334,"Female"
"9004158",371991,2025-06-22 00:33:09,42.3993530273438,-8.92192649841309,"Female"
"9004158",371991,2025-06-22 00:38:10,42.3991928100586,-8.92160606384277,"Female"
"9004158",371991,2025-06-22 00:43:13,42.3991546630859,-8.9215030670166,"Female"
"9004158",371991,2025-06-22 00:48:17,42.3994598388672,-8.92247676849365,"Female"
"9004158",371991,2025-06-22 00:53:41,42.399356842041,-8.92202854156494,"Female"
"9004158",371991,2025-06-22 00:58:09,42.3992958068848,-8.92188835144043,"Female"
"9004158",371991,2025-06-22 01:03:09,42.3993530273438,-8.92201995849609,"Female"
"9004158",371991,2025-06-22 01:08:20,42.3993682861328,-8.92188549041748,"Female"
"9004158",371991,2025-06-22 01:13:14,42.3995018005371,-8.92220211029053,"Female"
"9004158",371991,2025-06-22 01:18:11,42.3994483947754,-8.92229175567627,"Female"
"9004158",371991,2025-06-22 01:23:23,42.3993606567383,-8.92208957672119,"Female"
"9004158",371991,2025-06-22 01:28:42,42.3991317749023,-8.92204761505127,"Female"
"9004158",371991,2025-06-22 01:33:10,42.3991966247559,-8.92190647125244,"Female"
"9004158",371991,2025-06-22 01:38:55,42.3992347717285,-8.92196750640869,"Female"
"9004158",371991,2025-06-22 01:43:22,42.3992500305176,-8.92202854156494,"Female"
"9004158",371991,2025-06-22 01:49:24,42.3990364074707,-8.92199993133545,"Female"
"9004158",371991,2025-06-22 01:53:35,42.3994331359863,-8.92222785949707,"Female"
"9004158",371991,2025-06-22 01:58:27,42.3994560241699,-8.92218685150146,"Female"
"9004158",371991,2025-06-22 02:03:19,42.3991775512695,-8.92228031158447,"Female"
"9004158",371991,2025-06-22 02:08:11,42.399486541748,-8.92201519012451,"Female"
"9004158",371991,2025-06-22 02:13:12,42.3991661071777,-8.9223747253418,"Female"
"9004158",371991,2025-06-22 02:18:12,42.3994598388672,-8.92204093933105,"Female"
"9004158",371991,2025-06-22 02:23:10,42.3995132446289,-8.92219161987305,"Female"
"9004158",371991,2025-06-22 02:28:07,42.3995246887207,-8.92238330841064,"Female"
"9004158",371991,2025-06-22 02:33:04,42.3994102478027,-8.92245197296143,"Female"
"9004158",371991,2025-06-22 02:38:07,42.3993034362793,-8.92239093780518,"Female"
"9004158",371991,2025-06-22 02:43:08,42.3994178771973,-8.92240047454834,"Female"
"9004158",371991,2025-06-22 02:48:09,42.3993034362793,-8.92226982116699,"Female"
"9004158",371991,2025-06-22 02:53:07,42.3992576599121,-8.92223739624023,"Female"
"9004158",371991,2025-06-22 02:58:11,42.3994369506836,-8.92224884033203,"Female"
"9004158",371991,2025-06-22 03:03:06,42.3992347717285,-8.9226655960083,"Female"
"9004158",371991,2025-06-22 03:08:12,42.3992576599121,-8.92204284667969,"Female"
"9004158",371991,2025-06-22 03:13:06,42.3992195129395,-8.92199802398682,"Female"
"9004158",371991,2025-06-22 03:18:08,42.3992767333984,-8.92235279083252,"Female"
"9004158",371991,2025-06-22 03:23:06,42.3990707397461,-8.92247104644775,"Female"
"9004158",371991,2025-06-22 03:28:08,42.3994941711426,-8.92221069335938,"Female"
"9004158",371991,2025-06-22 03:33:12,42.3994255065918,-8.92225646972656,"Female"
"9004158",371991,2025-06-22 03:38:12,42.3993263244629,-8.92237281799316,"Female"
"9004158",371991,2025-06-22 03:43:14,42.3989448547363,-8.92265796661377,"Female"
"9004158",371991,2025-06-22 03:48:12,42.3988342285156,-8.92271614074707,"Female"
"9004158",371991,2025-06-22 03:53:18,42.3989601135254,-8.9225435256958,"Female"
"9004158",371991,2025-06-22 03:58:10,42.3985710144043,-8.92326831817627,"Female"
"9004158",371991,2025-06-22 04:03:09,42.3994789123535,-8.92262172698975,"Female"
"9004158",371991,2025-06-22 04:08:10,42.3989448547363,-8.92313575744629,"Female"
"9004158",371991,2025-06-22 04:13:10,42.399341583252,-8.92258834838867,"Female"
"9004158",371991,2025-06-22 04:18:09,42.3993225097656,-8.92284297943115,"Female"
"9004158",371991,2025-06-22 04:23:15,42.3993721008301,-8.92288970947266,"Female"
"9004158",371991,2025-06-22 04:28:26,42.4000129699707,-8.92285346984863,"Female"
"9004158",371991,2025-06-22 04:33:27,42.3994216918945,-8.9227876663208,"Female"
"9004158",371991,2025-06-22 04:38:26,42.3984336853027,-8.92315006256104,"Female"
"9004158",371991,2025-06-22 04:43:45,42.3990173339844,-8.92276191711426,"Female"
"9004158",371991,2025-06-22 04:53:40,42.3993034362793,-8.92303085327148,"Female"
"9004158",371991,2025-06-22 04:58:32,42.3996734619141,-8.92247676849365,"Female"
"9004158",371991,2025-06-22 05:03:13,42.3999900817871,-8.92184638977051,"Female"
"9004158",371991,2025-06-22 05:08:09,42.398120880127,-8.92005062103271,"Female"
"9004158",371991,2025-06-22 05:13:09,42.3981246948242,-8.92010879516602,"Female"
"9004158",371991,2025-06-22 05:18:09,42.398078918457,-8.92004108428955,"Female"
"9004158",371991,2025-06-22 05:23:09,42.398063659668,-8.91996574401855,"Female"
"9004158",371991,2025-06-22 05:28:09,42.3980369567871,-8.9199047088623,"Female"
"9004158",371991,2025-06-22 05:33:07,42.398021697998,-8.91991901397705,"Female"
"9004158",371991,2025-06-22 05:38:09,42.398006439209,-8.91983699798584,"Female"
"9004158",371991,2025-06-22 05:43:06,42.3978805541992,-8.91970062255859,"Female"
"9004158",371991,2025-06-22 05:48:08,42.3978500366211,-8.91964721679688,"Female"
"9004158",371991,2025-06-22 05:53:09,42.3978157043457,-8.91956424713135,"Female"
"9004158",371991,2025-06-22 05:58:09,42.3978004455566,-8.91948223114014,"Female"
"9004158",371991,2025-06-22 06:03:14,42.3978309631348,-8.91932582855225,"Female"
"9004158",371991,2025-06-22 06:08:03,42.3986358642578,-8.92068481445312,"Female"
"9004158",371991,2025-06-22 06:13:02,42.3979034423828,-8.9196949005127,"Female"
"9004158",371991,2025-06-22 06:18:02,42.3980560302734,-8.92036628723145,"Female"
"9004158",371991,2025-06-22 06:23:34,42.3979377746582,-8.92031955718994,"Female"
"9004158",371991,2025-06-22 06:28:01,42.3978157043457,-8.92034244537354,"Female"
"9004158",371991,2025-06-22 06:33:01,42.3978462219238,-8.9203462600708,"Female"
"9004158",371991,2025-06-22 06:38:01,42.4007759094238,-8.89939880371094,"Female"
"9004158",371991,2025-06-22 06:43:01,42.3994827270508,-8.89823627471924,"Female"
"9004158",371991,2025-06-22 06:48:03,42.4023056030273,-8.8905200958252,"Female"
"9004158",371991,2025-06-22 06:53:03,42.406982421875,-8.89224338531494,"Female"
"9004158",371991,2025-06-22 06:58:06,42.4091453552246,-8.89650726318359,"Female"
"9004158",371991,2025-06-22 07:03:25,42.4089012145996,-8.89704704284668,"Female"
"9004158",371991,2025-06-22 07:08:36,42.4080543518066,-8.89673709869385,"Female"
"9004158",371991,2025-06-22 07:13:37,42.4076690673828,-8.89557456970215,"Female"
"9004158",371991,2025-06-22 07:18:47,42.405647277832,-8.90242099761963,"Female"
"9004158",371991,2025-06-22 07:24:24,42.404369354248,-8.90267753601074,"Female"
"9004158",371991,2025-06-22 07:29:25,42.4045906066895,-8.90201187133789,"Female"
"9004158",371991,2025-06-22 07:34:27,42.4043655395508,-8.90155601501465,"Female"
"9004158",371991,2025-06-22 07:39:25,42.4044570922852,-8.90125274658203,"Female"
"9004158",371991,2025-06-22 07:44:25,42.404354095459,-8.90149688720703,"Female"
"9004158",371991,2025-06-22 07:50:44,42.4044456481934,-8.90195751190186,"Female"
"9004158",371991,2025-06-22 07:55:21,42.4046936035156,-8.90182495117188,"Female"
"9004158",371991,2025-06-22 08:00:21,42.4325141906738,-8.91375541687012,"Female"
"9004158",371991,2025-06-22 08:05:21,42.4505805969238,-8.92239093780518,"Female"
"9004158",371991,2025-06-22 08:10:21,42.4507865905762,-8.92228889465332,"Female"
"9004158",371991,2025-06-22 08:15:21,42.4509544372559,-8.92215538024902,"Female"
"9004158",371991,2025-06-22 08:20:22,42.4507522583008,-8.92241668701172,"Female"
"9004158",371991,2025-06-22 08:25:21,42.4507942199707,-8.92215061187744,"Female"
"9004158",371991,2025-06-22 08:30:21,42.4506607055664,-8.92211818695068,"Female"
"9004158",371991,2025-06-22 08:35:23,42.4509124755859,-8.92231845855713,"Female"
"9004158",371991,2025-06-22 08:40:29,42.4507789611816,-8.92203521728516,"Female"
"9004158",371991,2025-06-22 08:45:30,42.450813293457,-8.92193126678467,"Female"
"9004158",371991,2025-06-22 08:50:37,42.4508209228516,-8.92194938659668,"Female"
"9004158",371991,2025-06-22 08:55:37,42.4508666992188,-8.92212867736816,"Female"
"9004158",371991,2025-06-22 09:00:24,42.4508628845215,-8.92197418212891,"Female"
"9004158",371991,2025-06-22 09:05:23,42.4508438110352,-8.92214965820312,"Female"
"9004158",371991,2025-06-22 09:10:44,42.4508361816406,-8.92224788665771,"Female"
"9004158",371991,2025-06-22 09:15:21,42.4508323669434,-8.92222309112549,"Female"
"9004158",371991,2025-06-22 09:20:21,42.4508056640625,-8.92217922210693,"Female"
"9004158",371991,2025-06-22 09:25:21,42.450870513916,-8.92194747924805,"Female"
"9004158",371991,2025-06-22 09:30:21,42.4507865905762,-8.92220592498779,"Female"
"9004158",371991,2025-06-22 09:35:21,42.4507522583008,-8.92224597930908,"Female"
"9004158",371991,2025-06-22 09:40:21,42.4508094787598,-8.92229080200195,"Female"
"9004158",371991,2025-06-22 09:45:24,42.4509773254395,-8.92207717895508,"Female"
"9004158",371991,2025-06-22 09:51:09,42.4511756896973,-8.92218780517578,"Female"
"9004158",371991,2025-06-22 10:00:23,42.4507675170898,-8.92169952392578,"Female"
"9004158",371991,2025-06-22 10:17:00,42.451961517334,-8.92385768890381,"Female"
"9004158",371991,2025-06-22 10:22:27,42.4519119262695,-8.92465400695801,"Female"
"9004158",371991,2025-06-22 10:27:04,42.4516487121582,-8.92458057403564,"Female"
"9004158",371991,2025-06-22 10:33:22,42.4515037536621,-8.92596530914307,"Female"
"9004158",371991,2025-06-22 10:39:04,42.4516906738281,-8.92721843719482,"Female"
"9004158",371991,2025-06-22 10:44:13,42.45166015625,-8.92821407318115,"Female"
"9004158",371991,2025-06-22 10:49:39,42.4514579772949,-8.92903327941895,"Female"
"9004158",371991,2025-06-22 10:54:52,42.4524421691895,-8.92919445037842,"Female"
"9004158",371991,2025-06-22 11:00:12,42.4530181884766,-8.92998027801514,"Female"
"9004158",371991,2025-06-22 11:05:15,42.4538421630859,-8.92981910705566,"Female"
"9004158",371991,2025-06-22 11:10:39,42.4533157348633,-8.93060302734375,"Female"
"9004158",371991,2025-06-22 11:15:50,42.4531936645508,-8.9306173324585,"Female"
"9004158",371991,2025-06-22 11:24:39,42.4530982971191,-8.93031978607178,"Female"
"9004158",371991,2025-06-22 11:30:25,42.4526100158691,-8.92939853668213,"Female"
"9004158",371991,2025-06-22 11:37:19,42.4514198303223,-8.92885494232178,"Female"
"9004158",371991,2025-06-22 11:42:35,42.4514579772949,-8.92881107330322,"Female"
"9004158",371991,2025-06-22 11:47:08,42.4514541625977,-8.92880344390869,"Female"
"9004158",371991,2025-06-22 11:52:09,42.4514198303223,-8.92879390716553,"Female"
"9004158",371991,2025-06-22 11:57:09,42.4514198303223,-8.9288444519043,"Female"
"9004158",371991,2025-06-22 12:02:09,42.451301574707,-8.92900085449219,"Female"
"9004158",371991,2025-06-22 12:07:09,42.451301574707,-8.92900276184082,"Female"
"9004158",371991,2025-06-22 12:12:09,42.4512786865234,-8.92899894714355,"Female"
"9004158",371991,2025-06-22 12:17:09,42.4514312744141,-8.92319297790527,"Female"
"9004158",371991,2025-06-22 12:22:09,42.4514579772949,-8.92315578460693,"Female"
"9004158",371991,2025-06-22 12:27:09,42.4514122009277,-8.92321014404297,"Female"
"9004158",371991,2025-06-22 12:32:09,42.4512786865234,-8.92298412322998,"Female"
"9004158",371991,2025-06-22 12:37:11,42.4514579772949,-8.92317485809326,"Female"
"9004158",371991,2025-06-22 12:42:16,42.4515075683594,-8.9231538772583,"Female"
"9004158",371991,2025-06-22 12:47:21,42.4515075683594,-8.92315578460693,"Female"
"9004158",371991,2025-06-22 12:52:09,42.4513816833496,-8.92301750183105,"Female"
"9004158",371991,2025-06-22 12:57:09,42.4517936706543,-8.92306137084961,"Female"
"9004158",371991,2025-06-22 13:02:15,42.4515762329102,-8.92313098907471,"Female"
"9004158",371991,2025-06-22 13:07:16,42.4514961242676,-8.92306518554688,"Female"
"9004158",371991,2025-06-22 13:12:35,42.4515380859375,-8.92310810089111,"Female"
"9004158",371991,2025-06-22 13:17:08,42.4515647888184,-8.92313194274902,"Female"
"9004158",371991,2025-06-22 13:22:08,42.4515113830566,-8.92313480377197,"Female"
"9004158",371991,2025-06-22 13:27:08,42.4515075683594,-8.92315769195557,"Female"
"9004158",371991,2025-06-22 13:32:08,42.4514999389648,-8.92319583892822,"Female"
"9004158",371991,2025-06-22 13:37:09,42.4534797668457,-8.92321395874023,"Female"
"9004158",371991,2025-06-22 13:42:17,42.4538421630859,-8.92326736450195,"Female"
"9004158",371991,2025-06-22 13:47:21,42.4539184570312,-8.92375183105469,"Female"
"9004158",371991,2025-06-22 13:52:18,42.4538917541504,-8.92333889007568,"Female"
"9004158",371991,2025-06-22 13:57:17,42.4537582397461,-8.92346477508545,"Female"
"9004158",371991,2025-06-22 14:02:18,42.4538078308105,-8.92340850830078,"Female"
"9004158",371991,2025-06-22 14:07:17,42.4537734985352,-8.92340660095215,"Female"
"9004158",371991,2025-06-22 14:12:17,42.4537086486816,-8.92340850830078,"Female"
"9004158",371991,2025-06-22 14:17:18,42.4538116455078,-8.92331123352051,"Female"
"9004158",371991,2025-06-22 14:22:17,42.4537811279297,-8.92331790924072,"Female"
"9004158",371991,2025-06-22 14:27:18,42.4536819458008,-8.92333126068115,"Female"
"9004158",371991,2025-06-22 14:32:18,42.4538192749023,-8.92339515686035,"Female"
"9004158",371991,2025-06-22 14:37:19,42.4537315368652,-8.92329406738281,"Female"
"9004158",371991,2025-06-22 14:42:18,42.4537391662598,-8.92329788208008,"Female"
"9004158",371991,2025-06-22 14:47:19,42.4535217285156,-8.92324352264404,"Female"
"9004158",371991,2025-06-22 14:52:19,42.4535751342773,-8.92317390441895,"Female"
"9004158",371991,2025-06-22 14:57:18,42.4535484313965,-8.92326545715332,"Female"
"9004158",371991,2025-06-22 15:02:18,42.4536476135254,-8.92329883575439,"Female"
"9004158",371991,2025-06-22 15:07:19,42.4537811279297,-8.92333316802979,"Female"
"9004158",371991,2025-06-22 15:12:20,42.4535217285156,-8.92317867279053,"Female"
"9004158",371991,2025-06-22 15:17:21,42.4536285400391,-8.92324256896973,"Female"
"9004158",371991,2025-06-22 15:22:22,42.4536552429199,-8.92323589324951,"Female"
"9004158",371991,2025-06-22 15:27:23,42.4535217285156,-8.92312335968018,"Female"
"9004158",371991,2025-06-22 15:33:28,42.4559326171875,-8.92020606994629,"Female"
"9004158",371991,2025-06-22 15:38:44,42.4560928344727,-8.91985321044922,"Female"
"9004158",371991,2025-06-22 15:43:27,42.456127166748,-8.92023468017578,"Female"
"9004158",371991,2025-06-22 15:48:26,42.4560508728027,-8.91984081268311,"Female"
"9004158",371991,2025-06-22 15:53:28,42.4552955627441,-8.91977500915527,"Female"
"9004158",371991,2025-06-22 15:58:52,42.4547538757324,-8.91932010650635,"Female"
"9004158",371991,2025-06-22 16:03:51,42.4546051025391,-8.9187479019165,"Female"
"9004158",371991,2025-06-22 16:08:51,42.4546127319336,-8.91878318786621,"Female"
"9004158",371991,2025-06-22 16:13:51,42.4546356201172,-8.91874885559082,"Female"
"9004158",371991,2025-06-22 16:18:52,42.4546966552734,-8.91871356964111,"Female"
"9004158",371991,2025-06-22 16:23:50,42.4547080993652,-8.91870880126953,"Female"
"9004158",371991,2025-06-22 16:28:57,42.4546966552734,-8.91840076446533,"Female"
"9004158",371991,2025-06-22 16:34:15,42.4546508789062,-8.91866493225098,"Female"
"9004158",371991,2025-06-22 16:38:50,42.4548110961914,-8.91904354095459,"Female"
"9004158",371991,2025-06-22 16:43:57,42.4546546936035,-8.91860866546631,"Female"
"9004158",371991,2025-06-22 16:48:58,42.454662322998,-8.91870021820068,"Female"
"9004158",371991,2025-06-22 16:53:51,42.4549026489258,-8.91912841796875,"Female"
"9004158",371991,2025-06-22 16:59:00,42.4546775817871,-8.91871166229248,"Female"
"9004158",371991,2025-06-22 17:04:02,42.4547500610352,-8.91873741149902,"Female"
"9004158",371991,2025-06-22 17:09:23,42.4546356201172,-8.91860485076904,"Female"
"9004158",371991,2025-06-22 17:13:50,42.4546356201172,-8.91855144500732,"Female"
"9004158",371991,2025-06-22 17:18:49,42.4546585083008,-8.91853904724121,"Female"
"9004158",371991,2025-06-22 17:23:49,42.4546432495117,-8.91863632202148,"Female"
"9004158",371991,2025-06-22 17:28:49,42.4546661376953,-8.91858100891113,"Female"
"9004158",371991,2025-06-22 17:33:49,42.4546852111816,-8.91852569580078,"Female"
"9004158",371991,2025-06-22 17:38:49,42.4546356201172,-8.9185037612915,"Female"
"9004158",371991,2025-06-22 17:43:49,42.4546737670898,-8.91856956481934,"Female"
"9004158",371991,2025-06-22 17:48:50,42.4546890258789,-8.91855049133301,"Female"
"9004158",371991,2025-06-22 17:53:50,42.4546775817871,-8.9185848236084,"Female"
"9004158",371991,2025-06-22 17:58:50,42.4546661376953,-8.91857147216797,"Female"
"9004158",371991,2025-06-22 18:03:50,42.4546737670898,-8.91855144500732,"Female"
"9004158",371991,2025-06-22 18:08:50,42.4546966552734,-8.91861057281494,"Female"
"9004158",371991,2025-06-22 18:13:50,42.454719543457,-8.91857528686523,"Female"
"9004158",371991,2025-06-22 18:18:50,42.4546852111816,-8.91863632202148,"Female"
"9004158",371991,2025-06-22 18:23:50,42.454704284668,-8.91861629486084,"Female"
"9004158",371991,2025-06-22 18:28:51,42.4546508789062,-8.91855049133301,"Female"
"9004158",371991,2025-06-22 18:33:50,42.4548149108887,-8.91867733001709,"Female"
"9004158",371991,2025-06-22 18:38:50,42.4547996520996,-8.91864490509033,"Female"
"9004158",371991,2025-06-22 18:43:51,42.4547920227051,-8.91862392425537,"Female"
"9004158",371991,2025-06-22 18:48:51,42.4547424316406,-8.918625831604,"Female"
"9004158",371991,2025-06-22 18:53:51,42.4547348022461,-8.91860294342041,"Female"
"9004158",371991,2025-06-22 18:58:51,42.454891204834,-8.91878604888916,"Female"
"9004158",371991,2025-06-22 19:03:51,42.4462585449219,-8.92112636566162,"Female"
"9004158",371991,2025-06-22 19:08:51,42.4004936218262,-8.9212532043457,"Female"
"9004158",371991,2025-06-22 19:14:03,42.3994598388672,-8.92259788513184,"Female"
"9004158",371991,2025-06-22 19:19:02,42.3988189697266,-8.92389583587646,"Female"
"9004158",371991,2025-06-22 19:24:00,42.3994903564453,-8.92208290100098,"Female"
"9004158",371991,2025-06-22 19:29:00,42.3995246887207,-8.92233657836914,"Female"
"9004158",371991,2025-06-22 19:34:03,42.3994140625,-8.92213249206543,"Female"
"9004158",371991,2025-06-22 19:39:15,42.3991470336914,-8.92232608795166,"Female"
"9004158",371991,2025-06-22 19:43:59,42.3994750976562,-8.92231941223145,"Female"
"9004158",371991,2025-06-22 19:48:59,42.3997039794922,-8.92200756072998,"Female"
"9004158",371991,2025-06-22 19:53:59,42.399341583252,-8.92191219329834,"Female"
"9004158",371991,2025-06-22 19:59:00,42.3994483947754,-8.92196750640869,"Female"
"9004158",371991,2025-06-22 20:04:01,42.3993186950684,-8.92228221893311,"Female"
"9004158",371991,2025-06-22 20:08:59,42.399227142334,-8.92198467254639,"Female"
"9004158",371991,2025-06-22 20:14:01,42.3993453979492,-8.92210006713867,"Female"
"9004158",371991,2025-06-22 20:19:00,42.3991317749023,-8.92195796966553,"Female"
"9004158",371991,2025-06-22 20:24:00,42.3995780944824,-8.92217063903809,"Female"
"9004158",371991,2025-06-22 20:29:00,42.3993186950684,-8.9220495223999,"Female"
"9004158",371991,2025-06-22 20:34:30,42.3995170593262,-8.92225742340088,"Female"
"9004158",371991,2025-06-22 20:39:09,42.3993186950684,-8.92212772369385,"Female"
"9004158",371991,2025-06-22 20:49:14,42.3991470336914,-8.92294883728027,"Female"
"9004158",371991,2025-06-22 20:55:02,42.3991966247559,-8.92232704162598,"Female"
"9004158",371991,2025-06-22 21:00:14,42.3994178771973,-8.92220401763916,"Female"
"9004158",371991,2025-06-22 21:04:30,42.3993835449219,-8.92223644256592,"Female"
"9004158",371991,2025-06-22 21:10:14,42.3993339538574,-8.92216396331787,"Female"
"9004158",371991,2025-06-22 21:14:31,42.3993721008301,-8.9221658706665,"Female"
"9004158",371991,2025-06-22 21:19:09,42.3993530273438,-8.92218208312988,"Female"
"9004158",371991,2025-06-22 21:25:14,42.3992919921875,-8.92201709747314,"Female"
"9004158",371991,2025-06-22 21:30:14,42.3993148803711,-8.92213821411133,"Female"
"9004158",371991,2025-06-22 21:35:14,42.3993759155273,-8.92214012145996,"Female"
"9004158",371991,2025-06-22 21:40:14,42.3993377685547,-8.9221658706665,"Female"
"9004158",371991,2025-06-22 21:45:14,42.3994293212891,-8.92215156555176,"Female"
"9004158",371991,2025-06-22 21:49:13,42.3993530273438,-8.92207050323486,"Female"
"9004158",371991,2025-06-22 21:53:52,42.3993301391602,-8.92203998565674,"Female"
"9004158",371991,2025-06-22 22:00:10,42.3988494873047,-8.9223690032959,"Female"
"9004158",371991,2025-06-22 22:04:24,42.3987007141113,-8.92227172851562,"Female"
"9004158",371991,2025-06-22 22:09:08,42.3986396789551,-8.92245674133301,"Female"
"9004158",371991,2025-06-22 22:54:07,42.3991470336914,-8.92222213745117,"Female"
"9004158",371991,2025-06-22 22:59:31,42.3991508483887,-8.92223167419434,"Female"
"9004158",371991,2025-06-22 23:04:03,42.399040222168,-8.92233085632324,"Female"
"9004158",371991,2025-06-22 23:09:08,42.3990287780762,-8.92217826843262,"Female"
"9004158",371991,2025-06-22 23:14:14,42.3991889953613,-8.92239189147949,"Female"
"9004158",371991,2025-06-22 23:19:01,42.3991661071777,-8.92228984832764,"Female"
"9004158",371991,2025-06-22 23:24:00,42.3992385864258,-8.92206478118896,"Female"
"9004158",371991,2025-06-22 23:29:01,42.3992614746094,-8.92168045043945,"Female"
"9004158",371991,2025-06-22 23:34:00,42.3992462158203,-8.9224681854248,"Female"
"9004158",371991,2025-06-22 23:39:02,42.399242401123,-8.92248344421387,"Female"
"9004158",371991,2025-06-22 23:44:00,42.399299621582,-8.92266464233398,"Female"
"9004158",371991,2025-06-22 23:50:14,42.3993606567383,-8.922287940979,"Female"
"9004158",371991,2025-06-22 23:54:53,42.3992614746094,-8.92193984985352,"Female"
"9004158",371991,2025-06-22 23:58:59,42.3992500305176,-8.92192459106445,"Female"
"9004158",371991,2025-06-23 00:04:01,42.399242401123,-8.92182445526123,"Female"
"9004158",371991,2025-06-23 00:09:45,42.3992233276367,-8.92167663574219,"Female"
"9004158",371991,2025-06-23 00:15:14,42.399299621582,-8.92181587219238,"Female"
"9004158",371991,2025-06-23 00:20:14,42.3993530273438,-8.92183685302734,"Female"
"9004158",371991,2025-06-23 00:24:58,42.3993682861328,-8.92192459106445,"Female"
"9004158",371991,2025-06-23 00:28:54,42.398998260498,-8.92183876037598,"Female"
"9004158",371991,2025-06-23 00:33:52,42.3992919921875,-8.92193412780762,"Female"
"9004158",371991,2025-06-23 00:40:14,42.3994560241699,-8.92208194732666,"Female"
"9004158",371991,2025-06-23 00:44:23,42.3993911743164,-8.92195796966553,"Female"
"9004158",371991,2025-06-23 00:48:52,42.3992156982422,-8.92177963256836,"Female"
"9004158",371991,2025-06-23 00:53:59,42.3995056152344,-8.92174339294434,"Female"
"9004158",371991,2025-06-23 00:58:57,42.3991851806641,-8.92198467254639,"Female"
"9004158",371991,2025-06-23 01:03:57,42.3992614746094,-8.92192935943604,"Female"
"9004158",371991,2025-06-23 01:09:00,42.3990783691406,-8.92204761505127,"Female"
"9004158",371991,2025-06-23 01:13:59,42.3993301391602,-8.92191886901855,"Female"
"9004158",371991,2025-06-23 01:18:57,42.3991470336914,-8.92207813262939,"Female"
"9004158",371991,2025-06-23 01:25:14,42.3990516662598,-8.92195606231689,"Female"
"9004158",371991,2025-06-23 01:29:14,42.3992042541504,-8.92200756072998,"Female"
"9004158",371991,2025-06-23 01:33:58,42.3992614746094,-8.92200946807861,"Female"
"9004158",371991,2025-06-23 01:38:59,42.3991584777832,-8.92212963104248,"Female"
"9004158",371991,2025-06-23 01:43:54,42.3991165161133,-8.92172813415527,"Female"
"9004158",371991,2025-06-23 01:50:14,42.3994789123535,-8.9221715927124,"Female"
"9004158",371991,2025-06-23 01:55:14,42.3993949890137,-8.92216205596924,"Female"
"9004158",371991,2025-06-23 01:59:12,42.3993492126465,-8.92225742340088,"Female"
"9004158",371991,2025-06-23 02:04:08,42.3994979858398,-8.92209339141846,"Female"
"9004158",371991,2025-06-23 02:08:59,42.399341583252,-8.9221305847168,"Female"
"9004158",371991,2025-06-23 02:13:55,42.3995018005371,-8.9221658706665,"Female"
"9004158",371991,2025-06-23 02:18:58,42.3994026184082,-8.92218017578125,"Female"
"9004158",371991,2025-06-23 02:24:00,42.3994827270508,-8.92218112945557,"Female"
"9004158",371991,2025-06-23 02:28:58,42.3993644714355,-8.922194480896,"Female"
"9004158",371991,2025-06-23 02:33:57,42.3996772766113,-8.92221164703369,"Female"
"9004158",371991,2025-06-23 02:39:00,42.3993911743164,-8.92220211029053,"Female"
"9004158",371991,2025-06-23 02:43:59,42.3993949890137,-8.92202663421631,"Female"
"9004158",371991,2025-06-23 02:48:55,42.3994674682617,-8.92221069335938,"Female"
"9004158",371991,2025-06-23 02:53:57,42.3994979858398,-8.92207431793213,"Female"
"9004158",371991,2025-06-23 02:58:55,42.3992576599121,-8.9223165512085,"Female"
"9004158",371991,2025-06-23 03:04:07,42.3991546630859,-8.92225170135498,"Female"
"9004158",371991,2025-06-23 03:09:04,42.3992385864258,-8.9222469329834,"Female"
"9004158",371991,2025-06-23 03:14:01,42.3992958068848,-8.92218780517578,"Female"
"9004158",371991,2025-06-23 03:20:14,42.3993339538574,-8.9222412109375,"Female"
"9004158",371991,2025-06-23 03:25:14,42.3992652893066,-8.92243003845215,"Female"
"9004158",371991,2025-06-23 03:30:14,42.3997993469238,-8.92167854309082,"Female"
"9004158",371991,2025-06-23 03:35:14,42.3996353149414,-8.9219331741333,"Female"
"9004158",371991,2025-06-23 03:40:14,42.3993377685547,-8.92217922210693,"Female"
"9004158",371991,2025-06-23 03:43:54,42.3996505737305,-8.9218692779541,"Female"
"9004158",371991,2025-06-23 03:48:57,42.399543762207,-8.92232990264893,"Female"
"9004158",371991,2025-06-23 03:53:55,42.3996734619141,-8.92275428771973,"Female"
"9004158",371991,2025-06-23 03:58:54,42.3998069763184,-8.92231178283691,"Female"
"9004158",371991,2025-06-23 04:04:09,42.3993453979492,-8.92183017730713,"Female"
"9004158",371991,2025-06-23 04:08:59,42.3992958068848,-8.92231178283691,"Female"
"9004158",371991,2025-06-23 04:14:11,42.3993148803711,-8.92198657989502,"Female"
"9004158",371991,2025-06-23 04:18:55,42.3993186950684,-8.92255878448486,"Female"
"9004158",371991,2025-06-23 04:24:05,42.3994216918945,-8.92213916778564,"Female"
"9004158",371991,2025-06-23 04:29:10,42.3993911743164,-8.92211437225342,"Female"
"9004158",371991,2025-06-23 04:33:59,42.3988952636719,-8.92316150665283,"Female"
"9004158",371991,2025-06-23 04:39:23,42.3994293212891,-8.92219924926758,"Female"
"9004158",371991,2025-06-23 04:43:52,42.399299621582,-8.92191886901855,"Female"
"9004158",371991,2025-06-23 04:49:09,42.3998565673828,-8.92242908477783,"Female"
"9004158",371991,2025-06-23 04:53:52,42.399772644043,-8.92239093780518,"Female"
"9004158",371991,2025-06-23 04:59:06,42.397533416748,-8.91984081268311,"Female"
"9004158",371991,2025-06-23 05:04:11,42.3976402282715,-8.91997909545898,"Female"
"9004158",371991,2025-06-23 05:08:54,42.397705078125,-8.92011165618896,"Female"
"9004158",371991,2025-06-23 05:13:54,42.3977088928223,-8.92005348205566,"Female"
"9004158",371991,2025-06-23 05:18:51,42.3977203369141,-8.92008113861084,"Female"
"9004158",371991,2025-06-23 05:23:50,42.3977546691895,-8.92026233673096,"Female"
"9004158",371991,2025-06-23 05:28:52,42.3978233337402,-8.92054176330566,"Female"
"9004158",371991,2025-06-23 05:33:50,42.3977890014648,-8.92043590545654,"Female"
"9004158",371991,2025-06-23 05:38:53,42.3980331420898,-8.92098903656006,"Female"
"9004158",371991,2025-06-23 05:43:53,42.397705078125,-8.92021942138672,"Female"
"9004158",371991,2025-06-23 05:48:51,42.3976936340332,-8.92021465301514,"Female"
"9004158",371991,2025-06-23 05:54:00,42.3977470397949,-8.92035865783691,"Female"
"9004158",371991,2025-06-23 05:58:52,42.3976516723633,-8.92030143737793,"Female"
"9004158",371991,2025-06-23 06:04:00,42.397762298584,-8.92035388946533,"Female"
"9004158",371991,2025-06-23 06:09:00,42.3976898193359,-8.92024898529053,"Female"
"9004158",371991,2025-06-23 06:14:05,42.3977813720703,-8.92048168182373,"Female"
"9004158",371991,2025-06-23 06:19:00,42.3977584838867,-8.92036819458008,"Female"
"9004158",371991,2025-06-23 06:24:12,42.3977165222168,-8.9202938079834,"Female"
"9004158",371991,2025-06-23 06:28:51,42.401237487793,-8.90297603607178,"Female"
"9004158",371991,2025-06-23 06:34:35,42.4074935913086,-8.89895057678223,"Female"
"9004158",371991,2025-06-23 06:40:10,42.4135360717773,-8.89179706573486,"Female"
"9004158",371991,2025-06-23 06:59:44,42.4228744506836,-8.88434028625488,"Female"
"9004158",371991,2025-06-23 07:03:23,42.4364547729492,-8.91281414031982,"Female"
"9004158",371991,2025-06-23 07:08:50,42.4522743225098,-8.92279434204102,"Female"
"9004158",371991,2025-06-23 07:13:41,42.4524726867676,-8.92435169219971,"Female"
"9004158",371991,2025-06-23 07:19:17,42.453125,-8.92475509643555,"Female"
"9004158",371991,2025-06-23 07:23:45,42.4533233642578,-8.92400169372559,"Female"
"9004158",371991,2025-06-23 07:29:00,42.4525032043457,-8.92424297332764,"Female"
"9004158",371991,2025-06-23 07:33:44,42.4535369873047,-8.92400360107422,"Female"
"9004158",371991,2025-06-23 07:38:41,42.4545478820801,-8.9240026473999,"Female"
"9004158",371991,2025-06-23 07:44:00,42.4548225402832,-8.92342567443848,"Female"
"9004158",371991,2025-06-23 07:52:05,42.4552993774414,-8.9215612411499,"Female"
"9004158",371991,2025-06-23 07:56:37,42.4555740356445,-8.92144966125488,"Female"
"9004158",371991,2025-06-23 08:01:37,42.4555625915527,-8.92158126831055,"Female"
"9004158",371991,2025-06-23 08:06:37,42.4555397033691,-8.92146110534668,"Female"
"9004158",371991,2025-06-23 08:11:37,42.455696105957,-8.92144298553467,"Female"
"9004158",371991,2025-06-23 08:16:37,42.4556121826172,-8.92162227630615,"Female"
"9004158",371991,2025-06-23 08:21:37,42.4555625915527,-8.92144298553467,"Female"
"9004158",371991,2025-06-23 08:26:37,42.4556007385254,-8.92159080505371,"Female"
"9004158",371991,2025-06-23 08:31:38,42.4555473327637,-8.9216365814209,"Female"
"9004158",371991,2025-06-23 08:36:39,42.4555587768555,-8.92167663574219,"Female"
"9004158",371991,2025-06-23 08:41:39,42.455436706543,-8.92165565490723,"Female"
"9004158",371991,2025-06-23 08:46:38,42.4555053710938,-8.92175102233887,"Female"
"9004158",371991,2025-06-23 08:51:45,42.455867767334,-8.92112255096436,"Female"
"9004158",371991,2025-06-23 08:56:40,42.4563636779785,-8.92012786865234,"Female"
"9004158",371991,2025-06-23 09:01:39,42.4560623168945,-8.92083168029785,"Female"
"9004158",371991,2025-06-23 09:06:39,42.4553985595703,-8.92205047607422,"Female"
"9004158",371991,2025-06-23 09:11:39,42.4552955627441,-8.92205142974854,"Female"
"9004158",371991,2025-06-23 09:16:41,42.4553489685059,-8.92203998565674,"Female"
"9004158",371991,2025-06-23 09:21:38,42.4554214477539,-8.92187690734863,"Female"
"9004158",371991,2025-06-23 09:26:38,42.4553337097168,-8.92185974121094,"Female"
"9004158",371991,2025-06-23 09:31:48,42.4552993774414,-8.92173004150391,"Female"
"9004158",371991,2025-06-23 09:36:47,42.4553031921387,-8.9217414855957,"Female"
"9004158",371991,2025-06-23 09:41:43,42.4553680419922,-8.9218168258667,"Female"
"9004158",371991,2025-06-23 09:46:38,42.4553298950195,-8.92167949676514,"Female"
"9004158",371991,2025-06-23 09:51:40,42.4553565979004,-8.92151069641113,"Female"
"9004158",371991,2025-06-23 09:56:41,42.4553718566895,-8.9216423034668,"Female"
"9004158",371991,2025-06-23 10:01:48,42.4552841186523,-8.9217357635498,"Female"
"9004158",371991,2025-06-23 10:06:48,42.4552726745605,-8.92177581787109,"Female"
"9004158",371991,2025-06-23 10:11:48,42.4552459716797,-8.921799659729,"Female"
"9004158",371991,2025-06-23 10:17:05,42.4553070068359,-8.92162036895752,"Female"
"9004158",371991,2025-06-23 10:21:38,42.4553642272949,-8.92154979705811,"Female"
"9004158",371991,2025-06-23 10:26:38,42.4553833007812,-8.92150688171387,"Female"
"9004158",371991,2025-06-23 10:31:37,42.4553718566895,-8.92151260375977,"Female"
"9004158",371991,2025-06-23 10:36:47,42.4554061889648,-8.92145919799805,"Female"
"9004158",371991,2025-06-23 10:42:12,42.4553489685059,-8.92166900634766,"Female"
"9004158",371991,2025-06-23 10:47:14,42.4547271728516,-8.92166900634766,"Female"
"9004158",371991,2025-06-23 10:52:13,42.4545555114746,-8.92057704925537,"Female"
"9004158",371991,2025-06-23 10:57:20,42.454833984375,-8.91977310180664,"Female"
"9004158",371991,2025-06-23 11:02:51,42.4554977416992,-8.91980171203613,"Female"
"9004158",371991,2025-06-23 11:07:49,42.4562149047852,-8.92006683349609,"Female"
"9004158",371991,2025-06-23 11:14:06,42.4553375244141,-8.92143630981445,"Female"
"9004158",371991,2025-06-23 11:19:06,42.4553527832031,-8.92147731781006,"Female"
"9004158",371991,2025-06-23 11:24:06,42.4554214477539,-8.9214563369751,"Female"
"9004158",371991,2025-06-23 11:29:04,42.4554328918457,-8.92152976989746,"Female"
"9004158",371991,2025-06-23 11:34:06,42.4553871154785,-8.9214563369751,"Female"
"9004158",371991,2025-06-23 11:39:06,42.4555969238281,-8.9215841293335,"Female"
"9004158",371991,2025-06-23 11:44:10,42.4553451538086,-8.92143058776855,"Female"
"9004158",371991,2025-06-23 11:49:04,42.4554023742676,-8.92146301269531,"Female"
"9004158",371991,2025-06-23 11:54:07,42.4556083679199,-8.92154216766357,"Female"
"9004158",371991,2025-06-23 11:59:06,42.455696105957,-8.92151641845703,"Female"
"9004158",371991,2025-06-23 12:04:06,42.4552612304688,-8.9214391708374,"Female"
"9004158",371991,2025-06-23 12:09:06,42.4554710388184,-8.92148017883301,"Female"
"9004158",371991,2025-06-23 12:14:04,42.455638885498,-8.92154312133789,"Female"
"9004158",371991,2025-06-23 12:19:06,42.4556045532227,-8.92150211334229,"Female"
"9004158",371991,2025-06-23 12:24:04,42.4555625915527,-8.92149066925049,"Female"
"9004158",371991,2025-06-23 12:29:06,42.4555625915527,-8.9214973449707,"Female"
"9004158",371991,2025-06-23 12:34:06,42.4554672241211,-8.92150974273682,"Female"
"9004158",371991,2025-06-23 12:39:06,42.4555053710938,-8.92152500152588,"Female"
"9004158",371991,2025-06-23 12:44:06,42.4553642272949,-8.92184638977051,"Female"
"9004158",371991,2025-06-23 12:49:07,42.4556655883789,-8.92154026031494,"Female"
"9004158",371991,2025-06-23 12:54:29,42.4557838439941,-8.92080497741699,"Female"
"9004158",371991,2025-06-23 12:59:37,42.4561004638672,-8.92101573944092,"Female"
"9004158",371991,2025-06-23 13:05:09,42.4556312561035,-8.92169284820557,"Female"
"9004158",371991,2025-06-23 13:10:21,42.4549598693848,-8.92154788970947,"Female"
"9004158",371991,2025-06-23 13:15:30,42.4546012878418,-8.92071437835693,"Female"
"9004158",371991,2025-06-23 13:20:19,42.4548034667969,-8.91851615905762,"Female"
"9004158",371991,2025-06-23 13:25:19,42.4548950195312,-8.91842079162598,"Female"
"9004158",371991,2025-06-23 13:30:20,42.4548759460449,-8.91844272613525,"Female"
"9004158",371991,2025-06-23 13:35:44,42.4547576904297,-8.91841316223145,"Female"
"9004158",371991,2025-06-23 13:40:19,42.4546585083008,-8.91850852966309,"Female"
"9004158",371991,2025-06-23 13:45:19,42.4546813964844,-8.91858005523682,"Female"
"9004158",371991,2025-06-23 13:50:21,42.4546852111816,-8.91862297058105,"Female"
"9004158",371991,2025-06-23 13:55:19,42.4547691345215,-8.91840934753418,"Female"
"9004158",371991,2025-06-23 14:00:19,42.4546279907227,-8.9185676574707,"Female"
"9004158",371991,2025-06-23 14:05:19,42.4546203613281,-8.91842269897461,"Female"
"9004158",371991,2025-06-23 14:10:19,42.4546127319336,-8.91853618621826,"Female"
"9004158",371991,2025-06-23 14:15:20,42.454647064209,-8.9183292388916,"Female"
"9004158",371991,2025-06-23 14:20:19,42.4545211791992,-8.91738700866699,"Female"
"9004158",371991,2025-06-23 14:25:21,42.4546241760254,-8.9180908203125,"Female"
"9004158",371991,2025-06-23 14:30:45,42.4545783996582,-8.91854667663574,"Female"
"9004158",371991,2025-06-23 14:35:21,42.454647064209,-8.91894149780273,"Female"
"9004158",371991,2025-06-23 14:40:28,42.4545936584473,-8.91872119903564,"Female"
"9004158",371991,2025-06-23 14:45:22,42.4546508789062,-8.91846656799316,"Female"
"9004158",371991,2025-06-23 14:50:36,42.456356048584,-8.91974353790283,"Female"
"9004158",371991,2025-06-23 14:55:42,42.4572067260742,-8.92148399353027,"Female"
"9004158",371991,2025-06-23 15:01:39,42.4569511413574,-8.91877841949463,"Female"
"9004158",371991,2025-06-23 15:07:12,42.4563980102539,-8.92095756530762,"Female"
"9004158",371991,2025-06-23 15:12:11,42.456111907959,-8.92125511169434,"Female"
"9004158",371991,2025-06-23 15:18:05,42.4562530517578,-8.92037200927734,"Female"
"9004158",371991,2025-06-23 15:22:45,42.4562568664551,-8.91985607147217,"Female"
"9004158",371991,2025-06-23 15:27:48,42.4565353393555,-8.91951370239258,"Female"
"9004158",371991,2025-06-23 15:33:16,42.4564247131348,-8.91940402984619,"Female"
"9004158",371991,2025-06-23 15:38:14,42.4560890197754,-8.91975116729736,"Female"
"9004158",371991,2025-06-23 15:43:15,42.4561004638672,-8.91977405548096,"Female"
"9004158",371991,2025-06-23 15:48:15,42.456111907959,-8.91978740692139,"Female"
"9004158",371991,2025-06-23 15:53:15,42.4561157226562,-8.91974067687988,"Female"
"9004158",371991,2025-06-23 15:58:14,42.4561538696289,-8.9197359085083,"Female"
"9004158",371991,2025-06-23 16:03:15,42.4560661315918,-8.91994953155518,"Female"
"9004158",371991,2025-06-23 16:08:14,42.4560546875,-8.91992378234863,"Female"
"9004158",371991,2025-06-23 16:13:20,42.4559555053711,-8.91990756988525,"Female"
"9004158",371991,2025-06-23 16:18:45,42.4560089111328,-8.92036151885986,"Female"
"9004158",371991,2025-06-23 16:23:44,42.4553871154785,-8.92119312286377,"Female"
"9004158",371991,2025-06-23 16:28:46,42.4544219970703,-8.92142105102539,"Female"
"9004158",371991,2025-06-23 16:34:00,42.4536399841309,-8.92326164245605,"Female"
"9004158",371991,2025-06-23 16:38:58,42.4538459777832,-8.92333984375,"Female"
"9004158",371991,2025-06-23 16:43:59,42.4537963867188,-8.92331695556641,"Female"
"9004158",371991,2025-06-23 16:49:04,42.4538345336914,-8.92335319519043,"Female"
"9004158",371991,2025-06-23 16:54:05,42.4538116455078,-8.92323398590088,"Female"
"9004158",371991,2025-06-23 16:58:58,42.4539489746094,-8.92326259613037,"Female"
"9004158",371991,2025-06-23 17:03:59,42.4538383483887,-8.92327880859375,"Female"
"9004158",371991,2025-06-23 17:08:59,42.453727722168,-8.92313766479492,"Female"
"9004158",371991,2025-06-23 17:14:09,42.4541435241699,-8.92321586608887,"Female"
"9004158",371991,2025-06-23 17:19:21,42.4532928466797,-8.92299461364746,"Female"
"9004158",371991,2025-06-23 17:24:24,42.452091217041,-8.92253112792969,"Female"
"9004158",371991,2025-06-23 17:29:38,42.4511833190918,-8.92232322692871,"Female"
"9004158",371991,2025-06-23 17:34:42,42.4513816833496,-8.92221736907959,"Female"
"9004158",371991,2025-06-23 17:39:41,42.4514007568359,-8.92218494415283,"Female"
"9004158",371991,2025-06-23 17:44:37,42.4513969421387,-8.92224788665771,"Female"
"9004158",371991,2025-06-23 17:49:38,42.4514503479004,-8.92220687866211,"Female"
"9004158",371991,2025-06-23 17:54:39,42.4513664245605,-8.92223262786865,"Female"
"9004158",371991,2025-06-23 17:59:39,42.4513969421387,-8.92222881317139,"Female"
"9004158",371991,2025-06-23 18:04:38,42.4513931274414,-8.92221069335938,"Female"
"9004158",371991,2025-06-23 18:09:39,42.4512138366699,-8.9220142364502,"Female"
"9004158",371991,2025-06-23 18:14:39,42.4513320922852,-8.92223072052002,"Female"
"9004158",371991,2025-06-23 18:19:39,42.4516639709473,-8.9225902557373,"Female"
"9004158",371991,2025-06-23 18:24:42,42.4513282775879,-8.9221248626709,"Female"
"9004158",371991,2025-06-23 18:30:05,42.4513397216797,-8.92239093780518,"Female"
"9004158",371991,2025-06-23 18:34:38,42.4513320922852,-8.92239952087402,"Female"
"9004158",371991,2025-06-23 18:39:38,42.4513320922852,-8.92241764068604,"Female"
"9004158",371991,2025-06-23 18:44:37,42.4513359069824,-8.92233085632324,"Female"
"9004158",371991,2025-06-23 18:49:37,42.4513893127441,-8.92234230041504,"Female"
"9004158",371991,2025-06-23 18:54:37,42.4513282775879,-8.92237854003906,"Female"
"9004158",371991,2025-06-23 18:59:37,42.4513511657715,-8.92235851287842,"Female"
"9004158",371991,2025-06-23 19:04:37,42.451229095459,-8.92245388031006,"Female"
"9004158",371991,2025-06-23 19:09:37,42.4513702392578,-8.9223747253418,"Female"
"9004158",371991,2025-06-23 19:14:37,42.4257545471191,-8.92015838623047,"Female"
"9004158",371991,2025-06-23 19:19:49,42.3995590209961,-8.92213535308838,"Female"
"9004158",371991,2025-06-23 19:24:42,42.3984603881836,-8.92028331756592,"Female"
"9004158",371991,2025-06-23 19:29:48,42.3994331359863,-8.92207622528076,"Female"
"9004158",371991,2025-06-23 19:34:43,42.3993110656738,-8.92209529876709,"Female"
"9004158",371991,2025-06-23 19:39:42,42.3991470336914,-8.92134666442871,"Female"
"9004158",371991,2025-06-23 19:44:42,42.3999366760254,-8.92278861999512,"Female"
"9004158",371991,2025-06-23 19:50:01,42.400016784668,-8.9217472076416,"Female"
"9004158",371991,2025-06-23 19:54:45,42.3993263244629,-8.92236518859863,"Female"
"9004158",371991,2025-06-23 19:59:43,42.3994560241699,-8.92186260223389,"Female"
"9004158",371991,2025-06-23 20:05:14,42.3995513916016,-8.92189025878906,"Female"
"9004158",371991,2025-06-23 20:09:43,42.3997955322266,-8.92229843139648,"Female"
"9004158",371991,2025-06-23 20:14:45,42.3994331359863,-8.92196178436279,"Female"
"9004158",371991,2025-06-23 20:19:47,42.3999481201172,-8.92262935638428,"Female"
"9004158",371991,2025-06-23 20:24:47,42.4000053405762,-8.92222785949707,"Female"
"9004158",371991,2025-06-23 20:29:42,42.3998069763184,-8.92294979095459,"Female"
"9004158",371991,2025-06-23 20:35:05,42.3999710083008,-8.92219257354736,"Female"
"9004158",371991,2025-06-23 20:39:41,42.4000930786133,-8.92239570617676,"Female"
"9004158",371991,2025-06-23 20:44:45,42.3997611999512,-8.92222690582275,"Female"
"9004158",371991,2025-06-23 20:50:37,42.3996429443359,-8.92238140106201,"Female"
"9004158",371991,2025-06-23 20:54:41,42.3994674682617,-8.92233753204346,"Female"
"9004158",371991,2025-06-23 20:59:43,42.399341583252,-8.92234134674072,"Female"
"9004158",371991,2025-06-23 21:04:40,42.3996620178223,-8.92240047454834,"Female"
"9004158",371991,2025-06-23 21:09:42,42.3998107910156,-8.92242050170898,"Female"
"9004158",371991,2025-06-23 21:16:01,42.3994979858398,-8.92273235321045,"Female"
"9004158",371991,2025-06-23 21:20:34,42.3995018005371,-8.92275238037109,"Female"
"9004158",371991,2025-06-23 21:26:01,42.3993301391602,-8.92253017425537,"Female"
"9004158",371991,2025-06-23 21:31:01,42.3993911743164,-8.92264175415039,"Female"
"9004158",371991,2025-06-23 21:36:01,42.3994407653809,-8.9227409362793,"Female"
"9004158",371991,2025-06-23 21:40:38,42.3993339538574,-8.92253398895264,"Female"
"9004158",371991,2025-06-23 21:44:51,42.399486541748,-8.92281818389893,"Female"
"9004158",371991,2025-06-23 21:49:48,42.3997077941895,-8.92252254486084,"Female"
"9004158",371991,2025-06-23 21:54:52,42.399845123291,-8.92204093933105,"Female"
"9004158",371991,2025-06-23 22:00:03,42.399730682373,-8.92236137390137,"Female"
"9004158",371991,2025-06-23 22:05:21,42.3997039794922,-8.92200946807861,"Female"
"9004158",371991,2025-06-23 22:09:46,42.3994369506836,-8.92235851287842,"Female"
"9004158",371991,2025-06-23 22:14:53,42.4006538391113,-8.92224884033203,"Female"
"9004158",371991,2025-06-23 22:19:41,42.3997611999512,-8.9223461151123,"Female"
"9004158",371991,2025-06-23 22:24:39,42.3985214233398,-8.92176818847656,"Female"
"9004158",371991,2025-06-23 22:29:40,42.3993110656738,-8.92217063903809,"Female"
"9004158",371991,2025-06-23 22:34:42,42.3996887207031,-8.9222936630249,"Female"
"9004158",371991,2025-06-23 22:39:41,42.4001846313477,-8.92233180999756,"Female"
"9004158",371991,2025-06-23 22:44:41,42.3994674682617,-8.92235851287842,"Female"
"9004158",371991,2025-06-23 22:49:50,42.3992919921875,-8.92223644256592,"Female"
"9004158",371991,2025-06-23 22:54:45,42.3993797302246,-8.92207336425781,"Female"
"9004158",371991,2025-06-23 22:59:48,42.3993186950684,-8.92208862304688,"Female"
"9004158",371991,2025-06-23 23:04:48,42.398796081543,-8.92208862304688,"Female"
"9004158",371991,2025-06-23 23:09:48,42.398796081543,-8.92227363586426,"Female"
"9004158",371991,2025-06-23 23:14:53,42.3990440368652,-8.92216777801514,"Female"
"9004158",371991,2025-06-23 23:19:52,42.3992118835449,-8.92211151123047,"Female"
"9004158",371991,2025-06-23 23:24:58,42.3992538452148,-8.92248153686523,"Female"
"9004158",371991,2025-06-23 23:29:52,42.3991775512695,-8.922194480896,"Female"
"9004158",371991,2025-06-23 23:34:59,42.3992614746094,-8.92220878601074,"Female"
"9004158",371991,2025-06-23 23:39:59,42.3992767333984,-8.92245864868164,"Female"
"9004158",371991,2025-06-23 23:45:15,42.3993301391602,-8.92203521728516,"Female"
"9004158",371991,2025-06-23 23:49:49,42.3992538452148,-8.92186641693115,"Female"
"9004158",371991,2025-06-23 23:55:14,42.3993072509766,-8.92203807830811,"Female"
"9004158",371991,2025-06-24 00:01:01,42.3993110656738,-8.92225074768066,"Female"
"9004158",371991,2025-06-24 00:06:01,42.4005355834961,-8.9232006072998,"Female"
"9004158",371991,2025-06-24 00:10:06,42.3998107910156,-8.92226409912109,"Female"
"9004158",371991,2025-06-24 00:16:01,42.3992233276367,-8.92214775085449,"Female"
"9004158",371991,2025-06-24 00:21:01,42.3991851806641,-8.92232322692871,"Female"
"9004158",371991,2025-06-24 00:26:01,42.3991355895996,-8.92214584350586,"Female"
"9004158",371991,2025-06-24 00:31:01,42.3993606567383,-8.9224796295166,"Female"
"9004158",371991,2025-06-24 00:36:01,42.3992576599121,-8.92233657836914,"Female"
"9004158",371991,2025-06-24 00:41:01,42.3992652893066,-8.92230892181396,"Female"
"9004158",371991,2025-06-24 00:46:01,42.3993339538574,-8.92232990264893,"Female"
"9004158",371991,2025-06-24 00:51:01,42.3992614746094,-8.92201328277588,"Female"
"9004158",371991,2025-06-24 00:56:01,42.3993835449219,-8.92204666137695,"Female"
"9004158",371991,2025-06-24 01:00:14,42.3993148803711,-8.92200183868408,"Female"
"9004158",371991,2025-06-24 01:04:46,42.399169921875,-8.92209148406982,"Female"
"9004158",371991,2025-06-24 01:09:51,42.3992691040039,-8.92208003997803,"Female"
"9004158",371991,2025-06-24 01:14:46,42.3992233276367,-8.92201709747314,"Female"
"9004158",371991,2025-06-24 01:19:46,42.3993072509766,-8.92205429077148,"Female"
"9004158",371991,2025-06-24 01:25:14,42.3993492126465,-8.92211627960205,"Female"
"9004158",371991,2025-06-24 01:30:09,42.3993911743164,-8.92231559753418,"Female"
"9004158",371991,2025-06-24 01:35:10,42.3994407653809,-8.92216110229492,"Female"
"9004158",371991,2025-06-24 01:39:54,42.3992042541504,-8.92221832275391,"Female"
"9004158",371991,2025-06-24 01:44:40,42.3988418579102,-8.92182636260986,"Female"
"9004158",371991,2025-06-24 01:51:01,42.399543762207,-8.92227745056152,"Female"
"9004158",371991,2025-06-24 01:56:01,42.3994522094727,-8.9224214553833,"Female"
"9004158",371991,2025-06-24 01:59:51,42.399471282959,-8.92218589782715,"Female"
"9004158",371991,2025-06-24 02:04:42,42.3990936279297,-8.92218780517578,"Female"
"9004158",371991,2025-06-24 02:10:02,42.3993530273438,-8.92235946655273,"Female"
"9004158",371991,2025-06-24 02:14:46,42.3992652893066,-8.922287940979,"Female"
"9004158",371991,2025-06-24 02:19:58,42.3994026184082,-8.92240428924561,"Female"
"9004158",371991,2025-06-24 02:24:40,42.398868560791,-8.92234802246094,"Female"
"9004158",371991,2025-06-24 02:29:47,42.3994216918945,-8.92225170135498,"Female"
"9004158",371991,2025-06-24 02:34:40,42.3993186950684,-8.92232799530029,"Female"
"9004158",371991,2025-06-24 02:39:48,42.3994636535645,-8.92227649688721,"Female"
"9004158",371991,2025-06-24 02:44:45,42.3994789123535,-8.92206001281738,"Female"
"9004158",371991,2025-06-24 02:49:47,42.3994445800781,-8.92266750335693,"Female"
"9004158",371991,2025-06-24 02:54:42,42.3989295959473,-8.92209625244141,"Female"
"9004158",371991,2025-06-24 02:59:48,42.3993797302246,-8.92250156402588,"Female"
"9004158",371991,2025-06-24 03:04:48,42.3992805480957,-8.92286682128906,"Female"
"9004158",371991,2025-06-24 03:09:51,42.3993301391602,-8.92262172698975,"Female"
"9004158",371991,2025-06-24 03:15:29,42.3994979858398,-8.9227237701416,"Female"
"9004158",371991,2025-06-24 03:19:43,42.3995323181152,-8.92250728607178,"Female"
"9004158",371991,2025-06-24 03:25:39,42.3993644714355,-8.92273807525635,"Female"
"9004158",371991,2025-06-24 03:31:01,42.3994827270508,-8.92236518859863,"Female"
"9004158",371991,2025-06-24 03:34:39,42.3991889953613,-8.92180633544922,"Female"
"9004158",371991,2025-06-24 03:39:47,42.3994979858398,-8.9219856262207,"Female"
"9004158",371991,2025-06-24 03:44:42,42.3996734619141,-8.92219066619873,"Female"
"9004158",371991,2025-06-24 03:49:43,42.3997268676758,-8.92152881622314,"Female"
"9004158",371991,2025-06-24 03:54:54,42.3997230529785,-8.92207813262939,"Female"
"9004158",371991,2025-06-24 03:59:43,42.3996543884277,-8.92211151123047,"Female"
"9004158",371991,2025-06-24 04:05:01,42.3996124267578,-8.9222583770752,"Female"
"9004158",371991,2025-06-24 04:09:41,42.3995819091797,-8.92249870300293,"Female"
"9004158",371991,2025-06-24 04:15:14,42.399528503418,-8.92231273651123,"Female"
"9004158",371991,2025-06-24 04:19:41,42.3995323181152,-8.92244625091553,"Female"
"9004158",371991,2025-06-24 04:24:41,42.3995704650879,-8.92233848571777,"Female"
"9004158",371991,2025-06-24 04:29:42,42.3996276855469,-8.92240047454834,"Female"
"9004158",371991,2025-06-24 04:34:40,42.3995399475098,-8.92229843139648,"Female"
"9004158",371991,2025-06-24 04:39:54,42.3994216918945,-8.92236518859863,"Female"
"9004158",371991,2025-06-24 04:44:56,42.399585723877,-8.92246150970459,"Female"
"9004158",371991,2025-06-24 04:49:59,42.3996505737305,-8.92208290100098,"Female"
"9004158",371991,2025-06-24 04:55:05,42.3996391296387,-8.9222583770752,"Female"
"9004158",371991,2025-06-24 04:59:41,42.3996429443359,-8.92219543457031,"Female"
"9004158",371991,2025-06-24 05:04:42,42.3997001647949,-8.92230892181396,"Female"
"9004158",371991,2025-06-24 05:09:43,42.3998680114746,-8.9222240447998,"Female"
"9004158",371991,2025-06-24 05:14:54,42.399715423584,-8.92217254638672,"Female"
"9004158",371991,2025-06-24 05:19:48,42.3997840881348,-8.92222785949707,"Female"
"9004158",371991,2025-06-24 05:24:59,42.3998107910156,-8.92224311828613,"Female"
"9004158",371991,2025-06-24 05:29:48,42.3994522094727,-8.92226696014404,"Female"
"9004158",371991,2025-06-24 05:34:48,42.3994026184082,-8.92221546173096,"Female"
"9004158",371991,2025-06-24 05:39:50,42.3991355895996,-8.92209053039551,"Female"
"9004158",371991,2025-06-24 05:45:14,42.3994407653809,-8.9222297668457,"Female"
"9004158",371991,2025-06-24 05:49:41,42.3993377685547,-8.9223165512085,"Female"
"9004158",371991,2025-06-24 05:54:39,42.3978996276855,-8.9200553894043,"Female"
"9004158",371991,2025-06-24 05:59:38,42.398021697998,-8.91994953155518,"Female"
"9004158",371991,2025-06-24 06:04:41,42.3979949951172,-8.91996097564697,"Female"
"9004158",371991,2025-06-24 06:09:48,42.397777557373,-8.92013645172119,"Female"
"9004158",371991,2025-06-24 06:14:38,42.398006439209,-8.92000770568848,"Female"
"9004158",371991,2025-06-24 06:19:42,42.3979187011719,-8.92022800445557,"Female"
"9004158",371991,2025-06-24 06:24:38,42.397777557373,-8.92033100128174,"Female"
"9004158",371991,2025-06-24 06:29:38,42.3977928161621,-8.92031669616699,"Female"
"9004158",371991,2025-06-24 06:34:48,42.397819519043,-8.9202938079834,"Female"
"9004158",371991,2025-06-24 06:39:41,42.3978652954102,-8.92022514343262,"Female"
"9004158",371991,2025-06-24 06:44:48,42.3978042602539,-8.92022132873535,"Female"
"9004158",371991,2025-06-24 06:49:49,42.3978996276855,-8.92023086547852,"Female"
"9004158",371991,2025-06-24 06:55:05,42.3977851867676,-8.92023468017578,"Female"
"9004158",371991,2025-06-24 06:59:38,42.3977165222168,-8.92025661468506,"Female"
"9004158",371991,2025-06-24 07:04:37,42.3977317810059,-8.92024230957031,"Female"
"9004158",371991,2025-06-24 07:09:37,42.3978080749512,-8.92013454437256,"Female"
"9004158",371991,2025-06-24 07:14:37,42.3977813720703,-8.92020702362061,"Female"
"9004158",371991,2025-06-24 07:19:37,42.3978958129883,-8.91772556304932,"Female"
"9004158",371991,2025-06-24 07:24:39,42.3986625671387,-8.91678619384766,"Female"
"9004158",371991,2025-06-24 07:29:37,42.3973197937012,-8.91474533081055,"Female"
"9004158",371991,2025-06-24 07:34:37,42.3984222412109,-8.91364860534668,"Female"
"9004158",371991,2025-06-24 07:39:41,42.4463119506836,-8.91372489929199,"Female"
"9004158",371991,2025-06-24 07:44:40,42.452880859375,-8.92130088806152,"Female"
"9004158",371991,2025-06-24 07:50:04,42.4520645141602,-8.92242336273193,"Female"
"9004158",371991,2025-06-24 07:55:26,42.4519157409668,-8.92306232452393,"Female"
"9004158",371991,2025-06-24 08:00:30,42.4522819519043,-8.92438125610352,"Female"
"9004158",371991,2025-06-24 08:05:25,42.4531021118164,-8.9242467880249,"Female"
"9004158",371991,2025-06-24 08:12:50,42.4535903930664,-8.92335033416748,"Female"
"9004158",371991,2025-06-24 08:16:27,42.4540367126465,-8.92313098907471,"Female"
"9004158",371991,2025-06-24 08:21:29,42.4541778564453,-8.9231014251709,"Female"
"9004158",371991,2025-06-24 08:27:00,42.4534797668457,-8.9231128692627,"Female"
"9004158",371991,2025-06-24 08:32:15,42.4526634216309,-8.92347812652588,"Female"
"9004158",371991,2025-06-24 08:37:14,42.4521484375,-8.92281150817871,"Female"
"9004158",371991,2025-06-24 08:43:01,42.4514274597168,-8.92239475250244,"Female"
"9004158",371991,2025-06-24 08:48:32,42.4508819580078,-8.92197704315186,"Female"
"9004158",371991,2025-06-24 08:53:32,42.4512519836426,-8.92231941223145,"Female"
"9004158",371991,2025-06-24 08:58:31,42.4513359069824,-8.92254734039307,"Female"
"9004158",371991,2025-06-24 09:03:31,42.4513816833496,-8.92240238189697,"Female"
"9004158",371991,2025-06-24 09:08:31,42.4513816833496,-8.92247772216797,"Female"
"9004158",371991,2025-06-24 09:13:31,42.4513969421387,-8.92249202728271,"Female"
"9004158",371991,2025-06-24 09:18:31,42.4514770507812,-8.92249965667725,"Female"
"9004158",371991,2025-06-24 09:23:31,42.4514312744141,-8.92244815826416,"Female"
"9004158",371991,2025-06-24 09:28:31,42.451473236084,-8.92240428924561,"Female"
"9004158",371991,2025-06-24 09:33:31,42.4514465332031,-8.92241096496582,"Female"
"9004158",371991,2025-06-24 09:38:31,42.4515075683594,-8.92253017425537,"Female"
"9004158",371991,2025-06-24 09:43:31,42.4516143798828,-8.92249393463135,"Female"
"9004158",371991,2025-06-24 09:48:33,42.4516334533691,-8.9230489730835,"Female"
"9004158",371991,2025-06-24 09:53:32,42.4516372680664,-8.92304420471191,"Female"
"9004158",371991,2025-06-24 09:58:33,42.4516868591309,-8.92307472229004,"Female"
"9004158",371991,2025-06-24 10:08:44,42.4518203735352,-8.92367267608643,"Female"
"9004158",371991,2025-06-24 10:13:52,42.4516830444336,-8.9240255355835,"Female"
"9004158",371991,2025-06-24 10:18:21,42.4515609741211,-8.92407894134521,"Female"
"9004158",371991,2025-06-24 10:23:21,42.4521026611328,-8.92457962036133,"Female"
"9004158",371991,2025-06-24 10:28:44,42.4519004821777,-8.92435741424561,"Female"
"9004158",371991,2025-06-24 10:33:49,42.4519309997559,-8.92422008514404,"Female"
"9004158",371991,2025-06-24 10:39:01,42.4518508911133,-8.92325305938721,"Female"
"9004158",371991,2025-06-24 10:44:05,42.4519119262695,-8.92307090759277,"Female"
"9004158",371991,2025-06-24 10:49:10,42.4517860412598,-8.92241764068604,"Female"
"9004158",371991,2025-06-24 10:54:10,42.451976776123,-8.92289543151855,"Female"
"9004158",371991,2025-06-24 10:58:59,42.4520378112793,-8.92279529571533,"Female"
"9004158",371991,2025-06-24 11:03:59,42.4520568847656,-8.92298316955566,"Female"
"9004158",371991,2025-06-24 11:08:59,42.4520263671875,-8.92277526855469,"Female"
"9004158",371991,2025-06-24 11:13:59,42.4511604309082,-8.92254161834717,"Female"
"9004158",371991,2025-06-24 11:18:59,42.4511642456055,-8.92254638671875,"Female"
"9004158",371991,2025-06-24 11:24:09,42.451000213623,-8.92360496520996,"Female"
"9004158",371991,2025-06-24 11:29:11,42.4509124755859,-8.92411136627197,"Female"
"9004158",371991,2025-06-24 11:34:12,42.450927734375,-8.92410182952881,"Female"
"9004158",371991,2025-06-24 11:39:09,42.4508781433105,-8.92441463470459,"Female"
"9004158",371991,2025-06-24 11:44:10,42.4508934020996,-8.92422008514404,"Female"
"9004158",371991,2025-06-24 11:49:35,42.4510917663574,-8.9225025177002,"Female"
"9004158",371991,2025-06-24 11:54:08,42.4511108398438,-8.92255401611328,"Female"
"9004158",371991,2025-06-24 11:59:08,42.4509696960449,-8.92216110229492,"Female"
"9004158",371991,2025-06-24 12:04:08,42.4510459899902,-8.92231273651123,"Female"
"9004158",371991,2025-06-24 12:09:08,42.4510726928711,-8.92245864868164,"Female"
"9004158",371991,2025-06-24 12:14:09,42.4509963989258,-8.92225360870361,"Female"
"9004158",371991,2025-06-24 12:19:08,42.4512214660645,-8.92269229888916,"Female"
"9004158",371991,2025-06-24 12:24:20,42.4510879516602,-8.92252349853516,"Female"
"9004158",371991,2025-06-24 12:29:08,42.451099395752,-8.92235660552979,"Female"
"9004158",371991,2025-06-24 12:34:08,42.4511299133301,-8.92250347137451,"Female"
"9004158",371991,2025-06-24 13:19:04,42.4518814086914,-8.92391204833984,"Female"
"9004158",371991,2025-06-24 13:24:05,42.4524078369141,-8.92328929901123,"Female"
"9004158",371991,2025-06-24 13:33:18,42.4517974853516,-8.92351150512695,"Female"
"9004158",371991,2025-06-24 13:38:36,42.4523696899414,-8.92277812957764,"Female"
"9004158",371991,2025-06-24 13:43:30,42.4524841308594,-8.92250823974609,"Female"
"9004158",371991,2025-06-24 13:48:45,42.4521217346191,-8.92338752746582,"Female"
"9004158",371991,2025-06-24 13:53:29,42.4522132873535,-8.92296314239502,"Female"
"9004158",371991,2025-06-24 13:58:29,42.4521369934082,-8.92340278625488,"Female"
"9004158",371991,2025-06-24 14:03:30,42.452262878418,-8.92258358001709,"Female"
"9004158",371991,2025-06-24 14:08:44,42.4521789550781,-8.923171043396,"Female"
"9004158",371991,2025-06-24 14:13:27,42.4521446228027,-8.92405319213867,"Female"
"9004158",371991,2025-06-24 14:18:37,42.4521827697754,-8.92305469512939,"Female"
"9004158",371991,2025-06-24 14:23:27,42.4522132873535,-8.92417907714844,"Female"
"9004158",371991,2025-06-24 14:28:30,42.4521713256836,-8.92325687408447,"Female"
"9004158",371991,2025-06-24 14:33:36,42.4521751403809,-8.92284679412842,"Female"
"9004158",371991,2025-06-24 14:38:29,42.4522361755371,-8.9237117767334,"Female"
"9004158",371991,2025-06-24 14:43:36,42.4521636962891,-8.92285442352295,"Female"
"9004158",371991,2025-06-24 14:48:45,42.4527244567871,-8.92313861846924,"Female"
"9004158",371991,2025-06-24 14:53:35,42.4521446228027,-8.92281723022461,"Female"
"9004158",371991,2025-06-24 14:58:27,42.4524574279785,-8.92294311523438,"Female"
"9004158",371991,2025-06-24 15:03:29,42.452262878418,-8.92265605926514,"Female"
"9004158",371991,2025-06-24 15:08:29,42.4524765014648,-8.9228982925415,"Female"
"9004158",371991,2025-06-24 15:14:30,42.4559898376465,-8.91994762420654,"Female"
"9004158",371991,2025-06-24 15:20:23,42.4565658569336,-8.92026519775391,"Female"
"9004158",371991,2025-06-24 15:29:48,42.456600189209,-8.91916561126709,"Female"
"9004158",371991,2025-06-24 15:35:19,42.4562721252441,-8.92048168182373,"Female"
"9004158",371991,2025-06-24 15:40:18,42.4560928344727,-8.9207124710083,"Female"
"9004158",371991,2025-06-24 15:50:05,42.4563903808594,-8.9198637008667,"Female"
"9004158",371991,2025-06-24 15:54:41,42.4559555053711,-8.92072010040283,"Female"
"9004158",371991,2025-06-24 15:59:45,42.456600189209,-8.92238426208496,"Female"
"9004158",371991,2025-06-24 16:04:45,42.4561614990234,-8.923264503479,"Female"
"9004158",371991,2025-06-24 16:09:48,42.455493927002,-8.92172145843506,"Female"
"9004158",371991,2025-06-24 16:14:38,42.455249786377,-8.92111015319824,"Female"
"9004158",371991,2025-06-24 16:19:48,42.455322265625,-8.92163181304932,"Female"
"9004158",371991,2025-06-24 16:24:38,42.4553451538086,-8.92146110534668,"Female"
"9004158",371991,2025-06-24 16:29:41,42.4561233520508,-8.92365741729736,"Female"
"9004158",371991,2025-06-24 16:34:43,42.4554748535156,-8.92179107666016,"Female"
"9004158",371991,2025-06-24 16:39:37,42.4553718566895,-8.92162990570068,"Female"
"9004158",371991,2025-06-24 16:44:37,42.4555778503418,-8.9223461151123,"Female"
"9004158",371991,2025-06-24 16:49:48,42.4554214477539,-8.9220027923584,"Female"
"9004158",371991,2025-06-24 16:54:48,42.455436706543,-8.92196273803711,"Female"
"9004158",371991,2025-06-24 16:59:48,42.4554290771484,-8.92193412780762,"Female"
"9004158",371991,2025-06-24 17:04:48,42.4554901123047,-8.92198467254639,"Female"
"9004158",371991,2025-06-24 17:09:48,42.4554977416992,-8.92199802398682,"Female"
"9004158",371991,2025-06-24 17:14:48,42.4554901123047,-8.92201805114746,"Female"
"9004158",371991,2025-06-24 17:19:48,42.4554824829102,-8.92201519012451,"Female"
"9004158",371991,2025-06-24 17:24:49,42.4555282592773,-8.92204666137695,"Female"
"9004158",371991,2025-06-24 17:29:57,42.4555015563965,-8.92202758789062,"Female"
"9004158",371991,2025-06-24 17:35:05,42.4554290771484,-8.92184448242188,"Female"
"9004158",371991,2025-06-24 17:39:36,42.4554290771484,-8.92185115814209,"Female"
"9004158",371991,2025-06-24 17:44:36,42.4554977416992,-8.92198944091797,"Female"
"9004158",371991,2025-06-24 17:49:36,42.4554328918457,-8.92174816131592,"Female"
"9004158",371991,2025-06-24 17:54:37,42.4554405212402,-8.92188739776611,"Female"
"9004158",371991,2025-06-24 17:59:37,42.4554557800293,-8.92195415496826,"Female"
"9004158",371991,2025-06-24 18:04:37,42.455493927002,-8.92193794250488,"Female"
"9004158",371991,2025-06-24 18:09:37,42.4554328918457,-8.9218807220459,"Female"
"9004158",371991,2025-06-24 18:14:37,42.4186515808105,-8.92111587524414,"Female"
"9004158",371991,2025-06-24 18:19:37,42.3995323181152,-8.92194080352783,"Female"
"9004158",371991,2025-06-24 18:24:37,42.3995971679688,-8.92190742492676,"Female"
"9004158",371991,2025-06-24 18:29:37,42.399585723877,-8.92196178436279,"Female"
"9004158",371991,2025-06-24 18:34:48,42.3996047973633,-8.92284774780273,"Female"
"9004158",371991,2025-06-24 18:40:14,42.3992958068848,-8.92202091217041,"Female"
"9004158",371991,2025-06-24 18:44:40,42.3990631103516,-8.92199039459229,"Female"
"9004158",371991,2025-06-24 18:49:39,42.3989067077637,-8.92184925079346,"Female"
"9004158",371991,2025-06-24 18:54:40,42.3992958068848,-8.92202377319336,"Female"
"9004158",371991,2025-06-24 18:59:42,42.3978271484375,-8.91991996765137,"Female"
"9004158",371991,2025-06-24 19:04:43,42.3991737365723,-8.92220211029053,"Female"
"9004158",371991,2025-06-24 19:09:38,42.3993835449219,-8.92210578918457,"Female"
"9004158",371991,2025-06-24 19:14:40,42.397876739502,-8.92037200927734,"Female"
"9004158",371991,2025-06-24 19:19:41,42.3986206054688,-8.92151927947998,"Female"
"9004158",371991,2025-06-24 19:24:40,42.3991966247559,-8.92219638824463,"Female"
"9004158",371991,2025-06-24 19:29:52,42.3993301391602,-8.92205047607422,"Female"
"9004158",371991,2025-06-24 19:34:43,42.3991661071777,-8.92225551605225,"Female"
"9004158",371991,2025-06-24 19:39:40,42.3989105224609,-8.92011737823486,"Female"
"9004158",371991,2025-06-24 19:44:48,42.3995475769043,-8.92175388336182,"Female"
"9004158",371991,2025-06-24 19:49:46,42.399528503418,-8.92167091369629,"Female"
"9004158",371991,2025-06-24 19:54:49,42.3993606567383,-8.92225456237793,"Female"
"9004158",371991,2025-06-24 19:59:46,42.3997840881348,-8.92250919342041,"Female"
"9004158",371991,2025-06-24 20:04:57,42.3993835449219,-8.922119140625,"Female"
"9004158",371991,2025-06-24 20:09:48,42.3993797302246,-8.92192459106445,"Female"
"9004158",371991,2025-06-24 20:14:45,42.3993263244629,-8.92197036743164,"Female"
"9004158",371991,2025-06-24 20:19:45,42.3993682861328,-8.92209815979004,"Female"
"9004158",371991,2025-06-24 20:24:48,42.3993606567383,-8.92201709747314,"Female"
"9004158",371991,2025-06-24 20:29:48,42.3991661071777,-8.92215538024902,"Female"
"9004158",371991,2025-06-24 20:34:57,42.399242401123,-8.9220085144043,"Female"
"9004158",371991,2025-06-24 20:39:48,42.3996772766113,-8.92185211181641,"Female"
"9004158",371991,2025-06-24 20:44:53,42.3993034362793,-8.92215251922607,"Female"
"9004158",371991,2025-06-24 20:49:53,42.399730682373,-8.92194366455078,"Female"
"9004158",371991,2025-06-24 20:55:52,42.3990440368652,-8.92256832122803,"Female"
"9004158",371991,2025-06-24 21:06:00,42.3987922668457,-8.92223834991455,"Female"
"9004158",371991,2025-06-24 21:11:00,42.3988990783691,-8.92237567901611,"Female"
"9004158",371991,2025-06-24 21:14:48,42.3992958068848,-8.92240333557129,"Female"
"9004158",371991,2025-06-24 21:19:48,42.3989295959473,-8.92240333557129,"Female"
"9004158",371991,2025-06-24 21:24:53,42.3989181518555,-8.92178630828857,"Female"
"9004158",371991,2025-06-24 21:29:51,42.3994941711426,-8.92265510559082,"Female"
"9004158",371991,2025-06-24 21:34:58,42.3993682861328,-8.92309188842773,"Female"
"9004158",371991,2025-06-24 21:39:51,42.3994445800781,-8.92279434204102,"Female"
"9004158",371991,2025-06-24 21:45:05,42.3995819091797,-8.92288303375244,"Female"
"9004158",371991,2025-06-24 21:49:46,42.3995933532715,-8.92284870147705,"Female"
"9004158",371991,2025-06-24 21:56:00,42.3997955322266,-8.92230129241943,"Female"
"9004158",371991,2025-06-24 22:01:00,42.4000129699707,-8.92170524597168,"Female"
"9004158",371991,2025-06-24 22:04:38,42.3997688293457,-8.92222499847412,"Female"
"9004158",371991,2025-06-24 22:11:00,42.3995323181152,-8.92238712310791,"Female"
"9004158",371991,2025-06-24 22:14:57,42.3995552062988,-8.92223358154297,"Female"
"9004158",371991,2025-06-24 22:19:57,42.3994255065918,-8.92263507843018,"Female"
"9004158",371991,2025-06-24 22:25:08,42.3993530273438,-8.92269897460938,"Female"
"9004158",371991,2025-06-24 22:29:40,42.3996086120605,-8.9223747253418,"Female"
"9004158",371991,2025-06-24 22:35:08,42.3993186950684,-8.9225025177002,"Female"
"9004158",371991,2025-06-24 22:40:08,42.3993263244629,-8.92220211029053,"Female"
"9004158",371991,2025-06-24 22:45:35,42.3994216918945,-8.92227458953857,"Female"
"9004158",371991,2025-06-24 22:50:14,42.3993988037109,-8.92217254638672,"Female"
"9004158",371991,2025-06-24 22:54:38,42.3990669250488,-8.92230796813965,"Female"
"9004158",371991,2025-06-24 22:59:38,42.3988647460938,-8.92218017578125,"Female"
"9004158",371991,2025-06-24 23:04:38,42.3988494873047,-8.92232704162598,"Female"
"9004158",371991,2025-06-24 23:09:39,42.3991661071777,-8.92220401763916,"Female"
"9004158",371991,2025-06-24 23:14:39,42.3987350463867,-8.92251014709473,"Female"
"9004158",371991,2025-06-24 23:19:39,42.3984184265137,-8.92285537719727,"Female"
"9004158",371991,2025-06-24 23:24:42,42.3987464904785,-8.92275524139404,"Female"
"9004158",371991,2025-06-24 23:29:57,42.3993759155273,-8.92207431793213,"Female"
"9004158",371991,2025-06-24 23:34:40,42.3993072509766,-8.92186832427979,"Female"
"9004158",371991,2025-06-24 23:39:46,42.3994026184082,-8.92251014709473,"Female"
"9004158",371991,2025-06-24 23:44:49,42.3993263244629,-8.92225933074951,"Female"
"9004158",371991,2025-06-24 23:49:48,42.3995018005371,-8.92245101928711,"Female"
"9004158",371991,2025-06-24 23:55:00,42.3996047973633,-8.92243099212646,"Female"
"9004158",371991,2025-06-25 00:00:24,42.3995056152344,-8.92252159118652,"Female"
"9004158",371991,2025-06-25 00:04:51,42.3993835449219,-8.92231941223145,"Female"
"9004158",371991,2025-06-25 00:09:41,42.3987503051758,-8.92243003845215,"Female"
"9004158",371991,2025-06-25 00:15:05,42.3996086120605,-8.92345142364502,"Female"
"9004158",371991,2025-06-25 00:19:49,42.3996963500977,-8.92327880859375,"Female"
"9004158",371991,2025-06-25 00:24:47,42.3996238708496,-8.92339992523193,"Female"
"9004158",371991,2025-06-25 00:29:40,42.3996543884277,-8.92339897155762,"Female"
"9004158",371991,2025-06-25 00:34:57,42.3995094299316,-8.92209720611572,"Female"
"9004158",371991,2025-06-25 00:39:43,42.3997230529785,-8.92263126373291,"Female"
"9004158",371991,2025-06-25 00:44:39,42.3998336791992,-8.9230318069458,"Female"
"9004158",371991,2025-06-25 00:51:00,42.3994293212891,-8.92216682434082,"Female"
"9004158",371991,2025-06-25 00:54:49,42.3992691040039,-8.9224853515625,"Female"
"9004158",371991,2025-06-25 01:00:35,42.3992767333984,-8.92227649688721,"Female"
"9004158",371991,2025-06-25 01:04:44,42.398365020752,-8.9226016998291,"Female"
"9004158",371991,2025-06-25 01:09:55,42.3993377685547,-8.92239093780518,"Female"
"9004158",371991,2025-06-25 01:15:04,42.3999977111816,-8.92201042175293,"Female"
"9004158",371991,2025-06-25 01:20:19,42.3996276855469,-8.92207527160645,"Female"
"9004158",371991,2025-06-25 01:24:51,42.3993263244629,-8.92231178283691,"Female"
"9004158",371991,2025-06-25 01:30:11,42.399486541748,-8.92215061187744,"Female"
"9004158",371991,2025-06-25 01:34:40,42.3993110656738,-8.92231559753418,"Female"
"9004158",371991,2025-06-25 01:39:40,42.3990135192871,-8.92159652709961,"Female"
"9004158",371991,2025-06-25 01:44:42,42.3988456726074,-8.92150211334229,"Female"
"9004158",371991,2025-06-25 01:49:46,42.3992004394531,-8.92206192016602,"Female"
"9004158",371991,2025-06-25 01:54:57,42.3993110656738,-8.9219970703125,"Female"
"9004158",371991,2025-06-25 01:59:37,42.3989524841309,-8.92167854309082,"Female"
"9004158",371991,2025-06-25 02:04:37,42.3990249633789,-8.92176628112793,"Female"
"9004158",371991,2025-06-25 02:09:40,42.3989486694336,-8.92175102233887,"Female"
"9004158",371991,2025-06-25 02:14:39,42.3987731933594,-8.92146682739258,"Female"
"9004158",371991,2025-06-25 02:19:40,42.3983955383301,-8.92124080657959,"Female"
"9004158",371991,2025-06-25 02:24:53,42.3992614746094,-8.92215251922607,"Female"
"9004158",371991,2025-06-25 02:29:41,42.3990783691406,-8.92164897918701,"Female"
"9004158",371991,2025-06-25 02:34:46,42.3993453979492,-8.92200183868408,"Female"
"9004158",371991,2025-06-25 02:39:40,42.3994674682617,-8.92205619812012,"Female"
"9004158",371991,2025-06-25 02:44:51,42.3992919921875,-8.92218971252441,"Female"
"9004158",371991,2025-06-25 02:49:45,42.3994598388672,-8.92202281951904,"Female"
"9004158",371991,2025-06-25 02:54:49,42.3993110656738,-8.92212581634521,"Female"
"9004158",371991,2025-06-25 03:00:12,42.3992767333984,-8.92224025726318,"Female"
"9004158",371991,2025-06-25 03:04:40,42.399284362793,-8.9219217300415,"Female"
"9004158",371991,2025-06-25 03:09:52,42.3995323181152,-8.92200565338135,"Female"
"9004158",371991,2025-06-25 03:14:48,42.3992042541504,-8.92238140106201,"Female"
"9004158",371991,2025-06-25 03:19:46,42.3994293212891,-8.9221363067627,"Female"
"9004158",371991,2025-06-25 03:24:48,42.3991622924805,-8.92230606079102,"Female"
"9004158",371991,2025-06-25 03:29:51,42.3992614746094,-8.92226696014404,"Female"
"9004158",371991,2025-06-25 03:35:31,42.3991241455078,-8.92220973968506,"Female"
"9004158",371991,2025-06-25 03:39:50,42.3991012573242,-8.92228317260742,"Female"
"9004158",371991,2025-06-25 03:44:38,42.3993339538574,-8.92215728759766,"Female"
"9004158",371991,2025-06-25 03:49:40,42.3996238708496,-8.92259120941162,"Female"
"9004158",371991,2025-06-25 03:54:47,42.3998832702637,-8.92423629760742,"Female"
"9004158",371991,2025-06-25 03:59:42,42.3994827270508,-8.9233341217041,"Female"
"9004158",371991,2025-06-25 04:04:41,42.3995094299316,-8.922607421875,"Female"
"9004158",371991,2025-06-25 04:09:43,42.3993186950684,-8.92220401763916,"Female"
"9004158",371991,2025-06-25 04:14:43,42.3996505737305,-8.92229175567627,"Female"
"9004158",371991,2025-06-25 04:19:42,42.3994941711426,-8.92188549041748,"Female"
"9004158",371991,2025-06-25 04:24:48,42.3994827270508,-8.92231559753418,"Female"
"9004158",371991,2025-06-25 04:29:48,42.3994941711426,-8.92234897613525,"Female"
"9004158",371991,2025-06-25 04:34:58,42.3995132446289,-8.92228317260742,"Female"
"9004158",371991,2025-06-25 04:39:48,42.3995819091797,-8.92217063903809,"Female"
"9004158",371991,2025-06-25 04:44:49,42.3994750976562,-8.92230892181396,"Female"
"9004158",371991,2025-06-25 04:49:42,42.3996162414551,-8.92231845855713,"Female"
"9004158",371991,2025-06-25 04:54:41,42.399528503418,-8.92221260070801,"Female"
"9004158",371991,2025-06-25 04:59:47,42.3996925354004,-8.92216300964355,"Female"
"9004158",371991,2025-06-25 05:04:46,42.3994789123535,-8.92215633392334,"Female"
"9004158",371991,2025-06-25 05:09:48,42.3998336791992,-8.92222118377686,"Female"
"9004158",371991,2025-06-25 05:14:52,42.4004592895508,-8.92227935791016,"Female"
"9004158",371991,2025-06-25 05:19:48,42.3993759155273,-8.92211055755615,"Female"
"9004158",371991,2025-06-25 05:24:52,42.3993644714355,-8.92247200012207,"Female"
"9004158",371991,2025-06-25 05:29:48,42.3994750976562,-8.92219352722168,"Female"
"9004158",371991,2025-06-25 05:34:54,42.3995246887207,-8.92228507995605,"Female"
"9004158",371991,2025-06-25 05:40:13,42.3994178771973,-8.92220687866211,"Female"
"9004158",371991,2025-06-25 05:44:39,42.3993644714355,-8.92227649688721,"Female"
"9004158",371991,2025-06-25 05:49:38,42.3993339538574,-8.92216396331787,"Female"
"9004158",371991,2025-06-25 05:54:38,42.3992042541504,-8.92225742340088,"Female"
"9004158",371991,2025-06-25 05:59:43,42.3993721008301,-8.92219924926758,"Female"
"9004158",371991,2025-06-25 06:04:41,42.3993301391602,-8.92226314544678,"Female"
"9004158",371991,2025-06-25 06:09:51,42.3993682861328,-8.92208099365234,"Female"
"9004158",371991,2025-06-25 06:15:44,42.3995513916016,-8.92222499847412,"Female"
"9004158",371991,2025-06-25 06:19:41,42.3988342285156,-8.921706199646,"Female"
"9004158",371991,2025-06-25 06:24:46,42.3995590209961,-8.92219257354736,"Female"
"9004158",371991,2025-06-25 06:29:45,42.3992233276367,-8.92232227325439,"Female"
"9004158",371991,2025-06-25 06:35:05,42.3994140625,-8.92241287231445,"Female"
"9004158",371991,2025-06-25 06:39:53,42.3991432189941,-8.92233276367188,"Female"
"9004158",371991,2025-06-25 06:44:55,42.3989334106445,-8.9221715927124,"Female"
"9004158",371991,2025-06-25 06:55:14,42.3985404968262,-8.92260551452637,"Female"
"9004158",371991,2025-06-25 06:59:43,42.3994789123535,-8.92273139953613,"Female"
"9004158",371991,2025-06-25 07:04:41,42.3989791870117,-8.92255973815918,"Female"
"9004158",371991,2025-06-25 07:15:05,42.3979072570801,-8.92021465301514,"Female"
"9004158",371991,2025-06-25 07:24:36,42.3978881835938,-8.92019939422607,"Female"
"9004158",371991,2025-06-25 07:34:36,42.3979339599609,-8.92014217376709,"Female"
"9004158",371991,2025-06-25 07:39:36,42.3978843688965,-8.92016792297363,"Female"
"9004158",371991,2025-06-25 07:44:36,42.4367408752441,-8.91998100280762,"Female"
"9004158",371991,2025-06-25 07:50:00,42.4517517089844,-8.92278575897217,"Female"
"9004158",371991,2025-06-25 08:00:00,42.4522361755371,-8.92409610748291,"Female"
"9004158",371991,2025-06-25 08:10:36,42.4528694152832,-8.92286205291748,"Female"
"9004158",371991,2025-06-25 08:15:59,42.4528884887695,-8.92296314239502,"Female"
"9004158",371991,2025-06-25 08:25:58,42.4539985656738,-8.92320823669434,"Female"
"9004158",371991,2025-06-25 08:30:59,42.4541893005371,-8.9230842590332,"Female"
"9004158",371991,2025-06-25 08:36:12,42.4545707702637,-8.92306900024414,"Female"
"9004158",371991,2025-06-25 08:41:21,42.4549522399902,-8.92287540435791,"Female"
"9004158",371991,2025-06-25 08:47:20,42.4545860290527,-8.92107200622559,"Female"
"9004158",371991,2025-06-25 08:52:32,42.4552536010742,-8.92157745361328,"Female"
"9004158",371991,2025-06-25 08:57:30,42.4555320739746,-8.92103576660156,"Female"
"9004158",371991,2025-06-25 09:02:38,42.4556655883789,-8.9209041595459,"Female"
"9004158",371991,2025-06-25 09:07:27,42.4553833007812,-8.92080307006836,"Female"
"9004158",371991,2025-06-25 09:12:26,42.4549903869629,-8.92037868499756,"Female"
"9004158",371991,2025-06-25 09:17:27,42.4548797607422,-8.92008495330811,"Female"
"9004158",371991,2025-06-25 09:22:28,42.4549331665039,-8.92005443572998,"Female"
"9004158",371991,2025-06-25 09:27:26,42.4549140930176,-8.92008018493652,"Female"
"9004158",371991,2025-06-25 09:32:26,42.4549674987793,-8.9200611114502,"Female"
"9004158",371991,2025-06-25 09:37:26,42.4549407958984,-8.92004871368408,"Female"
"9004158",371991,2025-06-25 09:42:26,42.4549140930176,-8.92001819610596,"Female"
"9004158",371991,2025-06-25 09:47:26,42.4549331665039,-8.9200496673584,"Female"
"9004158",371991,2025-06-25 09:52:26,42.454906463623,-8.91994190216064,"Female"
"9004158",371991,2025-06-25 09:57:26,42.4548950195312,-8.91992092132568,"Female"
"9004158",371991,2025-06-25 10:02:44,42.4549255371094,-8.91998958587646,"Female"
"9004158",371991,2025-06-25 10:07:26,42.4548568725586,-8.91985321044922,"Female"
"9004158",371991,2025-06-25 10:12:26,42.454833984375,-8.92013168334961,"Female"
"9004158",371991,2025-06-25 10:17:26,42.4547882080078,-8.91986656188965,"Female"
"9004158",371991,2025-06-25 10:22:29,42.454948425293,-8.92018032073975,"Female"
"9004158",371991,2025-06-25 10:27:25,42.454891204834,-8.92010402679443,"Female"
"9004158",371991,2025-06-25 10:32:34,42.4558982849121,-8.92008209228516,"Female"
"9004158",371991,2025-06-25 10:43:01,42.4571495056152,-8.9175500869751,"Female"
"9004158",371991,2025-06-25 11:05:05,42.455696105957,-8.91993045806885,"Female"
"9004158",371991,2025-06-25 11:09:30,42.4557266235352,-8.91988468170166,"Female"
"9004158",371991,2025-06-25 11:14:30,42.4555358886719,-8.9198637008667,"Female"
"9004158",371991,2025-06-25 11:19:22,42.4552154541016,-8.91961669921875,"Female"
"9004158",371991,2025-06-25 11:24:30,42.4551696777344,-8.91985702514648,"Female"
"9004158",371991,2025-06-25 11:29:42,42.4548606872559,-8.91981220245361,"Female"
"9004158",371991,2025-06-25 11:34:21,42.4552154541016,-8.91953468322754,"Female"
"9004158",371991,2025-06-25 11:39:20,42.455192565918,-8.91961193084717,"Female"
"9004158",371991,2025-06-25 11:44:21,42.4551887512207,-8.91965675354004,"Female"
"9004158",371991,2025-06-25 11:49:44,42.4540519714355,-8.9227123260498,"Female"
"9004158",371991,2025-06-25 11:54:23,42.4540710449219,-8.9230318069458,"Female"
"9004158",371991,2025-06-25 11:59:28,42.4539909362793,-8.92306709289551,"Female"
"9004158",371991,2025-06-25 12:08:23,42.4535598754883,-8.92329406738281,"Female"
"9004158",371991,2025-06-25 12:13:30,42.4540176391602,-8.92221927642822,"Female"
"9004158",371991,2025-06-25 12:18:33,42.4542007446289,-8.92322063446045,"Female"
"9004158",371991,2025-06-25 12:23:44,42.4547920227051,-8.92247676849365,"Female"
"9004158",371991,2025-06-25 12:29:15,42.4542846679688,-8.92330455780029,"Female"
"9004158",371991,2025-06-25 12:35:37,42.4535675048828,-8.92342185974121,"Female"
"9004158",371991,2025-06-25 12:40:24,42.4530372619629,-8.92451000213623,"Female"
"9004158",371991,2025-06-25 12:47:29,42.4537124633789,-8.9235897064209,"Female"
"9004158",371991,2025-06-25 12:51:36,42.4539070129395,-8.92346954345703,"Female"
"9004158",371991,2025-06-25 12:56:57,42.4527397155762,-8.92331600189209,"Female"
"9004158",371991,2025-06-25 13:02:34,42.4521827697754,-8.92335319519043,"Female"
"9004158",371991,2025-06-25 13:07:31,42.4522132873535,-8.92330837249756,"Female"
"9004158",371991,2025-06-25 13:12:43,42.4521713256836,-8.9232702255249,"Female"
"9004158",371991,2025-06-25 13:17:31,42.4521255493164,-8.92323780059814,"Female"
"9004158",371991,2025-06-25 13:22:31,42.4521255493164,-8.92322826385498,"Female"
"9004158",371991,2025-06-25 13:27:33,42.4520797729492,-8.92329883575439,"Female"
"9004158",371991,2025-06-25 13:32:32,42.4520568847656,-8.92327880859375,"Female"
"9004158",371991,2025-06-25 13:37:31,42.451831817627,-8.92295551300049,"Female"
"9004158",371991,2025-06-25 13:42:32,42.4521522521973,-8.92319679260254,"Female"
"9004158",371991,2025-06-25 13:47:32,42.4521598815918,-8.92315006256104,"Female"
"9004158",371991,2025-06-25 13:52:31,42.4521751403809,-8.92318534851074,"Female"
"9004158",371991,2025-06-25 13:57:43,42.4521522521973,-8.92321586608887,"Female"
"9004158",371991,2025-06-25 14:02:31,42.4522285461426,-8.92319679260254,"Female"
"9004158",371991,2025-06-25 14:07:34,42.4521751403809,-8.92320156097412,"Female"
"9004158",371991,2025-06-25 14:12:36,42.4521141052246,-8.92317771911621,"Female"
"9004158",371991,2025-06-25 14:17:33,42.4521713256836,-8.92322635650635,"Female"
"9004158",371991,2025-06-25 14:22:31,42.4521942138672,-8.92318344116211,"Female"
"9004158",371991,2025-06-25 14:27:31,42.4521026611328,-8.92315769195557,"Female"
"9004158",371991,2025-06-25 14:32:33,42.4519882202148,-8.92301654815674,"Female"
"9004158",371991,2025-06-25 14:37:44,42.452220916748,-8.92323207855225,"Female"
"9004158",371991,2025-06-25 14:42:33,42.4523391723633,-8.92329788208008,"Female"
"9004158",371991,2025-06-25 14:47:48,42.4522514343262,-8.92473602294922,"Female"
"9004158",371991,2025-06-25 14:53:06,42.4519844055176,-8.92400932312012,"Female"
"9004158",371991,2025-06-25 14:58:17,42.4527282714844,-8.92328453063965,"Female"
"9004158",371991,2025-06-25 15:03:40,42.4536094665527,-8.92356300354004,"Female"
"9004158",371991,2025-06-25 15:08:52,42.4538116455078,-8.92311382293701,"Female"
"9004158",371991,2025-06-25 15:13:47,42.4544906616211,-8.92304039001465,"Female"
"9004158",371991,2025-06-25 15:19:13,42.4551887512207,-8.92305660247803,"Female"
"9004158",371991,2025-06-25 15:25:12,42.4549827575684,-8.92215061187744,"Female"
"9004158",371991,2025-06-25 15:29:56,42.4555282592773,-8.9219446182251,"Female"
"9004158",371991,2025-06-25 15:35:14,42.4554214477539,-8.92183876037598,"Female"
"9004158",371991,2025-06-25 15:39:56,42.4556655883789,-8.92204189300537,"Female"
"9004158",371991,2025-06-25 15:44:56,42.4551391601562,-8.92154502868652,"Female"
"9004158",371991,2025-06-25 15:49:56,42.4553489685059,-8.92177104949951,"Female"
"9004158",371991,2025-06-25 15:54:56,42.4549942016602,-8.9213924407959,"Female"
"9004158",371991,2025-06-25 15:59:57,42.4552154541016,-8.92158603668213,"Female"
"9004158",371991,2025-06-25 16:04:57,42.4552268981934,-8.92159843444824,"Female"
"9004158",371991,2025-06-25 16:09:57,42.4552268981934,-8.92158508300781,"Female"
"9004158",371991,2025-06-25 16:14:59,42.4552230834961,-8.92162799835205,"Female"
"9004158",371991,2025-06-25 16:19:58,42.4547996520996,-8.92127132415771,"Female"
"9004158",371991,2025-06-25 16:25:13,42.4553337097168,-8.92169570922852,"Female"
"9004158",371991,2025-06-25 16:29:56,42.455078125,-8.92138195037842,"Female"
"9004158",371991,2025-06-25 16:35:07,42.4556427001953,-8.92212867736816,"Female"
"9004158",371991,2025-06-25 16:40:15,42.4550170898438,-8.92169094085693,"Female"
"9004158",371991,2025-06-25 16:45:00,42.4549942016602,-8.9216423034668,"Female"
"9004158",371991,2025-06-25 16:50:06,42.455135345459,-8.92166996002197,"Female"
"9004158",371991,2025-06-25 16:54:58,42.4545097351074,-8.92083358764648,"Female"
"9004158",371991,2025-06-25 17:00:01,42.4552574157715,-8.92174816131592,"Female"
"9004158",371991,2025-06-25 17:04:58,42.455192565918,-8.92155170440674,"Female"
"9004158",371991,2025-06-25 17:10:00,42.4552154541016,-8.92185878753662,"Female"
"9004158",371991,2025-06-25 17:14:58,42.4549980163574,-8.92152690887451,"Female"
"9004158",371991,2025-06-25 17:19:59,42.4555587768555,-8.92202281951904,"Female"
"9004158",371991,2025-06-25 17:25:01,42.4552383422852,-8.92171096801758,"Female"
"9004158",371991,2025-06-25 17:34:45,42.4552192687988,-8.92188549041748,"Female"
"9004158",371991,2025-06-25 17:39:07,42.4553451538086,-8.92123317718506,"Female"
"9004158",371991,2025-06-25 17:44:16,42.4559020996094,-8.92079257965088,"Female"
"9004158",371991,2025-06-25 17:49:43,42.4565010070801,-8.91928386688232,"Female"
"9004158",371991,2025-06-25 17:56:13,42.4556846618652,-8.9199743270874,"Female"
"9004158",371991,2025-06-25 18:00:25,42.4508743286133,-8.92272567749023,"Female"
"9004158",371991,2025-06-25 18:05:29,42.451416015625,-8.92256641387939,"Female"
"9004158",371991,2025-06-25 18:10:27,42.4515647888184,-8.92237949371338,"Female"
"9004158",371991,2025-06-25 18:15:29,42.4513511657715,-8.92256546020508,"Female"
"9004158",371991,2025-06-25 18:20:29,42.451000213623,-8.92264556884766,"Female"
"9004158",371991,2025-06-25 18:25:27,42.4511108398438,-8.92257881164551,"Female"
"9004158",371991,2025-06-25 18:30:36,42.4510879516602,-8.92278003692627,"Female"
"9004158",371991,2025-06-25 18:35:36,42.4511375427246,-8.92289447784424,"Female"
"9004158",371991,2025-06-25 18:40:36,42.451114654541,-8.92277812957764,"Female"
"9004158",371991,2025-06-25 18:45:45,42.451000213623,-8.92256450653076,"Female"
"9004158",371991,2025-06-25 18:50:25,42.4510040283203,-8.9225549697876,"Female"
"9004158",371991,2025-06-25 18:55:28,42.4511413574219,-8.92266464233398,"Female"
"9004158",371991,2025-06-25 19:00:36,42.451000213623,-8.92268371582031,"Female"
"9004158",371991,2025-06-25 19:05:59,42.4510650634766,-8.92260456085205,"Female"
"9004158",371991,2025-06-25 19:10:25,42.4511070251465,-8.92260074615479,"Female"
"9004158",371991,2025-06-25 19:15:25,42.451114654541,-8.92260837554932,"Female"
"9004158",371991,2025-06-25 19:20:25,42.4179916381836,-8.9216365814209,"Female"
"9004158",371991,2025-06-25 19:25:30,42.3996238708496,-8.92274856567383,"Female"
"9004158",371991,2025-06-25 19:30:28,42.3993949890137,-8.92231845855713,"Female"
"9004158",371991,2025-06-25 19:35:34,42.3991966247559,-8.92226600646973,"Female"
"9004158",371991,2025-06-25 19:40:36,42.3991584777832,-8.92205429077148,"Female"
"9004158",371991,2025-06-25 19:45:40,42.3991928100586,-8.92206954956055,"Female"
"9004158",371991,2025-06-25 19:50:26,42.3995094299316,-8.92286586761475,"Female"
"9004158",371991,2025-06-25 19:55:34,42.3992042541504,-8.92221355438232,"Female"
"9004158",371991,2025-06-25 20:00:31,42.3995666503906,-8.92224025726318,"Female"
"9004158",371991,2025-06-25 20:05:33,42.3992309570312,-8.9219970703125,"Female"
"9004158",371991,2025-06-25 20:10:31,42.399829864502,-8.92241287231445,"Female"
"9004158",371991,2025-06-25 20:15:29,42.3995208740234,-8.92280864715576,"Female"
"9004158",371991,2025-06-25 20:20:33,42.3998374938965,-8.92242622375488,"Female"
"9004158",371991,2025-06-25 20:25:30,42.3988342285156,-8.92401218414307,"Female"
"9004158",371991,2025-06-25 20:30:34,42.4001731872559,-8.92217540740967,"Female"
"9004158",371991,2025-06-25 20:35:42,42.3996086120605,-8.92212772369385,"Female"
"9004158",371991,2025-06-25 20:40:44,42.3997268676758,-8.92297840118408,"Female"
"9004158",371991,2025-06-25 20:45:39,42.3999633789062,-8.92255020141602,"Female"
"9004158",371991,2025-06-25 20:51:26,42.3993148803711,-8.92230796813965,"Female"
"9004158",371991,2025-06-25 20:55:33,42.3993263244629,-8.92237281799316,"Female"
"9004158",371991,2025-06-25 21:00:31,42.3996086120605,-8.92265701293945,"Female"
"9004158",371991,2025-06-25 21:05:31,42.3992958068848,-8.92238140106201,"Female"
"9004158",371991,2025-06-25 21:10:59,42.3991851806641,-8.92246246337891,"Female"
"9004158",371991,2025-06-25 21:15:31,42.3991661071777,-8.92256259918213,"Female"
"9004158",371991,2025-06-25 21:20:30,42.3996772766113,-8.92203521728516,"Female"
"9004158",371991,2025-06-25 21:25:28,42.3993949890137,-8.92206859588623,"Female"
"9004158",371991,2025-06-25 21:30:29,42.3994903564453,-8.9222354888916,"Female"
"9004158",371991,2025-06-25 21:35:33,42.3994216918945,-8.92229843139648,"Female"
"9004158",371991,2025-06-25 21:40:34,42.3992652893066,-8.92239284515381,"Female"
"9004158",371991,2025-06-25 21:45:34,42.3994522094727,-8.92225742340088,"Female"
"9004158",371991,2025-06-25 21:50:45,42.3991050720215,-8.92223167419434,"Female"
"9004158",371991,2025-06-25 21:55:44,42.3992080688477,-8.92225742340088,"Female"
"9004158",371991,2025-06-25 22:01:02,42.3993339538574,-8.92229747772217,"Female"
"9004158",371991,2025-06-25 22:05:37,42.3991966247559,-8.92233562469482,"Female"
"9004158",371991,2025-06-25 22:10:35,42.3992233276367,-8.92247772216797,"Female"
"9004158",371991,2025-06-25 22:15:28,42.3995094299316,-8.92229557037354,"Female"
"9004158",371991,2025-06-25 22:20:29,42.4005813598633,-8.92239379882812,"Female"
"9004158",371991,2025-06-25 22:25:34,42.3995513916016,-8.92204761505127,"Female"
"9004158",371991,2025-06-25 22:30:35,42.3984489440918,-8.92206287384033,"Female"
"9004158",371991,2025-06-25 22:35:35,42.3994827270508,-8.92214202880859,"Female"
"9004158",371991,2025-06-25 22:40:33,42.3993797302246,-8.92211818695068,"Female"
"9004158",371991,2025-06-25 22:45:34,42.3991432189941,-8.92215824127197,"Female"
"9004158",371991,2025-06-25 22:50:34,42.3991432189941,-8.92220878601074,"Female"
"9004158",371991,2025-06-25 22:55:37,42.3992156982422,-8.92207813262939,"Female"
"9004158",371991,2025-06-25 23:00:39,42.3991470336914,-8.92208194732666,"Female"
"9004158",371991,2025-06-25 23:06:50,42.3992156982422,-8.9222936630249,"Female"
"9004158",371991,2025-06-25 23:10:47,42.3993034362793,-8.922119140625,"Female"
"9004158",371991,2025-06-25 23:15:34,42.3993225097656,-8.92223358154297,"Female"
"9004158",371991,2025-06-25 23:20:42,42.3994636535645,-8.92209720611572,"Female"
"9004158",371991,2025-06-25 23:25:36,42.3996620178223,-8.9224214553833,"Female"
"9004158",371991,2025-06-25 23:30:36,42.3991394042969,-8.92147159576416,"Female"
"9004158",371991,2025-06-25 23:35:36,42.3993835449219,-8.92197799682617,"Female"
"9004158",371991,2025-06-25 23:40:36,42.3994483947754,-8.92226409912109,"Female"
"9004158",371991,2025-06-25 23:45:49,42.3994483947754,-8.92200374603271,"Female"
"9004158",371991,2025-06-25 23:51:14,42.3994369506836,-8.92203044891357,"Female"
"9004158",371991,2025-06-25 23:55:47,42.3993263244629,-8.92218971252441,"Female"
"9004158",371991,2025-06-26 00:01:53,42.399356842041,-8.92214965820312,"Female"
"9004158",371991,2025-06-26 00:06:53,42.3993988037109,-8.92219066619873,"Female"
"9004158",371991,2025-06-26 00:11:53,42.3993606567383,-8.92215347290039,"Female"
"9004158",371991,2025-06-26 00:16:44,42.3993492126465,-8.92208385467529,"Female"
"9004158",371991,2025-06-26 00:20:36,42.399299621582,-8.92188930511475,"Female"
"9004158",371991,2025-06-26 00:25:35,42.3993721008301,-8.92211055755615,"Female"
"9004158",371991,2025-06-26 00:30:31,42.3994140625,-8.92220020294189,"Female"
"9004158",371991,2025-06-26 00:35:31,42.399471282959,-8.92209339141846,"Female"
"9004158",371991,2025-06-26 00:40:28,42.3987274169922,-8.9222936630249,"Female"
"9004158",371991,2025-06-26 00:45:44,42.3994903564453,-8.92237377166748,"Female"
"9004158",371991,2025-06-26 00:50:43,42.3994674682617,-8.9222412109375,"Female"
"9004158",371991,2025-06-26 00:55:31,42.3994903564453,-8.92233562469482,"Female"
"9004158",371991,2025-06-26 01:00:37,42.3994407653809,-8.92225742340088,"Female"
"9004158",371991,2025-06-26 01:05:46,42.3994598388672,-8.92233085632324,"Female"
"9004158",371991,2025-06-26 01:10:30,42.3990325927734,-8.92150497436523,"Female"
"9004158",371991,2025-06-26 01:15:31,42.3992805480957,-8.92206192016602,"Female"
"9004158",371991,2025-06-26 01:20:34,42.3994979858398,-8.92224884033203,"Female"
"9004158",371991,2025-06-26 01:25:33,42.3993530273438,-8.92217254638672,"Female"
"9004158",371991,2025-06-26 01:30:30,42.3991432189941,-8.92162227630615,"Female"
"9004158",371991,2025-06-26 01:35:31,42.3994445800781,-8.92218494415283,"Female"
"9004158",371991,2025-06-26 01:40:33,42.3994560241699,-8.92219638824463,"Female"
"9004158",371991,2025-06-26 01:45:45,42.3995056152344,-8.92230224609375,"Female"
"9004158",371991,2025-06-26 01:50:40,42.3993453979492,-8.92226886749268,"Female"
"9004158",371991,2025-06-26 01:55:39,42.3994750976562,-8.92280387878418,"Female"
"9004158",371991,2025-06-26 02:00:38,42.3996658325195,-8.92268371582031,"Female"
"9004158",371991,2025-06-26 02:05:46,42.3997344970703,-8.92253017425537,"Female"
"9004158",371991,2025-06-26 02:10:40,42.3991966247559,-8.92193031311035,"Female"
"9004158",371991,2025-06-26 02:15:33,42.3992309570312,-8.9224100112915,"Female"
"9004158",371991,2025-06-26 02:21:16,42.3995018005371,-8.9226655960083,"Female"
"9004158",371991,2025-06-26 02:25:52,42.3995056152344,-8.92256546020508,"Female"
"9004158",371991,2025-06-26 02:30:46,42.3994979858398,-8.9226016998291,"Female"
"9004158",371991,2025-06-26 02:35:31,42.3995132446289,-8.92266082763672,"Female"
"9004158",371991,2025-06-26 02:41:52,42.3996353149414,-8.92337131500244,"Female"
"9004158",371991,2025-06-26 02:45:33,42.3992118835449,-8.92269134521484,"Female"
"9004158",371991,2025-06-26 02:50:36,42.3994255065918,-8.92290115356445,"Female"
"9004158",371991,2025-06-26 02:55:40,42.3994369506836,-8.92210388183594,"Female"
"9004158",371991,2025-06-26 03:00:38,42.3993835449219,-8.92221641540527,"Female"
"9004158",371991,2025-06-26 03:05:34,42.3998069763184,-8.92190933227539,"Female"
"9004158",371991,2025-06-26 03:10:36,42.3990859985352,-8.92182922363281,"Female"
"9004158",371991,2025-06-26 03:15:40,42.3992385864258,-8.92210102081299,"Female"
"9004158",371991,2025-06-26 03:20:37,42.3990745544434,-8.92195892333984,"Female"
"9004158",371991,2025-06-26 03:25:42,42.3990783691406,-8.92219066619873,"Female"
"9004158",371991,2025-06-26 03:31:53,42.3993263244629,-8.92217540740967,"Female"
"9004158",371991,2025-06-26 03:36:38,42.399227142334,-8.92201709747314,"Female"
"9004158",371991,2025-06-26 03:40:41,42.3988876342773,-8.9219274520874,"Female"
"9004158",371991,2025-06-26 03:45:38,42.3988609313965,-8.92178153991699,"Female"
"9004158",371991,2025-06-26 03:50:39,42.3989295959473,-8.92184638977051,"Female"
"9004158",371991,2025-06-26 03:55:36,42.3988800048828,-8.92186450958252,"Female"
"9004158",371991,2025-06-26 04:00:58,42.3987655639648,-8.9219274520874,"Female"
"9004158",371991,2025-06-26 04:05:35,42.3987617492676,-8.92184734344482,"Female"
"9004158",371991,2025-06-26 04:11:53,42.3990135192871,-8.9228687286377,"Female"
"9004158",371991,2025-06-26 04:15:35,42.3991508483887,-8.9225959777832,"Female"
"9004158",371991,2025-06-26 04:20:41,42.3992042541504,-8.922532081604,"Female"
"9004158",371991,2025-06-26 04:25:47,42.3990631103516,-8.92251110076904,"Female"
"9004158",371991,2025-06-26 04:30:34,42.3991203308105,-8.92257022857666,"Female"
"9004158",371991,2025-06-26 04:35:32,42.3991279602051,-8.92247200012207,"Female"
"9004158",371991,2025-06-26 04:40:30,42.3992576599121,-8.9220666885376,"Female"
"9004158",371991,2025-06-26 04:45:29,42.3994941711426,-8.92069911956787,"Female"
"9004158",371991,2025-06-26 04:50:29,42.3995666503906,-8.92086219787598,"Female"
"9004158",371991,2025-06-26 04:55:29,42.3995742797852,-8.92077445983887,"Female"
"9004158",371991,2025-06-26 05:00:29,42.3995361328125,-8.92071723937988,"Female"
"9004158",371991,2025-06-26 05:05:29,42.3994636535645,-8.92067241668701,"Female"
"9004158",371991,2025-06-26 05:10:29,42.3995590209961,-8.92077541351318,"Female"
"9004158",371991,2025-06-26 05:15:29,42.3996086120605,-8.92085838317871,"Female"
"9004158",371991,2025-06-26 05:20:29,42.3994064331055,-8.92073154449463,"Female"
"9004158",371991,2025-06-26 05:25:29,42.3993835449219,-8.92074489593506,"Female"
"9004158",371991,2025-06-26 05:30:30,42.3993682861328,-8.92071533203125,"Female"
"9004158",371991,2025-06-26 05:35:29,42.3992729187012,-8.9207649230957,"Female"
"9004158",371991,2025-06-26 05:40:29,42.3993988037109,-8.9206600189209,"Female"
"9004158",371991,2025-06-26 05:45:30,42.3994026184082,-8.92072105407715,"Female"
"9004158",371991,2025-06-26 05:50:29,42.3994407653809,-8.92068386077881,"Female"
"9004158",371991,2025-06-26 05:55:30,42.3993606567383,-8.92073535919189,"Female"
"9004158",371991,2025-06-26 06:00:29,42.3994483947754,-8.92070293426514,"Female"
"9004158",371991,2025-06-26 06:05:29,42.3994216918945,-8.92057991027832,"Female"
"9004158",371991,2025-06-26 06:10:29,42.399471282959,-8.92066955566406,"Female"
"9004158",371991,2025-06-26 06:15:29,42.3995475769043,-8.92068004608154,"Female"
"9004158",371991,2025-06-26 06:20:29,42.3996505737305,-8.92057991027832,"Female"
"9004158",371991,2025-06-26 06:25:29,42.3997383117676,-8.92052936553955,"Female"
"9004158",371991,2025-06-26 06:30:29,42.3997993469238,-8.920578956604,"Female"
"9004158",371991,2025-06-26 06:35:29,42.3997001647949,-8.92054080963135,"Female"
"9004158",371991,2025-06-26 06:40:29,42.3996925354004,-8.92061328887939,"Female"
"9004158",371991,2025-06-26 06:45:29,42.3996772766113,-8.92076396942139,"Female"
"9004158",371991,2025-06-26 06:50:29,42.3995933532715,-8.92075443267822,"Female"
"9004158",371991,2025-06-26 06:55:29,42.399730682373,-8.92070865631104,"Female"
"9004158",371991,2025-06-26 07:00:36,42.3962669372559,-8.90608596801758,"Female"
"9004158",371991,2025-06-26 07:05:51,42.400146484375,-8.90293502807617,"Female"
"9004158",371991,2025-06-26 07:11:01,42.4002418518066,-8.90210056304932,"Female"
"9004158",371991,2025-06-26 07:16:12,42.3995208740234,-8.90176296234131,"Female"
"9004158",371991,2025-06-26 07:21:45,42.3988304138184,-8.90133476257324,"Female"
"9004158",371991,2025-06-26 07:26:44,42.3962593078613,-8.89075565338135,"Female"
"9004158",371991,2025-06-26 07:31:44,42.3971977233887,-8.87691783905029,"Female"
"9004158",371991,2025-06-26 07:36:44,42.3965759277344,-8.86056041717529,"Female"
"9004158",371991,2025-06-26 07:42:15,42.3959312438965,-8.8593635559082,"Female"
"9004158",371991,2025-06-26 07:47:44,42.3952445983887,-8.85896015167236,"Female"
"9004158",371991,2025-06-26 07:53:27,42.3952827453613,-8.85879993438721,"Female"
"9004158",371991,2025-06-26 07:59:20,42.3948402404785,-8.85843753814697,"Female"
"9004158",371991,2025-06-26 08:05:04,42.3945846557617,-8.85789680480957,"Female"
"9004158",371991,2025-06-26 08:10:06,42.3943862915039,-8.85828018188477,"Female"
"9004158",371991,2025-06-26 08:15:39,42.3947105407715,-8.85803699493408,"Female"
"9004158",371991,2025-06-26 08:21:33,42.3944931030273,-8.8589334487915,"Female"
"9004158",371991,2025-06-26 08:26:39,42.3941993713379,-8.8593168258667,"Female"
"9004158",371991,2025-06-26 08:31:41,42.394718170166,-8.86082935333252,"Female"
"9004158",371991,2025-06-26 08:36:39,42.401496887207,-8.88185405731201,"Female"
"9004158",371991,2025-06-26 08:41:39,42.43359375,-8.90761280059814,"Female"
"9004158",371991,2025-06-26 08:46:39,42.4508438110352,-8.9225606918335,"Female"
"9004158",371991,2025-06-26 08:51:39,42.4507751464844,-8.92248058319092,"Female"
"9004158",371991,2025-06-26 08:56:39,42.4508018493652,-8.92240524291992,"Female"
"9004158",371991,2025-06-26 09:01:43,42.4508819580078,-8.92229080200195,"Female"
"9004158",371991,2025-06-26 09:06:39,42.4508094787598,-8.9223804473877,"Female"
"9004158",371991,2025-06-26 09:11:39,42.4509086608887,-8.92228984832764,"Female"
"9004158",371991,2025-06-26 09:16:39,42.4507598876953,-8.9222936630249,"Female"
"9004158",371991,2025-06-26 09:21:39,42.450740814209,-8.92222690582275,"Female"
"9004158",371991,2025-06-26 09:26:39,42.4508819580078,-8.92226886749268,"Female"
"9004158",371991,2025-06-26 09:31:39,42.4509658813477,-8.92222499847412,"Female"
"9004158",371991,2025-06-26 09:36:39,42.450813293457,-8.92212867736816,"Female"
"9004158",371991,2025-06-26 09:41:39,42.4507446289062,-8.92205905914307,"Female"
"9004158",371991,2025-06-26 09:46:39,42.4507675170898,-8.92208290100098,"Female"
"9004158",371991,2025-06-26 09:51:39,42.4507102966309,-8.92190551757812,"Female"
"9004158",371991,2025-06-26 09:56:39,42.4507484436035,-8.92207813262939,"Female"
"9004158",371991,2025-06-26 10:01:39,42.4507789611816,-8.92193031311035,"Female"
"9004158",371991,2025-06-26 10:06:39,42.4507598876953,-8.92206382751465,"Female"
"9004158",371991,2025-06-26 10:11:39,42.4507598876953,-8.92207050323486,"Female"
"9004158",371991,2025-06-26 10:16:39,42.4507255554199,-8.92199516296387,"Female"
"9004158",371991,2025-06-26 10:21:40,42.4507522583008,-8.92186546325684,"Female"
"9004158",371991,2025-06-26 10:26:39,42.4508361816406,-8.92204666137695,"Female"
"9004158",371991,2025-06-26 10:31:39,42.4508018493652,-8.92200088500977,"Female"
"9004158",371991,2025-06-26 10:36:39,42.4507942199707,-8.92206954956055,"Female"
"9004158",371991,2025-06-26 10:41:40,42.4508361816406,-8.92173004150391,"Female"
"9004158",371991,2025-06-26 10:46:41,42.4509086608887,-8.92209053039551,"Female"
"9004158",371991,2025-06-26 10:52:03,42.4512901306152,-8.92201995849609,"Female"
"9004158",371991,2025-06-26 10:57:08,42.4521102905273,-8.92199230194092,"Female"
"9004158",371991,2025-06-26 11:02:32,42.4516792297363,-8.92238998413086,"Female"
"9004158",371991,2025-06-26 11:07:59,42.4517631530762,-8.92251586914062,"Female"
"9004158",371991,2025-06-26 11:13:00,42.4516105651855,-8.92341804504395,"Female"
"9004158",371991,2025-06-26 11:18:13,42.4514694213867,-8.92400550842285,"Female"
"9004158",371991,2025-06-26 11:25:37,42.4505767822266,-8.92425918579102,"Female"
"9004158",371991,2025-06-26 11:30:43,42.4509925842285,-8.92415714263916,"Female"
"9004158",371991,2025-06-26 11:36:04,42.4514579772949,-8.92527198791504,"Female"
"9004158",371991,2025-06-26 11:42:09,42.451789855957,-8.92591762542725,"Female"
"9004158",371991,2025-06-26 11:47:30,42.451717376709,-8.92801284790039,"Female"
"9004158",371991,2025-06-26 11:52:18,42.451301574707,-8.92483806610107,"Female"
"9004158",371991,2025-06-26 11:57:04,42.4520301818848,-8.92472362518311,"Female"
"9004158",371991,2025-06-26 12:02:16,42.451831817627,-8.92428779602051,"Female"
"9004158",371991,2025-06-26 12:07:06,42.4513511657715,-8.92459869384766,"Female"
"9004158",371991,2025-06-26 12:11:56,42.4520378112793,-8.92342758178711,"Female"
"9004158",371991,2025-06-26 12:16:55,42.4509010314941,-8.92494773864746,"Female"
"9004158",371991,2025-06-26 12:21:55,42.4511451721191,-8.92432117462158,"Female"
"9004158",371991,2025-06-26 12:26:55,42.451473236084,-8.92393398284912,"Female"
"9004158",371991,2025-06-26 12:31:54,42.451358795166,-8.92403793334961,"Female"
"9004158",371991,2025-06-26 12:36:55,42.4514923095703,-8.92392158508301,"Female"
"9004158",371991,2025-06-26 12:41:55,42.4514350891113,-8.92396831512451,"Female"
"9004158",371991,2025-06-26 12:46:54,42.4514694213867,-8.92385864257812,"Female"
"9004158",371991,2025-06-26 12:51:54,42.4514350891113,-8.92390823364258,"Female"
"9004158",371991,2025-06-26 12:56:54,42.4514083862305,-8.92387962341309,"Female"
"9004158",371991,2025-06-26 13:01:54,42.4515075683594,-8.9238224029541,"Female"
"9004158",371991,2025-06-26 13:06:54,42.4514579772949,-8.92384052276611,"Female"
"9004158",371991,2025-06-26 13:11:54,42.4514846801758,-8.9237585067749,"Female"
"9004158",371991,2025-06-26 13:16:54,42.4514999389648,-8.92376518249512,"Female"
"9004158",371991,2025-06-26 13:21:55,42.4514999389648,-8.92368793487549,"Female"
"9004158",371991,2025-06-26 13:26:54,42.4516220092773,-8.92373847961426,"Female"
"9004158",371991,2025-06-26 13:31:54,42.4515609741211,-8.92370986938477,"Female"
"9004158",371991,2025-06-26 13:36:54,42.4515838623047,-8.92368984222412,"Female"
"9004158",371991,2025-06-26 13:41:54,42.4516754150391,-8.92354583740234,"Female"
"9004158",371991,2025-06-26 13:46:54,42.4517555236816,-8.92350292205811,"Female"
"9004158",371991,2025-06-26 13:51:54,42.4517784118652,-8.92357540130615,"Female"
"9004158",371991,2025-06-26 13:56:54,42.451789855957,-8.92350482940674,"Female"
"9004158",371991,2025-06-26 14:01:54,42.4518394470215,-8.92353630065918,"Female"
"9004158",371991,2025-06-26 14:06:54,42.4517593383789,-8.92355918884277,"Female"
"9004158",371991,2025-06-26 14:11:54,42.4521980285645,-8.92386817932129,"Female"
"9004158",371991,2025-06-26 14:16:54,42.4521255493164,-8.92385101318359,"Female"
"9004158",371991,2025-06-26 14:21:54,42.4521598815918,-8.92388725280762,"Female"
"9004158",371991,2025-06-26 14:26:54,42.4520721435547,-8.9240779876709,"Female"
"9004158",371991,2025-06-26 14:31:54,42.4520492553711,-8.92404079437256,"Female"
"9004158",371991,2025-06-26 14:36:55,42.4521522521973,-8.92394542694092,"Female"
"9004158",371991,2025-06-26 14:41:54,42.4520263671875,-8.92399501800537,"Female"
"9004158",371991,2025-06-26 14:46:54,42.4520149230957,-8.9240837097168,"Female"
"9004158",371991,2025-06-26 14:51:54,42.4519577026367,-8.92405700683594,"Female"
"9004158",371991,2025-06-26 14:56:54,42.4519004821777,-8.92408466339111,"Female"
"9004158",371991,2025-06-26 15:01:54,42.4519653320312,-8.92402362823486,"Female"
"9004158",371991,2025-06-26 15:06:54,42.4517555236816,-8.92421340942383,"Female"
"9004158",371991,2025-06-26 15:11:54,42.451774597168,-8.92393589019775,"Female"
"9004158",371991,2025-06-26 15:16:55,42.4511909484863,-8.92304515838623,"Female"
"9004158",371991,2025-06-26 15:21:56,42.4509391784668,-8.92317485809326,"Female"
"9004158",371991,2025-06-26 15:26:57,42.4514236450195,-8.92294502258301,"Female"
"9004158",371991,2025-06-26 15:31:57,42.4513854980469,-8.92307090759277,"Female"
"9004158",371991,2025-06-26 15:36:55,42.4514694213867,-8.9231481552124,"Female"
"9004158",371991,2025-06-26 15:42:07,42.4515533447266,-8.9227352142334,"Female"
"9004158",371991,2025-06-26 15:46:55,42.4518241882324,-8.92282390594482,"Female"
"9004158",371991,2025-06-26 15:51:54,42.4518127441406,-8.92280387878418,"Female"
"9004158",371991,2025-06-26 15:56:55,42.4518852233887,-8.92281818389893,"Female"
"9004158",371991,2025-06-26 16:01:54,42.4509887695312,-8.92375469207764,"Female"
"9004158",371991,2025-06-26 16:07:00,42.4518051147461,-8.92284393310547,"Female"
"9004158",371991,2025-06-26 16:12:06,42.451717376709,-8.92293167114258,"Female"
"9004158",371991,2025-06-26 16:16:54,42.4518585205078,-8.92280673980713,"Female"
"9004158",371991,2025-06-26 16:21:56,42.4520492553711,-8.92260265350342,"Female"
"9004158",371991,2025-06-26 16:26:54,42.4520149230957,-8.92269706726074,"Female"
"9004158",371991,2025-06-26 16:31:58,42.4516944885254,-8.92300415039062,"Female"
"9004158",371991,2025-06-26 16:36:54,42.4518051147461,-8.92293453216553,"Female"
"9004158",371991,2025-06-26 16:41:54,42.4519653320312,-8.92280769348145,"Female"
"9004158",371991,2025-06-26 16:46:54,42.4518394470215,-8.92291831970215,"Female"
"9004158",371991,2025-06-26 16:51:54,42.4518775939941,-8.92291831970215,"Female"
"9004158",371991,2025-06-26 16:56:54,42.4518432617188,-8.92297554016113,"Female"
"9004158",371991,2025-06-26 17:01:54,42.4518051147461,-8.92300987243652,"Female"
"9004158",371991,2025-06-26 17:06:54,42.4518508911133,-8.92301464080811,"Female"
"9004158",371991,2025-06-26 17:11:54,42.4518013000488,-8.92310333251953,"Female"
"9004158",371991,2025-06-26 17:16:54,42.4518127441406,-8.92304420471191,"Female"
"9004158",371991,2025-06-26 17:22:10,42.4518661499023,-8.92463397979736,"Female"
"9004158",371991,2025-06-26 17:27:01,42.4514236450195,-8.92491054534912,"Female"
"9004158",371991,2025-06-26 17:32:16,42.4519119262695,-8.92450046539307,"Female"
"9004158",371991,2025-06-26 17:37:36,42.4515647888184,-8.92361354827881,"Female"
"9004158",371991,2025-06-26 17:43:08,42.4517097473145,-8.9230375289917,"Female"
"9004158",371991,2025-06-26 17:49:19,42.451057434082,-8.92244243621826,"Female"
"9004158",371991,2025-06-26 17:55:02,42.4513664245605,-8.92286586761475,"Female"
"9004158",371991,2025-06-26 18:00:02,42.4512405395508,-8.92243766784668,"Female"
"9004158",371991,2025-06-26 18:05:02,42.4512214660645,-8.92244052886963,"Female"
"9004158",371991,2025-06-26 18:10:02,42.4512100219727,-8.92243003845215,"Female"
"9004158",371991,2025-06-26 18:15:02,42.4511413574219,-8.9224328994751,"Female"
"9004158",371991,2025-06-26 18:20:02,42.4511642456055,-8.92241668701172,"Female"
"9004158",371991,2025-06-26 18:25:02,42.4511489868164,-8.92247009277344,"Female"
"9004158",371991,2025-06-26 18:30:02,42.4511108398438,-8.92245960235596,"Female"
"9004158",371991,2025-06-26 18:35:02,42.4511528015137,-8.92247772216797,"Female"
"9004158",371991,2025-06-26 18:40:02,42.451114654541,-8.92244529724121,"Female"
"9004158",371991,2025-06-26 18:45:02,42.4510269165039,-8.92235660552979,"Female"
"9004158",371991,2025-06-26 18:50:02,42.4235916137695,-8.9217643737793,"Female"
"9004158",371991,2025-06-26 18:55:02,42.4001197814941,-8.92219829559326,"Female"
"9004158",371991,2025-06-26 19:00:02,42.3994216918945,-8.92253494262695,"Female"
"9004158",371991,2025-06-26 19:05:02,42.4000854492188,-8.92211437225342,"Female"
"9004158",371991,2025-06-26 19:10:02,42.4000244140625,-8.92226219177246,"Female"
"9004158",371991,2025-06-26 19:15:07,42.4004325866699,-8.92240047454834,"Female"
"9004158",371991,2025-06-26 19:20:06,42.3996543884277,-8.92338180541992,"Female"
"9004158",371991,2025-06-26 19:25:26,42.3985290527344,-8.92193412780762,"Female"
"9004158",371991,2025-06-26 19:30:11,42.3984451293945,-8.91822242736816,"Female"
"9004158",371991,2025-06-26 19:35:13,42.3982353210449,-8.91923141479492,"Female"
"9004158",371991,2025-06-26 19:40:11,42.3981895446777,-8.91982364654541,"Female"
"9004158",371991,2025-06-26 19:45:11,42.3985023498535,-8.92023754119873,"Female"
"9004158",371991,2025-06-26 19:50:10,42.3980293273926,-8.92043685913086,"Female"
"9004158",371991,2025-06-26 19:55:09,42.3991394042969,-8.9213228225708,"Female"
"9004158",371991,2025-06-26 20:00:20,42.3993949890137,-8.92299461364746,"Female"
"9004158",371991,2025-06-26 20:05:12,42.4028625488281,-8.9213171005249,"Female"
"9004158",371991,2025-06-26 20:10:13,42.3990249633789,-8.9212007522583,"Female"
"9004158",371991,2025-06-26 20:15:20,42.400146484375,-8.92237186431885,"Female"
"9004158",371991,2025-06-26 20:20:13,42.4001922607422,-8.92245674133301,"Female"
"9004158",371991,2025-06-26 20:25:15,42.4003143310547,-8.92254543304443,"Female"
"9004158",371991,2025-06-26 20:30:38,42.4002113342285,-8.92236328125,"Female"
"9004158",371991,2025-06-26 20:35:44,42.3991851806641,-8.92254829406738,"Female"
"9004158",371991,2025-06-26 20:40:16,42.4006195068359,-8.92248153686523,"Female"
"9004158",371991,2025-06-26 20:45:13,42.3992080688477,-8.92275047302246,"Female"
"9004158",371991,2025-06-26 20:50:46,42.3998908996582,-8.92261505126953,"Female"
"9004158",371991,2025-06-26 20:55:59,42.3994750976562,-8.92235374450684,"Female"
"9004158",371991,2025-06-26 21:00:12,42.3995246887207,-8.92244911193848,"Female"
"9004158",371991,2025-06-26 21:05:09,42.3995208740234,-8.92236518859863,"Female"
"9004158",371991,2025-06-26 21:10:13,42.3995475769043,-8.92245960235596,"Female"
"9004158",371991,2025-06-26 21:15:12,42.399543762207,-8.92214965820312,"Female"
"9004158",371991,2025-06-26 21:20:17,42.3994064331055,-8.92243099212646,"Female"
"9004158",371991,2025-06-26 21:25:15,42.3994903564453,-8.92240428924561,"Female"
"9004158",371991,2025-06-26 21:30:22,42.3996238708496,-8.92214775085449,"Female"
"9004158",371991,2025-06-26 21:35:09,42.3993301391602,-8.92184925079346,"Female"
"9004158",371991,2025-06-26 21:40:10,42.3997840881348,-8.9222240447998,"Female"
"9004158",371991,2025-06-26 21:45:17,42.3995475769043,-8.92193698883057,"Female"
"9004158",371991,2025-06-26 21:50:10,42.3997116088867,-8.9223461151123,"Female"
"9004158",371991,2025-06-26 21:55:10,42.4005889892578,-8.9227294921875,"Female"
"9004158",371991,2025-06-26 22:00:11,42.4009170532227,-8.92248058319092,"Female"
"9004158",371991,2025-06-26 22:05:10,42.4003944396973,-8.9223575592041,"Female"
"9004158",371991,2025-06-26 22:10:11,42.3999404907227,-8.92219352722168,"Female"
"9004158",371991,2025-06-26 22:15:12,42.4002380371094,-8.92251777648926,"Female"
"9004158",371991,2025-06-26 22:20:18,42.3989868164062,-8.92189788818359,"Female"
"9004158",371991,2025-06-26 22:25:12,42.3993492126465,-8.92190265655518,"Female"
"9004158",371991,2025-06-26 22:30:12,42.3994560241699,-8.92216491699219,"Female"
"9004158",371991,2025-06-26 22:35:13,42.399341583252,-8.92228698730469,"Female"
"9004158",371991,2025-06-26 22:40:32,42.3993530273438,-8.92187976837158,"Female"
"9004158",371991,2025-06-26 22:45:13,42.3994216918945,-8.92229461669922,"Female"
"9004158",371991,2025-06-26 22:50:15,42.3994331359863,-8.92204284667969,"Female"
"9004158",371991,2025-06-26 22:55:10,42.3995933532715,-8.92214298248291,"Female"
"9004158",371991,2025-06-26 23:00:11,42.3994750976562,-8.92197418212891,"Female"
"9004158",371991,2025-06-26 23:05:13,42.3993873596191,-8.92228984832764,"Female"
"9004158",371991,2025-06-26 23:10:11,42.3993759155273,-8.92218494415283,"Female"
"9004158",371991,2025-06-26 23:15:11,42.3993453979492,-8.92220592498779,"Female"
"9004158",371991,2025-06-26 23:20:33,42.399040222168,-8.92233753204346,"Female"
"9004158",371991,2025-06-26 23:25:37,42.3993453979492,-8.92214488983154,"Female"
"9004158",371991,2025-06-26 23:30:33,42.3992080688477,-8.9222993850708,"Female"
"9004158",371991,2025-06-26 23:35:39,42.3993721008301,-8.92235469818115,"Female"
"9004158",371991,2025-06-26 23:40:38,42.3993797302246,-8.92207717895508,"Female"
"9004158",371991,2025-06-26 23:45:33,42.3991012573242,-8.92224311828613,"Female"
"9004158",371991,2025-06-26 23:50:34,42.3993110656738,-8.92218589782715,"Female"
"9004158",371991,2025-06-26 23:55:36,42.3989944458008,-8.92228221893311,"Female"
"9004158",371991,2025-06-27 00:01:11,42.3993377685547,-8.922287940979,"Female"
"9004158",371991,2025-06-27 00:05:36,42.3993721008301,-8.92220115661621,"Female"
"9004158",371991,2025-06-27 00:10:40,42.3983306884766,-8.92256641387939,"Female"
"9004158",371991,2025-06-27 00:15:36,42.3996315002441,-8.92241287231445,"Female"
"9004158",371991,2025-06-27 00:20:53,42.3995094299316,-8.9223518371582,"Female"
"9004158",371991,2025-06-27 00:25:54,42.3994979858398,-8.92245197296143,"Female"
"9004158",371991,2025-06-27 00:30:41,42.3994483947754,-8.92243671417236,"Female"
"9004158",371991,2025-06-27 00:35:44,42.3993225097656,-8.92174053192139,"Female"
"9004158",371991,2025-06-27 00:40:39,42.3994293212891,-8.92231750488281,"Female"
"9004158",371991,2025-06-27 00:45:42,42.3993835449219,-8.92238140106201,"Female"
"9004158",371991,2025-06-27 00:50:40,42.3993492126465,-8.92280673980713,"Female"
"9004158",371991,2025-06-27 00:55:39,42.3995323181152,-8.92224502563477,"Female"
"9004158",371991,2025-06-27 01:00:39,42.3995208740234,-8.92230415344238,"Female"
"9004158",371991,2025-06-27 01:05:42,42.3992309570312,-8.92206382751465,"Female"
"9004158",371991,2025-06-27 01:11:41,42.3993682861328,-8.92205905914307,"Female"
"9004158",371991,2025-06-27 01:15:44,42.3993301391602,-8.92209529876709,"Female"
"9004158",371991,2025-06-27 01:20:39,42.3993148803711,-8.9221773147583,"Female"
"9004158",371991,2025-06-27 01:26:37,42.3993721008301,-8.92212963104248,"Female"
"9004158",371991,2025-06-27 01:30:44,42.3996658325195,-8.92212963104248,"Female"
"9004158",371991,2025-06-27 01:35:48,42.399585723877,-8.92223358154297,"Female"
"9004158",371991,2025-06-27 01:40:33,42.3995666503906,-8.92244529724121,"Female"
"9004158",371991,2025-06-27 01:45:38,42.3995018005371,-8.92203903198242,"Female"
"9004158",371991,2025-06-27 01:50:40,42.3993988037109,-8.92202758789062,"Female"
"9004158",371991,2025-06-27 01:55:32,42.3991928100586,-8.92178726196289,"Female"
"9004158",371991,2025-06-27 02:00:39,42.399242401123,-8.92219924926758,"Female"
"9004158",371991,2025-06-27 02:05:37,42.3992462158203,-8.92219066619873,"Female"
"9004158",371991,2025-06-27 02:10:39,42.3993492126465,-8.92227172851562,"Female"
"9004158",371991,2025-06-27 02:15:33,42.3993835449219,-8.92213916778564,"Female"
"9004158",371991,2025-06-27 02:20:34,42.3993721008301,-8.92214107513428,"Female"
"9004158",371991,2025-06-27 02:25:33,42.3994026184082,-8.9226131439209,"Female"
"9004158",371991,2025-06-27 02:30:33,42.4000968933105,-8.92273902893066,"Female"
"9004158",371991,2025-06-27 02:35:33,42.3992691040039,-8.92159557342529,"Female"
"9004158",371991,2025-06-27 02:40:31,42.399299621582,-8.92138290405273,"Female"
"9004158",371991,2025-06-27 02:45:32,42.4002113342285,-8.92263507843018,"Female"
"9004158",371991,2025-06-27 02:50:34,42.400260925293,-8.92248249053955,"Female"
"9004158",371991,2025-06-27 02:55:34,42.4003486633301,-8.92244434356689,"Female"
"9004158",371991,2025-06-27 03:00:33,42.4001731872559,-8.92233467102051,"Female"
"9004158",371991,2025-06-27 03:05:39,42.4000015258789,-8.92216491699219,"Female"
"9004158",371991,2025-06-27 03:10:33,42.3998527526855,-8.92207622528076,"Female"
"9004158",371991,2025-06-27 03:15:39,42.3997840881348,-8.92211151123047,"Female"
"9004158",371991,2025-06-27 03:20:32,42.3998870849609,-8.92286586761475,"Female"
"9004158",371991,2025-06-27 03:25:51,42.3997268676758,-8.92202377319336,"Female"
"9004158",371991,2025-06-27 03:30:37,42.3996124267578,-8.92203617095947,"Female"
"9004158",371991,2025-06-27 03:35:36,42.3997077941895,-8.92207527160645,"Female"
"9004158",371991,2025-06-27 03:41:05,42.3993530273438,-8.92208576202393,"Female"
"9004158",371991,2025-06-27 03:45:34,42.3993301391602,-8.92195129394531,"Female"
"9004158",371991,2025-06-27 03:50:36,42.3992614746094,-8.92194557189941,"Female"
"9004158",371991,2025-06-27 03:55:44,42.399299621582,-8.92202758789062,"Female"
"9004158",371991,2025-06-27 04:00:36,42.3992919921875,-8.92201614379883,"Female"
"9004158",371991,2025-06-27 04:05:39,42.3993873596191,-8.92194747924805,"Female"
"9004158",371991,2025-06-27 04:10:33,42.3992881774902,-8.92257881164551,"Female"
"9004158",371991,2025-06-27 04:15:39,42.3992691040039,-8.92200469970703,"Female"
"9004158",371991,2025-06-27 04:20:33,42.3992233276367,-8.92178058624268,"Female"
"9004158",371991,2025-06-27 04:25:39,42.399356842041,-8.92228221893311,"Female"
"9004158",371991,2025-06-27 04:30:33,42.3992195129395,-8.92249774932861,"Female"
"9004158",371991,2025-06-27 04:35:30,42.3984718322754,-8.92064571380615,"Female"
"9004158",371991,2025-06-27 04:40:30,42.3985252380371,-8.92055797576904,"Female"
"9004158",371991,2025-06-27 04:45:30,42.397705078125,-8.92042541503906,"Female"
"9004158",371991,2025-06-27 04:50:30,42.3977470397949,-8.92032051086426,"Female"
"9004158",371991,2025-06-27 04:55:30,42.3977432250977,-8.92031288146973,"Female"
"9004158",371991,2025-06-27 05:00:31,42.3976364135742,-8.92044734954834,"Female"
"9004158",371991,2025-06-27 05:05:30,42.3976097106934,-8.92047691345215,"Female"
"9004158",371991,2025-06-27 05:10:31,42.3979454040527,-8.91995048522949,"Female"
"9004158",371991,2025-06-27 05:15:32,42.3976516723633,-8.92041110992432,"Female"
"9004158",371991,2025-06-27 05:20:32,42.397705078125,-8.92027473449707,"Female"
"9004158",371991,2025-06-27 05:25:30,42.3977470397949,-8.92031764984131,"Female"
"9004158",371991,2025-06-27 05:30:30,42.3976974487305,-8.92028903961182,"Female"
"9004158",371991,2025-06-27 05:35:30,42.3977584838867,-8.92021560668945,"Female"
"9004158",371991,2025-06-27 05:40:31,42.3978462219238,-8.92026710510254,"Female"
"9004158",371991,2025-06-27 05:45:30,42.3978691101074,-8.92017459869385,"Female"
"9004158",371991,2025-06-27 05:50:30,42.3978881835938,-8.92022037506104,"Female"
"9004158",371991,2025-06-27 05:55:30,42.3978385925293,-8.9202356338501,"Female"
"9004158",371991,2025-06-27 06:00:30,42.3978958129883,-8.92025756835938,"Female"
"9004158",371991,2025-06-27 06:05:30,42.3980445861816,-8.92028999328613,"Female"
"9004158",371991,2025-06-27 06:10:30,42.3980255126953,-8.92043018341064,"Female"
"9004158",371991,2025-06-27 06:15:30,42.398006439209,-8.92026996612549,"Female"
"9004158",371991,2025-06-27 06:20:30,42.3980484008789,-8.92012405395508,"Female"
"9004158",371991,2025-06-27 06:25:30,42.398021697998,-8.92037296295166,"Female"
"9004158",371991,2025-06-27 06:30:30,42.4031867980957,-8.89763832092285,"Female"
"9004158",371991,2025-06-27 06:35:31,42.4031867980957,-8.89664173126221,"Female"
"9004158",371991,2025-06-27 06:40:30,42.403938293457,-8.89123249053955,"Female"
"9004158",371991,2025-06-27 06:45:31,42.4059562683105,-8.88273525238037,"Female"
"9004158",371991,2025-06-27 06:51:01,42.405891418457,-8.88035106658936,"Female"
"9004158",371991,2025-06-27 06:56:00,42.4057159423828,-8.87992382049561,"Female"
"9004158",371991,2025-06-27 07:02:01,42.4055061340332,-8.87944412231445,"Female"
"9004158",371991,2025-06-27 07:07:10,42.406177520752,-8.8804988861084,"Female"
"9004158",371991,2025-06-27 07:12:10,42.4077796936035,-8.88099575042725,"Female"
"9004158",371991,2025-06-27 07:17:10,42.4339790344238,-8.90774917602539,"Female"
"9004158",371991,2025-06-27 07:22:09,42.4510688781738,-8.92277336120605,"Female"
"9004158",371991,2025-06-27 07:27:09,42.4510269165039,-8.92274570465088,"Female"
"9004158",371991,2025-06-27 07:32:09,42.4510269165039,-8.92268753051758,"Female"
"9004158",371991,2025-06-27 07:37:09,42.451114654541,-8.92262363433838,"Female"
"9004158",371991,2025-06-27 07:42:10,42.4509887695312,-8.92267608642578,"Female"
"9004158",371991,2025-06-27 07:47:10,42.4509429931641,-8.922532081604,"Female"
"9004158",371991,2025-06-27 07:52:09,42.4508628845215,-8.92275905609131,"Female"
"9004158",371991,2025-06-27 07:57:33,42.451042175293,-8.92264461517334,"Female"
"9004158",371991,2025-06-27 08:02:09,42.4539070129395,-8.92370414733887,"Female"
"9004158",371991,2025-06-27 08:07:14,42.4533195495605,-8.92363834381104,"Female"
"9004158",371991,2025-06-27 08:12:09,42.4527244567871,-8.92428112030029,"Female"
"9004158",371991,2025-06-27 08:17:29,42.4523887634277,-8.92406177520752,"Female"
"9004158",371991,2025-06-27 08:22:28,42.4519309997559,-8.92362117767334,"Female"
"9004158",371991,2025-06-27 08:27:36,42.4516220092773,-8.92385292053223,"Female"
"9004158",371991,2025-06-27 08:32:28,42.451488494873,-8.92410755157471,"Female"
"9004158",371991,2025-06-27 08:37:28,42.4515228271484,-8.92409610748291,"Female"
"9004158",371991,2025-06-27 08:42:28,42.4515266418457,-8.92407703399658,"Female"
"9004158",371991,2025-06-27 08:47:28,42.4515953063965,-8.92428970336914,"Female"
"9004158",371991,2025-06-27 08:52:28,42.4515419006348,-8.92408466339111,"Female"
"9004158",371991,2025-06-27 08:57:44,42.4515953063965,-8.9241361618042,"Female"
"9004158",371991,2025-06-27 09:02:27,42.4516258239746,-8.92403316497803,"Female"
"9004158",371991,2025-06-27 09:07:28,42.4515419006348,-8.92398071289062,"Female"
"9004158",371991,2025-06-27 09:12:28,42.4515762329102,-8.92406940460205,"Female"
"9004158",371991,2025-06-27 09:17:28,42.4515495300293,-8.92420768737793,"Female"
"9004158",371991,2025-06-27 09:22:32,42.4511299133301,-8.92445945739746,"Female"
"9004158",371991,2025-06-27 09:27:59,42.4513244628906,-8.9235258102417,"Female"
"9004158",371991,2025-06-27 09:33:01,42.4516410827637,-8.92306613922119,"Female"
"9004158",371991,2025-06-27 09:38:29,42.4525299072266,-8.92373943328857,"Female"
"9004158",371991,2025-06-27 09:43:27,42.4531059265137,-8.92348670959473,"Female"
"9004158",371991,2025-06-27 09:48:29,42.4531860351562,-8.92347431182861,"Female"
"9004158",371991,2025-06-27 09:53:36,42.4532508850098,-8.92348766326904,"Female"
"9004158",371991,2025-06-27 09:58:44,42.4532814025879,-8.92353630065918,"Female"
"9004158",371991,2025-06-27 10:03:27,42.4531288146973,-8.92366313934326,"Female"
"9004158",371991,2025-06-27 10:08:26,42.4531326293945,-8.92353343963623,"Female"
"9004158",371991,2025-06-27 10:13:26,42.4531440734863,-8.9234561920166,"Female"
"9004158",371991,2025-06-27 10:18:26,42.4531326293945,-8.92351055145264,"Female"
"9004158",371991,2025-06-27 10:23:28,42.4531288146973,-8.92351245880127,"Female"
"9004158",371991,2025-06-27 10:28:26,42.4531288146973,-8.92354202270508,"Female"
"9004158",371991,2025-06-27 10:33:26,42.453125,-8.92346000671387,"Female"
"9004158",371991,2025-06-27 10:38:26,42.4530982971191,-8.92352962493896,"Female"
"9004158",371991,2025-06-27 10:43:26,42.4531135559082,-8.92355918884277,"Female"
"9004158",371991,2025-06-27 10:48:44,42.4529838562012,-8.92341613769531,"Female"
"9004158",371991,2025-06-27 10:53:30,42.4530220031738,-8.92290115356445,"Female"
"9004158",371991,2025-06-27 10:58:27,42.4531173706055,-8.92309379577637,"Female"
"9004158",371991,2025-06-27 11:03:27,42.4530906677246,-8.92303848266602,"Female"
"9004158",371991,2025-06-27 11:08:28,42.4531631469727,-8.92337799072266,"Female"
"9004158",371991,2025-06-27 11:13:34,42.4531288146973,-8.92343807220459,"Female"
"9004158",371991,2025-06-27 11:18:26,42.4534225463867,-8.92296028137207,"Female"
"9004158",371991,2025-06-27 11:24:29,42.4542846679688,-8.92277336120605,"Female"
"9004158",371991,2025-06-27 11:29:51,42.4549369812012,-8.92150592803955,"Female"
"9004158",371991,2025-06-27 11:35:58,42.4541893005371,-8.92186164855957,"Female"
"9004158",371991,2025-06-27 11:41:05,42.4553070068359,-8.9188871383667,"Female"
"9004158",371991,2025-06-27 11:47:04,42.4558868408203,-8.92014312744141,"Female"
"9004158",371991,2025-06-27 11:54:26,42.4568977355957,-8.92035961151123,"Female"
"9004158",371991,2025-06-27 11:59:44,42.4564361572266,-8.92207336425781,"Female"
"9004158",371991,2025-06-27 12:04:38,42.4561576843262,-8.9212474822998,"Female"
"9004158",371991,2025-06-27 12:09:21,42.4561195373535,-8.92062759399414,"Female"
"9004158",371991,2025-06-27 12:14:44,42.4565811157227,-8.92077541351318,"Female"
"9004158",371991,2025-06-27 12:19:16,42.4582595825195,-8.91833019256592,"Female"
"9004158",371991,2025-06-27 12:25:39,42.4526329040527,-8.92080783843994,"Female"
"9004158",371991,2025-06-27 12:31:17,42.4555587768555,-8.91880226135254,"Female"
"9004158",371991,2025-06-27 12:36:04,42.4564743041992,-8.91836643218994,"Female"
"9004158",371991,2025-06-27 12:40:53,42.4551315307617,-8.91880989074707,"Female"
"9004158",371991,2025-06-27 12:46:02,42.455394744873,-8.918044090271,"Female"
"9004158",371991,2025-06-27 12:51:04,42.4551315307617,-8.92008495330811,"Female"
"9004158",371991,2025-06-27 12:55:47,42.4549293518066,-8.92011451721191,"Female"
"9004158",371991,2025-06-27 13:00:47,42.4549102783203,-8.92016983032227,"Female"
"9004158",371991,2025-06-27 13:05:47,42.4549827575684,-8.92017650604248,"Female"
"9004158",371991,2025-06-27 13:10:47,42.454891204834,-8.92017078399658,"Female"
"9004158",371991,2025-06-27 13:15:48,42.4550476074219,-8.92032909393311,"Female"
"9004158",371991,2025-06-27 13:20:47,42.4549827575684,-8.92014408111572,"Female"
"9004158",371991,2025-06-27 13:25:47,42.4549865722656,-8.92009544372559,"Female"
"9004158",371991,2025-06-27 13:30:48,42.4549407958984,-8.92012977600098,"Female"
"9004158",371991,2025-06-27 13:35:48,42.455005645752,-8.92016410827637,"Female"
"9004158",371991,2025-06-27 13:40:47,42.4549560546875,-8.92010974884033,"Female"
"9004158",371991,2025-06-27 13:45:47,42.4547996520996,-8.91997528076172,"Female"
"9004158",371991,2025-06-27 13:50:47,42.4549179077148,-8.92010307312012,"Female"
"9004158",371991,2025-06-27 13:55:47,42.4549865722656,-8.92017650604248,"Female"
"9004158",371991,2025-06-27 14:00:47,42.4548301696777,-8.91998958587646,"Female"
"9004158",371991,2025-06-27 14:05:47,42.4549789428711,-8.92006397247314,"Female"
"9004158",371991,2025-06-27 14:11:14,42.4549407958984,-8.92009162902832,"Female"
"9004158",371991,2025-06-27 14:15:47,42.4548110961914,-8.91998195648193,"Female"
"9004158",371991,2025-06-27 14:20:55,42.4560165405273,-8.92002487182617,"Female"
"9004158",371991,2025-06-27 14:25:53,42.455810546875,-8.91972255706787,"Female"
"9004158",371991,2025-06-27 14:30:53,42.4560775756836,-8.91966533660889,"Female"
"9004158",371991,2025-06-27 14:35:57,42.4562301635742,-8.91958808898926,"Female"
"9004158",371991,2025-06-27 14:41:15,42.4560165405273,-8.92055320739746,"Female"
"9004158",371991,2025-06-27 14:46:18,42.4558601379395,-8.92122745513916,"Female"
"9004158",371991,2025-06-27 14:51:20,42.455982208252,-8.92135334014893,"Female"
"9004158",371991,2025-06-27 14:56:19,42.4553489685059,-8.92041015625,"Female"
"9004158",371991,2025-06-27 15:01:20,42.4546928405762,-8.91874980926514,"Female"
"9004158",371991,2025-06-27 15:06:53,42.454647064209,-8.91852951049805,"Female"
"9004158",371991,2025-06-27 15:11:17,42.4546585083008,-8.91854763031006,"Female"
"9004158",371991,2025-06-27 15:16:18,42.4546432495117,-8.91851997375488,"Female"
"9004158",371991,2025-06-27 15:21:18,42.4546012878418,-8.91849899291992,"Female"
"9004158",371991,2025-06-27 15:26:19,42.454647064209,-8.91851234436035,"Female"
"9004158",371991,2025-06-27 15:31:21,42.4546318054199,-8.91848278045654,"Female"
"9004158",371991,2025-06-27 15:36:19,42.4546012878418,-8.91850852966309,"Female"
"9004158",371991,2025-06-27 15:41:18,42.454662322998,-8.91845607757568,"Female"
"9004158",371991,2025-06-27 15:46:19,42.4545555114746,-8.91845226287842,"Female"
"9004158",371991,2025-06-27 15:51:19,42.4545745849609,-8.91841983795166,"Female"
"9004158",371991,2025-06-27 15:56:19,42.4547882080078,-8.91867256164551,"Female"
"9004158",371991,2025-06-27 16:01:19,42.454647064209,-8.91849231719971,"Female"
"9004158",371991,2025-06-27 16:06:21,42.4546089172363,-8.91836738586426,"Female"
"9004158",371991,2025-06-27 16:11:19,42.4547958374023,-8.91870594024658,"Female"
"9004158",371991,2025-06-27 16:16:23,42.4546127319336,-8.91835498809814,"Female"
"9004158",371991,2025-06-27 16:21:21,42.4546394348145,-8.91836452484131,"Female"
"9004158",371991,2025-06-27 16:26:23,42.45458984375,-8.91835403442383,"Female"
"9004158",371991,2025-06-27 16:31:21,42.4546813964844,-8.91845512390137,"Female"
"9004158",371991,2025-06-27 16:36:21,42.4547653198242,-8.91863441467285,"Female"
"9004158",371991,2025-06-27 16:41:20,42.4547233581543,-8.9186544418335,"Female"
"9004158",371991,2025-06-27 16:46:25,42.4546661376953,-8.91842269897461,"Female"
"9004158",371991,2025-06-27 16:51:20,42.4548377990723,-8.91880893707275,"Female"
"9004158",371991,2025-06-27 16:56:21,42.4547920227051,-8.91873168945312,"Female"
"9004158",371991,2025-06-27 17:01:21,42.4548072814941,-8.91879940032959,"Female"
"9004158",371991,2025-06-27 17:06:20,42.4548301696777,-8.91885757446289,"Female"
"9004158",371991,2025-06-27 17:11:43,42.454647064209,-8.91841602325439,"Female"
"9004158",371991,2025-06-27 17:16:19,42.4547348022461,-8.91867828369141,"Female"
"9004158",371991,2025-06-27 17:21:19,42.4547004699707,-8.91862773895264,"Female"
"9004158",371991,2025-06-27 17:26:19,42.4546508789062,-8.91849422454834,"Female"
"9004158",371991,2025-06-27 17:31:19,42.4547691345215,-8.91873931884766,"Female"
"9004158",371991,2025-06-27 17:36:19,42.4532165527344,-8.92193222045898,"Female"
"9004158",371991,2025-06-27 17:41:21,42.4509201049805,-8.92249584197998,"Female"
"9004158",371991,2025-06-27 17:46:44,42.4508247375488,-8.92228698730469,"Female"
"9004158",371991,2025-06-27 17:51:19,42.4508476257324,-8.92234230041504,"Female"
"9004158",371991,2025-06-27 17:56:20,42.4508361816406,-8.92237281799316,"Female"
"9004158",371991,2025-06-27 18:01:19,42.4509048461914,-8.9222993850708,"Female"
"9004158",371991,2025-06-27 18:06:19,42.450855255127,-8.92235946655273,"Female"
"9004158",371991,2025-06-27 18:11:19,42.4508323669434,-8.92221641540527,"Female"
"9004158",371991,2025-06-27 18:16:19,42.4508056640625,-8.92221450805664,"Female"
"9004158",371991,2025-06-27 18:21:19,42.4508018493652,-8.92228126525879,"Female"
"9004158",371991,2025-06-27 18:26:19,42.4508285522461,-8.92227268218994,"Female"
"9004158",371991,2025-06-27 18:31:20,42.4504356384277,-8.92188739776611,"Female"
"9004158",371991,2025-06-27 18:36:43,42.4507827758789,-8.9228982925415,"Female"
"9004158",371991,2025-06-27 18:41:20,42.4506607055664,-8.9227933883667,"Female"
"9004158",371991,2025-06-27 18:46:19,42.450798034668,-8.92275047302246,"Female"
"9004158",371991,2025-06-27 18:51:19,42.4510269165039,-8.92290019989014,"Female"
"9004158",371991,2025-06-27 18:56:19,42.450813293457,-8.92297077178955,"Female"
"9004158",371991,2025-06-27 19:01:19,42.4508399963379,-8.92271423339844,"Female"
"9004158",371991,2025-06-27 19:06:23,42.4510459899902,-8.92301273345947,"Female"
"9004158",371991,2025-06-27 19:11:24,42.4509696960449,-8.92289543151855,"Female"
"9004158",371991,2025-06-27 19:16:21,42.4497604370117,-8.92226696014404,"Female"
"9004158",371991,2025-06-27 19:21:21,42.4511299133301,-8.92315483093262,"Female"
"9004158",371991,2025-06-27 19:26:21,42.4212646484375,-8.92347812652588,"Female"
"9004158",371991,2025-06-27 19:31:44,42.3978080749512,-8.92262744903564,"Female"
"9004158",371991,2025-06-27 19:36:20,42.3978500366211,-8.92279243469238,"Female"
"9004158",371991,2025-06-27 19:41:23,42.3972854614258,-8.92257213592529,"Female"
"9004158",371991,2025-06-27 19:46:24,42.3964157104492,-8.92183017730713,"Female"
"9004158",371991,2025-06-27 19:51:28,42.399055480957,-8.92221069335938,"Female"
"9004158",371991,2025-06-27 19:56:28,42.398853302002,-8.92253303527832,"Female"
"9004158",371991,2025-06-27 20:01:25,42.398551940918,-8.92221641540527,"Female"
"9004158",371991,2025-06-27 20:06:23,42.3971672058105,-8.92285251617432,"Female"
"9004158",371991,2025-06-27 20:11:29,42.3989639282227,-8.9228572845459,"Female"
"9004158",371991,2025-06-27 20:16:23,42.3991470336914,-8.9213809967041,"Female"
"9004158",371991,2025-06-27 20:21:24,42.3991928100586,-8.92166614532471,"Female"
"9004158",371991,2025-06-27 20:26:28,42.3994598388672,-8.92290306091309,"Female"
"9004158",371991,2025-06-27 20:31:38,42.399471282959,-8.92311096191406,"Female"
"9004158",371991,2025-06-27 20:36:28,42.3996238708496,-8.92397975921631,"Female"
"9004158",371991,2025-06-27 20:41:31,42.3993339538574,-8.92289543151855,"Female"
"9004158",371991,2025-06-27 20:51:44,42.3985404968262,-8.92138290405273,"Female"
"9004158",371991,2025-06-27 20:56:25,42.3986549377441,-8.92172145843506,"Female"
"9004158",371991,2025-06-27 21:01:30,42.3992614746094,-8.92225933074951,"Female"
"9004158",371991,2025-06-27 21:06:21,42.3991470336914,-8.92133617401123,"Female"
"9004158",371991,2025-06-27 21:11:22,42.3991088867188,-8.92155838012695,"Female"
"9004158",371991,2025-06-27 21:16:22,42.3988647460938,-8.92155933380127,"Female"
"9004158",371991,2025-06-27 21:21:19,42.3992919921875,-8.92175579071045,"Female"
"9004158",371991,2025-06-27 21:26:28,42.3986663818359,-8.92198371887207,"Female"
"9004158",371991,2025-06-27 21:31:19,42.3989524841309,-8.92209815979004,"Female"
"9004158",371991,2025-06-27 21:36:20,42.3988571166992,-8.92191028594971,"Female"
"9004158",371991,2025-06-27 21:42:07,42.4031295776367,-8.92398929595947,"Female"
"9004158",371991,2025-06-27 21:46:19,42.3999633789062,-8.92260265350342,"Female"
"9004158",371991,2025-06-27 21:51:34,42.3978996276855,-8.92237377166748,"Female"
"9004158",371991,2025-06-27 21:56:29,42.39794921875,-8.92240619659424,"Female"
"9004158",371991,2025-06-27 22:01:30,42.398998260498,-8.92245483398438,"Female"
"9004158",371991,2025-06-27 22:06:30,42.3990821838379,-8.92244529724121,"Female"
"9004158",371991,2025-06-27 22:11:33,42.3989944458008,-8.92218780517578,"Female"
"9004158",371991,2025-06-27 22:16:25,42.3993225097656,-8.92254638671875,"Female"
"9004158",371991,2025-06-27 22:21:23,42.4006958007812,-8.92233085632324,"Female"
"9004158",371991,2025-06-27 22:26:25,42.3992919921875,-8.92246246337891,"Female"
"9004158",371991,2025-06-27 22:31:30,42.399227142334,-8.92244815826416,"Female"
"9004158",371991,2025-06-27 22:36:46,42.3994445800781,-8.92275619506836,"Female"
"9004158",371991,2025-06-27 22:41:27,42.3987998962402,-8.92222690582275,"Female"
"9004158",371991,2025-06-27 22:46:28,42.3983306884766,-8.92249298095703,"Female"
"9004158",371991,2025-06-27 22:51:29,42.3990631103516,-8.921950340271,"Female"
"9004158",371991,2025-06-27 22:56:27,42.3998794555664,-8.92221450805664,"Female"
"9004158",371991,2025-06-27 23:01:29,42.3989944458008,-8.92222213745117,"Female"
"9004158",371991,2025-06-27 23:06:30,42.3993072509766,-8.92206478118896,"Female"
"9004158",371991,2025-06-27 23:16:53,42.3994903564453,-8.92225646972656,"Female"
"9004158",371991,2025-06-27 23:21:30,42.3992042541504,-8.92184638977051,"Female"
"9004158",371991,2025-06-27 23:26:50,42.3992538452148,-8.92245006561279,"Female"
"9004158",371991,2025-06-27 23:31:53,42.3993263244629,-8.92245483398438,"Female"
"9004158",371991,2025-06-27 23:36:23,42.3992118835449,-8.92215919494629,"Female"
"9004158",371991,2025-06-27 23:41:23,42.3985977172852,-8.92236995697021,"Female"
"9004158",371991,2025-06-27 23:46:23,42.399356842041,-8.92212104797363,"Female"
"9004158",371991,2025-06-27 23:51:19,42.3989219665527,-8.92221450805664,"Female"
"9004158",371991,2025-06-27 23:56:24,42.3992118835449,-8.92191791534424,"Female"
"9004158",371991,2025-06-28 00:01:22,42.3994102478027,-8.92234802246094,"Female"
"9004158",371991,2025-06-28 00:06:23,42.3993110656738,-8.9218053817749,"Female"
"9004158",371991,2025-06-28 00:11:22,42.3994140625,-8.92260456085205,"Female"
"9004158",371991,2025-06-28 00:16:22,42.3993339538574,-8.92188358306885,"Female"
"9004158",371991,2025-06-28 00:21:23,42.3993644714355,-8.92181301116943,"Female"
"9004158",371991,2025-06-28 00:31:27,42.3995246887207,-8.92178535461426,"Female"
"9004158",371991,2025-06-28 00:36:23,42.3995819091797,-8.92225646972656,"Female"
"9004158",371991,2025-06-28 00:41:29,42.3998107910156,-8.92223453521729,"Female"
"9004158",371991,2025-06-28 00:46:28,42.399040222168,-8.92243671417236,"Female"
"9004158",371991,2025-06-28 00:51:34,42.399543762207,-8.92218589782715,"Female"
"9004158",371991,2025-06-28 00:56:24,42.3988418579102,-8.92215061187744,"Female"
"9004158",371991,2025-06-28 01:01:25,42.3995971679688,-8.9224796295166,"Female"
"9004158",371991,2025-06-28 01:07:42,42.3998947143555,-8.92246723175049,"Female"
"9004158",371991,2025-06-28 01:12:37,42.3993988037109,-8.9227237701416,"Female"
"9004158",371991,2025-06-28 01:16:54,42.3993492126465,-8.9226598739624,"Female"
"9004158",371991,2025-06-28 01:21:25,42.399528503418,-8.92219638824463,"Female"
"9004158",371991,2025-06-28 01:26:41,42.3996887207031,-8.92238712310791,"Female"
"9004158",371991,2025-06-28 01:31:23,42.3994140625,-8.92262935638428,"Female"
"9004158",371991,2025-06-28 01:36:24,42.3993759155273,-8.92232894897461,"Female"
"9004158",371991,2025-06-28 01:41:24,42.3987808227539,-8.92168521881104,"Female"
"9004158",371991,2025-06-28 01:46:30,42.3992729187012,-8.92236137390137,"Female"
"9004158",371991,2025-06-28 01:51:22,42.3996620178223,-8.92246341705322,"Female"
"9004158",371991,2025-06-28 01:56:25,42.399585723877,-8.92249202728271,"Female"
"9004158",371991,2025-06-28 02:01:21,42.3996620178223,-8.92277812957764,"Female"
"9004158",371991,2025-06-28 02:06:30,42.3994598388672,-8.92221736907959,"Female"
"9004158",371991,2025-06-28 02:11:20,42.3991966247559,-8.92206382751465,"Female"
"9004158",371991,2025-06-28 02:16:23,42.3992919921875,-8.92243385314941,"Female"
"9004158",371991,2025-06-28 02:21:22,42.3993377685547,-8.92232894897461,"Female"
"9004158",371991,2025-06-28 02:26:22,42.399341583252,-8.92228603363037,"Female"
"9004158",371991,2025-06-28 02:31:28,42.3993797302246,-8.92237758636475,"Female"
"9004158",371991,2025-06-28 02:36:25,42.399356842041,-8.92282390594482,"Female"
"9004158",371991,2025-06-28 02:41:24,42.3995399475098,-8.92249965667725,"Female"
"9004158",371991,2025-06-28 02:46:27,42.399284362793,-8.92258453369141,"Female"
"9004158",371991,2025-06-28 02:51:24,42.3992080688477,-8.92251110076904,"Female"
"9004158",371991,2025-06-28 02:56:44,42.3995018005371,-8.92222213745117,"Female"
"9004158",371991,2025-06-28 03:01:21,42.3991928100586,-8.92224884033203,"Female"
"9004158",371991,2025-06-28 03:06:22,42.3992958068848,-8.92243003845215,"Female"
"9004158",371991,2025-06-28 03:11:32,42.3994598388672,-8.92250728607178,"Female"
"9004158",371991,2025-06-28 03:16:27,42.3993263244629,-8.92257499694824,"Female"
"9004158",371991,2025-06-28 03:21:43,42.399356842041,-8.92240333557129,"Female"
"9004158",371991,2025-06-28 03:26:29,42.3987655639648,-8.92289161682129,"Female"
"9004158",371991,2025-06-28 03:31:21,42.3991737365723,-8.92229557037354,"Female"
"9004158",371991,2025-06-28 03:36:22,42.3991851806641,-8.92222595214844,"Female"
"9004158",371991,2025-06-28 03:41:22,42.3990936279297,-8.92230033874512,"Female"
"9004158",371991,2025-06-28 03:46:25,42.3991432189941,-8.92280292510986,"Female"
"9004158",371991,2025-06-28 03:51:44,42.3990898132324,-8.92258167266846,"Female"
"9004158",371991,2025-06-28 03:56:23,42.3991012573242,-8.92305564880371,"Female"
"9004158",371991,2025-06-28 04:01:45,42.398868560791,-8.92266464233398,"Female"
"9004158",371991,2025-06-28 04:06:27,42.3989715576172,-8.92285823822021,"Female"
"9004158",371991,2025-06-28 04:11:35,42.3989181518555,-8.92286586761475,"Female"
"9004158",371991,2025-06-28 04:16:24,42.3988952636719,-8.92297172546387,"Female"
"9004158",371991,2025-06-28 04:22:01,42.3987045288086,-8.92295074462891,"Female"
"9004158",371991,2025-06-28 04:27:43,42.3988990783691,-8.92330551147461,"Female"
"9004158",371991,2025-06-28 04:31:44,42.3992347717285,-8.92244815826416,"Female"
"9004158",371991,2025-06-28 04:36:53,42.399356842041,-8.92211723327637,"Female"
"9004158",371991,2025-06-28 04:41:51,42.3992767333984,-8.9225378036499,"Female"
"9004158",371991,2025-06-28 04:46:59,42.3991889953613,-8.9223747253418,"Female"
"9004158",371991,2025-06-28 04:51:19,42.3995170593262,-8.92078399658203,"Female"
"9004158",371991,2025-06-28 04:56:19,42.3994598388672,-8.92074489593506,"Female"
"9004158",371991,2025-06-28 05:01:20,42.399486541748,-8.92072486877441,"Female"
"9004158",371991,2025-06-28 05:06:19,42.3995132446289,-8.92080783843994,"Female"
"9004158",371991,2025-06-28 05:11:25,42.399585723877,-8.92068958282471,"Female"
"9004158",371991,2025-06-28 05:16:19,42.4002380371094,-8.91997146606445,"Female"
"9004158",371991,2025-06-28 05:21:21,42.3992652893066,-8.92079830169678,"Female"
"9004158",371991,2025-06-28 05:26:22,42.3992729187012,-8.92087364196777,"Female"
"9004158",371991,2025-06-28 05:31:30,42.3993339538574,-8.92096614837646,"Female"
"9004158",371991,2025-06-28 05:36:19,42.399356842041,-8.9209098815918,"Female"
"9004158",371991,2025-06-28 05:41:19,42.3993988037109,-8.92090702056885,"Female"
"9004158",371991,2025-06-28 05:46:19,42.399486541748,-8.92084503173828,"Female"
"9004158",371991,2025-06-28 05:51:19,42.3994674682617,-8.92087936401367,"Female"
"9004158",371991,2025-06-28 05:56:19,42.3996200561523,-8.92092132568359,"Female"
"9004158",371991,2025-06-28 06:01:19,42.3995475769043,-8.92081832885742,"Female"
"9004158",371991,2025-06-28 06:06:19,42.3980751037598,-8.92050933837891,"Female"
"9004158",371991,2025-06-28 06:11:19,42.3981056213379,-8.92049503326416,"Female"
"9004158",371991,2025-06-28 06:16:19,42.3980941772461,-8.9204158782959,"Female"
"9004158",371991,2025-06-28 06:21:19,42.3980979919434,-8.92027568817139,"Female"
"9004158",371991,2025-06-28 06:26:19,42.3981094360352,-8.92024421691895,"Female"
"9004158",371991,2025-06-28 06:31:19,42.398078918457,-8.9201545715332,"Female"
"9004158",371991,2025-06-28 06:36:20,42.3980712890625,-8.92019653320312,"Female"
"9004158",371991,2025-06-28 06:42:35,42.4059104919434,-8.89896011352539,"Female"
"9004158",371991,2025-06-28 06:46:25,42.4080467224121,-8.89882946014404,"Female"
"9004158",371991,2025-06-28 06:51:24,42.4130401611328,-8.89275360107422,"Female"
"9004158",371991,2025-06-28 06:56:24,42.4200286865234,-8.89120483398438,"Female"
"9004158",371991,2025-06-28 07:02:13,42.4229125976562,-8.88502502441406,"Female"
"9004158",371991,2025-06-28 07:07:15,42.4226951599121,-8.88442993164062,"Female"
"9004158",371991,2025-06-28 07:13:19,42.4233016967773,-8.88449859619141,"Female"
"9004158",371991,2025-06-28 07:19:02,42.4238739013672,-8.884934425354,"Female"
"9004158",371991,2025-06-28 07:24:17,42.4234199523926,-8.88480758666992,"Female"
"9004158",371991,2025-06-28 07:29:16,42.4223785400391,-8.88497447967529,"Female"
"9004158",371991,2025-06-28 07:34:16,42.4207077026367,-8.88364315032959,"Female"
"9004158",371991,2025-06-28 07:39:57,42.4190673828125,-8.88154125213623,"Female"
"9004158",371991,2025-06-28 07:44:56,42.4365730285645,-8.90228271484375,"Female"
"9004158",371991,2025-06-28 07:49:56,42.4547576904297,-8.91873741149902,"Female"
"9004158",371991,2025-06-28 07:54:56,42.454719543457,-8.91877937316895,"Female"
"9004158",371991,2025-06-28 08:00:14,42.4547004699707,-8.9187126159668,"Female"
"9004158",371991,2025-06-28 08:04:56,42.4547004699707,-8.91874885559082,"Female"
"9004158",371991,2025-06-28 08:09:56,42.4546661376953,-8.91868686676025,"Female"
"9004158",371991,2025-06-28 08:14:56,42.4546432495117,-8.91857814788818,"Female"
"9004158",371991,2025-06-28 08:19:56,42.4547348022461,-8.91880130767822,"Female"
"9004158",371991,2025-06-28 08:24:56,42.4546318054199,-8.91853046417236,"Female"
"9004158",371991,2025-06-28 08:29:56,42.456241607666,-8.92009162902832,"Female"
"9004158",371991,2025-06-28 08:41:27,42.4555320739746,-8.9201831817627,"Female"
"9004158",371991,2025-06-28 08:46:27,42.4553337097168,-8.92147541046143,"Female"
"9004158",371991,2025-06-28 08:51:30,42.4558486938477,-8.92080211639404,"Female"
"9004158",371991,2025-06-28 08:56:35,42.4561996459961,-8.91988754272461,"Female"
"9004158",371991,2025-06-28 09:03:24,42.4566192626953,-8.91904258728027,"Female"
"9004158",371991,2025-06-28 09:08:22,42.4550247192383,-8.92009353637695,"Female"
"9004158",371991,2025-06-28 09:13:22,42.4549674987793,-8.92005920410156,"Female"
"9004158",371991,2025-06-28 09:18:44,42.4550361633301,-8.92016887664795,"Female"
"9004158",371991,2025-06-28 09:23:21,42.4550132751465,-8.92012500762939,"Female"
"9004158",371991,2025-06-28 09:28:22,42.4550514221191,-8.92014026641846,"Female"
"9004158",371991,2025-06-28 09:33:22,42.4550437927246,-8.92016983032227,"Female"
"9004158",371991,2025-06-28 09:38:22,42.4550590515137,-8.92017078399658,"Female"
"9004158",371991,2025-06-28 09:43:22,42.4551162719727,-8.92014312744141,"Female"
"9004158",371991,2025-06-28 09:48:22,42.4550857543945,-8.92008686065674,"Female"
"9004158",371991,2025-06-28 09:53:22,42.4550857543945,-8.92008495330811,"Female"
"9004158",371991,2025-06-28 09:58:52,42.4539031982422,-8.92112827301025,"Female"
"9004158",371991,2025-06-28 10:03:53,42.4536743164062,-8.9218635559082,"Female"
"9004158",371991,2025-06-28 10:08:53,42.4536972045898,-8.92051029205322,"Female"
"9004158",371991,2025-06-28 10:14:36,42.4552688598633,-8.92009925842285,"Female"
"9004158",371991,2025-06-28 10:19:40,42.455810546875,-8.92116832733154,"Female"
"9004158",371991,2025-06-28 10:24:35,42.4556770324707,-8.92130184173584,"Female"
"9004158",371991,2025-06-28 10:29:38,42.4556121826172,-8.92147445678711,"Female"
"9004158",371991,2025-06-28 10:36:11,42.4555702209473,-8.92150497436523,"Female"
"9004158",371991,2025-06-28 10:41:05,42.4559364318848,-8.92101860046387,"Female"
"9004158",371991,2025-06-28 10:46:54,42.4558258056641,-8.92087936401367,"Female"
"9004158",371991,2025-06-28 10:51:22,42.4554977416992,-8.92088031768799,"Female"
"9004158",371991,2025-06-28 10:56:22,42.4550857543945,-8.92018127441406,"Female"
"9004158",371991,2025-06-28 11:01:24,42.4550094604492,-8.91986274719238,"Female"
"9004158",371991,2025-06-28 11:06:22,42.4550323486328,-8.91989898681641,"Female"
"9004158",371991,2025-06-28 11:11:23,42.4549942016602,-8.91993618011475,"Female"
"9004158",371991,2025-06-28 11:16:25,42.4550743103027,-8.92012691497803,"Female"
"9004158",371991,2025-06-28 11:21:22,42.4550666809082,-8.91989612579346,"Female"
"9004158",371991,2025-06-28 11:26:22,42.4548645019531,-8.92037868499756,"Female"
"9004158",371991,2025-06-28 11:31:44,42.4550743103027,-8.92021369934082,"Female"
"9004158",371991,2025-06-28 11:36:22,42.4548454284668,-8.92024898529053,"Female"
"9004158",371991,2025-06-28 11:41:22,42.4548454284668,-8.92026615142822,"Female"
"9004158",371991,2025-06-28 11:47:08,42.4550018310547,-8.92002868652344,"Female"
"9004158",371991,2025-06-28 11:52:15,42.4553070068359,-8.92032527923584,"Female"
"9004158",371991,2025-06-28 11:57:28,42.4511985778809,-8.92479991912842,"Female"
"9004158",371991,2025-06-28 12:02:18,42.4515495300293,-8.92552089691162,"Female"
"9004158",371991,2025-06-28 12:09:37,42.4512367248535,-8.92632484436035,"Female"
"9004158",371991,2025-06-28 12:14:37,42.4505043029785,-8.92579650878906,"Female"
"9004158",371991,2025-06-28 12:19:32,42.4507904052734,-8.9255485534668,"Female"
"9004158",371991,2025-06-28 12:24:33,42.450569152832,-8.92566680908203,"Female"
"9004158",371991,2025-06-28 12:29:32,42.4505157470703,-8.92563629150391,"Female"
"9004158",371991,2025-06-28 12:34:32,42.4505195617676,-8.92575740814209,"Female"
"9004158",371991,2025-06-28 12:39:32,42.4505920410156,-8.92560291290283,"Female"
"9004158",371991,2025-06-28 12:44:32,42.4506454467773,-8.92540740966797,"Female"
"9004158",371991,2025-06-28 12:49:33,42.4505577087402,-8.92562007904053,"Female"
"9004158",371991,2025-06-28 12:54:32,42.4505996704102,-8.92544555664062,"Female"
"9004158",371991,2025-06-28 12:59:33,42.4505386352539,-8.92569255828857,"Female"
"9004158",371991,2025-06-28 13:04:32,42.450511932373,-8.92565250396729,"Female"
"9004158",371991,2025-06-28 13:09:32,42.4505271911621,-8.92560195922852,"Female"
"9004158",371991,2025-06-28 13:14:33,42.4504852294922,-8.92576026916504,"Female"
"9004158",371991,2025-06-28 13:19:32,42.4504890441895,-8.92570114135742,"Female"
"9004158",371991,2025-06-28 13:24:32,42.4504661560059,-8.92568302154541,"Female"
"9004158",371991,2025-06-28 13:29:32,42.4504356384277,-8.92573165893555,"Female"
"9004158",371991,2025-06-28 13:34:32,42.4504852294922,-8.92581748962402,"Female"
"9004158",371991,2025-06-28 13:39:32,42.4504699707031,-8.9256763458252,"Female"
"9004158",371991,2025-06-28 13:44:32,42.4504661560059,-8.9256534576416,"Female"
"9004158",371991,2025-06-28 13:49:32,42.4504699707031,-8.92573833465576,"Female"
"9004158",371991,2025-06-28 13:54:32,42.4504547119141,-8.92553520202637,"Female"
"9004158",371991,2025-06-28 13:59:32,42.4504432678223,-8.925705909729,"Female"
"9004158",371991,2025-06-28 14:04:32,42.4504318237305,-8.92558097839355,"Female"
"9004158",371991,2025-06-28 14:09:32,42.4504051208496,-8.92565536499023,"Female"
"9004158",371991,2025-06-28 14:14:52,42.4510917663574,-8.92526817321777,"Female"
"9004158",371991,2025-06-28 14:27:52,42.4513282775879,-8.92385101318359,"Female"
"9004158",371991,2025-06-28 14:33:55,42.4515113830566,-8.92333507537842,"Female"
"9004158",371991,2025-06-28 14:38:52,42.4516410827637,-8.922532081604,"Female"
"9004158",371991,2025-06-28 14:45:47,42.4506416320801,-8.92211818695068,"Female"
"9004158",371991,2025-06-28 14:51:11,42.4514045715332,-8.92226409912109,"Female"
"9004158",371991,2025-06-28 14:55:23,42.4513931274414,-8.92240238189697,"Female"
"9004158",371991,2025-06-28 14:59:47,42.4513626098633,-8.9224796295166,"Female"
"9004158",371991,2025-06-28 15:04:47,42.4513893127441,-8.92244815826416,"Female"
"9004158",371991,2025-06-28 15:09:47,42.4513626098633,-8.92244338989258,"Female"
"9004158",371991,2025-06-28 15:14:48,42.451416015625,-8.92242050170898,"Female"
"9004158",371991,2025-06-28 15:19:47,42.4514923095703,-8.92238712310791,"Female"
"9004158",371991,2025-06-28 15:24:48,42.4514122009277,-8.92238235473633,"Female"
"9004158",371991,2025-06-28 15:29:47,42.451416015625,-8.92237091064453,"Female"
"9004158",371991,2025-06-28 15:34:47,42.4514045715332,-8.92236804962158,"Female"
"9004158",371991,2025-06-28 15:39:47,42.4514236450195,-8.92233753204346,"Female"
"9004158",371991,2025-06-28 15:44:47,42.4546432495117,-8.91841411590576,"Female"
"9004158",371991,2025-06-28 15:49:48,42.4546775817871,-8.91849231719971,"Female"
"9004158",371991,2025-06-28 15:54:48,42.4546661376953,-8.91853618621826,"Female"
"9004158",371991,2025-06-28 15:59:48,42.4546661376953,-8.91854476928711,"Female"
"9004158",371991,2025-06-28 16:04:48,42.4546546936035,-8.91848564147949,"Female"
"9004158",371991,2025-06-28 16:09:48,42.454647064209,-8.91847229003906,"Female"
"9004158",371991,2025-06-28 16:14:48,42.4546775817871,-8.91848182678223,"Female"
"9004158",371991,2025-06-28 16:19:48,42.4546394348145,-8.91842746734619,"Female"
"9004158",371991,2025-06-28 16:24:48,42.4546775817871,-8.91848564147949,"Female"
"9004158",371991,2025-06-28 16:29:48,42.4546508789062,-8.91846561431885,"Female"
"9004158",371991,2025-06-28 16:34:48,42.454662322998,-8.9184398651123,"Female"
"9004158",371991,2025-06-28 16:39:49,42.4546279907227,-8.91848087310791,"Female"
"9004158",371991,2025-06-28 16:44:49,42.4546203613281,-8.9184741973877,"Female"
"9004158",371991,2025-06-28 16:49:49,42.4546852111816,-8.91857147216797,"Female"
"9004158",371991,2025-06-28 16:54:49,42.4546813964844,-8.91852569580078,"Female"
"9004158",371991,2025-06-28 16:59:49,42.454647064209,-8.91850662231445,"Female"
"9004158",371991,2025-06-28 17:04:49,42.4546546936035,-8.91851711273193,"Female"
"9004158",371991,2025-06-28 17:09:49,42.4546546936035,-8.91851997375488,"Female"
"9004158",371991,2025-06-28 17:14:49,42.4547424316406,-8.91858863830566,"Female"
"9004158",371991,2025-06-28 17:19:49,42.4547004699707,-8.91853523254395,"Female"
"9004158",371991,2025-06-28 17:24:49,42.4545745849609,-8.91840934753418,"Female"
"9004158",371991,2025-06-28 17:29:49,42.4546775817871,-8.91855239868164,"Female"
"9004158",371991,2025-06-28 17:34:49,42.454662322998,-8.91854572296143,"Female"
"9004158",371991,2025-06-28 17:39:49,42.454662322998,-8.91854381561279,"Female"
"9004158",371991,2025-06-28 17:44:49,42.4547309875488,-8.91861820220947,"Female"
"9004158",371991,2025-06-28 17:50:14,42.454662322998,-8.91852569580078,"Female"
"9004158",371991,2025-06-28 17:54:49,42.454662322998,-8.91855812072754,"Female"
"9004158",371991,2025-06-28 17:59:48,42.4548187255859,-8.91871452331543,"Female"
"9004158",371991,2025-06-28 18:04:48,42.4550590515137,-8.9188928604126,"Female"
"9004158",371991,2025-06-28 18:09:48,42.4546890258789,-8.91851425170898,"Female"
"9004158",371991,2025-06-28 18:14:48,42.4545211791992,-8.91833686828613,"Female"
"9004158",371991,2025-06-28 18:19:48,42.4545135498047,-8.91835975646973,"Female"
"9004158",371991,2025-06-28 18:24:48,42.4545631408691,-8.9183931350708,"Female"
"9004158",371991,2025-06-28 18:29:48,42.4545440673828,-8.91846942901611,"Female"
"9004158",371991,2025-06-28 18:34:48,42.4545288085938,-8.91841602325439,"Female"
"9004158",371991,2025-06-28 18:39:48,42.4545974731445,-8.91839790344238,"Female"
"9004158",371991,2025-06-28 18:44:48,42.4544296264648,-8.91835308074951,"Female"
"9004158",371991,2025-06-28 18:50:14,42.4546432495117,-8.9185037612915,"Female"
"9004158",371991,2025-06-28 18:54:48,42.4546203613281,-8.91837310791016,"Female"
"9004158",371991,2025-06-28 18:59:48,42.4547233581543,-8.91848564147949,"Female"
"9004158",371991,2025-06-28 19:04:50,42.4544982910156,-8.91865730285645,"Female"
"9004158",371991,2025-06-28 19:09:50,42.454418182373,-8.91862392425537,"Female"
"9004158",371991,2025-06-28 19:14:50,42.4546241760254,-8.91861534118652,"Female"
"9004158",371991,2025-06-28 19:19:49,42.4545516967773,-8.91838645935059,"Female"
"9004158",371991,2025-06-28 19:24:50,42.454704284668,-8.91837882995605,"Female"
"9004158",371991,2025-06-28 19:29:48,42.4306678771973,-8.92071056365967,"Female"
"9004158",371991,2025-06-28 19:34:50,42.420581817627,-8.92198467254639,"Female"
"9004158",371991,2025-06-28 19:39:50,42.3993492126465,-8.92303085327148,"Female"
"9004158",371991,2025-06-28 19:46:13,42.4010620117188,-8.92257595062256,"Female"
"9004158",371991,2025-06-28 19:51:13,42.4011993408203,-8.92225456237793,"Female"
"9004158",371991,2025-06-28 19:56:13,42.4009742736816,-8.92226219177246,"Female"
"9004158",371991,2025-06-28 20:00:38,42.4008979797363,-8.92232704162598,"Female"
"9004158",371991,2025-06-28 20:05:53,42.4003715515137,-8.92232418060303,"Female"
"9004158",371991,2025-06-28 20:09:54,42.4001350402832,-8.92257976531982,"Female"
"9004158",371991,2025-06-28 20:14:53,42.4003601074219,-8.9225492477417,"Female"
"9004158",371991,2025-06-28 20:19:55,42.3997001647949,-8.92228507995605,"Female"
"9004158",371991,2025-06-28 20:24:51,42.4000129699707,-8.92269325256348,"Female"
"9004158",371991,2025-06-28 20:29:54,42.4000549316406,-8.92259883880615,"Female"
"9004158",371991,2025-06-28 20:34:51,42.3999786376953,-8.92284965515137,"Female"
"9004158",371991,2025-06-28 20:39:52,42.3993644714355,-8.92237186431885,"Female"
"9004158",371991,2025-06-28 20:44:53,42.3993721008301,-8.92220878601074,"Female"
"9004158",371991,2025-06-28 20:49:52,42.3991889953613,-8.92212677001953,"Female"
"9004158",371991,2025-06-28 20:54:51,42.3992118835449,-8.92217922210693,"Female"
"9004158",371991,2025-06-28 21:00:00,42.399284362793,-8.92220115661621,"Female"
"9004158",371991,2025-06-28 21:05:14,42.3993721008301,-8.92225933074951,"Female"
"9004158",371991,2025-06-28 21:09:54,42.3990135192871,-8.922287940979,"Female"
"9004158",371991,2025-06-28 21:15:11,42.3994102478027,-8.92232799530029,"Female"
"9004158",371991,2025-06-28 21:19:52,42.399040222168,-8.92243671417236,"Female"
"9004158",371991,2025-06-28 21:26:13,42.3993377685547,-8.92218399047852,"Female"
"9004158",371991,2025-06-28 21:30:00,42.3989868164062,-8.92240715026855,"Female"
"9004158",371991,2025-06-28 21:34:59,42.3989067077637,-8.92234420776367,"Female"
"9004158",371991,2025-06-28 21:39:56,42.3988494873047,-8.9222412109375,"Female"
"9004158",371991,2025-06-28 21:44:52,42.3991241455078,-8.92257881164551,"Female"
"9004158",371991,2025-06-28 21:50:29,42.3994560241699,-8.92253589630127,"Female"
"9004158",371991,2025-06-28 21:54:50,42.400032043457,-8.9224681854248,"Female"
"9004158",371991,2025-06-28 21:59:50,42.3998832702637,-8.92244434356689,"Female"
"9004158",371991,2025-06-28 22:04:53,42.399959564209,-8.92264366149902,"Female"
"9004158",371991,2025-06-28 22:09:49,42.3998184204102,-8.92240428924561,"Female"
"9004158",371991,2025-06-28 22:14:50,42.3995208740234,-8.92232513427734,"Female"
"9004158",371991,2025-06-28 22:19:53,42.3992462158203,-8.92211055755615,"Female"
"9004158",371991,2025-06-28 22:25:09,42.3993148803711,-8.92213344573975,"Female"
"9004158",371991,2025-06-28 22:29:51,42.3993873596191,-8.92198371887207,"Female"
"9004158",371991,2025-06-28 22:34:56,42.3992576599121,-8.92257213592529,"Female"
"9004158",371991,2025-06-28 22:39:54,42.3983459472656,-8.92257785797119,"Female"
"9004158",371991,2025-06-28 22:44:55,42.3979377746582,-8.92267894744873,"Female"
"9004158",371991,2025-06-28 22:50:01,42.3990211486816,-8.92186260223389,"Female"
"9004158",371991,2025-06-28 22:54:57,42.3990020751953,-8.92212963104248,"Female"
"9004158",371991,2025-06-28 23:00:06,42.3992576599121,-8.921875,"Female"
"9004158",371991,2025-06-28 23:04:57,42.399772644043,-8.92238426208496,"Female"
"9004158",371991,2025-06-28 23:10:16,42.3997383117676,-8.92241668701172,"Female"
"9004158",371991,2025-06-28 23:15:09,42.3994522094727,-8.92288589477539,"Female"
"9004158",371991,2025-06-28 23:20:06,42.3993301391602,-8.92286682128906,"Female"
"9004158",371991,2025-06-28 23:24:57,42.3994827270508,-8.92233848571777,"Female"
"9004158",371991,2025-06-28 23:30:14,42.3993682861328,-8.92221641540527,"Female"
"9004158",371991,2025-06-28 23:34:49,42.3995094299316,-8.92232418060303,"Female"
"9004158",371991,2025-06-28 23:39:50,42.4003067016602,-8.92262649536133,"Female"
"9004158",371991,2025-06-28 23:44:51,42.3997077941895,-8.92252254486084,"Female"
"9004158",371991,2025-06-28 23:49:51,42.3999404907227,-8.92220973968506,"Female"
"9004158",371991,2025-06-28 23:54:54,42.4004173278809,-8.92268848419189,"Female"
"9004158",371991,2025-06-28 23:59:54,42.3995590209961,-8.92207813262939,"Female"
"9004158",371991,2025-06-29 00:05:01,42.399528503418,-8.92277145385742,"Female"
"9004158",371991,2025-06-29 00:10:16,42.3995323181152,-8.92289733886719,"Female"
"9004158",371991,2025-06-29 00:14:59,42.3995895385742,-8.92293643951416,"Female"
"9004158",371991,2025-06-29 00:20:13,42.3996543884277,-8.92332935333252,"Female"
"9004158",371991,2025-06-29 00:25:12,42.3994941711426,-8.92301177978516,"Female"
"9004158",371991,2025-06-29 00:30:02,42.3993835449219,-8.92280387878418,"Female"
"9004158",371991,2025-06-29 00:35:30,42.3993759155273,-8.92319107055664,"Female"
"9004158",371991,2025-06-29 00:39:56,42.3991546630859,-8.9227819442749,"Female"
"9004158",371991,2025-06-29 00:44:59,42.3991851806641,-8.9234504699707,"Female"
"9004158",371991,2025-06-29 00:49:56,42.3991279602051,-8.92298603057861,"Female"
"9004158",371991,2025-06-29 00:54:55,42.3984527587891,-8.92338752746582,"Female"
"9004158",371991,2025-06-29 00:59:58,42.3995323181152,-8.92258930206299,"Female"
"9004158",371991,2025-06-29 01:04:56,42.3999557495117,-8.92247867584229,"Female"
"9004158",371991,2025-06-29 01:10:15,42.3995475769043,-8.92231559753418,"Female"
"9004158",371991,2025-06-29 01:14:56,42.3993606567383,-8.92242813110352,"Female"
"9004158",371991,2025-06-29 01:20:01,42.3994674682617,-8.92261028289795,"Female"
"9004158",371991,2025-06-29 01:25:00,42.3995170593262,-8.92248249053955,"Female"
"9004158",371991,2025-06-29 01:29:59,42.3997764587402,-8.92255973815918,"Female"
"9004158",371991,2025-06-29 01:34:57,42.3998489379883,-8.9222469329834,"Female"
"9004158",371991,2025-06-29 01:39:56,42.3997230529785,-8.9223575592041,"Female"
"9004158",371991,2025-06-29 01:45:05,42.4014434814453,-8.92408466339111,"Female"
"9004158",371991,2025-06-29 01:50:01,42.3995056152344,-8.92238140106201,"Female"
"9004158",371991,2025-06-29 01:54:52,42.3997001647949,-8.92260456085205,"Female"
"9004158",371991,2025-06-29 02:00:01,42.3994445800781,-8.92203998565674,"Female"
"9004158",371991,2025-06-29 02:05:01,42.3995056152344,-8.92191696166992,"Female"
"9004158",371991,2025-06-29 02:10:01,42.3994140625,-8.92212295532227,"Female"
"9004158",371991,2025-06-29 02:15:01,42.3994331359863,-8.92238330841064,"Female"
"9004158",371991,2025-06-29 02:19:53,42.3996505737305,-8.92246150970459,"Female"
"9004158",371991,2025-06-29 02:25:24,42.3993263244629,-8.9223108291626,"Female"
"9004158",371991,2025-06-29 02:29:56,42.3991737365723,-8.92242813110352,"Female"
"9004158",371991,2025-06-29 02:34:53,42.3991584777832,-8.92185211181641,"Female"
"9004158",371991,2025-06-29 02:39:53,42.3992500305176,-8.92233943939209,"Female"
"9004158",371991,2025-06-29 02:44:56,42.3990173339844,-8.92256259918213,"Female"
"9004158",371991,2025-06-29 02:50:21,42.3995323181152,-8.92222785949707,"Female"
"9004158",371991,2025-06-29 02:54:49,42.399658203125,-8.92239570617676,"Female"
"9004158",371991,2025-06-29 02:59:55,42.3996315002441,-8.92243576049805,"Female"
"9004158",371991,2025-06-29 03:04:58,42.3996391296387,-8.92220973968506,"Female"
"9004158",371991,2025-06-29 03:10:02,42.3996963500977,-8.92218112945557,"Female"
"9004158",371991,2025-06-29 03:14:50,42.3997802734375,-8.92267894744873,"Female"
"9004158",371991,2025-06-29 03:19:51,42.3997383117676,-8.92269134521484,"Female"
"9004158",371991,2025-06-29 03:24:59,42.3993988037109,-8.92210006713867,"Female"
"9004158",371991,2025-06-29 03:30:01,42.3994331359863,-8.92215728759766,"Female"
"9004158",371991,2025-06-29 03:35:12,42.3993263244629,-8.92220783233643,"Female"
"9004158",371991,2025-06-29 03:39:53,42.3994674682617,-8.92232418060303,"Female"
"9004158",371991,2025-06-29 03:44:54,42.3987464904785,-8.92174243927002,"Female"
"9004158",371991,2025-06-29 03:49:54,42.3996467590332,-8.92384624481201,"Female"
"9004158",371991,2025-06-29 03:55:13,42.3984603881836,-8.9225435256958,"Female"
"9004158",371991,2025-06-29 04:00:04,42.3995552062988,-8.92204475402832,"Female"
"9004158",371991,2025-06-29 04:05:10,42.3992767333984,-8.92239475250244,"Female"
"9004158",371991,2025-06-29 04:09:58,42.3995475769043,-8.92222690582275,"Female"
"9004158",371991,2025-06-29 04:14:53,42.3998184204102,-8.92228221893311,"Female"
"9004158",371991,2025-06-29 04:20:01,42.3991775512695,-8.92241668701172,"Female"
"9004158",371991,2025-06-29 04:24:54,42.3994407653809,-8.92246341705322,"Female"
"9004158",371991,2025-06-29 04:29:54,42.3993873596191,-8.92252826690674,"Female"
"9004158",371991,2025-06-29 04:35:03,42.3994789123535,-8.92188358306885,"Female"
"9004158",371991,2025-06-29 04:39:56,42.3994598388672,-8.92252635955811,"Female"
"9004158",371991,2025-06-29 04:45:01,42.3993301391602,-8.92228031158447,"Female"
"9004158",371991,2025-06-29 04:50:01,42.3990859985352,-8.92184257507324,"Female"
"9004158",371991,2025-06-29 04:55:06,42.3996315002441,-8.92206954956055,"Female"
"9004158",371991,2025-06-29 04:59:50,42.3993682861328,-8.92072868347168,"Female"
"9004158",371991,2025-06-29 05:04:50,42.3993492126465,-8.92073059082031,"Female"
"9004158",371991,2025-06-29 05:09:50,42.3993606567383,-8.92075443267822,"Female"
"9004158",371991,2025-06-29 05:14:50,42.3993377685547,-8.92069435119629,"Female"
"9004158",371991,2025-06-29 05:19:50,42.3993606567383,-8.92074584960938,"Female"
"9004158",371991,2025-06-29 05:24:50,42.399341583252,-8.9207010269165,"Female"
"9004158",371991,2025-06-29 05:29:50,42.3991165161133,-8.92037200927734,"Female"
"9004158",371991,2025-06-29 05:34:50,42.3993110656738,-8.92065048217773,"Female"
"9004158",371991,2025-06-29 05:39:50,42.399341583252,-8.92069339752197,"Female"
"9004158",371991,2025-06-29 05:44:51,42.3993072509766,-8.92068672180176,"Female"
"9004158",371991,2025-06-29 05:49:50,42.3994827270508,-8.92085838317871,"Female"
"9004158",371991,2025-06-29 05:54:50,42.3993949890137,-8.92074108123779,"Female"
"9004158",371991,2025-06-29 05:59:51,42.3995590209961,-8.92086029052734,"Female"
"9004158",371991,2025-06-29 06:04:51,42.4008522033691,-8.92151927947998,"Female"
"9004158",371991,2025-06-29 06:09:50,42.4003372192383,-8.92034149169922,"Female"
"9004158",371991,2025-06-29 06:14:51,42.4001045227051,-8.92010116577148,"Female"
"9004158",371991,2025-06-29 06:19:50,42.4000549316406,-8.91994476318359,"Female"
"9004158",371991,2025-06-29 06:24:50,42.4003257751465,-8.92060470581055,"Female"
"9004158",371991,2025-06-29 06:29:53,42.4000358581543,-8.92012786865234,"Female"
"9004158",371991,2025-06-29 06:34:53,42.3999862670898,-8.92019176483154,"Female"
"9004158",371991,2025-06-29 06:39:51,42.3966522216797,-8.91466617584229,"Female"
"9004158",371991,2025-06-29 06:46:18,42.3986167907715,-8.90602016448975,"Female"
"9004158",371991,2025-06-29 06:51:17,42.4023323059082,-8.90441799163818,"Female"
"9004158",371991,2025-06-29 06:56:13,42.4024276733398,-8.90271472930908,"Female"
"9004158",371991,2025-06-29 07:01:14,42.4031143188477,-8.90326118469238,"Female"
"9004158",371991,2025-06-29 07:07:17,42.4023857116699,-8.90138816833496,"Female"
"9004158",371991,2025-06-29 07:12:23,42.4028587341309,-8.90225982666016,"Female"
"9004158",371991,2025-06-29 07:18:13,42.4029273986816,-8.90269756317139,"Female"
"9004158",371991,2025-06-29 07:23:22,42.4023895263672,-8.90358829498291,"Female"
"9004158",371991,2025-06-29 07:28:24,42.4020309448242,-8.90273094177246,"Female"
"9004158",371991,2025-06-29 07:33:31,42.4030570983887,-8.90410041809082,"Female"
"9004158",371991,2025-06-29 07:38:35,42.4034461975098,-8.90393543243408,"Female"
"9004158",371991,2025-06-29 07:43:25,42.4362525939941,-8.91403961181641,"Female"
"9004158",371991,2025-06-29 07:48:44,42.4508285522461,-8.92372608184814,"Female"
"9004158",371991,2025-06-29 07:53:28,42.4507713317871,-8.9229154586792,"Female"
"9004158",371991,2025-06-29 07:58:30,42.4506950378418,-8.92340469360352,"Female"
"9004158",371991,2025-06-29 08:03:31,42.4506072998047,-8.92303848266602,"Female"
"9004158",371991,2025-06-29 08:08:31,42.4507369995117,-8.92264366149902,"Female"
"9004158",371991,2025-06-29 08:13:32,42.4508323669434,-8.92263603210449,"Female"
"9004158",371991,2025-06-29 08:18:42,42.4527473449707,-8.92414474487305,"Female"
"9004158",371991,2025-06-29 08:24:00,42.4524078369141,-8.92433834075928,"Female"
"9004158",371991,2025-06-29 08:29:02,42.4521217346191,-8.92416000366211,"Female"
"9004158",371991,2025-06-29 08:34:38,42.4532432556152,-8.92400646209717,"Female"
"9004158",371991,2025-06-29 08:49:59,42.4534683227539,-8.92136573791504,"Female"
"9004158",371991,2025-06-29 08:54:26,42.4541320800781,-8.92280673980713,"Female"
"9004158",371991,2025-06-29 08:59:26,42.4545669555664,-8.92311477661133,"Female"
"9004158",371991,2025-06-29 09:04:36,42.4550094604492,-8.92228031158447,"Female"
"9004158",371991,2025-06-29 09:09:56,42.4557189941406,-8.92116355895996,"Female"
"9004158",371991,2025-06-29 09:14:55,42.455924987793,-8.91995143890381,"Female"
"9004158",371991,2025-06-29 09:19:56,42.4549446105957,-8.91994762420654,"Female"
"9004158",371991,2025-06-29 09:24:56,42.4549560546875,-8.92010498046875,"Female"
"9004158",371991,2025-06-29 09:29:56,42.4549865722656,-8.92010116577148,"Female"
"9004158",371991,2025-06-29 09:34:55,42.4550247192383,-8.92011451721191,"Female"
"9004158",371991,2025-06-29 09:39:56,42.4549026489258,-8.92010974884033,"Female"
"9004158",371991,2025-06-29 09:44:56,42.4549789428711,-8.92010974884033,"Female"
"9004158",371991,2025-06-29 09:49:56,42.454948425293,-8.92012882232666,"Female"
"9004158",371991,2025-06-29 09:54:56,42.454963684082,-8.92014122009277,"Female"
"9004158",371991,2025-06-29 09:59:57,42.4549331665039,-8.92016220092773,"Female"
"9004158",371991,2025-06-29 10:04:57,42.4549713134766,-8.92012786865234,"Female"
"9004158",371991,2025-06-29 10:09:56,42.454963684082,-8.92015743255615,"Female"
"9004158",371991,2025-06-29 10:14:56,42.454231262207,-8.92038059234619,"Female"
"9004158",371991,2025-06-29 10:19:56,42.455078125,-8.92016887664795,"Female"
"9004158",371991,2025-06-29 10:24:56,42.4549751281738,-8.92021083831787,"Female"
"9004158",371991,2025-06-29 10:29:56,42.4549751281738,-8.92009162902832,"Female"
"9004158",371991,2025-06-29 10:34:56,42.4549598693848,-8.92020702362061,"Female"
"9004158",371991,2025-06-29 10:39:56,42.4549598693848,-8.92023372650146,"Female"
"9004158",371991,2025-06-29 10:44:56,42.4549560546875,-8.92014503479004,"Female"
"9004158",371991,2025-06-29 10:49:57,42.4549674987793,-8.92016220092773,"Female"
"9004158",371991,2025-06-29 10:54:57,42.4549674987793,-8.92019176483154,"Female"
"9004158",371991,2025-06-29 10:59:57,42.4550628662109,-8.92020130157471,"Female"
"9004158",371991,2025-06-29 11:05:07,42.4549903869629,-8.92009544372559,"Female"
"9004158",371991,2025-06-29 11:09:58,42.4548530578613,-8.91985034942627,"Female"
"9004158",371991,2025-06-29 11:15:40,42.4563102722168,-8.91983413696289,"Female"
"9004158",371991,2025-06-29 11:50:14,42.4519081115723,-8.9223690032959,"Female"
"9004158",371991,2025-06-29 11:54:21,42.4512176513672,-8.92430877685547,"Female"
"9004158",371991,2025-06-29 11:59:23,42.4512252807617,-8.92444324493408,"Female"
"9004158",371991,2025-06-29 12:04:46,42.4516067504883,-8.92527389526367,"Female"
"9004158",371991,2025-06-29 12:09:45,42.4514083862305,-8.92497634887695,"Female"
"9004158",371991,2025-06-29 12:16:16,42.4512100219727,-8.9261417388916,"Female"
"9004158",371991,2025-06-29 12:24:09,42.4512634277344,-8.92714786529541,"Female"
"9004158",371991,2025-06-29 12:29:13,42.4509963989258,-8.92626762390137,"Female"
"9004158",371991,2025-06-29 12:34:10,42.4511489868164,-8.9264440536499,"Female"
"9004158",371991,2025-06-29 12:39:08,42.451114654541,-8.92631435394287,"Female"
"9004158",371991,2025-06-29 12:44:09,42.4510307312012,-8.92629909515381,"Female"
"9004158",371991,2025-06-29 12:49:09,42.4511184692383,-8.9263973236084,"Female"
"9004158",371991,2025-06-29 12:54:09,42.4509582519531,-8.92624187469482,"Female"
"9004158",371991,2025-06-29 12:59:09,42.4510040283203,-8.92637252807617,"Female"
"9004158",371991,2025-06-29 13:04:09,42.4510345458984,-8.92637920379639,"Female"
"9004158",371991,2025-06-29 13:09:10,42.4510726928711,-8.92627429962158,"Female"
"9004158",371991,2025-06-29 13:14:09,42.4511184692383,-8.92634105682373,"Female"
"9004158",371991,2025-06-29 13:19:09,42.451473236084,-8.92636108398438,"Female"
"9004158",371991,2025-06-29 13:24:09,42.4511680603027,-8.92642688751221,"Female"
"9004158",371991,2025-06-29 13:29:09,42.4514389038086,-8.92632484436035,"Female"
"9004158",371991,2025-06-29 13:34:14,42.450870513916,-8.92638683319092,"Female"
"9004158",371991,2025-06-29 13:39:10,42.4510803222656,-8.92635345458984,"Female"
"9004158",371991,2025-06-29 13:44:09,42.4513931274414,-8.92629623413086,"Female"
"9004158",371991,2025-06-29 13:49:09,42.4511947631836,-8.92637062072754,"Female"
"9004158",371991,2025-06-29 13:54:09,42.4511871337891,-8.92641639709473,"Female"
"9004158",371991,2025-06-29 13:59:09,42.4513244628906,-8.92635154724121,"Female"
"9004158",371991,2025-06-29 14:04:09,42.4513549804688,-8.92621517181396,"Female"
"9004158",371991,2025-06-29 14:09:09,42.4512481689453,-8.92639064788818,"Female"
"9004158",371991,2025-06-29 14:14:14,42.4509735107422,-8.92655944824219,"Female"
"9004158",371991,2025-06-29 14:19:09,42.4510841369629,-8.92640686035156,"Female"
"9004158",371991,2025-06-29 14:24:09,42.4511795043945,-8.92629241943359,"Female"
"9004158",371991,2025-06-29 14:29:09,42.4510078430176,-8.9265308380127,"Female"
"9004158",371991,2025-06-29 14:34:14,42.4515838623047,-8.92574977874756,"Female"
"9004158",371991,2025-06-29 14:39:13,42.4513969421387,-8.92622566223145,"Female"
"9004158",371991,2025-06-29 14:44:09,42.4513778686523,-8.9262056350708,"Female"
"9004158",371991,2025-06-29 14:49:09,42.4514007568359,-8.92614078521729,"Female"
"9004158",371991,2025-06-29 14:54:09,42.4515647888184,-8.92587089538574,"Female"
"9004158",371991,2025-06-29 14:59:22,42.4519348144531,-8.92409801483154,"Female"
"9004158",371991,2025-06-29 15:05:05,42.4514808654785,-8.92329788208008,"Female"
"9004158",371991,2025-06-29 15:46:15,42.4520492553711,-8.92277908325195,"Female"
"9004158",371991,2025-06-29 15:50:07,42.4522171020508,-8.92264461517334,"Female"
"9004158",371991,2025-06-29 15:55:08,42.4522972106934,-8.92294788360596,"Female"
"9004158",371991,2025-06-29 16:00:14,42.4521026611328,-8.92294025421143,"Female"
"9004158",371991,2025-06-29 16:05:02,42.4520874023438,-8.92294979095459,"Female"
"9004158",371991,2025-06-29 16:10:00,42.4519729614258,-8.92299842834473,"Female"
"9004158",371991,2025-06-29 16:15:00,42.4521446228027,-8.92301273345947,"Female"
"9004158",371991,2025-06-29 16:20:00,42.4521255493164,-8.92308235168457,"Female"
"9004158",371991,2025-06-29 16:25:01,42.4521484375,-8.92316055297852,"Female"
"9004158",371991,2025-06-29 16:30:00,42.4521675109863,-8.92303657531738,"Female"
"9004158",371991,2025-06-29 16:35:14,42.4522361755371,-8.92312622070312,"Female"
"9004158",371991,2025-06-29 16:40:00,42.4521751403809,-8.9231424331665,"Female"
"9004158",371991,2025-06-29 16:44:59,42.4521827697754,-8.92313671112061,"Female"
"9004158",371991,2025-06-29 16:50:00,42.4523963928223,-8.9230899810791,"Female"
"9004158",371991,2025-06-29 16:55:00,42.4521598815918,-8.92315101623535,"Female"
"9004158",371991,2025-06-29 16:59:59,42.4520950317383,-8.92308616638184,"Female"
"9004158",371991,2025-06-29 17:05:00,42.4521331787109,-8.92300605773926,"Female"
"9004158",371991,2025-06-29 17:10:00,42.4522743225098,-8.92307376861572,"Female"
"9004158",371991,2025-06-29 17:15:02,42.452220916748,-8.92310810089111,"Female"
"9004158",371991,2025-06-29 17:20:01,42.4522285461426,-8.92317008972168,"Female"
"9004158",371991,2025-06-29 17:25:01,42.452262878418,-8.9231538772583,"Female"
"9004158",371991,2025-06-29 17:30:15,42.4522361755371,-8.92323589324951,"Female"
"9004158",371991,2025-06-29 17:35:01,42.451961517334,-8.92300987243652,"Female"
"9004158",371991,2025-06-29 17:40:09,42.4523239135742,-8.92318725585938,"Female"
"9004158",371991,2025-06-29 17:45:08,42.4522399902344,-8.92322540283203,"Female"
"9004158",371991,2025-06-29 17:50:07,42.4523124694824,-8.92316818237305,"Female"
"9004158",371991,2025-06-29 17:55:07,42.4523391723633,-8.9232873916626,"Female"
"9004158",371991,2025-06-29 18:00:02,42.4524726867676,-8.92329883575439,"Female"
"9004158",371991,2025-06-29 18:05:07,42.4521827697754,-8.92322158813477,"Female"
"9004158",371991,2025-06-29 18:10:09,42.452220916748,-8.92328834533691,"Female"
"9004158",371991,2025-06-29 18:15:17,42.4520301818848,-8.92330741882324,"Female"
"9004158",371991,2025-06-29 18:20:05,42.4519653320312,-8.92331218719482,"Female"
"9004158",371991,2025-06-29 18:25:02,42.4519424438477,-8.92321014404297,"Female"
"9004158",371991,2025-06-29 18:30:09,42.4513549804688,-8.92358493804932,"Female"
"9004158",371991,2025-06-29 18:35:01,42.4522819519043,-8.92281055450439,"Female"
"9004158",371991,2025-06-29 18:40:07,42.4502258300781,-8.92401504516602,"Female"
"9004158",371991,2025-06-29 18:45:00,42.4520683288574,-8.92284393310547,"Female"
"9004158",371991,2025-06-29 18:50:35,42.4521408081055,-8.92311763763428,"Female"
"9004158",371991,2025-06-29 18:54:59,42.4522132873535,-8.92305183410645,"Female"
"9004158",371991,2025-06-29 18:59:59,42.4521598815918,-8.92336845397949,"Female"
"9004158",371991,2025-06-29 19:04:59,42.4259223937988,-8.92229080200195,"Female"
"9004158",371991,2025-06-29 19:10:01,42.3994903564453,-8.92226505279541,"Female"
"9004158",371991,2025-06-29 19:15:00,42.3994445800781,-8.92202758789062,"Female"
"9004158",371991,2025-06-29 19:20:01,42.3994445800781,-8.9217700958252,"Female"
"9004158",371991,2025-06-29 19:25:02,42.3994598388672,-8.92199325561523,"Female"
"9004158",371991,2025-06-29 19:30:01,42.3995399475098,-8.92204570770264,"Female"
"9004158",371991,2025-06-29 19:35:09,42.3995094299316,-8.92207050323486,"Female"
"9004158",371991,2025-06-29 19:40:09,42.3994522094727,-8.92202377319336,"Female"
"9004158",371991,2025-06-29 19:45:09,42.3994255065918,-8.92212200164795,"Female"
"9004158",371991,2025-06-29 19:50:09,42.3993148803711,-8.92195987701416,"Female"
"9004158",371991,2025-06-29 19:55:15,42.3994789123535,-8.92179298400879,"Female"
"9004158",371991,2025-06-29 20:00:16,42.3992233276367,-8.92219066619873,"Female"
"9004158",371991,2025-06-29 20:05:14,42.3996429443359,-8.92208480834961,"Female"
"9004158",371991,2025-06-29 20:10:34,42.3996086120605,-8.92210292816162,"Female"
"9004158",371991,2025-06-29 20:15:17,42.3998222351074,-8.92199993133545,"Female"
"9004158",371991,2025-06-29 20:20:45,42.3994331359863,-8.92218971252441,"Female"
"9004158",371991,2025-06-29 20:25:10,42.4002418518066,-8.92201709747314,"Female"
"9004158",371991,2025-06-29 20:30:28,42.3999290466309,-8.92216396331787,"Female"
"9004158",371991,2025-06-29 20:35:13,42.3996810913086,-8.92213344573975,"Female"
"9004158",371991,2025-06-29 20:40:13,42.3994064331055,-8.92211723327637,"Female"
"9004158",371991,2025-06-29 20:45:15,42.3999176025391,-8.92221641540527,"Female"
"9004158",371991,2025-06-29 20:50:12,42.400032043457,-8.92230224609375,"Female"
"9004158",371991,2025-06-29 20:55:09,42.4016761779785,-8.9226541519165,"Female"
"9004158",371991,2025-06-29 21:00:09,42.3995971679688,-8.92225170135498,"Female"
"9004158",371991,2025-06-29 21:05:11,42.399787902832,-8.92221641540527,"Female"
"9004158",371991,2025-06-29 21:10:10,42.4003067016602,-8.92235660552979,"Female"
"9004158",371991,2025-06-29 21:15:11,42.4019546508789,-8.92270088195801,"Female"
"9004158",371991,2025-06-29 21:20:09,42.3986473083496,-8.92194938659668,"Female"
"9004158",371991,2025-06-29 21:25:19,42.4000587463379,-8.92227935791016,"Female"
"9004158",371991,2025-06-29 21:30:09,42.3991279602051,-8.92208480834961,"Female"
"9004158",371991,2025-06-29 21:35:34,42.4004554748535,-8.92193222045898,"Female"
"9004158",371991,2025-06-29 21:40:04,42.400333404541,-8.9222297668457,"Female"
"9004158",371991,2025-06-29 21:46:26,42.4001388549805,-8.92236804962158,"Female"
"9004158",371991,2025-06-29 21:51:26,42.4000511169434,-8.92240333557129,"Female"
"9004158",371991,2025-06-29 21:56:26,42.3999671936035,-8.92237949371338,"Female"
"9004158",371991,2025-06-29 22:00:21,42.3999176025391,-8.92233276367188,"Female"
"9004158",371991,2025-06-29 22:05:44,42.3998527526855,-8.92252254486084,"Female"
"9004158",371991,2025-06-29 22:10:22,42.3998107910156,-8.92275714874268,"Female"
"9004158",371991,2025-06-29 22:15:04,42.3997573852539,-8.92272853851318,"Female"
"9004158",371991,2025-06-29 22:20:08,42.3996772766113,-8.92273330688477,"Female"
"9004158",371991,2025-06-29 22:25:18,42.3996162414551,-8.9228401184082,"Female"
"9004158",371991,2025-06-29 22:30:06,42.3995399475098,-8.92278480529785,"Female"
"9004158",371991,2025-06-29 22:35:11,42.3996391296387,-8.9229621887207,"Female"
"9004158",371991,2025-06-29 22:40:10,42.3995628356934,-8.92282104492188,"Female"
"9004158",371991,2025-06-29 22:45:09,42.3995132446289,-8.92287445068359,"Female"
"9004158",371991,2025-06-29 22:50:14,42.3995132446289,-8.92263221740723,"Female"
"9004158",371991,2025-06-29 22:55:07,42.3994941711426,-8.92302799224854,"Female"
"9004158",371991,2025-06-29 23:00:08,42.3995513916016,-8.92299365997314,"Female"
"9004158",371991,2025-06-29 23:05:09,42.3995018005371,-8.92290878295898,"Female"
"9004158",371991,2025-06-29 23:10:17,42.3992958068848,-8.92305946350098,"Female"
"9004158",371991,2025-06-29 23:15:16,42.399356842041,-8.92330741882324,"Female"
"9004158",371991,2025-06-29 23:20:09,42.3994674682617,-8.92269611358643,"Female"
"9004158",371991,2025-06-29 23:25:06,42.3997192382812,-8.92240810394287,"Female"
"9004158",371991,2025-06-29 23:30:07,42.3991546630859,-8.92248630523682,"Female"
"9004158",371991,2025-06-29 23:35:08,42.3994140625,-8.92222595214844,"Female"
"9004158",371991,2025-06-29 23:40:14,42.3992500305176,-8.92261505126953,"Female"
"9004158",371991,2025-06-29 23:45:35,42.3998527526855,-8.92231464385986,"Female"
"9004158",371991,2025-06-29 23:50:04,42.3995971679688,-8.92206478118896,"Female"
"9004158",371991,2025-06-29 23:55:07,42.3994369506836,-8.92268371582031,"Female"
"9004158",371991,2025-06-30 00:00:12,42.3993949890137,-8.92280197143555,"Female"
"9004158",371991,2025-06-30 00:05:03,42.3987884521484,-8.9227123260498,"Female"
"9004158",371991,2025-06-30 00:10:09,42.3994331359863,-8.92243576049805,"Female"
"9004158",371991,2025-06-30 00:15:04,42.3993797302246,-8.92245483398438,"Female"
"9004158",371991,2025-06-30 00:20:04,42.3993453979492,-8.92237377166748,"Female"
"9004158",371991,2025-06-30 00:25:09,42.3993721008301,-8.92241382598877,"Female"
"9004158",371991,2025-06-30 00:30:09,42.3994102478027,-8.92230606079102,"Female"
"9004158",371991,2025-06-30 00:35:09,42.3995628356934,-8.92237854003906,"Female"
"9004158",371991,2025-06-30 00:40:13,42.3995132446289,-8.92240142822266,"Female"
"9004158",371991,2025-06-30 00:46:26,42.3988876342773,-8.92215347290039,"Female"
"9004158",371991,2025-06-30 00:50:14,42.3992080688477,-8.92272758483887,"Female"
"9004158",371991,2025-06-30 00:55:53,42.400318145752,-8.92248249053955,"Female"
"9004158",371991,2025-06-30 01:01:26,42.3997001647949,-8.92281150817871,"Female"
"9004158",371991,2025-06-30 01:10:48,42.3993301391602,-8.92283058166504,"Female"
"9004158",371991,2025-06-30 01:15:41,42.3995666503906,-8.92258834838867,"Female"
"9004158",371991,2025-06-30 01:20:45,42.3993453979492,-8.92263507843018,"Female"
"9004158",371991,2025-06-30 01:26:26,42.399471282959,-8.92248630523682,"Female"
"9004158",371991,2025-06-30 01:31:09,42.3993682861328,-8.92270278930664,"Female"
"9004158",371991,2025-06-30 01:35:31,42.3991928100586,-8.9228572845459,"Female"
"9004158",371991,2025-06-30 01:40:13,42.3993263244629,-8.92269229888916,"Female"
"9004158",371991,2025-06-30 01:45:25,42.3991813659668,-8.92248916625977,"Female"
"9004158",371991,2025-06-30 01:50:32,42.3997077941895,-8.92267227172852,"Female"
"9004158",371991,2025-06-30 01:55:09,42.3994293212891,-8.92203235626221,"Female"
"9004158",371991,2025-06-30 02:00:09,42.399356842041,-8.92185401916504,"Female"
"9004158",371991,2025-06-30 02:05:06,42.3995018005371,-8.92225742340088,"Female"
"9004158",371991,2025-06-30 02:10:11,42.3996047973633,-8.92219734191895,"Female"
"9004158",371991,2025-06-30 02:15:08,42.3993797302246,-8.92199993133545,"Female"
"9004158",371991,2025-06-30 02:20:09,42.3994331359863,-8.92203330993652,"Female"
"9004158",371991,2025-06-30 02:25:11,42.3995246887207,-8.92221736907959,"Female"
"9004158",371991,2025-06-30 02:30:09,42.3996810913086,-8.92257881164551,"Female"
"9004158",371991,2025-06-30 02:35:09,42.3994331359863,-8.9221363067627,"Female"
"9004158",371991,2025-06-30 02:40:10,42.3994102478027,-8.92182159423828,"Female"
"9004158",371991,2025-06-30 02:45:11,42.3997077941895,-8.92244148254395,"Female"
"9004158",371991,2025-06-30 02:50:16,42.3994941711426,-8.92194938659668,"Female"
"9004158",371991,2025-06-30 02:55:09,42.3994216918945,-8.92198944091797,"Female"
"9004158",371991,2025-06-30 03:00:30,42.3993644714355,-8.92193698883057,"Female"
"9004158",371991,2025-06-30 03:06:20,42.3993873596191,-8.92194080352783,"Female"
"9004158",371991,2025-06-30 03:11:07,42.3992881774902,-8.92189788818359,"Female"
"9004158",371991,2025-06-30 03:15:19,42.3999328613281,-8.92233562469482,"Female"
"9004158",371991,2025-06-30 03:20:49,42.3995590209961,-8.92235565185547,"Female"
"9004158",371991,2025-06-30 03:25:08,42.3995666503906,-8.92236614227295,"Female"
"9004158",371991,2025-06-30 03:30:04,42.3994064331055,-8.92220306396484,"Female"
"9004158",371991,2025-06-30 03:35:03,42.3994255065918,-8.92232227325439,"Female"
"9004158",371991,2025-06-30 03:40:22,42.400333404541,-8.92238521575928,"Female"
"9004158",371991,2025-06-30 03:45:17,42.3993263244629,-8.9218807220459,"Female"
"9004158",371991,2025-06-30 03:50:09,42.3993492126465,-8.92191028594971,"Female"
"9004158",371991,2025-06-30 03:55:16,42.3993148803711,-8.92219352722168,"Female"
"9004158",371991,2025-06-30 04:01:26,42.3992919921875,-8.92212963104248,"Female"
"9004158",371991,2025-06-30 04:05:25,42.3993377685547,-8.92238140106201,"Female"
"9004158",371991,2025-06-30 04:10:16,42.3993453979492,-8.9221773147583,"Female"
"9004158",371991,2025-06-30 04:16:18,42.3993072509766,-8.92226028442383,"Female"
"9004158",371991,2025-06-30 04:20:32,42.3993911743164,-8.92228984832764,"Female"
"9004158",371991,2025-06-30 04:26:26,42.3992233276367,-8.92232418060303,"Female"
"9004158",371991,2025-06-30 04:31:25,42.3992004394531,-8.92235469818115,"Female"
"9004158",371991,2025-06-30 04:35:20,42.3991622924805,-8.9223804473877,"Female"
"9004158",371991,2025-06-30 04:40:07,42.3992042541504,-8.92229461669922,"Female"
"9004158",371991,2025-06-30 04:45:10,42.3976974487305,-8.92052268981934,"Female"
"9004158",371991,2025-06-30 04:50:03,42.397632598877,-8.92093658447266,"Female"
"9004158",371991,2025-06-30 04:55:03,42.397632598877,-8.92046165466309,"Female"
"9004158",371991,2025-06-30 05:00:04,42.3977508544922,-8.92034149169922,"Female"
"9004158",371991,2025-06-30 05:05:03,42.3976936340332,-8.92061614990234,"Female"
"9004158",371991,2025-06-30 05:10:06,42.3976554870605,-8.92050075531006,"Female"
"9004158",371991,2025-06-30 05:15:03,42.3977012634277,-8.92072200775146,"Female"
"9004158",371991,2025-06-30 05:20:06,42.3976020812988,-8.92043590545654,"Female"
"9004158",371991,2025-06-30 05:25:12,42.3975830078125,-8.92039203643799,"Female"
"9004158",371991,2025-06-30 05:30:35,42.3976783752441,-8.92035675048828,"Female"
"9004158",371991,2025-06-30 05:35:03,42.397575378418,-8.92016887664795,"Female"
"9004158",371991,2025-06-30 05:40:08,42.3977699279785,-8.92055130004883,"Female"
"9004158",371991,2025-06-30 05:45:12,42.3975601196289,-8.92052745819092,"Female"
"9004158",371991,2025-06-30 05:50:03,42.3974838256836,-8.9201602935791,"Female"
"9004158",371991,2025-06-30 05:55:09,42.3976974487305,-8.92036914825439,"Female"
"9004158",371991,2025-06-30 06:00:12,42.3977851867676,-8.92030429840088,"Female"
"9004158",371991,2025-06-30 06:05:06,42.3978271484375,-8.92025852203369,"Female"
"9004158",371991,2025-06-30 06:10:03,42.3978233337402,-8.9202241897583,"Female"
"9004158",371991,2025-06-30 06:15:06,42.3977470397949,-8.92025661468506,"Female"
"9004158",371991,2025-06-30 06:20:06,42.3977546691895,-8.92022228240967,"Female"
"9004158",371991,2025-06-30 06:25:08,42.3977394104004,-8.92034244537354,"Female"
"9004158",371991,2025-06-30 06:30:08,42.3977546691895,-8.92012023925781,"Female"
"9004158",371991,2025-06-30 06:35:08,42.3977813720703,-8.92003726959229,"Female"
"9004158",371991,2025-06-30 06:40:09,42.398567199707,-8.91794013977051,"Female"
"9004158",371991,2025-06-30 06:45:14,42.398380279541,-8.91672992706299,"Female"
"9004158",371991,2025-06-30 06:50:13,42.3981513977051,-8.91506958007812,"Female"
"9004158",371991,2025-06-30 06:55:18,42.3986282348633,-8.90855312347412,"Female"
"9004158",371991,2025-06-30 07:00:26,42.4052696228027,-8.90425777435303,"Female"
"9004158",371991,2025-06-30 07:06:02,42.4068412780762,-8.8982982635498,"Female"
"9004158",371991,2025-06-30 07:11:03,42.4067878723145,-8.89811134338379,"Female"
"9004158",371991,2025-06-30 07:16:04,42.4062767028809,-8.89823341369629,"Female"
"9004158",371991,2025-06-30 07:21:09,42.4068412780762,-8.89866924285889,"Female"
"9004158",371991,2025-06-30 07:26:03,42.4132957458496,-8.90104579925537,"Female"
"9004158",371991,2025-06-30 07:31:23,42.4468765258789,-8.91717433929443,"Female"
"9004158",371991,2025-06-30 07:35:50,42.4507637023926,-8.922438621521,"Female"
"9004158",371991,2025-06-30 07:40:50,42.4507026672363,-8.92275619506836,"Female"
"9004158",371991,2025-06-30 07:45:53,42.450740814209,-8.9231481552124,"Female"
"9004158",371991,2025-06-30 07:50:51,42.4508972167969,-8.92238616943359,"Female"
"9004158",371991,2025-06-30 07:55:52,42.4506568908691,-8.9229154586792,"Female"
"9004158",371991,2025-06-30 08:00:50,42.4507942199707,-8.9223804473877,"Female"
"9004158",371991,2025-06-30 08:05:50,42.4507369995117,-8.92253398895264,"Female"
"9004158",371991,2025-06-30 08:10:50,42.4507789611816,-8.92230796813965,"Female"
"9004158",371991,2025-06-30 08:15:53,42.4507751464844,-8.92229461669922,"Female"
"9004158",371991,2025-06-30 08:20:50,42.450756072998,-8.92252540588379,"Female"
"9004158",371991,2025-06-30 08:25:50,42.4507598876953,-8.92234897613525,"Female"
"9004158",371991,2025-06-30 08:30:50,42.4507522583008,-8.92234230041504,"Female"
"9004158",371991,2025-06-30 08:35:50,42.4508056640625,-8.92242240905762,"Female"
"9004158",371991,2025-06-30 08:40:54,42.4508171081543,-8.92235279083252,"Female"
"9004158",371991,2025-06-30 08:45:50,42.4506950378418,-8.92230701446533,"Female"
"9004158",371991,2025-06-30 08:50:53,42.4507598876953,-8.92232227325439,"Female"
"9004158",371991,2025-06-30 08:55:50,42.4506912231445,-8.92232990264893,"Female"
"9004158",371991,2025-06-30 09:00:51,42.4505729675293,-8.92242240905762,"Female"
"9004158",371991,2025-06-30 09:05:52,42.4508895874023,-8.92230606079102,"Female"
"9004158",371991,2025-06-30 09:10:52,42.4506454467773,-8.92241859436035,"Female"
"9004158",371991,2025-06-30 09:15:52,42.4508323669434,-8.92234039306641,"Female"
"9004158",371991,2025-06-30 09:20:52,42.4509124755859,-8.92230892181396,"Female"
"9004158",371991,2025-06-30 09:25:55,42.4508399963379,-8.92228031158447,"Female"
"9004158",371991,2025-06-30 09:31:23,42.4511032104492,-8.92223167419434,"Female"
"9004158",371991,2025-06-30 09:35:50,42.451042175293,-8.92213153839111,"Female"
"9004158",371991,2025-06-30 09:40:50,42.4511375427246,-8.92224311828613,"Female"
"9004158",371991,2025-06-30 09:45:52,42.4509124755859,-8.92199897766113,"Female"
"9004158",371991,2025-06-30 09:51:14,42.4513511657715,-8.92237186431885,"Female"
"9004158",371991,2025-06-30 09:59:36,42.4514274597168,-8.92377853393555,"Female"
"9004158",371991,2025-06-30 10:18:46,42.4537811279297,-8.92335319519043,"Female"
"9004158",371991,2025-06-30 10:26:53,42.4533882141113,-8.92335319519043,"Female"
"9004158",371991,2025-06-30 10:34:37,42.452522277832,-8.92286109924316,"Female"
"9004158",371991,2025-06-30 10:39:54,42.4514961242676,-8.92310619354248,"Female"
"9004158",371991,2025-06-30 10:47:09,42.4523315429688,-8.92281341552734,"Female"
"9004158",371991,2025-06-30 10:55:34,42.451530456543,-8.92250347137451,"Female"
"9004158",371991,2025-06-30 11:00:35,42.4514770507812,-8.92256736755371,"Female"
"9004158",371991,2025-06-30 11:05:12,42.451473236084,-8.92248344421387,"Female"
"9004158",371991,2025-06-30 11:10:12,42.4514923095703,-8.92254066467285,"Female"
"9004158",371991,2025-06-30 11:15:11,42.4515151977539,-8.92263317108154,"Female"
"9004158",371991,2025-06-30 11:20:14,42.4514694213867,-8.92258167266846,"Female"
"9004158",371991,2025-06-30 11:25:12,42.4514770507812,-8.92251873016357,"Female"
"9004158",371991,2025-06-30 11:30:14,42.4514808654785,-8.92249202728271,"Female"
"9004158",371991,2025-06-30 11:35:12,42.451488494873,-8.92246627807617,"Female"
"9004158",371991,2025-06-30 11:40:15,42.4515075683594,-8.92257499694824,"Female"
"9004158",371991,2025-06-30 11:45:14,42.4513244628906,-8.92442607879639,"Female"
"9004158",371991,2025-06-30 11:50:24,42.451530456543,-8.92727470397949,"Female"
"9004158",371991,2025-06-30 11:56:07,42.4516105651855,-8.92784214019775,"Female"
"9004158",371991,2025-06-30 12:14:03,42.4515914916992,-8.92981624603271,"Female"
"9004158",371991,2025-06-30 12:36:35,42.4537696838379,-8.93202877044678,"Female"
"9004158",371991,2025-06-30 12:41:38,42.4538345336914,-8.93200016021729,"Female"
"9004158",371991,2025-06-30 12:46:46,42.4544486999512,-8.93205642700195,"Female"
"9004158",371991,2025-06-30 12:51:56,42.4537010192871,-8.93170833587646,"Female"
"9004158",371991,2025-06-30 12:57:27,42.4534873962402,-8.93221855163574,"Female"
"9004158",371991,2025-06-30 13:02:25,42.4535942077637,-8.93236064910889,"Female"
"9004158",371991,2025-06-30 13:07:26,42.4535369873047,-8.93229007720947,"Female"
"9004158",371991,2025-06-30 13:12:26,42.4535369873047,-8.93235111236572,"Female"
"9004158",371991,2025-06-30 13:17:26,42.4533920288086,-8.93218803405762,"Female"
"9004158",371991,2025-06-30 13:22:26,42.4535179138184,-8.93227958679199,"Female"
"9004158",371991,2025-06-30 13:27:26,42.4534149169922,-8.93216609954834,"Female"
"9004158",371991,2025-06-30 13:32:26,42.4535255432129,-8.93229198455811,"Female"
"9004158",371991,2025-06-30 13:37:29,42.4537048339844,-8.93266582489014,"Female"
"9004158",371991,2025-06-30 13:42:27,42.4531898498535,-8.93158149719238,"Female"
"9004158",371991,2025-06-30 13:48:00,42.4542846679688,-8.9323205947876,"Female"
"9004158",371991,2025-06-30 13:53:10,42.4538955688477,-8.93176364898682,"Female"
"9004158",371991,2025-06-30 13:58:17,42.4529457092285,-8.93106365203857,"Female"
"9004158",371991,2025-06-30 14:08:56,42.4521331787109,-8.92933368682861,"Female"
"9004158",371991,2025-06-30 14:14:31,42.4518508911133,-8.92931652069092,"Female"
"9004158",371991,2025-06-30 14:23:43,42.4508476257324,-8.92760848999023,"Female"
"9004158",371991,2025-06-30 14:30:59,42.4510917663574,-8.9242467880249,"Female"
"9004158",371991,2025-06-30 14:35:45,42.4511756896973,-8.92433452606201,"Female"
"9004158",371991,2025-06-30 14:40:25,42.4511184692383,-8.92434406280518,"Female"
"9004158",371991,2025-06-30 14:45:26,42.4510078430176,-8.92409992218018,"Female"
"9004158",371991,2025-06-30 14:50:39,42.4509429931641,-8.92385005950928,"Female"
"9004158",371991,2025-06-30 14:55:26,42.4510879516602,-8.92434024810791,"Female"
"9004158",371991,2025-06-30 15:00:27,42.4510345458984,-8.92428302764893,"Female"
"9004158",371991,2025-06-30 15:05:26,42.4511642456055,-8.92447376251221,"Female"
"9004158",371991,2025-06-30 15:10:44,42.4512138366699,-8.92448711395264,"Female"
"9004158",371991,2025-06-30 15:15:25,42.4511947631836,-8.92450618743896,"Female"
"9004158",371991,2025-06-30 15:20:25,42.4512329101562,-8.92472457885742,"Female"
"9004158",371991,2025-06-30 15:25:26,42.4512519836426,-8.92449569702148,"Female"
"9004158",371991,2025-06-30 15:30:26,42.4511566162109,-8.92459869384766,"Female"
"9004158",371991,2025-06-30 15:35:26,42.4514122009277,-8.92462348937988,"Female"
"9004158",371991,2025-06-30 15:40:25,42.4512481689453,-8.92447948455811,"Female"
"9004158",371991,2025-06-30 15:45:45,42.4512596130371,-8.92485523223877,"Female"
"9004158",371991,2025-06-30 15:50:42,42.451229095459,-8.9245138168335,"Female"
"9004158",371991,2025-06-30 15:55:30,42.45166015625,-8.92560195922852,"Female"
"9004158",371991,2025-06-30 16:00:37,42.4511566162109,-8.92461776733398,"Female"
"9004158",371991,2025-06-30 16:05:28,42.4515533447266,-8.92544078826904,"Female"
"9004158",371991,2025-06-30 16:10:37,42.4512062072754,-8.92458438873291,"Female"
"9004158",371991,2025-06-30 16:15:31,42.451789855957,-8.92562484741211,"Female"
"9004158",371991,2025-06-30 16:20:37,42.4511756896973,-8.92451477050781,"Female"
"9004158",371991,2025-06-30 16:25:32,42.4512176513672,-8.92438793182373,"Female"
"9004158",371991,2025-06-30 16:30:37,42.4511680603027,-8.92442226409912,"Female"
"9004158",371991,2025-06-30 16:35:37,42.451171875,-8.92448902130127,"Female"
"9004158",371991,2025-06-30 16:40:30,42.4510192871094,-8.92413139343262,"Female"
"9004158",371991,2025-06-30 16:45:45,42.4501762390137,-8.92326354980469,"Female"
"9004158",371991,2025-06-30 16:50:29,42.4509925842285,-8.92433547973633,"Female"
"9004158",371991,2025-06-30 16:55:37,42.4500312805176,-8.92318248748779,"Female"
"9004158",371991,2025-06-30 17:00:37,42.4500923156738,-8.92324256896973,"Female"
"9004158",371991,2025-06-30 17:05:37,42.4503517150879,-8.92357349395752,"Female"
"9004158",371991,2025-06-30 17:10:42,42.4507789611816,-8.92401790618896,"Female"
"9004158",371991,2025-06-30 17:15:29,42.4511299133301,-8.92428112030029,"Female"
"9004158",371991,2025-06-30 17:20:29,42.4517440795898,-8.92509174346924,"Female"
"9004158",371991,2025-06-30 17:25:29,42.4514312744141,-8.92467212677002,"Female"
"9004158",371991,2025-06-30 17:30:44,42.4510345458984,-8.92431735992432,"Female"
"9004158",371991,2025-06-30 17:35:27,42.4514465332031,-8.92380905151367,"Female"
"9004158",371991,2025-06-30 17:40:30,42.4515800476074,-8.92430019378662,"Female"
"9004158",371991,2025-06-30 18:02:20,42.4514122009277,-8.92241477966309,"Female"
"9004158",371991,2025-06-30 18:08:01,42.4509544372559,-8.92271137237549,"Female"
"9004158",371991,2025-06-30 18:12:42,42.4510765075684,-8.92307472229004,"Female"
"9004158",371991,2025-06-30 18:17:40,42.450984954834,-8.92230892181396,"Female"
"9004158",371991,2025-06-30 18:22:51,42.4509925842285,-8.92263889312744,"Female"
"9004158",371991,2025-06-30 18:27:48,42.4509696960449,-8.92244148254395,"Female"
"9004158",371991,2025-06-30 18:32:59,42.4510650634766,-8.92251396179199,"Female"
"9004158",371991,2025-06-30 18:37:28,42.4510498046875,-8.92261505126953,"Female"
"9004158",371991,2025-06-30 18:42:29,42.4510612487793,-8.92257022857666,"Female"
"9004158",371991,2025-06-30 18:47:28,42.4510498046875,-8.92245483398438,"Female"
"9004158",371991,2025-06-30 18:52:28,42.4510536193848,-8.92247867584229,"Female"
"9004158",371991,2025-06-30 18:57:28,42.4510154724121,-8.92245674133301,"Female"
"9004158",371991,2025-06-30 19:02:28,42.4510078430176,-8.92243003845215,"Female"
"9004158",371991,2025-06-30 19:07:29,42.4510231018066,-8.92254734039307,"Female"
"9004158",371991,2025-06-30 19:12:28,42.4509391784668,-8.92240810394287,"Female"
"9004158",371991,2025-06-30 19:17:29,42.4510231018066,-8.92252445220947,"Female"
"9004158",371991,2025-06-30 19:22:29,42.4510154724121,-8.92266082763672,"Female"
"9004158",371991,2025-06-30 19:27:29,42.4309349060059,-8.92296028137207,"Female"
"9004158",371991,2025-06-30 19:32:45,42.3994293212891,-8.92135524749756,"Female"
"9004158",371991,2025-06-30 19:37:42,42.399284362793,-8.92295932769775,"Female"
"9004158",371991,2025-06-30 19:42:39,42.3994102478027,-8.92209053039551,"Female"
"9004158",371991,2025-06-30 19:48:18,42.3994064331055,-8.92207908630371,"Female"
"9004158",371991,2025-06-30 19:52:37,42.3994636535645,-8.92210292816162,"Female"
"9004158",371991,2025-06-30 19:57:37,42.3996658325195,-8.92199611663818,"Female"
"9004158",371991,2025-06-30 20:03:48,42.3994941711426,-8.92226600646973,"Female"
"9004158",371991,2025-06-30 20:08:52,42.3992881774902,-8.92212581634521,"Female"
"9004158",371991,2025-06-30 20:12:44,42.3993110656738,-8.92213153839111,"Female"
"9004158",371991,2025-06-30 20:17:37,42.3991508483887,-8.92232227325439,"Female"
"9004158",371991,2025-06-30 20:22:36,42.399356842041,-8.92232608795166,"Female"
"9004158",371991,2025-06-30 20:28:05,42.3995094299316,-8.92233180999756,"Female"
"9004158",371991,2025-06-30 20:32:34,42.3994369506836,-8.92237281799316,"Female"
"9004158",371991,2025-06-30 20:37:29,42.3995399475098,-8.92222785949707,"Female"
"9004158",371991,2025-06-30 20:42:48,42.3994445800781,-8.92229175567627,"Female"
"9004158",371991,2025-06-30 20:47:42,42.3994102478027,-8.92232322692871,"Female"
"9004158",371991,2025-06-30 20:52:35,42.3993873596191,-8.92216110229492,"Female"
"9004158",371991,2025-06-30 20:58:14,42.3994369506836,-8.92229270935059,"Female"
"9004158",371991,2025-06-30 21:02:30,42.3994560241699,-8.92224407196045,"Female"
"9004158",371991,2025-06-30 21:07:39,42.3993797302246,-8.92230129241943,"Female"
"9004158",371991,2025-06-30 21:12:43,42.3992538452148,-8.92220783233643,"Female"
"9004158",371991,2025-06-30 21:17:30,42.3996543884277,-8.92207622528076,"Female"
"9004158",371991,2025-06-30 21:22:37,42.3990898132324,-8.92239475250244,"Female"
"9004158",371991,2025-06-30 21:27:37,42.3996162414551,-8.9218111038208,"Female"
"9004158",371991,2025-06-30 21:32:31,42.3995361328125,-8.92262649536133,"Female"
"9004158",371991,2025-06-30 21:37:41,42.4004859924316,-8.92181491851807,"Female"
"9004158",371991,2025-06-30 21:42:47,42.39990234375,-8.92203617095947,"Female"
"9004158",371991,2025-06-30 21:48:52,42.3980445861816,-8.92311668395996,"Female"
"9004158",371991,2025-06-30 21:53:52,42.3983955383301,-8.92282104492188,"Female"
"9004158",371991,2025-06-30 21:58:52,42.3989677429199,-8.92273426055908,"Female"
"9004158",371991,2025-06-30 22:02:37,42.3990898132324,-8.92272567749023,"Female"
"9004158",371991,2025-06-30 22:08:52,42.3991088867188,-8.92263317108154,"Female"
"9004158",371991,2025-06-30 22:13:52,42.3991470336914,-8.92259407043457,"Female"
"9004158",371991,2025-06-30 22:18:52,42.398983001709,-8.92265033721924,"Female"
"9004158",371991,2025-06-30 22:22:41,42.3985824584961,-8.92271995544434,"Female"
"9004158",371991,2025-06-30 22:27:46,42.3992614746094,-8.92246913909912,"Female"
"9004158",371991,2025-06-30 22:33:52,42.3989410400391,-8.92248916625977,"Female"
"9004158",371991,2025-06-30 22:37:59,42.3995742797852,-8.92285442352295,"Female"
"9004158",371991,2025-06-30 22:42:32,42.3996124267578,-8.92286205291748,"Female"
"9004158",371991,2025-06-30 22:47:37,42.3996772766113,-8.92283153533936,"Female"
"9004158",371991,2025-06-30 22:52:31,42.3987503051758,-8.92252159118652,"Female"
"9004158",371991,2025-06-30 22:57:42,42.3992156982422,-8.92183399200439,"Female"
"9004158",371991,2025-06-30 23:02:30,42.3996162414551,-8.92189884185791,"Female"
"9004158",371991,2025-06-30 23:07:37,42.3993034362793,-8.92207527160645,"Female"
"9004158",371991,2025-06-30 23:12:40,42.3993644714355,-8.92234897613525,"Female"
"9004158",371991,2025-06-30 23:17:37,42.3994178771973,-8.92249393463135,"Female"
"9004158",371991,2025-06-30 23:22:39,42.3994750976562,-8.92229843139648,"Female"
"9004158",371991,2025-06-30 23:27:37,42.399471282959,-8.92234420776367,"Female"
"9004158",371991,2025-06-30 23:32:39,42.3994445800781,-8.92238521575928,"Female"
"9004158",371991,2025-06-30 23:37:40,42.3994674682617,-8.92233371734619,"Female"
"9004158",371991,2025-06-30 23:42:42,42.3994445800781,-8.92260932922363,"Female"
"9004158",371991,2025-06-30 23:47:37,42.399543762207,-8.92246913909912,"Female"
"9004158",371991,2025-06-30 23:52:37,42.3993301391602,-8.92286109924316,"Female"
"9004158",371991,2025-06-30 23:57:37,42.399486541748,-8.92270278930664,"Female"
"9004158",371991,2025-07-01 00:03:05,42.3994598388672,-8.9218921661377,"Female"
"9004158",371991,2025-07-01 00:07:31,42.3993225097656,-8.92160415649414,"Female"
"9004158",371991,2025-07-01 00:12:38,42.3993835449219,-8.92177104949951,"Female"
"9004158",371991,2025-07-01 00:17:30,42.3992614746094,-8.92164707183838,"Female"
"9004158",371991,2025-07-01 00:22:35,42.3994445800781,-8.92183399200439,"Female"
"9004158",371991,2025-07-01 00:27:44,42.3993949890137,-8.92177867889404,"Female"
"9004158",371991,2025-07-01 00:32:32,42.3993835449219,-8.92169761657715,"Female"
"9004158",371991,2025-07-01 00:37:35,42.399341583252,-8.92154407501221,"Female"
"9004158",371991,2025-07-01 00:42:34,42.3991355895996,-8.92221450805664,"Female"
"9004158",371991,2025-07-01 00:47:37,42.3986511230469,-8.92276859283447,"Female"
"9004158",371991,2025-07-01 00:52:36,42.39892578125,-8.92223262786865,"Female"
"9004158",371991,2025-07-01 00:58:14,42.3991355895996,-8.92231369018555,"Female"
"9004158",371991,2025-07-01 01:02:36,42.3988914489746,-8.92249965667725,"Female"
"9004158",371991,2025-07-01 01:08:26,42.3991889953613,-8.92206573486328,"Female"
"9004158",371991,2025-07-01 01:12:32,42.3986511230469,-8.92256355285645,"Female"
"9004158",371991,2025-07-01 01:17:31,42.3995018005371,-8.92221832275391,"Female"
"9004158",371991,2025-07-01 01:22:51,42.3993339538574,-8.92240142822266,"Female"
"9004158",371991,2025-07-01 01:27:44,42.3994216918945,-8.92245674133301,"Female"
"9004158",371991,2025-07-01 01:32:41,42.3994941711426,-8.92230415344238,"Female"
"9004158",371991,2025-07-01 01:37:41,42.3994407653809,-8.92271709442139,"Female"
"9004158",371991,2025-07-01 01:42:31,42.3988418579102,-8.92205238342285,"Female"
"9004158",371991,2025-07-01 01:47:37,42.3994102478027,-8.92244434356689,"Female"
"9004158",371991,2025-07-01 01:52:34,42.3994598388672,-8.92256832122803,"Female"
"9004158",371991,2025-07-01 01:57:35,42.399471282959,-8.92280960083008,"Female"
"9004158",371991,2025-07-01 02:02:31,42.3992080688477,-8.92245388031006,"Female"
"9004158",371991,2025-07-01 02:07:37,42.3994750976562,-8.92288398742676,"Female"
"9004158",371991,2025-07-01 02:12:31,42.3993988037109,-8.92273426055908,"Female"
"9004158",371991,2025-07-01 02:18:05,42.3996696472168,-8.92312622070312,"Female"
"9004158",371991,2025-07-01 02:22:30,42.3995323181152,-8.92258834838867,"Female"
"9004158",371991,2025-07-01 02:27:39,42.3991470336914,-8.92130565643311,"Female"
"9004158",371991,2025-07-01 02:32:38,42.3991584777832,-8.92221927642822,"Female"
"9004158",371991,2025-07-01 02:37:34,42.3994216918945,-8.9223108291626,"Female"
"9004158",371991,2025-07-01 02:43:14,42.3995513916016,-8.92237377166748,"Female"
"9004158",371991,2025-07-01 02:48:52,42.3995132446289,-8.92244148254395,"Female"
"9004158",371991,2025-07-01 02:53:52,42.3990898132324,-8.92257690429688,"Female"
"9004158",371991,2025-07-01 02:58:52,42.3991851806641,-8.922532081604,"Female"
"9004158",371991,2025-07-01 03:03:44,42.3994369506836,-8.92252445220947,"Female"
"9004158",371991,2025-07-01 03:07:44,42.3991775512695,-8.92249011993408,"Female"
"9004158",371991,2025-07-01 03:12:32,42.3993873596191,-8.92254447937012,"Female"
"9004158",371991,2025-07-01 03:17:32,42.3993453979492,-8.92246532440186,"Female"
"9004158",371991,2025-07-01 03:22:37,42.3993835449219,-8.92200756072998,"Female"
"9004158",371991,2025-07-01 03:27:31,42.399772644043,-8.92095565795898,"Female"
"9004158",371991,2025-07-01 03:32:37,42.3994255065918,-8.92222785949707,"Female"
"9004158",371991,2025-07-01 03:37:34,42.3997764587402,-8.92217063903809,"Female"
"9004158",371991,2025-07-01 03:42:35,42.3992462158203,-8.92252159118652,"Female"
"9004158",371991,2025-07-01 03:48:44,42.3996047973633,-8.92235946655273,"Female"
"9004158",371991,2025-07-01 03:52:37,42.3994903564453,-8.92212677001953,"Female"
"9004158",371991,2025-07-01 03:57:37,42.3994750976562,-8.92226409912109,"Female"
"9004158",371991,2025-07-01 04:02:38,42.3992538452148,-8.92206382751465,"Female"
"9004158",371991,2025-07-01 04:07:49,42.3993072509766,-8.92215442657471,"Female"
"9004158",371991,2025-07-01 04:13:52,42.3992347717285,-8.92229175567627,"Female"
"9004158",371991,2025-07-01 04:17:57,42.3993492126465,-8.92232894897461,"Female"
"9004158",371991,2025-07-01 04:23:52,42.3991966247559,-8.92244625091553,"Female"
"9004158",371991,2025-07-01 04:28:26,42.399471282959,-8.92232513427734,"Female"
"9004158",371991,2025-07-01 04:32:39,42.3993682861328,-8.92226505279541,"Female"
"9004158",371991,2025-07-01 04:38:52,42.3994979858398,-8.92218589782715,"Female"
"9004158",371991,2025-07-01 04:43:52,42.3994827270508,-8.92219924926758,"Female"
"9004158",371991,2025-07-01 04:48:38,42.399600982666,-8.9222583770752,"Female"
"9004158",371991,2025-07-01 04:52:30,42.3995094299316,-8.92233943939209,"Female"
"9004158",371991,2025-07-01 04:57:30,42.3974723815918,-8.92023944854736,"Female"
"9004158",371991,2025-07-01 05:02:31,42.3979263305664,-8.92057609558105,"Female"
"9004158",371991,2025-07-01 05:07:42,42.3976440429688,-8.92045021057129,"Female"
"9004158",371991,2025-07-01 05:12:30,42.3976783752441,-8.92030334472656,"Female"
"9004158",371991,2025-07-01 05:17:38,42.3976707458496,-8.92072105407715,"Female"
"9004158",371991,2025-07-01 05:22:32,42.3976516723633,-8.92030048370361,"Female"
"9004158",371991,2025-07-01 05:27:28,42.3974685668945,-8.9202880859375,"Female"
"9004158",371991,2025-07-01 05:32:29,42.3973197937012,-8.92041015625,"Female"
"9004158",371991,2025-07-01 05:37:29,42.3975524902344,-8.92041301727295,"Female"
"9004158",371991,2025-07-01 05:42:32,42.3976745605469,-8.92036056518555,"Female"
"9004158",371991,2025-07-01 05:47:44,42.3977165222168,-8.92036151885986,"Female"
"9004158",371991,2025-07-01 05:52:28,42.3977813720703,-8.92029190063477,"Female"
"9004158",371991,2025-07-01 05:57:37,42.3976860046387,-8.9204216003418,"Female"
"9004158",371991,2025-07-01 06:02:44,42.3976783752441,-8.92040061950684,"Female"
"9004158",371991,2025-07-01 06:07:28,42.3977203369141,-8.92028427124023,"Female"
"9004158",371991,2025-07-01 06:12:28,42.397819519043,-8.9204158782959,"Female"
"9004158",371991,2025-07-01 06:17:31,42.3977355957031,-8.92047786712646,"Female"
"9004158",371991,2025-07-01 06:22:31,42.3976593017578,-8.92043399810791,"Female"
"9004158",371991,2025-07-01 06:27:37,42.3981285095215,-8.91792678833008,"Female"
"9004158",371991,2025-07-01 06:32:28,42.3973541259766,-8.91670513153076,"Female"
"9004158",371991,2025-07-01 06:37:29,42.3964538574219,-8.91611671447754,"Female"
"9004158",371991,2025-07-01 06:42:32,42.3983345031738,-8.90644264221191,"Female"
"9004158",371991,2025-07-01 06:53:23,42.4043884277344,-8.90157699584961,"Female"
"9004158",371991,2025-07-01 06:58:24,42.4027366638184,-8.90141487121582,"Female"
"9004158",371991,2025-07-01 07:03:52,42.4030990600586,-8.89992618560791,"Female"
"9004158",371991,2025-07-01 07:10:03,42.4025650024414,-8.90187168121338,"Female"
"9004158",371991,2025-07-01 07:15:01,42.4081611633301,-8.90313816070557,"Female"
"9004158",371991,2025-07-01 07:20:01,42.4328727722168,-8.91429710388184,"Female"
"9004158",371991,2025-07-01 07:25:03,42.4507179260254,-8.92371082305908,"Female"
"9004158",371991,2025-07-01 07:30:01,42.4507751464844,-8.92370986938477,"Female"
"9004158",371991,2025-07-01 07:35:00,42.4510536193848,-8.92365264892578,"Female"
"9004158",371991,2025-07-01 07:40:01,42.4518737792969,-8.92309188842773,"Female"
"9004158",371991,2025-07-01 07:45:01,42.4517364501953,-8.92312812805176,"Female"
"9004158",371991,2025-07-01 07:50:15,42.4515609741211,-8.92329502105713,"Female"
"9004158",371991,2025-07-01 07:54:50,42.4520072937012,-8.9235954284668,"Female"
"9004158",371991,2025-07-01 07:59:51,42.4519844055176,-8.92375755310059,"Female"
"9004158",371991,2025-07-01 08:04:50,42.452075958252,-8.92381000518799,"Female"
"9004158",371991,2025-07-01 08:09:55,42.4538955688477,-8.92356777191162,"Female"
"9004158",371991,2025-07-01 08:14:51,42.4538955688477,-8.92373275756836,"Female"
"9004158",371991,2025-07-01 08:20:09,42.4547080993652,-8.92410469055176,"Female"
"9004158",371991,2025-07-01 08:25:54,42.455738067627,-8.92366981506348,"Female"
"9004158",371991,2025-07-01 08:31:38,42.454460144043,-8.92085552215576,"Female"
"9004158",371991,2025-07-01 08:37:50,42.4560394287109,-8.92220973968506,"Female"
"9004158",371991,2025-07-01 08:57:15,42.4563369750977,-8.92073249816895,"Female"
"9004158",371991,2025-07-01 09:02:20,42.4560966491699,-8.92074680328369,"Female"
"9004158",371991,2025-07-01 09:07:30,42.4558753967285,-8.92209815979004,"Female"
"9004158",371991,2025-07-01 09:12:35,42.455394744873,-8.92178153991699,"Female"
"9004158",371991,2025-07-01 09:17:10,42.4553985595703,-8.92177677154541,"Female"
"9004158",371991,2025-07-01 09:22:10,42.4553756713867,-8.92176342010498,"Female"
"9004158",371991,2025-07-01 09:27:11,42.4554481506348,-8.92175006866455,"Female"
"9004158",371991,2025-07-01 09:32:10,42.455394744873,-8.92176055908203,"Female"
"9004158",371991,2025-07-01 09:37:10,42.4554214477539,-8.92174625396729,"Female"
"9004158",371991,2025-07-01 09:42:11,42.4554061889648,-8.92178440093994,"Female"
"9004158",371991,2025-07-01 09:47:10,42.455379486084,-8.92176151275635,"Female"
"9004158",371991,2025-07-01 09:52:10,42.4553833007812,-8.92172431945801,"Female"
"9004158",371991,2025-07-01 09:57:10,42.4554061889648,-8.92173004150391,"Female"
"9004158",371991,2025-07-01 10:02:11,42.4553871154785,-8.92179203033447,"Female"
"9004158",371991,2025-07-01 10:07:10,42.4553833007812,-8.92176246643066,"Female"
"9004158",371991,2025-07-01 10:12:11,42.4554328918457,-8.92178726196289,"Female"
"9004158",371991,2025-07-01 10:17:10,42.4553756713867,-8.92178630828857,"Female"
"9004158",371991,2025-07-01 10:22:10,42.4554061889648,-8.92180442810059,"Female"
"9004158",371991,2025-07-01 10:27:10,42.4553680419922,-8.92176818847656,"Female"
"9004158",371991,2025-07-01 10:32:12,42.4553871154785,-8.92157077789307,"Female"
"9004158",371991,2025-07-01 10:37:11,42.4553642272949,-8.92159175872803,"Female"
"9004158",371991,2025-07-01 10:42:11,42.4553909301758,-8.92166614532471,"Female"
"9004158",371991,2025-07-01 10:47:10,42.4554100036621,-8.92173004150391,"Female"
"9004158",371991,2025-07-01 10:52:11,42.455379486084,-8.92171764373779,"Female"
"9004158",371991,2025-07-01 11:07:37,42.4553260803223,-8.92118835449219,"Female"
"9004158",371991,2025-07-01 11:18:46,42.4554443359375,-8.9213809967041,"Female"
"9004158",371991,2025-07-01 11:22:51,42.4553756713867,-8.92149829864502,"Female"
"9004158",371991,2025-07-01 11:27:51,42.4553985595703,-8.92145824432373,"Female"
"9004158",371991,2025-07-01 11:32:51,42.4555473327637,-8.92154312133789,"Female"
"9004158",371991,2025-07-01 11:37:51,42.4555015563965,-8.92150497436523,"Female"
"9004158",371991,2025-07-01 11:42:51,42.4554023742676,-8.92154502868652,"Female"
"9004158",371991,2025-07-01 11:47:51,42.4547462463379,-8.91984081268311,"Female"
"9004158",371991,2025-07-01 11:53:11,42.4546432495117,-8.91949462890625,"Female"
"9004158",371991,2025-07-01 11:58:15,42.4563484191895,-8.92000675201416,"Female"
"9004158",371991,2025-07-01 12:03:33,42.4562034606934,-8.92038059234619,"Female"
"9004158",371991,2025-07-01 12:18:40,42.4562225341797,-8.92002868652344,"Female"
"9004158",371991,2025-07-01 12:23:41,42.4561347961426,-8.9200496673584,"Female"
"9004158",371991,2025-07-01 12:28:40,42.4562149047852,-8.91998863220215,"Female"
"9004158",371991,2025-07-01 12:33:40,42.456184387207,-8.92000961303711,"Female"
"9004158",371991,2025-07-01 12:38:40,42.4563102722168,-8.91992092132568,"Female"
"9004158",371991,2025-07-01 12:43:40,42.4562568664551,-8.91998958587646,"Female"
"9004158",371991,2025-07-01 12:48:40,42.4561805725098,-8.92010402679443,"Female"
"9004158",371991,2025-07-01 12:53:40,42.4562187194824,-8.9200325012207,"Female"
"9004158",371991,2025-07-01 12:58:40,42.4562683105469,-8.92002296447754,"Female"
"9004158",371991,2025-07-01 13:03:40,42.4562644958496,-8.92011833190918,"Female"
"9004158",371991,2025-07-01 13:08:40,42.4562034606934,-8.92007923126221,"Female"
"9004158",371991,2025-07-01 13:13:40,42.4561195373535,-8.92016887664795,"Female"
"9004158",371991,2025-07-01 13:18:40,42.4562072753906,-8.91997051239014,"Female"
"9004158",371991,2025-07-01 13:23:40,42.4561309814453,-8.92012023925781,"Female"
"9004158",371991,2025-07-01 13:28:52,42.4567794799805,-8.91938018798828,"Female"
"9004158",371991,2025-07-01 13:34:08,42.4568405151367,-8.9192476272583,"Female"
"9004158",371991,2025-07-01 13:38:46,42.4565010070801,-8.92011070251465,"Female"
"9004158",371991,2025-07-01 13:43:55,42.456298828125,-8.92020320892334,"Female"
"9004158",371991,2025-07-01 13:49:27,42.4552574157715,-8.92017650604248,"Female"
"9004158",371991,2025-07-01 13:54:27,42.455020904541,-8.92008209228516,"Female"
"9004158",371991,2025-07-01 13:59:27,42.4550094604492,-8.92001724243164,"Female"
"9004158",371991,2025-07-01 14:04:27,42.4550895690918,-8.92010593414307,"Female"
"9004158",371991,2025-07-01 14:09:27,42.4549903869629,-8.92014598846436,"Female"
"9004158",371991,2025-07-01 14:14:27,42.4549865722656,-8.92001056671143,"Female"
"9004158",371991,2025-07-01 14:19:27,42.4550018310547,-8.92012882232666,"Female"
"9004158",371991,2025-07-01 14:24:27,42.454948425293,-8.92013263702393,"Female"
"9004158",371991,2025-07-01 14:29:28,42.4550514221191,-8.92000389099121,"Female"
"9004158",371991,2025-07-01 14:34:28,42.455005645752,-8.92010593414307,"Female"
"9004158",371991,2025-07-01 14:39:28,42.4548683166504,-8.92021560668945,"Female"
"9004158",371991,2025-07-01 14:44:28,42.4550170898438,-8.92008686065674,"Female"
"9004158",371991,2025-07-01 14:49:28,42.4550437927246,-8.92003059387207,"Female"
"9004158",371991,2025-07-01 14:54:28,42.4550132751465,-8.92025566101074,"Female"
"9004158",371991,2025-07-01 14:59:28,42.4550094604492,-8.92010593414307,"Female"
"9004158",371991,2025-07-01 15:04:28,42.4549560546875,-8.92014026641846,"Female"
"9004158",371991,2025-07-01 15:09:28,42.4550476074219,-8.92010498046875,"Female"
"9004158",371991,2025-07-01 15:14:28,42.4549942016602,-8.92014217376709,"Female"
"9004158",371991,2025-07-01 15:19:28,42.4550476074219,-8.92017841339111,"Female"
"9004158",371991,2025-07-01 15:24:28,42.4550514221191,-8.92022132873535,"Female"
"9004158",371991,2025-07-01 15:29:28,42.4551010131836,-8.9201717376709,"Female"
"9004158",371991,2025-07-01 15:34:28,42.4547882080078,-8.91858673095703,"Female"
"9004158",371991,2025-07-01 15:39:28,42.4547996520996,-8.91854381561279,"Female"
"9004158",371991,2025-07-01 15:44:28,42.4547805786133,-8.91855812072754,"Female"
"9004158",371991,2025-07-01 15:49:28,42.4548187255859,-8.91858196258545,"Female"
"9004158",371991,2025-07-01 15:54:28,42.4547729492188,-8.91854095458984,"Female"
"9004158",371991,2025-07-01 15:59:28,42.4548759460449,-8.91856098175049,"Female"
"9004158",371991,2025-07-01 16:04:42,42.4562911987305,-8.91996765136719,"Female"
"9004158",371991,2025-07-01 16:09:47,42.4576187133789,-8.91848468780518,"Female"
"9004158",371991,2025-07-01 16:14:42,42.4571647644043,-8.9188871383667,"Female"
"9004158",371991,2025-07-01 16:19:42,42.4564819335938,-8.92035293579102,"Female"
"9004158",371991,2025-07-01 16:25:08,42.455623626709,-8.92070293426514,"Female"
"9004158",371991,2025-07-01 16:30:24,42.4555358886719,-8.9218111038208,"Female"
"9004158",371991,2025-07-01 16:35:27,42.4548110961914,-8.92301464080811,"Female"
"9004158",371991,2025-07-01 16:40:32,42.4535064697266,-8.92310333251953,"Female"
"9004158",371991,2025-07-01 16:45:53,42.4523277282715,-8.92336273193359,"Female"
"9004158",371991,2025-07-01 16:51:35,42.4518508911133,-8.92270183563232,"Female"
"9004158",371991,2025-07-01 16:57:52,42.4509010314941,-8.92228507995605,"Female"
"9004158",371991,2025-07-01 17:03:30,42.4514389038086,-8.92253971099854,"Female"
"9004158",371991,2025-07-01 17:08:12,42.4509887695312,-8.92238521575928,"Female"
"9004158",371991,2025-07-01 17:13:08,42.4507484436035,-8.92235851287842,"Female"
"9004158",371991,2025-07-01 17:18:08,42.4508514404297,-8.92236328125,"Female"
"9004158",371991,2025-07-01 17:23:08,42.4507789611816,-8.92235469818115,"Female"
"9004158",371991,2025-07-01 17:28:08,42.4508399963379,-8.92232990264893,"Female"
"9004158",371991,2025-07-01 17:33:08,42.4507865905762,-8.92229747772217,"Female"
"9004158",371991,2025-07-01 17:38:08,42.4508743286133,-8.92242336273193,"Female"
"9004158",371991,2025-07-01 17:43:08,42.4509506225586,-8.92250728607178,"Female"
"9004158",371991,2025-07-01 17:48:08,42.4512786865234,-8.92288875579834,"Female"
"9004158",371991,2025-07-01 17:53:08,42.4514923095703,-8.92310047149658,"Female"
"9004158",371991,2025-07-01 17:58:08,42.4514961242676,-8.9229907989502,"Female"
"9004158",371991,2025-07-01 18:03:08,42.4515609741211,-8.92305088043213,"Female"
"9004158",371991,2025-07-01 18:08:08,42.4516067504883,-8.92294311523438,"Female"
"9004158",371991,2025-07-01 18:13:08,42.4515228271484,-8.9231071472168,"Female"
"9004158",371991,2025-07-01 18:18:08,42.4513359069824,-8.92305946350098,"Female"
"9004158",371991,2025-07-01 18:23:08,42.4515151977539,-8.92307567596436,"Female"
"9004158",371991,2025-07-01 18:28:08,42.451732635498,-8.92280864715576,"Female"
"9004158",371991,2025-07-01 18:33:08,42.4506950378418,-8.92357921600342,"Female"
"9004158",371991,2025-07-01 18:38:08,42.450569152832,-8.92383480072021,"Female"
"9004158",371991,2025-07-01 18:43:09,42.4505577087402,-8.92380237579346,"Female"
"9004158",371991,2025-07-01 18:48:09,42.4505195617676,-8.92390155792236,"Female"
"9004158",371991,2025-07-01 18:53:09,42.4504928588867,-8.92394733428955,"Female"
"9004158",371991,2025-07-01 18:58:09,42.4234733581543,-8.9254903793335,"Female"
"9004158",371991,2025-07-01 19:03:09,42.3995361328125,-8.92054080963135,"Female"
"9004158",371991,2025-07-01 19:08:09,42.3996696472168,-8.92034816741943,"Female"
"9004158",371991,2025-07-01 19:13:09,42.3996047973633,-8.92043209075928,"Female"
"9004158",371991,2025-07-01 19:18:09,42.3992652893066,-8.92094135284424,"Female"
"9004158",371991,2025-07-01 19:23:09,42.399227142334,-8.92098808288574,"Female"
"9004158",371991,2025-07-01 19:28:09,42.3992767333984,-8.92088890075684,"Female"
"9004158",371991,2025-07-01 19:33:09,42.3992767333984,-8.92086887359619,"Female"
"9004158",371991,2025-07-01 19:38:09,42.3991622924805,-8.92093372344971,"Female"
"9004158",371991,2025-07-01 19:43:09,42.3991851806641,-8.92092609405518,"Female"
"9004158",371991,2025-07-01 19:48:09,42.3992538452148,-8.92085647583008,"Female"
"9004158",371991,2025-07-01 19:53:09,42.3992500305176,-8.92080402374268,"Female"
"9004158",371991,2025-07-01 19:58:09,42.399112701416,-8.92081546783447,"Female"
"9004158",371991,2025-07-01 20:03:09,42.3992805480957,-8.92064762115479,"Female"
"9004158",371991,2025-07-01 20:08:09,42.3991279602051,-8.92076110839844,"Female"
"9004158",371991,2025-07-01 20:13:09,42.3991508483887,-8.92075443267822,"Female"
"9004158",371991,2025-07-01 20:18:09,42.3993606567383,-8.92024803161621,"Female"
"9004158",371991,2025-07-01 20:23:15,42.3990592956543,-8.92270278930664,"Female"
"9004158",371991,2025-07-01 20:28:15,42.3988380432129,-8.92237567901611,"Female"
"9004158",371991,2025-07-01 20:33:10,42.3991813659668,-8.92259502410889,"Female"
"9004158",371991,2025-07-01 20:38:11,42.3991355895996,-8.92245292663574,"Female"
"9004158",371991,2025-07-01 20:43:12,42.3991012573242,-8.92224788665771,"Female"
"9004158",371991,2025-07-01 20:48:13,42.3988189697266,-8.92221641540527,"Female"
"9004158",371991,2025-07-01 20:53:12,42.3991241455078,-8.92230319976807,"Female"
"9004158",371991,2025-07-01 20:58:12,42.398998260498,-8.92213535308838,"Female"
"9004158",371991,2025-07-01 21:03:12,42.399772644043,-8.9224910736084,"Female"
"9004158",371991,2025-07-01 21:08:12,42.4002990722656,-8.92252349853516,"Female"
"9004158",371991,2025-07-01 21:13:10,42.3996849060059,-8.92239475250244,"Female"
"9004158",371991,2025-07-01 21:18:12,42.4001502990723,-8.92105388641357,"Female"
"9004158",371991,2025-07-01 21:23:10,42.3984413146973,-8.92093086242676,"Female"
"9004158",371991,2025-07-01 21:28:23,42.4026145935059,-8.92166900634766,"Female"
"9004158",371991,2025-07-01 21:33:16,42.4017753601074,-8.92152786254883,"Female"
"9004158",371991,2025-07-01 21:38:10,42.4007186889648,-8.92162322998047,"Female"
"9004158",371991,2025-07-01 21:43:09,42.4016151428223,-8.92199611663818,"Female"
"9004158",371991,2025-07-01 21:48:10,42.4007873535156,-8.92185878753662,"Female"
"9004158",371991,2025-07-01 21:53:09,42.4000854492188,-8.92169666290283,"Female"
"9004158",371991,2025-07-01 21:58:09,42.4001693725586,-8.92182445526123,"Female"
"9004158",371991,2025-07-01 22:03:12,42.4002914428711,-8.92198467254639,"Female"
"9004158",371991,2025-07-01 22:08:13,42.3998832702637,-8.92150592803955,"Female"
"9004158",371991,2025-07-01 22:13:11,42.3999404907227,-8.92191791534424,"Female"
"9004158",371991,2025-07-01 22:18:13,42.3997039794922,-8.92151927947998,"Female"
"9004158",371991,2025-07-01 22:23:11,42.4002532958984,-8.92225742340088,"Female"
"9004158",371991,2025-07-01 22:28:11,42.4000968933105,-8.92206478118896,"Female"
"9004158",371991,2025-07-01 22:33:11,42.4002113342285,-8.92224979400635,"Female"
"9004158",371991,2025-07-01 22:38:10,42.4000473022461,-8.9222993850708,"Female"
"9004158",371991,2025-07-01 22:43:12,42.4000358581543,-8.92233371734619,"Female"
"9004158",371991,2025-07-01 22:48:12,42.4001083374023,-8.92217254638672,"Female"
"9004158",371991,2025-07-01 22:53:12,42.3999938964844,-8.9222354888916,"Female"
"9004158",371991,2025-07-01 22:58:13,42.3993797302246,-8.92196750640869,"Female"
"9004158",371991,2025-07-01 23:03:16,42.3992576599121,-8.92186737060547,"Female"
"9004158",371991,2025-07-01 23:08:14,42.3996849060059,-8.92222499847412,"Female"
"9004158",371991,2025-07-01 23:13:13,42.3991622924805,-8.92187690734863,"Female"
"9004158",371991,2025-07-01 23:18:10,42.3994369506836,-8.92219924926758,"Female"
"9004158",371991,2025-07-01 23:23:10,42.3994522094727,-8.92207527160645,"Female"
"9004158",371991,2025-07-01 23:28:11,42.3994102478027,-8.92208003997803,"Female"
"9004158",371991,2025-07-01 23:33:12,42.3994407653809,-8.92219066619873,"Female"
"9004158",371991,2025-07-01 23:38:17,42.3992042541504,-8.92220020294189,"Female"
"9004158",371991,2025-07-01 23:43:36,42.3993721008301,-8.92260360717773,"Female"
"9004158",371991,2025-07-01 23:48:12,42.3993682861328,-8.922607421875,"Female"
"9004158",371991,2025-07-01 23:53:12,42.3991889953613,-8.92289733886719,"Female"
"9004158",371991,2025-07-01 23:58:15,42.3995208740234,-8.92279148101807,"Female"
"9004158",371991,2025-07-02 00:03:12,42.399040222168,-8.92287635803223,"Female"
"9004158",371991,2025-07-02 00:08:15,42.3994674682617,-8.92293548583984,"Female"
"9004158",371991,2025-07-02 00:13:21,42.3993186950684,-8.92298412322998,"Female"
"9004158",371991,2025-07-02 00:18:12,42.3996810913086,-8.92304706573486,"Female"
"9004158",371991,2025-07-02 00:23:34,42.3993949890137,-8.92230987548828,"Female"
"9004158",371991,2025-07-02 00:28:16,42.3993682861328,-8.92270183563232,"Female"
"9004158",371991,2025-07-02 00:33:27,42.3993377685547,-8.92237663269043,"Female"
"9004158",371991,2025-07-02 00:38:17,42.3994445800781,-8.92233848571777,"Female"
"9004158",371991,2025-07-02 00:43:20,42.3993835449219,-8.92244911193848,"Female"
"9004158",371991,2025-07-02 00:48:44,42.3992080688477,-8.92287540435791,"Female"
"9004158",371991,2025-07-02 00:53:20,42.3993721008301,-8.92289161682129,"Female"
"9004158",371991,2025-07-02 00:58:29,42.3989906311035,-8.92307758331299,"Female"
"9004158",371991,2025-07-02 01:04:32,42.3993225097656,-8.92236995697021,"Female"
"9004158",371991,2025-07-02 01:09:32,42.3993492126465,-8.92232608795166,"Female"
"9004158",371991,2025-07-02 01:14:23,42.3994331359863,-8.92253684997559,"Female"
"9004158",371991,2025-07-02 01:19:32,42.3993186950684,-8.92245769500732,"Female"
"9004158",371991,2025-07-02 01:23:16,42.3990859985352,-8.92269420623779,"Female"
"9004158",371991,2025-07-02 01:28:18,42.3988571166992,-8.92251682281494,"Female"
"9004158",371991,2025-07-02 01:33:23,42.3996353149414,-8.92243480682373,"Female"
"9004158",371991,2025-07-02 01:38:16,42.3993148803711,-8.922607421875,"Female"
"9004158",371991,2025-07-02 01:43:21,42.3995132446289,-8.92236423492432,"Female"
"9004158",371991,2025-07-02 01:48:17,42.3992691040039,-8.9229040145874,"Female"
"9004158",371991,2025-07-02 01:53:16,42.3991661071777,-8.92285633087158,"Female"
"9004158",371991,2025-07-02 01:58:18,42.3991622924805,-8.92250823974609,"Female"
"9004158",371991,2025-07-02 02:03:15,42.3992614746094,-8.92339611053467,"Female"
"9004158",371991,2025-07-02 02:08:10,42.3988761901855,-8.92244243621826,"Female"
"9004158",371991,2025-07-02 02:13:18,42.3992652893066,-8.92302989959717,"Female"
"9004158",371991,2025-07-02 02:18:11,42.3990478515625,-8.92278575897217,"Female"
"9004158",371991,2025-07-02 02:23:16,42.3990478515625,-8.92244148254395,"Female"
"9004158",371991,2025-07-02 02:28:13,42.3992385864258,-8.92217540740967,"Female"
"9004158",371991,2025-07-02 02:33:12,42.3992347717285,-8.92230224609375,"Female"
"9004158",371991,2025-07-02 02:38:16,42.3992042541504,-8.9226131439209,"Female"
"9004158",371991,2025-07-02 02:43:15,42.3993148803711,-8.9223051071167,"Female"
"9004158",371991,2025-07-02 02:48:21,42.3989639282227,-8.92280387878418,"Female"
"9004158",371991,2025-07-02 02:53:47,42.3992500305176,-8.92274856567383,"Female"
"9004158",371991,2025-07-02 02:58:49,42.3990287780762,-8.92285060882568,"Female"
"9004158",371991,2025-07-02 03:03:22,42.3990325927734,-8.92292404174805,"Female"
"9004158",371991,2025-07-02 03:08:16,42.3996238708496,-8.92176246643066,"Female"
"9004158",371991,2025-07-02 03:13:13,42.3986129760742,-8.92285346984863,"Female"
"9004158",371991,2025-07-02 03:18:12,42.3982849121094,-8.92196369171143,"Female"
"9004158",371991,2025-07-02 03:23:12,42.3983955383301,-8.92202949523926,"Female"
"9004158",371991,2025-07-02 03:28:13,42.3984146118164,-8.92284965515137,"Female"
"9004158",371991,2025-07-02 03:33:11,42.3986740112305,-8.92290878295898,"Female"
"9004158",371991,2025-07-02 03:38:16,42.3983879089355,-8.92311000823975,"Female"
"9004158",371991,2025-07-02 03:43:15,42.3984107971191,-8.92325687408447,"Female"
"9004158",371991,2025-07-02 03:48:15,42.3981971740723,-8.92322444915771,"Female"
"9004158",371991,2025-07-02 03:53:16,42.3984413146973,-8.92352104187012,"Female"
"9004158",371991,2025-07-02 03:58:19,42.3989105224609,-8.92399406433105,"Female"
"9004158",371991,2025-07-02 04:03:34,42.3984413146973,-8.9227933883667,"Female"
"9004158",371991,2025-07-02 04:08:28,42.3990631103516,-8.92229652404785,"Female"
"9004158",371991,2025-07-02 04:13:15,42.399528503418,-8.9224910736084,"Female"
"9004158",371991,2025-07-02 04:18:15,42.3990516662598,-8.92216396331787,"Female"
"9004158",371991,2025-07-02 04:23:12,42.3989753723145,-8.92184448242188,"Female"
"9004158",371991,2025-07-02 04:28:22,42.3994560241699,-8.92193222045898,"Female"
"9004158",371991,2025-07-02 04:33:23,42.3991928100586,-8.92208290100098,"Female"
"9004158",371991,2025-07-02 04:38:11,42.3994903564453,-8.92211818695068,"Female"
"9004158",371991,2025-07-02 04:43:15,42.3992004394531,-8.92236042022705,"Female"
"9004158",371991,2025-07-02 04:48:12,42.3992233276367,-8.92211627960205,"Female"
"9004158",371991,2025-07-02 04:53:12,42.399299621582,-8.92194747924805,"Female"
"9004158",371991,2025-07-02 04:58:09,42.3977279663086,-8.92039585113525,"Female"
"9004158",371991,2025-07-02 05:03:10,42.3975296020508,-8.92015266418457,"Female"
"9004158",371991,2025-07-02 05:08:09,42.3977584838867,-8.92029762268066,"Female"
"9004158",371991,2025-07-02 05:13:09,42.3978576660156,-8.92017841339111,"Female"
"9004158",371991,2025-07-02 05:18:09,42.3977279663086,-8.92033386230469,"Female"
"9004158",371991,2025-07-02 05:23:09,42.3977317810059,-8.92035961151123,"Female"
"9004158",371991,2025-07-02 05:28:09,42.3977355957031,-8.92031860351562,"Female"
"9004158",371991,2025-07-02 05:33:09,42.397819519043,-8.92029476165771,"Female"
"9004158",371991,2025-07-02 05:38:10,42.3977851867676,-8.92026519775391,"Female"
"9004158",371991,2025-07-02 05:43:09,42.3980522155762,-8.91998672485352,"Female"
"9004158",371991,2025-07-02 05:48:09,42.3982810974121,-8.91990089416504,"Female"
"9004158",371991,2025-07-02 05:53:09,42.3981781005859,-8.91995525360107,"Female"
"9004158",371991,2025-07-02 05:58:09,42.3981475830078,-8.91991233825684,"Female"
"9004158",371991,2025-07-02 06:03:09,42.3980903625488,-8.91997528076172,"Female"
"9004158",371991,2025-07-02 06:08:09,42.3981399536133,-8.91996479034424,"Female"
"9004158",371991,2025-07-02 06:13:09,42.3981513977051,-8.91990947723389,"Female"
"9004158",371991,2025-07-02 06:18:09,42.3980751037598,-8.91996765136719,"Female"
"9004158",371991,2025-07-02 06:23:09,42.3982391357422,-8.91986560821533,"Female"
"9004158",371991,2025-07-02 06:28:09,42.3981170654297,-8.92001724243164,"Female"
"9004158",371991,2025-07-02 06:33:09,42.3981323242188,-8.91995334625244,"Female"
"9004158",371991,2025-07-02 06:38:09,42.3981285095215,-8.91994476318359,"Female"
"9004158",371991,2025-07-02 06:43:09,42.398078918457,-8.92002010345459,"Female"
"9004158",371991,2025-07-02 06:48:09,42.3978881835938,-8.92020320892334,"Female"
"9004158",371991,2025-07-02 06:53:15,42.4005661010742,-8.9019660949707,"Female"
"9004158",371991,2025-07-02 06:58:10,42.4053001403809,-8.89894199371338,"Female"
"9004158",371991,2025-07-02 07:03:41,42.4049873352051,-8.89811706542969,"Female"
"9004158",371991,2025-07-02 07:09:33,42.4056930541992,-8.89839935302734,"Female"
"9004158",371991,2025-07-02 07:14:32,42.413501739502,-8.9026985168457,"Female"
"9004158",371991,2025-07-02 07:19:32,42.4355545043945,-8.91488742828369,"Female"
"9004158",371991,2025-07-02 07:24:32,42.4520950317383,-8.92306900024414,"Female"
"9004158",371991,2025-07-02 07:29:32,42.4523849487305,-8.92289257049561,"Female"
"9004158",371991,2025-07-02 07:34:59,42.4518699645996,-8.9223165512085,"Female"
"9004158",371991,2025-07-02 07:39:59,42.4537620544434,-8.92308330535889,"Female"
"9004158",371991,2025-07-02 07:45:25,42.4546890258789,-8.92356014251709,"Female"
"9004158",371991,2025-07-02 07:50:35,42.4552459716797,-8.92298889160156,"Female"
"9004158",371991,2025-07-02 07:55:17,42.4552803039551,-8.9215841293335,"Female"
"9004158",371991,2025-07-02 08:00:16,42.455753326416,-8.9216136932373,"Female"
"9004158",371991,2025-07-02 08:05:16,42.4556198120117,-8.92170715332031,"Female"
"9004158",371991,2025-07-02 08:10:16,42.4555778503418,-8.92142772674561,"Female"
"9004158",371991,2025-07-02 08:15:16,42.4555969238281,-8.92166137695312,"Female"
"9004158",371991,2025-07-02 08:20:15,42.4556045532227,-8.92174530029297,"Female"
"9004158",371991,2025-07-02 08:25:16,42.4556770324707,-8.9218692779541,"Female"
"9004158",371991,2025-07-02 08:30:16,42.4556159973145,-8.92178726196289,"Female"
"9004158",371991,2025-07-02 08:35:16,42.455738067627,-8.92176628112793,"Female"
"9004158",371991,2025-07-02 08:40:16,42.4557228088379,-8.92181396484375,"Female"
"9004158",371991,2025-07-02 08:45:15,42.4557113647461,-8.92179107666016,"Female"
"9004158",371991,2025-07-02 08:50:46,42.455509185791,-8.92203140258789,"Female"
"9004158",371991,2025-07-02 08:55:45,42.4565010070801,-8.92094230651855,"Female"
"9004158",371991,2025-07-02 09:00:39,42.4565658569336,-8.91994667053223,"Female"
"9004158",371991,2025-07-02 09:05:39,42.4563407897949,-8.92028617858887,"Female"
"9004158",371991,2025-07-02 09:11:09,42.4558944702148,-8.9208984375,"Female"
"9004158",371991,2025-07-02 09:16:11,42.4560394287109,-8.92173099517822,"Female"
"9004158",371991,2025-07-02 09:21:09,42.4556083679199,-8.92270278930664,"Female"
"9004158",371991,2025-07-02 09:26:09,42.4545478820801,-8.92348098754883,"Female"
"9004158",371991,2025-07-02 09:31:26,42.4538307189941,-8.92331027984619,"Female"
"9004158",371991,2025-07-02 09:36:25,42.4530639648438,-8.92435264587402,"Female"
"9004158",371991,2025-07-02 09:41:25,42.4522552490234,-8.92445755004883,"Female"
"9004158",371991,2025-07-02 09:46:26,42.4520301818848,-8.92511558532715,"Female"
"9004158",371991,2025-07-02 09:52:01,42.4516334533691,-8.92514514923096,"Female"
"9004158",371991,2025-07-02 09:58:35,42.4516906738281,-8.92413520812988,"Female"
"9004158",371991,2025-07-02 10:03:02,42.451343536377,-8.92447090148926,"Female"
"9004158",371991,2025-07-02 10:08:02,42.4512901306152,-8.9243049621582,"Female"
"9004158",371991,2025-07-02 10:13:02,42.4512672424316,-8.92426490783691,"Female"
"9004158",371991,2025-07-02 10:18:02,42.4512710571289,-8.92430114746094,"Female"
"9004158",371991,2025-07-02 10:23:02,42.4512939453125,-8.92431831359863,"Female"
"9004158",371991,2025-07-02 10:28:02,42.4512519836426,-8.92437076568604,"Female"
"9004158",371991,2025-07-02 10:33:02,42.451286315918,-8.9242992401123,"Female"
"9004158",371991,2025-07-02 10:38:02,42.4512748718262,-8.92430973052979,"Female"
"9004158",371991,2025-07-02 10:43:02,42.4511222839355,-8.92440414428711,"Female"
"9004158",371991,2025-07-02 10:48:02,42.451244354248,-8.92431163787842,"Female"
"9004158",371991,2025-07-02 10:53:03,42.4513206481934,-8.92423152923584,"Female"
"9004158",371991,2025-07-02 10:58:02,42.451301574707,-8.92432594299316,"Female"
"9004158",371991,2025-07-02 11:03:02,42.450984954834,-8.92460060119629,"Female"
"9004158",371991,2025-07-02 11:08:03,42.4505157470703,-8.92497634887695,"Female"
"9004158",371991,2025-07-02 11:13:03,42.4506416320801,-8.92480182647705,"Female"
"9004158",371991,2025-07-02 11:18:02,42.4507141113281,-8.92472076416016,"Female"
"9004158",371991,2025-07-02 11:23:02,42.4508438110352,-8.92466354370117,"Female"
"9004158",371991,2025-07-02 11:28:02,42.4509963989258,-8.92454528808594,"Female"
"9004158",371991,2025-07-02 11:33:02,42.4511032104492,-8.9244966506958,"Female"
"9004158",371991,2025-07-02 11:38:03,42.4514999389648,-8.92463302612305,"Female"
"9004158",371991,2025-07-02 11:43:03,42.4515647888184,-8.92462348937988,"Female"
"9004158",371991,2025-07-02 11:48:04,42.4523315429688,-8.92428874969482,"Female"
"9004158",371991,2025-07-02 11:53:17,42.4516143798828,-8.92374706268311,"Female"
"9004158",371991,2025-07-02 11:58:53,42.4514122009277,-8.92453002929688,"Female"
"9004158",371991,2025-07-02 12:03:56,42.4505653381348,-8.92528629302979,"Female"
"9004158",371991,2025-07-02 12:09:08,42.4501419067383,-8.92604923248291,"Female"
"9004158",371991,2025-07-02 12:14:16,42.4507865905762,-8.92734622955322,"Female"
"9004158",371991,2025-07-02 12:19:35,42.4509468078613,-8.92807006835938,"Female"
"9004158",371991,2025-07-02 12:25:10,42.4524765014648,-8.92765140533447,"Female"
"9004158",371991,2025-07-02 12:32:04,42.4509963989258,-8.92667579650879,"Female"
"9004158",371991,2025-07-02 12:38:38,42.4515533447266,-8.9251651763916,"Female"
"9004158",371991,2025-07-02 12:43:31,42.4506492614746,-8.9253568649292,"Female"
"9004158",371991,2025-07-02 12:48:44,42.4518547058105,-8.92493724822998,"Female"
"9004158",371991,2025-07-02 12:53:30,42.4516258239746,-8.92495727539062,"Female"
"9004158",371991,2025-07-02 12:58:31,42.4517669677734,-8.92500400543213,"Female"
"9004158",371991,2025-07-02 13:03:31,42.4515647888184,-8.92482662200928,"Female"
"9004158",371991,2025-07-02 13:08:31,42.45166015625,-8.92525863647461,"Female"
"9004158",371991,2025-07-02 13:13:31,42.4513130187988,-8.92536163330078,"Female"
"9004158",371991,2025-07-02 13:18:31,42.4516487121582,-8.9250545501709,"Female"
"9004158",371991,2025-07-02 13:23:31,42.451488494873,-8.92473983764648,"Female"
"9004158",371991,2025-07-02 13:28:31,42.4517440795898,-8.92510414123535,"Female"
"9004158",371991,2025-07-02 13:33:31,42.451530456543,-8.92508125305176,"Female"
"9004158",371991,2025-07-02 13:38:34,42.4506950378418,-8.92515468597412,"Female"
"9004158",371991,2025-07-02 13:44:31,42.4514350891113,-8.92705535888672,"Female"
"9004158",371991,2025-07-02 13:51:33,42.4510841369629,-8.92709255218506,"Female"
"9004158",371991,2025-07-02 13:56:31,42.4513130187988,-8.92809963226318,"Female"
"9004158",371991,2025-07-02 14:09:54,42.4516639709473,-8.92744159698486,"Female"
"9004158",371991,2025-07-02 14:24:25,42.4493370056152,-8.92522239685059,"Female"
"9004158",371991,2025-07-02 14:29:05,42.4504089355469,-8.92868137359619,"Female"
"9004158",371991,2025-07-02 14:34:12,42.4505615234375,-8.92591381072998,"Female"
"9004158",371991,2025-07-02 14:39:01,42.4505615234375,-8.92574119567871,"Female"
"9004158",371991,2025-07-02 14:43:59,42.4516105651855,-8.92353439331055,"Female"
"9004158",371991,2025-07-02 14:49:14,42.4517555236816,-8.9226598739624,"Female"
"9004158",371991,2025-07-02 14:53:59,42.4517784118652,-8.92287254333496,"Female"
"9004158",371991,2025-07-02 14:58:59,42.4519844055176,-8.92366600036621,"Female"
"9004158",371991,2025-07-02 15:03:59,42.4519958496094,-8.92454528808594,"Female"
"9004158",371991,2025-07-02 15:08:59,42.4518890380859,-8.92418956756592,"Female"
"9004158",371991,2025-07-02 15:14:00,42.4520301818848,-8.92425060272217,"Female"
"9004158",371991,2025-07-02 15:18:59,42.4520111083984,-8.92422008514404,"Female"
"9004158",371991,2025-07-02 15:24:04,42.4519653320312,-8.92258739471436,"Female"
"9004158",371991,2025-07-02 15:28:59,42.4520530700684,-8.92270374298096,"Female"
"9004158",371991,2025-07-02 15:34:11,42.4529762268066,-8.92484951019287,"Female"
"9004158",371991,2025-07-02 15:42:12,42.4537506103516,-8.92316055297852,"Female"
"9004158",371991,2025-07-02 15:48:22,42.4550247192383,-8.92287254333496,"Female"
"9004158",371991,2025-07-02 15:53:25,42.4551658630371,-8.92242813110352,"Female"
"9004158",371991,2025-07-02 16:00:23,42.4561576843262,-8.92142105102539,"Female"
"9004158",371991,2025-07-02 16:06:31,42.4559631347656,-8.92073726654053,"Female"
"9004158",371991,2025-07-02 16:12:05,42.4560699462891,-8.91961193084717,"Female"
"9004158",371991,2025-07-02 16:16:10,42.4559288024902,-8.9201488494873,"Female"
"9004158",371991,2025-07-02 16:21:10,42.4555015563965,-8.92011070251465,"Female"
"9004158",371991,2025-07-02 16:26:11,42.4560356140137,-8.92012310028076,"Female"
"9004158",371991,2025-07-02 16:31:11,42.4558868408203,-8.92016696929932,"Female"
"9004158",371991,2025-07-02 16:36:11,42.4561767578125,-8.92028999328613,"Female"
"9004158",371991,2025-07-02 16:41:08,42.4559478759766,-8.92014026641846,"Female"
"9004158",371991,2025-07-02 16:46:19,42.4561386108398,-8.92022037506104,"Female"
"9004158",371991,2025-07-02 16:51:19,42.4561729431152,-8.92019939422607,"Female"
"9004158",371991,2025-07-02 16:56:18,42.4561347961426,-8.92019367218018,"Female"
"9004158",371991,2025-07-02 17:01:20,42.4561462402344,-8.92018795013428,"Female"
"9004158",371991,2025-07-02 17:06:35,42.4559669494629,-8.92001819610596,"Female"
"9004158",371991,2025-07-02 17:11:08,42.4559555053711,-8.92000007629395,"Female"
"9004158",371991,2025-07-02 17:16:08,42.4559288024902,-8.92000389099121,"Female"
"9004158",371991,2025-07-02 17:21:09,42.4559173583984,-8.91993618011475,"Female"
"9004158",371991,2025-07-02 17:26:09,42.4558944702148,-8.91993141174316,"Female"
"9004158",371991,2025-07-02 17:31:14,42.4551773071289,-8.91985893249512,"Female"
"9004158",371991,2025-07-02 17:36:10,42.4547500610352,-8.91836738586426,"Female"
"9004158",371991,2025-07-02 17:41:10,42.4547538757324,-8.91833686828613,"Female"
"9004158",371991,2025-07-02 17:46:09,42.4546775817871,-8.91825294494629,"Female"
"9004158",371991,2025-07-02 17:51:10,42.4547348022461,-8.91836071014404,"Female"
"9004158",371991,2025-07-02 17:56:10,42.4547882080078,-8.91841506958008,"Female"
"9004158",371991,2025-07-02 18:01:09,42.454776763916,-8.9184045791626,"Female"
"9004158",371991,2025-07-02 18:06:10,42.4547843933105,-8.91831493377686,"Female"
"9004158",371991,2025-07-02 18:11:10,42.4548645019531,-8.91849040985107,"Female"
"9004158",371991,2025-07-02 18:16:10,42.454776763916,-8.91838550567627,"Female"
"9004158",371991,2025-07-02 18:21:10,42.4547309875488,-8.91838932037354,"Female"
"9004158",371991,2025-07-02 18:26:10,42.4547576904297,-8.91826725006104,"Female"
"9004158",371991,2025-07-02 18:31:11,42.454833984375,-8.91831111907959,"Female"
"9004158",371991,2025-07-02 18:36:10,42.454761505127,-8.91833686828613,"Female"
"9004158",371991,2025-07-02 18:41:10,42.4166946411133,-8.92198753356934,"Female"
"9004158",371991,2025-07-02 18:46:10,42.3989448547363,-8.92108345031738,"Female"
"9004158",371991,2025-07-02 18:51:10,42.3990249633789,-8.92125129699707,"Female"
"9004158",371991,2025-07-02 18:56:10,42.3989601135254,-8.92119407653809,"Female"
"9004158",371991,2025-07-02 19:01:11,42.3989562988281,-8.92133235931396,"Female"
"9004158",371991,2025-07-02 19:06:10,42.3990135192871,-8.92129707336426,"Female"
"9004158",371991,2025-07-02 19:11:10,42.3989753723145,-8.92127418518066,"Female"
"9004158",371991,2025-07-02 19:16:10,42.398983001709,-8.92125606536865,"Female"
"9004158",371991,2025-07-02 19:21:10,42.3989677429199,-8.92120552062988,"Female"
"9004158",371991,2025-07-02 19:26:11,42.3990249633789,-8.92121982574463,"Female"
"9004158",371991,2025-07-02 19:31:10,42.3990478515625,-8.92120361328125,"Female"
"9004158",371991,2025-07-02 19:36:10,42.3997344970703,-8.92358779907227,"Female"
"9004158",371991,2025-07-02 19:41:13,42.3997802734375,-8.92259788513184,"Female"
"9004158",371991,2025-07-02 19:46:23,42.3995628356934,-8.92196750640869,"Female"
"9004158",371991,2025-07-02 19:51:22,42.3993339538574,-8.9231128692627,"Female"
"9004158",371991,2025-07-02 19:56:16,42.3995552062988,-8.9226188659668,"Female"
"9004158",371991,2025-07-02 20:01:16,42.399787902832,-8.92272186279297,"Female"
"9004158",371991,2025-07-02 20:06:22,42.3998489379883,-8.92167091369629,"Female"
"9004158",371991,2025-07-02 20:11:36,42.4002532958984,-8.92225646972656,"Female"
"9004158",371991,2025-07-02 20:17:00,42.3995056152344,-8.92273235321045,"Female"
"9004158",371991,2025-07-02 20:21:23,42.3997650146484,-8.92234706878662,"Female"
"9004158",371991,2025-07-02 20:26:35,42.3995628356934,-8.92231178283691,"Female"
"9004158",371991,2025-07-02 20:31:12,42.3987922668457,-8.92248821258545,"Female"
"9004158",371991,2025-07-02 20:36:18,42.3992462158203,-8.92241287231445,"Female"
"9004158",371991,2025-07-02 20:41:15,42.3993988037109,-8.9224214553833,"Female"
"9004158",371991,2025-07-02 20:46:12,42.3986701965332,-8.92256927490234,"Female"
"9004158",371991,2025-07-02 20:51:17,42.3992958068848,-8.92245101928711,"Female"
"9004158",371991,2025-07-02 20:56:15,42.3992919921875,-8.92237854003906,"Female"
"9004158",371991,2025-07-02 21:01:13,42.3997573852539,-8.92270851135254,"Female"
"9004158",371991,2025-07-02 21:06:18,42.3992958068848,-8.92241287231445,"Female"
"9004158",371991,2025-07-02 21:11:19,42.3990478515625,-8.92213153839111,"Female"
"9004158",371991,2025-07-02 21:16:11,42.3991279602051,-8.92229080200195,"Female"
"9004158",371991,2025-07-02 21:21:34,42.3997459411621,-8.92261981964111,"Female"
"9004158",371991,2025-07-02 21:26:12,42.3997077941895,-8.92284774780273,"Female"
"9004158",371991,2025-07-02 21:31:17,42.3996887207031,-8.92223167419434,"Female"
"9004158",371991,2025-07-02 21:36:20,42.3992080688477,-8.92230415344238,"Female"
"9004158",371991,2025-07-02 21:41:31,42.3989295959473,-8.92247295379639,"Female"
"9004158",371991,2025-07-02 21:46:16,42.3989677429199,-8.92256832122803,"Female"
"9004158",371991,2025-07-02 21:51:13,42.3990325927734,-8.92234992980957,"Female"
"9004158",371991,2025-07-02 21:56:17,42.3990859985352,-8.92218112945557,"Female"
"9004158",371991,2025-07-02 22:01:16,42.3991889953613,-8.92246055603027,"Female"
"9004158",371991,2025-07-02 22:06:13,42.3992004394531,-8.92235851287842,"Female"
"9004158",371991,2025-07-02 22:11:17,42.399169921875,-8.92229843139648,"Female"
"9004158",371991,2025-07-02 22:16:19,42.3992156982422,-8.92233753204346,"Female"
"9004158",371991,2025-07-02 22:21:16,42.3992691040039,-8.92242240905762,"Female"
"9004158",371991,2025-07-02 22:26:11,42.3994445800781,-8.92223930358887,"Female"
"9004158",371991,2025-07-02 22:31:15,42.3992080688477,-8.92202472686768,"Female"
"9004158",371991,2025-07-02 22:36:13,42.3992385864258,-8.922043800354,"Female"
"9004158",371991,2025-07-02 22:41:18,42.3992729187012,-8.92204570770264,"Female"
"9004158",371991,2025-07-02 22:46:17,42.3992538452148,-8.9218282699585,"Female"
"9004158",371991,2025-07-02 22:51:15,42.3993339538574,-8.92189311981201,"Female"
"9004158",371991,2025-07-02 22:56:15,42.3992729187012,-8.92181968688965,"Female"
"9004158",371991,2025-07-02 23:01:15,42.3995132446289,-8.92207050323486,"Female"
"9004158",371991,2025-07-02 23:06:16,42.3993949890137,-8.92192840576172,"Female"
"9004158",371991,2025-07-02 23:11:19,42.3996467590332,-8.92203807830811,"Female"
"9004158",371991,2025-07-02 23:16:29,42.3992652893066,-8.92178440093994,"Female"
"9004158",371991,2025-07-02 23:21:21,42.3990325927734,-8.92152309417725,"Female"
"9004158",371991,2025-07-02 23:27:29,42.3996315002441,-8.92294025421143,"Female"
"9004158",371991,2025-07-02 23:31:17,42.3996429443359,-8.92306518554688,"Female"
"9004158",371991,2025-07-02 23:36:29,42.3995399475098,-8.92226409912109,"Female"
"9004158",371991,2025-07-02 23:41:19,42.3996467590332,-8.92235851287842,"Female"
"9004158",371991,2025-07-02 23:46:22,42.3995666503906,-8.92212772369385,"Female"
"9004158",371991,2025-07-02 23:51:18,42.3994674682617,-8.92264080047607,"Female"
"9004158",371991,2025-07-02 23:56:23,42.3997840881348,-8.92263126373291,"Female"
"9004158",371991,2025-07-03 00:01:19,42.3998184204102,-8.922532081604,"Female"
"9004158",371991,2025-07-03 00:06:18,42.3998374938965,-8.92260837554932,"Female"
"9004158",371991,2025-07-03 00:11:33,42.3997955322266,-8.92260456085205,"Female"
"9004158",371991,2025-07-03 00:16:20,42.3998031616211,-8.92236423492432,"Female"
"9004158",371991,2025-07-03 00:21:16,42.3998565673828,-8.92255401611328,"Female"
"9004158",371991,2025-07-03 00:26:16,42.3997077941895,-8.92237281799316,"Female"
"9004158",371991,2025-07-03 00:31:21,42.3997573852539,-8.92262554168701,"Female"
"9004158",371991,2025-07-03 00:36:18,42.3997688293457,-8.92278671264648,"Female"
"9004158",371991,2025-07-03 00:41:15,42.3997459411621,-8.92280387878418,"Female"
"9004158",371991,2025-07-03 00:46:33,42.3997993469238,-8.92248821258545,"Female"
"9004158",371991,2025-07-03 00:51:45,42.3997344970703,-8.92228698730469,"Female"
"9004158",371991,2025-07-03 00:56:11,42.3990707397461,-8.92183113098145,"Female"
"9004158",371991,2025-07-03 01:01:13,42.3995590209961,-8.92236328125,"Female"
"9004158",371991,2025-07-03 01:06:17,42.3992309570312,-8.92153644561768,"Female"
"9004158",371991,2025-07-03 01:11:19,42.399730682373,-8.92238998413086,"Female"
"9004158",371991,2025-07-03 01:16:15,42.3994636535645,-8.92210960388184,"Female"
"9004158",371991,2025-07-03 01:21:15,42.3996810913086,-8.92260265350342,"Female"
"9004158",371991,2025-07-03 01:26:15,42.3998222351074,-8.92283821105957,"Female"
"9004158",371991,2025-07-03 01:31:13,42.3996849060059,-8.92257595062256,"Female"
"9004158",371991,2025-07-03 01:36:16,42.3995170593262,-8.922438621521,"Female"
"9004158",371991,2025-07-03 01:41:15,42.399829864502,-8.92286968231201,"Female"
"9004158",371991,2025-07-03 01:46:44,42.3996810913086,-8.92275047302246,"Female"
"9004158",371991,2025-07-03 01:51:15,42.3994789123535,-8.92256927490234,"Female"
"9004158",371991,2025-07-03 01:56:15,42.3993949890137,-8.92226505279541,"Female"
"9004158",371991,2025-07-03 02:01:17,42.3994445800781,-8.92220497131348,"Female"
"9004158",371991,2025-07-03 02:06:13,42.3995704650879,-8.9222469329834,"Female"
"9004158",371991,2025-07-03 02:11:13,42.4002685546875,-8.92257595062256,"Female"
"9004158",371991,2025-07-03 02:16:18,42.3996658325195,-8.92246055603027,"Female"
"9004158",371991,2025-07-03 02:21:16,42.3997802734375,-8.92230129241943,"Female"
"9004158",371991,2025-07-03 02:26:18,42.4006576538086,-8.92282772064209,"Female"
"9004158",371991,2025-07-03 02:31:35,42.3993797302246,-8.9222354888916,"Female"
"9004158",371991,2025-07-03 02:36:18,42.3995208740234,-8.92217540740967,"Female"
"9004158",371991,2025-07-03 02:41:16,42.3995780944824,-8.92185974121094,"Female"
"9004158",371991,2025-07-03 02:46:15,42.3994598388672,-8.92281913757324,"Female"
"9004158",371991,2025-07-03 02:51:18,42.3993988037109,-8.92269420623779,"Female"
"9004158",371991,2025-07-03 02:56:18,42.3994293212891,-8.92266464233398,"Female"
"9004158",371991,2025-07-03 03:02:02,42.3992691040039,-8.92312717437744,"Female"
"9004158",371991,2025-07-03 03:06:20,42.3992118835449,-8.92328643798828,"Female"
"9004158",371991,2025-07-03 03:11:11,42.3985176086426,-8.92218685150146,"Female"
"9004158",371991,2025-07-03 03:16:17,42.3993759155273,-8.92237758636475,"Female"
"9004158",371991,2025-07-03 03:21:12,42.3997993469238,-8.92423439025879,"Female"
"9004158",371991,2025-07-03 03:26:21,42.3992500305176,-8.92214202880859,"Female"
"9004158",371991,2025-07-03 03:31:15,42.3992233276367,-8.92231369018555,"Female"
"9004158",371991,2025-07-03 03:36:17,42.3994026184082,-8.92248344421387,"Female"
"9004158",371991,2025-07-03 03:41:15,42.3993339538574,-8.92221164703369,"Female"
"9004158",371991,2025-07-03 03:46:25,42.3994331359863,-8.92239665985107,"Female"
"9004158",371991,2025-07-03 03:51:21,42.3994522094727,-8.92251205444336,"Female"
"9004158",371991,2025-07-03 03:56:15,42.3994064331055,-8.92239284515381,"Female"
"9004158",371991,2025-07-03 04:01:15,42.399356842041,-8.92232608795166,"Female"
"9004158",371991,2025-07-03 04:06:15,42.3991241455078,-8.92255783081055,"Female"
"9004158",371991,2025-07-03 04:11:47,42.3994102478027,-8.92228698730469,"Female"
"9004158",371991,2025-07-03 04:16:16,42.3993682861328,-8.92235851287842,"Female"
"9004158",371991,2025-07-03 04:21:33,42.3995971679688,-8.92213821411133,"Female"
"9004158",371991,2025-07-03 04:26:18,42.3995170593262,-8.92242813110352,"Female"
"9004158",371991,2025-07-03 04:31:20,42.4008178710938,-8.9217472076416,"Female"
"9004158",371991,2025-07-03 04:36:17,42.3992195129395,-8.92239856719971,"Female"
"9004158",371991,2025-07-03 04:41:17,42.3994369506836,-8.92234325408936,"Female"
"9004158",371991,2025-07-03 04:46:19,42.3995819091797,-8.92223930358887,"Female"
"9004158",371991,2025-07-03 04:51:16,42.3993797302246,-8.92234325408936,"Female"
"9004158",371991,2025-07-03 04:56:31,42.3996276855469,-8.92220497131348,"Female"
"9004158",371991,2025-07-03 05:01:16,42.3995018005371,-8.92216300964355,"Female"
"9004158",371991,2025-07-03 05:06:16,42.3995475769043,-8.92230796813965,"Female"
"9004158",371991,2025-07-03 05:11:15,42.399528503418,-8.92233943939209,"Female"
"9004158",371991,2025-07-03 05:16:28,42.3995628356934,-8.92232418060303,"Female"
"9004158",371991,2025-07-03 05:21:45,42.399528503418,-8.92227458953857,"Female"
"9004158",371991,2025-07-03 05:26:16,42.3995018005371,-8.92230319976807,"Female"
"9004158",371991,2025-07-03 05:31:11,42.3994102478027,-8.92226696014404,"Female"
"9004158",371991,2025-07-03 05:36:29,42.3993759155273,-8.92223167419434,"Female"
"9004158",371991,2025-07-03 05:41:12,42.3995742797852,-8.92238330841064,"Female"
"9004158",371991,2025-07-03 05:46:44,42.3993492126465,-8.92227363586426,"Female"
"9004158",371991,2025-07-03 05:51:13,42.3992233276367,-8.92227840423584,"Female"
"9004158",371991,2025-07-03 05:56:12,42.3991470336914,-8.9215612411499,"Female"
"9004158",371991,2025-07-03 06:01:13,42.399284362793,-8.92200946807861,"Female"
"9004158",371991,2025-07-03 06:06:13,42.3994979858398,-8.92208576202393,"Female"
"9004158",371991,2025-07-03 06:11:17,42.3993835449219,-8.92218971252441,"Female"
"9004158",371991,2025-07-03 06:16:12,42.3992614746094,-8.92235469818115,"Female"
"9004158",371991,2025-07-03 06:21:10,42.3995056152344,-8.92183876037598,"Female"
"9004158",371991,2025-07-03 06:26:10,42.3992767333984,-8.92180442810059,"Female"
"9004158",371991,2025-07-03 06:31:13,42.3993797302246,-8.92185020446777,"Female"
"9004158",371991,2025-07-03 06:36:13,42.3993339538574,-8.92189121246338,"Female"
"9004158",371991,2025-07-03 06:41:12,42.3994369506836,-8.92369651794434,"Female"
"9004158",371991,2025-07-03 06:46:18,42.3991775512695,-8.92172908782959,"Female"
"9004158",371991,2025-07-03 06:51:12,42.3990211486816,-8.92076873779297,"Female"
"9004158",371991,2025-07-03 06:56:18,42.3990058898926,-8.92176914215088,"Female"
"9004158",371991,2025-07-03 07:01:12,42.3991203308105,-8.92157459259033,"Female"
"9004158",371991,2025-07-03 07:06:17,42.4002227783203,-8.92212963104248,"Female"
"9004158",371991,2025-07-03 07:11:11,42.399543762207,-8.92215442657471,"Female"
"9004158",371991,2025-07-03 07:16:11,42.3992919921875,-8.92117023468018,"Female"
"9004158",371991,2025-07-03 07:21:12,42.4140014648438,-8.92603206634521,"Female"
"9004158",371991,2025-07-03 07:26:10,42.431884765625,-8.92590141296387,"Female"
"9004158",371991,2025-07-03 07:31:10,42.4520492553711,-8.92410755157471,"Female"
"9004158",371991,2025-07-03 07:36:10,42.4528770446777,-8.92409992218018,"Female"
"9004158",371991,2025-07-03 07:42:00,42.4531593322754,-8.92367839813232,"Female"
"9004158",371991,2025-07-03 07:46:59,42.4537353515625,-8.92328834533691,"Female"
"9004158",371991,2025-07-03 07:51:59,42.4537811279297,-8.92308044433594,"Female"
"9004158",371991,2025-07-03 07:56:59,42.4531936645508,-8.9232873916626,"Female"
"9004158",371991,2025-07-03 08:01:59,42.4537239074707,-8.92311382293701,"Female"
"9004158",371991,2025-07-03 08:07:00,42.4537963867188,-8.92316722869873,"Female"
"9004158",371991,2025-07-03 08:11:59,42.4537124633789,-8.92307281494141,"Female"
"9004158",371991,2025-07-03 08:16:59,42.4537467956543,-8.92295169830322,"Female"
"9004158",371991,2025-07-03 08:21:59,42.4537811279297,-8.92294597625732,"Female"
"9004158",371991,2025-07-03 08:26:59,42.4537734985352,-8.92276573181152,"Female"
"9004158",371991,2025-07-03 08:31:59,42.4536056518555,-8.92272567749023,"Female"
"9004158",371991,2025-07-03 08:36:59,42.4545249938965,-8.92332077026367,"Female"
"9004158",371991,2025-07-03 08:41:59,42.4537200927734,-8.9224681854248,"Female"
"9004158",371991,2025-07-03 08:46:59,42.4538803100586,-8.92241382598877,"Female"
"9004158",371991,2025-07-03 08:52:20,42.4545097351074,-8.92350959777832,"Female"
"9004158",371991,2025-07-03 08:57:22,42.4545593261719,-8.92321300506592,"Female"
"9004158",371991,2025-07-03 09:02:20,42.4543571472168,-8.9226541519165,"Female"
"9004158",371991,2025-07-03 09:07:20,42.4544792175293,-8.92331314086914,"Female"
"9004158",371991,2025-07-03 09:12:22,42.4545135498047,-8.92345809936523,"Female"
"9004158",371991,2025-07-03 09:17:20,42.4544982910156,-8.92332553863525,"Female"
"9004158",371991,2025-07-03 09:22:20,42.4545707702637,-8.92351531982422,"Female"
"9004158",371991,2025-07-03 09:27:20,42.4545249938965,-8.92346668243408,"Female"
"9004158",371991,2025-07-03 09:32:19,42.454418182373,-8.9233512878418,"Female"
"9004158",371991,2025-07-03 09:37:19,42.4543952941895,-8.92334365844727,"Female"
"9004158",371991,2025-07-03 09:42:21,42.4545745849609,-8.92358112335205,"Female"
"9004158",371991,2025-07-03 09:47:20,42.4544105529785,-8.92361640930176,"Female"
"9004158",371991,2025-07-03 09:52:19,42.4543991088867,-8.9234619140625,"Female"
"9004158",371991,2025-07-03 09:57:22,42.4528770446777,-8.92269039154053,"Female"
"9004158",371991,2025-07-03 10:02:35,42.4533615112305,-8.92357540130615,"Female"
"9004158",371991,2025-07-03 10:09:23,42.4522247314453,-8.92428970336914,"Female"
"9004158",371991,2025-07-03 10:13:50,42.4531135559082,-8.92364311218262,"Female"
"9004158",371991,2025-07-03 10:18:49,42.4538307189941,-8.92347812652588,"Female"
"9004158",371991,2025-07-03 10:23:49,42.4543838500977,-8.9237060546875,"Female"
"9004158",371991,2025-07-03 10:28:48,42.4539413452148,-8.92382049560547,"Female"
"9004158",371991,2025-07-03 10:33:48,42.4540214538574,-8.92375469207764,"Female"
"9004158",371991,2025-07-03 10:38:48,42.4540672302246,-8.92373275756836,"Female"
"9004158",371991,2025-07-03 10:43:48,42.4540710449219,-8.92365455627441,"Female"
"9004158",371991,2025-07-03 10:48:48,42.4541015625,-8.92370128631592,"Female"
"9004158",371991,2025-07-03 10:54:14,42.4538154602051,-8.92353343963623,"Female"
"9004158",371991,2025-07-03 10:58:48,42.4540252685547,-8.92366695404053,"Female"
"9004158",371991,2025-07-03 11:03:48,42.454044342041,-8.92361068725586,"Female"
"9004158",371991,2025-07-03 11:08:48,42.4539222717285,-8.92363929748535,"Female"
"9004158",371991,2025-07-03 11:13:48,42.454029083252,-8.92357158660889,"Female"
"9004158",371991,2025-07-03 11:18:52,42.4542961120605,-8.92340660095215,"Female"
"9004158",371991,2025-07-03 11:23:48,42.4551200866699,-8.92263793945312,"Female"
"9004158",371991,2025-07-03 11:29:08,42.4553565979004,-8.92162895202637,"Female"
"9004158",371991,2025-07-03 11:34:03,42.4557151794434,-8.9208402633667,"Female"
"9004158",371991,2025-07-03 11:39:03,42.456111907959,-8.91995620727539,"Female"
"9004158",371991,2025-07-03 11:44:03,42.4560432434082,-8.9199333190918,"Female"
"9004158",371991,2025-07-03 11:49:03,42.4561996459961,-8.91994571685791,"Female"
"9004158",371991,2025-07-03 11:54:03,42.4561500549316,-8.91993141174316,"Female"
"9004158",371991,2025-07-03 11:59:03,42.4563827514648,-8.91995525360107,"Female"
"9004158",371991,2025-07-03 12:04:36,42.4576683044434,-8.91586971282959,"Female"
"9004158",371991,2025-07-03 12:09:36,42.457935333252,-8.91599082946777,"Female"
"9004158",371991,2025-07-03 12:14:35,42.4587135314941,-8.91620635986328,"Female"
"9004158",371991,2025-07-03 12:19:36,42.4591026306152,-8.91686248779297,"Female"
"9004158",371991,2025-07-03 12:24:36,42.4595336914062,-8.91702079772949,"Female"
"9004158",371991,2025-07-03 12:29:37,42.4593849182129,-8.91713428497314,"Female"
"9004158",371991,2025-07-03 12:34:36,42.4597015380859,-8.91726493835449,"Female"
"9004158",371991,2025-07-03 12:39:37,42.459415435791,-8.91714000701904,"Female"
"9004158",371991,2025-07-03 12:44:36,42.4591979980469,-8.91704082489014,"Female"
"9004158",371991,2025-07-03 12:49:36,42.459831237793,-8.91727447509766,"Female"
"9004158",371991,2025-07-03 12:54:37,42.4599723815918,-8.91720581054688,"Female"
"9004158",371991,2025-07-03 13:00:45,42.4596099853516,-8.91688632965088,"Female"
"9004158",371991,2025-07-03 13:05:44,42.4601936340332,-8.91695690155029,"Female"
"9004158",371991,2025-07-03 13:10:48,42.4591484069824,-8.91837692260742,"Female"
"9004158",371991,2025-07-03 13:15:46,42.4593124389648,-8.91787338256836,"Female"
"9004158",371991,2025-07-03 13:20:51,42.4596290588379,-8.91645050048828,"Female"
"9004158",371991,2025-07-03 13:25:45,42.459774017334,-8.91637134552002,"Female"
"9004158",371991,2025-07-03 13:30:49,42.4596366882324,-8.91649341583252,"Female"
"9004158",371991,2025-07-03 13:35:43,42.4596862792969,-8.91658496856689,"Female"
"9004158",371991,2025-07-03 13:40:47,42.4601211547852,-8.91421318054199,"Female"
"9004158",371991,2025-07-03 13:45:46,42.4600982666016,-8.91383934020996,"Female"
"9004158",371991,2025-07-03 13:50:45,42.4598731994629,-8.91489028930664,"Female"
"9004158",371991,2025-07-03 13:55:44,42.4599533081055,-8.91406631469727,"Female"
"9004158",371991,2025-07-03 14:01:05,42.4593734741211,-8.91694068908691,"Female"
"9004158",371991,2025-07-03 14:05:42,42.4592933654785,-8.91696739196777,"Female"
"9004158",371991,2025-07-03 14:10:43,42.4592628479004,-8.91695785522461,"Female"
"9004158",371991,2025-07-03 14:16:02,42.460376739502,-8.91611194610596,"Female"
"9004158",371991,2025-07-03 14:21:09,42.4603042602539,-8.91569232940674,"Female"
"9004158",371991,2025-07-03 14:26:25,42.4593124389648,-8.91568565368652,"Female"
"9004158",371991,2025-07-03 14:31:24,42.4558753967285,-8.92106246948242,"Female"
"9004158",371991,2025-07-03 14:36:23,42.4549751281738,-8.92205715179443,"Female"
"9004158",371991,2025-07-03 14:41:47,42.4539031982422,-8.92358684539795,"Female"
"9004158",371991,2025-07-03 14:46:25,42.4537887573242,-8.92321872711182,"Female"
"9004158",371991,2025-07-03 14:51:23,42.4531517028809,-8.92375755310059,"Female"
"9004158",371991,2025-07-03 14:56:40,42.4523124694824,-8.92404842376709,"Female"
"9004158",371991,2025-07-03 15:02:01,42.451473236084,-8.92446804046631,"Female"
"9004158",371991,2025-07-03 15:06:49,42.451530456543,-8.92507839202881,"Female"
"9004158",371991,2025-07-03 15:11:49,42.4512138366699,-8.92615985870361,"Female"
"9004158",371991,2025-07-03 15:16:48,42.4512367248535,-8.92614650726318,"Female"
"9004158",371991,2025-07-03 15:21:48,42.4512596130371,-8.92619228363037,"Female"
"9004158",371991,2025-07-03 15:26:48,42.4512176513672,-8.92610263824463,"Female"
"9004158",371991,2025-07-03 15:31:48,42.451286315918,-8.92617130279541,"Female"
"9004158",371991,2025-07-03 15:36:49,42.4512100219727,-8.92616558074951,"Female"
"9004158",371991,2025-07-03 15:41:49,42.4512023925781,-8.92615127563477,"Female"
"9004158",371991,2025-07-03 15:47:14,42.4512557983398,-8.92615032196045,"Female"
"9004158",371991,2025-07-03 15:51:48,42.4512062072754,-8.92615604400635,"Female"
"9004158",371991,2025-07-03 15:56:48,42.4512596130371,-8.92604923248291,"Female"
"9004158",371991,2025-07-03 16:01:48,42.4510917663574,-8.92590427398682,"Female"
"9004158",371991,2025-07-03 16:06:49,42.4513664245605,-8.92657852172852,"Female"
"9004158",371991,2025-07-03 16:11:49,42.451976776123,-8.92806529998779,"Female"
"9004158",371991,2025-07-03 16:16:48,42.4512176513672,-8.92682552337646,"Female"
"9004158",371991,2025-07-03 16:21:51,42.4509925842285,-8.92578601837158,"Female"
"9004158",371991,2025-07-03 16:26:48,42.4513778686523,-8.92530155181885,"Female"
"9004158",371991,2025-07-03 16:32:00,42.4513969421387,-8.92540836334229,"Female"
"9004158",371991,2025-07-03 16:37:00,42.4516410827637,-8.92273330688477,"Female"
"9004158",371991,2025-07-03 16:42:41,42.4538116455078,-8.92351245880127,"Female"
"9004158",371991,2025-07-03 16:47:47,42.4538688659668,-8.92350006103516,"Female"
"9004158",371991,2025-07-03 16:53:44,42.4540596008301,-8.92330455780029,"Female"
"9004158",371991,2025-07-03 16:58:06,42.4538803100586,-8.92362785339355,"Female"
"9004158",371991,2025-07-03 17:03:19,42.4540557861328,-8.92340850830078,"Female"
"9004158",371991,2025-07-03 17:08:16,42.4535636901855,-8.92349624633789,"Female"
"9004158",371991,2025-07-03 17:13:07,42.452220916748,-8.92464828491211,"Female"
"9004158",371991,2025-07-03 17:18:21,42.4523582458496,-8.92439079284668,"Female"
"9004158",371991,2025-07-03 17:23:10,42.4528274536133,-8.92469501495361,"Female"
"9004158",371991,2025-07-03 17:28:09,42.4525260925293,-8.92360687255859,"Female"
"9004158",371991,2025-07-03 17:33:24,42.4521217346191,-8.92240524291992,"Female"
"9004158",371991,2025-07-03 17:38:09,42.4520950317383,-8.92304134368896,"Female"
"9004158",371991,2025-07-03 17:43:35,42.4505195617676,-8.91751861572266,"Female"
"9004158",371991,2025-07-03 17:48:07,42.4505157470703,-8.91749382019043,"Female"
"9004158",371991,2025-07-03 17:53:07,42.4505462646484,-8.91750526428223,"Female"
"9004158",371991,2025-07-03 17:58:07,42.450511932373,-8.91750240325928,"Female"
"9004158",371991,2025-07-03 18:03:07,42.4504776000977,-8.91748046875,"Female"
"9004158",371991,2025-07-03 18:08:08,42.4504890441895,-8.91747760772705,"Female"
"9004158",371991,2025-07-03 18:13:08,42.4505081176758,-8.91745281219482,"Female"
"9004158",371991,2025-07-03 18:18:08,42.4504508972168,-8.91744899749756,"Female"
"9004158",371991,2025-07-03 18:23:08,42.4505043029785,-8.9174280166626,"Female"
"9004158",371991,2025-07-03 18:28:08,42.4504928588867,-8.91747379302979,"Female"
"9004158",371991,2025-07-03 18:33:08,42.4504470825195,-8.91747760772705,"Female"
"9004158",371991,2025-07-03 18:38:08,42.4504280090332,-8.91748714447021,"Female"
"9004158",371991,2025-07-03 18:43:07,42.4504318237305,-8.91748714447021,"Female"
"9004158",371991,2025-07-03 18:48:07,42.4087371826172,-8.92240047454834,"Female"
"9004158",371991,2025-07-03 18:53:08,42.3989906311035,-8.92105674743652,"Female"
"9004158",371991,2025-07-03 18:58:07,42.3990135192871,-8.92114925384521,"Female"
"9004158",371991,2025-07-03 19:03:08,42.3989906311035,-8.92112064361572,"Female"
"9004158",371991,2025-07-03 19:08:07,42.3990859985352,-8.92116928100586,"Female"
"9004158",371991,2025-07-03 19:13:08,42.3990745544434,-8.92111301422119,"Female"
"9004158",371991,2025-07-03 19:18:07,42.398983001709,-8.92119884490967,"Female"
"9004158",371991,2025-07-03 19:23:08,42.3990669250488,-8.9211483001709,"Female"
"9004158",371991,2025-07-03 19:28:08,42.3990325927734,-8.92113971710205,"Female"
"9004158",371991,2025-07-03 19:33:11,42.3995666503906,-8.92201519012451,"Female"
"9004158",371991,2025-07-03 19:38:10,42.3998870849609,-8.92239761352539,"Female"
"9004158",371991,2025-07-03 19:43:15,42.3997917175293,-8.92222118377686,"Female"
"9004158",371991,2025-07-03 19:48:17,42.3990173339844,-8.92215633392334,"Female"
"9004158",371991,2025-07-03 19:53:16,42.3999214172363,-8.92207527160645,"Female"
"9004158",371991,2025-07-03 19:58:15,42.4002151489258,-8.92219543457031,"Female"
"9004158",371991,2025-07-03 20:03:24,42.4002151489258,-8.92202186584473,"Female"
"9004158",371991,2025-07-03 20:08:47,42.3998031616211,-8.92198085784912,"Female"
"9004158",371991,2025-07-03 20:13:13,42.4000549316406,-8.92194080352783,"Female"
"9004158",371991,2025-07-03 20:18:57,42.4001541137695,-8.92199993133545,"Female"
"9004158",371991,2025-07-03 20:23:12,42.4009132385254,-8.92257499694824,"Female"
"9004158",371991,2025-07-03 20:29:31,42.3993530273438,-8.9224739074707,"Female"
"9004158",371991,2025-07-03 20:33:35,42.3995056152344,-8.9226245880127,"Female"
"9004158",371991,2025-07-03 20:38:12,42.3996276855469,-8.92262172698975,"Female"
"9004158",371991,2025-07-03 20:43:20,42.3996124267578,-8.92252254486084,"Female"
"9004158",371991,2025-07-03 20:48:23,42.3993949890137,-8.9227876663208,"Female"
"9004158",371991,2025-07-03 20:53:40,42.3994026184082,-8.9227123260498,"Female"
"9004158",371991,2025-07-03 20:58:09,42.3995780944824,-8.92270183563232,"Female"
"9004158",371991,2025-07-03 21:03:26,42.3991088867188,-8.92275238037109,"Female"
"9004158",371991,2025-07-03 21:08:21,42.3988761901855,-8.92265319824219,"Female"
"9004158",371991,2025-07-03 21:13:10,42.3997459411621,-8.922682762146,"Female"
"9004158",371991,2025-07-03 21:18:15,42.4007301330566,-8.92243766784668,"Female"
"9004158",371991,2025-07-03 21:24:08,42.3996315002441,-8.92222309112549,"Female"
"9004158",371991,2025-07-03 21:28:19,42.3996658325195,-8.92219924926758,"Female"
"9004158",371991,2025-07-03 21:33:12,42.3997230529785,-8.922043800354,"Female"
"9004158",371991,2025-07-03 21:38:15,42.399845123291,-8.92231273651123,"Female"
"9004158",371991,2025-07-03 21:43:13,42.3994064331055,-8.92208671569824,"Female"
"9004158",371991,2025-07-03 21:48:09,42.3996963500977,-8.92230224609375,"Female"
"9004158",371991,2025-07-03 21:53:27,42.3993072509766,-8.92215633392334,"Female"
"9004158",371991,2025-07-03 21:58:12,42.398681640625,-8.92229270935059,"Female"
"9004158",371991,2025-07-03 22:03:28,42.3994445800781,-8.92238521575928,"Female"
"9004158",371991,2025-07-03 22:08:41,42.3994255065918,-8.92230892181396,"Female"
"9004158",371991,2025-07-03 22:13:11,42.399169921875,-8.92236995697021,"Female"
"9004158",371991,2025-07-03 22:18:13,42.3994255065918,-8.92220592498779,"Female"
"9004158",371991,2025-07-03 22:23:13,42.3993835449219,-8.92225742340088,"Female"
"9004158",371991,2025-07-03 22:28:12,42.3988227844238,-8.92227268218994,"Female"
"9004158",371991,2025-07-03 22:33:18,42.3993377685547,-8.92231369018555,"Female"
"9004158",371991,2025-07-03 22:38:10,42.3997116088867,-8.92232227325439,"Female"
"9004158",371991,2025-07-03 22:43:17,42.3993110656738,-8.92218971252441,"Female"
"9004158",371991,2025-07-03 22:48:18,42.3994827270508,-8.92237091064453,"Female"
"9004158",371991,2025-07-03 22:53:19,42.3993339538574,-8.92235374450684,"Female"
"9004158",371991,2025-07-03 22:58:35,42.3994026184082,-8.92224979400635,"Female"
"9004158",371991,2025-07-03 23:03:10,42.3990936279297,-8.92237663269043,"Female"
"9004158",371991,2025-07-03 23:08:18,42.3994941711426,-8.92227745056152,"Female"
"9004158",371991,2025-07-03 23:13:19,42.399471282959,-8.92221736907959,"Female"
"9004158",371991,2025-07-03 23:18:15,42.3993911743164,-8.922287940979,"Female"
"9004158",371991,2025-07-03 23:23:19,42.3993606567383,-8.9222354888916,"Female"
"9004158",371991,2025-07-03 23:28:22,42.3995513916016,-8.92252063751221,"Female"
"9004158",371991,2025-07-03 23:33:19,42.3995018005371,-8.92252445220947,"Female"
"9004158",371991,2025-07-03 23:38:18,42.3995742797852,-8.92276000976562,"Female"
"9004158",371991,2025-07-03 23:43:35,42.3994445800781,-8.92226028442383,"Female"
"9004158",371991,2025-07-03 23:48:28,42.3995018005371,-8.92227363586426,"Female"
"9004158",371991,2025-07-03 23:53:17,42.399471282959,-8.92241668701172,"Female"
"9004158",371991,2025-07-03 23:58:18,42.3993988037109,-8.92229747772217,"Female"
"9004158",371991,2025-07-04 00:03:20,42.3990592956543,-8.92323780059814,"Female"
"9004158",371991,2025-07-04 00:08:18,42.3987503051758,-8.92339420318604,"Female"
"9004158",371991,2025-07-04 00:13:20,42.3984336853027,-8.92283821105957,"Female"
"9004158",371991,2025-07-04 00:18:19,42.3985557556152,-8.9232177734375,"Female"
"9004158",371991,2025-07-04 00:23:27,42.3983840942383,-8.92290496826172,"Female"
"9004158",371991,2025-07-04 00:28:10,42.3980903625488,-8.92313766479492,"Female"
"9004158",371991,2025-07-04 00:33:35,42.3994407653809,-8.92209815979004,"Female"
"9004158",371991,2025-07-04 00:38:13,42.3992881774902,-8.92227172851562,"Female"
"9004158",371991,2025-07-04 00:43:26,42.3994941711426,-8.92213439941406,"Female"
"9004158",371991,2025-07-04 00:48:18,42.399600982666,-8.92222118377686,"Female"
"9004158",371991,2025-07-04 00:53:44,42.3994026184082,-8.92229175567627,"Female"
"9004158",371991,2025-07-04 00:58:08,42.3993911743164,-8.92212867736816,"Female"
"9004158",371991,2025-07-04 01:03:09,42.3993797302246,-8.9220666885376,"Female"
"9004158",371991,2025-07-04 01:08:11,42.3994178771973,-8.92213439941406,"Female"
"9004158",371991,2025-07-04 01:13:11,42.3994522094727,-8.9222412109375,"Female"
"9004158",371991,2025-07-04 01:18:12,42.3994445800781,-8.92240333557129,"Female"
"9004158",371991,2025-07-04 01:23:11,42.3993911743164,-8.92239093780518,"Female"
"9004158",371991,2025-07-04 01:28:10,42.3992652893066,-8.92232513427734,"Female"
"9004158",371991,2025-07-04 01:33:11,42.3992958068848,-8.92248344421387,"Female"
"9004158",371991,2025-07-04 01:38:19,42.3995704650879,-8.92269229888916,"Female"
"9004158",371991,2025-07-04 01:43:13,42.399471282959,-8.92236328125,"Female"
"9004158",371991,2025-07-04 01:48:18,42.3995399475098,-8.92273616790771,"Female"
"9004158",371991,2025-07-04 01:53:15,42.3994140625,-8.92213726043701,"Female"
"9004158",371991,2025-07-04 01:59:31,42.4001197814941,-8.92206001281738,"Female"
"9004158",371991,2025-07-04 02:04:31,42.4003944396973,-8.92299556732178,"Female"
"9004158",371991,2025-07-04 02:14:31,42.3997383117676,-8.92286109924316,"Female"
"9004158",371991,2025-07-04 02:19:31,42.3997039794922,-8.92257881164551,"Female"
"9004158",371991,2025-07-04 02:24:31,42.3998107910156,-8.9228048324585,"Female"
"9004158",371991,2025-07-04 02:28:44,42.3995666503906,-8.92236232757568,"Female"
"9004158",371991,2025-07-04 02:33:15,42.3995704650879,-8.92228507995605,"Female"
"9004158",371991,2025-07-04 02:38:16,42.3995208740234,-8.9224100112915,"Female"
"9004158",371991,2025-07-04 02:43:49,42.3995628356934,-8.92228507995605,"Female"
"9004158",371991,2025-07-04 02:49:31,42.3992004394531,-8.92286014556885,"Female"
"9004158",371991,2025-07-04 02:54:31,42.3987464904785,-8.92291259765625,"Female"
"9004158",371991,2025-07-04 02:59:31,42.3988075256348,-8.92279052734375,"Female"
"9004158",371991,2025-07-04 03:03:40,42.3995819091797,-8.92209243774414,"Female"
"9004158",371991,2025-07-04 03:08:12,42.4001502990723,-8.92454624176025,"Female"
"9004158",371991,2025-07-04 03:13:13,42.3994331359863,-8.92215538024902,"Female"
"9004158",371991,2025-07-04 03:18:12,42.3994445800781,-8.92238712310791,"Female"
"9004158",371991,2025-07-04 03:23:12,42.3996124267578,-8.92309761047363,"Female"
"9004158",371991,2025-07-04 03:28:10,42.3994178771973,-8.92260265350342,"Female"
"9004158",371991,2025-07-04 03:33:09,42.3993453979492,-8.92222785949707,"Female"
"9004158",371991,2025-07-04 03:38:09,42.3993263244629,-8.92287731170654,"Female"
"9004158",371991,2025-07-04 03:43:12,42.3994636535645,-8.92324829101562,"Female"
"9004158",371991,2025-07-04 03:48:16,42.3991394042969,-8.922287940979,"Female"
"9004158",371991,2025-07-04 03:53:57,42.3993453979492,-8.92250442504883,"Female"
"9004158",371991,2025-07-04 03:58:10,42.3994026184082,-8.92224311828613,"Female"
"9004158",371991,2025-07-04 04:03:12,42.399356842041,-8.92207145690918,"Female"
"9004158",371991,2025-07-04 04:08:12,42.3995780944824,-8.92212867736816,"Female"
"9004158",371991,2025-07-04 04:13:12,42.3993530273438,-8.92204666137695,"Female"
"9004158",371991,2025-07-04 04:18:15,42.3994293212891,-8.92219924926758,"Female"
"9004158",371991,2025-07-04 04:23:11,42.399169921875,-8.92219829559326,"Female"
"9004158",371991,2025-07-04 04:28:48,42.3991775512695,-8.92224502563477,"Female"
"9004158",371991,2025-07-04 04:33:57,42.3997077941895,-8.92218399047852,"Female"
"9004158",371991,2025-07-04 04:38:19,42.3990936279297,-8.92221736907959,"Female"
"9004158",371991,2025-07-04 04:43:13,42.3992309570312,-8.92226982116699,"Female"
"9004158",371991,2025-07-04 04:48:12,42.399471282959,-8.9221887588501,"Female"
"9004158",371991,2025-07-04 04:53:25,42.3995590209961,-8.92209243774414,"Female"
"9004158",371991,2025-07-04 04:58:16,42.3997268676758,-8.92196369171143,"Female"
"9004158",371991,2025-07-04 05:03:43,42.3994407653809,-8.92236042022705,"Female"
"9004158",371991,2025-07-04 05:08:18,42.3994979858398,-8.92209625244141,"Female"
"9004158",371991,2025-07-04 05:13:46,42.3994293212891,-8.92217445373535,"Female"
"9004158",371991,2025-07-04 05:18:40,42.3994255065918,-8.92221260070801,"Female"
"9004158",371991,2025-07-04 05:24:31,42.399528503418,-8.92220687866211,"Female"
"9004158",371991,2025-07-04 05:28:09,42.3997802734375,-8.92217445373535,"Female"
"9004158",371991,2025-07-04 05:33:10,42.3996162414551,-8.92233943939209,"Female"
"9004158",371991,2025-07-04 05:38:36,42.3995895385742,-8.9221830368042,"Female"
"9004158",371991,2025-07-04 05:44:31,42.3996734619141,-8.92229175567627,"Female"
"9004158",371991,2025-07-04 05:48:38,42.3994102478027,-8.92215538024902,"Female"
"9004158",371991,2025-07-04 05:54:31,42.3993835449219,-8.92208194732666,"Female"
"9004158",371991,2025-07-04 05:59:31,42.3994903564453,-8.92209911346436,"Female"
"9004158",371991,2025-07-04 06:04:31,42.3995361328125,-8.9223108291626,"Female"
"9004158",371991,2025-07-04 06:08:09,42.3991317749023,-8.92111682891846,"Female"
"9004158",371991,2025-07-04 06:13:11,42.3990745544434,-8.92102909088135,"Female"
"9004158",371991,2025-07-04 06:18:13,42.3994750976562,-8.92221355438232,"Female"
"9004158",371991,2025-07-04 06:23:11,42.3996124267578,-8.92228507995605,"Female"
"9004158",371991,2025-07-04 06:28:31,42.3993911743164,-8.92212677001953,"Female"
"9004158",371991,2025-07-04 06:34:20,42.3994598388672,-8.922287940979,"Female"
"9004158",371991,2025-07-04 06:38:19,42.3994560241699,-8.92228031158447,"Female"
"9004158",371991,2025-07-04 06:44:11,42.3994255065918,-8.92209815979004,"Female"
"9004158",371991,2025-07-04 06:48:08,42.4015045166016,-8.91413974761963,"Female"
"9004158",371991,2025-07-04 06:53:08,42.4085693359375,-8.9160099029541,"Female"
"9004158",371991,2025-07-04 06:58:08,42.4338569641113,-8.919602394104,"Female"
"9004158",371991,2025-07-04 07:03:08,42.4535865783691,-8.92376232147217,"Female"
"9004158",371991,2025-07-04 07:08:08,42.4534721374512,-8.92449855804443,"Female"
"9004158",371991,2025-07-04 07:13:09,42.4518737792969,-8.92447662353516,"Female"
"9004158",371991,2025-07-04 07:18:08,42.452392578125,-8.92428207397461,"Female"
"9004158",371991,2025-07-04 07:23:10,42.453971862793,-8.92412281036377,"Female"
"9004158",371991,2025-07-04 07:28:22,42.4545555114746,-8.92311668395996,"Female"
"9004158",371991,2025-07-04 07:33:22,42.4554290771484,-8.92148113250732,"Female"
"9004158",371991,2025-07-04 07:38:21,42.4554100036621,-8.92160701751709,"Female"
"9004158",371991,2025-07-04 07:43:21,42.4552764892578,-8.92138290405273,"Female"
"9004158",371991,2025-07-04 07:48:21,42.4554634094238,-8.92164516448975,"Female"
"9004158",371991,2025-07-04 07:53:21,42.4553642272949,-8.92157745361328,"Female"
"9004158",371991,2025-07-04 07:58:21,42.4554290771484,-8.92162322998047,"Female"
"9004158",371991,2025-07-04 08:03:21,42.4552993774414,-8.92154598236084,"Female"
"9004158",371991,2025-07-04 08:08:20,42.4552307128906,-8.92165946960449,"Female"
"9004158",371991,2025-07-04 08:13:21,42.4553337097168,-8.92152404785156,"Female"
"9004158",371991,2025-07-04 08:18:21,42.4555168151855,-8.92137622833252,"Female"
"9004158",371991,2025-07-04 08:23:27,42.4552803039551,-8.92151355743408,"Female"
"9004158",371991,2025-07-04 08:28:23,42.45556640625,-8.92134952545166,"Female"
"9004158",371991,2025-07-04 08:33:22,42.4554672241211,-8.92150592803955,"Female"
"9004158",371991,2025-07-04 08:38:22,42.4553413391113,-8.92154598236084,"Female"
"9004158",371991,2025-07-04 08:43:21,42.4553680419922,-8.92155456542969,"Female"
"9004158",371991,2025-07-04 08:48:58,42.4557342529297,-8.92135238647461,"Female"
"9004158",371991,2025-07-04 08:54:15,42.4560813903809,-8.9204626083374,"Female"
"9004158",371991,2025-07-04 08:59:19,42.4562530517578,-8.92027473449707,"Female"
"9004158",371991,2025-07-04 09:04:20,42.4562149047852,-8.92055416107178,"Female"
"9004158",371991,2025-07-04 09:09:53,42.4553337097168,-8.92154121398926,"Female"
"9004158",371991,2025-07-04 09:14:08,42.455322265625,-8.92148971557617,"Female"
"9004158",371991,2025-07-04 09:19:10,42.4553451538086,-8.92168045043945,"Female"
"9004158",371991,2025-07-04 09:24:11,42.4553642272949,-8.9218053817749,"Female"
"9004158",371991,2025-07-04 09:29:12,42.4553833007812,-8.92150974273682,"Female"
"9004158",371991,2025-07-04 09:34:24,42.455379486084,-8.9212064743042,"Female"
"9004158",371991,2025-07-04 09:39:10,42.4553680419922,-8.92188549041748,"Female"
"9004158",371991,2025-07-04 09:44:35,42.4553451538086,-8.92150402069092,"Female"
"9004158",371991,2025-07-04 09:49:08,42.4549751281738,-8.92176914215088,"Female"
"9004158",371991,2025-07-04 09:54:08,42.4549255371094,-8.92180633544922,"Female"
"9004158",371991,2025-07-04 09:59:08,42.4551239013672,-8.92248916625977,"Female"
"9004158",371991,2025-07-04 10:04:08,42.4536399841309,-8.92339897155762,"Female"
"9004158",371991,2025-07-04 10:09:13,42.4521713256836,-8.92443370819092,"Female"
"9004158",371991,2025-07-04 10:14:14,42.4514656066895,-8.92534160614014,"Female"
"9004158",371991,2025-07-04 10:19:12,42.4515151977539,-8.92744255065918,"Female"
"9004158",371991,2025-07-04 10:24:15,42.4512023925781,-8.9287052154541,"Female"
"9004158",371991,2025-07-04 10:29:14,42.4521675109863,-8.92912006378174,"Female"
"9004158",371991,2025-07-04 10:34:14,42.4529304504395,-8.92977142333984,"Female"
"9004158",371991,2025-07-04 10:39:21,42.4527931213379,-8.92941093444824,"Female"
"9004158",371991,2025-07-04 10:44:16,42.4521255493164,-8.92951202392578,"Female"
"9004158",371991,2025-07-04 10:49:16,42.4513397216797,-8.92899513244629,"Female"
"9004158",371991,2025-07-04 10:54:15,42.4506683349609,-8.92857456207275,"Female"
"9004158",371991,2025-07-04 10:59:15,42.448844909668,-8.92554759979248,"Female"
"9004158",371991,2025-07-04 11:04:15,42.4487915039062,-8.92569160461426,"Female"
"9004158",371991,2025-07-04 11:09:16,42.4487609863281,-8.92569351196289,"Female"
"9004158",371991,2025-07-04 11:14:16,42.4487495422363,-8.92559909820557,"Female"
"9004158",371991,2025-07-04 11:19:15,42.4488067626953,-8.92568016052246,"Female"
"9004158",371991,2025-07-04 11:24:20,42.4488143920898,-8.9257869720459,"Female"
"9004158",371991,2025-07-04 11:29:21,42.4487457275391,-8.92563343048096,"Female"
"9004158",371991,2025-07-04 11:34:17,42.4488410949707,-8.92567539215088,"Female"
"9004158",371991,2025-07-04 11:39:16,42.4489364624023,-8.92568111419678,"Female"
"9004158",371991,2025-07-04 11:44:16,42.4490852355957,-8.92570877075195,"Female"
"9004158",371991,2025-07-04 11:49:16,42.4489860534668,-8.92569255828857,"Female"
"9004158",371991,2025-07-04 11:54:16,42.4490013122559,-8.92570400238037,"Female"
"9004158",371991,2025-07-04 11:59:16,42.4489898681641,-8.92569732666016,"Female"
"9004158",371991,2025-07-04 12:04:16,42.4489440917969,-8.9257173538208,"Female"
"9004158",371991,2025-07-04 12:09:16,42.4489860534668,-8.92575073242188,"Female"
"9004158",371991,2025-07-04 12:14:16,42.4488220214844,-8.92573070526123,"Female"
"9004158",371991,2025-07-04 12:19:19,42.4491844177246,-8.9256010055542,"Female"
"9004158",371991,2025-07-04 12:24:17,42.448917388916,-8.92567920684814,"Female"
"9004158",371991,2025-07-04 12:29:17,42.4487037658691,-8.92574691772461,"Female"
"9004158",371991,2025-07-04 12:34:17,42.4505844116211,-8.92302322387695,"Female"
"9004158",371991,2025-07-04 12:39:19,42.4528465270996,-8.92225170135498,"Female"
"9004158",371991,2025-07-04 12:44:42,42.4502372741699,-8.923415184021,"Female"
"9004158",371991,2025-07-04 12:50:39,42.451717376709,-8.92237091064453,"Female"
"9004158",371991,2025-07-04 13:02:09,42.4517593383789,-8.92118072509766,"Female"
"9004158",371991,2025-07-04 13:07:43,42.4522705078125,-8.92147731781006,"Female"
"9004158",371991,2025-07-04 13:12:31,42.4516448974609,-8.92303085327148,"Female"
"9004158",371991,2025-07-04 13:17:42,42.4524421691895,-8.92203044891357,"Female"
"9004158",371991,2025-07-04 13:22:31,42.452091217041,-8.9217414855957,"Female"
"9004158",371991,2025-07-04 13:27:32,42.4519844055176,-8.92157077789307,"Female"
"9004158",371991,2025-07-04 13:32:31,42.452091217041,-8.92077827453613,"Female"
"9004158",371991,2025-07-04 13:37:32,42.4522132873535,-8.92152690887451,"Female"
"9004158",371991,2025-07-04 13:42:31,42.4518814086914,-8.92067337036133,"Female"
"9004158",371991,2025-07-04 13:47:44,42.4525413513184,-8.92201328277588,"Female"
"9004158",371991,2025-07-04 13:52:45,42.4536247253418,-8.9228343963623,"Female"
"9004158",371991,2025-07-04 13:58:09,42.4546852111816,-8.92342185974121,"Female"
"9004158",371991,2025-07-04 14:04:10,42.4540405273438,-8.92300701141357,"Female"
"9004158",371991,2025-07-04 14:11:16,42.4553756713867,-8.92082691192627,"Female"
"9004158",371991,2025-07-04 14:16:27,42.4557876586914,-8.92113876342773,"Female"
"9004158",371991,2025-07-04 14:22:47,42.4546241760254,-8.9187183380127,"Female"
"9004158",371991,2025-07-04 14:29:41,42.4544219970703,-8.91776847839355,"Female"
"9004158",371991,2025-07-04 14:35:14,42.4545593261719,-8.91849040985107,"Female"
"9004158",371991,2025-07-04 14:39:36,42.4544715881348,-8.91818237304688,"Female"
"9004158",371991,2025-07-04 14:44:36,42.4546012878418,-8.91867256164551,"Female"
"9004158",371991,2025-07-04 14:49:48,42.4544982910156,-8.91858863830566,"Female"
"9004158",371991,2025-07-04 14:54:36,42.4544296264648,-8.91837215423584,"Female"
"9004158",371991,2025-07-04 14:59:48,42.4545211791992,-8.9184684753418,"Female"
"9004158",371991,2025-07-04 15:04:38,42.4546966552734,-8.91920185089111,"Female"
"9004158",371991,2025-07-04 15:09:36,42.4544448852539,-8.91841220855713,"Female"
"9004158",371991,2025-07-04 15:14:36,42.4545631408691,-8.91870498657227,"Female"
"9004158",371991,2025-07-04 15:19:38,42.4544105529785,-8.91843700408936,"Female"
"9004158",371991,2025-07-04 15:24:51,42.4546279907227,-8.9188060760498,"Female"
"9004158",371991,2025-07-04 15:29:36,42.4548645019531,-8.9195556640625,"Female"
"9004158",371991,2025-07-04 15:35:05,42.4546737670898,-8.91848945617676,"Female"
"9004158",371991,2025-07-04 15:39:35,42.454662322998,-8.91847801208496,"Female"
"9004158",371991,2025-07-04 15:44:35,42.4546203613281,-8.9185037612915,"Female"
"9004158",371991,2025-07-04 15:49:35,42.4546318054199,-8.9185733795166,"Female"
"9004158",371991,2025-07-04 15:54:36,42.454647064209,-8.91862010955811,"Female"
"9004158",371991,2025-07-04 15:59:36,42.4546508789062,-8.91862487792969,"Female"
"9004158",371991,2025-07-04 16:04:36,42.4546127319336,-8.91857147216797,"Female"
"9004158",371991,2025-07-04 16:09:36,42.4545974731445,-8.91847515106201,"Female"
"9004158",371991,2025-07-04 16:14:36,42.4546813964844,-8.91853141784668,"Female"
"9004158",371991,2025-07-04 16:19:36,42.4546203613281,-8.91851806640625,"Female"
"9004158",371991,2025-07-04 16:24:37,42.4546737670898,-8.91850757598877,"Female"
"9004158",371991,2025-07-04 16:29:37,42.4546279907227,-8.91850566864014,"Female"
"9004158",371991,2025-07-04 16:34:37,42.4546241760254,-8.91850662231445,"Female"
"9004158",371991,2025-07-04 16:39:37,42.4546394348145,-8.9184627532959,"Female"
"9004158",371991,2025-07-04 16:44:37,42.4546394348145,-8.91845321655273,"Female"
"9004158",371991,2025-07-04 16:49:36,42.4545440673828,-8.91841220855713,"Female"
"9004158",371991,2025-07-04 16:54:36,42.4546508789062,-8.91852283477783,"Female"
"9004158",371991,2025-07-04 16:59:36,42.4548683166504,-8.91852951049805,"Female"
"9004158",371991,2025-07-04 17:04:37,42.4546737670898,-8.91850852966309,"Female"
"9004158",371991,2025-07-04 17:09:37,42.4547576904297,-8.91862869262695,"Female"
"9004158",371991,2025-07-04 17:14:36,42.4546775817871,-8.91853332519531,"Female"
"9004158",371991,2025-07-04 17:19:36,42.4547157287598,-8.91862201690674,"Female"
"9004158",371991,2025-07-04 17:24:37,42.4546546936035,-8.91852951049805,"Female"
"9004158",371991,2025-07-04 17:29:37,42.4547500610352,-8.91866970062256,"Female"
"9004158",371991,2025-07-04 17:34:37,42.4546852111816,-8.91854381561279,"Female"
"9004158",371991,2025-07-04 17:39:38,42.4545555114746,-8.91836547851562,"Female"
"9004158",371991,2025-07-04 17:44:37,42.4547080993652,-8.91856575012207,"Female"
"9004158",371991,2025-07-04 17:49:37,42.4548072814941,-8.91879081726074,"Female"
"9004158",371991,2025-07-04 17:54:38,42.4546318054199,-8.91849899291992,"Female"
"9004158",371991,2025-07-04 17:59:39,42.4545707702637,-8.91837787628174,"Female"
"9004158",371991,2025-07-04 18:04:42,42.4545555114746,-8.91832256317139,"Female"
"9004158",371991,2025-07-04 18:10:05,42.454647064209,-8.91851902008057,"Female"
"9004158",371991,2025-07-04 18:14:36,42.4546699523926,-8.91851711273193,"Female"
"9004158",371991,2025-07-04 18:19:37,42.4547386169434,-8.91842269897461,"Female"
"9004158",371991,2025-07-04 18:24:36,42.454647064209,-8.91854763031006,"Female"
"9004158",371991,2025-07-04 18:29:36,42.4546546936035,-8.91853141784668,"Female"
"9004158",371991,2025-07-04 18:34:36,42.4546432495117,-8.91852951049805,"Female"
"9004158",371991,2025-07-04 18:39:36,42.4547004699707,-8.9185791015625,"Female"
"9004158",371991,2025-07-04 18:44:36,42.4546318054199,-8.91857051849365,"Female"
"9004158",371991,2025-07-04 18:49:36,42.4546279907227,-8.91855907440186,"Female"
"9004158",371991,2025-07-04 18:54:36,42.4546127319336,-8.91856956481934,"Female"
"9004158",371991,2025-07-04 18:59:36,42.4546775817871,-8.91852760314941,"Female"
"9004158",371991,2025-07-04 19:04:36,42.4546508789062,-8.9185094833374,"Female"
"9004158",371991,2025-07-04 19:09:36,42.4546813964844,-8.91855716705322,"Female"
"9004158",371991,2025-07-04 19:14:36,42.4546546936035,-8.91851997375488,"Female"
"9004158",371991,2025-07-04 19:19:36,42.4546813964844,-8.91854190826416,"Female"
"9004158",371991,2025-07-04 19:24:36,42.4546241760254,-8.918532371521,"Female"
"9004158",371991,2025-07-04 19:29:36,42.4546127319336,-8.91858577728271,"Female"
"9004158",371991,2025-07-04 19:34:36,42.4546699523926,-8.91855812072754,"Female"
"9004158",371991,2025-07-04 19:39:36,42.4467964172363,-8.91946983337402,"Female"
"9004158",371991,2025-07-04 19:44:36,42.4087295532227,-8.92254257202148,"Female"
"9004158",371991,2025-07-04 19:50:05,42.3993301391602,-8.92180728912354,"Female"
"9004158",371991,2025-07-04 19:54:43,42.3990440368652,-8.92246532440186,"Female"
"9004158",371991,2025-07-04 19:59:44,42.3995552062988,-8.92207431793213,"Female"
"9004158",371991,2025-07-04 20:04:50,42.3993911743164,-8.92212295532227,"Female"
"9004158",371991,2025-07-04 20:10:46,42.4001655578613,-8.92236042022705,"Female"
"9004158",371991,2025-07-04 20:14:46,42.3998832702637,-8.92234802246094,"Female"
"9004158",371991,2025-07-04 20:20:59,42.3998756408691,-8.92235851287842,"Female"
"9004158",371991,2025-07-04 20:24:48,42.3988418579102,-8.92207145690918,"Female"
"9004158",371991,2025-07-04 20:29:45,42.3999290466309,-8.92237663269043,"Female"
"9004158",371991,2025-07-04 20:34:47,42.4004325866699,-8.92258071899414,"Female"
"9004158",371991,2025-07-04 20:39:48,42.4000854492188,-8.92244625091553,"Female"
"9004158",371991,2025-07-04 20:44:49,42.4000205993652,-8.92251205444336,"Female"
"9004158",371991,2025-07-04 20:50:08,42.3993148803711,-8.92218780517578,"Female"
"9004158",371991,2025-07-04 20:54:42,42.3994369506836,-8.92235088348389,"Female"
"9004158",371991,2025-07-04 20:59:49,42.3994331359863,-8.92221641540527,"Female"
"9004158",371991,2025-07-04 21:04:39,42.399585723877,-8.92207527160645,"Female"
"9004158",371991,2025-07-04 21:09:37,42.3994750976562,-8.92220592498779,"Female"
"9004158",371991,2025-07-04 21:14:40,42.3990325927734,-8.92210102081299,"Female"
"9004158",371991,2025-07-04 21:19:46,42.3992233276367,-8.92188739776611,"Female"
"9004158",371991,2025-07-04 21:24:37,42.3990898132324,-8.92223453521729,"Female"
"9004158",371991,2025-07-04 21:29:49,42.3992347717285,-8.92209434509277,"Female"
"9004158",371991,2025-07-04 21:34:42,42.3994560241699,-8.9221248626709,"Female"
"9004158",371991,2025-07-04 21:39:41,42.3993034362793,-8.92201805114746,"Female"
"9004158",371991,2025-07-04 21:44:37,42.3994903564453,-8.92215156555176,"Female"
"9004158",371991,2025-07-04 21:49:56,42.3991622924805,-8.92223072052002,"Female"
"9004158",371991,2025-07-04 21:54:48,42.3993759155273,-8.92236804962158,"Female"
"9004158",371991,2025-07-04 21:59:38,42.3991928100586,-8.92203807830811,"Female"
"9004158",371991,2025-07-04 22:04:40,42.399299621582,-8.92204189300537,"Female"
"9004158",371991,2025-07-04 22:09:39,42.3991584777832,-8.92202091217041,"Female"
"9004158",371991,2025-07-04 22:15:10,42.3992500305176,-8.92214870452881,"Female"
"9004158",371991,2025-07-04 22:19:43,42.399845123291,-8.9222412109375,"Female"
"9004158",371991,2025-07-04 22:25:08,42.3991851806641,-8.92220592498779,"Female"
"9004158",371991,2025-07-04 22:29:45,42.3993988037109,-8.92221927642822,"Female"
"9004158",371991,2025-07-04 22:34:54,42.3993072509766,-8.92210388183594,"Female"
"9004158",371991,2025-07-04 22:39:48,42.3993110656738,-8.92240905761719,"Female"
"9004158",371991,2025-07-04 22:45:05,42.3992004394531,-8.92220878601074,"Female"
"9004158",371991,2025-07-04 22:50:17,42.3994026184082,-8.92248725891113,"Female"
"9004158",371991,2025-07-04 22:55:25,42.399227142334,-8.92283344268799,"Female"
"9004158",371991,2025-07-04 23:00:25,42.3992919921875,-8.92234516143799,"Female"
"9004158",371991,2025-07-04 23:06:01,42.3993225097656,-8.9224328994751,"Female"
"9004158",371991,2025-07-04 23:10:15,42.399356842041,-8.92242050170898,"Female"
"9004158",371991,2025-07-04 23:15:11,42.3993263244629,-8.92249584197998,"Female"
"9004158",371991,2025-07-04 23:20:11,42.3992347717285,-8.92216300964355,"Female"
"9004159",371979,2025-05-13 11:38:35,42.3973503112793,-8.92153930664062,"Female"
"9004159",371979,2025-05-13 11:43:00,42.3973350524902,-8.92161273956299,"Female"
"9004159",371979,2025-05-13 11:48:00,42.3973503112793,-8.92153453826904,"Female"
"9004159",371979,2025-05-13 11:52:05,42.3972816467285,-8.92141246795654,"Female"
"9004159",371979,2025-05-13 11:56:36,42.3973197937012,-8.9214334487915,"Female"
"9004159",371979,2025-05-13 12:01:37,42.3974304199219,-8.92148971557617,"Female"
"9004159",371979,2025-05-13 12:06:36,42.3973731994629,-8.92142868041992,"Female"
"9004159",371979,2025-05-13 12:11:36,42.3973426818848,-8.92150211334229,"Female"
"9004159",371979,2025-05-13 12:16:36,42.3973770141602,-8.9215612411499,"Female"
"9004159",371979,2025-05-13 12:21:36,42.3973045349121,-8.92160987854004,"Female"
"9004159",371979,2025-05-13 12:26:37,42.3973503112793,-8.9216194152832,"Female"
"9004159",371979,2025-05-13 12:31:38,42.397331237793,-8.92148208618164,"Female"
"9004159",371979,2025-05-13 12:36:40,42.3972511291504,-8.92127323150635,"Female"
"9004159",371979,2025-05-13 12:41:38,42.3973007202148,-8.92127227783203,"Female"
"9004159",371979,2025-05-13 12:46:42,42.397274017334,-8.92135238647461,"Female"
"9004159",371979,2025-05-13 12:51:42,42.3972969055176,-8.92111778259277,"Female"
"9004159",371979,2025-05-13 12:56:42,42.397289276123,-8.92113208770752,"Female"
"9004159",371979,2025-05-13 13:01:37,42.3973236083984,-8.92132759094238,"Female"
"9004159",371979,2025-05-13 13:06:41,42.3965950012207,-8.91992855072021,"Female"
"9004159",371979,2025-05-13 13:11:41,42.3947944641113,-8.92232608795166,"Female"
"9004159",371979,2025-05-13 13:16:42,42.3946723937988,-8.92323398590088,"Female"
"9004159",371979,2025-05-13 13:21:48,42.3947219848633,-8.92325019836426,"Female"
"9004159",371979,2025-05-13 13:26:43,42.3946838378906,-8.92323970794678,"Female"
"9004159",371979,2025-05-13 13:31:53,42.3947639465332,-8.92320251464844,"Female"
"9004159",371979,2025-05-13 13:36:42,42.3947257995605,-8.92312812805176,"Female"
"9004159",371979,2025-05-13 13:41:42,42.3952903747559,-8.92291355133057,"Female"
"9004159",371979,2025-05-13 13:46:44,42.3973083496094,-8.92241764068604,"Female"
"9004159",371979,2025-05-13 13:51:48,42.3983345031738,-8.92215633392334,"Female"
"9004159",371979,2025-05-13 13:56:42,42.3987426757812,-8.92132091522217,"Female"
"9004159",371979,2025-05-13 14:01:46,42.3986625671387,-8.92160987854004,"Female"
"9004159",371979,2025-05-13 14:06:50,42.3986930847168,-8.92161750793457,"Female"
"9004159",371979,2025-05-13 14:11:50,42.3987197875977,-8.92166137695312,"Female"
"9004159",371979,2025-05-13 14:16:50,42.3987121582031,-8.92160129547119,"Female"
"9004159",371979,2025-05-13 14:22:05,42.3987731933594,-8.92158031463623,"Female"
"9004159",371979,2025-05-13 14:26:37,42.3987998962402,-8.9216947555542,"Female"
"9004159",371979,2025-05-13 14:31:36,42.3987884521484,-8.92158031463623,"Female"
"9004159",371979,2025-05-13 14:36:36,42.3987884521484,-8.92154312133789,"Female"
"9004159",371979,2025-05-13 14:41:36,42.3987503051758,-8.92152786254883,"Female"
"9004159",371979,2025-05-13 14:46:36,42.3987312316895,-8.92158889770508,"Female"
"9004159",371979,2025-05-13 14:51:36,42.3987236022949,-8.92156791687012,"Female"
"9004159",371979,2025-05-13 14:56:36,42.3987007141113,-8.92153549194336,"Female"
"9004159",371979,2025-05-13 15:01:36,42.3986930847168,-8.92144584655762,"Female"
"9004159",371979,2025-05-13 15:06:37,42.3989372253418,-8.92148303985596,"Female"
"9004159",371979,2025-05-13 15:11:37,42.3988342285156,-8.92156028747559,"Female"
"9004159",371979,2025-05-13 15:16:36,42.3989524841309,-8.92148685455322,"Female"
"9004159",371979,2025-05-13 15:21:38,42.3989143371582,-8.92149066925049,"Female"
"9004159",371979,2025-05-13 15:26:37,42.3990020751953,-8.92147731781006,"Female"
"9004159",371979,2025-05-13 15:31:37,42.3990707397461,-8.92147636413574,"Female"
"9004159",371979,2025-05-13 15:36:38,42.399284362793,-8.92141628265381,"Female"
"9004159",371979,2025-05-13 15:41:38,42.3992462158203,-8.92143440246582,"Female"
"9004159",371979,2025-05-13 15:46:40,42.3998756408691,-8.92135429382324,"Female"
"9004159",371979,2025-05-13 15:51:44,42.3989677429199,-8.92148208618164,"Female"
"9004159",371979,2025-05-13 15:56:40,42.3988952636719,-8.92146682739258,"Female"
"9004159",371979,2025-05-13 16:01:38,42.3990592956543,-8.92141056060791,"Female"
"9004159",371979,2025-05-13 16:06:40,42.3994369506836,-8.9213228225708,"Female"
"9004159",371979,2025-05-13 16:11:43,42.3985481262207,-8.92166900634766,"Female"
"9004159",371979,2025-05-13 16:18:00,42.3986015319824,-8.92151260375977,"Female"
"9004159",371979,2025-05-13 16:27:05,42.4003295898438,-8.91629695892334,"Female"
"9004159",371979,2025-05-13 16:31:36,42.4025764465332,-8.92175674438477,"Female"
"9004159",371979,2025-05-13 16:36:36,42.4045829772949,-8.9229850769043,"Female"
"9004159",371979,2025-05-13 16:41:36,42.3886184692383,-8.93582630157471,"Female"
"9004159",371979,2025-05-13 16:47:05,42.3872756958008,-8.93489360809326,"Female"
"9004159",371979,2025-05-13 16:51:47,42.3872108459473,-8.93484210968018,"Female"
"9004159",371979,2025-05-13 16:56:36,42.3872375488281,-8.93485832214355,"Female"
"9004159",371979,2025-05-13 17:01:38,42.3872871398926,-8.93489265441895,"Female"
"9004159",371979,2025-05-13 17:06:36,42.387149810791,-8.93492221832275,"Female"
"9004159",371979,2025-05-13 17:11:36,42.3873100280762,-8.934889793396,"Female"
"9004159",371979,2025-05-13 17:17:14,42.3872528076172,-8.93486022949219,"Female"
"9004159",371979,2025-05-13 17:21:36,42.3872222900391,-8.93483924865723,"Female"
"9004159",371979,2025-05-13 17:26:36,42.3872375488281,-8.93485260009766,"Female"
"9004159",371979,2025-05-13 17:31:37,42.387264251709,-8.93487548828125,"Female"
"9004159",371979,2025-05-13 17:36:36,42.3872985839844,-8.93494606018066,"Female"
"9004159",371979,2025-05-13 17:42:35,42.3872413635254,-8.93485641479492,"Female"
"9004159",371979,2025-05-13 17:46:37,42.3872680664062,-8.93490600585938,"Female"
"9004159",371979,2025-05-13 17:51:36,42.3872261047363,-8.93484592437744,"Female"
"9004159",371979,2025-05-13 17:56:37,42.3872566223145,-8.93484878540039,"Female"
"9004159",371979,2025-05-13 18:01:37,42.3871879577637,-8.93482780456543,"Female"
"9004159",371979,2025-05-13 18:06:36,42.3872604370117,-8.93492889404297,"Female"
"9004159",371979,2025-05-13 18:11:36,42.3873138427734,-8.93490123748779,"Female"
"9004159",371979,2025-05-13 18:16:36,42.3873519897461,-8.93494129180908,"Female"
"9004159",371979,2025-05-13 18:21:49,42.387149810791,-8.93472957611084,"Female"
"9004159",371979,2025-05-13 18:26:36,42.3871269226074,-8.93461990356445,"Female"
"9004159",371979,2025-05-13 18:31:42,42.3871116638184,-8.93465709686279,"Female"
"9004159",371979,2025-05-13 18:36:46,42.3867568969727,-8.93557453155518,"Female"
"9004159",371979,2025-05-13 18:42:14,42.3867492675781,-8.93556118011475,"Female"
"9004159",371979,2025-05-13 18:46:41,42.3867835998535,-8.93532943725586,"Female"
"9004159",371979,2025-05-13 18:53:00,42.3868026733398,-8.93557643890381,"Female"
"9004159",371979,2025-05-13 18:57:12,42.3867988586426,-8.93556976318359,"Female"
"9004159",371979,2025-05-13 19:01:37,42.3866996765137,-8.93514442443848,"Female"
"9004159",371979,2025-05-13 19:06:36,42.3867149353027,-8.93538284301758,"Female"
"9004159",371979,2025-05-13 19:11:37,42.3867225646973,-8.9354076385498,"Female"
"9004159",371979,2025-05-13 19:16:38,42.3867378234863,-8.9354829788208,"Female"
"9004159",371979,2025-05-13 19:21:41,42.3865585327148,-8.93527984619141,"Female"
"9004159",371979,2025-05-13 19:26:43,42.3863639831543,-8.93471527099609,"Female"
"9004159",371979,2025-05-13 19:31:44,42.3865966796875,-8.9355525970459,"Female"
"9004159",371979,2025-05-13 19:36:40,42.3869705200195,-8.9360179901123,"Female"
"9004159",371979,2025-05-13 19:41:40,42.386962890625,-8.93605804443359,"Female"
"9004159",371979,2025-05-13 19:46:42,42.3869285583496,-8.93615055084229,"Female"
"9004159",371979,2025-05-13 19:51:44,42.3868064880371,-8.93542385101318,"Female"
"9004159",371979,2025-05-13 19:56:42,42.387378692627,-8.93703460693359,"Female"
"9004159",371979,2025-05-13 20:01:49,42.3867645263672,-8.93550300598145,"Female"
"9004159",371979,2025-05-13 20:06:49,42.3868446350098,-8.93546676635742,"Female"
"9004159",371979,2025-05-13 20:12:05,42.3868179321289,-8.9355640411377,"Female"
"9004159",371979,2025-05-13 20:16:36,42.3867645263672,-8.93558216094971,"Female"
"9004159",371979,2025-05-13 20:21:36,42.3866539001465,-8.93558597564697,"Female"
"9004159",371979,2025-05-13 20:26:36,42.3867797851562,-8.93561172485352,"Female"
"9004159",371979,2025-05-13 20:31:37,42.3867034912109,-8.9354772567749,"Female"
"9004159",371979,2025-05-13 20:36:37,42.3866424560547,-8.9354419708252,"Female"
"9004159",371979,2025-05-13 20:41:36,42.3870620727539,-8.93583488464355,"Female"
"9004159",371979,2025-05-13 20:46:38,42.3864326477051,-8.93531036376953,"Female"
"9004159",371979,2025-05-13 20:51:42,42.3863830566406,-8.93529224395752,"Female"
"9004159",371979,2025-05-13 20:56:42,42.3829116821289,-8.93193912506104,"Female"
"9004159",371979,2025-05-13 21:01:40,42.3879051208496,-8.93667697906494,"Female"
"9004159",371979,2025-05-13 21:06:43,42.3866729736328,-8.93542289733887,"Female"
"9004159",371979,2025-05-13 21:11:49,42.3866500854492,-8.93552780151367,"Female"
"9004159",371979,2025-05-13 21:16:47,42.3866806030273,-8.93558406829834,"Female"
"9004159",371979,2025-05-13 21:21:54,42.3867950439453,-8.93557262420654,"Female"
"9004159",371979,2025-05-13 21:26:56,42.3866577148438,-8.93558979034424,"Female"
"9004159",371979,2025-05-13 21:32:00,42.3867988586426,-8.93563938140869,"Female"
"9004159",371979,2025-05-13 21:37:43,42.3867378234863,-8.93553352355957,"Female"
"9004159",371979,2025-05-13 21:41:37,42.3867683410645,-8.93558120727539,"Female"
"9004159",371979,2025-05-13 21:46:38,42.3868217468262,-8.93555450439453,"Female"
"9004159",371979,2025-05-13 21:51:37,42.3865776062012,-8.93548774719238,"Female"
"9004159",371979,2025-05-13 21:56:36,42.3865928649902,-8.93542766571045,"Female"
"9004159",371979,2025-05-13 22:01:37,42.386474609375,-8.93545913696289,"Female"
"9004159",371979,2025-05-13 22:06:36,42.3867225646973,-8.93547439575195,"Female"
"9004159",371979,2025-05-13 22:11:37,42.3866806030273,-8.93555641174316,"Female"
"9004159",371979,2025-05-13 22:16:36,42.3866424560547,-8.93543338775635,"Female"
"9004159",371979,2025-05-13 22:21:40,42.386604309082,-8.93547534942627,"Female"
"9004159",371979,2025-05-13 22:26:36,42.3865432739258,-8.936279296875,"Female"
"9004159",371979,2025-05-13 22:32:11,42.3868103027344,-8.93551254272461,"Female"
"9004159",371979,2025-05-13 22:36:36,42.3866844177246,-8.93569755554199,"Female"
"9004159",371979,2025-05-13 22:41:37,42.3867607116699,-8.93559074401855,"Female"
"9004159",371979,2025-05-13 22:46:36,42.3867149353027,-8.93550109863281,"Female"
"9004159",371979,2025-05-13 22:51:39,42.3871612548828,-8.93552398681641,"Female"
"9004159",371979,2025-05-13 22:56:37,42.3866882324219,-8.93563842773438,"Female"
"9004159",371979,2025-05-13 23:01:37,42.3865356445312,-8.93559551239014,"Female"
"9004159",371979,2025-05-13 23:06:38,42.3865165710449,-8.93562698364258,"Female"
"9004159",371979,2025-05-13 23:11:38,42.3864440917969,-8.93561458587646,"Female"
"9004159",371979,2025-05-13 23:16:36,42.3864288330078,-8.93560409545898,"Female"
"9004159",371979,2025-05-13 23:21:38,42.3862915039062,-8.93560028076172,"Female"
"9004159",371979,2025-05-13 23:26:36,42.3861465454102,-8.93550968170166,"Female"
"9004159",371979,2025-05-13 23:31:38,42.3863945007324,-8.93550682067871,"Female"
"9004159",371979,2025-05-13 23:37:06,42.3865203857422,-8.93550682067871,"Female"
"9004159",371979,2025-05-13 23:42:07,42.386531829834,-8.93525695800781,"Female"
"9004159",371979,2025-05-13 23:47:35,42.3867340087891,-8.93552494049072,"Female"
"9004159",371979,2025-05-13 23:52:05,42.3867073059082,-8.93553733825684,"Female"
"9004159",371979,2025-05-13 23:57:03,42.3867721557617,-8.93556690216064,"Female"
"9004159",371979,2025-05-14 00:02:05,42.386848449707,-8.93552017211914,"Female"
"9004159",371979,2025-05-14 00:07:04,42.3867225646973,-8.93563365936279,"Female"
"9004159",371979,2025-05-14 00:12:05,42.3868141174316,-8.93553924560547,"Female"
"9004159",371979,2025-05-14 00:17:14,42.3867568969727,-8.93553829193115,"Female"
"9004159",371979,2025-05-14 00:22:05,42.3867683410645,-8.93554306030273,"Female"
"9004159",371979,2025-05-14 00:27:03,42.3867835998535,-8.9354944229126,"Female"
"9004159",371979,2025-05-14 00:32:05,42.3868446350098,-8.935471534729,"Female"
"9004159",371979,2025-05-14 00:37:05,42.3868064880371,-8.9355001449585,"Female"
"9004159",371979,2025-05-14 00:42:05,42.3867416381836,-8.93552112579346,"Female"
"9004159",371979,2025-05-14 00:47:05,42.3866310119629,-8.93543243408203,"Female"
"9004159",371979,2025-05-14 00:52:05,42.3867034912109,-8.93547344207764,"Female"
"9004159",371979,2025-05-14 00:57:05,42.3866233825684,-8.93541717529297,"Female"
"9004159",371979,2025-05-14 01:02:03,42.3866729736328,-8.93588447570801,"Female"
"9004159",371979,2025-05-14 01:07:05,42.3868217468262,-8.93585968017578,"Female"
"9004159",371979,2025-05-14 01:12:03,42.3867454528809,-8.93537902832031,"Female"
"9004159",371979,2025-05-14 01:17:05,42.3866882324219,-8.93532276153564,"Female"
"9004159",371979,2025-05-14 01:22:06,42.3867645263672,-8.935715675354,"Female"
"9004159",371979,2025-05-14 01:27:05,42.3865127563477,-8.93535137176514,"Female"
"9004159",371979,2025-05-14 01:32:04,42.3867034912109,-8.93550872802734,"Female"
"9004159",371979,2025-05-14 01:37:05,42.3868255615234,-8.93559074401855,"Female"
"9004159",371979,2025-05-14 01:42:07,42.3862495422363,-8.93514347076416,"Female"
"9004159",371979,2025-05-14 01:47:05,42.386302947998,-8.9351749420166,"Female"
"9004159",371979,2025-05-14 01:52:04,42.3864097595215,-8.93521308898926,"Female"
"9004159",371979,2025-05-14 01:57:06,42.3865737915039,-8.93536567687988,"Female"
"9004159",371979,2025-05-14 02:02:06,42.3864669799805,-8.93531608581543,"Female"
"9004159",371979,2025-05-14 02:07:06,42.3864135742188,-8.93521308898926,"Female"
"9004159",371979,2025-05-14 02:12:04,42.3864440917969,-8.93521690368652,"Female"
"9004159",371979,2025-05-14 02:17:05,42.3864135742188,-8.93518161773682,"Female"
"9004159",371979,2025-05-14 02:22:05,42.3864517211914,-8.93523120880127,"Female"
"9004159",371979,2025-05-14 02:27:05,42.3864707946777,-8.93521881103516,"Female"
"9004159",371979,2025-05-14 02:32:09,42.386589050293,-8.93526077270508,"Female"
"9004159",371979,2025-05-14 02:37:07,42.3864669799805,-8.93521785736084,"Female"
"9004159",371979,2025-05-14 02:42:13,42.3869514465332,-8.93532562255859,"Female"
"9004159",371979,2025-05-14 02:47:08,42.3867378234863,-8.93516159057617,"Female"
"9004159",371979,2025-05-14 02:52:35,42.3867874145508,-8.9354419708252,"Female"
"9004159",371979,2025-05-14 02:57:07,42.3868141174316,-8.93552589416504,"Female"
"9004159",371979,2025-05-14 03:02:05,42.3867835998535,-8.93549537658691,"Female"
"9004159",371979,2025-05-14 03:07:08,42.386791229248,-8.93550300598145,"Female"
"9004159",371979,2025-05-14 03:12:03,42.3867301940918,-8.93559074401855,"Female"
"9004159",371979,2025-05-14 03:17:03,42.3867721557617,-8.93558883666992,"Female"
"9004159",371979,2025-05-14 03:22:08,42.3867301940918,-8.93545055389404,"Female"
"9004159",371979,2025-05-14 03:27:03,42.386791229248,-8.93551826477051,"Female"
"9004159",371979,2025-05-14 03:32:04,42.3867835998535,-8.93551063537598,"Female"
"9004159",371979,2025-05-14 03:37:06,42.3867797851562,-8.93555927276611,"Female"
"9004159",371979,2025-05-14 03:42:07,42.3867378234863,-8.93555736541748,"Female"
"9004159",371979,2025-05-14 03:47:05,42.3867835998535,-8.9355583190918,"Female"
"9004159",371979,2025-05-14 03:52:09,42.3867797851562,-8.93553066253662,"Female"
"9004159",371979,2025-05-14 03:57:15,42.3867721557617,-8.93580436706543,"Female"
"9004159",371979,2025-05-14 04:02:14,42.3867416381836,-8.93558120727539,"Female"
"9004159",371979,2025-05-14 04:07:09,42.3868064880371,-8.93570899963379,"Female"
"9004159",371979,2025-05-14 04:12:09,42.3867416381836,-8.93554592132568,"Female"
"9004159",371979,2025-05-14 04:17:13,42.3867797851562,-8.9356050491333,"Female"
"9004159",371979,2025-05-14 04:22:06,42.3867073059082,-8.9353666305542,"Female"
"9004159",371979,2025-05-14 04:27:06,42.386646270752,-8.93542575836182,"Female"
"9004159",371979,2025-05-14 04:32:18,42.3867797851562,-8.93557929992676,"Female"
"9004159",371979,2025-05-14 04:37:26,42.3867950439453,-8.93547534942627,"Female"
"9004159",371979,2025-05-14 04:42:12,42.3871307373047,-8.93576145172119,"Female"
"9004159",371979,2025-05-14 04:47:29,42.386890411377,-8.93551635742188,"Female"
"9004159",371979,2025-05-14 04:52:11,42.386646270752,-8.93538188934326,"Female"
"9004159",371979,2025-05-14 04:57:15,42.3867607116699,-8.93541240692139,"Female"
"9004159",371979,2025-05-14 05:02:06,42.3995666503906,-8.92399978637695,"Female"
"9004159",371979,2025-05-14 05:07:08,42.3978538513184,-8.92034721374512,"Female"
"9004159",371979,2025-05-14 05:12:08,42.3978843688965,-8.92034149169922,"Female"
"9004159",371979,2025-05-14 05:17:04,42.3978652954102,-8.92039680480957,"Female"
"9004159",371979,2025-05-14 05:22:06,42.3973159790039,-8.919921875,"Female"
"9004159",371979,2025-05-14 05:27:09,42.3976974487305,-8.92013072967529,"Female"
"9004159",371979,2025-05-14 05:32:11,42.3977355957031,-8.92016506195068,"Female"
"9004159",371979,2025-05-14 05:37:07,42.3976860046387,-8.9201488494873,"Female"
"9004159",371979,2025-05-14 05:42:10,42.3978309631348,-8.92032337188721,"Female"
"9004159",371979,2025-05-14 05:47:11,42.3978729248047,-8.92037582397461,"Female"
"9004159",371979,2025-05-14 05:52:35,42.3978004455566,-8.9202823638916,"Female"
"9004159",371979,2025-05-14 05:57:05,42.3977737426758,-8.92017364501953,"Female"
"9004159",371979,2025-05-14 06:02:03,42.3988304138184,-8.92122554779053,"Female"
"9004159",371979,2025-05-14 06:07:08,42.3988914489746,-8.9212818145752,"Female"
"9004159",371979,2025-05-14 06:12:07,42.3990859985352,-8.92130756378174,"Female"
"9004159",371979,2025-05-14 06:17:05,42.3991279602051,-8.92115116119385,"Female"
"9004159",371979,2025-05-14 06:22:06,42.3990936279297,-8.92099952697754,"Female"
"9004159",371979,2025-05-14 06:27:06,42.3990364074707,-8.9213171005249,"Female"
"9004159",371979,2025-05-14 06:32:06,42.3991355895996,-8.92113208770752,"Female"
"9004159",371979,2025-05-14 06:37:06,42.3990745544434,-8.92107772827148,"Female"
"9004159",371979,2025-05-14 06:42:06,42.3991432189941,-8.92110824584961,"Female"
"9004159",371979,2025-05-14 06:47:06,42.3990898132324,-8.92130756378174,"Female"
"9004159",371979,2025-05-14 06:52:07,42.3990516662598,-8.92113971710205,"Female"
"9004159",371979,2025-05-14 06:57:04,42.398998260498,-8.92116165161133,"Female"
"9004159",371979,2025-05-14 07:02:06,42.4019584655762,-8.91974544525146,"Female"
"9004159",371979,2025-05-14 07:07:04,42.4332656860352,-8.94677543640137,"Female"
"9004159",371979,2025-05-14 07:12:04,42.463005065918,-8.97813606262207,"Female"
"9004159",371979,2025-05-14 07:17:05,42.4916954040527,-9.00615978240967,"Female"
"9004159",371979,2025-05-14 07:22:04,42.4984664916992,-9.01468181610107,"Female"
"9004159",371979,2025-05-14 07:27:05,42.4985580444336,-9.01458072662354,"Female"
"9004159",371979,2025-05-14 07:32:04,42.4985237121582,-9.01458549499512,"Female"
"9004159",371979,2025-05-14 07:37:04,42.4984931945801,-9.01454639434814,"Female"
"9004159",371979,2025-05-14 07:42:05,42.4985275268555,-9.01464176177979,"Female"
"9004159",371979,2025-05-14 07:47:04,42.4985733032227,-9.01462554931641,"Female"
"9004159",371979,2025-05-14 07:52:06,42.4986686706543,-9.01471519470215,"Female"
"9004159",371979,2025-05-14 07:57:05,42.4985847473145,-9.0145845413208,"Female"
"9004159",371979,2025-05-14 08:02:05,42.4986801147461,-9.0147180557251,"Female"
"9004159",371979,2025-05-14 08:07:05,42.4986610412598,-9.01469898223877,"Female"
"9004159",371979,2025-05-14 08:12:05,42.4987030029297,-9.01472663879395,"Female"
"9004159",371979,2025-05-14 08:17:05,42.4986534118652,-9.01468753814697,"Female"
"9004159",371979,2025-05-14 08:22:05,42.4986991882324,-9.014723777771,"Female"
"9004159",371979,2025-05-14 08:27:04,42.4986915588379,-9.0147647857666,"Female"
"9004159",371979,2025-05-14 08:32:05,42.5069046020508,-9.01937007904053,"Female"
"9004159",371979,2025-05-14 08:37:05,42.5067138671875,-9.02095031738281,"Female"
"9004159",371979,2025-05-14 08:42:05,42.529857635498,-9.05283260345459,"Female"
"9004159",371979,2025-05-14 08:47:07,42.5385055541992,-9.05342864990234,"Female"
"9004159",371979,2025-05-14 08:52:45,42.5444145202637,-9.05155658721924,"Female"
"9004159",371979,2025-05-14 08:58:35,42.5457229614258,-9.05080795288086,"Female"
"9004159",371979,2025-05-14 09:03:33,42.5467681884766,-9.05265712738037,"Female"
"9004159",371979,2025-05-14 09:08:48,42.5478706359863,-9.05536079406738,"Female"
"9004159",371979,2025-05-14 09:13:48,42.5476989746094,-9.0552282333374,"Female"
"9004159",371979,2025-05-14 09:18:48,42.5457572937012,-9.05215358734131,"Female"
"9004159",371979,2025-05-14 09:24:47,42.5474319458008,-9.05508518218994,"Female"
"9004159",371979,2025-05-14 09:29:46,42.546501159668,-9.05416107177734,"Female"
"9004159",371979,2025-05-14 09:34:46,42.545467376709,-9.05282974243164,"Female"
"9004159",371979,2025-05-14 09:40:29,42.5439453125,-9.05217456817627,"Female"
"9004159",371979,2025-05-14 09:46:17,42.5440864562988,-9.05082893371582,"Female"
"9004159",371979,2025-05-14 09:52:14,42.5446701049805,-9.04949378967285,"Female"
"9004159",371979,2025-05-14 09:57:15,42.5483436584473,-9.05024528503418,"Female"
"9004159",371979,2025-05-14 10:02:15,42.5670166015625,-9.0484619140625,"Female"
"9004159",371979,2025-05-14 10:07:15,42.5664672851562,-9.04832553863525,"Female"
"9004159",371979,2025-05-14 10:12:15,42.5669212341309,-9.04831027984619,"Female"
"9004159",371979,2025-05-14 10:17:14,42.5669136047363,-9.04831027984619,"Female"
"9004159",371979,2025-05-14 10:22:15,42.5668525695801,-9.04821395874023,"Female"
"9004159",371979,2025-05-14 10:27:15,42.5668907165527,-9.04834842681885,"Female"
"9004159",371979,2025-05-14 10:32:15,42.5670051574707,-9.04856014251709,"Female"
"9004159",371979,2025-05-14 10:37:15,42.5669441223145,-9.04851150512695,"Female"
"9004159",371979,2025-05-14 10:42:15,42.5668678283691,-9.04832172393799,"Female"
"9004159",371979,2025-05-14 10:47:14,42.5668869018555,-9.04828643798828,"Female"
"9004159",371979,2025-05-14 10:52:15,42.5668258666992,-9.04848766326904,"Female"
"9004159",371979,2025-05-14 10:57:18,42.5669174194336,-9.04843521118164,"Female"
"9004159",371979,2025-05-14 11:02:14,42.566951751709,-9.04840850830078,"Female"
"9004159",371979,2025-05-14 11:07:14,42.5667686462402,-9.04825878143311,"Female"
"9004159",371979,2025-05-14 11:12:15,42.5667762756348,-9.04825878143311,"Female"
"9004159",371979,2025-05-14 11:17:15,42.5669784545898,-9.0483283996582,"Female"
"9004159",371979,2025-05-14 11:22:17,42.5669136047363,-9.04810619354248,"Female"
"9004159",371979,2025-05-14 11:27:15,42.5669708251953,-9.0483283996582,"Female"
"9004159",371979,2025-05-14 11:32:14,42.5669021606445,-9.04820919036865,"Female"
"9004159",371979,2025-05-14 11:37:15,42.5611839294434,-9.05770492553711,"Female"
"9004159",371979,2025-05-14 11:42:14,42.5447616577148,-9.05185604095459,"Female"
"9004159",371979,2025-05-14 11:53:01,42.5434417724609,-9.04812526702881,"Female"
"9004159",371979,2025-05-14 11:58:08,42.5453109741211,-9.04693031311035,"Female"
"9004159",371979,2025-05-14 12:04:25,42.5451240539551,-9.04766845703125,"Female"
"9004159",371979,2025-05-14 12:09:53,42.5436859130859,-9.04860591888428,"Female"
"9004159",371979,2025-05-14 12:14:53,42.5376930236816,-9.05039596557617,"Female"
"9004159",371979,2025-05-14 12:19:58,42.5354843139648,-9.04297924041748,"Female"
"9004159",371979,2025-05-14 12:24:53,42.5354881286621,-9.04295825958252,"Female"
"9004159",371979,2025-05-14 12:29:52,42.5354309082031,-9.04298305511475,"Female"
"9004159",371979,2025-05-14 12:34:52,42.5354652404785,-9.04297161102295,"Female"
"9004159",371979,2025-05-14 12:39:53,42.5391578674316,-9.05111980438232,"Female"
"9004159",371979,2025-05-14 12:45:03,42.5397415161133,-9.05254364013672,"Female"
"9004159",371979,2025-05-14 12:53:18,42.5390472412109,-9.05301666259766,"Female"
"9004159",371979,2025-05-14 12:58:17,42.5384330749512,-9.05405139923096,"Female"
"9004159",371979,2025-05-14 13:03:17,42.537410736084,-9.05467414855957,"Female"
"9004159",371979,2025-05-14 13:08:17,42.5368576049805,-9.0545654296875,"Female"
"9004159",371979,2025-05-14 13:13:16,42.5215339660645,-9.04917430877686,"Female"
"9004159",371979,2025-05-14 13:18:17,42.5071868896484,-9.03700542449951,"Female"
"9004159",371979,2025-05-14 13:23:17,42.5073089599609,-9.03676414489746,"Female"
"9004159",371979,2025-05-14 13:28:17,42.5073127746582,-9.03672695159912,"Female"
"9004159",371979,2025-05-14 13:33:20,42.5073204040527,-9.03669548034668,"Female"
"9004159",371979,2025-05-14 13:38:16,42.5073089599609,-9.03678512573242,"Female"
"9004159",371979,2025-05-14 13:43:17,42.5072364807129,-9.03672695159912,"Female"
"9004159",371979,2025-05-14 13:48:17,42.5072708129883,-9.03676795959473,"Female"
"9004159",371979,2025-05-14 13:53:16,42.5073204040527,-9.03670215606689,"Female"
"9004159",371979,2025-05-14 13:58:17,42.5073471069336,-9.03671073913574,"Female"
"9004159",371979,2025-05-14 14:03:17,42.5073013305664,-9.03671550750732,"Female"
"9004159",371979,2025-05-14 14:08:17,42.5073013305664,-9.03668022155762,"Female"
"9004159",371979,2025-05-14 14:13:17,42.5073127746582,-9.0366096496582,"Female"
"9004159",371979,2025-05-14 14:18:16,42.5072364807129,-9.03676795959473,"Female"
"9004159",371979,2025-05-14 14:23:16,42.5083427429199,-9.03532028198242,"Female"
"9004159",371979,2025-05-14 14:28:16,42.5082778930664,-9.03556442260742,"Female"
"9004159",371979,2025-05-14 14:33:16,42.5081443786621,-9.03341579437256,"Female"
"9004159",371979,2025-05-14 14:38:16,42.4986801147461,-9.01445388793945,"Female"
"9004159",371979,2025-05-14 14:43:17,42.4986114501953,-9.01438331604004,"Female"
"9004159",371979,2025-05-14 14:48:17,42.4986343383789,-9.01438236236572,"Female"
"9004159",371979,2025-05-14 14:53:16,42.4986305236816,-9.01444339752197,"Female"
"9004159",371979,2025-05-14 14:58:16,42.4986724853516,-9.01447677612305,"Female"
"9004159",371979,2025-05-14 15:03:16,42.4986610412598,-9.01446914672852,"Female"
"9004159",371979,2025-05-14 15:08:17,42.4986305236816,-9.01442527770996,"Female"
"9004159",371979,2025-05-14 15:13:17,42.498706817627,-9.01449775695801,"Female"
"9004159",371979,2025-05-14 15:18:16,42.4987373352051,-9.01453113555908,"Female"
"9004159",371979,2025-05-14 15:23:17,42.499080657959,-9.01472759246826,"Female"
"9004159",371979,2025-05-14 15:28:16,42.4989967346191,-9.01481819152832,"Female"
"9004159",371979,2025-05-14 15:33:17,42.4991302490234,-9.0147008895874,"Female"
"9004159",371979,2025-05-14 15:38:16,42.4991493225098,-9.01477241516113,"Female"
"9004159",371979,2025-05-14 15:43:17,42.499153137207,-9.01472663879395,"Female"
"9004159",371979,2025-05-14 15:48:17,42.4991188049316,-9.01475238800049,"Female"
"9004159",371979,2025-05-14 15:53:17,42.5015068054199,-9.02049160003662,"Female"
"9004159",371979,2025-05-14 15:58:17,42.5016250610352,-9.02124786376953,"Female"
"9004159",371979,2025-05-14 16:03:17,42.4990234375,-9.01467800140381,"Female"
"9004159",371979,2025-05-14 16:08:17,42.4991226196289,-9.01475620269775,"Female"
"9004159",371979,2025-05-14 16:13:16,42.4990844726562,-9.01475429534912,"Female"
"9004159",371979,2025-05-14 16:18:16,42.4990844726562,-9.01476669311523,"Female"
"9004159",371979,2025-05-14 16:23:16,42.4990768432617,-9.01486873626709,"Female"
"9004159",371979,2025-05-14 16:28:16,42.4990310668945,-9.01483154296875,"Female"
"9004159",371979,2025-05-14 16:33:16,42.4990730285645,-9.01476669311523,"Female"
"9004159",371979,2025-05-14 16:38:16,42.4990425109863,-9.01479911804199,"Female"
"9004159",371979,2025-05-14 16:43:16,42.4990272521973,-9.01486396789551,"Female"
"9004159",371979,2025-05-14 16:48:16,42.4989929199219,-9.01488876342773,"Female"
"9004159",371979,2025-05-14 16:53:16,42.4990348815918,-9.01484394073486,"Female"
"9004159",371979,2025-05-14 16:58:16,42.4989624023438,-9.01484966278076,"Female"
"9004159",371979,2025-05-14 17:03:16,42.4989776611328,-9.01478862762451,"Female"
"9004159",371979,2025-05-14 17:08:16,42.4989318847656,-9.01482582092285,"Female"
"9004159",371979,2025-05-14 17:13:16,42.498950958252,-9.01482200622559,"Female"
"9004159",371979,2025-05-14 17:18:17,42.4990119934082,-9.01475811004639,"Female"
"9004159",371979,2025-05-14 17:23:16,42.4989433288574,-9.01479053497314,"Female"
"9004159",371979,2025-05-14 17:28:17,42.4988670349121,-9.01471138000488,"Female"
"9004159",371979,2025-05-14 17:33:17,42.4987945556641,-9.01471996307373,"Female"
"9004159",371979,2025-05-14 17:38:18,42.4988555908203,-9.0147533416748,"Female"
"9004159",371979,2025-05-14 17:43:16,42.4999656677246,-9.01634120941162,"Female"
"9004159",371979,2025-05-14 17:49:13,42.5014877319336,-9.0187406539917,"Female"
"9004159",371979,2025-05-14 17:54:12,42.5027084350586,-9.01925086975098,"Female"
"9004159",371979,2025-05-14 17:59:12,42.5006980895996,-9.01958179473877,"Female"
"9004159",371979,2025-05-14 18:04:16,42.498908996582,-9.01975345611572,"Female"
"9004159",371979,2025-05-14 18:10:07,42.5012626647949,-9.01706123352051,"Female"
"9004159",371979,2025-05-14 18:15:06,42.5014572143555,-9.01625347137451,"Female"
"9004159",371979,2025-05-14 18:20:13,42.5012702941895,-9.01601219177246,"Female"
"9004159",371979,2025-05-14 18:25:13,42.4988403320312,-9.01469039916992,"Female"
"9004159",371979,2025-05-14 18:30:15,42.4886360168457,-8.99706268310547,"Female"
"9004159",371979,2025-05-14 18:35:16,42.4885673522949,-8.99778747558594,"Female"
"9004159",371979,2025-05-14 18:40:14,42.4887580871582,-8.99713611602783,"Female"
"9004159",371979,2025-05-14 18:45:16,42.4888725280762,-8.9968957901001,"Female"
"9004159",371979,2025-05-14 18:50:13,42.4888343811035,-8.99726104736328,"Female"
"9004159",371979,2025-05-14 18:55:13,42.4888687133789,-8.99739170074463,"Female"
"9004159",371979,2025-05-14 19:00:13,42.4889602661133,-8.99741649627686,"Female"
"9004159",371979,2025-05-14 19:05:13,42.4889717102051,-8.99724197387695,"Female"
"9004159",371979,2025-05-14 19:10:13,42.489070892334,-8.99738025665283,"Female"
"9004159",371979,2025-05-14 19:15:14,42.4887619018555,-8.99746513366699,"Female"
"9004159",371979,2025-05-14 19:20:13,42.489315032959,-8.99699115753174,"Female"
"9004159",371979,2025-05-14 19:25:13,42.4894523620605,-8.99695014953613,"Female"
"9004159",371979,2025-05-14 19:30:19,42.4888534545898,-8.99704933166504,"Female"
"9004159",371979,2025-05-14 19:35:17,42.4892539978027,-8.99682331085205,"Female"
"9004159",371979,2025-05-14 19:40:23,42.4893264770508,-8.99711608886719,"Female"
"9004159",371979,2025-05-14 19:45:17,42.4893379211426,-8.99709892272949,"Female"
"9004159",371979,2025-05-14 19:50:15,42.4893035888672,-8.99696063995361,"Female"
"9004159",371979,2025-05-14 19:55:13,42.4893608093262,-8.99677276611328,"Female"
"9004159",371979,2025-05-14 20:00:14,42.489315032959,-8.99672889709473,"Female"
"9004159",371979,2025-05-14 20:05:14,42.4893569946289,-8.99667358398438,"Female"
"9004159",371979,2025-05-14 20:10:14,42.4888381958008,-8.99699115753174,"Female"
"9004159",371979,2025-05-14 20:15:16,42.4887466430664,-8.996994972229,"Female"
"9004159",371979,2025-05-14 20:20:14,42.4890403747559,-8.99718570709229,"Female"
"9004159",371979,2025-05-14 20:25:14,42.4888572692871,-8.99693870544434,"Female"
"9004159",371979,2025-05-14 20:30:14,42.4883689880371,-8.99639797210693,"Female"
"9004159",371979,2025-05-14 20:35:20,42.4894638061523,-8.99692821502686,"Female"
"9004159",371979,2025-05-14 20:40:14,42.4895477294922,-8.99685382843018,"Female"
"9004159",371979,2025-05-14 20:45:14,42.4894866943359,-8.99688053131104,"Female"
"9004159",371979,2025-05-14 20:50:14,42.4895668029785,-8.99720096588135,"Female"
"9004159",371979,2025-05-14 20:55:13,42.4895858764648,-8.99740886688232,"Female"
"9004159",371979,2025-05-14 21:00:17,42.4895820617676,-8.99733924865723,"Female"
"9004159",371979,2025-05-14 21:05:13,42.4896659851074,-8.99740600585938,"Female"
"9004159",371979,2025-05-14 21:10:13,42.4895935058594,-8.99732398986816,"Female"
"9004159",371979,2025-05-14 21:15:16,42.4895858764648,-8.99746036529541,"Female"
"9004159",371979,2025-05-14 21:20:16,42.489673614502,-8.99722385406494,"Female"
"9004159",371979,2025-05-14 21:25:14,42.4895362854004,-8.99725818634033,"Female"
"9004159",371979,2025-05-14 21:30:13,42.489429473877,-8.99735546112061,"Female"
"9004159",371979,2025-05-14 21:35:13,42.4894790649414,-8.99728870391846,"Female"
"9004159",371979,2025-05-14 21:40:14,42.4894790649414,-8.99728107452393,"Female"
"9004159",371979,2025-05-14 21:45:14,42.4894561767578,-8.99731540679932,"Female"
"9004159",371979,2025-05-14 21:50:14,42.4894371032715,-8.99722576141357,"Female"
"9004159",371979,2025-05-14 21:55:25,42.489330291748,-8.99735736846924,"Female"
"9004159",371979,2025-05-14 22:00:18,42.4893531799316,-8.99732112884521,"Female"
"9004159",371979,2025-05-14 22:05:14,42.4888343811035,-8.99721622467041,"Female"
"9004159",371979,2025-05-14 22:10:17,42.4892311096191,-8.99708366394043,"Female"
"9004159",371979,2025-05-14 22:15:16,42.4892082214355,-8.99706554412842,"Female"
"9004159",371979,2025-05-14 22:20:17,42.4890747070312,-8.99739074707031,"Female"
"9004159",371979,2025-05-14 22:25:16,42.4889717102051,-8.9971752166748,"Female"
"9004159",371979,2025-05-14 22:30:14,42.4890594482422,-8.99723720550537,"Female"
"9004159",371979,2025-05-14 22:35:15,42.489013671875,-8.99696350097656,"Female"
"9004159",371979,2025-05-14 22:40:18,42.4891319274902,-8.99687480926514,"Female"
"9004159",371979,2025-05-14 22:45:13,42.4891242980957,-8.99685764312744,"Female"
"9004159",371979,2025-05-14 22:50:13,42.4891700744629,-8.99644374847412,"Female"
"9004159",371979,2025-05-14 22:55:14,42.4890670776367,-8.99697113037109,"Female"
"9004159",371979,2025-05-14 23:00:14,42.4890594482422,-8.99694538116455,"Female"
"9004159",371979,2025-05-14 23:05:14,42.4891166687012,-8.99702644348145,"Female"
"9004159",371979,2025-05-14 23:10:13,42.4890327453613,-8.99678611755371,"Female"
"9004159",371979,2025-05-14 23:15:13,42.4890823364258,-8.99681186676025,"Female"
"9004159",371979,2025-05-14 23:20:13,42.489200592041,-8.99675941467285,"Female"
"9004159",371979,2025-05-14 23:25:13,42.489200592041,-8.99673175811768,"Female"
"9004159",371979,2025-05-14 23:30:13,42.489143371582,-8.9968204498291,"Female"
"9004159",371979,2025-05-14 23:35:13,42.4893455505371,-8.99679279327393,"Female"
"9004159",371979,2025-05-14 23:40:13,42.4892730712891,-8.99674034118652,"Female"
"9004159",371979,2025-05-14 23:45:14,42.4892921447754,-8.99682331085205,"Female"
"9004159",371979,2025-05-14 23:50:14,42.4892959594727,-8.99695587158203,"Female"
"9004159",371979,2025-05-14 23:55:13,42.4894638061523,-8.99680328369141,"Female"
"9004159",371979,2025-05-15 00:00:13,42.489315032959,-8.99661922454834,"Female"
"9004159",371979,2025-05-15 00:05:13,42.4895210266113,-8.99691200256348,"Female"
"9004159",371979,2025-05-15 00:10:14,42.4895172119141,-8.99686622619629,"Female"
"9004159",371979,2025-05-15 00:15:14,42.4896354675293,-8.99703502655029,"Female"
"9004159",371979,2025-05-15 00:20:14,42.4894828796387,-8.99698162078857,"Female"
"9004159",371979,2025-05-15 00:25:14,42.4896774291992,-8.99719715118408,"Female"
"9004159",371979,2025-05-15 00:30:14,42.4894142150879,-8.99720001220703,"Female"
"9004159",371979,2025-05-15 00:35:14,42.4895095825195,-8.99710083007812,"Female"
"9004159",371979,2025-05-15 00:40:19,42.4892272949219,-8.99679756164551,"Female"
"9004159",371979,2025-05-15 00:45:14,42.4896354675293,-8.9971809387207,"Female"
"9004159",371979,2025-05-15 00:50:16,42.4899368286133,-8.99764633178711,"Female"
"9004159",371979,2025-05-15 00:55:15,42.4895896911621,-8.99833488464355,"Female"
"9004159",371979,2025-05-15 01:00:21,42.4895629882812,-8.99642753601074,"Female"
"9004159",371979,2025-05-15 01:05:15,42.489444732666,-8.99694633483887,"Female"
"9004159",371979,2025-05-15 01:10:16,42.4891204833984,-8.99749565124512,"Female"
"9004159",371979,2025-05-15 01:15:18,42.4890899658203,-8.9972620010376,"Female"
"9004159",371979,2025-05-15 01:20:26,42.4896850585938,-8.9965648651123,"Female"
"9004159",371979,2025-05-15 01:25:16,42.489574432373,-8.99733924865723,"Female"
"9004159",371979,2025-05-15 01:30:16,42.4891166687012,-8.9971752166748,"Female"
"9004159",371979,2025-05-15 01:35:15,42.4892730712891,-8.99733829498291,"Female"
"9004159",371979,2025-05-15 01:40:16,42.4892196655273,-8.99733924865723,"Female"
"9004159",371979,2025-05-15 01:45:15,42.4891471862793,-8.99711990356445,"Female"
"9004159",371979,2025-05-15 01:50:14,42.4891166687012,-8.99712562561035,"Female"
"9004159",371979,2025-05-15 01:55:21,42.4890022277832,-8.99701309204102,"Female"
"9004159",371979,2025-05-15 02:00:13,42.4891052246094,-8.99727725982666,"Female"
"9004159",371979,2025-05-15 02:05:14,42.489143371582,-8.99725437164307,"Female"
"9004159",371979,2025-05-15 02:10:18,42.4892044067383,-8.99715232849121,"Female"
"9004159",371979,2025-05-15 02:15:16,42.4891891479492,-8.9972038269043,"Female"
"9004159",371979,2025-05-15 02:20:14,42.4891777038574,-8.99724769592285,"Female"
"9004159",371979,2025-05-15 02:25:13,42.4891929626465,-8.99730491638184,"Female"
"9004159",371979,2025-05-15 02:30:14,42.4891700744629,-8.99731063842773,"Female"
"9004159",371979,2025-05-15 02:35:14,42.489185333252,-8.99722003936768,"Female"
"9004159",371979,2025-05-15 02:40:14,42.489200592041,-8.99727249145508,"Female"
"9004159",371979,2025-05-15 02:45:13,42.4892082214355,-8.99723625183105,"Female"
"9004159",371979,2025-05-15 02:50:13,42.4892730712891,-8.99726390838623,"Female"
"9004159",371979,2025-05-15 02:55:14,42.4892845153809,-8.99727344512939,"Female"
"9004159",371979,2025-05-15 03:00:14,42.4892616271973,-8.99728393554688,"Female"
"9004159",371979,2025-05-15 03:05:15,42.4894371032715,-8.99715900421143,"Female"
"9004159",371979,2025-05-15 03:10:14,42.4892883300781,-8.99722957611084,"Female"
"9004159",371979,2025-05-15 03:15:14,42.4892845153809,-8.99721336364746,"Female"
"9004159",371979,2025-05-15 03:20:15,42.4891128540039,-8.99717903137207,"Female"
"9004159",371979,2025-05-15 03:25:14,42.4893684387207,-8.99716567993164,"Female"
"9004159",371979,2025-05-15 03:30:14,42.4894561767578,-8.99715614318848,"Female"
"9004159",371979,2025-05-15 03:35:13,42.4889450073242,-8.99715042114258,"Female"
"9004159",371979,2025-05-15 03:40:14,42.4890060424805,-8.99721145629883,"Female"
"9004159",371979,2025-05-15 03:45:14,42.4889869689941,-8.99699306488037,"Female"
"9004159",371979,2025-05-15 03:50:14,42.4892158508301,-8.99739360809326,"Female"
"9004159",371979,2025-05-15 03:55:16,42.4891929626465,-8.99732208251953,"Female"
"9004159",371979,2025-05-15 04:00:16,42.4893074035645,-8.9973030090332,"Female"
"9004159",371979,2025-05-15 04:05:15,42.489330291748,-8.99712181091309,"Female"
"9004159",371979,2025-05-15 04:10:16,42.4893493652344,-8.99717617034912,"Female"
"9004159",371979,2025-05-15 04:15:16,42.4892730712891,-8.99743461608887,"Female"
"9004159",371979,2025-05-15 04:20:15,42.4892539978027,-8.99738597869873,"Female"
"9004159",371979,2025-05-15 04:25:17,42.4893112182617,-8.99729537963867,"Female"
"9004159",371979,2025-05-15 04:30:15,42.4891929626465,-8.99753856658936,"Female"
"9004159",371979,2025-05-15 04:35:16,42.489200592041,-8.99746990203857,"Female"
"9004159",371979,2025-05-15 04:40:15,42.489185333252,-8.99745559692383,"Female"
"9004159",371979,2025-05-15 04:45:15,42.489200592041,-8.9974889755249,"Female"
"9004159",371979,2025-05-15 04:50:14,42.4891204833984,-8.99728202819824,"Female"
"9004159",371979,2025-05-15 04:55:13,42.4891738891602,-8.99733829498291,"Female"
"9004159",371979,2025-05-15 05:00:14,42.489128112793,-8.99733448028564,"Female"
"9004159",371979,2025-05-15 05:05:16,42.4891510009766,-8.9971923828125,"Female"
"9004159",371979,2025-05-15 05:10:13,42.4891510009766,-8.99725914001465,"Female"
"9004159",371979,2025-05-15 05:15:19,42.4890327453613,-8.99711132049561,"Female"
"9004159",371979,2025-05-15 05:20:22,42.4891166687012,-8.99681663513184,"Female"
"9004159",371979,2025-05-15 05:25:19,42.4891395568848,-8.99707126617432,"Female"
"9004159",371979,2025-05-15 05:30:24,42.4891014099121,-8.99701499938965,"Female"
"9004159",371979,2025-05-15 05:35:13,42.4893608093262,-8.99734878540039,"Female"
"9004159",371979,2025-05-15 05:40:14,42.4893569946289,-8.99723815917969,"Female"
"9004159",371979,2025-05-15 05:45:14,42.4892883300781,-8.99731636047363,"Female"
"9004159",371979,2025-05-15 05:50:15,42.4893379211426,-8.99734687805176,"Female"
"9004159",371979,2025-05-15 05:55:14,42.4892044067383,-8.99716567993164,"Female"
"9004159",371979,2025-05-15 06:00:13,42.4891777038574,-8.99713039398193,"Female"
"9004159",371979,2025-05-15 06:05:13,42.4893226623535,-8.99729824066162,"Female"
"9004159",371979,2025-05-15 06:10:14,42.4893608093262,-8.99736213684082,"Female"
"9004159",371979,2025-05-15 06:15:18,42.4893455505371,-8.997389793396,"Female"
"9004159",371979,2025-05-15 06:20:14,42.4893226623535,-8.99733352661133,"Female"
"9004159",371979,2025-05-15 06:25:14,42.4893493652344,-8.99732875823975,"Female"
"9004159",371979,2025-05-15 06:30:14,42.4894065856934,-8.99732398986816,"Female"
"9004159",371979,2025-05-15 06:35:14,42.4890670776367,-8.99698925018311,"Female"
"9004159",371979,2025-05-15 06:40:17,42.4893646240234,-8.99724578857422,"Female"
"9004159",371979,2025-05-15 06:45:16,42.4892807006836,-8.99718379974365,"Female"
"9004159",371979,2025-05-15 06:50:15,42.4892578125,-8.99721240997314,"Female"
"9004159",371979,2025-05-15 06:55:14,42.4892387390137,-8.99714374542236,"Female"
"9004159",371979,2025-05-15 07:00:14,42.4892158508301,-8.99719429016113,"Female"
"9004159",371979,2025-05-15 07:05:14,42.489315032959,-8.99712181091309,"Female"
"9004159",371979,2025-05-15 07:10:14,42.4892654418945,-8.99714946746826,"Female"
"9004159",371979,2025-05-15 07:15:15,42.4892845153809,-8.99711513519287,"Female"
"9004159",371979,2025-05-15 07:20:13,42.4892272949219,-8.99708461761475,"Female"
"9004159",371979,2025-05-15 07:25:24,42.4892921447754,-8.99731922149658,"Female"
"9004159",371979,2025-05-15 07:30:17,42.489330291748,-8.99730587005615,"Female"
"9004159",371979,2025-05-15 07:35:21,42.4895553588867,-8.99725818634033,"Female"
"9004159",371979,2025-05-15 07:40:13,42.4988403320312,-9.01465606689453,"Female"
"9004159",371979,2025-05-15 07:45:14,42.4987373352051,-9.01424598693848,"Female"
"9004159",371979,2025-05-15 07:50:14,42.4986953735352,-9.01419448852539,"Female"
"9004159",371979,2025-05-15 07:55:14,42.4986419677734,-9.01433658599854,"Female"
"9004159",371979,2025-05-15 08:00:18,42.4986686706543,-9.01418590545654,"Female"
"9004159",371979,2025-05-15 08:05:16,42.4986343383789,-9.01401710510254,"Female"
"9004159",371979,2025-05-15 08:10:31,42.4988212585449,-9.01454734802246,"Female"
"9004159",371979,2025-05-15 08:15:14,42.519214630127,-9.04642009735107,"Female"
"9004159",371979,2025-05-15 08:20:14,42.5421333312988,-9.05359935760498,"Female"
"9004159",371979,2025-05-15 08:26:06,42.5416946411133,-9.05805778503418,"Female"
"9004159",371979,2025-05-15 08:31:10,42.5404434204102,-9.05739784240723,"Female"
"9004159",371979,2025-05-15 08:36:42,42.5387382507324,-9.05541133880615,"Female"
"9004159",371979,2025-05-15 08:41:36,42.5404319763184,-9.06251811981201,"Female"
"9004159",371979,2025-05-15 08:46:36,42.5431327819824,-9.05781841278076,"Female"
"9004159",371979,2025-05-15 08:51:37,42.5371856689453,-9.05384349822998,"Female"
"9004159",371979,2025-05-15 08:57:15,42.5349578857422,-9.0528392791748,"Female"
"9004159",371979,2025-05-15 09:02:17,42.5361175537109,-9.05530071258545,"Female"
"9004159",371979,2025-05-15 09:08:27,42.5428009033203,-9.05153369903564,"Female"
"9004159",371979,2025-05-15 09:13:23,42.5438117980957,-9.05134773254395,"Female"
"9004159",371979,2025-05-15 09:18:28,42.5493927001953,-9.05948638916016,"Female"
"9004159",371979,2025-05-15 09:23:28,42.5497283935547,-9.06024646759033,"Female"
"9004159",371979,2025-05-15 09:29:16,42.5491180419922,-9.05883693695068,"Female"
"9004159",371979,2025-05-15 09:34:47,42.5495071411133,-9.0599479675293,"Female"
"9004159",371979,2025-05-15 09:39:23,42.5493087768555,-9.0599193572998,"Female"
"9004159",371979,2025-05-15 09:44:30,42.5481033325195,-9.05900001525879,"Female"
"9004159",371979,2025-05-15 09:50:00,42.5452346801758,-9.05963325500488,"Female"
"9004159",371979,2025-05-15 09:55:56,42.5460052490234,-9.06056690216064,"Female"
"9004159",371979,2025-05-15 10:00:45,42.5447425842285,-9.06041145324707,"Female"
"9004159",371979,2025-05-15 10:05:51,42.5435600280762,-9.06186866760254,"Female"
"9004159",371979,2025-05-15 10:10:53,42.5437049865723,-9.06169891357422,"Female"
"9004159",371979,2025-05-15 10:16:01,42.5428161621094,-9.05874347686768,"Female"
"9004159",371979,2025-05-15 10:20:46,42.5402488708496,-9.05740928649902,"Female"
"9004159",371979,2025-05-15 10:25:48,42.5398979187012,-9.05618572235107,"Female"
"9004159",371979,2025-05-15 10:30:46,42.5406341552734,-9.05490970611572,"Female"
"9004159",371979,2025-05-15 10:35:50,42.5388717651367,-9.0532112121582,"Female"
"9004159",371979,2025-05-15 10:40:50,42.5369758605957,-9.0529203414917,"Female"
"9004159",371979,2025-05-15 10:46:44,42.535026550293,-9.05300617218018,"Female"
"9004159",371979,2025-05-15 10:51:43,42.5357437133789,-9.05374336242676,"Female"
"9004159",371979,2025-05-15 10:56:45,42.5369300842285,-9.05474853515625,"Female"
"9004159",371979,2025-05-15 11:02:24,42.5358924865723,-9.0551643371582,"Female"
"9004159",371979,2025-05-15 11:07:18,42.5356979370117,-9.05285930633545,"Female"
"9004159",371979,2025-05-15 11:12:17,42.5339813232422,-9.05196571350098,"Female"
"9004159",371979,2025-05-15 11:18:41,42.5347938537598,-9.0526819229126,"Female"
"9004159",371979,2025-05-15 11:23:41,42.5346641540527,-9.05190849304199,"Female"
"9004159",371979,2025-05-15 11:29:13,42.5342407226562,-9.05167961120605,"Female"
"9004159",371979,2025-05-15 11:34:05,42.5340194702148,-9.05095291137695,"Female"
"9004159",371979,2025-05-15 11:38:36,42.5343132019043,-9.05072212219238,"Female"
"9004159",371979,2025-05-15 11:43:38,42.5348587036133,-9.05215358734131,"Female"
"9004159",371979,2025-05-15 11:49:51,42.5341262817383,-9.05297756195068,"Female"
"9004159",371979,2025-05-15 11:54:52,42.5343132019043,-9.05287265777588,"Female"
"9004159",371979,2025-05-15 12:00:04,42.5345458984375,-9.0540132522583,"Female"
"9004159",371979,2025-05-15 12:06:18,42.5345077514648,-9.05389976501465,"Female"
"9004159",371979,2025-05-15 12:11:15,42.5335845947266,-9.05393028259277,"Female"
"9004159",371979,2025-05-15 12:16:14,42.5338821411133,-9.0539722442627,"Female"
"9004159",371979,2025-05-15 12:21:43,42.5336456298828,-9.05521583557129,"Female"
"9004159",371979,2025-05-15 12:27:44,42.5322685241699,-9.05616188049316,"Female"
"9004159",371979,2025-05-15 12:32:42,42.5333786010742,-9.05643177032471,"Female"
"9004159",371979,2025-05-15 12:38:16,42.5340385437012,-9.05488300323486,"Female"
"9004159",371979,2025-05-15 12:47:42,42.5336875915527,-9.05337047576904,"Female"
"9004159",371979,2025-05-15 12:52:41,42.5321426391602,-9.05356693267822,"Female"
"9004159",371979,2025-05-15 12:57:42,42.53271484375,-9.05615711212158,"Female"
"9004159",371979,2025-05-15 13:02:41,42.5318565368652,-9.06112480163574,"Female"
"9004159",371979,2025-05-15 13:07:42,42.5199432373047,-9.07633781433105,"Female"
"9004159",371979,2025-05-15 13:12:41,42.5168304443359,-9.07819747924805,"Female"
"9004159",371979,2025-05-15 13:17:41,42.5168037414551,-9.07802581787109,"Female"
"9004159",371979,2025-05-15 13:22:41,42.5168342590332,-9.07829761505127,"Female"
"9004159",371979,2025-05-15 13:27:46,42.516975402832,-9.0782413482666,"Female"
"9004159",371979,2025-05-15 13:32:41,42.5167999267578,-9.07818984985352,"Female"
"9004159",371979,2025-05-15 13:37:42,42.5168151855469,-9.07822418212891,"Female"
"9004159",371979,2025-05-15 13:42:41,42.5167999267578,-9.07813739776611,"Female"
"9004159",371979,2025-05-15 13:47:48,42.5169525146484,-9.07825469970703,"Female"
"9004159",371979,2025-05-15 13:52:45,42.5168952941895,-9.07823944091797,"Female"
"9004159",371979,2025-05-15 13:57:47,42.5166854858398,-9.07746410369873,"Female"
"9004159",371979,2025-05-15 14:02:59,42.5168800354004,-9.07771492004395,"Female"
"9004159",371979,2025-05-15 14:07:59,42.5169067382812,-9.07774543762207,"Female"
"9004159",371979,2025-05-15 14:13:05,42.5168609619141,-9.07832145690918,"Female"
"9004159",371979,2025-05-15 14:17:41,42.5168609619141,-9.07849025726318,"Female"
"9004159",371979,2025-05-15 14:22:46,42.5168495178223,-9.07827949523926,"Female"
"9004159",371979,2025-05-15 14:27:43,42.5168533325195,-9.07806015014648,"Female"
"9004159",371979,2025-05-15 14:32:45,42.5168685913086,-9.0781192779541,"Female"
"9004159",371979,2025-05-15 14:37:46,42.5168571472168,-9.07807731628418,"Female"
"9004159",371979,2025-05-15 14:42:45,42.5168724060059,-9.07808208465576,"Female"
"9004159",371979,2025-05-15 14:47:47,42.5168609619141,-9.0780668258667,"Female"
"9004159",371979,2025-05-15 14:52:42,42.516918182373,-9.07814407348633,"Female"
"9004159",371979,2025-05-15 14:57:48,42.5168991088867,-9.07818984985352,"Female"
"9004159",371979,2025-05-15 15:02:41,42.5167465209961,-9.07759857177734,"Female"
"9004159",371979,2025-05-15 15:07:42,42.5168418884277,-9.07780456542969,"Female"
"9004159",371979,2025-05-15 15:12:41,42.5168190002441,-9.07813549041748,"Female"
"9004159",371979,2025-05-15 15:17:43,42.5168495178223,-9.07815742492676,"Female"
"9004159",371979,2025-05-15 15:22:49,42.5169258117676,-9.0781192779541,"Female"
"9004159",371979,2025-05-15 15:27:45,42.5169639587402,-9.07791805267334,"Female"
"9004159",371979,2025-05-15 15:32:47,42.5170097351074,-9.07795715332031,"Female"
"9004159",371979,2025-05-15 15:38:05,42.5168685913086,-9.07814979553223,"Female"
"9004159",371979,2025-05-15 15:42:40,42.5168991088867,-9.07816600799561,"Female"
"9004159",371979,2025-05-15 15:47:41,42.5169868469238,-9.07815551757812,"Female"
"9004159",371979,2025-05-15 15:52:41,42.5032348632812,-9.03466606140137,"Female"
"9004159",371979,2025-05-15 15:57:40,42.5032958984375,-9.03471946716309,"Female"
"9004159",371979,2025-05-15 16:02:41,42.5028076171875,-9.03464698791504,"Female"
"9004159",371979,2025-05-15 16:07:40,42.5013885498047,-9.03334140777588,"Female"
"9004159",371979,2025-05-15 16:12:41,42.4986152648926,-9.01469993591309,"Female"
"9004159",371979,2025-05-15 16:17:41,42.4985656738281,-9.01477527618408,"Female"
"9004159",371979,2025-05-15 16:22:41,42.4986038208008,-9.01474857330322,"Female"
"9004159",371979,2025-05-15 16:27:41,42.4986457824707,-9.01474666595459,"Female"
"9004159",371979,2025-05-15 16:32:41,42.4985847473145,-9.01478672027588,"Female"
"9004159",371979,2025-05-15 16:37:41,42.4986114501953,-9.01471900939941,"Female"
"9004159",371979,2025-05-15 16:42:40,42.4986038208008,-9.01476287841797,"Female"
"9004159",371979,2025-05-15 16:47:40,42.498649597168,-9.01477241516113,"Female"
"9004159",371979,2025-05-15 16:52:41,42.4985847473145,-9.01474857330322,"Female"
"9004159",371979,2025-05-15 16:57:41,42.4986801147461,-9.01478004455566,"Female"
"9004159",371979,2025-05-15 17:02:40,42.4985542297363,-9.01470375061035,"Female"
"9004159",371979,2025-05-15 17:07:41,42.4983215332031,-9.01467704772949,"Female"
"9004159",371979,2025-05-15 17:12:41,42.4985961914062,-9.01468276977539,"Female"
"9004159",371979,2025-05-15 17:17:41,42.4986419677734,-9.01479434967041,"Female"
"9004159",371979,2025-05-15 17:22:41,42.4986801147461,-9.0147819519043,"Female"
"9004159",371979,2025-05-15 17:27:41,42.4987411499023,-9.01473426818848,"Female"
"9004159",371979,2025-05-15 17:32:43,42.4987640380859,-9.0147876739502,"Female"
"9004159",371979,2025-05-15 17:37:41,42.5005569458008,-9.0179271697998,"Female"
"9004159",371979,2025-05-15 17:42:53,42.4995956420898,-9.01882362365723,"Female"
"9004159",371979,2025-05-15 17:48:22,42.5012969970703,-9.02022075653076,"Female"
"9004159",371979,2025-05-15 17:53:24,42.5025596618652,-9.01966953277588,"Female"
"9004159",371979,2025-05-15 17:58:22,42.5027809143066,-9.01903629302979,"Female"
"9004159",371979,2025-05-15 18:03:27,42.5030479431152,-9.01922798156738,"Female"
"9004159",371979,2025-05-15 18:08:22,42.5064277648926,-9.02114200592041,"Female"
"9004159",371979,2025-05-15 18:14:47,42.5090675354004,-9.02066135406494,"Female"
"9004159",371979,2025-05-15 18:19:28,42.5021018981934,-9.01591205596924,"Female"
"9004159",371979,2025-05-15 18:24:28,42.5009307861328,-9.01671886444092,"Female"
"9004159",371979,2025-05-15 18:30:47,42.501277923584,-9.0162935256958,"Female"
"9004159",371979,2025-05-15 18:38:11,42.5010681152344,-9.01795482635498,"Female"
"9004159",371979,2025-05-15 18:43:08,42.5016632080078,-9.0165376663208,"Female"
"9004159",371979,2025-05-15 18:48:07,42.5016822814941,-9.01424980163574,"Female"
"9004159",371979,2025-05-15 18:53:07,42.4888191223145,-8.99533748626709,"Female"
"9004159",371979,2025-05-15 18:58:35,42.4890441894531,-8.99698162078857,"Female"
"9004159",371979,2025-05-15 19:03:06,42.4890289306641,-8.99702644348145,"Female"
"9004159",371979,2025-05-15 19:08:08,42.4889030456543,-8.99695110321045,"Female"
"9004159",371979,2025-05-15 19:13:09,42.4891929626465,-8.9970235824585,"Female"
"9004159",371979,2025-05-15 19:18:09,42.489185333252,-8.99697685241699,"Female"
"9004159",371979,2025-05-15 19:23:09,42.4891967773438,-8.99673271179199,"Female"
"9004159",371979,2025-05-15 19:28:09,42.489315032959,-8.99706172943115,"Female"
"9004159",371979,2025-05-15 19:33:24,42.4890213012695,-8.99693202972412,"Female"
"9004159",371979,2025-05-15 19:38:06,42.4889793395996,-8.99685287475586,"Female"
"9004159",371979,2025-05-15 19:43:08,42.4893226623535,-8.99718189239502,"Female"
"9004159",371979,2025-05-15 19:48:08,42.4893531799316,-8.99726295471191,"Female"
"9004159",371979,2025-05-15 19:53:11,42.4895095825195,-8.99656295776367,"Female"
"9004159",371979,2025-05-15 19:58:33,42.4890556335449,-8.99707412719727,"Female"
"9004159",371979,2025-05-15 20:03:06,42.4889907836914,-8.99707221984863,"Female"
"9004159",371979,2025-05-15 20:08:06,42.4889640808105,-8.99710559844971,"Female"
"9004159",371979,2025-05-15 20:13:06,42.4889640808105,-8.99709033966064,"Female"
"9004159",371979,2025-05-15 20:18:06,42.4889984130859,-8.99711608886719,"Female"
"9004159",371979,2025-05-15 20:23:08,42.4890480041504,-8.99717617034912,"Female"
"9004159",371979,2025-05-15 20:28:06,42.4889831542969,-8.9970817565918,"Female"
"9004159",371979,2025-05-15 20:33:06,42.4890098571777,-8.99704170227051,"Female"
"9004159",371979,2025-05-15 20:38:06,42.4890403747559,-8.99714660644531,"Female"
"9004159",371979,2025-05-15 20:43:06,42.4890022277832,-8.99708080291748,"Female"
"9004159",371979,2025-05-15 20:48:06,42.4889678955078,-8.99698638916016,"Female"
"9004159",371979,2025-05-15 20:53:06,42.489013671875,-8.99707412719727,"Female"
"9004159",371979,2025-05-15 20:58:06,42.4890365600586,-8.99708461761475,"Female"
"9004159",371979,2025-05-15 21:03:06,42.489143371582,-8.99719333648682,"Female"
"9004159",371979,2025-05-15 21:08:06,42.4889793395996,-8.99695205688477,"Female"
"9004159",371979,2025-05-15 21:13:05,42.4890594482422,-8.99710845947266,"Female"
"9004159",371979,2025-05-15 21:18:05,42.4891586303711,-8.9972448348999,"Female"
"9004159",371979,2025-05-15 21:23:06,42.489086151123,-8.99714660644531,"Female"
"9004159",371979,2025-05-15 21:28:06,42.4891586303711,-8.99726295471191,"Female"
"9004159",371979,2025-05-15 21:33:06,42.489086151123,-8.9971399307251,"Female"
"9004159",371979,2025-05-15 21:38:06,42.4890441894531,-8.99711036682129,"Female"
"9004159",371979,2025-05-15 21:43:06,42.4890213012695,-8.99709224700928,"Female"
"9004159",371979,2025-05-15 21:48:06,42.4890365600586,-8.99712562561035,"Female"
"9004159",371979,2025-05-15 21:53:05,42.4890365600586,-8.99715518951416,"Female"
"9004159",371979,2025-05-15 21:58:06,42.4890556335449,-8.99717712402344,"Female"
"9004159",371979,2025-05-15 22:03:06,42.4890441894531,-8.99717617034912,"Female"
"9004159",371979,2025-05-15 22:08:05,42.4890594482422,-8.99713134765625,"Female"
"9004159",371979,2025-05-15 22:13:06,42.4890289306641,-8.99721145629883,"Female"
"9004159",371979,2025-05-15 22:18:06,42.4891128540039,-8.99702453613281,"Female"
"9004159",371979,2025-05-15 22:23:06,42.4889984130859,-8.99710845947266,"Female"
"9004159",371979,2025-05-15 22:28:07,42.4890594482422,-8.99711322784424,"Female"
"9004159",371979,2025-05-15 22:33:10,42.4889526367188,-8.99704933166504,"Female"
"9004159",371979,2025-05-15 22:38:07,42.4890060424805,-8.99700832366943,"Female"
"9004159",371979,2025-05-15 22:43:07,42.4891586303711,-8.99680709838867,"Female"
"9004159",371979,2025-05-15 22:48:10,42.4890480041504,-8.99691390991211,"Female"
"9004159",371979,2025-05-15 22:53:16,42.489128112793,-8.99713706970215,"Female"
"9004159",371979,2025-05-15 22:58:13,42.4890594482422,-8.99698829650879,"Female"
"9004159",371979,2025-05-15 23:03:21,42.4889259338379,-8.99704456329346,"Female"
"9004159",371979,2025-05-15 23:08:12,42.4890975952148,-8.99685668945312,"Female"
"9004159",371979,2025-05-15 23:13:11,42.4890022277832,-8.9969482421875,"Female"
"9004159",371979,2025-05-15 23:18:07,42.4890213012695,-8.99697494506836,"Female"
"9004159",371979,2025-05-15 23:23:09,42.4889869689941,-8.99697971343994,"Female"
"9004159",371979,2025-05-15 23:28:09,42.4891891479492,-8.99694442749023,"Female"
"9004159",371979,2025-05-15 23:33:10,42.4889945983887,-8.99709796905518,"Female"
"9004159",371979,2025-05-15 23:38:11,42.489013671875,-8.99681854248047,"Female"
"9004159",371979,2025-05-15 23:43:28,42.4890594482422,-8.99678325653076,"Female"
"9004159",371979,2025-05-15 23:48:09,42.4893379211426,-8.99747371673584,"Female"
"9004159",371979,2025-05-15 23:53:35,42.488899230957,-8.99674892425537,"Female"
"9004159",371979,2025-05-15 23:58:08,42.4889297485352,-8.99678611755371,"Female"
"9004159",371979,2025-05-16 00:03:08,42.4888610839844,-8.99686145782471,"Female"
"9004159",371979,2025-05-16 00:08:08,42.4890098571777,-8.99720096588135,"Female"
"9004159",371979,2025-05-16 00:13:06,42.4890251159668,-8.99724197387695,"Female"
"9004159",371979,2025-05-16 00:18:06,42.4891242980957,-8.99739074707031,"Female"
"9004159",371979,2025-05-16 00:23:45,42.4889221191406,-8.99687480926514,"Female"
"9004159",371979,2025-05-16 00:28:06,42.4889678955078,-8.99689388275146,"Female"
"9004159",371979,2025-05-16 00:33:07,42.4890975952148,-8.99709415435791,"Female"
"9004159",371979,2025-05-16 00:38:07,42.4891357421875,-8.99714469909668,"Female"
"9004159",371979,2025-05-16 00:43:07,42.4890403747559,-8.99700450897217,"Female"
"9004159",371979,2025-05-16 00:48:07,42.4891052246094,-8.99715709686279,"Female"
"9004159",371979,2025-05-16 00:53:07,42.4891815185547,-8.99722766876221,"Female"
"9004159",371979,2025-05-16 00:58:06,42.489128112793,-8.99715518951416,"Female"
"9004159",371979,2025-05-16 01:03:06,42.4891357421875,-8.99719619750977,"Female"
"9004159",371979,2025-05-16 01:08:06,42.4891395568848,-8.99721431732178,"Female"
"9004159",371979,2025-05-16 01:13:06,42.4891204833984,-8.99722385406494,"Female"
"9004159",371979,2025-05-16 01:18:06,42.4891052246094,-8.99715900421143,"Female"
"9004159",371979,2025-05-16 01:23:06,42.4890098571777,-8.99697875976562,"Female"
"9004159",371979,2025-05-16 01:28:08,42.489128112793,-8.99743843078613,"Female"
"9004159",371979,2025-05-16 01:33:07,42.4891586303711,-8.99712085723877,"Female"
"9004159",371979,2025-05-16 01:38:11,42.4891204833984,-8.99753379821777,"Female"
"9004159",371979,2025-05-16 01:43:09,42.4892120361328,-8.99744510650635,"Female"
"9004159",371979,2025-05-16 01:48:25,42.4890403747559,-8.99715709686279,"Female"
"9004159",371979,2025-05-16 01:53:10,42.4893074035645,-8.99679851531982,"Female"
"9004159",371979,2025-05-16 01:58:35,42.489070892334,-8.99707984924316,"Female"
"9004159",371979,2025-05-16 02:04:14,42.4890632629395,-8.99703598022461,"Female"
"9004159",371979,2025-05-16 02:08:08,42.489185333252,-8.9969367980957,"Female"
"9004159",371979,2025-05-16 02:13:14,42.4891090393066,-8.99710273742676,"Female"
"9004159",371979,2025-05-16 02:18:09,42.4891090393066,-8.99730014801025,"Female"
"9004159",371979,2025-05-16 02:23:06,42.4890403747559,-8.99716091156006,"Female"
"9004159",371979,2025-05-16 02:28:07,42.4889144897461,-8.9969539642334,"Female"
"9004159",371979,2025-05-16 02:33:09,42.4890213012695,-8.99714183807373,"Female"
"9004159",371979,2025-05-16 02:38:09,42.4890060424805,-8.99719524383545,"Female"
"9004159",371979,2025-05-16 02:43:13,42.4889221191406,-8.99695873260498,"Female"
"9004159",371979,2025-05-16 02:48:08,42.4890022277832,-8.99705791473389,"Female"
"9004159",371979,2025-05-16 02:53:06,42.4889297485352,-8.99684429168701,"Female"
"9004159",371979,2025-05-16 02:58:35,42.4889793395996,-8.99699306488037,"Female"
"9004159",371979,2025-05-16 03:03:09,42.4890556335449,-8.99717903137207,"Female"
"9004159",371979,2025-05-16 03:08:09,42.4890174865723,-8.99709892272949,"Female"
"9004159",371979,2025-05-16 03:13:11,42.4889984130859,-8.99705791473389,"Female"
"9004159",371979,2025-05-16 03:18:11,42.489013671875,-8.99706172943115,"Female"
"9004159",371979,2025-05-16 03:23:11,42.4890518188477,-8.99717330932617,"Female"
"9004159",371979,2025-05-16 03:28:11,42.4888725280762,-8.99721336364746,"Female"
"9004159",371979,2025-05-16 03:33:13,42.4890098571777,-8.99706649780273,"Female"
"9004159",371979,2025-05-16 03:38:12,42.4890289306641,-8.99702262878418,"Female"
"9004159",371979,2025-05-16 03:43:09,42.4890785217285,-8.99703216552734,"Female"
"9004159",371979,2025-05-16 03:48:09,42.488941192627,-8.99703693389893,"Female"
"9004159",371979,2025-05-16 03:53:06,42.489143371582,-8.99704551696777,"Female"
"9004159",371979,2025-05-16 03:58:06,42.4889793395996,-8.99699878692627,"Female"
"9004159",371979,2025-05-16 04:03:07,42.4890899658203,-8.99703884124756,"Female"
"9004159",371979,2025-05-16 04:08:06,42.4891052246094,-8.996994972229,"Female"
"9004159",371979,2025-05-16 04:13:10,42.4888763427734,-8.99706268310547,"Female"
"9004159",371979,2025-05-16 04:18:18,42.4892578125,-8.99712371826172,"Female"
"9004159",371979,2025-05-16 04:23:07,42.488883972168,-8.99703979492188,"Female"
"9004159",371979,2025-05-16 04:28:07,42.4889450073242,-8.99707317352295,"Female"
"9004159",371979,2025-05-16 04:33:09,42.4891548156738,-8.99713230133057,"Female"
"9004159",371979,2025-05-16 04:38:09,42.4888916015625,-8.99706363677979,"Female"
"9004159",371979,2025-05-16 04:43:10,42.4894828796387,-8.9973726272583,"Female"
"9004159",371979,2025-05-16 04:48:08,42.4891319274902,-8.9970178604126,"Female"
"9004159",371979,2025-05-16 04:53:10,42.4893188476562,-8.99732780456543,"Female"
"9004159",371979,2025-05-16 04:58:08,42.4890327453613,-8.99711418151855,"Female"
"9004159",371979,2025-05-16 05:03:09,42.4891204833984,-8.99715995788574,"Female"
"9004159",371979,2025-05-16 05:08:10,42.4891052246094,-8.99723720550537,"Female"
"9004159",371979,2025-05-16 05:13:35,42.4890632629395,-8.99716567993164,"Female"
"9004159",371979,2025-05-16 05:18:05,42.4890632629395,-8.99719333648682,"Female"
"9004159",371979,2025-05-16 05:23:06,42.4890289306641,-8.99717903137207,"Female"
"9004159",371979,2025-05-16 05:28:07,42.4890098571777,-8.99709320068359,"Female"
"9004159",371979,2025-05-16 05:33:05,42.4890327453613,-8.9971227645874,"Female"
"9004159",371979,2025-05-16 05:38:06,42.489086151123,-8.99715805053711,"Female"
"9004159",371979,2025-05-16 05:43:06,42.4897079467773,-8.99785041809082,"Female"
"9004159",371979,2025-05-16 05:48:06,42.4892578125,-8.99735832214355,"Female"
"9004159",371979,2025-05-16 05:53:06,42.4894218444824,-8.99756050109863,"Female"
"9004159",371979,2025-05-16 05:58:06,42.4892044067383,-8.99726486206055,"Female"
"9004159",371979,2025-05-16 06:03:09,42.4894180297852,-8.99746322631836,"Female"
"9004159",371979,2025-05-16 06:08:39,42.4891090393066,-8.99741268157959,"Female"
"9004159",371979,2025-05-16 06:14:17,42.4893569946289,-8.99734878540039,"Female"
"9004159",371979,2025-05-16 06:19:12,42.489315032959,-8.99735355377197,"Female"
"9004159",371979,2025-05-16 06:23:36,42.4889450073242,-8.99746322631836,"Female"
"9004159",371979,2025-05-16 06:28:08,42.4888610839844,-8.99594879150391,"Female"
"9004159",371979,2025-05-16 06:33:16,42.4892349243164,-8.99728679656982,"Female"
"9004159",371979,2025-05-16 06:38:44,42.4892272949219,-8.99731540679932,"Female"
"9004159",371979,2025-05-16 06:43:06,42.4892387390137,-8.9973726272583,"Female"
"9004159",371979,2025-05-16 06:48:06,42.4893417358398,-8.99739170074463,"Female"
"9004159",371979,2025-05-16 06:53:07,42.4892120361328,-8.99732971191406,"Female"
"9004159",371979,2025-05-16 06:58:13,42.4890975952148,-8.99737548828125,"Female"
"9004159",371979,2025-05-16 07:03:08,42.4892616271973,-8.9973783493042,"Female"
"9004159",371979,2025-05-16 07:08:06,42.4893074035645,-8.99747848510742,"Female"
"9004159",371979,2025-05-16 07:13:06,42.4893074035645,-8.99739360809326,"Female"
"9004159",371979,2025-05-16 07:18:14,42.4893608093262,-8.9976692199707,"Female"
"9004159",371979,2025-05-16 07:23:14,42.4892654418945,-8.99722099304199,"Female"
"9004159",371979,2025-05-16 07:28:16,42.4892501831055,-8.99740791320801,"Female"
"9004159",371979,2025-05-16 07:34:12,42.4891204833984,-8.99754524230957,"Female"
"9004159",371979,2025-05-16 07:38:14,42.4892044067383,-8.99748516082764,"Female"
"9004159",371979,2025-05-16 07:44:29,42.4892387390137,-8.99737644195557,"Female"
"9004159",371979,2025-05-16 07:48:20,42.489387512207,-8.99737548828125,"Female"
"9004159",371979,2025-05-16 07:53:06,42.4891738891602,-8.99734783172607,"Female"
"9004159",371979,2025-05-16 07:58:05,42.4892196655273,-8.99681854248047,"Female"
"9004159",371979,2025-05-16 08:03:05,42.4892654418945,-8.99679946899414,"Female"
"9004159",371979,2025-05-16 08:08:06,42.4893913269043,-8.99698543548584,"Female"
"9004159",371979,2025-05-16 08:13:07,42.4892768859863,-8.99681949615479,"Female"
"9004159",371979,2025-05-16 08:18:06,42.4985694885254,-9.01482677459717,"Female"
"9004159",371979,2025-05-16 08:23:06,42.5030326843262,-9.01853847503662,"Female"
"9004159",371979,2025-05-16 08:28:06,42.5017547607422,-9.02188205718994,"Female"
"9004159",371979,2025-05-16 08:33:06,42.5002670288086,-9.02479839324951,"Female"
"9004159",371979,2025-05-16 08:38:43,42.5024604797363,-9.02426433563232,"Female"
"9004159",371979,2025-05-16 08:43:43,42.4987640380859,-9.0148229598999,"Female"
"9004159",371979,2025-05-16 08:48:43,42.4987030029297,-9.01471519470215,"Female"
"9004159",371979,2025-05-16 08:53:42,42.4987411499023,-9.01467704772949,"Female"
"9004159",371979,2025-05-16 08:58:41,42.4987525939941,-9.01471424102783,"Female"
"9004159",371979,2025-05-16 09:03:41,42.4988098144531,-9.01475048065186,"Female"
"9004159",371979,2025-05-16 09:08:41,42.4987754821777,-9.01476669311523,"Female"
"9004159",371979,2025-05-16 09:13:41,42.4987716674805,-9.01480197906494,"Female"
"9004159",371979,2025-05-16 09:18:42,42.4988975524902,-9.01478862762451,"Female"
"9004159",371979,2025-05-16 09:23:41,42.4988861083984,-9.01482963562012,"Female"
"9004159",371979,2025-05-16 09:28:41,42.498722076416,-9.01479911804199,"Female"
"9004159",371979,2025-05-16 09:33:41,42.4987258911133,-9.01476955413818,"Female"
"9004159",371979,2025-05-16 09:38:42,42.4988136291504,-9.01478004455566,"Female"
"9004159",371979,2025-05-16 09:43:41,42.4987678527832,-9.01467895507812,"Female"
"9004159",371979,2025-05-16 09:48:41,42.4987678527832,-9.0148458480835,"Female"
"9004159",371979,2025-05-16 09:53:41,42.4988174438477,-9.01481628417969,"Female"
"9004159",371979,2025-05-16 09:58:42,42.4986610412598,-9.01478862762451,"Female"
"9004159",371979,2025-05-16 10:03:41,42.4981842041016,-9.01520919799805,"Female"
"9004159",371979,2025-05-16 10:08:41,42.4981422424316,-9.01520347595215,"Female"
"9004159",371979,2025-05-16 10:13:41,42.4987182617188,-9.01476383209229,"Female"
"9004159",371979,2025-05-16 10:18:42,42.4987640380859,-9.01477813720703,"Female"
"9004159",371979,2025-05-16 10:23:41,42.5004081726074,-9.02366352081299,"Female"
"9004159",371979,2025-05-16 10:29:40,42.501407623291,-9.0263786315918,"Female"
"9004159",371979,2025-05-16 10:34:40,42.5052757263184,-9.0266170501709,"Female"
"9004159",371979,2025-05-16 10:39:40,42.5295524597168,-9.05251693725586,"Female"
"9004159",371979,2025-05-16 10:44:40,42.535774230957,-9.05435752868652,"Female"
"9004159",371979,2025-05-16 10:49:40,42.5365104675293,-9.05300426483154,"Female"
"9004159",371979,2025-05-16 10:54:41,42.5437507629395,-9.05584812164307,"Female"
"9004159",371979,2025-05-16 10:59:40,42.5444755554199,-9.05442523956299,"Female"
"9004159",371979,2025-05-16 11:04:41,42.5468940734863,-9.05300712585449,"Female"
"9004159",371979,2025-05-16 11:09:41,42.5465087890625,-9.05326461791992,"Female"
"9004159",371979,2025-05-16 11:14:41,42.5454559326172,-9.05315589904785,"Female"
"9004159",371979,2025-05-16 11:20:17,42.5437660217285,-9.05127239227295,"Female"
"9004159",371979,2025-05-16 11:25:17,42.541690826416,-9.0530424118042,"Female"
"9004159",371979,2025-05-16 11:30:29,42.5371131896973,-9.05390357971191,"Female"
"9004159",371979,2025-05-16 11:35:50,42.5367851257324,-9.05349636077881,"Female"
"9004159",371979,2025-05-16 11:41:12,42.5360450744629,-9.05302810668945,"Female"
"9004159",371979,2025-05-16 11:46:13,42.5368499755859,-9.05273342132568,"Female"
"9004159",371979,2025-05-16 11:52:23,42.5377311706543,-9.05586910247803,"Female"
"9004159",371979,2025-05-16 11:56:28,42.5375747680664,-9.05554103851318,"Female"
"9004159",371979,2025-05-16 12:01:28,42.536979675293,-9.05440711975098,"Female"
"9004159",371979,2025-05-16 12:06:30,42.5347328186035,-9.04771900177002,"Female"
"9004159",371979,2025-05-16 12:11:29,42.5347709655762,-9.04762744903564,"Female"
"9004159",371979,2025-05-16 12:16:30,42.5349807739258,-9.04751014709473,"Female"
"9004159",371979,2025-05-16 12:21:29,42.5349655151367,-9.04758834838867,"Female"
"9004159",371979,2025-05-16 12:26:29,42.5349349975586,-9.04757881164551,"Female"
"9004159",371979,2025-05-16 12:31:29,42.5349617004395,-9.04760646820068,"Female"
"9004159",371979,2025-05-16 12:36:29,42.5349426269531,-9.04757213592529,"Female"
"9004159",371979,2025-05-16 12:41:29,42.5348815917969,-9.04749393463135,"Female"
"9004159",371979,2025-05-16 12:46:29,42.534839630127,-9.04755783081055,"Female"
"9004159",371979,2025-05-16 12:51:29,42.534797668457,-9.04745197296143,"Female"
"9004159",371979,2025-05-16 12:56:31,42.5349464416504,-9.04709053039551,"Female"
"9004159",371979,2025-05-16 13:01:29,42.5348701477051,-9.04741477966309,"Female"
"9004159",371979,2025-05-16 13:06:29,42.5348281860352,-9.04747486114502,"Female"
"9004159",371979,2025-05-16 13:11:29,42.5347900390625,-9.04739475250244,"Female"
"9004159",371979,2025-05-16 13:16:29,42.5348281860352,-9.04740810394287,"Female"
"9004159",371979,2025-05-16 13:21:30,42.5348930358887,-9.04738903045654,"Female"
"9004159",371979,2025-05-16 13:26:29,42.5348472595215,-9.0474739074707,"Female"
"9004159",371979,2025-05-16 13:31:29,42.5348777770996,-9.04737377166748,"Female"
"9004159",371979,2025-05-16 13:36:29,42.5350074768066,-9.04725074768066,"Female"
"9004159",371979,2025-05-16 13:41:29,42.5348205566406,-9.04734706878662,"Female"
"9004159",371979,2025-05-16 13:46:29,42.5349349975586,-9.04731369018555,"Female"
"9004159",371979,2025-05-16 13:51:29,42.5349235534668,-9.04741096496582,"Female"
"9004159",371979,2025-05-16 13:56:30,42.5349884033203,-9.04718685150146,"Female"
"9004159",371979,2025-05-16 14:01:31,42.5349617004395,-9.04726791381836,"Female"
"9004159",371979,2025-05-16 14:06:31,42.5348663330078,-9.04739570617676,"Female"
"9004159",371979,2025-05-16 14:11:30,42.5349082946777,-9.04727649688721,"Female"
"9004159",371979,2025-05-16 14:16:30,42.5348701477051,-9.04733180999756,"Female"
"9004159",371979,2025-05-16 14:21:32,42.5349731445312,-9.0527982711792,"Female"
"9004159",371979,2025-05-16 14:26:32,42.536750793457,-9.05301189422607,"Female"
"9004159",371979,2025-05-16 14:31:30,42.536693572998,-9.05423259735107,"Female"
"9004159",371979,2025-05-16 14:36:53,42.536693572998,-9.05392074584961,"Female"
"9004159",371979,2025-05-16 14:43:45,42.5364112854004,-9.05446624755859,"Female"
"9004159",371979,2025-05-16 14:48:49,42.5356369018555,-9.05411624908447,"Female"
"9004159",371979,2025-05-16 14:53:47,42.5346984863281,-9.04743576049805,"Female"
"9004159",371979,2025-05-16 14:58:44,42.5349235534668,-9.0474100112915,"Female"
"9004159",371979,2025-05-16 15:03:43,42.5348930358887,-9.04746913909912,"Female"
"9004159",371979,2025-05-16 15:08:43,42.5348968505859,-9.0474796295166,"Female"
"9004159",371979,2025-05-16 15:13:43,42.5351371765137,-9.04768943786621,"Female"
"9004159",371979,2025-05-16 15:18:44,42.534912109375,-9.0474967956543,"Female"
"9004159",371979,2025-05-16 15:23:44,42.5351333618164,-9.04767990112305,"Female"
"9004159",371979,2025-05-16 15:28:43,42.5352096557617,-9.04750728607178,"Female"
"9004159",371979,2025-05-16 15:33:44,42.5351028442383,-9.0475378036499,"Female"
"9004159",371979,2025-05-16 15:38:43,42.5350914001465,-9.04772663116455,"Female"
"9004159",371979,2025-05-16 15:43:48,42.5352745056152,-9.04807758331299,"Female"
"9004159",371979,2025-05-16 15:48:44,42.5347938537598,-9.05019664764404,"Female"
"9004159",371979,2025-05-16 15:53:44,42.5340728759766,-9.05210876464844,"Female"
"9004159",371979,2025-05-16 15:58:44,42.5347328186035,-9.05318355560303,"Female"
"9004159",371979,2025-05-16 16:04:44,42.5333251953125,-9.05342960357666,"Female"
"9004159",371979,2025-05-16 16:10:10,42.5349426269531,-9.05397796630859,"Female"
"9004159",371979,2025-05-16 16:15:12,42.5365829467773,-9.05302047729492,"Female"
"9004159",371979,2025-05-16 16:20:38,42.5363502502441,-9.05451393127441,"Female"
"9004159",371979,2025-05-16 16:26:07,42.5343246459961,-9.054274559021,"Female"
"9004159",371979,2025-05-16 16:31:06,42.5337829589844,-9.05345439910889,"Female"
"9004159",371979,2025-05-16 16:36:05,42.5076789855957,-9.03690433502197,"Female"
"9004159",371979,2025-05-16 16:41:06,42.5074806213379,-9.03721141815186,"Female"
"9004159",371979,2025-05-16 16:46:06,42.5074768066406,-9.03717613220215,"Female"
"9004159",371979,2025-05-16 16:51:05,42.5074157714844,-9.03726768493652,"Female"
"9004159",371979,2025-05-16 16:56:06,42.5073356628418,-9.03713226318359,"Female"
"9004159",371979,2025-05-16 17:01:06,42.5074691772461,-9.03722858428955,"Female"
"9004159",371979,2025-05-16 17:06:05,42.5074005126953,-9.0372486114502,"Female"
"9004159",371979,2025-05-16 17:11:07,42.5074119567871,-9.03708362579346,"Female"
"9004159",371979,2025-05-16 17:16:06,42.5073585510254,-9.03722858428955,"Female"
"9004159",371979,2025-05-16 17:21:07,42.5073928833008,-9.03723621368408,"Female"
"9004159",371979,2025-05-16 17:26:07,42.5073318481445,-9.03705787658691,"Female"
"9004159",371979,2025-05-16 17:31:06,42.5073013305664,-9.03708267211914,"Female"
"9004159",371979,2025-05-16 17:36:05,42.5074043273926,-9.03702163696289,"Female"
"9004159",371979,2025-05-16 17:41:06,42.501522064209,-9.01782608032227,"Female"
"9004159",371979,2025-05-16 17:46:39,42.5004425048828,-9.0183801651001,"Female"
"9004159",371979,2025-05-16 17:51:59,42.5002632141113,-9.01822662353516,"Female"
"9004159",371979,2025-05-16 17:56:59,42.5002212524414,-9.01834869384766,"Female"
"9004159",371979,2025-05-16 18:01:59,42.5005722045898,-9.01869010925293,"Female"
"9004159",371979,2025-05-16 18:07:47,42.501091003418,-9.01800537109375,"Female"
"9004159",371979,2025-05-16 18:12:46,42.501148223877,-9.01775074005127,"Female"
"9004159",371979,2025-05-16 18:18:13,42.5013618469238,-9.01711654663086,"Female"
"9004159",371979,2025-05-16 18:23:12,42.5013542175293,-9.01618671417236,"Female"
"9004159",371979,2025-05-16 18:28:12,42.5019874572754,-9.01569652557373,"Female"
"9004159",371979,2025-05-16 18:34:07,42.5020027160645,-9.01652908325195,"Female"
"9004159",371979,2025-05-16 18:39:41,42.5012054443359,-9.01745510101318,"Female"
"9004159",371979,2025-05-16 18:44:41,42.5006103515625,-9.0182580947876,"Female"
"9004159",371979,2025-05-16 18:50:41,42.5011520385742,-9.01794338226318,"Female"
"9004159",371979,2025-05-16 18:56:48,42.5011749267578,-9.01701068878174,"Female"
"9004159",371979,2025-05-16 19:02:31,42.5013771057129,-9.01660633087158,"Female"
"9004159",371979,2025-05-16 19:08:18,42.5012245178223,-9.01659870147705,"Female"
"9004159",371979,2025-05-16 19:13:40,42.5013656616211,-9.01668262481689,"Female"
"9004159",371979,2025-05-16 19:19:30,42.5012435913086,-9.01624011993408,"Female"
"9004159",371979,2025-05-16 19:24:30,42.5009994506836,-9.01616764068604,"Female"
"9004159",371979,2025-05-16 19:29:30,42.5014801025391,-9.01588821411133,"Female"
"9004159",371979,2025-05-16 19:34:30,42.5011672973633,-9.01731204986572,"Female"
"9004159",371979,2025-05-16 19:39:30,42.4893760681152,-8.99702167510986,"Female"
"9004159",371979,2025-05-16 19:44:30,42.4890937805176,-8.99705028533936,"Female"
"9004159",371979,2025-05-16 19:49:30,42.4893455505371,-8.99719429016113,"Female"
"9004159",371979,2025-05-16 19:54:30,42.4894371032715,-8.99706935882568,"Female"
"9004159",371979,2025-05-16 19:59:30,42.4892654418945,-8.99714756011963,"Female"
"9004159",371979,2025-05-16 20:04:30,42.4893646240234,-8.99724578857422,"Female"
"9004159",371979,2025-05-16 20:09:30,42.4891891479492,-8.99703121185303,"Female"
"9004159",371979,2025-05-16 20:14:30,42.4892272949219,-8.99701023101807,"Female"
"9004159",371979,2025-05-16 20:19:30,42.489200592041,-8.9969482421875,"Female"
"9004159",371979,2025-05-16 20:24:30,42.4892578125,-8.99698257446289,"Female"
"9004159",371979,2025-05-16 20:29:30,42.4894065856934,-8.99722766876221,"Female"
"9004159",371979,2025-05-16 20:34:31,42.4891586303711,-8.99689388275146,"Female"
"9004159",371979,2025-05-16 20:39:30,42.4892425537109,-8.99693393707275,"Female"
"9004159",371979,2025-05-16 20:44:30,42.4892158508301,-8.99691295623779,"Female"
"9004159",371979,2025-05-16 20:49:30,42.4894790649414,-8.99734497070312,"Female"
"9004159",371979,2025-05-16 20:54:30,42.4895629882812,-8.99744319915771,"Female"
"9004159",371979,2025-05-16 20:59:31,42.4896240234375,-8.99731731414795,"Female"
"9004159",371979,2025-05-16 21:04:30,42.4895973205566,-8.99742889404297,"Female"
"9004159",371979,2025-05-16 21:09:31,42.4896202087402,-8.99739742279053,"Female"
"9004159",371979,2025-05-16 21:14:31,42.4895515441895,-8.997389793396,"Female"
"9004159",371979,2025-05-16 21:19:30,42.4895401000977,-8.99738597869873,"Female"
"9004159",371979,2025-05-16 21:24:30,42.4895210266113,-8.99740791320801,"Female"
"9004159",371979,2025-05-16 21:29:30,42.4894523620605,-8.99741363525391,"Female"
"9004159",371979,2025-05-16 21:34:30,42.4893226623535,-8.99717998504639,"Female"
"9004159",371979,2025-05-16 21:39:30,42.4894371032715,-8.99734687805176,"Female"
"9004159",371979,2025-05-16 21:44:30,42.4894943237305,-8.99725818634033,"Female"
"9004159",371979,2025-05-16 21:49:31,42.4893569946289,-8.99741268157959,"Female"
"9004159",371979,2025-05-16 21:54:31,42.4893951416016,-8.99737453460693,"Female"
"9004159",371979,2025-05-16 21:59:31,42.489387512207,-8.99737739562988,"Female"
"9004159",371979,2025-05-16 22:04:30,42.4893798828125,-8.99734020233154,"Female"
"9004159",371979,2025-05-16 22:09:31,42.4894104003906,-8.99743366241455,"Female"
"9004159",371979,2025-05-16 22:14:31,42.4893264770508,-8.99723148345947,"Female"
"9004159",371979,2025-05-16 22:19:31,42.4892997741699,-8.9971981048584,"Female"
"9004159",371979,2025-05-16 22:24:30,42.4892692565918,-8.99739456176758,"Female"
"9004159",371979,2025-05-16 22:29:31,42.4893264770508,-8.99730205535889,"Female"
"9004159",371979,2025-05-16 22:34:30,42.4892883300781,-8.99732398986816,"Female"
"9004159",371979,2025-05-16 22:39:30,42.4892959594727,-8.9973201751709,"Female"
"9004159",371979,2025-05-16 22:44:31,42.4893493652344,-8.99731349945068,"Female"
"9004159",371979,2025-05-16 22:49:31,42.4893264770508,-8.99728775024414,"Female"
"9004159",371979,2025-05-16 22:54:31,42.4890556335449,-8.99649238586426,"Female"
"9004159",371979,2025-05-16 22:59:30,42.4893417358398,-8.99724864959717,"Female"
"9004159",371979,2025-05-16 23:04:31,42.4893493652344,-8.99736595153809,"Female"
"9004159",371979,2025-05-16 23:09:31,42.489200592041,-8.9971170425415,"Female"
"9004159",371979,2025-05-16 23:14:31,42.4892387390137,-8.99710273742676,"Female"
"9004159",371979,2025-05-16 23:19:31,42.4892349243164,-8.9971809387207,"Female"
"9004159",371979,2025-05-16 23:24:32,42.4893264770508,-8.99694156646729,"Female"
"9004159",371979,2025-05-16 23:29:31,42.4892158508301,-8.99681949615479,"Female"
"9004159",371979,2025-05-16 23:34:31,42.4888801574707,-8.99631786346436,"Female"
"9004159",371979,2025-05-16 23:39:31,42.4889106750488,-8.99636173248291,"Female"
"9004159",371979,2025-05-16 23:44:30,42.4889945983887,-8.99632358551025,"Female"
"9004159",371979,2025-05-16 23:49:31,42.4891090393066,-8.9963903427124,"Female"
"9004159",371979,2025-05-16 23:54:40,42.4891242980957,-8.99652481079102,"Female"
"9004159",371979,2025-05-16 23:59:39,42.489200592041,-8.99654769897461,"Female"
"9004159",371979,2025-05-17 00:04:30,42.4893646240234,-8.9963321685791,"Female"
"9004159",371979,2025-05-17 00:09:30,42.4894027709961,-8.99669075012207,"Female"
"9004159",371979,2025-05-17 00:14:33,42.4902114868164,-8.99634456634521,"Female"
"9004159",371979,2025-05-17 00:19:31,42.488883972168,-8.9968318939209,"Female"
"9004159",371979,2025-05-17 00:24:30,42.4891777038574,-8.99640369415283,"Female"
"9004159",371979,2025-05-17 00:29:31,42.4893455505371,-8.9965295791626,"Female"
"9004159",371979,2025-05-17 00:34:30,42.489574432373,-8.99618148803711,"Female"
"9004159",371979,2025-05-17 00:39:30,42.4891967773438,-8.99674129486084,"Female"
"9004159",371979,2025-05-17 00:44:30,42.4892120361328,-8.99686431884766,"Female"
"9004159",371979,2025-05-17 00:49:32,42.4894027709961,-8.99663066864014,"Female"
"9004159",371979,2025-05-17 00:54:30,42.4900550842285,-8.99579334259033,"Female"
"9004159",371979,2025-05-17 00:59:30,42.4891471862793,-8.99682331085205,"Female"
"9004159",371979,2025-05-17 01:04:31,42.4893760681152,-8.99667549133301,"Female"
"9004159",371979,2025-05-17 01:09:32,42.4895286560059,-8.9966402053833,"Female"
"9004159",371979,2025-05-17 01:14:31,42.489917755127,-8.99643230438232,"Female"
"9004159",371979,2025-05-17 01:19:31,42.4891471862793,-8.99697113037109,"Female"
"9004159",371979,2025-05-17 01:24:33,42.4877662658691,-8.99717140197754,"Female"
"9004159",371979,2025-05-17 01:29:31,42.4887084960938,-8.99705696105957,"Female"
"9004159",371979,2025-05-17 01:34:30,42.4892158508301,-8.99713802337646,"Female"
"9004159",371979,2025-05-17 01:39:30,42.4892501831055,-8.99712562561035,"Female"
"9004159",371979,2025-05-17 01:44:30,42.4892120361328,-8.99717426300049,"Female"
"9004159",371979,2025-05-17 01:49:30,42.4891204833984,-8.99723434448242,"Female"
"9004159",371979,2025-05-17 01:54:30,42.4893608093262,-8.99724960327148,"Female"
"9004159",371979,2025-05-17 01:59:30,42.4890594482422,-8.9972448348999,"Female"
"9004159",371979,2025-05-17 02:04:33,42.4893913269043,-8.99714469909668,"Female"
"9004159",371979,2025-05-17 02:09:30,42.489818572998,-8.9971284866333,"Female"
"9004159",371979,2025-05-17 02:14:37,42.4892692565918,-8.99721622467041,"Female"
"9004159",371979,2025-05-17 02:19:36,42.489330291748,-8.9970531463623,"Female"
"9004159",371979,2025-05-17 02:24:34,42.4892120361328,-8.99683952331543,"Female"
"9004159",371979,2025-05-17 02:29:36,42.4894676208496,-8.99694061279297,"Female"
"9004159",371979,2025-05-17 02:34:32,42.4894943237305,-8.99644947052002,"Female"
"9004159",371979,2025-05-17 02:39:39,42.4894714355469,-8.99692058563232,"Female"
"9004159",371979,2025-05-17 02:44:33,42.4895324707031,-8.99730682373047,"Female"
"9004159",371979,2025-05-17 02:49:34,42.4893264770508,-8.99735832214355,"Female"
"9004159",371979,2025-05-17 02:54:32,42.4895668029785,-8.997727394104,"Female"
"9004159",371979,2025-05-17 02:59:33,42.4896774291992,-8.99781322479248,"Female"
"9004159",371979,2025-05-17 03:04:42,42.4895362854004,-8.99678039550781,"Female"
"9004159",371979,2025-05-17 03:09:37,42.4895133972168,-8.99667644500732,"Female"
"9004159",371979,2025-05-17 03:14:38,42.4893569946289,-8.99698543548584,"Female"
"9004159",371979,2025-05-17 03:19:33,42.4893798828125,-8.99652481079102,"Female"
"9004159",371979,2025-05-17 03:24:38,42.4891662597656,-8.99713516235352,"Female"
"9004159",371979,2025-05-17 03:29:33,42.4892272949219,-8.99695777893066,"Female"
"9004159",371979,2025-05-17 03:34:33,42.4891738891602,-8.9969425201416,"Female"
"9004159",371979,2025-05-17 03:39:31,42.4892616271973,-8.99687671661377,"Female"
"9004159",371979,2025-05-17 03:44:30,42.4886779785156,-8.99850654602051,"Female"
"9004159",371979,2025-05-17 03:49:30,42.488639831543,-8.99829578399658,"Female"
"9004159",371979,2025-05-17 03:54:31,42.4886894226074,-8.99790287017822,"Female"
"9004159",371979,2025-05-17 03:59:30,42.4885215759277,-8.99789524078369,"Female"
"9004159",371979,2025-05-17 04:04:31,42.4885139465332,-8.99776649475098,"Female"
"9004159",371979,2025-05-17 04:09:32,42.4884986877441,-8.99771308898926,"Female"
"9004159",371979,2025-05-17 04:14:30,42.4885368347168,-8.99766731262207,"Female"
"9004159",371979,2025-05-17 04:19:44,42.4892959594727,-8.99720001220703,"Female"
"9004159",371979,2025-05-17 04:24:30,42.4886817932129,-8.99703407287598,"Female"
"9004159",371979,2025-05-17 04:29:30,42.4884147644043,-8.99708366394043,"Female"
"9004159",371979,2025-05-17 04:34:31,42.4891510009766,-8.99715518951416,"Female"
"9004159",371979,2025-05-17 04:39:31,42.488842010498,-8.99727344512939,"Female"
"9004159",371979,2025-05-17 04:44:32,42.4889221191406,-8.99707508087158,"Female"
"9004159",371979,2025-05-17 04:49:32,42.488883972168,-8.99718379974365,"Female"
"9004159",371979,2025-05-17 04:54:30,42.4888153076172,-8.99733734130859,"Female"
"9004159",371979,2025-05-17 04:59:32,42.4888229370117,-8.99728012084961,"Female"
"9004159",371979,2025-05-17 05:04:32,42.4889793395996,-8.99689483642578,"Female"
"9004159",371979,2025-05-17 05:09:33,42.4889183044434,-8.99690532684326,"Female"
"9004159",371979,2025-05-17 05:14:33,42.4889335632324,-8.99687671661377,"Female"
"9004159",371979,2025-05-17 05:19:32,42.4887580871582,-8.99678516387939,"Female"
"9004159",371979,2025-05-17 05:24:31,42.4889755249023,-8.99678993225098,"Female"
"9004159",371979,2025-05-17 05:29:32,42.489013671875,-8.99700736999512,"Female"
"9004159",371979,2025-05-17 05:34:39,42.4892997741699,-8.99732208251953,"Female"
"9004159",371979,2025-05-17 05:39:31,42.4892272949219,-8.99740982055664,"Female"
"9004159",371979,2025-05-17 05:44:31,42.4892883300781,-8.99738216400146,"Female"
"9004159",371979,2025-05-17 05:49:30,42.4891815185547,-8.99724197387695,"Female"
"9004159",371979,2025-05-17 05:54:31,42.4886131286621,-8.996506690979,"Female"
"9004159",371979,2025-05-17 05:59:32,42.4893226623535,-8.9970178604126,"Female"
"9004159",371979,2025-05-17 06:04:32,42.4894790649414,-8.99729537963867,"Female"
"9004159",371979,2025-05-17 06:09:32,42.4895133972168,-8.99719524383545,"Female"
"9004159",371979,2025-05-17 06:14:43,42.4893341064453,-8.99746990203857,"Female"
"9004159",371979,2025-05-17 06:19:30,42.4893226623535,-8.99750137329102,"Female"
"9004159",371979,2025-05-17 06:24:30,42.4893913269043,-8.99742221832275,"Female"
"9004159",371979,2025-05-17 06:29:32,42.4894218444824,-8.9973840713501,"Female"
"9004159",371979,2025-05-17 06:34:30,42.4893989562988,-8.99755477905273,"Female"
"9004159",371979,2025-05-17 06:39:42,42.4889450073242,-8.99737453460693,"Female"
"9004159",371979,2025-05-17 06:44:30,42.4893188476562,-8.99739646911621,"Female"
"9004159",371979,2025-05-17 06:49:30,42.4888572692871,-8.99762153625488,"Female"
"9004159",371979,2025-05-17 06:54:30,42.4888534545898,-8.99749374389648,"Female"
"9004159",371979,2025-05-17 06:59:30,42.488956451416,-8.99749088287354,"Female"
"9004159",371979,2025-05-17 07:04:34,42.4886703491211,-8.99727630615234,"Female"
"9004159",371979,2025-05-17 07:10:40,42.4892654418945,-8.99737453460693,"Female"
"9004159",371979,2025-05-17 07:14:35,42.4890480041504,-8.99736976623535,"Female"
"9004159",371979,2025-05-17 07:19:37,42.4891777038574,-8.9974365234375,"Female"
"9004159",371979,2025-05-17 07:24:31,42.4933280944824,-9.0048131942749,"Female"
"9004159",371979,2025-05-17 07:29:32,42.4935531616211,-9.00521945953369,"Female"
"9004159",371979,2025-05-17 07:34:52,42.4965934753418,-9.00244998931885,"Female"
"9004159",371979,2025-05-17 07:39:52,42.4948387145996,-8.99959564208984,"Female"
"9004159",371979,2025-05-17 07:44:52,42.4948120117188,-8.99940013885498,"Female"
"9004159",371979,2025-05-17 07:49:54,42.4990997314453,-9.00344467163086,"Female"
"9004159",371979,2025-05-17 07:54:55,42.4994354248047,-9.00396633148193,"Female"
"9004159",371979,2025-05-17 08:00:00,42.5051574707031,-9.00852870941162,"Female"
"9004159",371979,2025-05-17 08:04:54,42.5047645568848,-9.00813102722168,"Female"
"9004159",371979,2025-05-17 08:09:51,42.5053520202637,-9.00882530212402,"Female"
"9004159",371979,2025-05-17 08:15:48,42.5034103393555,-9.01446437835693,"Female"
"9004159",371979,2025-05-17 08:20:47,42.4987525939941,-9.01478862762451,"Female"
"9004159",371979,2025-05-17 08:25:47,42.4987449645996,-9.01479625701904,"Female"
"9004159",371979,2025-05-17 08:30:47,42.4987373352051,-9.01471900939941,"Female"
"9004159",371979,2025-05-17 08:35:48,42.4987983703613,-9.01474571228027,"Female"
"9004159",371979,2025-05-17 08:40:47,42.4987678527832,-9.01478290557861,"Female"
"9004159",371979,2025-05-17 08:45:47,42.4988174438477,-9.01477432250977,"Female"
"9004159",371979,2025-05-17 08:50:47,42.4985733032227,-9.01508617401123,"Female"
"9004159",371979,2025-05-17 08:55:54,42.498836517334,-9.0148286819458,"Female"
"9004159",371979,2025-05-17 09:00:48,42.4988746643066,-9.0148401260376,"Female"
"9004159",371979,2025-05-17 09:05:47,42.4988822937012,-9.01484966278076,"Female"
"9004159",371979,2025-05-17 09:10:47,42.4989776611328,-9.01475811004639,"Female"
"9004159",371979,2025-05-17 09:15:51,42.4988784790039,-9.01483249664307,"Female"
"9004159",371979,2025-05-17 09:20:54,42.4986915588379,-9.01474952697754,"Female"
"9004159",371979,2025-05-17 09:25:47,42.4987144470215,-9.01492404937744,"Female"
"9004159",371979,2025-05-17 09:30:54,42.4988632202148,-9.01480007171631,"Female"
"9004159",371979,2025-05-17 09:35:47,42.4990005493164,-9.01485538482666,"Female"
"9004159",371979,2025-05-17 09:40:54,42.4988403320312,-9.01478004455566,"Female"
"9004159",371979,2025-05-17 09:45:51,42.4987983703613,-9.01477718353271,"Female"
"9004159",371979,2025-05-17 09:50:51,42.4987754821777,-9.01462745666504,"Female"
"9004159",371979,2025-05-17 09:55:52,42.4989242553711,-9.01478481292725,"Female"
"9004159",371979,2025-05-17 10:00:51,42.4988403320312,-9.01466178894043,"Female"
"9004159",371979,2025-05-17 10:05:52,42.5011100769043,-9.01709938049316,"Female"
"9004159",371979,2025-05-17 10:11:09,42.502368927002,-9.01965427398682,"Female"
"9004159",371979,2025-05-17 10:16:09,42.5015411376953,-9.01851654052734,"Female"
"9004159",371979,2025-05-17 10:21:09,42.5008354187012,-9.02068996429443,"Female"
"9004159",371979,2025-05-17 10:26:22,42.4995803833008,-9.02131366729736,"Female"
"9004159",371979,2025-05-17 10:31:17,42.5002136230469,-9.02235126495361,"Female"
"9004159",371979,2025-05-17 10:36:24,42.5017395019531,-9.02127552032471,"Female"
"9004159",371979,2025-05-17 10:42:20,42.5001945495605,-9.01940536499023,"Female"
"9004159",371979,2025-05-17 10:47:49,42.4993629455566,-9.01923561096191,"Female"
"9004159",371979,2025-05-17 10:52:33,42.4988212585449,-9.01461410522461,"Female"
"9004159",371979,2025-05-17 10:57:16,42.498462677002,-9.01525020599365,"Female"
"9004159",371979,2025-05-17 11:02:15,42.4987373352051,-9.01442623138428,"Female"
"9004159",371979,2025-05-17 11:07:17,42.4984588623047,-9.01436042785645,"Female"
"9004159",371979,2025-05-17 11:12:15,42.4988250732422,-9.01440620422363,"Female"
"9004159",371979,2025-05-17 11:17:22,42.4986343383789,-9.01469707489014,"Female"
"9004159",371979,2025-05-17 11:22:15,42.4988403320312,-9.0143985748291,"Female"
"9004159",371979,2025-05-17 11:27:15,42.4988746643066,-9.01443386077881,"Female"
"9004159",371979,2025-05-17 11:32:17,42.4988059997559,-9.01454925537109,"Female"
"9004159",371979,2025-05-17 11:37:15,42.4988555908203,-9.01448440551758,"Female"
"9004159",371979,2025-05-17 11:42:24,42.4988784790039,-9.01449871063232,"Female"
"9004159",371979,2025-05-17 11:47:15,42.4988784790039,-9.01449012756348,"Female"
"9004159",371979,2025-05-17 11:52:16,42.4989356994629,-9.01458740234375,"Female"
"9004159",371979,2025-05-17 11:57:16,42.4989204406738,-9.01459312438965,"Female"
"9004159",371979,2025-05-17 12:02:16,42.4989395141602,-9.01459789276123,"Female"
"9004159",371979,2025-05-17 12:07:21,42.4966621398926,-9.01791667938232,"Female"
"9004159",371979,2025-05-17 12:12:36,42.4977531433105,-9.01919841766357,"Female"
"9004159",371979,2025-05-17 12:18:17,42.4991989135742,-9.02015590667725,"Female"
"9004159",371979,2025-05-17 12:23:42,42.5011825561523,-9.02102184295654,"Female"
"9004159",371979,2025-05-17 12:37:47,42.5026741027832,-9.01993656158447,"Female"
"9004159",371979,2025-05-17 12:43:16,42.5036697387695,-9.02035903930664,"Female"
"9004159",371979,2025-05-17 12:48:43,42.5042304992676,-9.02197074890137,"Female"
"9004159",371979,2025-05-17 12:54:12,42.5021133422852,-9.02071857452393,"Female"
"9004159",371979,2025-05-17 12:59:43,42.5029830932617,-9.02070140838623,"Female"
"9004159",371979,2025-05-17 13:04:41,42.5005073547363,-9.02450466156006,"Female"
"9004159",371979,2025-05-17 13:10:07,42.4987640380859,-9.02400684356689,"Female"
"9004159",371979,2025-05-17 13:15:05,42.4995536804199,-9.02564716339111,"Female"
"9004159",371979,2025-05-17 13:20:09,42.5013809204102,-9.02583122253418,"Female"
"9004159",371979,2025-05-17 13:25:06,42.5104522705078,-9.03493022918701,"Female"
"9004159",371979,2025-05-17 13:30:08,42.5182762145996,-9.04533863067627,"Female"
"9004159",371979,2025-05-17 13:35:06,42.5182571411133,-9.04533386230469,"Female"
"9004159",371979,2025-05-17 13:40:05,42.5186576843262,-9.04494190216064,"Female"
"9004159",371979,2025-05-17 13:45:08,42.5372352600098,-9.05366230010986,"Female"
"9004159",371979,2025-05-17 13:50:11,42.5413131713867,-9.05319690704346,"Female"
"9004159",371979,2025-05-17 13:55:06,42.538932800293,-9.05356216430664,"Female"
"9004159",371979,2025-05-17 14:01:02,42.5359382629395,-9.05314064025879,"Female"
"9004159",371979,2025-05-17 14:06:04,42.5338859558105,-9.05252552032471,"Female"
"9004159",371979,2025-05-17 14:11:16,42.5340156555176,-9.05301570892334,"Female"
"9004159",371979,2025-05-17 14:17:14,42.5452346801758,-9.06228065490723,"Female"
"9004159",371979,2025-05-17 14:21:59,42.5466003417969,-9.06226062774658,"Female"
"9004159",371979,2025-05-17 14:27:10,42.5473403930664,-9.06919574737549,"Female"
"9004159",371979,2025-05-17 14:32:06,42.5465431213379,-9.0692663192749,"Female"
"9004159",371979,2025-05-17 14:37:19,42.5466384887695,-9.06835842132568,"Female"
"9004159",371979,2025-05-17 14:42:12,42.5481910705566,-9.06728172302246,"Female"
"9004159",371979,2025-05-17 14:48:14,42.5495300292969,-9.06496334075928,"Female"
"9004159",371979,2025-05-17 14:53:34,42.536434173584,-9.05475330352783,"Female"
"9004159",371979,2025-05-17 14:58:30,42.5347671508789,-9.05238628387451,"Female"
"9004159",371979,2025-05-17 15:03:33,42.5292510986328,-9.05158710479736,"Female"
"9004159",371979,2025-05-17 15:08:29,42.4985160827637,-9.01480865478516,"Female"
"9004159",371979,2025-05-17 15:13:33,42.4986724853516,-9.01480674743652,"Female"
"9004159",371979,2025-05-17 15:18:33,42.4989051818848,-9.01469135284424,"Female"
"9004159",371979,2025-05-17 15:23:30,42.4992866516113,-9.01399326324463,"Female"
"9004159",371979,2025-05-17 15:28:34,42.4990425109863,-9.01467609405518,"Female"
"9004159",371979,2025-05-17 15:33:32,42.4989624023438,-9.01489448547363,"Female"
"9004159",371979,2025-05-17 15:38:30,42.4987716674805,-9.01420783996582,"Female"
"9004159",371979,2025-05-17 15:43:33,42.4990501403809,-9.01446437835693,"Female"
"9004159",371979,2025-05-17 15:48:33,42.4993209838867,-9.01480579376221,"Female"
"9004159",371979,2025-05-17 15:53:36,42.499324798584,-9.01484489440918,"Female"
"9004159",371979,2025-05-17 15:58:43,42.499137878418,-9.01490020751953,"Female"
"9004159",371979,2025-05-17 16:03:36,42.4988327026367,-9.01477241516113,"Female"
"9004159",371979,2025-05-17 16:08:35,42.4989624023438,-9.01474857330322,"Female"
"9004159",371979,2025-05-17 16:13:36,42.4988861083984,-9.0147705078125,"Female"
"9004159",371979,2025-05-17 16:18:36,42.4987678527832,-9.01472091674805,"Female"
"9004159",371979,2025-05-17 16:23:36,42.498706817627,-9.01470470428467,"Female"
"9004159",371979,2025-05-17 16:28:36,42.4988059997559,-9.01458072662354,"Female"
"9004159",371979,2025-05-17 16:34:31,42.5004615783691,-9.01877021789551,"Female"
"9004159",371979,2025-05-17 16:39:25,42.5002632141113,-9.0174674987793,"Female"
"9004159",371979,2025-05-17 16:47:07,42.5016899108887,-9.01789665222168,"Female"
"9004159",371979,2025-05-17 16:52:06,42.5014839172363,-9.01842308044434,"Female"
"9004159",371979,2025-05-17 16:57:07,42.5013198852539,-9.01824378967285,"Female"
"9004159",371979,2025-05-17 17:02:13,42.4983177185059,-9.01505756378174,"Female"
"9004159",371979,2025-05-17 17:07:08,42.4983596801758,-9.01511001586914,"Female"
"9004159",371979,2025-05-17 17:12:09,42.4985122680664,-9.01504516601562,"Female"
"9004159",371979,2025-05-17 17:17:09,42.4986534118652,-9.0148754119873,"Female"
"9004159",371979,2025-05-17 17:22:09,42.4984436035156,-9.01479148864746,"Female"
"9004159",371979,2025-05-17 17:27:08,42.4984512329102,-9.01478862762451,"Female"
"9004159",371979,2025-05-17 17:32:11,42.4975509643555,-9.01431941986084,"Female"
"9004159",371979,2025-05-17 17:37:13,42.4984588623047,-9.01461219787598,"Female"
"9004159",371979,2025-05-17 17:42:06,42.4982566833496,-9.01440238952637,"Female"
"9004159",371979,2025-05-17 17:47:07,42.4987831115723,-9.01487255096436,"Female"
"9004159",371979,2025-05-17 17:52:07,42.4993286132812,-9.01530456542969,"Female"
"9004159",371979,2025-05-17 17:57:06,42.4985466003418,-9.0146951675415,"Female"
"9004159",371979,2025-05-17 18:02:06,42.4985656738281,-9.01471614837646,"Female"
"9004159",371979,2025-05-17 18:07:09,42.4990539550781,-9.01517009735107,"Female"
"9004159",371979,2025-05-17 18:12:09,42.4986038208008,-9.0147590637207,"Female"
"9004159",371979,2025-05-17 18:17:09,42.4986190795898,-9.01457691192627,"Female"
"9004159",371979,2025-05-17 18:22:09,42.4985961914062,-9.01462078094482,"Female"
"9004159",371979,2025-05-17 18:27:09,42.4983329772949,-9.01471710205078,"Female"
"9004159",371979,2025-05-17 18:32:34,42.4982833862305,-9.01452922821045,"Female"
"9004159",371979,2025-05-17 18:37:04,42.4982376098633,-9.01472091674805,"Female"
"9004159",371979,2025-05-17 18:42:06,42.5009803771973,-9.01582813262939,"Female"
"9004159",371979,2025-05-17 18:47:42,42.5013771057129,-9.01568603515625,"Female"
"9004159",371979,2025-05-17 18:53:11,42.5013008117676,-9.01579189300537,"Female"
"9004159",371979,2025-05-17 18:58:11,42.5017395019531,-9.0157470703125,"Female"
"9004159",371979,2025-05-17 19:03:25,42.5017318725586,-9.01594734191895,"Female"
"9004159",371979,2025-05-17 19:08:39,42.5010643005371,-9.0154275894165,"Female"
"9004159",371979,2025-05-17 19:13:37,42.5047264099121,-9.01400661468506,"Female"
"9004159",371979,2025-05-17 19:18:38,42.4901161193848,-9.00204181671143,"Female"
"9004159",371979,2025-05-17 19:23:37,42.4899826049805,-9.00180816650391,"Female"
"9004159",371979,2025-05-17 19:28:38,42.4899253845215,-9.00157928466797,"Female"
"9004159",371979,2025-05-17 19:33:37,42.4899444580078,-9.00166130065918,"Female"
"9004159",371979,2025-05-17 19:38:37,42.4897689819336,-9.00139713287354,"Female"
"9004159",371979,2025-05-17 19:43:37,42.4889907836914,-8.99753952026367,"Female"
"9004159",371979,2025-05-17 19:48:37,42.4890365600586,-8.99700546264648,"Female"
"9004159",371979,2025-05-17 19:53:37,42.4890060424805,-8.99693393707275,"Female"
"9004159",371979,2025-05-17 19:58:38,42.4889221191406,-8.99676132202148,"Female"
"9004159",371979,2025-05-17 20:03:37,42.4889335632324,-8.99686908721924,"Female"
"9004159",371979,2025-05-17 20:08:39,42.4890518188477,-8.99710178375244,"Female"
"9004159",371979,2025-05-17 20:13:39,42.4891662597656,-8.99733543395996,"Female"
"9004159",371979,2025-05-17 20:18:40,42.4895248413086,-8.99803447723389,"Female"
"9004159",371979,2025-05-17 20:23:39,42.4892845153809,-8.99749755859375,"Female"
"9004159",371979,2025-05-17 20:28:38,42.4890556335449,-8.99703884124756,"Female"
"9004159",371979,2025-05-17 20:33:38,42.4891929626465,-8.99734115600586,"Female"
"9004159",371979,2025-05-17 20:38:38,42.4890518188477,-8.99709129333496,"Female"
"9004159",371979,2025-05-17 20:43:37,42.4891510009766,-8.99726104736328,"Female"
"9004159",371979,2025-05-17 20:48:37,42.4891204833984,-8.99731254577637,"Female"
"9004159",371979,2025-05-17 20:53:37,42.4892120361328,-8.99743175506592,"Female"
"9004159",371979,2025-05-17 20:58:37,42.4889945983887,-8.99704933166504,"Female"
"9004159",371979,2025-05-17 21:03:37,42.4890975952148,-8.99721336364746,"Female"
"9004159",371979,2025-05-17 21:08:38,42.4893417358398,-8.99766826629639,"Female"
"9004159",371979,2025-05-17 21:13:54,42.489143371582,-8.99738788604736,"Female"
"9004159",371979,2025-05-17 21:18:37,42.489185333252,-8.99744510650635,"Female"
"9004159",371979,2025-05-17 21:24:05,42.4890289306641,-8.997145652771,"Female"
"9004159",371979,2025-05-17 21:28:37,42.4890213012695,-8.99711227416992,"Female"
"9004159",371979,2025-05-17 21:33:37,42.4890174865723,-8.99711990356445,"Female"
"9004159",371979,2025-05-17 21:38:37,42.4890213012695,-8.99712944030762,"Female"
"9004159",371979,2025-05-17 21:43:37,42.4890747070312,-8.99709892272949,"Female"
"9004159",371979,2025-05-17 21:48:40,42.4890823364258,-8.99709129333496,"Female"
"9004159",371979,2025-05-17 21:53:37,42.4883995056152,-8.99747848510742,"Female"
"9004159",371979,2025-05-17 21:58:38,42.4890060424805,-8.9972038269043,"Female"
"9004159",371979,2025-05-17 22:03:37,42.4890174865723,-8.99719429016113,"Female"
"9004159",371979,2025-05-17 22:08:37,42.4890899658203,-8.99726009368896,"Female"
"9004159",371979,2025-05-17 22:13:40,42.4890670776367,-8.99723434448242,"Female"
"9004159",371979,2025-05-17 22:18:46,42.4889755249023,-8.9971809387207,"Female"
"9004159",371979,2025-05-17 22:24:05,42.4889678955078,-8.99714279174805,"Female"
"9004159",371979,2025-05-17 22:28:37,42.4890327453613,-8.99712181091309,"Female"
"9004159",371979,2025-05-17 22:33:36,42.489013671875,-8.99707889556885,"Female"
"9004159",371979,2025-05-17 22:38:36,42.4889640808105,-8.99709320068359,"Female"
"9004159",371979,2025-05-17 22:43:37,42.4890174865723,-8.99712753295898,"Female"
"9004159",371979,2025-05-17 22:48:37,42.4889869689941,-8.99712562561035,"Female"
"9004159",371979,2025-05-17 22:53:36,42.488956451416,-8.99710178375244,"Female"
"9004159",371979,2025-05-17 22:58:39,42.488956451416,-8.99705410003662,"Female"
"9004159",371979,2025-05-17 23:03:39,42.4889526367188,-8.99713039398193,"Female"
"9004159",371979,2025-05-17 23:08:40,42.4891777038574,-8.99755382537842,"Female"
"9004159",371979,2025-05-17 23:13:42,42.4890975952148,-8.99716567993164,"Female"
"9004159",371979,2025-05-17 23:18:38,42.4889030456543,-8.99719715118408,"Female"
"9004159",371979,2025-05-17 23:23:40,42.4890785217285,-8.99725914001465,"Female"
"9004159",371979,2025-05-17 23:28:45,42.489086151123,-8.99720859527588,"Female"
"9004159",371979,2025-05-17 23:33:36,42.4890518188477,-8.99715709686279,"Female"
"9004159",371979,2025-05-17 23:38:36,42.4890556335449,-8.997145652771,"Female"
"9004159",371979,2025-05-17 23:43:37,42.4890785217285,-8.99717998504639,"Female"
"9004159",371979,2025-05-17 23:48:38,42.4890823364258,-8.99721431732178,"Female"
"9004159",371979,2025-05-17 23:53:37,42.4891052246094,-8.997239112854,"Female"
"9004159",371979,2025-05-17 23:58:39,42.4890632629395,-8.99715709686279,"Female"
"9004159",371979,2025-05-18 00:03:42,42.489013671875,-8.9970703125,"Female"
"9004159",371979,2025-05-18 00:08:39,42.4891662597656,-8.99733829498291,"Female"
"9004159",371979,2025-05-18 00:13:38,42.4890632629395,-8.99717235565186,"Female"
"9004159",371979,2025-05-18 00:18:37,42.4890518188477,-8.99720478057861,"Female"
"9004159",371979,2025-05-18 00:23:37,42.489128112793,-8.99728393554688,"Female"
"9004159",371979,2025-05-18 00:28:38,42.4889984130859,-8.99711799621582,"Female"
"9004159",371979,2025-05-18 00:33:37,42.4890899658203,-8.99721431732178,"Female"
"9004159",371979,2025-05-18 00:38:37,42.4890213012695,-8.99718379974365,"Female"
"9004159",371979,2025-05-18 00:43:41,42.4890213012695,-8.9972505569458,"Female"
"9004159",371979,2025-05-18 00:48:38,42.4889717102051,-8.99720859527588,"Female"
"9004159",371979,2025-05-18 00:53:41,42.4889068603516,-8.9968957901001,"Female"
"9004159",371979,2025-05-18 00:58:37,42.4890060424805,-8.99716949462891,"Female"
"9004159",371979,2025-05-18 01:03:38,42.4889678955078,-8.99682998657227,"Female"
"9004159",371979,2025-05-18 01:08:40,42.4889488220215,-8.99735546112061,"Female"
"9004159",371979,2025-05-18 01:13:41,42.4889945983887,-8.997145652771,"Female"
"9004159",371979,2025-05-18 01:18:41,42.4889526367188,-8.99745082855225,"Female"
"9004159",371979,2025-05-18 01:23:41,42.4889793395996,-8.99741077423096,"Female"
"9004159",371979,2025-05-18 01:28:40,42.4890403747559,-8.99730110168457,"Female"
"9004159",371979,2025-05-18 01:33:41,42.4890327453613,-8.9973087310791,"Female"
"9004159",371979,2025-05-18 01:38:50,42.489128112793,-8.99672889709473,"Female"
"9004159",371979,2025-05-18 01:44:05,42.4889755249023,-8.9970703125,"Female"
"9004159",371979,2025-05-18 01:48:45,42.4889793395996,-8.9970760345459,"Female"
"9004159",371979,2025-05-18 01:53:40,42.4890403747559,-8.99711418151855,"Female"
"9004159",371979,2025-05-18 01:58:41,42.4890289306641,-8.99720859527588,"Female"
"9004159",371979,2025-05-18 02:03:41,42.4890441894531,-8.99721050262451,"Female"
"9004159",371979,2025-05-18 02:08:43,42.4890518188477,-8.99725246429443,"Female"
"9004159",371979,2025-05-18 02:13:41,42.4890327453613,-8.99727725982666,"Female"
"9004159",371979,2025-05-18 02:18:41,42.489013671875,-8.99715042114258,"Female"
"9004159",371979,2025-05-18 02:23:38,42.4889488220215,-8.99715137481689,"Female"
"9004159",371979,2025-05-18 02:28:40,42.4892387390137,-8.9970235824585,"Female"
"9004159",371979,2025-05-18 02:33:38,42.4890022277832,-8.99712181091309,"Female"
"9004159",371979,2025-05-18 02:38:41,42.4890594482422,-8.99715900421143,"Female"
"9004159",371979,2025-05-18 02:43:43,42.4891700744629,-8.99722480773926,"Female"
"9004159",371979,2025-05-18 02:49:29,42.4891357421875,-8.99725246429443,"Female"
"9004159",371979,2025-05-18 02:53:40,42.4890327453613,-8.9972448348999,"Female"
"9004159",371979,2025-05-18 02:58:37,42.4891548156738,-8.99723052978516,"Female"
"9004159",371979,2025-05-18 03:03:38,42.4891395568848,-8.99698829650879,"Female"
"9004159",371979,2025-05-18 03:08:39,42.4892272949219,-8.99715614318848,"Female"
"9004159",371979,2025-05-18 03:13:39,42.4890937805176,-8.99698543548584,"Female"
"9004159",371979,2025-05-18 03:18:38,42.4890975952148,-8.99691009521484,"Female"
"9004159",371979,2025-05-18 03:23:38,42.4891395568848,-8.99691295623779,"Female"
"9004159",371979,2025-05-18 03:28:38,42.489143371582,-8.99669933319092,"Female"
"9004159",371979,2025-05-18 03:33:37,42.4891395568848,-8.99678421020508,"Female"
"9004159",371979,2025-05-18 03:39:01,42.489013671875,-8.99711608886719,"Female"
"9004159",371979,2025-05-18 03:43:38,42.4890213012695,-8.99716281890869,"Female"
"9004159",371979,2025-05-18 03:48:37,42.4890174865723,-8.99709796905518,"Female"
"9004159",371979,2025-05-18 03:53:39,42.4889488220215,-8.99718952178955,"Female"
"9004159",371979,2025-05-18 03:58:41,42.4890289306641,-8.99734878540039,"Female"
"9004159",371979,2025-05-18 04:03:48,42.4890975952148,-8.99726963043213,"Female"
"9004159",371979,2025-05-18 04:08:39,42.4890174865723,-8.99725437164307,"Female"
"9004159",371979,2025-05-18 04:13:42,42.4890594482422,-8.99722957611084,"Female"
"9004159",371979,2025-05-18 04:18:45,42.4890365600586,-8.99722862243652,"Female"
"9004159",371979,2025-05-18 04:23:45,42.489086151123,-8.99723339080811,"Female"
"9004159",371979,2025-05-18 04:28:40,42.4890289306641,-8.99738025665283,"Female"
"9004159",371979,2025-05-18 04:33:41,42.4890975952148,-8.99723243713379,"Female"
"9004159",371979,2025-05-18 04:38:39,42.4890632629395,-8.99735927581787,"Female"
"9004159",371979,2025-05-18 04:43:42,42.4891052246094,-8.99734115600586,"Female"
"9004159",371979,2025-05-18 04:48:41,42.4891242980957,-8.99721050262451,"Female"
"9004159",371979,2025-05-18 04:53:42,42.4891395568848,-8.99738311767578,"Female"
"9004159",371979,2025-05-18 04:59:03,42.4890480041504,-8.99705600738525,"Female"
"9004159",371979,2025-05-18 05:03:37,42.4890480041504,-8.99704360961914,"Female"
"9004159",371979,2025-05-18 05:08:36,42.4890327453613,-8.9970817565918,"Female"
"9004159",371979,2025-05-18 05:13:37,42.4891014099121,-8.99704170227051,"Female"
"9004159",371979,2025-05-18 05:18:38,42.4891319274902,-8.99687767028809,"Female"
"9004159",371979,2025-05-18 05:23:37,42.4891128540039,-8.99704933166504,"Female"
"9004159",371979,2025-05-18 05:28:37,42.4891128540039,-8.99703884124756,"Female"
"9004159",371979,2025-05-18 05:33:36,42.4890556335449,-8.99710369110107,"Female"
"9004159",371979,2025-05-18 05:38:37,42.4890098571777,-8.99709606170654,"Female"
"9004159",371979,2025-05-18 05:43:37,42.4890251159668,-8.99711608886719,"Female"
"9004159",371979,2025-05-18 05:48:37,42.4889945983887,-8.99703121185303,"Female"
"9004159",371979,2025-05-18 05:53:38,42.4891090393066,-8.99714374542236,"Female"
"9004159",371979,2025-05-18 05:58:37,42.4889793395996,-8.99701023101807,"Female"
"9004159",371979,2025-05-18 06:03:38,42.4886207580566,-8.99664783477783,"Female"
"9004159",371979,2025-05-18 06:08:38,42.4891471862793,-8.99726486206055,"Female"
"9004159",371979,2025-05-18 06:13:37,42.4891738891602,-8.99726963043213,"Female"
"9004159",371979,2025-05-18 06:18:40,42.4892082214355,-8.99726104736328,"Female"
"9004159",371979,2025-05-18 06:23:43,42.489372253418,-8.99736595153809,"Female"
"9004159",371979,2025-05-18 06:28:39,42.4892082214355,-8.99727725982666,"Female"
"9004159",371979,2025-05-18 06:34:05,42.4890785217285,-8.99708461761475,"Female"
"9004159",371979,2025-05-18 06:38:37,42.4891929626465,-8.99722766876221,"Female"
"9004159",371979,2025-05-18 06:43:39,42.4886054992676,-8.99647617340088,"Female"
"9004159",371979,2025-05-18 06:48:38,42.4893760681152,-8.99699783325195,"Female"
"9004159",371979,2025-05-18 06:53:39,42.4895286560059,-8.9977855682373,"Female"
"9004159",371979,2025-05-18 06:58:38,42.4913864135742,-9.00196361541748,"Female"
"9004159",371979,2025-05-18 07:03:38,42.4914016723633,-9.00191020965576,"Female"
"9004159",371979,2025-05-18 07:08:38,42.4912986755371,-9.00179576873779,"Female"
"9004159",371979,2025-05-18 07:13:37,42.4913749694824,-9.00184440612793,"Female"
"9004159",371979,2025-05-18 07:18:38,42.4914932250977,-9.0018138885498,"Female"
"9004159",371979,2025-05-18 07:23:37,42.4912719726562,-9.00172996520996,"Female"
"9004159",371979,2025-05-18 07:28:41,42.4913101196289,-9.00192165374756,"Female"
"9004159",371979,2025-05-18 07:33:38,42.4913330078125,-9.00184345245361,"Female"
"9004159",371979,2025-05-18 07:38:37,42.4913368225098,-9.0017557144165,"Female"
"9004159",371979,2025-05-18 07:43:38,42.4913520812988,-9.00173759460449,"Female"
"9004159",371979,2025-05-18 07:48:38,42.4911766052246,-9.00173759460449,"Female"
"9004159",371979,2025-05-18 07:53:37,42.4912643432617,-9.0017728805542,"Female"
"9004159",371979,2025-05-18 07:58:42,42.4912605285645,-9.00175952911377,"Female"
"9004159",371979,2025-05-18 08:03:49,42.4912147521973,-9.00176906585693,"Female"
"9004159",371979,2025-05-18 08:09:05,42.4912452697754,-9.00172805786133,"Female"
"9004159",371979,2025-05-18 08:13:37,42.4985885620117,-9.01470184326172,"Female"
"9004159",371979,2025-05-18 08:18:37,42.4984512329102,-9.01486015319824,"Female"
"9004159",371979,2025-05-18 08:23:37,42.4985389709473,-9.0147533416748,"Female"
"9004159",371979,2025-05-18 08:28:39,42.5015029907227,-9.01956081390381,"Female"
"9004159",371979,2025-05-18 08:34:19,42.5005493164062,-9.01928806304932,"Female"
"9004159",371979,2025-05-18 08:39:38,42.5007972717285,-9.01923084259033,"Female"
"9004159",371979,2025-05-18 08:44:42,42.5010185241699,-9.01786804199219,"Female"
"9004159",371979,2025-05-18 08:50:02,42.5018272399902,-9.01694202423096,"Female"
"9004159",371979,2025-05-18 08:55:00,42.5017395019531,-9.01685905456543,"Female"
"9004159",371979,2025-05-18 09:00:14,42.4987564086914,-9.01452255249023,"Female"
"9004159",371979,2025-05-18 09:05:04,42.4987144470215,-9.01466464996338,"Female"
"9004159",371979,2025-05-18 09:10:15,42.4990348815918,-9.01417255401611,"Female"
"9004159",371979,2025-05-18 09:15:11,42.4986038208008,-9.01479053497314,"Female"
"9004159",371979,2025-05-18 09:19:59,42.4991836547852,-9.01485824584961,"Female"
"9004159",371979,2025-05-18 09:24:59,42.4986724853516,-9.01502799987793,"Female"
"9004159",371979,2025-05-18 09:30:02,42.4986228942871,-9.01474666595459,"Female"
"9004159",371979,2025-05-18 09:35:07,42.4985809326172,-9.01475620269775,"Female"
"9004159",371979,2025-05-18 09:40:00,42.4985847473145,-9.01471996307373,"Female"
"9004159",371979,2025-05-18 09:45:10,42.4986724853516,-9.01460742950439,"Female"
"9004159",371979,2025-05-18 09:49:59,42.4985542297363,-9.01455402374268,"Female"
"9004159",371979,2025-05-18 09:55:00,42.4985847473145,-9.01484489440918,"Female"
"9004159",371979,2025-05-18 10:00:04,42.4985656738281,-9.01472091674805,"Female"
"9004159",371979,2025-05-18 10:05:01,42.4984970092773,-9.01433372497559,"Female"
"9004159",371979,2025-05-18 10:10:00,42.4986038208008,-9.0145788192749,"Female"
"9004159",371979,2025-05-18 10:15:04,42.5023231506348,-9.01578330993652,"Female"
"9004159",371979,2025-05-18 10:20:14,42.5041961669922,-9.0150785446167,"Female"
"9004159",371979,2025-05-18 10:26:22,42.5034599304199,-9.01665115356445,"Female"
"9004159",371979,2025-05-18 10:31:48,42.5022659301758,-9.01779842376709,"Female"
"9004159",371979,2025-05-18 10:36:26,42.5011138916016,-9.01717472076416,"Female"
"9004159",371979,2025-05-18 10:42:44,42.5005683898926,-9.01901531219482,"Female"
"9004159",371979,2025-05-18 10:48:16,42.5007133483887,-9.02440452575684,"Female"
"9004159",371979,2025-05-18 10:54:05,42.5004005432129,-9.02198886871338,"Female"
"9004159",371979,2025-05-18 10:58:40,42.4997749328613,-9.02005195617676,"Female"
"9004159",371979,2025-05-18 11:04:13,42.5004768371582,-9.01883316040039,"Female"
"9004159",371979,2025-05-18 11:10:08,42.5009422302246,-9.01861667633057,"Female"
"9004159",371979,2025-05-18 11:15:12,42.5011749267578,-9.01745223999023,"Female"
"9004159",371979,2025-05-18 11:21:25,42.5019264221191,-9.01484394073486,"Female"
"9004159",371979,2025-05-18 11:26:41,42.5008201599121,-9.01512718200684,"Female"
"9004159",371979,2025-05-18 11:31:52,42.4986343383789,-9.01473236083984,"Female"
"9004159",371979,2025-05-18 11:36:23,42.4980125427246,-9.01430511474609,"Female"
"9004159",371979,2025-05-18 11:41:23,42.4984512329102,-9.01455783843994,"Female"
"9004159",371979,2025-05-18 11:46:23,42.4983520507812,-9.01447772979736,"Female"
"9004159",371979,2025-05-18 11:51:21,42.4987602233887,-9.01497173309326,"Female"
"9004159",371979,2025-05-18 11:56:21,42.4986038208008,-9.01469802856445,"Female"
"9004159",371979,2025-05-18 12:01:21,42.4986267089844,-9.01473999023438,"Female"
"9004159",371979,2025-05-18 12:06:23,42.4986572265625,-9.01491737365723,"Female"
"9004159",371979,2025-05-18 12:11:23,42.4986038208008,-9.01478004455566,"Female"
"9004159",371979,2025-05-18 12:16:23,42.4986038208008,-9.01463413238525,"Female"
"9004159",371979,2025-05-18 12:21:32,42.4986190795898,-9.01474666595459,"Female"
"9004159",371979,2025-05-18 12:26:36,42.4986572265625,-9.01453876495361,"Female"
"9004159",371979,2025-05-18 12:31:25,42.4986419677734,-9.01462650299072,"Female"
"9004159",371979,2025-05-18 12:36:44,42.4986305236816,-9.01469898223877,"Female"
"9004159",371979,2025-05-18 12:41:20,42.4986038208008,-9.01466846466064,"Female"
"9004159",371979,2025-05-18 12:46:25,42.4985656738281,-9.01460742950439,"Female"
"9004159",371979,2025-05-18 12:51:24,42.4984817504883,-9.01485061645508,"Female"
"9004159",371979,2025-05-18 12:57:49,42.4962005615234,-9.02136516571045,"Female"
"9004159",371979,2025-05-18 13:03:56,42.4965515136719,-9.02374267578125,"Female"
"9004159",371979,2025-05-18 13:08:59,42.4960289001465,-9.02482795715332,"Female"
"9004159",371979,2025-05-18 13:13:56,42.4995498657227,-9.01989364624023,"Female"
"9004159",371979,2025-05-18 13:19:51,42.5015449523926,-9.02054691314697,"Female"
"9004159",371979,2025-05-18 13:25:24,42.5018463134766,-9.02092933654785,"Female"
"9004159",371979,2025-05-18 13:37:36,42.5064582824707,-9.0223274230957,"Female"
"9004159",371979,2025-05-18 13:42:37,42.5074043273926,-9.02178382873535,"Female"
"9004159",371979,2025-05-18 13:47:54,42.5060844421387,-9.02075576782227,"Female"
"9004159",371979,2025-05-18 13:53:11,42.4987258911133,-9.01467800140381,"Female"
"9004159",371979,2025-05-18 13:57:47,42.4987373352051,-9.01470279693604,"Female"
"9004159",371979,2025-05-18 14:02:47,42.4987030029297,-9.01460456848145,"Female"
"9004159",371979,2025-05-18 14:07:48,42.4987525939941,-9.01468849182129,"Female"
"9004159",371979,2025-05-18 14:12:49,42.4987144470215,-9.01464748382568,"Female"
"9004159",371979,2025-05-18 14:17:49,42.4986877441406,-9.01460647583008,"Female"
"9004159",371979,2025-05-18 14:22:48,42.4986991882324,-9.01471710205078,"Female"
"9004159",371979,2025-05-18 14:27:48,42.4987335205078,-9.01471519470215,"Female"
"9004159",371979,2025-05-18 14:32:48,42.498722076416,-9.01467895507812,"Female"
"9004159",371979,2025-05-18 14:37:49,42.4987869262695,-9.01486587524414,"Female"
"9004159",371979,2025-05-18 14:42:50,42.4988899230957,-9.01489639282227,"Female"
"9004159",371979,2025-05-18 14:47:48,42.4989738464355,-9.01517200469971,"Female"
"9004159",371979,2025-05-18 14:52:50,42.5023803710938,-9.0174036026001,"Female"
"9004159",371979,2025-05-18 14:57:50,42.5040969848633,-9.01686382293701,"Female"
"9004159",371979,2025-05-18 15:05:07,42.5049591064453,-9.01437187194824,"Female"
"9004159",371979,2025-05-18 15:09:57,42.506477355957,-9.01320457458496,"Female"
"9004159",371979,2025-05-18 15:15:17,42.5084915161133,-9.01167869567871,"Female"
"9004159",371979,2025-05-18 15:20:52,42.5088272094727,-9.01249313354492,"Female"
"9004159",371979,2025-05-18 15:35:29,42.5072593688965,-9.0159387588501,"Female"
"9004159",371979,2025-05-18 15:40:11,42.5003890991211,-9.01888751983643,"Female"
"9004159",371979,2025-05-18 15:45:58,42.5020713806152,-9.01945209503174,"Female"
"9004159",371979,2025-05-18 15:51:24,42.5036392211914,-9.01843166351318,"Female"
"9004159",371979,2025-05-18 15:58:08,42.5040473937988,-9.0153341293335,"Female"
"9004159",371979,2025-05-18 16:04:01,42.5018005371094,-9.01606559753418,"Female"
"9004159",371979,2025-05-18 16:09:35,42.5014915466309,-9.01748657226562,"Female"
"9004159",371979,2025-05-18 16:14:06,42.501148223877,-9.01753425598145,"Female"
"9004159",371979,2025-05-18 16:19:39,42.5013313293457,-9.01743507385254,"Female"
"9004159",371979,2025-05-18 16:25:32,42.5009613037109,-9.01810264587402,"Female"
"9004159",371979,2025-05-18 16:31:12,42.5000915527344,-9.0188627243042,"Female"
"9004159",371979,2025-05-18 16:36:32,42.5010032653809,-9.01851463317871,"Female"
"9004159",371979,2025-05-18 16:41:49,42.5015106201172,-9.01803398132324,"Female"
"9004159",371979,2025-05-18 16:46:49,42.5014839172363,-9.01695346832275,"Female"
"9004159",371979,2025-05-18 16:51:48,42.5013771057129,-9.01669502258301,"Female"
"9004159",371979,2025-05-18 16:57:54,42.501392364502,-9.016357421875,"Female"
"9004159",371979,2025-05-18 17:02:53,42.5015525817871,-9.01596736907959,"Female"
"9004159",371979,2025-05-18 17:08:23,42.5018272399902,-9.01543235778809,"Female"
"9004159",371979,2025-05-18 17:13:32,42.5013122558594,-9.01600074768066,"Female"
"9004159",371979,2025-05-18 17:18:47,42.5011367797852,-9.01582527160645,"Female"
"9004159",371979,2025-05-18 17:23:48,42.5012397766113,-9.01582717895508,"Female"
"9004159",371979,2025-05-18 17:29:09,42.5014495849609,-9.01584053039551,"Female"
"9004159",371979,2025-05-18 17:34:09,42.501091003418,-9.01593208312988,"Female"
"9004159",371979,2025-05-18 17:39:08,42.5012359619141,-9.01576709747314,"Female"
"9004159",371979,2025-05-18 17:44:43,42.500659942627,-9.01586532592773,"Female"
"9004159",371979,2025-05-18 17:49:43,42.5010986328125,-9.01601028442383,"Female"
"9004159",371979,2025-05-18 17:54:54,42.5011138916016,-9.01632785797119,"Female"
"9004159",371979,2025-05-18 18:00:27,42.5013732910156,-9.01663970947266,"Female"
"9004159",371979,2025-05-18 18:05:01,42.5010871887207,-9.01619338989258,"Female"
"9004159",371979,2025-05-18 18:10:00,42.5016593933105,-9.01545810699463,"Female"
"9004159",371979,2025-05-18 18:15:25,42.5014610290527,-9.01568794250488,"Female"
"9004159",371979,2025-05-18 18:20:25,42.5012092590332,-9.01571369171143,"Female"
"9004159",371979,2025-05-18 18:25:25,42.5010986328125,-9.01601696014404,"Female"
"9004159",371979,2025-05-18 18:30:25,42.4993362426758,-9.01501274108887,"Female"
"9004159",371979,2025-05-18 18:35:27,42.4985084533691,-9.014573097229,"Female"
"9004159",371979,2025-05-18 18:40:27,42.4985542297363,-9.01466655731201,"Female"
"9004159",371979,2025-05-18 18:45:28,42.4983291625977,-9.01433849334717,"Female"
"9004159",371979,2025-05-18 18:50:30,42.4982566833496,-9.01419734954834,"Female"
"9004159",371979,2025-05-18 18:55:38,42.4985466003418,-9.01466464996338,"Female"
"9004159",371979,2025-05-18 19:00:44,42.4985542297363,-9.01458930969238,"Female"
"9004159",371979,2025-05-18 19:05:25,42.4982414245605,-9.01419162750244,"Female"
"9004159",371979,2025-05-18 19:10:26,42.4984474182129,-9.01448631286621,"Female"
"9004159",371979,2025-05-18 19:15:29,42.4985046386719,-9.014573097229,"Female"
"9004159",371979,2025-05-18 19:20:28,42.4941673278809,-9.00467109680176,"Female"
"9004159",371979,2025-05-18 19:25:26,42.4890632629395,-8.99719047546387,"Female"
"9004159",371979,2025-05-18 19:30:25,42.4891052246094,-8.99713039398193,"Female"
"9004159",371979,2025-05-18 19:35:27,42.489070892334,-8.99725151062012,"Female"
"9004159",371979,2025-05-18 19:40:25,42.4891242980957,-8.99730777740479,"Female"
"9004159",371979,2025-05-18 19:45:27,42.4890556335449,-8.99721431732178,"Female"
"9004159",371979,2025-05-18 19:50:35,42.4889640808105,-8.99686813354492,"Female"
"9004159",371979,2025-05-18 19:55:26,42.4887390136719,-8.99644470214844,"Female"
"9004159",371979,2025-05-18 20:00:26,42.4887809753418,-8.99655246734619,"Female"
"9004159",371979,2025-05-18 20:05:25,42.4888877868652,-8.99669933319092,"Female"
"9004159",371979,2025-05-18 20:10:44,42.4889602661133,-8.99695205688477,"Female"
"9004159",371979,2025-05-18 20:15:27,42.4890403747559,-8.99705505371094,"Female"
"9004159",371979,2025-05-18 20:20:26,42.4889984130859,-8.99687957763672,"Female"
"9004159",371979,2025-05-18 20:25:25,42.4892692565918,-8.99762153625488,"Female"
"9004159",371979,2025-05-18 20:30:29,42.4889945983887,-8.99698734283447,"Female"
"9004159",371979,2025-05-18 20:35:27,42.4891128540039,-8.9973201751709,"Female"
"9004159",371979,2025-05-18 20:40:25,42.4890747070312,-8.99723720550537,"Female"
"9004159",371979,2025-05-18 20:45:37,42.489185333252,-8.99738311767578,"Female"
"9004159",371979,2025-05-18 20:50:37,42.4892349243164,-8.99736022949219,"Female"
"9004159",371979,2025-05-18 20:55:39,42.4891014099121,-8.99722385406494,"Female"
"9004159",371979,2025-05-18 21:00:44,42.4889945983887,-8.99706649780273,"Female"
"9004159",371979,2025-05-18 21:05:29,42.488712310791,-8.99652862548828,"Female"
"9004159",371979,2025-05-18 21:10:30,42.4891586303711,-8.99716567993164,"Female"
"9004159",371979,2025-05-18 21:15:32,42.4889373779297,-8.99687576293945,"Female"
"9004159",371979,2025-05-18 21:20:26,42.4890441894531,-8.99716186523438,"Female"
"9004159",371979,2025-05-18 21:25:30,42.4894943237305,-8.99771785736084,"Female"
"9004159",371979,2025-05-18 21:30:43,42.4890174865723,-8.99711036682129,"Female"
"9004159",371979,2025-05-18 21:35:28,42.488208770752,-8.99692344665527,"Female"
"9004159",371979,2025-05-18 21:40:32,42.4888687133789,-8.99668979644775,"Female"
"9004159",371979,2025-05-18 21:45:41,42.4889068603516,-8.99710464477539,"Female"
"9004159",371979,2025-05-18 21:50:26,42.4888877868652,-8.99710178375244,"Female"
"9004159",371979,2025-05-18 21:55:27,42.4887771606445,-8.99752712249756,"Female"
"9004159",371979,2025-05-18 22:00:24,42.4889373779297,-8.99712467193604,"Female"
"9004159",371979,2025-05-18 22:05:28,42.4888534545898,-8.99707221984863,"Female"
"9004159",371979,2025-05-18 22:10:28,42.4888877868652,-8.9971170425415,"Female"
"9004159",371979,2025-05-18 22:15:33,42.4888000488281,-8.99734497070312,"Female"
"9004159",371979,2025-05-18 22:20:37,42.4888763427734,-8.99738788604736,"Female"
"9004159",371979,2025-05-18 22:25:37,42.4888229370117,-8.99745559692383,"Female"
"9004159",371979,2025-05-18 22:30:59,42.4890213012695,-8.99710845947266,"Female"
"9004159",371979,2025-05-18 22:35:23,42.4890213012695,-8.99715137481689,"Female"
"9004159",371979,2025-05-18 22:40:23,42.4890327453613,-8.99708938598633,"Female"
"9004159",371979,2025-05-18 22:45:23,42.4890289306641,-8.99705696105957,"Female"
"9004159",371979,2025-05-18 22:50:23,42.4890441894531,-8.99708366394043,"Female"
"9004159",371979,2025-05-18 22:55:23,42.4890480041504,-8.99709224700928,"Female"
"9004159",371979,2025-05-18 23:00:33,42.4889793395996,-8.99721050262451,"Female"
"9004159",371979,2025-05-18 23:05:33,42.4891242980957,-8.99703693389893,"Female"
"9004159",371979,2025-05-18 23:10:27,42.4890975952148,-8.99705791473389,"Female"
"9004159",371979,2025-05-18 23:15:28,42.4889984130859,-8.99709415435791,"Female"
"9004159",371979,2025-05-18 23:20:27,42.4890365600586,-8.99715995788574,"Female"
"9004159",371979,2025-05-18 23:25:29,42.4890174865723,-8.99715614318848,"Female"
"9004159",371979,2025-05-18 23:30:26,42.4890327453613,-8.99711608886719,"Female"
"9004159",371979,2025-05-18 23:35:24,42.4890480041504,-8.997145652771,"Female"
"9004159",371979,2025-05-18 23:40:25,42.4890098571777,-8.99711036682129,"Female"
"9004159",371979,2025-05-18 23:45:26,42.4891052246094,-8.99720096588135,"Female"
"9004159",371979,2025-05-18 23:50:25,42.4892349243164,-8.99733829498291,"Female"
"9004159",371979,2025-05-18 23:55:26,42.4890747070312,-8.99717807769775,"Female"
"9004159",371979,2025-05-19 00:00:28,42.4889488220215,-8.99694442749023,"Female"
"9004159",371979,2025-05-19 00:05:24,42.4891700744629,-8.99725914001465,"Female"
"9004159",371979,2025-05-19 00:10:25,42.4892654418945,-8.99724578857422,"Female"
"9004159",371979,2025-05-19 00:15:24,42.4891395568848,-8.99728202819824,"Female"
"9004159",371979,2025-05-19 00:20:30,42.4890060424805,-8.99704551696777,"Female"
"9004159",371979,2025-05-19 00:25:25,42.489818572998,-8.99823951721191,"Female"
"9004159",371979,2025-05-19 00:30:25,42.4894866943359,-8.99779224395752,"Female"
"9004159",371979,2025-05-19 00:35:26,42.4889831542969,-8.99695301055908,"Female"
"9004159",371979,2025-05-19 00:40:27,42.4891395568848,-8.99737453460693,"Female"
"9004159",371979,2025-05-19 00:45:27,42.4891738891602,-8.9974193572998,"Female"
"9004159",371979,2025-05-19 00:50:26,42.4890823364258,-8.99712085723877,"Female"
"9004159",371979,2025-05-19 00:55:24,42.4891662597656,-8.9974365234375,"Female"
"9004159",371979,2025-05-19 01:00:25,42.4891166687012,-8.99711132049561,"Female"
"9004159",371979,2025-05-19 01:05:28,42.4890480041504,-8.99712562561035,"Female"
"9004159",371979,2025-05-19 01:10:59,42.489013671875,-8.99705219268799,"Female"
"9004159",371979,2025-05-19 01:15:29,42.4890289306641,-8.99715709686279,"Female"
"9004159",371979,2025-05-19 01:20:27,42.4889869689941,-8.99714660644531,"Female"
"9004159",371979,2025-05-19 01:25:24,42.4889945983887,-8.99716091156006,"Female"
"9004159",371979,2025-05-19 01:30:23,42.4889984130859,-8.99699783325195,"Female"
"9004159",371979,2025-05-19 01:35:23,42.4889488220215,-8.99708271026611,"Female"
"9004159",371979,2025-05-19 01:40:24,42.4890174865723,-8.99711322784424,"Female"
"9004159",371979,2025-05-19 01:45:25,42.4890441894531,-8.99709129333496,"Female"
"9004159",371979,2025-05-19 01:50:24,42.4889640808105,-8.99701881408691,"Female"
"9004159",371979,2025-05-19 01:55:23,42.4890441894531,-8.99698925018311,"Female"
"9004159",371979,2025-05-19 02:00:24,42.4889526367188,-8.99703502655029,"Female"
"9004159",371979,2025-05-19 02:05:24,42.489013671875,-8.99707698822021,"Female"
"9004159",371979,2025-05-19 02:10:24,42.4889793395996,-8.99711036682129,"Female"
"9004159",371979,2025-05-19 02:15:23,42.4889945983887,-8.99712944030762,"Female"
"9004159",371979,2025-05-19 02:20:23,42.488941192627,-8.99707508087158,"Female"
"9004159",371979,2025-05-19 02:25:23,42.4889869689941,-8.99706935882568,"Female"
"9004159",371979,2025-05-19 02:30:23,42.4889030456543,-8.99703788757324,"Female"
"9004159",371979,2025-05-19 02:35:25,42.4889450073242,-8.99705982208252,"Female"
"9004159",371979,2025-05-19 02:40:24,42.489070892334,-8.997239112854,"Female"
"9004159",371979,2025-05-19 02:45:25,42.4888801574707,-8.99729251861572,"Female"
"9004159",371979,2025-05-19 02:50:26,42.4889678955078,-8.99720287322998,"Female"
"9004159",371979,2025-05-19 02:55:33,42.4887771606445,-8.99734497070312,"Female"
"9004159",371979,2025-05-19 03:00:26,42.4887504577637,-8.99730014801025,"Female"
"9004159",371979,2025-05-19 03:05:28,42.4890441894531,-8.99695873260498,"Female"
"9004159",371979,2025-05-19 03:10:30,42.4892196655273,-8.9969539642334,"Female"
"9004159",371979,2025-05-19 03:15:25,42.4892501831055,-8.99703216552734,"Female"
"9004159",371979,2025-05-19 03:20:29,42.4893989562988,-8.99701881408691,"Female"
"9004159",371979,2025-05-19 03:25:40,42.4890823364258,-8.99714088439941,"Female"
"9004159",371979,2025-05-19 03:30:24,42.4890365600586,-8.99710941314697,"Female"
"9004159",371979,2025-05-19 03:35:24,42.4890327453613,-8.99718570709229,"Female"
"9004159",371979,2025-05-19 03:40:25,42.4890670776367,-8.9972038269043,"Female"
"9004159",371979,2025-05-19 03:45:44,42.4890632629395,-8.9971809387207,"Female"
"9004159",371979,2025-05-19 03:50:24,42.489013671875,-8.99716758728027,"Female"
"9004159",371979,2025-05-19 03:55:28,42.4890289306641,-8.99704074859619,"Female"
"9004159",371979,2025-05-19 04:00:24,42.489086151123,-8.99712467193604,"Female"
"9004159",371979,2025-05-19 04:05:28,42.4890785217285,-8.99728012084961,"Female"
"9004159",371979,2025-05-19 04:10:26,42.4890556335449,-8.99719429016113,"Female"
"9004159",371979,2025-05-19 04:15:31,42.4890365600586,-8.99708366394043,"Female"
"9004159",371979,2025-05-19 04:20:26,42.4891319274902,-8.99710559844971,"Female"
"9004159",371979,2025-05-19 04:25:40,42.4890518188477,-8.99695682525635,"Female"
"9004159",371979,2025-05-19 04:30:24,42.4891929626465,-8.9969310760498,"Female"
"9004159",371979,2025-05-19 04:35:28,42.4893264770508,-8.99691772460938,"Female"
"9004159",371979,2025-05-19 04:40:31,42.4891090393066,-8.99705410003662,"Female"
"9004159",371979,2025-05-19 04:46:03,42.4890899658203,-8.99712085723877,"Female"
"9004159",371979,2025-05-19 04:50:37,42.4890747070312,-8.99709033966064,"Female"
"9004159",371979,2025-05-19 04:55:38,42.4890975952148,-8.99710178375244,"Female"
"9004159",371979,2025-05-19 05:00:37,42.489143371582,-8.99712085723877,"Female"
"9004159",371979,2025-05-19 05:05:24,42.489330291748,-8.99728298187256,"Female"
"9004159",371979,2025-05-19 05:10:29,42.489143371582,-8.99706649780273,"Female"
"9004159",371979,2025-05-19 05:15:44,42.489070892334,-8.99703884124756,"Female"
"9004159",371979,2025-05-19 05:20:24,42.4890747070312,-8.99708366394043,"Female"
"9004159",371979,2025-05-19 05:25:23,42.4890022277832,-8.99707794189453,"Female"
"9004159",371979,2025-05-19 05:30:24,42.4890441894531,-8.99703598022461,"Female"
"9004159",371979,2025-05-19 05:35:29,42.4891242980957,-8.99704360961914,"Female"
"9004159",371979,2025-05-19 05:40:24,42.4892120361328,-8.99703216552734,"Female"
"9004159",371979,2025-05-19 05:45:44,42.4892463684082,-8.9972038269043,"Female"
"9004159",371979,2025-05-19 05:50:25,42.4891204833984,-8.99714660644531,"Female"
"9004159",371979,2025-05-19 05:55:24,42.4891662597656,-8.99718856811523,"Female"
"9004159",371979,2025-05-19 06:00:26,42.4890213012695,-8.9970703125,"Female"
"9004159",371979,2025-05-19 06:05:24,42.4892463684082,-8.99726295471191,"Female"
"9004159",371979,2025-05-19 06:10:28,42.4889030456543,-8.99650192260742,"Female"
"9004159",371979,2025-05-19 06:15:34,42.4892311096191,-8.99727725982666,"Female"
"9004159",371979,2025-05-19 06:20:59,42.4891204833984,-8.99734306335449,"Female"
"9004159",371979,2025-05-19 06:25:23,42.4894752502441,-8.99785041809082,"Female"
"9004159",371979,2025-05-19 06:30:23,42.489086151123,-8.99691581726074,"Female"
"9004159",371979,2025-05-19 06:35:23,42.4892883300781,-8.99661636352539,"Female"
"9004159",371979,2025-05-19 06:40:26,42.4890060424805,-8.99704647064209,"Female"
"9004159",371979,2025-05-19 06:45:24,42.4891090393066,-8.99684619903564,"Female"
"9004159",371979,2025-05-19 06:50:28,42.4894218444824,-8.996506690979,"Female"
"9004159",371979,2025-05-19 06:55:36,42.4888725280762,-8.99726390838623,"Female"
"9004159",371979,2025-05-19 07:00:36,42.4888305664062,-8.9975471496582,"Female"
"9004159",371979,2025-05-19 07:05:36,42.4935569763184,-9.00567817687988,"Female"
"9004159",371979,2025-05-19 07:10:44,42.4938430786133,-9.00521469116211,"Female"
"9004159",371979,2025-05-19 07:15:25,42.4938468933105,-9.00525665283203,"Female"
"9004159",371979,2025-05-19 07:20:26,42.4938354492188,-9.00527286529541,"Female"
"9004159",371979,2025-05-19 07:25:26,42.4939117431641,-9.0050106048584,"Female"
"9004159",371979,2025-05-19 07:30:29,42.493896484375,-9.00514221191406,"Female"
"9004159",371979,2025-05-19 07:35:59,42.4938430786133,-9.00518226623535,"Female"
"9004159",371979,2025-05-19 07:40:23,42.4939041137695,-9.00526237487793,"Female"
"9004159",371979,2025-05-19 07:45:24,42.4938926696777,-9.00523090362549,"Female"
"9004159",371979,2025-05-19 07:50:23,42.4939041137695,-9.00524139404297,"Female"
"9004159",371979,2025-05-19 07:55:23,42.4938888549805,-9.00521087646484,"Female"
"9004159",371979,2025-05-19 08:00:23,42.4986343383789,-9.01477432250977,"Female"
"9004159",371979,2025-05-19 08:05:23,42.4986343383789,-9.01472663879395,"Female"
"9004159",371979,2025-05-19 08:10:23,42.4985466003418,-9.01460838317871,"Female"
"9004159",371979,2025-05-19 08:15:27,42.4986457824707,-9.01474571228027,"Female"
"9004159",371979,2025-05-19 08:20:24,42.4985237121582,-9.01462364196777,"Female"
"9004159",371979,2025-05-19 08:25:24,42.498649597168,-9.01475620269775,"Female"
"9004159",371979,2025-05-19 08:30:26,42.4986343383789,-9.01472663879395,"Female"
"9004159",371979,2025-05-19 08:35:24,42.4986152648926,-9.01480770111084,"Female"
"9004159",371979,2025-05-19 08:40:30,42.4986457824707,-9.0147705078125,"Female"
"9004159",371979,2025-05-19 08:45:24,42.4986190795898,-9.01480674743652,"Female"
"9004159",371979,2025-05-19 08:50:24,42.4985885620117,-9.01469039916992,"Female"
"9004159",371979,2025-05-19 08:55:24,42.4986381530762,-9.01484107971191,"Female"
"9004159",371979,2025-05-19 09:00:43,42.4986572265625,-9.01480579376221,"Female"
"9004159",371979,2025-05-19 09:05:24,42.4985771179199,-9.01473140716553,"Female"
"9004159",371979,2025-05-19 09:10:28,42.4985580444336,-9.01459789276123,"Female"
"9004159",371979,2025-05-19 09:15:28,42.4985771179199,-9.01463794708252,"Female"
"9004159",371979,2025-05-19 09:20:37,42.4986152648926,-9.01474952697754,"Female"
"9004159",371979,2025-05-19 09:25:58,42.4986343383789,-9.01479148864746,"Female"
"9004159",371979,2025-05-19 09:30:23,42.4987258911133,-9.01473522186279,"Female"
"9004159",371979,2025-05-19 09:35:36,42.4987144470215,-9.01482963562012,"Female"
"9004159",371979,2025-05-19 09:40:27,42.4987106323242,-9.014892578125,"Female"
"9004159",371979,2025-05-19 09:45:45,42.4986534118652,-9.01480579376221,"Female"
"9004159",371979,2025-05-19 09:50:29,42.4985313415527,-9.01445007324219,"Female"
"9004159",371979,2025-05-19 09:55:44,42.4986343383789,-9.01478862762451,"Female"
"9004159",371979,2025-05-19 10:00:23,42.4986114501953,-9.01491260528564,"Female"
"9004159",371979,2025-05-19 10:05:23,42.4986534118652,-9.01494598388672,"Female"
"9004159",371979,2025-05-19 10:10:23,42.4986534118652,-9.01492691040039,"Female"
"9004159",371979,2025-05-19 10:15:24,42.4987144470215,-9.01508617401123,"Female"
"9004159",371979,2025-05-19 10:20:31,42.4986724853516,-9.01512241363525,"Female"
"9004159",371979,2025-05-19 10:25:31,42.4986267089844,-9.01503086090088,"Female"
"9004159",371979,2025-05-19 10:30:33,42.4986152648926,-9.01513862609863,"Female"
"9004159",371979,2025-05-19 10:35:29,42.4986763000488,-9.01519584655762,"Female"
"9004159",371979,2025-05-19 10:40:24,42.4986724853516,-9.01515102386475,"Female"
"9004159",371979,2025-05-19 10:45:44,42.498722076416,-9.01485633850098,"Female"
"9004159",371979,2025-05-19 10:50:23,42.4984817504883,-9.01448535919189,"Female"
"9004159",371979,2025-05-19 10:55:24,42.4987144470215,-9.01505565643311,"Female"
"9004159",371979,2025-05-19 11:00:53,42.4985542297363,-9.02143287658691,"Female"
"9004159",371979,2025-05-19 11:06:00,42.5009689331055,-9.02486038208008,"Female"
"9004159",371979,2025-05-19 11:11:00,42.5016403198242,-9.0258321762085,"Female"
"9004159",371979,2025-05-19 11:16:01,42.4976806640625,-9.0244665145874,"Female"
"9004159",371979,2025-05-19 11:21:00,42.4983558654785,-9.02278804779053,"Female"
"9004159",371979,2025-05-19 11:26:03,42.4991111755371,-9.01553058624268,"Female"
"9004159",371979,2025-05-19 11:31:14,42.4990882873535,-9.0154447555542,"Female"
"9004159",371979,2025-05-19 11:36:35,42.4991035461426,-9.01510620117188,"Female"
"9004159",371979,2025-05-19 11:41:01,42.4988441467285,-9.01511001586914,"Female"
"9004159",371979,2025-05-19 11:45:59,42.4985122680664,-9.0148458480835,"Female"
"9004159",371979,2025-05-19 11:50:59,42.4985160827637,-9.01468372344971,"Female"
"9004159",371979,2025-05-19 11:55:59,42.4985198974609,-9.01463508605957,"Female"
"9004159",371979,2025-05-19 12:00:59,42.4985313415527,-9.01474952697754,"Female"
"9004159",371979,2025-05-19 12:05:59,42.4985237121582,-9.01496505737305,"Female"
"9004159",371979,2025-05-19 12:10:59,42.4985466003418,-9.01476192474365,"Female"
"9004159",371979,2025-05-19 12:15:59,42.4985237121582,-9.01446342468262,"Female"
"9004159",371979,2025-05-19 12:21:06,42.4985618591309,-9.01493358612061,"Female"
"9004159",371979,2025-05-19 12:26:09,42.4985961914062,-9.0149040222168,"Female"
"9004159",371979,2025-05-19 12:31:06,42.498607635498,-9.01496505737305,"Female"
"9004159",371979,2025-05-19 12:36:06,42.498649597168,-9.01496696472168,"Female"
"9004159",371979,2025-05-19 12:41:16,42.5013694763184,-9.01694869995117,"Female"
"9004159",371979,2025-05-19 12:46:10,42.5032234191895,-9.02169132232666,"Female"
"9004159",371979,2025-05-19 12:50:59,42.5052947998047,-9.02249050140381,"Female"
"9004159",371979,2025-05-19 12:55:59,42.5053443908691,-9.02326393127441,"Female"
"9004159",371979,2025-05-19 13:01:13,42.5039939880371,-9.02332496643066,"Female"
"9004159",371979,2025-05-19 13:06:13,42.5035972595215,-9.02344512939453,"Female"
"9004159",371979,2025-05-19 13:11:20,42.5034942626953,-9.02128505706787,"Female"
"9004159",371979,2025-05-19 13:16:21,42.5036163330078,-9.02099704742432,"Female"
"9004159",371979,2025-05-19 13:21:30,42.4989891052246,-9.01435852050781,"Female"
"9004159",371979,2025-05-19 13:26:20,42.4985389709473,-9.01523303985596,"Female"
"9004159",371979,2025-05-19 13:31:34,42.4985084533691,-9.01501846313477,"Female"
"9004159",371979,2025-05-19 13:36:30,42.498477935791,-9.01516342163086,"Female"
"9004159",371979,2025-05-19 13:41:34,42.4983444213867,-9.01533699035645,"Female"
"9004159",371979,2025-05-19 13:46:34,42.498363494873,-9.01551246643066,"Female"
"9004159",371979,2025-05-19 13:51:34,42.4983444213867,-9.01553916931152,"Female"
"9004159",371979,2025-05-19 13:56:34,42.498348236084,-9.01557540893555,"Female"
"9004159",371979,2025-05-19 14:01:45,42.498649597168,-9.0146484375,"Female"
"9004159",371979,2025-05-19 14:06:20,42.4986839294434,-9.01426696777344,"Female"
"9004159",371979,2025-05-19 14:12:41,42.5003280639648,-9.0330057144165,"Female"
"9004159",371979,2025-05-19 14:17:48,42.4997177124023,-9.03077125549316,"Female"
"9004159",371979,2025-05-19 14:22:55,42.5045509338379,-9.02263641357422,"Female"
"9004159",371979,2025-05-19 14:28:20,42.5053443908691,-9.02299499511719,"Female"
"9004159",371979,2025-05-19 14:33:19,42.5036582946777,-9.02233791351318,"Female"
"9004159",371979,2025-05-19 14:38:47,42.5037994384766,-9.02309513092041,"Female"
"9004159",371979,2025-05-19 14:44:00,42.5047721862793,-9.02332210540771,"Female"
"9004159",371979,2025-05-19 14:49:59,42.5051574707031,-9.02114963531494,"Female"
"9004159",371979,2025-05-19 14:55:23,42.5049819946289,-9.01930713653564,"Female"
"9004159",371979,2025-05-19 15:01:17,42.5036697387695,-9.02112197875977,"Female"
"9004159",371979,2025-05-19 15:06:13,42.4985961914062,-9.01478099822998,"Female"
"9004159",371979,2025-05-19 15:11:17,42.4986381530762,-9.01457595825195,"Female"
"9004159",371979,2025-05-19 15:16:09,42.4983367919922,-9.0150785446167,"Female"
"9004159",371979,2025-05-19 15:21:12,42.4984588623047,-9.01480579376221,"Female"
"9004159",371979,2025-05-19 15:26:11,42.4985618591309,-9.01479434967041,"Female"
"9004159",371979,2025-05-19 15:31:09,42.4985580444336,-9.01460742950439,"Female"
"9004159",371979,2025-05-19 15:36:35,42.4985771179199,-9.01461601257324,"Female"
"9004159",371979,2025-05-19 15:41:08,42.4985542297363,-9.01466083526611,"Female"
"9004159",371979,2025-05-19 15:46:08,42.4985542297363,-9.01484489440918,"Female"
"9004159",371979,2025-05-19 15:51:08,42.4985847473145,-9.01472473144531,"Female"
"9004159",371979,2025-05-19 15:56:22,42.4985771179199,-9.01486492156982,"Female"
"9004159",371979,2025-05-19 16:01:26,42.5014114379883,-9.01612949371338,"Female"
"9004159",371979,2025-05-19 16:06:55,42.5006904602051,-9.01817226409912,"Female"
"9004159",371979,2025-05-19 16:12:51,42.5004920959473,-9.01834964752197,"Female"
"9004159",371979,2025-05-19 16:17:51,42.5005722045898,-9.01869010925293,"Female"
"9004159",371979,2025-05-19 16:23:30,42.4998054504395,-9.01878356933594,"Female"
"9004159",371979,2025-05-19 16:28:29,42.5007972717285,-9.01817607879639,"Female"
"9004159",371979,2025-05-19 16:33:30,42.5010070800781,-9.01819515228271,"Female"
"9004159",371979,2025-05-19 16:38:59,42.5001564025879,-9.01856994628906,"Female"
"9004159",371979,2025-05-19 16:43:57,42.5037651062012,-9.02232933044434,"Female"
"9004159",371979,2025-05-19 16:49:01,42.4986190795898,-9.01475811004639,"Female"
"9004159",371979,2025-05-19 16:54:04,42.4985466003418,-9.01484680175781,"Female"
"9004159",371979,2025-05-19 16:58:57,42.4986343383789,-9.01482009887695,"Female"
"9004159",371979,2025-05-19 17:03:57,42.4989395141602,-9.01562881469727,"Female"
"9004159",371979,2025-05-19 17:08:59,42.4985580444336,-9.01467514038086,"Female"
"9004159",371979,2025-05-19 17:13:57,42.4985885620117,-9.01475715637207,"Female"
"9004159",371979,2025-05-19 17:19:04,42.4986038208008,-9.01484870910645,"Female"
"9004159",371979,2025-05-19 17:24:08,42.4986267089844,-9.01485729217529,"Female"
"9004159",371979,2025-05-19 17:28:58,42.4985198974609,-9.01468467712402,"Female"
"9004159",371979,2025-05-19 17:34:01,42.4986610412598,-9.01491928100586,"Female"
"9004159",371979,2025-05-19 17:38:58,42.4986228942871,-9.014817237854,"Female"
"9004159",371979,2025-05-19 17:44:04,42.498477935791,-9.01466751098633,"Female"
"9004159",371979,2025-05-19 17:49:04,42.4985198974609,-9.01470375061035,"Female"
"9004159",371979,2025-05-19 17:54:08,42.4985694885254,-9.01474857330322,"Female"
"9004159",371979,2025-05-19 17:59:12,42.498592376709,-9.01474571228027,"Female"
"9004159",371979,2025-05-19 18:05:16,42.5014381408691,-9.01661014556885,"Female"
"9004159",371979,2025-05-19 18:11:33,42.5012626647949,-9.01643562316895,"Female"
"9004159",371979,2025-05-19 18:16:39,42.5002517700195,-9.01674175262451,"Female"
"9004159",371979,2025-05-19 18:21:45,42.5010223388672,-9.01831150054932,"Female"
"9004159",371979,2025-05-19 18:27:27,42.5006103515625,-9.01876163482666,"Female"
"9004159",371979,2025-05-19 18:32:28,42.5001983642578,-9.01784706115723,"Female"
"9004159",371979,2025-05-19 18:38:27,42.5015068054199,-9.01601123809814,"Female"
"9004159",371979,2025-05-19 18:43:28,42.5010032653809,-9.01584243774414,"Female"
"9004159",371979,2025-05-19 18:48:45,42.5012626647949,-9.01605892181396,"Female"
"9004159",371979,2025-05-19 18:53:30,42.5011596679688,-9.01576614379883,"Female"
"9004159",371979,2025-05-19 18:58:36,42.5015754699707,-9.01608467102051,"Female"
"9004159",371979,2025-05-19 19:03:35,42.5018005371094,-9.01565170288086,"Female"
"9004159",371979,2025-05-19 19:08:39,42.5011978149414,-9.01577758789062,"Female"
"9004159",371979,2025-05-19 19:13:39,42.5009803771973,-9.01577472686768,"Female"
"9004159",371979,2025-05-19 19:19:39,42.5012435913086,-9.01607799530029,"Female"
"9004159",371979,2025-05-19 19:25:48,42.5010986328125,-9.0156364440918,"Female"
"9004159",371979,2025-05-19 19:32:00,42.5010070800781,-9.01558208465576,"Female"
"9004159",371979,2025-05-19 19:36:50,42.500846862793,-9.01564598083496,"Female"
"9004159",371979,2025-05-19 19:42:00,42.4975738525391,-9.01048469543457,"Female"
"9004159",371979,2025-05-19 19:47:23,42.4890289306641,-8.99750900268555,"Female"
"9004159",371979,2025-05-19 19:52:01,42.4890480041504,-8.99721908569336,"Female"
"9004159",371979,2025-05-19 19:56:52,42.4890098571777,-8.99729156494141,"Female"
"9004159",371979,2025-05-19 20:01:51,42.4890327453613,-8.99725151062012,"Female"
"9004159",371979,2025-05-19 20:06:50,42.4889907836914,-8.9972620010376,"Female"
"9004159",371979,2025-05-19 20:11:50,42.489013671875,-8.99722957611084,"Female"
"9004159",371979,2025-05-19 20:16:50,42.4890251159668,-8.99717330932617,"Female"
"9004159",371979,2025-05-19 20:21:50,42.4890670776367,-8.99720287322998,"Female"
"9004159",371979,2025-05-19 20:26:50,42.4891014099121,-8.9971809387207,"Female"
"9004159",371979,2025-05-19 20:31:50,42.4890289306641,-8.9972972869873,"Female"
"9004159",371979,2025-05-19 20:36:51,42.4890747070312,-8.99722385406494,"Female"
"9004159",371979,2025-05-19 20:41:54,42.4888381958008,-8.99728202819824,"Female"
"9004159",371979,2025-05-19 20:46:52,42.4889717102051,-8.99713516235352,"Female"
"9004159",371979,2025-05-19 20:51:49,42.4890747070312,-8.99720764160156,"Female"
"9004159",371979,2025-05-19 20:56:49,42.4889717102051,-8.99714279174805,"Female"
"9004159",371979,2025-05-19 21:02:00,42.4889945983887,-8.99723148345947,"Female"
"9004159",371979,2025-05-19 21:07:11,42.4889831542969,-8.99718379974365,"Female"
"9004159",371979,2025-05-19 21:11:52,42.4890899658203,-8.99723625183105,"Female"
"9004159",371979,2025-05-19 21:16:54,42.4889259338379,-8.99710083007812,"Female"
"9004159",371979,2025-05-19 21:21:52,42.4889984130859,-8.99716281890869,"Female"
"9004159",371979,2025-05-19 21:26:49,42.4890441894531,-8.99721622467041,"Female"
"9004159",371979,2025-05-19 21:31:50,42.4890060424805,-8.9971284866333,"Female"
"9004159",371979,2025-05-19 21:36:52,42.4890441894531,-8.99717712402344,"Female"
"9004159",371979,2025-05-19 21:41:51,42.4890327453613,-8.99722003936768,"Female"
"9004159",371979,2025-05-19 21:47:14,42.4890098571777,-8.99717235565186,"Female"
"9004159",371979,2025-05-19 21:51:53,42.4888000488281,-8.99687576293945,"Female"
"9004159",371979,2025-05-19 21:56:55,42.4889907836914,-8.99715995788574,"Female"
"9004159",371979,2025-05-19 22:01:53,42.4890251159668,-8.99716567993164,"Female"
"9004159",371979,2025-05-19 22:06:52,42.4889869689941,-8.99713802337646,"Female"
"9004159",371979,2025-05-19 22:11:53,42.4887847900391,-8.99659538269043,"Female"
"9004159",371979,2025-05-19 22:16:51,42.4890403747559,-8.99717044830322,"Female"
"9004159",371979,2025-05-19 22:21:52,42.488883972168,-8.9968318939209,"Female"
"9004159",371979,2025-05-19 22:26:52,42.4890174865723,-8.99718379974365,"Female"
"9004159",371979,2025-05-19 22:32:14,42.4890327453613,-8.99713802337646,"Female"
"9004159",371979,2025-05-19 22:36:49,42.4889221191406,-8.99695205688477,"Female"
"9004159",371979,2025-05-19 22:41:52,42.4890975952148,-8.99724864959717,"Female"
"9004159",371979,2025-05-19 22:46:53,42.4890289306641,-8.9970588684082,"Female"
"9004159",371979,2025-05-19 22:51:54,42.4891319274902,-8.99724578857422,"Female"
"9004159",371979,2025-05-19 22:56:54,42.4889869689941,-8.99701690673828,"Female"
"9004159",371979,2025-05-19 23:01:52,42.4890403747559,-8.99706363677979,"Female"
"9004159",371979,2025-05-19 23:06:50,42.4889755249023,-8.99701404571533,"Female"
"9004159",371979,2025-05-19 23:12:14,42.4891014099121,-8.99719619750977,"Female"
"9004159",371979,2025-05-19 23:16:49,42.4891929626465,-8.99713706970215,"Female"
"9004159",371979,2025-05-19 23:21:49,42.4891548156738,-8.99726676940918,"Female"
"9004159",371979,2025-05-19 23:26:49,42.4891090393066,-8.99720573425293,"Female"
"9004159",371979,2025-05-19 23:31:50,42.4892158508301,-8.99727344512939,"Female"
"9004159",371979,2025-05-19 23:37:18,42.4891242980957,-8.99702453613281,"Female"
"9004159",371979,2025-05-19 23:42:09,42.4891738891602,-8.99713039398193,"Female"
"9004159",371979,2025-05-19 23:47:35,42.4891204833984,-8.99712944030762,"Female"
"9004159",371979,2025-05-19 23:52:11,42.488941192627,-8.99710941314697,"Female"
"9004159",371979,2025-05-19 23:57:10,42.4891471862793,-8.9971170425415,"Female"
"9004159",371979,2025-05-20 00:02:35,42.4890441894531,-8.99717330932617,"Female"
"9004159",371979,2025-05-20 00:07:13,42.4890556335449,-8.99717044830322,"Female"
"9004159",371979,2025-05-20 00:12:11,42.4890556335449,-8.99718284606934,"Female"
"9004159",371979,2025-05-20 00:17:09,42.4891586303711,-8.99735450744629,"Female"
"9004159",371979,2025-05-20 00:22:13,42.4889907836914,-8.99703216552734,"Female"
"9004159",371979,2025-05-20 00:27:10,42.4889869689941,-8.99709033966064,"Female"
"9004159",371979,2025-05-20 00:32:09,42.4890594482422,-8.99728679656982,"Female"
"9004159",371979,2025-05-20 00:37:09,42.4890632629395,-8.99718475341797,"Female"
"9004159",371979,2025-05-20 00:42:18,42.4890327453613,-8.99711608886719,"Female"
"9004159",371979,2025-05-20 00:47:09,42.4890365600586,-8.99721240997314,"Female"
"9004159",371979,2025-05-20 00:52:21,42.4890289306641,-8.99710845947266,"Female"
"9004159",371979,2025-05-20 00:57:15,42.4889144897461,-8.99699592590332,"Female"
"9004159",371979,2025-05-20 01:02:12,42.4890632629395,-8.9975414276123,"Female"
"9004159",371979,2025-05-20 01:07:22,42.4890823364258,-8.99718570709229,"Female"
"9004159",371979,2025-05-20 01:12:13,42.4890480041504,-8.99709796905518,"Female"
"9004159",371979,2025-05-20 01:17:11,42.4889755249023,-8.99700832366943,"Female"
"9004159",371979,2025-05-20 01:22:11,42.488956451416,-8.9970235824585,"Female"
"9004159",371979,2025-05-20 01:27:09,42.4889183044434,-8.99703693389893,"Female"
"9004159",371979,2025-05-20 01:32:11,42.4891014099121,-8.99728584289551,"Female"
"9004159",371979,2025-05-20 01:37:11,42.4892425537109,-8.99737167358398,"Female"
"9004159",371979,2025-05-20 01:42:34,42.489013671875,-8.99712371826172,"Female"
"9004159",371979,2025-05-20 01:47:09,42.4890480041504,-8.99707221984863,"Female"
"9004159",371979,2025-05-20 01:52:09,42.4891090393066,-8.99730968475342,"Female"
"9004159",371979,2025-05-20 01:57:09,42.4889755249023,-8.99711322784424,"Female"
"9004159",371979,2025-05-20 02:02:13,42.4889183044434,-8.99713706970215,"Female"
"9004159",371979,2025-05-20 02:07:09,42.4889907836914,-8.99709987640381,"Female"
"9004159",371979,2025-05-20 02:12:08,42.4890327453613,-8.99707984924316,"Female"
"9004159",371979,2025-05-20 02:17:09,42.4890060424805,-8.99714088439941,"Female"
"9004159",371979,2025-05-20 02:22:12,42.4889831542969,-8.99709224700928,"Female"
"9004159",371979,2025-05-20 02:27:10,42.4892272949219,-8.99742984771729,"Female"
"9004159",371979,2025-05-20 02:32:11,42.4891357421875,-8.99723625183105,"Female"
"9004159",371979,2025-05-20 02:37:09,42.4892044067383,-8.99732303619385,"Female"
"9004159",371979,2025-05-20 02:42:09,42.489185333252,-8.99729824066162,"Female"
"9004159",371979,2025-05-20 02:47:35,42.4890480041504,-8.99711036682129,"Female"
"9004159",371979,2025-05-20 02:52:08,42.4890289306641,-8.99714088439941,"Female"
"9004159",371979,2025-05-20 02:57:09,42.489128112793,-8.99718379974365,"Female"
"9004159",371979,2025-05-20 03:02:10,42.4890747070312,-8.99714946746826,"Female"
"9004159",371979,2025-05-20 03:07:10,42.4891090393066,-8.99721240997314,"Female"
"9004159",371979,2025-05-20 03:12:11,42.489086151123,-8.99723052978516,"Female"
"9004159",371979,2025-05-20 03:17:11,42.4890747070312,-8.99720191955566,"Female"
"9004159",371979,2025-05-20 03:22:10,42.4892501831055,-8.99720001220703,"Female"
"9004159",371979,2025-05-20 03:27:10,42.4891395568848,-8.99728393554688,"Female"
"9004159",371979,2025-05-20 03:32:10,42.4891891479492,-8.99730205535889,"Female"
"9004159",371979,2025-05-20 03:37:09,42.4890785217285,-8.99715805053711,"Female"
"9004159",371979,2025-05-20 03:42:10,42.4889907836914,-8.99715042114258,"Female"
"9004159",371979,2025-05-20 03:47:11,42.4890480041504,-8.9970588684082,"Female"
"9004159",371979,2025-05-20 03:52:35,42.4890174865723,-8.99711894989014,"Female"
"9004159",371979,2025-05-20 03:57:08,42.4890594482422,-8.99709224700928,"Female"
"9004159",371979,2025-05-20 04:02:08,42.4890518188477,-8.99709033966064,"Female"
"9004159",371979,2025-05-20 04:07:08,42.4890594482422,-8.99715805053711,"Female"
"9004159",371979,2025-05-20 04:12:08,42.4891014099121,-8.99704551696777,"Female"
"9004159",371979,2025-05-20 04:17:10,42.4890289306641,-8.99718952178955,"Female"
"9004159",371979,2025-05-20 04:22:18,42.4891128540039,-8.99703598022461,"Female"
"9004159",371979,2025-05-20 04:27:12,42.4890823364258,-8.99710369110107,"Female"
"9004159",371979,2025-05-20 04:32:08,42.489070892334,-8.9970817565918,"Female"
"9004159",371979,2025-05-20 04:37:11,42.4890327453613,-8.99713134765625,"Female"
"9004159",371979,2025-05-20 04:42:10,42.4890632629395,-8.99711894989014,"Female"
"9004159",371979,2025-05-20 04:47:09,42.4890518188477,-8.99715995788574,"Female"
"9004159",371979,2025-05-20 04:52:08,42.4890632629395,-8.99716377258301,"Female"
"9004159",371979,2025-05-20 04:57:12,42.4891014099121,-8.99720573425293,"Female"
"9004159",371979,2025-05-20 05:02:09,42.4890518188477,-8.99714660644531,"Female"
"9004159",371979,2025-05-20 05:07:10,42.4890022277832,-8.99706649780273,"Female"
"9004159",371979,2025-05-20 05:12:10,42.4891510009766,-8.99720859527588,"Female"
"9004159",371979,2025-05-20 05:17:12,42.4891815185547,-8.99720573425293,"Female"
"9004159",371979,2025-05-20 05:22:11,42.4889984130859,-8.99712467193604,"Female"
"9004159",371979,2025-05-20 05:27:12,42.489387512207,-8.99731254577637,"Female"
"9004159",371979,2025-05-20 05:32:16,42.4890174865723,-8.99716377258301,"Female"
"9004159",371979,2025-05-20 05:37:12,42.4890327453613,-8.99722099304199,"Female"
"9004159",371979,2025-05-20 05:42:33,42.4889717102051,-8.9971342086792,"Female"
"9004159",371979,2025-05-20 05:47:12,42.4890174865723,-8.99719905853271,"Female"
"9004159",371979,2025-05-20 05:52:09,42.4890327453613,-8.99724578857422,"Female"
"9004159",371979,2025-05-20 05:57:11,42.4891395568848,-8.99731731414795,"Female"
"9004159",371979,2025-05-20 06:02:08,42.4890975952148,-8.99727725982666,"Female"
"9004159",371979,2025-05-20 06:07:08,42.4891052246094,-8.99724388122559,"Female"
"9004159",371979,2025-05-20 06:12:09,42.4890747070312,-8.99724102020264,"Female"
"9004159",371979,2025-05-20 06:17:11,42.4890480041504,-8.99721622467041,"Female"
"9004159",371979,2025-05-20 06:22:16,42.4889869689941,-8.99715805053711,"Female"
"9004159",371979,2025-05-20 06:27:19,42.488941192627,-8.99718189239502,"Female"
"9004159",371979,2025-05-20 06:32:29,42.4889221191406,-8.99710845947266,"Female"
"9004159",371979,2025-05-20 06:37:35,42.4890060424805,-8.99721431732178,"Female"
"9004159",371979,2025-05-20 06:42:09,42.4889717102051,-8.99724578857422,"Female"
"9004159",371979,2025-05-20 06:47:09,42.4887809753418,-8.99735450744629,"Female"
"9004159",371979,2025-05-20 06:52:08,42.4889335632324,-8.99732875823975,"Female"
"9004159",371979,2025-05-20 06:57:08,42.4888763427734,-8.99726390838623,"Female"
"9004159",371979,2025-05-20 07:02:09,42.4889030456543,-8.99722957611084,"Female"
"9004159",371979,2025-05-20 07:07:09,42.4889259338379,-8.99727439880371,"Female"
"9004159",371979,2025-05-20 07:12:08,42.4941062927246,-8.98636627197266,"Female"
"9004159",371979,2025-05-20 07:17:09,42.4946899414062,-8.98549747467041,"Female"
"9004159",371979,2025-05-20 07:22:08,42.4953575134277,-8.98549556732178,"Female"
"9004159",371979,2025-05-20 07:27:08,42.4959907531738,-8.98488807678223,"Female"
"9004159",371979,2025-05-20 07:32:08,42.4962768554688,-8.98412132263184,"Female"
"9004159",371979,2025-05-20 07:37:08,42.5037994384766,-9.02410888671875,"Female"
"9004159",371979,2025-05-20 07:42:08,42.5091323852539,-9.03967952728271,"Female"
"9004159",371979,2025-05-20 07:47:08,42.5106620788574,-9.03902244567871,"Female"
"9004159",371979,2025-05-20 07:52:09,42.5112457275391,-9.03759765625,"Female"
"9004159",371979,2025-05-20 07:57:08,42.5110893249512,-9.03654289245605,"Female"
"9004159",371979,2025-05-20 08:02:08,42.5155334472656,-9.0056791305542,"Female"
"9004159",371979,2025-05-20 08:07:12,42.5109062194824,-9.00265598297119,"Female"
"9004159",371979,2025-05-20 08:12:12,42.5109367370605,-9.00244140625,"Female"
"9004159",371979,2025-05-20 08:17:09,42.5109825134277,-9.00250244140625,"Female"
"9004159",371979,2025-05-20 08:22:24,42.5111198425293,-9.00249290466309,"Female"
"9004159",371979,2025-05-20 08:27:09,42.5111427307129,-9.00279140472412,"Female"
"9004159",371979,2025-05-20 08:32:24,42.5111312866211,-9.00244903564453,"Female"
"9004159",371979,2025-05-20 08:37:20,42.5111846923828,-9.00246143341064,"Female"
"9004159",371979,2025-05-20 08:42:34,42.5131797790527,-9.00769996643066,"Female"
"9004159",371979,2025-05-20 08:47:09,42.5131721496582,-9.007737159729,"Female"
"9004159",371979,2025-05-20 08:52:08,42.513256072998,-9.00764083862305,"Female"
"9004159",371979,2025-05-20 08:57:08,42.5133285522461,-9.00756359100342,"Female"
"9004159",371979,2025-05-20 09:02:08,42.5132751464844,-9.00759410858154,"Female"
"9004159",371979,2025-05-20 09:07:09,42.5132179260254,-9.00762844085693,"Female"
"9004159",371979,2025-05-20 09:12:09,42.5132713317871,-9.00758457183838,"Female"
"9004159",371979,2025-05-20 09:17:09,42.5132255554199,-9.00766277313232,"Female"
"9004159",371979,2025-05-20 09:22:08,42.5132179260254,-9.00769996643066,"Female"
"9004159",371979,2025-05-20 09:27:08,42.5132637023926,-9.00778102874756,"Female"
"9004159",371979,2025-05-20 09:32:08,42.513256072998,-9.00777435302734,"Female"
"9004159",371979,2025-05-20 09:37:08,42.5132293701172,-9.00766754150391,"Female"
"9004159",371979,2025-05-20 09:42:09,42.5132064819336,-9.00765419006348,"Female"
"9004159",371979,2025-05-20 09:47:08,42.5132637023926,-9.00762557983398,"Female"
"9004159",371979,2025-05-20 09:52:08,42.5018920898438,-9.01553535461426,"Female"
"9004159",371979,2025-05-20 09:57:13,42.500862121582,-9.02611255645752,"Female"
"9004159",371979,2025-05-20 10:02:20,42.5008087158203,-9.02468395233154,"Female"
"9004159",371979,2025-05-20 10:07:56,42.499195098877,-9.02364540100098,"Female"
"9004159",371979,2025-05-20 10:12:57,42.4985847473145,-9.01497173309326,"Female"
"9004159",371979,2025-05-20 10:17:58,42.4986152648926,-9.01452732086182,"Female"
"9004159",371979,2025-05-20 10:22:56,42.4986457824707,-9.01466083526611,"Female"
"9004159",371979,2025-05-20 10:27:56,42.4986419677734,-9.01458644866943,"Female"
"9004159",371979,2025-05-20 10:33:10,42.4986305236816,-9.01475620269775,"Female"
"9004159",371979,2025-05-20 10:37:56,42.4986610412598,-9.01473808288574,"Female"
"9004159",371979,2025-05-20 10:42:59,42.4986190795898,-9.01481819152832,"Female"
"9004159",371979,2025-05-20 10:47:56,42.4986000061035,-9.01470375061035,"Female"
"9004159",371979,2025-05-20 10:52:56,42.4985809326172,-9.01487445831299,"Female"
"9004159",371979,2025-05-20 10:57:56,42.4986228942871,-9.0147008895874,"Female"
"9004159",371979,2025-05-20 11:02:59,42.4986534118652,-9.0151834487915,"Female"
"9004159",371979,2025-05-20 11:07:59,42.4987258911133,-9.01503849029541,"Female"
"9004159",371979,2025-05-20 11:13:04,42.4986381530762,-9.01481819152832,"Female"
"9004159",371979,2025-05-20 11:17:58,42.4986572265625,-9.01458072662354,"Female"
"9004159",371979,2025-05-20 11:23:03,42.4986419677734,-9.01493549346924,"Female"
"9004159",371979,2025-05-20 11:27:59,42.4986114501953,-9.01427936553955,"Female"
"9004159",371979,2025-05-20 11:33:10,42.4986763000488,-9.01487922668457,"Female"
"9004159",371979,2025-05-20 11:38:35,42.4986305236816,-9.01484966278076,"Female"
"9004159",371979,2025-05-20 11:42:59,42.4986228942871,-9.01479721069336,"Female"
"9004159",371979,2025-05-20 11:47:58,42.4986038208008,-9.01471614837646,"Female"
"9004159",371979,2025-05-20 11:52:59,42.4988594055176,-9.01527976989746,"Female"
"9004159",371979,2025-05-20 11:57:59,42.4984397888184,-9.01433181762695,"Female"
"9004159",371979,2025-05-20 12:03:01,42.4986343383789,-9.01473617553711,"Female"
"9004159",371979,2025-05-20 12:07:58,42.4999618530273,-9.02171516418457,"Female"
"9004159",371979,2025-05-20 12:12:58,42.4985885620117,-9.01467800140381,"Female"
"9004159",371979,2025-05-20 12:17:59,42.4985885620117,-9.01501560211182,"Female"
"9004159",371979,2025-05-20 12:23:00,42.4986915588379,-9.01505374908447,"Female"
"9004159",371979,2025-05-20 12:28:10,42.4985771179199,-9.01476001739502,"Female"
"9004159",371979,2025-05-20 12:32:59,42.498664855957,-9.0147590637207,"Female"
"9004159",371979,2025-05-20 12:37:59,42.4986763000488,-9.01492595672607,"Female"
"9004159",371979,2025-05-20 12:43:10,42.4986228942871,-9.01494693756104,"Female"
"9004159",371979,2025-05-20 12:48:00,42.498607635498,-9.014817237854,"Female"
"9004159",371979,2025-05-20 12:53:00,42.4986457824707,-9.01480293273926,"Female"
"9004159",371979,2025-05-20 12:58:05,42.498607635498,-9.01504993438721,"Female"
"9004159",371979,2025-05-20 13:03:07,42.4986152648926,-9.0151195526123,"Female"
"9004159",371979,2025-05-20 13:08:07,42.4987411499023,-9.01880645751953,"Female"
"9004159",371979,2025-05-20 13:14:43,42.5014572143555,-9.01941776275635,"Female"
"9004159",371979,2025-05-20 13:19:44,42.5032234191895,-9.02570724487305,"Female"
"9004159",371979,2025-05-20 13:24:43,42.5288581848145,-9.0526647567749,"Female"
"9004159",371979,2025-05-20 13:29:43,42.5299224853516,-9.05391407012939,"Female"
"9004159",371979,2025-05-20 13:34:46,42.5353698730469,-9.04310894012451,"Female"
"9004159",371979,2025-05-20 13:39:52,42.5354423522949,-9.04300975799561,"Female"
"9004159",371979,2025-05-20 13:45:02,42.5353546142578,-9.04316902160645,"Female"
"9004159",371979,2025-05-20 13:49:42,42.5355567932129,-9.04317951202393,"Female"
"9004159",371979,2025-05-20 13:54:43,42.5353622436523,-9.04315185546875,"Female"
"9004159",371979,2025-05-20 13:59:43,42.5353698730469,-9.043137550354,"Female"
"9004159",371979,2025-05-20 14:04:42,42.5353126525879,-9.04312705993652,"Female"
"9004159",371979,2025-05-20 14:09:43,42.5354690551758,-9.0431022644043,"Female"
"9004159",371979,2025-05-20 14:14:43,42.5353889465332,-9.04307079315186,"Female"
"9004159",371979,2025-05-20 14:19:42,42.5353012084961,-9.04317665100098,"Female"
"9004159",371979,2025-05-20 14:24:43,42.5353355407715,-9.04314708709717,"Female"
"9004159",371979,2025-05-20 14:29:42,42.5353965759277,-9.04316425323486,"Female"
"9004159",371979,2025-05-20 14:34:45,42.5353240966797,-9.0431432723999,"Female"
"9004159",371979,2025-05-20 14:39:42,42.535270690918,-9.04325008392334,"Female"
"9004159",371979,2025-05-20 14:44:43,42.535514831543,-9.04309749603271,"Female"
"9004159",371979,2025-05-20 14:49:44,42.5352096557617,-9.04330253601074,"Female"
"9004159",371979,2025-05-20 14:54:49,42.5355415344238,-9.04309844970703,"Female"
"9004159",371979,2025-05-20 14:59:43,42.5353927612305,-9.04308414459229,"Female"
"9004159",371979,2025-05-20 15:04:43,42.5357933044434,-9.04298210144043,"Female"
"9004159",371979,2025-05-20 15:09:43,42.5347557067871,-9.05174255371094,"Female"
"9004159",371979,2025-05-20 15:15:08,42.5363121032715,-9.05346870422363,"Female"
"9004159",371979,2025-05-20 15:20:07,42.5375671386719,-9.05382061004639,"Female"
"9004159",371979,2025-05-20 15:26:32,42.5384979248047,-9.05484485626221,"Female"
"9004159",371979,2025-05-20 15:31:16,42.5392799377441,-9.05371379852295,"Female"
"9004159",371979,2025-05-20 15:36:16,42.5131950378418,-9.03824424743652,"Female"
"9004159",371979,2025-05-20 15:41:15,42.498664855957,-9.01476192474365,"Female"
"9004159",371979,2025-05-20 15:46:13,42.4985160827637,-9.01468658447266,"Female"
"9004159",371979,2025-05-20 15:51:15,42.498851776123,-9.01485252380371,"Female"
"9004159",371979,2025-05-20 15:56:13,42.4989433288574,-9.01478576660156,"Female"
"9004159",371979,2025-05-20 16:01:14,42.4984283447266,-9.01466655731201,"Female"
"9004159",371979,2025-05-20 16:06:14,42.4984931945801,-9.01467132568359,"Female"
"9004159",371979,2025-05-20 16:11:14,42.4985504150391,-9.01467227935791,"Female"
"9004159",371979,2025-05-20 16:16:14,42.4986343383789,-9.01473236083984,"Female"
"9004159",371979,2025-05-20 16:21:24,42.4986801147461,-9.01475715637207,"Female"
"9004159",371979,2025-05-20 16:26:14,42.5009956359863,-9.01606464385986,"Female"
"9004159",371979,2025-05-20 16:32:47,42.5014152526855,-9.01642513275146,"Female"
"9004159",371979,2025-05-20 16:38:00,42.5010070800781,-9.01801013946533,"Female"
"9004159",371979,2025-05-20 16:45:07,42.4997177124023,-9.01847839355469,"Female"
"9004159",371979,2025-05-20 16:53:44,42.5001525878906,-9.01872825622559,"Female"
"9004159",371979,2025-05-20 16:58:39,42.5000839233398,-9.01953411102295,"Female"
"9004159",371979,2025-05-20 17:04:00,42.5007095336914,-9.01876068115234,"Female"
"9004159",371979,2025-05-20 17:09:30,42.4998741149902,-9.0187931060791,"Female"
"9004159",371979,2025-05-20 17:15:06,42.5009269714355,-9.01827526092529,"Female"
"9004159",371979,2025-05-20 17:20:39,42.5017204284668,-9.01850318908691,"Female"
"9004159",371979,2025-05-20 17:26:11,42.501594543457,-9.01700305938721,"Female"
"9004159",371979,2025-05-20 17:31:48,42.5012359619141,-9.01776885986328,"Female"
"9004159",371979,2025-05-20 17:38:20,42.5028495788574,-9.01774024963379,"Female"
"9004159",371979,2025-05-20 17:43:30,42.5019454956055,-9.01780796051025,"Female"
"9004159",371979,2025-05-20 17:54:13,42.5008735656738,-9.01596641540527,"Female"
"9004159",371979,2025-05-20 17:59:04,42.5008239746094,-9.01679039001465,"Female"
"9004159",371979,2025-05-20 18:04:04,42.5007362365723,-9.01755428314209,"Female"
"9004159",371979,2025-05-20 18:09:37,42.4997863769531,-9.01834487915039,"Female"
"9004159",371979,2025-05-20 18:14:37,42.5007019042969,-9.01836490631104,"Female"
"9004159",371979,2025-05-20 18:20:18,42.5010032653809,-9.01669788360596,"Female"
"9004159",371979,2025-05-20 18:26:17,42.5012702941895,-9.01562118530273,"Female"
"9004159",371979,2025-05-20 18:31:18,42.5009689331055,-9.01537322998047,"Female"
"9004159",371979,2025-05-20 18:36:40,42.5007667541504,-9.01582145690918,"Female"
"9004159",371979,2025-05-20 18:41:40,42.5010070800781,-9.01577568054199,"Female"
"9004159",371979,2025-05-20 18:55:08,42.5010147094727,-9.01622581481934,"Female"
"9004159",371979,2025-05-20 19:01:08,42.501350402832,-9.01679229736328,"Female"
"9004159",371979,2025-05-20 19:07:15,42.5013732910156,-9.01646518707275,"Female"
"9004159",371979,2025-05-20 19:12:56,42.5012245178223,-9.01685810089111,"Female"
"9004159",371979,2025-05-20 19:18:50,42.501350402832,-9.01619338989258,"Female"
"9004159",371979,2025-05-20 19:23:53,42.5015144348145,-9.0159740447998,"Female"
"9004159",371979,2025-05-20 19:28:51,42.5016860961914,-9.01561450958252,"Female"
"9004159",371979,2025-05-20 19:34:01,42.5010795593262,-9.01574802398682,"Female"
"9004159",371979,2025-05-20 19:38:52,42.5013008117676,-9.01598644256592,"Female"
"9004159",371979,2025-05-20 19:43:51,42.5013275146484,-9.01598644256592,"Female"
"9004159",371979,2025-05-20 19:48:52,42.5011711120605,-9.01601982116699,"Female"
"9004159",371979,2025-05-20 19:55:05,42.4895858764648,-8.99891376495361,"Female"
"9004159",371979,2025-05-20 19:58:53,42.489070892334,-8.99727249145508,"Female"
"9004159",371979,2025-05-20 20:03:51,42.4890899658203,-8.99712944030762,"Female"
"9004159",371979,2025-05-20 20:08:52,42.4890937805176,-8.99715709686279,"Female"
"9004159",371979,2025-05-20 20:13:53,42.4892425537109,-8.99727725982666,"Female"
"9004159",371979,2025-05-20 20:18:51,42.489086151123,-8.99712753295898,"Female"
"9004159",371979,2025-05-20 20:23:52,42.4890823364258,-8.99715423583984,"Female"
"9004159",371979,2025-05-20 20:28:51,42.4892120361328,-8.99722385406494,"Female"
"9004159",371979,2025-05-20 20:33:52,42.4893188476562,-8.99742317199707,"Female"
"9004159",371979,2025-05-20 20:38:53,42.4891929626465,-8.99736881256104,"Female"
"9004159",371979,2025-05-20 20:43:52,42.4891624450684,-8.99730110168457,"Female"
"9004159",371979,2025-05-20 20:48:53,42.4892234802246,-8.9971866607666,"Female"
"9004159",371979,2025-05-20 20:53:52,42.489185333252,-8.99739551544189,"Female"
"9004159",371979,2025-05-20 20:58:52,42.4891510009766,-8.99726295471191,"Female"
"9004159",371979,2025-05-20 21:03:52,42.4891815185547,-8.99722576141357,"Female"
"9004159",371979,2025-05-20 21:08:52,42.4892120361328,-8.99735260009766,"Female"
"9004159",371979,2025-05-20 21:13:52,42.4892387390137,-8.99743461608887,"Female"
"9004159",371979,2025-05-20 21:18:52,42.4892616271973,-8.99742031097412,"Female"
"9004159",371979,2025-05-20 21:23:53,42.4893074035645,-8.99735450744629,"Female"
"9004159",371979,2025-05-20 21:28:54,42.4889030456543,-8.99680805206299,"Female"
"9004159",371979,2025-05-20 21:33:53,42.4891052246094,-8.99726104736328,"Female"
"9004159",371979,2025-05-20 21:38:55,42.4891777038574,-8.99738216400146,"Female"
"9004159",371979,2025-05-20 21:43:52,42.4891471862793,-8.99731826782227,"Female"
"9004159",371979,2025-05-20 21:48:57,42.4890785217285,-8.99716091156006,"Female"
"9004159",371979,2025-05-20 21:53:52,42.4890289306641,-8.99703979492188,"Female"
"9004159",371979,2025-05-20 21:58:54,42.4892234802246,-8.99757289886475,"Female"
"9004159",371979,2025-05-20 22:03:53,42.4888687133789,-8.99672412872314,"Female"
"9004159",371979,2025-05-20 22:08:55,42.4889678955078,-8.9970235824585,"Female"
"9004159",371979,2025-05-20 22:14:11,42.4890518188477,-8.99706935882568,"Female"
"9004159",371979,2025-05-20 22:18:52,42.4891128540039,-8.99735736846924,"Female"
"9004159",371979,2025-05-20 22:23:57,42.4890785217285,-8.99705600738525,"Female"
"9004159",371979,2025-05-20 22:28:55,42.4890670776367,-8.99712085723877,"Female"
"9004159",371979,2025-05-20 22:33:58,42.4891052246094,-8.99704265594482,"Female"
"9004159",371979,2025-05-20 22:38:52,42.4891586303711,-8.99708271026611,"Female"
"9004159",371979,2025-05-20 22:43:52,42.4891624450684,-8.99697971343994,"Female"
"9004159",371979,2025-05-20 22:48:52,42.4891624450684,-8.99698638916016,"Female"
"9004159",371979,2025-05-20 22:53:52,42.4891357421875,-8.99695110321045,"Female"
"9004159",371979,2025-05-20 22:58:52,42.4893226623535,-8.99752140045166,"Female"
"9004159",371979,2025-05-20 23:03:52,42.4892921447754,-8.99750423431396,"Female"
"9004159",371979,2025-05-20 23:08:55,42.489185333252,-8.99663829803467,"Female"
"9004159",371979,2025-05-20 23:13:53,42.4893112182617,-8.9975643157959,"Female"
"9004159",371979,2025-05-20 23:18:55,42.4892387390137,-8.99667739868164,"Female"
"9004159",371979,2025-05-20 23:23:54,42.4894752502441,-8.99789810180664,"Female"
"9004159",371979,2025-05-20 23:28:54,42.489330291748,-8.99685955047607,"Female"
"9004159",371979,2025-05-20 23:33:53,42.4895324707031,-8.99783706665039,"Female"
"9004159",371979,2025-05-20 23:38:54,42.4893684387207,-8.99740028381348,"Female"
"9004159",371979,2025-05-20 23:43:54,42.4894104003906,-8.99683952331543,"Female"
"9004159",371979,2025-05-20 23:48:53,42.4893760681152,-8.99688243865967,"Female"
"9004159",371979,2025-05-20 23:54:13,42.4897384643555,-8.99664306640625,"Female"
"9004159",371979,2025-05-20 23:58:52,42.4891891479492,-8.99684906005859,"Female"
"9004159",371979,2025-05-21 00:03:55,42.4891395568848,-8.99690818786621,"Female"
"9004159",371979,2025-05-21 00:08:53,42.4891700744629,-8.99686050415039,"Female"
"9004159",371979,2025-05-21 00:13:53,42.4891586303711,-8.99690818786621,"Female"
"9004159",371979,2025-05-21 00:18:59,42.4892349243164,-8.99679088592529,"Female"
"9004159",371979,2025-05-21 00:23:53,42.4891204833984,-8.99696063995361,"Female"
"9004159",371979,2025-05-21 00:28:55,42.4890632629395,-8.9969539642334,"Female"
"9004159",371979,2025-05-21 00:33:58,42.4893493652344,-8.99685001373291,"Female"
"9004159",371979,2025-05-21 00:38:53,42.4891395568848,-8.99690723419189,"Female"
"9004159",371979,2025-05-21 00:43:56,42.4892616271973,-8.99697399139404,"Female"
"9004159",371979,2025-05-21 00:48:54,42.4891586303711,-8.99695682525635,"Female"
"9004159",371979,2025-05-21 00:53:53,42.4890556335449,-8.99693584442139,"Female"
"9004159",371979,2025-05-21 00:58:54,42.489070892334,-8.99691104888916,"Female"
"9004159",371979,2025-05-21 01:03:59,42.4892082214355,-8.99697589874268,"Female"
"9004159",371979,2025-05-21 01:09:04,42.4892768859863,-8.9968433380127,"Female"
"9004159",371979,2025-05-21 01:13:56,42.4892768859863,-8.99697017669678,"Female"
"9004159",371979,2025-05-21 01:18:56,42.4891777038574,-8.9969482421875,"Female"
"9004159",371979,2025-05-21 01:23:56,42.4891891479492,-8.99700736999512,"Female"
"9004159",371979,2025-05-21 01:29:01,42.4891319274902,-8.9970178604126,"Female"
"9004159",371979,2025-05-21 01:34:01,42.4892425537109,-8.9970703125,"Female"
"9004159",371979,2025-05-21 01:39:01,42.4891204833984,-8.99700260162354,"Female"
"9004159",371979,2025-05-21 01:44:01,42.4891166687012,-8.99703121185303,"Female"
"9004159",371979,2025-05-21 01:49:01,42.4890289306641,-8.99696922302246,"Female"
"9004159",371979,2025-05-21 01:54:01,42.4890594482422,-8.99696826934814,"Female"
"9004159",371979,2025-05-21 01:59:01,42.4891471862793,-8.99701976776123,"Female"
"9004159",371979,2025-05-21 02:04:02,42.4890518188477,-8.99695014953613,"Female"
"9004159",371979,2025-05-21 02:09:06,42.4889755249023,-8.99691772460938,"Female"
"9004159",371979,2025-05-21 02:14:01,42.4889755249023,-8.99692821502686,"Female"
"9004159",371979,2025-05-21 02:19:01,42.488899230957,-8.996826171875,"Female"
"9004159",371979,2025-05-21 02:24:01,42.4889488220215,-8.99690723419189,"Female"
"9004159",371979,2025-05-21 02:29:00,42.4889831542969,-8.99697685241699,"Female"
"9004159",371979,2025-05-21 02:34:00,42.4889297485352,-8.99685859680176,"Female"
"9004159",371979,2025-05-21 02:39:00,42.488899230957,-8.99672603607178,"Female"
"9004159",371979,2025-05-21 02:44:01,42.4888572692871,-8.99680137634277,"Female"
"9004159",371979,2025-05-21 02:49:01,42.4889793395996,-8.99683856964111,"Female"
"9004159",371979,2025-05-21 02:54:00,42.4888000488281,-8.99664878845215,"Female"
"9004159",371979,2025-05-21 02:59:14,42.4889068603516,-8.99677562713623,"Female"
"9004159",371979,2025-05-21 03:04:12,42.4890365600586,-8.9967794418335,"Female"
"9004159",371979,2025-05-21 03:09:01,42.4889450073242,-8.99675273895264,"Female"
"9004159",371979,2025-05-21 03:13:58,42.4888114929199,-8.99671745300293,"Female"
"9004159",371979,2025-05-21 03:18:56,42.4889717102051,-8.99679660797119,"Female"
"9004159",371979,2025-05-21 03:24:00,42.4888801574707,-8.99681854248047,"Female"
"9004159",371979,2025-05-21 03:29:00,42.4887924194336,-8.99680137634277,"Female"
"9004159",371979,2025-05-21 03:34:01,42.4888610839844,-8.99674129486084,"Female"
"9004159",371979,2025-05-21 03:39:00,42.4887008666992,-8.99677658081055,"Female"
"9004159",371979,2025-05-21 03:44:00,42.4889526367188,-8.99658584594727,"Female"
"9004159",371979,2025-05-21 03:49:23,42.488883972168,-8.99692153930664,"Female"
"9004159",371979,2025-05-21 03:54:00,42.4889106750488,-8.99700832366943,"Female"
"9004159",371979,2025-05-21 03:59:02,42.4888725280762,-8.99697113037109,"Female"
"9004159",371979,2025-05-21 04:04:01,42.4889984130859,-8.99706363677979,"Female"
"9004159",371979,2025-05-21 04:09:01,42.4889526367188,-8.99717807769775,"Female"
"9004159",371979,2025-05-21 04:14:01,42.4889297485352,-8.99715042114258,"Female"
"9004159",371979,2025-05-21 04:18:58,42.4889526367188,-8.99710845947266,"Female"
"9004159",371979,2025-05-21 04:24:00,42.4888648986816,-8.99728202819824,"Female"
"9004159",371979,2025-05-21 04:28:59,42.4891166687012,-8.9967679977417,"Female"
"9004159",371979,2025-05-21 04:33:56,42.4890823364258,-8.99671268463135,"Female"
"9004159",371979,2025-05-21 04:39:00,42.4890594482422,-8.996750831604,"Female"
"9004159",371979,2025-05-21 04:43:55,42.4890747070312,-8.99665451049805,"Female"
"9004159",371979,2025-05-21 04:49:01,42.4891395568848,-8.9966459274292,"Female"
"9004159",371979,2025-05-21 04:54:01,42.4890060424805,-8.99649524688721,"Female"
"9004159",371979,2025-05-21 04:59:01,42.4889755249023,-8.9963960647583,"Female"
"9004159",371979,2025-05-21 05:04:01,42.4889945983887,-8.99640274047852,"Female"
"9004159",371979,2025-05-21 05:09:01,42.4890480041504,-8.9963493347168,"Female"
"9004159",371979,2025-05-21 05:14:01,42.4889755249023,-8.99631595611572,"Female"
"9004159",371979,2025-05-21 05:19:23,42.4889717102051,-8.9969654083252,"Female"
"9004159",371979,2025-05-21 05:23:52,42.4893951416016,-8.99615669250488,"Female"
"9004159",371979,2025-05-21 05:28:59,42.4890098571777,-8.99714374542236,"Female"
"9004159",371979,2025-05-21 05:33:55,42.4891166687012,-8.99699401855469,"Female"
"9004159",371979,2025-05-21 05:38:56,42.4889907836914,-8.99715423583984,"Female"
"9004159",371979,2025-05-21 05:43:54,42.4889602661133,-8.99717140197754,"Female"
"9004159",371979,2025-05-21 05:48:53,42.4895210266113,-8.99614143371582,"Female"
"9004159",371979,2025-05-21 05:53:53,42.4895629882812,-8.99620819091797,"Female"
"9004159",371979,2025-05-21 05:58:56,42.4889984130859,-8.99731636047363,"Female"
"9004159",371979,2025-05-21 06:04:29,42.4891014099121,-8.99703121185303,"Female"
"9004159",371979,2025-05-21 06:08:54,42.4894142150879,-8.99697589874268,"Female"
"9004159",371979,2025-05-21 06:13:54,42.4890251159668,-8.99716567993164,"Female"
"9004159",371979,2025-05-21 06:18:55,42.4889373779297,-8.99725532531738,"Female"
"9004159",371979,2025-05-21 06:23:55,42.4891166687012,-8.99697303771973,"Female"
"9004159",371979,2025-05-21 06:28:57,42.4891090393066,-8.99691581726074,"Female"
"9004159",371979,2025-05-21 06:33:54,42.4889984130859,-8.99696826934814,"Female"
"9004159",371979,2025-05-21 06:38:53,42.4890518188477,-8.99711799621582,"Female"
"9004159",371979,2025-05-21 06:43:52,42.4890060424805,-8.99710655212402,"Female"
"9004159",371979,2025-05-21 06:48:53,42.4890480041504,-8.99708938598633,"Female"
"9004159",371979,2025-05-21 06:53:54,42.4891090393066,-8.99708271026611,"Female"
"9004159",371979,2025-05-21 06:58:55,42.4890365600586,-8.99713802337646,"Female"
"9004159",371979,2025-05-21 07:03:53,42.4890327453613,-8.99704742431641,"Female"
"9004159",371979,2025-05-21 07:08:55,42.4889831542969,-8.99726009368896,"Female"
"9004159",371979,2025-05-21 07:13:55,42.488899230957,-8.99719619750977,"Female"
"9004159",371979,2025-05-21 07:18:52,42.4891204833984,-8.9972620010376,"Female"
"9004159",371979,2025-05-21 07:23:51,42.4891242980957,-8.99724006652832,"Female"
"9004159",371979,2025-05-21 07:28:52,42.489086151123,-8.99724864959717,"Female"
"9004159",371979,2025-05-21 07:33:51,42.4889297485352,-8.99717617034912,"Female"
"9004159",371979,2025-05-21 07:38:52,42.488842010498,-8.99717712402344,"Female"
"9004159",371979,2025-05-21 07:43:52,42.4981117248535,-9.01448631286621,"Female"
"9004159",371979,2025-05-21 07:48:52,42.4980812072754,-9.0143461227417,"Female"
"9004159",371979,2025-05-21 07:53:52,42.4980926513672,-9.01446533203125,"Female"
"9004159",371979,2025-05-21 07:58:52,42.4982299804688,-9.01450157165527,"Female"
"9004159",371979,2025-05-21 08:03:52,42.4983940124512,-9.01452350616455,"Female"
"9004159",371979,2025-05-21 08:08:52,42.498176574707,-9.01454639434814,"Female"
"9004159",371979,2025-05-21 08:13:52,42.4983711242676,-9.01453590393066,"Female"
"9004159",371979,2025-05-21 08:18:52,42.4983215332031,-9.01454162597656,"Female"
"9004159",371979,2025-05-21 08:23:53,42.4984169006348,-9.01449966430664,"Female"
"9004159",371979,2025-05-21 08:28:52,42.4984169006348,-9.01452445983887,"Female"
"9004159",371979,2025-05-21 08:33:52,42.4983863830566,-9.01442623138428,"Female"
"9004159",371979,2025-05-21 08:38:52,42.4985160827637,-9.01459217071533,"Female"
"9004159",371979,2025-05-21 08:43:52,42.4984474182129,-9.01453876495361,"Female"
"9004159",371979,2025-05-21 08:48:55,42.4985160827637,-9.01464366912842,"Female"
"9004159",371979,2025-05-21 08:53:52,42.4985961914062,-9.01448917388916,"Female"
"9004159",371979,2025-05-21 08:58:52,42.4988021850586,-9.01432418823242,"Female"
"9004159",371979,2025-05-21 09:03:52,42.498348236084,-9.01490211486816,"Female"
"9004159",371979,2025-05-21 09:08:52,42.4985809326172,-9.01438617706299,"Female"
"9004159",371979,2025-05-21 09:13:52,42.4986000061035,-9.0146951675415,"Female"
"9004159",371979,2025-05-21 09:18:52,42.498664855957,-9.01455974578857,"Female"
"9004159",371979,2025-05-21 09:23:52,42.4982681274414,-9.01492977142334,"Female"
"9004159",371979,2025-05-21 09:28:52,42.4984436035156,-9.01473426818848,"Female"
"9004159",371979,2025-05-21 09:33:52,42.4984474182129,-9.01470184326172,"Female"
"9004159",371979,2025-05-21 09:38:52,42.4984664916992,-9.01469612121582,"Female"
"9004159",371979,2025-05-21 09:43:52,42.5032196044922,-9.01847553253174,"Female"
"9004159",371979,2025-05-21 09:48:53,42.4983749389648,-9.01498508453369,"Female"
"9004159",371979,2025-05-21 09:53:52,42.4984130859375,-9.01502227783203,"Female"
"9004159",371979,2025-05-21 09:58:52,42.4984550476074,-9.0145149230957,"Female"
"9004159",371979,2025-05-21 10:03:52,42.4984855651855,-9.01475238800049,"Female"
"9004159",371979,2025-05-21 10:08:52,42.4985313415527,-9.01467895507812,"Female"
"9004159",371979,2025-05-21 10:13:52,42.4984931945801,-9.01467323303223,"Female"
"9004159",371979,2025-05-21 10:18:52,42.4985160827637,-9.01462364196777,"Female"
"9004159",371979,2025-05-21 10:23:52,42.498607635498,-9.01475620269775,"Female"
"9004159",371979,2025-05-21 10:28:52,42.4985504150391,-9.01469135284424,"Female"
"9004159",371979,2025-05-21 10:33:52,42.4983749389648,-9.01460742950439,"Female"
"9004159",371979,2025-05-21 10:38:52,42.4983825683594,-9.01460075378418,"Female"
"9004159",371979,2025-05-21 10:43:52,42.4984931945801,-9.01461219787598,"Female"
"9004159",371979,2025-05-21 10:48:52,42.4984397888184,-9.01459789276123,"Female"
"9004159",371979,2025-05-21 10:53:52,42.4984550476074,-9.01461124420166,"Female"
"9004159",371979,2025-05-21 10:58:53,42.498348236084,-9.01451683044434,"Female"
"9004159",371979,2025-05-21 11:03:53,42.4983177185059,-9.01442241668701,"Female"
"9004159",371979,2025-05-21 11:08:53,42.4999313354492,-9.01437187194824,"Female"
"9004159",371979,2025-05-21 11:13:53,42.4986915588379,-9.01427841186523,"Female"
"9004159",371979,2025-05-21 11:18:54,42.4985580444336,-9.01385021209717,"Female"
"9004159",371979,2025-05-21 11:23:54,42.4988288879395,-9.0136890411377,"Female"
"9004159",371979,2025-05-21 11:28:53,42.4989738464355,-9.01373291015625,"Female"
"9004159",371979,2025-05-21 11:33:54,42.4991149902344,-9.014328956604,"Female"
"9004159",371979,2025-05-21 11:38:52,42.498908996582,-9.01460838317871,"Female"
"9004159",371979,2025-05-21 11:43:52,42.4991340637207,-9.01452732086182,"Female"
"9004159",371979,2025-05-21 11:48:52,42.4950294494629,-9.0268087387085,"Female"
"9004159",371979,2025-05-21 11:55:09,42.4954528808594,-9.02822113037109,"Female"
"9004159",371979,2025-05-21 12:00:38,42.4979057312012,-9.02894592285156,"Female"
"9004159",371979,2025-05-21 12:05:36,42.5021095275879,-9.03273296356201,"Female"
"9004159",371979,2025-05-21 12:10:36,42.5119743347168,-9.04085063934326,"Female"
"9004159",371979,2025-05-21 12:17:03,42.5328063964844,-9.05319690704346,"Female"
"9004159",371979,2025-05-21 12:22:09,42.5344848632812,-9.05411815643311,"Female"
"9004159",371979,2025-05-21 12:28:14,42.5365676879883,-9.05535793304443,"Female"
"9004159",371979,2025-05-21 12:33:50,42.5382308959961,-9.05592155456543,"Female"
"9004159",371979,2025-05-21 12:39:45,42.5400428771973,-9.05604267120361,"Female"
"9004159",371979,2025-05-21 12:45:09,42.5408935546875,-9.05150508880615,"Female"
"9004159",371979,2025-05-21 12:50:55,42.5432586669922,-9.05242538452148,"Female"
"9004159",371979,2025-05-21 12:56:54,42.5463333129883,-9.0511646270752,"Female"
"9004159",371979,2025-05-21 13:02:47,42.5462036132812,-9.05016899108887,"Female"
"9004159",371979,2025-05-21 13:07:49,42.5450744628906,-9.04806232452393,"Female"
"9004159",371979,2025-05-21 13:13:23,42.5454864501953,-9.04968643188477,"Female"
"9004159",371979,2025-05-21 13:19:10,42.5469284057617,-9.05045700073242,"Female"
"9004159",371979,2025-05-21 13:24:42,42.5476531982422,-9.05398941040039,"Female"
"9004159",371979,2025-05-21 13:29:58,42.5495071411133,-9.06187915802002,"Female"
"9004159",371979,2025-05-21 13:34:57,42.5484619140625,-9.06325817108154,"Female"
"9004159",371979,2025-05-21 13:39:57,42.5478324890137,-9.06444835662842,"Female"
"9004159",371979,2025-05-21 13:45:11,42.5466957092285,-9.0657262802124,"Female"
"9004159",371979,2025-05-21 13:50:52,42.5462799072266,-9.0674295425415,"Female"
"9004159",371979,2025-05-21 13:55:53,42.5457420349121,-9.06711196899414,"Female"
"9004159",371979,2025-05-21 14:00:51,42.5446929931641,-9.0597972869873,"Female"
"9004159",371979,2025-05-21 14:05:51,42.542839050293,-9.06002902984619,"Female"
"9004159",371979,2025-05-21 14:10:52,42.5388526916504,-9.05664157867432,"Female"
"9004159",371979,2025-05-21 14:16:35,42.5376739501953,-9.05436420440674,"Female"
"9004159",371979,2025-05-21 14:22:05,42.5383605957031,-9.05377769470215,"Female"
"9004159",371979,2025-05-21 14:27:05,42.5374488830566,-9.05460643768311,"Female"
"9004159",371979,2025-05-21 14:32:36,42.5388488769531,-9.05458164215088,"Female"
"9004159",371979,2025-05-21 14:37:52,42.5403137207031,-9.05421447753906,"Female"
"9004159",371979,2025-05-21 14:42:45,42.5356101989746,-9.05448055267334,"Female"
"9004159",371979,2025-05-21 14:48:16,42.5341796875,-9.05309391021729,"Female"
"9004159",371979,2025-05-21 14:53:16,42.5218811035156,-9.04938793182373,"Female"
"9004159",371979,2025-05-21 14:58:18,42.496208190918,-9.01454925537109,"Female"
"9004159",371979,2025-05-21 15:03:16,42.4990882873535,-9.01495838165283,"Female"
"9004159",371979,2025-05-21 15:08:16,42.4988899230957,-9.01486873626709,"Female"
"9004159",371979,2025-05-21 15:13:17,42.4988708496094,-9.01481342315674,"Female"
"9004159",371979,2025-05-21 15:18:16,42.4988403320312,-9.01474571228027,"Female"
"9004159",371979,2025-05-21 15:23:16,42.4982223510742,-9.01456737518311,"Female"
"9004159",371979,2025-05-21 15:28:16,42.4989204406738,-9.01478004455566,"Female"
"9004159",371979,2025-05-21 15:33:15,42.4988327026367,-9.01477718353271,"Female"
"9004159",371979,2025-05-21 15:38:15,42.4989128112793,-9.01475524902344,"Female"
"9004159",371979,2025-05-21 15:43:15,42.4989242553711,-9.01476097106934,"Female"
"9004159",371979,2025-05-21 15:48:15,42.4988174438477,-9.01474380493164,"Female"
"9004159",371979,2025-05-21 15:53:16,42.4989051818848,-9.01478004455566,"Female"
"9004159",371979,2025-05-21 15:58:15,42.4988975524902,-9.01481819152832,"Female"
"9004159",371979,2025-05-21 16:03:15,42.4988708496094,-9.01481342315674,"Female"
"9004159",371979,2025-05-21 16:08:15,42.4987945556641,-9.01479911804199,"Female"
"9004159",371979,2025-05-21 16:13:16,42.4988746643066,-9.01486110687256,"Female"
"9004159",371979,2025-05-21 16:18:16,42.5001525878906,-9.01770114898682,"Female"
"9004159",371979,2025-05-21 16:23:16,42.5018424987793,-9.01735210418701,"Female"
"9004159",371979,2025-05-21 16:28:31,42.500602722168,-9.02012252807617,"Female"
"9004159",371979,2025-05-21 16:34:23,42.5011177062988,-9.02126502990723,"Female"
"9004159",371979,2025-05-21 16:39:51,42.5009269714355,-9.02101421356201,"Female"
"9004159",371979,2025-05-21 16:45:16,42.4997901916504,-9.02096652984619,"Female"
"9004159",371979,2025-05-21 16:50:16,42.5000267028809,-9.02225971221924,"Female"
"9004159",371979,2025-05-21 16:55:31,42.5003890991211,-9.02084064483643,"Female"
"9004159",371979,2025-05-21 17:01:04,42.4998474121094,-9.02000999450684,"Female"
"9004159",371979,2025-05-21 17:06:57,42.4996948242188,-9.01963520050049,"Female"
"9004159",371979,2025-05-21 17:12:50,42.5000762939453,-9.02016639709473,"Female"
"9004159",371979,2025-05-21 17:17:50,42.5002555847168,-9.01931667327881,"Female"
"9004159",371979,2025-05-21 17:23:01,42.5011672973633,-9.02007579803467,"Female"
"9004159",371979,2025-05-21 17:28:00,42.5014457702637,-9.01934337615967,"Female"
"9004159",371979,2025-05-21 17:33:05,42.5023727416992,-9.0186243057251,"Female"
"9004159",371979,2025-05-21 17:38:05,42.5012321472168,-9.01874160766602,"Female"
"9004159",371979,2025-05-21 17:43:53,42.4999465942383,-9.01909065246582,"Female"
"9004159",371979,2025-05-21 17:48:52,42.4997367858887,-9.01874160766602,"Female"
"9004159",371979,2025-05-21 17:54:00,42.5003051757812,-9.01850605010986,"Female"
"9004159",371979,2025-05-21 17:59:34,42.500560760498,-9.01851844787598,"Female"
"9004159",371979,2025-05-21 18:05:08,42.501277923584,-9.01734828948975,"Female"
"9004159",371979,2025-05-21 18:10:17,42.5009307861328,-9.0162410736084,"Female"
"9004159",371979,2025-05-21 18:15:17,42.5012969970703,-9.01648044586182,"Female"
"9004159",371979,2025-05-21 18:20:57,42.5011329650879,-9.01801872253418,"Female"
"9004159",371979,2025-05-21 18:26:38,42.5002746582031,-9.01870727539062,"Female"
"9004159",371979,2025-05-21 18:31:43,42.5017395019531,-9.01576042175293,"Female"
"9004159",371979,2025-05-21 18:36:43,42.5011711120605,-9.01634407043457,"Female"
"9004159",371979,2025-05-21 18:41:57,42.5016441345215,-9.01696586608887,"Female"
"9004159",371979,2025-05-21 18:46:57,42.5015754699707,-9.01631641387939,"Female"
"9004159",371979,2025-05-21 18:51:58,42.5011444091797,-9.01599884033203,"Female"
"9004159",371979,2025-05-21 18:57:00,42.5010185241699,-9.01590347290039,"Female"
"9004159",371979,2025-05-21 19:02:47,42.5010833740234,-9.01601886749268,"Female"
"9004159",371979,2025-05-21 19:07:46,42.5011978149414,-9.01579189300537,"Female"
"9004159",371979,2025-05-21 19:12:46,42.5007514953613,-9.0158634185791,"Female"
"9004159",371979,2025-05-21 19:17:45,42.501594543457,-9.01605129241943,"Female"
"9004159",371979,2025-05-21 19:22:46,42.501522064209,-9.01583290100098,"Female"
"9004159",371979,2025-05-21 19:27:52,42.5018463134766,-9.0155029296875,"Female"
"9004159",371979,2025-05-21 19:33:08,42.5014228820801,-9.01561737060547,"Female"
"9004159",371979,2025-05-21 19:38:07,42.501220703125,-9.01603603363037,"Female"
"9004159",371979,2025-05-21 19:43:07,42.5013732910156,-9.01651763916016,"Female"
"9004159",371979,2025-05-21 19:49:19,42.501148223877,-9.01602268218994,"Female"
"9004159",371979,2025-05-21 19:54:19,42.5011901855469,-9.01583576202393,"Female"
"9004159",371979,2025-05-21 19:59:19,42.5010261535645,-9.01567935943604,"Female"
"9004159",371979,2025-05-21 20:04:19,42.4889755249023,-8.99608612060547,"Female"
"9004159",371979,2025-05-21 20:09:19,42.4893417358398,-8.99698352813721,"Female"
"9004159",371979,2025-05-21 20:14:19,42.4892845153809,-8.99694156646729,"Female"
"9004159",371979,2025-05-21 20:19:21,42.4891624450684,-8.99702930450439,"Female"
"9004159",371979,2025-05-21 20:24:19,42.4891662597656,-8.99702453613281,"Female"
"9004159",371979,2025-05-21 20:29:19,42.4891967773438,-8.9968147277832,"Female"
"9004159",371979,2025-05-21 20:34:19,42.4891891479492,-8.99690914154053,"Female"
"9004159",371979,2025-05-21 20:39:21,42.4889373779297,-8.99648284912109,"Female"
"9004159",371979,2025-05-21 20:44:19,42.4890403747559,-8.99680709838867,"Female"
"9004159",371979,2025-05-21 20:49:18,42.4888648986816,-8.99636650085449,"Female"
"9004159",371979,2025-05-21 20:54:19,42.4890556335449,-8.99679946899414,"Female"
"9004159",371979,2025-05-21 20:59:18,42.4889984130859,-8.99657440185547,"Female"
"9004159",371979,2025-05-21 21:04:18,42.4890670776367,-8.99665069580078,"Female"
"9004159",371979,2025-05-21 21:09:19,42.4889717102051,-8.99655437469482,"Female"
"9004159",371979,2025-05-21 21:14:19,42.4889907836914,-8.99660015106201,"Female"
"9004159",371979,2025-05-21 21:19:20,42.4888458251953,-8.99683570861816,"Female"
"9004159",371979,2025-05-21 21:24:18,42.4889106750488,-8.99674510955811,"Female"
"9004159",371979,2025-05-21 21:29:18,42.4889984130859,-8.99663734436035,"Female"
"9004159",371979,2025-05-21 21:34:19,42.4889945983887,-8.99673748016357,"Female"
"9004159",371979,2025-05-21 21:39:18,42.4889945983887,-8.99664783477783,"Female"
"9004159",371979,2025-05-21 21:44:18,42.4889602661133,-8.99658107757568,"Female"
"9004159",371979,2025-05-21 21:49:18,42.4889907836914,-8.99663925170898,"Female"
"9004159",371979,2025-05-21 21:54:18,42.4889907836914,-8.99663352966309,"Female"
"9004159",371979,2025-05-21 21:59:18,42.4890480041504,-8.9965934753418,"Female"
"9004159",371979,2025-05-21 22:04:20,42.4890441894531,-8.99657535552979,"Female"
"9004159",371979,2025-05-21 22:09:19,42.4890556335449,-8.99662113189697,"Female"
"9004159",371979,2025-05-21 22:14:18,42.4890785217285,-8.99656105041504,"Female"
"9004159",371979,2025-05-21 22:19:19,42.4887771606445,-8.99687671661377,"Female"
"9004159",371979,2025-05-21 22:24:20,42.489185333252,-8.99698734283447,"Female"
"9004159",371979,2025-05-21 22:29:20,42.4895401000977,-8.9974946975708,"Female"
"9004159",371979,2025-05-21 22:34:30,42.4895782470703,-8.99755477905273,"Female"
"9004159",371979,2025-05-21 22:39:23,42.4894523620605,-8.99733638763428,"Female"
"9004159",371979,2025-05-21 22:44:21,42.4893684387207,-8.99726676940918,"Female"
"9004159",371979,2025-05-21 22:49:25,42.4893569946289,-8.99725818634033,"Female"
"9004159",371979,2025-05-21 22:54:27,42.4894638061523,-8.99743270874023,"Female"
"9004159",371979,2025-05-21 22:59:36,42.4892349243164,-8.99679660797119,"Female"
"9004159",371979,2025-05-21 23:04:29,42.4892768859863,-8.99674415588379,"Female"
"9004159",371979,2025-05-21 23:09:19,42.4889030456543,-8.99673271179199,"Female"
"9004159",371979,2025-05-21 23:14:19,42.4890632629395,-8.99654388427734,"Female"
"9004159",371979,2025-05-21 23:19:21,42.4893760681152,-8.99708080291748,"Female"
"9004159",371979,2025-05-21 23:24:22,42.4893531799316,-8.99694347381592,"Female"
"9004159",371979,2025-05-21 23:29:20,42.4894485473633,-8.99713039398193,"Female"
"9004159",371979,2025-05-21 23:34:20,42.4894752502441,-8.99709606170654,"Female"
"9004159",371979,2025-05-21 23:39:27,42.4895324707031,-8.99735832214355,"Female"
"9004159",371979,2025-05-21 23:44:24,42.4895401000977,-8.99710941314697,"Female"
"9004159",371979,2025-05-21 23:49:30,42.4898223876953,-8.99708080291748,"Female"
"9004159",371979,2025-05-21 23:54:44,42.4897422790527,-8.99706268310547,"Female"
"9004159",371979,2025-05-21 23:59:29,42.490177154541,-8.99712562561035,"Female"
"9004159",371979,2025-05-22 00:04:53,42.488899230957,-8.99698162078857,"Female"
"9004159",371979,2025-05-22 00:09:24,42.4892349243164,-8.99688816070557,"Female"
"9004159",371979,2025-05-22 00:14:20,42.4892044067383,-8.99698638916016,"Female"
"9004159",371979,2025-05-22 00:19:27,42.4891166687012,-8.99607563018799,"Female"
"9004159",371979,2025-05-22 00:24:25,42.4889717102051,-8.9961404800415,"Female"
"9004159",371979,2025-05-22 00:29:25,42.4890251159668,-8.99629402160645,"Female"
"9004159",371979,2025-05-22 00:34:24,42.4890785217285,-8.99658489227295,"Female"
"9004159",371979,2025-05-22 00:39:21,42.4890632629395,-8.99687576293945,"Female"
"9004159",371979,2025-05-22 00:44:29,42.4891586303711,-8.99664497375488,"Female"
"9004159",371979,2025-05-22 00:49:30,42.4892158508301,-8.99699592590332,"Female"
"9004159",371979,2025-05-22 00:54:25,42.4888534545898,-8.99750709533691,"Female"
"9004159",371979,2025-05-22 00:59:28,42.4888000488281,-8.99754428863525,"Female"
"9004159",371979,2025-05-22 01:04:36,42.4888954162598,-8.99672698974609,"Female"
"9004159",371979,2025-05-22 01:09:44,42.4887504577637,-8.99702453613281,"Female"
"9004159",371979,2025-05-22 01:14:24,42.488899230957,-8.99716281890869,"Female"
"9004159",371979,2025-05-22 01:19:24,42.4892616271973,-8.9965934753418,"Female"
"9004159",371979,2025-05-22 01:24:21,42.4888648986816,-8.99689674377441,"Female"
"9004159",371979,2025-05-22 01:29:24,42.4890975952148,-8.99685955047607,"Female"
"9004159",371979,2025-05-22 01:34:22,42.489143371582,-8.99697303771973,"Female"
"9004159",371979,2025-05-22 01:39:27,42.4890213012695,-8.99696350097656,"Female"
"9004159",371979,2025-05-22 01:44:21,42.4890327453613,-8.99714279174805,"Female"
"9004159",371979,2025-05-22 01:49:28,42.4890632629395,-8.99704933166504,"Female"
"9004159",371979,2025-05-22 01:54:29,42.4890975952148,-8.99710178375244,"Female"
"9004159",371979,2025-05-22 01:59:19,42.4891166687012,-8.99745941162109,"Female"
"9004159",371979,2025-05-22 02:04:22,42.4889755249023,-8.99734306335449,"Female"
"9004159",371979,2025-05-22 02:09:29,42.4890632629395,-8.99685001373291,"Female"
"9004159",371979,2025-05-22 02:14:38,42.4891128540039,-8.99743938446045,"Female"
"9004159",371979,2025-05-22 02:19:21,42.4891357421875,-8.99731731414795,"Female"
"9004159",371979,2025-05-22 02:24:22,42.4890365600586,-8.99720287322998,"Female"
"9004159",371979,2025-05-22 02:29:44,42.4891357421875,-8.99752712249756,"Female"
"9004159",371979,2025-05-22 02:34:19,42.4890441894531,-8.99697971343994,"Female"
"9004159",371979,2025-05-22 02:39:23,42.4892463684082,-8.99811172485352,"Female"
"9004159",371979,2025-05-22 02:44:22,42.4892616271973,-8.99811553955078,"Female"
"9004159",371979,2025-05-22 02:49:24,42.4897155761719,-8.99664974212646,"Female"
"9004159",371979,2025-05-22 02:54:21,42.489574432373,-8.99697208404541,"Female"
"9004159",371979,2025-05-22 02:59:21,42.4892730712891,-8.99711227416992,"Female"
"9004159",371979,2025-05-22 03:04:19,42.4894180297852,-8.99703979492188,"Female"
"9004159",371979,2025-05-22 03:09:19,42.4894371032715,-8.99715805053711,"Female"
"9004159",371979,2025-05-22 03:14:17,42.489429473877,-8.99706268310547,"Female"
"9004159",371979,2025-05-22 03:19:18,42.4893798828125,-8.99715137481689,"Female"
"9004159",371979,2025-05-22 03:24:20,42.489429473877,-8.99691581726074,"Female"
"9004159",371979,2025-05-22 03:29:19,42.4894332885742,-8.99685859680176,"Female"
"9004159",371979,2025-05-22 03:34:19,42.4892997741699,-8.99686813354492,"Female"
"9004159",371979,2025-05-22 03:39:19,42.4893836975098,-8.99700736999512,"Female"
"9004159",371979,2025-05-22 03:44:20,42.4893646240234,-8.99687957763672,"Female"
"9004159",371979,2025-05-22 03:49:18,42.4892578125,-8.99710941314697,"Female"
"9004159",371979,2025-05-22 03:54:20,42.4893836975098,-8.9968843460083,"Female"
"9004159",371979,2025-05-22 03:59:19,42.4893798828125,-8.99698734283447,"Female"
"9004159",371979,2025-05-22 04:04:19,42.4894752502441,-8.99683952331543,"Female"
"9004159",371979,2025-05-22 04:09:22,42.4892692565918,-8.99737644195557,"Female"
"9004159",371979,2025-05-22 04:14:18,42.4892616271973,-8.99723148345947,"Female"
"9004159",371979,2025-05-22 04:19:19,42.4893035888672,-8.9973611831665,"Female"
"9004159",371979,2025-05-22 04:24:19,42.4892768859863,-8.99751377105713,"Female"
"9004159",371979,2025-05-22 04:29:29,42.4892501831055,-8.99756336212158,"Female"
"9004159",371979,2025-05-22 04:34:24,42.4893684387207,-8.99753665924072,"Female"
"9004159",371979,2025-05-22 04:39:21,42.4892654418945,-8.99758434295654,"Female"
"9004159",371979,2025-05-22 04:44:27,42.4892311096191,-8.99746704101562,"Female"
"9004159",371979,2025-05-22 04:49:20,42.4890632629395,-8.99757671356201,"Female"
"9004159",371979,2025-05-22 04:54:24,42.4893531799316,-8.99794387817383,"Female"
"9004159",371979,2025-05-22 04:59:21,42.4892692565918,-8.99763202667236,"Female"
"9004159",371979,2025-05-22 05:04:21,42.4893493652344,-8.99795913696289,"Female"
"9004159",371979,2025-05-22 05:09:21,42.4893569946289,-8.99778938293457,"Female"
"9004159",371979,2025-05-22 05:14:27,42.4893608093262,-8.99777603149414,"Female"
"9004159",371979,2025-05-22 05:19:22,42.4893569946289,-8.99779605865479,"Female"
"9004159",371979,2025-05-22 05:24:22,42.489574432373,-8.99716567993164,"Female"
"9004159",371979,2025-05-22 05:29:18,42.4895782470703,-8.99715232849121,"Female"
"9004159",371979,2025-05-22 05:34:18,42.4896583557129,-8.99707221984863,"Female"
"9004159",371979,2025-05-22 05:39:18,42.4895820617676,-8.99714183807373,"Female"
"9004159",371979,2025-05-22 05:44:18,42.489631652832,-8.99705696105957,"Female"
"9004159",371979,2025-05-22 05:49:18,42.4895896911621,-8.99715709686279,"Female"
"9004159",371979,2025-05-22 05:54:20,42.4894027709961,-8.99731254577637,"Female"
"9004159",371979,2025-05-22 05:59:18,42.4895362854004,-8.99711036682129,"Female"
"9004159",371979,2025-05-22 06:04:19,42.4892883300781,-8.99742317199707,"Female"
"9004159",371979,2025-05-22 06:09:19,42.489501953125,-8.99709129333496,"Female"
"9004159",371979,2025-05-22 06:14:17,42.4894065856934,-8.9972620010376,"Female"
"9004159",371979,2025-05-22 06:19:18,42.4895057678223,-8.99702167510986,"Female"
"9004159",371979,2025-05-22 06:24:17,42.4892616271973,-8.99740219116211,"Female"
"9004159",371979,2025-05-22 06:29:17,42.4892730712891,-8.99736499786377,"Female"
"9004159",371979,2025-05-22 06:34:17,42.4892234802246,-8.99743556976318,"Female"
"9004159",371979,2025-05-22 06:39:18,42.4892997741699,-8.9972562789917,"Female"
"9004159",371979,2025-05-22 06:44:19,42.4894828796387,-8.99681568145752,"Female"
"9004159",371979,2025-05-22 06:49:19,42.4893455505371,-8.99707698822021,"Female"
"9004159",371979,2025-05-22 06:54:17,42.4892082214355,-8.99741268157959,"Female"
"9004159",371979,2025-05-22 06:59:17,42.4893112182617,-8.99708938598633,"Female"
"9004159",371979,2025-05-22 07:04:17,42.4892921447754,-8.997145652771,"Female"
"9004159",371979,2025-05-22 07:09:17,42.4892845153809,-8.99703693389893,"Female"
"9004159",371979,2025-05-22 07:14:17,42.4892616271973,-8.9971227645874,"Female"
"9004159",371979,2025-05-22 07:19:17,42.4892311096191,-8.99707984924316,"Female"
"9004159",371979,2025-05-22 07:24:19,42.4891090393066,-8.99719429016113,"Female"
"9004159",371979,2025-05-22 07:29:17,42.4892616271973,-8.99692344665527,"Female"
"9004159",371979,2025-05-22 07:34:17,42.4892730712891,-8.99698638916016,"Female"
"9004159",371979,2025-05-22 07:39:24,42.4895133972168,-8.99764537811279,"Female"
"9004159",371979,2025-05-22 07:44:18,42.4895515441895,-8.99783706665039,"Female"
"9004159",371979,2025-05-22 07:49:18,42.4891815185547,-8.99707984924316,"Female"
"9004159",371979,2025-05-22 07:54:17,42.4892272949219,-8.99703407287598,"Female"
"9004159",371979,2025-05-22 07:59:17,42.4891624450684,-8.99690818786621,"Female"
"9004159",371979,2025-05-22 08:04:18,42.4892234802246,-8.99707984924316,"Female"
"9004159",371979,2025-05-22 08:09:18,42.4891548156738,-8.99689865112305,"Female"
"9004159",371979,2025-05-22 08:14:19,42.4891090393066,-8.99674129486084,"Female"
"9004159",371979,2025-05-22 08:19:18,42.4889640808105,-8.99652099609375,"Female"
"9004159",371979,2025-05-22 08:24:20,42.4890747070312,-8.99668216705322,"Female"
"9004159",371979,2025-05-22 08:29:22,42.4892463684082,-8.99693775177002,"Female"
"9004159",371979,2025-05-22 08:34:19,42.4890365600586,-8.99652004241943,"Female"
"9004159",371979,2025-05-22 08:39:21,42.4912033081055,-8.99962139129639,"Female"
"9004159",371979,2025-05-22 08:44:21,42.4922981262207,-9.00147914886475,"Female"
"9004159",371979,2025-05-22 08:49:17,42.4921264648438,-9.00156497955322,"Female"
"9004159",371979,2025-05-22 08:54:19,42.4989013671875,-9.0141544342041,"Female"
"9004159",371979,2025-05-22 08:59:18,42.498893737793,-9.01393508911133,"Female"
"9004159",371979,2025-05-22 09:04:35,42.4987716674805,-9.01446533203125,"Female"
"9004159",371979,2025-05-22 09:09:17,42.498722076416,-9.01456069946289,"Female"
"9004159",371979,2025-05-22 09:14:17,42.5019950866699,-9.02006435394287,"Female"
"9004159",371979,2025-05-22 09:19:52,42.4981918334961,-9.01844882965088,"Female"
"9004159",371979,2025-05-22 09:24:52,42.4986572265625,-9.01462650299072,"Female"
"9004159",371979,2025-05-22 09:29:52,42.4986801147461,-9.01454830169678,"Female"
"9004159",371979,2025-05-22 09:34:52,42.498649597168,-9.01462936401367,"Female"
"9004159",371979,2025-05-22 09:39:54,42.4986534118652,-9.01471519470215,"Female"
"9004159",371979,2025-05-22 09:44:52,42.4986839294434,-9.0146951675415,"Female"
"9004159",371979,2025-05-22 09:50:00,42.4986610412598,-9.01473140716553,"Female"
"9004159",371979,2025-05-22 09:54:52,42.498607635498,-9.01478958129883,"Female"
"9004159",371979,2025-05-22 09:59:52,42.4986534118652,-9.0146656036377,"Female"
"9004159",371979,2025-05-22 10:04:52,42.4986534118652,-9.01460647583008,"Female"
"9004159",371979,2025-05-22 10:09:52,42.4986877441406,-9.01475143432617,"Female"
"9004159",371979,2025-05-22 10:14:52,42.4987030029297,-9.01462173461914,"Female"
"9004159",371979,2025-05-22 10:19:53,42.498722076416,-9.0145435333252,"Female"
"9004159",371979,2025-05-22 10:24:52,42.4998970031738,-9.02043724060059,"Female"
"9004159",371979,2025-05-22 10:29:52,42.5088920593262,-9.03216743469238,"Female"
"9004159",371979,2025-05-22 10:35:54,42.5339508056641,-9.05268669128418,"Female"
"9004159",371979,2025-05-22 10:41:06,42.5360374450684,-9.05215072631836,"Female"
"9004159",371979,2025-05-22 10:46:47,42.5364608764648,-9.0533332824707,"Female"
"9004159",371979,2025-05-22 10:52:52,42.5349235534668,-9.05192565917969,"Female"
"9004159",371979,2025-05-22 10:58:51,42.5338172912598,-9.05306911468506,"Female"
"9004159",371979,2025-05-22 11:04:18,42.5357131958008,-9.05241394042969,"Female"
"9004159",371979,2025-05-22 11:09:17,42.5373344421387,-9.05162906646729,"Female"
"9004159",371979,2025-05-22 11:14:46,42.5459594726562,-9.05186939239502,"Female"
"9004159",371979,2025-05-22 11:19:59,42.5469169616699,-9.05321502685547,"Female"
"9004159",371979,2025-05-22 11:24:57,42.5388488769531,-9.05727672576904,"Female"
"9004159",371979,2025-05-22 11:31:14,42.5381851196289,-9.05539894104004,"Female"
"9004159",371979,2025-05-22 11:36:27,42.5367889404297,-9.0538215637207,"Female"
"9004159",371979,2025-05-22 11:42:52,42.5341644287109,-9.05319309234619,"Female"
"9004159",371979,2025-05-22 11:49:09,42.5328216552734,-9.05401039123535,"Female"
"9004159",371979,2025-05-22 11:54:03,42.5340347290039,-9.05502891540527,"Female"
"9004159",371979,2025-05-22 11:59:46,42.5353584289551,-9.05334949493408,"Female"
"9004159",371979,2025-05-22 12:05:47,42.5373649597168,-9.05298137664795,"Female"
"9004159",371979,2025-05-22 12:11:56,42.5390129089355,-9.05386543273926,"Female"
"9004159",371979,2025-05-22 12:18:05,42.5385704040527,-9.05307674407959,"Female"
"9004159",371979,2025-05-22 12:23:32,42.538631439209,-9.05584526062012,"Female"
"9004159",371979,2025-05-22 12:29:35,42.5397605895996,-9.05366230010986,"Female"
"9004159",371979,2025-05-22 12:34:39,42.5402793884277,-9.05234718322754,"Female"
"9004159",371979,2025-05-22 12:40:13,42.5359077453613,-9.05306529998779,"Female"
"9004159",371979,2025-05-22 12:45:18,42.5337333679199,-9.05205535888672,"Female"
"9004159",371979,2025-05-22 12:50:09,42.5241813659668,-9.04946517944336,"Female"
"9004159",371979,2025-05-22 12:55:54,42.5126724243164,-9.01710987091064,"Female"
"9004159",371979,2025-05-22 13:01:57,42.5150108337402,-9.01665496826172,"Female"
"9004159",371979,2025-05-22 13:07:06,42.5164604187012,-9.01708889007568,"Female"
"9004159",371979,2025-05-22 13:12:10,42.5157432556152,-9.01683902740479,"Female"
"9004159",371979,2025-05-22 13:18:00,42.5132484436035,-9.01736354827881,"Female"
"9004159",371979,2025-05-22 13:23:57,42.5122032165527,-9.01947116851807,"Female"
"9004159",371979,2025-05-22 13:28:55,42.5107650756836,-9.02046298980713,"Female"
"9004159",371979,2025-05-22 13:34:06,42.4987144470215,-9.01454734802246,"Female"
"9004159",371979,2025-05-22 13:39:00,42.4986610412598,-9.01448535919189,"Female"
"9004159",371979,2025-05-22 13:44:07,42.4986114501953,-9.01453590393066,"Female"
"9004159",371979,2025-05-22 13:49:14,42.498706817627,-9.01502895355225,"Female"
"9004159",371979,2025-05-22 13:53:53,42.4987144470215,-9.01495742797852,"Female"
"9004159",371979,2025-05-22 13:58:57,42.4987945556641,-9.01521396636963,"Female"
"9004159",371979,2025-05-22 14:03:58,42.4987754821777,-9.01500511169434,"Female"
"9004159",371979,2025-05-22 14:08:57,42.5009765625,-9.019606590271,"Female"
"9004159",371979,2025-05-22 14:13:55,42.5018501281738,-9.01990985870361,"Female"
"9004159",371979,2025-05-22 14:19:12,42.5004196166992,-9.0194845199585,"Female"
"9004159",371979,2025-05-22 14:24:52,42.5006408691406,-9.02156639099121,"Female"
"9004159",371979,2025-05-22 14:30:54,42.5016136169434,-9.02062320709229,"Female"
"9004159",371979,2025-05-22 14:35:53,42.5023384094238,-9.02204704284668,"Female"
"9004159",371979,2025-05-22 14:41:41,42.504077911377,-9.02362728118896,"Female"
"9004159",371979,2025-05-22 14:48:03,42.5033111572266,-9.02458000183105,"Female"
"9004159",371979,2025-05-22 14:54:03,42.5028610229492,-9.02221012115479,"Female"
"9004159",371979,2025-05-22 14:59:01,42.4987335205078,-9.01436042785645,"Female"
"9004159",371979,2025-05-22 15:04:02,42.4986839294434,-9.01442909240723,"Female"
"9004159",371979,2025-05-22 15:09:02,42.4986114501953,-9.01445960998535,"Female"
"9004159",371979,2025-05-22 15:14:02,42.4985694885254,-9.01451778411865,"Female"
"9004159",371979,2025-05-22 15:19:02,42.4986686706543,-9.0143871307373,"Female"
"9004159",371979,2025-05-22 15:24:02,42.4987106323242,-9.01441478729248,"Female"
"9004159",371979,2025-05-22 15:29:02,42.4987297058105,-9.01441478729248,"Female"
"9004159",371979,2025-05-22 15:34:02,42.4980201721191,-9.02021598815918,"Female"
"9004159",371979,2025-05-22 15:39:02,42.4991683959961,-9.02264499664307,"Female"
"9004159",371979,2025-05-22 15:44:02,42.5049285888672,-9.02835559844971,"Female"
"9004159",371979,2025-05-22 15:50:05,42.4985237121582,-9.03057479858398,"Female"
"9004159",371979,2025-05-22 15:55:04,42.4986267089844,-9.02904891967773,"Female"
"9004159",371979,2025-05-22 16:00:04,42.4984283447266,-9.02726268768311,"Female"
"9004159",371979,2025-05-22 16:05:04,42.4992065429688,-9.0268669128418,"Female"
"9004159",371979,2025-05-22 16:10:22,42.5006675720215,-9.02666568756104,"Female"
"9004159",371979,2025-05-22 16:15:38,42.5012855529785,-9.02542495727539,"Female"
"9004159",371979,2025-05-22 16:20:36,42.503776550293,-9.02342319488525,"Female"
"9004159",371979,2025-05-22 16:26:08,42.5042610168457,-9.02215671539307,"Female"
"9004159",371979,2025-05-22 16:32:03,42.5032577514648,-9.01995658874512,"Female"
"9004159",371979,2025-05-22 16:37:02,42.4985542297363,-9.01449298858643,"Female"
"9004159",371979,2025-05-22 16:42:02,42.4985961914062,-9.01450538635254,"Female"
"9004159",371979,2025-05-22 16:47:04,42.4985160827637,-9.01448059082031,"Female"
"9004159",371979,2025-05-22 16:52:05,42.4985694885254,-9.01450538635254,"Female"
"9004159",371979,2025-05-22 16:57:07,42.4984474182129,-9.01433849334717,"Female"
"9004159",371979,2025-05-22 17:02:02,42.498592376709,-9.0145092010498,"Female"
"9004159",371979,2025-05-22 17:07:11,42.5006256103516,-9.015380859375,"Female"
"9004159",371979,2025-05-22 17:12:14,42.5009689331055,-9.01596069335938,"Female"
"9004159",371979,2025-05-22 17:18:19,42.5002555847168,-9.01779174804688,"Female"
"9004159",371979,2025-05-22 17:23:59,42.5000381469727,-9.01822185516357,"Female"
"9004159",371979,2025-05-22 17:28:52,42.5002555847168,-9.0185546875,"Female"
"9004159",371979,2025-05-22 17:33:51,42.4996223449707,-9.01849269866943,"Female"
"9004159",371979,2025-05-22 17:39:27,42.4995422363281,-9.01813983917236,"Female"
"9004159",371979,2025-05-22 17:44:29,42.5003089904785,-9.01824378967285,"Female"
"9004159",371979,2025-05-22 17:49:28,42.4999389648438,-9.01817989349365,"Female"
"9004159",371979,2025-05-22 17:58:00,42.5002021789551,-9.01841735839844,"Female"
"9004159",371979,2025-05-22 18:04:11,42.5009536743164,-9.01621055603027,"Female"
"9004159",371979,2025-05-22 18:10:04,42.5015029907227,-9.01726055145264,"Female"
"9004159",371979,2025-05-22 18:18:23,42.5010795593262,-9.01693058013916,"Female"
"9004159",371979,2025-05-22 18:24:01,42.5012054443359,-9.01667785644531,"Female"
"9004159",371979,2025-05-22 18:29:19,42.5011787414551,-9.01694488525391,"Female"
"9004159",371979,2025-05-22 18:34:55,42.5008888244629,-9.01714324951172,"Female"
"9004159",371979,2025-05-22 18:40:16,42.5013809204102,-9.01660633087158,"Female"
"9004159",371979,2025-05-22 18:47:05,42.5012817382812,-9.01737499237061,"Female"
"9004159",371979,2025-05-22 18:52:05,42.501537322998,-9.01719188690186,"Female"
"9004159",371979,2025-05-22 18:57:09,42.5014839172363,-9.01735496520996,"Female"
"9004159",371979,2025-05-22 19:02:06,42.5011444091797,-9.01752376556396,"Female"
"9004159",371979,2025-05-22 19:07:49,42.5012092590332,-9.01598644256592,"Female"
"9004159",371979,2025-05-22 19:12:48,42.5012855529785,-9.0166130065918,"Female"
"9004159",371979,2025-05-22 19:18:16,42.501407623291,-9.01623916625977,"Female"
"9004159",371979,2025-05-22 19:23:17,42.5008926391602,-9.01474189758301,"Female"
"9004159",371979,2025-05-22 19:28:17,42.4892387390137,-8.99729156494141,"Female"
"9004159",371979,2025-05-22 19:33:18,42.4890022277832,-8.99730682373047,"Female"
"9004159",371979,2025-05-22 19:38:17,42.4890060424805,-8.99715995788574,"Female"
"9004159",371979,2025-05-22 19:43:17,42.4890213012695,-8.99724388122559,"Female"
"9004159",371979,2025-05-22 19:48:17,42.4889984130859,-8.99729919433594,"Female"
"9004159",371979,2025-05-22 19:53:17,42.4890518188477,-8.99723052978516,"Female"
"9004159",371979,2025-05-22 19:58:17,42.4890251159668,-8.99724578857422,"Female"
"9004159",371979,2025-05-22 20:03:17,42.4890480041504,-8.99724674224854,"Female"
"9004159",371979,2025-05-22 20:08:17,42.4890480041504,-8.9971923828125,"Female"
"9004159",371979,2025-05-22 20:13:17,42.4890403747559,-8.99722576141357,"Female"
"9004159",371979,2025-05-22 20:18:17,42.4891395568848,-8.99728107452393,"Female"
"9004159",371979,2025-05-22 20:23:23,42.4890251159668,-8.99720191955566,"Female"
"9004159",371979,2025-05-22 20:28:18,42.4890556335449,-8.9972620010376,"Female"
"9004159",371979,2025-05-22 20:33:17,42.4890899658203,-8.99725437164307,"Female"
"9004159",371979,2025-05-22 20:38:18,42.489086151123,-8.99717044830322,"Female"
"9004159",371979,2025-05-22 20:43:18,42.4892311096191,-8.99735450744629,"Female"
"9004159",371979,2025-05-22 20:48:18,42.4890632629395,-8.99728298187256,"Female"
"9004159",371979,2025-05-22 20:53:17,42.4892272949219,-8.99742126464844,"Female"
"9004159",371979,2025-05-22 20:58:17,42.4891395568848,-8.99732494354248,"Female"
"9004159",371979,2025-05-22 21:03:18,42.4892654418945,-8.99738216400146,"Female"
"9004159",371979,2025-05-22 21:08:17,42.489013671875,-8.99722290039062,"Female"
"9004159",371979,2025-05-22 21:13:18,42.4888305664062,-8.9971284866333,"Female"
"9004159",371979,2025-05-22 21:18:19,42.488956451416,-8.99736213684082,"Female"
"9004159",371979,2025-05-22 21:23:17,42.4891967773438,-8.99757480621338,"Female"
"9004159",371979,2025-05-22 21:28:18,42.4897613525391,-8.99855518341064,"Female"
"9004159",371979,2025-05-22 21:33:19,42.4893836975098,-8.99800872802734,"Female"
"9004159",371979,2025-05-22 21:38:18,42.4893074035645,-8.99795436859131,"Female"
"9004159",371979,2025-05-22 21:43:22,42.488956451416,-8.99707221984863,"Female"
"9004159",371979,2025-05-22 21:48:19,42.4890937805176,-8.99722099304199,"Female"
"9004159",371979,2025-05-22 21:53:20,42.4893989562988,-8.99814319610596,"Female"
"9004159",371979,2025-05-22 21:58:21,42.4889640808105,-8.99696254730225,"Female"
"9004159",371979,2025-05-22 22:03:21,42.4890441894531,-8.99710559844971,"Female"
"9004159",371979,2025-05-22 22:08:20,42.4888916015625,-8.99681091308594,"Female"
"9004159",371979,2025-05-22 22:13:20,42.4889755249023,-8.99688339233398,"Female"
"9004159",371979,2025-05-22 22:18:24,42.4891166687012,-8.99738216400146,"Female"
"9004159",371979,2025-05-22 22:23:19,42.4890022277832,-8.99704933166504,"Female"
"9004159",371979,2025-05-22 22:28:21,42.4889984130859,-8.99696063995361,"Female"
"9004159",371979,2025-05-22 22:33:18,42.489128112793,-8.99726009368896,"Female"
"9004159",371979,2025-05-22 22:38:18,42.4891471862793,-8.99721240997314,"Female"
"9004159",371979,2025-05-22 22:43:21,42.4887199401855,-8.99764347076416,"Female"
"9004159",371979,2025-05-22 22:48:30,42.4889450073242,-8.99675750732422,"Female"
"9004159",371979,2025-05-22 22:53:30,42.488941192627,-8.99664974212646,"Female"
"9004159",371979,2025-05-22 22:58:27,42.4889678955078,-8.99675273895264,"Female"
"9004159",371979,2025-05-22 23:03:27,42.4889869689941,-8.99665260314941,"Female"
"9004159",371979,2025-05-22 23:08:20,42.4890174865723,-8.99706649780273,"Female"
"9004159",371979,2025-05-22 23:13:24,42.4891014099121,-8.99702930450439,"Female"
"9004159",371979,2025-05-22 23:18:26,42.4891204833984,-8.99698829650879,"Female"
"9004159",371979,2025-05-22 23:23:22,42.4891891479492,-8.99710559844971,"Female"
"9004159",371979,2025-05-22 23:28:19,42.4891548156738,-8.99672794342041,"Female"
"9004159",371979,2025-05-22 23:33:32,42.4889793395996,-8.99662303924561,"Female"
"9004159",371979,2025-05-22 23:38:19,42.4889488220215,-8.99662971496582,"Female"
"9004159",371979,2025-05-22 23:43:32,42.4883460998535,-8.99689769744873,"Female"
"9004159",371979,2025-05-22 23:48:18,42.4888534545898,-8.99692153930664,"Female"
"9004159",371979,2025-05-22 23:53:22,42.4889297485352,-8.99668407440186,"Female"
"9004159",371979,2025-05-22 23:58:29,42.4886131286621,-8.99684524536133,"Female"
"9004159",371979,2025-05-23 00:03:19,42.4890213012695,-8.99674510955811,"Female"
"9004159",371979,2025-05-23 00:08:18,42.489143371582,-8.99674034118652,"Female"
"9004159",371979,2025-05-23 00:13:53,42.4889221191406,-8.99716567993164,"Female"
"9004159",371979,2025-05-23 00:18:17,42.4890975952148,-8.99717712402344,"Female"
"9004159",371979,2025-05-23 00:23:16,42.4890365600586,-8.99713516235352,"Female"
"9004159",371979,2025-05-23 00:28:17,42.4890975952148,-8.99710464477539,"Female"
"9004159",371979,2025-05-23 00:33:17,42.4890518188477,-8.99713802337646,"Female"
"9004159",371979,2025-05-23 00:38:17,42.4890747070312,-8.99716281890869,"Female"
"9004159",371979,2025-05-23 00:43:17,42.4888877868652,-8.99711990356445,"Female"
"9004159",371979,2025-05-23 00:48:17,42.4889297485352,-8.99714660644531,"Female"
"9004159",371979,2025-05-23 00:53:17,42.4888687133789,-8.99725818634033,"Female"
"9004159",371979,2025-05-23 00:58:17,42.489128112793,-8.99718952178955,"Female"
"9004159",371979,2025-05-23 01:03:17,42.4889793395996,-8.9971809387207,"Female"
"9004159",371979,2025-05-23 01:08:17,42.488883972168,-8.99710369110107,"Female"
"9004159",371979,2025-05-23 01:13:18,42.4891624450684,-8.99724388122559,"Female"
"9004159",371979,2025-05-23 01:18:19,42.4890060424805,-8.99716663360596,"Female"
"9004159",371979,2025-05-23 01:23:17,42.4888687133789,-8.99702644348145,"Female"
"9004159",371979,2025-05-23 01:28:18,42.4889755249023,-8.99703311920166,"Female"
"9004159",371979,2025-05-23 01:33:17,42.488941192627,-8.99701690673828,"Female"
"9004159",371979,2025-05-23 01:38:18,42.4889183044434,-8.99696922302246,"Female"
"9004159",371979,2025-05-23 01:43:17,42.4889259338379,-8.99702739715576,"Female"
"9004159",371979,2025-05-23 01:48:17,42.4887771606445,-8.99706077575684,"Female"
"9004159",371979,2025-05-23 01:53:18,42.4887008666992,-8.99707984924316,"Female"
"9004159",371979,2025-05-23 01:58:18,42.4889144897461,-8.99680137634277,"Female"
"9004159",371979,2025-05-23 02:03:17,42.4887809753418,-8.99702167510986,"Female"
"9004159",371979,2025-05-23 02:08:17,42.489013671875,-8.996994972229,"Female"
"9004159",371979,2025-05-23 02:13:17,42.4886856079102,-8.99680042266846,"Female"
"9004159",371979,2025-05-23 02:18:18,42.4887619018555,-8.9967679977417,"Female"
"9004159",371979,2025-05-23 02:23:17,42.4887771606445,-8.99687767028809,"Female"
"9004159",371979,2025-05-23 02:28:17,42.4887657165527,-8.99671745300293,"Female"
"9004159",371979,2025-05-23 02:33:17,42.4887428283691,-8.99672508239746,"Female"
"9004159",371979,2025-05-23 02:38:18,42.4887161254883,-8.99677753448486,"Female"
"9004159",371979,2025-05-23 02:43:17,42.4886054992676,-8.99680709838867,"Female"
"9004159",371979,2025-05-23 02:48:21,42.489143371582,-8.99701499938965,"Female"
"9004159",371979,2025-05-23 02:53:24,42.4890480041504,-8.99696826934814,"Female"
"9004159",371979,2025-05-23 02:58:19,42.4893226623535,-8.99696445465088,"Female"
"9004159",371979,2025-05-23 03:03:19,42.4893989562988,-8.99697303771973,"Female"
"9004159",371979,2025-05-23 03:08:18,42.4892158508301,-8.99696350097656,"Female"
"9004159",371979,2025-05-23 03:13:21,42.4890975952148,-8.99695587158203,"Female"
"9004159",371979,2025-05-23 03:18:21,42.4890403747559,-8.99697208404541,"Female"
"9004159",371979,2025-05-23 03:23:18,42.4895362854004,-8.99703311920166,"Female"
"9004159",371979,2025-05-23 03:28:24,42.4890327453613,-8.99697017669678,"Female"
"9004159",371979,2025-05-23 03:33:21,42.4891738891602,-8.99702548980713,"Female"
"9004159",371979,2025-05-23 03:38:22,42.4892120361328,-8.99707889556885,"Female"
"9004159",371979,2025-05-23 03:43:23,42.4892845153809,-8.99733734130859,"Female"
"9004159",371979,2025-05-23 03:48:19,42.4890365600586,-8.9969596862793,"Female"
"9004159",371979,2025-05-23 03:53:20,42.489070892334,-8.99699878692627,"Female"
"9004159",371979,2025-05-23 03:58:20,42.4892501831055,-8.99731159210205,"Female"
"9004159",371979,2025-05-23 04:03:21,42.4892234802246,-8.99730396270752,"Female"
"9004159",371979,2025-05-23 04:08:20,42.4895858764648,-8.99748516082764,"Female"
"9004159",371979,2025-05-23 04:13:24,42.4894409179688,-8.99730396270752,"Female"
"9004159",371979,2025-05-23 04:18:23,42.4896392822266,-8.99746131896973,"Female"
"9004159",371979,2025-05-23 04:23:24,42.4891204833984,-8.99701309204102,"Female"
"9004159",371979,2025-05-23 04:28:30,42.4891090393066,-8.99707889556885,"Female"
"9004159",371979,2025-05-23 04:33:35,42.4890403747559,-8.9970006942749,"Female"
"9004159",371979,2025-05-23 04:38:19,42.4890327453613,-8.9970874786377,"Female"
"9004159",371979,2025-05-23 04:43:17,42.489070892334,-8.99712944030762,"Female"
"9004159",371979,2025-05-23 04:48:19,42.4889984130859,-8.99704933166504,"Female"
"9004159",371979,2025-05-23 04:53:19,42.4894943237305,-8.99729442596436,"Female"
"9004159",371979,2025-05-23 04:58:20,42.4890403747559,-8.99705505371094,"Female"
"9004159",371979,2025-05-23 05:03:23,42.4892654418945,-8.99729251861572,"Female"
"9004159",371979,2025-05-23 05:08:22,42.4892997741699,-8.99731349945068,"Female"
"9004159",371979,2025-05-23 05:13:19,42.4893379211426,-8.99733448028564,"Female"
"9004159",371979,2025-05-23 05:18:20,42.4893074035645,-8.99742317199707,"Female"
"9004159",371979,2025-05-23 05:23:31,42.4893341064453,-8.99736309051514,"Female"
"9004159",371979,2025-05-23 05:28:21,42.4892539978027,-8.99734306335449,"Female"
"9004159",371979,2025-05-23 05:33:18,42.4891395568848,-8.99739646911621,"Female"
"9004159",371979,2025-05-23 05:38:18,42.489086151123,-8.99710941314697,"Female"
"9004159",371979,2025-05-23 05:43:23,42.4892463684082,-8.99734115600586,"Female"
"9004159",371979,2025-05-23 05:48:20,42.489200592041,-8.99735260009766,"Female"
"9004159",371979,2025-05-23 05:53:17,42.4890213012695,-8.99748516082764,"Female"
"9004159",371979,2025-05-23 05:58:17,42.4890251159668,-8.99745464324951,"Female"
"9004159",371979,2025-05-23 06:03:17,42.4890747070312,-8.99736213684082,"Female"
"9004159",371979,2025-05-23 06:08:17,42.4889869689941,-8.99739456176758,"Female"
"9004159",371979,2025-05-23 06:13:18,42.4889221191406,-8.99744701385498,"Female"
"9004159",371979,2025-05-23 06:18:18,42.4884147644043,-8.99803924560547,"Female"
"9004159",371979,2025-05-23 06:23:30,42.4890022277832,-8.99736022949219,"Female"
"9004159",371979,2025-05-23 06:28:17,42.4893112182617,-8.99689102172852,"Female"
"9004159",371979,2025-05-23 06:33:24,42.4890632629395,-8.99726009368896,"Female"
"9004159",371979,2025-05-23 06:38:18,42.4895858764648,-8.99661159515381,"Female"
"9004159",371979,2025-05-23 06:43:18,42.4895439147949,-8.99661731719971,"Female"
"9004159",371979,2025-05-23 06:48:19,42.4892578125,-8.99678707122803,"Female"
"9004159",371979,2025-05-23 06:53:18,42.4893417358398,-8.99674034118652,"Female"
"9004159",371979,2025-05-23 06:58:22,42.489185333252,-8.99696636199951,"Female"
"9004159",371979,2025-05-23 07:03:17,42.489330291748,-8.99679660797119,"Female"
"9004159",371979,2025-05-23 07:08:18,42.4894027709961,-8.99673271179199,"Female"
"9004159",371979,2025-05-23 07:13:17,42.489444732666,-8.99676990509033,"Female"
"9004159",371979,2025-05-23 07:18:17,42.4893798828125,-8.9968147277832,"Female"
"9004159",371979,2025-05-23 07:23:18,42.4887924194336,-8.99707794189453,"Female"
"9004159",371979,2025-05-23 07:28:19,42.4889144897461,-8.99690628051758,"Female"
"9004159",371979,2025-05-23 07:33:19,42.4889640808105,-8.99682331085205,"Female"
"9004159",371979,2025-05-23 07:38:18,42.488956451416,-8.99677276611328,"Female"
"9004159",371979,2025-05-23 07:43:18,42.4887924194336,-8.99680233001709,"Female"
"9004159",371979,2025-05-23 07:48:19,42.4890785217285,-8.99695873260498,"Female"
"9004159",371979,2025-05-23 07:53:18,42.4890594482422,-8.99701499938965,"Female"
"9004159",371979,2025-05-23 07:58:17,42.489128112793,-8.99705028533936,"Female"
"9004159",371979,2025-05-23 08:03:18,42.4890251159668,-8.99712467193604,"Female"
"9004159",371979,2025-05-23 08:08:19,42.4891815185547,-8.99724006652832,"Female"
"9004159",371979,2025-05-23 08:13:19,42.4892044067383,-8.99716472625732,"Female"
"9004159",371979,2025-05-23 08:18:22,42.489330291748,-8.9970064163208,"Female"
"9004159",371979,2025-05-23 08:23:19,42.4894676208496,-8.99613571166992,"Female"
"9004159",371979,2025-05-23 08:28:25,42.4968376159668,-9.00989627838135,"Female"
"9004159",371979,2025-05-23 08:34:04,42.5004844665527,-9.01579570770264,"Female"
"9004159",371979,2025-05-23 08:40:23,42.5039367675781,-9.01872730255127,"Female"
"9004159",371979,2025-05-23 08:46:35,42.5024833679199,-9.02552604675293,"Female"
"9004159",371979,2025-05-23 08:52:30,42.5000534057617,-9.02629280090332,"Female"
"9004159",371979,2025-05-23 09:03:50,42.4998931884766,-9.0256872177124,"Female"
"9004159",371979,2025-05-23 09:09:35,42.5004615783691,-9.02662181854248,"Female"
"9004159",371979,2025-05-23 09:15:25,42.5011978149414,-9.02622890472412,"Female"
"9004159",371979,2025-05-23 09:20:24,42.5036239624023,-9.02518272399902,"Female"
"9004159",371979,2025-05-23 09:25:24,42.5046539306641,-9.02373504638672,"Female"
"9004159",371979,2025-05-23 09:30:30,42.5035972595215,-9.02336978912354,"Female"
"9004159",371979,2025-05-23 09:36:29,42.505069732666,-9.02303123474121,"Female"
"9004159",371979,2025-05-23 09:41:29,42.5088043212891,-9.02324104309082,"Female"
"9004159",371979,2025-05-23 09:46:29,42.5072631835938,-9.02212524414062,"Female"
"9004159",371979,2025-05-23 09:51:29,42.5054092407227,-9.01986312866211,"Female"
"9004159",371979,2025-05-23 09:57:53,42.5053596496582,-9.01999664306641,"Female"
"9004159",371979,2025-05-23 10:01:29,42.498664855957,-9.01490688323975,"Female"
"9004159",371979,2025-05-23 10:06:30,42.4987564086914,-9.01503276824951,"Female"
"9004159",371979,2025-05-23 10:11:44,42.4986953735352,-9.0149393081665,"Female"
"9004159",371979,2025-05-23 10:16:30,42.4986915588379,-9.01492977142334,"Female"
"9004159",371979,2025-05-23 10:21:30,42.4987297058105,-9.01494884490967,"Female"
"9004159",371979,2025-05-23 10:26:29,42.498706817627,-9.01489639282227,"Female"
"9004159",371979,2025-05-23 10:31:29,42.4987449645996,-9.01484966278076,"Female"
"9004159",371979,2025-05-23 10:36:29,42.4985809326172,-9.01449584960938,"Female"
"9004159",371979,2025-05-23 10:41:29,42.4985389709473,-9.01446628570557,"Female"
"9004159",371979,2025-05-23 10:47:32,42.5000534057617,-9.02059268951416,"Female"
"9004159",371979,2025-05-23 10:52:31,42.4976768493652,-9.02390766143799,"Female"
"9004159",371979,2025-05-23 10:57:31,42.5009269714355,-9.02215385437012,"Female"
"9004159",371979,2025-05-23 11:02:31,42.4994773864746,-9.0230827331543,"Female"
"9004159",371979,2025-05-23 11:07:31,42.4998741149902,-9.02215576171875,"Female"
"9004159",371979,2025-05-23 11:12:31,42.5027084350586,-9.02178287506104,"Female"
"9004159",371979,2025-05-23 11:17:31,42.5025978088379,-9.02101230621338,"Female"
"9004159",371979,2025-05-23 11:22:32,42.5011863708496,-9.02545166015625,"Female"
"9004159",371979,2025-05-23 11:28:29,42.4994277954102,-9.02574729919434,"Female"
"9004159",371979,2025-05-23 11:34:07,42.4995498657227,-9.02236366271973,"Female"
"9004159",371979,2025-05-23 11:39:07,42.499755859375,-9.02083492279053,"Female"
"9004159",371979,2025-05-23 11:44:08,42.4985313415527,-9.01461219787598,"Female"
"9004159",371979,2025-05-23 11:49:07,42.4985733032227,-9.01467037200928,"Female"
"9004159",371979,2025-05-23 11:54:08,42.498462677002,-9.01465225219727,"Female"
"9004159",371979,2025-05-23 11:59:07,42.4987106323242,-9.01463508605957,"Female"
"9004159",371979,2025-05-23 12:04:07,42.4987411499023,-9.01512432098389,"Female"
"9004159",371979,2025-05-23 12:09:07,42.4988632202148,-9.01454544067383,"Female"
"9004159",371979,2025-05-23 12:14:07,42.4987754821777,-9.01482963562012,"Female"
"9004159",371979,2025-05-23 12:19:08,42.4987869262695,-9.01513862609863,"Female"
"9004159",371979,2025-05-23 12:24:08,42.4989280700684,-9.01474857330322,"Female"
"9004159",371979,2025-05-23 12:29:08,42.4988441467285,-9.01451110839844,"Female"
"9004159",371979,2025-05-23 12:34:07,42.4989967346191,-9.01456260681152,"Female"
"9004159",371979,2025-05-23 12:39:07,42.4989585876465,-9.01452922821045,"Female"
"9004159",371979,2025-05-23 12:44:08,42.4989242553711,-9.01484870910645,"Female"
"9004159",371979,2025-05-23 12:49:08,42.4987754821777,-9.01517486572266,"Female"
"9004159",371979,2025-05-23 12:54:07,42.4988746643066,-9.01441383361816,"Female"
"9004159",371979,2025-05-23 12:59:07,42.4989395141602,-9.01467800140381,"Female"
"9004159",371979,2025-05-23 13:04:08,42.4989013671875,-9.0148229598999,"Female"
"9004159",371979,2025-05-23 13:09:07,42.498851776123,-9.01440048217773,"Female"
"9004159",371979,2025-05-23 13:14:08,42.4988861083984,-9.01452732086182,"Female"
"9004159",371979,2025-05-23 13:19:08,42.4988212585449,-9.01475238800049,"Female"
"9004159",371979,2025-05-23 13:24:10,42.4987487792969,-9.01509475708008,"Female"
"9004159",371979,2025-05-23 13:29:07,42.503833770752,-9.01488018035889,"Female"
"9004159",371979,2025-05-23 13:34:30,42.5051078796387,-9.01417255401611,"Female"
"9004159",371979,2025-05-23 13:39:49,42.5047302246094,-9.0135326385498,"Female"
"9004159",371979,2025-05-23 13:44:47,42.5048599243164,-9.01455402374268,"Female"
"9004159",371979,2025-05-23 13:49:49,42.4985733032227,-9.01436138153076,"Female"
"9004159",371979,2025-05-23 13:54:49,42.4987564086914,-9.0144214630127,"Female"
"9004159",371979,2025-05-23 13:59:47,42.4988822937012,-9.01497936248779,"Female"
"9004159",371979,2025-05-23 14:04:47,42.4987525939941,-9.01478958129883,"Female"
"9004159",371979,2025-05-23 14:09:47,42.4986991882324,-9.01490879058838,"Female"
"9004159",371979,2025-05-23 14:14:47,42.4988021850586,-9.01473331451416,"Female"
"9004159",371979,2025-05-23 14:19:47,42.4989013671875,-9.01493644714355,"Female"
"9004159",371979,2025-05-23 14:24:47,42.4987869262695,-9.01486968994141,"Female"
"9004159",371979,2025-05-23 14:30:08,42.5016136169434,-9.01771068572998,"Female"
"9004159",371979,2025-05-23 14:35:25,42.5015525817871,-9.02633953094482,"Female"
"9004159",371979,2025-05-23 14:40:24,42.5011253356934,-9.02849864959717,"Female"
"9004159",371979,2025-05-23 14:47:02,42.4992218017578,-9.02897071838379,"Female"
"9004159",371979,2025-05-23 14:53:16,42.4976921081543,-9.02759456634521,"Female"
"9004159",371979,2025-05-23 14:58:19,42.498176574707,-9.02577972412109,"Female"
"9004159",371979,2025-05-23 15:03:48,42.499324798584,-9.023362159729,"Female"
"9004159",371979,2025-05-23 15:08:46,42.4997138977051,-9.02626705169678,"Female"
"9004159",371979,2025-05-23 15:13:47,42.5011825561523,-9.0197868347168,"Female"
"9004159",371979,2025-05-23 15:18:49,42.5026893615723,-9.02169322967529,"Female"
"9004159",371979,2025-05-23 15:23:55,42.5047760009766,-9.02218532562256,"Female"
"9004159",371979,2025-05-23 15:29:39,42.5029487609863,-9.02090549468994,"Female"
"9004159",371979,2025-05-23 15:35:02,42.5039024353027,-9.01937770843506,"Female"
"9004159",371979,2025-05-23 15:40:49,42.5043144226074,-9.01743793487549,"Female"
"9004159",371979,2025-05-23 15:45:48,42.5072326660156,-9.02184677124023,"Female"
"9004159",371979,2025-05-23 15:51:15,42.5089950561523,-9.01851177215576,"Female"
"9004159",371979,2025-05-23 15:56:14,42.5081443786621,-9.01933193206787,"Female"
"9004159",371979,2025-05-23 16:01:14,42.4995384216309,-9.01472759246826,"Female"
"9004159",371979,2025-05-23 16:06:14,42.4989624023438,-9.01445484161377,"Female"
"9004159",371979,2025-05-23 16:11:15,42.4988822937012,-9.01452350616455,"Female"
"9004159",371979,2025-05-23 16:16:15,42.4990386962891,-9.01444053649902,"Female"
"9004159",371979,2025-05-23 16:21:15,42.4989242553711,-9.01454925537109,"Female"
"9004159",371979,2025-05-23 16:26:14,42.4989891052246,-9.01445484161377,"Female"
"9004159",371979,2025-05-23 16:31:14,42.4988708496094,-9.01451396942139,"Female"
"9004159",371979,2025-05-23 16:36:14,42.4989776611328,-9.01445770263672,"Female"
"9004159",371979,2025-05-23 16:41:14,42.4989356994629,-9.01453113555908,"Female"
"9004159",371979,2025-05-23 16:46:14,42.4989852905273,-9.01450729370117,"Female"
"9004159",371979,2025-05-23 16:51:14,42.4989700317383,-9.014573097229,"Female"
"9004159",371979,2025-05-23 16:56:15,42.4989624023438,-9.0145320892334,"Female"
"9004159",371979,2025-05-23 17:01:35,42.4987373352051,-9.01456260681152,"Female"
"9004159",371979,2025-05-23 17:06:14,42.4987297058105,-9.0145788192749,"Female"
"9004159",371979,2025-05-23 17:11:14,42.4987716674805,-9.01453685760498,"Female"
"9004159",371979,2025-05-23 17:16:14,42.5015830993652,-9.01602745056152,"Female"
"9004159",371979,2025-05-23 17:21:25,42.501651763916,-9.01676654815674,"Female"
"9004159",371979,2025-05-23 17:26:25,42.5011177062988,-9.01897525787354,"Female"
"9004159",371979,2025-05-23 17:31:25,42.5012893676758,-9.01742649078369,"Female"
"9004159",371979,2025-05-23 17:36:25,42.498477935791,-9.02054214477539,"Female"
"9004159",371979,2025-05-23 17:42:20,42.4974670410156,-9.02008056640625,"Female"
"9004159",371979,2025-05-23 17:47:25,42.4964942932129,-9.0220832824707,"Female"
"9004159",371979,2025-05-23 17:53:03,42.4981803894043,-9.02053356170654,"Female"
"9004159",371979,2025-05-23 17:59:08,42.5016822814941,-9.01730728149414,"Female"
"9004159",371979,2025-05-23 18:04:22,42.501293182373,-9.01740455627441,"Female"
"9004159",371979,2025-05-23 18:09:23,42.5017242431641,-9.01879978179932,"Female"
"9004159",371979,2025-05-23 18:14:22,42.501953125,-9.01778030395508,"Female"
"9004159",371979,2025-05-23 18:20:03,42.5020141601562,-9.01650714874268,"Female"
"9004159",371979,2025-05-23 18:24:59,42.5014801025391,-9.01609230041504,"Female"
"9004159",371979,2025-05-23 18:31:17,42.5013008117676,-9.01630115509033,"Female"
"9004159",371979,2025-05-23 18:36:16,42.5011787414551,-9.01620578765869,"Female"
"9004159",371979,2025-05-23 18:42:27,42.5013732910156,-9.0167760848999,"Female"
"9004159",371979,2025-05-23 18:48:33,42.5014991760254,-9.0163631439209,"Female"
"9004159",371979,2025-05-23 18:53:34,42.5014343261719,-9.01563167572021,"Female"
"9004159",371979,2025-05-23 18:58:33,42.5013542175293,-9.01573944091797,"Female"
"9004159",371979,2025-05-23 19:03:34,42.5011672973633,-9.01610469818115,"Female"
"9004159",371979,2025-05-23 19:09:22,42.5012893676758,-9.0159215927124,"Female"
"9004159",371979,2025-05-23 19:15:19,42.501766204834,-9.01584434509277,"Female"
"9004159",371979,2025-05-23 19:20:20,42.5016250610352,-9.0158576965332,"Female"
"9004159",371979,2025-05-23 19:26:20,42.5015449523926,-9.01614284515381,"Female"
"9004159",371979,2025-05-23 19:31:20,42.5013084411621,-9.01573467254639,"Female"
"9004159",371979,2025-05-23 19:36:19,42.5011711120605,-9.01606941223145,"Female"
"9004159",371979,2025-05-23 19:41:32,42.5013847351074,-9.01617813110352,"Female"
"9004159",371979,2025-05-23 19:46:31,42.5012512207031,-9.0160436630249,"Female"
"9004159",371979,2025-05-23 19:51:32,42.5012359619141,-9.01632595062256,"Female"
"9004159",371979,2025-05-23 19:56:32,42.4893798828125,-8.99691200256348,"Female"
"9004159",371979,2025-05-23 20:01:32,42.4896926879883,-8.99716281890869,"Female"
"9004159",371979,2025-05-23 20:06:32,42.4890975952148,-8.99723339080811,"Female"
"9004159",371979,2025-05-23 20:11:32,42.489200592041,-8.99730682373047,"Female"
"9004159",371979,2025-05-23 20:16:31,42.489128112793,-8.99720191955566,"Female"
"9004159",371979,2025-05-23 20:21:34,42.4890289306641,-8.99724292755127,"Female"
"9004159",371979,2025-05-23 20:26:32,42.489315032959,-8.99745845794678,"Female"
"9004159",371979,2025-05-23 20:31:32,42.4894485473633,-8.99764060974121,"Female"
"9004159",371979,2025-05-23 20:36:32,42.4891929626465,-8.99743461608887,"Female"
"9004159",371979,2025-05-23 20:41:33,42.4892120361328,-8.99737930297852,"Female"
"9004159",371979,2025-05-23 20:46:33,42.4894752502441,-8.99777603149414,"Female"
"9004159",371979,2025-05-23 20:51:33,42.4894561767578,-8.99767684936523,"Female"
"9004159",371979,2025-05-23 20:56:37,42.4889144897461,-8.99724578857422,"Female"
"9004159",371979,2025-05-23 21:01:42,42.4888381958008,-8.99735450744629,"Female"
"9004159",371979,2025-05-23 21:06:34,42.488956451416,-8.99719905853271,"Female"
"9004159",371979,2025-05-23 21:11:38,42.4889259338379,-8.99721908569336,"Female"
"9004159",371979,2025-05-23 21:16:32,42.4890174865723,-8.99701881408691,"Female"
"9004159",371979,2025-05-23 21:21:36,42.4889106750488,-8.9970235824585,"Female"
"9004159",371979,2025-05-23 21:26:33,42.4889373779297,-8.99700260162354,"Female"
"9004159",371979,2025-05-23 21:31:39,42.489128112793,-8.99699401855469,"Female"
"9004159",371979,2025-05-23 21:36:34,42.4891395568848,-8.9969482421875,"Female"
"9004159",371979,2025-05-23 21:41:36,42.4891395568848,-8.99685859680176,"Female"
"9004159",371979,2025-05-23 21:46:33,42.4889335632324,-8.99658679962158,"Female"
"9004159",371979,2025-05-23 21:51:39,42.489143371582,-8.99694442749023,"Female"
"9004159",371979,2025-05-23 21:56:33,42.4891052246094,-8.99676609039307,"Female"
"9004159",371979,2025-05-23 22:01:34,42.4889717102051,-8.99693584442139,"Female"
"9004159",371979,2025-05-23 22:06:32,42.4888381958008,-8.99614524841309,"Female"
"9004159",371979,2025-05-23 22:11:32,42.488883972168,-8.99630832672119,"Female"
"9004159",371979,2025-05-23 22:16:37,42.4888916015625,-8.99746990203857,"Female"
"9004159",371979,2025-05-23 22:21:32,42.4889373779297,-8.99632263183594,"Female"
"9004159",371979,2025-05-23 22:26:32,42.488582611084,-8.9979419708252,"Female"
"9004159",371979,2025-05-23 22:31:32,42.488639831543,-8.99727725982666,"Female"
"9004159",371979,2025-05-23 22:36:32,42.488525390625,-8.995680809021,"Female"
"9004159",371979,2025-05-23 22:41:32,42.4888534545898,-8.99680519104004,"Female"
"9004159",371979,2025-05-23 22:46:34,42.4888687133789,-8.9973783493042,"Female"
"9004159",371979,2025-05-23 22:51:34,42.4889984130859,-8.9968786239624,"Female"
"9004159",371979,2025-05-23 22:56:33,42.4882507324219,-8.99503612518311,"Female"
"9004159",371979,2025-05-23 23:01:37,42.4891586303711,-8.99693393707275,"Female"
"9004159",371979,2025-05-23 23:06:33,42.4894065856934,-8.99704360961914,"Female"
"9004159",371979,2025-05-23 23:11:36,42.4881134033203,-8.99425506591797,"Female"
"9004159",371979,2025-05-23 23:16:37,42.4892349243164,-8.99692630767822,"Female"
"9004159",371979,2025-05-23 23:21:36,42.4891166687012,-8.99663066864014,"Female"
"9004159",371979,2025-05-23 23:26:32,42.4883308410645,-8.9948034286499,"Female"
"9004159",371979,2025-05-23 23:31:33,42.488395690918,-8.9971866607666,"Female"
"9004159",371979,2025-05-23 23:36:36,42.4883003234863,-8.99854469299316,"Female"
"9004159",371979,2025-05-23 23:41:33,42.4889945983887,-8.99613666534424,"Female"
"9004159",371979,2025-05-23 23:46:37,42.4892616271973,-8.99501991271973,"Female"
"9004159",371979,2025-05-23 23:51:35,42.4893341064453,-8.9952564239502,"Female"
"9004159",371979,2025-05-23 23:56:40,42.4887771606445,-8.9963493347168,"Female"
"9004159",371979,2025-05-24 00:01:34,42.4874305725098,-8.99840545654297,"Female"
"9004159",371979,2025-05-24 00:06:38,42.4888648986816,-8.99703025817871,"Female"
"9004159",371979,2025-05-24 00:11:32,42.4884490966797,-8.99719333648682,"Female"
"9004159",371979,2025-05-24 00:16:39,42.488826751709,-8.99699592590332,"Female"
"9004159",371979,2025-05-24 00:21:33,42.4896469116211,-8.99641609191895,"Female"
"9004159",371979,2025-05-24 00:26:39,42.488899230957,-8.99685287475586,"Female"
"9004159",371979,2025-05-24 00:31:34,42.4888763427734,-8.9969310760498,"Female"
"9004159",371979,2025-05-24 00:36:34,42.489086151123,-8.99691200256348,"Female"
"9004159",371979,2025-05-24 00:41:34,42.4888687133789,-8.99689102172852,"Female"
"9004159",371979,2025-05-24 00:46:33,42.4895362854004,-8.99660015106201,"Female"
"9004159",371979,2025-05-24 00:51:33,42.4894256591797,-8.99671649932861,"Female"
"9004159",371979,2025-05-24 00:56:36,42.4890060424805,-8.99697971343994,"Female"
"9004159",371979,2025-05-24 01:01:32,42.4888610839844,-8.9970006942749,"Female"
"9004159",371979,2025-05-24 01:06:36,42.4888229370117,-8.99704360961914,"Female"
"9004159",371979,2025-05-24 01:11:32,42.4887161254883,-8.99697971343994,"Female"
"9004159",371979,2025-05-24 01:16:33,42.4883003234863,-8.99714660644531,"Female"
"9004159",371979,2025-05-24 01:21:36,42.4887886047363,-8.9970006942749,"Female"
"9004159",371979,2025-05-24 01:26:33,42.4882774353027,-8.99702739715576,"Female"
"9004159",371979,2025-05-24 01:32:05,42.4888877868652,-8.99707889556885,"Female"
"9004159",371979,2025-05-24 01:36:31,42.4890556335449,-8.99708843231201,"Female"
"9004159",371979,2025-05-24 01:41:31,42.4890518188477,-8.99706649780273,"Female"
"9004159",371979,2025-05-24 01:46:31,42.4890403747559,-8.99711608886719,"Female"
"9004159",371979,2025-05-24 01:51:31,42.4890670776367,-8.99706745147705,"Female"
"9004159",371979,2025-05-24 01:56:31,42.4890480041504,-8.9970874786377,"Female"
"9004159",371979,2025-05-24 02:01:30,42.4890480041504,-8.99709033966064,"Female"
"9004159",371979,2025-05-24 02:06:31,42.4890670776367,-8.99706268310547,"Female"
"9004159",371979,2025-05-24 02:11:34,42.4890174865723,-8.99705600738525,"Female"
"9004159",371979,2025-05-24 02:16:30,42.4890441894531,-8.9970178604126,"Female"
"9004159",371979,2025-05-24 02:21:30,42.4890365600586,-8.99712181091309,"Female"
"9004159",371979,2025-05-24 02:26:30,42.4890327453613,-8.99701118469238,"Female"
"9004159",371979,2025-05-24 02:31:31,42.4890251159668,-8.99703025817871,"Female"
"9004159",371979,2025-05-24 02:36:30,42.4891471862793,-8.99704360961914,"Female"
"9004159",371979,2025-05-24 02:41:31,42.4891319274902,-8.99707221984863,"Female"
"9004159",371979,2025-05-24 02:46:31,42.489128112793,-8.9970531463623,"Female"
"9004159",371979,2025-05-24 02:51:31,42.489143371582,-8.99705505371094,"Female"
"9004159",371979,2025-05-24 02:56:31,42.4891738891602,-8.99704074859619,"Female"
"9004159",371979,2025-05-24 03:01:30,42.489128112793,-8.99707698822021,"Female"
"9004159",371979,2025-05-24 03:06:31,42.4891242980957,-8.99703502655029,"Female"
"9004159",371979,2025-05-24 03:11:34,42.4891624450684,-8.99698448181152,"Female"
"9004159",371979,2025-05-24 03:16:31,42.489185333252,-8.9970178604126,"Female"
"9004159",371979,2025-05-24 03:21:32,42.4891471862793,-8.99711990356445,"Female"
"9004159",371979,2025-05-24 03:26:32,42.4891586303711,-8.99712467193604,"Female"
"9004159",371979,2025-05-24 03:31:34,42.4891357421875,-8.99714183807373,"Female"
"9004159",371979,2025-05-24 03:36:34,42.4891967773438,-8.99702548980713,"Female"
"9004159",371979,2025-05-24 03:41:31,42.4891586303711,-8.99719715118408,"Female"
"9004159",371979,2025-05-24 03:47:05,42.4891128540039,-8.9970121383667,"Female"
"9004159",371979,2025-05-24 03:51:31,42.4891815185547,-8.99681663513184,"Female"
"9004159",371979,2025-05-24 03:56:35,42.489070892334,-8.99692440032959,"Female"
"9004159",371979,2025-05-24 04:01:31,42.4890747070312,-8.99694347381592,"Female"
"9004159",371979,2025-05-24 04:06:31,42.4889526367188,-8.99696350097656,"Female"
"9004159",371979,2025-05-24 04:11:36,42.4889526367188,-8.99702644348145,"Female"
"9004159",371979,2025-05-24 04:16:34,42.4890174865723,-8.99714088439941,"Female"
"9004159",371979,2025-05-24 04:21:32,42.488956451416,-8.99705505371094,"Female"
"9004159",371979,2025-05-24 04:26:30,42.4891471862793,-8.99713897705078,"Female"
"9004159",371979,2025-05-24 04:31:36,42.489086151123,-8.99707698822021,"Female"
"9004159",371979,2025-05-24 04:36:34,42.4890785217285,-8.99711513519287,"Female"
"9004159",371979,2025-05-24 04:41:34,42.4891128540039,-8.99717235565186,"Female"
"9004159",371979,2025-05-24 04:46:31,42.489070892334,-8.99706363677979,"Female"
"9004159",371979,2025-05-24 04:51:33,42.4891204833984,-8.99705410003662,"Female"
"9004159",371979,2025-05-24 04:56:36,42.4890747070312,-8.99706745147705,"Female"
"9004159",371979,2025-05-24 05:01:32,42.488956451416,-8.99703407287598,"Female"
"9004159",371979,2025-05-24 05:06:41,42.4890975952148,-8.99697589874268,"Female"
"9004159",371979,2025-05-24 05:11:33,42.4889640808105,-8.99700450897217,"Female"
"9004159",371979,2025-05-24 05:16:42,42.488883972168,-8.99672698974609,"Female"
"9004159",371979,2025-05-24 05:21:36,42.4893341064453,-8.99733734130859,"Female"
"9004159",371979,2025-05-24 05:26:37,42.4893341064453,-8.9972038269043,"Female"
"9004159",371979,2025-05-24 05:31:33,42.4892158508301,-8.997239112854,"Female"
"9004159",371979,2025-05-24 05:36:31,42.4894104003906,-8.99726486206055,"Female"
"9004159",371979,2025-05-24 05:41:31,42.4894371032715,-8.99720287322998,"Female"
"9004159",371979,2025-05-24 05:46:36,42.4893417358398,-8.9971981048584,"Female"
"9004159",371979,2025-05-24 05:51:31,42.4893379211426,-8.99729156494141,"Female"
"9004159",371979,2025-05-24 05:56:31,42.4892959594727,-8.99726295471191,"Female"
"9004159",371979,2025-05-24 06:01:34,42.4892807006836,-8.9974308013916,"Female"
"9004159",371979,2025-05-24 06:06:34,42.4892234802246,-8.99742984771729,"Female"
"9004159",371979,2025-05-24 06:11:33,42.4892272949219,-8.99739265441895,"Female"
"9004159",371979,2025-05-24 06:16:33,42.4891586303711,-8.99742126464844,"Female"
"9004159",371979,2025-05-24 06:21:32,42.4891014099121,-8.99748039245605,"Female"
"9004159",371979,2025-05-24 06:26:33,42.4891128540039,-8.99740600585938,"Female"
"9004159",371979,2025-05-24 06:31:33,42.489128112793,-8.99740600585938,"Female"
"9004159",371979,2025-05-24 06:36:33,42.4891242980957,-8.99738121032715,"Female"
"9004159",371979,2025-05-24 06:41:41,42.4892120361328,-8.99728775024414,"Female"
"9004159",371979,2025-05-24 06:46:39,42.489185333252,-8.99705505371094,"Female"
"9004159",371979,2025-05-24 06:51:37,42.4890441894531,-8.99738311767578,"Female"
"9004159",371979,2025-05-24 06:56:34,42.4890480041504,-8.997314453125,"Female"
"9004159",371979,2025-05-24 07:01:36,42.4889640808105,-8.99739456176758,"Female"
"9004159",371979,2025-05-24 07:06:33,42.488941192627,-8.99735355377197,"Female"
"9004159",371979,2025-05-24 07:11:31,42.4892692565918,-8.99736499786377,"Female"
"9004159",371979,2025-05-24 07:16:31,42.4894790649414,-8.99680423736572,"Female"
"9004159",371979,2025-05-24 07:21:31,42.4893074035645,-8.99743366241455,"Female"
"9004159",371979,2025-05-24 07:26:31,42.4892921447754,-8.99684810638428,"Female"
"9004159",371979,2025-05-24 07:31:32,42.489387512207,-8.99676418304443,"Female"
"9004159",371979,2025-05-24 07:36:33,42.4893798828125,-8.99675369262695,"Female"
"9004159",371979,2025-05-24 07:41:31,42.4893798828125,-8.99665832519531,"Female"
"9004159",371979,2025-05-24 07:46:31,42.4895286560059,-8.996657371521,"Female"
"9004159",371979,2025-05-24 07:51:31,42.4890747070312,-8.99671840667725,"Female"
"9004159",371979,2025-05-24 07:56:31,42.4893417358398,-8.99718761444092,"Female"
"9004159",371979,2025-05-24 08:01:31,42.4892883300781,-8.99720096588135,"Female"
"9004159",371979,2025-05-24 08:06:33,42.489444732666,-8.9970703125,"Female"
"9004159",371979,2025-05-24 08:11:32,42.4894676208496,-8.9970531463623,"Female"
"9004159",371979,2025-05-24 08:16:31,42.4894676208496,-8.99703407287598,"Female"
"9004159",371979,2025-05-24 08:21:31,42.4895629882812,-8.99699401855469,"Female"
"9004159",371979,2025-05-24 08:26:32,42.4895668029785,-8.99700164794922,"Female"
"9004159",371979,2025-05-24 08:31:31,42.4895477294922,-8.99701118469238,"Female"
"9004159",371979,2025-05-24 08:36:31,42.4896430969238,-8.99700546264648,"Female"
"9004159",371979,2025-05-24 08:41:31,42.4897346496582,-8.9969596862793,"Female"
"9004159",371979,2025-05-24 08:46:31,42.499324798584,-9.01425361633301,"Female"
"9004159",371979,2025-05-24 08:51:31,42.4993438720703,-9.01433086395264,"Female"
"9004159",371979,2025-05-24 08:56:32,42.4992294311523,-9.01433849334717,"Female"
"9004159",371979,2025-05-24 09:01:31,42.4992866516113,-9.014328956604,"Female"
"9004159",371979,2025-05-24 09:06:33,42.4992332458496,-9.01430034637451,"Female"
"9004159",371979,2025-05-24 09:11:47,42.505241394043,-9.01591205596924,"Female"
"9004159",371979,2025-05-24 09:17:49,42.5070991516113,-9.01694011688232,"Female"
"9004159",371979,2025-05-24 09:22:53,42.5080909729004,-9.0188684463501,"Female"
"9004159",371979,2025-05-24 09:28:23,42.5097122192383,-9.01896572113037,"Female"
"9004159",371979,2025-05-24 09:33:23,42.5078277587891,-9.0194091796875,"Female"
"9004159",371979,2025-05-24 09:38:23,42.506275177002,-9.02076721191406,"Female"
"9004159",371979,2025-05-24 09:43:41,42.5062103271484,-9.01963710784912,"Female"
"9004159",371979,2025-05-24 09:48:57,42.5076293945312,-9.01916599273682,"Female"
"9004159",371979,2025-05-24 09:54:24,42.5072822570801,-9.01976299285889,"Female"
"9004159",371979,2025-05-24 09:59:43,42.508113861084,-9.01810646057129,"Female"
"9004159",371979,2025-05-24 10:05:18,42.5102615356445,-9.01822280883789,"Female"
"9004159",371979,2025-05-24 10:10:18,42.5106086730957,-9.02020072937012,"Female"
"9004159",371979,2025-05-24 10:15:28,42.5094718933105,-9.0207405090332,"Female"
"9004159",371979,2025-05-24 10:20:48,42.5077590942383,-9.02165412902832,"Female"
"9004159",371979,2025-05-24 10:26:29,42.5059432983398,-9.02219486236572,"Female"
"9004159",371979,2025-05-24 10:31:36,42.5048370361328,-9.02332496643066,"Female"
"9004159",371979,2025-05-24 10:36:38,42.5033836364746,-9.02387237548828,"Female"
"9004159",371979,2025-05-24 10:42:07,42.5037422180176,-9.02553844451904,"Female"
"9004159",371979,2025-05-24 10:47:06,42.5043067932129,-9.0254373550415,"Female"
"9004159",371979,2025-05-24 10:52:05,42.503662109375,-9.02458381652832,"Female"
"9004159",371979,2025-05-24 10:58:03,42.5043983459473,-9.01692867279053,"Female"
"9004159",371979,2025-05-24 11:03:18,42.5060768127441,-9.01656150817871,"Female"
"9004159",371979,2025-05-24 11:08:19,42.5074729919434,-9.01705837249756,"Female"
"9004159",371979,2025-05-24 11:13:17,42.5079879760742,-9.01691722869873,"Female"
"9004159",371979,2025-05-24 11:18:50,42.5074882507324,-9.01781558990479,"Female"
"9004159",371979,2025-05-24 11:24:11,42.5072021484375,-9.01772880554199,"Female"
"9004159",371979,2025-05-24 11:30:19,42.5066947937012,-9.02132034301758,"Female"
"9004159",371979,2025-05-24 11:35:18,42.505729675293,-9.02290821075439,"Female"
"9004159",371979,2025-05-24 11:40:19,42.5046691894531,-9.02306365966797,"Female"
"9004159",371979,2025-05-24 11:46:10,42.5017051696777,-9.02345657348633,"Female"
"9004159",371979,2025-05-24 11:52:15,42.5035018920898,-9.02324867248535,"Female"
"9004159",371979,2025-05-24 11:57:18,42.5026512145996,-9.02163696289062,"Female"
"9004159",371979,2025-05-24 12:02:20,42.5015678405762,-9.02138614654541,"Female"
"9004159",371979,2025-05-24 12:07:18,42.499324798584,-9.01487922668457,"Female"
"9004159",371979,2025-05-24 12:12:19,42.499267578125,-9.01496315002441,"Female"
"9004159",371979,2025-05-24 12:17:17,42.4992408752441,-9.01496505737305,"Female"
"9004159",371979,2025-05-24 12:22:18,42.499210357666,-9.01501846313477,"Female"
"9004159",371979,2025-05-24 12:27:21,42.4991874694824,-9.0148286819458,"Female"
"9004159",371979,2025-05-24 12:32:21,42.4991874694824,-9.01505947113037,"Female"
"9004159",371979,2025-05-24 12:37:23,42.4991912841797,-9.01488018035889,"Female"
"9004159",371979,2025-05-24 12:42:21,42.4992752075195,-9.014723777771,"Female"
"9004159",371979,2025-05-24 12:47:23,42.4990463256836,-9.01584434509277,"Female"
"9004159",371979,2025-05-24 12:52:32,42.4990501403809,-9.01560306549072,"Female"
"9004159",371979,2025-05-24 12:57:22,42.4990882873535,-9.01580715179443,"Female"
"9004159",371979,2025-05-24 13:02:24,42.4990615844727,-9.01572895050049,"Female"
"9004159",371979,2025-05-24 13:07:53,42.4988212585449,-9.01503849029541,"Female"
"9004159",371979,2025-05-24 13:12:17,42.4986343383789,-9.01657962799072,"Female"
"9004159",371979,2025-05-24 13:17:19,42.498607635498,-9.01401042938232,"Female"
"9004159",371979,2025-05-24 13:22:18,42.498592376709,-9.01402759552002,"Female"
"9004159",371979,2025-05-24 13:28:44,42.4980010986328,-9.01966571807861,"Female"
"9004159",371979,2025-05-24 13:34:06,42.499080657959,-9.01983451843262,"Female"
"9004159",371979,2025-05-24 13:39:55,42.5006332397461,-9.01973915100098,"Female"
"9004159",371979,2025-05-24 13:46:44,42.5004501342773,-9.0194787979126,"Female"
"9004159",371979,2025-05-24 13:51:27,42.501148223877,-9.01932334899902,"Female"
"9004159",371979,2025-05-24 13:57:09,42.5023765563965,-9.01827907562256,"Female"
"9004159",371979,2025-05-24 14:02:31,42.5016860961914,-9.01916885375977,"Female"
"9004159",371979,2025-05-24 14:08:01,42.5019226074219,-9.01871585845947,"Female"
"9004159",371979,2025-05-24 14:12:57,42.5019798278809,-9.0188684463501,"Female"
"9004159",371979,2025-05-24 14:18:06,42.5031051635742,-9.01957988739014,"Female"
"9004159",371979,2025-05-24 14:23:02,42.5021476745605,-9.01828765869141,"Female"
"9004159",371979,2025-05-24 14:28:03,42.5026206970215,-9.01715660095215,"Female"
"9004159",371979,2025-05-24 14:38:35,42.5015106201172,-9.01822185516357,"Female"
"9004159",371979,2025-05-24 14:43:08,42.501781463623,-9.01821422576904,"Female"
"9004159",371979,2025-05-24 14:48:10,42.4988441467285,-9.01489734649658,"Female"
"9004159",371979,2025-05-24 14:53:09,42.4988746643066,-9.01482677459717,"Female"
"9004159",371979,2025-05-24 14:58:09,42.4984512329102,-9.01446914672852,"Female"
"9004159",371979,2025-05-24 15:03:19,42.4986572265625,-9.01474475860596,"Female"
"9004159",371979,2025-05-24 15:08:08,42.4986038208008,-9.01487255096436,"Female"
"9004159",371979,2025-05-24 15:13:08,42.4986381530762,-9.0147533416748,"Female"
"9004159",371979,2025-05-24 15:18:09,42.4987373352051,-9.01502895355225,"Female"
"9004159",371979,2025-05-24 15:23:09,42.4986038208008,-9.01469993591309,"Female"
"9004159",371979,2025-05-24 15:28:09,42.4986953735352,-9.01483154296875,"Female"
"9004159",371979,2025-05-24 15:33:08,42.4986267089844,-9.01476573944092,"Female"
"9004159",371979,2025-05-24 15:38:11,42.4986991882324,-9.01480674743652,"Female"
"9004159",371979,2025-05-24 15:43:08,42.4987640380859,-9.01521015167236,"Female"
"9004159",371979,2025-05-24 15:48:09,42.4986038208008,-9.01476097106934,"Female"
"9004159",371979,2025-05-24 15:53:10,42.4987144470215,-9.01482963562012,"Female"
"9004159",371979,2025-05-24 15:58:09,42.4987449645996,-9.01504516601562,"Female"
"9004159",371979,2025-05-24 16:03:11,42.4986839294434,-9.01500797271729,"Female"
"9004159",371979,2025-05-24 16:08:09,42.4986801147461,-9.01498126983643,"Female"
"9004159",371979,2025-05-24 16:13:09,42.4986801147461,-9.01493740081787,"Female"
"9004159",371979,2025-05-24 16:18:16,42.4985427856445,-9.01475811004639,"Female"
"9004159",371979,2025-05-24 16:23:10,42.4987106323242,-9.01496505737305,"Female"
"9004159",371979,2025-05-24 16:28:10,42.4986381530762,-9.01490306854248,"Female"
"9004159",371979,2025-05-24 16:33:11,42.4987030029297,-9.0148754119873,"Female"
"9004159",371979,2025-05-24 16:38:11,42.498649597168,-9.01485443115234,"Female"
"9004159",371979,2025-05-24 16:44:18,42.5010528564453,-9.0172290802002,"Female"
"9004159",371979,2025-05-24 16:49:28,42.5012321472168,-9.01748466491699,"Female"
"9004159",371979,2025-05-24 16:55:12,42.5008354187012,-9.01956081390381,"Female"
"9004159",371979,2025-05-24 17:01:10,42.5003051757812,-9.01855278015137,"Female"
"9004159",371979,2025-05-24 17:06:10,42.5016326904297,-9.01658153533936,"Female"
"9004159",371979,2025-05-24 17:12:26,42.5016136169434,-9.01650905609131,"Female"
"9004159",371979,2025-05-24 17:17:27,42.5016136169434,-9.01601314544678,"Female"
"9004159",371979,2025-05-24 17:23:36,42.5016822814941,-9.0156078338623,"Female"
"9004159",371979,2025-05-24 17:28:34,42.5016288757324,-9.01580238342285,"Female"
"9004159",371979,2025-05-24 17:34:24,42.5017356872559,-9.01606369018555,"Female"
"9004159",371979,2025-05-24 17:40:25,42.5013580322266,-9.01570415496826,"Female"
"9004159",371979,2025-05-24 17:45:29,42.5014152526855,-9.01602649688721,"Female"
"9004159",371979,2025-05-24 17:50:22,42.501392364502,-9.01612854003906,"Female"
"9004159",371979,2025-05-24 17:57:36,42.5020332336426,-9.01618099212646,"Female"
"9004159",371979,2025-05-24 18:04:05,42.5020179748535,-9.01571178436279,"Female"
"9004159",371979,2025-05-24 18:08:46,42.5015258789062,-9.01567935943604,"Female"
"9004159",371979,2025-05-24 18:13:47,42.5017013549805,-9.01504611968994,"Female"
"9004159",371979,2025-05-24 18:19:18,42.5022430419922,-9.01521110534668,"Female"
"9004159",371979,2025-05-24 18:24:34,42.5012702941895,-9.01557064056396,"Female"
"9004159",371979,2025-05-24 18:29:17,42.5015029907227,-9.01543617248535,"Female"
"9004159",371979,2025-05-24 18:34:35,42.5017547607422,-9.01554870605469,"Female"
"9004159",371979,2025-05-24 18:39:51,42.5016326904297,-9.01567935943604,"Female"
"9004159",371979,2025-05-24 18:44:51,42.5017547607422,-9.01591014862061,"Female"
"9004159",371979,2025-05-24 18:50:49,42.5018615722656,-9.01551342010498,"Female"
"9004159",371979,2025-05-24 18:56:12,42.5021171569824,-9.01611232757568,"Female"
"9004159",371979,2025-05-24 19:02:11,42.5015563964844,-9.01673221588135,"Female"
"9004159",371979,2025-05-24 19:07:09,42.501636505127,-9.01681900024414,"Female"
"9004159",371979,2025-05-24 19:13:02,42.5015678405762,-9.01649570465088,"Female"
"9004159",371979,2025-05-24 19:18:03,42.5010719299316,-9.01591300964355,"Female"
"9004159",371979,2025-05-24 19:23:38,42.5019569396973,-9.01596355438232,"Female"
"9004159",371979,2025-05-24 19:28:37,42.5019302368164,-9.01619529724121,"Female"
"9004159",371979,2025-05-24 19:34:21,42.5021057128906,-9.01556205749512,"Female"
"9004159",371979,2025-05-24 19:39:14,42.5020751953125,-9.0156717300415,"Female"
"9004159",371979,2025-05-24 19:44:14,42.5011367797852,-9.01529312133789,"Female"
"9004159",371979,2025-05-24 19:49:14,42.498966217041,-9.01360893249512,"Female"
"9004159",371979,2025-05-24 19:54:16,42.4896240234375,-8.99750804901123,"Female"
"9004159",371979,2025-05-24 19:59:16,42.4891624450684,-8.99716377258301,"Female"
"9004159",371979,2025-05-24 20:04:14,42.4891738891602,-8.99729919433594,"Female"
"9004159",371979,2025-05-24 20:09:15,42.4892692565918,-8.99732303619385,"Female"
"9004159",371979,2025-05-24 20:14:14,42.4891891479492,-8.99728584289551,"Female"
"9004159",371979,2025-05-24 20:19:21,42.4891357421875,-8.99723148345947,"Female"
"9004159",371979,2025-05-24 20:24:35,42.4891014099121,-8.99716091156006,"Female"
"9004159",371979,2025-05-24 20:29:13,42.4890365600586,-8.99710464477539,"Female"
"9004159",371979,2025-05-24 20:34:13,42.489128112793,-8.99713230133057,"Female"
"9004159",371979,2025-05-24 20:39:14,42.489070892334,-8.99713325500488,"Female"
"9004159",371979,2025-05-24 20:44:14,42.4890670776367,-8.9971342086792,"Female"
"9004159",371979,2025-05-24 20:49:14,42.4891090393066,-8.99711322784424,"Female"
"9004159",371979,2025-05-24 20:54:14,42.4890594482422,-8.99715232849121,"Female"
"9004159",371979,2025-05-24 20:59:14,42.4890594482422,-8.99710845947266,"Female"
"9004159",371979,2025-05-24 21:04:13,42.4889945983887,-8.99708938598633,"Female"
"9004159",371979,2025-05-24 21:09:13,42.4890556335449,-8.99714088439941,"Female"
"9004159",371979,2025-05-24 21:14:14,42.4890441894531,-8.99708080291748,"Female"
"9004159",371979,2025-05-24 21:19:14,42.4890174865723,-8.9970703125,"Female"
"9004159",371979,2025-05-24 21:24:13,42.4890441894531,-8.99710369110107,"Female"
"9004159",371979,2025-05-24 21:29:15,42.4891128540039,-8.99726390838623,"Female"
"9004159",371979,2025-05-24 21:34:14,42.4889755249023,-8.99708080291748,"Female"
"9004159",371979,2025-05-24 21:39:14,42.4890213012695,-8.99713516235352,"Female"
"9004159",371979,2025-05-24 21:44:15,42.4890365600586,-8.99713706970215,"Female"
"9004159",371979,2025-05-24 21:49:17,42.4889678955078,-8.99707794189453,"Female"
"9004159",371979,2025-05-24 21:54:18,42.4889144897461,-8.99692726135254,"Female"
"9004159",371979,2025-05-24 21:59:19,42.4891548156738,-8.99708938598633,"Female"
"9004159",371979,2025-05-24 22:04:19,42.4891128540039,-8.99705982208252,"Female"
"9004159",371979,2025-05-24 22:09:17,42.4890174865723,-8.99691963195801,"Female"
"9004159",371979,2025-05-24 22:14:19,42.4891052246094,-8.99700736999512,"Female"
"9004159",371979,2025-05-24 22:19:13,42.4890937805176,-8.99713039398193,"Female"
"9004159",371979,2025-05-24 22:24:14,42.4890747070312,-8.99711418151855,"Female"
"9004159",371979,2025-05-24 22:29:16,42.4890060424805,-8.99717903137207,"Female"
"9004159",371979,2025-05-24 22:34:19,42.4889144897461,-8.99695110321045,"Female"
"9004159",371979,2025-05-24 22:39:19,42.4890365600586,-8.9970760345459,"Female"
"9004159",371979,2025-05-24 22:44:25,42.4889030456543,-8.99684238433838,"Female"
"9004159",371979,2025-05-24 22:49:35,42.4890365600586,-8.99712944030762,"Female"
"9004159",371979,2025-05-24 22:54:16,42.4890441894531,-8.99702644348145,"Female"
"9004159",371979,2025-05-24 22:59:18,42.4890632629395,-8.99713230133057,"Female"
"9004159",371979,2025-05-24 23:04:16,42.4890632629395,-8.9971866607666,"Female"
"9004159",371979,2025-05-24 23:09:17,42.4891777038574,-8.99732971191406,"Female"
"9004159",371979,2025-05-24 23:14:19,42.4889526367188,-8.99695205688477,"Female"
"9004159",371979,2025-05-24 23:19:15,42.4889755249023,-8.99693393707275,"Female"
"9004159",371979,2025-05-24 23:24:17,42.4891815185547,-8.99724102020264,"Female"
"9004159",371979,2025-05-24 23:29:18,42.4892349243164,-8.99732875823975,"Female"
"9004159",371979,2025-05-24 23:34:16,42.4892768859863,-8.99767589569092,"Female"
"9004159",371979,2025-05-24 23:39:36,42.4889297485352,-8.99694728851318,"Female"
"9004159",371979,2025-05-24 23:44:14,42.4891471862793,-8.99734783172607,"Female"
"9004159",371979,2025-05-24 23:49:21,42.4889526367188,-8.99698829650879,"Female"
"9004159",371979,2025-05-24 23:54:14,42.4889678955078,-8.9969482421875,"Female"
"9004159",371979,2025-05-24 23:59:14,42.4890289306641,-8.99711418151855,"Female"
"9004159",371979,2025-05-25 00:04:14,42.4889640808105,-8.99691390991211,"Female"
"9004159",371979,2025-05-25 00:09:14,42.4890060424805,-8.99701118469238,"Female"
"9004159",371979,2025-05-25 00:14:14,42.4889602661133,-8.9969482421875,"Female"
"9004159",371979,2025-05-25 00:19:14,42.4890022277832,-8.99708080291748,"Female"
"9004159",371979,2025-05-25 00:24:19,42.489070892334,-8.99722480773926,"Female"
"9004159",371979,2025-05-25 00:29:15,42.4889678955078,-8.99691486358643,"Female"
"9004159",371979,2025-05-25 00:34:14,42.4889945983887,-8.9970645904541,"Female"
"9004159",371979,2025-05-25 00:39:14,42.4890403747559,-8.9970178604126,"Female"
"9004159",371979,2025-05-25 00:44:14,42.4890670776367,-8.99708938598633,"Female"
"9004159",371979,2025-05-25 00:49:14,42.4891319274902,-8.99738693237305,"Female"
"9004159",371979,2025-05-25 00:54:23,42.4890060424805,-8.99713039398193,"Female"
"9004159",371979,2025-05-25 00:59:24,42.4890213012695,-8.99706363677979,"Female"
"9004159",371979,2025-05-25 01:04:24,42.4890670776367,-8.99708843231201,"Female"
"9004159",371979,2025-05-25 01:09:35,42.4890365600586,-8.99707698822021,"Female"
"9004159",371979,2025-05-25 01:14:14,42.489013671875,-8.9971399307251,"Female"
"9004159",371979,2025-05-25 01:19:14,42.4891204833984,-8.99712467193604,"Female"
"9004159",371979,2025-05-25 01:24:14,42.4890518188477,-8.99709033966064,"Female"
"9004159",371979,2025-05-25 01:29:14,42.4891090393066,-8.99713325500488,"Female"
"9004159",371979,2025-05-25 01:34:13,42.4890975952148,-8.99714279174805,"Female"
"9004159",371979,2025-05-25 01:39:14,42.4890670776367,-8.99710655212402,"Female"
"9004159",371979,2025-05-25 01:44:13,42.4890098571777,-8.99711322784424,"Female"
"9004159",371979,2025-05-25 01:49:14,42.4890785217285,-8.9970817565918,"Female"
"9004159",371979,2025-05-25 01:54:14,42.4891204833984,-8.99718570709229,"Female"
"9004159",371979,2025-05-25 01:59:13,42.4890594482422,-8.99715709686279,"Female"
"9004159",371979,2025-05-25 02:04:14,42.4890785217285,-8.99711418151855,"Female"
"9004159",371979,2025-05-25 02:09:14,42.4890098571777,-8.99706268310547,"Female"
"9004159",371979,2025-05-25 02:14:14,42.4890594482422,-8.99707889556885,"Female"
"9004159",371979,2025-05-25 02:19:14,42.4890823364258,-8.9970874786377,"Female"
"9004159",371979,2025-05-25 02:24:14,42.489013671875,-8.99705505371094,"Female"
"9004159",371979,2025-05-25 02:29:13,42.489013671875,-8.99704265594482,"Female"
"9004159",371979,2025-05-25 02:34:22,42.4890098571777,-8.99708461761475,"Female"
"9004159",371979,2025-05-25 02:39:25,42.4890327453613,-8.99689388275146,"Female"
"9004159",371979,2025-05-25 02:44:24,42.4890174865723,-8.99699401855469,"Female"
"9004159",371979,2025-05-25 02:49:23,42.4889984130859,-8.99709606170654,"Female"
"9004159",371979,2025-05-25 02:54:19,42.4890480041504,-8.99691867828369,"Female"
"9004159",371979,2025-05-25 02:59:22,42.4889907836914,-8.99687957763672,"Female"
"9004159",371979,2025-05-25 03:04:19,42.4890022277832,-8.99690437316895,"Female"
"9004159",371979,2025-05-25 03:09:31,42.4891929626465,-8.9971342086792,"Female"
"9004159",371979,2025-05-25 03:14:15,42.4890556335449,-8.99710178375244,"Female"
"9004159",371979,2025-05-25 03:19:15,42.489200592041,-8.99730110168457,"Female"
"9004159",371979,2025-05-25 03:24:17,42.4890060424805,-8.99698352813721,"Female"
"9004159",371979,2025-05-25 03:29:24,42.489185333252,-8.99691104888916,"Female"
"9004159",371979,2025-05-25 03:34:35,42.4889755249023,-8.99715423583984,"Female"
"9004159",371979,2025-05-25 03:39:14,42.4890403747559,-8.99707221984863,"Female"
"9004159",371979,2025-05-25 03:44:16,42.4890441894531,-8.99702644348145,"Female"
"9004159",371979,2025-05-25 03:49:13,42.4890365600586,-8.99701690673828,"Female"
"9004159",371979,2025-05-25 03:54:14,42.489070892334,-8.99704742431641,"Female"
"9004159",371979,2025-05-25 03:59:14,42.4890403747559,-8.99702453613281,"Female"
"9004159",371979,2025-05-25 04:04:15,42.4891128540039,-8.99700260162354,"Female"
"9004159",371979,2025-05-25 04:09:14,42.4890403747559,-8.99703121185303,"Female"
"9004159",371979,2025-05-25 04:14:14,42.4890899658203,-8.99712753295898,"Female"
"9004159",371979,2025-05-25 04:19:14,42.4890213012695,-8.99702262878418,"Female"
"9004159",371979,2025-05-25 04:24:18,42.4891014099121,-8.99703121185303,"Female"
"9004159",371979,2025-05-25 04:29:15,42.4891014099121,-8.9970178604126,"Female"
"9004159",371979,2025-05-25 04:34:16,42.4890174865723,-8.99709033966064,"Female"
"9004159",371979,2025-05-25 04:39:19,42.4889259338379,-8.9970703125,"Female"
"9004159",371979,2025-05-25 04:44:14,42.4889183044434,-8.99705505371094,"Female"
"9004159",371979,2025-05-25 04:49:13,42.4890785217285,-8.99711990356445,"Female"
"9004159",371979,2025-05-25 04:54:14,42.4890937805176,-8.99706935882568,"Female"
"9004159",371979,2025-05-25 04:59:17,42.4890327453613,-8.99699974060059,"Female"
"9004159",371979,2025-05-25 05:04:24,42.4893569946289,-8.99738788604736,"Female"
"9004159",371979,2025-05-25 05:09:24,42.4894638061523,-8.99750328063965,"Female"
"9004159",371979,2025-05-25 05:14:35,42.4890670776367,-8.99709606170654,"Female"
"9004159",371979,2025-05-25 05:19:14,42.4891014099121,-8.99714279174805,"Female"
"9004159",371979,2025-05-25 05:24:15,42.4890327453613,-8.99709033966064,"Female"
"9004159",371979,2025-05-25 05:29:13,42.4890480041504,-8.99706363677979,"Female"
"9004159",371979,2025-05-25 05:34:15,42.4891777038574,-8.9971809387207,"Female"
"9004159",371979,2025-05-25 05:39:16,42.4891891479492,-8.99723434448242,"Female"
"9004159",371979,2025-05-25 05:44:16,42.4890899658203,-8.99713706970215,"Female"
"9004159",371979,2025-05-25 05:49:22,42.4890365600586,-8.99703884124756,"Female"
"9004159",371979,2025-05-25 05:54:16,42.4891319274902,-8.99720668792725,"Female"
"9004159",371979,2025-05-25 05:59:17,42.4891128540039,-8.9971284866333,"Female"
"9004159",371979,2025-05-25 06:04:35,42.4888916015625,-8.99723815917969,"Female"
"9004159",371979,2025-05-25 06:09:18,42.4891624450684,-8.99695014953613,"Female"
"9004159",371979,2025-05-25 06:14:16,42.4889793395996,-8.99722957611084,"Female"
"9004159",371979,2025-05-25 06:19:19,42.4890441894531,-8.99734210968018,"Female"
"9004159",371979,2025-05-25 06:24:24,42.4890975952148,-8.99706363677979,"Female"
"9004159",371979,2025-05-25 06:29:25,42.4890975952148,-8.99727439880371,"Female"
"9004159",371979,2025-05-25 06:34:35,42.4889678955078,-8.99713230133057,"Female"
"9004159",371979,2025-05-25 06:39:17,42.4889945983887,-8.99725246429443,"Female"
"9004159",371979,2025-05-25 06:44:14,42.4889717102051,-8.99718379974365,"Female"
"9004159",371979,2025-05-25 06:49:14,42.4889602661133,-8.99713706970215,"Female"
"9004159",371979,2025-05-25 06:54:16,42.4888954162598,-8.99712467193604,"Female"
"9004159",371979,2025-05-25 06:59:14,42.4888687133789,-8.99728679656982,"Female"
"9004159",371979,2025-05-25 07:04:14,42.4888572692871,-8.99713802337646,"Female"
"9004159",371979,2025-05-25 07:09:15,42.4889183044434,-8.9971227645874,"Female"
"9004159",371979,2025-05-25 07:14:14,42.4889144897461,-8.9971981048584,"Female"
"9004159",371979,2025-05-25 07:19:14,42.4888305664062,-8.99719715118408,"Female"
"9004159",371979,2025-05-25 07:24:14,42.4937362670898,-9.00413131713867,"Female"
"9004159",371979,2025-05-25 07:29:17,42.4985122680664,-9.0145959854126,"Female"
"9004159",371979,2025-05-25 07:34:17,42.4985504150391,-9.01465702056885,"Female"
"9004159",371979,2025-05-25 07:39:17,42.4985160827637,-9.01461029052734,"Female"
"9004159",371979,2025-05-25 07:44:31,42.498607635498,-9.01462078094482,"Female"
"9004159",371979,2025-05-25 07:49:15,42.4985122680664,-9.01481533050537,"Female"
"9004159",371979,2025-05-25 07:54:15,42.4986190795898,-9.0147008895874,"Female"
"9004159",371979,2025-05-25 07:59:14,42.4986381530762,-9.01461887359619,"Female"
"9004159",371979,2025-05-25 08:04:14,42.4985466003418,-9.01478004455566,"Female"
"9004159",371979,2025-05-25 08:09:15,42.4985656738281,-9.01473999023438,"Female"
"9004159",371979,2025-05-25 08:14:16,42.4986190795898,-9.01466941833496,"Female"
"9004159",371979,2025-05-25 08:19:18,42.4985618591309,-9.0146598815918,"Female"
"9004159",371979,2025-05-25 08:24:19,42.4986686706543,-9.01457405090332,"Female"
"9004159",371979,2025-05-25 08:29:17,42.4987907409668,-9.01461601257324,"Female"
"9004159",371979,2025-05-25 08:34:17,42.4988708496094,-9.0148286819458,"Female"
"9004159",371979,2025-05-25 08:39:13,42.5046768188477,-9.01776599884033,"Female"
"9004159",371979,2025-05-25 08:44:15,42.504451751709,-9.01789283752441,"Female"
"9004159",371979,2025-05-25 08:49:14,42.5048370361328,-9.01780700683594,"Female"
"9004159",371979,2025-05-25 08:54:38,42.5108680725098,-9.01556491851807,"Female"
"9004159",371979,2025-05-25 09:00:11,42.5127983093262,-9.01651763916016,"Female"
"9004159",371979,2025-05-25 09:05:12,42.5125007629395,-9.01522541046143,"Female"
"9004159",371979,2025-05-25 09:10:20,42.5127830505371,-9.0165843963623,"Female"
"9004159",371979,2025-05-25 09:16:20,42.5115127563477,-9.01832485198975,"Female"
"9004159",371979,2025-05-25 09:22:24,42.5108108520508,-9.01996517181396,"Female"
"9004159",371979,2025-05-25 09:27:25,42.5098648071289,-9.02132320404053,"Female"
"9004159",371979,2025-05-25 09:32:56,42.5095748901367,-9.02211093902588,"Female"
"9004159",371979,2025-05-25 09:38:20,42.5086059570312,-9.0226354598999,"Female"
"9004159",371979,2025-05-25 09:44:02,42.5091209411621,-9.02197074890137,"Female"
"9004159",371979,2025-05-25 09:49:14,42.5097770690918,-9.02121162414551,"Female"
"9004159",371979,2025-05-25 09:54:14,42.5097045898438,-9.02023410797119,"Female"
"9004159",371979,2025-05-25 10:01:22,42.5096092224121,-9.02058982849121,"Female"
"9004159",371979,2025-05-25 10:08:35,42.5091857910156,-9.02058124542236,"Female"
"9004159",371979,2025-05-25 10:13:16,42.4986801147461,-9.0147762298584,"Female"
"9004159",371979,2025-05-25 10:18:16,42.4986228942871,-9.01474761962891,"Female"
"9004159",371979,2025-05-25 10:23:16,42.4986419677734,-9.01480770111084,"Female"
"9004159",371979,2025-05-25 10:32:28,42.4992218017578,-9.01480484008789,"Female"
"9004159",371979,2025-05-25 10:37:39,42.4994277954102,-9.01570796966553,"Female"
"9004159",371979,2025-05-25 10:43:17,42.5000610351562,-9.01725959777832,"Female"
"9004159",371979,2025-05-25 10:48:19,42.5003929138184,-9.01464557647705,"Female"
"9004159",371979,2025-05-25 11:28:29,42.5012626647949,-9.01254558563232,"Female"
"9004159",371979,2025-05-25 11:33:56,42.5003776550293,-9.01593780517578,"Female"
"9004159",371979,2025-05-25 11:38:27,42.4986839294434,-9.01485157012939,"Female"
"9004159",371979,2025-05-25 11:43:27,42.4987030029297,-9.01493167877197,"Female"
"9004159",371979,2025-05-25 11:48:28,42.4987030029297,-9.01498126983643,"Female"
"9004159",371979,2025-05-25 11:53:31,42.4987106323242,-9.01462364196777,"Female"
"9004159",371979,2025-05-25 11:58:29,42.4986839294434,-9.01490116119385,"Female"
"9004159",371979,2025-05-25 12:03:34,42.498607635498,-9.01471424102783,"Female"
"9004159",371979,2025-05-25 12:08:41,42.4986000061035,-9.01477718353271,"Female"
"9004159",371979,2025-05-25 12:13:28,42.4986686706543,-9.01471424102783,"Female"
"9004159",371979,2025-05-25 12:18:27,42.4987030029297,-9.01475429534912,"Female"
"9004159",371979,2025-05-25 12:23:27,42.4986000061035,-9.014892578125,"Female"
"9004159",371979,2025-05-25 12:28:27,42.4986419677734,-9.01470375061035,"Female"
"9004159",371979,2025-05-25 12:33:28,42.4986343383789,-9.01481342315674,"Female"
"9004159",371979,2025-05-25 12:38:29,42.4986038208008,-9.01477909088135,"Female"
"9004159",371979,2025-05-25 12:43:27,42.4986572265625,-9.01470184326172,"Female"
"9004159",371979,2025-05-25 12:48:44,42.4986381530762,-9.01475143432617,"Female"
"9004159",371979,2025-05-25 12:53:30,42.4986343383789,-9.01478290557861,"Female"
"9004159",371979,2025-05-25 12:58:27,42.498607635498,-9.01484298706055,"Female"
"9004159",371979,2025-05-25 13:03:30,42.4986038208008,-9.01482105255127,"Female"
"9004159",371979,2025-05-25 13:08:33,42.4986267089844,-9.01474761962891,"Female"
"9004159",371979,2025-05-25 13:13:35,42.4985885620117,-9.01474475860596,"Female"
"9004159",371979,2025-05-25 13:18:31,42.4985656738281,-9.01461029052734,"Female"
"9004159",371979,2025-05-25 13:23:31,42.4985771179199,-9.01482582092285,"Female"
"9004159",371979,2025-05-25 13:28:37,42.498607635498,-9.01464653015137,"Female"
"9004159",371979,2025-05-25 13:33:29,42.4986915588379,-9.01476573944092,"Female"
"9004159",371979,2025-05-25 13:38:36,42.4989814758301,-9.01509571075439,"Female"
"9004159",371979,2025-05-25 13:43:36,42.4990348815918,-9.01521968841553,"Female"
"9004159",371979,2025-05-25 13:48:45,42.4983062744141,-9.01242256164551,"Female"
"9004159",371979,2025-05-25 13:53:31,42.4987983703613,-9.01491451263428,"Female"
"9004159",371979,2025-05-25 13:58:42,42.4987525939941,-9.01441192626953,"Female"
"9004159",371979,2025-05-25 14:03:30,42.4982528686523,-9.01598358154297,"Female"
"9004159",371979,2025-05-25 14:08:39,42.4978065490723,-9.01656150817871,"Female"
"9004159",371979,2025-05-25 14:13:41,42.4985237121582,-9.01505756378174,"Female"
"9004159",371979,2025-05-25 14:18:33,42.4986915588379,-9.01459980010986,"Female"
"9004159",371979,2025-05-25 14:23:59,42.4986343383789,-9.01475048065186,"Female"
"9004159",371979,2025-05-25 14:28:26,42.4986763000488,-9.01471328735352,"Female"
"9004159",371979,2025-05-25 14:33:26,42.4986190795898,-9.01469612121582,"Female"
"9004159",371979,2025-05-25 14:38:26,42.4985885620117,-9.01474475860596,"Female"
"9004159",371979,2025-05-25 14:43:26,42.4987258911133,-9.0146598815918,"Female"
"9004159",371979,2025-05-25 14:48:30,42.4985466003418,-9.01475429534912,"Female"
"9004159",371979,2025-05-25 14:53:30,42.498462677002,-9.01480960845947,"Female"
"9004159",371979,2025-05-25 14:58:36,42.4985961914062,-9.01477813720703,"Female"
"9004159",371979,2025-05-25 15:03:44,42.4986305236816,-9.01480579376221,"Female"
"9004159",371979,2025-05-25 15:08:28,42.4986763000488,-9.01470470428467,"Female"
"9004159",371979,2025-05-25 15:13:36,42.4985809326172,-9.01475048065186,"Female"
"9004159",371979,2025-05-25 15:18:27,42.4984931945801,-9.01483535766602,"Female"
"9004159",371979,2025-05-25 15:23:27,42.4985694885254,-9.01471519470215,"Female"
"9004159",371979,2025-05-25 15:28:27,42.4986305236816,-9.01473045349121,"Female"
"9004159",371979,2025-05-25 15:33:27,42.4986038208008,-9.01470565795898,"Female"
"9004159",371979,2025-05-25 15:38:28,42.4986991882324,-9.01473522186279,"Female"
"9004159",371979,2025-05-25 15:43:27,42.4985466003418,-9.01465129852295,"Female"
"9004159",371979,2025-05-25 15:48:28,42.4987449645996,-9.01481056213379,"Female"
"9004159",371979,2025-05-25 15:53:44,42.4986267089844,-9.0147819519043,"Female"
"9004159",371979,2025-05-25 15:58:27,42.4986267089844,-9.01473426818848,"Female"
"9004159",371979,2025-05-25 16:03:27,42.4985885620117,-9.01477432250977,"Female"
"9004159",371979,2025-05-25 16:08:27,42.4985313415527,-9.01477241516113,"Female"
"9004159",371979,2025-05-25 16:13:35,42.4986190795898,-9.01471042633057,"Female"
"9004159",371979,2025-05-25 16:18:35,42.4986534118652,-9.01469802856445,"Female"
"9004159",371979,2025-05-25 16:23:31,42.4986763000488,-9.01472091674805,"Female"
"9004159",371979,2025-05-25 16:28:31,42.498664855957,-9.0146312713623,"Female"
"9004159",371979,2025-05-25 16:33:37,42.498664855957,-9.01471710205078,"Female"
"9004159",371979,2025-05-25 16:38:36,42.4985809326172,-9.01450634002686,"Female"
"9004159",371979,2025-05-25 16:43:43,42.4987411499023,-9.01460647583008,"Female"
"9004159",371979,2025-05-25 16:48:36,42.4985694885254,-9.01460361480713,"Female"
"9004159",371979,2025-05-25 16:53:36,42.498592376709,-9.01458644866943,"Female"
"9004159",371979,2025-05-25 16:58:33,42.498477935791,-9.01443004608154,"Female"
"9004159",371979,2025-05-25 17:03:36,42.4985656738281,-9.01454257965088,"Female"
"9004159",371979,2025-05-25 17:10:35,42.5015678405762,-9.01545429229736,"Female"
"9004159",371979,2025-05-25 17:15:21,42.5016860961914,-9.01570892333984,"Female"
"9004159",371979,2025-05-25 17:20:53,42.5016632080078,-9.01572418212891,"Female"
"9004159",371979,2025-05-25 17:26:21,42.5014762878418,-9.01583576202393,"Female"
"9004159",371979,2025-05-25 17:31:26,42.5016746520996,-9.01592922210693,"Female"
"9004159",371979,2025-05-25 17:36:24,42.5019721984863,-9.01591777801514,"Female"
"9004159",371979,2025-05-25 17:42:34,42.5022850036621,-9.01607799530029,"Female"
"9004159",371979,2025-05-25 17:47:32,42.501895904541,-9.01607799530029,"Female"
"9004159",371979,2025-05-25 17:52:32,42.5017547607422,-9.0161018371582,"Female"
"9004159",371979,2025-05-25 17:57:47,42.5019950866699,-9.01613330841064,"Female"
"9004159",371979,2025-05-25 18:02:44,42.5016059875488,-9.01628017425537,"Female"
"9004159",371979,2025-05-25 18:07:44,42.5011253356934,-9.01625728607178,"Female"
"9004159",371979,2025-05-25 18:13:25,42.5014038085938,-9.01615715026855,"Female"
"9004159",371979,2025-05-25 18:18:26,42.5012741088867,-9.01688289642334,"Female"
"9004159",371979,2025-05-25 18:23:52,42.5014877319336,-9.01694488525391,"Female"
"9004159",371979,2025-05-25 18:29:38,42.5018005371094,-9.01653575897217,"Female"
"9004159",371979,2025-05-25 18:34:31,42.5014991760254,-9.01677703857422,"Female"
"9004159",371979,2025-05-25 18:39:36,42.5014457702637,-9.01729679107666,"Female"
"9004159",371979,2025-05-25 18:44:32,42.5012245178223,-9.01739406585693,"Female"
"9004159",371979,2025-05-25 18:50:18,42.5015487670898,-9.01713752746582,"Female"
"9004159",371979,2025-05-25 18:55:39,42.5015907287598,-9.01756858825684,"Female"
"9004159",371979,2025-05-25 19:01:18,42.5013198852539,-9.01748466491699,"Female"
"9004159",371979,2025-05-25 19:06:18,42.5014457702637,-9.01657962799072,"Female"
"9004159",371979,2025-05-25 19:11:18,42.4895668029785,-8.99997997283936,"Female"
"9004159",371979,2025-05-25 19:16:19,42.4895553588867,-8.99994564056396,"Female"
"9004159",371979,2025-05-25 19:21:18,42.4891014099121,-8.99731922149658,"Female"
"9004159",371979,2025-05-25 19:26:33,42.4890632629395,-8.9971399307251,"Female"
"9004159",371979,2025-05-25 19:31:06,42.4890518188477,-8.99713897705078,"Female"
"9004159",371979,2025-05-25 19:36:07,42.4890518188477,-8.99718379974365,"Female"
"9004159",371979,2025-05-25 19:41:07,42.4890251159668,-8.99713802337646,"Female"
"9004159",371979,2025-05-25 19:46:07,42.4890594482422,-8.9971399307251,"Female"
"9004159",371979,2025-05-25 19:51:07,42.4890632629395,-8.99710655212402,"Female"
"9004159",371979,2025-05-25 19:56:07,42.4890632629395,-8.99713230133057,"Female"
"9004159",371979,2025-05-25 20:01:07,42.4890594482422,-8.99711036682129,"Female"
"9004159",371979,2025-05-25 20:06:07,42.4890441894531,-8.99720001220703,"Female"
"9004159",371979,2025-05-25 20:11:07,42.4890022277832,-8.99710178375244,"Female"
"9004159",371979,2025-05-25 20:16:13,42.4890365600586,-8.99711799621582,"Female"
"9004159",371979,2025-05-25 20:21:06,42.4890480041504,-8.99712562561035,"Female"
"9004159",371979,2025-05-25 20:26:08,42.4890327453613,-8.99716663360596,"Female"
"9004159",371979,2025-05-25 20:31:13,42.4892349243164,-8.99687099456787,"Female"
"9004159",371979,2025-05-25 20:36:06,42.4890403747559,-8.99713611602783,"Female"
"9004159",371979,2025-05-25 20:41:07,42.4892501831055,-8.99735546112061,"Female"
"9004159",371979,2025-05-25 20:46:07,42.4890060424805,-8.99726581573486,"Female"
"9004159",371979,2025-05-25 20:51:12,42.4891204833984,-8.99724292755127,"Female"
"9004159",371979,2025-05-25 20:56:09,42.48974609375,-8.99800109863281,"Female"
"9004159",371979,2025-05-25 21:01:10,42.4891128540039,-8.9972677230835,"Female"
"9004159",371979,2025-05-25 21:06:10,42.4893074035645,-8.99747180938721,"Female"
"9004159",371979,2025-05-25 21:11:08,42.4893112182617,-8.9975528717041,"Female"
"9004159",371979,2025-05-25 21:16:18,42.4889793395996,-8.9971752166748,"Female"
"9004159",371979,2025-05-25 21:21:18,42.4890327453613,-8.99703025817871,"Female"
"9004159",371979,2025-05-25 21:26:18,42.4889869689941,-8.99716567993164,"Female"
"9004159",371979,2025-05-25 21:31:18,42.4890403747559,-8.99718856811523,"Female"
"9004159",371979,2025-05-25 21:36:18,42.4889831542969,-8.9971284866333,"Female"
"9004159",371979,2025-05-25 21:41:18,42.4889984130859,-8.99718189239502,"Female"
"9004159",371979,2025-05-25 21:46:11,42.4891204833984,-8.99736976623535,"Female"
"9004159",371979,2025-05-25 21:51:18,42.4890403747559,-8.99716663360596,"Female"
"9004159",371979,2025-05-25 21:56:18,42.4890174865723,-8.9973030090332,"Female"
"9004159",371979,2025-05-25 22:01:18,42.4890060424805,-8.9968843460083,"Female"
"9004159",371979,2025-05-25 22:06:19,42.4889755249023,-8.99694728851318,"Female"
"9004159",371979,2025-05-25 22:11:35,42.4890098571777,-8.99711322784424,"Female"
"9004159",371979,2025-05-25 22:16:07,42.4890060424805,-8.99709796905518,"Female"
"9004159",371979,2025-05-25 22:21:07,42.4890556335449,-8.99709987640381,"Female"
"9004159",371979,2025-05-25 22:26:06,42.4890174865723,-8.99714374542236,"Female"
"9004159",371979,2025-05-25 22:31:07,42.4890060424805,-8.99708938598633,"Female"
"9004159",371979,2025-05-25 22:36:07,42.4890213012695,-8.99713706970215,"Female"
"9004159",371979,2025-05-25 22:41:07,42.489013671875,-8.99714279174805,"Female"
"9004159",371979,2025-05-25 22:46:07,42.4890556335449,-8.99711418151855,"Female"
"9004159",371979,2025-05-25 22:51:07,42.4890213012695,-8.99711322784424,"Female"
"9004159",371979,2025-05-25 22:56:11,42.4890098571777,-8.99722099304199,"Female"
"9004159",371979,2025-05-25 23:01:16,42.4889907836914,-8.99708366394043,"Female"
"9004159",371979,2025-05-25 23:06:12,42.4890213012695,-8.99676322937012,"Female"
"9004159",371979,2025-05-25 23:11:18,42.4889450073242,-8.99707508087158,"Female"
"9004159",371979,2025-05-25 23:16:07,42.4890022277832,-8.99712562561035,"Female"
"9004159",371979,2025-05-25 23:21:07,42.4889373779297,-8.99717807769775,"Female"
"9004159",371979,2025-05-25 23:26:11,42.4895553588867,-8.99810314178467,"Female"
"9004159",371979,2025-05-25 23:31:09,42.489013671875,-8.99705505371094,"Female"
"9004159",371979,2025-05-25 23:36:15,42.488883972168,-8.99705982208252,"Female"
"9004159",371979,2025-05-25 23:41:07,42.4889793395996,-8.99710464477539,"Female"
"9004159",371979,2025-05-25 23:46:17,42.4888305664062,-8.9969482421875,"Female"
"9004159",371979,2025-05-25 23:51:10,42.4890670776367,-8.99739170074463,"Female"
"9004159",371979,2025-05-25 23:56:16,42.4889221191406,-8.99716186523438,"Female"
"9004159",371979,2025-05-26 00:01:35,42.4890365600586,-8.99709796905518,"Female"
"9004159",371979,2025-05-26 00:06:14,42.4891052246094,-8.99715423583984,"Female"
"9004159",371979,2025-05-26 00:11:06,42.4890632629395,-8.99711418151855,"Female"
"9004159",371979,2025-05-26 00:16:06,42.4889793395996,-8.99710845947266,"Female"
"9004159",371979,2025-05-26 00:21:06,42.4890441894531,-8.99710273742676,"Female"
"9004159",371979,2025-05-26 00:26:06,42.4890327453613,-8.99706840515137,"Female"
"9004159",371979,2025-05-26 00:31:06,42.4890823364258,-8.99712944030762,"Female"
"9004159",371979,2025-05-26 00:36:06,42.4891624450684,-8.99720478057861,"Female"
"9004159",371979,2025-05-26 00:41:07,42.4890022277832,-8.99710369110107,"Female"
"9004159",371979,2025-05-26 00:46:06,42.4890060424805,-8.99708271026611,"Female"
"9004159",371979,2025-05-26 00:51:06,42.4890022277832,-8.99715995788574,"Female"
"9004159",371979,2025-05-26 00:56:06,42.4890632629395,-8.99716186523438,"Female"
"9004159",371979,2025-05-26 01:01:09,42.489013671875,-8.99712085723877,"Female"
"9004159",371979,2025-05-26 01:06:17,42.4888305664062,-8.99709224700928,"Female"
"9004159",371979,2025-05-26 01:11:09,42.4889678955078,-8.99703693389893,"Female"
"9004159",371979,2025-05-26 01:16:09,42.4889488220215,-8.99704647064209,"Female"
"9004159",371979,2025-05-26 01:21:08,42.4891128540039,-8.99722290039062,"Female"
"9004159",371979,2025-05-26 01:26:09,42.4889526367188,-8.99679088592529,"Female"
"9004159",371979,2025-05-26 01:31:09,42.4888877868652,-8.99681568145752,"Female"
"9004159",371979,2025-05-26 01:36:07,42.4889755249023,-8.99689865112305,"Female"
"9004159",371979,2025-05-26 01:41:17,42.4889945983887,-8.99697113037109,"Female"
"9004159",371979,2025-05-26 01:46:07,42.4889335632324,-8.99682521820068,"Female"
"9004159",371979,2025-05-26 01:51:11,42.488899230957,-8.99686717987061,"Female"
"9004159",371979,2025-05-26 01:56:10,42.488826751709,-8.99664497375488,"Female"
"9004159",371979,2025-05-26 02:01:11,42.4889297485352,-8.99695682525635,"Female"
"9004159",371979,2025-05-26 02:06:10,42.488883972168,-8.99699878692627,"Female"
"9004159",371979,2025-05-26 02:11:18,42.4890480041504,-8.99721622467041,"Female"
"9004159",371979,2025-05-26 02:16:18,42.4890975952148,-8.99730968475342,"Female"
"9004159",371979,2025-05-26 02:21:11,42.4889030456543,-8.99682140350342,"Female"
"9004159",371979,2025-05-26 02:26:11,42.4890365600586,-8.99699020385742,"Female"
"9004159",371979,2025-05-26 02:31:10,42.4892501831055,-8.99747848510742,"Female"
"9004159",371979,2025-05-26 02:36:10,42.4891510009766,-8.99724769592285,"Female"
"9004159",371979,2025-05-26 02:41:08,42.4891891479492,-8.99745941162109,"Female"
"9004159",371979,2025-05-26 02:46:09,42.4891700744629,-8.99736022949219,"Female"
"9004159",371979,2025-05-26 02:51:35,42.489070892334,-8.99702835083008,"Female"
"9004159",371979,2025-05-26 02:56:07,42.489070892334,-8.99703884124756,"Female"
"9004159",371979,2025-05-26 03:01:07,42.4890289306641,-8.99709510803223,"Female"
"9004159",371979,2025-05-26 03:06:07,42.4890327453613,-8.99708271026611,"Female"
"9004159",371979,2025-05-26 03:11:06,42.4890098571777,-8.9970588684082,"Female"
"9004159",371979,2025-05-26 03:16:06,42.4890480041504,-8.99710750579834,"Female"
"9004159",371979,2025-05-26 03:21:09,42.4890022277832,-8.99710941314697,"Female"
"9004159",371979,2025-05-26 03:26:07,42.4890556335449,-8.99718761444092,"Female"
"9004159",371979,2025-05-26 03:31:08,42.4890365600586,-8.99708080291748,"Female"
"9004159",371979,2025-05-26 03:36:10,42.4890480041504,-8.99702835083008,"Female"
"9004159",371979,2025-05-26 03:41:07,42.4890327453613,-8.99707984924316,"Female"
"9004159",371979,2025-05-26 03:46:09,42.4890060424805,-8.99717140197754,"Female"
"9004159",371979,2025-05-26 03:51:09,42.489013671875,-8.99703407287598,"Female"
"9004159",371979,2025-05-26 03:56:06,42.4889831542969,-8.99699211120605,"Female"
"9004159",371979,2025-05-26 04:01:25,42.489086151123,-8.99698162078857,"Female"
"9004159",371979,2025-05-26 04:06:08,42.4890747070312,-8.99717044830322,"Female"
"9004159",371979,2025-05-26 04:11:06,42.4890403747559,-8.997145652771,"Female"
"9004159",371979,2025-05-26 04:16:08,42.4889717102051,-8.99705028533936,"Female"
"9004159",371979,2025-05-26 04:21:10,42.4890632629395,-8.99707508087158,"Female"
"9004159",371979,2025-05-26 04:26:09,42.4890785217285,-8.99703025817871,"Female"
"9004159",371979,2025-05-26 04:31:08,42.4891204833984,-8.99710559844971,"Female"
"9004159",371979,2025-05-26 04:36:09,42.4890556335449,-8.99715995788574,"Female"
"9004159",371979,2025-05-26 04:41:08,42.4891204833984,-8.99716377258301,"Female"
"9004159",371979,2025-05-26 04:46:07,42.4891052246094,-8.99721431732178,"Female"
"9004159",371979,2025-05-26 04:51:19,42.488597869873,-8.99664115905762,"Female"
"9004159",371979,2025-05-26 04:56:08,42.4892425537109,-8.99730491638184,"Female"
"9004159",371979,2025-05-26 05:01:08,42.4890899658203,-8.99719333648682,"Female"
"9004159",371979,2025-05-26 05:06:11,42.489128112793,-8.99728393554688,"Female"
"9004159",371979,2025-05-26 05:11:08,42.4890975952148,-8.99723434448242,"Female"
"9004159",371979,2025-05-26 05:16:08,42.4891014099121,-8.99715518951416,"Female"
"9004159",371979,2025-05-26 05:21:07,42.4890594482422,-8.99711418151855,"Female"
"9004159",371979,2025-05-26 05:26:08,42.4890518188477,-8.99704456329346,"Female"
"9004159",371979,2025-05-26 05:31:10,42.4890403747559,-8.99712371826172,"Female"
"9004159",371979,2025-05-26 05:36:07,42.4890403747559,-8.99709987640381,"Female"
"9004159",371979,2025-05-26 05:41:09,42.4890785217285,-8.99720573425293,"Female"
"9004159",371979,2025-05-26 05:46:08,42.4890975952148,-8.99722576141357,"Female"
"9004159",371979,2025-05-26 05:51:07,42.489086151123,-8.99719905853271,"Female"
"9004159",371979,2025-05-26 05:56:09,42.4889907836914,-8.99707889556885,"Female"
"9004159",371979,2025-05-26 06:01:09,42.4889640808105,-8.99716281890869,"Female"
"9004159",371979,2025-05-26 06:06:25,42.4891891479492,-8.99728775024414,"Female"
"9004159",371979,2025-05-26 06:11:35,42.4890594482422,-8.99718570709229,"Female"
"9004159",371979,2025-05-26 06:16:11,42.4889068603516,-8.9972038269043,"Female"
"9004159",371979,2025-05-26 06:21:06,42.4890098571777,-8.9970121383667,"Female"
"9004159",371979,2025-05-26 06:26:08,42.4890518188477,-8.99709510803223,"Female"
"9004159",371979,2025-05-26 06:31:06,42.488956451416,-8.99714374542236,"Female"
"9004159",371979,2025-05-26 06:36:09,42.4889831542969,-8.99712467193604,"Female"
"9004159",371979,2025-05-26 06:41:07,42.4889144897461,-8.99718284606934,"Female"
"9004159",371979,2025-05-26 06:46:07,42.489013671875,-8.99716663360596,"Female"
"9004159",371979,2025-05-26 06:51:07,42.4889488220215,-8.99717807769775,"Female"
"9004159",371979,2025-05-26 06:56:08,42.488883972168,-8.99721717834473,"Female"
"9004159",371979,2025-05-26 07:01:07,42.4888610839844,-8.99719619750977,"Female"
"9004159",371979,2025-05-26 07:06:07,42.488941192627,-8.99710369110107,"Female"
"9004159",371979,2025-05-26 07:11:07,42.4888687133789,-8.99721050262451,"Female"
"9004159",371979,2025-05-26 07:16:12,42.4887199401855,-8.9971923828125,"Female"
"9004159",371979,2025-05-26 07:21:10,42.488712310791,-8.99710273742676,"Female"
"9004159",371979,2025-05-26 07:26:10,42.488941192627,-8.99718952178955,"Female"
"9004159",371979,2025-05-26 07:31:10,42.4887924194336,-8.99717426300049,"Female"
"9004159",371979,2025-05-26 07:36:08,42.4885559082031,-8.99708461761475,"Female"
"9004159",371979,2025-05-26 07:41:07,42.4971504211426,-9.0123929977417,"Female"
"9004159",371979,2025-05-26 07:46:07,42.4983406066895,-9.01439094543457,"Female"
"9004159",371979,2025-05-26 07:51:09,42.4983978271484,-9.01441669464111,"Female"
"9004159",371979,2025-05-26 07:56:09,42.4985237121582,-9.01455879211426,"Female"
"9004159",371979,2025-05-26 08:01:18,42.498649597168,-9.01467418670654,"Female"
"9004159",371979,2025-05-26 08:06:09,42.4984741210938,-9.01445960998535,"Female"
"9004159",371979,2025-05-26 08:11:18,42.4987297058105,-9.0145959854126,"Female"
"9004159",371979,2025-05-26 08:16:35,42.4986724853516,-9.01458740234375,"Female"
"9004159",371979,2025-05-26 08:21:06,42.4987144470215,-9.01457595825195,"Female"
"9004159",371979,2025-05-26 08:26:06,42.4987983703613,-9.01451110839844,"Female"
"9004159",371979,2025-05-26 08:31:06,42.4986953735352,-9.01452732086182,"Female"
"9004159",371979,2025-05-26 08:36:06,42.4986457824707,-9.0143928527832,"Female"
"9004159",371979,2025-05-26 08:41:06,42.4986801147461,-9.01457023620605,"Female"
"9004159",371979,2025-05-26 08:46:07,42.4987144470215,-9.01458740234375,"Female"
"9004159",371979,2025-05-26 08:51:06,42.4987678527832,-9.01454257965088,"Female"
"9004159",371979,2025-05-26 08:56:07,42.4986534118652,-9.01462173461914,"Female"
"9004159",371979,2025-05-26 09:01:06,42.498706817627,-9.01461029052734,"Female"
"9004159",371979,2025-05-26 09:06:06,42.4986801147461,-9.01458740234375,"Female"
"9004159",371979,2025-05-26 09:11:07,42.4987373352051,-9.01451587677002,"Female"
"9004159",371979,2025-05-26 09:16:06,42.4986610412598,-9.01457691192627,"Female"
"9004159",371979,2025-05-26 09:21:07,42.4986991882324,-9.0145845413208,"Female"
"9004159",371979,2025-05-26 09:26:07,42.4986763000488,-9.01458549499512,"Female"
"9004159",371979,2025-05-26 09:31:08,42.4986000061035,-9.01456832885742,"Female"
"9004159",371979,2025-05-26 09:36:06,42.4986152648926,-9.01471996307373,"Female"
"9004159",371979,2025-05-26 09:41:06,42.4986228942871,-9.01474761962891,"Female"
"9004159",371979,2025-05-26 09:46:08,42.4986953735352,-9.0145788192749,"Female"
"9004159",371979,2025-05-26 09:51:08,42.4987945556641,-9.0150785446167,"Female"
"9004159",371979,2025-05-26 09:56:06,42.498607635498,-9.01472663879395,"Female"
"9004159",371979,2025-05-26 10:01:07,42.4986839294434,-9.01467037200928,"Female"
"9004159",371979,2025-05-26 10:06:06,42.4986038208008,-9.01469135284424,"Female"
"9004159",371979,2025-05-26 10:11:35,42.4986114501953,-9.01456165313721,"Female"
"9004159",371979,2025-05-26 10:16:06,42.4986572265625,-9.01454925537109,"Female"
"9004159",371979,2025-05-26 10:21:06,42.4985961914062,-9.01457023620605,"Female"
"9004159",371979,2025-05-26 10:26:06,42.4986114501953,-9.014573097229,"Female"
"9004159",371979,2025-05-26 10:31:06,42.4986038208008,-9.01455307006836,"Female"
"9004159",371979,2025-05-26 10:36:06,42.4986839294434,-9.01458358764648,"Female"
"9004159",371979,2025-05-26 10:41:07,42.4986038208008,-9.01455497741699,"Female"
"9004159",371979,2025-05-26 10:46:06,42.4986381530762,-9.01463794708252,"Female"
"9004159",371979,2025-05-26 10:51:06,42.4985656738281,-9.01449489593506,"Female"
"9004159",371979,2025-05-26 10:56:06,42.4986305236816,-9.01461315155029,"Female"
"9004159",371979,2025-05-26 11:01:06,42.4987106323242,-9.01460266113281,"Female"
"9004159",371979,2025-05-26 11:06:07,42.5073432922363,-9.0219087600708,"Female"
"9004159",371979,2025-05-26 11:11:09,42.5087280273438,-9.02144527435303,"Female"
"9004159",371979,2025-05-26 11:17:26,42.5102806091309,-9.02122402191162,"Female"
"9004159",371979,2025-05-26 11:22:52,42.5088005065918,-9.0204029083252,"Female"
"9004159",371979,2025-05-26 11:27:51,42.5078163146973,-9.01941204071045,"Female"
"9004159",371979,2025-05-26 11:33:14,42.5019264221191,-9.01695442199707,"Female"
"9004159",371979,2025-05-26 11:38:31,42.5012435913086,-9.01815986633301,"Female"
"9004159",371979,2025-05-26 11:44:44,42.5017395019531,-9.01964092254639,"Female"
"9004159",371979,2025-05-26 11:49:26,42.5016174316406,-9.02068424224854,"Female"
"9004159",371979,2025-05-26 11:54:28,42.5011787414551,-9.02133655548096,"Female"
"9004159",371979,2025-05-26 12:00:19,42.5006370544434,-9.02216815948486,"Female"
"9004159",371979,2025-05-26 12:05:47,42.5010414123535,-9.02012348175049,"Female"
"9004159",371979,2025-05-26 12:11:07,42.5015182495117,-9.01954364776611,"Female"
"9004159",371979,2025-05-26 12:16:06,42.5014343261719,-9.0190601348877,"Female"
"9004159",371979,2025-05-26 12:21:26,42.5016479492188,-9.01986503601074,"Female"
"9004159",371979,2025-05-26 12:27:30,42.5011749267578,-9.01995182037354,"Female"
"9004159",371979,2025-05-26 12:34:15,42.500560760498,-9.02039813995361,"Female"
"9004159",371979,2025-05-26 12:38:48,42.5000534057617,-9.01926136016846,"Female"
"9004159",371979,2025-05-26 12:43:47,42.50048828125,-9.01867866516113,"Female"
"9004159",371979,2025-05-26 12:48:51,42.5008773803711,-9.01742172241211,"Female"
"9004159",371979,2025-05-26 12:53:54,42.5007019042969,-9.01802730560303,"Female"
"9004159",371979,2025-05-26 12:59:33,42.5009956359863,-9.01738166809082,"Female"
"9004159",371979,2025-05-26 13:04:32,42.5015449523926,-9.01716327667236,"Female"
"9004159",371979,2025-05-26 13:09:31,42.5013542175293,-9.01585578918457,"Female"
"9004159",371979,2025-05-26 13:14:33,42.4985160827637,-9.01477718353271,"Female"
"9004159",371979,2025-05-26 13:19:39,42.4991874694824,-9.01440048217773,"Female"
"9004159",371979,2025-05-26 13:24:38,42.4987449645996,-9.01478958129883,"Female"
"9004159",371979,2025-05-26 13:29:39,42.4988479614258,-9.01476287841797,"Female"
"9004159",371979,2025-05-26 13:35:05,42.4986763000488,-9.01472282409668,"Female"
"9004159",371979,2025-05-26 13:39:29,42.498706817627,-9.01465320587158,"Female"
"9004159",371979,2025-05-26 13:44:29,42.4986763000488,-9.01474761962891,"Female"
"9004159",371979,2025-05-26 13:49:29,42.4986839294434,-9.0147066116333,"Female"
"9004159",371979,2025-05-26 13:54:29,42.4986953735352,-9.01474666595459,"Female"
"9004159",371979,2025-05-26 14:00:25,42.5013236999512,-9.01682949066162,"Female"
"9004159",371979,2025-05-26 14:05:35,42.501350402832,-9.01712036132812,"Female"
"9004159",371979,2025-05-26 14:11:20,42.5016860961914,-9.01660537719727,"Female"
"9004159",371979,2025-05-26 14:17:06,42.5010604858398,-9.01572608947754,"Female"
"9004159",371979,2025-05-26 14:22:10,42.500789642334,-9.01785755157471,"Female"
"9004159",371979,2025-05-26 14:27:49,42.5014762878418,-9.01746368408203,"Female"
"9004159",371979,2025-05-26 14:33:07,42.5011711120605,-9.0175199508667,"Female"
"9004159",371979,2025-05-26 14:38:50,42.501163482666,-9.01695346832275,"Female"
"9004159",371979,2025-05-26 14:43:48,42.5015563964844,-9.01731777191162,"Female"
"9004159",371979,2025-05-26 14:48:48,42.5012550354004,-9.01717472076416,"Female"
"9004159",371979,2025-05-26 14:55:00,42.5023956298828,-9.01615810394287,"Female"
"9004159",371979,2025-05-26 15:01:44,42.5013008117676,-9.01813983917236,"Female"
"9004159",371979,2025-05-26 15:06:16,42.499870300293,-9.01820373535156,"Female"
"9004159",371979,2025-05-26 15:11:15,42.5005531311035,-9.01807022094727,"Female"
"9004159",371979,2025-05-26 15:17:24,42.5113677978516,-9.01820278167725,"Female"
"9004159",371979,2025-05-26 15:22:25,42.5118446350098,-9.01757717132568,"Female"
"9004159",371979,2025-05-26 15:28:10,42.5131568908691,-9.01671314239502,"Female"
"9004159",371979,2025-05-26 15:33:37,42.5123176574707,-9.01641845703125,"Female"
"9004159",371979,2025-05-26 15:39:18,42.5119781494141,-9.01881313323975,"Female"
"9004159",371979,2025-05-26 15:54:05,42.5115089416504,-9.01826095581055,"Female"
"9004159",371979,2025-05-26 15:59:36,42.5113716125488,-9.01806449890137,"Female"
"9004159",371979,2025-05-26 16:04:35,42.5103302001953,-9.0188159942627,"Female"
"9004159",371979,2025-05-26 16:09:37,42.498592376709,-9.01472282409668,"Female"
"9004159",371979,2025-05-26 16:14:36,42.4985389709473,-9.01469135284424,"Female"
"9004159",371979,2025-05-26 16:19:36,42.4985809326172,-9.01471614837646,"Female"
"9004159",371979,2025-05-26 16:24:47,42.4986381530762,-9.01472091674805,"Female"
"9004159",371979,2025-05-26 16:29:47,42.4986190795898,-9.01475811004639,"Female"
"9004159",371979,2025-05-26 16:34:48,42.4985466003418,-9.01469612121582,"Female"
"9004159",371979,2025-05-26 16:39:47,42.49853515625,-9.01472854614258,"Female"
"9004159",371979,2025-05-26 16:44:40,42.4986686706543,-9.01471996307373,"Female"
"9004159",371979,2025-05-26 16:50:05,42.4986228942871,-9.01470184326172,"Female"
"9004159",371979,2025-05-26 16:54:36,42.4987182617188,-9.0147647857666,"Female"
"9004159",371979,2025-05-26 16:59:36,42.4986991882324,-9.014723777771,"Female"
"9004159",371979,2025-05-26 17:04:36,42.4986724853516,-9.01469135284424,"Female"
"9004159",371979,2025-05-26 17:09:37,42.4986534118652,-9.0147876739502,"Female"
"9004159",371979,2025-05-26 17:14:37,42.498664855957,-9.0147180557251,"Female"
"9004159",371979,2025-05-26 17:19:36,42.4986991882324,-9.0147705078125,"Female"
"9004159",371979,2025-05-26 17:24:44,42.5014686584473,-9.0156831741333,"Female"
"9004159",371979,2025-05-26 17:30:28,42.5020561218262,-9.01619625091553,"Female"
"9004159",371979,2025-05-26 17:35:28,42.5020484924316,-9.01682567596436,"Female"
"9004159",371979,2025-05-26 17:40:28,42.5012626647949,-9.01659679412842,"Female"
"9004159",371979,2025-05-26 17:45:31,42.5012054443359,-9.01604652404785,"Female"
"9004159",371979,2025-05-26 17:50:31,42.501594543457,-9.01677513122559,"Female"
"9004159",371979,2025-05-26 17:56:06,42.5015563964844,-9.016676902771,"Female"
"9004159",371979,2025-05-26 18:02:35,42.501880645752,-9.01656913757324,"Female"
"9004159",371979,2025-05-26 18:07:14,42.5013084411621,-9.01762390136719,"Female"
"9004159",371979,2025-05-26 18:12:56,42.5006256103516,-9.01847267150879,"Female"
"9004159",371979,2025-05-26 18:18:07,42.5007514953613,-9.01893711090088,"Female"
"9004159",371979,2025-05-26 18:23:40,42.5005531311035,-9.01948928833008,"Female"
"9004159",371979,2025-05-26 18:28:31,42.5008010864258,-9.01951789855957,"Female"
"9004159",371979,2025-05-26 18:33:37,42.500732421875,-9.01984691619873,"Female"
"9004159",371979,2025-05-26 18:39:21,42.5007705688477,-9.01911926269531,"Female"
"9004159",371979,2025-05-26 18:44:49,42.5007972717285,-9.01890850067139,"Female"
"9004159",371979,2025-05-26 18:50:44,42.5014266967773,-9.01799392700195,"Female"
"9004159",371979,2025-05-26 18:56:08,42.5018157958984,-9.01802921295166,"Female"
"9004159",371979,2025-05-26 19:01:48,42.501106262207,-9.01868152618408,"Female"
"9004159",371979,2025-05-26 19:07:32,42.5017890930176,-9.01887512207031,"Female"
"9004159",371979,2025-05-26 19:12:38,42.501163482666,-9.01681327819824,"Female"
"9004159",371979,2025-05-26 19:18:27,42.5017623901367,-9.01682949066162,"Female"
"9004159",371979,2025-05-26 19:24:13,42.5014686584473,-9.01682281494141,"Female"
"9004159",371979,2025-05-26 19:29:16,42.5012512207031,-9.01630401611328,"Female"
"9004159",371979,2025-05-26 19:36:53,42.5012435913086,-9.01683902740479,"Female"
"9004159",371979,2025-05-26 19:42:58,42.5008735656738,-9.01534175872803,"Female"
"9004159",371979,2025-05-26 19:48:07,42.489086151123,-8.99767589569092,"Female"
"9004159",371979,2025-05-26 19:53:08,42.4890899658203,-8.99733448028564,"Female"
"9004159",371979,2025-05-26 19:58:01,42.4892272949219,-8.99798774719238,"Female"
"9004159",371979,2025-05-26 20:03:29,42.4890365600586,-8.99712944030762,"Female"
"9004159",371979,2025-05-26 20:07:57,42.4890441894531,-8.9970874786377,"Female"
"9004159",371979,2025-05-26 20:12:54,42.4890251159668,-8.99714851379395,"Female"
"9004159",371979,2025-05-26 20:17:54,42.4889678955078,-8.99705696105957,"Female"
"9004159",371979,2025-05-26 20:22:55,42.4890365600586,-8.9971342086792,"Female"
"9004159",371979,2025-05-26 20:27:54,42.489070892334,-8.99719047546387,"Female"
"9004159",371979,2025-05-26 20:32:55,42.4890518188477,-8.99717998504639,"Female"
"9004159",371979,2025-05-26 20:37:54,42.4891395568848,-8.99727058410645,"Female"
"9004159",371979,2025-05-26 20:42:56,42.4891510009766,-8.99732398986816,"Female"
"9004159",371979,2025-05-26 20:47:56,42.4886245727539,-8.99642086029053,"Female"
"9004159",371979,2025-05-26 20:52:57,42.4893112182617,-8.99738025665283,"Female"
"9004159",371979,2025-05-26 20:58:12,42.4890632629395,-8.99712181091309,"Female"
"9004159",371979,2025-05-26 21:03:01,42.4889488220215,-8.99698257446289,"Female"
"9004159",371979,2025-05-26 21:08:29,42.4890327453613,-8.99709701538086,"Female"
"9004159",371979,2025-05-26 21:12:55,42.4890251159668,-8.99712371826172,"Female"
"9004159",371979,2025-05-26 21:17:56,42.489143371582,-8.99700927734375,"Female"
"9004159",371979,2025-05-26 21:22:55,42.4889793395996,-8.99711990356445,"Female"
"9004159",371979,2025-05-26 21:27:57,42.489070892334,-8.99727535247803,"Female"
"9004159",371979,2025-05-26 21:32:55,42.4890060424805,-8.99707317352295,"Female"
"9004159",371979,2025-05-26 21:37:55,42.4890365600586,-8.9970645904541,"Female"
"9004159",371979,2025-05-26 21:42:55,42.4890060424805,-8.9971809387207,"Female"
"9004159",371979,2025-05-26 21:48:02,42.4890480041504,-8.99706363677979,"Female"
"9004159",371979,2025-05-26 21:52:54,42.4890441894531,-8.99721431732178,"Female"
"9004159",371979,2025-05-26 21:57:55,42.4889717102051,-8.9971923828125,"Female"
"9004159",371979,2025-05-26 22:02:55,42.4890670776367,-8.99734497070312,"Female"
"9004159",371979,2025-05-26 22:07:56,42.4890365600586,-8.99706268310547,"Female"
"9004159",371979,2025-05-26 22:12:54,42.4889907836914,-8.99741840362549,"Female"
"9004159",371979,2025-05-26 22:17:57,42.4890174865723,-8.99684810638428,"Female"
"9004159",371979,2025-05-26 22:22:54,42.4889488220215,-8.9968729019165,"Female"
"9004159",371979,2025-05-26 22:27:54,42.4889717102051,-8.99688053131104,"Female"
"9004159",371979,2025-05-26 22:32:55,42.4890365600586,-8.99685287475586,"Female"
"9004159",371979,2025-05-26 22:38:14,42.4890747070312,-8.99711608886719,"Female"
"9004159",371979,2025-05-26 22:43:14,42.489070892334,-8.99712467193604,"Female"
"9004159",371979,2025-05-26 22:47:55,42.4890937805176,-8.99717998504639,"Female"
"9004159",371979,2025-05-26 22:52:54,42.489086151123,-8.99711799621582,"Female"
"9004159",371979,2025-05-26 22:57:55,42.4891052246094,-8.99716663360596,"Female"
"9004159",371979,2025-05-26 23:03:00,42.4890937805176,-8.99701499938965,"Female"
"9004159",371979,2025-05-26 23:08:12,42.4889984130859,-8.99699878692627,"Female"
"9004159",371979,2025-05-26 23:12:54,42.4890365600586,-8.99728393554688,"Female"
"9004159",371979,2025-05-26 23:17:54,42.4890403747559,-8.99709224700928,"Female"
"9004159",371979,2025-05-26 23:22:55,42.4890327453613,-8.99706077575684,"Female"
"9004159",371979,2025-05-26 23:27:57,42.488941192627,-8.99694538116455,"Female"
"9004159",371979,2025-05-26 23:32:57,42.4890174865723,-8.9970760345459,"Female"
"9004159",371979,2025-05-26 23:37:57,42.4890441894531,-8.99706935882568,"Female"
"9004159",371979,2025-05-26 23:43:00,42.4889869689941,-8.9967794418335,"Female"
"9004159",371979,2025-05-26 23:48:15,42.4890098571777,-8.99713230133057,"Female"
"9004159",371979,2025-05-26 23:52:54,42.4890022277832,-8.99673080444336,"Female"
"9004159",371979,2025-05-26 23:57:55,42.4889640808105,-8.99706840515137,"Female"
"9004159",371979,2025-05-27 00:03:20,42.489070892334,-8.99764442443848,"Female"
"9004159",371979,2025-05-27 00:07:56,42.4890441894531,-8.99752998352051,"Female"
"9004159",371979,2025-05-27 00:12:58,42.488899230957,-8.99671077728271,"Female"
"9004159",371979,2025-05-27 00:18:07,42.489086151123,-8.99752044677734,"Female"
"9004159",371979,2025-05-27 00:22:56,42.489185333252,-8.99748516082764,"Female"
"9004159",371979,2025-05-27 00:27:58,42.4890480041504,-8.9974250793457,"Female"
"9004159",371979,2025-05-27 00:32:57,42.4890747070312,-8.99759101867676,"Female"
"9004159",371979,2025-05-27 00:37:59,42.4892082214355,-8.99799633026123,"Female"
"9004159",371979,2025-05-27 00:42:59,42.489070892334,-8.99757194519043,"Female"
"9004159",371979,2025-05-27 00:48:15,42.4890213012695,-8.99717617034912,"Female"
"9004159",371979,2025-05-27 00:52:56,42.4890213012695,-8.9970874786377,"Female"
"9004159",371979,2025-05-27 00:57:56,42.4890594482422,-8.99820232391357,"Female"
"9004159",371979,2025-05-27 01:03:00,42.4890441894531,-8.99722862243652,"Female"
"9004159",371979,2025-05-27 01:08:25,42.4890518188477,-8.997145652771,"Female"
"9004159",371979,2025-05-27 01:12:56,42.4889640808105,-8.99711132049561,"Female"
"9004159",371979,2025-05-27 01:17:55,42.4890365600586,-8.9972562789917,"Female"
"9004159",371979,2025-05-27 01:22:55,42.4890441894531,-8.99714469909668,"Female"
"9004159",371979,2025-05-27 01:27:55,42.4890823364258,-8.99711608886719,"Female"
"9004159",371979,2025-05-27 01:32:56,42.4890174865723,-8.99710178375244,"Female"
"9004159",371979,2025-05-27 01:37:56,42.488941192627,-8.99689960479736,"Female"
"9004159",371979,2025-05-27 01:42:58,42.4890594482422,-8.99721527099609,"Female"
"9004159",371979,2025-05-27 01:48:02,42.4890327453613,-8.99714660644531,"Female"
"9004159",371979,2025-05-27 01:52:56,42.4889335632324,-8.99704647064209,"Female"
"9004159",371979,2025-05-27 01:57:58,42.4889831542969,-8.99711322784424,"Female"
"9004159",371979,2025-05-27 02:02:56,42.4889488220215,-8.99723339080811,"Female"
"9004159",371979,2025-05-27 02:07:58,42.4890441894531,-8.99716186523438,"Female"
"9004159",371979,2025-05-27 02:12:57,42.4890403747559,-8.99719142913818,"Female"
"9004159",371979,2025-05-27 02:17:58,42.4890594482422,-8.99712085723877,"Female"
"9004159",371979,2025-05-27 02:22:58,42.4890365600586,-8.99715423583984,"Female"
"9004159",371979,2025-05-27 02:27:58,42.4890213012695,-8.99709510803223,"Female"
"9004159",371979,2025-05-27 02:32:57,42.4890594482422,-8.99707508087158,"Female"
"9004159",371979,2025-05-27 02:37:58,42.4890327453613,-8.997145652771,"Female"
"9004159",371979,2025-05-27 02:42:59,42.4890747070312,-8.9971342086792,"Female"
"9004159",371979,2025-05-27 02:47:59,42.4890823364258,-8.99717712402344,"Female"
"9004159",371979,2025-05-27 02:53:00,42.489070892334,-8.99717807769775,"Female"
"9004159",371979,2025-05-27 02:57:57,42.4891700744629,-8.99731063842773,"Female"
"9004159",371979,2025-05-27 03:02:54,42.4891204833984,-8.99704647064209,"Female"
"9004159",371979,2025-05-27 03:07:56,42.4890403747559,-8.99706554412842,"Female"
"9004159",371979,2025-05-27 03:12:55,42.4893455505371,-8.99709796905518,"Female"
"9004159",371979,2025-05-27 03:18:14,42.4889259338379,-8.99694919586182,"Female"
"9004159",371979,2025-05-27 03:22:58,42.4891090393066,-8.99700355529785,"Female"
"9004159",371979,2025-05-27 03:27:58,42.4891204833984,-8.99718761444092,"Female"
"9004159",371979,2025-05-27 03:32:57,42.4889488220215,-8.9970178604126,"Female"
"9004159",371979,2025-05-27 03:38:01,42.4888076782227,-8.99701309204102,"Female"
"9004159",371979,2025-05-27 03:43:00,42.4892463684082,-8.99729251861572,"Female"
"9004159",371979,2025-05-27 03:47:59,42.4891471862793,-8.99717903137207,"Female"
"9004159",371979,2025-05-27 03:52:59,42.4889373779297,-8.99695014953613,"Female"
"9004159",371979,2025-05-27 03:58:03,42.4889678955078,-8.99704742431641,"Female"
"9004159",371979,2025-05-27 04:03:03,42.4891586303711,-8.99719142913818,"Female"
"9004159",371979,2025-05-27 04:08:00,42.4889602661133,-8.99696350097656,"Female"
"9004159",371979,2025-05-27 04:13:17,42.4893798828125,-8.99733734130859,"Female"
"9004159",371979,2025-05-27 04:18:15,42.4889297485352,-8.99696350097656,"Female"
"9004159",371979,2025-05-27 04:22:57,42.4889869689941,-8.99696445465088,"Female"
"9004159",371979,2025-05-27 04:28:06,42.4888076782227,-8.99682521820068,"Female"
"9004159",371979,2025-05-27 04:33:04,42.4891586303711,-8.99719333648682,"Female"
"9004159",371979,2025-05-27 04:38:01,42.4892425537109,-8.99723434448242,"Female"
"9004159",371979,2025-05-27 04:42:59,42.4885063171387,-8.99658107757568,"Female"
"9004159",371979,2025-05-27 04:48:14,42.4890174865723,-8.99705696105957,"Female"
"9004159",371979,2025-05-27 04:53:04,42.4889907836914,-8.99697971343994,"Female"
"9004159",371979,2025-05-27 04:58:06,42.4889907836914,-8.99698925018311,"Female"
"9004159",371979,2025-05-27 05:03:07,42.4890289306641,-8.99706363677979,"Female"
"9004159",371979,2025-05-27 05:08:09,42.4891700744629,-8.99713325500488,"Female"
"9004159",371979,2025-05-27 05:13:07,42.4890213012695,-8.99700546264648,"Female"
"9004159",371979,2025-05-27 05:18:09,42.489143371582,-8.99711227416992,"Female"
"9004159",371979,2025-05-27 05:23:24,42.488956451416,-8.99698638916016,"Female"
"9004159",371979,2025-05-27 05:28:29,42.4889984130859,-8.99709701538086,"Female"
"9004159",371979,2025-05-27 05:32:53,42.4890213012695,-8.99708843231201,"Female"
"9004159",371979,2025-05-27 05:37:53,42.4890327453613,-8.99707412719727,"Female"
"9004159",371979,2025-05-27 05:42:53,42.489013671875,-8.99703502655029,"Female"
"9004159",371979,2025-05-27 05:47:54,42.4890899658203,-8.99702453613281,"Female"
"9004159",371979,2025-05-27 05:52:54,42.4889755249023,-8.99715137481689,"Female"
"9004159",371979,2025-05-27 05:57:56,42.489013671875,-8.99702644348145,"Female"
"9004159",371979,2025-05-27 06:03:29,42.4889450073242,-8.99717617034912,"Female"
"9004159",371979,2025-05-27 06:07:54,42.4889984130859,-8.99710559844971,"Female"
"9004159",371979,2025-05-27 06:13:00,42.4889526367188,-8.99718761444092,"Female"
"9004159",371979,2025-05-27 06:17:55,42.488941192627,-8.99712562561035,"Female"
"9004159",371979,2025-05-27 06:22:57,42.4890174865723,-8.99715137481689,"Female"
"9004159",371979,2025-05-27 06:27:57,42.4891357421875,-8.99715995788574,"Female"
"9004159",371979,2025-05-27 06:32:54,42.4890441894531,-8.99709987640381,"Female"
"9004159",371979,2025-05-27 06:37:53,42.4889183044434,-8.99712657928467,"Female"
"9004159",371979,2025-05-27 06:42:53,42.4890327453613,-8.99712753295898,"Female"
"9004159",371979,2025-05-27 06:47:57,42.4889755249023,-8.99707889556885,"Female"
"9004159",371979,2025-05-27 06:52:54,42.4889259338379,-8.99707508087158,"Female"
"9004159",371979,2025-05-27 06:57:54,42.4890022277832,-8.99709892272949,"Female"
"9004159",371979,2025-05-27 07:02:56,42.488883972168,-8.9970874786377,"Female"
"9004159",371979,2025-05-27 07:07:57,42.488899230957,-8.99688053131104,"Female"
"9004159",371979,2025-05-27 07:12:55,42.4891891479492,-8.99777030944824,"Female"
"9004159",371979,2025-05-27 07:17:55,42.4889335632324,-8.9970006942749,"Female"
"9004159",371979,2025-05-27 07:22:54,42.4889640808105,-8.99694919586182,"Female"
"9004159",371979,2025-05-27 07:28:14,42.4890670776367,-8.99733448028564,"Female"
"9004159",371979,2025-05-27 07:32:53,42.4890365600586,-8.99704551696777,"Female"
"9004159",371979,2025-05-27 07:37:53,42.4890594482422,-8.99714279174805,"Female"
"9004159",371979,2025-05-27 07:42:54,42.4890213012695,-8.99719333648682,"Female"
"9004159",371979,2025-05-27 07:48:14,42.4923057556152,-9.00172996520996,"Female"
"9004159",371979,2025-05-27 07:52:53,42.4987449645996,-9.01462936401367,"Female"
"9004159",371979,2025-05-27 07:57:56,42.4986343383789,-9.01452827453613,"Female"
"9004159",371979,2025-05-27 08:02:54,42.4987297058105,-9.01482105255127,"Female"
"9004159",371979,2025-05-27 08:07:56,42.4986915588379,-9.01460456848145,"Female"
"9004159",371979,2025-05-27 08:12:57,42.4984970092773,-9.01425457000732,"Female"
"9004159",371979,2025-05-27 08:17:56,42.4986534118652,-9.01461315155029,"Female"
"9004159",371979,2025-05-27 08:23:14,42.4985618591309,-9.01450729370117,"Female"
"9004159",371979,2025-05-27 08:27:54,42.4987831115723,-9.01481437683105,"Female"
"9004159",371979,2025-05-27 08:32:54,42.4988784790039,-9.01485061645508,"Female"
"9004159",371979,2025-05-27 08:37:54,42.49853515625,-9.01436996459961,"Female"
"9004159",371979,2025-05-27 08:43:07,42.498664855957,-9.01453304290771,"Female"
"9004159",371979,2025-05-27 08:48:29,42.4986381530762,-9.0145206451416,"Female"
"9004159",371979,2025-05-27 08:52:54,42.498592376709,-9.01454067230225,"Female"
"9004159",371979,2025-05-27 08:57:53,42.4985580444336,-9.01454639434814,"Female"
"9004159",371979,2025-05-27 09:02:54,42.4985389709473,-9.01461219787598,"Female"
"9004159",371979,2025-05-27 09:07:53,42.49853515625,-9.01450824737549,"Female"
"9004159",371979,2025-05-27 09:12:53,42.4986114501953,-9.01452541351318,"Female"
"9004159",371979,2025-05-27 09:17:53,42.4986381530762,-9.0145263671875,"Female"
"9004159",371979,2025-05-27 09:22:54,42.4986152648926,-9.01452350616455,"Female"
"9004159",371979,2025-05-27 09:27:53,42.5101928710938,-9.01866626739502,"Female"
"9004159",371979,2025-05-27 09:33:07,42.5112915039062,-9.01899814605713,"Female"
"9004159",371979,2025-05-27 09:38:05,42.510425567627,-9.01989078521729,"Female"
"9004159",371979,2025-05-27 09:43:55,42.5110931396484,-9.01993465423584,"Female"
"9004159",371979,2025-05-27 09:48:55,42.5119476318359,-9.019455909729,"Female"
"9004159",371979,2025-05-27 09:53:54,42.5112648010254,-9.01936817169189,"Female"
"9004159",371979,2025-05-27 09:58:54,42.5101356506348,-9.01905345916748,"Female"
"9004159",371979,2025-05-27 10:04:06,42.5093994140625,-9.02044296264648,"Female"
"9004159",371979,2025-05-27 10:09:09,42.508903503418,-9.02025508880615,"Female"
"9004159",371979,2025-05-27 10:14:08,42.509449005127,-9.0210599899292,"Female"
"9004159",371979,2025-05-27 10:19:07,42.5096855163574,-9.02012157440186,"Female"
"9004159",371979,2025-05-27 10:24:07,42.5102844238281,-9.01948165893555,"Female"
"9004159",371979,2025-05-27 10:30:06,42.5094223022461,-9.01955509185791,"Female"
"9004159",371979,2025-05-27 10:35:06,42.5090942382812,-9.02087211608887,"Female"
"9004159",371979,2025-05-27 10:40:05,42.5084838867188,-9.02208042144775,"Female"
"9004159",371979,2025-05-27 10:45:13,42.5077972412109,-9.02301788330078,"Female"
"9004159",371979,2025-05-27 10:50:26,42.5075721740723,-9.02159023284912,"Female"
"9004159",371979,2025-05-27 10:55:53,42.5057220458984,-9.02190017700195,"Female"
"9004159",371979,2025-05-27 11:00:53,42.5041732788086,-9.02295398712158,"Female"
"9004159",371979,2025-05-27 11:07:08,42.5044860839844,-9.02497863769531,"Female"
"9004159",371979,2025-05-27 11:12:03,42.5012168884277,-9.02185726165771,"Female"
"9004159",371979,2025-05-27 11:17:06,42.4985961914062,-9.01481056213379,"Female"
"9004159",371979,2025-05-27 11:22:07,42.4986305236816,-9.0148401260376,"Female"
"9004159",371979,2025-05-27 11:27:14,42.4986000061035,-9.01467514038086,"Female"
"9004159",371979,2025-05-27 11:32:03,42.4986305236816,-9.01475715637207,"Female"
"9004159",371979,2025-05-27 11:37:09,42.4984931945801,-9.01465702056885,"Female"
"9004159",371979,2025-05-27 11:42:11,42.4989929199219,-9.01566600799561,"Female"
"9004159",371979,2025-05-27 11:47:35,42.498649597168,-9.01478862762451,"Female"
"9004159",371979,2025-05-27 11:52:07,42.498607635498,-9.01478958129883,"Female"
"9004159",371979,2025-05-27 11:57:07,42.4986419677734,-9.01478672027588,"Female"
"9004159",371979,2025-05-27 12:02:07,42.4986572265625,-9.01480102539062,"Female"
"9004159",371979,2025-05-27 12:07:07,42.4986343383789,-9.01477241516113,"Female"
"9004159",371979,2025-05-27 12:12:07,42.4986381530762,-9.01480770111084,"Female"
"9004159",371979,2025-05-27 12:17:08,42.5094909667969,-9.01833438873291,"Female"
"9004159",371979,2025-05-27 12:22:33,42.5118141174316,-9.01998138427734,"Female"
"9004159",371979,2025-05-27 12:27:39,42.510555267334,-9.0188102722168,"Female"
"9004159",371979,2025-05-27 12:33:52,42.5111503601074,-9.01758289337158,"Female"
"9004159",371979,2025-05-27 12:39:11,42.5057144165039,-9.02309703826904,"Female"
"9004159",371979,2025-05-27 12:44:28,42.5048942565918,-9.02290439605713,"Female"
"9004159",371979,2025-05-27 12:49:28,42.505744934082,-9.0225944519043,"Female"
"9004159",371979,2025-05-27 12:54:28,42.5052719116211,-9.02176189422607,"Female"
"9004159",371979,2025-05-27 12:59:28,42.5014190673828,-9.01634788513184,"Female"
"9004159",371979,2025-05-27 13:04:30,42.498722076416,-9.01474475860596,"Female"
"9004159",371979,2025-05-27 13:09:29,42.498722076416,-9.01481628417969,"Female"
"9004159",371979,2025-05-27 13:14:30,42.4986839294434,-9.0149040222168,"Female"
"9004159",371979,2025-05-27 13:19:30,42.4987030029297,-9.01479530334473,"Female"
"9004159",371979,2025-05-27 13:24:44,42.4987106323242,-9.01480007171631,"Female"
"9004159",371979,2025-05-27 13:29:29,42.4986915588379,-9.01467990875244,"Female"
"9004159",371979,2025-05-27 13:34:29,42.498779296875,-9.01504898071289,"Female"
"9004159",371979,2025-05-27 13:39:29,42.4987716674805,-9.01497554779053,"Female"
"9004159",371979,2025-05-27 13:44:28,42.5001373291016,-9.02119827270508,"Female"
"9004159",371979,2025-05-27 13:50:00,42.5021095275879,-9.02588939666748,"Female"
"9004159",371979,2025-05-27 13:55:05,42.5005226135254,-9.02657890319824,"Female"
"9004159",371979,2025-05-27 13:59:42,42.4996452331543,-9.02729225158691,"Female"
"9004159",371979,2025-05-27 14:05:35,42.4991302490234,-9.02936553955078,"Female"
"9004159",371979,2025-05-27 14:10:46,42.4999313354492,-9.02887725830078,"Female"
"9004159",371979,2025-05-27 14:16:46,42.5000877380371,-9.02651119232178,"Female"
"9004159",371979,2025-05-27 14:22:32,42.5005149841309,-9.02499294281006,"Female"
"9004159",371979,2025-05-27 14:27:14,42.5006713867188,-9.02388381958008,"Female"
"9004159",371979,2025-05-27 14:32:16,42.4985656738281,-9.01490020751953,"Female"
"9004159",371979,2025-05-27 14:38:38,42.4986114501953,-9.01458644866943,"Female"
"9004159",371979,2025-05-27 14:42:34,42.4986228942871,-9.01466178894043,"Female"
"9004159",371979,2025-05-27 14:47:13,42.4985961914062,-9.01466751098633,"Female"
"9004159",371979,2025-05-27 14:52:13,42.4986152648926,-9.01465702056885,"Female"
"9004159",371979,2025-05-27 14:57:13,42.4986915588379,-9.01462650299072,"Female"
"9004159",371979,2025-05-27 15:02:13,42.4985961914062,-9.01466083526611,"Female"
"9004159",371979,2025-05-27 15:07:13,42.4985733032227,-9.01469898223877,"Female"
"9004159",371979,2025-05-27 15:12:13,42.4986114501953,-9.01464748382568,"Female"
"9004159",371979,2025-05-27 15:17:13,42.498664855957,-9.01467037200928,"Female"
"9004159",371979,2025-05-27 15:22:15,42.4985961914062,-9.01464462280273,"Female"
"9004159",371979,2025-05-27 15:27:16,42.4986534118652,-9.01473522186279,"Female"
"9004159",371979,2025-05-27 15:32:13,42.4986610412598,-9.01467990875244,"Female"
"9004159",371979,2025-05-27 15:37:14,42.4986457824707,-9.01471519470215,"Female"
"9004159",371979,2025-05-27 15:42:13,42.4986419677734,-9.01472854614258,"Female"
"9004159",371979,2025-05-27 15:47:21,42.4987831115723,-9.01468849182129,"Female"
"9004159",371979,2025-05-27 15:52:32,42.4986419677734,-9.01465511322021,"Female"
"9004159",371979,2025-05-27 15:57:14,42.4986572265625,-9.01468944549561,"Female"
"9004159",371979,2025-05-27 16:02:15,42.5016822814941,-9.01546764373779,"Female"
"9004159",371979,2025-05-27 16:08:43,42.5016555786133,-9.01673889160156,"Female"
"9004159",371979,2025-05-27 16:14:55,42.5012741088867,-9.01858806610107,"Female"
"9004159",371979,2025-05-27 16:20:36,42.5004081726074,-9.01942443847656,"Female"
"9004159",371979,2025-05-27 16:26:02,42.5011100769043,-9.01780319213867,"Female"
"9004159",371979,2025-05-27 16:31:07,42.5010643005371,-9.01758480072021,"Female"
"9004159",371979,2025-05-27 16:36:36,42.5016860961914,-9.01589298248291,"Female"
"9004159",371979,2025-05-27 16:42:03,42.511157989502,-9.01633548736572,"Female"
"9004159",371979,2025-05-27 16:47:00,42.5123748779297,-9.0163402557373,"Female"
"9004159",371979,2025-05-27 16:52:01,42.5075874328613,-9.02060985565186,"Female"
"9004159",371979,2025-05-27 16:57:43,42.5009651184082,-9.01833724975586,"Female"
"9004159",371979,2025-05-27 17:02:49,42.5010299682617,-9.01891422271729,"Female"
"9004159",371979,2025-05-27 17:07:48,42.5006217956543,-9.01860904693604,"Female"
"9004159",371979,2025-05-27 17:13:28,42.5008430480957,-9.01874446868896,"Female"
"9004159",371979,2025-05-27 17:18:44,42.5006866455078,-9.01816368103027,"Female"
"9004159",371979,2025-05-27 17:23:33,42.5000686645508,-9.01845359802246,"Female"
"9004159",371979,2025-05-27 17:35:14,42.5000686645508,-9.01864528656006,"Female"
"9004159",371979,2025-05-27 17:39:49,42.5003318786621,-9.01901817321777,"Female"
"9004159",371979,2025-05-27 17:44:51,42.5004653930664,-9.01935768127441,"Female"
"9004159",371979,2025-05-27 17:50:54,42.4999847412109,-9.01851749420166,"Female"
"9004159",371979,2025-05-27 17:55:52,42.5005531311035,-9.01888847351074,"Female"
"9004159",371979,2025-05-27 18:01:51,42.5005760192871,-9.01892375946045,"Female"
"9004159",371979,2025-05-27 18:06:49,42.5004615783691,-9.01897430419922,"Female"
"9004159",371979,2025-05-27 18:12:29,42.5007667541504,-9.0184850692749,"Female"
"9004159",371979,2025-05-27 18:17:35,42.5007553100586,-9.01849460601807,"Female"
"9004159",371979,2025-05-27 18:23:06,42.5005836486816,-9.01788520812988,"Female"
"9004159",371979,2025-05-27 18:36:26,42.5010643005371,-9.01803207397461,"Female"
"9004159",371979,2025-05-27 18:41:33,42.501106262207,-9.01795673370361,"Female"
"9004159",371979,2025-05-27 18:47:27,42.5012283325195,-9.01750946044922,"Female"
"9004159",371979,2025-05-27 18:53:23,42.5012512207031,-9.01716136932373,"Female"
"9004159",371979,2025-05-27 18:59:22,42.5015869140625,-9.01696109771729,"Female"
"9004159",371979,2025-05-27 19:05:14,42.5014266967773,-9.01779556274414,"Female"
"9004159",371979,2025-05-27 19:10:22,42.5009574890137,-9.01789093017578,"Female"
"9004159",371979,2025-05-27 19:16:09,42.5016708374023,-9.01708698272705,"Female"
"9004159",371979,2025-05-27 19:21:16,42.5014305114746,-9.01693248748779,"Female"
"9004159",371979,2025-05-27 19:26:33,42.5016555786133,-9.01690196990967,"Female"
"9004159",371979,2025-05-27 19:31:10,42.5011177062988,-9.01668357849121,"Female"
"9004159",371979,2025-05-27 19:36:12,42.4895095825195,-8.99612236022949,"Female"
"9004159",371979,2025-05-27 19:41:18,42.4890174865723,-8.99715328216553,"Female"
"9004159",371979,2025-05-27 19:46:19,42.4891052246094,-8.99706745147705,"Female"
"9004159",371979,2025-05-27 19:51:22,42.4891014099121,-8.99723625183105,"Female"
"9004159",371979,2025-05-27 19:56:19,42.489070892334,-8.9970760345459,"Female"
"9004159",371979,2025-05-27 20:01:35,42.4890518188477,-8.9971284866333,"Female"
"9004159",371979,2025-05-27 20:06:10,42.4890785217285,-8.99721050262451,"Female"
"9004159",371979,2025-05-27 20:11:12,42.4890785217285,-8.99716663360596,"Female"
"9004159",371979,2025-05-27 20:16:09,42.489070892334,-8.99720191955566,"Female"
"9004159",371979,2025-05-27 20:21:09,42.4891586303711,-8.99727916717529,"Female"
"9004159",371979,2025-05-27 20:26:12,42.4891929626465,-8.99738121032715,"Female"
"9004159",371979,2025-05-27 20:31:12,42.4889602661133,-8.99700164794922,"Female"
"9004159",371979,2025-05-27 20:36:12,42.4890480041504,-8.99719619750977,"Female"
"9004159",371979,2025-05-27 20:41:18,42.4889869689941,-8.99706935882568,"Female"
"9004159",371979,2025-05-27 20:46:10,42.4892120361328,-8.99733352661133,"Female"
"9004159",371979,2025-05-27 20:51:10,42.4893112182617,-8.99751567840576,"Female"
"9004159",371979,2025-05-27 20:56:09,42.4893341064453,-8.99752140045166,"Female"
"9004159",371979,2025-05-27 21:01:11,42.4890441894531,-8.99716663360596,"Female"
"9004159",371979,2025-05-27 21:06:19,42.4890594482422,-8.99716949462891,"Female"
"9004159",371979,2025-05-27 21:11:13,42.489086151123,-8.99714756011963,"Female"
"9004159",371979,2025-05-27 21:16:14,42.488941192627,-8.99690341949463,"Female"
"9004159",371979,2025-05-27 21:21:10,42.4889259338379,-8.99706363677979,"Female"
"9004159",371979,2025-05-27 21:26:18,42.488956451416,-8.99709701538086,"Female"
"9004159",371979,2025-05-27 21:31:12,42.4888191223145,-8.99699401855469,"Female"
"9004159",371979,2025-05-27 21:36:18,42.4890327453613,-8.99711990356445,"Female"
"9004159",371979,2025-05-27 21:41:15,42.4890518188477,-8.99696922302246,"Female"
"9004159",371979,2025-05-27 21:46:11,42.4893684387207,-8.99791717529297,"Female"
"9004159",371979,2025-05-27 21:51:19,42.4890441894531,-8.99710369110107,"Female"
"9004159",371979,2025-05-27 21:56:35,42.4890213012695,-8.99711036682129,"Female"
"9004159",371979,2025-05-27 22:01:10,42.4890518188477,-8.99710464477539,"Female"
"9004159",371979,2025-05-27 22:06:10,42.4890098571777,-8.99709033966064,"Female"
"9004159",371979,2025-05-27 22:11:10,42.4890518188477,-8.99708938598633,"Female"
"9004159",371979,2025-05-27 22:16:10,42.489070892334,-8.99709224700928,"Female"
"9004159",371979,2025-05-27 22:21:10,42.488956451416,-8.99713039398193,"Female"
"9004159",371979,2025-05-27 22:26:10,42.4890213012695,-8.9971227645874,"Female"
"9004159",371979,2025-05-27 22:31:10,42.4890022277832,-8.99708271026611,"Female"
"9004159",371979,2025-05-27 22:36:11,42.4889640808105,-8.99708366394043,"Female"
"9004159",371979,2025-05-27 22:41:16,42.4890022277832,-8.99707889556885,"Female"
"9004159",371979,2025-05-27 22:46:11,42.4889717102051,-8.9970874786377,"Female"
"9004159",371979,2025-05-27 22:51:11,42.4890632629395,-8.99711990356445,"Female"
"9004159",371979,2025-05-27 22:56:10,42.4891090393066,-8.99715900421143,"Female"
"9004159",371979,2025-05-27 23:01:11,42.4890174865723,-8.99706649780273,"Female"
"9004159",371979,2025-05-27 23:06:09,42.4890518188477,-8.99705696105957,"Female"
"9004159",371979,2025-05-27 23:11:12,42.4888229370117,-8.99691390991211,"Female"
"9004159",371979,2025-05-27 23:16:12,42.4889221191406,-8.99701404571533,"Female"
"9004159",371979,2025-05-27 23:21:13,42.4890403747559,-8.99712467193604,"Female"
"9004159",371979,2025-05-27 23:26:10,42.4891395568848,-8.9972095489502,"Female"
"9004159",371979,2025-05-27 23:31:15,42.4890441894531,-8.99711322784424,"Female"
"9004159",371979,2025-05-27 23:36:11,42.4890365600586,-8.99709606170654,"Female"
"9004159",371979,2025-05-27 23:41:15,42.4891128540039,-8.997314453125,"Female"
"9004159",371979,2025-05-27 23:46:44,42.4891014099121,-8.99724674224854,"Female"
"9004159",371979,2025-05-27 23:51:10,42.4890556335449,-8.99708557128906,"Female"
"9004159",371979,2025-05-27 23:56:13,42.4890327453613,-8.99702835083008,"Female"
"9004159",371979,2025-05-28 00:01:09,42.4890556335449,-8.99716949462891,"Female"
"9004159",371979,2025-05-28 00:06:13,42.4891357421875,-8.99708366394043,"Female"
"9004159",371979,2025-05-28 00:11:15,42.4891624450684,-8.99717617034912,"Female"
"9004159",371979,2025-05-28 00:16:15,42.489013671875,-8.99710464477539,"Female"
"9004159",371979,2025-05-28 00:21:13,42.4890060424805,-8.99689865112305,"Female"
"9004159",371979,2025-05-28 00:26:13,42.489070892334,-8.99709320068359,"Female"
"9004159",371979,2025-05-28 00:32:05,42.489013671875,-8.99707317352295,"Female"
"9004159",371979,2025-05-28 00:36:13,42.4889755249023,-8.99705219268799,"Female"
"9004159",371979,2025-05-28 00:41:12,42.4889831542969,-8.99713230133057,"Female"
"9004159",371979,2025-05-28 00:46:18,42.4891052246094,-8.9970235824585,"Female"
"9004159",371979,2025-05-28 00:51:22,42.4891662597656,-8.99712657928467,"Female"
"9004159",371979,2025-05-28 00:56:13,42.4891242980957,-8.99703979492188,"Female"
"9004159",371979,2025-05-28 01:01:17,42.4890289306641,-8.99705505371094,"Female"
"9004159",371979,2025-05-28 01:06:12,42.4891510009766,-8.99706935882568,"Female"
"9004159",371979,2025-05-28 01:11:18,42.489086151123,-8.99716377258301,"Female"
"9004159",371979,2025-05-28 01:16:35,42.4890518188477,-8.99711799621582,"Female"
"9004159",371979,2025-05-28 01:21:13,42.4890594482422,-8.99713325500488,"Female"
"9004159",371979,2025-05-28 01:26:14,42.4891204833984,-8.99709892272949,"Female"
"9004159",371979,2025-05-28 01:31:17,42.489128112793,-8.99710845947266,"Female"
"9004159",371979,2025-05-28 01:36:10,42.4889144897461,-8.99705123901367,"Female"
"9004159",371979,2025-05-28 01:41:13,42.4889640808105,-8.99708652496338,"Female"
"9004159",371979,2025-05-28 01:46:10,42.4890480041504,-8.99709415435791,"Female"
"9004159",371979,2025-05-28 01:51:11,42.4889602661133,-8.99708271026611,"Female"
"9004159",371979,2025-05-28 01:56:13,42.4890365600586,-8.99712657928467,"Female"
"9004159",371979,2025-05-28 02:01:35,42.4890670776367,-8.99709320068359,"Female"
"9004159",371979,2025-05-28 02:06:09,42.4888305664062,-8.99711513519287,"Female"
"9004159",371979,2025-05-28 02:11:15,42.4889793395996,-8.99711513519287,"Female"
"9004159",371979,2025-05-28 02:16:15,42.4892654418945,-8.99709510803223,"Female"
"9004159",371979,2025-05-28 02:21:35,42.4888114929199,-8.99726104736328,"Female"
"9004159",371979,2025-05-28 02:26:33,42.4885635375977,-8.9972095489502,"Female"
"9004159",371979,2025-05-28 02:31:35,42.4890480041504,-8.99712085723877,"Female"
"9004159",371979,2025-05-28 02:36:15,42.4890823364258,-8.99704742431641,"Female"
"9004159",371979,2025-05-28 02:41:12,42.4890975952148,-8.99701118469238,"Female"
"9004159",371979,2025-05-28 02:46:12,42.4890403747559,-8.99716472625732,"Female"
"9004159",371979,2025-05-28 02:51:10,42.4890213012695,-8.99710559844971,"Female"
"9004159",371979,2025-05-28 02:56:11,42.4890594482422,-8.99713039398193,"Female"
"9004159",371979,2025-05-28 03:01:10,42.488956451416,-8.99731254577637,"Female"
"9004159",371979,2025-05-28 03:06:22,42.4890480041504,-8.99707317352295,"Female"
"9004159",371979,2025-05-28 03:11:19,42.4890060424805,-8.99704360961914,"Female"
"9004159",371979,2025-05-28 03:16:22,42.4889945983887,-8.99703979492188,"Female"
"9004159",371979,2025-05-28 03:21:19,42.4889869689941,-8.99703693389893,"Female"
"9004159",371979,2025-05-28 03:26:23,42.4889373779297,-8.99709415435791,"Female"
"9004159",371979,2025-05-28 03:32:34,42.4890213012695,-8.99701499938965,"Female"
"9004159",371979,2025-05-28 03:36:22,42.4890747070312,-8.99698543548584,"Female"
"9004159",371979,2025-05-28 03:41:18,42.4890289306641,-8.99698257446289,"Female"
"9004159",371979,2025-05-28 03:46:15,42.4890480041504,-8.9969539642334,"Female"
"9004159",371979,2025-05-28 03:51:13,42.4890670776367,-8.99703693389893,"Female"
"9004159",371979,2025-05-28 03:56:13,42.4890213012695,-8.99690818786621,"Female"
"9004159",371979,2025-05-28 04:01:12,42.4890747070312,-8.9968729019165,"Female"
"9004159",371979,2025-05-28 04:06:17,42.4890289306641,-8.99701023101807,"Female"
"9004159",371979,2025-05-28 04:11:11,42.4890632629395,-8.99682235717773,"Female"
"9004159",371979,2025-05-28 04:16:15,42.4890327453613,-8.99675559997559,"Female"
"9004159",371979,2025-05-28 04:21:13,42.4890441894531,-8.99692916870117,"Female"
"9004159",371979,2025-05-28 04:26:18,42.4889907836914,-8.99683952331543,"Female"
"9004159",371979,2025-05-28 04:31:12,42.4889717102051,-8.9967622756958,"Female"
"9004159",371979,2025-05-28 04:36:26,42.4889488220215,-8.99680805206299,"Female"
"9004159",371979,2025-05-28 04:41:20,42.4889717102051,-8.99677753448486,"Female"
"9004159",371979,2025-05-28 04:46:36,42.4888801574707,-8.99685287475586,"Female"
"9004159",371979,2025-05-28 04:51:15,42.4890098571777,-8.99689865112305,"Female"
"9004159",371979,2025-05-28 04:56:13,42.4889945983887,-8.99687004089355,"Female"
"9004159",371979,2025-05-28 05:01:15,42.4890060424805,-8.99684524536133,"Female"
"9004159",371979,2025-05-28 05:06:11,42.4888801574707,-8.99694728851318,"Female"
"9004159",371979,2025-05-28 05:11:13,42.4890060424805,-8.99690723419189,"Female"
"9004159",371979,2025-05-28 05:16:09,42.4889030456543,-8.99687004089355,"Female"
"9004159",371979,2025-05-28 05:21:09,42.4888916015625,-8.99685001373291,"Female"
"9004159",371979,2025-05-28 05:26:09,42.4889640808105,-8.99690914154053,"Female"
"9004159",371979,2025-05-28 05:31:09,42.4889106750488,-8.99684619903564,"Female"
"9004159",371979,2025-05-28 05:36:09,42.4890213012695,-8.99670314788818,"Female"
"9004159",371979,2025-05-28 05:41:09,42.488883972168,-8.99680042266846,"Female"
"9004159",371979,2025-05-28 05:46:15,42.4889869689941,-8.99700927734375,"Female"
"9004159",371979,2025-05-28 05:51:09,42.4890174865723,-8.99699974060059,"Female"
"9004159",371979,2025-05-28 05:56:18,42.4890365600586,-8.9970121383667,"Female"
"9004159",371979,2025-05-28 06:01:34,42.4890174865723,-8.99703502655029,"Female"
"9004159",371979,2025-05-28 06:06:15,42.489013671875,-8.99708938598633,"Female"
"9004159",371979,2025-05-28 06:11:16,42.4889793395996,-8.99703121185303,"Female"
"9004159",371979,2025-05-28 06:16:21,42.4890480041504,-8.99709701538086,"Female"
"9004159",371979,2025-05-28 06:21:17,42.4889945983887,-8.99707984924316,"Female"
"9004159",371979,2025-05-28 06:26:12,42.4887924194336,-8.99711513519287,"Female"
"9004159",371979,2025-05-28 06:31:11,42.489070892334,-8.99710750579834,"Female"
"9004159",371979,2025-05-28 06:36:09,42.4889373779297,-8.99681949615479,"Female"
"9004159",371979,2025-05-28 06:41:09,42.4888343811035,-8.99661159515381,"Female"
"9004159",371979,2025-05-28 06:46:10,42.4891242980957,-8.99724102020264,"Female"
"9004159",371979,2025-05-28 06:51:12,42.4891548156738,-8.99740600585938,"Female"
"9004159",371979,2025-05-28 06:56:11,42.489070892334,-8.99718379974365,"Female"
"9004159",371979,2025-05-28 07:01:13,42.4890518188477,-8.99706935882568,"Female"
"9004159",371979,2025-05-28 07:06:13,42.4890174865723,-8.99698066711426,"Female"
"9004159",371979,2025-05-28 07:11:15,42.4889945983887,-8.99700832366943,"Female"
"9004159",371979,2025-05-28 07:16:10,42.4890403747559,-8.99699783325195,"Female"
"9004159",371979,2025-05-28 07:21:11,42.4889793395996,-8.99695205688477,"Female"
"9004159",371979,2025-05-28 07:26:33,42.488941192627,-8.9969596862793,"Female"
"9004159",371979,2025-05-28 07:31:09,42.4889030456543,-8.99688243865967,"Female"
"9004159",371979,2025-05-28 07:36:10,42.488956451416,-8.99697017669678,"Female"
"9004159",371979,2025-05-28 07:41:09,42.4889869689941,-8.99704551696777,"Female"
"9004159",371979,2025-05-28 07:46:09,42.4888534545898,-8.99682521820068,"Female"
"9004159",371979,2025-05-28 07:51:18,42.4889297485352,-8.99687767028809,"Female"
"9004159",371979,2025-05-28 07:56:13,42.4890060424805,-8.99707794189453,"Female"
"9004159",371979,2025-05-28 08:01:35,42.4890060424805,-8.99698925018311,"Female"
"9004159",371979,2025-05-28 08:06:10,42.4891357421875,-8.99703979492188,"Female"
"9004159",371979,2025-05-28 08:11:17,42.4890022277832,-8.99694156646729,"Female"
"9004159",371979,2025-05-28 08:16:10,42.4890823364258,-8.99704170227051,"Female"
"9004159",371979,2025-05-28 08:21:10,42.4985237121582,-9.0144157409668,"Female"
"9004159",371979,2025-05-28 08:26:10,42.498664855957,-9.01449394226074,"Female"
"9004159",371979,2025-05-28 08:31:09,42.4985160827637,-9.01413917541504,"Female"
"9004159",371979,2025-05-28 08:36:10,42.5052261352539,-9.01594257354736,"Female"
"9004159",371979,2025-05-28 08:41:09,42.5071334838867,-9.01474571228027,"Female"
"9004159",371979,2025-05-28 08:46:09,42.5109481811523,-9.01485824584961,"Female"
"9004159",371979,2025-05-28 08:51:09,42.5108489990234,-9.01798057556152,"Female"
"9004159",371979,2025-05-28 08:57:43,42.5112075805664,-9.01794052124023,"Female"
"9004159",371979,2025-05-28 09:02:40,42.5110321044922,-9.01699638366699,"Female"
"9004159",371979,2025-05-28 09:07:42,42.5105743408203,-9.01513957977295,"Female"
"9004159",371979,2025-05-28 09:12:41,42.5105400085449,-9.01324653625488,"Female"
"9004159",371979,2025-05-28 09:17:41,42.5138626098633,-9.01322841644287,"Female"
"9004159",371979,2025-05-28 09:22:45,42.5140419006348,-9.01337623596191,"Female"
"9004159",371979,2025-05-28 09:27:45,42.5140190124512,-9.01343250274658,"Female"
"9004159",371979,2025-05-28 09:32:42,42.5139274597168,-9.01336097717285,"Female"
"9004159",371979,2025-05-28 09:37:41,42.5139770507812,-9.01345252990723,"Female"
"9004159",371979,2025-05-28 09:42:42,42.5139198303223,-9.01342964172363,"Female"
"9004159",371979,2025-05-28 09:47:43,42.5140266418457,-9.01331615447998,"Female"
"9004159",371979,2025-05-28 09:53:01,42.5140037536621,-9.01338005065918,"Female"
"9004159",371979,2025-05-28 09:57:39,42.5141830444336,-9.01297187805176,"Female"
"9004159",371979,2025-05-28 10:02:40,42.4985237121582,-9.01444053649902,"Female"
"9004159",371979,2025-05-28 10:07:40,42.4985694885254,-9.01447486877441,"Female"
"9004159",371979,2025-05-28 10:12:40,42.4986000061035,-9.01468467712402,"Female"
"9004159",371979,2025-05-28 10:17:40,42.4985961914062,-9.01466274261475,"Female"
"9004159",371979,2025-05-28 10:22:39,42.498592376709,-9.01454544067383,"Female"
"9004159",371979,2025-05-28 10:27:40,42.4986228942871,-9.01450729370117,"Female"
"9004159",371979,2025-05-28 10:32:40,42.4985504150391,-9.01467418670654,"Female"
"9004159",371979,2025-05-28 10:37:40,42.4986000061035,-9.01460552215576,"Female"
"9004159",371979,2025-05-28 10:42:40,42.4985656738281,-9.01475524902344,"Female"
"9004159",371979,2025-05-28 10:47:40,42.4986152648926,-9.01473808288574,"Female"
"9004159",371979,2025-05-28 10:52:42,42.4984931945801,-9.01457214355469,"Female"
"9004159",371979,2025-05-28 10:57:43,42.4985809326172,-9.01470947265625,"Female"
"9004159",371979,2025-05-28 11:02:39,42.4985885620117,-9.01467323303223,"Female"
"9004159",371979,2025-05-28 11:07:39,42.4985809326172,-9.01467132568359,"Female"
"9004159",371979,2025-05-28 11:12:39,42.498649597168,-9.01475524902344,"Female"
"9004159",371979,2025-05-28 11:17:40,42.4986000061035,-9.0146656036377,"Female"
"9004159",371979,2025-05-28 11:22:39,42.4985656738281,-9.01463031768799,"Female"
"9004159",371979,2025-05-28 11:27:45,42.4985656738281,-9.01476764678955,"Female"
"9004159",371979,2025-05-28 11:32:39,42.4986228942871,-9.01472663879395,"Female"
"9004159",371979,2025-05-28 11:37:40,42.4983711242676,-9.01414775848389,"Female"
"9004159",371979,2025-05-28 11:42:59,42.4984512329102,-9.01475620269775,"Female"
"9004159",371979,2025-05-28 11:47:41,42.4984931945801,-9.01492595672607,"Female"
"9004159",371979,2025-05-28 11:52:40,42.4985427856445,-9.01507472991943,"Female"
"9004159",371979,2025-05-28 11:57:43,42.4988250732422,-9.01474094390869,"Female"
"9004159",371979,2025-05-28 12:03:04,42.4986991882324,-9.0148401260376,"Female"
"9004159",371979,2025-05-28 12:07:39,42.4986419677734,-9.01485538482666,"Female"
"9004159",371979,2025-05-28 12:12:40,42.4986686706543,-9.01478099822998,"Female"
"9004159",371979,2025-05-28 12:17:40,42.4986801147461,-9.01486301422119,"Female"
"9004159",371979,2025-05-28 12:22:39,42.4986534118652,-9.01475715637207,"Female"
"9004159",371979,2025-05-28 12:27:39,42.4986228942871,-9.01482200622559,"Female"
"9004159",371979,2025-05-28 12:32:40,42.4986534118652,-9.01500415802002,"Female"
"9004159",371979,2025-05-28 12:37:41,42.4986877441406,-9.01477813720703,"Female"
"9004159",371979,2025-05-28 12:42:40,42.4986572265625,-9.01469993591309,"Female"
"9004159",371979,2025-05-28 12:47:41,42.4986343383789,-9.01461219787598,"Female"
"9004159",371979,2025-05-28 12:52:42,42.4986381530762,-9.01515579223633,"Female"
"9004159",371979,2025-05-28 12:57:41,42.4986343383789,-9.0146369934082,"Female"
"9004159",371979,2025-05-28 13:02:45,42.4986190795898,-9.01479625701904,"Female"
"9004159",371979,2025-05-28 13:07:43,42.4986534118652,-9.01467800140381,"Female"
"9004159",371979,2025-05-28 13:12:41,42.4986991882324,-9.0148286819458,"Female"
"9004159",371979,2025-05-28 13:17:45,42.4988059997559,-9.01526260375977,"Female"
"9004159",371979,2025-05-28 13:22:51,42.4988136291504,-9.01533222198486,"Female"
"9004159",371979,2025-05-28 13:27:48,42.4988174438477,-9.01539421081543,"Female"
"9004159",371979,2025-05-28 13:32:48,42.4988632202148,-9.0155200958252,"Female"
"9004159",371979,2025-05-28 13:37:57,42.498836517334,-9.01554107666016,"Female"
"9004159",371979,2025-05-28 13:42:56,42.4988555908203,-9.015625,"Female"
"9004159",371979,2025-05-28 13:47:59,42.4988822937012,-9.01568126678467,"Female"
"9004159",371979,2025-05-28 13:52:59,42.4988784790039,-9.01571273803711,"Female"
"9004159",371979,2025-05-28 13:58:01,42.4986915588379,-9.01480674743652,"Female"
"9004159",371979,2025-05-28 14:02:40,42.4985771179199,-9.01465225219727,"Female"
"9004159",371979,2025-05-28 14:07:40,42.4985504150391,-9.01469135284424,"Female"
"9004159",371979,2025-05-28 14:12:40,42.4985542297363,-9.01465606689453,"Female"
"9004159",371979,2025-05-28 14:17:40,42.4984664916992,-9.01465797424316,"Female"
"9004159",371979,2025-05-28 14:22:40,42.4985046386719,-9.01461505889893,"Female"
"9004159",371979,2025-05-28 14:27:39,42.4985961914062,-9.01467990875244,"Female"
"9004159",371979,2025-05-28 14:32:40,42.498477935791,-9.01470756530762,"Female"
"9004159",371979,2025-05-28 14:37:40,42.4985046386719,-9.01465702056885,"Female"
"9004159",371979,2025-05-28 14:42:40,42.4984283447266,-9.01470184326172,"Female"
"9004159",371979,2025-05-28 14:47:40,42.4986038208008,-9.01467800140381,"Female"
"9004159",371979,2025-05-28 14:52:40,42.4985885620117,-9.0146541595459,"Female"
"9004159",371979,2025-05-28 14:57:40,42.4985389709473,-9.0146484375,"Female"
"9004159",371979,2025-05-28 15:02:40,42.4985809326172,-9.01463985443115,"Female"
"9004159",371979,2025-05-28 15:07:40,42.4985885620117,-9.01463603973389,"Female"
"9004159",371979,2025-05-28 15:12:40,42.4985771179199,-9.0146598815918,"Female"
"9004159",371979,2025-05-28 15:17:40,42.4985733032227,-9.01467037200928,"Female"
"9004159",371979,2025-05-28 15:22:40,42.4985885620117,-9.01469421386719,"Female"
"9004159",371979,2025-05-28 15:27:40,42.4985809326172,-9.01470851898193,"Female"
"9004159",371979,2025-05-28 15:32:40,42.498592376709,-9.01468753814697,"Female"
"9004159",371979,2025-05-28 15:37:40,42.4985885620117,-9.01467609405518,"Female"
"9004159",371979,2025-05-28 15:42:41,42.4986305236816,-9.0147180557251,"Female"
"9004159",371979,2025-05-28 15:48:04,42.4986381530762,-9.01470947265625,"Female"
"9004159",371979,2025-05-28 15:52:39,42.4986152648926,-9.01469230651855,"Female"
"9004159",371979,2025-05-28 15:57:40,42.498649597168,-9.01473522186279,"Female"
"9004159",371979,2025-05-28 16:02:40,42.4986419677734,-9.01473712921143,"Female"
"9004159",371979,2025-05-28 16:07:40,42.4986686706543,-9.01476669311523,"Female"
"9004159",371979,2025-05-28 16:12:40,42.4987106323242,-9.01478576660156,"Female"
"9004159",371979,2025-05-28 16:17:40,42.498649597168,-9.01477336883545,"Female"
"9004159",371979,2025-05-28 16:22:40,42.4986343383789,-9.01473903656006,"Female"
"9004159",371979,2025-05-28 16:27:40,42.4986190795898,-9.01468372344971,"Female"
"9004159",371979,2025-05-28 16:32:40,42.4985389709473,-9.02026462554932,"Female"
"9004159",371979,2025-05-28 16:37:39,42.5002746582031,-9.01863765716553,"Female"
"9004159",371979,2025-05-28 16:42:41,42.4986190795898,-9.01475811004639,"Female"
"9004159",371979,2025-05-28 16:47:40,42.4986724853516,-9.0147066116333,"Female"
"9004159",371979,2025-05-28 16:52:41,42.4985694885254,-9.01462364196777,"Female"
"9004159",371979,2025-05-28 16:57:39,42.4986572265625,-9.0147180557251,"Female"
"9004159",371979,2025-05-28 17:02:39,42.498592376709,-9.01458835601807,"Female"
"9004159",371979,2025-05-28 17:07:46,42.498664855957,-9.01479911804199,"Female"
"9004159",371979,2025-05-28 17:12:41,42.4986991882324,-9.01480293273926,"Female"
"9004159",371979,2025-05-28 17:18:44,42.5015296936035,-9.01661682128906,"Female"
"9004159",371979,2025-05-28 17:24:04,42.5012817382812,-9.01801013946533,"Female"
"9004159",371979,2025-05-28 17:29:46,42.5012741088867,-9.01864528656006,"Female"
"9004159",371979,2025-05-28 17:34:44,42.5016021728516,-9.01828193664551,"Female"
"9004159",371979,2025-05-28 17:39:45,42.5014457702637,-9.01826000213623,"Female"
"9004159",371979,2025-05-28 17:45:10,42.5015029907227,-9.01718044281006,"Female"
"9004159",371979,2025-05-28 17:55:06,42.5017051696777,-9.02088451385498,"Female"
"9004159",371979,2025-05-28 18:06:35,42.5009117126465,-9.02057838439941,"Female"
"9004159",371979,2025-05-28 18:10:57,42.5009498596191,-9.01974964141846,"Female"
"9004159",371979,2025-05-28 18:15:56,42.4999885559082,-9.01878547668457,"Female"
"9004159",371979,2025-05-28 18:22:17,42.4990348815918,-9.01539993286133,"Female"
"9004159",371979,2025-05-28 18:27:26,42.4984588623047,-9.01464080810547,"Female"
"9004159",371979,2025-05-28 18:32:34,42.4889183044434,-8.99693202972412,"Female"
"9004159",371979,2025-05-28 18:37:25,42.4889297485352,-8.99693012237549,"Female"
"9004159",371979,2025-05-28 18:42:25,42.4889602661133,-8.99705982208252,"Female"
"9004159",371979,2025-05-28 18:47:26,42.4889717102051,-8.99708080291748,"Female"
"9004159",371979,2025-05-28 18:52:26,42.4889602661133,-8.99712181091309,"Female"
"9004159",371979,2025-05-28 18:57:26,42.4889640808105,-8.99727439880371,"Female"
"9004159",371979,2025-05-28 19:02:29,42.4889945983887,-8.99727153778076,"Female"
"9004159",371979,2025-05-28 19:07:26,42.4889945983887,-8.99735355377197,"Female"
"9004159",371979,2025-05-28 19:12:26,42.4889144897461,-8.99722003936768,"Female"
"9004159",371979,2025-05-28 19:17:35,42.4888610839844,-8.99704456329346,"Female"
"9004159",371979,2025-05-28 19:22:15,42.4888496398926,-8.99718189239502,"Female"
"9004159",371979,2025-05-28 19:27:15,42.4886093139648,-8.9967679977417,"Female"
"9004159",371979,2025-05-28 19:32:13,42.4888076782227,-8.99696350097656,"Female"
"9004159",371979,2025-05-28 19:37:13,42.4886474609375,-8.99682903289795,"Female"
"9004159",371979,2025-05-28 19:42:15,42.4888076782227,-8.99693298339844,"Female"
"9004159",371979,2025-05-28 19:47:16,42.4889297485352,-8.99711036682129,"Female"
"9004159",371979,2025-05-28 19:52:15,42.489128112793,-8.99715042114258,"Female"
"9004159",371979,2025-05-28 19:57:16,42.4894752502441,-8.99757480621338,"Female"
"9004159",371979,2025-05-28 20:02:24,42.4888954162598,-8.99698829650879,"Female"
"9004159",371979,2025-05-28 20:07:12,42.488697052002,-8.99682807922363,"Female"
"9004159",371979,2025-05-28 20:12:24,42.4889221191406,-8.99696350097656,"Female"
"9004159",371979,2025-05-28 20:17:16,42.4888000488281,-8.99685192108154,"Female"
"9004159",371979,2025-05-28 20:22:24,42.488899230957,-8.99699020385742,"Female"
"9004159",371979,2025-05-28 20:27:11,42.4889717102051,-8.9971170425415,"Female"
"9004159",371979,2025-05-28 20:32:19,42.488941192627,-8.9969310760498,"Female"
"9004159",371979,2025-05-28 20:37:24,42.488883972168,-8.99702644348145,"Female"
"9004159",371979,2025-05-28 20:42:13,42.4889831542969,-8.99721908569336,"Female"
"9004159",371979,2025-05-28 20:47:24,42.4889183044434,-8.99698638916016,"Female"
"9004159",371979,2025-05-28 20:52:12,42.4890060424805,-8.99723339080811,"Female"
"9004159",371979,2025-05-28 20:57:24,42.4890518188477,-8.99708080291748,"Female"
"9004159",371979,2025-05-28 21:02:35,42.4890441894531,-8.99711894989014,"Female"
"9004159",371979,2025-05-28 21:07:11,42.4890365600586,-8.99707126617432,"Female"
"9004159",371979,2025-05-28 21:12:11,42.4890365600586,-8.99703884124756,"Female"
"9004159",371979,2025-05-28 21:17:11,42.4890365600586,-8.99713325500488,"Female"
"9004159",371979,2025-05-28 21:22:11,42.4890327453613,-8.99708557128906,"Female"
"9004159",371979,2025-05-28 21:27:11,42.4890327453613,-8.99704933166504,"Female"
"9004159",371979,2025-05-28 21:32:11,42.4890518188477,-8.99706172943115,"Female"
"9004159",371979,2025-05-28 21:37:11,42.4890327453613,-8.99709701538086,"Female"
"9004159",371979,2025-05-28 21:42:11,42.4889984130859,-8.9971227645874,"Female"
"9004159",371979,2025-05-28 21:47:12,42.4890441894531,-8.99714088439941,"Female"
"9004159",371979,2025-05-28 21:52:11,42.4890174865723,-8.99710655212402,"Female"
"9004159",371979,2025-05-28 21:57:11,42.489013671875,-8.9971342086792,"Female"
"9004159",371979,2025-05-28 22:02:11,42.489013671875,-8.99708557128906,"Female"
"9004159",371979,2025-05-28 22:07:12,42.4890060424805,-8.99708557128906,"Female"
"9004159",371979,2025-05-28 22:12:11,42.4890022277832,-8.99711322784424,"Female"
"9004159",371979,2025-05-28 22:17:11,42.4889984130859,-8.99710845947266,"Female"
"9004159",371979,2025-05-28 22:22:12,42.4889717102051,-8.99711799621582,"Female"
"9004159",371979,2025-05-28 22:27:11,42.488941192627,-8.9971399307251,"Female"
"9004159",371979,2025-05-28 22:32:12,42.4890174865723,-8.99715518951416,"Female"
"9004159",371979,2025-05-28 22:37:12,42.4889717102051,-8.99706935882568,"Female"
"9004159",371979,2025-05-28 22:42:12,42.4889717102051,-8.99710559844971,"Female"
"9004159",371979,2025-05-28 22:47:11,42.4889984130859,-8.9971284866333,"Female"
"9004159",371979,2025-05-28 22:52:12,42.4890022277832,-8.99711513519287,"Female"
"9004159",371979,2025-05-28 22:57:12,42.4890289306641,-8.99713516235352,"Female"
"9004159",371979,2025-05-28 23:02:11,42.4890785217285,-8.99716186523438,"Female"
"9004159",371979,2025-05-28 23:07:11,42.4890785217285,-8.9970817565918,"Female"
"9004159",371979,2025-05-28 23:12:12,42.4890899658203,-8.99717235565186,"Female"
"9004159",371979,2025-05-28 23:17:16,42.4891815185547,-8.99702644348145,"Female"
"9004159",371979,2025-05-28 23:22:12,42.4890365600586,-8.99720764160156,"Female"
"9004159",371979,2025-05-28 23:27:12,42.4888725280762,-8.99695110321045,"Female"
"9004159",371979,2025-05-28 23:32:12,42.4889183044434,-8.99691867828369,"Female"
"9004159",371979,2025-05-28 23:37:17,42.4889106750488,-8.99698543548584,"Female"
"9004159",371979,2025-05-28 23:42:35,42.4889984130859,-8.99707317352295,"Female"
"9004159",371979,2025-05-28 23:47:12,42.4889869689941,-8.99709129333496,"Female"
"9004159",371979,2025-05-28 23:52:11,42.4890365600586,-8.99710750579834,"Female"
"9004159",371979,2025-05-28 23:57:12,42.4889945983887,-8.99716281890869,"Female"
"9004159",371979,2025-05-29 00:02:12,42.489013671875,-8.99705028533936,"Female"
"9004159",371979,2025-05-29 00:07:12,42.4888496398926,-8.99723815917969,"Female"
"9004159",371979,2025-05-29 00:12:12,42.4890556335449,-8.99708461761475,"Female"
"9004159",371979,2025-05-29 00:17:15,42.4890289306641,-8.99713611602783,"Female"
"9004159",371979,2025-05-29 00:22:15,42.489013671875,-8.99708366394043,"Female"
"9004159",371979,2025-05-29 00:27:12,42.4889221191406,-8.99723243713379,"Female"
"9004159",371979,2025-05-29 00:32:14,42.488956451416,-8.9971170425415,"Female"
"9004159",371979,2025-05-29 00:37:13,42.4889488220215,-8.9970703125,"Female"
"9004159",371979,2025-05-29 00:42:15,42.4889945983887,-8.9971342086792,"Female"
"9004159",371979,2025-05-29 00:47:14,42.4890785217285,-8.99710083007812,"Female"
"9004159",371979,2025-05-29 00:52:12,42.4889678955078,-8.99707984924316,"Female"
"9004159",371979,2025-05-29 00:57:13,42.4889602661133,-8.99708557128906,"Female"
"9004159",371979,2025-05-29 01:02:12,42.4889526367188,-8.99703121185303,"Female"
"9004159",371979,2025-05-29 01:07:12,42.4889678955078,-8.99703025817871,"Female"
"9004159",371979,2025-05-29 01:12:12,42.4889602661133,-8.99709606170654,"Female"
"9004159",371979,2025-05-29 01:17:13,42.4890518188477,-8.99710845947266,"Female"
"9004159",371979,2025-05-29 01:22:16,42.4889907836914,-8.99709510803223,"Female"
"9004159",371979,2025-05-29 01:27:12,42.4890289306641,-8.99709892272949,"Female"
"9004159",371979,2025-05-29 01:32:33,42.4890213012695,-8.99703025817871,"Female"
"9004159",371979,2025-05-29 01:37:11,42.4890365600586,-8.99703884124756,"Female"
"9004159",371979,2025-05-29 01:42:12,42.4889984130859,-8.9970645904541,"Female"
"9004159",371979,2025-05-29 01:47:16,42.4890670776367,-8.99701023101807,"Female"
"9004159",371979,2025-05-29 01:52:15,42.4890403747559,-8.99699401855469,"Female"
"9004159",371979,2025-05-29 01:57:11,42.4890060424805,-8.99698638916016,"Female"
"9004159",371979,2025-05-29 02:02:35,42.4890441894531,-8.99703979492188,"Female"
"9004159",371979,2025-05-29 02:07:11,42.4890632629395,-8.99709320068359,"Female"
"9004159",371979,2025-05-29 02:12:16,42.4890022277832,-8.99708366394043,"Female"
"9004159",371979,2025-05-29 02:17:13,42.4890251159668,-8.9971284866333,"Female"
"9004159",371979,2025-05-29 02:22:35,42.4890480041504,-8.99705696105957,"Female"
"9004159",371979,2025-05-29 02:27:12,42.4890289306641,-8.99706840515137,"Female"
"9004159",371979,2025-05-29 02:32:11,42.489128112793,-8.99692058563232,"Female"
"9004159",371979,2025-05-29 02:37:12,42.4889869689941,-8.99707317352295,"Female"
"9004159",371979,2025-05-29 02:42:12,42.4889831542969,-8.99708271026611,"Female"
"9004159",371979,2025-05-29 02:47:12,42.4889984130859,-8.99709987640381,"Female"
"9004159",371979,2025-05-29 02:52:12,42.4890441894531,-8.99714660644531,"Female"
"9004159",371979,2025-05-29 02:57:11,42.4890403747559,-8.99703025817871,"Female"
"9004159",371979,2025-05-29 03:02:12,42.4890785217285,-8.99717807769775,"Female"
"9004159",371979,2025-05-29 03:07:16,42.4890403747559,-8.99704837799072,"Female"
"9004159",371979,2025-05-29 03:12:16,42.4890823364258,-8.99703502655029,"Female"
"9004159",371979,2025-05-29 03:17:12,42.4890365600586,-8.99705410003662,"Female"
"9004159",371979,2025-05-29 03:22:13,42.489086151123,-8.99705219268799,"Female"
"9004159",371979,2025-05-29 03:27:15,42.4891471862793,-8.99693012237549,"Female"
"9004159",371979,2025-05-29 03:32:13,42.4890365600586,-8.99715805053711,"Female"
"9004159",371979,2025-05-29 03:37:13,42.4891204833984,-8.99713039398193,"Female"
"9004159",371979,2025-05-29 03:42:15,42.4891319274902,-8.99706745147705,"Female"
"9004159",371979,2025-05-29 03:47:16,42.4890937805176,-8.99719524383545,"Female"
"9004159",371979,2025-05-29 03:52:19,42.4890899658203,-8.99699211120605,"Female"
"9004159",371979,2025-05-29 03:57:14,42.4891052246094,-8.99709987640381,"Female"
"9004159",371979,2025-05-29 04:02:35,42.4890060424805,-8.99710273742676,"Female"
"9004159",371979,2025-05-29 04:07:13,42.4891052246094,-8.9971752166748,"Female"
"9004159",371979,2025-05-29 04:12:11,42.489086151123,-8.99717807769775,"Female"
"9004159",371979,2025-05-29 04:17:11,42.4890022277832,-8.99719142913818,"Female"
"9004159",371979,2025-05-29 04:22:12,42.4890480041504,-8.99717807769775,"Female"
"9004159",371979,2025-05-29 04:27:11,42.4890098571777,-8.99707126617432,"Female"
"9004159",371979,2025-05-29 04:32:12,42.4890632629395,-8.99710464477539,"Female"
"9004159",371979,2025-05-29 04:37:14,42.4890594482422,-8.99706935882568,"Female"
"9004159",371979,2025-05-29 04:42:15,42.4890441894531,-8.99700260162354,"Female"
"9004159",371979,2025-05-29 04:47:15,42.4888725280762,-8.99697399139404,"Female"
"9004159",371979,2025-05-29 04:52:35,42.4890518188477,-8.99710273742676,"Female"
"9004159",371979,2025-05-29 04:57:12,42.4890937805176,-8.99707508087158,"Female"
"9004159",371979,2025-05-29 05:02:12,42.4890327453613,-8.9970874786377,"Female"
"9004159",371979,2025-05-29 05:07:12,42.4890556335449,-8.99709701538086,"Female"
"9004159",371979,2025-05-29 05:12:14,42.4890518188477,-8.99709606170654,"Female"
"9004159",371979,2025-05-29 05:17:15,42.489070892334,-8.99713706970215,"Female"
"9004159",371979,2025-05-29 05:22:19,42.4891510009766,-8.99708080291748,"Female"
"9004159",371979,2025-05-29 05:27:12,42.4890098571777,-8.99715423583984,"Female"
"9004159",371979,2025-05-29 05:32:12,42.4890632629395,-8.99704837799072,"Female"
"9004159",371979,2025-05-29 05:37:11,42.4890365600586,-8.9970235824585,"Female"
"9004159",371979,2025-05-29 05:42:11,42.4890327453613,-8.9971170425415,"Female"
"9004159",371979,2025-05-29 05:47:13,42.4890060424805,-8.99712085723877,"Female"
"9004159",371979,2025-05-29 05:52:12,42.4890403747559,-8.99706363677979,"Female"
"9004159",371979,2025-05-29 05:57:12,42.4890251159668,-8.9970703125,"Female"
"9004159",371979,2025-05-29 06:02:12,42.4890937805176,-8.99698543548584,"Female"
"9004159",371979,2025-05-29 06:07:12,42.489070892334,-8.99710845947266,"Female"
"9004159",371979,2025-05-29 06:12:25,42.4890594482422,-8.99705982208252,"Female"
"9004159",371979,2025-05-29 06:17:11,42.4889831542969,-8.99707508087158,"Female"
"9004159",371979,2025-05-29 06:22:23,42.4890518188477,-8.99698257446289,"Female"
"9004159",371979,2025-05-29 06:27:17,42.4890785217285,-8.9972038269043,"Female"
"9004159",371979,2025-05-29 06:32:23,42.4890441894531,-8.99709892272949,"Female"
"9004159",371979,2025-05-29 06:37:35,42.4890327453613,-8.99709987640381,"Female"
"9004159",371979,2025-05-29 06:42:12,42.4890060424805,-8.99709892272949,"Female"
"9004159",371979,2025-05-29 06:47:12,42.4889869689941,-8.99707317352295,"Female"
"9004159",371979,2025-05-29 06:52:12,42.489070892334,-8.99722099304199,"Female"
"9004159",371979,2025-05-29 06:57:11,42.4890213012695,-8.997145652771,"Female"
"9004159",371979,2025-05-29 07:02:11,42.4890518188477,-8.99718475341797,"Female"
"9004159",371979,2025-05-29 07:07:11,42.4899978637695,-8.99869060516357,"Female"
"9004159",371979,2025-05-29 07:12:11,42.4984893798828,-9.01450347900391,"Female"
"9004159",371979,2025-05-29 07:17:11,42.4985275268555,-9.01454067230225,"Female"
"9004159",371979,2025-05-29 07:22:12,42.498649597168,-9.01462268829346,"Female"
"9004159",371979,2025-05-29 07:27:12,42.4984474182129,-9.01446914672852,"Female"
"9004159",371979,2025-05-29 07:32:11,42.4984169006348,-9.01448059082031,"Female"
"9004159",371979,2025-05-29 07:37:12,42.4986686706543,-9.01456832885742,"Female"
"9004159",371979,2025-05-29 07:42:12,42.4986267089844,-9.01448154449463,"Female"
"9004159",371979,2025-05-29 07:47:11,42.4985847473145,-9.01456642150879,"Female"
"9004159",371979,2025-05-29 07:52:11,42.4987564086914,-9.01478576660156,"Female"
"9004159",371979,2025-05-29 07:57:12,42.4987373352051,-9.01466464996338,"Female"
"9004159",371979,2025-05-29 08:02:12,42.4987831115723,-9.01472663879395,"Female"
"9004159",371979,2025-05-29 08:07:11,42.4987411499023,-9.01454830169678,"Female"
"9004159",371979,2025-05-29 08:12:11,42.4988708496094,-9.01470756530762,"Female"
"9004159",371979,2025-05-29 08:17:13,42.4983062744141,-9.01421356201172,"Female"
"9004159",371979,2025-05-29 08:22:13,42.4988174438477,-9.01486015319824,"Female"
"9004159",371979,2025-05-29 08:27:11,42.498664855957,-9.01469993591309,"Female"
"9004159",371979,2025-05-29 08:32:15,42.4994697570801,-9.01645469665527,"Female"
"9004159",371979,2025-05-29 08:37:15,42.4986610412598,-9.01480770111084,"Female"
"9004159",371979,2025-05-29 08:42:19,42.4986877441406,-9.01417255401611,"Female"
"9004159",371979,2025-05-29 08:47:13,42.4985389709473,-9.01415824890137,"Female"
"9004159",371979,2025-05-29 08:52:14,42.4985008239746,-9.01428604125977,"Female"
"9004159",371979,2025-05-29 08:57:19,42.4985122680664,-9.01410675048828,"Female"
"9004159",371979,2025-05-29 09:02:19,42.4985008239746,-9.01424789428711,"Female"
"9004159",371979,2025-05-29 09:07:17,42.4985504150391,-9.01412010192871,"Female"
"9004159",371979,2025-05-29 09:12:14,42.498477935791,-9.01409912109375,"Female"
"9004159",371979,2025-05-29 09:17:15,42.4982376098633,-9.01211452484131,"Female"
"9004159",371979,2025-05-29 09:22:19,42.4982376098633,-9.01253604888916,"Female"
"9004159",371979,2025-05-29 09:27:19,42.4983406066895,-9.0131664276123,"Female"
"9004159",371979,2025-05-29 09:32:25,42.4984130859375,-9.01504135131836,"Female"
"9004159",371979,2025-05-29 09:37:25,42.4985618591309,-9.01494979858398,"Female"
"9004159",371979,2025-05-29 09:42:25,42.498592376709,-9.01496028900146,"Female"
"9004159",371979,2025-05-29 09:47:25,42.4985656738281,-9.01496124267578,"Female"
"9004159",371979,2025-05-29 09:52:22,42.4986343383789,-9.01491260528564,"Female"
"9004159",371979,2025-05-29 09:57:16,42.4987640380859,-9.0157585144043,"Female"
"9004159",371979,2025-05-29 10:02:25,42.4985008239746,-9.01498603820801,"Female"
"9004159",371979,2025-05-29 10:07:25,42.4984741210938,-9.0152645111084,"Female"
"9004159",371979,2025-05-29 10:12:25,42.5013465881348,-9.0222864151001,"Female"
"9004159",371979,2025-05-29 10:18:40,42.5034255981445,-9.02275276184082,"Female"
"9004159",371979,2025-05-29 10:24:26,42.503002166748,-9.02371025085449,"Female"
"9004159",371979,2025-05-29 10:29:21,42.5008010864258,-9.02700328826904,"Female"
"9004159",371979,2025-05-29 10:34:22,42.5014915466309,-9.02688503265381,"Female"
"9004159",371979,2025-05-29 10:40:18,42.502685546875,-9.02090549468994,"Female"
"9004159",371979,2025-05-29 10:47:05,42.5002136230469,-9.02016448974609,"Female"
"9004159",371979,2025-05-29 10:51:34,42.501049041748,-9.02205944061279,"Female"
"9004159",371979,2025-05-29 10:56:35,42.507755279541,-9.02336406707764,"Female"
"9004159",371979,2025-05-29 11:02:14,42.5087051391602,-9.02066230773926,"Female"
"9004159",371979,2025-05-29 11:07:59,42.5096206665039,-9.01901626586914,"Female"
"9004159",371979,2025-05-29 11:12:57,42.510066986084,-9.01784801483154,"Female"
"9004159",371979,2025-05-29 11:18:06,42.5083351135254,-9.01798820495605,"Female"
"9004159",371979,2025-05-29 11:24:14,42.5074691772461,-9.02136993408203,"Female"
"9004159",371979,2025-05-29 11:29:32,42.5063018798828,-9.02269458770752,"Female"
"9004159",371979,2025-05-29 11:34:57,42.5058975219727,-9.02463054656982,"Female"
"9004159",371979,2025-05-29 11:39:57,42.5041046142578,-9.02610111236572,"Female"
"9004159",371979,2025-05-29 11:46:09,42.5049171447754,-9.02373027801514,"Female"
"9004159",371979,2025-05-29 11:51:18,42.5033950805664,-9.02149105072021,"Female"
"9004159",371979,2025-05-29 11:57:31,42.5023384094238,-9.01902198791504,"Female"
"9004159",371979,2025-05-29 12:03:13,42.4965286254883,-9.02078056335449,"Female"
"9004159",371979,2025-05-29 12:08:14,42.4983673095703,-9.02187824249268,"Female"
"9004159",371979,2025-05-29 12:13:14,42.4986763000488,-9.01472663879395,"Female"
"9004159",371979,2025-05-29 12:18:15,42.4986610412598,-9.01478099822998,"Female"
"9004159",371979,2025-05-29 12:23:12,42.4987716674805,-9.01473140716553,"Female"
"9004159",371979,2025-05-29 12:28:12,42.4986152648926,-9.01477813720703,"Female"
"9004159",371979,2025-05-29 12:33:13,42.4987030029297,-9.01473522186279,"Female"
"9004159",371979,2025-05-29 12:38:13,42.4986877441406,-9.01477336883545,"Female"
"9004159",371979,2025-05-29 12:43:13,42.498664855957,-9.01476383209229,"Female"
"9004159",371979,2025-05-29 12:48:12,42.498664855957,-9.01478672027588,"Female"
"9004159",371979,2025-05-29 12:53:14,42.4986724853516,-9.0146017074585,"Female"
"9004159",371979,2025-05-29 12:58:13,42.4986801147461,-9.01467990875244,"Female"
"9004159",371979,2025-05-29 13:03:14,42.4986686706543,-9.01474571228027,"Female"
"9004159",371979,2025-05-29 13:08:12,42.4988136291504,-9.0147876739502,"Female"
"9004159",371979,2025-05-29 13:13:12,42.4988059997559,-9.0147590637207,"Female"
"9004159",371979,2025-05-29 13:18:14,42.4988899230957,-9.01506423950195,"Female"
"9004159",371979,2025-05-29 13:23:13,42.4987144470215,-9.01473331451416,"Female"
"9004159",371979,2025-05-29 13:28:13,42.4986991882324,-9.01470375061035,"Female"
"9004159",371979,2025-05-29 13:33:13,42.4988174438477,-9.01480960845947,"Female"
"9004159",371979,2025-05-29 13:38:11,42.4993934631348,-9.01538562774658,"Female"
"9004159",371979,2025-05-29 13:43:13,42.4989318847656,-9.01499557495117,"Female"
"9004159",371979,2025-05-29 13:48:12,42.5009841918945,-9.01704597473145,"Female"
"9004159",371979,2025-05-29 13:53:13,42.4988059997559,-9.01487064361572,"Female"
"9004159",371979,2025-05-29 13:58:13,42.4986839294434,-9.01475715637207,"Female"
"9004159",371979,2025-05-29 14:03:12,42.4974250793457,-9.0134220123291,"Female"
"9004159",371979,2025-05-29 14:08:12,42.4986419677734,-9.01474952697754,"Female"
"9004159",371979,2025-05-29 14:13:14,42.4982452392578,-9.01430797576904,"Female"
"9004159",371979,2025-05-29 14:18:13,42.4982109069824,-9.01433849334717,"Female"
"9004159",371979,2025-05-29 14:23:17,42.4983940124512,-9.01440906524658,"Female"
"9004159",371979,2025-05-29 14:28:15,42.4980163574219,-9.01409435272217,"Female"
"9004159",371979,2025-05-29 14:33:18,42.4986000061035,-9.01473522186279,"Female"
"9004159",371979,2025-05-29 14:38:35,42.4986343383789,-9.01467990875244,"Female"
"9004159",371979,2025-05-29 14:43:13,42.4986572265625,-9.01473808288574,"Female"
"9004159",371979,2025-05-29 14:48:13,42.4986457824707,-9.0147123336792,"Female"
"9004159",371979,2025-05-29 14:53:12,42.4986267089844,-9.01466655731201,"Female"
"9004159",371979,2025-05-29 14:58:13,42.498706817627,-9.01482009887695,"Female"
"9004159",371979,2025-05-29 15:03:13,42.4986534118652,-9.01460456848145,"Female"
"9004159",371979,2025-05-29 15:08:13,42.4985504150391,-9.01460647583008,"Female"
"9004159",371979,2025-05-29 15:13:13,42.498592376709,-9.01462554931641,"Female"
"9004159",371979,2025-05-29 15:18:13,42.4985656738281,-9.01458835601807,"Female"
"9004159",371979,2025-05-29 15:23:13,42.4985618591309,-9.01454639434814,"Female"
"9004159",371979,2025-05-29 15:28:13,42.4985656738281,-9.01456356048584,"Female"
"9004159",371979,2025-05-29 15:33:13,42.4985847473145,-9.0146427154541,"Female"
"9004159",371979,2025-05-29 15:38:13,42.4985656738281,-9.01449584960938,"Female"
"9004159",371979,2025-05-29 15:43:16,42.4985771179199,-9.01457023620605,"Female"
"9004159",371979,2025-05-29 15:48:14,42.4985733032227,-9.01455974578857,"Female"
"9004159",371979,2025-05-29 15:53:15,42.4985427856445,-9.01441955566406,"Female"
"9004159",371979,2025-05-29 15:58:34,42.4986343383789,-9.01477241516113,"Female"
"9004159",371979,2025-05-29 16:03:14,42.4986686706543,-9.01475715637207,"Female"
"9004159",371979,2025-05-29 16:08:17,42.4987411499023,-9.01489543914795,"Female"
"9004159",371979,2025-05-29 16:13:14,42.4986114501953,-9.01474952697754,"Female"
"9004159",371979,2025-05-29 16:18:14,42.4987258911133,-9.01488590240479,"Female"
"9004159",371979,2025-05-29 16:23:16,42.4986152648926,-9.014723777771,"Female"
"9004159",371979,2025-05-29 16:28:17,42.498664855957,-9.014817237854,"Female"
"9004159",371979,2025-05-29 16:33:19,42.4982452392578,-9.01397895812988,"Female"
"9004159",371979,2025-05-29 16:38:15,42.4986000061035,-9.0146656036377,"Female"
"9004159",371979,2025-05-29 16:43:16,42.498722076416,-9.01482963562012,"Female"
"9004159",371979,2025-05-29 16:48:15,42.4986419677734,-9.0147647857666,"Female"
"9004159",371979,2025-05-29 16:53:26,42.498649597168,-9.01478385925293,"Female"
"9004159",371979,2025-05-29 16:58:25,42.4985504150391,-9.01467418670654,"Female"
"9004159",371979,2025-05-29 17:03:31,42.4986457824707,-9.01477336883545,"Female"
"9004159",371979,2025-05-29 17:08:13,42.5017623901367,-9.0192699432373,"Female"
"9004159",371979,2025-05-29 17:13:13,42.5000953674316,-9.01884841918945,"Female"
"9004159",371979,2025-05-29 17:18:25,42.5013885498047,-9.01879787445068,"Female"
"9004159",371979,2025-05-29 17:24:33,42.501335144043,-9.01848793029785,"Female"
"9004159",371979,2025-05-29 17:29:32,42.5014762878418,-9.01738929748535,"Female"
"9004159",371979,2025-05-29 17:34:34,42.5012092590332,-9.01655387878418,"Female"
"9004159",371979,2025-05-29 17:39:48,42.5013084411621,-9.01641273498535,"Female"
"9004159",371979,2025-05-29 17:45:29,42.5016212463379,-9.01580810546875,"Female"
"9004159",371979,2025-05-29 17:50:50,42.5008735656738,-9.01566123962402,"Female"
"9004159",371979,2025-05-29 17:56:50,42.5019302368164,-9.01600170135498,"Female"
"9004159",371979,2025-05-29 18:02:05,42.5013542175293,-9.01623725891113,"Female"
"9004159",371979,2025-05-29 18:07:08,42.5014228820801,-9.01776504516602,"Female"
"9004159",371979,2025-05-29 18:12:09,42.5010795593262,-9.0180082321167,"Female"
"9004159",371979,2025-05-29 18:17:09,42.5010375976562,-9.01782989501953,"Female"
"9004159",371979,2025-05-29 18:22:34,42.5012130737305,-9.01841735839844,"Female"
"9004159",371979,2025-05-29 18:28:06,42.5010375976562,-9.01807117462158,"Female"
"9004159",371979,2025-05-29 18:34:09,42.5005416870117,-9.01834487915039,"Female"
"9004159",371979,2025-05-29 18:39:47,42.5002555847168,-9.01843166351318,"Female"
"9004159",371979,2025-05-29 18:44:47,42.5008735656738,-9.01840972900391,"Female"
"9004159",371979,2025-05-29 18:49:47,42.5005340576172,-9.0183277130127,"Female"
"9004159",371979,2025-05-29 18:55:36,42.5005493164062,-9.01848697662354,"Female"
"9004159",371979,2025-05-29 19:00:44,42.5007553100586,-9.01839256286621,"Female"
"9004159",371979,2025-05-29 19:05:34,42.500301361084,-9.01819705963135,"Female"
"9004159",371979,2025-05-29 19:11:50,42.5000457763672,-9.0183048248291,"Female"
"9004159",371979,2025-05-29 19:17:17,42.5000762939453,-9.01834392547607,"Female"
"9004159",371979,2025-05-29 19:22:45,42.5004425048828,-9.01862621307373,"Female"
"9004159",371979,2025-05-29 19:27:44,42.5003089904785,-9.01819133758545,"Female"
"9004159",371979,2025-05-29 19:32:44,42.5011596679688,-9.01495361328125,"Female"
"9004159",371979,2025-05-29 19:37:49,42.4890441894531,-8.997239112854,"Female"
"9004159",371979,2025-05-29 19:42:45,42.488941192627,-8.99702644348145,"Female"
"9004159",371979,2025-05-29 19:48:05,42.4890556335449,-8.99719142913818,"Female"
"9004159",371979,2025-05-29 19:52:44,42.4890098571777,-8.99708843231201,"Female"
"9004159",371979,2025-05-29 19:58:01,42.4889335632324,-8.99703979492188,"Female"
"9004159",371979,2025-05-29 20:02:43,42.4890327453613,-8.99720764160156,"Female"
"9004159",371979,2025-05-29 20:07:43,42.4890441894531,-8.99721050262451,"Female"
"9004159",371979,2025-05-29 20:12:43,42.4891242980957,-8.99729633331299,"Female"
"9004159",371979,2025-05-29 20:17:45,42.488899230957,-8.99702262878418,"Female"
"9004159",371979,2025-05-29 20:22:49,42.4889831542969,-8.99716949462891,"Female"
"9004159",371979,2025-05-29 20:27:45,42.4889068603516,-8.99701690673828,"Female"
"9004159",371979,2025-05-29 20:32:46,42.4890174865723,-8.99716281890869,"Female"
"9004159",371979,2025-05-29 20:38:05,42.4889335632324,-8.99706554412842,"Female"
"9004159",371979,2025-05-29 20:42:44,42.488899230957,-8.9970531463623,"Female"
"9004159",371979,2025-05-29 20:47:44,42.4889717102051,-8.99703121185303,"Female"
"9004159",371979,2025-05-29 20:52:43,42.4887199401855,-8.99722385406494,"Female"
"9004159",371979,2025-05-29 20:57:44,42.4889373779297,-8.99704456329346,"Female"
"9004159",371979,2025-05-29 21:02:45,42.4889106750488,-8.99699687957764,"Female"
"9004159",371979,2025-05-29 21:07:44,42.4889793395996,-8.9970178604126,"Female"
"9004159",371979,2025-05-29 21:12:43,42.4889183044434,-8.99704551696777,"Female"
"9004159",371979,2025-05-29 21:17:43,42.488899230957,-8.99714851379395,"Female"
"9004159",371979,2025-05-29 21:22:45,42.4889907836914,-8.99696063995361,"Female"
"9004159",371979,2025-05-29 21:27:47,42.4887428283691,-8.99700260162354,"Female"
"9004159",371979,2025-05-29 21:32:44,42.4888877868652,-8.99704647064209,"Female"
"9004159",371979,2025-05-29 21:37:43,42.4889373779297,-8.99709892272949,"Female"
"9004159",371979,2025-05-29 21:42:43,42.488883972168,-8.99707889556885,"Female"
"9004159",371979,2025-05-29 21:47:43,42.4889488220215,-8.99706745147705,"Female"
"9004159",371979,2025-05-29 21:52:43,42.4890213012695,-8.99704170227051,"Female"
"9004159",371979,2025-05-29 21:57:43,42.4888916015625,-8.99700450897217,"Female"
"9004159",371979,2025-05-29 22:02:44,42.4888763427734,-8.99705219268799,"Female"
"9004159",371979,2025-05-29 22:07:46,42.4889068603516,-8.99706935882568,"Female"
"9004159",371979,2025-05-29 22:12:49,42.4889183044434,-8.99699783325195,"Female"
"9004159",371979,2025-05-29 22:17:44,42.4890594482422,-8.99735069274902,"Female"
"9004159",371979,2025-05-29 22:22:45,42.4889602661133,-8.99708080291748,"Female"
"9004159",371979,2025-05-29 22:27:45,42.4889526367188,-8.99691104888916,"Female"
"9004159",371979,2025-05-29 22:33:14,42.489013671875,-8.99710845947266,"Female"
"9004159",371979,2025-05-29 22:37:43,42.4890174865723,-8.99707412719727,"Female"
"9004159",371979,2025-05-29 22:42:43,42.489086151123,-8.99713802337646,"Female"
"9004159",371979,2025-05-29 22:47:46,42.4890975952148,-8.99709320068359,"Female"
"9004159",371979,2025-05-29 22:52:43,42.4889831542969,-8.99703311920166,"Female"
"9004159",371979,2025-05-29 22:57:44,42.4890098571777,-8.99695873260498,"Female"
"9004159",371979,2025-05-29 23:02:46,42.4890899658203,-8.99725246429443,"Female"
"9004159",371979,2025-05-29 23:07:45,42.4891967773438,-8.99742412567139,"Female"
"9004159",371979,2025-05-29 23:12:52,42.4888572692871,-8.99688816070557,"Female"
"9004159",371979,2025-05-29 23:17:47,42.489086151123,-8.99719619750977,"Female"
"9004159",371979,2025-05-29 23:22:52,42.4888877868652,-8.99680233001709,"Female"
"9004159",371979,2025-05-29 23:27:46,42.4891929626465,-8.99745750427246,"Female"
"9004159",371979,2025-05-29 23:33:05,42.4890441894531,-8.99707317352295,"Female"
"9004159",371979,2025-05-29 23:37:44,42.4889945983887,-8.99714660644531,"Female"
"9004159",371979,2025-05-29 23:42:43,42.4890327453613,-8.99711418151855,"Female"
"9004159",371979,2025-05-29 23:47:44,42.4890289306641,-8.99711036682129,"Female"
"9004159",371979,2025-05-29 23:52:44,42.4889526367188,-8.99750995635986,"Female"
"9004159",371979,2025-05-29 23:57:47,42.4891700744629,-8.99702644348145,"Female"
"9004159",371979,2025-05-30 00:02:48,42.4889869689941,-8.99708938598633,"Female"
"9004159",371979,2025-05-30 00:07:47,42.4889068603516,-8.99715042114258,"Female"
"9004159",371979,2025-05-30 00:12:43,42.4890060424805,-8.99715042114258,"Female"
"9004159",371979,2025-05-30 00:17:44,42.4890441894531,-8.99716377258301,"Female"
"9004159",371979,2025-05-30 00:22:47,42.4888954162598,-8.99719047546387,"Female"
"9004159",371979,2025-05-30 00:27:43,42.4890174865723,-8.99707794189453,"Female"
"9004159",371979,2025-05-30 00:32:45,42.4890594482422,-8.99710941314697,"Female"
"9004159",371979,2025-05-30 00:37:44,42.4891204833984,-8.99707126617432,"Female"
"9004159",371979,2025-05-30 00:42:48,42.4890518188477,-8.99716186523438,"Female"
"9004159",371979,2025-05-30 00:47:48,42.489070892334,-8.99718856811523,"Female"
"9004159",371979,2025-05-30 00:52:53,42.4889793395996,-8.99712181091309,"Female"
"9004159",371979,2025-05-30 00:57:46,42.4890174865723,-8.99731826782227,"Female"
"9004159",371979,2025-05-30 01:02:48,42.4889831542969,-8.99715709686279,"Female"
"9004159",371979,2025-05-30 01:07:47,42.4890327453613,-8.99714279174805,"Female"
"9004159",371979,2025-05-30 01:12:52,42.4889602661133,-8.99693489074707,"Female"
"9004159",371979,2025-05-30 01:17:53,42.4890480041504,-8.99721145629883,"Female"
"9004159",371979,2025-05-30 01:22:47,42.4888725280762,-8.99699878692627,"Female"
"9004159",371979,2025-05-30 01:27:44,42.4890022277832,-8.9971284866333,"Female"
"9004159",371979,2025-05-30 01:32:46,42.4890098571777,-8.99711132049561,"Female"
"9004159",371979,2025-05-30 01:37:46,42.4891319274902,-8.99752998352051,"Female"
"9004159",371979,2025-05-30 01:42:47,42.4889450073242,-8.99722480773926,"Female"
"9004159",371979,2025-05-30 01:47:45,42.4890556335449,-8.99725437164307,"Female"
"9004159",371979,2025-05-30 01:52:49,42.4890213012695,-8.99708843231201,"Female"
"9004159",371979,2025-05-30 01:57:45,42.4889907836914,-8.99711894989014,"Female"
"9004159",371979,2025-05-30 02:02:46,42.4887886047363,-8.99708271026611,"Female"
"9004159",371979,2025-05-30 02:07:48,42.4890441894531,-8.99713039398193,"Female"
"9004159",371979,2025-05-30 02:13:05,42.4890098571777,-8.9971170425415,"Female"
"9004159",371979,2025-05-30 02:17:43,42.4890213012695,-8.99712467193604,"Female"
"9004159",371979,2025-05-30 02:22:43,42.4890289306641,-8.99709415435791,"Female"
"9004159",371979,2025-05-30 02:27:43,42.4888496398926,-8.99713706970215,"Female"
"9004159",371979,2025-05-30 02:32:43,42.4890823364258,-8.99715042114258,"Female"
"9004159",371979,2025-05-30 02:37:43,42.4890289306641,-8.99714946746826,"Female"
"9004159",371979,2025-05-30 02:42:45,42.4890060424805,-8.99705696105957,"Female"
"9004159",371979,2025-05-30 02:47:44,42.4891319274902,-8.99713611602783,"Female"
"9004159",371979,2025-05-30 02:52:44,42.4890975952148,-8.99711418151855,"Female"
"9004159",371979,2025-05-30 02:57:45,42.4891319274902,-8.99708843231201,"Female"
"9004159",371979,2025-05-30 03:02:44,42.489143371582,-8.99720764160156,"Female"
"9004159",371979,2025-05-30 03:07:43,42.4890975952148,-8.99715995788574,"Female"
"9004159",371979,2025-05-30 03:13:05,42.4890213012695,-8.99715995788574,"Female"
"9004159",371979,2025-05-30 03:17:44,42.4890098571777,-8.99704170227051,"Female"
"9004159",371979,2025-05-30 03:22:43,42.4889678955078,-8.99719524383545,"Female"
"9004159",371979,2025-05-30 03:27:43,42.4889831542969,-8.99711132049561,"Female"
"9004159",371979,2025-05-30 03:32:48,42.4889984130859,-8.99712467193604,"Female"
"9004159",371979,2025-05-30 03:37:44,42.4889450073242,-8.99713706970215,"Female"
"9004159",371979,2025-05-30 03:42:45,42.4889335632324,-8.99716091156006,"Female"
"9004159",371979,2025-05-30 03:47:43,42.4890060424805,-8.99718952178955,"Female"
"9004159",371979,2025-05-30 03:52:42,42.4890251159668,-8.99709033966064,"Female"
"9004159",371979,2025-05-30 03:57:42,42.4890098571777,-8.9971170425415,"Female"
"9004159",371979,2025-05-30 04:02:43,42.4889984130859,-8.99714851379395,"Female"
"9004159",371979,2025-05-30 04:07:44,42.4889259338379,-8.99718761444092,"Female"
"9004159",371979,2025-05-30 04:12:44,42.4889183044434,-8.99710559844971,"Female"
"9004159",371979,2025-05-30 04:17:43,42.488941192627,-8.9971809387207,"Female"
"9004159",371979,2025-05-30 04:22:43,42.4889869689941,-8.99711227416992,"Female"
"9004159",371979,2025-05-30 04:27:43,42.4888648986816,-8.99702835083008,"Female"
"9004159",371979,2025-05-30 04:33:05,42.4890441894531,-8.99714469909668,"Female"
"9004159",371979,2025-05-30 04:37:43,42.4889945983887,-8.99713706970215,"Female"
"9004159",371979,2025-05-30 04:43:05,42.488883972168,-8.9972095489502,"Female"
"9004159",371979,2025-05-30 04:47:47,42.4888191223145,-8.99695014953613,"Female"
"9004159",371979,2025-05-30 04:52:46,42.4888229370117,-8.99690055847168,"Female"
"9004159",371979,2025-05-30 04:57:47,42.4889869689941,-8.99714088439941,"Female"
"9004159",371979,2025-05-30 05:02:52,42.4889831542969,-8.99722862243652,"Female"
"9004159",371979,2025-05-30 05:07:47,42.4892425537109,-8.99729347229004,"Female"
"9004159",371979,2025-05-30 05:12:46,42.4887199401855,-8.9968786239624,"Female"
"9004159",371979,2025-05-30 05:17:48,42.4888648986816,-8.99699783325195,"Female"
"9004159",371979,2025-05-30 05:22:55,42.489013671875,-8.99723434448242,"Female"
"9004159",371979,2025-05-30 05:27:49,42.4889450073242,-8.9971923828125,"Female"
"9004159",371979,2025-05-30 05:32:48,42.4887580871582,-8.99703407287598,"Female"
"9004159",371979,2025-05-30 05:37:46,42.4891777038574,-8.99734973907471,"Female"
"9004159",371979,2025-05-30 05:42:49,42.4890365600586,-8.99728679656982,"Female"
"9004159",371979,2025-05-30 05:47:48,42.4892311096191,-8.99758243560791,"Female"
"9004159",371979,2025-05-30 05:52:46,42.4889869689941,-8.99727344512939,"Female"
"9004159",371979,2025-05-30 05:57:53,42.4891014099121,-8.99721717834473,"Female"
"9004159",371979,2025-05-30 06:03:05,42.4890251159668,-8.99720573425293,"Female"
"9004159",371979,2025-05-30 06:07:42,42.4890518188477,-8.99716186523438,"Female"
"9004159",371979,2025-05-30 06:12:43,42.4892463684082,-8.99700260162354,"Female"
"9004159",371979,2025-05-30 06:17:42,42.4889297485352,-8.99726676940918,"Female"
"9004159",371979,2025-05-30 06:22:42,42.4889106750488,-8.99726009368896,"Female"
"9004159",371979,2025-05-30 06:27:42,42.488941192627,-8.99718379974365,"Female"
"9004159",371979,2025-05-30 06:32:42,42.4890594482422,-8.99715709686279,"Female"
"9004159",371979,2025-05-30 06:37:45,42.4889183044434,-8.99721431732178,"Female"
"9004159",371979,2025-05-30 06:42:47,42.4890594482422,-8.99728107452393,"Female"
"9004159",371979,2025-05-30 06:47:46,42.4889945983887,-8.99716854095459,"Female"
"9004159",371979,2025-05-30 06:52:42,42.4889335632324,-8.99717807769775,"Female"
"9004159",371979,2025-05-30 06:57:44,42.4889717102051,-8.99722671508789,"Female"
"9004159",371979,2025-05-30 07:02:44,42.4887847900391,-8.9969425201416,"Female"
"9004159",371979,2025-05-30 07:07:43,42.4891052246094,-8.99702835083008,"Female"
"9004159",371979,2025-05-30 07:12:44,42.4890480041504,-8.99716663360596,"Female"
"9004159",371979,2025-05-30 07:17:45,42.488842010498,-8.99722290039062,"Female"
"9004159",371979,2025-05-30 07:22:48,42.4890251159668,-8.99724864959717,"Female"
"9004159",371979,2025-05-30 07:27:56,42.4889793395996,-8.99773788452148,"Female"
"9004159",371979,2025-05-30 07:32:43,42.4890899658203,-8.99730205535889,"Female"
"9004159",371979,2025-05-30 07:37:43,42.4985809326172,-9.01447677612305,"Female"
"9004159",371979,2025-05-30 07:42:44,42.4987869262695,-9.01469230651855,"Female"
"9004159",371979,2025-05-30 07:47:45,42.4990768432617,-9.01509952545166,"Female"
"9004159",371979,2025-05-30 07:52:46,42.4989280700684,-9.01484203338623,"Female"
"9004159",371979,2025-05-30 07:57:42,42.4985466003418,-9.0144157409668,"Female"
"9004159",371979,2025-05-30 08:02:45,42.498420715332,-9.01453399658203,"Female"
"9004159",371979,2025-05-30 08:07:44,42.4984512329102,-9.01450157165527,"Female"
"9004159",371979,2025-05-30 08:12:43,42.4984550476074,-9.01460361480713,"Female"
"9004159",371979,2025-05-30 08:18:04,42.4984855651855,-9.01438808441162,"Female"
"9004159",371979,2025-05-30 08:22:43,42.4984970092773,-9.01436042785645,"Female"
"9004159",371979,2025-05-30 08:27:43,42.4984970092773,-9.01441764831543,"Female"
"9004159",371979,2025-05-30 08:32:42,42.4985847473145,-9.01440143585205,"Female"
"9004159",371979,2025-05-30 08:37:43,42.4985733032227,-9.01438045501709,"Female"
"9004159",371979,2025-05-30 08:42:44,42.4986610412598,-9.01436424255371,"Female"
"9004159",371979,2025-05-30 08:47:43,42.5024375915527,-9.00750923156738,"Female"
"9004159",371979,2025-05-30 08:53:04,42.4988250732422,-9.00358867645264,"Female"
"9004159",371979,2025-05-30 08:58:03,42.5034370422363,-9.01409721374512,"Female"
"9004159",371979,2025-05-30 09:03:02,42.4986343383789,-9.01462459564209,"Female"
"9004159",371979,2025-05-30 09:08:05,42.4986152648926,-9.01452445983887,"Female"
"9004159",371979,2025-05-30 09:13:03,42.4988021850586,-9.01450157165527,"Female"
"9004159",371979,2025-05-30 09:18:03,42.4988441467285,-9.01445865631104,"Female"
"9004159",371979,2025-05-30 09:23:03,42.4987449645996,-9.01467514038086,"Female"
"9004159",371979,2025-05-30 09:28:03,42.4987869262695,-9.01464366912842,"Female"
"9004159",371979,2025-05-30 09:33:03,42.4986686706543,-9.01464939117432,"Female"
"9004159",371979,2025-05-30 09:38:03,42.4987144470215,-9.014723777771,"Female"
"9004159",371979,2025-05-30 09:43:47,42.4999885559082,-9.01802635192871,"Female"
"9004159",371979,2025-05-30 09:48:46,42.5016593933105,-9.01852607727051,"Female"
"9004159",371979,2025-05-30 09:53:47,42.5016288757324,-9.01711559295654,"Female"
"9004159",371979,2025-05-30 09:59:45,42.5019073486328,-9.01601409912109,"Female"
"9004159",371979,2025-05-30 10:04:46,42.5006713867188,-9.01575469970703,"Female"
"9004159",371979,2025-05-30 10:09:47,42.4989318847656,-9.00350284576416,"Female"
"9004159",371979,2025-05-30 10:14:45,42.4986457824707,-9.01478958129883,"Female"
"9004159",371979,2025-05-30 10:19:45,42.4986343383789,-9.0146541595459,"Female"
"9004159",371979,2025-05-30 10:24:46,42.4987106323242,-9.01516056060791,"Female"
"9004159",371979,2025-05-30 10:29:51,42.4986305236816,-9.01495933532715,"Female"
"9004159",371979,2025-05-30 10:34:45,42.4986763000488,-9.01515197753906,"Female"
"9004159",371979,2025-05-30 10:40:05,42.4970855712891,-9.02100849151611,"Female"
"9004159",371979,2025-05-30 10:44:57,42.4979476928711,-9.02251434326172,"Female"
"9004159",371979,2025-05-30 10:50:03,42.4997329711914,-9.0231351852417,"Female"
"9004159",371979,2025-05-30 10:55:33,42.4990005493164,-9.02081298828125,"Female"
"9004159",371979,2025-05-30 11:01:03,42.4975471496582,-9.02187252044678,"Female"
"9004159",371979,2025-05-30 11:06:02,42.4976272583008,-9.02124118804932,"Female"
"9004159",371979,2025-05-30 11:10:54,42.4984855651855,-9.02246475219727,"Female"
"9004159",371979,2025-05-30 11:16:43,42.4985466003418,-9.02250576019287,"Female"
"9004159",371979,2025-05-30 11:22:22,42.4969520568848,-9.02161693572998,"Female"
"9004159",371979,2025-05-30 11:27:21,42.4978828430176,-9.02244472503662,"Female"
"9004159",371979,2025-05-30 11:32:21,42.5002288818359,-9.02210235595703,"Female"
"9004159",371979,2025-05-30 11:37:47,42.5021057128906,-9.02296543121338,"Female"
"9004159",371979,2025-05-30 11:42:47,42.5026664733887,-9.02335929870605,"Female"
"9004159",371979,2025-05-30 11:47:47,42.5011520385742,-9.02479839324951,"Female"
"9004159",371979,2025-05-30 11:52:47,42.5000419616699,-9.02644729614258,"Female"
"9004159",371979,2025-05-30 11:58:38,42.4992523193359,-9.02691078186035,"Female"
"9004159",371979,2025-05-30 12:03:36,42.4991493225098,-9.02584934234619,"Female"
"9004159",371979,2025-05-30 12:08:37,42.4985961914062,-9.01465129852295,"Female"
"9004159",371979,2025-05-30 12:13:35,42.4986953735352,-9.01471424102783,"Female"
"9004159",371979,2025-05-30 12:18:36,42.4986152648926,-9.01462650299072,"Female"
"9004159",371979,2025-05-30 12:23:35,42.4986152648926,-9.01477241516113,"Female"
"9004159",371979,2025-05-30 12:28:36,42.4986724853516,-9.01475429534912,"Female"
"9004159",371979,2025-05-30 12:33:35,42.4986343383789,-9.01469993591309,"Female"
"9004159",371979,2025-05-30 12:38:36,42.4986610412598,-9.01464176177979,"Female"
"9004159",371979,2025-05-30 12:43:36,42.4986610412598,-9.01476955413818,"Female"
"9004159",371979,2025-05-30 12:48:36,42.4986991882324,-9.01472854614258,"Female"
"9004159",371979,2025-05-30 12:53:37,42.4986763000488,-9.01469898223877,"Female"
"9004159",371979,2025-05-30 12:58:35,42.4987030029297,-9.01492118835449,"Female"
"9004159",371979,2025-05-30 13:03:38,42.4987449645996,-9.01492214202881,"Female"
"9004159",371979,2025-05-30 13:08:38,42.4986877441406,-9.0147705078125,"Female"
"9004159",371979,2025-05-30 13:13:48,42.4986381530762,-9.01448059082031,"Female"
"9004159",371979,2025-05-30 13:19:05,42.4986877441406,-9.01469230651855,"Female"
"9004159",371979,2025-05-30 13:23:36,42.4987373352051,-9.01482677459717,"Female"
"9004159",371979,2025-05-30 13:28:36,42.4988136291504,-9.01487827301025,"Female"
"9004159",371979,2025-05-30 13:33:36,42.4988174438477,-9.01489734649658,"Female"
"9004159",371979,2025-05-30 13:38:36,42.4987678527832,-9.01486873626709,"Female"
"9004159",371979,2025-05-30 13:43:35,42.4987525939941,-9.01484203338623,"Female"
"9004159",371979,2025-05-30 13:48:37,42.4986877441406,-9.01485252380371,"Female"
"9004159",371979,2025-05-30 13:53:36,42.498722076416,-9.01501750946045,"Female"
"9004159",371979,2025-05-30 13:58:36,42.4986991882324,-9.01499366760254,"Female"
"9004159",371979,2025-05-30 14:03:38,42.4985198974609,-9.01511001586914,"Female"
"9004159",371979,2025-05-30 14:08:41,42.498607635498,-9.01482677459717,"Female"
"9004159",371979,2025-05-30 14:13:42,42.4985160827637,-9.01451778411865,"Female"
"9004159",371979,2025-05-30 14:18:41,42.4983558654785,-9.01444435119629,"Female"
"9004159",371979,2025-05-30 14:23:38,42.4989852905273,-9.01503372192383,"Female"
"9004159",371979,2025-05-30 14:28:45,42.4988479614258,-9.01465892791748,"Female"
"9004159",371979,2025-05-30 14:33:38,42.4985504150391,-9.01464176177979,"Female"
"9004159",371979,2025-05-30 14:39:02,42.4986000061035,-9.01480293273926,"Female"
"9004159",371979,2025-05-30 14:43:36,42.4986419677734,-9.01468181610107,"Female"
"9004159",371979,2025-05-30 14:48:35,42.5003929138184,-9.01778602600098,"Female"
"9004159",371979,2025-05-30 14:54:00,42.5005187988281,-9.01856803894043,"Female"
"9004159",371979,2025-05-30 14:59:19,42.5011329650879,-9.02029705047607,"Female"
"9004159",371979,2025-05-30 15:04:42,42.5022087097168,-9.01867580413818,"Female"
"9004159",371979,2025-05-30 15:09:42,42.5011329650879,-9.0180835723877,"Female"
"9004159",371979,2025-05-30 15:14:42,42.5005989074707,-9.01673221588135,"Female"
"9004159",371979,2025-05-30 15:19:43,42.4984855651855,-9.01469898223877,"Female"
"9004159",371979,2025-05-30 15:24:44,42.4983139038086,-9.01456165313721,"Female"
"9004159",371979,2025-05-30 15:29:46,42.4984893798828,-9.01474666595459,"Female"
"9004159",371979,2025-05-30 15:34:43,42.4985313415527,-9.01473999023438,"Female"
"9004159",371979,2025-05-30 15:39:42,42.498649597168,-9.01472187042236,"Female"
"9004159",371979,2025-05-30 15:44:43,42.498592376709,-9.01467227935791,"Female"
"9004159",371979,2025-05-30 15:49:52,42.4985809326172,-9.01472187042236,"Female"
"9004159",371979,2025-05-30 15:54:51,42.4985466003418,-9.01469707489014,"Female"
"9004159",371979,2025-05-30 15:59:42,42.498592376709,-9.01468372344971,"Female"
"9004159",371979,2025-05-30 16:04:43,42.49853515625,-9.01468944549561,"Female"
"9004159",371979,2025-05-30 16:09:55,42.5008773803711,-9.0210075378418,"Female"
"9004159",371979,2025-05-30 16:15:43,42.5000343322754,-9.01949977874756,"Female"
"9004159",371979,2025-05-30 16:20:40,42.5015869140625,-9.0196704864502,"Female"
"9004159",371979,2025-05-30 16:25:40,42.5021781921387,-9.01987361907959,"Female"
"9004159",371979,2025-05-30 16:30:40,42.5025978088379,-9.01814937591553,"Female"
"9004159",371979,2025-05-30 16:35:41,42.5025901794434,-9.01900005340576,"Female"
"9004159",371979,2025-05-30 16:40:49,42.5034637451172,-9.01867008209229,"Female"
"9004159",371979,2025-05-30 16:45:40,42.5032768249512,-9.01871585845947,"Female"
"9004159",371979,2025-05-30 16:50:42,42.5031051635742,-9.0175952911377,"Female"
"9004159",371979,2025-05-30 16:55:49,42.5038414001465,-9.01537799835205,"Female"
"9004159",371979,2025-05-30 17:00:56,42.4982566833496,-9.0144567489624,"Female"
"9004159",371979,2025-05-30 17:06:05,42.4986038208008,-9.01474189758301,"Female"
"9004159",371979,2025-05-30 17:10:38,42.4986267089844,-9.01475524902344,"Female"
"9004159",371979,2025-05-30 17:15:38,42.4986305236816,-9.01476097106934,"Female"
"9004159",371979,2025-05-30 17:20:39,42.4985275268555,-9.01461696624756,"Female"
"9004159",371979,2025-05-30 17:25:40,42.498722076416,-9.01495742797852,"Female"
"9004159",371979,2025-05-30 17:30:40,42.498706817627,-9.01485729217529,"Female"
"9004159",371979,2025-05-30 17:35:43,42.4986877441406,-9.01480293273926,"Female"
"9004159",371979,2025-05-30 17:40:39,42.4984436035156,-9.01417636871338,"Female"
"9004159",371979,2025-05-30 17:45:43,42.4986267089844,-9.01467037200928,"Female"
"9004159",371979,2025-05-30 17:50:41,42.4985809326172,-9.01471710205078,"Female"
"9004159",371979,2025-05-30 17:55:42,42.4986839294434,-9.0148811340332,"Female"
"9004159",371979,2025-05-30 18:00:41,42.4985885620117,-9.01475715637207,"Female"
"9004159",371979,2025-05-30 18:05:42,42.498893737793,-9.01524925231934,"Female"
"9004159",371979,2025-05-30 18:10:49,42.4986915588379,-9.01486873626709,"Female"
"9004159",371979,2025-05-30 18:15:39,42.4986991882324,-9.0148868560791,"Female"
"9004159",371979,2025-05-30 18:20:41,42.4987754821777,-9.01499080657959,"Female"
"9004159",371979,2025-05-30 18:25:41,42.4989395141602,-9.01530742645264,"Female"
"9004159",371979,2025-05-30 18:33:10,42.5013046264648,-9.01733684539795,"Female"
"9004159",371979,2025-05-30 18:38:36,42.5006790161133,-9.01825714111328,"Female"
"9004159",371979,2025-05-30 18:43:35,42.5002746582031,-9.01801204681396,"Female"
"9004159",371979,2025-05-30 18:48:38,42.5005073547363,-9.01833152770996,"Female"
"9004159",371979,2025-05-30 18:53:38,42.5007209777832,-9.01814746856689,"Female"
"9004159",371979,2025-05-30 18:58:38,42.500373840332,-9.01845550537109,"Female"
"9004159",371979,2025-05-30 19:03:38,42.5006103515625,-9.01865100860596,"Female"
"9004159",371979,2025-05-30 19:08:39,42.5005073547363,-9.01772880554199,"Female"
"9004159",371979,2025-05-30 19:14:38,42.5012435913086,-9.01789951324463,"Female"
"9004159",371979,2025-05-30 19:20:42,42.5010871887207,-9.01751804351807,"Female"
"9004159",371979,2025-05-30 19:25:38,42.5007743835449,-9.01827335357666,"Female"
"9004159",371979,2025-05-30 19:35:20,42.5001258850098,-9.01838779449463,"Female"
"9004159",371979,2025-05-30 19:40:24,42.5003662109375,-9.0183219909668,"Female"
"9004159",371979,2025-05-30 19:46:26,42.4999237060547,-9.01826095581055,"Female"
"9004159",371979,2025-05-30 19:51:23,42.4979057312012,-9.01726341247559,"Female"
"9004159",371979,2025-05-30 19:56:36,42.4889488220215,-8.99743366241455,"Female"
"9004159",371979,2025-05-30 20:01:26,42.4890556335449,-8.99732398986816,"Female"
"9004159",371979,2025-05-30 20:06:24,42.4890022277832,-8.99710941314697,"Female"
"9004159",371979,2025-05-30 20:11:27,42.4888038635254,-8.996994972229,"Female"
"9004159",371979,2025-05-30 20:16:26,42.4889030456543,-8.9970178604126,"Female"
"9004159",371979,2025-05-30 20:21:23,42.4890213012695,-8.9970178604126,"Female"
"9004159",371979,2025-05-30 20:26:25,42.4889717102051,-8.99697303771973,"Female"
"9004159",371979,2025-05-30 20:31:45,42.4890365600586,-8.99696254730225,"Female"
"9004159",371979,2025-05-30 20:36:25,42.4889869689941,-8.99715042114258,"Female"
"9004159",371979,2025-05-30 20:41:35,42.4889030456543,-8.99699878692627,"Female"
"9004159",371979,2025-05-30 20:46:29,42.4889602661133,-8.99698734283447,"Female"
"9004159",371979,2025-05-30 20:51:44,42.4888801574707,-8.99695873260498,"Female"
"9004159",371979,2025-05-30 20:56:28,42.4890632629395,-8.99694442749023,"Female"
"9004159",371979,2025-05-30 21:01:24,42.4890174865723,-8.99701499938965,"Female"
"9004159",371979,2025-05-30 21:06:28,42.4890289306641,-8.99703311920166,"Female"
"9004159",371979,2025-05-30 21:11:27,42.4890785217285,-8.99701595306396,"Female"
"9004159",371979,2025-05-30 21:16:44,42.4890213012695,-8.99729347229004,"Female"
"9004159",371979,2025-05-30 21:21:30,42.4890327453613,-8.99695873260498,"Female"
"9004159",371979,2025-05-30 21:26:26,42.4889259338379,-8.99714851379395,"Female"
"9004159",371979,2025-05-30 21:31:28,42.4890327453613,-8.99721622467041,"Female"
"9004159",371979,2025-05-30 21:36:44,42.4889602661133,-8.99706840515137,"Female"
"9004159",371979,2025-05-30 21:41:23,42.4889488220215,-8.99703311920166,"Female"
"9004159",371979,2025-05-30 21:46:29,42.4910278320312,-8.99757671356201,"Female"
"9004159",371979,2025-05-30 21:51:29,42.4892616271973,-8.99695777893066,"Female"
"9004159",371979,2025-05-30 21:56:36,42.4887504577637,-8.9971227645874,"Female"
"9004159",371979,2025-05-30 22:01:35,42.4889755249023,-8.99668598175049,"Female"
"9004159",371979,2025-05-30 22:06:31,42.4889488220215,-8.99676322937012,"Female"
"9004159",371979,2025-05-30 22:11:34,42.4890022277832,-8.9965877532959,"Female"
"9004159",371979,2025-05-30 22:16:35,42.4888305664062,-8.99686527252197,"Female"
"9004159",371979,2025-05-30 22:21:53,42.4888496398926,-8.99691963195801,"Female"
"9004159",371979,2025-05-30 22:26:50,42.489574432373,-8.99631690979004,"Female"
"9004159",371979,2025-05-30 22:31:45,42.489013671875,-8.99679088592529,"Female"
"9004159",371979,2025-05-30 22:36:37,42.4890937805176,-8.99670219421387,"Female"
"9004159",371979,2025-05-30 22:41:27,42.4892807006836,-8.99635696411133,"Female"
"9004159",371979,2025-05-30 22:46:59,42.4890632629395,-8.99714183807373,"Female"
"9004159",371979,2025-05-30 22:51:26,42.4890594482422,-8.99710369110107,"Female"
"9004159",371979,2025-05-30 22:56:28,42.4890060424805,-8.99707984924316,"Female"
"9004159",371979,2025-05-30 23:01:24,42.4890823364258,-8.99707317352295,"Female"
"9004159",371979,2025-05-30 23:06:23,42.4890975952148,-8.99703121185303,"Female"
"9004159",371979,2025-05-30 23:11:23,42.4890785217285,-8.99709987640381,"Female"
"9004159",371979,2025-05-30 23:16:23,42.4890556335449,-8.99701881408691,"Female"
"9004159",371979,2025-05-30 23:21:23,42.4892082214355,-8.99707698822021,"Female"
"9004159",371979,2025-05-30 23:26:24,42.4890327453613,-8.99704647064209,"Female"
"9004159",371979,2025-05-30 23:31:25,42.4892463684082,-8.9974479675293,"Female"
"9004159",371979,2025-05-30 23:36:27,42.4889793395996,-8.99698829650879,"Female"
"9004159",371979,2025-05-30 23:41:25,42.4890556335449,-8.99717044830322,"Female"
"9004159",371979,2025-05-30 23:46:33,42.4890441894531,-8.99700736999512,"Female"
"9004159",371979,2025-05-30 23:51:33,42.4890327453613,-8.9971399307251,"Female"
"9004159",371979,2025-05-30 23:56:25,42.4891128540039,-8.99716472625732,"Female"
"9004159",371979,2025-05-31 00:01:24,42.4890594482422,-8.99707508087158,"Female"
"9004159",371979,2025-05-31 00:06:28,42.4891128540039,-8.99737453460693,"Female"
"9004159",371979,2025-05-31 00:11:27,42.4889945983887,-8.99709987640381,"Female"
"9004159",371979,2025-05-31 00:16:26,42.4890213012695,-8.99717235565186,"Female"
"9004159",371979,2025-05-31 00:21:27,42.4890213012695,-8.99727916717529,"Female"
"9004159",371979,2025-05-31 00:26:39,42.4890213012695,-8.99713802337646,"Female"
"9004159",371979,2025-05-31 00:31:37,42.4889068603516,-8.99721431732178,"Female"
"9004159",371979,2025-05-31 00:36:58,42.488941192627,-8.9971399307251,"Female"
"9004159",371979,2025-05-31 00:41:25,42.4889831542969,-8.99702453613281,"Female"
"9004159",371979,2025-05-31 00:46:24,42.4890556335449,-8.99715709686279,"Female"
"9004159",371979,2025-05-31 00:51:24,42.4889640808105,-8.99707984924316,"Female"
"9004159",371979,2025-05-31 00:56:23,42.4890060424805,-8.99709796905518,"Female"
"9004159",371979,2025-05-31 01:01:24,42.4890480041504,-8.99708652496338,"Female"
"9004159",371979,2025-05-31 01:06:24,42.4890327453613,-8.9971342086792,"Female"
"9004159",371979,2025-05-31 01:11:24,42.489013671875,-8.99701690673828,"Female"
"9004159",371979,2025-05-31 01:16:25,42.4890403747559,-8.99712944030762,"Female"
"9004159",371979,2025-05-31 01:21:24,42.4890747070312,-8.99715614318848,"Female"
"9004159",371979,2025-05-31 01:26:24,42.4890365600586,-8.9971284866333,"Female"
"9004159",371979,2025-05-31 01:31:24,42.4890594482422,-8.99744606018066,"Female"
"9004159",371979,2025-05-31 01:36:27,42.4892692565918,-8.99768733978271,"Female"
"9004159",371979,2025-05-31 01:41:25,42.4889945983887,-8.99708271026611,"Female"
"9004159",371979,2025-05-31 01:46:24,42.4889221191406,-8.99704265594482,"Female"
"9004159",371979,2025-05-31 01:51:26,42.4888763427734,-8.9970121383667,"Female"
"9004159",371979,2025-05-31 01:56:24,42.4889793395996,-8.99714279174805,"Female"
"9004159",371979,2025-05-31 02:01:27,42.4888725280762,-8.99700736999512,"Female"
"9004159",371979,2025-05-31 02:06:26,42.4890289306641,-8.99711990356445,"Female"
"9004159",371979,2025-05-31 02:11:31,42.4890480041504,-8.9972448348999,"Female"
"9004159",371979,2025-05-31 02:16:44,42.489070892334,-8.99718856811523,"Female"
"9004159",371979,2025-05-31 02:21:23,42.489070892334,-8.99727439880371,"Female"
"9004159",371979,2025-05-31 02:26:26,42.4890937805176,-8.99730777740479,"Female"
"9004159",371979,2025-05-31 02:31:27,42.4890670776367,-8.99722576141357,"Female"
"9004159",371979,2025-05-31 02:36:30,42.4890670776367,-8.99713039398193,"Female"
"9004159",371979,2025-05-31 02:41:27,42.4891510009766,-8.99726867675781,"Female"
"9004159",371979,2025-05-31 02:46:59,42.4891014099121,-8.99724388122559,"Female"
"9004159",371979,2025-05-31 02:51:30,42.4890747070312,-8.99746894836426,"Female"
"9004159",371979,2025-05-31 02:56:41,42.4890518188477,-8.99720764160156,"Female"
"9004159",371979,2025-05-31 03:01:23,42.4890518188477,-8.99730014801025,"Female"
"9004159",371979,2025-05-31 03:06:28,42.489013671875,-8.99710559844971,"Female"
"9004159",371979,2025-05-31 03:11:23,42.4890289306641,-8.99718856811523,"Female"
"9004159",371979,2025-05-31 03:16:27,42.4889373779297,-8.99711513519287,"Female"
"9004159",371979,2025-05-31 03:21:24,42.4890480041504,-8.99717235565186,"Female"
"9004159",371979,2025-05-31 03:26:26,42.4890594482422,-8.99721622467041,"Female"
"9004159",371979,2025-05-31 03:31:28,42.4890022277832,-8.9972972869873,"Female"
"9004159",371979,2025-05-31 03:36:29,42.4889602661133,-8.99711990356445,"Female"
"9004159",371979,2025-05-31 03:41:29,42.4890403747559,-8.9968147277832,"Female"
"9004159",371979,2025-05-31 03:46:44,42.4888610839844,-8.99671840667725,"Female"
"9004159",371979,2025-05-31 03:51:23,42.4890403747559,-8.99704360961914,"Female"
"9004159",371979,2025-05-31 03:56:28,42.4892959594727,-8.99752426147461,"Female"
"9004159",371979,2025-05-31 04:01:36,42.4890441894531,-8.99721813201904,"Female"
"9004159",371979,2025-05-31 04:06:31,42.4892921447754,-8.99746799468994,"Female"
"9004159",371979,2025-05-31 04:11:28,42.4893035888672,-8.9974536895752,"Female"
"9004159",371979,2025-05-31 04:16:36,42.4890441894531,-8.99722194671631,"Female"
"9004159",371979,2025-05-31 04:21:44,42.4889221191406,-8.99719333648682,"Female"
"9004159",371979,2025-05-31 04:26:39,42.4889068603516,-8.99726295471191,"Female"
"9004159",371979,2025-05-31 04:31:29,42.488826751709,-8.99743556976318,"Female"
"9004159",371979,2025-05-31 04:36:59,42.4890403747559,-8.99708080291748,"Female"
"9004159",371979,2025-05-31 04:41:23,42.4890289306641,-8.9970817565918,"Female"
"9004159",371979,2025-05-31 04:46:24,42.4890823364258,-8.99710464477539,"Female"
"9004159",371979,2025-05-31 04:51:24,42.4890823364258,-8.99701023101807,"Female"
"9004159",371979,2025-05-31 04:56:24,42.489070892334,-8.99699783325195,"Female"
"9004159",371979,2025-05-31 05:01:24,42.4890289306641,-8.99699687957764,"Female"
"9004159",371979,2025-05-31 05:06:24,42.4889984130859,-8.99709892272949,"Female"
"9004159",371979,2025-05-31 05:11:23,42.4890823364258,-8.99693489074707,"Female"
"9004159",371979,2025-05-31 05:16:23,42.4890365600586,-8.99699592590332,"Female"
"9004159",371979,2025-05-31 05:21:23,42.4890518188477,-8.99704265594482,"Female"
"9004159",371979,2025-05-31 05:26:23,42.4890594482422,-8.99699211120605,"Female"
"9004159",371979,2025-05-31 05:31:23,42.489086151123,-8.99706840515137,"Female"
"9004159",371979,2025-05-31 05:36:24,42.4890174865723,-8.99708461761475,"Female"
"9004159",371979,2025-05-31 05:41:24,42.4890975952148,-8.99696826934814,"Female"
"9004159",371979,2025-05-31 05:46:23,42.4890937805176,-8.99697113037109,"Female"
"9004159",371979,2025-05-31 05:51:29,42.4889869689941,-8.9970645904541,"Female"
"9004159",371979,2025-05-31 05:56:23,42.4889678955078,-8.99711227416992,"Female"
"9004159",371979,2025-05-31 06:01:26,42.4889755249023,-8.99714469909668,"Female"
"9004159",371979,2025-05-31 06:06:29,42.4890213012695,-8.9970235824585,"Female"
"9004159",371979,2025-05-31 06:11:27,42.4890289306641,-8.99713039398193,"Female"
"9004159",371979,2025-05-31 06:16:28,42.4891242980957,-8.99722385406494,"Female"
"9004159",371979,2025-05-31 06:21:27,42.4890213012695,-8.99704074859619,"Female"
"9004159",371979,2025-05-31 06:26:26,42.4890098571777,-8.99717712402344,"Female"
"9004159",371979,2025-05-31 06:31:25,42.4890174865723,-8.99708271026611,"Female"
"9004159",371979,2025-05-31 06:36:25,42.488956451416,-8.99702930450439,"Female"
"9004159",371979,2025-05-31 06:41:44,42.4890518188477,-8.99709892272949,"Female"
"9004159",371979,2025-05-31 06:47:03,42.4890556335449,-8.9971227645874,"Female"
"9004159",371979,2025-05-31 06:51:24,42.4890441894531,-8.99701881408691,"Female"
"9004159",371979,2025-05-31 06:56:26,42.4890747070312,-8.99710369110107,"Female"
"9004159",371979,2025-05-31 07:01:27,42.4890251159668,-8.99690437316895,"Female"
"9004159",371979,2025-05-31 07:06:25,42.489086151123,-8.99706268310547,"Female"
"9004159",371979,2025-05-31 07:11:28,42.4890594482422,-8.99685478210449,"Female"
"9004159",371979,2025-05-31 07:16:24,42.4890251159668,-8.99675941467285,"Female"
"9004159",371979,2025-05-31 07:21:28,42.489013671875,-8.99709033966064,"Female"
"9004159",371979,2025-05-31 07:26:26,42.4891891479492,-8.99714469909668,"Female"
"9004159",371979,2025-05-31 07:31:30,42.4893493652344,-8.99716281890869,"Female"
"9004159",371979,2025-05-31 07:36:24,42.4892845153809,-8.99723434448242,"Female"
"9004159",371979,2025-05-31 07:41:24,42.4892997741699,-8.99733257293701,"Female"
"9004159",371979,2025-05-31 07:46:24,42.4893493652344,-8.99735355377197,"Female"
"9004159",371979,2025-05-31 07:51:26,42.4892883300781,-8.99726009368896,"Female"
"9004159",371979,2025-05-31 07:56:23,42.489143371582,-8.99721717834473,"Female"
"9004159",371979,2025-05-31 08:01:27,42.4890747070312,-8.99712371826172,"Female"
"9004159",371979,2025-05-31 08:06:37,42.4937705993652,-9.00485420227051,"Female"
"9004159",371979,2025-05-31 08:11:44,42.4937744140625,-9.00479030609131,"Female"
"9004159",371979,2025-05-31 08:16:23,42.4984970092773,-9.01422882080078,"Female"
"9004159",371979,2025-05-31 08:21:24,42.4987716674805,-9.01473712921143,"Female"
"9004159",371979,2025-05-31 08:26:24,42.4985809326172,-9.01460361480713,"Female"
"9004159",371979,2025-05-31 08:31:24,42.4986915588379,-9.01460742950439,"Female"
"9004159",371979,2025-05-31 08:36:28,42.4986991882324,-9.01476383209229,"Female"
"9004159",371979,2025-05-31 08:41:25,42.4986953735352,-9.01429176330566,"Female"
"9004159",371979,2025-05-31 08:46:45,42.4986991882324,-9.0146484375,"Female"
"9004159",371979,2025-05-31 08:51:26,42.4984436035156,-9.01390266418457,"Female"
"9004159",371979,2025-05-31 08:56:26,42.4986763000488,-9.01388263702393,"Female"
"9004159",371979,2025-05-31 09:01:39,42.4987373352051,-9.01448631286621,"Female"
"9004159",371979,2025-05-31 09:06:38,42.4986610412598,-9.01454830169678,"Female"
"9004159",371979,2025-05-31 09:11:28,42.4983673095703,-9.01401042938232,"Female"
"9004159",371979,2025-05-31 09:16:36,42.4986038208008,-9.01464653015137,"Female"
"9004159",371979,2025-05-31 09:21:44,42.498607635498,-9.01465511322021,"Female"
"9004159",371979,2025-05-31 09:26:24,42.4987564086914,-9.01518821716309,"Female"
"9004159",371979,2025-05-31 09:31:36,42.4986343383789,-9.01462078094482,"Female"
"9004159",371979,2025-05-31 09:36:24,42.4989356994629,-9.0152530670166,"Female"
"9004159",371979,2025-05-31 09:41:28,42.4985618591309,-9.01453399658203,"Female"
"9004159",371979,2025-05-31 09:46:45,42.4986686706543,-9.01472091674805,"Female"
"9004159",371979,2025-05-31 09:51:25,42.498363494873,-9.01383304595947,"Female"
"9004159",371979,2025-05-31 09:56:30,42.4991035461426,-9.01590538024902,"Female"
"9004159",371979,2025-05-31 10:01:39,42.498706817627,-9.01461982727051,"Female"
"9004159",371979,2025-05-31 10:06:36,42.498649597168,-9.01481819152832,"Female"
"9004159",371979,2025-05-31 10:11:26,42.4984512329102,-9.01432132720947,"Female"
"9004159",371979,2025-05-31 10:16:26,42.4984359741211,-9.01425933837891,"Female"
"9004159",371979,2025-05-31 10:21:36,42.4986839294434,-9.01466655731201,"Female"
"9004159",371979,2025-05-31 10:26:25,42.5090446472168,-9.01661396026611,"Female"
"9004159",371979,2025-05-31 10:34:45,42.5113220214844,-9.01735973358154,"Female"
"9004159",371979,2025-05-31 10:39:36,42.511791229248,-9.01879215240479,"Female"
"9004159",371979,2025-05-31 10:47:00,42.5104598999023,-9.01870155334473,"Female"
"9004159",371979,2025-05-31 10:52:06,42.5094718933105,-9.0203800201416,"Female"
"9004159",371979,2025-05-31 10:57:10,42.5079383850098,-9.02170085906982,"Female"
"9004159",371979,2025-05-31 11:02:09,42.4983825683594,-9.0149393081665,"Female"
"9004159",371979,2025-05-31 11:07:15,42.4986877441406,-9.01473140716553,"Female"
"9004159",371979,2025-05-31 11:12:01,42.4987030029297,-9.01459121704102,"Female"
"9004159",371979,2025-05-31 11:17:04,42.4986686706543,-9.01462268829346,"Female"
"9004159",371979,2025-05-31 11:21:58,42.4989547729492,-9.01502132415771,"Female"
"9004159",371979,2025-05-31 11:27:06,42.4986381530762,-9.01463985443115,"Female"
"9004159",371979,2025-05-31 11:32:07,42.4986534118652,-9.01464748382568,"Female"
"9004159",371979,2025-05-31 11:37:34,42.4986724853516,-9.01473045349121,"Female"
"9004159",371979,2025-05-31 11:42:05,42.4986877441406,-9.01485443115234,"Female"
"9004159",371979,2025-05-31 11:47:35,42.498649597168,-9.01472949981689,"Female"
"9004159",371979,2025-05-31 11:52:06,42.4986839294434,-9.01462841033936,"Female"
"9004159",371979,2025-05-31 11:57:06,42.4986457824707,-9.0146484375,"Female"
"9004159",371979,2025-05-31 12:02:06,42.4986381530762,-9.0146541595459,"Female"
"9004159",371979,2025-05-31 12:07:06,42.4986953735352,-9.01463890075684,"Female"
"9004159",371979,2025-05-31 12:12:06,42.4987030029297,-9.01455402374268,"Female"
"9004159",371979,2025-05-31 12:17:05,42.4986763000488,-9.01463508605957,"Female"
"9004159",371979,2025-05-31 12:22:06,42.4986610412598,-9.01463508605957,"Female"
"9004159",371979,2025-05-31 12:27:05,42.4987182617188,-9.01466178894043,"Female"
"9004159",371979,2025-05-31 12:32:06,42.4986038208008,-9.01457500457764,"Female"
"9004159",371979,2025-05-31 12:37:06,42.4986114501953,-9.01443290710449,"Female"
"9004159",371979,2025-05-31 12:42:05,42.4986686706543,-9.0146484375,"Female"
"9004159",371979,2025-05-31 12:47:05,42.4986610412598,-9.01456451416016,"Female"
"9004159",371979,2025-05-31 12:52:06,42.502269744873,-9.01710987091064,"Female"
"9004159",371979,2025-05-31 12:57:08,42.500846862793,-9.01970100402832,"Female"
"9004159",371979,2025-05-31 13:02:09,42.5013313293457,-9.01918792724609,"Female"
"9004159",371979,2025-05-31 13:07:28,42.5016403198242,-9.017746925354,"Female"
"9004159",371979,2025-05-31 13:12:28,42.5014915466309,-9.01998138427734,"Female"
"9004159",371979,2025-05-31 13:17:29,42.5018310546875,-9.02416706085205,"Female"
"9004159",371979,2025-05-31 13:23:09,42.50048828125,-9.0247106552124,"Female"
"9004159",371979,2025-05-31 13:28:12,42.5009727478027,-9.02023601531982,"Female"
"9004159",371979,2025-05-31 13:33:27,42.5026664733887,-9.0215539932251,"Female"
"9004159",371979,2025-05-31 13:38:51,42.5044403076172,-9.0226526260376,"Female"
"9004159",371979,2025-05-31 13:43:52,42.5077095031738,-9.02078247070312,"Female"
"9004159",371979,2025-05-31 13:48:50,42.5087089538574,-9.02127075195312,"Female"
"9004159",371979,2025-05-31 13:54:20,42.507396697998,-9.02152347564697,"Female"
"9004159",371979,2025-05-31 13:59:58,42.5061492919922,-9.02243900299072,"Female"
"9004159",371979,2025-05-31 14:05:21,42.5080451965332,-9.0205135345459,"Female"
"9004159",371979,2025-05-31 14:11:37,42.5076103210449,-9.02021503448486,"Female"
"9004159",371979,2025-05-31 14:17:02,42.5076637268066,-9.02172088623047,"Female"
"9004159",371979,2025-05-31 14:26:30,42.5093994140625,-9.01928234100342,"Female"
"9004159",371979,2025-05-31 14:31:55,42.5101203918457,-9.01952934265137,"Female"
"9004159",371979,2025-05-31 14:37:17,42.5092849731445,-9.02036952972412,"Female"
"9004159",371979,2025-05-31 14:55:09,42.5055847167969,-9.0188159942627,"Female"
"9004159",371979,2025-05-31 15:00:09,42.4995498657227,-9.0152759552002,"Female"
"9004159",371979,2025-05-31 15:05:35,42.4986343383789,-9.01482391357422,"Female"
"9004159",371979,2025-05-31 15:10:12,42.4988441467285,-9.01558876037598,"Female"
"9004159",371979,2025-05-31 15:15:09,42.498592376709,-9.01469898223877,"Female"
"9004159",371979,2025-05-31 15:20:12,42.4986152648926,-9.01474189758301,"Female"
"9004159",371979,2025-05-31 15:25:12,42.498607635498,-9.0147533416748,"Female"
"9004159",371979,2025-05-31 15:30:09,42.4986000061035,-9.01471519470215,"Female"
"9004159",371979,2025-05-31 15:35:12,42.4985961914062,-9.01467990875244,"Female"
"9004159",371979,2025-05-31 15:40:09,42.4986915588379,-9.01505184173584,"Female"
"9004159",371979,2025-05-31 15:46:35,42.4999351501465,-9.01839065551758,"Female"
"9004159",371979,2025-05-31 15:50:45,42.5004692077637,-9.01831436157227,"Female"
"9004159",371979,2025-05-31 15:55:46,42.5011749267578,-9.01806640625,"Female"
"9004159",371979,2025-05-31 16:00:59,42.5013275146484,-9.01810455322266,"Female"
"9004159",371979,2025-05-31 16:05:58,42.5010643005371,-9.01830387115479,"Female"
"9004159",371979,2025-05-31 16:11:08,42.5003967285156,-9.01843070983887,"Female"
"9004159",371979,2025-05-31 16:17:11,42.5019874572754,-9.01748561859131,"Female"
"9004159",371979,2025-05-31 16:22:11,42.5017471313477,-9.01606369018555,"Female"
"9004159",371979,2025-05-31 16:27:15,42.4985771179199,-9.01483154296875,"Female"
"9004159",371979,2025-05-31 16:32:11,42.4985466003418,-9.01480102539062,"Female"
"9004159",371979,2025-05-31 16:37:13,42.4984474182129,-9.01486492156982,"Female"
"9004159",371979,2025-05-31 16:42:17,42.4983291625977,-9.01472473144531,"Female"
"9004159",371979,2025-05-31 16:47:35,42.4984931945801,-9.0146541595459,"Female"
"9004159",371979,2025-05-31 16:52:10,42.4983978271484,-9.01457118988037,"Female"
"9004159",371979,2025-05-31 16:57:10,42.498420715332,-9.01455497741699,"Female"
"9004159",371979,2025-05-31 17:02:10,42.4983711242676,-9.01451396942139,"Female"
"9004159",371979,2025-05-31 17:07:10,42.4983406066895,-9.01454067230225,"Female"
"9004159",371979,2025-05-31 17:12:10,42.4983444213867,-9.01448059082031,"Female"
"9004159",371979,2025-05-31 17:17:10,42.4983825683594,-9.01454067230225,"Female"
"9004159",371979,2025-05-31 17:22:10,42.4983749389648,-9.01455497741699,"Female"
"9004159",371979,2025-05-31 17:27:11,42.4994850158691,-9.0183687210083,"Female"
"9004159",371979,2025-05-31 17:32:20,42.5007247924805,-9.01689910888672,"Female"
"9004159",371979,2025-05-31 17:37:21,42.5014610290527,-9.01557636260986,"Female"
"9004159",371979,2025-05-31 17:42:24,42.5011978149414,-9.01631736755371,"Female"
"9004159",371979,2025-05-31 17:48:38,42.5,-9.01834392547607,"Female"
"9004159",371979,2025-05-31 17:53:33,42.5000228881836,-9.01810646057129,"Female"
"9004159",371979,2025-05-31 17:59:24,42.4999122619629,-9.0183219909668,"Female"
"9004159",371979,2025-05-31 18:04:18,42.5003204345703,-9.01911926269531,"Female"
"9004159",371979,2025-05-31 18:10:35,42.5000267028809,-9.01896572113037,"Female"
"9004159",371979,2025-05-31 18:15:20,42.5004463195801,-9.01911544799805,"Female"
"9004159",371979,2025-05-31 18:20:18,42.5005645751953,-9.01840877532959,"Female"
"9004159",371979,2025-05-31 18:26:26,42.5007362365723,-9.01842498779297,"Female"
"9004159",371979,2025-05-31 18:32:21,42.5013236999512,-9.01816844940186,"Female"
"9004159",371979,2025-05-31 18:38:16,42.5009803771973,-9.01913452148438,"Female"
"9004159",371979,2025-05-31 18:43:16,42.5002822875977,-9.01947975158691,"Female"
"9004159",371979,2025-05-31 18:48:23,42.4996604919434,-9.0194787979126,"Female"
"9004159",371979,2025-05-31 18:53:23,42.5002326965332,-9.01957893371582,"Female"
"9004159",371979,2025-05-31 18:58:46,42.5000762939453,-9.01922607421875,"Female"
"9004159",371979,2025-05-31 19:03:45,42.5000991821289,-9.01905059814453,"Female"
"9004159",371979,2025-05-31 19:09:28,42.5000686645508,-9.01866912841797,"Female"
"9004159",371979,2025-05-31 19:14:24,42.5001792907715,-9.01870536804199,"Female"
"9004159",371979,2025-05-31 19:19:23,42.5005073547363,-9.01851367950439,"Female"
"9004159",371979,2025-05-31 19:24:59,42.5007972717285,-9.01799392700195,"Female"
"9004159",371979,2025-05-31 19:29:58,42.49462890625,-9.00642776489258,"Female"
"9004159",371979,2025-05-31 19:35:03,42.4889717102051,-8.99703788757324,"Female"
"9004159",371979,2025-05-31 19:39:58,42.4890289306641,-8.99710273742676,"Female"
"9004159",371979,2025-05-31 19:45:01,42.4888153076172,-8.99685192108154,"Female"
"9004159",371979,2025-05-31 19:50:01,42.488597869873,-8.99669647216797,"Female"
"9004159",371979,2025-05-31 19:55:14,42.488525390625,-8.99655055999756,"Female"
"9004159",371979,2025-05-31 20:00:14,42.4888877868652,-8.99695777893066,"Female"
"9004159",371979,2025-05-31 20:05:03,42.4888343811035,-8.99689102172852,"Female"
"9004159",371979,2025-05-31 20:10:13,42.4888191223145,-8.99690723419189,"Female"
"9004159",371979,2025-05-31 20:15:00,42.4888572692871,-8.99698448181152,"Female"
"9004159",371979,2025-05-31 20:20:00,42.4890174865723,-8.99717426300049,"Female"
"9004159",371979,2025-05-31 20:25:04,42.488826751709,-8.99693584442139,"Female"
"9004159",371979,2025-05-31 20:30:01,42.4889030456543,-8.99698257446289,"Female"
"9004159",371979,2025-05-31 20:34:57,42.4888496398926,-8.99690628051758,"Female"
"9004159",371979,2025-05-31 20:39:57,42.4889450073242,-8.99707698822021,"Female"
"9004159",371979,2025-05-31 20:45:14,42.4889678955078,-8.99706935882568,"Female"
"9004159",371979,2025-05-31 20:50:01,42.4889640808105,-8.99723052978516,"Female"
"9004159",371979,2025-05-31 20:55:01,42.4889488220215,-8.99704742431641,"Female"
"9004159",371979,2025-05-31 20:59:58,42.4889678955078,-8.99715042114258,"Female"
"9004159",371979,2025-05-31 21:04:59,42.4888343811035,-8.99698543548584,"Female"
"9004159",371979,2025-05-31 21:10:00,42.4889259338379,-8.99704933166504,"Female"
"9004159",371979,2025-05-31 21:14:59,42.4889183044434,-8.99709701538086,"Female"
"9004159",371979,2025-05-31 21:20:06,42.4889259338379,-8.99713134765625,"Female"
"9004159",371979,2025-05-31 21:25:00,42.488899230957,-8.99703884124756,"Female"
"9004159",371979,2025-05-31 21:29:57,42.488941192627,-8.99711132049561,"Female"
"9004159",371979,2025-05-31 21:35:15,42.488956451416,-8.99704360961914,"Female"
"9004159",371979,2025-05-31 21:39:57,42.4888229370117,-8.99703884124756,"Female"
"9004159",371979,2025-05-31 21:44:58,42.4889259338379,-8.99708938598633,"Female"
"9004159",371979,2025-05-31 21:49:58,42.489013671875,-8.99700260162354,"Female"
"9004159",371979,2025-05-31 21:54:59,42.4889488220215,-8.99722480773926,"Female"
"9004159",371979,2025-05-31 22:00:03,42.4889640808105,-8.99691200256348,"Female"
"9004159",371979,2025-05-31 22:05:03,42.4889678955078,-8.99688625335693,"Female"
"9004159",371979,2025-05-31 22:10:00,42.4889640808105,-8.99714851379395,"Female"
"9004159",371979,2025-05-31 22:15:07,42.4886665344238,-8.997145652771,"Female"
"9004159",371979,2025-05-31 22:20:06,42.488899230957,-8.99714756011963,"Female"
"9004159",371979,2025-05-31 22:25:11,42.4889183044434,-8.99698638916016,"Female"
"9004159",371979,2025-05-31 22:30:29,42.488956451416,-8.9968957901001,"Female"
"9004159",371979,2025-05-31 22:35:01,42.4889640808105,-8.99686813354492,"Female"
"9004159",371979,2025-05-31 22:40:04,42.4890327453613,-8.99686622619629,"Female"
"9004159",371979,2025-05-31 22:45:00,42.4888763427734,-8.99661159515381,"Female"
"9004159",371979,2025-05-31 22:49:58,42.488883972168,-8.99679565429688,"Female"
"9004159",371979,2025-05-31 22:54:59,42.4891395568848,-8.99716472625732,"Female"
"9004159",371979,2025-05-31 22:59:59,42.4888954162598,-8.99698925018311,"Female"
"9004159",371979,2025-05-31 23:04:57,42.4889907836914,-8.99706745147705,"Female"
"9004159",371979,2025-05-31 23:09:58,42.4889945983887,-8.99714088439941,"Female"
"9004159",371979,2025-05-31 23:15:06,42.4888954162598,-8.99692440032959,"Female"
"9004159",371979,2025-05-31 23:20:03,42.4890213012695,-8.99695014953613,"Female"
"9004159",371979,2025-05-31 23:25:06,42.4890174865723,-8.99689292907715,"Female"
"9004159",371979,2025-05-31 23:29:58,42.4889717102051,-8.99704933166504,"Female"
"9004159",371979,2025-05-31 23:34:57,42.4890823364258,-8.99720859527588,"Female"
"9004159",371979,2025-05-31 23:39:59,42.488941192627,-8.99670314788818,"Female"
"9004159",371979,2025-05-31 23:44:59,42.4890899658203,-8.99723815917969,"Female"
"9004159",371979,2025-05-31 23:49:59,42.4890785217285,-8.99721908569336,"Female"
"9004159",371979,2025-05-31 23:54:58,42.4890441894531,-8.99713516235352,"Female"
"9004159",371979,2025-05-31 23:59:59,42.4889068603516,-8.99715709686279,"Female"
"9004159",371979,2025-06-01 00:04:57,42.4889335632324,-8.99717140197754,"Female"
"9004159",371979,2025-06-01 00:09:59,42.4889183044434,-8.99712753295898,"Female"
"9004159",371979,2025-06-01 00:15:10,42.4888534545898,-8.9970531463623,"Female"
"9004159",371979,2025-06-01 00:19:58,42.488941192627,-8.99716186523438,"Female"
"9004159",371979,2025-06-01 00:25:04,42.4889793395996,-8.99702548980713,"Female"
"9004159",371979,2025-06-01 00:29:57,42.4888763427734,-8.99702644348145,"Female"
"9004159",371979,2025-06-01 00:34:57,42.4888916015625,-8.99700450897217,"Female"
"9004159",371979,2025-06-01 00:39:57,42.4889907836914,-8.99703311920166,"Female"
"9004159",371979,2025-06-01 00:44:59,42.4889984130859,-8.99701118469238,"Female"
"9004159",371979,2025-06-01 00:50:05,42.4889373779297,-8.9970235824585,"Female"
"9004159",371979,2025-06-01 00:55:13,42.4889144897461,-8.99700927734375,"Female"
"9004159",371979,2025-06-01 00:59:57,42.4889602661133,-8.99702167510986,"Female"
"9004159",371979,2025-06-01 01:05:00,42.4888877868652,-8.99698829650879,"Female"
"9004159",371979,2025-06-01 01:10:01,42.4890174865723,-8.99701309204102,"Female"
"9004159",371979,2025-06-01 01:15:06,42.4889068603516,-8.996994972229,"Female"
"9004159",371979,2025-06-01 01:20:09,42.4886474609375,-8.99703979492188,"Female"
"9004159",371979,2025-06-01 01:25:05,42.4888916015625,-8.9969367980957,"Female"
"9004159",371979,2025-06-01 01:30:06,42.4889831542969,-8.99697494506836,"Female"
"9004159",371979,2025-06-01 01:35:06,42.4889106750488,-8.99699783325195,"Female"
"9004159",371979,2025-06-01 01:40:03,42.4890823364258,-8.99695301055908,"Female"
"9004159",371979,2025-06-01 01:44:59,42.4891128540039,-8.9970121383667,"Female"
"9004159",371979,2025-06-01 01:50:08,42.4889221191406,-8.99700355529785,"Female"
"9004159",371979,2025-06-01 01:55:38,42.4888610839844,-8.99711990356445,"Female"
"9004159",371979,2025-06-01 02:00:10,42.4888954162598,-8.99710845947266,"Female"
"9004159",371979,2025-06-01 02:05:13,42.4888648986816,-8.99707889556885,"Female"
"9004159",371979,2025-06-01 02:10:20,42.4887962341309,-8.99721050262451,"Female"
"9004159",371979,2025-06-01 02:15:29,42.4889831542969,-8.99695110321045,"Female"
"9004159",371979,2025-06-01 02:20:01,42.4891014099121,-8.99727725982666,"Female"
"9004159",371979,2025-06-01 02:25:06,42.4889793395996,-8.99695205688477,"Female"
"9004159",371979,2025-06-01 02:30:01,42.488956451416,-8.99694442749023,"Female"
"9004159",371979,2025-06-01 02:35:01,42.4889335632324,-8.9969482421875,"Female"
"9004159",371979,2025-06-01 02:40:29,42.4889297485352,-8.99712467193604,"Female"
"9004159",371979,2025-06-01 02:45:05,42.4888877868652,-8.99710273742676,"Female"
"9004159",371979,2025-06-01 02:50:10,42.488883972168,-8.99710273742676,"Female"
"9004159",371979,2025-06-01 02:55:03,42.4888496398926,-8.99702453613281,"Female"
"9004159",371979,2025-06-01 03:00:00,42.4886932373047,-8.99727725982666,"Female"
"9004159",371979,2025-06-01 03:05:07,42.4888458251953,-8.99703693389893,"Female"
"9004159",371979,2025-06-01 03:10:06,42.4889259338379,-8.99702739715576,"Female"
"9004159",371979,2025-06-01 03:15:07,42.4890060424805,-8.99694156646729,"Female"
"9004159",371979,2025-06-01 03:20:06,42.4889488220215,-8.99710845947266,"Female"
"9004159",371979,2025-06-01 03:25:06,42.4887962341309,-8.99709033966064,"Female"
"9004159",371979,2025-06-01 03:30:07,42.4888458251953,-8.99709701538086,"Female"
"9004159",371979,2025-06-01 03:35:07,42.4889259338379,-8.99702453613281,"Female"
"9004159",371979,2025-06-01 03:40:07,42.4889259338379,-8.99711799621582,"Female"
"9004159",371979,2025-06-01 03:45:07,42.4888534545898,-8.99704170227051,"Female"
"9004159",371979,2025-06-01 03:50:14,42.4889755249023,-8.99701881408691,"Female"
"9004159",371979,2025-06-01 03:55:00,42.4889755249023,-8.99702548980713,"Female"
"9004159",371979,2025-06-01 04:00:02,42.4889678955078,-8.99692726135254,"Female"
"9004159",371979,2025-06-01 04:05:00,42.4889221191406,-8.99704647064209,"Female"
"9004159",371979,2025-06-01 04:09:58,42.4889793395996,-8.99705219268799,"Female"
"9004159",371979,2025-06-01 04:14:58,42.4890174865723,-8.99707412719727,"Female"
"9004159",371979,2025-06-01 04:20:00,42.4890098571777,-8.99713230133057,"Female"
"9004159",371979,2025-06-01 04:25:01,42.4890251159668,-8.99717044830322,"Female"
"9004159",371979,2025-06-01 04:30:00,42.4890594482422,-8.99716663360596,"Female"
"9004159",371979,2025-06-01 04:35:00,42.4890594482422,-8.99728107452393,"Female"
"9004159",371979,2025-06-01 04:40:00,42.4889755249023,-8.99726295471191,"Female"
"9004159",371979,2025-06-01 04:44:58,42.4890022277832,-8.99729156494141,"Female"
"9004159",371979,2025-06-01 04:50:15,42.4890594482422,-8.99708271026611,"Female"
"9004159",371979,2025-06-01 04:54:57,42.4889678955078,-8.99703693389893,"Female"
"9004159",371979,2025-06-01 04:59:57,42.4889221191406,-8.99710178375244,"Female"
"9004159",371979,2025-06-01 05:04:58,42.488956451416,-8.99704170227051,"Female"
"9004159",371979,2025-06-01 05:09:57,42.4888648986816,-8.99705982208252,"Female"
"9004159",371979,2025-06-01 05:14:59,42.4887886047363,-8.99698352813721,"Female"
"9004159",371979,2025-06-01 05:19:57,42.48876953125,-8.99696445465088,"Female"
"9004159",371979,2025-06-01 05:25:00,42.4886322021484,-8.9969539642334,"Female"
"9004159",371979,2025-06-01 05:29:57,42.4887084960938,-8.99703788757324,"Female"
"9004159",371979,2025-06-01 05:35:00,42.488639831543,-8.99697494506836,"Female"
"9004159",371979,2025-06-01 05:40:00,42.4888153076172,-8.99704837799072,"Female"
"9004159",371979,2025-06-01 05:44:59,42.48876953125,-8.99707889556885,"Female"
"9004159",371979,2025-06-01 05:50:29,42.4888763427734,-8.99705696105957,"Female"
"9004159",371979,2025-06-01 05:54:58,42.4890403747559,-8.99701309204102,"Female"
"9004159",371979,2025-06-01 05:59:57,42.4888534545898,-8.99716472625732,"Female"
"9004159",371979,2025-06-01 06:04:57,42.488899230957,-8.99714851379395,"Female"
"9004159",371979,2025-06-01 06:09:57,42.4889831542969,-8.99699401855469,"Female"
"9004159",371979,2025-06-01 06:14:58,42.4889144897461,-8.99696159362793,"Female"
"9004159",371979,2025-06-01 06:19:58,42.4889678955078,-8.9969539642334,"Female"
"9004159",371979,2025-06-01 06:24:57,42.4889450073242,-8.99698829650879,"Female"
"9004159",371979,2025-06-01 06:29:57,42.4888763427734,-8.99710178375244,"Female"
"9004159",371979,2025-06-01 06:34:59,42.488941192627,-8.99720478057861,"Female"
"9004159",371979,2025-06-01 06:39:58,42.488883972168,-8.9970645904541,"Female"
"9004159",371979,2025-06-01 06:45:01,42.4888610839844,-8.99688720703125,"Female"
"9004159",371979,2025-06-01 06:49:58,42.4889373779297,-8.99703025817871,"Female"
"9004159",371979,2025-06-01 06:54:58,42.4889030456543,-8.99696254730225,"Female"
"9004159",371979,2025-06-01 06:59:59,42.4888763427734,-8.99704360961914,"Female"
"9004159",371979,2025-06-01 07:05:00,42.4888229370117,-8.9970121383667,"Female"
"9004159",371979,2025-06-01 07:09:58,42.488826751709,-8.99698257446289,"Female"
"9004159",371979,2025-06-01 07:15:00,42.4888687133789,-8.9969539642334,"Female"
"9004159",371979,2025-06-01 07:20:06,42.4889984130859,-8.99691963195801,"Female"
"9004159",371979,2025-06-01 07:25:05,42.4889144897461,-8.99692916870117,"Female"
"9004159",371979,2025-06-01 07:29:58,42.488956451416,-8.99699687957764,"Female"
"9004159",371979,2025-06-01 07:35:05,42.4889869689941,-8.99699783325195,"Female"
"9004159",371979,2025-06-01 07:39:58,42.4890518188477,-8.99710941314697,"Female"
"9004159",371979,2025-06-01 07:45:07,42.489013671875,-8.9970006942749,"Female"
"9004159",371979,2025-06-01 07:49:58,42.4888000488281,-8.99682426452637,"Female"
"9004159",371979,2025-06-01 07:55:06,42.4890098571777,-8.99697780609131,"Female"
"9004159",371979,2025-06-01 08:00:14,42.4896621704102,-8.998948097229,"Female"
"9004159",371979,2025-06-01 08:04:58,42.489616394043,-8.99875259399414,"Female"
"9004159",371979,2025-06-01 08:09:58,42.4896583557129,-8.99870777130127,"Female"
"9004159",371979,2025-06-01 08:14:58,42.4896354675293,-8.99881744384766,"Female"
"9004159",371979,2025-06-01 08:20:01,42.4940185546875,-8.99995994567871,"Female"
"9004159",371979,2025-06-01 08:25:00,42.4981002807617,-9.00329303741455,"Female"
"9004159",371979,2025-06-01 08:30:00,42.5077133178711,-9.00073337554932,"Female"
"9004159",371979,2025-06-01 08:35:00,42.5116882324219,-9.00380516052246,"Female"
"9004159",371979,2025-06-01 08:40:02,42.5112228393555,-9.00242710113525,"Female"
"9004159",371979,2025-06-01 08:45:13,42.5112457275391,-9.00257778167725,"Female"
"9004159",371979,2025-06-01 08:49:59,42.5143241882324,-9.0102596282959,"Female"
"9004159",371979,2025-06-01 08:54:59,42.5130996704102,-9.01268863677979,"Female"
"9004159",371979,2025-06-01 09:00:43,42.5112686157227,-9.01769256591797,"Female"
"9004159",371979,2025-06-01 09:06:11,42.5119476318359,-9.01606369018555,"Female"
"9004159",371979,2025-06-01 09:11:32,42.5123481750488,-9.01437473297119,"Female"
"9004159",371979,2025-06-01 09:16:43,42.5130195617676,-9.01647663116455,"Female"
"9004159",371979,2025-06-01 09:21:51,42.4987373352051,-9.01517772674561,"Female"
"9004159",371979,2025-06-01 09:26:44,42.4987373352051,-9.01501941680908,"Female"
"9004159",371979,2025-06-01 09:32:05,42.4986343383789,-9.0147066116333,"Female"
"9004159",371979,2025-06-01 09:36:35,42.4986152648926,-9.01470184326172,"Female"
"9004159",371979,2025-06-01 09:41:35,42.4985847473145,-9.01469612121582,"Female"
"9004159",371979,2025-06-01 09:46:35,42.4986267089844,-9.01475048065186,"Female"
"9004159",371979,2025-06-01 09:51:35,42.4986381530762,-9.01472854614258,"Female"
"9004159",371979,2025-06-01 09:56:35,42.4985885620117,-9.01472568511963,"Female"
"9004159",371979,2025-06-01 10:01:35,42.498592376709,-9.01472663879395,"Female"
"9004159",371979,2025-06-01 10:06:36,42.4986801147461,-9.0146951675415,"Female"
"9004159",371979,2025-06-01 10:12:29,42.5012550354004,-9.02520561218262,"Female"
"9004159",371979,2025-06-01 10:17:28,42.5210914611816,-9.04794311523438,"Female"
"9004159",371979,2025-06-01 10:22:29,42.5361518859863,-9.05312538146973,"Female"
"9004159",371979,2025-06-01 10:28:17,42.5378570556641,-9.05379581451416,"Female"
"9004159",371979,2025-06-01 10:33:18,42.5360298156738,-9.06381797790527,"Female"
"9004159",371979,2025-06-01 10:38:44,42.5364379882812,-9.06443214416504,"Female"
"9004159",371979,2025-06-01 10:43:56,42.5363998413086,-9.06333065032959,"Female"
"9004159",371979,2025-06-01 10:49:54,42.538444519043,-9.06256771087646,"Female"
"9004159",371979,2025-06-01 10:54:54,42.5387344360352,-9.0631742477417,"Female"
"9004159",371979,2025-06-01 11:01:03,42.537525177002,-9.06341361999512,"Female"
"9004159",371979,2025-06-01 11:06:00,42.5374794006348,-9.06173992156982,"Female"
"9004159",371979,2025-06-01 11:11:06,42.5384483337402,-9.0626974105835,"Female"
"9004159",371979,2025-06-01 11:16:08,42.5384292602539,-9.06167984008789,"Female"
"9004159",371979,2025-06-01 11:22:06,42.5394248962402,-9.06128692626953,"Female"
"9004159",371979,2025-06-01 11:27:06,42.5395889282227,-9.0596923828125,"Female"
"9004159",371979,2025-06-01 11:31:59,42.5379257202148,-9.05971908569336,"Female"
"9004159",371979,2025-06-01 11:42:19,42.5422515869141,-9.06200790405273,"Female"
"9004159",371979,2025-06-01 11:47:19,42.5367431640625,-9.06029033660889,"Female"
"9004159",371979,2025-06-01 11:52:21,42.5360717773438,-9.05936813354492,"Female"
"9004159",371979,2025-06-01 11:57:30,42.5373077392578,-9.05818176269531,"Female"
"9004159",371979,2025-06-01 12:02:43,42.5478286743164,-9.05844020843506,"Female"
"9004159",371979,2025-06-01 12:07:41,42.5479202270508,-9.05795383453369,"Female"
"9004159",371979,2025-06-01 12:12:37,42.5481910705566,-9.05695724487305,"Female"
"9004159",371979,2025-06-01 12:17:39,42.5353050231934,-9.04319477081299,"Female"
"9004159",371979,2025-06-01 12:22:37,42.5353584289551,-9.04316806793213,"Female"
"9004159",371979,2025-06-01 12:27:37,42.5353202819824,-9.04314041137695,"Female"
"9004159",371979,2025-06-01 12:32:38,42.5353012084961,-9.04316329956055,"Female"
"9004159",371979,2025-06-01 12:37:43,42.5353240966797,-9.04310417175293,"Female"
"9004159",371979,2025-06-01 12:42:37,42.5353012084961,-9.04352855682373,"Female"
"9004159",371979,2025-06-01 12:47:39,42.5353317260742,-9.04323196411133,"Female"
"9004159",371979,2025-06-01 12:53:04,42.5353393554688,-9.04313278198242,"Female"
"9004159",371979,2025-06-01 12:57:38,42.5353202819824,-9.04323863983154,"Female"
"9004159",371979,2025-06-01 13:02:34,42.5353660583496,-9.04313850402832,"Female"
"9004159",371979,2025-06-01 13:07:34,42.5353698730469,-9.04314041137695,"Female"
"9004159",371979,2025-06-01 13:12:34,42.535327911377,-9.04318523406982,"Female"
"9004159",371979,2025-06-01 13:17:36,42.5353851318359,-9.04306507110596,"Female"
"9004159",371979,2025-06-01 13:22:35,42.5353546142578,-9.04314517974854,"Female"
"9004159",371979,2025-06-01 13:27:34,42.5353546142578,-9.0431661605835,"Female"
"9004159",371979,2025-06-01 13:32:34,42.5353736877441,-9.04315280914307,"Female"
"9004159",371979,2025-06-01 13:37:34,42.5353851318359,-9.04316711425781,"Female"
"9004159",371979,2025-06-01 13:42:36,42.5353469848633,-9.04317378997803,"Female"
"9004159",371979,2025-06-01 13:47:34,42.5352897644043,-9.04319190979004,"Female"
"9004159",371979,2025-06-01 13:52:36,42.5353584289551,-9.04287052154541,"Female"
"9004159",371979,2025-06-01 13:57:36,42.5042953491211,-9.02186489105225,"Female"
"9004159",371979,2025-06-01 14:02:44,42.4986801147461,-9.01468276977539,"Female"
"9004159",371979,2025-06-01 14:07:34,42.4986305236816,-9.01464557647705,"Female"
"9004159",371979,2025-06-01 14:12:37,42.4986877441406,-9.01461887359619,"Female"
"9004159",371979,2025-06-01 14:17:34,42.4986190795898,-9.01456642150879,"Female"
"9004159",371979,2025-06-01 14:22:38,42.4985084533691,-9.01457500457764,"Female"
"9004159",371979,2025-06-01 14:27:37,42.4987602233887,-9.01468753814697,"Female"
"9004159",371979,2025-06-01 14:32:38,42.4987564086914,-9.01475620269775,"Female"
"9004159",371979,2025-06-01 14:38:05,42.4987411499023,-9.01470375061035,"Female"
"9004159",371979,2025-06-01 14:42:34,42.498664855957,-9.01472187042236,"Female"
"9004159",371979,2025-06-01 14:48:39,42.5011100769043,-9.01600646972656,"Female"
"9004159",371979,2025-06-01 14:54:16,42.5027847290039,-9.01730918884277,"Female"
"9004159",371979,2025-06-01 14:59:16,42.5035781860352,-9.01682376861572,"Female"
"9004159",371979,2025-06-01 15:04:15,42.5043563842773,-9.01513862609863,"Female"
"9004159",371979,2025-06-01 15:09:16,42.4985580444336,-9.01465511322021,"Female"
"9004159",371979,2025-06-01 15:14:16,42.4986038208008,-9.01471042633057,"Female"
"9004159",371979,2025-06-01 15:19:16,42.4986610412598,-9.01472187042236,"Female"
"9004159",371979,2025-06-01 15:24:15,42.4985961914062,-9.01475715637207,"Female"
"9004159",371979,2025-06-01 15:29:16,42.5003814697266,-9.0184440612793,"Female"
"9004159",371979,2025-06-01 15:34:15,42.500732421875,-9.01904201507568,"Female"
"9004159",371979,2025-06-01 15:39:16,42.5020561218262,-9.01850986480713,"Female"
"9004159",371979,2025-06-01 15:44:44,42.5047378540039,-9.01437187194824,"Female"
"9004159",371979,2025-06-01 15:50:03,42.5048980712891,-9.01282405853271,"Female"
"9004159",371979,2025-06-01 15:55:42,42.5040588378906,-9.01403617858887,"Female"
"9004159",371979,2025-06-01 16:01:10,42.5032653808594,-9.01511478424072,"Female"
"9004159",371979,2025-06-01 16:06:11,42.5017890930176,-9.01532936096191,"Female"
"9004159",371979,2025-06-01 16:11:12,42.4982376098633,-9.01440906524658,"Female"
"9004159",371979,2025-06-01 16:16:13,42.4985618591309,-9.0146312713623,"Female"
"9004159",371979,2025-06-01 16:21:12,42.4989471435547,-9.01488208770752,"Female"
"9004159",371979,2025-06-01 16:26:13,42.4986534118652,-9.01471138000488,"Female"
"9004159",371979,2025-06-01 16:31:11,42.4987411499023,-9.01474952697754,"Female"
"9004159",371979,2025-06-01 16:36:14,42.498592376709,-9.01461791992188,"Female"
"9004159",371979,2025-06-01 16:41:11,42.4986610412598,-9.01468467712402,"Female"
"9004159",371979,2025-06-01 16:46:12,42.4986724853516,-9.01474380493164,"Female"
"9004159",371979,2025-06-01 16:51:16,42.4985275268555,-9.01461219787598,"Female"
"9004159",371979,2025-06-01 16:56:12,42.4987831115723,-9.01487827301025,"Female"
"9004159",371979,2025-06-01 17:01:34,42.4986419677734,-9.01469135284424,"Female"
"9004159",371979,2025-06-01 17:06:10,42.4986572265625,-9.01470565795898,"Female"
"9004159",371979,2025-06-01 17:12:14,42.5012893676758,-9.0167875289917,"Female"
"9004159",371979,2025-06-01 17:17:14,42.5007438659668,-9.01839828491211,"Female"
"9004159",371979,2025-06-01 17:22:44,42.5004920959473,-9.01926422119141,"Female"
"9004159",371979,2025-06-01 17:28:46,42.5002708435059,-9.01920318603516,"Female"
"9004159",371979,2025-06-01 17:34:18,42.5004043579102,-9.01917552947998,"Female"
"9004159",371979,2025-06-01 17:39:44,42.5009422302246,-9.01829719543457,"Female"
"9004159",371979,2025-06-01 17:45:55,42.5018463134766,-9.0165548324585,"Female"
"9004159",371979,2025-06-01 17:51:43,42.5016593933105,-9.01606178283691,"Female"
"9004159",371979,2025-06-01 17:57:00,42.5011215209961,-9.01616191864014,"Female"
"9004159",371979,2025-06-01 18:01:58,42.5011825561523,-9.01602268218994,"Female"
"9004159",371979,2025-06-01 18:06:59,42.5015525817871,-9.01683712005615,"Female"
"9004159",371979,2025-06-01 18:12:54,42.5018043518066,-9.01675128936768,"Female"
"9004159",371979,2025-06-01 18:18:09,42.501277923584,-9.0161714553833,"Female"
"9004159",371979,2025-06-01 18:23:26,42.501163482666,-9.01623344421387,"Female"
"9004159",371979,2025-06-01 18:28:37,42.5009460449219,-9.01624584197998,"Female"
"9004159",371979,2025-06-01 18:33:35,42.5012969970703,-9.01588916778564,"Female"
"9004159",371979,2025-06-01 18:38:38,42.5015525817871,-9.01568412780762,"Female"
"9004159",371979,2025-06-01 18:44:05,42.5013122558594,-9.01526737213135,"Female"
"9004159",371979,2025-06-01 18:49:49,42.5015525817871,-9.01637554168701,"Female"
"9004159",371979,2025-06-01 18:55:18,42.5011177062988,-9.0169677734375,"Female"
"9004159",371979,2025-06-01 19:00:11,42.5010719299316,-9.01849174499512,"Female"
"9004159",371979,2025-06-01 19:05:25,42.5002937316895,-9.01834583282471,"Female"
"9004159",371979,2025-06-01 19:11:44,42.5004348754883,-9.018235206604,"Female"
"9004159",371979,2025-06-01 19:16:22,42.5004501342773,-9.01822853088379,"Female"
"9004159",371979,2025-06-01 19:21:25,42.5002746582031,-9.0184268951416,"Female"
"9004159",371979,2025-06-01 19:26:23,42.499942779541,-9.01871299743652,"Female"
"9004159",371979,2025-06-01 19:31:22,42.500545501709,-9.01975727081299,"Female"
"9004159",371979,2025-06-01 19:36:24,42.5015525817871,-9.01620674133301,"Female"
"9004159",371979,2025-06-01 19:41:28,42.4890441894531,-8.99721622467041,"Female"
"9004159",371979,2025-06-01 19:46:33,42.4889106750488,-8.99700832366943,"Female"
"9004159",371979,2025-06-01 19:51:36,42.488941192627,-8.99713325500488,"Female"
"9004159",371979,2025-06-01 19:56:44,42.4888877868652,-8.99698829650879,"Female"
"9004159",371979,2025-06-01 20:01:24,42.4886474609375,-8.99684238433838,"Female"
"9004159",371979,2025-06-01 20:06:29,42.4889602661133,-8.99714374542236,"Female"
"9004159",371979,2025-06-01 20:11:24,42.4888076782227,-8.99692535400391,"Female"
"9004159",371979,2025-06-01 20:16:28,42.4884490966797,-8.99647808074951,"Female"
"9004159",371979,2025-06-01 20:21:23,42.4887771606445,-8.99694538116455,"Female"
"9004159",371979,2025-06-01 20:26:44,42.4889259338379,-8.99702262878418,"Female"
"9004159",371979,2025-06-01 20:31:24,42.4888572692871,-8.99704933166504,"Female"
"9004159",371979,2025-06-01 20:36:25,42.4888763427734,-8.99712371826172,"Female"
"9004159",371979,2025-06-01 20:41:26,42.4888954162598,-8.99720764160156,"Female"
"9004159",371979,2025-06-01 20:46:59,42.4886245727539,-8.99716949462891,"Female"
"9004159",371979,2025-06-01 20:51:25,42.4887542724609,-8.99703025817871,"Female"
"9004159",371979,2025-06-01 20:56:25,42.4888153076172,-8.996994972229,"Female"
"9004159",371979,2025-06-01 21:01:24,42.4887886047363,-8.99706268310547,"Female"
"9004159",371979,2025-06-01 21:06:30,42.4887886047363,-8.99714469909668,"Female"
"9004159",371979,2025-06-01 21:11:44,42.4888687133789,-8.9970703125,"Female"
"9004159",371979,2025-06-01 21:16:22,42.4889259338379,-8.99706268310547,"Female"
"9004159",371979,2025-06-01 21:21:22,42.4889717102051,-8.9970874786377,"Female"
"9004159",371979,2025-06-01 21:26:22,42.4888954162598,-8.99709129333496,"Female"
"9004159",371979,2025-06-01 21:31:23,42.4889221191406,-8.99708080291748,"Female"
"9004159",371979,2025-06-01 21:36:24,42.4889259338379,-8.99706745147705,"Female"
"9004159",371979,2025-06-01 21:41:23,42.4889678955078,-8.99700546264648,"Female"
"9004159",371979,2025-06-01 21:46:22,42.4888572692871,-8.99686813354492,"Female"
"9004159",371979,2025-06-01 21:51:23,42.4889030456543,-8.99716091156006,"Female"
"9004159",371979,2025-06-01 21:56:24,42.4889640808105,-8.99686241149902,"Female"
"9004159",371979,2025-06-01 22:01:53,42.488826751709,-8.99697399139404,"Female"
"9004159",371979,2025-06-01 22:06:24,42.4889297485352,-8.99696254730225,"Female"
"9004159",371979,2025-06-01 22:11:30,42.4890174865723,-8.99717712402344,"Female"
"9004159",371979,2025-06-01 22:16:44,42.4889488220215,-8.99709892272949,"Female"
"9004159",371979,2025-06-01 22:22:46,42.4889602661133,-8.99712085723877,"Female"
"9004159",371979,2025-06-01 22:26:44,42.488941192627,-8.99710083007812,"Female"
"9004159",371979,2025-06-01 22:32:23,42.4889144897461,-8.99704742431641,"Female"
"9004159",371979,2025-06-01 22:36:22,42.488883972168,-8.99701881408691,"Female"
"9004159",371979,2025-06-01 22:41:23,42.488956451416,-8.99708652496338,"Female"
"9004159",371979,2025-06-01 22:46:23,42.4888458251953,-8.99693584442139,"Female"
"9004159",371979,2025-06-01 22:51:22,42.4888763427734,-8.9969654083252,"Female"
"9004159",371979,2025-06-01 22:56:31,42.488899230957,-8.99702453613281,"Female"
"9004159",371979,2025-06-01 23:01:23,42.4887237548828,-8.99678134918213,"Female"
"9004159",371979,2025-06-01 23:06:23,42.4887847900391,-8.99682807922363,"Female"
"9004159",371979,2025-06-01 23:11:23,42.488899230957,-8.99698066711426,"Female"
"9004159",371979,2025-06-01 23:16:23,42.488941192627,-8.99710845947266,"Female"
"9004159",371979,2025-06-01 23:21:22,42.4889259338379,-8.99701976776123,"Female"
"9004159",371979,2025-06-01 23:26:22,42.4890213012695,-8.99716758728027,"Female"
"9004159",371979,2025-06-01 23:31:22,42.4890327453613,-8.99730968475342,"Female"
"9004159",371979,2025-06-01 23:36:22,42.4889183044434,-8.99708366394043,"Female"
"9004159",371979,2025-06-01 23:41:30,42.4888916015625,-8.9969310760498,"Female"
"9004159",371979,2025-06-01 23:46:23,42.4888191223145,-8.99685382843018,"Female"
"9004159",371979,2025-06-01 23:51:24,42.4889526367188,-8.99703598022461,"Female"
"9004159",371979,2025-06-01 23:56:24,42.4888191223145,-8.99689197540283,"Female"
"9004159",371979,2025-06-02 00:01:27,42.4888954162598,-8.99698638916016,"Female"
"9004159",371979,2025-06-02 00:06:26,42.488883972168,-8.99702644348145,"Female"
"9004159",371979,2025-06-02 00:11:28,42.4888534545898,-8.99698352813721,"Female"
"9004159",371979,2025-06-02 00:16:30,42.4888763427734,-8.99690055847168,"Female"
"9004159",371979,2025-06-02 00:21:30,42.4888572692871,-8.99703311920166,"Female"
"9004159",371979,2025-06-02 00:26:44,42.4888229370117,-8.99703979492188,"Female"
"9004159",371979,2025-06-02 00:31:44,42.4888610839844,-8.99706554412842,"Female"
"9004159",371979,2025-06-02 00:36:25,42.4888496398926,-8.99693584442139,"Female"
"9004159",371979,2025-06-02 00:41:23,42.488883972168,-8.99826335906982,"Female"
"9004159",371979,2025-06-02 00:46:49,42.4888725280762,-8.99688911437988,"Female"
"9004159",371979,2025-06-02 00:51:23,42.4888954162598,-8.99702548980713,"Female"
"9004159",371979,2025-06-02 00:56:22,42.4888343811035,-8.99691200256348,"Female"
"9004159",371979,2025-06-02 01:01:22,42.4888725280762,-8.99702548980713,"Female"
"9004159",371979,2025-06-02 01:06:23,42.4888572692871,-8.99693584442139,"Female"
"9004159",371979,2025-06-02 01:11:23,42.4889030456543,-8.99711227416992,"Female"
"9004159",371979,2025-06-02 01:16:30,42.4889450073242,-8.99707126617432,"Female"
"9004159",371979,2025-06-02 01:21:24,42.4889793395996,-8.99725818634033,"Female"
"9004159",371979,2025-06-02 01:26:30,42.4888687133789,-8.99705696105957,"Female"
"9004159",371979,2025-06-02 01:31:41,42.4889106750488,-8.99708652496338,"Female"
"9004159",371979,2025-06-02 01:36:25,42.4888305664062,-8.99690723419189,"Female"
"9004159",371979,2025-06-02 01:41:24,42.4885101318359,-8.99619102478027,"Female"
"9004159",371979,2025-06-02 01:46:25,42.4883460998535,-8.99544525146484,"Female"
"9004159",371979,2025-06-02 01:51:23,42.4886054992676,-8.99641704559326,"Female"
"9004159",371979,2025-06-02 01:56:23,42.488883972168,-8.99701023101807,"Female"
"9004159",371979,2025-06-02 02:01:23,42.4888916015625,-8.99711418151855,"Female"
"9004159",371979,2025-06-02 02:06:23,42.4890213012695,-8.99716854095459,"Female"
"9004159",371979,2025-06-02 02:11:24,42.4888648986816,-8.99700450897217,"Female"
"9004159",371979,2025-06-02 02:16:44,42.4888954162598,-8.99700355529785,"Female"
"9004159",371979,2025-06-02 02:21:22,42.4889144897461,-8.99678707122803,"Female"
"9004159",371979,2025-06-02 02:26:21,42.4889183044434,-8.99700832366943,"Female"
"9004159",371979,2025-06-02 02:31:22,42.488941192627,-8.99698448181152,"Female"
"9004159",371979,2025-06-02 02:36:23,42.4888343811035,-8.99704170227051,"Female"
"9004159",371979,2025-06-02 02:41:23,42.488941192627,-8.99704742431641,"Female"
"9004159",371979,2025-06-02 02:46:44,42.4889030456543,-8.99708080291748,"Female"
"9004159",371979,2025-06-02 02:51:30,42.4887924194336,-8.99726390838623,"Female"
"9004159",371979,2025-06-02 02:56:44,42.488941192627,-8.99699592590332,"Female"
"9004159",371979,2025-06-02 03:01:27,42.4889297485352,-8.99702644348145,"Female"
"9004159",371979,2025-06-02 03:06:30,42.4889678955078,-8.99699878692627,"Female"
"9004159",371979,2025-06-02 03:11:30,42.4888648986816,-8.99708843231201,"Female"
"9004159",371979,2025-06-02 03:16:21,42.4889030456543,-8.9971752166748,"Female"
"9004159",371979,2025-06-02 03:21:21,42.4890098571777,-8.99691009521484,"Female"
"9004159",371979,2025-06-02 03:26:30,42.4889297485352,-8.9971170425415,"Female"
"9004159",371979,2025-06-02 03:31:23,42.4891357421875,-8.99695014953613,"Female"
"9004159",371979,2025-06-02 03:36:30,42.4889030456543,-8.99717617034912,"Female"
"9004159",371979,2025-06-02 03:41:30,42.4888114929199,-8.99724864959717,"Female"
"9004159",371979,2025-06-02 03:46:44,42.4888648986816,-8.99708652496338,"Female"
"9004159",371979,2025-06-02 03:51:22,42.4889335632324,-8.99706077575684,"Female"
"9004159",371979,2025-06-02 03:56:21,42.4891357421875,-8.99695110321045,"Female"
"9004159",371979,2025-06-02 04:01:25,42.4887390136719,-8.99722957611084,"Female"
"9004159",371979,2025-06-02 04:06:25,42.4890747070312,-8.99689674377441,"Female"
"9004159",371979,2025-06-02 04:11:24,42.488941192627,-8.9969596862793,"Female"
"9004159",371979,2025-06-02 04:16:23,42.4888610839844,-8.9968900680542,"Female"
"9004159",371979,2025-06-02 04:21:29,42.488655090332,-8.9973030090332,"Female"
"9004159",371979,2025-06-02 04:26:30,42.4889450073242,-8.99699401855469,"Female"
"9004159",371979,2025-06-02 04:31:53,42.4889144897461,-8.9969654083252,"Female"
"9004159",371979,2025-06-02 04:36:21,42.4889297485352,-8.99694347381592,"Female"
"9004159",371979,2025-06-02 04:41:21,42.4889030456543,-8.99701023101807,"Female"
"9004159",371979,2025-06-02 04:46:30,42.4890060424805,-8.99697685241699,"Female"
"9004159",371979,2025-06-02 04:51:28,42.4889221191406,-8.99700736999512,"Female"
"9004159",371979,2025-06-02 04:56:28,42.4889030456543,-8.99700736999512,"Female"
"9004159",371979,2025-06-02 05:01:31,42.4889030456543,-8.99713611602783,"Female"
"9004159",371979,2025-06-02 05:06:28,42.4889373779297,-8.99693393707275,"Female"
"9004159",371979,2025-06-02 05:11:30,42.4889717102051,-8.9970064163208,"Female"
"9004159",371979,2025-06-02 05:16:31,42.4889335632324,-8.99704360961914,"Female"
"9004159",371979,2025-06-02 05:21:32,42.4889335632324,-8.99699306488037,"Female"
"9004159",371979,2025-06-02 05:26:31,42.4889030456543,-8.99703788757324,"Female"
"9004159",371979,2025-06-02 05:31:34,42.488941192627,-8.99703502655029,"Female"
"9004159",371979,2025-06-02 05:36:36,42.4888877868652,-8.99701595306396,"Female"
"9004159",371979,2025-06-02 05:41:35,42.4888725280762,-8.99702930450439,"Female"
"9004159",371979,2025-06-02 05:46:45,42.4890022277832,-8.99686241149902,"Female"
"9004159",371979,2025-06-02 05:51:28,42.4888916015625,-8.99708461761475,"Female"
"9004159",371979,2025-06-02 05:56:28,42.4888725280762,-8.99703311920166,"Female"
"9004159",371979,2025-06-02 06:01:24,42.4887542724609,-8.99729347229004,"Female"
"9004159",371979,2025-06-02 06:06:28,42.4890213012695,-8.99710083007812,"Female"
"9004159",371979,2025-06-02 06:11:24,42.488956451416,-8.99711799621582,"Female"
"9004159",371979,2025-06-02 06:16:27,42.4889602661133,-8.99698352813721,"Female"
"9004159",371979,2025-06-02 06:21:30,42.4888000488281,-8.997145652771,"Female"
"9004159",371979,2025-06-02 06:26:36,42.488697052002,-8.99704551696777,"Female"
"9004159",371979,2025-06-02 06:31:59,42.4888763427734,-8.99704456329346,"Female"
"9004159",371979,2025-06-02 06:36:44,42.4888763427734,-8.99697017669678,"Female"
"9004159",371979,2025-06-02 06:41:23,42.488899230957,-8.99699306488037,"Female"
"9004159",371979,2025-06-02 06:46:24,42.4888458251953,-8.99687767028809,"Female"
"9004159",371979,2025-06-02 06:51:23,42.4888916015625,-8.99699687957764,"Female"
"9004159",371979,2025-06-02 06:56:28,42.4888610839844,-8.9969367980957,"Female"
"9004159",371979,2025-06-02 07:01:22,42.4888610839844,-8.99693965911865,"Female"
"9004159",371979,2025-06-02 07:06:27,42.4888763427734,-8.99702072143555,"Female"
"9004159",371979,2025-06-02 07:11:24,42.4889259338379,-8.99705982208252,"Female"
"9004159",371979,2025-06-02 07:16:44,42.4893455505371,-8.99685764312744,"Female"
"9004159",371979,2025-06-02 07:21:22,42.4898147583008,-8.99728965759277,"Female"
"9004159",371979,2025-06-02 07:26:21,42.4895133972168,-8.99688625335693,"Female"
"9004159",371979,2025-06-02 07:31:25,42.4893913269043,-8.99687194824219,"Female"
"9004159",371979,2025-06-02 07:36:25,42.489387512207,-8.99681186676025,"Female"
"9004159",371979,2025-06-02 07:41:22,42.4894180297852,-8.99687767028809,"Female"
"9004159",371979,2025-06-02 07:46:44,42.4893951416016,-8.99672889709473,"Female"
"9004159",371979,2025-06-02 07:51:25,42.4893989562988,-8.99673366546631,"Female"
"9004159",371979,2025-06-02 07:56:24,42.4893226623535,-8.99671459197998,"Female"
"9004159",371979,2025-06-02 08:01:27,42.4893493652344,-8.99670028686523,"Female"
"9004159",371979,2025-06-02 08:06:27,42.4894371032715,-8.99668788909912,"Female"
"9004159",371979,2025-06-02 08:11:52,42.4893989562988,-8.99681282043457,"Female"
"9004159",371979,2025-06-02 08:16:21,42.489387512207,-8.99678993225098,"Female"
"9004159",371979,2025-06-02 08:21:21,42.4894638061523,-8.99681854248047,"Female"
"9004159",371979,2025-06-02 08:26:22,42.4894180297852,-8.99679946899414,"Female"
"9004159",371979,2025-06-02 08:31:21,42.4894332885742,-8.99678611755371,"Female"
"9004159",371979,2025-06-02 08:36:25,42.489429473877,-8.99679946899414,"Female"
"9004159",371979,2025-06-02 08:41:25,42.4894905090332,-8.99680709838867,"Female"
"9004159",371979,2025-06-02 08:46:33,42.4894523620605,-8.99679088592529,"Female"
"9004159",371979,2025-06-02 08:51:34,42.4894409179688,-8.9968090057373,"Female"
"9004159",371979,2025-06-02 08:56:32,42.4894256591797,-8.99679183959961,"Female"
"9004159",371979,2025-06-02 09:01:25,42.4894371032715,-8.99675941467285,"Female"
"9004159",371979,2025-06-02 09:06:33,42.4893951416016,-8.99677658081055,"Female"
"9004159",371979,2025-06-02 09:11:32,42.4894142150879,-8.99676418304443,"Female"
"9004159",371979,2025-06-02 09:16:33,42.4894065856934,-8.99681091308594,"Female"
"9004159",371979,2025-06-02 09:21:34,42.4893798828125,-8.9968204498291,"Female"
"9004159",371979,2025-06-02 09:26:31,42.4893989562988,-8.99682331085205,"Female"
"9004159",371979,2025-06-02 09:31:44,42.4894027709961,-8.99678516387939,"Female"
"9004159",371979,2025-06-02 09:36:21,42.489444732666,-8.99691295623779,"Female"
"9004159",371979,2025-06-02 09:41:21,42.489444732666,-8.99688053131104,"Female"
"9004159",371979,2025-06-02 09:46:21,42.4894065856934,-8.99693775177002,"Female"
"9004159",371979,2025-06-02 09:51:27,42.4894218444824,-8.9968433380127,"Female"
"9004159",371979,2025-06-02 09:56:22,42.4894218444824,-8.99686908721924,"Female"
"9004159",371979,2025-06-02 10:01:27,42.4894218444824,-8.99704074859619,"Female"
"9004159",371979,2025-06-02 10:06:27,42.4893264770508,-8.99670028686523,"Female"
"9004159",371979,2025-06-02 10:11:53,42.4893569946289,-8.99695777893066,"Female"
"9004159",371979,2025-06-02 10:16:21,42.4893417358398,-8.99694156646729,"Female"
"9004159",371979,2025-06-02 10:21:30,42.4894866943359,-8.99700736999512,"Female"
"9004159",371979,2025-06-02 10:26:23,42.489559173584,-8.9970121383667,"Female"
"9004159",371979,2025-06-02 10:32:10,42.4970855712891,-9.00280094146729,"Female"
"9004159",371979,2025-06-02 10:37:12,42.4977416992188,-9.00261783599854,"Female"
"9004159",371979,2025-06-02 10:42:05,42.4983863830566,-9.00264549255371,"Female"
"9004159",371979,2025-06-02 10:47:13,42.5073356628418,-9.01943302154541,"Female"
"9004159",371979,2025-06-02 10:52:15,42.5074729919434,-9.02073383331299,"Female"
"9004159",371979,2025-06-02 10:57:13,42.5075874328613,-9.02220630645752,"Female"
"9004159",371979,2025-06-02 11:03:25,42.5063705444336,-9.02064990997314,"Female"
"9004159",371979,2025-06-02 11:13:44,42.5080261230469,-9.01919269561768,"Female"
"9004159",371979,2025-06-02 11:18:46,42.5069694519043,-9.01893901824951,"Female"
"9004159",371979,2025-06-02 11:23:48,42.5076446533203,-9.01884174346924,"Female"
"9004159",371979,2025-06-02 11:29:22,42.505558013916,-9.01828098297119,"Female"
"9004159",371979,2025-06-02 11:34:30,42.5039710998535,-9.01711082458496,"Female"
"9004159",371979,2025-06-02 11:40:00,42.5057487487793,-9.01717185974121,"Female"
"9004159",371979,2025-06-02 11:48:53,42.5041007995605,-9.01873016357422,"Female"
"9004159",371979,2025-06-02 11:53:21,42.5033760070801,-9.01920318603516,"Female"
"9004159",371979,2025-06-02 11:58:35,42.498664855957,-9.01460456848145,"Female"
"9004159",371979,2025-06-02 12:03:16,42.4986686706543,-9.01452445983887,"Female"
"9004159",371979,2025-06-02 12:08:15,42.4987182617188,-9.01443576812744,"Female"
"9004159",371979,2025-06-02 12:13:15,42.4987182617188,-9.01438140869141,"Female"
"9004159",371979,2025-06-02 12:18:17,42.4986305236816,-9.01460552215576,"Female"
"9004159",371979,2025-06-02 12:23:18,42.4987335205078,-9.01437854766846,"Female"
"9004159",371979,2025-06-02 12:28:18,42.4986610412598,-9.01451873779297,"Female"
"9004159",371979,2025-06-02 12:33:16,42.4986801147461,-9.01450061798096,"Female"
"9004159",371979,2025-06-02 12:38:21,42.4986572265625,-9.01449108123779,"Female"
"9004159",371979,2025-06-02 12:43:15,42.4986763000488,-9.01452732086182,"Female"
"9004159",371979,2025-06-02 12:48:15,42.4986000061035,-9.01455307006836,"Female"
"9004159",371979,2025-06-02 12:53:15,42.4986534118652,-9.01450538635254,"Female"
"9004159",371979,2025-06-02 12:58:15,42.4987144470215,-9.01452732086182,"Female"
"9004159",371979,2025-06-02 13:03:15,42.4986228942871,-9.01455402374268,"Female"
"9004159",371979,2025-06-02 13:08:15,42.4986534118652,-9.01452255249023,"Female"
"9004159",371979,2025-06-02 13:13:16,42.498664855957,-9.01453113555908,"Female"
"9004159",371979,2025-06-02 13:18:15,42.4986457824707,-9.0145378112793,"Female"
"9004159",371979,2025-06-02 13:23:15,42.4987258911133,-9.01448917388916,"Female"
"9004159",371979,2025-06-02 13:28:26,42.498664855957,-9.01454067230225,"Female"
"9004159",371979,2025-06-02 13:33:24,42.4986343383789,-9.01454162597656,"Female"
"9004159",371979,2025-06-02 13:38:16,42.4986686706543,-9.01453495025635,"Female"
"9004159",371979,2025-06-02 13:43:15,42.498607635498,-9.0145378112793,"Female"
"9004159",371979,2025-06-02 13:48:24,42.4986724853516,-9.01455688476562,"Female"
"9004159",371979,2025-06-02 13:53:15,42.4987030029297,-9.01454067230225,"Female"
"9004159",371979,2025-06-02 13:58:15,42.4987945556641,-9.01455211639404,"Female"
"9004159",371979,2025-06-02 14:03:16,42.4988098144531,-9.01454257965088,"Female"
"9004159",371979,2025-06-02 14:08:18,42.4988174438477,-9.01453590393066,"Female"
"9004159",371979,2025-06-02 14:13:17,42.4985542297363,-9.01453876495361,"Female"
"9004159",371979,2025-06-02 14:18:30,42.4987716674805,-9.01455020904541,"Female"
"9004159",371979,2025-06-02 14:23:35,42.4986877441406,-9.01452445983887,"Female"
"9004159",371979,2025-06-02 14:28:15,42.4986991882324,-9.01456356048584,"Female"
"9004159",371979,2025-06-02 14:33:15,42.498664855957,-9.01456451416016,"Female"
"9004159",371979,2025-06-02 14:38:16,42.4986457824707,-9.014573097229,"Female"
"9004159",371979,2025-06-02 14:43:15,42.4985847473145,-9.01456356048584,"Female"
"9004159",371979,2025-06-02 14:48:15,42.4986419677734,-9.01455211639404,"Female"
"9004159",371979,2025-06-02 14:53:16,42.4986419677734,-9.01458930969238,"Female"
"9004159",371979,2025-06-02 14:58:15,42.4985961914062,-9.01465225219727,"Female"
"9004159",371979,2025-06-02 15:03:15,42.4986610412598,-9.01456069946289,"Female"
"9004159",371979,2025-06-02 15:08:16,42.4985961914062,-9.01467227935791,"Female"
"9004159",371979,2025-06-02 15:13:15,42.498592376709,-9.01470756530762,"Female"
"9004159",371979,2025-06-02 15:18:16,42.4986038208008,-9.0146656036377,"Female"
"9004159",371979,2025-06-02 15:23:16,42.4985008239746,-9.01481151580811,"Female"
"9004159",371979,2025-06-02 15:28:15,42.4986915588379,-9.01454448699951,"Female"
"9004159",371979,2025-06-02 15:33:15,42.4986267089844,-9.01465702056885,"Female"
"9004159",371979,2025-06-02 15:38:15,42.4985656738281,-9.01472473144531,"Female"
"9004159",371979,2025-06-02 15:43:15,42.4986877441406,-9.01457595825195,"Female"
"9004159",371979,2025-06-02 15:48:15,42.498706817627,-9.01452350616455,"Female"
"9004159",371979,2025-06-02 15:53:17,42.4986419677734,-9.0145959854126,"Female"
"9004159",371979,2025-06-02 15:58:17,42.4985504150391,-9.01464557647705,"Female"
"9004159",371979,2025-06-02 16:03:35,42.498592376709,-9.01456737518311,"Female"
"9004159",371979,2025-06-02 16:08:15,42.4985466003418,-9.01454448699951,"Female"
"9004159",371979,2025-06-02 16:13:15,42.4986152648926,-9.01454639434814,"Female"
"9004159",371979,2025-06-02 16:18:15,42.4986267089844,-9.01456356048584,"Female"
"9004159",371979,2025-06-02 16:23:15,42.4986190795898,-9.01456928253174,"Female"
"9004159",371979,2025-06-02 16:28:15,42.498592376709,-9.01457691192627,"Female"
"9004159",371979,2025-06-02 16:33:15,42.4986801147461,-9.01470279693604,"Female"
"9004159",371979,2025-06-02 16:38:16,42.4987411499023,-9.01472091674805,"Female"
"9004159",371979,2025-06-02 16:43:16,42.4987716674805,-9.01466751098633,"Female"
"9004159",371979,2025-06-02 16:48:16,42.4986801147461,-9.01470470428467,"Female"
"9004159",371979,2025-06-02 16:53:15,42.4987335205078,-9.01473236083984,"Female"
"9004159",371979,2025-06-02 16:58:15,42.4986763000488,-9.01468753814697,"Female"
"9004159",371979,2025-06-02 17:03:15,42.4987106323242,-9.01472568511963,"Female"
"9004159",371979,2025-06-02 17:08:15,42.4987373352051,-9.01470851898193,"Female"
"9004159",371979,2025-06-02 17:13:15,42.4987602233887,-9.01475429534912,"Female"
"9004159",371979,2025-06-02 17:18:15,42.4987754821777,-9.01478481292725,"Female"
"9004159",371979,2025-06-02 17:23:15,42.4987907409668,-9.01476192474365,"Female"
"9004159",371979,2025-06-02 17:28:22,42.4986686706543,-9.01467514038086,"Female"
"9004159",371979,2025-06-02 17:33:16,42.5014152526855,-9.01629543304443,"Female"
"9004159",371979,2025-06-02 17:39:02,42.5009956359863,-9.01827907562256,"Female"
"9004159",371979,2025-06-02 17:44:01,42.5011444091797,-9.01904392242432,"Female"
"9004159",371979,2025-06-02 17:49:04,42.5048027038574,-9.01646327972412,"Female"
"9004159",371979,2025-06-02 17:54:47,42.5013122558594,-9.01566886901855,"Female"
"9004159",371979,2025-06-02 18:00:41,42.5021514892578,-9.01663017272949,"Female"
"9004159",371979,2025-06-02 18:05:38,42.5007019042969,-9.01191329956055,"Female"
"9004159",371979,2025-06-02 18:10:51,42.5010032653809,-9.01827430725098,"Female"
"9004159",371979,2025-06-02 18:16:13,42.5027198791504,-9.01618957519531,"Female"
"9004159",371979,2025-06-02 18:21:18,42.5007820129395,-9.01716613769531,"Female"
"9004159",371979,2025-06-02 18:26:18,42.5010604858398,-9.01834487915039,"Female"
"9004159",371979,2025-06-02 18:32:18,42.5002784729004,-9.01901531219482,"Female"
"9004159",371979,2025-06-02 18:37:36,42.5002822875977,-9.01928424835205,"Female"
"9004159",371979,2025-06-02 18:44:16,42.5000953674316,-9.0183629989624,"Female"
"9004159",371979,2025-06-02 18:49:22,42.4999885559082,-9.01827049255371,"Female"
"9004159",371979,2025-06-02 18:54:21,42.5001411437988,-9.01817607879639,"Female"
"9004159",371979,2025-06-02 18:59:22,42.500072479248,-9.01811981201172,"Female"
"9004159",371979,2025-06-02 19:04:30,42.5005302429199,-9.0181941986084,"Female"
"9004159",371979,2025-06-02 19:09:28,42.5002593994141,-9.01906490325928,"Female"
"9004159",371979,2025-06-02 19:14:29,42.5002136230469,-9.01915264129639,"Female"
"9004159",371979,2025-06-02 19:19:28,42.5002250671387,-9.01874446868896,"Female"
"9004159",371979,2025-06-02 19:24:28,42.5000419616699,-9.01861381530762,"Female"
"9004159",371979,2025-06-02 19:29:28,42.5002326965332,-9.01841354370117,"Female"
"9004159",371979,2025-06-02 19:34:27,42.4999656677246,-9.01832008361816,"Female"
"9004159",371979,2025-06-02 19:40:33,42.5001220703125,-9.01838111877441,"Female"
"9004159",371979,2025-06-02 19:45:36,42.5012283325195,-9.01876544952393,"Female"
"9004159",371979,2025-06-02 19:50:33,42.4891891479492,-8.9972972869873,"Female"
"9004159",371979,2025-06-02 19:55:37,42.4889755249023,-8.99714756011963,"Female"
"9004159",371979,2025-06-02 20:00:43,42.4890670776367,-8.99701404571533,"Female"
"9004159",371979,2025-06-02 20:05:37,42.4890632629395,-8.99706363677979,"Female"
"9004159",371979,2025-06-02 20:10:32,42.4890632629395,-8.99720287322998,"Female"
"9004159",371979,2025-06-02 20:15:32,42.4890441894531,-8.99701499938965,"Female"
"9004159",371979,2025-06-02 20:20:38,42.4889373779297,-8.99695682525635,"Female"
"9004159",371979,2025-06-02 20:25:33,42.4890480041504,-8.9971170425415,"Female"
"9004159",371979,2025-06-02 20:30:40,42.4889793395996,-8.99701690673828,"Female"
"9004159",371979,2025-06-02 20:35:32,42.4890747070312,-8.99708652496338,"Female"
"9004159",371979,2025-06-02 20:40:36,42.4890632629395,-8.99698352813721,"Female"
"9004159",371979,2025-06-02 20:45:32,42.4890480041504,-8.99714660644531,"Female"
"9004159",371979,2025-06-02 20:50:34,42.4891128540039,-8.99734783172607,"Female"
"9004159",371979,2025-06-02 20:55:36,42.4890556335449,-8.99712371826172,"Female"
"9004159",371979,2025-06-02 21:00:32,42.4890403747559,-8.99711513519287,"Female"
"9004159",371979,2025-06-02 21:05:32,42.4891166687012,-8.99710941314697,"Female"
"9004159",371979,2025-06-02 21:10:33,42.4890480041504,-8.99704837799072,"Female"
"9004159",371979,2025-06-02 21:16:05,42.4890365600586,-8.99706554412842,"Female"
"9004159",371979,2025-06-02 21:20:32,42.4890747070312,-8.99709510803223,"Female"
"9004159",371979,2025-06-02 21:25:32,42.4890594482422,-8.9970588684082,"Female"
"9004159",371979,2025-06-02 21:30:32,42.4890785217285,-8.99711513519287,"Female"
"9004159",371979,2025-06-02 21:35:32,42.4890518188477,-8.99713230133057,"Female"
"9004159",371979,2025-06-02 21:40:32,42.4890670776367,-8.99709510803223,"Female"
"9004159",371979,2025-06-02 21:45:32,42.4890518188477,-8.99703311920166,"Female"
"9004159",371979,2025-06-02 21:50:32,42.4890174865723,-8.99708557128906,"Female"
"9004159",371979,2025-06-02 21:55:32,42.4889678955078,-8.99712657928467,"Female"
"9004159",371979,2025-06-02 22:00:33,42.4890632629395,-8.99706649780273,"Female"
"9004159",371979,2025-06-02 22:05:33,42.489086151123,-8.99711036682129,"Female"
"9004159",371979,2025-06-02 22:10:33,42.4890060424805,-8.99717998504639,"Female"
"9004159",371979,2025-06-02 22:15:34,42.4890327453613,-8.99712467193604,"Female"
"9004159",371979,2025-06-02 22:20:33,42.4889945983887,-8.99710273742676,"Female"
"9004159",371979,2025-06-02 22:25:33,42.4890594482422,-8.99709415435791,"Female"
"9004159",371979,2025-06-02 22:30:32,42.4892272949219,-8.99708557128906,"Female"
"9004159",371979,2025-06-02 22:35:33,42.4890899658203,-8.99717903137207,"Female"
"9004159",371979,2025-06-02 22:40:32,42.4890213012695,-8.99713325500488,"Female"
"9004159",371979,2025-06-02 22:45:32,42.4890403747559,-8.99706745147705,"Female"
"9004159",371979,2025-06-02 22:50:36,42.4890289306641,-8.99710559844971,"Female"
"9004159",371979,2025-06-02 22:55:34,42.4890632629395,-8.9972505569458,"Female"
"9004159",371979,2025-06-02 23:00:37,42.4891090393066,-8.99732208251953,"Female"
"9004159",371979,2025-06-02 23:05:37,42.489013671875,-8.99716377258301,"Female"
"9004159",371979,2025-06-02 23:10:38,42.4890098571777,-8.99721622467041,"Female"
"9004159",371979,2025-06-02 23:15:38,42.4889640808105,-8.99707126617432,"Female"
"9004159",371979,2025-06-02 23:20:44,42.4890823364258,-8.99737167358398,"Female"
"9004159",371979,2025-06-02 23:25:34,42.4891242980957,-8.99718952178955,"Female"
"9004159",371979,2025-06-02 23:30:44,42.4890289306641,-8.99710655212402,"Female"
"9004159",371979,2025-06-02 23:35:33,42.4890480041504,-8.99725914001465,"Female"
"9004159",371979,2025-06-02 23:40:36,42.4890213012695,-8.99699211120605,"Female"
"9004159",371979,2025-06-02 23:45:37,42.4890098571777,-8.99696350097656,"Female"
"9004159",371979,2025-06-02 23:50:34,42.4890251159668,-8.99689769744873,"Female"
"9004159",371979,2025-06-02 23:55:39,42.4892616271973,-8.9975700378418,"Female"
"9004159",371979,2025-06-03 00:00:37,42.4890365600586,-8.99691486358643,"Female"
"9004159",371979,2025-06-03 00:05:39,42.4890594482422,-8.99704456329346,"Female"
"9004159",371979,2025-06-03 00:10:37,42.4889869689941,-8.99689865112305,"Female"
"9004159",371979,2025-06-03 00:16:05,42.489013671875,-8.99705123901367,"Female"
"9004159",371979,2025-06-03 00:20:32,42.4890441894531,-8.99720096588135,"Female"
"9004159",371979,2025-06-03 00:25:32,42.4890327453613,-8.997145652771,"Female"
"9004159",371979,2025-06-03 00:30:32,42.4890060424805,-8.99714946746826,"Female"
"9004159",371979,2025-06-03 00:35:32,42.4889717102051,-8.99713897705078,"Female"
"9004159",371979,2025-06-03 00:40:32,42.4890289306641,-8.99719429016113,"Female"
"9004159",371979,2025-06-03 00:45:32,42.4890213012695,-8.99720001220703,"Female"
"9004159",371979,2025-06-03 00:50:32,42.4890251159668,-8.99715518951416,"Female"
"9004159",371979,2025-06-03 00:55:33,42.4890251159668,-8.99721813201904,"Female"
"9004159",371979,2025-06-03 01:00:32,42.4890365600586,-8.99710273742676,"Female"
"9004159",371979,2025-06-03 01:05:32,42.4891510009766,-8.99720573425293,"Female"
"9004159",371979,2025-06-03 01:10:33,42.4890441894531,-8.99725532531738,"Female"
"9004159",371979,2025-06-03 01:15:33,42.4891204833984,-8.99733924865723,"Female"
"9004159",371979,2025-06-03 01:20:33,42.4890365600586,-8.99709606170654,"Female"
"9004159",371979,2025-06-03 01:25:32,42.4890937805176,-8.99742889404297,"Female"
"9004159",371979,2025-06-03 01:30:33,42.4890327453613,-8.99720573425293,"Female"
"9004159",371979,2025-06-03 01:35:33,42.4892272949219,-8.99734401702881,"Female"
"9004159",371979,2025-06-03 01:40:36,42.4891510009766,-8.99723339080811,"Female"
"9004159",371979,2025-06-03 01:45:32,42.489143371582,-8.99722003936768,"Female"
"9004159",371979,2025-06-03 01:50:44,42.4890556335449,-8.99715137481689,"Female"
"9004159",371979,2025-06-03 01:55:39,42.4890747070312,-8.99706363677979,"Female"
"9004159",371979,2025-06-03 02:00:40,42.4890441894531,-8.99705791473389,"Female"
"9004159",371979,2025-06-03 02:05:37,42.4891510009766,-8.99716472625732,"Female"
"9004159",371979,2025-06-03 02:10:32,42.4890975952148,-8.9970703125,"Female"
"9004159",371979,2025-06-03 02:15:32,42.4889678955078,-8.99705410003662,"Female"
"9004159",371979,2025-06-03 02:20:34,42.4891166687012,-8.99716186523438,"Female"
"9004159",371979,2025-06-03 02:25:33,42.4891471862793,-8.99703121185303,"Female"
"9004159",371979,2025-06-03 02:30:32,42.4890747070312,-8.99720191955566,"Female"
"9004159",371979,2025-06-03 02:35:33,42.4891662597656,-8.99737548828125,"Female"
"9004159",371979,2025-06-03 02:40:38,42.4890556335449,-8.99727439880371,"Female"
"9004159",371979,2025-06-03 02:45:46,42.4891242980957,-8.99724006652832,"Female"
"9004159",371979,2025-06-03 02:50:34,42.4891815185547,-8.99726295471191,"Female"
"9004159",371979,2025-06-03 02:55:32,42.4890060424805,-8.99704647064209,"Female"
"9004159",371979,2025-06-03 03:00:33,42.4890518188477,-8.99711132049561,"Female"
"9004159",371979,2025-06-03 03:05:32,42.4889869689941,-8.9970006942749,"Female"
"9004159",371979,2025-06-03 03:10:33,42.4889068603516,-8.99694442749023,"Female"
"9004159",371979,2025-06-03 03:15:36,42.4890747070312,-8.99722480773926,"Female"
"9004159",371979,2025-06-03 03:20:33,42.4889793395996,-8.99697971343994,"Female"
"9004159",371979,2025-06-03 03:25:33,42.4888343811035,-8.99682903289795,"Female"
"9004159",371979,2025-06-03 03:31:05,42.4890823364258,-8.9970760345459,"Female"
"9004159",371979,2025-06-03 03:35:32,42.4890632629395,-8.99708461761475,"Female"
"9004159",371979,2025-06-03 03:40:32,42.4891204833984,-8.99712467193604,"Female"
"9004159",371979,2025-06-03 03:45:32,42.4891166687012,-8.99708557128906,"Female"
"9004159",371979,2025-06-03 03:50:32,42.4890289306641,-8.99710655212402,"Female"
"9004159",371979,2025-06-03 03:55:34,42.4891395568848,-8.9970064163208,"Female"
"9004159",371979,2025-06-03 04:00:33,42.4890403747559,-8.99708461761475,"Female"
"9004159",371979,2025-06-03 04:05:33,42.4890213012695,-8.99716854095459,"Female"
"9004159",371979,2025-06-03 04:10:34,42.4890251159668,-8.99706363677979,"Female"
"9004159",371979,2025-06-03 04:15:43,42.4891471862793,-8.9971866607666,"Female"
"9004159",371979,2025-06-03 04:20:36,42.4890670776367,-8.99704360961914,"Female"
"9004159",371979,2025-06-03 04:25:36,42.489070892334,-8.99711513519287,"Female"
"9004159",371979,2025-06-03 04:30:34,42.4891815185547,-8.9972562789917,"Female"
"9004159",371979,2025-06-03 04:35:34,42.4890251159668,-8.99708461761475,"Female"
"9004159",371979,2025-06-03 04:40:37,42.4891052246094,-8.99714183807373,"Female"
"9004159",371979,2025-06-03 04:45:45,42.4889945983887,-8.99702835083008,"Female"
"9004159",371979,2025-06-03 04:50:34,42.4889755249023,-8.99698162078857,"Female"
"9004159",371979,2025-06-03 04:55:34,42.4890747070312,-8.99708461761475,"Female"
"9004159",371979,2025-06-03 05:01:29,42.489013671875,-8.99703979492188,"Female"
"9004159",371979,2025-06-03 05:05:34,42.4890480041504,-8.99705028533936,"Female"
"9004159",371979,2025-06-03 05:10:34,42.4889717102051,-8.99705696105957,"Female"
"9004159",371979,2025-06-03 05:15:32,42.4889755249023,-8.99702739715576,"Female"
"9004159",371979,2025-06-03 05:20:33,42.4890518188477,-8.99721050262451,"Female"
"9004159",371979,2025-06-03 05:25:37,42.4890174865723,-8.99711036682129,"Female"
"9004159",371979,2025-06-03 05:30:45,42.489086151123,-8.99727058410645,"Female"
"9004159",371979,2025-06-03 05:35:44,42.4891052246094,-8.99733924865723,"Female"
"9004159",371979,2025-06-03 05:40:37,42.4890785217285,-8.99712753295898,"Female"
"9004159",371979,2025-06-03 05:45:39,42.4890327453613,-8.99712181091309,"Female"
"9004159",371979,2025-06-03 05:50:42,42.488883972168,-8.99696922302246,"Female"
"9004159",371979,2025-06-03 05:55:39,42.4890480041504,-8.99709224700928,"Female"
"9004159",371979,2025-06-03 06:00:39,42.4890747070312,-8.99722194671631,"Female"
"9004159",371979,2025-06-03 06:05:39,42.4890823364258,-8.99722290039062,"Female"
"9004159",371979,2025-06-03 06:10:39,42.4889450073242,-8.99721527099609,"Female"
"9004159",371979,2025-06-03 06:15:39,42.4890480041504,-8.99723815917969,"Female"
"9004159",371979,2025-06-03 06:20:39,42.4890327453613,-8.99734592437744,"Female"
"9004159",371979,2025-06-03 06:25:39,42.4889526367188,-8.9972448348999,"Female"
"9004159",371979,2025-06-03 06:30:39,42.4890174865723,-8.99724960327148,"Female"
"9004159",371979,2025-06-03 06:36:05,42.4891395568848,-8.99725532531738,"Female"
"9004159",371979,2025-06-03 06:40:34,42.4892158508301,-8.99730777740479,"Female"
"9004159",371979,2025-06-03 06:46:05,42.488956451416,-8.99702548980713,"Female"
"9004159",371979,2025-06-03 06:50:32,42.4890518188477,-8.99701023101807,"Female"
"9004159",371979,2025-06-03 06:55:33,42.4890594482422,-8.99705696105957,"Female"
"9004159",371979,2025-06-03 07:00:32,42.4890174865723,-8.99703598022461,"Female"
"9004159",371979,2025-06-03 07:05:32,42.4890975952148,-8.99712371826172,"Female"
"9004159",371979,2025-06-03 07:10:32,42.4890747070312,-8.99703788757324,"Female"
"9004159",371979,2025-06-03 07:15:32,42.4891357421875,-8.99704933166504,"Female"
"9004159",371979,2025-06-03 07:20:33,42.489070892334,-8.99704647064209,"Female"
"9004159",371979,2025-06-03 07:25:32,42.4890403747559,-8.9970817565918,"Female"
"9004159",371979,2025-06-03 07:30:32,42.4890747070312,-8.99708843231201,"Female"
"9004159",371979,2025-06-03 07:35:33,42.4892387390137,-8.99722576141357,"Female"
"9004159",371979,2025-06-03 07:40:32,42.489128112793,-8.99707126617432,"Female"
"9004159",371979,2025-06-03 07:45:33,42.4891357421875,-8.99704742431641,"Female"
"9004159",371979,2025-06-03 07:50:32,42.4892349243164,-8.99707317352295,"Female"
"9004159",371979,2025-06-03 07:55:32,42.4891700744629,-8.9970817565918,"Female"
"9004159",371979,2025-06-03 08:00:32,42.489128112793,-8.99709320068359,"Female"
"9004159",371979,2025-06-03 08:05:32,42.4891357421875,-8.99709987640381,"Female"
"9004159",371979,2025-06-03 08:10:32,42.4891014099121,-8.99713230133057,"Female"
"9004159",371979,2025-06-03 08:15:34,42.4969749450684,-9.00275230407715,"Female"
"9004159",371979,2025-06-03 08:20:33,42.4978370666504,-9.00246906280518,"Female"
"9004159",371979,2025-06-03 08:25:32,42.5052452087402,-9.00852489471436,"Female"
"9004159",371979,2025-06-03 08:30:32,42.505241394043,-9.00856781005859,"Female"
"9004159",371979,2025-06-03 08:35:33,42.5052528381348,-9.00855445861816,"Female"
"9004159",371979,2025-06-03 08:40:34,42.5057029724121,-9.01445198059082,"Female"
"9004159",371979,2025-06-03 08:45:34,42.5059509277344,-9.01600933074951,"Female"
"9004159",371979,2025-06-03 08:50:33,42.5164604187012,-9.03359699249268,"Female"
"9004159",371979,2025-06-03 08:55:33,42.5412902832031,-9.05122470855713,"Female"
"9004159",371979,2025-06-03 09:00:33,42.5432243347168,-9.05185985565186,"Female"
"9004159",371979,2025-06-03 09:05:32,42.5416831970215,-9.05622386932373,"Female"
"9004159",371979,2025-06-03 09:10:34,42.5410957336426,-9.05468845367432,"Female"
"9004159",371979,2025-06-03 09:15:33,42.5401268005371,-9.05569648742676,"Female"
"9004159",371979,2025-06-03 09:20:33,42.5376625061035,-9.0566520690918,"Female"
"9004159",371979,2025-06-03 09:25:36,42.5377616882324,-9.05463314056396,"Female"
"9004159",371979,2025-06-03 09:32:29,42.5357360839844,-9.05465412139893,"Female"
"9004159",371979,2025-06-03 09:36:51,42.5341300964355,-9.05384731292725,"Female"
"9004159",371979,2025-06-03 09:43:03,42.5349082946777,-9.05252838134766,"Female"
"9004159",371979,2025-06-03 09:48:02,42.5365028381348,-9.05330848693848,"Female"
"9004159",371979,2025-06-03 09:53:18,42.5381469726562,-9.05429744720459,"Female"
"9004159",371979,2025-06-03 09:58:17,42.5395202636719,-9.05940246582031,"Female"
"9004159",371979,2025-06-03 10:03:22,42.5447463989258,-9.06040954589844,"Female"
"9004159",371979,2025-06-03 10:08:17,42.5449714660645,-9.05054187774658,"Female"
"9004159",371979,2025-06-03 10:13:45,42.5447959899902,-9.04852104187012,"Female"
"9004159",371979,2025-06-03 10:18:45,42.543212890625,-9.04932975769043,"Female"
"9004159",371979,2025-06-03 10:24:30,42.5354614257812,-9.05245304107666,"Female"
"9004159",371979,2025-06-03 10:30:16,42.5334053039551,-9.05288791656494,"Female"
"9004159",371979,2025-06-03 10:35:13,42.5345344543457,-9.05431938171387,"Female"
"9004159",371979,2025-06-03 10:40:12,42.5385894775391,-9.06610298156738,"Female"
"9004159",371979,2025-06-03 10:45:13,42.5408363342285,-9.06683731079102,"Female"
"9004159",371979,2025-06-03 10:50:12,42.5480766296387,-9.06409072875977,"Female"
"9004159",371979,2025-06-03 10:55:34,42.5483436584473,-9.0668773651123,"Female"
"9004159",371979,2025-06-03 11:01:52,42.5605850219727,-9.06415176391602,"Female"
"9004159",371979,2025-06-03 11:09:27,42.5607070922852,-9.06262302398682,"Female"
"9004159",371979,2025-06-03 11:14:37,42.562614440918,-9.06188583374023,"Female"
"9004159",371979,2025-06-03 11:20:20,42.5627098083496,-9.06359481811523,"Female"
"9004159",371979,2025-06-03 11:26:16,42.5622024536133,-9.06417369842529,"Female"
"9004159",371979,2025-06-03 11:31:16,42.5481262207031,-9.06091403961182,"Female"
"9004159",371979,2025-06-03 11:39:39,42.5471534729004,-9.06025886535645,"Female"
"9004159",371979,2025-06-03 11:45:51,42.546745300293,-9.06108951568604,"Female"
"9004159",371979,2025-06-03 11:56:36,42.5464172363281,-9.06137752532959,"Female"
"9004159",371979,2025-06-03 12:01:26,42.5463638305664,-9.06154823303223,"Female"
"9004159",371979,2025-06-03 12:06:25,42.5352935791016,-9.04310607910156,"Female"
"9004159",371979,2025-06-03 12:11:29,42.5353622436523,-9.04321956634521,"Female"
"9004159",371979,2025-06-03 12:16:26,42.5353584289551,-9.04322338104248,"Female"
"9004159",371979,2025-06-03 12:21:26,42.5353317260742,-9.04322910308838,"Female"
"9004159",371979,2025-06-03 12:26:27,42.5353355407715,-9.04311275482178,"Female"
"9004159",371979,2025-06-03 12:31:26,42.5353355407715,-9.04310607910156,"Female"
"9004159",371979,2025-06-03 12:36:26,42.5352973937988,-9.04316520690918,"Female"
"9004159",371979,2025-06-03 12:41:25,42.535343170166,-9.04322052001953,"Female"
"9004159",371979,2025-06-03 12:46:26,42.5354042053223,-9.04321002960205,"Female"
"9004159",371979,2025-06-03 12:51:27,42.5353736877441,-9.0432071685791,"Female"
"9004159",371979,2025-06-03 12:56:29,42.534984588623,-9.04297256469727,"Female"
"9004159",371979,2025-06-03 13:01:33,42.5353012084961,-9.04310894012451,"Female"
"9004159",371979,2025-06-03 13:06:26,42.5353164672852,-9.0431604385376,"Female"
"9004159",371979,2025-06-03 13:11:30,42.5349998474121,-9.04288768768311,"Female"
"9004159",371979,2025-06-03 13:16:26,42.5357322692871,-9.0435266494751,"Female"
"9004159",371979,2025-06-03 13:21:26,42.5358657836914,-9.04372119903564,"Female"
"9004159",371979,2025-06-03 13:26:25,42.5359115600586,-9.04375839233398,"Female"
"9004159",371979,2025-06-03 13:31:26,42.5347213745117,-9.04254245758057,"Female"
"9004159",371979,2025-06-03 13:36:25,42.5357208251953,-9.04348754882812,"Female"
"9004159",371979,2025-06-03 13:41:25,42.5416259765625,-9.0496654510498,"Female"
"9004159",371979,2025-06-03 13:46:28,42.5429382324219,-9.05976390838623,"Female"
"9004159",371979,2025-06-03 13:52:35,42.5459136962891,-9.06214809417725,"Female"
"9004159",371979,2025-06-03 13:57:37,42.5456161499023,-9.06073951721191,"Female"
"9004159",371979,2025-06-03 14:02:36,42.5456771850586,-9.05999279022217,"Female"
"9004159",371979,2025-06-03 14:07:37,42.5460357666016,-9.05877208709717,"Female"
"9004159",371979,2025-06-03 14:13:14,42.5469665527344,-9.06047344207764,"Female"
"9004159",371979,2025-06-03 14:18:18,42.5486145019531,-9.06118011474609,"Female"
"9004159",371979,2025-06-03 14:25:21,42.5500335693359,-9.06052112579346,"Female"
"9004159",371979,2025-06-03 14:29:21,42.5501098632812,-9.06316947937012,"Female"
"9004159",371979,2025-06-03 14:34:18,42.5490837097168,-9.06288623809814,"Female"
"9004159",371979,2025-06-03 14:39:44,42.5456008911133,-9.06468963623047,"Female"
"9004159",371979,2025-06-03 14:44:16,42.5447578430176,-9.06481838226318,"Female"
"9004159",371979,2025-06-03 14:49:55,42.5438194274902,-9.06515693664551,"Female"
"9004159",371979,2025-06-03 14:54:55,42.542781829834,-9.06531429290771,"Female"
"9004159",371979,2025-06-03 14:59:55,42.529468536377,-9.05079555511475,"Female"
"9004159",371979,2025-06-03 15:04:59,42.5082550048828,-9.03557395935059,"Female"
"9004159",371979,2025-06-03 15:10:01,42.5081596374512,-9.03575134277344,"Female"
"9004159",371979,2025-06-03 15:14:58,42.5081253051758,-9.03572654724121,"Female"
"9004159",371979,2025-06-03 15:19:56,42.508129119873,-9.03572082519531,"Female"
"9004159",371979,2025-06-03 15:24:58,42.5081596374512,-9.03564739227295,"Female"
"9004159",371979,2025-06-03 15:30:16,42.5081558227539,-9.03582191467285,"Female"
"9004159",371979,2025-06-03 15:34:55,42.5081443786621,-9.03591156005859,"Female"
"9004159",371979,2025-06-03 15:39:54,42.5081481933594,-9.03580188751221,"Female"
"9004159",371979,2025-06-03 15:44:54,42.5081748962402,-9.03594398498535,"Female"
"9004159",371979,2025-06-03 15:49:59,42.5081329345703,-9.03592014312744,"Female"
"9004159",371979,2025-06-03 15:54:58,42.5000495910645,-9.03310680389404,"Female"
"9004159",371979,2025-06-03 16:00:09,42.500560760498,-9.01769256591797,"Female"
"9004159",371979,2025-06-03 16:06:00,42.5020713806152,-9.01990127563477,"Female"
"9004159",371979,2025-06-03 16:11:54,42.5047264099121,-9.02069759368896,"Female"
"9004159",371979,2025-06-03 16:21:46,42.5052871704102,-9.0173454284668,"Female"
"9004159",371979,2025-06-03 16:29:19,42.5070419311523,-9.01897430419922,"Female"
"9004159",371979,2025-06-03 16:34:19,42.5065078735352,-9.02093029022217,"Female"
"9004159",371979,2025-06-03 16:41:43,42.504638671875,-9.01993083953857,"Female"
"9004159",371979,2025-06-03 16:52:23,42.4999885559082,-9.01670360565186,"Female"
"9004159",371979,2025-06-03 16:56:18,42.4985580444336,-9.01502704620361,"Female"
"9004159",371979,2025-06-03 17:01:35,42.4986610412598,-9.0146369934082,"Female"
"9004159",371979,2025-06-03 17:06:13,42.4985961914062,-9.01488494873047,"Female"
"9004159",371979,2025-06-03 17:11:25,42.4986038208008,-9.01456642150879,"Female"
"9004159",371979,2025-06-03 17:16:30,42.4984703063965,-9.01500225067139,"Female"
"9004159",371979,2025-06-03 17:21:24,42.4986000061035,-9.01515293121338,"Female"
"9004159",371979,2025-06-03 17:26:44,42.4986610412598,-9.01458835601807,"Female"
"9004159",371979,2025-06-03 17:31:15,42.4986267089844,-9.01450824737549,"Female"
"9004159",371979,2025-06-03 17:36:12,42.4985008239746,-9.01462554931641,"Female"
"9004159",371979,2025-06-03 17:41:12,42.4988555908203,-9.01469230651855,"Female"
"9004159",371979,2025-06-03 17:46:44,42.4987144470215,-9.01462364196777,"Female"
"9004159",371979,2025-06-03 17:51:11,42.4987525939941,-9.01468276977539,"Female"
"9004159",371979,2025-06-03 17:56:12,42.4985122680664,-9.01457500457764,"Female"
"9004159",371979,2025-06-03 18:01:12,42.4987983703613,-9.01466846466064,"Female"
"9004159",371979,2025-06-03 18:06:11,42.4986190795898,-9.0145959854126,"Female"
"9004159",371979,2025-06-03 18:11:31,42.4986572265625,-9.01461124420166,"Female"
"9004159",371979,2025-06-03 18:16:11,42.4987030029297,-9.01462268829346,"Female"
"9004159",371979,2025-06-03 18:21:11,42.4986419677734,-9.01459312438965,"Female"
"9004159",371979,2025-06-03 18:26:12,42.498706817627,-9.01466274261475,"Female"
"9004159",371979,2025-06-03 18:31:11,42.4986686706543,-9.01461410522461,"Female"
"9004159",371979,2025-06-03 18:36:11,42.4986686706543,-9.01460456848145,"Female"
"9004159",371979,2025-06-03 18:41:13,42.498664855957,-9.01461601257324,"Female"
"9004159",371979,2025-06-03 18:46:12,42.4986267089844,-9.01461029052734,"Female"
"9004159",371979,2025-06-03 18:51:13,42.4986457824707,-9.01460742950439,"Female"
"9004159",371979,2025-06-03 18:56:11,42.4986152648926,-9.01464462280273,"Female"
"9004159",371979,2025-06-03 19:01:15,42.4972839355469,-9.01449680328369,"Female"
"9004159",371979,2025-06-03 19:06:11,42.4888114929199,-8.99710178375244,"Female"
"9004159",371979,2025-06-03 19:11:13,42.4889907836914,-8.99699878692627,"Female"
"9004159",371979,2025-06-03 19:16:15,42.4890899658203,-8.99713230133057,"Female"
"9004159",371979,2025-06-03 19:21:15,42.4887084960938,-8.99681377410889,"Female"
"9004159",371979,2025-06-03 19:26:13,42.4886016845703,-8.99673175811768,"Female"
"9004159",371979,2025-06-03 19:31:12,42.4889373779297,-8.99709129333496,"Female"
"9004159",371979,2025-06-03 19:36:14,42.489013671875,-8.99709796905518,"Female"
"9004159",371979,2025-06-03 19:41:14,42.4890098571777,-8.9971399307251,"Female"
"9004159",371979,2025-06-03 19:46:13,42.4889869689941,-8.99711894989014,"Female"
"9004159",371979,2025-06-03 19:51:12,42.4889526367188,-8.99712944030762,"Female"
"9004159",371979,2025-06-03 19:56:12,42.4889869689941,-8.99704647064209,"Female"
"9004159",371979,2025-06-03 20:01:16,42.4891548156738,-8.99684906005859,"Female"
"9004159",371979,2025-06-03 20:06:12,42.488956451416,-8.99705410003662,"Female"
"9004159",371979,2025-06-03 20:11:14,42.4889793395996,-8.9970874786377,"Female"
"9004159",371979,2025-06-03 20:16:12,42.489086151123,-8.99710369110107,"Female"
"9004159",371979,2025-06-03 20:21:13,42.489013671875,-8.99710178375244,"Female"
"9004159",371979,2025-06-03 20:26:24,42.4891128540039,-8.99729156494141,"Female"
"9004159",371979,2025-06-03 20:31:13,42.4890441894531,-8.99709415435791,"Female"
"9004159",371979,2025-06-03 20:36:14,42.4890518188477,-8.99707508087158,"Female"
"9004159",371979,2025-06-03 20:41:12,42.489086151123,-8.99713134765625,"Female"
"9004159",371979,2025-06-03 20:46:14,42.4891090393066,-8.9972038269043,"Female"
"9004159",371979,2025-06-03 20:51:12,42.4890785217285,-8.99711418151855,"Female"
"9004159",371979,2025-06-03 20:56:12,42.489070892334,-8.99708271026611,"Female"
"9004159",371979,2025-06-03 21:01:12,42.4891052246094,-8.99711513519287,"Female"
"9004159",371979,2025-06-03 21:06:13,42.4890632629395,-8.99714374542236,"Female"
"9004159",371979,2025-06-03 21:11:13,42.4890670776367,-8.99712085723877,"Female"
"9004159",371979,2025-06-03 21:16:14,42.4890594482422,-8.99724578857422,"Female"
"9004159",371979,2025-06-03 21:21:16,42.4890441894531,-8.99707794189453,"Female"
"9004159",371979,2025-06-03 21:26:35,42.4890022277832,-8.99706077575684,"Female"
"9004159",371979,2025-06-03 21:31:12,42.489086151123,-8.99704360961914,"Female"
"9004159",371979,2025-06-03 21:36:11,42.4890747070312,-8.99708080291748,"Female"
"9004159",371979,2025-06-03 21:41:12,42.4890403747559,-8.99708461761475,"Female"
"9004159",371979,2025-06-03 21:46:12,42.4890823364258,-8.99709033966064,"Female"
"9004159",371979,2025-06-03 21:51:12,42.4891586303711,-8.99710083007812,"Female"
"9004159",371979,2025-06-03 21:56:13,42.4890480041504,-8.99712085723877,"Female"
"9004159",371979,2025-06-03 22:01:15,42.4890480041504,-8.9970703125,"Female"
"9004159",371979,2025-06-03 22:06:12,42.489070892334,-8.99710941314697,"Female"
"9004159",371979,2025-06-03 22:11:15,42.4889984130859,-8.99714660644531,"Female"
"9004159",371979,2025-06-03 22:16:15,42.4889526367188,-8.99707126617432,"Female"
"9004159",371979,2025-06-03 22:21:13,42.4890823364258,-8.99706554412842,"Female"
"9004159",371979,2025-06-03 22:26:13,42.4890975952148,-8.99706840515137,"Female"
"9004159",371979,2025-06-03 22:31:13,42.4889640808105,-8.99708938598633,"Female"
"9004159",371979,2025-06-03 22:36:14,42.4890327453613,-8.99704933166504,"Female"
"9004159",371979,2025-06-03 22:41:15,42.4890213012695,-8.99704360961914,"Female"
"9004159",371979,2025-06-03 22:46:16,42.4890823364258,-8.99704074859619,"Female"
"9004159",371979,2025-06-03 22:51:13,42.4890480041504,-8.99703311920166,"Female"
"9004159",371979,2025-06-03 22:56:13,42.4891090393066,-8.99708557128906,"Female"
"9004159",371979,2025-06-03 23:01:13,42.4890441894531,-8.99703311920166,"Female"
"9004159",371979,2025-06-03 23:06:13,42.488956451416,-8.99707221984863,"Female"
"9004159",371979,2025-06-03 23:11:12,42.4889450073242,-8.99694156646729,"Female"
"9004159",371979,2025-06-03 23:16:12,42.488956451416,-8.99700927734375,"Female"
"9004159",371979,2025-06-03 23:21:12,42.4889488220215,-8.99704647064209,"Female"
"9004159",371979,2025-06-03 23:26:12,42.4890022277832,-8.99695587158203,"Female"
"9004159",371979,2025-06-03 23:31:12,42.4889945983887,-8.99705791473389,"Female"
"9004159",371979,2025-06-03 23:36:13,42.4889450073242,-8.99699974060059,"Female"
"9004159",371979,2025-06-03 23:41:12,42.4889297485352,-8.99700832366943,"Female"
"9004159",371979,2025-06-03 23:46:12,42.4889717102051,-8.99699115753174,"Female"
"9004159",371979,2025-06-03 23:51:12,42.4890594482422,-8.99699592590332,"Female"
"9004159",371979,2025-06-03 23:56:13,42.4889869689941,-8.99697494506836,"Female"
"9004159",371979,2025-06-04 00:01:12,42.4890365600586,-8.99700546264648,"Female"
"9004159",371979,2025-06-04 00:06:12,42.4889793395996,-8.9969539642334,"Female"
"9004159",371979,2025-06-04 00:11:12,42.4889717102051,-8.99698829650879,"Female"
"9004159",371979,2025-06-04 00:16:12,42.4890251159668,-8.99696159362793,"Female"
"9004159",371979,2025-06-04 00:21:13,42.4890327453613,-8.99697113037109,"Female"
"9004159",371979,2025-06-04 00:26:15,42.4889907836914,-8.99692153930664,"Female"
"9004159",371979,2025-06-04 00:31:14,42.4890518188477,-8.99697017669678,"Female"
"9004159",371979,2025-06-04 00:36:14,42.4890403747559,-8.99692440032959,"Female"
"9004159",371979,2025-06-04 00:41:15,42.4890060424805,-8.9968957901001,"Female"
"9004159",371979,2025-06-04 00:46:14,42.4891128540039,-8.99697208404541,"Female"
"9004159",371979,2025-06-04 00:51:14,42.489070892334,-8.99700546264648,"Female"
"9004159",371979,2025-06-04 00:56:14,42.4890251159668,-8.99699306488037,"Female"
"9004159",371979,2025-06-04 01:01:14,42.4891090393066,-8.99698829650879,"Female"
"9004159",371979,2025-06-04 01:06:13,42.489070892334,-8.99698066711426,"Female"
"9004159",371979,2025-06-04 01:11:15,42.4891090393066,-8.99698257446289,"Female"
"9004159",371979,2025-06-04 01:16:16,42.4890060424805,-8.99701118469238,"Female"
"9004159",371979,2025-06-04 01:21:16,42.4891090393066,-8.99700832366943,"Female"
"9004159",371979,2025-06-04 01:26:16,42.4891204833984,-8.99701595306396,"Female"
"9004159",371979,2025-06-04 01:31:14,42.489013671875,-8.9969654083252,"Female"
"9004159",371979,2025-06-04 01:36:25,42.4891357421875,-8.99703121185303,"Female"
"9004159",371979,2025-06-04 01:41:24,42.4891357421875,-8.99704170227051,"Female"
"9004159",371979,2025-06-04 01:46:24,42.4892539978027,-8.9970817565918,"Female"
"9004159",371979,2025-06-04 01:51:27,42.4892272949219,-8.99713516235352,"Female"
"9004159",371979,2025-06-04 01:56:28,42.4892120361328,-8.99713230133057,"Female"
"9004159",371979,2025-06-04 02:01:24,42.489200592041,-8.99711036682129,"Female"
"9004159",371979,2025-06-04 02:06:24,42.4891891479492,-8.99710273742676,"Female"
"9004159",371979,2025-06-04 02:11:17,42.4891815185547,-8.99710273742676,"Female"
"9004159",371979,2025-06-04 02:16:14,42.4890213012695,-8.99699592590332,"Female"
"9004159",371979,2025-06-04 02:21:14,42.489086151123,-8.9970703125,"Female"
"9004159",371979,2025-06-04 02:26:15,42.4891014099121,-8.9970760345459,"Female"
"9004159",371979,2025-06-04 02:31:18,42.4891662597656,-8.99704170227051,"Female"
"9004159",371979,2025-06-04 02:36:16,42.4892311096191,-8.99702930450439,"Female"
"9004159",371979,2025-06-04 02:41:14,42.4892845153809,-8.99711799621582,"Female"
"9004159",371979,2025-06-04 02:46:18,42.4891242980957,-8.99701499938965,"Female"
"9004159",371979,2025-06-04 02:51:35,42.4891166687012,-8.99699974060059,"Female"
"9004159",371979,2025-06-04 02:56:14,42.4890594482422,-8.99696350097656,"Female"
"9004159",371979,2025-06-04 03:01:25,42.4891052246094,-8.99691390991211,"Female"
"9004159",371979,2025-06-04 03:06:14,42.4890937805176,-8.99684715270996,"Female"
"9004159",371979,2025-06-04 03:11:26,42.4891166687012,-8.99691009521484,"Female"
"9004159",371979,2025-06-04 03:16:13,42.4891090393066,-8.99706649780273,"Female"
"9004159",371979,2025-06-04 03:21:15,42.4890365600586,-8.99690341949463,"Female"
"9004159",371979,2025-06-04 03:26:14,42.4890556335449,-8.99684715270996,"Female"
"9004159",371979,2025-06-04 03:31:13,42.489086151123,-8.99683380126953,"Female"
"9004159",371979,2025-06-04 03:36:15,42.4891128540039,-8.99678611755371,"Female"
"9004159",371979,2025-06-04 03:41:15,42.4891242980957,-8.9968900680542,"Female"
"9004159",371979,2025-06-04 03:46:25,42.4891052246094,-8.99694156646729,"Female"
"9004159",371979,2025-06-04 03:51:25,42.4891166687012,-8.99697494506836,"Female"
"9004159",371979,2025-06-04 03:56:44,42.4890441894531,-8.99705505371094,"Female"
"9004159",371979,2025-06-04 04:01:12,42.4890022277832,-8.99709415435791,"Female"
"9004159",371979,2025-06-04 04:06:12,42.4890556335449,-8.99714183807373,"Female"
"9004159",371979,2025-06-04 04:11:17,42.4889717102051,-8.9969654083252,"Female"
"9004159",371979,2025-06-04 04:16:15,42.4890251159668,-8.99703311920166,"Female"
"9004159",371979,2025-06-04 04:21:23,42.489143371582,-8.99708652496338,"Female"
"9004159",371979,2025-06-04 04:26:15,42.4890670776367,-8.9971342086792,"Female"
"9004159",371979,2025-06-04 04:31:20,42.4891166687012,-8.99705219268799,"Female"
"9004159",371979,2025-06-04 04:36:17,42.4890632629395,-8.9971170425415,"Female"
"9004159",371979,2025-06-04 04:41:15,42.4890174865723,-8.99717617034912,"Female"
"9004159",371979,2025-06-04 04:46:35,42.4890975952148,-8.99696350097656,"Female"
"9004159",371979,2025-06-04 04:51:12,42.4891242980957,-8.99685478210449,"Female"
"9004159",371979,2025-06-04 04:56:12,42.4892387390137,-8.99697971343994,"Female"
"9004159",371979,2025-06-04 05:01:12,42.4889945983887,-8.99715709686279,"Female"
"9004159",371979,2025-06-04 05:06:12,42.4889602661133,-8.99716186523438,"Female"
"9004159",371979,2025-06-04 05:11:12,42.4890747070312,-8.9970178604126,"Female"
"9004159",371979,2025-06-04 05:16:12,42.4889717102051,-8.99708652496338,"Female"
"9004159",371979,2025-06-04 05:21:12,42.4889602661133,-8.99712657928467,"Female"
"9004159",371979,2025-06-04 05:26:12,42.4890365600586,-8.99708080291748,"Female"
"9004159",371979,2025-06-04 05:31:12,42.488956451416,-8.99704265594482,"Female"
"9004159",371979,2025-06-04 05:36:12,42.4890632629395,-8.99705219268799,"Female"
"9004159",371979,2025-06-04 05:41:12,42.4890251159668,-8.99708557128906,"Female"
"9004159",371979,2025-06-04 05:46:13,42.4890098571777,-8.99712181091309,"Female"
"9004159",371979,2025-06-04 05:51:12,42.4890670776367,-8.99710941314697,"Female"
"9004159",371979,2025-06-04 05:56:12,42.4889831542969,-8.99708843231201,"Female"
"9004159",371979,2025-06-04 06:01:18,42.4890594482422,-8.99714088439941,"Female"
"9004159",371979,2025-06-04 06:06:23,42.4890670776367,-8.99710845947266,"Female"
"9004159",371979,2025-06-04 06:11:15,42.4890251159668,-8.99702835083008,"Female"
"9004159",371979,2025-06-04 06:16:25,42.4890785217285,-8.99709224700928,"Female"
"9004159",371979,2025-06-04 06:21:35,42.4890594482422,-8.99715042114258,"Female"
"9004159",371979,2025-06-04 06:26:11,42.4890174865723,-8.99710273742676,"Female"
"9004159",371979,2025-06-04 06:31:12,42.489070892334,-8.99711418151855,"Female"
"9004159",371979,2025-06-04 06:36:11,42.4890594482422,-8.99716472625732,"Female"
"9004159",371979,2025-06-04 06:41:11,42.4890480041504,-8.99709892272949,"Female"
"9004159",371979,2025-06-04 06:46:11,42.4890518188477,-8.99710845947266,"Female"
"9004159",371979,2025-06-04 06:51:12,42.4889030456543,-8.99712371826172,"Female"
"9004159",371979,2025-06-04 06:56:11,42.4890022277832,-8.99710464477539,"Female"
"9004159",371979,2025-06-04 07:01:12,42.4890174865723,-8.9970588684082,"Female"
"9004159",371979,2025-06-04 07:06:11,42.4890899658203,-8.99709224700928,"Female"
"9004159",371979,2025-06-04 07:11:11,42.4890441894531,-8.99714374542236,"Female"
"9004159",371979,2025-06-04 07:16:25,42.489013671875,-8.9970645904541,"Female"
"9004159",371979,2025-06-04 07:21:11,42.4888801574707,-8.99687385559082,"Female"
"9004159",371979,2025-06-04 07:26:13,42.4891700744629,-8.99733066558838,"Female"
"9004159",371979,2025-06-04 07:31:13,42.4891319274902,-8.99729156494141,"Female"
"9004159",371979,2025-06-04 07:36:14,42.4889984130859,-8.99712657928467,"Female"
"9004159",371979,2025-06-04 07:41:16,42.4985084533691,-9.01462173461914,"Female"
"9004159",371979,2025-06-04 07:46:19,42.4985771179199,-9.01464653015137,"Female"
"9004159",371979,2025-06-04 07:51:14,42.4986877441406,-9.01493453979492,"Female"
"9004159",371979,2025-06-04 07:56:18,42.4986915588379,-9.01505184173584,"Female"
"9004159",371979,2025-06-04 08:01:26,42.4988861083984,-9.01479721069336,"Female"
"9004159",371979,2025-06-04 08:06:17,42.4986381530762,-9.01506042480469,"Female"
"9004159",371979,2025-06-04 08:11:14,42.4985656738281,-9.01514434814453,"Female"
"9004159",371979,2025-06-04 08:16:14,42.4986763000488,-9.01496505737305,"Female"
"9004159",371979,2025-06-04 08:21:25,42.4988479614258,-9.01470947265625,"Female"
"9004159",371979,2025-06-04 08:26:12,42.4983291625977,-9.01534175872803,"Female"
"9004159",371979,2025-06-04 08:31:18,42.4983406066895,-9.01530838012695,"Female"
"9004159",371979,2025-06-04 08:36:14,42.498218536377,-9.01539039611816,"Female"
"9004159",371979,2025-06-04 08:41:15,42.4981460571289,-9.01541328430176,"Female"
"9004159",371979,2025-06-04 08:46:14,42.4981575012207,-9.01533794403076,"Female"
"9004159",371979,2025-06-04 08:51:13,42.498176574707,-9.01531505584717,"Female"
"9004159",371979,2025-06-04 08:56:14,42.4981231689453,-9.01531219482422,"Female"
"9004159",371979,2025-06-04 09:01:13,42.498420715332,-9.01515674591064,"Female"
"9004159",371979,2025-06-04 09:06:14,42.4982872009277,-9.01520538330078,"Female"
"9004159",371979,2025-06-04 09:11:22,42.4984512329102,-9.01501178741455,"Female"
"9004159",371979,2025-06-04 09:16:13,42.4982757568359,-9.01507472991943,"Female"
"9004159",371979,2025-06-04 09:21:13,42.4982872009277,-9.01503467559814,"Female"
"9004159",371979,2025-06-04 09:26:17,42.4982833862305,-9.01499366760254,"Female"
"9004159",371979,2025-06-04 09:31:15,42.498363494873,-9.01493835449219,"Female"
"9004159",371979,2025-06-04 09:36:15,42.4984397888184,-9.01480293273926,"Female"
"9004159",371979,2025-06-04 09:41:14,42.4985656738281,-9.01469612121582,"Female"
"9004159",371979,2025-06-04 09:46:17,42.4982795715332,-9.01481342315674,"Female"
"9004159",371979,2025-06-04 09:51:14,42.4984169006348,-9.014723777771,"Female"
"9004159",371979,2025-06-04 09:56:14,42.4983062744141,-9.01464080810547,"Female"
"9004159",371979,2025-06-04 10:01:15,42.4984550476074,-9.01467990875244,"Female"
"9004159",371979,2025-06-04 10:06:15,42.4983367919922,-9.01469230651855,"Female"
"9004159",371979,2025-06-04 10:11:17,42.4984741210938,-9.01462745666504,"Female"
"9004159",371979,2025-06-04 10:16:25,42.4984016418457,-9.01461410522461,"Female"
"9004159",371979,2025-06-04 10:21:15,42.4985694885254,-9.01453304290771,"Female"
"9004159",371979,2025-06-04 10:26:35,42.4986190795898,-9.01470851898193,"Female"
"9004159",371979,2025-06-04 10:31:12,42.4985580444336,-9.01492214202881,"Female"
"9004159",371979,2025-06-04 10:36:28,42.5000343322754,-9.02011775970459,"Female"
"9004159",371979,2025-06-04 10:41:27,42.5025939941406,-9.02181434631348,"Female"
"9004159",371979,2025-06-04 10:46:27,42.4986038208008,-9.01496410369873,"Female"
"9004159",371979,2025-06-04 10:51:26,42.4986419677734,-9.0148401260376,"Female"
"9004159",371979,2025-06-04 10:56:28,42.4986152648926,-9.01485252380371,"Female"
"9004159",371979,2025-06-04 11:01:27,42.4987640380859,-9.01542377471924,"Female"
"9004159",371979,2025-06-04 11:06:27,42.4988174438477,-9.01554584503174,"Female"
"9004159",371979,2025-06-04 11:11:28,42.4987602233887,-9.0153636932373,"Female"
"9004159",371979,2025-06-04 11:16:28,42.4993209838867,-9.02324295043945,"Female"
"9004159",371979,2025-06-04 11:21:28,42.4997138977051,-9.02521705627441,"Female"
"9004159",371979,2025-06-04 11:27:17,42.4991645812988,-9.02442169189453,"Female"
"9004159",371979,2025-06-04 11:32:06,42.5033988952637,-9.02171802520752,"Female"
"9004159",371979,2025-06-04 11:39:01,42.5035705566406,-9.02035522460938,"Female"
"9004159",371979,2025-06-04 11:44:03,42.5057029724121,-9.01852130889893,"Female"
"9004159",371979,2025-06-04 11:49:16,42.5045738220215,-9.01603889465332,"Female"
"9004159",371979,2025-06-04 11:54:16,42.5005187988281,-9.02305221557617,"Female"
"9004159",371979,2025-06-04 11:59:14,42.5035018920898,-9.02056312561035,"Female"
"9004159",371979,2025-06-04 12:05:00,42.5046653747559,-9.0210018157959,"Female"
"9004159",371979,2025-06-04 12:09:59,42.5054626464844,-9.02151012420654,"Female"
"9004159",371979,2025-06-04 12:14:59,42.5003280639648,-9.02118492126465,"Female"
"9004159",371979,2025-06-04 12:20:00,42.4995918273926,-9.01970672607422,"Female"
"9004159",371979,2025-06-04 12:24:58,42.4990234375,-9.01949501037598,"Female"
"9004159",371979,2025-06-04 12:30:01,42.498176574707,-9.02126121520996,"Female"
"9004159",371979,2025-06-04 12:35:00,42.4980354309082,-9.02142238616943,"Female"
"9004159",371979,2025-06-04 12:39:59,42.497989654541,-9.0194730758667,"Female"
"9004159",371979,2025-06-04 12:44:59,42.4984550476074,-9.01417255401611,"Female"
"9004159",371979,2025-06-04 12:50:02,42.4988441467285,-9.01427745819092,"Female"
"9004159",371979,2025-06-04 12:55:00,42.4982070922852,-9.01432323455811,"Female"
"9004159",371979,2025-06-04 12:59:59,42.4987754821777,-9.01445770263672,"Female"
"9004159",371979,2025-06-04 13:04:59,42.4987373352051,-9.01475429534912,"Female"
"9004159",371979,2025-06-04 13:09:59,42.4987449645996,-9.0144157409668,"Female"
"9004159",371979,2025-06-04 13:14:59,42.500415802002,-9.0210599899292,"Female"
"9004159",371979,2025-06-04 13:20:01,42.5000495910645,-9.02053356170654,"Female"
"9004159",371979,2025-06-04 13:25:00,42.4985198974609,-9.0196418762207,"Female"
"9004159",371979,2025-06-04 13:30:01,42.4992294311523,-9.01767730712891,"Female"
"9004159",371979,2025-06-04 13:35:00,42.498233795166,-9.01452445983887,"Female"
"9004159",371979,2025-06-04 13:39:59,42.4988174438477,-9.01437568664551,"Female"
"9004159",371979,2025-06-04 13:44:59,42.4988327026367,-9.01442623138428,"Female"
"9004159",371979,2025-06-04 13:49:59,42.4987945556641,-9.01445007324219,"Female"
"9004159",371979,2025-06-04 13:54:59,42.4988174438477,-9.0144510269165,"Female"
"9004159",371979,2025-06-04 13:59:59,42.4988136291504,-9.01438522338867,"Female"
"9004159",371979,2025-06-04 14:04:59,42.4988327026367,-9.01450157165527,"Female"
"9004159",371979,2025-06-04 14:09:59,42.498779296875,-9.01449775695801,"Female"
"9004159",371979,2025-06-04 14:14:59,42.4988975524902,-9.01444244384766,"Female"
"9004159",371979,2025-06-04 14:19:59,42.4988708496094,-9.0145435333252,"Female"
"9004159",371979,2025-06-04 14:24:59,42.4989013671875,-9.01455974578857,"Female"
"9004159",371979,2025-06-04 14:29:59,42.498851776123,-9.01452255249023,"Female"
"9004159",371979,2025-06-04 14:36:08,42.5016860961914,-9.01931667327881,"Female"
"9004159",371979,2025-06-04 14:41:07,42.5019569396973,-9.01925086975098,"Female"
"9004159",371979,2025-06-04 14:46:09,42.5018692016602,-9.01895523071289,"Female"
"9004159",371979,2025-06-04 14:51:07,42.4989166259766,-9.01470947265625,"Female"
"9004159",371979,2025-06-04 14:56:08,42.4989204406738,-9.01470851898193,"Female"
"9004159",371979,2025-06-04 15:01:08,42.4988670349121,-9.0147705078125,"Female"
"9004159",371979,2025-06-04 15:06:07,42.4989128112793,-9.01477718353271,"Female"
"9004159",371979,2025-06-04 15:11:07,42.4989280700684,-9.01475143432617,"Female"
"9004159",371979,2025-06-04 15:16:07,42.4988555908203,-9.01494121551514,"Female"
"9004159",371979,2025-06-04 15:21:07,42.498851776123,-9.0148344039917,"Female"
"9004159",371979,2025-06-04 15:26:08,42.498893737793,-9.01492595672607,"Female"
"9004159",371979,2025-06-04 15:31:08,42.4987144470215,-9.01491832733154,"Female"
"9004159",371979,2025-06-04 15:36:08,42.4985618591309,-9.01489162445068,"Female"
"9004159",371979,2025-06-04 15:41:08,42.4984321594238,-9.01490688323975,"Female"
"9004159",371979,2025-06-04 15:46:12,42.4982795715332,-9.01491165161133,"Female"
"9004159",371979,2025-06-04 15:51:12,42.4978218078613,-9.01486587524414,"Female"
"9004159",371979,2025-06-04 15:56:07,42.4987030029297,-9.01484966278076,"Female"
"9004159",371979,2025-06-04 16:01:08,42.4987449645996,-9.01489067077637,"Female"
"9004159",371979,2025-06-04 16:06:09,42.5024223327637,-9.01964378356934,"Female"
"9004159",371979,2025-06-04 16:11:08,42.5058822631836,-9.0225133895874,"Female"
"9004159",371979,2025-06-04 16:16:08,42.5066452026367,-9.02205085754395,"Female"
"9004159",371979,2025-06-04 16:21:44,42.5062675476074,-9.02115631103516,"Female"
"9004159",371979,2025-06-04 16:26:45,42.5042419433594,-9.01935005187988,"Female"
"9004159",371979,2025-06-04 16:31:52,42.5032806396484,-9.01809215545654,"Female"
"9004159",371979,2025-06-04 16:36:51,42.504264831543,-9.01814556121826,"Female"
"9004159",371979,2025-06-04 16:41:51,42.5050430297852,-9.01674365997314,"Female"
"9004159",371979,2025-06-04 16:47:04,42.5038604736328,-9.01645374298096,"Female"
"9004159",371979,2025-06-04 16:52:03,42.5032958984375,-9.01852035522461,"Female"
"9004159",371979,2025-06-04 16:57:04,42.5026664733887,-9.02059745788574,"Female"
"9004159",371979,2025-06-04 17:02:07,42.5015411376953,-9.01961803436279,"Female"
"9004159",371979,2025-06-04 17:07:04,42.4987907409668,-9.01474857330322,"Female"
"9004159",371979,2025-06-04 17:12:08,42.498779296875,-9.01475143432617,"Female"
"9004159",371979,2025-06-04 17:17:06,42.4987297058105,-9.01472854614258,"Female"
"9004159",371979,2025-06-04 17:22:03,42.4987640380859,-9.0147705078125,"Female"
"9004159",371979,2025-06-04 17:27:03,42.4989318847656,-9.01562881469727,"Female"
"9004159",371979,2025-06-04 17:33:24,42.5009956359863,-9.01540374755859,"Female"
"9004159",371979,2025-06-04 17:38:20,42.500244140625,-9.01783466339111,"Female"
"9004159",371979,2025-06-04 17:43:20,42.4994049072266,-9.01877975463867,"Female"
"9004159",371979,2025-06-04 17:49:27,42.4958648681641,-9.02014350891113,"Female"
"9004159",371979,2025-06-04 17:54:25,42.5009956359863,-9.01739978790283,"Female"
"9004159",371979,2025-06-04 17:59:27,42.4985885620117,-9.01463222503662,"Female"
"9004159",371979,2025-06-04 18:04:26,42.498706817627,-9.01459503173828,"Female"
"9004159",371979,2025-06-04 18:09:26,42.4986190795898,-9.01456069946289,"Female"
"9004159",371979,2025-06-04 18:14:27,42.4987449645996,-9.01450252532959,"Female"
"9004159",371979,2025-06-04 18:19:57,42.5010299682617,-9.01684856414795,"Female"
"9004159",371979,2025-06-04 18:25:25,42.5007820129395,-9.01777648925781,"Female"
"9004159",371979,2025-06-04 18:30:28,42.5002212524414,-9.01768970489502,"Female"
"9004159",371979,2025-06-04 18:35:28,42.5006675720215,-9.01708889007568,"Female"
"9004159",371979,2025-06-04 18:40:28,42.5007629394531,-9.01740837097168,"Female"
"9004159",371979,2025-06-04 18:46:02,42.5005645751953,-9.01793956756592,"Female"
"9004159",371979,2025-06-04 18:51:58,42.5004997253418,-9.01780700683594,"Female"
"9004159",371979,2025-06-04 18:57:58,42.5005989074707,-9.01823043823242,"Female"
"9004159",371979,2025-06-04 19:03:58,42.4997062683105,-9.01775169372559,"Female"
"9004159",371979,2025-06-04 19:08:59,42.499626159668,-9.01708126068115,"Female"
"9004159",371979,2025-06-04 19:13:58,42.500560760498,-9.01732349395752,"Female"
"9004159",371979,2025-06-04 19:19:32,42.5004234313965,-9.01668453216553,"Female"
"9004159",371979,2025-06-04 19:25:19,42.501163482666,-9.0166482925415,"Female"
"9004159",371979,2025-06-04 19:30:19,42.5007247924805,-9.0144567489624,"Female"
"9004159",371979,2025-06-04 19:35:19,42.5010032653809,-9.01425647735596,"Female"
"9004159",371979,2025-06-04 19:41:06,42.5014305114746,-9.01598930358887,"Female"
"9004159",371979,2025-06-04 19:46:07,42.5013580322266,-9.01598453521729,"Female"
"9004159",371979,2025-06-04 19:52:26,42.5012512207031,-9.01550960540771,"Female"
"9004159",371979,2025-06-04 19:57:14,42.4896240234375,-8.99861431121826,"Female"
"9004159",371979,2025-06-04 20:02:15,42.489128112793,-8.99702167510986,"Female"
"9004159",371979,2025-06-04 20:07:15,42.4890747070312,-8.99689388275146,"Female"
"9004159",371979,2025-06-04 20:12:15,42.4893035888672,-8.99710273742676,"Female"
"9004159",371979,2025-06-04 20:17:15,42.4887580871582,-8.9975061416626,"Female"
"9004159",371979,2025-06-04 20:22:17,42.4891357421875,-8.99706745147705,"Female"
"9004159",371979,2025-06-04 20:27:14,42.4890975952148,-8.99714851379395,"Female"
"9004159",371979,2025-06-04 20:32:19,42.4886932373047,-8.99776363372803,"Female"
"9004159",371979,2025-06-04 20:37:16,42.4891242980957,-8.99703693389893,"Female"
"9004159",371979,2025-06-04 20:42:16,42.4890480041504,-8.99712467193604,"Female"
"9004159",371979,2025-06-04 20:47:15,42.4891548156738,-8.99694538116455,"Female"
"9004159",371979,2025-06-04 20:52:15,42.4892234802246,-8.99710845947266,"Female"
"9004159",371979,2025-06-04 20:57:15,42.4891242980957,-8.99684047698975,"Female"
"9004159",371979,2025-06-04 21:02:17,42.4891815185547,-8.99714183807373,"Female"
"9004159",371979,2025-06-04 21:07:16,42.489616394043,-8.99679946899414,"Female"
"9004159",371979,2025-06-04 21:12:15,42.4892272949219,-8.99706935882568,"Female"
"9004159",371979,2025-06-04 21:17:14,42.4891395568848,-8.99703502655029,"Female"
"9004159",371979,2025-06-04 21:22:17,42.4892272949219,-8.99681663513184,"Female"
"9004159",371979,2025-06-04 21:27:14,42.4892234802246,-8.99686050415039,"Female"
"9004159",371979,2025-06-04 21:32:14,42.4891471862793,-8.9968147277832,"Female"
"9004159",371979,2025-06-04 21:37:15,42.4892234802246,-8.9967794418335,"Female"
"9004159",371979,2025-06-04 21:42:14,42.4890937805176,-8.99690818786621,"Female"
"9004159",371979,2025-06-04 21:47:14,42.4892425537109,-8.99682903289795,"Female"
"9004159",371979,2025-06-04 21:52:15,42.4890556335449,-8.99687576293945,"Female"
"9004159",371979,2025-06-04 21:57:14,42.4892539978027,-8.99692630767822,"Female"
"9004159",371979,2025-06-04 22:02:15,42.4892234802246,-8.99697399139404,"Female"
"9004159",371979,2025-06-04 22:07:16,42.4891395568848,-8.99674510955811,"Female"
"9004159",371979,2025-06-04 22:12:15,42.4893264770508,-8.99678802490234,"Female"
"9004159",371979,2025-06-04 22:17:14,42.4895401000977,-8.99687385559082,"Female"
"9004159",371979,2025-06-04 22:22:15,42.4894676208496,-8.9968786239624,"Female"
"9004159",371979,2025-06-04 22:27:16,42.4894981384277,-8.99698734283447,"Female"
"9004159",371979,2025-06-04 22:32:18,42.4894027709961,-8.99683094024658,"Female"
"9004159",371979,2025-06-04 22:37:16,42.489387512207,-8.99688053131104,"Female"
"9004159",371979,2025-06-04 22:42:14,42.4893608093262,-8.99696254730225,"Female"
"9004159",371979,2025-06-04 22:47:15,42.4893951416016,-8.99717330932617,"Female"
"9004159",371979,2025-06-04 22:52:23,42.4890670776367,-8.99686241149902,"Female"
"9004159",371979,2025-06-04 22:57:14,42.4889526367188,-8.99720096588135,"Female"
"9004159",371979,2025-06-04 23:02:15,42.4894371032715,-8.99688720703125,"Female"
"9004159",371979,2025-06-04 23:07:13,42.4892120361328,-8.99696063995361,"Female"
"9004159",371979,2025-06-04 23:12:17,42.4887313842773,-8.99763965606689,"Female"
"9004159",371979,2025-06-04 23:17:14,42.4888305664062,-8.99772930145264,"Female"
"9004159",371979,2025-06-04 23:22:15,42.4893493652344,-8.99709796905518,"Female"
"9004159",371979,2025-06-04 23:27:16,42.4889755249023,-8.99753284454346,"Female"
"9004159",371979,2025-06-04 23:32:14,42.4889221191406,-8.9992504119873,"Female"
"9004159",371979,2025-06-04 23:37:15,42.489143371582,-8.99741172790527,"Female"
"9004159",371979,2025-06-04 23:42:15,42.4875068664551,-8.99737453460693,"Female"
"9004159",371979,2025-06-04 23:47:15,42.4876823425293,-8.9973316192627,"Female"
"9004159",371979,2025-06-04 23:52:17,42.4895782470703,-8.99795913696289,"Female"
"9004159",371979,2025-06-04 23:57:14,42.4891662597656,-8.99774837493896,"Female"
"9004159",371979,2025-06-05 00:02:15,42.4885940551758,-8.9977855682373,"Female"
"9004159",371979,2025-06-05 00:07:14,42.4891166687012,-8.99771785736084,"Female"
"9004159",371979,2025-06-05 00:12:20,42.4889106750488,-8.99726676940918,"Female"
"9004159",371979,2025-06-05 00:17:15,42.4889640808105,-8.99771499633789,"Female"
"9004159",371979,2025-06-05 00:22:16,42.4890937805176,-8.99771213531494,"Female"
"9004159",371979,2025-06-05 00:27:18,42.4888191223145,-8.99759769439697,"Female"
"9004159",371979,2025-06-05 00:32:18,42.4890937805176,-8.99796390533447,"Female"
"9004159",371979,2025-06-05 00:37:17,42.4890747070312,-8.99785232543945,"Female"
"9004159",371979,2025-06-05 00:42:19,42.4886131286621,-8.99730110168457,"Female"
"9004159",371979,2025-06-05 00:47:19,42.4889106750488,-8.99730110168457,"Female"
"9004159",371979,2025-06-05 00:52:21,42.4892997741699,-8.99739265441895,"Female"
"9004159",371979,2025-06-05 00:57:15,42.4891967773438,-8.99720001220703,"Female"
"9004159",371979,2025-06-05 01:02:17,42.4891662597656,-8.99724292755127,"Female"
"9004159",371979,2025-06-05 01:07:14,42.4892120361328,-8.99728870391846,"Female"
"9004159",371979,2025-06-05 01:12:14,42.4891700744629,-8.99729347229004,"Female"
"9004159",371979,2025-06-05 01:17:14,42.4892654418945,-8.99727725982666,"Female"
"9004159",371979,2025-06-05 01:22:14,42.4890899658203,-8.9971399307251,"Female"
"9004159",371979,2025-06-05 01:27:14,42.489185333252,-8.99726295471191,"Female"
"9004159",371979,2025-06-05 01:32:15,42.4892349243164,-8.99720096588135,"Female"
"9004159",371979,2025-06-05 01:37:15,42.4890937805176,-8.99680423736572,"Female"
"9004159",371979,2025-06-05 01:42:15,42.4891166687012,-8.99677181243896,"Female"
"9004159",371979,2025-06-05 01:47:15,42.4891510009766,-8.99688339233398,"Female"
"9004159",371979,2025-06-05 01:52:15,42.4891700744629,-8.9968204498291,"Female"
"9004159",371979,2025-06-05 01:57:15,42.4892196655273,-8.99696063995361,"Female"
"9004159",371979,2025-06-05 02:02:16,42.489185333252,-8.99695587158203,"Female"
"9004159",371979,2025-06-05 02:07:20,42.4891967773438,-8.99709129333496,"Female"
"9004159",371979,2025-06-05 02:12:15,42.4891471862793,-8.99721240997314,"Female"
"9004159",371979,2025-06-05 02:17:16,42.4891624450684,-8.99717998504639,"Female"
"9004159",371979,2025-06-05 02:22:16,42.488899230957,-8.99730396270752,"Female"
"9004159",371979,2025-06-05 02:27:14,42.4889221191406,-8.99726390838623,"Female"
"9004159",371979,2025-06-05 02:32:14,42.4888916015625,-8.99726104736328,"Female"
"9004159",371979,2025-06-05 02:37:18,42.4890403747559,-8.99726581573486,"Female"
"9004159",371979,2025-06-05 02:42:16,42.4889488220215,-8.99731159210205,"Female"
"9004159",371979,2025-06-05 02:47:15,42.4890937805176,-8.99709701538086,"Female"
"9004159",371979,2025-06-05 02:52:13,42.4890823364258,-8.99712181091309,"Female"
"9004159",371979,2025-06-05 02:57:14,42.4890365600586,-8.99719715118408,"Female"
"9004159",371979,2025-06-05 03:02:14,42.4890098571777,-8.99717235565186,"Female"
"9004159",371979,2025-06-05 03:07:14,42.4890975952148,-8.9971981048584,"Female"
"9004159",371979,2025-06-05 03:12:16,42.489070892334,-8.99700546264648,"Female"
"9004159",371979,2025-06-05 03:17:17,42.4889488220215,-8.99715995788574,"Female"
"9004159",371979,2025-06-05 03:22:14,42.4891395568848,-8.99722480773926,"Female"
"9004159",371979,2025-06-05 03:27:18,42.4891929626465,-8.99711513519287,"Female"
"9004159",371979,2025-06-05 03:32:24,42.4891166687012,-8.99728393554688,"Female"
"9004159",371979,2025-06-05 03:37:16,42.4891471862793,-8.99719047546387,"Female"
"9004159",371979,2025-06-05 03:42:15,42.4893493652344,-8.99677276611328,"Female"
"9004159",371979,2025-06-05 03:47:16,42.4889984130859,-8.99699783325195,"Female"
"9004159",371979,2025-06-05 03:52:15,42.4892120361328,-8.99704647064209,"Female"
"9004159",371979,2025-06-05 03:57:15,42.4892539978027,-8.99681663513184,"Female"
"9004159",371979,2025-06-05 04:02:17,42.4890823364258,-8.99733924865723,"Female"
"9004159",371979,2025-06-05 04:07:16,42.4890327453613,-8.9973783493042,"Female"
"9004159",371979,2025-06-05 04:12:44,42.4890174865723,-8.99710464477539,"Female"
"9004159",371979,2025-06-05 04:17:13,42.4890441894531,-8.99721240997314,"Female"
"9004159",371979,2025-06-05 04:22:12,42.4890480041504,-8.99722671508789,"Female"
"9004159",371979,2025-06-05 04:27:13,42.4892768859863,-8.99714851379395,"Female"
"9004159",371979,2025-06-05 04:32:13,42.4892311096191,-8.99727725982666,"Female"
"9004159",371979,2025-06-05 04:37:13,42.4891586303711,-8.99718189239502,"Female"
"9004159",371979,2025-06-05 04:42:13,42.4890327453613,-8.99731254577637,"Female"
"9004159",371979,2025-06-05 04:47:14,42.4889945983887,-8.99760246276855,"Female"
"9004159",371979,2025-06-05 04:52:16,42.4888725280762,-8.99782657623291,"Female"
"9004159",371979,2025-06-05 04:57:17,42.4888877868652,-8.99754238128662,"Female"
"9004159",371979,2025-06-05 05:02:15,42.488883972168,-8.99760150909424,"Female"
"9004159",371979,2025-06-05 05:07:22,42.4892578125,-8.9967679977417,"Female"
"9004159",371979,2025-06-05 05:12:14,42.4892120361328,-8.9967794418335,"Female"
"9004159",371979,2025-06-05 05:17:16,42.4888000488281,-8.9977502822876,"Female"
"9004159",371979,2025-06-05 05:22:23,42.4893569946289,-8.99709510803223,"Female"
"9004159",371979,2025-06-05 05:27:14,42.4891128540039,-8.99729824066162,"Female"
"9004159",371979,2025-06-05 05:32:16,42.4892692565918,-8.99727058410645,"Female"
"9004159",371979,2025-06-05 05:37:15,42.4892959594727,-8.99720573425293,"Female"
"9004159",371979,2025-06-05 05:42:14,42.4893112182617,-8.99721050262451,"Female"
"9004159",371979,2025-06-05 05:47:13,42.489315032959,-8.99713230133057,"Female"
"9004159",371979,2025-06-05 05:52:17,42.4892959594727,-8.9971342086792,"Female"
"9004159",371979,2025-06-05 05:57:15,42.4892807006836,-8.99716186523438,"Female"
"9004159",371979,2025-06-05 06:02:13,42.4892463684082,-8.99712562561035,"Female"
"9004159",371979,2025-06-05 06:07:13,42.4892654418945,-8.99720573425293,"Female"
"9004159",371979,2025-06-05 06:12:13,42.489200592041,-8.99721622467041,"Female"
"9004159",371979,2025-06-05 06:17:13,42.4892616271973,-8.99718475341797,"Female"
"9004159",371979,2025-06-05 06:22:13,42.4892272949219,-8.99714851379395,"Female"
"9004159",371979,2025-06-05 06:27:13,42.4893417358398,-8.9970760345459,"Female"
"9004159",371979,2025-06-05 06:32:13,42.4891777038574,-8.99710369110107,"Female"
"9004159",371979,2025-06-05 06:37:13,42.4892539978027,-8.99711608886719,"Female"
"9004159",371979,2025-06-05 06:42:13,42.4891967773438,-8.9970817565918,"Female"
"9004159",371979,2025-06-05 06:47:13,42.4892578125,-8.99714183807373,"Female"
"9004159",371979,2025-06-05 06:52:13,42.4891052246094,-8.99696922302246,"Female"
"9004159",371979,2025-06-05 06:57:14,42.4892196655273,-8.99703311920166,"Female"
"9004159",371979,2025-06-05 07:02:13,42.4892234802246,-8.99697589874268,"Female"
"9004159",371979,2025-06-05 07:07:14,42.4891929626465,-8.99691963195801,"Female"
"9004159",371979,2025-06-05 07:12:15,42.4892425537109,-8.99696636199951,"Female"
"9004159",371979,2025-06-05 07:17:14,42.4892387390137,-8.99699878692627,"Female"
"9004159",371979,2025-06-05 07:22:14,42.4892501831055,-8.99705505371094,"Female"
"9004159",371979,2025-06-05 07:27:15,42.4972686767578,-9.00225734710693,"Female"
"9004159",371979,2025-06-05 07:32:13,42.507740020752,-9.00976753234863,"Female"
"9004159",371979,2025-06-05 07:37:13,42.510425567627,-9.0142993927002,"Female"
"9004159",371979,2025-06-05 07:43:10,42.5108184814453,-9.01675987243652,"Female"
"9004159",371979,2025-06-05 07:48:07,42.5122718811035,-9.01852035522461,"Female"
"9004159",371979,2025-06-05 07:53:09,42.5117073059082,-9.01776218414307,"Female"
"9004159",371979,2025-06-05 07:58:12,42.5108261108398,-9.01818561553955,"Female"
"9004159",371979,2025-06-05 08:07:59,42.5098571777344,-9.01999187469482,"Female"
"9004159",371979,2025-06-05 08:12:58,42.5097503662109,-9.01963329315186,"Female"
"9004159",371979,2025-06-05 08:18:42,42.5110626220703,-9.01941108703613,"Female"
"9004159",371979,2025-06-05 08:23:42,42.5102653503418,-9.02043628692627,"Female"
"9004159",371979,2025-06-05 08:30:37,42.5097732543945,-9.02032089233398,"Female"
"9004159",371979,2025-06-05 08:35:40,42.5093955993652,-9.02010726928711,"Female"
"9004159",371979,2025-06-05 08:44:05,42.5090637207031,-9.01958847045898,"Female"
"9004159",371979,2025-06-05 08:49:04,42.5090980529785,-9.02151107788086,"Female"
"9004159",371979,2025-06-05 08:54:04,42.509578704834,-9.01978492736816,"Female"
"9004159",371979,2025-06-05 08:59:05,42.5090751647949,-9.0172176361084,"Female"
"9004159",371979,2025-06-05 09:04:05,42.5074844360352,-9.01577186584473,"Female"
"9004159",371979,2025-06-05 09:09:05,42.5054244995117,-9.0156078338623,"Female"
"9004159",371979,2025-06-05 09:14:05,42.5032768249512,-9.01621055603027,"Female"
"9004159",371979,2025-06-05 09:19:19,42.5008430480957,-9.01587963104248,"Female"
"9004159",371979,2025-06-05 09:24:22,42.4987106323242,-9.01475524902344,"Female"
"9004159",371979,2025-06-05 09:29:19,42.4986267089844,-9.01459789276123,"Female"
"9004159",371979,2025-06-05 09:34:19,42.498607635498,-9.0146484375,"Female"
"9004159",371979,2025-06-05 09:39:19,42.4986228942871,-9.01468753814697,"Female"
"9004159",371979,2025-06-05 09:44:19,42.4985885620117,-9.01461982727051,"Female"
"9004159",371979,2025-06-05 09:49:19,42.4986457824707,-9.01467800140381,"Female"
"9004159",371979,2025-06-05 09:54:19,42.4985961914062,-9.01464176177979,"Female"
"9004159",371979,2025-06-05 09:59:19,42.4986305236816,-9.01469230651855,"Female"
"9004159",371979,2025-06-05 10:04:19,42.4986152648926,-9.0146017074585,"Female"
"9004159",371979,2025-06-05 10:09:19,42.4986419677734,-9.0146598815918,"Female"
"9004159",371979,2025-06-05 10:14:19,42.4986610412598,-9.01471138000488,"Female"
"9004159",371979,2025-06-05 10:19:19,42.498649597168,-9.01467704772949,"Female"
"9004159",371979,2025-06-05 10:24:19,42.4986190795898,-9.01459312438965,"Female"
"9004159",371979,2025-06-05 10:29:19,42.4986305236816,-9.01453304290771,"Female"
"9004159",371979,2025-06-05 10:34:19,42.4986457824707,-9.01472473144531,"Female"
"9004159",371979,2025-06-05 10:39:19,42.498607635498,-9.01469326019287,"Female"
"9004159",371979,2025-06-05 10:44:19,42.4986991882324,-9.01477527618408,"Female"
"9004159",371979,2025-06-05 10:49:19,42.4986114501953,-9.01458263397217,"Female"
"9004159",371979,2025-06-05 10:54:19,42.4986915588379,-9.01495361328125,"Female"
"9004159",371979,2025-06-05 10:59:19,42.4986267089844,-9.0146951675415,"Female"
"9004159",371979,2025-06-05 11:04:21,42.498649597168,-9.0146656036377,"Female"
"9004159",371979,2025-06-05 11:09:20,42.498649597168,-9.01478290557861,"Female"
"9004159",371979,2025-06-05 11:14:19,42.4986305236816,-9.01460647583008,"Female"
"9004159",371979,2025-06-05 11:19:19,42.4986534118652,-9.01473140716553,"Female"
"9004159",371979,2025-06-05 11:24:30,42.498664855957,-9.01460266113281,"Female"
"9004159",371979,2025-06-05 11:29:21,42.4986572265625,-9.0145959854126,"Female"
"9004159",371979,2025-06-05 11:34:30,42.4986343383789,-9.01467895507812,"Female"
"9004159",371979,2025-06-05 11:39:27,42.4986343383789,-9.01470184326172,"Female"
"9004159",371979,2025-06-05 11:44:24,42.4986534118652,-9.01422786712646,"Female"
"9004159",371979,2025-06-05 11:49:30,42.4986572265625,-9.01461696624756,"Female"
"9004159",371979,2025-06-05 11:54:28,42.4986534118652,-9.01459312438965,"Female"
"9004159",371979,2025-06-05 11:59:30,42.4986343383789,-9.01462268829346,"Female"
"9004159",371979,2025-06-05 12:04:30,42.4986381530762,-9.01462268829346,"Female"
"9004159",371979,2025-06-05 12:09:30,42.4986343383789,-9.01463794708252,"Female"
"9004159",371979,2025-06-05 12:14:30,42.4986381530762,-9.01462459564209,"Female"
"9004159",371979,2025-06-05 12:19:30,42.4986343383789,-9.01462459564209,"Female"
"9004159",371979,2025-06-05 12:24:30,42.4986343383789,-9.01462459564209,"Female"
"9004159",371979,2025-06-05 12:29:30,42.4986534118652,-9.01463413238525,"Female"
"9004159",371979,2025-06-05 12:34:30,42.4986419677734,-9.01464748382568,"Female"
"9004159",371979,2025-06-05 12:39:40,42.4986000061035,-9.01474571228027,"Female"
"9004159",371979,2025-06-05 12:44:19,42.4986038208008,-9.01473045349121,"Female"
"9004159",371979,2025-06-05 12:49:19,42.4986305236816,-9.01473331451416,"Female"
"9004159",371979,2025-06-05 12:54:22,42.4986228942871,-9.0147123336792,"Female"
"9004159",371979,2025-06-05 12:59:19,42.498607635498,-9.0145149230957,"Female"
"9004159",371979,2025-06-05 13:04:28,42.4986267089844,-9.01473045349121,"Female"
"9004159",371979,2025-06-05 13:09:19,42.4986228942871,-9.01456451416016,"Female"
"9004159",371979,2025-06-05 13:14:24,42.4986457824707,-9.01462078094482,"Female"
"9004159",371979,2025-06-05 13:19:21,42.4986114501953,-9.01504707336426,"Female"
"9004159",371979,2025-06-05 13:24:21,42.498607635498,-9.0147533416748,"Female"
"9004159",371979,2025-06-05 13:29:23,42.498607635498,-9.01465129852295,"Female"
"9004159",371979,2025-06-05 13:34:44,42.4986038208008,-9.01461887359619,"Female"
"9004159",371979,2025-06-05 13:39:19,42.4986763000488,-9.01442718505859,"Female"
"9004159",371979,2025-06-05 13:44:20,42.4985771179199,-9.01462936401367,"Female"
"9004159",371979,2025-06-05 13:49:19,42.4985275268555,-9.01473999023438,"Female"
"9004159",371979,2025-06-05 13:54:20,42.4987907409668,-9.01488399505615,"Female"
"9004159",371979,2025-06-05 13:59:20,42.4993629455566,-9.01380443572998,"Female"
"9004159",371979,2025-06-05 14:04:20,42.4991569519043,-9.01395225524902,"Female"
"9004159",371979,2025-06-05 14:09:21,42.4990158081055,-9.01397705078125,"Female"
"9004159",371979,2025-06-05 14:14:19,42.4990234375,-9.01394367218018,"Female"
"9004159",371979,2025-06-05 14:19:19,42.4991073608398,-9.01378917694092,"Female"
"9004159",371979,2025-06-05 14:24:20,42.4988021850586,-9.01431846618652,"Female"
"9004159",371979,2025-06-05 14:29:19,42.4987411499023,-9.01410579681396,"Female"
"9004159",371979,2025-06-05 14:34:43,42.4987716674805,-9.01473236083984,"Female"
"9004159",371979,2025-06-05 14:39:23,42.4985008239746,-9.01382732391357,"Female"
"9004159",371979,2025-06-05 14:44:22,42.4987983703613,-9.01487922668457,"Female"
"9004159",371979,2025-06-05 14:49:27,42.4984703063965,-9.01498508453369,"Female"
"9004159",371979,2025-06-05 14:54:22,42.4986000061035,-9.01484775543213,"Female"
"9004159",371979,2025-06-05 14:59:22,42.4991188049316,-9.01617050170898,"Female"
"9004159",371979,2025-06-05 15:04:27,42.4985656738281,-9.01482677459717,"Female"
"9004159",371979,2025-06-05 15:09:22,42.4987831115723,-9.01503086090088,"Female"
"9004159",371979,2025-06-05 15:14:21,42.4986190795898,-9.01585102081299,"Female"
"9004159",371979,2025-06-05 15:19:19,42.4988632202148,-9.01503849029541,"Female"
"9004159",371979,2025-06-05 15:24:19,42.4986839294434,-9.01430034637451,"Female"
"9004159",371979,2025-06-05 15:29:22,42.4988098144531,-9.01497173309326,"Female"
"9004159",371979,2025-06-05 15:34:44,42.4986457824707,-9.01462841033936,"Female"
"9004159",371979,2025-06-05 15:39:19,42.4986686706543,-9.01585006713867,"Female"
"9004159",371979,2025-06-05 15:44:22,42.4987030029297,-9.01485729217529,"Female"
"9004159",371979,2025-06-05 15:49:22,42.4988555908203,-9.01420974731445,"Female"
"9004159",371979,2025-06-05 15:54:28,42.4987258911133,-9.01453590393066,"Female"
"9004159",371979,2025-06-05 15:59:24,42.4987831115723,-9.01609134674072,"Female"
"9004159",371979,2025-06-05 16:04:30,42.4987564086914,-9.01445198059082,"Female"
"9004159",371979,2025-06-05 16:09:25,42.4987640380859,-9.01449584960938,"Female"
"9004159",371979,2025-06-05 16:14:20,42.4987182617188,-9.01394176483154,"Female"
"9004159",371979,2025-06-05 16:19:21,42.498722076416,-9.01482486724854,"Female"
"9004159",371979,2025-06-05 16:24:30,42.4986686706543,-9.01440143585205,"Female"
"9004159",371979,2025-06-05 16:29:30,42.4986801147461,-9.01449012756348,"Female"
"9004159",371979,2025-06-05 16:34:44,42.4988174438477,-9.01443099975586,"Female"
"9004159",371979,2025-06-05 16:39:49,42.4986114501953,-9.01468563079834,"Female"
"9004159",371979,2025-06-05 16:44:19,42.4986877441406,-9.01463890075684,"Female"
"9004159",371979,2025-06-05 16:49:19,42.4986839294434,-9.01461601257324,"Female"
"9004159",371979,2025-06-05 16:54:19,42.498607635498,-9.01464176177979,"Female"
"9004159",371979,2025-06-05 16:59:19,42.5019226074219,-9.01752376556396,"Female"
"9004159",371979,2025-06-05 17:04:19,42.5026168823242,-9.01656150817871,"Female"
"9004159",371979,2025-06-05 17:09:20,42.4985694885254,-9.01472091674805,"Female"
"9004159",371979,2025-06-05 17:14:21,42.4986038208008,-9.01471710205078,"Female"
"9004159",371979,2025-06-05 17:19:19,42.4985198974609,-9.01461029052734,"Female"
"9004159",371979,2025-06-05 17:24:19,42.5067520141602,-9.01801300048828,"Female"
"9004159",371979,2025-06-05 17:29:59,42.5085868835449,-9.01957130432129,"Female"
"9004159",371979,2025-06-05 17:35:02,42.5090255737305,-9.0184383392334,"Female"
"9004159",371979,2025-06-05 17:40:59,42.5011100769043,-9.01705455780029,"Female"
"9004159",371979,2025-06-05 17:46:03,42.5000534057617,-9.01840305328369,"Female"
"9004159",371979,2025-06-05 17:51:00,42.5005836486816,-9.01979064941406,"Female"
"9004159",371979,2025-06-05 17:56:57,42.5014610290527,-9.01546955108643,"Female"
"9004159",371979,2025-06-05 18:02:33,42.5017700195312,-9.01589488983154,"Female"
"9004159",371979,2025-06-05 18:07:37,42.5016860961914,-9.01586055755615,"Female"
"9004159",371979,2025-06-05 18:13:12,42.5020484924316,-9.01566696166992,"Female"
"9004159",371979,2025-06-05 18:18:12,42.5011215209961,-9.01595211029053,"Female"
"9004159",371979,2025-06-05 18:23:44,42.5014724731445,-9.0164794921875,"Female"
"9004159",371979,2025-06-05 18:29:34,42.5017166137695,-9.01569938659668,"Female"
"9004159",371979,2025-06-05 18:34:34,42.501537322998,-9.01584720611572,"Female"
"9004159",371979,2025-06-05 18:40:21,42.5010032653809,-9.01617622375488,"Female"
"9004159",371979,2025-06-05 18:46:44,42.5010986328125,-9.01698589324951,"Female"
"9004159",371979,2025-06-05 18:52:06,42.5009155273438,-9.01782703399658,"Female"
"9004159",371979,2025-06-05 18:57:58,42.5005874633789,-9.01819133758545,"Female"
"9004159",371979,2025-06-05 19:03:16,42.4998207092285,-9.01810550689697,"Female"
"9004159",371979,2025-06-05 19:09:27,42.5006942749023,-9.0182638168335,"Female"
"9004159",371979,2025-06-05 19:15:30,42.5000762939453,-9.01873111724854,"Female"
"9004159",371979,2025-06-05 19:21:31,42.5007553100586,-9.0190372467041,"Female"
"9004159",371979,2025-06-05 19:27:11,42.5010299682617,-9.0191593170166,"Female"
"9004159",371979,2025-06-05 19:33:06,42.5002555847168,-9.01912117004395,"Female"
"9004159",371979,2025-06-05 19:37:58,42.4999160766602,-9.01860237121582,"Female"
"9004159",371979,2025-06-05 19:43:06,42.4910278320312,-9.0026330947876,"Female"
"9004159",371979,2025-06-05 19:48:00,42.4894371032715,-8.99822902679443,"Female"
"9004159",371979,2025-06-05 19:53:00,42.487850189209,-9.00101757049561,"Female"
"9004159",371979,2025-06-05 19:58:13,42.4888191223145,-8.99703502655029,"Female"
"9004159",371979,2025-06-05 20:02:57,42.4893341064453,-8.99737930297852,"Female"
"9004159",371979,2025-06-05 20:08:01,42.4891777038574,-8.9972505569458,"Female"
"9004159",371979,2025-06-05 20:12:59,42.4889144897461,-8.99685764312744,"Female"
"9004159",371979,2025-06-05 20:17:59,42.4890403747559,-8.99707889556885,"Female"
"9004159",371979,2025-06-05 20:22:59,42.4890594482422,-8.99708843231201,"Female"
"9004159",371979,2025-06-05 20:28:01,42.4890937805176,-8.99717235565186,"Female"
"9004159",371979,2025-06-05 20:32:57,42.4891166687012,-8.99716663360596,"Female"
"9004159",371979,2025-06-05 20:37:59,42.4890975952148,-8.99721717834473,"Female"
"9004159",371979,2025-06-05 20:42:59,42.4890441894531,-8.99709987640381,"Female"
"9004159",371979,2025-06-05 20:47:59,42.4890747070312,-8.99719905853271,"Female"
"9004159",371979,2025-06-05 20:53:04,42.4892196655273,-8.99753665924072,"Female"
"9004159",371979,2025-06-05 20:57:56,42.4890785217285,-8.99711322784424,"Female"
"9004159",371979,2025-06-05 21:03:00,42.4889907836914,-8.99702072143555,"Female"
"9004159",371979,2025-06-05 21:07:59,42.4890213012695,-8.99707794189453,"Female"
"9004159",371979,2025-06-05 21:13:00,42.4893035888672,-8.9970235824585,"Female"
"9004159",371979,2025-06-05 21:17:59,42.4892234802246,-8.996994972229,"Female"
"9004159",371979,2025-06-05 21:23:01,42.4892807006836,-8.99684906005859,"Female"
"9004159",371979,2025-06-05 21:27:57,42.4893531799316,-8.99703788757324,"Female"
"9004159",371979,2025-06-05 21:32:58,42.4892578125,-8.99699783325195,"Female"
"9004159",371979,2025-06-05 21:38:15,42.4892349243164,-8.9970178604126,"Female"
"9004159",371979,2025-06-05 21:42:59,42.4891929626465,-8.9970531463623,"Female"
"9004159",371979,2025-06-05 21:48:13,42.4890022277832,-8.99729347229004,"Female"
"9004159",371979,2025-06-05 21:53:11,42.4889755249023,-8.99726676940918,"Female"
"9004159",371979,2025-06-05 21:58:35,42.4889221191406,-8.99697017669678,"Female"
"9004159",371979,2025-06-05 22:02:57,42.489185333252,-8.99691677093506,"Female"
"9004159",371979,2025-06-05 22:07:57,42.489200592041,-8.99693965911865,"Female"
"9004159",371979,2025-06-05 22:12:56,42.4891052246094,-8.99700546264648,"Female"
"9004159",371979,2025-06-05 22:17:56,42.4891204833984,-8.99701499938965,"Female"
"9004159",371979,2025-06-05 22:22:56,42.4891586303711,-8.99693202972412,"Female"
"9004159",371979,2025-06-05 22:27:56,42.4891014099121,-8.99698543548584,"Female"
"9004159",371979,2025-06-05 22:32:56,42.4890403747559,-8.99700164794922,"Female"
"9004159",371979,2025-06-05 22:37:56,42.4890365600586,-8.9970121383667,"Female"
"9004159",371979,2025-06-05 22:42:56,42.4888725280762,-8.99697589874268,"Female"
"9004159",371979,2025-06-05 22:47:56,42.4888191223145,-8.99705410003662,"Female"
"9004159",371979,2025-06-05 22:52:56,42.4887619018555,-8.99697494506836,"Female"
"9004159",371979,2025-06-05 22:57:56,42.4888191223145,-8.99646854400635,"Female"
"9004159",371979,2025-06-05 23:02:56,42.488826751709,-8.99688243865967,"Female"
"9004159",371979,2025-06-05 23:07:57,42.4888038635254,-8.99654674530029,"Female"
"9004159",371979,2025-06-05 23:12:56,42.4888229370117,-8.99690532684326,"Female"
"9004159",371979,2025-06-05 23:17:56,42.4888229370117,-8.99669742584229,"Female"
"9004159",371979,2025-06-05 23:22:57,42.4888381958008,-8.99697685241699,"Female"
"9004159",371979,2025-06-05 23:27:56,42.4889526367188,-8.9969425201416,"Female"
"9004159",371979,2025-06-05 23:32:57,42.488956451416,-8.99691295623779,"Female"
"9004159",371979,2025-06-05 23:37:56,42.4888534545898,-8.99686622619629,"Female"
"9004159",371979,2025-06-05 23:42:56,42.4880867004395,-8.99673461914062,"Female"
"9004159",371979,2025-06-05 23:47:57,42.488956451416,-8.99687957763672,"Female"
"9004159",371979,2025-06-05 23:53:28,42.489086151123,-8.99698925018311,"Female"
"9004159",371979,2025-06-05 23:57:55,42.4890785217285,-8.99703788757324,"Female"
"9004159",371979,2025-06-06 00:02:55,42.4890327453613,-8.99701690673828,"Female"
"9004159",371979,2025-06-06 00:07:55,42.488956451416,-8.99705791473389,"Female"
"9004159",371979,2025-06-06 00:12:57,42.488899230957,-8.99707794189453,"Female"
"9004159",371979,2025-06-06 00:17:55,42.4890098571777,-8.99703598022461,"Female"
"9004159",371979,2025-06-06 00:22:55,42.4889984130859,-8.99708557128906,"Female"
"9004159",371979,2025-06-06 00:27:56,42.4889869689941,-8.99707317352295,"Female"
"9004159",371979,2025-06-06 00:32:56,42.4890289306641,-8.99705028533936,"Female"
"9004159",371979,2025-06-06 00:37:56,42.4889945983887,-8.99703121185303,"Female"
"9004159",371979,2025-06-06 00:42:56,42.4889984130859,-8.99703216552734,"Female"
"9004159",371979,2025-06-06 00:47:56,42.4889526367188,-8.99703693389893,"Female"
"9004159",371979,2025-06-06 00:52:56,42.4889755249023,-8.99708461761475,"Female"
"9004159",371979,2025-06-06 00:57:56,42.4889717102051,-8.99704360961914,"Female"
"9004159",371979,2025-06-06 01:02:56,42.4889640808105,-8.99709224700928,"Female"
"9004159",371979,2025-06-06 01:07:56,42.4889678955078,-8.99704647064209,"Female"
"9004159",371979,2025-06-06 01:12:56,42.4889869689941,-8.99710369110107,"Female"
"9004159",371979,2025-06-06 01:17:57,42.4889678955078,-8.9970064163208,"Female"
"9004159",371979,2025-06-06 01:22:56,42.4890213012695,-8.99707698822021,"Female"
"9004159",371979,2025-06-06 01:27:57,42.4889183044434,-8.9970874786377,"Female"
"9004159",371979,2025-06-06 01:32:57,42.4889717102051,-8.99701881408691,"Female"
"9004159",371979,2025-06-06 01:37:58,42.4889640808105,-8.99707794189453,"Female"
"9004159",371979,2025-06-06 01:42:57,42.4890098571777,-8.99707126617432,"Female"
"9004159",371979,2025-06-06 01:47:57,42.4889678955078,-8.99703311920166,"Female"
"9004159",371979,2025-06-06 01:52:56,42.4890251159668,-8.99699211120605,"Female"
"9004159",371979,2025-06-06 01:57:57,42.4889945983887,-8.99702548980713,"Female"
"9004159",371979,2025-06-06 02:02:57,42.4890556335449,-8.99706363677979,"Female"
"9004159",371979,2025-06-06 02:07:57,42.4889831542969,-8.99711513519287,"Female"
"9004159",371979,2025-06-06 02:12:57,42.4890251159668,-8.99710178375244,"Female"
"9004159",371979,2025-06-06 02:17:58,42.488956451416,-8.99698829650879,"Female"
"9004159",371979,2025-06-06 02:23:06,42.4889831542969,-8.99710083007812,"Female"
"9004159",371979,2025-06-06 02:27:56,42.4889793395996,-8.99707412719727,"Female"
"9004159",371979,2025-06-06 02:33:00,42.4889335632324,-8.99716663360596,"Female"
"9004159",371979,2025-06-06 02:37:58,42.4889793395996,-8.99707698822021,"Female"
"9004159",371979,2025-06-06 02:42:58,42.4890785217285,-8.99739837646484,"Female"
"9004159",371979,2025-06-06 02:48:00,42.4890823364258,-8.99735736846924,"Female"
"9004159",371979,2025-06-06 02:53:08,42.4889945983887,-8.99741840362549,"Female"
"9004159",371979,2025-06-06 02:58:04,42.4889144897461,-8.99723434448242,"Female"
"9004159",371979,2025-06-06 03:03:05,42.4890174865723,-8.99732303619385,"Female"
"9004159",371979,2025-06-06 03:08:05,42.4890480041504,-8.99738311767578,"Female"
"9004159",371979,2025-06-06 03:13:06,42.4890785217285,-8.9974946975708,"Female"
"9004159",371979,2025-06-06 03:18:13,42.4891471862793,-8.99727058410645,"Female"
"9004159",371979,2025-06-06 03:22:56,42.4892654418945,-8.99719619750977,"Female"
"9004159",371979,2025-06-06 03:27:59,42.489200592041,-8.9971809387207,"Female"
"9004159",371979,2025-06-06 03:33:00,42.4891242980957,-8.99719142913818,"Female"
"9004159",371979,2025-06-06 03:37:57,42.4892120361328,-8.99721336364746,"Female"
"9004159",371979,2025-06-06 03:43:05,42.4890975952148,-8.99766445159912,"Female"
"9004159",371979,2025-06-06 03:48:00,42.4891319274902,-8.9977502822876,"Female"
"9004159",371979,2025-06-06 03:53:04,42.489803314209,-8.99729633331299,"Female"
"9004159",371979,2025-06-06 03:57:58,42.4890785217285,-8.99673366546631,"Female"
"9004159",371979,2025-06-06 04:03:00,42.4895439147949,-8.99654960632324,"Female"
"9004159",371979,2025-06-06 04:08:00,42.48828125,-8.99522972106934,"Female"
"9004159",371979,2025-06-06 04:12:59,42.4895133972168,-8.99667739868164,"Female"
"9004159",371979,2025-06-06 04:17:59,42.4896583557129,-8.99641704559326,"Female"
"9004159",371979,2025-06-06 04:22:58,42.4896697998047,-8.99647521972656,"Female"
"9004159",371979,2025-06-06 04:27:57,42.4897575378418,-8.99636936187744,"Female"
"9004159",371979,2025-06-06 04:33:00,42.4898414611816,-8.99634552001953,"Female"
"9004159",371979,2025-06-06 04:37:59,42.4898834228516,-8.99624729156494,"Female"
"9004159",371979,2025-06-06 04:42:58,42.4900398254395,-8.99604034423828,"Female"
"9004159",371979,2025-06-06 04:47:58,42.4896011352539,-8.99660205841064,"Female"
"9004159",371979,2025-06-06 04:52:59,42.4896659851074,-8.99646091461182,"Female"
"9004159",371979,2025-06-06 04:57:59,42.4888648986816,-8.99756908416748,"Female"
"9004159",371979,2025-06-06 05:02:59,42.489185333252,-8.99688243865967,"Female"
"9004159",371979,2025-06-06 05:07:56,42.4891624450684,-8.99688339233398,"Female"
"9004159",371979,2025-06-06 05:12:57,42.489143371582,-8.99693584442139,"Female"
"9004159",371979,2025-06-06 05:17:58,42.4888076782227,-8.99727439880371,"Female"
"9004159",371979,2025-06-06 05:23:04,42.488899230957,-8.99734878540039,"Female"
"9004159",371979,2025-06-06 05:27:59,42.4886856079102,-8.99751281738281,"Female"
"9004159",371979,2025-06-06 05:33:00,42.4889106750488,-8.99711799621582,"Female"
"9004159",371979,2025-06-06 05:37:59,42.4887809753418,-8.99708843231201,"Female"
"9004159",371979,2025-06-06 05:43:00,42.4888496398926,-8.99720287322998,"Female"
"9004159",371979,2025-06-06 05:47:59,42.4889450073242,-8.99719047546387,"Female"
"9004159",371979,2025-06-06 05:52:59,42.4890899658203,-8.99706268310547,"Female"
"9004159",371979,2025-06-06 05:57:58,42.4890785217285,-8.99697971343994,"Female"
"9004159",371979,2025-06-06 06:02:58,42.4889297485352,-8.99703121185303,"Female"
"9004159",371979,2025-06-06 06:08:07,42.4888305664062,-8.99713706970215,"Female"
"9004159",371979,2025-06-06 06:13:03,42.4890441894531,-8.99725723266602,"Female"
"9004159",371979,2025-06-06 06:17:58,42.489185333252,-8.99689769744873,"Female"
"9004159",371979,2025-06-06 06:22:56,42.4889678955078,-8.99709033966064,"Female"
"9004159",371979,2025-06-06 06:27:57,42.4889869689941,-8.99711227416992,"Female"
"9004159",371979,2025-06-06 06:32:57,42.4889717102051,-8.99702453613281,"Female"
"9004159",371979,2025-06-06 06:37:56,42.4889602661133,-8.9970588684082,"Female"
"9004159",371979,2025-06-06 06:42:56,42.4890441894531,-8.99712467193604,"Female"
"9004159",371979,2025-06-06 06:47:56,42.4889297485352,-8.99699974060059,"Female"
"9004159",371979,2025-06-06 06:52:57,42.488941192627,-8.99721431732178,"Female"
"9004159",371979,2025-06-06 06:57:56,42.4889793395996,-8.99723529815674,"Female"
"9004159",371979,2025-06-06 07:02:56,42.4889907836914,-8.99650001525879,"Female"
"9004159",371979,2025-06-06 07:07:57,42.4889373779297,-8.9971981048584,"Female"
"9004159",371979,2025-06-06 07:12:56,42.4893798828125,-8.99721622467041,"Female"
"9004159",371979,2025-06-06 07:17:56,42.489185333252,-8.99699020385742,"Female"
"9004159",371979,2025-06-06 07:22:57,42.4892807006836,-8.99670886993408,"Female"
"9004159",371979,2025-06-06 07:27:58,42.4890975952148,-8.99700546264648,"Female"
"9004159",371979,2025-06-06 07:32:57,42.4892807006836,-8.99690723419189,"Female"
"9004159",371979,2025-06-06 07:37:57,42.4891471862793,-8.99696731567383,"Female"
"9004159",371979,2025-06-06 07:42:56,42.4892349243164,-8.99696636199951,"Female"
"9004159",371979,2025-06-06 07:47:59,42.4892387390137,-8.99698543548584,"Female"
"9004159",371979,2025-06-06 07:52:56,42.4891586303711,-8.99696159362793,"Female"
"9004159",371979,2025-06-06 07:57:56,42.4919624328613,-8.99725818634033,"Female"
"9004159",371979,2025-06-06 08:02:56,42.493236541748,-8.99912071228027,"Female"
"9004159",371979,2025-06-06 08:07:57,42.5081443786621,-9.01270008087158,"Female"
"9004159",371979,2025-06-06 08:13:26,42.5093879699707,-9.01238632202148,"Female"
"9004159",371979,2025-06-06 08:18:55,42.5109481811523,-9.01394844055176,"Female"
"9004159",371979,2025-06-06 08:23:56,42.512134552002,-9.01579570770264,"Female"
"9004159",371979,2025-06-06 08:28:56,42.5112419128418,-9.01803398132324,"Female"
"9004159",371979,2025-06-06 08:34:19,42.5106163024902,-9.01896286010742,"Female"
"9004159",371979,2025-06-06 08:39:18,42.5100135803223,-9.02021312713623,"Female"
"9004159",371979,2025-06-06 08:44:22,42.5091133117676,-9.02033615112305,"Female"
"9004159",371979,2025-06-06 08:55:24,42.5114631652832,-9.01575088500977,"Female"
"9004159",371979,2025-06-06 09:00:31,42.5111236572266,-9.01805210113525,"Female"
"9004159",371979,2025-06-06 09:06:02,42.5113563537598,-9.01689052581787,"Female"
"9004159",371979,2025-06-06 09:11:27,42.5119132995605,-9.01748752593994,"Female"
"9004159",371979,2025-06-06 09:17:19,42.5119552612305,-9.01637554168701,"Female"
"9004159",371979,2025-06-06 09:22:16,42.5115547180176,-9.01752090454102,"Female"
"9004159",371979,2025-06-06 09:27:27,42.5109519958496,-9.01752758026123,"Female"
"9004159",371979,2025-06-06 09:32:26,42.5111351013184,-9.01747703552246,"Female"
"9004159",371979,2025-06-06 09:37:43,42.5106582641602,-9.01908111572266,"Female"
"9004159",371979,2025-06-06 09:43:23,42.5110206604004,-9.01745796203613,"Female"
"9004159",371979,2025-06-06 09:48:50,42.5104293823242,-9.01492881774902,"Female"
"9004159",371979,2025-06-06 09:54:07,42.5085487365723,-9.01448535919189,"Female"
"9004159",371979,2025-06-06 09:59:36,42.5088233947754,-9.01369667053223,"Female"
"9004159",371979,2025-06-06 10:04:36,42.5077934265137,-9.01492500305176,"Female"
"9004159",371979,2025-06-06 10:09:45,42.5075263977051,-9.01456832885742,"Female"
"9004159",371979,2025-06-06 10:14:46,42.5087203979492,-9.01536846160889,"Female"
"9004159",371979,2025-06-06 10:19:45,42.5098648071289,-9.01679420471191,"Female"
"9004159",371979,2025-06-06 10:24:48,42.5097961425781,-9.01899814605713,"Female"
"9004159",371979,2025-06-06 10:30:45,42.5084037780762,-9.02005481719971,"Female"
"9004159",371979,2025-06-06 10:35:46,42.5067024230957,-9.01983547210693,"Female"
"9004159",371979,2025-06-06 10:40:49,42.5048484802246,-9.02091789245605,"Female"
"9004159",371979,2025-06-06 10:45:51,42.5015754699707,-9.02168941497803,"Female"
"9004159",371979,2025-06-06 10:51:31,42.5018157958984,-9.02279949188232,"Female"
"9004159",371979,2025-06-06 10:56:40,42.503734588623,-9.0244779586792,"Female"
"9004159",371979,2025-06-06 11:01:45,42.5048637390137,-9.02379035949707,"Female"
"9004159",371979,2025-06-06 11:07:31,42.5067367553711,-9.0238094329834,"Female"
"9004159",371979,2025-06-06 11:12:34,42.5078086853027,-9.02079010009766,"Female"
"9004159",371979,2025-06-06 11:18:09,42.5092620849609,-9.01959896087646,"Female"
"9004159",371979,2025-06-06 11:26:23,42.5099830627441,-9.01973438262939,"Female"
"9004159",371979,2025-06-06 11:34:51,42.5094604492188,-9.01997470855713,"Female"
"9004159",371979,2025-06-06 11:39:52,42.5100288391113,-9.0182991027832,"Female"
"9004159",371979,2025-06-06 11:55:48,42.5097427368164,-9.01871109008789,"Female"
"9004159",371979,2025-06-06 12:02:36,42.5099296569824,-9.02003574371338,"Female"
"9004159",371979,2025-06-06 12:07:36,42.5097045898438,-9.02069568634033,"Female"
"9004159",371979,2025-06-06 12:14:23,42.5111312866211,-9.0202112197876,"Female"
"9004159",371979,2025-06-06 12:19:23,42.5108451843262,-9.01972389221191,"Female"
"9004159",371979,2025-06-06 12:26:47,42.5101470947266,-9.02021884918213,"Female"
"9004159",371979,2025-06-06 12:32:29,42.5107803344727,-9.02098846435547,"Female"
"9004159",371979,2025-06-06 12:37:37,42.509391784668,-9.02063083648682,"Female"
"9004159",371979,2025-06-06 12:43:29,42.510326385498,-9.01973152160645,"Female"
"9004159",371979,2025-06-06 12:49:17,42.511402130127,-9.01883029937744,"Female"
"9004159",371979,2025-06-06 12:54:18,42.5115661621094,-9.01707744598389,"Female"
"9004159",371979,2025-06-06 12:59:18,42.5109367370605,-9.01517772674561,"Female"
"9004159",371979,2025-06-06 13:04:19,42.4986724853516,-9.01470565795898,"Female"
"9004159",371979,2025-06-06 13:09:18,42.4986305236816,-9.01471519470215,"Female"
"9004159",371979,2025-06-06 13:14:17,42.4985847473145,-9.01475429534912,"Female"
"9004159",371979,2025-06-06 13:19:21,42.498706817627,-9.01467418670654,"Female"
"9004159",371979,2025-06-06 13:24:17,42.4986801147461,-9.01471042633057,"Female"
"9004159",371979,2025-06-06 13:29:17,42.4986724853516,-9.01470375061035,"Female"
"9004159",371979,2025-06-06 13:34:19,42.4987106323242,-9.01460838317871,"Female"
"9004159",371979,2025-06-06 13:39:17,42.4985275268555,-9.01476097106934,"Female"
"9004159",371979,2025-06-06 13:44:17,42.4986190795898,-9.0147180557251,"Female"
"9004159",371979,2025-06-06 13:49:18,42.4987335205078,-9.01471996307373,"Female"
"9004159",371979,2025-06-06 13:54:17,42.4986228942871,-9.0147066116333,"Female"
"9004159",371979,2025-06-06 13:59:17,42.4986572265625,-9.0147123336792,"Female"
"9004159",371979,2025-06-06 14:04:17,42.4985809326172,-9.01475143432617,"Female"
"9004159",371979,2025-06-06 14:09:17,42.498649597168,-9.01471710205078,"Female"
"9004159",371979,2025-06-06 14:14:17,42.4986228942871,-9.01468086242676,"Female"
"9004159",371979,2025-06-06 14:19:18,42.4987564086914,-9.01471328735352,"Female"
"9004159",371979,2025-06-06 14:24:18,42.4986038208008,-9.01467323303223,"Female"
"9004159",371979,2025-06-06 14:29:17,42.4985961914062,-9.01471614837646,"Female"
"9004159",371979,2025-06-06 14:34:17,42.4986572265625,-9.01468276977539,"Female"
"9004159",371979,2025-06-06 14:39:17,42.4986610412598,-9.01468467712402,"Female"
"9004159",371979,2025-06-06 14:44:17,42.4985466003418,-9.01468944549561,"Female"
"9004159",371979,2025-06-06 14:49:17,42.4986228942871,-9.01469230651855,"Female"
"9004159",371979,2025-06-06 14:54:17,42.4985008239746,-9.01471996307373,"Female"
"9004159",371979,2025-06-06 14:59:17,42.4984474182129,-9.01471519470215,"Female"
"9004159",371979,2025-06-06 15:04:17,42.4985313415527,-9.01474857330322,"Female"
"9004159",371979,2025-06-06 15:09:17,42.4983787536621,-9.01463508605957,"Female"
"9004159",371979,2025-06-06 15:14:44,42.4986763000488,-9.01426792144775,"Female"
"9004159",371979,2025-06-06 15:19:17,42.4986000061035,-9.01457500457764,"Female"
"9004159",371979,2025-06-06 15:24:17,42.4986686706543,-9.01459312438965,"Female"
"9004159",371979,2025-06-06 15:29:17,42.4986457824707,-9.01471519470215,"Female"
"9004159",371979,2025-06-06 15:34:17,42.4986305236816,-9.01469993591309,"Female"
"9004159",371979,2025-06-06 15:39:17,42.4986763000488,-9.0146369934082,"Female"
"9004159",371979,2025-06-06 15:44:17,42.4986381530762,-9.01462364196777,"Female"
"9004159",371979,2025-06-06 15:49:44,42.4984283447266,-9.01450729370117,"Female"
"9004159",371979,2025-06-06 15:54:17,42.4985198974609,-9.01461791992188,"Female"
"9004159",371979,2025-06-06 15:59:18,42.4987373352051,-9.01475143432617,"Female"
"9004159",371979,2025-06-06 16:04:24,42.4985847473145,-9.01459693908691,"Female"
"9004159",371979,2025-06-06 16:09:17,42.4985427856445,-9.01464080810547,"Female"
"9004159",371979,2025-06-06 16:14:17,42.4985809326172,-9.0147123336792,"Female"
"9004159",371979,2025-06-06 16:19:17,42.4985733032227,-9.01465702056885,"Female"
"9004159",371979,2025-06-06 16:24:23,42.4986534118652,-9.0145435333252,"Female"
"9004159",371979,2025-06-06 16:29:17,42.4985275268555,-9.01478290557861,"Female"
"9004159",371979,2025-06-06 16:34:17,42.4985237121582,-9.01471900939941,"Female"
"9004159",371979,2025-06-06 16:39:44,42.4987182617188,-9.01488494873047,"Female"
"9004159",371979,2025-06-06 16:44:17,42.4986190795898,-9.01488876342773,"Female"
"9004159",371979,2025-06-06 16:49:17,42.4985694885254,-9.01487255096436,"Female"
"9004159",371979,2025-06-06 16:54:21,42.4986381530762,-9.01503562927246,"Female"
"9004159",371979,2025-06-06 16:59:24,42.4986534118652,-9.01499176025391,"Female"
"9004159",371979,2025-06-06 17:04:25,42.4986839294434,-9.0146484375,"Female"
"9004159",371979,2025-06-06 17:09:21,42.4986457824707,-9.01470470428467,"Female"
"9004159",371979,2025-06-06 17:14:27,42.4987411499023,-9.01452922821045,"Female"
"9004159",371979,2025-06-06 17:19:53,42.4986190795898,-9.0146656036377,"Female"
"9004159",371979,2025-06-06 17:24:16,42.4985656738281,-9.01459789276123,"Female"
"9004159",371979,2025-06-06 17:29:16,42.4985237121582,-9.01461410522461,"Female"
"9004159",371979,2025-06-06 17:34:17,42.4986457824707,-9.01483154296875,"Female"
"9004159",371979,2025-06-06 17:39:17,42.4986763000488,-9.01464939117432,"Female"
"9004159",371979,2025-06-06 17:44:17,42.4987144470215,-9.01475143432617,"Female"
"9004159",371979,2025-06-06 17:49:17,42.4987144470215,-9.01482772827148,"Female"
"9004159",371979,2025-06-06 17:54:18,42.4986763000488,-9.01478004455566,"Female"
"9004159",371979,2025-06-06 17:59:17,42.4987258911133,-9.01481819152832,"Female"
"9004159",371979,2025-06-06 18:04:17,42.4986610412598,-9.01492023468018,"Female"
"9004159",371979,2025-06-06 18:09:17,42.5013694763184,-9.01610374450684,"Female"
"9004159",371979,2025-06-06 18:14:18,42.5031585693359,-9.01494789123535,"Female"
"9004159",371979,2025-06-06 18:19:17,42.5022125244141,-9.01690101623535,"Female"
"9004159",371979,2025-06-06 18:24:22,42.5007209777832,-9.01859283447266,"Female"
"9004159",371979,2025-06-06 18:30:33,42.5008583068848,-9.01918601989746,"Female"
"9004159",371979,2025-06-06 18:36:08,42.5013008117676,-9.0184268951416,"Female"
"9004159",371979,2025-06-06 18:42:14,42.5015029907227,-9.01595973968506,"Female"
"9004159",371979,2025-06-06 18:47:14,42.5022506713867,-9.01589679718018,"Female"
"9004159",371979,2025-06-06 18:54:16,42.5012893676758,-9.01909732818604,"Female"
"9004159",371979,2025-06-06 18:59:31,42.5005226135254,-9.01891899108887,"Female"
"9004159",371979,2025-06-06 19:04:25,42.5017509460449,-9.01741886138916,"Female"
"9004159",371979,2025-06-06 19:09:30,42.5008583068848,-9.01802062988281,"Female"
"9004159",371979,2025-06-06 19:15:33,42.5001792907715,-9.01893043518066,"Female"
"9004159",371979,2025-06-06 19:21:13,42.5012397766113,-9.01961421966553,"Female"
"9004159",371979,2025-06-06 19:27:19,42.5011291503906,-9.0202693939209,"Female"
"9004159",371979,2025-06-06 19:33:03,42.5012550354004,-9.01834487915039,"Female"
"9004159",371979,2025-06-06 19:38:40,42.5016174316406,-9.01704502105713,"Female"
"9004159",371979,2025-06-06 19:43:40,42.501708984375,-9.0162992477417,"Female"
"9004159",371979,2025-06-06 19:48:40,42.5015449523926,-9.01599025726318,"Female"
"9004159",371979,2025-06-06 19:53:41,42.501838684082,-9.01625156402588,"Female"
"9004159",371979,2025-06-06 19:59:04,42.5010757446289,-9.01605701446533,"Female"
"9004159",371979,2025-06-06 20:04:04,42.5013198852539,-9.01665782928467,"Female"
"9004159",371979,2025-06-06 20:09:04,42.4890518188477,-8.99708843231201,"Female"
"9004159",371979,2025-06-06 20:14:03,42.4889945983887,-8.99744319915771,"Female"
"9004159",371979,2025-06-06 20:19:03,42.4889678955078,-8.99745082855225,"Female"
"9004159",371979,2025-06-06 20:24:03,42.4890823364258,-8.99754428863525,"Female"
"9004159",371979,2025-06-06 20:29:03,42.4891357421875,-8.99750804901123,"Female"
"9004159",371979,2025-06-06 20:34:12,42.4890937805176,-8.99730682373047,"Female"
"9004159",371979,2025-06-06 20:39:03,42.4891128540039,-8.99748706817627,"Female"
"9004159",371979,2025-06-06 20:44:04,42.4888458251953,-8.99744033813477,"Female"
"9004159",371979,2025-06-06 20:49:03,42.4891357421875,-8.99744892120361,"Female"
"9004159",371979,2025-06-06 20:54:04,42.4889640808105,-8.99732875823975,"Female"
"9004159",371979,2025-06-06 20:59:03,42.4890937805176,-8.99735260009766,"Female"
"9004159",371979,2025-06-06 21:04:10,42.4890365600586,-8.99705028533936,"Female"
"9004159",371979,2025-06-06 21:09:04,42.4889831542969,-8.99705505371094,"Female"
"9004159",371979,2025-06-06 21:14:03,42.4891777038574,-8.99724674224854,"Female"
"9004159",371979,2025-06-06 21:19:03,42.4892044067383,-8.99717235565186,"Female"
"9004159",371979,2025-06-06 21:24:04,42.4891166687012,-8.99709129333496,"Female"
"9004159",371979,2025-06-06 21:29:04,42.4891166687012,-8.99711894989014,"Female"
"9004159",371979,2025-06-06 21:34:07,42.4891586303711,-8.99710750579834,"Female"
"9004159",371979,2025-06-06 21:39:03,42.4892349243164,-8.99717998504639,"Female"
"9004159",371979,2025-06-06 21:44:03,42.4891166687012,-8.99697399139404,"Female"
"9004159",371979,2025-06-06 21:49:04,42.4892921447754,-8.99717903137207,"Female"
"9004159",371979,2025-06-06 21:54:05,42.4892196655273,-8.99702167510986,"Female"
"9004159",371979,2025-06-06 21:59:03,42.4890937805176,-8.99700450897217,"Female"
"9004159",371979,2025-06-06 22:04:03,42.4891586303711,-8.99697875976562,"Female"
"9004159",371979,2025-06-06 22:09:03,42.4892044067383,-8.99695873260498,"Female"
"9004159",371979,2025-06-06 22:14:03,42.4891014099121,-8.99695777893066,"Female"
"9004159",371979,2025-06-06 22:19:03,42.4891700744629,-8.9970006942749,"Female"
"9004159",371979,2025-06-06 22:24:03,42.4893684387207,-8.99721240997314,"Female"
"9004159",371979,2025-06-06 22:29:03,42.4892616271973,-8.9970588684082,"Female"
"9004159",371979,2025-06-06 22:34:03,42.4891815185547,-8.99698925018311,"Female"
"9004159",371979,2025-06-06 22:39:03,42.4893646240234,-8.99720191955566,"Female"
"9004159",371979,2025-06-06 22:44:03,42.4892158508301,-8.9971170425415,"Female"
"9004159",371979,2025-06-06 22:49:04,42.4892425537109,-8.99712467193604,"Female"
"9004159",371979,2025-06-06 22:54:03,42.4893417358398,-8.9971866607666,"Female"
"9004159",371979,2025-06-06 22:59:04,42.4893531799316,-8.99715042114258,"Female"
"9004159",371979,2025-06-06 23:04:04,42.4892768859863,-8.9972038269043,"Female"
"9004159",371979,2025-06-06 23:09:03,42.4892959594727,-8.99720191955566,"Female"
"9004159",371979,2025-06-06 23:14:04,42.4892349243164,-8.99706268310547,"Female"
"9004159",371979,2025-06-06 23:19:04,42.4892807006836,-8.99707412719727,"Female"
"9004159",371979,2025-06-06 23:24:04,42.4893035888672,-8.9971227645874,"Female"
"9004159",371979,2025-06-06 23:29:04,42.4892730712891,-8.99709987640381,"Female"
"9004159",371979,2025-06-06 23:34:04,42.4892425537109,-8.99718856811523,"Female"
"9004159",371979,2025-06-06 23:39:04,42.4892272949219,-8.9969367980957,"Female"
"9004159",371979,2025-06-06 23:44:04,42.4892387390137,-8.9970817565918,"Female"
"9004159",371979,2025-06-06 23:49:04,42.4892425537109,-8.99707984924316,"Female"
"9004159",371979,2025-06-06 23:54:03,42.4892311096191,-8.99713325500488,"Female"
"9004159",371979,2025-06-06 23:59:03,42.4892196655273,-8.99708080291748,"Female"
"9004159",371979,2025-06-07 00:04:04,42.4892539978027,-8.99708271026611,"Female"
"9004159",371979,2025-06-07 00:09:04,42.489185333252,-8.99714660644531,"Female"
"9004159",371979,2025-06-07 00:14:04,42.4891929626465,-8.99711608886719,"Female"
"9004159",371979,2025-06-07 00:19:06,42.4892539978027,-8.99714279174805,"Female"
"9004159",371979,2025-06-07 00:24:06,42.4891548156738,-8.99723625183105,"Female"
"9004159",371979,2025-06-07 00:29:04,42.4891548156738,-8.99717044830322,"Female"
"9004159",371979,2025-06-07 00:34:06,42.4892044067383,-8.99714756011963,"Female"
"9004159",371979,2025-06-07 00:39:04,42.4891967773438,-8.99719142913818,"Female"
"9004159",371979,2025-06-07 00:44:09,42.4890441894531,-8.99712085723877,"Female"
"9004159",371979,2025-06-07 00:49:04,42.4888801574707,-8.99698734283447,"Female"
"9004159",371979,2025-06-07 00:54:04,42.4887809753418,-8.99691963195801,"Female"
"9004159",371979,2025-06-07 00:59:04,42.4890937805176,-8.99718284606934,"Female"
"9004159",371979,2025-06-07 01:04:04,42.4891662597656,-8.99721145629883,"Female"
"9004159",371979,2025-06-07 01:09:04,42.4888191223145,-8.99702262878418,"Female"
"9004159",371979,2025-06-07 01:14:06,42.4889869689941,-8.99703502655029,"Female"
"9004159",371979,2025-06-07 01:19:04,42.4889717102051,-8.99703121185303,"Female"
"9004159",371979,2025-06-07 01:24:06,42.4889640808105,-8.99697971343994,"Female"
"9004159",371979,2025-06-07 01:29:04,42.4889678955078,-8.9970006942749,"Female"
"9004159",371979,2025-06-07 01:34:35,42.4890251159668,-8.99703025817871,"Female"
"9004159",371979,2025-06-07 01:39:02,42.4890670776367,-8.99706554412842,"Female"
"9004159",371979,2025-06-07 01:44:02,42.4890670776367,-8.99705123901367,"Female"
"9004159",371979,2025-06-07 01:49:02,42.4890556335449,-8.99705219268799,"Female"
"9004159",371979,2025-06-07 01:54:02,42.4890632629395,-8.9970588684082,"Female"
"9004159",371979,2025-06-07 01:59:03,42.4890213012695,-8.99709320068359,"Female"
"9004159",371979,2025-06-07 02:04:03,42.4890632629395,-8.99708652496338,"Female"
"9004159",371979,2025-06-07 02:09:03,42.4890441894531,-8.99711894989014,"Female"
"9004159",371979,2025-06-07 02:14:03,42.4889640808105,-8.99712944030762,"Female"
"9004159",371979,2025-06-07 02:19:02,42.4890441894531,-8.9971923828125,"Female"
"9004159",371979,2025-06-07 02:24:04,42.4890251159668,-8.99697017669678,"Female"
"9004159",371979,2025-06-07 02:29:04,42.4890594482422,-8.99696922302246,"Female"
"9004159",371979,2025-06-07 02:34:02,42.4888725280762,-8.99725437164307,"Female"
"9004159",371979,2025-06-07 02:39:07,42.4889030456543,-8.99706268310547,"Female"
"9004159",371979,2025-06-07 02:44:06,42.4889450073242,-8.99700832366943,"Female"
"9004159",371979,2025-06-07 02:49:06,42.488899230957,-8.99702453613281,"Female"
"9004159",371979,2025-06-07 02:54:03,42.488826751709,-8.99713897705078,"Female"
"9004159",371979,2025-06-07 02:59:03,42.4887962341309,-8.99716758728027,"Female"
"9004159",371979,2025-06-07 03:04:04,42.4889984130859,-8.99692726135254,"Female"
"9004159",371979,2025-06-07 03:09:03,42.4889259338379,-8.99702644348145,"Female"
"9004159",371979,2025-06-07 03:14:03,42.4887580871582,-8.99717330932617,"Female"
"9004159",371979,2025-06-07 03:19:03,42.4888153076172,-8.99708080291748,"Female"
"9004159",371979,2025-06-07 03:24:03,42.4888038635254,-8.99709415435791,"Female"
"9004159",371979,2025-06-07 03:29:08,42.4889640808105,-8.99699783325195,"Female"
"9004159",371979,2025-06-07 03:34:03,42.4888458251953,-8.99696826934814,"Female"
"9004159",371979,2025-06-07 03:39:07,42.488826751709,-8.99704074859619,"Female"
"9004159",371979,2025-06-07 03:44:06,42.4887504577637,-8.99703502655029,"Female"
"9004159",371979,2025-06-07 03:49:02,42.4887847900391,-8.99699401855469,"Female"
"9004159",371979,2025-06-07 03:54:07,42.4887733459473,-8.99695301055908,"Female"
"9004159",371979,2025-06-07 03:59:09,42.4890098571777,-8.99715328216553,"Female"
"9004159",371979,2025-06-07 04:04:03,42.4888305664062,-8.99699115753174,"Female"
"9004159",371979,2025-06-07 04:09:03,42.4884948730469,-8.99652862548828,"Female"
"9004159",371979,2025-06-07 04:14:09,42.4889907836914,-8.99714851379395,"Female"
"9004159",371979,2025-06-07 04:19:04,42.4890441894531,-8.9971752166748,"Female"
"9004159",371979,2025-06-07 04:24:04,42.488956451416,-8.99702835083008,"Female"
"9004159",371979,2025-06-07 04:29:04,42.4890594482422,-8.99717235565186,"Female"
"9004159",371979,2025-06-07 04:34:03,42.4890098571777,-8.99711322784424,"Female"
"9004159",371979,2025-06-07 04:39:07,42.489185333252,-8.99707221984863,"Female"
"9004159",371979,2025-06-07 04:44:08,42.4892807006836,-8.99708843231201,"Female"
"9004159",371979,2025-06-07 04:49:07,42.4893112182617,-8.99711513519287,"Female"
"9004159",371979,2025-06-07 04:54:06,42.4892539978027,-8.99713706970215,"Female"
"9004159",371979,2025-06-07 04:59:07,42.488941192627,-8.99695205688477,"Female"
"9004159",371979,2025-06-07 05:04:06,42.4890518188477,-8.9969310760498,"Female"
"9004159",371979,2025-06-07 05:09:15,42.4891128540039,-8.99728393554688,"Female"
"9004159",371979,2025-06-07 05:14:07,42.4890823364258,-8.99729537963867,"Female"
"9004159",371979,2025-06-07 05:19:05,42.4890213012695,-8.99725723266602,"Female"
"9004159",371979,2025-06-07 05:24:09,42.4891166687012,-8.99708271026611,"Female"
"9004159",371979,2025-06-07 05:29:13,42.4892349243164,-8.99688529968262,"Female"
"9004159",371979,2025-06-07 05:34:12,42.4891166687012,-8.99704551696777,"Female"
"9004159",371979,2025-06-07 05:39:07,42.4890747070312,-8.9970235824585,"Female"
"9004159",371979,2025-06-07 05:44:06,42.4890251159668,-8.99698448181152,"Female"
"9004159",371979,2025-06-07 05:49:11,42.4892044067383,-8.99679660797119,"Female"
"9004159",371979,2025-06-07 05:54:04,42.489143371582,-8.99723339080811,"Female"
"9004159",371979,2025-06-07 05:59:03,42.4888763427734,-8.99728107452393,"Female"
"9004159",371979,2025-06-07 06:04:11,42.4892425537109,-8.99715137481689,"Female"
"9004159",371979,2025-06-07 06:09:12,42.489185333252,-8.9971342086792,"Female"
"9004159",371979,2025-06-07 06:14:03,42.4891662597656,-8.9972095489502,"Female"
"9004159",371979,2025-06-07 06:19:09,42.4890975952148,-8.99728488922119,"Female"
"9004159",371979,2025-06-07 06:24:04,42.4889984130859,-8.99728393554688,"Female"
"9004159",371979,2025-06-07 06:29:04,42.4890975952148,-8.99720096588135,"Female"
"9004159",371979,2025-06-07 06:34:04,42.4889678955078,-8.99733829498291,"Female"
"9004159",371979,2025-06-07 06:39:04,42.4890022277832,-8.99712181091309,"Female"
"9004159",371979,2025-06-07 06:44:04,42.4889869689941,-8.99714946746826,"Female"
"9004159",371979,2025-06-07 06:49:04,42.4889526367188,-8.99715900421143,"Female"
"9004159",371979,2025-06-07 06:54:03,42.4889526367188,-8.99716663360596,"Female"
"9004159",371979,2025-06-07 06:59:04,42.4889183044434,-8.99720668792725,"Female"
"9004159",371979,2025-06-07 07:04:03,42.5067977905273,-9.00380706787109,"Female"
"9004159",371979,2025-06-07 07:09:36,42.5053596496582,-9.01726627349854,"Female"
"9004159",371979,2025-06-07 07:14:54,42.5055732727051,-9.01974010467529,"Female"
"9004159",371979,2025-06-07 07:19:57,42.5097045898438,-9.0205249786377,"Female"
"9004159",371979,2025-06-07 07:25:38,42.5106773376465,-9.01973247528076,"Female"
"9004159",371979,2025-06-07 07:30:38,42.5112648010254,-9.01997852325439,"Female"
"9004159",371979,2025-06-07 07:35:40,42.5110664367676,-9.01934432983398,"Female"
"9004159",371979,2025-06-07 07:40:38,42.5110778808594,-9.01936149597168,"Female"
"9004159",371979,2025-06-07 07:46:14,42.510929107666,-9.01973819732666,"Female"
"9004159",371979,2025-06-07 07:51:50,42.5103797912598,-9.02011394500732,"Female"
"9004159",371979,2025-06-07 07:57:39,42.5102043151855,-9.01912975311279,"Female"
"9004159",371979,2025-06-07 08:02:34,42.5090293884277,-9.01946830749512,"Female"
"9004159",371979,2025-06-07 08:08:20,42.5074615478516,-9.02053737640381,"Female"
"9004159",371979,2025-06-07 08:14:58,42.5050392150879,-9.02117252349854,"Female"
"9004159",371979,2025-06-07 08:19:58,42.5030059814453,-9.02075481414795,"Female"
"9004159",371979,2025-06-07 08:24:58,42.4983329772949,-9.01473903656006,"Female"
"9004159",371979,2025-06-07 08:29:57,42.4983520507812,-9.01476955413818,"Female"
"9004159",371979,2025-06-07 08:34:58,42.49853515625,-9.01459884643555,"Female"
"9004159",371979,2025-06-07 08:39:58,42.4985847473145,-9.01451683044434,"Female"
"9004159",371979,2025-06-07 08:44:58,42.4984703063965,-9.01457691192627,"Female"
"9004159",371979,2025-06-07 08:49:58,42.4988212585449,-9.01492404937744,"Female"
"9004159",371979,2025-06-07 08:54:58,42.4988403320312,-9.0149097442627,"Female"
"9004159",371979,2025-06-07 08:59:58,42.4986877441406,-9.0148754119873,"Female"
"9004159",371979,2025-06-07 09:04:58,42.5081939697266,-9.01927471160889,"Female"
"9004159",371979,2025-06-07 09:10:24,42.5092697143555,-9.02001857757568,"Female"
"9004159",371979,2025-06-07 09:15:23,42.514347076416,-9.0281400680542,"Female"
"9004159",371979,2025-06-07 09:20:23,42.5402870178223,-9.05780220031738,"Female"
"9004159",371979,2025-06-07 09:25:28,42.540771484375,-9.05951690673828,"Female"
"9004159",371979,2025-06-07 09:31:17,42.5428161621094,-9.05963706970215,"Female"
"9004159",371979,2025-06-07 09:36:25,42.5447769165039,-9.0596752166748,"Female"
"9004159",371979,2025-06-07 09:42:48,42.5438423156738,-9.06116104125977,"Female"
"9004159",371979,2025-06-07 09:47:48,42.5448112487793,-9.06462860107422,"Female"
"9004159",371979,2025-06-07 09:53:54,42.5459480285645,-9.06298065185547,"Female"
"9004159",371979,2025-06-07 09:59:11,42.5477180480957,-9.06116771697998,"Female"
"9004159",371979,2025-06-07 10:04:26,42.5444717407227,-9.05728912353516,"Female"
"9004159",371979,2025-06-07 10:09:43,42.5444564819336,-9.05518913269043,"Female"
"9004159",371979,2025-06-07 10:16:22,42.544792175293,-9.0551118850708,"Female"
"9004159",371979,2025-06-07 10:21:23,42.5446815490723,-9.05511093139648,"Female"
"9004159",371979,2025-06-07 10:26:24,42.5455055236816,-9.05545139312744,"Female"
"9004159",371979,2025-06-07 10:31:24,42.5444526672363,-9.05509090423584,"Female"
"9004159",371979,2025-06-07 10:36:24,42.5349769592285,-9.04328155517578,"Female"
"9004159",371979,2025-06-07 10:41:25,42.5346488952637,-9.04309463500977,"Female"
"9004159",371979,2025-06-07 10:46:25,42.534538269043,-9.0430908203125,"Female"
"9004159",371979,2025-06-07 10:51:24,42.5344505310059,-9.04305839538574,"Female"
"9004159",371979,2025-06-07 10:56:24,42.534610748291,-9.04306316375732,"Female"
"9004159",371979,2025-06-07 11:01:24,42.534481048584,-9.04294300079346,"Female"
"9004159",371979,2025-06-07 11:06:24,42.5345573425293,-9.04290866851807,"Female"
"9004159",371979,2025-06-07 11:11:24,42.5345687866211,-9.04290771484375,"Female"
"9004159",371979,2025-06-07 11:16:24,42.5345497131348,-9.04289245605469,"Female"
"9004159",371979,2025-06-07 11:21:24,42.5344848632812,-9.04284858703613,"Female"
"9004159",371979,2025-06-07 11:26:23,42.5344505310059,-9.04285907745361,"Female"
"9004159",371979,2025-06-07 11:31:25,42.5341796875,-9.04313087463379,"Female"
"9004159",371979,2025-06-07 11:36:23,42.5338745117188,-9.04328536987305,"Female"
"9004159",371979,2025-06-07 11:41:23,42.5340919494629,-9.04308986663818,"Female"
"9004159",371979,2025-06-07 11:46:27,42.5337142944336,-9.04304981231689,"Female"
"9004159",371979,2025-06-07 11:51:29,42.5339622497559,-9.04292106628418,"Female"
"9004159",371979,2025-06-07 11:56:24,42.534252166748,-9.04268932342529,"Female"
"9004159",371979,2025-06-07 12:01:24,42.5339202880859,-9.04270648956299,"Female"
"9004159",371979,2025-06-07 12:06:25,42.5336227416992,-9.04272365570068,"Female"
"9004159",371979,2025-06-07 12:11:38,42.5338745117188,-9.04271697998047,"Female"
"9004159",371979,2025-06-07 12:16:24,42.5335159301758,-9.04241561889648,"Female"
"9004159",371979,2025-06-07 12:21:24,42.5333404541016,-9.04231739044189,"Female"
"9004159",371979,2025-06-07 12:26:25,42.5339012145996,-9.04281425476074,"Female"
"9004159",371979,2025-06-07 12:31:24,42.533748626709,-9.04256439208984,"Female"
"9004159",371979,2025-06-07 12:36:24,42.5352096557617,-9.04273319244385,"Female"
"9004159",371979,2025-06-07 12:41:26,42.5350494384766,-9.04268074035645,"Female"
"9004159",371979,2025-06-07 12:46:24,42.5350723266602,-9.04262924194336,"Female"
"9004159",371979,2025-06-07 12:51:24,42.535228729248,-9.04243564605713,"Female"
"9004159",371979,2025-06-07 12:56:25,42.535041809082,-9.04264259338379,"Female"
"9004159",371979,2025-06-07 13:01:23,42.534854888916,-9.04278469085693,"Female"
"9004159",371979,2025-06-07 13:06:25,42.5351295471191,-9.04285526275635,"Female"
"9004159",371979,2025-06-07 13:11:24,42.5350799560547,-9.04285907745361,"Female"
"9004159",371979,2025-06-07 13:16:24,42.5349998474121,-9.04287528991699,"Female"
"9004159",371979,2025-06-07 13:21:25,42.5347785949707,-9.04301643371582,"Female"
"9004159",371979,2025-06-07 13:26:25,42.5348052978516,-9.04301643371582,"Female"
"9004159",371979,2025-06-07 13:31:23,42.5348701477051,-9.0429573059082,"Female"
"9004159",371979,2025-06-07 13:36:23,42.5348739624023,-9.043044090271,"Female"
"9004159",371979,2025-06-07 13:41:23,42.5348281860352,-9.04303932189941,"Female"
"9004159",371979,2025-06-07 13:46:23,42.5348472595215,-9.04304790496826,"Female"
"9004159",371979,2025-06-07 13:51:23,42.5349159240723,-9.04286479949951,"Female"
"9004159",371979,2025-06-07 13:56:24,42.5348587036133,-9.04299831390381,"Female"
"9004159",371979,2025-06-07 14:01:23,42.5349197387695,-9.04297733306885,"Female"
"9004159",371979,2025-06-07 14:06:24,42.5348510742188,-9.04296875,"Female"
"9004159",371979,2025-06-07 14:11:23,42.5348663330078,-9.04308319091797,"Female"
"9004159",371979,2025-06-07 14:16:23,42.5348701477051,-9.04304695129395,"Female"
"9004159",371979,2025-06-07 14:21:23,42.5349426269531,-9.04305076599121,"Female"
"9004159",371979,2025-06-07 14:26:23,42.5349426269531,-9.04297542572021,"Female"
"9004159",371979,2025-06-07 14:31:23,42.5396385192871,-9.04959201812744,"Female"
"9004159",371979,2025-06-07 14:36:23,42.536262512207,-9.05650424957275,"Female"
"9004159",371979,2025-06-07 14:41:23,42.5368576049805,-9.05722713470459,"Female"
"9004159",371979,2025-06-07 14:46:23,42.5357704162598,-9.0590124130249,"Female"
"9004159",371979,2025-06-07 14:51:23,42.5373725891113,-9.05838489532471,"Female"
"9004159",371979,2025-06-07 14:57:33,42.5391731262207,-9.05616664886475,"Female"
"9004159",371979,2025-06-07 15:02:32,42.5427894592285,-9.05899715423584,"Female"
"9004159",371979,2025-06-07 15:08:42,42.5445327758789,-9.05683994293213,"Female"
"9004159",371979,2025-06-07 15:14:16,42.5460777282715,-9.05833435058594,"Female"
"9004159",371979,2025-06-07 15:19:33,42.545768737793,-9.06010723114014,"Female"
"9004159",371979,2025-06-07 15:25:05,42.5439414978027,-9.05795288085938,"Female"
"9004159",371979,2025-06-07 15:29:58,42.5432739257812,-9.05712509155273,"Female"
"9004159",371979,2025-06-07 15:34:59,42.5195960998535,-9.04478168487549,"Female"
"9004159",371979,2025-06-07 15:40:00,42.499195098877,-9.01489543914795,"Female"
"9004159",371979,2025-06-07 15:44:59,42.4990882873535,-9.0149564743042,"Female"
"9004159",371979,2025-06-07 15:50:00,42.4992027282715,-9.0150089263916,"Female"
"9004159",371979,2025-06-07 15:55:00,42.4991340637207,-9.01500606536865,"Female"
"9004159",371979,2025-06-07 16:00:07,42.4984245300293,-9.01470470428467,"Female"
"9004159",371979,2025-06-07 16:04:59,42.4985008239746,-9.01467609405518,"Female"
"9004159",371979,2025-06-07 16:10:14,42.4986381530762,-9.01479434967041,"Female"
"9004159",371979,2025-06-07 16:15:29,42.4986381530762,-9.01470279693604,"Female"
"9004159",371979,2025-06-07 16:19:55,42.4986114501953,-9.01472187042236,"Female"
"9004159",371979,2025-06-07 16:24:55,42.4986724853516,-9.01482582092285,"Female"
"9004159",371979,2025-06-07 16:29:55,42.4987030029297,-9.01479721069336,"Female"
"9004159",371979,2025-06-07 16:34:56,42.4986877441406,-9.01476860046387,"Female"
"9004159",371979,2025-06-07 16:39:56,42.4986610412598,-9.01476764678955,"Female"
"9004159",371979,2025-06-07 16:44:56,42.498664855957,-9.01480770111084,"Female"
"9004159",371979,2025-06-07 16:49:56,42.4986877441406,-9.01476669311523,"Female"
"9004159",371979,2025-06-07 16:54:56,42.4986763000488,-9.01476860046387,"Female"
"9004159",371979,2025-06-07 16:59:56,42.4990272521973,-9.01437377929688,"Female"
"9004159",371979,2025-06-07 17:04:56,42.4987487792969,-9.0147180557251,"Female"
"9004159",371979,2025-06-07 17:09:56,42.4987716674805,-9.01467990875244,"Female"
"9004159",371979,2025-06-07 17:14:56,42.4987525939941,-9.01456737518311,"Female"
"9004159",371979,2025-06-07 17:19:56,42.5007553100586,-9.01430988311768,"Female"
"9004159",371979,2025-06-07 17:24:56,42.5017509460449,-9.01517868041992,"Female"
"9004159",371979,2025-06-07 17:29:56,42.4986915588379,-9.01460647583008,"Female"
"9004159",371979,2025-06-07 17:34:58,42.4986801147461,-9.01473426818848,"Female"
"9004159",371979,2025-06-07 17:39:57,42.498722076416,-9.01479339599609,"Female"
"9004159",371979,2025-06-07 17:44:56,42.4987373352051,-9.01475238800049,"Female"
"9004159",371979,2025-06-07 17:49:56,42.4987373352051,-9.01473426818848,"Female"
"9004159",371979,2025-06-07 17:55:07,42.4987297058105,-9.01470279693604,"Female"
"9004159",371979,2025-06-07 17:59:56,42.4987182617188,-9.01474952697754,"Female"
"9004159",371979,2025-06-07 18:04:56,42.4986801147461,-9.0147762298584,"Female"
"9004159",371979,2025-06-07 18:09:56,42.498592376709,-9.01482486724854,"Female"
"9004159",371979,2025-06-07 18:14:56,42.4987182617188,-9.01474857330322,"Female"
"9004159",371979,2025-06-07 18:19:56,42.498649597168,-9.0147705078125,"Female"
"9004159",371979,2025-06-07 18:24:56,42.5010757446289,-9.01829147338867,"Female"
"9004159",371979,2025-06-07 18:29:56,42.5012817382812,-9.01839065551758,"Female"
"9004159",371979,2025-06-07 18:35:44,42.5098266601562,-9.02008628845215,"Female"
"9004159",371979,2025-06-07 18:41:14,42.5102119445801,-9.01972770690918,"Female"
"9004159",371979,2025-06-07 18:46:17,42.5096015930176,-9.0198278427124,"Female"
"9004159",371979,2025-06-07 18:51:41,42.509391784668,-9.01924896240234,"Female"
"9004159",371979,2025-06-07 18:56:53,42.5109100341797,-9.0197057723999,"Female"
"9004159",371979,2025-06-07 19:02:08,42.5100288391113,-9.0199089050293,"Female"
"9004159",371979,2025-06-07 19:07:14,42.5058288574219,-9.01840782165527,"Female"
"9004159",371979,2025-06-07 19:12:42,42.5015335083008,-9.01529121398926,"Female"
"9004159",371979,2025-06-07 19:18:29,42.5013809204102,-9.01615524291992,"Female"
"9004159",371979,2025-06-07 19:23:51,42.5007514953613,-9.01809883117676,"Female"
"9004159",371979,2025-06-07 19:28:51,42.5001487731934,-9.01835823059082,"Female"
"9004159",371979,2025-06-07 19:33:50,42.4886016845703,-8.99732780456543,"Female"
"9004159",371979,2025-06-07 19:38:53,42.4892463684082,-8.99722766876221,"Female"
"9004159",371979,2025-06-07 19:43:51,42.4894332885742,-8.99749183654785,"Female"
"9004159",371979,2025-06-07 19:48:51,42.4895820617676,-8.99796390533447,"Female"
"9004159",371979,2025-06-07 19:53:50,42.4896011352539,-8.99781608581543,"Female"
"9004159",371979,2025-06-07 19:58:50,42.4897956848145,-8.99816226959229,"Female"
"9004159",371979,2025-06-07 20:03:50,42.4896926879883,-8.9979829788208,"Female"
"9004159",371979,2025-06-07 20:08:51,42.4895553588867,-8.99777984619141,"Female"
"9004159",371979,2025-06-07 20:13:50,42.4896354675293,-8.99798202514648,"Female"
"9004159",371979,2025-06-07 20:18:51,42.4893913269043,-8.99755859375,"Female"
"9004159",371979,2025-06-07 20:23:53,42.4893989562988,-8.99758911132812,"Female"
"9004159",371979,2025-06-07 20:28:52,42.4893455505371,-8.99746417999268,"Female"
"9004159",371979,2025-06-07 20:33:53,42.4892234802246,-8.99720191955566,"Female"
"9004159",371979,2025-06-07 20:38:54,42.4891242980957,-8.99723052978516,"Female"
"9004159",371979,2025-06-07 20:43:59,42.4892845153809,-8.99734497070312,"Female"
"9004159",371979,2025-06-07 20:49:01,42.4892730712891,-8.99733352661133,"Female"
"9004159",371979,2025-06-07 20:53:52,42.4891777038574,-8.99696731567383,"Female"
"9004159",371979,2025-06-07 20:59:08,42.4892807006836,-8.99722480773926,"Female"
"9004159",371979,2025-06-07 21:04:02,42.4892807006836,-8.99724006652832,"Female"
"9004159",371979,2025-06-07 21:08:52,42.4892616271973,-8.99694728851318,"Female"
"9004159",371979,2025-06-07 21:13:51,42.489387512207,-8.99695014953613,"Female"
"9004159",371979,2025-06-07 21:18:51,42.4893608093262,-8.99694728851318,"Female"
"9004159",371979,2025-06-07 21:23:51,42.4893608093262,-8.9969367980957,"Female"
"9004159",371979,2025-06-07 21:28:51,42.4893684387207,-8.99687480926514,"Female"
"9004159",371979,2025-06-07 21:33:57,42.4894256591797,-8.99698257446289,"Female"
"9004159",371979,2025-06-07 21:39:10,42.4892196655273,-8.9968957901001,"Female"
"9004159",371979,2025-06-07 21:43:57,42.4894218444824,-8.99667549133301,"Female"
"9004159",371979,2025-06-07 21:49:06,42.4894790649414,-8.99604511260986,"Female"
"9004159",371979,2025-06-07 21:54:21,42.4894905090332,-8.99688911437988,"Female"
"9004159",371979,2025-06-07 21:58:54,42.4893341064453,-8.99683094024658,"Female"
"9004159",371979,2025-06-07 22:03:50,42.4892883300781,-8.99694633483887,"Female"
"9004159",371979,2025-06-07 22:08:52,42.4890518188477,-8.99715518951416,"Female"
"9004159",371979,2025-06-07 22:13:54,42.4890823364258,-8.99709701538086,"Female"
"9004159",371979,2025-06-07 22:18:49,42.4890289306641,-8.99698543548584,"Female"
"9004159",371979,2025-06-07 22:23:50,42.4891242980957,-8.99685668945312,"Female"
"9004159",371979,2025-06-07 22:28:52,42.4889907836914,-8.99699783325195,"Female"
"9004159",371979,2025-06-07 22:33:51,42.4888610839844,-8.99685668945312,"Female"
"9004159",371979,2025-06-07 22:38:53,42.4893379211426,-8.99704933166504,"Female"
"9004159",371979,2025-06-07 22:43:59,42.489013671875,-8.99702548980713,"Female"
"9004159",371979,2025-06-07 22:48:50,42.4890899658203,-8.99704170227051,"Female"
"9004159",371979,2025-06-07 22:53:50,42.4891700744629,-8.99705982208252,"Female"
"9004159",371979,2025-06-07 22:58:51,42.4890670776367,-8.99707984924316,"Female"
"9004159",371979,2025-06-07 23:03:50,42.4890747070312,-8.99708557128906,"Female"
"9004159",371979,2025-06-07 23:08:50,42.4889907836914,-8.99702548980713,"Female"
"9004159",371979,2025-06-07 23:13:50,42.4889526367188,-8.99713134765625,"Female"
"9004159",371979,2025-06-07 23:18:49,42.4890022277832,-8.99714374542236,"Female"
"9004159",371979,2025-06-07 23:23:49,42.4890098571777,-8.99711513519287,"Female"
"9004159",371979,2025-06-07 23:28:50,42.4889869689941,-8.9971752166748,"Female"
"9004159",371979,2025-06-07 23:33:49,42.4890594482422,-8.99710941314697,"Female"
"9004159",371979,2025-06-07 23:38:49,42.4890480041504,-8.99706554412842,"Female"
"9004159",371979,2025-06-07 23:43:49,42.4890441894531,-8.9970874786377,"Female"
"9004159",371979,2025-06-07 23:48:49,42.4890785217285,-8.99711227416992,"Female"
"9004159",371979,2025-06-07 23:53:50,42.4889945983887,-8.99723148345947,"Female"
"9004159",371979,2025-06-07 23:58:50,42.4890670776367,-8.99708080291748,"Female"
"9004159",371979,2025-06-08 00:03:50,42.4890823364258,-8.99712467193604,"Female"
"9004159",371979,2025-06-08 00:08:49,42.4890670776367,-8.99709701538086,"Female"
"9004159",371979,2025-06-08 00:13:49,42.4890899658203,-8.997145652771,"Female"
"9004159",371979,2025-06-08 00:18:49,42.4890823364258,-8.99715614318848,"Female"
"9004159",371979,2025-06-08 00:23:49,42.4890747070312,-8.99714088439941,"Female"
"9004159",371979,2025-06-08 00:28:49,42.4890899658203,-8.9971752166748,"Female"
"9004159",371979,2025-06-08 00:33:55,42.4890518188477,-8.99697113037109,"Female"
"9004159",371979,2025-06-08 00:38:50,42.4890937805176,-8.99702167510986,"Female"
"9004159",371979,2025-06-08 00:43:50,42.4891052246094,-8.9970645904541,"Female"
"9004159",371979,2025-06-08 00:48:52,42.4889945983887,-8.99711227416992,"Female"
"9004159",371979,2025-06-08 00:53:51,42.4890403747559,-8.99718475341797,"Female"
"9004159",371979,2025-06-08 00:59:13,42.4890747070312,-8.99741840362549,"Female"
"9004159",371979,2025-06-08 01:03:52,42.4890251159668,-8.99741649627686,"Female"
"9004159",371979,2025-06-08 01:08:54,42.4889373779297,-8.99718475341797,"Female"
"9004159",371979,2025-06-08 01:13:54,42.4892158508301,-8.99713611602783,"Female"
"9004159",371979,2025-06-08 01:18:58,42.4890899658203,-8.99685764312744,"Female"
"9004159",371979,2025-06-08 01:23:57,42.4891204833984,-8.99698638916016,"Female"
"9004159",371979,2025-06-08 01:28:52,42.4891548156738,-8.99699115753174,"Female"
"9004159",371979,2025-06-08 01:33:52,42.4891700744629,-8.99730396270752,"Female"
"9004159",371979,2025-06-08 01:38:59,42.4891662597656,-8.99697303771973,"Female"
"9004159",371979,2025-06-08 01:43:58,42.4889335632324,-8.99621200561523,"Female"
"9004159",371979,2025-06-08 01:48:53,42.489128112793,-8.99677753448486,"Female"
"9004159",371979,2025-06-08 01:54:04,42.4890403747559,-8.99625778198242,"Female"
"9004159",371979,2025-06-08 01:59:03,42.4890632629395,-8.99621677398682,"Female"
"9004159",371979,2025-06-08 02:04:20,42.4890632629395,-8.9970703125,"Female"
"9004159",371979,2025-06-08 02:08:48,42.4890785217285,-8.9970874786377,"Female"
"9004159",371979,2025-06-08 02:13:50,42.489070892334,-8.99710464477539,"Female"
"9004159",371979,2025-06-08 02:18:49,42.4890327453613,-8.99717235565186,"Female"
"9004159",371979,2025-06-08 02:23:48,42.4890594482422,-8.99710083007812,"Female"
"9004159",371979,2025-06-08 02:28:51,42.4890327453613,-8.99713230133057,"Female"
"9004159",371979,2025-06-08 02:33:49,42.4889831542969,-8.99729156494141,"Female"
"9004159",371979,2025-06-08 02:38:49,42.4889717102051,-8.99726963043213,"Female"
"9004159",371979,2025-06-08 02:43:49,42.4889717102051,-8.99720859527588,"Female"
"9004159",371979,2025-06-08 02:48:55,42.4890823364258,-8.99692058563232,"Female"
"9004159",371979,2025-06-08 02:53:49,42.4889907836914,-8.99715423583984,"Female"
"9004159",371979,2025-06-08 02:58:49,42.4890251159668,-8.99711799621582,"Female"
"9004159",371979,2025-06-08 03:03:49,42.4890289306641,-8.99714946746826,"Female"
"9004159",371979,2025-06-08 03:08:54,42.4889869689941,-8.99720764160156,"Female"
"9004159",371979,2025-06-08 03:13:49,42.4890823364258,-8.99702072143555,"Female"
"9004159",371979,2025-06-08 03:18:50,42.4890327453613,-8.99715995788574,"Female"
"9004159",371979,2025-06-08 03:23:49,42.4890327453613,-8.99718379974365,"Female"
"9004159",371979,2025-06-08 03:28:49,42.4890441894531,-8.99722003936768,"Female"
"9004159",371979,2025-06-08 03:33:51,42.489013671875,-8.99714088439941,"Female"
"9004159",371979,2025-06-08 03:38:50,42.4889831542969,-8.99741840362549,"Female"
"9004159",371979,2025-06-08 03:43:51,42.4891052246094,-8.99727725982666,"Female"
"9004159",371979,2025-06-08 03:48:51,42.4889984130859,-8.99720764160156,"Female"
"9004159",371979,2025-06-08 03:53:51,42.4889755249023,-8.99720859527588,"Female"
"9004159",371979,2025-06-08 03:58:54,42.4889106750488,-8.99711132049561,"Female"
"9004159",371979,2025-06-08 04:03:51,42.489070892334,-8.99715328216553,"Female"
"9004159",371979,2025-06-08 04:08:53,42.489070892334,-8.99716949462891,"Female"
"9004159",371979,2025-06-08 04:13:51,42.4889640808105,-8.99710369110107,"Female"
"9004159",371979,2025-06-08 04:19:05,42.4893836975098,-8.99759769439697,"Female"
"9004159",371979,2025-06-08 04:23:58,42.4888114929199,-8.99692916870117,"Female"
"9004159",371979,2025-06-08 04:28:57,42.4890785217285,-8.99725151062012,"Female"
"9004159",371979,2025-06-08 04:33:52,42.4891548156738,-8.99721145629883,"Female"
"9004159",371979,2025-06-08 04:39:27,42.4889106750488,-8.99707221984863,"Female"
"9004159",371979,2025-06-08 04:43:52,42.4888687133789,-8.99705219268799,"Female"
"9004159",371979,2025-06-08 04:48:48,42.488899230957,-8.99704742431641,"Female"
"9004159",371979,2025-06-08 04:53:48,42.4889678955078,-8.99705123901367,"Female"
"9004159",371979,2025-06-08 04:58:51,42.4888916015625,-8.99709033966064,"Female"
"9004159",371979,2025-06-08 05:03:48,42.4889106750488,-8.99698543548584,"Female"
"9004159",371979,2025-06-08 05:08:51,42.4888648986816,-8.99702072143555,"Female"
"9004159",371979,2025-06-08 05:14:00,42.4891319274902,-8.9974946975708,"Female"
"9004159",371979,2025-06-08 05:18:50,42.4889793395996,-8.99695014953613,"Female"
"9004159",371979,2025-06-08 05:23:53,42.4891052246094,-8.99714374542236,"Female"
"9004159",371979,2025-06-08 05:28:49,42.4890975952148,-8.99711799621582,"Female"
"9004159",371979,2025-06-08 05:33:49,42.4891548156738,-8.99726867675781,"Female"
"9004159",371979,2025-06-08 05:38:51,42.4891738891602,-8.99723339080811,"Female"
"9004159",371979,2025-06-08 05:43:50,42.4891166687012,-8.99724197387695,"Female"
"9004159",371979,2025-06-08 05:49:02,42.4891090393066,-8.99727153778076,"Female"
"9004159",371979,2025-06-08 05:53:52,42.4891052246094,-8.99734497070312,"Female"
"9004159",371979,2025-06-08 05:59:01,42.4890022277832,-8.99712371826172,"Female"
"9004159",371979,2025-06-08 06:03:53,42.489013671875,-8.99722576141357,"Female"
"9004159",371979,2025-06-08 06:08:51,42.489013671875,-8.99717330932617,"Female"
"9004159",371979,2025-06-08 06:13:49,42.4892272949219,-8.99746990203857,"Female"
"9004159",371979,2025-06-08 06:18:49,42.4891548156738,-8.99737930297852,"Female"
"9004159",371979,2025-06-08 06:23:51,42.4889869689941,-8.997314453125,"Female"
"9004159",371979,2025-06-08 06:28:53,42.4889640808105,-8.99727535247803,"Female"
"9004159",371979,2025-06-08 06:33:49,42.4891128540039,-8.99735260009766,"Female"
"9004159",371979,2025-06-08 06:38:51,42.4891090393066,-8.99732112884521,"Female"
"9004159",371979,2025-06-08 06:44:10,42.5051879882812,-9.00857734680176,"Female"
"9004159",371979,2025-06-08 06:48:49,42.5052032470703,-9.00848770141602,"Female"
"9004159",371979,2025-06-08 06:53:57,42.5052146911621,-9.00843334197998,"Female"
"9004159",371979,2025-06-08 06:58:54,42.5051765441895,-9.00855445861816,"Female"
"9004159",371979,2025-06-08 07:03:54,42.5050659179688,-9.00833702087402,"Female"
"9004159",371979,2025-06-08 07:08:54,42.5050888061523,-9.0082893371582,"Female"
"9004159",371979,2025-06-08 07:14:35,42.509880065918,-9.01886749267578,"Female"
"9004159",371979,2025-06-08 07:19:30,42.5094146728516,-9.02025413513184,"Female"
"9004159",371979,2025-06-08 07:25:12,42.5090065002441,-9.02076625823975,"Female"
"9004159",371979,2025-06-08 07:30:31,42.5097923278809,-9.02112579345703,"Female"
"9004159",371979,2025-06-08 07:35:30,42.5086784362793,-9.02080154418945,"Female"
"9004159",371979,2025-06-08 07:41:28,42.5096168518066,-9.02099418640137,"Female"
"9004159",371979,2025-06-08 07:46:52,42.5105934143066,-9.01980304718018,"Female"
"9004159",371979,2025-06-08 07:52:22,42.5099258422852,-9.02031135559082,"Female"
"9004159",371979,2025-06-08 07:57:23,42.5096435546875,-9.02035999298096,"Female"
"9004159",371979,2025-06-08 08:03:42,42.5098495483398,-9.01943778991699,"Female"
"9004159",371979,2025-06-08 08:11:32,42.5098876953125,-9.02074146270752,"Female"
"9004159",371979,2025-06-08 08:16:17,42.4986953735352,-9.01461696624756,"Female"
"9004159",371979,2025-06-08 08:21:11,42.498664855957,-9.0145320892334,"Female"
"9004159",371979,2025-06-08 08:26:00,42.4986610412598,-9.01457977294922,"Female"
"9004159",371979,2025-06-08 08:31:03,42.4986419677734,-9.01459121704102,"Female"
"9004159",371979,2025-06-08 08:36:03,42.4986457824707,-9.01461219787598,"Female"
"9004159",371979,2025-06-08 08:41:04,42.4986457824707,-9.01462936401367,"Female"
"9004159",371979,2025-06-08 08:46:05,42.4986572265625,-9.01449966430664,"Female"
"9004159",371979,2025-06-08 08:51:11,42.498664855957,-9.0146598815918,"Female"
"9004159",371979,2025-06-08 08:55:56,42.4984283447266,-9.01382160186768,"Female"
"9004159",371979,2025-06-08 09:00:59,42.4987144470215,-9.01484107971191,"Female"
"9004159",371979,2025-06-08 09:05:59,42.4987373352051,-9.01480293273926,"Female"
"9004159",371979,2025-06-08 09:11:00,42.4987487792969,-9.01486778259277,"Female"
"9004159",371979,2025-06-08 09:15:59,42.4986763000488,-9.01411437988281,"Female"
"9004159",371979,2025-06-08 09:21:00,42.4986305236816,-9.01478862762451,"Female"
"9004159",371979,2025-06-08 09:25:56,42.4992637634277,-9.01878452301025,"Female"
"9004159",371979,2025-06-08 09:30:57,42.5031929016113,-9.01946067810059,"Female"
"9004159",371979,2025-06-08 09:35:59,42.5053977966309,-9.01980018615723,"Female"
"9004159",371979,2025-06-08 09:41:29,42.508674621582,-9.0187406539917,"Female"
"9004159",371979,2025-06-08 10:02:35,42.5091934204102,-9.01707744598389,"Female"
"9004159",371979,2025-06-08 10:07:42,42.5090942382812,-9.0161600112915,"Female"
"9004159",371979,2025-06-08 10:14:06,42.5098609924316,-9.01615715026855,"Female"
"9004159",371979,2025-06-08 10:20:43,42.508975982666,-9.01572132110596,"Female"
"9004159",371979,2025-06-08 10:25:41,42.5083847045898,-9.01698780059814,"Female"
"9004159",371979,2025-06-08 10:31:29,42.5060119628906,-9.01798439025879,"Female"
"9004159",371979,2025-06-08 10:36:32,42.506275177002,-9.01849746704102,"Female"
"9004159",371979,2025-06-08 10:41:29,42.5065879821777,-9.0164041519165,"Female"
"9004159",371979,2025-06-08 10:47:39,42.5045471191406,-9.01533508300781,"Female"
"9004159",371979,2025-06-08 10:51:44,42.4985122680664,-9.01601982116699,"Female"
"9004159",371979,2025-06-08 10:56:39,42.4987411499023,-9.01445388793945,"Female"
"9004159",371979,2025-06-08 11:01:39,42.4987411499023,-9.01480293273926,"Female"
"9004159",371979,2025-06-08 11:06:44,42.4987144470215,-9.01473140716553,"Female"
"9004159",371979,2025-06-08 11:11:30,42.498664855957,-9.01461029052734,"Female"
"9004159",371979,2025-06-08 11:16:27,42.4986419677734,-9.01454448699951,"Female"
"9004159",371979,2025-06-08 11:21:30,42.498664855957,-9.01460933685303,"Female"
"9004159",371979,2025-06-08 11:26:27,42.4986572265625,-9.01453018188477,"Female"
"9004159",371979,2025-06-08 11:31:25,42.498664855957,-9.01456356048584,"Female"
"9004159",371979,2025-06-08 11:36:30,42.4986610412598,-9.01454544067383,"Female"
"9004159",371979,2025-06-08 11:41:34,42.4986610412598,-9.01464080810547,"Female"
"9004159",371979,2025-06-08 11:46:44,42.4987373352051,-9.01467037200928,"Female"
"9004159",371979,2025-06-08 11:51:25,42.4987869262695,-9.01476001739502,"Female"
"9004159",371979,2025-06-08 11:56:25,42.4986877441406,-9.01463222503662,"Female"
"9004159",371979,2025-06-08 12:01:25,42.4991264343262,-9.01488304138184,"Female"
"9004159",371979,2025-06-08 12:07:23,42.5102767944336,-9.0168924331665,"Female"
"9004159",371979,2025-06-08 12:12:39,42.511173248291,-9.01772785186768,"Female"
"9004159",371979,2025-06-08 12:17:43,42.5113868713379,-9.01718521118164,"Female"
"9004159",371979,2025-06-08 12:23:04,42.5108985900879,-9.01950740814209,"Female"
"9004159",371979,2025-06-08 12:28:01,42.5116004943848,-9.01878547668457,"Female"
"9004159",371979,2025-06-08 12:34:14,42.5104179382324,-9.01555061340332,"Female"
"9004159",371979,2025-06-08 12:39:10,42.5060882568359,-9.01602172851562,"Female"
"9004159",371979,2025-06-08 12:45:02,42.5064392089844,-9.01590251922607,"Female"
"9004159",371979,2025-06-08 12:50:41,42.5061721801758,-9.01570796966553,"Female"
"9004159",371979,2025-06-08 12:59:55,42.5064277648926,-9.01512336730957,"Female"
"9004159",371979,2025-06-08 13:04:59,42.5060539245605,-9.01397705078125,"Female"
"9004159",371979,2025-06-08 13:11:23,42.5067024230957,-9.01373481750488,"Female"
"9004159",371979,2025-06-08 13:16:43,42.5065269470215,-9.01584053039551,"Female"
"9004159",371979,2025-06-08 13:21:59,42.5080642700195,-9.01666069030762,"Female"
"9004159",371979,2025-06-08 13:27:00,42.5094375610352,-9.01681232452393,"Female"
"9004159",371979,2025-06-08 13:32:42,42.5075569152832,-9.0159854888916,"Female"
"9004159",371979,2025-06-08 13:38:24,42.5059623718262,-9.01759338378906,"Female"
"9004159",371979,2025-06-08 13:43:23,42.5046348571777,-9.01976299285889,"Female"
"9004159",371979,2025-06-08 13:49:15,42.5061302185059,-9.02023696899414,"Female"
"9004159",371979,2025-06-08 13:54:09,42.5070381164551,-9.01871013641357,"Female"
"9004159",371979,2025-06-08 13:59:49,42.5059394836426,-9.01714897155762,"Female"
"9004159",371979,2025-06-08 14:10:00,42.5055961608887,-9.01637554168701,"Female"
"9004159",371979,2025-06-08 14:15:03,42.5029716491699,-9.01756000518799,"Female"
"9004159",371979,2025-06-08 14:20:00,42.500675201416,-9.01756286621094,"Female"
"9004159",371979,2025-06-08 14:25:08,42.4990043640137,-9.01633262634277,"Female"
"9004159",371979,2025-06-08 14:30:13,42.4985237121582,-9.01464176177979,"Female"
"9004159",371979,2025-06-08 14:35:00,42.4983825683594,-9.01437568664551,"Female"
"9004159",371979,2025-06-08 14:40:00,42.4984855651855,-9.01456832885742,"Female"
"9004159",371979,2025-06-08 14:45:00,42.4984169006348,-9.01461219787598,"Female"
"9004159",371979,2025-06-08 14:50:00,42.4984092712402,-9.01462078094482,"Female"
"9004159",371979,2025-06-08 14:55:00,42.498405456543,-9.01457691192627,"Female"
"9004159",371979,2025-06-08 15:00:00,42.4984436035156,-9.01464748382568,"Female"
"9004159",371979,2025-06-08 15:05:00,42.4984321594238,-9.01467800140381,"Female"
"9004159",371979,2025-06-08 15:10:02,42.4982757568359,-9.01434326171875,"Female"
"9004159",371979,2025-06-08 15:15:10,42.4985656738281,-9.01471710205078,"Female"
"9004159",371979,2025-06-08 15:19:59,42.4985122680664,-9.01465892791748,"Female"
"9004159",371979,2025-06-08 15:25:00,42.49853515625,-9.01466274261475,"Female"
"9004159",371979,2025-06-08 15:30:00,42.4986190795898,-9.01455593109131,"Female"
"9004159",371979,2025-06-08 15:35:00,42.4985504150391,-9.01456069946289,"Female"
"9004159",371979,2025-06-08 15:40:00,42.4991607666016,-9.01556777954102,"Female"
"9004159",371979,2025-06-08 15:44:59,42.4986457824707,-9.01468658447266,"Female"
"9004159",371979,2025-06-08 15:50:15,42.4987182617188,-9.01473903656006,"Female"
"9004159",371979,2025-06-08 15:54:51,42.4988784790039,-9.01472187042236,"Female"
"9004159",371979,2025-06-08 16:00:08,42.4985580444336,-9.01455974578857,"Female"
"9004159",371979,2025-06-08 16:05:21,42.4986953735352,-9.01469993591309,"Female"
"9004159",371979,2025-06-08 16:09:51,42.49853515625,-9.01480579376221,"Female"
"9004159",371979,2025-06-08 16:14:51,42.4987258911133,-9.01452541351318,"Female"
"9004159",371979,2025-06-08 16:19:54,42.498607635498,-9.01466751098633,"Female"
"9004159",371979,2025-06-08 16:25:23,42.4988098144531,-9.01487350463867,"Female"
"9004159",371979,2025-06-08 16:29:50,42.4987678527832,-9.01443099975586,"Female"
"9004159",371979,2025-06-08 16:34:50,42.4986419677734,-9.01458072662354,"Female"
"9004159",371979,2025-06-08 16:39:51,42.4986724853516,-9.01461315155029,"Female"
"9004159",371979,2025-06-08 16:44:50,42.4986686706543,-9.0146312713623,"Female"
"9004159",371979,2025-06-08 16:49:51,42.4986419677734,-9.01463508605957,"Female"
"9004159",371979,2025-06-08 16:54:51,42.4986686706543,-9.01464939117432,"Female"
"9004159",371979,2025-06-08 16:59:50,42.4986801147461,-9.01469230651855,"Female"
"9004159",371979,2025-06-08 17:04:50,42.4986572265625,-9.01460647583008,"Female"
"9004159",371979,2025-06-08 17:09:51,42.4987030029297,-9.01467227935791,"Female"
"9004159",371979,2025-06-08 17:14:51,42.4986610412598,-9.01466083526611,"Female"
"9004159",371979,2025-06-08 17:19:50,42.4986724853516,-9.01464462280273,"Female"
"9004159",371979,2025-06-08 17:24:51,42.4986381530762,-9.0145788192749,"Female"
"9004159",371979,2025-06-08 17:29:51,42.4986038208008,-9.014723777771,"Female"
"9004159",371979,2025-06-08 17:34:51,42.498607635498,-9.01470470428467,"Female"
"9004159",371979,2025-06-08 17:39:51,42.4986457824707,-9.01469802856445,"Female"
"9004159",371979,2025-06-08 17:44:50,42.498607635498,-9.01467514038086,"Female"
"9004159",371979,2025-06-08 17:49:51,42.498592376709,-9.01474380493164,"Female"
"9004159",371979,2025-06-08 17:54:51,42.498649597168,-9.01468849182129,"Female"
"9004159",371979,2025-06-08 17:59:51,42.498607635498,-9.01470470428467,"Female"
"9004159",371979,2025-06-08 18:04:50,42.4986114501953,-9.0146951675415,"Female"
"9004159",371979,2025-06-08 18:09:50,42.4986267089844,-9.01468276977539,"Female"
"9004159",371979,2025-06-08 18:14:54,42.4986381530762,-9.01466178894043,"Female"
"9004159",371979,2025-06-08 18:19:54,42.4985847473145,-9.01468658447266,"Female"
"9004159",371979,2025-06-08 18:24:54,42.498607635498,-9.01479434967041,"Female"
"9004159",371979,2025-06-08 18:29:51,42.4986381530762,-9.01476097106934,"Female"
"9004159",371979,2025-06-08 18:34:53,42.4986114501953,-9.01478672027588,"Female"
"9004159",371979,2025-06-08 18:39:51,42.493968963623,-9.00525760650635,"Female"
"9004159",371979,2025-06-08 18:44:51,42.4890098571777,-8.99716567993164,"Female"
"9004159",371979,2025-06-08 18:49:52,42.4888381958008,-8.99704456329346,"Female"
"9004159",371979,2025-06-08 18:54:51,42.4889106750488,-8.99710559844971,"Female"
"9004159",371979,2025-06-08 18:59:55,42.4889068603516,-8.99701595306396,"Female"
"9004159",371979,2025-06-08 19:04:51,42.489086151123,-8.99714183807373,"Female"
"9004159",371979,2025-06-08 19:09:58,42.4888038635254,-8.99693393707275,"Female"
"9004159",371979,2025-06-08 19:14:55,42.4888648986816,-8.99695873260498,"Female"
"9004159",371979,2025-06-08 19:19:51,42.4887390136719,-8.99680519104004,"Female"
"9004159",371979,2025-06-08 19:24:54,42.4889030456543,-8.99702739715576,"Female"
"9004159",371979,2025-06-08 19:30:03,42.4888153076172,-8.99682903289795,"Female"
"9004159",371979,2025-06-08 19:34:54,42.4886665344238,-8.99671363830566,"Female"
"9004159",371979,2025-06-08 19:40:10,42.4888000488281,-8.99684810638428,"Female"
"9004159",371979,2025-06-08 19:44:53,42.4888572692871,-8.99697875976562,"Female"
"9004159",371979,2025-06-08 19:49:58,42.4892311096191,-8.99751949310303,"Female"
"9004159",371979,2025-06-08 19:55:14,42.488956451416,-8.99706745147705,"Female"
"9004159",371979,2025-06-08 19:59:51,42.4888534545898,-8.99695205688477,"Female"
"9004159",371979,2025-06-08 20:04:52,42.4890365600586,-8.9972038269043,"Female"
"9004159",371979,2025-06-08 20:09:51,42.4889984130859,-8.99706077575684,"Female"
"9004159",371979,2025-06-08 20:15:23,42.4889183044434,-8.99704742431641,"Female"
"9004159",371979,2025-06-08 20:19:51,42.4889183044434,-8.9970235824585,"Female"
"9004159",371979,2025-06-08 20:24:51,42.4889717102051,-8.9969482421875,"Female"
"9004159",371979,2025-06-08 20:29:50,42.4889488220215,-8.99698448181152,"Female"
"9004159",371979,2025-06-08 20:34:50,42.488883972168,-8.99706363677979,"Female"
"9004159",371979,2025-06-08 20:39:51,42.4889335632324,-8.99708557128906,"Female"
"9004159",371979,2025-06-08 20:44:54,42.4887428283691,-8.99746036529541,"Female"
"9004159",371979,2025-06-08 20:49:51,42.4889068603516,-8.9972448348999,"Female"
"9004159",371979,2025-06-08 20:54:51,42.4888916015625,-8.99708938598633,"Female"
"9004159",371979,2025-06-08 20:59:51,42.4888916015625,-8.99702548980713,"Female"
"9004159",371979,2025-06-08 21:04:55,42.4889335632324,-8.99707126617432,"Female"
"9004159",371979,2025-06-08 21:09:54,42.4889068603516,-8.99681091308594,"Female"
"9004159",371979,2025-06-08 21:14:52,42.4888801574707,-8.99688243865967,"Female"
"9004159",371979,2025-06-08 21:19:52,42.4887619018555,-8.996994972229,"Female"
"9004159",371979,2025-06-08 21:24:52,42.4888572692871,-8.99684143066406,"Female"
"9004159",371979,2025-06-08 21:29:54,42.4890251159668,-8.99670314788818,"Female"
"9004159",371979,2025-06-08 21:34:54,42.4888954162598,-8.9968204498291,"Female"
"9004159",371979,2025-06-08 21:40:14,42.4888648986816,-8.99699592590332,"Female"
"9004159",371979,2025-06-08 21:44:51,42.4889640808105,-8.99702739715576,"Female"
"9004159",371979,2025-06-08 21:49:51,42.4888610839844,-8.99697017669678,"Female"
"9004159",371979,2025-06-08 21:54:51,42.4888534545898,-8.99688339233398,"Female"
"9004159",371979,2025-06-08 21:59:51,42.4888687133789,-8.99704933166504,"Female"
"9004159",371979,2025-06-08 22:04:51,42.4888114929199,-8.99695777893066,"Female"
"9004159",371979,2025-06-08 22:09:54,42.4889373779297,-8.99698066711426,"Female"
"9004159",371979,2025-06-08 22:14:55,42.4889488220215,-8.99709510803223,"Female"
"9004159",371979,2025-06-08 22:19:55,42.4889221191406,-8.99702548980713,"Female"
"9004159",371979,2025-06-08 22:24:58,42.4887886047363,-8.99685192108154,"Female"
"9004159",371979,2025-06-08 22:29:55,42.4888725280762,-8.99694347381592,"Female"
"9004159",371979,2025-06-08 22:35:23,42.4888763427734,-8.99697208404541,"Female"
"9004159",371979,2025-06-08 22:39:51,42.4888381958008,-8.99690246582031,"Female"
"9004159",371979,2025-06-08 22:44:51,42.4888648986816,-8.99690341949463,"Female"
"9004159",371979,2025-06-08 22:49:51,42.4888000488281,-8.99690818786621,"Female"
"9004159",371979,2025-06-08 22:54:53,42.4887008666992,-8.99690914154053,"Female"
"9004159",371979,2025-06-08 22:59:52,42.4888534545898,-8.99691963195801,"Female"
"9004159",371979,2025-06-08 23:04:50,42.4889068603516,-8.99700260162354,"Female"
"9004159",371979,2025-06-08 23:09:50,42.4889144897461,-8.99701690673828,"Female"
"9004159",371979,2025-06-08 23:14:52,42.488883972168,-8.99698638916016,"Female"
"9004159",371979,2025-06-08 23:19:50,42.4888801574707,-8.99694919586182,"Female"
"9004159",371979,2025-06-08 23:24:51,42.4888877868652,-8.9969596862793,"Female"
"9004159",371979,2025-06-08 23:29:50,42.4888648986816,-8.99699020385742,"Female"
"9004159",371979,2025-06-08 23:34:54,42.4891090393066,-8.9970703125,"Female"
"9004159",371979,2025-06-08 23:39:51,42.4886016845703,-8.99753952026367,"Female"
"9004159",371979,2025-06-08 23:44:52,42.4889030456543,-8.99698638916016,"Female"
"9004159",371979,2025-06-08 23:49:51,42.488956451416,-8.99703788757324,"Female"
"9004159",371979,2025-06-08 23:54:51,42.4889030456543,-8.99702644348145,"Female"
"9004159",371979,2025-06-08 23:59:50,42.4889259338379,-8.99707794189453,"Female"
"9004159",371979,2025-06-09 00:04:50,42.4888496398926,-8.99702453613281,"Female"
"9004159",371979,2025-06-09 00:10:00,42.4888534545898,-8.99707794189453,"Female"
"9004159",371979,2025-06-09 00:14:50,42.4887466430664,-8.99698829650879,"Female"
"9004159",371979,2025-06-09 00:19:51,42.4888877868652,-8.99704933166504,"Female"
"9004159",371979,2025-06-09 00:24:52,42.4889068603516,-8.99704265594482,"Female"
"9004159",371979,2025-06-09 00:29:51,42.4889373779297,-8.99700450897217,"Female"
"9004159",371979,2025-06-09 00:34:53,42.4889907836914,-8.99709129333496,"Female"
"9004159",371979,2025-06-09 00:39:53,42.4891357421875,-8.99703979492188,"Female"
"9004159",371979,2025-06-09 00:45:01,42.4889335632324,-8.9970588684082,"Female"
"9004159",371979,2025-06-09 00:50:00,42.4889106750488,-8.99710750579834,"Female"
"9004159",371979,2025-06-09 00:55:03,42.4889068603516,-8.99692535400391,"Female"
"9004159",371979,2025-06-09 01:00:08,42.4889297485352,-8.99706172943115,"Female"
"9004159",371979,2025-06-09 01:05:12,42.4889144897461,-8.99721145629883,"Female"
"9004159",371979,2025-06-09 01:10:00,42.4889068603516,-8.9970235824585,"Female"
"9004159",371979,2025-06-09 01:15:10,42.4888801574707,-8.99703979492188,"Female"
"9004159",371979,2025-06-09 01:19:58,42.4888763427734,-8.99704074859619,"Female"
"9004159",371979,2025-06-09 01:25:00,42.4888916015625,-8.9970064163208,"Female"
"9004159",371979,2025-06-09 01:30:05,42.489200592041,-8.99522590637207,"Female"
"9004159",371979,2025-06-09 01:35:00,42.4887619018555,-8.99698543548584,"Female"
"9004159",371979,2025-06-09 01:39:59,42.488826751709,-8.99693775177002,"Female"
"9004159",371979,2025-06-09 01:45:00,42.4888725280762,-8.99700164794922,"Female"
"9004159",371979,2025-06-09 01:50:16,42.4889640808105,-8.99627876281738,"Female"
"9004159",371979,2025-06-09 01:55:00,42.4889869689941,-8.99639892578125,"Female"
"9004159",371979,2025-06-09 01:59:53,42.4888648986816,-8.99632263183594,"Female"
"9004159",371979,2025-06-09 02:05:12,42.4888648986816,-8.99704265594482,"Female"
"9004159",371979,2025-06-09 02:09:58,42.4888458251953,-8.99679946899414,"Female"
"9004159",371979,2025-06-09 02:14:59,42.4887313842773,-8.9967679977417,"Female"
"9004159",371979,2025-06-09 02:20:23,42.4888229370117,-8.9969654083252,"Female"
"9004159",371979,2025-06-09 02:24:54,42.4889183044434,-8.99689960479736,"Female"
"9004159",371979,2025-06-09 02:29:52,42.4886436462402,-8.99642753601074,"Female"
"9004159",371979,2025-06-09 02:34:51,42.4888076782227,-8.99681854248047,"Female"
"9004159",371979,2025-06-09 02:39:51,42.4887847900391,-8.99670219421387,"Female"
"9004159",371979,2025-06-09 02:44:55,42.4889793395996,-8.9970121383667,"Female"
"9004159",371979,2025-06-09 02:49:59,42.4888954162598,-8.99690723419189,"Female"
"9004159",371979,2025-06-09 02:54:55,42.4888916015625,-8.99699020385742,"Female"
"9004159",371979,2025-06-09 02:59:51,42.488956451416,-8.99685955047607,"Female"
"9004159",371979,2025-06-09 03:04:52,42.4888916015625,-8.99686622619629,"Female"
"9004159",371979,2025-06-09 03:09:52,42.4890213012695,-8.9967622756958,"Female"
"9004159",371979,2025-06-09 03:14:57,42.4890022277832,-8.99658203125,"Female"
"9004159",371979,2025-06-09 03:19:55,42.4889793395996,-8.99671745300293,"Female"
"9004159",371979,2025-06-09 03:25:14,42.4889869689941,-8.99673175811768,"Female"
"9004159",371979,2025-06-09 03:29:57,42.4889907836914,-8.99669075012207,"Female"
"9004159",371979,2025-06-09 03:34:57,42.4890823364258,-8.99690437316895,"Female"
"9004159",371979,2025-06-09 03:39:59,42.4891242980957,-8.99686336517334,"Female"
"9004159",371979,2025-06-09 03:44:54,42.4890060424805,-8.99685001373291,"Female"
"9004159",371979,2025-06-09 03:50:15,42.4889602661133,-8.99684906005859,"Female"
"9004159",371979,2025-06-09 03:54:54,42.4889755249023,-8.99688720703125,"Female"
"9004159",371979,2025-06-09 04:00:23,42.4889526367188,-8.9970121383667,"Female"
"9004159",371979,2025-06-09 04:04:51,42.4888687133789,-8.99696350097656,"Female"
"9004159",371979,2025-06-09 04:09:51,42.4889373779297,-8.99699306488037,"Female"
"9004159",371979,2025-06-09 04:14:52,42.4889831542969,-8.9970760345459,"Female"
"9004159",371979,2025-06-09 04:19:52,42.4889373779297,-8.99699020385742,"Female"
"9004159",371979,2025-06-09 04:24:53,42.4889259338379,-8.99698352813721,"Female"
"9004159",371979,2025-06-09 04:29:51,42.4887847900391,-8.99689674377441,"Female"
"9004159",371979,2025-06-09 04:35:03,42.4890022277832,-8.99695110321045,"Female"
"9004159",371979,2025-06-09 04:39:53,42.4892158508301,-8.99720478057861,"Female"
"9004159",371979,2025-06-09 04:44:54,42.4888610839844,-8.99714088439941,"Female"
"9004159",371979,2025-06-09 04:49:57,42.4888763427734,-8.99709701538086,"Female"
"9004159",371979,2025-06-09 04:54:53,42.4889450073242,-8.99714660644531,"Female"
"9004159",371979,2025-06-09 04:59:57,42.4889030456543,-8.9971227645874,"Female"
"9004159",371979,2025-06-09 05:05:11,42.4889183044434,-8.99696254730225,"Female"
"9004159",371979,2025-06-09 05:09:51,42.4889030456543,-8.99717998504639,"Female"
"9004159",371979,2025-06-09 05:14:53,42.4889259338379,-8.99663543701172,"Female"
"9004159",371979,2025-06-09 05:19:54,42.4889488220215,-8.9970874786377,"Female"
"9004159",371979,2025-06-09 05:24:52,42.4889259338379,-8.99705219268799,"Female"
"9004159",371979,2025-06-09 05:29:51,42.4888458251953,-8.99658489227295,"Female"
"9004159",371979,2025-06-09 05:34:58,42.4889717102051,-8.99714851379395,"Female"
"9004159",371979,2025-06-09 05:40:00,42.4887351989746,-8.99678325653076,"Female"
"9004159",371979,2025-06-09 05:44:55,42.4889373779297,-8.99704360961914,"Female"
"9004159",371979,2025-06-09 05:50:23,42.4888954162598,-8.99704551696777,"Female"
"9004159",371979,2025-06-09 05:54:57,42.4889335632324,-8.99714469909668,"Female"
"9004159",371979,2025-06-09 05:59:53,42.488899230957,-8.99711132049561,"Female"
"9004159",371979,2025-06-09 06:04:53,42.4889678955078,-8.99731063842773,"Female"
"9004159",371979,2025-06-09 06:09:58,42.4888877868652,-8.99703025817871,"Female"
"9004159",371979,2025-06-09 06:14:55,42.4890098571777,-8.99697589874268,"Female"
"9004159",371979,2025-06-09 06:19:52,42.4889869689941,-8.99717044830322,"Female"
"9004159",371979,2025-06-09 06:24:53,42.4889335632324,-8.99717235565186,"Female"
"9004159",371979,2025-06-09 06:29:52,42.4889259338379,-8.99711322784424,"Female"
"9004159",371979,2025-06-09 06:34:51,42.4889526367188,-8.99713039398193,"Female"
"9004159",371979,2025-06-09 06:39:51,42.4889259338379,-8.99711036682129,"Female"
"9004159",371979,2025-06-09 06:44:51,42.4889869689941,-8.99713516235352,"Female"
"9004159",371979,2025-06-09 06:49:52,42.4890670776367,-8.99713516235352,"Female"
"9004159",371979,2025-06-09 06:54:57,42.4889259338379,-8.99705696105957,"Female"
"9004159",371979,2025-06-09 06:59:53,42.4888610839844,-8.99697780609131,"Female"
"9004159",371979,2025-06-09 07:04:54,42.4889526367188,-8.99702453613281,"Female"
"9004159",371979,2025-06-09 07:09:57,42.4887237548828,-8.9967041015625,"Female"
"9004159",371979,2025-06-09 07:15:19,42.4894561767578,-8.99682235717773,"Female"
"9004159",371979,2025-06-09 07:19:51,42.4894714355469,-8.99692153930664,"Female"
"9004159",371979,2025-06-09 07:25:23,42.489429473877,-8.99683570861816,"Female"
"9004159",371979,2025-06-09 07:29:51,42.4894485473633,-8.99680042266846,"Female"
"9004159",371979,2025-06-09 07:34:51,42.4895858764648,-8.99672603607178,"Female"
"9004159",371979,2025-06-09 07:39:50,42.5053291320801,-9.00859928131104,"Female"
"9004159",371979,2025-06-09 07:44:50,42.513988494873,-9.0115795135498,"Female"
"9004159",371979,2025-06-09 07:49:51,42.5140037536621,-9.01159477233887,"Female"
"9004159",371979,2025-06-09 07:54:51,42.5140113830566,-9.01159286499023,"Female"
"9004159",371979,2025-06-09 07:59:50,42.5140075683594,-9.01160049438477,"Female"
"9004159",371979,2025-06-09 08:04:51,42.5140609741211,-9.01156711578369,"Female"
"9004159",371979,2025-06-09 08:09:51,42.5140113830566,-9.01155090332031,"Female"
"9004159",371979,2025-06-09 08:14:51,42.5129928588867,-9.01144981384277,"Female"
"9004159",371979,2025-06-09 08:20:48,42.5109329223633,-9.01916790008545,"Female"
"9004159",371979,2025-06-09 08:25:48,42.5103416442871,-9.0213565826416,"Female"
"9004159",371979,2025-06-09 08:31:01,42.5097236633301,-9.02192687988281,"Female"
"9004159",371979,2025-06-09 08:36:42,42.509105682373,-9.02369403839111,"Female"
"9004159",371979,2025-06-09 08:41:42,42.518913269043,-9.04421901702881,"Female"
"9004159",371979,2025-06-09 08:46:44,42.5337104797363,-9.05727481842041,"Female"
"9004159",371979,2025-06-09 08:51:43,42.5435485839844,-9.053147315979,"Female"
"9004159",371979,2025-06-09 08:56:41,42.5451431274414,-9.05483531951904,"Female"
"9004159",371979,2025-06-09 09:02:54,42.5434455871582,-9.05493259429932,"Female"
"9004159",371979,2025-06-09 09:07:55,42.5398788452148,-9.05615234375,"Female"
"9004159",371979,2025-06-09 09:13:53,42.538272857666,-9.05444240570068,"Female"
"9004159",371979,2025-06-09 09:18:53,42.537109375,-9.05616664886475,"Female"
"9004159",371979,2025-06-09 09:23:53,42.5475921630859,-9.06326675415039,"Female"
"9004159",371979,2025-06-09 09:28:54,42.546932220459,-9.06098365783691,"Female"
"9004159",371979,2025-06-09 09:33:53,42.5600509643555,-9.06004810333252,"Female"
"9004159",371979,2025-06-09 09:39:47,42.5615386962891,-9.05821990966797,"Female"
"9004159",371979,2025-06-09 09:44:46,42.5660781860352,-9.06012725830078,"Female"
"9004159",371979,2025-06-09 09:49:48,42.5649909973145,-9.05903720855713,"Female"
"9004159",371979,2025-06-09 09:54:54,42.52685546875,-9.04624843597412,"Female"
"9004159",371979,2025-06-09 10:00:44,42.5092239379883,-9.01732635498047,"Female"
"9004159",371979,2025-06-09 10:06:09,42.5078773498535,-9.01495933532715,"Female"
"9004159",371979,2025-06-09 10:11:55,42.508056640625,-9.01499080657959,"Female"
"9004159",371979,2025-06-09 10:16:54,42.5077285766602,-9.0152473449707,"Female"
"9004159",371979,2025-06-09 10:21:57,42.5078201293945,-9.01481151580811,"Female"
"9004159",371979,2025-06-09 10:27:01,42.5081367492676,-9.01541233062744,"Female"
"9004159",371979,2025-06-09 10:32:47,42.5076179504395,-9.01513862609863,"Female"
"9004159",371979,2025-06-09 10:37:46,42.5077171325684,-9.01516723632812,"Female"
"9004159",371979,2025-06-09 10:42:47,42.5067291259766,-9.01370716094971,"Female"
"9004159",371979,2025-06-09 10:47:47,42.5074996948242,-9.01501083374023,"Female"
"9004159",371979,2025-06-09 10:53:28,42.5095062255859,-9.01535129547119,"Female"
"9004159",371979,2025-06-09 10:58:56,42.5088996887207,-9.01394462585449,"Female"
"9004159",371979,2025-06-09 11:04:19,42.5103187561035,-9.01339435577393,"Female"
"9004159",371979,2025-06-09 11:09:13,42.5093727111816,-9.01299095153809,"Female"
"9004159",371979,2025-06-09 11:14:35,42.4987106323242,-9.01472854614258,"Female"
"9004159",371979,2025-06-09 11:19:08,42.4987297058105,-9.0147533416748,"Female"
"9004159",371979,2025-06-09 11:24:12,42.4987335205078,-9.01464748382568,"Female"
"9004159",371979,2025-06-09 11:29:11,42.4988021850586,-9.01473808288574,"Female"
"9004159",371979,2025-06-09 11:34:12,42.498649597168,-9.01470279693604,"Female"
"9004159",371979,2025-06-09 11:39:35,42.4987564086914,-9.01468181610107,"Female"
"9004159",371979,2025-06-09 11:44:08,42.4987144470215,-9.01465702056885,"Female"
"9004159",371979,2025-06-09 11:49:08,42.4987716674805,-9.01463794708252,"Female"
"9004159",371979,2025-06-09 11:54:08,42.4988212585449,-9.01469230651855,"Female"
"9004159",371979,2025-06-09 11:59:09,42.4988822937012,-9.01472568511963,"Female"
"9004159",371979,2025-06-09 12:04:08,42.4988632202148,-9.01470375061035,"Female"
"9004159",371979,2025-06-09 12:09:08,42.5019874572754,-9.01443958282471,"Female"
"9004159",371979,2025-06-09 12:15:14,42.5085563659668,-9.01430606842041,"Female"
"9004159",371979,2025-06-09 12:20:13,42.509593963623,-9.01291370391846,"Female"
"9004159",371979,2025-06-09 12:25:16,42.5097160339355,-9.01296424865723,"Female"
"9004159",371979,2025-06-09 12:30:36,42.5098304748535,-9.01267337799072,"Female"
"9004159",371979,2025-06-09 12:36:00,42.5082015991211,-9.01460838317871,"Female"
"9004159",371979,2025-06-09 12:41:00,42.5087051391602,-9.01610279083252,"Female"
"9004159",371979,2025-06-09 12:46:32,42.5079917907715,-9.01612281799316,"Female"
"9004159",371979,2025-06-09 12:51:31,42.4986801147461,-9.01467418670654,"Female"
"9004159",371979,2025-06-09 12:56:29,42.4987373352051,-9.01474952697754,"Female"
"9004159",371979,2025-06-09 13:01:30,42.498664855957,-9.01474952697754,"Female"
"9004159",371979,2025-06-09 13:06:28,42.498722076416,-9.0148286819458,"Female"
"9004159",371979,2025-06-09 13:11:29,42.4987297058105,-9.01481056213379,"Female"
"9004159",371979,2025-06-09 13:16:29,42.4986801147461,-9.01476764678955,"Female"
"9004159",371979,2025-06-09 13:21:29,42.4986572265625,-9.01471424102783,"Female"
"9004159",371979,2025-06-09 13:26:30,42.498664855957,-9.01473522186279,"Female"
"9004159",371979,2025-06-09 13:31:30,42.4986610412598,-9.01476192474365,"Female"
"9004159",371979,2025-06-09 13:36:29,42.4986190795898,-9.01472187042236,"Female"
"9004159",371979,2025-06-09 13:41:31,42.5016899108887,-9.01415252685547,"Female"
"9004159",371979,2025-06-09 13:46:29,42.5073013305664,-9.01741600036621,"Female"
"9004159",371979,2025-06-09 13:51:57,42.5078392028809,-9.01731395721436,"Female"
"9004159",371979,2025-06-09 13:57:11,42.5043983459473,-9.01660251617432,"Female"
"9004159",371979,2025-06-09 14:02:10,42.5045356750488,-9.01825046539307,"Female"
"9004159",371979,2025-06-09 14:07:09,42.5044860839844,-9.01839447021484,"Female"
"9004159",371979,2025-06-09 14:12:10,42.5050773620605,-9.01767158508301,"Female"
"9004159",371979,2025-06-09 14:17:44,42.4988899230957,-9.01465034484863,"Female"
"9004159",371979,2025-06-09 14:22:09,42.498836517334,-9.01471519470215,"Female"
"9004159",371979,2025-06-09 14:27:09,42.4988327026367,-9.01474285125732,"Female"
"9004159",371979,2025-06-09 14:32:09,42.4988136291504,-9.01458263397217,"Female"
"9004159",371979,2025-06-09 14:37:09,42.4988441467285,-9.0146951675415,"Female"
"9004159",371979,2025-06-09 14:42:09,42.4987716674805,-9.01465225219727,"Female"
"9004159",371979,2025-06-09 14:47:19,42.498851776123,-9.01455593109131,"Female"
"9004159",371979,2025-06-09 14:52:23,42.4988594055176,-9.01466369628906,"Female"
"9004159",371979,2025-06-09 14:57:35,42.4988632202148,-9.01466655731201,"Female"
"9004159",371979,2025-06-09 15:02:08,42.4987564086914,-9.01466846466064,"Female"
"9004159",371979,2025-06-09 15:07:08,42.4987258911133,-9.01473903656006,"Female"
"9004159",371979,2025-06-09 15:12:08,42.4988632202148,-9.01484966278076,"Female"
"9004159",371979,2025-06-09 15:17:09,42.4988594055176,-9.01488494873047,"Female"
"9004159",371979,2025-06-09 15:22:08,42.498836517334,-9.01483345031738,"Female"
"9004159",371979,2025-06-09 15:27:09,42.4987983703613,-9.01486968994141,"Female"
"9004159",371979,2025-06-09 15:32:16,42.4987602233887,-9.01496696472168,"Female"
"9004159",371979,2025-06-09 15:37:09,42.4988594055176,-9.01498222351074,"Female"
"9004159",371979,2025-06-09 15:42:08,42.4987525939941,-9.01482582092285,"Female"
"9004159",371979,2025-06-09 15:47:08,42.4987945556641,-9.01483726501465,"Female"
"9004159",371979,2025-06-09 15:52:08,42.4986724853516,-9.01475811004639,"Female"
"9004159",371979,2025-06-09 15:57:10,42.4987487792969,-9.01480484008789,"Female"
"9004159",371979,2025-06-09 16:02:35,42.4987449645996,-9.01480865478516,"Female"
"9004159",371979,2025-06-09 16:07:17,42.4985885620117,-9.01467418670654,"Female"
"9004159",371979,2025-06-09 16:12:15,42.4984970092773,-9.01462459564209,"Female"
"9004159",371979,2025-06-09 16:17:10,42.4985618591309,-9.01465511322021,"Female"
"9004159",371979,2025-06-09 16:22:11,42.498592376709,-9.0146951675415,"Female"
"9004159",371979,2025-06-09 16:27:09,42.4986190795898,-9.01473236083984,"Female"
"9004159",371979,2025-06-09 16:32:08,42.4986228942871,-9.01472091674805,"Female"
"9004159",371979,2025-06-09 16:37:09,42.4988441467285,-9.0149507522583,"Female"
"9004159",371979,2025-06-09 16:42:09,42.4987182617188,-9.01479816436768,"Female"
"9004159",371979,2025-06-09 16:47:08,42.5051498413086,-9.01582622528076,"Female"
"9004159",371979,2025-06-09 16:52:09,42.5052719116211,-9.01714611053467,"Female"
"9004159",371979,2025-06-09 16:58:00,42.5066680908203,-9.01547241210938,"Female"
"9004159",371979,2025-06-09 17:03:36,42.5068321228027,-9.01466464996338,"Female"
"9004159",371979,2025-06-09 17:08:45,42.4991989135742,-9.01550960540771,"Female"
"9004159",371979,2025-06-09 17:13:44,42.4991798400879,-9.01557922363281,"Female"
"9004159",371979,2025-06-09 17:18:36,42.4991607666016,-9.01554584503174,"Female"
"9004159",371979,2025-06-09 17:23:38,42.4991798400879,-9.0155611038208,"Female"
"9004159",371979,2025-06-09 17:28:44,42.4991302490234,-9.01536655426025,"Female"
"9004159",371979,2025-06-09 17:33:34,42.499153137207,-9.01543045043945,"Female"
"9004159",371979,2025-06-09 17:38:33,42.4988059997559,-9.0146951675415,"Female"
"9004159",371979,2025-06-09 17:43:33,42.4986839294434,-9.01474952697754,"Female"
"9004159",371979,2025-06-09 17:48:33,42.4986457824707,-9.01499938964844,"Female"
"9004159",371979,2025-06-09 17:53:34,42.4992141723633,-9.01585388183594,"Female"
"9004159",371979,2025-06-09 17:58:33,42.4986152648926,-9.01491546630859,"Female"
"9004159",371979,2025-06-09 18:03:34,42.498664855957,-9.01477146148682,"Female"
"9004159",371979,2025-06-09 18:08:33,42.4986572265625,-9.0148983001709,"Female"
"9004159",371979,2025-06-09 18:14:56,42.5014152526855,-9.01579093933105,"Female"
"9004159",371979,2025-06-09 18:20:06,42.4995040893555,-9.02010726928711,"Female"
"9004159",371979,2025-06-09 18:25:12,42.5002098083496,-9.01864337921143,"Female"
"9004159",371979,2025-06-09 18:30:09,42.5009574890137,-9.01808547973633,"Female"
"9004159",371979,2025-06-09 18:35:18,42.5013732910156,-9.01661586761475,"Female"
"9004159",371979,2025-06-09 18:40:42,42.5006637573242,-9.01572513580322,"Female"
"9004159",371979,2025-06-09 18:46:06,42.5009803771973,-9.01633548736572,"Female"
"9004159",371979,2025-06-09 18:52:12,42.5006828308105,-9.01760673522949,"Female"
"9004159",371979,2025-06-09 18:58:24,42.5018882751465,-9.01785182952881,"Female"
"9004159",371979,2025-06-09 19:04:00,42.5011024475098,-9.01561641693115,"Female"
"9004159",371979,2025-06-09 19:09:22,42.5011825561523,-9.01578712463379,"Female"
"9004159",371979,2025-06-09 19:15:43,42.501335144043,-9.01563835144043,"Female"
"9004159",371979,2025-06-09 19:20:47,42.5016136169434,-9.01489067077637,"Female"
"9004159",371979,2025-06-09 19:25:47,42.5018005371094,-9.01588249206543,"Female"
"9004159",371979,2025-06-09 19:32:03,42.5006904602051,-9.01509761810303,"Female"
"9004159",371979,2025-06-09 19:37:11,42.5013999938965,-9.01480770111084,"Female"
"9004159",371979,2025-06-09 19:42:19,42.5012016296387,-9.0155553817749,"Female"
"9004159",371979,2025-06-09 19:48:24,42.5007858276367,-9.0158634185791,"Female"
"9004159",371979,2025-06-09 19:53:24,42.5010185241699,-9.01643848419189,"Female"
"9004159",371979,2025-06-09 19:59:20,42.4888610839844,-8.99710750579834,"Female"
"9004159",371979,2025-06-09 20:03:53,42.4890174865723,-8.99710464477539,"Female"
"9004159",371979,2025-06-09 20:08:20,42.4889640808105,-8.9970817565918,"Female"
"9004159",371979,2025-06-09 20:13:21,42.4889221191406,-8.99715328216553,"Female"
"9004159",371979,2025-06-09 20:18:21,42.489070892334,-8.99703311920166,"Female"
"9004159",371979,2025-06-09 20:23:20,42.4890632629395,-8.9970064163208,"Female"
"9004159",371979,2025-06-09 20:28:21,42.4891052246094,-8.99698638916016,"Female"
"9004159",371979,2025-06-09 20:33:21,42.4890899658203,-8.99699687957764,"Female"
"9004159",371979,2025-06-09 20:38:21,42.489128112793,-8.99698257446289,"Female"
"9004159",371979,2025-06-09 20:43:25,42.4890785217285,-8.99703788757324,"Female"
"9004159",371979,2025-06-09 20:48:21,42.4891510009766,-8.99700450897217,"Female"
"9004159",371979,2025-06-09 20:53:21,42.489185333252,-8.99696636199951,"Female"
"9004159",371979,2025-06-09 20:58:21,42.4891510009766,-8.99699401855469,"Female"
"9004159",371979,2025-06-09 21:03:21,42.4891242980957,-8.9970178604126,"Female"
"9004159",371979,2025-06-09 21:08:21,42.4891586303711,-8.99697780609131,"Female"
"9004159",371979,2025-06-09 21:13:21,42.4891510009766,-8.99700355529785,"Female"
"9004159",371979,2025-06-09 21:18:21,42.4891586303711,-8.99703216552734,"Female"
"9004159",371979,2025-06-09 21:23:21,42.489143371582,-8.99699687957764,"Female"
"9004159",371979,2025-06-09 21:28:21,42.4891548156738,-8.99697017669678,"Female"
"9004159",371979,2025-06-09 21:33:21,42.4891586303711,-8.99704170227051,"Female"
"9004159",371979,2025-06-09 21:38:20,42.4891815185547,-8.99712085723877,"Female"
"9004159",371979,2025-06-09 21:43:25,42.4893379211426,-8.99690246582031,"Female"
"9004159",371979,2025-06-09 21:48:23,42.4891700744629,-8.99709892272949,"Female"
"9004159",371979,2025-06-09 21:53:22,42.4891929626465,-8.99712562561035,"Female"
"9004159",371979,2025-06-09 21:58:20,42.4891319274902,-8.99710655212402,"Female"
"9004159",371979,2025-06-09 22:03:24,42.4891548156738,-8.99722480773926,"Female"
"9004159",371979,2025-06-09 22:08:21,42.4890022277832,-8.99710941314697,"Female"
"9004159",371979,2025-06-09 22:13:20,42.4892082214355,-8.99725341796875,"Female"
"9004159",371979,2025-06-09 22:18:21,42.4889526367188,-8.99709224700928,"Female"
"9004159",371979,2025-06-09 22:23:21,42.4891891479492,-8.99714756011963,"Female"
"9004159",371979,2025-06-09 22:28:23,42.4891548156738,-8.99717140197754,"Female"
"9004159",371979,2025-06-09 22:33:32,42.4890060424805,-8.9970178604126,"Female"
"9004159",371979,2025-06-09 22:38:43,42.4889717102051,-8.99699306488037,"Female"
"9004159",371979,2025-06-09 22:43:22,42.4887924194336,-8.99662208557129,"Female"
"9004159",371979,2025-06-09 22:48:23,42.4887962341309,-8.99731826782227,"Female"
"9004159",371979,2025-06-09 22:53:32,42.4888648986816,-8.99747753143311,"Female"
"9004159",371979,2025-06-09 22:58:30,42.4886932373047,-8.99794864654541,"Female"
"9004159",371979,2025-06-09 23:03:24,42.4885215759277,-8.99649047851562,"Female"
"9004159",371979,2025-06-09 23:08:23,42.4889907836914,-8.99687957763672,"Female"
"9004159",371979,2025-06-09 23:13:24,42.4890365600586,-8.99698543548584,"Female"
"9004159",371979,2025-06-09 23:18:22,42.4891052246094,-8.99701118469238,"Female"
"9004159",371979,2025-06-09 23:23:25,42.488941192627,-8.99647331237793,"Female"
"9004159",371979,2025-06-09 23:28:26,42.4890251159668,-8.99671649932861,"Female"
"9004159",371979,2025-06-09 23:33:44,42.489086151123,-8.99663257598877,"Female"
"9004159",371979,2025-06-09 23:38:25,42.4892158508301,-8.99646759033203,"Female"
"9004159",371979,2025-06-09 23:43:31,42.4889984130859,-8.9967679977417,"Female"
"9004159",371979,2025-06-09 23:48:31,42.4890518188477,-8.99666881561279,"Female"
"9004159",371979,2025-06-09 23:53:32,42.4891357421875,-8.99673652648926,"Female"
"9004159",371979,2025-06-09 23:58:31,42.4890022277832,-8.99663352966309,"Female"
"9004159",371979,2025-06-10 00:03:53,42.4890632629395,-8.9969539642334,"Female"
"9004159",371979,2025-06-10 00:08:20,42.4891014099121,-8.99702644348145,"Female"
"9004159",371979,2025-06-10 00:13:20,42.4890632629395,-8.99696636199951,"Female"
"9004159",371979,2025-06-10 00:18:20,42.4890937805176,-8.99710655212402,"Female"
"9004159",371979,2025-06-10 00:23:20,42.489185333252,-8.9971399307251,"Female"
"9004159",371979,2025-06-10 00:28:20,42.4891471862793,-8.9970064163208,"Female"
"9004159",371979,2025-06-10 00:33:20,42.489086151123,-8.99707412719727,"Female"
"9004159",371979,2025-06-10 00:38:20,42.4890403747559,-8.99703884124756,"Female"
"9004159",371979,2025-06-10 00:43:20,42.4890975952148,-8.99706745147705,"Female"
"9004159",371979,2025-06-10 00:48:21,42.4890098571777,-8.99700927734375,"Female"
"9004159",371979,2025-06-10 00:53:20,42.4891014099121,-8.99711608886719,"Female"
"9004159",371979,2025-06-10 00:58:21,42.4891166687012,-8.99705696105957,"Female"
"9004159",371979,2025-06-10 01:03:20,42.4890403747559,-8.99707698822021,"Female"
"9004159",371979,2025-06-10 01:08:21,42.4891357421875,-8.99709892272949,"Female"
"9004159",371979,2025-06-10 01:13:21,42.4890022277832,-8.99706745147705,"Female"
"9004159",371979,2025-06-10 01:18:21,42.4888305664062,-8.99728202819824,"Female"
"9004159",371979,2025-06-10 01:23:24,42.4890899658203,-8.99710941314697,"Female"
"9004159",371979,2025-06-10 01:28:39,42.4890518188477,-8.99707794189453,"Female"
"9004159",371979,2025-06-10 01:33:44,42.489128112793,-8.99710559844971,"Female"
"9004159",371979,2025-06-10 01:38:20,42.4892349243164,-8.99716091156006,"Female"
"9004159",371979,2025-06-10 01:43:20,42.4891510009766,-8.99718379974365,"Female"
"9004159",371979,2025-06-10 01:48:20,42.489013671875,-8.99700927734375,"Female"
"9004159",371979,2025-06-10 01:53:23,42.4890060424805,-8.99707794189453,"Female"
"9004159",371979,2025-06-10 01:58:21,42.4890365600586,-8.99703025817871,"Female"
"9004159",371979,2025-06-10 02:03:26,42.4890289306641,-8.99705219268799,"Female"
"9004159",371979,2025-06-10 02:08:25,42.4889793395996,-8.99692630767822,"Female"
"9004159",371979,2025-06-10 02:13:25,42.4890632629395,-8.99702548980713,"Female"
"9004159",371979,2025-06-10 02:18:30,42.4890289306641,-8.99703693389893,"Female"
"9004159",371979,2025-06-10 02:23:25,42.4888801574707,-8.99670314788818,"Female"
"9004159",371979,2025-06-10 02:28:31,42.488956451416,-8.99699687957764,"Female"
"9004159",371979,2025-06-10 02:34:14,42.4891891479492,-8.99714851379395,"Female"
"9004159",371979,2025-06-10 02:38:22,42.4893417358398,-8.99726963043213,"Female"
"9004159",371979,2025-06-10 02:43:26,42.4891662597656,-8.99721622467041,"Female"
"9004159",371979,2025-06-10 02:48:51,42.4893112182617,-8.99734497070312,"Female"
"9004159",371979,2025-06-10 02:53:21,42.4889259338379,-8.99722671508789,"Female"
"9004159",371979,2025-06-10 02:58:20,42.4891204833984,-8.9971227645874,"Female"
"9004159",371979,2025-06-10 03:03:25,42.4888687133789,-8.99717712402344,"Female"
"9004159",371979,2025-06-10 03:08:20,42.4890060424805,-8.99720764160156,"Female"
"9004159",371979,2025-06-10 03:13:22,42.4890098571777,-8.99708271026611,"Female"
"9004159",371979,2025-06-10 03:18:28,42.4890174865723,-8.99709129333496,"Female"
"9004159",371979,2025-06-10 03:23:22,42.4890327453613,-8.99709510803223,"Female"
"9004159",371979,2025-06-10 03:28:25,42.4888954162598,-8.99704170227051,"Female"
"9004159",371979,2025-06-10 03:33:28,42.4891014099121,-8.99716186523438,"Female"
"9004159",371979,2025-06-10 03:38:22,42.4892272949219,-8.99728012084961,"Female"
"9004159",371979,2025-06-10 03:43:26,42.4892501831055,-8.99716854095459,"Female"
"9004159",371979,2025-06-10 03:48:33,42.489086151123,-8.99716377258301,"Female"
"9004159",371979,2025-06-10 03:53:30,42.4890823364258,-8.99714374542236,"Female"
"9004159",371979,2025-06-10 03:58:29,42.4889869689941,-8.99712467193604,"Female"
"9004159",371979,2025-06-10 04:03:24,42.4889526367188,-8.99704933166504,"Female"
"9004159",371979,2025-06-10 04:08:24,42.4890060424805,-8.99699306488037,"Female"
"9004159",371979,2025-06-10 04:13:23,42.4889259338379,-8.99697303771973,"Female"
"9004159",371979,2025-06-10 04:18:21,42.489086151123,-8.99709129333496,"Female"
"9004159",371979,2025-06-10 04:23:21,42.4889640808105,-8.99700355529785,"Female"
"9004159",371979,2025-06-10 04:28:22,42.4891204833984,-8.99712181091309,"Female"
"9004159",371979,2025-06-10 04:33:20,42.4890594482422,-8.9971170425415,"Female"
"9004159",371979,2025-06-10 04:38:30,42.4889831542969,-8.9970121383667,"Female"
"9004159",371979,2025-06-10 04:43:35,42.4889984130859,-8.99704360961914,"Female"
"9004159",371979,2025-06-10 04:48:25,42.4891738891602,-8.99732208251953,"Female"
"9004159",371979,2025-06-10 04:53:28,42.4891471862793,-8.99718284606934,"Female"
"9004159",371979,2025-06-10 04:58:21,42.4889640808105,-8.99704647064209,"Female"
"9004159",371979,2025-06-10 05:03:35,42.4890174865723,-8.99702835083008,"Female"
"9004159",371979,2025-06-10 05:08:44,42.4890480041504,-8.99695110321045,"Female"
"9004159",371979,2025-06-10 05:13:36,42.4890594482422,-8.99706172943115,"Female"
"9004159",371979,2025-06-10 05:18:31,42.4890823364258,-8.99643707275391,"Female"
"9004159",371979,2025-06-10 05:23:36,42.4891242980957,-8.99714183807373,"Female"
"9004159",371979,2025-06-10 05:28:43,42.4888496398926,-8.99770927429199,"Female"
"9004159",371979,2025-06-10 05:33:32,42.4890403747559,-8.99761962890625,"Female"
"9004159",371979,2025-06-10 05:38:31,42.4890632629395,-8.99700164794922,"Female"
"9004159",371979,2025-06-10 05:43:28,42.4889068603516,-8.99702262878418,"Female"
"9004159",371979,2025-06-10 05:48:53,42.4891700744629,-8.99718952178955,"Female"
"9004159",371979,2025-06-10 05:54:44,42.4890289306641,-8.99703311920166,"Female"
"9004159",371979,2025-06-10 05:58:44,42.4889755249023,-8.99697399139404,"Female"
"9004159",371979,2025-06-10 06:03:37,42.4889373779297,-8.9970121383667,"Female"
"9004159",371979,2025-06-10 06:08:22,42.4889907836914,-8.99663543701172,"Female"
"9004159",371979,2025-06-10 06:13:28,42.489185333252,-8.9970817565918,"Female"
"9004159",371979,2025-06-10 06:18:25,42.4891510009766,-8.99704170227051,"Female"
"9004159",371979,2025-06-10 06:23:25,42.4892807006836,-8.99718475341797,"Female"
"9004159",371979,2025-06-10 06:28:28,42.4891052246094,-8.99700450897217,"Female"
"9004159",371979,2025-06-10 06:33:39,42.4891014099121,-8.99708271026611,"Female"
"9004159",371979,2025-06-10 06:38:25,42.4893455505371,-8.99707889556885,"Female"
"9004159",371979,2025-06-10 06:43:33,42.4891662597656,-8.99698734283447,"Female"
"9004159",371979,2025-06-10 06:49:14,42.489128112793,-8.99716758728027,"Female"
"9004159",371979,2025-06-10 06:53:20,42.4889640808105,-8.99703598022461,"Female"
"9004159",371979,2025-06-10 06:58:20,42.4888725280762,-8.99704074859619,"Female"
"9004159",371979,2025-06-10 07:03:21,42.488956451416,-8.99704360961914,"Female"
"9004159",371979,2025-06-10 07:08:26,42.4889221191406,-8.99694442749023,"Female"
"9004159",371979,2025-06-10 07:13:20,42.4889450073242,-8.99687767028809,"Female"
"9004159",371979,2025-06-10 07:18:20,42.4889602661133,-8.99704360961914,"Female"
"9004159",371979,2025-06-10 07:23:20,42.488941192627,-8.99702739715576,"Female"
"9004159",371979,2025-06-10 07:28:21,42.488956451416,-8.99700832366943,"Female"
"9004159",371979,2025-06-10 07:33:37,42.5059585571289,-9.00192260742188,"Female"
"9004159",371979,2025-06-10 07:39:32,42.507251739502,-9.00386905670166,"Female"
"9004159",371979,2025-06-10 07:44:32,42.5076217651367,-9.0045804977417,"Female"
"9004159",371979,2025-06-10 07:50:05,42.5053825378418,-9.00881576538086,"Female"
"9004159",371979,2025-06-10 07:54:29,42.5053100585938,-9.00875759124756,"Female"
"9004159",371979,2025-06-10 07:59:33,42.5090560913086,-9.01268100738525,"Female"
"9004159",371979,2025-06-10 08:04:37,42.5098457336426,-9.01973533630371,"Female"
"9004159",371979,2025-06-10 08:09:39,42.511157989502,-9.02321624755859,"Female"
"9004159",371979,2025-06-10 08:14:39,42.5128746032715,-9.03443145751953,"Female"
"9004159",371979,2025-06-10 08:19:49,42.5153160095215,-9.01408672332764,"Female"
"9004159",371979,2025-06-10 08:24:50,42.5112609863281,-9.00275230407715,"Female"
"9004159",371979,2025-06-10 08:29:51,42.5109252929688,-9.03651523590088,"Female"
"9004159",371979,2025-06-10 08:37:09,42.5083541870117,-9.04391479492188,"Female"
"9004159",371979,2025-06-10 08:44:20,42.5065574645996,-9.04567623138428,"Female"
"9004159",371979,2025-06-10 08:50:35,42.5077705383301,-9.04256343841553,"Female"
"9004159",371979,2025-06-10 08:55:12,42.5076484680176,-9.04275512695312,"Female"
"9004159",371979,2025-06-10 09:00:12,42.5068855285645,-9.05020999908447,"Female"
"9004159",371979,2025-06-10 09:05:13,42.5068893432617,-9.05015468597412,"Female"
"9004159",371979,2025-06-10 09:10:13,42.5067901611328,-9.05020046234131,"Female"
"9004159",371979,2025-06-10 09:15:12,42.5069122314453,-9.05019092559814,"Female"
"9004159",371979,2025-06-10 09:20:13,42.5067825317383,-9.0501070022583,"Female"
"9004159",371979,2025-06-10 09:25:13,42.506778717041,-9.05001258850098,"Female"
"9004159",371979,2025-06-10 09:30:12,42.5068893432617,-9.05019664764404,"Female"
"9004159",371979,2025-06-10 09:35:12,42.5069236755371,-9.05024814605713,"Female"
"9004159",371979,2025-06-10 09:40:12,42.5068473815918,-9.05007457733154,"Female"
"9004159",371979,2025-06-10 09:45:12,42.5068817138672,-9.05022144317627,"Female"
"9004159",371979,2025-06-10 09:50:12,42.5067710876465,-9.05019664764404,"Female"
"9004159",371979,2025-06-10 09:55:13,42.5069046020508,-9.05012512207031,"Female"
"9004159",371979,2025-06-10 10:00:17,42.5108261108398,-9.03246879577637,"Female"
"9004159",371979,2025-06-10 10:05:49,42.509090423584,-9.0140380859375,"Female"
"9004159",371979,2025-06-10 10:11:40,42.5094566345215,-9.01322174072266,"Female"
"9004159",371979,2025-06-10 10:16:39,42.5093078613281,-9.01378536224365,"Female"
"9004159",371979,2025-06-10 10:21:50,42.5070037841797,-9.01684093475342,"Female"
"9004159",371979,2025-06-10 10:26:45,42.5065155029297,-9.01757717132568,"Female"
"9004159",371979,2025-06-10 10:32:38,42.5076751708984,-9.01512718200684,"Female"
"9004159",371979,2025-06-10 10:38:35,42.5076141357422,-9.01766872406006,"Female"
"9004159",371979,2025-06-10 10:43:34,42.5064964294434,-9.01647281646729,"Female"
"9004159",371979,2025-06-10 10:48:35,42.5056114196777,-9.01468086242676,"Female"
"9004159",371979,2025-06-10 10:53:34,42.5050811767578,-9.0162239074707,"Female"
"9004159",371979,2025-06-10 10:58:36,42.5048522949219,-9.01683712005615,"Female"
"9004159",371979,2025-06-10 11:03:36,42.5035095214844,-9.01647472381592,"Female"
"9004159",371979,2025-06-10 11:08:34,42.5042610168457,-9.01665592193604,"Female"
"9004159",371979,2025-06-10 11:14:10,42.5062217712402,-9.01773738861084,"Female"
"9004159",371979,2025-06-10 11:20:13,42.5049247741699,-9.01764297485352,"Female"
"9004159",371979,2025-06-10 11:25:21,42.5051879882812,-9.01874160766602,"Female"
"9004159",371979,2025-06-10 11:30:54,42.5051231384277,-9.01905250549316,"Female"
"9004159",371979,2025-06-10 11:36:16,42.5045166015625,-9.01832485198975,"Female"
"9004159",371979,2025-06-10 11:42:09,42.5037231445312,-9.01621627807617,"Female"
"9004159",371979,2025-06-10 11:48:14,42.4988059997559,-9.0145263671875,"Female"
"9004159",371979,2025-06-10 11:52:04,42.4987335205078,-9.01436328887939,"Female"
"9004159",371979,2025-06-10 11:57:04,42.4986190795898,-9.01410961151123,"Female"
"9004159",371979,2025-06-10 12:02:04,42.4987182617188,-9.01455402374268,"Female"
"9004159",371979,2025-06-10 12:07:01,42.4983863830566,-9.01421737670898,"Female"
"9004159",371979,2025-06-10 12:12:09,42.4986991882324,-9.01453018188477,"Female"
"9004159",371979,2025-06-10 12:17:01,42.4986915588379,-9.01437950134277,"Female"
"9004159",371979,2025-06-10 12:22:02,42.4987373352051,-9.01422500610352,"Female"
"9004159",371979,2025-06-10 12:27:35,42.4988288879395,-9.01483726501465,"Female"
"9004159",371979,2025-06-10 12:32:00,42.4989013671875,-9.01533985137939,"Female"
"9004159",371979,2025-06-10 12:37:02,42.4989280700684,-9.01501560211182,"Female"
"9004159",371979,2025-06-10 12:41:59,42.4988136291504,-9.01483535766602,"Female"
"9004159",371979,2025-06-10 12:47:14,42.4987487792969,-9.01465320587158,"Female"
"9004159",371979,2025-06-10 12:52:01,42.4987335205078,-9.01459884643555,"Female"
"9004159",371979,2025-06-10 12:57:09,42.4987335205078,-9.01463317871094,"Female"
"9004159",371979,2025-06-10 13:02:09,42.4987716674805,-9.01469898223877,"Female"
"9004159",371979,2025-06-10 13:07:07,42.4987640380859,-9.01471996307373,"Female"
"9004159",371979,2025-06-10 13:12:09,42.4987831115723,-9.01475524902344,"Female"
"9004159",371979,2025-06-10 13:17:07,42.4987678527832,-9.01469421386719,"Female"
"9004159",371979,2025-06-10 13:22:10,42.4987754821777,-9.01483249664307,"Female"
"9004159",371979,2025-06-10 13:26:59,42.4987754821777,-9.01486778259277,"Female"
"9004159",371979,2025-06-10 13:32:00,42.4988059997559,-9.01470851898193,"Female"
"9004159",371979,2025-06-10 13:37:00,42.498851776123,-9.01485443115234,"Female"
"9004159",371979,2025-06-10 13:42:00,42.4990386962891,-9.01449203491211,"Female"
"9004159",371979,2025-06-10 13:49:10,42.5082550048828,-9.0155143737793,"Female"
"9004159",371979,2025-06-10 13:53:10,42.5091323852539,-9.01431941986084,"Female"
"9004159",371979,2025-06-10 13:59:21,42.5088729858398,-9.01432991027832,"Female"
"9004159",371979,2025-06-10 14:04:19,42.509407043457,-9.01562595367432,"Female"
"9004159",371979,2025-06-10 14:09:22,42.5090522766113,-9.01512241363525,"Female"
"9004159",371979,2025-06-10 14:14:36,42.5091819763184,-9.01415252685547,"Female"
"9004159",371979,2025-06-10 14:19:52,42.5083808898926,-9.01420116424561,"Female"
"9004159",371979,2025-06-10 14:24:51,42.5100250244141,-9.01300716400146,"Female"
"9004159",371979,2025-06-10 14:29:52,42.5083465576172,-9.01338481903076,"Female"
"9004159",371979,2025-06-10 14:34:51,42.5051040649414,-9.01343059539795,"Female"
"9004159",371979,2025-06-10 14:39:51,42.4987411499023,-9.01524925231934,"Female"
"9004159",371979,2025-06-10 14:44:51,42.4984474182129,-9.01435089111328,"Female"
"9004159",371979,2025-06-10 14:49:51,42.4983673095703,-9.01400566101074,"Female"
"9004159",371979,2025-06-10 14:54:51,42.4985427856445,-9.01461315155029,"Female"
"9004159",371979,2025-06-10 14:59:53,42.4986991882324,-9.01478004455566,"Female"
"9004159",371979,2025-06-10 15:04:52,42.4984931945801,-9.01440048217773,"Female"
"9004159",371979,2025-06-10 15:09:54,42.4986267089844,-9.01461219787598,"Female"
"9004159",371979,2025-06-10 15:14:53,42.4986190795898,-9.0145845413208,"Female"
"9004159",371979,2025-06-10 15:19:51,42.4986190795898,-9.01456260681152,"Female"
"9004159",371979,2025-06-10 15:24:51,42.4985656738281,-9.01448726654053,"Female"
"9004159",371979,2025-06-10 15:29:51,42.4985313415527,-9.01438140869141,"Female"
"9004159",371979,2025-06-10 15:34:54,42.4986991882324,-9.01471138000488,"Female"
"9004159",371979,2025-06-10 15:39:53,42.498649597168,-9.01467990875244,"Female"
"9004159",371979,2025-06-10 15:44:52,42.4986991882324,-9.01470851898193,"Female"
"9004159",371979,2025-06-10 15:49:51,42.4985542297363,-9.01452445983887,"Female"
"9004159",371979,2025-06-10 15:54:51,42.498592376709,-9.01456356048584,"Female"
"9004159",371979,2025-06-10 16:00:14,42.498664855957,-9.01462364196777,"Female"
"9004159",371979,2025-06-10 16:04:50,42.4987182617188,-9.01466846466064,"Female"
"9004159",371979,2025-06-10 16:09:51,42.4986686706543,-9.01467418670654,"Female"
"9004159",371979,2025-06-10 16:14:50,42.4986763000488,-9.01462936401367,"Female"
"9004159",371979,2025-06-10 16:19:55,42.4986686706543,-9.0146541595459,"Female"
"9004159",371979,2025-06-10 16:24:50,42.4985733032227,-9.01455211639404,"Female"
"9004159",371979,2025-06-10 16:29:53,42.4986839294434,-9.01467990875244,"Female"
"9004159",371979,2025-06-10 16:34:52,42.4986610412598,-9.0146312713623,"Female"
"9004159",371979,2025-06-10 16:40:14,42.4985198974609,-9.01453971862793,"Female"
"9004159",371979,2025-06-10 16:44:52,42.4986305236816,-9.01460266113281,"Female"
"9004159",371979,2025-06-10 16:49:56,42.4984550476074,-9.01453685760498,"Female"
"9004159",371979,2025-06-10 16:54:51,42.4986267089844,-9.01461315155029,"Female"
"9004159",371979,2025-06-10 17:00:03,42.4983978271484,-9.01469135284424,"Female"
"9004159",371979,2025-06-10 17:04:53,42.4985809326172,-9.01455593109131,"Female"
"9004159",371979,2025-06-10 17:10:11,42.4986534118652,-9.01463794708252,"Female"
"9004159",371979,2025-06-10 17:14:53,42.4984169006348,-9.0142707824707,"Female"
"9004159",371979,2025-06-10 17:19:54,42.504467010498,-9.01486301422119,"Female"
"9004159",371979,2025-06-10 17:25:01,42.5092964172363,-9.01306343078613,"Female"
"9004159",371979,2025-06-10 17:31:05,42.5090599060059,-9.011643409729,"Female"
"9004159",371979,2025-06-10 17:36:02,42.5091781616211,-9.00976085662842,"Female"
"9004159",371979,2025-06-10 17:41:18,42.5089645385742,-9.01133060455322,"Female"
"9004159",371979,2025-06-10 17:59:15,42.5081062316895,-9.01023483276367,"Female"
"9004159",371979,2025-06-10 18:04:14,42.5094375610352,-9.01190280914307,"Female"
"9004159",371979,2025-06-10 18:09:12,42.5095062255859,-9.01027202606201,"Female"
"9004159",371979,2025-06-10 18:14:10,42.5081443786621,-9.01074314117432,"Female"
"9004159",371979,2025-06-10 18:19:19,42.4986763000488,-9.01473045349121,"Female"
"9004159",371979,2025-06-10 18:24:11,42.4987602233887,-9.01500034332275,"Female"
"9004159",371979,2025-06-10 18:29:25,42.5010986328125,-9.01742744445801,"Female"
"9004159",371979,2025-06-10 18:38:01,42.50048828125,-9.01856136322021,"Female"
"9004159",371979,2025-06-10 18:44:12,42.5004844665527,-9.0195426940918,"Female"
"9004159",371979,2025-06-10 18:49:36,42.4892158508301,-8.99808216094971,"Female"
"9004159",371979,2025-06-10 18:54:06,42.4890022277832,-8.99710655212402,"Female"
"9004159",371979,2025-06-10 18:59:05,42.4889297485352,-8.99702548980713,"Female"
"9004159",371979,2025-06-10 19:04:35,42.4889488220215,-8.99700450897217,"Female"
"9004159",371979,2025-06-10 19:09:06,42.4889488220215,-8.99701881408691,"Female"
"9004159",371979,2025-06-10 19:14:05,42.4889678955078,-8.99705791473389,"Female"
"9004159",371979,2025-06-10 19:19:06,42.4889831542969,-8.99706935882568,"Female"
"9004159",371979,2025-06-10 19:24:05,42.4889335632324,-8.99700927734375,"Female"
"9004159",371979,2025-06-10 19:29:05,42.4889144897461,-8.9970703125,"Female"
"9004159",371979,2025-06-10 19:34:07,42.4890327453613,-8.99717903137207,"Female"
"9004159",371979,2025-06-10 19:39:07,42.4889717102051,-8.99710845947266,"Female"
"9004159",371979,2025-06-10 19:44:07,42.4889831542969,-8.9971342086792,"Female"
"9004159",371979,2025-06-10 19:49:09,42.4889106750488,-8.99711513519287,"Female"
"9004159",371979,2025-06-10 19:54:07,42.4888610839844,-8.99732494354248,"Female"
"9004159",371979,2025-06-10 19:59:33,42.4889068603516,-8.99706935882568,"Female"
"9004159",371979,2025-06-10 20:04:10,42.4888496398926,-8.996994972229,"Female"
"9004159",371979,2025-06-10 20:09:09,42.4888572692871,-8.99715709686279,"Female"
"9004159",371979,2025-06-10 20:14:12,42.4885597229004,-8.99706172943115,"Female"
"9004159",371979,2025-06-10 20:19:08,42.4890060424805,-8.99704551696777,"Female"
"9004159",371979,2025-06-10 20:24:06,42.4888496398926,-8.99699783325195,"Female"
"9004159",371979,2025-06-10 20:29:05,42.4889068603516,-8.99701595306396,"Female"
"9004159",371979,2025-06-10 20:34:06,42.4888687133789,-8.99696063995361,"Female"
"9004159",371979,2025-06-10 20:39:05,42.4889335632324,-8.99690532684326,"Female"
"9004159",371979,2025-06-10 20:44:06,42.4889106750488,-8.99697589874268,"Female"
"9004159",371979,2025-06-10 20:49:08,42.4888763427734,-8.99706077575684,"Female"
"9004159",371979,2025-06-10 20:54:10,42.4888725280762,-8.99701499938965,"Female"
"9004159",371979,2025-06-10 20:59:10,42.4888648986816,-8.99686241149902,"Female"
"9004159",371979,2025-06-10 21:04:09,42.4889907836914,-8.99639892578125,"Female"
"9004159",371979,2025-06-10 21:09:14,42.4890899658203,-8.997389793396,"Female"
"9004159",371979,2025-06-10 21:14:16,42.4888496398926,-8.99689292907715,"Female"
"9004159",371979,2025-06-10 21:19:10,42.4888916015625,-8.99689674377441,"Female"
"9004159",371979,2025-06-10 21:24:04,42.4887847900391,-8.99654579162598,"Female"
"9004159",371979,2025-06-10 21:29:35,42.488883972168,-8.99704074859619,"Female"
"9004159",371979,2025-06-10 21:34:06,42.4889106750488,-8.99700164794922,"Female"
"9004159",371979,2025-06-10 21:39:06,42.4887237548828,-8.99706077575684,"Female"
"9004159",371979,2025-06-10 21:44:06,42.4888877868652,-8.99702072143555,"Female"
"9004159",371979,2025-06-10 21:49:08,42.4888648986816,-8.99710655212402,"Female"
"9004159",371979,2025-06-10 21:54:06,42.4888114929199,-8.996901512146,"Female"
"9004159",371979,2025-06-10 21:59:06,42.4888610839844,-8.99690723419189,"Female"
"9004159",371979,2025-06-10 22:04:07,42.4888343811035,-8.99687767028809,"Female"
"9004159",371979,2025-06-10 22:09:06,42.4888763427734,-8.99689769744873,"Female"
"9004159",371979,2025-06-10 22:14:09,42.4888725280762,-8.99704074859619,"Female"
"9004159",371979,2025-06-10 22:19:08,42.4891166687012,-8.99720859527588,"Female"
"9004159",371979,2025-06-10 22:24:06,42.4887771606445,-8.99686908721924,"Female"
"9004159",371979,2025-06-10 22:29:12,42.4889030456543,-8.99695682525635,"Female"
"9004159",371979,2025-06-10 22:34:35,42.4889068603516,-8.99696063995361,"Female"
"9004159",371979,2025-06-10 22:39:04,42.4890213012695,-8.99699401855469,"Female"
"9004159",371979,2025-06-10 22:44:06,42.4890899658203,-8.99714279174805,"Female"
"9004159",371979,2025-06-10 22:49:05,42.4890823364258,-8.99721050262451,"Female"
"9004159",371979,2025-06-10 22:54:07,42.4889755249023,-8.99715709686279,"Female"
"9004159",371979,2025-06-10 22:59:06,42.4889831542969,-8.99722862243652,"Female"
"9004159",371979,2025-06-10 23:04:06,42.4891090393066,-8.99729061126709,"Female"
"9004159",371979,2025-06-10 23:09:07,42.4889717102051,-8.99721431732178,"Female"
"9004159",371979,2025-06-10 23:14:05,42.4890289306641,-8.99720478057861,"Female"
"9004159",371979,2025-06-10 23:19:04,42.4891319274902,-8.99723434448242,"Female"
"9004159",371979,2025-06-10 23:24:04,42.4889488220215,-8.99716281890869,"Female"
"9004159",371979,2025-06-10 23:29:07,42.4890480041504,-8.99719333648682,"Female"
"9004159",371979,2025-06-10 23:34:05,42.4890174865723,-8.99718475341797,"Female"
"9004159",371979,2025-06-10 23:39:06,42.4888725280762,-8.9970178604126,"Female"
"9004159",371979,2025-06-10 23:44:08,42.4890213012695,-8.99729537963867,"Female"
"9004159",371979,2025-06-10 23:49:07,42.4887771606445,-8.99689960479736,"Female"
"9004159",371979,2025-06-10 23:54:05,42.4888458251953,-8.99698448181152,"Female"
"9004159",371979,2025-06-10 23:59:08,42.4886627197266,-8.99682998657227,"Female"
"9004159",371979,2025-06-11 00:04:07,42.4887619018555,-8.99687004089355,"Female"
"9004159",371979,2025-06-11 00:09:06,42.4889144897461,-8.99700450897217,"Female"
"9004159",371979,2025-06-11 00:14:09,42.4890785217285,-8.99719047546387,"Female"
"9004159",371979,2025-06-11 00:19:07,42.4891357421875,-8.99723529815674,"Female"
"9004159",371979,2025-06-11 00:24:09,42.4891128540039,-8.9971752166748,"Female"
"9004159",371979,2025-06-11 00:29:09,42.4891395568848,-8.99719142913818,"Female"
"9004159",371979,2025-06-11 00:34:14,42.4889450073242,-8.99707508087158,"Female"
"9004159",371979,2025-06-11 00:39:12,42.4889678955078,-8.99726963043213,"Female"
"9004159",371979,2025-06-11 00:44:32,42.4889106750488,-8.99697208404541,"Female"
"9004159",371979,2025-06-11 00:49:05,42.4889106750488,-8.99682331085205,"Female"
"9004159",371979,2025-06-11 00:54:05,42.4889450073242,-8.99700832366943,"Female"
"9004159",371979,2025-06-11 00:59:04,42.4889793395996,-8.99704456329346,"Female"
"9004159",371979,2025-06-11 01:04:05,42.4889907836914,-8.99704360961914,"Female"
"9004159",371979,2025-06-11 01:09:08,42.4890060424805,-8.99708271026611,"Female"
"9004159",371979,2025-06-11 01:14:08,42.4888229370117,-8.99662494659424,"Female"
"9004159",371979,2025-06-11 01:19:15,42.4890670776367,-8.99708080291748,"Female"
"9004159",371979,2025-06-11 01:24:18,42.4890403747559,-8.99703788757324,"Female"
"9004159",371979,2025-06-11 01:29:07,42.4888877868652,-8.99653244018555,"Female"
"9004159",371979,2025-06-11 01:34:18,42.4890632629395,-8.99699783325195,"Female"
"9004159",371979,2025-06-11 01:39:07,42.4890403747559,-8.99696254730225,"Female"
"9004159",371979,2025-06-11 01:44:19,42.4890747070312,-8.9969482421875,"Female"
"9004159",371979,2025-06-11 01:49:18,42.4890937805176,-8.99688816070557,"Female"
"9004159",371979,2025-06-11 01:54:08,42.4891128540039,-8.99689388275146,"Female"
"9004159",371979,2025-06-11 01:59:18,42.4890747070312,-8.99689674377441,"Female"
"9004159",371979,2025-06-11 02:04:35,42.4889183044434,-8.99704647064209,"Female"
"9004159",371979,2025-06-11 02:09:05,42.4889793395996,-8.99685478210449,"Female"
"9004159",371979,2025-06-11 02:14:04,42.4890480041504,-8.99679470062256,"Female"
"9004159",371979,2025-06-11 02:19:08,42.4889907836914,-8.9968318939209,"Female"
"9004159",371979,2025-06-11 02:24:04,42.4889488220215,-8.99685573577881,"Female"
"9004159",371979,2025-06-11 02:29:04,42.4889526367188,-8.99697875976562,"Female"
"9004159",371979,2025-06-11 02:34:04,42.488956451416,-8.99692344665527,"Female"
"9004159",371979,2025-06-11 02:39:04,42.4888954162598,-8.99693298339844,"Female"
"9004159",371979,2025-06-11 02:44:04,42.4889335632324,-8.99703216552734,"Female"
"9004159",371979,2025-06-11 02:49:04,42.4887313842773,-8.99693202972412,"Female"
"9004159",371979,2025-06-11 02:54:04,42.4888877868652,-8.99700260162354,"Female"
"9004159",371979,2025-06-11 02:59:04,42.4889450073242,-8.99696254730225,"Female"
"9004159",371979,2025-06-11 03:04:04,42.488899230957,-8.99694633483887,"Female"
"9004159",371979,2025-06-11 03:09:04,42.4889450073242,-8.99700546264648,"Female"
"9004159",371979,2025-06-11 03:14:04,42.4888954162598,-8.99697017669678,"Female"
"9004159",371979,2025-06-11 03:19:04,42.4888458251953,-8.99701023101807,"Female"
"9004159",371979,2025-06-11 03:24:04,42.4889793395996,-8.99704456329346,"Female"
"9004159",371979,2025-06-11 03:29:04,42.4889869689941,-8.99696445465088,"Female"
"9004159",371979,2025-06-11 03:34:05,42.488941192627,-8.99699306488037,"Female"
"9004159",371979,2025-06-11 03:39:08,42.4888954162598,-8.99694538116455,"Female"
"9004159",371979,2025-06-11 03:44:13,42.489070892334,-8.99710273742676,"Female"
"9004159",371979,2025-06-11 03:49:08,42.4893074035645,-8.99733257293701,"Female"
"9004159",371979,2025-06-11 03:54:09,42.4889030456543,-8.99695110321045,"Female"
"9004159",371979,2025-06-11 03:59:35,42.4889869689941,-8.99703693389893,"Female"
"9004159",371979,2025-06-11 04:04:06,42.4890365600586,-8.99705600738525,"Female"
"9004159",371979,2025-06-11 04:09:06,42.4892082214355,-8.99727439880371,"Female"
"9004159",371979,2025-06-11 04:14:07,42.4890098571777,-8.99714279174805,"Female"
"9004159",371979,2025-06-11 04:19:07,42.4889373779297,-8.99699592590332,"Female"
"9004159",371979,2025-06-11 04:24:08,42.4890365600586,-8.99715137481689,"Female"
"9004159",371979,2025-06-11 04:29:21,42.4890060424805,-8.99704647064209,"Female"
"9004159",371979,2025-06-11 04:35:00,42.4888648986816,-8.996994972229,"Female"
"9004159",371979,2025-06-11 04:39:34,42.4888916015625,-8.99700927734375,"Female"
"9004159",371979,2025-06-11 04:44:15,42.4888916015625,-8.99699592590332,"Female"
"9004159",371979,2025-06-11 04:49:06,42.4888801574707,-8.99700355529785,"Female"
"9004159",371979,2025-06-11 04:54:37,42.4888648986816,-8.99698257446289,"Female"
"9004159",371979,2025-06-11 04:59:15,42.4889259338379,-8.99697303771973,"Female"
"9004159",371979,2025-06-11 05:04:17,42.4888954162598,-8.99695301055908,"Female"
"9004159",371979,2025-06-11 05:09:07,42.4891052246094,-8.99741649627686,"Female"
"9004159",371979,2025-06-11 05:14:11,42.488883972168,-8.99686813354492,"Female"
"9004159",371979,2025-06-11 05:19:06,42.4889869689941,-8.99731254577637,"Female"
"9004159",371979,2025-06-11 05:24:18,42.4888877868652,-8.99693202972412,"Female"
"9004159",371979,2025-06-11 05:29:13,42.4887962341309,-8.99696063995361,"Female"
"9004159",371979,2025-06-11 05:34:08,42.4889030456543,-8.99701309204102,"Female"
"9004159",371979,2025-06-11 05:39:07,42.4888458251953,-8.99701118469238,"Female"
"9004159",371979,2025-06-11 05:44:08,42.4888725280762,-8.99698543548584,"Female"
"9004159",371979,2025-06-11 05:49:09,42.488883972168,-8.996994972229,"Female"
"9004159",371979,2025-06-11 05:54:17,42.4888114929199,-8.99701881408691,"Female"
"9004159",371979,2025-06-11 05:59:10,42.4888877868652,-8.99731254577637,"Female"
"9004159",371979,2025-06-11 06:04:06,42.488842010498,-8.99695110321045,"Female"
"9004159",371979,2025-06-11 06:09:05,42.4888725280762,-8.99674892425537,"Female"
"9004159",371979,2025-06-11 06:14:20,42.4887008666992,-8.99645709991455,"Female"
"9004159",371979,2025-06-11 06:19:06,42.4888191223145,-8.99678325653076,"Female"
"9004159",371979,2025-06-11 06:24:10,42.4889030456543,-8.99696636199951,"Female"
"9004159",371979,2025-06-11 06:29:06,42.4889640808105,-8.99691963195801,"Female"
"9004159",371979,2025-06-11 06:34:35,42.4889297485352,-8.99698162078857,"Female"
"9004159",371979,2025-06-11 06:39:05,42.4889831542969,-8.99703693389893,"Female"
"9004159",371979,2025-06-11 06:44:05,42.4890823364258,-8.9972095489502,"Female"
"9004159",371979,2025-06-11 06:49:05,42.4889373779297,-8.99698162078857,"Female"
"9004159",371979,2025-06-11 06:54:04,42.4889907836914,-8.99706077575684,"Female"
"9004159",371979,2025-06-11 06:59:06,42.4889793395996,-8.99693489074707,"Female"
"9004159",371979,2025-06-11 07:04:05,42.5053215026855,-9.00873184204102,"Female"
"9004159",371979,2025-06-11 07:09:05,42.5054473876953,-9.00876903533936,"Female"
"9004159",371979,2025-06-11 07:14:07,42.5053825378418,-9.00885581970215,"Female"
"9004159",371979,2025-06-11 07:19:06,42.5051574707031,-9.00840377807617,"Female"
"9004159",371979,2025-06-11 07:24:06,42.5051078796387,-9.00831890106201,"Female"
"9004159",371979,2025-06-11 07:29:06,42.5051116943359,-9.00817394256592,"Female"
"9004159",371979,2025-06-11 07:34:06,42.5051460266113,-9.00833988189697,"Female"
"9004159",371979,2025-06-11 07:40:06,42.509407043457,-9.01387023925781,"Female"
"9004159",371979,2025-06-11 07:46:05,42.5094451904297,-9.01302242279053,"Female"
"9004159",371979,2025-06-11 07:50:57,42.5109100341797,-9.01296424865723,"Female"
"9004159",371979,2025-06-11 07:56:06,42.510196685791,-9.01823139190674,"Female"
"9004159",371979,2025-06-11 08:01:38,42.5113067626953,-9.01868438720703,"Female"
"9004159",371979,2025-06-11 08:06:31,42.5106201171875,-9.0194263458252,"Female"
"9004159",371979,2025-06-11 08:12:06,42.5091361999512,-9.0199146270752,"Female"
"9004159",371979,2025-06-11 08:18:08,42.5095977783203,-9.01834964752197,"Female"
"9004159",371979,2025-06-11 08:23:48,42.5092697143555,-9.01708602905273,"Female"
"9004159",371979,2025-06-11 08:30:35,42.5094261169434,-9.01613235473633,"Female"
"9004159",371979,2025-06-11 08:35:55,42.5055084228516,-9.01451873779297,"Female"
"9004159",371979,2025-06-11 08:41:12,42.5071144104004,-9.01424026489258,"Female"
"9004159",371979,2025-06-11 08:47:14,42.5068054199219,-9.01657009124756,"Female"
"9004159",371979,2025-06-11 08:52:36,42.5088844299316,-9.01737880706787,"Female"
"9004159",371979,2025-06-11 09:01:10,42.5093078613281,-9.01646614074707,"Female"
"9004159",371979,2025-06-11 09:06:02,42.5101089477539,-9.01869010925293,"Female"
"9004159",371979,2025-06-11 09:11:29,42.5103034973145,-9.0194845199585,"Female"
"9004159",371979,2025-06-11 09:17:19,42.5088233947754,-9.01906204223633,"Female"
"9004159",371979,2025-06-11 09:22:36,42.5083770751953,-9.01851558685303,"Female"
"9004159",371979,2025-06-11 09:27:38,42.5084228515625,-9.01583099365234,"Female"
"9004159",371979,2025-06-11 09:32:34,42.5088348388672,-9.01389694213867,"Female"
"9004159",371979,2025-06-11 09:37:35,42.5112838745117,-9.01194095611572,"Female"
"9004159",371979,2025-06-11 09:42:37,42.5104827880859,-9.00811195373535,"Female"
"9004159",371979,2025-06-11 09:47:37,42.5051193237305,-9.00868511199951,"Female"
"9004159",371979,2025-06-11 09:52:36,42.5051231384277,-9.00862216949463,"Female"
"9004159",371979,2025-06-11 09:57:35,42.5051307678223,-9.00864791870117,"Female"
"9004159",371979,2025-06-11 10:02:35,42.5050926208496,-9.00868129730225,"Female"
"9004159",371979,2025-06-11 10:07:33,42.5050315856934,-9.00862693786621,"Female"
"9004159",371979,2025-06-11 10:12:44,42.5066375732422,-9.01735973358154,"Female"
"9004159",371979,2025-06-11 10:17:43,42.5077362060547,-9.01896190643311,"Female"
"9004159",371979,2025-06-11 10:24:11,42.5084228515625,-9.0205135345459,"Female"
"9004159",371979,2025-06-11 10:29:25,42.5084838867188,-9.01868438720703,"Female"
"9004159",371979,2025-06-11 10:35:57,42.5093536376953,-9.01756572723389,"Female"
"9004159",371979,2025-06-11 10:41:13,42.5100364685059,-9.01847457885742,"Female"
"9004159",371979,2025-06-11 10:54:05,42.5093307495117,-9.0185079574585,"Female"
"9004159",371979,2025-06-11 10:58:17,42.5084114074707,-9.01752948760986,"Female"
"9004159",371979,2025-06-11 11:03:44,42.5062026977539,-9.01676750183105,"Female"
"9004159",371979,2025-06-11 11:08:43,42.506778717041,-9.01364612579346,"Female"
"9004159",371979,2025-06-11 11:13:35,42.5082969665527,-9.01083660125732,"Female"
"9004159",371979,2025-06-11 11:18:25,42.5102996826172,-9.00925731658936,"Female"
"9004159",371979,2025-06-11 11:23:25,42.512882232666,-9.00965881347656,"Female"
"9004159",371979,2025-06-11 11:28:21,42.5140991210938,-9.01022720336914,"Female"
"9004159",371979,2025-06-11 11:33:25,42.5141105651855,-9.01019859313965,"Female"
"9004159",371979,2025-06-11 11:38:22,42.5140991210938,-9.01021862030029,"Female"
"9004159",371979,2025-06-11 11:43:22,42.5140686035156,-9.01020526885986,"Female"
"9004159",371979,2025-06-11 11:48:12,42.5143508911133,-9.00987720489502,"Female"
"9004159",371979,2025-06-11 11:53:21,42.5144195556641,-9.01026153564453,"Female"
"9004159",371979,2025-06-11 11:58:25,42.5144348144531,-9.01027011871338,"Female"
"9004159",371979,2025-06-11 12:03:35,42.514289855957,-9.01019859313965,"Female"
"9004159",371979,2025-06-11 12:08:11,42.5144309997559,-9.01033210754395,"Female"
"9004159",371979,2025-06-11 12:13:11,42.5143699645996,-9.01030349731445,"Female"
"9004159",371979,2025-06-11 12:18:11,42.5143165588379,-9.01026248931885,"Female"
"9004159",371979,2025-06-11 12:23:11,42.5144958496094,-9.01035976409912,"Female"
"9004159",371979,2025-06-11 12:28:11,42.5143699645996,-9.01029014587402,"Female"
"9004159",371979,2025-06-11 12:33:10,42.5145530700684,-9.01043319702148,"Female"
"9004159",371979,2025-06-11 12:38:13,42.5143356323242,-9.01028060913086,"Female"
"9004159",371979,2025-06-11 12:43:10,42.5142974853516,-9.01020526885986,"Female"
"9004159",371979,2025-06-11 12:48:10,42.5140342712402,-9.00772666931152,"Female"
"9004159",371979,2025-06-11 12:53:11,42.5133171081543,-9.00629901885986,"Female"
"9004159",371979,2025-06-11 12:58:09,42.516284942627,-9.00935745239258,"Female"
"9004159",371979,2025-06-11 13:03:10,42.5141105651855,-9.007080078125,"Female"
"9004159",371979,2025-06-11 13:08:12,42.5136375427246,-9.00659847259521,"Female"
"9004159",371979,2025-06-11 13:13:10,42.5146903991699,-9.00778102874756,"Female"
"9004159",371979,2025-06-11 13:18:10,42.5141754150391,-9.0072603225708,"Female"
"9004159",371979,2025-06-11 13:23:12,42.5146713256836,-9.00777816772461,"Female"
"9004159",371979,2025-06-11 13:28:10,42.5150833129883,-9.00824165344238,"Female"
"9004159",371979,2025-06-11 13:33:35,42.5140037536621,-9.00699234008789,"Female"
"9004159",371979,2025-06-11 13:38:10,42.5139923095703,-9.00698375701904,"Female"
"9004159",371979,2025-06-11 13:43:10,42.5139656066895,-9.00703907012939,"Female"
"9004159",371979,2025-06-11 13:48:11,42.5139846801758,-9.00698089599609,"Female"
"9004159",371979,2025-06-11 13:53:11,42.513988494873,-9.00700759887695,"Female"
"9004159",371979,2025-06-11 13:58:10,42.5139389038086,-9.00699043273926,"Female"
"9004159",371979,2025-06-11 14:03:10,42.5139350891113,-9.00701332092285,"Female"
"9004159",371979,2025-06-11 14:08:10,42.5139541625977,-9.00700187683105,"Female"
"9004159",371979,2025-06-11 14:13:10,42.5139083862305,-9.00704956054688,"Female"
"9004159",371979,2025-06-11 14:18:10,42.5139236450195,-9.00695991516113,"Female"
"9004159",371979,2025-06-11 14:23:10,42.5138854980469,-9.007004737854,"Female"
"9004159",371979,2025-06-11 14:28:10,42.513973236084,-9.00700187683105,"Female"
"9004159",371979,2025-06-11 14:33:11,42.5139961242676,-9.00701427459717,"Female"
"9004159",371979,2025-06-11 14:38:10,42.5139961242676,-9.00697803497314,"Female"
"9004159",371979,2025-06-11 14:43:10,42.5139656066895,-9.0069522857666,"Female"
"9004159",371979,2025-06-11 14:48:10,42.5139579772949,-9.0069751739502,"Female"
"9004159",371979,2025-06-11 14:53:10,42.5139122009277,-9.00697708129883,"Female"
"9004159",371979,2025-06-11 14:58:10,42.5139808654785,-9.00696563720703,"Female"
"9004159",371979,2025-06-11 15:03:10,42.513973236084,-9.00703048706055,"Female"
"9004159",371979,2025-06-11 15:08:10,42.5139579772949,-9.00699043273926,"Female"
"9004159",371979,2025-06-11 15:13:10,42.5139427185059,-9.00698757171631,"Female"
"9004159",371979,2025-06-11 15:18:10,42.5139312744141,-9.00695610046387,"Female"
"9004159",371979,2025-06-11 15:23:10,42.5139999389648,-9.00704574584961,"Female"
"9004159",371979,2025-06-11 15:28:10,42.5139694213867,-9.00704765319824,"Female"
"9004159",371979,2025-06-11 15:33:10,42.5139427185059,-9.00699138641357,"Female"
"9004159",371979,2025-06-11 15:38:10,42.5139274597168,-9.00694561004639,"Female"
"9004159",371979,2025-06-11 15:43:10,42.5139465332031,-9.0069694519043,"Female"
"9004159",371979,2025-06-11 15:48:10,42.5139617919922,-9.00697803497314,"Female"
"9004159",371979,2025-06-11 15:53:10,42.5139846801758,-9.00699615478516,"Female"
"9004159",371979,2025-06-11 15:58:10,42.5139350891113,-9.0069580078125,"Female"
"9004159",371979,2025-06-11 16:03:10,42.5139198303223,-9.00694847106934,"Female"
"9004159",371979,2025-06-11 16:08:10,42.5140342712402,-9.00705242156982,"Female"
"9004159",371979,2025-06-11 16:13:11,42.5139198303223,-9.00699901580811,"Female"
"9004159",371979,2025-06-11 16:18:12,42.5135612487793,-9.00674629211426,"Female"
"9004159",371979,2025-06-11 16:23:41,42.5140228271484,-9.00700187683105,"Female"
"9004159",371979,2025-06-11 16:28:10,42.5140724182129,-9.00710678100586,"Female"
"9004159",371979,2025-06-11 16:33:11,42.513988494873,-9.00700187683105,"Female"
"9004159",371979,2025-06-11 16:38:10,42.5139465332031,-9.00696468353271,"Female"
"9004159",371979,2025-06-11 16:43:10,42.5139465332031,-9.0068883895874,"Female"
"9004159",371979,2025-06-11 16:48:45,42.5011901855469,-9.01583576202393,"Female"
"9004159",371979,2025-06-11 16:53:45,42.5005950927734,-9.01794815063477,"Female"
"9004159",371979,2025-06-11 16:58:46,42.5077362060547,-9.02055263519287,"Female"
"9004159",371979,2025-06-11 17:05:05,42.5093193054199,-9.01918411254883,"Female"
"9004159",371979,2025-06-11 17:27:44,42.5104026794434,-9.01573276519775,"Female"
"9004159",371979,2025-06-11 17:32:34,42.5104179382324,-9.01402568817139,"Female"
"9004159",371979,2025-06-11 17:37:52,42.5098724365234,-9.01288414001465,"Female"
"9004159",371979,2025-06-11 17:43:18,42.5085372924805,-9.01198959350586,"Female"
"9004159",371979,2025-06-11 17:56:13,42.5091857910156,-9.00974941253662,"Female"
"9004159",371979,2025-06-11 18:03:29,42.5070915222168,-9.00936317443848,"Female"
"9004159",371979,2025-06-11 18:07:14,42.4947319030762,-8.99889659881592,"Female"
"9004159",371979,2025-06-11 18:12:18,42.4893646240234,-8.9966344833374,"Female"
"9004159",371979,2025-06-11 18:17:35,42.4894142150879,-8.99664783477783,"Female"
"9004159",371979,2025-06-11 18:22:04,42.4893951416016,-8.99669361114502,"Female"
"9004159",371979,2025-06-11 18:27:06,42.4893913269043,-8.99660110473633,"Female"
"9004159",371979,2025-06-11 18:32:04,42.489387512207,-8.99667930603027,"Female"
"9004159",371979,2025-06-11 18:37:04,42.4894523620605,-8.99666690826416,"Female"
"9004159",371979,2025-06-11 18:42:04,42.489501953125,-8.99659538269043,"Female"
"9004159",371979,2025-06-11 18:47:04,42.4893569946289,-8.99673557281494,"Female"
"9004159",371979,2025-06-11 18:52:06,42.4890365600586,-8.99711894989014,"Female"
"9004159",371979,2025-06-11 18:57:06,42.4888229370117,-8.99704647064209,"Female"
"9004159",371979,2025-06-11 19:02:06,42.4889183044434,-8.99701690673828,"Female"
"9004159",371979,2025-06-11 19:07:13,42.4889526367188,-8.99703121185303,"Female"
"9004159",371979,2025-06-11 19:12:04,42.4889030456543,-8.99696159362793,"Female"
"9004159",371979,2025-06-11 19:17:04,42.4888763427734,-8.99705028533936,"Female"
"9004159",371979,2025-06-11 19:22:08,42.4888229370117,-8.99707794189453,"Female"
"9004159",371979,2025-06-11 19:27:08,42.4888229370117,-8.99701881408691,"Female"
"9004159",371979,2025-06-11 19:32:04,42.4887542724609,-8.99695491790771,"Female"
"9004159",371979,2025-06-11 19:37:04,42.4887924194336,-8.99707126617432,"Female"
"9004159",371979,2025-06-11 19:42:04,42.4888877868652,-8.99702835083008,"Female"
"9004159",371979,2025-06-11 19:47:35,42.488956451416,-8.99706649780273,"Female"
"9004159",371979,2025-06-11 19:52:04,42.4888877868652,-8.99710655212402,"Female"
"9004159",371979,2025-06-11 19:57:06,42.4889831542969,-8.99703216552734,"Female"
"9004159",371979,2025-06-11 20:02:06,42.4889640808105,-8.99703502655029,"Female"
"9004159",371979,2025-06-11 20:07:06,42.4889335632324,-8.99699783325195,"Female"
"9004159",371979,2025-06-11 20:12:07,42.4889450073242,-8.99712371826172,"Female"
"9004159",371979,2025-06-11 20:17:05,42.4889030456543,-8.99703788757324,"Female"
"9004159",371979,2025-06-11 20:22:07,42.4889221191406,-8.99712467193604,"Female"
"9004159",371979,2025-06-11 20:27:09,42.4889259338379,-8.99713325500488,"Female"
"9004159",371979,2025-06-11 20:32:09,42.4888687133789,-8.99708366394043,"Female"
"9004159",371979,2025-06-11 20:37:06,42.4889144897461,-8.99708080291748,"Female"
"9004159",371979,2025-06-11 20:42:04,42.4888381958008,-8.99699974060059,"Female"
"9004159",371979,2025-06-11 20:47:06,42.4889297485352,-8.99715995788574,"Female"
"9004159",371979,2025-06-11 20:52:04,42.488883972168,-8.9970588684082,"Female"
"9004159",371979,2025-06-11 20:57:04,42.4888610839844,-8.99712657928467,"Female"
"9004159",371979,2025-06-11 21:02:04,42.4888687133789,-8.99710845947266,"Female"
"9004159",371979,2025-06-11 21:07:04,42.4888916015625,-8.99707984924316,"Female"
"9004159",371979,2025-06-11 21:12:08,42.4888648986816,-8.99710178375244,"Female"
"9004159",371979,2025-06-11 21:17:08,42.4889488220215,-8.99716949462891,"Female"
"9004159",371979,2025-06-11 21:22:08,42.488883972168,-8.99698543548584,"Female"
"9004159",371979,2025-06-11 21:27:08,42.4889488220215,-8.99717617034912,"Female"
"9004159",371979,2025-06-11 21:32:35,42.4888954162598,-8.99696445465088,"Female"
"9004159",371979,2025-06-11 21:37:06,42.4888648986816,-8.99699306488037,"Female"
"9004159",371979,2025-06-11 21:42:06,42.4888038635254,-8.9967622756958,"Female"
"9004159",371979,2025-06-11 21:47:07,42.4889144897461,-8.99708366394043,"Female"
"9004159",371979,2025-06-11 21:52:08,42.4888916015625,-8.99700546264648,"Female"
"9004159",371979,2025-06-11 21:57:09,42.4888496398926,-8.99701499938965,"Female"
"9004159",371979,2025-06-11 22:02:12,42.4889450073242,-8.99702835083008,"Female"
"9004159",371979,2025-06-11 22:07:06,42.4888954162598,-8.99702262878418,"Female"
"9004159",371979,2025-06-11 22:12:06,42.4888763427734,-8.99705505371094,"Female"
"9004159",371979,2025-06-11 22:17:06,42.4889183044434,-8.9970064163208,"Female"
"9004159",371979,2025-06-11 22:22:05,42.4888305664062,-8.99684047698975,"Female"
"9004159",371979,2025-06-11 22:27:07,42.4889259338379,-8.99700355529785,"Female"
"9004159",371979,2025-06-11 22:32:09,42.4889106750488,-8.99701976776123,"Female"
"9004159",371979,2025-06-11 22:37:10,42.4888877868652,-8.99692153930664,"Female"
"9004159",371979,2025-06-11 22:42:16,42.4889144897461,-8.99700450897217,"Female"
"9004159",371979,2025-06-11 22:47:12,42.4889678955078,-8.99697399139404,"Female"
"9004159",371979,2025-06-11 22:52:12,42.4889373779297,-8.9970178604126,"Female"
"9004159",371979,2025-06-11 22:57:13,42.4889335632324,-8.99704837799072,"Female"
"9004159",371979,2025-06-11 23:02:35,42.4889602661133,-8.99705505371094,"Female"
"9004159",371979,2025-06-11 23:07:07,42.4888954162598,-8.9970121383667,"Female"
"9004159",371979,2025-06-11 23:12:06,42.4889259338379,-8.99700450897217,"Female"
"9004159",371979,2025-06-11 23:17:05,42.4890251159668,-8.99710273742676,"Female"
"9004159",371979,2025-06-11 23:22:07,42.488956451416,-8.99703693389893,"Female"
"9004159",371979,2025-06-11 23:27:05,42.4889373779297,-8.99704742431641,"Female"
"9004159",371979,2025-06-11 23:32:06,42.4889106750488,-8.99697399139404,"Female"
"9004159",371979,2025-06-11 23:37:06,42.4890060424805,-8.99704360961914,"Female"
"9004159",371979,2025-06-11 23:42:05,42.4888648986816,-8.99698925018311,"Female"
"9004159",371979,2025-06-11 23:47:07,42.4889793395996,-8.99712371826172,"Female"
"9004159",371979,2025-06-11 23:52:04,42.4889526367188,-8.99704074859619,"Female"
"9004159",371979,2025-06-11 23:57:06,42.4889717102051,-8.99715614318848,"Female"
"9004159",371979,2025-06-12 00:02:35,42.488899230957,-8.99699020385742,"Female"
"9004159",371979,2025-06-12 00:07:05,42.4889068603516,-8.99713706970215,"Female"
"9004159",371979,2025-06-12 00:12:16,42.4889068603516,-8.99709796905518,"Female"
"9004159",371979,2025-06-12 00:17:11,42.4889373779297,-8.99702930450439,"Female"
"9004159",371979,2025-06-12 00:22:09,42.488941192627,-8.99713325500488,"Female"
"9004159",371979,2025-06-12 00:27:09,42.488956451416,-8.99719429016113,"Female"
"9004159",371979,2025-06-12 00:32:35,42.488883972168,-8.99701976776123,"Female"
"9004159",371979,2025-06-12 00:37:05,42.4888725280762,-8.99700927734375,"Female"
"9004159",371979,2025-06-12 00:42:06,42.4888877868652,-8.99698352813721,"Female"
"9004159",371979,2025-06-12 00:47:04,42.488899230957,-8.99698925018311,"Female"
"9004159",371979,2025-06-12 00:52:04,42.4887809753418,-8.99691677093506,"Female"
"9004159",371979,2025-06-12 00:57:11,42.4889526367188,-8.99702167510986,"Female"
"9004159",371979,2025-06-12 01:02:04,42.4889106750488,-8.99696350097656,"Female"
"9004159",371979,2025-06-12 01:07:06,42.4889030456543,-8.99698829650879,"Female"
"9004159",371979,2025-06-12 01:12:10,42.4890480041504,-8.99680042266846,"Female"
"9004159",371979,2025-06-12 01:17:07,42.488956451416,-8.99718952178955,"Female"
"9004159",371979,2025-06-12 01:22:09,42.488899230957,-8.9969367980957,"Female"
"9004159",371979,2025-06-12 01:27:08,42.4888877868652,-8.99684238433838,"Female"
"9004159",371979,2025-06-12 01:32:06,42.4889373779297,-8.99687099456787,"Female"
"9004159",371979,2025-06-12 01:37:07,42.4889869689941,-8.99729251861572,"Female"
"9004159",371979,2025-06-12 01:42:18,42.4888458251953,-8.99702167510986,"Female"
"9004159",371979,2025-06-12 01:47:18,42.4888381958008,-8.99698257446289,"Female"
"9004159",371979,2025-06-12 01:52:25,42.4889144897461,-8.9972095489502,"Female"
"9004159",371979,2025-06-12 01:57:20,42.4889183044434,-8.99733257293701,"Female"
"9004159",371979,2025-06-12 02:02:35,42.4889183044434,-8.99694061279297,"Female"
"9004159",371979,2025-06-12 02:07:04,42.4888916015625,-8.99702548980713,"Female"
"9004159",371979,2025-06-12 02:12:10,42.488956451416,-8.99682712554932,"Female"
"9004159",371979,2025-06-12 02:17:06,42.488956451416,-8.99690818786621,"Female"
"9004159",371979,2025-06-12 02:22:05,42.4889602661133,-8.99694347381592,"Female"
"9004159",371979,2025-06-12 02:27:04,42.4889297485352,-8.99697399139404,"Female"
"9004159",371979,2025-06-12 02:32:05,42.4889640808105,-8.99698162078857,"Female"
"9004159",371979,2025-06-12 02:37:05,42.4889831542969,-8.99694156646729,"Female"
"9004159",371979,2025-06-12 02:42:09,42.4889793395996,-8.9968843460083,"Female"
"9004159",371979,2025-06-12 02:47:04,42.488899230957,-8.99693489074707,"Female"
"9004159",371979,2025-06-12 02:52:08,42.4889678955078,-8.99697494506836,"Female"
"9004159",371979,2025-06-12 02:57:05,42.4889106750488,-8.99693298339844,"Female"
"9004159",371979,2025-06-12 03:02:07,42.4889183044434,-8.9969482421875,"Female"
"9004159",371979,2025-06-12 03:07:07,42.4889297485352,-8.99697399139404,"Female"
"9004159",371979,2025-06-12 03:12:08,42.4889869689941,-8.99704170227051,"Female"
"9004159",371979,2025-06-12 03:17:07,42.4889526367188,-8.9969596862793,"Female"
"9004159",371979,2025-06-12 03:22:07,42.488899230957,-8.99696350097656,"Female"
"9004159",371979,2025-06-12 03:27:10,42.4890480041504,-8.99699974060059,"Female"
"9004159",371979,2025-06-12 03:32:09,42.4888687133789,-8.99684047698975,"Female"
"9004159",371979,2025-06-12 03:37:14,42.4889488220215,-8.99689483642578,"Female"
"9004159",371979,2025-06-12 03:42:04,42.4889450073242,-8.99698925018311,"Female"
"9004159",371979,2025-06-12 03:47:06,42.4889831542969,-8.99694156646729,"Female"
"9004159",371979,2025-06-12 03:52:11,42.4888725280762,-8.99686145782471,"Female"
"9004159",371979,2025-06-12 03:57:09,42.4889030456543,-8.99692058563232,"Female"
"9004159",371979,2025-06-12 04:02:10,42.488941192627,-8.99704170227051,"Female"
"9004159",371979,2025-06-12 04:07:07,42.4889183044434,-8.99695205688477,"Female"
"9004159",371979,2025-06-12 04:12:09,42.4889678955078,-8.99696350097656,"Female"
"9004159",371979,2025-06-12 04:17:16,42.4892120361328,-8.99701976776123,"Female"
"9004159",371979,2025-06-12 04:22:27,42.4891395568848,-8.99692153930664,"Female"
"9004159",371979,2025-06-12 04:28:12,42.4888687133789,-8.99693393707275,"Female"
"9004159",371979,2025-06-12 04:33:21,42.4887619018555,-8.99712181091309,"Female"
"9004159",371979,2025-06-12 04:38:11,42.4887313842773,-8.99712657928467,"Female"
"9004159",371979,2025-06-12 04:42:48,42.4888916015625,-8.99696636199951,"Female"
"9004159",371979,2025-06-12 04:47:06,42.4889793395996,-8.99680519104004,"Female"
"9004159",371979,2025-06-12 04:52:10,42.4888877868652,-8.99691295623779,"Female"
"9004159",371979,2025-06-12 04:57:06,42.488883972168,-8.99699306488037,"Female"
"9004159",371979,2025-06-12 05:02:05,42.4889335632324,-8.99696826934814,"Female"
"9004159",371979,2025-06-12 05:07:07,42.4889869689941,-8.99691677093506,"Female"
"9004159",371979,2025-06-12 05:12:05,42.4889221191406,-8.99701499938965,"Female"
"9004159",371979,2025-06-12 05:17:06,42.4889030456543,-8.99698352813721,"Female"
"9004159",371979,2025-06-12 05:22:07,42.4889984130859,-8.99705219268799,"Female"
"9004159",371979,2025-06-12 05:27:07,42.488899230957,-8.99696063995361,"Female"
"9004159",371979,2025-06-12 05:32:05,42.4889488220215,-8.99691963195801,"Female"
"9004159",371979,2025-06-12 05:37:10,42.4889793395996,-8.99708843231201,"Female"
"9004159",371979,2025-06-12 05:42:09,42.488883972168,-8.99705219268799,"Female"
"9004159",371979,2025-06-12 05:47:35,42.4889297485352,-8.99702930450439,"Female"
"9004159",371979,2025-06-12 05:52:09,42.488941192627,-8.99701499938965,"Female"
"9004159",371979,2025-06-12 05:57:07,42.4888954162598,-8.9970874786377,"Female"
"9004159",371979,2025-06-12 06:02:04,42.4887237548828,-8.99634552001953,"Female"
"9004159",371979,2025-06-12 06:07:06,42.488697052002,-8.99631118774414,"Female"
"9004159",371979,2025-06-12 06:12:06,42.4887084960938,-8.99636936187744,"Female"
"9004159",371979,2025-06-12 06:17:04,42.4887161254883,-8.99637222290039,"Female"
"9004159",371979,2025-06-12 06:22:06,42.4886894226074,-8.99633312225342,"Female"
"9004159",371979,2025-06-12 06:27:04,42.4887351989746,-8.99629592895508,"Female"
"9004159",371979,2025-06-12 06:32:04,42.4886627197266,-8.9963436126709,"Female"
"9004159",371979,2025-06-12 06:37:04,42.4885902404785,-8.99633598327637,"Female"
"9004159",371979,2025-06-12 06:42:08,42.4885902404785,-8.99642181396484,"Female"
"9004159",371979,2025-06-12 06:47:09,42.4887008666992,-8.99634647369385,"Female"
"9004159",371979,2025-06-12 06:52:08,42.4886169433594,-8.99643230438232,"Female"
"9004159",371979,2025-06-12 06:57:06,42.4885025024414,-8.99634170532227,"Female"
"9004159",371979,2025-06-12 07:02:07,42.4884452819824,-8.99622440338135,"Female"
"9004159",371979,2025-06-12 07:07:10,42.4884490966797,-8.99624061584473,"Female"
"9004159",371979,2025-06-12 07:12:05,42.4884643554688,-8.99525260925293,"Female"
"9004159",371979,2025-06-12 07:17:18,42.5086669921875,-9.01256370544434,"Female"
"9004159",371979,2025-06-12 07:22:13,42.5098876953125,-9.0118293762207,"Female"
"9004159",371979,2025-06-12 07:40:14,42.5102653503418,-9.01350498199463,"Female"
"9004159",371979,2025-06-12 07:46:07,42.5099411010742,-9.02001571655273,"Female"
"9004159",371979,2025-06-12 07:51:41,42.5096321105957,-9.02103424072266,"Female"
"9004159",371979,2025-06-12 07:57:04,42.5106506347656,-9.01825714111328,"Female"
"9004159",371979,2025-06-12 08:01:57,42.5111236572266,-9.01540374755859,"Female"
"9004159",371979,2025-06-12 08:07:03,42.5114479064941,-9.01440238952637,"Female"
"9004159",371979,2025-06-12 08:12:54,42.5102615356445,-9.01200199127197,"Female"
"9004159",371979,2025-06-12 08:19:00,42.5084381103516,-9.01054668426514,"Female"
"9004159",371979,2025-06-12 08:24:00,42.5083122253418,-9.01133632659912,"Female"
"9004159",371979,2025-06-12 08:29:00,42.5127067565918,-9.00811576843262,"Female"
"9004159",371979,2025-06-12 08:34:15,42.5105323791504,-9.01685523986816,"Female"
"9004159",371979,2025-06-12 08:40:46,42.5092315673828,-9.01983547210693,"Female"
"9004159",371979,2025-06-12 08:46:29,42.5075569152832,-9.01987934112549,"Female"
"9004159",371979,2025-06-12 08:51:27,42.5086669921875,-9.01983642578125,"Female"
"9004159",371979,2025-06-12 08:56:29,42.5011329650879,-9.02470016479492,"Female"
"9004159",371979,2025-06-12 09:02:06,42.4995422363281,-9.01873874664307,"Female"
"9004159",371979,2025-06-12 09:06:58,42.4998664855957,-9.01817607879639,"Female"
"9004159",371979,2025-06-12 09:12:18,42.4989280700684,-9.01961994171143,"Female"
"9004159",371979,2025-06-12 09:17:21,42.4991188049316,-9.01805877685547,"Female"
"9004159",371979,2025-06-12 09:22:16,42.4984016418457,-9.01921081542969,"Female"
"9004159",371979,2025-06-12 09:27:53,42.49853515625,-9.01946067810059,"Female"
"9004159",371979,2025-06-12 09:33:33,42.5001106262207,-9.01931285858154,"Female"
"9004159",371979,2025-06-12 09:38:05,42.4993324279785,-9.01941394805908,"Female"
"9004159",371979,2025-06-12 09:43:15,42.4982643127441,-9.01459503173828,"Female"
"9004159",371979,2025-06-12 09:47:50,42.4985466003418,-9.01462650299072,"Female"
"9004159",371979,2025-06-12 09:52:50,42.4983558654785,-9.0145788192749,"Female"
"9004159",371979,2025-06-12 09:57:51,42.4984130859375,-9.01453495025635,"Female"
"9004159",371979,2025-06-12 10:03:23,42.498363494873,-9.014573097229,"Female"
"9004159",371979,2025-06-12 10:07:49,42.4984321594238,-9.01459693908691,"Female"
"9004159",371979,2025-06-12 10:12:48,42.4985389709473,-9.01462173461914,"Female"
"9004159",371979,2025-06-12 10:17:48,42.4984321594238,-9.01459217071533,"Female"
"9004159",371979,2025-06-12 10:22:48,42.4985389709473,-9.0147066116333,"Female"
"9004159",371979,2025-06-12 10:27:49,42.4985733032227,-9.01464748382568,"Female"
"9004159",371979,2025-06-12 10:34:02,42.4993743896484,-9.01849842071533,"Female"
"9004159",371979,2025-06-12 10:39:23,42.4990577697754,-9.01832580566406,"Female"
"9004159",371979,2025-06-12 10:44:40,42.4990119934082,-9.01923751831055,"Female"
"9004159",371979,2025-06-12 10:53:46,42.5007247924805,-9.02017879486084,"Female"
"9004159",371979,2025-06-12 10:59:06,42.5024871826172,-9.01805400848389,"Female"
"9004159",371979,2025-06-12 11:04:06,42.5038986206055,-9.01611518859863,"Female"
"9004159",371979,2025-06-12 11:09:06,42.5051498413086,-9.01523590087891,"Female"
"9004159",371979,2025-06-12 11:14:36,42.5062294006348,-9.01385688781738,"Female"
"9004159",371979,2025-06-12 11:20:36,42.505428314209,-9.01567459106445,"Female"
"9004159",371979,2025-06-12 11:26:25,42.5055923461914,-9.01733779907227,"Female"
"9004159",371979,2025-06-12 11:32:36,42.5044860839844,-9.01706600189209,"Female"
"9004159",371979,2025-06-12 11:37:54,42.5057678222656,-9.01857757568359,"Female"
"9004159",371979,2025-06-12 11:43:36,42.5060958862305,-9.01785373687744,"Female"
"9004159",371979,2025-06-12 11:50:15,42.5061073303223,-9.017409324646,"Female"
"9004159",371979,2025-06-12 11:54:55,42.5076675415039,-9.01568031311035,"Female"
"9004159",371979,2025-06-12 11:59:51,42.5094261169434,-9.01363563537598,"Female"
"9004159",371979,2025-06-12 12:06:14,42.5109214782715,-9.01214027404785,"Female"
"9004159",371979,2025-06-12 12:11:09,42.5099983215332,-9.01356887817383,"Female"
"9004159",371979,2025-06-12 12:16:10,42.5103416442871,-9.0155668258667,"Female"
"9004159",371979,2025-06-12 12:21:01,42.5115165710449,-9.01629543304443,"Female"
"9004159",371979,2025-06-12 12:27:22,42.5119476318359,-9.01476192474365,"Female"
"9004159",371979,2025-06-12 12:34:56,42.5099754333496,-9.01611614227295,"Female"
"9004159",371979,2025-06-12 12:39:04,42.5000991821289,-9.01978206634521,"Female"
"9004159",371979,2025-06-12 12:43:41,42.4992904663086,-9.0203332901001,"Female"
"9004159",371979,2025-06-12 12:48:41,42.4992332458496,-9.02284812927246,"Female"
"9004159",371979,2025-06-12 12:54:48,42.5004272460938,-9.02721977233887,"Female"
"9004159",371979,2025-06-12 13:00:12,42.5010719299316,-9.02099132537842,"Female"
"9004159",371979,2025-06-12 13:05:54,42.5024147033691,-9.0185546875,"Female"
"9004159",371979,2025-06-12 13:11:24,42.5019950866699,-9.01794242858887,"Female"
"9004159",371979,2025-06-12 13:17:00,42.5011558532715,-9.01806926727295,"Female"
"9004159",371979,2025-06-12 13:23:54,42.5010948181152,-9.01764106750488,"Female"
"9004159",371979,2025-06-12 13:28:44,42.5010261535645,-9.01798248291016,"Female"
"9004159",371979,2025-06-12 13:33:46,42.500415802002,-9.01820850372314,"Female"
"9004159",371979,2025-06-12 13:39:05,42.5008773803711,-9.01762390136719,"Female"
"9004159",371979,2025-06-12 13:44:22,42.5011520385742,-9.01675987243652,"Female"
"9004159",371979,2025-06-12 13:49:22,42.5010375976562,-9.01628303527832,"Female"
"9004159",371979,2025-06-12 13:54:47,42.5013313293457,-9.01607227325439,"Female"
"9004159",371979,2025-06-12 13:59:48,42.5010414123535,-9.01601982116699,"Female"
"9004159",371979,2025-06-12 14:04:55,42.5015144348145,-9.01605129241943,"Female"
"9004159",371979,2025-06-12 14:10:42,42.5015830993652,-9.01558685302734,"Female"
"9004159",371979,2025-06-12 14:16:16,42.501537322998,-9.01596164703369,"Female"
"9004159",371979,2025-06-12 14:21:36,42.5012130737305,-9.0161600112915,"Female"
"9004159",371979,2025-06-12 14:27:08,42.5012969970703,-9.01614475250244,"Female"
"9004159",371979,2025-06-12 14:32:45,42.5015106201172,-9.0161247253418,"Female"
"9004159",371979,2025-06-12 14:37:46,42.5011367797852,-9.01606369018555,"Female"
"9004159",371979,2025-06-12 14:42:46,42.5014457702637,-9.01630306243896,"Female"
"9004159",371979,2025-06-12 14:48:10,42.5010643005371,-9.01718235015869,"Female"
"9004159",371979,2025-06-12 14:53:47,42.5012283325195,-9.01737308502197,"Female"
"9004159",371979,2025-06-12 14:59:34,42.5010643005371,-9.0172176361084,"Female"
"9004159",371979,2025-06-12 15:05:17,42.5014457702637,-9.01727294921875,"Female"
"9004159",371979,2025-06-12 15:10:08,42.5016555786133,-9.01694583892822,"Female"
"9004159",371979,2025-06-12 15:15:42,42.501163482666,-9.01762294769287,"Female"
"9004159",371979,2025-06-12 15:21:00,42.5010147094727,-9.01847743988037,"Female"
"9004159",371979,2025-06-12 15:26:00,42.5015869140625,-9.01761531829834,"Female"
"9004159",371979,2025-06-12 15:32:07,42.5016021728516,-9.0175142288208,"Female"
"9004159",371979,2025-06-12 15:37:05,42.5017700195312,-9.01632308959961,"Female"
"9004159",371979,2025-06-12 15:41:42,42.5016174316406,-9.01642036437988,"Female"
"9004159",371979,2025-06-12 15:46:43,42.5018005371094,-9.01645851135254,"Female"
"9004159",371979,2025-06-12 15:51:44,42.5017929077148,-9.01620101928711,"Female"
"9004159",371979,2025-06-12 15:56:44,42.5017013549805,-9.01621055603027,"Female"
"9004159",371979,2025-06-12 16:02:27,42.5014495849609,-9.01648616790771,"Female"
"9004159",371979,2025-06-12 16:07:29,42.501636505127,-9.01590442657471,"Female"
"9004159",371979,2025-06-12 16:12:43,42.5014572143555,-9.01655006408691,"Female"
"9004159",371979,2025-06-12 16:17:56,42.5015182495117,-9.01701068878174,"Female"
"9004159",371979,2025-06-12 16:23:15,42.5018005371094,-9.01667499542236,"Female"
"9004159",371979,2025-06-12 16:28:17,42.5012130737305,-9.01597690582275,"Female"
"9004159",371979,2025-06-12 16:33:14,42.4989051818848,-9.01233959197998,"Female"
"9004159",371979,2025-06-12 16:38:16,42.4907112121582,-9.00246429443359,"Female"
"9004159",371979,2025-06-12 16:43:44,42.4890518188477,-8.99738788604736,"Female"
"9004159",371979,2025-06-12 16:48:13,42.4893455505371,-8.99768161773682,"Female"
"9004159",371979,2025-06-12 16:53:16,42.489917755127,-8.99879455566406,"Female"
"9004159",371979,2025-06-12 16:58:17,42.4892807006836,-8.99757862091064,"Female"
"9004159",371979,2025-06-12 17:03:15,42.4899520874023,-8.99858856201172,"Female"
"9004159",371979,2025-06-12 17:08:14,42.4890975952148,-8.99717998504639,"Female"
"9004159",371979,2025-06-12 17:13:24,42.4889450073242,-8.99708461761475,"Female"
"9004159",371979,2025-06-12 17:18:24,42.488899230957,-8.99704551696777,"Female"
"9004159",371979,2025-06-12 17:23:24,42.4887657165527,-8.99696254730225,"Female"
"9004159",371979,2025-06-12 17:28:24,42.4887657165527,-8.99697494506836,"Female"
"9004159",371979,2025-06-12 17:33:35,42.4889183044434,-8.99702739715576,"Female"
"9004159",371979,2025-06-12 17:38:12,42.4889106750488,-8.99692821502686,"Female"
"9004159",371979,2025-06-12 17:43:12,42.4889144897461,-8.99699401855469,"Female"
"9004159",371979,2025-06-12 17:48:12,42.4888725280762,-8.99702262878418,"Female"
"9004159",371979,2025-06-12 17:53:12,42.4889030456543,-8.99693202972412,"Female"
"9004159",371979,2025-06-12 17:58:12,42.4889678955078,-8.9970817565918,"Female"
"9004159",371979,2025-06-12 18:03:12,42.4889335632324,-8.99702835083008,"Female"
"9004159",371979,2025-06-12 18:08:12,42.4888763427734,-8.99695491790771,"Female"
"9004159",371979,2025-06-12 18:13:12,42.4889373779297,-8.99704647064209,"Female"
"9004159",371979,2025-06-12 18:18:12,42.4888648986816,-8.99691677093506,"Female"
"9004159",371979,2025-06-12 18:23:12,42.4889183044434,-8.99701976776123,"Female"
"9004159",371979,2025-06-12 18:28:13,42.4889144897461,-8.99704074859619,"Female"
"9004159",371979,2025-06-12 18:33:19,42.4888687133789,-8.99701023101807,"Female"
"9004159",371979,2025-06-12 18:38:14,42.4888954162598,-8.99698257446289,"Female"
"9004159",371979,2025-06-12 18:43:17,42.4889526367188,-8.99700355529785,"Female"
"9004159",371979,2025-06-12 18:48:14,42.488883972168,-8.99697494506836,"Female"
"9004159",371979,2025-06-12 18:53:14,42.4889602661133,-8.99704551696777,"Female"
"9004159",371979,2025-06-12 18:58:17,42.4887847900391,-8.99685764312744,"Female"
"9004159",371979,2025-06-12 19:03:25,42.4890937805176,-8.99722003936768,"Female"
"9004159",371979,2025-06-12 19:08:33,42.4889450073242,-8.99703884124756,"Female"
"9004159",371979,2025-06-12 19:13:53,42.4889183044434,-8.99704170227051,"Female"
"9004159",371979,2025-06-12 19:18:16,42.4888343811035,-8.99690723419189,"Female"
"9004159",371979,2025-06-12 19:23:21,42.4890289306641,-8.99696254730225,"Female"
"9004159",371979,2025-06-12 19:28:17,42.4890785217285,-8.99734306335449,"Female"
"9004159",371979,2025-06-12 19:33:22,42.4889183044434,-8.996994972229,"Female"
"9004159",371979,2025-06-12 19:38:20,42.4888496398926,-8.99696445465088,"Female"
"9004159",371979,2025-06-12 19:43:18,42.4889259338379,-8.9968376159668,"Female"
"9004159",371979,2025-06-12 19:48:19,42.4889450073242,-8.99697685241699,"Female"
"9004159",371979,2025-06-12 19:53:25,42.4890060424805,-8.99698162078857,"Female"
"9004159",371979,2025-06-12 19:58:34,42.4889144897461,-8.99701690673828,"Female"
"9004159",371979,2025-06-12 20:03:13,42.4889640808105,-8.99698448181152,"Female"
"9004159",371979,2025-06-12 20:08:15,42.488956451416,-8.99705791473389,"Female"
"9004159",371979,2025-06-12 20:13:13,42.488899230957,-8.99709701538086,"Female"
"9004159",371979,2025-06-12 20:18:12,42.4890060424805,-8.99714469909668,"Female"
"9004159",371979,2025-06-12 20:23:12,42.489086151123,-8.99710369110107,"Female"
"9004159",371979,2025-06-12 20:28:13,42.4889678955078,-8.9971284866333,"Female"
"9004159",371979,2025-06-12 20:33:14,42.4890098571777,-8.99711894989014,"Female"
"9004159",371979,2025-06-12 20:38:16,42.4889526367188,-8.99718284606934,"Female"
"9004159",371979,2025-06-12 20:43:14,42.4888916015625,-8.99730396270752,"Female"
"9004159",371979,2025-06-12 20:48:12,42.4889793395996,-8.99723815917969,"Female"
"9004159",371979,2025-06-12 20:53:12,42.4890213012695,-8.99708652496338,"Female"
"9004159",371979,2025-06-12 20:58:15,42.4890098571777,-8.99716091156006,"Female"
"9004159",371979,2025-06-12 21:03:15,42.4890060424805,-8.99685573577881,"Female"
"9004159",371979,2025-06-12 21:08:12,42.4890327453613,-8.99719524383545,"Female"
"9004159",371979,2025-06-12 21:13:15,42.4889678955078,-8.99715328216553,"Female"
"9004159",371979,2025-06-12 21:18:14,42.4889526367188,-8.99710369110107,"Female"
"9004159",371979,2025-06-12 21:23:23,42.4889869689941,-8.99712181091309,"Female"
"9004159",371979,2025-06-12 21:28:35,42.4889678955078,-8.9970760345459,"Female"
"9004159",371979,2025-06-12 21:33:13,42.4890060424805,-8.99706649780273,"Female"
"9004159",371979,2025-06-12 21:38:12,42.489013671875,-8.99706172943115,"Female"
"9004159",371979,2025-06-12 21:43:12,42.4889526367188,-8.99704170227051,"Female"
"9004159",371979,2025-06-12 21:48:12,42.488941192627,-8.99708271026611,"Female"
"9004159",371979,2025-06-12 21:53:12,42.4889602661133,-8.99692821502686,"Female"
"9004159",371979,2025-06-12 21:58:13,42.4890060424805,-8.99709129333496,"Female"
"9004159",371979,2025-06-12 22:03:12,42.4890518188477,-8.99710273742676,"Female"
"9004159",371979,2025-06-12 22:08:13,42.489128112793,-8.99686622619629,"Female"
"9004159",371979,2025-06-12 22:13:13,42.4890823364258,-8.99715518951416,"Female"
"9004159",371979,2025-06-12 22:18:14,42.4892120361328,-8.99735832214355,"Female"
"9004159",371979,2025-06-12 22:23:13,42.4890060424805,-8.99701404571533,"Female"
"9004159",371979,2025-06-12 22:28:16,42.4891166687012,-8.99721050262451,"Female"
"9004159",371979,2025-06-12 22:33:18,42.4890289306641,-8.99715900421143,"Female"
"9004159",371979,2025-06-12 22:38:18,42.4890823364258,-8.99711513519287,"Female"
"9004159",371979,2025-06-12 22:43:19,42.488842010498,-8.99762058258057,"Female"
"9004159",371979,2025-06-12 22:48:15,42.4889297485352,-8.99686241149902,"Female"
"9004159",371979,2025-06-12 22:53:14,42.4889526367188,-8.99699878692627,"Female"
"9004159",371979,2025-06-12 22:58:13,42.4890403747559,-8.99729824066162,"Female"
"9004159",371979,2025-06-12 23:03:13,42.4890213012695,-8.99711036682129,"Female"
"9004159",371979,2025-06-12 23:08:13,42.4890518188477,-8.99714183807373,"Female"
"9004159",371979,2025-06-12 23:13:17,42.4890251159668,-8.99707317352295,"Female"
"9004159",371979,2025-06-12 23:18:13,42.4891166687012,-8.99722957611084,"Female"
"9004159",371979,2025-06-12 23:23:14,42.489086151123,-8.99700927734375,"Female"
"9004159",371979,2025-06-12 23:28:13,42.4891624450684,-8.99719142913818,"Female"
"9004159",371979,2025-06-12 23:33:14,42.4891357421875,-8.99729537963867,"Female"
"9004159",371979,2025-06-12 23:38:13,42.489128112793,-8.99727439880371,"Female"
"9004159",371979,2025-06-12 23:43:13,42.489086151123,-8.99715232849121,"Female"
"9004159",371979,2025-06-12 23:48:14,42.4890937805176,-8.99709606170654,"Female"
"9004159",371979,2025-06-12 23:53:14,42.4891738891602,-8.99721717834473,"Female"
"9004159",371979,2025-06-12 23:58:19,42.4891548156738,-8.99722480773926,"Female"
"9004159",371979,2025-06-13 00:03:35,42.4890251159668,-8.9970588684082,"Female"
"9004159",371979,2025-06-13 00:08:13,42.4890632629395,-8.99709701538086,"Female"
"9004159",371979,2025-06-13 00:13:13,42.4890785217285,-8.99706077575684,"Female"
"9004159",371979,2025-06-13 00:18:12,42.4890594482422,-8.99708271026611,"Female"
"9004159",371979,2025-06-13 00:23:12,42.4890098571777,-8.99699211120605,"Female"
"9004159",371979,2025-06-13 00:28:13,42.4890289306641,-8.99709415435791,"Female"
"9004159",371979,2025-06-13 00:33:13,42.4890518188477,-8.99712944030762,"Female"
"9004159",371979,2025-06-13 00:38:12,42.4890518188477,-8.9970703125,"Female"
"9004159",371979,2025-06-13 00:43:12,42.4889831542969,-8.99701118469238,"Female"
"9004159",371979,2025-06-13 00:48:12,42.4890480041504,-8.99704170227051,"Female"
"9004159",371979,2025-06-13 00:53:18,42.4890670776367,-8.99712944030762,"Female"
"9004159",371979,2025-06-13 00:58:16,42.4890937805176,-8.99706363677979,"Female"
"9004159",371979,2025-06-13 01:03:15,42.4891204833984,-8.99712085723877,"Female"
"9004159",371979,2025-06-13 01:08:13,42.4891395568848,-8.99714279174805,"Female"
"9004159",371979,2025-06-13 01:13:14,42.4891242980957,-8.99711513519287,"Female"
"9004159",371979,2025-06-13 01:18:16,42.4891967773438,-8.9972448348999,"Female"
"9004159",371979,2025-06-13 01:23:24,42.4892120361328,-8.99707412719727,"Female"
"9004159",371979,2025-06-13 01:28:32,42.4891700744629,-8.99696159362793,"Female"
"9004159",371979,2025-06-13 01:33:15,42.4892311096191,-8.99719333648682,"Female"
"9004159",371979,2025-06-13 01:38:15,42.4891777038574,-8.99725532531738,"Female"
"9004159",371979,2025-06-13 01:43:17,42.489315032959,-8.99729347229004,"Female"
"9004159",371979,2025-06-13 01:48:34,42.4890365600586,-8.99709510803223,"Female"
"9004159",371979,2025-06-13 01:53:13,42.4890365600586,-8.99706554412842,"Female"
"9004159",371979,2025-06-13 01:58:13,42.4890632629395,-8.99704647064209,"Female"
"9004159",371979,2025-06-13 02:03:20,42.4890251159668,-8.99711227416992,"Female"
"9004159",371979,2025-06-13 02:08:16,42.4889183044434,-8.99705791473389,"Female"
"9004159",371979,2025-06-13 02:13:17,42.4888877868652,-8.99719047546387,"Female"
"9004159",371979,2025-06-13 02:18:19,42.4888763427734,-8.99723339080811,"Female"
"9004159",371979,2025-06-13 02:23:17,42.4889984130859,-8.99690246582031,"Female"
"9004159",371979,2025-06-13 02:28:17,42.4889869689941,-8.99702072143555,"Female"
"9004159",371979,2025-06-13 02:33:19,42.488697052002,-8.9970645904541,"Female"
"9004159",371979,2025-06-13 02:38:25,42.4889984130859,-8.997239112854,"Female"
"9004159",371979,2025-06-13 02:43:35,42.4890174865723,-8.99713802337646,"Female"
"9004159",371979,2025-06-13 02:48:13,42.4890403747559,-8.99701976776123,"Female"
"9004159",371979,2025-06-13 02:53:14,42.4890518188477,-8.99704074859619,"Female"
"9004159",371979,2025-06-13 02:58:13,42.489070892334,-8.99711036682129,"Female"
"9004159",371979,2025-06-13 03:03:14,42.4889945983887,-8.99712467193604,"Female"
"9004159",371979,2025-06-13 03:08:13,42.489128112793,-8.99705505371094,"Female"
"9004159",371979,2025-06-13 03:13:14,42.489013671875,-8.99709987640381,"Female"
"9004159",371979,2025-06-13 03:18:13,42.4890174865723,-8.99701309204102,"Female"
"9004159",371979,2025-06-13 03:23:16,42.4890174865723,-8.9970874786377,"Female"
"9004159",371979,2025-06-13 03:28:22,42.4890670776367,-8.99724864959717,"Female"
"9004159",371979,2025-06-13 03:33:34,42.4889144897461,-8.99710464477539,"Female"
"9004159",371979,2025-06-13 03:38:14,42.488941192627,-8.99712085723877,"Female"
"9004159",371979,2025-06-13 03:43:25,42.4890098571777,-8.99714851379395,"Female"
"9004159",371979,2025-06-13 03:48:15,42.4890060424805,-8.99708652496338,"Female"
"9004159",371979,2025-06-13 03:53:13,42.4891166687012,-8.99681949615479,"Female"
"9004159",371979,2025-06-13 03:58:13,42.4889755249023,-8.99707508087158,"Female"
"9004159",371979,2025-06-13 04:03:15,42.4889259338379,-8.9970531463623,"Female"
"9004159",371979,2025-06-13 04:08:14,42.4890670776367,-8.99695491790771,"Female"
"9004159",371979,2025-06-13 04:13:16,42.4889183044434,-8.99703121185303,"Female"
"9004159",371979,2025-06-13 04:18:14,42.4889945983887,-8.99697303771973,"Female"
"9004159",371979,2025-06-13 04:23:15,42.4889984130859,-8.99707984924316,"Female"
"9004159",371979,2025-06-13 04:28:15,42.4889640808105,-8.99695682525635,"Female"
"9004159",371979,2025-06-13 04:33:16,42.4890060424805,-8.99711513519287,"Female"
"9004159",371979,2025-06-13 04:38:35,42.4889869689941,-8.9971399307251,"Female"
"9004159",371979,2025-06-13 04:43:17,42.488956451416,-8.9971981048584,"Female"
"9004159",371979,2025-06-13 04:48:13,42.4888114929199,-8.99720001220703,"Female"
"9004159",371979,2025-06-13 04:53:13,42.4888534545898,-8.99712467193604,"Female"
"9004159",371979,2025-06-13 04:58:14,42.4889602661133,-8.99715709686279,"Female"
"9004159",371979,2025-06-13 05:03:13,42.4890060424805,-8.99703407287598,"Female"
"9004159",371979,2025-06-13 05:08:13,42.4889793395996,-8.99703025817871,"Female"
"9004159",371979,2025-06-13 05:13:22,42.4889945983887,-8.99714756011963,"Female"
"9004159",371979,2025-06-13 05:18:13,42.4890327453613,-8.99713325500488,"Female"
"9004159",371979,2025-06-13 05:23:16,42.4888229370117,-8.99703311920166,"Female"
"9004159",371979,2025-06-13 05:28:13,42.488941192627,-8.9970817565918,"Female"
"9004159",371979,2025-06-13 05:33:13,42.4889945983887,-8.99704456329346,"Female"
"9004159",371979,2025-06-13 05:38:15,42.4888229370117,-8.99705600738525,"Female"
"9004159",371979,2025-06-13 05:43:18,42.4889030456543,-8.99702262878418,"Female"
"9004159",371979,2025-06-13 05:48:15,42.4888687133789,-8.99696445465088,"Female"
"9004159",371979,2025-06-13 05:53:19,42.4887580871582,-8.99670791625977,"Female"
"9004159",371979,2025-06-13 05:58:16,42.4889793395996,-8.99721908569336,"Female"
"9004159",371979,2025-06-13 06:03:35,42.4890365600586,-8.99704265594482,"Female"
"9004159",371979,2025-06-13 06:08:12,42.4890594482422,-8.99706935882568,"Female"
"9004159",371979,2025-06-13 06:13:12,42.4890098571777,-8.99708271026611,"Female"
"9004159",371979,2025-06-13 06:18:14,42.4889221191406,-8.9970121383667,"Female"
"9004159",371979,2025-06-13 06:23:13,42.4890441894531,-8.9971227645874,"Female"
"9004159",371979,2025-06-13 06:28:16,42.4889640808105,-8.99709224700928,"Female"
"9004159",371979,2025-06-13 06:33:14,42.4890365600586,-8.99710941314697,"Female"
"9004159",371979,2025-06-13 06:38:13,42.4890213012695,-8.99712562561035,"Female"
"9004159",371979,2025-06-13 06:43:15,42.4890632629395,-8.99715900421143,"Female"
"9004159",371979,2025-06-13 06:48:17,42.4890251159668,-8.99706363677979,"Female"
"9004159",371979,2025-06-13 06:53:17,42.4889602661133,-8.99701309204102,"Female"
"9004159",371979,2025-06-13 06:58:15,42.4888648986816,-8.99695587158203,"Female"
"9004159",371979,2025-06-13 07:03:16,42.4891357421875,-8.9972095489502,"Female"
"9004159",371979,2025-06-13 07:08:22,42.4889793395996,-8.99706649780273,"Female"
"9004159",371979,2025-06-13 07:13:18,42.4883041381836,-8.99613094329834,"Female"
"9004159",371979,2025-06-13 07:18:15,42.4891586303711,-8.9972677230835,"Female"
"9004159",371979,2025-06-13 07:23:17,42.488899230957,-8.99679279327393,"Female"
"9004159",371979,2025-06-13 07:28:18,42.4888458251953,-8.99676895141602,"Female"
"9004159",371979,2025-06-13 07:33:20,42.4889221191406,-8.99701690673828,"Female"
"9004159",371979,2025-06-13 07:38:29,42.4891204833984,-8.99715518951416,"Female"
"9004159",371979,2025-06-13 07:43:26,42.4889717102051,-8.99702739715576,"Female"
"9004159",371979,2025-06-13 07:48:26,42.4889793395996,-8.99703598022461,"Female"
"9004159",371979,2025-06-13 07:53:31,42.4956245422363,-9.01319408416748,"Female"
"9004159",371979,2025-06-13 07:59:26,42.5091285705566,-9.0193452835083,"Female"
"9004159",371979,2025-06-13 08:04:35,42.5103492736816,-9.01840496063232,"Female"
"9004159",371979,2025-06-13 08:09:10,42.5108184814453,-9.01859569549561,"Female"
"9004159",371979,2025-06-13 08:15:07,42.5113334655762,-9.01559352874756,"Female"
"9004159",371979,2025-06-13 08:20:00,42.5105819702148,-9.01433849334717,"Female"
"9004159",371979,2025-06-13 08:25:39,42.5091094970703,-9.01002597808838,"Female"
"9004159",371979,2025-06-13 08:31:44,42.5069389343262,-9.01242828369141,"Female"
"9004159",371979,2025-06-13 08:41:25,42.4997291564941,-9.01924705505371,"Female"
"9004159",371979,2025-06-13 08:51:42,42.5019264221191,-9.02022171020508,"Female"
"9004159",371979,2025-06-13 09:01:43,42.499324798584,-9.01878547668457,"Female"
"9004159",371979,2025-06-13 09:11:43,42.4985466003418,-9.01478385925293,"Female"
"9004159",371979,2025-06-13 09:17:04,42.4985466003418,-9.01466369628906,"Female"
"9004159",371979,2025-06-13 09:21:35,42.4985504150391,-9.01467704772949,"Female"
"9004159",371979,2025-06-13 09:26:35,42.498477935791,-9.01468467712402,"Female"
"9004159",371979,2025-06-13 09:31:35,42.4985656738281,-9.01471042633057,"Female"
"9004159",371979,2025-06-13 09:36:35,42.4985198974609,-9.01469230651855,"Female"
"9004159",371979,2025-06-13 09:41:35,42.4985885620117,-9.01475238800049,"Female"
"9004159",371979,2025-06-13 09:46:36,42.4985389709473,-9.0146656036377,"Female"
"9004159",371979,2025-06-13 09:51:36,42.498462677002,-9.01472759246826,"Female"
"9004159",371979,2025-06-13 09:56:36,42.4985542297363,-9.01464080810547,"Female"
"9004159",371979,2025-06-13 10:01:36,42.4984436035156,-9.01457405090332,"Female"
"9004159",371979,2025-06-13 10:06:37,42.4983100891113,-9.01443767547607,"Female"
"9004159",371979,2025-06-13 10:11:37,42.4986419677734,-9.01479339599609,"Female"
"9004159",371979,2025-06-13 10:16:36,42.4983139038086,-9.01420116424561,"Female"
"9004159",371979,2025-06-13 10:21:38,42.4982795715332,-9.01418876647949,"Female"
"9004159",371979,2025-06-13 10:26:52,42.4994087219238,-9.01886463165283,"Female"
"9004159",371979,2025-06-13 10:32:33,42.4997406005859,-9.01824569702148,"Female"
"9004159",371979,2025-06-13 10:37:36,42.5004463195801,-9.01854419708252,"Female"
"9004159",371979,2025-06-13 10:42:36,42.5014495849609,-9.01756763458252,"Female"
"9004159",371979,2025-06-13 10:47:44,42.5014228820801,-9.01809215545654,"Female"
"9004159",371979,2025-06-13 10:53:22,42.5019493103027,-9.01629447937012,"Female"
"9004159",371979,2025-06-13 10:58:24,42.5028648376465,-9.01609039306641,"Female"
"9004159",371979,2025-06-13 11:03:52,42.5030899047852,-9.01560878753662,"Female"
"9004159",371979,2025-06-13 11:09:56,42.5019226074219,-9.01663494110107,"Female"
"9004159",371979,2025-06-13 11:16:04,42.5031776428223,-9.01738357543945,"Female"
"9004159",371979,2025-06-13 11:21:03,42.5035591125488,-9.01722431182861,"Female"
"9004159",371979,2025-06-13 11:26:05,42.502197265625,-9.01850318908691,"Female"
"9004159",371979,2025-06-13 11:32:17,42.5014457702637,-9.01829051971436,"Female"
"9004159",371979,2025-06-13 11:38:26,42.5016593933105,-9.01643943786621,"Female"
"9004159",371979,2025-06-13 11:43:20,42.5030899047852,-9.01551532745361,"Female"
"9004159",371979,2025-06-13 11:48:23,42.5030212402344,-9.01499652862549,"Female"
"9004159",371979,2025-06-13 11:53:24,42.5029182434082,-9.01582622528076,"Female"
"9004159",371979,2025-06-13 11:58:48,42.5021705627441,-9.01558589935303,"Female"
"9004159",371979,2025-06-13 12:04:04,42.5010032653809,-9.01608848571777,"Female"
"9004159",371979,2025-06-13 12:08:56,42.5020294189453,-9.01673793792725,"Female"
"9004159",371979,2025-06-13 12:15:37,42.5032577514648,-9.01545810699463,"Female"
"9004159",371979,2025-06-13 12:21:21,42.5049819946289,-9.01533317565918,"Female"
"9004159",371979,2025-06-13 12:26:18,42.5004692077637,-9.01144218444824,"Female"
"9004159",371979,2025-06-13 12:31:20,42.490650177002,-9.00244998931885,"Female"
"9004159",371979,2025-06-13 12:36:20,42.4906234741211,-9.0023946762085,"Female"
"9004159",371979,2025-06-13 12:41:18,42.49072265625,-9.00253009796143,"Female"
"9004159",371979,2025-06-13 12:46:19,42.4906845092773,-9.00253009796143,"Female"
"9004159",371979,2025-06-13 12:51:20,42.4906768798828,-9.00239276885986,"Female"
"9004159",371979,2025-06-13 12:56:20,42.490650177002,-9.00243186950684,"Female"
"9004159",371979,2025-06-13 13:01:23,42.4908256530762,-9.00235652923584,"Female"
"9004159",371979,2025-06-13 13:06:24,42.490608215332,-9.00235080718994,"Female"
"9004159",371979,2025-06-13 13:11:25,42.4906730651855,-9.00245761871338,"Female"
"9004159",371979,2025-06-13 13:16:44,42.4905242919922,-9.00241661071777,"Female"
"9004159",371979,2025-06-13 13:21:18,42.4912719726562,-9.00256824493408,"Female"
"9004159",371979,2025-06-13 13:26:22,42.4919624328613,-9.00365161895752,"Female"
"9004159",371979,2025-06-13 13:31:20,42.4904975891113,-9.00272941589355,"Female"
"9004159",371979,2025-06-13 13:36:21,42.4905204772949,-9.00269031524658,"Female"
"9004159",371979,2025-06-13 13:41:18,42.4906692504883,-9.00274753570557,"Female"
"9004159",371979,2025-06-13 13:46:53,42.4918098449707,-9.00499153137207,"Female"
"9004159",371979,2025-06-13 13:51:50,42.5021514892578,-9.02138423919678,"Female"
"9004159",371979,2025-06-13 13:56:50,42.503589630127,-9.02161693572998,"Female"
"9004159",371979,2025-06-13 14:01:50,42.5062065124512,-9.02528190612793,"Female"
"9004159",371979,2025-06-13 14:07:36,42.5002212524414,-9.020094871521,"Female"
"9004159",371979,2025-06-13 14:13:54,42.4998397827148,-9.01936626434326,"Female"
"9004159",371979,2025-06-13 14:18:58,42.5000190734863,-9.01758575439453,"Female"
"9004159",371979,2025-06-13 14:24:13,42.4986724853516,-9.01468276977539,"Female"
"9004159",371979,2025-06-13 14:28:52,42.4986038208008,-9.01476192474365,"Female"
"9004159",371979,2025-06-13 14:34:14,42.4987335205078,-9.01456737518311,"Female"
"9004159",371979,2025-06-13 14:38:56,42.4986572265625,-9.01463222503662,"Female"
"9004159",371979,2025-06-13 14:43:52,42.4987487792969,-9.01466178894043,"Female"
"9004159",371979,2025-06-13 14:48:52,42.4987144470215,-9.01471900939941,"Female"
"9004159",371979,2025-06-13 14:53:52,42.4986267089844,-9.0146951675415,"Female"
"9004159",371979,2025-06-13 14:58:54,42.498607635498,-9.01465892791748,"Female"
"9004159",371979,2025-06-13 15:03:56,42.4986877441406,-9.01468753814697,"Female"
"9004159",371979,2025-06-13 15:08:59,42.4986610412598,-9.01475620269775,"Female"
"9004159",371979,2025-06-13 15:14:01,42.4986915588379,-9.01472663879395,"Female"
"9004159",371979,2025-06-13 15:18:58,42.4986534118652,-9.01480388641357,"Female"
"9004159",371979,2025-06-13 15:23:56,42.4986419677734,-9.0147819519043,"Female"
"9004159",371979,2025-06-13 15:28:55,42.4986457824707,-9.01467609405518,"Female"
"9004159",371979,2025-06-13 15:34:23,42.4987449645996,-9.0147819519043,"Female"
"9004159",371979,2025-06-13 15:38:52,42.4987297058105,-9.01478385925293,"Female"
"9004159",371979,2025-06-13 15:43:52,42.4987449645996,-9.01475524902344,"Female"
"9004159",371979,2025-06-13 15:48:52,42.4986305236816,-9.01473617553711,"Female"
"9004159",371979,2025-06-13 15:53:54,42.5005798339844,-9.01706886291504,"Female"
"9004159",371979,2025-06-13 16:00:19,42.5014228820801,-9.01798820495605,"Female"
"9004159",371979,2025-06-13 16:05:57,42.5002059936523,-9.0193510055542,"Female"
"9004159",371979,2025-06-13 16:11:06,42.4995155334473,-9.02106094360352,"Female"
"9004159",371979,2025-06-13 16:16:40,42.5017890930176,-9.01659965515137,"Female"
"9004159",371979,2025-06-13 16:22:18,42.5012741088867,-9.01597118377686,"Female"
"9004159",371979,2025-06-13 16:27:24,42.5014457702637,-9.01605701446533,"Female"
"9004159",371979,2025-06-13 16:33:05,42.5016021728516,-9.01610565185547,"Female"
"9004159",371979,2025-06-13 16:37:38,42.5012359619141,-9.01638507843018,"Female"
"9004159",371979,2025-06-13 16:42:38,42.5016822814941,-9.01665115356445,"Female"
"9004159",371979,2025-06-13 16:47:50,42.5011749267578,-9.01609992980957,"Female"
"9004159",371979,2025-06-13 16:53:25,42.501636505127,-9.01649379730225,"Female"
"9004159",371979,2025-06-13 16:58:26,42.5016784667969,-9.01660060882568,"Female"
"9004159",371979,2025-06-13 17:03:27,42.5017013549805,-9.01641654968262,"Female"
"9004159",371979,2025-06-13 17:08:26,42.5016403198242,-9.01745796203613,"Female"
"9004159",371979,2025-06-13 17:13:26,42.5009918212891,-9.01772594451904,"Female"
"9004159",371979,2025-06-13 17:18:35,42.5014801025391,-9.01736831665039,"Female"
"9004159",371979,2025-06-13 17:23:25,42.5012893676758,-9.01643753051758,"Female"
"9004159",371979,2025-06-13 17:28:59,42.5018081665039,-9.01654243469238,"Female"
"9004159",371979,2025-06-13 17:34:29,42.5012168884277,-9.01739597320557,"Female"
"9004159",371979,2025-06-13 17:39:23,42.5015907287598,-9.01704025268555,"Female"
"9004159",371979,2025-06-13 17:44:52,42.5014991760254,-9.01666927337646,"Female"
"9004159",371979,2025-06-13 17:50:00,42.5019912719727,-9.01646423339844,"Female"
"9004159",371979,2025-06-13 17:55:00,42.5013732910156,-9.01691627502441,"Female"
"9004159",371979,2025-06-13 18:01:18,42.5012741088867,-9.01676368713379,"Female"
"9004159",371979,2025-06-13 18:06:38,42.5011825561523,-9.01654815673828,"Female"
"9004159",371979,2025-06-13 18:11:59,42.5011558532715,-9.01637172698975,"Female"
"9004159",371979,2025-06-13 18:17:06,42.5012016296387,-9.01672840118408,"Female"
"9004159",371979,2025-06-13 18:22:06,42.5007858276367,-9.01611709594727,"Female"
"9004159",371979,2025-06-13 18:30:25,42.4983787536621,-9.01298236846924,"Female"
"9004159",371979,2025-06-13 18:35:05,42.4890899658203,-8.99742603302002,"Female"
"9004159",371979,2025-06-13 18:39:39,42.4891014099121,-8.99710369110107,"Female"
"9004159",371979,2025-06-13 18:44:39,42.4889030456543,-8.99703788757324,"Female"
"9004159",371979,2025-06-13 18:49:39,42.4889373779297,-8.99710464477539,"Female"
"9004159",371979,2025-06-13 18:54:40,42.4889335632324,-8.99707221984863,"Female"
"9004159",371979,2025-06-13 18:59:39,42.489013671875,-8.99719429016113,"Female"
"9004159",371979,2025-06-13 19:04:41,42.4888916015625,-8.99700927734375,"Female"
"9004159",371979,2025-06-13 19:09:39,42.4889488220215,-8.99710559844971,"Female"
"9004159",371979,2025-06-13 19:14:39,42.4889755249023,-8.99708271026611,"Female"
"9004159",371979,2025-06-13 19:19:41,42.4890403747559,-8.99724006652832,"Female"
"9004159",371979,2025-06-13 19:24:51,42.4890327453613,-8.99704074859619,"Female"
"9004159",371979,2025-06-13 19:29:51,42.4889984130859,-8.99702835083008,"Female"
"9004159",371979,2025-06-13 19:34:43,42.4889984130859,-8.99720287322998,"Female"
"9004159",371979,2025-06-13 19:39:42,42.4890213012695,-8.99728012084961,"Female"
"9004159",371979,2025-06-13 19:44:42,42.4890022277832,-8.99739456176758,"Female"
"9004159",371979,2025-06-13 19:49:45,42.4888458251953,-8.9970064163208,"Female"
"9004159",371979,2025-06-13 19:54:42,42.4889259338379,-8.99713134765625,"Female"
"9004159",371979,2025-06-13 19:59:45,42.4887962341309,-8.99682140350342,"Female"
"9004159",371979,2025-06-13 20:04:48,42.4888687133789,-8.99701690673828,"Female"
"9004159",371979,2025-06-13 20:09:42,42.488956451416,-8.99710655212402,"Female"
"9004159",371979,2025-06-13 20:14:48,42.4889602661133,-8.99693489074707,"Female"
"9004159",371979,2025-06-13 20:19:43,42.4890174865723,-8.99687671661377,"Female"
"9004159",371979,2025-06-13 20:24:41,42.4892883300781,-8.99810123443604,"Female"
"9004159",371979,2025-06-13 20:29:48,42.4888763427734,-8.99710273742676,"Female"
"9004159",371979,2025-06-13 20:34:43,42.488899230957,-8.9971809387207,"Female"
"9004159",371979,2025-06-13 20:39:46,42.4889488220215,-8.99721527099609,"Female"
"9004159",371979,2025-06-13 20:44:48,42.4888725280762,-8.99711608886719,"Female"
"9004159",371979,2025-06-13 20:49:54,42.4889183044434,-8.99710750579834,"Female"
"9004159",371979,2025-06-13 20:55:05,42.4888153076172,-8.99707221984863,"Female"
"9004159",371979,2025-06-13 20:59:39,42.4888687133789,-8.99703311920166,"Female"
"9004159",371979,2025-06-13 21:04:39,42.4888725280762,-8.99702072143555,"Female"
"9004159",371979,2025-06-13 21:09:39,42.4888191223145,-8.99706935882568,"Female"
"9004159",371979,2025-06-13 21:14:39,42.4889030456543,-8.99709892272949,"Female"
"9004159",371979,2025-06-13 21:19:39,42.4888381958008,-8.99698829650879,"Female"
"9004159",371979,2025-06-13 21:24:40,42.488826751709,-8.99695110321045,"Female"
"9004159",371979,2025-06-13 21:29:40,42.4888610839844,-8.99692821502686,"Female"
"9004159",371979,2025-06-13 21:34:40,42.4888458251953,-8.99698543548584,"Female"
"9004159",371979,2025-06-13 21:39:42,42.4888916015625,-8.99702072143555,"Female"
"9004159",371979,2025-06-13 21:44:45,42.488899230957,-8.99704742431641,"Female"
"9004159",371979,2025-06-13 21:49:42,42.4888763427734,-8.9970178604126,"Female"
"9004159",371979,2025-06-13 21:54:41,42.4888000488281,-8.99696159362793,"Female"
"9004159",371979,2025-06-13 21:59:52,42.4888458251953,-8.99687385559082,"Female"
"9004159",371979,2025-06-13 22:05:02,42.4890403747559,-8.9973316192627,"Female"
"9004159",371979,2025-06-13 22:09:41,42.488941192627,-8.99697780609131,"Female"
"9004159",371979,2025-06-13 22:14:52,42.488941192627,-8.99693584442139,"Female"
"9004159",371979,2025-06-13 22:20:05,42.4888877868652,-8.99697685241699,"Female"
"9004159",371979,2025-06-13 22:24:40,42.4890556335449,-8.99706363677979,"Female"
"9004159",371979,2025-06-13 22:29:40,42.4890632629395,-8.99730014801025,"Female"
"9004159",371979,2025-06-13 22:34:46,42.4889259338379,-8.99693202972412,"Female"
"9004159",371979,2025-06-13 22:39:40,42.4889907836914,-8.99725914001465,"Female"
"9004159",371979,2025-06-13 22:44:45,42.488899230957,-8.99700355529785,"Female"
"9004159",371979,2025-06-13 22:49:42,42.4889907836914,-8.99713516235352,"Female"
"9004159",371979,2025-06-13 22:54:42,42.4889526367188,-8.99719905853271,"Female"
"9004159",371979,2025-06-13 22:59:42,42.4889373779297,-8.9970531463623,"Female"
"9004159",371979,2025-06-13 23:04:41,42.4889755249023,-8.99719905853271,"Female"
"9004159",371979,2025-06-13 23:09:41,42.4888114929199,-8.99702548980713,"Female"
"9004159",371979,2025-06-13 23:14:42,42.4889450073242,-8.99707221984863,"Female"
"9004159",371979,2025-06-13 23:19:42,42.4889373779297,-8.9970178604126,"Female"
"9004159",371979,2025-06-13 23:24:46,42.4889259338379,-8.99697971343994,"Female"
"9004159",371979,2025-06-13 23:29:42,42.4889144897461,-8.99703025817871,"Female"
"9004159",371979,2025-06-13 23:34:43,42.4889831542969,-8.99704074859619,"Female"
"9004159",371979,2025-06-13 23:39:43,42.4889297485352,-8.99701404571533,"Female"
"9004159",371979,2025-06-13 23:44:43,42.4887466430664,-8.99698162078857,"Female"
"9004159",371979,2025-06-13 23:49:40,42.4889450073242,-8.99708080291748,"Female"
"9004159",371979,2025-06-13 23:54:39,42.4890174865723,-8.99714088439941,"Female"
"9004159",371979,2025-06-13 23:59:41,42.4890937805176,-8.99722480773926,"Female"
"9004159",371979,2025-06-14 00:04:42,42.4890365600586,-8.99716186523438,"Female"
"9004159",371979,2025-06-14 00:09:57,42.4888916015625,-8.99699401855469,"Female"
"9004159",371979,2025-06-14 00:14:47,42.4888763427734,-8.99698257446289,"Female"
"9004159",371979,2025-06-14 00:19:42,42.4888954162598,-8.99701976776123,"Female"
"9004159",371979,2025-06-14 00:26:04,42.4889259338379,-8.99703693389893,"Female"
"9004159",371979,2025-06-14 00:31:04,42.4889106750488,-8.99705123901367,"Female"
"9004159",371979,2025-06-14 00:35:04,42.4889030456543,-8.99693012237549,"Female"
"9004159",371979,2025-06-14 00:39:41,42.4889335632324,-8.99714374542236,"Female"
"9004159",371979,2025-06-14 00:44:41,42.488941192627,-8.99715042114258,"Female"
"9004159",371979,2025-06-14 00:49:45,42.4889221191406,-8.99709510803223,"Female"
"9004159",371979,2025-06-14 00:54:46,42.4889869689941,-8.99733352661133,"Female"
"9004159",371979,2025-06-14 00:59:45,42.4889640808105,-8.99731636047363,"Female"
"9004159",371979,2025-06-14 01:04:47,42.4890251159668,-8.99711036682129,"Female"
"9004159",371979,2025-06-14 01:09:43,42.4890098571777,-8.99714183807373,"Female"
"9004159",371979,2025-06-14 01:14:48,42.4889831542969,-8.99719429016113,"Female"
"9004159",371979,2025-06-14 01:20:05,42.4889945983887,-8.99701404571533,"Female"
"9004159",371979,2025-06-14 01:24:39,42.4888954162598,-8.99661636352539,"Female"
"9004159",371979,2025-06-14 01:29:43,42.4888572692871,-8.99662780761719,"Female"
"9004159",371979,2025-06-14 01:34:41,42.4889831542969,-8.9972562789917,"Female"
"9004159",371979,2025-06-14 01:39:40,42.4890365600586,-8.99724197387695,"Female"
"9004159",371979,2025-06-14 01:44:41,42.4889793395996,-8.99691581726074,"Female"
"9004159",371979,2025-06-14 01:49:42,42.488941192627,-8.99687957763672,"Female"
"9004159",371979,2025-06-14 01:54:55,42.4889144897461,-8.99702167510986,"Female"
"9004159",371979,2025-06-14 02:00:05,42.4889450073242,-8.99700546264648,"Female"
"9004159",371979,2025-06-14 02:04:40,42.4889526367188,-8.99694442749023,"Female"
"9004159",371979,2025-06-14 02:09:40,42.489070892334,-8.99690628051758,"Female"
"9004159",371979,2025-06-14 02:14:40,42.4891929626465,-8.9968843460083,"Female"
"9004159",371979,2025-06-14 02:19:39,42.4888038635254,-8.99698066711426,"Female"
"9004159",371979,2025-06-14 02:24:39,42.4891891479492,-8.9971170425415,"Female"
"9004159",371979,2025-06-14 02:29:45,42.4891700744629,-8.99750900268555,"Female"
"9004159",371979,2025-06-14 02:34:43,42.4891548156738,-8.99751281738281,"Female"
"9004159",371979,2025-06-14 02:39:39,42.4892921447754,-8.99702072143555,"Female"
"9004159",371979,2025-06-14 02:44:45,42.4891548156738,-8.99730777740479,"Female"
"9004159",371979,2025-06-14 02:49:45,42.4890670776367,-8.99733543395996,"Female"
"9004159",371979,2025-06-14 02:54:42,42.4892425537109,-8.99710369110107,"Female"
"9004159",371979,2025-06-14 02:59:42,42.4892539978027,-8.99721336364746,"Female"
"9004159",371979,2025-06-14 03:04:43,42.4892692565918,-8.99719429016113,"Female"
"9004159",371979,2025-06-14 03:09:41,42.4893989562988,-8.99734497070312,"Female"
"9004159",371979,2025-06-14 03:14:50,42.489013671875,-8.99736881256104,"Female"
"9004159",371979,2025-06-14 03:19:42,42.4897003173828,-8.99758052825928,"Female"
"9004159",371979,2025-06-14 03:24:45,42.4889869689941,-8.9971399307251,"Female"
"9004159",371979,2025-06-14 03:30:05,42.4887046813965,-8.99686622619629,"Female"
"9004159",371979,2025-06-14 03:34:46,42.4888763427734,-8.99697780609131,"Female"
"9004159",371979,2025-06-14 03:39:47,42.48876953125,-8.99686431884766,"Female"
"9004159",371979,2025-06-14 03:44:46,42.4889297485352,-8.99703025817871,"Female"
"9004159",371979,2025-06-14 03:49:43,42.4889221191406,-8.9970531463623,"Female"
"9004159",371979,2025-06-14 03:54:43,42.488899230957,-8.99703216552734,"Female"
"9004159",371979,2025-06-14 03:59:42,42.4887809753418,-8.99680137634277,"Female"
"9004159",371979,2025-06-14 04:04:48,42.4889640808105,-8.99705219268799,"Female"
"9004159",371979,2025-06-14 04:09:46,42.4889259338379,-8.99704933166504,"Female"
"9004159",371979,2025-06-14 04:14:48,42.4887771606445,-8.99712181091309,"Female"
"9004159",371979,2025-06-14 04:19:47,42.4884223937988,-8.99951934814453,"Female"
"9004159",371979,2025-06-14 04:24:48,42.4889945983887,-8.99704456329346,"Female"
"9004159",371979,2025-06-14 04:29:49,42.4889297485352,-8.99705505371094,"Female"
"9004159",371979,2025-06-14 04:36:04,42.4889106750488,-8.99708271026611,"Female"
"9004159",371979,2025-06-14 04:40:15,42.4889450073242,-8.99707508087158,"Female"
"9004159",371979,2025-06-14 04:44:45,42.4888916015625,-8.99722957611084,"Female"
"9004159",371979,2025-06-14 04:49:42,42.4889907836914,-8.99676609039307,"Female"
"9004159",371979,2025-06-14 04:54:45,42.4889144897461,-8.99701595306396,"Female"
"9004159",371979,2025-06-14 04:59:41,42.489086151123,-8.99675846099854,"Female"
"9004159",371979,2025-06-14 05:04:43,42.4889755249023,-8.99707889556885,"Female"
"9004159",371979,2025-06-14 05:09:46,42.4888648986816,-8.99690437316895,"Female"
"9004159",371979,2025-06-14 05:14:46,42.4888496398926,-8.99675559997559,"Female"
"9004159",371979,2025-06-14 05:19:42,42.4887199401855,-8.99632740020752,"Female"
"9004159",371979,2025-06-14 05:24:43,42.4889450073242,-8.99717426300049,"Female"
"9004159",371979,2025-06-14 05:29:40,42.4890174865723,-8.99719142913818,"Female"
"9004159",371979,2025-06-14 05:35:05,42.4889183044434,-8.99704360961914,"Female"
"9004159",371979,2025-06-14 05:39:40,42.4888229370117,-8.99696731567383,"Female"
"9004159",371979,2025-06-14 05:44:41,42.4889221191406,-8.99702644348145,"Female"
"9004159",371979,2025-06-14 05:49:40,42.4889373779297,-8.99706935882568,"Female"
"9004159",371979,2025-06-14 05:54:40,42.4889526367188,-8.99706649780273,"Female"
"9004159",371979,2025-06-14 05:59:42,42.488899230957,-8.99704837799072,"Female"
"9004159",371979,2025-06-14 06:04:41,42.4889030456543,-8.99704360961914,"Female"
"9004159",371979,2025-06-14 06:09:41,42.4888725280762,-8.9970006942749,"Female"
"9004159",371979,2025-06-14 06:14:42,42.4891319274902,-8.99748134613037,"Female"
"9004159",371979,2025-06-14 06:19:46,42.4889183044434,-8.99699878692627,"Female"
"9004159",371979,2025-06-14 06:24:40,42.4889335632324,-8.99713802337646,"Female"
"9004159",371979,2025-06-14 06:29:48,42.4888229370117,-8.99688529968262,"Female"
"9004159",371979,2025-06-14 06:35:05,42.4888534545898,-8.99699115753174,"Female"
"9004159",371979,2025-06-14 06:39:42,42.4887847900391,-8.99695777893066,"Female"
"9004159",371979,2025-06-14 06:44:48,42.4886856079102,-8.99711132049561,"Female"
"9004159",371979,2025-06-14 06:49:39,42.48876953125,-8.9968786239624,"Female"
"9004159",371979,2025-06-14 06:54:40,42.488826751709,-8.99696731567383,"Female"
"9004159",371979,2025-06-14 06:59:40,42.4888000488281,-8.99672794342041,"Female"
"9004159",371979,2025-06-14 07:04:45,42.4889030456543,-8.99692058563232,"Female"
"9004159",371979,2025-06-14 07:09:41,42.4888305664062,-8.99687385559082,"Female"
"9004159",371979,2025-06-14 07:14:44,42.4891128540039,-8.9972972869873,"Female"
"9004159",371979,2025-06-14 07:19:49,42.4889144897461,-8.99695110321045,"Female"
"9004159",371979,2025-06-14 07:25:05,42.4888610839844,-8.99697494506836,"Female"
"9004159",371979,2025-06-14 07:29:39,42.4889183044434,-8.99694442749023,"Female"
"9004159",371979,2025-06-14 07:34:39,42.4888687133789,-8.99696254730225,"Female"
"9004159",371979,2025-06-14 07:39:39,42.4888801574707,-8.99699401855469,"Female"
"9004159",371979,2025-06-14 07:44:41,42.4889640808105,-8.99710083007812,"Female"
"9004159",371979,2025-06-14 07:49:39,42.4888648986816,-8.99697208404541,"Female"
"9004159",371979,2025-06-14 07:54:42,42.4888496398926,-8.99696731567383,"Female"
"9004159",371979,2025-06-14 07:59:39,42.4888343811035,-8.99697971343994,"Female"
"9004159",371979,2025-06-14 08:04:59,42.4971199035645,-9.00261878967285,"Female"
"9004159",371979,2025-06-14 08:10:00,42.4977569580078,-9.00233840942383,"Female"
"9004159",371979,2025-06-14 08:14:54,42.4977340698242,-9.00241756439209,"Female"
"9004159",371979,2025-06-14 08:19:55,42.4984588623047,-9.00172901153564,"Female"
"9004159",371979,2025-06-14 08:24:56,42.5037307739258,-8.99828910827637,"Female"
"9004159",371979,2025-06-14 08:29:54,42.5057983398438,-8.99997615814209,"Female"
"9004159",371979,2025-06-14 08:34:56,42.5065536499023,-9.00131034851074,"Female"
"9004159",371979,2025-06-14 08:39:58,42.5142631530762,-9.01011753082275,"Female"
"9004159",371979,2025-06-14 08:44:57,42.5142593383789,-9.01010227203369,"Female"
"9004159",371979,2025-06-14 08:50:13,42.5142974853516,-9.01010322570801,"Female"
"9004159",371979,2025-06-14 08:54:54,42.5141754150391,-9.01012229919434,"Female"
"9004159",371979,2025-06-14 08:59:53,42.5141944885254,-9.01010417938232,"Female"
"9004159",371979,2025-06-14 09:04:53,42.51416015625,-9.01023006439209,"Female"
"9004159",371979,2025-06-14 09:09:53,42.5141754150391,-9.01035499572754,"Female"
"9004159",371979,2025-06-14 09:14:54,42.5141296386719,-9.01002788543701,"Female"
"9004159",371979,2025-06-14 09:19:53,42.5142440795898,-9.01035404205322,"Female"
"9004159",371979,2025-06-14 09:24:56,42.5141906738281,-9.00993728637695,"Female"
"9004159",371979,2025-06-14 09:29:54,42.514404296875,-9.01060199737549,"Female"
"9004159",371979,2025-06-14 09:34:56,42.514274597168,-9.01029109954834,"Female"
"9004159",371979,2025-06-14 09:39:55,42.5143241882324,-9.01018905639648,"Female"
"9004159",371979,2025-06-14 09:44:56,42.5145072937012,-9.01033401489258,"Female"
"9004159",371979,2025-06-14 09:50:07,42.5144538879395,-9.01065540313721,"Female"
"9004159",371979,2025-06-14 09:55:07,42.5143966674805,-9.01045417785645,"Female"
"9004159",371979,2025-06-14 10:00:14,42.5141220092773,-9.01087951660156,"Female"
"9004159",371979,2025-06-14 10:05:09,42.5041275024414,-9.01814079284668,"Female"
"9004159",371979,2025-06-14 10:10:14,42.5031700134277,-9.02040576934814,"Female"
"9004159",371979,2025-06-14 10:15:03,42.5021018981934,-9.01943397521973,"Female"
"9004159",371979,2025-06-14 10:20:46,42.5010261535645,-9.01921272277832,"Female"
"9004159",371979,2025-06-14 10:25:54,42.4996795654297,-9.01870727539062,"Female"
"9004159",371979,2025-06-14 10:30:57,42.4993438720703,-9.01822185516357,"Female"
"9004159",371979,2025-06-14 10:35:54,42.4983825683594,-9.01878833770752,"Female"
"9004159",371979,2025-06-14 10:40:58,42.4972724914551,-9.02388381958008,"Female"
"9004159",371979,2025-06-14 10:47:28,42.497200012207,-9.0230016708374,"Female"
"9004159",371979,2025-06-14 10:52:03,42.4976806640625,-9.02495193481445,"Female"
"9004159",371979,2025-06-14 10:57:15,42.4981803894043,-9.02393627166748,"Female"
"9004159",371979,2025-06-14 11:03:27,42.498104095459,-9.0210075378418,"Female"
"9004159",371979,2025-06-14 11:08:25,42.4992218017578,-9.02074432373047,"Female"
"9004159",371979,2025-06-14 11:14:54,42.4994049072266,-9.02373504638672,"Female"
"9004159",371979,2025-06-14 11:20:02,42.500301361084,-9.0226993560791,"Female"
"9004159",371979,2025-06-14 11:24:59,42.499095916748,-9.02310085296631,"Female"
"9004159",371979,2025-06-14 11:30:00,42.4994964599609,-9.02486801147461,"Female"
"9004159",371979,2025-06-14 11:36:03,42.5006828308105,-9.0228157043457,"Female"
"9004159",371979,2025-06-14 11:41:02,42.4986457824707,-9.01478958129883,"Female"
"9004159",371979,2025-06-14 11:46:01,42.4986457824707,-9.01473236083984,"Female"
"9004159",371979,2025-06-14 11:51:04,42.4987182617188,-9.01494884490967,"Female"
"9004159",371979,2025-06-14 11:56:02,42.4986763000488,-9.01480770111084,"Female"
"9004159",371979,2025-06-14 12:01:15,42.4985618591309,-9.0147066116333,"Female"
"9004159",371979,2025-06-14 12:06:35,42.4986801147461,-9.01470279693604,"Female"
"9004159",371979,2025-06-14 12:11:01,42.4986534118652,-9.01456546783447,"Female"
"9004159",371979,2025-06-14 12:16:00,42.4986839294434,-9.01474857330322,"Female"
"9004159",371979,2025-06-14 12:21:01,42.4987640380859,-9.01500797271729,"Female"
"9004159",371979,2025-06-14 12:26:01,42.4986801147461,-9.01475143432617,"Female"
"9004159",371979,2025-06-14 12:31:00,42.498649597168,-9.01471614837646,"Female"
"9004159",371979,2025-06-14 12:35:59,42.4986534118652,-9.01460647583008,"Female"
"9004159",371979,2025-06-14 12:40:59,42.4986534118652,-9.01465606689453,"Female"
"9004159",371979,2025-06-14 12:45:59,42.4987144470215,-9.01476860046387,"Female"
"9004159",371979,2025-06-14 12:51:00,42.5007972717285,-9.01578330993652,"Female"
"9004159",371979,2025-06-14 12:56:01,42.5027084350586,-9.01821708679199,"Female"
"9004159",371979,2025-06-14 13:02:14,42.5086517333984,-9.01943778991699,"Female"
"9004159",371979,2025-06-14 13:07:22,42.5094947814941,-9.01963424682617,"Female"
"9004159",371979,2025-06-14 13:13:07,42.5100593566895,-9.01939964294434,"Female"
"9004159",371979,2025-06-14 13:18:15,42.5091705322266,-9.01883697509766,"Female"
"9004159",371979,2025-06-14 13:26:42,42.509765625,-9.01977443695068,"Female"
"9004159",371979,2025-06-14 13:32:10,42.5108222961426,-9.01927089691162,"Female"
"9004159",371979,2025-06-14 13:37:13,42.510669708252,-9.01885509490967,"Female"
"9004159",371979,2025-06-14 13:44:02,42.510669708252,-9.01997661590576,"Female"
"9004159",371979,2025-06-14 13:50:05,42.5109062194824,-9.01733112335205,"Female"
"9004159",371979,2025-06-14 13:54:41,42.5092926025391,-9.01671600341797,"Female"
"9004159",371979,2025-06-14 13:59:58,42.5085372924805,-9.0124397277832,"Female"
"9004159",371979,2025-06-14 14:05:46,42.5087280273438,-9.01189994812012,"Female"
"9004159",371979,2025-06-14 14:11:55,42.5089340209961,-9.01436328887939,"Female"
"9004159",371979,2025-06-14 14:16:55,42.5075798034668,-9.01478004455566,"Female"
"9004159",371979,2025-06-14 14:22:21,42.509651184082,-9.02011871337891,"Female"
"9004159",371979,2025-06-14 14:28:16,42.5096092224121,-9.01976108551025,"Female"
"9004159",371979,2025-06-14 14:33:49,42.5094413757324,-9.02026748657227,"Female"
"9004159",371979,2025-06-14 14:38:59,42.5099258422852,-9.0199670791626,"Female"
"9004159",371979,2025-06-14 14:44:51,42.5101165771484,-9.01914024353027,"Female"
"9004159",371979,2025-06-14 14:50:22,42.5097427368164,-9.01872539520264,"Female"
"9004159",371979,2025-06-14 14:56:07,42.5093727111816,-9.01922512054443,"Female"
"9004159",371979,2025-06-14 15:01:38,42.5091972351074,-9.02017784118652,"Female"
"9004159",371979,2025-06-14 15:07:08,42.5095252990723,-9.01928329467773,"Female"
"9004159",371979,2025-06-14 15:14:14,42.5085372924805,-9.01795387268066,"Female"
"9004159",371979,2025-06-14 15:19:14,42.4985504150391,-9.01476287841797,"Female"
"9004159",371979,2025-06-14 15:24:11,42.4983367919922,-9.01465702056885,"Female"
"9004159",371979,2025-06-14 15:29:11,42.4983787536621,-9.01466178894043,"Female"
"9004159",371979,2025-06-14 15:34:15,42.4983520507812,-9.01467800140381,"Female"
"9004159",371979,2025-06-14 15:39:13,42.4982948303223,-9.0147123336792,"Female"
"9004159",371979,2025-06-14 15:44:15,42.4986724853516,-9.01472854614258,"Female"
"9004159",371979,2025-06-14 15:49:18,42.5015716552734,-9.01645088195801,"Female"
"9004159",371979,2025-06-14 15:54:21,42.5008201599121,-9.0164270401001,"Female"
"9004159",371979,2025-06-14 15:59:31,42.5006256103516,-9.01656150817871,"Female"
"9004159",371979,2025-06-14 16:04:57,42.5024909973145,-9.0177526473999,"Female"
"9004159",371979,2025-06-14 16:10:16,42.5092315673828,-9.01847457885742,"Female"
"9004159",371979,2025-06-14 16:15:28,42.5097198486328,-9.01979351043701,"Female"
"9004159",371979,2025-06-14 16:21:18,42.5108299255371,-9.0191125869751,"Female"
"9004159",371979,2025-06-14 16:26:35,42.5112266540527,-9.01715564727783,"Female"
"9004159",371979,2025-06-14 16:31:37,42.5110015869141,-9.01906394958496,"Female"
"9004159",371979,2025-06-14 16:36:37,42.5099906921387,-9.01893615722656,"Female"
"9004159",371979,2025-06-14 16:41:54,42.5074996948242,-9.01854515075684,"Female"
"9004159",371979,2025-06-14 16:47:35,42.5064849853516,-9.02132987976074,"Female"
"9004159",371979,2025-06-14 16:52:14,42.4986038208008,-9.01475620269775,"Female"
"9004159",371979,2025-06-14 16:57:17,42.498706817627,-9.01475715637207,"Female"
"9004159",371979,2025-06-14 17:02:16,42.4985885620117,-9.01475238800049,"Female"
"9004159",371979,2025-06-14 17:07:14,42.4986305236816,-9.01479244232178,"Female"
"9004159",371979,2025-06-14 17:12:19,42.4986038208008,-9.01473331451416,"Female"
"9004159",371979,2025-06-14 17:17:14,42.4985618591309,-9.0147066116333,"Female"
"9004159",371979,2025-06-14 17:22:14,42.4986305236816,-9.01468944549561,"Female"
"9004159",371979,2025-06-14 17:27:14,42.4992599487305,-9.0150318145752,"Female"
"9004159",371979,2025-06-14 17:32:14,42.5013771057129,-9.01667022705078,"Female"
"9004159",371979,2025-06-14 17:37:14,42.5013122558594,-9.0174617767334,"Female"
"9004159",371979,2025-06-14 17:42:15,42.5002708435059,-9.02143478393555,"Female"
"9004159",371979,2025-06-14 17:47:55,42.5001335144043,-9.02266597747803,"Female"
"9004159",371979,2025-06-14 17:53:54,42.5006523132324,-9.02041625976562,"Female"
"9004159",371979,2025-06-14 18:00:35,42.4996795654297,-9.01918888092041,"Female"
"9004159",371979,2025-06-14 18:05:10,42.5001640319824,-9.01850891113281,"Female"
"9004159",371979,2025-06-14 18:11:06,42.5012855529785,-9.01786231994629,"Female"
"9004159",371979,2025-06-14 18:16:08,42.5006408691406,-9.02037811279297,"Female"
"9004159",371979,2025-06-14 18:22:10,42.4998626708984,-9.01929569244385,"Female"
"9004159",371979,2025-06-14 18:27:33,42.5003967285156,-9.01819515228271,"Female"
"9004159",371979,2025-06-14 18:33:00,42.5011138916016,-9.01693153381348,"Female"
"9004159",371979,2025-06-14 18:38:18,42.5009460449219,-9.01592826843262,"Female"
"9004159",371979,2025-06-14 18:43:19,42.4891014099121,-8.9967565536499,"Female"
"9004159",371979,2025-06-14 18:48:16,42.4889831542969,-8.99711132049561,"Female"
"9004159",371979,2025-06-14 18:53:19,42.4888534545898,-8.99703216552734,"Female"
"9004159",371979,2025-06-14 18:58:18,42.4888229370117,-8.99690246582031,"Female"
"9004159",371979,2025-06-14 19:03:18,42.489185333252,-8.99729633331299,"Female"
"9004159",371979,2025-06-14 19:08:24,42.4888763427734,-8.99694442749023,"Female"
"9004159",371979,2025-06-14 19:13:19,42.4888877868652,-8.99695587158203,"Female"
"9004159",371979,2025-06-14 19:18:21,42.4888763427734,-8.99685764312744,"Female"
"9004159",371979,2025-06-14 19:23:15,42.4888687133789,-8.99699592590332,"Female"
"9004159",371979,2025-06-14 19:28:24,42.4887275695801,-8.99671840667725,"Female"
"9004159",371979,2025-06-14 19:33:16,42.4887275695801,-8.99669075012207,"Female"
"9004159",371979,2025-06-14 19:38:24,42.4889755249023,-8.9970874786377,"Female"
"9004159",371979,2025-06-14 19:43:24,42.4890289306641,-8.9971752166748,"Female"
"9004159",371979,2025-06-14 19:48:35,42.4888916015625,-8.99701404571533,"Female"
"9004159",371979,2025-06-14 19:53:15,42.4888610839844,-8.99706935882568,"Female"
"9004159",371979,2025-06-14 19:58:16,42.4888076782227,-8.99710845947266,"Female"
"9004159",371979,2025-06-14 20:03:16,42.4889297485352,-8.99703598022461,"Female"
"9004159",371979,2025-06-14 20:08:16,42.4887733459473,-8.99724292755127,"Female"
"9004159",371979,2025-06-14 20:13:17,42.4889106750488,-8.9970760345459,"Female"
"9004159",371979,2025-06-14 20:18:15,42.4888877868652,-8.99708080291748,"Female"
"9004159",371979,2025-06-14 20:23:21,42.4889221191406,-8.99715042114258,"Female"
"9004159",371979,2025-06-14 20:28:25,42.4888114929199,-8.99694919586182,"Female"
"9004159",371979,2025-06-14 20:33:34,42.4889183044434,-8.9970531463623,"Female"
"9004159",371979,2025-06-14 20:38:17,42.4888801574707,-8.99698734283447,"Female"
"9004159",371979,2025-06-14 20:43:19,42.4888572692871,-8.99687671661377,"Female"
"9004159",371979,2025-06-14 20:48:18,42.488956451416,-8.9970760345459,"Female"
"9004159",371979,2025-06-14 20:53:21,42.488883972168,-8.9969539642334,"Female"
"9004159",371979,2025-06-14 20:58:21,42.4888763427734,-8.996994972229,"Female"
"9004159",371979,2025-06-14 21:03:18,42.488842010498,-8.9968786239624,"Female"
"9004159",371979,2025-06-14 21:08:16,42.4888458251953,-8.99684906005859,"Female"
"9004159",371979,2025-06-14 21:13:33,42.4888229370117,-8.99691581726074,"Female"
"9004159",371979,2025-06-14 21:18:22,42.4888000488281,-8.99687004089355,"Female"
"9004159",371979,2025-06-14 21:23:44,42.488826751709,-8.99689197540283,"Female"
"9004159",371979,2025-06-14 21:29:35,42.4888381958008,-8.99690818786621,"Female"
"9004159",371979,2025-06-14 21:33:18,42.4888229370117,-8.99686241149902,"Female"
"9004159",371979,2025-06-14 21:38:19,42.4888954162598,-8.9970178604126,"Female"
"9004159",371979,2025-06-14 21:43:21,42.4888801574707,-8.99696159362793,"Female"
"9004159",371979,2025-06-14 21:48:17,42.4889984130859,-8.9971399307251,"Female"
"9004159",371979,2025-06-14 21:53:19,42.4888916015625,-8.99702167510986,"Female"
"9004159",371979,2025-06-14 21:58:17,42.4889869689941,-8.99711227416992,"Female"
"9004159",371979,2025-06-14 22:03:21,42.4889030456543,-8.99698448181152,"Female"
"9004159",371979,2025-06-14 22:08:19,42.4886779785156,-8.99668788909912,"Female"
"9004159",371979,2025-06-14 22:13:18,42.4888572692871,-8.99691295623779,"Female"
"9004159",371979,2025-06-14 22:18:52,42.4888954162598,-8.99703788757324,"Female"
"9004159",371979,2025-06-14 22:23:19,42.4889755249023,-8.9971227645874,"Female"
"9004159",371979,2025-06-14 22:28:42,42.4889030456543,-8.99705028533936,"Female"
"9004159",371979,2025-06-14 22:33:21,42.4889068603516,-8.99703598022461,"Female"
"9004159",371979,2025-06-14 22:38:18,42.488883972168,-8.99702262878418,"Female"
"9004159",371979,2025-06-14 22:43:16,42.4888496398926,-8.996901512146,"Female"
"9004159",371979,2025-06-14 22:48:18,42.4889106750488,-8.99699306488037,"Female"
"9004159",371979,2025-06-14 22:53:19,42.4888648986816,-8.99694728851318,"Female"
"9004159",371979,2025-06-14 22:58:19,42.4888763427734,-8.99702548980713,"Female"
"9004159",371979,2025-06-14 23:03:23,42.4888725280762,-8.99689865112305,"Female"
"9004159",371979,2025-06-14 23:08:19,42.488956451416,-8.99704837799072,"Female"
"9004159",371979,2025-06-14 23:13:25,42.4888954162598,-8.99713802337646,"Female"
"9004159",371979,2025-06-14 23:18:35,42.4888954162598,-8.99698829650879,"Female"
"9004159",371979,2025-06-14 23:23:16,42.4888648986816,-8.99698543548584,"Female"
"9004159",371979,2025-06-14 23:28:18,42.4889030456543,-8.99698448181152,"Female"
"9004159",371979,2025-06-14 23:33:21,42.4889526367188,-8.99698257446289,"Female"
"9004159",371979,2025-06-14 23:38:17,42.4889183044434,-8.99699020385742,"Female"
"9004159",371979,2025-06-14 23:43:16,42.488941192627,-8.99702262878418,"Female"
"9004159",371979,2025-06-14 23:48:17,42.4889488220215,-8.99696731567383,"Female"
"9004159",371979,2025-06-14 23:53:17,42.4889869689941,-8.99697113037109,"Female"
"9004159",371979,2025-06-14 23:58:53,42.4888343811035,-8.99708557128906,"Female"
"9004159",371979,2025-06-15 00:03:19,42.4888038635254,-8.99713897705078,"Female"
"9004159",371979,2025-06-15 00:08:21,42.4888877868652,-8.99706172943115,"Female"
"9004159",371979,2025-06-15 00:13:22,42.4889221191406,-8.99691867828369,"Female"
"9004159",371979,2025-06-15 00:18:21,42.4888038635254,-8.9970760345459,"Female"
"9004159",371979,2025-06-15 00:23:35,42.488883972168,-8.99704265594482,"Female"
"9004159",371979,2025-06-15 00:28:17,42.488899230957,-8.99705123901367,"Female"
"9004159",371979,2025-06-15 00:33:21,42.4888954162598,-8.99710750579834,"Female"
"9004159",371979,2025-06-15 00:38:25,42.4889183044434,-8.99699974060059,"Female"
"9004159",371979,2025-06-15 00:43:17,42.4889183044434,-8.99701976776123,"Female"
"9004159",371979,2025-06-15 00:48:19,42.4889144897461,-8.9970178604126,"Female"
"9004159",371979,2025-06-15 00:53:22,42.488941192627,-8.99703311920166,"Female"
"9004159",371979,2025-06-15 00:58:17,42.4889221191406,-8.99700355529785,"Female"
"9004159",371979,2025-06-15 01:03:21,42.4888954162598,-8.99704647064209,"Female"
"9004159",371979,2025-06-15 01:08:22,42.4888763427734,-8.99699020385742,"Female"
"9004159",371979,2025-06-15 01:13:29,42.488956451416,-8.9970121383667,"Female"
"9004159",371979,2025-06-15 01:18:29,42.489013671875,-8.9970178604126,"Female"
"9004159",371979,2025-06-15 01:23:29,42.4889717102051,-8.99705696105957,"Female"
"9004159",371979,2025-06-15 01:28:29,42.4889907836914,-8.99694919586182,"Female"
"9004159",371979,2025-06-15 01:33:28,42.4890632629395,-8.99701404571533,"Female"
"9004159",371979,2025-06-15 01:38:31,42.489086151123,-8.99708652496338,"Female"
"9004159",371979,2025-06-15 01:43:29,42.4890327453613,-8.99704933166504,"Female"
"9004159",371979,2025-06-15 01:48:35,42.4889259338379,-8.99695873260498,"Female"
"9004159",371979,2025-06-15 01:53:26,42.4889144897461,-8.99698638916016,"Female"
"9004159",371979,2025-06-15 01:58:25,42.4889106750488,-8.9970178604126,"Female"
"9004159",371979,2025-06-15 02:03:26,42.4889335632324,-8.99690532684326,"Female"
"9004159",371979,2025-06-15 02:08:28,42.4891471862793,-8.99654865264893,"Female"
"9004159",371979,2025-06-15 02:13:26,42.4889259338379,-8.99694633483887,"Female"
"9004159",371979,2025-06-15 02:18:26,42.4888954162598,-8.99692344665527,"Female"
"9004159",371979,2025-06-15 02:23:26,42.488899230957,-8.99699592590332,"Female"
"9004159",371979,2025-06-15 02:28:26,42.4889259338379,-8.99705696105957,"Female"
"9004159",371979,2025-06-15 02:33:26,42.488899230957,-8.99698066711426,"Female"
"9004159",371979,2025-06-15 02:38:26,42.4888725280762,-8.99699401855469,"Female"
"9004159",371979,2025-06-15 02:43:35,42.4889259338379,-8.99697971343994,"Female"
"9004159",371979,2025-06-15 02:48:35,42.4889450073242,-8.9969482421875,"Female"
"9004159",371979,2025-06-15 02:53:16,42.4889602661133,-8.99694633483887,"Female"
"9004159",371979,2025-06-15 02:58:16,42.4890098571777,-8.99692344665527,"Female"
"9004159",371979,2025-06-15 03:03:15,42.4889488220215,-8.99700546264648,"Female"
"9004159",371979,2025-06-15 03:08:16,42.4889450073242,-8.99691772460938,"Female"
"9004159",371979,2025-06-15 03:13:16,42.4889259338379,-8.99696350097656,"Female"
"9004159",371979,2025-06-15 03:18:16,42.4890022277832,-8.99695682525635,"Female"
"9004159",371979,2025-06-15 03:23:15,42.4889068603516,-8.99702262878418,"Female"
"9004159",371979,2025-06-15 03:28:17,42.4889221191406,-8.99699211120605,"Female"
"9004159",371979,2025-06-15 03:33:17,42.4889945983887,-8.99714660644531,"Female"
"9004159",371979,2025-06-15 03:38:15,42.4889755249023,-8.99696063995361,"Female"
"9004159",371979,2025-06-15 03:43:21,42.489128112793,-8.9972972869873,"Female"
"9004159",371979,2025-06-15 03:48:18,42.4889793395996,-8.99696445465088,"Female"
"9004159",371979,2025-06-15 03:53:21,42.4888801574707,-8.99698352813721,"Female"
"9004159",371979,2025-06-15 03:58:18,42.4889373779297,-8.99697113037109,"Female"
"9004159",371979,2025-06-15 04:03:44,42.4890060424805,-8.99711799621582,"Female"
"9004159",371979,2025-06-15 04:08:18,42.4889144897461,-8.99710750579834,"Female"
"9004159",371979,2025-06-15 04:13:25,42.489128112793,-8.9971866607666,"Female"
"9004159",371979,2025-06-15 04:18:24,42.4888572692871,-8.99705600738525,"Female"
"9004159",371979,2025-06-15 04:23:21,42.4889144897461,-8.99712371826172,"Female"
"9004159",371979,2025-06-15 04:28:35,42.4889106750488,-8.99714946746826,"Female"
"9004159",371979,2025-06-15 04:33:19,42.4889259338379,-8.99701404571533,"Female"
"9004159",371979,2025-06-15 04:38:35,42.4889297485352,-8.99702835083008,"Female"
"9004159",371979,2025-06-15 04:43:18,42.4889640808105,-8.99711608886719,"Female"
"9004159",371979,2025-06-15 04:48:18,42.4889907836914,-8.99708938598633,"Female"
"9004159",371979,2025-06-15 04:53:22,42.4889183044434,-8.99693584442139,"Female"
"9004159",371979,2025-06-15 04:58:17,42.4889640808105,-8.9969539642334,"Female"
"9004159",371979,2025-06-15 05:03:21,42.4889259338379,-8.99688339233398,"Female"
"9004159",371979,2025-06-15 05:08:18,42.4888648986816,-8.99686813354492,"Female"
"9004159",371979,2025-06-15 05:13:16,42.488842010498,-8.99690532684326,"Female"
"9004159",371979,2025-06-15 05:18:30,42.4889640808105,-8.99686241149902,"Female"
"9004159",371979,2025-06-15 05:23:16,42.4889183044434,-8.99685478210449,"Female"
"9004159",371979,2025-06-15 05:28:16,42.4889221191406,-8.99692821502686,"Female"
"9004159",371979,2025-06-15 05:33:18,42.4889640808105,-8.99693012237549,"Female"
"9004159",371979,2025-06-15 05:38:15,42.4889869689941,-8.99694442749023,"Female"
"9004159",371979,2025-06-15 05:43:17,42.488842010498,-8.9968729019165,"Female"
"9004159",371979,2025-06-15 05:48:15,42.4889297485352,-8.99692153930664,"Female"
"9004159",371979,2025-06-15 05:53:15,42.4889183044434,-8.99691295623779,"Female"
"9004159",371979,2025-06-15 05:58:16,42.4889068603516,-8.9968843460083,"Female"
"9004159",371979,2025-06-15 06:03:35,42.4888916015625,-8.99700736999512,"Female"
"9004159",371979,2025-06-15 06:08:16,42.4888610839844,-8.99695587158203,"Female"
"9004159",371979,2025-06-15 06:13:16,42.4888801574707,-8.99694156646729,"Female"
"9004159",371979,2025-06-15 06:18:16,42.488899230957,-8.99697589874268,"Female"
"9004159",371979,2025-06-15 06:23:15,42.4896278381348,-8.99704647064209,"Female"
"9004159",371979,2025-06-15 06:28:17,42.4896430969238,-8.99701499938965,"Female"
"9004159",371979,2025-06-15 06:33:15,42.4896621704102,-8.99706935882568,"Female"
"9004159",371979,2025-06-15 06:38:26,42.4894485473633,-8.99698925018311,"Female"
"9004159",371979,2025-06-15 06:43:30,42.4894676208496,-8.99687957763672,"Female"
"9004159",371979,2025-06-15 06:48:44,42.4893646240234,-8.99698734283447,"Female"
"9004159",371979,2025-06-15 06:53:17,42.4891777038574,-8.99709892272949,"Female"
"9004159",371979,2025-06-15 06:58:24,42.4894943237305,-8.99700260162354,"Female"
"9004159",371979,2025-06-15 07:03:24,42.4893798828125,-8.99717617034912,"Female"
"9004159",371979,2025-06-15 07:08:15,42.4892616271973,-8.99699306488037,"Female"
"9004159",371979,2025-06-15 07:13:15,42.5027160644531,-9.00754261016846,"Female"
"9004159",371979,2025-06-15 07:18:15,42.5083618164062,-9.01612377166748,"Female"
"9004159",371979,2025-06-15 07:23:17,42.5087852478027,-9.01909828186035,"Female"
"9004159",371979,2025-06-15 07:28:54,42.5096206665039,-9.0200777053833,"Female"
"9004159",371979,2025-06-15 07:33:44,42.5101470947266,-9.02022075653076,"Female"
"9004159",371979,2025-06-15 07:38:47,42.5099411010742,-9.02047920227051,"Female"
"9004159",371979,2025-06-15 07:44:06,42.5093002319336,-9.01957988739014,"Female"
"9004159",371979,2025-06-15 07:49:14,42.5099334716797,-9.01821136474609,"Female"
"9004159",371979,2025-06-15 07:53:59,42.5124244689941,-9.0239429473877,"Female"
"9004159",371979,2025-06-15 08:00:24,42.510066986084,-9.0205545425415,"Female"
"9004159",371979,2025-06-15 08:06:04,42.5085830688477,-9.02031707763672,"Female"
"9004159",371979,2025-06-15 08:11:14,42.5080451965332,-9.01952743530273,"Female"
"9004159",371979,2025-06-15 08:15:47,42.5083770751953,-9.01942539215088,"Female"
"9004159",371979,2025-06-15 08:21:34,42.5071258544922,-9.01922035217285,"Female"
"9004159",371979,2025-06-15 08:26:35,42.5061798095703,-9.01788806915283,"Female"
"9004159",371979,2025-06-15 08:32:22,42.505012512207,-9.01663684844971,"Female"
"9004159",371979,2025-06-15 08:37:23,42.5042304992676,-9.01588249206543,"Female"
"9004159",371979,2025-06-15 08:42:30,42.4986381530762,-9.01451587677002,"Female"
"9004159",371979,2025-06-15 08:47:59,42.4986343383789,-9.01462459564209,"Female"
"9004159",371979,2025-06-15 08:52:23,42.4986763000488,-9.01467514038086,"Female"
"9004159",371979,2025-06-15 08:57:23,42.4986267089844,-9.01463794708252,"Female"
"9004159",371979,2025-06-15 09:02:22,42.4986839294434,-9.01469993591309,"Female"
"9004159",371979,2025-06-15 09:07:24,42.498607635498,-9.01463508605957,"Female"
"9004159",371979,2025-06-15 09:12:24,42.4985809326172,-9.01467323303223,"Female"
"9004159",371979,2025-06-15 09:17:24,42.4985694885254,-9.01461887359619,"Female"
"9004159",371979,2025-06-15 09:22:23,42.498607635498,-9.01463508605957,"Female"
"9004159",371979,2025-06-15 09:27:22,42.4986534118652,-9.01476001739502,"Female"
"9004159",371979,2025-06-15 09:32:22,42.4986305236816,-9.01462650299072,"Female"
"9004159",371979,2025-06-15 09:37:22,42.4986190795898,-9.01462364196777,"Female"
"9004159",371979,2025-06-15 09:42:22,42.498607635498,-9.01463031768799,"Female"
"9004159",371979,2025-06-15 09:47:29,42.4986610412598,-9.01474189758301,"Female"
"9004159",371979,2025-06-15 09:52:23,42.4997825622559,-9.0153169631958,"Female"
"9004159",371979,2025-06-15 09:57:25,42.5061454772949,-9.01733779907227,"Female"
"9004159",371979,2025-06-15 10:02:25,42.5092849731445,-9.01881504058838,"Female"
"9004159",371979,2025-06-15 10:07:45,42.5091743469238,-9.02027988433838,"Female"
"9004159",371979,2025-06-15 10:12:52,42.510627746582,-9.02310371398926,"Female"
"9004159",371979,2025-06-15 10:18:18,42.5085182189941,-9.02001953125,"Female"
"9004159",371979,2025-06-15 10:24:08,42.5089797973633,-9.01651859283447,"Female"
"9004159",371979,2025-06-15 10:29:07,42.5088653564453,-9.01863384246826,"Female"
"9004159",371979,2025-06-15 10:35:10,42.5075569152832,-9.02106094360352,"Female"
"9004159",371979,2025-06-15 10:41:08,42.5073547363281,-9.02224636077881,"Female"
"9004159",371979,2025-06-15 10:46:04,42.5073509216309,-9.02286148071289,"Female"
"9004159",371979,2025-06-15 10:51:06,42.5074577331543,-9.02348709106445,"Female"
"9004159",371979,2025-06-15 10:56:35,42.5121917724609,-9.02032375335693,"Female"
"9004159",371979,2025-06-15 11:01:02,42.4985961914062,-9.01503944396973,"Female"
"9004159",371979,2025-06-15 11:06:02,42.4985961914062,-9.01492786407471,"Female"
"9004159",371979,2025-06-15 11:11:08,42.4986381530762,-9.01494598388672,"Female"
"9004159",371979,2025-06-15 11:16:03,42.498607635498,-9.01484870910645,"Female"
"9004159",371979,2025-06-15 11:21:09,42.498649597168,-9.01466083526611,"Female"
"9004159",371979,2025-06-15 11:26:14,42.4986991882324,-9.01466274261475,"Female"
"9004159",371979,2025-06-15 11:31:02,42.4986610412598,-9.01453304290771,"Female"
"9004159",371979,2025-06-15 11:36:02,42.4987487792969,-9.01455116271973,"Female"
"9004159",371979,2025-06-15 11:41:02,42.4988403320312,-9.01448154449463,"Female"
"9004159",371979,2025-06-15 11:46:14,42.4986724853516,-9.01471900939941,"Female"
"9004159",371979,2025-06-15 11:51:02,42.4987182617188,-9.01456451416016,"Female"
"9004159",371979,2025-06-15 11:56:02,42.4986457824707,-9.01475429534912,"Female"
"9004159",371979,2025-06-15 12:01:04,42.4987106323242,-9.01473712921143,"Female"
"9004159",371979,2025-06-15 12:06:02,42.4987411499023,-9.01461029052734,"Female"
"9004159",371979,2025-06-15 12:11:07,42.4986953735352,-9.01461982727051,"Female"
"9004159",371979,2025-06-15 12:16:04,42.4987564086914,-9.01453590393066,"Female"
"9004159",371979,2025-06-15 12:21:07,42.498722076416,-9.01453018188477,"Female"
"9004159",371979,2025-06-15 12:26:12,42.4988746643066,-9.0144624710083,"Female"
"9004159",371979,2025-06-15 12:31:13,42.4986877441406,-9.01461124420166,"Female"
"9004159",371979,2025-06-15 12:36:02,42.498706817627,-9.01455593109131,"Female"
"9004159",371979,2025-06-15 12:41:02,42.4986381530762,-9.01446151733398,"Female"
"9004159",371979,2025-06-15 12:46:11,42.4986763000488,-9.01469898223877,"Female"
"9004159",371979,2025-06-15 12:51:04,42.4986610412598,-9.01473236083984,"Female"
"9004159",371979,2025-06-15 12:56:02,42.4986763000488,-9.01443958282471,"Female"
"9004159",371979,2025-06-15 13:01:06,42.498649597168,-9.01460933685303,"Female"
"9004159",371979,2025-06-15 13:06:04,42.4987030029297,-9.01478099822998,"Female"
"9004159",371979,2025-06-15 13:11:09,42.4986991882324,-9.01471328735352,"Female"
"9004159",371979,2025-06-15 13:16:10,42.4987258911133,-9.01455497741699,"Female"
"9004159",371979,2025-06-15 13:21:07,42.4986724853516,-9.01438999176025,"Female"
"9004159",371979,2025-06-15 13:26:09,42.4987106323242,-9.01444816589355,"Female"
"9004159",371979,2025-06-15 13:31:14,42.498722076416,-9.0145263671875,"Female"
"9004159",371979,2025-06-15 13:36:07,42.4987869262695,-9.0146656036377,"Female"
"9004159",371979,2025-06-15 13:41:08,42.498706817627,-9.01481342315674,"Female"
"9004159",371979,2025-06-15 13:46:13,42.4986953735352,-9.01476383209229,"Female"
"9004159",371979,2025-06-15 13:51:03,42.498706817627,-9.01482009887695,"Female"
"9004159",371979,2025-06-15 13:56:10,42.4985694885254,-9.01461029052734,"Female"
"9004159",371979,2025-06-15 14:01:33,42.4986457824707,-9.01472187042236,"Female"
"9004159",371979,2025-06-15 14:06:04,42.4985809326172,-9.01452922821045,"Female"
"9004159",371979,2025-06-15 14:11:03,42.4987182617188,-9.01469135284424,"Female"
"9004159",371979,2025-06-15 14:16:07,42.498722076416,-9.0146017074585,"Female"
"9004159",371979,2025-06-15 14:21:08,42.4986839294434,-9.01459312438965,"Female"
"9004159",371979,2025-06-15 14:26:03,42.498836517334,-9.01490879058838,"Female"
"9004159",371979,2025-06-15 14:31:03,42.4989585876465,-9.0145092010498,"Female"
"9004159",371979,2025-06-15 14:36:07,42.5027770996094,-9.02097702026367,"Female"
"9004159",371979,2025-06-15 14:41:51,42.5045318603516,-9.02091503143311,"Female"
"9004159",371979,2025-06-15 14:46:54,42.5056533813477,-9.02197551727295,"Female"
"9004159",371979,2025-06-15 14:52:25,42.5059623718262,-9.02242279052734,"Female"
"9004159",371979,2025-06-15 14:57:25,42.5080833435059,-9.016282081604,"Female"
"9004159",371979,2025-06-15 15:02:30,42.5078773498535,-9.01869106292725,"Female"
"9004159",371979,2025-06-15 15:07:30,42.5073699951172,-9.02109718322754,"Female"
"9004159",371979,2025-06-15 15:13:25,42.5053062438965,-9.02277660369873,"Female"
"9004159",371979,2025-06-15 15:18:37,42.5041351318359,-9.02285480499268,"Female"
"9004159",371979,2025-06-15 15:23:37,42.5058403015137,-9.02407836914062,"Female"
"9004159",371979,2025-06-15 15:33:36,42.5077362060547,-9.02161598205566,"Female"
"9004159",371979,2025-06-15 15:38:36,42.5086898803711,-9.01985454559326,"Female"
"9004159",371979,2025-06-15 15:43:36,42.5096130371094,-9.01838302612305,"Female"
"9004159",371979,2025-06-15 15:48:36,42.5107612609863,-9.01812076568604,"Female"
"9004159",371979,2025-06-15 15:53:40,42.5114822387695,-9.0167989730835,"Female"
"9004159",371979,2025-06-15 15:58:41,42.5122528076172,-9.01556205749512,"Female"
"9004159",371979,2025-06-15 16:03:40,42.5143928527832,-9.01032257080078,"Female"
"9004159",371979,2025-06-15 16:08:36,42.5144309997559,-9.01031017303467,"Female"
"9004159",371979,2025-06-15 16:13:38,42.5141105651855,-9.01009654998779,"Female"
"9004159",371979,2025-06-15 16:18:49,42.5142784118652,-9.01023292541504,"Female"
"9004159",371979,2025-06-15 16:23:37,42.5143928527832,-9.01028251647949,"Female"
"9004159",371979,2025-06-15 16:28:39,42.514347076416,-9.01024341583252,"Female"
"9004159",371979,2025-06-15 16:33:40,42.5142059326172,-9.01016998291016,"Female"
"9004159",371979,2025-06-15 16:38:40,42.5144462585449,-9.01030445098877,"Female"
"9004159",371979,2025-06-15 16:43:41,42.5144157409668,-9.0102481842041,"Female"
"9004159",371979,2025-06-15 16:48:45,42.514289855957,-9.01023197174072,"Female"
"9004159",371979,2025-06-15 16:53:43,42.514347076416,-9.01024723052979,"Female"
"9004159",371979,2025-06-15 16:58:43,42.5143699645996,-9.00988578796387,"Female"
"9004159",371979,2025-06-15 17:04:14,42.5143585205078,-9.01012992858887,"Female"
"9004159",371979,2025-06-15 17:08:37,42.5144996643066,-9.00979518890381,"Female"
"9004159",371979,2025-06-15 17:13:39,42.5144004821777,-9.01002216339111,"Female"
"9004159",371979,2025-06-15 17:18:39,42.5143737792969,-9.01005268096924,"Female"
"9004159",371979,2025-06-15 17:24:39,42.5093879699707,-9.01215553283691,"Female"
"9004159",371979,2025-06-15 17:29:37,42.5101661682129,-9.01446533203125,"Female"
"9004159",371979,2025-06-15 17:34:51,42.51123046875,-9.01688003540039,"Female"
"9004159",371979,2025-06-15 17:39:46,42.5119934082031,-9.01792240142822,"Female"
"9004159",371979,2025-06-15 17:44:47,42.5105667114258,-9.01823997497559,"Female"
"9004159",371979,2025-06-15 17:50:46,42.509838104248,-9.01969051361084,"Female"
"9004159",371979,2025-06-15 17:55:19,42.5086517333984,-9.02005958557129,"Female"
"9004159",371979,2025-06-15 18:00:45,42.5071792602539,-9.02085304260254,"Female"
"9004159",371979,2025-06-15 18:07:02,42.505802154541,-9.01979732513428,"Female"
"9004159",371979,2025-06-15 18:15:36,42.5048484802246,-9.02066516876221,"Female"
"9004159",371979,2025-06-15 18:20:24,42.5048484802246,-9.01944065093994,"Female"
"9004159",371979,2025-06-15 18:25:36,42.5047912597656,-9.02061176300049,"Female"
"9004159",371979,2025-06-15 18:30:54,42.5049781799316,-9.01896858215332,"Female"
"9004159",371979,2025-06-15 18:36:54,42.5034675598145,-9.01816463470459,"Female"
"9004159",371979,2025-06-15 18:41:48,42.5027351379395,-9.01873397827148,"Female"
"9004159",371979,2025-06-15 18:47:14,42.4889755249023,-8.99703407287598,"Female"
"9004159",371979,2025-06-15 18:51:43,42.4894332885742,-8.99673175811768,"Female"
"9004159",371979,2025-06-15 18:56:46,42.4890365600586,-8.99695682525635,"Female"
"9004159",371979,2025-06-15 19:01:56,42.488956451416,-8.99697589874268,"Female"
"9004159",371979,2025-06-15 19:06:45,42.488899230957,-8.99699783325195,"Female"
"9004159",371979,2025-06-15 19:11:51,42.4889106750488,-8.9970235824585,"Female"
"9004159",371979,2025-06-15 19:16:42,42.4885940551758,-8.99692153930664,"Female"
"9004159",371979,2025-06-15 19:21:43,42.4890975952148,-8.9970235824585,"Female"
"9004159",371979,2025-06-15 19:26:56,42.4888496398926,-8.99689960479736,"Female"
"9004159",371979,2025-06-15 19:32:05,42.4889221191406,-8.99706363677979,"Female"
"9004159",371979,2025-06-15 19:36:54,42.4889640808105,-8.99710655212402,"Female"
"9004159",371979,2025-06-15 19:42:05,42.4889755249023,-8.99709415435791,"Female"
"9004159",371979,2025-06-15 19:46:47,42.488883972168,-8.99723243713379,"Female"
"9004159",371979,2025-06-15 19:51:42,42.4889907836914,-8.99704170227051,"Female"
"9004159",371979,2025-06-15 19:56:45,42.4889183044434,-8.99708271026611,"Female"
"9004159",371979,2025-06-15 20:01:43,42.4890060424805,-8.99724864959717,"Female"
"9004159",371979,2025-06-15 20:06:44,42.4888877868652,-8.99719715118408,"Female"
"9004159",371979,2025-06-15 20:11:44,42.4889259338379,-8.99703025817871,"Female"
"9004159",371979,2025-06-15 20:16:46,42.4889945983887,-8.99691295623779,"Female"
"9004159",371979,2025-06-15 20:21:52,42.488956451416,-8.9971227645874,"Female"
"9004159",371979,2025-06-15 20:26:54,42.4889335632324,-8.99713325500488,"Female"
"9004159",371979,2025-06-15 20:31:54,42.4889526367188,-8.99707794189453,"Female"
"9004159",371979,2025-06-15 20:36:49,42.4889984130859,-8.99710273742676,"Female"
"9004159",371979,2025-06-15 20:41:54,42.4890823364258,-8.99702835083008,"Female"
"9004159",371979,2025-06-15 20:46:54,42.4889259338379,-8.99710369110107,"Female"
"9004159",371979,2025-06-15 20:51:45,42.4890174865723,-8.99720859527588,"Female"
"9004159",371979,2025-06-15 20:56:52,42.4889755249023,-8.99711036682129,"Female"
"9004159",371979,2025-06-15 21:01:49,42.4889335632324,-8.99706268310547,"Female"
"9004159",371979,2025-06-15 21:06:44,42.4890823364258,-8.99722480773926,"Female"
"9004159",371979,2025-06-15 21:11:51,42.4890251159668,-8.99693202972412,"Female"
"9004159",371979,2025-06-15 21:16:47,42.4893264770508,-8.99780082702637,"Female"
"9004159",371979,2025-06-15 21:21:48,42.4890251159668,-8.9970703125,"Female"
"9004159",371979,2025-06-15 21:26:46,42.4892387390137,-8.99747371673584,"Female"
"9004159",371979,2025-06-15 21:31:46,42.4892425537109,-8.99748229980469,"Female"
"9004159",371979,2025-06-15 21:36:46,42.4891624450684,-8.99728393554688,"Female"
"9004159",371979,2025-06-15 21:41:47,42.489128112793,-8.99739933013916,"Female"
"9004159",371979,2025-06-15 21:46:47,42.4891090393066,-8.99724292755127,"Female"
"9004159",371979,2025-06-15 21:51:50,42.4889755249023,-8.99700355529785,"Female"
"9004159",371979,2025-06-15 21:57:05,42.488956451416,-8.99704742431641,"Female"
"9004159",371979,2025-06-15 22:01:43,42.4889793395996,-8.99705123901367,"Female"
"9004159",371979,2025-06-15 22:06:41,42.4890556335449,-8.99709129333496,"Female"
"9004159",371979,2025-06-15 22:11:44,42.4887962341309,-8.99672508239746,"Female"
"9004159",371979,2025-06-15 22:16:42,42.4888572692871,-8.99687194824219,"Female"
"9004159",371979,2025-06-15 22:21:42,42.4888458251953,-8.99683094024658,"Female"
"9004159",371979,2025-06-15 22:26:42,42.4889717102051,-8.99703311920166,"Female"
"9004159",371979,2025-06-15 22:31:44,42.4890251159668,-8.99719524383545,"Female"
"9004159",371979,2025-06-15 22:36:44,42.4889945983887,-8.99713706970215,"Female"
"9004159",371979,2025-06-15 22:41:44,42.4892921447754,-8.99781131744385,"Female"
"9004159",371979,2025-06-15 22:46:43,42.488941192627,-8.99704551696777,"Female"
"9004159",371979,2025-06-15 22:51:52,42.4889602661133,-8.99705123901367,"Female"
"9004159",371979,2025-06-15 22:56:47,42.4890785217285,-8.9974365234375,"Female"
"9004159",371979,2025-06-15 23:01:47,42.4889221191406,-8.99704837799072,"Female"
"9004159",371979,2025-06-15 23:06:43,42.4891929626465,-8.9946174621582,"Female"
"9004159",371979,2025-06-15 23:11:43,42.4887008666992,-9.00055503845215,"Female"
"9004159",371979,2025-06-15 23:16:43,42.4887390136719,-8.99877166748047,"Female"
"9004159",371979,2025-06-15 23:21:55,42.488883972168,-8.99704360961914,"Female"
"9004159",371979,2025-06-15 23:26:43,42.4889678955078,-8.99665927886963,"Female"
"9004159",371979,2025-06-15 23:31:44,42.4889831542969,-8.99699687957764,"Female"
"9004159",371979,2025-06-15 23:37:14,42.4890365600586,-8.99700355529785,"Female"
"9004159",371979,2025-06-15 23:42:07,42.4890174865723,-8.99701118469238,"Female"
"9004159",371979,2025-06-15 23:47:14,42.4890480041504,-8.99699115753174,"Female"
"9004159",371979,2025-06-15 23:52:09,42.4891204833984,-8.99693202972412,"Female"
"9004159",371979,2025-06-15 23:57:03,42.4889869689941,-8.9970178604126,"Female"
"9004159",371979,2025-06-16 00:02:10,42.4890327453613,-8.9971227645874,"Female"
"9004159",371979,2025-06-16 00:07:02,42.4889068603516,-8.99692249298096,"Female"
"9004159",371979,2025-06-16 00:12:09,42.4890251159668,-8.99715328216553,"Female"
"9004159",371979,2025-06-16 00:17:07,42.4891052246094,-8.99695682525635,"Female"
"9004159",371979,2025-06-16 00:22:14,42.4890060424805,-8.99715042114258,"Female"
"9004159",371979,2025-06-16 00:27:06,42.4889907836914,-8.9972620010376,"Female"
"9004159",371979,2025-06-16 00:32:14,42.4890098571777,-8.99709701538086,"Female"
"9004159",371979,2025-06-16 00:37:07,42.488956451416,-8.99703979492188,"Female"
"9004159",371979,2025-06-16 00:42:09,42.4890403747559,-8.99708080291748,"Female"
"9004159",371979,2025-06-16 00:47:10,42.4889678955078,-8.99704933166504,"Female"
"9004159",371979,2025-06-16 00:52:07,42.4889945983887,-8.996994972229,"Female"
"9004159",371979,2025-06-16 00:57:09,42.4890441894531,-8.99716663360596,"Female"
"9004159",371979,2025-06-16 01:02:10,42.4889869689941,-8.99713897705078,"Female"
"9004159",371979,2025-06-16 01:07:10,42.4889717102051,-8.99697113037109,"Female"
"9004159",371979,2025-06-16 01:12:35,42.4889831542969,-8.99702835083008,"Female"
"9004159",371979,2025-06-16 01:17:02,42.4890060424805,-8.99706649780273,"Female"
"9004159",371979,2025-06-16 01:22:03,42.4889831542969,-8.99732685089111,"Female"
"9004159",371979,2025-06-16 01:27:06,42.4890022277832,-8.99699974060059,"Female"
"9004159",371979,2025-06-16 01:32:02,42.4890823364258,-8.99732112884521,"Female"
"9004159",371979,2025-06-16 01:37:06,42.4890022277832,-8.99708652496338,"Female"
"9004159",371979,2025-06-16 01:42:04,42.4889183044434,-8.99704360961914,"Female"
"9004159",371979,2025-06-16 01:47:35,42.4889373779297,-8.99703693389893,"Female"
"9004159",371979,2025-06-16 01:52:02,42.4891395568848,-8.99688053131104,"Female"
"9004159",371979,2025-06-16 01:57:02,42.4890975952148,-8.99691200256348,"Female"
"9004159",371979,2025-06-16 02:02:09,42.4890823364258,-8.99698257446289,"Female"
"9004159",371979,2025-06-16 02:07:04,42.4890403747559,-8.99703216552734,"Female"
"9004159",371979,2025-06-16 02:12:03,42.4889488220215,-8.99703788757324,"Female"
"9004159",371979,2025-06-16 02:17:09,42.4890060424805,-8.99707221984863,"Female"
"9004159",371979,2025-06-16 02:22:03,42.489128112793,-8.99714183807373,"Female"
"9004159",371979,2025-06-16 02:27:12,42.4891052246094,-8.99705982208252,"Female"
"9004159",371979,2025-06-16 02:32:11,42.4889793395996,-8.99715137481689,"Female"
"9004159",371979,2025-06-16 02:37:07,42.488941192627,-8.99727630615234,"Female"
"9004159",371979,2025-06-16 02:42:03,42.4886856079102,-8.99682235717773,"Female"
"9004159",371979,2025-06-16 02:47:06,42.4885482788086,-8.99674892425537,"Female"
"9004159",371979,2025-06-16 02:52:11,42.4889106750488,-8.99700546264648,"Female"
"9004159",371979,2025-06-16 02:57:10,42.4890441894531,-8.99703502655029,"Female"
"9004159",371979,2025-06-16 03:02:07,42.4887771606445,-8.99689674377441,"Female"
"9004159",371979,2025-06-16 03:07:10,42.4890937805176,-8.99706363677979,"Female"
"9004159",371979,2025-06-16 03:12:11,42.4890632629395,-8.99705219268799,"Female"
"9004159",371979,2025-06-16 03:17:03,42.4888496398926,-8.99694156646729,"Female"
"9004159",371979,2025-06-16 03:22:04,42.4889221191406,-8.9970178604126,"Female"
"9004159",371979,2025-06-16 03:27:08,42.4889678955078,-8.9970178604126,"Female"
"9004159",371979,2025-06-16 03:32:14,42.4889183044434,-8.99707889556885,"Female"
"9004159",371979,2025-06-16 03:37:04,42.4889831542969,-8.99703311920166,"Female"
"9004159",371979,2025-06-16 03:42:08,42.4890594482422,-8.99709033966064,"Female"
"9004159",371979,2025-06-16 03:47:04,42.489070892334,-8.99713897705078,"Female"
"9004159",371979,2025-06-16 03:52:07,42.4888877868652,-8.99699974060059,"Female"
"9004159",371979,2025-06-16 03:57:15,42.4890060424805,-8.99709415435791,"Female"
"9004159",371979,2025-06-16 04:02:35,42.4889793395996,-8.99710273742676,"Female"
"9004159",371979,2025-06-16 04:07:04,42.4889869689941,-8.99705028533936,"Female"
"9004159",371979,2025-06-16 04:12:03,42.4889717102051,-8.99705505371094,"Female"
"9004159",371979,2025-06-16 04:17:02,42.4889945983887,-8.99701690673828,"Female"
"9004159",371979,2025-06-16 04:22:03,42.4889755249023,-8.99702835083008,"Female"
"9004159",371979,2025-06-16 04:27:03,42.488941192627,-8.99709892272949,"Female"
"9004159",371979,2025-06-16 04:32:02,42.4890098571777,-8.99705410003662,"Female"
"9004159",371979,2025-06-16 04:37:02,42.4889488220215,-8.99704647064209,"Female"
"9004159",371979,2025-06-16 04:42:04,42.4889526367188,-8.99703979492188,"Female"
"9004159",371979,2025-06-16 04:47:03,42.4889945983887,-8.99706077575684,"Female"
"9004159",371979,2025-06-16 04:52:06,42.4890251159668,-8.99701976776123,"Female"
"9004159",371979,2025-06-16 04:57:07,42.4889259338379,-8.99717044830322,"Female"
"9004159",371979,2025-06-16 05:02:04,42.4889450073242,-8.99720668792725,"Female"
"9004159",371979,2025-06-16 05:07:04,42.4889945983887,-8.99712181091309,"Female"
"9004159",371979,2025-06-16 05:12:04,42.4891090393066,-8.99709320068359,"Female"
"9004159",371979,2025-06-16 05:17:04,42.4890365600586,-8.99708271026611,"Female"
"9004159",371979,2025-06-16 05:22:04,42.489185333252,-8.9971284866333,"Female"
"9004159",371979,2025-06-16 05:27:03,42.4891166687012,-8.99723434448242,"Female"
"9004159",371979,2025-06-16 05:32:06,42.489128112793,-8.99711990356445,"Female"
"9004159",371979,2025-06-16 05:37:03,42.4890899658203,-8.99722862243652,"Female"
"9004159",371979,2025-06-16 05:42:03,42.4889488220215,-8.99723339080811,"Female"
"9004159",371979,2025-06-16 05:47:04,42.4891242980957,-8.99720764160156,"Female"
"9004159",371979,2025-06-16 05:52:06,42.4890937805176,-8.99716186523438,"Female"
"9004159",371979,2025-06-16 05:57:04,42.4890213012695,-8.9972620010376,"Female"
"9004159",371979,2025-06-16 06:02:04,42.4889869689941,-8.99736404418945,"Female"
"9004159",371979,2025-06-16 06:07:03,42.4890060424805,-8.99725437164307,"Female"
"9004159",371979,2025-06-16 06:12:03,42.4889793395996,-8.99727916717529,"Female"
"9004159",371979,2025-06-16 06:17:03,42.4889755249023,-8.99728107452393,"Female"
"9004159",371979,2025-06-16 06:22:03,42.4890022277832,-8.99725246429443,"Female"
"9004159",371979,2025-06-16 06:27:03,42.4890441894531,-8.99726676940918,"Female"
"9004159",371979,2025-06-16 06:32:04,42.489128112793,-8.9972095489502,"Female"
"9004159",371979,2025-06-16 06:37:03,42.4889907836914,-8.99721717834473,"Female"
"9004159",371979,2025-06-16 06:42:03,42.4890365600586,-8.99719142913818,"Female"
"9004159",371979,2025-06-16 06:47:03,42.4890785217285,-8.99715137481689,"Female"
"9004159",371979,2025-06-16 06:52:03,42.4890632629395,-8.99718379974365,"Female"
"9004159",371979,2025-06-16 06:57:03,42.4895133972168,-8.9971170425415,"Female"
"9004159",371979,2025-06-16 07:02:03,42.4894104003906,-8.9971981048584,"Female"
"9004159",371979,2025-06-16 07:07:04,42.4891891479492,-8.99744701385498,"Female"
"9004159",371979,2025-06-16 07:12:03,42.4893112182617,-8.99719047546387,"Female"
"9004159",371979,2025-06-16 07:17:04,42.4889526367188,-8.99697303771973,"Female"
"9004159",371979,2025-06-16 07:22:04,42.4889984130859,-8.99699211120605,"Female"
"9004159",371979,2025-06-16 07:27:03,42.4887046813965,-8.99742603302002,"Female"
"9004159",371979,2025-06-16 07:32:03,42.489013671875,-8.99715614318848,"Female"
"9004159",371979,2025-06-16 07:37:03,42.4973030090332,-9.01002502441406,"Female"
"9004159",371979,2025-06-16 07:42:04,42.5075340270996,-9.019118309021,"Female"
"9004159",371979,2025-06-16 07:47:34,42.5091438293457,-9.02051544189453,"Female"
"9004159",371979,2025-06-16 07:53:21,42.5097122192383,-9.01954174041748,"Female"
"9004159",371979,2025-06-16 07:58:20,42.5087394714355,-9.01936626434326,"Female"
"9004159",371979,2025-06-16 08:03:21,42.5090942382812,-9.0225715637207,"Female"
"9004159",371979,2025-06-16 08:08:20,42.5081214904785,-9.02046966552734,"Female"
"9004159",371979,2025-06-16 08:13:49,42.508617401123,-9.0197811126709,"Female"
"9004159",371979,2025-06-16 08:19:24,42.513069152832,-9.0161247253418,"Female"
"9004159",371979,2025-06-16 08:24:24,42.512580871582,-9.01663112640381,"Female"
"9004159",371979,2025-06-16 08:29:24,42.5141448974609,-9.01026153564453,"Female"
"9004159",371979,2025-06-16 08:34:24,42.5142974853516,-9.01034259796143,"Female"
"9004159",371979,2025-06-16 08:39:24,42.5142135620117,-9.01019191741943,"Female"
"9004159",371979,2025-06-16 08:44:24,42.5141868591309,-9.0103645324707,"Female"
"9004159",371979,2025-06-16 08:49:24,42.5141868591309,-9.01022529602051,"Female"
"9004159",371979,2025-06-16 08:54:24,42.5141944885254,-9.01032257080078,"Female"
"9004159",371979,2025-06-16 08:59:24,42.5142631530762,-9.01024627685547,"Female"
"9004159",371979,2025-06-16 09:04:25,42.5141754150391,-9.01015472412109,"Female"
"9004159",371979,2025-06-16 09:09:24,42.5142021179199,-9.0101900100708,"Female"
"9004159",371979,2025-06-16 09:14:24,42.5142250061035,-9.01014614105225,"Female"
"9004159",371979,2025-06-16 09:19:24,42.5141830444336,-9.01016235351562,"Female"
"9004159",371979,2025-06-16 09:24:24,42.5142707824707,-9.01016044616699,"Female"
"9004159",371979,2025-06-16 09:29:24,42.5142364501953,-9.01000881195068,"Female"
"9004159",371979,2025-06-16 09:34:25,42.514274597168,-9.01011848449707,"Female"
"9004159",371979,2025-06-16 09:39:24,42.514274597168,-9.01013851165771,"Female"
"9004159",371979,2025-06-16 09:44:24,42.5142860412598,-9.01005077362061,"Female"
"9004159",371979,2025-06-16 09:49:23,42.5143737792969,-9.01016998291016,"Female"
"9004159",371979,2025-06-16 09:54:24,42.5144004821777,-9.01012516021729,"Female"
"9004159",371979,2025-06-16 09:59:28,42.5141220092773,-9.0095100402832,"Female"
"9004159",371979,2025-06-16 10:04:24,42.5143013000488,-9.01013565063477,"Female"
"9004159",371979,2025-06-16 10:09:25,42.514461517334,-9.01011562347412,"Female"
"9004159",371979,2025-06-16 10:14:25,42.5146408081055,-9.01018333435059,"Female"
"9004159",371979,2025-06-16 10:19:25,42.514347076416,-9.01004028320312,"Female"
"9004159",371979,2025-06-16 10:24:24,42.5144195556641,-9.00994968414307,"Female"
"9004159",371979,2025-06-16 10:29:25,42.5141677856445,-9.01004695892334,"Female"
"9004159",371979,2025-06-16 10:34:24,42.5144309997559,-9.01001453399658,"Female"
"9004159",371979,2025-06-16 10:39:24,42.5143623352051,-9.00944995880127,"Female"
"9004159",371979,2025-06-16 10:44:24,42.514289855957,-9.00995635986328,"Female"
"9004159",371979,2025-06-16 10:49:25,42.5141944885254,-9.00991916656494,"Female"
"9004159",371979,2025-06-16 10:54:24,42.5143089294434,-9.00938320159912,"Female"
"9004159",371979,2025-06-16 10:59:24,42.5141372680664,-9.01006698608398,"Female"
"9004159",371979,2025-06-16 11:04:24,42.5142135620117,-9.00985717773438,"Female"
"9004159",371979,2025-06-16 11:09:24,42.5067138671875,-9.0188102722168,"Female"
"9004159",371979,2025-06-16 11:15:17,42.5070381164551,-9.02193737030029,"Female"
"9004159",371979,2025-06-16 11:20:17,42.5054931640625,-9.02344226837158,"Female"
"9004159",371979,2025-06-16 11:25:17,42.5042114257812,-9.02397727966309,"Female"
"9004159",371979,2025-06-16 11:30:53,42.5022926330566,-9.02277374267578,"Female"
"9004159",371979,2025-06-16 11:36:13,42.4989700317383,-9.02203464508057,"Female"
"9004159",371979,2025-06-16 11:41:13,42.5058364868164,-9.01820850372314,"Female"
"9004159",371979,2025-06-16 11:46:13,42.5064430236816,-9.02129077911377,"Female"
"9004159",371979,2025-06-16 11:51:50,42.5077934265137,-9.02285575866699,"Female"
"9004159",371979,2025-06-16 11:57:03,42.5040550231934,-9.01955318450928,"Female"
"9004159",371979,2025-06-16 12:02:22,42.5029144287109,-9.0201940536499,"Female"
"9004159",371979,2025-06-16 12:07:22,42.5090408325195,-9.01874446868896,"Female"
"9004159",371979,2025-06-16 12:12:22,42.5099258422852,-9.01799297332764,"Female"
"9004159",371979,2025-06-16 12:17:22,42.511157989502,-9.01594829559326,"Female"
"9004159",371979,2025-06-16 12:22:23,42.5105934143066,-9.01745986938477,"Female"
"9004159",371979,2025-06-16 12:27:22,42.5142250061035,-9.00984477996826,"Female"
"9004159",371979,2025-06-16 12:32:22,42.5141220092773,-9.01000881195068,"Female"
"9004159",371979,2025-06-16 12:37:22,42.5141372680664,-9.00994491577148,"Female"
"9004159",371979,2025-06-16 12:42:22,42.5140075683594,-9.00998592376709,"Female"
"9004159",371979,2025-06-16 12:47:22,42.5141372680664,-9.00996875762939,"Female"
"9004159",371979,2025-06-16 12:52:22,42.5141410827637,-9.0100154876709,"Female"
"9004159",371979,2025-06-16 12:57:22,42.5143547058105,-9.00996112823486,"Female"
"9004159",371979,2025-06-16 13:03:14,42.5117301940918,-9.01220512390137,"Female"
"9004159",371979,2025-06-16 13:08:20,42.51220703125,-9.01439094543457,"Female"
"9004159",371979,2025-06-16 13:13:36,42.5121917724609,-9.01666641235352,"Female"
"9004159",371979,2025-06-16 13:18:36,42.5103492736816,-9.01980209350586,"Female"
"9004159",371979,2025-06-16 13:23:36,42.511287689209,-9.01912689208984,"Female"
"9004159",371979,2025-06-16 13:28:46,42.5109481811523,-9.01709461212158,"Female"
"9004159",371979,2025-06-16 13:33:47,42.5146141052246,-9.01149559020996,"Female"
"9004159",371979,2025-06-16 13:38:46,42.5143547058105,-9.01149368286133,"Female"
"9004159",371979,2025-06-16 13:43:46,42.5143928527832,-9.01153182983398,"Female"
"9004159",371979,2025-06-16 13:48:46,42.5143547058105,-9.01153945922852,"Female"
"9004159",371979,2025-06-16 13:53:46,42.514274597168,-9.01156520843506,"Female"
"9004159",371979,2025-06-16 13:58:48,42.5141296386719,-9.01154327392578,"Female"
"9004159",371979,2025-06-16 14:03:47,42.5143585205078,-9.01147270202637,"Female"
"9004159",371979,2025-06-16 14:08:46,42.5143966674805,-9.0116138458252,"Female"
"9004159",371979,2025-06-16 14:13:49,42.5147972106934,-9.01205444335938,"Female"
"9004159",371979,2025-06-16 14:18:46,42.5141067504883,-9.01159477233887,"Female"
"9004159",371979,2025-06-16 14:23:46,42.5141639709473,-9.01158809661865,"Female"
"9004159",371979,2025-06-16 14:28:48,42.5173530578613,-9.01391696929932,"Female"
"9004159",371979,2025-06-16 14:33:47,42.516040802002,-9.01429748535156,"Female"
"9004159",371979,2025-06-16 14:38:47,42.5148696899414,-9.01544570922852,"Female"
"9004159",371979,2025-06-16 14:43:48,42.5130500793457,-9.01652050018311,"Female"
"9004159",371979,2025-06-16 14:48:47,42.5109748840332,-9.01625728607178,"Female"
"9004159",371979,2025-06-16 14:54:25,42.5104522705078,-9.01891994476318,"Female"
"9004159",371979,2025-06-16 15:00:25,42.5087585449219,-9.01974582672119,"Female"
"9004159",371979,2025-06-16 15:05:21,42.5097541809082,-9.02042484283447,"Female"
"9004159",371979,2025-06-16 15:11:21,42.5089797973633,-9.01831531524658,"Female"
"9004159",371979,2025-06-16 15:16:30,42.5093574523926,-9.01728439331055,"Female"
"9004159",371979,2025-06-16 15:22:04,42.5089302062988,-9.01422214508057,"Female"
"9004159",371979,2025-06-16 15:27:24,42.5081939697266,-9.01394462585449,"Female"
"9004159",371979,2025-06-16 15:33:11,42.5076560974121,-9.0158224105835,"Female"
"9004159",371979,2025-06-16 15:38:56,42.5058059692383,-9.0143575668335,"Female"
"9004159",371979,2025-06-16 15:43:55,42.4986610412598,-9.01470184326172,"Female"
"9004159",371979,2025-06-16 15:48:56,42.4986572265625,-9.01469421386719,"Female"
"9004159",371979,2025-06-16 15:53:56,42.4986534118652,-9.01468753814697,"Female"
"9004159",371979,2025-06-16 15:58:55,42.498649597168,-9.01466751098633,"Female"
"9004159",371979,2025-06-16 16:03:55,42.4986228942871,-9.01469612121582,"Female"
"9004159",371979,2025-06-16 16:08:57,42.4986343383789,-9.01469898223877,"Female"
"9004159",371979,2025-06-16 16:13:54,42.4986534118652,-9.01468753814697,"Female"
"9004159",371979,2025-06-16 16:18:54,42.4986419677734,-9.01466274261475,"Female"
"9004159",371979,2025-06-16 16:23:54,42.4986114501953,-9.01473522186279,"Female"
"9004159",371979,2025-06-16 16:28:54,42.4986190795898,-9.01465892791748,"Female"
"9004159",371979,2025-06-16 16:33:56,42.4986572265625,-9.01470375061035,"Female"
"9004159",371979,2025-06-16 16:38:57,42.4987144470215,-9.01449871063232,"Female"
"9004159",371979,2025-06-16 16:43:57,42.4987678527832,-9.01446723937988,"Female"
"9004159",371979,2025-06-16 16:48:57,42.4987907409668,-9.01444435119629,"Female"
"9004159",371979,2025-06-16 16:53:59,42.4987716674805,-9.01451873779297,"Female"
"9004159",371979,2025-06-16 16:58:58,42.4989814758301,-9.01436996459961,"Female"
"9004159",371979,2025-06-16 17:04:00,42.4989967346191,-9.01428890228271,"Female"
"9004159",371979,2025-06-16 17:08:57,42.4987831115723,-9.01443767547607,"Female"
"9004159",371979,2025-06-16 17:13:55,42.4984931945801,-9.0149974822998,"Female"
"9004159",371979,2025-06-16 17:18:55,42.498462677002,-9.0147066116333,"Female"
"9004159",371979,2025-06-16 17:23:56,42.498607635498,-9.01472949981689,"Female"
"9004159",371979,2025-06-16 17:28:56,42.4984436035156,-9.01464462280273,"Female"
"9004159",371979,2025-06-16 17:33:56,42.4990272521973,-9.01444530487061,"Female"
"9004159",371979,2025-06-16 17:38:54,42.4989471435547,-9.01447010040283,"Female"
"9004159",371979,2025-06-16 17:43:54,42.4989776611328,-9.01445960998535,"Female"
"9004159",371979,2025-06-16 17:48:57,42.4978675842285,-9.01463794708252,"Female"
"9004159",371979,2025-06-16 17:53:58,42.5010299682617,-9.0173168182373,"Female"
"9004159",371979,2025-06-16 17:59:45,42.5024108886719,-9.0190601348877,"Female"
"9004159",371979,2025-06-16 18:04:45,42.5063629150391,-9.02051544189453,"Female"
"9004159",371979,2025-06-16 18:11:03,42.5055389404297,-9.02225303649902,"Female"
"9004159",371979,2025-06-16 18:16:01,42.5080032348633,-9.02053451538086,"Female"
"9004159",371979,2025-06-16 18:21:20,42.5096130371094,-9.01905918121338,"Female"
"9004159",371979,2025-06-16 18:27:37,42.511344909668,-9.01811504364014,"Female"
"9004159",371979,2025-06-16 18:33:01,42.5104904174805,-9.0171365737915,"Female"
"9004159",371979,2025-06-16 18:38:09,42.5018653869629,-9.0169506072998,"Female"
"9004159",371979,2025-06-16 18:44:13,42.5011138916016,-9.01937770843506,"Female"
"9004159",371979,2025-06-16 18:49:15,42.499626159668,-9.01819229125977,"Female"
"9004159",371979,2025-06-16 18:54:13,42.4903755187988,-8.99792671203613,"Female"
"9004159",371979,2025-06-16 18:59:15,42.4893341064453,-8.99732398986816,"Female"
"9004159",371979,2025-06-16 19:04:14,42.4892921447754,-8.99731636047363,"Female"
"9004159",371979,2025-06-16 19:09:13,42.4893035888672,-8.99727249145508,"Female"
"9004159",371979,2025-06-16 19:14:13,42.4893531799316,-8.99729251861572,"Female"
"9004159",371979,2025-06-16 19:19:14,42.4893760681152,-8.99723052978516,"Female"
"9004159",371979,2025-06-16 19:24:14,42.4893760681152,-8.99730587005615,"Female"
"9004159",371979,2025-06-16 19:29:14,42.4893035888672,-8.99732685089111,"Female"
"9004159",371979,2025-06-16 19:34:13,42.4891548156738,-8.99715137481689,"Female"
"9004159",371979,2025-06-16 19:39:15,42.4892387390137,-8.99715805053711,"Female"
"9004159",371979,2025-06-16 19:44:16,42.4893188476562,-8.99749374389648,"Female"
"9004159",371979,2025-06-16 19:49:16,42.489070892334,-8.99718952178955,"Female"
"9004159",371979,2025-06-16 19:54:14,42.4880065917969,-8.99746036529541,"Female"
"9004159",371979,2025-06-16 19:59:22,42.4888343811035,-8.99728965759277,"Female"
"9004159",371979,2025-06-16 20:04:30,42.4882125854492,-8.99782371520996,"Female"
"9004159",371979,2025-06-16 20:09:13,42.4885711669922,-8.99732971191406,"Female"
"9004159",371979,2025-06-16 20:14:17,42.4885597229004,-8.99733638763428,"Female"
"9004159",371979,2025-06-16 20:19:24,42.4885025024414,-8.99687480926514,"Female"
"9004159",371979,2025-06-16 20:24:14,42.4889183044434,-8.996994972229,"Female"
"9004159",371979,2025-06-16 20:29:14,42.4888801574707,-8.99676132202148,"Female"
"9004159",371979,2025-06-16 20:34:13,42.4888496398926,-8.99690914154053,"Female"
"9004159",371979,2025-06-16 20:39:15,42.4888610839844,-8.99649238586426,"Female"
"9004159",371979,2025-06-16 20:44:16,42.4886779785156,-8.99681758880615,"Female"
"9004159",371979,2025-06-16 20:49:17,42.4886169433594,-8.99661064147949,"Female"
"9004159",371979,2025-06-16 20:54:17,42.4883995056152,-8.99664783477783,"Female"
"9004159",371979,2025-06-16 20:59:13,42.4889068603516,-8.99682998657227,"Female"
"9004159",371979,2025-06-16 21:04:16,42.488899230957,-8.99671649932861,"Female"
"9004159",371979,2025-06-16 21:09:14,42.4889602661133,-8.99688816070557,"Female"
"9004159",371979,2025-06-16 21:14:15,42.4891242980957,-8.99681186676025,"Female"
"9004159",371979,2025-06-16 21:19:15,42.4892501831055,-8.99687957763672,"Female"
"9004159",371979,2025-06-16 21:24:16,42.4890480041504,-8.99696731567383,"Female"
"9004159",371979,2025-06-16 21:29:17,42.4891471862793,-8.9969425201416,"Female"
"9004159",371979,2025-06-16 21:34:22,42.4889907836914,-8.99680519104004,"Female"
"9004159",371979,2025-06-16 21:39:13,42.4893264770508,-8.99689292907715,"Female"
"9004159",371979,2025-06-16 21:44:14,42.4894943237305,-8.99702930450439,"Female"
"9004159",371979,2025-06-16 21:49:13,42.4896697998047,-8.9971809387207,"Female"
"9004159",371979,2025-06-16 21:54:15,42.489803314209,-8.9973316192627,"Female"
"9004159",371979,2025-06-16 21:59:13,42.4897956848145,-8.99740886688232,"Female"
"9004159",371979,2025-06-16 22:04:13,42.489933013916,-8.99762344360352,"Female"
"9004159",371979,2025-06-16 22:09:14,42.4893608093262,-8.99692153930664,"Female"
"9004159",371979,2025-06-16 22:14:13,42.4893112182617,-8.99683570861816,"Female"
"9004159",371979,2025-06-16 22:19:14,42.4893341064453,-8.996826171875,"Female"
"9004159",371979,2025-06-16 22:24:14,42.4893264770508,-8.9968433380127,"Female"
"9004159",371979,2025-06-16 22:29:13,42.489330291748,-8.99684238433838,"Female"
"9004159",371979,2025-06-16 22:34:14,42.4893226623535,-8.99687480926514,"Female"
"9004159",371979,2025-06-16 22:39:14,42.4890365600586,-8.99664878845215,"Female"
"9004159",371979,2025-06-16 22:44:14,42.4892959594727,-8.99678039550781,"Female"
"9004159",371979,2025-06-16 22:49:14,42.4892692565918,-8.99684810638428,"Female"
"9004159",371979,2025-06-16 22:54:14,42.4891395568848,-8.99678993225098,"Female"
"9004159",371979,2025-06-16 22:59:14,42.489128112793,-8.99682140350342,"Female"
"9004159",371979,2025-06-16 23:04:14,42.4892272949219,-8.99676132202148,"Female"
"9004159",371979,2025-06-16 23:09:13,42.4891471862793,-8.99688911437988,"Female"
"9004159",371979,2025-06-16 23:14:15,42.4886245727539,-8.99700736999512,"Female"
"9004159",371979,2025-06-16 23:19:15,42.489200592041,-8.99704456329346,"Female"
"9004159",371979,2025-06-16 23:24:14,42.4892845153809,-8.99679565429688,"Female"
"9004159",371979,2025-06-16 23:29:15,42.4892578125,-8.9969367980957,"Female"
"9004159",371979,2025-06-16 23:34:17,42.4891014099121,-8.99739933013916,"Female"
"9004159",371979,2025-06-16 23:39:14,42.4891700744629,-8.99699687957764,"Female"
"9004159",371979,2025-06-16 23:44:16,42.4891662597656,-8.99697494506836,"Female"
"9004159",371979,2025-06-16 23:49:16,42.489143371582,-8.99697685241699,"Female"
"9004159",371979,2025-06-16 23:54:17,42.4891204833984,-8.99691867828369,"Female"
"9004159",371979,2025-06-16 23:59:24,42.4889488220215,-8.99703598022461,"Female"
"9004159",371979,2025-06-17 00:04:14,42.4887580871582,-8.99703693389893,"Female"
"9004159",371979,2025-06-17 00:09:16,42.4889259338379,-8.9970235824585,"Female"
"9004159",371979,2025-06-17 00:14:15,42.4889755249023,-8.99718761444092,"Female"
"9004159",371979,2025-06-17 00:19:16,42.4890823364258,-8.99731159210205,"Female"
"9004159",371979,2025-06-17 00:24:15,42.4888229370117,-8.99676895141602,"Female"
"9004159",371979,2025-06-17 00:29:15,42.4890365600586,-8.99727535247803,"Female"
"9004159",371979,2025-06-17 00:34:15,42.4890899658203,-8.99738311767578,"Female"
"9004159",371979,2025-06-17 00:39:15,42.4890747070312,-8.99724674224854,"Female"
"9004159",371979,2025-06-17 00:44:13,42.4891395568848,-8.99745178222656,"Female"
"9004159",371979,2025-06-17 00:49:14,42.4893188476562,-8.9980525970459,"Female"
"9004159",371979,2025-06-17 00:54:15,42.4893531799316,-8.99816226959229,"Female"
"9004159",371979,2025-06-17 00:59:18,42.4892120361328,-8.9979076385498,"Female"
"9004159",371979,2025-06-17 01:04:19,42.4888916015625,-8.99678134918213,"Female"
"9004159",371979,2025-06-17 01:09:18,42.4893684387207,-8.9984769821167,"Female"
"9004159",371979,2025-06-17 01:14:19,42.4890480041504,-8.99716091156006,"Female"
"9004159",371979,2025-06-17 01:19:19,42.4890899658203,-8.99738025665283,"Female"
"9004159",371979,2025-06-17 01:24:16,42.4890594482422,-8.9973201751709,"Female"
"9004159",371979,2025-06-17 01:29:14,42.4891777038574,-8.99733066558838,"Female"
"9004159",371979,2025-06-17 01:34:14,42.4891548156738,-8.99694061279297,"Female"
"9004159",371979,2025-06-17 01:39:13,42.4892539978027,-8.99676418304443,"Female"
"9004159",371979,2025-06-17 01:44:14,42.489086151123,-8.99701499938965,"Female"
"9004159",371979,2025-06-17 01:49:14,42.489200592041,-8.99689102172852,"Female"
"9004159",371979,2025-06-17 01:54:14,42.4891471862793,-8.99676132202148,"Female"
"9004159",371979,2025-06-17 01:59:18,42.4887428283691,-8.99738597869873,"Female"
"9004159",371979,2025-06-17 02:04:16,42.4887504577637,-8.99734306335449,"Female"
"9004159",371979,2025-06-17 02:09:15,42.4887771606445,-8.99740409851074,"Female"
"9004159",371979,2025-06-17 02:14:15,42.4888496398926,-8.99730396270752,"Female"
"9004159",371979,2025-06-17 02:19:14,42.488826751709,-8.99729061126709,"Female"
"9004159",371979,2025-06-17 02:24:14,42.4889106750488,-8.99721908569336,"Female"
"9004159",371979,2025-06-17 02:29:16,42.4888458251953,-8.99729442596436,"Female"
"9004159",371979,2025-06-17 02:34:13,42.4888687133789,-8.9973201751709,"Female"
"9004159",371979,2025-06-17 02:39:15,42.4888381958008,-8.99725151062012,"Female"
"9004159",371979,2025-06-17 02:44:13,42.488883972168,-8.99721717834473,"Female"
"9004159",371979,2025-06-17 02:49:13,42.4888534545898,-8.99717140197754,"Female"
"9004159",371979,2025-06-17 02:54:14,42.4888343811035,-8.99717235565186,"Female"
"9004159",371979,2025-06-17 02:59:13,42.4888076782227,-8.99716949462891,"Female"
"9004159",371979,2025-06-17 03:04:13,42.4887542724609,-8.99709224700928,"Female"
"9004159",371979,2025-06-17 03:09:13,42.4888114929199,-8.99703693389893,"Female"
"9004159",371979,2025-06-17 03:14:14,42.4886856079102,-8.99692630767822,"Female"
"9004159",371979,2025-06-17 03:19:13,42.4887046813965,-8.99694442749023,"Female"
"9004159",371979,2025-06-17 03:24:13,42.4887580871582,-8.99689769744873,"Female"
"9004159",371979,2025-06-17 03:29:14,42.4892997741699,-8.99750900268555,"Female"
"9004159",371979,2025-06-17 03:34:14,42.4893531799316,-8.99752330780029,"Female"
"9004159",371979,2025-06-17 03:39:14,42.489330291748,-8.99749374389648,"Female"
"9004159",371979,2025-06-17 03:44:16,42.4894371032715,-8.997483253479,"Female"
"9004159",371979,2025-06-17 03:49:13,42.4885482788086,-8.99886512756348,"Female"
"9004159",371979,2025-06-17 03:54:14,42.4891510009766,-8.9973087310791,"Female"
"9004159",371979,2025-06-17 03:59:14,42.4889526367188,-8.99763011932373,"Female"
"9004159",371979,2025-06-17 04:04:14,42.4890289306641,-8.99749851226807,"Female"
"9004159",371979,2025-06-17 04:09:13,42.4890441894531,-8.99752140045166,"Female"
"9004159",371979,2025-06-17 04:14:24,42.4893569946289,-8.99701976776123,"Female"
"9004159",371979,2025-06-17 04:19:18,42.4889717102051,-8.99748134613037,"Female"
"9004159",371979,2025-06-17 04:24:14,42.4889984130859,-8.99732398986816,"Female"
"9004159",371979,2025-06-17 04:29:14,42.4891395568848,-8.99726581573486,"Female"
"9004159",371979,2025-06-17 04:34:17,42.4890098571777,-8.99741458892822,"Female"
"9004159",371979,2025-06-17 04:39:39,42.4894065856934,-8.99762725830078,"Female"
"9004159",371979,2025-06-17 04:44:19,42.4891624450684,-8.99701118469238,"Female"
"9004159",371979,2025-06-17 04:49:16,42.4889869689941,-8.99710369110107,"Female"
"9004159",371979,2025-06-17 04:54:14,42.4889259338379,-8.99701499938965,"Female"
"9004159",371979,2025-06-17 04:59:14,42.4889640808105,-8.99707508087158,"Female"
"9004159",371979,2025-06-17 05:04:13,42.4890060424805,-8.9968318939209,"Female"
"9004159",371979,2025-06-17 05:09:13,42.4890251159668,-8.996901512146,"Female"
"9004159",371979,2025-06-17 05:14:35,42.4889526367188,-8.9968843460083,"Female"
"9004159",371979,2025-06-17 05:19:13,42.4889030456543,-8.99684906005859,"Female"
"9004159",371979,2025-06-17 05:24:13,42.4889450073242,-8.99695491790771,"Female"
"9004159",371979,2025-06-17 05:29:13,42.488941192627,-8.99695110321045,"Female"
"9004159",371979,2025-06-17 05:34:13,42.4889526367188,-8.99694633483887,"Female"
"9004159",371979,2025-06-17 05:39:13,42.4889335632324,-8.99691867828369,"Female"
"9004159",371979,2025-06-17 05:44:15,42.4888610839844,-8.99695205688477,"Female"
"9004159",371979,2025-06-17 05:49:13,42.488826751709,-8.99683094024658,"Female"
"9004159",371979,2025-06-17 05:54:14,42.488826751709,-8.99690628051758,"Female"
"9004159",371979,2025-06-17 05:59:15,42.488899230957,-8.99705696105957,"Female"
"9004159",371979,2025-06-17 06:04:15,42.4888801574707,-8.99691200256348,"Female"
"9004159",371979,2025-06-17 06:09:13,42.4888687133789,-8.99695110321045,"Female"
"9004159",371979,2025-06-17 06:14:13,42.48876953125,-8.99680042266846,"Female"
"9004159",371979,2025-06-17 06:19:13,42.4888381958008,-8.99683475494385,"Female"
"9004159",371979,2025-06-17 06:24:16,42.4889945983887,-8.99725914001465,"Female"
"9004159",371979,2025-06-17 06:29:16,42.505241394043,-9.00865364074707,"Female"
"9004159",371979,2025-06-17 06:34:14,42.505126953125,-9.00841331481934,"Female"
"9004159",371979,2025-06-17 06:39:35,42.5051956176758,-9.008469581604,"Female"
"9004159",371979,2025-06-17 06:44:14,42.505298614502,-9.00860691070557,"Female"
"9004159",371979,2025-06-17 06:49:13,42.505428314209,-9.00883388519287,"Female"
"9004159",371979,2025-06-17 06:54:52,42.5098686218262,-9.01965236663818,"Female"
"9004159",371979,2025-06-17 06:59:57,42.508975982666,-9.020432472229,"Female"
"9004159",371979,2025-06-17 07:04:56,42.509765625,-9.02035331726074,"Female"
"9004159",371979,2025-06-17 07:09:57,42.5114479064941,-9.01796817779541,"Female"
"9004159",371979,2025-06-17 07:15:36,42.5115509033203,-9.0164213180542,"Female"
"9004159",371979,2025-06-17 07:20:37,42.5123825073242,-9.01469802856445,"Female"
"9004159",371979,2025-06-17 07:25:36,42.5145378112793,-9.01048564910889,"Female"
"9004159",371979,2025-06-17 07:30:35,42.5143089294434,-9.01024913787842,"Female"
"9004159",371979,2025-06-17 07:35:35,42.5144004821777,-9.01051712036133,"Female"
"9004159",371979,2025-06-17 07:40:36,42.5142974853516,-9.01030445098877,"Female"
"9004159",371979,2025-06-17 07:45:36,42.5143051147461,-9.01034259796143,"Female"
"9004159",371979,2025-06-17 07:50:35,42.5144119262695,-9.01051425933838,"Female"
"9004159",371979,2025-06-17 07:55:41,42.5109825134277,-9.01428699493408,"Female"
"9004159",371979,2025-06-17 08:01:00,42.5124664306641,-9.01421356201172,"Female"
"9004159",371979,2025-06-17 08:06:01,42.5105819702148,-9.01682090759277,"Female"
"9004159",371979,2025-06-17 08:11:59,42.5106353759766,-9.01495265960693,"Female"
"9004159",371979,2025-06-17 08:16:57,42.5089645385742,-9.01386547088623,"Female"
"9004159",371979,2025-06-17 08:22:21,42.5084075927734,-9.01603031158447,"Female"
"9004159",371979,2025-06-17 08:28:20,42.5088691711426,-9.01717472076416,"Female"
"9004159",371979,2025-06-17 08:34:23,42.5078506469727,-9.01604080200195,"Female"
"9004159",371979,2025-06-17 08:39:23,42.4987030029297,-9.01490688323975,"Female"
"9004159",371979,2025-06-17 08:44:23,42.4986190795898,-9.01480770111084,"Female"
"9004159",371979,2025-06-17 08:49:23,42.4983139038086,-9.01484966278076,"Female"
"9004159",371979,2025-06-17 08:54:26,42.498664855957,-9.01469135284424,"Female"
"9004159",371979,2025-06-17 08:59:24,42.4986000061035,-9.01468467712402,"Female"
"9004159",371979,2025-06-17 09:04:24,42.498706817627,-9.01461410522461,"Female"
"9004159",371979,2025-06-17 09:09:24,42.4986114501953,-9.01455402374268,"Female"
"9004159",371979,2025-06-17 09:14:27,42.498649597168,-9.01455402374268,"Female"
"9004159",371979,2025-06-17 09:19:29,42.4987449645996,-9.01446342468262,"Female"
"9004159",371979,2025-06-17 09:24:25,42.4988632202148,-9.01442813873291,"Female"
"9004159",371979,2025-06-17 09:29:30,42.498893737793,-9.01443767547607,"Female"
"9004159",371979,2025-06-17 09:34:29,42.4991111755371,-9.01453113555908,"Female"
"9004159",371979,2025-06-17 09:39:33,42.4985847473145,-9.01449298858643,"Female"
"9004159",371979,2025-06-17 09:44:24,42.498706817627,-9.01440143585205,"Female"
"9004159",371979,2025-06-17 09:49:43,42.5055122375488,-9.01972579956055,"Female"
"9004159",371979,2025-06-17 09:56:29,42.5078964233398,-9.01630115509033,"Female"
"9004159",371979,2025-06-17 10:01:29,42.5068855285645,-9.01689910888672,"Female"
"9004159",371979,2025-06-17 10:06:28,42.5062637329102,-9.01546382904053,"Female"
"9004159",371979,2025-06-17 10:11:31,42.5050239562988,-9.01574516296387,"Female"
"9004159",371979,2025-06-17 10:16:38,42.5047264099121,-9.01618480682373,"Female"
"9004159",371979,2025-06-17 10:21:55,42.5049362182617,-9.01783657073975,"Female"
"9004159",371979,2025-06-17 10:27:48,42.5049629211426,-9.01803684234619,"Female"
"9004159",371979,2025-06-17 10:33:12,42.505199432373,-9.01676654815674,"Female"
"9004159",371979,2025-06-17 10:38:11,42.5072631835938,-9.01698207855225,"Female"
"9004159",371979,2025-06-17 10:43:12,42.509105682373,-9.01813507080078,"Female"
"9004159",371979,2025-06-17 10:48:15,42.5079727172852,-9.01966953277588,"Female"
"9004159",371979,2025-06-17 10:53:17,42.5072708129883,-9.01975536346436,"Female"
"9004159",371979,2025-06-17 10:58:45,42.5057983398438,-9.01863861083984,"Female"
"9004159",371979,2025-06-17 11:04:13,42.5045547485352,-9.01987171173096,"Female"
"9004159",371979,2025-06-17 11:09:10,42.4993019104004,-9.0143871307373,"Female"
"9004159",371979,2025-06-17 11:14:32,42.4987525939941,-9.01473140716553,"Female"
"9004159",371979,2025-06-17 11:19:09,42.4986915588379,-9.01467514038086,"Female"
"9004159",371979,2025-06-17 11:24:09,42.4988784790039,-9.01503562927246,"Female"
"9004159",371979,2025-06-17 11:29:09,42.4988479614258,-9.01473808288574,"Female"
"9004159",371979,2025-06-17 11:34:21,42.4979515075684,-9.01935768127441,"Female"
"9004159",371979,2025-06-17 11:39:59,42.4983596801758,-9.02007007598877,"Female"
"9004159",371979,2025-06-17 11:44:21,42.4986419677734,-9.02006340026855,"Female"
"9004159",371979,2025-06-17 11:49:32,42.4986381530762,-9.01468849182129,"Female"
"9004159",371979,2025-06-17 11:54:44,42.4985847473145,-9.0147590637207,"Female"
"9004159",371979,2025-06-17 11:59:19,42.4986343383789,-9.01467418670654,"Female"
"9004159",371979,2025-06-17 12:04:19,42.4985809326172,-9.01475524902344,"Female"
"9004159",371979,2025-06-17 12:09:21,42.4985694885254,-9.01488208770752,"Female"
"9004159",371979,2025-06-17 12:14:22,42.499095916748,-9.0139741897583,"Female"
"9004159",371979,2025-06-17 12:19:27,42.4986267089844,-9.01474571228027,"Female"
"9004159",371979,2025-06-17 12:25:04,42.4985504150391,-9.01474761962891,"Female"
"9004159",371979,2025-06-17 12:29:19,42.4987373352051,-9.01477336883545,"Female"
"9004159",371979,2025-06-17 12:34:19,42.498722076416,-9.01474761962891,"Female"
"9004159",371979,2025-06-17 12:39:19,42.498706817627,-9.01477241516113,"Female"
"9004159",371979,2025-06-17 12:44:20,42.4987030029297,-9.01472568511963,"Female"
"9004159",371979,2025-06-17 12:49:19,42.4986381530762,-9.01475048065186,"Female"
"9004159",371979,2025-06-17 12:54:19,42.4987258911133,-9.01492023468018,"Female"
"9004159",371979,2025-06-17 12:59:19,42.4988822937012,-9.01474761962891,"Female"
"9004159",371979,2025-06-17 13:04:19,42.4986724853516,-9.01477718353271,"Female"
"9004159",371979,2025-06-17 13:09:20,42.4988403320312,-9.01428699493408,"Female"
"9004159",371979,2025-06-17 13:14:20,42.4986381530762,-9.01472854614258,"Female"
"9004159",371979,2025-06-17 13:19:21,42.4980583190918,-9.01416110992432,"Female"
"9004159",371979,2025-06-17 13:24:23,42.4987869262695,-9.01425361633301,"Female"
"9004159",371979,2025-06-17 13:29:41,42.4990348815918,-9.01470947265625,"Female"
"9004159",371979,2025-06-17 13:34:21,42.4989433288574,-9.01462745666504,"Female"
"9004159",371979,2025-06-17 13:39:28,42.4989433288574,-9.01465606689453,"Female"
"9004159",371979,2025-06-17 13:44:20,42.4990196228027,-9.01466178894043,"Female"
"9004159",371979,2025-06-17 13:49:44,42.498592376709,-9.01472473144531,"Female"
"9004159",371979,2025-06-17 13:54:19,42.4985580444336,-9.01473426818848,"Female"
"9004159",371979,2025-06-17 13:59:25,42.4987983703613,-9.01791191101074,"Female"
"9004159",371979,2025-06-17 14:04:49,42.4986801147461,-9.01908874511719,"Female"
"9004159",371979,2025-06-17 14:10:08,42.5056419372559,-9.0159912109375,"Female"
"9004159",371979,2025-06-17 14:15:32,42.5076675415039,-9.01460742950439,"Female"
"9004159",371979,2025-06-17 14:22:20,42.5090179443359,-9.01425838470459,"Female"
"9004159",371979,2025-06-17 14:27:12,42.5013542175293,-9.01543712615967,"Female"
"9004159",371979,2025-06-17 14:32:12,42.4985847473145,-9.01460742950439,"Female"
"9004159",371979,2025-06-17 14:37:10,42.4985771179199,-9.0148401260376,"Female"
"9004159",371979,2025-06-17 14:42:09,42.4986305236816,-9.01464176177979,"Female"
"9004159",371979,2025-06-17 14:47:20,42.4986419677734,-9.01471996307373,"Female"
"9004159",371979,2025-06-17 14:52:11,42.4986572265625,-9.0147647857666,"Female"
"9004159",371979,2025-06-17 14:57:11,42.4986114501953,-9.01474475860596,"Female"
"9004159",371979,2025-06-17 15:02:11,42.4987182617188,-9.0146427154541,"Female"
"9004159",371979,2025-06-17 15:07:11,42.4986419677734,-9.01474761962891,"Female"
"9004159",371979,2025-06-17 15:12:09,42.4987831115723,-9.01449394226074,"Female"
"9004159",371979,2025-06-17 15:17:09,42.498779296875,-9.01461696624756,"Female"
"9004159",371979,2025-06-17 15:22:12,42.4986305236816,-9.01473426818848,"Female"
"9004159",371979,2025-06-17 15:27:09,42.4987487792969,-9.01462650299072,"Female"
"9004159",371979,2025-06-17 15:32:09,42.5047988891602,-9.01585006713867,"Female"
"9004159",371979,2025-06-17 15:37:11,42.5048484802246,-9.01357650756836,"Female"
"9004159",371979,2025-06-17 15:43:23,42.5053977966309,-9.01259803771973,"Female"
"9004159",371979,2025-06-17 15:51:35,42.5066528320312,-9.01451396942139,"Female"
"9004159",371979,2025-06-17 15:56:12,42.5052833557129,-9.01511859893799,"Female"
"9004159",371979,2025-06-17 16:01:31,42.5061721801758,-9.01364612579346,"Female"
"9004159",371979,2025-06-17 16:06:36,42.5062980651855,-9.01408767700195,"Female"
"9004159",371979,2025-06-17 16:11:53,42.5052642822266,-9.01369285583496,"Female"
"9004159",371979,2025-06-17 16:16:53,42.5053367614746,-9.01504993438721,"Female"
"9004159",371979,2025-06-17 16:22:28,42.5029144287109,-9.01540279388428,"Female"
"9004159",371979,2025-06-17 16:27:57,42.502124786377,-9.01554775238037,"Female"
"9004159",371979,2025-06-17 16:33:04,42.5031852722168,-9.01560497283936,"Female"
"9004159",371979,2025-06-17 16:40:12,42.5032272338867,-9.01362991333008,"Female"
"9004159",371979,2025-06-17 16:48:22,42.5027732849121,-9.01546764373779,"Female"
"9004159",371979,2025-06-17 16:53:34,42.5027542114258,-9.0155086517334,"Female"
"9004159",371979,2025-06-17 16:59:17,42.5028915405273,-9.01603507995605,"Female"
"9004159",371979,2025-06-17 17:04:17,42.5011749267578,-9.01594257354736,"Female"
"9004159",371979,2025-06-17 17:09:18,42.5002784729004,-9.01570320129395,"Female"
"9004159",371979,2025-06-17 17:14:17,42.4986152648926,-9.01475620269775,"Female"
"9004159",371979,2025-06-17 17:19:17,42.4985809326172,-9.01476764678955,"Female"
"9004159",371979,2025-06-17 17:24:17,42.4986267089844,-9.01480484008789,"Female"
"9004159",371979,2025-06-17 17:29:17,42.4986572265625,-9.01476955413818,"Female"
"9004159",371979,2025-06-17 17:34:17,42.498649597168,-9.01479530334473,"Female"
"9004159",371979,2025-06-17 17:39:17,42.4986534118652,-9.01474475860596,"Female"
"9004159",371979,2025-06-17 17:44:44,42.4907989501953,-8.99911880493164,"Female"
"9004159",371979,2025-06-17 17:49:17,42.4888496398926,-8.99697494506836,"Female"
"9004159",371979,2025-06-17 17:54:18,42.4889221191406,-8.99705123901367,"Female"
"9004159",371979,2025-06-17 17:59:17,42.4889030456543,-8.9970703125,"Female"
"9004159",371979,2025-06-17 18:04:34,42.4889259338379,-8.99705123901367,"Female"
"9004159",371979,2025-06-17 18:09:44,42.4888725280762,-8.99705410003662,"Female"
"9004159",371979,2025-06-17 18:14:17,42.4890632629395,-8.9970235824585,"Female"
"9004159",371979,2025-06-17 18:19:18,42.4887733459473,-8.99678230285645,"Female"
"9004159",371979,2025-06-17 18:24:18,42.4888153076172,-8.99669742584229,"Female"
"9004159",371979,2025-06-17 18:29:18,42.4888610839844,-8.99680709838867,"Female"
"9004159",371979,2025-06-17 18:34:20,42.489128112793,-8.99720096588135,"Female"
"9004159",371979,2025-06-17 18:39:32,42.4889373779297,-8.99682521820068,"Female"
"9004159",371979,2025-06-17 18:44:30,42.4891777038574,-8.9971809387207,"Female"
"9004159",371979,2025-06-17 18:49:28,42.489086151123,-8.99708080291748,"Female"
"9004159",371979,2025-06-17 18:54:31,42.4891471862793,-8.99712753295898,"Female"
"9004159",371979,2025-06-17 18:59:34,42.489185333252,-8.99712657928467,"Female"
"9004159",371979,2025-06-17 19:04:34,42.4891700744629,-8.99714374542236,"Female"
"9004159",371979,2025-06-17 19:09:45,42.4890632629395,-8.99690914154053,"Female"
"9004159",371979,2025-06-17 19:14:33,42.4891166687012,-8.99685287475586,"Female"
"9004159",371979,2025-06-17 19:19:18,42.4890022277832,-8.99676513671875,"Female"
"9004159",371979,2025-06-17 19:24:20,42.4889030456543,-8.99680614471436,"Female"
"9004159",371979,2025-06-17 19:29:18,42.4890403747559,-8.99701404571533,"Female"
"9004159",371979,2025-06-17 19:34:22,42.4889907836914,-8.99694633483887,"Female"
"9004159",371979,2025-06-17 19:39:30,42.4891395568848,-8.99728393554688,"Female"
"9004159",371979,2025-06-17 19:44:30,42.489185333252,-8.99742698669434,"Female"
"9004159",371979,2025-06-17 19:49:53,42.4889945983887,-8.99712085723877,"Female"
"9004159",371979,2025-06-17 19:54:17,42.4889869689941,-8.99711513519287,"Female"
"9004159",371979,2025-06-17 19:59:18,42.4889755249023,-8.99713897705078,"Female"
"9004159",371979,2025-06-17 20:04:18,42.4890518188477,-8.99710941314697,"Female"
"9004159",371979,2025-06-17 20:09:18,42.4890289306641,-8.99708366394043,"Female"
"9004159",371979,2025-06-17 20:14:17,42.4890213012695,-8.99712085723877,"Female"
"9004159",371979,2025-06-17 20:19:18,42.4890289306641,-8.99706840515137,"Female"
"9004159",371979,2025-06-17 20:24:19,42.4890632629395,-8.99705696105957,"Female"
"9004159",371979,2025-06-17 20:29:18,42.4889717102051,-8.99709606170654,"Female"
"9004159",371979,2025-06-17 20:34:18,42.4890594482422,-8.99705219268799,"Female"
"9004159",371979,2025-06-17 20:39:20,42.4890823364258,-8.99709320068359,"Female"
"9004159",371979,2025-06-17 20:44:19,42.4890251159668,-8.99705028533936,"Female"
"9004159",371979,2025-06-17 20:49:17,42.4890174865723,-8.99709415435791,"Female"
"9004159",371979,2025-06-17 20:54:18,42.4890556335449,-8.99707508087158,"Female"
"9004159",371979,2025-06-17 20:59:20,42.4889755249023,-8.99713325500488,"Female"
"9004159",371979,2025-06-17 21:04:21,42.4890213012695,-8.99710273742676,"Female"
"9004159",371979,2025-06-17 21:09:22,42.4888610839844,-8.99711608886719,"Female"
"9004159",371979,2025-06-17 21:14:18,42.4889678955078,-8.99710845947266,"Female"
"9004159",371979,2025-06-17 21:19:18,42.4890594482422,-8.99706745147705,"Female"
"9004159",371979,2025-06-17 21:24:19,42.4890670776367,-8.9970760345459,"Female"
"9004159",371979,2025-06-17 21:29:21,42.4890441894531,-8.99709129333496,"Female"
"9004159",371979,2025-06-17 21:34:18,42.4890174865723,-8.99709987640381,"Female"
"9004159",371979,2025-06-17 21:39:27,42.4890594482422,-8.9970178604126,"Female"
"9004159",371979,2025-06-17 21:44:21,42.4889907836914,-8.99707126617432,"Female"
"9004159",371979,2025-06-17 21:49:20,42.4890251159668,-8.99702167510986,"Female"
"9004159",371979,2025-06-17 21:54:23,42.4890174865723,-8.99705505371094,"Female"
"9004159",371979,2025-06-17 21:59:22,42.4900436401367,-8.99826812744141,"Female"
"9004159",371979,2025-06-17 22:04:23,42.4885368347168,-8.99639129638672,"Female"
"9004159",371979,2025-06-17 22:09:28,42.4890327453613,-8.99703025817871,"Female"
"9004159",371979,2025-06-17 22:14:22,42.4890937805176,-8.99710845947266,"Female"
"9004159",371979,2025-06-17 22:19:53,42.4890518188477,-8.99706935882568,"Female"
"9004159",371979,2025-06-17 22:24:21,42.4889678955078,-8.99699211120605,"Female"
"9004159",371979,2025-06-17 22:29:29,42.4891052246094,-8.99699211120605,"Female"
"9004159",371979,2025-06-17 22:34:21,42.4890289306641,-8.9969654083252,"Female"
"9004159",371979,2025-06-17 22:39:20,42.4891052246094,-8.99706172943115,"Female"
"9004159",371979,2025-06-17 22:44:22,42.4890098571777,-8.9970178604126,"Female"
"9004159",371979,2025-06-17 22:49:24,42.489013671875,-8.99700546264648,"Female"
"9004159",371979,2025-06-17 22:54:21,42.4889831542969,-8.996826171875,"Female"
"9004159",371979,2025-06-17 22:59:21,42.4890327453613,-8.99685192108154,"Female"
"9004159",371979,2025-06-17 23:04:31,42.4890403747559,-8.99711513519287,"Female"
"9004159",371979,2025-06-17 23:09:27,42.4890327453613,-8.99711132049561,"Female"
"9004159",371979,2025-06-17 23:14:37,42.4890518188477,-8.9970588684082,"Female"
"9004159",371979,2025-06-17 23:19:53,42.4890556335449,-8.9970588684082,"Female"
"9004159",371979,2025-06-17 23:24:23,42.4888954162598,-8.99723148345947,"Female"
"9004159",371979,2025-06-17 23:29:57,42.4891510009766,-8.99704265594482,"Female"
"9004159",371979,2025-06-17 23:34:33,42.4894752502441,-8.99702644348145,"Female"
"9004159",371979,2025-06-17 23:39:59,42.4892997741699,-8.99698448181152,"Female"
"9004159",371979,2025-06-17 23:44:24,42.489372253418,-8.99700164794922,"Female"
"9004159",371979,2025-06-17 23:50:41,42.4889678955078,-8.99697303771973,"Female"
"9004159",371979,2025-06-17 23:54:21,42.4890213012695,-8.99709510803223,"Female"
"9004159",371979,2025-06-17 23:59:30,42.489185333252,-8.99696826934814,"Female"
"9004159",371979,2025-06-18 00:04:37,42.4891471862793,-8.99702262878418,"Female"
"9004159",371979,2025-06-18 00:09:51,42.4890632629395,-8.99708557128906,"Female"
"9004159",371979,2025-06-18 00:14:40,42.4889907836914,-8.99709796905518,"Female"
"9004159",371979,2025-06-18 00:19:30,42.4890403747559,-8.99706649780273,"Female"
"9004159",371979,2025-06-18 00:24:32,42.4891204833984,-8.99706554412842,"Female"
"9004159",371979,2025-06-18 00:29:28,42.4891777038574,-8.99702835083008,"Female"
"9004159",371979,2025-06-18 00:34:21,42.4887771606445,-8.99709892272949,"Female"
"9004159",371979,2025-06-18 00:39:17,42.4891662597656,-8.9971809387207,"Female"
"9004159",371979,2025-06-18 00:44:20,42.4889488220215,-8.99711132049561,"Female"
"9004159",371979,2025-06-18 00:49:44,42.4889488220215,-8.99701595306396,"Female"
"9004159",371979,2025-06-18 00:54:22,42.4888877868652,-8.99695873260498,"Female"
"9004159",371979,2025-06-18 00:59:18,42.4888229370117,-8.99677753448486,"Female"
"9004159",371979,2025-06-18 01:04:24,42.4891242980957,-8.99740695953369,"Female"
"9004159",371979,2025-06-18 01:09:22,42.489372253418,-8.9976110458374,"Female"
"9004159",371979,2025-06-18 01:14:21,42.4890556335449,-8.99709987640381,"Female"
"9004159",371979,2025-06-18 01:19:29,42.4889450073242,-8.99696636199951,"Female"
"9004159",371979,2025-06-18 01:24:29,42.4890213012695,-8.99709987640381,"Female"
"9004159",371979,2025-06-18 01:29:23,42.4889907836914,-8.99711132049561,"Female"
"9004159",371979,2025-06-18 01:34:59,42.489185333252,-8.99710083007812,"Female"
"9004159",371979,2025-06-18 01:39:44,42.4891052246094,-8.99707412719727,"Female"
"9004159",371979,2025-06-18 01:44:17,42.489128112793,-8.99706840515137,"Female"
"9004159",371979,2025-06-18 01:49:18,42.4889869689941,-8.99693202972412,"Female"
"9004159",371979,2025-06-18 01:54:17,42.4891624450684,-8.99712657928467,"Female"
"9004159",371979,2025-06-18 01:59:18,42.4893608093262,-8.99728870391846,"Female"
"9004159",371979,2025-06-18 02:04:17,42.4891891479492,-8.99692916870117,"Female"
"9004159",371979,2025-06-18 02:09:17,42.4891738891602,-8.99712944030762,"Female"
"9004159",371979,2025-06-18 02:14:19,42.4890213012695,-8.99703598022461,"Female"
"9004159",371979,2025-06-18 02:19:19,42.4894104003906,-8.99731826782227,"Female"
"9004159",371979,2025-06-18 02:24:19,42.4890899658203,-8.99713706970215,"Female"
"9004159",371979,2025-06-18 02:29:21,42.4889793395996,-8.99695110321045,"Female"
"9004159",371979,2025-06-18 02:34:44,42.4891014099121,-8.99707317352295,"Female"
"9004159",371979,2025-06-18 02:39:17,42.4891815185547,-8.99711608886719,"Female"
"9004159",371979,2025-06-18 02:44:17,42.4891700744629,-8.99723148345947,"Female"
"9004159",371979,2025-06-18 02:49:17,42.4890899658203,-8.99705123901367,"Female"
"9004159",371979,2025-06-18 02:54:18,42.4889717102051,-8.99704360961914,"Female"
"9004159",371979,2025-06-18 02:59:17,42.4890174865723,-8.99698638916016,"Female"
"9004159",371979,2025-06-18 03:04:17,42.4890899658203,-8.9970645904541,"Female"
"9004159",371979,2025-06-18 03:09:18,42.4891891479492,-8.99715423583984,"Female"
"9004159",371979,2025-06-18 03:14:18,42.4890785217285,-8.99714946746826,"Female"
"9004159",371979,2025-06-18 03:19:17,42.489128112793,-8.99709892272949,"Female"
"9004159",371979,2025-06-18 03:24:20,42.4890518188477,-8.99711608886719,"Female"
"9004159",371979,2025-06-18 03:29:21,42.489086151123,-8.99712371826172,"Female"
"9004159",371979,2025-06-18 03:34:30,42.4890594482422,-8.99726390838623,"Female"
"9004159",371979,2025-06-18 03:39:23,42.4890174865723,-8.99698543548584,"Female"
"9004159",371979,2025-06-18 03:44:22,42.4890289306641,-8.99703598022461,"Female"
"9004159",371979,2025-06-18 03:49:24,42.4889640808105,-8.99702167510986,"Female"
"9004159",371979,2025-06-18 03:54:21,42.4890823364258,-8.99712085723877,"Female"
"9004159",371979,2025-06-18 03:59:19,42.4890365600586,-8.99709415435791,"Female"
"9004159",371979,2025-06-18 04:04:20,42.4890289306641,-8.99724674224854,"Female"
"9004159",371979,2025-06-18 04:09:30,42.4891128540039,-8.99715805053711,"Female"
"9004159",371979,2025-06-18 04:14:23,42.4890060424805,-8.99715614318848,"Female"
"9004159",371979,2025-06-18 04:19:23,42.4890289306641,-8.9972562789917,"Female"
"9004159",371979,2025-06-18 04:24:22,42.489013671875,-8.99720859527588,"Female"
"9004159",371979,2025-06-18 04:29:28,42.4890594482422,-8.99715042114258,"Female"
"9004159",371979,2025-06-18 04:34:19,42.4889869689941,-8.99725341796875,"Female"
"9004159",371979,2025-06-18 04:39:30,42.4890975952148,-8.99709701538086,"Female"
"9004159",371979,2025-06-18 04:44:20,42.4890899658203,-8.99703121185303,"Female"
"9004159",371979,2025-06-18 04:49:29,42.489070892334,-8.99709510803223,"Female"
"9004159",371979,2025-06-18 04:54:30,42.4888954162598,-8.99716377258301,"Female"
"9004159",371979,2025-06-18 04:59:34,42.4880867004395,-8.99748420715332,"Female"
"9004159",371979,2025-06-18 05:04:33,42.4895133972168,-8.99689769744873,"Female"
"9004159",371979,2025-06-18 05:09:44,42.489128112793,-8.99706649780273,"Female"
"9004159",371979,2025-06-18 05:14:19,42.4891738891602,-8.99707508087158,"Female"
"9004159",371979,2025-06-18 05:19:30,42.4891052246094,-8.9970760345459,"Female"
"9004159",371979,2025-06-18 05:24:18,42.4891090393066,-8.99702644348145,"Female"
"9004159",371979,2025-06-18 05:29:21,42.4891395568848,-8.9970006942749,"Female"
"9004159",371979,2025-06-18 05:34:20,42.4891128540039,-8.99704551696777,"Female"
"9004159",371979,2025-06-18 05:39:25,42.4890060424805,-8.99707508087158,"Female"
"9004159",371979,2025-06-18 05:44:21,42.4890556335449,-8.99708271026611,"Female"
"9004159",371979,2025-06-18 05:49:30,42.4891090393066,-8.9970703125,"Female"
"9004159",371979,2025-06-18 05:54:21,42.4890518188477,-8.99711418151855,"Female"
"9004159",371979,2025-06-18 05:59:21,42.4890594482422,-8.99710178375244,"Female"
"9004159",371979,2025-06-18 06:04:30,42.4891128540039,-8.9971752166748,"Female"
"9004159",371979,2025-06-18 06:09:20,42.4890403747559,-8.99703216552734,"Female"
"9004159",371979,2025-06-18 06:14:22,42.4889945983887,-8.99710464477539,"Female"
"9004159",371979,2025-06-18 06:19:23,42.4889869689941,-8.99706077575684,"Female"
"9004159",371979,2025-06-18 06:24:21,42.4889602661133,-8.99715042114258,"Female"
"9004159",371979,2025-06-18 06:29:30,42.4890823364258,-8.99743556976318,"Female"
"9004159",371979,2025-06-18 06:34:30,42.4890289306641,-8.99740028381348,"Female"
"9004159",371979,2025-06-18 06:39:30,42.4890480041504,-8.99727344512939,"Female"
"9004159",371979,2025-06-18 06:44:30,42.4890480041504,-8.99716281890869,"Female"
"9004159",371979,2025-06-18 06:49:22,42.4890174865723,-8.99710178375244,"Female"
"9004159",371979,2025-06-18 06:54:22,42.4890480041504,-8.99700355529785,"Female"
"9004159",371979,2025-06-18 06:59:29,42.4890327453613,-8.99706840515137,"Female"
"9004159",371979,2025-06-18 07:04:29,42.4986686706543,-9.01469230651855,"Female"
"9004159",371979,2025-06-18 07:09:27,42.4986610412598,-9.01467132568359,"Female"
"9004159",371979,2025-06-18 07:14:30,42.4987487792969,-9.0147008895874,"Female"
"9004159",371979,2025-06-18 07:19:21,42.4985504150391,-9.01483917236328,"Female"
"9004159",371979,2025-06-18 07:24:20,42.4985084533691,-9.01483535766602,"Female"
"9004159",371979,2025-06-18 07:29:19,42.4982376098633,-9.01505184173584,"Female"
"9004159",371979,2025-06-18 07:34:30,42.5021018981934,-9.01879692077637,"Female"
"9004159",371979,2025-06-18 07:39:19,42.5031967163086,-9.01881122589111,"Female"
"9004159",371979,2025-06-18 07:45:04,42.508472442627,-9.01712608337402,"Female"
"9004159",371979,2025-06-18 07:51:10,42.508243560791,-9.02031993865967,"Female"
"9004159",371979,2025-06-18 07:56:09,42.5077095031738,-9.02035808563232,"Female"
"9004159",371979,2025-06-18 08:01:37,42.506950378418,-9.01971530914307,"Female"
"9004159",371979,2025-06-18 08:07:30,42.5089836120605,-9.02039623260498,"Female"
"9004159",371979,2025-06-18 08:12:28,42.512149810791,-9.03031539916992,"Female"
"9004159",371979,2025-06-18 08:17:27,42.5372200012207,-9.05191326141357,"Female"
"9004159",371979,2025-06-18 08:23:10,42.5417404174805,-9.05391883850098,"Female"
"9004159",371979,2025-06-18 08:28:34,42.5456085205078,-9.05162334442139,"Female"
"9004159",371979,2025-06-18 08:34:09,42.5464019775391,-9.05206394195557,"Female"
"9004159",371979,2025-06-18 08:39:17,42.5455551147461,-9.05020236968994,"Female"
"9004159",371979,2025-06-18 08:44:28,42.5439605712891,-9.05216312408447,"Female"
"9004159",371979,2025-06-18 08:49:51,42.5479125976562,-9.05714893341064,"Female"
"9004159",371979,2025-06-18 08:54:47,42.5482711791992,-9.05749988555908,"Female"
"9004159",371979,2025-06-18 08:59:58,42.5471458435059,-9.05573463439941,"Female"
"9004159",371979,2025-06-18 09:05:40,42.546745300293,-9.05364227294922,"Female"
"9004159",371979,2025-06-18 09:11:09,42.5463752746582,-9.0541877746582,"Female"
"9004159",371979,2025-06-18 09:17:14,42.5471878051758,-9.05518245697021,"Female"
"9004159",371979,2025-06-18 09:22:42,42.5459976196289,-9.05454254150391,"Female"
"9004159",371979,2025-06-18 09:28:09,42.5442924499512,-9.05214691162109,"Female"
"9004159",371979,2025-06-18 09:33:13,42.5457191467285,-9.0513391494751,"Female"
"9004159",371979,2025-06-18 09:38:27,42.5448837280273,-9.05020904541016,"Female"
"9004159",371979,2025-06-18 09:44:53,42.5430374145508,-9.04934310913086,"Female"
"9004159",371979,2025-06-18 09:49:58,42.5418548583984,-9.04948139190674,"Female"
"9004159",371979,2025-06-18 09:56:14,42.5429229736328,-9.04910659790039,"Female"
"9004159",371979,2025-06-18 10:01:17,42.5414581298828,-9.04975986480713,"Female"
"9004159",371979,2025-06-18 10:06:25,42.5418930053711,-9.05233955383301,"Female"
"9004159",371979,2025-06-18 10:11:15,42.5347137451172,-9.04316139221191,"Female"
"9004159",371979,2025-06-18 10:16:22,42.534969329834,-9.04308223724365,"Female"
"9004159",371979,2025-06-18 10:21:14,42.5353050231934,-9.04298496246338,"Female"
"9004159",371979,2025-06-18 10:26:15,42.5345191955566,-9.04312133789062,"Female"
"9004159",371979,2025-06-18 10:31:14,42.5352745056152,-9.0429162979126,"Female"
"9004159",371979,2025-06-18 10:36:15,42.535228729248,-9.04275703430176,"Female"
"9004159",371979,2025-06-18 10:41:21,42.5351409912109,-9.04291534423828,"Female"
"9004159",371979,2025-06-18 10:46:14,42.5353546142578,-9.04287338256836,"Female"
"9004159",371979,2025-06-18 10:51:14,42.535400390625,-9.04289150238037,"Female"
"9004159",371979,2025-06-18 10:56:14,42.5353126525879,-9.04284477233887,"Female"
"9004159",371979,2025-06-18 11:01:28,42.535228729248,-9.04282665252686,"Female"
"9004159",371979,2025-06-18 11:06:14,42.5354232788086,-9.04297161102295,"Female"
"9004159",371979,2025-06-18 11:11:14,42.5353698730469,-9.04296112060547,"Female"
"9004159",371979,2025-06-18 11:16:14,42.5349426269531,-9.04264450073242,"Female"
"9004159",371979,2025-06-18 11:21:14,42.5354614257812,-9.04261875152588,"Female"
"9004159",371979,2025-06-18 11:26:14,42.540843963623,-9.05186557769775,"Female"
"9004159",371979,2025-06-18 11:31:43,42.544319152832,-9.05445194244385,"Female"
"9004159",371979,2025-06-18 11:37:23,42.5442543029785,-9.05448913574219,"Female"
"9004159",371979,2025-06-18 11:42:25,42.5443115234375,-9.05364608764648,"Female"
"9004159",371979,2025-06-18 11:47:23,42.5444717407227,-9.05262184143066,"Female"
"9004159",371979,2025-06-18 11:53:03,42.5437889099121,-9.05092525482178,"Female"
"9004159",371979,2025-06-18 11:58:01,42.5424194335938,-9.04965496063232,"Female"
"9004159",371979,2025-06-18 12:03:46,42.5422286987305,-9.04805946350098,"Female"
"9004159",371979,2025-06-18 12:09:02,42.5411109924316,-9.0499906539917,"Female"
"9004159",371979,2025-06-18 12:14:00,42.5418891906738,-9.05188751220703,"Female"
"9004159",371979,2025-06-18 12:19:00,42.54296875,-9.0540771484375,"Female"
"9004159",371979,2025-06-18 12:24:00,42.5435371398926,-9.05632209777832,"Female"
"9004159",371979,2025-06-18 12:29:01,42.5417366027832,-9.06136131286621,"Female"
"9004159",371979,2025-06-18 12:34:03,42.5420989990234,-9.05896949768066,"Female"
"9004159",371979,2025-06-18 12:40:22,42.540958404541,-9.05643463134766,"Female"
"9004159",371979,2025-06-18 12:45:20,42.5413246154785,-9.05397605895996,"Female"
"9004159",371979,2025-06-18 12:50:41,42.5427627563477,-9.05323028564453,"Female"
"9004159",371979,2025-06-18 12:56:09,42.5425834655762,-9.05087757110596,"Female"
"9004159",371979,2025-06-18 13:01:26,42.5420799255371,-9.04902648925781,"Female"
"9004159",371979,2025-06-18 13:06:27,42.541389465332,-9.04851341247559,"Female"
"9004159",371979,2025-06-18 13:11:30,42.5351905822754,-9.04297542572021,"Female"
"9004159",371979,2025-06-18 13:16:25,42.5353965759277,-9.04310894012451,"Female"
"9004159",371979,2025-06-18 13:21:27,42.5352363586426,-9.04291439056396,"Female"
"9004159",371979,2025-06-18 13:26:25,42.5353126525879,-9.04295444488525,"Female"
"9004159",371979,2025-06-18 13:31:25,42.5353965759277,-9.04312038421631,"Female"
"9004159",371979,2025-06-18 13:36:25,42.535400390625,-9.04288959503174,"Female"
"9004159",371979,2025-06-18 13:41:26,42.5354156494141,-9.04284572601318,"Female"
"9004159",371979,2025-06-18 13:46:26,42.5353889465332,-9.04303646087646,"Female"
"9004159",371979,2025-06-18 13:51:25,42.535400390625,-9.04300212860107,"Female"
"9004159",371979,2025-06-18 13:56:26,42.5354347229004,-9.04272651672363,"Female"
"9004159",371979,2025-06-18 14:05:38,42.535457611084,-9.04284191131592,"Female"
"9004159",371979,2025-06-18 14:10:37,42.5354194641113,-9.04282093048096,"Female"
"9004159",371979,2025-06-18 14:16:14,42.5354232788086,-9.04263401031494,"Female"
"9004159",371979,2025-06-18 14:21:14,42.5354499816895,-9.0424690246582,"Female"
"9004159",371979,2025-06-18 14:26:18,42.5354804992676,-9.04248237609863,"Female"
"9004159",371979,2025-06-18 14:32:27,42.5354804992676,-9.04234313964844,"Female"
"9004159",371979,2025-06-18 14:37:27,42.5355529785156,-9.04203987121582,"Female"
"9004159",371979,2025-06-18 14:42:29,42.5360794067383,-9.03947925567627,"Female"
"9004159",371979,2025-06-18 14:47:29,42.5358924865723,-9.04031944274902,"Female"
"9004159",371979,2025-06-18 14:52:33,42.5354194641113,-9.04274559020996,"Female"
"9004159",371979,2025-06-18 14:57:31,42.5354118347168,-9.04268455505371,"Female"
"9004159",371979,2025-06-18 15:02:30,42.5403594970703,-9.04974460601807,"Female"
"9004159",371979,2025-06-18 15:08:18,42.5421600341797,-9.0498571395874,"Female"
"9004159",371979,2025-06-18 15:14:38,42.5428352355957,-9.04884147644043,"Female"
"9004159",371979,2025-06-18 15:20:09,42.5436363220215,-9.04907608032227,"Female"
"9004159",371979,2025-06-18 15:25:12,42.5438117980957,-9.05079555511475,"Female"
"9004159",371979,2025-06-18 15:30:29,42.5432052612305,-9.05112743377686,"Female"
"9004159",371979,2025-06-18 15:36:21,42.5421752929688,-9.05067539215088,"Female"
"9004159",371979,2025-06-18 15:42:15,42.5414047241211,-9.05164051055908,"Female"
"9004159",371979,2025-06-18 15:47:31,42.5414352416992,-9.0524320602417,"Female"
"9004159",371979,2025-06-18 15:53:01,42.5411911010742,-9.05002880096436,"Female"
"9004159",371979,2025-06-18 15:58:49,42.5398788452148,-9.05033493041992,"Female"
"9004159",371979,2025-06-18 16:04:51,42.5400352478027,-9.05213832855225,"Female"
"9004159",371979,2025-06-18 16:09:49,42.5410919189453,-9.04966831207275,"Female"
"9004159",371979,2025-06-18 16:15:43,42.5410079956055,-9.05069637298584,"Female"
"9004159",371979,2025-06-18 16:21:54,42.5417060852051,-9.05285453796387,"Female"
"9004159",371979,2025-06-18 16:26:55,42.5425453186035,-9.05454730987549,"Female"
"9004159",371979,2025-06-18 16:32:51,42.5403366088867,-9.05247497558594,"Female"
"9004159",371979,2025-06-18 16:39:43,42.5406608581543,-9.05297946929932,"Female"
"9004159",371979,2025-06-18 16:44:18,42.5401725769043,-9.05213928222656,"Female"
"9004159",371979,2025-06-18 16:49:31,42.5408248901367,-9.0501070022583,"Female"
"9004159",371979,2025-06-18 16:54:30,42.5401077270508,-9.04906368255615,"Female"
"9004159",371979,2025-06-18 16:59:33,42.515739440918,-9.04067325592041,"Female"
"9004159",371979,2025-06-18 17:04:28,42.4902076721191,-9.00032138824463,"Female"
"9004159",371979,2025-06-18 17:09:28,42.4893112182617,-8.99740886688232,"Female"
"9004159",371979,2025-06-18 17:14:29,42.4892654418945,-8.9971809387207,"Female"
"9004159",371979,2025-06-18 17:19:30,42.4894943237305,-8.99719047546387,"Female"
"9004159",371979,2025-06-18 17:24:29,42.4892845153809,-8.99751091003418,"Female"
"9004159",371979,2025-06-18 17:29:29,42.4895401000977,-8.99728584289551,"Female"
"9004159",371979,2025-06-18 17:34:30,42.4893264770508,-8.99761867523193,"Female"
"9004159",371979,2025-06-18 17:39:36,42.4892807006836,-8.99740028381348,"Female"
"9004159",371979,2025-06-18 17:44:36,42.4893417358398,-8.99737644195557,"Female"
"9004159",371979,2025-06-18 17:49:36,42.489185333252,-8.99734115600586,"Female"
"9004159",371979,2025-06-18 17:54:36,42.4891128540039,-8.99735450744629,"Female"
"9004159",371979,2025-06-18 17:59:36,42.489086151123,-8.99738502502441,"Female"
"9004159",371979,2025-06-18 18:04:37,42.4890022277832,-8.99746990203857,"Female"
"9004159",371979,2025-06-18 18:09:35,42.4890213012695,-8.99735260009766,"Female"
"9004159",371979,2025-06-18 18:14:36,42.4889335632324,-8.99737644195557,"Female"
"9004159",371979,2025-06-18 18:19:33,42.4890327453613,-8.99706268310547,"Female"
"9004159",371979,2025-06-18 18:24:30,42.4895629882812,-8.99812698364258,"Female"
"9004159",371979,2025-06-18 18:29:37,42.4889945983887,-8.99700546264648,"Female"
"9004159",371979,2025-06-18 18:34:31,42.489128112793,-8.99723529815674,"Female"
"9004159",371979,2025-06-18 18:39:30,42.4891738891602,-8.99738597869873,"Female"
"9004159",371979,2025-06-18 18:44:30,42.4891700744629,-8.99730396270752,"Female"
"9004159",371979,2025-06-18 18:49:30,42.4892044067383,-8.99726009368896,"Female"
"9004159",371979,2025-06-18 18:54:31,42.4893188476562,-8.99719142913818,"Female"
"9004159",371979,2025-06-18 18:59:33,42.4892768859863,-8.99716663360596,"Female"
"9004159",371979,2025-06-18 19:04:30,42.4894256591797,-8.99709033966064,"Female"
"9004159",371979,2025-06-18 19:09:31,42.4893264770508,-8.99734020233154,"Female"
"9004159",371979,2025-06-18 19:14:30,42.49072265625,-8.99691295623779,"Female"
"9004159",371979,2025-06-18 19:19:34,42.4911994934082,-8.99691009521484,"Female"
"9004159",371979,2025-06-18 19:24:30,42.4899215698242,-8.99695587158203,"Female"
"9004159",371979,2025-06-18 19:29:29,42.4887313842773,-8.99776363372803,"Female"
"9004159",371979,2025-06-18 19:34:28,42.4885063171387,-8.99787902832031,"Female"
"9004159",371979,2025-06-18 19:39:37,42.4891738891602,-8.99726963043213,"Female"
"9004159",371979,2025-06-18 19:44:29,42.4887847900391,-8.99753379821777,"Female"
"9004159",371979,2025-06-18 19:49:30,42.4893035888672,-8.99722671508789,"Female"
"9004159",371979,2025-06-18 19:54:29,42.4873886108398,-8.99864768981934,"Female"
"9004159",371979,2025-06-18 19:59:30,42.4882545471191,-8.99790382385254,"Female"
"9004159",371979,2025-06-18 20:04:30,42.4885292053223,-8.99764537811279,"Female"
"9004159",371979,2025-06-18 20:09:31,42.4889373779297,-8.99731922149658,"Female"
"9004159",371979,2025-06-18 20:14:29,42.4891510009766,-8.99710750579834,"Female"
"9004159",371979,2025-06-18 20:19:28,42.4892921447754,-8.99706363677979,"Female"
"9004159",371979,2025-06-18 20:24:28,42.4890670776367,-8.99712944030762,"Female"
"9004159",371979,2025-06-18 20:29:28,42.4892845153809,-8.99700164794922,"Female"
"9004159",371979,2025-06-18 20:34:28,42.4889678955078,-8.99708843231201,"Female"
"9004159",371979,2025-06-18 20:39:33,42.4889793395996,-8.99687480926514,"Female"
"9004159",371979,2025-06-18 20:44:30,42.4887962341309,-8.99703502655029,"Female"
"9004159",371979,2025-06-18 20:49:37,42.4888725280762,-8.9968843460083,"Female"
"9004159",371979,2025-06-18 20:54:29,42.4886779785156,-8.99687004089355,"Female"
"9004159",371979,2025-06-18 20:59:29,42.4888763427734,-8.99683284759521,"Female"
"9004159",371979,2025-06-18 21:04:35,42.4890441894531,-8.99699115753174,"Female"
"9004159",371979,2025-06-18 21:09:31,42.4888038635254,-8.99697113037109,"Female"
"9004159",371979,2025-06-18 21:14:31,42.4886360168457,-8.99698829650879,"Female"
"9004159",371979,2025-06-18 21:19:30,42.4895095825195,-8.99693298339844,"Female"
"9004159",371979,2025-06-18 21:24:29,42.4865608215332,-8.99438667297363,"Female"
"9004159",371979,2025-06-18 21:29:31,42.4892044067383,-8.99676704406738,"Female"
"9004159",371979,2025-06-18 21:34:34,42.4890327453613,-8.99678039550781,"Female"
"9004159",371979,2025-06-18 21:39:31,42.4890632629395,-8.99659061431885,"Female"
"9004159",371979,2025-06-18 21:44:31,42.4891242980957,-8.99661827087402,"Female"
"9004159",371979,2025-06-18 21:49:36,42.4892158508301,-8.99645137786865,"Female"
"9004159",371979,2025-06-18 21:54:29,42.4891967773438,-8.99653244018555,"Female"
"9004159",371979,2025-06-18 21:59:29,42.4891891479492,-8.9964714050293,"Female"
"9004159",371979,2025-06-18 22:04:29,42.4892845153809,-8.99662208557129,"Female"
"9004159",371979,2025-06-18 22:09:28,42.4892578125,-8.99648380279541,"Female"
"9004159",371979,2025-06-18 22:14:31,42.4893531799316,-8.99653053283691,"Female"
"9004159",371979,2025-06-18 22:19:31,42.4893379211426,-8.99648571014404,"Female"
"9004159",371979,2025-06-18 22:24:29,42.4894523620605,-8.9967212677002,"Female"
"9004159",371979,2025-06-18 22:29:29,42.4899444580078,-8.99766540527344,"Female"
"9004159",371979,2025-06-18 22:34:33,42.4894561767578,-8.99669933319092,"Female"
"9004159",371979,2025-06-18 22:39:29,42.4895248413086,-8.99659156799316,"Female"
"9004159",371979,2025-06-18 22:44:30,42.4895629882812,-8.99678802490234,"Female"
"9004159",371979,2025-06-18 22:49:30,42.4894981384277,-8.99656867980957,"Female"
"9004159",371979,2025-06-18 22:54:36,42.4896430969238,-8.99712944030762,"Female"
"9004159",371979,2025-06-18 22:59:33,42.4896354675293,-8.99689292907715,"Female"
"9004159",371979,2025-06-18 23:04:36,42.4897270202637,-8.99698257446289,"Female"
"9004159",371979,2025-06-18 23:09:36,42.4896202087402,-8.996750831604,"Female"
"9004159",371979,2025-06-18 23:14:36,42.4896469116211,-8.99691200256348,"Female"
"9004159",371979,2025-06-18 23:19:36,42.489673614502,-8.9968786239624,"Female"
"9004159",371979,2025-06-18 23:24:44,42.4894561767578,-8.9969596862793,"Female"
"9004159",371979,2025-06-18 23:29:29,42.4893226623535,-8.99707794189453,"Female"
"9004159",371979,2025-06-18 23:34:28,42.4892616271973,-8.99707889556885,"Female"
"9004159",371979,2025-06-18 23:39:31,42.4891700744629,-8.99698448181152,"Female"
"9004159",371979,2025-06-18 23:44:33,42.489143371582,-8.99705219268799,"Female"
"9004159",371979,2025-06-18 23:49:33,42.4891891479492,-8.99696254730225,"Female"
"9004159",371979,2025-06-18 23:54:35,42.4891662597656,-8.99703979492188,"Female"
"9004159",371979,2025-06-18 23:59:31,42.4892616271973,-8.99690437316895,"Female"
"9004159",371979,2025-06-19 00:04:33,42.4892921447754,-8.99683666229248,"Female"
"9004159",371979,2025-06-19 00:09:45,42.4891738891602,-8.99709606170654,"Female"
"9004159",371979,2025-06-19 00:14:31,42.4891662597656,-8.99704456329346,"Female"
"9004159",371979,2025-06-19 00:19:33,42.4891929626465,-8.99702930450439,"Female"
"9004159",371979,2025-06-19 00:24:36,42.489185333252,-8.9970817565918,"Female"
"9004159",371979,2025-06-19 00:29:33,42.4893035888672,-8.99688720703125,"Female"
"9004159",371979,2025-06-19 00:34:30,42.4892578125,-8.99724674224854,"Female"
"9004159",371979,2025-06-19 00:39:28,42.489429473877,-8.99729156494141,"Female"
"9004159",371979,2025-06-19 00:44:30,42.4895858764648,-8.99736785888672,"Female"
"9004159",371979,2025-06-19 00:49:36,42.4894866943359,-8.99678516387939,"Female"
"9004159",371979,2025-06-19 00:54:45,42.4891242980957,-8.99738216400146,"Female"
"9004159",371979,2025-06-19 00:59:28,42.4894905090332,-8.99684524536133,"Female"
"9004159",371979,2025-06-19 01:04:28,42.4892463684082,-8.99704170227051,"Female"
"9004159",371979,2025-06-19 01:09:29,42.4895477294922,-8.99695587158203,"Female"
"9004159",371979,2025-06-19 01:14:31,42.4891967773438,-8.99725818634033,"Female"
"9004159",371979,2025-06-19 01:19:33,42.4892616271973,-8.99723243713379,"Female"
"9004159",371979,2025-06-19 01:24:36,42.4891242980957,-8.99724006652832,"Female"
"9004159",371979,2025-06-19 01:29:33,42.4894714355469,-8.99723243713379,"Female"
"9004159",371979,2025-06-19 01:34:37,42.4894065856934,-8.99713134765625,"Female"
"9004159",371979,2025-06-19 01:39:34,42.4891738891602,-8.99725914001465,"Female"
"9004159",371979,2025-06-19 01:44:41,42.4895706176758,-8.99726390838623,"Female"
"9004159",371979,2025-06-19 01:49:45,42.4895820617676,-8.99726390838623,"Female"
"9004159",371979,2025-06-19 01:54:29,42.4902458190918,-8.99775123596191,"Female"
"9004159",371979,2025-06-19 01:59:34,42.4888610839844,-8.99699306488037,"Female"
"9004159",371979,2025-06-19 02:04:30,42.4902839660645,-8.998459815979,"Female"
"9004159",371979,2025-06-19 02:09:36,42.4893379211426,-8.99743747711182,"Female"
"9004159",371979,2025-06-19 02:14:33,42.4887504577637,-8.99702453613281,"Female"
"9004159",371979,2025-06-19 02:19:33,42.4895439147949,-8.99767684936523,"Female"
"9004159",371979,2025-06-19 02:24:31,42.4890289306641,-8.99710083007812,"Female"
"9004159",371979,2025-06-19 02:29:35,42.4898071289062,-8.99795436859131,"Female"
"9004159",371979,2025-06-19 02:34:33,42.4890518188477,-8.99706077575684,"Female"
"9004159",371979,2025-06-19 02:39:29,42.4889831542969,-8.99704742431641,"Female"
"9004159",371979,2025-06-19 02:44:36,42.4890975952148,-8.99703693389893,"Female"
"9004159",371979,2025-06-19 02:49:30,42.4890480041504,-8.99700450897217,"Female"
"9004159",371979,2025-06-19 02:54:42,42.4892425537109,-8.99718952178955,"Female"
"9004159",371979,2025-06-19 02:59:29,42.4885025024414,-8.99649810791016,"Female"
"9004159",371979,2025-06-19 03:04:30,42.4888877868652,-8.9968204498291,"Female"
"9004159",371979,2025-06-19 03:09:28,42.4887580871582,-8.99674606323242,"Female"
"9004159",371979,2025-06-19 03:14:30,42.4889144897461,-8.99680137634277,"Female"
"9004159",371979,2025-06-19 03:19:33,42.489501953125,-8.99728202819824,"Female"
"9004159",371979,2025-06-19 03:24:30,42.4890022277832,-8.99691772460938,"Female"
"9004159",371979,2025-06-19 03:29:28,42.4893188476562,-8.99712467193604,"Female"
"9004159",371979,2025-06-19 03:34:31,42.4888725280762,-8.99677753448486,"Female"
"9004159",371979,2025-06-19 03:39:30,42.4891815185547,-8.99697780609131,"Female"
"9004159",371979,2025-06-19 03:44:30,42.4891815185547,-8.9970121383667,"Female"
"9004159",371979,2025-06-19 03:49:30,42.4892463684082,-8.99703216552734,"Female"
"9004159",371979,2025-06-19 03:54:33,42.4893379211426,-8.99707984924316,"Female"
"9004159",371979,2025-06-19 03:59:33,42.4895858764648,-8.99736213684082,"Female"
"9004159",371979,2025-06-19 04:04:31,42.4895896911621,-8.99722766876221,"Female"
"9004159",371979,2025-06-19 04:09:30,42.4891204833984,-8.99688720703125,"Female"
"9004159",371979,2025-06-19 04:14:31,42.489688873291,-8.99738311767578,"Female"
"9004159",371979,2025-06-19 04:19:37,42.4897651672363,-8.99712944030762,"Female"
"9004159",371979,2025-06-19 04:24:36,42.4897804260254,-8.9970588684082,"Female"
"9004159",371979,2025-06-19 04:29:33,42.4897308349609,-8.99727630615234,"Female"
"9004159",371979,2025-06-19 04:34:45,42.489688873291,-8.99651145935059,"Female"
"9004159",371979,2025-06-19 04:39:36,42.4899063110352,-8.99677276611328,"Female"
"9004159",371979,2025-06-19 04:44:36,42.4899368286133,-8.9964714050293,"Female"
"9004159",371979,2025-06-19 04:49:36,42.4921264648438,-8.99838161468506,"Female"
"9004159",371979,2025-06-19 04:54:54,42.491024017334,-9.00191593170166,"Female"
"9004159",371979,2025-06-19 04:59:34,42.491024017334,-9.00178813934326,"Female"
"9004159",371979,2025-06-19 05:04:33,42.4908561706543,-9.00153541564941,"Female"
"9004159",371979,2025-06-19 05:09:29,42.4909248352051,-9.00155067443848,"Female"
"9004159",371979,2025-06-19 05:14:31,42.4910278320312,-9.00171756744385,"Female"
"9004159",371979,2025-06-19 05:19:29,42.4910697937012,-9.00177001953125,"Female"
"9004159",371979,2025-06-19 05:24:31,42.4910163879395,-9.00173950195312,"Female"
"9004159",371979,2025-06-19 05:29:31,42.4908561706543,-9.00144863128662,"Female"
"9004159",371979,2025-06-19 05:34:34,42.4907379150391,-9.00130558013916,"Female"
"9004159",371979,2025-06-19 05:39:42,42.4907875061035,-9.00137329101562,"Female"
"9004159",371979,2025-06-19 05:44:36,42.4905090332031,-9.00066375732422,"Female"
"9004159",371979,2025-06-19 05:49:30,42.4909934997559,-9.00151348114014,"Female"
"9004159",371979,2025-06-19 05:54:36,42.4913101196289,-9.0022497177124,"Female"
"9004159",371979,2025-06-19 05:59:37,42.491138458252,-9.00217533111572,"Female"
"9004159",371979,2025-06-19 06:04:37,42.4911346435547,-9.00212001800537,"Female"
"9004159",371979,2025-06-19 06:09:36,42.4912567138672,-9.00222396850586,"Female"
"9004159",371979,2025-06-19 06:14:37,42.4912643432617,-9.00224876403809,"Female"
"9004159",371979,2025-06-19 06:19:37,42.4911804199219,-9.00210666656494,"Female"
"9004159",371979,2025-06-19 06:24:40,42.4911346435547,-9.00200748443604,"Female"
"9004159",371979,2025-06-19 06:29:37,42.4910659790039,-9.00199699401855,"Female"
"9004159",371979,2025-06-19 06:34:37,42.4911575317383,-9.00205039978027,"Female"
"9004159",371979,2025-06-19 06:39:37,42.4910736083984,-9.00188732147217,"Female"
"9004159",371979,2025-06-19 06:44:37,42.4910583496094,-9.00191497802734,"Female"
"9004159",371979,2025-06-19 06:49:38,42.4909400939941,-9.00164985656738,"Female"
"9004159",371979,2025-06-19 06:54:39,42.4909286499023,-9.00159454345703,"Female"
"9004159",371979,2025-06-19 06:59:36,42.4908256530762,-9.00147724151611,"Female"
"9004159",371979,2025-06-19 07:05:05,42.4911460876465,-9.00184631347656,"Female"
"9004159",371979,2025-06-19 07:09:28,42.491138458252,-9.0018196105957,"Female"
"9004159",371979,2025-06-19 07:14:28,42.4972267150879,-9.0025806427002,"Female"
"9004159",371979,2025-06-19 07:19:28,42.505241394043,-9.00851631164551,"Female"
"9004159",371979,2025-06-19 07:24:30,42.5050277709961,-9.00857448577881,"Female"
"9004159",371979,2025-06-19 07:29:28,42.5051460266113,-9.00856018066406,"Female"
"9004159",371979,2025-06-19 07:34:29,42.5051727294922,-9.00855255126953,"Female"
"9004159",371979,2025-06-19 07:39:28,42.5051803588867,-9.00856304168701,"Female"
"9004159",371979,2025-06-19 07:44:28,42.5051460266113,-9.00858116149902,"Female"
"9004159",371979,2025-06-19 07:49:27,42.5052185058594,-9.00857734680176,"Female"
"9004159",371979,2025-06-19 07:54:28,42.5051460266113,-9.00854587554932,"Female"
"9004159",371979,2025-06-19 07:59:27,42.5048942565918,-9.00896453857422,"Female"
"9004159",371979,2025-06-19 08:04:28,42.5018768310547,-9.02438735961914,"Female"
"9004159",371979,2025-06-19 08:09:52,42.5033683776855,-9.02487850189209,"Female"
"9004159",371979,2025-06-19 08:14:57,42.5051078796387,-9.02362442016602,"Female"
"9004159",371979,2025-06-19 08:19:56,42.5283660888672,-9.05152797698975,"Female"
"9004159",371979,2025-06-19 08:24:59,42.5366134643555,-9.05501842498779,"Female"
"9004159",371979,2025-06-19 08:31:07,42.5387649536133,-9.05446338653564,"Female"
"9004159",371979,2025-06-19 08:36:20,42.5409812927246,-9.05452632904053,"Female"
"9004159",371979,2025-06-19 08:41:21,42.5425109863281,-9.0551643371582,"Female"
"9004159",371979,2025-06-19 08:47:11,42.5415725708008,-9.05670261383057,"Female"
"9004159",371979,2025-06-19 08:52:28,42.5407981872559,-9.05858993530273,"Female"
"9004159",371979,2025-06-19 08:57:26,42.5414352416992,-9.05713844299316,"Female"
"9004159",371979,2025-06-19 09:02:57,42.5438842773438,-9.05747985839844,"Female"
"9004159",371979,2025-06-19 09:07:57,42.545597076416,-9.05769634246826,"Female"
"9004159",371979,2025-06-19 09:13:45,42.547004699707,-9.05638313293457,"Female"
"9004159",371979,2025-06-19 09:19:14,42.5473327636719,-9.05844211578369,"Female"
"9004159",371979,2025-06-19 09:24:12,42.5460968017578,-9.05697822570801,"Female"
"9004159",371979,2025-06-19 09:29:14,42.5442123413086,-9.05668449401855,"Female"
"9004159",371979,2025-06-19 09:35:36,42.5429000854492,-9.05754280090332,"Female"
"9004159",371979,2025-06-19 09:41:11,42.5414123535156,-9.05402183532715,"Female"
"9004159",371979,2025-06-19 09:46:10,42.5415725708008,-9.05507755279541,"Female"
"9004159",371979,2025-06-19 09:51:10,42.5418968200684,-9.05499076843262,"Female"
"9004159",371979,2025-06-19 09:56:18,42.5397491455078,-9.05535507202148,"Female"
"9004159",371979,2025-06-19 10:02:16,42.5377807617188,-9.05424880981445,"Female"
"9004159",371979,2025-06-19 10:07:17,42.5377960205078,-9.05338001251221,"Female"
"9004159",371979,2025-06-19 10:12:23,42.5360450744629,-9.05324935913086,"Female"
"9004159",371979,2025-06-19 10:17:16,42.5357971191406,-9.05189990997314,"Female"
"9004159",371979,2025-06-19 10:22:17,42.5346260070801,-9.04283809661865,"Female"
"9004159",371979,2025-06-19 10:27:15,42.5346069335938,-9.04275035858154,"Female"
"9004159",371979,2025-06-19 10:32:16,42.5346069335938,-9.04271602630615,"Female"
"9004159",371979,2025-06-19 10:37:15,42.5346412658691,-9.0426549911499,"Female"
"9004159",371979,2025-06-19 10:42:16,42.5346221923828,-9.04263973236084,"Female"
"9004159",371979,2025-06-19 10:47:19,42.5347747802734,-9.04220294952393,"Female"
"9004159",371979,2025-06-19 10:52:18,42.5348281860352,-9.04214668273926,"Female"
"9004159",371979,2025-06-19 10:57:20,42.5347709655762,-9.04223346710205,"Female"
"9004159",371979,2025-06-19 11:02:53,42.5381507873535,-9.05480480194092,"Female"
"9004159",371979,2025-06-19 11:08:43,42.5391883850098,-9.05293369293213,"Female"
"9004159",371979,2025-06-19 11:14:41,42.5404777526855,-9.05337715148926,"Female"
"9004159",371979,2025-06-19 11:19:41,42.5394744873047,-9.05237197875977,"Female"
"9004159",371979,2025-06-19 11:25:31,42.5405197143555,-9.0525369644165,"Female"
"9004159",371979,2025-06-19 11:30:18,42.5398178100586,-9.05204200744629,"Female"
"9004159",371979,2025-06-19 11:36:02,42.5421104431152,-9.05361461639404,"Female"
"9004159",371979,2025-06-19 11:41:07,42.5442276000977,-9.05320167541504,"Female"
"9004159",371979,2025-06-19 11:46:06,42.5457611083984,-9.05231475830078,"Female"
"9004159",371979,2025-06-19 11:51:23,42.5470695495605,-9.05316543579102,"Female"
"9004159",371979,2025-06-19 11:57:16,42.547119140625,-9.05418968200684,"Female"
"9004159",371979,2025-06-19 12:02:18,42.5476875305176,-9.05555820465088,"Female"
"9004159",371979,2025-06-19 12:07:53,42.5480880737305,-9.05697154998779,"Female"
"9004159",371979,2025-06-19 12:13:23,42.5483207702637,-9.05772399902344,"Female"
"9004159",371979,2025-06-19 12:18:58,42.5478363037109,-9.05573177337646,"Female"
"9004159",371979,2025-06-19 12:24:22,42.5471572875977,-9.05432796478271,"Female"
"9004159",371979,2025-06-19 12:29:53,42.5476684570312,-9.05576038360596,"Female"
"9004159",371979,2025-06-19 12:35:10,42.5480346679688,-9.05668926239014,"Female"
"9004159",371979,2025-06-19 12:40:09,42.5483169555664,-9.05753231048584,"Female"
"9004159",371979,2025-06-19 12:45:22,42.548770904541,-9.05863952636719,"Female"
"9004159",371979,2025-06-19 12:50:29,42.5486259460449,-9.05819988250732,"Female"
"9004159",371979,2025-06-19 12:56:36,42.5480651855469,-9.05637073516846,"Female"
"9004159",371979,2025-06-19 13:01:34,42.5479011535645,-9.05597877502441,"Female"
"9004159",371979,2025-06-19 13:07:01,42.5481719970703,-9.0568208694458,"Female"
"9004159",371979,2025-06-19 13:12:36,42.5479431152344,-9.05643558502197,"Female"
"9004159",371979,2025-06-19 13:18:11,42.5474166870117,-9.05532646179199,"Female"
"9004159",371979,2025-06-19 13:23:38,42.5471611022949,-9.05427551269531,"Female"
"9004159",371979,2025-06-19 13:29:35,42.5465126037598,-9.05260562896729,"Female"
"9004159",371979,2025-06-19 13:34:56,42.5466575622559,-9.0529899597168,"Female"
"9004159",371979,2025-06-19 13:40:33,42.5474090576172,-9.05462741851807,"Female"
"9004159",371979,2025-06-19 13:45:41,42.5468864440918,-9.0538158416748,"Female"
"9004159",371979,2025-06-19 13:51:09,42.5474510192871,-9.05523204803467,"Female"
"9004159",371979,2025-06-19 13:56:05,42.5477600097656,-9.0561466217041,"Female"
"9004159",371979,2025-06-19 14:01:04,42.5481605529785,-9.05724620819092,"Female"
"9004159",371979,2025-06-19 14:06:04,42.5476417541504,-9.05582714080811,"Female"
"9004159",371979,2025-06-19 14:11:04,42.5474739074707,-9.05463600158691,"Female"
"9004159",371979,2025-06-19 14:16:06,42.5473442077637,-9.05486106872559,"Female"
"9004159",371979,2025-06-19 14:21:42,42.5474090576172,-9.05508136749268,"Female"
"9004159",371979,2025-06-19 14:26:40,42.5466995239258,-9.05283546447754,"Female"
"9004159",371979,2025-06-19 14:31:41,42.5461616516113,-9.05378723144531,"Female"
"9004159",371979,2025-06-19 14:37:01,42.5352783203125,-9.04316329956055,"Female"
"9004159",371979,2025-06-19 14:41:38,42.5352630615234,-9.04317092895508,"Female"
"9004159",371979,2025-06-19 14:46:37,42.5352935791016,-9.04316139221191,"Female"
"9004159",371979,2025-06-19 14:51:37,42.5352363586426,-9.04313659667969,"Female"
"9004159",371979,2025-06-19 14:56:39,42.5351867675781,-9.04311561584473,"Female"
"9004159",371979,2025-06-19 15:02:05,42.5353126525879,-9.043137550354,"Female"
"9004159",371979,2025-06-19 15:06:36,42.535343170166,-9.04326057434082,"Female"
"9004159",371979,2025-06-19 15:11:36,42.5352668762207,-9.04322242736816,"Female"
"9004159",371979,2025-06-19 15:16:39,42.5353088378906,-9.04320049285889,"Female"
"9004159",371979,2025-06-19 15:21:38,42.535327911377,-9.04312896728516,"Female"
"9004159",371979,2025-06-19 15:26:43,42.5353507995605,-9.04315757751465,"Female"
"9004159",371979,2025-06-19 15:31:38,42.5353775024414,-9.04306411743164,"Female"
"9004159",371979,2025-06-19 15:36:38,42.5354461669922,-9.0433235168457,"Female"
"9004159",371979,2025-06-19 15:41:37,42.5355262756348,-9.04331588745117,"Female"
"9004159",371979,2025-06-19 15:46:36,42.5355072021484,-9.04331207275391,"Female"
"9004159",371979,2025-06-19 15:51:37,42.5357627868652,-9.04360389709473,"Female"
"9004159",371979,2025-06-19 15:56:38,42.5357971191406,-9.04359912872314,"Female"
"9004159",371979,2025-06-19 16:01:38,42.5353088378906,-9.04317283630371,"Female"
"9004159",371979,2025-06-19 16:06:37,42.5353050231934,-9.04314422607422,"Female"
"9004159",371979,2025-06-19 16:11:37,42.5353317260742,-9.04310607910156,"Female"
"9004159",371979,2025-06-19 16:16:37,42.5352973937988,-9.04311180114746,"Female"
"9004159",371979,2025-06-19 16:21:38,42.5352401733398,-9.04305553436279,"Female"
"9004159",371979,2025-06-19 16:26:37,42.5351791381836,-9.04301738739014,"Female"
"9004159",371979,2025-06-19 16:31:38,42.5359725952148,-9.04421615600586,"Female"
"9004159",371979,2025-06-19 16:36:38,42.5358505249023,-9.04403781890869,"Female"
"9004159",371979,2025-06-19 16:41:38,42.5354385375977,-9.04330444335938,"Female"
"9004159",371979,2025-06-19 16:46:38,42.5356750488281,-9.04379844665527,"Female"
"9004159",371979,2025-06-19 16:51:37,42.535758972168,-9.04388809204102,"Female"
"9004159",371979,2025-06-19 16:56:38,42.5356178283691,-9.04388236999512,"Female"
"9004159",371979,2025-06-19 17:01:38,42.5357971191406,-9.04396915435791,"Female"
"9004159",371979,2025-06-19 17:06:38,42.5357131958008,-9.0438175201416,"Female"
"9004159",371979,2025-06-19 17:11:37,42.5356750488281,-9.04373455047607,"Female"
"9004159",371979,2025-06-19 17:16:37,42.539306640625,-9.04856967926025,"Female"
"9004159",371979,2025-06-19 17:22:19,42.547737121582,-9.05670547485352,"Female"
"9004159",371979,2025-06-19 17:27:18,42.5482635498047,-9.05589485168457,"Female"
"9004159",371979,2025-06-19 17:32:46,42.5475006103516,-9.05618286132812,"Female"
"9004159",371979,2025-06-19 17:37:43,42.5461959838867,-9.06541347503662,"Female"
"9004159",371979,2025-06-19 17:42:44,42.5451354980469,-9.06364917755127,"Female"
"9004159",371979,2025-06-19 17:47:53,42.5434875488281,-9.06046485900879,"Female"
"9004159",371979,2025-06-19 17:53:06,42.5423545837402,-9.05817604064941,"Female"
"9004159",371979,2025-06-19 17:57:58,42.5416679382324,-9.05552959442139,"Female"
"9004159",371979,2025-06-19 18:03:18,42.5412826538086,-9.05496501922607,"Female"
"9004159",371979,2025-06-19 18:09:41,42.5393447875977,-9.05423927307129,"Female"
"9004159",371979,2025-06-19 18:14:41,42.5381088256836,-9.05500411987305,"Female"
"9004159",371979,2025-06-19 18:20:05,42.498420715332,-9.01322364807129,"Female"
"9004159",371979,2025-06-19 18:24:38,42.4889984130859,-8.99708366394043,"Female"
"9004159",371979,2025-06-19 18:29:38,42.4888954162598,-8.99707698822021,"Female"
"9004159",371979,2025-06-19 18:34:38,42.4888343811035,-8.99691963195801,"Female"
"9004159",371979,2025-06-19 18:39:39,42.4887275695801,-8.99677085876465,"Female"
"9004159",371979,2025-06-19 18:44:39,42.4888648986816,-8.99695205688477,"Female"
"9004159",371979,2025-06-19 18:49:40,42.4888153076172,-8.99694061279297,"Female"
"9004159",371979,2025-06-19 18:54:41,42.4888572692871,-8.99699020385742,"Female"
"9004159",371979,2025-06-19 18:59:53,42.4889678955078,-8.99710369110107,"Female"
"9004159",371979,2025-06-19 19:04:49,42.4889106750488,-8.99679660797119,"Female"
"9004159",371979,2025-06-19 19:09:46,42.4888916015625,-8.99682331085205,"Female"
"9004159",371979,2025-06-19 19:14:41,42.4880905151367,-8.99655818939209,"Female"
"9004159",371979,2025-06-19 19:19:52,42.4889144897461,-8.99721431732178,"Female"
"9004159",371979,2025-06-19 19:24:47,42.488956451416,-8.99741649627686,"Female"
"9004159",371979,2025-06-19 19:29:39,42.488956451416,-8.99734973907471,"Female"
"9004159",371979,2025-06-19 19:34:40,42.4889106750488,-8.99681568145752,"Female"
"9004159",371979,2025-06-19 19:39:40,42.4888153076172,-8.9968729019165,"Female"
"9004159",371979,2025-06-19 19:44:38,42.4889526367188,-8.99697494506836,"Female"
"9004159",371979,2025-06-19 19:49:38,42.4889259338379,-8.9970235824585,"Female"
"9004159",371979,2025-06-19 19:54:38,42.4888725280762,-8.99685573577881,"Female"
"9004159",371979,2025-06-19 19:59:40,42.4889602661133,-8.99694919586182,"Female"
"9004159",371979,2025-06-19 20:04:40,42.4890098571777,-8.99693489074707,"Female"
"9004159",371979,2025-06-19 20:09:43,42.489013671875,-8.99698638916016,"Female"
"9004159",371979,2025-06-19 20:14:42,42.4890556335449,-8.99709892272949,"Female"
"9004159",371979,2025-06-19 20:19:41,42.4891662597656,-8.99736213684082,"Female"
"9004159",371979,2025-06-19 20:24:38,42.4889945983887,-8.99700260162354,"Female"
"9004159",371979,2025-06-19 20:29:44,42.4890060424805,-8.9970703125,"Female"
"9004159",371979,2025-06-19 20:34:38,42.4890060424805,-8.99698925018311,"Female"
"9004159",371979,2025-06-19 20:39:38,42.4889831542969,-8.99699878692627,"Female"
"9004159",371979,2025-06-19 20:44:38,42.4889488220215,-8.9969654083252,"Female"
"9004159",371979,2025-06-19 20:49:44,42.4889030456543,-8.99696350097656,"Female"
"9004159",371979,2025-06-19 20:54:38,42.4889831542969,-8.99692344665527,"Female"
"9004159",371979,2025-06-19 20:59:38,42.4888610839844,-8.99678516387939,"Female"
"9004159",371979,2025-06-19 21:04:39,42.4889755249023,-8.99696826934814,"Female"
"9004159",371979,2025-06-19 21:09:38,42.4890556335449,-8.997145652771,"Female"
"9004159",371979,2025-06-19 21:14:38,42.4891242980957,-8.99722766876221,"Female"
"9004159",371979,2025-06-19 21:19:39,42.4889907836914,-8.99697399139404,"Female"
"9004159",371979,2025-06-19 21:24:38,42.4890174865723,-8.99697875976562,"Female"
"9004159",371979,2025-06-19 21:29:39,42.4888954162598,-8.99679565429688,"Female"
"9004159",371979,2025-06-19 21:34:39,42.4888343811035,-8.99664497375488,"Female"
"9004159",371979,2025-06-19 21:39:38,42.488842010498,-8.99668312072754,"Female"
"9004159",371979,2025-06-19 21:44:39,42.4888343811035,-8.99667263031006,"Female"
"9004159",371979,2025-06-19 21:49:39,42.4888381958008,-8.99667739868164,"Female"
"9004159",371979,2025-06-19 21:54:39,42.4887657165527,-8.99673080444336,"Female"
"9004159",371979,2025-06-19 21:59:40,42.489616394043,-8.99638271331787,"Female"
"9004159",371979,2025-06-19 22:04:48,42.4893112182617,-8.99652290344238,"Female"
"9004159",371979,2025-06-19 22:09:38,42.4892044067383,-8.99647808074951,"Female"
"9004159",371979,2025-06-19 22:14:46,42.4891510009766,-8.99659824371338,"Female"
"9004159",371979,2025-06-19 22:19:48,42.489143371582,-8.99653339385986,"Female"
"9004159",371979,2025-06-19 22:24:52,42.4892654418945,-8.99659156799316,"Female"
"9004159",371979,2025-06-19 22:29:49,42.489429473877,-8.99662017822266,"Female"
"9004159",371979,2025-06-19 22:34:54,42.4893836975098,-8.99663734436035,"Female"
"9004159",371979,2025-06-19 22:39:55,42.4893455505371,-8.99656772613525,"Female"
"9004159",371979,2025-06-19 22:45:05,42.4891967773438,-8.99670505523682,"Female"
"9004159",371979,2025-06-19 22:49:41,42.4890937805176,-8.99699211120605,"Female"
"9004159",371979,2025-06-19 22:54:38,42.4892578125,-8.99700546264648,"Female"
"9004159",371979,2025-06-19 22:59:41,42.4888687133789,-8.99717330932617,"Female"
"9004159",371979,2025-06-19 23:04:38,42.4889602661133,-8.99719905853271,"Female"
"9004159",371979,2025-06-19 23:09:39,42.4888343811035,-8.99714660644531,"Female"
"9004159",371979,2025-06-19 23:14:38,42.4889602661133,-8.99706649780273,"Female"
"9004159",371979,2025-06-19 23:19:41,42.4889030456543,-8.99708557128906,"Female"
"9004159",371979,2025-06-19 23:24:39,42.4888687133789,-8.99715232849121,"Female"
"9004159",371979,2025-06-19 23:29:41,42.4889831542969,-8.99704170227051,"Female"
"9004159",371979,2025-06-19 23:34:40,42.4889793395996,-8.99711894989014,"Female"
"9004159",371979,2025-06-19 23:39:40,42.4889793395996,-8.99709415435791,"Female"
"9004159",371979,2025-06-19 23:44:41,42.4889869689941,-8.99726676940918,"Female"
"9004159",371979,2025-06-19 23:49:41,42.489013671875,-8.99711036682129,"Female"
"9004159",371979,2025-06-19 23:54:39,42.4889984130859,-8.99712944030762,"Female"
"9004159",371979,2025-06-19 23:59:40,42.4890480041504,-8.99707221984863,"Female"
"9004159",371979,2025-06-20 00:04:40,42.489013671875,-8.99705219268799,"Female"
"9004159",371979,2025-06-20 00:09:42,42.4889869689941,-8.99703311920166,"Female"
"9004159",371979,2025-06-20 00:14:43,42.4889984130859,-8.99708938598633,"Female"
"9004159",371979,2025-06-20 00:19:41,42.4889373779297,-8.99703407287598,"Female"
"9004159",371979,2025-06-20 00:24:42,42.4889030456543,-8.99707317352295,"Female"
"9004159",371979,2025-06-20 00:29:43,42.4890060424805,-8.99710369110107,"Female"
"9004159",371979,2025-06-20 00:34:39,42.4888916015625,-8.99691200256348,"Female"
"9004159",371979,2025-06-20 00:39:45,42.4890403747559,-8.99707412719727,"Female"
"9004159",371979,2025-06-20 00:44:37,42.4889755249023,-8.99710464477539,"Female"
"9004159",371979,2025-06-20 00:49:39,42.4890251159668,-8.99707126617432,"Female"
"9004159",371979,2025-06-20 00:54:38,42.488941192627,-8.99709320068359,"Female"
"9004159",371979,2025-06-20 00:59:37,42.4890632629395,-8.9971342086792,"Female"
"9004159",371979,2025-06-20 01:04:39,42.4890365600586,-8.99713802337646,"Female"
"9004159",371979,2025-06-20 01:09:38,42.4890365600586,-8.99705600738525,"Female"
"9004159",371979,2025-06-20 01:14:44,42.4890327453613,-8.99705600738525,"Female"
"9004159",371979,2025-06-20 01:19:37,42.4890403747559,-8.99701881408691,"Female"
"9004159",371979,2025-06-20 01:24:38,42.4891319274902,-8.9970235824585,"Female"
"9004159",371979,2025-06-20 01:29:40,42.4890823364258,-8.99690818786621,"Female"
"9004159",371979,2025-06-20 01:34:40,42.4888343811035,-8.99725437164307,"Female"
"9004159",371979,2025-06-20 01:39:37,42.4888801574707,-8.9971866607666,"Female"
"9004159",371979,2025-06-20 01:44:41,42.4891052246094,-8.99679946899414,"Female"
"9004159",371979,2025-06-20 01:49:39,42.4888000488281,-8.99728107452393,"Female"
"9004159",371979,2025-06-20 01:54:48,42.4890785217285,-8.99692821502686,"Female"
"9004159",371979,2025-06-20 01:59:46,42.4889907836914,-8.99696731567383,"Female"
"9004159",371979,2025-06-20 02:05:05,42.4890327453613,-8.99711322784424,"Female"
"9004159",371979,2025-06-20 02:09:39,42.4890289306641,-8.99736785888672,"Female"
"9004159",371979,2025-06-20 02:14:38,42.4891548156738,-8.99786758422852,"Female"
"9004159",371979,2025-06-20 02:19:38,42.4891357421875,-8.99773979187012,"Female"
"9004159",371979,2025-06-20 02:24:40,42.4891319274902,-8.99782276153564,"Female"
"9004159",371979,2025-06-20 02:29:40,42.4889831542969,-8.99698734283447,"Female"
"9004159",371979,2025-06-20 02:34:40,42.4889793395996,-8.99699306488037,"Female"
"9004159",371979,2025-06-20 02:39:40,42.4891090393066,-8.99723625183105,"Female"
"9004159",371979,2025-06-20 02:44:40,42.4892654418945,-8.99644374847412,"Female"
"9004159",371979,2025-06-20 02:49:39,42.4891319274902,-8.99693489074707,"Female"
"9004159",371979,2025-06-20 02:54:38,42.4891242980957,-8.99683094024658,"Female"
"9004159",371979,2025-06-20 02:59:37,42.4891319274902,-8.99697208404541,"Female"
"9004159",371979,2025-06-20 03:04:37,42.4891815185547,-8.99697971343994,"Female"
"9004159",371979,2025-06-20 03:09:38,42.4892158508301,-8.99723052978516,"Female"
"9004159",371979,2025-06-20 03:14:50,42.48828125,-8.99730682373047,"Female"
"9004159",371979,2025-06-20 03:19:41,42.4884071350098,-8.99911117553711,"Female"
"9004159",371979,2025-06-20 03:24:46,42.4893188476562,-8.99699878692627,"Female"
"9004159",371979,2025-06-20 03:29:38,42.4893417358398,-8.99692058563232,"Female"
"9004159",371979,2025-06-20 03:34:38,42.4891090393066,-8.99747562408447,"Female"
"9004159",371979,2025-06-20 03:39:38,42.4888687133789,-8.99780464172363,"Female"
"9004159",371979,2025-06-20 03:44:38,42.4891777038574,-8.99739456176758,"Female"
"9004159",371979,2025-06-20 03:49:38,42.4891319274902,-8.99733257293701,"Female"
"9004159",371979,2025-06-20 03:54:38,42.4890785217285,-8.99742221832275,"Female"
"9004159",371979,2025-06-20 03:59:39,42.4891128540039,-8.99731349945068,"Female"
"9004159",371979,2025-06-20 04:04:39,42.4890594482422,-8.99750900268555,"Female"
"9004159",371979,2025-06-20 04:09:39,42.4891357421875,-8.99728870391846,"Female"
"9004159",371979,2025-06-20 04:14:39,42.4891471862793,-8.99738311767578,"Female"
"9004159",371979,2025-06-20 04:19:37,42.4891662597656,-8.99737358093262,"Female"
"9004159",371979,2025-06-20 04:24:38,42.489086151123,-8.99738121032715,"Female"
"9004159",371979,2025-06-20 04:29:37,42.4891586303711,-8.99724578857422,"Female"
"9004159",371979,2025-06-20 04:34:38,42.4891319274902,-8.99728012084961,"Female"
"9004159",371979,2025-06-20 04:39:38,42.489185333252,-8.9972972869873,"Female"
"9004159",371979,2025-06-20 04:44:40,42.4891967773438,-8.99736595153809,"Female"
"9004159",371979,2025-06-20 04:49:39,42.4891510009766,-8.99733734130859,"Female"
"9004159",371979,2025-06-20 04:54:40,42.4891738891602,-8.99735641479492,"Female"
"9004159",371979,2025-06-20 04:59:37,42.4890403747559,-8.99721240997314,"Female"
"9004159",371979,2025-06-20 05:04:37,42.4890747070312,-8.99716186523438,"Female"
"9004159",371979,2025-06-20 05:09:39,42.488956451416,-8.99674320220947,"Female"
"9004159",371979,2025-06-20 05:14:37,42.4889869689941,-8.99711132049561,"Female"
"9004159",371979,2025-06-20 05:19:37,42.4889869689941,-8.9970874786377,"Female"
"9004159",371979,2025-06-20 05:24:38,42.4889869689941,-8.99715900421143,"Female"
"9004159",371979,2025-06-20 05:29:40,42.4891319274902,-8.99730396270752,"Female"
"9004159",371979,2025-06-20 05:34:37,42.4890441894531,-8.99710655212402,"Female"
"9004159",371979,2025-06-20 05:39:38,42.4890365600586,-8.99716854095459,"Female"
"9004159",371979,2025-06-20 05:44:37,42.4890975952148,-8.99722862243652,"Female"
"9004159",371979,2025-06-20 05:49:37,42.4891548156738,-8.99723720550537,"Female"
"9004159",371979,2025-06-20 05:54:37,42.4891510009766,-8.99726486206055,"Female"
"9004159",371979,2025-06-20 05:59:37,42.4891510009766,-8.99722671508789,"Female"
"9004159",371979,2025-06-20 06:04:37,42.4891700744629,-8.99726867675781,"Female"
"9004159",371979,2025-06-20 06:09:40,42.4891395568848,-8.99718570709229,"Female"
"9004159",371979,2025-06-20 06:14:37,42.4891090393066,-8.99725246429443,"Female"
"9004159",371979,2025-06-20 06:19:37,42.4890975952148,-8.99724006652832,"Female"
"9004159",371979,2025-06-20 06:24:37,42.4891319274902,-8.99715232849121,"Female"
"9004159",371979,2025-06-20 06:30:14,42.489013671875,-8.99693489074707,"Female"
"9004159",371979,2025-06-20 06:34:37,42.4890060424805,-8.99709224700928,"Female"
"9004159",371979,2025-06-20 06:39:37,42.4890823364258,-8.9970064163208,"Female"
"9004159",371979,2025-06-20 06:44:37,42.488956451416,-8.99716949462891,"Female"
"9004159",371979,2025-06-20 06:50:05,42.4889717102051,-8.9970588684082,"Female"
"9004159",371979,2025-06-20 06:54:36,42.4890060424805,-8.9970588684082,"Female"
"9004159",371979,2025-06-20 06:59:36,42.4889755249023,-8.99701976776123,"Female"
"9004159",371979,2025-06-20 07:04:36,42.4919624328613,-9.0017147064209,"Female"
"9004159",371979,2025-06-20 07:09:36,42.4919357299805,-9.0017147064209,"Female"
"9004159",371979,2025-06-20 07:14:36,42.491943359375,-9.00175380706787,"Female"
"9004159",371979,2025-06-20 07:19:36,42.4919929504395,-9.00178241729736,"Female"
"9004159",371979,2025-06-20 07:24:36,42.4941520690918,-9.00804615020752,"Female"
"9004159",371979,2025-06-20 07:29:37,42.4986267089844,-9.01475048065186,"Female"
"9004159",371979,2025-06-20 07:35:17,42.5054473876953,-9.01727485656738,"Female"
"9004159",371979,2025-06-20 07:41:00,42.5070343017578,-9.0191593170166,"Female"
"9004159",371979,2025-06-20 07:45:57,42.5072746276855,-9.01982402801514,"Female"
"9004159",371979,2025-06-20 07:51:32,42.5091323852539,-9.01851654052734,"Female"
"9004159",371979,2025-06-20 07:56:31,42.5096092224121,-9.0173397064209,"Female"
"9004159",371979,2025-06-20 08:01:41,42.5080299377441,-9.01704978942871,"Female"
"9004159",371979,2025-06-20 08:07:29,42.5100021362305,-9.01629734039307,"Female"
"9004159",371979,2025-06-20 08:13:21,42.5078315734863,-9.01598930358887,"Female"
"9004159",371979,2025-06-20 08:18:21,42.5054740905762,-9.01603317260742,"Female"
"9004159",371979,2025-06-20 08:23:21,42.5049133300781,-9.02163600921631,"Female"
"9004159",371979,2025-06-20 08:28:25,42.5059051513672,-9.02328014373779,"Female"
"9004159",371979,2025-06-20 08:33:47,42.5027160644531,-9.02342319488525,"Female"
"9004159",371979,2025-06-20 08:39:19,42.5022315979004,-9.0233097076416,"Female"
"9004159",371979,2025-06-20 08:44:23,42.5042037963867,-9.02270793914795,"Female"
"9004159",371979,2025-06-20 08:49:22,42.509693145752,-9.01244640350342,"Female"
"9004159",371979,2025-06-20 08:54:25,42.511791229248,-9.01150035858154,"Female"
"9004159",371979,2025-06-20 08:59:23,42.514331817627,-9.01027488708496,"Female"
"9004159",371979,2025-06-20 09:04:22,42.5142707824707,-9.01019287109375,"Female"
"9004159",371979,2025-06-20 09:09:22,42.5142974853516,-9.01022148132324,"Female"
"9004159",371979,2025-06-20 09:14:23,42.5143203735352,-9.01030349731445,"Female"
"9004159",371979,2025-06-20 09:19:23,42.5142936706543,-9.01032733917236,"Female"
"9004159",371979,2025-06-20 09:24:22,42.5143585205078,-9.01036834716797,"Female"
"9004159",371979,2025-06-20 09:29:22,42.5142784118652,-9.01007175445557,"Female"
"9004159",371979,2025-06-20 09:34:22,42.5143814086914,-9.01029300689697,"Female"
"9004159",371979,2025-06-20 09:39:24,42.51416015625,-9.00994682312012,"Female"
"9004159",371979,2025-06-20 09:44:44,42.5143051147461,-9.01024436950684,"Female"
"9004159",371979,2025-06-20 09:49:22,42.5142478942871,-9.01004886627197,"Female"
"9004159",371979,2025-06-20 09:54:23,42.5144691467285,-9.01068210601807,"Female"
"9004159",371979,2025-06-20 09:59:22,42.5161285400391,-9.01505756378174,"Female"
"9004159",371979,2025-06-20 10:04:24,42.5141334533691,-9.00969409942627,"Female"
"9004159",371979,2025-06-20 10:09:44,42.5143127441406,-9.01027870178223,"Female"
"9004159",371979,2025-06-20 10:14:22,42.514331817627,-9.0101957321167,"Female"
"9004159",371979,2025-06-20 10:19:22,42.5143280029297,-9.01037216186523,"Female"
"9004159",371979,2025-06-20 10:24:25,42.5143394470215,-9.01039028167725,"Female"
"9004159",371979,2025-06-20 10:29:22,42.514289855957,-9.01029205322266,"Female"
"9004159",371979,2025-06-20 10:34:28,42.5143165588379,-9.01034069061279,"Female"
"9004159",371979,2025-06-20 10:39:25,42.5143203735352,-9.01034355163574,"Female"
"9004159",371979,2025-06-20 10:44:25,42.5143051147461,-9.01036548614502,"Female"
"9004159",371979,2025-06-20 10:49:50,42.5096397399902,-9.01279163360596,"Female"
"9004159",371979,2025-06-20 10:59:15,42.5097198486328,-9.01791191101074,"Female"
"9004159",371979,2025-06-20 11:04:07,42.5075874328613,-9.01805400848389,"Female"
"9004159",371979,2025-06-20 11:09:25,42.5078086853027,-9.01831245422363,"Female"
"9004159",371979,2025-06-20 11:15:04,42.5069389343262,-9.01674747467041,"Female"
"9004159",371979,2025-06-20 11:20:03,42.506290435791,-9.01388740539551,"Female"
"9004159",371979,2025-06-20 11:33:44,42.5048904418945,-9.01588916778564,"Female"
"9004159",371979,2025-06-20 11:39:48,42.5038223266602,-9.01885890960693,"Female"
"9004159",371979,2025-06-20 11:51:14,42.5045776367188,-9.01568603515625,"Female"
"9004159",371979,2025-06-20 11:56:29,42.5127067565918,-9.02034568786621,"Female"
"9004159",371979,2025-06-20 12:01:23,42.5147018432617,-9.02897548675537,"Female"
"9004159",371979,2025-06-20 12:06:23,42.5404167175293,-9.05322647094727,"Female"
"9004159",371979,2025-06-20 12:12:16,42.5477638244629,-9.05597591400146,"Female"
"9004159",371979,2025-06-20 12:17:30,42.5481452941895,-9.05696392059326,"Female"
"9004159",371979,2025-06-20 12:22:31,42.5485038757324,-9.05800819396973,"Female"
"9004159",371979,2025-06-20 12:28:17,42.5481719970703,-9.05640506744385,"Female"
"9004159",371979,2025-06-20 12:37:13,42.5476455688477,-9.05344867706299,"Female"
"9004159",371979,2025-06-20 12:43:05,42.5479621887207,-9.05510997772217,"Female"
"9004159",371979,2025-06-20 12:55:52,42.5483245849609,-9.05797290802002,"Female"
"9004159",371979,2025-06-20 13:01:13,42.5486946105957,-9.05883693695068,"Female"
"9004159",371979,2025-06-20 13:06:19,42.548900604248,-9.05962181091309,"Female"
"9004159",371979,2025-06-20 13:11:16,42.5484886169434,-9.06006145477295,"Female"
"9004159",371979,2025-06-20 13:18:13,42.5482711791992,-9.05742073059082,"Female"
"9004159",371979,2025-06-20 13:23:12,42.5475921630859,-9.05600357055664,"Female"
"9004159",371979,2025-06-20 13:28:10,42.5478286743164,-9.05556488037109,"Female"
"9004159",371979,2025-06-20 13:33:17,42.5479965209961,-9.0565938949585,"Female"
"9004159",371979,2025-06-20 13:38:21,42.5477561950684,-9.05602359771729,"Female"
"9004159",371979,2025-06-20 13:43:18,42.5470809936523,-9.05417442321777,"Female"
"9004159",371979,2025-06-20 13:57:32,42.547924041748,-9.05606555938721,"Female"
"9004159",371979,2025-06-20 14:02:38,42.5479736328125,-9.05632400512695,"Female"
"9004159",371979,2025-06-20 14:08:24,42.5478324890137,-9.05615425109863,"Female"
"9004159",371979,2025-06-20 14:14:53,42.548225402832,-9.05760192871094,"Female"
"9004159",371979,2025-06-20 14:19:53,42.5474586486816,-9.05745315551758,"Female"
"9004159",371979,2025-06-20 14:24:58,42.5471801757812,-9.05751895904541,"Female"
"9004159",371979,2025-06-20 14:29:57,42.5229301452637,-9.04871845245361,"Female"
"9004159",371979,2025-06-20 14:35:23,42.5186347961426,-9.04550361633301,"Female"
"9004159",371979,2025-06-20 14:39:52,42.518627166748,-9.04549026489258,"Female"
"9004159",371979,2025-06-20 14:44:54,42.5186347961426,-9.045485496521,"Female"
"9004159",371979,2025-06-20 14:49:51,42.5185661315918,-9.04544353485107,"Female"
"9004159",371979,2025-06-20 14:54:51,42.5186195373535,-9.04549026489258,"Female"
"9004159",371979,2025-06-20 14:59:58,42.5105857849121,-9.02544975280762,"Female"
"9004159",371979,2025-06-20 15:04:54,42.507495880127,-9.01866722106934,"Female"
"9004159",371979,2025-06-20 15:10:53,42.5088424682617,-9.02063179016113,"Female"
"9004159",371979,2025-06-20 15:16:07,42.5101051330566,-9.01937770843506,"Female"
"9004159",371979,2025-06-20 15:21:05,42.5116233825684,-9.0187520980835,"Female"
"9004159",371979,2025-06-20 15:26:11,42.5113983154297,-9.01951789855957,"Female"
"9004159",371979,2025-06-20 15:31:18,42.5102195739746,-9.02030563354492,"Female"
"9004159",371979,2025-06-20 15:36:26,42.508674621582,-9.02024364471436,"Female"
"9004159",371979,2025-06-20 15:42:56,42.5092887878418,-9.01815795898438,"Female"
"9004159",371979,2025-06-20 15:47:56,42.5092430114746,-9.01609802246094,"Female"
"9004159",371979,2025-06-20 15:52:58,42.5082855224609,-9.01447010040283,"Female"
"9004159",371979,2025-06-20 15:57:56,42.5017890930176,-9.01542186737061,"Female"
"9004159",371979,2025-06-20 16:02:56,42.4921646118164,-9.00203990936279,"Female"
"9004159",371979,2025-06-20 16:07:56,42.4921455383301,-9.00191593170166,"Female"
"9004159",371979,2025-06-20 16:13:00,42.4921379089355,-9.00199413299561,"Female"
"9004159",371979,2025-06-20 16:17:56,42.4919815063477,-9.00183582305908,"Female"
"9004159",371979,2025-06-20 16:22:57,42.4918975830078,-9.00175476074219,"Female"
"9004159",371979,2025-06-20 16:27:56,42.4921264648438,-9.00191307067871,"Female"
"9004159",371979,2025-06-20 16:33:14,42.491943359375,-9.00181484222412,"Female"
"9004159",371979,2025-06-20 16:37:58,42.4921989440918,-9.0020170211792,"Female"
"9004159",371979,2025-06-20 16:43:06,42.491943359375,-9.0016918182373,"Female"
"9004159",371979,2025-06-20 16:48:06,42.4890823364258,-8.9971981048584,"Female"
"9004159",371979,2025-06-20 16:53:06,42.4889526367188,-8.99709701538086,"Female"
"9004159",371979,2025-06-20 16:58:06,42.488941192627,-8.99720191955566,"Female"
"9004159",371979,2025-06-20 17:03:11,42.4890480041504,-8.99725437164307,"Female"
"9004159",371979,2025-06-20 17:08:11,42.489070892334,-8.99735164642334,"Female"
"9004159",371979,2025-06-20 17:13:10,42.4891090393066,-8.99736404418945,"Female"
"9004159",371979,2025-06-20 17:18:10,42.4891738891602,-8.99758148193359,"Female"
"9004159",371979,2025-06-20 17:23:29,42.4887428283691,-8.99823474884033,"Female"
"9004159",371979,2025-06-20 17:27:55,42.4887886047363,-8.99825096130371,"Female"
"9004159",371979,2025-06-20 17:32:55,42.4887046813965,-8.99832439422607,"Female"
"9004159",371979,2025-06-20 17:37:55,42.4886932373047,-8.99841213226318,"Female"
"9004159",371979,2025-06-20 17:42:55,42.4887275695801,-8.99823570251465,"Female"
"9004159",371979,2025-06-20 17:47:55,42.4887542724609,-8.99826335906982,"Female"
"9004159",371979,2025-06-20 17:52:56,42.4886741638184,-8.99833393096924,"Female"
"9004159",371979,2025-06-20 17:57:55,42.4886856079102,-8.99831199645996,"Female"
"9004159",371979,2025-06-20 18:02:56,42.488697052002,-8.99830627441406,"Female"
"9004159",371979,2025-06-20 18:07:58,42.4887084960938,-8.99826622009277,"Female"
"9004159",371979,2025-06-20 18:13:07,42.4887542724609,-8.9983377456665,"Female"
"9004159",371979,2025-06-20 18:17:56,42.4886817932129,-8.9982967376709,"Female"
"9004159",371979,2025-06-20 18:22:56,42.4886894226074,-8.99832248687744,"Female"
"9004159",371979,2025-06-20 18:28:06,42.4888038635254,-8.99842643737793,"Female"
"9004159",371979,2025-06-20 18:33:28,42.4887924194336,-8.99838924407959,"Female"
"9004159",371979,2025-06-20 18:37:56,42.4887771606445,-8.99838924407959,"Female"
"9004159",371979,2025-06-20 18:42:56,42.4888458251953,-8.99836158752441,"Female"
"9004159",371979,2025-06-20 18:47:56,42.4887886047363,-8.99827861785889,"Female"
"9004159",371979,2025-06-20 18:52:57,42.4892692565918,-8.99746036529541,"Female"
"9004159",371979,2025-06-20 18:57:57,42.489200592041,-8.99741744995117,"Female"
"9004159",371979,2025-06-20 19:02:57,42.4891815185547,-8.99731922149658,"Female"
"9004159",371979,2025-06-20 19:07:56,42.4891586303711,-8.9973840713501,"Female"
"9004159",371979,2025-06-20 19:13:06,42.4892082214355,-8.99745178222656,"Female"
"9004159",371979,2025-06-20 19:18:03,42.4890518188477,-8.99712467193604,"Female"
"9004159",371979,2025-06-20 19:23:06,42.4892349243164,-8.99743461608887,"Female"
"9004159",371979,2025-06-20 19:27:56,42.4889755249023,-8.99716663360596,"Female"
"9004159",371979,2025-06-20 19:33:00,42.488956451416,-8.99715518951416,"Female"
"9004159",371979,2025-06-20 19:37:57,42.4888572692871,-8.99711608886719,"Female"
"9004159",371979,2025-06-20 19:42:58,42.4887657165527,-8.99721145629883,"Female"
"9004159",371979,2025-06-20 19:47:56,42.4888458251953,-8.9970874786377,"Female"
"9004159",371979,2025-06-20 19:52:57,42.4888038635254,-8.99715232849121,"Female"
"9004159",371979,2025-06-20 19:57:56,42.4887428283691,-8.99719715118408,"Female"
"9004159",371979,2025-06-20 20:02:57,42.4888954162598,-8.99708843231201,"Female"
"9004159",371979,2025-06-20 20:07:56,42.4888381958008,-8.99710273742676,"Female"
"9004159",371979,2025-06-20 20:12:57,42.4888648986816,-8.99703121185303,"Female"
"9004159",371979,2025-06-20 20:17:57,42.4886856079102,-8.99719429016113,"Female"
"9004159",371979,2025-06-20 20:22:56,42.4887809753418,-8.99698543548584,"Female"
"9004159",371979,2025-06-20 20:27:57,42.4894905090332,-8.99655914306641,"Female"
"9004159",371979,2025-06-20 20:32:59,42.4888648986816,-8.99703502655029,"Female"
"9004159",371979,2025-06-20 20:38:04,42.4888572692871,-8.99701595306396,"Female"
"9004159",371979,2025-06-20 20:42:56,42.4889717102051,-8.99703693389893,"Female"
"9004159",371979,2025-06-20 20:47:57,42.4889755249023,-8.9970531463623,"Female"
"9004159",371979,2025-06-20 20:52:59,42.4890022277832,-8.99693393707275,"Female"
"9004159",371979,2025-06-20 20:58:14,42.4888076782227,-8.99708461761475,"Female"
"9004159",371979,2025-06-20 21:02:58,42.4890480041504,-8.99701309204102,"Female"
"9004159",371979,2025-06-20 21:07:59,42.4890289306641,-8.996994972229,"Female"
"9004159",371979,2025-06-20 21:13:07,42.4889297485352,-8.9970178604126,"Female"
"9004159",371979,2025-06-20 21:18:35,42.489013671875,-8.99697113037109,"Female"
"9004159",371979,2025-06-20 21:22:55,42.4889450073242,-8.99715232849121,"Female"
"9004159",371979,2025-06-20 21:27:56,42.4889907836914,-8.99706935882568,"Female"
"9004159",371979,2025-06-20 21:32:57,42.4889259338379,-8.99703884124756,"Female"
"9004159",371979,2025-06-20 21:38:03,42.4887657165527,-8.99704551696777,"Female"
"9004159",371979,2025-06-20 21:42:59,42.4888343811035,-8.996994972229,"Female"
"9004159",371979,2025-06-20 21:48:01,42.4888458251953,-8.99703598022461,"Female"
"9004159",371979,2025-06-20 21:52:57,42.4888648986816,-8.99698352813721,"Female"
"9004159",371979,2025-06-20 21:57:56,42.4889030456543,-8.99697685241699,"Female"
"9004159",371979,2025-06-20 22:02:56,42.4888343811035,-8.99705600738525,"Female"
"9004159",371979,2025-06-20 22:07:57,42.4889755249023,-8.99689674377441,"Female"
"9004159",371979,2025-06-20 22:12:56,42.4888725280762,-8.99704265594482,"Female"
"9004159",371979,2025-06-20 22:17:57,42.4888725280762,-8.99706745147705,"Female"
"9004159",371979,2025-06-20 22:22:56,42.4888153076172,-8.99703025817871,"Female"
"9004159",371979,2025-06-20 22:27:56,42.4888534545898,-8.99705123901367,"Female"
"9004159",371979,2025-06-20 22:32:55,42.4887733459473,-8.99704551696777,"Female"
"9004159",371979,2025-06-20 22:37:56,42.4887733459473,-8.99703788757324,"Female"
"9004159",371979,2025-06-20 22:42:55,42.488712310791,-8.99704265594482,"Female"
"9004159",371979,2025-06-20 22:47:56,42.4887046813965,-8.99701881408691,"Female"
"9004159",371979,2025-06-20 22:52:56,42.4887504577637,-8.99697494506836,"Female"
"9004159",371979,2025-06-20 22:57:56,42.4887161254883,-8.99702930450439,"Female"
"9004159",371979,2025-06-20 23:02:56,42.4887466430664,-8.99694633483887,"Female"
"9004159",371979,2025-06-20 23:07:56,42.4886245727539,-8.99686527252197,"Female"
"9004159",371979,2025-06-20 23:12:55,42.4887847900391,-8.99689388275146,"Female"
"9004159",371979,2025-06-20 23:17:56,42.4887771606445,-8.99682903289795,"Female"
"9004159",371979,2025-06-20 23:22:56,42.4889869689941,-8.99714660644531,"Female"
"9004159",371979,2025-06-20 23:27:57,42.4885902404785,-8.99674701690674,"Female"
"9004159",371979,2025-06-20 23:32:56,42.4890060424805,-8.99691390991211,"Female"
"9004159",371979,2025-06-20 23:38:45,42.4888916015625,-8.99685478210449,"Female"
"9004159",371979,2025-06-20 23:43:34,42.4888687133789,-8.9967565536499,"Female"
"9004159",371979,2025-06-20 23:48:36,42.488899230957,-8.99670886993408,"Female"
"9004159",371979,2025-06-20 23:53:36,42.488956451416,-8.996750831604,"Female"
"9004159",371979,2025-06-20 23:58:44,42.4889183044434,-8.99671268463135,"Female"
"9004159",371979,2025-06-21 00:03:33,42.4888648986816,-8.99670791625977,"Female"
"9004159",371979,2025-06-21 00:08:40,42.4890060424805,-8.99673271179199,"Female"
"9004159",371979,2025-06-21 00:13:39,42.4890251159668,-8.99680328369141,"Female"
"9004159",371979,2025-06-21 00:18:39,42.4891319274902,-8.99685478210449,"Female"
"9004159",371979,2025-06-21 00:23:39,42.4887809753418,-8.99689388275146,"Female"
"9004159",371979,2025-06-21 00:28:39,42.4888229370117,-8.99686622619629,"Female"
"9004159",371979,2025-06-21 00:33:45,42.4888229370117,-8.99688053131104,"Female"
"9004159",371979,2025-06-21 00:38:41,42.4888763427734,-8.99699401855469,"Female"
"9004159",371979,2025-06-21 00:43:39,42.4887466430664,-8.99681758880615,"Female"
"9004159",371979,2025-06-21 00:48:39,42.4888877868652,-8.99697399139404,"Female"
"9004159",371979,2025-06-21 00:53:39,42.4886436462402,-8.99674415588379,"Female"
"9004159",371979,2025-06-21 00:58:40,42.4883499145508,-8.99642181396484,"Female"
"9004159",371979,2025-06-21 01:03:37,42.4884834289551,-8.99642658233643,"Female"
"9004159",371979,2025-06-21 01:08:34,42.4887390136719,-8.99643039703369,"Female"
"9004159",371979,2025-06-21 01:13:39,42.4895820617676,-8.99733638763428,"Female"
"9004159",371979,2025-06-21 01:18:42,42.4889488220215,-8.99687099456787,"Female"
"9004159",371979,2025-06-21 01:23:39,42.4890289306641,-8.99704456329346,"Female"
"9004159",371979,2025-06-21 01:28:36,42.4890098571777,-8.99698448181152,"Female"
"9004159",371979,2025-06-21 01:34:05,42.4888725280762,-8.99698543548584,"Female"
"9004159",371979,2025-06-21 01:38:34,42.4888610839844,-8.99693489074707,"Female"
"9004159",371979,2025-06-21 01:43:32,42.4888496398926,-8.99689102172852,"Female"
"9004159",371979,2025-06-21 01:48:30,42.4888496398926,-8.99700736999512,"Female"
"9004159",371979,2025-06-21 01:53:31,42.4888229370117,-8.9970874786377,"Female"
"9004159",371979,2025-06-21 01:58:33,42.488883972168,-8.99708080291748,"Female"
"9004159",371979,2025-06-21 02:03:34,42.4889488220215,-8.99690628051758,"Female"
"9004159",371979,2025-06-21 02:08:33,42.4889068603516,-8.99699592590332,"Female"
"9004159",371979,2025-06-21 02:13:31,42.4888801574707,-8.99705028533936,"Female"
"9004159",371979,2025-06-21 02:18:31,42.4889831542969,-8.99711990356445,"Female"
"9004159",371979,2025-06-21 02:23:32,42.4889259338379,-8.99702644348145,"Female"
"9004159",371979,2025-06-21 02:28:32,42.4889068603516,-8.99705219268799,"Female"
"9004159",371979,2025-06-21 02:33:33,42.488899230957,-8.99707126617432,"Female"
"9004159",371979,2025-06-21 02:38:34,42.4889106750488,-8.99716091156006,"Female"
"9004159",371979,2025-06-21 02:43:33,42.4888877868652,-8.9970760345459,"Female"
"9004159",371979,2025-06-21 02:48:32,42.4889183044434,-8.99706172943115,"Female"
"9004159",371979,2025-06-21 02:53:33,42.4889221191406,-8.99706268310547,"Female"
"9004159",371979,2025-06-21 02:58:31,42.488883972168,-8.99709033966064,"Female"
"9004159",371979,2025-06-21 03:03:43,42.488842010498,-8.9968729019165,"Female"
"9004159",371979,2025-06-21 03:08:33,42.4890594482422,-8.99716758728027,"Female"
"9004159",371979,2025-06-21 03:13:31,42.489387512207,-8.99771404266357,"Female"
"9004159",371979,2025-06-21 03:18:31,42.4893074035645,-8.9976863861084,"Female"
"9004159",371979,2025-06-21 03:23:33,42.4893035888672,-8.99746227264404,"Female"
"9004159",371979,2025-06-21 03:28:31,42.4892578125,-8.99740600585938,"Female"
"9004159",371979,2025-06-21 03:33:35,42.4890213012695,-8.99726390838623,"Female"
"9004159",371979,2025-06-21 03:38:37,42.4891624450684,-8.99737167358398,"Female"
"9004159",371979,2025-06-21 03:43:39,42.4891166687012,-8.99742221832275,"Female"
"9004159",371979,2025-06-21 03:48:45,42.4890518188477,-8.99690914154053,"Female"
"9004159",371979,2025-06-21 03:53:38,42.4891700744629,-8.99718379974365,"Female"
"9004159",371979,2025-06-21 03:58:59,42.4892463684082,-8.99722671508789,"Female"
"9004159",371979,2025-06-21 04:04:05,42.4891586303711,-8.9971170425415,"Female"
"9004159",371979,2025-06-21 04:08:39,42.4889526367188,-8.99699878692627,"Female"
"9004159",371979,2025-06-21 04:13:39,42.4889488220215,-8.99695014953613,"Female"
"9004159",371979,2025-06-21 04:18:32,42.4873046875,-8.99855804443359,"Female"
"9004159",371979,2025-06-21 04:23:34,42.4889068603516,-8.9970121383667,"Female"
"9004159",371979,2025-06-21 04:28:37,42.4889373779297,-8.99696636199951,"Female"
"9004159",371979,2025-06-21 04:33:32,42.4888801574707,-8.99703311920166,"Female"
"9004159",371979,2025-06-21 04:38:31,42.4888229370117,-8.99714851379395,"Female"
"9004159",371979,2025-06-21 04:43:31,42.4887886047363,-8.99721622467041,"Female"
"9004159",371979,2025-06-21 04:48:31,42.4888801574707,-8.99720668792725,"Female"
"9004159",371979,2025-06-21 04:53:34,42.4888381958008,-8.99701690673828,"Female"
"9004159",371979,2025-06-21 04:58:36,42.4890022277832,-8.99703598022461,"Female"
"9004159",371979,2025-06-21 05:03:32,42.4890785217285,-8.99703693389893,"Female"
"9004159",371979,2025-06-21 05:08:36,42.4890670776367,-8.99721145629883,"Female"
"9004159",371979,2025-06-21 05:13:40,42.4889831542969,-8.99664306640625,"Female"
"9004159",371979,2025-06-21 05:19:05,42.4890174865723,-8.99699592590332,"Female"
"9004159",371979,2025-06-21 05:23:35,42.4889450073242,-8.99699306488037,"Female"
"9004159",371979,2025-06-21 05:28:34,42.4889984130859,-8.99704837799072,"Female"
"9004159",371979,2025-06-21 05:33:33,42.4888114929199,-8.99703502655029,"Female"
"9004159",371979,2025-06-21 05:38:34,42.4886856079102,-8.99721717834473,"Female"
"9004159",371979,2025-06-21 05:43:31,42.4887619018555,-8.99702167510986,"Female"
"9004159",371979,2025-06-21 05:48:32,42.4887657165527,-8.99709796905518,"Female"
"9004159",371979,2025-06-21 05:53:32,42.4887962341309,-8.99711227416992,"Female"
"9004159",371979,2025-06-21 05:58:30,42.4888305664062,-8.99696826934814,"Female"
"9004159",371979,2025-06-21 06:03:31,42.4888877868652,-8.99718570709229,"Female"
"9004159",371979,2025-06-21 06:08:31,42.4888114929199,-8.99702072143555,"Female"
"9004159",371979,2025-06-21 06:13:31,42.4887886047363,-8.99684906005859,"Female"
"9004159",371979,2025-06-21 06:18:33,42.4887886047363,-8.99704551696777,"Female"
"9004159",371979,2025-06-21 06:23:31,42.4888038635254,-8.99702739715576,"Female"
"9004159",371979,2025-06-21 06:28:31,42.4888648986816,-8.99694728851318,"Female"
"9004159",371979,2025-06-21 06:33:31,42.4888725280762,-8.99701404571533,"Female"
"9004159",371979,2025-06-21 06:38:31,42.4888725280762,-8.99701309204102,"Female"
"9004159",371979,2025-06-21 06:43:32,42.488956451416,-8.9969367980957,"Female"
"9004159",371979,2025-06-21 06:48:31,42.4889678955078,-8.99697017669678,"Female"
"9004159",371979,2025-06-21 06:53:31,42.488956451416,-8.99697685241699,"Female"
"9004159",371979,2025-06-21 06:58:31,42.4889259338379,-8.99696922302246,"Female"
"9004159",371979,2025-06-21 07:03:31,42.4889030456543,-8.99698066711426,"Female"
"9004159",371979,2025-06-21 07:08:32,42.4913787841797,-9.00203609466553,"Female"
"9004159",371979,2025-06-21 07:13:34,42.4916725158691,-9.00185775756836,"Female"
"9004159",371979,2025-06-21 07:18:31,42.4916496276855,-9.00185680389404,"Female"
"9004159",371979,2025-06-21 07:23:32,42.4913444519043,-9.00210285186768,"Female"
"9004159",371979,2025-06-21 07:28:31,42.4915466308594,-9.00182819366455,"Female"
"9004159",371979,2025-06-21 07:33:31,42.4989852905273,-9.00252246856689,"Female"
"9004159",371979,2025-06-21 07:38:31,42.5115051269531,-9.02054595947266,"Female"
"9004159",371979,2025-06-21 07:43:33,42.5123291015625,-9.022216796875,"Female"
"9004159",371979,2025-06-21 07:48:31,42.5125198364258,-9.02101993560791,"Female"
"9004159",371979,2025-06-21 07:53:33,42.5125732421875,-9.02469635009766,"Female"
"9004159",371979,2025-06-21 07:59:15,42.512279510498,-9.02519416809082,"Female"
"9004159",371979,2025-06-21 08:04:11,42.5117607116699,-9.02439785003662,"Female"
"9004159",371979,2025-06-21 08:09:13,42.5335845947266,-9.05821990966797,"Female"
"9004159",371979,2025-06-21 08:14:11,42.5443267822266,-9.05619716644287,"Female"
"9004159",371979,2025-06-21 08:19:54,42.548641204834,-9.05772876739502,"Female"
"9004159",371979,2025-06-21 08:24:57,42.5476188659668,-9.056396484375,"Female"
"9004159",371979,2025-06-21 08:29:55,42.5476036071777,-9.05743980407715,"Female"
"9004159",371979,2025-06-21 08:34:54,42.5669326782227,-9.04821586608887,"Female"
"9004159",371979,2025-06-21 08:39:55,42.5671348571777,-9.04823970794678,"Female"
"9004159",371979,2025-06-21 08:44:54,42.5667419433594,-9.04817867279053,"Female"
"9004159",371979,2025-06-21 08:49:54,42.5666694641113,-9.04815578460693,"Female"
"9004159",371979,2025-06-21 08:54:58,42.5655212402344,-9.05866622924805,"Female"
"9004159",371979,2025-06-21 09:00:00,42.5658721923828,-9.06027030944824,"Female"
"9004159",371979,2025-06-21 09:04:59,42.5658073425293,-9.06052875518799,"Female"
"9004159",371979,2025-06-21 09:09:58,42.5646476745605,-9.06066989898682,"Female"
"9004159",371979,2025-06-21 09:14:58,42.5639839172363,-9.0600700378418,"Female"
"9004159",371979,2025-06-21 09:20:03,42.5634269714355,-9.05939960479736,"Female"
"9004159",371979,2025-06-21 09:24:58,42.5592269897461,-9.05233478546143,"Female"
"9004159",371979,2025-06-21 09:29:59,42.5482406616211,-9.04843044281006,"Female"
"9004159",371979,2025-06-21 09:35:27,42.5481109619141,-9.05130290985107,"Female"
"9004159",371979,2025-06-21 09:40:29,42.5487861633301,-9.05361652374268,"Female"
"9004159",371979,2025-06-21 09:45:28,42.5476150512695,-9.05428600311279,"Female"
"9004159",371979,2025-06-21 09:50:27,42.5476570129395,-9.05579948425293,"Female"
"9004159",371979,2025-06-21 09:55:27,42.5466461181641,-9.05641746520996,"Female"
"9004159",371979,2025-06-21 10:00:27,42.5474014282227,-9.05577182769775,"Female"
"9004159",371979,2025-06-21 10:05:47,42.5478210449219,-9.05501747131348,"Female"
"9004159",371979,2025-06-21 10:10:49,42.5482559204102,-9.0551872253418,"Female"
"9004159",371979,2025-06-21 10:15:47,42.5473594665527,-9.05404090881348,"Female"
"9004159",371979,2025-06-21 10:20:47,42.5469665527344,-9.05403995513916,"Female"
"9004159",371979,2025-06-21 10:25:46,42.5471954345703,-9.05346488952637,"Female"
"9004159",371979,2025-06-21 10:30:47,42.5436248779297,-9.0511474609375,"Female"
"9004159",371979,2025-06-21 10:35:47,42.5442848205566,-9.05119705200195,"Female"
"9004159",371979,2025-06-21 10:40:47,42.5440521240234,-9.05115127563477,"Female"
"9004159",371979,2025-06-21 10:45:51,42.543083190918,-9.05075836181641,"Female"
"9004159",371979,2025-06-21 10:50:50,42.5369262695312,-9.05633640289307,"Female"
"9004159",371979,2025-06-21 10:56:45,42.5386276245117,-9.05363845825195,"Female"
"9004159",371979,2025-06-21 11:02:09,42.5381698608398,-9.05427360534668,"Female"
"9004159",371979,2025-06-21 11:07:08,42.5382118225098,-9.05311489105225,"Female"
"9004159",371979,2025-06-21 11:13:08,42.5406227111816,-9.05549812316895,"Female"
"9004159",371979,2025-06-21 11:20:00,42.5419540405273,-9.05748176574707,"Female"
"9004159",371979,2025-06-21 11:25:14,42.541374206543,-9.05935573577881,"Female"
"9004159",371979,2025-06-21 11:30:13,42.5471076965332,-9.05659961700439,"Female"
"9004159",371979,2025-06-21 11:35:13,42.5476989746094,-9.05537033081055,"Female"
"9004159",371979,2025-06-21 11:40:23,42.5484771728516,-9.05787372589111,"Female"
"9004159",371979,2025-06-21 11:46:23,42.548095703125,-9.05893993377686,"Female"
"9004159",371979,2025-06-21 11:52:22,42.5490036010742,-9.05864810943604,"Female"
"9004159",371979,2025-06-21 11:57:54,42.5495834350586,-9.06050682067871,"Female"
"9004159",371979,2025-06-21 12:02:54,42.5507049560547,-9.06198501586914,"Female"
"9004159",371979,2025-06-21 12:07:54,42.5522270202637,-9.06315231323242,"Female"
"9004159",371979,2025-06-21 12:12:55,42.5538368225098,-9.06315803527832,"Female"
"9004159",371979,2025-06-21 12:17:55,42.5554885864258,-9.06328964233398,"Female"
"9004159",371979,2025-06-21 12:23:07,42.5576362609863,-9.06317901611328,"Female"
"9004159",371979,2025-06-21 12:28:37,42.5491981506348,-9.05875587463379,"Female"
"9004159",371979,2025-06-21 12:34:45,42.5492134094238,-9.06015872955322,"Female"
"9004159",371979,2025-06-21 12:39:44,42.5486755371094,-9.05831432342529,"Female"
"9004159",371979,2025-06-21 12:45:23,42.5483894348145,-9.05691432952881,"Female"
"9004159",371979,2025-06-21 12:50:50,42.5477333068848,-9.05521297454834,"Female"
"9004159",371979,2025-06-21 12:55:47,42.5472717285156,-9.05358791351318,"Female"
"9004159",371979,2025-06-21 13:00:47,42.5478897094727,-9.05545902252197,"Female"
"9004159",371979,2025-06-21 13:05:46,42.548526763916,-9.05727767944336,"Female"
"9004159",371979,2025-06-21 13:10:47,42.5488319396973,-9.0582218170166,"Female"
"9004159",371979,2025-06-21 13:15:48,42.549373626709,-9.05945873260498,"Female"
"9004159",371979,2025-06-21 13:20:47,42.5490837097168,-9.05923366546631,"Female"
"9004159",371979,2025-06-21 13:26:21,42.5486259460449,-9.05819129943848,"Female"
"9004159",371979,2025-06-21 13:31:33,42.5478134155273,-9.05611896514893,"Female"
"9004159",371979,2025-06-21 13:37:08,42.5488967895508,-9.05753707885742,"Female"
"9004159",371979,2025-06-21 13:43:08,42.5489692687988,-9.05881595611572,"Female"
"9004159",371979,2025-06-21 13:48:54,42.5495796203613,-9.06020641326904,"Female"
"9004159",371979,2025-06-21 13:54:30,42.5493469238281,-9.05939769744873,"Female"
"9004159",371979,2025-06-21 13:59:37,42.548770904541,-9.05824947357178,"Female"
"9004159",371979,2025-06-21 14:04:39,42.5484199523926,-9.0568380355835,"Female"
"9004159",371979,2025-06-21 14:09:37,42.5481262207031,-9.05568027496338,"Female"
"9004159",371979,2025-06-21 14:14:38,42.5483932495117,-9.05676937103271,"Female"
"9004159",371979,2025-06-21 14:19:40,42.5488891601562,-9.05845928192139,"Female"
"9004159",371979,2025-06-21 14:25:14,42.5494232177734,-9.05925941467285,"Female"
"9004159",371979,2025-06-21 14:30:13,42.549617767334,-9.05893898010254,"Female"
"9004159",371979,2025-06-21 14:36:09,42.5486183166504,-9.05738639831543,"Female"
"9004159",371979,2025-06-21 14:41:27,42.5485687255859,-9.05762577056885,"Female"
"9004159",371979,2025-06-21 14:46:26,42.5489730834961,-9.05828285217285,"Female"
"9004159",371979,2025-06-21 14:51:27,42.5487937927246,-9.05781078338623,"Female"
"9004159",371979,2025-06-21 14:56:46,42.5489845275879,-9.05725574493408,"Female"
"9004159",371979,2025-06-21 15:02:19,42.5483055114746,-9.0559663772583,"Female"
"9004159",371979,2025-06-21 15:07:22,42.5483436584473,-9.05614948272705,"Female"
"9004159",371979,2025-06-21 15:12:22,42.5478401184082,-9.05617332458496,"Female"
"9004159",371979,2025-06-21 15:17:25,42.5458297729492,-9.05670547485352,"Female"
"9004159",371979,2025-06-21 15:22:22,42.534854888916,-9.04753017425537,"Female"
"9004159",371979,2025-06-21 15:27:22,42.5351638793945,-9.04765796661377,"Female"
"9004159",371979,2025-06-21 15:32:23,42.5354270935059,-9.04781436920166,"Female"
"9004159",371979,2025-06-21 15:37:20,42.5356063842773,-9.0479564666748,"Female"
"9004159",371979,2025-06-21 15:42:22,42.535083770752,-9.0474100112915,"Female"
"9004159",371979,2025-06-21 15:47:22,42.5349388122559,-9.04739284515381,"Female"
"9004159",371979,2025-06-21 15:52:23,42.5349235534668,-9.0474967956543,"Female"
"9004159",371979,2025-06-21 15:57:23,42.5349578857422,-9.04752922058105,"Female"
"9004159",371979,2025-06-21 16:02:23,42.5349197387695,-9.04740333557129,"Female"
"9004159",371979,2025-06-21 16:07:23,42.5349006652832,-9.0474157333374,"Female"
"9004159",371979,2025-06-21 16:12:24,42.5349273681641,-9.0472993850708,"Female"
"9004159",371979,2025-06-21 16:17:30,42.5349159240723,-9.04716491699219,"Female"
"9004159",371979,2025-06-21 16:22:22,42.5349044799805,-9.04738140106201,"Female"
"9004159",371979,2025-06-21 16:27:29,42.5349769592285,-9.04707813262939,"Female"
"9004159",371979,2025-06-21 16:32:31,42.5351219177246,-9.04697513580322,"Female"
"9004159",371979,2025-06-21 16:37:46,42.5347785949707,-9.04749774932861,"Female"
"9004159",371979,2025-06-21 16:42:30,42.534912109375,-9.04741954803467,"Female"
"9004159",371979,2025-06-21 16:47:30,42.5349960327148,-9.04726314544678,"Female"
"9004159",371979,2025-06-21 16:52:29,42.5351104736328,-9.04695701599121,"Female"
"9004159",371979,2025-06-21 16:57:39,42.5345802307129,-9.04770374298096,"Female"
"9004159",371979,2025-06-21 17:02:30,42.5354347229004,-9.04645252227783,"Female"
"9004159",371979,2025-06-21 17:07:30,42.5353813171387,-9.04655838012695,"Female"
"9004159",371979,2025-06-21 17:12:24,42.5341377258301,-9.04859638214111,"Female"
"9004159",371979,2025-06-21 17:17:24,42.5343017578125,-9.04837608337402,"Female"
"9004159",371979,2025-06-21 17:22:22,42.5341491699219,-9.04879665374756,"Female"
"9004159",371979,2025-06-21 17:27:23,42.5335884094238,-9.0497875213623,"Female"
"9004159",371979,2025-06-21 17:32:24,42.5331878662109,-9.05054664611816,"Female"
"9004159",371979,2025-06-21 17:37:23,42.5327491760254,-9.05133438110352,"Female"
"9004159",371979,2025-06-21 17:42:25,42.5345039367676,-9.04735660552979,"Female"
"9004159",371979,2025-06-21 17:47:31,42.5345840454102,-9.04722690582275,"Female"
"9004159",371979,2025-06-21 17:52:27,42.534481048584,-9.04728221893311,"Female"
"9004159",371979,2025-06-21 17:57:23,42.5347633361816,-9.0469913482666,"Female"
"9004159",371979,2025-06-21 18:02:23,42.5364227294922,-9.04423236846924,"Female"
"9004159",371979,2025-06-21 18:07:22,42.5148315429688,-9.03282070159912,"Female"
"9004159",371979,2025-06-21 18:12:23,42.509391784668,-9.02869319915771,"Female"
"9004159",371979,2025-06-21 18:17:48,42.5016479492188,-9.01802062988281,"Female"
"9004159",371979,2025-06-21 18:23:07,42.4987182617188,-9.01981925964355,"Female"
"9004159",371979,2025-06-21 18:29:16,42.4998359680176,-9.01925182342529,"Female"
"9004159",371979,2025-06-21 18:34:51,42.5003662109375,-9.01832866668701,"Female"
"9004159",371979,2025-06-21 18:39:53,42.5015563964844,-9.01755428314209,"Female"
"9004159",371979,2025-06-21 18:45:13,42.504035949707,-9.01423931121826,"Female"
"9004159",371979,2025-06-21 18:50:22,42.5036354064941,-9.0153694152832,"Female"
"9004159",371979,2025-06-21 18:55:21,42.5020942687988,-9.01570987701416,"Female"
"9004159",371979,2025-06-21 19:00:20,42.4892539978027,-8.99733257293701,"Female"
"9004159",371979,2025-06-21 19:05:20,42.4894218444824,-8.99716567993164,"Female"
"9004159",371979,2025-06-21 19:10:44,42.489315032959,-8.99703025817871,"Female"
"9004159",371979,2025-06-21 19:15:20,42.4895095825195,-8.99692916870117,"Female"
"9004159",371979,2025-06-21 19:20:22,42.4890174865723,-8.99708080291748,"Female"
"9004159",371979,2025-06-21 19:25:22,42.4890251159668,-8.9971342086792,"Female"
"9004159",371979,2025-06-21 19:30:22,42.4888610839844,-8.99718952178955,"Female"
"9004159",371979,2025-06-21 19:35:20,42.4889869689941,-8.9970703125,"Female"
"9004159",371979,2025-06-21 19:40:21,42.4885902404785,-8.99736309051514,"Female"
"9004159",371979,2025-06-21 19:45:20,42.4887542724609,-8.99718952178955,"Female"
"9004159",371979,2025-06-21 19:50:20,42.4888687133789,-8.9970588684082,"Female"
"9004159",371979,2025-06-21 19:55:20,42.4888687133789,-8.99699974060059,"Female"
"9004159",371979,2025-06-21 20:00:20,42.488956451416,-8.9969482421875,"Female"
"9004159",371979,2025-06-21 20:05:20,42.4888687133789,-8.99697780609131,"Female"
"9004159",371979,2025-06-21 20:10:20,42.4885406494141,-8.9971981048584,"Female"
"9004159",371979,2025-06-21 20:15:21,42.4889488220215,-8.99681854248047,"Female"
"9004159",371979,2025-06-21 20:20:20,42.4888305664062,-8.99695682525635,"Female"
"9004159",371979,2025-06-21 20:25:20,42.4884338378906,-8.99730491638184,"Female"
"9004159",371979,2025-06-21 20:30:20,42.4888954162598,-8.9969482421875,"Female"
"9004159",371979,2025-06-21 20:35:20,42.4885864257812,-8.99716377258301,"Female"
"9004159",371979,2025-06-21 20:40:20,42.4892463684082,-8.99672985076904,"Female"
"9004159",371979,2025-06-21 20:45:20,42.489070892334,-8.99691867828369,"Female"
"9004159",371979,2025-06-21 20:50:22,42.4890899658203,-8.99703788757324,"Female"
"9004159",371979,2025-06-21 20:55:21,42.489143371582,-8.99709892272949,"Female"
"9004159",371979,2025-06-21 21:00:21,42.4890327453613,-8.99700546264648,"Female"
"9004159",371979,2025-06-21 21:05:22,42.4894027709961,-8.99662494659424,"Female"
"9004159",371979,2025-06-21 21:10:21,42.4890747070312,-8.99714851379395,"Female"
"9004159",371979,2025-06-21 21:15:21,42.4890060424805,-8.99695587158203,"Female"
"9004159",371979,2025-06-21 21:20:21,42.4892082214355,-8.99709892272949,"Female"
"9004159",371979,2025-06-21 21:25:22,42.4892883300781,-8.99714279174805,"Female"
"9004159",371979,2025-06-21 21:30:21,42.4887962341309,-8.99713134765625,"Female"
"9004159",371979,2025-06-21 21:35:23,42.4890556335449,-8.99689674377441,"Female"
"9004159",371979,2025-06-21 21:40:23,42.4897384643555,-8.99815654754639,"Female"
"9004159",371979,2025-06-21 21:46:34,42.4893264770508,-8.99707221984863,"Female"
"9004159",371979,2025-06-21 21:50:41,42.4892730712891,-8.99714183807373,"Female"
"9004159",371979,2025-06-21 21:55:22,42.4886703491211,-8.99708938598633,"Female"
"9004159",371979,2025-06-21 22:00:20,42.4886894226074,-8.99701690673828,"Female"
"9004159",371979,2025-06-21 22:05:20,42.4887962341309,-8.99702072143555,"Female"
"9004159",371979,2025-06-21 22:10:21,42.4891090393066,-8.99699687957764,"Female"
"9004159",371979,2025-06-21 22:15:20,42.4886703491211,-8.99705410003662,"Female"
"9004159",371979,2025-06-21 22:20:20,42.4889717102051,-8.99692726135254,"Female"
"9004159",371979,2025-06-21 22:25:20,42.4887619018555,-8.99701499938965,"Female"
"9004159",371979,2025-06-21 22:30:20,42.4887771606445,-8.9970817565918,"Female"
"9004159",371979,2025-06-21 22:35:20,42.4889717102051,-8.99693775177002,"Female"
"9004159",371979,2025-06-21 22:40:21,42.4890899658203,-8.99685955047607,"Female"
"9004159",371979,2025-06-21 22:45:20,42.4888458251953,-8.99703407287598,"Female"
"9004159",371979,2025-06-21 22:50:20,42.4888687133789,-8.99692630767822,"Female"
"9004159",371979,2025-06-21 22:55:21,42.4887924194336,-8.99700450897217,"Female"
"9004159",371979,2025-06-21 23:00:22,42.4888610839844,-8.99715614318848,"Female"
"9004159",371979,2025-06-21 23:05:23,42.4889526367188,-8.9972038269043,"Female"
"9004159",371979,2025-06-21 23:10:21,42.4887161254883,-8.99721622467041,"Female"
"9004159",371979,2025-06-21 23:15:22,42.4888191223145,-8.99711894989014,"Female"
"9004159",371979,2025-06-21 23:20:21,42.4886093139648,-8.99690055847168,"Female"
"9004159",371979,2025-06-21 23:25:25,42.4889640808105,-8.99684715270996,"Female"
"9004159",371979,2025-06-21 23:30:21,42.4888801574707,-8.99691200256348,"Female"
"9004159",371979,2025-06-21 23:35:21,42.4889297485352,-8.99694633483887,"Female"
"9004159",371979,2025-06-21 23:40:20,42.4888534545898,-8.99689197540283,"Female"
"9004159",371979,2025-06-21 23:45:22,42.488712310791,-8.99690914154053,"Female"
"9004159",371979,2025-06-21 23:50:21,42.4888000488281,-8.99690532684326,"Female"
"9004159",371979,2025-06-21 23:55:20,42.4888458251953,-8.99715042114258,"Female"
"9004159",371979,2025-06-22 00:00:21,42.488842010498,-8.99703788757324,"Female"
"9004159",371979,2025-06-22 00:05:20,42.4888114929199,-8.99698734283447,"Female"
"9004159",371979,2025-06-22 00:10:22,42.4887962341309,-8.99694633483887,"Female"
"9004159",371979,2025-06-22 00:15:21,42.4888191223145,-8.99692344665527,"Female"
"9004159",371979,2025-06-22 00:20:22,42.4887084960938,-8.99688816070557,"Female"
"9004159",371979,2025-06-22 00:25:23,42.488883972168,-8.99701595306396,"Female"
"9004159",371979,2025-06-22 00:30:21,42.4888877868652,-8.99696636199951,"Female"
"9004159",371979,2025-06-22 00:35:30,42.4889221191406,-8.99706554412842,"Female"
"9004159",371979,2025-06-22 00:40:22,42.4889030456543,-8.99699115753174,"Female"
"9004159",371979,2025-06-22 00:45:25,42.4889984130859,-8.99695873260498,"Female"
"9004159",371979,2025-06-22 00:50:21,42.4889945983887,-8.99708080291748,"Female"
"9004159",371979,2025-06-22 00:55:21,42.4890403747559,-8.9970064163208,"Female"
"9004159",371979,2025-06-22 01:00:23,42.4889869689941,-8.99702644348145,"Female"
"9004159",371979,2025-06-22 01:05:21,42.4890289306641,-8.99705028533936,"Female"
"9004159",371979,2025-06-22 01:10:22,42.489086151123,-8.99674415588379,"Female"
"9004159",371979,2025-06-22 01:15:30,42.4890747070312,-8.9968204498291,"Female"
"9004159",371979,2025-06-22 01:20:21,42.4890670776367,-8.99684524536133,"Female"
"9004159",371979,2025-06-22 01:25:27,42.4891395568848,-8.99676609039307,"Female"
"9004159",371979,2025-06-22 01:30:21,42.488639831543,-8.99758720397949,"Female"
"9004159",371979,2025-06-22 01:35:21,42.4884986877441,-8.99792003631592,"Female"
"9004159",371979,2025-06-22 01:40:22,42.4885559082031,-8.99780654907227,"Female"
"9004159",371979,2025-06-22 01:45:20,42.4887046813965,-8.99751281738281,"Female"
"9004159",371979,2025-06-22 01:50:20,42.4888229370117,-8.99744415283203,"Female"
"9004159",371979,2025-06-22 01:55:21,42.4889259338379,-8.99735736846924,"Female"
"9004159",371979,2025-06-22 02:00:21,42.488883972168,-8.99735546112061,"Female"
"9004159",371979,2025-06-22 02:05:20,42.488826751709,-8.99741172790527,"Female"
"9004159",371979,2025-06-22 02:10:20,42.4879455566406,-8.99959564208984,"Female"
"9004159",371979,2025-06-22 02:15:20,42.4888648986816,-8.9973669052124,"Female"
"9004159",371979,2025-06-22 02:20:20,42.4888916015625,-8.99728965759277,"Female"
"9004159",371979,2025-06-22 02:25:20,42.4889068603516,-8.99723148345947,"Female"
"9004159",371979,2025-06-22 02:30:20,42.4889297485352,-8.99722862243652,"Female"
"9004159",371979,2025-06-22 02:35:23,42.4889297485352,-8.99723625183105,"Female"
"9004159",371979,2025-06-22 02:40:20,42.4889221191406,-8.99721431732178,"Female"
"9004159",371979,2025-06-22 02:45:23,42.4888877868652,-8.99720573425293,"Female"
"9004159",371979,2025-06-22 02:50:24,42.4889793395996,-8.99718189239502,"Female"
"9004159",371979,2025-06-22 02:55:20,42.4888916015625,-8.99717426300049,"Female"
"9004159",371979,2025-06-22 03:00:44,42.4888534545898,-8.9970760345459,"Female"
"9004159",371979,2025-06-22 03:05:21,42.4888229370117,-8.99708366394043,"Female"
"9004159",371979,2025-06-22 03:10:21,42.4892883300781,-8.99753189086914,"Female"
"9004159",371979,2025-06-22 03:15:20,42.4894409179688,-8.99762630462646,"Female"
"9004159",371979,2025-06-22 03:20:22,42.4890480041504,-8.99771881103516,"Female"
"9004159",371979,2025-06-22 03:25:25,42.4892158508301,-8.99748229980469,"Female"
"9004159",371979,2025-06-22 03:30:24,42.4891128540039,-8.99733829498291,"Female"
"9004159",371979,2025-06-22 03:35:20,42.4891242980957,-8.99726867675781,"Female"
"9004159",371979,2025-06-22 03:40:24,42.4890670776367,-8.99705123901367,"Female"
"9004159",371979,2025-06-22 03:45:24,42.4892730712891,-8.99692726135254,"Female"
"9004159",371979,2025-06-22 03:50:23,42.4891662597656,-8.99705696105957,"Female"
"9004159",371979,2025-06-22 03:55:20,42.4891242980957,-8.99718284606934,"Female"
"9004159",371979,2025-06-22 04:00:22,42.4890480041504,-8.99694633483887,"Female"
"9004159",371979,2025-06-22 04:05:25,42.4890594482422,-8.99714374542236,"Female"
"9004159",371979,2025-06-22 04:10:22,42.4890975952148,-8.99702548980713,"Female"
"9004159",371979,2025-06-22 04:15:22,42.4891662597656,-8.996826171875,"Female"
"9004159",371979,2025-06-22 04:20:22,42.4892082214355,-8.9969310760498,"Female"
"9004159",371979,2025-06-22 04:25:34,42.4891357421875,-8.99721622467041,"Female"
"9004159",371979,2025-06-22 04:30:20,42.4890289306641,-8.99667549133301,"Female"
"9004159",371979,2025-06-22 04:35:20,42.4889602661133,-8.99669170379639,"Female"
"9004159",371979,2025-06-22 04:40:22,42.4889755249023,-8.99656200408936,"Female"
"9004159",371979,2025-06-22 04:45:22,42.4892044067383,-8.99733352661133,"Female"
"9004159",371979,2025-06-22 04:50:20,42.4891014099121,-8.99713230133057,"Female"
"9004159",371979,2025-06-22 04:55:20,42.4891700744629,-8.99715805053711,"Female"
"9004159",371979,2025-06-22 05:00:22,42.489200592041,-8.99745750427246,"Female"
"9004159",371979,2025-06-22 05:05:20,42.4891090393066,-8.99720573425293,"Female"
"9004159",371979,2025-06-22 05:10:20,42.4889831542969,-8.9970645904541,"Female"
"9004159",371979,2025-06-22 05:15:20,42.4892234802246,-8.9971981048584,"Female"
"9004159",371979,2025-06-22 05:20:20,42.4892120361328,-8.99723625183105,"Female"
"9004159",371979,2025-06-22 05:25:20,42.4891700744629,-8.99712753295898,"Female"
"9004159",371979,2025-06-22 05:30:21,42.4890937805176,-8.99731826782227,"Female"
"9004159",371979,2025-06-22 05:35:21,42.4889831542969,-8.99713039398193,"Female"
"9004159",371979,2025-06-22 05:40:28,42.4890670776367,-8.99725818634033,"Female"
"9004159",371979,2025-06-22 05:45:22,42.4890785217285,-8.99705982208252,"Female"
"9004159",371979,2025-06-22 05:50:20,42.4890594482422,-8.99699211120605,"Female"
"9004159",371979,2025-06-22 05:55:21,42.4891014099121,-8.99693393707275,"Female"
"9004159",371979,2025-06-22 06:00:22,42.4890747070312,-8.99694538116455,"Female"
"9004159",371979,2025-06-22 06:05:33,42.4889450073242,-8.99682521820068,"Female"
"9004159",371979,2025-06-22 06:10:21,42.4890518188477,-8.99688625335693,"Female"
"9004159",371979,2025-06-22 06:15:21,42.4890289306641,-8.99691581726074,"Female"
"9004159",371979,2025-06-22 06:20:20,42.4891128540039,-8.99688529968262,"Female"
"9004159",371979,2025-06-22 06:25:21,42.4891510009766,-8.99701404571533,"Female"
"9004159",371979,2025-06-22 06:30:22,42.4891738891602,-8.99696636199951,"Female"
"9004159",371979,2025-06-22 06:35:22,42.4891662597656,-8.99689388275146,"Female"
"9004159",371979,2025-06-22 06:40:20,42.4891777038574,-8.99692440032959,"Female"
"9004159",371979,2025-06-22 06:45:24,42.4891090393066,-8.99693489074707,"Female"
"9004159",371979,2025-06-22 06:50:25,42.4891090393066,-8.99694633483887,"Female"
"9004159",371979,2025-06-22 06:55:28,42.4891319274902,-8.99698352813721,"Female"
"9004159",371979,2025-06-22 07:00:24,42.4891548156738,-8.99682426452637,"Female"
"9004159",371979,2025-06-22 07:05:23,42.4891586303711,-8.9969596862793,"Female"
"9004159",371979,2025-06-22 07:10:23,42.4892044067383,-8.99708652496338,"Female"
"9004159",371979,2025-06-22 07:15:24,42.4891891479492,-8.99707126617432,"Female"
"9004159",371979,2025-06-22 07:20:23,42.4890975952148,-8.99706363677979,"Female"
"9004159",371979,2025-06-22 07:25:23,42.4922332763672,-9.00184154510498,"Female"
"9004159",371979,2025-06-22 07:30:23,42.4922752380371,-9.00186061859131,"Female"
"9004159",371979,2025-06-22 07:35:23,42.4922714233398,-9.00169849395752,"Female"
"9004159",371979,2025-06-22 07:40:44,42.4985771179199,-9.01462459564209,"Female"
"9004159",371979,2025-06-22 07:45:20,42.501708984375,-9.01814079284668,"Female"
"9004159",371979,2025-06-22 07:50:23,42.5028114318848,-9.02085208892822,"Female"
"9004159",371979,2025-06-22 07:56:15,42.5036964416504,-9.01980400085449,"Female"
"9004159",371979,2025-06-22 08:01:20,42.5024223327637,-9.02012348175049,"Female"
"9004159",371979,2025-06-22 08:06:27,42.4978218078613,-9.015944480896,"Female"
"9004159",371979,2025-06-22 08:11:17,42.4986457824707,-9.01499366760254,"Female"
"9004159",371979,2025-06-22 08:16:19,42.4987983703613,-9.015380859375,"Female"
"9004159",371979,2025-06-22 08:21:13,42.4987602233887,-9.01499176025391,"Female"
"9004159",371979,2025-06-22 08:26:18,42.498722076416,-9.01485061645508,"Female"
"9004159",371979,2025-06-22 08:31:44,42.4987297058105,-9.01480007171631,"Female"
"9004159",371979,2025-06-22 08:36:13,42.4988059997559,-9.01517105102539,"Female"
"9004159",371979,2025-06-22 08:41:17,42.4987449645996,-9.01495170593262,"Female"
"9004159",371979,2025-06-22 08:46:13,42.4989891052246,-9.0156946182251,"Female"
"9004159",371979,2025-06-22 08:51:17,42.4986457824707,-9.01496982574463,"Female"
"9004159",371979,2025-06-22 08:56:16,42.4988555908203,-9.01517200469971,"Female"
"9004159",371979,2025-06-22 09:01:18,42.499267578125,-9.01580333709717,"Female"
"9004159",371979,2025-06-22 09:06:19,42.4987144470215,-9.01491832733154,"Female"
"9004159",371979,2025-06-22 09:11:16,42.4986953735352,-9.01507091522217,"Female"
"9004159",371979,2025-06-22 09:16:35,42.4986877441406,-9.01483249664307,"Female"
"9004159",371979,2025-06-22 09:21:13,42.4985275268555,-9.01474666595459,"Female"
"9004159",371979,2025-06-22 09:26:15,42.498706817627,-9.0148868560791,"Female"
"9004159",371979,2025-06-22 09:31:14,42.4987564086914,-9.01499652862549,"Female"
"9004159",371979,2025-06-22 09:36:13,42.498722076416,-9.01498889923096,"Female"
"9004159",371979,2025-06-22 09:41:13,42.4986572265625,-9.01480388641357,"Female"
"9004159",371979,2025-06-22 09:46:13,42.4986572265625,-9.01483249664307,"Female"
"9004159",371979,2025-06-22 09:51:13,42.4986305236816,-9.01480007171631,"Female"
"9004159",371979,2025-06-22 09:56:13,42.4986610412598,-9.01479625701904,"Female"
"9004159",371979,2025-06-22 10:01:13,42.4986381530762,-9.01478481292725,"Female"
"9004159",371979,2025-06-22 10:06:13,42.4986343383789,-9.01477432250977,"Female"
"9004159",371979,2025-06-22 10:11:13,42.4986991882324,-9.01473426818848,"Female"
"9004159",371979,2025-06-22 10:16:13,42.498649597168,-9.01477527618408,"Female"
"9004159",371979,2025-06-22 10:21:13,42.4986457824707,-9.014723777771,"Female"
"9004159",371979,2025-06-22 10:26:46,42.5032043457031,-9.01977348327637,"Female"
"9004159",371979,2025-06-22 10:31:52,42.5048637390137,-9.01928329467773,"Female"
"9004159",371979,2025-06-22 10:37:15,42.5068092346191,-9.01984310150146,"Female"
"9004159",371979,2025-06-22 10:42:12,42.5078277587891,-9.01969814300537,"Female"
"9004159",371979,2025-06-22 10:47:12,42.5090026855469,-9.01943111419678,"Female"
"9004159",371979,2025-06-22 10:52:53,42.5089569091797,-9.0206241607666,"Female"
"9004159",371979,2025-06-22 10:58:32,42.5087661743164,-9.02090167999268,"Female"
"9004159",371979,2025-06-22 11:04:11,42.509651184082,-9.01871204376221,"Female"
"9004159",371979,2025-06-22 11:10:21,42.5100631713867,-9.01890563964844,"Female"
"9004159",371979,2025-06-22 11:15:57,42.5109977722168,-9.01818656921387,"Female"
"9004159",371979,2025-06-22 11:20:55,42.509578704834,-9.0173397064209,"Female"
"9004159",371979,2025-06-22 11:26:19,42.5080871582031,-9.01803207397461,"Female"
"9004159",371979,2025-06-22 11:32:48,42.5074577331543,-9.01759147644043,"Female"
"9004159",371979,2025-06-22 11:37:54,42.508430480957,-9.01724720001221,"Female"
"9004159",371979,2025-06-22 11:43:46,42.5091590881348,-9.01575469970703,"Female"
"9004159",371979,2025-06-22 11:49:18,42.5075569152832,-9.01552772521973,"Female"
"9004159",371979,2025-06-22 11:54:47,42.5069198608398,-9.01577377319336,"Female"
"9004159",371979,2025-06-22 12:14:58,42.5060920715332,-9.01422309875488,"Female"
"9004159",371979,2025-06-22 12:20:23,42.5065269470215,-9.01376152038574,"Female"
"9004159",371979,2025-06-22 12:26:00,42.5067024230957,-9.01367378234863,"Female"
"9004159",371979,2025-06-22 12:31:19,42.5071678161621,-9.0139217376709,"Female"
"9004159",371979,2025-06-22 12:38:10,42.5090789794922,-9.01423454284668,"Female"
"9004159",371979,2025-06-22 12:48:42,42.5084762573242,-9.01742458343506,"Female"
"9004159",371979,2025-06-22 12:54:06,42.5072860717773,-9.01492309570312,"Female"
"9004159",371979,2025-06-22 12:58:59,42.5063667297363,-9.0140905380249,"Female"
"9004159",371979,2025-06-22 13:04:37,42.5060005187988,-9.01471614837646,"Female"
"9004159",371979,2025-06-22 13:10:10,42.5048675537109,-9.01525592803955,"Female"
"9004159",371979,2025-06-22 13:15:07,42.5045280456543,-9.01605415344238,"Female"
"9004159",371979,2025-06-22 13:20:49,42.5046768188477,-9.01581764221191,"Female"
"9004159",371979,2025-06-22 13:25:52,42.5042419433594,-9.01607418060303,"Female"
"9004159",371979,2025-06-22 13:31:01,42.5044250488281,-9.01636791229248,"Female"
"9004159",371979,2025-06-22 13:37:47,42.5041999816895,-9.01691818237305,"Female"
"9004159",371979,2025-06-22 13:42:43,42.5041007995605,-9.01598358154297,"Female"
"9004159",371979,2025-06-22 13:48:24,42.5050201416016,-9.01612758636475,"Female"
"9004159",371979,2025-06-22 13:53:41,42.5041465759277,-9.01697254180908,"Female"
"9004159",371979,2025-06-22 13:58:54,42.5039367675781,-9.01721477508545,"Female"
"9004159",371979,2025-06-22 14:05:36,42.5041236877441,-9.01747798919678,"Female"
"9004159",371979,2025-06-22 14:11:35,42.5044250488281,-9.01671028137207,"Female"
"9004159",371979,2025-06-22 14:17:06,42.5029830932617,-9.01558208465576,"Female"
"9004159",371979,2025-06-22 14:21:32,42.498722076416,-9.01474666595459,"Female"
"9004159",371979,2025-06-22 14:27:01,42.498649597168,-9.0145959854126,"Female"
"9004159",371979,2025-06-22 14:31:32,42.498607635498,-9.01440715789795,"Female"
"9004159",371979,2025-06-22 14:37:01,42.4986267089844,-9.0147066116333,"Female"
"9004159",371979,2025-06-22 14:41:30,42.4985961914062,-9.01478862762451,"Female"
"9004159",371979,2025-06-22 14:46:30,42.4986572265625,-9.01476955413818,"Female"
"9004159",371979,2025-06-22 14:51:30,42.4985771179199,-9.01472759246826,"Female"
"9004159",371979,2025-06-22 14:56:31,42.4986228942871,-9.01474380493164,"Female"
"9004159",371979,2025-06-22 15:01:34,42.4986724853516,-9.01480007171631,"Female"
"9004159",371979,2025-06-22 15:06:33,42.4986038208008,-9.01470375061035,"Female"
"9004159",371979,2025-06-22 15:11:33,42.4981384277344,-9.01413154602051,"Female"
"9004159",371979,2025-06-22 15:16:31,42.4986114501953,-9.01475429534912,"Female"
"9004159",371979,2025-06-22 15:21:32,42.4980659484863,-9.0139331817627,"Female"
"9004159",371979,2025-06-22 15:26:31,42.4975204467773,-9.01401996612549,"Female"
"9004159",371979,2025-06-22 15:31:32,42.4986228942871,-9.01474761962891,"Female"
"9004159",371979,2025-06-22 15:36:39,42.4979934692383,-9.01430892944336,"Female"
"9004159",371979,2025-06-22 15:41:31,42.496467590332,-9.01334190368652,"Female"
"9004159",371979,2025-06-22 15:46:40,42.498046875,-9.01435947418213,"Female"
"9004159",371979,2025-06-22 15:51:31,42.4979972839355,-9.0143404006958,"Female"
"9004159",371979,2025-06-22 15:56:31,42.4971046447754,-9.0139741897583,"Female"
"9004159",371979,2025-06-22 16:01:34,42.4985504150391,-9.01469039916992,"Female"
"9004159",371979,2025-06-22 16:06:31,42.4986991882324,-9.01477527618408,"Female"
"9004159",371979,2025-06-22 16:11:37,42.4983406066895,-9.01467037200928,"Female"
"9004159",371979,2025-06-22 16:16:32,42.4978256225586,-9.01421070098877,"Female"
"9004159",371979,2025-06-22 16:21:38,42.4986419677734,-9.01458072662354,"Female"
"9004159",371979,2025-06-22 16:26:39,42.4986801147461,-9.0146656036377,"Female"
"9004159",371979,2025-06-22 16:32:03,42.4986877441406,-9.01470756530762,"Female"
"9004159",371979,2025-06-22 16:36:31,42.4987754821777,-9.0146312713623,"Female"
"9004159",371979,2025-06-22 16:41:31,42.4987678527832,-9.01463794708252,"Female"
"9004159",371979,2025-06-22 16:46:31,42.4987144470215,-9.01466369628906,"Female"
"9004159",371979,2025-06-22 16:51:31,42.498706817627,-9.01478481292725,"Female"
"9004159",371979,2025-06-22 16:56:31,42.4986801147461,-9.01471138000488,"Female"
"9004159",371979,2025-06-22 17:01:31,42.4986724853516,-9.01481819152832,"Female"
"9004159",371979,2025-06-22 17:06:31,42.4986534118652,-9.01485633850098,"Female"
"9004159",371979,2025-06-22 17:11:31,42.4987106323242,-9.014817237854,"Female"
"9004159",371979,2025-06-22 17:16:31,42.4987258911133,-9.01483821868896,"Female"
"9004159",371979,2025-06-22 17:21:31,42.4986991882324,-9.01481056213379,"Female"
"9004159",371979,2025-06-22 17:26:31,42.4986839294434,-9.01487636566162,"Female"
"9004159",371979,2025-06-22 17:31:31,42.498706817627,-9.01476192474365,"Female"
"9004159",371979,2025-06-22 17:36:31,42.4987945556641,-9.01482200622559,"Female"
"9004159",371979,2025-06-22 17:41:31,42.4987373352051,-9.01488399505615,"Female"
"9004159",371979,2025-06-22 17:46:31,42.498722076416,-9.01486396789551,"Female"
"9004159",371979,2025-06-22 17:51:31,42.498722076416,-9.01484966278076,"Female"
"9004159",371979,2025-06-22 17:56:55,42.5017547607422,-9.01594352722168,"Female"
"9004159",371979,2025-06-22 18:01:55,42.501293182373,-9.01648807525635,"Female"
"9004159",371979,2025-06-22 18:07:23,42.5010452270508,-9.01865100860596,"Female"
"9004159",371979,2025-06-22 18:12:59,42.5004692077637,-9.02080821990967,"Female"
"9004159",371979,2025-06-22 18:17:59,42.5018157958984,-9.02021980285645,"Female"
"9004159",371979,2025-06-22 18:22:59,42.4891204833984,-8.99713897705078,"Female"
"9004159",371979,2025-06-22 18:27:59,42.4889755249023,-8.99706745147705,"Female"
"9004159",371979,2025-06-22 18:33:00,42.4892807006836,-8.99749946594238,"Female"
"9004159",371979,2025-06-22 18:37:59,42.4890441894531,-8.99728679656982,"Female"
"9004159",371979,2025-06-22 18:43:00,42.489086151123,-8.99732971191406,"Female"
"9004159",371979,2025-06-22 18:47:59,42.4891319274902,-8.99733543395996,"Female"
"9004159",371979,2025-06-22 18:53:00,42.4890441894531,-8.99727439880371,"Female"
"9004159",371979,2025-06-22 18:58:00,42.4890556335449,-8.99724388122559,"Female"
"9004159",371979,2025-06-22 19:03:06,42.4889717102051,-8.99728870391846,"Female"
"9004159",371979,2025-06-22 19:08:02,42.4890747070312,-8.99728488922119,"Female"
"9004159",371979,2025-06-22 19:13:01,42.488941192627,-8.99716281890869,"Female"
"9004159",371979,2025-06-22 19:18:04,42.4889526367188,-8.9973030090332,"Female"
"9004159",371979,2025-06-22 19:23:00,42.4888381958008,-8.99745273590088,"Female"
"9004159",371979,2025-06-22 19:28:07,42.4889831542969,-8.99724674224854,"Female"
"9004159",371979,2025-06-22 19:32:59,42.4893951416016,-8.99696350097656,"Female"
"9004159",371979,2025-06-22 19:38:07,42.4889488220215,-8.99724674224854,"Female"
"9004159",371979,2025-06-22 19:42:59,42.4891510009766,-8.99718570709229,"Female"
"9004159",371979,2025-06-22 19:48:08,42.4888572692871,-8.99746608734131,"Female"
"9004159",371979,2025-06-22 19:53:01,42.488410949707,-8.99800777435303,"Female"
"9004159",371979,2025-06-22 19:58:09,42.4889259338379,-8.99745655059814,"Female"
"9004159",371979,2025-06-22 20:03:01,42.4892044067383,-8.99711132049561,"Female"
"9004159",371979,2025-06-22 20:08:07,42.488826751709,-8.99752902984619,"Female"
"9004159",371979,2025-06-22 20:13:01,42.4890823364258,-8.99722671508789,"Female"
"9004159",371979,2025-06-22 20:18:07,42.4887809753418,-8.99758529663086,"Female"
"9004159",371979,2025-06-22 20:23:01,42.4892082214355,-8.99719905853271,"Female"
"9004159",371979,2025-06-22 20:28:07,42.4887809753418,-8.99755859375,"Female"
"9004159",371979,2025-06-22 20:33:07,42.4886512756348,-8.99763584136963,"Female"
"9004159",371979,2025-06-22 20:38:07,42.4886894226074,-8.99756813049316,"Female"
"9004159",371979,2025-06-22 20:43:17,42.4885940551758,-8.99757671356201,"Female"
"9004159",371979,2025-06-22 20:48:08,42.4886894226074,-8.99754238128662,"Female"
"9004159",371979,2025-06-22 20:53:08,42.4883041381836,-8.9976921081543,"Female"
"9004159",371979,2025-06-22 20:58:16,42.4883041381836,-8.99771308898926,"Female"
"9004159",371979,2025-06-22 21:03:29,42.4889068603516,-8.99711132049561,"Female"
"9004159",371979,2025-06-22 21:08:01,42.488899230957,-8.99703693389893,"Female"
"9004159",371979,2025-06-22 21:13:05,42.4888954162598,-8.99700546264648,"Female"
"9004159",371979,2025-06-22 21:18:04,42.488842010498,-8.99691772460938,"Female"
"9004159",371979,2025-06-22 21:23:01,42.4888610839844,-8.99702644348145,"Female"
"9004159",371979,2025-06-22 21:28:07,42.4890289306641,-8.99699878692627,"Female"
"9004159",371979,2025-06-22 21:33:29,42.4888572692871,-8.99697113037109,"Female"
"9004159",371979,2025-06-22 21:38:02,42.4889945983887,-8.99701309204102,"Female"
"9004159",371979,2025-06-22 21:43:01,42.4891166687012,-8.99672412872314,"Female"
"9004159",371979,2025-06-22 21:48:04,42.4891815185547,-8.99706840515137,"Female"
"9004159",371979,2025-06-22 21:53:04,42.489315032959,-8.99707412719727,"Female"
"9004159",371979,2025-06-22 21:58:04,42.4890060424805,-8.9970645904541,"Female"
"9004159",371979,2025-06-22 22:03:01,42.4892272949219,-8.99762535095215,"Female"
"9004159",371979,2025-06-22 22:08:07,42.4891510009766,-8.99711322784424,"Female"
"9004159",371979,2025-06-22 22:13:01,42.4891586303711,-8.99735736846924,"Female"
"9004159",371979,2025-06-22 22:18:07,42.4892501831055,-8.99686527252197,"Female"
"9004159",371979,2025-06-22 22:22:59,42.4891815185547,-8.99643611907959,"Female"
"9004159",371979,2025-06-22 22:28:09,42.4893569946289,-8.99668121337891,"Female"
"9004159",371979,2025-06-22 22:32:59,42.4893836975098,-8.99659156799316,"Female"
"9004159",371979,2025-06-22 22:37:59,42.4891166687012,-8.99732112884521,"Female"
"9004159",371979,2025-06-22 22:43:00,42.4891319274902,-8.99732494354248,"Female"
"9004159",371979,2025-06-22 22:48:08,42.4892616271973,-8.99632740020752,"Female"
"9004159",371979,2025-06-22 22:53:02,42.4890975952148,-8.99672985076904,"Female"
"9004159",371979,2025-06-22 22:58:00,42.4890747070312,-8.99753475189209,"Female"
"9004159",371979,2025-06-22 23:03:06,42.4891395568848,-8.99671649932861,"Female"
"9004159",371979,2025-06-22 23:08:00,42.4891319274902,-8.99691009521484,"Female"
"9004159",371979,2025-06-22 23:13:04,42.4889297485352,-8.99683284759521,"Female"
"9004159",371979,2025-06-22 23:18:02,42.489013671875,-8.99675273895264,"Female"
"9004159",371979,2025-06-22 23:23:00,42.4891395568848,-8.997239112854,"Female"
"9004159",371979,2025-06-22 23:28:00,42.489070892334,-8.99716186523438,"Female"
"9004159",371979,2025-06-22 23:32:59,42.489086151123,-8.99729347229004,"Female"
"9004159",371979,2025-06-22 23:38:07,42.4888648986816,-8.99682712554932,"Female"
"9004159",371979,2025-06-22 23:43:00,42.4880523681641,-8.9967041015625,"Female"
"9004159",371979,2025-06-22 23:48:00,42.4889831542969,-8.99711513519287,"Female"
"9004159",371979,2025-06-22 23:53:00,42.4885559082031,-8.99699306488037,"Female"
"9004159",371979,2025-06-22 23:58:01,42.4886474609375,-8.99700832366943,"Female"
"9004159",371979,2025-06-23 00:03:00,42.4886474609375,-8.99703121185303,"Female"
"9004159",371979,2025-06-23 00:08:00,42.4886856079102,-8.99702739715576,"Female"
"9004159",371979,2025-06-23 00:13:06,42.4887733459473,-8.99697113037109,"Female"
"9004159",371979,2025-06-23 00:18:14,42.4888954162598,-8.99688243865967,"Female"
"9004159",371979,2025-06-23 00:23:10,42.4888916015625,-8.99696159362793,"Female"
"9004159",371979,2025-06-23 00:28:00,42.4890022277832,-8.99704933166504,"Female"
"9004159",371979,2025-06-23 00:33:05,42.4889335632324,-8.99698352813721,"Female"
"9004159",371979,2025-06-23 00:38:07,42.4890098571777,-8.99711608886719,"Female"
"9004159",371979,2025-06-23 00:43:07,42.4889068603516,-8.99674987792969,"Female"
"9004159",371979,2025-06-23 00:48:17,42.4889984130859,-8.99689674377441,"Female"
"9004159",371979,2025-06-23 00:53:16,42.4890022277832,-8.99698829650879,"Female"
"9004159",371979,2025-06-23 00:58:04,42.4889755249023,-8.99733543395996,"Female"
"9004159",371979,2025-06-23 01:03:02,42.4889373779297,-8.99715900421143,"Female"
"9004159",371979,2025-06-23 01:08:01,42.489143371582,-8.99710559844971,"Female"
"9004159",371979,2025-06-23 01:13:25,42.4889297485352,-8.99705123901367,"Female"
"9004159",371979,2025-06-23 01:17:59,42.4888381958008,-8.99704170227051,"Female"
"9004159",371979,2025-06-23 01:23:00,42.4889259338379,-8.99696731567383,"Female"
"9004159",371979,2025-06-23 01:27:59,42.4888229370117,-8.99712085723877,"Female"
"9004159",371979,2025-06-23 01:33:00,42.488899230957,-8.99704360961914,"Female"
"9004159",371979,2025-06-23 01:37:59,42.4888763427734,-8.99713516235352,"Female"
"9004159",371979,2025-06-23 01:42:59,42.4889373779297,-8.99696731567383,"Female"
"9004159",371979,2025-06-23 01:48:01,42.4888916015625,-8.99708366394043,"Female"
"9004159",371979,2025-06-23 01:53:01,42.4888687133789,-8.9970817565918,"Female"
"9004159",371979,2025-06-23 01:57:59,42.4889297485352,-8.99701023101807,"Female"
"9004159",371979,2025-06-23 02:03:00,42.4889335632324,-8.99701595306396,"Female"
"9004159",371979,2025-06-23 02:07:59,42.4889526367188,-8.99695110321045,"Female"
"9004159",371979,2025-06-23 02:12:59,42.488883972168,-8.99705600738525,"Female"
"9004159",371979,2025-06-23 02:17:59,42.4888458251953,-8.99709320068359,"Female"
"9004159",371979,2025-06-23 02:22:59,42.4889373779297,-8.99708652496338,"Female"
"9004159",371979,2025-06-23 02:28:03,42.4888381958008,-8.99709796905518,"Female"
"9004159",371979,2025-06-23 02:33:01,42.4889717102051,-8.99703502655029,"Female"
"9004159",371979,2025-06-23 02:38:00,42.4889488220215,-8.99697589874268,"Female"
"9004159",371979,2025-06-23 02:42:59,42.4888877868652,-8.99710559844971,"Female"
"9004159",371979,2025-06-23 02:48:01,42.4888916015625,-8.99702835083008,"Female"
"9004159",371979,2025-06-23 02:52:59,42.4889144897461,-8.99704170227051,"Female"
"9004159",371979,2025-06-23 02:57:59,42.4889907836914,-8.99705600738525,"Female"
"9004159",371979,2025-06-23 03:02:59,42.4888877868652,-8.99697494506836,"Female"
"9004159",371979,2025-06-23 03:08:01,42.4889602661133,-8.99699592590332,"Female"
"9004159",371979,2025-06-23 03:13:04,42.4888725280762,-8.9970064163208,"Female"
"9004159",371979,2025-06-23 03:18:02,42.4889144897461,-8.99700832366943,"Female"
"9004159",371979,2025-06-23 03:23:02,42.4889183044434,-8.99704837799072,"Female"
"9004159",371979,2025-06-23 03:28:05,42.4888191223145,-8.99707698822021,"Female"
"9004159",371979,2025-06-23 03:33:07,42.4891777038574,-8.99706172943115,"Female"
"9004159",371979,2025-06-23 03:38:17,42.4886131286621,-8.9970531463623,"Female"
"9004159",371979,2025-06-23 03:43:02,42.4890441894531,-8.99709892272949,"Female"
"9004159",371979,2025-06-23 03:48:07,42.489330291748,-8.99708557128906,"Female"
"9004159",371979,2025-06-23 03:53:04,42.4889106750488,-8.99705791473389,"Female"
"9004159",371979,2025-06-23 03:58:05,42.4892082214355,-8.99734878540039,"Female"
"9004159",371979,2025-06-23 04:03:05,42.4893608093262,-8.99738311767578,"Female"
"9004159",371979,2025-06-23 04:08:07,42.4890785217285,-8.99722862243652,"Female"
"9004159",371979,2025-06-23 04:13:07,42.4890213012695,-8.99736213684082,"Female"
"9004159",371979,2025-06-23 04:18:07,42.489200592041,-8.99733543395996,"Female"
"9004159",371979,2025-06-23 04:23:07,42.4886016845703,-8.99707126617432,"Female"
"9004159",371979,2025-06-23 04:28:07,42.4888763427734,-8.99713706970215,"Female"
"9004159",371979,2025-06-23 04:33:03,42.4889106750488,-8.99705123901367,"Female"
"9004159",371979,2025-06-23 04:38:07,42.4890441894531,-8.997389793396,"Female"
"9004159",371979,2025-06-23 04:43:15,42.4889793395996,-8.99716377258301,"Female"
"9004159",371979,2025-06-23 04:48:07,42.4889831542969,-8.99720191955566,"Female"
"9004159",371979,2025-06-23 04:53:07,42.4889183044434,-8.99723434448242,"Female"
"9004159",371979,2025-06-23 04:58:07,42.4890174865723,-8.99715328216553,"Female"
"9004159",371979,2025-06-23 05:03:07,42.4889450073242,-8.99718952178955,"Female"
"9004159",371979,2025-06-23 05:08:10,42.4889526367188,-8.99722671508789,"Female"
"9004159",371979,2025-06-23 05:13:00,42.4893608093262,-8.99814128875732,"Female"
"9004159",371979,2025-06-23 05:18:17,42.4889793395996,-8.99719429016113,"Female"
"9004159",371979,2025-06-23 05:23:01,42.4890785217285,-8.99772644042969,"Female"
"9004159",371979,2025-06-23 05:28:02,42.4889831542969,-8.99749660491943,"Female"
"9004159",371979,2025-06-23 05:33:06,42.4889297485352,-8.99748039245605,"Female"
"9004159",371979,2025-06-23 05:38:07,42.4889984130859,-8.99734115600586,"Female"
"9004159",371979,2025-06-23 05:43:08,42.4889793395996,-8.99742221832275,"Female"
"9004159",371979,2025-06-23 05:48:11,42.4889907836914,-8.99743556976318,"Female"
"9004159",371979,2025-06-23 05:53:29,42.4888954162598,-8.99717617034912,"Female"
"9004159",371979,2025-06-23 05:58:00,42.4892120361328,-8.99762630462646,"Female"
"9004159",371979,2025-06-23 06:03:02,42.488842010498,-8.99700546264648,"Female"
"9004159",371979,2025-06-23 06:07:59,42.4889221191406,-8.99711132049561,"Female"
"9004159",371979,2025-06-23 06:12:59,42.4889602661133,-8.99714469909668,"Female"
"9004159",371979,2025-06-23 06:17:59,42.4890632629395,-8.99735164642334,"Female"
"9004159",371979,2025-06-23 06:22:59,42.4890747070312,-8.99732685089111,"Female"
"9004159",371979,2025-06-23 06:27:59,42.489086151123,-8.99734878540039,"Female"
"9004159",371979,2025-06-23 06:32:59,42.4891586303711,-8.99717712402344,"Female"
"9004159",371979,2025-06-23 06:37:59,42.4890594482422,-8.99726581573486,"Female"
"9004159",371979,2025-06-23 06:42:58,42.4891777038574,-8.9970874786377,"Female"
"9004159",371979,2025-06-23 06:47:58,42.489143371582,-8.99717712402344,"Female"
"9004159",371979,2025-06-23 06:52:59,42.4890518188477,-8.99735450744629,"Female"
"9004159",371979,2025-06-23 06:57:58,42.4891510009766,-8.99714756011963,"Female"
"9004159",371979,2025-06-23 07:02:59,42.4891548156738,-8.99708080291748,"Female"
"9004159",371979,2025-06-23 07:08:14,42.4989013671875,-9.01468849182129,"Female"
"9004159",371979,2025-06-23 07:13:00,42.4989204406738,-9.01465702056885,"Female"
"9004159",371979,2025-06-23 07:17:59,42.4990119934082,-9.01450252532959,"Female"
"9004159",371979,2025-06-23 07:22:59,42.4983139038086,-9.01541900634766,"Female"
"9004159",371979,2025-06-23 07:28:00,42.4982948303223,-9.01546096801758,"Female"
"9004159",371979,2025-06-23 07:34:06,42.507568359375,-9.01955986022949,"Female"
"9004159",371979,2025-06-23 07:40:34,42.5096092224121,-9.01998805999756,"Female"
"9004159",371979,2025-06-23 07:46:15,42.5109252929688,-9.01801013946533,"Female"
"9004159",371979,2025-06-23 07:51:14,42.5115013122559,-9.01752471923828,"Female"
"9004159",371979,2025-06-23 07:56:40,42.5118675231934,-9.01860427856445,"Female"
"9004159",371979,2025-06-23 08:02:19,42.5103034973145,-9.01891136169434,"Female"
"9004159",371979,2025-06-23 08:07:27,42.510669708252,-9.01709461212158,"Female"
"9004159",371979,2025-06-23 08:13:31,42.5111045837402,-9.01352119445801,"Female"
"9004159",371979,2025-06-23 08:19:44,42.5085182189941,-9.01256465911865,"Female"
"9004159",371979,2025-06-23 08:24:24,42.5046272277832,-9.01354789733887,"Female"
"9004159",371979,2025-06-23 08:30:23,42.5037422180176,-9.01778507232666,"Female"
"9004159",371979,2025-06-23 08:35:25,42.5081634521484,-9.0208625793457,"Female"
"9004159",371979,2025-06-23 08:41:11,42.5078964233398,-9.02398586273193,"Female"
"9004159",371979,2025-06-23 08:51:11,42.5236549377441,-9.04764938354492,"Female"
"9004159",371979,2025-06-23 08:58:14,42.544075012207,-9.0547399520874,"Female"
"9004159",371979,2025-06-23 09:03:46,42.548023223877,-9.05701351165771,"Female"
"9004159",371979,2025-06-23 09:08:47,42.5485458374023,-9.05895709991455,"Female"
"9004159",371979,2025-06-23 09:14:09,42.5495300292969,-9.06083106994629,"Female"
"9004159",371979,2025-06-23 09:19:20,42.5499992370605,-9.06172180175781,"Female"
"9004159",371979,2025-06-23 09:24:57,42.549503326416,-9.06033420562744,"Female"
"9004159",371979,2025-06-23 09:29:57,42.5492897033691,-9.05931758880615,"Female"
"9004159",371979,2025-06-23 09:34:57,42.5472640991211,-9.06558799743652,"Female"
"9004159",371979,2025-06-23 09:40:55,42.5468215942383,-9.06338882446289,"Female"
"9004159",371979,2025-06-23 09:45:53,42.546745300293,-9.0624942779541,"Female"
"9004159",371979,2025-06-23 09:51:26,42.5455665588379,-9.06207370758057,"Female"
"9004159",371979,2025-06-23 09:56:26,42.5435943603516,-9.0604133605957,"Female"
"9004159",371979,2025-06-23 10:01:30,42.5440330505371,-9.05881786346436,"Female"
"9004159",371979,2025-06-23 10:06:31,42.5430603027344,-9.05743408203125,"Female"
"9004159",371979,2025-06-23 10:11:31,42.5353660583496,-9.0431604385376,"Female"
"9004159",371979,2025-06-23 10:16:30,42.5353851318359,-9.04319095611572,"Female"
"9004159",371979,2025-06-23 10:21:30,42.5355072021484,-9.04325866699219,"Female"
"9004159",371979,2025-06-23 10:26:30,42.5353088378906,-9.04307746887207,"Female"
"9004159",371979,2025-06-23 10:31:30,42.5351753234863,-9.04321575164795,"Female"
"9004159",371979,2025-06-23 10:36:30,42.5352935791016,-9.04315662384033,"Female"
"9004159",371979,2025-06-23 10:41:44,42.5352020263672,-9.04313468933105,"Female"
"9004159",371979,2025-06-23 10:46:30,42.5103034973145,-9.02727699279785,"Female"
"9004159",371979,2025-06-23 10:52:39,42.5078430175781,-9.02055168151855,"Female"
"9004159",371979,2025-06-23 10:58:55,42.5064468383789,-9.02197170257568,"Female"
"9004159",371979,2025-06-23 11:05:07,42.5052947998047,-9.02140522003174,"Female"
"9004159",371979,2025-06-23 11:11:05,42.5039672851562,-9.02302742004395,"Female"
"9004159",371979,2025-06-23 11:15:50,42.5036010742188,-9.02323341369629,"Female"
"9004159",371979,2025-06-23 11:21:26,42.5048599243164,-9.02241611480713,"Female"
"9004159",371979,2025-06-23 11:27:33,42.5047988891602,-9.02277565002441,"Female"
"9004159",371979,2025-06-23 11:32:33,42.5028991699219,-9.02270412445068,"Female"
"9004159",371979,2025-06-23 11:37:32,42.5020027160645,-9.02494716644287,"Female"
"9004159",371979,2025-06-23 11:42:57,42.5004806518555,-9.02581787109375,"Female"
"9004159",371979,2025-06-23 11:48:17,42.4995727539062,-9.02586269378662,"Female"
"9004159",371979,2025-06-23 11:55:13,42.5002288818359,-9.02486228942871,"Female"
"9004159",371979,2025-06-23 12:00:11,42.5016098022461,-9.02476978302002,"Female"
"9004159",371979,2025-06-23 12:05:12,42.5047988891602,-9.01679706573486,"Female"
"9004159",371979,2025-06-23 12:10:24,42.5056304931641,-9.01598262786865,"Female"
"9004159",371979,2025-06-23 12:15:25,42.5064888000488,-9.01383972167969,"Female"
"9004159",371979,2025-06-23 12:20:47,42.506103515625,-9.0143518447876,"Female"
"9004159",371979,2025-06-23 12:25:58,42.5061454772949,-9.01531219482422,"Female"
"9004159",371979,2025-06-23 12:31:08,42.5060424804688,-9.01423931121826,"Female"
"9004159",371979,2025-06-23 12:36:53,42.505973815918,-9.01309013366699,"Female"
"9004159",371979,2025-06-23 12:41:51,42.498649597168,-9.01457977294922,"Female"
"9004159",371979,2025-06-23 12:46:50,42.4987182617188,-9.01463222503662,"Female"
"9004159",371979,2025-06-23 12:51:51,42.4986953735352,-9.01461791992188,"Female"
"9004159",371979,2025-06-23 12:56:51,42.4989013671875,-9.01458549499512,"Female"
"9004159",371979,2025-06-23 13:01:50,42.4989547729492,-9.01461219787598,"Female"
"9004159",371979,2025-06-23 13:06:51,42.4989204406738,-9.01458072662354,"Female"
"9004159",371979,2025-06-23 13:11:51,42.4988975524902,-9.01457977294922,"Female"
"9004159",371979,2025-06-23 13:16:51,42.4989585876465,-9.0145788192749,"Female"
"9004159",371979,2025-06-23 13:21:51,42.5087394714355,-9.01337432861328,"Female"
"9004159",371979,2025-06-23 13:27:49,42.5113639831543,-9.01853370666504,"Female"
"9004159",371979,2025-06-23 13:33:03,42.5100364685059,-9.01937675476074,"Female"
"9004159",371979,2025-06-23 13:38:46,42.5098190307617,-9.01849937438965,"Female"
"9004159",371979,2025-06-23 13:43:45,42.5088157653809,-9.02005672454834,"Female"
"9004159",371979,2025-06-23 13:48:45,42.5076332092285,-9.02030467987061,"Female"
"9004159",371979,2025-06-23 13:53:47,42.4988594055176,-9.0146951675415,"Female"
"9004159",371979,2025-06-23 13:58:48,42.4988250732422,-9.01459217071533,"Female"
"9004159",371979,2025-06-23 14:03:46,42.4988327026367,-9.01477718353271,"Female"
"9004159",371979,2025-06-23 14:08:46,42.4988250732422,-9.01483535766602,"Female"
"9004159",371979,2025-06-23 14:13:46,42.4988250732422,-9.01475429534912,"Female"
"9004159",371979,2025-06-23 14:18:46,42.4988174438477,-9.01485061645508,"Female"
"9004159",371979,2025-06-23 14:23:46,42.4987716674805,-9.0149974822998,"Female"
"9004159",371979,2025-06-23 14:28:47,42.4987525939941,-9.01510143280029,"Female"
"9004159",371979,2025-06-23 14:33:46,42.4986991882324,-9.01511859893799,"Female"
"9004159",371979,2025-06-23 14:38:49,42.4987030029297,-9.0147819519043,"Female"
"9004159",371979,2025-06-23 14:44:02,42.498722076416,-9.01470947265625,"Female"
"9004159",371979,2025-06-23 14:48:45,42.4987335205078,-9.01471614837646,"Female"
"9004159",371979,2025-06-23 14:53:45,42.4987716674805,-9.01469230651855,"Female"
"9004159",371979,2025-06-23 14:58:47,42.5075302124023,-9.01838207244873,"Female"
"9004159",371979,2025-06-23 15:03:46,42.5093040466309,-9.01997661590576,"Female"
"9004159",371979,2025-06-23 15:09:11,42.5104598999023,-9.01846313476562,"Female"
"9004159",371979,2025-06-23 15:14:11,42.5115013122559,-9.01733589172363,"Female"
"9004159",371979,2025-06-23 15:19:40,42.511116027832,-9.01781272888184,"Female"
"9004159",371979,2025-06-23 15:24:39,42.5110626220703,-9.01635837554932,"Female"
"9004159",371979,2025-06-23 15:30:13,42.5119552612305,-9.01629257202148,"Female"
"9004159",371979,2025-06-23 15:35:12,42.5124397277832,-9.0151891708374,"Female"
"9004159",371979,2025-06-23 15:40:44,42.5124473571777,-9.01606369018555,"Female"
"9004159",371979,2025-06-23 15:46:06,42.5123901367188,-9.01339530944824,"Female"
"9004159",371979,2025-06-23 15:51:48,42.5125007629395,-9.01531314849854,"Female"
"9004159",371979,2025-06-23 15:57:03,42.5124092102051,-9.01492595672607,"Female"
"9004159",371979,2025-06-23 16:02:18,42.5115051269531,-9.01574802398682,"Female"
"9004159",371979,2025-06-23 16:07:41,42.5119705200195,-9.01579666137695,"Female"
"9004159",371979,2025-06-23 16:12:58,42.5114822387695,-9.01711273193359,"Female"
"9004159",371979,2025-06-23 16:17:57,42.511890411377,-9.0160608291626,"Female"
"9004159",371979,2025-06-23 16:23:01,42.5108604431152,-9.01657104492188,"Female"
"9004159",371979,2025-06-23 16:28:30,42.5110816955566,-9.01680660247803,"Female"
"9004159",371979,2025-06-23 16:34:05,42.5112075805664,-9.01649379730225,"Female"
"9004159",371979,2025-06-23 16:39:06,42.512393951416,-9.01558017730713,"Female"
"9004159",371979,2025-06-23 16:44:33,42.5108757019043,-9.01585960388184,"Female"
"9004159",371979,2025-06-23 16:49:46,42.511890411377,-9.01551342010498,"Female"
"9004159",371979,2025-06-23 16:54:53,42.5115737915039,-9.01397037506104,"Female"
"9004159",371979,2025-06-23 16:59:53,42.5118560791016,-9.0135669708252,"Female"
"9004159",371979,2025-06-23 17:04:53,42.5111923217773,-9.0130729675293,"Female"
"9004159",371979,2025-06-23 17:10:21,42.5121040344238,-9.01187705993652,"Female"
"9004159",371979,2025-06-23 17:15:19,42.513729095459,-9.0106897354126,"Female"
"9004159",371979,2025-06-23 17:20:19,42.4898262023926,-8.99883842468262,"Female"
"9004159",371979,2025-06-23 17:25:19,42.4898643493652,-8.99863243103027,"Female"
"9004159",371979,2025-06-23 17:30:19,42.4898910522461,-8.99862670898438,"Female"
"9004159",371979,2025-06-23 17:35:19,42.4899406433105,-8.99860286712646,"Female"
"9004159",371979,2025-06-23 17:40:19,42.4899101257324,-8.99863147735596,"Female"
"9004159",371979,2025-06-23 17:45:20,42.4899139404297,-8.99862957000732,"Female"
"9004159",371979,2025-06-23 17:50:24,42.4899444580078,-8.99865055084229,"Female"
"9004159",371979,2025-06-23 17:55:20,42.4899291992188,-8.99857044219971,"Female"
"9004159",371979,2025-06-23 18:00:20,42.4899406433105,-8.9986457824707,"Female"
"9004159",371979,2025-06-23 18:05:22,42.4898872375488,-8.99856376647949,"Female"
"9004159",371979,2025-06-23 18:10:23,42.4898490905762,-8.99870681762695,"Female"
"9004159",371979,2025-06-23 18:15:20,42.4900817871094,-8.99896907806396,"Female"
"9004159",371979,2025-06-23 18:20:20,42.4898834228516,-8.99865913391113,"Female"
"9004159",371979,2025-06-23 18:25:22,42.4900093078613,-8.99884700775146,"Female"
"9004159",371979,2025-06-23 18:30:23,42.4901657104492,-8.99841594696045,"Female"
"9004159",371979,2025-06-23 18:35:44,42.4897689819336,-8.99909400939941,"Female"
"9004159",371979,2025-06-23 18:40:20,42.4900131225586,-8.99875450134277,"Female"
"9004159",371979,2025-06-23 18:45:20,42.4900741577148,-8.99866580963135,"Female"
"9004159",371979,2025-06-23 18:50:20,42.4900245666504,-8.99869537353516,"Female"
"9004159",371979,2025-06-23 18:55:20,42.4899368286133,-8.99883270263672,"Female"
"9004159",371979,2025-06-23 19:00:53,42.4898834228516,-8.99921035766602,"Female"
"9004159",371979,2025-06-23 19:05:19,42.4899101257324,-8.99940204620361,"Female"
"9004159",371979,2025-06-23 19:10:20,42.4899101257324,-8.99927425384521,"Female"
"9004159",371979,2025-06-23 19:15:19,42.4896774291992,-8.99918079376221,"Female"
"9004159",371979,2025-06-23 19:20:19,42.4894866943359,-8.99802875518799,"Female"
"9004159",371979,2025-06-23 19:25:20,42.4888916015625,-8.99745082855225,"Female"
"9004159",371979,2025-06-23 19:30:20,42.4888610839844,-8.99745655059814,"Female"
"9004159",371979,2025-06-23 19:35:20,42.4888877868652,-8.99735546112061,"Female"
"9004159",371979,2025-06-23 19:40:21,42.4889068603516,-8.99747562408447,"Female"
"9004159",371979,2025-06-23 19:45:20,42.4888496398926,-8.99745082855225,"Female"
"9004159",371979,2025-06-23 19:50:20,42.4888496398926,-8.99728965759277,"Female"
"9004159",371979,2025-06-23 19:55:20,42.4888610839844,-8.99738597869873,"Female"
"9004159",371979,2025-06-23 20:00:21,42.4888610839844,-8.99739456176758,"Female"
"9004159",371979,2025-06-23 20:05:20,42.4888534545898,-8.99744701385498,"Female"
"9004159",371979,2025-06-23 20:10:21,42.4889678955078,-8.99734306335449,"Female"
"9004159",371979,2025-06-23 20:15:22,42.4889106750488,-8.99739742279053,"Female"
"9004159",371979,2025-06-23 20:20:22,42.4889373779297,-8.99739360809326,"Female"
"9004159",371979,2025-06-23 20:25:20,42.4889831542969,-8.99729824066162,"Female"
"9004159",371979,2025-06-23 20:30:20,42.4890174865723,-8.99733543395996,"Female"
"9004159",371979,2025-06-23 20:35:22,42.4891014099121,-8.99723243713379,"Female"
"9004159",371979,2025-06-23 20:40:20,42.488956451416,-8.99722766876221,"Female"
"9004159",371979,2025-06-23 20:45:22,42.4890022277832,-8.997145652771,"Female"
"9004159",371979,2025-06-23 20:50:20,42.4889602661133,-8.99711990356445,"Female"
"9004159",371979,2025-06-23 20:55:23,42.4895629882812,-8.99834823608398,"Female"
"9004159",371979,2025-06-23 21:00:23,42.4892730712891,-8.99769592285156,"Female"
"9004159",371979,2025-06-23 21:05:24,42.489444732666,-8.99764823913574,"Female"
"9004159",371979,2025-06-23 21:10:36,42.4880523681641,-8.99709701538086,"Female"
"9004159",371979,2025-06-23 21:15:24,42.4890556335449,-8.99725246429443,"Female"
"9004159",371979,2025-06-23 21:20:31,42.4885597229004,-8.99690055847168,"Female"
"9004159",371979,2025-06-23 21:25:27,42.4889144897461,-8.99694538116455,"Female"
"9004159",371979,2025-06-23 21:30:25,42.4888305664062,-8.99687957763672,"Female"
"9004159",371979,2025-06-23 21:35:44,42.4890174865723,-8.99694442749023,"Female"
"9004159",371979,2025-06-23 21:40:28,42.4888877868652,-8.99708080291748,"Female"
"9004159",371979,2025-06-23 21:45:22,42.4888801574707,-8.99689769744873,"Female"
"9004159",371979,2025-06-23 21:50:22,42.4890022277832,-8.99676513671875,"Female"
"9004159",371979,2025-06-23 21:55:31,42.4889907836914,-8.99685573577881,"Female"
"9004159",371979,2025-06-23 22:00:24,42.4887580871582,-8.99693584442139,"Female"
"9004159",371979,2025-06-23 22:05:24,42.4889335632324,-8.99687576293945,"Female"
"9004159",371979,2025-06-23 22:10:20,42.4888801574707,-8.99695777893066,"Female"
"9004159",371979,2025-06-23 22:15:20,42.4889183044434,-8.9970874786377,"Female"
"9004159",371979,2025-06-23 22:20:20,42.4889488220215,-8.99679374694824,"Female"
"9004159",371979,2025-06-23 22:25:20,42.488941192627,-8.99697875976562,"Female"
"9004159",371979,2025-06-23 22:30:20,42.4889106750488,-8.99715709686279,"Female"
"9004159",371979,2025-06-23 22:35:24,42.4889984130859,-8.99635314941406,"Female"
"9004159",371979,2025-06-23 22:40:24,42.4890556335449,-8.9963436126709,"Female"
"9004159",371979,2025-06-23 22:45:25,42.4889450073242,-8.99726676940918,"Female"
"9004159",371979,2025-06-23 22:50:30,42.489013671875,-8.99728107452393,"Female"
"9004159",371979,2025-06-23 22:55:30,42.4890594482422,-8.99746036529541,"Female"
"9004159",371979,2025-06-23 23:00:30,42.4890403747559,-8.99751377105713,"Female"
"9004159",371979,2025-06-23 23:05:30,42.4891395568848,-8.99765777587891,"Female"
"9004159",371979,2025-06-23 23:10:28,42.4891319274902,-8.99772453308105,"Female"
"9004159",371979,2025-06-23 23:15:24,42.4890251159668,-8.99639225006104,"Female"
"9004159",371979,2025-06-23 23:20:25,42.4892044067383,-8.99774360656738,"Female"
"9004159",371979,2025-06-23 23:25:25,42.4892044067383,-8.9975700378418,"Female"
"9004159",371979,2025-06-23 23:30:34,42.4893188476562,-8.99749851226807,"Female"
"9004159",371979,2025-06-23 23:35:33,42.4893379211426,-8.99747943878174,"Female"
"9004159",371979,2025-06-23 23:40:27,42.4892539978027,-8.99746799468994,"Female"
"9004159",371979,2025-06-23 23:45:33,42.4893188476562,-8.9974422454834,"Female"
"9004159",371979,2025-06-23 23:50:24,42.4889068603516,-8.99597454071045,"Female"
"9004159",371979,2025-06-23 23:55:21,42.4889488220215,-8.9962329864502,"Female"
"9004159",371979,2025-06-24 00:00:30,42.4890556335449,-8.99732685089111,"Female"
"9004159",371979,2025-06-24 00:05:20,42.4890365600586,-8.99728393554688,"Female"
"9004159",371979,2025-06-24 00:10:23,42.4888877868652,-8.99586582183838,"Female"
"9004159",371979,2025-06-24 00:15:24,42.4889488220215,-8.99623966217041,"Female"
"9004159",371979,2025-06-24 00:20:22,42.489013671875,-8.99675559997559,"Female"
"9004159",371979,2025-06-24 00:25:21,42.4889869689941,-8.99648189544678,"Female"
"9004159",371979,2025-06-24 00:30:20,42.4890785217285,-8.99677562713623,"Female"
"9004159",371979,2025-06-24 00:35:23,42.489086151123,-8.99684143066406,"Female"
"9004159",371979,2025-06-24 00:40:20,42.4891204833984,-8.99682426452637,"Female"
"9004159",371979,2025-06-24 00:45:21,42.4891395568848,-8.99690532684326,"Female"
"9004159",371979,2025-06-24 00:50:20,42.4891548156738,-8.99705982208252,"Female"
"9004159",371979,2025-06-24 00:55:21,42.489070892334,-8.99711513519287,"Female"
"9004159",371979,2025-06-24 01:00:22,42.4891204833984,-8.99713897705078,"Female"
"9004159",371979,2025-06-24 01:05:22,42.4890785217285,-8.99713039398193,"Female"
"9004159",371979,2025-06-24 01:10:23,42.4890518188477,-8.99704933166504,"Female"
"9004159",371979,2025-06-24 01:15:21,42.4887504577637,-8.99774360656738,"Female"
"9004159",371979,2025-06-24 01:20:22,42.4888877868652,-8.99747180938721,"Female"
"9004159",371979,2025-06-24 01:25:21,42.4888954162598,-8.99747276306152,"Female"
"9004159",371979,2025-06-24 01:30:20,42.4889106750488,-8.9974479675293,"Female"
"9004159",371979,2025-06-24 01:35:20,42.4889755249023,-8.99733638763428,"Female"
"9004159",371979,2025-06-24 01:40:20,42.4889106750488,-8.99748706817627,"Female"
"9004159",371979,2025-06-24 01:45:20,42.4889488220215,-8.99740695953369,"Female"
"9004159",371979,2025-06-24 01:50:21,42.4889488220215,-8.99740791320801,"Female"
"9004159",371979,2025-06-24 01:55:20,42.4889640808105,-8.99735641479492,"Female"
"9004159",371979,2025-06-24 02:00:20,42.4889793395996,-8.9973669052124,"Female"
"9004159",371979,2025-06-24 02:05:20,42.4889755249023,-8.99743843078613,"Female"
"9004159",371979,2025-06-24 02:10:21,42.4889678955078,-8.99731159210205,"Female"
"9004159",371979,2025-06-24 02:15:21,42.4889717102051,-8.99730110168457,"Female"
"9004159",371979,2025-06-24 02:20:21,42.4889755249023,-8.99733734130859,"Female"
"9004159",371979,2025-06-24 02:25:21,42.489013671875,-8.99725818634033,"Female"
"9004159",371979,2025-06-24 02:30:25,42.4889755249023,-8.9972448348999,"Female"
"9004159",371979,2025-06-24 02:35:23,42.4889678955078,-8.99725818634033,"Female"
"9004159",371979,2025-06-24 02:40:23,42.4889793395996,-8.99725914001465,"Female"
"9004159",371979,2025-06-24 02:45:27,42.4889755249023,-8.99722766876221,"Female"
"9004159",371979,2025-06-24 02:50:44,42.4890747070312,-8.9972505569458,"Female"
"9004159",371979,2025-06-24 02:55:30,42.4890937805176,-8.99729633331299,"Female"
"9004159",371979,2025-06-24 03:00:53,42.488941192627,-8.99699306488037,"Female"
"9004159",371979,2025-06-24 03:05:21,42.488899230957,-8.9967565536499,"Female"
"9004159",371979,2025-06-24 03:10:27,42.488941192627,-8.99684143066406,"Female"
"9004159",371979,2025-06-24 03:15:40,42.4889259338379,-8.9970760345459,"Female"
"9004159",371979,2025-06-24 03:20:21,42.4889373779297,-8.99700355529785,"Female"
"9004159",371979,2025-06-24 03:25:22,42.4891548156738,-8.99725914001465,"Female"
"9004159",371979,2025-06-24 03:30:24,42.4885101318359,-8.99685955047607,"Female"
"9004159",371979,2025-06-24 03:35:33,42.4888916015625,-8.99705410003662,"Female"
"9004159",371979,2025-06-24 03:40:45,42.488941192627,-8.99703598022461,"Female"
"9004159",371979,2025-06-24 03:45:53,42.4889068603516,-8.99707126617432,"Female"
"9004159",371979,2025-06-24 03:50:25,42.4888610839844,-8.99715709686279,"Female"
"9004159",371979,2025-06-24 03:55:22,42.488883972168,-8.99715137481689,"Female"
"9004159",371979,2025-06-24 04:00:27,42.4889640808105,-8.99695873260498,"Female"
"9004159",371979,2025-06-24 04:05:21,42.488883972168,-8.99705028533936,"Female"
"9004159",371979,2025-06-24 04:10:21,42.4888610839844,-8.99709510803223,"Female"
"9004159",371979,2025-06-24 04:15:23,42.488842010498,-8.99726676940918,"Female"
"9004159",371979,2025-06-24 04:20:21,42.4889755249023,-8.99713611602783,"Female"
"9004159",371979,2025-06-24 04:25:23,42.4887924194336,-8.99715423583984,"Female"
"9004159",371979,2025-06-24 04:30:20,42.4888038635254,-8.99698638916016,"Female"
"9004159",371979,2025-06-24 04:35:20,42.4887580871582,-8.99699592590332,"Female"
"9004159",371979,2025-06-24 04:40:21,42.4887046813965,-8.99714279174805,"Female"
"9004159",371979,2025-06-24 04:45:20,42.4888534545898,-8.99701499938965,"Female"
"9004159",371979,2025-06-24 04:50:20,42.4889030456543,-8.99709892272949,"Female"
"9004159",371979,2025-06-24 04:55:21,42.4888076782227,-8.99698352813721,"Female"
"9004159",371979,2025-06-24 05:00:20,42.4889488220215,-8.9971170425415,"Female"
"9004159",371979,2025-06-24 05:05:21,42.4889221191406,-8.99717140197754,"Female"
"9004159",371979,2025-06-24 05:10:21,42.4889945983887,-8.99721717834473,"Female"
"9004159",371979,2025-06-24 05:15:22,42.4889030456543,-8.99711227416992,"Female"
"9004159",371979,2025-06-24 05:20:23,42.4889144897461,-8.99713802337646,"Female"
"9004159",371979,2025-06-24 05:25:31,42.4889602661133,-8.99720573425293,"Female"
"9004159",371979,2025-06-24 05:30:34,42.4889907836914,-8.99729251861572,"Female"
"9004159",371979,2025-06-24 05:35:44,42.4889106750488,-8.99704742431641,"Female"
"9004159",371979,2025-06-24 05:40:44,42.4888954162598,-8.99711322784424,"Female"
"9004159",371979,2025-06-24 05:45:29,42.4889488220215,-8.99718189239502,"Female"
"9004159",371979,2025-06-24 05:50:22,42.4888229370117,-8.99698066711426,"Female"
"9004159",371979,2025-06-24 05:55:24,42.4888687133789,-8.99697399139404,"Female"
"9004159",371979,2025-06-24 06:01:05,42.4888572692871,-8.99695777893066,"Female"
"9004159",371979,2025-06-24 06:05:36,42.4889068603516,-8.99709701538086,"Female"
"9004159",371979,2025-06-24 06:10:24,42.4888572692871,-8.99693584442139,"Female"
"9004159",371979,2025-06-24 06:15:22,42.4887351989746,-8.99679279327393,"Female"
"9004159",371979,2025-06-24 06:20:20,42.4888687133789,-8.99697017669678,"Female"
"9004159",371979,2025-06-24 06:25:23,42.4887771606445,-8.996826171875,"Female"
"9004159",371979,2025-06-24 06:30:29,42.488899230957,-8.99705123901367,"Female"
"9004159",371979,2025-06-24 06:35:35,42.4890365600586,-8.99719333648682,"Female"
"9004159",371979,2025-06-24 06:40:53,42.4888877868652,-8.99701595306396,"Female"
"9004159",371979,2025-06-24 06:45:20,42.4888534545898,-8.99699592590332,"Female"
"9004159",371979,2025-06-24 06:50:20,42.4888648986816,-8.99698352813721,"Female"
"9004159",371979,2025-06-24 06:55:22,42.4887313842773,-8.99692535400391,"Female"
"9004159",371979,2025-06-24 07:00:20,42.4890289306641,-8.9969654083252,"Female"
"9004159",371979,2025-06-24 07:05:20,42.4889183044434,-8.99705123901367,"Female"
"9004159",371979,2025-06-24 07:10:22,42.4889068603516,-8.99704647064209,"Female"
"9004159",371979,2025-06-24 07:15:20,42.4888801574707,-8.99703979492188,"Female"
"9004159",371979,2025-06-24 07:20:19,42.4890899658203,-8.99696254730225,"Female"
"9004159",371979,2025-06-24 07:25:20,42.489387512207,-8.99650192260742,"Female"
"9004159",371979,2025-06-24 07:30:20,42.4893989562988,-8.99656772613525,"Female"
"9004159",371979,2025-06-24 07:35:21,42.4892997741699,-8.99658489227295,"Female"
"9004159",371979,2025-06-24 07:40:22,42.4893264770508,-8.99629878997803,"Female"
"9004159",371979,2025-06-24 07:46:16,42.5097732543945,-9.01080513000488,"Female"
"9004159",371979,2025-06-24 07:51:16,42.5088577270508,-9.01064491271973,"Female"
"9004159",371979,2025-06-24 07:56:49,42.5094871520996,-9.01280403137207,"Female"
"9004159",371979,2025-06-24 08:02:36,42.5112342834473,-9.01600933074951,"Female"
"9004159",371979,2025-06-24 08:07:32,42.5118370056152,-9.01730155944824,"Female"
"9004159",371979,2025-06-24 08:13:40,42.5010795593262,-9.01808929443359,"Female"
"9004159",371979,2025-06-24 08:19:32,42.5051612854004,-9.0201997756958,"Female"
"9004159",371979,2025-06-24 08:24:33,42.5055961608887,-9.02035427093506,"Female"
"9004159",371979,2025-06-24 08:29:36,42.5049362182617,-9.02184963226318,"Female"
"9004159",371979,2025-06-24 08:34:30,42.5058898925781,-9.02257251739502,"Female"
"9004159",371979,2025-06-24 08:40:01,42.5077629089355,-9.02156543731689,"Female"
"9004159",371979,2025-06-24 08:45:32,42.5081520080566,-9.0200138092041,"Female"
"9004159",371979,2025-06-24 08:50:30,42.5088768005371,-9.01910209655762,"Female"
"9004159",371979,2025-06-24 08:56:01,42.5082969665527,-9.01938343048096,"Female"
"9004159",371979,2025-06-24 09:01:01,42.5098495483398,-9.01825428009033,"Female"
"9004159",371979,2025-06-24 09:06:01,42.5107574462891,-9.01087760925293,"Female"
"9004159",371979,2025-06-24 09:11:02,42.5143127441406,-9.01010227203369,"Female"
"9004159",371979,2025-06-24 09:16:03,42.5144271850586,-9.01077365875244,"Female"
"9004159",371979,2025-06-24 09:21:02,42.5143508911133,-9.01020526885986,"Female"
"9004159",371979,2025-06-24 09:26:00,42.514331817627,-9.01041984558105,"Female"
"9004159",371979,2025-06-24 09:31:01,42.5142822265625,-9.00995826721191,"Female"
"9004159",371979,2025-06-24 09:36:00,42.514347076416,-9.01042366027832,"Female"
"9004159",371979,2025-06-24 09:41:02,42.5143127441406,-9.01023960113525,"Female"
"9004159",371979,2025-06-24 09:46:02,42.5142936706543,-9.01020336151123,"Female"
"9004159",371979,2025-06-24 09:51:02,42.5143051147461,-9.01025676727295,"Female"
"9004159",371979,2025-06-24 09:56:02,42.5143013000488,-9.01026630401611,"Female"
"9004159",371979,2025-06-24 10:01:28,42.511531829834,-9.01488018035889,"Female"
"9004159",371979,2025-06-24 10:07:10,42.5103759765625,-9.01534938812256,"Female"
"9004159",371979,2025-06-24 10:12:32,42.5103912353516,-9.01666831970215,"Female"
"9004159",371979,2025-06-24 10:17:38,42.5097160339355,-9.01875114440918,"Female"
"9004159",371979,2025-06-24 10:23:16,42.5096282958984,-9.01884269714355,"Female"
"9004159",371979,2025-06-24 10:28:15,42.5134086608887,-9.01169395446777,"Female"
"9004159",371979,2025-06-24 10:33:17,42.5142555236816,-9.01002025604248,"Female"
"9004159",371979,2025-06-24 10:38:16,42.5142440795898,-9.00998115539551,"Female"
"9004159",371979,2025-06-24 10:43:17,42.5142669677734,-9.01002788543701,"Female"
"9004159",371979,2025-06-24 10:48:17,42.5142440795898,-9.0100040435791,"Female"
"9004159",371979,2025-06-24 10:53:17,42.5142440795898,-9.00999069213867,"Female"
"9004159",371979,2025-06-24 10:58:17,42.5141258239746,-9.00994968414307,"Female"
"9004159",371979,2025-06-24 11:04:19,42.5117149353027,-9.01469802856445,"Female"
"9004159",371979,2025-06-24 11:12:20,42.5099449157715,-9.01869583129883,"Female"
"9004159",371979,2025-06-24 11:17:09,42.5109481811523,-9.01832294464111,"Female"
"9004159",371979,2025-06-24 11:22:41,42.5114669799805,-9.01752662658691,"Female"
"9004159",371979,2025-06-24 11:29:41,42.5058860778809,-9.01374626159668,"Female"
"9004159",371979,2025-06-24 11:35:34,42.5043411254883,-9.01393604278564,"Female"
"9004159",371979,2025-06-24 11:40:33,42.5049057006836,-9.01471900939941,"Female"
"9004159",371979,2025-06-24 11:45:43,42.5039482116699,-9.01572418212891,"Female"
"9004159",371979,2025-06-24 11:52:31,42.505069732666,-9.01543235778809,"Female"
"9004159",371979,2025-06-24 11:58:02,42.509147644043,-9.01910209655762,"Female"
"9004159",371979,2025-06-24 12:03:03,42.5101699829102,-9.01798725128174,"Female"
"9004159",371979,2025-06-24 12:08:01,42.5107078552246,-9.01614570617676,"Female"
"9004159",371979,2025-06-24 12:13:01,42.5116081237793,-9.01443386077881,"Female"
"9004159",371979,2025-06-24 12:18:02,42.5112342834473,-9.01211833953857,"Female"
"9004159",371979,2025-06-24 12:24:06,42.510082244873,-9.0103816986084,"Female"
"9004159",371979,2025-06-24 12:29:06,42.5087890625,-9.01105690002441,"Female"
"9004159",371979,2025-06-24 12:35:12,42.509765625,-9.01132869720459,"Female"
"9004159",371979,2025-06-24 12:40:18,42.5111427307129,-9.01055335998535,"Female"
"9004159",371979,2025-06-24 12:45:12,42.5119361877441,-9.0119104385376,"Female"
"9004159",371979,2025-06-24 12:50:09,42.5128746032715,-9.01183795928955,"Female"
"9004159",371979,2025-06-24 12:55:11,42.5144348144531,-9.0101957321167,"Female"
"9004159",371979,2025-06-24 13:00:20,42.5145034790039,-9.01020908355713,"Female"
"9004159",371979,2025-06-24 13:05:10,42.513858795166,-9.01067352294922,"Female"
"9004159",371979,2025-06-24 13:10:35,42.5144348144531,-9.01009654998779,"Female"
"9004159",371979,2025-06-24 13:15:08,42.5142822265625,-9.01025485992432,"Female"
"9004159",371979,2025-06-24 13:20:08,42.5142402648926,-9.01034164428711,"Female"
"9004159",371979,2025-06-24 13:25:12,42.5142631530762,-9.01027870178223,"Female"
"9004159",371979,2025-06-24 13:30:10,42.5142250061035,-9.01040649414062,"Female"
"9004159",371979,2025-06-24 13:35:09,42.514217376709,-9.0103645324707,"Female"
"9004159",371979,2025-06-24 13:40:08,42.5142707824707,-9.01019763946533,"Female"
"9004159",371979,2025-06-24 13:46:28,42.5114212036133,-9.01647853851318,"Female"
"9004159",371979,2025-06-24 13:52:14,42.5101165771484,-9.01863861083984,"Female"
"9004159",371979,2025-06-24 13:57:14,42.5100593566895,-9.01917743682861,"Female"
"9004159",371979,2025-06-24 14:02:14,42.5088272094727,-9.01904201507568,"Female"
"9004159",371979,2025-06-24 14:07:23,42.5083656311035,-9.01812648773193,"Female"
"9004159",371979,2025-06-24 14:13:07,42.5090026855469,-9.01770877838135,"Female"
"9004159",371979,2025-06-24 14:18:23,42.5100402832031,-9.01683521270752,"Female"
"9004159",371979,2025-06-24 14:24:00,42.5097236633301,-9.01793003082275,"Female"
"9004159",371979,2025-06-24 14:29:42,42.5086822509766,-9.01898288726807,"Female"
"9004159",371979,2025-06-24 14:35:11,42.5079078674316,-9.01905727386475,"Female"
"9004159",371979,2025-06-24 14:40:58,42.508918762207,-9.01870727539062,"Female"
"9004159",371979,2025-06-24 14:46:53,42.5096092224121,-9.01863098144531,"Female"
"9004159",371979,2025-06-24 14:52:15,42.5100898742676,-9.01702976226807,"Female"
"9004159",371979,2025-06-24 14:57:25,42.509895324707,-9.01700687408447,"Female"
"9004159",371979,2025-06-24 15:02:25,42.498706817627,-9.01472663879395,"Female"
"9004159",371979,2025-06-24 15:07:27,42.4986763000488,-9.01476383209229,"Female"
"9004159",371979,2025-06-24 15:12:24,42.4986801147461,-9.01473236083984,"Female"
"9004159",371979,2025-06-24 15:17:31,42.4989242553711,-9.01508235931396,"Female"
"9004159",371979,2025-06-24 15:22:41,42.4985961914062,-9.01471900939941,"Female"
"9004159",371979,2025-06-24 15:27:24,42.4986801147461,-9.01475143432617,"Female"
"9004159",371979,2025-06-24 15:32:24,42.4985961914062,-9.01469802856445,"Female"
"9004159",371979,2025-06-24 15:37:24,42.498477935791,-9.01484775543213,"Female"
"9004159",371979,2025-06-24 15:42:24,42.4986343383789,-9.01474475860596,"Female"
"9004159",371979,2025-06-24 15:47:24,42.4984855651855,-9.0145959854126,"Female"
"9004159",371979,2025-06-24 15:52:26,42.4985656738281,-9.01460552215576,"Female"
"9004159",371979,2025-06-24 15:57:27,42.4984703063965,-9.01450634002686,"Female"
"9004159",371979,2025-06-24 16:02:28,42.4986267089844,-9.01457405090332,"Female"
"9004159",371979,2025-06-24 16:07:41,42.4986457824707,-9.01466274261475,"Female"
"9004159",371979,2025-06-24 16:12:24,42.4986534118652,-9.01458835601807,"Female"
"9004159",371979,2025-06-24 16:17:24,42.4985847473145,-9.01464557647705,"Female"
"9004159",371979,2025-06-24 16:22:28,42.4988479614258,-9.01497554779053,"Female"
"9004159",371979,2025-06-24 16:27:29,42.5004615783691,-9.01507377624512,"Female"
"9004159",371979,2025-06-24 16:33:16,42.5085144042969,-9.01949024200439,"Female"
"9004159",371979,2025-06-24 16:38:54,42.5095558166504,-9.01714515686035,"Female"
"9004159",371979,2025-06-24 16:43:58,42.5110816955566,-9.01787090301514,"Female"
"9004159",371979,2025-06-24 16:52:20,42.5125312805176,-9.01488304138184,"Female"
"9004159",371979,2025-06-24 16:57:14,42.5123901367188,-9.01587867736816,"Female"
"9004159",371979,2025-06-24 17:03:13,42.5118560791016,-9.01827049255371,"Female"
"9004159",371979,2025-06-24 17:08:49,42.51171875,-9.01748466491699,"Female"
"9004159",371979,2025-06-24 17:13:48,42.5105247497559,-9.01877880096436,"Female"
"9004159",371979,2025-06-24 17:18:54,42.5090141296387,-9.01849269866943,"Female"
"9004159",371979,2025-06-24 17:24:36,42.5083389282227,-9.01676845550537,"Female"
"9004159",371979,2025-06-24 17:29:30,42.507755279541,-9.01473999023438,"Female"
"9004159",371979,2025-06-24 17:37:38,42.5064125061035,-9.01653099060059,"Female"
"9004159",371979,2025-06-24 17:42:35,42.5045356750488,-9.01718521118164,"Female"
"9004159",371979,2025-06-24 17:48:05,42.5019989013672,-9.01630115509033,"Female"
"9004159",371979,2025-06-24 17:52:50,42.4999656677246,-9.01498413085938,"Female"
"9004159",371979,2025-06-24 17:57:44,42.4985122680664,-9.0146312713623,"Female"
"9004159",371979,2025-06-24 18:02:42,42.4985084533691,-9.0147533416748,"Female"
"9004159",371979,2025-06-24 18:07:41,42.4984893798828,-9.01458549499512,"Female"
"9004159",371979,2025-06-24 18:12:38,42.4985542297363,-9.01465606689453,"Female"
"9004159",371979,2025-06-24 18:17:38,42.498592376709,-9.01468181610107,"Female"
"9004159",371979,2025-06-24 18:23:05,42.4985580444336,-9.01467609405518,"Female"
"9004159",371979,2025-06-24 18:27:33,42.4985694885254,-9.01466464996338,"Female"
"9004159",371979,2025-06-24 18:32:31,42.4986114501953,-9.01467990875244,"Female"
"9004159",371979,2025-06-24 18:37:32,42.4986038208008,-9.01466751098633,"Female"
"9004159",371979,2025-06-24 18:42:32,42.4986000061035,-9.01466464996338,"Female"
"9004159",371979,2025-06-24 18:47:31,42.4986190795898,-9.01476669311523,"Female"
"9004159",371979,2025-06-24 18:52:32,42.49853515625,-9.0146369934082,"Female"
"9004159",371979,2025-06-24 18:57:32,42.498592376709,-9.01471424102783,"Female"
"9004159",371979,2025-06-24 19:02:33,42.4984855651855,-9.01457118988037,"Female"
"9004159",371979,2025-06-24 19:07:31,42.4900741577148,-9.00195789337158,"Female"
"9004159",371979,2025-06-24 19:12:32,42.4900588989258,-9.00201034545898,"Female"
"9004159",371979,2025-06-24 19:17:32,42.4900932312012,-9.00197124481201,"Female"
"9004159",371979,2025-06-24 19:22:31,42.4900436401367,-9.00189399719238,"Female"
"9004159",371979,2025-06-24 19:27:31,42.4900360107422,-9.00191402435303,"Female"
"9004159",371979,2025-06-24 19:32:31,42.4901084899902,-9.00205039978027,"Female"
"9004159",371979,2025-06-24 19:37:33,42.4900741577148,-9.00195217132568,"Female"
"9004159",371979,2025-06-24 19:42:33,42.4900932312012,-9.00198078155518,"Female"
"9004159",371979,2025-06-24 19:47:33,42.4900550842285,-9.00202178955078,"Female"
"9004159",371979,2025-06-24 19:52:32,42.4900932312012,-9.00207328796387,"Female"
"9004159",371979,2025-06-24 19:57:38,42.4891204833984,-8.99741077423096,"Female"
"9004159",371979,2025-06-24 20:02:32,42.4888648986816,-8.99709510803223,"Female"
"9004159",371979,2025-06-24 20:07:32,42.4889259338379,-8.99709415435791,"Female"
"9004159",371979,2025-06-24 20:12:32,42.4888687133789,-8.99706363677979,"Female"
"9004159",371979,2025-06-24 20:17:36,42.4889488220215,-8.996994972229,"Female"
"9004159",371979,2025-06-24 20:22:36,42.4889793395996,-8.99714183807373,"Female"
"9004159",371979,2025-06-24 20:27:37,42.4889297485352,-8.99709987640381,"Female"
"9004159",371979,2025-06-24 20:32:33,42.4889373779297,-8.99713039398193,"Female"
"9004159",371979,2025-06-24 20:37:34,42.4888114929199,-8.9968786239624,"Female"
"9004159",371979,2025-06-24 20:42:39,42.4888343811035,-8.99685478210449,"Female"
"9004159",371979,2025-06-24 20:47:39,42.4887199401855,-8.99661445617676,"Female"
"9004159",371979,2025-06-24 20:52:32,42.4887542724609,-8.99671649932861,"Female"
"9004159",371979,2025-06-24 20:57:32,42.4887542724609,-8.99672317504883,"Female"
"9004159",371979,2025-06-24 21:02:34,42.4888038635254,-8.99674892425537,"Female"
"9004159",371979,2025-06-24 21:07:36,42.4887313842773,-8.99664974212646,"Female"
"9004159",371979,2025-06-24 21:12:37,42.4887542724609,-8.99667644500732,"Female"
"9004159",371979,2025-06-24 21:17:36,42.4887046813965,-8.99661350250244,"Female"
"9004159",371979,2025-06-24 21:22:33,42.4887237548828,-8.99664688110352,"Female"
"9004159",371979,2025-06-24 21:27:44,42.4889106750488,-8.99705505371094,"Female"
"9004159",371979,2025-06-24 21:32:39,42.4888801574707,-8.9970531463623,"Female"
"9004159",371979,2025-06-24 21:37:39,42.4889907836914,-8.99715518951416,"Female"
"9004159",371979,2025-06-24 21:42:37,42.4889602661133,-8.99719333648682,"Female"
"9004159",371979,2025-06-24 21:48:04,42.4888801574707,-8.99697017669678,"Female"
"9004159",371979,2025-06-24 21:52:32,42.4890098571777,-8.99713325500488,"Female"
"9004159",371979,2025-06-24 21:57:32,42.4889183044434,-8.99698638916016,"Female"
"9004159",371979,2025-06-24 22:02:32,42.4888763427734,-8.99697399139404,"Female"
"9004159",371979,2025-06-24 22:07:32,42.4889030456543,-8.99699592590332,"Female"
"9004159",371979,2025-06-24 22:12:31,42.4890098571777,-8.99704837799072,"Female"
"9004159",371979,2025-06-24 22:17:32,42.4889030456543,-8.9970006942749,"Female"
"9004159",371979,2025-06-24 22:22:33,42.4888801574707,-8.99701023101807,"Female"
"9004159",371979,2025-06-24 22:27:32,42.4889526367188,-8.99705410003662,"Female"
"9004159",371979,2025-06-24 22:32:33,42.4888687133789,-8.99705982208252,"Female"
"9004159",371979,2025-06-24 22:37:31,42.4888954162598,-8.99703598022461,"Female"
"9004159",371979,2025-06-24 22:42:32,42.4889144897461,-8.99700546264648,"Female"
"9004159",371979,2025-06-24 22:47:32,42.4888877868652,-8.99703311920166,"Female"
"9004159",371979,2025-06-24 22:52:33,42.4888877868652,-8.99697113037109,"Female"
"9004159",371979,2025-06-24 22:57:32,42.4888572692871,-8.99701595306396,"Female"
"9004159",371979,2025-06-24 23:02:31,42.4888916015625,-8.9970006942749,"Female"
"9004159",371979,2025-06-24 23:07:32,42.4889755249023,-8.99704074859619,"Female"
"9004159",371979,2025-06-24 23:12:32,42.4887733459473,-8.99691295623779,"Female"
"9004159",371979,2025-06-24 23:17:34,42.4889259338379,-8.99704551696777,"Female"
"9004159",371979,2025-06-24 23:22:32,42.4888954162598,-8.996994972229,"Female"
"9004159",371979,2025-06-24 23:27:37,42.4889183044434,-8.99711418151855,"Female"
"9004159",371979,2025-06-24 23:32:33,42.4885520935059,-8.99700260162354,"Female"
"9004159",371979,2025-06-24 23:37:32,42.4887466430664,-8.9970817565918,"Female"
"9004159",371979,2025-06-24 23:42:37,42.4889335632324,-8.9970588684082,"Female"
"9004159",371979,2025-06-24 23:47:49,42.4886779785156,-8.99688529968262,"Female"
"9004159",371979,2025-06-24 23:52:56,42.4888801574707,-8.99711990356445,"Female"
"9004159",371979,2025-06-24 23:57:34,42.4888381958008,-8.99712467193604,"Female"
"9004159",371979,2025-06-25 00:02:42,42.4888229370117,-8.99709129333496,"Female"
"9004159",371979,2025-06-25 00:08:01,42.488899230957,-8.99699115753174,"Female"
"9004159",371979,2025-06-25 00:12:32,42.4889221191406,-8.9970235824585,"Female"
"9004159",371979,2025-06-25 00:17:32,42.4889717102051,-8.99705123901367,"Female"
"9004159",371979,2025-06-25 00:22:34,42.4889526367188,-8.99699401855469,"Female"
"9004159",371979,2025-06-25 00:27:32,42.4889907836914,-8.99720859527588,"Female"
"9004159",371979,2025-06-25 00:32:33,42.4889526367188,-8.99688816070557,"Female"
"9004159",371979,2025-06-25 00:37:33,42.4889755249023,-8.9971809387207,"Female"
"9004159",371979,2025-06-25 00:42:32,42.488956451416,-8.99712371826172,"Female"
"9004159",371979,2025-06-25 00:47:36,42.4889297485352,-8.99698829650879,"Female"
"9004159",371979,2025-06-25 00:52:39,42.4889640808105,-8.99697589874268,"Female"
"9004159",371979,2025-06-25 00:57:38,42.4890518188477,-8.99690055847168,"Female"
"9004159",371979,2025-06-25 01:02:34,42.4889831542969,-8.99676322937012,"Female"
"9004159",371979,2025-06-25 01:07:39,42.4891319274902,-8.996994972229,"Female"
"9004159",371979,2025-06-25 01:12:47,42.4890518188477,-8.99700450897217,"Female"
"9004159",371979,2025-06-25 01:17:33,42.4891700744629,-8.99707889556885,"Female"
"9004159",371979,2025-06-25 01:22:36,42.4889678955078,-8.996994972229,"Female"
"9004159",371979,2025-06-25 01:27:36,42.4891319274902,-8.9971752166748,"Female"
"9004159",371979,2025-06-25 01:32:41,42.4892463684082,-8.99707317352295,"Female"
"9004159",371979,2025-06-25 01:37:39,42.4891624450684,-8.99706649780273,"Female"
"9004159",371979,2025-06-25 01:42:39,42.4889106750488,-8.99698448181152,"Female"
"9004159",371979,2025-06-25 01:47:32,42.4892387390137,-8.99739742279053,"Female"
"9004159",371979,2025-06-25 01:52:33,42.4892768859863,-8.99740123748779,"Female"
"9004159",371979,2025-06-25 01:57:39,42.4894485473633,-8.99726390838623,"Female"
"9004159",371979,2025-06-25 02:02:40,42.4894027709961,-8.99730110168457,"Female"
"9004159",371979,2025-06-25 02:07:33,42.4890785217285,-8.99704551696777,"Female"
"9004159",371979,2025-06-25 02:12:38,42.4891395568848,-8.99715232849121,"Female"
"9004159",371979,2025-06-25 02:17:37,42.4894104003906,-8.99730777740479,"Female"
"9004159",371979,2025-06-25 02:22:32,42.4886627197266,-8.99676990509033,"Female"
"9004159",371979,2025-06-25 02:27:32,42.4888229370117,-8.99687099456787,"Female"
"9004159",371979,2025-06-25 02:32:42,42.4889488220215,-8.99701976776123,"Female"
"9004159",371979,2025-06-25 02:37:37,42.4890632629395,-8.99710941314697,"Female"
"9004159",371979,2025-06-25 02:42:37,42.4895401000977,-8.99757385253906,"Female"
"9004159",371979,2025-06-25 02:47:44,42.4889793395996,-8.99705505371094,"Female"
"9004159",371979,2025-06-25 02:52:34,42.4888305664062,-8.99672508239746,"Female"
"9004159",371979,2025-06-25 02:57:32,42.4886856079102,-8.99677848815918,"Female"
"9004159",371979,2025-06-25 03:02:33,42.4888191223145,-8.99691200256348,"Female"
"9004159",371979,2025-06-25 03:07:37,42.488712310791,-8.99682426452637,"Female"
"9004159",371979,2025-06-25 03:12:34,42.4886779785156,-8.99689292907715,"Female"
"9004159",371979,2025-06-25 03:17:36,42.4888343811035,-8.99692058563232,"Female"
"9004159",371979,2025-06-25 03:22:36,42.4888000488281,-8.99694061279297,"Female"
"9004159",371979,2025-06-25 03:27:40,42.4888801574707,-8.9968957901001,"Female"
"9004159",371979,2025-06-25 03:32:33,42.4885330200195,-8.99695682525635,"Female"
"9004159",371979,2025-06-25 03:37:32,42.4883575439453,-8.99688529968262,"Female"
"9004159",371979,2025-06-25 03:42:32,42.4885940551758,-8.99698162078857,"Female"
"9004159",371979,2025-06-25 03:47:45,42.4886817932129,-8.99692726135254,"Female"
"9004159",371979,2025-06-25 03:52:38,42.488655090332,-8.99693965911865,"Female"
"9004159",371979,2025-06-25 03:57:39,42.4886741638184,-8.99691200256348,"Female"
"9004159",371979,2025-06-25 04:02:39,42.4886665344238,-8.99696826934814,"Female"
"9004159",371979,2025-06-25 04:07:39,42.4886245727539,-8.9968204498291,"Female"
"9004159",371979,2025-06-25 04:12:38,42.4886627197266,-8.9969596862793,"Female"
"9004159",371979,2025-06-25 04:17:39,42.4887084960938,-8.9970235824585,"Female"
"9004159",371979,2025-06-25 04:22:39,42.4888076782227,-8.99699592590332,"Female"
"9004159",371979,2025-06-25 04:27:39,42.4886894226074,-8.99704170227051,"Female"
"9004159",371979,2025-06-25 04:33:05,42.488899230957,-8.99701976776123,"Female"
"9004159",371979,2025-06-25 04:37:32,42.488899230957,-8.99711322784424,"Female"
"9004159",371979,2025-06-25 04:42:32,42.4888763427734,-8.99705123901367,"Female"
"9004159",371979,2025-06-25 04:47:38,42.488883972168,-8.99705123901367,"Female"
"9004159",371979,2025-06-25 04:52:36,42.488956451416,-8.99707412719727,"Female"
"9004159",371979,2025-06-25 04:57:32,42.4888877868652,-8.99703979492188,"Female"
"9004159",371979,2025-06-25 05:02:33,42.4889335632324,-8.99692630767822,"Female"
"9004159",371979,2025-06-25 05:07:33,42.4888038635254,-8.99686527252197,"Female"
"9004159",371979,2025-06-25 05:12:36,42.4889259338379,-8.99711608886719,"Female"
"9004159",371979,2025-06-25 05:17:35,42.4889144897461,-8.99704837799072,"Female"
"9004159",371979,2025-06-25 05:22:41,42.4889030456543,-8.99719142913818,"Female"
"9004159",371979,2025-06-25 05:27:35,42.4892501831055,-8.99769115447998,"Female"
"9004159",371979,2025-06-25 05:32:36,42.488899230957,-8.99702167510986,"Female"
"9004159",371979,2025-06-25 05:37:42,42.4888877868652,-8.99706840515137,"Female"
"9004159",371979,2025-06-25 05:42:36,42.4890251159668,-8.99723339080811,"Female"
"9004159",371979,2025-06-25 05:47:42,42.488899230957,-8.99680137634277,"Female"
"9004159",371979,2025-06-25 05:52:33,42.488826751709,-8.9968376159668,"Female"
"9004159",371979,2025-06-25 05:57:39,42.4888877868652,-8.9970121383667,"Female"
"9004159",371979,2025-06-25 06:02:32,42.4890098571777,-8.99712467193604,"Female"
"9004159",371979,2025-06-25 06:07:40,42.4889068603516,-8.9970588684082,"Female"
"9004159",371979,2025-06-25 06:12:40,42.4889030456543,-8.99690437316895,"Female"
"9004159",371979,2025-06-25 06:17:37,42.4888877868652,-8.99702453613281,"Female"
"9004159",371979,2025-06-25 06:23:05,42.4888954162598,-8.99700546264648,"Female"
"9004159",371979,2025-06-25 06:27:32,42.488826751709,-8.99694061279297,"Female"
"9004159",371979,2025-06-25 06:32:33,42.4888648986816,-8.99702072143555,"Female"
"9004159",371979,2025-06-25 06:37:34,42.488883972168,-8.9970121383667,"Female"
"9004159",371979,2025-06-25 06:42:31,42.4888916015625,-8.99698734283447,"Female"
"9004159",371979,2025-06-25 06:47:39,42.4888687133789,-8.99695014953613,"Female"
"9004159",371979,2025-06-25 06:52:36,42.4888572692871,-8.99701023101807,"Female"
"9004159",371979,2025-06-25 06:57:36,42.4888076782227,-8.9970064163208,"Female"
"9004159",371979,2025-06-25 07:02:47,42.4887924194336,-8.99687767028809,"Female"
"9004159",371979,2025-06-25 07:07:33,42.4888877868652,-8.9969482421875,"Female"
"9004159",371979,2025-06-25 07:12:39,42.4887962341309,-8.9969425201416,"Female"
"9004159",371979,2025-06-25 07:17:36,42.4888000488281,-8.99707126617432,"Female"
"9004159",371979,2025-06-25 07:22:34,42.488597869873,-8.99717807769775,"Female"
"9004159",371979,2025-06-25 07:27:39,42.4886703491211,-8.99719524383545,"Female"
"9004159",371979,2025-06-25 07:32:36,42.4887962341309,-8.99712181091309,"Female"
"9004159",371979,2025-06-25 07:37:32,42.4888381958008,-8.99724674224854,"Female"
"9004159",371979,2025-06-25 07:42:32,42.4914131164551,-9.0020637512207,"Female"
"9004159",371979,2025-06-25 07:47:44,42.4911613464355,-9.00168418884277,"Female"
"9004159",371979,2025-06-25 07:52:31,42.4912910461426,-9.00180435180664,"Female"
"9004159",371979,2025-06-25 07:57:31,42.4912986755371,-9.00189304351807,"Female"
"9004159",371979,2025-06-25 08:02:34,42.4912109375,-9.00155544281006,"Female"
"9004159",371979,2025-06-25 08:07:40,42.4912567138672,-9.00167751312256,"Female"
"9004159",371979,2025-06-25 08:12:38,42.4911880493164,-9.00146389007568,"Female"
"9004159",371979,2025-06-25 08:17:32,42.4912261962891,-9.00153541564941,"Female"
"9004159",371979,2025-06-25 08:22:37,42.4912300109863,-9.00198650360107,"Female"
"9004159",371979,2025-06-25 08:27:33,42.4912605285645,-9.00194263458252,"Female"
"9004159",371979,2025-06-25 08:32:45,42.4912147521973,-9.001540184021,"Female"
"9004159",371979,2025-06-25 08:37:39,42.4985694885254,-9.01437950134277,"Female"
"9004159",371979,2025-06-25 08:42:44,42.4986534118652,-9.0148229598999,"Female"
"9004159",371979,2025-06-25 08:47:34,42.4986572265625,-9.01485347747803,"Female"
"9004159",371979,2025-06-25 08:52:33,42.4987144470215,-9.01492691040039,"Female"
"9004159",371979,2025-06-25 08:57:32,42.5064086914062,-9.01512432098389,"Female"
"9004159",371979,2025-06-25 09:02:36,42.5103759765625,-9.01340770721436,"Female"
"9004159",371979,2025-06-25 09:07:43,42.5110626220703,-9.01559162139893,"Female"
"9004159",371979,2025-06-25 09:12:54,42.5116233825684,-9.01658535003662,"Female"
"9004159",371979,2025-06-25 09:17:59,42.5053291320801,-9.02293586730957,"Female"
"9004159",371979,2025-06-25 09:24:03,42.5045394897461,-9.0246753692627,"Female"
"9004159",371979,2025-06-25 09:29:00,42.5020484924316,-9.02558517456055,"Female"
"9004159",371979,2025-06-25 09:36:05,42.5005340576172,-9.02725982666016,"Female"
"9004159",371979,2025-06-25 09:40:40,42.5012893676758,-9.02885913848877,"Female"
"9004159",371979,2025-06-25 09:45:36,42.5012550354004,-9.01914310455322,"Female"
"9004159",371979,2025-06-25 09:50:52,42.4987373352051,-9.01479339599609,"Female"
"9004159",371979,2025-06-25 09:55:48,42.498405456543,-9.01482677459717,"Female"
"9004159",371979,2025-06-25 10:00:51,42.4985427856445,-9.01482582092285,"Female"
"9004159",371979,2025-06-25 10:05:49,42.4984893798828,-9.01480197906494,"Female"
"9004159",371979,2025-06-25 10:10:49,42.498607635498,-9.0147705078125,"Female"
"9004159",371979,2025-06-25 10:15:49,42.498592376709,-9.01479530334473,"Female"
"9004159",371979,2025-06-25 10:20:49,42.4985961914062,-9.01483345031738,"Female"
"9004159",371979,2025-06-25 10:25:49,42.4985961914062,-9.0148754119873,"Female"
"9004159",371979,2025-06-25 10:30:54,42.5011901855469,-9.02048015594482,"Female"
"9004159",371979,2025-06-25 10:38:14,42.5063629150391,-9.01584243774414,"Female"
"9004159",371979,2025-06-25 10:44:04,42.5055541992188,-9.01482582092285,"Female"
"9004159",371979,2025-06-25 10:48:59,42.5056571960449,-9.01440525054932,"Female"
"9004159",371979,2025-06-25 10:54:22,42.5049896240234,-9.0169095993042,"Female"
"9004159",371979,2025-06-25 11:00:19,42.5066719055176,-9.01868724822998,"Female"
"9004159",371979,2025-06-25 11:05:13,42.5086059570312,-9.01938629150391,"Female"
"9004159",371979,2025-06-25 11:14:06,42.5091972351074,-9.02057552337646,"Female"
"9004159",371979,2025-06-25 11:19:08,42.5095748901367,-9.01936340332031,"Female"
"9004159",371979,2025-06-25 11:24:04,42.5142097473145,-9.01033782958984,"Female"
"9004159",371979,2025-06-25 11:29:09,42.5141372680664,-9.01046466827393,"Female"
"9004159",371979,2025-06-25 11:34:06,42.5140838623047,-9.01031684875488,"Female"
"9004159",371979,2025-06-25 11:39:35,42.5141944885254,-9.01020050048828,"Female"
"9004159",371979,2025-06-25 11:44:03,42.5142517089844,-9.0101146697998,"Female"
"9004159",371979,2025-06-25 11:49:03,42.5142478942871,-9.01021766662598,"Female"
"9004159",371979,2025-06-25 11:54:03,42.5142517089844,-9.01017284393311,"Female"
"9004159",371979,2025-06-25 11:59:03,42.5142517089844,-9.01018619537354,"Female"
"9004159",371979,2025-06-25 12:04:04,42.5142707824707,-9.0101842880249,"Female"
"9004159",371979,2025-06-25 12:09:02,42.5142555236816,-9.01020240783691,"Female"
"9004159",371979,2025-06-25 12:14:03,42.5142593383789,-9.01022243499756,"Female"
"9004159",371979,2025-06-25 12:19:03,42.5142555236816,-9.01018524169922,"Female"
"9004159",371979,2025-06-25 12:24:03,42.514217376709,-9.0102014541626,"Female"
"9004159",371979,2025-06-25 12:29:03,42.5142517089844,-9.01018142700195,"Female"
"9004159",371979,2025-06-25 12:34:06,42.5143432617188,-9.01018810272217,"Female"
"9004159",371979,2025-06-25 12:39:04,42.5142707824707,-9.01023292541504,"Female"
"9004159",371979,2025-06-25 12:44:04,42.5142440795898,-9.01016235351562,"Female"
"9004159",371979,2025-06-25 12:49:04,42.51416015625,-9.01021575927734,"Female"
"9004159",371979,2025-06-25 12:54:04,42.5140914916992,-9.01026344299316,"Female"
"9004159",371979,2025-06-25 12:59:06,42.5143013000488,-9.01023292541504,"Female"
"9004159",371979,2025-06-25 13:04:07,42.5142555236816,-9.01019763946533,"Female"
"9004159",371979,2025-06-25 13:09:06,42.5141677856445,-9.01029109954834,"Female"
"9004159",371979,2025-06-25 13:14:04,42.5142593383789,-9.01018810272217,"Female"
"9004159",371979,2025-06-25 13:19:04,42.5142517089844,-9.01023292541504,"Female"
"9004159",371979,2025-06-25 13:24:04,42.5142364501953,-9.01019287109375,"Female"
"9004159",371979,2025-06-25 13:29:04,42.5142860412598,-9.01018714904785,"Female"
"9004159",371979,2025-06-25 13:34:06,42.514232635498,-9.01018047332764,"Female"
"9004159",371979,2025-06-25 13:39:06,42.5104141235352,-9.01700401306152,"Female"
"9004159",371979,2025-06-25 13:44:26,42.5104331970215,-9.01816844940186,"Female"
"9004159",371979,2025-06-25 13:49:46,42.5096740722656,-9.02013683319092,"Female"
"9004159",371979,2025-06-25 13:55:20,42.5087127685547,-9.02078437805176,"Female"
"9004159",371979,2025-06-25 14:02:15,42.5080070495605,-9.02106189727783,"Female"
"9004159",371979,2025-06-25 14:07:36,42.5083427429199,-9.01888179779053,"Female"
"9004159",371979,2025-06-25 14:12:34,42.5085220336914,-9.01741123199463,"Female"
"9004159",371979,2025-06-25 14:17:46,42.5075149536133,-9.01642799377441,"Female"
"9004159",371979,2025-06-25 14:23:23,42.5061302185059,-9.01677799224854,"Female"
"9004159",371979,2025-06-25 14:28:49,42.5080413818359,-9.02004337310791,"Female"
"9004159",371979,2025-06-25 14:34:04,42.5094413757324,-9.01890659332275,"Female"
"9004159",371979,2025-06-25 14:39:34,42.5102691650391,-9.01906871795654,"Female"
"9004159",371979,2025-06-25 14:44:54,42.5108757019043,-9.01733493804932,"Female"
"9004159",371979,2025-06-25 15:00:35,42.4939727783203,-9.00388813018799,"Female"
"9004159",371979,2025-06-25 15:05:10,42.4890670776367,-8.99729442596436,"Female"
"9004159",371979,2025-06-25 15:10:11,42.4889793395996,-8.99740505218506,"Female"
"9004159",371979,2025-06-25 15:15:35,42.488956451416,-8.99701881408691,"Female"
"9004159",371979,2025-06-25 15:20:12,42.4889678955078,-8.99670696258545,"Female"
"9004159",371979,2025-06-25 15:25:14,42.488883972168,-8.9970064163208,"Female"
"9004159",371979,2025-06-25 15:30:14,42.489070892334,-8.99700164794922,"Female"
"9004159",371979,2025-06-25 15:35:10,42.4891700744629,-8.99682140350342,"Female"
"9004159",371979,2025-06-25 15:40:11,42.4890632629395,-8.99698543548584,"Female"
"9004159",371979,2025-06-25 15:45:21,42.4891014099121,-8.9970235824585,"Female"
"9004159",371979,2025-06-25 15:50:20,42.489128112793,-8.99703407287598,"Female"
"9004159",371979,2025-06-25 15:55:10,42.489185333252,-8.9976110458374,"Female"
"9004159",371979,2025-06-25 16:00:35,42.488956451416,-8.99703216552734,"Female"
"9004159",371979,2025-06-25 16:05:11,42.4889259338379,-8.99710083007812,"Female"
"9004159",371979,2025-06-25 16:10:10,42.4888496398926,-8.99711799621582,"Female"
"9004159",371979,2025-06-25 16:15:09,42.4889373779297,-8.99709129333496,"Female"
"9004159",371979,2025-06-25 16:20:10,42.4889488220215,-8.99703598022461,"Female"
"9004159",371979,2025-06-25 16:25:09,42.4889144897461,-8.99705696105957,"Female"
"9004159",371979,2025-06-25 16:30:09,42.4889602661133,-8.99703216552734,"Female"
"9004159",371979,2025-06-25 16:35:09,42.4889106750488,-8.99707794189453,"Female"
"9004159",371979,2025-06-25 16:40:11,42.4889297485352,-8.99700164794922,"Female"
"9004159",371979,2025-06-25 16:45:10,42.4889259338379,-8.9970703125,"Female"
"9004159",371979,2025-06-25 16:50:09,42.4889106750488,-8.99708557128906,"Female"
"9004159",371979,2025-06-25 16:55:10,42.4889144897461,-8.99706840515137,"Female"
"9004159",371979,2025-06-25 17:00:10,42.4889068603516,-8.99695110321045,"Female"
"9004159",371979,2025-06-25 17:05:11,42.4889488220215,-8.99707221984863,"Female"
"9004159",371979,2025-06-25 17:10:11,42.4888572692871,-8.99705505371094,"Female"
"9004159",371979,2025-06-25 17:15:11,42.4889183044434,-8.99705791473389,"Female"
"9004159",371979,2025-06-25 17:20:11,42.4888725280762,-8.99697303771973,"Female"
"9004159",371979,2025-06-25 17:25:10,42.4889526367188,-8.99703121185303,"Female"
"9004159",371979,2025-06-25 17:30:09,42.4888954162598,-8.99704837799072,"Female"
"9004159",371979,2025-06-25 17:35:19,42.4889068603516,-8.99713325500488,"Female"
"9004159",371979,2025-06-25 17:40:29,42.4889106750488,-8.99707508087158,"Female"
"9004159",371979,2025-06-25 17:45:23,42.4889106750488,-8.99710559844971,"Female"
"9004159",371979,2025-06-25 17:50:16,42.4889488220215,-8.9970760345459,"Female"
"9004159",371979,2025-06-25 17:55:21,42.4889488220215,-8.99709129333496,"Female"
"9004159",371979,2025-06-25 18:00:12,42.488899230957,-8.99700832366943,"Female"
"9004159",371979,2025-06-25 18:05:10,42.4888381958008,-8.9970531463623,"Female"
"9004159",371979,2025-06-25 18:10:14,42.488941192627,-8.99702548980713,"Female"
"9004159",371979,2025-06-25 18:15:29,42.4889488220215,-8.99703598022461,"Female"
"9004159",371979,2025-06-25 18:20:11,42.4890327453613,-8.99717044830322,"Female"
"9004159",371979,2025-06-25 18:25:34,42.4889450073242,-8.99704647064209,"Female"
"9004159",371979,2025-06-25 18:30:10,42.4889221191406,-8.9970817565918,"Female"
"9004159",371979,2025-06-25 18:35:11,42.4889640808105,-8.99700450897217,"Female"
"9004159",371979,2025-06-25 18:40:11,42.4889030456543,-8.99704456329346,"Female"
"9004159",371979,2025-06-25 18:45:10,42.4888801574707,-8.99701595306396,"Female"
"9004159",371979,2025-06-25 18:50:09,42.4889335632324,-8.99702072143555,"Female"
"9004159",371979,2025-06-25 18:55:09,42.4888916015625,-8.99705410003662,"Female"
"9004159",371979,2025-06-25 19:00:10,42.4889678955078,-8.99704551696777,"Female"
"9004159",371979,2025-06-25 19:05:11,42.4889907836914,-8.99721908569336,"Female"
"9004159",371979,2025-06-25 19:10:23,42.4888229370117,-8.9970703125,"Female"
"9004159",371979,2025-06-25 19:15:10,42.4888114929199,-8.99702644348145,"Female"
"9004159",371979,2025-06-25 19:20:11,42.4888191223145,-8.99718284606934,"Female"
"9004159",371979,2025-06-25 19:25:10,42.4887542724609,-8.99684619903564,"Female"
"9004159",371979,2025-06-25 19:30:10,42.4889335632324,-8.99721431732178,"Female"
"9004159",371979,2025-06-25 19:35:09,42.4888191223145,-8.99714088439941,"Female"
"9004159",371979,2025-06-25 19:40:12,42.4890403747559,-8.99704837799072,"Female"
"9004159",371979,2025-06-25 19:45:09,42.4888534545898,-8.99721717834473,"Female"
"9004159",371979,2025-06-25 19:50:10,42.488826751709,-8.99718761444092,"Female"
"9004159",371979,2025-06-25 19:55:11,42.4888725280762,-8.99719333648682,"Female"
"9004159",371979,2025-06-25 20:00:12,42.4888916015625,-8.99717807769775,"Female"
"9004159",371979,2025-06-25 20:05:10,42.4888076782227,-8.99722099304199,"Female"
"9004159",371979,2025-06-25 20:10:14,42.4889450073242,-8.99694061279297,"Female"
"9004159",371979,2025-06-25 20:15:14,42.488941192627,-8.99698925018311,"Female"
"9004159",371979,2025-06-25 20:20:13,42.488826751709,-8.99689674377441,"Female"
"9004159",371979,2025-06-25 20:25:35,42.488883972168,-8.99704551696777,"Female"
"9004159",371979,2025-06-25 20:30:09,42.4888191223145,-8.99692153930664,"Female"
"9004159",371979,2025-06-25 20:35:09,42.4888648986816,-8.99698257446289,"Female"
"9004159",371979,2025-06-25 20:41:21,42.4888153076172,-8.9968843460083,"Female"
"9004159",371979,2025-06-25 20:45:11,42.4888381958008,-8.99685955047607,"Female"
"9004159",371979,2025-06-25 20:50:16,42.4888343811035,-8.99691295623779,"Female"
"9004159",371979,2025-06-25 20:55:16,42.4888229370117,-8.99683570861816,"Female"
"9004159",371979,2025-06-25 21:00:09,42.4886856079102,-8.99687480926514,"Female"
"9004159",371979,2025-06-25 21:05:14,42.4888877868652,-8.9970121383667,"Female"
"9004159",371979,2025-06-25 21:10:16,42.4888534545898,-8.99694633483887,"Female"
"9004159",371979,2025-06-25 21:15:16,42.4889106750488,-8.99705505371094,"Female"
"9004159",371979,2025-06-25 21:20:14,42.4889030456543,-8.99700927734375,"Female"
"9004159",371979,2025-06-25 21:25:14,42.4889144897461,-8.99701690673828,"Female"
"9004159",371979,2025-06-25 21:30:35,42.4888763427734,-8.99705505371094,"Female"
"9004159",371979,2025-06-25 21:35:11,42.4889755249023,-8.99713134765625,"Female"
"9004159",371979,2025-06-25 21:40:16,42.4889259338379,-8.99699783325195,"Female"
"9004159",371979,2025-06-25 21:45:11,42.4889297485352,-8.99691772460938,"Female"
"9004159",371979,2025-06-25 21:50:13,42.4888381958008,-8.99696350097656,"Female"
"9004159",371979,2025-06-25 21:55:13,42.4888305664062,-8.99692821502686,"Female"
"9004159",371979,2025-06-25 22:00:11,42.4889678955078,-8.99719619750977,"Female"
"9004159",371979,2025-06-25 22:05:13,42.4888648986816,-8.99704074859619,"Female"
"9004159",371979,2025-06-25 22:10:18,42.4889335632324,-8.99700450897217,"Female"
"9004159",371979,2025-06-25 22:15:11,42.4888801574707,-8.99700546264648,"Female"
"9004159",371979,2025-06-25 22:20:12,42.488899230957,-8.9970531463623,"Female"
"9004159",371979,2025-06-25 22:25:12,42.4888534545898,-8.99694728851318,"Female"
"9004159",371979,2025-06-25 22:30:16,42.4887542724609,-8.99696826934814,"Female"
"9004159",371979,2025-06-25 22:35:20,42.4888305664062,-8.99699974060059,"Female"
"9004159",371979,2025-06-25 22:40:13,42.4888534545898,-8.99711418151855,"Female"
"9004159",371979,2025-06-25 22:45:14,42.4888648986816,-8.99698257446289,"Female"
"9004159",371979,2025-06-25 22:50:12,42.4889068603516,-8.99701404571533,"Female"
"9004159",371979,2025-06-25 22:55:21,42.48876953125,-8.99704742431641,"Female"
"9004159",371979,2025-06-25 23:00:34,42.4888763427734,-8.99702739715576,"Female"
"9004159",371979,2025-06-25 23:05:10,42.4888916015625,-8.99703311920166,"Female"
"9004159",371979,2025-06-25 23:10:09,42.4888877868652,-8.99701595306396,"Female"
"9004159",371979,2025-06-25 23:15:10,42.4889259338379,-8.99706268310547,"Female"
"9004159",371979,2025-06-25 23:20:10,42.4889068603516,-8.99703407287598,"Female"
"9004159",371979,2025-06-25 23:25:14,42.4890174865723,-8.99696922302246,"Female"
"9004159",371979,2025-06-25 23:30:12,42.4889678955078,-8.99713706970215,"Female"
"9004159",371979,2025-06-25 23:35:16,42.4889335632324,-8.99681854248047,"Female"
"9004159",371979,2025-06-25 23:40:14,42.4889259338379,-8.996750831604,"Female"
"9004159",371979,2025-06-25 23:45:14,42.4889183044434,-8.99664306640625,"Female"
"9004159",371979,2025-06-25 23:50:17,42.488941192627,-8.99644565582275,"Female"
"9004159",371979,2025-06-25 23:55:19,42.4889488220215,-8.99649715423584,"Female"
"9004159",371979,2025-06-26 00:00:35,42.4889450073242,-8.99690437316895,"Female"
"9004159",371979,2025-06-26 00:05:33,42.4888687133789,-8.99702262878418,"Female"
"9004159",371979,2025-06-26 00:10:12,42.4889602661133,-8.99710178375244,"Female"
"9004159",371979,2025-06-26 00:15:11,42.4890594482422,-8.99740409851074,"Female"
"9004159",371979,2025-06-26 00:20:11,42.4889221191406,-8.99713706970215,"Female"
"9004159",371979,2025-06-26 00:25:13,42.4889831542969,-8.99711322784424,"Female"
"9004159",371979,2025-06-26 00:30:14,42.4889335632324,-8.99700832366943,"Female"
"9004159",371979,2025-06-26 00:35:11,42.488941192627,-8.99688911437988,"Female"
"9004159",371979,2025-06-26 00:40:11,42.489013671875,-8.99725437164307,"Female"
"9004159",371979,2025-06-26 00:45:11,42.4889259338379,-8.99689102172852,"Female"
"9004159",371979,2025-06-26 00:50:12,42.4889907836914,-8.99710369110107,"Female"
"9004159",371979,2025-06-26 00:55:31,42.4889526367188,-8.99701404571533,"Female"
"9004159",371979,2025-06-26 01:00:09,42.4890365600586,-8.99685382843018,"Female"
"9004159",371979,2025-06-26 01:05:11,42.4884300231934,-8.99775123596191,"Female"
"9004159",371979,2025-06-26 01:10:12,42.4891090393066,-8.9965877532959,"Female"
"9004159",371979,2025-06-26 01:15:11,42.4890251159668,-8.9967565536499,"Female"
"9004159",371979,2025-06-26 01:20:11,42.4888916015625,-8.99708843231201,"Female"
"9004159",371979,2025-06-26 01:25:10,42.4889640808105,-8.99688529968262,"Female"
"9004159",371979,2025-06-26 01:30:09,42.4889106750488,-8.99693298339844,"Female"
"9004159",371979,2025-06-26 01:35:10,42.4889221191406,-8.99699306488037,"Female"
"9004159",371979,2025-06-26 01:40:12,42.4888954162598,-8.99700832366943,"Female"
"9004159",371979,2025-06-26 01:45:10,42.4890098571777,-8.99698448181152,"Female"
"9004159",371979,2025-06-26 01:50:20,42.4888801574707,-8.99696636199951,"Female"
"9004159",371979,2025-06-26 01:55:13,42.4888572692871,-8.9969367980957,"Female"
"9004159",371979,2025-06-26 02:00:09,42.4888801574707,-8.99701976776123,"Female"
"9004159",371979,2025-06-26 02:05:09,42.4889488220215,-8.99699211120605,"Female"
"9004159",371979,2025-06-26 02:10:09,42.4888305664062,-8.99698543548584,"Female"
"9004159",371979,2025-06-26 02:15:10,42.4888877868652,-8.99698257446289,"Female"
"9004159",371979,2025-06-26 02:20:09,42.4888572692871,-8.99691677093506,"Female"
"9004159",371979,2025-06-26 02:25:09,42.4889907836914,-8.99703502655029,"Female"
"9004159",371979,2025-06-26 02:30:09,42.4890022277832,-8.99704265594482,"Female"
"9004159",371979,2025-06-26 02:35:21,42.4891891479492,-8.9971809387207,"Female"
"9004159",371979,2025-06-26 02:40:11,42.489013671875,-8.99707221984863,"Female"
"9004159",371979,2025-06-26 02:45:12,42.4889221191406,-8.99705982208252,"Female"
"9004159",371979,2025-06-26 02:50:19,42.4893188476562,-8.99713039398193,"Female"
"9004159",371979,2025-06-26 02:55:35,42.488941192627,-8.99709892272949,"Female"
"9004159",371979,2025-06-26 03:00:12,42.4889678955078,-8.99713039398193,"Female"
"9004159",371979,2025-06-26 03:05:10,42.4890403747559,-8.99708080291748,"Female"
"9004159",371979,2025-06-26 03:10:11,42.4890480041504,-8.99716281890869,"Female"
"9004159",371979,2025-06-26 03:15:16,42.4889640808105,-8.99709415435791,"Female"
"9004159",371979,2025-06-26 03:20:13,42.4888801574707,-8.9971227645874,"Female"
"9004159",371979,2025-06-26 03:25:12,42.4888191223145,-8.99716567993164,"Female"
"9004159",371979,2025-06-26 03:30:17,42.4889144897461,-8.99705600738525,"Female"
"9004159",371979,2025-06-26 03:35:18,42.4889526367188,-8.9971399307251,"Female"
"9004159",371979,2025-06-26 03:40:18,42.4889144897461,-8.99714946746826,"Female"
"9004159",371979,2025-06-26 03:45:13,42.4889831542969,-8.99703693389893,"Female"
"9004159",371979,2025-06-26 03:50:19,42.4890937805176,-8.99727439880371,"Female"
"9004159",371979,2025-06-26 03:55:41,42.4888954162598,-8.99705219268799,"Female"
"9004159",371979,2025-06-26 04:00:12,42.4890937805176,-8.99709987640381,"Female"
"9004159",371979,2025-06-26 04:05:35,42.4888572692871,-8.99698066711426,"Female"
"9004159",371979,2025-06-26 04:10:12,42.4889297485352,-8.99703598022461,"Female"
"9004159",371979,2025-06-26 04:15:10,42.4889488220215,-8.99683570861816,"Female"
"9004159",371979,2025-06-26 04:20:12,42.4888916015625,-8.99690818786621,"Female"
"9004159",371979,2025-06-26 04:25:10,42.4889259338379,-8.9969425201416,"Female"
"9004159",371979,2025-06-26 04:30:10,42.488899230957,-8.99698448181152,"Female"
"9004159",371979,2025-06-26 04:35:11,42.4888687133789,-8.99702262878418,"Female"
"9004159",371979,2025-06-26 04:40:11,42.4889907836914,-8.99689388275146,"Female"
"9004159",371979,2025-06-26 04:45:13,42.4889183044434,-8.9969425201416,"Female"
"9004159",371979,2025-06-26 04:50:13,42.4888877868652,-8.99693393707275,"Female"
"9004159",371979,2025-06-26 04:55:12,42.4888877868652,-8.99689483642578,"Female"
"9004159",371979,2025-06-26 05:00:12,42.4889755249023,-8.99691677093506,"Female"
"9004159",371979,2025-06-26 05:05:10,42.4888687133789,-8.99678707122803,"Female"
"9004159",371979,2025-06-26 05:10:13,42.4888877868652,-8.99680233001709,"Female"
"9004159",371979,2025-06-26 05:15:12,42.488899230957,-8.99674034118652,"Female"
"9004159",371979,2025-06-26 05:20:19,42.4888153076172,-8.99676609039307,"Female"
"9004159",371979,2025-06-26 05:25:18,42.4888534545898,-8.99715614318848,"Female"
"9004159",371979,2025-06-26 05:30:34,42.488899230957,-8.99694728851318,"Female"
"9004159",371979,2025-06-26 05:35:10,42.488941192627,-8.99704647064209,"Female"
"9004159",371979,2025-06-26 05:40:10,42.4887351989746,-8.99684238433838,"Female"
"9004159",371979,2025-06-26 05:45:18,42.4889831542969,-8.99711036682129,"Female"
"9004159",371979,2025-06-26 05:50:13,42.4890060424805,-8.99710464477539,"Female"
"9004159",371979,2025-06-26 05:55:14,42.4889526367188,-8.99705600738525,"Female"
"9004159",371979,2025-06-26 06:00:19,42.4888801574707,-8.99699878692627,"Female"
"9004159",371979,2025-06-26 06:05:17,42.4889030456543,-8.99706172943115,"Female"
"9004159",371979,2025-06-26 06:10:13,42.4888381958008,-8.9969654083252,"Female"
"9004159",371979,2025-06-26 06:15:35,42.4889335632324,-8.99692726135254,"Female"
"9004159",371979,2025-06-26 06:20:12,42.4889793395996,-8.99707221984863,"Female"
"9004159",371979,2025-06-26 06:25:14,42.4889488220215,-8.99694919586182,"Female"
"9004159",371979,2025-06-26 06:30:12,42.4894332885742,-8.99805641174316,"Female"
"9004159",371979,2025-06-26 06:35:19,42.4888877868652,-8.9969310760498,"Female"
"9004159",371979,2025-06-26 06:40:19,42.4889221191406,-8.99699020385742,"Female"
"9004159",371979,2025-06-26 06:45:24,42.4889526367188,-8.99718284606934,"Female"
"9004159",371979,2025-06-26 06:50:19,42.4889144897461,-8.99696350097656,"Female"
"9004159",371979,2025-06-26 06:55:19,42.4888763427734,-8.9970064163208,"Female"
"9004159",371979,2025-06-26 07:00:13,42.4888610839844,-8.99685668945312,"Female"
"9004159",371979,2025-06-26 07:05:21,42.488941192627,-8.99695301055908,"Female"
"9004159",371979,2025-06-26 07:10:20,42.4889945983887,-8.99687480926514,"Female"
"9004159",371979,2025-06-26 07:15:20,42.4889526367188,-8.99689483642578,"Female"
"9004159",371979,2025-06-26 07:20:22,42.4889450073242,-8.9969539642334,"Female"
"9004159",371979,2025-06-26 07:25:11,42.4888000488281,-8.99692630767822,"Female"
"9004159",371979,2025-06-26 07:30:21,42.4888725280762,-8.99695301055908,"Female"
"9004159",371979,2025-06-26 07:35:22,42.4888763427734,-8.99687385559082,"Female"
"9004159",371979,2025-06-26 07:40:35,42.4888114929199,-8.99715232849121,"Female"
"9004159",371979,2025-06-26 07:45:09,42.4888572692871,-8.99716281890869,"Female"
"9004159",371979,2025-06-26 07:50:09,42.48876953125,-8.99714279174805,"Female"
"9004159",371979,2025-06-26 07:55:09,42.4888153076172,-8.99716186523438,"Female"
"9004159",371979,2025-06-26 08:00:12,42.4887809753418,-8.99743366241455,"Female"
"9004159",371979,2025-06-26 08:05:09,42.4888000488281,-8.99726295471191,"Female"
"9004159",371979,2025-06-26 08:10:09,42.4887809753418,-8.99722003936768,"Female"
"9004159",371979,2025-06-26 08:15:12,42.4888610839844,-8.99702548980713,"Female"
"9004159",371979,2025-06-26 08:20:09,42.4888687133789,-8.99702644348145,"Female"
"9004159",371979,2025-06-26 08:25:09,42.5050354003906,-9.008544921875,"Female"
"9004159",371979,2025-06-26 08:31:20,42.5094528198242,-9.01566314697266,"Female"
"9004159",371979,2025-06-26 08:36:20,42.5097770690918,-9.01655673980713,"Female"
"9004159",371979,2025-06-26 08:41:20,42.5107192993164,-9.01721382141113,"Female"
"9004159",371979,2025-06-26 08:46:20,42.511360168457,-9.01780986785889,"Female"
"9004159",371979,2025-06-26 08:51:48,42.5136871337891,-9.01823902130127,"Female"
"9004159",371979,2025-06-26 08:57:45,42.5155296325684,-9.01740837097168,"Female"
"9004159",371979,2025-06-26 09:02:51,42.5158920288086,-9.0143518447876,"Female"
"9004159",371979,2025-06-26 09:09:11,42.5147514343262,-9.01279926300049,"Female"
"9004159",371979,2025-06-26 09:15:12,42.5145683288574,-9.0125732421875,"Female"
"9004159",371979,2025-06-26 09:20:23,42.5151443481445,-9.01282978057861,"Female"
"9004159",371979,2025-06-26 09:25:22,42.514476776123,-9.01221561431885,"Female"
"9004159",371979,2025-06-26 09:30:22,42.5140838623047,-9.01168727874756,"Female"
"9004159",371979,2025-06-26 09:35:21,42.5132331848145,-9.01195621490479,"Female"
"9004159",371979,2025-06-26 09:40:22,42.5121994018555,-9.01141738891602,"Female"
"9004159",371979,2025-06-26 09:45:22,42.5079956054688,-9.01644706726074,"Female"
"9004159",371979,2025-06-26 09:50:41,42.5081748962402,-9.01865291595459,"Female"
"9004159",371979,2025-06-26 09:55:42,42.5051918029785,-9.0153284072876,"Female"
"9004159",371979,2025-06-26 10:00:56,42.5044059753418,-9.01689529418945,"Female"
"9004159",371979,2025-06-26 10:06:36,42.5049934387207,-9.02152252197266,"Female"
"9004159",371979,2025-06-26 10:12:06,42.5044898986816,-9.02178764343262,"Female"
"9004159",371979,2025-06-26 10:17:42,42.5041542053223,-9.01953506469727,"Female"
"9004159",371979,2025-06-26 10:23:01,42.5056304931641,-9.0210485458374,"Female"
"9004159",371979,2025-06-26 10:28:00,42.5069770812988,-9.02138042449951,"Female"
"9004159",371979,2025-06-26 10:33:36,42.5089683532715,-9.02081775665283,"Female"
"9004159",371979,2025-06-26 10:39:28,42.5086784362793,-9.0213565826416,"Female"
"9004159",371979,2025-06-26 10:49:36,42.5089721679688,-9.02167987823486,"Female"
"9004159",371979,2025-06-26 10:54:36,42.509822845459,-9.02110004425049,"Female"
"9004159",371979,2025-06-26 10:59:38,42.5082664489746,-9.02131462097168,"Female"
"9004159",371979,2025-06-26 11:04:36,42.5080680847168,-9.02148151397705,"Female"
"9004159",371979,2025-06-26 11:09:53,42.5083274841309,-9.02131175994873,"Female"
"9004159",371979,2025-06-26 11:15:08,42.5079498291016,-9.02083396911621,"Female"
"9004159",371979,2025-06-26 11:20:15,42.5087356567383,-9.02173805236816,"Female"
"9004159",371979,2025-06-26 11:25:40,42.5089073181152,-9.02097606658936,"Female"
"9004159",371979,2025-06-26 11:30:37,42.5098457336426,-9.02027988433838,"Female"
"9004159",371979,2025-06-26 11:36:27,42.5095672607422,-9.0216588973999,"Female"
"9004159",371979,2025-06-26 11:41:30,42.508617401123,-9.02162551879883,"Female"
"9004159",371979,2025-06-26 11:50:06,42.5091323852539,-9.02079677581787,"Female"
"9004159",371979,2025-06-26 11:56:31,42.5092697143555,-9.02230739593506,"Female"
"9004159",371979,2025-06-26 12:02:55,42.5089988708496,-9.01950359344482,"Female"
"9004159",371979,2025-06-26 12:08:17,42.5084686279297,-9.01994228363037,"Female"
"9004159",371979,2025-06-26 12:14:12,42.509693145752,-9.0211706161499,"Female"
"9004159",371979,2025-06-26 12:19:17,42.5084609985352,-9.01966381072998,"Female"
"9004159",371979,2025-06-26 12:24:25,42.509090423584,-9.01997947692871,"Female"
"9004159",371979,2025-06-26 12:30:19,42.5091133117676,-9.02007007598877,"Female"
"9004159",371979,2025-06-26 12:35:16,42.5097160339355,-9.01983737945557,"Female"
"9004159",371979,2025-06-26 12:52:59,42.5118865966797,-9.01880741119385,"Female"
"9004159",371979,2025-06-26 13:00:10,42.5124931335449,-9.01806831359863,"Female"
"9004159",371979,2025-06-26 13:05:38,42.5125350952148,-9.01711654663086,"Female"
"9004159",371979,2025-06-26 13:11:52,42.5124244689941,-9.01774597167969,"Female"
"9004159",371979,2025-06-26 13:17:06,42.5125503540039,-9.01609992980957,"Female"
"9004159",371979,2025-06-26 13:33:25,42.512451171875,-9.01585292816162,"Female"
"9004159",371979,2025-06-26 13:38:38,42.5131568908691,-9.01516437530518,"Female"
"9004159",371979,2025-06-26 13:44:03,42.5129318237305,-9.01631546020508,"Female"
"9004159",371979,2025-06-26 13:49:38,42.512321472168,-9.01586437225342,"Female"
"9004159",371979,2025-06-26 13:54:48,42.5123405456543,-9.01562786102295,"Female"
"9004159",371979,2025-06-26 13:59:57,42.5131149291992,-9.01294326782227,"Female"
"9004159",371979,2025-06-26 14:05:07,42.5142936706543,-9.00978469848633,"Female"
"9004159",371979,2025-06-26 14:09:55,42.5140419006348,-9.01262950897217,"Female"
"9004159",371979,2025-06-26 14:15:04,42.5142669677734,-9.0102071762085,"Female"
"9004159",371979,2025-06-26 14:19:59,42.5142707824707,-9.01016712188721,"Female"
"9004159",371979,2025-06-26 14:25:07,42.5142440795898,-9.0102367401123,"Female"
"9004159",371979,2025-06-26 14:30:14,42.5142784118652,-9.01027584075928,"Female"
"9004159",371979,2025-06-26 14:35:07,42.5142517089844,-9.01042079925537,"Female"
"9004159",371979,2025-06-26 14:39:58,42.5142669677734,-9.01044750213623,"Female"
"9004159",371979,2025-06-26 14:44:58,42.514331817627,-9.01035022735596,"Female"
"9004159",371979,2025-06-26 14:50:26,42.514331817627,-9.01024150848389,"Female"
"9004159",371979,2025-06-26 14:54:52,42.5143013000488,-9.01026248931885,"Female"
"9004159",371979,2025-06-26 14:59:52,42.514289855957,-9.01029682159424,"Female"
"9004159",371979,2025-06-26 15:04:54,42.5143547058105,-9.01027870178223,"Female"
"9004159",371979,2025-06-26 15:09:52,42.514347076416,-9.01027297973633,"Female"
"9004159",371979,2025-06-26 15:14:52,42.5143699645996,-9.01029396057129,"Female"
"9004159",371979,2025-06-26 15:19:53,42.5143737792969,-9.01028442382812,"Female"
"9004159",371979,2025-06-26 15:24:52,42.5143928527832,-9.01028823852539,"Female"
"9004159",371979,2025-06-26 15:29:54,42.5142211914062,-9.01000785827637,"Female"
"9004159",371979,2025-06-26 15:34:53,42.5144538879395,-9.01034641265869,"Female"
"9004159",371979,2025-06-26 15:39:55,42.5143966674805,-9.01030349731445,"Female"
"9004159",371979,2025-06-26 15:44:54,42.5143737792969,-9.01023483276367,"Female"
"9004159",371979,2025-06-26 15:50:14,42.5144309997559,-9.01036930084229,"Female"
"9004159",371979,2025-06-26 15:54:58,42.5144157409668,-9.01032161712646,"Female"
"9004159",371979,2025-06-26 16:00:14,42.5142059326172,-9.01003456115723,"Female"
"9004159",371979,2025-06-26 16:04:53,42.5142402648926,-9.01005458831787,"Female"
"9004159",371979,2025-06-26 16:10:06,42.5141868591309,-9.00998306274414,"Female"
"9004159",371979,2025-06-26 16:14:53,42.5142250061035,-9.01008129119873,"Female"
"9004159",371979,2025-06-26 16:20:05,42.5142364501953,-9.01002788543701,"Female"
"9004159",371979,2025-06-26 16:24:53,42.5141792297363,-9.00991630554199,"Female"
"9004159",371979,2025-06-26 16:29:57,42.5143775939941,-9.01029968261719,"Female"
"9004159",371979,2025-06-26 16:34:55,42.5142021179199,-9.00994396209717,"Female"
"9004159",371979,2025-06-26 16:40:14,42.5143051147461,-9.01011371612549,"Female"
"9004159",371979,2025-06-26 16:44:52,42.5141487121582,-9.0098934173584,"Female"
"9004159",371979,2025-06-26 16:50:12,42.5143356323242,-9.01026630401611,"Female"
"9004159",371979,2025-06-26 16:55:28,42.514347076416,-9.01025009155273,"Female"
"9004159",371979,2025-06-26 17:00:06,42.5143585205078,-9.01031303405762,"Female"
"9004159",371979,2025-06-26 17:04:57,42.514347076416,-9.01027297973633,"Female"
"9004159",371979,2025-06-26 17:09:56,42.5144004821777,-9.01038837432861,"Female"
"9004159",371979,2025-06-26 17:15:06,42.5143394470215,-9.01029109954834,"Female"
"9004159",371979,2025-06-26 17:20:06,42.5143394470215,-9.01027202606201,"Female"
"9004159",371979,2025-06-26 17:25:06,42.5143661499023,-9.01028347015381,"Female"
"9004159",371979,2025-06-26 17:30:06,42.5143432617188,-9.01027297973633,"Female"
"9004159",371979,2025-06-26 17:35:08,42.514331817627,-9.01028919219971,"Female"
"9004159",371979,2025-06-26 17:40:08,42.5143585205078,-9.01028347015381,"Female"
"9004159",371979,2025-06-26 17:45:02,42.5143623352051,-9.01025772094727,"Female"
"9004159",371979,2025-06-26 17:50:02,42.5143356323242,-9.0102481842041,"Female"
"9004159",371979,2025-06-26 17:55:08,42.5143280029297,-9.01022052764893,"Female"
"9004159",371979,2025-06-26 18:00:02,42.5143585205078,-9.01027011871338,"Female"
"9004159",371979,2025-06-26 18:05:14,42.5143775939941,-9.01031494140625,"Female"
"9004159",371979,2025-06-26 18:09:58,42.5140037536621,-9.01412773132324,"Female"
"9004159",371979,2025-06-26 18:16:00,42.5125961303711,-9.01610279083252,"Female"
"9004159",371979,2025-06-26 18:21:34,42.5115737915039,-9.01777458190918,"Female"
"9004159",371979,2025-06-26 18:26:33,42.5109596252441,-9.01838397979736,"Female"
"9004159",371979,2025-06-26 18:31:36,42.510196685791,-9.01871109008789,"Female"
"9004159",371979,2025-06-26 18:37:27,42.5115051269531,-9.01753997802734,"Female"
"9004159",371979,2025-06-26 18:43:37,42.5111312866211,-9.01901626586914,"Female"
"9004159",371979,2025-06-26 18:51:44,42.5109024047852,-9.01979160308838,"Female"
"9004159",371979,2025-06-26 18:56:59,42.5102272033691,-9.01807880401611,"Female"
"9004159",371979,2025-06-26 19:01:21,42.495044708252,-9.00583553314209,"Female"
"9004159",371979,2025-06-26 19:06:23,42.4890747070312,-8.99739933013916,"Female"
"9004159",371979,2025-06-26 19:11:24,42.488899230957,-8.99702930450439,"Female"
"9004159",371979,2025-06-26 19:16:25,42.488956451416,-8.99701023101807,"Female"
"9004159",371979,2025-06-26 19:21:23,42.4883117675781,-8.99733924865723,"Female"
"9004159",371979,2025-06-26 19:26:44,42.4882431030273,-8.99724197387695,"Female"
"9004159",371979,2025-06-26 19:31:30,42.488410949707,-8.99708366394043,"Female"
"9004159",371979,2025-06-26 19:36:19,42.4883499145508,-8.99713325500488,"Female"
"9004159",371979,2025-06-26 19:41:24,42.4884834289551,-8.99705219268799,"Female"
"9004159",371979,2025-06-26 19:46:53,42.488899230957,-8.99703598022461,"Female"
"9004159",371979,2025-06-26 19:51:16,42.4888305664062,-8.99701690673828,"Female"
"9004159",371979,2025-06-26 19:56:17,42.4889221191406,-8.9970006942749,"Female"
"9004159",371979,2025-06-26 20:01:16,42.488826751709,-8.99710178375244,"Female"
"9004159",371979,2025-06-26 20:06:18,42.4888496398926,-8.99711322784424,"Female"
"9004159",371979,2025-06-26 20:11:16,42.4888076782227,-8.99709796905518,"Female"
"9004159",371979,2025-06-26 20:16:16,42.4888381958008,-8.99703216552734,"Female"
"9004159",371979,2025-06-26 20:21:17,42.4889106750488,-8.99701976776123,"Female"
"9004159",371979,2025-06-26 20:26:17,42.4890403747559,-8.99696731567383,"Female"
"9004159",371979,2025-06-26 20:31:17,42.4889221191406,-8.99695682525635,"Female"
"9004159",371979,2025-06-26 20:36:16,42.4889602661133,-8.99702167510986,"Female"
"9004159",371979,2025-06-26 20:41:17,42.4888725280762,-8.99697685241699,"Female"
"9004159",371979,2025-06-26 20:46:21,42.4889068603516,-8.9970178604126,"Female"
"9004159",371979,2025-06-26 20:51:17,42.4888954162598,-8.99687385559082,"Female"
"9004159",371979,2025-06-26 20:56:17,42.489070892334,-8.99703884124756,"Female"
"9004159",371979,2025-06-26 21:01:21,42.4888954162598,-8.99692726135254,"Female"
"9004159",371979,2025-06-26 21:06:16,42.488899230957,-8.99695682525635,"Female"
"9004159",371979,2025-06-26 21:11:17,42.4889297485352,-8.99707698822021,"Female"
"9004159",371979,2025-06-26 21:16:30,42.4888038635254,-8.99686908721924,"Female"
"9004159",371979,2025-06-26 21:21:17,42.4888458251953,-8.99690628051758,"Female"
"9004159",371979,2025-06-26 21:27:05,42.4889068603516,-8.99702167510986,"Female"
"9004159",371979,2025-06-26 21:31:16,42.4889717102051,-8.99698638916016,"Female"
"9004159",371979,2025-06-26 21:36:19,42.4890098571777,-8.99726486206055,"Female"
"9004159",371979,2025-06-26 21:41:29,42.4889068603516,-8.99704647064209,"Female"
"9004159",371979,2025-06-26 21:46:16,42.4888877868652,-8.99696826934814,"Female"
"9004159",371979,2025-06-26 21:51:19,42.4890518188477,-8.99728679656982,"Female"
"9004159",371979,2025-06-26 21:56:20,42.4894599914551,-8.99823188781738,"Female"
"9004159",371979,2025-06-26 22:01:30,42.4888648986816,-8.99697399139404,"Female"
"9004159",371979,2025-06-26 22:06:17,42.4888916015625,-8.99699020385742,"Female"
"9004159",371979,2025-06-26 22:11:27,42.4888648986816,-8.99695491790771,"Female"
"9004159",371979,2025-06-26 22:16:18,42.4888687133789,-8.99692153930664,"Female"
"9004159",371979,2025-06-26 22:21:20,42.4889640808105,-8.99698352813721,"Female"
"9004159",371979,2025-06-26 22:26:23,42.4887237548828,-8.99699401855469,"Female"
"9004159",371979,2025-06-26 22:31:44,42.4889259338379,-8.99700736999512,"Female"
"9004159",371979,2025-06-26 22:36:19,42.4887657165527,-8.99686336517334,"Female"
"9004159",371979,2025-06-26 22:41:30,42.4888000488281,-8.99715137481689,"Female"
"9004159",371979,2025-06-26 22:46:17,42.4886283874512,-8.99681568145752,"Female"
"9004159",371979,2025-06-26 22:51:23,42.488842010498,-8.99713230133057,"Female"
"9004159",371979,2025-06-26 22:56:21,42.4888916015625,-8.99702167510986,"Female"
"9004159",371979,2025-06-26 23:01:21,42.4888038635254,-8.99700355529785,"Female"
"9004159",371979,2025-06-26 23:06:30,42.4888877868652,-8.99697399139404,"Female"
"9004159",371979,2025-06-26 23:11:40,42.4889335632324,-8.99701595306396,"Female"
"9004159",371979,2025-06-26 23:16:21,42.4889488220215,-8.99707889556885,"Female"
"9004159",371979,2025-06-26 23:21:26,42.488956451416,-8.99711132049561,"Female"
"9004159",371979,2025-06-26 23:26:33,42.489200592041,-8.99670314788818,"Female"
"9004159",371979,2025-06-26 23:31:51,42.4889869689941,-8.99708938598633,"Female"
"9004159",371979,2025-06-26 23:36:18,42.4894828796387,-8.99804019927979,"Female"
"9004159",371979,2025-06-26 23:41:31,42.488956451416,-8.99711227416992,"Female"
"9004159",371979,2025-06-26 23:46:35,42.4888305664062,-8.9972095489502,"Female"
"9004159",371979,2025-06-26 23:51:44,42.4888877868652,-8.99718570709229,"Female"
"9004159",371979,2025-06-26 23:56:20,42.4889106750488,-8.99713039398193,"Female"
"9004159",371979,2025-06-27 00:01:20,42.4884643554688,-8.99603271484375,"Female"
"9004159",371979,2025-06-27 00:06:24,42.4888916015625,-8.99716567993164,"Female"
"9004159",371979,2025-06-27 00:11:20,42.4890365600586,-8.99808502197266,"Female"
"9004159",371979,2025-06-27 00:16:27,42.488941192627,-8.99709415435791,"Female"
"9004159",371979,2025-06-27 00:21:22,42.4888496398926,-8.99689960479736,"Female"
"9004159",371979,2025-06-27 00:26:30,42.4890174865723,-8.99684047698975,"Female"
"9004159",371979,2025-06-27 00:31:18,42.4893417358398,-8.99716663360596,"Female"
"9004159",371979,2025-06-27 00:36:40,42.4889335632324,-8.99618434906006,"Female"
"9004159",371979,2025-06-27 00:41:51,42.4889984130859,-8.99691963195801,"Female"
"9004159",371979,2025-06-27 00:46:16,42.4889335632324,-8.99714946746826,"Female"
"9004159",371979,2025-06-27 00:51:17,42.4889335632324,-8.99706363677979,"Female"
"9004159",371979,2025-06-27 00:56:18,42.4890518188477,-8.99697017669678,"Female"
"9004159",371979,2025-06-27 01:01:21,42.4885635375977,-8.99704074859619,"Female"
"9004159",371979,2025-06-27 01:06:17,42.4886856079102,-8.99742889404297,"Female"
"9004159",371979,2025-06-27 01:11:21,42.4889030456543,-8.99690914154053,"Female"
"9004159",371979,2025-06-27 01:16:18,42.4891395568848,-8.99713134765625,"Female"
"9004159",371979,2025-06-27 01:21:20,42.4889488220215,-8.99692821502686,"Female"
"9004159",371979,2025-06-27 01:26:18,42.488883972168,-8.99696063995361,"Female"
"9004159",371979,2025-06-27 01:31:17,42.4890365600586,-8.99710369110107,"Female"
"9004159",371979,2025-06-27 01:36:18,42.4890251159668,-8.99706935882568,"Female"
"9004159",371979,2025-06-27 01:41:20,42.4890480041504,-8.99703502655029,"Female"
"9004159",371979,2025-06-27 01:46:18,42.4890022277832,-8.99701595306396,"Female"
"9004159",371979,2025-06-27 01:51:17,42.4891128540039,-8.99709415435791,"Female"
"9004159",371979,2025-06-27 01:56:17,42.488941192627,-8.9970121383667,"Female"
"9004159",371979,2025-06-27 02:01:18,42.4891738891602,-8.99718856811523,"Female"
"9004159",371979,2025-06-27 02:06:21,42.4890174865723,-8.99710655212402,"Female"
"9004159",371979,2025-06-27 02:11:18,42.4892120361328,-8.99727725982666,"Female"
"9004159",371979,2025-06-27 02:16:46,42.488956451416,-8.99695491790771,"Female"
"9004159",371979,2025-06-27 02:21:17,42.4889488220215,-8.99697017669678,"Female"
"9004159",371979,2025-06-27 02:26:17,42.4888496398926,-8.99697208404541,"Female"
"9004159",371979,2025-06-27 02:31:17,42.4891510009766,-8.99717617034912,"Female"
"9004159",371979,2025-06-27 02:36:17,42.4890441894531,-8.99711608886719,"Female"
"9004159",371979,2025-06-27 02:41:22,42.4890632629395,-8.99713134765625,"Female"
"9004159",371979,2025-06-27 02:46:44,42.4889526367188,-8.99701309204102,"Female"
"9004159",371979,2025-06-27 02:51:20,42.4886169433594,-8.99661922454834,"Female"
"9004159",371979,2025-06-27 02:56:21,42.4890403747559,-8.9970703125,"Female"
"9004159",371979,2025-06-27 03:01:22,42.4885025024414,-8.99660110473633,"Female"
"9004159",371979,2025-06-27 03:06:38,42.4889068603516,-8.99711894989014,"Female"
"9004159",371979,2025-06-27 03:11:34,42.4888610839844,-8.99714660644531,"Female"
"9004159",371979,2025-06-27 03:16:44,42.4889602661133,-8.99710559844971,"Female"
"9004159",371979,2025-06-27 03:21:27,42.4888343811035,-8.99715518951416,"Female"
"9004159",371979,2025-06-27 03:26:18,42.4885063171387,-8.99754619598389,"Female"
"9004159",371979,2025-06-27 03:31:28,42.4889869689941,-8.99695110321045,"Female"
"9004159",371979,2025-06-27 03:36:23,42.489013671875,-8.99682903289795,"Female"
"9004159",371979,2025-06-27 03:41:22,42.4889488220215,-8.99697017669678,"Female"
"9004159",371979,2025-06-27 03:46:53,42.488883972168,-8.9970121383667,"Female"
"9004159",371979,2025-06-27 03:51:18,42.4888763427734,-8.99703788757324,"Female"
"9004159",371979,2025-06-27 03:56:18,42.4886856079102,-8.99717712402344,"Female"
"9004159",371979,2025-06-27 04:01:23,42.4888801574707,-8.99700546264648,"Female"
"9004159",371979,2025-06-27 04:06:16,42.4888610839844,-8.99706172943115,"Female"
"9004159",371979,2025-06-27 04:11:16,42.4888191223145,-8.99694728851318,"Female"
"9004159",371979,2025-06-27 04:16:16,42.4888610839844,-8.9969596862793,"Female"
"9004159",371979,2025-06-27 04:21:16,42.4889717102051,-8.99689197540283,"Female"
"9004159",371979,2025-06-27 04:26:17,42.4888763427734,-8.99687957763672,"Female"
"9004159",371979,2025-06-27 04:31:17,42.488826751709,-8.99700260162354,"Female"
"9004159",371979,2025-06-27 04:36:24,42.4891166687012,-8.99712753295898,"Female"
"9004159",371979,2025-06-27 04:41:21,42.4889640808105,-8.99696254730225,"Female"
"9004159",371979,2025-06-27 04:46:17,42.4888954162598,-8.99694442749023,"Female"
"9004159",371979,2025-06-27 04:52:05,42.4889144897461,-8.99705410003662,"Female"
"9004159",371979,2025-06-27 04:56:19,42.488941192627,-8.99697589874268,"Female"
"9004159",371979,2025-06-27 05:01:17,42.4889755249023,-8.99702167510986,"Female"
"9004159",371979,2025-06-27 05:06:17,42.4888648986816,-8.99702072143555,"Female"
"9004159",371979,2025-06-27 05:11:16,42.4886016845703,-8.99724102020264,"Female"
"9004159",371979,2025-06-27 05:16:19,42.4888725280762,-8.99699783325195,"Female"
"9004159",371979,2025-06-27 05:21:18,42.4890174865723,-8.99720096588135,"Female"
"9004159",371979,2025-06-27 05:26:17,42.488956451416,-8.99700832366943,"Female"
"9004159",371979,2025-06-27 05:31:18,42.4890365600586,-8.99724292755127,"Female"
"9004159",371979,2025-06-27 05:36:20,42.4888687133789,-8.99695205688477,"Female"
"9004159",371979,2025-06-27 05:41:20,42.4889907836914,-8.99719429016113,"Female"
"9004159",371979,2025-06-27 05:46:20,42.4889831542969,-8.99719429016113,"Female"
"9004159",371979,2025-06-27 05:51:17,42.4889259338379,-8.99711799621582,"Female"
"9004159",371979,2025-06-27 05:56:22,42.4890213012695,-8.99718284606934,"Female"
"9004159",371979,2025-06-27 06:01:21,42.4889106750488,-8.99703216552734,"Female"
"9004159",371979,2025-06-27 06:06:16,42.4891242980957,-8.99737739562988,"Female"
"9004159",371979,2025-06-27 06:11:20,42.489070892334,-8.99723243713379,"Female"
"9004159",371979,2025-06-27 06:16:19,42.488956451416,-8.99712657928467,"Female"
"9004159",371979,2025-06-27 06:21:17,42.4890632629395,-8.99734210968018,"Female"
"9004159",371979,2025-06-27 06:26:42,42.4889984130859,-8.9970121383667,"Female"
"9004159",371979,2025-06-27 06:31:19,42.4890556335449,-8.9972677230835,"Female"
"9004159",371979,2025-06-27 06:36:17,42.4892044067383,-8.99737644195557,"Female"
"9004159",371979,2025-06-27 06:41:18,42.4890022277832,-8.99706745147705,"Female"
"9004159",371979,2025-06-27 06:46:35,42.4887809753418,-8.99686622619629,"Female"
"9004159",371979,2025-06-27 06:51:19,42.4889068603516,-8.99721908569336,"Female"
"9004159",371979,2025-06-27 06:56:31,42.4888801574707,-8.9969310760498,"Female"
"9004159",371979,2025-06-27 07:01:53,42.4889297485352,-8.99697208404541,"Female"
"9004159",371979,2025-06-27 07:06:16,42.4888572692871,-8.99709224700928,"Female"
"9004159",371979,2025-06-27 07:11:19,42.4889030456543,-8.99700546264648,"Female"
"9004159",371979,2025-06-27 07:16:17,42.4889297485352,-8.99704837799072,"Female"
"9004159",371979,2025-06-27 07:21:20,42.4889450073242,-8.99703788757324,"Female"
"9004159",371979,2025-06-27 07:26:16,42.4889144897461,-8.99704551696777,"Female"
"9004159",371979,2025-06-27 07:31:17,42.4890556335449,-8.99689865112305,"Female"
"9004159",371979,2025-06-27 07:36:20,42.4889068603516,-8.99696445465088,"Female"
"9004159",371979,2025-06-27 07:41:17,42.4888534545898,-8.99707126617432,"Female"
"9004159",371979,2025-06-27 07:46:20,42.4888229370117,-8.99708080291748,"Female"
"9004159",371979,2025-06-27 07:51:16,42.4912757873535,-9.00161838531494,"Female"
"9004159",371979,2025-06-27 07:56:16,42.4918823242188,-9.00178146362305,"Female"
"9004159",371979,2025-06-27 08:01:16,42.4919815063477,-9.00186252593994,"Female"
"9004159",371979,2025-06-27 08:06:16,42.4919204711914,-9.00183582305908,"Female"
"9004159",371979,2025-06-27 08:11:17,42.4986801147461,-9.01466941833496,"Female"
"9004159",371979,2025-06-27 08:16:16,42.4987144470215,-9.0146598815918,"Female"
"9004159",371979,2025-06-27 08:21:17,42.4986457824707,-9.01462554931641,"Female"
"9004159",371979,2025-06-27 08:26:17,42.4985580444336,-9.01477527618408,"Female"
"9004159",371979,2025-06-27 08:31:17,42.5064430236816,-9.01859092712402,"Female"
"9004159",371979,2025-06-27 08:36:16,42.5082473754883,-9.02009391784668,"Female"
"9004159",371979,2025-06-27 08:42:25,42.510368347168,-9.01976203918457,"Female"
"9004159",371979,2025-06-27 08:47:24,42.5114212036133,-9.01568984985352,"Female"
"9004159",371979,2025-06-27 08:52:25,42.5139236450195,-9.01171112060547,"Female"
"9004159",371979,2025-06-27 08:58:08,42.5124092102051,-9.0148458480835,"Female"
"9004159",371979,2025-06-27 09:03:15,42.5111846923828,-9.01574897766113,"Female"
"9004159",371979,2025-06-27 09:08:14,42.5124435424805,-9.01689910888672,"Female"
"9004159",371979,2025-06-27 09:13:18,42.5123405456543,-9.01606178283691,"Female"
"9004159",371979,2025-06-27 09:18:18,42.5115928649902,-9.01789474487305,"Female"
"9004159",371979,2025-06-27 09:23:53,42.5059623718262,-9.02405834197998,"Female"
"9004159",371979,2025-06-27 09:29:13,42.5034484863281,-9.01640510559082,"Female"
"9004159",371979,2025-06-27 09:34:12,42.5033760070801,-9.02239513397217,"Female"
"9004159",371979,2025-06-27 09:39:25,42.5038261413574,-9.02366161346436,"Female"
"9004159",371979,2025-06-27 09:44:44,42.5057792663574,-9.02194690704346,"Female"
"9004159",371979,2025-06-27 09:50:36,42.5066375732422,-9.0244140625,"Female"
"9004159",371979,2025-06-27 09:55:36,42.5181655883789,-9.04445743560791,"Female"
"9004159",371979,2025-06-27 10:01:36,42.5473518371582,-9.05534553527832,"Female"
"9004159",371979,2025-06-27 10:10:09,42.5479850769043,-9.05733871459961,"Female"
"9004159",371979,2025-06-27 10:15:48,42.5481758117676,-9.05809688568115,"Female"
"9004159",371979,2025-06-27 10:20:48,42.5479431152344,-9.05681705474854,"Female"
"9004159",371979,2025-06-27 10:26:36,42.5477561950684,-9.05704212188721,"Female"
"9004159",371979,2025-06-27 10:39:32,42.5482368469238,-9.05704307556152,"Female"
"9004159",371979,2025-06-27 10:45:14,42.5478134155273,-9.05595397949219,"Female"
"9004159",371979,2025-06-27 10:51:06,42.5478439331055,-9.05591011047363,"Female"
"9004159",371979,2025-06-27 10:56:39,42.5479125976562,-9.05750465393066,"Female"
"9004159",371979,2025-06-27 11:02:18,42.5484733581543,-9.05785751342773,"Female"
"9004159",371979,2025-06-27 11:07:33,42.5483131408691,-9.05753612518311,"Female"
"9004159",371979,2025-06-27 11:12:41,42.5480041503906,-9.05648040771484,"Female"
"9004159",371979,2025-06-27 11:18:18,42.5486679077148,-9.05791187286377,"Female"
"9004159",371979,2025-06-27 11:25:30,42.548526763916,-9.05972576141357,"Female"
"9004159",371979,2025-06-27 11:33:05,42.5482559204102,-9.05777168273926,"Female"
"9004159",371979,2025-06-27 11:38:24,42.5478935241699,-9.05574417114258,"Female"
"9004159",371979,2025-06-27 11:43:24,42.5479354858398,-9.0568675994873,"Female"
"9004159",371979,2025-06-27 11:48:24,42.5605392456055,-9.04125881195068,"Female"
"9004159",371979,2025-06-27 11:53:23,42.5605087280273,-9.04124355316162,"Female"
"9004159",371979,2025-06-27 11:58:24,42.5605163574219,-9.04123210906982,"Female"
"9004159",371979,2025-06-27 12:03:23,42.5604286193848,-9.04118347167969,"Female"
"9004159",371979,2025-06-27 12:08:23,42.5604286193848,-9.04119491577148,"Female"
"9004159",371979,2025-06-27 12:13:23,42.5604705810547,-9.04122829437256,"Female"
"9004159",371979,2025-06-27 12:18:23,42.5604248046875,-9.04121398925781,"Female"
"9004159",371979,2025-06-27 12:23:23,42.5604362487793,-9.04116630554199,"Female"
"9004159",371979,2025-06-27 12:28:42,42.5605697631836,-9.04120826721191,"Female"
"9004159",371979,2025-06-27 12:33:24,42.5607528686523,-9.04119682312012,"Female"
"9004159",371979,2025-06-27 12:38:28,42.5605506896973,-9.0411901473999,"Female"
"9004159",371979,2025-06-27 12:43:25,42.5604553222656,-9.04121208190918,"Female"
"9004159",371979,2025-06-27 12:48:44,42.5604476928711,-9.04120540618896,"Female"
"9004159",371979,2025-06-27 12:53:23,42.5604209899902,-9.04125690460205,"Female"
"9004159",371979,2025-06-27 12:58:23,42.5605506896973,-9.04123210906982,"Female"
"9004159",371979,2025-06-27 13:03:23,42.5605697631836,-9.04125213623047,"Female"
"9004159",371979,2025-06-27 13:08:23,42.5605239868164,-9.04131889343262,"Female"
"9004159",371979,2025-06-27 13:13:23,42.5605392456055,-9.04124069213867,"Female"
"9004159",371979,2025-06-27 13:18:25,42.5604553222656,-9.04125690460205,"Female"
"9004159",371979,2025-06-27 13:23:24,42.560546875,-9.041259765625,"Female"
"9004159",371979,2025-06-27 13:28:28,42.5587005615234,-9.04509353637695,"Female"
"9004159",371979,2025-06-27 13:33:24,42.5486221313477,-9.05532741546631,"Female"
"9004159",371979,2025-06-27 13:39:16,42.5477600097656,-9.05591869354248,"Female"
"9004159",371979,2025-06-27 13:44:19,42.5482444763184,-9.05789756774902,"Female"
"9004159",371979,2025-06-27 13:49:14,42.5485916137695,-9.05862617492676,"Female"
"9004159",371979,2025-06-27 13:54:43,42.5489730834961,-9.05920028686523,"Female"
"9004159",371979,2025-06-27 13:59:44,42.5488548278809,-9.05902194976807,"Female"
"9004159",371979,2025-06-27 14:05:23,42.5480651855469,-9.05726718902588,"Female"
"9004159",371979,2025-06-27 14:11:08,42.5483055114746,-9.05752944946289,"Female"
"9004159",371979,2025-06-27 14:26:35,42.5486297607422,-9.05790138244629,"Female"
"9004159",371979,2025-06-27 14:31:49,42.5479469299316,-9.05677795410156,"Female"
"9004159",371979,2025-06-27 14:37:08,42.547534942627,-9.0552921295166,"Female"
"9004159",371979,2025-06-27 14:43:04,42.5478630065918,-9.0560998916626,"Female"
"9004159",371979,2025-06-27 14:48:07,42.547966003418,-9.05668830871582,"Female"
"9004159",371979,2025-06-27 14:53:21,42.5482063293457,-9.05775833129883,"Female"
"9004159",371979,2025-06-27 14:59:31,42.5479202270508,-9.05663204193115,"Female"
"9004159",371979,2025-06-27 15:04:28,42.5472450256348,-9.05547428131104,"Female"
"9004159",371979,2025-06-27 15:10:03,42.547966003418,-9.05667972564697,"Female"
"9004159",371979,2025-06-27 15:15:08,42.5480804443359,-9.05643463134766,"Female"
"9004159",371979,2025-06-27 15:21:00,42.5480270385742,-9.05703544616699,"Female"
"9004159",371979,2025-06-27 15:26:00,42.5483665466309,-9.05848407745361,"Female"
"9004159",371979,2025-06-27 15:31:05,42.5481414794922,-9.05731010437012,"Female"
"9004159",371979,2025-06-27 15:36:12,42.5478096008301,-9.05624294281006,"Female"
"9004159",371979,2025-06-27 15:41:37,42.5466384887695,-9.05432033538818,"Female"
"9004159",371979,2025-06-27 15:47:29,42.5222320556641,-9.04793930053711,"Female"
"9004159",371979,2025-06-27 15:51:41,42.4984741210938,-9.01450252532959,"Female"
"9004159",371979,2025-06-27 15:56:40,42.4987716674805,-9.01490592956543,"Female"
"9004159",371979,2025-06-27 16:01:47,42.4985008239746,-9.01444053649902,"Female"
"9004159",371979,2025-06-27 16:06:43,42.4981498718262,-9.01390743255615,"Female"
"9004159",371979,2025-06-27 16:11:39,42.4984092712402,-9.01435375213623,"Female"
"9004159",371979,2025-06-27 16:16:39,42.4982643127441,-9.01411724090576,"Female"
"9004159",371979,2025-06-27 16:21:44,42.4985618591309,-9.01462364196777,"Female"
"9004159",371979,2025-06-27 16:26:37,42.4893188476562,-8.99749565124512,"Female"
"9004159",371979,2025-06-27 16:31:38,42.4893074035645,-8.99750232696533,"Female"
"9004159",371979,2025-06-27 16:36:34,42.4894714355469,-8.99781131744385,"Female"
"9004159",371979,2025-06-27 16:41:33,42.4892539978027,-8.99748516082764,"Female"
"9004159",371979,2025-06-27 16:46:45,42.4888801574707,-8.99693584442139,"Female"
"9004159",371979,2025-06-27 16:51:33,42.488899230957,-8.9970645904541,"Female"
"9004159",371979,2025-06-27 16:56:34,42.4888687133789,-8.99683284759521,"Female"
"9004159",371979,2025-06-27 17:01:38,42.4889602661133,-8.99714469909668,"Female"
"9004159",371979,2025-06-27 17:06:43,42.4889030456543,-8.99696254730225,"Female"
"9004159",371979,2025-06-27 17:11:34,42.488941192627,-8.99691772460938,"Female"
"9004159",371979,2025-06-27 17:16:34,42.4889945983887,-8.99697780609131,"Female"
"9004159",371979,2025-06-27 17:21:34,42.4889068603516,-8.99702644348145,"Female"
"9004159",371979,2025-06-27 17:26:38,42.4888877868652,-8.9969539642334,"Female"
"9004159",371979,2025-06-27 17:31:39,42.4889869689941,-8.99710464477539,"Female"
"9004159",371979,2025-06-27 17:36:39,42.4889450073242,-8.99701499938965,"Female"
"9004159",371979,2025-06-27 17:41:41,42.4889488220215,-8.99700164794922,"Female"
"9004159",371979,2025-06-27 17:46:36,42.488899230957,-8.99698638916016,"Female"
"9004159",371979,2025-06-27 17:51:34,42.4888191223145,-8.99680423736572,"Female"
"9004159",371979,2025-06-27 17:56:34,42.4888916015625,-8.996994972229,"Female"
"9004159",371979,2025-06-27 18:01:37,42.4888229370117,-8.9968433380127,"Female"
"9004159",371979,2025-06-27 18:06:33,42.4889144897461,-8.9969539642334,"Female"
"9004159",371979,2025-06-27 18:11:44,42.4888534545898,-8.9970121383667,"Female"
"9004159",371979,2025-06-27 18:16:34,42.4888114929199,-8.99707889556885,"Female"
"9004159",371979,2025-06-27 18:21:40,42.4887161254883,-8.99696063995361,"Female"
"9004159",371979,2025-06-27 18:26:37,42.4888381958008,-8.99702548980713,"Female"
"9004159",371979,2025-06-27 18:31:41,42.48876953125,-8.99699974060059,"Female"
"9004159",371979,2025-06-27 18:36:38,42.488639831543,-8.99691963195801,"Female"
"9004159",371979,2025-06-27 18:41:38,42.4887466430664,-8.99674892425537,"Female"
"9004159",371979,2025-06-27 18:46:37,42.4886817932129,-8.9969539642334,"Female"
"9004159",371979,2025-06-27 18:51:41,42.4886512756348,-8.99694728851318,"Female"
"9004159",371979,2025-06-27 18:56:45,42.4884147644043,-8.99705600738525,"Female"
"9004159",371979,2025-06-27 19:02:05,42.4887619018555,-8.99686813354492,"Female"
"9004159",371979,2025-06-27 19:06:39,42.4891242980957,-8.99676322937012,"Female"
"9004159",371979,2025-06-27 19:11:46,42.4891242980957,-8.99675750732422,"Female"
"9004159",371979,2025-06-27 19:16:36,42.489013671875,-8.99681663513184,"Female"
"9004159",371979,2025-06-27 19:21:33,42.4888572692871,-8.99688529968262,"Female"
"9004159",371979,2025-06-27 19:26:33,42.4889793395996,-8.996901512146,"Female"
"9004159",371979,2025-06-27 19:31:44,42.4888076782227,-8.99681186676025,"Female"
"9004159",371979,2025-06-27 19:36:40,42.4887771606445,-8.99683094024658,"Female"
"9004159",371979,2025-06-27 19:41:37,42.4889984130859,-8.99696159362793,"Female"
"9004159",371979,2025-06-27 19:46:40,42.4889030456543,-8.99716663360596,"Female"
"9004159",371979,2025-06-27 19:51:37,42.4888877868652,-8.99710369110107,"Female"
"9004159",371979,2025-06-27 19:56:37,42.4889259338379,-8.99717617034912,"Female"
"9004159",371979,2025-06-27 20:01:33,42.4889373779297,-8.99666976928711,"Female"
"9004159",371979,2025-06-27 20:06:34,42.4889259338379,-8.99677658081055,"Female"
"9004159",371979,2025-06-27 20:11:51,42.4889640808105,-8.99717235565186,"Female"
"9004159",371979,2025-06-27 20:16:37,42.4889450073242,-8.99709033966064,"Female"
"9004159",371979,2025-06-27 20:21:33,42.4889106750488,-8.99679374694824,"Female"
"9004159",371979,2025-06-27 20:26:34,42.4889144897461,-8.99709129333496,"Female"
"9004159",371979,2025-06-27 20:32:05,42.4889297485352,-8.99702262878418,"Female"
"9004159",371979,2025-06-27 20:36:33,42.4888114929199,-8.99694061279297,"Female"
"9004159",371979,2025-06-27 20:41:33,42.4888954162598,-8.99685192108154,"Female"
"9004159",371979,2025-06-27 20:46:33,42.4889068603516,-8.99697113037109,"Female"
"9004159",371979,2025-06-27 20:51:33,42.4889717102051,-8.99707412719727,"Female"
"9004159",371979,2025-06-27 20:56:34,42.4888572692871,-8.99686908721924,"Female"
"9004159",371979,2025-06-27 21:01:33,42.4888763427734,-8.99696063995361,"Female"
"9004159",371979,2025-06-27 21:06:33,42.4888687133789,-8.99691104888916,"Female"
"9004159",371979,2025-06-27 21:11:33,42.4889183044434,-8.99696159362793,"Female"
"9004159",371979,2025-06-27 21:16:34,42.4888877868652,-8.99700450897217,"Female"
"9004159",371979,2025-06-27 21:21:34,42.4889221191406,-8.99702835083008,"Female"
"9004159",371979,2025-06-27 21:26:34,42.4889793395996,-8.99706840515137,"Female"
"9004159",371979,2025-06-27 21:31:37,42.4889144897461,-8.99701404571533,"Female"
"9004159",371979,2025-06-27 21:36:37,42.4888763427734,-8.99704837799072,"Female"
"9004159",371979,2025-06-27 21:41:33,42.4888763427734,-8.99706554412842,"Female"
"9004159",371979,2025-06-27 21:46:37,42.4889030456543,-8.9970178604126,"Female"
"9004159",371979,2025-06-27 21:51:34,42.4888725280762,-8.99699115753174,"Female"
"9004159",371979,2025-06-27 21:56:33,42.4888458251953,-8.99699878692627,"Female"
"9004159",371979,2025-06-27 22:01:34,42.4890747070312,-8.99694442749023,"Female"
"9004159",371979,2025-06-27 22:06:33,42.4889984130859,-8.99744129180908,"Female"
"9004159",371979,2025-06-27 22:11:33,42.488899230957,-8.9971399307251,"Female"
"9004159",371979,2025-06-27 22:16:41,42.4888496398926,-8.99695777893066,"Female"
"9004159",371979,2025-06-27 22:21:39,42.4889183044434,-8.99696254730225,"Female"
"9004159",371979,2025-06-27 22:26:39,42.4888534545898,-8.99701595306396,"Female"
"9004159",371979,2025-06-27 22:31:40,42.4889221191406,-8.99692153930664,"Female"
"9004159",371979,2025-06-27 22:36:33,42.4888458251953,-8.99707412719727,"Female"
"9004159",371979,2025-06-27 22:41:37,42.488883972168,-8.99704360961914,"Female"
"9004159",371979,2025-06-27 22:46:36,42.4888877868652,-8.99703884124756,"Female"
"9004159",371979,2025-06-27 22:51:40,42.4889526367188,-8.99700260162354,"Female"
"9004159",371979,2025-06-27 22:56:43,42.4890022277832,-8.99699783325195,"Female"
"9004159",371979,2025-06-27 23:01:40,42.4889259338379,-8.99702835083008,"Female"
"9004159",371979,2025-06-27 23:06:39,42.4888916015625,-8.99701595306396,"Female"
"9004159",371979,2025-06-27 23:11:43,42.4889488220215,-8.99701499938965,"Female"
"9004159",371979,2025-06-27 23:17:05,42.4889221191406,-8.99720001220703,"Female"
"9004159",371979,2025-06-27 23:21:41,42.488899230957,-8.99691581726074,"Female"
"9004159",371979,2025-06-27 23:26:40,42.4889030456543,-8.99717330932617,"Female"
"9004159",371979,2025-06-27 23:31:44,42.4888610839844,-8.99697399139404,"Female"
"9004159",371979,2025-06-27 23:37:04,42.4889259338379,-8.99709796905518,"Female"
"9004159",371979,2025-06-27 23:41:39,42.4890289306641,-8.99736881256104,"Female"
"9004159",371979,2025-06-27 23:46:49,42.4889373779297,-8.99718475341797,"Female"
"9004159",371979,2025-06-27 23:52:03,42.4889106750488,-8.99701976776123,"Female"
"9004159",371979,2025-06-27 23:56:37,42.4888725280762,-8.99696159362793,"Female"
"9004159",371979,2025-06-28 00:01:35,42.4887619018555,-8.99660491943359,"Female"
"9004159",371979,2025-06-28 00:06:39,42.4888801574707,-8.99700546264648,"Female"
"9004159",371979,2025-06-28 00:11:36,42.4888954162598,-8.99696159362793,"Female"
"9004159",371979,2025-06-28 00:16:37,42.4889068603516,-8.9969596862793,"Female"
"9004159",371979,2025-06-28 00:21:38,42.4889144897461,-8.99694728851318,"Female"
"9004159",371979,2025-06-28 00:26:34,42.4889869689941,-8.99727916717529,"Female"
"9004159",371979,2025-06-28 00:31:34,42.4889335632324,-8.99692344665527,"Female"
"9004159",371979,2025-06-28 00:36:35,42.4889717102051,-8.99735260009766,"Female"
"9004159",371979,2025-06-28 00:41:37,42.488899230957,-8.99702167510986,"Female"
"9004159",371979,2025-06-28 00:46:35,42.4890480041504,-8.99701023101807,"Female"
"9004159",371979,2025-06-28 00:51:38,42.4888954162598,-8.99697017669678,"Female"
"9004159",371979,2025-06-28 00:56:38,42.4890289306641,-8.99695873260498,"Female"
"9004159",371979,2025-06-28 01:01:44,42.4890251159668,-8.99695873260498,"Female"
"9004159",371979,2025-06-28 01:06:39,42.4892692565918,-8.99689483642578,"Female"
"9004159",371979,2025-06-28 01:11:39,42.4891624450684,-8.99686622619629,"Female"
"9004159",371979,2025-06-28 01:16:33,42.4890289306641,-8.99716186523438,"Female"
"9004159",371979,2025-06-28 01:21:37,42.4890823364258,-8.99711227416992,"Female"
"9004159",371979,2025-06-28 01:26:34,42.4891052246094,-8.99710273742676,"Female"
"9004159",371979,2025-06-28 01:31:36,42.4892234802246,-8.99688720703125,"Female"
"9004159",371979,2025-06-28 01:36:38,42.4888610839844,-8.99693012237549,"Female"
"9004159",371979,2025-06-28 01:41:40,42.489086151123,-8.99708461761475,"Female"
"9004159",371979,2025-06-28 01:46:36,42.4889259338379,-8.99703788757324,"Female"
"9004159",371979,2025-06-28 01:51:34,42.4889984130859,-8.99707412719727,"Female"
"9004159",371979,2025-06-28 01:56:37,42.4888801574707,-8.9970588684082,"Female"
"9004159",371979,2025-06-28 02:02:05,42.488842010498,-8.99696445465088,"Female"
"9004159",371979,2025-06-28 02:06:33,42.4890060424805,-8.9971284866333,"Female"
"9004159",371979,2025-06-28 02:11:33,42.4889717102051,-8.99702644348145,"Female"
"9004159",371979,2025-06-28 02:16:38,42.488956451416,-8.99704742431641,"Female"
"9004159",371979,2025-06-28 02:21:36,42.4889907836914,-8.99711227416992,"Female"
"9004159",371979,2025-06-28 02:26:37,42.4887886047363,-8.99691867828369,"Female"
"9004159",371979,2025-06-28 02:31:44,42.4888801574707,-8.99700164794922,"Female"
"9004159",371979,2025-06-28 02:36:33,42.4890403747559,-8.99696159362793,"Female"
"9004159",371979,2025-06-28 02:41:34,42.4889984130859,-8.99700832366943,"Female"
"9004159",371979,2025-06-28 02:46:33,42.4888572692871,-8.99690437316895,"Female"
"9004159",371979,2025-06-28 02:51:37,42.4891052246094,-8.99734020233154,"Female"
"9004159",371979,2025-06-28 02:56:42,42.4889526367188,-8.99702739715576,"Female"
"9004159",371979,2025-06-28 03:01:49,42.4889907836914,-8.99716949462891,"Female"
"9004159",371979,2025-06-28 03:06:43,42.4889030456543,-8.99697780609131,"Female"
"9004159",371979,2025-06-28 03:11:36,42.488899230957,-8.99699687957764,"Female"
"9004159",371979,2025-06-28 03:16:38,42.4889030456543,-8.99697017669678,"Female"
"9004159",371979,2025-06-28 03:21:43,42.4888572692871,-8.9969596862793,"Female"
"9004159",371979,2025-06-28 03:26:55,42.4886741638184,-8.99715328216553,"Female"
"9004159",371979,2025-06-28 03:32:05,42.4889450073242,-8.99693012237549,"Female"
"9004159",371979,2025-06-28 03:36:38,42.4890098571777,-8.99695014953613,"Female"
"9004159",371979,2025-06-28 03:41:34,42.4889869689941,-8.996901512146,"Female"
"9004159",371979,2025-06-28 03:46:34,42.4889259338379,-8.99698734283447,"Female"
"9004159",371979,2025-06-28 03:51:36,42.4886817932129,-8.9972562789917,"Female"
"9004159",371979,2025-06-28 03:56:33,42.4888916015625,-8.99693298339844,"Female"
"9004159",371979,2025-06-28 04:01:36,42.488941192627,-8.9970531463623,"Female"
"9004159",371979,2025-06-28 04:06:37,42.488899230957,-8.99715805053711,"Female"
"9004159",371979,2025-06-28 04:11:36,42.4888534545898,-8.9970703125,"Female"
"9004159",371979,2025-06-28 04:16:43,42.4889526367188,-8.99699020385742,"Female"
"9004159",371979,2025-06-28 04:21:33,42.4888877868652,-8.99699687957764,"Female"
"9004159",371979,2025-06-28 04:26:34,42.4889068603516,-8.99709987640381,"Female"
"9004159",371979,2025-06-28 04:31:36,42.4888572692871,-8.99722671508789,"Female"
"9004159",371979,2025-06-28 04:36:46,42.4889640808105,-8.99713706970215,"Female"
"9004159",371979,2025-06-28 04:41:40,42.4889144897461,-8.99706363677979,"Female"
"9004159",371979,2025-06-28 04:46:40,42.4889831542969,-8.99722099304199,"Female"
"9004159",371979,2025-06-28 04:51:38,42.4889793395996,-8.99700164794922,"Female"
"9004159",371979,2025-06-28 04:56:37,42.4889717102051,-8.9971923828125,"Female"
"9004159",371979,2025-06-28 05:01:38,42.4888954162598,-8.99721717834473,"Female"
"9004159",371979,2025-06-28 05:06:37,42.4889678955078,-8.99716567993164,"Female"
"9004159",371979,2025-06-28 05:11:39,42.4889755249023,-8.99722194671631,"Female"
"9004159",371979,2025-06-28 05:16:47,42.4890098571777,-8.99737358093262,"Female"
"9004159",371979,2025-06-28 05:21:38,42.4890632629395,-8.99729537963867,"Female"
"9004159",371979,2025-06-28 05:26:34,42.4890060424805,-8.99736595153809,"Female"
"9004159",371979,2025-06-28 05:31:37,42.4890365600586,-8.99735832214355,"Female"
"9004159",371979,2025-06-28 05:36:37,42.4890747070312,-8.99746704101562,"Female"
"9004159",371979,2025-06-28 05:41:34,42.4890594482422,-8.99740028381348,"Female"
"9004159",371979,2025-06-28 05:46:44,42.4890060424805,-8.99725818634033,"Female"
"9004159",371979,2025-06-28 05:51:37,42.4890022277832,-8.99722385406494,"Female"
"9004159",371979,2025-06-28 05:56:34,42.4889984130859,-8.9972562789917,"Female"
"9004159",371979,2025-06-28 06:01:34,42.4890747070312,-8.99744129180908,"Female"
"9004159",371979,2025-06-28 06:06:38,42.4889831542969,-8.99724292755127,"Female"
"9004159",371979,2025-06-28 06:11:36,42.4889602661133,-8.99708652496338,"Female"
"9004159",371979,2025-06-28 06:16:38,42.4890098571777,-8.99722099304199,"Female"
"9004159",371979,2025-06-28 06:21:41,42.4889717102051,-8.9969596862793,"Female"
"9004159",371979,2025-06-28 06:26:38,42.4890365600586,-8.99700355529785,"Female"
"9004159",371979,2025-06-28 06:32:05,42.4890823364258,-8.99721336364746,"Female"
"9004159",371979,2025-06-28 06:36:37,42.489086151123,-8.99715995788574,"Female"
"9004159",371979,2025-06-28 06:41:39,42.489200592041,-8.99713039398193,"Female"
"9004159",371979,2025-06-28 06:46:39,42.4891014099121,-8.99716091156006,"Female"
"9004159",371979,2025-06-28 06:52:05,42.4890441894531,-8.99696826934814,"Female"
"9004159",371979,2025-06-28 06:56:34,42.4893264770508,-8.99670505523682,"Female"
"9004159",371979,2025-06-28 07:01:33,42.488883972168,-8.99703788757324,"Female"
"9004159",371979,2025-06-28 07:06:34,42.4888610839844,-8.99691009521484,"Female"
"9004159",371979,2025-06-28 07:11:33,42.4889602661133,-8.99704074859619,"Female"
"9004159",371979,2025-06-28 07:16:33,42.488941192627,-8.99698162078857,"Female"
"9004159",371979,2025-06-28 07:21:34,42.488899230957,-8.99703502655029,"Female"
"9004159",371979,2025-06-28 07:26:33,42.488956451416,-8.99691390991211,"Female"
"9004159",371979,2025-06-28 07:31:33,42.4888916015625,-8.99704360961914,"Female"
"9004159",371979,2025-06-28 07:36:33,42.4980545043945,-9.01325511932373,"Female"
"9004159",371979,2025-06-28 07:41:34,42.498607635498,-9.01455020904541,"Female"
"9004159",371979,2025-06-28 07:46:35,42.500617980957,-9.01610279083252,"Female"
"9004159",371979,2025-06-28 07:51:33,42.5275611877441,-9.04987144470215,"Female"
"9004159",371979,2025-06-28 07:56:34,42.5492172241211,-9.05709362030029,"Female"
"9004159",371979,2025-06-28 08:01:57,42.5486297607422,-9.05885219573975,"Female"
"9004159",371979,2025-06-28 08:06:56,42.5487937927246,-9.05845069885254,"Female"
"9004159",371979,2025-06-28 08:11:56,42.5481300354004,-9.05677127838135,"Female"
"9004159",371979,2025-06-28 08:17:00,42.5476455688477,-9.0567102432251,"Female"
"9004159",371979,2025-06-28 08:22:00,42.5480651855469,-9.05799007415771,"Female"
"9004159",371979,2025-06-28 08:27:48,42.5486793518066,-9.05860137939453,"Female"
"9004159",371979,2025-06-28 08:32:58,42.5488166809082,-9.05927848815918,"Female"
"9004159",371979,2025-06-28 08:37:56,42.5478897094727,-9.05812072753906,"Female"
"9004159",371979,2025-06-28 08:43:28,42.5476837158203,-9.05951976776123,"Female"
"9004159",371979,2025-06-28 08:48:28,42.5475311279297,-9.05910778045654,"Female"
"9004159",371979,2025-06-28 08:53:28,42.5362167358398,-9.04532146453857,"Female"
"9004159",371979,2025-06-28 08:58:28,42.5345878601074,-9.04290294647217,"Female"
"9004159",371979,2025-06-28 09:03:36,42.5345420837402,-9.04281234741211,"Female"
"9004159",371979,2025-06-28 09:08:36,42.534595489502,-9.04295253753662,"Female"
"9004159",371979,2025-06-28 09:13:38,42.534725189209,-9.04328346252441,"Female"
"9004159",371979,2025-06-28 09:18:36,42.5346946716309,-9.04322814941406,"Female"
"9004159",371979,2025-06-28 09:23:36,42.53466796875,-9.04306507110596,"Female"
"9004159",371979,2025-06-28 09:28:36,42.5347061157227,-9.04318714141846,"Female"
"9004159",371979,2025-06-28 09:33:36,42.5348205566406,-9.04342460632324,"Female"
"9004159",371979,2025-06-28 09:38:36,42.5347137451172,-9.0431604385376,"Female"
"9004159",371979,2025-06-28 09:43:36,42.5346488952637,-9.04315948486328,"Female"
"9004159",371979,2025-06-28 09:48:37,42.5346527099609,-9.04319667816162,"Female"
"9004159",371979,2025-06-28 09:53:36,42.5346183776855,-9.04304981231689,"Female"
"9004159",371979,2025-06-28 09:58:36,42.5346641540527,-9.04340171813965,"Female"
"9004159",371979,2025-06-28 10:03:36,42.5345916748047,-9.0430212020874,"Female"
"9004159",371979,2025-06-28 10:08:51,42.5345993041992,-9.04337692260742,"Female"
"9004159",371979,2025-06-28 10:14:12,42.5366325378418,-9.04451847076416,"Female"
"9004159",371979,2025-06-28 10:18:54,42.5485191345215,-9.05545806884766,"Female"
"9004159",371979,2025-06-28 10:23:40,42.5483551025391,-9.05671501159668,"Female"
"9004159",371979,2025-06-28 10:28:57,42.5482978820801,-9.05849170684814,"Female"
"9004159",371979,2025-06-28 10:34:39,42.5486068725586,-9.05907440185547,"Female"
"9004159",371979,2025-06-28 10:40:11,42.5480499267578,-9.0574893951416,"Female"
"9004159",371979,2025-06-28 10:46:49,42.5484619140625,-9.05842781066895,"Female"
"9004159",371979,2025-06-28 10:52:36,42.548282623291,-9.0576753616333,"Female"
"9004159",371979,2025-06-28 10:58:24,42.5481071472168,-9.05669212341309,"Female"
"9004159",371979,2025-06-28 11:05:44,42.5480880737305,-9.05733299255371,"Female"
"9004159",371979,2025-06-28 11:20:23,42.548412322998,-9.05801010131836,"Female"
"9004159",371979,2025-06-28 11:26:14,42.5483436584473,-9.05749702453613,"Female"
"9004159",371979,2025-06-28 11:31:49,42.5479354858398,-9.05628490447998,"Female"
"9004159",371979,2025-06-28 11:38:34,42.5478935241699,-9.05601692199707,"Female"
"9004159",371979,2025-06-28 11:43:39,42.548454284668,-9.05710506439209,"Female"
"9004159",371979,2025-06-28 11:48:58,42.5481948852539,-9.05720806121826,"Female"
"9004159",371979,2025-06-28 11:54:50,42.5488815307617,-9.05858993530273,"Female"
"9004159",371979,2025-06-28 12:02:47,42.5483360290527,-9.05757808685303,"Female"
"9004159",371979,2025-06-28 12:07:50,42.5488624572754,-9.05897045135498,"Female"
"9004159",371979,2025-06-28 12:13:26,42.5485496520996,-9.05886650085449,"Female"
"9004159",371979,2025-06-28 12:18:36,42.5481147766113,-9.0570650100708,"Female"
"9004159",371979,2025-06-28 12:24:14,42.5477027893066,-9.05514717102051,"Female"
"9004159",371979,2025-06-28 12:29:12,42.5344390869141,-9.04248046875,"Female"
"9004159",371979,2025-06-28 12:34:14,42.5353965759277,-9.0430736541748,"Female"
"9004159",371979,2025-06-28 12:39:18,42.5352363586426,-9.04309940338135,"Female"
"9004159",371979,2025-06-28 12:44:17,42.5352783203125,-9.04310321807861,"Female"
"9004159",371979,2025-06-28 12:49:35,42.5353546142578,-9.04311561584473,"Female"
"9004159",371979,2025-06-28 12:54:12,42.5353393554688,-9.04312038421631,"Female"
"9004159",371979,2025-06-28 12:59:12,42.5353889465332,-9.04315567016602,"Female"
"9004159",371979,2025-06-28 13:04:12,42.5353393554688,-9.04308605194092,"Female"
"9004159",371979,2025-06-28 13:09:12,42.5353393554688,-9.0431661605835,"Female"
"9004159",371979,2025-06-28 13:14:13,42.535270690918,-9.04312896728516,"Female"
"9004159",371979,2025-06-28 13:19:12,42.5352630615234,-9.04318618774414,"Female"
"9004159",371979,2025-06-28 13:24:13,42.5364265441895,-9.04384422302246,"Female"
"9004159",371979,2025-06-28 13:29:13,42.5483703613281,-9.05659866333008,"Female"
"9004159",371979,2025-06-28 13:34:32,42.5485000610352,-9.05673217773438,"Female"
"9004159",371979,2025-06-28 13:40:21,42.5485458374023,-9.05868530273438,"Female"
"9004159",371979,2025-06-28 13:45:45,42.5492248535156,-9.06021308898926,"Female"
"9004159",371979,2025-06-28 13:51:01,42.5490303039551,-9.05942344665527,"Female"
"9004159",371979,2025-06-28 13:56:54,42.5481758117676,-9.05720138549805,"Female"
"9004159",371979,2025-06-28 14:02:04,42.5480270385742,-9.0562047958374,"Female"
"9004159",371979,2025-06-28 14:07:00,42.5476264953613,-9.05639362335205,"Female"
"9004159",371979,2025-06-28 14:12:01,42.5485649108887,-9.06509590148926,"Female"
"9004159",371979,2025-06-28 14:17:46,42.5479888916016,-9.0643310546875,"Female"
"9004159",371979,2025-06-28 14:23:02,42.5486030578613,-9.06261444091797,"Female"
"9004159",371979,2025-06-28 14:28:10,42.5495986938477,-9.06200408935547,"Female"
"9004159",371979,2025-06-28 14:33:18,42.5494041442871,-9.06093692779541,"Female"
"9004159",371979,2025-06-28 14:39:25,42.5485916137695,-9.06204891204834,"Female"
"9004159",371979,2025-06-28 14:44:44,42.5479545593262,-9.06226634979248,"Female"
"9004159",371979,2025-06-28 14:49:43,42.5476150512695,-9.06061935424805,"Female"
"9004159",371979,2025-06-28 14:55:46,42.5479583740234,-9.05803108215332,"Female"
"9004159",371979,2025-06-28 15:01:05,42.5485534667969,-9.05811023712158,"Female"
"9004159",371979,2025-06-28 15:06:22,42.5475959777832,-9.055495262146,"Female"
"9004159",371979,2025-06-28 15:12:33,42.5144538879395,-9.03449821472168,"Female"
"9004159",371979,2025-06-28 15:16:20,42.5088996887207,-9.02092266082764,"Female"
"9004159",371979,2025-06-28 15:22:03,42.5095252990723,-9.01888847351074,"Female"
"9004159",371979,2025-06-28 15:29:38,42.5109252929688,-9.01884078979492,"Female"
"9004159",371979,2025-06-28 15:35:07,42.511287689209,-9.01660060882568,"Female"
"9004159",371979,2025-06-28 15:40:05,42.5124969482422,-9.01633071899414,"Female"
"9004159",371979,2025-06-28 15:46:02,42.5112342834473,-9.01743030548096,"Female"
"9004159",371979,2025-06-28 15:54:11,42.5104141235352,-9.01900577545166,"Female"
"9004159",371979,2025-06-28 15:59:12,42.5115547180176,-9.01790046691895,"Female"
"9004159",371979,2025-06-28 16:04:11,42.5107269287109,-9.01681232452393,"Female"
"9004159",371979,2025-06-28 16:09:06,42.5065956115723,-9.01782512664795,"Female"
"9004159",371979,2025-06-28 16:14:13,42.4983291625977,-9.01460647583008,"Female"
"9004159",371979,2025-06-28 16:19:09,42.4988403320312,-9.01519298553467,"Female"
"9004159",371979,2025-06-28 16:24:18,42.4985733032227,-9.01451110839844,"Female"
"9004159",371979,2025-06-28 16:29:10,42.4988136291504,-9.01521968841553,"Female"
"9004159",371979,2025-06-28 16:34:12,42.4979972839355,-9.01293182373047,"Female"
"9004159",371979,2025-06-28 16:39:10,42.4986610412598,-9.01464939117432,"Female"
"9004159",371979,2025-06-28 16:44:29,42.4984092712402,-9.0141773223877,"Female"
"9004159",371979,2025-06-28 16:49:35,42.4986991882324,-9.01476287841797,"Female"
"9004159",371979,2025-06-28 16:54:05,42.4986915588379,-9.0148286819458,"Female"
"9004159",371979,2025-06-28 16:59:05,42.4986724853516,-9.01480484008789,"Female"
"9004159",371979,2025-06-28 17:04:05,42.4987182617188,-9.01477718353271,"Female"
"9004159",371979,2025-06-28 17:09:05,42.4987297058105,-9.01479339599609,"Female"
"9004159",371979,2025-06-28 17:14:07,42.4986915588379,-9.01479530334473,"Female"
"9004159",371979,2025-06-28 17:19:05,42.4987030029297,-9.01476001739502,"Female"
"9004159",371979,2025-06-28 17:24:05,42.4987182617188,-9.01480770111084,"Female"
"9004159",371979,2025-06-28 17:29:05,42.4987869262695,-9.01491737365723,"Female"
"9004159",371979,2025-06-28 17:34:05,42.4987030029297,-9.01492500305176,"Female"
"9004159",371979,2025-06-28 17:39:05,42.4987106323242,-9.01480293273926,"Female"
"9004159",371979,2025-06-28 17:44:05,42.4987602233887,-9.01491737365723,"Female"
"9004159",371979,2025-06-28 17:49:05,42.498706817627,-9.01490783691406,"Female"
"9004159",371979,2025-06-28 17:54:05,42.4987449645996,-9.01482772827148,"Female"
"9004159",371979,2025-06-28 17:59:05,42.4987831115723,-9.01492214202881,"Female"
"9004159",371979,2025-06-28 18:04:05,42.4987449645996,-9.01486968994141,"Female"
"9004159",371979,2025-06-28 18:09:05,42.4987411499023,-9.01488590240479,"Female"
"9004159",371979,2025-06-28 18:14:05,42.4987525939941,-9.01483535766602,"Female"
"9004159",371979,2025-06-28 18:19:06,42.4987983703613,-9.01505851745605,"Female"
"9004159",371979,2025-06-28 18:24:06,42.4988632202148,-9.01504325866699,"Female"
"9004159",371979,2025-06-28 18:29:06,42.4987716674805,-9.0149507522583,"Female"
"9004159",371979,2025-06-28 18:34:07,42.4987831115723,-9.01492214202881,"Female"
"9004159",371979,2025-06-28 18:39:05,42.4986610412598,-9.01476287841797,"Female"
"9004159",371979,2025-06-28 18:44:05,42.4985885620117,-9.01462936401367,"Female"
"9004159",371979,2025-06-28 18:49:10,42.4986686706543,-9.01475238800049,"Female"
"9004159",371979,2025-06-28 18:54:38,42.4891738891602,-8.99676418304443,"Female"
"9004159",371979,2025-06-28 18:59:07,42.4888648986816,-8.99679946899414,"Female"
"9004159",371979,2025-06-28 19:04:07,42.4888763427734,-8.99709129333496,"Female"
"9004159",371979,2025-06-28 19:09:07,42.4887657165527,-8.99692630767822,"Female"
"9004159",371979,2025-06-28 19:14:07,42.4885711669922,-8.99634552001953,"Female"
"9004159",371979,2025-06-28 19:19:08,42.4886322021484,-8.99646472930908,"Female"
"9004159",371979,2025-06-28 19:24:07,42.488883972168,-8.99702930450439,"Female"
"9004159",371979,2025-06-28 19:29:11,42.4884147644043,-8.99589252471924,"Female"
"9004159",371979,2025-06-28 19:34:10,42.4886894226074,-8.99633693695068,"Female"
"9004159",371979,2025-06-28 19:39:07,42.4888496398926,-8.9970006942749,"Female"
"9004159",371979,2025-06-28 19:44:07,42.4888076782227,-8.99679565429688,"Female"
"9004159",371979,2025-06-28 19:49:08,42.4888038635254,-8.99655151367188,"Female"
"9004159",371979,2025-06-28 19:54:06,42.4887428283691,-8.99659729003906,"Female"
"9004159",371979,2025-06-28 19:59:07,42.4889984130859,-8.99711322784424,"Female"
"9004159",371979,2025-06-28 20:04:33,42.4888610839844,-8.99697017669678,"Female"
"9004159",371979,2025-06-28 20:09:05,42.488956451416,-8.99688720703125,"Female"
"9004159",371979,2025-06-28 20:14:08,42.4888725280762,-8.99718189239502,"Female"
"9004159",371979,2025-06-28 20:19:13,42.4888687133789,-8.99698543548584,"Female"
"9004159",371979,2025-06-28 20:24:35,42.4888916015625,-8.9970064163208,"Female"
"9004159",371979,2025-06-28 20:29:06,42.488883972168,-8.99705696105957,"Female"
"9004159",371979,2025-06-28 20:34:05,42.4888877868652,-8.99703216552734,"Female"
"9004159",371979,2025-06-28 20:39:07,42.4890289306641,-8.99699783325195,"Female"
"9004159",371979,2025-06-28 20:44:06,42.4888916015625,-8.9969310760498,"Female"
"9004159",371979,2025-06-28 20:49:12,42.4888648986816,-8.99702548980713,"Female"
"9004159",371979,2025-06-28 20:54:14,42.4889144897461,-8.99705696105957,"Female"
"9004159",371979,2025-06-28 20:59:07,42.4888114929199,-8.9969367980957,"Female"
"9004159",371979,2025-06-28 21:04:06,42.4893188476562,-8.9972095489502,"Female"
"9004159",371979,2025-06-28 21:09:08,42.489013671875,-8.99699211120605,"Female"
"9004159",371979,2025-06-28 21:14:08,42.4888153076172,-8.9969367980957,"Female"
"9004159",371979,2025-06-28 21:19:10,42.4890747070312,-8.99710845947266,"Female"
"9004159",371979,2025-06-28 21:24:10,42.4888801574707,-8.99698829650879,"Female"
"9004159",371979,2025-06-28 21:29:09,42.4885559082031,-8.99638175964355,"Female"
"9004159",371979,2025-06-28 21:34:10,42.4888000488281,-8.99678134918213,"Female"
"9004159",371979,2025-06-28 21:39:11,42.489086151123,-8.99734210968018,"Female"
"9004159",371979,2025-06-28 21:44:10,42.4889793395996,-8.99713325500488,"Female"
"9004159",371979,2025-06-28 21:49:10,42.4893112182617,-8.997878074646,"Female"
"9004159",371979,2025-06-28 21:54:09,42.4892845153809,-8.99803924560547,"Female"
"9004159",371979,2025-06-28 21:59:11,42.4891014099121,-8.99763298034668,"Female"
"9004159",371979,2025-06-28 22:04:13,42.4889030456543,-8.99718379974365,"Female"
"9004159",371979,2025-06-28 22:09:19,42.4888763427734,-8.99695491790771,"Female"
"9004159",371979,2025-06-28 22:14:07,42.4890098571777,-8.99722194671631,"Female"
"9004159",371979,2025-06-28 22:19:10,42.4889221191406,-8.99717998504639,"Female"
"9004159",371979,2025-06-28 22:24:10,42.4889488220215,-8.99751663208008,"Female"
"9004159",371979,2025-06-28 22:29:11,42.4887351989746,-8.99697589874268,"Female"
"9004159",371979,2025-06-28 22:34:14,42.4890403747559,-8.99703121185303,"Female"
"9004159",371979,2025-06-28 22:39:07,42.4888534545898,-8.99716186523438,"Female"
"9004159",371979,2025-06-28 22:44:07,42.488826751709,-8.99722671508789,"Female"
"9004159",371979,2025-06-28 22:49:23,42.4888305664062,-8.99698257446289,"Female"
"9004159",371979,2025-06-28 22:54:35,42.488883972168,-8.99705505371094,"Female"
"9004159",371979,2025-06-28 22:59:05,42.488883972168,-8.99704360961914,"Female"
"9004159",371979,2025-06-28 23:04:05,42.4888916015625,-8.99702167510986,"Female"
"9004159",371979,2025-06-28 23:09:05,42.488941192627,-8.9970235824585,"Female"
"9004159",371979,2025-06-28 23:14:06,42.4889221191406,-8.99720001220703,"Female"
"9004159",371979,2025-06-28 23:19:09,42.4888496398926,-8.99706172943115,"Female"
"9004159",371979,2025-06-28 23:24:08,42.4889602661133,-8.99703407287598,"Female"
"9004159",371979,2025-06-28 23:29:08,42.4889106750488,-8.9970817565918,"Female"
"9004159",371979,2025-06-28 23:34:08,42.4888954162598,-8.99712181091309,"Female"
"9004159",371979,2025-06-28 23:39:43,42.4888916015625,-8.99715328216553,"Female"
"9004159",371979,2025-06-28 23:44:13,42.4890022277832,-8.99728298187256,"Female"
"9004159",371979,2025-06-28 23:49:08,42.4890441894531,-8.99726867675781,"Female"
"9004159",371979,2025-06-28 23:54:35,42.4889144897461,-8.99704933166504,"Female"
"9004159",371979,2025-06-28 23:59:06,42.488941192627,-8.99712085723877,"Female"
"9004159",371979,2025-06-29 00:04:06,42.4889259338379,-8.99698448181152,"Female"
"9004159",371979,2025-06-29 00:09:06,42.4889831542969,-8.99742126464844,"Female"
"9004159",371979,2025-06-29 00:14:07,42.4889488220215,-8.99708557128906,"Female"
"9004159",371979,2025-06-29 00:19:09,42.4888114929199,-8.99675178527832,"Female"
"9004159",371979,2025-06-29 00:24:07,42.4889259338379,-8.99708557128906,"Female"
"9004159",371979,2025-06-29 00:29:13,42.4889183044434,-8.99698925018311,"Female"
"9004159",371979,2025-06-29 00:34:08,42.4888381958008,-8.99668407440186,"Female"
"9004159",371979,2025-06-29 00:39:13,42.4889907836914,-8.99698925018311,"Female"
"9004159",371979,2025-06-29 00:44:06,42.4889717102051,-8.99747562408447,"Female"
"9004159",371979,2025-06-29 00:49:27,42.4889450073242,-8.99699401855469,"Female"
"9004159",371979,2025-06-29 00:54:32,42.4889106750488,-8.99702072143555,"Female"
"9004159",371979,2025-06-29 00:59:06,42.4889183044434,-8.99694538116455,"Female"
"9004159",371979,2025-06-29 01:04:10,42.4891014099121,-8.99664783477783,"Female"
"9004159",371979,2025-06-29 01:09:06,42.4889907836914,-8.99679279327393,"Female"
"9004159",371979,2025-06-29 01:14:06,42.4888229370117,-8.99702930450439,"Female"
"9004159",371979,2025-06-29 01:19:05,42.4888801574707,-8.9969654083252,"Female"
"9004159",371979,2025-06-29 01:24:06,42.4890060424805,-8.99682998657227,"Female"
"9004159",371979,2025-06-29 01:29:06,42.4889373779297,-8.99691963195801,"Female"
"9004159",371979,2025-06-29 01:34:06,42.4889984130859,-8.99686717987061,"Female"
"9004159",371979,2025-06-29 01:39:05,42.4889335632324,-8.99692249298096,"Female"
"9004159",371979,2025-06-29 01:44:05,42.4888954162598,-8.996901512146,"Female"
"9004159",371979,2025-06-29 01:49:05,42.4889450073242,-8.99686527252197,"Female"
"9004159",371979,2025-06-29 01:54:05,42.4888954162598,-8.99698734283447,"Female"
"9004159",371979,2025-06-29 01:59:05,42.4889373779297,-8.99708366394043,"Female"
"9004159",371979,2025-06-29 02:04:05,42.4889144897461,-8.99691963195801,"Female"
"9004159",371979,2025-06-29 02:09:06,42.4889450073242,-8.99700736999512,"Female"
"9004159",371979,2025-06-29 02:14:06,42.4889068603516,-8.99693202972412,"Female"
"9004159",371979,2025-06-29 02:19:06,42.4888610839844,-8.9970178604126,"Female"
"9004159",371979,2025-06-29 02:24:05,42.4889068603516,-8.99703121185303,"Female"
"9004159",371979,2025-06-29 02:29:06,42.4889678955078,-8.99701499938965,"Female"
"9004159",371979,2025-06-29 02:34:11,42.4888458251953,-8.99695205688477,"Female"
"9004159",371979,2025-06-29 02:39:27,42.4887619018555,-8.99695873260498,"Female"
"9004159",371979,2025-06-29 02:44:35,42.4888648986816,-8.99699115753174,"Female"
"9004159",371979,2025-06-29 02:49:18,42.4889221191406,-8.99702835083008,"Female"
"9004159",371979,2025-06-29 02:54:13,42.4890060424805,-8.99720001220703,"Female"
"9004159",371979,2025-06-29 02:59:17,42.488697052002,-8.99689960479736,"Female"
"9004159",371979,2025-06-29 03:04:16,42.4889526367188,-8.99698257446289,"Female"
"9004159",371979,2025-06-29 03:09:10,42.4887542724609,-8.99700736999512,"Female"
"9004159",371979,2025-06-29 03:14:20,42.4889602661133,-8.99696350097656,"Female"
"9004159",371979,2025-06-29 03:19:35,42.4888572692871,-8.99705600738525,"Female"
"9004159",371979,2025-06-29 03:24:12,42.4891624450684,-8.99665641784668,"Female"
"9004159",371979,2025-06-29 03:29:12,42.4888381958008,-8.99711608886719,"Female"
"9004159",371979,2025-06-29 03:34:13,42.4892082214355,-8.99653816223145,"Female"
"9004159",371979,2025-06-29 03:39:14,42.4890747070312,-8.99729919433594,"Female"
"9004159",371979,2025-06-29 03:44:14,42.488826751709,-8.99717044830322,"Female"
"9004159",371979,2025-06-29 03:49:12,42.4887886047363,-8.99710941314697,"Female"
"9004159",371979,2025-06-29 03:54:11,42.4889373779297,-8.99698448181152,"Female"
"9004159",371979,2025-06-29 03:59:08,42.4889297485352,-8.99703502655029,"Female"
"9004159",371979,2025-06-29 04:04:08,42.4889602661133,-8.99694061279297,"Female"
"9004159",371979,2025-06-29 04:09:06,42.4888305664062,-8.99701404571533,"Female"
"9004159",371979,2025-06-29 04:14:06,42.4888954162598,-8.99698734283447,"Female"
"9004159",371979,2025-06-29 04:19:05,42.4889068603516,-8.99694919586182,"Female"
"9004159",371979,2025-06-29 04:24:06,42.488842010498,-8.99698257446289,"Female"
"9004159",371979,2025-06-29 04:29:10,42.4889183044434,-8.99697208404541,"Female"
"9004159",371979,2025-06-29 04:34:06,42.4888458251953,-8.99693965911865,"Female"
"9004159",371979,2025-06-29 04:39:14,42.4887962341309,-8.99707317352295,"Female"
"9004159",371979,2025-06-29 04:44:12,42.4889831542969,-8.99674701690674,"Female"
"9004159",371979,2025-06-29 04:49:08,42.4888687133789,-8.99682521820068,"Female"
"9004159",371979,2025-06-29 04:54:09,42.4888763427734,-8.9965705871582,"Female"
"9004159",371979,2025-06-29 04:59:10,42.4889221191406,-8.99686336517334,"Female"
"9004159",371979,2025-06-29 05:04:10,42.4888496398926,-8.99691677093506,"Female"
"9004159",371979,2025-06-29 05:09:11,42.4889183044434,-8.99696636199951,"Female"
"9004159",371979,2025-06-29 05:14:18,42.4889106750488,-8.99706649780273,"Female"
"9004159",371979,2025-06-29 05:19:35,42.4888648986816,-8.99706745147705,"Female"
"9004159",371979,2025-06-29 05:24:06,42.4890403747559,-8.9972562789917,"Female"
"9004159",371979,2025-06-29 05:29:08,42.4889869689941,-8.99687194824219,"Female"
"9004159",371979,2025-06-29 05:34:07,42.4890365600586,-8.99714374542236,"Female"
"9004159",371979,2025-06-29 05:39:09,42.4890060424805,-8.99703025817871,"Female"
"9004159",371979,2025-06-29 05:44:07,42.4890289306641,-8.99698925018311,"Female"
"9004159",371979,2025-06-29 05:49:06,42.4891700744629,-8.99711132049561,"Female"
"9004159",371979,2025-06-29 05:54:06,42.4891166687012,-8.99727535247803,"Female"
"9004159",371979,2025-06-29 05:59:06,42.4891357421875,-8.99714660644531,"Female"
"9004159",371979,2025-06-29 06:04:10,42.4889526367188,-8.99689102172852,"Female"
"9004159",371979,2025-06-29 06:09:11,42.4891471862793,-8.99710559844971,"Female"
"9004159",371979,2025-06-29 06:14:08,42.489143371582,-8.99732208251953,"Female"
"9004159",371979,2025-06-29 06:19:08,42.489372253418,-8.99795150756836,"Female"
"9004159",371979,2025-06-29 06:24:09,42.4892387390137,-8.99778938293457,"Female"
"9004159",371979,2025-06-29 06:29:11,42.4889869689941,-8.99709892272949,"Female"
"9004159",371979,2025-06-29 06:34:19,42.4889221191406,-8.99694728851318,"Female"
"9004159",371979,2025-06-29 06:39:07,42.4889068603516,-8.99691772460938,"Female"
"9004159",371979,2025-06-29 06:44:20,42.4889717102051,-8.99691867828369,"Female"
"9004159",371979,2025-06-29 06:49:16,42.4889221191406,-8.99694633483887,"Female"
"9004159",371979,2025-06-29 06:54:18,42.4889602661133,-8.99696350097656,"Female"
"9004159",371979,2025-06-29 06:59:21,42.4889869689941,-8.99683666229248,"Female"
"9004159",371979,2025-06-29 07:04:21,42.4889602661133,-8.99685287475586,"Female"
"9004159",371979,2025-06-29 07:09:22,42.4889869689941,-8.9968204498291,"Female"
"9004159",371979,2025-06-29 07:14:23,42.4889640808105,-8.99677848815918,"Female"
"9004159",371979,2025-06-29 07:19:35,42.4888725280762,-8.99699878692627,"Female"
"9004159",371979,2025-06-29 07:24:05,42.4889907836914,-8.99709606170654,"Female"
"9004159",371979,2025-06-29 07:29:06,42.4889221191406,-8.99702072143555,"Female"
"9004159",371979,2025-06-29 07:34:06,42.4977912902832,-8.99569606781006,"Female"
"9004159",371979,2025-06-29 07:39:06,42.5003623962402,-8.9975643157959,"Female"
"9004159",371979,2025-06-29 07:44:06,42.5008544921875,-8.99824047088623,"Female"
"9004159",371979,2025-06-29 07:49:08,42.4979476928711,-9.00232982635498,"Female"
"9004159",371979,2025-06-29 07:54:06,42.5045013427734,-8.99681568145752,"Female"
"9004159",371979,2025-06-29 07:59:06,42.5054626464844,-8.99705505371094,"Female"
"9004159",371979,2025-06-29 08:04:06,42.5065803527832,-8.9972620010376,"Female"
"9004159",371979,2025-06-29 08:09:08,42.5079116821289,-8.99841022491455,"Female"
"9004159",371979,2025-06-29 08:14:06,42.5111351013184,-9.00135231018066,"Female"
"9004159",371979,2025-06-29 08:19:28,42.5125923156738,-9.00246238708496,"Female"
"9004159",371979,2025-06-29 08:24:27,42.5183029174805,-9.00399208068848,"Female"
"9004159",371979,2025-06-29 08:29:27,42.5192718505859,-9.00376319885254,"Female"
"9004159",371979,2025-06-29 08:34:29,42.5202293395996,-9.00186920166016,"Female"
"9004159",371979,2025-06-29 08:39:37,42.5292625427246,-8.98844337463379,"Female"
"9004159",371979,2025-06-29 08:44:39,42.5317687988281,-8.98830795288086,"Female"
"9004159",371979,2025-06-29 08:49:39,42.5368957519531,-8.98114776611328,"Female"
"9004159",371979,2025-06-29 08:54:39,42.516975402832,-9.007981300354,"Female"
"9004159",371979,2025-06-29 08:59:39,42.5183258056641,-9.04496002197266,"Female"
"9004159",371979,2025-06-29 09:04:52,42.5186347961426,-9.04535675048828,"Female"
"9004159",371979,2025-06-29 09:09:39,42.518482208252,-9.0451488494873,"Female"
"9004159",371979,2025-06-29 09:14:39,42.5375213623047,-9.04873561859131,"Female"
"9004159",371979,2025-06-29 09:19:47,42.5444679260254,-9.0485782623291,"Female"
"9004159",371979,2025-06-29 09:24:42,42.5451850891113,-9.0497407913208,"Female"
"9004159",371979,2025-06-29 09:30:02,42.5458106994629,-9.05024909973145,"Female"
"9004159",371979,2025-06-29 09:34:39,42.5462608337402,-9.05098152160645,"Female"
"9004159",371979,2025-06-29 09:39:39,42.546314239502,-9.05212020874023,"Female"
"9004159",371979,2025-06-29 09:45:11,42.5466423034668,-9.05443286895752,"Female"
"9004159",371979,2025-06-29 09:50:10,42.5463333129883,-9.05429077148438,"Female"
"9004159",371979,2025-06-29 09:55:10,42.5353660583496,-9.04330253601074,"Female"
"9004159",371979,2025-06-29 10:00:11,42.5354270935059,-9.04314994812012,"Female"
"9004159",371979,2025-06-29 10:05:10,42.5352401733398,-9.0435962677002,"Female"
"9004159",371979,2025-06-29 10:10:10,42.5353164672852,-9.04337596893311,"Female"
"9004159",371979,2025-06-29 10:15:10,42.535472869873,-9.04266262054443,"Female"
"9004159",371979,2025-06-29 10:20:11,42.5353622436523,-9.04312705993652,"Female"
"9004159",371979,2025-06-29 10:25:10,42.5352973937988,-9.04343795776367,"Female"
"9004159",371979,2025-06-29 10:30:10,42.5352363586426,-9.04324245452881,"Female"
"9004159",371979,2025-06-29 10:35:16,42.5354652404785,-9.04329204559326,"Female"
"9004159",371979,2025-06-29 10:40:14,42.5353126525879,-9.04304504394531,"Female"
"9004159",371979,2025-06-29 10:45:11,42.5353622436523,-9.04397964477539,"Female"
"9004159",371979,2025-06-29 10:50:24,42.535327911377,-9.04312992095947,"Female"
"9004159",371979,2025-06-29 10:55:17,42.5355033874512,-9.04333305358887,"Female"
"9004159",371979,2025-06-29 11:00:21,42.5352783203125,-9.04315662384033,"Female"
"9004159",371979,2025-06-29 11:05:20,42.5354347229004,-9.04316425323486,"Female"
"9004159",371979,2025-06-29 11:10:20,42.5353164672852,-9.04300880432129,"Female"
"9004159",371979,2025-06-29 11:15:20,42.5355110168457,-9.04320335388184,"Female"
"9004159",371979,2025-06-29 11:20:20,42.5353546142578,-9.04311847686768,"Female"
"9004159",371979,2025-06-29 11:25:20,42.5352821350098,-9.04301452636719,"Female"
"9004159",371979,2025-06-29 11:30:20,42.5353164672852,-9.04304122924805,"Female"
"9004159",371979,2025-06-29 11:35:20,42.5353622436523,-9.04311561584473,"Female"
"9004159",371979,2025-06-29 11:40:35,42.5353507995605,-9.04310512542725,"Female"
"9004159",371979,2025-06-29 11:45:09,42.5353927612305,-9.04308128356934,"Female"
"9004159",371979,2025-06-29 11:50:08,42.5379981994629,-9.04594707489014,"Female"
"9004159",371979,2025-06-29 11:55:10,42.5476226806641,-9.05542087554932,"Female"
"9004159",371979,2025-06-29 12:00:09,42.5478668212891,-9.0555591583252,"Female"
"9004159",371979,2025-06-29 12:05:57,42.548210144043,-9.05760669708252,"Female"
"9004159",371979,2025-06-29 12:11:25,42.5487442016602,-9.05844211578369,"Female"
"9004159",371979,2025-06-29 12:16:25,42.5486068725586,-9.05895519256592,"Female"
"9004159",371979,2025-06-29 12:21:29,42.5487327575684,-9.05854988098145,"Female"
"9004159",371979,2025-06-29 12:27:24,42.5480880737305,-9.0573034286499,"Female"
"9004159",371979,2025-06-29 12:33:12,42.5478858947754,-9.0559720993042,"Female"
"9004159",371979,2025-06-29 12:38:11,42.5470008850098,-9.0538272857666,"Female"
"9004159",371979,2025-06-29 12:43:45,42.5462455749512,-9.0543041229248,"Female"
"9004159",371979,2025-06-29 12:49:34,42.5467872619629,-9.05426025390625,"Female"
"9004159",371979,2025-06-29 12:54:37,42.5470314025879,-9.05395984649658,"Female"
"9004159",371979,2025-06-29 12:59:59,42.5457382202148,-9.05317115783691,"Female"
"9004159",371979,2025-06-29 13:05:25,42.545051574707,-9.0537691116333,"Female"
"9004159",371979,2025-06-29 13:10:41,42.5450401306152,-9.05443382263184,"Female"
"9004159",371979,2025-06-29 13:15:55,42.5459289550781,-9.05490112304688,"Female"
"9004159",371979,2025-06-29 13:21:33,42.5459060668945,-9.05576419830322,"Female"
"9004159",371979,2025-06-29 13:26:53,42.5470237731934,-9.05432033538818,"Female"
"9004159",371979,2025-06-29 13:32:28,42.5475234985352,-9.05472850799561,"Female"
"9004159",371979,2025-06-29 13:37:28,42.5483131408691,-9.05513477325439,"Female"
"9004159",371979,2025-06-29 13:42:28,42.5477905273438,-9.05400943756104,"Female"
"9004159",371979,2025-06-29 13:47:53,42.5474586486816,-9.05281066894531,"Female"
"9004159",371979,2025-06-29 13:53:23,42.547191619873,-9.05463314056396,"Female"
"9004159",371979,2025-06-29 13:59:29,42.5465927124023,-9.05584144592285,"Female"
"9004159",371979,2025-06-29 14:06:05,42.5451049804688,-9.05553722381592,"Female"
"9004159",371979,2025-06-29 14:10:43,42.5442047119141,-9.05562591552734,"Female"
"9004159",371979,2025-06-29 14:16:05,42.5439147949219,-9.05480575561523,"Female"
"9004159",371979,2025-06-29 14:21:29,42.5431060791016,-9.05403995513916,"Female"
"9004159",371979,2025-06-29 14:26:29,42.542552947998,-9.05239105224609,"Female"
"9004159",371979,2025-06-29 14:31:29,42.5422592163086,-9.05110645294189,"Female"
"9004159",371979,2025-06-29 14:36:29,42.5353202819824,-9.04316997528076,"Female"
"9004159",371979,2025-06-29 14:41:29,42.5353622436523,-9.0431957244873,"Female"
"9004159",371979,2025-06-29 14:46:29,42.535343170166,-9.04313278198242,"Female"
"9004159",371979,2025-06-29 14:51:30,42.535343170166,-9.04320240020752,"Female"
"9004159",371979,2025-06-29 14:56:30,42.535343170166,-9.04319381713867,"Female"
"9004159",371979,2025-06-29 15:01:29,42.5352325439453,-9.04311656951904,"Female"
"9004159",371979,2025-06-29 15:06:30,42.5354309082031,-9.04323768615723,"Female"
"9004159",371979,2025-06-29 15:11:29,42.5354423522949,-9.04324054718018,"Female"
"9004159",371979,2025-06-29 15:16:31,42.5352668762207,-9.0430965423584,"Female"
"9004159",371979,2025-06-29 15:21:43,42.5353050231934,-9.0431661605835,"Female"
"9004159",371979,2025-06-29 15:26:29,42.5353393554688,-9.04309272766113,"Female"
"9004159",371979,2025-06-29 15:31:30,42.535327911377,-9.04307460784912,"Female"
"9004159",371979,2025-06-29 15:36:29,42.535343170166,-9.04312896728516,"Female"
"9004159",371979,2025-06-29 15:41:34,42.5354614257812,-9.0429220199585,"Female"
"9004159",371979,2025-06-29 15:47:06,42.5200500488281,-9.04415130615234,"Female"
"9004159",371979,2025-06-29 15:51:33,42.4987182617188,-9.01485824584961,"Female"
"9004159",371979,2025-06-29 15:56:43,42.4987716674805,-9.01473426818848,"Female"
"9004159",371979,2025-06-29 16:01:29,42.4987869262695,-9.01509475708008,"Female"
"9004159",371979,2025-06-29 16:06:34,42.4987297058105,-9.01493072509766,"Female"
"9004159",371979,2025-06-29 16:11:32,42.4988174438477,-9.01501846313477,"Female"
"9004159",371979,2025-06-29 16:16:44,42.4986152648926,-9.01457500457764,"Female"
"9004159",371979,2025-06-29 16:21:29,42.4986267089844,-9.01450443267822,"Female"
"9004159",371979,2025-06-29 16:26:29,42.4985389709473,-9.01457214355469,"Female"
"9004159",371979,2025-06-29 16:31:31,42.4986114501953,-9.0147819519043,"Female"
"9004159",371979,2025-06-29 16:36:29,42.4985694885254,-9.01463222503662,"Female"
"9004159",371979,2025-06-29 16:41:32,42.4985122680664,-9.0145378112793,"Female"
"9004159",371979,2025-06-29 16:46:44,42.4986534118652,-9.01486206054688,"Female"
"9004159",371979,2025-06-29 16:51:31,42.498649597168,-9.0147705078125,"Female"
"9004159",371979,2025-06-29 16:56:32,42.4987030029297,-9.01480388641357,"Female"
"9004159",371979,2025-06-29 17:01:29,42.4985656738281,-9.01458740234375,"Female"
"9004159",371979,2025-06-29 17:06:44,42.4986152648926,-9.01467037200928,"Female"
"9004159",371979,2025-06-29 17:11:29,42.4986381530762,-9.01469612121582,"Female"
"9004159",371979,2025-06-29 17:16:30,42.4986877441406,-9.01471328735352,"Female"
"9004159",371979,2025-06-29 17:21:30,42.4986534118652,-9.01470375061035,"Female"
"9004159",371979,2025-06-29 17:26:31,42.4986801147461,-9.01469898223877,"Female"
"9004159",371979,2025-06-29 17:31:31,42.4986877441406,-9.01478004455566,"Female"
"9004159",371979,2025-06-29 17:36:33,42.498706817627,-9.01482677459717,"Female"
"9004159",371979,2025-06-29 17:41:32,42.4986381530762,-9.01469230651855,"Female"
"9004159",371979,2025-06-29 17:47:05,42.4987602233887,-9.01490020751953,"Female"
"9004159",371979,2025-06-29 17:51:29,42.4986763000488,-9.01479244232178,"Female"
"9004159",371979,2025-06-29 17:56:30,42.4987144470215,-9.01483535766602,"Female"
"9004159",371979,2025-06-29 18:01:31,42.4986877441406,-9.01477813720703,"Female"
"9004159",371979,2025-06-29 18:06:29,42.4991226196289,-9.01511669158936,"Female"
"9004159",371979,2025-06-29 18:12:19,42.5012245178223,-9.01769733428955,"Female"
"9004159",371979,2025-06-29 18:18:59,42.5001373291016,-9.01794338226318,"Female"
"9004159",371979,2025-06-29 18:24:34,42.5012092590332,-9.01747989654541,"Female"
"9004159",371979,2025-06-29 18:30:29,42.5007705688477,-9.01639461517334,"Female"
"9004159",371979,2025-06-29 18:34:24,42.500919342041,-9.01535511016846,"Female"
"9004159",371979,2025-06-29 18:39:24,42.4990921020508,-9.01571369171143,"Female"
"9004159",371979,2025-06-29 18:44:32,42.4890289306641,-8.99726104736328,"Female"
"9004159",371979,2025-06-29 18:49:25,42.4889106750488,-8.99686050415039,"Female"
"9004159",371979,2025-06-29 18:54:25,42.4890594482422,-8.99773025512695,"Female"
"9004159",371979,2025-06-29 18:59:24,42.4887924194336,-8.99684810638428,"Female"
"9004159",371979,2025-06-29 19:04:23,42.4888572692871,-8.9970235824585,"Female"
"9004159",371979,2025-06-29 19:09:31,42.4888648986816,-8.99698829650879,"Female"
"9004159",371979,2025-06-29 19:14:24,42.4889793395996,-8.99694919586182,"Female"
"9004159",371979,2025-06-29 19:19:23,42.4888954162598,-8.99685478210449,"Female"
"9004159",371979,2025-06-29 19:24:23,42.4889183044434,-8.99684810638428,"Female"
"9004159",371979,2025-06-29 19:29:24,42.4888114929199,-8.99680805206299,"Female"
"9004159",371979,2025-06-29 19:34:25,42.4889144897461,-8.99675941467285,"Female"
"9004159",371979,2025-06-29 19:39:25,42.4889259338379,-8.99700927734375,"Female"
"9004159",371979,2025-06-29 19:44:26,42.4889526367188,-8.99697399139404,"Female"
"9004159",371979,2025-06-29 19:49:36,42.4889144897461,-8.99701118469238,"Female"
"9004159",371979,2025-06-29 19:54:36,42.4889450073242,-8.99699020385742,"Female"
"9004159",371979,2025-06-29 19:59:44,42.4888725280762,-8.99707126617432,"Female"
"9004159",371979,2025-06-29 20:04:26,42.4889297485352,-8.99667644500732,"Female"
"9004159",371979,2025-06-29 20:09:25,42.4887962341309,-8.99664306640625,"Female"
"9004159",371979,2025-06-29 20:14:32,42.4888381958008,-8.99675846099854,"Female"
"9004159",371979,2025-06-29 20:19:30,42.4889793395996,-8.99747085571289,"Female"
"9004159",371979,2025-06-29 20:24:26,42.4889183044434,-8.99714946746826,"Female"
"9004159",371979,2025-06-29 20:29:29,42.4889717102051,-8.99724864959717,"Female"
"9004159",371979,2025-06-29 20:34:29,42.4889526367188,-8.99703025817871,"Female"
"9004159",371979,2025-06-29 20:39:24,42.4894027709961,-8.99809074401855,"Female"
"9004159",371979,2025-06-29 20:44:33,42.4885063171387,-8.99665069580078,"Female"
"9004159",371979,2025-06-29 20:49:53,42.4885597229004,-8.99708557128906,"Female"
"9004159",371979,2025-06-29 20:54:32,42.4885520935059,-8.99702548980713,"Female"
"9004159",371979,2025-06-29 20:59:41,42.4886207580566,-8.99692535400391,"Female"
"9004159",371979,2025-06-29 21:04:22,42.4890174865723,-8.99734306335449,"Female"
"9004159",371979,2025-06-29 21:09:25,42.4889106750488,-8.99707412719727,"Female"
"9004159",371979,2025-06-29 21:14:29,42.4889907836914,-8.99696254730225,"Female"
"9004159",371979,2025-06-29 21:19:22,42.488842010498,-8.99707317352295,"Female"
"9004159",371979,2025-06-29 21:24:31,42.4886169433594,-8.99695682525635,"Female"
"9004159",371979,2025-06-29 21:29:23,42.4888801574707,-8.99698638916016,"Female"
"9004159",371979,2025-06-29 21:34:31,42.4890098571777,-8.99695110321045,"Female"
"9004159",371979,2025-06-29 21:39:30,42.4892349243164,-8.9969654083252,"Female"
"9004159",371979,2025-06-29 21:44:28,42.4891662597656,-8.99704456329346,"Female"
"9004159",371979,2025-06-29 21:49:45,42.4884910583496,-8.99682712554932,"Female"
"9004159",371979,2025-06-29 21:54:35,42.4888877868652,-8.99675941467285,"Female"
"9004159",371979,2025-06-29 21:59:32,42.4894180297852,-8.99659824371338,"Female"
"9004159",371979,2025-06-29 22:04:44,42.4889183044434,-8.99736595153809,"Female"
"9004159",371979,2025-06-29 22:09:44,42.4889068603516,-8.99697589874268,"Female"
"9004159",371979,2025-06-29 22:14:22,42.4886894226074,-8.99646091461182,"Female"
"9004159",371979,2025-06-29 22:19:25,42.4889297485352,-8.99697113037109,"Female"
"9004159",371979,2025-06-29 22:24:29,42.4888496398926,-8.99679565429688,"Female"
"9004159",371979,2025-06-29 22:29:26,42.4888534545898,-8.99673271179199,"Female"
"9004159",371979,2025-06-29 22:34:26,42.4887771606445,-8.99663734436035,"Female"
"9004159",371979,2025-06-29 22:39:22,42.4888916015625,-8.99693584442139,"Female"
"9004159",371979,2025-06-29 22:44:36,42.4887962341309,-8.99679470062256,"Female"
"9004159",371979,2025-06-29 22:49:53,42.4888648986816,-8.99702548980713,"Female"
"9004159",371979,2025-06-29 22:54:22,42.4889221191406,-8.99706363677979,"Female"
"9004159",371979,2025-06-29 22:59:22,42.4888572692871,-8.99709892272949,"Female"
"9004159",371979,2025-06-29 23:04:22,42.4888877868652,-8.99703407287598,"Female"
"9004159",371979,2025-06-29 23:09:22,42.4888458251953,-8.99703693389893,"Female"
"9004159",371979,2025-06-29 23:14:22,42.4888954162598,-8.99696445465088,"Female"
"9004159",371979,2025-06-29 23:19:22,42.4889373779297,-8.9968957901001,"Female"
"9004159",371979,2025-06-29 23:24:22,42.4888153076172,-8.99702548980713,"Female"
"9004159",371979,2025-06-29 23:29:23,42.488899230957,-8.99698829650879,"Female"
"9004159",371979,2025-06-29 23:34:22,42.4889221191406,-8.99694442749023,"Female"
"9004159",371979,2025-06-29 23:39:22,42.4889106750488,-8.99692821502686,"Female"
"9004159",371979,2025-06-29 23:44:22,42.4888534545898,-8.99704647064209,"Female"
"9004159",371979,2025-06-29 23:49:33,42.4891815185547,-8.99672794342041,"Female"
"9004159",371979,2025-06-29 23:54:28,42.4891815185547,-8.99714660644531,"Female"
"9004159",371979,2025-06-29 23:59:28,42.4891471862793,-8.99692249298096,"Female"
"9004159",371979,2025-06-30 00:04:33,42.4892158508301,-8.99713325500488,"Female"
"9004159",371979,2025-06-30 00:09:44,42.489200592041,-8.99728012084961,"Female"
"9004159",371979,2025-06-30 00:14:24,42.4891891479492,-8.99708938598633,"Female"
"9004159",371979,2025-06-30 00:19:22,42.4894752502441,-8.99698066711426,"Female"
"9004159",371979,2025-06-30 00:24:28,42.4888534545898,-8.99705600738525,"Female"
"9004159",371979,2025-06-30 00:29:23,42.4888076782227,-8.99697017669678,"Female"
"9004159",371979,2025-06-30 00:34:30,42.4888381958008,-8.99692153930664,"Female"
"9004159",371979,2025-06-30 00:39:53,42.4889068603516,-8.99697685241699,"Female"
"9004159",371979,2025-06-30 00:44:24,42.4889030456543,-8.99700927734375,"Female"
"9004159",371979,2025-06-30 00:49:24,42.488899230957,-8.99699878692627,"Female"
"9004159",371979,2025-06-30 00:54:22,42.4889678955078,-8.99683856964111,"Female"
"9004159",371979,2025-06-30 00:59:22,42.4889793395996,-8.99691867828369,"Female"
"9004159",371979,2025-06-30 01:04:22,42.4889755249023,-8.99695682525635,"Female"
"9004159",371979,2025-06-30 01:09:23,42.4889869689941,-8.99691390991211,"Female"
"9004159",371979,2025-06-30 01:14:23,42.4889335632324,-8.99697971343994,"Female"
"9004159",371979,2025-06-30 01:19:25,42.4888877868652,-8.99705600738525,"Female"
"9004159",371979,2025-06-30 01:24:22,42.4889678955078,-8.99692916870117,"Female"
"9004159",371979,2025-06-30 01:29:22,42.488941192627,-8.99698734283447,"Female"
"9004159",371979,2025-06-30 01:34:22,42.4889183044434,-8.99696826934814,"Female"
"9004159",371979,2025-06-30 01:39:25,42.4889030456543,-8.99707317352295,"Female"
"9004159",371979,2025-06-30 01:44:25,42.488883972168,-8.99702453613281,"Female"
"9004159",371979,2025-06-30 01:49:22,42.4888916015625,-8.99696636199951,"Female"
"9004159",371979,2025-06-30 01:54:21,42.4889030456543,-8.99697399139404,"Female"
"9004159",371979,2025-06-30 01:59:22,42.4889144897461,-8.99698638916016,"Female"
"9004159",371979,2025-06-30 02:04:23,42.4889335632324,-8.99700450897217,"Female"
"9004159",371979,2025-06-30 02:09:23,42.4889106750488,-8.99700260162354,"Female"
"9004159",371979,2025-06-30 02:14:22,42.4889183044434,-8.99702930450439,"Female"
"9004159",371979,2025-06-30 02:19:22,42.4889068603516,-8.99705982208252,"Female"
"9004159",371979,2025-06-30 02:24:43,42.4889335632324,-8.99699974060059,"Female"
"9004159",371979,2025-06-30 02:29:22,42.4889717102051,-8.99704647064209,"Female"
"9004159",371979,2025-06-30 02:34:23,42.4889945983887,-8.99708080291748,"Female"
"9004159",371979,2025-06-30 02:39:27,42.488956451416,-8.99697589874268,"Female"
"9004159",371979,2025-06-30 02:44:37,42.4892082214355,-8.99735355377197,"Female"
"9004159",371979,2025-06-30 02:49:59,42.4889144897461,-8.99708557128906,"Female"
"9004159",371979,2025-06-30 02:54:22,42.4890022277832,-8.99707126617432,"Female"
"9004159",371979,2025-06-30 02:59:23,42.4889869689941,-8.99702548980713,"Female"
"9004159",371979,2025-06-30 03:04:27,42.4889488220215,-8.99712181091309,"Female"
"9004159",371979,2025-06-30 03:09:27,42.488941192627,-8.9970121383667,"Female"
"9004159",371979,2025-06-30 03:14:28,42.4889869689941,-8.99698925018311,"Female"
"9004159",371979,2025-06-30 03:19:32,42.4889488220215,-8.99705219268799,"Female"
"9004159",371979,2025-06-30 03:24:30,42.4888916015625,-8.99711418151855,"Female"
"9004159",371979,2025-06-30 03:29:30,42.4889259338379,-8.9972677230835,"Female"
"9004159",371979,2025-06-30 03:34:24,42.4891128540039,-8.99710369110107,"Female"
"9004159",371979,2025-06-30 03:39:45,42.4888763427734,-8.99708557128906,"Female"
"9004159",371979,2025-06-30 03:44:25,42.4889259338379,-8.99709415435791,"Female"
"9004159",371979,2025-06-30 03:49:22,42.4888916015625,-8.99700450897217,"Female"
"9004159",371979,2025-06-30 03:54:22,42.4889183044434,-8.99709033966064,"Female"
"9004159",371979,2025-06-30 03:59:24,42.4888763427734,-8.99701976776123,"Female"
"9004159",371979,2025-06-30 04:04:22,42.4889106750488,-8.99705028533936,"Female"
"9004159",371979,2025-06-30 04:09:22,42.4888763427734,-8.99703025817871,"Female"
"9004159",371979,2025-06-30 04:14:22,42.4888801574707,-8.99704360961914,"Female"
"9004159",371979,2025-06-30 04:19:21,42.4889297485352,-8.99713325500488,"Female"
"9004159",371979,2025-06-30 04:24:24,42.4889793395996,-8.99716567993164,"Female"
"9004159",371979,2025-06-30 04:29:24,42.4888801574707,-8.99710559844971,"Female"
"9004159",371979,2025-06-30 04:34:44,42.4889221191406,-8.99707698822021,"Female"
"9004159",371979,2025-06-30 04:39:27,42.4890174865723,-8.99721431732178,"Female"
"9004159",371979,2025-06-30 04:44:27,42.4889450073242,-8.99716854095459,"Female"
"9004159",371979,2025-06-30 04:49:24,42.4889907836914,-8.99722385406494,"Female"
"9004159",371979,2025-06-30 04:54:34,42.4891357421875,-8.99741268157959,"Female"
"9004159",371979,2025-06-30 04:59:30,42.4890899658203,-8.99737644195557,"Female"
"9004159",371979,2025-06-30 05:04:30,42.4890251159668,-8.99737071990967,"Female"
"9004159",371979,2025-06-30 05:09:41,42.4889183044434,-8.99708366394043,"Female"
"9004159",371979,2025-06-30 05:14:23,42.4891166687012,-8.99739551544189,"Female"
"9004159",371979,2025-06-30 05:19:22,42.4887466430664,-8.99691486358643,"Female"
"9004159",371979,2025-06-30 05:24:30,42.4888114929199,-8.99688339233398,"Female"
"9004159",371979,2025-06-30 05:29:22,42.4889106750488,-8.99703598022461,"Female"
"9004159",371979,2025-06-30 05:34:27,42.4888801574707,-8.99709796905518,"Female"
"9004159",371979,2025-06-30 05:39:24,42.4889450073242,-8.99722385406494,"Female"
"9004159",371979,2025-06-30 05:44:24,42.4889068603516,-8.99713802337646,"Female"
"9004159",371979,2025-06-30 05:50:35,42.4889030456543,-8.99706935882568,"Female"
"9004159",371979,2025-06-30 05:54:25,42.4889526367188,-8.99696063995361,"Female"
"9004159",371979,2025-06-30 05:59:32,42.4890251159668,-8.99707317352295,"Female"
"9004159",371979,2025-06-30 06:04:59,42.4889602661133,-8.99704170227051,"Female"
"9004159",371979,2025-06-30 06:09:22,42.4890823364258,-8.99693298339844,"Female"
"9004159",371979,2025-06-30 06:14:21,42.4890060424805,-8.99695014953613,"Female"
"9004159",371979,2025-06-30 06:19:21,42.4889450073242,-8.99702644348145,"Female"
"9004159",371979,2025-06-30 06:24:22,42.4889602661133,-8.99703598022461,"Female"
"9004159",371979,2025-06-30 06:29:21,42.4889678955078,-8.99696445465088,"Female"
"9004159",371979,2025-06-30 06:34:22,42.4889297485352,-8.99698543548584,"Female"
"9004159",371979,2025-06-30 06:39:21,42.4889793395996,-8.99698543548584,"Female"
"9004159",371979,2025-06-30 06:44:21,42.4889602661133,-8.99699783325195,"Female"
"9004159",371979,2025-06-30 06:49:21,42.4889221191406,-8.99700355529785,"Female"
"9004159",371979,2025-06-30 06:54:21,42.4889373779297,-8.99703311920166,"Female"
"9004159",371979,2025-06-30 06:59:21,42.488956451416,-8.99697875976562,"Female"
"9004159",371979,2025-06-30 07:04:21,42.4889831542969,-8.99697780609131,"Female"
"9004159",371979,2025-06-30 07:09:21,42.4890327453613,-8.9968957901001,"Female"
"9004159",371979,2025-06-30 07:14:21,42.4889373779297,-8.99718570709229,"Female"
"9004159",371979,2025-06-30 07:19:22,42.4890594482422,-8.99727153778076,"Female"
"9004159",371979,2025-06-30 07:24:22,42.4891319274902,-8.99765491485596,"Female"
"9004159",371979,2025-06-30 07:29:23,42.4891204833984,-8.99739837646484,"Female"
"9004159",371979,2025-06-30 07:34:24,42.4890937805176,-8.99705505371094,"Female"
"9004159",371979,2025-06-30 07:39:24,42.4891319274902,-8.99750995635986,"Female"
"9004159",371979,2025-06-30 07:44:30,42.4890632629395,-8.99702072143555,"Female"
"9004159",371979,2025-06-30 07:49:44,42.4890785217285,-8.996994972229,"Female"
"9004159",371979,2025-06-30 07:54:21,42.4890480041504,-8.99696445465088,"Female"
"9004159",371979,2025-06-30 07:59:21,42.4890518188477,-8.99697685241699,"Female"
"9004159",371979,2025-06-30 08:04:21,42.4891128540039,-8.9970121383667,"Female"
"9004159",371979,2025-06-30 08:09:21,42.4890937805176,-8.99700832366943,"Female"
"9004159",371979,2025-06-30 08:14:21,42.4890251159668,-8.9969425201416,"Female"
"9004159",371979,2025-06-30 08:19:25,42.4912376403809,-9.00161647796631,"Female"
"9004159",371979,2025-06-30 08:24:23,42.4913482666016,-9.00182056427002,"Female"
"9004159",371979,2025-06-30 08:29:24,42.4912490844727,-9.00177955627441,"Female"
"9004159",371979,2025-06-30 08:34:22,42.5039672851562,-9.01530742645264,"Female"
"9004159",371979,2025-06-30 08:39:37,42.4986457824707,-9.01486682891846,"Female"
"9004159",371979,2025-06-30 08:44:24,42.4986915588379,-9.0150671005249,"Female"
"9004159",371979,2025-06-30 08:49:53,42.4985961914062,-9.01470375061035,"Female"
"9004159",371979,2025-06-30 08:54:21,42.4985046386719,-9.0144739151001,"Female"
"9004159",371979,2025-06-30 08:59:23,42.4987411499023,-9.01512432098389,"Female"
"9004159",371979,2025-06-30 09:04:22,42.4987525939941,-9.015061378479,"Female"
"9004159",371979,2025-06-30 09:09:22,42.4986534118652,-9.01481819152832,"Female"
"9004159",371979,2025-06-30 09:14:24,42.4986381530762,-9.01480007171631,"Female"
"9004159",371979,2025-06-30 09:19:22,42.4986801147461,-9.01466369628906,"Female"
"9004159",371979,2025-06-30 09:24:23,42.4986419677734,-9.01484298706055,"Female"
"9004159",371979,2025-06-30 09:29:24,42.4987297058105,-9.01485538482666,"Female"
"9004159",371979,2025-06-30 09:35:41,42.5100746154785,-9.0192699432373,"Female"
"9004159",371979,2025-06-30 09:40:58,42.5109977722168,-9.01871395111084,"Female"
"9004159",371979,2025-06-30 09:46:16,42.5111999511719,-9.0174617767334,"Female"
"9004159",371979,2025-06-30 09:51:19,42.5114440917969,-9.02035522460938,"Female"
"9004159",371979,2025-06-30 09:56:40,42.5110740661621,-9.02167892456055,"Female"
"9004159",371979,2025-06-30 10:01:44,42.5183639526367,-9.04613018035889,"Female"
"9004159",371979,2025-06-30 10:06:19,42.5228271484375,-9.048020362854,"Female"
"9004159",371979,2025-06-30 10:11:32,42.5428237915039,-9.05291080474854,"Female"
"9004159",371979,2025-06-30 10:16:54,42.5425415039062,-9.05430889129639,"Female"
"9004159",371979,2025-06-30 10:21:52,42.5418739318848,-9.05473709106445,"Female"
"9004159",371979,2025-06-30 10:27:01,42.5452461242676,-9.05455875396729,"Female"
"9004159",371979,2025-06-30 10:32:07,42.5458106994629,-9.05577087402344,"Female"
"9004159",371979,2025-06-30 10:37:47,42.5463485717773,-9.05669689178467,"Female"
"9004159",371979,2025-06-30 10:42:53,42.546802520752,-9.05614948272705,"Female"
"9004159",371979,2025-06-30 10:58:14,42.546443939209,-9.05753993988037,"Female"
"9004159",371979,2025-06-30 11:03:00,42.5474433898926,-9.05807018280029,"Female"
"9004159",371979,2025-06-30 11:08:31,42.5477752685547,-9.0588960647583,"Female"
"9004159",371979,2025-06-30 11:17:54,42.5482330322266,-9.05779457092285,"Female"
"9004159",371979,2025-06-30 11:23:44,42.5489959716797,-9.05722904205322,"Female"
"9004159",371979,2025-06-30 11:28:31,42.5499687194824,-9.05707263946533,"Female"
"9004159",371979,2025-06-30 11:34:11,42.5483703613281,-9.05640983581543,"Female"
"9004159",371979,2025-06-30 11:40:46,42.547908782959,-9.05690956115723,"Female"
"9004159",371979,2025-06-30 11:45:49,42.5463409423828,-9.05618095397949,"Female"
"9004159",371979,2025-06-30 12:03:32,42.5438041687012,-9.05834484100342,"Female"
"9004159",371979,2025-06-30 12:09:09,42.5426940917969,-9.05752182006836,"Female"
"9004159",371979,2025-06-30 12:14:39,42.5432357788086,-9.05574703216553,"Female"
"9004159",371979,2025-06-30 12:19:50,42.5454521179199,-9.05504035949707,"Female"
"9004159",371979,2025-06-30 12:24:39,42.5456924438477,-9.05605220794678,"Female"
"9004159",371979,2025-06-30 12:29:43,42.544849395752,-9.05077743530273,"Female"
"9004159",371979,2025-06-30 12:48:20,42.5483627319336,-9.05670738220215,"Female"
"9004159",371979,2025-06-30 12:52:33,42.5487937927246,-9.05734062194824,"Female"
"9004159",371979,2025-06-30 12:57:25,42.5485229492188,-9.05485725402832,"Female"
"9004159",371979,2025-06-30 13:03:58,42.5475807189941,-9.05785465240479,"Female"
"9004159",371979,2025-06-30 13:09:38,42.5483016967773,-9.05852794647217,"Female"
"9004159",371979,2025-06-30 13:14:38,42.5482368469238,-9.05900001525879,"Female"
"9004159",371979,2025-06-30 13:20:54,42.5493545532227,-9.05773258209229,"Female"
"9004159",371979,2025-06-30 13:28:24,42.5474662780762,-9.05817699432373,"Female"
"9004159",371979,2025-06-30 13:39:08,42.5488471984863,-9.05897903442383,"Female"
"9004159",371979,2025-06-30 13:46:18,42.5460739135742,-9.05721855163574,"Female"
"9004159",371979,2025-06-30 13:51:22,42.5461120605469,-9.05612850189209,"Female"
"9004159",371979,2025-06-30 13:56:56,42.5469665527344,-9.05580902099609,"Female"
"9004159",371979,2025-06-30 14:06:34,42.5481643676758,-9.05632305145264,"Female"
"9004159",371979,2025-06-30 14:10:18,42.5602493286133,-9.04197978973389,"Female"
"9004159",371979,2025-06-30 14:15:18,42.560546875,-9.04121685028076,"Female"
"9004159",371979,2025-06-30 14:20:18,42.5604667663574,-9.04117774963379,"Female"
"9004159",371979,2025-06-30 14:25:35,42.5605201721191,-9.04115867614746,"Female"
"9004159",371979,2025-06-30 14:30:10,42.564323425293,-9.05669689178467,"Female"
"9004159",371979,2025-06-30 14:35:12,42.5636749267578,-9.05785274505615,"Female"
"9004159",371979,2025-06-30 14:40:19,42.5626983642578,-9.05906581878662,"Female"
"9004159",371979,2025-06-30 14:45:28,42.562572479248,-9.05938053131104,"Female"
"9004159",371979,2025-06-30 14:52:26,42.5625686645508,-9.06112194061279,"Female"
"9004159",371979,2025-06-30 14:58:08,42.56201171875,-9.06179332733154,"Female"
"9004159",371979,2025-06-30 15:04:05,42.561767578125,-9.06236553192139,"Female"
"9004159",371979,2025-06-30 15:09:16,42.561954498291,-9.05967712402344,"Female"
"9004159",371979,2025-06-30 15:14:43,42.5618324279785,-9.05988883972168,"Female"
"9004159",371979,2025-06-30 15:19:56,42.5624656677246,-9.05972957611084,"Female"
"9004159",371979,2025-06-30 15:26:15,42.5624618530273,-9.05833053588867,"Female"
"9004159",371979,2025-06-30 15:31:15,42.5613174438477,-9.05894565582275,"Female"
"9004159",371979,2025-06-30 15:37:20,42.5631103515625,-9.06067657470703,"Female"
"9004159",371979,2025-06-30 15:42:21,42.5636367797852,-9.06182765960693,"Female"
"9004159",371979,2025-06-30 15:47:58,42.5625,-9.06155586242676,"Female"
"9004159",371979,2025-06-30 16:02:00,42.5599021911621,-9.06061267852783,"Female"
"9004159",371979,2025-06-30 16:07:13,42.5589828491211,-9.06139659881592,"Female"
"9004159",371979,2025-06-30 16:12:44,42.5579605102539,-9.06281757354736,"Female"
"9004159",371979,2025-06-30 16:17:10,42.5172996520996,-9.04677677154541,"Female"
"9004159",371979,2025-06-30 16:22:10,42.4986839294434,-9.01468753814697,"Female"
"9004159",371979,2025-06-30 16:27:10,42.498607635498,-9.0147647857666,"Female"
"9004159",371979,2025-06-30 16:32:10,42.4986839294434,-9.01474380493164,"Female"
"9004159",371979,2025-06-30 16:37:10,42.498706817627,-9.0147123336792,"Female"
"9004159",371979,2025-06-30 16:42:10,42.4986534118652,-9.01472759246826,"Female"
"9004159",371979,2025-06-30 16:47:35,42.4986686706543,-9.0147008895874,"Female"
"9004159",371979,2025-06-30 16:52:10,42.4986839294434,-9.01464939117432,"Female"
"9004159",371979,2025-06-30 16:57:10,42.4987449645996,-9.01475429534912,"Female"
"9004159",371979,2025-06-30 17:02:10,42.4986724853516,-9.01463985443115,"Female"
"9004159",371979,2025-06-30 17:07:10,42.4987373352051,-9.01472568511963,"Female"
"9004159",371979,2025-06-30 17:12:10,42.4986991882324,-9.01469898223877,"Female"
"9004159",371979,2025-06-30 17:17:10,42.498779296875,-9.01474571228027,"Female"
"9004159",371979,2025-06-30 17:22:10,42.4987144470215,-9.01473045349121,"Female"
"9004159",371979,2025-06-30 17:27:10,42.4987258911133,-9.01471900939941,"Female"
"9004159",371979,2025-06-30 17:32:10,42.498722076416,-9.01471042633057,"Female"
"9004159",371979,2025-06-30 17:37:11,42.4986724853516,-9.01472091674805,"Female"
"9004159",371979,2025-06-30 17:42:10,42.4985961914062,-9.01468467712402,"Female"
"9004159",371979,2025-06-30 17:47:10,42.4987487792969,-9.01477336883545,"Female"
"9004159",371979,2025-06-30 17:52:11,42.4986953735352,-9.01479148864746,"Female"
"9004159",371979,2025-06-30 17:57:10,42.4987182617188,-9.01474857330322,"Female"
"9004159",371979,2025-06-30 18:02:11,42.4987525939941,-9.01479339599609,"Female"
"9004159",371979,2025-06-30 18:07:17,42.4986877441406,-9.01472473144531,"Female"
"9004159",371979,2025-06-30 18:12:35,42.4986381530762,-9.01474761962891,"Female"
"9004159",371979,2025-06-30 18:17:10,42.4986572265625,-9.01478290557861,"Female"
"9004159",371979,2025-06-30 18:22:10,42.4986114501953,-9.01473617553711,"Female"
"9004159",371979,2025-06-30 18:27:10,42.4986343383789,-9.01473522186279,"Female"
"9004159",371979,2025-06-30 18:32:10,42.4986305236816,-9.01470375061035,"Female"
"9004159",371979,2025-06-30 18:37:10,42.4986190795898,-9.01468086242676,"Female"
"9004159",371979,2025-06-30 18:42:10,42.4986686706543,-9.01468849182129,"Female"
"9004159",371979,2025-06-30 18:47:10,42.4986381530762,-9.01465892791748,"Female"
"9004159",371979,2025-06-30 18:52:11,42.4987030029297,-9.01475715637207,"Female"
"9004159",371979,2025-06-30 18:57:11,42.4986419677734,-9.01468944549561,"Female"
"9004159",371979,2025-06-30 19:02:10,42.4982948303223,-9.01197338104248,"Female"
"9004159",371979,2025-06-30 19:07:10,42.4888877868652,-8.99712371826172,"Female"
"9004159",371979,2025-06-30 19:12:10,42.4888687133789,-8.99718284606934,"Female"
"9004159",371979,2025-06-30 19:17:10,42.4889106750488,-8.99714279174805,"Female"
"9004159",371979,2025-06-30 19:22:10,42.4889450073242,-8.99717617034912,"Female"
"9004159",371979,2025-06-30 19:27:11,42.4888877868652,-8.99720096588135,"Female"
"9004159",371979,2025-06-30 19:32:11,42.4888687133789,-8.99708938598633,"Female"
"9004159",371979,2025-06-30 19:37:12,42.4888954162598,-8.99719142913818,"Female"
"9004159",371979,2025-06-30 19:42:11,42.4889030456543,-8.99702644348145,"Female"
"9004159",371979,2025-06-30 19:47:10,42.4888725280762,-8.99700927734375,"Female"
"9004159",371979,2025-06-30 19:52:12,42.4888725280762,-8.99735736846924,"Female"
"9004159",371979,2025-06-30 19:57:10,42.488826751709,-8.9967679977417,"Female"
"9004159",371979,2025-06-30 20:02:11,42.4889373779297,-8.99706935882568,"Female"
"9004159",371979,2025-06-30 20:07:35,42.488883972168,-8.99701690673828,"Female"
"9004159",371979,2025-06-30 20:12:11,42.4889221191406,-8.99706554412842,"Female"
"9004159",371979,2025-06-30 20:17:11,42.4888458251953,-8.99694442749023,"Female"
"9004159",371979,2025-06-30 20:22:11,42.4888534545898,-8.99699783325195,"Female"
"9004159",371979,2025-06-30 20:27:12,42.4888343811035,-8.99697685241699,"Female"
"9004159",371979,2025-06-30 20:32:14,42.4888496398926,-8.99692726135254,"Female"
"9004159",371979,2025-06-30 20:38:03,42.4888000488281,-8.99679756164551,"Female"
"9004159",371979,2025-06-30 20:42:12,42.4886283874512,-8.99662303924561,"Female"
"9004159",371979,2025-06-30 20:47:15,42.4887161254883,-8.99686908721924,"Female"
"9004159",371979,2025-06-30 20:52:13,42.4890365600586,-8.9972677230835,"Female"
"9004159",371979,2025-06-30 20:57:17,42.4886512756348,-8.99666309356689,"Female"
"9004159",371979,2025-06-30 21:02:13,42.4889526367188,-8.99710273742676,"Female"
"9004159",371979,2025-06-30 21:07:16,42.4889984130859,-8.99729156494141,"Female"
"9004159",371979,2025-06-30 21:12:13,42.4890289306641,-8.99730110168457,"Female"
"9004159",371979,2025-06-30 21:17:29,42.4890556335449,-8.99729061126709,"Female"
"9004159",371979,2025-06-30 21:22:35,42.4889068603516,-8.99701690673828,"Female"
"9004159",371979,2025-06-30 21:27:10,42.4889297485352,-8.99721336364746,"Female"
"9004159",371979,2025-06-30 21:32:16,42.4889297485352,-8.99715328216553,"Female"
"9004159",371979,2025-06-30 21:37:35,42.4889297485352,-8.99704360961914,"Female"
"9004159",371979,2025-06-30 21:42:10,42.4889068603516,-8.99704647064209,"Female"
"9004159",371979,2025-06-30 21:47:10,42.4889373779297,-8.99704074859619,"Female"
"9004159",371979,2025-06-30 21:52:13,42.4888877868652,-8.99705600738525,"Female"
"9004159",371979,2025-06-30 21:57:11,42.4889335632324,-8.99704742431641,"Female"
"9004159",371979,2025-06-30 22:02:10,42.4888114929199,-8.99704837799072,"Female"
"9004159",371979,2025-06-30 22:07:10,42.4888801574707,-8.9970645904541,"Female"
"9004159",371979,2025-06-30 22:12:10,42.4888801574707,-8.99705219268799,"Female"
"9004159",371979,2025-06-30 22:17:10,42.4889450073242,-8.99699878692627,"Female"
"9004159",371979,2025-06-30 22:22:10,42.488899230957,-8.99703598022461,"Female"
"9004159",371979,2025-06-30 22:27:11,42.4888801574707,-8.99701118469238,"Female"
"9004159",371979,2025-06-30 22:32:13,42.4888725280762,-8.99702453613281,"Female"
"9004159",371979,2025-06-30 22:37:15,42.4889297485352,-8.99702453613281,"Female"
"9004159",371979,2025-06-30 22:42:13,42.4888534545898,-8.9970531463623,"Female"
"9004159",371979,2025-06-30 22:47:11,42.4888877868652,-8.99702835083008,"Female"
"9004159",371979,2025-06-30 22:52:12,42.4888610839844,-8.99697875976562,"Female"
"9004159",371979,2025-06-30 22:57:12,42.4889793395996,-8.99707698822021,"Female"
"9004159",371979,2025-06-30 23:02:14,42.4889221191406,-8.99705505371094,"Female"
"9004159",371979,2025-06-30 23:07:16,42.4889106750488,-8.99702835083008,"Female"
"9004159",371979,2025-06-30 23:12:15,42.4888725280762,-8.99709224700928,"Female"
"9004159",371979,2025-06-30 23:17:21,42.4889259338379,-8.9970178604126,"Female"
"9004159",371979,2025-06-30 23:22:26,42.4889221191406,-8.99712562561035,"Female"
"9004159",371979,2025-06-30 23:27:30,42.4889144897461,-8.99703216552734,"Female"
"9004159",371979,2025-06-30 23:32:39,42.4889297485352,-8.99711799621582,"Female"
"9004159",371979,2025-06-30 23:41:02,42.4889106750488,-8.99697875976562,"Female"
"9004159",371979,2025-06-30 23:45:36,42.4889335632324,-8.99704265594482,"Female"
"9004159",371979,2025-06-30 23:50:35,42.4889717102051,-8.99714756011963,"Female"
"9004159",371979,2025-06-30 23:55:36,42.4889259338379,-8.99722671508789,"Female"
"9004159",371979,2025-07-01 00:00:37,42.488842010498,-8.99701690673828,"Female"
"9004159",371979,2025-07-01 00:05:36,42.4890251159668,-8.99734306335449,"Female"
"9004159",371979,2025-07-01 00:10:39,42.4890823364258,-8.99745941162109,"Female"
"9004159",371979,2025-07-01 00:15:38,42.4889221191406,-8.99700546264648,"Female"
"9004159",371979,2025-07-01 00:20:37,42.4888877868652,-8.99691963195801,"Female"
"9004159",371979,2025-07-01 00:25:36,42.4889450073242,-8.99704933166504,"Female"
"9004159",371979,2025-07-01 00:30:39,42.488899230957,-8.99672222137451,"Female"
"9004159",371979,2025-07-01 00:35:41,42.4889945983887,-8.99733066558838,"Female"
"9004159",371979,2025-07-01 00:40:52,42.4890060424805,-8.99692726135254,"Female"
"9004159",371979,2025-07-01 00:46:02,42.489013671875,-8.99699115753174,"Female"
"9004159",371979,2025-07-01 00:50:38,42.4891052246094,-8.99680042266846,"Female"
"9004159",371979,2025-07-01 00:55:38,42.4892234802246,-8.99665260314941,"Female"
"9004159",371979,2025-07-01 01:00:45,42.489143371582,-8.99691486358643,"Female"
"9004159",371979,2025-07-01 01:05:36,42.4891815185547,-8.99696159362793,"Female"
"9004159",371979,2025-07-01 01:10:37,42.4889984130859,-8.99692440032959,"Female"
"9004159",371979,2025-07-01 01:15:37,42.4891395568848,-8.99688529968262,"Female"
"9004159",371979,2025-07-01 01:20:38,42.4892845153809,-8.99691486358643,"Female"
"9004159",371979,2025-07-01 01:25:45,42.4888153076172,-8.99699020385742,"Female"
"9004159",371979,2025-07-01 01:31:07,42.4889640808105,-8.99691390991211,"Female"
"9004159",371979,2025-07-01 01:35:39,42.4889144897461,-8.99685478210449,"Female"
"9004159",371979,2025-07-01 01:40:39,42.4887733459473,-8.99662494659424,"Female"
"9004159",371979,2025-07-01 01:45:41,42.4890060424805,-8.99716186523438,"Female"
"9004159",371979,2025-07-01 01:50:38,42.4889335632324,-8.99696445465088,"Female"
"9004159",371979,2025-07-01 01:55:45,42.4889793395996,-8.99702548980713,"Female"
"9004159",371979,2025-07-01 02:01:14,42.4891166687012,-8.99709796905518,"Female"
"9004159",371979,2025-07-01 02:07:00,42.4890441894531,-8.99706840515137,"Female"
"9004159",371979,2025-07-01 02:11:23,42.4889526367188,-8.99697113037109,"Female"
"9004159",371979,2025-07-01 02:15:42,42.4890518188477,-8.99729537963867,"Female"
"9004159",371979,2025-07-01 02:22:00,42.4889259338379,-8.99700832366943,"Female"
"9004159",371979,2025-07-01 02:26:04,42.4889640808105,-8.99700736999512,"Female"
"9004159",371979,2025-07-01 02:30:35,42.4890327453613,-8.99744701385498,"Female"
"9004159",371979,2025-07-01 02:35:36,42.4888916015625,-8.99727249145508,"Female"
"9004159",371979,2025-07-01 02:40:42,42.4890937805176,-8.99662113189697,"Female"
"9004159",371979,2025-07-01 02:45:40,42.4886627197266,-8.99721813201904,"Female"
"9004159",371979,2025-07-01 02:50:39,42.4886436462402,-8.99710941314697,"Female"
"9004159",371979,2025-07-01 02:55:37,42.4889335632324,-8.99704647064209,"Female"
"9004159",371979,2025-07-01 03:00:40,42.4887962341309,-8.99732398986816,"Female"
"9004159",371979,2025-07-01 03:05:38,42.4888343811035,-8.99685287475586,"Female"
"9004159",371979,2025-07-01 03:10:41,42.4889221191406,-8.9971981048584,"Female"
"9004159",371979,2025-07-01 03:15:40,42.488956451416,-8.99695587158203,"Female"
"9004159",371979,2025-07-01 03:20:40,42.488826751709,-8.99732685089111,"Female"
"9004159",371979,2025-07-01 03:26:04,42.4889106750488,-8.99699974060059,"Female"
"9004159",371979,2025-07-01 03:30:37,42.4889450073242,-8.99694442749023,"Female"
"9004159",371979,2025-07-01 03:35:38,42.4887657165527,-8.99710750579834,"Female"
"9004159",371979,2025-07-01 03:40:38,42.488883972168,-8.99705982208252,"Female"
"9004159",371979,2025-07-01 03:45:39,42.4889793395996,-8.99721908569336,"Female"
"9004159",371979,2025-07-01 03:50:50,42.4891815185547,-8.9978141784668,"Female"
"9004159",371979,2025-07-01 03:55:39,42.4888229370117,-8.99719047546387,"Female"
"9004159",371979,2025-07-01 04:00:36,42.4888801574707,-8.99703311920166,"Female"
"9004159",371979,2025-07-01 04:05:52,42.4890632629395,-8.99744701385498,"Female"
"9004159",371979,2025-07-01 04:11:05,42.4889640808105,-8.99697589874268,"Female"
"9004159",371979,2025-07-01 04:15:40,42.488899230957,-8.99704551696777,"Female"
"9004159",371979,2025-07-01 04:22:00,42.4889831542969,-8.99702930450439,"Female"
"9004159",371979,2025-07-01 04:25:40,42.4888916015625,-8.99707412719727,"Female"
"9004159",371979,2025-07-01 04:30:45,42.4889106750488,-8.99710845947266,"Female"
"9004159",371979,2025-07-01 04:35:38,42.4887847900391,-8.99709320068359,"Female"
"9004159",371979,2025-07-01 04:41:01,42.4888954162598,-8.99710083007812,"Female"
"9004159",371979,2025-07-01 04:45:36,42.4889640808105,-8.99721050262451,"Female"
"9004159",371979,2025-07-01 04:50:36,42.4890060424805,-8.99702835083008,"Female"
"9004159",371979,2025-07-01 04:55:36,42.4886665344238,-8.99688720703125,"Female"
"9004159",371979,2025-07-01 05:00:36,42.4887733459473,-8.99697780609131,"Female"
"9004159",371979,2025-07-01 05:05:37,42.4889793395996,-8.9970703125,"Female"
"9004159",371979,2025-07-01 05:10:36,42.488883972168,-8.99708366394043,"Female"
"9004159",371979,2025-07-01 05:15:37,42.4889030456543,-8.99700260162354,"Female"
"9004159",371979,2025-07-01 05:20:36,42.488956451416,-8.99713230133057,"Female"
"9004159",371979,2025-07-01 05:25:38,42.4890213012695,-8.99720478057861,"Female"
"9004159",371979,2025-07-01 05:30:37,42.4890518188477,-8.99715518951416,"Female"
"9004159",371979,2025-07-01 05:35:36,42.4889373779297,-8.99704647064209,"Female"
"9004159",371979,2025-07-01 05:40:39,42.4892158508301,-8.9971809387207,"Female"
"9004159",371979,2025-07-01 05:45:36,42.4889755249023,-8.99708271026611,"Female"
"9004159",371979,2025-07-01 05:50:36,42.4889793395996,-8.99703216552734,"Female"
"9004159",371979,2025-07-01 05:55:41,42.4891967773438,-8.99734783172607,"Female"
"9004159",371979,2025-07-01 06:00:39,42.4890594482422,-8.99721908569336,"Female"
"9004159",371979,2025-07-01 06:06:04,42.4889335632324,-8.99703884124756,"Female"
"9004159",371979,2025-07-01 06:10:35,42.4890060424805,-8.9969367980957,"Female"
"9004159",371979,2025-07-01 06:15:36,42.4889488220215,-8.99704933166504,"Female"
"9004159",371979,2025-07-01 06:20:35,42.4889678955078,-8.99699974060059,"Female"
"9004159",371979,2025-07-01 06:25:35,42.4889678955078,-8.99703788757324,"Female"
"9004159",371979,2025-07-01 06:30:35,42.4889259338379,-8.99702739715576,"Female"
"9004159",371979,2025-07-01 06:35:35,42.4889831542969,-8.9970064163208,"Female"
"9004159",371979,2025-07-01 06:40:36,42.4889488220215,-8.99699687957764,"Female"
"9004159",371979,2025-07-01 06:45:35,42.4889907836914,-8.99699401855469,"Female"
"9004159",371979,2025-07-01 06:50:35,42.4889717102051,-8.99699306488037,"Female"
"9004159",371979,2025-07-01 06:55:35,42.4889183044434,-8.99708080291748,"Female"
"9004159",371979,2025-07-01 07:00:36,42.4889869689941,-8.99703884124756,"Female"
"9004159",371979,2025-07-01 07:05:37,42.4889793395996,-8.99707221984863,"Female"
"9004159",371979,2025-07-01 07:10:35,42.4889106750488,-8.99707126617432,"Female"
"9004159",371979,2025-07-01 07:15:36,42.4889488220215,-8.99703311920166,"Female"
"9004159",371979,2025-07-01 07:20:35,42.4889335632324,-8.99706649780273,"Female"
"9004159",371979,2025-07-01 07:25:37,42.4889221191406,-8.99704456329346,"Female"
"9004159",371979,2025-07-01 07:30:36,42.4889831542969,-8.99665927886963,"Female"
"9004159",371979,2025-07-01 07:35:39,42.4889221191406,-8.99674797058105,"Female"
"9004159",371979,2025-07-01 07:40:38,42.4890327453613,-8.99650001525879,"Female"
"9004159",371979,2025-07-01 07:46:05,42.4889030456543,-8.99701881408691,"Female"
"9004159",371979,2025-07-01 07:50:35,42.4888572692871,-8.99703884124756,"Female"
"9004159",371979,2025-07-01 07:55:35,42.4889297485352,-8.99699115753174,"Female"
"9004159",371979,2025-07-01 08:00:35,42.488899230957,-8.99701595306396,"Female"
"9004159",371979,2025-07-01 08:05:35,42.4889030456543,-8.99702262878418,"Female"
"9004159",371979,2025-07-01 08:10:36,42.4889030456543,-8.99697303771973,"Female"
"9004159",371979,2025-07-01 08:15:35,42.4889259338379,-8.99703216552734,"Female"
"9004159",371979,2025-07-01 08:20:36,42.4889678955078,-8.99709892272949,"Female"
"9004159",371979,2025-07-01 08:25:35,42.4889373779297,-8.99710941314697,"Female"
"9004159",371979,2025-07-01 08:30:35,42.4889106750488,-8.99702739715576,"Female"
"9004159",371979,2025-07-01 08:35:35,42.4919853210449,-9.00230503082275,"Female"
"9004159",371979,2025-07-01 08:40:35,42.4958992004395,-9.00732421875,"Female"
"9004159",371979,2025-07-01 08:45:36,42.5202789306641,-9.04660415649414,"Female"
"9004159",371979,2025-07-01 08:50:36,42.5562210083008,-9.0566930770874,"Female"
"9004159",371979,2025-07-01 08:55:36,42.5622634887695,-9.05894184112549,"Female"
"9004159",371979,2025-07-01 09:00:36,42.5627555847168,-9.05746269226074,"Female"
"9004159",371979,2025-07-01 09:05:37,42.5701637268066,-9.05507373809814,"Female"
"9004159",371979,2025-07-01 09:11:15,42.569751739502,-9.05835247039795,"Female"
"9004159",371979,2025-07-01 09:16:15,42.5624847412109,-9.05950927734375,"Female"
"9004159",371979,2025-07-01 09:22:27,42.5609970092773,-9.060791015625,"Female"
"9004159",371979,2025-07-01 09:28:57,42.5611534118652,-9.06320095062256,"Female"
"9004159",371979,2025-07-01 09:35:13,42.5606536865234,-9.06532955169678,"Female"
"9004159",371979,2025-07-01 09:40:16,42.5609321594238,-9.06514167785645,"Female"
"9004159",371979,2025-07-01 09:45:15,42.560733795166,-9.06612396240234,"Female"
"9004159",371979,2025-07-01 09:53:14,42.5601959228516,-9.06789875030518,"Female"
"9004159",371979,2025-07-01 09:57:43,42.560733795166,-9.06746292114258,"Female"
"9004159",371979,2025-07-01 10:02:48,42.5609359741211,-9.06644439697266,"Female"
"9004159",371979,2025-07-01 10:08:14,42.5669212341309,-9.04815483093262,"Female"
"9004159",371979,2025-07-01 10:12:37,42.5669403076172,-9.04820537567139,"Female"
"9004159",371979,2025-07-01 10:17:41,42.5669364929199,-9.04797554016113,"Female"
"9004159",371979,2025-07-01 10:22:39,42.5669746398926,-9.04807090759277,"Female"
"9004159",371979,2025-07-01 10:27:43,42.5669479370117,-9.0479621887207,"Female"
"9004159",371979,2025-07-01 10:32:39,42.5669288635254,-9.04801750183105,"Female"
"9004159",371979,2025-07-01 10:37:41,42.5669441223145,-9.04814338684082,"Female"
"9004159",371979,2025-07-01 10:42:38,42.5669174194336,-9.0481538772583,"Female"
"9004159",371979,2025-07-01 10:48:05,42.5668907165527,-9.04824256896973,"Female"
"9004159",371979,2025-07-01 10:52:38,42.5668869018555,-9.04819011688232,"Female"
"9004159",371979,2025-07-01 10:57:49,42.5668907165527,-9.04822826385498,"Female"
"9004159",371979,2025-07-01 11:02:38,42.5668869018555,-9.04834461212158,"Female"
"9004159",371979,2025-07-01 11:07:39,42.5668983459473,-9.04824733734131,"Female"
"9004159",371979,2025-07-01 11:12:47,42.5668792724609,-9.04816722869873,"Female"
"9004159",371979,2025-07-01 11:17:41,42.5668449401855,-9.04808330535889,"Female"
"9004159",371979,2025-07-01 11:22:42,42.5669898986816,-9.04834365844727,"Female"
"9004159",371979,2025-07-01 11:27:46,42.5668716430664,-9.04800033569336,"Female"
"9004159",371979,2025-07-01 11:32:49,42.5668678283691,-9.04806518554688,"Female"
"9004159",371979,2025-07-01 12:27:35,42.5601768493652,-9.06510448455811,"Female"
"9004159",371979,2025-07-01 12:31:21,42.5591163635254,-9.0656795501709,"Female"
"9004159",371979,2025-07-01 12:36:22,42.5576705932617,-9.06477451324463,"Female"
"9004159",371979,2025-07-01 12:41:24,42.5583992004395,-9.06398773193359,"Female"
"9004159",371979,2025-07-01 12:46:53,42.5671577453613,-9.04836559295654,"Female"
"9004159",371979,2025-07-01 12:51:15,42.5668029785156,-9.04832077026367,"Female"
"9004159",371979,2025-07-01 12:56:16,42.5668449401855,-9.04837894439697,"Female"
"9004159",371979,2025-07-01 13:01:15,42.5667495727539,-9.04833030700684,"Female"
"9004159",371979,2025-07-01 13:06:16,42.5668678283691,-9.04828071594238,"Female"
"9004159",371979,2025-07-01 13:11:16,42.5669593811035,-9.04824447631836,"Female"
"9004159",371979,2025-07-01 13:16:15,42.5668525695801,-9.04826259613037,"Female"
"9004159",371979,2025-07-01 13:21:17,42.5667991638184,-9.0481538772583,"Female"
"9004159",371979,2025-07-01 13:26:16,42.5669097900391,-9.04829978942871,"Female"
"9004159",371979,2025-07-01 13:31:15,42.5669174194336,-9.04836750030518,"Female"
"9004159",371979,2025-07-01 13:36:17,42.5670013427734,-9.04840755462646,"Female"
"9004159",371979,2025-07-01 13:41:16,42.5667495727539,-9.0482234954834,"Female"
"9004159",371979,2025-07-01 13:46:17,42.5668907165527,-9.04830074310303,"Female"
"9004159",371979,2025-07-01 13:51:24,42.5669593811035,-9.04836845397949,"Female"
"9004159",371979,2025-07-01 13:56:17,42.5669364929199,-9.04836368560791,"Female"
"9004159",371979,2025-07-01 14:01:15,42.5668830871582,-9.04833793640137,"Female"
"9004159",371979,2025-07-01 14:06:16,42.5669975280762,-9.04830741882324,"Female"
"9004159",371979,2025-07-01 14:11:15,42.5668678283691,-9.04830074310303,"Female"
"9004159",371979,2025-07-01 14:16:16,42.565242767334,-9.05760860443115,"Female"
"9004159",371979,2025-07-01 14:21:15,42.5648727416992,-9.05998420715332,"Female"
"9004159",371979,2025-07-01 14:26:42,42.5612030029297,-9.06265068054199,"Female"
"9004159",371979,2025-07-01 14:32:20,42.561206817627,-9.06540775299072,"Female"
"9004159",371979,2025-07-01 14:37:12,42.5604820251465,-9.06753730773926,"Female"
"9004159",371979,2025-07-01 14:42:05,42.5586280822754,-9.06573104858398,"Female"
"9004159",371979,2025-07-01 14:47:42,42.5496520996094,-9.06136798858643,"Female"
"9004159",371979,2025-07-01 14:52:28,42.5489730834961,-9.0604829788208,"Female"
"9004159",371979,2025-07-01 14:57:41,42.5482711791992,-9.05912303924561,"Female"
"9004159",371979,2025-07-01 15:02:27,42.5469512939453,-9.05897235870361,"Female"
"9004159",371979,2025-07-01 15:07:40,42.5460014343262,-9.06015491485596,"Female"
"9004159",371979,2025-07-01 15:13:31,42.544563293457,-9.05856132507324,"Female"
"9004159",371979,2025-07-01 15:18:38,42.5441741943359,-9.05587482452393,"Female"
"9004159",371979,2025-07-01 15:23:36,42.5430297851562,-9.05370998382568,"Female"
"9004159",371979,2025-07-01 15:29:11,42.5423164367676,-9.05256175994873,"Female"
"9004159",371979,2025-07-01 15:47:00,42.5418930053711,-9.05113983154297,"Female"
"9004159",371979,2025-07-01 15:52:31,42.5419769287109,-9.05004119873047,"Female"
"9004159",371979,2025-07-01 15:57:28,42.5379981994629,-9.05150890350342,"Female"
"9004159",371979,2025-07-01 16:02:30,42.5010643005371,-9.01771354675293,"Female"
"9004159",371979,2025-07-01 16:07:38,42.4987564086914,-9.01454544067383,"Female"
"9004159",371979,2025-07-01 16:12:41,42.4988136291504,-9.0145320892334,"Female"
"9004159",371979,2025-07-01 16:17:31,42.4988174438477,-9.01456546783447,"Female"
"9004159",371979,2025-07-01 16:22:29,42.4989395141602,-9.01459121704102,"Female"
"9004159",371979,2025-07-01 16:27:30,42.4986877441406,-9.01465320587158,"Female"
"9004159",371979,2025-07-01 16:33:04,42.4986991882324,-9.01458168029785,"Female"
"9004159",371979,2025-07-01 16:37:26,42.4987106323242,-9.01462268829346,"Female"
"9004159",371979,2025-07-01 16:42:26,42.4987144470215,-9.0146541595459,"Female"
"9004159",371979,2025-07-01 16:47:26,42.4987106323242,-9.0145902633667,"Female"
"9004159",371979,2025-07-01 16:52:28,42.4986801147461,-9.01468658447266,"Female"
"9004159",371979,2025-07-01 16:57:26,42.4987525939941,-9.01471614837646,"Female"
"9004159",371979,2025-07-01 17:02:26,42.4987106323242,-9.01470184326172,"Female"
"9004159",371979,2025-07-01 17:07:26,42.4987373352051,-9.01476669311523,"Female"
"9004159",371979,2025-07-01 17:12:26,42.4987182617188,-9.01472663879395,"Female"
"9004159",371979,2025-07-01 17:17:26,42.4987525939941,-9.01475620269775,"Female"
"9004159",371979,2025-07-01 17:22:27,42.4987831115723,-9.01484775543213,"Female"
"9004159",371979,2025-07-01 17:27:26,42.498706817627,-9.01471710205078,"Female"
"9004159",371979,2025-07-01 17:32:59,42.4986915588379,-9.01474189758301,"Female"
"9004159",371979,2025-07-01 17:37:28,42.4987182617188,-9.01474380493164,"Female"
"9004159",371979,2025-07-01 17:42:27,42.498722076416,-9.01472949981689,"Female"
"9004159",371979,2025-07-01 17:47:33,42.498893737793,-9.01501846313477,"Female"
"9004159",371979,2025-07-01 17:53:29,42.4987030029297,-9.01474761962891,"Female"
"9004159",371979,2025-07-01 17:57:26,42.4987869262695,-9.01479339599609,"Female"
"9004159",371979,2025-07-01 18:02:33,42.4987869262695,-9.014723777771,"Female"
"9004159",371979,2025-07-01 18:07:26,42.4987907409668,-9.01483821868896,"Female"
"9004159",371979,2025-07-01 18:12:26,42.4988212585449,-9.01488971710205,"Female"
"9004159",371979,2025-07-01 18:17:26,42.4987258911133,-9.01479625701904,"Female"
"9004159",371979,2025-07-01 18:22:26,42.4987716674805,-9.01490306854248,"Female"
"9004159",371979,2025-07-01 18:27:27,42.4986686706543,-9.01471138000488,"Female"
"9004159",371979,2025-07-01 18:32:28,42.4985961914062,-9.01462745666504,"Female"
"9004159",371979,2025-07-01 18:37:28,42.498664855957,-9.01476287841797,"Female"
"9004159",371979,2025-07-01 18:42:27,42.4985427856445,-9.01452159881592,"Female"
"9004159",371979,2025-07-01 18:47:28,42.4887466430664,-8.99638557434082,"Female"
"9004159",371979,2025-07-01 18:52:44,42.4888725280762,-8.99700450897217,"Female"
"9004159",371979,2025-07-01 18:57:26,42.4888534545898,-8.99707794189453,"Female"
"9004159",371979,2025-07-01 19:02:28,42.4889106750488,-8.99714088439941,"Female"
"9004159",371979,2025-07-01 19:07:27,42.4889335632324,-8.99712657928467,"Female"
"9004159",371979,2025-07-01 19:12:27,42.488826751709,-8.99707984924316,"Female"
"9004159",371979,2025-07-01 19:17:26,42.4888038635254,-8.99686527252197,"Female"
"9004159",371979,2025-07-01 19:22:27,42.4888381958008,-8.99696254730225,"Female"
"9004159",371979,2025-07-01 19:27:27,42.4888687133789,-8.99683475494385,"Female"
"9004159",371979,2025-07-01 19:32:34,42.4888954162598,-8.996994972229,"Female"
"9004159",371979,2025-07-01 19:37:29,42.4888076782227,-8.99666976928711,"Female"
"9004159",371979,2025-07-01 19:42:28,42.4886894226074,-8.99655151367188,"Female"
"9004159",371979,2025-07-01 19:48:05,42.488883972168,-8.99704265594482,"Female"
"9004159",371979,2025-07-01 19:52:27,42.4889030456543,-8.99698734283447,"Female"
"9004159",371979,2025-07-01 19:57:28,42.4888687133789,-8.99703216552734,"Female"
"9004159",371979,2025-07-01 20:02:29,42.4890327453613,-8.99691677093506,"Female"
"9004159",371979,2025-07-01 20:07:31,42.4889030456543,-8.99705600738525,"Female"
"9004159",371979,2025-07-01 20:12:28,42.4889678955078,-8.99701499938965,"Female"
"9004159",371979,2025-07-01 20:17:31,42.488956451416,-8.99697303771973,"Female"
"9004159",371979,2025-07-01 20:22:27,42.488883972168,-8.99707317352295,"Female"
"9004159",371979,2025-07-01 20:27:36,42.4889755249023,-8.99700736999512,"Female"
"9004159",371979,2025-07-01 20:32:27,42.4888725280762,-8.99697589874268,"Female"
"9004159",371979,2025-07-01 20:37:28,42.4888954162598,-8.99700355529785,"Female"
"9004159",371979,2025-07-01 20:42:28,42.488883972168,-8.99703788757324,"Female"
"9004159",371979,2025-07-01 20:47:29,42.4888000488281,-8.996826171875,"Female"
"9004159",371979,2025-07-01 20:52:28,42.4889106750488,-8.99709033966064,"Female"
"9004159",371979,2025-07-01 20:57:31,42.4889335632324,-8.99701881408691,"Female"
"9004159",371979,2025-07-01 21:02:36,42.4888763427734,-8.99698543548584,"Female"
"9004159",371979,2025-07-01 21:07:29,42.4887351989746,-8.996657371521,"Female"
"9004159",371979,2025-07-01 21:12:41,42.4888877868652,-8.99698066711426,"Female"
"9004159",371979,2025-07-01 21:17:34,42.4888763427734,-8.99707698822021,"Female"
"9004159",371979,2025-07-01 21:22:34,42.4889831542969,-8.99703025817871,"Female"
"9004159",371979,2025-07-01 21:27:36,42.4889984130859,-8.9969539642334,"Female"
"9004159",371979,2025-07-01 21:32:36,42.488826751709,-8.99682903289795,"Female"
"9004159",371979,2025-07-01 21:37:36,42.4888114929199,-8.99689769744873,"Female"
"9004159",371979,2025-07-01 21:42:44,42.4888305664062,-8.99680995941162,"Female"
"9004159",371979,2025-07-01 21:47:36,42.4888610839844,-8.9968433380127,"Female"
"9004159",371979,2025-07-01 21:52:59,42.4887924194336,-8.99682331085205,"Female"
"9004159",371979,2025-07-01 21:57:29,42.4888496398926,-8.99699878692627,"Female"
"9004159",371979,2025-07-01 22:02:43,42.4888648986816,-8.99686527252197,"Female"
"9004159",371979,2025-07-01 22:07:36,42.4888076782227,-8.99686241149902,"Female"
"9004159",371979,2025-07-01 22:12:36,42.4888648986816,-8.99690341949463,"Female"
"9004159",371979,2025-07-01 22:17:36,42.4888458251953,-8.99689769744873,"Female"
"9004159",371979,2025-07-01 22:22:35,42.4889335632324,-8.99703979492188,"Female"
"9004159",371979,2025-07-01 22:27:35,42.4889640808105,-8.9970703125,"Female"
"9004159",371979,2025-07-01 22:32:35,42.4889488220215,-8.99700832366943,"Female"
"9004159",371979,2025-07-01 22:38:04,42.4889068603516,-8.9970703125,"Female"
"9004159",371979,2025-07-01 22:42:27,42.4889068603516,-8.99704551696777,"Female"
"9004159",371979,2025-07-01 22:47:27,42.488883972168,-8.99707794189453,"Female"
"9004159",371979,2025-07-01 22:52:26,42.4889335632324,-8.99704360961914,"Female"
"9004159",371979,2025-07-01 22:57:28,42.4889526367188,-8.99705696105957,"Female"
"9004159",371979,2025-07-01 23:02:28,42.4888496398926,-8.99697399139404,"Female"
"9004159",371979,2025-07-01 23:07:31,42.488956451416,-8.99701595306396,"Female"
"9004159",371979,2025-07-01 23:12:33,42.488941192627,-8.99697685241699,"Female"
"9004159",371979,2025-07-01 23:17:30,42.4889106750488,-8.99706268310547,"Female"
"9004159",371979,2025-07-01 23:22:30,42.4889068603516,-8.99712085723877,"Female"
"9004159",371979,2025-07-01 23:28:03,42.4889869689941,-8.99702453613281,"Female"
"9004159",371979,2025-07-01 23:32:29,42.488956451416,-8.99714946746826,"Female"
"9004159",371979,2025-07-01 23:40:48,42.4890213012695,-8.99703788757324,"Female"
"9004159",371979,2025-07-01 23:45:43,42.4889106750488,-8.99701595306396,"Female"
"9004159",371979,2025-07-01 23:50:54,42.4889907836914,-8.99699020385742,"Female"
"9004159",371979,2025-07-01 23:55:48,42.489200592041,-8.9971981048584,"Female"
"9004159",371979,2025-07-02 00:00:48,42.4888534545898,-8.99679470062256,"Female"
"9004159",371979,2025-07-02 00:05:45,42.4888916015625,-8.99673461914062,"Female"
"9004159",371979,2025-07-02 00:10:45,42.4889335632324,-8.99674510955811,"Female"
"9004159",371979,2025-07-02 00:15:40,42.4889297485352,-8.99718475341797,"Female"
"9004159",371979,2025-07-02 00:20:45,42.4889297485352,-8.99672031402588,"Female"
"9004159",371979,2025-07-02 00:25:38,42.488941192627,-8.99694347381592,"Female"
"9004159",371979,2025-07-02 00:30:48,42.4891128540039,-8.99701595306396,"Female"
"9004159",371979,2025-07-02 00:35:38,42.4890289306641,-8.99689197540283,"Female"
"9004159",371979,2025-07-02 00:40:48,42.4890823364258,-8.99679470062256,"Female"
"9004159",371979,2025-07-02 00:45:48,42.4890899658203,-8.99681663513184,"Female"
"9004159",371979,2025-07-02 00:50:48,42.4891204833984,-8.99680995941162,"Female"
"9004159",371979,2025-07-02 00:55:48,42.4891014099121,-8.996750831604,"Female"
"9004159",371979,2025-07-02 01:00:48,42.4890785217285,-8.99674606323242,"Female"
"9004159",371979,2025-07-02 01:05:52,42.4890785217285,-8.99672508239746,"Female"
"9004159",371979,2025-07-02 01:10:48,42.4890670776367,-8.99677181243896,"Female"
"9004159",371979,2025-07-02 01:15:48,42.4890518188477,-8.99670696258545,"Female"
"9004159",371979,2025-07-02 01:20:48,42.489070892334,-8.99668407440186,"Female"
"9004159",371979,2025-07-02 01:25:48,42.4890785217285,-8.99676513671875,"Female"
"9004159",371979,2025-07-02 01:31:05,42.4890556335449,-8.99690437316895,"Female"
"9004159",371979,2025-07-02 01:35:36,42.4889221191406,-8.99688911437988,"Female"
"9004159",371979,2025-07-02 01:40:37,42.4889793395996,-8.996901512146,"Female"
"9004159",371979,2025-07-02 01:45:37,42.4889373779297,-8.99696254730225,"Female"
"9004159",371979,2025-07-02 01:50:36,42.4888610839844,-8.99698925018311,"Female"
"9004159",371979,2025-07-02 01:55:37,42.4889640808105,-8.99700546264648,"Female"
"9004159",371979,2025-07-02 02:00:37,42.4889526367188,-8.99699020385742,"Female"
"9004159",371979,2025-07-02 02:05:39,42.488883972168,-8.996901512146,"Female"
"9004159",371979,2025-07-02 02:10:38,42.488883972168,-8.99704742431641,"Female"
"9004159",371979,2025-07-02 02:16:12,42.4890899658203,-8.99715614318848,"Female"
"9004159",371979,2025-07-02 02:20:39,42.4889068603516,-8.99690723419189,"Female"
"9004159",371979,2025-07-02 02:25:37,42.4889068603516,-8.99691963195801,"Female"
"9004159",371979,2025-07-02 02:30:38,42.4888458251953,-8.99693775177002,"Female"
"9004159",371979,2025-07-02 02:35:38,42.4889488220215,-8.99699687957764,"Female"
"9004159",371979,2025-07-02 02:40:37,42.4890251159668,-8.99704360961914,"Female"
"9004159",371979,2025-07-02 02:45:40,42.4889221191406,-8.99694919586182,"Female"
"9004159",371979,2025-07-02 02:50:48,42.4890098571777,-8.99681568145752,"Female"
"9004159",371979,2025-07-02 02:55:57,42.4890060424805,-8.99693584442139,"Female"
"9004159",371979,2025-07-02 03:00:42,42.4893035888672,-8.99672603607178,"Female"
"9004159",371979,2025-07-02 03:05:48,42.489070892334,-8.99701595306396,"Female"
"9004159",371979,2025-07-02 03:10:46,42.4891090393066,-8.99693775177002,"Female"
"9004159",371979,2025-07-02 03:15:50,42.489013671875,-8.9970588684082,"Female"
"9004159",371979,2025-07-02 03:20:41,42.4887924194336,-8.99691295623779,"Female"
"9004159",371979,2025-07-02 03:25:40,42.4889602661133,-8.99707126617432,"Female"
"9004159",371979,2025-07-02 03:30:48,42.4890098571777,-8.99677753448486,"Female"
"9004159",371979,2025-07-02 03:36:05,42.4888801574707,-8.99719429016113,"Female"
"9004159",371979,2025-07-02 03:40:36,42.4889640808105,-8.99692058563232,"Female"
"9004159",371979,2025-07-02 03:45:39,42.4888381958008,-8.99705219268799,"Female"
"9004159",371979,2025-07-02 03:50:37,42.488899230957,-8.99701690673828,"Female"
"9004159",371979,2025-07-02 03:55:36,42.4888954162598,-8.99697875976562,"Female"
"9004159",371979,2025-07-02 04:00:40,42.4888916015625,-8.99699974060059,"Female"
"9004159",371979,2025-07-02 04:05:41,42.4888648986816,-8.99701023101807,"Female"
"9004159",371979,2025-07-02 04:10:37,42.4889144897461,-8.99694061279297,"Female"
"9004159",371979,2025-07-02 04:15:37,42.488899230957,-8.99698638916016,"Female"
"9004159",371979,2025-07-02 04:20:37,42.4888610839844,-8.99692058563232,"Female"
"9004159",371979,2025-07-02 04:25:37,42.4888687133789,-8.99696350097656,"Female"
"9004159",371979,2025-07-02 04:30:39,42.4888687133789,-8.99693393707275,"Female"
"9004159",371979,2025-07-02 04:35:42,42.4888153076172,-8.99694538116455,"Female"
"9004159",371979,2025-07-02 04:40:38,42.4888801574707,-8.99691677093506,"Female"
"9004159",371979,2025-07-02 04:45:40,42.4888648986816,-8.99689960479736,"Female"
"9004159",371979,2025-07-02 04:50:41,42.4888954162598,-8.99693870544434,"Female"
"9004159",371979,2025-07-02 04:55:37,42.4888343811035,-8.996994972229,"Female"
"9004159",371979,2025-07-02 05:01:29,42.4888763427734,-8.99691104888916,"Female"
"9004159",371979,2025-07-02 05:05:38,42.4888687133789,-8.99703979492188,"Female"
"9004159",371979,2025-07-02 05:10:38,42.4888687133789,-8.99689865112305,"Female"
"9004159",371979,2025-07-02 05:15:37,42.4887924194336,-8.99660587310791,"Female"
"9004159",371979,2025-07-02 05:20:38,42.4887390136719,-8.99678707122803,"Female"
"9004159",371979,2025-07-02 05:25:37,42.4890327453613,-8.99670791625977,"Female"
"9004159",371979,2025-07-02 05:30:43,42.4891815185547,-8.99653434753418,"Female"
"9004159",371979,2025-07-02 05:35:37,42.489387512207,-8.99626159667969,"Female"
"9004159",371979,2025-07-02 05:40:39,42.4897804260254,-8.99666023254395,"Female"
"9004159",371979,2025-07-02 05:47:00,42.489372253418,-8.9964427947998,"Female"
"9004159",371979,2025-07-02 05:52:00,42.4894027709961,-8.99674701690674,"Female"
"9004159",371979,2025-07-02 05:56:33,42.4894104003906,-8.99673557281494,"Female"
"9004159",371979,2025-07-02 06:01:05,42.4894218444824,-8.99678516387939,"Female"
"9004159",371979,2025-07-02 06:05:36,42.4894714355469,-8.99671936035156,"Female"
"9004159",371979,2025-07-02 06:10:36,42.4894599914551,-8.9967565536499,"Female"
"9004159",371979,2025-07-02 06:15:37,42.4894142150879,-8.99679183959961,"Female"
"9004159",371979,2025-07-02 06:20:36,42.4895362854004,-8.99671840667725,"Female"
"9004159",371979,2025-07-02 06:25:36,42.4894485473633,-8.99679374694824,"Female"
"9004159",371979,2025-07-02 06:30:36,42.489429473877,-8.99681854248047,"Female"
"9004159",371979,2025-07-02 06:35:37,42.4894676208496,-8.9967622756958,"Female"
"9004159",371979,2025-07-02 06:40:36,42.4894065856934,-8.99676513671875,"Female"
"9004159",371979,2025-07-02 06:45:36,42.4894142150879,-8.99677181243896,"Female"
"9004159",371979,2025-07-02 06:50:38,42.4894142150879,-8.99671173095703,"Female"
"9004159",371979,2025-07-02 06:55:38,42.4894218444824,-8.99672603607178,"Female"
"9004159",371979,2025-07-02 07:00:36,42.489444732666,-8.99668407440186,"Female"
"9004159",371979,2025-07-02 07:05:40,42.4894485473633,-8.99681568145752,"Female"
"9004159",371979,2025-07-02 07:10:36,42.4894523620605,-8.99673938751221,"Female"
"9004159",371979,2025-07-02 07:15:36,42.4894409179688,-8.99673080444336,"Female"
"9004159",371979,2025-07-02 07:20:36,42.4894332885742,-8.99668598175049,"Female"
"9004159",371979,2025-07-02 07:25:36,42.4894104003906,-8.99668979644775,"Female"
"9004159",371979,2025-07-02 07:30:38,42.4894142150879,-8.9968318939209,"Female"
"9004159",371979,2025-07-02 07:35:37,42.4894676208496,-8.99682998657227,"Female"
"9004159",371979,2025-07-02 07:40:41,42.4894332885742,-8.99676036834717,"Female"
"9004159",371979,2025-07-02 07:45:39,42.4894676208496,-8.99689388275146,"Female"
"9004159",371979,2025-07-02 07:50:39,42.4893989562988,-8.99682903289795,"Female"
"9004159",371979,2025-07-02 07:55:37,42.489372253418,-8.99688720703125,"Female"
"9004159",371979,2025-07-02 08:00:38,42.4893989562988,-8.99686527252197,"Female"
"9004159",371979,2025-07-02 08:05:37,42.4894142150879,-8.99684238433838,"Female"
"9004159",371979,2025-07-02 08:10:40,42.4894256591797,-8.99685955047607,"Female"
"9004159",371979,2025-07-02 08:15:49,42.4893760681152,-8.99686050415039,"Female"
"9004159",371979,2025-07-02 08:20:53,42.4893569946289,-8.99686145782471,"Female"
"9004159",371979,2025-07-02 08:25:40,42.4893531799316,-8.99695014953613,"Female"
"9004159",371979,2025-07-02 08:31:03,42.4894104003906,-8.99686050415039,"Female"
"9004159",371979,2025-07-02 08:35:37,42.489429473877,-8.99691009521484,"Female"
"9004159",371979,2025-07-02 08:40:37,42.4894485473633,-8.99689388275146,"Female"
"9004159",371979,2025-07-02 08:45:38,42.4894332885742,-8.99695491790771,"Female"
"9004159",371979,2025-07-02 08:50:37,42.489444732666,-8.99694061279297,"Female"
"9004159",371979,2025-07-02 08:55:37,42.4894218444824,-8.99689388275146,"Female"
"9004159",371979,2025-07-02 09:00:36,42.4894638061523,-8.99692344665527,"Female"
"9004159",371979,2025-07-02 09:05:37,42.4894104003906,-8.99686431884766,"Female"
"9004159",371979,2025-07-02 09:10:37,42.4893646240234,-8.9969596862793,"Female"
"9004159",371979,2025-07-02 09:15:40,42.4908638000488,-9.00181579589844,"Female"
"9004159",371979,2025-07-02 09:20:38,42.4988784790039,-9.01445960998535,"Female"
"9004159",371979,2025-07-02 09:25:40,42.4989624023438,-9.01444816589355,"Female"
"9004159",371979,2025-07-02 09:30:38,42.4989013671875,-9.01443195343018,"Female"
"9004159",371979,2025-07-02 09:35:38,42.5013999938965,-9.01683616638184,"Female"
"9004159",371979,2025-07-02 09:41:04,42.5088233947754,-9.02192401885986,"Female"
"9004159",371979,2025-07-02 09:46:34,42.508472442627,-9.02266311645508,"Female"
"9004159",371979,2025-07-02 09:51:37,42.5087394714355,-9.02348518371582,"Female"
"9004159",371979,2025-07-02 09:56:58,42.5085792541504,-9.02524662017822,"Female"
"9004159",371979,2025-07-02 10:02:23,42.5081481933594,-9.02653408050537,"Female"
"9004159",371979,2025-07-02 10:07:54,42.5083618164062,-9.02567386627197,"Female"
"9004159",371979,2025-07-02 10:13:10,42.509162902832,-9.02666473388672,"Female"
"9004159",371979,2025-07-02 10:18:08,42.5096893310547,-9.02638244628906,"Female"
"9004159",371979,2025-07-02 10:23:08,42.5095672607422,-9.02721786499023,"Female"
"9004159",371979,2025-07-02 10:28:08,42.5135955810547,-9.01138687133789,"Female"
"9004159",371979,2025-07-02 10:33:08,42.5144119262695,-9.00991153717041,"Female"
"9004159",371979,2025-07-02 10:38:08,42.5143623352051,-9.00985908508301,"Female"
"9004159",371979,2025-07-02 10:43:08,42.5143852233887,-9.00987720489502,"Female"
"9004159",371979,2025-07-02 10:48:09,42.5143661499023,-9.00978088378906,"Female"
"9004159",371979,2025-07-02 10:53:08,42.5143508911133,-9.00978755950928,"Female"
"9004159",371979,2025-07-02 10:58:08,42.5143051147461,-9.00978374481201,"Female"
"9004159",371979,2025-07-02 11:03:08,42.5143280029297,-9.00982761383057,"Female"
"9004159",371979,2025-07-02 11:08:09,42.5143280029297,-9.00980949401855,"Female"
"9004159",371979,2025-07-02 11:13:08,42.5143547058105,-9.00990295410156,"Female"
"9004159",371979,2025-07-02 11:18:09,42.5143394470215,-9.00987911224365,"Female"
"9004159",371979,2025-07-02 11:23:09,42.5143165588379,-9.0098876953125,"Female"
"9004159",371979,2025-07-02 11:28:09,42.5143165588379,-9.00997734069824,"Female"
"9004159",371979,2025-07-02 11:33:08,42.5143165588379,-9.01004123687744,"Female"
"9004159",371979,2025-07-02 11:45:39,42.5147361755371,-9.01012134552002,"Female"
"9004159",371979,2025-07-02 11:50:38,42.5141296386719,-9.01014423370361,"Female"
"9004159",371979,2025-07-02 11:55:38,42.5144386291504,-9.01008701324463,"Female"
"9004159",371979,2025-07-02 12:00:40,42.5093231201172,-9.02196884155273,"Female"
"9004159",371979,2025-07-02 12:07:40,42.508171081543,-9.02273273468018,"Female"
"9004159",371979,2025-07-02 12:12:45,42.5071754455566,-9.0244836807251,"Female"
"9004159",371979,2025-07-02 12:18:07,42.5071105957031,-9.02555370330811,"Female"
"9004159",371979,2025-07-02 12:23:06,42.4987716674805,-9.01442337036133,"Female"
"9004159",371979,2025-07-02 12:28:07,42.4989051818848,-9.01445484161377,"Female"
"9004159",371979,2025-07-02 12:33:07,42.4986152648926,-9.0143575668335,"Female"
"9004159",371979,2025-07-02 12:38:07,42.4988555908203,-9.01439666748047,"Female"
"9004159",371979,2025-07-02 12:43:07,42.4988212585449,-9.01443099975586,"Female"
"9004159",371979,2025-07-02 12:48:06,42.498851776123,-9.01438236236572,"Female"
"9004159",371979,2025-07-02 12:53:06,42.4988784790039,-9.0143928527832,"Female"
"9004159",371979,2025-07-02 12:58:06,42.4988784790039,-9.01437091827393,"Female"
"9004159",371979,2025-07-02 13:03:06,42.4988784790039,-9.01435375213623,"Female"
"9004159",371979,2025-07-02 13:08:06,42.4988861083984,-9.0143575668335,"Female"
"9004159",371979,2025-07-02 13:13:06,42.4988403320312,-9.01436233520508,"Female"
"9004159",371979,2025-07-02 13:18:06,42.4988746643066,-9.01436901092529,"Female"
"9004159",371979,2025-07-02 13:23:06,42.4988441467285,-9.01443862915039,"Female"
"9004159",371979,2025-07-02 13:28:06,42.4988327026367,-9.01441669464111,"Female"
"9004159",371979,2025-07-02 13:33:06,42.4988632202148,-9.01433849334717,"Female"
"9004159",371979,2025-07-02 13:38:07,42.498836517334,-9.0143871307373,"Female"
"9004159",371979,2025-07-02 13:43:07,42.4988250732422,-9.01440238952637,"Female"
"9004159",371979,2025-07-02 13:48:07,42.4987869262695,-9.01443672180176,"Female"
"9004159",371979,2025-07-02 13:53:06,42.4988174438477,-9.01432800292969,"Female"
"9004159",371979,2025-07-02 13:58:06,42.4988059997559,-9.01440238952637,"Female"
"9004159",371979,2025-07-02 14:03:06,42.4987869262695,-9.01439571380615,"Female"
"9004159",371979,2025-07-02 14:08:06,42.4987678527832,-9.01436519622803,"Female"
"9004159",371979,2025-07-02 14:13:06,42.4987907409668,-9.01436710357666,"Female"
"9004159",371979,2025-07-02 14:18:06,42.4987831115723,-9.01434898376465,"Female"
"9004159",371979,2025-07-02 14:23:06,42.4987869262695,-9.01429748535156,"Female"
"9004159",371979,2025-07-02 14:28:06,42.4987106323242,-9.01432418823242,"Female"
"9004159",371979,2025-07-02 14:33:06,42.4988059997559,-9.01426410675049,"Female"
"9004159",371979,2025-07-02 14:38:06,42.4987449645996,-9.01431465148926,"Female"
"9004159",371979,2025-07-02 14:43:06,42.4986877441406,-9.01463890075684,"Female"
"9004159",371979,2025-07-02 14:48:06,42.4987106323242,-9.01429462432861,"Female"
"9004159",371979,2025-07-02 14:53:06,42.4987144470215,-9.01466369628906,"Female"
"9004159",371979,2025-07-02 14:58:07,42.5010948181152,-9.01670169830322,"Female"
"9004159",371979,2025-07-02 15:03:07,42.5078163146973,-9.02208518981934,"Female"
"9004159",371979,2025-07-02 15:08:32,42.5048637390137,-9.02173137664795,"Female"
"9004159",371979,2025-07-02 15:13:31,42.5078582763672,-9.02417182922363,"Female"
"9004159",371979,2025-07-02 15:20:43,42.5077781677246,-9.02384185791016,"Female"
"9004159",371979,2025-07-02 15:26:07,42.5072593688965,-9.023512840271,"Female"
"9004159",371979,2025-07-02 15:32:05,42.5076599121094,-9.02274227142334,"Female"
"9004159",371979,2025-07-02 15:37:36,42.5075759887695,-9.02249431610107,"Female"
"9004159",371979,2025-07-02 15:42:57,42.5070381164551,-9.02082347869873,"Female"
"9004159",371979,2025-07-02 15:48:00,42.5081024169922,-9.02163505554199,"Female"
"9004159",371979,2025-07-02 15:53:35,42.5085868835449,-9.02053546905518,"Female"
"9004159",371979,2025-07-02 15:58:56,42.5070114135742,-9.02015018463135,"Female"
"9004159",371979,2025-07-02 16:04:40,42.506706237793,-9.02261257171631,"Female"
"9004159",371979,2025-07-02 16:10:09,42.5081787109375,-9.02304172515869,"Female"
"9004159",371979,2025-07-02 16:15:10,42.5084228515625,-9.02169418334961,"Female"
"9004159",371979,2025-07-02 16:21:04,42.5082778930664,-9.02094268798828,"Female"
"9004159",371979,2025-07-02 16:26:02,42.5090293884277,-9.01958179473877,"Female"
"9004159",371979,2025-07-02 16:31:40,42.509090423584,-9.02215576171875,"Female"
"9004159",371979,2025-07-02 16:36:39,42.5076637268066,-9.02136898040771,"Female"
"9004159",371979,2025-07-02 16:42:01,42.5086288452148,-9.02143669128418,"Female"
"9004159",371979,2025-07-02 16:47:22,42.5085372924805,-9.02047348022461,"Female"
"9004159",371979,2025-07-02 16:52:33,42.5096817016602,-9.01894855499268,"Female"
"9004159",371979,2025-07-02 16:57:32,42.5111694335938,-9.01921653747559,"Female"
"9004159",371979,2025-07-02 17:02:36,42.5123977661133,-9.01702880859375,"Female"
"9004159",371979,2025-07-02 17:08:17,42.5129585266113,-9.01580429077148,"Female"
"9004159",371979,2025-07-02 17:13:58,42.5133895874023,-9.0140209197998,"Female"
"9004159",371979,2025-07-02 17:18:57,42.5124778747559,-9.01446342468262,"Female"
"9004159",371979,2025-07-02 17:24:07,42.512622833252,-9.01502132415771,"Female"
"9004159",371979,2025-07-02 17:29:30,42.5129852294922,-9.01538753509521,"Female"
"9004159",371979,2025-07-02 17:34:29,42.5128173828125,-9.01430892944336,"Female"
"9004159",371979,2025-07-02 17:39:29,42.5126647949219,-9.01430702209473,"Female"
"9004159",371979,2025-07-02 17:44:31,42.5123481750488,-9.01528835296631,"Female"
"9004159",371979,2025-07-02 17:49:30,42.5083961486816,-9.00822734832764,"Female"
"9004159",371979,2025-07-02 17:54:30,42.4890022277832,-8.99620056152344,"Female"
"9004159",371979,2025-07-02 17:59:30,42.4890060424805,-8.99625587463379,"Female"
"9004159",371979,2025-07-02 18:04:46,42.4888648986816,-8.99690246582031,"Female"
"9004159",371979,2025-07-02 18:09:34,42.488842010498,-8.99693298339844,"Female"
"9004159",371979,2025-07-02 18:14:43,42.4889297485352,-8.99699306488037,"Female"
"9004159",371979,2025-07-02 18:19:31,42.4887619018555,-8.9969654083252,"Female"
"9004159",371979,2025-07-02 18:24:30,42.4889831542969,-8.99674510955811,"Female"
"9004159",371979,2025-07-02 18:29:32,42.4892616271973,-8.99728107452393,"Female"
"9004159",371979,2025-07-02 18:34:30,42.488883972168,-8.9965124130249,"Female"
"9004159",371979,2025-07-02 18:39:32,42.4898071289062,-8.99796009063721,"Female"
"9004159",371979,2025-07-02 18:44:31,42.4900093078613,-8.99934005737305,"Female"
"9004159",371979,2025-07-02 18:49:31,42.4900436401367,-8.99915504455566,"Female"
"9004159",371979,2025-07-02 18:54:32,42.4899520874023,-8.99886131286621,"Female"
"9004159",371979,2025-07-02 18:59:31,42.4883766174316,-8.99491691589355,"Female"
"9004159",371979,2025-07-02 19:04:30,42.4884643554688,-8.99485397338867,"Female"
"9004159",371979,2025-07-02 19:09:31,42.4885177612305,-8.99491310119629,"Female"
"9004159",371979,2025-07-02 19:14:34,42.4891891479492,-8.99707889556885,"Female"
"9004159",371979,2025-07-02 19:19:34,42.488655090332,-8.99561977386475,"Female"
"9004159",371979,2025-07-02 19:24:32,42.4888114929199,-8.99592399597168,"Female"
"9004159",371979,2025-07-02 19:29:33,42.4888572692871,-8.99624729156494,"Female"
"9004159",371979,2025-07-02 19:34:32,42.4887161254883,-8.99566745758057,"Female"
"9004159",371979,2025-07-02 19:39:36,42.4890747070312,-8.9970588684082,"Female"
"9004159",371979,2025-07-02 19:44:31,42.4890899658203,-8.99670696258545,"Female"
"9004159",371979,2025-07-02 19:49:31,42.488899230957,-8.9964542388916,"Female"
"9004159",371979,2025-07-02 19:54:31,42.4889373779297,-8.99649238586426,"Female"
"9004159",371979,2025-07-02 19:59:31,42.4889755249023,-8.99669647216797,"Female"
"9004159",371979,2025-07-02 20:04:31,42.4893608093262,-8.9972505569458,"Female"
"9004159",371979,2025-07-02 20:09:31,42.4894256591797,-8.99737358093262,"Female"
"9004159",371979,2025-07-02 20:14:32,42.4895439147949,-8.99767875671387,"Female"
"9004159",371979,2025-07-02 20:19:32,42.4895553588867,-8.99778842926025,"Female"
"9004159",371979,2025-07-02 20:24:32,42.4896621704102,-8.99785995483398,"Female"
"9004159",371979,2025-07-02 20:29:32,42.4884643554688,-8.9968376159668,"Female"
"9004159",371979,2025-07-02 20:34:32,42.4886093139648,-8.99694538116455,"Female"
"9004159",371979,2025-07-02 20:39:37,42.4889068603516,-8.99666595458984,"Female"
"9004159",371979,2025-07-02 20:44:31,42.4888305664062,-8.99686527252197,"Female"
"9004159",371979,2025-07-02 20:49:31,42.4889869689941,-8.99672412872314,"Female"
"9004159",371979,2025-07-02 20:54:31,42.4890289306641,-8.99671268463135,"Female"
"9004159",371979,2025-07-02 20:59:31,42.4888610839844,-8.99681568145752,"Female"
"9004159",371979,2025-07-02 21:04:31,42.4888801574707,-8.99676704406738,"Female"
"9004159",371979,2025-07-02 21:09:31,42.4888000488281,-8.99669647216797,"Female"
"9004159",371979,2025-07-02 21:14:31,42.488712310791,-8.99680328369141,"Female"
"9004159",371979,2025-07-02 21:19:31,42.4884071350098,-8.9966926574707,"Female"
"9004159",371979,2025-07-02 21:24:31,42.4888801574707,-8.99682712554932,"Female"
"9004159",371979,2025-07-02 21:29:31,42.4888801574707,-8.99688339233398,"Female"
"9004159",371979,2025-07-02 21:34:39,42.4888534545898,-8.99673461914062,"Female"
"9004159",371979,2025-07-02 21:39:31,42.4889450073242,-8.99682235717773,"Female"
"9004159",371979,2025-07-02 21:44:33,42.4889488220215,-8.99691009521484,"Female"
"9004159",371979,2025-07-02 21:49:31,42.4889945983887,-8.9968318939209,"Female"
"9004159",371979,2025-07-02 21:54:40,42.4892120361328,-8.9970645904541,"Female"
"9004159",371979,2025-07-02 21:59:33,42.489387512207,-8.99716377258301,"Female"
"9004159",371979,2025-07-02 22:04:32,42.4893608093262,-8.99712657928467,"Female"
"9004159",371979,2025-07-02 22:09:32,42.4893836975098,-8.99707317352295,"Female"
"9004159",371979,2025-07-02 22:14:32,42.4892616271973,-8.9970817565918,"Female"
"9004159",371979,2025-07-02 22:19:32,42.4892845153809,-8.99708366394043,"Female"
"9004159",371979,2025-07-02 22:24:32,42.4892883300781,-8.99711799621582,"Female"
"9004159",371979,2025-07-02 22:29:31,42.4892807006836,-8.99704647064209,"Female"
"9004159",371979,2025-07-02 22:34:31,42.4891357421875,-8.99700546264648,"Female"
"9004159",371979,2025-07-02 22:39:31,42.4892997741699,-8.9970178604126,"Female"
"9004159",371979,2025-07-02 22:44:31,42.4892616271973,-8.99705600738525,"Female"
"9004159",371979,2025-07-02 22:49:31,42.4892349243164,-8.99693965911865,"Female"
"9004159",371979,2025-07-02 22:54:35,42.4890365600586,-8.99676132202148,"Female"
"9004159",371979,2025-07-02 22:59:33,42.489315032959,-8.99686050415039,"Female"
"9004159",371979,2025-07-02 23:04:33,42.4892234802246,-8.99669647216797,"Female"
"9004159",371979,2025-07-02 23:09:31,42.4892349243164,-8.99689388275146,"Female"
"9004159",371979,2025-07-02 23:14:33,42.4892272949219,-8.99674510955811,"Female"
"9004159",371979,2025-07-02 23:19:33,42.4890098571777,-8.99645805358887,"Female"
"9004159",371979,2025-07-02 23:24:32,42.4890289306641,-8.99657726287842,"Female"
"9004159",371979,2025-07-02 23:29:32,42.489070892334,-8.99652004241943,"Female"
"9004159",371979,2025-07-02 23:34:31,42.4889755249023,-8.9963436126709,"Female"
"9004159",371979,2025-07-02 23:40:43,42.4890670776367,-8.99645709991455,"Female"
"9004159",371979,2025-07-02 23:45:41,42.489013671875,-8.99623489379883,"Female"
"9004159",371979,2025-07-02 23:50:42,42.4890823364258,-8.99644088745117,"Female"
"9004159",371979,2025-07-02 23:55:42,42.4893379211426,-8.99713230133057,"Female"
"9004159",371979,2025-07-03 00:00:41,42.4895248413086,-8.99796104431152,"Female"
"9004159",371979,2025-07-03 00:05:40,42.4892768859863,-8.99702262878418,"Female"
"9004159",371979,2025-07-03 00:10:39,42.4892845153809,-8.99699974060059,"Female"
"9004159",371979,2025-07-03 00:15:40,42.489200592041,-8.99743556976318,"Female"
"9004159",371979,2025-07-03 00:20:40,42.4892578125,-8.99710178375244,"Female"
"9004159",371979,2025-07-03 00:25:39,42.4890823364258,-8.9973611831665,"Female"
"9004159",371979,2025-07-03 00:30:39,42.4891624450684,-8.99716949462891,"Female"
"9004159",371979,2025-07-03 00:35:39,42.489128112793,-8.9971809387207,"Female"
"9004159",371979,2025-07-03 00:40:40,42.4891052246094,-8.99723720550537,"Female"
"9004159",371979,2025-07-03 00:45:39,42.4892082214355,-8.99710083007812,"Female"
"9004159",371979,2025-07-03 00:50:39,42.4890823364258,-8.9971866607666,"Female"
"9004159",371979,2025-07-03 00:55:39,42.4891166687012,-8.99722862243652,"Female"
"9004159",371979,2025-07-03 01:00:39,42.4892120361328,-8.9970817565918,"Female"
"9004159",371979,2025-07-03 01:05:39,42.4890937805176,-8.99711513519287,"Female"
"9004159",371979,2025-07-03 01:10:39,42.4891967773438,-8.99704456329346,"Female"
"9004159",371979,2025-07-03 01:15:39,42.4891891479492,-8.99708938598633,"Female"
"9004159",371979,2025-07-03 01:20:39,42.4892425537109,-8.99710369110107,"Female"
"9004159",371979,2025-07-03 01:25:39,42.4893417358398,-8.99718189239502,"Female"
"9004159",371979,2025-07-03 01:30:39,42.4893226623535,-8.99710178375244,"Female"
"9004159",371979,2025-07-03 01:35:39,42.4892234802246,-8.99707889556885,"Female"
"9004159",371979,2025-07-03 01:40:39,42.4893074035645,-8.9971399307251,"Female"
"9004159",371979,2025-07-03 01:45:39,42.4891395568848,-8.99728679656982,"Female"
"9004159",371979,2025-07-03 01:50:39,42.4892616271973,-8.99714756011963,"Female"
"9004159",371979,2025-07-03 01:55:40,42.4894104003906,-8.99728775024414,"Female"
"9004159",371979,2025-07-03 02:00:41,42.4896278381348,-8.99746322631836,"Female"
"9004159",371979,2025-07-03 02:05:40,42.4894828796387,-8.99724388122559,"Female"
"9004159",371979,2025-07-03 02:10:39,42.4893226623535,-8.99720287322998,"Female"
"9004159",371979,2025-07-03 02:15:39,42.4894790649414,-8.99719047546387,"Female"
"9004159",371979,2025-07-03 02:20:39,42.4893417358398,-8.99724388122559,"Female"
"9004159",371979,2025-07-03 02:25:39,42.4891662597656,-8.99702739715576,"Female"
"9004159",371979,2025-07-03 02:30:39,42.4892539978027,-8.99693489074707,"Female"
"9004159",371979,2025-07-03 02:35:40,42.489574432373,-8.99641227722168,"Female"
"9004159",371979,2025-07-03 02:40:40,42.4892044067383,-8.99716281890869,"Female"
"9004159",371979,2025-07-03 02:45:40,42.4892501831055,-8.99715805053711,"Female"
"9004159",371979,2025-07-03 02:50:39,42.4891967773438,-8.99728107452393,"Female"
"9004159",371979,2025-07-03 02:55:40,42.4893074035645,-8.99723529815674,"Female"
"9004159",371979,2025-07-03 03:00:42,42.4891700744629,-8.9974536895752,"Female"
"9004159",371979,2025-07-03 03:05:48,42.4894027709961,-8.99689388275146,"Female"
"9004159",371979,2025-07-03 03:10:42,42.4891777038574,-8.9972095489502,"Female"
"9004159",371979,2025-07-03 03:15:40,42.489128112793,-8.99773693084717,"Female"
"9004159",371979,2025-07-03 03:20:42,42.4891662597656,-8.99734687805176,"Female"
"9004159",371979,2025-07-03 03:25:39,42.4890785217285,-8.9973669052124,"Female"
"9004159",371979,2025-07-03 03:30:39,42.4891548156738,-8.9971981048584,"Female"
"9004159",371979,2025-07-03 03:35:42,42.4891014099121,-8.99738883972168,"Female"
"9004159",371979,2025-07-03 03:40:41,42.4891128540039,-8.99728107452393,"Female"
"9004159",371979,2025-07-03 03:45:40,42.4890632629395,-8.9972448348999,"Female"
"9004159",371979,2025-07-03 03:50:41,42.4891166687012,-8.99735641479492,"Female"
"9004159",371979,2025-07-03 03:55:41,42.4890632629395,-8.99722671508789,"Female"
"9004159",371979,2025-07-03 04:00:40,42.4890785217285,-8.9971866607666,"Female"
"9004159",371979,2025-07-03 04:05:40,42.4890174865723,-8.9971923828125,"Female"
"9004159",371979,2025-07-03 04:10:39,42.4890747070312,-8.99725914001465,"Female"
"9004159",371979,2025-07-03 04:15:39,42.4889907836914,-8.99721336364746,"Female"
"9004159",371979,2025-07-03 04:20:39,42.4890327453613,-8.99724006652832,"Female"
"9004159",371979,2025-07-03 04:25:40,42.4890098571777,-8.99714088439941,"Female"
"9004159",371979,2025-07-03 04:30:39,42.4889717102051,-8.99715328216553,"Female"
"9004159",371979,2025-07-03 04:35:40,42.4890289306641,-8.99717712402344,"Female"
"9004159",371979,2025-07-03 04:40:39,42.4890060424805,-8.99706840515137,"Female"
"9004159",371979,2025-07-03 04:45:39,42.4889526367188,-8.99707221984863,"Female"
"9004159",371979,2025-07-03 04:50:40,42.4890441894531,-8.9972562789917,"Female"
"9004159",371979,2025-07-03 04:55:40,42.4890670776367,-8.99721336364746,"Female"
"9004159",371979,2025-07-03 05:00:40,42.4891052246094,-8.9972448348999,"Female"
"9004159",371979,2025-07-03 05:05:40,42.4890899658203,-8.99722480773926,"Female"
"9004159",371979,2025-07-03 05:10:40,42.4894828796387,-8.99685478210449,"Female"
"9004159",371979,2025-07-03 05:15:40,42.4895515441895,-8.99702167510986,"Female"
"9004159",371979,2025-07-03 05:20:40,42.4895935058594,-8.99691963195801,"Female"
"9004159",371979,2025-07-03 05:25:39,42.4894752502441,-8.99678230285645,"Female"
"9004159",371979,2025-07-03 05:30:39,42.4895210266113,-8.99674415588379,"Female"
"9004159",371979,2025-07-03 05:35:40,42.4895286560059,-8.99690628051758,"Female"
"9004159",371979,2025-07-03 05:40:41,42.4895362854004,-8.99669647216797,"Female"
"9004159",371979,2025-07-03 05:45:43,42.4892997741699,-8.99696254730225,"Female"
"9004159",371979,2025-07-03 05:50:51,42.4897346496582,-8.99668979644775,"Female"
"9004159",371979,2025-07-03 05:55:42,42.489631652832,-8.99696731567383,"Female"
"9004159",371979,2025-07-03 06:00:48,42.490161895752,-8.99670124053955,"Female"
"9004159",371979,2025-07-03 06:05:40,42.4900016784668,-8.99666786193848,"Female"
"9004159",371979,2025-07-03 06:10:40,42.4899215698242,-8.99667930603027,"Female"
"9004159",371979,2025-07-03 06:15:40,42.4899597167969,-8.99666404724121,"Female"
"9004159",371979,2025-07-03 06:20:44,42.4898223876953,-8.99663734436035,"Female"
"9004159",371979,2025-07-03 06:25:41,42.4898834228516,-8.9968786239624,"Female"
"9004159",371979,2025-07-03 06:30:41,42.4898071289062,-8.99696636199951,"Female"
"9004159",371979,2025-07-03 06:35:41,42.4898071289062,-8.99680805206299,"Female"
"9004159",371979,2025-07-03 06:40:41,42.4898910522461,-8.99690818786621,"Female"
"9004159",371979,2025-07-03 06:45:40,42.4897613525391,-8.99681854248047,"Female"
"9004159",371979,2025-07-03 06:50:46,42.4897537231445,-8.9967098236084,"Female"
"9004159",371979,2025-07-03 06:55:42,42.4897499084473,-8.99688053131104,"Female"
"9004159",371979,2025-07-03 07:00:42,42.4897842407227,-8.99681663513184,"Female"
"9004159",371979,2025-07-03 07:05:42,42.489429473877,-8.99697780609131,"Female"
"9004159",371979,2025-07-03 07:10:41,42.489631652832,-8.9968900680542,"Female"
"9004159",371979,2025-07-03 07:15:47,42.4895858764648,-8.99678897857666,"Female"
"9004159",371979,2025-07-03 07:20:41,42.489688873291,-8.99690628051758,"Female"
"9004159",371979,2025-07-03 07:25:41,42.489501953125,-8.99650764465332,"Female"
"9004159",371979,2025-07-03 07:30:43,42.4898109436035,-8.99708652496338,"Female"
"9004159",371979,2025-07-03 07:35:40,42.4895401000977,-8.9967098236084,"Female"
"9004159",371979,2025-07-03 07:40:43,42.4894371032715,-8.99687957763672,"Female"
"9004159",371979,2025-07-03 07:45:43,42.4895248413086,-8.99663257598877,"Female"
"9004159",371979,2025-07-03 07:50:40,42.4892425537109,-8.9975414276123,"Female"
"9004159",371979,2025-07-03 07:55:42,42.489559173584,-8.99697875976562,"Female"
"9004159",371979,2025-07-03 08:00:46,42.4894142150879,-8.99687671661377,"Female"
"9004159",371979,2025-07-03 08:05:49,42.489444732666,-8.99691295623779,"Female"
"9004159",371979,2025-07-03 08:10:46,42.4894638061523,-8.99697589874268,"Female"
"9004159",371979,2025-07-03 08:15:46,42.4894485473633,-8.99700832366943,"Female"
"9004159",371979,2025-07-03 08:20:41,42.4894104003906,-8.9967794418335,"Female"
"9004159",371979,2025-07-03 08:25:41,42.4895248413086,-8.9970645904541,"Female"
"9004159",371979,2025-07-03 08:30:40,42.489616394043,-8.99738693237305,"Female"
"9004159",371979,2025-07-03 08:35:40,42.4895896911621,-8.99738502502441,"Female"
"9004159",371979,2025-07-03 08:40:40,42.4895935058594,-8.99747753143311,"Female"
"9004159",371979,2025-07-03 08:45:41,42.4946174621582,-9.00460815429688,"Female"
"9004159",371979,2025-07-03 08:51:41,42.5052299499512,-9.01970672607422,"Female"
"9004159",371979,2025-07-03 08:56:49,42.5078086853027,-9.02140426635742,"Female"
"9004159",371979,2025-07-03 09:01:41,42.5072250366211,-9.02412509918213,"Female"
"9004159",371979,2025-07-03 09:07:10,42.5122947692871,-9.01921558380127,"Female"
"9004159",371979,2025-07-03 09:12:11,42.5130462646484,-9.0180606842041,"Female"
"9004159",371979,2025-07-03 09:17:05,42.5132713317871,-9.01676750183105,"Female"
"9004159",371979,2025-07-03 09:22:27,42.5136070251465,-9.01591777801514,"Female"
"9004159",371979,2025-07-03 09:27:52,42.5134735107422,-9.01558017730713,"Female"
"9004159",371979,2025-07-03 09:33:20,42.5134620666504,-9.01726341247559,"Female"
"9004159",371979,2025-07-03 09:38:38,42.5134544372559,-9.0169849395752,"Female"
"9004159",371979,2025-07-03 09:43:53,42.5127639770508,-9.01639652252197,"Female"
"9004159",371979,2025-07-03 09:48:59,42.5127563476562,-9.01818752288818,"Female"
"9004159",371979,2025-07-03 09:54:04,42.5130615234375,-9.01738166809082,"Female"
"9004159",371979,2025-07-03 09:59:43,42.5147132873535,-9.01010036468506,"Female"
"9004159",371979,2025-07-03 10:04:43,42.5147743225098,-9.00968265533447,"Female"
"9004159",371979,2025-07-03 10:09:46,42.5145301818848,-9.00977516174316,"Female"
"9004159",371979,2025-07-03 10:14:42,42.5145263671875,-9.00952434539795,"Female"
"9004159",371979,2025-07-03 10:19:46,42.5144844055176,-9.00970649719238,"Female"
"9004159",371979,2025-07-03 10:24:47,42.5145149230957,-9.0095043182373,"Female"
"9004159",371979,2025-07-03 10:29:43,42.5144577026367,-9.00934505462646,"Female"
"9004159",371979,2025-07-03 10:34:46,42.5144500732422,-9.00925636291504,"Female"
"9004159",371979,2025-07-03 10:39:49,42.5144119262695,-9.0094747543335,"Female"
"9004159",371979,2025-07-03 10:44:51,42.5144348144531,-9.00915813446045,"Female"
"9004159",371979,2025-07-03 10:49:52,42.5144500732422,-9.00925445556641,"Female"
"9004159",371979,2025-07-03 10:54:52,42.5144538879395,-9.0094518661499,"Female"
"9004159",371979,2025-07-03 11:00:00,42.514518737793,-9.00954151153564,"Female"
"9004159",371979,2025-07-03 11:04:56,42.5144081115723,-9.00913238525391,"Female"
"9004159",371979,2025-07-03 11:09:43,42.5145263671875,-9.00959491729736,"Female"
"9004159",371979,2025-07-03 11:15:05,42.5143623352051,-9.01017189025879,"Female"
"9004159",371979,2025-07-03 11:19:41,42.514274597168,-9.01015090942383,"Female"
"9004159",371979,2025-07-03 11:24:46,42.5128059387207,-9.01357173919678,"Female"
"9004159",371979,2025-07-03 11:29:45,42.512451171875,-9.01511001586914,"Female"
"9004159",371979,2025-07-03 11:35:40,42.5136222839355,-9.01588344573975,"Female"
"9004159",371979,2025-07-03 11:44:22,42.5121841430664,-9.01565265655518,"Female"
"9004159",371979,2025-07-03 11:49:20,42.5119361877441,-9.01518535614014,"Female"
"9004159",371979,2025-07-03 11:54:20,42.510856628418,-9.01800060272217,"Female"
"9004159",371979,2025-07-03 11:59:21,42.5101547241211,-9.0200891494751,"Female"
"9004159",371979,2025-07-03 12:04:21,42.5049781799316,-9.01609134674072,"Female"
"9004159",371979,2025-07-03 12:09:20,42.5043678283691,-9.01838874816895,"Female"
"9004159",371979,2025-07-03 12:14:41,42.5141105651855,-9.01621913909912,"Female"
"9004159",371979,2025-07-03 12:19:49,42.5129089355469,-9.01395702362061,"Female"
"9004159",371979,2025-07-03 12:25:38,42.5115242004395,-9.01232242584229,"Female"
"9004159",371979,2025-07-03 12:30:40,42.5097808837891,-9.01225662231445,"Female"
"9004159",371979,2025-07-03 12:35:56,42.5091438293457,-9.01310157775879,"Female"
"9004159",371979,2025-07-03 12:41:46,42.5088386535645,-9.01227188110352,"Female"
"9004159",371979,2025-07-03 12:46:46,42.5099716186523,-9.01115894317627,"Female"
"9004159",371979,2025-07-03 12:51:47,42.5103187561035,-9.01195240020752,"Female"
"9004159",371979,2025-07-03 12:57:40,42.509952545166,-9.01360893249512,"Female"
"9004159",371979,2025-07-03 13:03:20,42.5102462768555,-9.01351833343506,"Female"
"9004159",371979,2025-07-03 13:09:38,42.5105590820312,-9.01173114776611,"Female"
"9004159",371979,2025-07-03 13:15:15,42.5108871459961,-9.01260566711426,"Female"
"9004159",371979,2025-07-03 13:20:22,42.5106811523438,-9.01185989379883,"Female"
"9004159",371979,2025-07-03 13:26:43,42.5117988586426,-9.01170253753662,"Female"
"9004159",371979,2025-07-03 13:31:37,42.5143814086914,-9.01038074493408,"Female"
"9004159",371979,2025-07-03 13:36:36,42.514331817627,-9.01033115386963,"Female"
"9004159",371979,2025-07-03 13:41:34,42.5143432617188,-9.01031112670898,"Female"
"9004159",371979,2025-07-03 13:46:34,42.5140190124512,-9.00994396209717,"Female"
"9004159",371979,2025-07-03 13:51:37,42.5143356323242,-9.01025676727295,"Female"
"9004159",371979,2025-07-03 13:56:49,42.5144805908203,-9.01047134399414,"Female"
"9004159",371979,2025-07-03 14:01:43,42.5142135620117,-9.00998878479004,"Female"
"9004159",371979,2025-07-03 14:06:40,42.5143814086914,-9.0102710723877,"Female"
"9004159",371979,2025-07-03 14:11:38,42.5143203735352,-9.01029586791992,"Female"
"9004159",371979,2025-07-03 14:16:34,42.514347076416,-9.01008796691895,"Female"
"9004159",371979,2025-07-03 14:21:34,42.5144157409668,-9.01012325286865,"Female"
"9004159",371979,2025-07-03 14:26:34,42.514289855957,-9.01014423370361,"Female"
"9004159",371979,2025-07-03 14:31:38,42.5143203735352,-9.01019477844238,"Female"
"9004159",371979,2025-07-03 14:36:34,42.5143928527832,-9.0100736618042,"Female"
"9004159",371979,2025-07-03 14:41:37,42.5143165588379,-9.01024055480957,"Female"
"9004159",371979,2025-07-03 14:46:41,42.5143089294434,-9.01021862030029,"Female"
"9004159",371979,2025-07-03 14:51:34,42.5143051147461,-9.01004505157471,"Female"
"9004159",371979,2025-07-03 14:56:39,42.5143585205078,-9.01024532318115,"Female"
"9004159",371979,2025-07-03 15:01:34,42.5142211914062,-9.01023483276367,"Female"
"9004159",371979,2025-07-03 15:06:37,42.5142822265625,-9.01020622253418,"Female"
"9004159",371979,2025-07-03 15:11:34,42.5117683410645,-9.01348304748535,"Female"
"9004159",371979,2025-07-03 15:17:32,42.511417388916,-9.01491355895996,"Female"
"9004159",371979,2025-07-03 15:22:37,42.5120620727539,-9.0175609588623,"Female"
"9004159",371979,2025-07-03 15:28:29,42.5123062133789,-9.01827239990234,"Female"
"9004159",371979,2025-07-03 15:33:58,42.5122032165527,-9.01813888549805,"Female"
"9004159",371979,2025-07-03 15:39:14,42.5089111328125,-9.02041435241699,"Female"
"9004159",371979,2025-07-03 15:44:17,42.5088806152344,-9.01831436157227,"Female"
"9004159",371979,2025-07-03 15:51:58,42.5090637207031,-9.01543521881104,"Female"
"9004159",371979,2025-07-03 15:58:04,42.5073509216309,-9.01368045806885,"Female"
"9004159",371979,2025-07-03 16:06:14,42.5112838745117,-9.01165103912354,"Female"
"9004159",371979,2025-07-03 16:12:28,42.5122032165527,-9.01345920562744,"Female"
"9004159",371979,2025-07-03 16:17:58,42.5130577087402,-9.01498413085938,"Female"
"9004159",371979,2025-07-03 16:26:04,42.5132789611816,-9.01594352722168,"Female"
"9004159",371979,2025-07-03 16:31:27,42.5115928649902,-9.01642227172852,"Female"
"9004159",371979,2025-07-03 16:36:27,42.5118827819824,-9.01559638977051,"Female"
"9004159",371979,2025-07-03 16:41:26,42.4895286560059,-8.99709510803223,"Female"
"9004159",371979,2025-07-03 16:46:27,42.488956451416,-8.996657371521,"Female"
"9004159",371979,2025-07-03 16:51:28,42.4888763427734,-8.99640941619873,"Female"
"9004159",371979,2025-07-03 16:56:28,42.4887542724609,-8.99615478515625,"Female"
"9004159",371979,2025-07-03 17:01:28,42.489086151123,-8.99682426452637,"Female"
"9004159",371979,2025-07-03 17:06:27,42.4888496398926,-8.99674129486084,"Female"
"9004159",371979,2025-07-03 17:11:27,42.4891090393066,-8.997389793396,"Female"
"9004159",371979,2025-07-03 17:16:26,42.4892768859863,-8.997727394104,"Female"
"9004159",371979,2025-07-03 17:21:28,42.4892883300781,-8.99769687652588,"Female"
"9004159",371979,2025-07-03 17:26:29,42.4892234802246,-8.99748516082764,"Female"
"9004159",371979,2025-07-03 17:31:26,42.4892349243164,-8.99753284454346,"Female"
"9004159",371979,2025-07-03 17:36:26,42.4891929626465,-8.99747943878174,"Female"
"9004159",371979,2025-07-03 17:41:26,42.4892654418945,-8.99773788452148,"Female"
"9004159",371979,2025-07-03 17:46:29,42.4892272949219,-8.99752616882324,"Female"
"9004159",371979,2025-07-03 17:51:27,42.4890098571777,-8.99748229980469,"Female"
"9004159",371979,2025-07-03 17:56:35,42.4892959594727,-8.99769306182861,"Female"
"9004159",371979,2025-07-03 18:01:29,42.4893646240234,-8.99770545959473,"Female"
"9004159",371979,2025-07-03 18:06:44,42.4890365600586,-8.99676895141602,"Female"
"9004159",371979,2025-07-03 18:11:29,42.4889068603516,-8.99690341949463,"Female"
"9004159",371979,2025-07-03 18:16:29,42.4887237548828,-8.99711036682129,"Female"
"9004159",371979,2025-07-03 18:21:28,42.4891929626465,-8.99661159515381,"Female"
"9004159",371979,2025-07-03 18:26:27,42.4886932373047,-8.9971923828125,"Female"
"9004159",371979,2025-07-03 18:31:31,42.4886474609375,-8.9978084564209,"Female"
"9004159",371979,2025-07-03 18:36:30,42.489559173584,-8.9963903427124,"Female"
"9004159",371979,2025-07-03 18:41:36,42.489086151123,-8.99722957611084,"Female"
"9004159",371979,2025-07-03 18:46:30,42.4890098571777,-8.99735450744629,"Female"
"9004159",371979,2025-07-03 18:51:34,42.4890899658203,-8.998046875,"Female"
"9004159",371979,2025-07-03 18:56:33,42.4890403747559,-8.99775123596191,"Female"
"9004159",371979,2025-07-03 19:01:33,42.4889831542969,-8.9974536895752,"Female"
"9004159",371979,2025-07-03 19:06:29,42.4892539978027,-8.99711990356445,"Female"
"9004159",371979,2025-07-03 19:11:36,42.4889869689941,-8.99692153930664,"Female"
"9004159",371979,2025-07-03 19:16:29,42.4889602661133,-8.99680995941162,"Female"
"9004159",371979,2025-07-03 19:21:29,42.4890594482422,-8.9968204498291,"Female"
"9004159",371979,2025-07-03 19:26:33,42.488941192627,-8.99740314483643,"Female"
"9004159",371979,2025-07-03 19:31:30,42.4890251159668,-8.99683666229248,"Female"
"9004159",371979,2025-07-03 19:36:41,42.4889335632324,-8.99706077575684,"Female"
"9004159",371979,2025-07-03 19:41:29,42.4889755249023,-8.99685001373291,"Female"
"9004159",371979,2025-07-03 19:46:28,42.4889335632324,-8.99709129333496,"Female"
"9004159",371979,2025-07-03 19:51:31,42.490119934082,-8.9956169128418,"Female"
"9004159",371979,2025-07-03 19:56:28,42.4893455505371,-8.99664688110352,"Female"
"9004159",371979,2025-07-03 20:01:31,42.4889221191406,-8.99699115753174,"Female"
"9004159",371979,2025-07-03 20:06:31,42.4890098571777,-8.99709796905518,"Female"
"9004159",371979,2025-07-03 20:11:30,42.4890403747559,-8.9968433380127,"Female"
"9004159",371979,2025-07-03 20:16:34,42.4891777038574,-8.99668025970459,"Female"
"9004159",371979,2025-07-03 20:21:30,42.4890747070312,-8.99686431884766,"Female"
"9004159",371979,2025-07-03 20:26:30,42.489315032959,-8.99745178222656,"Female"
"9004159",371979,2025-07-03 20:31:59,42.4890098571777,-8.99707984924316,"Female"
"9004159",371979,2025-07-03 20:36:27,42.4890785217285,-8.99710083007812,"Female"
"9004159",371979,2025-07-03 20:41:27,42.4888763427734,-8.99709415435791,"Female"
"9004159",371979,2025-07-03 20:46:31,42.4892044067383,-8.99709606170654,"Female"
"9004159",371979,2025-07-03 20:51:30,42.4893608093262,-8.99711418151855,"Female"
"9004159",371979,2025-07-03 20:56:30,42.4893493652344,-8.99713039398193,"Female"
"9004159",371979,2025-07-03 21:01:29,42.4892959594727,-8.99711990356445,"Female"
"9004159",371979,2025-07-03 21:06:28,42.4886856079102,-8.99702835083008,"Female"
"9004159",371979,2025-07-03 21:11:29,42.4891166687012,-8.99712085723877,"Female"
"9004159",371979,2025-07-03 21:16:31,42.4889144897461,-8.99711036682129,"Female"
"9004159",371979,2025-07-03 21:21:35,42.488883972168,-8.99711608886719,"Female"
"9004159",371979,2025-07-03 21:26:42,42.4890518188477,-8.99711799621582,"Female"
"9004159",371979,2025-07-03 21:31:37,42.4889183044434,-8.99716281890869,"Female"
"9004159",371979,2025-07-03 21:36:35,42.4891662597656,-8.99701499938965,"Female"
"9004159",371979,2025-07-03 21:41:34,42.4890632629395,-8.99692821502686,"Female"
"9004159",371979,2025-07-03 21:46:31,42.4888534545898,-8.997239112854,"Female"
"9004159",371979,2025-07-03 21:51:37,42.4889335632324,-8.99724674224854,"Female"
"9004159",371979,2025-07-03 21:56:41,42.4887237548828,-8.99747467041016,"Female"
"9004159",371979,2025-07-03 22:01:43,42.4889297485352,-8.99724864959717,"Female"
"9004159",371979,2025-07-03 22:06:31,42.489013671875,-8.99724006652832,"Female"
"9004159",371979,2025-07-03 22:11:38,42.4889602661133,-8.99726009368896,"Female"
"9004159",371979,2025-07-03 22:16:37,42.4889831542969,-8.99720191955566,"Female"
"9004159",371979,2025-07-03 22:21:34,42.4889984130859,-8.99708938598633,"Female"
"9004159",371979,2025-07-03 22:26:39,42.4890899658203,-8.99714946746826,"Female"
"9004159",371979,2025-07-03 22:31:37,42.4890403747559,-8.99726486206055,"Female"
"9004159",371979,2025-07-03 22:36:30,42.4892425537109,-8.99749279022217,"Female"
"9004159",371979,2025-07-03 22:41:42,42.4889335632324,-8.99715518951416,"Female"
"9004159",371979,2025-07-03 22:46:30,42.4893455505371,-8.99703025817871,"Female"
"9004159",371979,2025-07-03 22:51:48,42.4891014099121,-8.99689865112305,"Female"
"9004159",371979,2025-07-03 22:56:31,42.4890060424805,-8.99699401855469,"Female"
"9004159",371979,2025-07-03 23:01:36,42.4892883300781,-8.99699878692627,"Female"
"9004159",371979,2025-07-03 23:06:30,42.4891090393066,-8.99695873260498,"Female"
"9004159",371979,2025-07-03 23:11:40,42.4889640808105,-8.99677753448486,"Female"
"9004159",371979,2025-07-03 23:16:28,42.4891891479492,-8.99694728851318,"Female"
"9004159",371979,2025-07-03 23:21:36,42.4887351989746,-8.99803733825684,"Female"
"9004159",371979,2025-07-03 23:26:35,42.4887580871582,-8.99799919128418,"Female"
"9004159",371979,2025-07-03 23:31:45,42.4887771606445,-8.99790287017822,"Female"
"9004159",371979,2025-07-03 23:36:36,42.4886856079102,-8.99802494049072,"Female"
"9004159",371979,2025-07-03 23:41:37,42.4887199401855,-8.9974250793457,"Female"
"9004159",371979,2025-07-03 23:46:58,42.4886245727539,-8.99766445159912,"Female"
"9004159",371979,2025-07-03 23:51:31,42.4883270263672,-8.99821758270264,"Female"
"9004159",371979,2025-07-03 23:56:36,42.4884147644043,-8.99789142608643,"Female"
"9004159",371979,2025-07-04 00:01:51,42.489688873291,-8.99718284606934,"Female"
"9004159",371979,2025-07-04 00:06:41,42.489616394043,-8.99721336364746,"Female"
"9004159",371979,2025-07-04 00:11:36,42.4893569946289,-8.99718570709229,"Female"
"9004159",371979,2025-07-04 00:16:41,42.4889068603516,-8.99730396270752,"Female"
"9004159",371979,2025-07-04 00:21:34,42.4891586303711,-8.99660873413086,"Female"
"9004159",371979,2025-07-04 00:26:35,42.4890632629395,-8.99711322784424,"Female"
"9004159",371979,2025-07-04 00:31:27,42.4886894226074,-8.99681186676025,"Female"
"9004159",371979,2025-07-04 00:36:29,42.4890899658203,-8.9970703125,"Female"
"9004159",371979,2025-07-04 00:41:33,42.4890556335449,-8.99711990356445,"Female"
"9004159",371979,2025-07-04 00:46:44,42.4890975952148,-8.99714374542236,"Female"
"9004159",371979,2025-07-04 00:51:27,42.4888610839844,-8.99699687957764,"Female"
"9004159",371979,2025-07-04 00:56:27,42.4887466430664,-8.99683475494385,"Female"
"9004159",371979,2025-07-04 01:01:29,42.4889869689941,-8.99703693389893,"Female"
"9004159",371979,2025-07-04 01:06:28,42.4890289306641,-8.99706172943115,"Female"
"9004159",371979,2025-07-04 01:11:27,42.4888877868652,-8.99701309204102,"Female"
"9004159",371979,2025-07-04 01:16:28,42.4887924194336,-8.99692916870117,"Female"
"9004159",371979,2025-07-04 01:21:27,42.4888725280762,-8.99693393707275,"Female"
"9004159",371979,2025-07-04 01:26:30,42.4891014099121,-8.99716567993164,"Female"
"9004159",371979,2025-07-04 01:31:44,42.4890937805176,-8.99718952178955,"Female"
"9004159",371979,2025-07-04 01:36:27,42.4889717102051,-8.99712371826172,"Female"
"9004159",371979,2025-07-04 01:41:30,42.4891242980957,-8.99722957611084,"Female"
"9004159",371979,2025-07-04 01:46:29,42.4892730712891,-8.9973669052124,"Female"
"9004159",371979,2025-07-04 01:51:29,42.4895133972168,-8.99758243560791,"Female"
"9004159",371979,2025-07-04 01:56:29,42.489086151123,-8.99725341796875,"Female"
"9004159",371979,2025-07-04 02:01:30,42.4893569946289,-8.99742317199707,"Female"
"9004159",371979,2025-07-04 02:06:31,42.4893684387207,-8.99734973907471,"Female"
"9004159",371979,2025-07-04 02:11:29,42.4893341064453,-8.99740028381348,"Female"
"9004159",371979,2025-07-04 02:16:44,42.4889793395996,-8.99713039398193,"Female"
"9004159",371979,2025-07-04 02:21:30,42.4890518188477,-8.99686717987061,"Female"
"9004159",371979,2025-07-04 02:26:30,42.488941192627,-8.99709320068359,"Female"
"9004159",371979,2025-07-04 02:31:30,42.4890327453613,-8.99725532531738,"Female"
"9004159",371979,2025-07-04 02:36:30,42.4889717102051,-8.9970121383667,"Female"
"9004159",371979,2025-07-04 02:41:30,42.4894790649414,-8.99741458892822,"Female"
"9004159",371979,2025-07-04 02:46:39,42.4895057678223,-8.99747467041016,"Female"
"9004159",371979,2025-07-04 02:51:33,42.4896812438965,-8.99755382537842,"Female"
"9004159",371979,2025-07-04 02:56:34,42.4895057678223,-8.99748992919922,"Female"
"9004159",371979,2025-07-04 03:01:36,42.4895362854004,-8.99759292602539,"Female"
"9004159",371979,2025-07-04 03:06:46,42.4891777038574,-8.99723434448242,"Female"
"9004159",371979,2025-07-04 03:11:44,42.4895896911621,-8.99757862091064,"Female"
"9004159",371979,2025-07-04 03:16:51,42.4896430969238,-8.99753284454346,"Female"
"9004159",371979,2025-07-04 03:21:38,42.489501953125,-8.99738502502441,"Female"
"9004159",371979,2025-07-04 03:26:59,42.4892921447754,-8.99707126617432,"Female"
"9004159",371979,2025-07-04 03:31:29,42.4897689819336,-8.99890613555908,"Female"
"9004159",371979,2025-07-04 03:36:30,42.4890518188477,-8.99742889404297,"Female"
"9004159",371979,2025-07-04 03:41:36,42.4889831542969,-8.99711036682129,"Female"
"9004159",371979,2025-07-04 03:46:29,42.4891395568848,-8.99742794036865,"Female"
"9004159",371979,2025-07-04 03:51:35,42.4890060424805,-8.99708461761475,"Female"
"9004159",371979,2025-07-04 03:56:31,42.488941192627,-8.99706172943115,"Female"
"9004159",371979,2025-07-04 04:01:28,42.4891700744629,-8.99731254577637,"Female"
"9004159",371979,2025-07-04 04:06:28,42.488899230957,-8.99688243865967,"Female"
"9004159",371979,2025-07-04 04:11:36,42.4889831542969,-8.99709701538086,"Female"
"9004159",371979,2025-07-04 04:16:28,42.4889640808105,-8.99717807769775,"Female"
"9004159",371979,2025-07-04 04:21:28,42.4891166687012,-8.99735355377197,"Female"
"9004159",371979,2025-07-04 04:26:27,42.489128112793,-8.99730968475342,"Female"
"9004159",371979,2025-07-04 04:31:27,42.489070892334,-8.99727630615234,"Female"
"9004159",371979,2025-07-04 04:36:27,42.4890747070312,-8.99734401702881,"Female"
"9004159",371979,2025-07-04 04:41:27,42.4891471862793,-8.99734497070312,"Female"
"9004159",371979,2025-07-04 04:46:30,42.4893379211426,-8.99718189239502,"Female"
"9004159",371979,2025-07-04 04:51:29,42.4890594482422,-8.99720478057861,"Female"
"9004159",371979,2025-07-04 04:56:28,42.4891967773438,-8.99712657928467,"Female"
"9004159",371979,2025-07-04 05:01:33,42.4889907836914,-8.99727153778076,"Female"
"9004159",371979,2025-07-04 05:06:28,42.4890594482422,-8.9972448348999,"Female"
"9004159",371979,2025-07-04 05:11:30,42.489013671875,-8.99712562561035,"Female"
"9004159",371979,2025-07-04 05:16:27,42.4890327453613,-8.99712467193604,"Female"
"9004159",371979,2025-07-04 05:21:29,42.4891548156738,-8.99714279174805,"Female"
"9004159",371979,2025-07-04 05:26:31,42.489200592041,-8.99701499938965,"Female"
"9004159",371979,2025-07-04 05:31:33,42.4891929626465,-8.9969310760498,"Female"
"9004159",371979,2025-07-04 05:36:31,42.4890556335449,-8.99707221984863,"Female"
"9004159",371979,2025-07-04 05:41:37,42.4891090393066,-8.99701881408691,"Female"
"9004159",371979,2025-07-04 05:46:37,42.4892349243164,-8.99698257446289,"Female"
"9004159",371979,2025-07-04 05:51:37,42.4891548156738,-8.99706935882568,"Female"
"9004159",371979,2025-07-04 05:56:37,42.4891777038574,-8.99697875976562,"Female"
"9004159",371979,2025-07-04 06:01:35,42.4892425537109,-8.99701976776123,"Female"
"9004159",371979,2025-07-04 06:06:35,42.4894027709961,-8.99671936035156,"Female"
"9004159",371979,2025-07-04 06:11:33,42.4890632629395,-8.99682807922363,"Female"
"9004159",371979,2025-07-04 06:16:33,42.489128112793,-8.99686908721924,"Female"
"9004159",371979,2025-07-04 06:21:34,42.4892501831055,-8.99724006652832,"Female"
"9004159",371979,2025-07-04 06:26:31,42.4891967773438,-8.99725723266602,"Female"
"9004159",371979,2025-07-04 06:31:36,42.4891510009766,-8.9969425201416,"Female"
"9004159",371979,2025-07-04 06:36:30,42.4889640808105,-8.99553966522217,"Female"
"9004159",371979,2025-07-04 06:41:29,42.488899230957,-8.99557971954346,"Female"
"9004159",371979,2025-07-04 06:46:31,42.4887428283691,-8.99672222137451,"Female"
"9004159",371979,2025-07-04 06:51:29,42.4889526367188,-8.9956636428833,"Female"
"9004159",371979,2025-07-04 06:56:35,42.4896278381348,-8.996506690979,"Female"
"9004159",371979,2025-07-04 07:01:36,42.4896659851074,-8.99647045135498,"Female"
"9004159",371979,2025-07-04 07:06:36,42.4896392822266,-8.9964656829834,"Female"
"9004159",371979,2025-07-04 07:11:47,42.4896240234375,-8.99648475646973,"Female"
"9004159",371979,2025-07-04 07:16:40,42.4896621704102,-8.99645233154297,"Female"
"9004159",371979,2025-07-04 07:21:36,42.4895706176758,-8.99650955200195,"Female"
"9004159",371979,2025-07-04 07:26:36,42.4890022277832,-8.99652671813965,"Female"
"9004159",371979,2025-07-04 07:31:36,42.4892387390137,-8.99654388427734,"Female"
"9004159",371979,2025-07-04 07:36:38,42.4892120361328,-8.99643135070801,"Female"
"9004159",371979,2025-07-04 07:41:36,42.4896087646484,-8.99661254882812,"Female"
"9004159",371979,2025-07-04 07:46:38,42.4896965026855,-8.99631690979004,"Female"
"9004159",371979,2025-07-04 07:51:43,42.4894027709961,-8.99707698822021,"Female"
"9004159",371979,2025-07-04 07:56:27,42.4895782470703,-8.99681377410889,"Female"
"9004159",371979,2025-07-04 08:01:30,42.4893379211426,-8.996750831604,"Female"
"9004159",371979,2025-07-04 08:06:30,42.4895095825195,-8.99677181243896,"Female"
"9004159",371979,2025-07-04 08:11:37,42.4895553588867,-8.99693012237549,"Female"
"9004159",371979,2025-07-04 08:16:36,42.4893798828125,-8.99701499938965,"Female"
"9004159",371979,2025-07-04 08:21:37,42.4893989562988,-8.99701690673828,"Female"
"9004159",371979,2025-07-04 08:26:37,42.4894371032715,-8.99690628051758,"Female"
"9004159",371979,2025-07-04 08:31:35,42.4893951416016,-8.9969425201416,"Female"
"9004159",371979,2025-07-04 08:36:29,42.4893379211426,-8.99687576293945,"Female"
"9004159",371979,2025-07-04 08:41:28,42.4894485473633,-8.99685478210449,"Female"
"9004159",371979,2025-07-04 08:46:33,42.4893913269043,-8.9968786239624,"Female"
"9004159",371979,2025-07-04 08:51:33,42.4893989562988,-8.99679756164551,"Female"
"9004159",371979,2025-07-04 08:56:29,42.4882507324219,-8.99743270874023,"Female"
"9004159",371979,2025-07-04 09:01:36,42.4893226623535,-8.99669170379639,"Female"
"9004159",371979,2025-07-04 09:06:44,42.4893569946289,-8.99671840667725,"Female"
"9004159",371979,2025-07-04 09:11:27,42.4954948425293,-9.00819110870361,"Female"
"9004159",371979,2025-07-04 09:17:07,42.5079002380371,-9.02304267883301,"Female"
"9004159",371979,2025-07-04 09:22:52,42.5080642700195,-9.02262306213379,"Female"
"9004159",371979,2025-07-04 09:27:52,42.5094184875488,-9.02528858184814,"Female"
"9004159",371979,2025-07-04 09:32:52,42.5401000976562,-9.05232334136963,"Female"
"9004159",371979,2025-07-04 09:37:55,42.5499076843262,-9.05531787872314,"Female"
"9004159",371979,2025-07-04 09:42:52,42.5478134155273,-9.0565242767334,"Female"
"9004159",371979,2025-07-04 09:49:05,42.5508728027344,-9.05684757232666,"Female"
"9004159",371979,2025-07-04 09:53:13,42.5632591247559,-9.06146049499512,"Female"
"9004159",371979,2025-07-04 09:58:12,42.563777923584,-9.06117248535156,"Female"
"9004159",371979,2025-07-04 10:09:27,42.5630035400391,-9.05967140197754,"Female"
"9004159",371979,2025-07-04 10:14:22,42.5665817260742,-9.04868412017822,"Female"
"9004159",371979,2025-07-04 10:19:22,42.5666580200195,-9.04807281494141,"Female"
"9004159",371979,2025-07-04 10:24:22,42.5667953491211,-9.04792022705078,"Female"
"9004159",371979,2025-07-04 10:29:23,42.566535949707,-9.04783248901367,"Female"
"9004159",371979,2025-07-04 10:34:22,42.5664901733398,-9.04793548583984,"Female"
"9004159",371979,2025-07-04 10:39:22,42.5665283203125,-9.04788589477539,"Female"
"9004159",371979,2025-07-04 10:44:24,42.5663986206055,-9.04789638519287,"Female"
"9004159",371979,2025-07-04 10:49:28,42.5671844482422,-9.04818725585938,"Female"
"9004159",371979,2025-07-04 10:54:44,42.5670356750488,-9.04824256896973,"Female"
"9004159",371979,2025-07-04 10:59:23,42.5669097900391,-9.04825115203857,"Female"
"9004159",371979,2025-07-04 11:04:22,42.5671691894531,-9.04828643798828,"Female"
"9004159",371979,2025-07-04 11:09:22,42.5669174194336,-9.04819774627686,"Female"
"9004159",371979,2025-07-04 11:14:22,42.5670280456543,-9.04829883575439,"Female"
"9004159",371979,2025-07-04 11:19:22,42.5668106079102,-9.04823589324951,"Female"
"9004159",371979,2025-07-04 11:24:22,42.5670280456543,-9.04828643798828,"Female"
"9004159",371979,2025-07-04 11:29:22,42.5667266845703,-9.04821300506592,"Female"
"9004159",371979,2025-07-04 11:34:22,42.5669212341309,-9.04825115203857,"Female"
"9004159",371979,2025-07-04 11:39:22,42.566837310791,-9.0482120513916,"Female"
"9004159",371979,2025-07-04 11:44:22,42.5668029785156,-9.04811382293701,"Female"
"9004159",371979,2025-07-04 11:49:22,42.56689453125,-9.04821491241455,"Female"
"9004159",371979,2025-07-04 11:54:22,42.5666961669922,-9.04941844940186,"Female"
"9004159",371979,2025-07-04 11:59:22,42.5665969848633,-9.0517463684082,"Female"
"9004159",371979,2025-07-04 12:04:23,42.5664596557617,-9.05432319641113,"Female"
"9004159",371979,2025-07-04 12:09:22,42.5632781982422,-9.05628395080566,"Female"
"9004159",371979,2025-07-04 12:14:22,42.5633277893066,-9.05785751342773,"Female"
"9004159",371979,2025-07-04 12:19:22,42.5635948181152,-9.05931663513184,"Female"
"9004159",371979,2025-07-04 12:24:23,42.5637321472168,-9.0605993270874,"Female"
"9004159",371979,2025-07-04 12:29:38,42.563835144043,-9.0617094039917,"Female"
"9004159",371979,2025-07-04 12:34:52,42.5632095336914,-9.06121158599854,"Female"
"9004159",371979,2025-07-04 12:40:23,42.564079284668,-9.06027030944824,"Female"
"9004159",371979,2025-07-04 12:44:51,42.564136505127,-9.05870819091797,"Female"
"9004159",371979,2025-07-04 12:49:53,42.5644264221191,-9.05883884429932,"Female"
"9004159",371979,2025-07-04 12:54:51,42.5657005310059,-9.05383586883545,"Female"
"9004159",371979,2025-07-04 12:59:51,42.5665969848633,-9.04830551147461,"Female"
"9004159",371979,2025-07-04 13:04:51,42.5666313171387,-9.04822731018066,"Female"
"9004159",371979,2025-07-04 13:09:51,42.5667991638184,-9.0480432510376,"Female"
"9004159",371979,2025-07-04 13:14:51,42.5666542053223,-9.04822444915771,"Female"
"9004159",371979,2025-07-04 13:19:51,42.566764831543,-9.0480785369873,"Female"
"9004159",371979,2025-07-04 13:24:51,42.5667343139648,-9.04816627502441,"Female"
"9004159",371979,2025-07-04 13:29:51,42.5667037963867,-9.04818916320801,"Female"
"9004159",371979,2025-07-04 13:34:51,42.5667266845703,-9.0481538772583,"Female"
"9004159",371979,2025-07-04 13:39:51,42.566707611084,-9.04816150665283,"Female"
"9004159",371979,2025-07-04 13:44:51,42.5666465759277,-9.04846096038818,"Female"
"9004159",371979,2025-07-04 13:49:55,42.5695152282715,-9.05775547027588,"Female"
"9004159",371979,2025-07-04 13:54:54,42.5689735412598,-9.05885791778564,"Female"
"9004159",371979,2025-07-04 13:59:52,42.5688171386719,-9.05920600891113,"Female"
"9004159",371979,2025-07-04 14:04:51,42.5680770874023,-9.05865097045898,"Female"
"9004159",371979,2025-07-04 14:09:51,42.5671653747559,-9.05832767486572,"Female"
"9004159",371979,2025-07-04 14:15:35,42.5658531188965,-9.05790615081787,"Female"
"9004159",371979,2025-07-04 14:19:51,42.5653762817383,-9.05809688568115,"Female"
"9004159",371979,2025-07-04 14:24:51,42.5643157958984,-9.05791568756104,"Female"
"9004159",371979,2025-07-04 14:29:51,42.5566596984863,-9.0554084777832,"Female"
"9004159",371979,2025-07-04 14:34:51,42.5200614929199,-9.04444217681885,"Female"
"9004159",371979,2025-07-04 14:39:54,42.4985122680664,-9.01464176177979,"Female"
"9004159",371979,2025-07-04 14:44:51,42.4984741210938,-9.0146312713623,"Female"
"9004159",371979,2025-07-04 14:49:51,42.4985237121582,-9.01466369628906,"Female"
"9004159",371979,2025-07-04 14:54:51,42.4985122680664,-9.01463222503662,"Female"
"9004159",371979,2025-07-04 14:59:55,42.4985389709473,-9.01463794708252,"Female"
"9004159",371979,2025-07-04 15:04:55,42.4984474182129,-9.01458835601807,"Female"
"9004159",371979,2025-07-04 15:09:55,42.4989624023438,-9.01503753662109,"Female"
"9004159",371979,2025-07-04 15:14:53,42.4985847473145,-9.01463985443115,"Female"
"9004159",371979,2025-07-04 15:19:51,42.4984970092773,-9.0145845413208,"Female"
"9004159",371979,2025-07-04 15:25:14,42.4987335205078,-9.01489353179932,"Female"
"9004159",371979,2025-07-04 15:29:51,42.4987144470215,-9.01483726501465,"Female"
"9004159",371979,2025-07-04 15:34:52,42.4987487792969,-9.0149507522583,"Female"
"9004159",371979,2025-07-04 15:39:53,42.4987869262695,-9.01500988006592,"Female"
"9004159",371979,2025-07-04 15:44:51,42.4986953735352,-9.01486492156982,"Female"
"9004159",371979,2025-07-04 15:50:14,42.4987449645996,-9.01491737365723,"Female"
"9004159",371979,2025-07-04 15:54:52,42.498649597168,-9.01476383209229,"Female"
"9004159",371979,2025-07-04 15:59:51,42.4986228942871,-9.01473903656006,"Female"
"9004159",371979,2025-07-04 16:04:51,42.498649597168,-9.01473331451416,"Female"
"9004159",371979,2025-07-04 16:09:50,42.498836517334,-9.01511859893799,"Female"
"9004159",371979,2025-07-04 16:14:51,42.4989051818848,-9.01517772674561,"Female"
"9004159",371979,2025-07-04 16:19:51,42.4987411499023,-9.01483631134033,"Female"
"9004159",371979,2025-07-04 16:24:51,42.4986381530762,-9.01493358612061,"Female"
"9004159",371979,2025-07-04 16:29:52,42.4987144470215,-9.01502227783203,"Female"
"9004159",371979,2025-07-04 16:34:51,42.4986877441406,-9.01501369476318,"Female"
"9004159",371979,2025-07-04 16:39:51,42.4986038208008,-9.01510238647461,"Female"
"9004159",371979,2025-07-04 16:44:51,42.4985961914062,-9.01511001586914,"Female"
"9004159",371979,2025-07-04 16:49:51,42.4986152648926,-9.01488971710205,"Female"
"9004159",371979,2025-07-04 16:54:51,42.4987373352051,-9.01505088806152,"Female"
"9004159",371979,2025-07-04 16:59:52,42.4986343383789,-9.01495265960693,"Female"
"9004159",371979,2025-07-04 17:04:51,42.4986190795898,-9.01490688323975,"Female"
"9004159",371979,2025-07-04 17:09:52,42.4985961914062,-9.01492786407471,"Female"
"9004159",371979,2025-07-04 17:14:52,42.4986305236816,-9.01483154296875,"Female"
"9004159",371979,2025-07-04 17:19:53,42.4984436035156,-9.01507472991943,"Female"
"9004159",371979,2025-07-04 17:24:51,42.4985580444336,-9.01487064361572,"Female"
"9004159",371979,2025-07-04 17:29:52,42.4989471435547,-9.01526260375977,"Female"
"9004159",371979,2025-07-04 17:40:00,42.4923782348633,-9.00111389160156,"Female"
"9004159",371979,2025-07-04 17:44:52,42.4898223876953,-8.99730587005615,"Female"
"9004159",371979,2025-07-04 17:50:14,42.4897384643555,-8.99729633331299,"Female"
"9004159",371979,2025-07-04 17:54:51,42.4895935058594,-8.99729061126709,"Female"
"9004159",371979,2025-07-04 17:59:51,42.4891242980957,-8.99759769439697,"Female"
"9004159",371979,2025-07-04 18:04:51,42.489315032959,-8.9980640411377,"Female"
"9004159",371979,2025-07-04 18:10:23,42.4895210266113,-8.99704551696777,"Female"
"9004159",371979,2025-07-04 18:14:50,42.4894828796387,-8.99685955047607,"Female"
"9004159",371979,2025-07-04 18:19:50,42.4893760681152,-8.99690055847168,"Female"
"9004159",371979,2025-07-04 18:24:50,42.4890365600586,-8.99727725982666,"Female"
"9004159",371979,2025-07-04 18:29:50,42.4887733459473,-8.99718284606934,"Female"
"9004159",371979,2025-07-04 18:34:50,42.4888381958008,-8.99712562561035,"Female"
"9004159",371979,2025-07-04 18:39:50,42.4888763427734,-8.99707221984863,"Female"
"9004159",371979,2025-07-04 18:44:50,42.4888381958008,-8.99706172943115,"Female"
"9004159",371979,2025-07-04 18:49:51,42.488883972168,-8.99703979492188,"Female"
"9004159",371979,2025-07-04 18:54:51,42.488826751709,-8.99712085723877,"Female"
"9004159",371979,2025-07-04 18:59:50,42.4888343811035,-8.99707889556885,"Female"
"9004159",371979,2025-07-04 19:04:51,42.4888534545898,-8.99702644348145,"Female"
"9004159",371979,2025-07-04 19:09:50,42.488899230957,-8.99696636199951,"Female"
"9004159",371979,2025-07-04 19:14:50,42.4888687133789,-8.9970531463623,"Female"
"9004159",371979,2025-07-04 19:19:50,42.4888763427734,-8.996994972229,"Female"
"9004159",371979,2025-07-04 19:24:50,42.4888954162598,-8.99702262878418,"Female"
"9004159",371979,2025-07-04 19:29:50,42.4888305664062,-8.99705505371094,"Female"
"9004159",371979,2025-07-04 19:34:50,42.4888381958008,-8.99707126617432,"Female"
"9004159",371979,2025-07-04 19:39:50,42.4888114929199,-8.99702739715576,"Female"
"9004159",371979,2025-07-04 19:44:50,42.4889106750488,-8.99697113037109,"Female"
"9004159",371979,2025-07-04 19:49:52,42.4888648986816,-8.9970006942749,"Female"
"9004159",371979,2025-07-04 19:54:51,42.4888801574707,-8.99704074859619,"Female"
"9004159",371979,2025-07-04 19:59:51,42.4888877868652,-8.99698352813721,"Female"
"9004159",371979,2025-07-04 20:04:51,42.488941192627,-8.99706935882568,"Female"
"9004159",371979,2025-07-04 20:09:52,42.4888458251953,-8.996994972229,"Female"
"9004159",371979,2025-07-04 20:14:50,42.4888496398926,-8.99705600738525,"Female"
"9004159",371979,2025-07-04 20:19:52,42.4888877868652,-8.99698066711426,"Female"
"9004159",371979,2025-07-04 20:24:51,42.4888954162598,-8.99701118469238,"Female"
"9004159",371979,2025-07-04 20:29:51,42.4889945983887,-8.99711990356445,"Female"
"9004159",371979,2025-07-04 20:34:51,42.488899230957,-8.99707794189453,"Female"
"9004159",371979,2025-07-04 20:39:51,42.4888381958008,-8.99696159362793,"Female"
"9004159",371979,2025-07-04 20:44:51,42.4889183044434,-8.99705219268799,"Female"
"9004159",371979,2025-07-04 20:49:51,42.4889144897461,-8.99704933166504,"Female"
"9004159",371979,2025-07-04 20:54:52,42.4888916015625,-8.99715137481689,"Female"
"9004159",371979,2025-07-04 20:59:52,42.4888916015625,-8.99711799621582,"Female"
"9004159",371979,2025-07-04 21:04:52,42.4889068603516,-8.99712371826172,"Female"
"9004159",371979,2025-07-04 21:09:51,42.488941192627,-8.99702644348145,"Female"
"9004159",371979,2025-07-04 21:14:51,42.4888954162598,-8.99708938598633,"Female"
"9004159",371979,2025-07-04 21:20:00,42.4889373779297,-8.9970703125,"Female"
"9004159",371979,2025-07-04 21:24:51,42.488883972168,-8.99708938598633,"Female"
"9004159",371979,2025-07-04 21:29:52,42.4888801574707,-8.99704551696777,"Female"
"9004159",371979,2025-07-04 21:34:53,42.4890060424805,-8.99712371826172,"Female"
"9004159",371979,2025-07-04 21:39:51,42.4891395568848,-8.99709129333496,"Female"
"9004159",371979,2025-07-04 21:44:52,42.488826751709,-8.99683856964111,"Female"
"9004159",371979,2025-07-04 21:49:51,42.4888763427734,-8.99691295623779,"Female"
"9004159",371979,2025-07-04 21:54:51,42.4889068603516,-8.99697303771973,"Female"
"9004159",371979,2025-07-04 21:59:51,42.4890327453613,-8.99709320068359,"Female"
"9004159",371979,2025-07-04 22:04:51,42.4889030456543,-8.99735355377197,"Female"
"9004159",371979,2025-07-04 22:09:51,42.4889755249023,-8.99703025817871,"Female"
"9004159",371979,2025-07-04 22:14:52,42.4890480041504,-8.99729061126709,"Female"
"9004159",371979,2025-07-04 22:19:51,42.4890441894531,-8.99717712402344,"Female"
"9004159",371979,2025-07-04 22:24:51,42.4890327453613,-8.99709129333496,"Female"
"9004159",371979,2025-07-04 22:29:51,42.4889869689941,-8.99711894989014,"Female"
"9004159",371979,2025-07-04 22:34:52,42.4889488220215,-8.99643611907959,"Female"
"9004159",371979,2025-07-04 22:39:52,42.4890632629395,-8.99726486206055,"Female"
"9004159",371979,2025-07-04 22:44:52,42.4890975952148,-8.99747180938721,"Female"
"9004159",371979,2025-07-04 22:49:51,42.4891662597656,-8.99715518951416,"Female"
"9004159",371979,2025-07-04 22:54:51,42.4890747070312,-8.99741458892822,"Female"
"9004159",371979,2025-07-04 22:59:52,42.4890518188477,-8.9971923828125,"Female"
"9004159",371979,2025-07-04 23:04:53,42.4891586303711,-8.99726104736328,"Female"
"9004159",371979,2025-07-04 23:09:53,42.4891967773438,-8.99757194519043,"Female"
"9004159",371979,2025-07-04 23:14:53,42.4891777038574,-8.99750423431396,"Female"
"9004159",371979,2025-07-04 23:19:53,42.4891052246094,-8.99704933166504,"Female"
"9004159",371979,2025-07-04 23:25:00,42.4890556335449,-8.99707794189453,"Female"
"9004159",371979,2025-07-04 23:30:02,42.4891395568848,-8.99696350097656,"Female"
"9004159",371979,2025-07-04 23:35:04,42.489013671875,-8.99710178375244,"Female"
"9004160",371982,2025-05-13 16:32:35,42.3987312316895,-8.92137336730957,"Male"
"9004160",371982,2025-05-13 16:37:37,42.3986473083496,-8.92145729064941,"Male"
"9004160",371982,2025-05-13 16:42:37,42.3987426757812,-8.92111682891846,"Male"
"9004160",371982,2025-05-13 16:58:05,42.399600982666,-8.91900634765625,"Male"
"9004160",371982,2025-05-13 17:02:28,42.399658203125,-8.91932392120361,"Male"
"9004160",371982,2025-05-13 17:07:30,42.3994522094727,-8.91923332214355,"Male"
"9004160",371982,2025-05-13 17:12:29,42.3997192382812,-8.91912841796875,"Male"
"9004160",371982,2025-05-13 17:17:29,42.4002685546875,-8.91878795623779,"Male"
"9004160",371982,2025-05-13 17:22:29,42.4020957946777,-8.9210786819458,"Male"
"9004160",371982,2025-05-13 17:27:29,42.4011383056641,-8.92012023925781,"Male"
"9004160",371982,2025-05-13 17:32:34,42.4005393981934,-8.92043495178223,"Male"
"9004160",371982,2025-05-13 17:37:28,42.4005088806152,-8.92050838470459,"Male"
"9004160",371982,2025-05-13 17:42:28,42.4005241394043,-8.92061042785645,"Male"
"9004160",371982,2025-05-13 17:47:31,42.4005584716797,-8.92069435119629,"Male"
"9004160",371982,2025-05-13 17:52:39,42.4005813598633,-8.92073726654053,"Male"
"9004160",371982,2025-05-13 17:57:30,42.4005966186523,-8.92066860198975,"Male"
"9004160",371982,2025-05-13 18:02:39,42.4006195068359,-8.92063236236572,"Male"
"9004160",371982,2025-05-13 18:07:39,42.4006423950195,-8.92069053649902,"Male"
"9004160",371982,2025-05-13 18:13:14,42.4006156921387,-8.92061996459961,"Male"
"9004160",371982,2025-05-13 18:17:28,42.4004402160645,-8.920578956604,"Male"
"9004160",371982,2025-05-13 18:22:31,42.4007301330566,-8.92085647583008,"Male"
"9004160",371982,2025-05-13 18:27:55,42.4007110595703,-8.92058563232422,"Male"
"9004160",371982,2025-05-13 18:32:28,42.4008674621582,-8.92055988311768,"Male"
"9004160",371982,2025-05-13 18:37:34,42.4005470275879,-8.92062377929688,"Male"
"9004160",371982,2025-05-13 18:42:32,42.4005813598633,-8.92057323455811,"Male"
"9004160",371982,2025-05-13 18:48:05,42.4006309509277,-8.92061614990234,"Male"
"9004160",371982,2025-05-13 18:52:30,42.4005584716797,-8.92025375366211,"Male"
"9004160",371982,2025-05-13 18:57:29,42.4006767272949,-8.92067050933838,"Male"
"9004160",371982,2025-05-13 19:03:01,42.4005317687988,-8.92061614990234,"Male"
"9004160",371982,2025-05-13 19:07:28,42.4005546569824,-8.92061901092529,"Male"
"9004160",371982,2025-05-13 19:12:28,42.400577545166,-8.92057991027832,"Male"
"9004160",371982,2025-05-13 19:17:28,42.4005470275879,-8.92061519622803,"Male"
"9004160",371982,2025-05-13 19:22:28,42.4006080627441,-8.92063999176025,"Male"
"9004160",371982,2025-05-13 19:27:29,42.4005508422852,-8.92052936553955,"Male"
"9004160",371982,2025-05-13 19:32:28,42.4004821777344,-8.92065048217773,"Male"
"9004160",371982,2025-05-13 19:37:28,42.4006156921387,-8.92055130004883,"Male"
"9004160",371982,2025-05-13 19:42:28,42.4005851745605,-8.92053699493408,"Male"
"9004160",371982,2025-05-13 19:47:28,42.400691986084,-8.92051029205322,"Male"
"9004160",371982,2025-05-13 19:52:36,42.4009094238281,-8.92088031768799,"Male"
"9004160",371982,2025-05-13 19:57:36,42.4009590148926,-8.92092895507812,"Male"
"9004160",371982,2025-05-13 20:02:44,42.4009170532227,-8.92098808288574,"Male"
"9004160",371982,2025-05-13 20:07:31,42.4008636474609,-8.92100048065186,"Male"
"9004160",371982,2025-05-13 20:12:40,42.4009552001953,-8.92106533050537,"Male"
"9004160",371982,2025-05-13 20:17:36,42.4010772705078,-8.92107105255127,"Male"
"9004160",371982,2025-05-13 20:22:38,42.400821685791,-8.92072868347168,"Male"
"9004160",371982,2025-05-13 20:27:43,42.4007949829102,-8.92094421386719,"Male"
"9004160",371982,2025-05-13 20:33:05,42.4007911682129,-8.92096519470215,"Male"
"9004160",371982,2025-05-13 20:37:28,42.4007606506348,-8.92096138000488,"Male"
"9004160",371982,2025-05-13 20:42:31,42.4008178710938,-8.92086887359619,"Male"
"9004160",371982,2025-05-13 20:47:36,42.4009132385254,-8.92101573944092,"Male"
"9004160",371982,2025-05-13 20:52:36,42.4008941650391,-8.92093467712402,"Male"
"9004160",371982,2025-05-13 20:58:05,42.4008407592773,-8.92100620269775,"Male"
"9004160",371982,2025-05-13 21:03:04,42.4008560180664,-8.92102336883545,"Male"
"9004160",371982,2025-05-13 21:07:29,42.400806427002,-8.92099666595459,"Male"
"9004160",371982,2025-05-13 21:12:32,42.4006195068359,-8.92083358764648,"Male"
"9004160",371982,2025-05-13 21:18:00,42.4005393981934,-8.92074108123779,"Male"
"9004160",371982,2025-05-13 21:22:59,42.4007034301758,-8.92074775695801,"Male"
"9004160",371982,2025-05-13 21:27:58,42.4005241394043,-8.92052173614502,"Male"
"9004160",371982,2025-05-13 21:33:00,42.4010238647461,-8.92132377624512,"Male"
"9004160",371982,2025-05-13 21:38:09,42.4007987976074,-8.92093849182129,"Male"
"9004160",371982,2025-05-13 21:43:01,42.4006996154785,-8.9210147857666,"Male"
"9004160",371982,2025-05-13 21:48:01,42.400764465332,-8.9210844039917,"Male"
"9004160",371982,2025-05-13 21:52:59,42.4014511108398,-8.921875,"Male"
"9004160",371982,2025-05-13 21:58:02,42.4007186889648,-8.92095279693604,"Male"
"9004160",371982,2025-05-13 22:02:58,42.4007301330566,-8.92049884796143,"Male"
"9004160",371982,2025-05-13 22:08:23,42.4007835388184,-8.92084980010986,"Male"
"9004160",371982,2025-05-13 22:13:00,42.4007797241211,-8.92077255249023,"Male"
"9004160",371982,2025-05-13 22:18:06,42.4008102416992,-8.92079544067383,"Male"
"9004160",371982,2025-05-13 22:23:08,42.4007949829102,-8.92095470428467,"Male"
"9004160",371982,2025-05-13 22:28:06,42.4007568359375,-8.92094135284424,"Male"
"9004160",371982,2025-05-13 22:33:06,42.4007759094238,-8.92085075378418,"Male"
"9004160",371982,2025-05-13 22:38:07,42.4007606506348,-8.92079544067383,"Male"
"9004160",371982,2025-05-13 22:43:08,42.4007263183594,-8.92074298858643,"Male"
"9004160",371982,2025-05-13 22:48:06,42.4007034301758,-8.92090320587158,"Male"
"9004160",371982,2025-05-13 22:53:00,42.4007759094238,-8.92096138000488,"Male"
"9004160",371982,2025-05-13 22:58:13,42.400821685791,-8.92087364196777,"Male"
"9004160",371982,2025-05-13 23:03:08,42.4005813598633,-8.92063045501709,"Male"
"9004160",371982,2025-05-13 23:08:06,42.4004745483398,-8.92082214355469,"Male"
"9004160",371982,2025-05-13 23:13:08,42.4005470275879,-8.92068958282471,"Male"
"9004160",371982,2025-05-13 23:18:10,42.4004859924316,-8.92074680328369,"Male"
"9004160",371982,2025-05-13 23:23:12,42.4006118774414,-8.92072010040283,"Male"
"9004160",371982,2025-05-13 23:28:05,42.4006004333496,-8.9207763671875,"Male"
"9004160",371982,2025-05-13 23:33:17,42.4007720947266,-8.92060279846191,"Male"
"9004160",371982,2025-05-13 23:38:09,42.4010925292969,-8.92092037200928,"Male"
"9004160",371982,2025-05-13 23:43:15,42.4006843566895,-8.92071628570557,"Male"
"9004160",371982,2025-05-13 23:48:00,42.4000816345215,-8.92069911956787,"Male"
"9004160",371982,2025-05-13 23:53:06,42.400577545166,-8.92048835754395,"Male"
"9004160",371982,2025-05-13 23:58:07,42.4005889892578,-8.92056560516357,"Male"
"9004160",371982,2025-05-14 00:03:09,42.4006538391113,-8.92047309875488,"Male"
"9004160",371982,2025-05-14 00:08:09,42.4008102416992,-8.92042255401611,"Male"
"9004160",371982,2025-05-14 00:13:12,42.4008674621582,-8.92025947570801,"Male"
"9004160",371982,2025-05-14 00:18:15,42.4004974365234,-8.91992282867432,"Male"
"9004160",371982,2025-05-14 00:23:22,42.4010200500488,-8.92123603820801,"Male"
"9004160",371982,2025-05-14 00:29:08,42.4008598327637,-8.92075252532959,"Male"
"9004160",371982,2025-05-14 00:34:19,42.4008331298828,-8.92077732086182,"Male"
"9004160",371982,2025-05-14 00:38:27,42.4008026123047,-8.92079734802246,"Male"
"9004160",371982,2025-05-14 00:44:19,42.400806427002,-8.92094707489014,"Male"
"9004160",371982,2025-05-14 00:48:10,42.4008178710938,-8.92078495025635,"Male"
"9004160",371982,2025-05-14 00:54:19,42.4007987976074,-8.92089939117432,"Male"
"9004160",371982,2025-05-14 00:58:30,42.4007987976074,-8.92093467712402,"Male"
"9004160",371982,2025-05-14 01:04:19,42.400764465332,-8.92092800140381,"Male"
"9004160",371982,2025-05-14 01:09:19,42.4007377624512,-8.92101383209229,"Male"
"9004160",371982,2025-05-14 01:13:44,42.4007682800293,-8.92094993591309,"Male"
"9004160",371982,2025-05-14 01:17:56,42.4007911682129,-8.92104244232178,"Male"
"9004160",371982,2025-05-14 01:22:58,42.4008827209473,-8.9209156036377,"Male"
"9004160",371982,2025-05-14 01:27:55,42.4008102416992,-8.92091083526611,"Male"
"9004160",371982,2025-05-14 01:32:55,42.4007911682129,-8.9208984375,"Male"
"9004160",371982,2025-05-14 01:37:55,42.4008026123047,-8.92083644866943,"Male"
"9004160",371982,2025-05-14 01:42:55,42.4007186889648,-8.92104339599609,"Male"
"9004160",371982,2025-05-14 01:48:14,42.4007530212402,-8.92088985443115,"Male"
"9004160",371982,2025-05-14 01:52:57,42.4008827209473,-8.92091941833496,"Male"
"9004160",371982,2025-05-14 01:58:00,42.4015884399414,-8.92089748382568,"Male"
"9004160",371982,2025-05-14 02:03:06,42.400749206543,-8.9210262298584,"Male"
"9004160",371982,2025-05-14 02:07:57,42.4012832641602,-8.92109870910645,"Male"
"9004160",371982,2025-05-14 02:13:06,42.4008178710938,-8.92116641998291,"Male"
"9004160",371982,2025-05-14 02:18:01,42.400749206543,-8.92108821868896,"Male"
"9004160",371982,2025-05-14 02:23:05,42.4007110595703,-8.92112255096436,"Male"
"9004160",371982,2025-05-14 02:28:07,42.400764465332,-8.92109680175781,"Male"
"9004160",371982,2025-05-14 02:33:29,42.400749206543,-8.92110061645508,"Male"
"9004160",371982,2025-05-14 02:37:55,42.4008598327637,-8.9210958480835,"Male"
"9004160",371982,2025-05-14 02:42:55,42.4007301330566,-8.92117214202881,"Male"
"9004160",371982,2025-05-14 02:47:56,42.4007263183594,-8.92104625701904,"Male"
"9004160",371982,2025-05-14 02:52:56,42.4007148742676,-8.92106342315674,"Male"
"9004160",371982,2025-05-14 02:57:56,42.4007682800293,-8.92113304138184,"Male"
"9004160",371982,2025-05-14 03:02:55,42.4007301330566,-8.92106342315674,"Male"
"9004160",371982,2025-05-14 03:07:56,42.400707244873,-8.92108631134033,"Male"
"9004160",371982,2025-05-14 03:12:56,42.400691986084,-8.92111492156982,"Male"
"9004160",371982,2025-05-14 03:17:57,42.4008407592773,-8.92108249664307,"Male"
"9004160",371982,2025-05-14 03:23:00,42.4008140563965,-8.92110252380371,"Male"
"9004160",371982,2025-05-14 03:28:23,42.4006843566895,-8.92106056213379,"Male"
"9004160",371982,2025-05-14 03:33:14,42.4008293151855,-8.92107009887695,"Male"
"9004160",371982,2025-05-14 03:37:55,42.4009208679199,-8.9212007522583,"Male"
"9004160",371982,2025-05-14 03:42:56,42.4008636474609,-8.92112255096436,"Male"
"9004160",371982,2025-05-14 03:47:56,42.4009017944336,-8.92098522186279,"Male"
"9004160",371982,2025-05-14 03:52:55,42.4010887145996,-8.92129707336426,"Male"
"9004160",371982,2025-05-14 03:57:55,42.4009170532227,-8.92117309570312,"Male"
"9004160",371982,2025-05-14 04:02:55,42.4007453918457,-8.92107009887695,"Male"
"9004160",371982,2025-05-14 04:07:57,42.4008026123047,-8.92107582092285,"Male"
"9004160",371982,2025-05-14 04:12:57,42.4008522033691,-8.92105388641357,"Male"
"9004160",371982,2025-05-14 04:17:57,42.4010620117188,-8.92117118835449,"Male"
"9004160",371982,2025-05-14 04:23:13,42.4008522033691,-8.92087745666504,"Male"
"9004160",371982,2025-05-14 04:27:59,42.4017219543457,-8.92177391052246,"Male"
"9004160",371982,2025-05-14 04:33:00,42.4001159667969,-8.92241287231445,"Male"
"9004160",371982,2025-05-14 04:38:03,42.4009094238281,-8.92058181762695,"Male"
"9004160",371982,2025-05-14 04:43:00,42.4006500244141,-8.92140007019043,"Male"
"9004160",371982,2025-05-14 04:47:59,42.4001846313477,-8.92229747772217,"Male"
"9004160",371982,2025-05-14 04:53:05,42.4008560180664,-8.92060852050781,"Male"
"9004160",371982,2025-05-14 04:57:56,42.4002914428711,-8.92236518859863,"Male"
"9004160",371982,2025-05-14 05:02:57,42.4006843566895,-8.92128753662109,"Male"
"9004160",371982,2025-05-14 05:07:58,42.400749206543,-8.92112731933594,"Male"
"9004160",371982,2025-05-14 05:13:01,42.4009399414062,-8.92078018188477,"Male"
"9004160",371982,2025-05-14 05:17:56,42.4006690979004,-8.92154312133789,"Male"
"9004160",371982,2025-05-14 05:22:56,42.4007339477539,-8.92113208770752,"Male"
"9004160",371982,2025-05-14 05:27:59,42.4007530212402,-8.92107963562012,"Male"
"9004160",371982,2025-05-14 05:32:58,42.4008178710938,-8.92101860046387,"Male"
"9004160",371982,2025-05-14 05:37:57,42.4007453918457,-8.92134475708008,"Male"
"9004160",371982,2025-05-14 05:42:56,42.4246215820312,-8.92860221862793,"Male"
"9004160",371982,2025-05-14 05:47:56,42.4631195068359,-8.94396495819092,"Male"
"9004160",371982,2025-05-14 05:52:56,42.4914131164551,-8.91891670227051,"Male"
"9004160",371982,2025-05-14 05:57:56,42.5122756958008,-8.87829399108887,"Male"
"9004160",371982,2025-05-14 06:02:56,42.5222358703613,-8.83346557617188,"Male"
"9004160",371982,2025-05-14 06:07:59,42.5213241577148,-8.83348751068115,"Male"
"9004160",371982,2025-05-14 06:12:57,42.5167083740234,-8.8262882232666,"Male"
"9004160",371982,2025-05-14 06:17:57,42.5166931152344,-8.82629585266113,"Male"
"9004160",371982,2025-05-14 06:22:57,42.516674041748,-8.82641792297363,"Male"
"9004160",371982,2025-05-14 06:27:57,42.5167503356934,-8.82630157470703,"Male"
"9004160",371982,2025-05-14 06:32:57,42.5167388916016,-8.82640838623047,"Male"
"9004160",371982,2025-05-14 06:37:57,42.5167274475098,-8.82638359069824,"Male"
"9004160",371982,2025-05-14 06:43:18,42.5162963867188,-8.82657814025879,"Male"
"9004160",371982,2025-05-14 06:48:20,42.5156211853027,-8.82671642303467,"Male"
"9004160",371982,2025-05-14 06:53:18,42.5146331787109,-8.82687568664551,"Male"
"9004160",371982,2025-05-14 06:58:44,42.5136985778809,-8.82823657989502,"Male"
"9004160",371982,2025-05-14 07:03:41,42.519889831543,-8.82835102081299,"Male"
"9004160",371982,2025-05-14 07:08:41,42.5206298828125,-8.83004283905029,"Male"
"9004160",371982,2025-05-14 07:13:41,42.520565032959,-8.82979106903076,"Male"
"9004160",371982,2025-05-14 07:18:41,42.520637512207,-8.82975387573242,"Male"
"9004160",371982,2025-05-14 07:23:41,42.5210227966309,-8.82974052429199,"Male"
"9004160",371982,2025-05-14 07:28:41,42.5206871032715,-8.82981109619141,"Male"
"9004160",371982,2025-05-14 07:33:41,42.5206718444824,-8.82976341247559,"Male"
"9004160",371982,2025-05-14 07:38:41,42.5205612182617,-8.82960033416748,"Male"
"9004160",371982,2025-05-14 07:43:41,42.5206489562988,-8.82971858978271,"Male"
"9004160",371982,2025-05-14 07:48:41,42.5208206176758,-8.82986354827881,"Male"
"9004160",371982,2025-05-14 07:53:41,42.5207862854004,-8.82980537414551,"Male"
"9004160",371982,2025-05-14 07:58:41,42.5208740234375,-8.82990741729736,"Male"
"9004160",371982,2025-05-14 08:03:41,42.520923614502,-8.82988834381104,"Male"
"9004160",371982,2025-05-14 08:08:41,42.5208740234375,-8.82976245880127,"Male"
"9004160",371982,2025-05-14 08:13:41,42.5209617614746,-8.82998847961426,"Male"
"9004160",371982,2025-05-14 08:18:42,42.5206680297852,-8.8298225402832,"Male"
"9004160",371982,2025-05-14 08:23:43,42.520637512207,-8.82977867126465,"Male"
"9004160",371982,2025-05-14 08:28:53,42.5197944641113,-8.83063316345215,"Male"
"9004160",371982,2025-05-14 08:34:21,42.5201759338379,-8.83199977874756,"Male"
"9004160",371982,2025-05-14 08:39:22,42.5195922851562,-8.83335399627686,"Male"
"9004160",371982,2025-05-14 08:44:21,42.5198745727539,-8.83308792114258,"Male"
"9004160",371982,2025-05-14 08:49:21,42.5204086303711,-8.83288288116455,"Male"
"9004160",371982,2025-05-14 08:54:37,42.5203018188477,-8.83176040649414,"Male"
"9004160",371982,2025-05-14 08:59:43,42.5190315246582,-8.83039855957031,"Male"
"9004160",371982,2025-05-14 09:04:42,42.5172996520996,-8.82956981658936,"Male"
"9004160",371982,2025-05-14 09:09:41,42.5177688598633,-8.82934951782227,"Male"
"9004160",371982,2025-05-14 09:14:42,42.5178337097168,-8.82935047149658,"Male"
"9004160",371982,2025-05-14 09:19:41,42.5177383422852,-8.82923126220703,"Male"
"9004160",371982,2025-05-14 09:24:41,42.5177917480469,-8.82936382293701,"Male"
"9004160",371982,2025-05-14 09:29:41,42.5177841186523,-8.82939910888672,"Male"
"9004160",371982,2025-05-14 09:34:41,42.5176239013672,-8.82901000976562,"Male"
"9004160",371982,2025-05-14 09:39:41,42.517749786377,-8.82929229736328,"Male"
"9004160",371982,2025-05-14 09:44:42,42.5176544189453,-8.82906627655029,"Male"
"9004160",371982,2025-05-14 09:49:41,42.5176239013672,-8.82902908325195,"Male"
"9004160",371982,2025-05-14 09:54:42,42.5176429748535,-8.82911777496338,"Male"
"9004160",371982,2025-05-14 09:59:41,42.5176277160645,-8.82907772064209,"Male"
"9004160",371982,2025-05-14 10:04:42,42.5175590515137,-8.82914352416992,"Male"
"9004160",371982,2025-05-14 10:09:41,42.5175704956055,-8.82916736602783,"Male"
"9004160",371982,2025-05-14 10:14:41,42.5175323486328,-8.82926273345947,"Male"
"9004160",371982,2025-05-14 10:19:42,42.5177612304688,-8.829345703125,"Male"
"9004160",371982,2025-05-14 10:24:41,42.5174942016602,-8.82926464080811,"Male"
"9004160",371982,2025-05-14 10:29:41,42.5174102783203,-8.82920074462891,"Male"
"9004160",371982,2025-05-14 10:34:41,42.5175361633301,-8.82919025421143,"Male"
"9004160",371982,2025-05-14 10:39:41,42.5175590515137,-8.8292760848999,"Male"
"9004160",371982,2025-05-14 10:44:41,42.5175590515137,-8.8292293548584,"Male"
"9004160",371982,2025-05-14 10:49:41,42.5176887512207,-8.82909107208252,"Male"
"9004160",371982,2025-05-14 10:54:41,42.5175628662109,-8.82907676696777,"Male"
"9004160",371982,2025-05-14 10:59:41,42.5176734924316,-8.82926559448242,"Male"
"9004160",371982,2025-05-14 11:04:51,42.5174751281738,-8.83046531677246,"Male"
"9004160",371982,2025-05-14 11:09:50,42.5180778503418,-8.82944965362549,"Male"
"9004160",371982,2025-05-14 11:14:49,42.5175552368164,-8.82905197143555,"Male"
"9004160",371982,2025-05-14 11:19:49,42.5175704956055,-8.82915687561035,"Male"
"9004160",371982,2025-05-14 11:24:49,42.5175971984863,-8.8289909362793,"Male"
"9004160",371982,2025-05-14 11:29:49,42.5175094604492,-8.82905578613281,"Male"
"9004160",371982,2025-05-14 11:34:49,42.5175704956055,-8.82903861999512,"Male"
"9004160",371982,2025-05-14 11:39:49,42.5176086425781,-8.82901573181152,"Male"
"9004160",371982,2025-05-14 11:44:49,42.5176086425781,-8.82896900177002,"Male"
"9004160",371982,2025-05-14 11:49:49,42.5176315307617,-8.82893943786621,"Male"
"9004160",371982,2025-05-14 11:54:49,42.5176048278809,-8.82886505126953,"Male"
"9004160",371982,2025-05-14 11:59:49,42.5176239013672,-8.82903003692627,"Male"
"9004160",371982,2025-05-14 12:04:49,42.5175971984863,-8.8289680480957,"Male"
"9004160",371982,2025-05-14 12:09:49,42.5176658630371,-8.82904052734375,"Male"
"9004160",371982,2025-05-14 12:14:50,42.5177001953125,-8.82905864715576,"Male"
"9004160",371982,2025-05-14 12:19:49,42.5175628662109,-8.8289213180542,"Male"
"9004160",371982,2025-05-14 12:24:49,42.5180435180664,-8.83004760742188,"Male"
"9004160",371982,2025-05-14 12:29:49,42.5189056396484,-8.83125972747803,"Male"
"9004160",371982,2025-05-14 12:35:23,42.5189666748047,-8.83221435546875,"Male"
"9004160",371982,2025-05-14 12:40:32,42.5203666687012,-8.83148002624512,"Male"
"9004160",371982,2025-05-14 12:45:31,42.5214004516602,-8.83132171630859,"Male"
"9004160",371982,2025-05-14 12:50:32,42.5209808349609,-8.83059120178223,"Male"
"9004160",371982,2025-05-14 12:55:31,42.5201416015625,-8.83080673217773,"Male"
"9004160",371982,2025-05-14 13:00:31,42.5200386047363,-8.83134078979492,"Male"
"9004160",371982,2025-05-14 13:05:43,42.5205497741699,-8.83109092712402,"Male"
"9004160",371982,2025-05-14 13:10:41,42.5202865600586,-8.83222103118896,"Male"
"9004160",371982,2025-05-14 13:15:37,42.5209693908691,-8.83208560943604,"Male"
"9004160",371982,2025-05-14 13:20:36,42.5219917297363,-8.8326997756958,"Male"
"9004160",371982,2025-05-14 13:25:37,42.5222930908203,-8.83379936218262,"Male"
"9004160",371982,2025-05-14 13:30:37,42.5220375061035,-8.8336353302002,"Male"
"9004160",371982,2025-05-14 13:35:37,42.5217399597168,-8.83382415771484,"Male"
"9004160",371982,2025-05-14 13:40:43,42.5212135314941,-8.83457660675049,"Male"
"9004160",371982,2025-05-14 13:45:47,42.5207748413086,-8.8367977142334,"Male"
"9004160",371982,2025-05-14 13:51:06,42.5209503173828,-8.83947563171387,"Male"
"9004160",371982,2025-05-14 13:56:05,42.5216217041016,-8.84098529815674,"Male"
"9004160",371982,2025-05-14 14:00:59,42.5219879150391,-8.84182453155518,"Male"
"9004160",371982,2025-05-14 14:06:03,42.52197265625,-8.8415470123291,"Male"
"9004160",371982,2025-05-14 14:10:59,42.5219573974609,-8.84173107147217,"Male"
"9004160",371982,2025-05-14 14:15:59,42.5219268798828,-8.84169864654541,"Male"
"9004160",371982,2025-05-14 14:21:00,42.5219268798828,-8.84163093566895,"Male"
"9004160",371982,2025-05-14 14:25:59,42.5218887329102,-8.841796875,"Male"
"9004160",371982,2025-05-14 14:30:59,42.5219192504883,-8.84178352355957,"Male"
"9004160",371982,2025-05-14 14:35:59,42.5218391418457,-8.84179210662842,"Male"
"9004160",371982,2025-05-14 14:40:59,42.521800994873,-8.84199333190918,"Male"
"9004160",371982,2025-05-14 14:45:59,42.5218048095703,-8.84192180633545,"Male"
"9004160",371982,2025-05-14 14:50:59,42.521785736084,-8.84190654754639,"Male"
"9004160",371982,2025-05-14 14:56:00,42.5217781066895,-8.84199333190918,"Male"
"9004160",371982,2025-05-14 15:00:59,42.5212364196777,-8.8431921005249,"Male"
"9004160",371982,2025-05-14 15:06:00,42.5205268859863,-8.8441858291626,"Male"
"9004160",371982,2025-05-14 15:11:22,42.5198669433594,-8.84575653076172,"Male"
"9004160",371982,2025-05-14 15:16:21,42.5195617675781,-8.84597396850586,"Male"
"9004160",371982,2025-05-14 15:21:21,42.5195350646973,-8.84601497650146,"Male"
"9004160",371982,2025-05-14 15:26:21,42.5195198059082,-8.8459939956665,"Male"
"9004160",371982,2025-05-14 15:31:21,42.5194969177246,-8.8460111618042,"Male"
"9004160",371982,2025-05-14 15:36:21,42.5194969177246,-8.84595584869385,"Male"
"9004160",371982,2025-05-14 15:41:21,42.5195388793945,-8.84597206115723,"Male"
"9004160",371982,2025-05-14 15:46:21,42.5195655822754,-8.84591579437256,"Male"
"9004160",371982,2025-05-14 15:51:21,42.5194854736328,-8.85044002532959,"Male"
"9004160",371982,2025-05-14 15:56:52,42.5190238952637,-8.85133838653564,"Male"
"9004160",371982,2025-05-14 16:01:52,42.5177116394043,-8.85312366485596,"Male"
"9004160",371982,2025-05-14 16:06:52,42.5178604125977,-8.85421371459961,"Male"
"9004160",371982,2025-05-14 16:11:52,42.517879486084,-8.8543758392334,"Male"
"9004160",371982,2025-05-14 16:16:51,42.5178260803223,-8.85425853729248,"Male"
"9004160",371982,2025-05-14 16:21:51,42.5177955627441,-8.85417938232422,"Male"
"9004160",371982,2025-05-14 16:26:51,42.5177307128906,-8.85420417785645,"Male"
"9004160",371982,2025-05-14 16:31:54,42.513843536377,-8.8623514175415,"Male"
"9004160",371982,2025-05-14 16:37:07,42.5121116638184,-8.86411380767822,"Male"
"9004160",371982,2025-05-14 16:42:07,42.510555267334,-8.86655616760254,"Male"
"9004160",371982,2025-05-14 16:47:06,42.5047798156738,-8.87872123718262,"Male"
"9004160",371982,2025-05-14 16:52:06,42.5052871704102,-8.87997055053711,"Male"
"9004160",371982,2025-05-14 16:57:06,42.5053024291992,-8.87987613677979,"Male"
"9004160",371982,2025-05-14 17:02:06,42.5054016113281,-8.87994575500488,"Male"
"9004160",371982,2025-05-14 17:07:06,42.5053863525391,-8.87994766235352,"Male"
"9004160",371982,2025-05-14 17:12:05,42.5043258666992,-8.88226127624512,"Male"
"9004160",371982,2025-05-14 17:17:07,42.5028877258301,-8.88352680206299,"Male"
"9004160",371982,2025-05-14 17:22:06,42.4975662231445,-8.89842510223389,"Male"
"9004160",371982,2025-05-14 17:27:07,42.4975662231445,-8.89837265014648,"Male"
"9004160",371982,2025-05-14 17:32:06,42.4975204467773,-8.89835166931152,"Male"
"9004160",371982,2025-05-14 17:37:07,42.4973831176758,-8.89837837219238,"Male"
"9004160",371982,2025-05-14 17:42:06,42.4974174499512,-8.89848613739014,"Male"
"9004160",371982,2025-05-14 17:47:06,42.4974746704102,-8.89837455749512,"Male"
"9004160",371982,2025-05-14 17:52:05,42.4911613464355,-8.90632915496826,"Male"
"9004160",371982,2025-05-14 17:57:06,42.4808692932129,-8.93631362915039,"Male"
"9004160",371982,2025-05-14 18:02:05,42.4637413024902,-8.94424247741699,"Male"
"9004160",371982,2025-05-14 18:07:05,42.4637260437012,-8.94426536560059,"Male"
"9004160",371982,2025-05-14 18:12:07,42.4331016540527,-8.9404239654541,"Male"
"9004160",371982,2025-05-14 18:17:06,42.4002838134766,-8.91989231109619,"Male"
"9004160",371982,2025-05-14 18:22:06,42.4011497497559,-8.92050743103027,"Male"
"9004160",371982,2025-05-14 18:27:06,42.4011535644531,-8.92059326171875,"Male"
"9004160",371982,2025-05-14 18:32:06,42.3995666503906,-8.92172527313232,"Male"
"9004160",371982,2025-05-14 18:38:28,42.3992538452148,-8.9219446182251,"Male"
"9004160",371982,2025-05-14 18:42:08,42.3993492126465,-8.92196178436279,"Male"
"9004160",371982,2025-05-14 18:47:44,42.3992385864258,-8.92195320129395,"Male"
"9004160",371982,2025-05-14 18:52:04,42.3992614746094,-8.92192459106445,"Male"
"9004160",371982,2025-05-14 18:57:06,42.3992805480957,-8.92196178436279,"Male"
"9004160",371982,2025-05-14 19:02:06,42.3993110656738,-8.92191791534424,"Male"
"9004160",371982,2025-05-14 19:07:06,42.399341583252,-8.92194747924805,"Male"
"9004160",371982,2025-05-14 19:12:07,42.3992919921875,-8.92190170288086,"Male"
"9004160",371982,2025-05-14 19:17:06,42.3992576599121,-8.92191028594971,"Male"
"9004160",371982,2025-05-14 19:22:09,42.3993339538574,-8.92200565338135,"Male"
"9004160",371982,2025-05-14 19:27:07,42.3993682861328,-8.92197895050049,"Male"
"9004160",371982,2025-05-14 19:32:07,42.3993301391602,-8.92209911346436,"Male"
"9004160",371982,2025-05-14 19:37:06,42.4008331298828,-8.92116451263428,"Male"
"9004160",371982,2025-05-14 19:42:06,42.4007873535156,-8.92099571228027,"Male"
"9004160",371982,2025-05-14 19:47:06,42.3995819091797,-8.92200088500977,"Male"
"9004160",371982,2025-05-14 19:52:06,42.399471282959,-8.92212581634521,"Male"
"9004160",371982,2025-05-14 19:57:06,42.3995399475098,-8.92191696166992,"Male"
"9004160",371982,2025-05-14 20:02:29,42.3992042541504,-8.92308330535889,"Male"
"9004160",371982,2025-05-14 20:07:08,42.399528503418,-8.92215251922607,"Male"
"9004160",371982,2025-05-14 20:12:08,42.3996124267578,-8.9219856262207,"Male"
"9004160",371982,2025-05-14 20:17:06,42.3995399475098,-8.92205333709717,"Male"
"9004160",371982,2025-05-14 20:22:06,42.3996391296387,-8.92209148406982,"Male"
"9004160",371982,2025-05-14 20:27:08,42.3996124267578,-8.92200660705566,"Male"
"9004160",371982,2025-05-14 20:32:07,42.3996734619141,-8.92191123962402,"Male"
"9004160",371982,2025-05-14 20:37:10,42.3997001647949,-8.92200183868408,"Male"
"9004160",371982,2025-05-14 20:42:12,42.3999061584473,-8.92197418212891,"Male"
"9004160",371982,2025-05-14 20:47:08,42.3999786376953,-8.92203712463379,"Male"
"9004160",371982,2025-05-14 20:52:16,42.3997840881348,-8.92192268371582,"Male"
"9004160",371982,2025-05-14 20:57:07,42.4000091552734,-8.92202281951904,"Male"
"9004160",371982,2025-05-14 21:02:07,42.3998603820801,-8.92201042175293,"Male"
"9004160",371982,2025-05-14 21:07:09,42.3998184204102,-8.92199039459229,"Male"
"9004160",371982,2025-05-14 21:12:06,42.3997955322266,-8.922043800354,"Male"
"9004160",371982,2025-05-14 21:17:08,42.3998413085938,-8.9221305847168,"Male"
"9004160",371982,2025-05-14 21:22:09,42.3996696472168,-8.92201232910156,"Male"
"9004160",371982,2025-05-14 21:27:07,42.3998413085938,-8.92221164703369,"Male"
"9004160",371982,2025-05-14 21:32:09,42.3998184204102,-8.92211246490479,"Male"
"9004160",371982,2025-05-14 21:37:09,42.399658203125,-8.92207527160645,"Male"
"9004160",371982,2025-05-14 21:42:10,42.3986549377441,-8.92159271240234,"Male"
"9004160",371982,2025-05-14 21:47:07,42.3988800048828,-8.92151927947998,"Male"
"9004160",371982,2025-05-14 21:52:07,42.3987007141113,-8.92143726348877,"Male"
"9004160",371982,2025-05-14 21:57:08,42.3988761901855,-8.92121028900146,"Male"
"9004160",371982,2025-05-14 22:02:07,42.3984336853027,-8.92114734649658,"Male"
"9004160",371982,2025-05-14 22:07:07,42.3991050720215,-8.92166614532471,"Male"
"9004160",371982,2025-05-14 22:12:09,42.3991775512695,-8.92172908782959,"Male"
"9004160",371982,2025-05-14 22:17:08,42.3990020751953,-8.92189407348633,"Male"
"9004160",371982,2025-05-14 22:22:08,42.3988418579102,-8.92142295837402,"Male"
"9004160",371982,2025-05-14 22:27:06,42.399242401123,-8.92176818847656,"Male"
"9004160",371982,2025-05-14 22:32:06,42.3997344970703,-8.9221019744873,"Male"
"9004160",371982,2025-05-14 22:37:06,42.3996543884277,-8.92021369934082,"Male"
"9004160",371982,2025-05-14 22:42:12,42.3992462158203,-8.92199230194092,"Male"
"9004160",371982,2025-05-14 22:47:07,42.3992042541504,-8.92207908630371,"Male"
"9004160",371982,2025-05-14 22:52:07,42.399169921875,-8.92196464538574,"Male"
"9004160",371982,2025-05-14 22:57:07,42.3992042541504,-8.92216777801514,"Male"
"9004160",371982,2025-05-14 23:02:09,42.3991889953613,-8.92142391204834,"Male"
"9004160",371982,2025-05-14 23:07:08,42.3994026184082,-8.92183589935303,"Male"
"9004160",371982,2025-05-14 23:12:06,42.3994255065918,-8.92217350006104,"Male"
"9004160",371982,2025-05-14 23:17:07,42.3994827270508,-8.92260360717773,"Male"
"9004160",371982,2025-05-14 23:22:06,42.3993949890137,-8.92171859741211,"Male"
"9004160",371982,2025-05-14 23:27:09,42.3992767333984,-8.92179393768311,"Male"
"9004160",371982,2025-05-14 23:32:11,42.3992919921875,-8.92178916931152,"Male"
"9004160",371982,2025-05-14 23:37:06,42.3996467590332,-8.92170906066895,"Male"
"9004160",371982,2025-05-14 23:42:07,42.3993301391602,-8.92155265808105,"Male"
"9004160",371982,2025-05-14 23:47:06,42.3995971679688,-8.92166709899902,"Male"
"9004160",371982,2025-05-14 23:52:09,42.3994407653809,-8.92149543762207,"Male"
"9004160",371982,2025-05-14 23:57:07,42.3994636535645,-8.92166900634766,"Male"
"9004160",371982,2025-05-15 00:02:09,42.3992919921875,-8.92149829864502,"Male"
"9004160",371982,2025-05-15 00:07:12,42.3992805480957,-8.9215202331543,"Male"
"9004160",371982,2025-05-15 00:12:20,42.3992500305176,-8.92141437530518,"Male"
"9004160",371982,2025-05-15 00:17:27,42.3992919921875,-8.92142772674561,"Male"
"9004160",371982,2025-05-15 00:22:34,42.3997917175293,-8.9218578338623,"Male"
"9004160",371982,2025-05-15 00:27:07,42.3998336791992,-8.92188453674316,"Male"
"9004160",371982,2025-05-15 00:32:06,42.3998031616211,-8.92198467254639,"Male"
"9004160",371982,2025-05-15 00:37:05,42.3999366760254,-8.92186832427979,"Male"
"9004160",371982,2025-05-15 00:42:06,42.3996772766113,-8.92174816131592,"Male"
"9004160",371982,2025-05-15 00:47:08,42.3992576599121,-8.92178153991699,"Male"
"9004160",371982,2025-05-15 00:52:05,42.3992156982422,-8.92171001434326,"Male"
"9004160",371982,2025-05-15 00:57:05,42.3997192382812,-8.92184352874756,"Male"
"9004160",371982,2025-05-15 01:02:05,42.3992958068848,-8.92179775238037,"Male"
"9004160",371982,2025-05-15 01:07:05,42.3995475769043,-8.92196083068848,"Male"
"9004160",371982,2025-05-15 01:12:04,42.3993034362793,-8.92179870605469,"Male"
"9004160",371982,2025-05-15 01:17:04,42.3992309570312,-8.92172145843506,"Male"
"9004160",371982,2025-05-15 01:22:06,42.3994827270508,-8.92182922363281,"Male"
"9004160",371982,2025-05-15 01:27:04,42.3994140625,-8.92174339294434,"Male"
"9004160",371982,2025-05-15 01:32:04,42.3994560241699,-8.92179870605469,"Male"
"9004160",371982,2025-05-15 01:37:04,42.3994178771973,-8.92182636260986,"Male"
"9004160",371982,2025-05-15 01:42:04,42.3994445800781,-8.92183017730713,"Male"
"9004160",371982,2025-05-15 01:47:04,42.3994941711426,-8.92194843292236,"Male"
"9004160",371982,2025-05-15 01:52:04,42.3994827270508,-8.92181968688965,"Male"
"9004160",371982,2025-05-15 01:57:05,42.3994789123535,-8.92181205749512,"Male"
"9004160",371982,2025-05-15 02:02:05,42.3995552062988,-8.92189502716064,"Male"
"9004160",371982,2025-05-15 02:07:05,42.399528503418,-8.92189884185791,"Male"
"9004160",371982,2025-05-15 02:12:06,42.3994903564453,-8.92182922363281,"Male"
"9004160",371982,2025-05-15 02:17:07,42.3995246887207,-8.92177486419678,"Male"
"9004160",371982,2025-05-15 02:22:07,42.3995933532715,-8.921875,"Male"
"9004160",371982,2025-05-15 02:27:05,42.3995780944824,-8.92181587219238,"Male"
"9004160",371982,2025-05-15 02:32:06,42.3995094299316,-8.92188930511475,"Male"
"9004160",371982,2025-05-15 02:37:06,42.3995246887207,-8.9218921661377,"Male"
"9004160",371982,2025-05-15 02:42:07,42.3993835449219,-8.92179012298584,"Male"
"9004160",371982,2025-05-15 02:47:05,42.3994331359863,-8.92182445526123,"Male"
"9004160",371982,2025-05-15 02:52:07,42.3994140625,-8.92183780670166,"Male"
"9004160",371982,2025-05-15 02:57:06,42.3994445800781,-8.92183303833008,"Male"
"9004160",371982,2025-05-15 03:02:05,42.3994598388672,-8.92188167572021,"Male"
"9004160",371982,2025-05-15 03:07:06,42.3995170593262,-8.92189598083496,"Male"
"9004160",371982,2025-05-15 03:12:21,42.3994636535645,-8.92187023162842,"Male"
"9004160",371982,2025-05-15 03:17:06,42.3991813659668,-8.92174243927002,"Male"
"9004160",371982,2025-05-15 03:22:10,42.3994293212891,-8.92183303833008,"Male"
"9004160",371982,2025-05-15 03:27:09,42.3995513916016,-8.92195892333984,"Male"
"9004160",371982,2025-05-15 03:32:07,42.3994026184082,-8.92180633544922,"Male"
"9004160",371982,2025-05-15 03:37:16,42.4016036987305,-8.92372894287109,"Male"
"9004160",371982,2025-05-15 03:42:34,42.4003829956055,-8.9226131439209,"Male"
"9004160",371982,2025-05-15 03:47:16,42.4001083374023,-8.9223461151123,"Male"
"9004160",371982,2025-05-15 03:52:06,42.399829864502,-8.92211532592773,"Male"
"9004160",371982,2025-05-15 03:57:09,42.3997917175293,-8.92212390899658,"Male"
"9004160",371982,2025-05-15 04:02:11,42.3994941711426,-8.92193984985352,"Male"
"9004160",371982,2025-05-15 04:07:09,42.3986854553223,-8.92126846313477,"Male"
"9004160",371982,2025-05-15 04:12:09,42.3989677429199,-8.92146968841553,"Male"
"9004160",371982,2025-05-15 04:17:13,42.3992729187012,-8.92166709899902,"Male"
"9004160",371982,2025-05-15 04:22:05,42.3997497558594,-8.92212772369385,"Male"
"9004160",371982,2025-05-15 04:27:09,42.3994636535645,-8.92174243927002,"Male"
"9004160",371982,2025-05-15 04:32:07,42.3996276855469,-8.92189884185791,"Male"
"9004160",371982,2025-05-15 04:37:07,42.3996124267578,-8.92186832427979,"Male"
"9004160",371982,2025-05-15 04:42:09,42.3996429443359,-8.92185497283936,"Male"
"9004160",371982,2025-05-15 04:47:08,42.3998184204102,-8.92221450805664,"Male"
"9004160",371982,2025-05-15 04:52:07,42.3999519348145,-8.92149353027344,"Male"
"9004160",371982,2025-05-15 04:57:12,42.3998374938965,-8.92173290252686,"Male"
"9004160",371982,2025-05-15 05:02:06,42.3999176025391,-8.92136287689209,"Male"
"9004160",371982,2025-05-15 05:07:07,42.3999481201172,-8.92171192169189,"Male"
"9004160",371982,2025-05-15 05:12:06,42.3998336791992,-8.92176342010498,"Male"
"9004160",371982,2025-05-15 05:17:05,42.3979644775391,-8.91992568969727,"Male"
"9004160",371982,2025-05-15 05:22:22,42.3979644775391,-8.91992473602295,"Male"
"9004160",371982,2025-05-15 05:27:05,42.3979873657227,-8.92004299163818,"Male"
"9004160",371982,2025-05-15 05:32:06,42.3979110717773,-8.91986560821533,"Male"
"9004160",371982,2025-05-15 05:37:06,42.3977203369141,-8.91966915130615,"Male"
"9004160",371982,2025-05-15 05:42:08,42.3979377746582,-8.9199161529541,"Male"
"9004160",371982,2025-05-15 05:47:07,42.3979301452637,-8.91985416412354,"Male"
"9004160",371982,2025-05-15 05:52:07,42.3979148864746,-8.91984272003174,"Male"
"9004160",371982,2025-05-15 05:57:09,42.3979873657227,-8.91993427276611,"Male"
"9004160",371982,2025-05-15 06:02:06,42.3979988098145,-8.91991329193115,"Male"
"9004160",371982,2025-05-15 06:07:07,42.3980331420898,-8.91996955871582,"Male"
"9004160",371982,2025-05-15 06:12:06,42.3979949951172,-8.91998195648193,"Male"
"9004160",371982,2025-05-15 06:18:06,42.4032707214355,-8.89931392669678,"Male"
"9004160",371982,2025-05-15 06:23:01,42.406005859375,-8.89680671691895,"Male"
"9004160",371982,2025-05-15 06:27:59,42.4049339294434,-8.89685153961182,"Male"
"9004160",371982,2025-05-15 06:33:07,42.4045372009277,-8.89746570587158,"Male"
"9004160",371982,2025-05-15 06:38:01,42.4048461914062,-8.8974027633667,"Male"
"9004160",371982,2025-05-15 06:43:07,42.4053153991699,-8.88862037658691,"Male"
"9004160",371982,2025-05-15 06:48:31,42.411075592041,-8.88974857330322,"Male"
"9004160",371982,2025-05-15 06:53:30,42.4159126281738,-8.88836097717285,"Male"
"9004160",371982,2025-05-15 06:59:12,42.4176483154297,-8.88708114624023,"Male"
"9004160",371982,2025-05-15 07:04:06,42.4181365966797,-8.88747787475586,"Male"
"9004160",371982,2025-05-15 07:09:42,42.4179458618164,-8.88876152038574,"Male"
"9004160",371982,2025-05-15 07:14:49,42.4148368835449,-8.90004920959473,"Male"
"9004160",371982,2025-05-15 07:19:48,42.400146484375,-8.92175483703613,"Male"
"9004160",371982,2025-05-15 07:25:04,42.3996200561523,-8.92171859741211,"Male"
"9004160",371982,2025-05-15 07:29:40,42.3995895385742,-8.92185592651367,"Male"
"9004160",371982,2025-05-15 07:34:40,42.3996315002441,-8.92186546325684,"Male"
"9004160",371982,2025-05-15 07:39:40,42.3995208740234,-8.92187309265137,"Male"
"9004160",371982,2025-05-15 07:44:40,42.3995513916016,-8.9218111038208,"Male"
"9004160",371982,2025-05-15 07:49:40,42.3996353149414,-8.9218225479126,"Male"
"9004160",371982,2025-05-15 07:54:40,42.3997421264648,-8.92190647125244,"Male"
"9004160",371982,2025-05-15 07:59:44,42.3999214172363,-8.92165374755859,"Male"
"9004160",371982,2025-05-15 08:04:41,42.399299621582,-8.92212104797363,"Male"
"9004160",371982,2025-05-15 08:09:42,42.3991851806641,-8.92221927642822,"Male"
"9004160",371982,2025-05-15 08:14:40,42.3991851806641,-8.92207145690918,"Male"
"9004160",371982,2025-05-15 08:19:40,42.3990936279297,-8.92216777801514,"Male"
"9004160",371982,2025-05-15 08:24:40,42.3991470336914,-8.92190361022949,"Male"
"9004160",371982,2025-05-15 08:29:41,42.3990135192871,-8.92193603515625,"Male"
"9004160",371982,2025-05-15 08:34:40,42.3991889953613,-8.92188835144043,"Male"
"9004160",371982,2025-05-15 08:39:40,42.422908782959,-8.92165756225586,"Male"
"9004160",371982,2025-05-15 08:44:40,42.4558906555176,-8.93792057037354,"Male"
"9004160",371982,2025-05-15 08:49:40,42.4833106994629,-8.93446922302246,"Male"
"9004160",371982,2025-05-15 08:54:40,42.4980278015137,-8.89501476287842,"Male"
"9004160",371982,2025-05-15 08:59:40,42.5125732421875,-8.8510160446167,"Male"
"9004160",371982,2025-05-15 09:04:41,42.5194129943848,-8.83281421661377,"Male"
"9004160",371982,2025-05-15 09:10:02,42.520336151123,-8.83191108703613,"Male"
"9004160",371982,2025-05-15 09:14:59,42.5207214355469,-8.83060073852539,"Male"
"9004160",371982,2025-05-15 09:20:51,42.5184898376465,-8.8298225402832,"Male"
"9004160",371982,2025-05-15 09:25:50,42.517951965332,-8.82916259765625,"Male"
"9004160",371982,2025-05-15 09:30:50,42.5179481506348,-8.82903671264648,"Male"
"9004160",371982,2025-05-15 09:35:50,42.5179557800293,-8.8292989730835,"Male"
"9004160",371982,2025-05-15 09:40:50,42.5180053710938,-8.82935523986816,"Male"
"9004160",371982,2025-05-15 09:45:51,42.5180053710938,-8.82930946350098,"Male"
"9004160",371982,2025-05-15 09:50:50,42.5180282592773,-8.82925033569336,"Male"
"9004160",371982,2025-05-15 09:55:51,42.5180740356445,-8.82951831817627,"Male"
"9004160",371982,2025-05-15 10:00:50,42.5179748535156,-8.8294792175293,"Male"
"9004160",371982,2025-05-15 10:05:50,42.518009185791,-8.82926940917969,"Male"
"9004160",371982,2025-05-15 10:10:50,42.5179252624512,-8.82925224304199,"Male"
"9004160",371982,2025-05-15 10:15:50,42.5180397033691,-8.82932376861572,"Male"
"9004160",371982,2025-05-15 10:20:50,42.5180282592773,-8.82925701141357,"Male"
"9004160",371982,2025-05-15 10:25:50,42.5180130004883,-8.82955169677734,"Male"
"9004160",371982,2025-05-15 10:30:50,42.5180015563965,-8.82935428619385,"Male"
"9004160",371982,2025-05-15 10:35:50,42.5178489685059,-8.829833984375,"Male"
"9004160",371982,2025-05-15 10:40:50,42.5176277160645,-8.83029651641846,"Male"
"9004160",371982,2025-05-15 10:45:51,42.5176162719727,-8.8301420211792,"Male"
"9004160",371982,2025-05-15 10:50:50,42.517505645752,-8.82917308807373,"Male"
"9004160",371982,2025-05-15 10:55:57,42.5175132751465,-8.82859516143799,"Male"
"9004160",371982,2025-05-15 11:00:56,42.516544342041,-8.82769012451172,"Male"
"9004160",371982,2025-05-15 11:06:20,42.5161895751953,-8.82716178894043,"Male"
"9004160",371982,2025-05-15 11:11:49,42.516731262207,-8.8281888961792,"Male"
"9004160",371982,2025-05-15 11:16:48,42.5175552368164,-8.82930278778076,"Male"
"9004160",371982,2025-05-15 11:21:46,42.5175857543945,-8.82938861846924,"Male"
"9004160",371982,2025-05-15 11:26:44,42.5175666809082,-8.82915782928467,"Male"
"9004160",371982,2025-05-15 11:31:45,42.5175743103027,-8.82919311523438,"Male"
"9004160",371982,2025-05-15 11:36:45,42.517578125,-8.82915115356445,"Male"
"9004160",371982,2025-05-15 11:41:45,42.5175857543945,-8.82918643951416,"Male"
"9004160",371982,2025-05-15 11:46:48,42.5175895690918,-8.82919883728027,"Male"
"9004160",371982,2025-05-15 11:52:59,42.5178756713867,-8.82952499389648,"Male"
"9004160",371982,2025-05-15 11:58:32,42.5180740356445,-8.82994937896729,"Male"
"9004160",371982,2025-05-15 12:03:40,42.5176696777344,-8.82923412322998,"Male"
"9004160",371982,2025-05-15 12:08:29,42.5178375244141,-8.82953834533691,"Male"
"9004160",371982,2025-05-15 12:13:27,42.5177383422852,-8.8293981552124,"Male"
"9004160",371982,2025-05-15 12:18:26,42.5176429748535,-8.82935810089111,"Male"
"9004160",371982,2025-05-15 12:23:27,42.5176048278809,-8.82918453216553,"Male"
"9004160",371982,2025-05-15 12:28:27,42.5174713134766,-8.82916164398193,"Male"
"9004160",371982,2025-05-15 12:33:26,42.5177841186523,-8.82937431335449,"Male"
"9004160",371982,2025-05-15 12:38:28,42.5177764892578,-8.82940006256104,"Male"
"9004160",371982,2025-05-15 12:43:38,42.5163879394531,-8.82798957824707,"Male"
"9004160",371982,2025-05-15 12:48:43,42.5165786743164,-8.82830619812012,"Male"
"9004160",371982,2025-05-15 12:54:28,42.5193138122559,-8.83183193206787,"Male"
"9004160",371982,2025-05-15 12:59:39,42.5175399780273,-8.83045673370361,"Male"
"9004160",371982,2025-05-15 13:05:12,42.5179595947266,-8.83165073394775,"Male"
"9004160",371982,2025-05-15 13:10:30,42.5192527770996,-8.83145427703857,"Male"
"9004160",371982,2025-05-15 13:15:27,42.5187072753906,-8.83061218261719,"Male"
"9004160",371982,2025-05-15 13:20:30,42.5174102783203,-8.82902050018311,"Male"
"9004160",371982,2025-05-15 13:25:29,42.5175399780273,-8.82920932769775,"Male"
"9004160",371982,2025-05-15 13:30:29,42.5175323486328,-8.82899475097656,"Male"
"9004160",371982,2025-05-15 13:35:27,42.5174751281738,-8.82895946502686,"Male"
"9004160",371982,2025-05-15 13:40:39,42.517578125,-8.82916927337646,"Male"
"9004160",371982,2025-05-15 13:45:44,42.5175132751465,-8.82910251617432,"Male"
"9004160",371982,2025-05-15 13:50:23,42.5174674987793,-8.82914352416992,"Male"
"9004160",371982,2025-05-15 13:55:25,42.5174789428711,-8.82921409606934,"Male"
"9004160",371982,2025-05-15 14:01:10,42.516731262207,-8.83073234558105,"Male"
"9004160",371982,2025-05-15 14:06:11,42.515869140625,-8.83180618286133,"Male"
"9004160",371982,2025-05-15 14:12:10,42.5158195495605,-8.83203601837158,"Male"
"9004160",371982,2025-05-15 14:17:03,42.5149917602539,-8.83299827575684,"Male"
"9004160",371982,2025-05-15 14:22:03,42.5134696960449,-8.83348941802979,"Male"
"9004160",371982,2025-05-15 14:27:09,42.5114517211914,-8.83423709869385,"Male"
"9004160",371982,2025-05-15 14:32:09,42.5090980529785,-8.83485794067383,"Male"
"9004160",371982,2025-05-15 14:37:07,42.5069694519043,-8.83586311340332,"Male"
"9004160",371982,2025-05-15 14:42:37,42.5043144226074,-8.83754730224609,"Male"
"9004160",371982,2025-05-15 14:47:35,42.5018196105957,-8.83832168579102,"Male"
"9004160",371982,2025-05-15 14:52:37,42.5006980895996,-8.83929634094238,"Male"
"9004160",371982,2025-05-15 14:57:35,42.4996757507324,-8.84115219116211,"Male"
"9004160",371982,2025-05-15 15:02:36,42.4995880126953,-8.84124088287354,"Male"
"9004160",371982,2025-05-15 15:07:29,42.4998512268066,-8.84068298339844,"Male"
"9004160",371982,2025-05-15 15:12:29,42.4998474121094,-8.84076309204102,"Male"
"9004160",371982,2025-05-15 15:17:33,42.4997177124023,-8.84106159210205,"Male"
"9004160",371982,2025-05-15 15:22:34,42.4997367858887,-8.84108352661133,"Male"
"9004160",371982,2025-05-15 15:27:35,42.4996147155762,-8.8411340713501,"Male"
"9004160",371982,2025-05-15 15:32:35,42.4996147155762,-8.84126472473145,"Male"
"9004160",371982,2025-05-15 15:37:30,42.499626159668,-8.84125995635986,"Male"
"9004160",371982,2025-05-15 15:42:30,42.4996109008789,-8.84126758575439,"Male"
"9004160",371982,2025-05-15 15:47:29,42.4996032714844,-8.84142303466797,"Male"
"9004160",371982,2025-05-15 15:52:29,42.4996223449707,-8.84114646911621,"Male"
"9004160",371982,2025-05-15 15:57:30,42.4996147155762,-8.84144115447998,"Male"
"9004160",371982,2025-05-15 16:02:31,42.499755859375,-8.84117412567139,"Male"
"9004160",371982,2025-05-15 16:07:30,42.4996299743652,-8.84105396270752,"Male"
"9004160",371982,2025-05-15 16:12:31,42.5003242492676,-8.84019184112549,"Male"
"9004160",371982,2025-05-15 16:17:30,42.5016593933105,-8.84318351745605,"Male"
"9004160",371982,2025-05-15 16:22:30,42.5039176940918,-8.8480920791626,"Male"
"9004160",371982,2025-05-15 16:27:36,42.5036849975586,-8.84866046905518,"Male"
"9004160",371982,2025-05-15 16:32:30,42.5038108825684,-8.84851741790771,"Male"
"9004160",371982,2025-05-15 16:37:31,42.5039253234863,-8.84842300415039,"Male"
"9004160",371982,2025-05-15 16:42:31,42.5038261413574,-8.84849071502686,"Male"
"9004160",371982,2025-05-15 16:47:31,42.5038833618164,-8.84865474700928,"Male"
"9004160",371982,2025-05-15 16:52:31,42.5038681030273,-8.84854125976562,"Male"
"9004160",371982,2025-05-15 16:57:31,42.5038261413574,-8.84861946105957,"Male"
"9004160",371982,2025-05-15 17:02:30,42.5037956237793,-8.84874820709229,"Male"
"9004160",371982,2025-05-15 17:07:31,42.5038146972656,-8.84874820709229,"Male"
"9004160",371982,2025-05-15 17:12:31,42.5037994384766,-8.84887409210205,"Male"
"9004160",371982,2025-05-15 17:17:30,42.5024032592773,-8.8615198135376,"Male"
"9004160",371982,2025-05-15 17:22:31,42.4975891113281,-8.8986930847168,"Male"
"9004160",371982,2025-05-15 17:27:31,42.4975242614746,-8.8987455368042,"Male"
"9004160",371982,2025-05-15 17:32:30,42.4974937438965,-8.89880275726318,"Male"
"9004160",371982,2025-05-15 17:37:30,42.4807319641113,-8.93639469146729,"Male"
"9004160",371982,2025-05-15 17:42:31,42.449146270752,-8.94274520874023,"Male"
"9004160",371982,2025-05-15 17:47:32,42.4336891174316,-8.93775844573975,"Male"
"9004160",371982,2025-05-15 17:52:30,42.399585723877,-8.92300891876221,"Male"
"9004160",371982,2025-05-15 17:57:34,42.398983001709,-8.92160606384277,"Male"
"9004160",371982,2025-05-15 18:02:30,42.399528503418,-8.9220085144043,"Male"
"9004160",371982,2025-05-15 18:07:40,42.399341583252,-8.92194843292236,"Male"
"9004160",371982,2025-05-15 18:12:30,42.3993301391602,-8.92192363739014,"Male"
"9004160",371982,2025-05-15 18:17:30,42.3992652893066,-8.92178153991699,"Male"
"9004160",371982,2025-05-15 18:22:30,42.3992881774902,-8.92192554473877,"Male"
"9004160",371982,2025-05-15 18:27:30,42.3990898132324,-8.92181301116943,"Male"
"9004160",371982,2025-05-15 18:32:31,42.3989944458008,-8.92142581939697,"Male"
"9004160",371982,2025-05-15 18:37:32,42.3989601135254,-8.92115306854248,"Male"
"9004160",371982,2025-05-15 18:42:30,42.3989677429199,-8.92097759246826,"Male"
"9004160",371982,2025-05-15 18:47:42,42.3991737365723,-8.92191123962402,"Male"
"9004160",371982,2025-05-15 18:52:30,42.3991966247559,-8.92201232910156,"Male"
"9004160",371982,2025-05-15 18:57:33,42.3990631103516,-8.92204761505127,"Male"
"9004160",371982,2025-05-15 19:02:29,42.3993988037109,-8.92238712310791,"Male"
"9004160",371982,2025-05-15 19:07:29,42.3997230529785,-8.92269229888916,"Male"
"9004160",371982,2025-05-15 19:12:29,42.3994255065918,-8.92232227325439,"Male"
"9004160",371982,2025-05-15 19:17:30,42.399585723877,-8.92245006561279,"Male"
"9004160",371982,2025-05-15 19:22:34,42.3990592956543,-8.92185592651367,"Male"
"9004160",371982,2025-05-15 19:27:32,42.3997917175293,-8.92295742034912,"Male"
"9004160",371982,2025-05-15 19:32:37,42.399299621582,-8.92187309265137,"Male"
"9004160",371982,2025-05-15 19:37:37,42.3991775512695,-8.92188930511475,"Male"
"9004160",371982,2025-05-15 19:42:38,42.3992385864258,-8.92196846008301,"Male"
"9004160",371982,2025-05-15 19:47:37,42.399528503418,-8.92204761505127,"Male"
"9004160",371982,2025-05-15 19:52:37,42.3994598388672,-8.92211151123047,"Male"
"9004160",371982,2025-05-15 19:57:36,42.3993949890137,-8.92225742340088,"Male"
"9004160",371982,2025-05-15 20:02:36,42.3994827270508,-8.92226886749268,"Male"
"9004160",371982,2025-05-15 20:07:39,42.3997459411621,-8.92220020294189,"Male"
"9004160",371982,2025-05-15 20:12:33,42.3982276916504,-8.9203987121582,"Male"
"9004160",371982,2025-05-15 20:17:36,42.3996276855469,-8.92222118377686,"Male"
"9004160",371982,2025-05-15 20:22:37,42.3995895385742,-8.92219352722168,"Male"
"9004160",371982,2025-05-15 20:27:47,42.3995361328125,-8.92215919494629,"Male"
"9004160",371982,2025-05-15 20:32:39,42.3995933532715,-8.92215156555176,"Male"
"9004160",371982,2025-05-15 20:37:36,42.3996734619141,-8.92221069335938,"Male"
"9004160",371982,2025-05-15 20:42:42,42.3993759155273,-8.92193412780762,"Male"
"9004160",371982,2025-05-15 20:47:32,42.3994140625,-8.92215824127197,"Male"
"9004160",371982,2025-05-15 20:52:34,42.3992881774902,-8.92179679870605,"Male"
"9004160",371982,2025-05-15 20:57:38,42.3994178771973,-8.92186641693115,"Male"
"9004160",371982,2025-05-15 21:02:30,42.399356842041,-8.92193794250488,"Male"
"9004160",371982,2025-05-15 21:07:36,42.3986549377441,-8.92179203033447,"Male"
"9004160",371982,2025-05-15 21:12:30,42.3986854553223,-8.92158603668213,"Male"
"9004160",371982,2025-05-15 21:17:55,42.3979644775391,-8.92160797119141,"Male"
"9004160",371982,2025-05-15 21:22:54,42.3980445861816,-8.92167472839355,"Male"
"9004160",371982,2025-05-15 21:28:06,42.399486541748,-8.92189025878906,"Male"
"9004160",371982,2025-05-15 21:33:10,42.3995513916016,-8.92189502716064,"Male"
"9004160",371982,2025-05-15 21:37:56,42.3998603820801,-8.92168521881104,"Male"
"9004160",371982,2025-05-15 21:43:14,42.3995780944824,-8.92187023162842,"Male"
"9004160",371982,2025-05-15 21:47:54,42.3995208740234,-8.92226123809814,"Male"
"9004160",371982,2025-05-15 21:52:58,42.4002532958984,-8.92305088043213,"Male"
"9004160",371982,2025-05-15 21:57:56,42.399284362793,-8.9215612411499,"Male"
"9004160",371982,2025-05-15 22:03:04,42.3994941711426,-8.92182350158691,"Male"
"9004160",371982,2025-05-15 22:07:54,42.3991775512695,-8.92181205749512,"Male"
"9004160",371982,2025-05-15 22:12:57,42.3993682861328,-8.92177772521973,"Male"
"9004160",371982,2025-05-15 22:18:04,42.3993911743164,-8.92205715179443,"Male"
"9004160",371982,2025-05-15 22:23:34,42.3993339538574,-8.92200183868408,"Male"
"9004160",371982,2025-05-15 22:27:54,42.3991775512695,-8.92212390899658,"Male"
"9004160",371982,2025-05-15 22:32:58,42.3994903564453,-8.92208290100098,"Male"
"9004160",371982,2025-05-15 22:37:57,42.3991279602051,-8.92215919494629,"Male"
"9004160",371982,2025-05-15 22:42:58,42.3994026184082,-8.9222526550293,"Male"
"9004160",371982,2025-05-15 22:47:59,42.3993263244629,-8.92172622680664,"Male"
"9004160",371982,2025-05-15 22:52:58,42.3993492126465,-8.92176151275635,"Male"
"9004160",371982,2025-05-15 22:58:02,42.399242401123,-8.92199039459229,"Male"
"9004160",371982,2025-05-15 23:02:57,42.399169921875,-8.92172718048096,"Male"
"9004160",371982,2025-05-15 23:07:58,42.3991050720215,-8.92198753356934,"Male"
"9004160",371982,2025-05-15 23:12:54,42.3991889953613,-8.92184257507324,"Male"
"9004160",371982,2025-05-15 23:17:53,42.3996429443359,-8.92153549194336,"Male"
"9004160",371982,2025-05-15 23:22:56,42.4006881713867,-8.92061138153076,"Male"
"9004160",371982,2025-05-15 23:27:54,42.3992156982422,-8.92191886901855,"Male"
"9004160",371982,2025-05-15 23:33:00,42.3992156982422,-8.92188930511475,"Male"
"9004160",371982,2025-05-15 23:38:02,42.399097442627,-8.92196083068848,"Male"
"9004160",371982,2025-05-15 23:42:55,42.3991775512695,-8.92190265655518,"Male"
"9004160",371982,2025-05-15 23:47:55,42.3991966247559,-8.92172050476074,"Male"
"9004160",371982,2025-05-15 23:52:56,42.399227142334,-8.92188930511475,"Male"
"9004160",371982,2025-05-15 23:57:58,42.3998794555664,-8.9216365814209,"Male"
"9004160",371982,2025-05-16 00:02:56,42.3998908996582,-8.92172622680664,"Male"
"9004160",371982,2025-05-16 00:07:55,42.3997039794922,-8.92204666137695,"Male"
"9004160",371982,2025-05-16 00:12:55,42.3997955322266,-8.92192363739014,"Male"
"9004160",371982,2025-05-16 00:17:54,42.3998794555664,-8.92311573028564,"Male"
"9004160",371982,2025-05-16 00:22:56,42.3997688293457,-8.92199993133545,"Male"
"9004160",371982,2025-05-16 00:27:54,42.3996963500977,-8.92306041717529,"Male"
"9004160",371982,2025-05-16 00:32:54,42.3997993469238,-8.92303562164307,"Male"
"9004160",371982,2025-05-16 00:37:55,42.3997421264648,-8.92260646820068,"Male"
"9004160",371982,2025-05-16 00:42:54,42.3997230529785,-8.92284774780273,"Male"
"9004160",371982,2025-05-16 00:47:55,42.3994827270508,-8.92282581329346,"Male"
"9004160",371982,2025-05-16 00:52:56,42.3996810913086,-8.92280197143555,"Male"
"9004160",371982,2025-05-16 00:57:57,42.3992042541504,-8.92266941070557,"Male"
"9004160",371982,2025-05-16 01:02:58,42.3994979858398,-8.92289733886719,"Male"
"9004160",371982,2025-05-16 01:08:05,42.3993034362793,-8.92166328430176,"Male"
"9004160",371982,2025-05-16 01:13:08,42.3994789123535,-8.92171573638916,"Male"
"9004160",371982,2025-05-16 01:17:59,42.3995513916016,-8.92270755767822,"Male"
"9004160",371982,2025-05-16 01:23:07,42.3993644714355,-8.92175006866455,"Male"
"9004160",371982,2025-05-16 01:27:57,42.399341583252,-8.92232418060303,"Male"
"9004160",371982,2025-05-16 01:33:08,42.3993606567383,-8.92187118530273,"Male"
"9004160",371982,2025-05-16 01:37:57,42.3992919921875,-8.92191886901855,"Male"
"9004160",371982,2025-05-16 01:42:56,42.3993186950684,-8.92191219329834,"Male"
"9004160",371982,2025-05-16 01:48:04,42.3995361328125,-8.9219274520874,"Male"
"9004160",371982,2025-05-16 01:52:59,42.3993873596191,-8.92195796966553,"Male"
"9004160",371982,2025-05-16 01:58:00,42.3995933532715,-8.9219217300415,"Male"
"9004160",371982,2025-05-16 02:03:04,42.3995513916016,-8.92195606231689,"Male"
"9004160",371982,2025-05-16 02:07:57,42.3995208740234,-8.92202854156494,"Male"
"9004160",371982,2025-05-16 02:13:05,42.3994941711426,-8.92202186584473,"Male"
"9004160",371982,2025-05-16 02:18:00,42.3999671936035,-8.92177677154541,"Male"
"9004160",371982,2025-05-16 02:23:11,42.3993301391602,-8.92193794250488,"Male"
"9004160",371982,2025-05-16 02:27:56,42.3991355895996,-8.92196750640869,"Male"
"9004160",371982,2025-05-16 02:33:04,42.3987770080566,-8.92163181304932,"Male"
"9004160",371982,2025-05-16 02:37:56,42.3997764587402,-8.92251396179199,"Male"
"9004160",371982,2025-05-16 02:43:29,42.3987503051758,-8.92182350158691,"Male"
"9004160",371982,2025-05-16 02:48:01,42.3989601135254,-8.92156505584717,"Male"
"9004160",371982,2025-05-16 02:53:04,42.3993072509766,-8.92204856872559,"Male"
"9004160",371982,2025-05-16 02:58:10,42.3991241455078,-8.92186260223389,"Male"
"9004160",371982,2025-05-16 03:03:00,42.3991737365723,-8.92190456390381,"Male"
"9004160",371982,2025-05-16 03:08:20,42.3992118835449,-8.92204093933105,"Male"
"9004160",371982,2025-05-16 03:13:25,42.3993453979492,-8.92177677154541,"Male"
"9004160",371982,2025-05-16 03:17:55,42.3995056152344,-8.92205905914307,"Male"
"9004160",371982,2025-05-16 03:23:04,42.3995399475098,-8.92194080352783,"Male"
"9004160",371982,2025-05-16 03:28:02,42.3998489379883,-8.92233657836914,"Male"
"9004160",371982,2025-05-16 03:33:04,42.3994903564453,-8.92176818847656,"Male"
"9004160",371982,2025-05-16 03:38:27,42.3994674682617,-8.92200374603271,"Male"
"9004160",371982,2025-05-16 03:44:17,42.399600982666,-8.92189884185791,"Male"
"9004160",371982,2025-05-16 03:49:17,42.3995666503906,-8.92197608947754,"Male"
"9004160",371982,2025-05-16 03:53:01,42.3992576599121,-8.92186164855957,"Male"
"9004160",371982,2025-05-16 03:58:00,42.3995666503906,-8.92245864868164,"Male"
"9004160",371982,2025-05-16 04:03:10,42.399356842041,-8.92196273803711,"Male"
"9004160",371982,2025-05-16 04:08:13,42.3993988037109,-8.92189693450928,"Male"
"9004160",371982,2025-05-16 04:13:06,42.3994522094727,-8.92197704315186,"Male"
"9004160",371982,2025-05-16 04:18:17,42.3994331359863,-8.92196369171143,"Male"
"9004160",371982,2025-05-16 04:23:13,42.3993606567383,-8.92190074920654,"Male"
"9004160",371982,2025-05-16 04:28:07,42.3992576599121,-8.92191886901855,"Male"
"9004160",371982,2025-05-16 04:34:17,42.3993759155273,-8.92188453674316,"Male"
"9004160",371982,2025-05-16 04:38:07,42.3994026184082,-8.92203712463379,"Male"
"9004160",371982,2025-05-16 04:43:07,42.3993911743164,-8.92200660705566,"Male"
"9004160",371982,2025-05-16 04:48:00,42.3993682861328,-8.92197322845459,"Male"
"9004160",371982,2025-05-16 04:52:56,42.3997764587402,-8.92232990264893,"Male"
"9004160",371982,2025-05-16 04:58:01,42.3993263244629,-8.92194557189941,"Male"
"9004160",371982,2025-05-16 05:02:58,42.3993530273438,-8.92210006713867,"Male"
"9004160",371982,2025-05-16 05:08:02,42.3993186950684,-8.92203521728516,"Male"
"9004160",371982,2025-05-16 05:12:54,42.3996047973633,-8.92221641540527,"Male"
"9004160",371982,2025-05-16 05:17:55,42.3996124267578,-8.92222785949707,"Male"
"9004160",371982,2025-05-16 05:23:00,42.3992805480957,-8.92199897766113,"Male"
"9004160",371982,2025-05-16 05:27:55,42.3985977172852,-8.92134094238281,"Male"
"9004160",371982,2025-05-16 05:33:14,42.3993797302246,-8.92206001281738,"Male"
"9004160",371982,2025-05-16 05:37:53,42.3992958068848,-8.92197799682617,"Male"
"9004160",371982,2025-05-16 05:42:58,42.3991317749023,-8.9218168258667,"Male"
"9004160",371982,2025-05-16 05:47:54,42.3994979858398,-8.92205810546875,"Male"
"9004160",371982,2025-05-16 05:52:54,42.3975486755371,-8.92003917694092,"Male"
"9004160",371982,2025-05-16 05:57:54,42.4016265869141,-8.8990650177002,"Male"
"9004160",371982,2025-05-16 06:02:56,42.4017448425293,-8.89903450012207,"Male"
"9004160",371982,2025-05-16 06:07:57,42.4018516540527,-8.89855289459229,"Male"
"9004160",371982,2025-05-16 06:12:55,42.4011688232422,-8.89887523651123,"Male"
"9004160",371982,2025-05-16 06:17:55,42.4000358581543,-8.89999198913574,"Male"
"9004160",371982,2025-05-16 06:23:16,42.4047355651855,-8.90011978149414,"Male"
"9004160",371982,2025-05-16 06:28:13,42.4106407165527,-8.89182281494141,"Male"
"9004160",371982,2025-05-16 06:34:32,42.4137687683105,-8.8849401473999,"Male"
"9004160",371982,2025-05-16 06:39:21,42.4132080078125,-8.88443183898926,"Male"
"9004160",371982,2025-05-16 06:44:21,42.4073677062988,-8.87355613708496,"Male"
"9004160",371982,2025-05-16 06:49:30,42.4073371887207,-8.8715763092041,"Male"
"9004160",371982,2025-05-16 06:54:22,42.402961730957,-8.86377143859863,"Male"
"9004160",371982,2025-05-16 06:59:44,42.4040222167969,-8.86358261108398,"Male"
"9004160",371982,2025-05-16 07:04:39,42.4022636413574,-8.86139965057373,"Male"
"9004160",371982,2025-05-16 07:10:10,42.4005699157715,-8.86215209960938,"Male"
"9004160",371982,2025-05-16 07:15:13,42.4003753662109,-8.86319828033447,"Male"
"9004160",371982,2025-05-16 07:20:10,42.3957824707031,-8.86069965362549,"Male"
"9004160",371982,2025-05-16 07:25:44,42.3950080871582,-8.85937690734863,"Male"
"9004160",371982,2025-05-16 07:30:42,42.3936576843262,-8.86081027984619,"Male"
"9004160",371982,2025-05-16 07:36:34,42.3947486877441,-8.86186695098877,"Male"
"9004160",371982,2025-05-16 07:41:32,42.3945732116699,-8.86189746856689,"Male"
"9004160",371982,2025-05-16 07:46:31,42.3954963684082,-8.8635721206665,"Male"
"9004160",371982,2025-05-16 07:51:34,42.3969383239746,-8.86520385742188,"Male"
"9004160",371982,2025-05-16 07:56:31,42.3975448608398,-8.86682319641113,"Male"
"9004160",371982,2025-05-16 08:01:31,42.398494720459,-8.86714458465576,"Male"
"9004160",371982,2025-05-16 08:06:32,42.3993949890137,-8.86823177337646,"Male"
"9004160",371982,2025-05-16 08:12:23,42.4004516601562,-8.86983108520508,"Male"
"9004160",371982,2025-05-16 08:16:31,42.4014472961426,-8.87108707427979,"Male"
"9004160",371982,2025-05-16 08:21:32,42.4027633666992,-8.8736457824707,"Male"
"9004160",371982,2025-05-16 08:26:33,42.4038429260254,-8.87582492828369,"Male"
"9004160",371982,2025-05-16 08:31:35,42.4041328430176,-8.87619781494141,"Male"
"9004160",371982,2025-05-16 08:36:32,42.4053611755371,-8.8800687789917,"Male"
"9004160",371982,2025-05-16 08:41:33,42.4062881469727,-8.88285064697266,"Male"
"9004160",371982,2025-05-16 08:46:34,42.4066314697266,-8.88577556610107,"Male"
"9004160",371982,2025-05-16 08:51:32,42.4062881469727,-8.88833236694336,"Male"
"9004160",371982,2025-05-16 08:56:39,42.4062995910645,-8.89157485961914,"Male"
"9004160",371982,2025-05-16 09:01:33,42.4063262939453,-8.8940486907959,"Male"
"9004160",371982,2025-05-16 09:06:34,42.4067420959473,-8.89627361297607,"Male"
"9004160",371982,2025-05-16 09:11:33,42.4071502685547,-8.89861488342285,"Male"
"9004160",371982,2025-05-16 09:17:44,42.4074363708496,-8.90157699584961,"Male"
"9004160",371982,2025-05-16 09:21:34,42.4072532653809,-8.903639793396,"Male"
"9004160",371982,2025-05-16 09:26:31,42.4066162109375,-8.90655422210693,"Male"
"9004160",371982,2025-05-16 09:31:34,42.4058380126953,-8.9094409942627,"Male"
"9004160",371982,2025-05-16 09:36:33,42.404857635498,-8.91222381591797,"Male"
"9004160",371982,2025-05-16 09:41:35,42.4039916992188,-8.91518497467041,"Male"
"9004160",371982,2025-05-16 09:51:52,42.4013900756836,-8.9207706451416,"Male"
"9004160",371982,2025-05-16 09:56:31,42.4013442993164,-8.92059898376465,"Male"
"9004160",371982,2025-05-16 10:01:44,42.4013442993164,-8.92059516906738,"Male"
"9004160",371982,2025-05-16 10:06:33,42.4014739990234,-8.92071151733398,"Male"
"9004160",371982,2025-05-16 10:12:05,42.4013671875,-8.9206657409668,"Male"
"9004160",371982,2025-05-16 10:16:30,42.4013366699219,-8.92070865631104,"Male"
"9004160",371982,2025-05-16 10:21:30,42.4013862609863,-8.92071628570557,"Male"
"9004160",371982,2025-05-16 10:26:30,42.3994483947754,-8.924147605896,"Male"
"9004160",371982,2025-05-16 10:31:30,42.3995590209961,-8.92192554473877,"Male"
"9004160",371982,2025-05-16 10:36:32,42.399112701416,-8.92207813262939,"Male"
"9004160",371982,2025-05-16 10:42:24,42.399341583252,-8.92182731628418,"Male"
"9004160",371982,2025-05-16 10:46:46,42.3991279602051,-8.9219388961792,"Male"
"9004160",371982,2025-05-16 10:51:42,42.3991050720215,-8.92201042175293,"Male"
"9004160",371982,2025-05-16 10:56:37,42.3989868164062,-8.9219217300415,"Male"
"9004160",371982,2025-05-16 11:01:36,42.3990592956543,-8.92172813415527,"Male"
"9004160",371982,2025-05-16 11:06:46,42.3991050720215,-8.92188930511475,"Male"
"9004160",371982,2025-05-16 11:11:37,42.3991851806641,-8.92196655273438,"Male"
"9004160",371982,2025-05-16 11:16:38,42.3991546630859,-8.92194652557373,"Male"
"9004160",371982,2025-05-16 11:21:36,42.3990745544434,-8.92185115814209,"Male"
"9004160",371982,2025-05-16 11:26:30,42.3992195129395,-8.92199802398682,"Male"
"9004160",371982,2025-05-16 11:31:30,42.3992195129395,-8.92198848724365,"Male"
"9004160",371982,2025-05-16 11:36:30,42.3993034362793,-8.92201900482178,"Male"
"9004160",371982,2025-05-16 11:41:30,42.3993225097656,-8.92198753356934,"Male"
"9004160",371982,2025-05-16 11:46:32,42.3991584777832,-8.92200469970703,"Male"
"9004160",371982,2025-05-16 11:51:31,42.3991851806641,-8.92190265655518,"Male"
"9004160",371982,2025-05-16 11:56:35,42.4011611938477,-8.92255306243896,"Male"
"9004160",371982,2025-05-16 12:01:31,42.4013442993164,-8.92139148712158,"Male"
"9004160",371982,2025-05-16 12:06:31,42.4015235900879,-8.92138195037842,"Male"
"9004160",371982,2025-05-16 12:11:31,42.401683807373,-8.92148208618164,"Male"
"9004160",371982,2025-05-16 12:16:31,42.4306564331055,-8.92563056945801,"Male"
"9004160",371982,2025-05-16 12:21:31,42.4558029174805,-8.93708992004395,"Male"
"9004160",371982,2025-05-16 12:26:31,42.4869232177734,-8.91685962677002,"Male"
"9004160",371982,2025-05-16 12:31:31,42.5131721496582,-8.85810279846191,"Male"
"9004160",371982,2025-05-16 12:36:39,42.5201148986816,-8.83120059967041,"Male"
"9004160",371982,2025-05-16 12:41:52,42.5214805603027,-8.83239650726318,"Male"
"9004160",371982,2025-05-16 12:46:47,42.5219421386719,-8.83149242401123,"Male"
"9004160",371982,2025-05-16 12:51:48,42.5204467773438,-8.83059978485107,"Male"
"9004160",371982,2025-05-16 12:56:47,42.5197334289551,-8.82969951629639,"Male"
"9004160",371982,2025-05-16 13:01:47,42.5197944641113,-8.82980823516846,"Male"
"9004160",371982,2025-05-16 13:06:48,42.5197830200195,-8.82976150512695,"Male"
"9004160",371982,2025-05-16 13:11:48,42.5197639465332,-8.82973670959473,"Male"
"9004160",371982,2025-05-16 13:16:49,42.5197296142578,-8.83002662658691,"Male"
"9004160",371982,2025-05-16 13:21:47,42.5197563171387,-8.83009243011475,"Male"
"9004160",371982,2025-05-16 13:26:48,42.5198440551758,-8.82942676544189,"Male"
"9004160",371982,2025-05-16 13:31:50,42.519889831543,-8.82937335968018,"Male"
"9004160",371982,2025-05-16 13:37:14,42.5198211669922,-8.82968044281006,"Male"
"9004160",371982,2025-05-16 13:41:48,42.5199089050293,-8.82968425750732,"Male"
"9004160",371982,2025-05-16 13:46:48,42.5198440551758,-8.829665184021,"Male"
"9004160",371982,2025-05-16 13:51:53,42.5198631286621,-8.82965183258057,"Male"
"9004160",371982,2025-05-16 13:57:17,42.5197257995605,-8.83121395111084,"Male"
"9004160",371982,2025-05-16 14:14:48,42.5225410461426,-8.83024215698242,"Male"
"9004160",371982,2025-05-16 14:24:30,42.5227203369141,-8.83071994781494,"Male"
"9004160",371982,2025-05-16 14:33:59,42.5202941894531,-8.82932758331299,"Male"
"9004160",371982,2025-05-16 14:37:59,42.5205268859863,-8.82954120635986,"Male"
"9004160",371982,2025-05-16 14:42:57,42.5204315185547,-8.82973480224609,"Male"
"9004160",371982,2025-05-16 14:47:59,42.5204772949219,-8.82968616485596,"Male"
"9004160",371982,2025-05-16 14:52:59,42.5204696655273,-8.8297119140625,"Male"
"9004160",371982,2025-05-16 14:57:59,42.5204582214355,-8.82972431182861,"Male"
"9004160",371982,2025-05-16 15:03:00,42.5204849243164,-8.82972049713135,"Male"
"9004160",371982,2025-05-16 15:08:10,42.5210914611816,-8.82934093475342,"Male"
"9004160",371982,2025-05-16 15:12:56,42.5204887390137,-8.82984161376953,"Male"
"9004160",371982,2025-05-16 15:17:56,42.5205345153809,-8.83000087738037,"Male"
"9004160",371982,2025-05-16 15:22:55,42.5207710266113,-8.8298225402832,"Male"
"9004160",371982,2025-05-16 15:27:58,42.5205764770508,-8.82886981964111,"Male"
"9004160",371982,2025-05-16 15:32:56,42.5205535888672,-8.82956504821777,"Male"
"9004160",371982,2025-05-16 15:39:03,42.5212478637695,-8.83086109161377,"Male"
"9004160",371982,2025-05-16 15:44:54,42.5223541259766,-8.83125495910645,"Male"
"9004160",371982,2025-05-16 15:50:07,42.5227928161621,-8.83173179626465,"Male"
"9004160",371982,2025-05-16 15:55:11,42.5226097106934,-8.8305492401123,"Male"
"9004160",371982,2025-05-16 16:01:12,42.5205154418945,-8.82972812652588,"Male"
"9004160",371982,2025-05-16 16:06:13,42.5206298828125,-8.82844161987305,"Male"
"9004160",371982,2025-05-16 16:11:13,42.520751953125,-8.82869625091553,"Male"
"9004160",371982,2025-05-16 16:16:15,42.5207252502441,-8.82882785797119,"Male"
"9004160",371982,2025-05-16 16:21:15,42.5207252502441,-8.82895374298096,"Male"
"9004160",371982,2025-05-16 16:26:18,42.5207099914551,-8.82870292663574,"Male"
"9004160",371982,2025-05-16 16:31:18,42.5207901000977,-8.82854747772217,"Male"
"9004160",371982,2025-05-16 16:36:21,42.5207176208496,-8.82877349853516,"Male"
"9004160",371982,2025-05-16 16:41:16,42.5208129882812,-8.82860660552979,"Male"
"9004160",371982,2025-05-16 16:46:16,42.5204429626465,-8.82900714874268,"Male"
"9004160",371982,2025-05-16 16:51:16,42.5200729370117,-8.82940483093262,"Male"
"9004160",371982,2025-05-16 16:56:34,42.5205116271973,-8.82949733734131,"Male"
"9004160",371982,2025-05-16 17:01:10,42.5205612182617,-8.82953548431396,"Male"
"9004160",371982,2025-05-16 17:06:10,42.5205612182617,-8.82961654663086,"Male"
"9004160",371982,2025-05-16 17:11:17,42.520866394043,-8.8303804397583,"Male"
"9004160",371982,2025-05-16 17:16:19,42.5207443237305,-8.8320369720459,"Male"
"9004160",371982,2025-05-16 17:21:59,42.5215873718262,-8.83303833007812,"Male"
"9004160",371982,2025-05-16 17:27:30,42.5205383300781,-8.8342342376709,"Male"
"9004160",371982,2025-05-16 17:32:29,42.5195732116699,-8.83518028259277,"Male"
"9004160",371982,2025-05-16 17:37:28,42.5183410644531,-8.83569526672363,"Male"
"9004160",371982,2025-05-16 17:42:30,42.5172805786133,-8.83635711669922,"Male"
"9004160",371982,2025-05-16 17:47:31,42.5160102844238,-8.83701610565186,"Male"
"9004160",371982,2025-05-16 17:52:31,42.5142555236816,-8.8388032913208,"Male"
"9004160",371982,2025-05-16 17:57:54,42.512092590332,-8.84049415588379,"Male"
"9004160",371982,2025-05-16 18:02:54,42.511848449707,-8.84109687805176,"Male"
"9004160",371982,2025-05-16 18:07:54,42.5118293762207,-8.84108638763428,"Male"
"9004160",371982,2025-05-16 18:12:54,42.5118026733398,-8.84110927581787,"Male"
"9004160",371982,2025-05-16 18:17:54,42.5117950439453,-8.84114360809326,"Male"
"9004160",371982,2025-05-16 18:22:53,42.511791229248,-8.8411283493042,"Male"
"9004160",371982,2025-05-16 18:27:54,42.5117111206055,-8.84107780456543,"Male"
"9004160",371982,2025-05-16 18:32:53,42.5117149353027,-8.84109878540039,"Male"
"9004160",371982,2025-05-16 18:37:54,42.511775970459,-8.84109687805176,"Male"
"9004160",371982,2025-05-16 18:42:54,42.5117683410645,-8.84113788604736,"Male"
"9004160",371982,2025-05-16 18:47:54,42.5117073059082,-8.84105205535889,"Male"
"9004160",371982,2025-05-16 18:54:01,42.5099678039551,-8.84214401245117,"Male"
"9004160",371982,2025-05-16 18:59:00,42.5090141296387,-8.84387683868408,"Male"
"9004160",371982,2025-05-16 19:04:04,42.5089492797852,-8.84719181060791,"Male"
"9004160",371982,2025-05-16 19:09:00,42.5091819763184,-8.84839153289795,"Male"
"9004160",371982,2025-05-16 19:14:00,42.5091819763184,-8.84838676452637,"Male"
"9004160",371982,2025-05-16 19:19:00,42.5091705322266,-8.84843444824219,"Male"
"9004160",371982,2025-05-16 19:24:00,42.5091743469238,-8.84850120544434,"Male"
"9004160",371982,2025-05-16 19:29:00,42.5091667175293,-8.84845638275146,"Male"
"9004160",371982,2025-05-16 19:34:00,42.5063667297363,-8.8700475692749,"Male"
"9004160",371982,2025-05-16 19:39:00,42.486385345459,-8.92201805114746,"Male"
"9004160",371982,2025-05-16 19:44:00,42.4774208068848,-8.94507598876953,"Male"
"9004160",371982,2025-05-16 19:49:00,42.4774055480957,-8.94501113891602,"Male"
"9004160",371982,2025-05-16 19:54:00,42.4773406982422,-8.94526100158691,"Male"
"9004160",371982,2025-05-16 19:59:00,42.4773941040039,-8.94502353668213,"Male"
"9004160",371982,2025-05-16 20:04:00,42.477409362793,-8.94516277313232,"Male"
"9004160",371982,2025-05-16 20:09:00,42.4774513244629,-8.94519233703613,"Male"
"9004160",371982,2025-05-16 20:14:00,42.4774513244629,-8.94510936737061,"Male"
"9004160",371982,2025-05-16 20:19:00,42.4774551391602,-8.94515228271484,"Male"
"9004160",371982,2025-05-16 20:24:00,42.4775657653809,-8.94521713256836,"Male"
"9004160",371982,2025-05-16 20:29:00,42.4775276184082,-8.94511890411377,"Male"
"9004160",371982,2025-05-16 20:34:00,42.4775848388672,-8.94517612457275,"Male"
"9004160",371982,2025-05-16 20:39:00,42.4775543212891,-8.94516658782959,"Male"
"9004160",371982,2025-05-16 20:44:00,42.4776229858398,-8.94523048400879,"Male"
"9004160",371982,2025-05-16 20:49:00,42.4776268005371,-8.94525814056396,"Male"
"9004160",371982,2025-05-16 20:54:02,42.4776191711426,-8.94525337219238,"Male"
"9004160",371982,2025-05-16 20:59:01,42.4775543212891,-8.9449348449707,"Male"
"9004160",371982,2025-05-16 21:04:00,42.4776191711426,-8.94509983062744,"Male"
"9004160",371982,2025-05-16 21:09:01,42.477611541748,-8.94471263885498,"Male"
"9004160",371982,2025-05-16 21:14:04,42.4777183532715,-8.94476985931396,"Male"
"9004160",371982,2025-05-16 21:19:01,42.477840423584,-8.94486904144287,"Male"
"9004160",371982,2025-05-16 21:24:03,42.4778060913086,-8.94506168365479,"Male"
"9004160",371982,2025-05-16 21:29:01,42.477840423584,-8.94473266601562,"Male"
"9004160",371982,2025-05-16 21:34:06,42.4781761169434,-8.94503784179688,"Male"
"9004160",371982,2025-05-16 21:39:00,42.4777755737305,-8.94448757171631,"Male"
"9004160",371982,2025-05-16 21:44:00,42.4768218994141,-8.94571208953857,"Male"
"9004160",371982,2025-05-16 21:49:01,42.4786491394043,-8.94356346130371,"Male"
"9004160",371982,2025-05-16 21:54:00,42.4761390686035,-8.94494152069092,"Male"
"9004160",371982,2025-05-16 21:59:02,42.4758567810059,-8.9456844329834,"Male"
"9004160",371982,2025-05-16 22:04:14,42.4771881103516,-8.94502639770508,"Male"
"9004160",371982,2025-05-16 22:09:00,42.4772033691406,-8.94510555267334,"Male"
"9004160",371982,2025-05-16 22:14:01,42.477409362793,-8.9448938369751,"Male"
"9004160",371982,2025-05-16 22:19:00,42.4773635864258,-8.94509410858154,"Male"
"9004160",371982,2025-05-16 22:24:00,42.4772682189941,-8.94500064849854,"Male"
"9004160",371982,2025-05-16 22:29:00,42.4773750305176,-8.94486141204834,"Male"
"9004160",371982,2025-05-16 22:34:00,42.4772987365723,-8.94484996795654,"Male"
"9004160",371982,2025-05-16 22:39:00,42.4772415161133,-8.94502067565918,"Male"
"9004160",371982,2025-05-16 22:44:00,42.4774703979492,-8.94488430023193,"Male"
"9004160",371982,2025-05-16 22:49:14,42.4773139953613,-8.94472599029541,"Male"
"9004160",371982,2025-05-16 22:54:00,42.477294921875,-8.94471549987793,"Male"
"9004160",371982,2025-05-16 22:59:00,42.4774932861328,-8.94493865966797,"Male"
"9004160",371982,2025-05-16 23:04:02,42.4774017333984,-8.94461345672607,"Male"
"9004160",371982,2025-05-16 23:09:00,42.4773330688477,-8.94487190246582,"Male"
"9004160",371982,2025-05-16 23:14:00,42.4773139953613,-8.944899559021,"Male"
"9004160",371982,2025-05-16 23:19:00,42.477352142334,-8.94479179382324,"Male"
"9004160",371982,2025-05-16 23:24:01,42.4773063659668,-8.94489574432373,"Male"
"9004160",371982,2025-05-16 23:29:00,42.4773635864258,-8.94464778900146,"Male"
"9004160",371982,2025-05-16 23:34:00,42.4775123596191,-8.94472122192383,"Male"
"9004160",371982,2025-05-16 23:39:00,42.4773979187012,-8.94483280181885,"Male"
"9004160",371982,2025-05-16 23:44:00,42.4773864746094,-8.94479751586914,"Male"
"9004160",371982,2025-05-16 23:49:13,42.4775581359863,-8.94471073150635,"Male"
"9004160",371982,2025-05-16 23:54:35,42.4774322509766,-8.9447717666626,"Male"
"9004160",371982,2025-05-16 23:58:59,42.4773979187012,-8.94494247436523,"Male"
"9004160",371982,2025-05-17 00:04:00,42.4774436950684,-8.94470977783203,"Male"
"9004160",371982,2025-05-17 00:09:00,42.4773712158203,-8.94496250152588,"Male"
"9004160",371982,2025-05-17 00:14:00,42.4775009155273,-8.94485092163086,"Male"
"9004160",371982,2025-05-17 00:19:00,42.4774360656738,-8.94453716278076,"Male"
"9004160",371982,2025-05-17 00:23:59,42.4773216247559,-8.94478988647461,"Male"
"9004160",371982,2025-05-17 00:29:00,42.4772186279297,-8.94499206542969,"Male"
"9004160",371982,2025-05-17 00:34:00,42.4775123596191,-8.94461154937744,"Male"
"9004160",371982,2025-05-17 00:39:00,42.4773788452148,-8.94478321075439,"Male"
"9004160",371982,2025-05-17 00:44:00,42.4774856567383,-8.94464492797852,"Male"
"9004160",371982,2025-05-17 00:49:00,42.4771995544434,-8.94498157501221,"Male"
"9004160",371982,2025-05-17 00:54:00,42.4772872924805,-8.94480895996094,"Male"
"9004160",371982,2025-05-17 00:59:00,42.4773941040039,-8.94471836090088,"Male"
"9004160",371982,2025-05-17 01:04:00,42.4774742126465,-8.94473457336426,"Male"
"9004160",371982,2025-05-17 01:09:00,42.477352142334,-8.94471263885498,"Male"
"9004160",371982,2025-05-17 01:14:00,42.477596282959,-8.94472599029541,"Male"
"9004160",371982,2025-05-17 01:19:00,42.4774780273438,-8.94477653503418,"Male"
"9004160",371982,2025-05-17 01:24:00,42.4772644042969,-8.94477462768555,"Male"
"9004160",371982,2025-05-17 01:29:00,42.4773635864258,-8.94475936889648,"Male"
"9004160",371982,2025-05-17 01:34:00,42.477237701416,-8.94484806060791,"Male"
"9004160",371982,2025-05-17 01:39:00,42.4772987365723,-8.9448766708374,"Male"
"9004160",371982,2025-05-17 01:44:00,42.4772033691406,-8.94488334655762,"Male"
"9004160",371982,2025-05-17 01:49:00,42.4771919250488,-8.94477081298828,"Male"
"9004160",371982,2025-05-17 01:54:01,42.4775123596191,-8.94490051269531,"Male"
"9004160",371982,2025-05-17 01:59:01,42.4773712158203,-8.94481468200684,"Male"
"9004160",371982,2025-05-17 02:04:01,42.4775199890137,-8.94481754302979,"Male"
"9004160",371982,2025-05-17 02:09:00,42.4774780273438,-8.94486427307129,"Male"
"9004160",371982,2025-05-17 02:14:00,42.4774398803711,-8.94481754302979,"Male"
"9004160",371982,2025-05-17 02:19:01,42.4775009155273,-8.94494438171387,"Male"
"9004160",371982,2025-05-17 02:24:01,42.4774360656738,-8.94485569000244,"Male"
"9004160",371982,2025-05-17 02:29:00,42.4774742126465,-8.94491577148438,"Male"
"9004160",371982,2025-05-17 02:34:00,42.4776191711426,-8.94489765167236,"Male"
"9004160",371982,2025-05-17 02:39:00,42.4775772094727,-8.94536399841309,"Male"
"9004160",371982,2025-05-17 02:44:00,42.4775848388672,-8.94514656066895,"Male"
"9004160",371982,2025-05-17 02:49:00,42.4775657653809,-8.94512844085693,"Male"
"9004160",371982,2025-05-17 02:54:00,42.4776802062988,-8.9453821182251,"Male"
"9004160",371982,2025-05-17 02:59:00,42.4777069091797,-8.94536685943604,"Male"
"9004160",371982,2025-05-17 03:04:00,42.4777069091797,-8.94550514221191,"Male"
"9004160",371982,2025-05-17 03:09:00,42.4776802062988,-8.94540786743164,"Male"
"9004160",371982,2025-05-17 03:14:00,42.4777412414551,-8.94549369812012,"Male"
"9004160",371982,2025-05-17 03:19:00,42.4778861999512,-8.94585800170898,"Male"
"9004160",371982,2025-05-17 03:24:00,42.4778442382812,-8.94583988189697,"Male"
"9004160",371982,2025-05-17 03:29:00,42.4780120849609,-8.94618988037109,"Male"
"9004160",371982,2025-05-17 03:34:04,42.4778938293457,-8.94504833221436,"Male"
"9004160",371982,2025-05-17 03:39:02,42.4782333374023,-8.94439125061035,"Male"
"9004160",371982,2025-05-17 03:44:02,42.4784088134766,-8.94454383850098,"Male"
"9004160",371982,2025-05-17 03:49:00,42.4780120849609,-8.94528675079346,"Male"
"9004160",371982,2025-05-17 03:54:01,42.4777488708496,-8.94593143463135,"Male"
"9004160",371982,2025-05-17 03:59:00,42.4775924682617,-8.94594383239746,"Male"
"9004160",371982,2025-05-17 04:04:14,42.477409362793,-8.9446964263916,"Male"
"9004160",371982,2025-05-17 04:09:00,42.477424621582,-8.94481945037842,"Male"
"9004160",371982,2025-05-17 04:14:00,42.4773941040039,-8.94475746154785,"Male"
"9004160",371982,2025-05-17 04:19:00,42.4774589538574,-8.94473361968994,"Male"
"9004160",371982,2025-05-17 04:24:00,42.4773559570312,-8.94471836090088,"Male"
"9004160",371982,2025-05-17 04:29:00,42.4773254394531,-8.94474315643311,"Male"
"9004160",371982,2025-05-17 04:34:00,42.4774055480957,-8.94476890563965,"Male"
"9004160",371982,2025-05-17 04:39:00,42.4774589538574,-8.94471740722656,"Male"
"9004160",371982,2025-05-17 04:44:00,42.4773902893066,-8.94465065002441,"Male"
"9004160",371982,2025-05-17 04:49:07,42.4773101806641,-8.94485092163086,"Male"
"9004160",371982,2025-05-17 04:54:09,42.4773406982422,-8.94483852386475,"Male"
"9004160",371982,2025-05-17 04:59:09,42.4774475097656,-8.94494152069092,"Male"
"9004160",371982,2025-05-17 05:04:09,42.4775085449219,-8.94493198394775,"Male"
"9004160",371982,2025-05-17 05:09:09,42.4775085449219,-8.9449462890625,"Male"
"9004160",371982,2025-05-17 05:14:09,42.4775352478027,-8.94493961334229,"Male"
"9004160",371982,2025-05-17 05:19:09,42.4777374267578,-8.94508361816406,"Male"
"9004160",371982,2025-05-17 05:24:09,42.4777526855469,-8.94511413574219,"Male"
"9004160",371982,2025-05-17 05:29:09,42.4778938293457,-8.94513511657715,"Male"
"9004160",371982,2025-05-17 05:34:10,42.4898567199707,-8.91786479949951,"Male"
"9004160",371982,2025-05-17 05:39:00,42.4962387084961,-8.90223407745361,"Male"
"9004160",371982,2025-05-17 05:44:00,42.4984169006348,-8.89585113525391,"Male"
"9004160",371982,2025-05-17 05:49:00,42.5160179138184,-8.85226440429688,"Male"
"9004160",371982,2025-05-17 05:54:46,42.5215225219727,-8.83337593078613,"Male"
"9004160",371982,2025-05-17 06:00:54,42.5207366943359,-8.8314208984375,"Male"
"9004160",371982,2025-05-17 06:06:35,42.5207214355469,-8.82961177825928,"Male"
"9004160",371982,2025-05-17 06:10:53,42.5203056335449,-8.82925701141357,"Male"
"9004160",371982,2025-05-17 06:15:53,42.5204772949219,-8.82948684692383,"Male"
"9004160",371982,2025-05-17 06:20:53,42.5204429626465,-8.82936859130859,"Male"
"9004160",371982,2025-05-17 06:25:53,42.5204734802246,-8.82912349700928,"Male"
"9004160",371982,2025-05-17 06:31:14,42.520637512207,-8.82955932617188,"Male"
"9004160",371982,2025-05-17 06:35:53,42.5205230712891,-8.82966423034668,"Male"
"9004160",371982,2025-05-17 06:40:53,42.5205039978027,-8.82974147796631,"Male"
"9004160",371982,2025-05-17 06:45:53,42.520679473877,-8.82971286773682,"Male"
"9004160",371982,2025-05-17 06:50:53,42.5206336975098,-8.82961368560791,"Male"
"9004160",371982,2025-05-17 06:55:53,42.5205764770508,-8.82971286773682,"Male"
"9004160",371982,2025-05-17 07:00:53,42.5206642150879,-8.82975578308105,"Male"
"9004160",371982,2025-05-17 07:05:55,42.5205841064453,-8.82955265045166,"Male"
"9004160",371982,2025-05-17 07:10:53,42.5204772949219,-8.82948017120361,"Male"
"9004160",371982,2025-05-17 07:15:53,42.5203475952148,-8.82938098907471,"Male"
"9004160",371982,2025-05-17 07:20:54,42.5203475952148,-8.82924365997314,"Male"
"9004160",371982,2025-05-17 07:25:55,42.5205307006836,-8.82965564727783,"Male"
"9004160",371982,2025-05-17 07:30:54,42.5203590393066,-8.82908821105957,"Male"
"9004160",371982,2025-05-17 07:36:39,42.5194091796875,-8.83054351806641,"Male"
"9004160",371982,2025-05-17 07:42:29,42.517650604248,-8.82920837402344,"Male"
"9004160",371982,2025-05-17 07:47:27,42.5178909301758,-8.82842063903809,"Male"
"9004160",371982,2025-05-17 07:54:22,42.5203323364258,-8.8294792175293,"Male"
"9004160",371982,2025-05-17 07:59:12,42.520206451416,-8.82933807373047,"Male"
"9004160",371982,2025-05-17 08:04:09,42.5208473205566,-8.82931232452393,"Male"
"9004160",371982,2025-05-17 08:09:32,42.520435333252,-8.82978916168213,"Male"
"9004160",371982,2025-05-17 08:14:08,42.5204238891602,-8.82977771759033,"Male"
"9004160",371982,2025-05-17 08:19:07,42.5204544067383,-8.8298225402832,"Male"
"9004160",371982,2025-05-17 08:24:08,42.520435333252,-8.82976531982422,"Male"
"9004160",371982,2025-05-17 08:29:08,42.5204162597656,-8.82982158660889,"Male"
"9004160",371982,2025-05-17 08:34:08,42.5204048156738,-8.82974815368652,"Male"
"9004160",371982,2025-05-17 08:39:08,42.5204315185547,-8.82977867126465,"Male"
"9004160",371982,2025-05-17 08:44:08,42.5204200744629,-8.82979011535645,"Male"
"9004160",371982,2025-05-17 08:49:08,42.5206108093262,-8.83007049560547,"Male"
"9004160",371982,2025-05-17 08:54:45,42.5199165344238,-8.83150577545166,"Male"
"9004160",371982,2025-05-17 08:59:56,42.5192985534668,-8.83207416534424,"Male"
"9004160",371982,2025-05-17 09:04:58,42.5186920166016,-8.83145809173584,"Male"
"9004160",371982,2025-05-17 09:10:38,42.5178298950195,-8.8304443359375,"Male"
"9004160",371982,2025-05-17 09:16:33,42.5178680419922,-8.82944679260254,"Male"
"9004160",371982,2025-05-17 09:21:44,42.5176887512207,-8.82932567596436,"Male"
"9004160",371982,2025-05-17 09:26:31,42.5176773071289,-8.82921981811523,"Male"
"9004160",371982,2025-05-17 09:31:31,42.5176467895508,-8.82918834686279,"Male"
"9004160",371982,2025-05-17 09:36:31,42.5176086425781,-8.82939147949219,"Male"
"9004160",371982,2025-05-17 09:41:39,42.5176658630371,-8.82928848266602,"Male"
"9004160",371982,2025-05-17 09:46:44,42.5176391601562,-8.82919979095459,"Male"
"9004160",371982,2025-05-17 09:51:31,42.5175628662109,-8.82908725738525,"Male"
"9004160",371982,2025-05-17 09:56:31,42.5176887512207,-8.82927227020264,"Male"
"9004160",371982,2025-05-17 10:01:41,42.5177879333496,-8.82919406890869,"Male"
"9004160",371982,2025-05-17 10:07:19,42.5175437927246,-8.82866096496582,"Male"
"9004160",371982,2025-05-17 10:12:18,42.5175933837891,-8.82923316955566,"Male"
"9004160",371982,2025-05-17 10:17:15,42.5175971984863,-8.82918262481689,"Male"
"9004160",371982,2025-05-17 10:22:35,42.5176239013672,-8.82925987243652,"Male"
"9004160",371982,2025-05-17 10:27:14,42.5176544189453,-8.82929706573486,"Male"
"9004160",371982,2025-05-17 10:32:14,42.5176315307617,-8.82926177978516,"Male"
"9004160",371982,2025-05-17 10:37:16,42.5176124572754,-8.82932949066162,"Male"
"9004160",371982,2025-05-17 10:42:14,42.5176467895508,-8.82925319671631,"Male"
"9004160",371982,2025-05-17 10:47:14,42.5176582336426,-8.82932662963867,"Male"
"9004160",371982,2025-05-17 10:52:14,42.5176773071289,-8.82931900024414,"Male"
"9004160",371982,2025-05-17 10:57:38,42.5180320739746,-8.82940292358398,"Male"
"9004160",371982,2025-05-17 11:03:09,42.5178070068359,-8.82869529724121,"Male"
"9004160",371982,2025-05-17 11:08:04,42.5176887512207,-8.82936382293701,"Male"
"9004160",371982,2025-05-17 11:13:04,42.5176086425781,-8.8292064666748,"Male"
"9004160",371982,2025-05-17 11:18:04,42.5175743103027,-8.82928276062012,"Male"
"9004160",371982,2025-05-17 11:23:05,42.5176315307617,-8.82935810089111,"Male"
"9004160",371982,2025-05-17 11:28:15,42.5175666809082,-8.8306827545166,"Male"
"9004160",371982,2025-05-17 11:33:42,42.5179710388184,-8.83040523529053,"Male"
"9004160",371982,2025-05-17 11:39:10,42.5175552368164,-8.82992076873779,"Male"
"9004160",371982,2025-05-17 11:44:08,42.5177688598633,-8.8297643661499,"Male"
"9004160",371982,2025-05-17 11:49:07,42.5176315307617,-8.82929229736328,"Male"
"9004160",371982,2025-05-17 11:54:09,42.5176200866699,-8.82926559448242,"Male"
"9004160",371982,2025-05-17 11:59:06,42.5176048278809,-8.82929515838623,"Male"
"9004160",371982,2025-05-17 12:04:07,42.5176086425781,-8.82916450500488,"Male"
"9004160",371982,2025-05-17 12:09:06,42.5176391601562,-8.82924747467041,"Male"
"9004160",371982,2025-05-17 12:14:06,42.5176277160645,-8.82927513122559,"Male"
"9004160",371982,2025-05-17 12:19:25,42.5175857543945,-8.82923889160156,"Male"
"9004160",371982,2025-05-17 12:24:04,42.5176696777344,-8.82920551300049,"Male"
"9004160",371982,2025-05-17 12:29:04,42.5175552368164,-8.82921695709229,"Male"
"9004160",371982,2025-05-17 12:34:04,42.5175933837891,-8.82915306091309,"Male"
"9004160",371982,2025-05-17 12:39:21,42.5173950195312,-8.82887840270996,"Male"
"9004160",371982,2025-05-17 12:54:21,42.5157928466797,-8.8345365524292,"Male"
"9004160",371982,2025-05-17 12:58:09,42.5153388977051,-8.83649635314941,"Male"
"9004160",371982,2025-05-17 13:03:09,42.5152549743652,-8.83889102935791,"Male"
"9004160",371982,2025-05-17 13:08:10,42.5153961181641,-8.84120464324951,"Male"
"9004160",371982,2025-05-17 13:13:54,42.515682220459,-8.84327697753906,"Male"
"9004160",371982,2025-05-17 13:18:12,42.5158233642578,-8.84432125091553,"Male"
"9004160",371982,2025-05-17 13:23:14,42.5154914855957,-8.84466457366943,"Male"
"9004160",371982,2025-05-17 13:28:06,42.5155067443848,-8.84464359283447,"Male"
"9004160",371982,2025-05-17 13:33:04,42.5155334472656,-8.84468746185303,"Male"
"9004160",371982,2025-05-17 13:38:06,42.5155258178711,-8.8447151184082,"Male"
"9004160",371982,2025-05-17 13:43:04,42.5155448913574,-8.84458923339844,"Male"
"9004160",371982,2025-05-17 13:48:09,42.5156059265137,-8.84469985961914,"Male"
"9004160",371982,2025-05-17 13:53:12,42.5154571533203,-8.84486293792725,"Male"
"9004160",371982,2025-05-17 13:58:35,42.5143966674805,-8.84492111206055,"Male"
"9004160",371982,2025-05-17 14:03:28,42.5142440795898,-8.84692859649658,"Male"
"9004160",371982,2025-05-17 14:09:05,42.514232635498,-8.84896469116211,"Male"
"9004160",371982,2025-05-17 14:13:35,42.5138969421387,-8.84957218170166,"Male"
"9004160",371982,2025-05-17 14:18:05,42.5138969421387,-8.84949779510498,"Male"
"9004160",371982,2025-05-17 14:23:04,42.5139198303223,-8.84954738616943,"Male"
"9004160",371982,2025-05-17 14:28:06,42.5138969421387,-8.84948444366455,"Male"
"9004160",371982,2025-05-17 14:33:06,42.5139007568359,-8.84951877593994,"Male"
"9004160",371982,2025-05-17 14:38:06,42.5139007568359,-8.84947776794434,"Male"
"9004160",371982,2025-05-17 14:43:06,42.5139122009277,-8.84947776794434,"Male"
"9004160",371982,2025-05-17 14:48:06,42.5139274597168,-8.84945678710938,"Male"
"9004160",371982,2025-05-17 14:53:06,42.513916015625,-8.84945392608643,"Male"
"9004160",371982,2025-05-17 14:58:04,42.5139083862305,-8.84951782226562,"Male"
"9004160",371982,2025-05-17 15:03:04,42.5139122009277,-8.84950256347656,"Male"
"9004160",371982,2025-05-17 15:08:04,42.5139389038086,-8.8494930267334,"Male"
"9004160",371982,2025-05-17 15:13:09,42.5137329101562,-8.84979438781738,"Male"
"9004160",371982,2025-05-17 15:18:06,42.5021095275879,-8.87632369995117,"Male"
"9004160",371982,2025-05-17 15:23:06,42.5004463195801,-8.88108539581299,"Male"
"9004160",371982,2025-05-17 15:28:06,42.5004615783691,-8.88109302520752,"Male"
"9004160",371982,2025-05-17 15:33:06,42.4911155700684,-8.90421867370605,"Male"
"9004160",371982,2025-05-17 15:38:06,42.4911003112793,-8.9041633605957,"Male"
"9004160",371982,2025-05-17 15:43:06,42.491096496582,-8.904296875,"Male"
"9004160",371982,2025-05-17 15:48:06,42.4910430908203,-8.90427017211914,"Male"
"9004160",371982,2025-05-17 15:53:06,42.4910354614258,-8.90426063537598,"Male"
"9004160",371982,2025-05-17 15:58:05,42.4909210205078,-8.90442085266113,"Male"
"9004160",371982,2025-05-17 16:03:06,42.4909934997559,-8.90425491333008,"Male"
"9004160",371982,2025-05-17 16:08:06,42.491024017334,-8.90427112579346,"Male"
"9004160",371982,2025-05-17 16:13:06,42.4910163879395,-8.90430641174316,"Male"
"9004160",371982,2025-05-17 16:18:04,42.4910163879395,-8.90432071685791,"Male"
"9004160",371982,2025-05-17 16:23:08,42.4910354614258,-8.90425205230713,"Male"
"9004160",371982,2025-05-17 16:28:07,42.4910011291504,-8.90422916412354,"Male"
"9004160",371982,2025-05-17 16:33:09,42.4874305725098,-8.91222763061523,"Male"
"9004160",371982,2025-05-17 16:38:07,42.4805564880371,-8.93645286560059,"Male"
"9004160",371982,2025-05-17 16:43:06,42.4532356262207,-8.93994808197021,"Male"
"9004160",371982,2025-05-17 16:48:06,42.4080429077148,-8.92341232299805,"Male"
"9004160",371982,2025-05-17 16:53:35,42.3994674682617,-8.9218921661377,"Male"
"9004160",371982,2025-05-17 16:58:06,42.3993530273438,-8.92188549041748,"Male"
"9004160",371982,2025-05-17 17:04:05,42.3992881774902,-8.92197322845459,"Male"
"9004160",371982,2025-05-17 17:08:06,42.3992462158203,-8.9219331741333,"Male"
"9004160",371982,2025-05-17 17:13:08,42.3991470336914,-8.92197036743164,"Male"
"9004160",371982,2025-05-17 17:18:12,42.3995208740234,-8.92218494415283,"Male"
"9004160",371982,2025-05-17 17:23:10,42.3994979858398,-8.92215442657471,"Male"
"9004160",371982,2025-05-17 17:28:09,42.3992156982422,-8.92200565338135,"Male"
"9004160",371982,2025-05-17 17:33:35,42.3992805480957,-8.92194652557373,"Male"
"9004160",371982,2025-05-17 17:38:08,42.3992767333984,-8.9218921661377,"Male"
"9004160",371982,2025-05-17 17:43:07,42.3992652893066,-8.92189502716064,"Male"
"9004160",371982,2025-05-17 17:48:08,42.3992881774902,-8.92192268371582,"Male"
"9004160",371982,2025-05-17 17:53:09,42.3992233276367,-8.92192459106445,"Male"
"9004160",371982,2025-05-17 17:58:07,42.399299621582,-8.92193508148193,"Male"
"9004160",371982,2025-05-17 18:04:23,42.3992652893066,-8.92194175720215,"Male"
"9004160",371982,2025-05-17 18:08:06,42.3994331359863,-8.9218692779541,"Male"
"9004160",371982,2025-05-17 18:13:06,42.399242401123,-8.92201232910156,"Male"
"9004160",371982,2025-05-17 18:18:11,42.3995246887207,-8.92191123962402,"Male"
"9004160",371982,2025-05-17 18:23:08,42.3994216918945,-8.92188453674316,"Male"
"9004160",371982,2025-05-17 18:28:09,42.3994293212891,-8.92193984985352,"Male"
"9004160",371982,2025-05-17 18:33:06,42.3991851806641,-8.92172241210938,"Male"
"9004160",371982,2025-05-17 18:38:07,42.3993110656738,-8.92199039459229,"Male"
"9004160",371982,2025-05-17 18:43:06,42.3992729187012,-8.92215728759766,"Male"
"9004160",371982,2025-05-17 18:48:15,42.3993110656738,-8.921950340271,"Male"
"9004160",371982,2025-05-17 18:53:07,42.3993186950684,-8.92198276519775,"Male"
"9004160",371982,2025-05-17 18:58:09,42.3993530273438,-8.92198181152344,"Male"
"9004160",371982,2025-05-17 19:03:09,42.3993949890137,-8.92201519012451,"Male"
"9004160",371982,2025-05-17 19:08:09,42.3993492126465,-8.92201232910156,"Male"
"9004160",371982,2025-05-17 19:13:09,42.399356842041,-8.92200183868408,"Male"
"9004160",371982,2025-05-17 19:18:09,42.3993797302246,-8.92202091217041,"Male"
"9004160",371982,2025-05-17 19:23:09,42.3993263244629,-8.92200756072998,"Male"
"9004160",371982,2025-05-17 19:28:09,42.3993530273438,-8.92201995849609,"Male"
"9004160",371982,2025-05-17 19:33:09,42.3992652893066,-8.92196750640869,"Male"
"9004160",371982,2025-05-17 19:38:07,42.3993301391602,-8.92204189300537,"Male"
"9004160",371982,2025-05-17 19:43:10,42.3983573913574,-8.91996955871582,"Male"
"9004160",371982,2025-05-17 19:48:09,42.3993492126465,-8.92215919494629,"Male"
"9004160",371982,2025-05-17 19:53:14,42.399486541748,-8.92226314544678,"Male"
"9004160",371982,2025-05-17 19:58:13,42.3993949890137,-8.92189025878906,"Male"
"9004160",371982,2025-05-17 20:03:15,42.3994560241699,-8.92263221740723,"Male"
"9004160",371982,2025-05-17 20:08:09,42.3995170593262,-8.92257785797119,"Male"
"9004160",371982,2025-05-17 20:13:09,42.3995819091797,-8.92223358154297,"Male"
"9004160",371982,2025-05-17 20:18:14,42.3996772766113,-8.92239761352539,"Male"
"9004160",371982,2025-05-17 20:23:16,42.3995475769043,-8.92264175415039,"Male"
"9004160",371982,2025-05-17 20:28:22,42.399730682373,-8.92266178131104,"Male"
"9004160",371982,2025-05-17 20:33:13,42.3995742797852,-8.92254447937012,"Male"
"9004160",371982,2025-05-17 20:38:15,42.3994178771973,-8.92253017425537,"Male"
"9004160",371982,2025-05-17 20:43:24,42.3997611999512,-8.92258548736572,"Male"
"9004160",371982,2025-05-17 20:48:35,42.399299621582,-8.9219799041748,"Male"
"9004160",371982,2025-05-17 20:53:07,42.3992691040039,-8.92199039459229,"Male"
"9004160",371982,2025-05-17 20:58:05,42.3993606567383,-8.92194747924805,"Male"
"9004160",371982,2025-05-17 21:03:08,42.3993492126465,-8.92195415496826,"Male"
"9004160",371982,2025-05-17 21:08:17,42.3993072509766,-8.92199802398682,"Male"
"9004160",371982,2025-05-17 21:13:33,42.3993682861328,-8.92198753356934,"Male"
"9004160",371982,2025-05-17 21:18:24,42.3993034362793,-8.92208290100098,"Male"
"9004160",371982,2025-05-17 21:24:12,42.3993759155273,-8.92201519012451,"Male"
"9004160",371982,2025-05-17 21:28:18,42.3993873596191,-8.92210674285889,"Male"
"9004160",371982,2025-05-17 21:33:19,42.3993453979492,-8.92203521728516,"Male"
"9004160",371982,2025-05-17 21:38:19,42.3993225097656,-8.92209243774414,"Male"
"9004160",371982,2025-05-17 21:43:19,42.3993873596191,-8.92202949523926,"Male"
"9004160",371982,2025-05-17 21:48:20,42.3994903564453,-8.92229080200195,"Male"
"9004160",371982,2025-05-17 21:53:19,42.3994522094727,-8.92247772216797,"Male"
"9004160",371982,2025-05-17 21:58:32,42.3989334106445,-8.92194080352783,"Male"
"9004160",371982,2025-05-17 22:03:21,42.3989753723145,-8.92158794403076,"Male"
"9004160",371982,2025-05-17 22:08:30,42.3992195129395,-8.92192649841309,"Male"
"9004160",371982,2025-05-17 22:13:20,42.3992347717285,-8.92170143127441,"Male"
"9004160",371982,2025-05-17 22:18:22,42.3987579345703,-8.92075634002686,"Male"
"9004160",371982,2025-05-17 22:23:20,42.3990516662598,-8.92155838012695,"Male"
"9004160",371982,2025-05-17 22:28:19,42.3990783691406,-8.92164516448975,"Male"
"9004160",371982,2025-05-17 22:33:19,42.3991813659668,-8.92172813415527,"Male"
"9004160",371982,2025-05-17 22:38:19,42.3992118835449,-8.92161178588867,"Male"
"9004160",371982,2025-05-17 22:43:24,42.3990135192871,-8.92158508300781,"Male"
"9004160",371982,2025-05-17 22:48:27,42.3991279602051,-8.92189884185791,"Male"
"9004160",371982,2025-05-17 22:53:20,42.3991432189941,-8.92174625396729,"Male"
"9004160",371982,2025-05-17 22:58:20,42.3992195129395,-8.92184448242188,"Male"
"9004160",371982,2025-05-17 23:03:22,42.3991851806641,-8.9218807220459,"Male"
"9004160",371982,2025-05-17 23:08:19,42.3991050720215,-8.92174816131592,"Male"
"9004160",371982,2025-05-17 23:13:21,42.398983001709,-8.92163276672363,"Male"
"9004160",371982,2025-05-17 23:18:20,42.3989601135254,-8.92161846160889,"Male"
"9004160",371982,2025-05-17 23:23:23,42.3988800048828,-8.92157745361328,"Male"
"9004160",371982,2025-05-17 23:28:21,42.3989601135254,-8.9216947555542,"Male"
"9004160",371982,2025-05-17 23:33:39,42.3991508483887,-8.92200565338135,"Male"
"9004160",371982,2025-05-17 23:38:23,42.3992385864258,-8.92197227478027,"Male"
"9004160",371982,2025-05-17 23:43:41,42.3991584777832,-8.92187786102295,"Male"
"9004160",371982,2025-05-17 23:48:34,42.3992919921875,-8.92186641693115,"Male"
"9004160",371982,2025-05-17 23:53:31,42.399528503418,-8.92190551757812,"Male"
"9004160",371982,2025-05-17 23:58:53,42.3992881774902,-8.92191791534424,"Male"
"9004160",371982,2025-05-18 00:03:18,42.3992729187012,-8.92214488983154,"Male"
"9004160",371982,2025-05-18 00:08:18,42.3993644714355,-8.9218921661377,"Male"
"9004160",371982,2025-05-18 00:13:18,42.3992652893066,-8.92214202880859,"Male"
"9004160",371982,2025-05-18 00:18:18,42.3993301391602,-8.92207145690918,"Male"
"9004160",371982,2025-05-18 00:23:20,42.3993835449219,-8.92203044891357,"Male"
"9004160",371982,2025-05-18 00:28:19,42.3993301391602,-8.92209148406982,"Male"
"9004160",371982,2025-05-18 00:33:19,42.399341583252,-8.92220115661621,"Male"
"9004160",371982,2025-05-18 00:38:19,42.3991470336914,-8.92215442657471,"Male"
"9004160",371982,2025-05-18 00:43:19,42.3992118835449,-8.92205619812012,"Male"
"9004160",371982,2025-05-18 00:48:23,42.3988037109375,-8.92188262939453,"Male"
"9004160",371982,2025-05-18 00:53:42,42.3992576599121,-8.92197418212891,"Male"
"9004160",371982,2025-05-18 00:58:19,42.3992309570312,-8.92193412780762,"Male"
"9004160",371982,2025-05-18 01:03:18,42.3992652893066,-8.92205047607422,"Male"
"9004160",371982,2025-05-18 01:08:20,42.3993911743164,-8.92207431793213,"Male"
"9004160",371982,2025-05-18 01:13:19,42.3993797302246,-8.92202377319336,"Male"
"9004160",371982,2025-05-18 01:18:20,42.3991775512695,-8.92186641693115,"Male"
"9004160",371982,2025-05-18 01:23:18,42.3993453979492,-8.92202568054199,"Male"
"9004160",371982,2025-05-18 01:28:18,42.3993453979492,-8.92203330993652,"Male"
"9004160",371982,2025-05-18 01:33:21,42.3991203308105,-8.92179298400879,"Male"
"9004160",371982,2025-05-18 01:38:21,42.3990936279297,-8.9218578338623,"Male"
"9004160",371982,2025-05-18 01:43:24,42.3990592956543,-8.92176628112793,"Male"
"9004160",371982,2025-05-18 01:48:30,42.3992042541504,-8.92183113098145,"Male"
"9004160",371982,2025-05-18 01:53:23,42.3993263244629,-8.92194366455078,"Male"
"9004160",371982,2025-05-18 01:58:22,42.3993797302246,-8.92209720611572,"Male"
"9004160",371982,2025-05-18 02:03:23,42.3992080688477,-8.92184734344482,"Male"
"9004160",371982,2025-05-18 02:08:41,42.3993301391602,-8.92196464538574,"Male"
"9004160",371982,2025-05-18 02:13:20,42.3993263244629,-8.92191123962402,"Male"
"9004160",371982,2025-05-18 02:18:19,42.3998527526855,-8.92254447937012,"Male"
"9004160",371982,2025-05-18 02:23:30,42.3986930847168,-8.92163467407227,"Male"
"9004160",371982,2025-05-18 02:28:22,42.3996124267578,-8.92262554168701,"Male"
"9004160",371982,2025-05-18 02:33:30,42.3993682861328,-8.92190647125244,"Male"
"9004160",371982,2025-05-18 02:38:24,42.3994903564453,-8.92248344421387,"Male"
"9004160",371982,2025-05-18 02:43:44,42.3992195129395,-8.92188358306885,"Male"
"9004160",371982,2025-05-18 02:48:21,42.3992233276367,-8.92214965820312,"Male"
"9004160",371982,2025-05-18 02:53:22,42.3994979858398,-8.92202758789062,"Male"
"9004160",371982,2025-05-18 02:58:31,42.3991622924805,-8.92183017730713,"Male"
"9004160",371982,2025-05-18 03:03:48,42.3986053466797,-8.92143154144287,"Male"
"9004160",371982,2025-05-18 03:08:24,42.4002265930176,-8.92248344421387,"Male"
"9004160",371982,2025-05-18 03:13:37,42.3996162414551,-8.9219856262207,"Male"
"9004160",371982,2025-05-18 03:18:35,42.3995094299316,-8.92192077636719,"Male"
"9004160",371982,2025-05-18 03:23:31,42.3996925354004,-8.92199230194092,"Male"
"9004160",371982,2025-05-18 03:28:28,42.3999710083008,-8.92256832122803,"Male"
"9004160",371982,2025-05-18 03:33:23,42.3996200561523,-8.92208194732666,"Male"
"9004160",371982,2025-05-18 03:38:34,42.3992538452148,-8.92189311981201,"Male"
"9004160",371982,2025-05-18 03:43:53,42.399112701416,-8.92194652557373,"Male"
"9004160",371982,2025-05-18 03:48:23,42.3990707397461,-8.92181205749512,"Male"
"9004160",371982,2025-05-18 03:53:44,42.3993110656738,-8.92190361022949,"Male"
"9004160",371982,2025-05-18 03:58:21,42.3993263244629,-8.92199325561523,"Male"
"9004160",371982,2025-05-18 04:03:20,42.3993072509766,-8.9219970703125,"Male"
"9004160",371982,2025-05-18 04:08:23,42.399341583252,-8.92193603515625,"Male"
"9004160",371982,2025-05-18 04:13:20,42.399341583252,-8.92201519012451,"Male"
"9004160",371982,2025-05-18 04:18:21,42.3994522094727,-8.92205715179443,"Male"
"9004160",371982,2025-05-18 04:23:21,42.3993759155273,-8.92203998565674,"Male"
"9004160",371982,2025-05-18 04:28:27,42.399356842041,-8.92197418212891,"Male"
"9004160",371982,2025-05-18 04:33:20,42.3999214172363,-8.92249202728271,"Male"
"9004160",371982,2025-05-18 04:38:33,42.3994064331055,-8.92195987701416,"Male"
"9004160",371982,2025-05-18 04:43:33,42.3993835449219,-8.92194366455078,"Male"
"9004160",371982,2025-05-18 04:48:44,42.3995018005371,-8.92193984985352,"Male"
"9004160",371982,2025-05-18 04:53:20,42.3997802734375,-8.92243957519531,"Male"
"9004160",371982,2025-05-18 04:58:20,42.3992385864258,-8.92188549041748,"Male"
"9004160",371982,2025-05-18 05:03:20,42.3991432189941,-8.92191410064697,"Male"
"9004160",371982,2025-05-18 05:08:19,42.3993339538574,-8.92193126678467,"Male"
"9004160",371982,2025-05-18 05:13:19,42.3993453979492,-8.92194557189941,"Male"
"9004160",371982,2025-05-18 05:18:19,42.3993682861328,-8.92201042175293,"Male"
"9004160",371982,2025-05-18 05:23:19,42.3993034362793,-8.92192268371582,"Male"
"9004160",371982,2025-05-18 05:28:20,42.3993110656738,-8.92190933227539,"Male"
"9004160",371982,2025-05-18 05:33:21,42.3990631103516,-8.92162704467773,"Male"
"9004160",371982,2025-05-18 05:38:22,42.3976287841797,-8.92016410827637,"Male"
"9004160",371982,2025-05-18 05:43:20,42.3975448608398,-8.92006778717041,"Male"
"9004160",371982,2025-05-18 05:48:44,42.3978958129883,-8.92042446136475,"Male"
"9004160",371982,2025-05-18 05:53:20,42.3982620239258,-8.91724395751953,"Male"
"9004160",371982,2025-05-18 05:58:19,42.3978652954102,-8.91555404663086,"Male"
"9004160",371982,2025-05-18 06:03:20,42.3948097229004,-8.91041088104248,"Male"
"9004160",371982,2025-05-18 06:08:22,42.3922576904297,-8.90705680847168,"Male"
"9004160",371982,2025-05-18 06:13:20,42.3972663879395,-8.90425300598145,"Male"
"9004160",371982,2025-05-18 06:18:22,42.3989067077637,-8.90362167358398,"Male"
"9004160",371982,2025-05-18 06:24:05,42.402660369873,-8.90637016296387,"Male"
"9004160",371982,2025-05-18 06:28:58,42.4160575866699,-8.91305351257324,"Male"
"9004160",371982,2025-05-18 06:33:58,42.4531440734863,-8.93526172637939,"Male"
"9004160",371982,2025-05-18 06:39:11,42.4804916381836,-8.93640327453613,"Male"
"9004160",371982,2025-05-18 06:43:58,42.4807167053223,-8.93605136871338,"Male"
"9004160",371982,2025-05-18 06:48:57,42.4805946350098,-8.9362154006958,"Male"
"9004160",371982,2025-05-18 06:53:59,42.5027046203613,-8.89115142822266,"Male"
"9004160",371982,2025-05-18 06:58:57,42.5219879150391,-8.83376407623291,"Male"
"9004160",371982,2025-05-18 07:04:28,42.5205841064453,-8.83266830444336,"Male"
"9004160",371982,2025-05-18 07:09:24,42.5203170776367,-8.82979774475098,"Male"
"9004160",371982,2025-05-18 07:14:22,42.5203628540039,-8.82961559295654,"Male"
"9004160",371982,2025-05-18 07:19:25,42.5204162597656,-8.8295783996582,"Male"
"9004160",371982,2025-05-18 07:24:23,42.5204772949219,-8.8295316696167,"Male"
"9004160",371982,2025-05-18 07:29:22,42.520206451416,-8.83024024963379,"Male"
"9004160",371982,2025-05-18 07:39:23,42.5198364257812,-8.83089828491211,"Male"
"9004160",371982,2025-05-18 07:46:43,42.5186462402344,-8.82963180541992,"Male"
"9004160",371982,2025-05-18 07:51:44,42.5186653137207,-8.82814407348633,"Male"
"9004160",371982,2025-05-18 07:56:42,42.5204086303711,-8.82965183258057,"Male"
"9004160",371982,2025-05-18 08:01:38,42.520393371582,-8.82968997955322,"Male"
"9004160",371982,2025-05-18 08:06:38,42.5204010009766,-8.82968044281006,"Male"
"9004160",371982,2025-05-18 08:11:33,42.5194702148438,-8.82754421234131,"Male"
"9004160",371982,2025-05-18 08:16:39,42.5204277038574,-8.82937717437744,"Male"
"9004160",371982,2025-05-18 08:21:39,42.5203742980957,-8.82985496520996,"Male"
"9004160",371982,2025-05-18 08:26:30,42.5205383300781,-8.83004379272461,"Male"
"9004160",371982,2025-05-18 08:31:44,42.5203971862793,-8.82966899871826,"Male"
"9004160",371982,2025-05-18 08:36:32,42.5203323364258,-8.82953834533691,"Male"
"9004160",371982,2025-05-18 08:41:30,42.520336151123,-8.82951259613037,"Male"
"9004160",371982,2025-05-18 08:46:32,42.5204048156738,-8.82974910736084,"Male"
"9004160",371982,2025-05-18 08:51:39,42.520435333252,-8.8302059173584,"Male"
"9004160",371982,2025-05-18 08:56:31,42.5204086303711,-8.8302526473999,"Male"
"9004160",371982,2025-05-18 09:01:32,42.5203590393066,-8.82977390289307,"Male"
"9004160",371982,2025-05-18 09:07:23,42.5213394165039,-8.82986831665039,"Male"
"9004160",371982,2025-05-18 09:12:56,42.5233879089355,-8.83051109313965,"Male"
"9004160",371982,2025-05-18 09:32:06,42.5206451416016,-8.82966327667236,"Male"
"9004160",371982,2025-05-18 09:36:35,42.5206108093262,-8.82975387573242,"Male"
"9004160",371982,2025-05-18 09:41:36,42.5205879211426,-8.82973670959473,"Male"
"9004160",371982,2025-05-18 09:46:35,42.5206489562988,-8.82964420318604,"Male"
"9004160",371982,2025-05-18 09:51:40,42.5206871032715,-8.82964134216309,"Male"
"9004160",371982,2025-05-18 09:56:35,42.5206489562988,-8.82964706420898,"Male"
"9004160",371982,2025-05-18 10:02:04,42.5206604003906,-8.82968330383301,"Male"
"9004160",371982,2025-05-18 10:06:44,42.5206527709961,-8.82974529266357,"Male"
"9004160",371982,2025-05-18 10:11:35,42.5206680297852,-8.82966613769531,"Male"
"9004160",371982,2025-05-18 10:16:38,42.5206642150879,-8.8297233581543,"Male"
"9004160",371982,2025-05-18 10:21:35,42.5206680297852,-8.82971477508545,"Male"
"9004160",371982,2025-05-18 10:26:36,42.5206336975098,-8.82967758178711,"Male"
"9004160",371982,2025-05-18 10:31:35,42.5206832885742,-8.8296537399292,"Male"
"9004160",371982,2025-05-18 10:36:36,42.5206527709961,-8.82971382141113,"Male"
"9004160",371982,2025-05-18 10:41:48,42.5197677612305,-8.83062934875488,"Male"
"9004160",371982,2025-05-18 10:47:04,42.5197257995605,-8.83201217651367,"Male"
"9004160",371982,2025-05-18 10:52:08,42.5210075378418,-8.83152198791504,"Male"
"9004160",371982,2025-05-18 10:57:42,42.5211715698242,-8.83100414276123,"Male"
"9004160",371982,2025-05-18 11:02:42,42.5202751159668,-8.83056545257568,"Male"
"9004160",371982,2025-05-18 11:07:41,42.5197982788086,-8.82973670959473,"Male"
"9004160",371982,2025-05-18 11:12:41,42.5197639465332,-8.82971382141113,"Male"
"9004160",371982,2025-05-18 11:17:42,42.5197906494141,-8.82973289489746,"Male"
"9004160",371982,2025-05-18 11:22:41,42.519660949707,-8.82984638214111,"Male"
"9004160",371982,2025-05-18 11:27:42,42.5198173522949,-8.82971096038818,"Male"
"9004160",371982,2025-05-18 11:32:42,42.5197868347168,-8.82967090606689,"Male"
"9004160",371982,2025-05-18 11:37:42,42.5196914672852,-8.83001136779785,"Male"
"9004160",371982,2025-05-18 11:42:44,42.5195617675781,-8.83103275299072,"Male"
"9004160",371982,2025-05-18 11:48:40,42.5196533203125,-8.83084106445312,"Male"
"9004160",371982,2025-05-18 11:53:53,42.5182647705078,-8.82944011688232,"Male"
"9004160",371982,2025-05-18 11:58:51,42.5176315307617,-8.82916259765625,"Male"
"9004160",371982,2025-05-18 12:03:52,42.5176162719727,-8.82926654815674,"Male"
"9004160",371982,2025-05-18 12:09:02,42.5176124572754,-8.82928657531738,"Male"
"9004160",371982,2025-05-18 12:14:05,42.5176963806152,-8.82926082611084,"Male"
"9004160",371982,2025-05-18 12:19:14,42.5177574157715,-8.82943153381348,"Male"
"9004160",371982,2025-05-18 12:24:20,42.517635345459,-8.82927894592285,"Male"
"9004160",371982,2025-05-18 12:28:50,42.5176544189453,-8.82912826538086,"Male"
"9004160",371982,2025-05-18 12:34:06,42.5173301696777,-8.82873249053955,"Male"
"9004160",371982,2025-05-18 12:59:36,42.5168533325195,-8.8258638381958,"Male"
"9004160",371982,2025-05-18 13:04:05,42.5168838500977,-8.82599830627441,"Male"
"9004160",371982,2025-05-18 13:08:57,42.5168991088867,-8.82597827911377,"Male"
"9004160",371982,2025-05-18 13:13:57,42.5170097351074,-8.8256254196167,"Male"
"9004160",371982,2025-05-18 13:20:20,42.517448425293,-8.82607364654541,"Male"
"9004160",371982,2025-05-18 13:35:23,42.5176773071289,-8.82933139801025,"Male"
"9004160",371982,2025-05-18 13:39:03,42.517692565918,-8.82928371429443,"Male"
"9004160",371982,2025-05-18 13:44:03,42.5175399780273,-8.82926940917969,"Male"
"9004160",371982,2025-05-18 13:49:04,42.5177307128906,-8.82931518554688,"Male"
"9004160",371982,2025-05-18 13:54:14,42.5176849365234,-8.82930755615234,"Male"
"9004160",371982,2025-05-18 13:59:03,42.5176811218262,-8.82928943634033,"Male"
"9004160",371982,2025-05-18 14:04:03,42.5176773071289,-8.82928943634033,"Male"
"9004160",371982,2025-05-18 14:09:03,42.5177154541016,-8.82924938201904,"Male"
"9004160",371982,2025-05-18 14:14:03,42.5177421569824,-8.82938575744629,"Male"
"9004160",371982,2025-05-18 14:19:03,42.5177040100098,-8.82928371429443,"Male"
"9004160",371982,2025-05-18 14:24:03,42.5177154541016,-8.82936096191406,"Male"
"9004160",371982,2025-05-18 14:29:03,42.5177230834961,-8.82932090759277,"Male"
"9004160",371982,2025-05-18 14:34:33,42.5166282653809,-8.83001232147217,"Male"
"9004160",371982,2025-05-18 14:39:41,42.514835357666,-8.82937240600586,"Male"
"9004160",371982,2025-05-18 14:45:02,42.513256072998,-8.83060646057129,"Male"
"9004160",371982,2025-05-18 14:50:05,42.5128364562988,-8.83091354370117,"Male"
"9004160",371982,2025-05-18 14:55:12,42.5125732421875,-8.83133316040039,"Male"
"9004160",371982,2025-05-18 15:00:05,42.5118598937988,-8.83208847045898,"Male"
"9004160",371982,2025-05-18 15:05:06,42.5111274719238,-8.8324499130249,"Male"
"9004160",371982,2025-05-18 15:10:09,42.5100440979004,-8.83348369598389,"Male"
"9004160",371982,2025-05-18 15:15:05,42.5087203979492,-8.83614158630371,"Male"
"9004160",371982,2025-05-18 15:21:24,42.5087661743164,-8.83837127685547,"Male"
"9004160",371982,2025-05-18 15:25:17,42.5093193054199,-8.83932018280029,"Male"
"9004160",371982,2025-05-18 15:31:30,42.5109558105469,-8.84070110321045,"Male"
"9004160",371982,2025-05-18 15:35:37,42.5110282897949,-8.84068298339844,"Male"
"9004160",371982,2025-05-18 15:40:38,42.5109405517578,-8.84070014953613,"Male"
"9004160",371982,2025-05-18 15:45:37,42.5108528137207,-8.84073829650879,"Male"
"9004160",371982,2025-05-18 15:50:37,42.5109176635742,-8.8407154083252,"Male"
"9004160",371982,2025-05-18 15:55:37,42.510871887207,-8.84074783325195,"Male"
"9004160",371982,2025-05-18 16:00:37,42.5109062194824,-8.84069728851318,"Male"
"9004160",371982,2025-05-18 16:05:36,42.5108489990234,-8.84071636199951,"Male"
"9004160",371982,2025-05-18 16:10:36,42.5109634399414,-8.84074687957764,"Male"
"9004160",371982,2025-05-18 16:15:36,42.5109519958496,-8.84070301055908,"Male"
"9004160",371982,2025-05-18 16:20:36,42.510929107666,-8.84070873260498,"Male"
"9004160",371982,2025-05-18 16:25:36,42.510929107666,-8.84068775177002,"Male"
"9004160",371982,2025-05-18 16:30:36,42.5108871459961,-8.84058570861816,"Male"
"9004160",371982,2025-05-18 16:35:38,42.5108871459961,-8.8406867980957,"Male"
"9004160",371982,2025-05-18 16:41:09,42.5097198486328,-8.84256172180176,"Male"
"9004160",371982,2025-05-18 16:46:58,42.5090179443359,-8.84394931793213,"Male"
"9004160",371982,2025-05-18 16:51:58,42.509464263916,-8.84602642059326,"Male"
"9004160",371982,2025-05-18 16:57:07,42.5094985961914,-8.84664440155029,"Male"
"9004160",371982,2025-05-18 17:02:14,42.5094795227051,-8.8464822769165,"Male"
"9004160",371982,2025-05-18 17:06:53,42.5094146728516,-8.84646701812744,"Male"
"9004160",371982,2025-05-18 17:11:54,42.5095329284668,-8.84647464752197,"Male"
"9004160",371982,2025-05-18 17:16:55,42.5095825195312,-8.84645175933838,"Male"
"9004160",371982,2025-05-18 17:21:53,42.5093765258789,-8.84646701812744,"Male"
"9004160",371982,2025-05-18 17:26:59,42.5094299316406,-8.84649658203125,"Male"
"9004160",371982,2025-05-18 17:31:55,42.5095825195312,-8.84653282165527,"Male"
"9004160",371982,2025-05-18 17:36:56,42.5091285705566,-8.84622097015381,"Male"
"9004160",371982,2025-05-18 17:42:00,42.5037651062012,-8.86351490020752,"Male"
"9004160",371982,2025-05-18 17:47:14,42.4970588684082,-8.88944149017334,"Male"
"9004160",371982,2025-05-18 17:51:53,42.4799308776855,-8.92230701446533,"Male"
"9004160",371982,2025-05-18 17:57:07,42.4764671325684,-8.93992137908936,"Male"
"9004160",371982,2025-05-18 18:02:29,42.4596176147461,-8.94588565826416,"Male"
"9004160",371982,2025-05-18 18:06:56,42.4291610717773,-8.94329643249512,"Male"
"9004160",371982,2025-05-18 18:12:28,42.3992500305176,-8.92200183868408,"Male"
"9004160",371982,2025-05-18 18:17:01,42.3991546630859,-8.92204093933105,"Male"
"9004160",371982,2025-05-18 18:22:06,42.3992500305176,-8.92193222045898,"Male"
"9004160",371982,2025-05-18 18:26:56,42.3993263244629,-8.92199516296387,"Male"
"9004160",371982,2025-05-18 18:32:13,42.3993263244629,-8.92197895050049,"Male"
"9004160",371982,2025-05-18 18:36:59,42.3995056152344,-8.92244625091553,"Male"
"9004160",371982,2025-05-18 18:41:57,42.3993759155273,-8.92226982116699,"Male"
"9004160",371982,2025-05-18 18:46:55,42.3994178771973,-8.9221363067627,"Male"
"9004160",371982,2025-05-18 18:51:57,42.3996925354004,-8.92274379730225,"Male"
"9004160",371982,2025-05-18 18:56:58,42.3994102478027,-8.92221927642822,"Male"
"9004160",371982,2025-05-18 19:02:01,42.3991470336914,-8.92179870605469,"Male"
"9004160",371982,2025-05-18 19:06:57,42.3991584777832,-8.92174339294434,"Male"
"9004160",371982,2025-05-18 19:12:07,42.3992767333984,-8.92188835144043,"Male"
"9004160",371982,2025-05-18 19:16:58,42.3995018005371,-8.92246627807617,"Male"
"9004160",371982,2025-05-18 19:22:07,42.3992309570312,-8.92185020446777,"Male"
"9004160",371982,2025-05-18 19:27:07,42.399242401123,-8.92184162139893,"Male"
"9004160",371982,2025-05-18 19:32:14,42.3993453979492,-8.92199611663818,"Male"
"9004160",371982,2025-05-18 19:36:53,42.399486541748,-8.92217063903809,"Male"
"9004160",371982,2025-05-18 19:42:05,42.3993797302246,-8.92200088500977,"Male"
"9004160",371982,2025-05-18 19:46:56,42.3994064331055,-8.9220027923584,"Male"
"9004160",371982,2025-05-18 19:52:07,42.3995323181152,-8.92200660705566,"Male"
"9004160",371982,2025-05-18 19:57:07,42.3994636535645,-8.92196941375732,"Male"
"9004160",371982,2025-05-18 20:02:01,42.3992385864258,-8.92179775238037,"Male"
"9004160",371982,2025-05-18 20:07:07,42.3991584777832,-8.92167377471924,"Male"
"9004160",371982,2025-05-18 20:11:59,42.3991279602051,-8.92125415802002,"Male"
"9004160",371982,2025-05-18 20:16:59,42.3992500305176,-8.92176055908203,"Male"
"9004160",371982,2025-05-18 20:22:05,42.3993644714355,-8.92198753356934,"Male"
"9004160",371982,2025-05-18 20:26:57,42.3987693786621,-8.92170715332031,"Male"
"9004160",371982,2025-05-18 20:32:16,42.399486541748,-8.92200469970703,"Male"
"9004160",371982,2025-05-18 20:36:55,42.3998985290527,-8.92238426208496,"Male"
"9004160",371982,2025-05-18 20:41:55,42.399585723877,-8.92210292816162,"Male"
"9004160",371982,2025-05-18 20:46:56,42.4000625610352,-8.92242527008057,"Male"
"9004160",371982,2025-05-18 20:52:08,42.3993492126465,-8.92191123962402,"Male"
"9004160",371982,2025-05-18 20:56:56,42.3993797302246,-8.92186164855957,"Male"
"9004160",371982,2025-05-18 21:01:54,42.3993530273438,-8.92218685150146,"Male"
"9004160",371982,2025-05-18 21:06:57,42.3993492126465,-8.92184925079346,"Male"
"9004160",371982,2025-05-18 21:11:59,42.3991737365723,-8.92192268371582,"Male"
"9004160",371982,2025-05-18 21:17:13,42.3993835449219,-8.92177677154541,"Male"
"9004160",371982,2025-05-18 21:21:55,42.399299621582,-8.92192840576172,"Male"
"9004160",371982,2025-05-18 21:26:56,42.3993759155273,-8.92193412780762,"Male"
"9004160",371982,2025-05-18 21:32:07,42.3994903564453,-8.92186546325684,"Male"
"9004160",371982,2025-05-18 21:37:07,42.3994255065918,-8.92180156707764,"Male"
"9004160",371982,2025-05-18 21:42:29,42.3994216918945,-8.92196750640869,"Male"
"9004160",371982,2025-05-18 21:46:59,42.3995475769043,-8.9223804473877,"Male"
"9004160",371982,2025-05-18 21:51:54,42.399242401123,-8.92183017730713,"Male"
"9004160",371982,2025-05-18 21:56:54,42.3991355895996,-8.92186832427979,"Male"
"9004160",371982,2025-05-18 22:01:55,42.3993682861328,-8.92192077636719,"Male"
"9004160",371982,2025-05-18 22:06:54,42.3992919921875,-8.92195796966553,"Male"
"9004160",371982,2025-05-18 22:11:54,42.399227142334,-8.92185306549072,"Male"
"9004160",371982,2025-05-18 22:16:55,42.3993072509766,-8.92190170288086,"Male"
"9004160",371982,2025-05-18 22:21:54,42.3992805480957,-8.92203521728516,"Male"
"9004160",371982,2025-05-18 22:26:53,42.3992729187012,-8.92181968688965,"Male"
"9004160",371982,2025-05-18 22:31:53,42.399341583252,-8.92201900482178,"Male"
"9004160",371982,2025-05-18 22:36:54,42.3992004394531,-8.92191791534424,"Male"
"9004160",371982,2025-05-18 22:41:55,42.3991050720215,-8.92198371887207,"Male"
"9004160",371982,2025-05-18 22:46:56,42.3993682861328,-8.92199516296387,"Male"
"9004160",371982,2025-05-18 22:51:56,42.3992080688477,-8.92202854156494,"Male"
"9004160",371982,2025-05-18 22:56:57,42.3993148803711,-8.92196655273438,"Male"
"9004160",371982,2025-05-18 23:01:57,42.3992080688477,-8.92201232910156,"Male"
"9004160",371982,2025-05-18 23:07:00,42.3992385864258,-8.92202186584473,"Male"
"9004160",371982,2025-05-18 23:12:01,42.3992958068848,-8.92202186584473,"Male"
"9004160",371982,2025-05-18 23:17:01,42.3993110656738,-8.92194080352783,"Male"
"9004160",371982,2025-05-18 23:21:57,42.3994102478027,-8.92204093933105,"Male"
"9004160",371982,2025-05-18 23:27:53,42.3992576599121,-8.92199325561523,"Male"
"9004160",371982,2025-05-18 23:31:55,42.3994674682617,-8.92199230194092,"Male"
"9004160",371982,2025-05-18 23:38:17,42.399242401123,-8.92196559906006,"Male"
"9004160",371982,2025-05-18 23:42:43,42.3993072509766,-8.92196559906006,"Male"
"9004160",371982,2025-05-18 23:46:53,42.3994331359863,-8.92197513580322,"Male"
"9004160",371982,2025-05-18 23:51:54,42.399486541748,-8.92207813262939,"Male"
"9004160",371982,2025-05-18 23:56:53,42.3993339538574,-8.9219856262207,"Male"
"9004160",371982,2025-05-19 00:01:53,42.3994178771973,-8.92202472686768,"Male"
"9004160",371982,2025-05-19 00:06:55,42.3992881774902,-8.92209720611572,"Male"
"9004160",371982,2025-05-19 00:11:54,42.3990745544434,-8.92190456390381,"Male"
"9004160",371982,2025-05-19 00:16:58,42.3991928100586,-8.92193603515625,"Male"
"9004160",371982,2025-05-19 00:21:53,42.3993797302246,-8.92203903198242,"Male"
"9004160",371982,2025-05-19 00:26:53,42.3993186950684,-8.92192935943604,"Male"
"9004160",371982,2025-05-19 00:31:58,42.3994216918945,-8.92134475708008,"Male"
"9004160",371982,2025-05-19 00:36:59,42.3993682861328,-8.92193698883057,"Male"
"9004160",371982,2025-05-19 00:41:58,42.3994903564453,-8.92190265655518,"Male"
"9004160",371982,2025-05-19 00:47:17,42.3993301391602,-8.92194557189941,"Male"
"9004160",371982,2025-05-19 00:52:14,42.3993186950684,-8.9219388961792,"Male"
"9004160",371982,2025-05-19 00:57:05,42.3992881774902,-8.92192649841309,"Male"
"9004160",371982,2025-05-19 01:02:01,42.3993606567383,-8.9221363067627,"Male"
"9004160",371982,2025-05-19 01:07:09,42.3989143371582,-8.92190170288086,"Male"
"9004160",371982,2025-05-19 01:12:29,42.3992691040039,-8.92189311981201,"Male"
"9004160",371982,2025-05-19 01:16:57,42.3991775512695,-8.92191410064697,"Male"
"9004160",371982,2025-05-19 01:21:53,42.3993034362793,-8.92182350158691,"Male"
"9004160",371982,2025-05-19 01:26:54,42.399284362793,-8.9219446182251,"Male"
"9004160",371982,2025-05-19 01:31:53,42.399299621582,-8.92196559906006,"Male"
"9004160",371982,2025-05-19 01:36:57,42.3993148803711,-8.92197704315186,"Male"
"9004160",371982,2025-05-19 01:41:58,42.399829864502,-8.92241954803467,"Male"
"9004160",371982,2025-05-19 01:47:22,42.3998527526855,-8.92246246337891,"Male"
"9004160",371982,2025-05-19 01:52:28,42.3992729187012,-8.92191410064697,"Male"
"9004160",371982,2025-05-19 01:56:53,42.3994293212891,-8.92207622528076,"Male"
"9004160",371982,2025-05-19 02:01:54,42.3988800048828,-8.92159271240234,"Male"
"9004160",371982,2025-05-19 02:06:56,42.3995399475098,-8.92213535308838,"Male"
"9004160",371982,2025-05-19 02:11:54,42.3995628356934,-8.92220115661621,"Male"
"9004160",371982,2025-05-19 02:16:55,42.399543762207,-8.92220497131348,"Male"
"9004160",371982,2025-05-19 02:21:57,42.3987312316895,-8.92142868041992,"Male"
"9004160",371982,2025-05-19 02:26:56,42.3992958068848,-8.9219217300415,"Male"
"9004160",371982,2025-05-19 02:31:56,42.3992614746094,-8.92191982269287,"Male"
"9004160",371982,2025-05-19 02:37:01,42.3994445800781,-8.92210388183594,"Male"
"9004160",371982,2025-05-19 02:42:20,42.3992576599121,-8.92188835144043,"Male"
"9004160",371982,2025-05-19 02:47:27,42.3992538452148,-8.92191410064697,"Male"
"9004160",371982,2025-05-19 02:51:53,42.3992462158203,-8.92193031311035,"Male"
"9004160",371982,2025-05-19 02:56:53,42.3992614746094,-8.92193603515625,"Male"
"9004160",371982,2025-05-19 03:01:53,42.399242401123,-8.92193698883057,"Male"
"9004160",371982,2025-05-19 03:06:53,42.3992576599121,-8.92198944091797,"Male"
"9004160",371982,2025-05-19 03:11:55,42.3995895385742,-8.92225360870361,"Male"
"9004160",371982,2025-05-19 03:16:56,42.3992691040039,-8.92223644256592,"Male"
"9004160",371982,2025-05-19 03:21:53,42.3992691040039,-8.92221546173096,"Male"
"9004160",371982,2025-05-19 03:26:55,42.3992805480957,-8.92221355438232,"Male"
"9004160",371982,2025-05-19 03:31:57,42.3991775512695,-8.92176342010498,"Male"
"9004160",371982,2025-05-19 03:36:56,42.399227142334,-8.92178916931152,"Male"
"9004160",371982,2025-05-19 03:42:04,42.398998260498,-8.92188739776611,"Male"
"9004160",371982,2025-05-19 03:46:59,42.3989753723145,-8.92162895202637,"Male"
"9004160",371982,2025-05-19 03:52:01,42.399299621582,-8.92193031311035,"Male"
"9004160",371982,2025-05-19 03:57:09,42.3993110656738,-8.92187881469727,"Male"
"9004160",371982,2025-05-19 04:02:14,42.3993110656738,-8.92192554473877,"Male"
"9004160",371982,2025-05-19 04:06:54,42.3992691040039,-8.92193698883057,"Male"
"9004160",371982,2025-05-19 04:11:57,42.3992691040039,-8.9218864440918,"Male"
"9004160",371982,2025-05-19 04:17:29,42.3992042541504,-8.92194175720215,"Male"
"9004160",371982,2025-05-19 04:21:57,42.3992462158203,-8.92207813262939,"Male"
"9004160",371982,2025-05-19 04:26:57,42.3992805480957,-8.92201042175293,"Male"
"9004160",371982,2025-05-19 04:31:56,42.3990478515625,-8.9218635559082,"Male"
"9004160",371982,2025-05-19 04:36:55,42.3993453979492,-8.92194271087646,"Male"
"9004160",371982,2025-05-19 04:42:00,42.3991355895996,-8.92183589935303,"Male"
"9004160",371982,2025-05-19 04:46:57,42.3992576599121,-8.92189407348633,"Male"
"9004160",371982,2025-05-19 04:51:57,42.3993339538574,-8.92180061340332,"Male"
"9004160",371982,2025-05-19 04:56:59,42.3992576599121,-8.92203903198242,"Male"
"9004160",371982,2025-05-19 05:01:59,42.3990173339844,-8.92180156707764,"Male"
"9004160",371982,2025-05-19 05:08:00,42.3991355895996,-8.92201042175293,"Male"
"9004160",371982,2025-05-19 05:12:07,42.3990783691406,-8.92200374603271,"Male"
"9004160",371982,2025-05-19 05:17:05,42.3990707397461,-8.92202663421631,"Male"
"9004160",371982,2025-05-19 05:21:55,42.399242401123,-8.92183303833008,"Male"
"9004160",371982,2025-05-19 05:26:53,42.3992729187012,-8.92192363739014,"Male"
"9004160",371982,2025-05-19 05:31:54,42.3992462158203,-8.92196655273438,"Male"
"9004160",371982,2025-05-19 05:36:53,42.3991889953613,-8.92187690734863,"Male"
"9004160",371982,2025-05-19 05:41:55,42.3992004394531,-8.92186069488525,"Male"
"9004160",371982,2025-05-19 05:47:15,42.3992118835449,-8.92207050323486,"Male"
"9004160",371982,2025-05-19 05:51:53,42.3992958068848,-8.92193794250488,"Male"
"9004160",371982,2025-05-19 05:56:55,42.3992080688477,-8.92200183868408,"Male"
"9004160",371982,2025-05-19 06:01:56,42.399356842041,-8.92220401763916,"Male"
"9004160",371982,2025-05-19 06:06:53,42.3992576599121,-8.92219924926758,"Male"
"9004160",371982,2025-05-19 06:11:56,42.3996963500977,-8.92202949523926,"Male"
"9004160",371982,2025-05-19 06:17:14,42.3993835449219,-8.92200088500977,"Male"
"9004160",371982,2025-05-19 06:21:58,42.3994293212891,-8.92195510864258,"Male"
"9004160",371982,2025-05-19 06:26:59,42.3994331359863,-8.92195606231689,"Male"
"9004160",371982,2025-05-19 06:33:15,42.3993263244629,-8.92195796966553,"Male"
"9004160",371982,2025-05-19 06:36:58,42.3991661071777,-8.92186546325684,"Male"
"9004160",371982,2025-05-19 06:41:56,42.3994216918945,-8.92199802398682,"Male"
"9004160",371982,2025-05-19 06:46:57,42.3992156982422,-8.92187404632568,"Male"
"9004160",371982,2025-05-19 06:51:53,42.3992729187012,-8.92195701599121,"Male"
"9004160",371982,2025-05-19 06:56:53,42.3995361328125,-8.92220687866211,"Male"
"9004160",371982,2025-05-19 07:01:54,42.3993263244629,-8.92200565338135,"Male"
"9004160",371982,2025-05-19 07:06:55,42.3992385864258,-8.92189979553223,"Male"
"9004160",371982,2025-05-19 07:11:55,42.3992614746094,-8.92184066772461,"Male"
"9004160",371982,2025-05-19 07:16:57,42.3993988037109,-8.92211723327637,"Male"
"9004160",371982,2025-05-19 07:22:07,42.3992385864258,-8.92198657989502,"Male"
"9004160",371982,2025-05-19 07:26:56,42.3994598388672,-8.92234325408936,"Male"
"9004160",371982,2025-05-19 07:32:06,42.3992347717285,-8.92182540893555,"Male"
"9004160",371982,2025-05-19 07:37:01,42.3991432189941,-8.92176151275635,"Male"
"9004160",371982,2025-05-19 07:42:03,42.3992233276367,-8.92179393768311,"Male"
"9004160",371982,2025-05-19 07:47:08,42.3991813659668,-8.92177295684814,"Male"
"9004160",371982,2025-05-19 07:51:55,42.4050331115723,-8.92205333709717,"Male"
"9004160",371982,2025-05-19 07:57:05,42.4059867858887,-8.92198848724365,"Male"
"9004160",371982,2025-05-19 08:01:58,42.4407386779785,-8.92620372772217,"Male"
"9004160",371982,2025-05-19 08:07:14,42.4808502197266,-8.93480014801025,"Male"
"9004160",371982,2025-05-19 08:11:54,42.5037040710449,-8.8844518661499,"Male"
"9004160",371982,2025-05-19 08:18:42,42.5381622314453,-8.85034656524658,"Male"
"9004160",371982,2025-05-19 08:23:48,42.5182037353516,-8.82882881164551,"Male"
"9004160",371982,2025-05-19 08:28:47,42.5174522399902,-8.82833671569824,"Male"
"9004160",371982,2025-05-19 08:34:18,42.5190887451172,-8.83009338378906,"Male"
"9004160",371982,2025-05-19 08:39:12,42.5205001831055,-8.83002471923828,"Male"
"9004160",371982,2025-05-19 08:44:18,42.5205993652344,-8.83014869689941,"Male"
"9004160",371982,2025-05-19 08:49:35,42.5205001831055,-8.82993507385254,"Male"
"9004160",371982,2025-05-19 08:54:09,42.5204162597656,-8.8298511505127,"Male"
"9004160",371982,2025-05-19 08:59:09,42.5203666687012,-8.82968711853027,"Male"
"9004160",371982,2025-05-19 09:04:13,42.5203590393066,-8.82969379425049,"Male"
"9004160",371982,2025-05-19 09:09:11,42.5204277038574,-8.82977294921875,"Male"
"9004160",371982,2025-05-19 09:14:10,42.5203666687012,-8.82971572875977,"Male"
"9004160",371982,2025-05-19 09:22:01,42.5204162597656,-8.82979011535645,"Male"
"9004160",371982,2025-05-19 09:27:02,42.5204124450684,-8.8297643661499,"Male"
"9004160",371982,2025-05-19 09:32:01,42.5204620361328,-8.82986736297607,"Male"
"9004160",371982,2025-05-19 09:37:14,42.5204200744629,-8.82976722717285,"Male"
"9004160",371982,2025-05-19 09:42:01,42.5203704833984,-8.82987117767334,"Male"
"9004160",371982,2025-05-19 09:47:01,42.5203819274902,-8.82977390289307,"Male"
"9004160",371982,2025-05-19 09:52:03,42.5204086303711,-8.83006191253662,"Male"
"9004160",371982,2025-05-19 09:57:33,42.5197563171387,-8.83118724822998,"Male"
"9004160",371982,2025-05-19 10:02:59,42.5205574035645,-8.83103179931641,"Male"
"9004160",371982,2025-05-19 10:08:25,42.5211296081543,-8.83123970031738,"Male"
"9004160",371982,2025-05-19 10:13:48,42.5204582214355,-8.83215236663818,"Male"
"9004160",371982,2025-05-19 10:18:46,42.5203056335449,-8.83188438415527,"Male"
"9004160",371982,2025-05-19 10:23:44,42.5203857421875,-8.82991504669189,"Male"
"9004160",371982,2025-05-19 10:28:43,42.5202674865723,-8.8295259475708,"Male"
"9004160",371982,2025-05-19 10:34:05,42.520393371582,-8.8296422958374,"Male"
"9004160",371982,2025-05-19 10:38:43,42.5204429626465,-8.82971858978271,"Male"
"9004160",371982,2025-05-19 10:43:43,42.5203514099121,-8.82967758178711,"Male"
"9004160",371982,2025-05-19 10:48:43,42.5203971862793,-8.8296594619751,"Male"
"9004160",371982,2025-05-19 10:53:43,42.520435333252,-8.82969951629639,"Male"
"9004160",371982,2025-05-19 10:58:43,42.5204238891602,-8.82979869842529,"Male"
"9004160",371982,2025-05-19 11:03:43,42.5203895568848,-8.82974147796631,"Male"
"9004160",371982,2025-05-19 11:08:43,42.5204010009766,-8.8296422958374,"Male"
"9004160",371982,2025-05-19 11:13:43,42.520450592041,-8.82983016967773,"Male"
"9004160",371982,2025-05-19 11:19:18,42.5201530456543,-8.83150196075439,"Male"
"9004160",371982,2025-05-19 11:24:43,42.5200119018555,-8.83278942108154,"Male"
"9004160",371982,2025-05-19 11:30:16,42.5198173522949,-8.83255958557129,"Male"
"9004160",371982,2025-05-19 11:35:27,42.5197334289551,-8.83221340179443,"Male"
"9004160",371982,2025-05-19 11:40:42,42.5198402404785,-8.83030605316162,"Male"
"9004160",371982,2025-05-19 11:45:57,42.5182838439941,-8.82985973358154,"Male"
"9004160",371982,2025-05-19 11:50:54,42.5176429748535,-8.82937049865723,"Male"
"9004160",371982,2025-05-19 11:55:54,42.5175857543945,-8.82934951782227,"Male"
"9004160",371982,2025-05-19 12:00:57,42.5176010131836,-8.82934379577637,"Male"
"9004160",371982,2025-05-19 12:05:58,42.5182991027832,-8.83078861236572,"Male"
"9004160",371982,2025-05-19 12:10:54,42.5175743103027,-8.82937526702881,"Male"
"9004160",371982,2025-05-19 12:15:59,42.5176391601562,-8.82935237884521,"Male"
"9004160",371982,2025-05-19 12:20:57,42.5175971984863,-8.82932567596436,"Male"
"9004160",371982,2025-05-19 12:25:59,42.5176773071289,-8.82946395874023,"Male"
"9004160",371982,2025-05-19 12:31:08,42.5175323486328,-8.83043766021729,"Male"
"9004160",371982,2025-05-19 12:37:10,42.518009185791,-8.83023548126221,"Male"
"9004160",371982,2025-05-19 12:44:31,42.5175132751465,-8.83029937744141,"Male"
"9004160",371982,2025-05-19 12:50:05,42.5176963806152,-8.82907581329346,"Male"
"9004160",371982,2025-05-19 12:54:36,42.5176658630371,-8.82909965515137,"Male"
"9004160",371982,2025-05-19 12:59:23,42.5176849365234,-8.82909297943115,"Male"
"9004160",371982,2025-05-19 13:04:23,42.5176429748535,-8.82923889160156,"Male"
"9004160",371982,2025-05-19 13:09:44,42.5176544189453,-8.82911777496338,"Male"
"9004160",371982,2025-05-19 13:14:23,42.517707824707,-8.8291015625,"Male"
"9004160",371982,2025-05-19 13:19:23,42.5176696777344,-8.82915306091309,"Male"
"9004160",371982,2025-05-19 13:24:25,42.5176773071289,-8.82907867431641,"Male"
"9004160",371982,2025-05-19 13:29:23,42.5176658630371,-8.82925987243652,"Male"
"9004160",371982,2025-05-19 13:34:23,42.5176811218262,-8.82924175262451,"Male"
"9004160",371982,2025-05-19 13:39:23,42.517650604248,-8.8291654586792,"Male"
"9004160",371982,2025-05-19 13:44:23,42.5176124572754,-8.82935047149658,"Male"
"9004160",371982,2025-05-19 13:49:44,42.5176124572754,-8.82932090759277,"Male"
"9004160",371982,2025-05-19 13:54:23,42.5175743103027,-8.82915306091309,"Male"
"9004160",371982,2025-05-19 13:59:23,42.5176849365234,-8.82911109924316,"Male"
"9004160",371982,2025-05-19 14:04:25,42.5176849365234,-8.82923698425293,"Male"
"9004160",371982,2025-05-19 14:09:33,42.5173149108887,-8.82868099212646,"Male"
"9004160",371982,2025-05-19 14:14:56,42.5179100036621,-8.82966995239258,"Male"
"9004160",371982,2025-05-19 14:20:40,42.5175704956055,-8.82925891876221,"Male"
"9004160",371982,2025-05-19 14:25:28,42.5174789428711,-8.82933616638184,"Male"
"9004160",371982,2025-05-19 14:30:29,42.5176467895508,-8.82920169830322,"Male"
"9004160",371982,2025-05-19 14:35:31,42.5175819396973,-8.82906532287598,"Male"
"9004160",371982,2025-05-19 14:40:29,42.5177574157715,-8.82903480529785,"Male"
"9004160",371982,2025-05-19 14:45:45,42.5175476074219,-8.82927513122559,"Male"
"9004160",371982,2025-05-19 14:50:28,42.5175361633301,-8.8292818069458,"Male"
"9004160",371982,2025-05-19 14:55:28,42.5175399780273,-8.82934188842773,"Male"
"9004160",371982,2025-05-19 15:00:33,42.5176696777344,-8.82912445068359,"Male"
"9004160",371982,2025-05-19 15:05:28,42.517505645752,-8.82930183410645,"Male"
"9004160",371982,2025-05-19 15:10:33,42.5172996520996,-8.83032035827637,"Male"
"9004160",371982,2025-05-19 15:15:43,42.5176429748535,-8.82959079742432,"Male"
"9004160",371982,2025-05-19 15:20:44,42.5175971984863,-8.82945156097412,"Male"
"9004160",371982,2025-05-19 15:25:29,42.517879486084,-8.82764911651611,"Male"
"9004160",371982,2025-05-19 15:30:30,42.5175895690918,-8.82908821105957,"Male"
"9004160",371982,2025-05-19 15:35:44,42.5177116394043,-8.8308277130127,"Male"
"9004160",371982,2025-05-19 15:40:45,42.5180397033691,-8.83061218261719,"Male"
"9004160",371982,2025-05-19 15:53:59,42.5169715881348,-8.83353710174561,"Male"
"9004160",371982,2025-05-19 15:57:48,42.5168113708496,-8.83333492279053,"Male"
"9004160",371982,2025-05-19 16:03:14,42.5122680664062,-8.83955955505371,"Male"
"9004160",371982,2025-05-19 16:07:46,42.5122337341309,-8.83958911895752,"Male"
"9004160",371982,2025-05-19 16:12:46,42.5122375488281,-8.83960819244385,"Male"
"9004160",371982,2025-05-19 16:17:47,42.5122032165527,-8.83975410461426,"Male"
"9004160",371982,2025-05-19 16:22:46,42.5122489929199,-8.83931636810303,"Male"
"9004160",371982,2025-05-19 16:27:46,42.5119857788086,-8.83922863006592,"Male"
"9004160",371982,2025-05-19 16:32:46,42.5120582580566,-8.83939838409424,"Male"
"9004160",371982,2025-05-19 16:37:46,42.5121231079102,-8.83950424194336,"Male"
"9004160",371982,2025-05-19 16:42:46,42.5122489929199,-8.83953666687012,"Male"
"9004160",371982,2025-05-19 16:47:46,42.5123138427734,-8.83963489532471,"Male"
"9004160",371982,2025-05-19 16:52:52,42.5122032165527,-8.84008026123047,"Male"
"9004160",371982,2025-05-19 16:57:47,42.5018692016602,-8.87582302093506,"Male"
"9004160",371982,2025-05-19 17:02:49,42.4849166870117,-8.9132661819458,"Male"
"9004160",371982,2025-05-19 17:08:05,42.4659461975098,-8.94318580627441,"Male"
"9004160",371982,2025-05-19 17:12:48,42.4537620544434,-8.94253730773926,"Male"
"9004160",371982,2025-05-19 17:17:46,42.4468307495117,-8.94314575195312,"Male"
"9004160",371982,2025-05-19 17:22:46,42.4098052978516,-8.92292213439941,"Male"
"9004160",371982,2025-05-19 17:28:14,42.3996047973633,-8.9219217300415,"Male"
"9004160",371982,2025-05-19 17:32:47,42.3995971679688,-8.92195987701416,"Male"
"9004160",371982,2025-05-19 17:37:46,42.3995056152344,-8.92180728912354,"Male"
"9004160",371982,2025-05-19 17:43:35,42.399299621582,-8.92192649841309,"Male"
"9004160",371982,2025-05-19 17:49:10,42.399169921875,-8.9219799041748,"Male"
"9004160",371982,2025-05-19 17:54:10,42.3994636535645,-8.92165279388428,"Male"
"9004160",371982,2025-05-19 17:58:10,42.3992691040039,-8.92192077636719,"Male"
"9004160",371982,2025-05-19 18:03:58,42.3992614746094,-8.92187309265137,"Male"
"9004160",371982,2025-05-19 18:08:44,42.3993148803711,-8.92197608947754,"Male"
"9004160",371982,2025-05-19 18:13:13,42.3993072509766,-8.92199230194092,"Male"
"9004160",371982,2025-05-19 18:17:49,42.3993530273438,-8.92192840576172,"Male"
"9004160",371982,2025-05-19 18:22:55,42.3993339538574,-8.92192459106445,"Male"
"9004160",371982,2025-05-19 18:27:52,42.3991775512695,-8.92199802398682,"Male"
"9004160",371982,2025-05-19 18:32:49,42.3993682861328,-8.92187404632568,"Male"
"9004160",371982,2025-05-19 18:38:08,42.3992958068848,-8.92201519012451,"Male"
"9004160",371982,2025-05-19 18:42:49,42.3993186950684,-8.92198181152344,"Male"
"9004160",371982,2025-05-19 18:48:15,42.3992576599121,-8.92201137542725,"Male"
"9004160",371982,2025-05-19 18:52:47,42.3997344970703,-8.92290878295898,"Male"
"9004160",371982,2025-05-19 18:57:47,42.3993988037109,-8.92202472686768,"Male"
"9004160",371982,2025-05-19 19:02:49,42.3994140625,-8.92189788818359,"Male"
"9004160",371982,2025-05-19 19:07:47,42.3997497558594,-8.92289257049561,"Male"
"9004160",371982,2025-05-19 19:12:53,42.3996543884277,-8.92275333404541,"Male"
"9004160",371982,2025-05-19 19:17:50,42.3998260498047,-8.92317008972168,"Male"
"9004160",371982,2025-05-19 19:22:51,42.3993377685547,-8.92182064056396,"Male"
"9004160",371982,2025-05-19 19:27:52,42.3996658325195,-8.92196846008301,"Male"
"9004160",371982,2025-05-19 19:32:58,42.3991622924805,-8.92181301116943,"Male"
"9004160",371982,2025-05-19 19:37:57,42.3991851806641,-8.92176914215088,"Male"
"9004160",371982,2025-05-19 19:43:00,42.3992118835449,-8.92175579071045,"Male"
"9004160",371982,2025-05-19 19:48:14,42.399341583252,-8.92191028594971,"Male"
"9004160",371982,2025-05-19 19:52:46,42.3993759155273,-8.92193412780762,"Male"
"9004160",371982,2025-05-19 19:57:46,42.3991546630859,-8.92191982269287,"Male"
"9004160",371982,2025-05-19 20:02:46,42.3993110656738,-8.9218864440918,"Male"
"9004160",371982,2025-05-19 20:07:49,42.399299621582,-8.92195892333984,"Male"
"9004160",371982,2025-05-19 20:12:53,42.399356842041,-8.92185974121094,"Male"
"9004160",371982,2025-05-19 20:17:51,42.3991279602051,-8.92201805114746,"Male"
"9004160",371982,2025-05-19 20:23:37,42.3992805480957,-8.92194747924805,"Male"
"9004160",371982,2025-05-19 20:27:51,42.3993377685547,-8.92194271087646,"Male"
"9004160",371982,2025-05-19 20:32:51,42.3992881774902,-8.92195224761963,"Male"
"9004160",371982,2025-05-19 20:38:23,42.3993949890137,-8.92195415496826,"Male"
"9004160",371982,2025-05-19 20:42:47,42.3994331359863,-8.92182064056396,"Male"
"9004160",371982,2025-05-19 20:47:46,42.3992080688477,-8.92183685302734,"Male"
"9004160",371982,2025-05-19 20:52:46,42.3992691040039,-8.92179298400879,"Male"
"9004160",371982,2025-05-19 20:57:46,42.3993644714355,-8.92203521728516,"Male"
"9004160",371982,2025-05-19 21:02:47,42.3994407653809,-8.92215633392334,"Male"
"9004160",371982,2025-05-19 21:07:47,42.3992195129395,-8.92171287536621,"Male"
"9004160",371982,2025-05-19 21:12:46,42.3993682861328,-8.92207050323486,"Male"
"9004160",371982,2025-05-19 21:17:47,42.3990097045898,-8.92170524597168,"Male"
"9004160",371982,2025-05-19 21:22:48,42.3989715576172,-8.92167568206787,"Male"
"9004160",371982,2025-05-19 21:27:48,42.3989868164062,-8.92150115966797,"Male"
"9004160",371982,2025-05-19 21:32:56,42.3990821838379,-8.9221363067627,"Male"
"9004160",371982,2025-05-19 21:37:48,42.3989448547363,-8.92131996154785,"Male"
"9004160",371982,2025-05-19 21:42:48,42.398754119873,-8.92099475860596,"Male"
"9004160",371982,2025-05-19 21:47:48,42.3986892700195,-8.92072105407715,"Male"
"9004160",371982,2025-05-19 21:52:48,42.3986892700195,-8.92104530334473,"Male"
"9004160",371982,2025-05-19 21:57:51,42.3990745544434,-8.92234039306641,"Male"
"9004160",371982,2025-05-19 22:02:51,42.3987045288086,-8.92082595825195,"Male"
"9004160",371982,2025-05-19 22:08:14,42.3990097045898,-8.92189884185791,"Male"
"9004160",371982,2025-05-19 22:12:48,42.3991165161133,-8.92165660858154,"Male"
"9004160",371982,2025-05-19 22:17:50,42.399356842041,-8.92212772369385,"Male"
"9004160",371982,2025-05-19 22:22:47,42.3993110656738,-8.92209529876709,"Male"
"9004160",371982,2025-05-19 22:27:47,42.3993377685547,-8.92237186431885,"Male"
"9004160",371982,2025-05-19 22:32:49,42.3992118835449,-8.9220027923584,"Male"
"9004160",371982,2025-05-19 22:37:46,42.3991355895996,-8.92197227478027,"Male"
"9004160",371982,2025-05-19 22:44:10,42.3994941711426,-8.92204761505127,"Male"
"9004160",371982,2025-05-19 22:49:10,42.3994445800781,-8.92203044891357,"Male"
"9004160",371982,2025-05-19 22:54:07,42.3994026184082,-8.92200660705566,"Male"
"9004160",371982,2025-05-19 22:57:48,42.3993339538574,-8.92205715179443,"Male"
"9004160",371982,2025-05-19 23:02:48,42.3995628356934,-8.92202949523926,"Male"
"9004160",371982,2025-05-19 23:07:48,42.3992500305176,-8.92199420928955,"Male"
"9004160",371982,2025-05-19 23:12:48,42.3992958068848,-8.92194938659668,"Male"
"9004160",371982,2025-05-19 23:17:52,42.3992652893066,-8.92191219329834,"Male"
"9004160",371982,2025-05-19 23:22:51,42.3993873596191,-8.92183303833008,"Male"
"9004160",371982,2025-05-19 23:27:52,42.3992385864258,-8.92191982269287,"Male"
"9004160",371982,2025-05-19 23:32:53,42.3993492126465,-8.9218864440918,"Male"
"9004160",371982,2025-05-19 23:37:52,42.3994407653809,-8.92182636260986,"Male"
"9004160",371982,2025-05-19 23:42:52,42.3995742797852,-8.92178249359131,"Male"
"9004160",371982,2025-05-19 23:48:04,42.3997344970703,-8.9216775894165,"Male"
"9004160",371982,2025-05-19 23:53:09,42.3995590209961,-8.92183113098145,"Male"
"9004160",371982,2025-05-19 23:58:14,42.399600982666,-8.92182350158691,"Male"
"9004160",371982,2025-05-20 00:02:47,42.4001502990723,-8.92073631286621,"Male"
"9004160",371982,2025-05-20 00:07:49,42.4000625610352,-8.92160224914551,"Male"
"9004160",371982,2025-05-20 00:12:47,42.4003028869629,-8.92087268829346,"Male"
"9004160",371982,2025-05-20 00:17:47,42.4003868103027,-8.92067718505859,"Male"
"9004160",371982,2025-05-20 00:22:49,42.399658203125,-8.92178726196289,"Male"
"9004160",371982,2025-05-20 00:27:46,42.4006423950195,-8.92008495330811,"Male"
"9004160",371982,2025-05-20 00:33:00,42.4001693725586,-8.92161750793457,"Male"
"9004160",371982,2025-05-20 00:38:00,42.3999557495117,-8.92163562774658,"Male"
"9004160",371982,2025-05-20 00:42:48,42.4004173278809,-8.92073440551758,"Male"
"9004160",371982,2025-05-20 00:47:58,42.4002723693848,-8.92167663574219,"Male"
"9004160",371982,2025-05-20 00:53:01,42.4001693725586,-8.92174530029297,"Male"
"9004160",371982,2025-05-20 00:58:14,42.4001312255859,-8.92180633544922,"Male"
"9004160",371982,2025-05-20 01:02:48,42.4000854492188,-8.92215061187744,"Male"
"9004160",371982,2025-05-20 01:07:51,42.3998222351074,-8.92212009429932,"Male"
"9004160",371982,2025-05-20 01:12:51,42.3997192382812,-8.92205333709717,"Male"
"9004160",371982,2025-05-20 01:17:51,42.396125793457,-8.92176342010498,"Male"
"9004160",371982,2025-05-20 01:22:48,42.3996887207031,-8.92222118377686,"Male"
"9004160",371982,2025-05-20 01:27:54,42.4006462097168,-8.92223834991455,"Male"
"9004160",371982,2025-05-20 01:32:54,42.4009742736816,-8.9223747253418,"Male"
"9004160",371982,2025-05-20 01:37:54,42.4016723632812,-8.92256164550781,"Male"
"9004160",371982,2025-05-20 01:42:59,42.3990020751953,-8.92177486419678,"Male"
"9004160",371982,2025-05-20 01:48:05,42.3993988037109,-8.92189693450928,"Male"
"9004160",371982,2025-05-20 01:52:54,42.3993263244629,-8.92186737060547,"Male"
"9004160",371982,2025-05-20 01:58:00,42.3992538452148,-8.92188835144043,"Male"
"9004160",371982,2025-05-20 02:03:04,42.3991508483887,-8.92207431793213,"Male"
"9004160",371982,2025-05-20 02:08:04,42.399097442627,-8.92227077484131,"Male"
"9004160",371982,2025-05-20 02:13:04,42.3991241455078,-8.92231464385986,"Male"
"9004160",371982,2025-05-20 02:18:00,42.3990364074707,-8.92227935791016,"Male"
"9004160",371982,2025-05-20 02:23:09,42.3990287780762,-8.92302131652832,"Male"
"9004160",371982,2025-05-20 02:28:04,42.3989791870117,-8.92258167266846,"Male"
"9004160",371982,2025-05-20 02:33:08,42.3988990783691,-8.92250728607178,"Male"
"9004160",371982,2025-05-20 02:38:23,42.3995742797852,-8.92203712463379,"Male"
"9004160",371982,2025-05-20 02:42:47,42.4003257751465,-8.92242431640625,"Male"
"9004160",371982,2025-05-20 02:47:47,42.4002380371094,-8.92252922058105,"Male"
"9004160",371982,2025-05-20 02:52:47,42.4002227783203,-8.92252445220947,"Male"
"9004160",371982,2025-05-20 02:57:47,42.4000854492188,-8.92248344421387,"Male"
"9004160",371982,2025-05-20 03:02:48,42.4001388549805,-8.92232227325439,"Male"
"9004160",371982,2025-05-20 03:07:50,42.3996162414551,-8.9221715927124,"Male"
"9004160",371982,2025-05-20 03:12:49,42.3995475769043,-8.92222785949707,"Male"
"9004160",371982,2025-05-20 03:17:51,42.3994598388672,-8.92217922210693,"Male"
"9004160",371982,2025-05-20 03:22:53,42.3992309570312,-8.92186737060547,"Male"
"9004160",371982,2025-05-20 03:27:55,42.3992385864258,-8.92182636260986,"Male"
"9004160",371982,2025-05-20 03:32:54,42.3994369506836,-8.92191314697266,"Male"
"9004160",371982,2025-05-20 03:38:23,42.3993110656738,-8.92192840576172,"Male"
"9004160",371982,2025-05-20 03:42:58,42.399284362793,-8.92195129394531,"Male"
"9004160",371982,2025-05-20 03:47:49,42.3993492126465,-8.9219217300415,"Male"
"9004160",371982,2025-05-20 03:53:14,42.3993492126465,-8.92186546325684,"Male"
"9004160",371982,2025-05-20 03:57:47,42.3993148803711,-8.92193698883057,"Male"
"9004160",371982,2025-05-20 04:02:50,42.3992385864258,-8.92201232910156,"Male"
"9004160",371982,2025-05-20 04:07:52,42.3992347717285,-8.92216110229492,"Male"
"9004160",371982,2025-05-20 04:12:46,42.3993453979492,-8.92183685302734,"Male"
"9004160",371982,2025-05-20 04:18:13,42.3993911743164,-8.92194843292236,"Male"
"9004160",371982,2025-05-20 04:23:11,42.3993530273438,-8.9219446182251,"Male"
"9004160",371982,2025-05-20 04:27:47,42.3993186950684,-8.92185688018799,"Male"
"9004160",371982,2025-05-20 04:32:48,42.3993301391602,-8.92195415496826,"Male"
"9004160",371982,2025-05-20 04:37:47,42.3991050720215,-8.921799659729,"Male"
"9004160",371982,2025-05-20 04:42:48,42.3996772766113,-8.92218971252441,"Male"
"9004160",371982,2025-05-20 04:48:23,42.3993225097656,-8.92197608947754,"Male"
"9004160",371982,2025-05-20 04:52:48,42.3990211486816,-8.9217357635498,"Male"
"9004160",371982,2025-05-20 04:57:49,42.3993110656738,-8.92193508148193,"Male"
"9004160",371982,2025-05-20 05:02:48,42.399299621582,-8.92199039459229,"Male"
"9004160",371982,2025-05-20 05:07:51,42.3987808227539,-8.92149639129639,"Male"
"9004160",371982,2025-05-20 05:12:50,42.3990783691406,-8.92172050476074,"Male"
"9004160",371982,2025-05-20 05:17:54,42.3993644714355,-8.92201995849609,"Male"
"9004160",371982,2025-05-20 05:22:49,42.399341583252,-8.92199039459229,"Male"
"9004160",371982,2025-05-20 05:27:47,42.3992805480957,-8.92195415496826,"Male"
"9004160",371982,2025-05-20 05:32:49,42.3993339538574,-8.92202281951904,"Male"
"9004160",371982,2025-05-20 05:37:48,42.3991050720215,-8.92185401916504,"Male"
"9004160",371982,2025-05-20 05:43:00,42.399356842041,-8.92204761505127,"Male"
"9004160",371982,2025-05-20 05:47:51,42.399284362793,-8.92209720611572,"Male"
"9004160",371982,2025-05-20 05:52:54,42.399356842041,-8.92197132110596,"Male"
"9004160",371982,2025-05-20 05:58:23,42.3993072509766,-8.9220552444458,"Male"
"9004160",371982,2025-05-20 06:02:47,42.3993644714355,-8.92217445373535,"Male"
"9004160",371982,2025-05-20 06:07:48,42.3993072509766,-8.92218208312988,"Male"
"9004160",371982,2025-05-20 06:12:47,42.3994102478027,-8.92212009429932,"Male"
"9004160",371982,2025-05-20 06:17:48,42.3995170593262,-8.92206478118896,"Male"
"9004160",371982,2025-05-20 06:22:46,42.3994636535645,-8.92239856719971,"Male"
"9004160",371982,2025-05-20 06:27:49,42.3993148803711,-8.92202281951904,"Male"
"9004160",371982,2025-05-20 06:32:47,42.3994445800781,-8.92202949523926,"Male"
"9004160",371982,2025-05-20 06:37:51,42.3992500305176,-8.92196941375732,"Male"
"9004160",371982,2025-05-20 06:42:52,42.3992309570312,-8.92195796966553,"Male"
"9004160",371982,2025-05-20 06:48:37,42.399227142334,-8.92195320129395,"Male"
"9004160",371982,2025-05-20 06:52:53,42.3990898132324,-8.92139530181885,"Male"
"9004160",371982,2025-05-20 06:58:00,42.3992385864258,-8.92199230194092,"Male"
"9004160",371982,2025-05-20 07:03:00,42.3992462158203,-8.92193603515625,"Male"
"9004160",371982,2025-05-20 07:08:00,42.3992576599121,-8.92191696166992,"Male"
"9004160",371982,2025-05-20 07:13:00,42.3992691040039,-8.92194843292236,"Male"
"9004160",371982,2025-05-20 07:18:00,42.3993301391602,-8.9219913482666,"Male"
"9004160",371982,2025-05-20 07:23:00,42.3992958068848,-8.9219217300415,"Male"
"9004160",371982,2025-05-20 07:27:54,42.3993721008301,-8.92188835144043,"Male"
"9004160",371982,2025-05-20 07:32:54,42.3993148803711,-8.92196083068848,"Male"
"9004160",371982,2025-05-20 07:37:54,42.3993301391602,-8.92197227478027,"Male"
"9004160",371982,2025-05-20 07:42:54,42.3993339538574,-8.92197227478027,"Male"
"9004160",371982,2025-05-20 07:47:52,42.3993377685547,-8.92198657989502,"Male"
"9004160",371982,2025-05-20 07:54:11,42.3995170593262,-8.92199230194092,"Male"
"9004160",371982,2025-05-20 07:59:11,42.3996276855469,-8.92198944091797,"Male"
"9004160",371982,2025-05-20 08:02:50,42.3994140625,-8.92213439941406,"Male"
"9004160",371982,2025-05-20 08:07:46,42.4254112243652,-8.92473793029785,"Male"
"9004160",371982,2025-05-20 08:12:47,42.4630661010742,-8.94335746765137,"Male"
"9004160",371982,2025-05-20 08:17:47,42.4912071228027,-8.9107141494751,"Male"
"9004160",371982,2025-05-20 08:22:46,42.5032844543457,-8.8587646484375,"Male"
"9004160",371982,2025-05-20 08:27:51,42.4988670349121,-8.84721374511719,"Male"
"9004160",371982,2025-05-20 08:33:08,42.4984245300293,-8.84780979156494,"Male"
"9004160",371982,2025-05-20 08:38:19,42.4977378845215,-8.84936714172363,"Male"
"9004160",371982,2025-05-20 08:43:24,42.4967498779297,-8.8495454788208,"Male"
"9004160",371982,2025-05-20 08:49:05,42.495491027832,-8.84979915618896,"Male"
"9004160",371982,2025-05-20 08:53:20,42.4955101013184,-8.84982299804688,"Male"
"9004160",371982,2025-05-20 08:58:23,42.495433807373,-8.84975910186768,"Male"
"9004160",371982,2025-05-20 09:03:35,42.4955291748047,-8.8497257232666,"Male"
"9004160",371982,2025-05-20 09:08:31,42.4955253601074,-8.84975528717041,"Male"
"9004160",371982,2025-05-20 09:13:30,42.495548248291,-8.8497314453125,"Male"
"9004160",371982,2025-05-20 09:18:46,42.5032730102539,-8.85333347320557,"Male"
"9004160",371982,2025-05-20 09:23:30,42.5032234191895,-8.85253524780273,"Male"
"9004160",371982,2025-05-20 09:28:27,42.5032005310059,-8.85271072387695,"Male"
"9004160",371982,2025-05-20 09:33:27,42.5032043457031,-8.85268211364746,"Male"
"9004160",371982,2025-05-20 09:38:33,42.5062713623047,-8.85073471069336,"Male"
"9004160",371982,2025-05-20 09:43:33,42.5064392089844,-8.85139560699463,"Male"
"9004160",371982,2025-05-20 10:00:35,42.5164909362793,-8.82632160186768,"Male"
"9004160",371982,2025-05-20 10:05:01,42.5162162780762,-8.82614421844482,"Male"
"9004160",371982,2025-05-20 10:10:00,42.5161247253418,-8.82603168487549,"Male"
"9004160",371982,2025-05-20 10:15:03,42.5161972045898,-8.82598972320557,"Male"
"9004160",371982,2025-05-20 10:20:04,42.5158157348633,-8.82603549957275,"Male"
"9004160",371982,2025-05-20 10:25:14,42.5152015686035,-8.82583427429199,"Male"
"9004160",371982,2025-05-20 10:36:14,42.5145835876465,-8.82433891296387,"Male"
"9004160",371982,2025-05-20 10:41:35,42.5152816772461,-8.82595157623291,"Male"
"9004160",371982,2025-05-20 10:47:26,42.5162658691406,-8.82636070251465,"Male"
"9004160",371982,2025-05-20 10:52:43,42.5169448852539,-8.82790374755859,"Male"
"9004160",371982,2025-05-20 10:59:01,42.5178451538086,-8.82925128936768,"Male"
"9004160",371982,2025-05-20 11:03:59,42.517578125,-8.82929515838623,"Male"
"9004160",371982,2025-05-20 11:08:58,42.5175971984863,-8.82937240600586,"Male"
"9004160",371982,2025-05-20 11:13:58,42.517578125,-8.82901954650879,"Male"
"9004160",371982,2025-05-20 11:19:05,42.5175590515137,-8.82913112640381,"Male"
"9004160",371982,2025-05-20 11:23:57,42.5176162719727,-8.82932376861572,"Male"
"9004160",371982,2025-05-20 11:28:55,42.5175666809082,-8.82914447784424,"Male"
"9004160",371982,2025-05-20 11:34:29,42.5176086425781,-8.82927131652832,"Male"
"9004160",371982,2025-05-20 11:38:54,42.5176048278809,-8.82918453216553,"Male"
"9004160",371982,2025-05-20 11:43:54,42.5175971984863,-8.82930660247803,"Male"
"9004160",371982,2025-05-20 11:48:54,42.5176162719727,-8.82940673828125,"Male"
"9004160",371982,2025-05-20 11:53:54,42.5176200866699,-8.82925987243652,"Male"
"9004160",371982,2025-05-20 11:58:55,42.517578125,-8.82934188842773,"Male"
"9004160",371982,2025-05-20 12:03:54,42.5176315307617,-8.82924461364746,"Male"
"9004160",371982,2025-05-20 12:08:54,42.5175399780273,-8.82925987243652,"Male"
"9004160",371982,2025-05-20 12:13:54,42.5176391601562,-8.82928562164307,"Male"
"9004160",371982,2025-05-20 12:18:55,42.5175628662109,-8.82911205291748,"Male"
"9004160",371982,2025-05-20 12:23:54,42.5177421569824,-8.8294563293457,"Male"
"9004160",371982,2025-05-20 12:29:18,42.5182991027832,-8.82960796356201,"Male"
"9004160",371982,2025-05-20 12:34:22,42.5177154541016,-8.82965087890625,"Male"
"9004160",371982,2025-05-20 12:39:16,42.5175933837891,-8.82931995391846,"Male"
"9004160",371982,2025-05-20 12:44:24,42.5176620483398,-8.82929515838623,"Male"
"9004160",371982,2025-05-20 12:49:21,42.5176811218262,-8.82929515838623,"Male"
"9004160",371982,2025-05-20 12:54:21,42.5177040100098,-8.82930946350098,"Male"
"9004160",371982,2025-05-20 12:59:22,42.5176887512207,-8.82936000823975,"Male"
"9004160",371982,2025-05-20 13:04:19,42.5176849365234,-8.82932662963867,"Male"
"9004160",371982,2025-05-20 13:09:18,42.5176010131836,-8.82861804962158,"Male"
"9004160",371982,2025-05-20 13:14:21,42.5176849365234,-8.82924365997314,"Male"
"9004160",371982,2025-05-20 13:19:19,42.517650604248,-8.82922649383545,"Male"
"9004160",371982,2025-05-20 13:24:17,42.5177154541016,-8.82940196990967,"Male"
"9004160",371982,2025-05-20 13:29:18,42.517650604248,-8.82902908325195,"Male"
"9004160",371982,2025-05-20 13:34:17,42.5176963806152,-8.82912731170654,"Male"
"9004160",371982,2025-05-20 13:58:15,42.5197372436523,-8.82997417449951,"Male"
"9004160",371982,2025-05-20 14:03:14,42.519775390625,-8.82963371276855,"Male"
"9004160",371982,2025-05-20 14:07:56,42.5197601318359,-8.82966423034668,"Male"
"9004160",371982,2025-05-20 14:12:56,42.5197219848633,-8.82981300354004,"Male"
"9004160",371982,2025-05-20 14:17:56,42.5197143554688,-8.82981395721436,"Male"
"9004160",371982,2025-05-20 14:23:00,42.5197563171387,-8.82962894439697,"Male"
"9004160",371982,2025-05-20 14:27:57,42.5197601318359,-8.82961750030518,"Male"
"9004160",371982,2025-05-20 14:33:28,42.519889831543,-8.83036422729492,"Male"
"9004160",371982,2025-05-20 14:38:40,42.5203475952148,-8.83200454711914,"Male"
"9004160",371982,2025-05-20 14:43:57,42.5197067260742,-8.83226776123047,"Male"
"9004160",371982,2025-05-20 14:57:30,42.5198287963867,-8.82977485656738,"Male"
"9004160",371982,2025-05-20 15:01:07,42.5198249816895,-8.82973766326904,"Male"
"9004160",371982,2025-05-20 15:06:08,42.5198440551758,-8.82974433898926,"Male"
"9004160",371982,2025-05-20 15:11:08,42.5197677612305,-8.82983207702637,"Male"
"9004160",371982,2025-05-20 15:16:06,42.5198249816895,-8.82973957061768,"Male"
"9004160",371982,2025-05-20 15:21:07,42.5197525024414,-8.82981967926025,"Male"
"9004160",371982,2025-05-20 15:26:07,42.5197715759277,-8.82970428466797,"Male"
"9004160",371982,2025-05-20 15:31:06,42.5198059082031,-8.82974910736084,"Male"
"9004160",371982,2025-05-20 15:36:06,42.5198020935059,-8.8297233581543,"Male"
"9004160",371982,2025-05-20 15:41:06,42.5197601318359,-8.82977676391602,"Male"
"9004160",371982,2025-05-20 15:46:06,42.5192184448242,-8.83252811431885,"Male"
"9004160",371982,2025-05-20 15:51:06,42.5116157531738,-8.84191417694092,"Male"
"9004160",371982,2025-05-20 15:56:07,42.5117568969727,-8.84194183349609,"Male"
"9004160",371982,2025-05-20 16:01:08,42.5116729736328,-8.84202098846436,"Male"
"9004160",371982,2025-05-20 16:06:07,42.5117454528809,-8.84189605712891,"Male"
"9004160",371982,2025-05-20 16:11:07,42.51171875,-8.84194660186768,"Male"
"9004160",371982,2025-05-20 16:16:07,42.5117340087891,-8.84191036224365,"Male"
"9004160",371982,2025-05-20 16:21:07,42.5117492675781,-8.84191226959229,"Male"
"9004160",371982,2025-05-20 16:26:07,42.5117454528809,-8.8419713973999,"Male"
"9004160",371982,2025-05-20 16:31:07,42.5117378234863,-8.84190845489502,"Male"
"9004160",371982,2025-05-20 16:36:13,42.5117607116699,-8.841965675354,"Male"
"9004160",371982,2025-05-20 16:41:07,42.506404876709,-8.85865592956543,"Male"
"9004160",371982,2025-05-20 16:46:44,42.493953704834,-8.89631843566895,"Male"
"9004160",371982,2025-05-20 16:51:06,42.4933891296387,-8.89804840087891,"Male"
"9004160",371982,2025-05-20 16:56:06,42.4794006347656,-8.93607234954834,"Male"
"9004160",371982,2025-05-20 17:01:06,42.4701461791992,-8.94356536865234,"Male"
"9004160",371982,2025-05-20 17:06:06,42.4700508117676,-8.94348621368408,"Male"
"9004160",371982,2025-05-20 17:11:06,42.4701766967773,-8.94356822967529,"Male"
"9004160",371982,2025-05-20 17:16:07,42.470157623291,-8.94350910186768,"Male"
"9004160",371982,2025-05-20 17:21:14,42.4700241088867,-8.94375801086426,"Male"
"9004160",371982,2025-05-20 17:26:07,42.446361541748,-8.94337272644043,"Male"
"9004160",371982,2025-05-20 17:32:05,42.3995323181152,-8.92181491851807,"Male"
"9004160",371982,2025-05-20 17:36:17,42.3995590209961,-8.92180824279785,"Male"
"9004160",371982,2025-05-20 17:41:20,42.3995399475098,-8.92184352874756,"Male"
"9004160",371982,2025-05-20 17:46:38,42.3993453979492,-8.92184638977051,"Male"
"9004160",371982,2025-05-20 17:51:32,42.3993453979492,-8.92189598083496,"Male"
"9004160",371982,2025-05-20 17:56:10,42.3992538452148,-8.92183971405029,"Male"
"9004160",371982,2025-05-20 18:01:17,42.3993301391602,-8.921950340271,"Male"
"9004160",371982,2025-05-20 18:06:09,42.3993492126465,-8.92180824279785,"Male"
"9004160",371982,2025-05-20 18:11:15,42.3993949890137,-8.92202186584473,"Male"
"9004160",371982,2025-05-20 18:16:44,42.3994522094727,-8.92196941375732,"Male"
"9004160",371982,2025-05-20 18:21:10,42.3995056152344,-8.92218208312988,"Male"
"9004160",371982,2025-05-20 18:26:06,42.3994750976562,-8.92201900482178,"Male"
"9004160",371982,2025-05-20 18:31:06,42.3994026184082,-8.92195129394531,"Male"
"9004160",371982,2025-05-20 18:36:09,42.3993644714355,-8.92209434509277,"Male"
"9004160",371982,2025-05-20 18:41:08,42.3996505737305,-8.92297458648682,"Male"
"9004160",371982,2025-05-20 18:46:16,42.3993797302246,-8.92198944091797,"Male"
"9004160",371982,2025-05-20 18:51:10,42.3994750976562,-8.92222595214844,"Male"
"9004160",371982,2025-05-20 18:56:12,42.3991317749023,-8.92168807983398,"Male"
"9004160",371982,2025-05-20 19:01:11,42.399486541748,-8.92212867736816,"Male"
"9004160",371982,2025-05-20 19:06:11,42.3994560241699,-8.92205142974854,"Male"
"9004160",371982,2025-05-20 19:11:12,42.3994941711426,-8.92221355438232,"Male"
"9004160",371982,2025-05-20 19:16:07,42.399299621582,-8.92195510864258,"Male"
"9004160",371982,2025-05-20 19:21:17,42.3992233276367,-8.92197418212891,"Male"
"9004160",371982,2025-05-20 19:26:09,42.3991851806641,-8.92204761505127,"Male"
"9004160",371982,2025-05-20 19:31:59,42.3992881774902,-8.92199039459229,"Male"
"9004160",371982,2025-05-20 19:36:10,42.3993835449219,-8.92197036743164,"Male"
"9004160",371982,2025-05-20 19:41:07,42.3992500305176,-8.92189693450928,"Male"
"9004160",371982,2025-05-20 19:46:07,42.3990669250488,-8.92173480987549,"Male"
"9004160",371982,2025-05-20 19:51:07,42.3992080688477,-8.92188453674316,"Male"
"9004160",371982,2025-05-20 19:56:08,42.3993034362793,-8.92203426361084,"Male"
"9004160",371982,2025-05-20 20:01:08,42.3989715576172,-8.92161846160889,"Male"
"9004160",371982,2025-05-20 20:06:11,42.3994445800781,-8.92180347442627,"Male"
"9004160",371982,2025-05-20 20:11:09,42.3994636535645,-8.92176151275635,"Male"
"9004160",371982,2025-05-20 20:16:18,42.399486541748,-8.92196750640869,"Male"
"9004160",371982,2025-05-20 20:21:12,42.3994674682617,-8.92215919494629,"Male"
"9004160",371982,2025-05-20 20:26:26,42.3995704650879,-8.92189884185791,"Male"
"9004160",371982,2025-05-20 20:31:38,42.3993721008301,-8.92208766937256,"Male"
"9004160",371982,2025-05-20 20:36:15,42.3993606567383,-8.92211723327637,"Male"
"9004160",371982,2025-05-20 20:41:18,42.3993072509766,-8.92210960388184,"Male"
"9004160",371982,2025-05-20 20:46:35,42.3993873596191,-8.92203521728516,"Male"
"9004160",371982,2025-05-20 20:51:43,42.3993034362793,-8.92196464538574,"Male"
"9004160",371982,2025-05-20 20:56:06,42.3992233276367,-8.92197608947754,"Male"
"9004160",371982,2025-05-20 21:01:07,42.3992652893066,-8.92179775238037,"Male"
"9004160",371982,2025-05-20 21:06:06,42.3992691040039,-8.92183685302734,"Male"
"9004160",371982,2025-05-20 21:11:07,42.3992729187012,-8.92184829711914,"Male"
"9004160",371982,2025-05-20 21:16:07,42.3996696472168,-8.9216890335083,"Male"
"9004160",371982,2025-05-20 21:21:07,42.3993377685547,-8.92191886901855,"Male"
"9004160",371982,2025-05-20 21:26:07,42.3993988037109,-8.92213535308838,"Male"
"9004160",371982,2025-05-20 21:31:07,42.3993682861328,-8.92184543609619,"Male"
"9004160",371982,2025-05-20 21:36:07,42.3992576599121,-8.92201328277588,"Male"
"9004160",371982,2025-05-20 21:41:11,42.3990821838379,-8.92230892181396,"Male"
"9004160",371982,2025-05-20 21:46:43,42.3992156982422,-8.9219446182251,"Male"
"9004160",371982,2025-05-20 21:51:28,42.3992195129395,-8.92195320129395,"Male"
"9004160",371982,2025-05-20 21:56:11,42.3992347717285,-8.92250537872314,"Male"
"9004160",371982,2025-05-20 22:01:08,42.3992614746094,-8.92222023010254,"Male"
"9004160",371982,2025-05-20 22:06:08,42.3992080688477,-8.92205333709717,"Male"
"9004160",371982,2025-05-20 22:12:31,42.399227142334,-8.92194080352783,"Male"
"9004160",371982,2025-05-20 22:16:12,42.3992652893066,-8.92178440093994,"Male"
"9004160",371982,2025-05-20 22:21:07,42.3994178771973,-8.92225456237793,"Male"
"9004160",371982,2025-05-20 22:26:06,42.3995666503906,-8.92225646972656,"Male"
"9004160",371982,2025-05-20 22:31:08,42.3991661071777,-8.92224884033203,"Male"
"9004160",371982,2025-05-20 22:36:06,42.3995590209961,-8.92210006713867,"Male"
"9004160",371982,2025-05-20 22:41:07,42.3993225097656,-8.92198371887207,"Male"
"9004160",371982,2025-05-20 22:46:08,42.3993339538574,-8.92224979400635,"Male"
"9004160",371982,2025-05-20 22:51:09,42.3991432189941,-8.92219257354736,"Male"
"9004160",371982,2025-05-20 22:56:20,42.3989181518555,-8.92201137542725,"Male"
"9004160",371982,2025-05-20 23:01:10,42.3990631103516,-8.9221305847168,"Male"
"9004160",371982,2025-05-20 23:06:11,42.3992538452148,-8.92212963104248,"Male"
"9004160",371982,2025-05-20 23:11:14,42.3987770080566,-8.92192363739014,"Male"
"9004160",371982,2025-05-20 23:16:10,42.3987350463867,-8.92203044891357,"Male"
"9004160",371982,2025-05-20 23:21:12,42.3982009887695,-8.92219829559326,"Male"
"9004160",371982,2025-05-20 23:26:10,42.3982276916504,-8.92217254638672,"Male"
"9004160",371982,2025-05-20 23:31:10,42.398494720459,-8.92217636108398,"Male"
"9004160",371982,2025-05-20 23:36:11,42.3981285095215,-8.92214298248291,"Male"
"9004160",371982,2025-05-20 23:41:13,42.3982009887695,-8.92207813262939,"Male"
"9004160",371982,2025-05-20 23:46:14,42.3984832763672,-8.92209243774414,"Male"
"9004160",371982,2025-05-20 23:51:44,42.3993301391602,-8.92196655273438,"Male"
"9004160",371982,2025-05-20 23:56:11,42.3994369506836,-8.92198181152344,"Male"
"9004160",371982,2025-05-21 00:01:08,42.3993682861328,-8.92202663421631,"Male"
"9004160",371982,2025-05-21 00:06:07,42.3993339538574,-8.92262077331543,"Male"
"9004160",371982,2025-05-21 00:11:14,42.3993644714355,-8.9219388961792,"Male"
"9004160",371982,2025-05-21 00:16:08,42.3993034362793,-8.92271900177002,"Male"
"9004160",371982,2025-05-21 00:21:08,42.3993072509766,-8.92246055603027,"Male"
"9004160",371982,2025-05-21 00:26:07,42.3991889953613,-8.92260646820068,"Male"
"9004160",371982,2025-05-21 00:31:08,42.3992767333984,-8.92240047454834,"Male"
"9004160",371982,2025-05-21 00:36:19,42.3989791870117,-8.92174434661865,"Male"
"9004160",371982,2025-05-21 00:41:18,42.3990173339844,-8.92171478271484,"Male"
"9004160",371982,2025-05-21 00:46:25,42.3991470336914,-8.9214506149292,"Male"
"9004160",371982,2025-05-21 00:51:14,42.3991394042969,-8.92174530029297,"Male"
"9004160",371982,2025-05-21 00:56:19,42.3988037109375,-8.92154502868652,"Male"
"9004160",371982,2025-05-21 01:01:19,42.3988647460938,-8.92149066925049,"Male"
"9004160",371982,2025-05-21 01:06:21,42.3991394042969,-8.92149925231934,"Male"
"9004160",371982,2025-05-21 01:11:17,42.3989944458008,-8.92148208618164,"Male"
"9004160",371982,2025-05-21 01:16:24,42.3991432189941,-8.92146778106689,"Male"
"9004160",371982,2025-05-21 01:21:38,42.3991279602051,-8.92174625396729,"Male"
"9004160",371982,2025-05-21 01:26:41,42.3993949890137,-8.92185497283936,"Male"
"9004160",371982,2025-05-21 01:31:11,42.3998260498047,-8.92202663421631,"Male"
"9004160",371982,2025-05-21 01:36:08,42.3996086120605,-8.92210578918457,"Male"
"9004160",371982,2025-05-21 01:41:11,42.3990745544434,-8.92181491851807,"Male"
"9004160",371982,2025-05-21 01:46:10,42.3991355895996,-8.92183685302734,"Male"
"9004160",371982,2025-05-21 01:51:08,42.399169921875,-8.92180156707764,"Male"
"9004160",371982,2025-05-21 01:56:08,42.3992652893066,-8.92192459106445,"Male"
"9004160",371982,2025-05-21 02:01:08,42.399284362793,-8.92194271087646,"Male"
"9004160",371982,2025-05-21 02:06:08,42.3992004394531,-8.9218635559082,"Male"
"9004160",371982,2025-05-21 02:11:08,42.3992729187012,-8.92190361022949,"Male"
"9004160",371982,2025-05-21 02:16:11,42.399242401123,-8.921875,"Male"
"9004160",371982,2025-05-21 02:21:08,42.3992958068848,-8.92195892333984,"Male"
"9004160",371982,2025-05-21 02:26:08,42.3992538452148,-8.92199039459229,"Male"
"9004160",371982,2025-05-21 02:31:37,42.3992805480957,-8.92192649841309,"Male"
"9004160",371982,2025-05-21 02:36:08,42.3993530273438,-8.92196464538574,"Male"
"9004160",371982,2025-05-21 02:41:14,42.3989791870117,-8.92210006713867,"Male"
"9004160",371982,2025-05-21 02:46:12,42.399356842041,-8.92197704315186,"Male"
"9004160",371982,2025-05-21 02:51:08,42.3993034362793,-8.92184448242188,"Male"
"9004160",371982,2025-05-21 02:56:13,42.3994026184082,-8.92181873321533,"Male"
"9004160",371982,2025-05-21 03:01:12,42.3994636535645,-8.92199993133545,"Male"
"9004160",371982,2025-05-21 03:06:12,42.3993873596191,-8.92181015014648,"Male"
"9004160",371982,2025-05-21 03:11:11,42.3993797302246,-8.92183876037598,"Male"
"9004160",371982,2025-05-21 03:16:12,42.399658203125,-8.92229175567627,"Male"
"9004160",371982,2025-05-21 03:21:11,42.3995475769043,-8.92209529876709,"Male"
"9004160",371982,2025-05-21 03:26:12,42.3995246887207,-8.92213439941406,"Male"
"9004160",371982,2025-05-21 03:31:19,42.3997573852539,-8.92170715332031,"Male"
"9004160",371982,2025-05-21 03:36:14,42.3990631103516,-8.92159843444824,"Male"
"9004160",371982,2025-05-21 03:41:37,42.4001083374023,-8.92189121246338,"Male"
"9004160",371982,2025-05-21 03:46:29,42.4000968933105,-8.92213916778564,"Male"
"9004160",371982,2025-05-21 03:51:39,42.4000701904297,-8.92220211029053,"Male"
"9004160",371982,2025-05-21 03:56:44,42.3992195129395,-8.92199230194092,"Male"
"9004160",371982,2025-05-21 04:01:34,42.3993110656738,-8.92198085784912,"Male"
"9004160",371982,2025-05-21 04:06:08,42.3994407653809,-8.9221019744873,"Male"
"9004160",371982,2025-05-21 04:11:09,42.399299621582,-8.92204856872559,"Male"
"9004160",371982,2025-05-21 04:16:08,42.3994369506836,-8.92208957672119,"Male"
"9004160",371982,2025-05-21 04:21:09,42.3990058898926,-8.92175674438477,"Male"
"9004160",371982,2025-05-21 04:26:08,42.3994941711426,-8.92215538024902,"Male"
"9004160",371982,2025-05-21 04:31:08,42.3995323181152,-8.92223739624023,"Male"
"9004160",371982,2025-05-21 04:36:11,42.399299621582,-8.92206001281738,"Male"
"9004160",371982,2025-05-21 04:41:10,42.3994140625,-8.92218112945557,"Male"
"9004160",371982,2025-05-21 04:46:12,42.3993835449219,-8.92200756072998,"Male"
"9004160",371982,2025-05-21 04:51:08,42.3991203308105,-8.92190265655518,"Male"
"9004160",371982,2025-05-21 04:56:09,42.3993721008301,-8.92199039459229,"Male"
"9004160",371982,2025-05-21 05:01:08,42.3994178771973,-8.92194366455078,"Male"
"9004160",371982,2025-05-21 05:06:08,42.3993682861328,-8.92192935943604,"Male"
"9004160",371982,2025-05-21 05:11:08,42.3994636535645,-8.92195701599121,"Male"
"9004160",371982,2025-05-21 05:16:10,42.3993186950684,-8.92193126678467,"Male"
"9004160",371982,2025-05-21 05:21:10,42.3993186950684,-8.92204189300537,"Male"
"9004160",371982,2025-05-21 05:26:11,42.3992691040039,-8.92216682434082,"Male"
"9004160",371982,2025-05-21 05:31:13,42.3994331359863,-8.92211246490479,"Male"
"9004160",371982,2025-05-21 05:36:12,42.3993492126465,-8.92221832275391,"Male"
"9004160",371982,2025-05-21 05:41:35,42.3993949890137,-8.92201995849609,"Male"
"9004160",371982,2025-05-21 05:46:07,42.3993797302246,-8.92208862304688,"Male"
"9004160",371982,2025-05-21 05:51:08,42.3995208740234,-8.92212200164795,"Male"
"9004160",371982,2025-05-21 05:56:08,42.3995666503906,-8.92221069335938,"Male"
"9004160",371982,2025-05-21 06:01:08,42.3994026184082,-8.92205429077148,"Male"
"9004160",371982,2025-05-21 06:06:08,42.3993873596191,-8.92258167266846,"Male"
"9004160",371982,2025-05-21 06:11:08,42.3978729248047,-8.92028141021729,"Male"
"9004160",371982,2025-05-21 06:16:08,42.3978729248047,-8.92018890380859,"Male"
"9004160",371982,2025-05-21 06:21:08,42.3977355957031,-8.92035293579102,"Male"
"9004160",371982,2025-05-21 06:26:09,42.3978271484375,-8.9201831817627,"Male"
"9004160",371982,2025-05-21 06:31:08,42.3977813720703,-8.92025661468506,"Male"
"9004160",371982,2025-05-21 06:36:08,42.3978004455566,-8.92038249969482,"Male"
"9004160",371982,2025-05-21 06:41:08,42.3977584838867,-8.92030429840088,"Male"
"9004160",371982,2025-05-21 06:46:10,42.4006958007812,-8.90419864654541,"Male"
"9004160",371982,2025-05-21 06:52:14,42.4066047668457,-8.89986896514893,"Male"
"9004160",371982,2025-05-21 06:58:07,42.4063415527344,-8.89929103851318,"Male"
"9004160",371982,2025-05-21 07:03:04,42.4069519042969,-8.89969158172607,"Male"
"9004160",371982,2025-05-21 07:08:04,42.4325828552246,-8.912917137146,"Male"
"9004160",371982,2025-05-21 07:13:04,42.4503135681152,-8.92210006713867,"Male"
"9004160",371982,2025-05-21 07:18:04,42.4505195617676,-8.92220211029053,"Male"
"9004160",371982,2025-05-21 07:23:03,42.4508781433105,-8.92211627960205,"Male"
"9004160",371982,2025-05-21 07:28:04,42.4506950378418,-8.92227268218994,"Male"
"9004160",371982,2025-05-21 07:33:03,42.45068359375,-8.92218112945557,"Male"
"9004160",371982,2025-05-21 07:38:04,42.4563293457031,-8.93826675415039,"Male"
"9004160",371982,2025-05-21 07:43:06,42.4638862609863,-8.94405746459961,"Male"
"9004160",371982,2025-05-21 07:48:04,42.4834785461426,-8.9295539855957,"Male"
"9004160",371982,2025-05-21 07:53:04,42.5017890930176,-8.890380859375,"Male"
"9004160",371982,2025-05-21 07:58:05,42.5088081359863,-8.84402561187744,"Male"
"9004160",371982,2025-05-21 08:03:04,42.5085754394531,-8.84323883056641,"Male"
"9004160",371982,2025-05-21 08:08:38,42.5097389221191,-8.8424072265625,"Male"
"9004160",371982,2025-05-21 08:13:37,42.5169067382812,-8.82855224609375,"Male"
"9004160",371982,2025-05-21 08:19:07,42.5160484313965,-8.82713413238525,"Male"
"9004160",371982,2025-05-21 08:24:50,42.5162162780762,-8.82707691192627,"Male"
"9004160",371982,2025-05-21 08:30:25,42.5175857543945,-8.8286247253418,"Male"
"9004160",371982,2025-05-21 08:35:28,42.518497467041,-8.82915306091309,"Male"
"9004160",371982,2025-05-21 08:40:29,42.5202903747559,-8.8297290802002,"Male"
"9004160",371982,2025-05-21 08:45:28,42.5205574035645,-8.82972145080566,"Male"
"9004160",371982,2025-05-21 08:50:27,42.5204887390137,-8.82967662811279,"Male"
"9004160",371982,2025-05-21 08:55:29,42.520622253418,-8.82983875274658,"Male"
"9004160",371982,2025-05-21 09:00:28,42.520580291748,-8.82977962493896,"Male"
"9004160",371982,2025-05-21 09:05:29,42.5204811096191,-8.82982349395752,"Male"
"9004160",371982,2025-05-21 09:10:28,42.5203857421875,-8.8296947479248,"Male"
"9004160",371982,2025-05-21 09:15:29,42.5203742980957,-8.82965183258057,"Male"
"9004160",371982,2025-05-21 09:20:28,42.5205345153809,-8.82973289489746,"Male"
"9004160",371982,2025-05-21 09:25:27,42.5203590393066,-8.82987022399902,"Male"
"9004160",371982,2025-05-21 09:30:28,42.5203399658203,-8.82987403869629,"Male"
"9004160",371982,2025-05-21 09:35:28,42.520450592041,-8.82970523834229,"Male"
"9004160",371982,2025-05-21 09:40:27,42.5203552246094,-8.82982540130615,"Male"
"9004160",371982,2025-05-21 09:45:27,42.5202713012695,-8.82983303070068,"Male"
"9004160",371982,2025-05-21 09:50:27,42.5203552246094,-8.82971096038818,"Male"
"9004160",371982,2025-05-21 09:55:28,42.5204162597656,-8.82979011535645,"Male"
"9004160",371982,2025-05-21 10:00:29,42.5206260681152,-8.83035087585449,"Male"
"9004160",371982,2025-05-21 10:05:32,42.5207824707031,-8.83178424835205,"Male"
"9004160",371982,2025-05-21 10:11:02,42.5195808410645,-8.83249568939209,"Male"
"9004160",371982,2025-05-21 10:16:04,42.5193138122559,-8.83219242095947,"Male"
"9004160",371982,2025-05-21 10:21:11,42.5200347900391,-8.83076953887939,"Male"
"9004160",371982,2025-05-21 10:26:08,42.5204048156738,-8.82975196838379,"Male"
"9004160",371982,2025-05-21 10:31:08,42.5203285217285,-8.82967758178711,"Male"
"9004160",371982,2025-05-21 10:36:08,42.5204048156738,-8.82986927032471,"Male"
"9004160",371982,2025-05-21 10:41:08,42.5203285217285,-8.82970428466797,"Male"
"9004160",371982,2025-05-21 10:46:08,42.5202903747559,-8.82968902587891,"Male"
"9004160",371982,2025-05-21 10:51:08,42.5202255249023,-8.82960987091064,"Male"
"9004160",371982,2025-05-21 10:56:08,42.5202560424805,-8.82961559295654,"Male"
"9004160",371982,2025-05-21 11:01:10,42.5204811096191,-8.82991886138916,"Male"
"9004160",371982,2025-05-21 11:06:08,42.5203514099121,-8.82976913452148,"Male"
"9004160",371982,2025-05-21 11:11:08,42.5203628540039,-8.82975769042969,"Male"
"9004160",371982,2025-05-21 11:16:08,42.520378112793,-8.82963562011719,"Male"
"9004160",371982,2025-05-21 11:21:08,42.5203399658203,-8.82989120483398,"Male"
"9004160",371982,2025-05-21 11:26:08,42.5203590393066,-8.82984352111816,"Male"
"9004160",371982,2025-05-21 11:31:09,42.520378112793,-8.82972431182861,"Male"
"9004160",371982,2025-05-21 11:36:09,42.5203094482422,-8.82968330383301,"Male"
"9004160",371982,2025-05-21 11:41:08,42.520092010498,-8.82983779907227,"Male"
"9004160",371982,2025-05-21 11:46:21,42.5193252563477,-8.83109760284424,"Male"
"9004160",371982,2025-05-21 11:51:51,42.5195693969727,-8.83236408233643,"Male"
"9004160",371982,2025-05-21 11:56:54,42.5202598571777,-8.83247852325439,"Male"
"9004160",371982,2025-05-21 12:01:57,42.521411895752,-8.83199405670166,"Male"
"9004160",371982,2025-05-21 12:06:59,42.5220108032227,-8.83249378204346,"Male"
"9004160",371982,2025-05-21 12:11:57,42.5215148925781,-8.83107948303223,"Male"
"9004160",371982,2025-05-21 12:16:58,42.5205001831055,-8.82952213287354,"Male"
"9004160",371982,2025-05-21 12:21:57,42.520435333252,-8.82960033416748,"Male"
"9004160",371982,2025-05-21 12:26:57,42.5204658508301,-8.82967662811279,"Male"
"9004160",371982,2025-05-21 12:31:57,42.5204887390137,-8.82953929901123,"Male"
"9004160",371982,2025-05-21 12:37:00,42.5205459594727,-8.82931613922119,"Male"
"9004160",371982,2025-05-21 12:41:58,42.5205497741699,-8.82936954498291,"Male"
"9004160",371982,2025-05-21 12:46:57,42.5205497741699,-8.8292760848999,"Male"
"9004160",371982,2025-05-21 12:51:57,42.5205345153809,-8.82936954498291,"Male"
"9004160",371982,2025-05-21 12:56:58,42.5205154418945,-8.82941722869873,"Male"
"9004160",371982,2025-05-21 13:01:57,42.520191192627,-8.83011150360107,"Male"
"9004160",371982,2025-05-21 13:07:22,42.5193672180176,-8.83167171478271,"Male"
"9004160",371982,2025-05-21 13:12:44,42.518669128418,-8.83284854888916,"Male"
"9004160",371982,2025-05-21 13:17:44,42.5182456970215,-8.83442687988281,"Male"
"9004160",371982,2025-05-21 13:22:41,42.5168991088867,-8.83601379394531,"Male"
"9004160",371982,2025-05-21 13:27:42,42.5151557922363,-8.83808326721191,"Male"
"9004160",371982,2025-05-21 13:32:44,42.5128517150879,-8.84016513824463,"Male"
"9004160",371982,2025-05-21 13:37:41,42.5118980407715,-8.84075260162354,"Male"
"9004160",371982,2025-05-21 13:42:41,42.5120391845703,-8.84068775177002,"Male"
"9004160",371982,2025-05-21 13:47:41,42.512035369873,-8.84066200256348,"Male"
"9004160",371982,2025-05-21 13:52:41,42.512035369873,-8.84063243865967,"Male"
"9004160",371982,2025-05-21 13:57:41,42.512020111084,-8.84064102172852,"Male"
"9004160",371982,2025-05-21 14:02:42,42.5120239257812,-8.84062385559082,"Male"
"9004160",371982,2025-05-21 14:07:42,42.5120086669922,-8.84062480926514,"Male"
"9004160",371982,2025-05-21 14:12:42,42.5120010375977,-8.84060764312744,"Male"
"9004160",371982,2025-05-21 14:17:42,42.5119895935059,-8.84071826934814,"Male"
"9004160",371982,2025-05-21 14:22:43,42.510986328125,-8.84235763549805,"Male"
"9004160",371982,2025-05-21 14:27:48,42.5092430114746,-8.84313011169434,"Male"
"9004160",371982,2025-05-21 14:32:53,42.5082702636719,-8.84478092193604,"Male"
"9004160",371982,2025-05-21 14:38:06,42.507453918457,-8.84674739837646,"Male"
"9004160",371982,2025-05-21 14:43:06,42.5078468322754,-8.84729766845703,"Male"
"9004160",371982,2025-05-21 14:48:06,42.5078544616699,-8.84727382659912,"Male"
"9004160",371982,2025-05-21 14:53:06,42.5079612731934,-8.84726238250732,"Male"
"9004160",371982,2025-05-21 14:58:06,42.507999420166,-8.84729099273682,"Male"
"9004160",371982,2025-05-21 15:03:06,42.5078887939453,-8.84733104705811,"Male"
"9004160",371982,2025-05-21 15:08:06,42.507984161377,-8.84726715087891,"Male"
"9004160",371982,2025-05-21 15:13:07,42.5063629150391,-8.86270713806152,"Male"
"9004160",371982,2025-05-21 15:18:06,42.5006561279297,-8.88087368011475,"Male"
"9004160",371982,2025-05-21 15:23:06,42.5006408691406,-8.88083457946777,"Male"
"9004160",371982,2025-05-21 15:28:07,42.4872436523438,-8.91431522369385,"Male"
"9004160",371982,2025-05-21 15:33:06,42.4807586669922,-8.93615818023682,"Male"
"9004160",371982,2025-05-21 15:38:07,42.4385986328125,-8.9364185333252,"Male"
"9004160",371982,2025-05-21 15:43:06,42.3995399475098,-8.92160511016846,"Male"
"9004160",371982,2025-05-21 15:48:14,42.3992919921875,-8.92162609100342,"Male"
"9004160",371982,2025-05-21 15:53:08,42.3994789123535,-8.92164707183838,"Male"
"9004160",371982,2025-05-21 15:58:16,42.3986167907715,-8.92152118682861,"Male"
"9004160",371982,2025-05-21 16:03:13,42.3995971679688,-8.92165946960449,"Male"
"9004160",371982,2025-05-21 16:08:08,42.3995704650879,-8.92164039611816,"Male"
"9004160",371982,2025-05-21 16:13:18,42.3994750976562,-8.92166900634766,"Male"
"9004160",371982,2025-05-21 16:18:06,42.3993072509766,-8.92150115966797,"Male"
"9004160",371982,2025-05-21 16:23:09,42.3993301391602,-8.92163848876953,"Male"
"9004160",371982,2025-05-21 16:28:04,42.3992576599121,-8.92147827148438,"Male"
"9004160",371982,2025-05-21 16:33:06,42.3993072509766,-8.92158126831055,"Male"
"9004160",371982,2025-05-21 16:38:04,42.3991889953613,-8.92155647277832,"Male"
"9004160",371982,2025-05-21 16:43:04,42.3993911743164,-8.92156314849854,"Male"
"9004160",371982,2025-05-21 16:48:04,42.3993301391602,-8.92166423797607,"Male"
"9004160",371982,2025-05-21 16:53:06,42.3994102478027,-8.92168807983398,"Male"
"9004160",371982,2025-05-21 16:58:14,42.3990325927734,-8.92156505584717,"Male"
"9004160",371982,2025-05-21 17:03:12,42.3991813659668,-8.92191600799561,"Male"
"9004160",371982,2025-05-21 17:08:04,42.3992652893066,-8.92161273956299,"Male"
"9004160",371982,2025-05-21 17:13:04,42.3992004394531,-8.92155647277832,"Male"
"9004160",371982,2025-05-21 17:18:04,42.3993377685547,-8.92160034179688,"Male"
"9004160",371982,2025-05-21 17:23:08,42.3993606567383,-8.92177772521973,"Male"
"9004160",371982,2025-05-21 17:28:06,42.3995590209961,-8.92207431793213,"Male"
"9004160",371982,2025-05-21 17:33:07,42.3994216918945,-8.92212200164795,"Male"
"9004160",371982,2025-05-21 17:38:04,42.3994483947754,-8.92214393615723,"Male"
"9004160",371982,2025-05-21 17:43:06,42.3994598388672,-8.92198753356934,"Male"
"9004160",371982,2025-05-21 17:48:15,42.3992156982422,-8.92183780670166,"Male"
"9004160",371982,2025-05-21 17:53:07,42.3995513916016,-8.92221641540527,"Male"
"9004160",371982,2025-05-21 17:58:10,42.399730682373,-8.92212581634521,"Male"
"9004160",371982,2025-05-21 18:03:09,42.3996620178223,-8.92211818695068,"Male"
"9004160",371982,2025-05-21 18:08:07,42.3995628356934,-8.92207813262939,"Male"
"9004160",371982,2025-05-21 18:13:13,42.3999710083008,-8.92206287384033,"Male"
"9004160",371982,2025-05-21 18:19:27,42.3995399475098,-8.9220085144043,"Male"
"9004160",371982,2025-05-21 18:23:08,42.3995132446289,-8.92199611663818,"Male"
"9004160",371982,2025-05-21 18:28:03,42.3995895385742,-8.92174053192139,"Male"
"9004160",371982,2025-05-21 18:33:03,42.3992118835449,-8.92159271240234,"Male"
"9004160",371982,2025-05-21 18:38:04,42.3993911743164,-8.92188167572021,"Male"
"9004160",371982,2025-05-21 18:43:09,42.3993377685547,-8.92197322845459,"Male"
"9004160",371982,2025-05-21 18:48:07,42.3993911743164,-8.92200088500977,"Male"
"9004160",371982,2025-05-21 18:53:09,42.3993186950684,-8.92195987701416,"Male"
"9004160",371982,2025-05-21 18:58:06,42.3993606567383,-8.92198944091797,"Male"
"9004160",371982,2025-05-21 19:03:10,42.3990287780762,-8.92202758789062,"Male"
"9004160",371982,2025-05-21 19:08:04,42.3992156982422,-8.92202281951904,"Male"
"9004160",371982,2025-05-21 19:13:04,42.3992881774902,-8.92212390899658,"Male"
"9004160",371982,2025-05-21 19:18:04,42.3992004394531,-8.92205333709717,"Male"
"9004160",371982,2025-05-21 19:23:04,42.3991470336914,-8.92202854156494,"Male"
"9004160",371982,2025-05-21 19:28:04,42.3990516662598,-8.92206573486328,"Male"
"9004160",371982,2025-05-21 19:33:04,42.3992958068848,-8.92208099365234,"Male"
"9004160",371982,2025-05-21 19:38:09,42.3990783691406,-8.92261219024658,"Male"
"9004160",371982,2025-05-21 19:43:09,42.3993225097656,-8.92229557037354,"Male"
"9004160",371982,2025-05-21 19:48:07,42.3992118835449,-8.92202758789062,"Male"
"9004160",371982,2025-05-21 19:53:09,42.3994026184082,-8.92214965820312,"Male"
"9004160",371982,2025-05-21 19:58:07,42.3993110656738,-8.92204856872559,"Male"
"9004160",371982,2025-05-21 20:03:09,42.3992004394531,-8.92191600799561,"Male"
"9004160",371982,2025-05-21 20:08:11,42.3993949890137,-8.92181301116943,"Male"
"9004160",371982,2025-05-21 20:13:11,42.3996086120605,-8.9211311340332,"Male"
"9004160",371982,2025-05-21 20:18:06,42.3993911743164,-8.92156887054443,"Male"
"9004160",371982,2025-05-21 20:23:05,42.3996391296387,-8.92121887207031,"Male"
"9004160",371982,2025-05-21 20:28:07,42.3997573852539,-8.92206382751465,"Male"
"9004160",371982,2025-05-21 20:33:09,42.3998222351074,-8.92199420928955,"Male"
"9004160",371982,2025-05-21 20:38:10,42.3996734619141,-8.92201232910156,"Male"
"9004160",371982,2025-05-21 20:43:07,42.399959564209,-8.92246532440186,"Male"
"9004160",371982,2025-05-21 20:48:05,42.4004898071289,-8.92156600952148,"Male"
"9004160",371982,2025-05-21 20:53:05,42.4003486633301,-8.92198467254639,"Male"
"9004160",371982,2025-05-21 20:58:09,42.4007110595703,-8.92255306243896,"Male"
"9004160",371982,2025-05-21 21:03:10,42.4001541137695,-8.92243957519531,"Male"
"9004160",371982,2025-05-21 21:08:12,42.4002838134766,-8.92218017578125,"Male"
"9004160",371982,2025-05-21 21:13:10,42.4001541137695,-8.92203140258789,"Male"
"9004160",371982,2025-05-21 21:18:28,42.3986587524414,-8.92015743255615,"Male"
"9004160",371982,2025-05-21 21:23:27,42.3973693847656,-8.91765308380127,"Male"
"9004160",371982,2025-05-21 21:28:29,42.3973846435547,-8.91764354705811,"Male"
"9004160",371982,2025-05-21 21:33:31,42.3996353149414,-8.92208862304688,"Male"
"9004160",371982,2025-05-21 21:38:28,42.3978309631348,-8.91681575775146,"Male"
"9004160",371982,2025-05-21 21:43:31,42.3992004394531,-8.92208576202393,"Male"
"9004160",371982,2025-05-21 21:48:31,42.3989868164062,-8.92246341705322,"Male"
"9004160",371982,2025-05-21 21:53:41,42.3987426757812,-8.92299365997314,"Male"
"9004160",371982,2025-05-21 21:58:25,42.3991470336914,-8.92109489440918,"Male"
"9004160",371982,2025-05-21 22:03:27,42.3988914489746,-8.92228984832764,"Male"
"9004160",371982,2025-05-21 22:08:25,42.3990020751953,-8.92218017578125,"Male"
"9004160",371982,2025-05-21 22:13:28,42.3986778259277,-8.92286968231201,"Male"
"9004160",371982,2025-05-21 22:18:28,42.3985824584961,-8.92251777648926,"Male"
"9004160",371982,2025-05-21 22:23:31,42.3990669250488,-8.92231845855713,"Male"
"9004160",371982,2025-05-21 22:28:28,42.3986740112305,-8.92221736907959,"Male"
"9004160",371982,2025-05-21 22:33:27,42.3987770080566,-8.92202091217041,"Male"
"9004160",371982,2025-05-21 22:38:28,42.3988990783691,-8.92196273803711,"Male"
"9004160",371982,2025-05-21 22:43:24,42.3993148803711,-8.92174339294434,"Male"
"9004160",371982,2025-05-21 22:48:26,42.399356842041,-8.92176723480225,"Male"
"9004160",371982,2025-05-21 22:53:26,42.3991966247559,-8.92188167572021,"Male"
"9004160",371982,2025-05-21 22:58:27,42.3991546630859,-8.92172145843506,"Male"
"9004160",371982,2025-05-21 23:03:31,42.3993949890137,-8.92191123962402,"Male"
"9004160",371982,2025-05-21 23:08:26,42.3991432189941,-8.92189502716064,"Male"
"9004160",371982,2025-05-21 23:13:27,42.3988800048828,-8.92208099365234,"Male"
"9004160",371982,2025-05-21 23:18:27,42.3989181518555,-8.92187309265137,"Male"
"9004160",371982,2025-05-21 23:23:30,42.3989906311035,-8.9221658706665,"Male"
"9004160",371982,2025-05-21 23:28:30,42.3991737365723,-8.92138004302979,"Male"
"9004160",371982,2025-05-21 23:33:30,42.3985824584961,-8.92115688323975,"Male"
"9004160",371982,2025-05-21 23:38:35,42.3989334106445,-8.92152118682861,"Male"
"9004160",371982,2025-05-21 23:43:28,42.3987731933594,-8.92161273956299,"Male"
"9004160",371982,2025-05-21 23:48:30,42.3993225097656,-8.92187595367432,"Male"
"9004160",371982,2025-05-21 23:53:36,42.3994026184082,-8.92172527313232,"Male"
"9004160",371982,2025-05-21 23:58:29,42.3992767333984,-8.92183971405029,"Male"
"9004160",371982,2025-05-22 00:03:28,42.4001770019531,-8.9219446182251,"Male"
"9004160",371982,2025-05-22 00:08:35,42.3995513916016,-8.92136096954346,"Male"
"9004160",371982,2025-05-22 00:13:34,42.4005317687988,-8.92148971557617,"Male"
"9004160",371982,2025-05-22 00:18:34,42.4009094238281,-8.92128086090088,"Male"
"9004160",371982,2025-05-22 00:23:29,42.4004325866699,-8.92176723480225,"Male"
"9004160",371982,2025-05-22 00:28:30,42.4029426574707,-8.92233180999756,"Male"
"9004160",371982,2025-05-22 00:33:41,42.4000358581543,-8.92176342010498,"Male"
"9004160",371982,2025-05-22 00:38:49,42.4001808166504,-8.92155265808105,"Male"
"9004160",371982,2025-05-22 00:43:27,42.4007110595703,-8.92216777801514,"Male"
"9004160",371982,2025-05-22 00:48:28,42.4005584716797,-8.92215633392334,"Male"
"9004160",371982,2025-05-22 00:53:25,42.3999900817871,-8.92204189300537,"Male"
"9004160",371982,2025-05-22 00:58:29,42.3996276855469,-8.92201137542725,"Male"
"9004160",371982,2025-05-22 01:03:39,42.3993988037109,-8.92188167572021,"Male"
"9004160",371982,2025-05-22 01:08:57,42.3995399475098,-8.92168140411377,"Male"
"9004160",371982,2025-05-22 01:13:26,42.3995666503906,-8.9218921661377,"Male"
"9004160",371982,2025-05-22 01:18:36,42.3992919921875,-8.92221736907959,"Male"
"9004160",371982,2025-05-22 01:23:43,42.3993148803711,-8.92218399047852,"Male"
"9004160",371982,2025-05-22 01:28:30,42.3993034362793,-8.92184638977051,"Male"
"9004160",371982,2025-05-22 01:33:47,42.3991775512695,-8.9216890335083,"Male"
"9004160",371982,2025-05-22 01:38:36,42.3992958068848,-8.92169189453125,"Male"
"9004160",371982,2025-05-22 01:43:36,42.3993301391602,-8.92171287536621,"Male"
"9004160",371982,2025-05-22 01:48:36,42.3993721008301,-8.92180919647217,"Male"
"9004160",371982,2025-05-22 01:53:34,42.3994255065918,-8.92187023162842,"Male"
"9004160",371982,2025-05-22 01:58:33,42.3994483947754,-8.921875,"Male"
"9004160",371982,2025-05-22 02:03:42,42.3994407653809,-8.92183780670166,"Male"
"9004160",371982,2025-05-22 02:08:29,42.3993530273438,-8.92186546325684,"Male"
"9004160",371982,2025-05-22 02:13:38,42.3994636535645,-8.9218864440918,"Male"
"9004160",371982,2025-05-22 02:18:33,42.3995094299316,-8.92195987701416,"Male"
"9004160",371982,2025-05-22 02:23:36,42.3994750976562,-8.92189025878906,"Male"
"9004160",371982,2025-05-22 02:28:42,42.399284362793,-8.92196750640869,"Male"
"9004160",371982,2025-05-22 02:33:36,42.3993911743164,-8.92166805267334,"Male"
"9004160",371982,2025-05-22 02:38:36,42.3996047973633,-8.92175579071045,"Male"
"9004160",371982,2025-05-22 02:43:40,42.3995323181152,-8.92209720611572,"Male"
"9004160",371982,2025-05-22 02:48:36,42.3996429443359,-8.92232418060303,"Male"
"9004160",371982,2025-05-22 02:53:37,42.3998565673828,-8.92217540740967,"Male"
"9004160",371982,2025-05-22 02:58:28,42.3999977111816,-8.92272567749023,"Male"
"9004160",371982,2025-05-22 03:03:36,42.4000625610352,-8.92203044891357,"Male"
"9004160",371982,2025-05-22 03:08:36,42.4000549316406,-8.92205429077148,"Male"
"9004160",371982,2025-05-22 03:13:30,42.4000625610352,-8.92257499694824,"Male"
"9004160",371982,2025-05-22 03:18:35,42.4003944396973,-8.92198657989502,"Male"
"9004160",371982,2025-05-22 03:23:35,42.4007530212402,-8.92205715179443,"Male"
"9004160",371982,2025-05-22 03:28:45,42.4014091491699,-8.92212390899658,"Male"
"9004160",371982,2025-05-22 03:34:47,42.401123046875,-8.92193984985352,"Male"
"9004160",371982,2025-05-22 03:39:47,42.4010162353516,-8.92194557189941,"Male"
"9004160",371982,2025-05-22 03:44:47,42.40087890625,-8.92211151123047,"Male"
"9004160",371982,2025-05-22 03:48:45,42.4008331298828,-8.92211246490479,"Male"
"9004160",371982,2025-05-22 03:53:46,42.3999443054199,-8.92289257049561,"Male"
"9004160",371982,2025-05-22 03:59:36,42.3999328613281,-8.92288112640381,"Male"
"9004160",371982,2025-05-22 04:03:46,42.3997611999512,-8.92278385162354,"Male"
"9004160",371982,2025-05-22 04:08:31,42.3998260498047,-8.92274856567383,"Male"
"9004160",371982,2025-05-22 04:13:30,42.3999938964844,-8.9226655960083,"Male"
"9004160",371982,2025-05-22 04:18:28,42.3994903564453,-8.92203903198242,"Male"
"9004160",371982,2025-05-22 04:23:27,42.3995246887207,-8.9222526550293,"Male"
"9004160",371982,2025-05-22 04:28:31,42.3994789123535,-8.92199230194092,"Male"
"9004160",371982,2025-05-22 04:33:30,42.3996810913086,-8.9216947555542,"Male"
"9004160",371982,2025-05-22 04:38:27,42.3994827270508,-8.9222526550293,"Male"
"9004160",371982,2025-05-22 04:43:30,42.3993873596191,-8.92223453521729,"Male"
"9004160",371982,2025-05-22 04:48:27,42.3993873596191,-8.92204475402832,"Male"
"9004160",371982,2025-05-22 04:53:28,42.3994102478027,-8.92214202880859,"Male"
"9004160",371982,2025-05-22 04:58:25,42.3995323181152,-8.92205905914307,"Male"
"9004160",371982,2025-05-22 05:03:24,42.3994026184082,-8.92215156555176,"Male"
"9004160",371982,2025-05-22 05:08:24,42.3978881835938,-8.92034816741943,"Male"
"9004160",371982,2025-05-22 05:13:24,42.3978004455566,-8.92042827606201,"Male"
"9004160",371982,2025-05-22 05:18:24,42.3978500366211,-8.92041301727295,"Male"
"9004160",371982,2025-05-22 05:23:24,42.3978233337402,-8.92036247253418,"Male"
"9004160",371982,2025-05-22 05:28:24,42.397819519043,-8.92037773132324,"Male"
"9004160",371982,2025-05-22 05:33:24,42.3978385925293,-8.92039012908936,"Male"
"9004160",371982,2025-05-22 05:38:24,42.3977699279785,-8.92042636871338,"Male"
"9004160",371982,2025-05-22 05:43:25,42.3979301452637,-8.92024326324463,"Male"
"9004160",371982,2025-05-22 05:48:24,42.3979263305664,-8.92026233673096,"Male"
"9004160",371982,2025-05-22 05:53:25,42.3979949951172,-8.92004013061523,"Male"
"9004160",371982,2025-05-22 05:58:24,42.3979034423828,-8.9202184677124,"Male"
"9004160",371982,2025-05-22 06:03:25,42.4000015258789,-8.90710353851318,"Male"
"9004160",371982,2025-05-22 06:08:24,42.4050903320312,-8.89993762969971,"Male"
"9004160",371982,2025-05-22 06:13:24,42.4106636047363,-8.89490699768066,"Male"
"9004160",371982,2025-05-22 06:18:40,42.4156837463379,-8.89154434204102,"Male"
"9004160",371982,2025-05-22 06:23:39,42.4190254211426,-8.8896656036377,"Male"
"9004160",371982,2025-05-22 06:28:38,42.4448776245117,-8.89606761932373,"Male"
"9004160",371982,2025-05-22 06:33:38,42.4581985473633,-8.93976879119873,"Male"
"9004160",371982,2025-05-22 06:38:38,42.4844169616699,-8.93132019042969,"Male"
"9004160",371982,2025-05-22 06:43:38,42.5000648498535,-8.89568042755127,"Male"
"9004160",371982,2025-05-22 06:48:38,42.5075378417969,-8.854660987854,"Male"
"9004160",371982,2025-05-22 06:53:38,42.5178565979004,-8.82927703857422,"Male"
"9004160",371982,2025-05-22 06:58:38,42.5178527832031,-8.82929706573486,"Male"
"9004160",371982,2025-05-22 07:03:39,42.5179824829102,-8.82913017272949,"Male"
"9004160",371982,2025-05-22 07:08:38,42.5178604125977,-8.82926845550537,"Male"
"9004160",371982,2025-05-22 07:13:38,42.5178680419922,-8.82923603057861,"Male"
"9004160",371982,2025-05-22 07:18:38,42.517822265625,-8.82921504974365,"Male"
"9004160",371982,2025-05-22 07:23:38,42.5178031921387,-8.82925224304199,"Male"
"9004160",371982,2025-05-22 07:28:38,42.5178756713867,-8.82922554016113,"Male"
"9004160",371982,2025-05-22 07:33:38,42.5178489685059,-8.82915115356445,"Male"
"9004160",371982,2025-05-22 07:38:38,42.5178031921387,-8.82904052734375,"Male"
"9004160",371982,2025-05-22 07:43:38,42.5177879333496,-8.82899761199951,"Male"
"9004160",371982,2025-05-22 07:48:38,42.5177688598633,-8.82903099060059,"Male"
"9004160",371982,2025-05-22 07:53:38,42.5177307128906,-8.82897663116455,"Male"
"9004160",371982,2025-05-22 07:58:38,42.517707824707,-8.82894897460938,"Male"
"9004160",371982,2025-05-22 08:03:38,42.5176315307617,-8.82908058166504,"Male"
"9004160",371982,2025-05-22 08:09:07,42.5180892944336,-8.82938766479492,"Male"
"9004160",371982,2025-05-22 08:14:06,42.5177230834961,-8.82902908325195,"Male"
"9004160",371982,2025-05-22 08:19:07,42.5175628662109,-8.82891082763672,"Male"
"9004160",371982,2025-05-22 08:24:06,42.5176429748535,-8.82894802093506,"Male"
"9004160",371982,2025-05-22 08:29:06,42.517707824707,-8.82879161834717,"Male"
"9004160",371982,2025-05-22 08:34:08,42.5171508789062,-8.82803916931152,"Male"
"9004160",371982,2025-05-22 08:39:06,42.5172882080078,-8.82828521728516,"Male"
"9004160",371982,2025-05-22 08:44:06,42.5179328918457,-8.82940196990967,"Male"
"9004160",371982,2025-05-22 08:49:06,42.5178604125977,-8.82928943634033,"Male"
"9004160",371982,2025-05-22 08:54:06,42.5177726745605,-8.82874774932861,"Male"
"9004160",371982,2025-05-22 08:59:07,42.5176200866699,-8.82941341400146,"Male"
"9004160",371982,2025-05-22 09:04:28,42.5180931091309,-8.83052825927734,"Male"
"9004160",371982,2025-05-22 09:09:27,42.5194358825684,-8.83059978485107,"Male"
"9004160",371982,2025-05-22 09:15:00,42.5208854675293,-8.83137702941895,"Male"
"9004160",371982,2025-05-22 09:19:57,42.5208435058594,-8.83023834228516,"Male"
"9004160",371982,2025-05-22 09:24:54,42.5208053588867,-8.82991027832031,"Male"
"9004160",371982,2025-05-22 09:29:53,42.520824432373,-8.83004760742188,"Male"
"9004160",371982,2025-05-22 09:34:54,42.5208320617676,-8.82971382141113,"Male"
"9004160",371982,2025-05-22 09:39:53,42.5207901000977,-8.83005809783936,"Male"
"9004160",371982,2025-05-22 09:44:53,42.5203170776367,-8.82967472076416,"Male"
"9004160",371982,2025-05-22 09:49:54,42.5205993652344,-8.82974624633789,"Male"
"9004160",371982,2025-05-22 09:54:53,42.5202293395996,-8.82964515686035,"Male"
"9004160",371982,2025-05-22 10:00:07,42.5205116271973,-8.82963180541992,"Male"
"9004160",371982,2025-05-22 10:04:59,42.5204849243164,-8.82962894439697,"Male"
"9004160",371982,2025-05-22 10:09:59,42.5204925537109,-8.8295783996582,"Male"
"9004160",371982,2025-05-22 10:16:05,42.5210571289062,-8.83012199401855,"Male"
"9004160",371982,2025-05-22 10:28:35,42.5219497680664,-8.83265686035156,"Male"
"9004160",371982,2025-05-22 10:37:26,42.5210952758789,-8.83365154266357,"Male"
"9004160",371982,2025-05-22 10:42:29,42.5205078125,-8.83424949645996,"Male"
"9004160",371982,2025-05-22 10:46:55,42.521411895752,-8.83495044708252,"Male"
"9004160",371982,2025-05-22 10:54:07,42.5215034484863,-8.83568572998047,"Male"
"9004160",371982,2025-05-22 11:02:59,42.5219497680664,-8.83865833282471,"Male"
"9004160",371982,2025-05-22 11:08:45,42.5219688415527,-8.84105014801025,"Male"
"9004160",371982,2025-05-22 11:13:00,42.5220375061035,-8.84154605865479,"Male"
"9004160",371982,2025-05-22 11:17:57,42.5223541259766,-8.84171772003174,"Male"
"9004160",371982,2025-05-22 11:23:08,42.5223541259766,-8.8416919708252,"Male"
"9004160",371982,2025-05-22 11:27:55,42.5223960876465,-8.84171104431152,"Male"
"9004160",371982,2025-05-22 11:32:56,42.5224609375,-8.84167766571045,"Male"
"9004160",371982,2025-05-22 11:37:56,42.5224609375,-8.84156894683838,"Male"
"9004160",371982,2025-05-22 11:42:56,42.5225143432617,-8.84159183502197,"Male"
"9004160",371982,2025-05-22 11:48:14,42.5224990844727,-8.8419189453125,"Male"
"9004160",371982,2025-05-22 11:52:58,42.522518157959,-8.84185409545898,"Male"
"9004160",371982,2025-05-22 11:57:57,42.5226364135742,-8.84167766571045,"Male"
"9004160",371982,2025-05-22 12:02:58,42.5225868225098,-8.84180736541748,"Male"
"9004160",371982,2025-05-22 12:07:54,42.522403717041,-8.84173488616943,"Male"
"9004160",371982,2025-05-22 12:12:54,42.5224189758301,-8.84181880950928,"Male"
"9004160",371982,2025-05-22 12:17:55,42.5224189758301,-8.84180736541748,"Male"
"9004160",371982,2025-05-22 12:22:54,42.5224494934082,-8.84185028076172,"Male"
"9004160",371982,2025-05-22 12:28:11,42.5220756530762,-8.84196281433105,"Male"
"9004160",371982,2025-05-22 12:33:36,42.5207824707031,-8.84205722808838,"Male"
"9004160",371982,2025-05-22 12:38:47,42.5202903747559,-8.83998489379883,"Male"
"9004160",371982,2025-05-22 12:44:02,42.5207977294922,-8.83787059783936,"Male"
"9004160",371982,2025-05-22 12:53:42,42.5216827392578,-8.83593082427979,"Male"
"9004160",371982,2025-05-22 12:59:20,42.5214881896973,-8.83832359313965,"Male"
"9004160",371982,2025-05-22 13:04:20,42.5214500427246,-8.84053134918213,"Male"
"9004160",371982,2025-05-22 13:09:23,42.5216445922852,-8.84189224243164,"Male"
"9004160",371982,2025-05-22 13:14:17,42.521671295166,-8.84168338775635,"Male"
"9004160",371982,2025-05-22 13:19:32,42.5216979980469,-8.84177589416504,"Male"
"9004160",371982,2025-05-22 13:25:01,42.5220184326172,-8.84188556671143,"Male"
"9004160",371982,2025-05-22 13:29:51,42.5220375061035,-8.84201335906982,"Male"
"9004160",371982,2025-05-22 13:34:51,42.521858215332,-8.8420295715332,"Male"
"9004160",371982,2025-05-22 13:39:54,42.5220756530762,-8.84203147888184,"Male"
"9004160",371982,2025-05-22 13:44:51,42.5218353271484,-8.84210300445557,"Male"
"9004160",371982,2025-05-22 13:50:14,42.5216941833496,-8.84211730957031,"Male"
"9004160",371982,2025-05-22 13:54:48,42.5217819213867,-8.84220123291016,"Male"
"9004160",371982,2025-05-22 13:59:48,42.5217399597168,-8.84217071533203,"Male"
"9004160",371982,2025-05-22 14:04:47,42.5217437744141,-8.84207630157471,"Male"
"9004160",371982,2025-05-22 14:10:41,42.5216026306152,-8.84490299224854,"Male"
"9004160",371982,2025-05-22 14:15:39,42.521297454834,-8.84510517120361,"Male"
"9004160",371982,2025-05-22 14:20:37,42.5205879211426,-8.84681034088135,"Male"
"9004160",371982,2025-05-22 14:25:37,42.5207023620605,-8.8466854095459,"Male"
"9004160",371982,2025-05-22 14:30:37,42.520679473877,-8.84671497344971,"Male"
"9004160",371982,2025-05-22 14:35:37,42.5206680297852,-8.84678936004639,"Male"
"9004160",371982,2025-05-22 14:40:37,42.5209197998047,-8.84663677215576,"Male"
"9004160",371982,2025-05-22 14:45:42,42.5206909179688,-8.84667682647705,"Male"
"9004160",371982,2025-05-22 14:50:38,42.5208206176758,-8.84634113311768,"Male"
"9004160",371982,2025-05-22 14:55:43,42.5206642150879,-8.84672832489014,"Male"
"9004160",371982,2025-05-22 15:00:38,42.520751953125,-8.84663867950439,"Male"
"9004160",371982,2025-05-22 15:05:47,42.5155181884766,-8.86052989959717,"Male"
"9004160",371982,2025-05-22 15:10:38,42.4867630004883,-8.9110746383667,"Male"
"9004160",371982,2025-05-22 15:15:37,42.4548072814941,-8.94344425201416,"Male"
"9004160",371982,2025-05-22 15:20:37,42.4497451782227,-8.94128704071045,"Male"
"9004160",371982,2025-05-22 15:25:37,42.422435760498,-8.9330415725708,"Male"
"9004160",371982,2025-05-22 15:32:00,42.3993225097656,-8.92200183868408,"Male"
"9004160",371982,2025-05-22 15:36:51,42.3992233276367,-8.9219913482666,"Male"
"9004160",371982,2025-05-22 15:40:53,42.3994560241699,-8.92196655273438,"Male"
"9004160",371982,2025-05-22 15:47:00,42.3995704650879,-8.92196178436279,"Male"
"9004160",371982,2025-05-22 15:50:49,42.3994178771973,-8.92196655273438,"Male"
"9004160",371982,2025-05-22 15:56:26,42.399486541748,-8.92198371887207,"Male"
"9004160",371982,2025-05-22 16:01:04,42.3995132446289,-8.92198085784912,"Male"
"9004160",371982,2025-05-22 16:05:48,42.3994674682617,-8.92198085784912,"Male"
"9004160",371982,2025-05-22 16:10:41,42.3993530273438,-8.92202568054199,"Male"
"9004160",371982,2025-05-22 16:15:51,42.3994026184082,-8.9219274520874,"Male"
"9004160",371982,2025-05-22 16:20:42,42.3992500305176,-8.92199325561523,"Male"
"9004160",371982,2025-05-22 16:25:48,42.3986358642578,-8.92213249206543,"Male"
"9004160",371982,2025-05-22 16:30:45,42.3987998962402,-8.92196750640869,"Male"
"9004160",371982,2025-05-22 16:35:49,42.3988609313965,-8.9219217300415,"Male"
"9004160",371982,2025-05-22 16:40:54,42.3988571166992,-8.92203044891357,"Male"
"9004160",371982,2025-05-22 16:45:43,42.3987121582031,-8.92212295532227,"Male"
"9004160",371982,2025-05-22 16:50:48,42.3986854553223,-8.92209815979004,"Male"
"9004160",371982,2025-05-22 16:55:45,42.3992309570312,-8.92207431793213,"Male"
"9004160",371982,2025-05-22 17:00:49,42.3991470336914,-8.92208576202393,"Male"
"9004160",371982,2025-05-22 17:05:48,42.3988647460938,-8.92212295532227,"Male"
"9004160",371982,2025-05-22 17:10:42,42.3991546630859,-8.92185592651367,"Male"
"9004160",371982,2025-05-22 17:15:48,42.3987579345703,-8.92212104797363,"Male"
"9004160",371982,2025-05-22 17:20:40,42.3988914489746,-8.92195892333984,"Male"
"9004160",371982,2025-05-22 17:25:41,42.3992767333984,-8.92206573486328,"Male"
"9004160",371982,2025-05-22 17:30:46,42.3994445800781,-8.92202281951904,"Male"
"9004160",371982,2025-05-22 17:35:38,42.3991661071777,-8.92172908782959,"Male"
"9004160",371982,2025-05-22 17:40:37,42.3991279602051,-8.92165756225586,"Male"
"9004160",371982,2025-05-22 17:45:41,42.399040222168,-8.92154216766357,"Male"
"9004160",371982,2025-05-22 17:50:39,42.398811340332,-8.92126083374023,"Male"
"9004160",371982,2025-05-22 17:55:42,42.3988304138184,-8.92143821716309,"Male"
"9004160",371982,2025-05-22 18:00:40,42.3987655639648,-8.92102241516113,"Male"
"9004160",371982,2025-05-22 18:06:14,42.3993301391602,-8.92201042175293,"Male"
"9004160",371982,2025-05-22 18:10:36,42.3991317749023,-8.92225551605225,"Male"
"9004160",371982,2025-05-22 18:15:36,42.3993492126465,-8.92210960388184,"Male"
"9004160",371982,2025-05-22 18:20:36,42.3994445800781,-8.92238903045654,"Male"
"9004160",371982,2025-05-22 18:25:36,42.3993606567383,-8.92251300811768,"Male"
"9004160",371982,2025-05-22 18:30:42,42.3991394042969,-8.922607421875,"Male"
"9004160",371982,2025-05-22 18:35:37,42.399471282959,-8.92246437072754,"Male"
"9004160",371982,2025-05-22 18:40:38,42.3993530273438,-8.92168807983398,"Male"
"9004160",371982,2025-05-22 18:45:50,42.3991889953613,-8.92195320129395,"Male"
"9004160",371982,2025-05-22 18:50:40,42.3991394042969,-8.92186546325684,"Male"
"9004160",371982,2025-05-22 18:55:41,42.3993797302246,-8.92213916778564,"Male"
"9004160",371982,2025-05-22 19:00:42,42.3991889953613,-8.92186832427979,"Male"
"9004160",371982,2025-05-22 19:05:50,42.3992767333984,-8.92199611663818,"Male"
"9004160",371982,2025-05-22 19:10:40,42.3993911743164,-8.92225360870361,"Male"
"9004160",371982,2025-05-22 19:15:41,42.3994064331055,-8.92218399047852,"Male"
"9004160",371982,2025-05-22 19:20:48,42.399169921875,-8.92200660705566,"Male"
"9004160",371982,2025-05-22 19:25:48,42.3992195129395,-8.92201328277588,"Male"
"9004160",371982,2025-05-22 19:30:48,42.3991928100586,-8.92197895050049,"Male"
"9004160",371982,2025-05-22 19:35:46,42.399284362793,-8.92203235626221,"Male"
"9004160",371982,2025-05-22 19:40:48,42.3992767333984,-8.92205905914307,"Male"
"9004160",371982,2025-05-22 19:45:46,42.3990592956543,-8.92201995849609,"Male"
"9004160",371982,2025-05-22 19:50:48,42.3994331359863,-8.92210674285889,"Male"
"9004160",371982,2025-05-22 19:55:49,42.3993797302246,-8.92210960388184,"Male"
"9004160",371982,2025-05-22 20:00:48,42.3992881774902,-8.92209911346436,"Male"
"9004160",371982,2025-05-22 20:06:05,42.3990669250488,-8.922043800354,"Male"
"9004160",371982,2025-05-22 20:10:38,42.3989486694336,-8.9218053817749,"Male"
"9004160",371982,2025-05-22 20:15:48,42.3992652893066,-8.92198085784912,"Male"
"9004160",371982,2025-05-22 20:20:41,42.3992042541504,-8.92185497283936,"Male"
"9004160",371982,2025-05-22 20:25:48,42.3990859985352,-8.92197895050049,"Male"
"9004160",371982,2025-05-22 20:30:41,42.3989486694336,-8.92162990570068,"Male"
"9004160",371982,2025-05-22 20:35:51,42.3991737365723,-8.92196750640869,"Male"
"9004160",371982,2025-05-22 20:40:43,42.3992691040039,-8.92199230194092,"Male"
"9004160",371982,2025-05-22 20:45:41,42.3991203308105,-8.92156410217285,"Male"
"9004160",371982,2025-05-22 20:50:48,42.399284362793,-8.92193508148193,"Male"
"9004160",371982,2025-05-22 20:56:11,42.3993835449219,-8.92196559906006,"Male"
"9004160",371982,2025-05-22 21:00:38,42.3993606567383,-8.92209339141846,"Male"
"9004160",371982,2025-05-22 21:05:40,42.3992919921875,-8.9217414855957,"Male"
"9004160",371982,2025-05-22 21:10:43,42.3992614746094,-8.9220666885376,"Male"
"9004160",371982,2025-05-22 21:15:45,42.3991050720215,-8.9222297668457,"Male"
"9004160",371982,2025-05-22 21:20:49,42.399242401123,-8.92209434509277,"Male"
"9004160",371982,2025-05-22 21:25:40,42.3992919921875,-8.92191410064697,"Male"
"9004160",371982,2025-05-22 21:30:48,42.3992118835449,-8.92204284667969,"Male"
"9004160",371982,2025-05-22 21:35:42,42.399284362793,-8.92187309265137,"Male"
"9004160",371982,2025-05-22 21:40:48,42.399242401123,-8.92207527160645,"Male"
"9004160",371982,2025-05-22 21:45:45,42.3993301391602,-8.92212104797363,"Male"
"9004160",371982,2025-05-22 21:50:47,42.3992614746094,-8.92206859588623,"Male"
"9004160",371982,2025-05-22 21:55:45,42.399299621582,-8.92206382751465,"Male"
"9004160",371982,2025-05-22 22:01:14,42.3991432189941,-8.92205810546875,"Male"
"9004160",371982,2025-05-22 22:05:41,42.3994026184082,-8.92251682281494,"Male"
"9004160",371982,2025-05-22 22:10:41,42.3992767333984,-8.92235088348389,"Male"
"9004160",371982,2025-05-22 22:15:47,42.3992500305176,-8.9219799041748,"Male"
"9004160",371982,2025-05-22 22:20:40,42.3994216918945,-8.92220783233643,"Male"
"9004160",371982,2025-05-22 22:25:48,42.399341583252,-8.92199897766113,"Male"
"9004160",371982,2025-05-22 22:30:48,42.3992881774902,-8.92202186584473,"Male"
"9004160",371982,2025-05-22 22:35:50,42.3995132446289,-8.92215919494629,"Male"
"9004160",371982,2025-05-22 22:40:41,42.3993492126465,-8.92221164703369,"Male"
"9004160",371982,2025-05-22 22:46:05,42.399299621582,-8.9219970703125,"Male"
"9004160",371982,2025-05-22 22:50:40,42.3993110656738,-8.9219913482666,"Male"
"9004160",371982,2025-05-22 22:55:37,42.3992691040039,-8.92198848724365,"Male"
"9004160",371982,2025-05-22 23:00:39,42.3993492126465,-8.92195796966553,"Male"
"9004160",371982,2025-05-22 23:05:40,42.3992576599121,-8.92201900482178,"Male"
"9004160",371982,2025-05-22 23:10:39,42.3992462158203,-8.92197036743164,"Male"
"9004160",371982,2025-05-22 23:15:43,42.3994369506836,-8.92200374603271,"Male"
"9004160",371982,2025-05-22 23:20:41,42.3990211486816,-8.92197322845459,"Male"
"9004160",371982,2025-05-22 23:25:43,42.3991546630859,-8.92198753356934,"Male"
"9004160",371982,2025-05-22 23:30:46,42.3992881774902,-8.92197322845459,"Male"
"9004160",371982,2025-05-22 23:35:55,42.3991661071777,-8.92202472686768,"Male"
"9004160",371982,2025-05-22 23:40:48,42.3991050720215,-8.92198753356934,"Male"
"9004160",371982,2025-05-22 23:45:52,42.3991241455078,-8.9219856262207,"Male"
"9004160",371982,2025-05-22 23:50:56,42.3991050720215,-8.92201137542725,"Male"
"9004160",371982,2025-05-22 23:55:39,42.3992233276367,-8.92198371887207,"Male"
"9004160",371982,2025-05-23 00:01:05,42.3993759155273,-8.92195320129395,"Male"
"9004160",371982,2025-05-23 00:05:36,42.3994483947754,-8.92190265655518,"Male"
"9004160",371982,2025-05-23 00:10:39,42.3992881774902,-8.92182445526123,"Male"
"9004160",371982,2025-05-23 00:15:39,42.3991165161133,-8.92198848724365,"Male"
"9004160",371982,2025-05-23 00:20:38,42.3990745544434,-8.92200374603271,"Male"
"9004160",371982,2025-05-23 00:25:38,42.3990364074707,-8.92192268371582,"Male"
"9004160",371982,2025-05-23 00:30:38,42.3992614746094,-8.92194843292236,"Male"
"9004160",371982,2025-05-23 00:35:41,42.3992805480957,-8.92209243774414,"Male"
"9004160",371982,2025-05-23 00:40:41,42.3991928100586,-8.92211818695068,"Male"
"9004160",371982,2025-05-23 00:45:38,42.3992919921875,-8.92195415496826,"Male"
"9004160",371982,2025-05-23 00:50:39,42.3992042541504,-8.92191600799561,"Male"
"9004160",371982,2025-05-23 00:55:40,42.3992080688477,-8.92189502716064,"Male"
"9004160",371982,2025-05-23 01:01:13,42.3992500305176,-8.92191600799561,"Male"
"9004160",371982,2025-05-23 01:05:38,42.3992958068848,-8.92193603515625,"Male"
"9004160",371982,2025-05-23 01:10:37,42.3992347717285,-8.92190361022949,"Male"
"9004160",371982,2025-05-23 01:15:37,42.3993377685547,-8.9219970703125,"Male"
"9004160",371982,2025-05-23 01:20:37,42.3993110656738,-8.92197132110596,"Male"
"9004160",371982,2025-05-23 01:25:37,42.3992767333984,-8.92197227478027,"Male"
"9004160",371982,2025-05-23 01:30:37,42.3993148803711,-8.921950340271,"Male"
"9004160",371982,2025-05-23 01:35:37,42.3992614746094,-8.92191505432129,"Male"
"9004160",371982,2025-05-23 01:40:37,42.399341583252,-8.92191314697266,"Male"
"9004160",371982,2025-05-23 01:45:38,42.3993606567383,-8.92194271087646,"Male"
"9004160",371982,2025-05-23 01:50:39,42.3992805480957,-8.92191123962402,"Male"
"9004160",371982,2025-05-23 01:55:39,42.3992462158203,-8.92190361022949,"Male"
"9004160",371982,2025-05-23 02:00:37,42.3992576599121,-8.92195796966553,"Male"
"9004160",371982,2025-05-23 02:05:39,42.3993186950684,-8.92196941375732,"Male"
"9004160",371982,2025-05-23 02:10:37,42.3993492126465,-8.92196750640869,"Male"
"9004160",371982,2025-05-23 02:15:37,42.3993606567383,-8.92191123962402,"Male"
"9004160",371982,2025-05-23 02:20:37,42.3993148803711,-8.92197322845459,"Male"
"9004160",371982,2025-05-23 02:25:37,42.3993492126465,-8.92196846008301,"Male"
"9004160",371982,2025-05-23 02:30:37,42.3993492126465,-8.9219799041748,"Male"
"9004160",371982,2025-05-23 02:35:38,42.3993644714355,-8.92199230194092,"Male"
"9004160",371982,2025-05-23 02:40:37,42.3993682861328,-8.92202377319336,"Male"
"9004160",371982,2025-05-23 02:45:39,42.3998985290527,-8.92233467102051,"Male"
"9004160",371982,2025-05-23 02:50:39,42.3998222351074,-8.9222526550293,"Male"
"9004160",371982,2025-05-23 02:55:39,42.3998565673828,-8.92229175567627,"Male"
"9004160",371982,2025-05-23 03:00:37,42.3998336791992,-8.92234802246094,"Male"
"9004160",371982,2025-05-23 03:05:37,42.3997573852539,-8.92235279083252,"Male"
"9004160",371982,2025-05-23 03:10:39,42.3999519348145,-8.92098712921143,"Male"
"9004160",371982,2025-05-23 03:15:43,42.3992004394531,-8.92157936096191,"Male"
"9004160",371982,2025-05-23 03:20:48,42.3992500305176,-8.92158126831055,"Male"
"9004160",371982,2025-05-23 03:26:33,42.399299621582,-8.92191982269287,"Male"
"9004160",371982,2025-05-23 03:31:19,42.4000625610352,-8.9218635559082,"Male"
"9004160",371982,2025-05-23 03:37:01,42.3997535705566,-8.92197418212891,"Male"
"9004160",371982,2025-05-23 03:42:01,42.3996887207031,-8.92198085784912,"Male"
"9004160",371982,2025-05-23 03:47:01,42.3995018005371,-8.92198371887207,"Male"
"9004160",371982,2025-05-23 03:52:01,42.3994255065918,-8.92197227478027,"Male"
"9004160",371982,2025-05-23 03:56:25,42.3993797302246,-8.92197418212891,"Male"
"9004160",371982,2025-05-23 04:00:54,42.3994064331055,-8.92195510864258,"Male"
"9004160",371982,2025-05-23 04:05:41,42.399528503418,-8.92218780517578,"Male"
"9004160",371982,2025-05-23 04:10:42,42.3990287780762,-8.92169284820557,"Male"
"9004160",371982,2025-05-23 04:15:43,42.3992462158203,-8.92194080352783,"Male"
"9004160",371982,2025-05-23 04:20:39,42.3988494873047,-8.92166709899902,"Male"
"9004160",371982,2025-05-23 04:25:40,42.398365020752,-8.92105865478516,"Male"
"9004160",371982,2025-05-23 04:30:38,42.3992576599121,-8.9219388961792,"Male"
"9004160",371982,2025-05-23 04:35:38,42.3989181518555,-8.92159652709961,"Male"
"9004160",371982,2025-05-23 04:40:40,42.3991203308105,-8.92182731628418,"Male"
"9004160",371982,2025-05-23 04:45:37,42.3994331359863,-8.92187023162842,"Male"
"9004160",371982,2025-05-23 04:50:39,42.3993644714355,-8.92188549041748,"Male"
"9004160",371982,2025-05-23 04:55:39,42.3991661071777,-8.92191028594971,"Male"
"9004160",371982,2025-05-23 05:00:37,42.3994369506836,-8.92206573486328,"Male"
"9004160",371982,2025-05-23 05:05:37,42.3998184204102,-8.92241954803467,"Male"
"9004160",371982,2025-05-23 05:10:37,42.3997116088867,-8.92230987548828,"Male"
"9004160",371982,2025-05-23 05:15:37,42.3999481201172,-8.92256832122803,"Male"
"9004160",371982,2025-05-23 05:20:38,42.3977699279785,-8.9202823638916,"Male"
"9004160",371982,2025-05-23 05:25:37,42.3978004455566,-8.92033767700195,"Male"
"9004160",371982,2025-05-23 05:30:37,42.3977737426758,-8.92032909393311,"Male"
"9004160",371982,2025-05-23 05:35:37,42.3977890014648,-8.92032432556152,"Male"
"9004160",371982,2025-05-23 05:40:37,42.397762298584,-8.920334815979,"Male"
"9004160",371982,2025-05-23 05:45:37,42.3976211547852,-8.92058181762695,"Male"
"9004160",371982,2025-05-23 05:50:37,42.397632598877,-8.92059993743896,"Male"
"9004160",371982,2025-05-23 05:55:37,42.3977088928223,-8.92034912109375,"Male"
"9004160",371982,2025-05-23 06:00:37,42.3977508544922,-8.92030811309814,"Male"
"9004160",371982,2025-05-23 06:05:38,42.397777557373,-8.92031574249268,"Male"
"9004160",371982,2025-05-23 06:10:37,42.3976745605469,-8.92035293579102,"Male"
"9004160",371982,2025-05-23 06:15:37,42.3985939025879,-8.91426181793213,"Male"
"9004160",371982,2025-05-23 06:20:38,42.4023857116699,-8.89913368225098,"Male"
"9004160",371982,2025-05-23 06:25:37,42.4034652709961,-8.89847087860107,"Male"
"9004160",371982,2025-05-23 06:30:38,42.4027671813965,-8.89908599853516,"Male"
"9004160",371982,2025-05-23 06:35:38,42.4021644592285,-8.89878368377686,"Male"
"9004160",371982,2025-05-23 06:40:38,42.4029235839844,-8.89857006072998,"Male"
"9004160",371982,2025-05-23 06:46:30,42.4037628173828,-8.89847469329834,"Male"
"9004160",371982,2025-05-23 06:51:31,42.4035453796387,-8.89852714538574,"Male"
"9004160",371982,2025-05-23 06:56:30,42.4029579162598,-8.89957046508789,"Male"
"9004160",371982,2025-05-23 07:01:29,42.4018936157227,-8.90075969696045,"Male"
"9004160",371982,2025-05-23 07:06:29,42.4004859924316,-8.92271900177002,"Male"
"9004160",371982,2025-05-23 07:11:29,42.3986930847168,-8.9224739074707,"Male"
"9004160",371982,2025-05-23 07:16:48,42.4000968933105,-8.92199420928955,"Male"
"9004160",371982,2025-05-23 07:21:51,42.3986625671387,-8.92261123657227,"Male"
"9004160",371982,2025-05-23 07:26:43,42.3985137939453,-8.92276668548584,"Male"
"9004160",371982,2025-05-23 07:31:34,42.399169921875,-8.92178535461426,"Male"
"9004160",371982,2025-05-23 07:36:48,42.3994941711426,-8.92193794250488,"Male"
"9004160",371982,2025-05-23 07:41:30,42.399341583252,-8.92180824279785,"Male"
"9004160",371982,2025-05-23 07:46:31,42.3990097045898,-8.92190074920654,"Male"
"9004160",371982,2025-05-23 07:51:31,42.39892578125,-8.92189025878906,"Male"
"9004160",371982,2025-05-23 07:57:05,42.3995170593262,-8.92197608947754,"Male"
"9004160",371982,2025-05-23 08:01:30,42.399486541748,-8.92198848724365,"Male"
"9004160",371982,2025-05-23 08:06:29,42.3993225097656,-8.92191410064697,"Male"
"9004160",371982,2025-05-23 08:11:32,42.3985824584961,-8.92170524597168,"Male"
"9004160",371982,2025-05-23 08:16:39,42.39990234375,-8.9217529296875,"Male"
"9004160",371982,2025-05-23 08:21:42,42.3993034362793,-8.92197513580322,"Male"
"9004160",371982,2025-05-23 08:26:33,42.3993110656738,-8.92199802398682,"Male"
"9004160",371982,2025-05-23 08:31:43,42.3993453979492,-8.92201995849609,"Male"
"9004160",371982,2025-05-23 08:36:30,42.4011192321777,-8.92330741882324,"Male"
"9004160",371982,2025-05-23 08:41:31,42.4017562866211,-8.9232177734375,"Male"
"9004160",371982,2025-05-23 08:46:29,42.423770904541,-8.92516899108887,"Male"
"9004160",371982,2025-05-23 08:51:29,42.4527931213379,-8.93572425842285,"Male"
"9004160",371982,2025-05-23 08:56:29,42.4724807739258,-8.94113159179688,"Male"
"9004160",371982,2025-05-23 09:01:44,42.4846725463867,-8.92729473114014,"Male"
"9004160",371982,2025-05-23 09:06:29,42.4954795837402,-8.89934158325195,"Male"
"9004160",371982,2025-05-23 09:11:37,42.503116607666,-8.86674308776855,"Male"
"9004160",371982,2025-05-23 09:16:29,42.5016059875488,-8.85921764373779,"Male"
"9004160",371982,2025-05-23 09:22:14,42.4995002746582,-8.84789085388184,"Male"
"9004160",371982,2025-05-23 09:27:47,42.4983863830566,-8.8486385345459,"Male"
"9004160",371982,2025-05-23 09:33:22,42.4969100952148,-8.84965038299561,"Male"
"9004160",371982,2025-05-23 09:38:20,42.495475769043,-8.84985828399658,"Male"
"9004160",371982,2025-05-23 09:43:20,42.4954681396484,-8.84984588623047,"Male"
"9004160",371982,2025-05-23 09:48:44,42.4955101013184,-8.84976005554199,"Male"
"9004160",371982,2025-05-23 09:53:20,42.4955596923828,-8.84987545013428,"Male"
"9004160",371982,2025-05-23 09:58:19,42.4955139160156,-8.84979152679443,"Male"
"9004160",371982,2025-05-23 10:03:20,42.4955177307129,-8.84984397888184,"Male"
"9004160",371982,2025-05-23 10:08:21,42.4954032897949,-8.84958171844482,"Male"
"9004160",371982,2025-05-23 10:13:20,42.4954643249512,-8.84971618652344,"Male"
"9004160",371982,2025-05-23 10:18:20,42.4955749511719,-8.84966659545898,"Male"
"9004160",371982,2025-05-23 10:23:19,42.4954719543457,-8.84967803955078,"Male"
"9004160",371982,2025-05-23 10:28:20,42.495491027832,-8.84966564178467,"Male"
"9004160",371982,2025-05-23 10:33:20,42.4955062866211,-8.84967708587646,"Male"
"9004160",371982,2025-05-23 10:38:20,42.4955024719238,-8.84968090057373,"Male"
"9004160",371982,2025-05-23 10:43:23,42.4973640441895,-8.8495512008667,"Male"
"9004160",371982,2025-05-23 10:49:05,42.4976959228516,-8.84842491149902,"Male"
"9004160",371982,2025-05-23 10:54:05,42.4983253479004,-8.84891796112061,"Male"
"9004160",371982,2025-05-23 10:59:06,42.4980278015137,-8.84914970397949,"Male"
"9004160",371982,2025-05-23 11:04:04,42.498104095459,-8.84987545013428,"Male"
"9004160",371982,2025-05-23 11:09:22,42.4989814758301,-8.85074901580811,"Male"
"9004160",371982,2025-05-23 11:14:19,42.4990043640137,-8.85096549987793,"Male"
"9004160",371982,2025-05-23 11:19:19,42.4990310668945,-8.85093879699707,"Male"
"9004160",371982,2025-05-23 11:24:20,42.4991111755371,-8.85094356536865,"Male"
"9004160",371982,2025-05-23 11:29:19,42.4992256164551,-8.85099697113037,"Male"
"9004160",371982,2025-05-23 11:34:19,42.4992485046387,-8.85098648071289,"Male"
"9004160",371982,2025-05-23 11:39:20,42.4991798400879,-8.85092067718506,"Male"
"9004160",371982,2025-05-23 11:44:20,42.4991989135742,-8.85084533691406,"Male"
"9004160",371982,2025-05-23 11:49:19,42.4992179870605,-8.85093307495117,"Male"
"9004160",371982,2025-05-23 11:54:20,42.4991683959961,-8.85088539123535,"Male"
"9004160",371982,2025-05-23 11:59:22,42.4991340637207,-8.85088539123535,"Male"
"9004160",371982,2025-05-23 12:04:20,42.4991302490234,-8.85095691680908,"Male"
"9004160",371982,2025-05-23 12:09:20,42.4991912841797,-8.85094738006592,"Male"
"9004160",371982,2025-05-23 12:14:21,42.499195098877,-8.85093021392822,"Male"
"9004160",371982,2025-05-23 12:19:21,42.4991683959961,-8.8509464263916,"Male"
"9004160",371982,2025-05-23 12:24:21,42.4991760253906,-8.85099983215332,"Male"
"9004160",371982,2025-05-23 12:29:21,42.4991683959961,-8.85094833374023,"Male"
"9004160",371982,2025-05-23 12:34:20,42.4992141723633,-8.85092735290527,"Male"
"9004160",371982,2025-05-23 12:39:21,42.4992523193359,-8.85087394714355,"Male"
"9004160",371982,2025-05-23 12:44:24,42.4994697570801,-8.85050582885742,"Male"
"9004160",371982,2025-05-23 12:49:53,42.4993782043457,-8.85034084320068,"Male"
"9004160",371982,2025-05-23 12:54:51,42.4990081787109,-8.84919452667236,"Male"
"9004160",371982,2025-05-23 13:00:18,42.4996032714844,-8.84812641143799,"Male"
"9004160",371982,2025-05-23 13:05:29,42.5003890991211,-8.84819507598877,"Male"
"9004160",371982,2025-05-23 13:10:27,42.5010185241699,-8.84787273406982,"Male"
"9004160",371982,2025-05-23 13:15:28,42.5012664794922,-8.84779834747314,"Male"
"9004160",371982,2025-05-23 13:20:28,42.5012283325195,-8.84785842895508,"Male"
"9004160",371982,2025-05-23 13:25:28,42.5012054443359,-8.84788131713867,"Male"
"9004160",371982,2025-05-23 13:30:28,42.5011863708496,-8.84784412384033,"Male"
"9004160",371982,2025-05-23 13:35:28,42.5012168884277,-8.84784126281738,"Male"
"9004160",371982,2025-05-23 13:40:28,42.5011596679688,-8.84785079956055,"Male"
"9004160",371982,2025-05-23 13:45:28,42.5012588500977,-8.84788036346436,"Male"
"9004160",371982,2025-05-23 13:50:28,42.501277923584,-8.84783363342285,"Male"
"9004160",371982,2025-05-23 13:55:27,42.5011711120605,-8.84778022766113,"Male"
"9004160",371982,2025-05-23 14:00:28,42.5012512207031,-8.84779453277588,"Male"
"9004160",371982,2025-05-23 14:05:28,42.5013236999512,-8.84786224365234,"Male"
"9004160",371982,2025-05-23 14:10:28,42.5012321472168,-8.8478479385376,"Male"
"9004160",371982,2025-05-23 14:15:29,42.501335144043,-8.84779834747314,"Male"
"9004160",371982,2025-05-23 14:20:28,42.5012397766113,-8.84771537780762,"Male"
"9004160",371982,2025-05-23 14:25:28,42.5013275146484,-8.84763717651367,"Male"
"9004160",371982,2025-05-23 14:30:28,42.5013313293457,-8.84764194488525,"Male"
"9004160",371982,2025-05-23 14:35:59,42.5017852783203,-8.84547328948975,"Male"
"9004160",371982,2025-05-23 14:41:13,42.5015602111816,-8.84397888183594,"Male"
"9004160",371982,2025-05-23 14:46:24,42.5015716552734,-8.84235763549805,"Male"
"9004160",371982,2025-05-23 14:51:22,42.5012588500977,-8.8411750793457,"Male"
"9004160",371982,2025-05-23 14:56:22,42.5013160705566,-8.84118556976318,"Male"
"9004160",371982,2025-05-23 15:01:22,42.5013008117676,-8.84118938446045,"Male"
"9004160",371982,2025-05-23 15:06:22,42.501350402832,-8.84107780456543,"Male"
"9004160",371982,2025-05-23 15:11:22,42.5013236999512,-8.8410758972168,"Male"
"9004160",371982,2025-05-23 15:16:22,42.501335144043,-8.84112644195557,"Male"
"9004160",371982,2025-05-23 15:21:22,42.5012893676758,-8.84114646911621,"Male"
"9004160",371982,2025-05-23 15:26:22,42.5013809204102,-8.84103965759277,"Male"
"9004160",371982,2025-05-23 15:31:22,42.50146484375,-8.84096813201904,"Male"
"9004160",371982,2025-05-23 15:36:22,42.50146484375,-8.84097576141357,"Male"
"9004160",371982,2025-05-23 15:41:22,42.5014266967773,-8.84091854095459,"Male"
"9004160",371982,2025-05-23 15:46:22,42.5014457702637,-8.84097576141357,"Male"
"9004160",371982,2025-05-23 15:51:22,42.5014190673828,-8.84105014801025,"Male"
"9004160",371982,2025-05-23 15:56:22,42.5014381408691,-8.84102153778076,"Male"
"9004160",371982,2025-05-23 16:01:54,42.5014724731445,-8.84045600891113,"Male"
"9004160",371982,2025-05-23 16:07:02,42.5006294250488,-8.8407039642334,"Male"
"9004160",371982,2025-05-23 16:12:06,42.4996719360352,-8.84044170379639,"Male"
"9004160",371982,2025-05-23 16:17:29,42.4989891052246,-8.84047412872314,"Male"
"9004160",371982,2025-05-23 16:22:56,42.4985237121582,-8.84018707275391,"Male"
"9004160",371982,2025-05-23 16:27:59,42.4975776672363,-8.84017181396484,"Male"
"9004160",371982,2025-05-23 16:33:09,42.4992790222168,-8.84010410308838,"Male"
"9004160",371982,2025-05-23 16:38:09,42.5001449584961,-8.8403959274292,"Male"
"9004160",371982,2025-05-23 16:43:08,42.5014190673828,-8.8410177230835,"Male"
"9004160",371982,2025-05-23 16:48:08,42.5013847351074,-8.84112930297852,"Male"
"9004160",371982,2025-05-23 16:53:08,42.501392364502,-8.84104824066162,"Male"
"9004160",371982,2025-05-23 16:58:08,42.5013885498047,-8.8411226272583,"Male"
"9004160",371982,2025-05-23 17:03:08,42.5013847351074,-8.84109783172607,"Male"
"9004160",371982,2025-05-23 17:08:08,42.5013732910156,-8.84105014801025,"Male"
"9004160",371982,2025-05-23 17:13:08,42.5015029907227,-8.84197235107422,"Male"
"9004160",371982,2025-05-23 17:18:47,42.5013656616211,-8.84437084197998,"Male"
"9004160",371982,2025-05-23 17:24:06,42.5013427734375,-8.84553527832031,"Male"
"9004160",371982,2025-05-23 17:29:01,42.500617980957,-8.84704303741455,"Male"
"9004160",371982,2025-05-23 17:34:03,42.4999732971191,-8.84861087799072,"Male"
"9004160",371982,2025-05-23 17:39:05,42.500373840332,-8.85032081604004,"Male"
"9004160",371982,2025-05-23 17:44:01,42.5009002685547,-8.85044765472412,"Male"
"9004160",371982,2025-05-23 17:49:01,42.5009613037109,-8.85039138793945,"Male"
"9004160",371982,2025-05-23 17:54:00,42.5009536743164,-8.85041236877441,"Male"
"9004160",371982,2025-05-23 17:59:01,42.5009689331055,-8.8504056930542,"Male"
"9004160",371982,2025-05-23 18:04:01,42.5010681152344,-8.85036563873291,"Male"
"9004160",371982,2025-05-23 18:09:00,42.5010795593262,-8.85040378570557,"Male"
"9004160",371982,2025-05-23 18:14:01,42.5011024475098,-8.8504114151001,"Male"
"9004160",371982,2025-05-23 18:19:01,42.5011100769043,-8.85045719146729,"Male"
"9004160",371982,2025-05-23 18:24:00,42.5011100769043,-8.85066032409668,"Male"
"9004160",371982,2025-05-23 18:29:00,42.5010986328125,-8.85064506530762,"Male"
"9004160",371982,2025-05-23 18:34:00,42.5010986328125,-8.85061550140381,"Male"
"9004160",371982,2025-05-23 18:39:00,42.5012054443359,-8.85068702697754,"Male"
"9004160",371982,2025-05-23 18:44:00,42.5012321472168,-8.85065078735352,"Male"
"9004160",371982,2025-05-23 18:49:01,42.5008316040039,-8.84983253479004,"Male"
"9004160",371982,2025-05-23 18:54:00,42.494514465332,-8.90053176879883,"Male"
"9004160",371982,2025-05-23 18:59:00,42.4640045166016,-8.94533824920654,"Male"
"9004160",371982,2025-05-23 19:04:00,42.4425659179688,-8.93943214416504,"Male"
"9004160",371982,2025-05-23 19:09:00,42.441707611084,-8.93908500671387,"Male"
"9004160",371982,2025-05-23 19:14:00,42.4405899047852,-8.93887042999268,"Male"
"9004160",371982,2025-05-23 19:19:00,42.4073715209961,-8.92748928070068,"Male"
"9004160",371982,2025-05-23 19:24:14,42.399715423584,-8.92176055908203,"Male"
"9004160",371982,2025-05-23 19:29:14,42.3999061584473,-8.92185306549072,"Male"
"9004160",371982,2025-05-23 19:34:12,42.399299621582,-8.92161273956299,"Male"
"9004160",371982,2025-05-23 19:39:53,42.3992691040039,-8.92186737060547,"Male"
"9004160",371982,2025-05-23 19:44:02,42.3993148803711,-8.92193126678467,"Male"
"9004160",371982,2025-05-23 19:49:04,42.3992500305176,-8.92200183868408,"Male"
"9004160",371982,2025-05-23 19:54:00,42.3991813659668,-8.92196273803711,"Male"
"9004160",371982,2025-05-23 19:59:00,42.3993453979492,-8.92180919647217,"Male"
"9004160",371982,2025-05-23 20:04:00,42.3993797302246,-8.92195510864258,"Male"
"9004160",371982,2025-05-23 20:09:01,42.3994598388672,-8.9219856262207,"Male"
"9004160",371982,2025-05-23 20:13:59,42.3994026184082,-8.92186832427979,"Male"
"9004160",371982,2025-05-23 20:19:00,42.3993721008301,-8.92200756072998,"Male"
"9004160",371982,2025-05-23 20:24:00,42.3995094299316,-8.92186737060547,"Male"
"9004160",371982,2025-05-23 20:29:00,42.3994674682617,-8.92176818847656,"Male"
"9004160",371982,2025-05-23 20:34:10,42.3995971679688,-8.92197322845459,"Male"
"9004160",371982,2025-05-23 20:39:00,42.4008255004883,-8.92139530181885,"Male"
"9004160",371982,2025-05-23 20:44:00,42.3992500305176,-8.92207145690918,"Male"
"9004160",371982,2025-05-23 20:49:00,42.3991432189941,-8.92202949523926,"Male"
"9004160",371982,2025-05-23 20:54:00,42.3990859985352,-8.922043800354,"Male"
"9004160",371982,2025-05-23 20:59:00,42.3991050720215,-8.92198753356934,"Male"
"9004160",371982,2025-05-23 21:04:00,42.399097442627,-8.92195606231689,"Male"
"9004160",371982,2025-05-23 21:09:00,42.3984832763672,-8.92258071899414,"Male"
"9004160",371982,2025-05-23 21:14:00,42.3990211486816,-8.92198467254639,"Male"
"9004160",371982,2025-05-23 21:19:00,42.3990669250488,-8.92184925079346,"Male"
"9004160",371982,2025-05-23 21:24:00,42.3990135192871,-8.92151069641113,"Male"
"9004160",371982,2025-05-23 21:28:59,42.3988037109375,-8.92311191558838,"Male"
"9004160",371982,2025-05-23 21:34:05,42.398193359375,-8.92185688018799,"Male"
"9004160",371982,2025-05-23 21:39:01,42.3981742858887,-8.91924953460693,"Male"
"9004160",371982,2025-05-23 21:44:04,42.398738861084,-8.92188549041748,"Male"
"9004160",371982,2025-05-23 21:49:13,42.3987770080566,-8.92188453674316,"Male"
"9004160",371982,2025-05-23 21:54:00,42.3984527587891,-8.9206485748291,"Male"
"9004160",371982,2025-05-23 21:59:00,42.3991432189941,-8.92115211486816,"Male"
"9004160",371982,2025-05-23 22:04:00,42.3989753723145,-8.92144870758057,"Male"
"9004160",371982,2025-05-23 22:09:00,42.3991050720215,-8.92127704620361,"Male"
"9004160",371982,2025-05-23 22:14:01,42.3999786376953,-8.92142772674561,"Male"
"9004160",371982,2025-05-23 22:19:00,42.3998908996582,-8.92146110534668,"Male"
"9004160",371982,2025-05-23 22:24:00,42.3999137878418,-8.92179679870605,"Male"
"9004160",371982,2025-05-23 22:29:01,42.3998374938965,-8.92167282104492,"Male"
"9004160",371982,2025-05-23 22:34:00,42.3996696472168,-8.92176342010498,"Male"
"9004160",371982,2025-05-23 22:39:02,42.3997917175293,-8.92175769805908,"Male"
"9004160",371982,2025-05-23 22:44:01,42.3996772766113,-8.92179012298584,"Male"
"9004160",371982,2025-05-23 22:49:15,42.3996887207031,-8.92173480987549,"Male"
"9004160",371982,2025-05-23 22:54:00,42.399585723877,-8.92171955108643,"Male"
"9004160",371982,2025-05-23 22:59:01,42.3993606567383,-8.92180156707764,"Male"
"9004160",371982,2025-05-23 23:04:00,42.3987274169922,-8.92178344726562,"Male"
"9004160",371982,2025-05-23 23:09:02,42.398998260498,-8.92181873321533,"Male"
"9004160",371982,2025-05-23 23:14:06,42.3990211486816,-8.92171287536621,"Male"
"9004160",371982,2025-05-23 23:19:00,42.3991012573242,-8.92182922363281,"Male"
"9004160",371982,2025-05-23 23:24:09,42.3992538452148,-8.92164325714111,"Male"
"9004160",371982,2025-05-23 23:29:06,42.399097442627,-8.92166042327881,"Male"
"9004160",371982,2025-05-23 23:34:01,42.3997421264648,-8.92194747924805,"Male"
"9004160",371982,2025-05-23 23:39:01,42.3995170593262,-8.92201900482178,"Male"
"9004160",371982,2025-05-23 23:44:07,42.3987503051758,-8.92162704467773,"Male"
"9004160",371982,2025-05-23 23:49:01,42.3991394042969,-8.92138481140137,"Male"
"9004160",371982,2025-05-23 23:54:01,42.3993797302246,-8.92169570922852,"Male"
"9004160",371982,2025-05-23 23:59:02,42.3995666503906,-8.92160987854004,"Male"
"9004160",371982,2025-05-24 00:04:00,42.4001083374023,-8.92160415649414,"Male"
"9004160",371982,2025-05-24 00:08:59,42.4004249572754,-8.92143630981445,"Male"
"9004160",371982,2025-05-24 00:14:00,42.4007568359375,-8.92127704620361,"Male"
"9004160",371982,2025-05-24 00:19:00,42.4006881713867,-8.92131042480469,"Male"
"9004160",371982,2025-05-24 00:24:01,42.401309967041,-8.92161846160889,"Male"
"9004160",371982,2025-05-24 00:29:03,42.4011001586914,-8.92169666290283,"Male"
"9004160",371982,2025-05-24 00:34:06,42.4000778198242,-8.92144775390625,"Male"
"9004160",371982,2025-05-24 00:39:02,42.4006500244141,-8.92205238342285,"Male"
"9004160",371982,2025-05-24 00:44:02,42.4001121520996,-8.92197608947754,"Male"
"9004160",371982,2025-05-24 00:49:03,42.4001274108887,-8.92200088500977,"Male"
"9004160",371982,2025-05-24 00:54:02,42.4001502990723,-8.92212772369385,"Male"
"9004160",371982,2025-05-24 00:59:01,42.3999862670898,-8.92224025726318,"Male"
"9004160",371982,2025-05-24 01:04:04,42.399486541748,-8.92185974121094,"Male"
"9004160",371982,2025-05-24 01:09:00,42.399356842041,-8.92201900482178,"Male"
"9004160",371982,2025-05-24 01:14:01,42.3996162414551,-8.92221832275391,"Male"
"9004160",371982,2025-05-24 01:19:00,42.3995971679688,-8.92216968536377,"Male"
"9004160",371982,2025-05-24 01:24:01,42.3993606567383,-8.92204189300537,"Male"
"9004160",371982,2025-05-24 01:29:04,42.3991470336914,-8.92193508148193,"Male"
"9004160",371982,2025-05-24 01:34:01,42.3992004394531,-8.9220085144043,"Male"
"9004160",371982,2025-05-24 01:39:01,42.3990058898926,-8.92190456390381,"Male"
"9004160",371982,2025-05-24 01:44:02,42.3990669250488,-8.92188549041748,"Male"
"9004160",371982,2025-05-24 01:49:01,42.3990859985352,-8.92184543609619,"Male"
"9004160",371982,2025-05-24 01:54:01,42.3990783691406,-8.92174339294434,"Male"
"9004160",371982,2025-05-24 01:59:02,42.3991241455078,-8.92187976837158,"Male"
"9004160",371982,2025-05-24 02:04:00,42.3992500305176,-8.92200374603271,"Male"
"9004160",371982,2025-05-24 02:09:01,42.3994255065918,-8.92198944091797,"Male"
"9004160",371982,2025-05-24 02:14:00,42.3993530273438,-8.92190170288086,"Male"
"9004160",371982,2025-05-24 02:19:01,42.3994216918945,-8.9220027923584,"Male"
"9004160",371982,2025-05-24 02:24:00,42.3993721008301,-8.92198085784912,"Male"
"9004160",371982,2025-05-24 02:29:00,42.3994636535645,-8.92210102081299,"Male"
"9004160",371982,2025-05-24 02:34:00,42.3995170593262,-8.92207050323486,"Male"
"9004160",371982,2025-05-24 02:39:00,42.3995895385742,-8.9220142364502,"Male"
"9004160",371982,2025-05-24 02:44:01,42.3996276855469,-8.92208003997803,"Male"
"9004160",371982,2025-05-24 02:49:01,42.3996543884277,-8.92214775085449,"Male"
"9004160",371982,2025-05-24 02:54:00,42.399658203125,-8.92210578918457,"Male"
"9004160",371982,2025-05-24 02:59:01,42.3998489379883,-8.92229843139648,"Male"
"9004160",371982,2025-05-24 03:04:03,42.399787902832,-8.9236307144165,"Male"
"9004160",371982,2025-05-24 03:09:01,42.3998756408691,-8.92230415344238,"Male"
"9004160",371982,2025-05-24 03:14:02,42.3998603820801,-8.92224788665771,"Male"
"9004160",371982,2025-05-24 03:19:09,42.3995704650879,-8.92194557189941,"Male"
"9004160",371982,2025-05-24 03:24:06,42.3996658325195,-8.92199039459229,"Male"
"9004160",371982,2025-05-24 03:29:04,42.3996543884277,-8.92198944091797,"Male"
"9004160",371982,2025-05-24 03:34:09,42.3992919921875,-8.92196369171143,"Male"
"9004160",371982,2025-05-24 03:40:23,42.3992309570312,-8.92187023162842,"Male"
"9004160",371982,2025-05-24 03:45:23,42.3992881774902,-8.9218807220459,"Male"
"9004160",371982,2025-05-24 03:49:56,42.3992233276367,-8.9218864440918,"Male"
"9004160",371982,2025-05-24 03:54:01,42.3991203308105,-8.9218225479126,"Male"
"9004160",371982,2025-05-24 03:59:01,42.3988227844238,-8.92172145843506,"Male"
"9004160",371982,2025-05-24 04:04:02,42.3993682861328,-8.92193031311035,"Male"
"9004160",371982,2025-05-24 04:09:02,42.399242401123,-8.92185592651367,"Male"
"9004160",371982,2025-05-24 04:14:02,42.399169921875,-8.92182540893555,"Male"
"9004160",371982,2025-05-24 04:19:01,42.3991622924805,-8.92187881469727,"Male"
"9004160",371982,2025-05-24 04:24:01,42.3990898132324,-8.92178535461426,"Male"
"9004160",371982,2025-05-24 04:29:00,42.3990669250488,-8.92176055908203,"Male"
"9004160",371982,2025-05-24 04:34:01,42.3994064331055,-8.92195701599121,"Male"
"9004160",371982,2025-05-24 04:39:04,42.3993148803711,-8.92195892333984,"Male"
"9004160",371982,2025-05-24 04:44:01,42.3992462158203,-8.92196941375732,"Male"
"9004160",371982,2025-05-24 04:49:13,42.3990898132324,-8.92203712463379,"Male"
"9004160",371982,2025-05-24 04:54:00,42.399227142334,-8.9221658706665,"Male"
"9004160",371982,2025-05-24 04:59:01,42.3990020751953,-8.9222297668457,"Male"
"9004160",371982,2025-05-24 05:04:00,42.3989334106445,-8.9221248626709,"Male"
"9004160",371982,2025-05-24 05:09:00,42.3991661071777,-8.92218971252441,"Male"
"9004160",371982,2025-05-24 05:13:59,42.3991813659668,-8.92226886749268,"Male"
"9004160",371982,2025-05-24 05:19:02,42.3991622924805,-8.92234992980957,"Male"
"9004160",371982,2025-05-24 05:24:03,42.398868560791,-8.92218685150146,"Male"
"9004160",371982,2025-05-24 05:29:06,42.3989944458008,-8.92211151123047,"Male"
"9004160",371982,2025-05-24 05:34:35,42.3989906311035,-8.9220495223999,"Male"
"9004160",371982,2025-05-24 05:39:00,42.3991241455078,-8.92159080505371,"Male"
"9004160",371982,2025-05-24 05:44:01,42.3994636535645,-8.92200088500977,"Male"
"9004160",371982,2025-05-24 05:49:07,42.3994369506836,-8.92197704315186,"Male"
"9004160",371982,2025-05-24 05:54:07,42.3993644714355,-8.92197132110596,"Male"
"9004160",371982,2025-05-24 05:59:13,42.399356842041,-8.92201137542725,"Male"
"9004160",371982,2025-05-24 06:03:59,42.3993835449219,-8.92203903198242,"Male"
"9004160",371982,2025-05-24 06:09:01,42.3987312316895,-8.9234504699707,"Male"
"9004160",371982,2025-05-24 06:14:04,42.399169921875,-8.92182350158691,"Male"
"9004160",371982,2025-05-24 06:19:11,42.3989219665527,-8.9218282699585,"Male"
"9004160",371982,2025-05-24 06:24:13,42.3991394042969,-8.92153644561768,"Male"
"9004160",371982,2025-05-24 06:29:13,42.3991661071777,-8.92198371887207,"Male"
"9004160",371982,2025-05-24 06:34:09,42.3990478515625,-8.92197704315186,"Male"
"9004160",371982,2025-05-24 06:39:07,42.3989143371582,-8.92171001434326,"Male"
"9004160",371982,2025-05-24 06:44:16,42.3988990783691,-8.92190837860107,"Male"
"9004160",371982,2025-05-24 06:49:04,42.3991317749023,-8.92197799682617,"Male"
"9004160",371982,2025-05-24 06:54:09,42.3987274169922,-8.92200088500977,"Male"
"9004160",371982,2025-05-24 06:59:09,42.3987808227539,-8.92198753356934,"Male"
"9004160",371982,2025-05-24 07:04:06,42.3986511230469,-8.92150592803955,"Male"
"9004160",371982,2025-05-24 07:09:00,42.3992729187012,-8.92219829559326,"Male"
"9004160",371982,2025-05-24 07:14:00,42.3992080688477,-8.92219161987305,"Male"
"9004160",371982,2025-05-24 07:19:08,42.3991622924805,-8.92222690582275,"Male"
"9004160",371982,2025-05-24 07:24:06,42.3993148803711,-8.92240619659424,"Male"
"9004160",371982,2025-05-24 07:29:01,42.3991661071777,-8.92220592498779,"Male"
"9004160",371982,2025-05-24 07:34:07,42.3988800048828,-8.92235088348389,"Male"
"9004160",371982,2025-05-24 07:39:06,42.3988494873047,-8.92233085632324,"Male"
"9004160",371982,2025-05-24 07:44:35,42.3994827270508,-8.92197227478027,"Male"
"9004160",371982,2025-05-24 07:49:03,42.399341583252,-8.92163848876953,"Male"
"9004160",371982,2025-05-24 07:54:03,42.3992958068848,-8.92147731781006,"Male"
"9004160",371982,2025-05-24 07:59:01,42.4031066894531,-8.92233180999756,"Male"
"9004160",371982,2025-05-24 08:04:00,42.4168395996094,-8.92514896392822,"Male"
"9004160",371982,2025-05-24 08:09:00,42.4490814208984,-8.93422508239746,"Male"
"9004160",371982,2025-05-24 08:14:00,42.4791946411133,-8.93848514556885,"Male"
"9004160",371982,2025-05-24 08:19:00,42.4931755065918,-8.9075927734375,"Male"
"9004160",371982,2025-05-24 08:24:00,42.5052070617676,-8.87010478973389,"Male"
"9004160",371982,2025-05-24 08:29:39,42.5183143615723,-8.82930564880371,"Male"
"9004160",371982,2025-05-24 08:35:10,42.5188980102539,-8.83150386810303,"Male"
"9004160",371982,2025-05-24 08:40:48,42.5190315246582,-8.83181190490723,"Male"
"9004160",371982,2025-05-24 08:45:50,42.5191230773926,-8.83178806304932,"Male"
"9004160",371982,2025-05-24 08:50:52,42.5199127197266,-8.83195495605469,"Male"
"9004160",371982,2025-05-24 08:55:49,42.5200042724609,-8.82998657226562,"Male"
"9004160",371982,2025-05-24 09:00:49,42.5200958251953,-8.8297004699707,"Male"
"9004160",371982,2025-05-24 09:05:49,42.5200042724609,-8.82972812652588,"Male"
"9004160",371982,2025-05-24 09:10:50,42.5200614929199,-8.82968711853027,"Male"
"9004160",371982,2025-05-24 09:15:49,42.5200729370117,-8.82963275909424,"Male"
"9004160",371982,2025-05-24 09:20:49,42.5199928283691,-8.82972240447998,"Male"
"9004160",371982,2025-05-24 09:25:49,42.5200538635254,-8.82966136932373,"Male"
"9004160",371982,2025-05-24 09:30:49,42.5200424194336,-8.82966041564941,"Male"
"9004160",371982,2025-05-24 09:35:49,42.5198745727539,-8.82968711853027,"Male"
"9004160",371982,2025-05-24 09:40:49,42.5199165344238,-8.82969379425049,"Male"
"9004160",371982,2025-05-24 09:45:50,42.5198822021484,-8.82966613769531,"Male"
"9004160",371982,2025-05-24 09:50:49,42.5199012756348,-8.82962131500244,"Male"
"9004160",371982,2025-05-24 09:55:49,42.5199356079102,-8.82962703704834,"Male"
"9004160",371982,2025-05-24 10:00:49,42.5200042724609,-8.82948780059814,"Male"
"9004160",371982,2025-05-24 10:05:49,42.5198974609375,-8.8296365737915,"Male"
"9004160",371982,2025-05-24 10:10:49,42.5199966430664,-8.829514503479,"Male"
"9004160",371982,2025-05-24 10:15:49,42.5200119018555,-8.82943630218506,"Male"
"9004160",371982,2025-05-24 10:20:49,42.5199279785156,-8.82962131500244,"Male"
"9004160",371982,2025-05-24 10:25:52,42.52001953125,-8.82994270324707,"Male"
"9004160",371982,2025-05-24 10:30:54,42.5206604003906,-8.8309154510498,"Male"
"9004160",371982,2025-05-24 10:35:53,42.5202598571777,-8.83170890808105,"Male"
"9004160",371982,2025-05-24 10:41:27,42.521068572998,-8.83090782165527,"Male"
"9004160",371982,2025-05-24 10:46:26,42.5205307006836,-8.82934093475342,"Male"
"9004160",371982,2025-05-24 10:51:26,42.5205383300781,-8.82925701141357,"Male"
"9004160",371982,2025-05-24 10:56:26,42.5205612182617,-8.82918643951416,"Male"
"9004160",371982,2025-05-24 11:01:26,42.5205535888672,-8.82927322387695,"Male"
"9004160",371982,2025-05-24 11:06:27,42.5205497741699,-8.82928848266602,"Male"
"9004160",371982,2025-05-24 11:11:29,42.5205993652344,-8.82950496673584,"Male"
"9004160",371982,2025-05-24 11:16:27,42.5206527709961,-8.82945537567139,"Male"
"9004160",371982,2025-05-24 11:21:27,42.5206871032715,-8.8296012878418,"Male"
"9004160",371982,2025-05-24 11:26:26,42.520679473877,-8.82962608337402,"Male"
"9004160",371982,2025-05-24 11:31:26,42.5206108093262,-8.8292293548584,"Male"
"9004160",371982,2025-05-24 11:36:25,42.5206718444824,-8.82923412322998,"Male"
"9004160",371982,2025-05-24 11:41:26,42.5206413269043,-8.82929992675781,"Male"
"9004160",371982,2025-05-24 11:46:28,42.5206718444824,-8.82926177978516,"Male"
"9004160",371982,2025-05-24 11:51:30,42.5207138061523,-8.829270362854,"Male"
"9004160",371982,2025-05-24 11:56:32,42.5196228027344,-8.8304500579834,"Male"
"9004160",371982,2025-05-24 12:11:05,42.5203704833984,-8.8309497833252,"Male"
"9004160",371982,2025-05-24 12:15:31,42.5208053588867,-8.82943439483643,"Male"
"9004160",371982,2025-05-24 12:20:30,42.5207901000977,-8.82938671112061,"Male"
"9004160",371982,2025-05-24 12:25:36,42.520622253418,-8.82955646514893,"Male"
"9004160",371982,2025-05-24 12:30:36,42.5204658508301,-8.82965850830078,"Male"
"9004160",371982,2025-05-24 12:35:36,42.5205726623535,-8.82948875427246,"Male"
"9004160",371982,2025-05-24 12:40:36,42.5204963684082,-8.82961177825928,"Male"
"9004160",371982,2025-05-24 12:45:36,42.5203628540039,-8.82965660095215,"Male"
"9004160",371982,2025-05-24 12:50:39,42.5202522277832,-8.82964324951172,"Male"
"9004160",371982,2025-05-24 12:55:36,42.5203132629395,-8.82956314086914,"Male"
"9004160",371982,2025-05-24 13:00:36,42.5202827453613,-8.82966232299805,"Male"
"9004160",371982,2025-05-24 13:05:36,42.5201148986816,-8.82958507537842,"Male"
"9004160",371982,2025-05-24 13:10:36,42.5201721191406,-8.82960319519043,"Male"
"9004160",371982,2025-05-24 13:15:36,42.5199508666992,-8.82957935333252,"Male"
"9004160",371982,2025-05-24 13:20:36,42.5199699401855,-8.82954216003418,"Male"
"9004160",371982,2025-05-24 13:25:36,42.5196762084961,-8.82944107055664,"Male"
"9004160",371982,2025-05-24 13:30:44,42.5204086303711,-8.82959365844727,"Male"
"9004160",371982,2025-05-24 13:35:29,42.5204925537109,-8.82962417602539,"Male"
"9004160",371982,2025-05-24 13:40:29,42.5204963684082,-8.82958316802979,"Male"
"9004160",371982,2025-05-24 13:46:09,42.5208358764648,-8.83014488220215,"Male"
"9004160",371982,2025-05-24 13:51:48,42.5207176208496,-8.83047485351562,"Male"
"9004160",371982,2025-05-24 13:57:21,42.5209083557129,-8.82995510101318,"Male"
"9004160",371982,2025-05-24 14:02:28,42.521125793457,-8.83014869689941,"Male"
"9004160",371982,2025-05-24 14:07:43,42.5210914611816,-8.82988452911377,"Male"
"9004160",371982,2025-05-24 14:12:38,42.5205764770508,-8.82969093322754,"Male"
"9004160",371982,2025-05-24 14:18:05,42.5205535888672,-8.8296422958374,"Male"
"9004160",371982,2025-05-24 14:22:37,42.5206756591797,-8.82967472076416,"Male"
"9004160",371982,2025-05-24 14:27:37,42.5205612182617,-8.8296070098877,"Male"
"9004160",371982,2025-05-24 14:32:37,42.5205345153809,-8.82962036132812,"Male"
"9004160",371982,2025-05-24 14:37:40,42.5208702087402,-8.82973766326904,"Male"
"9004160",371982,2025-05-24 14:42:38,42.5208358764648,-8.82966041564941,"Male"
"9004160",371982,2025-05-24 14:47:37,42.5205116271973,-8.82962703704834,"Male"
"9004160",371982,2025-05-24 14:52:37,42.5206260681152,-8.82962608337402,"Male"
"9004160",371982,2025-05-24 14:57:59,42.5209846496582,-8.82962608337402,"Male"
"9004160",371982,2025-05-24 15:03:02,42.5207023620605,-8.82964134216309,"Male"
"9004160",371982,2025-05-24 15:07:37,42.5207138061523,-8.82963562011719,"Male"
"9004160",371982,2025-05-24 15:12:37,42.5207672119141,-8.82967853546143,"Male"
"9004160",371982,2025-05-24 15:17:37,42.5206756591797,-8.82969951629639,"Male"
"9004160",371982,2025-05-24 15:22:37,42.5206298828125,-8.8297061920166,"Male"
"9004160",371982,2025-05-24 15:27:37,42.5207328796387,-8.82964134216309,"Male"
"9004160",371982,2025-05-24 15:32:36,42.5206832885742,-8.82967090606689,"Male"
"9004160",371982,2025-05-24 15:37:48,42.5220642089844,-8.83376216888428,"Male"
"9004160",371982,2025-05-24 15:42:45,42.5217323303223,-8.8328742980957,"Male"
"9004160",371982,2025-05-24 15:47:45,42.5220222473145,-8.83458137512207,"Male"
"9004160",371982,2025-05-24 15:52:52,42.5217323303223,-8.83458614349365,"Male"
"9004160",371982,2025-05-24 15:57:49,42.5224113464355,-8.83437728881836,"Male"
"9004160",371982,2025-05-24 16:02:50,42.5225257873535,-8.83463478088379,"Male"
"9004160",371982,2025-05-24 16:07:48,42.5227203369141,-8.83542633056641,"Male"
"9004160",371982,2025-05-24 16:12:48,42.5229682922363,-8.835036277771,"Male"
"9004160",371982,2025-05-24 16:17:49,42.5229873657227,-8.8351001739502,"Male"
"9004160",371982,2025-05-24 16:22:52,42.5230712890625,-8.83602619171143,"Male"
"9004160",371982,2025-05-24 16:27:50,42.5229568481445,-8.83810520172119,"Male"
"9004160",371982,2025-05-24 16:32:49,42.5230445861816,-8.84079456329346,"Male"
"9004160",371982,2025-05-24 16:37:50,42.5230178833008,-8.84084892272949,"Male"
"9004160",371982,2025-05-24 16:42:49,42.5230484008789,-8.84080410003662,"Male"
"9004160",371982,2025-05-24 16:47:49,42.523063659668,-8.84082698822021,"Male"
"9004160",371982,2025-05-24 16:52:49,42.5230865478516,-8.84081840515137,"Male"
"9004160",371982,2025-05-24 16:57:50,42.5232124328613,-8.8418607711792,"Male"
"9004160",371982,2025-05-24 17:02:49,42.5229759216309,-8.84073162078857,"Male"
"9004160",371982,2025-05-24 17:08:14,42.5232467651367,-8.84104633331299,"Male"
"9004160",371982,2025-05-24 17:12:49,42.5232124328613,-8.84110641479492,"Male"
"9004160",371982,2025-05-24 17:17:49,42.5231285095215,-8.84111595153809,"Male"
"9004160",371982,2025-05-24 17:22:49,42.523021697998,-8.8406286239624,"Male"
"9004160",371982,2025-05-24 17:27:49,42.5231399536133,-8.841064453125,"Male"
"9004160",371982,2025-05-24 17:32:49,42.5230712890625,-8.84084224700928,"Male"
"9004160",371982,2025-05-24 17:37:49,42.5231475830078,-8.84100151062012,"Male"
"9004160",371982,2025-05-24 17:42:49,42.5231323242188,-8.84096336364746,"Male"
"9004160",371982,2025-05-24 17:47:49,42.5231018066406,-8.84088611602783,"Male"
"9004160",371982,2025-05-24 17:52:49,42.5232048034668,-8.84105205535889,"Male"
"9004160",371982,2025-05-24 17:57:49,42.5183372497559,-8.85147285461426,"Male"
"9004160",371982,2025-05-24 18:02:50,42.4989738464355,-8.88995933532715,"Male"
"9004160",371982,2025-05-24 18:08:00,42.480598449707,-8.93380451202393,"Male"
"9004160",371982,2025-05-24 18:12:52,42.4806861877441,-8.93676280975342,"Male"
"9004160",371982,2025-05-24 18:18:23,42.4784355163574,-8.9390172958374,"Male"
"9004160",371982,2025-05-24 18:22:50,42.4333267211914,-8.93524074554443,"Male"
"9004160",371982,2025-05-24 18:28:21,42.3991203308105,-8.92196464538574,"Male"
"9004160",371982,2025-05-24 18:32:53,42.3990936279297,-8.92216300964355,"Male"
"9004160",371982,2025-05-24 18:37:52,42.3993301391602,-8.92193508148193,"Male"
"9004160",371982,2025-05-24 18:42:51,42.3993644714355,-8.92185115814209,"Male"
"9004160",371982,2025-05-24 18:47:50,42.3993186950684,-8.92190456390381,"Male"
"9004160",371982,2025-05-24 18:52:50,42.3992767333984,-8.92201709747314,"Male"
"9004160",371982,2025-05-24 18:57:51,42.3993148803711,-8.92195415496826,"Male"
"9004160",371982,2025-05-24 19:02:50,42.3993072509766,-8.92189788818359,"Male"
"9004160",371982,2025-05-24 19:07:53,42.3993835449219,-8.92197895050049,"Male"
"9004160",371982,2025-05-24 19:12:54,42.399585723877,-8.92182445526123,"Male"
"9004160",371982,2025-05-24 19:17:55,42.3994140625,-8.92189598083496,"Male"
"9004160",371982,2025-05-24 19:22:51,42.3993988037109,-8.92194366455078,"Male"
"9004160",371982,2025-05-24 19:27:52,42.3995323181152,-8.92189598083496,"Male"
"9004160",371982,2025-05-24 19:32:53,42.3995742797852,-8.92194175720215,"Male"
"9004160",371982,2025-05-24 19:37:53,42.3993759155273,-8.92194843292236,"Male"
"9004160",371982,2025-05-24 19:42:54,42.3993034362793,-8.92189788818359,"Male"
"9004160",371982,2025-05-24 19:48:00,42.3992881774902,-8.92204666137695,"Male"
"9004160",371982,2025-05-24 19:53:05,42.3992156982422,-8.92208003997803,"Male"
"9004160",371982,2025-05-24 19:57:59,42.3993034362793,-8.92201042175293,"Male"
"9004160",371982,2025-05-24 20:02:53,42.3993072509766,-8.92205429077148,"Male"
"9004160",371982,2025-05-24 20:08:06,42.3991508483887,-8.92210578918457,"Male"
"9004160",371982,2025-05-24 20:13:06,42.3993186950684,-8.92188167572021,"Male"
"9004160",371982,2025-05-24 20:18:14,42.3993949890137,-8.92190456390381,"Male"
"9004160",371982,2025-05-24 20:22:55,42.3994560241699,-8.9217643737793,"Male"
"9004160",371982,2025-05-24 20:27:53,42.3992729187012,-8.92206859588623,"Male"
"9004160",371982,2025-05-24 20:32:57,42.3993835449219,-8.92196559906006,"Male"
"9004160",371982,2025-05-24 20:37:52,42.3993644714355,-8.92212009429932,"Male"
"9004160",371982,2025-05-24 20:43:06,42.3994064331055,-8.92194080352783,"Male"
"9004160",371982,2025-05-24 20:48:23,42.3991966247559,-8.92199611663818,"Male"
"9004160",371982,2025-05-24 20:53:01,42.3993492126465,-8.92197036743164,"Male"
"9004160",371982,2025-05-24 20:58:00,42.3991241455078,-8.92204093933105,"Male"
"9004160",371982,2025-05-24 21:02:59,42.3992805480957,-8.92206382751465,"Male"
"9004160",371982,2025-05-24 21:07:54,42.3995590209961,-8.92261409759521,"Male"
"9004160",371982,2025-05-24 21:12:54,42.3991851806641,-8.9217357635498,"Male"
"9004160",371982,2025-05-24 21:17:52,42.399112701416,-8.92175674438477,"Male"
"9004160",371982,2025-05-24 21:22:59,42.3993453979492,-8.92212295532227,"Male"
"9004160",371982,2025-05-24 21:27:58,42.3992309570312,-8.92206954956055,"Male"
"9004160",371982,2025-05-24 21:32:55,42.3994674682617,-8.92213344573975,"Male"
"9004160",371982,2025-05-24 21:38:04,42.3991088867188,-8.92189693450928,"Male"
"9004160",371982,2025-05-24 21:43:11,42.3991355895996,-8.92201805114746,"Male"
"9004160",371982,2025-05-24 21:48:13,42.3995056152344,-8.92227268218994,"Male"
"9004160",371982,2025-05-24 21:53:00,42.3992805480957,-8.92198467254639,"Male"
"9004160",371982,2025-05-24 21:57:58,42.399299621582,-8.92205047607422,"Male"
"9004160",371982,2025-05-24 22:03:49,42.3992462158203,-8.92192459106445,"Male"
"9004160",371982,2025-05-24 22:07:53,42.3990592956543,-8.92190170288086,"Male"
"9004160",371982,2025-05-24 22:12:50,42.3992233276367,-8.92191219329834,"Male"
"9004160",371982,2025-05-24 22:17:51,42.399299621582,-8.92187404632568,"Male"
"9004160",371982,2025-05-24 22:22:53,42.3991889953613,-8.92188453674316,"Male"
"9004160",371982,2025-05-24 22:27:55,42.3994293212891,-8.92187213897705,"Male"
"9004160",371982,2025-05-24 22:32:55,42.3995018005371,-8.92186641693115,"Male"
"9004160",371982,2025-05-24 22:37:54,42.3992462158203,-8.9218807220459,"Male"
"9004160",371982,2025-05-24 22:42:54,42.3992881774902,-8.92191219329834,"Male"
"9004160",371982,2025-05-24 22:47:54,42.398983001709,-8.92183780670166,"Male"
"9004160",371982,2025-05-24 22:52:57,42.3987350463867,-8.9217643737793,"Male"
"9004160",371982,2025-05-24 22:57:54,42.3992767333984,-8.92190170288086,"Male"
"9004160",371982,2025-05-24 23:02:54,42.3990783691406,-8.92189884185791,"Male"
"9004160",371982,2025-05-24 23:08:01,42.3993339538574,-8.92200374603271,"Male"
"9004160",371982,2025-05-24 23:13:00,42.399097442627,-8.92201328277588,"Male"
"9004160",371982,2025-05-24 23:18:06,42.3991203308105,-8.92200565338135,"Male"
"9004160",371982,2025-05-24 23:23:00,42.3992729187012,-8.92199325561523,"Male"
"9004160",371982,2025-05-24 23:28:02,42.3990821838379,-8.92195224761963,"Male"
"9004160",371982,2025-05-24 23:33:00,42.3990669250488,-8.92197799682617,"Male"
"9004160",371982,2025-05-24 23:38:00,42.3990669250488,-8.92199230194092,"Male"
"9004160",371982,2025-05-24 23:43:04,42.3988571166992,-8.92194080352783,"Male"
"9004160",371982,2025-05-24 23:48:06,42.3991088867188,-8.92191886901855,"Male"
"9004160",371982,2025-05-24 23:53:23,42.399341583252,-8.92194652557373,"Male"
"9004160",371982,2025-05-24 23:57:51,42.3993072509766,-8.92212390899658,"Male"
"9004160",371982,2025-05-25 00:02:51,42.399284362793,-8.92211055755615,"Male"
"9004160",371982,2025-05-25 00:07:51,42.3991508483887,-8.92206954956055,"Male"
"9004160",371982,2025-05-25 00:12:55,42.3992233276367,-8.92189788818359,"Male"
"9004160",371982,2025-05-25 00:17:54,42.3990249633789,-8.92198944091797,"Male"
"9004160",371982,2025-05-25 00:22:53,42.3989181518555,-8.92172145843506,"Male"
"9004160",371982,2025-05-25 00:27:53,42.3994140625,-8.92216396331787,"Male"
"9004160",371982,2025-05-25 00:32:53,42.399112701416,-8.92196559906006,"Male"
"9004160",371982,2025-05-25 00:37:59,42.3992767333984,-8.92199230194092,"Male"
"9004160",371982,2025-05-25 00:42:53,42.399169921875,-8.92194938659668,"Male"
"9004160",371982,2025-05-25 00:47:58,42.399055480957,-8.92184448242188,"Male"
"9004160",371982,2025-05-25 00:52:57,42.399227142334,-8.92201232910156,"Male"
"9004160",371982,2025-05-25 00:57:58,42.399227142334,-8.92198085784912,"Male"
"9004160",371982,2025-05-25 01:02:57,42.3992614746094,-8.92195415496826,"Male"
"9004160",371982,2025-05-25 01:08:01,42.3992309570312,-8.92193698883057,"Male"
"9004160",371982,2025-05-25 01:12:58,42.3992500305176,-8.92193794250488,"Male"
"9004160",371982,2025-05-25 01:18:02,42.3988723754883,-8.9215726852417,"Male"
"9004160",371982,2025-05-25 01:23:02,42.399299621582,-8.92204189300537,"Male"
"9004160",371982,2025-05-25 01:28:14,42.3989524841309,-8.92162799835205,"Male"
"9004160",371982,2025-05-25 01:32:59,42.399112701416,-8.92178249359131,"Male"
"9004160",371982,2025-05-25 01:38:07,42.3991165161133,-8.92188262939453,"Male"
"9004160",371982,2025-05-25 01:43:00,42.3987274169922,-8.9214916229248,"Male"
"9004160",371982,2025-05-25 01:48:14,42.3993072509766,-8.92192077636719,"Male"
"9004160",371982,2025-05-25 01:53:29,42.399242401123,-8.92190170288086,"Male"
"9004160",371982,2025-05-25 01:57:53,42.3990745544434,-8.92184734344482,"Male"
"9004160",371982,2025-05-25 02:02:57,42.3992118835449,-8.92192554473877,"Male"
"9004160",371982,2025-05-25 02:07:53,42.3989639282227,-8.92181777954102,"Male"
"9004160",371982,2025-05-25 02:13:44,42.3992385864258,-8.92190456390381,"Male"
"9004160",371982,2025-05-25 02:17:52,42.3992614746094,-8.92193412780762,"Male"
"9004160",371982,2025-05-25 02:22:54,42.3993225097656,-8.92206764221191,"Male"
"9004160",371982,2025-05-25 02:28:07,42.3991203308105,-8.92180252075195,"Male"
"9004160",371982,2025-05-25 02:32:52,42.3991050720215,-8.92179203033447,"Male"
"9004160",371982,2025-05-25 02:38:14,42.3993453979492,-8.92186450958252,"Male"
"9004160",371982,2025-05-25 02:42:51,42.3992805480957,-8.92193508148193,"Male"
"9004160",371982,2025-05-25 02:47:57,42.3992385864258,-8.92191410064697,"Male"
"9004160",371982,2025-05-25 02:52:58,42.3992233276367,-8.92185497283936,"Male"
"9004160",371982,2025-05-25 02:57:57,42.3994674682617,-8.92209815979004,"Male"
"9004160",371982,2025-05-25 03:03:00,42.3994979858398,-8.92190074920654,"Male"
"9004160",371982,2025-05-25 03:08:00,42.3995628356934,-8.92195224761963,"Male"
"9004160",371982,2025-05-25 03:13:14,42.3993682861328,-8.92194080352783,"Male"
"9004160",371982,2025-05-25 03:18:00,42.3989791870117,-8.92149257659912,"Male"
"9004160",371982,2025-05-25 03:22:52,42.3989410400391,-8.92109298706055,"Male"
"9004160",371982,2025-05-25 03:28:00,42.3992500305176,-8.92178344726562,"Male"
"9004160",371982,2025-05-25 03:33:14,42.3991432189941,-8.92175483703613,"Male"
"9004160",371982,2025-05-25 03:37:51,42.3991394042969,-8.92145538330078,"Male"
"9004160",371982,2025-05-25 03:42:59,42.3993377685547,-8.92181777954102,"Male"
"9004160",371982,2025-05-25 03:47:57,42.3992462158203,-8.92184257507324,"Male"
"9004160",371982,2025-05-25 03:53:01,42.3990173339844,-8.92187690734863,"Male"
"9004160",371982,2025-05-25 03:57:58,42.3991279602051,-8.92178535461426,"Male"
"9004160",371982,2025-05-25 04:03:13,42.3991928100586,-8.92186450958252,"Male"
"9004160",371982,2025-05-25 04:08:23,42.3994369506836,-8.92191219329834,"Male"
"9004160",371982,2025-05-25 04:12:50,42.3992881774902,-8.92191219329834,"Male"
"9004160",371982,2025-05-25 04:17:50,42.3991928100586,-8.9219217300415,"Male"
"9004160",371982,2025-05-25 04:22:50,42.3992691040039,-8.92196655273438,"Male"
"9004160",371982,2025-05-25 04:27:52,42.399227142334,-8.92194843292236,"Male"
"9004160",371982,2025-05-25 04:32:51,42.3991966247559,-8.92185306549072,"Male"
"9004160",371982,2025-05-25 04:37:52,42.3992767333984,-8.9218578338623,"Male"
"9004160",371982,2025-05-25 04:42:52,42.3992156982422,-8.92177581787109,"Male"
"9004160",371982,2025-05-25 04:47:54,42.3992004394531,-8.92191123962402,"Male"
"9004160",371982,2025-05-25 04:53:09,42.3990936279297,-8.92202186584473,"Male"
"9004160",371982,2025-05-25 04:58:10,42.3991050720215,-8.92198753356934,"Male"
"9004160",371982,2025-05-25 05:03:35,42.3993606567383,-8.92195987701416,"Male"
"9004160",371982,2025-05-25 05:07:51,42.3992195129395,-8.921799659729,"Male"
"9004160",371982,2025-05-25 05:12:51,42.3993606567383,-8.92183494567871,"Male"
"9004160",371982,2025-05-25 05:17:51,42.3992156982422,-8.9217357635498,"Male"
"9004160",371982,2025-05-25 05:22:50,42.3993759155273,-8.92182350158691,"Male"
"9004160",371982,2025-05-25 05:27:51,42.3976783752441,-8.92013740539551,"Male"
"9004160",371982,2025-05-25 05:32:51,42.3976364135742,-8.92030906677246,"Male"
"9004160",371982,2025-05-25 05:37:55,42.3976440429688,-8.92042350769043,"Male"
"9004160",371982,2025-05-25 05:42:55,42.397705078125,-8.92033672332764,"Male"
"9004160",371982,2025-05-25 05:47:51,42.3976287841797,-8.92060470581055,"Male"
"9004160",371982,2025-05-25 05:53:13,42.3977355957031,-8.92028331756592,"Male"
"9004160",371982,2025-05-25 05:57:51,42.3977241516113,-8.92033958435059,"Male"
"9004160",371982,2025-05-25 06:02:50,42.3977203369141,-8.92037487030029,"Male"
"9004160",371982,2025-05-25 06:07:51,42.3977470397949,-8.92019653320312,"Male"
"9004160",371982,2025-05-25 06:12:50,42.3977279663086,-8.92019271850586,"Male"
"9004160",371982,2025-05-25 06:17:50,42.3976211547852,-8.92036056518555,"Male"
"9004160",371982,2025-05-25 06:22:50,42.3977088928223,-8.92033100128174,"Male"
"9004160",371982,2025-05-25 06:27:50,42.4006042480469,-8.90480899810791,"Male"
"9004160",371982,2025-05-25 06:32:51,42.405590057373,-8.89605236053467,"Male"
"9004160",371982,2025-05-25 06:38:02,42.4044380187988,-8.89038181304932,"Male"
"9004160",371982,2025-05-25 06:44:20,42.4048233032227,-8.87884712219238,"Male"
"9004160",371982,2025-05-25 06:49:20,42.4053039550781,-8.87274360656738,"Male"
"9004160",371982,2025-05-25 06:54:22,42.4052429199219,-8.87302589416504,"Male"
"9004160",371982,2025-05-25 06:59:21,42.4130592346191,-8.88028621673584,"Male"
"9004160",371982,2025-05-25 07:04:21,42.4236793518066,-8.8817253112793,"Male"
"9004160",371982,2025-05-25 07:09:21,42.4237480163574,-8.88192272186279,"Male"
"9004160",371982,2025-05-25 07:14:20,42.4237480163574,-8.88194274902344,"Male"
"9004160",371982,2025-05-25 07:19:23,42.4238357543945,-8.88219833374023,"Male"
"9004160",371982,2025-05-25 07:24:23,42.4238357543945,-8.88220024108887,"Male"
"9004160",371982,2025-05-25 07:29:44,42.4237861633301,-8.88204956054688,"Male"
"9004160",371982,2025-05-25 07:34:19,42.4237365722656,-8.88202381134033,"Male"
"9004160",371982,2025-05-25 07:39:18,42.4451484680176,-8.9093017578125,"Male"
"9004160",371982,2025-05-25 07:44:19,42.4689025878906,-8.94315528869629,"Male"
"9004160",371982,2025-05-25 07:49:41,42.4923057556152,-8.90729808807373,"Male"
"9004160",371982,2025-05-25 07:54:19,42.5058898925781,-8.86414527893066,"Male"
"9004160",371982,2025-05-25 07:59:20,42.5175628662109,-8.82907676696777,"Male"
"9004160",371982,2025-05-25 08:04:19,42.5177116394043,-8.82933330535889,"Male"
"9004160",371982,2025-05-25 08:10:19,42.516731262207,-8.82798004150391,"Male"
"9004160",371982,2025-05-25 08:15:30,42.515983581543,-8.82774257659912,"Male"
"9004160",371982,2025-05-25 08:20:28,42.5158348083496,-8.82772827148438,"Male"
"9004160",371982,2025-05-25 08:25:28,42.5177040100098,-8.82943534851074,"Male"
"9004160",371982,2025-05-25 08:30:30,42.5176963806152,-8.82937049865723,"Male"
"9004160",371982,2025-05-25 08:35:30,42.5175666809082,-8.82923698425293,"Male"
"9004160",371982,2025-05-25 08:40:31,42.5176010131836,-8.82930088043213,"Male"
"9004160",371982,2025-05-25 08:45:44,42.5176200866699,-8.82915878295898,"Male"
"9004160",371982,2025-05-25 08:50:28,42.5176849365234,-8.8294038772583,"Male"
"9004160",371982,2025-05-25 08:55:28,42.5176544189453,-8.82949066162109,"Male"
"9004160",371982,2025-05-25 09:00:28,42.517707824707,-8.82913398742676,"Male"
"9004160",371982,2025-05-25 09:05:29,42.5176391601562,-8.82938861846924,"Male"
"9004160",371982,2025-05-25 09:10:55,42.5163650512695,-8.82815837860107,"Male"
"9004160",371982,2025-05-25 09:15:58,42.5168533325195,-8.82683944702148,"Male"
"9004160",371982,2025-05-25 09:20:55,42.5169143676758,-8.82538986206055,"Male"
"9004160",371982,2025-05-25 09:25:58,42.5168418884277,-8.82589912414551,"Male"
"9004160",371982,2025-05-25 09:31:23,42.5168190002441,-8.82571601867676,"Male"
"9004160",371982,2025-05-25 09:35:52,42.5166931152344,-8.82558822631836,"Male"
"9004160",371982,2025-05-25 09:40:51,42.516773223877,-8.82576084136963,"Male"
"9004160",371982,2025-05-25 09:45:50,42.5223503112793,-8.82876968383789,"Male"
"9004160",371982,2025-05-25 09:50:52,42.5167236328125,-8.82567119598389,"Male"
"9004160",371982,2025-05-25 09:55:52,42.5167427062988,-8.82573318481445,"Male"
"9004160",371982,2025-05-25 10:00:52,42.5167274475098,-8.82572650909424,"Male"
"9004160",371982,2025-05-25 10:05:52,42.5176277160645,-8.826096534729,"Male"
"9004160",371982,2025-05-25 10:11:23,42.517406463623,-8.82717609405518,"Male"
"9004160",371982,2025-05-25 10:16:50,42.5158081054688,-8.8259801864624,"Male"
"9004160",371982,2025-05-25 10:22:15,42.5166664123535,-8.82593727111816,"Male"
"9004160",371982,2025-05-25 10:27:15,42.5167465209961,-8.82578563690186,"Male"
"9004160",371982,2025-05-25 10:32:14,42.5167274475098,-8.82571792602539,"Male"
"9004160",371982,2025-05-25 10:37:14,42.5167198181152,-8.82565021514893,"Male"
"9004160",371982,2025-05-25 10:42:14,42.5167045593262,-8.8256664276123,"Male"
"9004160",371982,2025-05-25 10:47:14,42.5167198181152,-8.82546043395996,"Male"
"9004160",371982,2025-05-25 10:52:14,42.5167350769043,-8.82561016082764,"Male"
"9004160",371982,2025-05-25 10:57:15,42.5167198181152,-8.82569122314453,"Male"
"9004160",371982,2025-05-25 11:02:15,42.5166168212891,-8.82534122467041,"Male"
"9004160",371982,2025-05-25 11:07:15,42.5166091918945,-8.82509136199951,"Male"
"9004160",371982,2025-05-25 11:12:14,42.5167121887207,-8.8256368637085,"Male"
"9004160",371982,2025-05-25 11:17:15,42.5166015625,-8.8254337310791,"Male"
"9004160",371982,2025-05-25 11:22:14,42.5167007446289,-8.82564449310303,"Male"
"9004160",371982,2025-05-25 11:27:14,42.5166358947754,-8.82535171508789,"Male"
"9004160",371982,2025-05-25 11:32:14,42.5166091918945,-8.82551002502441,"Male"
"9004160",371982,2025-05-25 11:37:14,42.516674041748,-8.82555770874023,"Male"
"9004160",371982,2025-05-25 11:42:14,42.516658782959,-8.82547378540039,"Male"
"9004160",371982,2025-05-25 11:47:14,42.5167655944824,-8.82576656341553,"Male"
"9004160",371982,2025-05-25 11:52:14,42.5168838500977,-8.82579040527344,"Male"
"9004160",371982,2025-05-25 11:57:47,42.5172576904297,-8.82544422149658,"Male"
"9004160",371982,2025-05-25 12:02:49,42.5172424316406,-8.82539081573486,"Male"
"9004160",371982,2025-05-25 12:08:29,42.5169334411621,-8.82629585266113,"Male"
"9004160",371982,2025-05-25 12:12:40,42.5169944763184,-8.82556056976318,"Male"
"9004160",371982,2025-05-25 12:17:39,42.5169410705566,-8.82590866088867,"Male"
"9004160",371982,2025-05-25 12:22:58,42.5169906616211,-8.82593727111816,"Male"
"9004160",371982,2025-05-25 12:28:05,42.5168609619141,-8.82586765289307,"Male"
"9004160",371982,2025-05-25 12:32:39,42.516845703125,-8.8259220123291,"Male"
"9004160",371982,2025-05-25 12:37:39,42.5168991088867,-8.82581901550293,"Male"
"9004160",371982,2025-05-25 12:42:39,42.5167617797852,-8.82615661621094,"Male"
"9004160",371982,2025-05-25 12:47:39,42.5168571472168,-8.82590103149414,"Male"
"9004160",371982,2025-05-25 12:52:40,42.5168991088867,-8.82584857940674,"Male"
"9004160",371982,2025-05-25 12:57:39,42.5169219970703,-8.825758934021,"Male"
"9004160",371982,2025-05-25 13:02:39,42.5169372558594,-8.8257360458374,"Male"
"9004160",371982,2025-05-25 13:07:38,42.5168609619141,-8.82587623596191,"Male"
"9004160",371982,2025-05-25 13:12:39,42.516845703125,-8.82595825195312,"Male"
"9004160",371982,2025-05-25 13:17:39,42.5168876647949,-8.82582664489746,"Male"
"9004160",371982,2025-05-25 13:22:39,42.5168266296387,-8.82590293884277,"Male"
"9004160",371982,2025-05-25 13:27:59,42.5167198181152,-8.82535648345947,"Male"
"9004160",371982,2025-05-25 13:33:10,42.5175361633301,-8.82556533813477,"Male"
"9004160",371982,2025-05-25 13:38:24,42.5185127258301,-8.82431221008301,"Male"
"9004160",371982,2025-05-25 13:43:22,42.5191917419434,-8.82417011260986,"Male"
"9004160",371982,2025-05-25 13:48:39,42.5178108215332,-8.82485103607178,"Male"
"9004160",371982,2025-05-25 13:53:36,42.5168876647949,-8.82595539093018,"Male"
"9004160",371982,2025-05-25 13:58:36,42.5169334411621,-8.8259801864624,"Male"
"9004160",371982,2025-05-25 14:03:36,42.5168876647949,-8.82596397399902,"Male"
"9004160",371982,2025-05-25 14:08:36,42.516902923584,-8.82599449157715,"Male"
"9004160",371982,2025-05-25 14:13:36,42.5169258117676,-8.82597732543945,"Male"
"9004160",371982,2025-05-25 14:18:36,42.5169067382812,-8.82598495483398,"Male"
"9004160",371982,2025-05-25 14:23:36,42.5168991088867,-8.82594108581543,"Male"
"9004160",371982,2025-05-25 14:28:36,42.5169143676758,-8.82595157623291,"Male"
"9004160",371982,2025-05-25 14:33:36,42.5168647766113,-8.82595539093018,"Male"
"9004160",371982,2025-05-25 14:38:36,42.51708984375,-8.82601070404053,"Male"
"9004160",371982,2025-05-25 14:43:37,42.5167541503906,-8.82570266723633,"Male"
"9004160",371982,2025-05-25 14:48:36,42.5170097351074,-8.82588863372803,"Male"
"9004160",371982,2025-05-25 14:53:41,42.5169219970703,-8.82582092285156,"Male"
"9004160",371982,2025-05-25 14:58:36,42.5170974731445,-8.82595443725586,"Male"
"9004160",371982,2025-05-25 15:03:36,42.5168762207031,-8.82567119598389,"Male"
"9004160",371982,2025-05-25 15:08:36,42.5170021057129,-8.82580375671387,"Male"
"9004160",371982,2025-05-25 15:13:36,42.5166893005371,-8.82606410980225,"Male"
"9004160",371982,2025-05-25 15:18:38,42.5163192749023,-8.82627296447754,"Male"
"9004160",371982,2025-05-25 15:23:36,42.5168647766113,-8.82593441009521,"Male"
"9004160",371982,2025-05-25 15:28:37,42.5167465209961,-8.82595634460449,"Male"
"9004160",371982,2025-05-25 15:33:36,42.5167694091797,-8.82604026794434,"Male"
"9004160",371982,2025-05-25 15:38:36,42.5166511535645,-8.82611179351807,"Male"
"9004160",371982,2025-05-25 15:43:36,42.516716003418,-8.82599639892578,"Male"
"9004160",371982,2025-05-25 15:49:04,42.516960144043,-8.82583141326904,"Male"
"9004160",371982,2025-05-25 15:54:10,42.5186309814453,-8.82545852661133,"Male"
"9004160",371982,2025-05-25 15:59:33,42.5182304382324,-8.82484436035156,"Male"
"9004160",371982,2025-05-25 16:05:10,42.5170669555664,-8.82536506652832,"Male"
"9004160",371982,2025-05-25 16:10:02,42.5168838500977,-8.82608509063721,"Male"
"9004160",371982,2025-05-25 16:15:05,42.5169105529785,-8.8261251449585,"Male"
"9004160",371982,2025-05-25 16:20:02,42.5168571472168,-8.82607460021973,"Male"
"9004160",371982,2025-05-25 16:25:02,42.517032623291,-8.8261833190918,"Male"
"9004160",371982,2025-05-25 16:30:05,42.5169143676758,-8.82610321044922,"Male"
"9004160",371982,2025-05-25 16:35:05,42.5169448852539,-8.8261194229126,"Male"
"9004160",371982,2025-05-25 16:40:02,42.516960144043,-8.82612228393555,"Male"
"9004160",371982,2025-05-25 16:45:03,42.5167694091797,-8.82584571838379,"Male"
"9004160",371982,2025-05-25 16:50:06,42.5169219970703,-8.82608032226562,"Male"
"9004160",371982,2025-05-25 16:55:06,42.5169067382812,-8.82607936859131,"Male"
"9004160",371982,2025-05-25 17:02:23,42.5168876647949,-8.8258638381958,"Male"
"9004160",371982,2025-05-25 17:08:21,42.5168800354004,-8.82602882385254,"Male"
"9004160",371982,2025-05-25 17:12:54,42.5169448852539,-8.82613658905029,"Male"
"9004160",371982,2025-05-25 17:17:53,42.517032623291,-8.82620716094971,"Male"
"9004160",371982,2025-05-25 17:23:14,42.5168342590332,-8.82604503631592,"Male"
"9004160",371982,2025-05-25 17:27:59,42.5168190002441,-8.82588386535645,"Male"
"9004160",371982,2025-05-25 17:32:50,42.516845703125,-8.82586765289307,"Male"
"9004160",371982,2025-05-25 17:37:51,42.5168113708496,-8.82590675354004,"Male"
"9004160",371982,2025-05-25 17:42:57,42.5168151855469,-8.82597255706787,"Male"
"9004160",371982,2025-05-25 17:48:14,42.5167579650879,-8.8258695602417,"Male"
"9004160",371982,2025-05-25 17:52:51,42.5167846679688,-8.82593154907227,"Male"
"9004160",371982,2025-05-25 17:57:51,42.5167808532715,-8.82593536376953,"Male"
"9004160",371982,2025-05-25 18:03:23,42.5168075561523,-8.82592391967773,"Male"
"9004160",371982,2025-05-25 18:07:50,42.5168380737305,-8.82584381103516,"Male"
"9004160",371982,2025-05-25 18:12:51,42.5167770385742,-8.82597064971924,"Male"
"9004160",371982,2025-05-25 18:17:59,42.5163345336914,-8.82665920257568,"Male"
"9004160",371982,2025-05-25 18:23:29,42.5162773132324,-8.82890510559082,"Male"
"9004160",371982,2025-05-25 18:28:43,42.5151138305664,-8.83027076721191,"Male"
"9004160",371982,2025-05-25 18:33:39,42.514762878418,-8.83108329772949,"Male"
"9004160",371982,2025-05-25 18:38:38,42.5166511535645,-8.83081912994385,"Male"
"9004160",371982,2025-05-25 18:43:39,42.5177116394043,-8.82935333251953,"Male"
"9004160",371982,2025-05-25 18:48:39,42.5176582336426,-8.8292818069458,"Male"
"9004160",371982,2025-05-25 18:53:39,42.5176391601562,-8.82934951782227,"Male"
"9004160",371982,2025-05-25 18:58:39,42.5176048278809,-8.82930564880371,"Male"
"9004160",371982,2025-05-25 19:03:38,42.5176391601562,-8.82943153381348,"Male"
"9004160",371982,2025-05-25 19:08:39,42.5090827941895,-8.85567092895508,"Male"
"9004160",371982,2025-05-25 19:13:39,42.4870719909668,-8.9149055480957,"Male"
"9004160",371982,2025-05-25 19:18:38,42.4806022644043,-8.93635845184326,"Male"
"9004160",371982,2025-05-25 19:23:39,42.4806327819824,-8.93642330169678,"Male"
"9004160",371982,2025-05-25 19:28:38,42.4389953613281,-8.9394006729126,"Male"
"9004160",371982,2025-05-25 19:33:47,42.399528503418,-8.92201614379883,"Male"
"9004160",371982,2025-05-25 19:39:40,42.3993988037109,-8.92193603515625,"Male"
"9004160",371982,2025-05-25 19:43:41,42.3994140625,-8.92201042175293,"Male"
"9004160",371982,2025-05-25 19:48:42,42.3993263244629,-8.92198944091797,"Male"
"9004160",371982,2025-05-25 19:53:42,42.3991851806641,-8.92198657989502,"Male"
"9004160",371982,2025-05-25 19:58:45,42.399356842041,-8.92189693450928,"Male"
"9004160",371982,2025-05-25 20:03:42,42.3993721008301,-8.92195320129395,"Male"
"9004160",371982,2025-05-25 20:08:52,42.3992576599121,-8.92203617095947,"Male"
"9004160",371982,2025-05-25 20:13:42,42.3993453979492,-8.92199897766113,"Male"
"9004160",371982,2025-05-25 20:18:41,42.3996276855469,-8.92226219177246,"Male"
"9004160",371982,2025-05-25 20:23:43,42.3993911743164,-8.92203807830811,"Male"
"9004160",371982,2025-05-25 20:28:45,42.3993949890137,-8.92207050323486,"Male"
"9004160",371982,2025-05-25 20:33:51,42.3993530273438,-8.92208290100098,"Male"
"9004160",371982,2025-05-25 20:39:05,42.3993339538574,-8.92198944091797,"Male"
"9004160",371982,2025-05-25 20:44:14,42.3993072509766,-8.92194747924805,"Male"
"9004160",371982,2025-05-25 20:48:39,42.3993263244629,-8.92194747924805,"Male"
"9004160",371982,2025-05-25 20:53:39,42.3993721008301,-8.92204093933105,"Male"
"9004160",371982,2025-05-25 20:58:38,42.3993225097656,-8.92199516296387,"Male"
"9004160",371982,2025-05-25 21:03:39,42.3994407653809,-8.92231941223145,"Male"
"9004160",371982,2025-05-25 21:08:39,42.399471282959,-8.92202758789062,"Male"
"9004160",371982,2025-05-25 21:13:39,42.3995361328125,-8.92225742340088,"Male"
"9004160",371982,2025-05-25 21:18:50,42.3992881774902,-8.92197227478027,"Male"
"9004160",371982,2025-05-25 21:23:40,42.3993072509766,-8.92201328277588,"Male"
"9004160",371982,2025-05-25 21:28:42,42.3992614746094,-8.92189025878906,"Male"
"9004160",371982,2025-05-25 21:33:55,42.3992538452148,-8.92192077636719,"Male"
"9004160",371982,2025-05-25 21:38:43,42.3991317749023,-8.9218864440918,"Male"
"9004160",371982,2025-05-25 21:44:14,42.3991813659668,-8.92191028594971,"Male"
"9004160",371982,2025-05-25 21:48:40,42.3991546630859,-8.92190742492676,"Male"
"9004160",371982,2025-05-25 21:53:39,42.3994522094727,-8.92189121246338,"Male"
"9004160",371982,2025-05-25 21:58:45,42.3991355895996,-8.92190170288086,"Male"
"9004160",371982,2025-05-25 22:03:39,42.3990478515625,-8.92206382751465,"Male"
"9004160",371982,2025-05-25 22:08:39,42.3991241455078,-8.92199516296387,"Male"
"9004160",371982,2025-05-25 22:13:39,42.3989448547363,-8.9221076965332,"Male"
"9004160",371982,2025-05-25 22:18:38,42.3992767333984,-8.92195892333984,"Male"
"9004160",371982,2025-05-25 22:23:40,42.3991661071777,-8.92185592651367,"Male"
"9004160",371982,2025-05-25 22:28:40,42.3989524841309,-8.92199325561523,"Male"
"9004160",371982,2025-05-25 22:33:42,42.3992729187012,-8.92192459106445,"Male"
"9004160",371982,2025-05-25 22:38:42,42.3992042541504,-8.92194557189941,"Male"
"9004160",371982,2025-05-25 22:43:43,42.3992156982422,-8.92195987701416,"Male"
"9004160",371982,2025-05-25 22:49:07,42.3993110656738,-8.92198467254639,"Male"
"9004160",371982,2025-05-25 22:53:40,42.3993225097656,-8.92198944091797,"Male"
"9004160",371982,2025-05-25 22:58:52,42.3992881774902,-8.92198276519775,"Male"
"9004160",371982,2025-05-25 23:03:39,42.3996734619141,-8.9220085144043,"Male"
"9004160",371982,2025-05-25 23:08:39,42.3993110656738,-8.92198276519775,"Male"
"9004160",371982,2025-05-25 23:13:49,42.3993682861328,-8.92197227478027,"Male"
"9004160",371982,2025-05-25 23:18:40,42.3993072509766,-8.92199897766113,"Male"
"9004160",371982,2025-05-25 23:23:42,42.3993644714355,-8.92199993133545,"Male"
"9004160",371982,2025-05-25 23:28:41,42.3993453979492,-8.92200183868408,"Male"
"9004160",371982,2025-05-25 23:33:40,42.3994140625,-8.92202758789062,"Male"
"9004160",371982,2025-05-25 23:38:41,42.3992767333984,-8.92195320129395,"Male"
"9004160",371982,2025-05-25 23:43:40,42.3993034362793,-8.92195415496826,"Male"
"9004160",371982,2025-05-25 23:49:05,42.3993453979492,-8.92195987701416,"Male"
"9004160",371982,2025-05-25 23:53:39,42.3992805480957,-8.9222354888916,"Male"
"9004160",371982,2025-05-25 23:58:39,42.3993339538574,-8.92207717895508,"Male"
"9004160",371982,2025-05-26 00:03:41,42.3997192382812,-8.92217922210693,"Male"
"9004160",371982,2025-05-26 00:08:41,42.399299621582,-8.92200469970703,"Male"
"9004160",371982,2025-05-26 00:13:42,42.3993186950684,-8.92190361022949,"Male"
"9004160",371982,2025-05-26 00:18:46,42.3991508483887,-8.92191696166992,"Male"
"9004160",371982,2025-05-26 00:23:47,42.3992042541504,-8.92195987701416,"Male"
"9004160",371982,2025-05-26 00:29:02,42.3992385864258,-8.92196559906006,"Male"
"9004160",371982,2025-05-26 00:33:39,42.3992042541504,-8.92183494567871,"Male"
"9004160",371982,2025-05-26 00:38:40,42.3992156982422,-8.92193126678467,"Male"
"9004160",371982,2025-05-26 00:43:42,42.3990097045898,-8.9218111038208,"Male"
"9004160",371982,2025-05-26 00:48:40,42.3993301391602,-8.9220724105835,"Male"
"9004160",371982,2025-05-26 00:53:42,42.3992958068848,-8.92200756072998,"Male"
"9004160",371982,2025-05-26 00:58:42,42.399284362793,-8.92196083068848,"Male"
"9004160",371982,2025-05-26 01:03:41,42.399227142334,-8.92189884185791,"Male"
"9004160",371982,2025-05-26 01:09:00,42.3988990783691,-8.92160415649414,"Male"
"9004160",371982,2025-05-26 01:13:48,42.3991012573242,-8.92179298400879,"Male"
"9004160",371982,2025-05-26 01:19:15,42.399227142334,-8.92187881469727,"Male"
"9004160",371982,2025-05-26 01:23:44,42.3991813659668,-8.9218807220459,"Male"
"9004160",371982,2025-05-26 01:28:47,42.3992309570312,-8.92183208465576,"Male"
"9004160",371982,2025-05-26 01:33:46,42.399112701416,-8.92183017730713,"Male"
"9004160",371982,2025-05-26 01:39:05,42.3992156982422,-8.9218864440918,"Male"
"9004160",371982,2025-05-26 01:43:47,42.3993530273438,-8.9219217300415,"Male"
"9004160",371982,2025-05-26 01:48:43,42.3992919921875,-8.92189693450928,"Male"
"9004160",371982,2025-05-26 01:54:05,42.3991241455078,-8.92185115814209,"Male"
"9004160",371982,2025-05-26 01:58:40,42.3991165161133,-8.92186069488525,"Male"
"9004160",371982,2025-05-26 02:03:44,42.3992080688477,-8.92185878753662,"Male"
"9004160",371982,2025-05-26 02:08:49,42.3992195129395,-8.92184829711914,"Male"
"9004160",371982,2025-05-26 02:14:23,42.3991317749023,-8.92186737060547,"Male"
"9004160",371982,2025-05-26 02:19:13,42.399097442627,-8.92183685302734,"Male"
"9004160",371982,2025-05-26 02:23:39,42.3990287780762,-8.9217414855957,"Male"
"9004160",371982,2025-05-26 02:28:47,42.3991508483887,-8.92186737060547,"Male"
"9004160",371982,2025-05-26 02:33:40,42.398998260498,-8.92177104949951,"Male"
"9004160",371982,2025-05-26 02:38:39,42.3991279602051,-8.92178916931152,"Male"
"9004160",371982,2025-05-26 02:43:39,42.3990783691406,-8.92178440093994,"Male"
"9004160",371982,2025-05-26 02:48:52,42.3993721008301,-8.92199420928955,"Male"
"9004160",371982,2025-05-26 02:53:51,42.3993606567383,-8.92194557189941,"Male"
"9004160",371982,2025-05-26 02:58:54,42.3994216918945,-8.92199897766113,"Male"
"9004160",371982,2025-05-26 03:03:53,42.3993530273438,-8.92194080352783,"Male"
"9004160",371982,2025-05-26 03:09:02,42.3993721008301,-8.92195892333984,"Male"
"9004160",371982,2025-05-26 03:13:46,42.3994255065918,-8.92194271087646,"Male"
"9004160",371982,2025-05-26 03:19:15,42.3995018005371,-8.92192840576172,"Male"
"9004160",371982,2025-05-26 03:23:43,42.3994407653809,-8.92203044891357,"Male"
"9004160",371982,2025-05-26 03:28:56,42.3994598388672,-8.92192649841309,"Male"
"9004160",371982,2025-05-26 03:33:56,42.3994216918945,-8.92191123962402,"Male"
"9004160",371982,2025-05-26 03:38:57,42.3994064331055,-8.92195796966553,"Male"
"9004160",371982,2025-05-26 03:43:46,42.3994140625,-8.92195796966553,"Male"
"9004160",371982,2025-05-26 03:49:44,42.3993759155273,-8.92199802398682,"Male"
"9004160",371982,2025-05-26 03:53:39,42.3992729187012,-8.92182922363281,"Male"
"9004160",371982,2025-05-26 03:58:41,42.3992195129395,-8.92184543609619,"Male"
"9004160",371982,2025-05-26 04:03:42,42.3993453979492,-8.92206192016602,"Male"
"9004160",371982,2025-05-26 04:08:43,42.3984298706055,-8.92111587524414,"Male"
"9004160",371982,2025-05-26 04:13:49,42.3993377685547,-8.9219446182251,"Male"
"9004160",371982,2025-05-26 04:18:42,42.3997459411621,-8.92240810394287,"Male"
"9004160",371982,2025-05-26 04:23:43,42.3996887207031,-8.9224100112915,"Male"
"9004160",371982,2025-05-26 04:28:42,42.399169921875,-8.92185878753662,"Male"
"9004160",371982,2025-05-26 04:33:47,42.3985633850098,-8.92203998565674,"Male"
"9004160",371982,2025-05-26 04:38:41,42.398998260498,-8.92175579071045,"Male"
"9004160",371982,2025-05-26 04:43:40,42.3992729187012,-8.92192363739014,"Male"
"9004160",371982,2025-05-26 04:48:41,42.3991088867188,-8.92175388336182,"Male"
"9004160",371982,2025-05-26 04:53:44,42.3993339538574,-8.92202568054199,"Male"
"9004160",371982,2025-05-26 04:58:40,42.3993873596191,-8.92206478118896,"Male"
"9004160",371982,2025-05-26 05:03:43,42.3989524841309,-8.9216136932373,"Male"
"9004160",371982,2025-05-26 05:08:43,42.3988647460938,-8.92157363891602,"Male"
"9004160",371982,2025-05-26 05:13:46,42.3993110656738,-8.92204093933105,"Male"
"9004160",371982,2025-05-26 05:19:06,42.3992385864258,-8.92204856872559,"Male"
"9004160",371982,2025-05-26 05:23:40,42.3992538452148,-8.92157745361328,"Male"
"9004160",371982,2025-05-26 05:28:43,42.3993759155273,-8.92207622528076,"Male"
"9004160",371982,2025-05-26 05:33:43,42.3997268676758,-8.92202949523926,"Male"
"9004160",371982,2025-05-26 05:38:40,42.3994789123535,-8.92197704315186,"Male"
"9004160",371982,2025-05-26 05:43:40,42.3992767333984,-8.92218017578125,"Male"
"9004160",371982,2025-05-26 05:49:13,42.3993682861328,-8.92200374603271,"Male"
"9004160",371982,2025-05-26 05:53:39,42.3993110656738,-8.92205619812012,"Male"
"9004160",371982,2025-05-26 05:58:39,42.3994445800781,-8.92207336425781,"Male"
"9004160",371982,2025-05-26 06:03:39,42.3994941711426,-8.92194652557373,"Male"
"9004160",371982,2025-05-26 06:08:39,42.399356842041,-8.92200946807861,"Male"
"9004160",371982,2025-05-26 06:13:39,42.3993339538574,-8.92199516296387,"Male"
"9004160",371982,2025-05-26 06:18:39,42.3993606567383,-8.92189121246338,"Male"
"9004160",371982,2025-05-26 06:23:39,42.3994026184082,-8.92192840576172,"Male"
"9004160",371982,2025-05-26 06:28:39,42.3993721008301,-8.92203140258789,"Male"
"9004160",371982,2025-05-26 06:33:39,42.3993110656738,-8.92202758789062,"Male"
"9004160",371982,2025-05-26 06:38:39,42.3994293212891,-8.92202854156494,"Male"
"9004160",371982,2025-05-26 06:43:41,42.3994102478027,-8.92211055755615,"Male"
"9004160",371982,2025-05-26 06:49:05,42.3993072509766,-8.92192554473877,"Male"
"9004160",371982,2025-05-26 06:53:40,42.3993263244629,-8.92191219329834,"Male"
"9004160",371982,2025-05-26 06:58:39,42.3992042541504,-8.92199993133545,"Male"
"9004160",371982,2025-05-26 07:03:39,42.399242401123,-8.92201900482178,"Male"
"9004160",371982,2025-05-26 07:08:40,42.3991203308105,-8.92210960388184,"Male"
"9004160",371982,2025-05-26 07:13:39,42.3992347717285,-8.92196273803711,"Male"
"9004160",371982,2025-05-26 07:18:39,42.3992042541504,-8.92198371887207,"Male"
"9004160",371982,2025-05-26 07:23:39,42.399242401123,-8.92201328277588,"Male"
"9004160",371982,2025-05-26 07:29:01,42.3991546630859,-8.92198371887207,"Male"
"9004160",371982,2025-05-26 07:33:48,42.3992652893066,-8.92195987701416,"Male"
"9004160",371982,2025-05-26 07:38:47,42.3995018005371,-8.92189121246338,"Male"
"9004160",371982,2025-05-26 07:43:40,42.3992309570312,-8.92193698883057,"Male"
"9004160",371982,2025-05-26 07:48:40,42.3993492126465,-8.92190647125244,"Male"
"9004160",371982,2025-05-26 07:53:39,42.3993911743164,-8.92190742492676,"Male"
"9004160",371982,2025-05-26 07:58:52,42.3993644714355,-8.92194175720215,"Male"
"9004160",371982,2025-05-26 08:04:05,42.3993530273438,-8.92198944091797,"Male"
"9004160",371982,2025-05-26 08:09:01,42.3992919921875,-8.92196750640869,"Male"
"9004160",371982,2025-05-26 08:13:47,42.3993148803711,-8.92197227478027,"Male"
"9004160",371982,2025-05-26 08:19:14,42.399585723877,-8.92198467254639,"Male"
"9004160",371982,2025-05-26 08:23:42,42.4225463867188,-8.92959403991699,"Male"
"9004160",371982,2025-05-26 08:28:39,42.4485931396484,-8.93545246124268,"Male"
"9004160",371982,2025-05-26 08:33:39,42.476001739502,-8.93979167938232,"Male"
"9004160",371982,2025-05-26 08:38:39,42.4919281005859,-8.90987491607666,"Male"
"9004160",371982,2025-05-26 08:43:40,42.5053367614746,-8.87610721588135,"Male"
"9004160",371982,2025-05-26 08:48:41,42.5067596435547,-8.86908435821533,"Male"
"9004160",371982,2025-05-26 08:53:41,42.5163192749023,-8.83727931976318,"Male"
"9004160",371982,2025-05-26 08:58:42,42.5176620483398,-8.82923412322998,"Male"
"9004160",371982,2025-05-26 09:03:43,42.5175361633301,-8.82792377471924,"Male"
"9004160",371982,2025-05-26 09:08:52,42.5182495117188,-8.83298873901367,"Male"
"9004160",371982,2025-05-26 09:14:13,42.5178413391113,-8.83177661895752,"Male"
"9004160",371982,2025-05-26 09:21:41,42.5175628662109,-8.82919502258301,"Male"
"9004160",371982,2025-05-26 09:26:25,42.5175361633301,-8.82875156402588,"Male"
"9004160",371982,2025-05-26 09:31:31,42.5176391601562,-8.82924652099609,"Male"
"9004160",371982,2025-05-26 09:36:25,42.5176467895508,-8.82952690124512,"Male"
"9004160",371982,2025-05-26 09:41:31,42.5176162719727,-8.82923316955566,"Male"
"9004160",371982,2025-05-26 09:46:26,42.5175895690918,-8.82924270629883,"Male"
"9004160",371982,2025-05-26 09:51:23,42.5176239013672,-8.82945728302002,"Male"
"9004160",371982,2025-05-26 09:56:31,42.5175895690918,-8.82926368713379,"Male"
"9004160",371982,2025-05-26 10:01:23,42.5176162719727,-8.82934188842773,"Male"
"9004160",371982,2025-05-26 10:06:30,42.5176086425781,-8.82921123504639,"Male"
"9004160",371982,2025-05-26 10:11:23,42.517765045166,-8.82953834533691,"Male"
"9004160",371982,2025-05-26 10:16:31,42.517650604248,-8.82921981811523,"Male"
"9004160",371982,2025-05-26 10:23:19,42.5188026428223,-8.82971286773682,"Male"
"9004160",371982,2025-05-26 10:32:50,42.5206489562988,-8.82994556427002,"Male"
"9004160",371982,2025-05-26 10:37:44,42.5198135375977,-8.82974338531494,"Male"
"9004160",371982,2025-05-26 10:42:44,42.5197143554688,-8.82969188690186,"Male"
"9004160",371982,2025-05-26 10:47:31,42.5198211669922,-8.82966709136963,"Male"
"9004160",371982,2025-05-26 10:52:31,42.5197830200195,-8.82978916168213,"Male"
"9004160",371982,2025-05-26 10:57:31,42.5197868347168,-8.82982635498047,"Male"
"9004160",371982,2025-05-26 11:02:31,42.5198173522949,-8.82975387573242,"Male"
"9004160",371982,2025-05-26 11:07:31,42.5197525024414,-8.82971858978271,"Male"
"9004160",371982,2025-05-26 11:12:31,42.5198440551758,-8.82979297637939,"Male"
"9004160",371982,2025-05-26 11:17:31,42.5198593139648,-8.82974147796631,"Male"
"9004160",371982,2025-05-26 11:22:31,42.5198287963867,-8.82977962493896,"Male"
"9004160",371982,2025-05-26 11:27:32,42.519962310791,-8.82988452911377,"Male"
"9004160",371982,2025-05-26 11:33:55,42.5197830200195,-8.82998752593994,"Male"
"9004160",371982,2025-05-26 11:41:50,42.5199890136719,-8.83252143859863,"Male"
"9004160",371982,2025-05-26 11:47:08,42.5193519592285,-8.83254623413086,"Male"
"9004160",371982,2025-05-26 11:53:26,42.5207748413086,-8.83194923400879,"Male"
"9004160",371982,2025-05-26 11:59:36,42.5207633972168,-8.83047580718994,"Male"
"9004160",371982,2025-05-26 12:04:44,42.5206298828125,-8.82971668243408,"Male"
"9004160",371982,2025-05-26 12:09:32,42.5206604003906,-8.82980823516846,"Male"
"9004160",371982,2025-05-26 12:14:34,42.5206069946289,-8.8295783996582,"Male"
"9004160",371982,2025-05-26 12:19:32,42.5206832885742,-8.82974433898926,"Male"
"9004160",371982,2025-05-26 12:24:32,42.5206718444824,-8.82983207702637,"Male"
"9004160",371982,2025-05-26 12:29:32,42.5206146240234,-8.82980060577393,"Male"
"9004160",371982,2025-05-26 12:34:32,42.5206565856934,-8.82975006103516,"Male"
"9004160",371982,2025-05-26 12:39:33,42.5205955505371,-8.82968711853027,"Male"
"9004160",371982,2025-05-26 12:44:32,42.5205421447754,-8.82962989807129,"Male"
"9004160",371982,2025-05-26 12:49:44,42.5205230712891,-8.82958602905273,"Male"
"9004160",371982,2025-05-26 12:54:32,42.5205497741699,-8.82968235015869,"Male"
"9004160",371982,2025-05-26 12:59:32,42.5204658508301,-8.8296422958374,"Male"
"9004160",371982,2025-05-26 13:04:38,42.5205154418945,-8.82950878143311,"Male"
"9004160",371982,2025-05-26 13:09:32,42.5205345153809,-8.82962608337402,"Male"
"9004160",371982,2025-05-26 13:14:34,42.5205154418945,-8.82952976226807,"Male"
"9004160",371982,2025-05-26 13:19:33,42.5168762207031,-8.82575511932373,"Male"
"9004160",371982,2025-05-26 13:24:41,42.5169334411621,-8.82596111297607,"Male"
"9004160",371982,2025-05-26 13:29:32,42.517032623291,-8.82610988616943,"Male"
"9004160",371982,2025-05-26 13:34:32,42.5169334411621,-8.82601070404053,"Male"
"9004160",371982,2025-05-26 13:39:34,42.5169982910156,-8.82603549957275,"Male"
"9004160",371982,2025-05-26 13:44:35,42.5155487060547,-8.82647228240967,"Male"
"9004160",371982,2025-05-26 13:57:06,42.5145492553711,-8.82477474212646,"Male"
"9004160",371982,2025-05-26 14:11:15,42.5150299072266,-8.82584476470947,"Male"
"9004160",371982,2025-05-26 14:15:15,42.5156593322754,-8.82633972167969,"Male"
"9004160",371982,2025-05-26 14:20:11,42.5166816711426,-8.82559967041016,"Male"
"9004160",371982,2025-05-26 14:25:11,42.5166664123535,-8.82561683654785,"Male"
"9004160",371982,2025-05-26 14:30:15,42.5166969299316,-8.82560443878174,"Male"
"9004160",371982,2025-05-26 14:35:11,42.5169334411621,-8.8255615234375,"Male"
"9004160",371982,2025-05-26 14:40:11,42.5167999267578,-8.82561111450195,"Male"
"9004160",371982,2025-05-26 14:45:35,42.5167465209961,-8.82559108734131,"Male"
"9004160",371982,2025-05-26 14:50:11,42.5167770385742,-8.82558441162109,"Male"
"9004160",371982,2025-05-26 14:55:11,42.5166702270508,-8.82553768157959,"Male"
"9004160",371982,2025-05-26 15:00:11,42.5167350769043,-8.82559967041016,"Male"
"9004160",371982,2025-05-26 15:05:12,42.5167541503906,-8.82557392120361,"Male"
"9004160",371982,2025-05-26 15:10:11,42.5167274475098,-8.82561492919922,"Male"
"9004160",371982,2025-05-26 15:15:18,42.5166969299316,-8.8255500793457,"Male"
"9004160",371982,2025-05-26 15:20:11,42.516773223877,-8.82564258575439,"Male"
"9004160",371982,2025-05-26 15:25:11,42.516674041748,-8.82556056976318,"Male"
"9004160",371982,2025-05-26 15:30:11,42.5166549682617,-8.82555198669434,"Male"
"9004160",371982,2025-05-26 15:35:41,42.5174179077148,-8.82519149780273,"Male"
"9004160",371982,2025-05-26 15:40:57,42.5187187194824,-8.82373714447021,"Male"
"9004160",371982,2025-05-26 15:45:55,42.5190353393555,-8.82290077209473,"Male"
"9004160",371982,2025-05-26 15:50:55,42.5201797485352,-8.82302379608154,"Male"
"9004160",371982,2025-05-26 15:55:55,42.5201568603516,-8.8229923248291,"Male"
"9004160",371982,2025-05-26 16:00:55,42.5201263427734,-8.82305717468262,"Male"
"9004160",371982,2025-05-26 16:05:55,42.5201873779297,-8.82306671142578,"Male"
"9004160",371982,2025-05-26 16:10:55,42.5201759338379,-8.8230676651001,"Male"
"9004160",371982,2025-05-26 16:15:55,42.520191192627,-8.82297992706299,"Male"
"9004160",371982,2025-05-26 16:20:58,42.5201263427734,-8.82302188873291,"Male"
"9004160",371982,2025-05-26 16:25:59,42.520149230957,-8.82297897338867,"Male"
"9004160",371982,2025-05-26 16:30:55,42.5200996398926,-8.82298183441162,"Male"
"9004160",371982,2025-05-26 16:35:55,42.5201148986816,-8.82300758361816,"Male"
"9004160",371982,2025-05-26 16:40:57,42.5200347900391,-8.82309436798096,"Male"
"9004160",371982,2025-05-26 16:45:56,42.5198364257812,-8.82294368743896,"Male"
"9004160",371982,2025-05-26 16:51:20,42.5195732116699,-8.82269477844238,"Male"
"9004160",371982,2025-05-26 16:56:19,42.5197677612305,-8.82297801971436,"Male"
"9004160",371982,2025-05-26 17:01:22,42.5197257995605,-8.82304668426514,"Male"
"9004160",371982,2025-05-26 17:06:36,42.5179100036621,-8.82482242584229,"Male"
"9004160",371982,2025-05-26 17:11:40,42.5167274475098,-8.8257884979248,"Male"
"9004160",371982,2025-05-26 17:16:32,42.516773223877,-8.82579517364502,"Male"
"9004160",371982,2025-05-26 17:21:32,42.5167503356934,-8.82576942443848,"Male"
"9004160",371982,2025-05-26 17:26:37,42.5167655944824,-8.82581520080566,"Male"
"9004160",371982,2025-05-26 17:31:32,42.516788482666,-8.82579898834229,"Male"
"9004160",371982,2025-05-26 17:36:32,42.5167808532715,-8.82580757141113,"Male"
"9004160",371982,2025-05-26 17:41:32,42.5165328979492,-8.82576656341553,"Male"
"9004160",371982,2025-05-26 17:46:44,42.5168304443359,-8.82582759857178,"Male"
"9004160",371982,2025-05-26 17:51:37,42.5168609619141,-8.82587623596191,"Male"
"9004160",371982,2025-05-26 17:56:41,42.5167541503906,-8.8257007598877,"Male"
"9004160",371982,2025-05-26 18:01:32,42.5168647766113,-8.8256664276123,"Male"
"9004160",371982,2025-05-26 18:06:45,42.5156021118164,-8.82631778717041,"Male"
"9004160",371982,2025-05-26 18:12:02,42.5134887695312,-8.82825756072998,"Male"
"9004160",371982,2025-05-26 18:17:11,42.5136413574219,-8.83060169219971,"Male"
"9004160",371982,2025-05-26 18:22:09,42.5131149291992,-8.8325138092041,"Male"
"9004160",371982,2025-05-26 18:27:03,42.51904296875,-8.84381198883057,"Male"
"9004160",371982,2025-05-26 18:32:14,42.5189552307129,-8.84421825408936,"Male"
"9004160",371982,2025-05-26 18:37:08,42.5187797546387,-8.84445858001709,"Male"
"9004160",371982,2025-05-26 18:42:08,42.5190734863281,-8.84382724761963,"Male"
"9004160",371982,2025-05-26 18:47:14,42.519157409668,-8.8435115814209,"Male"
"9004160",371982,2025-05-26 18:52:08,42.5096778869629,-8.86347007751465,"Male"
"9004160",371982,2025-05-26 18:57:08,42.4820785522461,-8.92223739624023,"Male"
"9004160",371982,2025-05-26 19:02:10,42.4371490478516,-8.93973350524902,"Male"
"9004160",371982,2025-05-26 19:07:14,42.3995475769043,-8.92193412780762,"Male"
"9004160",371982,2025-05-26 19:12:03,42.3992958068848,-8.92191886901855,"Male"
"9004160",371982,2025-05-26 19:17:06,42.3993377685547,-8.92189979553223,"Male"
"9004160",371982,2025-05-26 19:22:03,42.3993911743164,-8.92193603515625,"Male"
"9004160",371982,2025-05-26 19:27:03,42.399341583252,-8.92195129394531,"Male"
"9004160",371982,2025-05-26 19:33:27,42.3993148803711,-8.92198467254639,"Male"
"9004160",371982,2025-05-26 19:38:28,42.3992919921875,-8.9220027923584,"Male"
"9004160",371982,2025-05-26 19:43:28,42.3993339538574,-8.92199420928955,"Male"
"9004160",371982,2025-05-26 19:48:28,42.3993911743164,-8.92196750640869,"Male"
"9004160",371982,2025-05-26 19:52:34,42.3993949890137,-8.92196464538574,"Male"
"9004160",371982,2025-05-26 19:57:04,42.399284362793,-8.92193794250488,"Male"
"9004160",371982,2025-05-26 20:02:06,42.3994293212891,-8.92193794250488,"Male"
"9004160",371982,2025-05-26 20:07:04,42.3992691040039,-8.92198371887207,"Male"
"9004160",371982,2025-05-26 20:12:03,42.399356842041,-8.92204189300537,"Male"
"9004160",371982,2025-05-26 20:17:04,42.3993682861328,-8.92183780670166,"Male"
"9004160",371982,2025-05-26 20:22:04,42.3993492126465,-8.92196273803711,"Male"
"9004160",371982,2025-05-26 20:27:04,42.3993492126465,-8.92177391052246,"Male"
"9004160",371982,2025-05-26 20:32:04,42.3993148803711,-8.92193508148193,"Male"
"9004160",371982,2025-05-26 20:37:04,42.3992385864258,-8.92199897766113,"Male"
"9004160",371982,2025-05-26 20:42:08,42.3993301391602,-8.92197227478027,"Male"
"9004160",371982,2025-05-26 20:47:14,42.3993873596191,-8.92194366455078,"Male"
"9004160",371982,2025-05-26 20:52:04,42.399341583252,-8.92183971405029,"Male"
"9004160",371982,2025-05-26 20:57:04,42.3993377685547,-8.92194175720215,"Male"
"9004160",371982,2025-05-26 21:02:04,42.3992462158203,-8.92191028594971,"Male"
"9004160",371982,2025-05-26 21:07:09,42.3993682861328,-8.92194747924805,"Male"
"9004160",371982,2025-05-26 21:12:09,42.3995933532715,-8.92207431793213,"Male"
"9004160",371982,2025-05-26 21:17:35,42.3993721008301,-8.92195701599121,"Male"
"9004160",371982,2025-05-26 21:22:07,42.3992881774902,-8.92199420928955,"Male"
"9004160",371982,2025-05-26 21:27:28,42.3993453979492,-8.92196750640869,"Male"
"9004160",371982,2025-05-26 21:32:32,42.3993110656738,-8.92195129394531,"Male"
"9004160",371982,2025-05-26 21:37:25,42.3992614746094,-8.92191982269287,"Male"
"9004160",371982,2025-05-26 21:42:11,42.3993835449219,-8.92193222045898,"Male"
"9004160",371982,2025-05-26 21:47:08,42.3992080688477,-8.92177486419678,"Male"
"9004160",371982,2025-05-26 21:52:08,42.3992118835449,-8.92187690734863,"Male"
"9004160",371982,2025-05-26 21:57:07,42.3993530273438,-8.9218864440918,"Male"
"9004160",371982,2025-05-26 22:02:09,42.3992958068848,-8.92196178436279,"Male"
"9004160",371982,2025-05-26 22:07:09,42.3992233276367,-8.92187786102295,"Male"
"9004160",371982,2025-05-26 22:12:13,42.399242401123,-8.92189311981201,"Male"
"9004160",371982,2025-05-26 22:17:08,42.3995399475098,-8.92189979553223,"Male"
"9004160",371982,2025-05-26 22:22:07,42.3993644714355,-8.92186164855957,"Male"
"9004160",371982,2025-05-26 22:27:07,42.399341583252,-8.92194843292236,"Male"
"9004160",371982,2025-05-26 22:32:07,42.3992462158203,-8.92198181152344,"Male"
"9004160",371982,2025-05-26 22:37:07,42.3992805480957,-8.92193603515625,"Male"
"9004160",371982,2025-05-26 22:42:07,42.3993682861328,-8.92196941375732,"Male"
"9004160",371982,2025-05-26 22:47:31,42.3993072509766,-8.92198753356934,"Male"
"9004160",371982,2025-05-26 22:52:04,42.399341583252,-8.92197036743164,"Male"
"9004160",371982,2025-05-26 22:57:06,42.3994674682617,-8.92192459106445,"Male"
"9004160",371982,2025-05-26 23:02:09,42.3993530273438,-8.92198181152344,"Male"
"9004160",371982,2025-05-26 23:07:06,42.3992576599121,-8.92200660705566,"Male"
"9004160",371982,2025-05-26 23:12:04,42.3991394042969,-8.92192649841309,"Male"
"9004160",371982,2025-05-26 23:17:04,42.3991622924805,-8.92197132110596,"Male"
"9004160",371982,2025-05-26 23:22:06,42.3992347717285,-8.921950340271,"Male"
"9004160",371982,2025-05-26 23:27:04,42.3992233276367,-8.92196655273438,"Male"
"9004160",371982,2025-05-26 23:32:14,42.3993644714355,-8.9219331741333,"Male"
"9004160",371982,2025-05-26 23:37:07,42.3992347717285,-8.92187309265137,"Male"
"9004160",371982,2025-05-26 23:42:04,42.3993072509766,-8.92187213897705,"Male"
"9004160",371982,2025-05-26 23:47:06,42.3993644714355,-8.92190647125244,"Male"
"9004160",371982,2025-05-26 23:52:07,42.3993377685547,-8.92200946807861,"Male"
"9004160",371982,2025-05-26 23:57:09,42.3992462158203,-8.92183685302734,"Male"
"9004160",371982,2025-05-27 00:02:07,42.3992958068848,-8.92198371887207,"Male"
"9004160",371982,2025-05-27 00:07:07,42.399299621582,-8.92241954803467,"Male"
"9004160",371982,2025-05-27 00:12:09,42.3991851806641,-8.92228889465332,"Male"
"9004160",371982,2025-05-27 00:17:12,42.3991889953613,-8.92190933227539,"Male"
"9004160",371982,2025-05-27 00:22:17,42.399356842041,-8.9222936630249,"Male"
"9004160",371982,2025-05-27 00:27:14,42.3992652893066,-8.92213153839111,"Male"
"9004160",371982,2025-05-27 00:32:14,42.3988304138184,-8.92112255096436,"Male"
"9004160",371982,2025-05-27 00:37:35,42.3991241455078,-8.92195224761963,"Male"
"9004160",371982,2025-05-27 00:42:08,42.3993072509766,-8.92198753356934,"Male"
"9004160",371982,2025-05-27 00:47:09,42.3991355895996,-8.92195320129395,"Male"
"9004160",371982,2025-05-27 00:52:17,42.399284362793,-8.92199420928955,"Male"
"9004160",371982,2025-05-27 00:57:08,42.3992462158203,-8.92201995849609,"Male"
"9004160",371982,2025-05-27 01:02:12,42.3993034362793,-8.92198467254639,"Male"
"9004160",371982,2025-05-27 01:08:12,42.3991203308105,-8.92188167572021,"Male"
"9004160",371982,2025-05-27 01:13:28,42.3991775512695,-8.92189598083496,"Male"
"9004160",371982,2025-05-27 01:18:28,42.3991661071777,-8.92186164855957,"Male"
"9004160",371982,2025-05-27 01:22:04,42.3992691040039,-8.92189979553223,"Male"
"9004160",371982,2025-05-27 01:27:10,42.3991775512695,-8.92184257507324,"Male"
"9004160",371982,2025-05-27 01:32:14,42.3992156982422,-8.92190456390381,"Male"
"9004160",371982,2025-05-27 01:37:09,42.3993759155273,-8.92189788818359,"Male"
"9004160",371982,2025-05-27 01:42:08,42.3992881774902,-8.92180633544922,"Male"
"9004160",371982,2025-05-27 01:47:06,42.399227142334,-8.92186641693115,"Male"
"9004160",371982,2025-05-27 01:52:09,42.399284362793,-8.92181587219238,"Male"
"9004160",371982,2025-05-27 01:57:08,42.3993034362793,-8.92182922363281,"Male"
"9004160",371982,2025-05-27 02:02:04,42.3992919921875,-8.92190074920654,"Male"
"9004160",371982,2025-05-27 02:07:09,42.3992500305176,-8.92188453674316,"Male"
"9004160",371982,2025-05-27 02:12:34,42.3992309570312,-8.92193984985352,"Male"
"9004160",371982,2025-05-27 02:17:06,42.3992462158203,-8.9220142364502,"Male"
"9004160",371982,2025-05-27 02:22:07,42.3993225097656,-8.92193508148193,"Male"
"9004160",371982,2025-05-27 02:27:06,42.3994674682617,-8.9220609664917,"Male"
"9004160",371982,2025-05-27 02:32:07,42.3992919921875,-8.92191028594971,"Male"
"9004160",371982,2025-05-27 02:37:05,42.3994026184082,-8.92199611663818,"Male"
"9004160",371982,2025-05-27 02:42:10,42.3993339538574,-8.92196178436279,"Male"
"9004160",371982,2025-05-27 02:47:09,42.3993110656738,-8.92189407348633,"Male"
"9004160",371982,2025-05-27 02:52:09,42.3992958068848,-8.92187023162842,"Male"
"9004160",371982,2025-05-27 02:57:08,42.3993988037109,-8.92202186584473,"Male"
"9004160",371982,2025-05-27 03:02:09,42.3992881774902,-8.92192459106445,"Male"
"9004160",371982,2025-05-27 03:07:09,42.3992118835449,-8.92190933227539,"Male"
"9004160",371982,2025-05-27 03:12:44,42.399299621582,-8.92189121246338,"Male"
"9004160",371982,2025-05-27 03:17:04,42.3991546630859,-8.92181968688965,"Male"
"9004160",371982,2025-05-27 03:22:06,42.3991851806641,-8.92172908782959,"Male"
"9004160",371982,2025-05-27 03:27:04,42.399341583252,-8.92190265655518,"Male"
"9004160",371982,2025-05-27 03:32:04,42.3992881774902,-8.92187786102295,"Male"
"9004160",371982,2025-05-27 03:37:04,42.3990669250488,-8.92177581787109,"Male"
"9004160",371982,2025-05-27 03:42:33,42.3992500305176,-8.92189502716064,"Male"
"9004160",371982,2025-05-27 03:47:06,42.3992691040039,-8.9219274520874,"Male"
"9004160",371982,2025-05-27 03:52:04,42.3992958068848,-8.92194080352783,"Male"
"9004160",371982,2025-05-27 03:57:04,42.399299621582,-8.92191028594971,"Male"
"9004160",371982,2025-05-27 04:02:04,42.3993148803711,-8.92197799682617,"Male"
"9004160",371982,2025-05-27 04:07:06,42.3993339538574,-8.92196369171143,"Male"
"9004160",371982,2025-05-27 04:12:04,42.3992080688477,-8.9219331741333,"Male"
"9004160",371982,2025-05-27 04:17:10,42.3997535705566,-8.92185211181641,"Male"
"9004160",371982,2025-05-27 04:22:28,42.3992958068848,-8.92198944091797,"Male"
"9004160",371982,2025-05-27 04:27:44,42.3992805480957,-8.9219799041748,"Male"
"9004160",371982,2025-05-27 04:33:28,42.3991584777832,-8.92202281951904,"Male"
"9004160",371982,2025-05-27 04:37:55,42.3991813659668,-8.92200946807861,"Male"
"9004160",371982,2025-05-27 04:42:34,42.3991470336914,-8.9219856262207,"Male"
"9004160",371982,2025-05-27 04:47:10,42.3991165161133,-8.92201042175293,"Male"
"9004160",371982,2025-05-27 04:52:23,42.3990058898926,-8.92206192016602,"Male"
"9004160",371982,2025-05-27 04:57:10,42.3991088867188,-8.92203712463379,"Male"
"9004160",371982,2025-05-27 05:02:04,42.3991584777832,-8.92200946807861,"Male"
"9004160",371982,2025-05-27 05:07:06,42.3992385864258,-8.92200660705566,"Male"
"9004160",371982,2025-05-27 05:12:07,42.399242401123,-8.92199420928955,"Male"
"9004160",371982,2025-05-27 05:17:22,42.3991737365723,-8.92200660705566,"Male"
"9004160",371982,2025-05-27 05:22:19,42.3992156982422,-8.9219856262207,"Male"
"9004160",371982,2025-05-27 05:27:35,42.3992767333984,-8.92196464538574,"Male"
"9004160",371982,2025-05-27 05:32:12,42.3993186950684,-8.92197418212891,"Male"
"9004160",371982,2025-05-27 05:37:04,42.3992614746094,-8.92188930511475,"Male"
"9004160",371982,2025-05-27 05:42:08,42.3993034362793,-8.92202186584473,"Male"
"9004160",371982,2025-05-27 05:47:06,42.3977317810059,-8.92025661468506,"Male"
"9004160",371982,2025-05-27 05:52:05,42.3975944519043,-8.92020606994629,"Male"
"9004160",371982,2025-05-27 05:57:06,42.3977279663086,-8.92027473449707,"Male"
"9004160",371982,2025-05-27 06:02:07,42.3978004455566,-8.92022514343262,"Male"
"9004160",371982,2025-05-27 06:07:07,42.3976707458496,-8.92028522491455,"Male"
"9004160",371982,2025-05-27 06:12:09,42.3976898193359,-8.92027378082275,"Male"
"9004160",371982,2025-05-27 06:17:07,42.3976783752441,-8.92025947570801,"Male"
"9004160",371982,2025-05-27 06:22:07,42.3976936340332,-8.92027187347412,"Male"
"9004160",371982,2025-05-27 06:27:08,42.3977088928223,-8.92030620574951,"Male"
"9004160",371982,2025-05-27 06:32:07,42.3976974487305,-8.92032814025879,"Male"
"9004160",371982,2025-05-27 06:37:17,42.4025230407715,-8.90047836303711,"Male"
"9004160",371982,2025-05-27 06:43:19,42.4042358398438,-8.89506244659424,"Male"
"9004160",371982,2025-05-27 06:48:09,42.4036712646484,-8.89450836181641,"Male"
"9004160",371982,2025-05-27 06:53:35,42.4366302490234,-8.91118621826172,"Male"
"9004160",371982,2025-05-27 06:58:06,42.4613418579102,-8.94178009033203,"Male"
"9004160",371982,2025-05-27 07:03:05,42.483829498291,-8.92591190338135,"Male"
"9004160",371982,2025-05-27 07:08:06,42.4897003173828,-8.91102504730225,"Male"
"9004160",371982,2025-05-27 07:13:07,42.4897384643555,-8.91104412078857,"Male"
"9004160",371982,2025-05-27 07:18:06,42.4936408996582,-8.901535987854,"Male"
"9004160",371982,2025-05-27 07:23:06,42.50634765625,-8.86810684204102,"Male"
"9004160",371982,2025-05-27 07:28:05,42.5182037353516,-8.8252010345459,"Male"
"9004160",371982,2025-05-27 07:33:41,42.5186424255371,-8.82387733459473,"Male"
"9004160",371982,2025-05-27 07:38:40,42.5193290710449,-8.82339859008789,"Male"
"9004160",371982,2025-05-27 07:44:11,42.5186500549316,-8.82266235351562,"Male"
"9004160",371982,2025-05-27 07:49:08,42.5187644958496,-8.82359409332275,"Male"
"9004160",371982,2025-05-27 07:54:07,42.5179023742676,-8.8252534866333,"Male"
"9004160",371982,2025-05-27 07:59:08,42.5165023803711,-8.82686233520508,"Male"
"9004160",371982,2025-05-27 08:04:36,42.5171508789062,-8.82909107208252,"Male"
"9004160",371982,2025-05-27 08:09:37,42.5176086425781,-8.82925128936768,"Male"
"9004160",371982,2025-05-27 08:14:37,42.5176124572754,-8.82923889160156,"Male"
"9004160",371982,2025-05-27 08:19:32,42.5177574157715,-8.82947254180908,"Male"
"9004160",371982,2025-05-27 08:24:38,42.5176239013672,-8.82921600341797,"Male"
"9004160",371982,2025-05-27 08:29:37,42.5176315307617,-8.82924270629883,"Male"
"9004160",371982,2025-05-27 08:34:44,42.517635345459,-8.82923603057861,"Male"
"9004160",371982,2025-05-27 08:39:32,42.5177764892578,-8.82933902740479,"Male"
"9004160",371982,2025-05-27 08:44:32,42.518482208252,-8.82948398590088,"Male"
"9004160",371982,2025-05-27 08:49:40,42.5175857543945,-8.82925891876221,"Male"
"9004160",371982,2025-05-27 08:54:32,42.5175971984863,-8.82931709289551,"Male"
"9004160",371982,2025-05-27 08:59:38,42.5176162719727,-8.82936000823975,"Male"
"9004160",371982,2025-05-27 09:04:36,42.5176124572754,-8.82934474945068,"Male"
"9004160",371982,2025-05-27 09:09:32,42.5175933837891,-8.8294095993042,"Male"
"9004160",371982,2025-05-27 09:14:32,42.5176620483398,-8.82954216003418,"Male"
"9004160",371982,2025-05-27 09:19:32,42.5175704956055,-8.82934951782227,"Male"
"9004160",371982,2025-05-27 09:24:39,42.5175743103027,-8.82933616638184,"Male"
"9004160",371982,2025-05-27 09:29:32,42.5175971984863,-8.8294095993042,"Male"
"9004160",371982,2025-05-27 09:34:38,42.5175895690918,-8.82945442199707,"Male"
"9004160",371982,2025-05-27 09:39:39,42.5175933837891,-8.82944679260254,"Male"
"9004160",371982,2025-05-27 09:44:40,42.5178527832031,-8.82945823669434,"Male"
"9004160",371982,2025-05-27 10:01:36,42.5175361633301,-8.82931709289551,"Male"
"9004160",371982,2025-05-27 10:05:54,42.5175399780273,-8.82929039001465,"Male"
"9004160",371982,2025-05-27 10:10:54,42.5175361633301,-8.82930755615234,"Male"
"9004160",371982,2025-05-27 10:15:54,42.5175018310547,-8.82931232452393,"Male"
"9004160",371982,2025-05-27 10:20:52,42.5175437927246,-8.82931995391846,"Male"
"9004160",371982,2025-05-27 10:25:54,42.5175323486328,-8.82932662963867,"Male"
"9004160",371982,2025-05-27 10:30:54,42.5174980163574,-8.82935428619385,"Male"
"9004160",371982,2025-05-27 10:35:54,42.5174942016602,-8.82937908172607,"Male"
"9004160",371982,2025-05-27 10:40:54,42.5175399780273,-8.82933330535889,"Male"
"9004160",371982,2025-05-27 10:45:57,42.5175018310547,-8.82936859130859,"Male"
"9004160",371982,2025-05-27 10:50:58,42.5174903869629,-8.82938861846924,"Male"
"9004160",371982,2025-05-27 10:55:57,42.517463684082,-8.82941436767578,"Male"
"9004160",371982,2025-05-27 11:01:05,42.5175704956055,-8.82929801940918,"Male"
"9004160",371982,2025-05-27 11:05:46,42.5176086425781,-8.82938194274902,"Male"
"9004160",371982,2025-05-27 11:10:53,42.5170783996582,-8.82813835144043,"Male"
"9004160",371982,2025-05-27 11:15:52,42.516357421875,-8.82766056060791,"Male"
"9004160",371982,2025-05-27 11:21:24,42.5174255371094,-8.82906913757324,"Male"
"9004160",371982,2025-05-27 11:27:09,42.5178489685059,-8.82949161529541,"Male"
"9004160",371982,2025-05-27 11:32:18,42.517635345459,-8.82932090759277,"Male"
"9004160",371982,2025-05-27 11:37:25,42.5177574157715,-8.82940196990967,"Male"
"9004160",371982,2025-05-27 11:42:07,42.5176277160645,-8.82937431335449,"Male"
"9004160",371982,2025-05-27 11:47:08,42.5176811218262,-8.82939338684082,"Male"
"9004160",371982,2025-05-27 11:52:08,42.5176658630371,-8.82938098907471,"Male"
"9004160",371982,2025-05-27 11:57:10,42.5180397033691,-8.83052825927734,"Male"
"9004160",371982,2025-05-27 12:02:18,42.5175857543945,-8.82924556732178,"Male"
"9004160",371982,2025-05-27 12:07:17,42.5175933837891,-8.82924270629883,"Male"
"9004160",371982,2025-05-27 12:12:18,42.5175666809082,-8.82922172546387,"Male"
"9004160",371982,2025-05-27 12:43:41,42.5186195373535,-8.82990455627441,"Male"
"9004160",371982,2025-05-27 12:48:59,42.5208015441895,-8.82961368560791,"Male"
"9004160",371982,2025-05-27 12:53:39,42.5207977294922,-8.82970237731934,"Male"
"9004160",371982,2025-05-27 12:58:39,42.5206718444824,-8.82962703704834,"Male"
"9004160",371982,2025-05-27 13:03:39,42.5207290649414,-8.82963180541992,"Male"
"9004160",371982,2025-05-27 13:08:39,42.5208702087402,-8.82965087890625,"Male"
"9004160",371982,2025-05-27 13:13:39,42.5207443237305,-8.82961463928223,"Male"
"9004160",371982,2025-05-27 13:18:45,42.5205383300781,-8.82956504821777,"Male"
"9004160",371982,2025-05-27 13:23:30,42.5202789306641,-8.83009624481201,"Male"
"9004160",371982,2025-05-27 13:28:32,42.520191192627,-8.83026695251465,"Male"
"9004160",371982,2025-05-27 13:33:34,42.5206260681152,-8.82942867279053,"Male"
"9004160",371982,2025-05-27 13:38:32,42.5205879211426,-8.82942390441895,"Male"
"9004160",371982,2025-05-27 13:43:33,42.5204544067383,-8.82964515686035,"Male"
"9004160",371982,2025-05-27 14:09:45,42.5176734924316,-8.83394050598145,"Male"
"9004160",371982,2025-05-27 14:14:08,42.5170593261719,-8.83415412902832,"Male"
"9004160",371982,2025-05-27 14:19:07,42.5179672241211,-8.8347806930542,"Male"
"9004160",371982,2025-05-27 14:24:11,42.5183792114258,-8.84278869628906,"Male"
"9004160",371982,2025-05-27 14:29:08,42.5187110900879,-8.84316539764404,"Male"
"9004160",371982,2025-05-27 14:34:35,42.5192222595215,-8.84329986572266,"Male"
"9004160",371982,2025-05-27 14:39:05,42.5192756652832,-8.84329700469971,"Male"
"9004160",371982,2025-05-27 14:44:05,42.5193023681641,-8.84335708618164,"Male"
"9004160",371982,2025-05-27 14:49:05,42.5193405151367,-8.84330368041992,"Male"
"9004160",371982,2025-05-27 14:54:06,42.5192794799805,-8.84334087371826,"Male"
"9004160",371982,2025-05-27 14:59:43,42.5182876586914,-8.84461498260498,"Male"
"9004160",371982,2025-05-27 15:04:33,42.517261505127,-8.84502220153809,"Male"
"9004160",371982,2025-05-27 15:09:39,42.5173759460449,-8.84499931335449,"Male"
"9004160",371982,2025-05-27 15:14:33,42.517333984375,-8.84498882293701,"Male"
"9004160",371982,2025-05-27 15:19:33,42.517261505127,-8.84503936767578,"Male"
"9004160",371982,2025-05-27 15:24:34,42.5174026489258,-8.84513092041016,"Male"
"9004160",371982,2025-05-27 15:29:33,42.5172691345215,-8.84506225585938,"Male"
"9004160",371982,2025-05-27 15:34:33,42.5172576904297,-8.84506034851074,"Male"
"9004160",371982,2025-05-27 15:39:36,42.5173454284668,-8.84509754180908,"Male"
"9004160",371982,2025-05-27 15:44:33,42.5174217224121,-8.84508037567139,"Male"
"9004160",371982,2025-05-27 15:49:33,42.517276763916,-8.84503650665283,"Male"
"9004160",371982,2025-05-27 15:54:33,42.5172576904297,-8.84505844116211,"Male"
"9004160",371982,2025-05-27 15:59:33,42.517333984375,-8.84504413604736,"Male"
"9004160",371982,2025-05-27 16:04:45,42.5173416137695,-8.8450984954834,"Male"
"9004160",371982,2025-05-27 16:09:33,42.5016860961914,-8.86276149749756,"Male"
"9004160",371982,2025-05-27 16:14:33,42.4880065917969,-8.90837669372559,"Male"
"9004160",371982,2025-05-27 16:19:33,42.4805221557617,-8.93645858764648,"Male"
"9004160",371982,2025-05-27 16:24:34,42.4804611206055,-8.93637275695801,"Male"
"9004160",371982,2025-05-27 16:29:33,42.4717559814453,-8.94178104400635,"Male"
"9004160",371982,2025-05-27 16:34:39,42.4154891967773,-8.92580795288086,"Male"
"9004160",371982,2025-05-27 16:40:57,42.398868560791,-8.92202949523926,"Male"
"9004160",371982,2025-05-27 16:44:51,42.3990898132324,-8.92196273803711,"Male"
"9004160",371982,2025-05-27 16:49:47,42.3991012573242,-8.92195987701416,"Male"
"9004160",371982,2025-05-27 16:54:44,42.3991813659668,-8.92190265655518,"Male"
"9004160",371982,2025-05-27 16:59:33,42.3992614746094,-8.9219799041748,"Male"
"9004160",371982,2025-05-27 17:04:33,42.399242401123,-8.9223165512085,"Male"
"9004160",371982,2025-05-27 17:09:36,42.3992614746094,-8.9218282699585,"Male"
"9004160",371982,2025-05-27 17:14:46,42.3991813659668,-8.92190170288086,"Male"
"9004160",371982,2025-05-27 17:19:38,42.3991394042969,-8.92187309265137,"Male"
"9004160",371982,2025-05-27 17:24:33,42.3993721008301,-8.92234230041504,"Male"
"9004160",371982,2025-05-27 17:29:34,42.3994941711426,-8.92192649841309,"Male"
"9004160",371982,2025-05-27 17:34:34,42.3992004394531,-8.92192363739014,"Male"
"9004160",371982,2025-05-27 17:39:33,42.3995628356934,-8.92256832122803,"Male"
"9004160",371982,2025-05-27 17:44:38,42.3990364074707,-8.92197799682617,"Male"
"9004160",371982,2025-05-27 17:50:05,42.3990859985352,-8.92197322845459,"Male"
"9004160",371982,2025-05-27 17:54:36,42.3990821838379,-8.92196559906006,"Male"
"9004160",371982,2025-05-27 17:59:36,42.3990783691406,-8.92192649841309,"Male"
"9004160",371982,2025-05-27 18:04:33,42.3990783691406,-8.92151832580566,"Male"
"9004160",371982,2025-05-27 18:09:34,42.3993759155273,-8.92198657989502,"Male"
"9004160",371982,2025-05-27 18:14:34,42.3993377685547,-8.92198181152344,"Male"
"9004160",371982,2025-05-27 18:19:36,42.3994178771973,-8.92199039459229,"Male"
"9004160",371982,2025-05-27 18:24:39,42.3993225097656,-8.92199611663818,"Male"
"9004160",371982,2025-05-27 18:29:39,42.3993644714355,-8.92198944091797,"Male"
"9004160",371982,2025-05-27 18:34:38,42.3993148803711,-8.92200660705566,"Male"
"9004160",371982,2025-05-27 18:39:37,42.3993835449219,-8.92210960388184,"Male"
"9004160",371982,2025-05-27 18:44:37,42.3993186950684,-8.92197513580322,"Male"
"9004160",371982,2025-05-27 18:49:37,42.3990859985352,-8.92198276519775,"Male"
"9004160",371982,2025-05-27 18:54:38,42.3992004394531,-8.92201232910156,"Male"
"9004160",371982,2025-05-27 18:59:42,42.3989067077637,-8.92199039459229,"Male"
"9004160",371982,2025-05-27 19:04:36,42.3990020751953,-8.92204761505127,"Male"
"9004160",371982,2025-05-27 19:09:41,42.3986892700195,-8.92202758789062,"Male"
"9004160",371982,2025-05-27 19:14:34,42.3989486694336,-8.92206001281738,"Male"
"9004160",371982,2025-05-27 19:19:36,42.3987350463867,-8.92208957672119,"Male"
"9004160",371982,2025-05-27 19:24:37,42.3992767333984,-8.92220401763916,"Male"
"9004160",371982,2025-05-27 19:29:34,42.3993034362793,-8.92221641540527,"Male"
"9004160",371982,2025-05-27 19:34:49,42.399543762207,-8.92211055755615,"Male"
"9004160",371982,2025-05-27 19:39:47,42.399730682373,-8.92210578918457,"Male"
"9004160",371982,2025-05-27 19:44:37,42.3997039794922,-8.92214584350586,"Male"
"9004160",371982,2025-05-27 19:49:36,42.4000663757324,-8.92212772369385,"Male"
"9004160",371982,2025-05-27 19:54:37,42.3999862670898,-8.92220306396484,"Male"
"9004160",371982,2025-05-27 20:00:01,42.3994064331055,-8.92181015014648,"Male"
"9004160",371982,2025-05-27 20:05:25,42.399097442627,-8.92190456390381,"Male"
"9004160",371982,2025-05-27 20:10:05,42.3991088867188,-8.92191982269287,"Male"
"9004160",371982,2025-05-27 20:14:36,42.3990516662598,-8.92194747924805,"Male"
"9004160",371982,2025-05-27 20:19:33,42.3992309570312,-8.92191982269287,"Male"
"9004160",371982,2025-05-27 20:24:33,42.3991851806641,-8.92183113098145,"Male"
"9004160",371982,2025-05-27 20:29:33,42.3992080688477,-8.92199516296387,"Male"
"9004160",371982,2025-05-27 20:34:33,42.3998870849609,-8.92210865020752,"Male"
"9004160",371982,2025-05-27 20:39:37,42.3996772766113,-8.92179298400879,"Male"
"9004160",371982,2025-05-27 20:44:33,42.3995933532715,-8.92241764068604,"Male"
"9004160",371982,2025-05-27 20:49:44,42.3993873596191,-8.92200660705566,"Male"
"9004160",371982,2025-05-27 20:54:33,42.3991584777832,-8.92221546173096,"Male"
"9004160",371982,2025-05-27 20:59:33,42.3992538452148,-8.92221164703369,"Male"
"9004160",371982,2025-05-27 21:04:33,42.399356842041,-8.92238426208496,"Male"
"9004160",371982,2025-05-27 21:09:34,42.3994750976562,-8.92199516296387,"Male"
"9004160",371982,2025-05-27 21:14:48,42.3992156982422,-8.92190074920654,"Male"
"9004160",371982,2025-05-27 21:19:54,42.3993034362793,-8.92197704315186,"Male"
"9004160",371982,2025-05-27 21:24:36,42.399284362793,-8.92200088500977,"Male"
"9004160",371982,2025-05-27 21:29:41,42.3992347717285,-8.92193794250488,"Male"
"9004160",371982,2025-05-27 21:34:37,42.3992805480957,-8.92194271087646,"Male"
"9004160",371982,2025-05-27 21:39:39,42.3991432189941,-8.92200946807861,"Male"
"9004160",371982,2025-05-27 21:44:39,42.3991432189941,-8.92183494567871,"Male"
"9004160",371982,2025-05-27 21:50:07,42.3994445800781,-8.92202758789062,"Male"
"9004160",371982,2025-05-27 21:54:39,42.3991241455078,-8.92197608947754,"Male"
"9004160",371982,2025-05-27 21:59:34,42.3992805480957,-8.92199325561523,"Male"
"9004160",371982,2025-05-27 22:05:58,42.3990898132324,-8.92197132110596,"Male"
"9004160",371982,2025-05-27 22:09:33,42.3992767333984,-8.92190456390381,"Male"
"9004160",371982,2025-05-27 22:14:33,42.3992042541504,-8.92196273803711,"Male"
"9004160",371982,2025-05-27 22:19:36,42.3992195129395,-8.9220027923584,"Male"
"9004160",371982,2025-05-27 22:24:36,42.399227142334,-8.92197227478027,"Male"
"9004160",371982,2025-05-27 22:29:36,42.3991432189941,-8.92197513580322,"Male"
"9004160",371982,2025-05-27 22:35:02,42.3992233276367,-8.92198371887207,"Male"
"9004160",371982,2025-05-27 22:39:33,42.3993186950684,-8.9220142364502,"Male"
"9004160",371982,2025-05-27 22:44:33,42.3994445800781,-8.92199230194092,"Male"
"9004160",371982,2025-05-27 22:49:44,42.3993721008301,-8.92198181152344,"Male"
"9004160",371982,2025-05-27 22:54:36,42.3992958068848,-8.92193603515625,"Male"
"9004160",371982,2025-05-27 22:59:36,42.3995780944824,-8.921950340271,"Male"
"9004160",371982,2025-05-27 23:04:36,42.3995590209961,-8.9219388961792,"Male"
"9004160",371982,2025-05-27 23:09:38,42.3993148803711,-8.9219913482666,"Male"
"9004160",371982,2025-05-27 23:14:44,42.3993492126465,-8.92198085784912,"Male"
"9004160",371982,2025-05-27 23:19:41,42.3994483947754,-8.92200756072998,"Male"
"9004160",371982,2025-05-27 23:25:02,42.3992652893066,-8.92195606231689,"Male"
"9004160",371982,2025-05-27 23:29:33,42.399299621582,-8.92202758789062,"Male"
"9004160",371982,2025-05-27 23:34:33,42.3993034362793,-8.92200374603271,"Male"
"9004160",371982,2025-05-27 23:39:36,42.3992233276367,-8.92223072052002,"Male"
"9004160",371982,2025-05-27 23:44:34,42.3994178771973,-8.92195701599121,"Male"
"9004160",371982,2025-05-27 23:49:34,42.3994255065918,-8.92201232910156,"Male"
"9004160",371982,2025-05-27 23:54:34,42.3994407653809,-8.92192077636719,"Male"
"9004160",371982,2025-05-27 23:59:36,42.3994216918945,-8.92199420928955,"Male"
"9004160",371982,2025-05-28 00:04:37,42.3993949890137,-8.92192459106445,"Male"
"9004160",371982,2025-05-28 00:09:37,42.3993606567383,-8.92197704315186,"Male"
"9004160",371982,2025-05-28 00:14:41,42.3991012573242,-8.92186450958252,"Male"
"9004160",371982,2025-05-28 00:20:53,42.3992500305176,-8.92193984985352,"Male"
"9004160",371982,2025-05-28 00:24:36,42.399341583252,-8.9219217300415,"Male"
"9004160",371982,2025-05-28 00:29:40,42.3992080688477,-8.92194557189941,"Male"
"9004160",371982,2025-05-28 00:34:38,42.3992233276367,-8.92195224761963,"Male"
"9004160",371982,2025-05-28 00:39:34,42.3992500305176,-8.9219446182251,"Male"
"9004160",371982,2025-05-28 00:44:34,42.3991928100586,-8.92192077636719,"Male"
"9004160",371982,2025-05-28 00:49:34,42.3992080688477,-8.92194843292236,"Male"
"9004160",371982,2025-05-28 00:54:41,42.3992347717285,-8.92191600799561,"Male"
"9004160",371982,2025-05-28 00:59:33,42.3992042541504,-8.92186069488525,"Male"
"9004160",371982,2025-05-28 01:04:36,42.3991737365723,-8.92186164855957,"Male"
"9004160",371982,2025-05-28 01:09:35,42.399097442627,-8.9218168258667,"Male"
"9004160",371982,2025-05-28 01:14:35,42.3992156982422,-8.92186450958252,"Male"
"9004160",371982,2025-05-28 01:19:35,42.3992080688477,-8.92187118530273,"Male"
"9004160",371982,2025-05-28 01:24:33,42.3991317749023,-8.92179393768311,"Male"
"9004160",371982,2025-05-28 01:29:35,42.3991317749023,-8.9218053817749,"Male"
"9004160",371982,2025-05-28 01:34:37,42.3993263244629,-8.92192268371582,"Male"
"9004160",371982,2025-05-28 01:39:41,42.3993034362793,-8.92193603515625,"Male"
"9004160",371982,2025-05-28 01:44:36,42.3992233276367,-8.92183971405029,"Male"
"9004160",371982,2025-05-28 01:49:39,42.3992042541504,-8.92190647125244,"Male"
"9004160",371982,2025-05-28 01:54:44,42.3993682861328,-8.92190933227539,"Male"
"9004160",371982,2025-05-28 02:00:05,42.3992652893066,-8.92195892333984,"Male"
"9004160",371982,2025-05-28 02:04:52,42.3993072509766,-8.92192935943604,"Male"
"9004160",371982,2025-05-28 02:10:58,42.399356842041,-8.92191886901855,"Male"
"9004160",371982,2025-05-28 02:15:03,42.3993606567383,-8.92190647125244,"Male"
"9004160",371982,2025-05-28 02:19:36,42.3992385864258,-8.92190742492676,"Male"
"9004160",371982,2025-05-28 02:24:33,42.3992729187012,-8.92188453674316,"Male"
"9004160",371982,2025-05-28 02:29:33,42.3992195129395,-8.92178821563721,"Male"
"9004160",371982,2025-05-28 02:34:35,42.3992500305176,-8.92191410064697,"Male"
"9004160",371982,2025-05-28 02:39:33,42.399242401123,-8.92189407348633,"Male"
"9004160",371982,2025-05-28 02:44:33,42.3992462158203,-8.92184543609619,"Male"
"9004160",371982,2025-05-28 02:49:38,42.3993225097656,-8.92189311981201,"Male"
"9004160",371982,2025-05-28 02:54:40,42.399227142334,-8.92190456390381,"Male"
"9004160",371982,2025-05-28 02:59:37,42.3993721008301,-8.92193412780762,"Male"
"9004160",371982,2025-05-28 03:04:39,42.3991966247559,-8.92187595367432,"Male"
"9004160",371982,2025-05-28 03:10:05,42.3993530273438,-8.92192840576172,"Male"
"9004160",371982,2025-05-28 03:14:36,42.3993072509766,-8.9219446182251,"Male"
"9004160",371982,2025-05-28 03:19:33,42.3994445800781,-8.9219388961792,"Male"
"9004160",371982,2025-05-28 03:24:33,42.3994369506836,-8.92192268371582,"Male"
"9004160",371982,2025-05-28 03:29:36,42.3993186950684,-8.92199230194092,"Male"
"9004160",371982,2025-05-28 03:34:37,42.3993682861328,-8.92195701599121,"Male"
"9004160",371982,2025-05-28 03:39:34,42.3993148803711,-8.92187118530273,"Male"
"9004160",371982,2025-05-28 03:44:51,42.3993110656738,-8.9219331741333,"Male"
"9004160",371982,2025-05-28 03:49:42,42.3993148803711,-8.9219274520874,"Male"
"9004160",371982,2025-05-28 03:54:33,42.3994407653809,-8.92192840576172,"Male"
"9004160",371982,2025-05-28 03:59:37,42.3993721008301,-8.9219799041748,"Male"
"9004160",371982,2025-05-28 04:04:35,42.3993949890137,-8.92188835144043,"Male"
"9004160",371982,2025-05-28 04:10:58,42.3996124267578,-8.92191791534424,"Male"
"9004160",371982,2025-05-28 04:15:09,42.3996238708496,-8.92194652557373,"Male"
"9004160",371982,2025-05-28 04:19:36,42.3995475769043,-8.92196178436279,"Male"
"9004160",371982,2025-05-28 04:24:36,42.399471282959,-8.92196559906006,"Male"
"9004160",371982,2025-05-28 04:29:47,42.3992767333984,-8.92195129394531,"Male"
"9004160",371982,2025-05-28 04:34:37,42.3992805480957,-8.92198276519775,"Male"
"9004160",371982,2025-05-28 04:39:37,42.3993721008301,-8.92192935943604,"Male"
"9004160",371982,2025-05-28 04:44:35,42.3994979858398,-8.92190265655518,"Male"
"9004160",371982,2025-05-28 04:50:05,42.3993644714355,-8.92199039459229,"Male"
"9004160",371982,2025-05-28 04:54:37,42.399356842041,-8.9219799041748,"Male"
"9004160",371982,2025-05-28 04:59:33,42.3993759155273,-8.92208671569824,"Male"
"9004160",371982,2025-05-28 05:04:35,42.3992614746094,-8.92195320129395,"Male"
"9004160",371982,2025-05-28 05:09:34,42.3992919921875,-8.92180061340332,"Male"
"9004160",371982,2025-05-28 05:14:35,42.3994369506836,-8.92199230194092,"Male"
"9004160",371982,2025-05-28 05:19:38,42.3994102478027,-8.9219856262207,"Male"
"9004160",371982,2025-05-28 05:24:33,42.3994979858398,-8.9219274520874,"Male"
"9004160",371982,2025-05-28 05:29:35,42.399471282959,-8.92193794250488,"Male"
"9004160",371982,2025-05-28 05:34:44,42.3994216918945,-8.92196559906006,"Male"
"9004160",371982,2025-05-28 05:39:35,42.3993721008301,-8.92197513580322,"Male"
"9004160",371982,2025-05-28 05:44:36,42.3977928161621,-8.92005729675293,"Male"
"9004160",371982,2025-05-28 05:49:35,42.3975486755371,-8.92002391815186,"Male"
"9004160",371982,2025-05-28 05:54:35,42.397819519043,-8.92022132873535,"Male"
"9004160",371982,2025-05-28 05:59:37,42.3978996276855,-8.92018604278564,"Male"
"9004160",371982,2025-05-28 06:04:35,42.3977203369141,-8.92019557952881,"Male"
"9004160",371982,2025-05-28 06:09:33,42.3977355957031,-8.92018699645996,"Male"
"9004160",371982,2025-05-28 06:14:33,42.3977432250977,-8.92020130157471,"Male"
"9004160",371982,2025-05-28 06:19:35,42.3977279663086,-8.92018413543701,"Male"
"9004160",371982,2025-05-28 06:24:34,42.3984870910645,-8.91121006011963,"Male"
"9004160",371982,2025-05-28 06:30:21,42.4015274047852,-8.90137386322021,"Male"
"9004160",371982,2025-05-28 06:35:42,42.4035758972168,-8.89796733856201,"Male"
"9004160",371982,2025-05-28 06:40:43,42.4057464599609,-8.89762210845947,"Male"
"9004160",371982,2025-05-28 06:45:39,42.4349403381348,-8.90864276885986,"Male"
"9004160",371982,2025-05-28 06:50:48,42.4626846313477,-8.94321441650391,"Male"
"9004160",371982,2025-05-28 06:55:39,42.4833793640137,-8.92594337463379,"Male"
"9004160",371982,2025-05-28 07:00:39,42.496150970459,-8.89125823974609,"Male"
"9004160",371982,2025-05-28 07:05:39,42.5067138671875,-8.85225009918213,"Male"
"9004160",371982,2025-05-28 07:10:39,42.5180969238281,-8.83123397827148,"Male"
"9004160",371982,2025-05-28 07:23:35,42.5178680419922,-8.83138656616211,"Male"
"9004160",371982,2025-05-28 07:28:13,42.5206184387207,-8.8297061920166,"Male"
"9004160",371982,2025-05-28 07:33:15,42.5206451416016,-8.82970237731934,"Male"
"9004160",371982,2025-05-28 07:38:35,42.520580291748,-8.82964706420898,"Male"
"9004160",371982,2025-05-28 07:43:13,42.5205764770508,-8.82958793640137,"Male"
"9004160",371982,2025-05-28 07:48:13,42.5205879211426,-8.82958126068115,"Male"
"9004160",371982,2025-05-28 07:53:13,42.5205268859863,-8.8295841217041,"Male"
"9004160",371982,2025-05-28 07:58:12,42.5205917358398,-8.82969760894775,"Male"
"9004160",371982,2025-05-28 08:03:26,42.5205955505371,-8.82963752746582,"Male"
"9004160",371982,2025-05-28 08:08:12,42.5206451416016,-8.82975101470947,"Male"
"9004160",371982,2025-05-28 08:13:17,42.5206184387207,-8.82980346679688,"Male"
"9004160",371982,2025-05-28 08:18:25,42.5206298828125,-8.82971096038818,"Male"
"9004160",371982,2025-05-28 08:23:44,42.5206260681152,-8.82969093322754,"Male"
"9004160",371982,2025-05-28 08:28:16,42.5206489562988,-8.82980728149414,"Male"
"9004160",371982,2025-05-28 08:33:14,42.5206909179688,-8.8297872543335,"Male"
"9004160",371982,2025-05-28 08:38:14,42.5207939147949,-8.83002471923828,"Male"
"9004160",371982,2025-05-28 08:43:13,42.5207977294922,-8.83013153076172,"Male"
"9004160",371982,2025-05-28 08:48:35,42.520622253418,-8.82963466644287,"Male"
"9004160",371982,2025-05-28 08:53:12,42.5205841064453,-8.82964992523193,"Male"
"9004160",371982,2025-05-28 08:58:12,42.5206527709961,-8.82965564727783,"Male"
"9004160",371982,2025-05-28 09:03:12,42.520637512207,-8.82962417602539,"Male"
"9004160",371982,2025-05-28 09:08:14,42.5206413269043,-8.82964611053467,"Male"
"9004160",371982,2025-05-28 09:13:12,42.5206031799316,-8.82967758178711,"Male"
"9004160",371982,2025-05-28 09:18:28,42.5206336975098,-8.82962512969971,"Male"
"9004160",371982,2025-05-28 09:23:38,42.5206260681152,-8.82962989807129,"Male"
"9004160",371982,2025-05-28 09:28:43,42.5210800170898,-8.8300609588623,"Male"
"9004160",371982,2025-05-28 09:33:55,42.5216407775879,-8.83168792724609,"Male"
"9004160",371982,2025-05-28 09:39:17,42.5211486816406,-8.83328151702881,"Male"
"9004160",371982,2025-05-28 09:44:22,42.5212173461914,-8.83269786834717,"Male"
"9004160",371982,2025-05-28 09:49:53,42.5200004577637,-8.83105564117432,"Male"
"9004160",371982,2025-05-28 09:55:03,42.518367767334,-8.82998752593994,"Male"
"9004160",371982,2025-05-28 10:00:15,42.517578125,-8.82927322387695,"Male"
"9004160",371982,2025-05-28 10:05:03,42.5174865722656,-8.82922458648682,"Male"
"9004160",371982,2025-05-28 10:10:02,42.5174179077148,-8.82907199859619,"Male"
"9004160",371982,2025-05-28 10:15:08,42.5175628662109,-8.82923316955566,"Male"
"9004160",371982,2025-05-28 10:20:03,42.5175361633301,-8.8292350769043,"Male"
"9004160",371982,2025-05-28 10:25:03,42.5175628662109,-8.82926750183105,"Male"
"9004160",371982,2025-05-28 10:30:03,42.517635345459,-8.82926368713379,"Male"
"9004160",371982,2025-05-28 10:35:08,42.5174446105957,-8.82920742034912,"Male"
"9004160",371982,2025-05-28 10:40:05,42.517650604248,-8.82926177978516,"Male"
"9004160",371982,2025-05-28 10:45:13,42.5176467895508,-8.82927799224854,"Male"
"9004160",371982,2025-05-28 10:50:03,42.5176315307617,-8.82930660247803,"Male"
"9004160",371982,2025-05-28 10:55:02,42.5176849365234,-8.82930946350098,"Male"
"9004160",371982,2025-05-28 11:00:05,42.5176620483398,-8.82926750183105,"Male"
"9004160",371982,2025-05-28 11:05:02,42.5176773071289,-8.82931900024414,"Male"
"9004160",371982,2025-05-28 11:10:02,42.5176734924316,-8.82926940917969,"Male"
"9004160",371982,2025-05-28 11:15:03,42.5175895690918,-8.82945156097412,"Male"
"9004160",371982,2025-05-28 11:20:06,42.5175590515137,-8.8291187286377,"Male"
"9004160",371982,2025-05-28 11:25:04,42.5176200866699,-8.82928943634033,"Male"
"9004160",371982,2025-05-28 11:30:13,42.5176162719727,-8.82928276062012,"Male"
"9004160",371982,2025-05-28 11:35:27,42.5180168151855,-8.82913589477539,"Male"
"9004160",371982,2025-05-28 11:41:03,42.5175399780273,-8.8305082321167,"Male"
"9004160",371982,2025-05-28 11:46:03,42.5180625915527,-8.82919883728027,"Male"
"9004160",371982,2025-05-28 11:51:07,42.5175933837891,-8.82921123504639,"Male"
"9004160",371982,2025-05-28 11:56:05,42.5176658630371,-8.82928562164307,"Male"
"9004160",371982,2025-05-28 12:01:07,42.5175666809082,-8.82932376861572,"Male"
"9004160",371982,2025-05-28 12:05:58,42.5177917480469,-8.8291711807251,"Male"
"9004160",371982,2025-05-28 12:11:02,42.5178375244141,-8.82925319671631,"Male"
"9004160",371982,2025-05-28 12:16:15,42.517578125,-8.82935810089111,"Male"
"9004160",371982,2025-05-28 12:20:59,42.5176124572754,-8.82912540435791,"Male"
"9004160",371982,2025-05-28 12:26:00,42.5177192687988,-8.82910442352295,"Male"
"9004160",371982,2025-05-28 12:30:59,42.5175514221191,-8.82919406890869,"Male"
"9004160",371982,2025-05-28 12:36:00,42.5176658630371,-8.8290433883667,"Male"
"9004160",371982,2025-05-28 12:41:02,42.517692565918,-8.82939624786377,"Male"
"9004160",371982,2025-05-28 12:46:15,42.5175704956055,-8.8293571472168,"Male"
"9004160",371982,2025-05-28 12:50:59,42.5175895690918,-8.82926940917969,"Male"
"9004160",371982,2025-05-28 12:56:00,42.5178985595703,-8.82947731018066,"Male"
"9004160",371982,2025-05-28 13:01:04,42.5177154541016,-8.82931423187256,"Male"
"9004160",371982,2025-05-28 13:06:02,42.517578125,-8.83034420013428,"Male"
"9004160",371982,2025-05-28 13:11:16,42.5178260803223,-8.83197593688965,"Male"
"9004160",371982,2025-05-28 13:16:18,42.5180587768555,-8.83190155029297,"Male"
"9004160",371982,2025-05-28 13:21:16,42.5187110900879,-8.83176612854004,"Male"
"9004160",371982,2025-05-28 13:26:31,42.5201530456543,-8.83129501342773,"Male"
"9004160",371982,2025-05-28 13:31:45,42.5207672119141,-8.83060741424561,"Male"
"9004160",371982,2025-05-28 13:36:27,42.5208396911621,-8.83093929290771,"Male"
"9004160",371982,2025-05-28 13:41:28,42.5206718444824,-8.83056354522705,"Male"
"9004160",371982,2025-05-28 13:46:39,42.5202484130859,-8.83245754241943,"Male"
"9004160",371982,2025-05-28 13:51:37,42.5192489624023,-8.83302021026611,"Male"
"9004160",371982,2025-05-28 13:56:38,42.5177307128906,-8.83174610137939,"Male"
"9004160",371982,2025-05-28 14:04:00,42.5170135498047,-8.83185863494873,"Male"
"9004160",371982,2025-05-28 14:07:44,42.5164947509766,-8.83048248291016,"Male"
"9004160",371982,2025-05-28 14:12:43,42.5156631469727,-8.82900524139404,"Male"
"9004160",371982,2025-05-28 14:28:35,42.5168647766113,-8.82591533660889,"Male"
"9004160",371982,2025-05-28 14:33:15,42.5167350769043,-8.82588195800781,"Male"
"9004160",371982,2025-05-28 14:38:15,42.5169067382812,-8.82589817047119,"Male"
"9004160",371982,2025-05-28 14:43:14,42.5167579650879,-8.82588863372803,"Male"
"9004160",371982,2025-05-28 14:48:16,42.5168952941895,-8.82588958740234,"Male"
"9004160",371982,2025-05-28 14:53:14,42.5167388916016,-8.82588768005371,"Male"
"9004160",371982,2025-05-28 14:58:14,42.5168228149414,-8.82590293884277,"Male"
"9004160",371982,2025-05-28 15:03:15,42.5165824890137,-8.82549858093262,"Male"
"9004160",371982,2025-05-28 15:08:14,42.516716003418,-8.82557678222656,"Male"
"9004160",371982,2025-05-28 15:13:14,42.5166435241699,-8.82554149627686,"Male"
"9004160",371982,2025-05-28 15:18:14,42.5166206359863,-8.82555675506592,"Male"
"9004160",371982,2025-05-28 15:23:15,42.5155830383301,-8.8262825012207,"Male"
"9004160",371982,2025-05-28 15:28:19,42.5141754150391,-8.82714653015137,"Male"
"9004160",371982,2025-05-28 15:33:33,42.5143203735352,-8.8266019821167,"Male"
"9004160",371982,2025-05-28 15:38:31,42.5148429870605,-8.825608253479,"Male"
"9004160",371982,2025-05-28 15:43:39,42.515453338623,-8.82510471343994,"Male"
"9004160",371982,2025-05-28 15:49:04,42.5147171020508,-8.82488250732422,"Male"
"9004160",371982,2025-05-28 15:54:38,42.5151977539062,-8.82476806640625,"Male"
"9004160",371982,2025-05-28 15:59:42,42.5152587890625,-8.82621669769287,"Male"
"9004160",371982,2025-05-28 16:04:39,42.516674041748,-8.82538223266602,"Male"
"9004160",371982,2025-05-28 16:09:40,42.5168533325195,-8.82590293884277,"Male"
"9004160",371982,2025-05-28 16:14:41,42.5168113708496,-8.82583713531494,"Male"
"9004160",371982,2025-05-28 16:19:48,42.5168571472168,-8.82596874237061,"Male"
"9004160",371982,2025-05-28 16:24:49,42.5168800354004,-8.82601165771484,"Male"
"9004160",371982,2025-05-28 16:30:05,42.5168647766113,-8.82595825195312,"Male"
"9004160",371982,2025-05-28 16:34:39,42.5168685913086,-8.82597351074219,"Male"
"9004160",371982,2025-05-28 16:39:39,42.5168418884277,-8.82595825195312,"Male"
"9004160",371982,2025-05-28 16:44:39,42.5168533325195,-8.82593631744385,"Male"
"9004160",371982,2025-05-28 16:49:39,42.5169486999512,-8.82602310180664,"Male"
"9004160",371982,2025-05-28 16:54:39,42.5168914794922,-8.82595825195312,"Male"
"9004160",371982,2025-05-28 16:59:39,42.5168533325195,-8.82594585418701,"Male"
"9004160",371982,2025-05-28 17:04:40,42.5168609619141,-8.82592391967773,"Male"
"9004160",371982,2025-05-28 17:09:39,42.5169143676758,-8.82593250274658,"Male"
"9004160",371982,2025-05-28 17:14:39,42.5168952941895,-8.82594013214111,"Male"
"9004160",371982,2025-05-28 17:19:39,42.5169143676758,-8.82602596282959,"Male"
"9004160",371982,2025-05-28 17:24:40,42.5168685913086,-8.82592105865479,"Male"
"9004160",371982,2025-05-28 17:29:40,42.5168609619141,-8.825852394104,"Male"
"9004160",371982,2025-05-28 17:34:39,42.5171012878418,-8.82444858551025,"Male"
"9004160",371982,2025-05-28 17:39:57,42.5176734924316,-8.824538230896,"Male"
"9004160",371982,2025-05-28 17:44:57,42.5170860290527,-8.82497692108154,"Male"
"9004160",371982,2025-05-28 17:49:55,42.5168037414551,-8.82575988769531,"Male"
"9004160",371982,2025-05-28 17:54:55,42.5168151855469,-8.82579135894775,"Male"
"9004160",371982,2025-05-28 17:59:55,42.5167961120605,-8.82580280303955,"Male"
"9004160",371982,2025-05-28 18:04:55,42.5168151855469,-8.82577610015869,"Male"
"9004160",371982,2025-05-28 18:09:55,42.5168266296387,-8.82580089569092,"Male"
"9004160",371982,2025-05-28 18:14:55,42.5168151855469,-8.82573318481445,"Male"
"9004160",371982,2025-05-28 18:19:58,42.5167999267578,-8.825758934021,"Male"
"9004160",371982,2025-05-28 18:24:58,42.5168418884277,-8.82580089569092,"Male"
"9004160",371982,2025-05-28 18:29:56,42.5167846679688,-8.82580184936523,"Male"
"9004160",371982,2025-05-28 18:34:55,42.5162506103516,-8.82719039916992,"Male"
"9004160",371982,2025-05-28 18:40:24,42.5154190063477,-8.82915592193604,"Male"
"9004160",371982,2025-05-28 18:45:28,42.5150527954102,-8.83138656616211,"Male"
"9004160",371982,2025-05-28 18:50:30,42.5144195556641,-8.8329553604126,"Male"
"9004160",371982,2025-05-28 18:55:25,42.5156021118164,-8.83463668823242,"Male"
"9004160",371982,2025-05-28 19:00:28,42.5139465332031,-8.83640003204346,"Male"
"9004160",371982,2025-05-28 19:05:25,42.5158615112305,-8.84248924255371,"Male"
"9004160",371982,2025-05-28 19:10:23,42.4914894104004,-8.90552425384521,"Male"
"9004160",371982,2025-05-28 19:15:23,42.4529495239258,-8.94510746002197,"Male"
"9004160",371982,2025-05-28 19:20:24,42.413631439209,-8.93361854553223,"Male"
"9004160",371982,2025-05-28 19:25:44,42.4115791320801,-8.93283176422119,"Male"
"9004160",371982,2025-05-28 19:30:31,42.3991622924805,-8.921950340271,"Male"
"9004160",371982,2025-05-28 19:35:36,42.400074005127,-8.92272567749023,"Male"
"9004160",371982,2025-05-28 19:40:31,42.3992500305176,-8.92190074920654,"Male"
"9004160",371982,2025-05-28 19:45:44,42.3992958068848,-8.92196655273438,"Male"
"9004160",371982,2025-05-28 19:50:22,42.3992385864258,-8.92182731628418,"Male"
"9004160",371982,2025-05-28 19:55:23,42.3998794555664,-8.92254066467285,"Male"
"9004160",371982,2025-05-28 20:00:29,42.3993644714355,-8.92184448242188,"Male"
"9004160",371982,2025-05-28 20:05:24,42.3993835449219,-8.92212772369385,"Male"
"9004160",371982,2025-05-28 20:10:28,42.3988418579102,-8.9218168258667,"Male"
"9004160",371982,2025-05-28 20:15:26,42.39892578125,-8.92186069488525,"Male"
"9004160",371982,2025-05-28 20:20:24,42.3989753723145,-8.92173099517822,"Male"
"9004160",371982,2025-05-28 20:25:44,42.3989143371582,-8.921950340271,"Male"
"9004160",371982,2025-05-28 20:30:53,42.3991928100586,-8.92203903198242,"Male"
"9004160",371982,2025-05-28 20:35:26,42.399112701416,-8.92208862304688,"Male"
"9004160",371982,2025-05-28 20:40:35,42.3991546630859,-8.92204856872559,"Male"
"9004160",371982,2025-05-28 20:45:53,42.3991889953613,-8.92203044891357,"Male"
"9004160",371982,2025-05-28 20:50:29,42.3992233276367,-8.921875,"Male"
"9004160",371982,2025-05-28 20:55:25,42.3991432189941,-8.92164611816406,"Male"
"9004160",371982,2025-05-28 21:00:30,42.3992385864258,-8.92204189300537,"Male"
"9004160",371982,2025-05-28 21:05:31,42.3992614746094,-8.92186832427979,"Male"
"9004160",371982,2025-05-28 21:10:31,42.3992500305176,-8.92213344573975,"Male"
"9004160",371982,2025-05-28 21:15:31,42.3992538452148,-8.92199230194092,"Male"
"9004160",371982,2025-05-28 21:20:31,42.3993186950684,-8.92215251922607,"Male"
"9004160",371982,2025-05-28 21:25:53,42.399284362793,-8.9220027923584,"Male"
"9004160",371982,2025-05-28 21:30:31,42.3992652893066,-8.92202186584473,"Male"
"9004160",371982,2025-05-28 21:35:29,42.3993034362793,-8.92197036743164,"Male"
"9004160",371982,2025-05-28 21:40:31,42.3992729187012,-8.92195892333984,"Male"
"9004160",371982,2025-05-28 21:45:44,42.3993148803711,-8.92194938659668,"Male"
"9004160",371982,2025-05-28 21:50:31,42.3993110656738,-8.9218864440918,"Male"
"9004160",371982,2025-05-28 21:55:31,42.3993225097656,-8.92186737060547,"Male"
"9004160",371982,2025-05-28 22:00:53,42.3992614746094,-8.92210960388184,"Male"
"9004160",371982,2025-05-28 22:05:25,42.3993530273438,-8.92206573486328,"Male"
"9004160",371982,2025-05-28 22:10:32,42.3992805480957,-8.92196750640869,"Male"
"9004160",371982,2025-05-28 22:15:21,42.3992233276367,-8.92187023162842,"Male"
"9004160",371982,2025-05-28 22:20:26,42.3993453979492,-8.92190837860107,"Male"
"9004160",371982,2025-05-28 22:25:25,42.3992691040039,-8.92195224761963,"Male"
"9004160",371982,2025-05-28 22:30:31,42.3992385864258,-8.92190456390381,"Male"
"9004160",371982,2025-05-28 22:35:24,42.3991851806641,-8.92197608947754,"Male"
"9004160",371982,2025-05-28 22:40:40,42.399242401123,-8.9219970703125,"Male"
"9004160",371982,2025-05-28 22:45:45,42.3993606567383,-8.92190265655518,"Male"
"9004160",371982,2025-05-28 22:50:28,42.3992919921875,-8.92208766937256,"Male"
"9004160",371982,2025-05-28 22:55:24,42.399486541748,-8.92188358306885,"Male"
"9004160",371982,2025-05-28 23:00:31,42.3991813659668,-8.92188739776611,"Male"
"9004160",371982,2025-05-28 23:05:31,42.399097442627,-8.92184066772461,"Male"
"9004160",371982,2025-05-28 23:10:49,42.3991394042969,-8.92178916931152,"Male"
"9004160",371982,2025-05-28 23:15:26,42.3991584777832,-8.92177867889404,"Male"
"9004160",371982,2025-05-28 23:20:26,42.3994064331055,-8.92171382904053,"Male"
"9004160",371982,2025-05-28 23:25:29,42.3991966247559,-8.92197227478027,"Male"
"9004160",371982,2025-05-28 23:31:44,42.3993530273438,-8.92176628112793,"Male"
"9004160",371982,2025-05-28 23:35:45,42.3993377685547,-8.92179679870605,"Male"
"9004160",371982,2025-05-28 23:40:40,42.3991012573242,-8.9219388961792,"Male"
"9004160",371982,2025-05-28 23:46:44,42.3993110656738,-8.92183399200439,"Male"
"9004160",371982,2025-05-28 23:51:23,42.3992118835449,-8.92193222045898,"Male"
"9004160",371982,2025-05-28 23:55:26,42.3991775512695,-8.92196559906006,"Male"
"9004160",371982,2025-05-29 00:00:26,42.3993453979492,-8.921950340271,"Male"
"9004160",371982,2025-05-29 00:05:28,42.3989601135254,-8.92207050323486,"Male"
"9004160",371982,2025-05-29 00:10:26,42.3991737365723,-8.9218635559082,"Male"
"9004160",371982,2025-05-29 00:15:30,42.3991241455078,-8.92195796966553,"Male"
"9004160",371982,2025-05-29 00:21:44,42.3991622924805,-8.92191600799561,"Male"
"9004160",371982,2025-05-29 00:26:44,42.3991546630859,-8.92195892333984,"Male"
"9004160",371982,2025-05-29 00:31:26,42.3992462158203,-8.92188835144043,"Male"
"9004160",371982,2025-05-29 00:36:43,42.399227142334,-8.92197322845459,"Male"
"9004160",371982,2025-05-29 00:40:26,42.3992767333984,-8.92181873321533,"Male"
"9004160",371982,2025-05-29 00:45:37,42.3992118835449,-8.92189693450928,"Male"
"9004160",371982,2025-05-29 00:50:29,42.3991203308105,-8.92194557189941,"Male"
"9004160",371982,2025-05-29 00:55:37,42.3992652893066,-8.92175388336182,"Male"
"9004160",371982,2025-05-29 01:00:45,42.3991546630859,-8.92196083068848,"Male"
"9004160",371982,2025-05-29 01:05:40,42.3989677429199,-8.92188930511475,"Male"
"9004160",371982,2025-05-29 01:10:26,42.3991432189941,-8.92182731628418,"Male"
"9004160",371982,2025-05-29 01:15:26,42.399242401123,-8.92192840576172,"Male"
"9004160",371982,2025-05-29 01:20:25,42.3993797302246,-8.92181301116943,"Male"
"9004160",371982,2025-05-29 01:25:30,42.3992195129395,-8.92186069488525,"Male"
"9004160",371982,2025-05-29 01:30:44,42.3991317749023,-8.92187690734863,"Male"
"9004160",371982,2025-05-29 01:35:29,42.3993453979492,-8.92198944091797,"Male"
"9004160",371982,2025-05-29 01:40:23,42.3991622924805,-8.92187404632568,"Male"
"9004160",371982,2025-05-29 01:45:37,42.3994636535645,-8.92193794250488,"Male"
"9004160",371982,2025-05-29 01:50:24,42.3989868164062,-8.92196750640869,"Male"
"9004160",371982,2025-05-29 01:55:24,42.3991584777832,-8.92192649841309,"Male"
"9004160",371982,2025-05-29 02:01:23,42.399097442627,-8.92161655426025,"Male"
"9004160",371982,2025-05-29 02:05:24,42.398853302002,-8.92153930664062,"Male"
"9004160",371982,2025-05-29 02:10:54,42.3992118835449,-8.9214391708374,"Male"
"9004160",371982,2025-05-29 02:16:32,42.3987617492676,-8.92199325561523,"Male"
"9004160",371982,2025-05-29 02:20:26,42.3990211486816,-8.92174339294434,"Male"
"9004160",371982,2025-05-29 02:25:25,42.3991394042969,-8.92209529876709,"Male"
"9004160",371982,2025-05-29 02:30:24,42.3995933532715,-8.92195415496826,"Male"
"9004160",371982,2025-05-29 02:35:26,42.3993034362793,-8.92179107666016,"Male"
"9004160",371982,2025-05-29 02:40:26,42.399356842041,-8.9218635559082,"Male"
"9004160",371982,2025-05-29 02:46:44,42.3994178771973,-8.92185974121094,"Male"
"9004160",371982,2025-05-29 02:51:44,42.3993682861328,-8.92193698883057,"Male"
"9004160",371982,2025-05-29 02:56:44,42.3993721008301,-8.92194175720215,"Male"
"9004160",371982,2025-05-29 03:00:44,42.3993453979492,-8.9219388961792,"Male"
"9004160",371982,2025-05-29 03:05:24,42.3993759155273,-8.92190933227539,"Male"
"9004160",371982,2025-05-29 03:10:25,42.3993797302246,-8.92208957672119,"Male"
"9004160",371982,2025-05-29 03:15:39,42.3994102478027,-8.92190551757812,"Male"
"9004160",371982,2025-05-29 03:20:44,42.3994102478027,-8.92192649841309,"Male"
"9004160",371982,2025-05-29 03:25:25,42.3994369506836,-8.92190933227539,"Male"
"9004160",371982,2025-05-29 03:31:44,42.3993759155273,-8.92194175720215,"Male"
"9004160",371982,2025-05-29 03:36:44,42.3993682861328,-8.92192077636719,"Male"
"9004160",371982,2025-05-29 03:40:42,42.3993186950684,-8.92191886901855,"Male"
"9004160",371982,2025-05-29 03:45:23,42.3993072509766,-8.92184162139893,"Male"
"9004160",371982,2025-05-29 03:50:20,42.3994331359863,-8.9220027923584,"Male"
"9004160",371982,2025-05-29 03:55:21,42.3994140625,-8.92210674285889,"Male"
"9004160",371982,2025-05-29 04:00:23,42.3995094299316,-8.92209529876709,"Male"
"9004160",371982,2025-05-29 04:05:25,42.3991088867188,-8.92191791534424,"Male"
"9004160",371982,2025-05-29 04:10:44,42.3991928100586,-8.92194557189941,"Male"
"9004160",371982,2025-05-29 04:15:37,42.399169921875,-8.92193794250488,"Male"
"9004160",371982,2025-05-29 04:20:44,42.3991432189941,-8.92192649841309,"Male"
"9004160",371982,2025-05-29 04:25:24,42.3990707397461,-8.92214679718018,"Male"
"9004160",371982,2025-05-29 04:30:24,42.3989601135254,-8.92197132110596,"Male"
"9004160",371982,2025-05-29 04:35:27,42.39892578125,-8.92199897766113,"Male"
"9004160",371982,2025-05-29 04:40:37,42.3990173339844,-8.92204284667969,"Male"
"9004160",371982,2025-05-29 04:45:27,42.399040222168,-8.92203426361084,"Male"
"9004160",371982,2025-05-29 04:51:44,42.3991584777832,-8.92203044891357,"Male"
"9004160",371982,2025-05-29 04:55:25,42.3987846374512,-8.92272567749023,"Male"
"9004160",371982,2025-05-29 05:00:25,42.3988456726074,-8.92222213745117,"Male"
"9004160",371982,2025-05-29 05:06:44,42.3991584777832,-8.92193031311035,"Male"
"9004160",371982,2025-05-29 05:11:44,42.3993644714355,-8.92176342010498,"Male"
"9004160",371982,2025-05-29 05:16:44,42.3993835449219,-8.92177486419678,"Male"
"9004160",371982,2025-05-29 05:21:44,42.3993644714355,-8.92179393768311,"Male"
"9004160",371982,2025-05-29 05:26:21,42.3992652893066,-8.92189025878906,"Male"
"9004160",371982,2025-05-29 05:30:22,42.3992729187012,-8.92193508148193,"Male"
"9004160",371982,2025-05-29 05:35:20,42.3991432189941,-8.92205142974854,"Male"
"9004160",371982,2025-05-29 05:40:22,42.3991279602051,-8.9218692779541,"Male"
"9004160",371982,2025-05-29 05:45:43,42.3991165161133,-8.92189598083496,"Male"
"9004160",371982,2025-05-29 05:50:20,42.3990325927734,-8.92197418212891,"Male"
"9004160",371982,2025-05-29 05:55:23,42.3990516662598,-8.92187595367432,"Male"
"9004160",371982,2025-05-29 06:00:23,42.3990173339844,-8.9218053817749,"Male"
"9004160",371982,2025-05-29 06:05:24,42.3993492126465,-8.92199325561523,"Male"
"9004160",371982,2025-05-29 06:10:23,42.3993949890137,-8.92180442810059,"Male"
"9004160",371982,2025-05-29 06:15:21,42.3992004394531,-8.92182159423828,"Male"
"9004160",371982,2025-05-29 06:20:22,42.399284362793,-8.92187690734863,"Male"
"9004160",371982,2025-05-29 06:25:24,42.3988418579102,-8.92149543762207,"Male"
"9004160",371982,2025-05-29 06:30:25,42.3992195129395,-8.92190551757812,"Male"
"9004160",371982,2025-05-29 06:35:24,42.3991432189941,-8.92193031311035,"Male"
"9004160",371982,2025-05-29 06:40:21,42.399055480957,-8.92200565338135,"Male"
"9004160",371982,2025-05-29 06:45:21,42.3991394042969,-8.92194080352783,"Male"
"9004160",371982,2025-05-29 06:50:23,42.3991775512695,-8.92185115814209,"Male"
"9004160",371982,2025-05-29 06:55:23,42.3991165161133,-8.92190456390381,"Male"
"9004160",371982,2025-05-29 07:00:21,42.3991889953613,-8.92192268371582,"Male"
"9004160",371982,2025-05-29 07:05:22,42.3991889953613,-8.92189502716064,"Male"
"9004160",371982,2025-05-29 07:10:23,42.3991661071777,-8.92190551757812,"Male"
"9004160",371982,2025-05-29 07:15:23,42.3992233276367,-8.92188739776611,"Male"
"9004160",371982,2025-05-29 07:20:23,42.3993072509766,-8.92199802398682,"Male"
"9004160",371982,2025-05-29 07:25:23,42.3992576599121,-8.92192459106445,"Male"
"9004160",371982,2025-05-29 07:30:45,42.3991889953613,-8.92188930511475,"Male"
"9004160",371982,2025-05-29 07:35:51,42.3992156982422,-8.92194271087646,"Male"
"9004160",371982,2025-05-29 07:40:20,42.3992462158203,-8.92200374603271,"Male"
"9004160",371982,2025-05-29 07:45:20,42.3993301391602,-8.92197036743164,"Male"
"9004160",371982,2025-05-29 07:50:36,42.3993949890137,-8.92197227478027,"Male"
"9004160",371982,2025-05-29 07:56:13,42.3993225097656,-8.92198944091797,"Male"
"9004160",371982,2025-05-29 08:00:58,42.3993492126465,-8.92197895050049,"Male"
"9004160",371982,2025-05-29 08:05:21,42.3992538452148,-8.92175674438477,"Male"
"9004160",371982,2025-05-29 08:10:20,42.3994331359863,-8.92192363739014,"Male"
"9004160",371982,2025-05-29 08:15:21,42.3993530273438,-8.92157554626465,"Male"
"9004160",371982,2025-05-29 08:20:23,42.3992080688477,-8.92179870605469,"Male"
"9004160",371982,2025-05-29 08:25:30,42.3994064331055,-8.92191123962402,"Male"
"9004160",371982,2025-05-29 08:30:21,42.3993453979492,-8.92169189453125,"Male"
"9004160",371982,2025-05-29 08:35:30,42.3994026184082,-8.92195320129395,"Male"
"9004160",371982,2025-05-29 08:40:23,42.3993339538574,-8.92171001434326,"Male"
"9004160",371982,2025-05-29 08:45:40,42.3993339538574,-8.92195320129395,"Male"
"9004160",371982,2025-05-29 08:50:20,42.3993911743164,-8.92216968536377,"Male"
"9004160",371982,2025-05-29 08:55:22,42.3992958068848,-8.92196178436279,"Male"
"9004160",371982,2025-05-29 09:00:21,42.3993072509766,-8.9218635559082,"Male"
"9004160",371982,2025-05-29 09:05:23,42.3993606567383,-8.92161273956299,"Male"
"9004160",371982,2025-05-29 09:10:24,42.3992691040039,-8.92182445526123,"Male"
"9004160",371982,2025-05-29 09:15:27,42.3993034362793,-8.92187690734863,"Male"
"9004160",371982,2025-05-29 09:20:23,42.3992195129395,-8.92151546478271,"Male"
"9004160",371982,2025-05-29 09:25:28,42.3992156982422,-8.92205333709717,"Male"
"9004160",371982,2025-05-29 09:30:39,42.3992347717285,-8.92203140258789,"Male"
"9004160",371982,2025-05-29 09:35:44,42.3992538452148,-8.92205905914307,"Male"
"9004160",371982,2025-05-29 09:40:53,42.3992462158203,-8.92207813262939,"Male"
"9004160",371982,2025-05-29 09:45:43,42.3992538452148,-8.92202281951904,"Male"
"9004160",371982,2025-05-29 09:50:21,42.4008827209473,-8.92248153686523,"Male"
"9004160",371982,2025-05-29 09:55:20,42.4407348632812,-8.92867565155029,"Male"
"9004160",371982,2025-05-29 10:00:20,42.4785537719727,-8.94576168060303,"Male"
"9004160",371982,2025-05-29 10:05:20,42.5164756774902,-8.93311977386475,"Male"
"9004160",371982,2025-05-29 10:10:21,42.5249252319336,-8.88252449035645,"Male"
"9004160",371982,2025-05-29 10:15:25,42.5257530212402,-8.88276767730713,"Male"
"9004160",371982,2025-05-29 10:20:21,42.5271530151367,-8.88288974761963,"Male"
"9004160",371982,2025-05-29 10:25:22,42.5217247009277,-8.83519744873047,"Male"
"9004160",371982,2025-05-29 10:31:37,42.5221214294434,-8.83218193054199,"Male"
"9004160",371982,2025-05-29 10:39:09,42.5206832885742,-8.83321285247803,"Male"
"9004160",371982,2025-05-29 10:44:31,42.5193710327148,-8.8333683013916,"Male"
"9004160",371982,2025-05-29 10:49:32,42.5182228088379,-8.83337306976318,"Male"
"9004160",371982,2025-05-29 10:55:29,42.5191116333008,-8.83094787597656,"Male"
"9004160",371982,2025-05-29 11:00:36,42.5177154541016,-8.82944297790527,"Male"
"9004160",371982,2025-05-29 11:05:29,42.5176200866699,-8.82942008972168,"Male"
"9004160",371982,2025-05-29 11:10:30,42.5176429748535,-8.8291711807251,"Male"
"9004160",371982,2025-05-29 11:15:43,42.5176277160645,-8.82930278778076,"Male"
"9004160",371982,2025-05-29 11:20:24,42.517505645752,-8.82934761047363,"Male"
"9004160",371982,2025-05-29 11:25:24,42.5176544189453,-8.8292121887207,"Male"
"9004160",371982,2025-05-29 11:30:24,42.517505645752,-8.8292932510376,"Male"
"9004160",371982,2025-05-29 11:35:25,42.5176773071289,-8.82953643798828,"Male"
"9004160",371982,2025-05-29 11:40:26,42.5177459716797,-8.82958889007568,"Male"
"9004160",371982,2025-05-29 11:45:59,42.517650604248,-8.8292989730835,"Male"
"9004160",371982,2025-05-29 11:50:25,42.5176734924316,-8.82916450500488,"Male"
"9004160",371982,2025-05-29 11:55:24,42.5175971984863,-8.82924652099609,"Male"
"9004160",371982,2025-05-29 12:00:24,42.5176620483398,-8.82919883728027,"Male"
"9004160",371982,2025-05-29 12:05:25,42.5176811218262,-8.82914352416992,"Male"
"9004160",371982,2025-05-29 12:10:25,42.5176849365234,-8.8292760848999,"Male"
"9004160",371982,2025-05-29 12:15:25,42.5176239013672,-8.82923984527588,"Male"
"9004160",371982,2025-05-29 12:20:25,42.5176773071289,-8.82920265197754,"Male"
"9004160",371982,2025-05-29 12:25:24,42.5176620483398,-8.82916927337646,"Male"
"9004160",371982,2025-05-29 12:30:25,42.5176849365234,-8.82902050018311,"Male"
"9004160",371982,2025-05-29 12:35:25,42.5176658630371,-8.82923412322998,"Male"
"9004160",371982,2025-05-29 12:40:25,42.5176734924316,-8.82917499542236,"Male"
"9004160",371982,2025-05-29 12:45:49,42.5178375244141,-8.82888603210449,"Male"
"9004160",371982,2025-05-29 12:51:15,42.5178489685059,-8.8285493850708,"Male"
"9004160",371982,2025-05-29 12:56:35,42.5166435241699,-8.82760620117188,"Male"
"9004160",371982,2025-05-29 13:01:34,42.5167808532715,-8.82581806182861,"Male"
"9004160",371982,2025-05-29 13:06:30,42.5169105529785,-8.82557487487793,"Male"
"9004160",371982,2025-05-29 13:11:29,42.5169677734375,-8.82583808898926,"Male"
"9004160",371982,2025-05-29 13:16:29,42.5169525146484,-8.8258171081543,"Male"
"9004160",371982,2025-05-29 13:21:31,42.5168800354004,-8.82548427581787,"Male"
"9004160",371982,2025-05-29 13:26:30,42.5168952941895,-8.82573890686035,"Male"
"9004160",371982,2025-05-29 13:31:30,42.5168571472168,-8.82554054260254,"Male"
"9004160",371982,2025-05-29 13:36:31,42.516918182373,-8.82577133178711,"Male"
"9004160",371982,2025-05-29 13:41:32,42.5169372558594,-8.82591724395752,"Male"
"9004160",371982,2025-05-29 13:46:32,42.5169639587402,-8.82596015930176,"Male"
"9004160",371982,2025-05-29 13:51:43,42.5169067382812,-8.82592105865479,"Male"
"9004160",371982,2025-05-29 13:56:30,42.5169143676758,-8.8259162902832,"Male"
"9004160",371982,2025-05-29 14:01:29,42.5169219970703,-8.82590484619141,"Male"
"9004160",371982,2025-05-29 14:06:29,42.5168609619141,-8.82595634460449,"Male"
"9004160",371982,2025-05-29 14:11:29,42.5169448852539,-8.82599353790283,"Male"
"9004160",371982,2025-05-29 14:16:30,42.5170288085938,-8.82590103149414,"Male"
"9004160",371982,2025-05-29 14:21:30,42.5169563293457,-8.82594108581543,"Male"
"9004160",371982,2025-05-29 14:26:31,42.5170860290527,-8.82583999633789,"Male"
"9004160",371982,2025-05-29 14:31:44,42.5167846679688,-8.82553768157959,"Male"
"9004160",371982,2025-05-29 14:36:30,42.5166778564453,-8.82556343078613,"Male"
"9004160",371982,2025-05-29 14:41:29,42.5167617797852,-8.82551860809326,"Male"
"9004160",371982,2025-05-29 14:46:41,42.5167961120605,-8.82546615600586,"Male"
"9004160",371982,2025-05-29 14:51:30,42.516773223877,-8.82535839080811,"Male"
"9004160",371982,2025-05-29 14:56:30,42.5168685913086,-8.82548809051514,"Male"
"9004160",371982,2025-05-29 15:01:31,42.5167388916016,-8.82541847229004,"Male"
"9004160",371982,2025-05-29 15:06:32,42.5169715881348,-8.82527923583984,"Male"
"9004160",371982,2025-05-29 15:11:31,42.5170021057129,-8.82472038269043,"Male"
"9004160",371982,2025-05-29 15:16:32,42.5169410705566,-8.82489585876465,"Male"
"9004160",371982,2025-05-29 15:21:31,42.5169639587402,-8.824387550354,"Male"
"9004160",371982,2025-05-29 15:26:30,42.5169143676758,-8.82514953613281,"Male"
"9004160",371982,2025-05-29 15:31:45,42.5169143676758,-8.82587051391602,"Male"
"9004160",371982,2025-05-29 15:36:29,42.5169715881348,-8.82559394836426,"Male"
"9004160",371982,2025-05-29 15:41:29,42.5169258117676,-8.82551097869873,"Male"
"9004160",371982,2025-05-29 15:47:55,42.5172691345215,-8.82700443267822,"Male"
"9004160",371982,2025-05-29 15:53:27,42.517333984375,-8.82629108428955,"Male"
"9004160",371982,2025-05-29 15:58:30,42.5168838500977,-8.82603931427002,"Male"
"9004160",371982,2025-05-29 16:03:31,42.5172500610352,-8.827223777771,"Male"
"9004160",371982,2025-05-29 16:08:26,42.5164451599121,-8.82683753967285,"Male"
"9004160",371982,2025-05-29 16:13:25,42.5169105529785,-8.82607841491699,"Male"
"9004160",371982,2025-05-29 16:19:15,42.516529083252,-8.82530307769775,"Male"
"9004160",371982,2025-05-29 16:23:33,42.5164794921875,-8.82537746429443,"Male"
"9004160",371982,2025-05-29 16:28:31,42.5164909362793,-8.82527542114258,"Male"
"9004160",371982,2025-05-29 16:33:35,42.5165023803711,-8.82530975341797,"Male"
"9004160",371982,2025-05-29 16:38:36,42.5164756774902,-8.82526588439941,"Male"
"9004160",371982,2025-05-29 16:43:34,42.5164375305176,-8.82523536682129,"Male"
"9004160",371982,2025-05-29 16:48:59,42.5166015625,-8.8253173828125,"Male"
"9004160",371982,2025-05-29 16:53:23,42.5166473388672,-8.82537174224854,"Male"
"9004160",371982,2025-05-29 16:58:23,42.5165481567383,-8.82525730133057,"Male"
"9004160",371982,2025-05-29 17:03:24,42.5165596008301,-8.82551765441895,"Male"
"9004160",371982,2025-05-29 17:08:24,42.5166015625,-8.82557106018066,"Male"
"9004160",371982,2025-05-29 17:13:24,42.5166664123535,-8.82531547546387,"Male"
"9004160",371982,2025-05-29 17:18:23,42.5166282653809,-8.82540225982666,"Male"
"9004160",371982,2025-05-29 17:23:23,42.5166091918945,-8.82540607452393,"Male"
"9004160",371982,2025-05-29 17:28:23,42.5170631408691,-8.8250560760498,"Male"
"9004160",371982,2025-05-29 17:33:23,42.5176582336426,-8.82391834259033,"Male"
"9004160",371982,2025-05-29 17:38:23,42.5178642272949,-8.82442951202393,"Male"
"9004160",371982,2025-05-29 17:43:33,42.5188140869141,-8.82369518280029,"Male"
"9004160",371982,2025-05-29 17:48:56,42.5178833007812,-8.82500839233398,"Male"
"9004160",371982,2025-05-29 17:54:19,42.5166206359863,-8.82544708251953,"Male"
"9004160",371982,2025-05-29 17:59:17,42.5166015625,-8.82543849945068,"Male"
"9004160",371982,2025-05-29 18:04:17,42.5167236328125,-8.82536315917969,"Male"
"9004160",371982,2025-05-29 18:09:18,42.5166931152344,-8.82540130615234,"Male"
"9004160",371982,2025-05-29 18:14:17,42.5165901184082,-8.82543849945068,"Male"
"9004160",371982,2025-05-29 18:19:17,42.5166320800781,-8.82544803619385,"Male"
"9004160",371982,2025-05-29 18:24:17,42.5166091918945,-8.82543182373047,"Male"
"9004160",371982,2025-05-29 18:29:27,42.5166015625,-8.82540988922119,"Male"
"9004160",371982,2025-05-29 18:34:17,42.5166931152344,-8.82534790039062,"Male"
"9004160",371982,2025-05-29 18:39:17,42.5166320800781,-8.82543659210205,"Male"
"9004160",371982,2025-05-29 18:44:17,42.5166358947754,-8.8254222869873,"Male"
"9004160",371982,2025-05-29 18:49:18,42.5166244506836,-8.8253812789917,"Male"
"9004160",371982,2025-05-29 18:54:17,42.5166397094727,-8.82544040679932,"Male"
"9004160",371982,2025-05-29 18:59:23,42.5166320800781,-8.82542037963867,"Male"
"9004160",371982,2025-05-29 19:07:14,42.5162544250488,-8.82601356506348,"Male"
"9004160",371982,2025-05-29 19:12:44,42.5163421630859,-8.82764911651611,"Male"
"9004160",371982,2025-05-29 19:17:23,42.5165405273438,-8.82853698730469,"Male"
"9004160",371982,2025-05-29 19:22:22,42.5034294128418,-8.86232376098633,"Male"
"9004160",371982,2025-05-29 19:27:22,42.4878883361816,-8.90945816040039,"Male"
"9004160",371982,2025-05-29 19:32:21,42.4632530212402,-8.94470500946045,"Male"
"9004160",371982,2025-05-29 19:37:22,42.4244270324707,-8.93252849578857,"Male"
"9004160",371982,2025-05-29 19:42:53,42.3992576599121,-8.92196369171143,"Male"
"9004160",371982,2025-05-29 19:47:21,42.3993530273438,-8.92182445526123,"Male"
"9004160",371982,2025-05-29 19:52:22,42.3995361328125,-8.92147827148438,"Male"
"9004160",371982,2025-05-29 19:57:21,42.3993873596191,-8.92201995849609,"Male"
"9004160",371982,2025-05-29 20:02:21,42.3993186950684,-8.92203807830811,"Male"
"9004160",371982,2025-05-29 20:07:21,42.3993148803711,-8.92200469970703,"Male"
"9004160",371982,2025-05-29 20:12:21,42.3993492126465,-8.92203140258789,"Male"
"9004160",371982,2025-05-29 20:17:21,42.3993339538574,-8.92213344573975,"Male"
"9004160",371982,2025-05-29 20:22:22,42.3994331359863,-8.92228317260742,"Male"
"9004160",371982,2025-05-29 20:27:22,42.3993110656738,-8.92182731628418,"Male"
"9004160",371982,2025-05-29 20:32:24,42.3993606567383,-8.92215061187744,"Male"
"9004160",371982,2025-05-29 20:37:30,42.3993186950684,-8.9220142364502,"Male"
"9004160",371982,2025-05-29 20:42:25,42.3992881774902,-8.92199420928955,"Male"
"9004160",371982,2025-05-29 20:47:44,42.399356842041,-8.92200374603271,"Male"
"9004160",371982,2025-05-29 20:52:22,42.3992919921875,-8.92192554473877,"Male"
"9004160",371982,2025-05-29 20:57:22,42.3996238708496,-8.92202091217041,"Male"
"9004160",371982,2025-05-29 21:02:22,42.3994674682617,-8.92210388183594,"Male"
"9004160",371982,2025-05-29 21:07:21,42.3994255065918,-8.92216968536377,"Male"
"9004160",371982,2025-05-29 21:12:23,42.3993339538574,-8.92211055755615,"Male"
"9004160",371982,2025-05-29 21:17:21,42.3992652893066,-8.92202758789062,"Male"
"9004160",371982,2025-05-29 21:22:21,42.3993301391602,-8.9221305847168,"Male"
"9004160",371982,2025-05-29 21:27:21,42.3993835449219,-8.9220666885376,"Male"
"9004160",371982,2025-05-29 21:32:30,42.3993148803711,-8.92217063903809,"Male"
"9004160",371982,2025-05-29 21:37:30,42.3993034362793,-8.9220085144043,"Male"
"9004160",371982,2025-05-29 21:42:30,42.3993492126465,-8.92223167419434,"Male"
"9004160",371982,2025-05-29 21:47:33,42.3993377685547,-8.92186832427979,"Male"
"9004160",371982,2025-05-29 21:52:37,42.3992805480957,-8.92153549194336,"Male"
"9004160",371982,2025-05-29 21:57:44,42.3992729187012,-8.92199516296387,"Male"
"9004160",371982,2025-05-29 22:02:21,42.399299621582,-8.92194938659668,"Male"
"9004160",371982,2025-05-29 22:07:21,42.3992156982422,-8.92194747924805,"Male"
"9004160",371982,2025-05-29 22:12:21,42.3989639282227,-8.92163753509521,"Male"
"9004160",371982,2025-05-29 22:17:24,42.3993110656738,-8.92202663421631,"Male"
"9004160",371982,2025-05-29 22:22:22,42.3993034362793,-8.92201232910156,"Male"
"9004160",371982,2025-05-29 22:27:22,42.399242401123,-8.92189884185791,"Male"
"9004160",371982,2025-05-29 22:32:30,42.3992042541504,-8.92183876037598,"Male"
"9004160",371982,2025-05-29 22:37:27,42.3990936279297,-8.92166137695312,"Male"
"9004160",371982,2025-05-29 22:42:28,42.3993492126465,-8.92216014862061,"Male"
"9004160",371982,2025-05-29 22:47:59,42.399299621582,-8.92193508148193,"Male"
"9004160",371982,2025-05-29 22:52:23,42.3993225097656,-8.9219799041748,"Male"
"9004160",371982,2025-05-29 22:57:21,42.3993453979492,-8.92185401916504,"Male"
"9004160",371982,2025-05-29 23:02:21,42.3993682861328,-8.92193126678467,"Male"
"9004160",371982,2025-05-29 23:07:23,42.3993797302246,-8.92196655273438,"Male"
"9004160",371982,2025-05-29 23:12:22,42.3993263244629,-8.92206192016602,"Male"
"9004160",371982,2025-05-29 23:17:25,42.3993606567383,-8.92203807830811,"Male"
"9004160",371982,2025-05-29 23:22:43,42.3993301391602,-8.92198371887207,"Male"
"9004160",371982,2025-05-29 23:28:14,42.3993225097656,-8.92194557189941,"Male"
"9004160",371982,2025-05-29 23:32:22,42.3994750976562,-8.92184734344482,"Male"
"9004160",371982,2025-05-29 23:37:41,42.3993339538574,-8.92191314697266,"Male"
"9004160",371982,2025-05-29 23:42:24,42.399299621582,-8.9219331741333,"Male"
"9004160",371982,2025-05-29 23:47:25,42.3994255065918,-8.92193984985352,"Male"
"9004160",371982,2025-05-29 23:52:22,42.3992805480957,-8.92216777801514,"Male"
"9004160",371982,2025-05-29 23:57:33,42.399284362793,-8.92194366455078,"Male"
"9004160",371982,2025-05-30 00:03:38,42.3992767333984,-8.92203426361084,"Male"
"9004160",371982,2025-05-30 00:07:23,42.3993721008301,-8.9219856262207,"Male"
"9004160",371982,2025-05-30 00:12:25,42.3990020751953,-8.92169284820557,"Male"
"9004160",371982,2025-05-30 00:17:24,42.3993492126465,-8.92189121246338,"Male"
"9004160",371982,2025-05-30 00:22:27,42.399040222168,-8.92177104949951,"Male"
"9004160",371982,2025-05-30 00:27:24,42.3991317749023,-8.92177391052246,"Male"
"9004160",371982,2025-05-30 00:32:24,42.399486541748,-8.92195224761963,"Male"
"9004160",371982,2025-05-30 00:37:25,42.3993759155273,-8.92191982269287,"Male"
"9004160",371982,2025-05-30 00:42:25,42.3992729187012,-8.92187023162842,"Male"
"9004160",371982,2025-05-30 00:47:44,42.399284362793,-8.92192268371582,"Male"
"9004160",371982,2025-05-30 00:52:25,42.3992462158203,-8.92197895050049,"Male"
"9004160",371982,2025-05-30 00:57:24,42.3993682861328,-8.92207336425781,"Male"
"9004160",371982,2025-05-30 01:02:28,42.3992156982422,-8.92184638977051,"Male"
"9004160",371982,2025-05-30 01:07:30,42.3992805480957,-8.92184257507324,"Male"
"9004160",371982,2025-05-30 01:12:27,42.3992691040039,-8.92179870605469,"Male"
"9004160",371982,2025-05-30 01:17:24,42.3993644714355,-8.92182445526123,"Male"
"9004160",371982,2025-05-30 01:22:29,42.3992767333984,-8.92187118530273,"Male"
"9004160",371982,2025-05-30 01:27:27,42.399341583252,-8.92180347442627,"Male"
"9004160",371982,2025-05-30 01:32:35,42.3993034362793,-8.92187118530273,"Male"
"9004160",371982,2025-05-30 01:37:38,42.3993453979492,-8.92177772521973,"Male"
"9004160",371982,2025-05-30 01:42:34,42.3993682861328,-8.92155265808105,"Male"
"9004160",371982,2025-05-30 01:47:42,42.3992919921875,-8.92153930664062,"Male"
"9004160",371982,2025-05-30 01:52:36,42.3993530273438,-8.92216873168945,"Male"
"9004160",371982,2025-05-30 01:57:30,42.3992538452148,-8.92181873321533,"Male"
"9004160",371982,2025-05-30 02:02:38,42.3993110656738,-8.92196559906006,"Male"
"9004160",371982,2025-05-30 02:07:44,42.3994216918945,-8.92187786102295,"Male"
"9004160",371982,2025-05-30 02:12:28,42.3994331359863,-8.92174530029297,"Male"
"9004160",371982,2025-05-30 02:17:25,42.3994026184082,-8.9218168258667,"Male"
"9004160",371982,2025-05-30 02:22:34,42.3994598388672,-8.92152404785156,"Male"
"9004160",371982,2025-05-30 02:27:59,42.3993606567383,-8.92172527313232,"Male"
"9004160",371982,2025-05-30 02:32:22,42.3993759155273,-8.92173957824707,"Male"
"9004160",371982,2025-05-30 02:37:25,42.399299621582,-8.92159938812256,"Male"
"9004160",371982,2025-05-30 02:42:27,42.3993721008301,-8.92166233062744,"Male"
"9004160",371982,2025-05-30 02:47:30,42.3993759155273,-8.92169570922852,"Male"
"9004160",371982,2025-05-30 02:52:23,42.3993072509766,-8.92165660858154,"Male"
"9004160",371982,2025-05-30 02:57:23,42.3992118835449,-8.92164134979248,"Male"
"9004160",371982,2025-05-30 03:02:22,42.3994598388672,-8.92189884185791,"Male"
"9004160",371982,2025-05-30 03:07:22,42.3995742797852,-8.92207050323486,"Male"
"9004160",371982,2025-05-30 03:12:23,42.399284362793,-8.92196941375732,"Male"
"9004160",371982,2025-05-30 03:17:42,42.3993797302246,-8.92198371887207,"Male"
"9004160",371982,2025-05-30 03:22:21,42.3992347717285,-8.92189121246338,"Male"
"9004160",371982,2025-05-30 03:27:21,42.3993530273438,-8.92202377319336,"Male"
"9004160",371982,2025-05-30 03:32:21,42.3995971679688,-8.92220115661621,"Male"
"9004160",371982,2025-05-30 03:37:27,42.3993530273438,-8.92195510864258,"Male"
"9004160",371982,2025-05-30 03:42:33,42.3993492126465,-8.92196083068848,"Male"
"9004160",371982,2025-05-30 03:48:26,42.3993148803711,-8.921950340271,"Male"
"9004160",371982,2025-05-30 03:52:25,42.3993034362793,-8.92191028594971,"Male"
"9004160",371982,2025-05-30 03:57:27,42.3992919921875,-8.92196369171143,"Male"
"9004160",371982,2025-05-30 04:02:28,42.3992919921875,-8.92189693450928,"Male"
"9004160",371982,2025-05-30 04:07:27,42.3993453979492,-8.92196941375732,"Male"
"9004160",371982,2025-05-30 04:12:25,42.3992729187012,-8.92179870605469,"Male"
"9004160",371982,2025-05-30 04:17:22,42.3992538452148,-8.92196846008301,"Male"
"9004160",371982,2025-05-30 04:22:26,42.399097442627,-8.92223739624023,"Male"
"9004160",371982,2025-05-30 04:27:27,42.3992576599121,-8.9220027923584,"Male"
"9004160",371982,2025-05-30 04:32:25,42.3993148803711,-8.92190265655518,"Male"
"9004160",371982,2025-05-30 04:37:23,42.399242401123,-8.92186737060547,"Male"
"9004160",371982,2025-05-30 04:42:23,42.399299621582,-8.92200565338135,"Male"
"9004160",371982,2025-05-30 04:47:31,42.3993034362793,-8.92203617095947,"Male"
"9004160",371982,2025-05-30 04:52:23,42.3992614746094,-8.92200088500977,"Male"
"9004160",371982,2025-05-30 04:57:24,42.3992462158203,-8.9219799041748,"Male"
"9004160",371982,2025-05-30 05:02:22,42.3991394042969,-8.92183971405029,"Male"
"9004160",371982,2025-05-30 05:07:31,42.399356842041,-8.92184066772461,"Male"
"9004160",371982,2025-05-30 05:12:30,42.3993377685547,-8.9219970703125,"Male"
"9004160",371982,2025-05-30 05:17:28,42.399356842041,-8.92189979553223,"Male"
"9004160",371982,2025-05-30 05:22:42,42.3992080688477,-8.92196655273438,"Male"
"9004160",371982,2025-05-30 05:27:21,42.3991661071777,-8.92186450958252,"Male"
"9004160",371982,2025-05-30 05:32:24,42.3992118835449,-8.92182445526123,"Male"
"9004160",371982,2025-05-30 05:37:23,42.3992691040039,-8.9219217300415,"Male"
"9004160",371982,2025-05-30 05:42:24,42.3993339538574,-8.92194271087646,"Male"
"9004160",371982,2025-05-30 05:47:44,42.399299621582,-8.92200469970703,"Male"
"9004160",371982,2025-05-30 05:52:22,42.3992538452148,-8.92191886901855,"Male"
"9004160",371982,2025-05-30 05:57:21,42.3992691040039,-8.92190837860107,"Male"
"9004160",371982,2025-05-30 06:02:21,42.3991203308105,-8.92197322845459,"Male"
"9004160",371982,2025-05-30 06:07:23,42.3994369506836,-8.92213439941406,"Male"
"9004160",371982,2025-05-30 06:12:27,42.3992385864258,-8.92190647125244,"Male"
"9004160",371982,2025-05-30 06:17:24,42.3992004394531,-8.92190074920654,"Male"
"9004160",371982,2025-05-30 06:22:28,42.3991203308105,-8.92180633544922,"Male"
"9004160",371982,2025-05-30 06:27:32,42.3997230529785,-8.92202663421631,"Male"
"9004160",371982,2025-05-30 06:32:44,42.3992347717285,-8.92203330993652,"Male"
"9004160",371982,2025-05-30 06:37:22,42.3993225097656,-8.92178153991699,"Male"
"9004160",371982,2025-05-30 06:42:22,42.3993072509766,-8.92189884185791,"Male"
"9004160",371982,2025-05-30 06:47:25,42.3994674682617,-8.9218578338623,"Male"
"9004160",371982,2025-05-30 06:52:25,42.3992652893066,-8.92186450958252,"Male"
"9004160",371982,2025-05-30 06:57:22,42.3992538452148,-8.92182636260986,"Male"
"9004160",371982,2025-05-30 07:02:25,42.3991622924805,-8.92182064056396,"Male"
"9004160",371982,2025-05-30 07:07:22,42.3993873596191,-8.92168617248535,"Male"
"9004160",371982,2025-05-30 07:12:27,42.399299621582,-8.92193603515625,"Male"
"9004160",371982,2025-05-30 07:17:32,42.399341583252,-8.92182731628418,"Male"
"9004160",371982,2025-05-30 07:22:51,42.3993072509766,-8.92190551757812,"Male"
"9004160",371982,2025-05-30 07:27:21,42.3995056152344,-8.92180061340332,"Male"
"9004160",371982,2025-05-30 07:32:23,42.3991584777832,-8.92196369171143,"Male"
"9004160",371982,2025-05-30 07:37:21,42.3991394042969,-8.92181777954102,"Male"
"9004160",371982,2025-05-30 07:42:24,42.3990097045898,-8.92164421081543,"Male"
"9004160",371982,2025-05-30 07:47:30,42.3993949890137,-8.92192363739014,"Male"
"9004160",371982,2025-05-30 07:52:44,42.3994102478027,-8.92194271087646,"Male"
"9004160",371982,2025-05-30 07:57:21,42.3993835449219,-8.92188549041748,"Male"
"9004160",371982,2025-05-30 08:02:21,42.3994636535645,-8.92195987701416,"Male"
"9004160",371982,2025-05-30 08:07:21,42.3993988037109,-8.92197227478027,"Male"
"9004160",371982,2025-05-30 08:12:22,42.3994331359863,-8.92200565338135,"Male"
"9004160",371982,2025-05-30 08:17:37,42.3993225097656,-8.92209148406982,"Male"
"9004160",371982,2025-05-30 08:22:25,42.3993377685547,-8.92148971557617,"Male"
"9004160",371982,2025-05-30 08:27:28,42.3994178771973,-8.92208957672119,"Male"
"9004160",371982,2025-05-30 08:32:22,42.3994331359863,-8.92210674285889,"Male"
"9004160",371982,2025-05-30 08:37:32,42.3993492126465,-8.92224788665771,"Male"
"9004160",371982,2025-05-30 08:42:29,42.3993377685547,-8.92229747772217,"Male"
"9004160",371982,2025-05-30 08:47:45,42.399341583252,-8.92230129241943,"Male"
"9004160",371982,2025-05-30 08:52:25,42.3993263244629,-8.92221832275391,"Male"
"9004160",371982,2025-05-30 08:57:28,42.3992042541504,-8.92212200164795,"Male"
"9004160",371982,2025-05-30 09:02:30,42.3993377685547,-8.92228698730469,"Male"
"9004160",371982,2025-05-30 09:07:30,42.399299621582,-8.9223108291626,"Male"
"9004160",371982,2025-05-30 09:12:30,42.399169921875,-8.92204093933105,"Male"
"9004160",371982,2025-05-30 09:17:30,42.3992233276367,-8.92221546173096,"Male"
"9004160",371982,2025-05-30 09:22:44,42.3991279602051,-8.92197704315186,"Male"
"9004160",371982,2025-05-30 09:27:24,42.399227142334,-8.9219446182251,"Male"
"9004160",371982,2025-05-30 09:32:59,42.3994140625,-8.92184925079346,"Male"
"9004160",371982,2025-05-30 09:37:21,42.3992004394531,-8.92209434509277,"Male"
"9004160",371982,2025-05-30 09:42:21,42.4392433166504,-8.92683029174805,"Male"
"9004160",371982,2025-05-30 09:47:21,42.4818801879883,-8.93505191802979,"Male"
"9004160",371982,2025-05-30 09:52:21,42.5007553100586,-8.88202667236328,"Male"
"9004160",371982,2025-05-30 09:57:49,42.5000190734863,-8.8474006652832,"Male"
"9004160",371982,2025-05-30 10:03:32,42.4987564086914,-8.84873580932617,"Male"
"9004160",371982,2025-05-30 10:09:03,42.4981384277344,-8.85021591186523,"Male"
"9004160",371982,2025-05-30 10:14:01,42.4994964599609,-8.85071468353271,"Male"
"9004160",371982,2025-05-30 10:19:20,42.5007820129395,-8.84991073608398,"Male"
"9004160",371982,2025-05-30 10:24:10,42.5007743835449,-8.85001182556152,"Male"
"9004160",371982,2025-05-30 10:28:59,42.5007514953613,-8.85013103485107,"Male"
"9004160",371982,2025-05-30 10:34:00,42.5007171630859,-8.8500804901123,"Male"
"9004160",371982,2025-05-30 10:39:00,42.5007514953613,-8.85004043579102,"Male"
"9004160",371982,2025-05-30 10:44:00,42.5006332397461,-8.85000801086426,"Male"
"9004160",371982,2025-05-30 10:49:14,42.5006484985352,-8.84985256195068,"Male"
"9004160",371982,2025-05-30 10:53:59,42.5005111694336,-8.84934997558594,"Male"
"9004160",371982,2025-05-30 10:59:01,42.5005836486816,-8.84962177276611,"Male"
"9004160",371982,2025-05-30 11:04:01,42.5006484985352,-8.84994602203369,"Male"
"9004160",371982,2025-05-30 11:09:04,42.5006904602051,-8.85015773773193,"Male"
"9004160",371982,2025-05-30 11:14:02,42.5005874633789,-8.85000133514404,"Male"
"9004160",371982,2025-05-30 11:19:40,42.5024490356445,-8.84547138214111,"Male"
"9004160",371982,2025-05-30 11:25:08,42.5026245117188,-8.8454418182373,"Male"
"9004160",371982,2025-05-30 11:33:13,42.5015716552734,-8.84359550476074,"Male"
"9004160",371982,2025-05-30 11:38:04,42.5009231567383,-8.84371662139893,"Male"
"9004160",371982,2025-05-30 11:42:59,42.5013427734375,-8.84098434448242,"Male"
"9004160",371982,2025-05-30 11:48:01,42.501220703125,-8.84170055389404,"Male"
"9004160",371982,2025-05-30 11:53:14,42.5012321472168,-8.84105014801025,"Male"
"9004160",371982,2025-05-30 11:58:00,42.5012588500977,-8.84112071990967,"Male"
"9004160",371982,2025-05-30 12:03:00,42.5012245178223,-8.84108352661133,"Male"
"9004160",371982,2025-05-30 12:08:00,42.5176239013672,-8.82931137084961,"Male"
"9004160",371982,2025-05-30 12:13:02,42.5176582336426,-8.82931995391846,"Male"
"9004160",371982,2025-05-30 12:18:01,42.5176200866699,-8.82929039001465,"Male"
"9004160",371982,2025-05-30 12:22:59,42.5176773071289,-8.82924365997314,"Male"
"9004160",371982,2025-05-30 12:28:00,42.5177345275879,-8.82933139801025,"Male"
"9004160",371982,2025-05-30 12:33:00,42.5176887512207,-8.82931613922119,"Male"
"9004160",371982,2025-05-30 12:38:34,42.517765045166,-8.8284273147583,"Male"
"9004160",371982,2025-05-30 12:44:31,42.5165214538574,-8.82682609558105,"Male"
"9004160",371982,2025-05-30 12:53:53,42.5168838500977,-8.82585620880127,"Male"
"9004160",371982,2025-05-30 12:58:30,42.5168991088867,-8.82582092285156,"Male"
"9004160",371982,2025-05-30 13:03:25,42.5168876647949,-8.82583332061768,"Male"
"9004160",371982,2025-05-30 13:08:25,42.5168380737305,-8.82575702667236,"Male"
"9004160",371982,2025-05-30 13:13:25,42.5169525146484,-8.82581615447998,"Male"
"9004160",371982,2025-05-30 13:18:25,42.5169105529785,-8.82586288452148,"Male"
"9004160",371982,2025-05-30 13:23:36,42.5168380737305,-8.82571983337402,"Male"
"9004160",371982,2025-05-30 13:28:18,42.5168724060059,-8.82564830780029,"Male"
"9004160",371982,2025-05-30 13:33:16,42.5168609619141,-8.82568359375,"Male"
"9004160",371982,2025-05-30 13:38:16,42.5168876647949,-8.8256311416626,"Male"
"9004160",371982,2025-05-30 13:43:17,42.5168685913086,-8.82570743560791,"Male"
"9004160",371982,2025-05-30 13:48:17,42.516845703125,-8.82571029663086,"Male"
"9004160",371982,2025-05-30 13:53:17,42.516773223877,-8.82572269439697,"Male"
"9004160",371982,2025-05-30 13:58:16,42.5166435241699,-8.82544612884521,"Male"
"9004160",371982,2025-05-30 14:03:17,42.5168609619141,-8.82573127746582,"Male"
"9004160",371982,2025-05-30 14:08:18,42.5168647766113,-8.82580184936523,"Male"
"9004160",371982,2025-05-30 14:13:35,42.5168762207031,-8.82577800750732,"Male"
"9004160",371982,2025-05-30 14:18:16,42.5168876647949,-8.82570838928223,"Male"
"9004160",371982,2025-05-30 14:23:16,42.5169219970703,-8.82567596435547,"Male"
"9004160",371982,2025-05-30 14:28:16,42.5168991088867,-8.82568836212158,"Male"
"9004160",371982,2025-05-30 14:33:16,42.5168952941895,-8.82568359375,"Male"
"9004160",371982,2025-05-30 14:38:16,42.5168724060059,-8.82573223114014,"Male"
"9004160",371982,2025-05-30 14:43:16,42.5168800354004,-8.82569313049316,"Male"
"9004160",371982,2025-05-30 14:48:16,42.5168342590332,-8.8256893157959,"Male"
"9004160",371982,2025-05-30 14:53:16,42.5167922973633,-8.82571315765381,"Male"
"9004160",371982,2025-05-30 14:58:16,42.5168762207031,-8.82570934295654,"Male"
"9004160",371982,2025-05-30 15:03:16,42.5168075561523,-8.82569980621338,"Male"
"9004160",371982,2025-05-30 15:08:16,42.5168762207031,-8.82570743560791,"Male"
"9004160",371982,2025-05-30 15:13:17,42.5168418884277,-8.82565689086914,"Male"
"9004160",371982,2025-05-30 15:18:18,42.5177459716797,-8.82519054412842,"Male"
"9004160",371982,2025-05-30 15:23:38,42.5191535949707,-8.82591724395752,"Male"
"9004160",371982,2025-05-30 15:28:34,42.5193557739258,-8.82542896270752,"Male"
"9004160",371982,2025-05-30 15:33:35,42.5186653137207,-8.82510375976562,"Male"
"9004160",371982,2025-05-30 15:38:32,42.516773223877,-8.82594871520996,"Male"
"9004160",371982,2025-05-30 15:43:34,42.5168037414551,-8.82595157623291,"Male"
"9004160",371982,2025-05-30 15:48:33,42.5168800354004,-8.82545375823975,"Male"
"9004160",371982,2025-05-30 15:53:37,42.5168266296387,-8.82585620880127,"Male"
"9004160",371982,2025-05-30 15:58:42,42.5167922973633,-8.82579517364502,"Male"
"9004160",371982,2025-05-30 16:03:32,42.5167770385742,-8.8256196975708,"Male"
"9004160",371982,2025-05-30 16:08:36,42.5168113708496,-8.82576370239258,"Male"
"9004160",371982,2025-05-30 16:13:34,42.5167350769043,-8.82576942443848,"Male"
"9004160",371982,2025-05-30 16:18:38,42.5167999267578,-8.82573223114014,"Male"
"9004160",371982,2025-05-30 16:23:34,42.516845703125,-8.82587909698486,"Male"
"9004160",371982,2025-05-30 16:28:37,42.5167465209961,-8.82571125030518,"Male"
"9004160",371982,2025-05-30 16:33:34,42.5167655944824,-8.82571887969971,"Male"
"9004160",371982,2025-05-30 16:38:38,42.5167427062988,-8.8257532119751,"Male"
"9004160",371982,2025-05-30 16:43:37,42.5168342590332,-8.82578754425049,"Male"
"9004160",371982,2025-05-30 16:51:43,42.5178337097168,-8.82348346710205,"Male"
"9004160",371982,2025-05-30 16:57:01,42.5190048217773,-8.82296085357666,"Male"
"9004160",371982,2025-05-30 17:02:41,42.5188980102539,-8.82356929779053,"Male"
"9004160",371982,2025-05-30 17:07:49,42.5191764831543,-8.82291412353516,"Male"
"9004160",371982,2025-05-30 17:13:33,42.5185050964355,-8.82379722595215,"Male"
"9004160",371982,2025-05-30 17:19:13,42.5167922973633,-8.82568168640137,"Male"
"9004160",371982,2025-05-30 17:24:12,42.5165863037109,-8.8270206451416,"Male"
"9004160",371982,2025-05-30 17:29:35,42.5166358947754,-8.82545375823975,"Male"
"9004160",371982,2025-05-30 17:34:08,42.5165519714355,-8.82556056976318,"Male"
"9004160",371982,2025-05-30 17:39:08,42.5166854858398,-8.82532596588135,"Male"
"9004160",371982,2025-05-30 17:44:08,42.5165710449219,-8.82547187805176,"Male"
"9004160",371982,2025-05-30 17:49:08,42.5168647766113,-8.82551670074463,"Male"
"9004160",371982,2025-05-30 17:54:11,42.5166702270508,-8.82546615600586,"Male"
"9004160",371982,2025-05-30 17:59:08,42.5165519714355,-8.82549381256104,"Male"
"9004160",371982,2025-05-30 18:04:12,42.5166549682617,-8.82542514801025,"Male"
"9004160",371982,2025-05-30 18:09:08,42.5165557861328,-8.82564353942871,"Male"
"9004160",371982,2025-05-30 18:14:08,42.5166358947754,-8.82544422149658,"Male"
"9004160",371982,2025-05-30 18:19:08,42.5166168212891,-8.8254919052124,"Male"
"9004160",371982,2025-05-30 18:24:10,42.516529083252,-8.82554244995117,"Male"
"9004160",371982,2025-05-30 18:29:16,42.5151443481445,-8.82597923278809,"Male"
"9004160",371982,2025-05-30 18:34:44,42.515079498291,-8.82527732849121,"Male"
"9004160",371982,2025-05-30 18:40:14,42.5139236450195,-8.82547950744629,"Male"
"9004160",371982,2025-05-30 18:45:14,42.5136299133301,-8.82718753814697,"Male"
"9004160",371982,2025-05-30 18:50:12,42.5141830444336,-8.82824993133545,"Male"
"9004160",371982,2025-05-30 18:55:13,42.5145492553711,-8.82921314239502,"Male"
"9004160",371982,2025-05-30 19:00:12,42.5096626281738,-8.84317398071289,"Male"
"9004160",371982,2025-05-30 19:05:13,42.5083351135254,-8.84537124633789,"Male"
"9004160",371982,2025-05-30 19:10:13,42.5083389282227,-8.84543609619141,"Male"
"9004160",371982,2025-05-30 19:15:12,42.5082550048828,-8.84540271759033,"Male"
"9004160",371982,2025-05-30 19:20:35,42.5083808898926,-8.84536838531494,"Male"
"9004160",371982,2025-05-30 19:25:11,42.5084190368652,-8.84532833099365,"Male"
"9004160",371982,2025-05-30 19:30:11,42.508373260498,-8.84538269042969,"Male"
"9004160",371982,2025-05-30 19:35:12,42.5083808898926,-8.84549236297607,"Male"
"9004160",371982,2025-05-30 19:40:11,42.508358001709,-8.84542942047119,"Male"
"9004160",371982,2025-05-30 19:45:11,42.5083808898926,-8.84541130065918,"Male"
"9004160",371982,2025-05-30 19:50:12,42.5022048950195,-8.86862754821777,"Male"
"9004160",371982,2025-05-30 19:55:11,42.4860649108887,-8.91494941711426,"Male"
"9004160",371982,2025-05-30 20:00:12,42.4609413146973,-8.94393444061279,"Male"
"9004160",371982,2025-05-30 20:05:11,42.4263038635254,-8.93091678619385,"Male"
"9004160",371982,2025-05-30 20:10:13,42.3996238708496,-8.92195796966553,"Male"
"9004160",371982,2025-05-30 20:15:12,42.3995132446289,-8.92194080352783,"Male"
"9004160",371982,2025-05-30 20:20:31,42.3993301391602,-8.92199802398682,"Male"
"9004160",371982,2025-05-30 20:26:14,42.3993301391602,-8.92202663421631,"Male"
"9004160",371982,2025-05-30 20:30:17,42.3993835449219,-8.92206954956055,"Male"
"9004160",371982,2025-05-30 20:35:15,42.3994750976562,-8.92231369018555,"Male"
"9004160",371982,2025-05-30 20:40:16,42.3995475769043,-8.92230415344238,"Male"
"9004160",371982,2025-05-30 20:45:44,42.3993453979492,-8.92198276519775,"Male"
"9004160",371982,2025-05-30 20:50:13,42.3992767333984,-8.92182540893555,"Male"
"9004160",371982,2025-05-30 20:55:26,42.3993606567383,-8.92206573486328,"Male"
"9004160",371982,2025-05-30 21:00:14,42.399356842041,-8.92179775238037,"Male"
"9004160",371982,2025-05-30 21:05:25,42.3992881774902,-8.92202377319336,"Male"
"9004160",371982,2025-05-30 21:10:26,42.3992881774902,-8.92195415496826,"Male"
"9004160",371982,2025-05-30 21:15:25,42.3992233276367,-8.92195415496826,"Male"
"9004160",371982,2025-05-30 21:20:25,42.3993110656738,-8.92201328277588,"Male"
"9004160",371982,2025-05-30 21:25:25,42.3993530273438,-8.921950340271,"Male"
"9004160",371982,2025-05-30 21:30:25,42.3993148803711,-8.92198371887207,"Male"
"9004160",371982,2025-05-30 21:35:25,42.3992958068848,-8.92206859588623,"Male"
"9004160",371982,2025-05-30 21:40:26,42.3992805480957,-8.92198085784912,"Male"
"9004160",371982,2025-05-30 21:45:35,42.3992958068848,-8.9219388961792,"Male"
"9004160",371982,2025-05-30 21:50:31,42.399299621582,-8.92193508148193,"Male"
"9004160",371982,2025-05-30 21:55:18,42.3992042541504,-8.92171573638916,"Male"
"9004160",371982,2025-05-30 22:00:25,42.3993072509766,-8.9219970703125,"Male"
"9004160",371982,2025-05-30 22:05:19,42.3991851806641,-8.92157077789307,"Male"
"9004160",371982,2025-05-30 22:10:25,42.3992080688477,-8.92198371887207,"Male"
"9004160",371982,2025-05-30 22:15:19,42.3990936279297,-8.92169570922852,"Male"
"9004160",371982,2025-05-30 22:20:25,42.3992614746094,-8.92199611663818,"Male"
"9004160",371982,2025-05-30 22:25:14,42.3994102478027,-8.92209625244141,"Male"
"9004160",371982,2025-05-30 22:30:25,42.3992195129395,-8.92200565338135,"Male"
"9004160",371982,2025-05-30 22:35:16,42.3991355895996,-8.921875,"Male"
"9004160",371982,2025-05-30 22:40:33,42.3993644714355,-8.92194652557373,"Male"
"9004160",371982,2025-05-30 22:45:16,42.3996162414551,-8.92222213745117,"Male"
"9004160",371982,2025-05-30 22:50:23,42.3991851806641,-8.92197227478027,"Male"
"9004160",371982,2025-05-30 22:55:19,42.3990135192871,-8.92134380340576,"Male"
"9004160",371982,2025-05-30 23:00:33,42.3994140625,-8.92189025878906,"Male"
"9004160",371982,2025-05-30 23:05:22,42.3992805480957,-8.92194080352783,"Male"
"9004160",371982,2025-05-30 23:10:30,42.399299621582,-8.92193412780762,"Male"
"9004160",371982,2025-05-30 23:15:28,42.3992614746094,-8.92199420928955,"Male"
"9004160",371982,2025-05-30 23:20:44,42.3993759155273,-8.92194843292236,"Male"
"9004160",371982,2025-05-30 23:25:55,42.3994026184082,-8.92195510864258,"Male"
"9004160",371982,2025-05-30 23:30:22,42.3994369506836,-8.92195320129395,"Male"
"9004160",371982,2025-05-30 23:35:37,42.3994483947754,-8.92197418212891,"Male"
"9004160",371982,2025-05-30 23:40:26,42.3993148803711,-8.92195796966553,"Male"
"9004160",371982,2025-05-30 23:45:45,42.3993911743164,-8.92194938659668,"Male"
"9004160",371982,2025-05-30 23:50:29,42.3993148803711,-8.92192077636719,"Male"
"9004160",371982,2025-05-30 23:56:36,42.399356842041,-8.92196178436279,"Male"
"9004160",371982,2025-05-31 00:01:36,42.399227142334,-8.92189979553223,"Male"
"9004160",371982,2025-05-31 00:05:44,42.3992652893066,-8.92191600799561,"Male"
"9004160",371982,2025-05-31 00:10:17,42.3993988037109,-8.92207622528076,"Male"
"9004160",371982,2025-05-31 00:16:36,42.3992042541504,-8.92191314697266,"Male"
"9004160",371982,2025-05-31 00:20:51,42.3991775512695,-8.92187213897705,"Male"
"9004160",371982,2025-05-31 00:25:15,42.3992462158203,-8.92205142974854,"Male"
"9004160",371982,2025-05-31 00:30:13,42.3993301391602,-8.92195987701416,"Male"
"9004160",371982,2025-05-31 00:35:17,42.3990097045898,-8.92165756225586,"Male"
"9004160",371982,2025-05-31 00:40:20,42.3990364074707,-8.92187786102295,"Male"
"9004160",371982,2025-05-31 00:45:16,42.3992156982422,-8.92167282104492,"Male"
"9004160",371982,2025-05-31 00:50:14,42.3989028930664,-8.92173099517822,"Male"
"9004160",371982,2025-05-31 00:55:17,42.3989410400391,-8.92162895202637,"Male"
"9004160",371982,2025-05-31 01:00:25,42.3992080688477,-8.92169284820557,"Male"
"9004160",371982,2025-05-31 01:05:29,42.3993110656738,-8.9216775894165,"Male"
"9004160",371982,2025-05-31 01:10:44,42.3991889953613,-8.92136383056641,"Male"
"9004160",371982,2025-05-31 01:15:12,42.3991050720215,-8.92165756225586,"Male"
"9004160",371982,2025-05-31 01:20:23,42.3993034362793,-8.92196655273438,"Male"
"9004160",371982,2025-05-31 01:25:35,42.3991813659668,-8.92189788818359,"Male"
"9004160",371982,2025-05-31 01:30:13,42.3991737365723,-8.92189407348633,"Male"
"9004160",371982,2025-05-31 01:35:13,42.3991546630859,-8.92193603515625,"Male"
"9004160",371982,2025-05-31 01:40:13,42.3991088867188,-8.92181873321533,"Male"
"9004160",371982,2025-05-31 01:45:19,42.398754119873,-8.92172908782959,"Male"
"9004160",371982,2025-05-31 01:50:25,42.3992919921875,-8.92191791534424,"Male"
"9004160",371982,2025-05-31 01:55:45,42.3992233276367,-8.92190742492676,"Male"
"9004160",371982,2025-05-31 02:00:25,42.3992881774902,-8.92179870605469,"Male"
"9004160",371982,2025-05-31 02:05:22,42.3992805480957,-8.92186450958252,"Male"
"9004160",371982,2025-05-31 02:10:35,42.3992004394531,-8.92194938659668,"Male"
"9004160",371982,2025-05-31 02:15:16,42.3991622924805,-8.92202568054199,"Male"
"9004160",371982,2025-05-31 02:20:22,42.3992195129395,-8.9218921661377,"Male"
"9004160",371982,2025-05-31 02:25:20,42.3992462158203,-8.9218225479126,"Male"
"9004160",371982,2025-05-31 02:30:20,42.3991928100586,-8.921799659729,"Male"
"9004160",371982,2025-05-31 02:36:36,42.3992080688477,-8.92193412780762,"Male"
"9004160",371982,2025-05-31 02:41:36,42.3992118835449,-8.92192268371582,"Male"
"9004160",371982,2025-05-31 02:46:36,42.3991889953613,-8.92187976837158,"Male"
"9004160",371982,2025-05-31 02:51:36,42.399341583252,-8.92187023162842,"Male"
"9004160",371982,2025-05-31 02:56:36,42.3993377685547,-8.92185974121094,"Male"
"9004160",371982,2025-05-31 03:01:36,42.3993759155273,-8.92188739776611,"Male"
"9004160",371982,2025-05-31 03:06:36,42.3993225097656,-8.92187881469727,"Male"
"9004160",371982,2025-05-31 03:11:36,42.3993453979492,-8.92191791534424,"Male"
"9004160",371982,2025-05-31 03:16:36,42.3993797302246,-8.92189884185791,"Male"
"9004160",371982,2025-05-31 03:21:36,42.3993148803711,-8.92187213897705,"Male"
"9004160",371982,2025-05-31 03:26:26,42.3993148803711,-8.92192077636719,"Male"
"9004160",371982,2025-05-31 03:31:35,42.3993606567383,-8.92189121246338,"Male"
"9004160",371982,2025-05-31 03:35:14,42.398998260498,-8.92169952392578,"Male"
"9004160",371982,2025-05-31 03:40:16,42.3996810913086,-8.92218971252441,"Male"
"9004160",371982,2025-05-31 03:45:17,42.3996276855469,-8.92217826843262,"Male"
"9004160",371982,2025-05-31 03:50:14,42.3994979858398,-8.92210674285889,"Male"
"9004160",371982,2025-05-31 03:55:14,42.3995208740234,-8.92219352722168,"Male"
"9004160",371982,2025-05-31 04:00:16,42.3995399475098,-8.92224407196045,"Male"
"9004160",371982,2025-05-31 04:05:13,42.3993835449219,-8.92222785949707,"Male"
"9004160",371982,2025-05-31 04:10:17,42.3995208740234,-8.92204093933105,"Male"
"9004160",371982,2025-05-31 04:15:15,42.399528503418,-8.92216300964355,"Male"
"9004160",371982,2025-05-31 04:20:17,42.3993988037109,-8.92259407043457,"Male"
"9004160",371982,2025-05-31 04:25:24,42.3995208740234,-8.92200183868408,"Male"
"9004160",371982,2025-05-31 04:30:23,42.3991546630859,-8.92210006713867,"Male"
"9004160",371982,2025-05-31 04:35:19,42.3994026184082,-8.92202091217041,"Male"
"9004160",371982,2025-05-31 04:40:18,42.399543762207,-8.92231464385986,"Male"
"9004160",371982,2025-05-31 04:45:47,42.399242401123,-8.92212390899658,"Male"
"9004160",371982,2025-05-31 04:50:17,42.3992118835449,-8.92210865020752,"Male"
"9004160",371982,2025-05-31 04:55:17,42.3990669250488,-8.92196655273438,"Male"
"9004160",371982,2025-05-31 05:00:17,42.3991241455078,-8.92195701599121,"Male"
"9004160",371982,2025-05-31 05:05:19,42.3989448547363,-8.92206859588623,"Male"
"9004160",371982,2025-05-31 05:10:16,42.3990287780762,-8.9218282699585,"Male"
"9004160",371982,2025-05-31 05:15:15,42.3990592956543,-8.92154407501221,"Male"
"9004160",371982,2025-05-31 05:20:15,42.3990707397461,-8.92169380187988,"Male"
"9004160",371982,2025-05-31 05:25:14,42.3995094299316,-8.92245674133301,"Male"
"9004160",371982,2025-05-31 05:30:16,42.3994789123535,-8.92265319824219,"Male"
"9004160",371982,2025-05-31 05:35:17,42.3988800048828,-8.92111492156982,"Male"
"9004160",371982,2025-05-31 05:40:17,42.3990097045898,-8.92123603820801,"Male"
"9004160",371982,2025-05-31 05:45:17,42.3992919921875,-8.92185878753662,"Male"
"9004160",371982,2025-05-31 05:50:14,42.3990478515625,-8.92146396636963,"Male"
"9004160",371982,2025-05-31 05:55:24,42.3994026184082,-8.92199039459229,"Male"
"9004160",371982,2025-05-31 06:00:15,42.3994483947754,-8.92205810546875,"Male"
"9004160",371982,2025-05-31 06:05:14,42.3990821838379,-8.92164325714111,"Male"
"9004160",371982,2025-05-31 06:10:13,42.3994407653809,-8.92219257354736,"Male"
"9004160",371982,2025-05-31 06:15:18,42.399284362793,-8.92166137695312,"Male"
"9004160",371982,2025-05-31 06:20:22,42.3991737365723,-8.92172527313232,"Male"
"9004160",371982,2025-05-31 06:25:51,42.3991584777832,-8.92198753356934,"Male"
"9004160",371982,2025-05-31 06:30:35,42.3991394042969,-8.92200088500977,"Male"
"9004160",371982,2025-05-31 06:35:19,42.3990135192871,-8.92206573486328,"Male"
"9004160",371982,2025-05-31 06:40:19,42.3990783691406,-8.92199039459229,"Male"
"9004160",371982,2025-05-31 06:45:15,42.3990745544434,-8.92189502716064,"Male"
"9004160",371982,2025-05-31 06:50:13,42.3992195129395,-8.92185211181641,"Male"
"9004160",371982,2025-05-31 06:55:13,42.3995399475098,-8.92175674438477,"Male"
"9004160",371982,2025-05-31 07:00:13,42.3993797302246,-8.92181491851807,"Male"
"9004160",371982,2025-05-31 07:05:13,42.3992652893066,-8.92177200317383,"Male"
"9004160",371982,2025-05-31 07:10:15,42.3995475769043,-8.92178916931152,"Male"
"9004160",371982,2025-05-31 07:15:13,42.3992462158203,-8.9217529296875,"Male"
"9004160",371982,2025-05-31 07:20:13,42.3993530273438,-8.92177772521973,"Male"
"9004160",371982,2025-05-31 07:25:16,42.3993721008301,-8.92177772521973,"Male"
"9004160",371982,2025-05-31 07:30:13,42.3992614746094,-8.9218053817749,"Male"
"9004160",371982,2025-05-31 07:35:14,42.3992958068848,-8.92177295684814,"Male"
"9004160",371982,2025-05-31 07:40:14,42.3994102478027,-8.92184257507324,"Male"
"9004160",371982,2025-05-31 07:45:15,42.3994140625,-8.9216947555542,"Male"
"9004160",371982,2025-05-31 07:50:16,42.3993263244629,-8.92115783691406,"Male"
"9004160",371982,2025-05-31 07:55:14,42.3992462158203,-8.92149639129639,"Male"
"9004160",371982,2025-05-31 08:00:37,42.3994293212891,-8.921875,"Male"
"9004160",371982,2025-05-31 08:05:15,42.3993988037109,-8.92189025878906,"Male"
"9004160",371982,2025-05-31 08:10:42,42.3993682861328,-8.92194843292236,"Male"
"9004160",371982,2025-05-31 08:15:12,42.399242401123,-8.92184257507324,"Male"
"9004160",371982,2025-05-31 08:20:13,42.3994102478027,-8.92221736907959,"Male"
"9004160",371982,2025-05-31 08:25:12,42.399356842041,-8.92214488983154,"Male"
"9004160",371982,2025-05-31 08:30:12,42.3992958068848,-8.92205047607422,"Male"
"9004160",371982,2025-05-31 08:35:12,42.3993225097656,-8.92201137542725,"Male"
"9004160",371982,2025-05-31 08:40:13,42.398868560791,-8.92132568359375,"Male"
"9004160",371982,2025-05-31 08:45:14,42.3993225097656,-8.92200183868408,"Male"
"9004160",371982,2025-05-31 08:50:16,42.3993453979492,-8.92217350006104,"Male"
"9004160",371982,2025-05-31 08:55:16,42.3992958068848,-8.92190742492676,"Male"
"9004160",371982,2025-05-31 09:00:14,42.3992233276367,-8.92193508148193,"Male"
"9004160",371982,2025-05-31 09:05:13,42.3993110656738,-8.92193412780762,"Male"
"9004160",371982,2025-05-31 09:10:13,42.3993072509766,-8.92192077636719,"Male"
"9004160",371982,2025-05-31 09:15:13,42.399284362793,-8.92187404632568,"Male"
"9004160",371982,2025-05-31 09:20:13,42.3992233276367,-8.92181968688965,"Male"
"9004160",371982,2025-05-31 09:25:14,42.3992462158203,-8.92182731628418,"Male"
"9004160",371982,2025-05-31 09:30:13,42.399227142334,-8.9215259552002,"Male"
"9004160",371982,2025-05-31 09:35:13,42.3992691040039,-8.92182922363281,"Male"
"9004160",371982,2025-05-31 09:40:13,42.3992881774902,-8.92182064056396,"Male"
"9004160",371982,2025-05-31 09:45:13,42.3993148803711,-8.92181777954102,"Male"
"9004160",371982,2025-05-31 09:50:13,42.3993110656738,-8.92182540893555,"Male"
"9004160",371982,2025-05-31 09:55:13,42.3993988037109,-8.92192077636719,"Male"
"9004160",371982,2025-05-31 10:00:13,42.3993721008301,-8.92189311981201,"Male"
"9004160",371982,2025-05-31 10:05:17,42.3994789123535,-8.92228031158447,"Male"
"9004160",371982,2025-05-31 10:10:35,42.3992919921875,-8.92196369171143,"Male"
"9004160",371982,2025-05-31 10:15:12,42.3993110656738,-8.92198371887207,"Male"
"9004160",371982,2025-05-31 10:20:17,42.399242401123,-8.92212200164795,"Male"
"9004160",371982,2025-05-31 10:25:16,42.3992958068848,-8.92197704315186,"Male"
"9004160",371982,2025-05-31 10:30:25,42.3992500305176,-8.92191600799561,"Male"
"9004160",371982,2025-05-31 10:35:53,42.399284362793,-8.92195415496826,"Male"
"9004160",371982,2025-05-31 10:40:42,42.399242401123,-8.92196846008301,"Male"
"9004160",371982,2025-05-31 10:45:40,42.399242401123,-8.92197704315186,"Male"
"9004160",371982,2025-05-31 10:50:13,42.3993988037109,-8.92237663269043,"Male"
"9004160",371982,2025-05-31 10:55:18,42.3996162414551,-8.92261219024658,"Male"
"9004160",371982,2025-05-31 11:00:23,42.3988265991211,-8.92176818847656,"Male"
"9004160",371982,2025-05-31 11:05:12,42.4174308776855,-8.92733383178711,"Male"
"9004160",371982,2025-05-31 11:10:12,42.4469947814941,-8.93605041503906,"Male"
"9004160",371982,2025-05-31 11:15:13,42.467472076416,-8.94493293762207,"Male"
"9004160",371982,2025-05-31 11:20:12,42.4840507507324,-8.92960357666016,"Male"
"9004160",371982,2025-05-31 11:25:12,42.5001945495605,-8.89064121246338,"Male"
"9004160",371982,2025-05-31 11:30:30,42.5016059875488,-8.88729572296143,"Male"
"9004160",371982,2025-05-31 11:35:38,42.5039520263672,-8.88440990447998,"Male"
"9004160",371982,2025-05-31 11:40:24,42.5039367675781,-8.88422298431396,"Male"
"9004160",371982,2025-05-31 11:45:26,42.5148239135742,-8.84220886230469,"Male"
"9004160",371982,2025-05-31 11:50:57,42.5180397033691,-8.82987689971924,"Male"
"9004160",371982,2025-05-31 11:58:44,42.5164070129395,-8.82785415649414,"Male"
"9004160",371982,2025-05-31 12:03:36,42.5167961120605,-8.82625389099121,"Male"
"9004160",371982,2025-05-31 12:08:39,42.5168037414551,-8.82626628875732,"Male"
"9004160",371982,2025-05-31 12:13:42,42.5169105529785,-8.82599830627441,"Male"
"9004160",371982,2025-05-31 12:18:33,42.5168037414551,-8.82595920562744,"Male"
"9004160",371982,2025-05-31 12:23:33,42.5167388916016,-8.82581615447998,"Male"
"9004160",371982,2025-05-31 12:28:33,42.5167503356934,-8.82591533660889,"Male"
"9004160",371982,2025-05-31 12:33:33,42.5170135498047,-8.82602310180664,"Male"
"9004160",371982,2025-05-31 12:38:34,42.5168190002441,-8.8259859085083,"Male"
"9004160",371982,2025-05-31 12:43:36,42.516918182373,-8.82603454589844,"Male"
"9004160",371982,2025-05-31 12:48:44,42.5168037414551,-8.82593441009521,"Male"
"9004160",371982,2025-05-31 12:53:33,42.5168380737305,-8.82578277587891,"Male"
"9004160",371982,2025-05-31 12:58:33,42.5169258117676,-8.82578277587891,"Male"
"9004160",371982,2025-05-31 13:03:47,42.516529083252,-8.82682037353516,"Male"
"9004160",371982,2025-05-31 13:10:08,42.5174217224121,-8.82748317718506,"Male"
"9004160",371982,2025-05-31 13:15:06,42.5178489685059,-8.82748126983643,"Male"
"9004160",371982,2025-05-31 13:20:03,42.5167655944824,-8.82655715942383,"Male"
"9004160",371982,2025-05-31 13:25:02,42.5169334411621,-8.82580375671387,"Male"
"9004160",371982,2025-05-31 13:30:04,42.5170555114746,-8.82592964172363,"Male"
"9004160",371982,2025-05-31 13:35:00,42.5171318054199,-8.82619762420654,"Male"
"9004160",371982,2025-05-31 13:40:14,42.5168647766113,-8.82598400115967,"Male"
"9004160",371982,2025-05-31 13:45:02,42.517032623291,-8.8256311416626,"Male"
"9004160",371982,2025-05-31 13:50:02,42.5169792175293,-8.82572269439697,"Male"
"9004160",371982,2025-05-31 13:55:02,42.5170135498047,-8.82560348510742,"Male"
"9004160",371982,2025-05-31 14:00:12,42.5166816711426,-8.82571029663086,"Male"
"9004160",371982,2025-05-31 14:05:09,42.516716003418,-8.82566070556641,"Male"
"9004160",371982,2025-05-31 14:10:09,42.5166702270508,-8.82570552825928,"Male"
"9004160",371982,2025-05-31 14:15:09,42.5166549682617,-8.82567882537842,"Male"
"9004160",371982,2025-05-31 14:20:09,42.5166511535645,-8.82565402984619,"Male"
"9004160",371982,2025-05-31 14:25:09,42.516674041748,-8.82572650909424,"Male"
"9004160",371982,2025-05-31 14:30:14,42.5166206359863,-8.82568168640137,"Male"
"9004160",371982,2025-05-31 14:35:02,42.5165863037109,-8.82571601867676,"Male"
"9004160",371982,2025-05-31 14:40:03,42.516529083252,-8.82577610015869,"Male"
"9004160",371982,2025-05-31 14:45:00,42.516674041748,-8.82566165924072,"Male"
"9004160",371982,2025-05-31 14:50:00,42.5165824890137,-8.82583999633789,"Male"
"9004160",371982,2025-05-31 14:55:00,42.5164566040039,-8.82571697235107,"Male"
"9004160",371982,2025-05-31 15:00:02,42.5165100097656,-8.82636833190918,"Male"
"9004160",371982,2025-05-31 15:05:09,42.5166549682617,-8.82570171356201,"Male"
"9004160",371982,2025-05-31 15:10:03,42.5167694091797,-8.825514793396,"Male"
"9004160",371982,2025-05-31 15:15:15,42.5166473388672,-8.82567882537842,"Male"
"9004160",371982,2025-05-31 15:20:02,42.516529083252,-8.82632064819336,"Male"
"9004160",371982,2025-05-31 15:25:09,42.5166511535645,-8.82568359375,"Male"
"9004160",371982,2025-05-31 15:30:30,42.5169982910156,-8.82459449768066,"Male"
"9004160",371982,2025-05-31 15:35:59,42.5168113708496,-8.82474803924561,"Male"
"9004160",371982,2025-05-31 15:41:05,42.5169410705566,-8.8256196975708,"Male"
"9004160",371982,2025-05-31 15:46:15,42.516716003418,-8.82568550109863,"Male"
"9004160",371982,2025-05-31 15:50:53,42.5167808532715,-8.82442855834961,"Male"
"9004160",371982,2025-05-31 15:56:00,42.5167121887207,-8.82564258575439,"Male"
"9004160",371982,2025-05-31 16:00:53,42.5167694091797,-8.82592010498047,"Male"
"9004160",371982,2025-05-31 16:06:00,42.5167236328125,-8.82557582855225,"Male"
"9004160",371982,2025-05-31 16:10:58,42.5167503356934,-8.82558727264404,"Male"
"9004160",371982,2025-05-31 16:15:58,42.516773223877,-8.82558250427246,"Male"
"9004160",371982,2025-05-31 16:20:58,42.5166969299316,-8.82550430297852,"Male"
"9004160",371982,2025-05-31 16:25:58,42.5167579650879,-8.82548999786377,"Male"
"9004160",371982,2025-05-31 16:31:15,42.516788482666,-8.82583618164062,"Male"
"9004160",371982,2025-05-31 16:41:25,42.5176315307617,-8.82745170593262,"Male"
"9004160",371982,2025-05-31 16:46:24,42.5170478820801,-8.82685947418213,"Male"
"9004160",371982,2025-05-31 16:51:24,42.5168838500977,-8.82586193084717,"Male"
"9004160",371982,2025-05-31 16:56:23,42.5168571472168,-8.82587146759033,"Male"
"9004160",371982,2025-05-31 17:01:24,42.516845703125,-8.82576942443848,"Male"
"9004160",371982,2025-05-31 17:06:24,42.5168991088867,-8.82589817047119,"Male"
"9004160",371982,2025-05-31 17:11:24,42.516918182373,-8.82595443725586,"Male"
"9004160",371982,2025-05-31 17:16:35,42.5168533325195,-8.82593536376953,"Male"
"9004160",371982,2025-05-31 17:21:11,42.5168876647949,-8.82602691650391,"Male"
"9004160",371982,2025-05-31 17:26:11,42.5168876647949,-8.82596015930176,"Male"
"9004160",371982,2025-05-31 17:31:11,42.5168609619141,-8.82586574554443,"Male"
"9004160",371982,2025-05-31 17:36:12,42.5168228149414,-8.8259220123291,"Male"
"9004160",371982,2025-05-31 17:41:12,42.5168609619141,-8.82594108581543,"Male"
"9004160",371982,2025-05-31 17:46:11,42.5168952941895,-8.82586193084717,"Male"
"9004160",371982,2025-05-31 17:51:17,42.516902923584,-8.82603073120117,"Male"
"9004160",371982,2025-05-31 17:56:13,42.5169792175293,-8.8261775970459,"Male"
"9004160",371982,2025-05-31 18:01:13,42.5169258117676,-8.82612895965576,"Male"
"9004160",371982,2025-05-31 18:06:13,42.5170707702637,-8.82633399963379,"Male"
"9004160",371982,2025-05-31 18:11:13,42.5168075561523,-8.82576560974121,"Male"
"9004160",371982,2025-05-31 18:16:12,42.5171394348145,-8.82647037506104,"Male"
"9004160",371982,2025-05-31 18:21:12,42.517032623291,-8.82618713378906,"Male"
"9004160",371982,2025-05-31 18:26:53,42.5162353515625,-8.82726192474365,"Male"
"9004160",371982,2025-05-31 18:32:11,42.516716003418,-8.82843589782715,"Male"
"9004160",371982,2025-05-31 18:37:48,42.517578125,-8.82996654510498,"Male"
"9004160",371982,2025-05-31 18:42:47,42.5177803039551,-8.83131694793701,"Male"
"9004160",371982,2025-05-31 18:47:48,42.5161094665527,-8.84041404724121,"Male"
"9004160",371982,2025-05-31 18:52:44,42.491039276123,-8.9058780670166,"Male"
"9004160",371982,2025-05-31 18:57:42,42.480712890625,-8.93666362762451,"Male"
"9004160",371982,2025-05-31 19:02:42,42.4806480407715,-8.93649959564209,"Male"
"9004160",371982,2025-05-31 19:07:44,42.4809188842773,-8.93701171875,"Male"
"9004160",371982,2025-05-31 19:12:54,42.4805564880371,-8.93627834320068,"Male"
"9004160",371982,2025-05-31 19:17:42,42.4806060791016,-8.93634223937988,"Male"
"9004160",371982,2025-05-31 19:22:48,42.4805526733398,-8.93626022338867,"Male"
"9004160",371982,2025-05-31 19:27:54,42.4514846801758,-8.94336891174316,"Male"
"9004160",371982,2025-05-31 19:33:29,42.3993453979492,-8.92196559906006,"Male"
"9004160",371982,2025-05-31 19:37:46,42.3993148803711,-8.92219543457031,"Male"
"9004160",371982,2025-05-31 19:42:52,42.3990249633789,-8.9223575592041,"Male"
"9004160",371982,2025-05-31 19:47:45,42.3993530273438,-8.92199039459229,"Male"
"9004160",371982,2025-05-31 19:52:44,42.3993263244629,-8.9219856262207,"Male"
"9004160",371982,2025-05-31 19:57:46,42.3993110656738,-8.92196941375732,"Male"
"9004160",371982,2025-05-31 20:02:45,42.3993492126465,-8.92215633392334,"Male"
"9004160",371982,2025-05-31 20:07:56,42.3990745544434,-8.92201900482178,"Male"
"9004160",371982,2025-05-31 20:13:14,42.3992042541504,-8.92195415496826,"Male"
"9004160",371982,2025-05-31 20:18:07,42.3992691040039,-8.92186450958252,"Male"
"9004160",371982,2025-05-31 20:23:12,42.3993225097656,-8.9218635559082,"Male"
"9004160",371982,2025-05-31 20:27:45,42.3989677429199,-8.92167282104492,"Male"
"9004160",371982,2025-05-31 20:32:52,42.3993453979492,-8.92194175720215,"Male"
"9004160",371982,2025-05-31 20:37:52,42.3993110656738,-8.92188835144043,"Male"
"9004160",371982,2025-05-31 20:43:10,42.399242401123,-8.92202663421631,"Male"
"9004160",371982,2025-05-31 20:47:44,42.3990631103516,-8.92170715332031,"Male"
"9004160",371982,2025-05-31 20:52:57,42.399341583252,-8.92201709747314,"Male"
"9004160",371982,2025-05-31 20:57:58,42.3992919921875,-8.92198181152344,"Male"
"9004160",371982,2025-05-31 21:02:48,42.3989868164062,-8.92129516601562,"Male"
"9004160",371982,2025-05-31 21:07:54,42.3992195129395,-8.92201232910156,"Male"
"9004160",371982,2025-05-31 21:12:54,42.3992347717285,-8.92201519012451,"Male"
"9004160",371982,2025-05-31 21:18:14,42.3992538452148,-8.92206192016602,"Male"
"9004160",371982,2025-05-31 21:22:54,42.3992233276367,-8.92214107513428,"Male"
"9004160",371982,2025-05-31 21:27:54,42.399242401123,-8.92201995849609,"Male"
"9004160",371982,2025-05-31 21:32:56,42.3992691040039,-8.92207527160645,"Male"
"9004160",371982,2025-05-31 21:37:54,42.3992385864258,-8.92190551757812,"Male"
"9004160",371982,2025-05-31 21:43:28,42.399284362793,-8.92186260223389,"Male"
"9004160",371982,2025-05-31 21:47:47,42.3990592956543,-8.9221715927124,"Male"
"9004160",371982,2025-05-31 21:52:46,42.3997955322266,-8.92297840118408,"Male"
"9004160",371982,2025-05-31 21:57:54,42.399284362793,-8.92191028594971,"Male"
"9004160",371982,2025-05-31 22:02:49,42.3993110656738,-8.92196369171143,"Male"
"9004160",371982,2025-05-31 22:07:46,42.3996925354004,-8.9227237701416,"Male"
"9004160",371982,2025-05-31 22:12:47,42.399959564209,-8.92298412322998,"Male"
"9004160",371982,2025-05-31 22:17:49,42.3992385864258,-8.92195796966553,"Male"
"9004160",371982,2025-05-31 22:22:54,42.3992538452148,-8.92198657989502,"Male"
"9004160",371982,2025-05-31 22:27:47,42.3993072509766,-8.9219913482666,"Male"
"9004160",371982,2025-05-31 22:32:57,42.3992004394531,-8.92199802398682,"Male"
"9004160",371982,2025-05-31 22:37:58,42.399169921875,-8.92203426361084,"Male"
"9004160",371982,2025-05-31 22:42:58,42.3991165161133,-8.92201900482178,"Male"
"9004160",371982,2025-05-31 22:48:09,42.399528503418,-8.9219274520874,"Male"
"9004160",371982,2025-05-31 22:53:14,42.3996086120605,-8.9218864440918,"Male"
"9004160",371982,2025-05-31 22:58:05,42.3995132446289,-8.92203426361084,"Male"
"9004160",371982,2025-05-31 23:02:45,42.3994178771973,-8.92219924926758,"Male"
"9004160",371982,2025-05-31 23:07:44,42.3992652893066,-8.92164039611816,"Male"
"9004160",371982,2025-05-31 23:12:45,42.399486541748,-8.92212104797363,"Male"
"9004160",371982,2025-05-31 23:19:05,42.3993911743164,-8.92193412780762,"Male"
"9004160",371982,2025-05-31 23:22:48,42.3989562988281,-8.92224311828613,"Male"
"9004160",371982,2025-05-31 23:29:05,42.3995513916016,-8.92197036743164,"Male"
"9004160",371982,2025-05-31 23:32:43,42.3994483947754,-8.92176628112793,"Male"
"9004160",371982,2025-05-31 23:37:46,42.399730682373,-8.92198181152344,"Male"
"9004160",371982,2025-05-31 23:42:45,42.3994903564453,-8.92194271087646,"Male"
"9004160",371982,2025-05-31 23:47:45,42.3993873596191,-8.92201709747314,"Male"
"9004160",371982,2025-05-31 23:52:46,42.3993949890137,-8.92210006713867,"Male"
"9004160",371982,2025-05-31 23:57:45,42.3994293212891,-8.92208099365234,"Male"
"9004160",371982,2025-06-01 00:02:52,42.3992767333984,-8.921950340271,"Male"
"9004160",371982,2025-06-01 00:07:51,42.3992385864258,-8.9219331741333,"Male"
"9004160",371982,2025-06-01 00:12:48,42.3992462158203,-8.9220027923584,"Male"
"9004160",371982,2025-06-01 00:17:44,42.3992614746094,-8.92191791534424,"Male"
"9004160",371982,2025-06-01 00:22:45,42.399299621582,-8.92193126678467,"Male"
"9004160",371982,2025-06-01 00:27:47,42.399284362793,-8.92195415496826,"Male"
"9004160",371982,2025-06-01 00:33:06,42.3992462158203,-8.9218635559082,"Male"
"9004160",371982,2025-06-01 00:37:47,42.3993034362793,-8.92202949523926,"Male"
"9004160",371982,2025-06-01 00:43:28,42.3992881774902,-8.92183017730713,"Male"
"9004160",371982,2025-06-01 00:47:52,42.3992080688477,-8.92193126678467,"Male"
"9004160",371982,2025-06-01 00:52:49,42.3991165161133,-8.92193222045898,"Male"
"9004160",371982,2025-06-01 00:57:48,42.3992080688477,-8.92199611663818,"Male"
"9004160",371982,2025-06-01 01:02:49,42.3991928100586,-8.92181491851807,"Male"
"9004160",371982,2025-06-01 01:08:12,42.399112701416,-8.92187213897705,"Male"
"9004160",371982,2025-06-01 01:12:48,42.3992652893066,-8.92198657989502,"Male"
"9004160",371982,2025-06-01 01:17:47,42.3993644714355,-8.92198753356934,"Male"
"9004160",371982,2025-06-01 01:22:45,42.3991584777832,-8.9218053817749,"Male"
"9004160",371982,2025-06-01 01:27:42,42.3991851806641,-8.92185115814209,"Male"
"9004160",371982,2025-06-01 01:32:42,42.399242401123,-8.92186450958252,"Male"
"9004160",371982,2025-06-01 01:37:45,42.3992195129395,-8.92186641693115,"Male"
"9004160",371982,2025-06-01 01:42:47,42.3992614746094,-8.92188262939453,"Male"
"9004160",371982,2025-06-01 01:48:05,42.3992156982422,-8.92182350158691,"Male"
"9004160",371982,2025-06-01 01:52:47,42.3991432189941,-8.92191791534424,"Male"
"9004160",371982,2025-06-01 01:57:54,42.3992042541504,-8.92172336578369,"Male"
"9004160",371982,2025-06-01 02:02:51,42.3993377685547,-8.92171955108643,"Male"
"9004160",371982,2025-06-01 02:08:14,42.3992042541504,-8.92177295684814,"Male"
"9004160",371982,2025-06-01 02:12:54,42.3991317749023,-8.9218578338623,"Male"
"9004160",371982,2025-06-01 02:17:54,42.3991165161133,-8.92182159423828,"Male"
"9004160",371982,2025-06-01 02:22:54,42.3990936279297,-8.92182445526123,"Male"
"9004160",371982,2025-06-01 02:27:51,42.3990898132324,-8.92191028594971,"Male"
"9004160",371982,2025-06-01 02:32:55,42.3990783691406,-8.92179012298584,"Male"
"9004160",371982,2025-06-01 02:39:05,42.3989067077637,-8.92182445526123,"Male"
"9004160",371982,2025-06-01 02:43:15,42.398998260498,-8.92184448242188,"Male"
"9004160",371982,2025-06-01 02:47:45,42.3991394042969,-8.92194747924805,"Male"
"9004160",371982,2025-06-01 02:53:03,42.3989753723145,-8.92183494567871,"Male"
"9004160",371982,2025-06-01 02:57:46,42.3990707397461,-8.92188453674316,"Male"
"9004160",371982,2025-06-01 03:02:54,42.3990020751953,-8.92178821563721,"Male"
"9004160",371982,2025-06-01 03:07:45,42.3991279602051,-8.9219799041748,"Male"
"9004160",371982,2025-06-01 03:12:43,42.3992195129395,-8.92212581634521,"Male"
"9004160",371982,2025-06-01 03:18:08,42.3992309570312,-8.92185211181641,"Male"
"9004160",371982,2025-06-01 03:24:04,42.3991966247559,-8.92193031311035,"Male"
"9004160",371982,2025-06-01 03:28:07,42.3992195129395,-8.92197799682617,"Male"
"9004160",371982,2025-06-01 03:32:45,42.3991317749023,-8.92179203033447,"Male"
"9004160",371982,2025-06-01 03:37:49,42.3993644714355,-8.92189502716064,"Male"
"9004160",371982,2025-06-01 03:43:34,42.3994827270508,-8.9219446182251,"Male"
"9004160",371982,2025-06-01 03:47:43,42.3999176025391,-8.92253589630127,"Male"
"9004160",371982,2025-06-01 03:52:46,42.3989868164062,-8.92166042327881,"Male"
"9004160",371982,2025-06-01 03:57:45,42.3993530273438,-8.92181587219238,"Male"
"9004160",371982,2025-06-01 04:02:48,42.3992881774902,-8.92189884185791,"Male"
"9004160",371982,2025-06-01 04:07:54,42.3992729187012,-8.9219799041748,"Male"
"9004160",371982,2025-06-01 04:12:52,42.3992156982422,-8.92197322845459,"Male"
"9004160",371982,2025-06-01 04:18:04,42.3992538452148,-8.92196273803711,"Male"
"9004160",371982,2025-06-01 04:22:44,42.3993339538574,-8.92177486419678,"Male"
"9004160",371982,2025-06-01 04:27:51,42.3993186950684,-8.92195606231689,"Male"
"9004160",371982,2025-06-01 04:32:48,42.3993759155273,-8.92180347442627,"Male"
"9004160",371982,2025-06-01 04:37:47,42.3992347717285,-8.92201805114746,"Male"
"9004160",371982,2025-06-01 04:43:19,42.3992309570312,-8.92203903198242,"Male"
"9004160",371982,2025-06-01 04:47:45,42.3993148803711,-8.92191600799561,"Male"
"9004160",371982,2025-06-01 04:52:52,42.3993759155273,-8.9219274520874,"Male"
"9004160",371982,2025-06-01 04:57:47,42.3994445800781,-8.9219446182251,"Male"
"9004160",371982,2025-06-01 05:03:13,42.3994178771973,-8.92192268371582,"Male"
"9004160",371982,2025-06-01 05:07:44,42.3993988037109,-8.92207145690918,"Male"
"9004160",371982,2025-06-01 05:12:43,42.399715423584,-8.92228889465332,"Male"
"9004160",371982,2025-06-01 05:17:43,42.3995513916016,-8.9223051071167,"Male"
"9004160",371982,2025-06-01 05:22:42,42.3994140625,-8.9220142364502,"Male"
"9004160",371982,2025-06-01 05:27:42,42.3995018005371,-8.92214870452881,"Male"
"9004160",371982,2025-06-01 05:32:42,42.3994102478027,-8.9219274520874,"Male"
"9004160",371982,2025-06-01 05:37:43,42.3992576599121,-8.9217004776001,"Male"
"9004160",371982,2025-06-01 05:42:44,42.3990516662598,-8.92140483856201,"Male"
"9004160",371982,2025-06-01 05:47:54,42.3993377685547,-8.92196750640869,"Male"
"9004160",371982,2025-06-01 05:52:54,42.3993339538574,-8.92198753356934,"Male"
"9004160",371982,2025-06-01 05:57:54,42.3992958068848,-8.92193794250488,"Male"
"9004160",371982,2025-06-01 06:02:54,42.399284362793,-8.92191791534424,"Male"
"9004160",371982,2025-06-01 06:07:54,42.3993148803711,-8.92194271087646,"Male"
"9004160",371982,2025-06-01 06:12:54,42.3993225097656,-8.92194652557373,"Male"
"9004160",371982,2025-06-01 06:17:54,42.399284362793,-8.92195796966553,"Male"
"9004160",371982,2025-06-01 06:22:58,42.3993148803711,-8.92189693450928,"Male"
"9004160",371982,2025-06-01 06:27:59,42.399284362793,-8.9219446182251,"Male"
"9004160",371982,2025-06-01 06:32:54,42.3993377685547,-8.92192935943604,"Male"
"9004160",371982,2025-06-01 06:37:58,42.399284362793,-8.92189598083496,"Male"
"9004160",371982,2025-06-01 06:42:59,42.399341583252,-8.92189788818359,"Male"
"9004160",371982,2025-06-01 06:47:59,42.3993377685547,-8.92195129394531,"Male"
"9004160",371982,2025-06-01 06:53:05,42.399528503418,-8.92193126678467,"Male"
"9004160",371982,2025-06-01 06:57:45,42.399730682373,-8.92207813262939,"Male"
"9004160",371982,2025-06-01 07:02:49,42.3998222351074,-8.9219331741333,"Male"
"9004160",371982,2025-06-01 07:07:48,42.3997955322266,-8.92194747924805,"Male"
"9004160",371982,2025-06-01 07:12:49,42.3995018005371,-8.92195224761963,"Male"
"9004160",371982,2025-06-01 07:18:04,42.3997611999512,-8.92190170288086,"Male"
"9004160",371982,2025-06-01 07:22:46,42.3996505737305,-8.9221076965332,"Male"
"9004160",371982,2025-06-01 07:27:53,42.3995933532715,-8.92192268371582,"Male"
"9004160",371982,2025-06-01 07:33:15,42.3995895385742,-8.9219274520874,"Male"
"9004160",371982,2025-06-01 07:37:43,42.3996429443359,-8.92200374603271,"Male"
"9004160",371982,2025-06-01 07:42:53,42.3996162414551,-8.9218282699585,"Male"
"9004160",371982,2025-06-01 07:47:47,42.3995132446289,-8.92160320281982,"Male"
"9004160",371982,2025-06-01 07:53:05,42.3992881774902,-8.922287940979,"Male"
"9004160",371982,2025-06-01 07:57:44,42.399543762207,-8.9229211807251,"Male"
"9004160",371982,2025-06-01 08:02:42,42.3994293212891,-8.92238426208496,"Male"
"9004160",371982,2025-06-01 08:07:47,42.4031677246094,-8.91376399993896,"Male"
"9004160",371982,2025-06-01 08:12:51,42.4321594238281,-8.92516136169434,"Male"
"9004160",371982,2025-06-01 08:17:54,42.4564781188965,-8.93837261199951,"Male"
"9004160",371982,2025-06-01 08:22:44,42.4565582275391,-8.9384765625,"Male"
"9004160",371982,2025-06-01 08:27:54,42.4692535400391,-8.9424877166748,"Male"
"9004160",371982,2025-06-01 08:32:55,42.4911308288574,-8.91514587402344,"Male"
"9004160",371982,2025-06-01 08:37:54,42.5035743713379,-8.87497806549072,"Male"
"9004160",371982,2025-06-01 08:42:46,42.5288429260254,-8.82300472259521,"Male"
"9004160",371982,2025-06-01 08:47:54,42.5165138244629,-8.82600879669189,"Male"
"9004160",371982,2025-06-01 08:52:47,42.5312461853027,-8.81481170654297,"Male"
"9004160",371982,2025-06-01 08:58:38,42.5185623168945,-8.8232250213623,"Male"
"9004160",371982,2025-06-01 09:04:35,42.5182113647461,-8.82388114929199,"Male"
"9004160",371982,2025-06-01 09:09:06,42.5167808532715,-8.82580757141113,"Male"
"9004160",371982,2025-06-01 09:14:06,42.5166397094727,-8.82601547241211,"Male"
"9004160",371982,2025-06-01 09:19:06,42.5166206359863,-8.82604312896729,"Male"
"9004160",371982,2025-06-01 09:24:06,42.5167274475098,-8.82604694366455,"Male"
"9004160",371982,2025-06-01 09:29:05,42.5166816711426,-8.82603073120117,"Male"
"9004160",371982,2025-06-01 09:34:05,42.5166702270508,-8.82596397399902,"Male"
"9004160",371982,2025-06-01 09:39:06,42.5167617797852,-8.82592105865479,"Male"
"9004160",371982,2025-06-01 09:44:06,42.5166854858398,-8.82602691650391,"Male"
"9004160",371982,2025-06-01 09:49:06,42.5166435241699,-8.82599830627441,"Male"
"9004160",371982,2025-06-01 09:54:06,42.5167007446289,-8.82597637176514,"Male"
"9004160",371982,2025-06-01 09:59:06,42.5166778564453,-8.8258638381958,"Male"
"9004160",371982,2025-06-01 10:04:07,42.5167922973633,-8.82590770721436,"Male"
"9004160",371982,2025-06-01 10:09:06,42.5164222717285,-8.82601165771484,"Male"
"9004160",371982,2025-06-01 10:14:06,42.5164070129395,-8.82597160339355,"Male"
"9004160",371982,2025-06-01 10:19:06,42.5166664123535,-8.82585430145264,"Male"
"9004160",371982,2025-06-01 10:24:06,42.5166854858398,-8.82582664489746,"Male"
"9004160",371982,2025-06-01 10:29:06,42.5164566040039,-8.8259105682373,"Male"
"9004160",371982,2025-06-01 10:34:06,42.5168304443359,-8.82583141326904,"Male"
"9004160",371982,2025-06-01 10:39:06,42.5166473388672,-8.82581520080566,"Male"
"9004160",371982,2025-06-01 10:44:06,42.5167961120605,-8.82586002349854,"Male"
"9004160",371982,2025-06-01 10:49:06,42.5167999267578,-8.82584285736084,"Male"
"9004160",371982,2025-06-01 10:54:06,42.5164794921875,-8.8257360458374,"Male"
"9004160",371982,2025-06-01 10:59:06,42.5167388916016,-8.82596683502197,"Male"
"9004160",371982,2025-06-01 11:04:07,42.516674041748,-8.8259391784668,"Male"
"9004160",371982,2025-06-01 11:09:06,42.5167083740234,-8.8259162902832,"Male"
"9004160",371982,2025-06-01 11:14:34,42.519100189209,-8.82351779937744,"Male"
"9004160",371982,2025-06-01 11:20:06,42.5195579528809,-8.82284069061279,"Male"
"9004160",371982,2025-06-01 11:25:25,42.5195617675781,-8.82280826568604,"Male"
"9004160",371982,2025-06-01 11:30:31,42.5190582275391,-8.82330513000488,"Male"
"9004160",371982,2025-06-01 11:35:58,42.5183296203613,-8.824538230896,"Male"
"9004160",371982,2025-06-01 11:40:59,42.5168609619141,-8.82598209381104,"Male"
"9004160",371982,2025-06-01 11:45:55,42.5168952941895,-8.82608890533447,"Male"
"9004160",371982,2025-06-01 11:50:58,42.5168685913086,-8.8261890411377,"Male"
"9004160",371982,2025-06-01 11:55:57,42.5168533325195,-8.82611656188965,"Male"
"9004160",371982,2025-06-01 12:00:58,42.5169525146484,-8.8251314163208,"Male"
"9004160",371982,2025-06-01 12:05:56,42.5170288085938,-8.82514095306396,"Male"
"9004160",371982,2025-06-01 12:10:56,42.5168571472168,-8.82571601867676,"Male"
"9004160",371982,2025-06-01 12:15:56,42.516845703125,-8.82570648193359,"Male"
"9004160",371982,2025-06-01 12:20:55,42.5168418884277,-8.82530212402344,"Male"
"9004160",371982,2025-06-01 12:25:56,42.516773223877,-8.82596302032471,"Male"
"9004160",371982,2025-06-01 12:30:55,42.5167846679688,-8.82572460174561,"Male"
"9004160",371982,2025-06-01 12:35:58,42.5167694091797,-8.82562351226807,"Male"
"9004160",371982,2025-06-01 12:40:56,42.5168418884277,-8.82650661468506,"Male"
"9004160",371982,2025-06-01 12:45:56,42.5168228149414,-8.82615756988525,"Male"
"9004160",371982,2025-06-01 12:50:56,42.5169219970703,-8.82606506347656,"Male"
"9004160",371982,2025-06-01 12:55:58,42.5169906616211,-8.82600784301758,"Male"
"9004160",371982,2025-06-01 13:00:57,42.5169525146484,-8.82613945007324,"Male"
"9004160",371982,2025-06-01 13:05:55,42.516902923584,-8.82606315612793,"Male"
"9004160",371982,2025-06-01 13:10:55,42.5169868469238,-8.82668113708496,"Male"
"9004160",371982,2025-06-01 13:15:55,42.5167579650879,-8.82629489898682,"Male"
"9004160",371982,2025-06-01 13:20:55,42.5167083740234,-8.82621002197266,"Male"
"9004160",371982,2025-06-01 13:25:55,42.516845703125,-8.82613945007324,"Male"
"9004160",371982,2025-06-01 13:32:00,42.5171203613281,-8.82762908935547,"Male"
"9004160",371982,2025-06-01 13:37:21,42.5180358886719,-8.82809448242188,"Male"
"9004160",371982,2025-06-01 13:42:53,42.5182189941406,-8.82789134979248,"Male"
"9004160",371982,2025-06-01 13:48:13,42.5173301696777,-8.82640838623047,"Male"
"9004160",371982,2025-06-01 13:53:08,42.5168151855469,-8.82627391815186,"Male"
"9004160",371982,2025-06-01 13:58:09,42.516918182373,-8.82626914978027,"Male"
"9004160",371982,2025-06-01 14:03:09,42.5169830322266,-8.82618522644043,"Male"
"9004160",371982,2025-06-01 14:08:08,42.5168838500977,-8.82623195648193,"Male"
"9004160",371982,2025-06-01 14:13:10,42.5168762207031,-8.82619380950928,"Male"
"9004160",371982,2025-06-01 14:18:09,42.5168838500977,-8.8261022567749,"Male"
"9004160",371982,2025-06-01 14:23:08,42.5169715881348,-8.82608604431152,"Male"
"9004160",371982,2025-06-01 14:28:08,42.5168952941895,-8.82615375518799,"Male"
"9004160",371982,2025-06-01 14:33:08,42.5169830322266,-8.82600212097168,"Male"
"9004160",371982,2025-06-01 14:38:08,42.5169296264648,-8.82598876953125,"Male"
"9004160",371982,2025-06-01 14:43:08,42.5170059204102,-8.8260498046875,"Male"
"9004160",371982,2025-06-01 14:48:10,42.5172119140625,-8.82605266571045,"Male"
"9004160",371982,2025-06-01 14:53:09,42.5170021057129,-8.82617282867432,"Male"
"9004160",371982,2025-06-01 14:58:09,42.5169372558594,-8.82614040374756,"Male"
"9004160",371982,2025-06-01 15:03:10,42.517032623291,-8.82603931427002,"Male"
"9004160",371982,2025-06-01 15:08:09,42.5170478820801,-8.82583713531494,"Male"
"9004160",371982,2025-06-01 15:13:10,42.5170555114746,-8.82583427429199,"Male"
"9004160",371982,2025-06-01 15:18:09,42.517032623291,-8.82586288452148,"Male"
"9004160",371982,2025-06-01 15:23:09,42.5169982910156,-8.82587337493896,"Male"
"9004160",371982,2025-06-01 15:28:09,42.5170822143555,-8.82594966888428,"Male"
"9004160",371982,2025-06-01 15:33:09,42.5170783996582,-8.8259334564209,"Male"
"9004160",371982,2025-06-01 15:38:33,42.5176811218262,-8.82675743103027,"Male"
"9004160",371982,2025-06-01 15:43:36,42.5185012817383,-8.82699966430664,"Male"
"9004160",371982,2025-06-01 15:49:02,42.5193214416504,-8.82626152038574,"Male"
"9004160",371982,2025-06-01 15:54:30,42.5188598632812,-8.82511520385742,"Male"
"9004160",371982,2025-06-01 15:59:36,42.5177536010742,-8.82539463043213,"Male"
"9004160",371982,2025-06-01 16:04:36,42.5167274475098,-8.82565879821777,"Male"
"9004160",371982,2025-06-01 16:09:36,42.5167274475098,-8.82559299468994,"Male"
"9004160",371982,2025-06-01 16:14:35,42.5166435241699,-8.82560634613037,"Male"
"9004160",371982,2025-06-01 16:19:35,42.516716003418,-8.82567119598389,"Male"
"9004160",371982,2025-06-01 16:24:35,42.5166320800781,-8.82556915283203,"Male"
"9004160",371982,2025-06-01 16:29:35,42.5166435241699,-8.82553768157959,"Male"
"9004160",371982,2025-06-01 16:34:35,42.5166664123535,-8.82563972473145,"Male"
"9004160",371982,2025-06-01 16:39:35,42.516658782959,-8.82571983337402,"Male"
"9004160",371982,2025-06-01 16:44:35,42.516674041748,-8.82570457458496,"Male"
"9004160",371982,2025-06-01 16:49:36,42.5167655944824,-8.8255672454834,"Male"
"9004160",371982,2025-06-01 16:54:36,42.5166893005371,-8.82551860809326,"Male"
"9004160",371982,2025-06-01 16:59:36,42.5166511535645,-8.82551765441895,"Male"
"9004160",371982,2025-06-01 17:04:36,42.5167541503906,-8.82566261291504,"Male"
"9004160",371982,2025-06-01 17:09:45,42.5161247253418,-8.82661819458008,"Male"
"9004160",371982,2025-06-01 17:15:16,42.5141906738281,-8.82542419433594,"Male"
"9004160",371982,2025-06-01 17:20:38,42.5139999389648,-8.82535362243652,"Male"
"9004160",371982,2025-06-01 17:25:37,42.515007019043,-8.8260612487793,"Male"
"9004160",371982,2025-06-01 17:30:38,42.5141677856445,-8.82696628570557,"Male"
"9004160",371982,2025-06-01 17:36:14,42.5129699707031,-8.82930374145508,"Male"
"9004160",371982,2025-06-01 17:41:13,42.5127258300781,-8.83089351654053,"Male"
"9004160",371982,2025-06-01 17:46:12,42.5114059448242,-8.83957195281982,"Male"
"9004160",371982,2025-06-01 17:51:12,42.5114135742188,-8.83954334259033,"Male"
"9004160",371982,2025-06-01 17:56:12,42.5113792419434,-8.83956718444824,"Male"
"9004160",371982,2025-06-01 18:01:12,42.5113868713379,-8.83956527709961,"Male"
"9004160",371982,2025-06-01 18:06:14,42.5113792419434,-8.83950233459473,"Male"
"9004160",371982,2025-06-01 18:11:12,42.511474609375,-8.8397159576416,"Male"
"9004160",371982,2025-06-01 18:16:12,42.5114936828613,-8.83972358703613,"Male"
"9004160",371982,2025-06-01 18:21:13,42.5115280151367,-8.83970355987549,"Male"
"9004160",371982,2025-06-01 18:26:13,42.5046348571777,-8.86232852935791,"Male"
"9004160",371982,2025-06-01 18:31:13,42.4811553955078,-8.92580509185791,"Male"
"9004160",371982,2025-06-01 18:36:13,42.4294395446777,-8.93767833709717,"Male"
"9004160",371982,2025-06-01 18:41:14,42.399284362793,-8.92181777954102,"Male"
"9004160",371982,2025-06-01 18:46:13,42.3993225097656,-8.9217414855957,"Male"
"9004160",371982,2025-06-01 18:51:13,42.399284362793,-8.92165470123291,"Male"
"9004160",371982,2025-06-01 18:56:13,42.399341583252,-8.92168712615967,"Male"
"9004160",371982,2025-06-01 19:01:14,42.3993339538574,-8.92155361175537,"Male"
"9004160",371982,2025-06-01 19:06:13,42.3993110656738,-8.92156600952148,"Male"
"9004160",371982,2025-06-01 19:11:16,42.3994560241699,-8.92146492004395,"Male"
"9004160",371982,2025-06-01 19:16:14,42.3994750976562,-8.92179012298584,"Male"
"9004160",371982,2025-06-01 19:21:14,42.3994407653809,-8.92176628112793,"Male"
"9004160",371982,2025-06-01 19:26:16,42.3990936279297,-8.92221927642822,"Male"
"9004160",371982,2025-06-01 19:31:18,42.3996124267578,-8.92166233062744,"Male"
"9004160",371982,2025-06-01 19:36:15,42.3994026184082,-8.92188739776611,"Male"
"9004160",371982,2025-06-01 19:41:18,42.3993453979492,-8.92191123962402,"Male"
"9004160",371982,2025-06-01 19:46:13,42.3997230529785,-8.92214584350586,"Male"
"9004160",371982,2025-06-01 19:51:13,42.3997421264648,-8.92211246490479,"Male"
"9004160",371982,2025-06-01 19:56:14,42.3997764587402,-8.92215347290039,"Male"
"9004160",371982,2025-06-01 20:01:18,42.3997230529785,-8.92209815979004,"Male"
"9004160",371982,2025-06-01 20:06:14,42.3997268676758,-8.92212104797363,"Male"
"9004160",371982,2025-06-01 20:11:16,42.3998222351074,-8.92216300964355,"Male"
"9004160",371982,2025-06-01 20:16:16,42.3997688293457,-8.92186641693115,"Male"
"9004160",371982,2025-06-01 20:21:24,42.399772644043,-8.92212867736816,"Male"
"9004160",371982,2025-06-01 20:26:36,42.3993034362793,-8.92201805114746,"Male"
"9004160",371982,2025-06-01 20:31:12,42.3991165161133,-8.92193603515625,"Male"
"9004160",371982,2025-06-01 20:36:13,42.3990249633789,-8.92176914215088,"Male"
"9004160",371982,2025-06-01 20:41:17,42.3983001708984,-8.9211311340332,"Male"
"9004160",371982,2025-06-01 20:46:14,42.3990821838379,-8.92186069488525,"Male"
"9004160",371982,2025-06-01 20:51:13,42.3983726501465,-8.92156887054443,"Male"
"9004160",371982,2025-06-01 20:56:16,42.3986892700195,-8.92153930664062,"Male"
"9004160",371982,2025-06-01 21:01:15,42.3986015319824,-8.92040729522705,"Male"
"9004160",371982,2025-06-01 21:06:13,42.3985786437988,-8.92024230957031,"Male"
"9004160",371982,2025-06-01 21:11:14,42.3989067077637,-8.92110538482666,"Male"
"9004160",371982,2025-06-01 21:16:16,42.3986663818359,-8.92059516906738,"Male"
"9004160",371982,2025-06-01 21:21:44,42.3992080688477,-8.92200374603271,"Male"
"9004160",371982,2025-06-01 21:26:14,42.3992385864258,-8.92189693450928,"Male"
"9004160",371982,2025-06-01 21:31:12,42.3992309570312,-8.92192459106445,"Male"
"9004160",371982,2025-06-01 21:36:12,42.3992462158203,-8.92190361022949,"Male"
"9004160",371982,2025-06-01 21:41:13,42.3991737365723,-8.92196083068848,"Male"
"9004160",371982,2025-06-01 21:46:13,42.3992080688477,-8.92201900482178,"Male"
"9004160",371982,2025-06-01 21:51:13,42.3991584777832,-8.92197322845459,"Male"
"9004160",371982,2025-06-01 21:56:13,42.3991432189941,-8.92185401916504,"Male"
"9004160",371982,2025-06-01 22:01:13,42.3991775512695,-8.92203712463379,"Male"
"9004160",371982,2025-06-01 22:06:13,42.399097442627,-8.92190170288086,"Male"
"9004160",371982,2025-06-01 22:11:13,42.3994445800781,-8.92238807678223,"Male"
"9004160",371982,2025-06-01 22:16:13,42.3994026184082,-8.92231559753418,"Male"
"9004160",371982,2025-06-01 22:21:15,42.3995132446289,-8.92221164703369,"Male"
"9004160",371982,2025-06-01 22:26:24,42.399055480957,-8.92194366455078,"Male"
"9004160",371982,2025-06-01 22:31:24,42.3990325927734,-8.92191600799561,"Male"
"9004160",371982,2025-06-01 22:36:24,42.3988227844238,-8.92181777954102,"Male"
"9004160",371982,2025-06-01 22:41:26,42.3807563781738,-8.92619323730469,"Male"
"9004160",371982,2025-06-01 22:46:38,42.3984489440918,-8.92175769805908,"Male"
"9004160",371982,2025-06-01 22:51:35,42.3989105224609,-8.9218053817749,"Male"
"9004160",371982,2025-06-01 22:56:12,42.3993797302246,-8.92200946807861,"Male"
"9004160",371982,2025-06-01 23:01:16,42.3993453979492,-8.92200469970703,"Male"
"9004160",371982,2025-06-01 23:06:15,42.3993186950684,-8.92208576202393,"Male"
"9004160",371982,2025-06-01 23:11:16,42.3993721008301,-8.92257213592529,"Male"
"9004160",371982,2025-06-01 23:16:22,42.3992462158203,-8.92193698883057,"Male"
"9004160",371982,2025-06-01 23:21:16,42.3995399475098,-8.92237091064453,"Male"
"9004160",371982,2025-06-01 23:26:14,42.3985443115234,-8.9224910736084,"Male"
"9004160",371982,2025-06-01 23:31:18,42.3990859985352,-8.92237186431885,"Male"
"9004160",371982,2025-06-01 23:36:18,42.3997802734375,-8.92246150970459,"Male"
"9004160",371982,2025-06-01 23:41:16,42.3998260498047,-8.9224681854248,"Male"
"9004160",371982,2025-06-01 23:46:14,42.3995590209961,-8.9222297668457,"Male"
"9004160",371982,2025-06-01 23:51:14,42.3997535705566,-8.9223690032959,"Male"
"9004160",371982,2025-06-01 23:56:13,42.3993377685547,-8.92211627960205,"Male"
"9004160",371982,2025-06-02 00:01:15,42.399528503418,-8.92220306396484,"Male"
"9004160",371982,2025-06-02 00:06:16,42.3995780944824,-8.9223051071167,"Male"
"9004160",371982,2025-06-02 00:11:16,42.399471282959,-8.92218112945557,"Male"
"9004160",371982,2025-06-02 00:16:20,42.3990058898926,-8.92169666290283,"Male"
"9004160",371982,2025-06-02 00:21:15,42.3990478515625,-8.92181873321533,"Male"
"9004160",371982,2025-06-02 00:26:13,42.3990783691406,-8.92181396484375,"Male"
"9004160",371982,2025-06-02 00:31:15,42.3989448547363,-8.9216480255127,"Male"
"9004160",371982,2025-06-02 00:36:23,42.3988494873047,-8.92161178588867,"Male"
"9004160",371982,2025-06-02 00:41:14,42.3990859985352,-8.92153358459473,"Male"
"9004160",371982,2025-06-02 00:46:14,42.3980598449707,-8.92083930969238,"Male"
"9004160",371982,2025-06-02 00:51:19,42.3993988037109,-8.92138004302979,"Male"
"9004160",371982,2025-06-02 00:56:17,42.399055480957,-8.92160415649414,"Male"
"9004160",371982,2025-06-02 01:01:15,42.3993225097656,-8.92166328430176,"Male"
"9004160",371982,2025-06-02 01:06:15,42.399341583252,-8.92168045043945,"Male"
"9004160",371982,2025-06-02 01:11:16,42.3994827270508,-8.92142677307129,"Male"
"9004160",371982,2025-06-02 01:16:15,42.3995933532715,-8.92159557342529,"Male"
"9004160",371982,2025-06-02 01:21:18,42.399543762207,-8.9215259552002,"Male"
"9004160",371982,2025-06-02 01:26:15,42.3995361328125,-8.92161464691162,"Male"
"9004160",371982,2025-06-02 01:31:13,42.3996162414551,-8.92166805267334,"Male"
"9004160",371982,2025-06-02 01:36:13,42.399600982666,-8.92165946960449,"Male"
"9004160",371982,2025-06-02 01:41:13,42.3995323181152,-8.92172050476074,"Male"
"9004160",371982,2025-06-02 01:46:13,42.3994560241699,-8.92166900634766,"Male"
"9004160",371982,2025-06-02 01:51:14,42.399543762207,-8.92180633544922,"Male"
"9004160",371982,2025-06-02 01:56:14,42.3995895385742,-8.92181587219238,"Male"
"9004160",371982,2025-06-02 02:01:13,42.3996200561523,-8.92175006866455,"Male"
"9004160",371982,2025-06-02 02:06:14,42.399585723877,-8.92175388336182,"Male"
"9004160",371982,2025-06-02 02:11:15,42.3996543884277,-8.92180824279785,"Male"
"9004160",371982,2025-06-02 02:16:14,42.3996696472168,-8.92177486419678,"Male"
"9004160",371982,2025-06-02 02:21:14,42.3996620178223,-8.92180919647217,"Male"
"9004160",371982,2025-06-02 02:26:14,42.3997077941895,-8.92187118530273,"Male"
"9004160",371982,2025-06-02 02:31:14,42.3996849060059,-8.92183494567871,"Male"
"9004160",371982,2025-06-02 02:36:15,42.3997230529785,-8.92193031311035,"Male"
"9004160",371982,2025-06-02 02:41:16,42.4000549316406,-8.92236042022705,"Male"
"9004160",371982,2025-06-02 02:46:25,42.3997383117676,-8.92207050323486,"Male"
"9004160",371982,2025-06-02 02:51:37,42.3997001647949,-8.9220027923584,"Male"
"9004160",371982,2025-06-02 02:56:17,42.3996658325195,-8.9221019744873,"Male"
"9004160",371982,2025-06-02 03:01:44,42.3993148803711,-8.92190647125244,"Male"
"9004160",371982,2025-06-02 03:06:12,42.3992004394531,-8.92178535461426,"Male"
"9004160",371982,2025-06-02 03:11:20,42.3992576599121,-8.9218635559082,"Male"
"9004160",371982,2025-06-02 03:16:18,42.3994522094727,-8.92210674285889,"Male"
"9004160",371982,2025-06-02 03:21:22,42.399284362793,-8.9219331741333,"Male"
"9004160",371982,2025-06-02 03:26:14,42.3995056152344,-8.92221927642822,"Male"
"9004160",371982,2025-06-02 03:31:17,42.3994178771973,-8.9219856262207,"Male"
"9004160",371982,2025-06-02 03:36:16,42.3989295959473,-8.92158317565918,"Male"
"9004160",371982,2025-06-02 03:41:13,42.3989791870117,-8.9216251373291,"Male"
"9004160",371982,2025-06-02 03:46:18,42.3994941711426,-8.92205619812012,"Male"
"9004160",371982,2025-06-02 03:51:14,42.3993339538574,-8.92197608947754,"Male"
"9004160",371982,2025-06-02 03:56:17,42.3981399536133,-8.92078876495361,"Male"
"9004160",371982,2025-06-02 04:01:14,42.3988571166992,-8.92149353027344,"Male"
"9004160",371982,2025-06-02 04:06:17,42.3989906311035,-8.92168521881104,"Male"
"9004160",371982,2025-06-02 04:11:13,42.3992614746094,-8.92182159423828,"Male"
"9004160",371982,2025-06-02 04:16:13,42.3993911743164,-8.9219913482666,"Male"
"9004160",371982,2025-06-02 04:21:13,42.3992652893066,-8.92218399047852,"Male"
"9004160",371982,2025-06-02 04:26:17,42.3992652893066,-8.92191314697266,"Male"
"9004160",371982,2025-06-02 04:31:13,42.399299621582,-8.92203426361084,"Male"
"9004160",371982,2025-06-02 04:36:17,42.3991241455078,-8.92225646972656,"Male"
"9004160",371982,2025-06-02 04:41:13,42.3992652893066,-8.92196559906006,"Male"
"9004160",371982,2025-06-02 04:46:13,42.3991241455078,-8.92228221893311,"Male"
"9004160",371982,2025-06-02 04:51:13,42.3989601135254,-8.92189502716064,"Male"
"9004160",371982,2025-06-02 04:56:14,42.3990478515625,-8.92190361022949,"Male"
"9004160",371982,2025-06-02 05:01:15,42.3989448547363,-8.92180824279785,"Male"
"9004160",371982,2025-06-02 05:06:15,42.3987503051758,-8.92117977142334,"Male"
"9004160",371982,2025-06-02 05:11:17,42.3988380432129,-8.92103385925293,"Male"
"9004160",371982,2025-06-02 05:16:25,42.3992652893066,-8.92187595367432,"Male"
"9004160",371982,2025-06-02 05:21:14,42.3993377685547,-8.92224597930908,"Male"
"9004160",371982,2025-06-02 05:26:22,42.3992462158203,-8.92206954956055,"Male"
"9004160",371982,2025-06-02 05:31:14,42.3993797302246,-8.92200946807861,"Male"
"9004160",371982,2025-06-02 05:36:16,42.4003562927246,-8.92409229278564,"Male"
"9004160",371982,2025-06-02 05:41:17,42.4001159667969,-8.9236011505127,"Male"
"9004160",371982,2025-06-02 05:46:16,42.3997344970703,-8.92280578613281,"Male"
"9004160",371982,2025-06-02 05:51:14,42.3997230529785,-8.92279434204102,"Male"
"9004160",371982,2025-06-02 05:56:22,42.3992767333984,-8.9217414855957,"Male"
"9004160",371982,2025-06-02 06:01:15,42.3997459411621,-8.92282581329346,"Male"
"9004160",371982,2025-06-02 06:06:14,42.3993797302246,-8.92201137542725,"Male"
"9004160",371982,2025-06-02 06:11:14,42.3994140625,-8.92195892333984,"Male"
"9004160",371982,2025-06-02 06:16:13,42.3993339538574,-8.92205810546875,"Male"
"9004160",371982,2025-06-02 06:21:13,42.3993797302246,-8.92198371887207,"Male"
"9004160",371982,2025-06-02 06:26:13,42.3993873596191,-8.92196655273438,"Male"
"9004160",371982,2025-06-02 06:31:14,42.3993492126465,-8.92199993133545,"Male"
"9004160",371982,2025-06-02 06:36:13,42.3993339538574,-8.92199897766113,"Male"
"9004160",371982,2025-06-02 06:41:15,42.3992614746094,-8.92201042175293,"Male"
"9004160",371982,2025-06-02 06:46:15,42.3992042541504,-8.92177677154541,"Male"
"9004160",371982,2025-06-02 06:51:20,42.3992538452148,-8.92201137542725,"Male"
"9004160",371982,2025-06-02 06:56:14,42.399299621582,-8.92183685302734,"Male"
"9004160",371982,2025-06-02 07:01:17,42.3992652893066,-8.92166709899902,"Male"
"9004160",371982,2025-06-02 07:06:18,42.3991203308105,-8.92177867889404,"Male"
"9004160",371982,2025-06-02 07:11:31,42.4001770019531,-8.92172145843506,"Male"
"9004160",371982,2025-06-02 07:16:17,42.3998489379883,-8.92174053192139,"Male"
"9004160",371982,2025-06-02 07:21:30,42.3994331359863,-8.92187786102295,"Male"
"9004160",371982,2025-06-02 07:26:43,42.3994941711426,-8.92186546325684,"Male"
"9004160",371982,2025-06-02 07:31:22,42.3996734619141,-8.92164707183838,"Male"
"9004160",371982,2025-06-02 07:36:24,42.3994407653809,-8.92185974121094,"Male"
"9004160",371982,2025-06-02 07:41:25,42.4001579284668,-8.92149353027344,"Male"
"9004160",371982,2025-06-02 07:46:37,42.4000625610352,-8.92194557189941,"Male"
"9004160",371982,2025-06-02 07:51:44,42.3993911743164,-8.92206287384033,"Male"
"9004160",371982,2025-06-02 07:56:18,42.399112701416,-8.92229461669922,"Male"
"9004160",371982,2025-06-02 08:01:20,42.3994026184082,-8.92193508148193,"Male"
"9004160",371982,2025-06-02 08:06:18,42.3996353149414,-8.92232894897461,"Male"
"9004160",371982,2025-06-02 08:11:18,42.3994064331055,-8.92209815979004,"Male"
"9004160",371982,2025-06-02 08:16:16,42.3992576599121,-8.92184352874756,"Male"
"9004160",371982,2025-06-02 08:21:16,42.3994979858398,-8.92202949523926,"Male"
"9004160",371982,2025-06-02 08:26:17,42.3992958068848,-8.92156982421875,"Male"
"9004160",371982,2025-06-02 08:31:16,42.3992309570312,-8.92135715484619,"Male"
"9004160",371982,2025-06-02 08:36:20,42.399227142334,-8.92190170288086,"Male"
"9004160",371982,2025-06-02 08:41:20,42.3992347717285,-8.92190265655518,"Male"
"9004160",371982,2025-06-02 08:46:15,42.3993225097656,-8.92182350158691,"Male"
"9004160",371982,2025-06-02 08:51:16,42.3992538452148,-8.92188549041748,"Male"
"9004160",371982,2025-06-02 08:56:25,42.3992767333984,-8.9218807220459,"Male"
"9004160",371982,2025-06-02 09:01:15,42.3992919921875,-8.92254829406738,"Male"
"9004160",371982,2025-06-02 09:06:13,42.3992614746094,-8.92195510864258,"Male"
"9004160",371982,2025-06-02 09:11:13,42.3992614746094,-8.92192935943604,"Male"
"9004160",371982,2025-06-02 09:16:13,42.3992385864258,-8.92183494567871,"Male"
"9004160",371982,2025-06-02 09:21:13,42.3992500305176,-8.92185401916504,"Male"
"9004160",371982,2025-06-02 09:26:16,42.3993110656738,-8.92198467254639,"Male"
"9004160",371982,2025-06-02 09:31:14,42.3993682861328,-8.92192077636719,"Male"
"9004160",371982,2025-06-02 09:36:16,42.3991470336914,-8.92175769805908,"Male"
"9004160",371982,2025-06-02 09:41:17,42.3992919921875,-8.92190742492676,"Male"
"9004160",371982,2025-06-02 09:46:13,42.3992767333984,-8.92191696166992,"Male"
"9004160",371982,2025-06-02 09:51:22,42.399097442627,-8.92175483703613,"Male"
"9004160",371982,2025-06-02 09:56:17,42.3992805480957,-8.92189407348633,"Male"
"9004160",371982,2025-06-02 10:01:16,42.399112701416,-8.92196178436279,"Male"
"9004160",371982,2025-06-02 10:06:18,42.3992881774902,-8.92173480987549,"Male"
"9004160",371982,2025-06-02 10:11:18,42.3991355895996,-8.92185878753662,"Male"
"9004160",371982,2025-06-02 10:16:18,42.3992309570312,-8.92181873321533,"Male"
"9004160",371982,2025-06-02 10:21:16,42.3990058898926,-8.9217700958252,"Male"
"9004160",371982,2025-06-02 10:26:17,42.3991775512695,-8.92166233062744,"Male"
"9004160",371982,2025-06-02 10:31:45,42.3991203308105,-8.92193412780762,"Male"
"9004160",371982,2025-06-02 10:36:13,42.3989753723145,-8.92191982269287,"Male"
"9004160",371982,2025-06-02 10:41:17,42.3990783691406,-8.92136669158936,"Male"
"9004160",371982,2025-06-02 10:46:19,42.3993186950684,-8.92208003997803,"Male"
"9004160",371982,2025-06-02 10:51:18,42.399169921875,-8.92202663421631,"Male"
"9004160",371982,2025-06-02 10:56:42,42.3992042541504,-8.92198657989502,"Male"
"9004160",371982,2025-06-02 11:01:16,42.3991394042969,-8.92213821411133,"Male"
"9004160",371982,2025-06-02 11:06:19,42.3989181518555,-8.92194175720215,"Male"
"9004160",371982,2025-06-02 11:11:19,42.3987846374512,-8.92191886901855,"Male"
"9004160",371982,2025-06-02 11:16:22,42.3991165161133,-8.9219217300415,"Male"
"9004160",371982,2025-06-02 11:21:17,42.3992195129395,-8.92240333557129,"Male"
"9004160",371982,2025-06-02 11:26:17,42.3992958068848,-8.92261981964111,"Male"
"9004160",371982,2025-06-02 11:31:16,42.3992042541504,-8.92252445220947,"Male"
"9004160",371982,2025-06-02 11:36:24,42.3995971679688,-8.92186641693115,"Male"
"9004160",371982,2025-06-02 11:41:16,42.3996276855469,-8.92187213897705,"Male"
"9004160",371982,2025-06-02 11:46:14,42.4038009643555,-8.92247772216797,"Male"
"9004160",371982,2025-06-02 11:51:13,42.4158744812012,-8.92432022094727,"Male"
"9004160",371982,2025-06-02 11:56:13,42.440055847168,-8.93035888671875,"Male"
"9004160",371982,2025-06-02 12:01:13,42.4667434692383,-8.9433765411377,"Male"
"9004160",371982,2025-06-02 12:06:13,42.4860229492188,-8.92290115356445,"Male"
"9004160",371982,2025-06-02 12:11:13,42.4980354309082,-8.88933658599854,"Male"
"9004160",371982,2025-06-02 12:16:13,42.5081825256348,-8.85435676574707,"Male"
"9004160",371982,2025-06-02 12:21:13,42.5144157409668,-8.83056545257568,"Male"
"9004160",371982,2025-06-02 12:26:24,42.5172729492188,-8.82702159881592,"Male"
"9004160",371982,2025-06-02 12:31:49,42.5173225402832,-8.82582950592041,"Male"
"9004160",371982,2025-06-02 12:36:49,42.5168380737305,-8.82588291168213,"Male"
"9004160",371982,2025-06-02 12:41:48,42.5168991088867,-8.82576274871826,"Male"
"9004160",371982,2025-06-02 12:46:49,42.516918182373,-8.82577800750732,"Male"
"9004160",371982,2025-06-02 12:51:48,42.5168914794922,-8.82578372955322,"Male"
"9004160",371982,2025-06-02 12:56:48,42.5171356201172,-8.82585716247559,"Male"
"9004160",371982,2025-06-02 13:01:48,42.5171203613281,-8.82587337493896,"Male"
"9004160",371982,2025-06-02 13:06:48,42.5171012878418,-8.82592296600342,"Male"
"9004160",371982,2025-06-02 13:11:48,42.5169944763184,-8.82579231262207,"Male"
"9004160",371982,2025-06-02 13:16:49,42.5166358947754,-8.82572650909424,"Male"
"9004160",371982,2025-06-02 13:21:50,42.516845703125,-8.82557392120361,"Male"
"9004160",371982,2025-06-02 13:26:50,42.5196151733398,-8.82268238067627,"Male"
"9004160",371982,2025-06-02 13:31:49,42.5196342468262,-8.8227014541626,"Male"
"9004160",371982,2025-06-02 13:36:49,42.5198974609375,-8.82275104522705,"Male"
"9004160",371982,2025-06-02 13:42:01,42.5197296142578,-8.82237339019775,"Male"
"9004160",371982,2025-06-02 13:47:07,42.5190277099609,-8.8229341506958,"Male"
"9004160",371982,2025-06-02 13:52:14,42.5190963745117,-8.82285213470459,"Male"
"9004160",371982,2025-06-02 13:57:22,42.5194549560547,-8.82293701171875,"Male"
"9004160",371982,2025-06-02 14:02:28,42.5195274353027,-8.82326793670654,"Male"
"9004160",371982,2025-06-02 14:07:26,42.5204544067383,-8.82256126403809,"Male"
"9004160",371982,2025-06-02 14:12:25,42.5205192565918,-8.82251834869385,"Male"
"9004160",371982,2025-06-02 14:17:25,42.520565032959,-8.82248401641846,"Male"
"9004160",371982,2025-06-02 14:22:25,42.5205917358398,-8.82244873046875,"Male"
"9004160",371982,2025-06-02 14:27:25,42.5204696655273,-8.82258129119873,"Male"
"9004160",371982,2025-06-02 14:32:25,42.5204124450684,-8.8226375579834,"Male"
"9004160",371982,2025-06-02 14:37:25,42.5202827453613,-8.82272243499756,"Male"
"9004160",371982,2025-06-02 14:42:25,42.5202293395996,-8.8227710723877,"Male"
"9004160",371982,2025-06-02 14:47:26,42.520336151123,-8.82273101806641,"Male"
"9004160",371982,2025-06-02 14:52:26,42.5200500488281,-8.82277965545654,"Male"
"9004160",371982,2025-06-02 14:57:29,42.5201454162598,-8.82277297973633,"Male"
"9004160",371982,2025-06-02 15:02:25,42.5202522277832,-8.82272052764893,"Male"
"9004160",371982,2025-06-02 15:07:38,42.520435333252,-8.82297611236572,"Male"
"9004160",371982,2025-06-02 15:12:29,42.5204315185547,-8.82265186309814,"Male"
"9004160",371982,2025-06-02 15:17:44,42.5197563171387,-8.82283115386963,"Male"
"9004160",371982,2025-06-02 15:22:25,42.5198020935059,-8.82348251342773,"Male"
"9004160",371982,2025-06-02 15:27:25,42.5198554992676,-8.82281494140625,"Male"
"9004160",371982,2025-06-02 15:32:25,42.5203895568848,-8.82323455810547,"Male"
"9004160",371982,2025-06-02 15:37:58,42.5205535888672,-8.82369327545166,"Male"
"9004160",371982,2025-06-02 15:43:20,42.5204238891602,-8.82357215881348,"Male"
"9004160",371982,2025-06-02 15:51:01,42.5202789306641,-8.82307910919189,"Male"
"9004160",371982,2025-06-02 15:56:11,42.5202102661133,-8.82294654846191,"Male"
"9004160",371982,2025-06-02 16:00:55,42.519947052002,-8.82281303405762,"Male"
"9004160",371982,2025-06-02 16:05:55,42.519947052002,-8.82280731201172,"Male"
"9004160",371982,2025-06-02 16:10:55,42.5200119018555,-8.8228702545166,"Male"
"9004160",371982,2025-06-02 16:15:55,42.5198287963867,-8.82269763946533,"Male"
"9004160",371982,2025-06-02 16:20:55,42.5199012756348,-8.82274436950684,"Male"
"9004160",371982,2025-06-02 16:25:55,42.519775390625,-8.82253360748291,"Male"
"9004160",371982,2025-06-02 16:30:55,42.5202674865723,-8.82240009307861,"Male"
"9004160",371982,2025-06-02 16:35:55,42.5201568603516,-8.82203674316406,"Male"
"9004160",371982,2025-06-02 16:40:56,42.5209121704102,-8.82143592834473,"Male"
"9004160",371982,2025-06-02 16:45:57,42.5199966430664,-8.8226318359375,"Male"
"9004160",371982,2025-06-02 16:50:59,42.5199851989746,-8.82256889343262,"Male"
"9004160",371982,2025-06-02 16:56:05,42.5200538635254,-8.8227071762085,"Male"
"9004160",371982,2025-06-02 17:01:07,42.5199775695801,-8.82263374328613,"Male"
"9004160",371982,2025-06-02 17:06:07,42.5200881958008,-8.82306575775146,"Male"
"9004160",371982,2025-06-02 17:11:01,42.5192375183105,-8.82326698303223,"Male"
"9004160",371982,2025-06-02 17:16:13,42.5192451477051,-8.82308673858643,"Male"
"9004160",371982,2025-06-02 17:21:14,42.5190391540527,-8.82266998291016,"Male"
"9004160",371982,2025-06-02 17:26:27,42.5188674926758,-8.8226432800293,"Male"
"9004160",371982,2025-06-02 17:31:54,42.5186309814453,-8.82287216186523,"Male"
"9004160",371982,2025-06-02 17:36:51,42.5191955566406,-8.82304859161377,"Male"
"9004160",371982,2025-06-02 17:41:51,42.5202445983887,-8.82236766815186,"Male"
"9004160",371982,2025-06-02 17:46:53,42.520191192627,-8.82245445251465,"Male"
"9004160",371982,2025-06-02 17:52:13,42.5199928283691,-8.82245540618896,"Male"
"9004160",371982,2025-06-02 17:56:49,42.5200462341309,-8.82253837585449,"Male"
"9004160",371982,2025-06-02 18:01:49,42.5198936462402,-8.82259273529053,"Male"
"9004160",371982,2025-06-02 18:06:49,42.5199851989746,-8.82253074645996,"Male"
"9004160",371982,2025-06-02 18:11:49,42.519905090332,-8.82272624969482,"Male"
"9004160",371982,2025-06-02 18:16:49,42.5199813842773,-8.82271289825439,"Male"
"9004160",371982,2025-06-02 18:21:49,42.5200996398926,-8.82276630401611,"Male"
"9004160",371982,2025-06-02 18:27:12,42.5192985534668,-8.82316017150879,"Male"
"9004160",371982,2025-06-02 18:32:39,42.518238067627,-8.82381916046143,"Male"
"9004160",371982,2025-06-02 18:37:36,42.5170097351074,-8.82607650756836,"Male"
"9004160",371982,2025-06-02 18:42:36,42.5170555114746,-8.82645225524902,"Male"
"9004160",371982,2025-06-02 18:47:44,42.5168304443359,-8.82598400115967,"Male"
"9004160",371982,2025-06-02 18:52:35,42.5168571472168,-8.82590961456299,"Male"
"9004160",371982,2025-06-02 18:57:34,42.516658782959,-8.82554340362549,"Male"
"9004160",371982,2025-06-02 19:02:34,42.516773223877,-8.8256196975708,"Male"
"9004160",371982,2025-06-02 19:07:33,42.5167961120605,-8.82592964172363,"Male"
"9004160",371982,2025-06-02 19:12:38,42.5167465209961,-8.82600402832031,"Male"
"9004160",371982,2025-06-02 19:17:34,42.5167274475098,-8.82591533660889,"Male"
"9004160",371982,2025-06-02 19:22:34,42.5069808959961,-8.84668731689453,"Male"
"9004160",371982,2025-06-02 19:27:36,42.4893226623535,-8.91076946258545,"Male"
"9004160",371982,2025-06-02 19:32:36,42.4498100280762,-8.94255542755127,"Male"
"9004160",371982,2025-06-02 19:38:13,42.3993911743164,-8.92177963256836,"Male"
"9004160",371982,2025-06-02 19:42:38,42.3992118835449,-8.92187213897705,"Male"
"9004160",371982,2025-06-02 19:47:39,42.3991279602051,-8.92176914215088,"Male"
"9004160",371982,2025-06-02 19:52:43,42.3991012573242,-8.92154312133789,"Male"
"9004160",371982,2025-06-02 19:57:38,42.3991088867188,-8.9219799041748,"Male"
"9004160",371982,2025-06-02 20:02:37,42.3991012573242,-8.92185497283936,"Male"
"9004160",371982,2025-06-02 20:07:43,42.3992462158203,-8.92189598083496,"Male"
"9004160",371982,2025-06-02 20:12:42,42.3993759155273,-8.92204284667969,"Male"
"9004160",371982,2025-06-02 20:17:39,42.3992576599121,-8.92187309265137,"Male"
"9004160",371982,2025-06-02 20:22:39,42.3989105224609,-8.92251014709473,"Male"
"9004160",371982,2025-06-02 20:27:39,42.3988914489746,-8.92254829406738,"Male"
"9004160",371982,2025-06-02 20:32:36,42.3992729187012,-8.92172241210938,"Male"
"9004160",371982,2025-06-02 20:37:36,42.3992118835449,-8.92189407348633,"Male"
"9004160",371982,2025-06-02 20:42:34,42.3991966247559,-8.92191123962402,"Male"
"9004160",371982,2025-06-02 20:47:36,42.3996315002441,-8.92303657531738,"Male"
"9004160",371982,2025-06-02 20:52:37,42.3992576599121,-8.92211818695068,"Male"
"9004160",371982,2025-06-02 20:57:36,42.3987846374512,-8.9218053817749,"Male"
"9004160",371982,2025-06-02 21:02:35,42.398365020752,-8.91909027099609,"Male"
"9004160",371982,2025-06-02 21:07:36,42.3992805480957,-8.92217063903809,"Male"
"9004160",371982,2025-06-02 21:12:34,42.3992576599121,-8.9220027923584,"Male"
"9004160",371982,2025-06-02 21:17:34,42.3986320495605,-8.92288112640381,"Male"
"9004160",371982,2025-06-02 21:22:40,42.398998260498,-8.92216396331787,"Male"
"9004160",371982,2025-06-02 21:27:34,42.3993377685547,-8.92185974121094,"Male"
"9004160",371982,2025-06-02 21:32:34,42.3992538452148,-8.92178916931152,"Male"
"9004160",371982,2025-06-02 21:37:34,42.3992767333984,-8.92178630828857,"Male"
"9004160",371982,2025-06-02 21:42:34,42.3993988037109,-8.9218578338623,"Male"
"9004160",371982,2025-06-02 21:47:35,42.3987731933594,-8.92164993286133,"Male"
"9004160",371982,2025-06-02 21:52:35,42.3993682861328,-8.92195987701416,"Male"
"9004160",371982,2025-06-02 21:57:35,42.3993377685547,-8.92194366455078,"Male"
"9004160",371982,2025-06-02 22:02:36,42.3994598388672,-8.92179489135742,"Male"
"9004160",371982,2025-06-02 22:07:34,42.3993949890137,-8.92177200317383,"Male"
"9004160",371982,2025-06-02 22:12:34,42.3994483947754,-8.92175483703613,"Male"
"9004160",371982,2025-06-02 22:17:34,42.3994178771973,-8.92185974121094,"Male"
"9004160",371982,2025-06-02 22:22:36,42.3994979858398,-8.92177104949951,"Male"
"9004160",371982,2025-06-02 22:27:39,42.3993034362793,-8.92190265655518,"Male"
"9004160",371982,2025-06-02 22:32:40,42.3993988037109,-8.92173957824707,"Male"
"9004160",371982,2025-06-02 22:37:38,42.3995170593262,-8.92167377471924,"Male"
"9004160",371982,2025-06-02 22:42:40,42.3996734619141,-8.92170715332031,"Male"
"9004160",371982,2025-06-02 22:47:59,42.399974822998,-8.92157459259033,"Male"
"9004160",371982,2025-06-02 22:52:38,42.3996315002441,-8.92162418365479,"Male"
"9004160",371982,2025-06-02 22:57:40,42.3995819091797,-8.92160701751709,"Male"
"9004160",371982,2025-06-02 23:02:39,42.399528503418,-8.9216365814209,"Male"
"9004160",371982,2025-06-02 23:07:40,42.3996086120605,-8.92170143127441,"Male"
"9004160",371982,2025-06-02 23:12:45,42.3999099731445,-8.92177486419678,"Male"
"9004160",371982,2025-06-02 23:17:40,42.3998374938965,-8.92189121246338,"Male"
"9004160",371982,2025-06-02 23:22:37,42.399787902832,-8.92195510864258,"Male"
"9004160",371982,2025-06-02 23:27:37,42.3997344970703,-8.92193603515625,"Male"
"9004160",371982,2025-06-02 23:32:39,42.3998908996582,-8.92153739929199,"Male"
"9004160",371982,2025-06-02 23:37:41,42.3998069763184,-8.92164516448975,"Male"
"9004160",371982,2025-06-02 23:42:34,42.3997802734375,-8.92175483703613,"Male"
"9004160",371982,2025-06-02 23:47:36,42.399787902832,-8.92167663574219,"Male"
"9004160",371982,2025-06-02 23:52:34,42.3997764587402,-8.92168235778809,"Male"
"9004160",371982,2025-06-02 23:57:36,42.3996696472168,-8.92191123962402,"Male"
"9004160",371982,2025-06-03 00:02:42,42.399284362793,-8.92185688018799,"Male"
"9004160",371982,2025-06-03 00:07:37,42.3994407653809,-8.92168140411377,"Male"
"9004160",371982,2025-06-03 00:12:38,42.399543762207,-8.9214563369751,"Male"
"9004160",371982,2025-06-03 00:17:39,42.3995666503906,-8.9214916229248,"Male"
"9004160",371982,2025-06-03 00:22:37,42.399284362793,-8.92185020446777,"Male"
"9004160",371982,2025-06-03 00:27:41,42.399471282959,-8.92117881774902,"Male"
"9004160",371982,2025-06-03 00:32:38,42.3994102478027,-8.92166709899902,"Male"
"9004160",371982,2025-06-03 00:37:40,42.3995819091797,-8.92168521881104,"Male"
"9004160",371982,2025-06-03 00:42:39,42.3993263244629,-8.92169666290283,"Male"
"9004160",371982,2025-06-03 00:47:38,42.399242401123,-8.921799659729,"Male"
"9004160",371982,2025-06-03 00:52:39,42.3994140625,-8.92170524597168,"Male"
"9004160",371982,2025-06-03 00:57:38,42.399356842041,-8.92175674438477,"Male"
"9004160",371982,2025-06-03 01:02:34,42.399356842041,-8.92179393768311,"Male"
"9004160",371982,2025-06-03 01:07:34,42.3992805480957,-8.92179584503174,"Male"
"9004160",371982,2025-06-03 01:12:35,42.3992080688477,-8.92176818847656,"Male"
"9004160",371982,2025-06-03 01:17:36,42.3992691040039,-8.9218692779541,"Male"
"9004160",371982,2025-06-03 01:22:36,42.3993301391602,-8.9216890335083,"Male"
"9004160",371982,2025-06-03 01:27:39,42.3992881774902,-8.92191410064697,"Male"
"9004160",371982,2025-06-03 01:32:39,42.3992729187012,-8.92182064056396,"Male"
"9004160",371982,2025-06-03 01:37:43,42.3993225097656,-8.92185020446777,"Male"
"9004160",371982,2025-06-03 01:42:40,42.3993606567383,-8.92164897918701,"Male"
"9004160",371982,2025-06-03 01:47:40,42.3994293212891,-8.92170429229736,"Male"
"9004160",371982,2025-06-03 01:52:41,42.3994064331055,-8.9218111038208,"Male"
"9004160",371982,2025-06-03 01:57:43,42.3994445800781,-8.92176818847656,"Male"
"9004160",371982,2025-06-03 02:02:41,42.399471282959,-8.92182064056396,"Male"
"9004160",371982,2025-06-03 02:07:40,42.3995933532715,-8.92176342010498,"Male"
"9004160",371982,2025-06-03 02:12:40,42.3995132446289,-8.9221363067627,"Male"
"9004160",371982,2025-06-03 02:17:44,42.3996505737305,-8.92187881469727,"Male"
"9004160",371982,2025-06-03 02:22:41,42.3997611999512,-8.92196846008301,"Male"
"9004160",371982,2025-06-03 02:27:37,42.3995513916016,-8.92183685302734,"Male"
"9004160",371982,2025-06-03 02:33:06,42.3995018005371,-8.92173480987549,"Male"
"9004160",371982,2025-06-03 02:38:57,42.3994598388672,-8.92182350158691,"Male"
"9004160",371982,2025-06-03 02:43:57,42.3992767333984,-8.92196655273438,"Male"
"9004160",371982,2025-06-03 02:48:57,42.3992385864258,-8.92196750640869,"Male"
"9004160",371982,2025-06-03 02:53:57,42.399284362793,-8.92196846008301,"Male"
"9004160",371982,2025-06-03 02:58:57,42.3992462158203,-8.92200469970703,"Male"
"9004160",371982,2025-06-03 03:03:57,42.3991928100586,-8.92199039459229,"Male"
"9004160",371982,2025-06-03 03:08:57,42.3993263244629,-8.92197799682617,"Male"
"9004160",371982,2025-06-03 03:13:57,42.3992156982422,-8.92193031311035,"Male"
"9004160",371982,2025-06-03 03:18:57,42.3993034362793,-8.92189407348633,"Male"
"9004160",371982,2025-06-03 03:22:42,42.3993148803711,-8.92184066772461,"Male"
"9004160",371982,2025-06-03 03:27:45,42.3993492126465,-8.92190265655518,"Male"
"9004160",371982,2025-06-03 03:32:42,42.3993530273438,-8.9219217300415,"Male"
"9004160",371982,2025-06-03 03:37:40,42.3991470336914,-8.92194652557373,"Male"
"9004160",371982,2025-06-03 03:42:40,42.3993072509766,-8.92188262939453,"Male"
"9004160",371982,2025-06-03 03:47:37,42.399356842041,-8.92199897766113,"Male"
"9004160",371982,2025-06-03 03:52:39,42.3991508483887,-8.92193126678467,"Male"
"9004160",371982,2025-06-03 03:57:41,42.3992462158203,-8.92182636260986,"Male"
"9004160",371982,2025-06-03 04:02:39,42.3991088867188,-8.92198371887207,"Male"
"9004160",371982,2025-06-03 04:07:38,42.3991622924805,-8.92181015014648,"Male"
"9004160",371982,2025-06-03 04:12:43,42.398868560791,-8.92202377319336,"Male"
"9004160",371982,2025-06-03 04:17:38,42.3989639282227,-8.92207336425781,"Male"
"9004160",371982,2025-06-03 04:22:37,42.3990211486816,-8.92212390899658,"Male"
"9004160",371982,2025-06-03 04:27:40,42.3990745544434,-8.92201995849609,"Male"
"9004160",371982,2025-06-03 04:32:40,42.3992576599121,-8.92207622528076,"Male"
"9004160",371982,2025-06-03 04:37:34,42.3990783691406,-8.92200565338135,"Male"
"9004160",371982,2025-06-03 04:42:37,42.3991508483887,-8.92199516296387,"Male"
"9004160",371982,2025-06-03 04:48:14,42.3989906311035,-8.92220973968506,"Male"
"9004160",371982,2025-06-03 04:52:36,42.3992958068848,-8.9219799041748,"Male"
"9004160",371982,2025-06-03 04:57:40,42.3992309570312,-8.92198181152344,"Male"
"9004160",371982,2025-06-03 05:02:39,42.3992805480957,-8.92197227478027,"Male"
"9004160",371982,2025-06-03 05:07:52,42.3992767333984,-8.92198944091797,"Male"
"9004160",371982,2025-06-03 05:12:39,42.399299621582,-8.921950340271,"Male"
"9004160",371982,2025-06-03 05:17:42,42.3991661071777,-8.92208576202393,"Male"
"9004160",371982,2025-06-03 05:22:40,42.399284362793,-8.92203998565674,"Male"
"9004160",371982,2025-06-03 05:27:39,42.3993606567383,-8.92196846008301,"Male"
"9004160",371982,2025-06-03 05:32:39,42.3993110656738,-8.92200374603271,"Male"
"9004160",371982,2025-06-03 05:37:39,42.3992538452148,-8.92203044891357,"Male"
"9004160",371982,2025-06-03 05:43:00,42.399227142334,-8.92189025878906,"Male"
"9004160",371982,2025-06-03 05:47:39,42.3992233276367,-8.92193031311035,"Male"
"9004160",371982,2025-06-03 05:52:39,42.3992156982422,-8.92195606231689,"Male"
"9004160",371982,2025-06-03 05:57:36,42.3993301391602,-8.92202758789062,"Male"
"9004160",371982,2025-06-03 06:03:00,42.3993339538574,-8.92204284667969,"Male"
"9004160",371982,2025-06-03 06:07:53,42.3992500305176,-8.92218112945557,"Male"
"9004160",371982,2025-06-03 06:13:05,42.3989486694336,-8.9227237701416,"Male"
"9004160",371982,2025-06-03 06:17:38,42.3990745544434,-8.92217445373535,"Male"
"9004160",371982,2025-06-03 06:22:34,42.3992538452148,-8.92197895050049,"Male"
"9004160",371982,2025-06-03 06:27:36,42.3992958068848,-8.92183685302734,"Male"
"9004160",371982,2025-06-03 06:32:38,42.3993072509766,-8.92189788818359,"Male"
"9004160",371982,2025-06-03 06:37:36,42.3993263244629,-8.92195320129395,"Male"
"9004160",371982,2025-06-03 06:42:37,42.3991966247559,-8.92187976837158,"Male"
"9004160",371982,2025-06-03 06:47:44,42.3993339538574,-8.92196559906006,"Male"
"9004160",371982,2025-06-03 06:52:34,42.3993911743164,-8.92199420928955,"Male"
"9004160",371982,2025-06-03 06:57:36,42.3995323181152,-8.92193508148193,"Male"
"9004160",371982,2025-06-03 07:02:36,42.399299621582,-8.92191314697266,"Male"
"9004160",371982,2025-06-03 07:07:34,42.3993644714355,-8.92197132110596,"Male"
"9004160",371982,2025-06-03 07:12:34,42.3993682861328,-8.92201328277588,"Male"
"9004160",371982,2025-06-03 07:17:34,42.3993225097656,-8.92192840576172,"Male"
"9004160",371982,2025-06-03 07:22:34,42.3994636535645,-8.92179870605469,"Male"
"9004160",371982,2025-06-03 07:27:34,42.3992233276367,-8.92188930511475,"Male"
"9004160",371982,2025-06-03 07:32:34,42.433235168457,-8.92558574676514,"Male"
"9004160",371982,2025-06-03 07:37:36,42.4664306640625,-8.94356346130371,"Male"
"9004160",371982,2025-06-03 07:42:36,42.490364074707,-8.91300296783447,"Male"
"9004160",371982,2025-06-03 07:47:34,42.5054626464844,-8.87424564361572,"Male"
"9004160",371982,2025-06-03 07:52:34,42.5174140930176,-8.83273124694824,"Male"
"9004160",371982,2025-06-03 07:57:57,42.5183525085449,-8.83044338226318,"Male"
"9004160",371982,2025-06-03 08:03:00,42.5182456970215,-8.82931423187256,"Male"
"9004160",371982,2025-06-03 08:07:58,42.5207023620605,-8.8298397064209,"Male"
"9004160",371982,2025-06-03 08:12:58,42.5210494995117,-8.82956314086914,"Male"
"9004160",371982,2025-06-03 08:17:58,42.5203895568848,-8.82971096038818,"Male"
"9004160",371982,2025-06-03 08:22:58,42.5207939147949,-8.82974147796631,"Male"
"9004160",371982,2025-06-03 08:27:58,42.5206871032715,-8.82964420318604,"Male"
"9004160",371982,2025-06-03 08:32:58,42.5205841064453,-8.82959651947021,"Male"
"9004160",371982,2025-06-03 08:37:58,42.5207672119141,-8.82984638214111,"Male"
"9004160",371982,2025-06-03 08:42:59,42.5205726623535,-8.82992076873779,"Male"
"9004160",371982,2025-06-03 08:47:58,42.5204048156738,-8.83003711700439,"Male"
"9004160",371982,2025-06-03 08:52:58,42.5205497741699,-8.82993602752686,"Male"
"9004160",371982,2025-06-03 08:57:58,42.5205497741699,-8.82993412017822,"Male"
"9004160",371982,2025-06-03 09:02:58,42.5205459594727,-8.82991886138916,"Male"
"9004160",371982,2025-06-03 09:07:58,42.5206604003906,-8.82986640930176,"Male"
"9004160",371982,2025-06-03 09:12:59,42.520809173584,-8.82966613769531,"Male"
"9004160",371982,2025-06-03 09:18:35,42.5206260681152,-8.82963275909424,"Male"
"9004160",371982,2025-06-03 09:22:57,42.5206336975098,-8.82966899871826,"Male"
"9004160",371982,2025-06-03 09:27:57,42.5206565856934,-8.82968902587891,"Male"
"9004160",371982,2025-06-03 09:32:57,42.5206413269043,-8.82964992523193,"Male"
"9004160",371982,2025-06-03 09:37:58,42.5206146240234,-8.82967376708984,"Male"
"9004160",371982,2025-06-03 09:42:57,42.5206069946289,-8.82968425750732,"Male"
"9004160",371982,2025-06-03 09:47:58,42.520565032959,-8.82971572875977,"Male"
"9004160",371982,2025-06-03 09:52:57,42.5206718444824,-8.82964611053467,"Male"
"9004160",371982,2025-06-03 09:57:57,42.5206298828125,-8.82960224151611,"Male"
"9004160",371982,2025-06-03 10:02:57,42.5206260681152,-8.82961177825928,"Male"
"9004160",371982,2025-06-03 10:07:57,42.5206298828125,-8.82966232299805,"Male"
"9004160",371982,2025-06-03 10:12:57,42.5206489562988,-8.8296070098877,"Male"
"9004160",371982,2025-06-03 10:17:57,42.5206413269043,-8.82959842681885,"Male"
"9004160",371982,2025-06-03 10:22:58,42.5209007263184,-8.83059692382812,"Male"
"9004160",371982,2025-06-03 10:28:16,42.5202331542969,-8.8326473236084,"Male"
"9004160",371982,2025-06-03 10:36:42,42.5217819213867,-8.83106994628906,"Male"
"9004160",371982,2025-06-03 10:41:39,42.5207748413086,-8.83035373687744,"Male"
"9004160",371982,2025-06-03 10:46:40,42.5202865600586,-8.82964324951172,"Male"
"9004160",371982,2025-06-03 10:51:42,42.520076751709,-8.82937145233154,"Male"
"9004160",371982,2025-06-03 10:56:39,42.5200119018555,-8.82924270629883,"Male"
"9004160",371982,2025-06-03 11:01:39,42.5203704833984,-8.82965278625488,"Male"
"9004160",371982,2025-06-03 11:07:05,42.5204048156738,-8.82969665527344,"Male"
"9004160",371982,2025-06-03 11:11:38,42.5204849243164,-8.82982540130615,"Male"
"9004160",371982,2025-06-03 11:16:38,42.520393371582,-8.82975006103516,"Male"
"9004160",371982,2025-06-03 11:21:38,42.5204544067383,-8.82972812652588,"Male"
"9004160",371982,2025-06-03 11:26:38,42.5204391479492,-8.8297872543335,"Male"
"9004160",371982,2025-06-03 11:31:38,42.516716003418,-8.82567024230957,"Male"
"9004160",371982,2025-06-03 11:36:38,42.5166931152344,-8.82576370239258,"Male"
"9004160",371982,2025-06-03 11:41:38,42.5166969299316,-8.8258752822876,"Male"
"9004160",371982,2025-06-03 11:46:41,42.5191307067871,-8.82305908203125,"Male"
"9004160",371982,2025-06-03 11:52:41,42.5186805725098,-8.82271671295166,"Male"
"9004160",371982,2025-06-03 11:57:36,42.5197448730469,-8.82262134552002,"Male"
"9004160",371982,2025-06-03 12:02:37,42.5197982788086,-8.8225212097168,"Male"
"9004160",371982,2025-06-03 12:07:37,42.5197906494141,-8.82255458831787,"Male"
"9004160",371982,2025-06-03 12:12:35,42.5197715759277,-8.82311820983887,"Male"
"9004160",371982,2025-06-03 12:17:39,42.5197296142578,-8.82248115539551,"Male"
"9004160",371982,2025-06-03 12:22:38,42.5197525024414,-8.82248783111572,"Male"
"9004160",371982,2025-06-03 12:27:42,42.5197448730469,-8.8224573135376,"Male"
"9004160",371982,2025-06-03 12:32:39,42.5197334289551,-8.82258701324463,"Male"
"9004160",371982,2025-06-03 12:37:39,42.5197715759277,-8.82246685028076,"Male"
"9004160",371982,2025-06-03 12:42:41,42.519718170166,-8.82250690460205,"Male"
"9004160",371982,2025-06-03 12:47:44,42.519718170166,-8.82246685028076,"Male"
"9004160",371982,2025-06-03 12:52:39,42.5198516845703,-8.822434425354,"Male"
"9004160",371982,2025-06-03 12:57:39,42.5198020935059,-8.82245922088623,"Male"
"9004160",371982,2025-06-03 13:02:39,42.5197677612305,-8.82242012023926,"Male"
"9004160",371982,2025-06-03 13:08:05,42.5197830200195,-8.82248210906982,"Male"
"9004160",371982,2025-06-03 13:12:36,42.5198593139648,-8.82254695892334,"Male"
"9004160",371982,2025-06-03 13:17:34,42.519775390625,-8.82240772247314,"Male"
"9004160",371982,2025-06-03 13:22:35,42.5198631286621,-8.82260990142822,"Male"
"9004160",371982,2025-06-03 13:27:36,42.5197448730469,-8.82252979278564,"Male"
"9004160",371982,2025-06-03 13:32:36,42.5197563171387,-8.82253265380859,"Male"
"9004160",371982,2025-06-03 13:38:13,42.5185470581055,-8.82253932952881,"Male"
"9004160",371982,2025-06-03 13:43:25,42.5186157226562,-8.82217884063721,"Male"
"9004160",371982,2025-06-03 13:48:22,42.5188217163086,-8.82321834564209,"Male"
"9004160",371982,2025-06-03 13:53:48,42.5190734863281,-8.82287216186523,"Male"
"9004160",371982,2025-06-03 13:58:42,42.5196228027344,-8.82274532318115,"Male"
"9004160",371982,2025-06-03 14:03:45,42.5195579528809,-8.8225679397583,"Male"
"9004160",371982,2025-06-03 14:08:44,42.5196723937988,-8.82269191741943,"Male"
"9004160",371982,2025-06-03 14:13:44,42.5193748474121,-8.82251930236816,"Male"
"9004160",371982,2025-06-03 14:18:42,42.5195465087891,-8.82259559631348,"Male"
"9004160",371982,2025-06-03 14:23:43,42.5193748474121,-8.82246208190918,"Male"
"9004160",371982,2025-06-03 14:29:03,42.5196228027344,-8.82274055480957,"Male"
"9004160",371982,2025-06-03 14:33:42,42.5195541381836,-8.82271671295166,"Male"
"9004160",371982,2025-06-03 14:38:42,42.5196762084961,-8.82330989837646,"Male"
"9004160",371982,2025-06-03 14:43:42,42.5194435119629,-8.82377624511719,"Male"
"9004160",371982,2025-06-03 14:48:43,42.5192604064941,-8.82418346405029,"Male"
"9004160",371982,2025-06-03 14:53:41,42.518928527832,-8.82408332824707,"Male"
"9004160",371982,2025-06-03 14:59:03,42.5185546875,-8.82380199432373,"Male"
"9004160",371982,2025-06-03 15:04:01,42.518741607666,-8.82376098632812,"Male"
"9004160",371982,2025-06-03 15:09:01,42.5184631347656,-8.82394218444824,"Male"
"9004160",371982,2025-06-03 15:14:14,42.5174102783203,-8.82506561279297,"Male"
"9004160",371982,2025-06-03 15:19:13,42.5169105529785,-8.82589530944824,"Male"
"9004160",371982,2025-06-03 15:24:12,42.5169486999512,-8.82590961456299,"Male"
"9004160",371982,2025-06-03 15:29:11,42.5168838500977,-8.8258810043335,"Male"
"9004160",371982,2025-06-03 15:34:14,42.5169219970703,-8.82595443725586,"Male"
"9004160",371982,2025-06-03 15:39:11,42.5168495178223,-8.82590866088867,"Male"
"9004160",371982,2025-06-03 15:44:12,42.5169258117676,-8.82595252990723,"Male"
"9004160",371982,2025-06-03 15:49:14,42.5168609619141,-8.82576560974121,"Male"
"9004160",371982,2025-06-03 15:54:35,42.5168838500977,-8.82591438293457,"Male"
"9004160",371982,2025-06-03 15:59:12,42.5169067382812,-8.825927734375,"Male"
"9004160",371982,2025-06-03 16:04:12,42.516845703125,-8.82601261138916,"Male"
"9004160",371982,2025-06-03 16:09:12,42.5168952941895,-8.82608032226562,"Male"
"9004160",371982,2025-06-03 16:14:12,42.5169258117676,-8.82609462738037,"Male"
"9004160",371982,2025-06-03 16:19:12,42.5169410705566,-8.82609844207764,"Male"
"9004160",371982,2025-06-03 16:24:12,42.517017364502,-8.82584762573242,"Male"
"9004160",371982,2025-06-03 16:29:12,42.5169677734375,-8.82593631744385,"Male"
"9004160",371982,2025-06-03 16:34:12,42.5169830322266,-8.82589817047119,"Male"
"9004160",371982,2025-06-03 16:39:12,42.5169448852539,-8.82592487335205,"Male"
"9004160",371982,2025-06-03 16:44:12,42.5169296264648,-8.82599830627441,"Male"
"9004160",371982,2025-06-03 16:49:19,42.5180702209473,-8.82460689544678,"Male"
"9004160",371982,2025-06-03 16:54:36,42.5187034606934,-8.82278823852539,"Male"
"9004160",371982,2025-06-03 16:59:41,42.518856048584,-8.82314777374268,"Male"
"9004160",371982,2025-06-03 17:04:48,42.5181312561035,-8.82358646392822,"Male"
"9004160",371982,2025-06-03 17:09:52,42.5170555114746,-8.82513236999512,"Male"
"9004160",371982,2025-06-03 17:14:49,42.5171356201172,-8.82582187652588,"Male"
"9004160",371982,2025-06-03 17:19:50,42.5167655944824,-8.82585525512695,"Male"
"9004160",371982,2025-06-03 17:24:50,42.516788482666,-8.8259162902832,"Male"
"9004160",371982,2025-06-03 17:29:49,42.5167541503906,-8.82578945159912,"Male"
"9004160",371982,2025-06-03 17:34:49,42.5167846679688,-8.82583236694336,"Male"
"9004160",371982,2025-06-03 17:39:49,42.5167808532715,-8.82588291168213,"Male"
"9004160",371982,2025-06-03 17:45:00,42.5169410705566,-8.82574939727783,"Male"
"9004160",371982,2025-06-03 17:50:04,42.5169372558594,-8.82574272155762,"Male"
"9004160",371982,2025-06-03 17:55:04,42.5169067382812,-8.8257532119751,"Male"
"9004160",371982,2025-06-03 18:00:04,42.5168914794922,-8.82579326629639,"Male"
"9004160",371982,2025-06-03 18:05:00,42.516902923584,-8.8257007598877,"Male"
"9004160",371982,2025-06-03 18:09:59,42.5168876647949,-8.82566928863525,"Male"
"9004160",371982,2025-06-03 18:14:59,42.516845703125,-8.82576847076416,"Male"
"9004160",371982,2025-06-03 18:20:08,42.5165596008301,-8.82597351074219,"Male"
"9004160",371982,2025-06-03 18:25:15,42.5168418884277,-8.82578754425049,"Male"
"9004160",371982,2025-06-03 18:29:50,42.5048484802246,-8.85431861877441,"Male"
"9004160",371982,2025-06-03 18:34:49,42.4934196472168,-8.89871597290039,"Male"
"9004160",371982,2025-06-03 18:39:48,42.4786033630371,-8.93905067443848,"Male"
"9004160",371982,2025-06-03 18:44:52,42.4419021606445,-8.94167518615723,"Male"
"9004160",371982,2025-06-03 18:50:35,42.4017219543457,-8.92078113555908,"Male"
"9004160",371982,2025-06-03 18:55:14,42.399356842041,-8.92195796966553,"Male"
"9004160",371982,2025-06-03 18:59:48,42.3993530273438,-8.92133522033691,"Male"
"9004160",371982,2025-06-03 19:04:52,42.3992004394531,-8.92183303833008,"Male"
"9004160",371982,2025-06-03 19:09:48,42.3995819091797,-8.9218578338623,"Male"
"9004160",371982,2025-06-03 19:14:51,42.3993148803711,-8.92194080352783,"Male"
"9004160",371982,2025-06-03 19:19:49,42.3997497558594,-8.9221887588501,"Male"
"9004160",371982,2025-06-03 19:24:53,42.399471282959,-8.92197895050049,"Male"
"9004160",371982,2025-06-03 19:29:48,42.3996047973633,-8.92209720611572,"Male"
"9004160",371982,2025-06-03 19:34:49,42.3994636535645,-8.92199897766113,"Male"
"9004160",371982,2025-06-03 19:39:54,42.3994789123535,-8.92205810546875,"Male"
"9004160",371982,2025-06-03 19:44:52,42.399585723877,-8.92215156555176,"Male"
"9004160",371982,2025-06-03 19:50:14,42.3995666503906,-8.92211723327637,"Male"
"9004160",371982,2025-06-03 19:54:54,42.3995475769043,-8.92207145690918,"Male"
"9004160",371982,2025-06-03 20:00:01,42.3990173339844,-8.9214448928833,"Male"
"9004160",371982,2025-06-03 20:05:00,42.3991928100586,-8.92174243927002,"Male"
"9004160",371982,2025-06-03 20:09:59,42.3989562988281,-8.92131233215332,"Male"
"9004160",371982,2025-06-03 20:15:14,42.3990020751953,-8.92156314849854,"Male"
"9004160",371982,2025-06-03 20:20:00,42.39892578125,-8.92111396789551,"Male"
"9004160",371982,2025-06-03 20:25:02,42.3990020751953,-8.92137622833252,"Male"
"9004160",371982,2025-06-03 20:29:54,42.3992385864258,-8.9222354888916,"Male"
"9004160",371982,2025-06-03 20:34:55,42.3991012573242,-8.92187690734863,"Male"
"9004160",371982,2025-06-03 20:39:52,42.3991432189941,-8.92199897766113,"Male"
"9004160",371982,2025-06-03 20:44:48,42.3990440368652,-8.92166233062744,"Male"
"9004160",371982,2025-06-03 20:50:14,42.3991928100586,-8.9222240447998,"Male"
"9004160",371982,2025-06-03 20:55:06,42.3993339538574,-8.92306709289551,"Male"
"9004160",371982,2025-06-03 20:59:49,42.3989639282227,-8.92160320281982,"Male"
"9004160",371982,2025-06-03 21:05:14,42.3992500305176,-8.92190456390381,"Male"
"9004160",371982,2025-06-03 21:09:49,42.3991203308105,-8.9217529296875,"Male"
"9004160",371982,2025-06-03 21:14:50,42.3993301391602,-8.92183113098145,"Male"
"9004160",371982,2025-06-03 21:19:54,42.3992767333984,-8.92191410064697,"Male"
"9004160",371982,2025-06-03 21:24:57,42.3991813659668,-8.92179298400879,"Male"
"9004160",371982,2025-06-03 21:29:53,42.3993606567383,-8.92195987701416,"Male"
"9004160",371982,2025-06-03 21:34:49,42.3993148803711,-8.9218168258667,"Male"
"9004160",371982,2025-06-03 21:39:53,42.3992462158203,-8.92175960540771,"Male"
"9004160",371982,2025-06-03 21:44:52,42.3993225097656,-8.92178726196289,"Male"
"9004160",371982,2025-06-03 21:50:23,42.3991775512695,-8.92186260223389,"Male"
"9004160",371982,2025-06-03 21:54:48,42.3991584777832,-8.92191410064697,"Male"
"9004160",371982,2025-06-03 21:59:48,42.3991165161133,-8.92195510864258,"Male"
"9004160",371982,2025-06-03 22:04:48,42.3991088867188,-8.92195415496826,"Male"
"9004160",371982,2025-06-03 22:09:49,42.3990592956543,-8.92189788818359,"Male"
"9004160",371982,2025-06-03 22:14:48,42.3991279602051,-8.92199897766113,"Male"
"9004160",371982,2025-06-03 22:19:48,42.3990821838379,-8.92190265655518,"Male"
"9004160",371982,2025-06-03 22:24:49,42.3990631103516,-8.92190361022949,"Male"
"9004160",371982,2025-06-03 22:29:54,42.3995399475098,-8.92181205749512,"Male"
"9004160",371982,2025-06-03 22:34:58,42.398983001709,-8.92188453674316,"Male"
"9004160",371982,2025-06-03 22:39:59,42.3989181518555,-8.92186450958252,"Male"
"9004160",371982,2025-06-03 22:45:35,42.3988304138184,-8.92184257507324,"Male"
"9004160",371982,2025-06-03 22:49:51,42.3988914489746,-8.92188453674316,"Male"
"9004160",371982,2025-06-03 22:55:00,42.3988265991211,-8.92178916931152,"Male"
"9004160",371982,2025-06-03 22:59:49,42.3990821838379,-8.92187023162842,"Male"
"9004160",371982,2025-06-03 23:04:50,42.3989486694336,-8.92180347442627,"Male"
"9004160",371982,2025-06-03 23:09:52,42.3987579345703,-8.92170906066895,"Male"
"9004160",371982,2025-06-03 23:14:51,42.3988494873047,-8.92180252075195,"Male"
"9004160",371982,2025-06-03 23:19:49,42.3989295959473,-8.92184352874756,"Male"
"9004160",371982,2025-06-03 23:24:52,42.3989143371582,-8.92160892486572,"Male"
"9004160",371982,2025-06-03 23:29:55,42.3996505737305,-8.92160606384277,"Male"
"9004160",371982,2025-06-03 23:34:52,42.399600982666,-8.92158222198486,"Male"
"9004160",371982,2025-06-03 23:39:55,42.3994750976562,-8.92158126831055,"Male"
"9004160",371982,2025-06-03 23:45:13,42.3994560241699,-8.92156982421875,"Male"
"9004160",371982,2025-06-03 23:49:49,42.3995819091797,-8.92155456542969,"Male"
"9004160",371982,2025-06-03 23:55:01,42.3995971679688,-8.92159271240234,"Male"
"9004160",371982,2025-06-04 00:00:14,42.3994522094727,-8.92162322998047,"Male"
"9004160",371982,2025-06-04 00:04:49,42.3995590209961,-8.92174530029297,"Male"
"9004160",371982,2025-06-04 00:09:49,42.399543762207,-8.921706199646,"Male"
"9004160",371982,2025-06-04 00:14:50,42.3995666503906,-8.92173194885254,"Male"
"9004160",371982,2025-06-04 00:19:51,42.3995094299316,-8.92178344726562,"Male"
"9004160",371982,2025-06-04 00:24:49,42.3995552062988,-8.92179775238037,"Male"
"9004160",371982,2025-06-04 00:29:52,42.3996047973633,-8.92185688018799,"Male"
"9004160",371982,2025-06-04 00:34:54,42.3998107910156,-8.9219799041748,"Male"
"9004160",371982,2025-06-04 00:39:55,42.3995475769043,-8.921799659729,"Male"
"9004160",371982,2025-06-04 00:44:57,42.3995132446289,-8.9218053817749,"Male"
"9004160",371982,2025-06-04 00:49:50,42.3994255065918,-8.92185401916504,"Male"
"9004160",371982,2025-06-04 00:54:51,42.3991317749023,-8.92163562774658,"Male"
"9004160",371982,2025-06-04 00:59:57,42.3992729187012,-8.92172527313232,"Male"
"9004160",371982,2025-06-04 01:04:51,42.3992919921875,-8.92173004150391,"Male"
"9004160",371982,2025-06-04 01:09:49,42.3991279602051,-8.9216365814209,"Male"
"9004160",371982,2025-06-04 01:14:50,42.3993377685547,-8.92181777954102,"Male"
"9004160",371982,2025-06-04 01:19:54,42.3991279602051,-8.92163181304932,"Male"
"9004160",371982,2025-06-04 01:24:53,42.3991241455078,-8.92162418365479,"Male"
"9004160",371982,2025-06-04 01:29:54,42.3991889953613,-8.92166900634766,"Male"
"9004160",371982,2025-06-04 01:34:56,42.399227142334,-8.92171287536621,"Male"
"9004160",371982,2025-06-04 01:39:54,42.3991584777832,-8.92167568206787,"Male"
"9004160",371982,2025-06-04 01:45:00,42.3993835449219,-8.92170238494873,"Male"
"9004160",371982,2025-06-04 01:49:51,42.3995742797852,-8.9218168258667,"Male"
"9004160",371982,2025-06-04 01:54:57,42.3996391296387,-8.92190551757812,"Male"
"9004160",371982,2025-06-04 01:59:56,42.3995208740234,-8.9218578338623,"Male"
"9004160",371982,2025-06-04 02:04:50,42.399543762207,-8.92194271087646,"Male"
"9004160",371982,2025-06-04 02:09:54,42.3995018005371,-8.92188167572021,"Male"
"9004160",371982,2025-06-04 02:14:57,42.3989143371582,-8.92139053344727,"Male"
"9004160",371982,2025-06-04 02:19:55,42.3994674682617,-8.92187976837158,"Male"
"9004160",371982,2025-06-04 02:25:06,42.3991584777832,-8.92161846160889,"Male"
"9004160",371982,2025-06-04 02:30:06,42.3991775512695,-8.92164325714111,"Male"
"9004160",371982,2025-06-04 02:35:08,42.3990325927734,-8.92151641845703,"Male"
"9004160",371982,2025-06-04 02:41:12,42.3986892700195,-8.92087745666504,"Male"
"9004160",371982,2025-06-04 02:46:13,42.3986206054688,-8.92145156860352,"Male"
"9004160",371982,2025-06-04 02:51:12,42.3986511230469,-8.92164993286133,"Male"
"9004160",371982,2025-06-04 02:56:13,42.3994102478027,-8.92191123962402,"Male"
"9004160",371982,2025-06-04 03:01:13,42.3994827270508,-8.92195987701416,"Male"
"9004160",371982,2025-06-04 03:06:13,42.3994064331055,-8.92191028594971,"Male"
"9004160",371982,2025-06-04 03:11:13,42.3993873596191,-8.92196655273438,"Male"
"9004160",371982,2025-06-04 03:16:13,42.3993988037109,-8.92197322845459,"Male"
"9004160",371982,2025-06-04 03:21:13,42.3993644714355,-8.92196369171143,"Male"
"9004160",371982,2025-06-04 03:26:13,42.3993530273438,-8.92189025878906,"Male"
"9004160",371982,2025-06-04 03:29:58,42.3992767333984,-8.921875,"Male"
"9004160",371982,2025-06-04 03:34:55,42.3992919921875,-8.92197418212891,"Male"
"9004160",371982,2025-06-04 03:39:50,42.3994369506836,-8.92217445373535,"Male"
"9004160",371982,2025-06-04 03:44:50,42.3990631103516,-8.92178058624268,"Male"
"9004160",371982,2025-06-04 03:50:02,42.399284362793,-8.92188739776611,"Male"
"9004160",371982,2025-06-04 03:54:52,42.3994750976562,-8.92203521728516,"Male"
"9004160",371982,2025-06-04 03:59:58,42.399299621582,-8.92182922363281,"Male"
"9004160",371982,2025-06-04 04:04:57,42.3993034362793,-8.92194271087646,"Male"
"9004160",371982,2025-06-04 04:09:53,42.4006614685059,-8.92326736450195,"Male"
"9004160",371982,2025-06-04 04:15:00,42.3993034362793,-8.92187595367432,"Male"
"9004160",371982,2025-06-04 04:20:00,42.3993186950684,-8.92197322845459,"Male"
"9004160",371982,2025-06-04 04:24:58,42.399299621582,-8.92189025878906,"Male"
"9004160",371982,2025-06-04 04:29:50,42.3995513916016,-8.92220211029053,"Male"
"9004160",371982,2025-06-04 04:34:51,42.3997344970703,-8.92243576049805,"Male"
"9004160",371982,2025-06-04 04:39:50,42.3996925354004,-8.9223804473877,"Male"
"9004160",371982,2025-06-04 04:44:49,42.3996391296387,-8.9223518371582,"Male"
"9004160",371982,2025-06-04 04:49:49,42.3995475769043,-8.92224025726318,"Male"
"9004160",371982,2025-06-04 04:54:50,42.3994293212891,-8.92209434509277,"Male"
"9004160",371982,2025-06-04 05:00:14,42.3996200561523,-8.9219388961792,"Male"
"9004160",371982,2025-06-04 05:04:50,42.3996887207031,-8.92204666137695,"Male"
"9004160",371982,2025-06-04 05:09:50,42.3995666503906,-8.9218635559082,"Male"
"9004160",371982,2025-06-04 05:14:52,42.3991584777832,-8.9220495223999,"Male"
"9004160",371982,2025-06-04 05:19:49,42.3992614746094,-8.92190742492676,"Male"
"9004160",371982,2025-06-04 05:24:50,42.3993339538574,-8.92215156555176,"Male"
"9004160",371982,2025-06-04 05:29:49,42.3990783691406,-8.92198848724365,"Male"
"9004160",371982,2025-06-04 05:34:52,42.3991966247559,-8.92194652557373,"Male"
"9004160",371982,2025-06-04 05:39:52,42.3990745544434,-8.92158794403076,"Male"
"9004160",371982,2025-06-04 05:44:59,42.3990821838379,-8.92193222045898,"Male"
"9004160",371982,2025-06-04 05:50:14,42.399169921875,-8.92184066772461,"Male"
"9004160",371982,2025-06-04 05:54:49,42.3991889953613,-8.92183399200439,"Male"
"9004160",371982,2025-06-04 05:59:52,42.3995208740234,-8.92189884185791,"Male"
"9004160",371982,2025-06-04 06:04:52,42.3992042541504,-8.92183971405029,"Male"
"9004160",371982,2025-06-04 06:09:51,42.399169921875,-8.92190361022949,"Male"
"9004160",371982,2025-06-04 06:14:55,42.399112701416,-8.92166042327881,"Male"
"9004160",371982,2025-06-04 06:19:51,42.3990898132324,-8.92202377319336,"Male"
"9004160",371982,2025-06-04 06:24:50,42.3993339538574,-8.92195510864258,"Male"
"9004160",371982,2025-06-04 06:29:54,42.399040222168,-8.92198181152344,"Male"
"9004160",371982,2025-06-04 06:34:51,42.3992652893066,-8.92178630828857,"Male"
"9004160",371982,2025-06-04 06:39:53,42.3992462158203,-8.9218692779541,"Male"
"9004160",371982,2025-06-04 06:44:52,42.3992347717285,-8.92183971405029,"Male"
"9004160",371982,2025-06-04 06:49:52,42.3991317749023,-8.92186832427979,"Male"
"9004160",371982,2025-06-04 06:54:51,42.3991432189941,-8.92185401916504,"Male"
"9004160",371982,2025-06-04 06:59:51,42.399055480957,-8.92182636260986,"Male"
"9004160",371982,2025-06-04 07:04:53,42.3990135192871,-8.92177295684814,"Male"
"9004160",371982,2025-06-04 07:09:51,42.3992309570312,-8.92177295684814,"Male"
"9004160",371982,2025-06-04 07:14:52,42.3989715576172,-8.92172431945801,"Male"
"9004160",371982,2025-06-04 07:19:53,42.3990249633789,-8.92178440093994,"Male"
"9004160",371982,2025-06-04 07:24:56,42.3989562988281,-8.92176151275635,"Male"
"9004160",371982,2025-06-04 07:29:56,42.3991241455078,-8.92185211181641,"Male"
"9004160",371982,2025-06-04 07:34:53,42.3990783691406,-8.92139625549316,"Male"
"9004160",371982,2025-06-04 07:40:12,42.3993263244629,-8.9218053817749,"Male"
"9004160",371982,2025-06-04 07:44:52,42.3996162414551,-8.92236137390137,"Male"
"9004160",371982,2025-06-04 07:49:51,42.399227142334,-8.92121887207031,"Male"
"9004160",371982,2025-06-04 07:54:50,42.3992652893066,-8.9212532043457,"Male"
"9004160",371982,2025-06-04 07:59:54,42.3992118835449,-8.92155933380127,"Male"
"9004160",371982,2025-06-04 08:04:53,42.399486541748,-8.92220401763916,"Male"
"9004160",371982,2025-06-04 08:09:52,42.4000625610352,-8.92465305328369,"Male"
"9004160",371982,2025-06-04 08:14:52,42.3999900817871,-8.92459678649902,"Male"
"9004160",371982,2025-06-04 08:19:56,42.3999671936035,-8.92461109161377,"Male"
"9004160",371982,2025-06-04 08:24:54,42.4000968933105,-8.92539310455322,"Male"
"9004160",371982,2025-06-04 08:29:53,42.4002304077148,-8.92605686187744,"Male"
"9004160",371982,2025-06-04 08:34:54,42.3984718322754,-8.92208290100098,"Male"
"9004160",371982,2025-06-04 08:40:10,42.399471282959,-8.92165565490723,"Male"
"9004160",371982,2025-06-04 08:44:52,42.3987693786621,-8.92191600799561,"Male"
"9004160",371982,2025-06-04 08:49:52,42.3993263244629,-8.9218053817749,"Male"
"9004160",371982,2025-06-04 08:54:50,42.4269142150879,-8.92250156402588,"Male"
"9004160",371982,2025-06-04 08:59:50,42.4616012573242,-8.94141960144043,"Male"
"9004160",371982,2025-06-04 09:04:50,42.4907569885254,-8.90829563140869,"Male"
"9004160",371982,2025-06-04 09:09:50,42.5115776062012,-8.85219764709473,"Male"
"9004160",371982,2025-06-04 09:15:22,42.5152397155762,-8.82541751861572,"Male"
"9004160",371982,2025-06-04 09:24:10,42.5170440673828,-8.82577323913574,"Male"
"9004160",371982,2025-06-04 09:29:10,42.516960144043,-8.82589817047119,"Male"
"9004160",371982,2025-06-04 09:34:10,42.5170516967773,-8.82595348358154,"Male"
"9004160",371982,2025-06-04 09:39:11,42.5169982910156,-8.82608032226562,"Male"
"9004160",371982,2025-06-04 09:44:10,42.5171012878418,-8.82583904266357,"Male"
"9004160",371982,2025-06-04 09:49:11,42.5170555114746,-8.82584381103516,"Male"
"9004160",371982,2025-06-04 09:54:10,42.5169219970703,-8.82583332061768,"Male"
"9004160",371982,2025-06-04 09:59:11,42.516773223877,-8.82592391967773,"Male"
"9004160",371982,2025-06-04 10:04:10,42.516529083252,-8.82608604431152,"Male"
"9004160",371982,2025-06-04 10:09:46,42.5186996459961,-8.82369613647461,"Male"
"9004160",371982,2025-06-04 10:14:45,42.5185089111328,-8.8230037689209,"Male"
"9004160",371982,2025-06-04 10:19:45,42.5197944641113,-8.82284450531006,"Male"
"9004160",371982,2025-06-04 10:24:45,42.5198364257812,-8.82274627685547,"Male"
"9004160",371982,2025-06-04 10:29:46,42.5197830200195,-8.82319450378418,"Male"
"9004160",371982,2025-06-04 10:34:45,42.5201416015625,-8.82303237915039,"Male"
"9004160",371982,2025-06-04 10:39:45,42.5201988220215,-8.82322311401367,"Male"
"9004160",371982,2025-06-04 10:44:45,42.5200958251953,-8.82306957244873,"Male"
"9004160",371982,2025-06-04 10:49:46,42.5201835632324,-8.82290744781494,"Male"
"9004160",371982,2025-06-04 10:54:45,42.5201568603516,-8.82307052612305,"Male"
"9004160",371982,2025-06-04 10:59:45,42.5201988220215,-8.82310771942139,"Male"
"9004160",371982,2025-06-04 11:04:45,42.5202255249023,-8.82291030883789,"Male"
"9004160",371982,2025-06-04 11:09:46,42.5202217102051,-8.82331943511963,"Male"
"9004160",371982,2025-06-04 11:14:46,42.5210380554199,-8.82356834411621,"Male"
"9004160",371982,2025-06-04 11:19:46,42.521068572998,-8.82358741760254,"Male"
"9004160",371982,2025-06-04 11:24:45,42.5203247070312,-8.82311248779297,"Male"
"9004160",371982,2025-06-04 11:29:46,42.5202674865723,-8.82313823699951,"Male"
"9004160",371982,2025-06-04 11:34:45,42.5203475952148,-8.82301139831543,"Male"
"9004160",371982,2025-06-04 11:39:45,42.5202980041504,-8.82305431365967,"Male"
"9004160",371982,2025-06-04 11:44:45,42.5205307006836,-8.82320117950439,"Male"
"9004160",371982,2025-06-04 11:49:45,42.5204391479492,-8.82307529449463,"Male"
"9004160",371982,2025-06-04 11:54:45,42.5203552246094,-8.82314205169678,"Male"
"9004160",371982,2025-06-04 12:00:25,42.520435333252,-8.822678565979,"Male"
"9004160",371982,2025-06-04 12:05:51,42.5194854736328,-8.82260036468506,"Male"
"9004160",371982,2025-06-04 12:11:09,42.5189666748047,-8.82240104675293,"Male"
"9004160",371982,2025-06-04 12:16:07,42.5190658569336,-8.82198333740234,"Male"
"9004160",371982,2025-06-04 12:21:06,42.5204696655273,-8.8225793838501,"Male"
"9004160",371982,2025-06-04 12:26:06,42.5202827453613,-8.82233428955078,"Male"
"9004160",371982,2025-06-04 12:31:06,42.520206451416,-8.82222557067871,"Male"
"9004160",371982,2025-06-04 12:36:08,42.5201644897461,-8.82228469848633,"Male"
"9004160",371982,2025-06-04 12:41:06,42.5202102661133,-8.82211780548096,"Male"
"9004160",371982,2025-06-04 12:46:06,42.5201530456543,-8.82211589813232,"Male"
"9004160",371982,2025-06-04 12:51:05,42.5202102661133,-8.82246875762939,"Male"
"9004160",371982,2025-06-04 12:56:06,42.5202331542969,-8.82198715209961,"Male"
"9004160",371982,2025-06-04 13:01:06,42.5200309753418,-8.82210350036621,"Male"
"9004160",371982,2025-06-04 13:06:05,42.5201034545898,-8.82203006744385,"Male"
"9004160",371982,2025-06-04 13:11:06,42.5199432373047,-8.82229614257812,"Male"
"9004160",371982,2025-06-04 13:16:06,42.5198783874512,-8.82226848602295,"Male"
"9004160",371982,2025-06-04 13:21:05,42.5199203491211,-8.82229328155518,"Male"
"9004160",371982,2025-06-04 13:26:05,42.5198364257812,-8.82234668731689,"Male"
"9004160",371982,2025-06-04 13:31:05,42.5196800231934,-8.8222713470459,"Male"
"9004160",371982,2025-06-04 13:36:06,42.5198593139648,-8.82229900360107,"Male"
"9004160",371982,2025-06-04 13:41:05,42.5193939208984,-8.82229423522949,"Male"
"9004160",371982,2025-06-04 13:46:06,42.5199203491211,-8.82242298126221,"Male"
"9004160",371982,2025-06-04 13:51:06,42.5199394226074,-8.82244491577148,"Male"
"9004160",371982,2025-06-04 13:56:07,42.5201110839844,-8.82236385345459,"Male"
"9004160",371982,2025-06-04 14:01:06,42.5200576782227,-8.82236385345459,"Male"
"9004160",371982,2025-06-04 14:06:06,42.520149230957,-8.8222484588623,"Male"
"9004160",371982,2025-06-04 14:11:06,42.5201835632324,-8.82227897644043,"Male"
"9004160",371982,2025-06-04 14:16:06,42.5201797485352,-8.82226753234863,"Male"
"9004160",371982,2025-06-04 14:21:06,42.5201416015625,-8.82236766815186,"Male"
"9004160",371982,2025-06-04 14:26:09,42.5201606750488,-8.82374858856201,"Male"
"9004160",371982,2025-06-04 14:31:05,42.5203895568848,-8.82400703430176,"Male"
"9004160",371982,2025-06-04 14:36:21,42.5206527709961,-8.82433700561523,"Male"
"9004160",371982,2025-06-04 14:41:32,42.5204582214355,-8.82422828674316,"Male"
"9004160",371982,2025-06-04 14:46:43,42.5207862854004,-8.82305431365967,"Male"
"9004160",371982,2025-06-04 14:51:42,42.5203399658203,-8.82326698303223,"Male"
"9004160",371982,2025-06-04 14:56:41,42.5191612243652,-8.8240327835083,"Male"
"9004160",371982,2025-06-04 15:02:11,42.518928527832,-8.82274150848389,"Male"
"9004160",371982,2025-06-04 15:07:35,42.5179405212402,-8.82426929473877,"Male"
"9004160",371982,2025-06-04 15:12:40,42.5172424316406,-8.82564449310303,"Male"
"9004160",371982,2025-06-04 15:17:36,42.5172271728516,-8.8254566192627,"Male"
"9004160",371982,2025-06-04 15:22:36,42.5172271728516,-8.82546043395996,"Male"
"9004160",371982,2025-06-04 15:27:36,42.5172500610352,-8.82546329498291,"Male"
"9004160",371982,2025-06-04 15:32:36,42.517276763916,-8.82547760009766,"Male"
"9004160",371982,2025-06-04 15:37:35,42.5171966552734,-8.82559585571289,"Male"
"9004160",371982,2025-06-04 15:42:35,42.5170555114746,-8.82563209533691,"Male"
"9004160",371982,2025-06-04 15:47:37,42.5168151855469,-8.82549571990967,"Male"
"9004160",371982,2025-06-04 15:52:35,42.517017364502,-8.82561206817627,"Male"
"9004160",371982,2025-06-04 15:57:36,42.5169486999512,-8.82536602020264,"Male"
"9004160",371982,2025-06-04 16:02:36,42.5169296264648,-8.82546615600586,"Male"
"9004160",371982,2025-06-04 16:07:36,42.5171699523926,-8.82569313049316,"Male"
"9004160",371982,2025-06-04 16:12:36,42.5171928405762,-8.82567977905273,"Male"
"9004160",371982,2025-06-04 16:17:36,42.5171241760254,-8.82575416564941,"Male"
"9004160",371982,2025-06-04 16:22:36,42.5170478820801,-8.8257532119751,"Male"
"9004160",371982,2025-06-04 16:27:36,42.5169715881348,-8.8254919052124,"Male"
"9004160",371982,2025-06-04 16:32:36,42.5168418884277,-8.82544326782227,"Male"
"9004160",371982,2025-06-04 16:37:35,42.5168724060059,-8.82546424865723,"Male"
"9004160",371982,2025-06-04 16:42:36,42.5167922973633,-8.82539176940918,"Male"
"9004160",371982,2025-06-04 16:47:35,42.5169105529785,-8.82559394836426,"Male"
"9004160",371982,2025-06-04 16:52:36,42.5168151855469,-8.825758934021,"Male"
"9004160",371982,2025-06-04 16:57:52,42.5172576904297,-8.82569789886475,"Male"
"9004160",371982,2025-06-04 17:02:52,42.5167007446289,-8.8264741897583,"Male"
"9004160",371982,2025-06-04 17:08:01,42.5170097351074,-8.82754611968994,"Male"
"9004160",371982,2025-06-04 17:13:15,42.5171585083008,-8.82803058624268,"Male"
"9004160",371982,2025-06-04 17:18:28,42.5179634094238,-8.82932090759277,"Male"
"9004160",371982,2025-06-04 17:23:26,42.5177116394043,-8.82905960083008,"Male"
"9004160",371982,2025-06-04 17:28:27,42.5177917480469,-8.82914638519287,"Male"
"9004160",371982,2025-06-04 17:33:27,42.5176734924316,-8.82932090759277,"Male"
"9004160",371982,2025-06-04 17:38:27,42.5177726745605,-8.82918930053711,"Male"
"9004160",371982,2025-06-04 17:43:28,42.5177803039551,-8.82941246032715,"Male"
"9004160",371982,2025-06-04 17:48:27,42.5177230834961,-8.82935047149658,"Male"
"9004160",371982,2025-06-04 17:53:27,42.5177841186523,-8.82934665679932,"Male"
"9004160",371982,2025-06-04 17:58:40,42.5184059143066,-8.82993793487549,"Male"
"9004160",371982,2025-06-04 18:03:54,42.5180435180664,-8.82968902587891,"Male"
"9004160",371982,2025-06-04 18:09:11,42.5181274414062,-8.82956218719482,"Male"
"9004160",371982,2025-06-04 18:14:09,42.5179023742676,-8.82931900024414,"Male"
"9004160",371982,2025-06-04 18:19:10,42.5177764892578,-8.82949066162109,"Male"
"9004160",371982,2025-06-04 18:24:09,42.5178337097168,-8.82944488525391,"Male"
"9004160",371982,2025-06-04 18:29:09,42.5179901123047,-8.82950019836426,"Male"
"9004160",371982,2025-06-04 18:34:09,42.5177154541016,-8.8294734954834,"Male"
"9004160",371982,2025-06-04 18:39:08,42.518253326416,-8.82936668395996,"Male"
"9004160",371982,2025-06-04 18:44:09,42.5105171203613,-8.84558296203613,"Male"
"9004160",371982,2025-06-04 18:49:08,42.4974517822266,-8.89059257507324,"Male"
"9004160",371982,2025-06-04 18:54:09,42.4798698425293,-8.93581771850586,"Male"
"9004160",371982,2025-06-04 18:59:08,42.4768524169922,-8.939866065979,"Male"
"9004160",371982,2025-06-04 19:04:10,42.4536666870117,-8.94470310211182,"Male"
"9004160",371982,2025-06-04 19:09:11,42.4189834594727,-8.93897342681885,"Male"
"9004160",371982,2025-06-04 19:14:10,42.3994445800781,-8.92181968688965,"Male"
"9004160",371982,2025-06-04 19:19:10,42.3994255065918,-8.9217529296875,"Male"
"9004160",371982,2025-06-04 19:24:12,42.3995094299316,-8.92174434661865,"Male"
"9004160",371982,2025-06-04 19:29:10,42.3994827270508,-8.9217357635498,"Male"
"9004160",371982,2025-06-04 19:34:11,42.3994674682617,-8.92173862457275,"Male"
"9004160",371982,2025-06-04 19:39:09,42.399341583252,-8.92145824432373,"Male"
"9004160",371982,2025-06-04 19:44:14,42.399600982666,-8.92202854156494,"Male"
"9004160",371982,2025-06-04 19:49:17,42.3996276855469,-8.92204284667969,"Male"
"9004160",371982,2025-06-04 19:54:16,42.3996467590332,-8.92202377319336,"Male"
"9004160",371982,2025-06-04 20:00:14,42.3992881774902,-8.9218053817749,"Male"
"9004160",371982,2025-06-04 20:04:08,42.399242401123,-8.92172622680664,"Male"
"9004160",371982,2025-06-04 20:09:13,42.3990325927734,-8.9207124710083,"Male"
"9004160",371982,2025-06-04 20:14:08,42.3997421264648,-8.92223834991455,"Male"
"9004160",371982,2025-06-04 20:19:11,42.3997688293457,-8.92272472381592,"Male"
"9004160",371982,2025-06-04 20:24:13,42.3998641967773,-8.92263698577881,"Male"
"9004160",371982,2025-06-04 20:29:17,42.3987083435059,-8.92162418365479,"Male"
"9004160",371982,2025-06-04 20:34:09,42.3987159729004,-8.92202949523926,"Male"
"9004160",371982,2025-06-04 20:39:31,42.3988952636719,-8.92194080352783,"Male"
"9004160",371982,2025-06-04 20:44:09,42.3992767333984,-8.92147731781006,"Male"
"9004160",371982,2025-06-04 20:49:10,42.3996696472168,-8.92262744903564,"Male"
"9004160",371982,2025-06-04 20:54:11,42.3997611999512,-8.92255115509033,"Male"
"9004160",371982,2025-06-04 20:59:11,42.3994255065918,-8.9222412109375,"Male"
"9004160",371982,2025-06-04 21:04:20,42.3992919921875,-8.92191410064697,"Male"
"9004160",371982,2025-06-04 21:09:08,42.3993263244629,-8.92173099517822,"Male"
"9004160",371982,2025-06-04 21:14:17,42.3993034362793,-8.92170238494873,"Male"
"9004160",371982,2025-06-04 21:19:29,42.3993034362793,-8.92170715332031,"Male"
"9004160",371982,2025-06-04 21:24:25,42.3991241455078,-8.92186164855957,"Male"
"9004160",371982,2025-06-04 21:30:34,42.3993873596191,-8.92203807830811,"Male"
"9004160",371982,2025-06-04 21:34:14,42.3993263244629,-8.92209148406982,"Male"
"9004160",371982,2025-06-04 21:39:38,42.3993492126465,-8.92198085784912,"Male"
"9004160",371982,2025-06-04 21:44:26,42.3992805480957,-8.92205047607422,"Male"
"9004160",371982,2025-06-04 21:49:13,42.399356842041,-8.92201232910156,"Male"
"9004160",371982,2025-06-04 21:54:14,42.3994293212891,-8.92206859588623,"Male"
"9004160",371982,2025-06-04 21:59:13,42.3995399475098,-8.92204666137695,"Male"
"9004160",371982,2025-06-04 22:04:16,42.3993682861328,-8.92203807830811,"Male"
"9004160",371982,2025-06-04 22:09:13,42.3994140625,-8.9219913482666,"Male"
"9004160",371982,2025-06-04 22:14:24,42.3993492126465,-8.92190361022949,"Male"
"9004160",371982,2025-06-04 22:19:14,42.3992919921875,-8.92205238342285,"Male"
"9004160",371982,2025-06-04 22:24:15,42.3992767333984,-8.92208671569824,"Male"
"9004160",371982,2025-06-04 22:29:22,42.3992652893066,-8.92200565338135,"Male"
"9004160",371982,2025-06-04 22:34:18,42.3992919921875,-8.9220666885376,"Male"
"9004160",371982,2025-06-04 22:39:24,42.3992919921875,-8.92199611663818,"Male"
"9004160",371982,2025-06-04 22:44:17,42.3996772766113,-8.92194938659668,"Male"
"9004160",371982,2025-06-04 22:49:16,42.3992347717285,-8.92171001434326,"Male"
"9004160",371982,2025-06-04 22:54:14,42.3992042541504,-8.92287826538086,"Male"
"9004160",371982,2025-06-04 22:59:38,42.3993530273438,-8.92176246643066,"Male"
"9004160",371982,2025-06-04 23:04:18,42.3979949951172,-8.92189025878906,"Male"
"9004160",371982,2025-06-04 23:09:16,42.3985557556152,-8.92269515991211,"Male"
"9004160",371982,2025-06-04 23:14:32,42.3994255065918,-8.92165946960449,"Male"
"9004160",371982,2025-06-04 23:19:16,42.3989601135254,-8.92248153686523,"Male"
"9004160",371982,2025-06-04 23:24:54,42.3985939025879,-8.92178535461426,"Male"
"9004160",371982,2025-06-04 23:29:24,42.3991889953613,-8.92166137695312,"Male"
"9004160",371982,2025-06-04 23:34:15,42.3983840942383,-8.92216014862061,"Male"
"9004160",371982,2025-06-04 23:39:19,42.3997955322266,-8.92228221893311,"Male"
"9004160",371982,2025-06-04 23:44:20,42.3988647460938,-8.9217472076416,"Male"
"9004160",371982,2025-06-04 23:49:37,42.398796081543,-8.92203712463379,"Male"
"9004160",371982,2025-06-04 23:54:15,42.3991165161133,-8.92200183868408,"Male"
"9004160",371982,2025-06-04 23:59:16,42.3995819091797,-8.92230319976807,"Male"
"9004160",371982,2025-06-05 00:04:17,42.3995513916016,-8.92215633392334,"Male"
"9004160",371982,2025-06-05 00:09:16,42.3992805480957,-8.92204475402832,"Male"
"9004160",371982,2025-06-05 00:14:33,42.3990249633789,-8.92173004150391,"Male"
"9004160",371982,2025-06-05 00:19:31,42.3989791870117,-8.92180442810059,"Male"
"9004160",371982,2025-06-05 00:24:14,42.3992385864258,-8.92190742492676,"Male"
"9004160",371982,2025-06-05 00:29:13,42.3991394042969,-8.92202758789062,"Male"
"9004160",371982,2025-06-05 00:34:14,42.3991432189941,-8.9218864440918,"Male"
"9004160",371982,2025-06-05 00:39:17,42.3992080688477,-8.92202568054199,"Male"
"9004160",371982,2025-06-05 00:44:26,42.3989028930664,-8.92173385620117,"Male"
"9004160",371982,2025-06-05 00:49:19,42.3989906311035,-8.92161083221436,"Male"
"9004160",371982,2025-06-05 00:54:24,42.3990364074707,-8.92164039611816,"Male"
"9004160",371982,2025-06-05 00:59:28,42.3990478515625,-8.92171192169189,"Male"
"9004160",371982,2025-06-05 01:04:14,42.3990478515625,-8.92172336578369,"Male"
"9004160",371982,2025-06-05 01:09:17,42.3989562988281,-8.92176628112793,"Male"
"9004160",371982,2025-06-05 01:14:25,42.3990821838379,-8.92171955108643,"Male"
"9004160",371982,2025-06-05 01:19:24,42.399169921875,-8.92155170440674,"Male"
"9004160",371982,2025-06-05 01:24:32,42.3991584777832,-8.92160701751709,"Male"
"9004160",371982,2025-06-05 01:29:34,42.399169921875,-8.92158222198486,"Male"
"9004160",371982,2025-06-05 01:34:41,42.3993644714355,-8.92135524749756,"Male"
"9004160",371982,2025-06-05 01:39:16,42.3987007141113,-8.92171764373779,"Male"
"9004160",371982,2025-06-05 01:45:34,42.3991508483887,-8.92207336425781,"Male"
"9004160",371982,2025-06-05 01:50:35,42.3992500305176,-8.92184829711914,"Male"
"9004160",371982,2025-06-05 01:55:35,42.3988571166992,-8.9221363067627,"Male"
"9004160",371982,2025-06-05 02:05:35,42.3995132446289,-8.92160892486572,"Male"
"9004160",371982,2025-06-05 02:10:35,42.3994331359863,-8.92168045043945,"Male"
"9004160",371982,2025-06-05 02:15:35,42.3992881774902,-8.92179298400879,"Male"
"9004160",371982,2025-06-05 02:20:35,42.3995590209961,-8.92169189453125,"Male"
"9004160",371982,2025-06-05 02:25:35,42.399242401123,-8.92182350158691,"Male"
"9004160",371982,2025-06-05 02:30:35,42.3994331359863,-8.92193794250488,"Male"
"9004160",371982,2025-06-05 02:35:35,42.3993225097656,-8.9218692779541,"Male"
"9004160",371982,2025-06-05 02:40:35,42.399356842041,-8.92189884185791,"Male"
"9004160",371982,2025-06-05 02:45:35,42.3992233276367,-8.92189979553223,"Male"
"9004160",371982,2025-06-05 02:50:35,42.3993492126465,-8.92191791534424,"Male"
"9004160",371982,2025-06-05 02:55:35,42.3992958068848,-8.92187118530273,"Male"
"9004160",371982,2025-06-05 03:00:35,42.3993225097656,-8.92189884185791,"Male"
"9004160",371982,2025-06-05 03:05:35,42.3993797302246,-8.92184829711914,"Male"
"9004160",371982,2025-06-05 03:10:35,42.3992652893066,-8.92193984985352,"Male"
"9004160",371982,2025-06-05 03:14:18,42.3991470336914,-8.921706199646,"Male"
"9004160",371982,2025-06-05 03:19:13,42.3985252380371,-8.92123794555664,"Male"
"9004160",371982,2025-06-05 03:24:19,42.3994293212891,-8.92190837860107,"Male"
"9004160",371982,2025-06-05 03:29:23,42.3990745544434,-8.92200565338135,"Male"
"9004160",371982,2025-06-05 03:34:17,42.3989181518555,-8.92166233062744,"Male"
"9004160",371982,2025-06-05 03:39:22,42.3995018005371,-8.92191314697266,"Male"
"9004160",371982,2025-06-05 03:45:35,42.399543762207,-8.92193698883057,"Male"
"9004160",371982,2025-06-05 03:49:31,42.3997573852539,-8.92183303833008,"Male"
"9004160",371982,2025-06-05 03:55:35,42.3994483947754,-8.92195606231689,"Male"
"9004160",371982,2025-06-05 04:00:35,42.399169921875,-8.92204284667969,"Male"
"9004160",371982,2025-06-05 04:20:35,42.3992729187012,-8.92190170288086,"Male"
"9004160",371982,2025-06-05 04:24:31,42.3993339538574,-8.92195701599121,"Male"
"9004160",371982,2025-06-05 04:29:19,42.3991966247559,-8.9222354888916,"Male"
"9004160",371982,2025-06-05 04:34:32,42.3993530273438,-8.92202472686768,"Male"
"9004160",371982,2025-06-05 04:39:18,42.3993644714355,-8.92187404632568,"Male"
"9004160",371982,2025-06-05 04:44:35,42.3994216918945,-8.92195510864258,"Male"
"9004160",371982,2025-06-05 04:49:15,42.3994293212891,-8.92218780517578,"Male"
"9004160",371982,2025-06-05 04:54:14,42.3994941711426,-8.92204856872559,"Male"
"9004160",371982,2025-06-05 04:59:14,42.399528503418,-8.92249202728271,"Male"
"9004160",371982,2025-06-05 05:04:24,42.3994102478027,-8.92190074920654,"Male"
"9004160",371982,2025-06-05 05:09:22,42.3992881774902,-8.92214012145996,"Male"
"9004160",371982,2025-06-05 05:14:30,42.3993225097656,-8.92200946807861,"Male"
"9004160",371982,2025-06-05 05:20:35,42.3991928100586,-8.92199039459229,"Male"
"9004160",371982,2025-06-05 05:24:30,42.3991889953613,-8.92191410064697,"Male"
"9004160",371982,2025-06-05 05:29:24,42.3992385864258,-8.9217700958252,"Male"
"9004160",371982,2025-06-05 05:34:22,42.3992156982422,-8.92205619812012,"Male"
"9004160",371982,2025-06-05 05:39:15,42.3992538452148,-8.92187881469727,"Male"
"9004160",371982,2025-06-05 05:50:35,42.399284362793,-8.92181491851807,"Male"
"9004160",371982,2025-06-05 05:54:33,42.3993835449219,-8.92166996002197,"Male"
"9004160",371982,2025-06-05 05:59:29,42.3992080688477,-8.92197513580322,"Male"
"9004160",371982,2025-06-05 06:04:23,42.3992919921875,-8.92185497283936,"Male"
"9004160",371982,2025-06-05 06:10:07,42.3991394042969,-8.92246913909912,"Male"
"9004160",371982,2025-06-05 06:14:21,42.3996200561523,-8.92215442657471,"Male"
"9004160",371982,2025-06-05 06:19:12,42.3999099731445,-8.92291259765625,"Male"
"9004160",371982,2025-06-05 06:24:24,42.3991889953613,-8.92189311981201,"Male"
"9004160",371982,2025-06-05 06:29:16,42.3991355895996,-8.92187881469727,"Male"
"9004160",371982,2025-06-05 06:40:35,42.3994636535645,-8.92182350158691,"Male"
"9004160",371982,2025-06-05 06:45:05,42.3993721008301,-8.92196273803711,"Male"
"9004160",371982,2025-06-05 06:50:35,42.399055480957,-8.92204284667969,"Male"
"9004160",371982,2025-06-05 06:54:13,42.3994293212891,-8.92171859741211,"Male"
"9004160",371982,2025-06-05 06:59:25,42.3989524841309,-8.92212390899658,"Male"
"9004160",371982,2025-06-05 07:04:28,42.399658203125,-8.9216365814209,"Male"
"9004160",371982,2025-06-05 07:09:31,42.3990859985352,-8.92196273803711,"Male"
"9004160",371982,2025-06-05 07:14:22,42.3993911743164,-8.92178440093994,"Male"
"9004160",371982,2025-06-05 07:19:13,42.3992729187012,-8.92175388336182,"Male"
"9004160",371982,2025-06-05 07:24:14,42.3992805480957,-8.9215202331543,"Male"
"9004160",371982,2025-06-05 07:30:35,42.3991928100586,-8.9219217300415,"Male"
"9004160",371982,2025-06-05 07:34:24,42.3993492126465,-8.9219217300415,"Male"
"9004160",371982,2025-06-05 07:40:35,42.3994102478027,-8.92180824279785,"Male"
"9004160",371982,2025-06-05 07:45:35,42.3994979858398,-8.92188167572021,"Male"
"9004160",371982,2025-06-05 07:50:35,42.3995628356934,-8.92178344726562,"Male"
"9004160",371982,2025-06-05 08:00:35,42.3987007141113,-8.92165088653564,"Male"
"9004160",371982,2025-06-05 08:04:12,42.399242401123,-8.92087364196777,"Male"
"9004160",371982,2025-06-05 08:09:19,42.3994674682617,-8.92182445526123,"Male"
"9004160",371982,2025-06-05 08:14:13,42.4379348754883,-8.92319774627686,"Male"
"9004160",371982,2025-06-05 08:19:12,42.4811935424805,-8.9359712600708,"Male"
"9004160",371982,2025-06-05 08:24:12,42.4940071105957,-8.89626026153564,"Male"
"9004160",371982,2025-06-05 08:29:12,42.4940643310547,-8.89631462097168,"Male"
"9004160",371982,2025-06-05 08:34:12,42.4942588806152,-8.89663505554199,"Male"
"9004160",371982,2025-06-05 08:39:12,42.5107116699219,-8.84153270721436,"Male"
"9004160",371982,2025-06-05 08:44:16,42.5177688598633,-8.82847213745117,"Male"
"9004160",371982,2025-06-05 08:49:47,42.5187568664551,-8.82959365844727,"Male"
"9004160",371982,2025-06-05 08:55:17,42.5196495056152,-8.83080959320068,"Male"
"9004160",371982,2025-06-05 09:00:16,42.5202827453613,-8.82986927032471,"Male"
"9004160",371982,2025-06-05 09:05:16,42.5204620361328,-8.82958698272705,"Male"
"9004160",371982,2025-06-05 09:10:17,42.5204238891602,-8.82957553863525,"Male"
"9004160",371982,2025-06-05 09:15:16,42.5204238891602,-8.82950687408447,"Male"
"9004160",371982,2025-06-05 09:20:16,42.5204620361328,-8.82949066162109,"Male"
"9004160",371982,2025-06-05 09:25:16,42.520435333252,-8.82951545715332,"Male"
"9004160",371982,2025-06-05 09:30:15,42.5204277038574,-8.82953834533691,"Male"
"9004160",371982,2025-06-05 09:35:16,42.5203666687012,-8.82923603057861,"Male"
"9004160",371982,2025-06-05 09:40:16,42.520393371582,-8.82940673828125,"Male"
"9004160",371982,2025-06-05 09:45:16,42.5203399658203,-8.8292818069458,"Male"
"9004160",371982,2025-06-05 09:50:16,42.5203094482422,-8.82942485809326,"Male"
"9004160",371982,2025-06-05 09:55:16,42.5203170776367,-8.82935619354248,"Male"
"9004160",371982,2025-06-05 10:00:16,42.5203552246094,-8.82952404022217,"Male"
"9004160",371982,2025-06-05 10:05:16,42.5203819274902,-8.82949447631836,"Male"
"9004160",371982,2025-06-05 10:10:15,42.5203475952148,-8.82962703704834,"Male"
"9004160",371982,2025-06-05 10:15:16,42.5203666687012,-8.82972049713135,"Male"
"9004160",371982,2025-06-05 10:20:55,42.5195236206055,-8.82987499237061,"Male"
"9004160",371982,2025-06-05 10:26:18,42.5184898376465,-8.82921981811523,"Male"
"9004160",371982,2025-06-05 10:31:43,42.5174293518066,-8.82855129241943,"Male"
"9004160",371982,2025-06-05 10:36:58,42.5168952941895,-8.82848167419434,"Male"
"9004160",371982,2025-06-05 10:41:58,42.5169219970703,-8.82824993133545,"Male"
"9004160",371982,2025-06-05 10:46:56,42.5168762207031,-8.82582378387451,"Male"
"9004160",371982,2025-06-05 10:51:57,42.5170021057129,-8.82634449005127,"Male"
"9004160",371982,2025-06-05 10:56:57,42.5169563293457,-8.82627201080322,"Male"
"9004160",371982,2025-06-05 11:01:56,42.5171241760254,-8.82552242279053,"Male"
"9004160",371982,2025-06-05 11:06:57,42.5171737670898,-8.82601451873779,"Male"
"9004160",371982,2025-06-05 11:11:56,42.5171089172363,-8.82559585571289,"Male"
"9004160",371982,2025-06-05 11:16:56,42.5171241760254,-8.82562065124512,"Male"
"9004160",371982,2025-06-05 11:21:56,42.5171318054199,-8.82564735412598,"Male"
"9004160",371982,2025-06-05 11:27:04,42.5170707702637,-8.8257360458374,"Male"
"9004160",371982,2025-06-05 11:31:58,42.5171241760254,-8.82558536529541,"Male"
"9004160",371982,2025-06-05 11:37:12,42.5176773071289,-8.82436561584473,"Male"
"9004160",371982,2025-06-05 11:42:25,42.5185394287109,-8.82313060760498,"Male"
"9004160",371982,2025-06-05 11:47:55,42.5191459655762,-8.82235240936279,"Male"
"9004160",371982,2025-06-05 11:53:16,42.5190582275391,-8.82159996032715,"Male"
"9004160",371982,2025-06-05 11:58:22,42.5191345214844,-8.82210350036621,"Male"
"9004160",371982,2025-06-05 12:03:16,42.5178451538086,-8.82467746734619,"Male"
"9004160",371982,2025-06-05 12:08:30,42.5169105529785,-8.8259801864624,"Male"
"9004160",371982,2025-06-05 12:13:21,42.5169448852539,-8.82565975189209,"Male"
"9004160",371982,2025-06-05 12:18:14,42.5168151855469,-8.82541751861572,"Male"
"9004160",371982,2025-06-05 12:23:15,42.5167999267578,-8.82548427581787,"Male"
"9004160",371982,2025-06-05 12:28:14,42.516788482666,-8.82540893554688,"Male"
"9004160",371982,2025-06-05 12:33:16,42.5167922973633,-8.82545757293701,"Male"
"9004160",371982,2025-06-05 12:38:17,42.5168037414551,-8.82564830780029,"Male"
"9004160",371982,2025-06-05 12:43:26,42.5167427062988,-8.82538032531738,"Male"
"9004160",371982,2025-06-05 12:48:28,42.5167427062988,-8.82532787322998,"Male"
"9004160",371982,2025-06-05 12:53:27,42.5167770385742,-8.8253812789917,"Male"
"9004160",371982,2025-06-05 12:58:35,42.5166893005371,-8.82541751861572,"Male"
"9004160",371982,2025-06-05 13:03:14,42.5166435241699,-8.82540798187256,"Male"
"9004160",371982,2025-06-05 13:08:14,42.516658782959,-8.82537364959717,"Male"
"9004160",371982,2025-06-05 13:13:14,42.516674041748,-8.82544326782227,"Male"
"9004160",371982,2025-06-05 13:18:14,42.5166664123535,-8.82545757293701,"Male"
"9004160",371982,2025-06-05 13:23:14,42.5165023803711,-8.8251838684082,"Male"
"9004160",371982,2025-06-05 13:28:14,42.5166816711426,-8.82546901702881,"Male"
"9004160",371982,2025-06-05 13:33:15,42.5166511535645,-8.82541370391846,"Male"
"9004160",371982,2025-06-05 13:38:18,42.5164947509766,-8.82514572143555,"Male"
"9004160",371982,2025-06-05 13:43:14,42.5165901184082,-8.82534217834473,"Male"
"9004160",371982,2025-06-05 13:48:14,42.5166320800781,-8.82540416717529,"Male"
"9004160",371982,2025-06-05 13:53:14,42.5165901184082,-8.82534027099609,"Male"
"9004160",371982,2025-06-05 13:58:15,42.5167961120605,-8.82538890838623,"Male"
"9004160",371982,2025-06-05 14:05:21,42.5191040039062,-8.82196426391602,"Male"
"9004160",371982,2025-06-05 14:10:30,42.5194396972656,-8.82189178466797,"Male"
"9004160",371982,2025-06-05 14:15:33,42.5187835693359,-8.82273292541504,"Male"
"9004160",371982,2025-06-05 14:20:42,42.518123626709,-8.82289028167725,"Male"
"9004160",371982,2025-06-05 14:26:09,42.5176315307617,-8.8249340057373,"Male"
"9004160",371982,2025-06-05 14:31:10,42.5170555114746,-8.82575225830078,"Male"
"9004160",371982,2025-06-05 14:36:15,42.5169296264648,-8.82541656494141,"Male"
"9004160",371982,2025-06-05 14:41:09,42.5169410705566,-8.82557678222656,"Male"
"9004160",371982,2025-06-05 14:46:09,42.5169410705566,-8.82570362091064,"Male"
"9004160",371982,2025-06-05 14:51:09,42.5168800354004,-8.82573509216309,"Male"
"9004160",371982,2025-06-05 14:56:09,42.5169219970703,-8.82579040527344,"Male"
"9004160",371982,2025-06-05 15:01:09,42.5169448852539,-8.82567310333252,"Male"
"9004160",371982,2025-06-05 15:06:09,42.5168380737305,-8.82560634613037,"Male"
"9004160",371982,2025-06-05 15:11:09,42.5168724060059,-8.82533359527588,"Male"
"9004160",371982,2025-06-05 15:16:09,42.5168647766113,-8.82518672943115,"Male"
"9004160",371982,2025-06-05 15:21:09,42.5169868469238,-8.82589149475098,"Male"
"9004160",371982,2025-06-05 15:26:18,42.516845703125,-8.82533264160156,"Male"
"9004160",371982,2025-06-05 15:31:09,42.5168952941895,-8.82576179504395,"Male"
"9004160",371982,2025-06-05 15:36:09,42.5168418884277,-8.82574272155762,"Male"
"9004160",371982,2025-06-05 15:41:09,42.5170059204102,-8.82590389251709,"Male"
"9004160",371982,2025-06-05 15:46:09,42.5171890258789,-8.82510089874268,"Male"
"9004160",371982,2025-06-05 15:51:10,42.5168266296387,-8.82600116729736,"Male"
"9004160",371982,2025-06-05 15:56:09,42.5168495178223,-8.82565689086914,"Male"
"9004160",371982,2025-06-05 16:01:13,42.5169143676758,-8.82566833496094,"Male"
"9004160",371982,2025-06-05 16:06:30,42.5170364379883,-8.82567596435547,"Male"
"9004160",371982,2025-06-05 16:11:46,42.517822265625,-8.82464218139648,"Male"
"9004160",371982,2025-06-05 16:17:30,42.5187187194824,-8.82251930236816,"Male"
"9004160",371982,2025-06-05 16:23:15,42.5191078186035,-8.8234691619873,"Male"
"9004160",371982,2025-06-05 16:30:09,42.5189781188965,-8.82305145263672,"Male"
"9004160",371982,2025-06-05 16:35:07,42.5187911987305,-8.82371997833252,"Male"
"9004160",371982,2025-06-05 16:40:10,42.5186805725098,-8.82477474212646,"Male"
"9004160",371982,2025-06-05 16:46:08,42.5171432495117,-8.82522010803223,"Male"
"9004160",371982,2025-06-05 16:51:10,42.5163955688477,-8.82605075836182,"Male"
"9004160",371982,2025-06-05 16:56:08,42.5167465209961,-8.82546997070312,"Male"
"9004160",371982,2025-06-05 17:01:06,42.5167808532715,-8.8254976272583,"Male"
"9004160",371982,2025-06-05 17:06:06,42.5168151855469,-8.82547569274902,"Male"
"9004160",371982,2025-06-05 17:11:07,42.5167961120605,-8.82539463043213,"Male"
"9004160",371982,2025-06-05 17:16:08,42.5168113708496,-8.82519626617432,"Male"
"9004160",371982,2025-06-05 17:21:09,42.5168190002441,-8.82519054412842,"Male"
"9004160",371982,2025-06-05 17:26:09,42.5168418884277,-8.82519721984863,"Male"
"9004160",371982,2025-06-05 17:31:09,42.5168495178223,-8.82509231567383,"Male"
"9004160",371982,2025-06-05 17:36:11,42.5168647766113,-8.82519149780273,"Male"
"9004160",371982,2025-06-05 17:41:09,42.5168800354004,-8.82529735565186,"Male"
"9004160",371982,2025-06-05 17:46:09,42.5169296264648,-8.82540035247803,"Male"
"9004160",371982,2025-06-05 17:51:06,42.5169486999512,-8.82528305053711,"Male"
"9004160",371982,2025-06-05 17:56:06,42.5169792175293,-8.82555198669434,"Male"
"9004160",371982,2025-06-05 18:01:23,42.5166893005371,-8.82595634460449,"Male"
"9004160",371982,2025-06-05 18:07:00,42.5155639648438,-8.82791996002197,"Male"
"9004160",371982,2025-06-05 18:12:22,42.5146522521973,-8.83015060424805,"Male"
"9004160",371982,2025-06-05 18:17:19,42.5091896057129,-8.84440326690674,"Male"
"9004160",371982,2025-06-05 18:22:19,42.5050773620605,-8.85040664672852,"Male"
"9004160",371982,2025-06-05 18:27:19,42.5050659179688,-8.85039520263672,"Male"
"9004160",371982,2025-06-05 18:32:19,42.5050392150879,-8.8503532409668,"Male"
"9004160",371982,2025-06-05 18:37:19,42.5050659179688,-8.8503885269165,"Male"
"9004160",371982,2025-06-05 18:42:19,42.5050926208496,-8.85031414031982,"Male"
"9004160",371982,2025-06-05 18:47:19,42.5050621032715,-8.85053253173828,"Male"
"9004160",371982,2025-06-05 18:52:20,42.499755859375,-8.88470077514648,"Male"
"9004160",371982,2025-06-05 18:57:19,42.4808120727539,-8.92880249023438,"Male"
"9004160",371982,2025-06-05 19:02:19,42.4802131652832,-8.93765926361084,"Male"
"9004160",371982,2025-06-05 19:07:19,42.4653739929199,-8.94388103485107,"Male"
"9004160",371982,2025-06-05 19:12:19,42.4508247375488,-8.94429016113281,"Male"
"9004160",371982,2025-06-05 19:17:19,42.4196357727051,-8.93312835693359,"Male"
"9004160",371982,2025-06-05 19:22:20,42.399585723877,-8.92180633544922,"Male"
"9004160",371982,2025-06-05 19:27:22,42.3991889953613,-8.92225742340088,"Male"
"9004160",371982,2025-06-05 19:32:22,42.3994750976562,-8.92216777801514,"Male"
"9004160",371982,2025-06-05 19:37:30,42.3997116088867,-8.92175769805908,"Male"
"9004160",371982,2025-06-05 19:42:27,42.3996620178223,-8.9219388961792,"Male"
"9004160",371982,2025-06-05 19:47:25,42.3996543884277,-8.92214679718018,"Male"
"9004160",371982,2025-06-05 19:52:25,42.3997268676758,-8.92214393615723,"Male"
"9004160",371982,2025-06-05 19:57:44,42.3998680114746,-8.92202472686768,"Male"
"9004160",371982,2025-06-05 20:02:34,42.399787902832,-8.9221830368042,"Male"
"9004160",371982,2025-06-05 20:07:52,42.3996047973633,-8.92203807830811,"Male"
"9004160",371982,2025-06-05 20:12:19,42.3992156982422,-8.92119598388672,"Male"
"9004160",371982,2025-06-05 20:17:19,42.3992347717285,-8.92134380340576,"Male"
"9004160",371982,2025-06-05 20:22:19,42.3993110656738,-8.9212760925293,"Male"
"9004160",371982,2025-06-05 20:27:21,42.399600982666,-8.92184257507324,"Male"
"9004160",371982,2025-06-05 20:32:22,42.3991966247559,-8.92070865631104,"Male"
"9004160",371982,2025-06-05 20:37:21,42.3989143371582,-8.91985511779785,"Male"
"9004160",371982,2025-06-05 20:42:20,42.398868560791,-8.9205904006958,"Male"
"9004160",371982,2025-06-05 20:47:21,42.3984069824219,-8.91933059692383,"Male"
"9004160",371982,2025-06-05 20:52:32,42.3986892700195,-8.92183399200439,"Male"
"9004160",371982,2025-06-05 20:57:21,42.3986206054688,-8.91980457305908,"Male"
"9004160",371982,2025-06-05 21:02:24,42.3987731933594,-8.92058086395264,"Male"
"9004160",371982,2025-06-05 21:07:23,42.3988265991211,-8.9211483001709,"Male"
"9004160",371982,2025-06-05 21:12:22,42.3988151550293,-8.92081069946289,"Male"
"9004160",371982,2025-06-05 21:17:19,42.3989143371582,-8.92105865478516,"Male"
"9004160",371982,2025-06-05 21:22:21,42.3987998962402,-8.92097187042236,"Male"
"9004160",371982,2025-06-05 21:27:37,42.3992462158203,-8.92234897613525,"Male"
"9004160",371982,2025-06-05 21:32:21,42.3990020751953,-8.92143058776855,"Male"
"9004160",371982,2025-06-05 21:37:21,42.3989562988281,-8.92125797271729,"Male"
"9004160",371982,2025-06-05 21:42:28,42.3994140625,-8.92212104797363,"Male"
"9004160",371982,2025-06-05 21:47:29,42.3994026184082,-8.92194843292236,"Male"
"9004160",371982,2025-06-05 21:52:20,42.3995475769043,-8.92218112945557,"Male"
"9004160",371982,2025-06-05 21:57:22,42.3990859985352,-8.92141246795654,"Male"
"9004160",371982,2025-06-05 22:02:22,42.3994255065918,-8.92181491851807,"Male"
"9004160",371982,2025-06-05 22:07:24,42.3994293212891,-8.92214107513428,"Male"
"9004160",371982,2025-06-05 22:12:25,42.3994140625,-8.92196655273438,"Male"
"9004160",371982,2025-06-05 22:17:22,42.3994903564453,-8.9221076965332,"Male"
"9004160",371982,2025-06-05 22:22:24,42.3993988037109,-8.92189693450928,"Male"
"9004160",371982,2025-06-05 22:27:21,42.3992042541504,-8.92183113098145,"Male"
"9004160",371982,2025-06-05 22:32:22,42.3993911743164,-8.92198467254639,"Male"
"9004160",371982,2025-06-05 22:37:21,42.3994483947754,-8.92176532745361,"Male"
"9004160",371982,2025-06-05 22:42:24,42.3994102478027,-8.92212581634521,"Male"
"9004160",371982,2025-06-05 22:47:44,42.399486541748,-8.92194175720215,"Male"
"9004160",371982,2025-06-05 22:52:24,42.3995018005371,-8.92226886749268,"Male"
"9004160",371982,2025-06-05 22:57:30,42.3995513916016,-8.92189311981201,"Male"
"9004160",371982,2025-06-05 23:02:21,42.3996391296387,-8.9225492477417,"Male"
"9004160",371982,2025-06-05 23:07:21,42.3993148803711,-8.92255973815918,"Male"
"9004160",371982,2025-06-05 23:12:21,42.3992500305176,-8.9224967956543,"Male"
"9004160",371982,2025-06-05 23:17:34,42.3988800048828,-8.92212867736816,"Male"
"9004160",371982,2025-06-05 23:22:37,42.3998756408691,-8.9218807220459,"Male"
"9004160",371982,2025-06-05 23:27:21,42.4001808166504,-8.92252159118652,"Male"
"9004160",371982,2025-06-05 23:32:21,42.3999481201172,-8.92251873016357,"Male"
"9004160",371982,2025-06-05 23:37:21,42.3999900817871,-8.92257022857666,"Male"
"9004160",371982,2025-06-05 23:42:25,42.3992385864258,-8.92176914215088,"Male"
"9004160",371982,2025-06-05 23:47:23,42.399730682373,-8.92244434356689,"Male"
"9004160",371982,2025-06-05 23:52:24,42.3997764587402,-8.92227935791016,"Male"
"9004160",371982,2025-06-05 23:57:28,42.3992614746094,-8.92165374755859,"Male"
"9004160",371982,2025-06-06 00:02:30,42.3993606567383,-8.92190456390381,"Male"
"9004160",371982,2025-06-06 00:07:23,42.3991470336914,-8.92173385620117,"Male"
"9004160",371982,2025-06-06 00:12:29,42.3990783691406,-8.92168426513672,"Male"
"9004160",371982,2025-06-06 00:17:30,42.3990821838379,-8.92166614532471,"Male"
"9004160",371982,2025-06-06 00:22:21,42.3991622924805,-8.92168045043945,"Male"
"9004160",371982,2025-06-06 00:27:29,42.3991394042969,-8.92150020599365,"Male"
"9004160",371982,2025-06-06 00:32:30,42.399055480957,-8.92153644561768,"Male"
"9004160",371982,2025-06-06 00:42:27,42.399284362793,-8.92190647125244,"Male"
"9004160",371982,2025-06-06 00:47:25,42.3991889953613,-8.92192268371582,"Male"
"9004160",371982,2025-06-06 00:52:53,42.3992691040039,-8.92190647125244,"Male"
"9004160",371982,2025-06-06 00:57:20,42.3993225097656,-8.9219388961792,"Male"
"9004160",371982,2025-06-06 01:02:19,42.3992462158203,-8.92186546325684,"Male"
"9004160",371982,2025-06-06 01:07:20,42.3993377685547,-8.921875,"Male"
"9004160",371982,2025-06-06 01:12:22,42.3991737365723,-8.92192840576172,"Male"
"9004160",371982,2025-06-06 01:17:22,42.3992767333984,-8.92198085784912,"Male"
"9004160",371982,2025-06-06 01:22:38,42.3991775512695,-8.92194271087646,"Male"
"9004160",371982,2025-06-06 01:27:41,42.3994064331055,-8.92209053039551,"Male"
"9004160",371982,2025-06-06 01:32:30,42.3995475769043,-8.92189311981201,"Male"
"9004160",371982,2025-06-06 01:37:25,42.3993530273438,-8.92213153839111,"Male"
"9004160",371982,2025-06-06 01:42:31,42.3995094299316,-8.92194652557373,"Male"
"9004160",371982,2025-06-06 01:47:48,42.3991317749023,-8.92232322692871,"Male"
"9004160",371982,2025-06-06 01:52:40,42.3990783691406,-8.92231273651123,"Male"
"9004160",371982,2025-06-06 01:57:30,42.3993072509766,-8.92206001281738,"Male"
"9004160",371982,2025-06-06 02:02:30,42.399356842041,-8.92201328277588,"Male"
"9004160",371982,2025-06-06 02:08:42,42.3994979858398,-8.92202091217041,"Male"
"9004160",371982,2025-06-06 02:13:42,42.3993530273438,-8.92169189453125,"Male"
"9004160",371982,2025-06-06 02:17:35,42.3993721008301,-8.92173290252686,"Male"
"9004160",371982,2025-06-06 02:23:42,42.3992385864258,-8.9218168258667,"Male"
"9004160",371982,2025-06-06 02:28:42,42.3992691040039,-8.92181396484375,"Male"
"9004160",371982,2025-06-06 02:32:33,42.3992881774902,-8.92182540893555,"Male"
"9004160",371982,2025-06-06 02:38:42,42.3991203308105,-8.92184162139893,"Male"
"9004160",371982,2025-06-06 02:43:43,42.3991317749023,-8.92186832427979,"Male"
"9004160",371982,2025-06-06 02:48:42,42.3991775512695,-8.92186164855957,"Male"
"9004160",371982,2025-06-06 02:53:42,42.3991889953613,-8.92186832427979,"Male"
"9004160",371982,2025-06-06 02:58:17,42.3992462158203,-8.92187118530273,"Male"
"9004160",371982,2025-06-06 03:02:23,42.3992805480957,-8.92189788818359,"Male"
"9004160",371982,2025-06-06 03:07:23,42.3989562988281,-8.92156410217285,"Male"
"9004160",371982,2025-06-06 03:12:33,42.3990631103516,-8.92187309265137,"Male"
"9004160",371982,2025-06-06 03:17:25,42.3993072509766,-8.92186069488525,"Male"
"9004160",371982,2025-06-06 03:22:20,42.3992919921875,-8.9218168258667,"Male"
"9004160",371982,2025-06-06 03:27:22,42.3990440368652,-8.92185020446777,"Male"
"9004160",371982,2025-06-06 03:32:24,42.3991737365723,-8.9223747253418,"Male"
"9004160",371982,2025-06-06 03:37:36,42.3992614746094,-8.92202949523926,"Male"
"9004160",371982,2025-06-06 03:42:24,42.4002532958984,-8.92284202575684,"Male"
"9004160",371982,2025-06-06 03:47:27,42.3994293212891,-8.92208957672119,"Male"
"9004160",371982,2025-06-06 03:52:23,42.3992767333984,-8.92201137542725,"Male"
"9004160",371982,2025-06-06 03:57:24,42.4001502990723,-8.92259979248047,"Male"
"9004160",371982,2025-06-06 04:02:30,42.3992576599121,-8.92199420928955,"Male"
"9004160",371982,2025-06-06 04:07:22,42.3993034362793,-8.92181968688965,"Male"
"9004160",371982,2025-06-06 04:12:37,42.3996276855469,-8.92213153839111,"Male"
"9004160",371982,2025-06-06 04:17:33,42.3995170593262,-8.92204475402832,"Male"
"9004160",371982,2025-06-06 04:22:20,42.3993682861328,-8.92194938659668,"Male"
"9004160",371982,2025-06-06 04:27:25,42.3995933532715,-8.92209339141846,"Male"
"9004160",371982,2025-06-06 04:32:21,42.3996276855469,-8.92132663726807,"Male"
"9004160",371982,2025-06-06 04:38:43,42.3991203308105,-8.92205047607422,"Male"
"9004160",371982,2025-06-06 04:42:21,42.3992118835449,-8.92196559906006,"Male"
"9004160",371982,2025-06-06 04:47:22,42.3989524841309,-8.92183017730713,"Male"
"9004160",371982,2025-06-06 04:52:27,42.3989868164062,-8.92203426361084,"Male"
"9004160",371982,2025-06-06 04:57:34,42.3991088867188,-8.92208862304688,"Male"
"9004160",371982,2025-06-06 05:02:23,42.3990440368652,-8.92187309265137,"Male"
"9004160",371982,2025-06-06 05:08:42,42.3993072509766,-8.92199420928955,"Male"
"9004160",371982,2025-06-06 05:12:22,42.3995018005371,-8.92194652557373,"Male"
"9004160",371982,2025-06-06 05:17:21,42.3996620178223,-8.92234420776367,"Male"
"9004160",371982,2025-06-06 05:22:27,42.3994331359863,-8.92192363739014,"Male"
"9004160",371982,2025-06-06 05:27:31,42.3993263244629,-8.92178249359131,"Male"
"9004160",371982,2025-06-06 05:32:24,42.3994331359863,-8.92190742492676,"Male"
"9004160",371982,2025-06-06 05:37:25,42.3990058898926,-8.92170238494873,"Male"
"9004160",371982,2025-06-06 05:42:27,42.3990211486816,-8.92169952392578,"Male"
"9004160",371982,2025-06-06 05:47:24,42.3995552062988,-8.92294120788574,"Male"
"9004160",371982,2025-06-06 05:52:24,42.3998413085938,-8.92328834533691,"Male"
"9004160",371982,2025-06-06 05:57:28,42.3991813659668,-8.92204284667969,"Male"
"9004160",371982,2025-06-06 06:02:53,42.399097442627,-8.9218578338623,"Male"
"9004160",371982,2025-06-06 06:07:18,42.3988494873047,-8.92163372039795,"Male"
"9004160",371982,2025-06-06 06:12:19,42.3988418579102,-8.92136859893799,"Male"
"9004160",371982,2025-06-06 06:17:21,42.399242401123,-8.92193794250488,"Male"
"9004160",371982,2025-06-06 06:22:21,42.3991394042969,-8.92197322845459,"Male"
"9004160",371982,2025-06-06 06:27:18,42.3991889953613,-8.92182350158691,"Male"
"9004160",371982,2025-06-06 06:32:20,42.3992500305176,-8.92188739776611,"Male"
"9004160",371982,2025-06-06 06:37:36,42.3992500305176,-8.92188739776611,"Male"
"9004160",371982,2025-06-06 06:42:20,42.399284362793,-8.92191028594971,"Male"
"9004160",371982,2025-06-06 06:47:27,42.3992347717285,-8.92197704315186,"Male"
"9004160",371982,2025-06-06 06:52:49,42.3992919921875,-8.92188930511475,"Male"
"9004160",371982,2025-06-06 06:57:36,42.3992309570312,-8.92190837860107,"Male"
"9004160",371982,2025-06-06 07:03:43,42.3993339538574,-8.92200088500977,"Male"
"9004160",371982,2025-06-06 07:07:38,42.3994674682617,-8.92167091369629,"Male"
"9004160",371982,2025-06-06 07:12:44,42.3994064331055,-8.92189979553223,"Male"
"9004160",371982,2025-06-06 07:23:42,42.399528503418,-8.92157554626465,"Male"
"9004160",371982,2025-06-06 07:33:43,42.3995475769043,-8.92154788970947,"Male"
"9004160",371982,2025-06-06 07:38:43,42.3995018005371,-8.92161655426025,"Male"
"9004160",371982,2025-06-06 07:48:43,42.3996696472168,-8.92173385620117,"Male"
"9004160",371982,2025-06-06 07:57:29,42.3990516662598,-8.9215669631958,"Male"
"9004160",371982,2025-06-06 08:07:27,42.3994560241699,-8.92178344726562,"Male"
"9004160",371982,2025-06-06 08:17:30,42.3992500305176,-8.92180156707764,"Male"
"9004160",371982,2025-06-06 08:27:30,42.3993110656738,-8.92176914215088,"Male"
"9004160",371982,2025-06-06 08:37:20,42.4517555236816,-8.93599319458008,"Male"
"9004160",371982,2025-06-06 08:47:19,42.4803924560547,-8.93681716918945,"Male"
"9004160",371982,2025-06-06 08:57:19,42.4994316101074,-8.89995574951172,"Male"
"9004160",371982,2025-06-06 09:07:19,42.5195999145508,-8.86772346496582,"Male"
"9004160",371982,2025-06-06 09:12:31,42.5311126708984,-8.85769748687744,"Male"
"9004160",371982,2025-06-06 09:17:31,42.5319900512695,-8.85617828369141,"Male"
"9004160",371982,2025-06-06 09:27:30,42.5262870788574,-8.84751605987549,"Male"
"9004160",371982,2025-06-06 09:37:30,42.5263252258301,-8.84733390808105,"Male"
"9004160",371982,2025-06-06 09:47:30,42.5260734558105,-8.84736347198486,"Male"
"9004160",371982,2025-06-06 09:57:30,42.5262603759766,-8.84730625152588,"Male"
"9004160",371982,2025-06-06 10:07:30,42.5163841247559,-8.82732200622559,"Male"
"9004160",371982,2025-06-06 10:17:43,42.5189628601074,-8.82142353057861,"Male"
"9004160",371982,2025-06-06 10:28:47,42.5185508728027,-8.82250881195068,"Male"
"9004160",371982,2025-06-06 10:38:47,42.5172348022461,-8.82533073425293,"Male"
"9004160",371982,2025-06-06 10:48:47,42.5171737670898,-8.82595729827881,"Male"
"9004160",371982,2025-06-06 10:59:14,42.5171928405762,-8.82592582702637,"Male"
"9004160",371982,2025-06-06 11:08:47,42.5171394348145,-8.8259744644165,"Male"
"9004160",371982,2025-06-06 11:18:47,42.5171699523926,-8.82597827911377,"Male"
"9004160",371982,2025-06-06 11:28:47,42.5172004699707,-8.82591152191162,"Male"
"9004160",371982,2025-06-06 11:38:47,42.5170097351074,-8.82555770874023,"Male"
"9004160",371982,2025-06-06 11:48:47,42.5171051025391,-8.82572460174561,"Male"
"9004160",371982,2025-06-06 11:59:14,42.5169715881348,-8.82594680786133,"Male"
"9004160",371982,2025-06-06 12:09:14,42.5169715881348,-8.82578945159912,"Male"
"9004160",371982,2025-06-06 12:18:47,42.516902923584,-8.82579708099365,"Male"
"9004160",371982,2025-06-06 12:29:28,42.5175628662109,-8.82582187652588,"Male"
"9004160",371982,2025-06-06 12:34:28,42.5182304382324,-8.82718753814697,"Male"
"9004160",371982,2025-06-06 12:45:05,42.516918182373,-8.82652854919434,"Male"
"9004160",371982,2025-06-06 12:55:03,42.5169830322266,-8.8254566192627,"Male"
"9004160",371982,2025-06-06 13:00:02,42.5169219970703,-8.82574653625488,"Male"
"9004160",371982,2025-06-06 13:05:02,42.5169486999512,-8.82583427429199,"Male"
"9004160",371982,2025-06-06 13:10:02,42.5169334411621,-8.82582569122314,"Male"
"9004160",371982,2025-06-06 13:15:02,42.5169219970703,-8.82580089569092,"Male"
"9004160",371982,2025-06-06 13:20:14,42.5170249938965,-8.8256664276123,"Male"
"9004160",371982,2025-06-06 13:25:03,42.5169944763184,-8.82567501068115,"Male"
"9004160",371982,2025-06-06 13:30:02,42.5169067382812,-8.82585144042969,"Male"
"9004160",371982,2025-06-06 13:35:02,42.5169143676758,-8.82601451873779,"Male"
"9004160",371982,2025-06-06 13:40:02,42.5168991088867,-8.82588672637939,"Male"
"9004160",371982,2025-06-06 13:45:02,42.5169334411621,-8.82594299316406,"Male"
"9004160",371982,2025-06-06 13:50:02,42.516960144043,-8.82594776153564,"Male"
"9004160",371982,2025-06-06 13:55:02,42.5169525146484,-8.82607936859131,"Male"
"9004160",371982,2025-06-06 14:00:02,42.5170669555664,-8.82583999633789,"Male"
"9004160",371982,2025-06-06 14:05:02,42.5170516967773,-8.82596397399902,"Male"
"9004160",371982,2025-06-06 14:10:02,42.5170631408691,-8.82550048828125,"Male"
"9004160",371982,2025-06-06 14:15:02,42.5171852111816,-8.82553195953369,"Male"
"9004160",371982,2025-06-06 14:20:02,42.5171318054199,-8.82557010650635,"Male"
"9004160",371982,2025-06-06 14:25:02,42.5171775817871,-8.82590961456299,"Male"
"9004160",371982,2025-06-06 14:30:02,42.5172348022461,-8.82564830780029,"Male"
"9004160",371982,2025-06-06 14:35:08,42.5170974731445,-8.82531261444092,"Male"
"9004160",371982,2025-06-06 14:40:38,42.5182723999023,-8.82463264465332,"Male"
"9004160",371982,2025-06-06 14:45:36,42.5187759399414,-8.82340240478516,"Male"
"9004160",371982,2025-06-06 14:50:37,42.5191650390625,-8.82212352752686,"Male"
"9004160",371982,2025-06-06 14:55:43,42.518497467041,-8.82342720031738,"Male"
"9004160",371982,2025-06-06 15:00:52,42.5176277160645,-8.82536888122559,"Male"
"9004160",371982,2025-06-06 15:05:53,42.5172538757324,-8.82625102996826,"Male"
"9004160",371982,2025-06-06 15:10:53,42.5170631408691,-8.82565879821777,"Male"
"9004160",371982,2025-06-06 15:15:53,42.5169410705566,-8.82576942443848,"Male"
"9004160",371982,2025-06-06 15:20:51,42.5169715881348,-8.82600688934326,"Male"
"9004160",371982,2025-06-06 15:25:52,42.5166702270508,-8.82606792449951,"Male"
"9004160",371982,2025-06-06 15:30:51,42.5166854858398,-8.82613086700439,"Male"
"9004160",371982,2025-06-06 15:35:52,42.516544342041,-8.82646751403809,"Male"
"9004160",371982,2025-06-06 15:41:07,42.5165634155273,-8.82506370544434,"Male"
"9004160",371982,2025-06-06 15:46:01,42.5167808532715,-8.82523536682129,"Male"
"9004160",371982,2025-06-06 15:50:55,42.5167808532715,-8.82519626617432,"Male"
"9004160",371982,2025-06-06 15:55:52,42.5164413452148,-8.82646656036377,"Male"
"9004160",371982,2025-06-06 16:00:52,42.5162467956543,-8.82644939422607,"Male"
"9004160",371982,2025-06-06 16:05:57,42.5168838500977,-8.82530975341797,"Male"
"9004160",371982,2025-06-06 16:10:52,42.5165138244629,-8.82560157775879,"Male"
"9004160",371982,2025-06-06 16:15:54,42.51611328125,-8.82652759552002,"Male"
"9004160",371982,2025-06-06 16:20:52,42.5160484313965,-8.82676315307617,"Male"
"9004160",371982,2025-06-06 16:26:00,42.5171241760254,-8.82569980621338,"Male"
"9004160",371982,2025-06-06 16:30:52,42.516731262207,-8.82601261138916,"Male"
"9004160",371982,2025-06-06 16:35:52,42.5162887573242,-8.82653045654297,"Male"
"9004160",371982,2025-06-06 16:40:53,42.5167579650879,-8.82612705230713,"Male"
"9004160",371982,2025-06-06 16:45:57,42.5170860290527,-8.82572174072266,"Male"
"9004160",371982,2025-06-06 16:50:52,42.5168075561523,-8.82592296600342,"Male"
"9004160",371982,2025-06-06 16:55:51,42.5165786743164,-8.82630729675293,"Male"
"9004160",371982,2025-06-06 17:00:52,42.5166168212891,-8.82625293731689,"Male"
"9004160",371982,2025-06-06 17:05:51,42.516544342041,-8.82634830474854,"Male"
"9004160",371982,2025-06-06 17:11:01,42.5170364379883,-8.8258228302002,"Male"
"9004160",371982,2025-06-06 17:15:52,42.5167694091797,-8.82613372802734,"Male"
"9004160",371982,2025-06-06 17:20:53,42.517162322998,-8.82584381103516,"Male"
"9004160",371982,2025-06-06 17:27:08,42.5187568664551,-8.8239688873291,"Male"
"9004160",371982,2025-06-06 17:32:53,42.5190734863281,-8.82317352294922,"Male"
"9004160",371982,2025-06-06 17:39:42,42.5191688537598,-8.82299041748047,"Male"
"9004160",371982,2025-06-06 17:44:47,42.5187721252441,-8.82315254211426,"Male"
"9004160",371982,2025-06-06 17:51:32,42.5183410644531,-8.82494258880615,"Male"
"9004160",371982,2025-06-06 17:56:38,42.5172119140625,-8.82569122314453,"Male"
"9004160",371982,2025-06-06 18:01:31,42.5167350769043,-8.82634449005127,"Male"
"9004160",371982,2025-06-06 18:06:38,42.5172386169434,-8.82575702667236,"Male"
"9004160",371982,2025-06-06 18:11:31,42.516918182373,-8.82613945007324,"Male"
"9004160",371982,2025-06-06 18:16:39,42.5170364379883,-8.82570362091064,"Male"
"9004160",371982,2025-06-06 18:21:35,42.5172500610352,-8.82566356658936,"Male"
"9004160",371982,2025-06-06 18:26:33,42.5171661376953,-8.82567691802979,"Male"
"9004160",371982,2025-06-06 18:31:34,42.5171432495117,-8.8256893157959,"Male"
"9004160",371982,2025-06-06 18:36:33,42.5178680419922,-8.82507133483887,"Male"
"9004160",371982,2025-06-06 18:41:41,42.516918182373,-8.8257884979248,"Male"
"9004160",371982,2025-06-06 18:46:30,42.516529083252,-8.82614803314209,"Male"
"9004160",371982,2025-06-06 18:51:32,42.5168647766113,-8.82550811767578,"Male"
"9004160",371982,2025-06-06 18:56:32,42.5179252624512,-8.82492542266846,"Male"
"9004160",371982,2025-06-06 19:01:32,42.5177421569824,-8.82504272460938,"Male"
"9004160",371982,2025-06-06 19:06:31,42.5174598693848,-8.82461261749268,"Male"
"9004160",371982,2025-06-06 19:11:32,42.5170021057129,-8.82533264160156,"Male"
"9004160",371982,2025-06-06 19:16:39,42.5161972045898,-8.82702445983887,"Male"
"9004160",371982,2025-06-06 19:21:44,42.5110855102539,-8.84157371520996,"Male"
"9004160",371982,2025-06-06 19:26:30,42.5109443664551,-8.84165096282959,"Male"
"9004160",371982,2025-06-06 19:31:38,42.5113754272461,-8.84204006195068,"Male"
"9004160",371982,2025-06-06 19:36:32,42.5114059448242,-8.84201335906982,"Male"
"9004160",371982,2025-06-06 19:41:48,42.5090217590332,-8.85339450836182,"Male"
"9004160",371982,2025-06-06 19:46:44,42.4939918518066,-8.89952087402344,"Male"
"9004160",371982,2025-06-06 19:51:30,42.4806861877441,-8.93654823303223,"Male"
"9004160",371982,2025-06-06 19:56:30,42.4726028442383,-8.94166946411133,"Male"
"9004160",371982,2025-06-06 20:01:30,42.4357643127441,-8.93949890136719,"Male"
"9004160",371982,2025-06-06 20:06:31,42.4003715515137,-8.92253303527832,"Male"
"9004160",371982,2025-06-06 20:11:39,42.4000434875488,-8.92330455780029,"Male"
"9004160",371982,2025-06-06 20:16:37,42.3994903564453,-8.92183113098145,"Male"
"9004160",371982,2025-06-06 20:22:05,42.3992767333984,-8.92196750640869,"Male"
"9004160",371982,2025-06-06 20:26:32,42.3993530273438,-8.92209053039551,"Male"
"9004160",371982,2025-06-06 20:31:38,42.3992958068848,-8.92201995849609,"Male"
"9004160",371982,2025-06-06 20:36:37,42.3992729187012,-8.92200183868408,"Male"
"9004160",371982,2025-06-06 20:41:38,42.3993873596191,-8.92194271087646,"Male"
"9004160",371982,2025-06-06 20:46:33,42.3991966247559,-8.92164325714111,"Male"
"9004160",371982,2025-06-06 20:51:42,42.3992958068848,-8.92202091217041,"Male"
"9004160",371982,2025-06-06 20:56:35,42.3988189697266,-8.92074775695801,"Male"
"9004160",371982,2025-06-06 21:01:38,42.3993034362793,-8.92202568054199,"Male"
"9004160",371982,2025-06-06 21:06:38,42.3992538452148,-8.92201328277588,"Male"
"9004160",371982,2025-06-06 21:11:40,42.3993186950684,-8.92201137542725,"Male"
"9004160",371982,2025-06-06 21:16:37,42.3992881774902,-8.92171001434326,"Male"
"9004160",371982,2025-06-06 21:21:39,42.3993721008301,-8.92214584350586,"Male"
"9004160",371982,2025-06-06 21:26:38,42.3993072509766,-8.92201137542725,"Male"
"9004160",371982,2025-06-06 21:31:38,42.3992805480957,-8.92205142974854,"Male"
"9004160",371982,2025-06-06 21:36:38,42.399284362793,-8.92191982269287,"Male"
"9004160",371982,2025-06-06 21:41:44,42.3992805480957,-8.92190647125244,"Male"
"9004160",371982,2025-06-06 21:46:38,42.3991394042969,-8.92187786102295,"Male"
"9004160",371982,2025-06-06 21:51:40,42.3992576599121,-8.92195320129395,"Male"
"9004160",371982,2025-06-06 21:56:34,42.3993225097656,-8.92207431793213,"Male"
"9004160",371982,2025-06-06 22:01:38,42.399097442627,-8.92192363739014,"Male"
"9004160",371982,2025-06-06 22:06:36,42.3993377685547,-8.92180633544922,"Male"
"9004160",371982,2025-06-06 22:11:38,42.3986434936523,-8.92190456390381,"Male"
"9004160",371982,2025-06-06 22:16:38,42.3984184265137,-8.92192649841309,"Male"
"9004160",371982,2025-06-06 22:21:44,42.399242401123,-8.92180347442627,"Male"
"9004160",371982,2025-06-06 22:26:33,42.3992881774902,-8.92185974121094,"Male"
"9004160",371982,2025-06-06 22:31:36,42.3994140625,-8.92186737060547,"Male"
"9004160",371982,2025-06-06 22:36:39,42.3992538452148,-8.92179679870605,"Male"
"9004160",371982,2025-06-06 22:41:38,42.3989372253418,-8.92219829559326,"Male"
"9004160",371982,2025-06-06 22:46:43,42.398853302002,-8.92214202880859,"Male"
"9004160",371982,2025-06-06 22:51:31,42.3991584777832,-8.92281913757324,"Male"
"9004160",371982,2025-06-06 22:56:36,42.399112701416,-8.92235469818115,"Male"
"9004160",371982,2025-06-06 23:02:02,42.3990440368652,-8.92200946807861,"Male"
"9004160",371982,2025-06-06 23:06:34,42.3987579345703,-8.92264556884766,"Male"
"9004160",371982,2025-06-06 23:11:34,42.3989562988281,-8.92234516143799,"Male"
"9004160",371982,2025-06-06 23:16:34,42.3988342285156,-8.92230319976807,"Male"
"9004160",371982,2025-06-06 23:21:38,42.3987693786621,-8.9221305847168,"Male"
"9004160",371982,2025-06-06 23:26:38,42.3987693786621,-8.92199325561523,"Male"
"9004160",371982,2025-06-06 23:31:38,42.3987617492676,-8.92220973968506,"Male"
"9004160",371982,2025-06-06 23:36:34,42.3990287780762,-8.92181396484375,"Male"
"9004160",371982,2025-06-06 23:41:34,42.3990478515625,-8.92194557189941,"Male"
"9004160",371982,2025-06-06 23:46:39,42.3989868164062,-8.92168998718262,"Male"
"9004160",371982,2025-06-06 23:52:12,42.3992958068848,-8.92203044891357,"Male"
"9004160",371982,2025-06-06 23:56:38,42.3991928100586,-8.92216491699219,"Male"
"9004160",371982,2025-06-07 00:02:31,42.3991470336914,-8.922194480896,"Male"
"9004160",371982,2025-06-07 00:06:33,42.3992729187012,-8.92209720611572,"Male"
"9004160",371982,2025-06-07 00:11:34,42.3991508483887,-8.9218921661377,"Male"
"9004160",371982,2025-06-07 00:16:32,42.3991851806641,-8.92174816131592,"Male"
"9004160",371982,2025-06-07 00:21:34,42.3990783691406,-8.9216890335083,"Male"
"9004160",371982,2025-06-07 00:27:54,42.3988761901855,-8.92176628112793,"Male"
"9004160",371982,2025-06-07 00:31:37,42.3991546630859,-8.92168426513672,"Male"
"9004160",371982,2025-06-07 00:36:59,42.3990478515625,-8.92175388336182,"Male"
"9004160",371982,2025-06-07 00:41:38,42.3991813659668,-8.92166709899902,"Male"
"9004160",371982,2025-06-07 00:46:39,42.3991088867188,-8.92172527313232,"Male"
"9004160",371982,2025-06-07 00:51:39,42.3992729187012,-8.92148017883301,"Male"
"9004160",371982,2025-06-07 00:56:41,42.3992462158203,-8.92161560058594,"Male"
"9004160",371982,2025-06-07 01:01:36,42.3991622924805,-8.92163276672363,"Male"
"9004160",371982,2025-06-07 01:06:40,42.3991470336914,-8.92171382904053,"Male"
"9004160",371982,2025-06-07 01:11:36,42.3993492126465,-8.92171096801758,"Male"
"9004160",371982,2025-06-07 01:16:39,42.399299621582,-8.92177677154541,"Male"
"9004160",371982,2025-06-07 01:21:39,42.3993263244629,-8.9217643737793,"Male"
"9004160",371982,2025-06-07 01:26:33,42.3992500305176,-8.92169094085693,"Male"
"9004160",371982,2025-06-07 01:31:39,42.399471282959,-8.9216136932373,"Male"
"9004160",371982,2025-06-07 01:37:54,42.3992576599121,-8.92152976989746,"Male"
"9004160",371982,2025-06-07 01:42:54,42.3993453979492,-8.92150783538818,"Male"
"9004160",371982,2025-06-07 01:52:54,42.399097442627,-8.92171192169189,"Male"
"9004160",371982,2025-06-07 01:57:54,42.3994064331055,-8.92155456542969,"Male"
"9004160",371982,2025-06-07 02:02:54,42.3990936279297,-8.9217643737793,"Male"
"9004160",371982,2025-06-07 02:07:00,42.3990936279297,-8.92179679870605,"Male"
"9004160",371982,2025-06-07 02:12:54,42.399097442627,-8.92173957824707,"Male"
"9004160",371982,2025-06-07 02:16:30,42.3991622924805,-8.92179107666016,"Male"
"9004160",371982,2025-06-07 02:21:33,42.3994216918945,-8.92198944091797,"Male"
"9004160",371982,2025-06-07 02:26:40,42.3993492126465,-8.92186450958252,"Male"
"9004160",371982,2025-06-07 02:31:33,42.3993301391602,-8.92209053039551,"Male"
"9004160",371982,2025-06-07 02:36:42,42.399341583252,-8.92191886901855,"Male"
"9004160",371982,2025-06-07 02:41:30,42.3992652893066,-8.92189311981201,"Male"
"9004160",371982,2025-06-07 02:46:42,42.3992652893066,-8.92186546325684,"Male"
"9004160",371982,2025-06-07 02:52:54,42.3991508483887,-8.92195606231689,"Male"
"9004160",371982,2025-06-07 02:57:54,42.3992691040039,-8.92188930511475,"Male"
"9004160",371982,2025-06-07 03:01:43,42.399284362793,-8.92191982269287,"Male"
"9004160",371982,2025-06-07 03:06:36,42.399242401123,-8.92194080352783,"Male"
"9004160",371982,2025-06-07 03:11:33,42.3992309570312,-8.92181491851807,"Male"
"9004160",371982,2025-06-07 03:16:31,42.3992233276367,-8.92188167572021,"Male"
"9004160",371982,2025-06-07 03:21:33,42.3991928100586,-8.92176723480225,"Male"
"9004160",371982,2025-06-07 03:26:44,42.3992385864258,-8.92191886901855,"Male"
"9004160",371982,2025-06-07 03:31:31,42.399055480957,-8.9219446182251,"Male"
"9004160",371982,2025-06-07 03:36:38,42.3990478515625,-8.92184066772461,"Male"
"9004160",371982,2025-06-07 03:41:33,42.3991088867188,-8.92193603515625,"Male"
"9004160",371982,2025-06-07 03:46:34,42.3993186950684,-8.92192649841309,"Male"
"9004160",371982,2025-06-07 03:51:37,42.3992080688477,-8.92195987701416,"Male"
"9004160",371982,2025-06-07 03:56:36,42.3990707397461,-8.92209434509277,"Male"
"9004160",371982,2025-06-07 04:01:43,42.3990440368652,-8.92216873168945,"Male"
"9004160",371982,2025-06-07 04:06:52,42.3991279602051,-8.92208766937256,"Male"
"9004160",371982,2025-06-07 04:11:35,42.3990020751953,-8.92192935943604,"Male"
"9004160",371982,2025-06-07 04:16:34,42.3992385864258,-8.92203521728516,"Male"
"9004160",371982,2025-06-07 04:21:36,42.3990859985352,-8.92182922363281,"Male"
"9004160",371982,2025-06-07 04:26:42,42.3991241455078,-8.92213153839111,"Male"
"9004160",371982,2025-06-07 04:31:34,42.3991966247559,-8.92216873168945,"Male"
"9004160",371982,2025-06-07 04:36:34,42.3991241455078,-8.92214298248291,"Male"
"9004160",371982,2025-06-07 04:41:32,42.3989181518555,-8.92224597930908,"Male"
"9004160",371982,2025-06-07 04:46:33,42.3992080688477,-8.92253398895264,"Male"
"9004160",371982,2025-06-07 04:51:39,42.3987617492676,-8.92228317260742,"Male"
"9004160",371982,2025-06-07 04:56:33,42.3974113464355,-8.91870021820068,"Male"
"9004160",371982,2025-06-07 05:01:41,42.3990707397461,-8.92246437072754,"Male"
"9004160",371982,2025-06-07 05:06:33,42.3985443115234,-8.92046165466309,"Male"
"9004160",371982,2025-06-07 05:11:36,42.3991317749023,-8.9220609664917,"Male"
"9004160",371982,2025-06-07 05:16:32,42.3976173400879,-8.9185094833374,"Male"
"9004160",371982,2025-06-07 05:21:40,42.3990669250488,-8.92246055603027,"Male"
"9004160",371982,2025-06-07 05:26:43,42.3991851806641,-8.92239665985107,"Male"
"9004160",371982,2025-06-07 05:31:41,42.3993339538574,-8.92228698730469,"Male"
"9004160",371982,2025-06-07 05:36:34,42.3991851806641,-8.92273044586182,"Male"
"9004160",371982,2025-06-07 05:41:42,42.3990440368652,-8.92232894897461,"Male"
"9004160",371982,2025-06-07 05:46:52,42.3982086181641,-8.92214775085449,"Male"
"9004160",371982,2025-06-07 05:51:43,42.3989944458008,-8.92240142822266,"Male"
"9004160",371982,2025-06-07 05:56:42,42.3990631103516,-8.92231941223145,"Male"
"9004160",371982,2025-06-07 06:01:47,42.3992805480957,-8.92200946807861,"Male"
"9004160",371982,2025-06-07 06:06:39,42.3993110656738,-8.92203998565674,"Male"
"9004160",371982,2025-06-07 06:11:39,42.3994369506836,-8.921950340271,"Male"
"9004160",371982,2025-06-07 06:16:34,42.399356842041,-8.92202377319336,"Male"
"9004160",371982,2025-06-07 06:21:39,42.3994407653809,-8.92198371887207,"Male"
"9004160",371982,2025-06-07 06:26:40,42.3993110656738,-8.92181396484375,"Male"
"9004160",371982,2025-06-07 06:31:32,42.3994750976562,-8.9221773147583,"Male"
"9004160",371982,2025-06-07 06:36:38,42.3992462158203,-8.92187023162842,"Male"
"9004160",371982,2025-06-07 06:41:37,42.3992652893066,-8.92195796966553,"Male"
"9004160",371982,2025-06-07 06:46:37,42.3992080688477,-8.92181587219238,"Male"
"9004160",371982,2025-06-07 06:52:05,42.3992767333984,-8.92210674285889,"Male"
"9004160",371982,2025-06-07 06:56:47,42.3993911743164,-8.92201805114746,"Male"
"9004160",371982,2025-06-07 07:02:29,42.3994445800781,-8.92205238342285,"Male"
"9004160",371982,2025-06-07 07:06:37,42.3995170593262,-8.92210578918457,"Male"
"9004160",371982,2025-06-07 07:11:38,42.3993949890137,-8.92195892333984,"Male"
"9004160",371982,2025-06-07 07:16:36,42.3993759155273,-8.92203521728516,"Male"
"9004160",371982,2025-06-07 07:21:36,42.3994178771973,-8.92238903045654,"Male"
"9004160",371982,2025-06-07 07:26:43,42.3994216918945,-8.92188358306885,"Male"
"9004160",371982,2025-06-07 07:32:23,42.3994064331055,-8.92198181152344,"Male"
"9004160",371982,2025-06-07 07:37:54,42.3993453979492,-8.92194557189941,"Male"
"9004160",371982,2025-06-07 07:42:12,42.3994026184082,-8.92196273803711,"Male"
"9004160",371982,2025-06-07 07:47:54,42.3993911743164,-8.92192459106445,"Male"
"9004160",371982,2025-06-07 07:57:14,42.3994674682617,-8.92192268371582,"Male"
"9004160",371982,2025-06-07 08:06:38,42.3991012573242,-8.92181301116943,"Male"
"9004160",371982,2025-06-07 08:16:31,42.4015235900879,-8.92095375061035,"Male"
"9004160",371982,2025-06-07 08:21:44,42.4015312194824,-8.92073345184326,"Male"
"9004160",371982,2025-06-07 08:26:31,42.4015884399414,-8.92070198059082,"Male"
"9004160",371982,2025-06-07 08:31:31,42.4014854431152,-8.92077159881592,"Male"
"9004160",371982,2025-06-07 08:36:31,42.420524597168,-8.92273616790771,"Male"
"9004160",371982,2025-06-07 08:41:31,42.4618606567383,-8.94288635253906,"Male"
"9004160",371982,2025-06-07 08:46:31,42.4927825927734,-8.91159820556641,"Male"
"9004160",371982,2025-06-07 08:51:31,42.5059127807617,-8.88570404052734,"Male"
"9004160",371982,2025-06-07 08:56:31,42.5065803527832,-8.88732814788818,"Male"
"9004160",371982,2025-06-07 09:02:25,42.5074996948242,-8.88774490356445,"Male"
"9004160",371982,2025-06-07 09:07:26,42.5080108642578,-8.88782215118408,"Male"
"9004160",371982,2025-06-07 09:12:26,42.5073318481445,-8.88939762115479,"Male"
"9004160",371982,2025-06-07 09:17:26,42.5074119567871,-8.88934421539307,"Male"
"9004160",371982,2025-06-07 09:22:26,42.5073623657227,-8.88943862915039,"Male"
"9004160",371982,2025-06-07 09:27:26,42.5074272155762,-8.88943576812744,"Male"
"9004160",371982,2025-06-07 09:32:28,42.5073928833008,-8.88943481445312,"Male"
"9004160",371982,2025-06-07 09:37:26,42.5073509216309,-8.88928604125977,"Male"
"9004160",371982,2025-06-07 09:42:26,42.5072402954102,-8.8892707824707,"Male"
"9004160",371982,2025-06-07 09:47:26,42.5071983337402,-8.88928508758545,"Male"
"9004160",371982,2025-06-07 09:52:26,42.5069427490234,-8.88635349273682,"Male"
"9004160",371982,2025-06-07 09:57:27,42.5170478820801,-8.83273792266846,"Male"
"9004160",371982,2025-06-07 10:02:27,42.5152816772461,-8.82693672180176,"Male"
"9004160",371982,2025-06-07 10:07:26,42.5157051086426,-8.8259801864624,"Male"
"9004160",371982,2025-06-07 10:12:26,42.5177421569824,-8.82519435882568,"Male"
"9004160",371982,2025-06-07 10:18:23,42.517333984375,-8.82384586334229,"Male"
"9004160",371982,2025-06-07 10:25:45,42.5199775695801,-8.8211555480957,"Male"
"9004160",371982,2025-06-07 10:31:03,42.5198173522949,-8.82217979431152,"Male"
"9004160",371982,2025-06-07 10:36:39,42.5196990966797,-8.82313537597656,"Male"
"9004160",371982,2025-06-07 10:42:11,42.5189323425293,-8.82365703582764,"Male"
"9004160",371982,2025-06-07 10:47:08,42.5183906555176,-8.82434749603271,"Male"
"9004160",371982,2025-06-07 10:52:10,42.5176773071289,-8.82596874237061,"Male"
"9004160",371982,2025-06-07 10:57:12,42.5176086425781,-8.82596683502197,"Male"
"9004160",371982,2025-06-07 11:02:11,42.5175819396973,-8.82577610015869,"Male"
"9004160",371982,2025-06-07 11:07:23,42.5176429748535,-8.8267240524292,"Male"
"9004160",371982,2025-06-07 11:12:22,42.5176582336426,-8.8267650604248,"Male"
"9004160",371982,2025-06-07 11:17:22,42.5176620483398,-8.82672500610352,"Male"
"9004160",371982,2025-06-07 11:22:35,42.5171585083008,-8.82592678070068,"Male"
"9004160",371982,2025-06-07 11:27:07,42.5168876647949,-8.82588958740234,"Male"
"9004160",371982,2025-06-07 11:32:07,42.5169639587402,-8.82595920562744,"Male"
"9004160",371982,2025-06-07 11:37:06,42.5169105529785,-8.82592964172363,"Male"
"9004160",371982,2025-06-07 11:42:07,42.5169105529785,-8.82585906982422,"Male"
"9004160",371982,2025-06-07 11:47:07,42.5168876647949,-8.82585430145264,"Male"
"9004160",371982,2025-06-07 11:52:06,42.5168266296387,-8.82586002349854,"Male"
"9004160",371982,2025-06-07 11:57:07,42.5168876647949,-8.82587337493896,"Male"
"9004160",371982,2025-06-07 12:02:07,42.5168724060059,-8.82583332061768,"Male"
"9004160",371982,2025-06-07 12:07:08,42.5168113708496,-8.8257417678833,"Male"
"9004160",371982,2025-06-07 12:12:17,42.5168762207031,-8.82586097717285,"Male"
"9004160",371982,2025-06-07 12:17:07,42.5169219970703,-8.82588291168213,"Male"
"9004160",371982,2025-06-07 12:22:07,42.5168418884277,-8.82600498199463,"Male"
"9004160",371982,2025-06-07 12:27:07,42.5168685913086,-8.82592678070068,"Male"
"9004160",371982,2025-06-07 12:32:35,42.5170593261719,-8.82548904418945,"Male"
"9004160",371982,2025-06-07 12:37:06,42.5181770324707,-8.8240852355957,"Male"
"9004160",371982,2025-06-07 12:42:41,42.5183792114258,-8.82279777526855,"Male"
"9004160",371982,2025-06-07 12:48:13,42.5188980102539,-8.82321739196777,"Male"
"9004160",371982,2025-06-07 12:53:41,42.5192527770996,-8.82355308532715,"Male"
"9004160",371982,2025-06-07 12:58:41,42.5200805664062,-8.82310485839844,"Male"
"9004160",371982,2025-06-07 13:03:39,42.5199165344238,-8.82368087768555,"Male"
"9004160",371982,2025-06-07 13:09:06,42.5190086364746,-8.82449340820312,"Male"
"9004160",371982,2025-06-07 13:14:20,42.5184898376465,-8.82409000396729,"Male"
"9004160",371982,2025-06-07 13:19:30,42.5170135498047,-8.82576274871826,"Male"
"9004160",371982,2025-06-07 13:24:26,42.5169448852539,-8.82594394683838,"Male"
"9004160",371982,2025-06-07 13:29:25,42.5169525146484,-8.82599830627441,"Male"
"9004160",371982,2025-06-07 13:34:24,42.5169258117676,-8.82597732543945,"Male"
"9004160",371982,2025-06-07 13:39:25,42.5169410705566,-8.82589530944824,"Male"
"9004160",371982,2025-06-07 13:44:25,42.5169143676758,-8.82590484619141,"Male"
"9004160",371982,2025-06-07 13:49:25,42.5168952941895,-8.82573413848877,"Male"
"9004160",371982,2025-06-07 13:54:25,42.5169677734375,-8.82595062255859,"Male"
"9004160",371982,2025-06-07 13:59:25,42.5169448852539,-8.82577133178711,"Male"
"9004160",371982,2025-06-07 14:04:25,42.5168037414551,-8.82581806182861,"Male"
"9004160",371982,2025-06-07 14:09:26,42.5166244506836,-8.82609558105469,"Male"
"9004160",371982,2025-06-07 14:14:25,42.5174903869629,-8.825927734375,"Male"
"9004160",371982,2025-06-07 14:19:25,42.5172271728516,-8.82583332061768,"Male"
"9004160",371982,2025-06-07 14:24:25,42.5169944763184,-8.82614612579346,"Male"
"9004160",371982,2025-06-07 14:29:26,42.5170669555664,-8.82543468475342,"Male"
"9004160",371982,2025-06-07 14:34:25,42.5172386169434,-8.82599544525146,"Male"
"9004160",371982,2025-06-07 14:39:36,42.5175514221191,-8.8262300491333,"Male"
"9004160",371982,2025-06-07 14:44:26,42.5171928405762,-8.82619285583496,"Male"
"9004160",371982,2025-06-07 14:49:26,42.5171012878418,-8.82605266571045,"Male"
"9004160",371982,2025-06-07 14:54:25,42.5171394348145,-8.82604598999023,"Male"
"9004160",371982,2025-06-07 14:59:26,42.5171241760254,-8.82610416412354,"Male"
"9004160",371982,2025-06-07 15:04:25,42.5169830322266,-8.82610416412354,"Male"
"9004160",371982,2025-06-07 15:09:25,42.5169906616211,-8.82604598999023,"Male"
"9004160",371982,2025-06-07 15:14:25,42.5169525146484,-8.82604217529297,"Male"
"9004160",371982,2025-06-07 15:19:25,42.5168609619141,-8.82596969604492,"Male"
"9004160",371982,2025-06-07 15:24:25,42.5168228149414,-8.82592010498047,"Male"
"9004160",371982,2025-06-07 15:29:25,42.5168533325195,-8.82597541809082,"Male"
"9004160",371982,2025-06-07 15:34:25,42.5165328979492,-8.82555484771729,"Male"
"9004160",371982,2025-06-07 15:39:28,42.5167198181152,-8.82569789886475,"Male"
"9004160",371982,2025-06-07 15:44:25,42.5163536071777,-8.82526683807373,"Male"
"9004160",371982,2025-06-07 15:49:25,42.5166702270508,-8.82565879821777,"Male"
"9004160",371982,2025-06-07 15:54:25,42.5165519714355,-8.82551002502441,"Male"
"9004160",371982,2025-06-07 15:59:25,42.516658782959,-8.82565021514893,"Male"
"9004160",371982,2025-06-07 16:04:25,42.5170707702637,-8.82593536376953,"Male"
"9004160",371982,2025-06-07 16:09:26,42.517162322998,-8.8259162902832,"Male"
"9004160",371982,2025-06-07 16:14:44,42.5170669555664,-8.82596015930176,"Male"
"9004160",371982,2025-06-07 16:19:25,42.5169296264648,-8.82602405548096,"Male"
"9004160",371982,2025-06-07 16:24:25,42.5169830322266,-8.82616806030273,"Male"
"9004160",371982,2025-06-07 16:29:25,42.5169258117676,-8.82594394683838,"Male"
"9004160",371982,2025-06-07 16:34:25,42.5169982910156,-8.82577323913574,"Male"
"9004160",371982,2025-06-07 16:39:25,42.5168190002441,-8.82573223114014,"Male"
"9004160",371982,2025-06-07 16:44:30,42.5170478820801,-8.82548236846924,"Male"
"9004160",371982,2025-06-07 16:49:33,42.5192832946777,-8.82509517669678,"Male"
"9004160",371982,2025-06-07 16:55:06,42.5197525024414,-8.8259391784668,"Male"
"9004160",371982,2025-06-07 17:02:57,42.5192375183105,-8.82447719573975,"Male"
"9004160",371982,2025-06-07 17:08:01,42.5189514160156,-8.82369613647461,"Male"
"9004160",371982,2025-06-07 17:26:23,42.5169982910156,-8.82600688934326,"Male"
"9004160",371982,2025-06-07 17:30:49,42.5162353515625,-8.82529258728027,"Male"
"9004160",371982,2025-06-07 17:35:49,42.5168190002441,-8.82562255859375,"Male"
"9004160",371982,2025-06-07 17:40:50,42.5169982910156,-8.82582664489746,"Male"
"9004160",371982,2025-06-07 17:46:14,42.5169067382812,-8.82534980773926,"Male"
"9004160",371982,2025-06-07 17:50:49,42.5167655944824,-8.82579231262207,"Male"
"9004160",371982,2025-06-07 17:55:49,42.516788482666,-8.82553100585938,"Male"
"9004160",371982,2025-06-07 18:00:49,42.5167236328125,-8.82569313049316,"Male"
"9004160",371982,2025-06-07 18:05:49,42.516731262207,-8.82569217681885,"Male"
"9004160",371982,2025-06-07 18:10:49,42.5167427062988,-8.82583904266357,"Male"
"9004160",371982,2025-06-07 18:15:49,42.5167236328125,-8.82568836212158,"Male"
"9004160",371982,2025-06-07 18:20:49,42.5168380737305,-8.82569026947021,"Male"
"9004160",371982,2025-06-07 18:25:49,42.5167846679688,-8.82571887969971,"Male"
"9004160",371982,2025-06-07 18:30:49,42.5167465209961,-8.82563400268555,"Male"
"9004160",371982,2025-06-07 18:35:50,42.5167961120605,-8.82562732696533,"Male"
"9004160",371982,2025-06-07 18:41:14,42.5167617797852,-8.82569599151611,"Male"
"9004160",371982,2025-06-07 18:45:49,42.5167770385742,-8.82570552825928,"Male"
"9004160",371982,2025-06-07 18:50:49,42.5167388916016,-8.8256196975708,"Male"
"9004160",371982,2025-06-07 18:55:48,42.5168762207031,-8.82562255859375,"Male"
"9004160",371982,2025-06-07 19:01:23,42.5165672302246,-8.82649993896484,"Male"
"9004160",371982,2025-06-07 19:06:25,42.5169372558594,-8.82812786102295,"Male"
"9004160",371982,2025-06-07 19:11:52,42.5181045532227,-8.82937812805176,"Male"
"9004160",371982,2025-06-07 19:16:50,42.5176887512207,-8.83115482330322,"Male"
"9004160",371982,2025-06-07 19:21:51,42.5135116577148,-8.84925651550293,"Male"
"9004160",371982,2025-06-07 19:26:50,42.5135498046875,-8.84932327270508,"Male"
"9004160",371982,2025-06-07 19:32:14,42.5135917663574,-8.84922122955322,"Male"
"9004160",371982,2025-06-07 19:36:50,42.5136337280273,-8.84920692443848,"Male"
"9004160",371982,2025-06-07 19:41:50,42.5182228088379,-8.86563301086426,"Male"
"9004160",371982,2025-06-07 19:46:50,42.5167121887207,-8.86816024780273,"Male"
"9004160",371982,2025-06-07 19:51:50,42.4886512756348,-8.9091739654541,"Male"
"9004160",371982,2025-06-07 19:56:50,42.4805641174316,-8.9363842010498,"Male"
"9004160",371982,2025-06-07 20:01:50,42.4740524291992,-8.9413366317749,"Male"
"9004160",371982,2025-06-07 20:06:50,42.4268112182617,-8.93448352813721,"Male"
"9004160",371982,2025-06-07 20:12:00,42.3998069763184,-8.92185115814209,"Male"
"9004160",371982,2025-06-07 20:16:55,42.3990745544434,-8.92195510864258,"Male"
"9004160",371982,2025-06-07 20:22:19,42.3993072509766,-8.92196273803711,"Male"
"9004160",371982,2025-06-07 20:27:00,42.3992195129395,-8.92189407348633,"Male"
"9004160",371982,2025-06-07 20:32:14,42.3992500305176,-8.92197322845459,"Male"
"9004160",371982,2025-06-07 20:37:02,42.3992576599121,-8.9218921661377,"Male"
"9004160",371982,2025-06-07 20:42:04,42.3992652893066,-8.92201328277588,"Male"
"9004160",371982,2025-06-07 20:47:21,42.3992958068848,-8.92208862304688,"Male"
"9004160",371982,2025-06-07 20:52:00,42.3992729187012,-8.92196750640869,"Male"
"9004160",371982,2025-06-07 20:57:00,42.3992881774902,-8.92211627960205,"Male"
"9004160",371982,2025-06-07 21:02:00,42.3993034362793,-8.92217063903809,"Male"
"9004160",371982,2025-06-07 21:07:00,42.3993072509766,-8.92216014862061,"Male"
"9004160",371982,2025-06-07 21:12:00,42.399356842041,-8.92224884033203,"Male"
"9004160",371982,2025-06-07 21:17:00,42.3992729187012,-8.92219257354736,"Male"
"9004160",371982,2025-06-07 21:22:10,42.3993682861328,-8.92206859588623,"Male"
"9004160",371982,2025-06-07 21:26:59,42.3993339538574,-8.92220687866211,"Male"
"9004160",371982,2025-06-07 21:32:00,42.3992691040039,-8.92183685302734,"Male"
"9004160",371982,2025-06-07 21:37:01,42.3993873596191,-8.92236232757568,"Male"
"9004160",371982,2025-06-07 21:42:09,42.3994750976562,-8.92255687713623,"Male"
"9004160",371982,2025-06-07 21:47:14,42.3992767333984,-8.92174243927002,"Male"
"9004160",371982,2025-06-07 21:51:50,42.3992042541504,-8.9217004776001,"Male"
"9004160",371982,2025-06-07 21:56:54,42.3993263244629,-8.92180347442627,"Male"
"9004160",371982,2025-06-07 22:01:55,42.3992958068848,-8.92172908782959,"Male"
"9004160",371982,2025-06-07 22:07:00,42.3993225097656,-8.92187213897705,"Male"
"9004160",371982,2025-06-07 22:12:00,42.3992385864258,-8.92172718048096,"Male"
"9004160",371982,2025-06-07 22:17:01,42.3995513916016,-8.92167282104492,"Male"
"9004160",371982,2025-06-07 22:21:54,42.3993148803711,-8.92181968688965,"Male"
"9004160",371982,2025-06-07 22:26:57,42.3992576599121,-8.92170143127441,"Male"
"9004160",371982,2025-06-07 22:32:23,42.3990821838379,-8.92199039459229,"Male"
"9004160",371982,2025-06-07 22:36:59,42.3990173339844,-8.9219799041748,"Male"
"9004160",371982,2025-06-07 22:41:59,42.3991317749023,-8.92195224761963,"Male"
"9004160",371982,2025-06-07 22:46:52,42.3992118835449,-8.92168426513672,"Male"
"9004160",371982,2025-06-07 22:51:53,42.3991661071777,-8.9220085144043,"Male"
"9004160",371982,2025-06-07 22:56:52,42.3995895385742,-8.92160987854004,"Male"
"9004160",371982,2025-06-07 23:01:53,42.399730682373,-8.92199230194092,"Male"
"9004160",371982,2025-06-07 23:07:08,42.3996276855469,-8.92193222045898,"Male"
"9004160",371982,2025-06-07 23:12:00,42.3988418579102,-8.92189979553223,"Male"
"9004160",371982,2025-06-07 23:16:50,42.3989639282227,-8.92171669006348,"Male"
"9004160",371982,2025-06-07 23:21:53,42.3989868164062,-8.92173004150391,"Male"
"9004160",371982,2025-06-07 23:26:52,42.3990821838379,-8.92191600799561,"Male"
"9004160",371982,2025-06-07 23:31:57,42.3991546630859,-8.92196273803711,"Male"
"9004160",371982,2025-06-07 23:36:52,42.3992042541504,-8.92209339141846,"Male"
"9004160",371982,2025-06-07 23:41:58,42.3991966247559,-8.92190074920654,"Male"
"9004160",371982,2025-06-07 23:46:55,42.3992347717285,-8.92199420928955,"Male"
"9004160",371982,2025-06-07 23:51:52,42.3992156982422,-8.92194175720215,"Male"
"9004160",371982,2025-06-07 23:56:54,42.3991661071777,-8.92195415496826,"Male"
"9004160",371982,2025-06-08 00:01:59,42.3991012573242,-8.92183017730713,"Male"
"9004160",371982,2025-06-08 00:06:55,42.399040222168,-8.9218282699585,"Male"
"9004160",371982,2025-06-08 00:11:54,42.3991661071777,-8.92184257507324,"Male"
"9004160",371982,2025-06-08 00:16:59,42.399242401123,-8.92184162139893,"Male"
"9004160",371982,2025-06-08 00:22:00,42.3994140625,-8.92210292816162,"Male"
"9004160",371982,2025-06-08 00:27:00,42.3993873596191,-8.92223930358887,"Male"
"9004160",371982,2025-06-08 00:32:23,42.3992500305176,-8.9218864440918,"Male"
"9004160",371982,2025-06-08 00:36:52,42.3992309570312,-8.92187881469727,"Male"
"9004160",371982,2025-06-08 00:41:53,42.3992805480957,-8.92183971405029,"Male"
"9004160",371982,2025-06-08 00:46:54,42.3991813659668,-8.9218111038208,"Male"
"9004160",371982,2025-06-08 00:51:55,42.3992080688477,-8.92196941375732,"Male"
"9004160",371982,2025-06-08 00:57:00,42.3992309570312,-8.92185497283936,"Male"
"9004160",371982,2025-06-08 01:01:55,42.3991928100586,-8.92189979553223,"Male"
"9004160",371982,2025-06-08 01:06:54,42.3991012573242,-8.92195606231689,"Male"
"9004160",371982,2025-06-08 01:12:23,42.3993797302246,-8.92208290100098,"Male"
"9004160",371982,2025-06-08 01:16:58,42.3996200561523,-8.92210006713867,"Male"
"9004160",371982,2025-06-08 01:22:33,42.3993721008301,-8.92221927642822,"Male"
"9004160",371982,2025-06-08 01:27:03,42.3993530273438,-8.92212200164795,"Male"
"9004160",371982,2025-06-08 01:33:13,42.3993988037109,-8.92212677001953,"Male"
"9004160",371982,2025-06-08 01:37:06,42.3994827270508,-8.92200946807861,"Male"
"9004160",371982,2025-06-08 01:42:00,42.3988838195801,-8.92247200012207,"Male"
"9004160",371982,2025-06-08 01:47:02,42.3997230529785,-8.92184257507324,"Male"
"9004160",371982,2025-06-08 01:52:03,42.3993797302246,-8.92202663421631,"Male"
"9004160",371982,2025-06-08 01:56:57,42.399169921875,-8.92210483551025,"Male"
"9004160",371982,2025-06-08 02:02:00,42.3993225097656,-8.92206001281738,"Male"
"9004160",371982,2025-06-08 02:07:32,42.3996543884277,-8.92197036743164,"Male"
"9004160",371982,2025-06-08 02:11:50,42.399730682373,-8.92213535308838,"Male"
"9004160",371982,2025-06-08 02:16:52,42.3993606567383,-8.92198657989502,"Male"
"9004160",371982,2025-06-08 02:21:52,42.3993110656738,-8.92204666137695,"Male"
"9004160",371982,2025-06-08 02:27:09,42.3991203308105,-8.92177963256836,"Male"
"9004160",371982,2025-06-08 02:37:20,42.3993034362793,-8.92189121246338,"Male"
"9004160",371982,2025-06-08 02:42:09,42.3993453979492,-8.92187404632568,"Male"
"9004160",371982,2025-06-08 02:48:13,42.3993148803711,-8.92193698883057,"Male"
"9004160",371982,2025-06-08 02:51:58,42.3993492126465,-8.92185401916504,"Male"
"9004160",371982,2025-06-08 02:56:54,42.3992691040039,-8.92181777954102,"Male"
"9004160",371982,2025-06-08 03:02:00,42.3992881774902,-8.92192554473877,"Male"
"9004160",371982,2025-06-08 03:06:51,42.3991394042969,-8.92178344726562,"Male"
"9004160",371982,2025-06-08 03:12:04,42.3998603820801,-8.92195224761963,"Male"
"9004160",371982,2025-06-08 03:17:02,42.399585723877,-8.9218168258667,"Male"
"9004160",371982,2025-06-08 03:21:53,42.3996353149414,-8.92227554321289,"Male"
"9004160",371982,2025-06-08 03:27:00,42.3993072509766,-8.9219388961792,"Male"
"9004160",371982,2025-06-08 03:31:58,42.3992004394531,-8.92202472686768,"Male"
"9004160",371982,2025-06-08 03:36:57,42.3994331359863,-8.92191410064697,"Male"
"9004160",371982,2025-06-08 03:41:58,42.3990821838379,-8.92199802398682,"Male"
"9004160",371982,2025-06-08 03:47:00,42.3993644714355,-8.92189598083496,"Male"
"9004160",371982,2025-06-08 03:52:00,42.3992118835449,-8.92204284667969,"Male"
"9004160",371982,2025-06-08 03:57:09,42.3992576599121,-8.92199325561523,"Male"
"9004160",371982,2025-06-08 04:02:04,42.3990440368652,-8.92201900482178,"Male"
"9004160",371982,2025-06-08 04:06:59,42.3992385864258,-8.92203330993652,"Male"
"9004160",371982,2025-06-08 04:12:53,42.3992881774902,-8.92201042175293,"Male"
"9004160",371982,2025-06-08 04:16:54,42.3991928100586,-8.92222213745117,"Male"
"9004160",371982,2025-06-08 04:22:32,42.3995094299316,-8.9219799041748,"Male"
"9004160",371982,2025-06-08 04:27:42,42.3995132446289,-8.92195796966553,"Male"
"9004160",371982,2025-06-08 04:31:50,42.3995704650879,-8.9217357635498,"Male"
"9004160",371982,2025-06-08 04:36:57,42.3990783691406,-8.92203998565674,"Male"
"9004160",371982,2025-06-08 04:41:50,42.3989601135254,-8.92186737060547,"Male"
"9004160",371982,2025-06-08 04:47:03,42.3990783691406,-8.92200469970703,"Male"
"9004160",371982,2025-06-08 04:52:03,42.3991165161133,-8.92200946807861,"Male"
"9004160",371982,2025-06-08 04:57:20,42.3991584777832,-8.92210865020752,"Male"
"9004160",371982,2025-06-08 05:02:00,42.399227142334,-8.92192649841309,"Male"
"9004160",371982,2025-06-08 05:06:57,42.399299621582,-8.92191886901855,"Male"
"9004160",371982,2025-06-08 05:11:51,42.3995132446289,-8.92247200012207,"Male"
"9004160",371982,2025-06-08 05:17:00,42.3992805480957,-8.92198753356934,"Male"
"9004160",371982,2025-06-08 05:22:01,42.3991241455078,-8.92188930511475,"Male"
"9004160",371982,2025-06-08 05:27:00,42.3993263244629,-8.92199230194092,"Male"
"9004160",371982,2025-06-08 05:32:01,42.399284362793,-8.92196178436279,"Male"
"9004160",371982,2025-06-08 05:37:01,42.3992462158203,-8.921875,"Male"
"9004160",371982,2025-06-08 05:42:01,42.3992958068848,-8.92192840576172,"Male"
"9004160",371982,2025-06-08 05:47:05,42.399284362793,-8.9219388961792,"Male"
"9004160",371982,2025-06-08 05:52:01,42.3991622924805,-8.92190361022949,"Male"
"9004160",371982,2025-06-08 05:57:14,42.3991775512695,-8.92191791534424,"Male"
"9004160",371982,2025-06-08 06:01:52,42.3990478515625,-8.92177295684814,"Male"
"9004160",371982,2025-06-08 06:06:55,42.3990707397461,-8.92185497283936,"Male"
"9004160",371982,2025-06-08 06:12:14,42.3992462158203,-8.92182540893555,"Male"
"9004160",371982,2025-06-08 06:17:41,42.3988189697266,-8.92192268371582,"Male"
"9004160",371982,2025-06-08 06:21:53,42.3989906311035,-8.92180156707764,"Male"
"9004160",371982,2025-06-08 06:26:51,42.3989944458008,-8.92182540893555,"Male"
"9004160",371982,2025-06-08 06:31:53,42.3990707397461,-8.92176723480225,"Male"
"9004160",371982,2025-06-08 06:36:50,42.3993797302246,-8.921950340271,"Male"
"9004160",371982,2025-06-08 06:42:23,42.399242401123,-8.92202091217041,"Male"
"9004160",371982,2025-06-08 06:46:51,42.3993225097656,-8.92181968688965,"Male"
"9004160",371982,2025-06-08 06:51:59,42.3991851806641,-8.92200946807861,"Male"
"9004160",371982,2025-06-08 06:56:51,42.3991432189941,-8.92197513580322,"Male"
"9004160",371982,2025-06-08 07:02:00,42.3996696472168,-8.92182731628418,"Male"
"9004160",371982,2025-06-08 07:06:54,42.3996849060059,-8.92208576202393,"Male"
"9004160",371982,2025-06-08 07:12:00,42.3991813659668,-8.92198944091797,"Male"
"9004160",371982,2025-06-08 07:17:03,42.399471282959,-8.92191505432129,"Male"
"9004160",371982,2025-06-08 07:22:00,42.3994255065918,-8.92194652557373,"Male"
"9004160",371982,2025-06-08 07:28:06,42.3993797302246,-8.92190170288086,"Male"
"9004160",371982,2025-06-08 07:33:13,42.3994483947754,-8.92191410064697,"Male"
"9004160",371982,2025-06-08 07:37:13,42.399299621582,-8.92188453674316,"Male"
"9004160",371982,2025-06-08 07:42:45,42.3993263244629,-8.92195510864258,"Male"
"9004160",371982,2025-06-08 07:46:52,42.3995933532715,-8.92268848419189,"Male"
"9004160",371982,2025-06-08 07:51:51,42.3991355895996,-8.92172718048096,"Male"
"9004160",371982,2025-06-08 07:56:50,42.3993225097656,-8.92171192169189,"Male"
"9004160",371982,2025-06-08 08:01:51,42.4024276733398,-8.92319774627686,"Male"
"9004160",371982,2025-06-08 08:06:50,42.4159393310547,-8.92253398895264,"Male"
"9004160",371982,2025-06-08 08:11:49,42.4421463012695,-8.92994117736816,"Male"
"9004160",371982,2025-06-08 08:16:50,42.4714813232422,-8.9410457611084,"Male"
"9004160",371982,2025-06-08 08:21:50,42.4810562133789,-8.9367561340332,"Male"
"9004160",371982,2025-06-08 08:26:50,42.4871673583984,-8.91958141326904,"Male"
"9004160",371982,2025-06-08 08:31:50,42.5002708435059,-8.8828296661377,"Male"
"9004160",371982,2025-06-08 08:36:53,42.5035781860352,-8.85347270965576,"Male"
"9004160",371982,2025-06-08 08:41:52,42.5035285949707,-8.85322380065918,"Male"
"9004160",371982,2025-06-08 08:47:23,42.5023231506348,-8.84438705444336,"Male"
"9004160",371982,2025-06-08 08:52:57,42.5014572143555,-8.84134197235107,"Male"
"9004160",371982,2025-06-08 08:57:58,42.5089797973633,-8.83358192443848,"Male"
"9004160",371982,2025-06-08 09:02:55,42.5178565979004,-8.82977199554443,"Male"
"9004160",371982,2025-06-08 09:07:55,42.5175971984863,-8.82897663116455,"Male"
"9004160",371982,2025-06-08 09:12:58,42.5175666809082,-8.82899856567383,"Male"
"9004160",371982,2025-06-08 09:17:55,42.5175285339355,-8.8289155960083,"Male"
"9004160",371982,2025-06-08 09:22:55,42.5175399780273,-8.82901763916016,"Male"
"9004160",371982,2025-06-08 09:27:56,42.5179901123047,-8.82939052581787,"Male"
"9004160",371982,2025-06-08 09:33:37,42.518310546875,-8.83000087738037,"Male"
"9004160",371982,2025-06-08 09:38:36,42.5174560546875,-8.82921504974365,"Male"
"9004160",371982,2025-06-08 09:43:36,42.5173988342285,-8.82937622070312,"Male"
"9004160",371982,2025-06-08 09:48:36,42.5174446105957,-8.82940196990967,"Male"
"9004160",371982,2025-06-08 09:53:36,42.5174331665039,-8.82925224304199,"Male"
"9004160",371982,2025-06-08 09:58:36,42.5174407958984,-8.82919120788574,"Male"
"9004160",371982,2025-06-08 10:03:36,42.5174369812012,-8.82931709289551,"Male"
"9004160",371982,2025-06-08 10:08:37,42.5174598693848,-8.82936477661133,"Male"
"9004160",371982,2025-06-08 10:14:05,42.5175399780273,-8.82924747467041,"Male"
"9004160",371982,2025-06-08 10:18:35,42.5175094604492,-8.82929706573486,"Male"
"9004160",371982,2025-06-08 10:23:35,42.5175132751465,-8.82928657531738,"Male"
"9004160",371982,2025-06-08 10:28:36,42.5174560546875,-8.8292875289917,"Male"
"9004160",371982,2025-06-08 10:33:36,42.5175971984863,-8.8292989730835,"Male"
"9004160",371982,2025-06-08 10:38:36,42.5175666809082,-8.82931900024414,"Male"
"9004160",371982,2025-06-08 10:43:36,42.5176086425781,-8.829345703125,"Male"
"9004160",371982,2025-06-08 10:48:35,42.5175857543945,-8.82929706573486,"Male"
"9004160",371982,2025-06-08 10:53:51,42.5182151794434,-8.82951736450195,"Male"
"9004160",371982,2025-06-08 10:59:03,42.5190200805664,-8.83062648773193,"Male"
"9004160",371982,2025-06-08 11:04:00,42.5188903808594,-8.83162784576416,"Male"
"9004160",371982,2025-06-08 11:09:17,42.5180015563965,-8.83035087585449,"Male"
"9004160",371982,2025-06-08 11:14:15,42.5176391601562,-8.82901573181152,"Male"
"9004160",371982,2025-06-08 11:19:42,42.5163383483887,-8.82747364044189,"Male"
"9004160",371982,2025-06-08 11:24:48,42.5169830322266,-8.82597351074219,"Male"
"9004160",371982,2025-06-08 11:29:42,42.5168800354004,-8.8257884979248,"Male"
"9004160",371982,2025-06-08 11:34:42,42.516918182373,-8.82581043243408,"Male"
"9004160",371982,2025-06-08 11:39:43,42.5169219970703,-8.82583904266357,"Male"
"9004160",371982,2025-06-08 11:44:44,42.5168991088867,-8.8258113861084,"Male"
"9004160",371982,2025-06-08 11:49:45,42.5168609619141,-8.82575798034668,"Male"
"9004160",371982,2025-06-08 11:54:43,42.5169563293457,-8.82590293884277,"Male"
"9004160",371982,2025-06-08 11:59:42,42.5168762207031,-8.82591819763184,"Male"
"9004160",371982,2025-06-08 12:04:48,42.5169143676758,-8.82582473754883,"Male"
"9004160",371982,2025-06-08 12:09:44,42.5168533325195,-8.82599544525146,"Male"
"9004160",371982,2025-06-08 12:14:45,42.5168533325195,-8.82573699951172,"Male"
"9004160",371982,2025-06-08 12:19:45,42.5169296264648,-8.82576084136963,"Male"
"9004160",371982,2025-06-08 12:24:42,42.5169334411621,-8.82583427429199,"Male"
"9004160",371982,2025-06-08 12:29:45,42.5168495178223,-8.82596874237061,"Male"
"9004160",371982,2025-06-08 12:34:46,42.5168609619141,-8.82582759857178,"Male"
"9004160",371982,2025-06-08 12:39:53,42.5168266296387,-8.8258056640625,"Male"
"9004160",371982,2025-06-08 12:44:44,42.5169830322266,-8.8261137008667,"Male"
"9004160",371982,2025-06-08 12:50:05,42.5168724060059,-8.82583045959473,"Male"
"9004160",371982,2025-06-08 12:54:41,42.5168533325195,-8.82581329345703,"Male"
"9004160",371982,2025-06-08 12:59:41,42.5168533325195,-8.82580471038818,"Male"
"9004160",371982,2025-06-08 13:04:42,42.5168724060059,-8.82582664489746,"Male"
"9004160",371982,2025-06-08 13:09:42,42.5168838500977,-8.82583808898926,"Male"
"9004160",371982,2025-06-08 13:14:44,42.5168190002441,-8.82583236694336,"Male"
"9004160",371982,2025-06-08 13:19:44,42.5168342590332,-8.82584667205811,"Male"
"9004160",371982,2025-06-08 13:24:41,42.5168609619141,-8.82586097717285,"Male"
"9004160",371982,2025-06-08 13:29:41,42.5169105529785,-8.82578372955322,"Male"
"9004160",371982,2025-06-08 13:35:20,42.5188598632812,-8.8220911026001,"Male"
"9004160",371982,2025-06-08 13:40:17,42.5190391540527,-8.82158946990967,"Male"
"9004160",371982,2025-06-08 13:45:24,42.5189514160156,-8.82181167602539,"Male"
"9004160",371982,2025-06-08 13:50:20,42.5188407897949,-8.82201194763184,"Male"
"9004160",371982,2025-06-08 13:55:24,42.5181121826172,-8.82340335845947,"Male"
"9004160",371982,2025-06-08 14:00:20,42.517692565918,-8.82435894012451,"Male"
"9004160",371982,2025-06-08 14:05:22,42.5177383422852,-8.82432079315186,"Male"
"9004160",371982,2025-06-08 14:10:21,42.5177040100098,-8.82433128356934,"Male"
"9004160",371982,2025-06-08 14:15:23,42.5177230834961,-8.82433986663818,"Male"
"9004160",371982,2025-06-08 14:20:24,42.5176658630371,-8.82440853118896,"Male"
"9004160",371982,2025-06-08 14:25:22,42.5176467895508,-8.82444095611572,"Male"
"9004160",371982,2025-06-08 14:30:22,42.5177230834961,-8.82439231872559,"Male"
"9004160",371982,2025-06-08 14:35:23,42.5176887512207,-8.82432556152344,"Male"
"9004160",371982,2025-06-08 14:40:21,42.5177230834961,-8.8243236541748,"Male"
"9004160",371982,2025-06-08 14:45:22,42.5177955627441,-8.82427406311035,"Male"
"9004160",371982,2025-06-08 14:50:28,42.5177993774414,-8.82429504394531,"Male"
"9004160",371982,2025-06-08 14:55:21,42.5178337097168,-8.82431888580322,"Male"
"9004160",371982,2025-06-08 15:00:22,42.5177459716797,-8.82437229156494,"Male"
"9004160",371982,2025-06-08 15:05:53,42.5176658630371,-8.82437992095947,"Male"
"9004160",371982,2025-06-08 15:10:20,42.5176429748535,-8.82439041137695,"Male"
"9004160",371982,2025-06-08 15:15:20,42.5176429748535,-8.82440757751465,"Male"
"9004160",371982,2025-06-08 15:20:20,42.5176391601562,-8.82441520690918,"Male"
"9004160",371982,2025-06-08 15:25:37,42.5185356140137,-8.82334804534912,"Male"
"9004160",371982,2025-06-08 15:30:57,42.5188789367676,-8.82161617279053,"Male"
"9004160",371982,2025-06-08 15:36:10,42.5186614990234,-8.82184600830078,"Male"
"9004160",371982,2025-06-08 15:41:12,42.5180358886719,-8.82346057891846,"Male"
"9004160",371982,2025-06-08 15:46:27,42.5176391601562,-8.82461738586426,"Male"
"9004160",371982,2025-06-08 15:51:25,42.5168151855469,-8.82595920562744,"Male"
"9004160",371982,2025-06-08 15:56:25,42.5167922973633,-8.82579803466797,"Male"
"9004160",371982,2025-06-08 16:01:25,42.5168762207031,-8.82585144042969,"Male"
"9004160",371982,2025-06-08 16:06:25,42.5168914794922,-8.82587623596191,"Male"
"9004160",371982,2025-06-08 16:11:25,42.5168647766113,-8.82584857940674,"Male"
"9004160",371982,2025-06-08 16:16:25,42.5168647766113,-8.82589149475098,"Male"
"9004160",371982,2025-06-08 16:21:26,42.5168533325195,-8.8259162902832,"Male"
"9004160",371982,2025-06-08 16:26:25,42.5168228149414,-8.82584762573242,"Male"
"9004160",371982,2025-06-08 16:31:26,42.5167808532715,-8.82580375671387,"Male"
"9004160",371982,2025-06-08 16:36:25,42.5168380737305,-8.82584762573242,"Male"
"9004160",371982,2025-06-08 16:41:25,42.5169525146484,-8.82588863372803,"Male"
"9004160",371982,2025-06-08 16:46:25,42.5169982910156,-8.82594871520996,"Male"
"9004160",371982,2025-06-08 16:51:25,42.5169677734375,-8.82596492767334,"Male"
"9004160",371982,2025-06-08 16:56:25,42.5168914794922,-8.82580471038818,"Male"
"9004160",371982,2025-06-08 17:01:25,42.5168952941895,-8.82592582702637,"Male"
"9004160",371982,2025-06-08 17:06:25,42.5169334411621,-8.82590675354004,"Male"
"9004160",371982,2025-06-08 17:11:27,42.5168380737305,-8.8257884979248,"Male"
"9004160",371982,2025-06-08 17:16:25,42.5168571472168,-8.82581043243408,"Male"
"9004160",371982,2025-06-08 17:21:25,42.5168190002441,-8.82575607299805,"Male"
"9004160",371982,2025-06-08 17:26:44,42.5168647766113,-8.82582378387451,"Male"
"9004160",371982,2025-06-08 17:31:25,42.5169715881348,-8.82584285736084,"Male"
"9004160",371982,2025-06-08 17:36:25,42.5169105529785,-8.82584667205811,"Male"
"9004160",371982,2025-06-08 17:41:25,42.5169258117676,-8.82584762573242,"Male"
"9004160",371982,2025-06-08 17:46:25,42.5168151855469,-8.82552051544189,"Male"
"9004160",371982,2025-06-08 17:51:25,42.516716003418,-8.8255443572998,"Male"
"9004160",371982,2025-06-08 17:56:25,42.5167427062988,-8.82556819915771,"Male"
"9004160",371982,2025-06-08 18:01:25,42.5167541503906,-8.82574081420898,"Male"
"9004160",371982,2025-06-08 18:07:06,42.5156860351562,-8.82602310180664,"Male"
"9004160",371982,2025-06-08 18:12:05,42.5143280029297,-8.8252477645874,"Male"
"9004160",371982,2025-06-08 18:17:06,42.5142517089844,-8.82551288604736,"Male"
"9004160",371982,2025-06-08 18:22:10,42.5138893127441,-8.82568264007568,"Male"
"9004160",371982,2025-06-08 18:27:07,42.5149459838867,-8.82698822021484,"Male"
"9004160",371982,2025-06-08 18:32:20,42.5168800354004,-8.82803344726562,"Male"
"9004160",371982,2025-06-08 18:37:14,42.5175285339355,-8.82901477813721,"Male"
"9004160",371982,2025-06-08 18:42:12,42.5174713134766,-8.82893180847168,"Male"
"9004160",371982,2025-06-08 18:47:35,42.517650604248,-8.82918453216553,"Male"
"9004160",371982,2025-06-08 18:52:11,42.5176315307617,-8.82932376861572,"Male"
"9004160",371982,2025-06-08 18:57:11,42.517650604248,-8.82932949066162,"Male"
"9004160",371982,2025-06-08 19:02:11,42.517635345459,-8.82928085327148,"Male"
"9004160",371982,2025-06-08 19:07:11,42.517650604248,-8.8292818069458,"Male"
"9004160",371982,2025-06-08 19:12:12,42.5175857543945,-8.82926082611084,"Male"
"9004160",371982,2025-06-08 19:17:11,42.5177001953125,-8.82927989959717,"Male"
"9004160",371982,2025-06-08 19:22:11,42.501293182373,-8.87878513336182,"Male"
"9004160",371982,2025-06-08 19:27:11,42.4751129150391,-8.94106578826904,"Male"
"9004160",371982,2025-06-08 19:32:12,42.4565963745117,-8.94552326202393,"Male"
"9004160",371982,2025-06-08 19:37:12,42.4142761230469,-8.93381786346436,"Male"
"9004160",371982,2025-06-08 19:42:44,42.3993072509766,-8.92197513580322,"Male"
"9004160",371982,2025-06-08 19:47:17,42.3993492126465,-8.92207336425781,"Male"
"9004160",371982,2025-06-08 19:52:11,42.3991622924805,-8.92208671569824,"Male"
"9004160",371982,2025-06-08 19:57:11,42.3993339538574,-8.92172336578369,"Male"
"9004160",371982,2025-06-08 20:02:11,42.3994178771973,-8.92171478271484,"Male"
"9004160",371982,2025-06-08 20:07:12,42.3992919921875,-8.92193126678467,"Male"
"9004160",371982,2025-06-08 20:12:12,42.399227142334,-8.92192935943604,"Male"
"9004160",371982,2025-06-08 20:17:12,42.398983001709,-8.92183208465576,"Male"
"9004160",371982,2025-06-08 20:22:13,42.3992195129395,-8.92193412780762,"Male"
"9004160",371982,2025-06-08 20:27:12,42.3991317749023,-8.92184925079346,"Male"
"9004160",371982,2025-06-08 20:32:21,42.3991813659668,-8.92203426361084,"Male"
"9004160",371982,2025-06-08 20:37:14,42.3992347717285,-8.92207908630371,"Male"
"9004160",371982,2025-06-08 20:42:43,42.399242401123,-8.92207050323486,"Male"
"9004160",371982,2025-06-08 20:47:14,42.3993263244629,-8.92223453521729,"Male"
"9004160",371982,2025-06-08 20:52:13,42.3992233276367,-8.92196750640869,"Male"
"9004160",371982,2025-06-08 20:57:17,42.3992919921875,-8.92201995849609,"Male"
"9004160",371982,2025-06-08 21:02:11,42.3993377685547,-8.92205619812012,"Male"
"9004160",371982,2025-06-08 21:07:13,42.3993072509766,-8.92200183868408,"Male"
"9004160",371982,2025-06-08 21:12:15,42.3994293212891,-8.92203521728516,"Male"
"9004160",371982,2025-06-08 21:17:14,42.3993988037109,-8.92250442504883,"Male"
"9004160",371982,2025-06-08 21:22:24,42.3994102478027,-8.92266273498535,"Male"
"9004160",371982,2025-06-08 21:27:17,42.3991394042969,-8.92185211181641,"Male"
"9004160",371982,2025-06-08 21:32:35,42.3992385864258,-8.92195892333984,"Male"
"9004160",371982,2025-06-08 21:37:14,42.3990821838379,-8.9216251373291,"Male"
"9004160",371982,2025-06-08 21:42:25,42.3992385864258,-8.9220724105835,"Male"
"9004160",371982,2025-06-08 21:47:24,42.3993110656738,-8.92191696166992,"Male"
"9004160",371982,2025-06-08 21:52:14,42.3991203308105,-8.92157459259033,"Male"
"9004160",371982,2025-06-08 21:57:24,42.3993072509766,-8.92193603515625,"Male"
"9004160",371982,2025-06-08 22:02:18,42.3992691040039,-8.92190265655518,"Male"
"9004160",371982,2025-06-08 22:07:35,42.3993072509766,-8.92192840576172,"Male"
"9004160",371982,2025-06-08 22:12:11,42.3993377685547,-8.92196178436279,"Male"
"9004160",371982,2025-06-08 22:17:12,42.3993530273438,-8.9219446182251,"Male"
"9004160",371982,2025-06-08 22:22:12,42.3993530273438,-8.92193984985352,"Male"
"9004160",371982,2025-06-08 22:27:12,42.399486541748,-8.92190742492676,"Male"
"9004160",371982,2025-06-08 22:32:15,42.3993339538574,-8.92192935943604,"Male"
"9004160",371982,2025-06-08 22:37:15,42.3993453979492,-8.92195510864258,"Male"
"9004160",371982,2025-06-08 22:42:35,42.3992500305176,-8.9219274520874,"Male"
"9004160",371982,2025-06-08 22:47:15,42.3993492126465,-8.92196178436279,"Male"
"9004160",371982,2025-06-08 22:52:14,42.3992004394531,-8.92190742492676,"Male"
"9004160",371982,2025-06-08 22:57:15,42.399356842041,-8.92201614379883,"Male"
"9004160",371982,2025-06-08 23:02:14,42.3993873596191,-8.92200374603271,"Male"
"9004160",371982,2025-06-08 23:07:13,42.3993949890137,-8.92201709747314,"Male"
"9004160",371982,2025-06-08 23:12:15,42.3992919921875,-8.92206192016602,"Male"
"9004160",371982,2025-06-08 23:17:17,42.3993759155273,-8.92219257354736,"Male"
"9004160",371982,2025-06-08 23:22:17,42.3993873596191,-8.92219161987305,"Male"
"9004160",371982,2025-06-08 23:27:16,42.3989410400391,-8.92163753509521,"Male"
"9004160",371982,2025-06-08 23:32:17,42.3987655639648,-8.92188358306885,"Male"
"9004160",371982,2025-06-08 23:37:16,42.3993339538574,-8.92205142974854,"Male"
"9004160",371982,2025-06-08 23:42:13,42.3993949890137,-8.92200088500977,"Male"
"9004160",371982,2025-06-08 23:47:17,42.3991203308105,-8.92179107666016,"Male"
"9004160",371982,2025-06-08 23:52:15,42.3991050720215,-8.92179107666016,"Male"
"9004160",371982,2025-06-08 23:57:17,42.3991203308105,-8.92178058624268,"Male"
"9004160",371982,2025-06-09 00:02:28,42.3992958068848,-8.921950340271,"Male"
"9004160",371982,2025-06-09 00:07:14,42.3993034362793,-8.92197513580322,"Male"
"9004160",371982,2025-06-09 00:12:16,42.3992805480957,-8.92190551757812,"Male"
"9004160",371982,2025-06-09 00:17:24,42.3993873596191,-8.92200088500977,"Male"
"9004160",371982,2025-06-09 00:22:13,42.3993339538574,-8.92201995849609,"Male"
"9004160",371982,2025-06-09 00:27:14,42.399299621582,-8.92196559906006,"Male"
"9004160",371982,2025-06-09 00:32:14,42.3992156982422,-8.92185878753662,"Male"
"9004160",371982,2025-06-09 00:37:35,42.3992652893066,-8.92206573486328,"Male"
"9004160",371982,2025-06-09 00:42:12,42.3993377685547,-8.92200565338135,"Male"
"9004160",371982,2025-06-09 00:47:11,42.3992729187012,-8.92206478118896,"Male"
"9004160",371982,2025-06-09 00:52:12,42.3992576599121,-8.9220495223999,"Male"
"9004160",371982,2025-06-09 00:57:11,42.3993186950684,-8.92202472686768,"Male"
"9004160",371982,2025-06-09 01:02:11,42.3993148803711,-8.92208194732666,"Male"
"9004160",371982,2025-06-09 01:07:11,42.3992919921875,-8.92196750640869,"Male"
"9004160",371982,2025-06-09 01:12:11,42.3993721008301,-8.92202568054199,"Male"
"9004160",371982,2025-06-09 01:17:12,42.3993339538574,-8.9220027923584,"Male"
"9004160",371982,2025-06-09 01:22:12,42.3993301391602,-8.92203617095947,"Male"
"9004160",371982,2025-06-09 01:27:11,42.399356842041,-8.92200088500977,"Male"
"9004160",371982,2025-06-09 01:32:12,42.399284362793,-8.92196941375732,"Male"
"9004160",371982,2025-06-09 01:37:12,42.3993721008301,-8.92197227478027,"Male"
"9004160",371982,2025-06-09 01:42:11,42.3993797302246,-8.92195320129395,"Male"
"9004160",371982,2025-06-09 01:47:11,42.3993453979492,-8.92197608947754,"Male"
"9004160",371982,2025-06-09 01:52:12,42.3994140625,-8.9219217300415,"Male"
"9004160",371982,2025-06-09 01:57:12,42.3994026184082,-8.92199611663818,"Male"
"9004160",371982,2025-06-09 02:02:35,42.3993110656738,-8.9219388961792,"Male"
"9004160",371982,2025-06-09 02:07:16,42.399227142334,-8.9229040145874,"Male"
"9004160",371982,2025-06-09 02:12:12,42.3994178771973,-8.92194843292236,"Male"
"9004160",371982,2025-06-09 02:17:15,42.3993453979492,-8.92190837860107,"Male"
"9004160",371982,2025-06-09 02:22:15,42.3994560241699,-8.92199897766113,"Male"
"9004160",371982,2025-06-09 02:27:34,42.3993186950684,-8.92193031311035,"Male"
"9004160",371982,2025-06-09 02:32:14,42.3995590209961,-8.92207336425781,"Male"
"9004160",371982,2025-06-09 02:37:19,42.3994102478027,-8.9219274520874,"Male"
"9004160",371982,2025-06-09 02:42:15,42.3995628356934,-8.92211818695068,"Male"
"9004160",371982,2025-06-09 02:47:18,42.399845123291,-8.92234325408936,"Male"
"9004160",371982,2025-06-09 02:52:15,42.4001007080078,-8.92262172698975,"Male"
"9004160",371982,2025-06-09 02:57:35,42.3993797302246,-8.92196369171143,"Male"
"9004160",371982,2025-06-09 03:02:12,42.399471282959,-8.92204475402832,"Male"
"9004160",371982,2025-06-09 03:07:22,42.399299621582,-8.92193031311035,"Male"
"9004160",371982,2025-06-09 03:12:12,42.3992691040039,-8.92186641693115,"Male"
"9004160",371982,2025-06-09 03:17:14,42.3988647460938,-8.92155265808105,"Male"
"9004160",371982,2025-06-09 03:22:12,42.3992309570312,-8.92189407348633,"Male"
"9004160",371982,2025-06-09 03:27:12,42.3990211486816,-8.9217004776001,"Male"
"9004160",371982,2025-06-09 03:32:12,42.3990936279297,-8.92174434661865,"Male"
"9004160",371982,2025-06-09 03:37:12,42.3992919921875,-8.92191505432129,"Male"
"9004160",371982,2025-06-09 03:42:12,42.3991775512695,-8.92178821563721,"Male"
"9004160",371982,2025-06-09 03:47:13,42.3986625671387,-8.92127895355225,"Male"
"9004160",371982,2025-06-09 03:52:15,42.3984985351562,-8.92113304138184,"Male"
"9004160",371982,2025-06-09 03:57:15,42.3982467651367,-8.92081642150879,"Male"
"9004160",371982,2025-06-09 04:02:21,42.3993377685547,-8.92195987701416,"Male"
"9004160",371982,2025-06-09 04:07:14,42.3991012573242,-8.92179679870605,"Male"
"9004160",371982,2025-06-09 04:12:24,42.3992958068848,-8.92198753356934,"Male"
"9004160",371982,2025-06-09 04:17:16,42.3993759155273,-8.92208003997803,"Male"
"9004160",371982,2025-06-09 04:22:24,42.399299621582,-8.9219913482666,"Male"
"9004160",371982,2025-06-09 04:27:18,42.3995933532715,-8.92228507995605,"Male"
"9004160",371982,2025-06-09 04:32:24,42.3993911743164,-8.92195796966553,"Male"
"9004160",371982,2025-06-09 04:37:24,42.3992462158203,-8.9219970703125,"Male"
"9004160",371982,2025-06-09 04:42:35,42.3993186950684,-8.92191696166992,"Male"
"9004160",371982,2025-06-09 04:47:12,42.3993682861328,-8.92176818847656,"Male"
"9004160",371982,2025-06-09 04:52:42,42.3992614746094,-8.92195701599121,"Male"
"9004160",371982,2025-06-09 04:57:15,42.3993873596191,-8.92190456390381,"Male"
"9004160",371982,2025-06-09 05:02:12,42.3993492126465,-8.9220724105835,"Male"
"9004160",371982,2025-06-09 05:07:24,42.3993911743164,-8.92196655273438,"Male"
"9004160",371982,2025-06-09 05:12:26,42.3988838195801,-8.92239761352539,"Male"
"9004160",371982,2025-06-09 05:17:45,42.399169921875,-8.92191505432129,"Male"
"9004160",371982,2025-06-09 05:22:20,42.3993339538574,-8.92191505432129,"Male"
"9004160",371982,2025-06-09 05:27:28,42.399299621582,-8.9218111038208,"Male"
"9004160",371982,2025-06-09 05:32:12,42.399356842041,-8.92207145690918,"Male"
"9004160",371982,2025-06-09 05:37:12,42.3994522094727,-8.92211055755615,"Male"
"9004160",371982,2025-06-09 05:42:17,42.3993835449219,-8.92202758789062,"Male"
"9004160",371982,2025-06-09 05:47:26,42.3992080688477,-8.92175579071045,"Male"
"9004160",371982,2025-06-09 05:52:13,42.3992462158203,-8.92176055908203,"Male"
"9004160",371982,2025-06-09 05:57:25,42.3992767333984,-8.92186737060547,"Male"
"9004160",371982,2025-06-09 06:02:25,42.3992385864258,-8.92171001434326,"Male"
"9004160",371982,2025-06-09 06:07:32,42.3992195129395,-8.92213535308838,"Male"
"9004160",371982,2025-06-09 06:12:13,42.399341583252,-8.92201900482178,"Male"
"9004160",371982,2025-06-09 06:17:13,42.3991966247559,-8.92188167572021,"Male"
"9004160",371982,2025-06-09 06:22:13,42.399299621582,-8.92191505432129,"Male"
"9004160",371982,2025-06-09 06:27:35,42.3992729187012,-8.92196273803711,"Male"
"9004160",371982,2025-06-09 06:32:13,42.399284362793,-8.92189598083496,"Male"
"9004160",371982,2025-06-09 06:37:15,42.3992919921875,-8.92193412780762,"Male"
"9004160",371982,2025-06-09 06:42:16,42.399299621582,-8.92197227478027,"Male"
"9004160",371982,2025-06-09 06:47:24,42.3994636535645,-8.921875,"Male"
"9004160",371982,2025-06-09 06:52:19,42.3993186950684,-8.92189025878906,"Male"
"9004160",371982,2025-06-09 06:57:24,42.3995018005371,-8.92185020446777,"Male"
"9004160",371982,2025-06-09 07:02:18,42.3995742797852,-8.92191505432129,"Male"
"9004160",371982,2025-06-09 07:07:29,42.3994178771973,-8.92192363739014,"Male"
"9004160",371982,2025-06-09 07:12:43,42.3993301391602,-8.92198371887207,"Male"
"9004160",371982,2025-06-09 07:17:13,42.3993721008301,-8.92219924926758,"Male"
"9004160",371982,2025-06-09 07:23:08,42.4002799987793,-8.9224967956543,"Male"
"9004160",371982,2025-06-09 07:27:12,42.4004821777344,-8.92064476013184,"Male"
"9004160",371982,2025-06-09 07:32:13,42.4014930725098,-8.91983318328857,"Male"
"9004160",371982,2025-06-09 07:37:12,42.4089660644531,-8.92045116424561,"Male"
"9004160",371982,2025-06-09 07:42:13,42.4419174194336,-8.92664813995361,"Male"
"9004160",371982,2025-06-09 07:47:26,42.4538192749023,-8.93560028076172,"Male"
"9004160",371982,2025-06-09 07:52:27,42.4537887573242,-8.9355993270874,"Male"
"9004160",371982,2025-06-09 07:57:26,42.4537811279297,-8.9354829788208,"Male"
"9004160",371982,2025-06-09 08:02:35,42.4674377441406,-8.9448299407959,"Male"
"9004160",371982,2025-06-09 08:07:13,42.4674263000488,-8.94449424743652,"Male"
"9004160",371982,2025-06-09 08:12:13,42.4824829101562,-8.93276882171631,"Male"
"9004160",371982,2025-06-09 08:17:13,42.4950981140137,-8.89237689971924,"Male"
"9004160",371982,2025-06-09 08:22:14,42.5092735290527,-8.84942817687988,"Male"
"9004160",371982,2025-06-09 08:27:15,42.517650604248,-8.82909774780273,"Male"
"9004160",371982,2025-06-09 08:32:15,42.5175514221191,-8.8284387588501,"Male"
"9004160",371982,2025-06-09 08:37:30,42.5178413391113,-8.82727432250977,"Male"
"9004160",371982,2025-06-09 08:44:02,42.5185432434082,-8.83061218261719,"Male"
"9004160",371982,2025-06-09 08:50:37,42.5176811218262,-8.82905769348145,"Male"
"9004160",371982,2025-06-09 08:55:39,42.5176010131836,-8.82925224304199,"Male"
"9004160",371982,2025-06-09 09:00:39,42.5175895690918,-8.82923126220703,"Male"
"9004160",371982,2025-06-09 09:05:39,42.5175857543945,-8.82920551300049,"Male"
"9004160",371982,2025-06-09 09:10:39,42.5175819396973,-8.82925605773926,"Male"
"9004160",371982,2025-06-09 09:15:39,42.5175323486328,-8.82925701141357,"Male"
"9004160",371982,2025-06-09 09:20:34,42.5176124572754,-8.82936859130859,"Male"
"9004160",371982,2025-06-09 09:25:39,42.5175819396973,-8.82928466796875,"Male"
"9004160",371982,2025-06-09 09:30:36,42.5175895690918,-8.82929611206055,"Male"
"9004160",371982,2025-06-09 09:35:39,42.5176200866699,-8.82922744750977,"Male"
"9004160",371982,2025-06-09 09:40:39,42.5176200866699,-8.82931995391846,"Male"
"9004160",371982,2025-06-09 09:45:39,42.5176391601562,-8.82929420471191,"Male"
"9004160",371982,2025-06-09 09:50:39,42.5177040100098,-8.82921409606934,"Male"
"9004160",371982,2025-06-09 09:55:39,42.5176315307617,-8.82931423187256,"Male"
"9004160",371982,2025-06-09 10:00:40,42.517650604248,-8.82930183410645,"Male"
"9004160",371982,2025-06-09 10:05:33,42.5176811218262,-8.82933235168457,"Male"
"9004160",371982,2025-06-09 10:10:32,42.5176620483398,-8.8293285369873,"Male"
"9004160",371982,2025-06-09 10:15:33,42.5176200866699,-8.82938766479492,"Male"
"9004160",371982,2025-06-09 10:20:33,42.5176658630371,-8.82930469512939,"Male"
"9004160",371982,2025-06-09 10:25:37,42.5174827575684,-8.82931995391846,"Male"
"9004160",371982,2025-06-09 10:30:33,42.5176391601562,-8.82932949066162,"Male"
"9004160",371982,2025-06-09 10:35:32,42.5176696777344,-8.82933712005615,"Male"
"9004160",371982,2025-06-09 10:41:00,42.5180397033691,-8.82906627655029,"Male"
"9004160",371982,2025-06-09 10:46:39,42.5182876586914,-8.82925987243652,"Male"
"9004160",371982,2025-06-09 10:54:48,42.5165367126465,-8.8274040222168,"Male"
"9004160",371982,2025-06-09 11:00:10,42.5172996520996,-8.82816314697266,"Male"
"9004160",371982,2025-06-09 11:05:33,42.5165672302246,-8.82786083221436,"Male"
"9004160",371982,2025-06-09 11:10:25,42.5168571472168,-8.82582855224609,"Male"
"9004160",371982,2025-06-09 11:15:26,42.5167770385742,-8.82598209381104,"Male"
"9004160",371982,2025-06-09 11:20:26,42.5170364379883,-8.82552242279053,"Male"
"9004160",371982,2025-06-09 11:25:26,42.5172309875488,-8.82518100738525,"Male"
"9004160",371982,2025-06-09 11:30:44,42.5168762207031,-8.82592105865479,"Male"
"9004160",371982,2025-06-09 11:35:27,42.5167770385742,-8.82601928710938,"Male"
"9004160",371982,2025-06-09 11:40:29,42.5169143676758,-8.82591247558594,"Male"
"9004160",371982,2025-06-09 11:45:27,42.516975402832,-8.82586193084717,"Male"
"9004160",371982,2025-06-09 11:50:27,42.5168151855469,-8.82586002349854,"Male"
"9004160",371982,2025-06-09 11:55:27,42.517017364502,-8.82555389404297,"Male"
"9004160",371982,2025-06-09 12:00:29,42.5168151855469,-8.82610607147217,"Male"
"9004160",371982,2025-06-09 12:05:34,42.5169143676758,-8.82591724395752,"Male"
"9004160",371982,2025-06-09 12:10:31,42.5168914794922,-8.82587909698486,"Male"
"9004160",371982,2025-06-09 12:15:45,42.5168037414551,-8.82588195800781,"Male"
"9004160",371982,2025-06-09 12:20:26,42.5168876647949,-8.82576847076416,"Male"
"9004160",371982,2025-06-09 12:25:29,42.5170478820801,-8.8257884979248,"Male"
"9004160",371982,2025-06-09 12:30:37,42.5168190002441,-8.82575035095215,"Male"
"9004160",371982,2025-06-09 12:35:31,42.5169982910156,-8.82568264007568,"Male"
"9004160",371982,2025-06-09 12:40:44,42.516731262207,-8.82584381103516,"Male"
"9004160",371982,2025-06-09 12:45:28,42.5167045593262,-8.82582378387451,"Male"
"9004160",371982,2025-06-09 12:50:28,42.5166969299316,-8.82585048675537,"Male"
"9004160",371982,2025-06-09 12:55:37,42.5167198181152,-8.82587909698486,"Male"
"9004160",371982,2025-06-09 13:00:30,42.5167617797852,-8.82575130462646,"Male"
"9004160",371982,2025-06-09 13:05:44,42.5167541503906,-8.82580280303955,"Male"
"9004160",371982,2025-06-09 13:10:26,42.5167541503906,-8.82578563690186,"Male"
"9004160",371982,2025-06-09 13:15:29,42.5166091918945,-8.82584953308105,"Male"
"9004160",371982,2025-06-09 13:21:07,42.517520904541,-8.82458114624023,"Male"
"9004160",371982,2025-06-09 13:27:13,42.518611907959,-8.82266235351562,"Male"
"9004160",371982,2025-06-09 13:34:16,42.5188255310059,-8.82186794281006,"Male"
"9004160",371982,2025-06-09 13:41:59,42.5184173583984,-8.82075214385986,"Male"
"9004160",371982,2025-06-09 13:47:36,42.517448425293,-8.82402324676514,"Male"
"9004160",371982,2025-06-09 13:52:48,42.5167694091797,-8.82556629180908,"Male"
"9004160",371982,2025-06-09 13:57:35,42.5167541503906,-8.82562255859375,"Male"
"9004160",371982,2025-06-09 14:02:31,42.5172462463379,-8.82688903808594,"Male"
"9004160",371982,2025-06-09 14:07:43,42.5167961120605,-8.82568645477295,"Male"
"9004160",371982,2025-06-09 14:12:31,42.5166206359863,-8.82546615600586,"Male"
"9004160",371982,2025-06-09 14:17:29,42.516788482666,-8.82588291168213,"Male"
"9004160",371982,2025-06-09 14:22:29,42.5168647766113,-8.82588481903076,"Male"
"9004160",371982,2025-06-09 14:27:23,42.516674041748,-8.82767581939697,"Male"
"9004160",371982,2025-06-09 14:32:53,42.5168685913086,-8.82585430145264,"Male"
"9004160",371982,2025-06-09 14:37:23,42.5168342590332,-8.8258638381958,"Male"
"9004160",371982,2025-06-09 14:42:23,42.5169639587402,-8.82594394683838,"Male"
"9004160",371982,2025-06-09 14:47:23,42.5169372558594,-8.82590579986572,"Male"
"9004160",371982,2025-06-09 14:52:23,42.5168571472168,-8.82591342926025,"Male"
"9004160",371982,2025-06-09 14:57:23,42.5168533325195,-8.82572078704834,"Male"
"9004160",371982,2025-06-09 15:02:23,42.5168609619141,-8.82577133178711,"Male"
"9004160",371982,2025-06-09 15:07:23,42.5169258117676,-8.82590103149414,"Male"
"9004160",371982,2025-06-09 15:12:25,42.5168914794922,-8.82571315765381,"Male"
"9004160",371982,2025-06-09 15:17:23,42.516902923584,-8.82582092285156,"Male"
"9004160",371982,2025-06-09 15:22:28,42.5168724060059,-8.82584285736084,"Male"
"9004160",371982,2025-06-09 15:27:25,42.5169715881348,-8.82596111297607,"Male"
"9004160",371982,2025-06-09 15:32:44,42.5168495178223,-8.82579898834229,"Male"
"9004160",371982,2025-06-09 15:37:23,42.516773223877,-8.82575225830078,"Male"
"9004160",371982,2025-06-09 15:42:23,42.5167770385742,-8.82574272155762,"Male"
"9004160",371982,2025-06-09 15:47:23,42.5168800354004,-8.82560443878174,"Male"
"9004160",371982,2025-06-09 15:53:32,42.517765045166,-8.82725524902344,"Male"
"9004160",371982,2025-06-09 15:58:57,42.5168647766113,-8.82686328887939,"Male"
"9004160",371982,2025-06-09 16:04:04,42.5165824890137,-8.82771873474121,"Male"
"9004160",371982,2025-06-09 16:09:36,42.5175094604492,-8.82838439941406,"Male"
"9004160",371982,2025-06-09 16:16:12,42.5193061828613,-8.82992744445801,"Male"
"9004160",371982,2025-06-09 16:21:09,42.5203056335449,-8.8295726776123,"Male"
"9004160",371982,2025-06-09 16:26:09,42.5201072692871,-8.8289041519165,"Male"
"9004160",371982,2025-06-09 16:31:35,42.5203666687012,-8.82967472076416,"Male"
"9004160",371982,2025-06-09 16:36:19,42.5203666687012,-8.82968807220459,"Male"
"9004160",371982,2025-06-09 16:41:06,42.5203514099121,-8.82966709136963,"Male"
"9004160",371982,2025-06-09 16:46:06,42.5204124450684,-8.82957935333252,"Male"
"9004160",371982,2025-06-09 16:51:07,42.5203285217285,-8.82961654663086,"Male"
"9004160",371982,2025-06-09 16:56:06,42.5204086303711,-8.82985782623291,"Male"
"9004160",371982,2025-06-09 17:01:06,42.5203628540039,-8.82962608337402,"Male"
"9004160",371982,2025-06-09 17:06:06,42.5203819274902,-8.82967853546143,"Male"
"9004160",371982,2025-06-09 17:11:06,42.5204277038574,-8.82960605621338,"Male"
"9004160",371982,2025-06-09 17:16:06,42.5203971862793,-8.8296365737915,"Male"
"9004160",371982,2025-06-09 17:21:07,42.5204200744629,-8.82962131500244,"Male"
"9004160",371982,2025-06-09 17:26:11,42.5216178894043,-8.82985401153564,"Male"
"9004160",371982,2025-06-09 17:31:21,42.5229530334473,-8.83032894134521,"Male"
"9004160",371982,2025-06-09 17:36:50,42.5237655639648,-8.83054256439209,"Male"
"9004160",371982,2025-06-09 17:42:18,42.5227737426758,-8.83228969573975,"Male"
"9004160",371982,2025-06-09 17:47:18,42.5223159790039,-8.83375453948975,"Male"
"9004160",371982,2025-06-09 17:52:15,42.5227394104004,-8.83422183990479,"Male"
"9004160",371982,2025-06-09 17:57:15,42.5232849121094,-8.83441352844238,"Male"
"9004160",371982,2025-06-09 18:02:17,42.5239562988281,-8.83662223815918,"Male"
"9004160",371982,2025-06-09 18:07:15,42.5262260437012,-8.84720993041992,"Male"
"9004160",371982,2025-06-09 18:12:18,42.5261459350586,-8.84707450866699,"Male"
"9004160",371982,2025-06-09 18:17:16,42.526123046875,-8.84706783294678,"Male"
"9004160",371982,2025-06-09 18:22:30,42.5261993408203,-8.84718704223633,"Male"
"9004160",371982,2025-06-09 18:27:21,42.5261116027832,-8.84708213806152,"Male"
"9004160",371982,2025-06-09 18:32:16,42.5261383056641,-8.84725379943848,"Male"
"9004160",371982,2025-06-09 18:37:17,42.5260429382324,-8.84698677062988,"Male"
"9004160",371982,2025-06-09 18:42:18,42.525993347168,-8.8470344543457,"Male"
"9004160",371982,2025-06-09 18:47:16,42.5260276794434,-8.84716510772705,"Male"
"9004160",371982,2025-06-09 18:52:19,42.5259056091309,-8.84721851348877,"Male"
"9004160",371982,2025-06-09 18:57:18,42.5258178710938,-8.84718704223633,"Male"
"9004160",371982,2025-06-09 19:02:19,42.5258674621582,-8.84723663330078,"Male"
"9004160",371982,2025-06-09 19:07:16,42.5259704589844,-8.84738540649414,"Male"
"9004160",371982,2025-06-09 19:12:16,42.5260238647461,-8.84787464141846,"Male"
"9004160",371982,2025-06-09 19:17:17,42.5250129699707,-8.85036087036133,"Male"
"9004160",371982,2025-06-09 19:22:17,42.525203704834,-8.85054492950439,"Male"
"9004160",371982,2025-06-09 19:27:21,42.5232772827148,-8.8557767868042,"Male"
"9004160",371982,2025-06-09 19:32:21,42.4977493286133,-8.89216423034668,"Male"
"9004160",371982,2025-06-09 19:37:22,42.4790840148926,-8.93973159790039,"Male"
"9004160",371982,2025-06-09 19:42:35,42.4341812133789,-8.93977546691895,"Male"
"9004160",371982,2025-06-09 19:47:16,42.4001388549805,-8.92163467407227,"Male"
"9004160",371982,2025-06-09 19:52:29,42.3992614746094,-8.92201805114746,"Male"
"9004160",371982,2025-06-09 19:57:44,42.399112701416,-8.92189407348633,"Male"
"9004160",371982,2025-06-09 20:02:16,42.3991355895996,-8.92190074920654,"Male"
"9004160",371982,2025-06-09 20:07:16,42.3988761901855,-8.92138767242432,"Male"
"9004160",371982,2025-06-09 20:12:16,42.3988838195801,-8.92129611968994,"Male"
"9004160",371982,2025-06-09 20:17:15,42.3988037109375,-8.92126083374023,"Male"
"9004160",371982,2025-06-09 20:22:22,42.3992080688477,-8.92179298400879,"Male"
"9004160",371982,2025-06-09 20:27:17,42.3991546630859,-8.92154598236084,"Male"
"9004160",371982,2025-06-09 20:32:16,42.3991241455078,-8.92165470123291,"Male"
"9004160",371982,2025-06-09 20:37:18,42.3992652893066,-8.92173290252686,"Male"
"9004160",371982,2025-06-09 20:42:16,42.3989868164062,-8.92170715332031,"Male"
"9004160",371982,2025-06-09 20:47:35,42.3993225097656,-8.92208290100098,"Male"
"9004160",371982,2025-06-09 20:52:25,42.3993263244629,-8.92210960388184,"Male"
"9004160",371982,2025-06-09 20:57:21,42.3993034362793,-8.92210865020752,"Male"
"9004160",371982,2025-06-09 21:02:21,42.3993072509766,-8.9221134185791,"Male"
"9004160",371982,2025-06-09 21:07:18,42.3994255065918,-8.9221019744873,"Male"
"9004160",371982,2025-06-09 21:12:21,42.3992500305176,-8.92199611663818,"Male"
"9004160",371982,2025-06-09 21:17:16,42.3992919921875,-8.92204666137695,"Male"
"9004160",371982,2025-06-09 21:22:21,42.3993110656738,-8.92210388183594,"Male"
"9004160",371982,2025-06-09 21:27:22,42.3993263244629,-8.92201042175293,"Male"
"9004160",371982,2025-06-09 21:32:17,42.3993682861328,-8.92223358154297,"Male"
"9004160",371982,2025-06-09 21:37:35,42.3993072509766,-8.92187404632568,"Male"
"9004160",371982,2025-06-09 21:42:16,42.3993873596191,-8.9219217300415,"Male"
"9004160",371982,2025-06-09 21:47:17,42.3992042541504,-8.92140674591064,"Male"
"9004160",371982,2025-06-09 21:52:16,42.3993263244629,-8.92188739776611,"Male"
"9004160",371982,2025-06-09 21:57:15,42.3993186950684,-8.92191410064697,"Male"
"9004160",371982,2025-06-09 22:02:16,42.399341583252,-8.92200756072998,"Male"
"9004160",371982,2025-06-09 22:07:16,42.3992652893066,-8.92195510864258,"Male"
"9004160",371982,2025-06-09 22:12:16,42.3993453979492,-8.92197608947754,"Male"
"9004160",371982,2025-06-09 22:17:16,42.3993377685547,-8.92181587219238,"Male"
"9004160",371982,2025-06-09 22:22:25,42.3993988037109,-8.92196273803711,"Male"
"9004160",371982,2025-06-09 22:27:25,42.3993797302246,-8.9219217300415,"Male"
"9004160",371982,2025-06-09 22:32:26,42.3993034362793,-8.92194747924805,"Male"
"9004160",371982,2025-06-09 22:37:44,42.3993492126465,-8.92192363739014,"Male"
"9004160",371982,2025-06-09 22:42:19,42.3993797302246,-8.92190456390381,"Male"
"9004160",371982,2025-06-09 22:47:16,42.3995018005371,-8.92217254638672,"Male"
"9004160",371982,2025-06-09 22:52:18,42.3992729187012,-8.92211532592773,"Male"
"9004160",371982,2025-06-09 22:57:17,42.3994369506836,-8.92237758636475,"Male"
"9004160",371982,2025-06-09 23:02:22,42.398738861084,-8.92183589935303,"Male"
"9004160",371982,2025-06-09 23:07:20,42.3989028930664,-8.92209720611572,"Male"
"9004160",371982,2025-06-09 23:12:24,42.3990898132324,-8.92200088500977,"Male"
"9004160",371982,2025-06-09 23:17:15,42.3991012573242,-8.92207336425781,"Male"
"9004160",371982,2025-06-09 23:22:17,42.3996963500977,-8.92241382598877,"Male"
"9004160",371982,2025-06-09 23:27:21,42.3992767333984,-8.92193794250488,"Male"
"9004160",371982,2025-06-09 23:32:21,42.3992538452148,-8.92190170288086,"Male"
"9004160",371982,2025-06-09 23:37:18,42.3993301391602,-8.92198848724365,"Male"
"9004160",371982,2025-06-09 23:42:18,42.3992614746094,-8.92201232910156,"Male"
"9004160",371982,2025-06-09 23:47:22,42.3992576599121,-8.9219856262207,"Male"
"9004160",371982,2025-06-09 23:52:35,42.3992691040039,-8.92188930511475,"Male"
"9004160",371982,2025-06-09 23:57:18,42.3992729187012,-8.92191123962402,"Male"
"9004160",371982,2025-06-10 00:02:15,42.3992385864258,-8.92192554473877,"Male"
"9004160",371982,2025-06-10 00:07:22,42.3993492126465,-8.92194271087646,"Male"
"9004160",371982,2025-06-10 00:12:22,42.3993644714355,-8.92185592651367,"Male"
"9004160",371982,2025-06-10 00:17:31,42.3992691040039,-8.9220142364502,"Male"
"9004160",371982,2025-06-10 00:22:21,42.3992881774902,-8.92202186584473,"Male"
"9004160",371982,2025-06-10 00:27:19,42.3992881774902,-8.92203903198242,"Male"
"9004160",371982,2025-06-10 00:32:21,42.3993263244629,-8.92197704315186,"Male"
"9004160",371982,2025-06-10 00:37:18,42.3993072509766,-8.92180442810059,"Male"
"9004160",371982,2025-06-10 00:42:17,42.3993339538574,-8.92223739624023,"Male"
"9004160",371982,2025-06-10 00:47:18,42.3992195129395,-8.92218780517578,"Male"
"9004160",371982,2025-06-10 00:52:19,42.3993034362793,-8.92187309265137,"Male"
"9004160",371982,2025-06-10 00:57:18,42.3992958068848,-8.92198276519775,"Male"
"9004160",371982,2025-06-10 01:02:18,42.3992462158203,-8.92212581634521,"Male"
"9004160",371982,2025-06-10 01:07:35,42.3993225097656,-8.92187976837158,"Male"
"9004160",371982,2025-06-10 01:12:15,42.3993377685547,-8.92193984985352,"Male"
"9004160",371982,2025-06-10 01:17:15,42.3993339538574,-8.92193794250488,"Male"
"9004160",371982,2025-06-10 01:22:15,42.3993530273438,-8.92195796966553,"Male"
"9004160",371982,2025-06-10 01:27:17,42.3994178771973,-8.92189407348633,"Male"
"9004160",371982,2025-06-10 01:32:17,42.3993606567383,-8.92196655273438,"Male"
"9004160",371982,2025-06-10 01:37:15,42.3994255065918,-8.9219388961792,"Male"
"9004160",371982,2025-06-10 01:42:17,42.3993721008301,-8.92206382751465,"Male"
"9004160",371982,2025-06-10 01:47:35,42.3993339538574,-8.92192268371582,"Male"
"9004160",371982,2025-06-10 01:52:15,42.3993682861328,-8.92190742492676,"Male"
"9004160",371982,2025-06-10 01:57:15,42.3993301391602,-8.92201709747314,"Male"
"9004160",371982,2025-06-10 02:02:35,42.3993339538574,-8.92190551757812,"Male"
"9004160",371982,2025-06-10 02:07:21,42.3992576599121,-8.92181491851807,"Male"
"9004160",371982,2025-06-10 02:13:35,42.3993873596191,-8.92192840576172,"Male"
"9004160",371982,2025-06-10 02:17:16,42.3991317749023,-8.92164707183838,"Male"
"9004160",371982,2025-06-10 02:22:17,42.3996086120605,-8.9221887588501,"Male"
"9004160",371982,2025-06-10 02:27:18,42.3996429443359,-8.92229270935059,"Male"
"9004160",371982,2025-06-10 02:32:21,42.3991775512695,-8.92182064056396,"Male"
"9004160",371982,2025-06-10 02:37:22,42.3991012573242,-8.9218225479126,"Male"
"9004160",371982,2025-06-10 02:42:22,42.3990783691406,-8.9218692779541,"Male"
"9004160",371982,2025-06-10 02:48:39,42.3991622924805,-8.9218635559082,"Male"
"9004160",371982,2025-06-10 02:52:17,42.3992691040039,-8.92187309265137,"Male"
"9004160",371982,2025-06-10 02:57:22,42.3993034362793,-8.92189598083496,"Male"
"9004160",371982,2025-06-10 03:02:22,42.3993644714355,-8.92193412780762,"Male"
"9004160",371982,2025-06-10 03:07:21,42.3992691040039,-8.92195129394531,"Male"
"9004160",371982,2025-06-10 03:12:19,42.3992614746094,-8.92193031311035,"Male"
"9004160",371982,2025-06-10 03:17:18,42.3994636535645,-8.92213916778564,"Male"
"9004160",371982,2025-06-10 03:22:21,42.3993225097656,-8.9219331741333,"Male"
"9004160",371982,2025-06-10 03:27:24,42.3994827270508,-8.92202568054199,"Male"
"9004160",371982,2025-06-10 03:32:21,42.3993453979492,-8.92196750640869,"Male"
"9004160",371982,2025-06-10 03:37:24,42.3993721008301,-8.92198944091797,"Male"
"9004160",371982,2025-06-10 03:42:23,42.3993835449219,-8.92200565338135,"Male"
"9004160",371982,2025-06-10 03:47:35,42.3993530273438,-8.92199230194092,"Male"
"9004160",371982,2025-06-10 03:52:15,42.3992652893066,-8.92186164855957,"Male"
"9004160",371982,2025-06-10 03:57:15,42.3992156982422,-8.92185306549072,"Male"
"9004160",371982,2025-06-10 04:02:15,42.3993721008301,-8.92191505432129,"Male"
"9004160",371982,2025-06-10 04:07:15,42.3992233276367,-8.92186832427979,"Male"
"9004160",371982,2025-06-10 04:12:15,42.3992500305176,-8.92189121246338,"Male"
"9004160",371982,2025-06-10 04:17:15,42.3994102478027,-8.9219217300415,"Male"
"9004160",371982,2025-06-10 04:22:23,42.3992805480957,-8.9221658706665,"Male"
"9004160",371982,2025-06-10 04:27:17,42.3994598388672,-8.92208766937256,"Male"
"9004160",371982,2025-06-10 04:32:19,42.3993453979492,-8.92198944091797,"Male"
"9004160",371982,2025-06-10 04:37:44,42.3993606567383,-8.92193031311035,"Male"
"9004160",371982,2025-06-10 04:42:22,42.3992500305176,-8.92200565338135,"Male"
"9004160",371982,2025-06-10 04:47:18,42.3991737365723,-8.92185497283936,"Male"
"9004160",371982,2025-06-10 04:52:26,42.3991737365723,-8.92201709747314,"Male"
"9004160",371982,2025-06-10 04:57:19,42.3993606567383,-8.92197608947754,"Male"
"9004160",371982,2025-06-10 05:02:24,42.399284362793,-8.92203521728516,"Male"
"9004160",371982,2025-06-10 05:07:43,42.3992958068848,-8.92198181152344,"Male"
"9004160",371982,2025-06-10 05:12:17,42.3991012573242,-8.9216251373291,"Male"
"9004160",371982,2025-06-10 05:17:22,42.3993492126465,-8.92198753356934,"Male"
"9004160",371982,2025-06-10 05:22:15,42.3994598388672,-8.9222583770752,"Male"
"9004160",371982,2025-06-10 05:27:22,42.3992805480957,-8.92201519012451,"Male"
"9004160",371982,2025-06-10 05:32:53,42.3991928100586,-8.92197513580322,"Male"
"9004160",371982,2025-06-10 05:37:26,42.3992233276367,-8.92196750640869,"Male"
"9004160",371982,2025-06-10 05:42:15,42.3992538452148,-8.9219913482666,"Male"
"9004160",371982,2025-06-10 05:47:26,42.3992309570312,-8.92200565338135,"Male"
"9004160",371982,2025-06-10 05:52:45,42.3992614746094,-8.92193603515625,"Male"
"9004160",371982,2025-06-10 05:57:15,42.3991203308105,-8.92172241210938,"Male"
"9004160",371982,2025-06-10 06:02:15,42.3992805480957,-8.92203807830811,"Male"
"9004160",371982,2025-06-10 06:07:24,42.3993263244629,-8.92190551757812,"Male"
"9004160",371982,2025-06-10 06:12:15,42.3994903564453,-8.92211246490479,"Male"
"9004160",371982,2025-06-10 06:17:16,42.3991165161133,-8.92177200317383,"Male"
"9004160",371982,2025-06-10 06:22:26,42.3990669250488,-8.92191505432129,"Male"
"9004160",371982,2025-06-10 06:27:15,42.3992042541504,-8.92187118530273,"Male"
"9004160",371982,2025-06-10 06:32:15,42.3990859985352,-8.92178344726562,"Male"
"9004160",371982,2025-06-10 06:37:15,42.3992156982422,-8.92190933227539,"Male"
"9004160",371982,2025-06-10 06:42:16,42.3991737365723,-8.921799659729,"Male"
"9004160",371982,2025-06-10 06:47:16,42.3992385864258,-8.92184448242188,"Male"
"9004160",371982,2025-06-10 06:52:15,42.3992919921875,-8.92180347442627,"Male"
"9004160",371982,2025-06-10 06:57:31,42.3993949890137,-8.92198848724365,"Male"
"9004160",371982,2025-06-10 07:02:16,42.3993148803711,-8.92179870605469,"Male"
"9004160",371982,2025-06-10 07:07:16,42.3993682861328,-8.92196846008301,"Male"
"9004160",371982,2025-06-10 07:12:30,42.3993530273438,-8.92193031311035,"Male"
"9004160",371982,2025-06-10 07:17:21,42.3994026184082,-8.92191123962402,"Male"
"9004160",371982,2025-06-10 07:22:21,42.3994026184082,-8.92193508148193,"Male"
"9004160",371982,2025-06-10 07:27:31,42.3993453979492,-8.9219388961792,"Male"
"9004160",371982,2025-06-10 07:32:41,42.3993606567383,-8.9219388961792,"Male"
"9004160",371982,2025-06-10 07:37:16,42.3993606567383,-8.92230415344238,"Male"
"9004160",371982,2025-06-10 07:42:15,42.3993949890137,-8.92209243774414,"Male"
"9004160",371982,2025-06-10 07:47:15,42.3993835449219,-8.92226314544678,"Male"
"9004160",371982,2025-06-10 07:52:15,42.3993835449219,-8.92212677001953,"Male"
"9004160",371982,2025-06-10 07:57:15,42.402099609375,-8.92246055603027,"Male"
"9004160",371982,2025-06-10 08:02:16,42.434139251709,-8.90389633178711,"Male"
"9004160",371982,2025-06-10 08:07:15,42.4605445861816,-8.94289016723633,"Male"
"9004160",371982,2025-06-10 08:12:17,42.4674263000488,-8.94478988647461,"Male"
"9004160",371982,2025-06-10 08:17:16,42.4675827026367,-8.94556713104248,"Male"
"9004160",371982,2025-06-10 08:22:17,42.467456817627,-8.94513893127441,"Male"
"9004160",371982,2025-06-10 08:27:15,42.4675750732422,-8.94548988342285,"Male"
"9004160",371982,2025-06-10 08:32:17,42.4696235656738,-8.94406127929688,"Male"
"9004160",371982,2025-06-10 08:37:17,42.4984703063965,-8.89642429351807,"Male"
"9004160",371982,2025-06-10 08:42:16,42.5086822509766,-8.88016033172607,"Male"
"9004160",371982,2025-06-10 08:54:24,42.5099601745605,-8.87861442565918,"Male"
"9004160",371982,2025-06-10 08:59:24,42.5108680725098,-8.87911796569824,"Male"
"9004160",371982,2025-06-10 09:04:25,42.5123291015625,-8.87730407714844,"Male"
"9004160",371982,2025-06-10 09:09:24,42.5136222839355,-8.87470531463623,"Male"
"9004160",371982,2025-06-10 09:14:28,42.514591217041,-8.87203311920166,"Male"
"9004160",371982,2025-06-10 09:19:55,42.5166473388672,-8.86892223358154,"Male"
"9004160",371982,2025-06-10 09:24:53,42.5171928405762,-8.86826992034912,"Male"
"9004160",371982,2025-06-10 09:29:51,42.5171775817871,-8.86871528625488,"Male"
"9004160",371982,2025-06-10 09:34:51,42.5172386169434,-8.8686580657959,"Male"
"9004160",371982,2025-06-10 09:39:51,42.5172653198242,-8.86870765686035,"Male"
"9004160",371982,2025-06-10 09:44:52,42.5173797607422,-8.8685131072998,"Male"
"9004160",371982,2025-06-10 09:49:53,42.5172157287598,-8.86871147155762,"Male"
"9004160",371982,2025-06-10 09:54:58,42.5173072814941,-8.86832046508789,"Male"
"9004160",371982,2025-06-10 10:00:15,42.5172233581543,-8.86840438842773,"Male"
"9004160",371982,2025-06-10 10:04:49,42.5172348022461,-8.86841869354248,"Male"
"9004160",371982,2025-06-10 10:09:49,42.517204284668,-8.86841583251953,"Male"
"9004160",371982,2025-06-10 10:14:49,42.5172309875488,-8.86844539642334,"Male"
"9004160",371982,2025-06-10 10:19:49,42.5172271728516,-8.8684663772583,"Male"
"9004160",371982,2025-06-10 10:24:53,42.517204284668,-8.86849689483643,"Male"
"9004160",371982,2025-06-10 10:29:53,42.5172958374023,-8.86841869354248,"Male"
"9004160",371982,2025-06-10 10:34:49,42.5172500610352,-8.86842346191406,"Male"
"9004160",371982,2025-06-10 10:39:49,42.5171813964844,-8.86843585968018,"Male"
"9004160",371982,2025-06-10 10:44:49,42.5172080993652,-8.86837005615234,"Male"
"9004160",371982,2025-06-10 10:50:15,42.5172424316406,-8.86837959289551,"Male"
"9004160",371982,2025-06-10 10:54:49,42.517219543457,-8.8684024810791,"Male"
"9004160",371982,2025-06-10 10:59:57,42.5172729492188,-8.86836814880371,"Male"
"9004160",371982,2025-06-10 11:04:50,42.5172920227051,-8.86837100982666,"Male"
"9004160",371982,2025-06-10 11:09:50,42.5170440673828,-8.86811637878418,"Male"
"9004160",371982,2025-06-10 11:14:53,42.517204284668,-8.86823654174805,"Male"
"9004160",371982,2025-06-10 11:19:55,42.5172996520996,-8.86840438842773,"Male"
"9004160",371982,2025-06-10 11:24:50,42.5171966552734,-8.86851024627686,"Male"
"9004160",371982,2025-06-10 11:30:05,42.5171852111816,-8.8684720993042,"Male"
"9004160",371982,2025-06-10 11:35:56,42.5163917541504,-8.87030982971191,"Male"
"9004160",371982,2025-06-10 11:41:19,42.506778717041,-8.87303161621094,"Male"
"9004160",371982,2025-06-10 11:47:35,42.5066680908203,-8.87178897857666,"Male"
"9004160",371982,2025-06-10 11:52:09,42.5074996948242,-8.8720006942749,"Male"
"9004160",371982,2025-06-10 11:57:06,42.5080947875977,-8.85225296020508,"Male"
"9004160",371982,2025-06-10 12:02:35,42.5078582763672,-8.85262584686279,"Male"
"9004160",371982,2025-06-10 12:07:06,42.507869720459,-8.85265064239502,"Male"
"9004160",371982,2025-06-10 12:12:06,42.5111503601074,-8.84238433837891,"Male"
"9004160",371982,2025-06-10 12:17:33,42.5190277099609,-8.82181262969971,"Male"
"9004160",371982,2025-06-10 12:22:41,42.5187225341797,-8.82276153564453,"Male"
"9004160",371982,2025-06-10 12:27:39,42.5181198120117,-8.82323551177979,"Male"
"9004160",371982,2025-06-10 12:32:43,42.518856048584,-8.82286262512207,"Male"
"9004160",371982,2025-06-10 12:38:55,42.518497467041,-8.82251834869385,"Male"
"9004160",371982,2025-06-10 12:44:10,42.5180931091309,-8.82318210601807,"Male"
"9004160",371982,2025-06-10 12:49:39,42.5187797546387,-8.82390880584717,"Male"
"9004160",371982,2025-06-10 12:54:47,42.5191688537598,-8.8239049911499,"Male"
"9004160",371982,2025-06-10 12:59:58,42.5187797546387,-8.8230152130127,"Male"
"9004160",371982,2025-06-10 13:04:59,42.5190277099609,-8.82205867767334,"Male"
"9004160",371982,2025-06-10 13:10:24,42.5180854797363,-8.82397270202637,"Male"
"9004160",371982,2025-06-10 13:15:27,42.5169105529785,-8.82582473754883,"Male"
"9004160",371982,2025-06-10 13:20:25,42.5168876647949,-8.82584190368652,"Male"
"9004160",371982,2025-06-10 13:25:24,42.5168495178223,-8.82588481903076,"Male"
"9004160",371982,2025-06-10 13:30:26,42.5168609619141,-8.82579231262207,"Male"
"9004160",371982,2025-06-10 13:35:24,42.5168762207031,-8.82582759857178,"Male"
"9004160",371982,2025-06-10 13:40:25,42.516960144043,-8.82582759857178,"Male"
"9004160",371982,2025-06-10 13:45:25,42.5169067382812,-8.82580661773682,"Male"
"9004160",371982,2025-06-10 13:50:25,42.5169334411621,-8.82582187652588,"Male"
"9004160",371982,2025-06-10 13:55:25,42.5168647766113,-8.82582473754883,"Male"
"9004160",371982,2025-06-10 14:00:26,42.5168533325195,-8.82576084136963,"Male"
"9004160",371982,2025-06-10 14:05:26,42.5168609619141,-8.82578659057617,"Male"
"9004160",371982,2025-06-10 14:10:26,42.516902923584,-8.82577991485596,"Male"
"9004160",371982,2025-06-10 14:15:29,42.5168724060059,-8.82576751708984,"Male"
"9004160",371982,2025-06-10 14:20:25,42.5168266296387,-8.82577610015869,"Male"
"9004160",371982,2025-06-10 14:25:28,42.5169486999512,-8.82594871520996,"Male"
"9004160",371982,2025-06-10 14:30:46,42.5166625976562,-8.82614421844482,"Male"
"9004160",371982,2025-06-10 14:35:36,42.5168647766113,-8.82580757141113,"Male"
"9004160",371982,2025-06-10 14:40:44,42.5168037414551,-8.82588863372803,"Male"
"9004160",371982,2025-06-10 14:45:26,42.5166435241699,-8.82615756988525,"Male"
"9004160",371982,2025-06-10 14:50:26,42.517017364502,-8.82503986358643,"Male"
"9004160",371982,2025-06-10 14:55:26,42.5172538757324,-8.82429218292236,"Male"
"9004160",371982,2025-06-10 15:00:28,42.5171279907227,-8.82456207275391,"Male"
"9004160",371982,2025-06-10 15:05:33,42.5167694091797,-8.82565402984619,"Male"
"9004160",371982,2025-06-10 15:10:36,42.5168762207031,-8.82565212249756,"Male"
"9004160",371982,2025-06-10 15:15:39,42.5167503356934,-8.82579803466797,"Male"
"9004160",371982,2025-06-10 15:20:26,42.5168380737305,-8.82507705688477,"Male"
"9004160",371982,2025-06-10 15:25:48,42.5176544189453,-8.82416820526123,"Male"
"9004160",371982,2025-06-10 15:46:53,42.5167999267578,-8.82570457458496,"Male"
"9004160",371982,2025-06-10 15:51:03,42.5168571472168,-8.82590770721436,"Male"
"9004160",371982,2025-06-10 15:55:40,42.5168685913086,-8.82589912414551,"Male"
"9004160",371982,2025-06-10 16:00:40,42.5168495178223,-8.82589530944824,"Male"
"9004160",371982,2025-06-10 16:05:39,42.5168418884277,-8.82587051391602,"Male"
"9004160",371982,2025-06-10 16:11:05,42.5168418884277,-8.82590103149414,"Male"
"9004160",371982,2025-06-10 16:15:39,42.5167617797852,-8.82584857940674,"Male"
"9004160",371982,2025-06-10 16:20:39,42.5168228149414,-8.82587432861328,"Male"
"9004160",371982,2025-06-10 16:25:42,42.5168609619141,-8.82595539093018,"Male"
"9004160",371982,2025-06-10 16:30:40,42.5168151855469,-8.825852394104,"Male"
"9004160",371982,2025-06-10 16:35:39,42.5168304443359,-8.8256664276123,"Male"
"9004160",371982,2025-06-10 16:40:42,42.5169296264648,-8.82563781738281,"Male"
"9004160",371982,2025-06-10 16:45:39,42.5168380737305,-8.82590103149414,"Male"
"9004160",371982,2025-06-10 16:50:39,42.5168190002441,-8.82581233978271,"Male"
"9004160",371982,2025-06-10 16:55:40,42.5168609619141,-8.82579708099365,"Male"
"9004160",371982,2025-06-10 17:00:39,42.5168418884277,-8.82577037811279,"Male"
"9004160",371982,2025-06-10 17:05:40,42.5168418884277,-8.82575225830078,"Male"
"9004160",371982,2025-06-10 17:10:41,42.5168190002441,-8.82589817047119,"Male"
"9004160",371982,2025-06-10 17:16:05,42.5168190002441,-8.82578659057617,"Male"
"9004160",371982,2025-06-10 17:20:40,42.5168075561523,-8.8257942199707,"Male"
"9004160",371982,2025-06-10 17:25:41,42.5168876647949,-8.8258228302002,"Male"
"9004160",371982,2025-06-10 17:30:43,42.5168151855469,-8.82574653625488,"Male"
"9004160",371982,2025-06-10 17:35:50,42.5168495178223,-8.82579612731934,"Male"
"9004160",371982,2025-06-10 17:40:46,42.5168571472168,-8.825852394104,"Male"
"9004160",371982,2025-06-10 17:45:39,42.5168304443359,-8.8258228302002,"Male"
"9004160",371982,2025-06-10 17:50:39,42.5168228149414,-8.82580661773682,"Male"
"9004160",371982,2025-06-10 17:55:39,42.5168113708496,-8.82590770721436,"Male"
"9004160",371982,2025-06-10 18:00:56,42.51513671875,-8.8270206451416,"Male"
"9004160",371982,2025-06-10 18:06:31,42.5142211914062,-8.82637786865234,"Male"
"9004160",371982,2025-06-10 18:11:27,42.514274597168,-8.82858276367188,"Male"
"9004160",371982,2025-06-10 18:16:44,42.5176544189453,-8.82922267913818,"Male"
"9004160",371982,2025-06-10 18:21:44,42.5175857543945,-8.82923316955566,"Male"
"9004160",371982,2025-06-10 18:26:24,42.5175857543945,-8.829270362854,"Male"
"9004160",371982,2025-06-10 18:31:24,42.5175704956055,-8.82923316955566,"Male"
"9004160",371982,2025-06-10 18:36:24,42.517505645752,-8.8291072845459,"Male"
"9004160",371982,2025-06-10 18:41:27,42.5174980163574,-8.82923030853271,"Male"
"9004160",371982,2025-06-10 18:46:44,42.5176200866699,-8.82930850982666,"Male"
"9004160",371982,2025-06-10 18:51:24,42.5176315307617,-8.82921504974365,"Male"
"9004160",371982,2025-06-10 18:56:25,42.5176620483398,-8.8293285369873,"Male"
"9004160",371982,2025-06-10 19:01:27,42.5021934509277,-8.86119747161865,"Male"
"9004160",371982,2025-06-10 19:06:24,42.4950408935547,-8.90068435668945,"Male"
"9004160",371982,2025-06-10 19:11:24,42.4806442260742,-8.93654632568359,"Male"
"9004160",371982,2025-06-10 19:16:24,42.4805908203125,-8.93654441833496,"Male"
"9004160",371982,2025-06-10 19:21:24,42.4807014465332,-8.93659210205078,"Male"
"9004160",371982,2025-06-10 19:26:24,42.4483108520508,-8.94099807739258,"Male"
"9004160",371982,2025-06-10 19:31:56,42.4011421203613,-8.92190265655518,"Male"
"9004160",371982,2025-06-10 19:37:36,42.3993148803711,-8.92206954956055,"Male"
"9004160",371982,2025-06-10 19:42:49,42.3993721008301,-8.92198276519775,"Male"
"9004160",371982,2025-06-10 19:47:49,42.3993721008301,-8.92200469970703,"Male"
"9004160",371982,2025-06-10 19:51:25,42.3993873596191,-8.92221832275391,"Male"
"9004160",371982,2025-06-10 19:56:25,42.3995056152344,-8.92227935791016,"Male"
"9004160",371982,2025-06-10 20:01:27,42.399543762207,-8.92245006561279,"Male"
"9004160",371982,2025-06-10 20:06:41,42.3993606567383,-8.92195796966553,"Male"
"9004160",371982,2025-06-10 20:11:28,42.3993377685547,-8.92203712463379,"Male"
"9004160",371982,2025-06-10 20:16:26,42.3992958068848,-8.92218971252441,"Male"
"9004160",371982,2025-06-10 20:21:26,42.3992691040039,-8.92195415496826,"Male"
"9004160",371982,2025-06-10 20:26:24,42.3993721008301,-8.92207145690918,"Male"
"9004160",371982,2025-06-10 20:31:24,42.3993530273438,-8.92208766937256,"Male"
"9004160",371982,2025-06-10 20:36:24,42.3993606567383,-8.92208003997803,"Male"
"9004160",371982,2025-06-10 20:41:24,42.3992614746094,-8.92192554473877,"Male"
"9004160",371982,2025-06-10 20:46:25,42.399471282959,-8.92222595214844,"Male"
"9004160",371982,2025-06-10 20:51:27,42.3993110656738,-8.92195320129395,"Male"
"9004160",371982,2025-06-10 20:56:26,42.3992576599121,-8.92188453674316,"Male"
"9004160",371982,2025-06-10 21:01:27,42.3993721008301,-8.92191600799561,"Male"
"9004160",371982,2025-06-10 21:06:29,42.3992958068848,-8.92184257507324,"Male"
"9004160",371982,2025-06-10 21:11:28,42.3993530273438,-8.92203807830811,"Male"
"9004160",371982,2025-06-10 21:16:28,42.3993873596191,-8.92193794250488,"Male"
"9004160",371982,2025-06-10 21:21:26,42.3993492126465,-8.92201328277588,"Male"
"9004160",371982,2025-06-10 21:26:28,42.3993339538574,-8.92190837860107,"Male"
"9004160",371982,2025-06-10 21:31:24,42.3992919921875,-8.92192268371582,"Male"
"9004160",371982,2025-06-10 21:36:28,42.3994140625,-8.92201805114746,"Male"
"9004160",371982,2025-06-10 21:41:27,42.3993339538574,-8.92184734344482,"Male"
"9004160",371982,2025-06-10 21:46:36,42.3993225097656,-8.92197418212891,"Male"
"9004160",371982,2025-06-10 21:51:26,42.3991622924805,-8.92199420928955,"Male"
"9004160",371982,2025-06-10 21:56:26,42.3995399475098,-8.92210102081299,"Male"
"9004160",371982,2025-06-10 22:01:31,42.3993148803711,-8.92220687866211,"Male"
"9004160",371982,2025-06-10 22:06:28,42.3994522094727,-8.92208480834961,"Male"
"9004160",371982,2025-06-10 22:11:30,42.3995933532715,-8.92197895050049,"Male"
"9004160",371982,2025-06-10 22:16:37,42.399341583252,-8.92184257507324,"Male"
"9004160",371982,2025-06-10 22:21:44,42.3993110656738,-8.92189121246338,"Male"
"9004160",371982,2025-06-10 22:26:29,42.3993530273438,-8.92193603515625,"Male"
"9004160",371982,2025-06-10 22:31:36,42.3993263244629,-8.92194271087646,"Male"
"9004160",371982,2025-06-10 22:36:59,42.3993034362793,-8.92194080352783,"Male"
"9004160",371982,2025-06-10 22:41:25,42.3991737365723,-8.9219331741333,"Male"
"9004160",371982,2025-06-10 22:46:27,42.3996658325195,-8.92223930358887,"Male"
"9004160",371982,2025-06-10 22:51:26,42.3994636535645,-8.92209339141846,"Male"
"9004160",371982,2025-06-10 22:56:26,42.3994102478027,-8.9220609664917,"Male"
"9004160",371982,2025-06-10 23:01:26,42.3990821838379,-8.92229175567627,"Male"
"9004160",371982,2025-06-10 23:06:25,42.3993644714355,-8.92212390899658,"Male"
"9004160",371982,2025-06-10 23:11:27,42.3993453979492,-8.92209243774414,"Male"
"9004160",371982,2025-06-10 23:16:27,42.3994407653809,-8.92225646972656,"Male"
"9004160",371982,2025-06-10 23:21:28,42.3994598388672,-8.9221305847168,"Male"
"9004160",371982,2025-06-10 23:26:27,42.3992767333984,-8.9220027923584,"Male"
"9004160",371982,2025-06-10 23:31:27,42.3992538452148,-8.92201900482178,"Male"
"9004160",371982,2025-06-10 23:36:27,42.3994064331055,-8.92205333709717,"Male"
"9004160",371982,2025-06-10 23:41:26,42.3993682861328,-8.92203426361084,"Male"
"9004160",371982,2025-06-10 23:46:26,42.399471282959,-8.9221248626709,"Male"
"9004160",371982,2025-06-10 23:51:25,42.3994522094727,-8.92212581634521,"Male"
"9004160",371982,2025-06-10 23:56:26,42.3994102478027,-8.92209529876709,"Male"
"9004160",371982,2025-06-11 00:01:46,42.3992500305176,-8.92192077636719,"Male"
"9004160",371982,2025-06-11 00:06:31,42.3992500305176,-8.92191696166992,"Male"
"9004160",371982,2025-06-11 00:11:33,42.3993263244629,-8.92189788818359,"Male"
"9004160",371982,2025-06-11 00:16:37,42.3993301391602,-8.92182922363281,"Male"
"9004160",371982,2025-06-11 00:21:26,42.3992729187012,-8.92189598083496,"Male"
"9004160",371982,2025-06-11 00:26:37,42.3992385864258,-8.92186069488525,"Male"
"9004160",371982,2025-06-11 00:31:59,42.3992881774902,-8.9219217300415,"Male"
"9004160",371982,2025-06-11 00:36:31,42.3992614746094,-8.92202663421631,"Male"
"9004160",371982,2025-06-11 00:41:31,42.3992805480957,-8.92182445526123,"Male"
"9004160",371982,2025-06-11 00:46:30,42.3993797302246,-8.92185688018799,"Male"
"9004160",371982,2025-06-11 00:51:59,42.3993034362793,-8.92184925079346,"Male"
"9004160",371982,2025-06-11 00:56:26,42.3993148803711,-8.92171859741211,"Male"
"9004160",371982,2025-06-11 01:02:49,42.3992042541504,-8.92183780670166,"Male"
"9004160",371982,2025-06-11 01:07:35,42.3992919921875,-8.92185306549072,"Male"
"9004160",371982,2025-06-11 01:11:27,42.3992691040039,-8.92190170288086,"Male"
"9004160",371982,2025-06-11 01:16:27,42.3991584777832,-8.92177486419678,"Male"
"9004160",371982,2025-06-11 01:21:27,42.3991546630859,-8.92184066772461,"Male"
"9004160",371982,2025-06-11 01:26:27,42.3992538452148,-8.92180824279785,"Male"
"9004160",371982,2025-06-11 01:31:24,42.3993911743164,-8.92185688018799,"Male"
"9004160",371982,2025-06-11 01:36:24,42.3993949890137,-8.92195320129395,"Male"
"9004160",371982,2025-06-11 01:41:24,42.3994026184082,-8.92192649841309,"Male"
"9004160",371982,2025-06-11 01:46:25,42.3992462158203,-8.92183399200439,"Male"
"9004160",371982,2025-06-11 01:51:25,42.3992538452148,-8.92180633544922,"Male"
"9004160",371982,2025-06-11 01:56:33,42.3992729187012,-8.92188835144043,"Male"
"9004160",371982,2025-06-11 02:01:34,42.3992462158203,-8.92187881469727,"Male"
"9004160",371982,2025-06-11 02:06:27,42.399284362793,-8.92187118530273,"Male"
"9004160",371982,2025-06-11 02:11:50,42.3993263244629,-8.92190456390381,"Male"
"9004160",371982,2025-06-11 02:16:27,42.3992958068848,-8.92196750640869,"Male"
"9004160",371982,2025-06-11 02:21:25,42.3993263244629,-8.9218864440918,"Male"
"9004160",371982,2025-06-11 02:26:27,42.399040222168,-8.92183780670166,"Male"
"9004160",371982,2025-06-11 02:31:57,42.3991775512695,-8.92188549041748,"Male"
"9004160",371982,2025-06-11 02:36:24,42.3993263244629,-8.92200088500977,"Male"
"9004160",371982,2025-06-11 02:41:26,42.3991966247559,-8.9219388961792,"Male"
"9004160",371982,2025-06-11 02:46:27,42.398998260498,-8.92176342010498,"Male"
"9004160",371982,2025-06-11 02:51:27,42.3991851806641,-8.92184829711914,"Male"
"9004160",371982,2025-06-11 02:56:26,42.3990669250488,-8.92169284820557,"Male"
"9004160",371982,2025-06-11 03:01:35,42.3993263244629,-8.92196369171143,"Male"
"9004160",371982,2025-06-11 03:06:30,42.3992767333984,-8.92190361022949,"Male"
"9004160",371982,2025-06-11 03:11:36,42.3993759155273,-8.92198944091797,"Male"
"9004160",371982,2025-06-11 03:16:44,42.3993759155273,-8.92198467254639,"Male"
"9004160",371982,2025-06-11 03:21:26,42.3992538452148,-8.92188835144043,"Male"
"9004160",371982,2025-06-11 03:26:25,42.3993644714355,-8.92200660705566,"Male"
"9004160",371982,2025-06-11 03:31:28,42.3991851806641,-8.92178249359131,"Male"
"9004160",371982,2025-06-11 03:36:27,42.3992156982422,-8.92179012298584,"Male"
"9004160",371982,2025-06-11 03:41:26,42.3991966247559,-8.92180442810059,"Male"
"9004160",371982,2025-06-11 03:46:41,42.3993682861328,-8.92198467254639,"Male"
"9004160",371982,2025-06-11 03:51:25,42.3994026184082,-8.92199516296387,"Male"
"9004160",371982,2025-06-11 03:56:24,42.3993453979492,-8.92194652557373,"Male"
"9004160",371982,2025-06-11 04:01:26,42.3992385864258,-8.9219274520874,"Male"
"9004160",371982,2025-06-11 04:06:26,42.3993339538574,-8.92199039459229,"Male"
"9004160",371982,2025-06-11 04:11:25,42.3994140625,-8.92221546173096,"Male"
"9004160",371982,2025-06-11 04:16:25,42.3991661071777,-8.92212295532227,"Male"
"9004160",371982,2025-06-11 04:21:31,42.3992767333984,-8.92211627960205,"Male"
"9004160",371982,2025-06-11 04:27:04,42.3992118835449,-8.92187881469727,"Male"
"9004160",371982,2025-06-11 04:32:49,42.3993034362793,-8.92186641693115,"Male"
"9004160",371982,2025-06-11 04:36:27,42.399658203125,-8.92227745056152,"Male"
"9004160",371982,2025-06-11 04:41:31,42.399299621582,-8.9219856262207,"Male"
"9004160",371982,2025-06-11 04:46:32,42.3987426757812,-8.92202663421631,"Male"
"9004160",371982,2025-06-11 04:51:49,42.3991928100586,-8.9219446182251,"Male"
"9004160",371982,2025-06-11 04:56:32,42.3993797302246,-8.92189598083496,"Male"
"9004160",371982,2025-06-11 05:01:40,42.399112701416,-8.92193508148193,"Male"
"9004160",371982,2025-06-11 05:06:25,42.3992118835449,-8.92187786102295,"Male"
"9004160",371982,2025-06-11 05:11:31,42.3991775512695,-8.92186832427979,"Male"
"9004160",371982,2025-06-11 05:16:40,42.3992729187012,-8.92179489135742,"Male"
"9004160",371982,2025-06-11 05:21:29,42.3991851806641,-8.92186832427979,"Male"
"9004160",371982,2025-06-11 05:26:31,42.3993492126465,-8.92195892333984,"Male"
"9004160",371982,2025-06-11 05:31:44,42.3992805480957,-8.92183876037598,"Male"
"9004160",371982,2025-06-11 05:36:36,42.3992652893066,-8.92185592651367,"Male"
"9004160",371982,2025-06-11 05:41:59,42.3992385864258,-8.92195796966553,"Male"
"9004160",371982,2025-06-11 05:46:31,42.3993453979492,-8.92196083068848,"Male"
"9004160",371982,2025-06-11 05:51:30,42.3993873596191,-8.92212104797363,"Male"
"9004160",371982,2025-06-11 05:56:35,42.3993492126465,-8.92213439941406,"Male"
"9004160",371982,2025-06-11 06:01:37,42.3991928100586,-8.92212677001953,"Male"
"9004160",371982,2025-06-11 06:06:40,42.3992958068848,-8.92204189300537,"Male"
"9004160",371982,2025-06-11 06:11:28,42.3993759155273,-8.92218494415283,"Male"
"9004160",371982,2025-06-11 06:16:44,42.399284362793,-8.92207527160645,"Male"
"9004160",371982,2025-06-11 06:21:25,42.3990592956543,-8.92156791687012,"Male"
"9004160",371982,2025-06-11 06:26:25,42.3992042541504,-8.92176532745361,"Male"
"9004160",371982,2025-06-11 06:31:39,42.3993492126465,-8.92200469970703,"Male"
"9004160",371982,2025-06-11 06:36:32,42.399227142334,-8.92169380187988,"Male"
"9004160",371982,2025-06-11 06:41:34,42.3993492126465,-8.92167663574219,"Male"
"9004160",371982,2025-06-11 06:46:59,42.399341583252,-8.92183589935303,"Male"
"9004160",371982,2025-06-11 06:51:30,42.3993721008301,-8.92178440093994,"Male"
"9004160",371982,2025-06-11 06:56:37,42.3993721008301,-8.92166328430176,"Male"
"9004160",371982,2025-06-11 07:01:25,42.3995170593262,-8.92203140258789,"Male"
"9004160",371982,2025-06-11 07:06:29,42.3995819091797,-8.92229652404785,"Male"
"9004160",371982,2025-06-11 07:11:34,42.3989562988281,-8.92216300964355,"Male"
"9004160",371982,2025-06-11 07:16:36,42.3992309570312,-8.92213249206543,"Male"
"9004160",371982,2025-06-11 07:21:30,42.3998107910156,-8.92311954498291,"Male"
"9004160",371982,2025-06-11 07:27:14,42.3993644714355,-8.92197227478027,"Male"
"9004160",371982,2025-06-11 07:31:26,42.3993263244629,-8.92195224761963,"Male"
"9004160",371982,2025-06-11 07:36:26,42.3993835449219,-8.92213535308838,"Male"
"9004160",371982,2025-06-11 07:41:26,42.3995056152344,-8.92243003845215,"Male"
"9004160",371982,2025-06-11 07:46:29,42.3992309570312,-8.92140960693359,"Male"
"9004160",371982,2025-06-11 07:51:30,42.3991470336914,-8.92123889923096,"Male"
"9004160",371982,2025-06-11 07:56:26,42.3994293212891,-8.92234897613525,"Male"
"9004160",371982,2025-06-11 08:01:29,42.3992347717285,-8.92147350311279,"Male"
"9004160",371982,2025-06-11 08:06:26,42.4232063293457,-8.92287158966064,"Male"
"9004160",371982,2025-06-11 08:11:26,42.4675407409668,-8.94433498382568,"Male"
"9004160",371982,2025-06-11 08:16:29,42.4981575012207,-8.90348339080811,"Male"
"9004160",371982,2025-06-11 08:21:28,42.5102462768555,-8.88238143920898,"Male"
"9004160",371982,2025-06-11 08:26:39,42.5115356445312,-8.88186931610107,"Male"
"9004160",371982,2025-06-11 08:31:38,42.5136260986328,-8.86345767974854,"Male"
"9004160",371982,2025-06-11 08:36:38,42.5193023681641,-8.83316230773926,"Male"
"9004160",371982,2025-06-11 08:41:38,42.5196189880371,-8.83188343048096,"Male"
"9004160",371982,2025-06-11 08:46:50,42.5187454223633,-8.82986736297607,"Male"
"9004160",371982,2025-06-11 08:51:45,42.5175285339355,-8.8289155960083,"Male"
"9004160",371982,2025-06-11 08:56:45,42.5176162719727,-8.82936763763428,"Male"
"9004160",371982,2025-06-11 09:01:45,42.5177574157715,-8.82956981658936,"Male"
"9004160",371982,2025-06-11 09:06:45,42.5176887512207,-8.82928466796875,"Male"
"9004160",371982,2025-06-11 09:11:49,42.5176696777344,-8.8293514251709,"Male"
"9004160",371982,2025-06-11 09:16:47,42.5175285339355,-8.82920837402344,"Male"
"9004160",371982,2025-06-11 09:22:24,42.5175666809082,-8.82925128936768,"Male"
"9004160",371982,2025-06-11 09:27:13,42.5177040100098,-8.82917308807373,"Male"
"9004160",371982,2025-06-11 09:32:13,42.5175399780273,-8.82947731018066,"Male"
"9004160",371982,2025-06-11 09:37:13,42.5176734924316,-8.82945442199707,"Male"
"9004160",371982,2025-06-11 09:42:12,42.5178642272949,-8.82954406738281,"Male"
"9004160",371982,2025-06-11 09:47:12,42.5176124572754,-8.8296947479248,"Male"
"9004160",371982,2025-06-11 09:52:35,42.5175476074219,-8.82926082611084,"Male"
"9004160",371982,2025-06-11 09:57:12,42.5175704956055,-8.82933807373047,"Male"
"9004160",371982,2025-06-11 10:02:12,42.5175170898438,-8.82929706573486,"Male"
"9004160",371982,2025-06-11 10:07:12,42.5175132751465,-8.82925796508789,"Male"
"9004160",371982,2025-06-11 10:12:13,42.5175476074219,-8.82925796508789,"Male"
"9004160",371982,2025-06-11 10:17:12,42.5175590515137,-8.82926273345947,"Male"
"9004160",371982,2025-06-11 10:22:12,42.5175399780273,-8.8292179107666,"Male"
"9004160",371982,2025-06-11 10:27:19,42.5180969238281,-8.82919788360596,"Male"
"9004160",371982,2025-06-11 10:32:44,42.5180816650391,-8.83027362823486,"Male"
"9004160",371982,2025-06-11 10:37:48,42.5179214477539,-8.8297004699707,"Male"
"9004160",371982,2025-06-11 10:42:46,42.5185432434082,-8.82966041564941,"Male"
"9004160",371982,2025-06-11 10:48:06,42.5195465087891,-8.83062267303467,"Male"
"9004160",371982,2025-06-11 10:53:06,42.5198173522949,-8.82973766326904,"Male"
"9004160",371982,2025-06-11 10:58:04,42.5197906494141,-8.82972526550293,"Male"
"9004160",371982,2025-06-11 11:03:04,42.5198249816895,-8.82975101470947,"Male"
"9004160",371982,2025-06-11 11:08:04,42.5198020935059,-8.82966804504395,"Male"
"9004160",371982,2025-06-11 11:13:04,42.5197715759277,-8.82971954345703,"Male"
"9004160",371982,2025-06-11 11:18:04,42.5199203491211,-8.82971572875977,"Male"
"9004160",371982,2025-06-11 11:23:04,42.5197792053223,-8.82963371276855,"Male"
"9004160",371982,2025-06-11 11:28:06,42.5197410583496,-8.82964611053467,"Male"
"9004160",371982,2025-06-11 11:33:04,42.5199737548828,-8.83021259307861,"Male"
"9004160",371982,2025-06-11 11:38:28,42.5196723937988,-8.83158397674561,"Male"
"9004160",371982,2025-06-11 11:43:46,42.5193519592285,-8.83129501342773,"Male"
"9004160",371982,2025-06-11 11:48:48,42.5183982849121,-8.83033180236816,"Male"
"9004160",371982,2025-06-11 11:53:52,42.5174942016602,-8.8293981552124,"Male"
"9004160",371982,2025-06-11 11:58:57,42.5167388916016,-8.82770824432373,"Male"
"9004160",371982,2025-06-11 12:04:30,42.5169944763184,-8.8259449005127,"Male"
"9004160",371982,2025-06-11 12:08:56,42.5170097351074,-8.8259973526001,"Male"
"9004160",371982,2025-06-11 12:14:29,42.5169219970703,-8.82595062255859,"Male"
"9004160",371982,2025-06-11 12:18:54,42.5168685913086,-8.82589340209961,"Male"
"9004160",371982,2025-06-11 12:23:55,42.516845703125,-8.8259449005127,"Male"
"9004160",371982,2025-06-11 12:28:55,42.5168800354004,-8.82595062255859,"Male"
"9004160",371982,2025-06-11 12:33:55,42.5168609619141,-8.82596969604492,"Male"
"9004160",371982,2025-06-11 12:38:58,42.5173950195312,-8.82469844818115,"Male"
"9004160",371982,2025-06-11 12:43:55,42.5175704956055,-8.82466316223145,"Male"
"9004160",371982,2025-06-11 12:48:57,42.5175552368164,-8.82461547851562,"Male"
"9004160",371982,2025-06-11 12:54:02,42.5173873901367,-8.82455825805664,"Male"
"9004160",371982,2025-06-11 12:58:56,42.5173072814941,-8.82455635070801,"Male"
"9004160",371982,2025-06-11 13:04:00,42.5174713134766,-8.82462501525879,"Male"
"9004160",371982,2025-06-11 13:09:02,42.5175018310547,-8.82462406158447,"Male"
"9004160",371982,2025-06-11 13:13:56,42.5175552368164,-8.82471942901611,"Male"
"9004160",371982,2025-06-11 13:18:56,42.5175933837891,-8.82471466064453,"Male"
"9004160",371982,2025-06-11 13:23:57,42.5175704956055,-8.82468032836914,"Male"
"9004160",371982,2025-06-11 13:28:57,42.5175552368164,-8.82467746734619,"Male"
"9004160",371982,2025-06-11 13:34:10,42.5175628662109,-8.82460117340088,"Male"
"9004160",371982,2025-06-11 13:38:54,42.5175247192383,-8.82455539703369,"Male"
"9004160",371982,2025-06-11 13:43:56,42.5174598693848,-8.82449817657471,"Male"
"9004160",371982,2025-06-11 13:48:54,42.5172882080078,-8.82411575317383,"Male"
"9004160",371982,2025-06-11 13:53:54,42.5173950195312,-8.82442760467529,"Male"
"9004160",371982,2025-06-11 13:58:54,42.5173377990723,-8.82433891296387,"Male"
"9004160",371982,2025-06-11 14:03:55,42.517333984375,-8.82435607910156,"Male"
"9004160",371982,2025-06-11 14:08:54,42.5173721313477,-8.82423210144043,"Male"
"9004160",371982,2025-06-11 14:13:54,42.5174140930176,-8.82426261901855,"Male"
"9004160",371982,2025-06-11 14:18:58,42.517391204834,-8.82379817962646,"Male"
"9004160",371982,2025-06-11 14:23:57,42.5172729492188,-8.82448768615723,"Male"
"9004160",371982,2025-06-11 14:28:57,42.517261505127,-8.82448387145996,"Male"
"9004160",371982,2025-06-11 14:34:15,42.5173759460449,-8.82432651519775,"Male"
"9004160",371982,2025-06-11 14:38:54,42.5173416137695,-8.82422065734863,"Male"
"9004160",371982,2025-06-11 14:44:00,42.5173263549805,-8.8244104385376,"Male"
"9004160",371982,2025-06-11 14:49:02,42.5173454284668,-8.82433795928955,"Male"
"9004160",371982,2025-06-11 14:53:55,42.5173225402832,-8.82441711425781,"Male"
"9004160",371982,2025-06-11 14:59:49,42.5175437927246,-8.82385349273682,"Male"
"9004160",371982,2025-06-11 15:04:56,42.518123626709,-8.82155323028564,"Male"
"9004160",371982,2025-06-11 15:17:20,42.5185127258301,-8.82287979125977,"Male"
"9004160",371982,2025-06-11 15:23:08,42.5176849365234,-8.82306957244873,"Male"
"9004160",371982,2025-06-11 15:27:55,42.5174903869629,-8.82485580444336,"Male"
"9004160",371982,2025-06-11 15:33:15,42.5174217224121,-8.82474327087402,"Male"
"9004160",371982,2025-06-11 15:38:01,42.5173835754395,-8.82450485229492,"Male"
"9004160",371982,2025-06-11 15:43:01,42.5174789428711,-8.8247184753418,"Male"
"9004160",371982,2025-06-11 15:48:01,42.5174751281738,-8.82473754882812,"Male"
"9004160",371982,2025-06-11 15:53:01,42.5174942016602,-8.824631690979,"Male"
"9004160",371982,2025-06-11 15:58:01,42.517391204834,-8.82452487945557,"Male"
"9004160",371982,2025-06-11 16:03:23,42.5175361633301,-8.82474136352539,"Male"
"9004160",371982,2025-06-11 16:07:50,42.5174865722656,-8.82480049133301,"Male"
"9004160",371982,2025-06-11 16:12:50,42.5175361633301,-8.8247537612915,"Male"
"9004160",371982,2025-06-11 16:17:50,42.5175399780273,-8.82472133636475,"Male"
"9004160",371982,2025-06-11 16:22:51,42.5175514221191,-8.82469940185547,"Male"
"9004160",371982,2025-06-11 16:27:50,42.517505645752,-8.82476043701172,"Male"
"9004160",371982,2025-06-11 16:32:50,42.5175857543945,-8.82474803924561,"Male"
"9004160",371982,2025-06-11 16:37:50,42.5175590515137,-8.82466506958008,"Male"
"9004160",371982,2025-06-11 16:42:50,42.5175895690918,-8.82468605041504,"Male"
"9004160",371982,2025-06-11 16:47:50,42.5175819396973,-8.82467842102051,"Male"
"9004160",371982,2025-06-11 16:52:53,42.5180892944336,-8.82423877716064,"Male"
"9004160",371982,2025-06-11 16:58:25,42.5191688537598,-8.82265853881836,"Male"
"9004160",371982,2025-06-11 17:05:31,42.5189094543457,-8.82181262969971,"Male"
"9004160",371982,2025-06-11 17:10:44,42.5185699462891,-8.82241058349609,"Male"
"9004160",371982,2025-06-11 17:15:59,42.5176887512207,-8.82420063018799,"Male"
"9004160",371982,2025-06-11 17:20:57,42.5177116394043,-8.82424736022949,"Male"
"9004160",371982,2025-06-11 17:25:57,42.5177154541016,-8.82419586181641,"Male"
"9004160",371982,2025-06-11 17:31:05,42.5176963806152,-8.82421493530273,"Male"
"9004160",371982,2025-06-11 17:35:43,42.5177688598633,-8.82408809661865,"Male"
"9004160",371982,2025-06-11 17:40:49,42.5175933837891,-8.82422637939453,"Male"
"9004160",371982,2025-06-11 17:45:45,42.5176696777344,-8.82425689697266,"Male"
"9004160",371982,2025-06-11 17:50:43,42.517635345459,-8.82428646087646,"Male"
"9004160",371982,2025-06-11 17:55:43,42.5176734924316,-8.82419395446777,"Male"
"9004160",371982,2025-06-11 18:00:44,42.5176544189453,-8.82425594329834,"Male"
"9004160",371982,2025-06-11 18:05:44,42.5176658630371,-8.82419013977051,"Male"
"9004160",371982,2025-06-11 18:10:44,42.5176773071289,-8.82431888580322,"Male"
"9004160",371982,2025-06-11 18:15:43,42.517635345459,-8.82421112060547,"Male"
"9004160",371982,2025-06-11 18:20:44,42.5176620483398,-8.82414627075195,"Male"
"9004160",371982,2025-06-11 18:25:43,42.5177612304688,-8.82424545288086,"Male"
"9004160",371982,2025-06-11 18:30:46,42.5176849365234,-8.82422256469727,"Male"
"9004160",371982,2025-06-11 18:35:44,42.5176963806152,-8.82416248321533,"Male"
"9004160",371982,2025-06-11 18:40:43,42.5176086425781,-8.82413864135742,"Male"
"9004160",371982,2025-06-11 18:45:55,42.5176734924316,-8.82427787780762,"Male"
"9004160",371982,2025-06-11 18:50:48,42.5177383422852,-8.82421970367432,"Male"
"9004160",371982,2025-06-11 18:55:55,42.5134582519531,-8.84827995300293,"Male"
"9004160",371982,2025-06-11 19:00:44,42.5007972717285,-8.88774108886719,"Male"
"9004160",371982,2025-06-11 19:05:55,42.494556427002,-8.89944648742676,"Male"
"9004160",371982,2025-06-11 19:10:55,42.4876441955566,-8.91245079040527,"Male"
"9004160",371982,2025-06-11 19:15:56,42.4778442382812,-8.94409275054932,"Male"
"9004160",371982,2025-06-11 19:20:45,42.4777336120605,-8.94400978088379,"Male"
"9004160",371982,2025-06-11 19:25:55,42.4778366088867,-8.94415664672852,"Male"
"9004160",371982,2025-06-11 19:30:43,42.477840423584,-8.94417953491211,"Male"
"9004160",371982,2025-06-11 19:35:55,42.4777946472168,-8.94403457641602,"Male"
"9004160",371982,2025-06-11 19:40:44,42.4778213500977,-8.94412231445312,"Male"
"9004160",371982,2025-06-11 19:45:55,42.4664039611816,-8.945481300354,"Male"
"9004160",371982,2025-06-11 19:50:43,42.4611663818359,-8.94487762451172,"Male"
"9004160",371982,2025-06-11 19:55:55,42.4393196105957,-8.94037818908691,"Male"
"9004160",371982,2025-06-11 20:00:55,42.4163131713867,-8.9300651550293,"Male"
"9004160",371982,2025-06-11 20:06:05,42.3992652893066,-8.92198085784912,"Male"
"9004160",371982,2025-06-11 20:10:54,42.3993835449219,-8.92211151123047,"Male"
"9004160",371982,2025-06-11 20:15:45,42.3992233276367,-8.92178153991699,"Male"
"9004160",371982,2025-06-11 20:20:45,42.3993797302246,-8.92221927642822,"Male"
"9004160",371982,2025-06-11 20:25:45,42.3993759155273,-8.92219352722168,"Male"
"9004160",371982,2025-06-11 20:30:45,42.3994216918945,-8.92223453521729,"Male"
"9004160",371982,2025-06-11 20:35:54,42.3992385864258,-8.92211246490479,"Male"
"9004160",371982,2025-06-11 20:40:55,42.3993339538574,-8.92199611663818,"Male"
"9004160",371982,2025-06-11 20:45:56,42.3992309570312,-8.92214775085449,"Male"
"9004160",371982,2025-06-11 20:50:56,42.3993072509766,-8.92193603515625,"Male"
"9004160",371982,2025-06-11 20:55:55,42.3993453979492,-8.92199611663818,"Male"
"9004160",371982,2025-06-11 21:00:50,42.399284362793,-8.92190647125244,"Male"
"9004160",371982,2025-06-11 21:05:52,42.3994407653809,-8.92198657989502,"Male"
"9004160",371982,2025-06-11 21:10:49,42.3991775512695,-8.92176151275635,"Male"
"9004160",371982,2025-06-11 21:15:55,42.3992042541504,-8.92195224761963,"Male"
"9004160",371982,2025-06-11 21:20:49,42.3989791870117,-8.92154979705811,"Male"
"9004160",371982,2025-06-11 21:25:56,42.399227142334,-8.92189979553223,"Male"
"9004160",371982,2025-06-11 21:30:45,42.3991241455078,-8.92194843292236,"Male"
"9004160",371982,2025-06-11 21:35:57,42.3992156982422,-8.92196941375732,"Male"
"9004160",371982,2025-06-11 21:40:57,42.3991966247559,-8.92198657989502,"Male"
"9004160",371982,2025-06-11 21:45:56,42.3991737365723,-8.92198753356934,"Male"
"9004160",371982,2025-06-11 21:50:57,42.3991432189941,-8.92202758789062,"Male"
"9004160",371982,2025-06-11 21:55:57,42.3991279602051,-8.92200374603271,"Male"
"9004160",371982,2025-06-11 22:01:05,42.399299621582,-8.92187690734863,"Male"
"9004160",371982,2025-06-11 22:06:14,42.3992958068848,-8.92191696166992,"Male"
"9004160",371982,2025-06-11 22:10:46,42.3993377685547,-8.92183399200439,"Male"
"9004160",371982,2025-06-11 22:16:14,42.3993682861328,-8.9219388961792,"Male"
"9004160",371982,2025-06-11 22:20:44,42.3993530273438,-8.92195320129395,"Male"
"9004160",371982,2025-06-11 22:25:44,42.3993339538574,-8.92197513580322,"Male"
"9004160",371982,2025-06-11 22:30:44,42.3993225097656,-8.92184734344482,"Male"
"9004160",371982,2025-06-11 22:35:43,42.399227142334,-8.92201995849609,"Male"
"9004160",371982,2025-06-11 22:40:44,42.3993606567383,-8.92186450958252,"Male"
"9004160",371982,2025-06-11 22:46:05,42.3993034362793,-8.92192077636719,"Male"
"9004160",371982,2025-06-11 22:50:46,42.3992004394531,-8.92229461669922,"Male"
"9004160",371982,2025-06-11 22:55:48,42.399471282959,-8.92208480834961,"Male"
"9004160",371982,2025-06-11 23:00:49,42.3992500305176,-8.92201900482178,"Male"
"9004160",371982,2025-06-11 23:05:49,42.399169921875,-8.92193698883057,"Male"
"9004160",371982,2025-06-11 23:10:58,42.3991889953613,-8.92191791534424,"Male"
"9004160",371982,2025-06-11 23:15:58,42.3992118835449,-8.92190265655518,"Male"
"9004160",371982,2025-06-11 23:20:48,42.3992233276367,-8.92194652557373,"Male"
"9004160",371982,2025-06-11 23:25:57,42.3993453979492,-8.92187023162842,"Male"
"9004160",371982,2025-06-11 23:31:05,42.3992919921875,-8.92198657989502,"Male"
"9004160",371982,2025-06-11 23:35:46,42.3992538452148,-8.921875,"Male"
"9004160",371982,2025-06-11 23:40:43,42.3992614746094,-8.92203712463379,"Male"
"9004160",371982,2025-06-11 23:45:44,42.3992385864258,-8.92194938659668,"Male"
"9004160",371982,2025-06-11 23:50:43,42.3993110656738,-8.92186641693115,"Male"
"9004160",371982,2025-06-11 23:55:43,42.3992385864258,-8.92196369171143,"Male"
"9004160",371982,2025-06-12 00:00:52,42.3992080688477,-8.921875,"Male"
"9004160",371982,2025-06-12 00:05:49,42.3992233276367,-8.92180919647217,"Male"
"9004160",371982,2025-06-12 00:10:49,42.3991661071777,-8.92193984985352,"Male"
"9004160",371982,2025-06-12 00:16:03,42.3991737365723,-8.9218635559082,"Male"
"9004160",371982,2025-06-12 00:20:55,42.3992385864258,-8.92195129394531,"Male"
"9004160",371982,2025-06-12 00:25:43,42.3992691040039,-8.92197036743164,"Male"
"9004160",371982,2025-06-12 00:30:46,42.3991966247559,-8.92189407348633,"Male"
"9004160",371982,2025-06-12 00:35:52,42.3992805480957,-8.92206859588623,"Male"
"9004160",371982,2025-06-12 00:40:44,42.3992156982422,-8.92194843292236,"Male"
"9004160",371982,2025-06-12 00:45:54,42.3992614746094,-8.92204093933105,"Male"
"9004160",371982,2025-06-12 00:50:48,42.3993911743164,-8.92208003997803,"Male"
"9004160",371982,2025-06-12 00:55:54,42.3992614746094,-8.92206287384033,"Male"
"9004160",371982,2025-06-12 01:00:51,42.3992881774902,-8.92205429077148,"Male"
"9004160",371982,2025-06-12 01:05:48,42.3993301391602,-8.92223262786865,"Male"
"9004160",371982,2025-06-12 01:10:54,42.3991966247559,-8.92212390899658,"Male"
"9004160",371982,2025-06-12 01:16:05,42.3995552062988,-8.92189693450928,"Male"
"9004160",371982,2025-06-12 01:20:45,42.3994674682617,-8.92104148864746,"Male"
"9004160",371982,2025-06-12 01:25:48,42.3993148803711,-8.92251777648926,"Male"
"9004160",371982,2025-06-12 01:30:46,42.3993530273438,-8.92231178283691,"Male"
"9004160",371982,2025-06-12 01:35:46,42.3994064331055,-8.92198276519775,"Male"
"9004160",371982,2025-06-12 01:40:47,42.3994178771973,-8.92187786102295,"Male"
"9004160",371982,2025-06-12 01:45:54,42.3994064331055,-8.92192459106445,"Male"
"9004160",371982,2025-06-12 01:50:54,42.3993988037109,-8.92189788818359,"Male"
"9004160",371982,2025-06-12 01:55:47,42.3993492126465,-8.92205333709717,"Male"
"9004160",371982,2025-06-12 02:00:47,42.3992576599121,-8.92216300964355,"Male"
"9004160",371982,2025-06-12 02:06:14,42.3993644714355,-8.92198371887207,"Male"
"9004160",371982,2025-06-12 02:10:51,42.399284362793,-8.92196369171143,"Male"
"9004160",371982,2025-06-12 02:16:14,42.399341583252,-8.92195224761963,"Male"
"9004160",371982,2025-06-12 02:20:43,42.3993339538574,-8.92203807830811,"Male"
"9004160",371982,2025-06-12 02:25:43,42.3992919921875,-8.92201232910156,"Male"
"9004160",371982,2025-06-12 02:30:43,42.399356842041,-8.92197608947754,"Male"
"9004160",371982,2025-06-12 02:35:43,42.3993377685547,-8.92196559906006,"Male"
"9004160",371982,2025-06-12 02:40:43,42.3994140625,-8.92200565338135,"Male"
"9004160",371982,2025-06-12 02:46:05,42.3993377685547,-8.92198657989502,"Male"
"9004160",371982,2025-06-12 02:50:44,42.399284362793,-8.92192840576172,"Male"
"9004160",371982,2025-06-12 02:55:44,42.3992919921875,-8.9219388961792,"Male"
"9004160",371982,2025-06-12 03:00:43,42.399227142334,-8.92201042175293,"Male"
"9004160",371982,2025-06-12 03:05:44,42.3991966247559,-8.92177104949951,"Male"
"9004160",371982,2025-06-12 03:10:43,42.399242401123,-8.92193984985352,"Male"
"9004160",371982,2025-06-12 03:15:43,42.3993110656738,-8.92201042175293,"Male"
"9004160",371982,2025-06-12 03:20:44,42.399486541748,-8.92214298248291,"Male"
"9004160",371982,2025-06-12 03:25:48,42.3992958068848,-8.92203235626221,"Male"
"9004160",371982,2025-06-12 03:30:43,42.3992958068848,-8.92201328277588,"Male"
"9004160",371982,2025-06-12 03:35:44,42.3992919921875,-8.9219913482666,"Male"
"9004160",371982,2025-06-12 03:40:43,42.3992652893066,-8.92195796966553,"Male"
"9004160",371982,2025-06-12 03:45:43,42.3993186950684,-8.92195796966553,"Male"
"9004160",371982,2025-06-12 03:50:43,42.3992958068848,-8.92196178436279,"Male"
"9004160",371982,2025-06-12 03:55:43,42.3992729187012,-8.92198657989502,"Male"
"9004160",371982,2025-06-12 04:00:44,42.3992729187012,-8.92200088500977,"Male"
"9004160",371982,2025-06-12 04:05:43,42.3993110656738,-8.92193603515625,"Male"
"9004160",371982,2025-06-12 04:10:44,42.3991966247559,-8.92188167572021,"Male"
"9004160",371982,2025-06-12 04:15:51,42.3993034362793,-8.92201137542725,"Male"
"9004160",371982,2025-06-12 04:20:45,42.3994560241699,-8.92206859588623,"Male"
"9004160",371982,2025-06-12 04:26:06,42.3991661071777,-8.92201328277588,"Male"
"9004160",371982,2025-06-12 04:31:15,42.3992614746094,-8.92196846008301,"Male"
"9004160",371982,2025-06-12 04:35:48,42.3994789123535,-8.92216110229492,"Male"
"9004160",371982,2025-06-12 04:41:15,42.3993530273438,-8.921950340271,"Male"
"9004160",371982,2025-06-12 04:45:49,42.3993072509766,-8.92200374603271,"Male"
"9004160",371982,2025-06-12 04:50:55,42.3989753723145,-8.92196846008301,"Male"
"9004160",371982,2025-06-12 04:57:07,42.399169921875,-8.92184638977051,"Male"
"9004160",371982,2025-06-12 05:01:59,42.3992500305176,-8.92183494567871,"Male"
"9004160",371982,2025-06-12 05:05:47,42.3992233276367,-8.9217004776001,"Male"
"9004160",371982,2025-06-12 05:10:44,42.3992805480957,-8.92223167419434,"Male"
"9004160",371982,2025-06-12 05:15:46,42.399284362793,-8.92185592651367,"Male"
"9004160",371982,2025-06-12 05:20:48,42.3992614746094,-8.92196273803711,"Male"
"9004160",371982,2025-06-12 05:25:51,42.3993377685547,-8.92203807830811,"Male"
"9004160",371982,2025-06-12 05:30:46,42.3993186950684,-8.92184066772461,"Male"
"9004160",371982,2025-06-12 05:35:46,42.3991966247559,-8.92178058624268,"Male"
"9004160",371982,2025-06-12 05:40:44,42.3991622924805,-8.92186069488525,"Male"
"9004160",371982,2025-06-12 05:45:44,42.3992767333984,-8.92178821563721,"Male"
"9004160",371982,2025-06-12 05:50:49,42.3992309570312,-8.92201995849609,"Male"
"9004160",371982,2025-06-12 05:55:48,42.3991775512695,-8.92188930511475,"Male"
"9004160",371982,2025-06-12 06:00:47,42.399242401123,-8.92189598083496,"Male"
"9004160",371982,2025-06-12 06:05:51,42.3992538452148,-8.92183303833008,"Male"
"9004160",371982,2025-06-12 06:10:49,42.3992538452148,-8.92183685302734,"Male"
"9004160",371982,2025-06-12 06:15:47,42.3991508483887,-8.92176532745361,"Male"
"9004160",371982,2025-06-12 06:20:51,42.3992385864258,-8.92184829711914,"Male"
"9004160",371982,2025-06-12 06:25:44,42.3992652893066,-8.92188167572021,"Male"
"9004160",371982,2025-06-12 06:30:49,42.3993110656738,-8.92189598083496,"Male"
"9004160",371982,2025-06-12 06:35:44,42.3993225097656,-8.92184352874756,"Male"
"9004160",371982,2025-06-12 06:40:56,42.3993072509766,-8.92194080352783,"Male"
"9004160",371982,2025-06-12 06:46:14,42.3993339538574,-8.92187595367432,"Male"
"9004160",371982,2025-06-12 06:50:43,42.3993301391602,-8.92197895050049,"Male"
"9004160",371982,2025-06-12 06:56:04,42.3992767333984,-8.9218864440918,"Male"
"9004160",371982,2025-06-12 07:00:43,42.3993721008301,-8.92195510864258,"Male"
"9004160",371982,2025-06-12 07:05:44,42.3993873596191,-8.92203521728516,"Male"
"9004160",371982,2025-06-12 07:10:45,42.3994827270508,-8.92230987548828,"Male"
"9004160",371982,2025-06-12 07:15:45,42.3993911743164,-8.9219799041748,"Male"
"9004160",371982,2025-06-12 07:20:46,42.3994102478027,-8.92188835144043,"Male"
"9004160",371982,2025-06-12 07:26:14,42.3994407653809,-8.92195701599121,"Male"
"9004160",371982,2025-06-12 07:30:46,42.3994293212891,-8.92211532592773,"Male"
"9004160",371982,2025-06-12 07:35:46,42.399299621582,-8.92164421081543,"Male"
"9004160",371982,2025-06-12 07:40:51,42.3993835449219,-8.9218864440918,"Male"
"9004160",371982,2025-06-12 07:45:44,42.4146385192871,-8.92154216766357,"Male"
"9004160",371982,2025-06-12 07:50:44,42.4670219421387,-8.94454288482666,"Male"
"9004160",371982,2025-06-12 07:55:46,42.5032196044922,-8.89260196685791,"Male"
"9004160",371982,2025-06-12 08:01:35,42.5222511291504,-8.83337211608887,"Male"
"9004160",371982,2025-06-12 08:06:14,42.5229606628418,-8.83190155029297,"Male"
"9004160",371982,2025-06-12 08:11:19,42.5218849182129,-8.83104610443115,"Male"
"9004160",371982,2025-06-12 08:16:19,42.5208396911621,-8.8311824798584,"Male"
"9004160",371982,2025-06-12 08:21:45,42.5197525024414,-8.83042144775391,"Male"
"9004160",371982,2025-06-12 08:26:45,42.5179061889648,-8.82942008972168,"Male"
"9004160",371982,2025-06-12 08:31:43,42.5176162719727,-8.82927894592285,"Male"
"9004160",371982,2025-06-12 08:36:41,42.5176277160645,-8.82921123504639,"Male"
"9004160",371982,2025-06-12 08:41:42,42.5175552368164,-8.82931709289551,"Male"
"9004160",371982,2025-06-12 08:46:43,42.5175476074219,-8.82931900024414,"Male"
"9004160",371982,2025-06-12 08:51:41,42.517692565918,-8.82914161682129,"Male"
"9004160",371982,2025-06-12 08:56:42,42.5175895690918,-8.82927131652832,"Male"
"9004160",371982,2025-06-12 09:01:43,42.5175933837891,-8.8292932510376,"Male"
"9004160",371982,2025-06-12 09:06:43,42.5175743103027,-8.829176902771,"Male"
"9004160",371982,2025-06-12 09:11:43,42.5176162719727,-8.8292121887207,"Male"
"9004160",371982,2025-06-12 09:16:41,42.5176582336426,-8.8292407989502,"Male"
"9004160",371982,2025-06-12 09:22:03,42.5176391601562,-8.82924842834473,"Male"
"9004160",371982,2025-06-12 09:26:41,42.5176582336426,-8.82925033569336,"Male"
"9004160",371982,2025-06-12 09:31:41,42.5175933837891,-8.82923603057861,"Male"
"9004160",371982,2025-06-12 09:36:41,42.5175552368164,-8.82927894592285,"Male"
"9004160",371982,2025-06-12 09:41:41,42.5176086425781,-8.82930660247803,"Male"
"9004160",371982,2025-06-12 09:46:41,42.5175628662109,-8.82924556732178,"Male"
"9004160",371982,2025-06-12 09:51:41,42.5175895690918,-8.82930183410645,"Male"
"9004160",371982,2025-06-12 09:56:41,42.5175285339355,-8.82925033569336,"Male"
"9004160",371982,2025-06-12 10:01:41,42.5176315307617,-8.82948398590088,"Male"
"9004160",371982,2025-06-12 10:06:41,42.517650604248,-8.8292989730835,"Male"
"9004160",371982,2025-06-12 10:11:41,42.5176811218262,-8.82931613922119,"Male"
"9004160",371982,2025-06-12 10:16:41,42.5176391601562,-8.82936382293701,"Male"
"9004160",371982,2025-06-12 10:21:43,42.5176658630371,-8.82926750183105,"Male"
"9004160",371982,2025-06-12 10:26:41,42.5176162719727,-8.82928276062012,"Male"
"9004160",371982,2025-06-12 10:32:27,42.5164680480957,-8.82763385772705,"Male"
"9004160",371982,2025-06-12 10:37:45,42.5154457092285,-8.82684230804443,"Male"
"9004160",371982,2025-06-12 10:42:44,42.5143127441406,-8.82676219940186,"Male"
"9004160",371982,2025-06-12 10:47:57,42.5149116516113,-8.82603073120117,"Male"
"9004160",371982,2025-06-12 10:53:01,42.5163040161133,-8.82496738433838,"Male"
"9004160",371982,2025-06-12 10:58:42,42.5153007507324,-8.82515716552734,"Male"
"9004160",371982,2025-06-12 11:04:30,42.5148429870605,-8.82625293731689,"Male"
"9004160",371982,2025-06-12 11:10:43,42.5164985656738,-8.82567024230957,"Male"
"9004160",371982,2025-06-12 11:15:27,42.5167999267578,-8.82624626159668,"Male"
"9004160",371982,2025-06-12 11:20:38,42.5167274475098,-8.82556915283203,"Male"
"9004160",371982,2025-06-12 11:25:28,42.5167274475098,-8.82595443725586,"Male"
"9004160",371982,2025-06-12 11:30:36,42.5167350769043,-8.82559680938721,"Male"
"9004160",371982,2025-06-12 11:35:26,42.5167350769043,-8.82633495330811,"Male"
"9004160",371982,2025-06-12 11:40:37,42.516731262207,-8.82561588287354,"Male"
"9004160",371982,2025-06-12 11:45:24,42.5166931152344,-8.82536125183105,"Male"
"9004160",371982,2025-06-12 11:50:38,42.5167350769043,-8.82554912567139,"Male"
"9004160",371982,2025-06-12 11:55:24,42.516731262207,-8.82559776306152,"Male"
"9004160",371982,2025-06-12 12:42:05,42.5168991088867,-8.82596969604492,"Male"
"9004160",371982,2025-06-12 12:45:42,42.5168838500977,-8.82595157623291,"Male"
"9004160",371982,2025-06-12 12:50:43,42.5168914794922,-8.82598304748535,"Male"
"9004160",371982,2025-06-12 12:55:42,42.5168914794922,-8.82597160339355,"Male"
"9004160",371982,2025-06-12 13:00:42,42.5169258117676,-8.82604026794434,"Male"
"9004160",371982,2025-06-12 13:05:42,42.5169105529785,-8.82596874237061,"Male"
"9004160",371982,2025-06-12 13:10:42,42.5169410705566,-8.82599353790283,"Male"
"9004160",371982,2025-06-12 13:15:44,42.5168914794922,-8.82597827911377,"Male"
"9004160",371982,2025-06-12 13:20:43,42.5169067382812,-8.82600498199463,"Male"
"9004160",371982,2025-06-12 13:25:44,42.517017364502,-8.82609272003174,"Male"
"9004160",371982,2025-06-12 13:31:03,42.5168762207031,-8.82601928710938,"Male"
"9004160",371982,2025-06-12 13:35:43,42.5167083740234,-8.82603549957275,"Male"
"9004160",371982,2025-06-12 13:40:42,42.5165863037109,-8.82598114013672,"Male"
"9004160",371982,2025-06-12 13:45:43,42.5167388916016,-8.8259801864624,"Male"
"9004160",371982,2025-06-12 13:50:43,42.5167007446289,-8.82601737976074,"Male"
"9004160",371982,2025-06-12 13:55:46,42.5163497924805,-8.82810211181641,"Male"
"9004160",371982,2025-06-12 14:38:52,42.5230331420898,-8.83996105194092,"Male"
"9004160",371982,2025-06-12 14:43:52,42.5244407653809,-8.84058284759521,"Male"
"9004160",371982,2025-06-12 14:47:59,42.5244522094727,-8.84059143066406,"Male"
"9004160",371982,2025-06-12 14:52:28,42.5244903564453,-8.84063339233398,"Male"
"9004160",371982,2025-06-12 14:57:27,42.5245018005371,-8.84061241149902,"Male"
"9004160",371982,2025-06-12 15:02:27,42.5244750976562,-8.84060287475586,"Male"
"9004160",371982,2025-06-12 15:07:27,42.5245018005371,-8.84063816070557,"Male"
"9004160",371982,2025-06-12 15:12:27,42.5244407653809,-8.84060955047607,"Male"
"9004160",371982,2025-06-12 15:17:27,42.5244750976562,-8.84059143066406,"Male"
"9004160",371982,2025-06-12 15:22:27,42.5244483947754,-8.84060192108154,"Male"
"9004160",371982,2025-06-12 15:27:27,42.5244369506836,-8.84058570861816,"Male"
"9004160",371982,2025-06-12 15:32:27,42.5244445800781,-8.84057140350342,"Male"
"9004160",371982,2025-06-12 15:37:28,42.5244369506836,-8.84060001373291,"Male"
"9004160",371982,2025-06-12 15:42:27,42.5244407653809,-8.84063148498535,"Male"
"9004160",371982,2025-06-12 15:47:27,42.5244522094727,-8.84061431884766,"Male"
"9004160",371982,2025-06-12 15:52:27,42.5244026184082,-8.84058570861816,"Male"
"9004160",371982,2025-06-12 15:57:27,42.5244293212891,-8.84056568145752,"Male"
"9004160",371982,2025-06-12 16:02:27,42.5244636535645,-8.84065055847168,"Male"
"9004160",371982,2025-06-12 16:07:27,42.5244178771973,-8.84055805206299,"Male"
"9004160",371982,2025-06-12 16:12:28,42.5244407653809,-8.84059810638428,"Male"
"9004160",371982,2025-06-12 16:17:40,42.5244140625,-8.84057903289795,"Male"
"9004160",371982,2025-06-12 16:22:27,42.5245361328125,-8.84079360961914,"Male"
"9004160",371982,2025-06-12 16:27:27,42.5245513916016,-8.84077548980713,"Male"
"9004160",371982,2025-06-12 16:32:27,42.524543762207,-8.84081077575684,"Male"
"9004160",371982,2025-06-12 16:37:27,42.5244979858398,-8.84085559844971,"Male"
"9004160",371982,2025-06-12 16:42:28,42.5245208740234,-8.84067916870117,"Male"
"9004160",371982,2025-06-12 16:47:35,42.5251197814941,-8.83866882324219,"Male"
"9004160",371982,2025-06-12 16:52:51,42.5241546630859,-8.83655261993408,"Male"
"9004160",371982,2025-06-12 16:57:45,42.5224151611328,-8.83518505096436,"Male"
"9004160",371982,2025-06-12 17:07:12,42.520622253418,-8.83600234985352,"Male"
"9004160",371982,2025-06-12 17:12:11,42.519172668457,-8.84362697601318,"Male"
"9004160",371982,2025-06-12 17:17:20,42.519115447998,-8.84353542327881,"Male"
"9004160",371982,2025-06-12 17:22:15,42.5189247131348,-8.84321975708008,"Male"
"9004160",371982,2025-06-12 17:27:15,42.5193061828613,-8.84386730194092,"Male"
"9004160",371982,2025-06-12 17:32:35,42.5191497802734,-8.84360599517822,"Male"
"9004160",371982,2025-06-12 17:37:13,42.5191993713379,-8.84366893768311,"Male"
"9004160",371982,2025-06-12 17:42:10,42.5191421508789,-8.8436164855957,"Male"
"9004160",371982,2025-06-12 17:47:10,42.5191421508789,-8.84359455108643,"Male"
"9004160",371982,2025-06-12 17:52:11,42.5187454223633,-8.86602783203125,"Male"
"9004160",371982,2025-06-12 17:57:11,42.5187072753906,-8.86600017547607,"Male"
"9004160",371982,2025-06-12 18:02:10,42.518726348877,-8.86599731445312,"Male"
"9004160",371982,2025-06-12 18:07:10,42.5186462402344,-8.865891456604,"Male"
"9004160",371982,2025-06-12 18:12:10,42.518726348877,-8.86604118347168,"Male"
"9004160",371982,2025-06-12 18:17:13,42.5187377929688,-8.86592197418213,"Male"
"9004160",371982,2025-06-12 18:22:15,42.5188255310059,-8.86592292785645,"Male"
"9004160",371982,2025-06-12 18:27:14,42.5188751220703,-8.86590766906738,"Male"
"9004160",371982,2025-06-12 18:32:15,42.5187301635742,-8.86593055725098,"Male"
"9004160",371982,2025-06-12 18:37:35,42.518684387207,-8.86592578887939,"Male"
"9004160",371982,2025-06-12 18:42:17,42.5186767578125,-8.86590957641602,"Male"
"9004160",371982,2025-06-12 18:47:10,42.518684387207,-8.86591339111328,"Male"
"9004160",371982,2025-06-12 18:52:10,42.5186805725098,-8.86592483520508,"Male"
"9004160",371982,2025-06-12 18:57:10,42.5186653137207,-8.86592960357666,"Male"
"9004160",371982,2025-06-12 19:02:12,42.5186882019043,-8.86593151092529,"Male"
"9004160",371982,2025-06-12 19:07:16,42.518669128418,-8.86597919464111,"Male"
"9004160",371982,2025-06-12 19:12:10,42.5187301635742,-8.86598968505859,"Male"
"9004160",371982,2025-06-12 19:17:11,42.518611907959,-8.86607837677002,"Male"
"9004160",371982,2025-06-12 19:22:11,42.5188102722168,-8.86612796783447,"Male"
"9004160",371982,2025-06-12 19:27:11,42.5188293457031,-8.86625003814697,"Male"
"9004160",371982,2025-06-12 19:32:11,42.5187110900879,-8.86611270904541,"Male"
"9004160",371982,2025-06-12 19:37:12,42.5187644958496,-8.86608791351318,"Male"
"9004160",371982,2025-06-12 19:42:13,42.5186653137207,-8.86594295501709,"Male"
"9004160",371982,2025-06-12 19:47:13,42.5182609558105,-8.86560916900635,"Male"
"9004160",371982,2025-06-12 19:52:18,42.5186729431152,-8.86607646942139,"Male"
"9004160",371982,2025-06-12 19:57:12,42.5190238952637,-8.86648654937744,"Male"
"9004160",371982,2025-06-12 20:02:24,42.5186424255371,-8.86602783203125,"Male"
"9004160",371982,2025-06-12 20:07:11,42.5187377929688,-8.86611938476562,"Male"
"9004160",371982,2025-06-12 20:12:18,42.5186653137207,-8.86599349975586,"Male"
"9004160",371982,2025-06-12 20:17:11,42.5186729431152,-8.86597442626953,"Male"
"9004160",371982,2025-06-12 20:22:24,42.5187034606934,-8.8660249710083,"Male"
"9004160",371982,2025-06-12 20:27:12,42.5186462402344,-8.86599731445312,"Male"
"9004160",371982,2025-06-12 20:32:18,42.5186958312988,-8.86611366271973,"Male"
"9004160",371982,2025-06-12 20:37:34,42.5186386108398,-8.86600303649902,"Male"
"9004160",371982,2025-06-12 20:42:35,42.5187301635742,-8.86584663391113,"Male"
"9004160",371982,2025-06-12 20:47:10,42.5187377929688,-8.86570644378662,"Male"
"9004160",371982,2025-06-12 20:52:11,42.518726348877,-8.8659200668335,"Male"
"9004160",371982,2025-06-12 20:57:11,42.5187759399414,-8.86565017700195,"Male"
"9004160",371982,2025-06-12 21:02:11,42.5186958312988,-8.8657865524292,"Male"
"9004160",371982,2025-06-12 21:07:10,42.518726348877,-8.86574745178223,"Male"
"9004160",371982,2025-06-12 21:12:10,42.5186958312988,-8.86585807800293,"Male"
"9004160",371982,2025-06-12 21:17:10,42.5186653137207,-8.86602210998535,"Male"
"9004160",371982,2025-06-12 21:22:10,42.5187301635742,-8.86571788787842,"Male"
"9004160",371982,2025-06-12 21:27:10,42.5186424255371,-8.86596393585205,"Male"
"9004160",371982,2025-06-12 21:32:10,42.5187149047852,-8.86599922180176,"Male"
"9004160",371982,2025-06-12 21:37:10,42.5186958312988,-8.86581516265869,"Male"
"9004160",371982,2025-06-12 21:42:10,42.5187339782715,-8.86598682403564,"Male"
"9004160",371982,2025-06-12 21:47:10,42.5186309814453,-8.8659200668335,"Male"
"9004160",371982,2025-06-12 21:52:10,42.5187301635742,-8.86603546142578,"Male"
"9004160",371982,2025-06-12 21:57:10,42.5187187194824,-8.86597061157227,"Male"
"9004160",371982,2025-06-12 22:02:35,42.5186920166016,-8.86598682403564,"Male"
"9004160",371982,2025-06-12 22:07:10,42.5187149047852,-8.86607074737549,"Male"
"9004160",371982,2025-06-12 22:12:11,42.5187377929688,-8.86599349975586,"Male"
"9004160",371982,2025-06-12 22:17:10,42.518627166748,-8.86598587036133,"Male"
"9004160",371982,2025-06-12 22:22:10,42.5187644958496,-8.86599636077881,"Male"
"9004160",371982,2025-06-12 22:27:10,42.5187644958496,-8.86604404449463,"Male"
"9004160",371982,2025-06-12 22:32:10,42.5187683105469,-8.86604118347168,"Male"
"9004160",371982,2025-06-12 22:37:11,42.5188446044922,-8.86588096618652,"Male"
"9004160",371982,2025-06-12 22:42:15,42.518798828125,-8.8660717010498,"Male"
"9004160",371982,2025-06-12 22:47:12,42.5189628601074,-8.8661642074585,"Male"
"9004160",371982,2025-06-12 22:52:12,42.5188026428223,-8.86607837677002,"Male"
"9004160",371982,2025-06-12 22:57:13,42.5187568664551,-8.86575222015381,"Male"
"9004160",371982,2025-06-12 23:02:12,42.5187644958496,-8.86593532562256,"Male"
"9004160",371982,2025-06-12 23:07:13,42.5186576843262,-8.86603927612305,"Male"
"9004160",371982,2025-06-12 23:12:14,42.5187149047852,-8.86605167388916,"Male"
"9004160",371982,2025-06-12 23:17:13,42.5186576843262,-8.86593151092529,"Male"
"9004160",371982,2025-06-12 23:22:12,42.5186805725098,-8.86593341827393,"Male"
"9004160",371982,2025-06-12 23:27:27,42.5186996459961,-8.86584186553955,"Male"
"9004160",371982,2025-06-12 23:32:15,42.518684387207,-8.86587810516357,"Male"
"9004160",371982,2025-06-12 23:37:35,42.5187873840332,-8.8658504486084,"Male"
"9004160",371982,2025-06-12 23:42:10,42.5187492370605,-8.86586475372314,"Male"
"9004160",371982,2025-06-12 23:47:10,42.5187492370605,-8.86579513549805,"Male"
"9004160",371982,2025-06-12 23:52:10,42.5187492370605,-8.86585807800293,"Male"
"9004160",371982,2025-06-12 23:57:10,42.5188064575195,-8.8658618927002,"Male"
"9004160",371982,2025-06-13 00:02:10,42.5187568664551,-8.86588573455811,"Male"
"9004160",371982,2025-06-13 00:07:10,42.5187568664551,-8.86574172973633,"Male"
"9004160",371982,2025-06-13 00:12:10,42.5187644958496,-8.86577796936035,"Male"
"9004160",371982,2025-06-13 00:17:10,42.5187454223633,-8.86587429046631,"Male"
"9004160",371982,2025-06-13 00:22:10,42.5187873840332,-8.86571598052979,"Male"
"9004160",371982,2025-06-13 00:27:11,42.5188865661621,-8.86580181121826,"Male"
"9004160",371982,2025-06-13 00:32:10,42.5189437866211,-8.86592197418213,"Male"
"9004160",371982,2025-06-13 00:37:11,42.5188598632812,-8.86573791503906,"Male"
"9004160",371982,2025-06-13 00:42:11,42.5189323425293,-8.86575412750244,"Male"
"9004160",371982,2025-06-13 00:47:11,42.518928527832,-8.865891456604,"Male"
"9004160",371982,2025-06-13 00:52:11,42.5190048217773,-8.86593627929688,"Male"
"9004160",371982,2025-06-13 00:57:14,42.5190887451172,-8.86601734161377,"Male"
"9004160",371982,2025-06-13 01:02:15,42.5190963745117,-8.86605930328369,"Male"
"9004160",371982,2025-06-13 01:07:15,42.5188903808594,-8.86588382720947,"Male"
"9004160",371982,2025-06-13 01:12:15,42.5190162658691,-8.86598014831543,"Male"
"9004160",371982,2025-06-13 01:17:16,42.5189819335938,-8.86604022979736,"Male"
"9004160",371982,2025-06-13 01:22:22,42.5189590454102,-8.86599826812744,"Male"
"9004160",371982,2025-06-13 01:27:17,42.5191841125488,-8.86622428894043,"Male"
"9004160",371982,2025-06-13 01:32:32,42.5187492370605,-8.86589813232422,"Male"
"9004160",371982,2025-06-13 01:37:10,42.518669128418,-8.86594390869141,"Male"
"9004160",371982,2025-06-13 01:42:11,42.5187110900879,-8.86593532562256,"Male"
"9004160",371982,2025-06-13 01:47:11,42.5187339782715,-8.86586952209473,"Male"
"9004160",371982,2025-06-13 01:52:11,42.5187034606934,-8.86581611633301,"Male"
"9004160",371982,2025-06-13 01:57:11,42.5186958312988,-8.8659029006958,"Male"
"9004160",371982,2025-06-13 02:02:10,42.5186996459961,-8.86588096618652,"Male"
"9004160",371982,2025-06-13 02:07:10,42.5187683105469,-8.86589527130127,"Male"
"9004160",371982,2025-06-13 02:12:11,42.518726348877,-8.86584854125977,"Male"
"9004160",371982,2025-06-13 02:17:11,42.5187225341797,-8.86592769622803,"Male"
"9004160",371982,2025-06-13 02:22:10,42.5187644958496,-8.86595344543457,"Male"
"9004160",371982,2025-06-13 02:27:10,42.5186767578125,-8.86590480804443,"Male"
"9004160",371982,2025-06-13 02:32:10,42.5187149047852,-8.86593818664551,"Male"
"9004160",371982,2025-06-13 02:37:10,42.5187301635742,-8.86589813232422,"Male"
"9004160",371982,2025-06-13 02:42:10,42.5186958312988,-8.8659782409668,"Male"
"9004160",371982,2025-06-13 02:47:10,42.5187187194824,-8.86588573455811,"Male"
"9004160",371982,2025-06-13 02:52:10,42.5186653137207,-8.86595344543457,"Male"
"9004160",371982,2025-06-13 02:57:10,42.518741607666,-8.86592292785645,"Male"
"9004160",371982,2025-06-13 03:02:11,42.5186996459961,-8.86594581604004,"Male"
"9004160",371982,2025-06-13 03:07:10,42.5186996459961,-8.86597728729248,"Male"
"9004160",371982,2025-06-13 03:12:12,42.5187187194824,-8.86602783203125,"Male"
"9004160",371982,2025-06-13 03:17:13,42.5187034606934,-8.86597537994385,"Male"
"9004160",371982,2025-06-13 03:22:13,42.5187568664551,-8.86593055725098,"Male"
"9004160",371982,2025-06-13 03:27:18,42.5187454223633,-8.86592483520508,"Male"
"9004160",371982,2025-06-13 03:32:13,42.5186500549316,-8.86593723297119,"Male"
"9004160",371982,2025-06-13 03:37:17,42.5186462402344,-8.86607646942139,"Male"
"9004160",371982,2025-06-13 03:42:18,42.5187225341797,-8.86598968505859,"Male"
"9004160",371982,2025-06-13 03:47:44,42.518741607666,-8.86596202850342,"Male"
"9004160",371982,2025-06-13 03:52:15,42.5186958312988,-8.86586380004883,"Male"
"9004160",371982,2025-06-13 03:57:17,42.5188827514648,-8.86608505249023,"Male"
"9004160",371982,2025-06-13 04:02:24,42.5190162658691,-8.86581897735596,"Male"
"9004160",371982,2025-06-13 04:07:36,42.518482208252,-8.86612606048584,"Male"
"9004160",371982,2025-06-13 04:12:28,42.5182914733887,-8.8657112121582,"Male"
"9004160",371982,2025-06-13 04:17:25,42.5183372497559,-8.86592388153076,"Male"
"9004160",371982,2025-06-13 04:22:26,42.5184211730957,-8.86600589752197,"Male"
"9004160",371982,2025-06-13 04:27:40,42.5180130004883,-8.8653392791748,"Male"
"9004160",371982,2025-06-13 04:32:13,42.5186767578125,-8.86662292480469,"Male"
"9004160",371982,2025-06-13 04:37:13,42.5186729431152,-8.86663818359375,"Male"
"9004160",371982,2025-06-13 04:42:10,42.518741607666,-8.86602592468262,"Male"
"9004160",371982,2025-06-13 04:47:32,42.5187149047852,-8.86599063873291,"Male"
"9004160",371982,2025-06-13 04:52:19,42.518669128418,-8.86602210998535,"Male"
"9004160",371982,2025-06-13 04:57:16,42.5186729431152,-8.86600112915039,"Male"
"9004160",371982,2025-06-13 05:02:11,42.5186767578125,-8.86607265472412,"Male"
"9004160",371982,2025-06-13 05:07:25,42.5187339782715,-8.86608695983887,"Male"
"9004160",371982,2025-06-13 05:12:38,42.5186309814453,-8.8661003112793,"Male"
"9004160",371982,2025-06-13 05:17:44,42.5186653137207,-8.86605453491211,"Male"
"9004160",371982,2025-06-13 05:22:21,42.5187225341797,-8.86589241027832,"Male"
"9004160",371982,2025-06-13 05:27:11,42.5186500549316,-8.8659610748291,"Male"
"9004160",371982,2025-06-13 05:32:11,42.5187072753906,-8.86609554290771,"Male"
"9004160",371982,2025-06-13 05:37:11,42.5187683105469,-8.86600589752197,"Male"
"9004160",371982,2025-06-13 05:42:15,42.5187683105469,-8.86604976654053,"Male"
"9004160",371982,2025-06-13 05:47:12,42.5187034606934,-8.8660831451416,"Male"
"9004160",371982,2025-06-13 05:52:11,42.5187301635742,-8.86603927612305,"Male"
"9004160",371982,2025-06-13 05:57:13,42.5187683105469,-8.86598777770996,"Male"
"9004160",371982,2025-06-13 06:02:44,42.5187187194824,-8.86591339111328,"Male"
"9004160",371982,2025-06-13 06:07:11,42.5186729431152,-8.86596965789795,"Male"
"9004160",371982,2025-06-13 06:12:10,42.5186920166016,-8.86587238311768,"Male"
"9004160",371982,2025-06-13 06:17:10,42.5187492370605,-8.86594676971436,"Male"
"9004160",371982,2025-06-13 06:27:11,42.5224380493164,-8.86151313781738,"Male"
"9004160",371982,2025-06-13 06:37:22,42.5443153381348,-8.85061836242676,"Male"
"9004160",371982,2025-06-13 06:52:35,42.5205230712891,-8.83126258850098,"Male"
"9004160",371982,2025-06-13 07:02:42,42.5200843811035,-8.83034038543701,"Male"
"9004160",371982,2025-06-13 07:12:41,42.5197563171387,-8.82968997955322,"Male"
"9004160",371982,2025-06-13 07:22:41,42.519660949707,-8.8296537399292,"Male"
"9004160",371982,2025-06-13 07:32:41,42.5197677612305,-8.82967853546143,"Male"
"9004160",371982,2025-06-13 07:42:41,42.5197868347168,-8.82976627349854,"Male"
"9004160",371982,2025-06-13 07:52:43,42.5198211669922,-8.82971382141113,"Male"
"9004160",371982,2025-06-13 08:02:41,42.5198211669922,-8.82982921600342,"Male"
"9004160",371982,2025-06-13 08:13:04,42.5197906494141,-8.82967472076416,"Male"
"9004160",371982,2025-06-13 08:22:41,42.5198287963867,-8.82972431182861,"Male"
"9004160",371982,2025-06-13 08:32:41,42.5196990966797,-8.8297290802002,"Male"
"9004160",371982,2025-06-13 08:42:41,42.5196914672852,-8.82974243164062,"Male"
"9004160",371982,2025-06-13 08:52:41,42.5197639465332,-8.82976245880127,"Male"
"9004160",371982,2025-06-13 09:02:41,42.5196990966797,-8.82973957061768,"Male"
"9004160",371982,2025-06-13 09:13:05,42.5202102661133,-8.83132362365723,"Male"
"9004160",371982,2025-06-13 09:23:40,42.5192070007324,-8.83266925811768,"Male"
"9004160",371982,2025-06-13 09:34:05,42.5178375244141,-8.83353614807129,"Male"
"9004160",371982,2025-06-13 09:44:06,42.5186882019043,-8.83106327056885,"Male"
"9004160",371982,2025-06-13 09:54:17,42.5176048278809,-8.82929134368896,"Male"
"9004160",371982,2025-06-13 10:04:05,42.5175819396973,-8.82922649383545,"Male"
"9004160",371982,2025-06-13 10:09:05,42.5176315307617,-8.82930755615234,"Male"
"9004160",371982,2025-06-13 10:14:06,42.5176658630371,-8.82931900024414,"Male"
"9004160",371982,2025-06-13 10:24:06,42.5176658630371,-8.82943534851074,"Male"
"9004160",371982,2025-06-13 10:29:05,42.5176658630371,-8.82935333251953,"Male"
"9004160",371982,2025-06-13 10:34:05,42.5175743103027,-8.82932090759277,"Male"
"9004160",371982,2025-06-13 10:39:11,42.5176773071289,-8.82932090759277,"Male"
"9004160",371982,2025-06-13 10:44:06,42.517635345459,-8.82925510406494,"Male"
"9004160",371982,2025-06-13 10:49:06,42.5176963806152,-8.82959461212158,"Male"
"9004160",371982,2025-06-13 10:54:14,42.5176620483398,-8.82935428619385,"Male"
"9004160",371982,2025-06-13 10:59:13,42.5176429748535,-8.82934856414795,"Male"
"9004160",371982,2025-06-13 11:04:05,42.5176162719727,-8.82935428619385,"Male"
"9004160",371982,2025-06-13 11:09:05,42.5176849365234,-8.82938194274902,"Male"
"9004160",371982,2025-06-13 11:14:05,42.5176620483398,-8.82936859130859,"Male"
"9004160",371982,2025-06-13 11:19:04,42.5176162719727,-8.82943058013916,"Male"
"9004160",371982,2025-06-13 11:24:05,42.5176391601562,-8.82953453063965,"Male"
"9004160",371982,2025-06-13 11:29:07,42.5176429748535,-8.82939434051514,"Male"
"9004160",371982,2025-06-13 11:34:07,42.5176887512207,-8.82955265045166,"Male"
"9004160",371982,2025-06-13 11:39:07,42.5176544189453,-8.829514503479,"Male"
"9004160",371982,2025-06-13 11:44:07,42.5176391601562,-8.82950496673584,"Male"
"9004160",371982,2025-06-13 11:49:35,42.5176239013672,-8.82929420471191,"Male"
"9004160",371982,2025-06-13 11:54:31,42.5179595947266,-8.83053779602051,"Male"
"9004160",371982,2025-06-13 11:59:44,42.5174980163574,-8.83043193817139,"Male"
"9004160",371982,2025-06-13 12:05:19,42.5174980163574,-8.82991886138916,"Male"
"9004160",371982,2025-06-13 12:10:52,42.5178909301758,-8.82991790771484,"Male"
"9004160",371982,2025-06-13 12:20:49,42.5176162719727,-8.82926368713379,"Male"
"9004160",371982,2025-06-13 12:25:49,42.5176086425781,-8.82910251617432,"Male"
"9004160",371982,2025-06-13 12:30:50,42.5176200866699,-8.8292293548584,"Male"
"9004160",371982,2025-06-13 12:35:49,42.5176086425781,-8.82901859283447,"Male"
"9004160",371982,2025-06-13 12:40:49,42.5176162719727,-8.8292236328125,"Male"
"9004160",371982,2025-06-13 12:45:50,42.517749786377,-8.82963752746582,"Male"
"9004160",371982,2025-06-13 12:50:50,42.5176696777344,-8.82936954498291,"Male"
"9004160",371982,2025-06-13 12:55:51,42.5177001953125,-8.82930278778076,"Male"
"9004160",371982,2025-06-13 13:00:51,42.5176048278809,-8.82902908325195,"Male"
"9004160",371982,2025-06-13 13:05:50,42.5175971984863,-8.82918262481689,"Male"
"9004160",371982,2025-06-13 13:10:50,42.5176658630371,-8.82923221588135,"Male"
"9004160",371982,2025-06-13 13:15:51,42.5176734924316,-8.82915782928467,"Male"
"9004160",371982,2025-06-13 13:21:27,42.5170669555664,-8.8285551071167,"Male"
"9004160",371982,2025-06-13 13:27:40,42.5163192749023,-8.82772350311279,"Male"
"9004160",371982,2025-06-13 13:32:51,42.5169410705566,-8.82593250274658,"Male"
"9004160",371982,2025-06-13 13:37:33,42.5167388916016,-8.82585144042969,"Male"
"9004160",371982,2025-06-13 13:42:51,42.5167770385742,-8.82580184936523,"Male"
"9004160",371982,2025-06-13 13:47:19,42.5167846679688,-8.8259105682373,"Male"
"9004160",371982,2025-06-13 13:52:19,42.5169944763184,-8.82571411132812,"Male"
"9004160",371982,2025-06-13 13:57:19,42.5169296264648,-8.82604789733887,"Male"
"9004160",371982,2025-06-13 14:02:19,42.5168228149414,-8.8258810043335,"Male"
"9004160",371982,2025-06-13 14:07:30,42.5169067382812,-8.82591342926025,"Male"
"9004160",371982,2025-06-13 14:12:19,42.5169334411621,-8.82596015930176,"Male"
"9004160",371982,2025-06-13 14:17:21,42.5167350769043,-8.82593822479248,"Male"
"9004160",371982,2025-06-13 14:22:22,42.5168190002441,-8.82586574554443,"Male"
"9004160",371982,2025-06-13 14:27:19,42.5168418884277,-8.82591152191162,"Male"
"9004160",371982,2025-06-13 14:32:44,42.5168151855469,-8.82589721679688,"Male"
"9004160",371982,2025-06-13 14:37:19,42.5168533325195,-8.82575702667236,"Male"
"9004160",371982,2025-06-13 14:42:19,42.5168838500977,-8.82587623596191,"Male"
"9004160",371982,2025-06-13 14:47:19,42.5168342590332,-8.82590103149414,"Male"
"9004160",371982,2025-06-13 14:52:19,42.5168838500977,-8.82584571838379,"Male"
"9004160",371982,2025-06-13 14:57:57,42.51708984375,-8.82634925842285,"Male"
"9004160",371982,2025-06-13 15:02:52,42.5153427124023,-8.82563972473145,"Male"
"9004160",371982,2025-06-13 15:08:17,42.5148162841797,-8.82620811462402,"Male"
"9004160",371982,2025-06-13 15:13:16,42.513744354248,-8.82874393463135,"Male"
"9004160",371982,2025-06-13 15:18:16,42.5129508972168,-8.83005142211914,"Male"
"9004160",371982,2025-06-13 15:23:15,42.5125770568848,-8.83020782470703,"Male"
"9004160",371982,2025-06-13 15:28:15,42.5117607116699,-8.83085918426514,"Male"
"9004160",371982,2025-06-13 15:33:35,42.5112838745117,-8.83947086334229,"Male"
"9004160",371982,2025-06-13 15:38:13,42.5112533569336,-8.83945655822754,"Male"
"9004160",371982,2025-06-13 15:43:12,42.5112838745117,-8.83947086334229,"Male"
"9004160",371982,2025-06-13 15:48:12,42.5113334655762,-8.83946514129639,"Male"
"9004160",371982,2025-06-13 15:53:12,42.5113372802734,-8.83940982818604,"Male"
"9004160",371982,2025-06-13 15:58:12,42.511344909668,-8.83942794799805,"Male"
"9004160",371982,2025-06-13 16:03:12,42.5113677978516,-8.83937454223633,"Male"
"9004160",371982,2025-06-13 16:08:12,42.5113143920898,-8.83939552307129,"Male"
"9004160",371982,2025-06-13 16:13:12,42.5112991333008,-8.83942031860352,"Male"
"9004160",371982,2025-06-13 16:18:12,42.511302947998,-8.83941745758057,"Male"
"9004160",371982,2025-06-13 16:23:13,42.5113945007324,-8.83945560455322,"Male"
"9004160",371982,2025-06-13 16:28:15,42.5114288330078,-8.8394079208374,"Male"
"9004160",371982,2025-06-13 16:33:13,42.5114288330078,-8.83941841125488,"Male"
"9004160",371982,2025-06-13 16:38:12,42.5114479064941,-8.83946704864502,"Male"
"9004160",371982,2025-06-13 16:43:12,42.5115356445312,-8.83958911895752,"Male"
"9004160",371982,2025-06-13 16:48:12,42.5114707946777,-8.83968925476074,"Male"
"9004160",371982,2025-06-13 16:53:12,42.5115356445312,-8.83967018127441,"Male"
"9004160",371982,2025-06-13 16:58:12,42.511589050293,-8.83980178833008,"Male"
"9004160",371982,2025-06-13 17:03:24,42.5116119384766,-8.83983421325684,"Male"
"9004160",371982,2025-06-13 17:08:13,42.5115928649902,-8.83980178833008,"Male"
"9004160",371982,2025-06-13 17:13:35,42.5116081237793,-8.83985233306885,"Male"
"9004160",371982,2025-06-13 17:18:12,42.5116119384766,-8.83984661102295,"Male"
"9004160",371982,2025-06-13 17:23:22,42.5116386413574,-8.83989810943604,"Male"
"9004160",371982,2025-06-13 17:28:12,42.511604309082,-8.83989238739014,"Male"
"9004160",371982,2025-06-13 17:33:12,42.5115852355957,-8.83993053436279,"Male"
"9004160",371982,2025-06-13 17:38:12,42.5115966796875,-8.8399715423584,"Male"
"9004160",371982,2025-06-13 17:43:12,42.5116081237793,-8.83999252319336,"Male"
"9004160",371982,2025-06-13 17:48:13,42.5115814208984,-8.83992385864258,"Male"
"9004160",371982,2025-06-13 17:53:13,42.5115776062012,-8.84002113342285,"Male"
"9004160",371982,2025-06-13 17:58:12,42.5116500854492,-8.84004688262939,"Male"
"9004160",371982,2025-06-13 18:03:14,42.5115737915039,-8.84002208709717,"Male"
"9004160",371982,2025-06-13 18:08:12,42.5116081237793,-8.84005832672119,"Male"
"9004160",371982,2025-06-13 18:13:12,42.5115814208984,-8.84001636505127,"Male"
"9004160",371982,2025-06-13 18:18:12,42.511604309082,-8.84008884429932,"Male"
"9004160",371982,2025-06-13 18:23:12,42.5115661621094,-8.84010887145996,"Male"
"9004160",371982,2025-06-13 18:28:12,42.5115280151367,-8.84010410308838,"Male"
"9004160",371982,2025-06-13 18:33:15,42.5182418823242,-8.86358165740967,"Male"
"9004160",371982,2025-06-13 18:38:13,42.5187721252441,-8.86587333679199,"Male"
"9004160",371982,2025-06-13 18:43:14,42.5187149047852,-8.86593151092529,"Male"
"9004160",371982,2025-06-13 18:48:14,42.5188331604004,-8.86580562591553,"Male"
"9004160",371982,2025-06-13 18:53:15,42.5187225341797,-8.86595726013184,"Male"
"9004160",371982,2025-06-13 18:58:13,42.5187492370605,-8.86600780487061,"Male"
"9004160",371982,2025-06-13 19:03:12,42.5187797546387,-8.86604690551758,"Male"
"9004160",371982,2025-06-13 19:08:27,42.5186996459961,-8.86607360839844,"Male"
"9004160",371982,2025-06-13 19:13:32,42.5187187194824,-8.86601829528809,"Male"
"9004160",371982,2025-06-13 19:18:14,42.5186538696289,-8.86577701568604,"Male"
"9004160",371982,2025-06-13 19:23:36,42.5187149047852,-8.86603832244873,"Male"
"9004160",371982,2025-06-13 19:28:25,42.5187454223633,-8.86600399017334,"Male"
"9004160",371982,2025-06-13 19:33:35,42.518726348877,-8.86601734161377,"Male"
"9004160",371982,2025-06-13 19:38:13,42.5186386108398,-8.86597728729248,"Male"
"9004160",371982,2025-06-13 19:43:14,42.5185966491699,-8.86591148376465,"Male"
"9004160",371982,2025-06-13 19:48:13,42.5187072753906,-8.86605739593506,"Male"
"9004160",371982,2025-06-13 19:53:13,42.5186500549316,-8.86602306365967,"Male"
"9004160",371982,2025-06-13 19:58:14,42.5187034606934,-8.86607360839844,"Male"
"9004160",371982,2025-06-13 20:03:12,42.5187568664551,-8.86613178253174,"Male"
"9004160",371982,2025-06-13 20:08:13,42.5187225341797,-8.86597919464111,"Male"
"9004160",371982,2025-06-13 20:13:14,42.5187530517578,-8.86600875854492,"Male"
"9004160",371982,2025-06-13 20:18:13,42.5187339782715,-8.86603736877441,"Male"
"9004160",371982,2025-06-13 20:23:13,42.5187950134277,-8.86642837524414,"Male"
"9004160",371982,2025-06-13 20:28:13,42.5187797546387,-8.86629390716553,"Male"
"9004160",371982,2025-06-13 20:33:13,42.5188026428223,-8.86622047424316,"Male"
"9004160",371982,2025-06-13 20:38:12,42.5187568664551,-8.86615180969238,"Male"
"9004160",371982,2025-06-13 20:43:13,42.518798828125,-8.86595916748047,"Male"
"9004160",371982,2025-06-13 20:48:13,42.5189666748047,-8.86583232879639,"Male"
"9004160",371982,2025-06-13 20:53:13,42.5188980102539,-8.86586093902588,"Male"
"9004160",371982,2025-06-13 20:58:13,42.5187606811523,-8.86591243743896,"Male"
"9004160",371982,2025-06-13 21:03:13,42.5183525085449,-8.86601638793945,"Male"
"9004160",371982,2025-06-13 21:08:13,42.518627166748,-8.86588764190674,"Male"
"9004160",371982,2025-06-13 21:13:12,42.5188026428223,-8.86583137512207,"Male"
"9004160",371982,2025-06-13 21:18:13,42.5185432434082,-8.86589050292969,"Male"
"9004160",371982,2025-06-13 21:23:13,42.5186347961426,-8.86597442626953,"Male"
"9004160",371982,2025-06-13 21:28:13,42.5186157226562,-8.86598205566406,"Male"
"9004160",371982,2025-06-13 21:33:13,42.5189094543457,-8.86588668823242,"Male"
"9004160",371982,2025-06-13 21:38:12,42.518726348877,-8.86597633361816,"Male"
"9004160",371982,2025-06-13 21:43:13,42.5185737609863,-8.86586952209473,"Male"
"9004160",371982,2025-06-13 21:48:13,42.518627166748,-8.86583042144775,"Male"
"9004160",371982,2025-06-13 21:53:13,42.5185661315918,-8.86580944061279,"Male"
"9004160",371982,2025-06-13 21:58:13,42.5186386108398,-8.86586570739746,"Male"
"9004160",371982,2025-06-13 22:03:13,42.5186614990234,-8.86586093902588,"Male"
"9004160",371982,2025-06-13 22:08:13,42.518741607666,-8.86575603485107,"Male"
"9004160",371982,2025-06-13 22:13:13,42.5189056396484,-8.86578369140625,"Male"
"9004160",371982,2025-06-13 22:18:13,42.5187110900879,-8.86567306518555,"Male"
"9004160",371982,2025-06-13 22:23:13,42.5186347961426,-8.86571407318115,"Male"
"9004160",371982,2025-06-13 22:28:13,42.5186424255371,-8.8656702041626,"Male"
"9004160",371982,2025-06-13 22:33:13,42.5187721252441,-8.86551666259766,"Male"
"9004160",371982,2025-06-13 22:38:14,42.518684387207,-8.86548709869385,"Male"
"9004160",371982,2025-06-13 22:43:15,42.5186614990234,-8.8653392791748,"Male"
"9004160",371982,2025-06-13 22:48:14,42.5186653137207,-8.86539077758789,"Male"
"9004160",371982,2025-06-13 22:53:14,42.5187301635742,-8.86535549163818,"Male"
"9004160",371982,2025-06-13 22:58:14,42.5187225341797,-8.86538791656494,"Male"
"9004160",371982,2025-06-13 23:03:14,42.5187950134277,-8.86540126800537,"Male"
"9004160",371982,2025-06-13 23:08:14,42.5188751220703,-8.86530876159668,"Male"
"9004160",371982,2025-06-13 23:13:15,42.518741607666,-8.86538124084473,"Male"
"9004160",371982,2025-06-13 23:18:15,42.5188484191895,-8.86539268493652,"Male"
"9004160",371982,2025-06-13 23:23:14,42.5188484191895,-8.86528587341309,"Male"
"9004160",371982,2025-06-13 23:28:15,42.5188751220703,-8.86537456512451,"Male"
"9004160",371982,2025-06-13 23:33:16,42.5188140869141,-8.86542224884033,"Male"
"9004160",371982,2025-06-13 23:38:14,42.5187873840332,-8.86537170410156,"Male"
"9004160",371982,2025-06-13 23:43:15,42.5188179016113,-8.86552715301514,"Male"
"9004160",371982,2025-06-13 23:48:14,42.5188140869141,-8.86555099487305,"Male"
"9004160",371982,2025-06-13 23:53:14,42.5188674926758,-8.86561679840088,"Male"
"9004160",371982,2025-06-13 23:58:16,42.5188636779785,-8.86558723449707,"Male"
"9004160",371982,2025-06-14 00:03:14,42.518798828125,-8.86559867858887,"Male"
"9004160",371982,2025-06-14 00:08:14,42.5187950134277,-8.86558055877686,"Male"
"9004160",371982,2025-06-14 00:13:14,42.5188865661621,-8.86550235748291,"Male"
"9004160",371982,2025-06-14 00:18:14,42.5188827514648,-8.86572647094727,"Male"
"9004160",371982,2025-06-14 00:23:14,42.5188522338867,-8.8657169342041,"Male"
"9004160",371982,2025-06-14 00:28:14,42.5188217163086,-8.86573791503906,"Male"
"9004160",371982,2025-06-14 00:33:14,42.518798828125,-8.86576557159424,"Male"
"9004160",371982,2025-06-14 00:38:14,42.5187873840332,-8.86571884155273,"Male"
"9004160",371982,2025-06-14 00:43:17,42.5188179016113,-8.8657398223877,"Male"
"9004160",371982,2025-06-14 00:48:16,42.5187835693359,-8.86576175689697,"Male"
"9004160",371982,2025-06-14 00:53:16,42.5188484191895,-8.86578464508057,"Male"
"9004160",371982,2025-06-14 00:58:17,42.5188026428223,-8.86576557159424,"Male"
"9004160",371982,2025-06-14 01:03:17,42.5188102722168,-8.8656702041626,"Male"
"9004160",371982,2025-06-14 01:08:15,42.5187797546387,-8.86577701568604,"Male"
"9004160",371982,2025-06-14 01:13:15,42.518871307373,-8.8657341003418,"Male"
"9004160",371982,2025-06-14 01:18:15,42.5187759399414,-8.86579036712646,"Male"
"9004160",371982,2025-06-14 01:23:15,42.518798828125,-8.86571502685547,"Male"
"9004160",371982,2025-06-14 01:28:14,42.5187530517578,-8.8657112121582,"Male"
"9004160",371982,2025-06-14 01:33:14,42.518726348877,-8.86575698852539,"Male"
"9004160",371982,2025-06-14 01:38:14,42.518726348877,-8.86575508117676,"Male"
"9004160",371982,2025-06-14 01:43:14,42.518741607666,-8.86573600769043,"Male"
"9004160",371982,2025-06-14 01:48:14,42.518741607666,-8.86572933197021,"Male"
"9004160",371982,2025-06-14 01:53:14,42.5187530517578,-8.86573505401611,"Male"
"9004160",371982,2025-06-14 01:58:14,42.5187377929688,-8.86576366424561,"Male"
"9004160",371982,2025-06-14 02:03:15,42.5186996459961,-8.8656759262085,"Male"
"9004160",371982,2025-06-14 02:08:14,42.5187492370605,-8.86569786071777,"Male"
"9004160",371982,2025-06-14 02:13:15,42.5187759399414,-8.86560726165771,"Male"
"9004160",371982,2025-06-14 02:18:25,42.518856048584,-8.86553478240967,"Male"
"9004160",371982,2025-06-14 02:23:14,42.5190773010254,-8.86518001556396,"Male"
"9004160",371982,2025-06-14 02:28:17,42.5187530517578,-8.86555290222168,"Male"
"9004160",371982,2025-06-14 02:33:24,42.5185775756836,-8.86594295501709,"Male"
"9004160",371982,2025-06-14 02:38:19,42.5188446044922,-8.86533164978027,"Male"
"9004160",371982,2025-06-14 02:43:19,42.5186576843262,-8.86581230163574,"Male"
"9004160",371982,2025-06-14 02:48:17,42.518871307373,-8.86531639099121,"Male"
"9004160",371982,2025-06-14 02:53:18,42.5186805725098,-8.86567497253418,"Male"
"9004160",371982,2025-06-14 02:58:30,42.5187911987305,-8.86551856994629,"Male"
"9004160",371982,2025-06-14 03:03:32,42.5187149047852,-8.86579322814941,"Male"
"9004160",371982,2025-06-14 03:08:14,42.5186920166016,-8.86588001251221,"Male"
"9004160",371982,2025-06-14 03:13:13,42.5186805725098,-8.86583423614502,"Male"
"9004160",371982,2025-06-14 03:18:13,42.5186347961426,-8.86585807800293,"Male"
"9004160",371982,2025-06-14 03:23:17,42.5186386108398,-8.8657283782959,"Male"
"9004160",371982,2025-06-14 03:28:13,42.5185585021973,-8.86574649810791,"Male"
"9004160",371982,2025-06-14 03:33:13,42.5186233520508,-8.8657283782959,"Male"
"9004160",371982,2025-06-14 03:38:17,42.5186538696289,-8.86569690704346,"Male"
"9004160",371982,2025-06-14 03:43:16,42.5185165405273,-8.86573600769043,"Male"
"9004160",371982,2025-06-14 03:48:16,42.5185585021973,-8.86574840545654,"Male"
"9004160",371982,2025-06-14 03:53:24,42.5187721252441,-8.86606788635254,"Male"
"9004160",371982,2025-06-14 03:58:18,42.5187911987305,-8.86612987518311,"Male"
"9004160",371982,2025-06-14 04:03:16,42.5187835693359,-8.86603260040283,"Male"
"9004160",371982,2025-06-14 04:08:20,42.5187492370605,-8.86595249176025,"Male"
"9004160",371982,2025-06-14 04:13:15,42.5187110900879,-8.86603736877441,"Male"
"9004160",371982,2025-06-14 04:18:18,42.5181007385254,-8.86551189422607,"Male"
"9004160",371982,2025-06-14 04:23:17,42.518684387207,-8.86607265472412,"Male"
"9004160",371982,2025-06-14 04:28:14,42.5178756713867,-8.86576652526855,"Male"
"9004160",371982,2025-06-14 04:33:16,42.5176544189453,-8.86501789093018,"Male"
"9004160",371982,2025-06-14 04:38:14,42.5176811218262,-8.86479759216309,"Male"
"9004160",371982,2025-06-14 04:43:14,42.5183944702148,-8.86597347259521,"Male"
"9004160",371982,2025-06-14 04:48:14,42.5183601379395,-8.86557960510254,"Male"
"9004160",371982,2025-06-14 04:53:15,42.5183334350586,-8.86572933197021,"Male"
"9004160",371982,2025-06-14 04:58:14,42.5181465148926,-8.86469841003418,"Male"
"9004160",371982,2025-06-14 05:03:14,42.5184478759766,-8.86632442474365,"Male"
"9004160",371982,2025-06-14 05:08:14,42.5186500549316,-8.86602687835693,"Male"
"9004160",371982,2025-06-14 05:13:22,42.5184326171875,-8.86640357971191,"Male"
"9004160",371982,2025-06-14 05:18:14,42.5185012817383,-8.86620044708252,"Male"
"9004160",371982,2025-06-14 05:23:14,42.5184516906738,-8.86618804931641,"Male"
"9004160",371982,2025-06-14 05:28:22,42.5187110900879,-8.86595344543457,"Male"
"9004160",371982,2025-06-14 05:33:35,42.5186767578125,-8.86613845825195,"Male"
"9004160",371982,2025-06-14 05:38:13,42.5187377929688,-8.866042137146,"Male"
"9004160",371982,2025-06-14 05:43:13,42.5187454223633,-8.86606502532959,"Male"
"9004160",371982,2025-06-14 05:48:14,42.5187187194824,-8.86610507965088,"Male"
"9004160",371982,2025-06-14 05:53:14,42.5187034606934,-8.86618423461914,"Male"
"9004160",371982,2025-06-14 05:58:14,42.519214630127,-8.85710525512695,"Male"
"9004160",371982,2025-06-14 06:03:13,42.5207405090332,-8.83224391937256,"Male"
"9004160",371982,2025-06-14 06:08:13,42.5204124450684,-8.83075523376465,"Male"
"9004160",371982,2025-06-14 06:13:18,42.5207901000977,-8.83108520507812,"Male"
"9004160",371982,2025-06-14 06:18:33,42.5209693908691,-8.8299036026001,"Male"
"9004160",371982,2025-06-14 06:23:32,42.5204620361328,-8.82966899871826,"Male"
"9004160",371982,2025-06-14 06:28:31,42.5204200744629,-8.82964038848877,"Male"
"9004160",371982,2025-06-14 06:33:31,42.5204200744629,-8.82968330383301,"Male"
"9004160",371982,2025-06-14 06:38:31,42.5204238891602,-8.82965278625488,"Male"
"9004160",371982,2025-06-14 06:43:32,42.5204315185547,-8.82962512969971,"Male"
"9004160",371982,2025-06-14 06:48:32,42.5203514099121,-8.82966232299805,"Male"
"9004160",371982,2025-06-14 06:53:33,42.5203475952148,-8.82971954345703,"Male"
"9004160",371982,2025-06-14 06:58:32,42.5204048156738,-8.82969093322754,"Male"
"9004160",371982,2025-06-14 07:03:32,42.5195960998535,-8.82844924926758,"Male"
"9004160",371982,2025-06-14 07:08:32,42.5206260681152,-8.82970523834229,"Male"
"9004160",371982,2025-06-14 07:13:32,42.5207710266113,-8.82976531982422,"Male"
"9004160",371982,2025-06-14 07:18:33,42.5207366943359,-8.8295783996582,"Male"
"9004160",371982,2025-06-14 07:23:32,42.5208320617676,-8.82973766326904,"Male"
"9004160",371982,2025-06-14 07:28:32,42.5201988220215,-8.83020782470703,"Male"
"9004160",371982,2025-06-14 07:33:32,42.5201530456543,-8.83004474639893,"Male"
"9004160",371982,2025-06-14 07:38:32,42.5201873779297,-8.82997703552246,"Male"
"9004160",371982,2025-06-14 07:43:32,42.5201530456543,-8.83004570007324,"Male"
"9004160",371982,2025-06-14 07:48:32,42.5201110839844,-8.83007907867432,"Male"
"9004160",371982,2025-06-14 07:53:32,42.519962310791,-8.83028984069824,"Male"
"9004160",371982,2025-06-14 07:58:33,42.5200500488281,-8.8301305770874,"Male"
"9004160",371982,2025-06-14 08:03:32,42.5203819274902,-8.82981777191162,"Male"
"9004160",371982,2025-06-14 08:08:32,42.5201416015625,-8.8298282623291,"Male"
"9004160",371982,2025-06-14 08:13:32,42.520435333252,-8.82995319366455,"Male"
"9004160",371982,2025-06-14 08:18:31,42.5201568603516,-8.82983112335205,"Male"
"9004160",371982,2025-06-14 08:23:32,42.520149230957,-8.82979488372803,"Male"
"9004160",371982,2025-06-14 08:28:32,42.5204849243164,-8.82982349395752,"Male"
"9004160",371982,2025-06-14 08:33:32,42.5201263427734,-8.8297061920166,"Male"
"9004160",371982,2025-06-14 08:38:32,42.5201644897461,-8.82962322235107,"Male"
"9004160",371982,2025-06-14 08:43:32,42.5203399658203,-8.82985019683838,"Male"
"9004160",371982,2025-06-14 08:48:32,42.5202674865723,-8.82961559295654,"Male"
"9004160",371982,2025-06-14 08:53:32,42.519962310791,-8.8297119140625,"Male"
"9004160",371982,2025-06-14 08:58:32,42.5200119018555,-8.82959461212158,"Male"
"9004160",371982,2025-06-14 09:03:34,42.5200462341309,-8.82955265045166,"Male"
"9004160",371982,2025-06-14 09:08:32,42.5200233459473,-8.82954120635986,"Male"
"9004160",371982,2025-06-14 09:13:32,42.5200653076172,-8.82946968078613,"Male"
"9004160",371982,2025-06-14 09:18:32,42.5200653076172,-8.82943344116211,"Male"
"9004160",371982,2025-06-14 09:23:38,42.5202522277832,-8.83045959472656,"Male"
"9004160",371982,2025-06-14 09:28:44,42.5210762023926,-8.82939624786377,"Male"
"9004160",371982,2025-06-14 09:33:51,42.5221099853516,-8.83006572723389,"Male"
"9004160",371982,2025-06-14 09:39:24,42.5214538574219,-8.83064079284668,"Male"
"9004160",371982,2025-06-14 09:44:45,42.519905090332,-8.83004665374756,"Male"
"9004160",371982,2025-06-14 09:49:45,42.5194969177246,-8.82920360565186,"Male"
"9004160",371982,2025-06-14 09:54:45,42.5192947387695,-8.82896327972412,"Male"
"9004160",371982,2025-06-14 09:59:45,42.5195808410645,-8.82936954498291,"Male"
"9004160",371982,2025-06-14 10:04:45,42.5197677612305,-8.8297061920166,"Male"
"9004160",371982,2025-06-14 10:09:45,42.5198554992676,-8.82967948913574,"Male"
"9004160",371982,2025-06-14 10:14:45,42.5198822021484,-8.82972240447998,"Male"
"9004160",371982,2025-06-14 10:19:45,42.5199584960938,-8.82962894439697,"Male"
"9004160",371982,2025-06-14 10:24:45,42.5199890136719,-8.82945728302002,"Male"
"9004160",371982,2025-06-14 10:29:46,42.5198669433594,-8.82967185974121,"Male"
"9004160",371982,2025-06-14 10:34:45,42.5199432373047,-8.82965564727783,"Male"
"9004160",371982,2025-06-14 10:39:45,42.5210456848145,-8.82971572875977,"Male"
"9004160",371982,2025-06-14 10:44:45,42.5203323364258,-8.82997131347656,"Male"
"9004160",371982,2025-06-14 10:49:45,42.5203628540039,-8.82999515533447,"Male"
"9004160",371982,2025-06-14 10:54:45,42.5203132629395,-8.82996559143066,"Male"
"9004160",371982,2025-06-14 10:59:46,42.5203514099121,-8.83002662658691,"Male"
"9004160",371982,2025-06-14 11:04:45,42.5202178955078,-8.82996273040771,"Male"
"9004160",371982,2025-06-14 11:09:45,42.5202140808105,-8.82996082305908,"Male"
"9004160",371982,2025-06-14 11:14:46,42.520076751709,-8.82986927032471,"Male"
"9004160",371982,2025-06-14 11:19:45,42.520191192627,-8.82997894287109,"Male"
"9004160",371982,2025-06-14 11:24:45,42.5202026367188,-8.82970428466797,"Male"
"9004160",371982,2025-06-14 11:29:45,42.5202980041504,-8.8297700881958,"Male"
"9004160",371982,2025-06-14 11:34:45,42.5201835632324,-8.8296422958374,"Male"
"9004160",371982,2025-06-14 11:39:45,42.5201835632324,-8.8296365737915,"Male"
"9004160",371982,2025-06-14 11:44:45,42.5201873779297,-8.8295955657959,"Male"
"9004160",371982,2025-06-14 11:49:45,42.5201568603516,-8.82957553863525,"Male"
"9004160",371982,2025-06-14 11:54:45,42.5201263427734,-8.82968139648438,"Male"
"9004160",371982,2025-06-14 11:59:45,42.5201263427734,-8.82975292205811,"Male"
"9004160",371982,2025-06-14 12:04:45,42.5201187133789,-8.82943058013916,"Male"
"9004160",371982,2025-06-14 12:10:27,42.5201416015625,-8.83042430877686,"Male"
"9004160",371982,2025-06-14 12:15:53,42.5204696655273,-8.83141136169434,"Male"
"9004160",371982,2025-06-14 12:21:01,42.519947052002,-8.83160018920898,"Male"
"9004160",371982,2025-06-14 12:26:04,42.5194816589355,-8.83115577697754,"Male"
"9004160",371982,2025-06-14 12:31:17,42.5186309814453,-8.82948589324951,"Male"
"9004160",371982,2025-06-14 12:36:16,42.5179786682129,-8.82934951782227,"Male"
"9004160",371982,2025-06-14 12:41:16,42.5179176330566,-8.82919979095459,"Male"
"9004160",371982,2025-06-14 12:46:16,42.5179748535156,-8.82923221588135,"Male"
"9004160",371982,2025-06-14 12:51:16,42.5179824829102,-8.82940483093262,"Male"
"9004160",371982,2025-06-14 12:56:16,42.5179290771484,-8.82937526702881,"Male"
"9004160",371982,2025-06-14 13:01:16,42.5179901123047,-8.82942199707031,"Male"
"9004160",371982,2025-06-14 13:06:16,42.5179977416992,-8.8294095993042,"Male"
"9004160",371982,2025-06-14 13:11:16,42.5179176330566,-8.82936096191406,"Male"
"9004160",371982,2025-06-14 13:16:17,42.5180282592773,-8.82904052734375,"Male"
"9004160",371982,2025-06-14 13:21:16,42.517936706543,-8.82923316955566,"Male"
"9004160",371982,2025-06-14 13:26:16,42.5178718566895,-8.82962799072266,"Male"
"9004160",371982,2025-06-14 13:31:16,42.5178298950195,-8.82933807373047,"Male"
"9004160",371982,2025-06-14 13:36:16,42.517765045166,-8.82930374145508,"Male"
"9004160",371982,2025-06-14 13:41:16,42.5178565979004,-8.82932376861572,"Male"
"9004160",371982,2025-06-14 13:46:16,42.517879486084,-8.82924842834473,"Male"
"9004160",371982,2025-06-14 13:51:16,42.517951965332,-8.82921600341797,"Male"
"9004160",371982,2025-06-14 13:56:16,42.5178527832031,-8.82930755615234,"Male"
"9004160",371982,2025-06-14 14:01:16,42.5178680419922,-8.82938194274902,"Male"
"9004160",371982,2025-06-14 14:06:57,42.5182838439941,-8.829514503479,"Male"
"9004160",371982,2025-06-14 14:12:29,42.5188522338867,-8.83062267303467,"Male"
"9004160",371982,2025-06-14 14:17:39,42.5201530456543,-8.83096218109131,"Male"
"9004160",371982,2025-06-14 14:22:45,42.5206909179688,-8.83139610290527,"Male"
"9004160",371982,2025-06-14 14:27:42,42.5218353271484,-8.83108425140381,"Male"
"9004160",371982,2025-06-14 14:32:42,42.5207786560059,-8.82995891571045,"Male"
"9004160",371982,2025-06-14 14:37:41,42.5206565856934,-8.82993316650391,"Male"
"9004160",371982,2025-06-14 14:42:41,42.5206832885742,-8.82989025115967,"Male"
"9004160",371982,2025-06-14 14:47:41,42.5207176208496,-8.82987022399902,"Male"
"9004160",371982,2025-06-14 14:52:41,42.5207710266113,-8.8298168182373,"Male"
"9004160",371982,2025-06-14 14:57:41,42.5207023620605,-8.82990741729736,"Male"
"9004160",371982,2025-06-14 15:02:41,42.5207672119141,-8.82994270324707,"Male"
"9004160",371982,2025-06-14 15:07:41,42.5207710266113,-8.82995319366455,"Male"
"9004160",371982,2025-06-14 15:12:41,42.5207443237305,-8.8299503326416,"Male"
"9004160",371982,2025-06-14 15:17:41,42.5207443237305,-8.82993125915527,"Male"
"9004160",371982,2025-06-14 15:22:41,42.5208549499512,-8.82982158660889,"Male"
"9004160",371982,2025-06-14 15:27:42,42.5208358764648,-8.82977294921875,"Male"
"9004160",371982,2025-06-14 15:32:41,42.5206985473633,-8.82965755462646,"Male"
"9004160",371982,2025-06-14 15:37:41,42.5206298828125,-8.82967567443848,"Male"
"9004160",371982,2025-06-14 15:42:41,42.520622253418,-8.82950973510742,"Male"
"9004160",371982,2025-06-14 15:47:41,42.5206031799316,-8.82967090606689,"Male"
"9004160",371982,2025-06-14 15:52:41,42.5206336975098,-8.82979297637939,"Male"
"9004160",371982,2025-06-14 15:57:41,42.5206985473633,-8.82974815368652,"Male"
"9004160",371982,2025-06-14 16:02:41,42.5205535888672,-8.8294620513916,"Male"
"9004160",371982,2025-06-14 16:07:41,42.5206604003906,-8.82954692840576,"Male"
"9004160",371982,2025-06-14 16:12:42,42.5207138061523,-8.82966136932373,"Male"
"9004160",371982,2025-06-14 16:17:41,42.5206832885742,-8.82958793640137,"Male"
"9004160",371982,2025-06-14 16:22:42,42.5207061767578,-8.82967472076416,"Male"
"9004160",371982,2025-06-14 16:27:41,42.5206985473633,-8.82960796356201,"Male"
"9004160",371982,2025-06-14 16:32:41,42.5208015441895,-8.82964992523193,"Male"
"9004160",371982,2025-06-14 16:37:42,42.5208282470703,-8.82955455780029,"Male"
"9004160",371982,2025-06-14 16:42:41,42.5207481384277,-8.82964515686035,"Male"
"9004160",371982,2025-06-14 16:47:41,42.5208587646484,-8.82961177825928,"Male"
"9004160",371982,2025-06-14 16:52:41,42.5209922790527,-8.82945346832275,"Male"
"9004160",371982,2025-06-14 16:57:46,42.5208015441895,-8.82963943481445,"Male"
"9004160",371982,2025-06-14 17:02:41,42.5207595825195,-8.82972717285156,"Male"
"9004160",371982,2025-06-14 17:07:41,42.5208015441895,-8.82979965209961,"Male"
"9004160",371982,2025-06-14 17:12:41,42.5208435058594,-8.82964992523193,"Male"
"9004160",371982,2025-06-14 17:17:41,42.5208702087402,-8.82985782623291,"Male"
"9004160",371982,2025-06-14 17:22:41,42.5209274291992,-8.82975196838379,"Male"
"9004160",371982,2025-06-14 17:27:41,42.520938873291,-8.82979106903076,"Male"
"9004160",371982,2025-06-14 17:32:48,42.5209617614746,-8.8297004699707,"Male"
"9004160",371982,2025-06-14 17:37:41,42.520938873291,-8.82985401153564,"Male"
"9004160",371982,2025-06-14 17:42:41,42.5209312438965,-8.82983112335205,"Male"
"9004160",371982,2025-06-14 17:47:50,42.5209465026855,-8.83114528656006,"Male"
"9004160",371982,2025-06-14 17:52:57,42.5201034545898,-8.83290863037109,"Male"
"9004160",371982,2025-06-14 17:58:08,42.5196533203125,-8.83476829528809,"Male"
"9004160",371982,2025-06-14 18:03:03,42.5212631225586,-8.84898662567139,"Male"
"9004160",371982,2025-06-14 18:08:03,42.521411895752,-8.8490514755249,"Male"
"9004160",371982,2025-06-14 18:13:03,42.5213394165039,-8.84890365600586,"Male"
"9004160",371982,2025-06-14 18:18:03,42.5214538574219,-8.8490514755249,"Male"
"9004160",371982,2025-06-14 18:23:03,42.5215682983398,-8.8493070602417,"Male"
"9004160",371982,2025-06-14 18:28:02,42.5191879272461,-8.86618900299072,"Male"
"9004160",371982,2025-06-14 18:33:03,42.51904296875,-8.86649513244629,"Male"
"9004160",371982,2025-06-14 18:38:03,42.5191955566406,-8.86573219299316,"Male"
"9004160",371982,2025-06-14 18:43:03,42.518913269043,-8.86604595184326,"Male"
"9004160",371982,2025-06-14 18:48:03,42.5188140869141,-8.86592674255371,"Male"
"9004160",371982,2025-06-14 18:53:03,42.5194892883301,-8.86644649505615,"Male"
"9004160",371982,2025-06-14 18:58:04,42.5192794799805,-8.86577415466309,"Male"
"9004160",371982,2025-06-14 19:03:03,42.5194625854492,-8.86620903015137,"Male"
"9004160",371982,2025-06-14 19:08:03,42.5199737548828,-8.86627578735352,"Male"
"9004160",371982,2025-06-14 19:13:04,42.5196228027344,-8.8662109375,"Male"
"9004160",371982,2025-06-14 19:18:06,42.5194702148438,-8.86604690551758,"Male"
"9004160",371982,2025-06-14 19:23:03,42.519947052002,-8.86675071716309,"Male"
"9004160",371982,2025-06-14 19:28:08,42.519458770752,-8.86596775054932,"Male"
"9004160",371982,2025-06-14 19:33:04,42.5193214416504,-8.86599826812744,"Male"
"9004160",371982,2025-06-14 19:38:04,42.5191612243652,-8.86606311798096,"Male"
"9004160",371982,2025-06-14 19:43:04,42.51904296875,-8.8660888671875,"Male"
"9004160",371982,2025-06-14 19:48:06,42.5182914733887,-8.866135597229,"Male"
"9004160",371982,2025-06-14 19:53:07,42.5179634094238,-8.86630630493164,"Male"
"9004160",371982,2025-06-14 19:58:04,42.5181312561035,-8.86605739593506,"Male"
"9004160",371982,2025-06-14 20:03:03,42.5172691345215,-8.86225605010986,"Male"
"9004160",371982,2025-06-14 20:08:04,42.5185661315918,-8.8662748336792,"Male"
"9004160",371982,2025-06-14 20:13:04,42.5186233520508,-8.86614799499512,"Male"
"9004160",371982,2025-06-14 20:18:04,42.5185737609863,-8.86637401580811,"Male"
"9004160",371982,2025-06-14 20:23:03,42.5179557800293,-8.86372375488281,"Male"
"9004160",371982,2025-06-14 20:28:03,42.5180702209473,-8.86399269104004,"Male"
"9004160",371982,2025-06-14 20:33:06,42.5187873840332,-8.8659029006958,"Male"
"9004160",371982,2025-06-14 20:38:04,42.5188026428223,-8.86593627929688,"Male"
"9004160",371982,2025-06-14 20:43:04,42.5187797546387,-8.86593246459961,"Male"
"9004160",371982,2025-06-14 20:48:03,42.5184555053711,-8.86594772338867,"Male"
"9004160",371982,2025-06-14 20:53:03,42.518440246582,-8.86678600311279,"Male"
"9004160",371982,2025-06-14 20:58:06,42.5188331604004,-8.86569499969482,"Male"
"9004160",371982,2025-06-14 21:03:03,42.5183258056641,-8.86597061157227,"Male"
"9004160",371982,2025-06-14 21:08:03,42.5183067321777,-8.86583232879639,"Male"
"9004160",371982,2025-06-14 21:13:04,42.5186653137207,-8.86617946624756,"Male"
"9004160",371982,2025-06-14 21:18:03,42.518440246582,-8.86573314666748,"Male"
"9004160",371982,2025-06-14 21:23:03,42.5184211730957,-8.86559391021729,"Male"
"9004160",371982,2025-06-14 21:28:04,42.518611907959,-8.8659839630127,"Male"
"9004160",371982,2025-06-14 21:33:07,42.5188140869141,-8.8657341003418,"Male"
"9004160",371982,2025-06-14 21:38:03,42.5185356140137,-8.86596965789795,"Male"
"9004160",371982,2025-06-14 21:43:06,42.518726348877,-8.8662166595459,"Male"
"9004160",371982,2025-06-14 21:48:03,42.5187568664551,-8.86617088317871,"Male"
"9004160",371982,2025-06-14 21:53:04,42.5187339782715,-8.86610317230225,"Male"
"9004160",371982,2025-06-14 21:58:03,42.5188179016113,-8.86604404449463,"Male"
"9004160",371982,2025-06-14 22:03:06,42.5187492370605,-8.86598205566406,"Male"
"9004160",371982,2025-06-14 22:08:09,42.5186958312988,-8.86599540710449,"Male"
"9004160",371982,2025-06-14 22:13:03,42.5188217163086,-8.86600589752197,"Male"
"9004160",371982,2025-06-14 22:18:03,42.5188598632812,-8.86617374420166,"Male"
"9004160",371982,2025-06-14 22:23:10,42.5187835693359,-8.86585998535156,"Male"
"9004160",371982,2025-06-14 22:28:07,42.5188102722168,-8.86592674255371,"Male"
"9004160",371982,2025-06-14 22:33:04,42.518856048584,-8.86602401733398,"Male"
"9004160",371982,2025-06-14 22:38:03,42.5186386108398,-8.86572742462158,"Male"
"9004160",371982,2025-06-14 22:43:03,42.5186157226562,-8.86569213867188,"Male"
"9004160",371982,2025-06-14 22:48:11,42.5188369750977,-8.86582374572754,"Male"
"9004160",371982,2025-06-14 22:53:04,42.5188407897949,-8.86575698852539,"Male"
"9004160",371982,2025-06-14 22:58:04,42.5188179016113,-8.86582279205322,"Male"
"9004160",371982,2025-06-14 23:03:09,42.5187187194824,-8.86586475372314,"Male"
"9004160",371982,2025-06-14 23:08:03,42.5186424255371,-8.86575222015381,"Male"
"9004160",371982,2025-06-14 23:13:08,42.5186882019043,-8.86574172973633,"Male"
"9004160",371982,2025-06-14 23:18:09,42.518627166748,-8.86574935913086,"Male"
"9004160",371982,2025-06-14 23:23:09,42.5186538696289,-8.86578369140625,"Male"
"9004160",371982,2025-06-14 23:28:09,42.5186347961426,-8.86585712432861,"Male"
"9004160",371982,2025-06-14 23:33:08,42.5186767578125,-8.86601734161377,"Male"
"9004160",371982,2025-06-14 23:38:04,42.5185737609863,-8.86597537994385,"Male"
"9004160",371982,2025-06-14 23:43:07,42.5187149047852,-8.86602401733398,"Male"
"9004160",371982,2025-06-14 23:48:15,42.5187225341797,-8.86601066589355,"Male"
"9004160",371982,2025-06-14 23:53:09,42.5188102722168,-8.86608123779297,"Male"
"9004160",371982,2025-06-14 23:58:09,42.5188217163086,-8.86610984802246,"Male"
"9004160",371982,2025-06-15 00:03:09,42.5188179016113,-8.86618328094482,"Male"
"9004160",371982,2025-06-15 00:08:09,42.5190238952637,-8.8660831451416,"Male"
"9004160",371982,2025-06-15 00:13:10,42.5185127258301,-8.86620712280273,"Male"
"9004160",371982,2025-06-15 00:18:08,42.5185813903809,-8.86607646942139,"Male"
"9004160",371982,2025-06-15 00:23:09,42.5184211730957,-8.86645793914795,"Male"
"9004160",371982,2025-06-15 00:28:09,42.5184593200684,-8.86623287200928,"Male"
"9004160",371982,2025-06-15 00:33:12,42.5185508728027,-8.86636638641357,"Male"
"9004160",371982,2025-06-15 00:38:12,42.5184097290039,-8.86645126342773,"Male"
"9004160",371982,2025-06-15 00:43:09,42.5186157226562,-8.86636638641357,"Male"
"9004160",371982,2025-06-15 00:48:35,42.5187187194824,-8.86612796783447,"Male"
"9004160",371982,2025-06-15 00:53:04,42.5186653137207,-8.86612415313721,"Male"
"9004160",371982,2025-06-15 00:58:04,42.5187530517578,-8.86582183837891,"Male"
"9004160",371982,2025-06-15 01:03:03,42.5185737609863,-8.86633491516113,"Male"
"9004160",371982,2025-06-15 01:08:03,42.5186805725098,-8.86636924743652,"Male"
"9004160",371982,2025-06-15 01:13:03,42.5186424255371,-8.86622428894043,"Male"
"9004160",371982,2025-06-15 01:18:03,42.5187873840332,-8.86637687683105,"Male"
"9004160",371982,2025-06-15 01:23:04,42.518741607666,-8.86617660522461,"Male"
"9004160",371982,2025-06-15 01:28:04,42.5187683105469,-8.86645317077637,"Male"
"9004160",371982,2025-06-15 01:33:03,42.5188789367676,-8.86607360839844,"Male"
"9004160",371982,2025-06-15 01:38:04,42.5189056396484,-8.86614894866943,"Male"
"9004160",371982,2025-06-15 01:43:04,42.5188598632812,-8.86623001098633,"Male"
"9004160",371982,2025-06-15 01:48:04,42.5189208984375,-8.8661642074585,"Male"
"9004160",371982,2025-06-15 01:53:04,42.5188140869141,-8.86632633209229,"Male"
"9004160",371982,2025-06-15 01:58:08,42.5188598632812,-8.86618518829346,"Male"
"9004160",371982,2025-06-15 02:03:03,42.5189208984375,-8.86602973937988,"Male"
"9004160",371982,2025-06-15 02:08:03,42.5188865661621,-8.86610221862793,"Male"
"9004160",371982,2025-06-15 02:13:06,42.5188941955566,-8.86613368988037,"Male"
"9004160",371982,2025-06-15 02:18:03,42.5190963745117,-8.86621856689453,"Male"
"9004160",371982,2025-06-15 02:23:10,42.5189361572266,-8.86616325378418,"Male"
"9004160",371982,2025-06-15 02:28:06,42.5188217163086,-8.86614227294922,"Male"
"9004160",371982,2025-06-15 02:33:03,42.5188980102539,-8.86612510681152,"Male"
"9004160",371982,2025-06-15 02:38:03,42.518928527832,-8.8661642074585,"Male"
"9004160",371982,2025-06-15 02:43:03,42.5189476013184,-8.86609745025635,"Male"
"9004160",371982,2025-06-15 02:48:03,42.5189399719238,-8.86612701416016,"Male"
"9004160",371982,2025-06-15 02:53:04,42.518928527832,-8.86618041992188,"Male"
"9004160",371982,2025-06-15 02:58:03,42.5189666748047,-8.8661937713623,"Male"
"9004160",371982,2025-06-15 03:03:04,42.5189056396484,-8.86608791351318,"Male"
"9004160",371982,2025-06-15 03:08:03,42.5190048217773,-8.86624526977539,"Male"
"9004160",371982,2025-06-15 03:13:03,42.5189666748047,-8.86625194549561,"Male"
"9004160",371982,2025-06-15 03:18:07,42.5189895629883,-8.86620807647705,"Male"
"9004160",371982,2025-06-15 03:23:04,42.5189895629883,-8.86624431610107,"Male"
"9004160",371982,2025-06-15 03:28:09,42.5190086364746,-8.8661470413208,"Male"
"9004160",371982,2025-06-15 03:33:07,42.5189514160156,-8.86616134643555,"Male"
"9004160",371982,2025-06-15 03:38:06,42.5189666748047,-8.86616897583008,"Male"
"9004160",371982,2025-06-15 03:43:05,42.518871307373,-8.86614608764648,"Male"
"9004160",371982,2025-06-15 03:48:13,42.5190010070801,-8.86619758605957,"Male"
"9004160",371982,2025-06-15 03:53:09,42.5190391540527,-8.86616706848145,"Male"
"9004160",371982,2025-06-15 03:58:07,42.5190620422363,-8.86622524261475,"Male"
"9004160",371982,2025-06-15 04:03:09,42.5190238952637,-8.86625385284424,"Male"
"9004160",371982,2025-06-15 04:08:07,42.5190048217773,-8.86625289916992,"Male"
"9004160",371982,2025-06-15 04:13:04,42.5190048217773,-8.86612987518311,"Male"
"9004160",371982,2025-06-15 04:18:06,42.5192070007324,-8.86629009246826,"Male"
"9004160",371982,2025-06-15 04:23:04,42.5190048217773,-8.86609363555908,"Male"
"9004160",371982,2025-06-15 04:28:07,42.5186958312988,-8.86641883850098,"Male"
"9004160",371982,2025-06-15 04:33:03,42.5191383361816,-8.86691284179688,"Male"
"9004160",371982,2025-06-15 04:38:04,42.5185775756836,-8.8663969039917,"Male"
"9004160",371982,2025-06-15 04:43:04,42.5186157226562,-8.86638164520264,"Male"
"9004160",371982,2025-06-15 04:48:04,42.5185813903809,-8.86626815795898,"Male"
"9004160",371982,2025-06-15 04:53:03,42.5187683105469,-8.86623764038086,"Male"
"9004160",371982,2025-06-15 04:58:03,42.5187187194824,-8.86627292633057,"Male"
"9004160",371982,2025-06-15 05:03:03,42.5188255310059,-8.86617946624756,"Male"
"9004160",371982,2025-06-15 05:08:03,42.5187873840332,-8.86614036560059,"Male"
"9004160",371982,2025-06-15 05:13:03,42.5187911987305,-8.86613178253174,"Male"
"9004160",371982,2025-06-15 05:18:03,42.5187873840332,-8.86611843109131,"Male"
"9004160",371982,2025-06-15 05:23:03,42.5182647705078,-8.86671543121338,"Male"
"9004160",371982,2025-06-15 05:28:03,42.5188064575195,-8.86276626586914,"Male"
"9004160",371982,2025-06-15 05:33:17,42.521785736084,-8.83149814605713,"Male"
"9004160",371982,2025-06-15 05:38:26,42.5200805664062,-8.83084678649902,"Male"
"9004160",371982,2025-06-15 05:43:22,42.5209159851074,-8.82991981506348,"Male"
"9004160",371982,2025-06-15 05:48:22,42.5207443237305,-8.8296947479248,"Male"
"9004160",371982,2025-06-15 05:53:22,42.5207328796387,-8.82955837249756,"Male"
"9004160",371982,2025-06-15 05:58:22,42.5207176208496,-8.82961845397949,"Male"
"9004160",371982,2025-06-15 06:03:22,42.5207748413086,-8.82952880859375,"Male"
"9004160",371982,2025-06-15 06:08:22,42.5207901000977,-8.82951641082764,"Male"
"9004160",371982,2025-06-15 06:13:22,42.5208320617676,-8.82950019836426,"Male"
"9004160",371982,2025-06-15 06:18:22,42.5206909179688,-8.82957172393799,"Male"
"9004160",371982,2025-06-15 06:23:25,42.5210037231445,-8.829514503479,"Male"
"9004160",371982,2025-06-15 06:28:22,42.5208168029785,-8.82953929901123,"Male"
"9004160",371982,2025-06-15 06:33:23,42.5209197998047,-8.82952404022217,"Male"
"9004160",371982,2025-06-15 06:38:23,42.5208015441895,-8.82953548431396,"Male"
"9004160",371982,2025-06-15 06:43:22,42.5208206176758,-8.82949638366699,"Male"
"9004160",371982,2025-06-15 06:48:23,42.5200614929199,-8.82877922058105,"Male"
"9004160",371982,2025-06-15 06:53:22,42.5207099914551,-8.82931995391846,"Male"
"9004160",371982,2025-06-15 06:58:23,42.5208320617676,-8.82952117919922,"Male"
"9004160",371982,2025-06-15 07:03:25,42.5209197998047,-8.82974529266357,"Male"
"9004160",371982,2025-06-15 07:08:25,42.5212821960449,-8.82988262176514,"Male"
"9004160",371982,2025-06-15 07:13:22,42.52099609375,-8.82964992523193,"Male"
"9004160",371982,2025-06-15 07:18:22,42.5209465026855,-8.82972812652588,"Male"
"9004160",371982,2025-06-15 07:23:22,42.5206260681152,-8.82978820800781,"Male"
"9004160",371982,2025-06-15 07:28:25,42.5219993591309,-8.83044242858887,"Male"
"9004160",371982,2025-06-15 07:33:55,42.5229072570801,-8.8316593170166,"Male"
"9004160",371982,2025-06-15 07:38:56,42.5224800109863,-8.83303546905518,"Male"
"9004160",371982,2025-06-15 07:44:04,42.5216522216797,-8.83192253112793,"Male"
"9004160",371982,2025-06-15 07:49:03,42.5201721191406,-8.83005523681641,"Male"
"9004160",371982,2025-06-15 07:54:00,42.5201416015625,-8.8299036026001,"Male"
"9004160",371982,2025-06-15 07:58:58,42.5199966430664,-8.82987022399902,"Male"
"9004160",371982,2025-06-15 08:03:59,42.5199546813965,-8.82993507385254,"Male"
"9004160",371982,2025-06-15 08:08:58,42.5200614929199,-8.82982063293457,"Male"
"9004160",371982,2025-06-15 08:13:58,42.5208396911621,-8.82984638214111,"Male"
"9004160",371982,2025-06-15 08:19:00,42.5200996398926,-8.82981586456299,"Male"
"9004160",371982,2025-06-15 08:23:59,42.5200462341309,-8.82974338531494,"Male"
"9004160",371982,2025-06-15 08:29:00,42.5199851989746,-8.82965469360352,"Male"
"9004160",371982,2025-06-15 08:33:59,42.5199127197266,-8.82942295074463,"Male"
"9004160",371982,2025-06-15 08:38:58,42.5200614929199,-8.82946491241455,"Male"
"9004160",371982,2025-06-15 08:44:04,42.5203971862793,-8.8305025100708,"Male"
"9004160",371982,2025-06-15 08:49:03,42.5207214355469,-8.82989978790283,"Male"
"9004160",371982,2025-06-15 08:54:04,42.5206756591797,-8.82988929748535,"Male"
"9004160",371982,2025-06-15 08:59:08,42.5201683044434,-8.829345703125,"Male"
"9004160",371982,2025-06-15 09:04:14,42.5205688476562,-8.82970523834229,"Male"
"9004160",371982,2025-06-15 09:08:58,42.5205192565918,-8.82966804504395,"Male"
"9004160",371982,2025-06-15 09:13:58,42.5205383300781,-8.8297176361084,"Male"
"9004160",371982,2025-06-15 09:19:13,42.5207328796387,-8.82948398590088,"Male"
"9004160",371982,2025-06-15 09:24:13,42.5208320617676,-8.82936954498291,"Male"
"9004160",371982,2025-06-15 09:29:16,42.5204048156738,-8.82953071594238,"Male"
"9004160",371982,2025-06-15 09:34:13,42.5206298828125,-8.82954025268555,"Male"
"9004160",371982,2025-06-15 09:39:15,42.5205192565918,-8.82952404022217,"Male"
"9004160",371982,2025-06-15 09:44:13,42.5208625793457,-8.82984447479248,"Male"
"9004160",371982,2025-06-15 09:49:15,42.5206604003906,-8.82941246032715,"Male"
"9004160",371982,2025-06-15 09:54:25,42.5206756591797,-8.82941246032715,"Male"
"9004160",371982,2025-06-15 09:59:13,42.5207099914551,-8.82955837249756,"Male"
"9004160",371982,2025-06-15 10:04:15,42.5205955505371,-8.82942581176758,"Male"
"9004160",371982,2025-06-15 10:09:25,42.5207290649414,-8.82962131500244,"Male"
"9004160",371982,2025-06-15 10:14:15,42.520679473877,-8.82929706573486,"Male"
"9004160",371982,2025-06-15 10:19:28,42.5205841064453,-8.82946395874023,"Male"
"9004160",371982,2025-06-15 10:24:16,42.5205421447754,-8.8292932510376,"Male"
"9004160",371982,2025-06-15 10:29:35,42.5206871032715,-8.82955360412598,"Male"
"9004160",371982,2025-06-15 10:34:13,42.5205917358398,-8.82962608337402,"Male"
"9004160",371982,2025-06-15 10:39:13,42.5206260681152,-8.82958793640137,"Male"
"9004160",371982,2025-06-15 10:44:14,42.5206413269043,-8.82962989807129,"Male"
"9004160",371982,2025-06-15 10:49:14,42.5206298828125,-8.82966804504395,"Male"
"9004160",371982,2025-06-15 10:54:13,42.520622253418,-8.82909679412842,"Male"
"9004160",371982,2025-06-15 10:59:14,42.5205917358398,-8.82940101623535,"Male"
"9004160",371982,2025-06-15 11:04:13,42.520637512207,-8.82949447631836,"Male"
"9004160",371982,2025-06-15 11:09:13,42.5206565856934,-8.82952499389648,"Male"
"9004160",371982,2025-06-15 11:14:13,42.5206680297852,-8.82955455780029,"Male"
"9004160",371982,2025-06-15 11:19:33,42.5223197937012,-8.83245277404785,"Male"
"9004160",371982,2025-06-15 11:25:07,42.5214462280273,-8.8327808380127,"Male"
"9004160",371982,2025-06-15 11:30:05,42.521484375,-8.83255767822266,"Male"
"9004160",371982,2025-06-15 11:35:13,42.5208282470703,-8.8314037322998,"Male"
"9004160",371982,2025-06-15 11:40:15,42.5195350646973,-8.83139514923096,"Male"
"9004160",371982,2025-06-15 11:45:13,42.5184631347656,-8.82999515533447,"Male"
"9004160",371982,2025-06-15 11:50:13,42.5180587768555,-8.82907009124756,"Male"
"9004160",371982,2025-06-15 11:55:12,42.5176429748535,-8.82919120788574,"Male"
"9004160",371982,2025-06-15 12:00:12,42.5176773071289,-8.82920265197754,"Male"
"9004160",371982,2025-06-15 12:05:12,42.5176658630371,-8.82920837402344,"Male"
"9004160",371982,2025-06-15 12:10:12,42.517707824707,-8.82926654815674,"Male"
"9004160",371982,2025-06-15 12:15:12,42.5176849365234,-8.82922554016113,"Male"
"9004160",371982,2025-06-15 12:20:12,42.5177421569824,-8.82925319671631,"Male"
"9004160",371982,2025-06-15 12:25:12,42.5177040100098,-8.82926082611084,"Male"
"9004160",371982,2025-06-15 12:30:12,42.5177536010742,-8.82929515838623,"Male"
"9004160",371982,2025-06-15 12:35:12,42.5177192687988,-8.82931137084961,"Male"
"9004160",371982,2025-06-15 12:40:12,42.5176658630371,-8.82925319671631,"Male"
"9004160",371982,2025-06-15 12:45:12,42.5177307128906,-8.82930374145508,"Male"
"9004160",371982,2025-06-15 12:50:12,42.5177116394043,-8.82932949066162,"Male"
"9004160",371982,2025-06-15 12:55:12,42.5176658630371,-8.82922840118408,"Male"
"9004160",371982,2025-06-15 13:00:12,42.5177154541016,-8.829270362854,"Male"
"9004160",371982,2025-06-15 13:05:12,42.5176391601562,-8.82930660247803,"Male"
"9004160",371982,2025-06-15 13:10:12,42.5177459716797,-8.82925415039062,"Male"
"9004160",371982,2025-06-15 13:15:12,42.5177307128906,-8.82926082611084,"Male"
"9004160",371982,2025-06-15 13:20:12,42.5176811218262,-8.82926177978516,"Male"
"9004160",371982,2025-06-15 13:25:12,42.5177154541016,-8.82925224304199,"Male"
"9004160",371982,2025-06-15 13:30:12,42.5176963806152,-8.82924938201904,"Male"
"9004160",371982,2025-06-15 13:35:35,42.5176658630371,-8.82923984527588,"Male"
"9004160",371982,2025-06-15 13:40:12,42.5176658630371,-8.82924556732178,"Male"
"9004160",371982,2025-06-15 13:45:12,42.5176658630371,-8.82923793792725,"Male"
"9004160",371982,2025-06-15 13:50:11,42.5176467895508,-8.82923603057861,"Male"
"9004160",371982,2025-06-15 13:55:45,42.5178985595703,-8.82984447479248,"Male"
"9004160",371982,2025-06-15 14:00:55,42.5178489685059,-8.82975387573242,"Male"
"9004160",371982,2025-06-15 14:05:52,42.5183563232422,-8.82966613769531,"Male"
"9004160",371982,2025-06-15 14:11:17,42.5181121826172,-8.82938480377197,"Male"
"9004160",371982,2025-06-15 14:16:15,42.5176658630371,-8.82923126220703,"Male"
"9004160",371982,2025-06-15 14:21:15,42.517650604248,-8.82927513122559,"Male"
"9004160",371982,2025-06-15 14:26:15,42.5176658630371,-8.82928943634033,"Male"
"9004160",371982,2025-06-15 14:31:16,42.517650604248,-8.82927894592285,"Male"
"9004160",371982,2025-06-15 14:36:16,42.5177230834961,-8.82922458648682,"Male"
"9004160",371982,2025-06-15 14:41:15,42.5176658630371,-8.82928466796875,"Male"
"9004160",371982,2025-06-15 14:46:16,42.5176849365234,-8.82930755615234,"Male"
"9004160",371982,2025-06-15 14:51:15,42.5176658630371,-8.8292875289917,"Male"
"9004160",371982,2025-06-15 14:56:16,42.5176315307617,-8.8291482925415,"Male"
"9004160",371982,2025-06-15 15:01:16,42.5175857543945,-8.82930469512939,"Male"
"9004160",371982,2025-06-15 15:06:16,42.5175666809082,-8.82927227020264,"Male"
"9004160",371982,2025-06-15 15:11:16,42.520580291748,-8.8295955657959,"Male"
"9004160",371982,2025-06-15 15:16:17,42.5206413269043,-8.82966232299805,"Male"
"9004160",371982,2025-06-15 15:21:17,42.5206146240234,-8.82963752746582,"Male"
"9004160",371982,2025-06-15 15:26:17,42.5206642150879,-8.82967567443848,"Male"
"9004160",371982,2025-06-15 15:31:17,42.5206527709961,-8.82970809936523,"Male"
"9004160",371982,2025-06-15 15:36:18,42.5207481384277,-8.82973670959473,"Male"
"9004160",371982,2025-06-15 15:41:17,42.520637512207,-8.82967472076416,"Male"
"9004160",371982,2025-06-15 15:46:17,42.5207290649414,-8.8297643661499,"Male"
"9004160",371982,2025-06-15 15:51:17,42.5206718444824,-8.82966804504395,"Male"
"9004160",371982,2025-06-15 15:56:18,42.5206527709961,-8.82967185974121,"Male"
"9004160",371982,2025-06-15 16:01:19,42.5205345153809,-8.82958889007568,"Male"
"9004160",371982,2025-06-15 16:06:18,42.5205497741699,-8.8296365737915,"Male"
"9004160",371982,2025-06-15 16:11:17,42.5205879211426,-8.82962322235107,"Male"
"9004160",371982,2025-06-15 16:16:17,42.5206871032715,-8.82966327667236,"Male"
"9004160",371982,2025-06-15 16:21:18,42.5206756591797,-8.82971668243408,"Male"
"9004160",371982,2025-06-15 16:26:19,42.5208168029785,-8.82998180389404,"Male"
"9004160",371982,2025-06-15 16:31:19,42.5207977294922,-8.8299617767334,"Male"
"9004160",371982,2025-06-15 16:36:21,42.5207786560059,-8.82974338531494,"Male"
"9004160",371982,2025-06-15 16:41:21,42.520809173584,-8.82988834381104,"Male"
"9004160",371982,2025-06-15 16:46:22,42.5206451416016,-8.82998180389404,"Male"
"9004160",371982,2025-06-15 16:51:18,42.5209197998047,-8.83004951477051,"Male"
"9004160",371982,2025-06-15 16:56:22,42.5206718444824,-8.82971096038818,"Male"
"9004160",371982,2025-06-15 17:01:21,42.5207672119141,-8.8298282623291,"Male"
"9004160",371982,2025-06-15 17:06:18,42.5208282470703,-8.82994556427002,"Male"
"9004160",371982,2025-06-15 17:11:22,42.5208740234375,-8.82991886138916,"Male"
"9004160",371982,2025-06-15 17:16:23,42.5208396911621,-8.82993125915527,"Male"
"9004160",371982,2025-06-15 17:21:44,42.5206604003906,-8.82951068878174,"Male"
"9004160",371982,2025-06-15 17:26:17,42.520637512207,-8.82954502105713,"Male"
"9004160",371982,2025-06-15 17:31:17,42.520622253418,-8.82943344116211,"Male"
"9004160",371982,2025-06-15 17:36:17,42.5207061767578,-8.82962989807129,"Male"
"9004160",371982,2025-06-15 17:41:17,42.5206489562988,-8.82955551147461,"Male"
"9004160",371982,2025-06-15 17:46:44,42.5205345153809,-8.82955074310303,"Male"
"9004160",371982,2025-06-15 17:51:17,42.5206604003906,-8.82956123352051,"Male"
"9004160",371982,2025-06-15 17:56:17,42.5206985473633,-8.82956123352051,"Male"
"9004160",371982,2025-06-15 18:01:17,42.5205154418945,-8.82950305938721,"Male"
"9004160",371982,2025-06-15 18:06:17,42.5205383300781,-8.82952690124512,"Male"
"9004160",371982,2025-06-15 18:11:17,42.5205917358398,-8.82952880859375,"Male"
"9004160",371982,2025-06-15 18:16:17,42.5205345153809,-8.8295202255249,"Male"
"9004160",371982,2025-06-15 18:21:17,42.5205993652344,-8.82946300506592,"Male"
"9004160",371982,2025-06-15 18:26:17,42.5206184387207,-8.82946968078613,"Male"
"9004160",371982,2025-06-15 18:31:35,42.5204544067383,-8.82966899871826,"Male"
"9004160",371982,2025-06-15 18:36:24,42.5203437805176,-8.8296012878418,"Male"
"9004160",371982,2025-06-15 18:41:43,42.5205078125,-8.82951927185059,"Male"
"9004160",371982,2025-06-15 18:46:17,42.5204620361328,-8.82951545715332,"Male"
"9004160",371982,2025-06-15 18:51:17,42.5205230712891,-8.82957649230957,"Male"
"9004160",371982,2025-06-15 18:56:17,42.5204238891602,-8.82950878143311,"Male"
"9004160",371982,2025-06-15 19:01:17,42.5206756591797,-8.82964134216309,"Male"
"9004160",371982,2025-06-15 19:06:17,42.5216598510742,-8.83191776275635,"Male"
"9004160",371982,2025-06-15 19:11:17,42.5187530517578,-8.866042137146,"Male"
"9004160",371982,2025-06-15 19:16:17,42.5185661315918,-8.86606407165527,"Male"
"9004160",371982,2025-06-15 19:21:17,42.5188217163086,-8.86600017547607,"Male"
"9004160",371982,2025-06-15 19:26:30,42.5186538696289,-8.8659496307373,"Male"
"9004160",371982,2025-06-15 19:31:44,42.5186729431152,-8.86600971221924,"Male"
"9004160",371982,2025-06-15 19:36:17,42.518627166748,-8.86614799499512,"Male"
"9004160",371982,2025-06-15 19:41:18,42.5187530517578,-8.86590957641602,"Male"
"9004160",371982,2025-06-15 19:46:19,42.5186500549316,-8.86592578887939,"Male"
"9004160",371982,2025-06-15 19:51:17,42.518741607666,-8.86584854125977,"Male"
"9004160",371982,2025-06-15 19:56:17,42.4816551208496,-8.92270755767822,"Male"
"9004160",371982,2025-06-15 20:01:17,42.4304695129395,-8.94240665435791,"Male"
"9004160",371982,2025-06-15 20:06:17,42.3995246887207,-8.92300796508789,"Male"
"9004160",371982,2025-06-15 20:11:17,42.3992691040039,-8.92173862457275,"Male"
"9004160",371982,2025-06-15 20:16:23,42.3996772766113,-8.92167568206787,"Male"
"9004160",371982,2025-06-15 20:21:44,42.3993911743164,-8.92174243927002,"Male"
"9004160",371982,2025-06-15 20:26:17,42.3991813659668,-8.9222297668457,"Male"
"9004160",371982,2025-06-15 20:31:32,42.3992958068848,-8.92183589935303,"Male"
"9004160",371982,2025-06-15 20:36:17,42.3991088867188,-8.92223167419434,"Male"
"9004160",371982,2025-06-15 20:41:22,42.3989486694336,-8.92201232910156,"Male"
"9004160",371982,2025-06-15 20:46:44,42.3994789123535,-8.92198657989502,"Male"
"9004160",371982,2025-06-15 20:51:22,42.399486541748,-8.921630859375,"Male"
"9004160",371982,2025-06-15 20:56:31,42.3993110656738,-8.92193508148193,"Male"
"9004160",371982,2025-06-15 21:01:29,42.3992156982422,-8.92170906066895,"Male"
"9004160",371982,2025-06-15 21:06:23,42.3991966247559,-8.92167377471924,"Male"
"9004160",371982,2025-06-15 21:11:28,42.399169921875,-8.92156982421875,"Male"
"9004160",371982,2025-06-15 21:16:23,42.3996429443359,-8.92183589935303,"Male"
"9004160",371982,2025-06-15 21:21:29,42.3998069763184,-8.92145919799805,"Male"
"9004160",371982,2025-06-15 21:26:24,42.3997917175293,-8.92179870605469,"Male"
"9004160",371982,2025-06-15 21:31:35,42.3997955322266,-8.92107963562012,"Male"
"9004160",371982,2025-06-15 21:36:22,42.3996429443359,-8.92141914367676,"Male"
"9004160",371982,2025-06-15 21:41:23,42.399528503418,-8.92144203186035,"Male"
"9004160",371982,2025-06-15 21:46:23,42.399845123291,-8.92138957977295,"Male"
"9004160",371982,2025-06-15 21:51:22,42.3996963500977,-8.92128086090088,"Male"
"9004160",371982,2025-06-15 21:56:26,42.3999214172363,-8.92115497589111,"Male"
"9004160",371982,2025-06-15 22:01:42,42.3997535705566,-8.92124843597412,"Male"
"9004160",371982,2025-06-15 22:06:36,42.3995552062988,-8.92126560211182,"Male"
"9004160",371982,2025-06-15 22:11:35,42.3989143371582,-8.92171287536621,"Male"
"9004160",371982,2025-06-15 22:16:18,42.3994102478027,-8.92146396636963,"Male"
"9004160",371982,2025-06-15 22:21:17,42.3997344970703,-8.92144012451172,"Male"
"9004160",371982,2025-06-15 22:26:17,42.3997497558594,-8.92103958129883,"Male"
"9004160",371982,2025-06-15 22:31:17,42.3994445800781,-8.92159557342529,"Male"
"9004160",371982,2025-06-15 22:36:18,42.3995819091797,-8.92130947113037,"Male"
"9004160",371982,2025-06-15 22:41:21,42.3997192382812,-8.92166233062744,"Male"
"9004160",371982,2025-06-15 22:46:17,42.3997383117676,-8.92151832580566,"Male"
"9004160",371982,2025-06-15 22:51:17,42.3998870849609,-8.9214334487915,"Male"
"9004160",371982,2025-06-15 22:56:17,42.3996047973633,-8.92148876190186,"Male"
"9004160",371982,2025-06-15 23:01:17,42.3995590209961,-8.92151069641113,"Male"
"9004160",371982,2025-06-15 23:06:18,42.399528503418,-8.92156600952148,"Male"
"9004160",371982,2025-06-15 23:11:18,42.3994636535645,-8.92155647277832,"Male"
"9004160",371982,2025-06-15 23:16:18,42.399543762207,-8.92165279388428,"Male"
"9004160",371982,2025-06-15 23:21:18,42.3994216918945,-8.92162609100342,"Male"
"9004160",371982,2025-06-15 23:26:17,42.3994407653809,-8.92175197601318,"Male"
"9004160",371982,2025-06-15 23:31:17,42.3993873596191,-8.92179679870605,"Male"
"9004160",371982,2025-06-15 23:36:18,42.3994827270508,-8.92177581787109,"Male"
"9004160",371982,2025-06-15 23:41:49,42.3993530273438,-8.92187786102295,"Male"
"9004160",371982,2025-06-15 23:46:16,42.3993377685547,-8.92197418212891,"Male"
"9004160",371982,2025-06-15 23:51:16,42.3993072509766,-8.92195796966553,"Male"
"9004160",371982,2025-06-15 23:56:20,42.3992614746094,-8.92184352874756,"Male"
"9004160",371982,2025-06-16 00:01:18,42.3993225097656,-8.92184352874756,"Male"
"9004160",371982,2025-06-16 00:06:20,42.3993148803711,-8.92187118530273,"Male"
"9004160",371982,2025-06-16 00:11:19,42.3993530273438,-8.92187404632568,"Male"
"9004160",371982,2025-06-16 00:16:20,42.3994178771973,-8.92202758789062,"Male"
"9004160",371982,2025-06-16 00:21:20,42.3994903564453,-8.92167091369629,"Male"
"9004160",371982,2025-06-16 00:26:17,42.399471282959,-8.9218807220459,"Male"
"9004160",371982,2025-06-16 00:31:17,42.3994941711426,-8.92189788818359,"Male"
"9004160",371982,2025-06-16 00:36:17,42.3994903564453,-8.92197513580322,"Male"
"9004160",371982,2025-06-16 00:41:18,42.3994331359863,-8.92191314697266,"Male"
"9004160",371982,2025-06-16 00:46:22,42.3996276855469,-8.92189884185791,"Male"
"9004160",371982,2025-06-16 00:51:17,42.3996620178223,-8.92196559906006,"Male"
"9004160",371982,2025-06-16 00:56:17,42.3997268676758,-8.9219446182251,"Male"
"9004160",371982,2025-06-16 01:01:17,42.3996849060059,-8.92198085784912,"Male"
"9004160",371982,2025-06-16 01:06:17,42.3999176025391,-8.9220027923584,"Male"
"9004160",371982,2025-06-16 01:11:17,42.3999099731445,-8.92202854156494,"Male"
"9004160",371982,2025-06-16 01:16:17,42.3998603820801,-8.92204284667969,"Male"
"9004160",371982,2025-06-16 01:21:18,42.3995895385742,-8.92199325561523,"Male"
"9004160",371982,2025-06-16 01:26:17,42.3996658325195,-8.92206287384033,"Male"
"9004160",371982,2025-06-16 01:31:17,42.3995475769043,-8.92201805114746,"Male"
"9004160",371982,2025-06-16 01:36:18,42.3997459411621,-8.92212867736816,"Male"
"9004160",371982,2025-06-16 01:41:20,42.3999061584473,-8.92220783233643,"Male"
"9004160",371982,2025-06-16 01:46:19,42.4004135131836,-8.922438621521,"Male"
"9004160",371982,2025-06-16 01:51:29,42.4001312255859,-8.92201614379883,"Male"
"9004160",371982,2025-06-16 01:56:30,42.4005126953125,-8.92231941223145,"Male"
"9004160",371982,2025-06-16 02:01:18,42.4003715515137,-8.92236518859863,"Male"
"9004160",371982,2025-06-16 02:06:22,42.401050567627,-8.92310237884521,"Male"
"9004160",371982,2025-06-16 02:11:53,42.3988342285156,-8.9216775894165,"Male"
"9004160",371982,2025-06-16 02:16:18,42.3985786437988,-8.92132663726807,"Male"
"9004160",371982,2025-06-16 02:21:17,42.3986396789551,-8.92136478424072,"Male"
"9004160",371982,2025-06-16 02:26:19,42.3992652893066,-8.92189598083496,"Male"
"9004160",371982,2025-06-16 02:31:19,42.3993301391602,-8.92203140258789,"Male"
"9004160",371982,2025-06-16 02:36:18,42.3991088867188,-8.92190456390381,"Male"
"9004160",371982,2025-06-16 02:41:20,42.3987922668457,-8.9214563369751,"Male"
"9004160",371982,2025-06-16 02:46:30,42.3993034362793,-8.92214107513428,"Male"
"9004160",371982,2025-06-16 02:51:20,42.3998603820801,-8.92240715026855,"Male"
"9004160",371982,2025-06-16 02:56:30,42.3993759155273,-8.92197799682617,"Male"
"9004160",371982,2025-06-16 03:01:21,42.399227142334,-8.92183876037598,"Male"
"9004160",371982,2025-06-16 03:06:29,42.3993835449219,-8.92200660705566,"Male"
"9004160",371982,2025-06-16 03:11:22,42.3998908996582,-8.92240047454834,"Male"
"9004160",371982,2025-06-16 03:16:30,42.399356842041,-8.92212104797363,"Male"
"9004160",371982,2025-06-16 03:21:23,42.3995323181152,-8.92208671569824,"Male"
"9004160",371982,2025-06-16 03:26:30,42.3993263244629,-8.92209815979004,"Male"
"9004160",371982,2025-06-16 03:31:25,42.3993263244629,-8.92210292816162,"Male"
"9004160",371982,2025-06-16 03:36:30,42.3993339538574,-8.92206192016602,"Male"
"9004160",371982,2025-06-16 03:41:25,42.398567199707,-8.92139530181885,"Male"
"9004160",371982,2025-06-16 03:46:30,42.3992729187012,-8.92202758789062,"Male"
"9004160",371982,2025-06-16 03:51:21,42.4000473022461,-8.9227352142334,"Male"
"9004160",371982,2025-06-16 03:56:30,42.3993721008301,-8.92196369171143,"Male"
"9004160",371982,2025-06-16 04:01:25,42.3986549377441,-8.92137432098389,"Male"
"9004160",371982,2025-06-16 04:06:23,42.3992500305176,-8.92178058624268,"Male"
"9004160",371982,2025-06-16 04:11:34,42.3994293212891,-8.92197036743164,"Male"
"9004160",371982,2025-06-16 04:16:42,42.3993682861328,-8.92193222045898,"Male"
"9004160",371982,2025-06-16 04:21:23,42.399227142334,-8.92184352874756,"Male"
"9004160",371982,2025-06-16 04:26:17,42.399299621582,-8.92192649841309,"Male"
"9004160",371982,2025-06-16 04:31:24,42.3994255065918,-8.92197513580322,"Male"
"9004160",371982,2025-06-16 04:36:18,42.399284362793,-8.92202377319336,"Male"
"9004160",371982,2025-06-16 04:41:17,42.3993110656738,-8.92205047607422,"Male"
"9004160",371982,2025-06-16 04:46:19,42.3991546630859,-8.92221069335938,"Male"
"9004160",371982,2025-06-16 04:52:05,42.3992347717285,-8.92221260070801,"Male"
"9004160",371982,2025-06-16 04:56:17,42.3993911743164,-8.9222240447998,"Male"
"9004160",371982,2025-06-16 05:01:18,42.3990592956543,-8.92219543457031,"Male"
"9004160",371982,2025-06-16 05:06:17,42.399356842041,-8.92207050323486,"Male"
"9004160",371982,2025-06-16 05:11:22,42.3987770080566,-8.92257022857666,"Male"
"9004160",371982,2025-06-16 05:16:21,42.3987197875977,-8.92259979248047,"Male"
"9004160",371982,2025-06-16 05:21:20,42.3991622924805,-8.92143821716309,"Male"
"9004160",371982,2025-06-16 05:26:20,42.3992233276367,-8.9214916229248,"Male"
"9004160",371982,2025-06-16 05:31:22,42.3992195129395,-8.92153167724609,"Male"
"9004160",371982,2025-06-16 05:36:22,42.3991432189941,-8.92163181304932,"Male"
"9004160",371982,2025-06-16 05:41:23,42.3992195129395,-8.92159366607666,"Male"
"9004160",371982,2025-06-16 05:46:18,42.399284362793,-8.92167186737061,"Male"
"9004160",371982,2025-06-16 05:51:18,42.3992881774902,-8.92178249359131,"Male"
"9004160",371982,2025-06-16 05:56:18,42.3992538452148,-8.92180442810059,"Male"
"9004160",371982,2025-06-16 06:01:21,42.3990325927734,-8.92154788970947,"Male"
"9004160",371982,2025-06-16 06:06:44,42.3978462219238,-8.9201774597168,"Male"
"9004160",371982,2025-06-16 06:11:18,42.3978500366211,-8.92024898529053,"Male"
"9004160",371982,2025-06-16 06:16:18,42.3978309631348,-8.92022132873535,"Male"
"9004160",371982,2025-06-16 06:21:25,42.3978652954102,-8.92031383514404,"Male"
"9004160",371982,2025-06-16 06:26:18,42.3978462219238,-8.92031288146973,"Male"
"9004160",371982,2025-06-16 06:31:18,42.3978309631348,-8.92018413543701,"Male"
"9004160",371982,2025-06-16 06:36:18,42.397834777832,-8.92026615142822,"Male"
"9004160",371982,2025-06-16 06:41:18,42.3978500366211,-8.92025566101074,"Male"
"9004160",371982,2025-06-16 06:46:44,42.3979225158691,-8.92019557952881,"Male"
"9004160",371982,2025-06-16 06:51:18,42.3978233337402,-8.9203052520752,"Male"
"9004160",371982,2025-06-16 06:56:18,42.3978157043457,-8.92023754119873,"Male"
"9004160",371982,2025-06-16 07:01:17,42.3978080749512,-8.9203519821167,"Male"
"9004160",371982,2025-06-16 07:06:18,42.3978576660156,-8.92029857635498,"Male"
"9004160",371982,2025-06-16 07:11:18,42.3979225158691,-8.92018127441406,"Male"
"9004160",371982,2025-06-16 07:16:18,42.3977851867676,-8.92026424407959,"Male"
"9004160",371982,2025-06-16 07:21:18,42.3978004455566,-8.92029476165771,"Male"
"9004160",371982,2025-06-16 07:26:18,42.3978118896484,-8.92025089263916,"Male"
"9004160",371982,2025-06-16 07:31:23,42.3980255126953,-8.92009735107422,"Male"
"9004160",371982,2025-06-16 07:36:45,42.3976821899414,-8.91952323913574,"Male"
"9004160",371982,2025-06-16 07:41:18,42.3976898193359,-8.91948986053467,"Male"
"9004160",371982,2025-06-16 07:46:20,42.3977203369141,-8.91944122314453,"Male"
"9004160",371982,2025-06-16 07:51:18,42.3976707458496,-8.91928768157959,"Male"
"9004160",371982,2025-06-16 07:56:18,42.3976898193359,-8.91923141479492,"Male"
"9004160",371982,2025-06-16 08:01:18,42.3974647521973,-8.91930961608887,"Male"
"9004160",371982,2025-06-16 08:06:19,42.3977546691895,-8.9191722869873,"Male"
"9004160",371982,2025-06-16 08:11:18,42.3975448608398,-8.91918468475342,"Male"
"9004160",371982,2025-06-16 08:16:18,42.397575378418,-8.91905117034912,"Male"
"9004160",371982,2025-06-16 08:21:18,42.397518157959,-8.91911697387695,"Male"
"9004160",371982,2025-06-16 08:26:18,42.4023780822754,-8.92089366912842,"Male"
"9004160",371982,2025-06-16 08:31:23,42.4272880554199,-8.9254150390625,"Male"
"9004160",371982,2025-06-16 08:36:19,42.4563865661621,-8.93855571746826,"Male"
"9004160",371982,2025-06-16 08:41:17,42.4545402526855,-8.937575340271,"Male"
"9004160",371982,2025-06-16 08:46:18,42.4539566040039,-8.93706893920898,"Male"
"9004160",371982,2025-06-16 08:51:24,42.4748649597168,-8.93891906738281,"Male"
"9004160",371982,2025-06-16 08:56:22,42.4930038452148,-8.91098880767822,"Male"
"9004160",371982,2025-06-16 09:01:31,42.5070304870605,-8.88857364654541,"Male"
"9004160",371982,2025-06-16 09:06:45,42.5096130371094,-8.8885498046875,"Male"
"9004160",371982,2025-06-16 09:13:14,42.5095405578613,-8.88726043701172,"Male"
"9004160",371982,2025-06-16 09:19:13,42.5121765136719,-8.88885402679443,"Male"
"9004160",371982,2025-06-16 09:24:12,42.5163269042969,-8.88164138793945,"Male"
"9004160",371982,2025-06-16 09:29:14,42.5223045349121,-8.87265968322754,"Male"
"9004160",371982,2025-06-16 09:34:18,42.5211181640625,-8.87101745605469,"Male"
"9004160",371982,2025-06-16 09:39:12,42.5217247009277,-8.87188816070557,"Male"
"9004160",371982,2025-06-16 09:44:13,42.521125793457,-8.87120342254639,"Male"
"9004160",371982,2025-06-16 09:49:12,42.5207939147949,-8.8708324432373,"Male"
"9004160",371982,2025-06-16 09:54:26,42.5207710266113,-8.8708381652832,"Male"
"9004160",371982,2025-06-16 09:59:35,42.5205383300781,-8.87089347839355,"Male"
"9004160",371982,2025-06-16 10:04:13,42.5203437805176,-8.87101459503174,"Male"
"9004160",371982,2025-06-16 10:09:13,42.5204391479492,-8.87097644805908,"Male"
"9004160",371982,2025-06-16 10:14:14,42.5217742919922,-8.87084484100342,"Male"
"9004160",371982,2025-06-16 10:19:18,42.5228958129883,-8.87113094329834,"Male"
"9004160",371982,2025-06-16 10:24:19,42.5222244262695,-8.87318134307861,"Male"
"9004160",371982,2025-06-16 10:30:02,42.5230941772461,-8.8733081817627,"Male"
"9004160",371982,2025-06-16 10:35:20,42.5227317810059,-8.8747501373291,"Male"
"9004160",371982,2025-06-16 10:40:21,42.5228576660156,-8.87747669219971,"Male"
"9004160",371982,2025-06-16 10:45:20,42.5233268737793,-8.87845230102539,"Male"
"9004160",371982,2025-06-16 10:50:20,42.5248794555664,-8.88164043426514,"Male"
"9004160",371982,2025-06-16 10:55:24,42.5256767272949,-8.88148498535156,"Male"
"9004160",371982,2025-06-16 11:00:20,42.5257339477539,-8.88138580322266,"Male"
"9004160",371982,2025-06-16 11:05:20,42.5256958007812,-8.88155651092529,"Male"
"9004160",371982,2025-06-16 11:10:20,42.5257148742676,-8.88140106201172,"Male"
"9004160",371982,2025-06-16 11:15:20,42.5256309509277,-8.8814697265625,"Male"
"9004160",371982,2025-06-16 11:20:20,42.5256118774414,-8.8814172744751,"Male"
"9004160",371982,2025-06-16 11:25:20,42.5256462097168,-8.88156509399414,"Male"
"9004160",371982,2025-06-16 11:30:20,42.5256729125977,-8.8815803527832,"Male"
"9004160",371982,2025-06-16 11:35:20,42.5257263183594,-8.88140106201172,"Male"
"9004160",371982,2025-06-16 11:40:20,42.5256958007812,-8.88161087036133,"Male"
"9004160",371982,2025-06-16 11:45:20,42.5256652832031,-8.88146114349365,"Male"
"9004160",371982,2025-06-16 11:50:20,42.5256958007812,-8.88149642944336,"Male"
"9004160",371982,2025-06-16 11:55:20,42.5256843566895,-8.88156700134277,"Male"
"9004160",371982,2025-06-16 12:00:20,42.5256385803223,-8.88163185119629,"Male"
"9004160",371982,2025-06-16 12:05:20,42.5256729125977,-8.88148975372314,"Male"
"9004160",371982,2025-06-16 12:10:20,42.5256996154785,-8.88146209716797,"Male"
"9004160",371982,2025-06-16 12:15:20,42.5256958007812,-8.88144016265869,"Male"
"9004160",371982,2025-06-16 12:20:21,42.5253524780273,-8.87978267669678,"Male"
"9004160",371982,2025-06-16 12:25:34,42.5237426757812,-8.87771606445312,"Male"
"9004160",371982,2025-06-16 12:30:34,42.5228500366211,-8.87551593780518,"Male"
"9004160",371982,2025-06-16 12:35:56,42.522819519043,-8.87409400939941,"Male"
"9004160",371982,2025-06-16 12:41:16,42.5212364196777,-8.87398529052734,"Male"
"9004160",371982,2025-06-16 12:46:13,42.5201072692871,-8.87378692626953,"Male"
"9004160",371982,2025-06-16 12:51:13,42.5208854675293,-8.83284187316895,"Male"
"9004160",371982,2025-06-16 12:56:31,42.5213661193848,-8.83198261260986,"Male"
"9004160",371982,2025-06-16 13:01:28,42.521858215332,-8.83123970031738,"Male"
"9004160",371982,2025-06-16 13:06:26,42.5217437744141,-8.83118629455566,"Male"
"9004160",371982,2025-06-16 13:11:46,42.5215377807617,-8.83144283294678,"Male"
"9004160",371982,2025-06-16 13:17:01,42.520450592041,-8.83046245574951,"Male"
"9004160",371982,2025-06-16 13:22:01,42.5200729370117,-8.82972240447998,"Male"
"9004160",371982,2025-06-16 13:26:58,42.5199317932129,-8.83009052276611,"Male"
"9004160",371982,2025-06-16 13:31:58,42.5199813842773,-8.8298282623291,"Male"
"9004160",371982,2025-06-16 13:36:58,42.5200119018555,-8.82983875274658,"Male"
"9004160",371982,2025-06-16 13:42:00,42.5199813842773,-8.8297061920166,"Male"
"9004160",371982,2025-06-16 13:47:00,42.5204658508301,-8.82901954650879,"Male"
"9004160",371982,2025-06-16 13:51:58,42.5199432373047,-8.82986354827881,"Male"
"9004160",371982,2025-06-16 13:56:58,42.5199508666992,-8.82984352111816,"Male"
"9004160",371982,2025-06-16 14:01:58,42.5201225280762,-8.82981967926025,"Male"
"9004160",371982,2025-06-16 14:06:58,42.5200500488281,-8.82988357543945,"Male"
"9004160",371982,2025-06-16 14:11:58,42.5201301574707,-8.82990074157715,"Male"
"9004160",371982,2025-06-16 14:17:29,42.5200424194336,-8.82965755462646,"Male"
"9004160",371982,2025-06-16 14:21:58,42.5198440551758,-8.82979297637939,"Male"
"9004160",371982,2025-06-16 14:26:58,42.5198402404785,-8.82972431182861,"Male"
"9004160",371982,2025-06-16 14:31:58,42.5198173522949,-8.82978916168213,"Male"
"9004160",371982,2025-06-16 14:36:58,42.5198059082031,-8.82977104187012,"Male"
"9004160",371982,2025-06-16 14:41:59,42.5200691223145,-8.82986259460449,"Male"
"9004160",371982,2025-06-16 14:46:59,42.5210418701172,-8.83023738861084,"Male"
"9004160",371982,2025-06-16 14:52:09,42.5219230651855,-8.82948875427246,"Male"
"9004160",371982,2025-06-16 14:57:12,42.5220222473145,-8.82953071594238,"Male"
"9004160",371982,2025-06-16 15:02:28,42.5211486816406,-8.82951831817627,"Male"
"9004160",371982,2025-06-16 15:07:26,42.5204010009766,-8.82973098754883,"Male"
"9004160",371982,2025-06-16 15:12:27,42.5203971862793,-8.82968235015869,"Male"
"9004160",371982,2025-06-16 15:17:27,42.520565032959,-8.82984352111816,"Male"
"9004160",371982,2025-06-16 15:22:27,42.5204162597656,-8.82974338531494,"Male"
"9004160",371982,2025-06-16 15:27:26,42.5204086303711,-8.82967567443848,"Male"
"9004160",371982,2025-06-16 15:32:27,42.5206069946289,-8.82981967926025,"Male"
"9004160",371982,2025-06-16 15:37:26,42.5206031799316,-8.8297290802002,"Male"
"9004160",371982,2025-06-16 15:42:27,42.5206832885742,-8.82980346679688,"Male"
"9004160",371982,2025-06-16 15:47:28,42.5205993652344,-8.829833984375,"Male"
"9004160",371982,2025-06-16 15:52:30,42.5203628540039,-8.83080863952637,"Male"
"9004160",371982,2025-06-16 15:57:30,42.5195541381836,-8.83034133911133,"Male"
"9004160",371982,2025-06-16 16:02:48,42.5179672241211,-8.82913398742676,"Male"
"9004160",371982,2025-06-16 16:07:48,42.5166130065918,-8.82757663726807,"Male"
"9004160",371982,2025-06-16 16:12:48,42.5167465209961,-8.82553958892822,"Male"
"9004160",371982,2025-06-16 16:17:47,42.5166397094727,-8.82552433013916,"Male"
"9004160",371982,2025-06-16 16:22:47,42.5167579650879,-8.82570266723633,"Male"
"9004160",371982,2025-06-16 16:27:47,42.5167999267578,-8.82579326629639,"Male"
"9004160",371982,2025-06-16 16:32:47,42.5166778564453,-8.82557010650635,"Male"
"9004160",371982,2025-06-16 16:37:56,42.5168838500977,-8.82571315765381,"Male"
"9004160",371982,2025-06-16 16:42:50,42.5169525146484,-8.82580852508545,"Male"
"9004160",371982,2025-06-16 16:47:47,42.5167808532715,-8.82576465606689,"Male"
"9004160",371982,2025-06-16 16:52:48,42.5167427062988,-8.82571411132812,"Male"
"9004160",371982,2025-06-16 16:57:47,42.5166893005371,-8.82569789886475,"Male"
"9004160",371982,2025-06-16 17:03:14,42.5166320800781,-8.82547760009766,"Male"
"9004160",371982,2025-06-16 17:07:46,42.5165824890137,-8.82536888122559,"Male"
"9004160",371982,2025-06-16 17:12:46,42.5165481567383,-8.82539653778076,"Male"
"9004160",371982,2025-06-16 17:17:46,42.5167503356934,-8.8256368637085,"Male"
"9004160",371982,2025-06-16 17:22:46,42.5169448852539,-8.82582855224609,"Male"
"9004160",371982,2025-06-16 17:27:46,42.5168800354004,-8.82597351074219,"Male"
"9004160",371982,2025-06-16 17:32:47,42.5168952941895,-8.82584953308105,"Male"
"9004160",371982,2025-06-16 17:37:47,42.5168838500977,-8.82589054107666,"Male"
"9004160",371982,2025-06-16 17:42:47,42.5169219970703,-8.82596206665039,"Male"
"9004160",371982,2025-06-16 17:47:53,42.5166549682617,-8.82549476623535,"Male"
"9004160",371982,2025-06-16 17:52:47,42.5168495178223,-8.8257942199707,"Male"
"9004160",371982,2025-06-16 17:59:14,42.51611328125,-8.82590293884277,"Male"
"9004160",371982,2025-06-16 18:03:05,42.5157127380371,-8.8272705078125,"Male"
"9004160",371982,2025-06-16 18:08:07,42.5160675048828,-8.82864665985107,"Male"
"9004160",371982,2025-06-16 18:13:08,42.5167045593262,-8.8289098739624,"Male"
"9004160",371982,2025-06-16 18:18:05,42.5168952941895,-8.82933330535889,"Male"
"9004160",371982,2025-06-16 18:23:06,42.5119667053223,-8.83734512329102,"Male"
"9004160",371982,2025-06-16 18:28:07,42.5187149047852,-8.86584949493408,"Male"
"9004160",371982,2025-06-16 18:33:11,42.5191268920898,-8.86686706542969,"Male"
"9004160",371982,2025-06-16 18:38:07,42.5191612243652,-8.86698436737061,"Male"
"9004160",371982,2025-06-16 18:43:08,42.5184783935547,-8.86545562744141,"Male"
"9004160",371982,2025-06-16 18:48:32,42.518913269043,-8.86596488952637,"Male"
"9004160",371982,2025-06-16 18:53:06,42.5188484191895,-8.86612987518311,"Male"
"9004160",371982,2025-06-16 18:58:07,42.5188179016113,-8.8660888671875,"Male"
"9004160",371982,2025-06-16 19:03:10,42.5188179016113,-8.86601448059082,"Male"
"9004160",371982,2025-06-16 19:08:07,42.5188636779785,-8.86607265472412,"Male"
"9004160",371982,2025-06-16 19:13:07,42.5189323425293,-8.86608409881592,"Male"
"9004160",371982,2025-06-16 19:18:07,42.5188941955566,-8.86612415313721,"Male"
"9004160",371982,2025-06-16 19:23:07,42.5188980102539,-8.8661470413208,"Male"
"9004160",371982,2025-06-16 19:28:12,42.5188751220703,-8.86612892150879,"Male"
"9004160",371982,2025-06-16 19:33:07,42.5188636779785,-8.86612987518311,"Male"
"9004160",371982,2025-06-16 19:38:07,42.5188598632812,-8.86611938476562,"Male"
"9004160",371982,2025-06-16 19:43:07,42.5188102722168,-8.86615371704102,"Male"
"9004160",371982,2025-06-16 19:48:07,42.5188484191895,-8.86603260040283,"Male"
"9004160",371982,2025-06-16 19:53:07,42.5188598632812,-8.86600208282471,"Male"
"9004160",371982,2025-06-16 19:58:08,42.5187606811523,-8.86602020263672,"Male"
"9004160",371982,2025-06-16 20:03:16,42.5186958312988,-8.86606311798096,"Male"
"9004160",371982,2025-06-16 20:08:11,42.5186920166016,-8.86610698699951,"Male"
"9004160",371982,2025-06-16 20:13:12,42.5185813903809,-8.8660831451416,"Male"
"9004160",371982,2025-06-16 20:18:15,42.5187225341797,-8.86594676971436,"Male"
"9004160",371982,2025-06-16 20:23:08,42.5186576843262,-8.8659782409668,"Male"
"9004160",371982,2025-06-16 20:28:22,42.5186920166016,-8.86602210998535,"Male"
"9004160",371982,2025-06-16 20:33:09,42.5186767578125,-8.86594009399414,"Male"
"9004160",371982,2025-06-16 20:38:10,42.518669128418,-8.86602973937988,"Male"
"9004160",371982,2025-06-16 20:43:10,42.5188140869141,-8.86624813079834,"Male"
"9004160",371982,2025-06-16 20:48:07,42.5187187194824,-8.86607360839844,"Male"
"9004160",371982,2025-06-16 20:53:35,42.5187072753906,-8.86588954925537,"Male"
"9004160",371982,2025-06-16 20:58:07,42.5186462402344,-8.8659029006958,"Male"
"9004160",371982,2025-06-16 21:03:06,42.518726348877,-8.8659143447876,"Male"
"9004160",371982,2025-06-16 21:08:06,42.5186882019043,-8.86587715148926,"Male"
"9004160",371982,2025-06-16 21:13:07,42.518669128418,-8.86580371856689,"Male"
"9004160",371982,2025-06-16 21:18:06,42.5186500549316,-8.86589431762695,"Male"
"9004160",371982,2025-06-16 21:23:07,42.518726348877,-8.86589908599854,"Male"
"9004160",371982,2025-06-16 21:28:06,42.5186157226562,-8.86592483520508,"Male"
"9004160",371982,2025-06-16 21:33:07,42.5187377929688,-8.86585712432861,"Male"
"9004160",371982,2025-06-16 21:38:07,42.5187568664551,-8.86583423614502,"Male"
"9004160",371982,2025-06-16 21:43:07,42.5190353393555,-8.86592292785645,"Male"
"9004160",371982,2025-06-16 21:48:07,42.5188980102539,-8.8658275604248,"Male"
"9004160",371982,2025-06-16 21:53:08,42.5191192626953,-8.86614608764648,"Male"
"9004160",371982,2025-06-16 21:58:07,42.5192260742188,-8.86634731292725,"Male"
"9004160",371982,2025-06-16 22:03:11,42.5188903808594,-8.86618900299072,"Male"
"9004160",371982,2025-06-16 22:08:07,42.5187683105469,-8.86590385437012,"Male"
"9004160",371982,2025-06-16 22:13:09,42.5188865661621,-8.86589813232422,"Male"
"9004160",371982,2025-06-16 22:18:09,42.5186882019043,-8.86592483520508,"Male"
"9004160",371982,2025-06-16 22:23:10,42.5187034606934,-8.86600017547607,"Male"
"9004160",371982,2025-06-16 22:28:12,42.5186462402344,-8.86606311798096,"Male"
"9004160",371982,2025-06-16 22:33:08,42.5187568664551,-8.86618232727051,"Male"
"9004160",371982,2025-06-16 22:38:10,42.5186996459961,-8.86601066589355,"Male"
"9004160",371982,2025-06-16 22:43:17,42.5187377929688,-8.8659143447876,"Male"
"9004160",371982,2025-06-16 22:48:09,42.5189018249512,-8.8660192489624,"Male"
"9004160",371982,2025-06-16 22:53:11,42.5186424255371,-8.86603450775146,"Male"
"9004160",371982,2025-06-16 22:58:10,42.5188026428223,-8.86608600616455,"Male"
"9004160",371982,2025-06-16 23:03:10,42.5186996459961,-8.8661994934082,"Male"
"9004160",371982,2025-06-16 23:08:18,42.5188369750977,-8.86593151092529,"Male"
"9004160",371982,2025-06-16 23:13:12,42.5185775756836,-8.8661470413208,"Male"
"9004160",371982,2025-06-16 23:18:34,42.5186996459961,-8.86594772338867,"Male"
"9004160",371982,2025-06-16 23:23:06,42.5186958312988,-8.86598205566406,"Male"
"9004160",371982,2025-06-16 23:28:07,42.5186767578125,-8.8660364151001,"Male"
"9004160",371982,2025-06-16 23:33:06,42.5186614990234,-8.86594200134277,"Male"
"9004160",371982,2025-06-16 23:38:07,42.5186538696289,-8.86592674255371,"Male"
"9004160",371982,2025-06-16 23:43:07,42.5186424255371,-8.86599349975586,"Male"
"9004160",371982,2025-06-16 23:48:07,42.5186958312988,-8.86596488952637,"Male"
"9004160",371982,2025-06-16 23:53:07,42.5186576843262,-8.86596202850342,"Male"
"9004160",371982,2025-06-16 23:58:07,42.5186920166016,-8.86600303649902,"Male"
"9004160",371982,2025-06-17 00:03:06,42.5187110900879,-8.86599254608154,"Male"
"9004160",371982,2025-06-17 00:08:08,42.518726348877,-8.86583995819092,"Male"
"9004160",371982,2025-06-17 00:13:08,42.5187072753906,-8.86593151092529,"Male"
"9004160",371982,2025-06-17 00:18:07,42.5186767578125,-8.86595726013184,"Male"
"9004160",371982,2025-06-17 00:23:08,42.5186958312988,-8.86598491668701,"Male"
"9004160",371982,2025-06-17 00:28:09,42.5187301635742,-8.86591625213623,"Male"
"9004160",371982,2025-06-17 00:33:09,42.5186882019043,-8.86596488952637,"Male"
"9004160",371982,2025-06-17 00:38:07,42.5185966491699,-8.86601734161377,"Male"
"9004160",371982,2025-06-17 00:43:09,42.5188102722168,-8.86586761474609,"Male"
"9004160",371982,2025-06-17 00:48:10,42.5187568664551,-8.86586093902588,"Male"
"9004160",371982,2025-06-17 00:53:08,42.5188674926758,-8.86594867706299,"Male"
"9004160",371982,2025-06-17 00:58:07,42.5187797546387,-8.86594104766846,"Male"
"9004160",371982,2025-06-17 01:03:08,42.5187644958496,-8.86589241027832,"Male"
"9004160",371982,2025-06-17 01:08:07,42.5189971923828,-8.86599826812744,"Male"
"9004160",371982,2025-06-17 01:13:11,42.5188026428223,-8.86601066589355,"Male"
"9004160",371982,2025-06-17 01:18:17,42.518871307373,-8.86603164672852,"Male"
"9004160",371982,2025-06-17 01:23:10,42.5187339782715,-8.86594200134277,"Male"
"9004160",371982,2025-06-17 01:28:07,42.5187911987305,-8.86597728729248,"Male"
"9004160",371982,2025-06-17 01:33:35,42.5186996459961,-8.86591720581055,"Male"
"9004160",371982,2025-06-17 01:38:06,42.5187110900879,-8.86594676971436,"Male"
"9004160",371982,2025-06-17 01:43:06,42.5187530517578,-8.86593055725098,"Male"
"9004160",371982,2025-06-17 01:48:07,42.5186920166016,-8.86596870422363,"Male"
"9004160",371982,2025-06-17 01:53:07,42.518726348877,-8.86595726013184,"Male"
"9004160",371982,2025-06-17 01:58:09,42.5186653137207,-8.86599922180176,"Male"
"9004160",371982,2025-06-17 02:03:09,42.5187644958496,-8.86575984954834,"Male"
"9004160",371982,2025-06-17 02:08:10,42.5187225341797,-8.86590003967285,"Male"
"9004160",371982,2025-06-17 02:13:07,42.5187072753906,-8.86588764190674,"Male"
"9004160",371982,2025-06-17 02:18:11,42.518726348877,-8.86587715148926,"Male"
"9004160",371982,2025-06-17 02:23:11,42.5186958312988,-8.86600685119629,"Male"
"9004160",371982,2025-06-17 02:28:10,42.5187454223633,-8.8659086227417,"Male"
"9004160",371982,2025-06-17 02:33:23,42.5187492370605,-8.86584758758545,"Male"
"9004160",371982,2025-06-17 02:38:06,42.5187683105469,-8.8658618927002,"Male"
"9004160",371982,2025-06-17 02:43:08,42.5187492370605,-8.86590003967285,"Male"
"9004160",371982,2025-06-17 02:48:06,42.5187034606934,-8.8658504486084,"Male"
"9004160",371982,2025-06-17 02:53:07,42.5186996459961,-8.8658504486084,"Male"
"9004160",371982,2025-06-17 02:58:08,42.5188179016113,-8.86598587036133,"Male"
"9004160",371982,2025-06-17 03:03:06,42.5187187194824,-8.8659200668335,"Male"
"9004160",371982,2025-06-17 03:08:09,42.5187225341797,-8.86592960357666,"Male"
"9004160",371982,2025-06-17 03:13:10,42.5187377929688,-8.8659029006958,"Male"
"9004160",371982,2025-06-17 03:18:09,42.5187492370605,-8.86587715148926,"Male"
"9004160",371982,2025-06-17 03:23:19,42.5187644958496,-8.8659553527832,"Male"
"9004160",371982,2025-06-17 03:28:30,42.5187492370605,-8.86583995819092,"Male"
"9004160",371982,2025-06-17 03:33:35,42.518741607666,-8.8659029006958,"Male"
"9004160",371982,2025-06-17 03:38:07,42.5186195373535,-8.8659553527832,"Male"
"9004160",371982,2025-06-17 03:43:10,42.518856048584,-8.8660192489624,"Male"
"9004160",371982,2025-06-17 03:48:07,42.5187873840332,-8.86592388153076,"Male"
"9004160",371982,2025-06-17 03:53:10,42.5185852050781,-8.86572742462158,"Male"
"9004160",371982,2025-06-17 03:58:12,42.5188331604004,-8.86605167388916,"Male"
"9004160",371982,2025-06-17 04:03:19,42.5186500549316,-8.86614894866943,"Male"
"9004160",371982,2025-06-17 04:08:08,42.5188026428223,-8.8660888671875,"Male"
"9004160",371982,2025-06-17 04:13:18,42.518726348877,-8.86605739593506,"Male"
"9004160",371982,2025-06-17 04:18:19,42.518726348877,-8.8658971786499,"Male"
"9004160",371982,2025-06-17 04:23:19,42.5186805725098,-8.86602973937988,"Male"
"9004160",371982,2025-06-17 04:28:19,42.5187225341797,-8.86599159240723,"Male"
"9004160",371982,2025-06-17 04:33:20,42.5187301635742,-8.86598205566406,"Male"
"9004160",371982,2025-06-17 04:38:21,42.5186080932617,-8.8659610748291,"Male"
"9004160",371982,2025-06-17 04:43:18,42.5187301635742,-8.86597347259521,"Male"
"9004160",371982,2025-06-17 04:48:21,42.518798828125,-8.86587524414062,"Male"
"9004160",371982,2025-06-17 04:53:24,42.5188102722168,-8.8658971786499,"Male"
"9004160",371982,2025-06-17 04:58:26,42.5188026428223,-8.86580371856689,"Male"
"9004160",371982,2025-06-17 05:03:28,42.5188331604004,-8.86581420898438,"Male"
"9004160",371982,2025-06-17 05:08:29,42.5187797546387,-8.86578464508057,"Male"
"9004160",371982,2025-06-17 05:13:31,42.518741607666,-8.865966796875,"Male"
"9004160",371982,2025-06-17 05:18:06,42.5187568664551,-8.86594104766846,"Male"
"9004160",371982,2025-06-17 05:23:06,42.5187606811523,-8.86600875854492,"Male"
"9004160",371982,2025-06-17 05:28:06,42.5223426818848,-8.84346103668213,"Male"
"9004160",371982,2025-06-17 05:33:07,42.5214080810547,-8.83137989044189,"Male"
"9004160",371982,2025-06-17 05:38:48,42.5215148925781,-8.82996845245361,"Male"
"9004160",371982,2025-06-17 05:44:21,42.5219879150391,-8.82983207702637,"Male"
"9004160",371982,2025-06-17 05:49:20,42.5225639343262,-8.82799816131592,"Male"
"9004160",371982,2025-06-17 05:54:19,42.522632598877,-8.82802963256836,"Male"
"9004160",371982,2025-06-17 05:59:20,42.522647857666,-8.82800769805908,"Male"
"9004160",371982,2025-06-17 06:04:20,42.5225524902344,-8.82794570922852,"Male"
"9004160",371982,2025-06-17 06:09:20,42.5226211547852,-8.82797241210938,"Male"
"9004160",371982,2025-06-17 06:14:20,42.5225448608398,-8.82793235778809,"Male"
"9004160",371982,2025-06-17 06:19:20,42.522575378418,-8.82793807983398,"Male"
"9004160",371982,2025-06-17 06:24:20,42.5225601196289,-8.82796859741211,"Male"
"9004160",371982,2025-06-17 06:29:20,42.5225791931152,-8.82793712615967,"Male"
"9004160",371982,2025-06-17 06:34:20,42.5225639343262,-8.82798099517822,"Male"
"9004160",371982,2025-06-17 06:39:20,42.522590637207,-8.82804203033447,"Male"
"9004160",371982,2025-06-17 06:44:21,42.5225563049316,-8.82794189453125,"Male"
"9004160",371982,2025-06-17 06:49:21,42.522518157959,-8.82789993286133,"Male"
"9004160",371982,2025-06-17 06:54:22,42.5226669311523,-8.82790184020996,"Male"
"9004160",371982,2025-06-17 06:59:25,42.5227928161621,-8.82811450958252,"Male"
"9004160",371982,2025-06-17 07:04:21,42.5224304199219,-8.82766246795654,"Male"
"9004160",371982,2025-06-17 07:09:21,42.5224685668945,-8.82765007019043,"Male"
"9004160",371982,2025-06-17 07:14:22,42.5227851867676,-8.82818698883057,"Male"
"9004160",371982,2025-06-17 07:19:22,42.5228042602539,-8.82822322845459,"Male"
"9004160",371982,2025-06-17 07:24:22,42.5228118896484,-8.82815456390381,"Male"
"9004160",371982,2025-06-17 07:29:21,42.5226821899414,-8.82787036895752,"Male"
"9004160",371982,2025-06-17 07:34:32,42.5224113464355,-8.8298225402832,"Male"
"9004160",371982,2025-06-17 07:39:23,42.5217819213867,-8.83076286315918,"Male"
"9004160",371982,2025-06-17 07:45:31,42.5219116210938,-8.83025169372559,"Male"
"9004160",371982,2025-06-17 07:50:33,42.5204696655273,-8.82950687408447,"Male"
"9004160",371982,2025-06-17 07:55:30,42.5204620361328,-8.82951545715332,"Male"
"9004160",371982,2025-06-17 08:00:42,42.5204010009766,-8.82956314086914,"Male"
"9004160",371982,2025-06-17 08:05:28,42.5203666687012,-8.82925224304199,"Male"
"9004160",371982,2025-06-17 08:10:31,42.5203666687012,-8.82961368560791,"Male"
"9004160",371982,2025-06-17 08:15:28,42.5204467773438,-8.82990741729736,"Male"
"9004160",371982,2025-06-17 08:20:30,42.5203170776367,-8.82901763916016,"Male"
"9004160",371982,2025-06-17 08:25:28,42.5203666687012,-8.82936382293701,"Male"
"9004160",371982,2025-06-17 08:30:28,42.5201568603516,-8.82882022857666,"Male"
"9004160",371982,2025-06-17 08:35:29,42.520191192627,-8.82890224456787,"Male"
"9004160",371982,2025-06-17 08:40:31,42.5204429626465,-8.82943058013916,"Male"
"9004160",371982,2025-06-17 08:45:38,42.520393371582,-8.82966423034668,"Male"
"9004160",371982,2025-06-17 08:50:36,42.5203895568848,-8.82962799072266,"Male"
"9004160",371982,2025-06-17 08:55:38,42.5204315185547,-8.82962512969971,"Male"
"9004160",371982,2025-06-17 09:00:40,42.5204124450684,-8.82975959777832,"Male"
"9004160",371982,2025-06-17 09:05:27,42.5204544067383,-8.82980442047119,"Male"
"9004160",371982,2025-06-17 09:10:27,42.5203819274902,-8.82973480224609,"Male"
"9004160",371982,2025-06-17 09:15:27,42.5204238891602,-8.82969379425049,"Male"
"9004160",371982,2025-06-17 09:27:00,42.5204582214355,-8.82972145080566,"Male"
"9004160",371982,2025-06-17 09:31:21,42.5204429626465,-8.82980251312256,"Male"
"9004160",371982,2025-06-17 09:36:25,42.5204277038574,-8.82966613769531,"Male"
"9004160",371982,2025-06-17 09:41:21,42.5204200744629,-8.82975292205811,"Male"
"9004160",371982,2025-06-17 09:46:44,42.5204238891602,-8.82969951629639,"Male"
"9004160",371982,2025-06-17 09:51:20,42.520336151123,-8.82963943481445,"Male"
"9004160",371982,2025-06-17 09:56:20,42.5204887390137,-8.82980632781982,"Male"
"9004160",371982,2025-06-17 10:01:20,42.5204925537109,-8.82964992523193,"Male"
"9004160",371982,2025-06-17 10:06:23,42.5204811096191,-8.82973098754883,"Male"
"9004160",371982,2025-06-17 10:11:21,42.5204086303711,-8.82976722717285,"Male"
"9004160",371982,2025-06-17 10:16:21,42.5208702087402,-8.8299674987793,"Male"
"9004160",371982,2025-06-17 10:21:22,42.5208435058594,-8.8299388885498,"Male"
"9004160",371982,2025-06-17 10:26:22,42.5200996398926,-8.83000755310059,"Male"
"9004160",371982,2025-06-17 10:31:45,42.5198554992676,-8.82978916168213,"Male"
"9004160",371982,2025-06-17 10:36:21,42.5199012756348,-8.82978057861328,"Male"
"9004160",371982,2025-06-17 10:41:21,42.5197830200195,-8.82973957061768,"Male"
"9004160",371982,2025-06-17 10:46:27,42.5195770263672,-8.8297643661499,"Male"
"9004160",371982,2025-06-17 10:51:23,42.5202331542969,-8.82962036132812,"Male"
"9004160",371982,2025-06-17 10:56:27,42.5197944641113,-8.82976818084717,"Male"
"9004160",371982,2025-06-17 11:01:22,42.519947052002,-8.82980632781982,"Male"
"9004160",371982,2025-06-17 11:06:28,42.519889831543,-8.82981014251709,"Male"
"9004160",371982,2025-06-17 11:11:30,42.5201034545898,-8.82973766326904,"Male"
"9004160",371982,2025-06-17 11:16:45,42.5197868347168,-8.82976245880127,"Male"
"9004160",371982,2025-06-17 11:21:28,42.5197944641113,-8.82972812652588,"Male"
"9004160",371982,2025-06-17 11:26:22,42.5198249816895,-8.82970523834229,"Male"
"9004160",371982,2025-06-17 11:35:19,42.520393371582,-8.83107089996338,"Male"
"9004160",371982,2025-06-17 11:40:48,42.5216789245605,-8.83071231842041,"Male"
"9004160",371982,2025-06-17 12:03:15,42.5208740234375,-8.82972812652588,"Male"
"9004160",371982,2025-06-17 12:08:29,42.5196723937988,-8.82943725585938,"Male"
"9004160",371982,2025-06-17 12:12:57,42.5197410583496,-8.82926940917969,"Male"
"9004160",371982,2025-06-17 12:18:14,42.5197448730469,-8.82963371276855,"Male"
"9004160",371982,2025-06-17 12:23:29,42.5197372436523,-8.8295955657959,"Male"
"9004160",371982,2025-06-17 12:27:56,42.5198097229004,-8.82974624633789,"Male"
"9004160",371982,2025-06-17 12:32:56,42.5198287963867,-8.82975387573242,"Male"
"9004160",371982,2025-06-17 12:37:56,42.5197601318359,-8.82972812652588,"Male"
"9004160",371982,2025-06-17 12:42:58,42.519832611084,-8.82975292205811,"Male"
"9004160",371982,2025-06-17 12:47:58,42.5198783874512,-8.82975482940674,"Male"
"9004160",371982,2025-06-17 12:53:04,42.5197067260742,-8.82977485656738,"Male"
"9004160",371982,2025-06-17 12:58:00,42.5197563171387,-8.82973480224609,"Male"
"9004160",371982,2025-06-17 13:02:59,42.5196380615234,-8.82966136932373,"Male"
"9004160",371982,2025-06-17 13:08:11,42.5197944641113,-8.82970142364502,"Male"
"9004160",371982,2025-06-17 13:13:06,42.5198440551758,-8.82964420318604,"Male"
"9004160",371982,2025-06-17 13:18:15,42.5198554992676,-8.82966327667236,"Male"
"9004160",371982,2025-06-17 13:22:57,42.519905090332,-8.82968330383301,"Male"
"9004160",371982,2025-06-17 13:28:06,42.5198669433594,-8.82966041564941,"Male"
"9004160",371982,2025-06-17 13:33:14,42.5198211669922,-8.83010768890381,"Male"
"9004160",371982,2025-06-17 13:38:13,42.5206642150879,-8.83020496368408,"Male"
"9004160",371982,2025-06-17 13:44:03,42.5215911865234,-8.82987880706787,"Male"
"9004160",371982,2025-06-17 14:14:35,42.5228157043457,-8.82845211029053,"Male"
"9004160",371982,2025-06-17 14:19:06,42.5224876403809,-8.8282299041748,"Male"
"9004160",371982,2025-06-17 14:24:06,42.5224418640137,-8.82823085784912,"Male"
"9004160",371982,2025-06-17 14:29:06,42.5224685668945,-8.82826614379883,"Male"
"9004160",371982,2025-06-17 14:34:05,42.5224723815918,-8.82826328277588,"Male"
"9004160",371982,2025-06-17 14:39:06,42.522533416748,-8.82819747924805,"Male"
"9004160",371982,2025-06-17 14:44:05,42.5226097106934,-8.8282470703125,"Male"
"9004160",371982,2025-06-17 14:49:29,42.5225601196289,-8.82820129394531,"Male"
"9004160",371982,2025-06-17 14:53:54,42.5225486755371,-8.82820415496826,"Male"
"9004160",371982,2025-06-17 14:59:04,42.5218734741211,-8.82898139953613,"Male"
"9004160",371982,2025-06-17 15:03:59,42.5205574035645,-8.82975959777832,"Male"
"9004160",371982,2025-06-17 15:08:53,42.5198135375977,-8.82971000671387,"Male"
"9004160",371982,2025-06-17 15:13:53,42.5198097229004,-8.8297758102417,"Male"
"9004160",371982,2025-06-17 15:18:53,42.5198097229004,-8.82975387573242,"Male"
"9004160",371982,2025-06-17 15:23:53,42.5199089050293,-8.82971858978271,"Male"
"9004160",371982,2025-06-17 15:28:56,42.5198974609375,-8.82974243164062,"Male"
"9004160",371982,2025-06-17 15:33:54,42.519832611084,-8.82976150512695,"Male"
"9004160",371982,2025-06-17 15:38:53,42.5198020935059,-8.82976531982422,"Male"
"9004160",371982,2025-06-17 15:43:54,42.5198631286621,-8.82982635498047,"Male"
"9004160",371982,2025-06-17 15:48:53,42.5198783874512,-8.82974529266357,"Male"
"9004160",371982,2025-06-17 15:53:54,42.5198516845703,-8.8297176361084,"Male"
"9004160",371982,2025-06-17 15:58:53,42.5197525024414,-8.82973384857178,"Male"
"9004160",371982,2025-06-17 16:03:55,42.5199012756348,-8.82981300354004,"Male"
"9004160",371982,2025-06-17 16:08:54,42.5191268920898,-8.82953548431396,"Male"
"9004160",371982,2025-06-17 16:13:55,42.5195922851562,-8.82958984375,"Male"
"9004160",371982,2025-06-17 16:18:53,42.5194969177246,-8.82952880859375,"Male"
"9004160",371982,2025-06-17 16:23:55,42.5196647644043,-8.82971286773682,"Male"
"9004160",371982,2025-06-17 16:28:54,42.5198364257812,-8.82987403869629,"Male"
"9004160",371982,2025-06-17 16:33:55,42.5196189880371,-8.82972526550293,"Male"
"9004160",371982,2025-06-17 16:38:57,42.519645690918,-8.82968044281006,"Male"
"9004160",371982,2025-06-17 16:44:26,42.5207481384277,-8.82985782623291,"Male"
"9004160",371982,2025-06-17 16:49:18,42.5204277038574,-8.82971858978271,"Male"
"9004160",371982,2025-06-17 16:54:13,42.5204429626465,-8.82972431182861,"Male"
"9004160",371982,2025-06-17 16:59:08,42.5205116271973,-8.82980728149414,"Male"
"9004160",371982,2025-06-17 17:04:18,42.5204734802246,-8.82971096038818,"Male"
"9004160",371982,2025-06-17 17:09:35,42.5203628540039,-8.82970237731934,"Male"
"9004160",371982,2025-06-17 17:14:06,42.5203628540039,-8.82963180541992,"Male"
"9004160",371982,2025-06-17 17:19:06,42.520263671875,-8.83028411865234,"Male"
"9004160",371982,2025-06-17 17:24:06,42.519905090332,-8.83148860931396,"Male"
"9004160",371982,2025-06-17 17:29:06,42.5198211669922,-8.83207702636719,"Male"
"9004160",371982,2025-06-17 17:34:08,42.5203704833984,-8.8328742980957,"Male"
"9004160",371982,2025-06-17 17:39:07,42.5199737548828,-8.83506202697754,"Male"
"9004160",371982,2025-06-17 17:44:07,42.5195350646973,-8.83753299713135,"Male"
"9004160",371982,2025-06-17 17:49:07,42.5194206237793,-8.83879661560059,"Male"
"9004160",371982,2025-06-17 17:54:06,42.5186576843262,-8.8658618927002,"Male"
"9004160",371982,2025-06-17 17:59:06,42.518684387207,-8.86584758758545,"Male"
"9004160",371982,2025-06-17 18:04:06,42.5186424255371,-8.86588096618652,"Male"
"9004160",371982,2025-06-17 18:09:06,42.518611907959,-8.8658561706543,"Male"
"9004160",371982,2025-06-17 18:14:06,42.5185813903809,-8.86589908599854,"Male"
"9004160",371982,2025-06-17 18:19:06,42.5186042785645,-8.8659086227417,"Male"
"9004160",371982,2025-06-17 18:24:06,42.5187454223633,-8.86590480804443,"Male"
"9004160",371982,2025-06-17 18:29:06,42.5187454223633,-8.86594867706299,"Male"
"9004160",371982,2025-06-17 18:34:06,42.5187072753906,-8.86570930480957,"Male"
"9004160",371982,2025-06-17 18:39:06,42.5187835693359,-8.86595058441162,"Male"
"9004160",371982,2025-06-17 18:44:07,42.5187873840332,-8.86605930328369,"Male"
"9004160",371982,2025-06-17 18:49:07,42.5188064575195,-8.86602592468262,"Male"
"9004160",371982,2025-06-17 18:54:07,42.5188026428223,-8.86609840393066,"Male"
"9004160",371982,2025-06-17 18:59:07,42.5187644958496,-8.86594200134277,"Male"
"9004160",371982,2025-06-17 19:04:08,42.5187950134277,-8.86605167388916,"Male"
"9004160",371982,2025-06-17 19:09:07,42.5187644958496,-8.86610698699951,"Male"
"9004160",371982,2025-06-17 19:14:07,42.5187950134277,-8.86606788635254,"Male"
"9004160",371982,2025-06-17 19:19:07,42.5187759399414,-8.86611366271973,"Male"
"9004160",371982,2025-06-17 19:24:07,42.5187911987305,-8.86604690551758,"Male"
"9004160",371982,2025-06-17 19:29:07,42.518798828125,-8.86601257324219,"Male"
"9004160",371982,2025-06-17 19:34:07,42.5187797546387,-8.8660306930542,"Male"
"9004160",371982,2025-06-17 19:39:07,42.5187950134277,-8.86604404449463,"Male"
"9004160",371982,2025-06-17 19:44:07,42.5185432434082,-8.86611366271973,"Male"
"9004160",371982,2025-06-17 19:49:07,42.5023727416992,-8.88805103302002,"Male"
"9004160",371982,2025-06-17 19:54:08,42.4816665649414,-8.93625068664551,"Male"
"9004160",371982,2025-06-17 19:59:08,42.4774169921875,-8.94478702545166,"Male"
"9004160",371982,2025-06-17 20:04:18,42.477481842041,-8.94484424591064,"Male"
"9004160",371982,2025-06-17 20:09:18,42.4774703979492,-8.94482898712158,"Male"
"9004160",371982,2025-06-17 20:14:18,42.4774780273438,-8.9448070526123,"Male"
"9004160",371982,2025-06-17 20:19:18,42.4774780273438,-8.94488525390625,"Male"
"9004160",371982,2025-06-17 20:24:22,42.4775352478027,-8.94488430023193,"Male"
"9004160",371982,2025-06-17 20:29:35,42.4774055480957,-8.94473838806152,"Male"
"9004160",371982,2025-06-17 20:34:07,42.477466583252,-8.94462585449219,"Male"
"9004160",371982,2025-06-17 20:39:07,42.4773368835449,-8.94472599029541,"Male"
"9004160",371982,2025-06-17 20:44:07,42.4772872924805,-8.94470596313477,"Male"
"9004160",371982,2025-06-17 20:49:10,42.477352142334,-8.94472026824951,"Male"
"9004160",371982,2025-06-17 20:54:07,42.4773368835449,-8.94472503662109,"Male"
"9004160",371982,2025-06-17 20:59:07,42.4772338867188,-8.94478321075439,"Male"
"9004160",371982,2025-06-17 21:04:07,42.4773445129395,-8.94473552703857,"Male"
"9004160",371982,2025-06-17 21:09:07,42.4773445129395,-8.94468307495117,"Male"
"9004160",371982,2025-06-17 21:14:07,42.4773406982422,-8.94470405578613,"Male"
"9004160",371982,2025-06-17 21:19:14,42.4773025512695,-8.94474601745605,"Male"
"9004160",371982,2025-06-17 21:24:14,42.4773864746094,-8.94473266601562,"Male"
"9004160",371982,2025-06-17 21:29:21,42.477222442627,-8.94469928741455,"Male"
"9004160",371982,2025-06-17 21:34:21,42.4771957397461,-8.94471454620361,"Male"
"9004160",371982,2025-06-17 21:39:14,42.4771690368652,-8.94478034973145,"Male"
"9004160",371982,2025-06-17 21:44:14,42.4772300720215,-8.9447193145752,"Male"
"9004160",371982,2025-06-17 21:49:14,42.4773941040039,-8.9448127746582,"Male"
"9004160",371982,2025-06-17 21:54:13,42.4774742126465,-8.94474506378174,"Male"
"9004160",371982,2025-06-17 21:59:15,42.4775352478027,-8.94484329223633,"Male"
"9004160",371982,2025-06-17 22:04:17,42.4774017333984,-8.94471073150635,"Male"
"9004160",371982,2025-06-17 22:09:14,42.4775886535645,-8.94499015808105,"Male"
"9004160",371982,2025-06-17 22:14:14,42.4775619506836,-8.9449348449707,"Male"
"9004160",371982,2025-06-17 22:19:17,42.4773368835449,-8.94458484649658,"Male"
"9004160",371982,2025-06-17 22:24:15,42.4775085449219,-8.94497966766357,"Male"
"9004160",371982,2025-06-17 22:29:15,42.4774589538574,-8.94455242156982,"Male"
"9004160",371982,2025-06-17 22:34:15,42.4774971008301,-8.94491195678711,"Male"
"9004160",371982,2025-06-17 22:39:15,42.4774169921875,-8.94448757171631,"Male"
"9004160",371982,2025-06-17 22:44:14,42.4772109985352,-8.94532585144043,"Male"
"9004160",371982,2025-06-17 22:49:15,42.477409362793,-8.94454860687256,"Male"
"9004160",371982,2025-06-17 22:54:15,42.4775848388672,-8.94450283050537,"Male"
"9004160",371982,2025-06-17 22:59:18,42.4776344299316,-8.94417190551758,"Male"
"9004160",371982,2025-06-17 23:04:18,42.477237701416,-8.9445858001709,"Male"
"9004160",371982,2025-06-17 23:09:34,42.4773979187012,-8.94451236724854,"Male"
"9004160",371982,2025-06-17 23:14:14,42.4773788452148,-8.94451522827148,"Male"
"9004160",371982,2025-06-17 23:19:16,42.4774627685547,-8.94446468353271,"Male"
"9004160",371982,2025-06-17 23:24:15,42.4774055480957,-8.94458389282227,"Male"
"9004160",371982,2025-06-17 23:29:16,42.4774589538574,-8.94438171386719,"Male"
"9004160",371982,2025-06-17 23:34:16,42.4773788452148,-8.94447422027588,"Male"
"9004160",371982,2025-06-17 23:39:16,42.4773864746094,-8.94459819793701,"Male"
"9004160",371982,2025-06-17 23:44:15,42.4773635864258,-8.94458293914795,"Male"
"9004160",371982,2025-06-17 23:49:15,42.4773941040039,-8.94452571868896,"Male"
"9004160",371982,2025-06-17 23:54:15,42.4773330688477,-8.94457244873047,"Male"
"9004160",371982,2025-06-17 23:59:15,42.477367401123,-8.94457912445068,"Male"
"9004160",371982,2025-06-18 00:04:15,42.4773712158203,-8.94455337524414,"Male"
"9004160",371982,2025-06-18 00:09:15,42.477367401123,-8.94457530975342,"Male"
"9004160",371982,2025-06-18 00:14:15,42.4773445129395,-8.94467258453369,"Male"
"9004160",371982,2025-06-18 00:19:15,42.4773635864258,-8.94460773468018,"Male"
"9004160",371982,2025-06-18 00:24:15,42.4774017333984,-8.94461917877197,"Male"
"9004160",371982,2025-06-18 00:29:15,42.4773330688477,-8.94457912445068,"Male"
"9004160",371982,2025-06-18 00:34:15,42.4774017333984,-8.94464015960693,"Male"
"9004160",371982,2025-06-18 00:39:15,42.4773902893066,-8.94455528259277,"Male"
"9004160",371982,2025-06-18 00:44:15,42.4773826599121,-8.9445972442627,"Male"
"9004160",371982,2025-06-18 00:49:15,42.4773979187012,-8.94460868835449,"Male"
"9004160",371982,2025-06-18 00:54:15,42.4773635864258,-8.94454097747803,"Male"
"9004160",371982,2025-06-18 00:59:15,42.4772682189941,-8.94457912445068,"Male"
"9004160",371982,2025-06-18 01:04:15,42.4772682189941,-8.94451808929443,"Male"
"9004160",371982,2025-06-18 01:09:15,42.4772720336914,-8.94453048706055,"Male"
"9004160",371982,2025-06-18 01:14:15,42.4771575927734,-8.94442939758301,"Male"
"9004160",371982,2025-06-18 01:19:15,42.4773941040039,-8.94468688964844,"Male"
"9004160",371982,2025-06-18 01:24:16,42.4773368835449,-8.94456195831299,"Male"
"9004160",371982,2025-06-18 01:29:15,42.4772300720215,-8.94453430175781,"Male"
"9004160",371982,2025-06-18 01:34:15,42.477222442627,-8.94450855255127,"Male"
"9004160",371982,2025-06-18 01:39:15,42.4772262573242,-8.94451522827148,"Male"
"9004160",371982,2025-06-18 01:44:15,42.4773445129395,-8.94470024108887,"Male"
"9004160",371982,2025-06-18 01:49:16,42.4774055480957,-8.94465637207031,"Male"
"9004160",371982,2025-06-18 01:54:15,42.4773406982422,-8.94469833374023,"Male"
"9004160",371982,2025-06-18 01:59:15,42.477409362793,-8.94460582733154,"Male"
"9004160",371982,2025-06-18 02:04:16,42.4773063659668,-8.94493770599365,"Male"
"9004160",371982,2025-06-18 02:09:16,42.4774360656738,-8.94472312927246,"Male"
"9004160",371982,2025-06-18 02:14:18,42.4774932861328,-8.94465637207031,"Male"
"9004160",371982,2025-06-18 02:19:15,42.4774780273438,-8.94469261169434,"Male"
"9004160",371982,2025-06-18 02:24:15,42.4774627685547,-8.94460582733154,"Male"
"9004160",371982,2025-06-18 02:29:15,42.4774627685547,-8.94465351104736,"Male"
"9004160",371982,2025-06-18 02:34:15,42.4774780273438,-8.94463348388672,"Male"
"9004160",371982,2025-06-18 02:39:15,42.4774971008301,-8.9446382522583,"Male"
"9004160",371982,2025-06-18 02:44:15,42.477481842041,-8.94468212127686,"Male"
"9004160",371982,2025-06-18 02:49:17,42.4772491455078,-8.94486331939697,"Male"
"9004160",371982,2025-06-18 02:54:16,42.477294921875,-8.9445276260376,"Male"
"9004160",371982,2025-06-18 02:59:19,42.4774780273438,-8.94462966918945,"Male"
"9004160",371982,2025-06-18 03:04:20,42.4773597717285,-8.9444408416748,"Male"
"9004160",371982,2025-06-18 03:09:25,42.4773788452148,-8.94459056854248,"Male"
"9004160",371982,2025-06-18 03:14:17,42.4774360656738,-8.94473457336426,"Male"
"9004160",371982,2025-06-18 03:19:19,42.4774055480957,-8.94468021392822,"Male"
"9004160",371982,2025-06-18 03:24:16,42.4774894714355,-8.94462966918945,"Male"
"9004160",371982,2025-06-18 03:29:15,42.4773635864258,-8.94454097747803,"Male"
"9004160",371982,2025-06-18 03:34:17,42.4773941040039,-8.94453239440918,"Male"
"9004160",371982,2025-06-18 03:39:15,42.4774322509766,-8.94457340240479,"Male"
"9004160",371982,2025-06-18 03:44:15,42.477352142334,-8.94452953338623,"Male"
"9004160",371982,2025-06-18 03:49:15,42.477424621582,-8.94452571868896,"Male"
"9004160",371982,2025-06-18 03:54:15,42.477409362793,-8.94448661804199,"Male"
"9004160",371982,2025-06-18 03:59:15,42.4773292541504,-8.94437599182129,"Male"
"9004160",371982,2025-06-18 04:04:38,42.477481842041,-8.9448299407959,"Male"
"9004160",371982,2025-06-18 04:09:16,42.4773979187012,-8.94455242156982,"Male"
"9004160",371982,2025-06-18 04:14:15,42.4774856567383,-8.94474029541016,"Male"
"9004160",371982,2025-06-18 04:19:23,42.4774169921875,-8.94452476501465,"Male"
"9004160",371982,2025-06-18 04:24:15,42.4773979187012,-8.94467830657959,"Male"
"9004160",371982,2025-06-18 04:29:15,42.477653503418,-8.94490146636963,"Male"
"9004160",371982,2025-06-18 04:34:15,42.4775238037109,-8.9446849822998,"Male"
"9004160",371982,2025-06-18 04:39:15,42.4774703979492,-8.94482803344727,"Male"
"9004160",371982,2025-06-18 04:44:15,42.4775009155273,-8.94483375549316,"Male"
"9004160",371982,2025-06-18 04:49:15,42.4773788452148,-8.94472599029541,"Male"
"9004160",371982,2025-06-18 04:54:20,42.4774551391602,-8.94472789764404,"Male"
"9004160",371982,2025-06-18 04:59:16,42.4773139953613,-8.94490432739258,"Male"
"9004160",371982,2025-06-18 05:04:15,42.4774017333984,-8.94482135772705,"Male"
"9004160",371982,2025-06-18 05:09:15,42.4773864746094,-8.94487571716309,"Male"
"9004160",371982,2025-06-18 05:14:15,42.4773712158203,-8.94480323791504,"Male"
"9004160",371982,2025-06-18 05:19:15,42.4773178100586,-8.94465923309326,"Male"
"9004160",371982,2025-06-18 05:24:15,42.4773330688477,-8.94476985931396,"Male"
"9004160",371982,2025-06-18 05:29:16,42.477294921875,-8.94465065002441,"Male"
"9004160",371982,2025-06-18 05:34:15,42.4773445129395,-8.94467544555664,"Male"
"9004160",371982,2025-06-18 05:39:15,42.4773101806641,-8.94461536407471,"Male"
"9004160",371982,2025-06-18 05:44:17,42.4772796630859,-8.94464015960693,"Male"
"9004160",371982,2025-06-18 05:49:15,42.4773292541504,-8.94465923309326,"Male"
"9004160",371982,2025-06-18 05:54:17,42.4773139953613,-8.94462490081787,"Male"
"9004160",371982,2025-06-18 05:59:18,42.477123260498,-8.94490623474121,"Male"
"9004160",371982,2025-06-18 06:04:15,42.4773712158203,-8.94469547271729,"Male"
"9004160",371982,2025-06-18 06:09:15,42.4774017333984,-8.94468879699707,"Male"
"9004160",371982,2025-06-18 06:14:15,42.4773216247559,-8.94462776184082,"Male"
"9004160",371982,2025-06-18 06:19:18,42.4773635864258,-8.94469833374023,"Male"
"9004160",371982,2025-06-18 06:24:17,42.4773941040039,-8.94478988647461,"Male"
"9004160",371982,2025-06-18 06:29:17,42.4774551391602,-8.94471073150635,"Male"
"9004160",371982,2025-06-18 06:34:16,42.4773597717285,-8.94455623626709,"Male"
"9004160",371982,2025-06-18 06:39:19,42.477409362793,-8.9446496963501,"Male"
"9004160",371982,2025-06-18 06:44:16,42.4775199890137,-8.94485855102539,"Male"
"9004160",371982,2025-06-18 06:49:24,42.4774589538574,-8.9447193145752,"Male"
"9004160",371982,2025-06-18 06:54:25,42.4774055480957,-8.94468593597412,"Male"
"9004160",371982,2025-06-18 06:59:20,42.4773559570312,-8.94463539123535,"Male"
"9004160",371982,2025-06-18 07:04:18,42.4771690368652,-8.94432258605957,"Male"
"9004160",371982,2025-06-18 07:09:25,42.4774513244629,-8.94455432891846,"Male"
"9004160",371982,2025-06-18 07:14:28,42.4774971008301,-8.94454574584961,"Male"
"9004160",371982,2025-06-18 07:19:25,42.4775352478027,-8.94448757171631,"Male"
"9004160",371982,2025-06-18 07:24:43,42.4777183532715,-8.94468307495117,"Male"
"9004160",371982,2025-06-18 07:29:15,42.4775009155273,-8.94457340240479,"Male"
"9004160",371982,2025-06-18 07:34:15,42.4772987365723,-8.94435691833496,"Male"
"9004160",371982,2025-06-18 07:39:16,42.4773941040039,-8.94461631774902,"Male"
"9004160",371982,2025-06-18 07:44:15,42.4772567749023,-8.94457626342773,"Male"
"9004160",371982,2025-06-18 07:49:15,42.4772872924805,-8.94485950469971,"Male"
"9004160",371982,2025-06-18 07:54:15,42.4773063659668,-8.94485187530518,"Male"
"9004160",371982,2025-06-18 07:59:15,42.4774627685547,-8.94477272033691,"Male"
"9004160",371982,2025-06-18 08:04:16,42.4772682189941,-8.94480895996094,"Male"
"9004160",371982,2025-06-18 08:09:15,42.4772148132324,-8.9448184967041,"Male"
"9004160",371982,2025-06-18 08:14:15,42.4773216247559,-8.94476318359375,"Male"
"9004160",371982,2025-06-18 08:19:15,42.4771842956543,-8.94487953186035,"Male"
"9004160",371982,2025-06-18 08:24:15,42.5010681152344,-8.89482498168945,"Male"
"9004160",371982,2025-06-18 08:29:15,42.5062103271484,-8.88554096221924,"Male"
"9004160",371982,2025-06-18 08:34:16,42.5069732666016,-8.88444995880127,"Male"
"9004160",371982,2025-06-18 08:39:29,42.5126342773438,-8.87674427032471,"Male"
"9004160",371982,2025-06-18 08:45:39,42.5135612487793,-8.8753137588501,"Male"
"9004160",371982,2025-06-18 08:50:41,42.5145530700684,-8.87519836425781,"Male"
"9004160",371982,2025-06-18 08:55:57,42.5161743164062,-8.87486553192139,"Male"
"9004160",371982,2025-06-18 09:00:57,42.518627166748,-8.87294292449951,"Male"
"9004160",371982,2025-06-18 09:05:57,42.5190925598145,-8.87198734283447,"Male"
"9004160",371982,2025-06-18 09:11:01,42.5182342529297,-8.87044048309326,"Male"
"9004160",371982,2025-06-18 09:15:59,42.5178680419922,-8.86832427978516,"Male"
"9004160",371982,2025-06-18 09:20:58,42.5178489685059,-8.86831855773926,"Male"
"9004160",371982,2025-06-18 09:25:59,42.5176963806152,-8.86836433410645,"Male"
"9004160",371982,2025-06-18 09:30:58,42.5177841186523,-8.8682918548584,"Male"
"9004160",371982,2025-06-18 09:35:57,42.5176963806152,-8.86844062805176,"Male"
"9004160",371982,2025-06-18 09:40:57,42.5176544189453,-8.86831474304199,"Male"
"9004160",371982,2025-06-18 09:46:11,42.5175018310547,-8.86830806732178,"Male"
"9004160",371982,2025-06-18 09:50:57,42.517448425293,-8.86830234527588,"Male"
"9004160",371982,2025-06-18 09:55:57,42.517448425293,-8.86826705932617,"Male"
"9004160",371982,2025-06-18 10:00:57,42.5206604003906,-8.82966423034668,"Male"
"9004160",371982,2025-06-18 10:05:57,42.5205993652344,-8.82958984375,"Male"
"9004160",371982,2025-06-18 10:10:57,42.5205535888672,-8.82969760894775,"Male"
"9004160",371982,2025-06-18 10:16:08,42.520206451416,-8.83104228973389,"Male"
"9004160",371982,2025-06-18 10:21:24,42.5194778442383,-8.83114147186279,"Male"
"9004160",371982,2025-06-18 10:26:30,42.5183601379395,-8.82986259460449,"Male"
"9004160",371982,2025-06-18 10:31:43,42.5181350708008,-8.82999229431152,"Male"
"9004160",371982,2025-06-18 10:37:11,42.5196723937988,-8.82985496520996,"Male"
"9004160",371982,2025-06-18 10:42:08,42.5204849243164,-8.82964897155762,"Male"
"9004160",371982,2025-06-18 10:47:07,42.5204658508301,-8.82967853546143,"Male"
"9004160",371982,2025-06-18 10:52:07,42.5204849243164,-8.82966613769531,"Male"
"9004160",371982,2025-06-18 10:57:07,42.5204467773438,-8.8296422958374,"Male"
"9004160",371982,2025-06-18 11:02:07,42.5204391479492,-8.82961463928223,"Male"
"9004160",371982,2025-06-18 11:07:07,42.5203819274902,-8.82964420318604,"Male"
"9004160",371982,2025-06-18 11:12:07,42.5205459594727,-8.8295841217041,"Male"
"9004160",371982,2025-06-18 11:17:07,42.520751953125,-8.82964611053467,"Male"
"9004160",371982,2025-06-18 11:22:07,42.5205612182617,-8.82947635650635,"Male"
"9004160",371982,2025-06-18 11:27:07,42.5208015441895,-8.8296070098877,"Male"
"9004160",371982,2025-06-18 11:32:07,42.5206680297852,-8.82965850830078,"Male"
"9004160",371982,2025-06-18 11:37:07,42.5207710266113,-8.82976627349854,"Male"
"9004160",371982,2025-06-18 11:42:07,42.5206680297852,-8.82967662811279,"Male"
"9004160",371982,2025-06-18 11:47:07,42.5204200744629,-8.82929515838623,"Male"
"9004160",371982,2025-06-18 11:52:07,42.5201072692871,-8.82921028137207,"Male"
"9004160",371982,2025-06-18 11:57:07,42.5206642150879,-8.8294849395752,"Male"
"9004160",371982,2025-06-18 12:02:07,42.520679473877,-8.82946014404297,"Male"
"9004160",371982,2025-06-18 12:07:07,42.5207405090332,-8.82937622070312,"Male"
"9004160",371982,2025-06-18 12:12:07,42.5207138061523,-8.82952690124512,"Male"
"9004160",371982,2025-06-18 12:17:07,42.520622253418,-8.82952404022217,"Male"
"9004160",371982,2025-06-18 12:22:07,42.5206413269043,-8.82951831817627,"Male"
"9004160",371982,2025-06-18 12:27:07,42.5206489562988,-8.82955837249756,"Male"
"9004160",371982,2025-06-18 12:32:07,42.5206832885742,-8.82956218719482,"Male"
"9004160",371982,2025-06-18 12:37:07,42.5206909179688,-8.82956218719482,"Male"
"9004160",371982,2025-06-18 12:42:07,42.5206565856934,-8.82955741882324,"Male"
"9004160",371982,2025-06-18 12:47:07,42.5206832885742,-8.82955551147461,"Male"
"9004160",371982,2025-06-18 12:52:07,42.520679473877,-8.8296422958374,"Male"
"9004160",371982,2025-06-18 12:57:07,42.5205993652344,-8.82968521118164,"Male"
"9004160",371982,2025-06-18 13:02:08,42.520679473877,-8.82960891723633,"Male"
"9004160",371982,2025-06-18 13:07:07,42.5206260681152,-8.82960891723633,"Male"
"9004160",371982,2025-06-18 13:12:07,42.5207214355469,-8.82960224151611,"Male"
"9004160",371982,2025-06-18 13:17:07,42.5207214355469,-8.82949924468994,"Male"
"9004160",371982,2025-06-18 13:22:07,42.5207061767578,-8.82954216003418,"Male"
"9004160",371982,2025-06-18 13:27:39,42.5218658447266,-8.83026313781738,"Male"
"9004160",371982,2025-06-18 13:33:05,42.5229454040527,-8.83060836791992,"Male"
"9004160",371982,2025-06-18 13:38:33,42.5237045288086,-8.83006572723389,"Male"
"9004160",371982,2025-06-18 13:44:06,42.5238380432129,-8.82954025268555,"Male"
"9004160",371982,2025-06-18 13:49:02,42.5238227844238,-8.82961654663086,"Male"
"9004160",371982,2025-06-18 13:54:15,42.5230484008789,-8.829758644104,"Male"
"9004160",371982,2025-06-18 13:59:42,42.5223426818848,-8.83049869537354,"Male"
"9004160",371982,2025-06-18 14:05:04,42.5215950012207,-8.82997035980225,"Male"
"9004160",371982,2025-06-18 14:10:25,42.5202560424805,-8.82979774475098,"Male"
"9004160",371982,2025-06-18 14:15:20,42.520133972168,-8.82972621917725,"Male"
"9004160",371982,2025-06-18 14:20:20,42.5200347900391,-8.82967376708984,"Male"
"9004160",371982,2025-06-18 14:25:20,42.5200843811035,-8.82972526550293,"Male"
"9004160",371982,2025-06-18 14:30:20,42.5199775695801,-8.82970905303955,"Male"
"9004160",371982,2025-06-18 14:35:20,42.5200309753418,-8.82973670959473,"Male"
"9004160",371982,2025-06-18 14:40:20,42.5200653076172,-8.82975578308105,"Male"
"9004160",371982,2025-06-18 14:45:20,42.5200538635254,-8.82975578308105,"Male"
"9004160",371982,2025-06-18 14:50:20,42.5200500488281,-8.8298225402832,"Male"
"9004160",371982,2025-06-18 14:55:20,42.520092010498,-8.82979488372803,"Male"
"9004160",371982,2025-06-18 15:00:20,42.5200157165527,-8.8297872543335,"Male"
"9004160",371982,2025-06-18 15:05:20,42.5200233459473,-8.82979869842529,"Male"
"9004160",371982,2025-06-18 15:10:20,42.5198173522949,-8.82975482940674,"Male"
"9004160",371982,2025-06-18 15:15:20,42.5198211669922,-8.82961559295654,"Male"
"9004160",371982,2025-06-18 15:20:20,42.519847869873,-8.82977199554443,"Male"
"9004160",371982,2025-06-18 15:25:20,42.5198669433594,-8.82980442047119,"Male"
"9004160",371982,2025-06-18 15:30:20,42.5198287963867,-8.829758644104,"Male"
"9004160",371982,2025-06-18 15:35:20,42.5198402404785,-8.82995796203613,"Male"
"9004160",371982,2025-06-18 15:40:20,42.5198287963867,-8.82985496520996,"Male"
"9004160",371982,2025-06-18 15:45:20,42.5198402404785,-8.82981586456299,"Male"
"9004160",371982,2025-06-18 15:50:20,42.519847869873,-8.82975196838379,"Male"
"9004160",371982,2025-06-18 15:55:20,42.5198669433594,-8.82990074157715,"Male"
"9004160",371982,2025-06-18 16:00:20,42.5201034545898,-8.83005523681641,"Male"
"9004160",371982,2025-06-18 16:05:20,42.5199394226074,-8.82958602905273,"Male"
"9004160",371982,2025-06-18 16:10:21,42.5198745727539,-8.8297061920166,"Male"
"9004160",371982,2025-06-18 16:15:20,42.5199203491211,-8.82973003387451,"Male"
"9004160",371982,2025-06-18 16:20:20,42.5199394226074,-8.82962894439697,"Male"
"9004160",371982,2025-06-18 16:25:20,42.5199775695801,-8.82968044281006,"Male"
"9004160",371982,2025-06-18 16:30:20,42.519832611084,-8.82986831665039,"Male"
"9004160",371982,2025-06-18 16:35:21,42.5200080871582,-8.82968139648438,"Male"
"9004160",371982,2025-06-18 16:40:20,42.52001953125,-8.8297004699707,"Male"
"9004160",371982,2025-06-18 16:45:20,42.5200004577637,-8.82975196838379,"Male"
"9004160",371982,2025-06-18 16:50:20,42.5199317932129,-8.82967662811279,"Male"
"9004160",371982,2025-06-18 16:55:20,42.5199127197266,-8.82978534698486,"Male"
"9004160",371982,2025-06-18 17:00:20,42.5199584960938,-8.82975959777832,"Male"
"9004160",371982,2025-06-18 17:05:20,42.5200996398926,-8.82970237731934,"Male"
"9004160",371982,2025-06-18 17:10:20,42.5198936462402,-8.82974243164062,"Male"
"9004160",371982,2025-06-18 17:15:20,42.5198707580566,-8.82987594604492,"Male"
"9004160",371982,2025-06-18 17:20:20,42.5200157165527,-8.82981491088867,"Male"
"9004160",371982,2025-06-18 17:26:09,42.5200881958008,-8.83085060119629,"Male"
"9004160",371982,2025-06-18 17:31:24,42.5200233459473,-8.83272171020508,"Male"
"9004160",371982,2025-06-18 17:39:47,42.5187072753906,-8.83180522918701,"Male"
"9004160",371982,2025-06-18 17:45:01,42.5203514099121,-8.82962894439697,"Male"
"9004160",371982,2025-06-18 17:49:43,42.5204658508301,-8.82971000671387,"Male"
"9004160",371982,2025-06-18 17:54:43,42.5202941894531,-8.82958984375,"Male"
"9004160",371982,2025-06-18 17:59:43,42.5202178955078,-8.82950401306152,"Male"
"9004160",371982,2025-06-18 18:04:44,42.520191192627,-8.82896137237549,"Male"
"9004160",371982,2025-06-18 18:09:43,42.5201873779297,-8.82900619506836,"Male"
"9004160",371982,2025-06-18 18:14:44,42.5203170776367,-8.82924842834473,"Male"
"9004160",371982,2025-06-18 18:19:44,42.5203094482422,-8.82919883728027,"Male"
"9004160",371982,2025-06-18 18:24:44,42.519889831543,-8.83010005950928,"Male"
"9004160",371982,2025-06-18 18:29:45,42.5203819274902,-8.83165454864502,"Male"
"9004160",371982,2025-06-18 18:34:44,42.5200386047363,-8.83284091949463,"Male"
"9004160",371982,2025-06-18 18:39:45,42.5194549560547,-8.83434104919434,"Male"
"9004160",371982,2025-06-18 18:44:43,42.5140075683594,-8.8508825302124,"Male"
"9004160",371982,2025-06-18 18:49:43,42.5139808654785,-8.85087203979492,"Male"
"9004160",371982,2025-06-18 18:54:44,42.5141181945801,-8.85075759887695,"Male"
"9004160",371982,2025-06-18 18:59:46,42.5140647888184,-8.85078907012939,"Male"
"9004160",371982,2025-06-18 19:04:43,42.5140190124512,-8.85081577301025,"Male"
"9004160",371982,2025-06-18 19:09:43,42.514045715332,-8.85079860687256,"Male"
"9004160",371982,2025-06-18 19:14:43,42.513988494873,-8.85084056854248,"Male"
"9004160",371982,2025-06-18 19:19:43,42.5116119384766,-8.86171722412109,"Male"
"9004160",371982,2025-06-18 19:24:43,42.4911460876465,-8.90797233581543,"Male"
"9004160",371982,2025-06-18 19:29:44,42.4785079956055,-8.94429874420166,"Male"
"9004160",371982,2025-06-18 19:34:44,42.4770431518555,-8.94545555114746,"Male"
"9004160",371982,2025-06-18 19:39:55,42.4771385192871,-8.94575881958008,"Male"
"9004160",371982,2025-06-18 19:44:47,42.4768371582031,-8.94536304473877,"Male"
"9004160",371982,2025-06-18 19:49:59,42.4768486022949,-8.9456090927124,"Male"
"9004160",371982,2025-06-18 19:55:05,42.4774703979492,-8.94473266601562,"Male"
"9004160",371982,2025-06-18 19:59:45,42.4774360656738,-8.94474506378174,"Male"
"9004160",371982,2025-06-18 20:04:44,42.4773979187012,-8.94471645355225,"Male"
"9004160",371982,2025-06-18 20:09:43,42.4773902893066,-8.94472980499268,"Male"
"9004160",371982,2025-06-18 20:14:43,42.477409362793,-8.9447717666626,"Male"
"9004160",371982,2025-06-18 20:19:43,42.4773902893066,-8.94471740722656,"Male"
"9004160",371982,2025-06-18 20:24:43,42.4774513244629,-8.94462966918945,"Male"
"9004160",371982,2025-06-18 20:29:43,42.4775047302246,-8.94465255737305,"Male"
"9004160",371982,2025-06-18 20:34:43,42.477466583252,-8.9447135925293,"Male"
"9004160",371982,2025-06-18 20:39:43,42.4775085449219,-8.94460582733154,"Male"
"9004160",371982,2025-06-18 20:44:43,42.4774284362793,-8.94470596313477,"Male"
"9004160",371982,2025-06-18 20:49:43,42.4775161743164,-8.94459247589111,"Male"
"9004160",371982,2025-06-18 20:54:43,42.4774475097656,-8.94467258453369,"Male"
"9004160",371982,2025-06-18 20:59:43,42.4774627685547,-8.94463539123535,"Male"
"9004160",371982,2025-06-18 21:04:43,42.4774436950684,-8.94467067718506,"Male"
"9004160",371982,2025-06-18 21:09:43,42.4774208068848,-8.94465160369873,"Male"
"9004160",371982,2025-06-18 21:14:43,42.4774551391602,-8.94468021392822,"Male"
"9004160",371982,2025-06-18 21:19:43,42.4774703979492,-8.94473934173584,"Male"
"9004160",371982,2025-06-18 21:24:44,42.4776992797852,-8.94445610046387,"Male"
"9004160",371982,2025-06-18 21:29:43,42.477668762207,-8.94448757171631,"Male"
"9004160",371982,2025-06-18 21:34:43,42.4777030944824,-8.94453525543213,"Male"
"9004160",371982,2025-06-18 21:39:43,42.4778327941895,-8.94444370269775,"Male"
"9004160",371982,2025-06-18 21:44:44,42.4776878356934,-8.94461345672607,"Male"
"9004160",371982,2025-06-18 21:49:44,42.477855682373,-8.94471454620361,"Male"
"9004160",371982,2025-06-18 21:54:44,42.4778709411621,-8.94462871551514,"Male"
"9004160",371982,2025-06-18 21:59:44,42.477855682373,-8.94467735290527,"Male"
"9004160",371982,2025-06-18 22:04:46,42.4779319763184,-8.94481563568115,"Male"
"9004160",371982,2025-06-18 22:09:47,42.4785270690918,-8.94645214080811,"Male"
"9004160",371982,2025-06-18 22:14:44,42.4783401489258,-8.94630813598633,"Male"
"9004160",371982,2025-06-18 22:19:46,42.4781608581543,-8.94520568847656,"Male"
"9004160",371982,2025-06-18 22:24:44,42.4779319763184,-8.94600391387939,"Male"
"9004160",371982,2025-06-18 22:29:48,42.4778366088867,-8.94677448272705,"Male"
"9004160",371982,2025-06-18 22:34:49,42.4782638549805,-8.9441089630127,"Male"
"9004160",371982,2025-06-18 22:39:53,42.4781227111816,-8.94409942626953,"Male"
"9004160",371982,2025-06-18 22:44:47,42.477424621582,-8.94731616973877,"Male"
"9004160",371982,2025-06-18 22:49:46,42.4779014587402,-8.94453620910645,"Male"
"9004160",371982,2025-06-18 22:54:54,42.4776611328125,-8.94431686401367,"Male"
"9004160",371982,2025-06-18 22:59:49,42.4776916503906,-8.94421863555908,"Male"
"9004160",371982,2025-06-18 23:04:45,42.4780311584473,-8.94302940368652,"Male"
"9004160",371982,2025-06-18 23:09:47,42.4778366088867,-8.94392204284668,"Male"
"9004160",371982,2025-06-18 23:14:47,42.4775238037109,-8.94482898712158,"Male"
"9004160",371982,2025-06-18 23:19:45,42.4775581359863,-8.94457054138184,"Male"
"9004160",371982,2025-06-18 23:24:43,42.4773864746094,-8.9450740814209,"Male"
"9004160",371982,2025-06-18 23:29:45,42.4773864746094,-8.94494438171387,"Male"
"9004160",371982,2025-06-18 23:34:43,42.4774017333984,-8.94515514373779,"Male"
"9004160",371982,2025-06-18 23:39:43,42.4774017333984,-8.94494152069092,"Male"
"9004160",371982,2025-06-18 23:44:43,42.477424621582,-8.94484710693359,"Male"
"9004160",371982,2025-06-18 23:49:44,42.4774322509766,-8.94475746154785,"Male"
"9004160",371982,2025-06-18 23:54:43,42.4776039123535,-8.9447717666626,"Male"
"9004160",371982,2025-06-18 23:59:43,42.4775276184082,-8.94484043121338,"Male"
"9004160",371982,2025-06-19 00:04:43,42.4776229858398,-8.94487953186035,"Male"
"9004160",371982,2025-06-19 00:09:44,42.4775047302246,-8.94493770599365,"Male"
"9004160",371982,2025-06-19 00:14:46,42.4774208068848,-8.94518661499023,"Male"
"9004160",371982,2025-06-19 00:19:46,42.4775619506836,-8.94504451751709,"Male"
"9004160",371982,2025-06-19 00:24:46,42.4775352478027,-8.94497394561768,"Male"
"9004160",371982,2025-06-19 00:29:47,42.4775466918945,-8.94502639770508,"Male"
"9004160",371982,2025-06-19 00:34:47,42.4774742126465,-8.94491291046143,"Male"
"9004160",371982,2025-06-19 00:39:43,42.4775924682617,-8.94495010375977,"Male"
"9004160",371982,2025-06-19 00:44:43,42.4775352478027,-8.9449291229248,"Male"
"9004160",371982,2025-06-19 00:49:43,42.4775085449219,-8.94488620758057,"Male"
"9004160",371982,2025-06-19 00:54:44,42.4775276184082,-8.94496631622314,"Male"
"9004160",371982,2025-06-19 00:59:45,42.4774475097656,-8.94481086730957,"Male"
"9004160",371982,2025-06-19 01:04:43,42.4774627685547,-8.94487571716309,"Male"
"9004160",371982,2025-06-19 01:09:44,42.477424621582,-8.94488620758057,"Male"
"9004160",371982,2025-06-19 01:14:44,42.4773139953613,-8.9447717666626,"Male"
"9004160",371982,2025-06-19 01:19:44,42.4773788452148,-8.94483375549316,"Male"
"9004160",371982,2025-06-19 01:24:44,42.4773864746094,-8.94498538970947,"Male"
"9004160",371982,2025-06-19 01:29:45,42.4772415161133,-8.94478511810303,"Male"
"9004160",371982,2025-06-19 01:34:45,42.4771461486816,-8.94482707977295,"Male"
"9004160",371982,2025-06-19 01:39:46,42.4768829345703,-8.94492053985596,"Male"
"9004160",371982,2025-06-19 01:44:44,42.4772453308105,-8.9445276260376,"Male"
"9004160",371982,2025-06-19 01:49:45,42.4772987365723,-8.94464111328125,"Male"
"9004160",371982,2025-06-19 01:54:43,42.4770774841309,-8.94428253173828,"Male"
"9004160",371982,2025-06-19 01:59:44,42.4773597717285,-8.94432258605957,"Male"
"9004160",371982,2025-06-19 02:04:44,42.4772682189941,-8.94450378417969,"Male"
"9004160",371982,2025-06-19 02:09:46,42.4771003723145,-8.94483184814453,"Male"
"9004160",371982,2025-06-19 02:14:44,42.4770202636719,-8.9446849822998,"Male"
"9004160",371982,2025-06-19 02:19:44,42.4770164489746,-8.94472789764404,"Male"
"9004160",371982,2025-06-19 02:24:45,42.4770126342773,-8.9445333480835,"Male"
"9004160",371982,2025-06-19 02:29:46,42.4771957397461,-8.94450855255127,"Male"
"9004160",371982,2025-06-19 02:34:46,42.4770851135254,-8.94445419311523,"Male"
"9004160",371982,2025-06-19 02:39:45,42.4770393371582,-8.94456481933594,"Male"
"9004160",371982,2025-06-19 02:44:45,42.477108001709,-8.94444751739502,"Male"
"9004160",371982,2025-06-19 02:49:46,42.4771308898926,-8.94443988800049,"Male"
"9004160",371982,2025-06-19 02:54:47,42.4771156311035,-8.9444637298584,"Male"
"9004160",371982,2025-06-19 02:59:48,42.4771461486816,-8.94437980651855,"Male"
"9004160",371982,2025-06-19 03:05:10,42.4774856567383,-8.94474124908447,"Male"
"9004160",371982,2025-06-19 03:09:43,42.4772605895996,-8.94460010528564,"Male"
"9004160",371982,2025-06-19 03:14:43,42.4774131774902,-8.94458389282227,"Male"
"9004160",371982,2025-06-19 03:19:43,42.4772872924805,-8.9446907043457,"Male"
"9004160",371982,2025-06-19 03:24:45,42.4774360656738,-8.94480228424072,"Male"
"9004160",371982,2025-06-19 03:29:47,42.4773292541504,-8.94476795196533,"Male"
"9004160",371982,2025-06-19 03:34:43,42.4773712158203,-8.94481658935547,"Male"
"9004160",371982,2025-06-19 03:39:44,42.4772987365723,-8.94466876983643,"Male"
"9004160",371982,2025-06-19 03:44:44,42.477180480957,-8.94463348388672,"Male"
"9004160",371982,2025-06-19 03:49:45,42.4771003723145,-8.94454002380371,"Male"
"9004160",371982,2025-06-19 03:55:05,42.4773941040039,-8.94477939605713,"Male"
"9004160",371982,2025-06-19 03:59:43,42.4773406982422,-8.94464492797852,"Male"
"9004160",371982,2025-06-19 04:04:43,42.4774284362793,-8.94474315643311,"Male"
"9004160",371982,2025-06-19 04:09:43,42.4774703979492,-8.94485282897949,"Male"
"9004160",371982,2025-06-19 04:14:43,42.4774551391602,-8.94479179382324,"Male"
"9004160",371982,2025-06-19 04:19:45,42.4774322509766,-8.94483852386475,"Male"
"9004160",371982,2025-06-19 04:24:43,42.4774932861328,-8.94474124908447,"Male"
"9004160",371982,2025-06-19 04:29:43,42.4775352478027,-8.94456100463867,"Male"
"9004160",371982,2025-06-19 04:34:43,42.4775085449219,-8.94480800628662,"Male"
"9004160",371982,2025-06-19 04:39:43,42.4774742126465,-8.94482326507568,"Male"
"9004160",371982,2025-06-19 04:44:43,42.4775810241699,-8.9446849822998,"Male"
"9004160",371982,2025-06-19 04:49:43,42.4774360656738,-8.94485378265381,"Male"
"9004160",371982,2025-06-19 04:54:43,42.4775543212891,-8.94467639923096,"Male"
"9004160",371982,2025-06-19 04:59:43,42.477466583252,-8.94476795196533,"Male"
"9004160",371982,2025-06-19 05:04:43,42.4775047302246,-8.94431304931641,"Male"
"9004160",371982,2025-06-19 05:09:44,42.477165222168,-8.94472026824951,"Male"
"9004160",371982,2025-06-19 05:14:45,42.4771728515625,-8.94472026824951,"Male"
"9004160",371982,2025-06-19 05:19:54,42.4773559570312,-8.94466209411621,"Male"
"9004160",371982,2025-06-19 05:24:43,42.4772338867188,-8.94463539123535,"Male"
"9004160",371982,2025-06-19 05:29:46,42.4772605895996,-8.94464588165283,"Male"
"9004160",371982,2025-06-19 05:34:44,42.477409362793,-8.94454097747803,"Male"
"9004160",371982,2025-06-19 05:39:45,42.476921081543,-8.94443511962891,"Male"
"9004160",371982,2025-06-19 05:44:46,42.4771423339844,-8.94450283050537,"Male"
"9004160",371982,2025-06-19 05:49:43,42.4773445129395,-8.94461059570312,"Male"
"9004160",371982,2025-06-19 05:54:43,42.4772186279297,-8.944655418396,"Male"
"9004160",371982,2025-06-19 05:59:43,42.4772911071777,-8.9445858001709,"Male"
"9004160",371982,2025-06-19 06:04:44,42.4775199890137,-8.9451732635498,"Male"
"9004160",371982,2025-06-19 06:09:46,42.4775695800781,-8.94492244720459,"Male"
"9004160",371982,2025-06-19 06:14:44,42.4776344299316,-8.94487285614014,"Male"
"9004160",371982,2025-06-19 06:19:44,42.4776916503906,-8.94493961334229,"Male"
"9004160",371982,2025-06-19 06:24:45,42.4777374267578,-8.94499397277832,"Male"
"9004160",371982,2025-06-19 06:29:43,42.4778289794922,-8.94509983062744,"Male"
"9004160",371982,2025-06-19 06:34:47,42.477840423584,-8.94507026672363,"Male"
"9004160",371982,2025-06-19 06:39:46,42.4777450561523,-8.94486236572266,"Male"
"9004160",371982,2025-06-19 06:44:54,42.4777221679688,-8.94486141204834,"Male"
"9004160",371982,2025-06-19 06:49:46,42.4777488708496,-8.94497013092041,"Male"
"9004160",371982,2025-06-19 06:54:45,42.4778938293457,-8.94501399993896,"Male"
"9004160",371982,2025-06-19 06:59:45,42.4778785705566,-8.94495582580566,"Male"
"9004160",371982,2025-06-19 07:04:45,42.4779052734375,-8.94492149353027,"Male"
"9004160",371982,2025-06-19 07:09:45,42.477897644043,-8.94489479064941,"Male"
"9004160",371982,2025-06-19 07:14:46,42.4779510498047,-8.94483757019043,"Male"
"9004160",371982,2025-06-19 07:19:43,42.4819145202637,-8.93766212463379,"Male"
"9004160",371982,2025-06-19 07:24:43,42.5109329223633,-8.88831901550293,"Male"
"9004160",371982,2025-06-19 07:29:44,42.5183944702148,-8.86568069458008,"Male"
"9004160",371982,2025-06-19 07:34:44,42.5183601379395,-8.86566352844238,"Male"
"9004160",371982,2025-06-19 07:39:43,42.5234985351562,-8.83798885345459,"Male"
"9004160",371982,2025-06-19 07:44:43,42.5230865478516,-8.82765960693359,"Male"
"9004160",371982,2025-06-19 07:49:48,42.5230827331543,-8.82763290405273,"Male"
"9004160",371982,2025-06-19 07:54:44,42.5230331420898,-8.82769203186035,"Male"
"9004160",371982,2025-06-19 08:01:08,42.5225601196289,-8.82962036132812,"Male"
"9004160",371982,2025-06-19 08:07:18,42.5216751098633,-8.83145236968994,"Male"
"9004160",371982,2025-06-19 08:13:24,42.5206146240234,-8.83156490325928,"Male"
"9004160",371982,2025-06-19 08:19:09,42.5201683044434,-8.83041000366211,"Male"
"9004160",371982,2025-06-19 08:24:36,42.5196800231934,-8.82979774475098,"Male"
"9004160",371982,2025-06-19 08:29:36,42.5206069946289,-8.82951831817627,"Male"
"9004160",371982,2025-06-19 08:34:36,42.5206031799316,-8.82952785491943,"Male"
"9004160",371982,2025-06-19 08:39:36,42.5205116271973,-8.82953834533691,"Male"
"9004160",371982,2025-06-19 08:44:36,42.5205078125,-8.82949542999268,"Male"
"9004160",371982,2025-06-19 08:49:41,42.5202217102051,-8.82966899871826,"Male"
"9004160",371982,2025-06-19 08:54:29,42.5189437866211,-8.82991409301758,"Male"
"9004160",371982,2025-06-19 08:59:40,42.5192108154297,-8.82985687255859,"Male"
"9004160",371982,2025-06-19 09:04:29,42.5196228027344,-8.82978916168213,"Male"
"9004160",371982,2025-06-19 09:09:58,42.5202827453613,-8.82960414886475,"Male"
"9004160",371982,2025-06-19 09:14:26,42.5204200744629,-8.82969951629639,"Male"
"9004160",371982,2025-06-19 09:19:32,42.5204658508301,-8.82974052429199,"Male"
"9004160",371982,2025-06-19 09:24:30,42.520435333252,-8.8297004699707,"Male"
"9004160",371982,2025-06-19 09:29:31,42.5204391479492,-8.82970809936523,"Male"
"9004160",371982,2025-06-19 09:34:31,42.5204238891602,-8.82975959777832,"Male"
"9004160",371982,2025-06-19 09:39:31,42.5203819274902,-8.82978820800781,"Male"
"9004160",371982,2025-06-19 09:44:31,42.5204887390137,-8.82978630065918,"Male"
"9004160",371982,2025-06-19 09:49:31,42.5204162597656,-8.82973289489746,"Male"
"9004160",371982,2025-06-19 09:54:31,42.5204544067383,-8.82974338531494,"Male"
"9004160",371982,2025-06-19 09:59:30,42.5204010009766,-8.82971286773682,"Male"
"9004160",371982,2025-06-19 10:04:31,42.5204010009766,-8.82975959777832,"Male"
"9004160",371982,2025-06-19 10:09:31,42.5203819274902,-8.82974815368652,"Male"
"9004160",371982,2025-06-19 10:14:31,42.5204010009766,-8.8297700881958,"Male"
"9004160",371982,2025-06-19 10:19:34,42.5204124450684,-8.82971572875977,"Male"
"9004160",371982,2025-06-19 10:24:31,42.5203895568848,-8.82975292205811,"Male"
"9004160",371982,2025-06-19 10:29:31,42.5203704833984,-8.82976722717285,"Male"
"9004160",371982,2025-06-19 10:34:31,42.5204162597656,-8.82968997955322,"Male"
"9004160",371982,2025-06-19 10:39:31,42.5204048156738,-8.8297233581543,"Male"
"9004160",371982,2025-06-19 10:44:31,42.5204010009766,-8.82969856262207,"Male"
"9004160",371982,2025-06-19 10:49:31,42.5204315185547,-8.82974433898926,"Male"
"9004160",371982,2025-06-19 10:54:33,42.5202369689941,-8.83004093170166,"Male"
"9004160",371982,2025-06-19 10:59:31,42.5189666748047,-8.83011341094971,"Male"
"9004160",371982,2025-06-19 11:04:32,42.5186462402344,-8.82987594604492,"Male"
"9004160",371982,2025-06-19 11:09:51,42.5180549621582,-8.8295726776123,"Male"
"9004160",371982,2025-06-19 11:15:30,42.5188064575195,-8.83037090301514,"Male"
"9004160",371982,2025-06-19 11:20:52,42.5199699401855,-8.83077907562256,"Male"
"9004160",371982,2025-06-19 11:25:58,42.5207595825195,-8.83077239990234,"Male"
"9004160",371982,2025-06-19 11:30:58,42.5203132629395,-8.82952117919922,"Male"
"9004160",371982,2025-06-19 11:35:56,42.5203094482422,-8.82947063446045,"Male"
"9004160",371982,2025-06-19 11:41:06,42.5204315185547,-8.82964515686035,"Male"
"9004160",371982,2025-06-19 11:45:56,42.5204467773438,-8.82975769042969,"Male"
"9004160",371982,2025-06-19 11:51:06,42.5204467773438,-8.82953453063965,"Male"
"9004160",371982,2025-06-19 11:55:56,42.5205459594727,-8.82952499389648,"Male"
"9004160",371982,2025-06-19 12:00:59,42.5206489562988,-8.82919597625732,"Male"
"9004160",371982,2025-06-19 12:06:00,42.5206184387207,-8.82922554016113,"Male"
"9004160",371982,2025-06-19 12:11:00,42.5206604003906,-8.82926750183105,"Male"
"9004160",371982,2025-06-19 12:16:01,42.5204963684082,-8.82953453063965,"Male"
"9004160",371982,2025-06-19 12:20:56,42.5204086303711,-8.82979965209961,"Male"
"9004160",371982,2025-06-19 12:26:01,42.5205001831055,-8.8295431137085,"Male"
"9004160",371982,2025-06-19 12:30:56,42.5206413269043,-8.82941150665283,"Male"
"9004160",371982,2025-06-19 12:36:01,42.5204696655273,-8.8295783996582,"Male"
"9004160",371982,2025-06-19 12:41:08,42.5204849243164,-8.82961082458496,"Male"
"9004160",371982,2025-06-19 12:45:58,42.5204429626465,-8.82952499389648,"Male"
"9004160",371982,2025-06-19 12:50:57,42.5206260681152,-8.82895851135254,"Male"
"9004160",371982,2025-06-19 12:56:12,42.5204772949219,-8.8297233581543,"Male"
"9004160",371982,2025-06-19 13:00:55,42.5206184387207,-8.82857990264893,"Male"
"9004160",371982,2025-06-19 13:05:56,42.520133972168,-8.82919025421143,"Male"
"9004160",371982,2025-06-19 13:10:57,42.5203552246094,-8.82943916320801,"Male"
"9004160",371982,2025-06-19 13:15:56,42.5201873779297,-8.82941341400146,"Male"
"9004160",371982,2025-06-19 13:20:56,42.5202178955078,-8.82956409454346,"Male"
"9004160",371982,2025-06-19 13:25:56,42.5202903747559,-8.82914066314697,"Male"
"9004160",371982,2025-06-19 13:30:56,42.5203590393066,-8.82947540283203,"Male"
"9004160",371982,2025-06-19 13:35:57,42.5201301574707,-8.82944869995117,"Male"
"9004160",371982,2025-06-19 13:40:58,42.520378112793,-8.82883071899414,"Male"
"9004160",371982,2025-06-19 13:46:14,42.5204048156738,-8.82963180541992,"Male"
"9004160",371982,2025-06-19 13:50:57,42.5203514099121,-8.82917308807373,"Male"
"9004160",371982,2025-06-19 13:55:56,42.5204048156738,-8.82874488830566,"Male"
"9004160",371982,2025-06-19 14:00:58,42.5203247070312,-8.82950305938721,"Male"
"9004160",371982,2025-06-19 14:05:56,42.5202407836914,-8.82943820953369,"Male"
"9004160",371982,2025-06-19 14:10:57,42.520320892334,-8.82903289794922,"Male"
"9004160",371982,2025-06-19 14:15:56,42.5202255249023,-8.82951354980469,"Male"
"9004160",371982,2025-06-19 14:20:56,42.5202407836914,-8.82956790924072,"Male"
"9004160",371982,2025-06-19 14:26:52,42.5206451416016,-8.83035087585449,"Male"
"9004160",371982,2025-06-19 14:53:41,42.5201530456543,-8.83094501495361,"Male"
"9004160",371982,2025-06-19 14:58:30,42.5196151733398,-8.83036804199219,"Male"
"9004160",371982,2025-06-19 15:03:31,42.5198669433594,-8.82962036132812,"Male"
"9004160",371982,2025-06-19 15:08:29,42.5199089050293,-8.82964897155762,"Male"
"9004160",371982,2025-06-19 15:13:28,42.5198669433594,-8.82979011535645,"Male"
"9004160",371982,2025-06-19 15:18:29,42.5198860168457,-8.8297290802002,"Male"
"9004160",371982,2025-06-19 15:23:29,42.5197982788086,-8.82984352111816,"Male"
"9004160",371982,2025-06-19 15:28:30,42.5199394226074,-8.82964134216309,"Male"
"9004160",371982,2025-06-19 15:33:29,42.5198097229004,-8.82973575592041,"Male"
"9004160",371982,2025-06-19 15:38:30,42.5197944641113,-8.82985877990723,"Male"
"9004160",371982,2025-06-19 15:43:27,42.5198020935059,-8.8297872543335,"Male"
"9004160",371982,2025-06-19 15:48:30,42.5198135375977,-8.82983589172363,"Male"
"9004160",371982,2025-06-19 15:53:28,42.5197448730469,-8.8298225402832,"Male"
"9004160",371982,2025-06-19 15:58:28,42.5197906494141,-8.82976913452148,"Male"
"9004160",371982,2025-06-19 16:03:27,42.5197219848633,-8.82981967926025,"Male"
"9004160",371982,2025-06-19 16:08:27,42.5196800231934,-8.82977104187012,"Male"
"9004160",371982,2025-06-19 16:13:27,42.519718170166,-8.82971000671387,"Male"
"9004160",371982,2025-06-19 16:18:28,42.519660949707,-8.82984828948975,"Male"
"9004160",371982,2025-06-19 16:23:28,42.5196533203125,-8.82981872558594,"Male"
"9004160",371982,2025-06-19 16:28:27,42.5197486877441,-8.82965755462646,"Male"
"9004160",371982,2025-06-19 16:33:26,42.5197219848633,-8.82964992523193,"Male"
"9004160",371982,2025-06-19 16:38:28,42.5196075439453,-8.82988452911377,"Male"
"9004160",371982,2025-06-19 16:43:29,42.5191497802734,-8.83050632476807,"Male"
"9004160",371982,2025-06-19 16:48:30,42.5196647644043,-8.82973480224609,"Male"
"9004160",371982,2025-06-19 16:53:28,42.5192031860352,-8.83027267456055,"Male"
"9004160",371982,2025-06-19 16:58:26,42.5193557739258,-8.82997131347656,"Male"
"9004160",371982,2025-06-19 17:03:26,42.519416809082,-8.8298511505127,"Male"
"9004160",371982,2025-06-19 17:08:27,42.5193748474121,-8.82984161376953,"Male"
"9004160",371982,2025-06-19 17:13:27,42.5194435119629,-8.82984447479248,"Male"
"9004160",371982,2025-06-19 17:18:26,42.5193748474121,-8.82976150512695,"Male"
"9004160",371982,2025-06-19 17:23:26,42.5191535949707,-8.8297758102417,"Male"
"9004160",371982,2025-06-19 17:28:28,42.519458770752,-8.829665184021,"Male"
"9004160",371982,2025-06-19 17:33:34,42.5194206237793,-8.8295431137085,"Male"
"9004160",371982,2025-06-19 17:38:26,42.5196075439453,-8.82934474945068,"Male"
"9004160",371982,2025-06-19 17:43:27,42.5192527770996,-8.82950592041016,"Male"
"9004160",371982,2025-06-19 17:48:35,42.5201721191406,-8.82961750030518,"Male"
"9004160",371982,2025-06-19 17:53:27,42.5190887451172,-8.82933712005615,"Male"
"9004160",371982,2025-06-19 17:58:27,42.5192451477051,-8.82923984527588,"Male"
"9004160",371982,2025-06-19 18:03:26,42.5191383361816,-8.82917404174805,"Male"
"9004160",371982,2025-06-19 18:08:30,42.5193862915039,-8.83096313476562,"Male"
"9004160",371982,2025-06-19 18:13:42,42.5185127258301,-8.83259201049805,"Male"
"9004160",371982,2025-06-19 18:22:20,42.5188446044922,-8.8331413269043,"Male"
"9004160",371982,2025-06-19 18:27:35,42.5111541748047,-8.84055519104004,"Male"
"9004160",371982,2025-06-19 18:32:15,42.5109939575195,-8.84036827087402,"Male"
"9004160",371982,2025-06-19 18:37:16,42.5104560852051,-8.83964347839355,"Male"
"9004160",371982,2025-06-19 18:42:30,42.5115280151367,-8.84089946746826,"Male"
"9004160",371982,2025-06-19 18:47:15,42.5111885070801,-8.84072399139404,"Male"
"9004160",371982,2025-06-19 18:52:31,42.5113945007324,-8.84081077575684,"Male"
"9004160",371982,2025-06-19 18:57:15,42.5112762451172,-8.84077072143555,"Male"
"9004160",371982,2025-06-19 19:02:15,42.5112571716309,-8.84077548980713,"Male"
"9004160",371982,2025-06-19 19:07:15,42.5112533569336,-8.84076499938965,"Male"
"9004160",371982,2025-06-19 19:12:15,42.5111198425293,-8.84057807922363,"Male"
"9004160",371982,2025-06-19 19:17:15,42.511287689209,-8.84079074859619,"Male"
"9004160",371982,2025-06-19 19:22:15,42.5120811462402,-8.85580348968506,"Male"
"9004160",371982,2025-06-19 19:27:15,42.5186958312988,-8.8655948638916,"Male"
"9004160",371982,2025-06-19 19:32:15,42.5151519775391,-8.87080955505371,"Male"
"9004160",371982,2025-06-19 19:37:15,42.4892044067383,-8.91073608398438,"Male"
"9004160",371982,2025-06-19 19:42:15,42.477783203125,-8.94439697265625,"Male"
"9004160",371982,2025-06-19 19:47:15,42.4777717590332,-8.94440937042236,"Male"
"9004160",371982,2025-06-19 19:52:15,42.4778137207031,-8.94442749023438,"Male"
"9004160",371982,2025-06-19 19:57:15,42.4778251647949,-8.94437026977539,"Male"
"9004160",371982,2025-06-19 20:02:15,42.4777946472168,-8.94440746307373,"Male"
"9004160",371982,2025-06-19 20:07:15,42.4778251647949,-8.94438076019287,"Male"
"9004160",371982,2025-06-19 20:12:15,42.4778022766113,-8.94439125061035,"Male"
"9004160",371982,2025-06-19 20:17:15,42.4778366088867,-8.94442272186279,"Male"
"9004160",371982,2025-06-19 20:22:15,42.4777755737305,-8.94357013702393,"Male"
"9004160",371982,2025-06-19 20:27:23,42.4773597717285,-8.94433403015137,"Male"
"9004160",371982,2025-06-19 20:32:16,42.4774017333984,-8.94425106048584,"Male"
"9004160",371982,2025-06-19 20:37:15,42.4774856567383,-8.94461154937744,"Male"
"9004160",371982,2025-06-19 20:42:15,42.4774742126465,-8.94461631774902,"Male"
"9004160",371982,2025-06-19 20:47:15,42.4770278930664,-8.94472408294678,"Male"
"9004160",371982,2025-06-19 20:52:15,42.4774589538574,-8.94450569152832,"Male"
"9004160",371982,2025-06-19 20:57:16,42.4773406982422,-8.94428730010986,"Male"
"9004160",371982,2025-06-19 21:02:17,42.4774589538574,-8.94438076019287,"Male"
"9004160",371982,2025-06-19 21:07:16,42.4773559570312,-8.94436264038086,"Male"
"9004160",371982,2025-06-19 21:12:17,42.4776878356934,-8.94496726989746,"Male"
"9004160",371982,2025-06-19 21:17:17,42.4776992797852,-8.94488334655762,"Male"
"9004160",371982,2025-06-19 21:22:18,42.4777450561523,-8.94508171081543,"Male"
"9004160",371982,2025-06-19 21:27:18,42.4776153564453,-8.94484710693359,"Male"
"9004160",371982,2025-06-19 21:32:19,42.4773483276367,-8.94442367553711,"Male"
"9004160",371982,2025-06-19 21:37:22,42.4773750305176,-8.94444751739502,"Male"
"9004160",371982,2025-06-19 21:42:21,42.4773788452148,-8.94448280334473,"Male"
"9004160",371982,2025-06-19 21:47:22,42.4772987365723,-8.94445705413818,"Male"
"9004160",371982,2025-06-19 21:52:23,42.4773941040039,-8.94448566436768,"Male"
"9004160",371982,2025-06-19 21:57:15,42.4773902893066,-8.94450283050537,"Male"
"9004160",371982,2025-06-19 22:02:15,42.4770317077637,-8.94437694549561,"Male"
"9004160",371982,2025-06-19 22:07:15,42.4773941040039,-8.94462394714355,"Male"
"9004160",371982,2025-06-19 22:12:17,42.4774589538574,-8.94466590881348,"Male"
"9004160",371982,2025-06-19 22:17:17,42.4773483276367,-8.94458293914795,"Male"
"9004160",371982,2025-06-19 22:22:35,42.4773788452148,-8.94453620910645,"Male"
"9004160",371982,2025-06-19 22:27:14,42.4773941040039,-8.9445915222168,"Male"
"9004160",371982,2025-06-19 22:32:14,42.4775009155273,-8.94462299346924,"Male"
"9004160",371982,2025-06-19 22:37:14,42.4774513244629,-8.94468593597412,"Male"
"9004160",371982,2025-06-19 22:42:14,42.4774856567383,-8.94460391998291,"Male"
"9004160",371982,2025-06-19 22:47:14,42.477424621582,-8.94464206695557,"Male"
"9004160",371982,2025-06-19 22:52:15,42.4773864746094,-8.94460678100586,"Male"
"9004160",371982,2025-06-19 22:57:15,42.4773330688477,-8.94459438323975,"Male"
"9004160",371982,2025-06-19 23:02:15,42.4774398803711,-8.94467544555664,"Male"
"9004160",371982,2025-06-19 23:07:15,42.4773712158203,-8.94462394714355,"Male"
"9004160",371982,2025-06-19 23:12:16,42.4773750305176,-8.94457817077637,"Male"
"9004160",371982,2025-06-19 23:17:16,42.4773559570312,-8.94467067718506,"Male"
"9004160",371982,2025-06-19 23:22:16,42.4773635864258,-8.94464492797852,"Male"
"9004160",371982,2025-06-19 23:27:16,42.4773254394531,-8.94464206695557,"Male"
"9004160",371982,2025-06-19 23:32:16,42.4773063659668,-8.94464206695557,"Male"
"9004160",371982,2025-06-19 23:37:16,42.4773902893066,-8.94467544555664,"Male"
"9004160",371982,2025-06-19 23:42:16,42.4773101806641,-8.9447193145752,"Male"
"9004160",371982,2025-06-19 23:47:15,42.4773254394531,-8.94470596313477,"Male"
"9004160",371982,2025-06-19 23:52:15,42.4773292541504,-8.94467639923096,"Male"
"9004160",371982,2025-06-19 23:57:15,42.4773330688477,-8.94463729858398,"Male"
"9004160",371982,2025-06-20 00:02:15,42.4773559570312,-8.94464588165283,"Male"
"9004160",371982,2025-06-20 00:07:15,42.4774436950684,-8.94466876983643,"Male"
"9004160",371982,2025-06-20 00:12:15,42.4773330688477,-8.94459533691406,"Male"
"9004160",371982,2025-06-20 00:17:14,42.4773864746094,-8.94470310211182,"Male"
"9004160",371982,2025-06-20 00:22:15,42.4772872924805,-8.944655418396,"Male"
"9004160",371982,2025-06-20 00:27:15,42.4774055480957,-8.94472312927246,"Male"
"9004160",371982,2025-06-20 00:32:15,42.4772796630859,-8.94469833374023,"Male"
"9004160",371982,2025-06-20 00:37:16,42.4772644042969,-8.94466114044189,"Male"
"9004160",371982,2025-06-20 00:42:15,42.477352142334,-8.94467830657959,"Male"
"9004160",371982,2025-06-20 00:47:17,42.4774169921875,-8.9446496963501,"Male"
"9004160",371982,2025-06-20 00:52:16,42.4774436950684,-8.94464778900146,"Male"
"9004160",371982,2025-06-20 00:57:15,42.4774856567383,-8.94475555419922,"Male"
"9004160",371982,2025-06-20 01:02:15,42.4774932861328,-8.94471073150635,"Male"
"9004160",371982,2025-06-20 01:07:16,42.4774055480957,-8.94470119476318,"Male"
"9004160",371982,2025-06-20 01:12:15,42.4776992797852,-8.94474315643311,"Male"
"9004160",371982,2025-06-20 01:17:21,42.4775314331055,-8.94469738006592,"Male"
"9004160",371982,2025-06-20 01:22:22,42.4775466918945,-8.94457054138184,"Male"
"9004160",371982,2025-06-20 01:27:22,42.4776649475098,-8.94474411010742,"Male"
"9004160",371982,2025-06-20 01:32:18,42.4773712158203,-8.94466114044189,"Male"
"9004160",371982,2025-06-20 01:37:18,42.477668762207,-8.94480895996094,"Male"
"9004160",371982,2025-06-20 01:42:24,42.4776496887207,-8.94473838806152,"Male"
"9004160",371982,2025-06-20 01:47:19,42.4776649475098,-8.94478797912598,"Male"
"9004160",371982,2025-06-20 01:52:16,42.4776992797852,-8.94475078582764,"Male"
"9004160",371982,2025-06-20 01:57:17,42.4776344299316,-8.94477272033691,"Male"
"9004160",371982,2025-06-20 02:02:16,42.4776496887207,-8.94467353820801,"Male"
"9004160",371982,2025-06-20 02:07:35,42.4775276184082,-8.94456577301025,"Male"
"9004160",371982,2025-06-20 02:12:14,42.4774513244629,-8.94466876983643,"Male"
"9004160",371982,2025-06-20 02:17:16,42.477466583252,-8.94456195831299,"Male"
"9004160",371982,2025-06-20 02:22:15,42.4774551391602,-8.94461250305176,"Male"
"9004160",371982,2025-06-20 02:27:15,42.4774703979492,-8.94464206695557,"Male"
"9004160",371982,2025-06-20 02:32:15,42.477481842041,-8.94460010528564,"Male"
"9004160",371982,2025-06-20 02:37:15,42.4774284362793,-8.94457817077637,"Male"
"9004160",371982,2025-06-20 02:42:15,42.4774436950684,-8.94461059570312,"Male"
"9004160",371982,2025-06-20 02:47:15,42.4774169921875,-8.94462871551514,"Male"
"9004160",371982,2025-06-20 02:52:15,42.4772987365723,-8.94462490081787,"Male"
"9004160",371982,2025-06-20 02:57:15,42.4774475097656,-8.94465827941895,"Male"
"9004160",371982,2025-06-20 03:02:15,42.4774322509766,-8.94473266601562,"Male"
"9004160",371982,2025-06-20 03:07:16,42.4772911071777,-8.94448757171631,"Male"
"9004160",371982,2025-06-20 03:12:16,42.477481842041,-8.94468307495117,"Male"
"9004160",371982,2025-06-20 03:17:16,42.4772491455078,-8.9445104598999,"Male"
"9004160",371982,2025-06-20 03:22:15,42.4773902893066,-8.94475364685059,"Male"
"9004160",371982,2025-06-20 03:27:16,42.4777336120605,-8.94503688812256,"Male"
"9004160",371982,2025-06-20 03:32:15,42.4781188964844,-8.94528579711914,"Male"
"9004160",371982,2025-06-20 03:37:15,42.4778327941895,-8.94508361816406,"Male"
"9004160",371982,2025-06-20 03:42:15,42.4780426025391,-8.94519901275635,"Male"
"9004160",371982,2025-06-20 03:47:15,42.4781150817871,-8.94525146484375,"Male"
"9004160",371982,2025-06-20 03:52:15,42.4788780212402,-8.94639205932617,"Male"
"9004160",371982,2025-06-20 03:57:15,42.4782333374023,-8.94557094573975,"Male"
"9004160",371982,2025-06-20 04:02:15,42.478328704834,-8.94571685791016,"Male"
"9004160",371982,2025-06-20 04:07:15,42.4780769348145,-8.94540691375732,"Male"
"9004160",371982,2025-06-20 04:12:15,42.4774475097656,-8.94492530822754,"Male"
"9004160",371982,2025-06-20 04:17:16,42.4775123596191,-8.94490814208984,"Male"
"9004160",371982,2025-06-20 04:22:15,42.4774398803711,-8.94488620758057,"Male"
"9004160",371982,2025-06-20 04:27:15,42.4774627685547,-8.94473075866699,"Male"
"9004160",371982,2025-06-20 04:32:15,42.4774932861328,-8.94475936889648,"Male"
"9004160",371982,2025-06-20 04:37:15,42.4772262573242,-8.94484806060791,"Male"
"9004160",371982,2025-06-20 04:42:17,42.4772453308105,-8.94478321075439,"Male"
"9004160",371982,2025-06-20 04:47:17,42.4773864746094,-8.94471549987793,"Male"
"9004160",371982,2025-06-20 04:52:17,42.4772529602051,-8.94492816925049,"Male"
"9004160",371982,2025-06-20 04:57:40,42.476921081543,-8.94499206542969,"Male"
"9004160",371982,2025-06-20 05:02:16,42.4768600463867,-8.94485092163086,"Male"
"9004160",371982,2025-06-20 05:07:18,42.4771728515625,-8.9447660446167,"Male"
"9004160",371982,2025-06-20 05:12:16,42.4770851135254,-8.94461250305176,"Male"
"9004160",371982,2025-06-20 05:17:35,42.4770851135254,-8.94474601745605,"Male"
"9004160",371982,2025-06-20 05:22:17,42.4770736694336,-8.94460868835449,"Male"
"9004160",371982,2025-06-20 05:27:16,42.4772186279297,-8.94477462768555,"Male"
"9004160",371982,2025-06-20 05:32:17,42.477222442627,-8.94472312927246,"Male"
"9004160",371982,2025-06-20 05:37:15,42.4771881103516,-8.94473648071289,"Male"
"9004160",371982,2025-06-20 05:42:17,42.4771385192871,-8.94466209411621,"Male"
"9004160",371982,2025-06-20 05:47:16,42.4770584106445,-8.94451999664307,"Male"
"9004160",371982,2025-06-20 05:52:16,42.4770584106445,-8.94455909729004,"Male"
"9004160",371982,2025-06-20 05:57:16,42.4770240783691,-8.94447612762451,"Male"
"9004160",371982,2025-06-20 06:02:16,42.4772109985352,-8.94479274749756,"Male"
"9004160",371982,2025-06-20 06:07:16,42.4772491455078,-8.94477081298828,"Male"
"9004160",371982,2025-06-20 06:12:16,42.4772300720215,-8.94476890563965,"Male"
"9004160",371982,2025-06-20 06:17:16,42.4771995544434,-8.94478130340576,"Male"
"9004160",371982,2025-06-20 06:22:16,42.4772415161133,-8.94480133056641,"Male"
"9004160",371982,2025-06-20 06:27:16,42.4772491455078,-8.94484043121338,"Male"
"9004160",371982,2025-06-20 06:32:16,42.4773445129395,-8.94489097595215,"Male"
"9004160",371982,2025-06-20 06:37:16,42.4773406982422,-8.94479465484619,"Male"
"9004160",371982,2025-06-20 06:42:16,42.4773712158203,-8.94481372833252,"Male"
"9004160",371982,2025-06-20 06:47:16,42.4774322509766,-8.94480323791504,"Male"
"9004160",371982,2025-06-20 06:52:16,42.4774551391602,-8.94478511810303,"Male"
"9004160",371982,2025-06-20 06:57:16,42.4774703979492,-8.94478034973145,"Male"
"9004160",371982,2025-06-20 07:02:16,42.4773597717285,-8.94470691680908,"Male"
"9004160",371982,2025-06-20 07:07:18,42.4773597717285,-8.94468116760254,"Male"
"9004160",371982,2025-06-20 07:12:16,42.4773330688477,-8.94472217559814,"Male"
"9004160",371982,2025-06-20 07:17:16,42.4774055480957,-8.944899559021,"Male"
"9004160",371982,2025-06-20 07:22:16,42.4772033691406,-8.9449462890625,"Male"
"9004160",371982,2025-06-20 07:27:16,42.4772109985352,-8.94492626190186,"Male"
"9004160",371982,2025-06-20 07:32:16,42.4778022766113,-8.94492053985596,"Male"
"9004160",371982,2025-06-20 07:37:16,42.4772415161133,-8.9449987411499,"Male"
"9004160",371982,2025-06-20 07:42:17,42.4768486022949,-8.9451208114624,"Male"
"9004160",371982,2025-06-20 07:47:15,42.476734161377,-8.94514751434326,"Male"
"9004160",371982,2025-06-20 07:52:15,42.4765319824219,-8.94520092010498,"Male"
"9004160",371982,2025-06-20 07:57:20,42.477352142334,-8.94485282897949,"Male"
"9004160",371982,2025-06-20 08:02:15,42.4765739440918,-8.9451265335083,"Male"
"9004160",371982,2025-06-20 08:07:17,42.4764442443848,-8.9452075958252,"Male"
"9004160",371982,2025-06-20 08:12:15,42.476432800293,-8.94515419006348,"Male"
"9004160",371982,2025-06-20 08:17:16,42.4763259887695,-8.94515514373779,"Male"
"9004160",371982,2025-06-20 08:22:15,42.476203918457,-8.94518184661865,"Male"
"9004160",371982,2025-06-20 08:27:16,42.4758338928223,-8.94521427154541,"Male"
"9004160",371982,2025-06-20 08:32:16,42.4755020141602,-8.94521427154541,"Male"
"9004160",371982,2025-06-20 08:37:23,42.4771957397461,-8.94474124908447,"Male"
"9004160",371982,2025-06-20 08:42:24,42.4771347045898,-8.94477844238281,"Male"
"9004160",371982,2025-06-20 08:47:26,42.4772415161133,-8.94480514526367,"Male"
"9004160",371982,2025-06-20 08:52:25,42.4772338867188,-8.94470977783203,"Male"
"9004160",371982,2025-06-20 08:57:44,42.5041656494141,-8.91977500915527,"Male"
"9004160",371982,2025-06-20 09:02:16,42.5139694213867,-8.87664890289307,"Male"
"9004160",371982,2025-06-20 09:07:23,42.5133247375488,-8.87700271606445,"Male"
"9004160",371982,2025-06-20 09:13:08,42.5142211914062,-8.87562847137451,"Male"
"9004160",371982,2025-06-20 09:18:21,42.515869140625,-8.87626934051514,"Male"
"9004160",371982,2025-06-20 09:23:20,42.5194129943848,-8.87230396270752,"Male"
"9004160",371982,2025-06-20 09:28:20,42.5204162597656,-8.87102508544922,"Male"
"9004160",371982,2025-06-20 09:33:20,42.5205268859863,-8.87100124359131,"Male"
"9004160",371982,2025-06-20 09:38:20,42.520393371582,-8.87096977233887,"Male"
"9004160",371982,2025-06-20 09:43:20,42.5208168029785,-8.87086582183838,"Male"
"9004160",371982,2025-06-20 09:48:20,42.5173606872559,-8.87104892730713,"Male"
"9004160",371982,2025-06-20 09:53:21,42.519229888916,-8.83323764801025,"Male"
"9004160",371982,2025-06-20 09:58:21,42.5192565917969,-8.83303260803223,"Male"
"9004160",371982,2025-06-20 10:03:29,42.5189170837402,-8.83269309997559,"Male"
"9004160",371982,2025-06-20 10:08:56,42.5196838378906,-8.83128833770752,"Male"
"9004160",371982,2025-06-20 10:14:16,42.5209846496582,-8.82978439331055,"Male"
"9004160",371982,2025-06-20 10:19:10,42.5208358764648,-8.82895469665527,"Male"
"9004160",371982,2025-06-20 10:24:10,42.5208702087402,-8.82898616790771,"Male"
"9004160",371982,2025-06-20 10:29:09,42.5208511352539,-8.82892513275146,"Male"
"9004160",371982,2025-06-20 10:34:10,42.5208511352539,-8.82889747619629,"Male"
"9004160",371982,2025-06-20 10:39:09,42.5208320617676,-8.82891845703125,"Male"
"9004160",371982,2025-06-20 10:44:13,42.5208168029785,-8.82887744903564,"Male"
"9004160",371982,2025-06-20 10:49:12,42.5207939147949,-8.8289270401001,"Male"
"9004160",371982,2025-06-20 10:54:44,42.5207252502441,-8.82912826538086,"Male"
"9004160",371982,2025-06-20 10:59:09,42.520881652832,-8.82895183563232,"Male"
"9004160",371982,2025-06-20 11:04:09,42.5205993652344,-8.82890510559082,"Male"
"9004160",371982,2025-06-20 11:09:09,42.5206832885742,-8.82898712158203,"Male"
"9004160",371982,2025-06-20 11:14:09,42.5206336975098,-8.82896709442139,"Male"
"9004160",371982,2025-06-20 11:19:11,42.5205841064453,-8.82886219024658,"Male"
"9004160",371982,2025-06-20 11:24:09,42.5206642150879,-8.82890224456787,"Male"
"9004160",371982,2025-06-20 11:29:09,42.5206756591797,-8.82890510559082,"Male"
"9004160",371982,2025-06-20 11:34:09,42.5207557678223,-8.82888793945312,"Male"
"9004160",371982,2025-06-20 11:39:08,42.520679473877,-8.82902431488037,"Male"
"9004160",371982,2025-06-20 11:44:09,42.5206718444824,-8.82901382446289,"Male"
"9004160",371982,2025-06-20 11:49:44,42.5206565856934,-8.82913112640381,"Male"
"9004160",371982,2025-06-20 11:54:09,42.5206527709961,-8.82911968231201,"Male"
"9004160",371982,2025-06-20 11:59:08,42.5206604003906,-8.82925891876221,"Male"
"9004160",371982,2025-06-20 12:04:09,42.5206642150879,-8.82918453216553,"Male"
"9004160",371982,2025-06-20 12:09:09,42.5206604003906,-8.82923889160156,"Male"
"9004160",371982,2025-06-20 12:14:09,42.5207405090332,-8.82919883728027,"Male"
"9004160",371982,2025-06-20 12:19:09,42.5212249755859,-8.83020210266113,"Male"
"9004160",371982,2025-06-20 12:24:29,42.5217399597168,-8.83004760742188,"Male"
"9004160",371982,2025-06-20 12:29:51,42.5218124389648,-8.83006572723389,"Male"
"9004160",371982,2025-06-20 12:35:14,42.5217742919922,-8.83008575439453,"Male"
"9004160",371982,2025-06-20 12:40:11,42.5218162536621,-8.83017444610596,"Male"
"9004160",371982,2025-06-20 12:45:33,42.521915435791,-8.83004283905029,"Male"
"9004160",371982,2025-06-20 12:50:47,42.5217170715332,-8.83022880554199,"Male"
"9004160",371982,2025-06-20 12:55:44,42.5217208862305,-8.83013820648193,"Male"
"9004160",371982,2025-06-20 13:01:14,42.5205192565918,-8.82956123352051,"Male"
"9004160",371982,2025-06-20 13:05:40,42.5201568603516,-8.82912158966064,"Male"
"9004160",371982,2025-06-20 13:10:41,42.5205612182617,-8.82945156097412,"Male"
"9004160",371982,2025-06-20 13:15:40,42.5205078125,-8.82949161529541,"Male"
"9004160",371982,2025-06-20 13:20:40,42.5203819274902,-8.82979202270508,"Male"
"9004160",371982,2025-06-20 13:25:40,42.5204315185547,-8.82950115203857,"Male"
"9004160",371982,2025-06-20 13:30:45,42.5203514099121,-8.82967376708984,"Male"
"9004160",371982,2025-06-20 13:35:40,42.5201034545898,-8.82923793792725,"Male"
"9004160",371982,2025-06-20 13:40:40,42.5204010009766,-8.82983303070068,"Male"
"9004160",371982,2025-06-20 13:45:40,42.5203132629395,-8.82960796356201,"Male"
"9004160",371982,2025-06-20 13:50:48,42.5203742980957,-8.82970333099365,"Male"
"9004160",371982,2025-06-20 13:56:05,42.5204238891602,-8.82939147949219,"Male"
"9004160",371982,2025-06-20 14:00:40,42.5205078125,-8.82963371276855,"Male"
"9004160",371982,2025-06-20 14:05:42,42.5204696655273,-8.82960414886475,"Male"
"9004160",371982,2025-06-20 14:10:40,42.5205154418945,-8.82961654663086,"Male"
"9004160",371982,2025-06-20 14:15:40,42.5204696655273,-8.82962608337402,"Male"
"9004160",371982,2025-06-20 14:20:40,42.5203666687012,-8.8296012878418,"Male"
"9004160",371982,2025-06-20 14:25:40,42.5204238891602,-8.82963943481445,"Male"
"9004160",371982,2025-06-20 14:30:40,42.5204582214355,-8.82970237731934,"Male"
"9004160",371982,2025-06-20 14:35:41,42.5204200744629,-8.82969093322754,"Male"
"9004160",371982,2025-06-20 14:40:40,42.5204200744629,-8.82967185974121,"Male"
"9004160",371982,2025-06-20 14:45:40,42.520336151123,-8.82959079742432,"Male"
"9004160",371982,2025-06-20 14:50:40,42.520378112793,-8.82968330383301,"Male"
"9004160",371982,2025-06-20 14:55:40,42.520378112793,-8.82971572875977,"Male"
"9004160",371982,2025-06-20 15:00:40,42.5204772949219,-8.82982730865479,"Male"
"9004160",371982,2025-06-20 15:05:40,42.5204010009766,-8.82977294921875,"Male"
"9004160",371982,2025-06-20 15:10:40,42.5205078125,-8.82980728149414,"Male"
"9004160",371982,2025-06-20 15:15:40,42.5205497741699,-8.82990074157715,"Male"
"9004160",371982,2025-06-20 15:20:40,42.5204811096191,-8.82979011535645,"Male"
"9004160",371982,2025-06-20 15:25:40,42.5204467773438,-8.82976341247559,"Male"
"9004160",371982,2025-06-20 15:30:40,42.5205612182617,-8.82989025115967,"Male"
"9004160",371982,2025-06-20 15:35:40,42.5205459594727,-8.82987594604492,"Male"
"9004160",371982,2025-06-20 15:40:40,42.5206146240234,-8.82997703552246,"Male"
"9004160",371982,2025-06-20 15:45:40,42.5204925537109,-8.82981300354004,"Male"
"9004160",371982,2025-06-20 15:50:40,42.520622253418,-8.83008098602295,"Male"
"9004160",371982,2025-06-20 15:55:40,42.5205192565918,-8.82984447479248,"Male"
"9004160",371982,2025-06-20 16:00:41,42.5205497741699,-8.82994651794434,"Male"
"9004160",371982,2025-06-20 16:05:43,42.5208206176758,-8.83028602600098,"Male"
"9004160",371982,2025-06-20 16:10:58,42.5217056274414,-8.83138370513916,"Male"
"9004160",371982,2025-06-20 16:22:09,42.5218048095703,-8.82934856414795,"Male"
"9004160",371982,2025-06-20 16:27:32,42.5226440429688,-8.82968235015869,"Male"
"9004160",371982,2025-06-20 16:32:41,42.5215682983398,-8.83009052276611,"Male"
"9004160",371982,2025-06-20 16:37:39,42.5205726623535,-8.829909324646,"Male"
"9004160",371982,2025-06-20 16:42:39,42.5206146240234,-8.82991504669189,"Male"
"9004160",371982,2025-06-20 16:47:41,42.5204925537109,-8.82984828948975,"Male"
"9004160",371982,2025-06-20 16:52:40,42.5220489501953,-8.82783222198486,"Male"
"9004160",371982,2025-06-20 16:57:38,42.5204010009766,-8.83008670806885,"Male"
"9004160",371982,2025-06-20 17:02:37,42.520378112793,-8.83020401000977,"Male"
"9004160",371982,2025-06-20 17:07:39,42.5203666687012,-8.8300952911377,"Male"
"9004160",371982,2025-06-20 17:12:40,42.5199394226074,-8.83113384246826,"Male"
"9004160",371982,2025-06-20 17:17:49,42.5199241638184,-8.84020900726318,"Male"
"9004160",371982,2025-06-20 17:22:58,42.5209121704102,-8.84275341033936,"Male"
"9004160",371982,2025-06-20 17:27:52,42.5213470458984,-8.84300994873047,"Male"
"9004160",371982,2025-06-20 17:33:01,42.5215950012207,-8.84197807312012,"Male"
"9004160",371982,2025-06-20 17:37:53,42.5213432312012,-8.8424825668335,"Male"
"9004160",371982,2025-06-20 17:42:55,42.5221786499023,-8.84192085266113,"Male"
"9004160",371982,2025-06-20 17:47:52,42.5213241577148,-8.84316158294678,"Male"
"9004160",371982,2025-06-20 17:52:53,42.5217170715332,-8.84270763397217,"Male"
"9004160",371982,2025-06-20 17:57:52,42.5213928222656,-8.84258460998535,"Male"
"9004160",371982,2025-06-20 18:02:58,42.5212821960449,-8.84195327758789,"Male"
"9004160",371982,2025-06-20 18:07:53,42.5213203430176,-8.84232902526855,"Male"
"9004160",371982,2025-06-20 18:12:52,42.5212478637695,-8.8424015045166,"Male"
"9004160",371982,2025-06-20 18:17:52,42.5211791992188,-8.84205055236816,"Male"
"9004160",371982,2025-06-20 18:22:52,42.5216026306152,-8.84226894378662,"Male"
"9004160",371982,2025-06-20 18:27:53,42.5213890075684,-8.84253883361816,"Male"
"9004160",371982,2025-06-20 18:32:52,42.5213966369629,-8.84254264831543,"Male"
"9004160",371982,2025-06-20 18:37:52,42.5216293334961,-8.84210681915283,"Male"
"9004160",371982,2025-06-20 18:42:52,42.5214691162109,-8.84256172180176,"Male"
"9004160",371982,2025-06-20 18:47:52,42.5213737487793,-8.84264755249023,"Male"
"9004160",371982,2025-06-20 18:52:52,42.5214347839355,-8.84265232086182,"Male"
"9004160",371982,2025-06-20 18:57:52,42.5215606689453,-8.84249210357666,"Male"
"9004160",371982,2025-06-20 19:03:00,42.5220909118652,-8.84200191497803,"Male"
"9004160",371982,2025-06-20 19:07:51,42.5218276977539,-8.84231948852539,"Male"
"9004160",371982,2025-06-20 19:12:51,42.5218315124512,-8.84224891662598,"Male"
"9004160",371982,2025-06-20 19:17:52,42.5199890136719,-8.8487720489502,"Male"
"9004160",371982,2025-06-20 19:22:52,42.5182266235352,-8.86588764190674,"Male"
"9004160",371982,2025-06-20 19:27:52,42.5153923034668,-8.86937808990479,"Male"
"9004160",371982,2025-06-20 19:33:23,42.4946250915527,-8.90395069122314,"Male"
"9004160",371982,2025-06-20 19:37:52,42.4820747375488,-8.93485355377197,"Male"
"9004160",371982,2025-06-20 19:42:58,42.4775085449219,-8.94478416442871,"Male"
"9004160",371982,2025-06-20 19:47:52,42.4774971008301,-8.94477558135986,"Male"
"9004160",371982,2025-06-20 19:52:52,42.4774856567383,-8.94475746154785,"Male"
"9004160",371982,2025-06-20 19:57:52,42.4775276184082,-8.94481182098389,"Male"
"9004160",371982,2025-06-20 20:02:52,42.4774894714355,-8.94479846954346,"Male"
"9004160",371982,2025-06-20 20:07:52,42.477466583252,-8.94481945037842,"Male"
"9004160",371982,2025-06-20 20:12:52,42.4774932861328,-8.94484710693359,"Male"
"9004160",371982,2025-06-20 20:17:52,42.4773864746094,-8.94462108612061,"Male"
"9004160",371982,2025-06-20 20:22:52,42.4775123596191,-8.944899559021,"Male"
"9004160",371982,2025-06-20 20:27:52,42.4773559570312,-8.94473838806152,"Male"
"9004160",371982,2025-06-20 20:32:52,42.477352142334,-8.94470024108887,"Male"
"9004160",371982,2025-06-20 20:37:52,42.4773368835449,-8.94459629058838,"Male"
"9004160",371982,2025-06-20 20:42:52,42.4774971008301,-8.94444751739502,"Male"
"9004160",371982,2025-06-20 20:47:53,42.4768829345703,-8.94517421722412,"Male"
"9004160",371982,2025-06-20 20:52:52,42.4771003723145,-8.94476890563965,"Male"
"9004160",371982,2025-06-20 20:57:52,42.477123260498,-8.94474220275879,"Male"
"9004160",371982,2025-06-20 21:02:52,42.4770660400391,-8.94463920593262,"Male"
"9004160",371982,2025-06-20 21:07:52,42.4770431518555,-8.94495487213135,"Male"
"9004160",371982,2025-06-20 21:12:52,42.4772529602051,-8.94470596313477,"Male"
"9004160",371982,2025-06-20 21:17:52,42.477108001709,-8.94458389282227,"Male"
"9004160",371982,2025-06-20 21:22:52,42.4771003723145,-8.94455146789551,"Male"
"9004160",371982,2025-06-20 21:27:52,42.4769630432129,-8.94460964202881,"Male"
"9004160",371982,2025-06-20 21:32:53,42.4770240783691,-8.94443798065186,"Male"
"9004160",371982,2025-06-20 21:37:52,42.4771308898926,-8.94448184967041,"Male"
"9004160",371982,2025-06-20 21:42:53,42.4769134521484,-8.94419002532959,"Male"
"9004160",371982,2025-06-20 21:47:52,42.4772109985352,-8.94468212127686,"Male"
"9004160",371982,2025-06-20 21:52:52,42.4771156311035,-8.94452857971191,"Male"
"9004160",371982,2025-06-20 21:57:52,42.4772415161133,-8.94455242156982,"Male"
"9004160",371982,2025-06-20 22:02:52,42.4771995544434,-8.94454765319824,"Male"
"9004160",371982,2025-06-20 22:07:52,42.4771461486816,-8.94460201263428,"Male"
"9004160",371982,2025-06-20 22:12:52,42.4772872924805,-8.94454193115234,"Male"
"9004160",371982,2025-06-20 22:17:52,42.4772453308105,-8.94449234008789,"Male"
"9004160",371982,2025-06-20 22:22:52,42.4773712158203,-8.94456386566162,"Male"
"9004160",371982,2025-06-20 22:27:52,42.4774589538574,-8.94450092315674,"Male"
"9004160",371982,2025-06-20 22:32:53,42.4774055480957,-8.94444274902344,"Male"
"9004160",371982,2025-06-20 22:37:53,42.4774513244629,-8.94446849822998,"Male"
"9004160",371982,2025-06-20 22:42:52,42.4774398803711,-8.94457626342773,"Male"
"9004160",371982,2025-06-20 22:47:52,42.4774284362793,-8.9445219039917,"Male"
"9004160",371982,2025-06-20 22:52:52,42.4774131774902,-8.94457340240479,"Male"
"9004160",371982,2025-06-20 22:57:52,42.4773979187012,-8.94447231292725,"Male"
"9004160",371982,2025-06-20 23:02:52,42.4773979187012,-8.94445133209229,"Male"
"9004160",371982,2025-06-20 23:07:52,42.4773941040039,-8.94446659088135,"Male"
"9004160",371982,2025-06-20 23:12:52,42.477367401123,-8.94449806213379,"Male"
"9004160",371982,2025-06-20 23:17:52,42.4773788452148,-8.94454765319824,"Male"
"9004160",371982,2025-06-20 23:22:52,42.4773788452148,-8.94452857971191,"Male"
"9004160",371982,2025-06-20 23:27:53,42.4773826599121,-8.94463348388672,"Male"
"9004160",371982,2025-06-20 23:32:52,42.4774436950684,-8.9446496963501,"Male"
"9004160",371982,2025-06-20 23:37:54,42.4773597717285,-8.94459438323975,"Male"
"9004160",371982,2025-06-20 23:42:52,42.4774475097656,-8.94471168518066,"Male"
"9004160",371982,2025-06-20 23:47:52,42.477424621582,-8.94473361968994,"Male"
"9004160",371982,2025-06-20 23:52:53,42.4774169921875,-8.94472980499268,"Male"
"9004160",371982,2025-06-20 23:57:53,42.4774131774902,-8.94474220275879,"Male"
"9004160",371982,2025-06-21 00:02:53,42.4774513244629,-8.94481658935547,"Male"
"9004160",371982,2025-06-21 00:07:52,42.4774284362793,-8.94466018676758,"Male"
"9004160",371982,2025-06-21 00:12:53,42.4774436950684,-8.94478988647461,"Male"
"9004160",371982,2025-06-21 00:17:53,42.477481842041,-8.94483852386475,"Male"
"9004160",371982,2025-06-21 00:22:53,42.4775733947754,-8.94492435455322,"Male"
"9004160",371982,2025-06-21 00:27:53,42.4775009155273,-8.94485092163086,"Male"
"9004160",371982,2025-06-21 00:32:53,42.4774703979492,-8.94489097595215,"Male"
"9004160",371982,2025-06-21 00:37:53,42.4775199890137,-8.94487476348877,"Male"
"9004160",371982,2025-06-21 00:42:53,42.4773941040039,-8.94483852386475,"Male"
"9004160",371982,2025-06-21 00:47:53,42.4774971008301,-8.94481182098389,"Male"
"9004160",371982,2025-06-21 00:52:53,42.4775199890137,-8.94483184814453,"Male"
"9004160",371982,2025-06-21 00:57:52,42.4775390625,-8.94490146636963,"Male"
"9004160",371982,2025-06-21 01:03:00,42.4774475097656,-8.94497013092041,"Male"
"9004160",371982,2025-06-21 01:07:54,42.4775161743164,-8.94494724273682,"Male"
"9004160",371982,2025-06-21 01:13:00,42.4774169921875,-8.9448766708374,"Male"
"9004160",371982,2025-06-21 01:17:52,42.4774703979492,-8.94492053985596,"Male"
"9004160",371982,2025-06-21 01:23:00,42.4774589538574,-8.94494152069092,"Male"
"9004160",371982,2025-06-21 01:27:53,42.4775733947754,-8.9449462890625,"Male"
"9004160",371982,2025-06-21 01:32:53,42.4775619506836,-8.94496250152588,"Male"
"9004160",371982,2025-06-21 01:37:52,42.4773941040039,-8.94496536254883,"Male"
"9004160",371982,2025-06-21 01:42:53,42.4778442382812,-8.94419002532959,"Male"
"9004160",371982,2025-06-21 01:47:52,42.4776840209961,-8.94472408294678,"Male"
"9004160",371982,2025-06-21 01:52:53,42.4775733947754,-8.94471454620361,"Male"
"9004160",371982,2025-06-21 01:57:54,42.4776420593262,-8.9446849822998,"Male"
"9004160",371982,2025-06-21 02:02:52,42.4775848388672,-8.94461822509766,"Male"
"9004160",371982,2025-06-21 02:07:53,42.4776382446289,-8.94472885131836,"Male"
"9004160",371982,2025-06-21 02:12:52,42.4776229858398,-8.94472980499268,"Male"
"9004160",371982,2025-06-21 02:17:52,42.4776840209961,-8.94469356536865,"Male"
"9004160",371982,2025-06-21 02:22:53,42.4775619506836,-8.94502639770508,"Male"
"9004160",371982,2025-06-21 02:28:02,42.4774017333984,-8.94491577148438,"Male"
"9004160",371982,2025-06-21 02:32:53,42.4774360656738,-8.94505977630615,"Male"
"9004160",371982,2025-06-21 02:38:14,42.4776840209961,-8.94503021240234,"Male"
"9004160",371982,2025-06-21 02:42:54,42.4777145385742,-8.94512176513672,"Male"
"9004160",371982,2025-06-21 02:47:57,42.4774360656738,-8.94501686096191,"Male"
"9004160",371982,2025-06-21 02:52:53,42.4775009155273,-8.94498252868652,"Male"
"9004160",371982,2025-06-21 02:58:01,42.4775314331055,-8.94485950469971,"Male"
"9004160",371982,2025-06-21 03:02:52,42.4775695800781,-8.94472503662109,"Male"
"9004160",371982,2025-06-21 03:07:54,42.4775390625,-8.94487857818604,"Male"
"9004160",371982,2025-06-21 03:12:59,42.477352142334,-8.94500732421875,"Male"
"9004160",371982,2025-06-21 03:17:57,42.4775505065918,-8.94513702392578,"Male"
"9004160",371982,2025-06-21 03:22:57,42.4777145385742,-8.94513034820557,"Male"
"9004160",371982,2025-06-21 03:27:55,42.4772605895996,-8.94502258300781,"Male"
"9004160",371982,2025-06-21 03:33:15,42.4771423339844,-8.94444370269775,"Male"
"9004160",371982,2025-06-21 03:37:52,42.4773025512695,-8.944580078125,"Male"
"9004160",371982,2025-06-21 03:42:52,42.4772987365723,-8.94454765319824,"Male"
"9004160",371982,2025-06-21 03:47:52,42.4774971008301,-8.9446849822998,"Male"
"9004160",371982,2025-06-21 03:52:52,42.4774475097656,-8.94464492797852,"Male"
"9004160",371982,2025-06-21 03:57:52,42.4775352478027,-8.9445629119873,"Male"
"9004160",371982,2025-06-21 04:02:52,42.4777030944824,-8.94421100616455,"Male"
"9004160",371982,2025-06-21 04:07:54,42.4774742126465,-8.94472503662109,"Male"
"9004160",371982,2025-06-21 04:12:55,42.477481842041,-8.94470310211182,"Male"
"9004160",371982,2025-06-21 04:17:54,42.4775085449219,-8.94456768035889,"Male"
"9004160",371982,2025-06-21 04:23:02,42.4774475097656,-8.94453620910645,"Male"
"9004160",371982,2025-06-21 04:27:59,42.4775848388672,-8.94462013244629,"Male"
"9004160",371982,2025-06-21 04:33:11,42.4776000976562,-8.94478988647461,"Male"
"9004160",371982,2025-06-21 04:37:54,42.4774551391602,-8.94475650787354,"Male"
"9004160",371982,2025-06-21 04:42:52,42.4775314331055,-8.94494819641113,"Male"
"9004160",371982,2025-06-21 04:47:53,42.4775848388672,-8.94486427307129,"Male"
"9004160",371982,2025-06-21 04:52:52,42.4776802062988,-8.94478893280029,"Male"
"9004160",371982,2025-06-21 04:57:54,42.4776382446289,-8.94487571716309,"Male"
"9004160",371982,2025-06-21 05:02:53,42.4775619506836,-8.94474124908447,"Male"
"9004160",371982,2025-06-21 05:07:54,42.4775924682617,-8.94478416442871,"Male"
"9004160",371982,2025-06-21 05:12:53,42.4775619506836,-8.94480133056641,"Male"
"9004160",371982,2025-06-21 05:17:52,42.4776268005371,-8.94482135772705,"Male"
"9004160",371982,2025-06-21 05:22:52,42.4775276184082,-8.9446907043457,"Male"
"9004160",371982,2025-06-21 05:27:52,42.4775581359863,-8.9447021484375,"Male"
"9004160",371982,2025-06-21 05:32:52,42.4775886535645,-8.94470310211182,"Male"
"9004160",371982,2025-06-21 05:37:52,42.4775543212891,-8.94475364685059,"Male"
"9004160",371982,2025-06-21 05:42:52,42.4775199890137,-8.94463443756104,"Male"
"9004160",371982,2025-06-21 05:47:52,42.477596282959,-8.94478034973145,"Male"
"9004160",371982,2025-06-21 05:52:52,42.4776344299316,-8.94474220275879,"Male"
"9004160",371982,2025-06-21 05:57:55,42.4775581359863,-8.94463539123535,"Male"
"9004160",371982,2025-06-21 06:03:00,42.4776229858398,-8.94458770751953,"Male"
"9004160",371982,2025-06-21 06:08:00,42.4775047302246,-8.94463348388672,"Male"
"9004160",371982,2025-06-21 06:12:57,42.4778022766113,-8.94459819793701,"Male"
"9004160",371982,2025-06-21 06:18:04,42.4775466918945,-8.94462394714355,"Male"
"9004160",371982,2025-06-21 06:23:23,42.4774017333984,-8.94464206695557,"Male"
"9004160",371982,2025-06-21 06:27:52,42.4774322509766,-8.94475841522217,"Male"
"9004160",371982,2025-06-21 06:32:52,42.477424621582,-8.94473075866699,"Male"
"9004160",371982,2025-06-21 06:37:52,42.4774208068848,-8.94473171234131,"Male"
"9004160",371982,2025-06-21 06:42:52,42.4774055480957,-8.94468784332275,"Male"
"9004160",371982,2025-06-21 06:47:52,42.4774169921875,-8.94474506378174,"Male"
"9004160",371982,2025-06-21 06:52:52,42.4773864746094,-8.9448070526123,"Male"
"9004160",371982,2025-06-21 06:57:57,42.4773597717285,-8.94467735290527,"Male"
"9004160",371982,2025-06-21 07:03:00,42.4774856567383,-8.9446849822998,"Male"
"9004160",371982,2025-06-21 07:07:52,42.4784088134766,-8.94435405731201,"Male"
"9004160",371982,2025-06-21 07:12:52,42.4777488708496,-8.94476795196533,"Male"
"9004160",371982,2025-06-21 07:17:52,42.4772796630859,-8.94474315643311,"Male"
"9004160",371982,2025-06-21 07:22:52,42.4773826599121,-8.94474124908447,"Male"
"9004160",371982,2025-06-21 07:27:52,42.4772186279297,-8.94482612609863,"Male"
"9004160",371982,2025-06-21 07:32:54,42.4775695800781,-8.94475746154785,"Male"
"9004160",371982,2025-06-21 07:37:52,42.4773941040039,-8.94487380981445,"Male"
"9004160",371982,2025-06-21 07:42:52,42.4807434082031,-8.93746185302734,"Male"
"9004160",371982,2025-06-21 07:47:52,42.5036201477051,-8.89190578460693,"Male"
"9004160",371982,2025-06-21 07:52:52,42.5203285217285,-8.84563255310059,"Male"
"9004160",371982,2025-06-21 07:58:05,42.521556854248,-8.83263969421387,"Male"
"9004160",371982,2025-06-21 08:03:13,42.5218772888184,-8.83189392089844,"Male"
"9004160",371982,2025-06-21 08:08:25,42.5217514038086,-8.83086013793945,"Male"
"9004160",371982,2025-06-21 08:13:25,42.521427154541,-8.83003711700439,"Male"
"9004160",371982,2025-06-21 08:18:24,42.5195960998535,-8.82997512817383,"Male"
"9004160",371982,2025-06-21 08:23:23,42.5198516845703,-8.82959842681885,"Male"
"9004160",371982,2025-06-21 08:28:23,42.5196685791016,-8.82969284057617,"Male"
"9004160",371982,2025-06-21 08:33:25,42.5195960998535,-8.82981777191162,"Male"
"9004160",371982,2025-06-21 08:38:23,42.5197525024414,-8.82989692687988,"Male"
"9004160",371982,2025-06-21 08:43:25,42.519702911377,-8.82962703704834,"Male"
"9004160",371982,2025-06-21 08:48:23,42.5197601318359,-8.82979202270508,"Male"
"9004160",371982,2025-06-21 08:53:23,42.519832611084,-8.82962417602539,"Male"
"9004160",371982,2025-06-21 08:58:23,42.5201950073242,-8.82968616485596,"Male"
"9004160",371982,2025-06-21 09:03:23,42.5204086303711,-8.82954978942871,"Male"
"9004160",371982,2025-06-21 09:08:24,42.5204467773438,-8.82913303375244,"Male"
"9004160",371982,2025-06-21 09:13:23,42.5204620361328,-8.82942867279053,"Male"
"9004160",371982,2025-06-21 09:18:25,42.5203857421875,-8.82958126068115,"Male"
"9004160",371982,2025-06-21 09:23:23,42.5203628540039,-8.82978534698486,"Male"
"9004160",371982,2025-06-21 09:28:24,42.520336151123,-8.82898044586182,"Male"
"9004160",371982,2025-06-21 09:33:23,42.5210151672363,-8.83011913299561,"Male"
"9004160",371982,2025-06-21 09:38:24,42.5205726623535,-8.82871723175049,"Male"
"9004160",371982,2025-06-21 09:43:23,42.520938873291,-8.83001899719238,"Male"
"9004160",371982,2025-06-21 09:48:23,42.5207138061523,-8.82888317108154,"Male"
"9004160",371982,2025-06-21 09:53:23,42.5207481384277,-8.82943153381348,"Male"
"9004160",371982,2025-06-21 09:58:23,42.5207939147949,-8.82994556427002,"Male"
"9004160",371982,2025-06-21 10:03:41,42.5204811096191,-8.82972049713135,"Male"
"9004160",371982,2025-06-21 10:08:23,42.5204582214355,-8.8300609588623,"Male"
"9004160",371982,2025-06-21 10:13:23,42.5201072692871,-8.83028316497803,"Male"
"9004160",371982,2025-06-21 10:18:23,42.5203247070312,-8.82997035980225,"Male"
"9004160",371982,2025-06-21 10:23:23,42.5200881958008,-8.83021831512451,"Male"
"9004160",371982,2025-06-21 10:28:23,42.5205726623535,-8.82958984375,"Male"
"9004160",371982,2025-06-21 10:33:34,42.5205535888672,-8.83030128479004,"Male"
"9004160",371982,2025-06-21 10:38:33,42.5215492248535,-8.83055686950684,"Male"
"9004160",371982,2025-06-21 10:44:13,42.5227966308594,-8.83005809783936,"Male"
"9004160",371982,2025-06-21 10:49:48,42.5233268737793,-8.83024597167969,"Male"
"9004160",371982,2025-06-21 10:55:31,42.5240783691406,-8.82957553863525,"Male"
"9004160",371982,2025-06-21 11:02:24,42.5237121582031,-8.82943820953369,"Male"
"9004160",371982,2025-06-21 11:07:47,42.5224914550781,-8.83010101318359,"Male"
"9004160",371982,2025-06-21 11:12:51,42.5207023620605,-8.82980632781982,"Male"
"9004160",371982,2025-06-21 11:17:49,42.5207023620605,-8.82975578308105,"Male"
"9004160",371982,2025-06-21 11:22:50,42.520694732666,-8.82987785339355,"Male"
"9004160",371982,2025-06-21 11:27:49,42.5206985473633,-8.82985877990723,"Male"
"9004160",371982,2025-06-21 11:32:48,42.5206832885742,-8.82981586456299,"Male"
"9004160",371982,2025-06-21 11:37:37,42.5206108093262,-8.82988357543945,"Male"
"9004160",371982,2025-06-21 11:42:36,42.5207099914551,-8.82995891571045,"Male"
"9004160",371982,2025-06-21 11:47:40,42.5207252502441,-8.82994937896729,"Male"
"9004160",371982,2025-06-21 11:52:46,42.520694732666,-8.82985782623291,"Male"
"9004160",371982,2025-06-21 11:57:51,42.5207023620605,-8.82987594604492,"Male"
"9004160",371982,2025-06-21 12:02:41,42.520751953125,-8.8298282623291,"Male"
"9004160",371982,2025-06-21 12:07:41,42.5208740234375,-8.83000087738037,"Male"
"9004160",371982,2025-06-21 12:12:41,42.5208892822266,-8.82991886138916,"Male"
"9004160",371982,2025-06-21 12:18:01,42.5208282470703,-8.82985210418701,"Male"
"9004160",371982,2025-06-21 12:22:36,42.5205688476562,-8.82945823669434,"Male"
"9004160",371982,2025-06-21 12:27:59,42.5206642150879,-8.82963943481445,"Male"
"9004160",371982,2025-06-21 12:32:38,42.5206718444824,-8.82957458496094,"Male"
"9004160",371982,2025-06-21 12:37:39,42.5204277038574,-8.82948303222656,"Male"
"9004160",371982,2025-06-21 12:42:40,42.5208129882812,-8.82968711853027,"Male"
"9004160",371982,2025-06-21 12:47:38,42.5205726623535,-8.82948970794678,"Male"
"9004160",371982,2025-06-21 12:52:48,42.520580291748,-8.82954597473145,"Male"
"9004160",371982,2025-06-21 12:57:41,42.5206184387207,-8.8295373916626,"Male"
"9004160",371982,2025-06-21 13:02:48,42.5205383300781,-8.82944202423096,"Male"
"9004160",371982,2025-06-21 13:07:38,42.5198974609375,-8.82946014404297,"Male"
"9004160",371982,2025-06-21 13:12:46,42.5205612182617,-8.82936573028564,"Male"
"9004160",371982,2025-06-21 13:17:38,42.5208358764648,-8.82915878295898,"Male"
"9004160",371982,2025-06-21 13:22:48,42.5206260681152,-8.82962608337402,"Male"
"9004160",371982,2025-06-21 13:27:38,42.5206031799316,-8.82963943481445,"Male"
"9004160",371982,2025-06-21 13:32:38,42.5206451416016,-8.82956886291504,"Male"
"9004160",371982,2025-06-21 13:37:48,42.5206069946289,-8.8295202255249,"Male"
"9004160",371982,2025-06-21 13:42:37,42.520637512207,-8.82950210571289,"Male"
"9004160",371982,2025-06-21 13:47:41,42.5206451416016,-8.82917785644531,"Male"
"9004160",371982,2025-06-21 13:52:40,42.520694732666,-8.82913208007812,"Male"
"9004160",371982,2025-06-21 13:57:48,42.5206146240234,-8.82954978942871,"Male"
"9004160",371982,2025-06-21 14:02:40,42.520637512207,-8.82948589324951,"Male"
"9004160",371982,2025-06-21 14:07:48,42.5206146240234,-8.82961368560791,"Male"
"9004160",371982,2025-06-21 14:12:45,42.5206260681152,-8.82960414886475,"Male"
"9004160",371982,2025-06-21 14:17:41,42.5208473205566,-8.82796192169189,"Male"
"9004160",371982,2025-06-21 14:22:48,42.520622253418,-8.82949829101562,"Male"
"9004160",371982,2025-06-21 14:27:41,42.520580291748,-8.82968139648438,"Male"
"9004160",371982,2025-06-21 14:32:48,42.5205993652344,-8.8296365737915,"Male"
"9004160",371982,2025-06-21 14:37:59,42.5205955505371,-8.82955074310303,"Male"
"9004160",371982,2025-06-21 14:43:05,42.5205955505371,-8.82958126068115,"Male"
"9004160",371982,2025-06-21 14:47:36,42.5206451416016,-8.82964134216309,"Male"
"9004160",371982,2025-06-21 14:52:37,42.5206260681152,-8.82961750030518,"Male"
"9004160",371982,2025-06-21 14:57:37,42.5206489562988,-8.82962226867676,"Male"
"9004160",371982,2025-06-21 15:02:37,42.5206260681152,-8.82967567443848,"Male"
"9004160",371982,2025-06-21 15:07:37,42.5206680297852,-8.82969093322754,"Male"
"9004160",371982,2025-06-21 15:13:13,42.5222320556641,-8.82990074157715,"Male"
"9004160",371982,2025-06-21 15:18:11,42.5237731933594,-8.82994937896729,"Male"
"9004160",371982,2025-06-21 15:23:43,42.5235404968262,-8.82964992523193,"Male"
"9004160",371982,2025-06-21 15:29:08,42.5233535766602,-8.83012008666992,"Male"
"9004160",371982,2025-06-21 15:34:37,42.5221290588379,-8.83049583435059,"Male"
"9004160",371982,2025-06-21 15:39:34,42.5204696655273,-8.82975769042969,"Male"
"9004160",371982,2025-06-21 15:44:34,42.5204238891602,-8.82973289489746,"Male"
"9004160",371982,2025-06-21 15:49:34,42.5203819274902,-8.82962989807129,"Male"
"9004160",371982,2025-06-21 15:54:34,42.520435333252,-8.82968902587891,"Male"
"9004160",371982,2025-06-21 15:59:34,42.5204315185547,-8.82967472076416,"Male"
"9004160",371982,2025-06-21 16:04:34,42.5203704833984,-8.82959747314453,"Male"
"9004160",371982,2025-06-21 16:09:34,42.5204277038574,-8.82972240447998,"Male"
"9004160",371982,2025-06-21 16:14:36,42.5203399658203,-8.82949066162109,"Male"
"9004160",371982,2025-06-21 16:19:34,42.5203323364258,-8.82958030700684,"Male"
"9004160",371982,2025-06-21 16:24:37,42.5203170776367,-8.82954978942871,"Male"
"9004160",371982,2025-06-21 16:29:37,42.5203170776367,-8.82951068878174,"Male"
"9004160",371982,2025-06-21 16:34:37,42.5205192565918,-8.82980823516846,"Male"
"9004160",371982,2025-06-21 16:39:34,42.5203094482422,-8.8294792175293,"Male"
"9004160",371982,2025-06-21 16:44:37,42.520336151123,-8.82954502105713,"Male"
"9004160",371982,2025-06-21 16:49:41,42.5203628540039,-8.8295259475708,"Male"
"9004160",371982,2025-06-21 16:54:35,42.520435333252,-8.82963562011719,"Male"
"9004160",371982,2025-06-21 16:59:37,42.5203590393066,-8.82954502105713,"Male"
"9004160",371982,2025-06-21 17:04:39,42.5203628540039,-8.8295373916626,"Male"
"9004160",371982,2025-06-21 17:09:39,42.5203590393066,-8.8295431137085,"Male"
"9004160",371982,2025-06-21 17:14:39,42.5203399658203,-8.82956504821777,"Male"
"9004160",371982,2025-06-21 17:19:42,42.5203666687012,-8.82956409454346,"Male"
"9004160",371982,2025-06-21 17:24:39,42.520378112793,-8.82956981658936,"Male"
"9004160",371982,2025-06-21 17:29:39,42.5203666687012,-8.82954502105713,"Male"
"9004160",371982,2025-06-21 17:49:02,42.5173835754395,-8.82878875732422,"Male"
"9004160",371982,2025-06-21 17:54:14,42.5174446105957,-8.82887935638428,"Male"
"9004160",371982,2025-06-21 17:59:07,42.5175590515137,-8.82904529571533,"Male"
"9004160",371982,2025-06-21 18:04:05,42.517463684082,-8.82905960083008,"Male"
"9004160",371982,2025-06-21 18:09:05,42.5174789428711,-8.82903861999512,"Male"
"9004160",371982,2025-06-21 18:14:13,42.5175247192383,-8.82916831970215,"Male"
"9004160",371982,2025-06-21 18:18:51,42.5175361633301,-8.82923793792725,"Male"
"9004160",371982,2025-06-21 18:23:51,42.517635345459,-8.82921600341797,"Male"
"9004160",371982,2025-06-21 18:28:51,42.5176887512207,-8.82923793792725,"Male"
"9004160",371982,2025-06-21 18:33:51,42.5176734924316,-8.82926845550537,"Male"
"9004160",371982,2025-06-21 18:38:53,42.5177459716797,-8.82944011688232,"Male"
"9004160",371982,2025-06-21 18:43:53,42.5177421569824,-8.82928943634033,"Male"
"9004160",371982,2025-06-21 18:49:23,42.5176963806152,-8.82943058013916,"Male"
"9004160",371982,2025-06-21 18:53:55,42.5175514221191,-8.82944488525391,"Male"
"9004160",371982,2025-06-21 18:58:53,42.5174331665039,-8.83062934875488,"Male"
"9004160",371982,2025-06-21 19:03:52,42.517219543457,-8.83158016204834,"Male"
"9004160",371982,2025-06-21 19:08:52,42.5164375305176,-8.83458805084229,"Male"
"9004160",371982,2025-06-21 19:13:52,42.5159072875977,-8.83732128143311,"Male"
"9004160",371982,2025-06-21 19:18:51,42.5118179321289,-8.84201622009277,"Male"
"9004160",371982,2025-06-21 19:23:51,42.5117988586426,-8.84201240539551,"Male"
"9004160",371982,2025-06-21 19:28:51,42.5118103027344,-8.84201049804688,"Male"
"9004160",371982,2025-06-21 19:33:51,42.5118370056152,-8.8420934677124,"Male"
"9004160",371982,2025-06-21 19:38:51,42.5117797851562,-8.84198474884033,"Male"
"9004160",371982,2025-06-21 19:43:51,42.5117568969727,-8.84198093414307,"Male"
"9004160",371982,2025-06-21 19:48:51,42.504940032959,-8.86375522613525,"Male"
"9004160",371982,2025-06-21 19:53:51,42.492259979248,-8.90934944152832,"Male"
"9004160",371982,2025-06-21 19:58:51,42.4774627685547,-8.94478511810303,"Male"
"9004160",371982,2025-06-21 20:03:51,42.4773750305176,-8.94470024108887,"Male"
"9004160",371982,2025-06-21 20:08:51,42.4773788452148,-8.94477558135986,"Male"
"9004160",371982,2025-06-21 20:13:52,42.477409362793,-8.94473361968994,"Male"
"9004160",371982,2025-06-21 20:18:51,42.4774360656738,-8.94478034973145,"Male"
"9004160",371982,2025-06-21 20:23:51,42.4774513244629,-8.94482707977295,"Male"
"9004160",371982,2025-06-21 20:28:51,42.4775238037109,-8.94490242004395,"Male"
"9004160",371982,2025-06-21 20:33:51,42.4774436950684,-8.94472026824951,"Male"
"9004160",371982,2025-06-21 20:38:51,42.4774894714355,-8.94466495513916,"Male"
"9004160",371982,2025-06-21 20:43:51,42.4774169921875,-8.94472217559814,"Male"
"9004160",371982,2025-06-21 20:48:51,42.4774703979492,-8.94480228424072,"Male"
"9004160",371982,2025-06-21 20:53:55,42.477352142334,-8.94468593597412,"Male"
"9004160",371982,2025-06-21 20:58:57,42.477123260498,-8.94448661804199,"Male"
"9004160",371982,2025-06-21 21:04:10,42.4773406982422,-8.94464111328125,"Male"
"9004160",371982,2025-06-21 21:08:52,42.4773063659668,-8.94450855255127,"Male"
"9004160",371982,2025-06-21 21:13:57,42.4780693054199,-8.94572830200195,"Male"
"9004160",371982,2025-06-21 21:19:19,42.4774703979492,-8.94492340087891,"Male"
"9004160",371982,2025-06-21 21:24:34,42.4774284362793,-8.94467544555664,"Male"
"9004160",371982,2025-06-21 21:29:15,42.4773902893066,-8.94478321075439,"Male"
"9004160",371982,2025-06-21 21:34:14,42.4774627685547,-8.944748878479,"Male"
"9004160",371982,2025-06-21 21:39:16,42.477424621582,-8.9445104598999,"Male"
"9004160",371982,2025-06-21 21:44:15,42.4773063659668,-8.94458961486816,"Male"
"9004160",371982,2025-06-21 21:49:15,42.4777145385742,-8.94513130187988,"Male"
"9004160",371982,2025-06-21 21:54:16,42.4774589538574,-8.94472503662109,"Male"
"9004160",371982,2025-06-21 21:59:17,42.4773864746094,-8.94511318206787,"Male"
"9004160",371982,2025-06-21 22:04:15,42.4775848388672,-8.94468212127686,"Male"
"9004160",371982,2025-06-21 22:09:17,42.4774932861328,-8.94492435455322,"Male"
"9004160",371982,2025-06-21 22:14:17,42.4775466918945,-8.94468688964844,"Male"
"9004160",371982,2025-06-21 22:19:18,42.4774284362793,-8.94511413574219,"Male"
"9004160",371982,2025-06-21 22:24:17,42.4773788452148,-8.94435691833496,"Male"
"9004160",371982,2025-06-21 22:29:16,42.477424621582,-8.94470500946045,"Male"
"9004160",371982,2025-06-21 22:34:16,42.4775276184082,-8.94467830657959,"Male"
"9004160",371982,2025-06-21 22:39:18,42.4775161743164,-8.94462299346924,"Male"
"9004160",371982,2025-06-21 22:44:17,42.4774360656738,-8.94501209259033,"Male"
"9004160",371982,2025-06-21 22:49:16,42.4777374267578,-8.94225025177002,"Male"
"9004160",371982,2025-06-21 22:54:17,42.477466583252,-8.94456577301025,"Male"
"9004160",371982,2025-06-21 22:59:17,42.4773864746094,-8.94472789764404,"Male"
"9004160",371982,2025-06-21 23:04:19,42.4774932861328,-8.94469738006592,"Male"
"9004160",371982,2025-06-21 23:09:35,42.4774360656738,-8.94466972351074,"Male"
"9004160",371982,2025-06-21 23:14:14,42.4774780273438,-8.94455528259277,"Male"
"9004160",371982,2025-06-21 23:19:16,42.4774971008301,-8.9446382522583,"Male"
"9004160",371982,2025-06-21 23:24:35,42.4774436950684,-8.9446849822998,"Male"
"9004160",371982,2025-06-21 23:29:16,42.4774131774902,-8.94468116760254,"Male"
"9004160",371982,2025-06-21 23:34:15,42.4774284362793,-8.94470405578613,"Male"
"9004160",371982,2025-06-21 23:39:15,42.4774589538574,-8.94463920593262,"Male"
"9004160",371982,2025-06-21 23:44:15,42.4774284362793,-8.94473266601562,"Male"
"9004160",371982,2025-06-21 23:49:15,42.4774055480957,-8.94476985931396,"Male"
"9004160",371982,2025-06-21 23:54:16,42.4774284362793,-8.94478607177734,"Male"
"9004160",371982,2025-06-21 23:59:15,42.4774169921875,-8.94466304779053,"Male"
"9004160",371982,2025-06-22 00:04:16,42.4774513244629,-8.9447078704834,"Male"
"9004160",371982,2025-06-22 00:09:19,42.4774017333984,-8.94477367401123,"Male"
"9004160",371982,2025-06-22 00:14:21,42.477424621582,-8.94484996795654,"Male"
"9004160",371982,2025-06-22 00:19:22,42.4774360656738,-8.94444370269775,"Male"
"9004160",371982,2025-06-22 00:24:25,42.4773864746094,-8.94533538818359,"Male"
"9004160",371982,2025-06-22 00:29:35,42.4774360656738,-8.9447603225708,"Male"
"9004160",371982,2025-06-22 00:34:16,42.4773941040039,-8.94482898712158,"Male"
"9004160",371982,2025-06-22 00:39:23,42.4774360656738,-8.94464588165283,"Male"
"9004160",371982,2025-06-22 00:44:14,42.4774055480957,-8.94475364685059,"Male"
"9004160",371982,2025-06-22 00:49:15,42.4773025512695,-8.94432544708252,"Male"
"9004160",371982,2025-06-22 00:54:17,42.4773139953613,-8.94435691833496,"Male"
"9004160",371982,2025-06-22 00:59:24,42.4773979187012,-8.94427394866943,"Male"
"9004160",371982,2025-06-22 01:04:17,42.4773254394531,-8.94429779052734,"Male"
"9004160",371982,2025-06-22 01:09:21,42.4771385192871,-8.94438934326172,"Male"
"9004160",371982,2025-06-22 01:14:18,42.4772834777832,-8.94542407989502,"Male"
"9004160",371982,2025-06-22 01:19:18,42.4774436950684,-8.94487953186035,"Male"
"9004160",371982,2025-06-22 01:24:22,42.477466583252,-8.94456005096436,"Male"
"9004160",371982,2025-06-22 01:29:21,42.4776229858398,-8.94474124908447,"Male"
"9004160",371982,2025-06-22 01:34:35,42.4774322509766,-8.94464778900146,"Male"
"9004160",371982,2025-06-22 01:39:15,42.4773635864258,-8.94473075866699,"Male"
"9004160",371982,2025-06-22 01:44:15,42.4773445129395,-8.94473266601562,"Male"
"9004160",371982,2025-06-22 01:49:15,42.4774475097656,-8.94466304779053,"Male"
"9004160",371982,2025-06-22 01:54:16,42.4773292541504,-8.94473934173584,"Male"
"9004160",371982,2025-06-22 01:59:14,42.4773979187012,-8.94471073150635,"Male"
"9004160",371982,2025-06-22 02:04:17,42.477352142334,-8.94483757019043,"Male"
"9004160",371982,2025-06-22 02:09:17,42.4774322509766,-8.94461250305176,"Male"
"9004160",371982,2025-06-22 02:14:17,42.4774208068848,-8.94462013244629,"Male"
"9004160",371982,2025-06-22 02:19:17,42.4773216247559,-8.94458103179932,"Male"
"9004160",371982,2025-06-22 02:24:15,42.4774017333984,-8.94458770751953,"Male"
"9004160",371982,2025-06-22 02:29:17,42.4773750305176,-8.94453811645508,"Male"
"9004160",371982,2025-06-22 02:34:14,42.4774856567383,-8.94470882415771,"Male"
"9004160",371982,2025-06-22 02:39:15,42.4773750305176,-8.94464683532715,"Male"
"9004160",371982,2025-06-22 02:44:14,42.4773826599121,-8.94464492797852,"Male"
"9004160",371982,2025-06-22 02:49:17,42.4775505065918,-8.944580078125,"Male"
"9004160",371982,2025-06-22 02:54:15,42.4774551391602,-8.94457149505615,"Male"
"9004160",371982,2025-06-22 02:59:15,42.4774436950684,-8.94459056854248,"Male"
"9004160",371982,2025-06-22 03:04:17,42.4774856567383,-8.94467639923096,"Male"
"9004160",371982,2025-06-22 03:09:28,42.4773216247559,-8.94447326660156,"Male"
"9004160",371982,2025-06-22 03:14:15,42.4776191711426,-8.94453811645508,"Male"
"9004160",371982,2025-06-22 03:19:18,42.4772911071777,-8.94447326660156,"Male"
"9004160",371982,2025-06-22 03:24:17,42.4772987365723,-8.94431304931641,"Male"
"9004160",371982,2025-06-22 03:29:16,42.4776268005371,-8.94459438323975,"Male"
"9004160",371982,2025-06-22 03:34:30,42.4775466918945,-8.94456672668457,"Male"
"9004160",371982,2025-06-22 03:39:35,42.4775543212891,-8.9447078704834,"Male"
"9004160",371982,2025-06-22 03:44:15,42.4775161743164,-8.94460868835449,"Male"
"9004160",371982,2025-06-22 03:49:15,42.4774971008301,-8.94468021392822,"Male"
"9004160",371982,2025-06-22 03:54:15,42.4775505065918,-8.94481754302979,"Male"
"9004160",371982,2025-06-22 03:59:15,42.4776382446289,-8.94516277313232,"Male"
"9004160",371982,2025-06-22 04:04:24,42.4772682189941,-8.94467258453369,"Male"
"9004160",371982,2025-06-22 04:09:16,42.4772300720215,-8.9442777633667,"Male"
"9004160",371982,2025-06-22 04:14:24,42.4775619506836,-8.94505310058594,"Male"
"9004160",371982,2025-06-22 04:19:24,42.4771385192871,-8.94487762451172,"Male"
"9004160",371982,2025-06-22 04:24:24,42.4775924682617,-8.9445219039917,"Male"
"9004160",371982,2025-06-22 04:29:19,42.4775924682617,-8.9445219039917,"Male"
"9004160",371982,2025-06-22 04:34:15,42.4774703979492,-8.94493865966797,"Male"
"9004160",371982,2025-06-22 04:39:32,42.4774589538574,-8.94486236572266,"Male"
"9004160",371982,2025-06-22 04:44:14,42.4775009155273,-8.94469738006592,"Male"
"9004160",371982,2025-06-22 04:49:15,42.477367401123,-8.94472122192383,"Male"
"9004160",371982,2025-06-22 04:54:14,42.477352142334,-8.94480419158936,"Male"
"9004160",371982,2025-06-22 04:59:15,42.4774742126465,-8.94464302062988,"Male"
"9004160",371982,2025-06-22 05:04:15,42.4775161743164,-8.94464588165283,"Male"
"9004160",371982,2025-06-22 05:09:15,42.4774131774902,-8.9446325302124,"Male"
"9004160",371982,2025-06-22 05:14:14,42.4774360656738,-8.94465351104736,"Male"
"9004160",371982,2025-06-22 05:19:24,42.4774284362793,-8.94458293914795,"Male"
"9004160",371982,2025-06-22 05:24:15,42.4775390625,-8.94464778900146,"Male"
"9004160",371982,2025-06-22 05:29:15,42.4775123596191,-8.94466400146484,"Male"
"9004160",371982,2025-06-22 05:34:15,42.4775238037109,-8.94461727142334,"Male"
"9004160",371982,2025-06-22 05:39:15,42.4774780273438,-8.94463062286377,"Male"
"9004160",371982,2025-06-22 05:44:15,42.4774398803711,-8.94461917877197,"Male"
"9004160",371982,2025-06-22 05:49:15,42.4774513244629,-8.94464206695557,"Male"
"9004160",371982,2025-06-22 05:54:15,42.4774742126465,-8.94466209411621,"Male"
"9004160",371982,2025-06-22 05:59:15,42.4774971008301,-8.944748878479,"Male"
"9004160",371982,2025-06-22 06:04:23,42.4776916503906,-8.94425296783447,"Male"
"9004160",371982,2025-06-22 06:09:33,42.4775352478027,-8.94469928741455,"Male"
"9004160",371982,2025-06-22 06:14:15,42.4775657653809,-8.9448127746582,"Male"
"9004160",371982,2025-06-22 06:19:14,42.4772796630859,-8.94490432739258,"Male"
"9004160",371982,2025-06-22 06:24:15,42.4773559570312,-8.94485473632812,"Male"
"9004160",371982,2025-06-22 06:29:15,42.4773368835449,-8.9448413848877,"Male"
"9004160",371982,2025-06-22 06:34:15,42.4772071838379,-8.94368076324463,"Male"
"9004160",371982,2025-06-22 06:39:17,42.4996719360352,-8.90242576599121,"Male"
"9004160",371982,2025-06-22 06:44:35,42.5172386169434,-8.8683385848999,"Male"
"9004160",371982,2025-06-22 06:49:15,42.517204284668,-8.868332862854,"Male"
"9004160",371982,2025-06-22 06:54:16,42.5172920227051,-8.86834335327148,"Male"
"9004160",371982,2025-06-22 06:59:15,42.5172233581543,-8.8683385848999,"Male"
"9004160",371982,2025-06-22 07:04:15,42.5201263427734,-8.83231830596924,"Male"
"9004160",371982,2025-06-22 07:09:30,42.5177726745605,-8.82919788360596,"Male"
"9004160",371982,2025-06-22 07:15:36,42.5179405212402,-8.82992839813232,"Male"
"9004160",371982,2025-06-22 07:20:30,42.5174865722656,-8.82914161682129,"Male"
"9004160",371982,2025-06-22 07:25:31,42.5176887512207,-8.82920932769775,"Male"
"9004160",371982,2025-06-22 07:30:32,42.5176124572754,-8.82921886444092,"Male"
"9004160",371982,2025-06-22 07:35:30,42.5175323486328,-8.82923030853271,"Male"
"9004160",371982,2025-06-22 07:40:30,42.5176963806152,-8.82926559448242,"Male"
"9004160",371982,2025-06-22 07:45:31,42.5173377990723,-8.82913494110107,"Male"
"9004160",371982,2025-06-22 07:50:33,42.5176124572754,-8.82921314239502,"Male"
"9004160",371982,2025-06-22 07:55:33,42.5172424316406,-8.82901382446289,"Male"
"9004160",371982,2025-06-22 08:00:33,42.5175743103027,-8.82923126220703,"Male"
"9004160",371982,2025-06-22 08:05:31,42.517692565918,-8.82931041717529,"Male"
"9004160",371982,2025-06-22 08:10:35,42.5175971984863,-8.82920074462891,"Male"
"9004160",371982,2025-06-22 08:15:35,42.5175895690918,-8.82922172546387,"Male"
"9004160",371982,2025-06-22 08:20:35,42.5176010131836,-8.82924652099609,"Male"
"9004160",371982,2025-06-22 08:25:37,42.5175857543945,-8.82922649383545,"Male"
"9004160",371982,2025-06-22 08:30:37,42.5175743103027,-8.82925033569336,"Male"
"9004160",371982,2025-06-22 08:35:39,42.5175971984863,-8.82924270629883,"Male"
"9004160",371982,2025-06-22 08:40:38,42.5175743103027,-8.82926750183105,"Male"
"9004160",371982,2025-06-22 08:45:39,42.5176277160645,-8.82932758331299,"Male"
"9004160",371982,2025-06-22 08:50:39,42.5176086425781,-8.82931137084961,"Male"
"9004160",371982,2025-06-22 08:55:39,42.5175971984863,-8.82931709289551,"Male"
"9004160",371982,2025-06-22 09:00:39,42.5176086425781,-8.82930660247803,"Male"
"9004160",371982,2025-06-22 09:05:38,42.5176277160645,-8.8293285369873,"Male"
"9004160",371982,2025-06-22 09:10:51,42.5176239013672,-8.83010578155518,"Male"
"9004160",371982,2025-06-22 09:29:55,42.5197677612305,-8.83165454864502,"Male"
"9004160",371982,2025-06-22 09:35:02,42.5201644897461,-8.83033084869385,"Male"
"9004160",371982,2025-06-22 09:39:45,42.5207786560059,-8.83182239532471,"Male"
"9004160",371982,2025-06-22 09:44:55,42.520320892334,-8.82889842987061,"Male"
"9004160",371982,2025-06-22 09:49:47,42.5204238891602,-8.83016490936279,"Male"
"9004160",371982,2025-06-22 09:55:05,42.5201568603516,-8.82901954650879,"Male"
"9004160",371982,2025-06-22 09:59:46,42.5202865600586,-8.82965660095215,"Male"
"9004160",371982,2025-06-22 10:04:46,42.5202903747559,-8.82970428466797,"Male"
"9004160",371982,2025-06-22 10:09:46,42.5203323364258,-8.82977294921875,"Male"
"9004160",371982,2025-06-22 10:14:45,42.5204315185547,-8.83007717132568,"Male"
"9004160",371982,2025-06-22 10:19:46,42.5204734802246,-8.83016586303711,"Male"
"9004160",371982,2025-06-22 10:24:46,42.5205039978027,-8.83002281188965,"Male"
"9004160",371982,2025-06-22 10:29:48,42.5204849243164,-8.83029747009277,"Male"
"9004160",371982,2025-06-22 10:34:55,42.5206184387207,-8.82951068878174,"Male"
"9004160",371982,2025-06-22 10:39:48,42.5205230712891,-8.8298225402832,"Male"
"9004160",371982,2025-06-22 10:44:55,42.5206336975098,-8.82947158813477,"Male"
"9004160",371982,2025-06-22 10:49:46,42.5205612182617,-8.82951354980469,"Male"
"9004160",371982,2025-06-22 10:54:55,42.520580291748,-8.82935047149658,"Male"
"9004160",371982,2025-06-22 10:59:52,42.5205726623535,-8.82917022705078,"Male"
"9004160",371982,2025-06-22 11:05:08,42.5207443237305,-8.82919406890869,"Male"
"9004160",371982,2025-06-22 11:10:10,42.5210418701172,-8.82987022399902,"Male"
"9004160",371982,2025-06-22 11:15:08,42.5211906433105,-8.82994651794434,"Male"
"9004160",371982,2025-06-22 11:20:07,42.5209312438965,-8.83039283752441,"Male"
"9004160",371982,2025-06-22 11:25:08,42.5208206176758,-8.82940292358398,"Male"
"9004160",371982,2025-06-22 11:30:11,42.5212173461914,-8.82996368408203,"Male"
"9004160",371982,2025-06-22 11:35:10,42.5210494995117,-8.82968711853027,"Male"
"9004160",371982,2025-06-22 11:40:12,42.5213241577148,-8.82984828948975,"Male"
"9004160",371982,2025-06-22 11:45:16,42.5206489562988,-8.82915878295898,"Male"
"9004160",371982,2025-06-22 11:50:13,42.5206985473633,-8.82919597625732,"Male"
"9004160",371982,2025-06-22 11:55:13,42.520637512207,-8.82922458648682,"Male"
"9004160",371982,2025-06-22 12:00:09,42.5203514099121,-8.82902431488037,"Male"
"9004160",371982,2025-06-22 12:05:31,42.5206718444824,-8.8295783996582,"Male"
"9004160",371982,2025-06-22 12:10:21,42.5212898254395,-8.82977771759033,"Male"
"9004160",371982,2025-06-22 12:15:14,42.522159576416,-8.82918262481689,"Male"
"9004160",371982,2025-06-22 12:20:25,42.52294921875,-8.82867527008057,"Male"
"9004160",371982,2025-06-22 12:39:35,42.522647857666,-8.82774543762207,"Male"
"9004160",371982,2025-06-22 12:44:10,42.522705078125,-8.82779502868652,"Male"
"9004160",371982,2025-06-22 12:49:11,42.522632598877,-8.82772731781006,"Male"
"9004160",371982,2025-06-22 12:54:11,42.5226020812988,-8.82779407501221,"Male"
"9004160",371982,2025-06-22 12:59:11,42.5226516723633,-8.8277587890625,"Male"
"9004160",371982,2025-06-22 13:04:11,42.5225982666016,-8.82777309417725,"Male"
"9004160",371982,2025-06-22 13:09:11,42.5226097106934,-8.82765197753906,"Male"
"9004160",371982,2025-06-22 13:14:11,42.5226211547852,-8.82776927947998,"Male"
"9004160",371982,2025-06-22 13:19:11,42.5225639343262,-8.82771682739258,"Male"
"9004160",371982,2025-06-22 13:24:11,42.5226516723633,-8.82776927947998,"Male"
"9004160",371982,2025-06-22 13:29:11,42.5225296020508,-8.82793140411377,"Male"
"9004160",371982,2025-06-22 13:34:11,42.522647857666,-8.82778930664062,"Male"
"9004160",371982,2025-06-22 13:39:11,42.5225982666016,-8.82776069641113,"Male"
"9004160",371982,2025-06-22 13:44:11,42.5226364135742,-8.82762813568115,"Male"
"9004160",371982,2025-06-22 13:49:14,42.5225677490234,-8.82788753509521,"Male"
"9004160",371982,2025-06-22 13:54:12,42.5226364135742,-8.82787609100342,"Male"
"9004160",371982,2025-06-22 13:59:12,42.5226631164551,-8.82789134979248,"Male"
"9004160",371982,2025-06-22 14:04:14,42.5225830078125,-8.82803440093994,"Male"
"9004160",371982,2025-06-22 14:09:11,42.5225868225098,-8.8278980255127,"Male"
"9004160",371982,2025-06-22 14:14:13,42.5226287841797,-8.82776927947998,"Male"
"9004160",371982,2025-06-22 14:19:25,42.5226440429688,-8.82773208618164,"Male"
"9004160",371982,2025-06-22 14:24:14,42.5227203369141,-8.82757186889648,"Male"
"9004160",371982,2025-06-22 14:29:25,42.5226554870605,-8.82774543762207,"Male"
"9004160",371982,2025-06-22 14:34:14,42.522632598877,-8.82781219482422,"Male"
"9004160",371982,2025-06-22 14:39:25,42.5227127075195,-8.82776069641113,"Male"
"9004160",371982,2025-06-22 14:44:23,42.5226669311523,-8.82768249511719,"Male"
"9004160",371982,2025-06-22 14:49:25,42.5226516723633,-8.82773113250732,"Male"
"9004160",371982,2025-06-22 14:54:22,42.5226745605469,-8.82770824432373,"Male"
"9004160",371982,2025-06-22 14:59:25,42.5226593017578,-8.82772064208984,"Male"
"9004160",371982,2025-06-22 15:04:24,42.5226745605469,-8.82766532897949,"Male"
"9004160",371982,2025-06-22 15:09:18,42.5225715637207,-8.82802581787109,"Male"
"9004160",371982,2025-06-22 15:14:25,42.5226860046387,-8.82769298553467,"Male"
"9004160",371982,2025-06-22 15:19:25,42.5227699279785,-8.82767009735107,"Male"
"9004160",371982,2025-06-22 15:24:35,42.5226211547852,-8.82771301269531,"Male"
"9004160",371982,2025-06-22 15:29:12,42.5226097106934,-8.82772922515869,"Male"
"9004160",371982,2025-06-22 15:34:11,42.5225868225098,-8.82775497436523,"Male"
"9004160",371982,2025-06-22 15:39:16,42.5226593017578,-8.82826328277588,"Male"
"9004160",371982,2025-06-22 15:44:42,42.5233039855957,-8.82986831665039,"Male"
"9004160",371982,2025-06-22 15:49:38,42.5241470336914,-8.82976627349854,"Male"
"9004160",371982,2025-06-22 15:55:04,42.5227661132812,-8.83032035827637,"Male"
"9004160",371982,2025-06-22 16:00:03,42.5219230651855,-8.82987117767334,"Male"
"9004160",371982,2025-06-22 16:05:03,42.5205421447754,-8.82979679107666,"Male"
"9004160",371982,2025-06-22 16:10:02,42.5203857421875,-8.82970142364502,"Male"
"9004160",371982,2025-06-22 16:15:02,42.5203628540039,-8.82965564727783,"Male"
"9004160",371982,2025-06-22 16:20:02,42.5204162597656,-8.82969665527344,"Male"
"9004160",371982,2025-06-22 16:25:02,42.5204048156738,-8.82964420318604,"Male"
"9004160",371982,2025-06-22 16:30:02,42.5204238891602,-8.82970142364502,"Male"
"9004160",371982,2025-06-22 16:35:02,42.5204849243164,-8.82960414886475,"Male"
"9004160",371982,2025-06-22 16:40:02,42.5203971862793,-8.82967567443848,"Male"
"9004160",371982,2025-06-22 16:45:02,42.5204582214355,-8.82967185974121,"Male"
"9004160",371982,2025-06-22 16:50:02,42.5204277038574,-8.82973384857178,"Male"
"9004160",371982,2025-06-22 16:55:02,42.5205039978027,-8.82966041564941,"Male"
"9004160",371982,2025-06-22 17:00:02,42.520450592041,-8.82969379425049,"Male"
"9004160",371982,2025-06-22 17:05:02,42.5204696655273,-8.82963275909424,"Male"
"9004160",371982,2025-06-22 17:10:02,42.5204811096191,-8.82970523834229,"Male"
"9004160",371982,2025-06-22 17:15:02,42.5204467773438,-8.82965087890625,"Male"
"9004160",371982,2025-06-22 17:20:07,42.5205078125,-8.82968616485596,"Male"
"9004160",371982,2025-06-22 17:25:07,42.520622253418,-8.83100986480713,"Male"
"9004160",371982,2025-06-22 17:30:43,42.5202331542969,-8.83156394958496,"Male"
"9004160",371982,2025-06-22 17:35:40,42.5202255249023,-8.83222579956055,"Male"
"9004160",371982,2025-06-22 17:40:39,42.5200691223145,-8.83297157287598,"Male"
"9004160",371982,2025-06-22 17:46:05,42.5193710327148,-8.84346580505371,"Male"
"9004160",371982,2025-06-22 17:50:35,42.5193939208984,-8.84347248077393,"Male"
"9004160",371982,2025-06-22 17:55:36,42.519359588623,-8.84348773956299,"Male"
"9004160",371982,2025-06-22 18:00:36,42.5193939208984,-8.84344482421875,"Male"
"9004160",371982,2025-06-22 18:05:36,42.5193862915039,-8.84341335296631,"Male"
"9004160",371982,2025-06-22 18:10:36,42.5193672180176,-8.84344005584717,"Male"
"9004160",371982,2025-06-22 18:15:38,42.519401550293,-8.84338569641113,"Male"
"9004160",371982,2025-06-22 18:20:36,42.5193634033203,-8.84343147277832,"Male"
"9004160",371982,2025-06-22 18:25:37,42.5193367004395,-8.8432731628418,"Male"
"9004160",371982,2025-06-22 18:30:37,42.5193405151367,-8.84346389770508,"Male"
"9004160",371982,2025-06-22 18:35:37,42.5193214416504,-8.84331226348877,"Male"
"9004160",371982,2025-06-22 18:40:37,42.5193939208984,-8.84347915649414,"Male"
"9004160",371982,2025-06-22 18:45:39,42.519416809082,-8.84343433380127,"Male"
"9004160",371982,2025-06-22 18:50:39,42.5192642211914,-8.8432559967041,"Male"
"9004160",371982,2025-06-22 18:55:44,42.5194129943848,-8.84351062774658,"Male"
"9004160",371982,2025-06-22 19:00:49,42.5193901062012,-8.84343910217285,"Male"
"9004160",371982,2025-06-22 19:05:50,42.5193519592285,-8.8434534072876,"Male"
"9004160",371982,2025-06-22 19:10:50,42.5194244384766,-8.84340858459473,"Male"
"9004160",371982,2025-06-22 19:15:47,42.5193939208984,-8.84342861175537,"Male"
"9004160",371982,2025-06-22 19:20:50,42.5193557739258,-8.84346961975098,"Male"
"9004160",371982,2025-06-22 19:25:50,42.5193252563477,-8.84349727630615,"Male"
"9004160",371982,2025-06-22 19:30:36,42.5193672180176,-8.84344577789307,"Male"
"9004160",371982,2025-06-22 19:35:51,42.519702911377,-8.84345245361328,"Male"
"9004160",371982,2025-06-22 19:41:11,42.4918785095215,-8.91118431091309,"Male"
"9004160",371982,2025-06-22 19:45:37,42.4779357910156,-8.94472694396973,"Male"
"9004160",371982,2025-06-22 19:50:41,42.4778900146484,-8.94491863250732,"Male"
"9004160",371982,2025-06-22 19:55:35,42.4779052734375,-8.94474315643311,"Male"
"9004160",371982,2025-06-22 20:00:39,42.4776153564453,-8.94601917266846,"Male"
"9004160",371982,2025-06-22 20:05:36,42.4772186279297,-8.94496631622314,"Male"
"9004160",371982,2025-06-22 20:10:36,42.4773559570312,-8.94514083862305,"Male"
"9004160",371982,2025-06-22 20:15:36,42.4772567749023,-8.94494152069092,"Male"
"9004160",371982,2025-06-22 20:20:37,42.4772567749023,-8.94501495361328,"Male"
"9004160",371982,2025-06-22 20:25:36,42.4774589538574,-8.94509601593018,"Male"
"9004160",371982,2025-06-22 20:30:52,42.4773216247559,-8.94478034973145,"Male"
"9004160",371982,2025-06-22 20:35:52,42.477367401123,-8.94462585449219,"Male"
"9004160",371982,2025-06-22 20:40:52,42.4773597717285,-8.94459342956543,"Male"
"9004160",371982,2025-06-22 20:45:53,42.4773254394531,-8.94456195831299,"Male"
"9004160",371982,2025-06-22 20:50:53,42.4772033691406,-8.94465732574463,"Male"
"9004160",371982,2025-06-22 20:55:53,42.4773254394531,-8.94461250305176,"Male"
"9004160",371982,2025-06-22 21:00:50,42.4772567749023,-8.9447193145752,"Male"
"9004160",371982,2025-06-22 21:05:55,42.477165222168,-8.94479560852051,"Male"
"9004160",371982,2025-06-22 21:11:05,42.4773902893066,-8.94466876983643,"Male"
"9004160",371982,2025-06-22 21:15:36,42.4773101806641,-8.94460010528564,"Male"
"9004160",371982,2025-06-22 21:20:36,42.4774475097656,-8.94466400146484,"Male"
"9004160",371982,2025-06-22 21:25:36,42.477466583252,-8.94468879699707,"Male"
"9004160",371982,2025-06-22 21:30:36,42.4773063659668,-8.9446268081665,"Male"
"9004160",371982,2025-06-22 21:35:35,42.4773941040039,-8.94468975067139,"Male"
"9004160",371982,2025-06-22 21:40:35,42.4772720336914,-8.94464492797852,"Male"
"9004160",371982,2025-06-22 21:45:36,42.477409362793,-8.94465637207031,"Male"
"9004160",371982,2025-06-22 21:50:36,42.4774627685547,-8.94467163085938,"Male"
"9004160",371982,2025-06-22 21:55:36,42.4773406982422,-8.94467163085938,"Male"
"9004160",371982,2025-06-22 22:01:05,42.4774551391602,-8.94466972351074,"Male"
"9004160",371982,2025-06-22 22:05:35,42.4774017333984,-8.94472599029541,"Male"
"9004160",371982,2025-06-22 22:10:35,42.4772796630859,-8.94481468200684,"Male"
"9004160",371982,2025-06-22 22:15:35,42.4773216247559,-8.94477844238281,"Male"
"9004160",371982,2025-06-22 22:20:35,42.4774856567383,-8.94465255737305,"Male"
"9004160",371982,2025-06-22 22:25:35,42.4772758483887,-8.9448413848877,"Male"
"9004160",371982,2025-06-22 22:30:35,42.4773025512695,-8.94480419158936,"Male"
"9004160",371982,2025-06-22 22:35:37,42.4773788452148,-8.94462490081787,"Male"
"9004160",371982,2025-06-22 22:40:37,42.4773864746094,-8.94470119476318,"Male"
"9004160",371982,2025-06-22 22:45:38,42.4773712158203,-8.94461345672607,"Male"
"9004160",371982,2025-06-22 22:50:38,42.4774589538574,-8.94471740722656,"Male"
"9004160",371982,2025-06-22 22:55:37,42.477481842041,-8.94464111328125,"Male"
"9004160",371982,2025-06-22 23:00:36,42.4774169921875,-8.94471073150635,"Male"
"9004160",371982,2025-06-22 23:05:42,42.4773712158203,-8.94461345672607,"Male"
"9004160",371982,2025-06-22 23:10:39,42.4774360656738,-8.94470977783203,"Male"
"9004160",371982,2025-06-22 23:15:40,42.4774017333984,-8.94458389282227,"Male"
"9004160",371982,2025-06-22 23:20:35,42.477466583252,-8.94476699829102,"Male"
"9004160",371982,2025-06-22 23:25:36,42.4775123596191,-8.94470882415771,"Male"
"9004160",371982,2025-06-22 23:30:36,42.4775199890137,-8.94469356536865,"Male"
"9004160",371982,2025-06-22 23:35:35,42.4775161743164,-8.94470691680908,"Male"
"9004160",371982,2025-06-22 23:40:36,42.4774398803711,-8.94467449188232,"Male"
"9004160",371982,2025-06-22 23:45:36,42.4774627685547,-8.94466209411621,"Male"
"9004160",371982,2025-06-22 23:50:51,42.4771957397461,-8.94472885131836,"Male"
"9004160",371982,2025-06-22 23:55:49,42.477180480957,-8.94478702545166,"Male"
"9004160",371982,2025-06-23 00:01:05,42.4774398803711,-8.94467735290527,"Male"
"9004160",371982,2025-06-23 00:05:35,42.477481842041,-8.94478130340576,"Male"
"9004160",371982,2025-06-23 00:10:36,42.4774627685547,-8.94474792480469,"Male"
"9004160",371982,2025-06-23 00:15:35,42.4774513244629,-8.94473361968994,"Male"
"9004160",371982,2025-06-23 00:20:36,42.4774742126465,-8.94479084014893,"Male"
"9004160",371982,2025-06-23 00:25:36,42.4774703979492,-8.94472408294678,"Male"
"9004160",371982,2025-06-23 00:30:36,42.4774932861328,-8.94482612609863,"Male"
"9004160",371982,2025-06-23 00:35:36,42.477481842041,-8.94484710693359,"Male"
"9004160",371982,2025-06-23 00:40:36,42.4775276184082,-8.9448938369751,"Male"
"9004160",371982,2025-06-23 00:45:37,42.4774780273438,-8.94481182098389,"Male"
"9004160",371982,2025-06-23 00:50:36,42.4774475097656,-8.9447021484375,"Male"
"9004160",371982,2025-06-23 00:55:38,42.4774398803711,-8.94488143920898,"Male"
"9004160",371982,2025-06-23 01:00:37,42.4774513244629,-8.94483947753906,"Male"
"9004160",371982,2025-06-23 01:05:48,42.4775314331055,-8.94467258453369,"Male"
"9004160",371982,2025-06-23 01:10:39,42.4773216247559,-8.94536972045898,"Male"
"9004160",371982,2025-06-23 01:15:39,42.477409362793,-8.94482898712158,"Male"
"9004160",371982,2025-06-23 01:20:38,42.4775314331055,-8.94430923461914,"Male"
"9004160",371982,2025-06-23 01:25:37,42.4775085449219,-8.94502258300781,"Male"
"9004160",371982,2025-06-23 01:30:37,42.4777755737305,-8.94466781616211,"Male"
"9004160",371982,2025-06-23 01:35:37,42.4775009155273,-8.94464206695557,"Male"
"9004160",371982,2025-06-23 01:40:46,42.4772987365723,-8.9446439743042,"Male"
"9004160",371982,2025-06-23 01:45:49,42.4770736694336,-8.94469738006592,"Male"
"9004160",371982,2025-06-23 01:50:45,42.4773139953613,-8.94474411010742,"Male"
"9004160",371982,2025-06-23 01:55:45,42.4774513244629,-8.94474315643311,"Male"
"9004160",371982,2025-06-23 02:00:42,42.4768028259277,-8.94428157806396,"Male"
"9004160",371982,2025-06-23 02:06:00,42.4776344299316,-8.94476127624512,"Male"
"9004160",371982,2025-06-23 02:11:06,42.4773864746094,-8.94465732574463,"Male"
"9004160",371982,2025-06-23 02:15:39,42.4773902893066,-8.94462394714355,"Male"
"9004160",371982,2025-06-23 02:21:14,42.4773864746094,-8.94461822509766,"Male"
"9004160",371982,2025-06-23 02:25:39,42.4772186279297,-8.9445219039917,"Male"
"9004160",371982,2025-06-23 02:30:49,42.4774284362793,-8.94469738006592,"Male"
"9004160",371982,2025-06-23 02:36:05,42.4773406982422,-8.94460678100586,"Male"
"9004160",371982,2025-06-23 02:40:37,42.4772987365723,-8.94444179534912,"Male"
"9004160",371982,2025-06-23 02:45:38,42.4772834777832,-8.94455146789551,"Male"
"9004160",371982,2025-06-23 02:50:39,42.4773864746094,-8.94457817077637,"Male"
"9004160",371982,2025-06-23 02:55:36,42.4773750305176,-8.9446268081665,"Male"
"9004160",371982,2025-06-23 03:00:35,42.4773826599121,-8.94464302062988,"Male"
"9004160",371982,2025-06-23 03:05:35,42.4773712158203,-8.94461917877197,"Male"
"9004160",371982,2025-06-23 03:10:35,42.4773445129395,-8.94458866119385,"Male"
"9004160",371982,2025-06-23 03:15:42,42.4773979187012,-8.94460582733154,"Male"
"9004160",371982,2025-06-23 03:20:41,42.4774322509766,-8.94464302062988,"Male"
"9004160",371982,2025-06-23 03:25:41,42.4775657653809,-8.94473838806152,"Male"
"9004160",371982,2025-06-23 03:30:39,42.4778327941895,-8.94502353668213,"Male"
"9004160",371982,2025-06-23 03:35:48,42.4775695800781,-8.94477367401123,"Male"
"9004160",371982,2025-06-23 03:40:39,42.4776496887207,-8.94478893280029,"Male"
"9004160",371982,2025-06-23 03:45:48,42.4775352478027,-8.94479846954346,"Male"
"9004160",371982,2025-06-23 03:50:41,42.477897644043,-8.945237159729,"Male"
"9004160",371982,2025-06-23 03:55:43,42.4773445129395,-8.9447774887085,"Male"
"9004160",371982,2025-06-23 04:00:43,42.4772415161133,-8.94480895996094,"Male"
"9004160",371982,2025-06-23 04:06:07,42.4772453308105,-8.94480609893799,"Male"
"9004160",371982,2025-06-23 04:10:39,42.4773063659668,-8.94485569000244,"Male"
"9004160",371982,2025-06-23 04:15:49,42.4776191711426,-8.94468975067139,"Male"
"9004160",371982,2025-06-23 04:20:39,42.4775009155273,-8.94455718994141,"Male"
"9004160",371982,2025-06-23 04:25:39,42.4774551391602,-8.94474601745605,"Male"
"9004160",371982,2025-06-23 04:30:37,42.4773826599121,-8.94479942321777,"Male"
"9004160",371982,2025-06-23 04:35:38,42.4775505065918,-8.94475650787354,"Male"
"9004160",371982,2025-06-23 04:40:38,42.477424621582,-8.94457149505615,"Male"
"9004160",371982,2025-06-23 04:45:39,42.4775047302246,-8.94464015960693,"Male"
"9004160",371982,2025-06-23 04:50:38,42.4774589538574,-8.94479465484619,"Male"
"9004160",371982,2025-06-23 04:55:48,42.4774208068848,-8.94467258453369,"Male"
"9004160",371982,2025-06-23 05:00:36,42.4774856567383,-8.94499778747559,"Male"
"9004160",371982,2025-06-23 05:05:41,42.4774322509766,-8.94462585449219,"Male"
"9004160",371982,2025-06-23 05:10:43,42.4774055480957,-8.94470596313477,"Male"
"9004160",371982,2025-06-23 05:15:35,42.4775352478027,-8.94492244720459,"Male"
"9004160",371982,2025-06-23 05:21:04,42.4774398803711,-8.94465065002441,"Male"
"9004160",371982,2025-06-23 05:25:39,42.4773941040039,-8.94470691680908,"Male"
"9004160",371982,2025-06-23 05:30:37,42.4774017333984,-8.94461154937744,"Male"
"9004160",371982,2025-06-23 05:35:37,42.4774208068848,-8.94463539123535,"Male"
"9004160",371982,2025-06-23 05:40:35,42.4774398803711,-8.94465351104736,"Male"
"9004160",371982,2025-06-23 05:45:36,42.4774360656738,-8.94464302062988,"Male"
"9004160",371982,2025-06-23 05:50:35,42.4774475097656,-8.94469165802002,"Male"
"9004160",371982,2025-06-23 05:55:43,42.4774131774902,-8.94465827941895,"Male"
"9004160",371982,2025-06-23 06:00:43,42.4774131774902,-8.94464492797852,"Male"
"9004160",371982,2025-06-23 06:05:37,42.477409362793,-8.9446849822998,"Male"
"9004160",371982,2025-06-23 06:10:43,42.4774131774902,-8.94463062286377,"Male"
"9004160",371982,2025-06-23 06:15:41,42.4773292541504,-8.94458198547363,"Male"
"9004160",371982,2025-06-23 06:20:40,42.4774322509766,-8.94463348388672,"Male"
"9004160",371982,2025-06-23 06:25:51,42.4773406982422,-8.94457626342773,"Male"
"9004160",371982,2025-06-23 06:30:47,42.4773559570312,-8.94464015960693,"Male"
"9004160",371982,2025-06-23 06:35:39,42.4776840209961,-8.94378471374512,"Male"
"9004160",371982,2025-06-23 06:40:49,42.4778671264648,-8.9439001083374,"Male"
"9004160",371982,2025-06-23 06:45:54,42.4779014587402,-8.94393634796143,"Male"
"9004160",371982,2025-06-23 06:50:59,42.4778785705566,-8.94396305084229,"Male"
"9004160",371982,2025-06-23 06:56:35,42.4778823852539,-8.94397354125977,"Male"
"9004160",371982,2025-06-23 07:00:37,42.4777908325195,-8.94400787353516,"Male"
"9004160",371982,2025-06-23 07:05:35,42.4778327941895,-8.94398403167725,"Male"
"9004160",371982,2025-06-23 07:10:35,42.4779167175293,-8.94394969940186,"Male"
"9004160",371982,2025-06-23 07:15:36,42.4850692749023,-8.92885208129883,"Male"
"9004160",371982,2025-06-23 07:20:35,42.4888687133789,-8.91875648498535,"Male"
"9004160",371982,2025-06-23 07:25:43,42.4936790466309,-8.90775489807129,"Male"
"9004160",371982,2025-06-23 07:30:36,42.4954490661621,-8.90235042572021,"Male"
"9004160",371982,2025-06-23 07:35:36,42.496997833252,-8.8973274230957,"Male"
"9004160",371982,2025-06-23 07:40:35,42.5042457580566,-8.88185596466064,"Male"
"9004160",371982,2025-06-23 07:45:36,42.5076942443848,-8.86788082122803,"Male"
"9004160",371982,2025-06-23 07:50:36,42.512393951416,-8.85650634765625,"Male"
"9004160",371982,2025-06-23 07:55:38,42.5123748779297,-8.85650634765625,"Male"
"9004160",371982,2025-06-23 08:00:36,42.515380859375,-8.84669399261475,"Male"
"9004160",371982,2025-06-23 08:05:38,42.5197105407715,-8.83228206634521,"Male"
"9004160",371982,2025-06-23 08:11:09,42.5192527770996,-8.8307466506958,"Male"
"9004160",371982,2025-06-23 08:16:45,42.5179862976074,-8.8297119140625,"Male"
"9004160",371982,2025-06-23 08:21:57,42.5176315307617,-8.82920742034912,"Male"
"9004160",371982,2025-06-23 08:26:53,42.5176048278809,-8.82911109924316,"Male"
"9004160",371982,2025-06-23 08:31:53,42.5175666809082,-8.82915210723877,"Male"
"9004160",371982,2025-06-23 08:37:01,42.5176429748535,-8.82922458648682,"Male"
"9004160",371982,2025-06-23 08:42:01,42.5176696777344,-8.82931995391846,"Male"
"9004160",371982,2025-06-23 08:46:53,42.5176239013672,-8.82916355133057,"Male"
"9004160",371982,2025-06-23 08:51:55,42.517578125,-8.82905578613281,"Male"
"9004160",371982,2025-06-23 08:56:57,42.5175971984863,-8.82908630371094,"Male"
"9004160",371982,2025-06-23 09:01:57,42.5176696777344,-8.82928085327148,"Male"
"9004160",371982,2025-06-23 09:07:13,42.517650604248,-8.8296480178833,"Male"
"9004160",371982,2025-06-23 09:11:57,42.5177040100098,-8.8296537399292,"Male"
"9004160",371982,2025-06-23 09:16:57,42.5176162719727,-8.82933807373047,"Male"
"9004160",371982,2025-06-23 09:21:57,42.5176429748535,-8.82974815368652,"Male"
"9004160",371982,2025-06-23 09:26:57,42.5176239013672,-8.82969093322754,"Male"
"9004160",371982,2025-06-23 09:31:57,42.5176010131836,-8.8293924331665,"Male"
"9004160",371982,2025-06-23 09:36:57,42.5176162719727,-8.82969760894775,"Male"
"9004160",371982,2025-06-23 09:41:58,42.5175514221191,-8.82918453216553,"Male"
"9004160",371982,2025-06-23 09:47:14,42.5178031921387,-8.82918167114258,"Male"
"9004160",371982,2025-06-23 09:51:55,42.5178756713867,-8.82925415039062,"Male"
"9004160",371982,2025-06-23 09:56:56,42.517894744873,-8.82931327819824,"Male"
"9004160",371982,2025-06-23 10:52:23,42.520435333252,-8.8297176361084,"Male"
"9004160",371982,2025-06-23 10:56:48,42.520435333252,-8.82971668243408,"Male"
"9004160",371982,2025-06-23 11:01:48,42.5204010009766,-8.82968711853027,"Male"
"9004160",371982,2025-06-23 11:06:48,42.5204620361328,-8.82965278625488,"Male"
"9004160",371982,2025-06-23 11:11:48,42.5204467773438,-8.82970714569092,"Male"
"9004160",371982,2025-06-23 11:16:48,42.5204391479492,-8.82973861694336,"Male"
"9004160",371982,2025-06-23 11:21:48,42.5204238891602,-8.82979679107666,"Male"
"9004160",371982,2025-06-23 11:26:48,42.520435333252,-8.82966804504395,"Male"
"9004160",371982,2025-06-23 11:31:48,42.5204315185547,-8.82971000671387,"Male"
"9004160",371982,2025-06-23 11:36:48,42.5204315185547,-8.82964134216309,"Male"
"9004160",371982,2025-06-23 11:41:48,42.520450592041,-8.82972240447998,"Male"
"9004160",371982,2025-06-23 11:46:48,42.5203666687012,-8.82946395874023,"Male"
"9004160",371982,2025-06-23 11:51:48,42.5203552246094,-8.82944011688232,"Male"
"9004160",371982,2025-06-23 11:56:48,42.5203971862793,-8.8295202255249,"Male"
"9004160",371982,2025-06-23 12:01:49,42.5203399658203,-8.82936573028564,"Male"
"9004160",371982,2025-06-23 12:06:50,42.5204200744629,-8.82973575592041,"Male"
"9004160",371982,2025-06-23 12:11:50,42.5204162597656,-8.82956218719482,"Male"
"9004160",371982,2025-06-23 12:17:11,42.5200996398926,-8.83123588562012,"Male"
"9004160",371982,2025-06-23 12:22:09,42.5209693908691,-8.83171939849854,"Male"
"9004160",371982,2025-06-23 12:27:49,42.521728515625,-8.83152961730957,"Male"
"9004160",371982,2025-06-23 12:33:52,42.5203819274902,-8.8307056427002,"Male"
"9004160",371982,2025-06-23 12:39:22,42.5200500488281,-8.82855701446533,"Male"
"9004160",371982,2025-06-23 12:44:14,42.520450592041,-8.82939147949219,"Male"
"9004160",371982,2025-06-23 12:49:04,42.5204124450684,-8.8294153213501,"Male"
"9004160",371982,2025-06-23 12:54:25,42.5195617675781,-8.83011341094971,"Male"
"9004160",371982,2025-06-23 12:59:35,42.520435333252,-8.82955932617188,"Male"
"9004160",371982,2025-06-23 13:03:59,42.5205001831055,-8.82954788208008,"Male"
"9004160",371982,2025-06-23 13:08:59,42.5205764770508,-8.82954120635986,"Male"
"9004160",371982,2025-06-23 13:13:59,42.5205001831055,-8.82952785491943,"Male"
"9004160",371982,2025-06-23 13:18:59,42.5204772949219,-8.82947826385498,"Male"
"9004160",371982,2025-06-23 13:23:59,42.5204582214355,-8.82949161529541,"Male"
"9004160",371982,2025-06-23 13:28:59,42.5204925537109,-8.82950401306152,"Male"
"9004160",371982,2025-06-23 13:33:59,42.5205001831055,-8.82948207855225,"Male"
"9004160",371982,2025-06-23 13:38:59,42.5204544067383,-8.82955074310303,"Male"
"9004160",371982,2025-06-23 13:43:59,42.5205001831055,-8.8294677734375,"Male"
"9004160",371982,2025-06-23 13:48:59,42.5205001831055,-8.82945919036865,"Male"
"9004160",371982,2025-06-23 13:53:59,42.5205116271973,-8.82944869995117,"Male"
"9004160",371982,2025-06-23 13:58:59,42.5205116271973,-8.82949638366699,"Male"
"9004160",371982,2025-06-23 14:03:59,42.5205078125,-8.82947158813477,"Male"
"9004160",371982,2025-06-23 14:08:59,42.5205001831055,-8.82948875427246,"Male"
"9004160",371982,2025-06-23 14:13:59,42.5205230712891,-8.82946872711182,"Male"
"9004160",371982,2025-06-23 14:18:59,42.5204658508301,-8.82944774627686,"Male"
"9004160",371982,2025-06-23 14:23:59,42.5205307006836,-8.82949161529541,"Male"
"9004160",371982,2025-06-23 14:28:59,42.5204849243164,-8.82943820953369,"Male"
"9004160",371982,2025-06-23 14:33:59,42.5204696655273,-8.82949352264404,"Male"
"9004160",371982,2025-06-23 14:38:59,42.5205535888672,-8.82926177978516,"Male"
"9004160",371982,2025-06-23 14:43:59,42.5204277038574,-8.82942867279053,"Male"
"9004160",371982,2025-06-23 14:49:00,42.520450592041,-8.82952976226807,"Male"
"9004160",371982,2025-06-23 14:53:59,42.5204696655273,-8.82948303222656,"Male"
"9004160",371982,2025-06-23 14:58:59,42.5204772949219,-8.82940483093262,"Male"
"9004160",371982,2025-06-23 15:03:59,42.5204544067383,-8.82946872711182,"Male"
"9004160",371982,2025-06-23 15:09:03,42.5205230712891,-8.8294038772583,"Male"
"9004160",371982,2025-06-23 15:14:09,42.5204963684082,-8.82944107055664,"Male"
"9004160",371982,2025-06-23 15:19:00,42.5204620361328,-8.82944583892822,"Male"
"9004160",371982,2025-06-23 15:23:59,42.5205574035645,-8.82946681976318,"Male"
"9004160",371982,2025-06-23 15:28:59,42.520565032959,-8.82940769195557,"Male"
"9004160",371982,2025-06-23 15:34:09,42.5206031799316,-8.82944965362549,"Male"
"9004160",371982,2025-06-23 15:38:59,42.5206336975098,-8.82949829101562,"Male"
"9004160",371982,2025-06-23 15:43:59,42.5205383300781,-8.82951545715332,"Male"
"9004160",371982,2025-06-23 15:49:01,42.5204925537109,-8.82952213287354,"Male"
"9004160",371982,2025-06-23 15:53:59,42.5204277038574,-8.82941818237305,"Male"
"9004160",371982,2025-06-23 15:59:01,42.520393371582,-8.82938098907471,"Male"
"9004160",371982,2025-06-23 16:04:14,42.5205383300781,-8.82949829101562,"Male"
"9004160",371982,2025-06-23 16:09:00,42.5205345153809,-8.82947254180908,"Male"
"9004160",371982,2025-06-23 16:13:59,42.5205955505371,-8.82962894439697,"Male"
"9004160",371982,2025-06-23 16:19:01,42.5206336975098,-8.82971096038818,"Male"
"9004160",371982,2025-06-23 16:24:04,42.5205307006836,-8.82944297790527,"Male"
"9004160",371982,2025-06-23 16:29:02,42.5205268859863,-8.82949161529541,"Male"
"9004160",371982,2025-06-23 16:34:03,42.5206413269043,-8.8296422958374,"Male"
"9004160",371982,2025-06-23 16:39:35,42.5205459594727,-8.82948970794678,"Male"
"9004160",371982,2025-06-23 16:43:59,42.5206680297852,-8.82960605621338,"Male"
"9004160",371982,2025-06-23 16:48:59,42.5206985473633,-8.82963371276855,"Male"
"9004160",371982,2025-06-23 16:54:04,42.5209426879883,-8.82974624633789,"Male"
"9004160",371982,2025-06-23 16:59:31,42.5224456787109,-8.82943725585938,"Male"
"9004160",371982,2025-06-23 17:04:54,42.5230484008789,-8.83044815063477,"Male"
"9004160",371982,2025-06-23 17:10:00,42.5227470397949,-8.8308162689209,"Male"
"9004160",371982,2025-06-23 17:14:59,42.521800994873,-8.83223152160645,"Male"
"9004160",371982,2025-06-23 17:20:08,42.5211143493652,-8.83285331726074,"Male"
"9004160",371982,2025-06-23 17:25:36,42.5207786560059,-8.83125019073486,"Male"
"9004160",371982,2025-06-23 17:30:32,42.519847869873,-8.82974815368652,"Male"
"9004160",371982,2025-06-23 17:35:34,42.5198211669922,-8.82967185974121,"Male"
"9004160",371982,2025-06-23 17:40:32,42.5198059082031,-8.82972812652588,"Male"
"9004160",371982,2025-06-23 17:45:32,42.5197868347168,-8.82973098754883,"Male"
"9004160",371982,2025-06-23 17:50:32,42.5198707580566,-8.82970333099365,"Male"
"9004160",371982,2025-06-23 17:55:32,42.5198974609375,-8.82969379425049,"Male"
"9004160",371982,2025-06-23 18:00:44,42.5197944641113,-8.82978916168213,"Male"
"9004160",371982,2025-06-23 18:05:33,42.5198173522949,-8.82986640930176,"Male"
"9004160",371982,2025-06-23 18:10:32,42.5198020935059,-8.82981204986572,"Male"
"9004160",371982,2025-06-23 18:15:32,42.5198707580566,-8.82980918884277,"Male"
"9004160",371982,2025-06-23 18:20:33,42.5198020935059,-8.82968425750732,"Male"
"9004160",371982,2025-06-23 18:25:37,42.5196952819824,-8.82982158660889,"Male"
"9004160",371982,2025-06-23 18:30:32,42.5199584960938,-8.82991886138916,"Male"
"9004160",371982,2025-06-23 18:35:32,42.5199737548828,-8.8300313949585,"Male"
"9004160",371982,2025-06-23 18:40:32,42.519947052002,-8.82995796203613,"Male"
"9004160",371982,2025-06-23 18:45:44,42.5200309753418,-8.8300313949585,"Male"
"9004160",371982,2025-06-23 18:50:32,42.5199966430664,-8.83034420013428,"Male"
"9004160",371982,2025-06-23 18:55:33,42.5196075439453,-8.82936668395996,"Male"
"9004160",371982,2025-06-23 19:00:33,42.5203437805176,-8.83066749572754,"Male"
"9004160",371982,2025-06-23 19:05:32,42.5192108154297,-8.82855892181396,"Male"
"9004160",371982,2025-06-23 19:10:36,42.5198097229004,-8.82977867126465,"Male"
"9004160",371982,2025-06-23 19:15:39,42.5197486877441,-8.83131790161133,"Male"
"9004160",371982,2025-06-23 19:20:34,42.5209045410156,-8.83209800720215,"Male"
"9004160",371982,2025-06-23 19:25:34,42.5216674804688,-8.83297443389893,"Male"
"9004160",371982,2025-06-23 19:31:53,42.5203475952148,-8.831862449646,"Male"
"9004160",371982,2025-06-23 19:35:34,42.5201034545898,-8.83006763458252,"Male"
"9004160",371982,2025-06-23 19:40:39,42.5190010070801,-8.83040332794189,"Male"
"9004160",371982,2025-06-23 19:45:33,42.5180053710938,-8.83179664611816,"Male"
"9004160",371982,2025-06-23 19:50:38,42.5094146728516,-8.86005401611328,"Male"
"9004160",371982,2025-06-23 19:55:33,42.4919471740723,-8.90826034545898,"Male"
"9004160",371982,2025-06-23 20:00:39,42.486442565918,-8.91607761383057,"Male"
"9004160",371982,2025-06-23 20:05:37,42.4778861999512,-8.94400119781494,"Male"
"9004160",371982,2025-06-23 20:10:34,42.477783203125,-8.9441556930542,"Male"
"9004160",371982,2025-06-23 20:15:33,42.477424621582,-8.94479465484619,"Male"
"9004160",371982,2025-06-23 20:20:41,42.4773445129395,-8.94464683532715,"Male"
"9004160",371982,2025-06-23 20:25:32,42.4773178100586,-8.94463729858398,"Male"
"9004160",371982,2025-06-23 20:30:32,42.477352142334,-8.94474124908447,"Male"
"9004160",371982,2025-06-23 20:35:32,42.4772872924805,-8.94485569000244,"Male"
"9004160",371982,2025-06-23 20:40:32,42.477165222168,-8.94463729858398,"Male"
"9004160",371982,2025-06-23 20:45:40,42.4773254394531,-8.94472312927246,"Male"
"9004160",371982,2025-06-23 20:50:35,42.4773979187012,-8.94461727142334,"Male"
"9004160",371982,2025-06-23 20:55:41,42.4772644042969,-8.94463348388672,"Male"
"9004160",371982,2025-06-23 21:00:36,42.4771270751953,-8.94456958770752,"Male"
"9004160",371982,2025-06-23 21:05:40,42.4775466918945,-8.94464111328125,"Male"
"9004160",371982,2025-06-23 21:10:35,42.4773712158203,-8.94457721710205,"Male"
"9004160",371982,2025-06-23 21:15:33,42.4774780273438,-8.94461917877197,"Male"
"9004160",371982,2025-06-23 21:20:33,42.4773902893066,-8.94459533691406,"Male"
"9004160",371982,2025-06-23 21:25:32,42.4773063659668,-8.94465923309326,"Male"
"9004160",371982,2025-06-23 21:30:44,42.4774284362793,-8.94462394714355,"Male"
"9004160",371982,2025-06-23 21:35:35,42.477424621582,-8.94467067718506,"Male"
"9004160",371982,2025-06-23 21:40:33,42.4774475097656,-8.94453525543213,"Male"
"9004160",371982,2025-06-23 21:46:05,42.477481842041,-8.94461631774902,"Male"
"9004160",371982,2025-06-23 21:50:32,42.4775390625,-8.94457626342773,"Male"
"9004160",371982,2025-06-23 21:55:34,42.4774360656738,-8.94461536407471,"Male"
"9004160",371982,2025-06-23 22:00:36,42.4774322509766,-8.94473934173584,"Male"
"9004160",371982,2025-06-23 22:06:04,42.4774055480957,-8.94465351104736,"Male"
"9004160",371982,2025-06-23 22:10:32,42.477409362793,-8.94467067718506,"Male"
"9004160",371982,2025-06-23 22:15:32,42.4774971008301,-8.94485950469971,"Male"
"9004160",371982,2025-06-23 22:20:36,42.4773292541504,-8.94473838806152,"Male"
"9004160",371982,2025-06-23 22:25:32,42.4774131774902,-8.94466876983643,"Male"
"9004160",371982,2025-06-23 22:30:33,42.4773101806641,-8.94472885131836,"Male"
"9004160",371982,2025-06-23 22:35:33,42.4773941040039,-8.94473171234131,"Male"
"9004160",371982,2025-06-23 22:40:32,42.4773826599121,-8.94474411010742,"Male"
"9004160",371982,2025-06-23 22:45:36,42.4773063659668,-8.94465637207031,"Male"
"9004160",371982,2025-06-23 22:50:35,42.4773712158203,-8.94474411010742,"Male"
"9004160",371982,2025-06-23 22:55:36,42.4773826599121,-8.94469928741455,"Male"
"9004160",371982,2025-06-23 23:00:35,42.477352142334,-8.94467258453369,"Male"
"9004160",371982,2025-06-23 23:05:34,42.4774284362793,-8.94474792480469,"Male"
"9004160",371982,2025-06-23 23:10:38,42.4772987365723,-8.94476985931396,"Male"
"9004160",371982,2025-06-23 23:15:32,42.4774284362793,-8.94477462768555,"Male"
"9004160",371982,2025-06-23 23:20:33,42.4773483276367,-8.94462299346924,"Male"
"9004160",371982,2025-06-23 23:25:32,42.4774360656738,-8.94470882415771,"Male"
"9004160",371982,2025-06-23 23:30:32,42.477424621582,-8.944748878479,"Male"
"9004160",371982,2025-06-23 23:35:32,42.4771308898926,-8.94470596313477,"Male"
"9004160",371982,2025-06-23 23:40:34,42.4774169921875,-8.94467639923096,"Male"
"9004160",371982,2025-06-23 23:45:42,42.4773101806641,-8.94476795196533,"Male"
"9004160",371982,2025-06-23 23:50:34,42.4771118164062,-8.94476699829102,"Male"
"9004160",371982,2025-06-23 23:55:42,42.477352142334,-8.94471073150635,"Male"
"9004160",371982,2025-06-24 00:00:40,42.4772834777832,-8.94476509094238,"Male"
"9004160",371982,2025-06-24 00:05:42,42.4771881103516,-8.94484901428223,"Male"
"9004160",371982,2025-06-24 00:11:05,42.477424621582,-8.94468116760254,"Male"
"9004160",371982,2025-06-24 00:15:34,42.4774742126465,-8.94469547271729,"Male"
"9004160",371982,2025-06-24 00:20:35,42.4773216247559,-8.94460868835449,"Male"
"9004160",371982,2025-06-24 00:25:33,42.4773216247559,-8.94463062286377,"Male"
"9004160",371982,2025-06-24 00:30:36,42.4773063659668,-8.94460678100586,"Male"
"9004160",371982,2025-06-24 00:35:45,42.4773559570312,-8.94461154937744,"Male"
"9004160",371982,2025-06-24 00:40:43,42.477294921875,-8.94461441040039,"Male"
"9004160",371982,2025-06-24 00:45:44,42.4773101806641,-8.94461441040039,"Male"
"9004160",371982,2025-06-24 00:50:34,42.4773750305176,-8.94465732574463,"Male"
"9004160",371982,2025-06-24 00:55:33,42.4772338867188,-8.94453048706055,"Male"
"9004160",371982,2025-06-24 01:01:05,42.4775009155273,-8.94475555419922,"Male"
"9004160",371982,2025-06-24 01:05:39,42.4774131774902,-8.94467735290527,"Male"
"9004160",371982,2025-06-24 01:10:33,42.4774017333984,-8.94468307495117,"Male"
"9004160",371982,2025-06-24 01:15:36,42.4775161743164,-8.94476222991943,"Male"
"9004160",371982,2025-06-24 01:20:44,42.4772338867188,-8.94454574584961,"Male"
"9004160",371982,2025-06-24 01:25:42,42.4773178100586,-8.94463348388672,"Male"
"9004160",371982,2025-06-24 01:30:43,42.4775657653809,-8.94484615325928,"Male"
"9004160",371982,2025-06-24 01:35:44,42.4775924682617,-8.94483089447021,"Male"
"9004160",371982,2025-06-24 01:40:59,42.4775276184082,-8.94476509094238,"Male"
"9004160",371982,2025-06-24 01:46:05,42.4773979187012,-8.94470882415771,"Male"
"9004160",371982,2025-06-24 01:50:32,42.4773750305176,-8.94466781616211,"Male"
"9004160",371982,2025-06-24 01:55:35,42.4774055480957,-8.94475173950195,"Male"
"9004160",371982,2025-06-24 02:00:44,42.4773902893066,-8.94472122192383,"Male"
"9004160",371982,2025-06-24 02:05:35,42.4773750305176,-8.94474220275879,"Male"
"9004160",371982,2025-06-24 02:10:36,42.4775581359863,-8.94481754302979,"Male"
"9004160",371982,2025-06-24 02:15:38,42.4774627685547,-8.94470310211182,"Male"
"9004160",371982,2025-06-24 02:20:37,42.4773750305176,-8.94469165802002,"Male"
"9004160",371982,2025-06-24 02:25:32,42.4774475097656,-8.94465351104736,"Male"
"9004160",371982,2025-06-24 02:30:32,42.4774322509766,-8.94467735290527,"Male"
"9004160",371982,2025-06-24 02:35:32,42.4773712158203,-8.94476509094238,"Male"
"9004160",371982,2025-06-24 02:40:32,42.477424621582,-8.94461536407471,"Male"
"9004160",371982,2025-06-24 02:45:32,42.4774398803711,-8.94470596313477,"Male"
"9004160",371982,2025-06-24 02:50:32,42.4773826599121,-8.94467926025391,"Male"
"9004160",371982,2025-06-24 02:55:32,42.477409362793,-8.94465637207031,"Male"
"9004160",371982,2025-06-24 03:00:32,42.4774551391602,-8.94465446472168,"Male"
"9004160",371982,2025-06-24 03:05:33,42.4774208068848,-8.94474792480469,"Male"
"9004160",371982,2025-06-24 03:10:37,42.4773864746094,-8.94478130340576,"Male"
"9004160",371982,2025-06-24 03:15:35,42.4772796630859,-8.94476699829102,"Male"
"9004160",371982,2025-06-24 03:20:35,42.4774742126465,-8.94471168518066,"Male"
"9004160",371982,2025-06-24 03:25:35,42.4775238037109,-8.94468784332275,"Male"
"9004160",371982,2025-06-24 03:30:35,42.4774055480957,-8.94466018676758,"Male"
"9004160",371982,2025-06-24 03:35:41,42.4773979187012,-8.94471073150635,"Male"
"9004160",371982,2025-06-24 03:40:39,42.4773864746094,-8.94467449188232,"Male"
"9004160",371982,2025-06-24 03:45:39,42.4774017333984,-8.94478416442871,"Male"
"9004160",371982,2025-06-24 03:50:35,42.477710723877,-8.94498634338379,"Male"
"9004160",371982,2025-06-24 03:55:37,42.4774856567383,-8.94475078582764,"Male"
"9004160",371982,2025-06-24 04:00:34,42.4780464172363,-8.9452428817749,"Male"
"9004160",371982,2025-06-24 04:05:37,42.4772682189941,-8.94469451904297,"Male"
"9004160",371982,2025-06-24 04:10:40,42.4773597717285,-8.94462871551514,"Male"
"9004160",371982,2025-06-24 04:15:43,42.4774360656738,-8.94474315643311,"Male"
"9004160",371982,2025-06-24 04:21:03,42.4773902893066,-8.94480895996094,"Male"
"9004160",371982,2025-06-24 04:25:33,42.4775047302246,-8.94470977783203,"Male"
"9004160",371982,2025-06-24 04:30:32,42.4774055480957,-8.94474601745605,"Male"
"9004160",371982,2025-06-24 04:35:33,42.4774284362793,-8.9447193145752,"Male"
"9004160",371982,2025-06-24 04:40:32,42.4774017333984,-8.94478511810303,"Male"
"9004160",371982,2025-06-24 04:45:46,42.4774322509766,-8.94476127624512,"Male"
"9004160",371982,2025-06-24 04:50:37,42.4774017333984,-8.94473648071289,"Male"
"9004160",371982,2025-06-24 04:55:36,42.4777450561523,-8.94434547424316,"Male"
"9004160",371982,2025-06-24 05:00:35,42.4773750305176,-8.94476127624512,"Male"
"9004160",371982,2025-06-24 05:05:33,42.4774360656738,-8.94481182098389,"Male"
"9004160",371982,2025-06-24 05:10:33,42.4775276184082,-8.94483757019043,"Male"
"9004160",371982,2025-06-24 05:15:33,42.4774513244629,-8.94480228424072,"Male"
"9004160",371982,2025-06-24 05:20:32,42.4774398803711,-8.94476985931396,"Male"
"9004160",371982,2025-06-24 05:25:32,42.477466583252,-8.94465827941895,"Male"
"9004160",371982,2025-06-24 05:30:33,42.4773979187012,-8.94478034973145,"Male"
"9004160",371982,2025-06-24 05:35:32,42.4773559570312,-8.94488906860352,"Male"
"9004160",371982,2025-06-24 05:40:35,42.4774360656738,-8.94485569000244,"Male"
"9004160",371982,2025-06-24 05:45:33,42.477367401123,-8.94480037689209,"Male"
"9004160",371982,2025-06-24 05:50:35,42.4773979187012,-8.94479846954346,"Male"
"9004160",371982,2025-06-24 05:55:35,42.4773368835449,-8.94477367401123,"Male"
"9004160",371982,2025-06-24 06:00:44,42.4771690368652,-8.94476699829102,"Male"
"9004160",371982,2025-06-24 06:05:38,42.4773063659668,-8.94491577148438,"Male"
"9004160",371982,2025-06-24 06:10:38,42.4771156311035,-8.9447193145752,"Male"
"9004160",371982,2025-06-24 06:15:38,42.4772872924805,-8.94482803344727,"Male"
"9004160",371982,2025-06-24 06:20:44,42.477466583252,-8.94481563568115,"Male"
"9004160",371982,2025-06-24 06:26:05,42.4773712158203,-8.94466304779053,"Male"
"9004160",371982,2025-06-24 06:30:37,42.4773483276367,-8.94465827941895,"Male"
"9004160",371982,2025-06-24 06:35:39,42.4773597717285,-8.94467639923096,"Male"
"9004160",371982,2025-06-24 06:40:32,42.4775276184082,-8.94484043121338,"Male"
"9004160",371982,2025-06-24 06:45:36,42.477180480957,-8.94475078582764,"Male"
"9004160",371982,2025-06-24 06:50:39,42.4771499633789,-8.94469451904297,"Male"
"9004160",371982,2025-06-24 06:55:34,42.4771537780762,-8.94467735290527,"Male"
"9004160",371982,2025-06-24 07:00:34,42.4771575927734,-8.94469738006592,"Male"
"9004160",371982,2025-06-24 07:05:33,42.477123260498,-8.9446382522583,"Male"
"9004160",371982,2025-06-24 07:10:38,42.477180480957,-8.94469165802002,"Male"
"9004160",371982,2025-06-24 07:15:34,42.4772186279297,-8.94476413726807,"Male"
"9004160",371982,2025-06-24 07:20:37,42.4771881103516,-8.94471836090088,"Male"
"9004160",371982,2025-06-24 07:25:34,42.477165222168,-8.94473457336426,"Male"
"9004160",371982,2025-06-24 07:30:43,42.4939765930176,-8.911301612854,"Male"
"9004160",371982,2025-06-24 07:35:33,42.5166168212891,-8.85706806182861,"Male"
"9004160",371982,2025-06-24 07:40:38,42.5216178894043,-8.83384037017822,"Male"
"9004160",371982,2025-06-24 07:45:37,42.5213623046875,-8.83228492736816,"Male"
"9004160",371982,2025-06-24 07:50:50,42.5206527709961,-8.83184051513672,"Male"
"9004160",371982,2025-06-24 07:55:59,42.5187492370605,-8.830397605896,"Male"
"9004160",371982,2025-06-24 08:00:57,42.5176239013672,-8.82917308807373,"Male"
"9004160",371982,2025-06-24 08:05:54,42.517692565918,-8.82952308654785,"Male"
"9004160",371982,2025-06-24 08:10:54,42.5175247192383,-8.82902336120605,"Male"
"9004160",371982,2025-06-24 08:16:06,42.517578125,-8.82926368713379,"Male"
"9004160",371982,2025-06-24 08:20:55,42.5176277160645,-8.8292932510376,"Male"
"9004160",371982,2025-06-24 08:26:07,42.5176086425781,-8.82925033569336,"Male"
"9004160",371982,2025-06-24 08:30:55,42.5176887512207,-8.82943916320801,"Male"
"9004160",371982,2025-06-24 08:36:08,42.5176200866699,-8.82927131652832,"Male"
"9004160",371982,2025-06-24 08:41:14,42.5175857543945,-8.82929706573486,"Male"
"9004160",371982,2025-06-24 08:45:54,42.5176963806152,-8.8293571472168,"Male"
"9004160",371982,2025-06-24 08:50:59,42.5171127319336,-8.82862091064453,"Male"
"9004160",371982,2025-06-24 08:55:55,42.5176010131836,-8.82934951782227,"Male"
"9004160",371982,2025-06-24 09:00:56,42.5176849365234,-8.82922744750977,"Male"
"9004160",371982,2025-06-24 09:05:55,42.5176391601562,-8.82945346832275,"Male"
"9004160",371982,2025-06-24 09:10:58,42.5178871154785,-8.82943916320801,"Male"
"9004160",371982,2025-06-24 09:15:55,42.5181427001953,-8.8299617767334,"Male"
"9004160",371982,2025-06-24 09:20:59,42.5175437927246,-8.82889652252197,"Male"
"9004160",371982,2025-06-24 09:26:07,42.5177268981934,-8.82918930053711,"Male"
"9004160",371982,2025-06-24 09:31:14,42.5175857543945,-8.82938003540039,"Male"
"9004160",371982,2025-06-24 09:35:56,42.5173530578613,-8.82954025268555,"Male"
"9004160",371982,2025-06-24 09:40:55,42.5176887512207,-8.82938671112061,"Male"
"9004160",371982,2025-06-24 09:45:53,42.5177459716797,-8.82960987091064,"Male"
"9004160",371982,2025-06-24 09:50:56,42.5177879333496,-8.8297061920166,"Male"
"9004160",371982,2025-06-24 09:55:57,42.5175819396973,-8.82911968231201,"Male"
"9004160",371982,2025-06-24 10:01:14,42.5175094604492,-8.82923889160156,"Male"
"9004160",371982,2025-06-24 10:05:55,42.5174331665039,-8.82912635803223,"Male"
"9004160",371982,2025-06-24 10:11:38,42.5180053710938,-8.82958793640137,"Male"
"9004160",371982,2025-06-24 10:17:06,42.5188102722168,-8.83119869232178,"Male"
"9004160",371982,2025-06-24 10:22:43,42.5197257995605,-8.83149242401123,"Male"
"9004160",371982,2025-06-24 10:28:19,42.5200347900391,-8.83049964904785,"Male"
"9004160",371982,2025-06-24 10:33:54,42.5213012695312,-8.83119106292725,"Male"
"9004160",371982,2025-06-24 10:38:54,42.5215148925781,-8.8302640914917,"Male"
"9004160",371982,2025-06-24 10:43:43,42.5207748413086,-8.82976341247559,"Male"
"9004160",371982,2025-06-24 10:49:05,42.5204582214355,-8.82966613769531,"Male"
"9004160",371982,2025-06-24 10:53:42,42.5204620361328,-8.82961845397949,"Male"
"9004160",371982,2025-06-24 10:58:42,42.5204544067383,-8.82968044281006,"Male"
"9004160",371982,2025-06-24 11:03:42,42.5203971862793,-8.82965850830078,"Male"
"9004160",371982,2025-06-24 11:08:42,42.5204238891602,-8.82975387573242,"Male"
"9004160",371982,2025-06-24 11:13:42,42.5204887390137,-8.82972526550293,"Male"
"9004160",371982,2025-06-24 11:18:42,42.5204238891602,-8.82972812652588,"Male"
"9004160",371982,2025-06-24 11:23:42,42.520450592041,-8.82965660095215,"Male"
"9004160",371982,2025-06-24 11:28:45,42.5204811096191,-8.8296365737915,"Male"
"9004160",371982,2025-06-24 11:33:42,42.5204658508301,-8.82962417602539,"Male"
"9004160",371982,2025-06-24 11:38:42,42.5205001831055,-8.82967281341553,"Male"
"9004160",371982,2025-06-24 11:43:42,42.5205459594727,-8.82952880859375,"Male"
"9004160",371982,2025-06-24 11:48:42,42.5204963684082,-8.82961463928223,"Male"
"9004160",371982,2025-06-24 11:53:42,42.5204963684082,-8.82972812652588,"Male"
"9004160",371982,2025-06-24 11:58:44,42.5205459594727,-8.82942771911621,"Male"
"9004160",371982,2025-06-24 12:03:43,42.5203819274902,-8.82976913452148,"Male"
"9004160",371982,2025-06-24 12:08:42,42.5205192565918,-8.82970428466797,"Male"
"9004160",371982,2025-06-24 12:13:43,42.520320892334,-8.82958793640137,"Male"
"9004160",371982,2025-06-24 12:18:45,42.5204010009766,-8.82969093322754,"Male"
"9004160",371982,2025-06-24 12:23:43,42.5204849243164,-8.8298225402832,"Male"
"9004160",371982,2025-06-24 12:28:42,42.5203819274902,-8.82983589172363,"Male"
"9004160",371982,2025-06-24 12:33:43,42.5202598571777,-8.82951259613037,"Male"
"9004160",371982,2025-06-24 12:39:03,42.5204238891602,-8.82963180541992,"Male"
"9004160",371982,2025-06-24 12:43:42,42.5204277038574,-8.82963848114014,"Male"
"9004160",371982,2025-06-24 12:48:42,42.5204124450684,-8.82961940765381,"Male"
"9004160",371982,2025-06-24 12:53:42,42.520435333252,-8.82962417602539,"Male"
"9004160",371982,2025-06-24 12:58:44,42.520450592041,-8.82954597473145,"Male"
"9004160",371982,2025-06-24 13:03:42,42.5205955505371,-8.82944679260254,"Male"
"9004160",371982,2025-06-24 13:08:42,42.5205383300781,-8.82946872711182,"Male"
"9004160",371982,2025-06-24 13:13:42,42.5205001831055,-8.82947826385498,"Male"
"9004160",371982,2025-06-24 13:18:42,42.5205268859863,-8.82951641082764,"Male"
"9004160",371982,2025-06-24 13:23:42,42.5205268859863,-8.82952308654785,"Male"
"9004160",371982,2025-06-24 13:28:42,42.5205078125,-8.82950592041016,"Male"
"9004160",371982,2025-06-24 13:33:42,42.5205383300781,-8.82954216003418,"Male"
"9004160",371982,2025-06-24 13:38:42,42.5205726623535,-8.82947540283203,"Male"
"9004160",371982,2025-06-24 13:43:42,42.5205345153809,-8.82946014404297,"Male"
"9004160",371982,2025-06-24 13:48:42,42.5205268859863,-8.82952308654785,"Male"
"9004160",371982,2025-06-24 13:54:29,42.5205307006836,-8.83065795898438,"Male"
"9004160",371982,2025-06-24 14:00:23,42.5201072692871,-8.83153343200684,"Male"
"9004160",371982,2025-06-24 14:05:43,42.5202331542969,-8.83156681060791,"Male"
"9004160",371982,2025-06-24 14:10:54,42.5208549499512,-8.8317174911499,"Male"
"9004160",371982,2025-06-24 14:15:54,42.5217666625977,-8.83070182800293,"Male"
"9004160",371982,2025-06-24 14:21:02,42.5214347839355,-8.8300085067749,"Male"
"9004160",371982,2025-06-24 14:26:00,42.5205383300781,-8.82954406738281,"Male"
"9004160",371982,2025-06-24 14:31:02,42.5205192565918,-8.82957363128662,"Male"
"9004160",371982,2025-06-24 14:36:01,42.5205383300781,-8.82955837249756,"Male"
"9004160",371982,2025-06-24 14:41:00,42.5204658508301,-8.82947254180908,"Male"
"9004160",371982,2025-06-24 14:46:00,42.520565032959,-8.82955551147461,"Male"
"9004160",371982,2025-06-24 14:51:00,42.5203437805176,-8.82938671112061,"Male"
"9004160",371982,2025-06-24 14:56:02,42.520378112793,-8.82944202423096,"Male"
"9004160",371982,2025-06-24 15:01:03,42.5202293395996,-8.82932758331299,"Male"
"9004160",371982,2025-06-24 15:06:02,42.5204086303711,-8.82943630218506,"Male"
"9004160",371982,2025-06-24 15:11:04,42.5202026367188,-8.82926559448242,"Male"
"9004160",371982,2025-06-24 15:16:08,42.5201301574707,-8.82922744750977,"Male"
"9004160",371982,2025-06-24 15:21:14,42.5204887390137,-8.82945156097412,"Male"
"9004160",371982,2025-06-24 15:26:01,42.5204429626465,-8.82931900024414,"Male"
"9004160",371982,2025-06-24 15:31:00,42.5206184387207,-8.82963752746582,"Male"
"9004160",371982,2025-06-24 15:36:03,42.5206756591797,-8.8297233581543,"Male"
"9004160",371982,2025-06-24 15:41:02,42.5205764770508,-8.82962512969971,"Male"
"9004160",371982,2025-06-24 15:46:09,42.5208587646484,-8.82992076873779,"Male"
"9004160",371982,2025-06-24 15:51:08,42.5209007263184,-8.82998561859131,"Male"
"9004160",371982,2025-06-24 15:56:02,42.5208015441895,-8.82983493804932,"Male"
"9004160",371982,2025-06-24 16:01:14,42.5205764770508,-8.82959842681885,"Male"
"9004160",371982,2025-06-24 16:06:00,42.520450592041,-8.82934665679932,"Male"
"9004160",371982,2025-06-24 16:11:02,42.5209846496582,-8.83023357391357,"Male"
"9004160",371982,2025-06-24 16:16:00,42.520637512207,-8.82968521118164,"Male"
"9004160",371982,2025-06-24 16:21:02,42.5212783813477,-8.83074855804443,"Male"
"9004160",371982,2025-06-24 16:26:03,42.5209808349609,-8.83023166656494,"Male"
"9004160",371982,2025-06-24 16:31:09,42.5206184387207,-8.8293399810791,"Male"
"9004160",371982,2025-06-24 16:36:01,42.5206604003906,-8.82962512969971,"Male"
"9004160",371982,2025-06-24 16:41:06,42.5205688476562,-8.8294677734375,"Male"
"9004160",371982,2025-06-24 16:46:15,42.5205688476562,-8.82949066162109,"Male"
"9004160",371982,2025-06-24 16:51:00,42.5206451416016,-8.82938766479492,"Male"
"9004160",371982,2025-06-24 16:56:00,42.5204391479492,-8.82946968078613,"Male"
"9004160",371982,2025-06-24 17:01:00,42.5204391479492,-8.82944869995117,"Male"
"9004160",371982,2025-06-24 17:06:00,42.5206146240234,-8.82950878143311,"Male"
"9004160",371982,2025-06-24 17:11:01,42.5205497741699,-8.82944107055664,"Male"
"9004160",371982,2025-06-24 17:16:04,42.5205574035645,-8.82986640930176,"Male"
"9004160",371982,2025-06-24 17:21:02,42.5205535888672,-8.82953929901123,"Male"
"9004160",371982,2025-06-24 17:26:02,42.5205574035645,-8.82960414886475,"Male"
"9004160",371982,2025-06-24 17:31:35,42.5204772949219,-8.82956218719482,"Male"
"9004160",371982,2025-06-24 17:36:00,42.5205955505371,-8.82957077026367,"Male"
"9004160",371982,2025-06-24 17:41:00,42.5205307006836,-8.82958602905273,"Male"
"9004160",371982,2025-06-24 17:46:00,42.5205039978027,-8.8295316696167,"Male"
"9004160",371982,2025-06-24 17:51:00,42.520450592041,-8.82956314086914,"Male"
"9004160",371982,2025-06-24 17:56:00,42.5205574035645,-8.82955932617188,"Male"
"9004160",371982,2025-06-24 18:01:00,42.5205345153809,-8.82955551147461,"Male"
"9004160",371982,2025-06-24 18:06:00,42.5205268859863,-8.82959461212158,"Male"
"9004160",371982,2025-06-24 18:11:00,42.5207061767578,-8.82972621917725,"Male"
"9004160",371982,2025-06-24 18:16:14,42.5206108093262,-8.82973575592041,"Male"
"9004160",371982,2025-06-24 18:21:00,42.5206069946289,-8.8297290802002,"Male"
"9004160",371982,2025-06-24 18:26:03,42.5206069946289,-8.82968616485596,"Male"
"9004160",371982,2025-06-24 18:31:01,42.5206260681152,-8.82967472076416,"Male"
"9004160",371982,2025-06-24 18:36:04,42.5206069946289,-8.82972717285156,"Male"
"9004160",371982,2025-06-24 18:41:02,42.5206413269043,-8.82972621917725,"Male"
"9004160",371982,2025-06-24 18:46:08,42.5205574035645,-8.82970333099365,"Male"
"9004160",371982,2025-06-24 18:51:03,42.5205955505371,-8.82970333099365,"Male"
"9004160",371982,2025-06-24 18:59:25,42.5203170776367,-8.83140182495117,"Male"
"9004160",371982,2025-06-24 19:04:14,42.5195198059082,-8.83295249938965,"Male"
"9004160",371982,2025-06-24 19:09:25,42.5191383361816,-8.83534145355225,"Male"
"9004160",371982,2025-06-24 19:14:18,42.5120124816895,-8.85891628265381,"Male"
"9004160",371982,2025-06-24 19:19:25,42.511890411377,-8.85875701904297,"Male"
"9004160",371982,2025-06-24 19:24:13,42.512020111084,-8.85890007019043,"Male"
"9004160",371982,2025-06-24 19:29:25,42.5119247436523,-8.85868644714355,"Male"
"9004160",371982,2025-06-24 19:34:13,42.5119094848633,-8.85877418518066,"Male"
"9004160",371982,2025-06-24 19:39:24,42.5119094848633,-8.85868644714355,"Male"
"9004160",371982,2025-06-24 19:44:14,42.4956398010254,-8.89917659759521,"Male"
"9004160",371982,2025-06-24 19:49:35,42.4774398803711,-8.94472026824951,"Male"
"9004160",371982,2025-06-24 19:54:13,42.477409362793,-8.94473934173584,"Male"
"9004160",371982,2025-06-24 19:59:13,42.477352142334,-8.9446907043457,"Male"
"9004160",371982,2025-06-24 20:04:13,42.4773979187012,-8.94484424591064,"Male"
"9004160",371982,2025-06-24 20:09:13,42.4773826599121,-8.94467258453369,"Male"
"9004160",371982,2025-06-24 20:14:15,42.4775924682617,-8.94467926025391,"Male"
"9004160",371982,2025-06-24 20:19:19,42.4774055480957,-8.94479751586914,"Male"
"9004160",371982,2025-06-24 20:24:13,42.477409362793,-8.94473457336426,"Male"
"9004160",371982,2025-06-24 20:29:15,42.4775428771973,-8.94483757019043,"Male"
"9004160",371982,2025-06-24 20:34:20,42.4774436950684,-8.94476127624512,"Male"
"9004160",371982,2025-06-24 20:39:15,42.4773330688477,-8.94431495666504,"Male"
"9004160",371982,2025-06-24 20:44:35,42.477409362793,-8.94469451904297,"Male"
"9004160",371982,2025-06-24 20:49:14,42.4775428771973,-8.94484806060791,"Male"
"9004160",371982,2025-06-24 20:54:13,42.4773941040039,-8.94475364685059,"Male"
"9004160",371982,2025-06-24 20:59:13,42.4773864746094,-8.94466304779053,"Male"
"9004160",371982,2025-06-24 21:04:13,42.4773864746094,-8.94464015960693,"Male"
"9004160",371982,2025-06-24 21:09:14,42.4773483276367,-8.94458484649658,"Male"
"9004160",371982,2025-06-24 21:14:13,42.4774398803711,-8.94465732574463,"Male"
"9004160",371982,2025-06-24 21:19:15,42.4774551391602,-8.94474315643311,"Male"
"9004160",371982,2025-06-24 21:24:18,42.4774703979492,-8.94482517242432,"Male"
"9004160",371982,2025-06-24 21:29:15,42.477367401123,-8.94460582733154,"Male"
"9004160",371982,2025-06-24 21:34:15,42.4774055480957,-8.94460964202881,"Male"
"9004160",371982,2025-06-24 21:39:15,42.4774627685547,-8.94484901428223,"Male"
"9004160",371982,2025-06-24 21:44:24,42.4771728515625,-8.94466304779053,"Male"
"9004160",371982,2025-06-24 21:49:17,42.4769020080566,-8.94503211975098,"Male"
"9004160",371982,2025-06-24 21:54:16,42.4774856567383,-8.94479942321777,"Male"
"9004160",371982,2025-06-24 21:59:18,42.4775314331055,-8.94476985931396,"Male"
"9004160",371982,2025-06-24 22:04:35,42.477424621582,-8.94468784332275,"Male"
"9004160",371982,2025-06-24 22:09:15,42.4773483276367,-8.94465732574463,"Male"
"9004160",371982,2025-06-24 22:14:15,42.4774017333984,-8.94463062286377,"Male"
"9004160",371982,2025-06-24 22:19:15,42.4774284362793,-8.9447193145752,"Male"
"9004160",371982,2025-06-24 22:24:15,42.4774017333984,-8.94467067718506,"Male"
"9004160",371982,2025-06-24 22:29:15,42.4774436950684,-8.94471168518066,"Male"
"9004160",371982,2025-06-24 22:34:15,42.4773979187012,-8.94471645355225,"Male"
"9004160",371982,2025-06-24 22:39:15,42.4773750305176,-8.94463729858398,"Male"
"9004160",371982,2025-06-24 22:44:15,42.4773025512695,-8.94461059570312,"Male"
"9004160",371982,2025-06-24 22:49:16,42.4773597717285,-8.94471645355225,"Male"
"9004160",371982,2025-06-24 22:54:15,42.4773902893066,-8.94461727142334,"Male"
"9004160",371982,2025-06-24 22:59:16,42.4774169921875,-8.94467067718506,"Male"
"9004160",371982,2025-06-24 23:04:15,42.4774513244629,-8.94467163085938,"Male"
"9004160",371982,2025-06-24 23:09:15,42.4773864746094,-8.94477653503418,"Male"
"9004160",371982,2025-06-24 23:14:15,42.4773063659668,-8.94462871551514,"Male"
"9004160",371982,2025-06-24 23:19:15,42.4774398803711,-8.94472503662109,"Male"
"9004160",371982,2025-06-24 23:24:15,42.477367401123,-8.94465446472168,"Male"
"9004160",371982,2025-06-24 23:29:23,42.4773941040039,-8.94473075866699,"Male"
"9004160",371982,2025-06-24 23:34:16,42.4774436950684,-8.94470977783203,"Male"
"9004160",371982,2025-06-24 23:39:15,42.4773979187012,-8.94463634490967,"Male"
"9004160",371982,2025-06-24 23:44:15,42.4773330688477,-8.94460773468018,"Male"
"9004160",371982,2025-06-24 23:49:16,42.4774017333984,-8.94474792480469,"Male"
"9004160",371982,2025-06-24 23:54:20,42.4774360656738,-8.94473361968994,"Male"
"9004160",371982,2025-06-24 23:59:18,42.4773826599121,-8.94458770751953,"Male"
"9004160",371982,2025-06-25 00:04:20,42.4774742126465,-8.94482326507568,"Male"
"9004160",371982,2025-06-25 00:09:18,42.4773826599121,-8.94465160369873,"Male"
"9004160",371982,2025-06-25 00:14:33,42.477367401123,-8.94461727142334,"Male"
"9004160",371982,2025-06-25 00:19:15,42.477367401123,-8.94461441040039,"Male"
"9004160",371982,2025-06-25 00:24:15,42.4774436950684,-8.94464588165283,"Male"
"9004160",371982,2025-06-25 00:29:15,42.4773979187012,-8.94460582733154,"Male"
"9004160",371982,2025-06-25 00:34:15,42.477409362793,-8.94466972351074,"Male"
"9004160",371982,2025-06-25 00:39:16,42.4775657653809,-8.9448823928833,"Male"
"9004160",371982,2025-06-25 00:44:24,42.4773864746094,-8.94464111328125,"Male"
"9004160",371982,2025-06-25 00:49:17,42.4773941040039,-8.94476890563965,"Male"
"9004160",371982,2025-06-25 00:54:24,42.4774055480957,-8.94469165802002,"Male"
"9004160",371982,2025-06-25 00:59:24,42.4773864746094,-8.9446382522583,"Male"
"9004160",371982,2025-06-25 01:04:24,42.477409362793,-8.94461822509766,"Male"
"9004160",371982,2025-06-25 01:09:18,42.4777488708496,-8.94357585906982,"Male"
"9004160",371982,2025-06-25 01:14:32,42.4775772094727,-8.94465446472168,"Male"
"9004160",371982,2025-06-25 01:19:16,42.4777374267578,-8.94472789764404,"Male"
"9004160",371982,2025-06-25 01:24:15,42.4778366088867,-8.94480895996094,"Male"
"9004160",371982,2025-06-25 01:29:29,42.4775428771973,-8.94472503662109,"Male"
"9004160",371982,2025-06-25 01:34:15,42.4777069091797,-8.94480323791504,"Male"
"9004160",371982,2025-06-25 01:39:16,42.4776458740234,-8.94480800628662,"Male"
"9004160",371982,2025-06-25 01:44:19,42.4772071838379,-8.94451141357422,"Male"
"9004160",371982,2025-06-25 01:49:17,42.4776496887207,-8.94496250152588,"Male"
"9004160",371982,2025-06-25 01:54:19,42.4772605895996,-8.94457912445068,"Male"
"9004160",371982,2025-06-25 01:59:19,42.4772987365723,-8.94459247589111,"Male"
"9004160",371982,2025-06-25 02:04:35,42.4773788452148,-8.94465732574463,"Male"
"9004160",371982,2025-06-25 02:09:15,42.4774208068848,-8.9446964263916,"Male"
"9004160",371982,2025-06-25 02:14:15,42.4773788452148,-8.94469261169434,"Male"
"9004160",371982,2025-06-25 02:19:15,42.4773254394531,-8.94480800628662,"Male"
"9004160",371982,2025-06-25 02:24:17,42.4773101806641,-8.94455146789551,"Male"
"9004160",371982,2025-06-25 02:29:17,42.4773750305176,-8.94466781616211,"Male"
"9004160",371982,2025-06-25 02:34:18,42.4773483276367,-8.94459438323975,"Male"
"9004160",371982,2025-06-25 02:39:15,42.4773750305176,-8.94458675384521,"Male"
"9004160",371982,2025-06-25 02:44:18,42.4774475097656,-8.94465732574463,"Male"
"9004160",371982,2025-06-25 02:49:15,42.4774169921875,-8.94468879699707,"Male"
"9004160",371982,2025-06-25 02:54:15,42.4774169921875,-8.94470691680908,"Male"
"9004160",371982,2025-06-25 02:59:35,42.4774017333984,-8.9447021484375,"Male"
"9004160",371982,2025-06-25 03:04:15,42.4772987365723,-8.94462203979492,"Male"
"9004160",371982,2025-06-25 03:09:15,42.4772720336914,-8.94459629058838,"Male"
"9004160",371982,2025-06-25 03:14:15,42.4772186279297,-8.94452095031738,"Male"
"9004160",371982,2025-06-25 03:19:15,42.4772338867188,-8.94448947906494,"Male"
"9004160",371982,2025-06-25 03:24:15,42.4772338867188,-8.94452476501465,"Male"
"9004160",371982,2025-06-25 03:29:16,42.477596282959,-8.94494152069092,"Male"
"9004160",371982,2025-06-25 03:34:16,42.4770927429199,-8.94429016113281,"Male"
"9004160",371982,2025-06-25 03:39:15,42.4773826599121,-8.94460964202881,"Male"
"9004160",371982,2025-06-25 03:44:15,42.4773941040039,-8.94463634490967,"Male"
"9004160",371982,2025-06-25 03:49:30,42.477294921875,-8.94473075866699,"Male"
"9004160",371982,2025-06-25 03:54:17,42.4774322509766,-8.94478416442871,"Male"
"9004160",371982,2025-06-25 03:59:17,42.4774742126465,-8.94466590881348,"Male"
"9004160",371982,2025-06-25 04:04:19,42.4773750305176,-8.94471263885498,"Male"
"9004160",371982,2025-06-25 04:09:26,42.4773902893066,-8.94467067718506,"Male"
"9004160",371982,2025-06-25 04:14:35,42.4773788452148,-8.94475269317627,"Male"
"9004160",371982,2025-06-25 04:19:15,42.4773483276367,-8.94466018676758,"Male"
"9004160",371982,2025-06-25 04:24:16,42.4774627685547,-8.94472599029541,"Male"
"9004160",371982,2025-06-25 04:29:16,42.4774131774902,-8.94477844238281,"Male"
"9004160",371982,2025-06-25 04:34:16,42.4773712158203,-8.94467449188232,"Male"
"9004160",371982,2025-06-25 04:39:15,42.4773979187012,-8.94471645355225,"Male"
"9004160",371982,2025-06-25 04:44:15,42.4773635864258,-8.94468212127686,"Male"
"9004160",371982,2025-06-25 04:49:16,42.4774627685547,-8.94484424591064,"Male"
"9004160",371982,2025-06-25 04:54:18,42.4773445129395,-8.94467353820801,"Male"
"9004160",371982,2025-06-25 04:59:15,42.4774017333984,-8.94469833374023,"Male"
"9004160",371982,2025-06-25 05:04:16,42.4774703979492,-8.94461536407471,"Male"
"9004160",371982,2025-06-25 05:09:18,42.4774360656738,-8.94472026824951,"Male"
"9004160",371982,2025-06-25 05:14:15,42.4774513244629,-8.9447021484375,"Male"
"9004160",371982,2025-06-25 05:19:15,42.4772644042969,-8.94434452056885,"Male"
"9004160",371982,2025-06-25 05:24:15,42.477466583252,-8.94473266601562,"Male"
"9004160",371982,2025-06-25 05:29:17,42.4774475097656,-8.94480991363525,"Male"
"9004160",371982,2025-06-25 05:34:15,42.4774169921875,-8.94466590881348,"Male"
"9004160",371982,2025-06-25 05:39:17,42.477409362793,-8.94467735290527,"Male"
"9004160",371982,2025-06-25 05:44:22,42.4773635864258,-8.94468307495117,"Male"
"9004160",371982,2025-06-25 05:49:16,42.4773902893066,-8.94468307495117,"Male"
"9004160",371982,2025-06-25 05:54:16,42.4774208068848,-8.94463443756104,"Male"
"9004160",371982,2025-06-25 05:59:17,42.4774322509766,-8.94472789764404,"Male"
"9004160",371982,2025-06-25 06:04:23,42.4773750305176,-8.94474697113037,"Male"
"9004160",371982,2025-06-25 06:09:23,42.4773826599121,-8.94467926025391,"Male"
"9004160",371982,2025-06-25 06:14:24,42.4774894714355,-8.94471168518066,"Male"
"9004160",371982,2025-06-25 06:19:26,42.4774017333984,-8.94468784332275,"Male"
"9004160",371982,2025-06-25 06:24:43,42.4774322509766,-8.94449329376221,"Male"
"9004160",371982,2025-06-25 06:29:22,42.4775047302246,-8.94446468353271,"Male"
"9004160",371982,2025-06-25 06:34:19,42.4774742126465,-8.94450092315674,"Male"
"9004160",371982,2025-06-25 06:39:21,42.4773559570312,-8.94446563720703,"Male"
"9004160",371982,2025-06-25 06:44:24,42.4772338867188,-8.94490242004395,"Male"
"9004160",371982,2025-06-25 06:49:35,42.477352142334,-8.94448947906494,"Male"
"9004160",371982,2025-06-25 06:54:44,42.4773139953613,-8.94460773468018,"Male"
"9004160",371982,2025-06-25 06:59:15,42.4774551391602,-8.94471263885498,"Male"
"9004160",371982,2025-06-25 07:04:15,42.4773788452148,-8.94479179382324,"Male"
"9004160",371982,2025-06-25 07:09:15,42.4774398803711,-8.9447135925293,"Male"
"9004160",371982,2025-06-25 07:14:15,42.4774284362793,-8.94466209411621,"Male"
"9004160",371982,2025-06-25 07:19:15,42.4775009155273,-8.94466686248779,"Male"
"9004160",371982,2025-06-25 07:24:15,42.4834403991699,-8.93222141265869,"Male"
"9004160",371982,2025-06-25 07:29:15,42.5083999633789,-8.88056182861328,"Male"
"9004160",371982,2025-06-25 07:34:16,42.5225257873535,-8.8320837020874,"Male"
"9004160",371982,2025-06-25 07:39:48,42.521312713623,-8.83120822906494,"Male"
"9004160",371982,2025-06-25 07:55:05,42.5175895690918,-8.8291597366333,"Male"
"9004160",371982,2025-06-25 07:58:41,42.5174713134766,-8.82918071746826,"Male"
"9004160",371982,2025-06-25 08:03:42,42.5176277160645,-8.82934856414795,"Male"
"9004160",371982,2025-06-25 08:08:41,42.5177917480469,-8.82933235168457,"Male"
"9004160",371982,2025-06-25 08:13:41,42.5176239013672,-8.82925510406494,"Male"
"9004160",371982,2025-06-25 08:18:41,42.5175933837891,-8.82929420471191,"Male"
"9004160",371982,2025-06-25 08:23:43,42.5173377990723,-8.82916259765625,"Male"
"9004160",371982,2025-06-25 08:29:03,42.5175895690918,-8.82927989959717,"Male"
"9004160",371982,2025-06-25 08:33:41,42.5176124572754,-8.82925415039062,"Male"
"9004160",371982,2025-06-25 08:38:41,42.517578125,-8.82927513122559,"Male"
"9004160",371982,2025-06-25 08:43:41,42.5175628662109,-8.82920837402344,"Male"
"9004160",371982,2025-06-25 08:48:41,42.5175590515137,-8.82918548583984,"Male"
"9004160",371982,2025-06-25 08:53:41,42.5175132751465,-8.8292179107666,"Male"
"9004160",371982,2025-06-25 08:58:42,42.5176010131836,-8.82923698425293,"Male"
"9004160",371982,2025-06-25 09:03:42,42.5175666809082,-8.82922649383545,"Male"
"9004160",371982,2025-06-25 09:08:41,42.5176239013672,-8.82918643951416,"Male"
"9004160",371982,2025-06-25 09:13:41,42.5175933837891,-8.8292064666748,"Male"
"9004160",371982,2025-06-25 09:18:41,42.5175437927246,-8.8291540145874,"Male"
"9004160",371982,2025-06-25 09:23:41,42.5176086425781,-8.82920169830322,"Male"
"9004160",371982,2025-06-25 09:28:41,42.5175857543945,-8.82930088043213,"Male"
"9004160",371982,2025-06-25 09:33:42,42.5175628662109,-8.82922172546387,"Male"
"9004160",371982,2025-06-25 09:38:42,42.5176162719727,-8.82923603057861,"Male"
"9004160",371982,2025-06-25 09:43:42,42.5174331665039,-8.82856941223145,"Male"
"9004160",371982,2025-06-25 09:48:46,42.5169639587402,-8.82677555084229,"Male"
"9004160",371982,2025-06-25 09:54:11,42.5181846618652,-8.83273696899414,"Male"
"9004160",371982,2025-06-25 09:59:16,42.5180969238281,-8.83091926574707,"Male"
"9004160",371982,2025-06-25 10:06:28,42.518123626709,-8.83017444610596,"Male"
"9004160",371982,2025-06-25 10:11:37,42.5175590515137,-8.82952213287354,"Male"
"9004160",371982,2025-06-25 10:16:44,42.5175971984863,-8.82961654663086,"Male"
"9004160",371982,2025-06-25 10:21:23,42.5176239013672,-8.82879066467285,"Male"
"9004160",371982,2025-06-25 10:26:30,42.5175323486328,-8.82988739013672,"Male"
"9004160",371982,2025-06-25 10:31:22,42.5175476074219,-8.82986450195312,"Male"
"9004160",371982,2025-06-25 10:36:30,42.5175437927246,-8.8300838470459,"Male"
"9004160",371982,2025-06-25 10:41:22,42.5175704956055,-8.82984066009521,"Male"
"9004160",371982,2025-06-25 10:46:44,42.5176048278809,-8.82923316955566,"Male"
"9004160",371982,2025-06-25 10:51:24,42.5176811218262,-8.82927322387695,"Male"
"9004160",371982,2025-06-25 10:56:23,42.517578125,-8.82873821258545,"Male"
"9004160",371982,2025-06-25 11:01:21,42.5175437927246,-8.82860565185547,"Male"
"9004160",371982,2025-06-25 11:06:27,42.5176963806152,-8.82915687561035,"Male"
"9004160",371982,2025-06-25 11:11:23,42.5176849365234,-8.82926273345947,"Male"
"9004160",371982,2025-06-25 11:16:20,42.5175628662109,-8.82906532287598,"Male"
"9004160",371982,2025-06-25 11:21:31,42.5179748535156,-8.82899570465088,"Male"
"9004160",371982,2025-06-25 11:26:47,42.5180320739746,-8.82888698577881,"Male"
"9004160",371982,2025-06-25 11:31:44,42.5180206298828,-8.82909774780273,"Male"
"9004160",371982,2025-06-25 11:36:27,42.5176429748535,-8.8289623260498,"Male"
"9004160",371982,2025-06-25 11:41:24,42.5188980102539,-8.82901573181152,"Male"
"9004160",371982,2025-06-25 11:46:30,42.5177803039551,-8.82929992675781,"Male"
"9004160",371982,2025-06-25 11:51:30,42.5177993774414,-8.82925796508789,"Male"
"9004160",371982,2025-06-25 12:00:18,42.5182342529297,-8.82993030548096,"Male"
"9004160",371982,2025-06-25 12:07:25,42.5197982788086,-8.83097648620605,"Male"
"9004160",371982,2025-06-25 12:14:24,42.5206604003906,-8.83139514923096,"Male"
"9004160",371982,2025-06-25 12:35:04,42.5206260681152,-8.82957649230957,"Male"
"9004160",371982,2025-06-25 12:39:19,42.5206184387207,-8.82959175109863,"Male"
"9004160",371982,2025-06-25 12:44:19,42.5205497741699,-8.82963180541992,"Male"
"9004160",371982,2025-06-25 12:49:19,42.5206642150879,-8.82966613769531,"Male"
"9004160",371982,2025-06-25 12:54:19,42.5204277038574,-8.82954216003418,"Male"
"9004160",371982,2025-06-25 12:59:19,42.5206451416016,-8.82961559295654,"Male"
"9004160",371982,2025-06-25 13:04:19,42.5205955505371,-8.82956790924072,"Male"
"9004160",371982,2025-06-25 13:09:19,42.5206108093262,-8.82961940765381,"Male"
"9004160",371982,2025-06-25 13:14:19,42.5206069946289,-8.8295841217041,"Male"
"9004160",371982,2025-06-25 13:19:19,42.5205955505371,-8.82960319519043,"Male"
"9004160",371982,2025-06-25 13:24:19,42.5205535888672,-8.82958221435547,"Male"
"9004160",371982,2025-06-25 13:29:19,42.5205268859863,-8.82955932617188,"Male"
"9004160",371982,2025-06-25 13:34:20,42.5205726623535,-8.82957458496094,"Male"
"9004160",371982,2025-06-25 13:39:21,42.5205917358398,-8.82956695556641,"Male"
"9004160",371982,2025-06-25 13:44:19,42.5205268859863,-8.82948398590088,"Male"
"9004160",371982,2025-06-25 13:49:19,42.5205078125,-8.8294792175293,"Male"
"9004160",371982,2025-06-25 13:54:19,42.5204811096191,-8.82951354980469,"Male"
"9004160",371982,2025-06-25 13:59:19,42.5204925537109,-8.82955551147461,"Male"
"9004160",371982,2025-06-25 14:04:19,42.5205116271973,-8.82961559295654,"Male"
"9004160",371982,2025-06-25 14:09:19,42.5204887390137,-8.82947158813477,"Male"
"9004160",371982,2025-06-25 14:14:19,42.5204772949219,-8.82954025268555,"Male"
"9004160",371982,2025-06-25 14:19:19,42.5205230712891,-8.82951354980469,"Male"
"9004160",371982,2025-06-25 14:24:19,42.5205039978027,-8.82953071594238,"Male"
"9004160",371982,2025-06-25 14:29:19,42.5204582214355,-8.82950115203857,"Male"
"9004160",371982,2025-06-25 14:34:19,42.5204696655273,-8.82946109771729,"Male"
"9004160",371982,2025-06-25 14:39:20,42.5204315185547,-8.82943820953369,"Male"
"9004160",371982,2025-06-25 14:44:20,42.520435333252,-8.82944011688232,"Male"
"9004160",371982,2025-06-25 14:49:20,42.5204887390137,-8.82948970794678,"Male"
"9004160",371982,2025-06-25 14:54:31,42.5204734802246,-8.82948207855225,"Male"
"9004160",371982,2025-06-25 14:59:21,42.5204696655273,-8.82946014404297,"Male"
"9004160",371982,2025-06-25 15:04:19,42.5204544067383,-8.82944583892822,"Male"
"9004160",371982,2025-06-25 15:09:19,42.5204391479492,-8.82942008972168,"Male"
"9004160",371982,2025-06-25 15:14:25,42.5203247070312,-8.82930755615234,"Male"
"9004160",371982,2025-06-25 15:19:44,42.5203514099121,-8.82934188842773,"Male"
"9004160",371982,2025-06-25 15:24:19,42.5202293395996,-8.82916831970215,"Male"
"9004160",371982,2025-06-25 15:29:20,42.5202598571777,-8.82926368713379,"Male"
"9004160",371982,2025-06-25 15:34:29,42.520565032959,-8.82955074310303,"Male"
"9004160",371982,2025-06-25 15:39:19,42.5205726623535,-8.82950115203857,"Male"
"9004160",371982,2025-06-25 15:44:25,42.5204582214355,-8.8294038772583,"Male"
"9004160",371982,2025-06-25 15:49:44,42.5205116271973,-8.82943820953369,"Male"
"9004160",371982,2025-06-25 15:54:20,42.5204544067383,-8.82942962646484,"Male"
"9004160",371982,2025-06-25 15:59:19,42.5205230712891,-8.82938671112061,"Male"
"9004160",371982,2025-06-25 16:04:19,42.5205116271973,-8.82941818237305,"Male"
"9004160",371982,2025-06-25 16:09:20,42.5204391479492,-8.82934379577637,"Male"
"9004160",371982,2025-06-25 16:14:19,42.5200881958008,-8.8288631439209,"Male"
"9004160",371982,2025-06-25 16:19:19,42.5201377868652,-8.82894992828369,"Male"
"9004160",371982,2025-06-25 16:24:20,42.5202369689941,-8.82898139953613,"Male"
"9004160",371982,2025-06-25 16:29:20,42.5203437805176,-8.82916450500488,"Male"
"9004160",371982,2025-06-25 16:34:27,42.5203437805176,-8.82932090759277,"Male"
"9004160",371982,2025-06-25 16:39:23,42.5201606750488,-8.82905006408691,"Male"
"9004160",371982,2025-06-25 17:12:05,42.5206184387207,-8.82975387573242,"Male"
"9004160",371982,2025-06-25 17:16:00,42.5196151733398,-8.82849884033203,"Male"
"9004160",371982,2025-06-25 17:21:02,42.5204124450684,-8.82933807373047,"Male"
"9004160",371982,2025-06-25 17:26:09,42.5204467773438,-8.83014488220215,"Male"
"9004160",371982,2025-06-25 17:31:02,42.5205955505371,-8.83016681671143,"Male"
"9004160",371982,2025-06-25 17:36:00,42.5205535888672,-8.82997798919678,"Male"
"9004160",371982,2025-06-25 17:40:59,42.5198440551758,-8.8297119140625,"Male"
"9004160",371982,2025-06-25 17:46:14,42.5205688476562,-8.82971286773682,"Male"
"9004160",371982,2025-06-25 17:51:00,42.5208587646484,-8.8294620513916,"Male"
"9004160",371982,2025-06-25 17:55:59,42.5208740234375,-8.82939052581787,"Male"
"9004160",371982,2025-06-25 18:00:59,42.5207328796387,-8.82932376861572,"Male"
"9004160",371982,2025-06-25 18:06:00,42.5209732055664,-8.82958602905273,"Male"
"9004160",371982,2025-06-25 18:10:59,42.5206642150879,-8.82925128936768,"Male"
"9004160",371982,2025-06-25 18:15:59,42.5205345153809,-8.82936000823975,"Male"
"9004160",371982,2025-06-25 18:20:59,42.5206031799316,-8.82952213287354,"Male"
"9004160",371982,2025-06-25 18:25:59,42.5206680297852,-8.82958126068115,"Male"
"9004160",371982,2025-06-25 18:31:15,42.5204620361328,-8.82943820953369,"Male"
"9004160",371982,2025-06-25 18:35:59,42.5206871032715,-8.82910823822021,"Male"
"9004160",371982,2025-06-25 18:40:59,42.5205497741699,-8.82937908172607,"Male"
"9004160",371982,2025-06-25 18:45:59,42.5205688476562,-8.82929706573486,"Male"
"9004160",371982,2025-06-25 18:50:59,42.5205154418945,-8.82932376861572,"Male"
"9004160",371982,2025-06-25 18:56:02,42.517749786377,-8.83976364135742,"Male"
"9004160",371982,2025-06-25 19:00:59,42.5013427734375,-8.88133239746094,"Male"
"9004160",371982,2025-06-25 19:05:59,42.4842834472656,-8.92428302764893,"Male"
"9004160",371982,2025-06-25 19:10:59,42.4775161743164,-8.94451427459717,"Male"
"9004160",371982,2025-06-25 19:16:14,42.4775428771973,-8.94459915161133,"Male"
"9004160",371982,2025-06-25 19:21:03,42.477237701416,-8.94455337524414,"Male"
"9004160",371982,2025-06-25 19:25:59,42.4772720336914,-8.94462966918945,"Male"
"9004160",371982,2025-06-25 19:31:02,42.4772605895996,-8.94453907012939,"Male"
"9004160",371982,2025-06-25 19:36:00,42.4771575927734,-8.94499492645264,"Male"
"9004160",371982,2025-06-25 19:41:02,42.4777679443359,-8.94480228424072,"Male"
"9004160",371982,2025-06-25 19:46:15,42.4778861999512,-8.94482898712158,"Male"
"9004160",371982,2025-06-25 19:50:59,42.4778480529785,-8.9449462890625,"Male"
"9004160",371982,2025-06-25 19:56:00,42.4778289794922,-8.94517612457275,"Male"
"9004160",371982,2025-06-25 20:01:00,42.4779357910156,-8.9450569152832,"Male"
"9004160",371982,2025-06-25 20:06:00,42.4778938293457,-8.94533824920654,"Male"
"9004160",371982,2025-06-25 20:11:03,42.4784393310547,-8.94551372528076,"Male"
"9004160",371982,2025-06-25 20:16:07,42.4782600402832,-8.94546699523926,"Male"
"9004160",371982,2025-06-25 20:21:28,42.4773902893066,-8.94462108612061,"Male"
"9004160",371982,2025-06-25 20:26:14,42.4774322509766,-8.94481182098389,"Male"
"9004160",371982,2025-06-25 20:31:02,42.4773368835449,-8.94495487213135,"Male"
"9004160",371982,2025-06-25 20:36:02,42.4773330688477,-8.94483089447021,"Male"
"9004160",371982,2025-06-25 20:41:09,42.4775505065918,-8.94439697265625,"Male"
"9004160",371982,2025-06-25 20:46:15,42.477409362793,-8.94470691680908,"Male"
"9004160",371982,2025-06-25 20:51:02,42.4773292541504,-8.94482421875,"Male"
"9004160",371982,2025-06-25 20:56:04,42.4777641296387,-8.94508743286133,"Male"
"9004160",371982,2025-06-25 21:01:09,42.4773712158203,-8.94475936889648,"Male"
"9004160",371982,2025-06-25 21:06:09,42.4769477844238,-8.94443225860596,"Male"
"9004160",371982,2025-06-25 21:11:06,42.4772567749023,-8.94456386566162,"Male"
"9004160",371982,2025-06-25 21:16:35,42.4773101806641,-8.94467926025391,"Male"
"9004160",371982,2025-06-25 21:20:59,42.4774208068848,-8.94456672668457,"Male"
"9004160",371982,2025-06-25 21:25:59,42.477222442627,-8.94458866119385,"Male"
"9004160",371982,2025-06-25 21:31:00,42.477222442627,-8.9445686340332,"Male"
"9004160",371982,2025-06-25 21:36:00,42.4773178100586,-8.94450950622559,"Male"
"9004160",371982,2025-06-25 21:41:00,42.4776344299316,-8.9448070526123,"Male"
"9004160",371982,2025-06-25 21:46:06,42.4775047302246,-8.94466400146484,"Male"
"9004160",371982,2025-06-25 21:51:03,42.4773101806641,-8.94488525390625,"Male"
"9004160",371982,2025-06-25 21:56:00,42.4775428771973,-8.94489765167236,"Male"
"9004160",371982,2025-06-25 22:01:03,42.4774055480957,-8.94490337371826,"Male"
"9004160",371982,2025-06-25 22:06:02,42.4776420593262,-8.94501113891602,"Male"
"9004160",371982,2025-06-25 22:11:01,42.477466583252,-8.94480609893799,"Male"
"9004160",371982,2025-06-25 22:16:01,42.4776039123535,-8.94476127624512,"Male"
"9004160",371982,2025-06-25 22:21:03,42.4772911071777,-8.94471645355225,"Male"
"9004160",371982,2025-06-25 22:25:59,42.4774971008301,-8.94469451904297,"Male"
"9004160",371982,2025-06-25 22:31:01,42.4775276184082,-8.94483947753906,"Male"
"9004160",371982,2025-06-25 22:36:01,42.4772262573242,-8.94455623626709,"Male"
"9004160",371982,2025-06-25 22:41:04,42.477596282959,-8.9446907043457,"Male"
"9004160",371982,2025-06-25 22:46:03,42.4774856567383,-8.94450855255127,"Male"
"9004160",371982,2025-06-25 22:51:35,42.4774436950684,-8.94468116760254,"Male"
"9004160",371982,2025-06-25 22:56:00,42.4774551391602,-8.94466972351074,"Male"
"9004160",371982,2025-06-25 23:01:00,42.4774475097656,-8.94462108612061,"Male"
"9004160",371982,2025-06-25 23:06:00,42.4774017333984,-8.94467067718506,"Male"
"9004160",371982,2025-06-25 23:11:00,42.4774436950684,-8.94477653503418,"Male"
"9004160",371982,2025-06-25 23:16:00,42.4773902893066,-8.94468307495117,"Male"
"9004160",371982,2025-06-25 23:21:00,42.4774627685547,-8.94465923309326,"Male"
"9004160",371982,2025-06-25 23:25:59,42.477352142334,-8.94461059570312,"Male"
"9004160",371982,2025-06-25 23:30:59,42.477367401123,-8.94465827941895,"Male"
"9004160",371982,2025-06-25 23:35:59,42.477367401123,-8.94466209411621,"Male"
"9004160",371982,2025-06-25 23:40:59,42.4773941040039,-8.94466400146484,"Male"
"9004160",371982,2025-06-25 23:45:59,42.477409362793,-8.94462299346924,"Male"
"9004160",371982,2025-06-25 23:50:59,42.4774284362793,-8.94468879699707,"Male"
"9004160",371982,2025-06-25 23:55:59,42.4773826599121,-8.94457626342773,"Male"
"9004160",371982,2025-06-26 00:00:59,42.4774017333984,-8.94464874267578,"Male"
"9004160",371982,2025-06-26 00:05:59,42.4774551391602,-8.94466018676758,"Male"
"9004160",371982,2025-06-26 00:11:00,42.4773712158203,-8.94464492797852,"Male"
"9004160",371982,2025-06-26 00:15:59,42.4773941040039,-8.94458866119385,"Male"
"9004160",371982,2025-06-26 00:20:59,42.4773750305176,-8.94461250305176,"Male"
"9004160",371982,2025-06-26 00:25:59,42.477466583252,-8.94473171234131,"Male"
"9004160",371982,2025-06-26 00:30:59,42.477424621582,-8.94461154937744,"Male"
"9004160",371982,2025-06-26 00:35:59,42.4773368835449,-8.94460010528564,"Male"
"9004160",371982,2025-06-26 00:41:04,42.4773979187012,-8.94468879699707,"Male"
"9004160",371982,2025-06-26 00:45:59,42.477424621582,-8.94467639923096,"Male"
"9004160",371982,2025-06-26 00:51:00,42.477466583252,-8.94467163085938,"Male"
"9004160",371982,2025-06-26 00:56:03,42.4774436950684,-8.94465923309326,"Male"
"9004160",371982,2025-06-26 01:01:01,42.4774513244629,-8.94467639923096,"Male"
"9004160",371982,2025-06-26 01:06:34,42.4774703979492,-8.94472503662109,"Male"
"9004160",371982,2025-06-26 01:11:01,42.4775619506836,-8.9447717666626,"Male"
"9004160",371982,2025-06-26 01:16:02,42.4776763916016,-8.94476413726807,"Male"
"9004160",371982,2025-06-26 01:21:02,42.4777412414551,-8.94487380981445,"Male"
"9004160",371982,2025-06-26 01:26:08,42.4775352478027,-8.94464683532715,"Male"
"9004160",371982,2025-06-26 01:31:02,42.4775695800781,-8.94464492797852,"Male"
"9004160",371982,2025-06-26 01:35:59,42.4776954650879,-8.94490146636963,"Male"
"9004160",371982,2025-06-26 01:41:00,42.4778251647949,-8.94500255584717,"Male"
"9004160",371982,2025-06-26 01:46:10,42.477409362793,-8.94462394714355,"Male"
"9004160",371982,2025-06-26 01:51:10,42.477466583252,-8.94472980499268,"Male"
"9004160",371982,2025-06-26 01:56:35,42.4774627685547,-8.94465351104736,"Male"
"9004160",371982,2025-06-26 02:01:02,42.477352142334,-8.94467544555664,"Male"
"9004160",371982,2025-06-26 02:06:04,42.4774436950684,-8.9447774887085,"Male"
"9004160",371982,2025-06-26 02:11:06,42.4771881103516,-8.94450569152832,"Male"
"9004160",371982,2025-06-26 02:16:01,42.4774398803711,-8.94472503662109,"Male"
"9004160",371982,2025-06-26 02:21:03,42.4774551391602,-8.9446964263916,"Male"
"9004160",371982,2025-06-26 02:26:02,42.4773635864258,-8.94468116760254,"Male"
"9004160",371982,2025-06-26 02:31:03,42.477352142334,-8.94455623626709,"Male"
"9004160",371982,2025-06-26 02:36:01,42.4773635864258,-8.94472599029541,"Male"
"9004160",371982,2025-06-26 02:41:03,42.4774589538574,-8.94464206695557,"Male"
"9004160",371982,2025-06-26 02:46:01,42.4773178100586,-8.94467163085938,"Male"
"9004160",371982,2025-06-26 02:51:04,42.4773025512695,-8.94459056854248,"Male"
"9004160",371982,2025-06-26 02:56:14,42.477424621582,-8.9447021484375,"Male"
"9004160",371982,2025-06-26 03:01:05,42.4774436950684,-8.94458293914795,"Male"
"9004160",371982,2025-06-26 03:06:05,42.4773254394531,-8.94479656219482,"Male"
"9004160",371982,2025-06-26 03:11:07,42.4773941040039,-8.9446439743042,"Male"
"9004160",371982,2025-06-26 03:16:00,42.4774017333984,-8.94478797912598,"Male"
"9004160",371982,2025-06-26 03:20:59,42.477367401123,-8.94457912445068,"Male"
"9004160",371982,2025-06-26 03:26:02,42.4770965576172,-8.94423007965088,"Male"
"9004160",371982,2025-06-26 03:31:21,42.477596282959,-8.94482231140137,"Male"
"9004160",371982,2025-06-26 03:36:12,42.4773406982422,-8.9446382522583,"Male"
"9004160",371982,2025-06-26 03:41:00,42.4772529602051,-8.94462013244629,"Male"
"9004160",371982,2025-06-26 03:46:03,42.4773216247559,-8.94460296630859,"Male"
"9004160",371982,2025-06-26 03:51:06,42.4773559570312,-8.94473171234131,"Male"
"9004160",371982,2025-06-26 03:56:03,42.4774551391602,-8.94455623626709,"Male"
"9004160",371982,2025-06-26 04:01:14,42.4773406982422,-8.94483375549316,"Male"
"9004160",371982,2025-06-26 04:06:05,42.4773712158203,-8.94476318359375,"Male"
"9004160",371982,2025-06-26 04:10:59,42.477367401123,-8.94478034973145,"Male"
"9004160",371982,2025-06-26 04:16:06,42.4773330688477,-8.94470596313477,"Male"
"9004160",371982,2025-06-26 04:21:09,42.477409362793,-8.9445104598999,"Male"
"9004160",371982,2025-06-26 04:26:14,42.4773864746094,-8.94455814361572,"Male"
"9004160",371982,2025-06-26 04:31:01,42.4774475097656,-8.94450950622559,"Male"
"9004160",371982,2025-06-26 04:36:05,42.4774284362793,-8.94469738006592,"Male"
"9004160",371982,2025-06-26 04:40:59,42.477409362793,-8.94460773468018,"Male"
"9004160",371982,2025-06-26 04:46:35,42.4773941040039,-8.9445858001709,"Male"
"9004160",371982,2025-06-26 04:51:00,42.4773254394531,-8.94458293914795,"Male"
"9004160",371982,2025-06-26 04:56:05,42.4773139953613,-8.94452953338623,"Male"
"9004160",371982,2025-06-26 05:01:07,42.4773445129395,-8.94468879699707,"Male"
"9004160",371982,2025-06-26 05:06:08,42.4774360656738,-8.94460487365723,"Male"
"9004160",371982,2025-06-26 05:11:06,42.4773559570312,-8.94463443756104,"Male"
"9004160",371982,2025-06-26 05:16:14,42.4774169921875,-8.94470119476318,"Male"
"9004160",371982,2025-06-26 05:21:02,42.4773902893066,-8.94451904296875,"Male"
"9004160",371982,2025-06-26 05:26:02,42.4774169921875,-8.94455528259277,"Male"
"9004160",371982,2025-06-26 05:31:06,42.4775314331055,-8.94509601593018,"Male"
"9004160",371982,2025-06-26 05:36:05,42.4774627685547,-8.9445743560791,"Male"
"9004160",371982,2025-06-26 05:41:08,42.4775314331055,-8.94488906860352,"Male"
"9004160",371982,2025-06-26 05:46:35,42.4772415161133,-8.94459629058838,"Male"
"9004160",371982,2025-06-26 05:51:01,42.4774856567383,-8.94468402862549,"Male"
"9004160",371982,2025-06-26 05:56:00,42.477409362793,-8.94487476348877,"Male"
"9004160",371982,2025-06-26 06:01:11,42.4773902893066,-8.94475364685059,"Male"
"9004160",371982,2025-06-26 06:06:00,42.477725982666,-8.94503784179688,"Male"
"9004160",371982,2025-06-26 06:11:02,42.4777374267578,-8.94497680664062,"Male"
"9004160",371982,2025-06-26 06:16:00,42.4773445129395,-8.94448661804199,"Male"
"9004160",371982,2025-06-26 06:21:01,42.477424621582,-8.94473743438721,"Male"
"9004160",371982,2025-06-26 06:25:59,42.4773826599121,-8.94465446472168,"Male"
"9004160",371982,2025-06-26 06:31:01,42.4773902893066,-8.94471263885498,"Male"
"9004160",371982,2025-06-26 06:36:06,42.4773712158203,-8.94466304779053,"Male"
"9004160",371982,2025-06-26 06:41:01,42.4774360656738,-8.94461250305176,"Male"
"9004160",371982,2025-06-26 06:46:08,42.477409362793,-8.94469261169434,"Male"
"9004160",371982,2025-06-26 06:51:00,42.4768714904785,-8.94618606567383,"Male"
"9004160",371982,2025-06-26 06:55:59,42.4987297058105,-8.89880084991455,"Male"
"9004160",371982,2025-06-26 07:00:59,42.5157508850098,-8.85074234008789,"Male"
"9004160",371982,2025-06-26 07:06:43,42.5213165283203,-8.83241748809814,"Male"
"9004160",371982,2025-06-26 07:12:24,42.5216255187988,-8.83049583435059,"Male"
"9004160",371982,2025-06-26 07:17:24,42.5211639404297,-8.82981109619141,"Male"
"9004160",371982,2025-06-26 07:22:22,42.5205268859863,-8.83015155792236,"Male"
"9004160",371982,2025-06-26 07:27:23,42.5205116271973,-8.82999515533447,"Male"
"9004160",371982,2025-06-26 07:32:30,42.5204315185547,-8.82969760894775,"Male"
"9004160",371982,2025-06-26 07:37:23,42.5203895568848,-8.82941341400146,"Male"
"9004160",371982,2025-06-26 07:42:30,42.520435333252,-8.82970237731934,"Male"
"9004160",371982,2025-06-26 07:47:22,42.5205688476562,-8.83004093170166,"Male"
"9004160",371982,2025-06-26 07:52:31,42.5204620361328,-8.82967090606689,"Male"
"9004160",371982,2025-06-26 07:57:24,42.5199127197266,-8.82995414733887,"Male"
"9004160",371982,2025-06-26 08:02:29,42.5197944641113,-8.82968711853027,"Male"
"9004160",371982,2025-06-26 08:07:43,42.5197448730469,-8.82971572875977,"Male"
"9004160",371982,2025-06-26 08:12:28,42.5197143554688,-8.82976150512695,"Male"
"9004160",371982,2025-06-26 08:17:22,42.5199203491211,-8.82996940612793,"Male"
"9004160",371982,2025-06-26 08:22:25,42.5196380615234,-8.8295316696167,"Male"
"9004160",371982,2025-06-26 08:27:21,42.519458770752,-8.82938480377197,"Male"
"9004160",371982,2025-06-26 08:32:22,42.5198402404785,-8.82992362976074,"Male"
"9004160",371982,2025-06-26 08:37:23,42.5198707580566,-8.83001613616943,"Male"
"9004160",371982,2025-06-26 08:42:25,42.5196762084961,-8.8297061920166,"Male"
"9004160",371982,2025-06-26 08:47:44,42.5197448730469,-8.82978439331055,"Male"
"9004160",371982,2025-06-26 08:52:22,42.519660949707,-8.82966804504395,"Male"
"9004160",371982,2025-06-26 08:57:27,42.519718170166,-8.82970237731934,"Male"
"9004160",371982,2025-06-26 09:03:05,42.5195503234863,-8.83155345916748,"Male"
"9004160",371982,2025-06-26 09:08:08,42.51953125,-8.8314094543457,"Male"
"9004160",371982,2025-06-26 09:13:08,42.5191955566406,-8.83238887786865,"Male"
"9004160",371982,2025-06-26 09:26:48,42.5161514282227,-8.8288402557373,"Male"
"9004160",371982,2025-06-26 09:32:35,42.5175361633301,-8.82918167114258,"Male"
"9004160",371982,2025-06-26 09:36:40,42.5175361633301,-8.82918453216553,"Male"
"9004160",371982,2025-06-26 09:41:39,42.5175628662109,-8.82917976379395,"Male"
"9004160",371982,2025-06-26 09:46:39,42.5175323486328,-8.82916069030762,"Male"
"9004160",371982,2025-06-26 09:51:39,42.5175399780273,-8.82915210723877,"Male"
"9004160",371982,2025-06-26 09:56:39,42.5175514221191,-8.82918357849121,"Male"
"9004160",371982,2025-06-26 10:01:39,42.5175170898438,-8.82914352416992,"Male"
"9004160",371982,2025-06-26 10:06:39,42.5174751281738,-8.82904624938965,"Male"
"9004160",371982,2025-06-26 10:11:39,42.517448425293,-8.82915592193604,"Male"
"9004160",371982,2025-06-26 10:16:40,42.5176773071289,-8.82925796508789,"Male"
"9004160",371982,2025-06-26 10:21:50,42.5176239013672,-8.8292179107666,"Male"
"9004160",371982,2025-06-26 10:27:05,42.5176315307617,-8.82923793792725,"Male"
"9004160",371982,2025-06-26 10:31:39,42.5177230834961,-8.82934951782227,"Male"
"9004160",371982,2025-06-26 10:36:40,42.5177230834961,-8.82930660247803,"Male"
"9004160",371982,2025-06-26 10:42:01,42.5176849365234,-8.82930660247803,"Male"
"9004160",371982,2025-06-26 10:46:40,42.5176696777344,-8.82928085327148,"Male"
"9004160",371982,2025-06-26 10:51:40,42.5176811218262,-8.82929420471191,"Male"
"9004160",371982,2025-06-26 10:56:40,42.5176467895508,-8.82925319671631,"Male"
"9004160",371982,2025-06-26 11:01:40,42.517635345459,-8.82921695709229,"Male"
"9004160",371982,2025-06-26 11:06:40,42.5176582336426,-8.82919216156006,"Male"
"9004160",371982,2025-06-26 11:11:40,42.5176582336426,-8.82933712005615,"Male"
"9004160",371982,2025-06-26 11:16:40,42.5176544189453,-8.82940101623535,"Male"
"9004160",371982,2025-06-26 11:21:40,42.5176849365234,-8.82914352416992,"Male"
"9004160",371982,2025-06-26 11:26:40,42.5175743103027,-8.82884693145752,"Male"
"9004160",371982,2025-06-26 11:31:40,42.5176048278809,-8.82928657531738,"Male"
"9004160",371982,2025-06-26 11:36:40,42.5176200866699,-8.82929992675781,"Male"
"9004160",371982,2025-06-26 11:41:39,42.5176200866699,-8.8296537399292,"Male"
"9004160",371982,2025-06-26 11:46:40,42.517692565918,-8.82933616638184,"Male"
"9004160",371982,2025-06-26 11:52:12,42.5186080932617,-8.83031940460205,"Male"
"9004160",371982,2025-06-26 11:57:37,42.5198135375977,-8.83084011077881,"Male"
"9004160",371982,2025-06-26 12:02:37,42.5203628540039,-8.83120822906494,"Male"
"9004160",371982,2025-06-26 12:07:56,42.5215835571289,-8.83130836486816,"Male"
"9004160",371982,2025-06-26 12:12:54,42.5207939147949,-8.83224678039551,"Male"
"9004160",371982,2025-06-26 12:17:55,42.5202178955078,-8.8321647644043,"Male"
"9004160",371982,2025-06-26 12:22:54,42.5200309753418,-8.83386325836182,"Male"
"9004160",371982,2025-06-26 12:27:57,42.5205268859863,-8.83152294158936,"Male"
"9004160",371982,2025-06-26 12:33:21,42.5205688476562,-8.82961654663086,"Male"
"9004160",371982,2025-06-26 12:37:56,42.5206298828125,-8.82970237731934,"Male"
"9004160",371982,2025-06-26 12:42:54,42.5210342407227,-8.82961177825928,"Male"
"9004160",371982,2025-06-26 12:48:11,42.5204429626465,-8.82970523834229,"Male"
"9004160",371982,2025-06-26 12:52:53,42.5204925537109,-8.82961082458496,"Male"
"9004160",371982,2025-06-26 12:57:54,42.520263671875,-8.8296365737915,"Male"
"9004160",371982,2025-06-26 13:02:53,42.5204429626465,-8.82966136932373,"Male"
"9004160",371982,2025-06-26 13:07:58,42.5204849243164,-8.82955932617188,"Male"
"9004160",371982,2025-06-26 13:12:55,42.5202560424805,-8.82971572875977,"Male"
"9004160",371982,2025-06-26 13:17:55,42.5204048156738,-8.82963943481445,"Male"
"9004160",371982,2025-06-26 13:22:56,42.5203895568848,-8.82966709136963,"Male"
"9004160",371982,2025-06-26 13:27:55,42.5205192565918,-8.82960319519043,"Male"
"9004160",371982,2025-06-26 13:32:55,42.5205841064453,-8.82962608337402,"Male"
"9004160",371982,2025-06-26 13:37:56,42.5210037231445,-8.82943725585938,"Male"
"9004160",371982,2025-06-26 13:43:07,42.5208892822266,-8.829421043396,"Male"
"9004160",371982,2025-06-26 13:48:13,42.5209770202637,-8.82943534851074,"Male"
"9004160",371982,2025-06-26 13:52:53,42.5211219787598,-8.82942581176758,"Male"
"9004160",371982,2025-06-26 13:58:19,42.5206985473633,-8.82950973510742,"Male"
"9004160",371982,2025-06-26 14:03:07,42.5205764770508,-8.82942676544189,"Male"
"9004160",371982,2025-06-26 14:07:54,42.5205421447754,-8.82886028289795,"Male"
"9004160",371982,2025-06-26 14:13:07,42.5206069946289,-8.82942199707031,"Male"
"9004160",371982,2025-06-26 14:17:55,42.520679473877,-8.83015060424805,"Male"
"9004160",371982,2025-06-26 14:23:07,42.5205345153809,-8.82935047149658,"Male"
"9004160",371982,2025-06-26 14:28:06,42.5206260681152,-8.82939720153809,"Male"
"9004160",371982,2025-06-26 14:33:04,42.5206642150879,-8.82953262329102,"Male"
"9004160",371982,2025-06-26 14:38:07,42.5206756591797,-8.82938385009766,"Male"
"9004160",371982,2025-06-26 14:43:28,42.5205459594727,-8.82951164245605,"Male"
"9004160",371982,2025-06-26 14:47:53,42.5205612182617,-8.82950210571289,"Male"
"9004160",371982,2025-06-26 14:52:54,42.5205879211426,-8.82949638366699,"Male"
"9004160",371982,2025-06-26 14:57:53,42.5205497741699,-8.82951354980469,"Male"
"9004160",371982,2025-06-26 15:02:54,42.5205345153809,-8.829514503479,"Male"
"9004160",371982,2025-06-26 15:07:56,42.5205345153809,-8.82947158813477,"Male"
"9004160",371982,2025-06-26 15:12:54,42.5205688476562,-8.82951641082764,"Male"
"9004160",371982,2025-06-26 15:17:56,42.5204811096191,-8.82942199707031,"Male"
"9004160",371982,2025-06-26 15:22:53,42.5205192565918,-8.82943534851074,"Male"
"9004160",371982,2025-06-26 15:27:56,42.5205307006836,-8.82944107055664,"Male"
"9004160",371982,2025-06-26 15:32:54,42.5205421447754,-8.82948112487793,"Male"
"9004160",371982,2025-06-26 15:37:54,42.5205993652344,-8.82947158813477,"Male"
"9004160",371982,2025-06-26 15:42:58,42.5206031799316,-8.82949924468994,"Male"
"9004160",371982,2025-06-26 15:48:03,42.5206146240234,-8.8295841217041,"Male"
"9004160",371982,2025-06-26 15:52:58,42.5205764770508,-8.82959270477295,"Male"
"9004160",371982,2025-06-26 15:57:54,42.5206146240234,-8.82954025268555,"Male"
"9004160",371982,2025-06-26 16:03:05,42.5204162597656,-8.82924938201904,"Male"
"9004160",371982,2025-06-26 16:09:17,42.5204544067383,-8.82962608337402,"Male"
"9004160",371982,2025-06-26 16:14:17,42.5203628540039,-8.83099460601807,"Male"
"9004160",371982,2025-06-26 16:28:35,42.521167755127,-8.83398151397705,"Male"
"9004160",371982,2025-06-26 16:33:06,42.5206604003906,-8.8359375,"Male"
"9004160",371982,2025-06-26 16:38:19,42.5204811096191,-8.83931446075439,"Male"
"9004160",371982,2025-06-26 16:43:10,42.5217399597168,-8.84225559234619,"Male"
"9004160",371982,2025-06-26 16:48:13,42.5212326049805,-8.84120082855225,"Male"
"9004160",371982,2025-06-26 16:53:10,42.5216636657715,-8.84225559234619,"Male"
"9004160",371982,2025-06-26 16:58:19,42.5216331481934,-8.8421573638916,"Male"
"9004160",371982,2025-06-26 17:03:09,42.5217742919922,-8.84237957000732,"Male"
"9004160",371982,2025-06-26 17:08:10,42.5216102600098,-8.84222030639648,"Male"
"9004160",371982,2025-06-26 17:13:09,42.5216255187988,-8.84212112426758,"Male"
"9004160",371982,2025-06-26 17:18:10,42.5216674804688,-8.84217739105225,"Male"
"9004160",371982,2025-06-26 17:23:11,42.5214500427246,-8.84182739257812,"Male"
"9004160",371982,2025-06-26 17:28:10,42.5215835571289,-8.84204864501953,"Male"
"9004160",371982,2025-06-26 17:33:10,42.5214347839355,-8.84175777435303,"Male"
"9004160",371982,2025-06-26 17:38:12,42.5213661193848,-8.84163284301758,"Male"
"9004160",371982,2025-06-26 17:43:10,42.5215911865234,-8.84208297729492,"Male"
"9004160",371982,2025-06-26 17:48:09,42.5217323303223,-8.84233665466309,"Male"
"9004160",371982,2025-06-26 17:53:10,42.5215911865234,-8.84213638305664,"Male"
"9004160",371982,2025-06-26 17:58:09,42.5216751098633,-8.84223175048828,"Male"
"9004160",371982,2025-06-26 18:03:27,42.521484375,-8.84195709228516,"Male"
"9004160",371982,2025-06-26 18:08:09,42.5217552185059,-8.84222984313965,"Male"
"9004160",371982,2025-06-26 18:13:21,42.5215759277344,-8.8421106338501,"Male"
"9004160",371982,2025-06-26 18:18:17,42.5215454101562,-8.84213542938232,"Male"
"9004160",371982,2025-06-26 18:23:11,42.5220069885254,-8.84256744384766,"Male"
"9004160",371982,2025-06-26 18:31:35,42.519702911377,-8.84451103210449,"Male"
"9004160",371982,2025-06-26 18:35:56,42.5195732116699,-8.84469223022461,"Male"
"9004160",371982,2025-06-26 18:40:56,42.5196266174316,-8.84463310241699,"Male"
"9004160",371982,2025-06-26 18:45:57,42.5196952819824,-8.84464550018311,"Male"
"9004160",371982,2025-06-26 18:51:10,42.5196647644043,-8.84469890594482,"Male"
"9004160",371982,2025-06-26 18:55:56,42.5197296142578,-8.84466171264648,"Male"
"9004160",371982,2025-06-26 19:00:56,42.5195426940918,-8.84452056884766,"Male"
"9004160",371982,2025-06-26 19:05:59,42.5195159912109,-8.84452438354492,"Male"
"9004160",371982,2025-06-26 19:11:00,42.5194816589355,-8.84443187713623,"Male"
"9004160",371982,2025-06-26 19:15:59,42.5194091796875,-8.84437084197998,"Male"
"9004160",371982,2025-06-26 19:21:00,42.5194931030273,-8.84440898895264,"Male"
"9004160",371982,2025-06-26 19:26:06,42.5195922851562,-8.8445405960083,"Male"
"9004160",371982,2025-06-26 19:30:59,42.5194664001465,-8.84432315826416,"Male"
"9004160",371982,2025-06-26 19:35:59,42.51953125,-8.84452819824219,"Male"
"9004160",371982,2025-06-26 19:41:12,42.5033111572266,-8.87779808044434,"Male"
"9004160",371982,2025-06-26 19:47:20,42.4821624755859,-8.93618869781494,"Male"
"9004160",371982,2025-06-26 19:50:57,42.4773254394531,-8.94462203979492,"Male"
"9004160",371982,2025-06-26 19:55:56,42.4773941040039,-8.94467353820801,"Male"
"9004160",371982,2025-06-26 20:00:57,42.4775581359863,-8.94472885131836,"Male"
"9004160",371982,2025-06-26 20:05:57,42.4774360656738,-8.94475555419922,"Male"
"9004160",371982,2025-06-26 20:10:56,42.4773902893066,-8.94468212127686,"Male"
"9004160",371982,2025-06-26 20:15:56,42.4773559570312,-8.94464111328125,"Male"
"9004160",371982,2025-06-26 20:20:56,42.4774284362793,-8.94454383850098,"Male"
"9004160",371982,2025-06-26 20:25:56,42.4774017333984,-8.94467639923096,"Male"
"9004160",371982,2025-06-26 20:30:56,42.4776191711426,-8.94476127624512,"Male"
"9004160",371982,2025-06-26 20:35:56,42.4774398803711,-8.94469356536865,"Male"
"9004160",371982,2025-06-26 20:41:02,42.477352142334,-8.94466876983643,"Male"
"9004160",371982,2025-06-26 20:46:10,42.477367401123,-8.94466686248779,"Male"
"9004160",371982,2025-06-26 20:50:56,42.4772415161133,-8.94473266601562,"Male"
"9004160",371982,2025-06-26 20:55:58,42.4776802062988,-8.94503593444824,"Male"
"9004160",371982,2025-06-26 21:00:56,42.4773559570312,-8.94463539123535,"Male"
"9004160",371982,2025-06-26 21:05:58,42.4775924682617,-8.94485282897949,"Male"
"9004160",371982,2025-06-26 21:10:57,42.4775047302246,-8.94485378265381,"Male"
"9004160",371982,2025-06-26 21:15:59,42.4774208068848,-8.9446907043457,"Male"
"9004160",371982,2025-06-26 21:20:57,42.4768180847168,-8.94377422332764,"Male"
"9004160",371982,2025-06-26 21:26:07,42.477352142334,-8.9446325302124,"Male"
"9004160",371982,2025-06-26 21:30:59,42.4773788452148,-8.94465255737305,"Male"
"9004160",371982,2025-06-26 21:36:01,42.4774322509766,-8.94480419158936,"Male"
"9004160",371982,2025-06-26 21:41:28,42.4774589538574,-8.94466400146484,"Male"
"9004160",371982,2025-06-26 21:45:56,42.4773826599121,-8.94463729858398,"Male"
"9004160",371982,2025-06-26 21:50:56,42.477424621582,-8.94460868835449,"Male"
"9004160",371982,2025-06-26 21:55:56,42.4773979187012,-8.94461250305176,"Male"
"9004160",371982,2025-06-26 22:00:59,42.4773864746094,-8.9445915222168,"Male"
"9004160",371982,2025-06-26 22:05:59,42.4773216247559,-8.94464111328125,"Male"
"9004160",371982,2025-06-26 22:10:59,42.4775009155273,-8.94454669952393,"Male"
"9004160",371982,2025-06-26 22:15:59,42.4773941040039,-8.94468975067139,"Male"
"9004160",371982,2025-06-26 22:21:00,42.4773025512695,-8.9445333480835,"Male"
"9004160",371982,2025-06-26 22:26:07,42.4774856567383,-8.94460201263428,"Male"
"9004160",371982,2025-06-26 22:31:07,42.4776382446289,-8.94458103179932,"Male"
"9004160",371982,2025-06-26 22:35:56,42.4773635864258,-8.94468879699707,"Male"
"9004160",371982,2025-06-26 22:40:56,42.4774284362793,-8.94472694396973,"Male"
"9004160",371982,2025-06-26 22:46:10,42.4774284362793,-8.9446496963501,"Male"
"9004160",371982,2025-06-26 22:50:56,42.4774360656738,-8.94463443756104,"Male"
"9004160",371982,2025-06-26 22:56:16,42.4773101806641,-8.94466304779053,"Male"
"9004160",371982,2025-06-26 23:01:07,42.4774856567383,-8.94466400146484,"Male"
"9004160",371982,2025-06-26 23:06:15,42.4776496887207,-8.94468784332275,"Male"
"9004160",371982,2025-06-26 23:10:57,42.477611541748,-8.9447660446167,"Male"
"9004160",371982,2025-06-26 23:16:01,42.4776000976562,-8.94475173950195,"Male"
"9004160",371982,2025-06-26 23:21:29,42.4774208068848,-8.944655418396,"Male"
"9004160",371982,2025-06-26 23:25:57,42.4774017333984,-8.94461917877197,"Male"
"9004160",371982,2025-06-26 23:30:56,42.4774017333984,-8.94467544555664,"Male"
"9004160",371982,2025-06-26 23:35:56,42.477409362793,-8.94470310211182,"Male"
"9004160",371982,2025-06-26 23:40:56,42.4775238037109,-8.94474506378174,"Male"
"9004160",371982,2025-06-26 23:45:58,42.4771881103516,-8.94460678100586,"Male"
"9004160",371982,2025-06-26 23:50:56,42.4773292541504,-8.94457817077637,"Male"
"9004160",371982,2025-06-26 23:55:58,42.4774360656738,-8.94462776184082,"Male"
"9004160",371982,2025-06-27 00:01:00,42.477409362793,-8.9447021484375,"Male"
"9004160",371982,2025-06-27 00:06:00,42.4774398803711,-8.94460964202881,"Male"
"9004160",371982,2025-06-27 00:11:44,42.4773368835449,-8.9445686340332,"Male"
"9004160",371982,2025-06-27 00:16:00,42.4771728515625,-8.94462966918945,"Male"
"9004160",371982,2025-06-27 00:20:58,42.4772338867188,-8.94451713562012,"Male"
"9004160",371982,2025-06-27 00:25:59,42.4773216247559,-8.9448709487915,"Male"
"9004160",371982,2025-06-27 00:30:59,42.4773635864258,-8.94454669952393,"Male"
"9004160",371982,2025-06-27 00:36:29,42.4774436950684,-8.94467353820801,"Male"
"9004160",371982,2025-06-27 00:40:59,42.4774703979492,-8.9445743560791,"Male"
"9004160",371982,2025-06-27 00:45:58,42.4773063659668,-8.94468116760254,"Male"
"9004160",371982,2025-06-27 00:50:57,42.4774627685547,-8.94462585449219,"Male"
"9004160",371982,2025-06-27 00:55:58,42.4775810241699,-8.94469356536865,"Male"
"9004160",371982,2025-06-27 01:00:56,42.4774856567383,-8.94465351104736,"Male"
"9004160",371982,2025-06-27 01:06:00,42.4771499633789,-8.94456100463867,"Male"
"9004160",371982,2025-06-27 01:11:01,42.4772682189941,-8.9446439743042,"Male"
"9004160",371982,2025-06-27 01:15:58,42.4773941040039,-8.94457340240479,"Male"
"9004160",371982,2025-06-27 01:21:14,42.4774169921875,-8.94470405578613,"Male"
"9004160",371982,2025-06-27 01:26:10,42.4773139953613,-8.94473552703857,"Male"
"9004160",371982,2025-06-27 01:30:59,42.4776802062988,-8.94467544555664,"Male"
"9004160",371982,2025-06-27 01:36:07,42.4774589538574,-8.94478225708008,"Male"
"9004160",371982,2025-06-27 01:41:08,42.4775199890137,-8.94457340240479,"Male"
"9004160",371982,2025-06-27 01:46:15,42.4774475097656,-8.94477844238281,"Male"
"9004160",371982,2025-06-27 01:51:10,42.4773559570312,-8.94495868682861,"Male"
"9004160",371982,2025-06-27 01:56:29,42.4775047302246,-8.94474315643311,"Male"
"9004160",371982,2025-06-27 02:00:59,42.4778289794922,-8.94518947601318,"Male"
"9004160",371982,2025-06-27 02:06:07,42.4774513244629,-8.94462013244629,"Male"
"9004160",371982,2025-06-27 02:11:01,42.4777221679688,-8.94502353668213,"Male"
"9004160",371982,2025-06-27 02:16:07,42.4773788452148,-8.94472408294678,"Male"
"9004160",371982,2025-06-27 02:21:07,42.4774169921875,-8.94458293914795,"Male"
"9004160",371982,2025-06-27 02:26:11,42.4774208068848,-8.94462299346924,"Male"
"9004160",371982,2025-06-27 02:31:01,42.4774131774902,-8.94466590881348,"Male"
"9004160",371982,2025-06-27 02:36:14,42.4774017333984,-8.94482231140137,"Male"
"9004160",371982,2025-06-27 02:40:58,42.4774322509766,-8.94470596313477,"Male"
"9004160",371982,2025-06-27 02:45:56,42.4772109985352,-8.94492244720459,"Male"
"9004160",371982,2025-06-27 02:50:57,42.477352142334,-8.9448070526123,"Male"
"9004160",371982,2025-06-27 02:55:58,42.477352142334,-8.94481945037842,"Male"
"9004160",371982,2025-06-27 03:00:56,42.4773178100586,-8.94483661651611,"Male"
"9004160",371982,2025-06-27 03:05:57,42.4771728515625,-8.9446907043457,"Male"
"9004160",371982,2025-06-27 03:10:56,42.4773254394531,-8.94462585449219,"Male"
"9004160",371982,2025-06-27 03:15:56,42.4773712158203,-8.94462299346924,"Male"
"9004160",371982,2025-06-27 03:20:56,42.4771156311035,-8.94452571868896,"Male"
"9004160",371982,2025-06-27 03:25:56,42.4773483276367,-8.94458484649658,"Male"
"9004160",371982,2025-06-27 03:31:14,42.4772720336914,-8.94478607177734,"Male"
"9004160",371982,2025-06-27 03:35:57,42.4774322509766,-8.94472312927246,"Male"
"9004160",371982,2025-06-27 03:40:57,42.4772796630859,-8.94463443756104,"Male"
"9004160",371982,2025-06-27 03:45:56,42.4773025512695,-8.9447135925293,"Male"
"9004160",371982,2025-06-27 03:51:06,42.4771537780762,-8.94478797912598,"Male"
"9004160",371982,2025-06-27 03:56:04,42.4774131774902,-8.94465255737305,"Male"
"9004160",371982,2025-06-27 04:01:03,42.4772796630859,-8.94479846954346,"Male"
"9004160",371982,2025-06-27 04:06:03,42.4773979187012,-8.94480323791504,"Male"
"9004160",371982,2025-06-27 04:11:06,42.4775886535645,-8.94442653656006,"Male"
"9004160",371982,2025-06-27 04:17:13,42.4773292541504,-8.94476222991943,"Male"
"9004160",371982,2025-06-27 04:21:00,42.4772682189941,-8.94480419158936,"Male"
"9004160",371982,2025-06-27 04:25:57,42.4774436950684,-8.94461727142334,"Male"
"9004160",371982,2025-06-27 04:30:59,42.4773445129395,-8.94469547271729,"Male"
"9004160",371982,2025-06-27 04:35:59,42.4773445129395,-8.94472122192383,"Male"
"9004160",371982,2025-06-27 04:40:56,42.4773979187012,-8.944655418396,"Male"
"9004160",371982,2025-06-27 04:45:57,42.4774208068848,-8.94458675384521,"Male"
"9004160",371982,2025-06-27 04:50:57,42.4774055480957,-8.94470405578613,"Male"
"9004160",371982,2025-06-27 04:55:57,42.4774780273438,-8.94462776184082,"Male"
"9004160",371982,2025-06-27 05:00:58,42.4774017333984,-8.9445915222168,"Male"
"9004160",371982,2025-06-27 05:05:57,42.477424621582,-8.94467163085938,"Male"
"9004160",371982,2025-06-27 05:11:00,42.4775047302246,-8.94451141357422,"Male"
"9004160",371982,2025-06-27 05:15:59,42.477424621582,-8.94464492797852,"Male"
"9004160",371982,2025-06-27 05:20:58,42.477409362793,-8.94465351104736,"Male"
"9004160",371982,2025-06-27 05:25:56,42.4774551391602,-8.94463062286377,"Male"
"9004160",371982,2025-06-27 05:30:57,42.477466583252,-8.9445219039917,"Male"
"9004160",371982,2025-06-27 05:36:03,42.4774322509766,-8.94461917877197,"Male"
"9004160",371982,2025-06-27 05:41:00,42.4774932861328,-8.94457626342773,"Male"
"9004160",371982,2025-06-27 05:46:00,42.4776191711426,-8.9447193145752,"Male"
"9004160",371982,2025-06-27 05:51:01,42.4775390625,-8.94471263885498,"Male"
"9004160",371982,2025-06-27 05:56:15,42.4776268005371,-8.94460201263428,"Male"
"9004160",371982,2025-06-27 06:01:15,42.4775505065918,-8.94473171234131,"Male"
"9004160",371982,2025-06-27 06:06:11,42.477352142334,-8.9445972442627,"Male"
"9004160",371982,2025-06-27 06:11:06,42.4775199890137,-8.9448299407959,"Male"
"9004160",371982,2025-06-27 06:16:03,42.4772872924805,-8.94479656219482,"Male"
"9004160",371982,2025-06-27 06:21:04,42.4773979187012,-8.94473266601562,"Male"
"9004160",371982,2025-06-27 06:26:07,42.4774169921875,-8.94481468200684,"Male"
"9004160",371982,2025-06-27 06:31:06,42.4774284362793,-8.94476795196533,"Male"
"9004160",371982,2025-06-27 06:35:56,42.4773178100586,-8.94461154937744,"Male"
"9004160",371982,2025-06-27 06:40:56,42.4773788452148,-8.944504737854,"Male"
"9004160",371982,2025-06-27 06:46:06,42.4775047302246,-8.94463062286377,"Male"
"9004160",371982,2025-06-27 06:50:57,42.4775505065918,-8.94510078430176,"Male"
"9004160",371982,2025-06-27 06:56:06,42.4774932861328,-8.94457054138184,"Male"
"9004160",371982,2025-06-27 07:00:58,42.4775619506836,-8.94515228271484,"Male"
"9004160",371982,2025-06-27 07:06:06,42.4774742126465,-8.94465065002441,"Male"
"9004160",371982,2025-06-27 07:11:03,42.4775390625,-8.94470691680908,"Male"
"9004160",371982,2025-06-27 07:16:04,42.477352142334,-8.9445333480835,"Male"
"9004160",371982,2025-06-27 07:21:01,42.4775123596191,-8.94442081451416,"Male"
"9004160",371982,2025-06-27 07:26:01,42.4774360656738,-8.94447708129883,"Male"
"9004160",371982,2025-06-27 07:31:01,42.4776039123535,-8.94425773620605,"Male"
"9004160",371982,2025-06-27 07:36:14,42.4787063598633,-8.94274711608887,"Male"
"9004160",371982,2025-06-27 07:41:04,42.4990043640137,-8.90075492858887,"Male"
"9004160",371982,2025-06-27 07:46:00,42.5172500610352,-8.85772132873535,"Male"
"9004160",371982,2025-06-27 07:51:00,42.520923614502,-8.83346080780029,"Male"
"9004160",371982,2025-06-27 07:56:10,42.5215911865234,-8.83219909667969,"Male"
"9004160",371982,2025-06-27 08:01:11,42.5213661193848,-8.83143424987793,"Male"
"9004160",371982,2025-06-27 08:06:12,42.5199089050293,-8.82986545562744,"Male"
"9004160",371982,2025-06-27 08:11:10,42.5197601318359,-8.82971286773682,"Male"
"9004160",371982,2025-06-27 08:16:11,42.5198173522949,-8.82985687255859,"Male"
"9004160",371982,2025-06-27 08:21:13,42.5197334289551,-8.8300085067749,"Male"
"9004160",371982,2025-06-27 08:26:18,42.5196304321289,-8.82998561859131,"Male"
"9004160",371982,2025-06-27 08:31:20,42.5197257995605,-8.8300085067749,"Male"
"9004160",371982,2025-06-27 08:36:18,42.5197257995605,-8.8299388885498,"Male"
"9004160",371982,2025-06-27 08:41:18,42.5196685791016,-8.82991409301758,"Male"
"9004160",371982,2025-06-27 08:46:22,42.5197105407715,-8.82999324798584,"Male"
"9004160",371982,2025-06-27 08:51:22,42.5197296142578,-8.83014583587646,"Male"
"9004160",371982,2025-06-27 08:56:22,42.5196571350098,-8.82990264892578,"Male"
"9004160",371982,2025-06-27 09:01:25,42.5197105407715,-8.82986164093018,"Male"
"9004160",371982,2025-06-27 09:06:35,42.5198020935059,-8.82975006103516,"Male"
"9004160",371982,2025-06-27 09:11:07,42.5197448730469,-8.82977199554443,"Male"
"9004160",371982,2025-06-27 09:16:07,42.519775390625,-8.82975387573242,"Male"
"9004160",371982,2025-06-27 09:21:07,42.5198249816895,-8.82980346679688,"Male"
"9004160",371982,2025-06-27 09:26:08,42.5197601318359,-8.8297233581543,"Male"
"9004160",371982,2025-06-27 09:31:07,42.5197792053223,-8.82975959777832,"Male"
"9004160",371982,2025-06-27 09:36:08,42.5198249816895,-8.82964134216309,"Male"
"9004160",371982,2025-06-27 09:41:08,42.5198440551758,-8.82960605621338,"Male"
"9004160",371982,2025-06-27 09:46:08,42.5197906494141,-8.82969856262207,"Male"
"9004160",371982,2025-06-27 09:51:07,42.5198745727539,-8.83003330230713,"Male"
"9004160",371982,2025-06-27 09:56:07,42.5198936462402,-8.83015823364258,"Male"
"9004160",371982,2025-06-27 10:11:14,42.5201187133789,-8.83225345611572,"Male"
"9004160",371982,2025-06-27 10:15:57,42.5193481445312,-8.83294200897217,"Male"
"9004160",371982,2025-06-27 10:20:57,42.5189628601074,-8.83281326293945,"Male"
"9004160",371982,2025-06-27 10:26:20,42.5190200805664,-8.83083152770996,"Male"
"9004160",371982,2025-06-27 10:31:18,42.517650604248,-8.82919597625732,"Male"
"9004160",371982,2025-06-27 10:36:22,42.5177345275879,-8.82924938201904,"Male"
"9004160",371982,2025-06-27 10:41:17,42.517692565918,-8.82941722869873,"Male"
"9004160",371982,2025-06-27 10:46:18,42.517707824707,-8.82913875579834,"Male"
"9004160",371982,2025-06-27 10:51:23,42.5176963806152,-8.82924938201904,"Male"
"9004160",371982,2025-06-27 10:56:30,42.517692565918,-8.82916831970215,"Male"
"9004160",371982,2025-06-27 11:01:19,42.517707824707,-8.82937717437744,"Male"
"9004160",371982,2025-06-27 11:06:24,42.5176544189453,-8.8295259475708,"Male"
"9004160",371982,2025-06-27 11:11:44,42.5176658630371,-8.82922554016113,"Male"
"9004160",371982,2025-06-27 11:16:17,42.517749786377,-8.82915019989014,"Male"
"9004160",371982,2025-06-27 11:21:17,42.517707824707,-8.8291072845459,"Male"
"9004160",371982,2025-06-27 11:26:17,42.5176544189453,-8.82921600341797,"Male"
"9004160",371982,2025-06-27 11:31:17,42.5177345275879,-8.82926177978516,"Male"
"9004160",371982,2025-06-27 11:36:17,42.5176696777344,-8.82923126220703,"Male"
"9004160",371982,2025-06-27 11:41:17,42.5177116394043,-8.82892513275146,"Male"
"9004160",371982,2025-06-27 11:46:44,42.5177040100098,-8.82931232452393,"Male"
"9004160",371982,2025-06-27 11:51:17,42.5177230834961,-8.8292350769043,"Male"
"9004160",371982,2025-06-27 11:56:21,42.5175895690918,-8.82901573181152,"Male"
"9004160",371982,2025-06-27 12:01:17,42.5176315307617,-8.82906341552734,"Male"
"9004160",371982,2025-06-27 12:06:17,42.5177040100098,-8.82923698425293,"Male"
"9004160",371982,2025-06-27 12:11:17,42.5175895690918,-8.8290491104126,"Male"
"9004160",371982,2025-06-27 12:16:17,42.5176086425781,-8.82917499542236,"Male"
"9004160",371982,2025-06-27 12:21:17,42.5176391601562,-8.82919979095459,"Male"
"9004160",371982,2025-06-27 12:26:21,42.5177803039551,-8.82919502258301,"Male"
"9004160",371982,2025-06-27 12:31:45,42.5176887512207,-8.82928562164307,"Male"
"9004160",371982,2025-06-27 12:36:18,42.5176811218262,-8.82918262481689,"Male"
"9004160",371982,2025-06-27 12:41:19,42.5177574157715,-8.8291187286377,"Male"
"9004160",371982,2025-06-27 12:46:17,42.5176734924316,-8.82925891876221,"Male"
"9004160",371982,2025-06-27 12:51:35,42.5176239013672,-8.8292293548584,"Male"
"9004160",371982,2025-06-27 12:56:44,42.5176429748535,-8.82929801940918,"Male"
"9004160",371982,2025-06-27 13:01:18,42.5176773071289,-8.82910633087158,"Male"
"9004160",371982,2025-06-27 13:06:45,42.5175285339355,-8.82914066314697,"Male"
"9004160",371982,2025-06-27 13:11:24,42.5175552368164,-8.82961177825928,"Male"
"9004160",371982,2025-06-27 13:16:52,42.5176200866699,-8.82924461364746,"Male"
"9004160",371982,2025-06-27 13:21:17,42.5175857543945,-8.82923603057861,"Male"
"9004160",371982,2025-06-27 13:26:17,42.5176582336426,-8.82926940917969,"Male"
"9004160",371982,2025-06-27 13:31:17,42.5175895690918,-8.8292407989502,"Male"
"9004160",371982,2025-06-27 13:36:17,42.5176582336426,-8.82928466796875,"Male"
"9004160",371982,2025-06-27 13:41:17,42.517635345459,-8.82930946350098,"Male"
"9004160",371982,2025-06-27 13:46:40,42.518009185791,-8.83022403717041,"Male"
"9004160",371982,2025-06-27 13:51:41,42.5193023681641,-8.83146572113037,"Male"
"9004160",371982,2025-06-27 13:57:00,42.5206146240234,-8.83034420013428,"Male"
"9004160",371982,2025-06-27 14:02:35,42.5220947265625,-8.82987308502197,"Male"
"9004160",371982,2025-06-27 14:08:16,42.5222015380859,-8.82956027984619,"Male"
"9004160",371982,2025-06-27 14:13:59,42.5205879211426,-8.82960796356201,"Male"
"9004160",371982,2025-06-27 14:18:54,42.5204467773438,-8.82949161529541,"Male"
"9004160",371982,2025-06-27 14:23:54,42.5205116271973,-8.82958316802979,"Male"
"9004160",371982,2025-06-27 14:28:54,42.5205688476562,-8.82960891723633,"Male"
"9004160",371982,2025-06-27 14:33:56,42.520580291748,-8.82965850830078,"Male"
"9004160",371982,2025-06-27 14:38:54,42.5205078125,-8.82956504821777,"Male"
"9004160",371982,2025-06-27 14:43:54,42.5205383300781,-8.82966136932373,"Male"
"9004160",371982,2025-06-27 14:48:54,42.5205230712891,-8.82970714569092,"Male"
"9004160",371982,2025-06-27 14:54:14,42.520679473877,-8.8294038772583,"Male"
"9004160",371982,2025-06-27 14:58:54,42.5202903747559,-8.82882499694824,"Male"
"9004160",371982,2025-06-27 15:03:53,42.5204696655273,-8.82914924621582,"Male"
"9004160",371982,2025-06-27 15:08:53,42.5204315185547,-8.82935237884521,"Male"
"9004160",371982,2025-06-27 15:13:53,42.5205345153809,-8.82933044433594,"Male"
"9004160",371982,2025-06-27 15:18:54,42.520450592041,-8.82938957214355,"Male"
"9004160",371982,2025-06-27 15:23:54,42.5206146240234,-8.82963085174561,"Male"
"9004160",371982,2025-06-27 15:28:54,42.5206832885742,-8.82980537414551,"Male"
"9004160",371982,2025-06-27 15:33:54,42.5205192565918,-8.82942962646484,"Male"
"9004160",371982,2025-06-27 15:38:54,42.5206451416016,-8.82945728302002,"Male"
"9004160",371982,2025-06-27 15:43:53,42.5205917358398,-8.82954883575439,"Male"
"9004160",371982,2025-06-27 15:49:15,42.5205612182617,-8.82934188842773,"Male"
"9004160",371982,2025-06-27 15:53:53,42.5204811096191,-8.82944107055664,"Male"
"9004160",371982,2025-06-27 15:58:53,42.5205039978027,-8.82938385009766,"Male"
"9004160",371982,2025-06-27 16:03:55,42.5203971862793,-8.82947254180908,"Male"
"9004160",371982,2025-06-27 16:08:58,42.5203628540039,-8.82940483093262,"Male"
"9004160",371982,2025-06-27 16:13:55,42.5206184387207,-8.8293399810791,"Male"
"9004160",371982,2025-06-27 16:18:58,42.5203704833984,-8.82943725585938,"Male"
"9004160",371982,2025-06-27 16:23:54,42.5206909179688,-8.82938575744629,"Male"
"9004160",371982,2025-06-27 16:28:54,42.5204315185547,-8.82939910888672,"Male"
"9004160",371982,2025-06-27 16:33:58,42.5210914611816,-8.82938098907471,"Male"
"9004160",371982,2025-06-27 16:38:58,42.5205421447754,-8.82941722869873,"Male"
"9004160",371982,2025-06-27 16:43:57,42.5203514099121,-8.82922554016113,"Male"
"9004160",371982,2025-06-27 16:49:15,42.5202445983887,-8.82908821105957,"Male"
"9004160",371982,2025-06-27 16:53:54,42.5202217102051,-8.82902431488037,"Male"
"9004160",371982,2025-06-27 16:58:54,42.5199432373047,-8.82901573181152,"Male"
"9004160",371982,2025-06-27 17:03:53,42.520565032959,-8.82934474945068,"Male"
"9004160",371982,2025-06-27 17:08:54,42.5206413269043,-8.82942485809326,"Male"
"9004160",371982,2025-06-27 17:13:53,42.5204925537109,-8.82938671112061,"Male"
"9004160",371982,2025-06-27 17:18:58,42.5204925537109,-8.82920551300049,"Male"
"9004160",371982,2025-06-27 17:23:56,42.5204162597656,-8.82908916473389,"Male"
"9004160",371982,2025-06-27 17:28:57,42.5204811096191,-8.82919406890869,"Male"
"9004160",371982,2025-06-27 17:33:57,42.5205612182617,-8.82923030853271,"Male"
"9004160",371982,2025-06-27 17:38:56,42.520694732666,-8.82939529418945,"Male"
"9004160",371982,2025-06-27 17:43:53,42.5203704833984,-8.8292293548584,"Male"
"9004160",371982,2025-06-27 17:49:15,42.5205230712891,-8.82951545715332,"Male"
"9004160",371982,2025-06-27 17:53:57,42.5204772949219,-8.82957744598389,"Male"
"9004160",371982,2025-06-27 17:58:53,42.5205268859863,-8.82949733734131,"Male"
"9004160",371982,2025-06-27 18:03:56,42.520393371582,-8.82956504821777,"Male"
"9004160",371982,2025-06-27 18:08:56,42.5203819274902,-8.82953071594238,"Male"
"9004160",371982,2025-06-27 18:14:00,42.5204696655273,-8.82939147949219,"Male"
"9004160",371982,2025-06-27 18:18:56,42.5204582214355,-8.82949924468994,"Male"
"9004160",371982,2025-06-27 18:23:59,42.520580291748,-8.82953357696533,"Male"
"9004160",371982,2025-06-27 18:28:53,42.520435333252,-8.82950401306152,"Male"
"9004160",371982,2025-06-27 18:33:58,42.5202484130859,-8.82949924468994,"Male"
"9004160",371982,2025-06-27 18:39:01,42.5203018188477,-8.82950401306152,"Male"
"9004160",371982,2025-06-27 18:43:56,42.5204391479492,-8.82950687408447,"Male"
"9004160",371982,2025-06-27 18:49:29,42.520565032959,-8.82960033416748,"Male"
"9004160",371982,2025-06-27 18:53:54,42.5205421447754,-8.83108043670654,"Male"
"9004160",371982,2025-06-27 18:58:54,42.5196800231934,-8.83262157440186,"Male"
"9004160",371982,2025-06-27 19:03:54,42.5184860229492,-8.83369064331055,"Male"
"9004160",371982,2025-06-27 19:08:54,42.518383026123,-8.83531665802002,"Male"
"9004160",371982,2025-06-27 19:13:53,42.5132255554199,-8.85097217559814,"Male"
"9004160",371982,2025-06-27 19:18:53,42.513240814209,-8.8509635925293,"Male"
"9004160",371982,2025-06-27 19:23:53,42.5131988525391,-8.85102081298828,"Male"
"9004160",371982,2025-06-27 19:28:53,42.51318359375,-8.85104751586914,"Male"
"9004160",371982,2025-06-27 19:33:53,42.5132522583008,-8.85096168518066,"Male"
"9004160",371982,2025-06-27 19:38:53,42.5132255554199,-8.85104179382324,"Male"
"9004160",371982,2025-06-27 19:43:53,42.5131874084473,-8.8510160446167,"Male"
"9004160",371982,2025-06-27 19:48:53,42.511962890625,-8.85494709014893,"Male"
"9004160",371982,2025-06-27 19:53:53,42.4941482543945,-8.90700054168701,"Male"
"9004160",371982,2025-06-27 19:58:53,42.4773788452148,-8.94467926025391,"Male"
"9004160",371982,2025-06-27 20:03:53,42.4773979187012,-8.94469928741455,"Male"
"9004160",371982,2025-06-27 20:08:53,42.4773788452148,-8.94469833374023,"Male"
"9004160",371982,2025-06-27 20:13:53,42.477367401123,-8.94472026824951,"Male"
"9004160",371982,2025-06-27 20:18:53,42.4773864746094,-8.94472122192383,"Male"
"9004160",371982,2025-06-27 20:23:53,42.4774131774902,-8.94471073150635,"Male"
"9004160",371982,2025-06-27 20:28:53,42.4773368835449,-8.94464874267578,"Male"
"9004160",371982,2025-06-27 20:33:53,42.4774551391602,-8.94473171234131,"Male"
"9004160",371982,2025-06-27 20:38:53,42.4773712158203,-8.94469738006592,"Male"
"9004160",371982,2025-06-27 20:43:53,42.4772834777832,-8.94463539123535,"Male"
"9004160",371982,2025-06-27 20:48:53,42.4773101806641,-8.94473743438721,"Male"
"9004160",371982,2025-06-27 20:53:54,42.4774322509766,-8.94470310211182,"Male"
"9004160",371982,2025-06-27 20:58:53,42.4774513244629,-8.94472789764404,"Male"
"9004160",371982,2025-06-27 21:03:59,42.4773025512695,-8.94471549987793,"Male"
"9004160",371982,2025-06-27 21:08:53,42.4774208068848,-8.94480609893799,"Male"
"9004160",371982,2025-06-27 21:13:53,42.4773178100586,-8.94467258453369,"Male"
"9004160",371982,2025-06-27 21:19:19,42.4773826599121,-8.94465923309326,"Male"
"9004160",371982,2025-06-27 21:24:18,42.4773864746094,-8.94470119476318,"Male"
"9004160",371982,2025-06-27 21:29:24,42.4769592285156,-8.94411849975586,"Male"
"9004160",371982,2025-06-27 21:34:24,42.477123260498,-8.94426536560059,"Male"
"9004160",371982,2025-06-27 21:40:17,42.4774208068848,-8.94475173950195,"Male"
"9004160",371982,2025-06-27 21:44:53,42.4773788452148,-8.94471263885498,"Male"
"9004160",371982,2025-06-27 21:49:18,42.4773216247559,-8.94476222991943,"Male"
"9004160",371982,2025-06-27 21:54:18,42.4773406982422,-8.94476890563965,"Male"
"9004160",371982,2025-06-27 21:59:18,42.4774475097656,-8.94464683532715,"Male"
"9004160",371982,2025-06-27 22:04:18,42.4773750305176,-8.9446907043457,"Male"
"9004160",371982,2025-06-27 22:09:18,42.4772605895996,-8.9447774887085,"Male"
"9004160",371982,2025-06-27 22:14:18,42.4774971008301,-8.94482040405273,"Male"
"9004160",371982,2025-06-27 22:19:18,42.4773750305176,-8.94463443756104,"Male"
"9004160",371982,2025-06-27 22:24:21,42.4773483276367,-8.94464206695557,"Male"
"9004160",371982,2025-06-27 22:29:22,42.4774475097656,-8.94465637207031,"Male"
"9004160",371982,2025-06-27 22:34:19,42.4772644042969,-8.94461250305176,"Male"
"9004160",371982,2025-06-27 22:39:22,42.4774856567383,-8.94481658935547,"Male"
"9004160",371982,2025-06-27 22:44:23,42.4774742126465,-8.94472789764404,"Male"
"9004160",371982,2025-06-27 22:49:19,42.4774017333984,-8.94467830657959,"Male"
"9004160",371982,2025-06-27 22:54:23,42.4774475097656,-8.94476318359375,"Male"
"9004160",371982,2025-06-27 22:59:23,42.4773597717285,-8.94468688964844,"Male"
"9004160",371982,2025-06-27 23:04:22,42.4772872924805,-8.94485950469971,"Male"
"9004160",371982,2025-06-27 23:09:23,42.4774055480957,-8.9447193145752,"Male"
"9004160",371982,2025-06-27 23:14:23,42.477294921875,-8.9446439743042,"Male"
"9004160",371982,2025-06-27 23:19:22,42.4774436950684,-8.94453907012939,"Male"
"9004160",371982,2025-06-27 23:24:44,42.477237701416,-8.94481468200684,"Male"
"9004160",371982,2025-06-27 23:29:21,42.4773063659668,-8.94487762451172,"Male"
"9004160",371982,2025-06-27 23:34:21,42.477352142334,-8.94481468200684,"Male"
"9004160",371982,2025-06-27 23:39:21,42.4773101806641,-8.94474983215332,"Male"
"9004160",371982,2025-06-27 23:44:20,42.4771347045898,-8.94478702545166,"Male"
"9004160",371982,2025-06-27 23:49:35,42.4772262573242,-8.9447774887085,"Male"
"9004160",371982,2025-06-27 23:54:32,42.4773139953613,-8.94483470916748,"Male"
"9004160",371982,2025-06-28 00:00:35,42.4773254394531,-8.94482231140137,"Male"
"9004160",371982,2025-06-28 00:04:20,42.4775085449219,-8.94449424743652,"Male"
"9004160",371982,2025-06-28 00:09:21,42.4773826599121,-8.94466972351074,"Male"
"9004160",371982,2025-06-28 00:14:18,42.4773635864258,-8.94483470916748,"Male"
"9004160",371982,2025-06-28 00:19:18,42.477367401123,-8.94483852386475,"Male"
"9004160",371982,2025-06-28 00:24:18,42.4775047302246,-8.94495105743408,"Male"
"9004160",371982,2025-06-28 00:29:18,42.4774398803711,-8.94484424591064,"Male"
"9004160",371982,2025-06-28 00:34:18,42.4775695800781,-8.94491958618164,"Male"
"9004160",371982,2025-06-28 00:39:19,42.4775047302246,-8.94486331939697,"Male"
"9004160",371982,2025-06-28 00:44:18,42.4774551391602,-8.94459915161133,"Male"
"9004160",371982,2025-06-28 00:49:18,42.4773712158203,-8.94466209411621,"Male"
"9004160",371982,2025-06-28 00:54:21,42.4772109985352,-8.94461536407471,"Male"
"9004160",371982,2025-06-28 00:59:21,42.4775543212891,-8.94465923309326,"Male"
"9004160",371982,2025-06-28 01:04:21,42.4774208068848,-8.94469165802002,"Male"
"9004160",371982,2025-06-28 01:09:22,42.4775276184082,-8.94467639923096,"Male"
"9004160",371982,2025-06-28 01:14:24,42.4775886535645,-8.9445686340332,"Male"
"9004160",371982,2025-06-28 01:19:38,42.4775009155273,-8.94460010528564,"Male"
"9004160",371982,2025-06-28 01:24:25,42.4774513244629,-8.94464015960693,"Male"
"9004160",371982,2025-06-28 01:29:23,42.4777412414551,-8.94491386413574,"Male"
"9004160",371982,2025-06-28 01:34:25,42.4774780273438,-8.94475936889648,"Male"
"9004160",371982,2025-06-28 01:39:28,42.4774742126465,-8.9446496963501,"Male"
"9004160",371982,2025-06-28 01:44:53,42.4774208068848,-8.94467449188232,"Male"
"9004160",371982,2025-06-28 01:49:19,42.4773941040039,-8.94464588165283,"Male"
"9004160",371982,2025-06-28 01:54:20,42.4774017333984,-8.94468212127686,"Male"
"9004160",371982,2025-06-28 01:59:23,42.4773826599121,-8.94448089599609,"Male"
"9004160",371982,2025-06-28 02:04:21,42.477424621582,-8.94461536407471,"Male"
"9004160",371982,2025-06-28 02:09:24,42.4773216247559,-8.94453620910645,"Male"
"9004160",371982,2025-06-28 02:14:18,42.4773635864258,-8.94462394714355,"Male"
"9004160",371982,2025-06-28 02:19:19,42.4774360656738,-8.94478225708008,"Male"
"9004160",371982,2025-06-28 02:24:18,42.4773826599121,-8.94473457336426,"Male"
"9004160",371982,2025-06-28 02:29:18,42.4773864746094,-8.9446439743042,"Male"
"9004160",371982,2025-06-28 02:34:44,42.477409362793,-8.94464683532715,"Male"
"9004160",371982,2025-06-28 02:39:20,42.477237701416,-8.94449710845947,"Male"
"9004160",371982,2025-06-28 02:44:23,42.4773292541504,-8.94458770751953,"Male"
"9004160",371982,2025-06-28 02:49:21,42.4776725769043,-8.94485092163086,"Male"
"9004160",371982,2025-06-28 02:54:18,42.4774742126465,-8.94471645355225,"Male"
"9004160",371982,2025-06-28 02:59:18,42.4773139953613,-8.94455051422119,"Male"
"9004160",371982,2025-06-28 03:04:19,42.4775619506836,-8.94479274749756,"Male"
"9004160",371982,2025-06-28 03:09:18,42.4772567749023,-8.94454765319824,"Male"
"9004160",371982,2025-06-28 03:14:19,42.4772682189941,-8.94464206695557,"Male"
"9004160",371982,2025-06-28 03:19:19,42.4777908325195,-8.94517135620117,"Male"
"9004160",371982,2025-06-28 03:24:23,42.4776458740234,-8.94485092163086,"Male"
"9004160",371982,2025-06-28 03:29:20,42.477294921875,-8.94454097747803,"Male"
"9004160",371982,2025-06-28 03:34:44,42.4773635864258,-8.94472599029541,"Male"
"9004160",371982,2025-06-28 03:39:18,42.4773979187012,-8.9447135925293,"Male"
"9004160",371982,2025-06-28 03:44:18,42.4774627685547,-8.94465065002441,"Male"
"9004160",371982,2025-06-28 03:49:18,42.4773712158203,-8.94474601745605,"Male"
"9004160",371982,2025-06-28 03:54:18,42.4775238037109,-8.94471263885498,"Male"
"9004160",371982,2025-06-28 03:59:18,42.4775848388672,-8.94470024108887,"Male"
"9004160",371982,2025-06-28 04:04:18,42.477481842041,-8.9446964263916,"Male"
"9004160",371982,2025-06-28 04:09:18,42.4775543212891,-8.94467639923096,"Male"
"9004160",371982,2025-06-28 04:14:19,42.4774627685547,-8.94477081298828,"Male"
"9004160",371982,2025-06-28 04:19:21,42.4773406982422,-8.94462776184082,"Male"
"9004160",371982,2025-06-28 04:24:19,42.4772796630859,-8.9445219039917,"Male"
"9004160",371982,2025-06-28 04:29:20,42.477294921875,-8.94452667236328,"Male"
"9004160",371982,2025-06-28 04:34:44,42.4775238037109,-8.94481563568115,"Male"
"9004160",371982,2025-06-28 04:39:21,42.4774894714355,-8.94486999511719,"Male"
"9004160",371982,2025-06-28 04:44:34,42.4774894714355,-8.94480228424072,"Male"
"9004160",371982,2025-06-28 04:49:23,42.4773292541504,-8.94447803497314,"Male"
"9004160",371982,2025-06-28 04:54:31,42.4775352478027,-8.94485664367676,"Male"
"9004160",371982,2025-06-28 04:59:44,42.4774322509766,-8.94470500946045,"Male"
"9004160",371982,2025-06-28 05:04:18,42.4774780273438,-8.9444580078125,"Male"
"9004160",371982,2025-06-28 05:09:24,42.4774932861328,-8.94462394714355,"Male"
"9004160",371982,2025-06-28 05:14:21,42.477481842041,-8.94454669952393,"Male"
"9004160",371982,2025-06-28 05:19:22,42.4775161743164,-8.9446496963501,"Male"
"9004160",371982,2025-06-28 05:24:23,42.4777374267578,-8.94478416442871,"Male"
"9004160",371982,2025-06-28 05:29:24,42.4775466918945,-8.94447994232178,"Male"
"9004160",371982,2025-06-28 05:34:23,42.4777641296387,-8.94468688964844,"Male"
"9004160",371982,2025-06-28 05:39:28,42.4774971008301,-8.94418048858643,"Male"
"9004160",371982,2025-06-28 05:44:28,42.4777145385742,-8.94333362579346,"Male"
"9004160",371982,2025-06-28 05:49:53,42.4774551391602,-8.9446382522583,"Male"
"9004160",371982,2025-06-28 05:54:18,42.4775123596191,-8.9446325302124,"Male"
"9004160",371982,2025-06-28 05:59:20,42.4774284362793,-8.94473266601562,"Male"
"9004160",371982,2025-06-28 06:04:19,42.4774894714355,-8.94470882415771,"Male"
"9004160",371982,2025-06-28 06:09:19,42.4777221679688,-8.94511890411377,"Male"
"9004160",371982,2025-06-28 06:14:22,42.4776344299316,-8.94503688812256,"Male"
"9004160",371982,2025-06-28 06:19:19,42.4773559570312,-8.94469261169434,"Male"
"9004160",371982,2025-06-28 06:24:18,42.4775810241699,-8.94484329223633,"Male"
"9004160",371982,2025-06-28 06:29:18,42.4774208068848,-8.94457340240479,"Male"
"9004160",371982,2025-06-28 06:34:19,42.4774780273438,-8.94469451904297,"Male"
"9004160",371982,2025-06-28 06:39:24,42.4791107177734,-8.94374179840088,"Male"
"9004160",371982,2025-06-28 06:44:23,42.477367401123,-8.94442558288574,"Male"
"9004160",371982,2025-06-28 06:49:21,42.4775238037109,-8.94482231140137,"Male"
"9004160",371982,2025-06-28 06:54:23,42.4771728515625,-8.94319152832031,"Male"
"9004160",371982,2025-06-28 06:59:28,42.4774551391602,-8.94457817077637,"Male"
"9004160",371982,2025-06-28 07:04:20,42.4773254394531,-8.94360256195068,"Male"
"9004160",371982,2025-06-28 07:09:19,42.481861114502,-8.93583011627197,"Male"
"9004160",371982,2025-06-28 07:14:30,42.5007667541504,-8.89112949371338,"Male"
"9004160",371982,2025-06-28 07:19:21,42.5198745727539,-8.84917449951172,"Male"
"9004160",371982,2025-06-28 07:24:27,42.5205001831055,-8.84345436096191,"Male"
"9004160",371982,2025-06-28 07:30:24,42.5214614868164,-8.83162403106689,"Male"
"9004160",371982,2025-06-28 07:36:44,42.5205154418945,-8.83058834075928,"Male"
"9004160",371982,2025-06-28 07:41:45,42.5209770202637,-8.83052158355713,"Male"
"9004160",371982,2025-06-28 07:46:44,42.5205955505371,-8.83013916015625,"Male"
"9004160",371982,2025-06-28 07:51:43,42.5205841064453,-8.83018398284912,"Male"
"9004160",371982,2025-06-28 07:56:45,42.5207633972168,-8.83053684234619,"Male"
"9004160",371982,2025-06-28 08:01:44,42.5205841064453,-8.83001613616943,"Male"
"9004160",371982,2025-06-28 08:06:44,42.5205307006836,-8.82993412017822,"Male"
"9004160",371982,2025-06-28 08:11:48,42.5206336975098,-8.83006572723389,"Male"
"9004160",371982,2025-06-28 08:17:00,42.5203704833984,-8.82964038848877,"Male"
"9004160",371982,2025-06-28 08:21:55,42.5203590393066,-8.82967853546143,"Male"
"9004160",371982,2025-06-28 08:26:55,42.520378112793,-8.82967185974121,"Male"
"9004160",371982,2025-06-28 08:31:57,42.5203132629395,-8.8297872543335,"Male"
"9004160",371982,2025-06-28 08:36:58,42.520378112793,-8.82969188690186,"Male"
"9004160",371982,2025-06-28 08:41:59,42.5203552246094,-8.8296537399292,"Male"
"9004160",371982,2025-06-28 08:46:58,42.5203666687012,-8.82963180541992,"Male"
"9004160",371982,2025-06-28 09:02:41,42.5208015441895,-8.83164978027344,"Male"
"9004160",371982,2025-06-28 09:08:13,42.5215377807617,-8.83175563812256,"Male"
"9004160",371982,2025-06-28 09:13:21,42.5220489501953,-8.83010292053223,"Male"
"9004160",371982,2025-06-28 09:18:25,42.5227165222168,-8.83047485351562,"Male"
"9004160",371982,2025-06-28 09:23:28,42.5224952697754,-8.82875728607178,"Male"
"9004160",371982,2025-06-28 09:28:22,42.5226135253906,-8.82808780670166,"Male"
"9004160",371982,2025-06-28 09:33:20,42.5226593017578,-8.82811260223389,"Male"
"9004160",371982,2025-06-28 09:38:20,42.5226669311523,-8.82803630828857,"Male"
"9004160",371982,2025-06-28 09:43:20,42.5227584838867,-8.82804489135742,"Male"
"9004160",371982,2025-06-28 09:48:44,42.5225563049316,-8.82821464538574,"Male"
"9004160",371982,2025-06-28 09:53:19,42.5225296020508,-8.82833099365234,"Male"
"9004160",371982,2025-06-28 09:58:19,42.5227012634277,-8.82819747924805,"Male"
"9004160",371982,2025-06-28 10:03:21,42.5226516723633,-8.82854652404785,"Male"
"9004160",371982,2025-06-28 10:08:27,42.5227737426758,-8.82832527160645,"Male"
"9004160",371982,2025-06-28 10:13:29,42.5224800109863,-8.8285493850708,"Male"
"9004160",371982,2025-06-28 10:18:23,42.522331237793,-8.82919216156006,"Male"
"9004160",371982,2025-06-28 10:23:26,42.5223045349121,-8.82940673828125,"Male"
"9004160",371982,2025-06-28 10:28:23,42.52197265625,-8.82977104187012,"Male"
"9004160",371982,2025-06-28 10:34:34,42.5224342346191,-8.83095550537109,"Male"
"9004160",371982,2025-06-28 10:40:03,42.522029876709,-8.830322265625,"Male"
"9004160",371982,2025-06-28 10:50:36,42.5210952758789,-8.82976341247559,"Male"
"9004160",371982,2025-06-28 10:55:07,42.5212516784668,-8.82975101470947,"Male"
"9004160",371982,2025-06-28 11:00:14,42.5205001831055,-8.82974243164062,"Male"
"9004160",371982,2025-06-28 11:05:02,42.5204658508301,-8.82983207702637,"Male"
"9004160",371982,2025-06-28 11:10:08,42.5207023620605,-8.82987976074219,"Male"
"9004160",371982,2025-06-28 11:15:06,42.5214385986328,-8.83045291900635,"Male"
"9004160",371982,2025-06-28 11:20:13,42.5204010009766,-8.82959938049316,"Male"
"9004160",371982,2025-06-28 11:25:25,42.5193634033203,-8.82987976074219,"Male"
"9004160",371982,2025-06-28 11:30:33,42.5176620483398,-8.82906246185303,"Male"
"9004160",371982,2025-06-28 11:35:44,42.5175514221191,-8.82921981811523,"Male"
"9004160",371982,2025-06-28 11:40:34,42.5175743103027,-8.82929134368896,"Male"
"9004160",371982,2025-06-28 11:45:44,42.5177345275879,-8.82928562164307,"Male"
"9004160",371982,2025-06-28 11:50:28,42.5177993774414,-8.82918930053711,"Male"
"9004160",371982,2025-06-28 11:55:26,42.5175743103027,-8.82923316955566,"Male"
"9004160",371982,2025-06-28 12:00:29,42.5179634094238,-8.82849311828613,"Male"
"9004160",371982,2025-06-28 12:05:34,42.5176696777344,-8.82938861846924,"Male"
"9004160",371982,2025-06-28 12:10:26,42.5176849365234,-8.82912349700928,"Male"
"9004160",371982,2025-06-28 12:15:29,42.5181121826172,-8.82772254943848,"Male"
"9004160",371982,2025-06-28 12:20:26,42.517635345459,-8.82920455932617,"Male"
"9004160",371982,2025-06-28 12:25:27,42.5175819396973,-8.82929706573486,"Male"
"9004160",371982,2025-06-28 12:30:45,42.5175743103027,-8.8292760848999,"Male"
"9004160",371982,2025-06-28 12:35:28,42.5176277160645,-8.82878589630127,"Male"
"9004160",371982,2025-06-28 12:40:30,42.5176048278809,-8.82938766479492,"Male"
"9004160",371982,2025-06-28 12:45:30,42.5177726745605,-8.82843589782715,"Male"
"9004160",371982,2025-06-28 12:50:29,42.5174522399902,-8.82951259613037,"Male"
"9004160",371982,2025-06-28 12:55:27,42.5174446105957,-8.8299674987793,"Male"
"9004160",371982,2025-06-28 13:00:30,42.5174942016602,-8.82952308654785,"Male"
"9004160",371982,2025-06-28 13:05:32,42.5176162719727,-8.82966899871826,"Male"
"9004160",371982,2025-06-28 13:10:28,42.5176277160645,-8.82870292663574,"Male"
"9004160",371982,2025-06-28 13:15:45,42.5175399780273,-8.82936763763428,"Male"
"9004160",371982,2025-06-28 13:20:26,42.5176010131836,-8.82937526702881,"Male"
"9004160",371982,2025-06-28 13:25:31,42.5175018310547,-8.82942962646484,"Male"
"9004160",371982,2025-06-28 13:30:29,42.517505645752,-8.82943630218506,"Male"
"9004160",371982,2025-06-28 13:35:27,42.517219543457,-8.8292989730835,"Male"
"9004160",371982,2025-06-28 13:40:31,42.5174026489258,-8.82960319519043,"Male"
"9004160",371982,2025-06-28 13:45:45,42.5173225402832,-8.82926845550537,"Male"
"9004160",371982,2025-06-28 13:50:37,42.5172920227051,-8.82933330535889,"Male"
"9004160",371982,2025-06-28 13:55:39,42.5173721313477,-8.829345703125,"Male"
"9004160",371982,2025-06-28 14:00:37,42.517448425293,-8.82936668395996,"Male"
"9004160",371982,2025-06-28 14:05:37,42.5174140930176,-8.82940483093262,"Male"
"9004160",371982,2025-06-28 14:10:45,42.5173263549805,-8.82944011688232,"Male"
"9004160",371982,2025-06-28 14:15:26,42.5176582336426,-8.83133792877197,"Male"
"9004160",371982,2025-06-28 14:20:37,42.5176887512207,-8.82917785644531,"Male"
"9004160",371982,2025-06-28 14:25:36,42.5176162719727,-8.82919120788574,"Male"
"9004160",371982,2025-06-28 14:30:59,42.5176582336426,-8.82930469512939,"Male"
"9004160",371982,2025-06-28 14:35:26,42.5176429748535,-8.82932949066162,"Male"
"9004160",371982,2025-06-28 14:40:32,42.5181846618652,-8.82925605773926,"Male"
"9004160",371982,2025-06-28 14:45:36,42.5190963745117,-8.83004760742188,"Male"
"9004160",371982,2025-06-28 14:52:09,42.5199737548828,-8.82967948913574,"Male"
"9004160",371982,2025-06-28 14:57:04,42.5203895568848,-8.82975387573242,"Male"
"9004160",371982,2025-06-28 15:02:03,42.5206604003906,-8.82964134216309,"Male"
"9004160",371982,2025-06-28 15:07:03,42.5206451416016,-8.8297119140625,"Male"
"9004160",371982,2025-06-28 15:12:03,42.5206527709961,-8.82967376708984,"Male"
"9004160",371982,2025-06-28 15:17:03,42.520679473877,-8.82968139648438,"Male"
"9004160",371982,2025-06-28 15:22:03,42.5207366943359,-8.82975101470947,"Male"
"9004160",371982,2025-06-28 15:27:03,42.5206336975098,-8.82967662811279,"Male"
"9004160",371982,2025-06-28 15:32:03,42.520622253418,-8.8297061920166,"Male"
"9004160",371982,2025-06-28 15:37:03,42.520622253418,-8.8296594619751,"Male"
"9004160",371982,2025-06-28 15:42:03,42.5206108093262,-8.82966041564941,"Male"
"9004160",371982,2025-06-28 15:47:03,42.5206604003906,-8.8296070098877,"Male"
"9004160",371982,2025-06-28 15:52:03,42.5206680297852,-8.82962799072266,"Male"
"9004160",371982,2025-06-28 15:57:03,42.520580291748,-8.82951259613037,"Male"
"9004160",371982,2025-06-28 16:02:03,42.5205726623535,-8.82957458496094,"Male"
"9004160",371982,2025-06-28 16:07:03,42.5205574035645,-8.829514503479,"Male"
"9004160",371982,2025-06-28 16:12:03,42.520637512207,-8.82955741882324,"Male"
"9004160",371982,2025-06-28 16:17:03,42.5205497741699,-8.82951068878174,"Male"
"9004160",371982,2025-06-28 16:22:03,42.5205726623535,-8.82948780059814,"Male"
"9004160",371982,2025-06-28 16:27:06,42.5205688476562,-8.82956314086914,"Male"
"9004160",371982,2025-06-28 16:32:03,42.5206260681152,-8.82950019836426,"Male"
"9004160",371982,2025-06-28 16:37:04,42.5205345153809,-8.82952404022217,"Male"
"9004160",371982,2025-06-28 16:42:03,42.5205307006836,-8.82952499389648,"Male"
"9004160",371982,2025-06-28 16:47:03,42.5205764770508,-8.82948303222656,"Male"
"9004160",371982,2025-06-28 16:52:04,42.5205612182617,-8.82953643798828,"Male"
"9004160",371982,2025-06-28 16:57:10,42.5205726623535,-8.82951736450195,"Male"
"9004160",371982,2025-06-28 17:02:04,42.5205383300781,-8.82949924468994,"Male"
"9004160",371982,2025-06-28 17:07:03,42.5205039978027,-8.82935047149658,"Male"
"9004160",371982,2025-06-28 17:12:04,42.5205039978027,-8.82932186126709,"Male"
"9004160",371982,2025-06-28 17:17:06,42.5204849243164,-8.82945156097412,"Male"
"9004160",371982,2025-06-28 17:22:04,42.5204238891602,-8.82935810089111,"Male"
"9004160",371982,2025-06-28 17:27:03,42.520450592041,-8.82933616638184,"Male"
"9004160",371982,2025-06-28 17:32:07,42.5203819274902,-8.82936573028564,"Male"
"9004160",371982,2025-06-28 17:37:04,42.5203514099121,-8.82917976379395,"Male"
"9004160",371982,2025-06-28 17:42:06,42.5203285217285,-8.82922172546387,"Male"
"9004160",371982,2025-06-28 17:47:14,42.5205116271973,-8.82943916320801,"Male"
"9004160",371982,2025-06-28 17:52:04,42.5205116271973,-8.82943630218506,"Male"
"9004160",371982,2025-06-28 17:57:07,42.5205230712891,-8.82946872711182,"Male"
"9004160",371982,2025-06-28 18:02:07,42.5205039978027,-8.82942008972168,"Male"
"9004160",371982,2025-06-28 18:07:06,42.5204849243164,-8.82939338684082,"Male"
"9004160",371982,2025-06-28 18:12:06,42.5204925537109,-8.8293981552124,"Male"
"9004160",371982,2025-06-28 18:17:06,42.5205154418945,-8.8294038772583,"Male"
"9004160",371982,2025-06-28 18:22:09,42.5203971862793,-8.82926082611084,"Male"
"9004160",371982,2025-06-28 18:27:09,42.5203590393066,-8.82925033569336,"Male"
"9004160",371982,2025-06-28 18:32:35,42.5204772949219,-8.82958126068115,"Male"
"9004160",371982,2025-06-28 18:37:04,42.5206451416016,-8.8296012878418,"Male"
"9004160",371982,2025-06-28 18:42:04,42.5205230712891,-8.82953262329102,"Male"
"9004160",371982,2025-06-28 18:47:06,42.5206108093262,-8.82955932617188,"Male"
"9004160",371982,2025-06-28 18:52:04,42.5205230712891,-8.8295259475708,"Male"
"9004160",371982,2025-06-28 18:57:04,42.5205726623535,-8.82953548431396,"Male"
"9004160",371982,2025-06-28 19:02:04,42.5205688476562,-8.82950973510742,"Male"
"9004160",371982,2025-06-28 19:07:03,42.5205497741699,-8.82946968078613,"Male"
"9004160",371982,2025-06-28 19:12:06,42.5213508605957,-8.8298454284668,"Male"
"9004160",371982,2025-06-28 19:17:41,42.5229187011719,-8.83046913146973,"Male"
"9004160",371982,2025-06-28 19:22:59,42.5224342346191,-8.83107852935791,"Male"
"9004160",371982,2025-06-28 19:27:59,42.5218162536621,-8.83260250091553,"Male"
"9004160",371982,2025-06-28 19:32:57,42.5205116271973,-8.83415603637695,"Male"
"9004160",371982,2025-06-28 19:37:57,42.5087661743164,-8.86001205444336,"Male"
"9004160",371982,2025-06-28 19:42:57,42.4929618835449,-8.90821838378906,"Male"
"9004160",371982,2025-06-28 19:47:57,42.4777069091797,-8.94448089599609,"Male"
"9004160",371982,2025-06-28 19:52:57,42.4776039123535,-8.94452571868896,"Male"
"9004160",371982,2025-06-28 19:57:57,42.477596282959,-8.94451904296875,"Male"
"9004160",371982,2025-06-28 20:02:57,42.4773864746094,-8.94470977783203,"Male"
"9004160",371982,2025-06-28 20:07:57,42.4773750305176,-8.94472599029541,"Male"
"9004160",371982,2025-06-28 20:12:57,42.4773216247559,-8.94464588165283,"Male"
"9004160",371982,2025-06-28 20:17:57,42.477352142334,-8.94468688964844,"Male"
"9004160",371982,2025-06-28 20:22:57,42.4774131774902,-8.94472980499268,"Male"
"9004160",371982,2025-06-28 20:27:57,42.4775047302246,-8.94467735290527,"Male"
"9004160",371982,2025-06-28 20:32:57,42.4773826599121,-8.9447774887085,"Male"
"9004160",371982,2025-06-28 20:38:06,42.4772491455078,-8.94469451904297,"Male"
"9004160",371982,2025-06-28 20:42:58,42.4773635864258,-8.9446907043457,"Male"
"9004160",371982,2025-06-28 20:47:57,42.4773406982422,-8.94468784332275,"Male"
"9004160",371982,2025-06-28 20:52:57,42.4774932861328,-8.94467544555664,"Male"
"9004160",371982,2025-06-28 20:57:57,42.4773750305176,-8.94467067718506,"Male"
"9004160",371982,2025-06-28 21:02:57,42.4773826599121,-8.94467926025391,"Male"
"9004160",371982,2025-06-28 21:07:57,42.4773902893066,-8.94470119476318,"Male"
"9004160",371982,2025-06-28 21:12:59,42.4775848388672,-8.94474124908447,"Male"
"9004160",371982,2025-06-28 21:18:05,42.4774971008301,-8.94472408294678,"Male"
"9004160",371982,2025-06-28 21:23:09,42.4773902893066,-8.94482707977295,"Male"
"9004160",371982,2025-06-28 21:28:01,42.4774742126465,-8.94473838806152,"Male"
"9004160",371982,2025-06-28 21:33:01,42.477409362793,-8.94482707977295,"Male"
"9004160",371982,2025-06-28 21:38:28,42.477466583252,-8.94470310211182,"Male"
"9004160",371982,2025-06-28 21:42:57,42.4774208068848,-8.9448823928833,"Male"
"9004160",371982,2025-06-28 21:47:57,42.477466583252,-8.94478321075439,"Male"
"9004160",371982,2025-06-28 21:53:03,42.4775047302246,-8.94467163085938,"Male"
"9004160",371982,2025-06-28 21:57:58,42.4775505065918,-8.94449996948242,"Male"
"9004160",371982,2025-06-28 22:02:59,42.4770851135254,-8.94468212127686,"Male"
"9004160",371982,2025-06-28 22:07:59,42.4772911071777,-8.94471836090088,"Male"
"9004160",371982,2025-06-28 22:12:59,42.4772911071777,-8.94473266601562,"Male"
"9004160",371982,2025-06-28 22:18:10,42.4773979187012,-8.94469356536865,"Male"
"9004160",371982,2025-06-28 22:22:57,42.4773292541504,-8.94488143920898,"Male"
"9004160",371982,2025-06-28 22:27:58,42.4773712158203,-8.94466209411621,"Male"
"9004160",371982,2025-06-28 22:32:57,42.4775161743164,-8.94432163238525,"Male"
"9004160",371982,2025-06-28 22:37:58,42.4773101806641,-8.94477462768555,"Male"
"9004160",371982,2025-06-28 22:43:14,42.4773063659668,-8.94466304779053,"Male"
"9004160",371982,2025-06-28 22:47:57,42.4770164489746,-8.94465160369873,"Male"
"9004160",371982,2025-06-28 22:52:57,42.4774513244629,-8.94479465484619,"Male"
"9004160",371982,2025-06-28 22:57:57,42.4773902893066,-8.94462585449219,"Male"
"9004160",371982,2025-06-28 23:02:57,42.4772071838379,-8.9445333480835,"Male"
"9004160",371982,2025-06-28 23:07:57,42.4773368835449,-8.94466209411621,"Male"
"9004160",371982,2025-06-28 23:12:57,42.4774017333984,-8.94478511810303,"Male"
"9004160",371982,2025-06-28 23:17:57,42.4772529602051,-8.94471073150635,"Male"
"9004160",371982,2025-06-28 23:23:14,42.4775085449219,-8.94454479217529,"Male"
"9004160",371982,2025-06-28 23:27:57,42.477165222168,-8.9447546005249,"Male"
"9004160",371982,2025-06-28 23:32:58,42.4778633117676,-8.94461917877197,"Male"
"9004160",371982,2025-06-28 23:38:11,42.4776458740234,-8.94461154937744,"Male"
"9004160",371982,2025-06-28 23:43:00,42.478199005127,-8.9444580078125,"Male"
"9004160",371982,2025-06-28 23:48:14,42.4773979187012,-8.94497013092041,"Male"
"9004160",371982,2025-06-28 23:53:08,42.4773750305176,-8.94519329071045,"Male"
"9004160",371982,2025-06-28 23:58:25,42.4772911071777,-8.94471454620361,"Male"
"9004160",371982,2025-06-29 00:02:57,42.4774742126465,-8.94484806060791,"Male"
"9004160",371982,2025-06-29 00:07:57,42.4775581359863,-8.9448881149292,"Male"
"9004160",371982,2025-06-29 00:12:58,42.4774627685547,-8.94510650634766,"Male"
"9004160",371982,2025-06-29 00:18:10,42.4773941040039,-8.94522571563721,"Male"
"9004160",371982,2025-06-29 00:23:01,42.4775314331055,-8.94528865814209,"Male"
"9004160",371982,2025-06-29 00:27:57,42.4776191711426,-8.94488048553467,"Male"
"9004160",371982,2025-06-29 00:32:57,42.4777183532715,-8.944748878479,"Male"
"9004160",371982,2025-06-29 00:38:35,42.4774475097656,-8.94474124908447,"Male"
"9004160",371982,2025-06-29 00:42:59,42.4775352478027,-8.94476985931396,"Male"
"9004160",371982,2025-06-29 00:47:58,42.4778137207031,-8.94514179229736,"Male"
"9004160",371982,2025-06-29 00:52:58,42.4775161743164,-8.94476795196533,"Male"
"9004160",371982,2025-06-29 00:57:58,42.4778480529785,-8.94499015808105,"Male"
"9004160",371982,2025-06-29 01:02:58,42.4773788452148,-8.9446849822998,"Male"
"9004160",371982,2025-06-29 01:07:58,42.4774436950684,-8.94473552703857,"Male"
"9004160",371982,2025-06-29 01:13:05,42.477466583252,-8.94468688964844,"Male"
"9004160",371982,2025-06-29 01:18:00,42.4776268005371,-8.94483089447021,"Male"
"9004160",371982,2025-06-29 01:22:58,42.4775466918945,-8.94471263885498,"Male"
"9004160",371982,2025-06-29 01:27:59,42.477352142334,-8.94459056854248,"Male"
"9004160",371982,2025-06-29 01:33:01,42.477466583252,-8.94467163085938,"Male"
"9004160",371982,2025-06-29 01:37:59,42.4776954650879,-8.94492149353027,"Male"
"9004160",371982,2025-06-29 01:43:09,42.4774932861328,-8.94465827941895,"Male"
"9004160",371982,2025-06-29 01:48:03,42.4775276184082,-8.94470310211182,"Male"
"9004160",371982,2025-06-29 01:53:14,42.4774398803711,-8.94455909729004,"Male"
"9004160",371982,2025-06-29 01:57:57,42.4774284362793,-8.94471549987793,"Male"
"9004160",371982,2025-06-29 02:02:57,42.4774436950684,-8.94468212127686,"Male"
"9004160",371982,2025-06-29 02:07:57,42.4774894714355,-8.94474220275879,"Male"
"9004160",371982,2025-06-29 02:12:57,42.4773635864258,-8.94455337524414,"Male"
"9004160",371982,2025-06-29 02:18:00,42.4775505065918,-8.94474124908447,"Male"
"9004160",371982,2025-06-29 02:22:57,42.4775619506836,-8.94480133056641,"Male"
"9004160",371982,2025-06-29 02:27:57,42.4772758483887,-8.94461822509766,"Male"
"9004160",371982,2025-06-29 02:33:03,42.4773826599121,-8.94464588165283,"Male"
"9004160",371982,2025-06-29 02:38:00,42.4775810241699,-8.94488334655762,"Male"
"9004160",371982,2025-06-29 02:43:00,42.4771385192871,-8.94453430175781,"Male"
"9004160",371982,2025-06-29 02:48:15,42.4775390625,-8.94485282897949,"Male"
"9004160",371982,2025-06-29 02:53:03,42.4775924682617,-8.94494915008545,"Male"
"9004160",371982,2025-06-29 02:58:05,42.4774894714355,-8.94482803344727,"Male"
"9004160",371982,2025-06-29 03:03:14,42.477409362793,-8.94463062286377,"Male"
"9004160",371982,2025-06-29 03:07:57,42.4774856567383,-8.94464015960693,"Male"
"9004160",371982,2025-06-29 03:12:57,42.4773864746094,-8.94460201263428,"Male"
"9004160",371982,2025-06-29 03:17:57,42.4772987365723,-8.94462871551514,"Male"
"9004160",371982,2025-06-29 03:23:03,42.477424621582,-8.94452953338623,"Male"
"9004160",371982,2025-06-29 03:27:58,42.4775810241699,-8.94455337524414,"Male"
"9004160",371982,2025-06-29 03:33:01,42.4773139953613,-8.94466114044189,"Male"
"9004160",371982,2025-06-29 03:37:58,42.4772987365723,-8.9447546005249,"Male"
"9004160",371982,2025-06-29 03:43:07,42.4775733947754,-8.94479084014893,"Male"
"9004160",371982,2025-06-29 03:48:29,42.4772453308105,-8.94449710845947,"Male"
"9004160",371982,2025-06-29 03:53:01,42.4772872924805,-8.94454193115234,"Male"
"9004160",371982,2025-06-29 03:57:59,42.4773178100586,-8.94419384002686,"Male"
"9004160",371982,2025-06-29 04:03:14,42.4773635864258,-8.94462203979492,"Male"
"9004160",371982,2025-06-29 04:08:01,42.4773216247559,-8.9447193145752,"Male"
"9004160",371982,2025-06-29 04:13:01,42.4773712158203,-8.94466114044189,"Male"
"9004160",371982,2025-06-29 04:17:59,42.477466583252,-8.94455242156982,"Male"
"9004160",371982,2025-06-29 04:22:59,42.4774742126465,-8.94452476501465,"Male"
"9004160",371982,2025-06-29 04:28:07,42.477367401123,-8.9446382522583,"Male"
"9004160",371982,2025-06-29 04:33:01,42.4777336120605,-8.94460391998291,"Male"
"9004160",371982,2025-06-29 04:38:03,42.4772834777832,-8.94463062286377,"Male"
"9004160",371982,2025-06-29 04:43:01,42.4773025512695,-8.94469356536865,"Male"
"9004160",371982,2025-06-29 04:48:35,42.4772834777832,-8.94467163085938,"Male"
"9004160",371982,2025-06-29 04:52:59,42.4773216247559,-8.94460678100586,"Male"
"9004160",371982,2025-06-29 04:57:58,42.4773483276367,-8.94464302062988,"Male"
"9004160",371982,2025-06-29 05:02:57,42.4773635864258,-8.9445686340332,"Male"
"9004160",371982,2025-06-29 05:07:57,42.4773292541504,-8.94463729858398,"Male"
"9004160",371982,2025-06-29 05:12:57,42.4774436950684,-8.94464778900146,"Male"
"9004160",371982,2025-06-29 05:17:59,42.4774017333984,-8.94466590881348,"Male"
"9004160",371982,2025-06-29 05:22:59,42.4774360656738,-8.94467067718506,"Male"
"9004160",371982,2025-06-29 05:28:03,42.4774360656738,-8.94471073150635,"Male"
"9004160",371982,2025-06-29 05:33:13,42.4774055480957,-8.94471073150635,"Male"
"9004160",371982,2025-06-29 05:38:14,42.4773979187012,-8.94468688964844,"Male"
"9004160",371982,2025-06-29 05:42:57,42.4774017333984,-8.94470024108887,"Male"
"9004160",371982,2025-06-29 05:48:00,42.477222442627,-8.94466114044189,"Male"
"9004160",371982,2025-06-29 05:52:58,42.4774055480957,-8.94468116760254,"Male"
"9004160",371982,2025-06-29 05:57:58,42.4776916503906,-8.94479179382324,"Male"
"9004160",371982,2025-06-29 06:03:01,42.4774627685547,-8.94469547271729,"Male"
"9004160",371982,2025-06-29 06:08:00,42.4773941040039,-8.94468116760254,"Male"
"9004160",371982,2025-06-29 06:13:03,42.4772682189941,-8.94479656219482,"Male"
"9004160",371982,2025-06-29 06:18:01,42.4775009155273,-8.94484806060791,"Male"
"9004160",371982,2025-06-29 06:23:15,42.4774055480957,-8.94489002227783,"Male"
"9004160",371982,2025-06-29 06:28:14,42.477424621582,-8.944899559021,"Male"
"9004160",371982,2025-06-29 06:33:03,42.4773750305176,-8.94489097595215,"Male"
"9004160",371982,2025-06-29 06:38:05,42.4772872924805,-8.94479751586914,"Male"
"9004160",371982,2025-06-29 06:43:06,42.477409362793,-8.9448356628418,"Male"
"9004160",371982,2025-06-29 06:48:29,42.4773902893066,-8.94470310211182,"Male"
"9004160",371982,2025-06-29 06:52:59,42.4774017333984,-8.94467735290527,"Male"
"9004160",371982,2025-06-29 06:57:59,42.477466583252,-8.94459915161133,"Male"
"9004160",371982,2025-06-29 07:02:57,42.4775390625,-8.94462966918945,"Male"
"9004160",371982,2025-06-29 07:07:57,42.4775619506836,-8.9446325302124,"Male"
"9004160",371982,2025-06-29 07:12:57,42.4776077270508,-8.94462776184082,"Male"
"9004160",371982,2025-06-29 07:17:57,42.4776229858398,-8.94457340240479,"Male"
"9004160",371982,2025-06-29 07:22:57,42.4775657653809,-8.94466876983643,"Male"
"9004160",371982,2025-06-29 07:28:01,42.4773178100586,-8.94487571716309,"Male"
"9004160",371982,2025-06-29 07:32:57,42.4774780273438,-8.94496440887451,"Male"
"9004160",371982,2025-06-29 07:37:57,42.4775466918945,-8.94489479064941,"Male"
"9004160",371982,2025-06-29 07:42:58,42.4770545959473,-8.94426345825195,"Male"
"9004160",371982,2025-06-29 07:47:58,42.4775199890137,-8.9446325302124,"Male"
"9004160",371982,2025-06-29 07:53:00,42.4775619506836,-8.94481945037842,"Male"
"9004160",371982,2025-06-29 07:57:58,42.4795227050781,-8.9434118270874,"Male"
"9004160",371982,2025-06-29 08:03:07,42.5081634521484,-8.89682388305664,"Male"
"9004160",371982,2025-06-29 08:07:59,42.5181579589844,-8.87725734710693,"Male"
"9004160",371982,2025-06-29 08:13:14,42.5212097167969,-8.86490440368652,"Male"
"9004160",371982,2025-06-29 08:17:57,42.5228233337402,-8.83186340332031,"Male"
"9004160",371982,2025-06-29 08:23:00,42.5225982666016,-8.83064365386963,"Male"
"9004160",371982,2025-06-29 08:28:25,42.5217781066895,-8.82938098907471,"Male"
"9004160",371982,2025-06-29 08:33:23,42.5202941894531,-8.82969093322754,"Male"
"9004160",371982,2025-06-29 08:38:20,42.5203552246094,-8.82973098754883,"Male"
"9004160",371982,2025-06-29 08:43:21,42.5204734802246,-8.82973480224609,"Male"
"9004160",371982,2025-06-29 08:48:31,42.5204582214355,-8.82973194122314,"Male"
"9004160",371982,2025-06-29 08:53:31,42.5204048156738,-8.82967376708984,"Male"
"9004160",371982,2025-06-29 08:58:31,42.5204391479492,-8.82969760894775,"Male"
"9004160",371982,2025-06-29 09:03:44,42.520450592041,-8.82968807220459,"Male"
"9004160",371982,2025-06-29 09:08:20,42.5204315185547,-8.82974433898926,"Male"
"9004160",371982,2025-06-29 09:13:21,42.5204849243164,-8.82964420318604,"Male"
"9004160",371982,2025-06-29 09:18:21,42.5205078125,-8.82966327667236,"Male"
"9004160",371982,2025-06-29 09:23:20,42.5204238891602,-8.82969188690186,"Male"
"9004160",371982,2025-06-29 09:28:21,42.5204849243164,-8.82967090606689,"Male"
"9004160",371982,2025-06-29 09:33:23,42.520206451416,-8.82971286773682,"Male"
"9004160",371982,2025-06-29 09:38:24,42.5205307006836,-8.82983589172363,"Male"
"9004160",371982,2025-06-29 09:43:29,42.5203971862793,-8.82980728149414,"Male"
"9004160",371982,2025-06-29 09:48:45,42.5204887390137,-8.8297643661499,"Male"
"9004160",371982,2025-06-29 09:53:22,42.5207176208496,-8.82970142364502,"Male"
"9004160",371982,2025-06-29 09:58:30,42.5205078125,-8.82981014251709,"Male"
"9004160",371982,2025-06-29 10:04:22,42.5200233459473,-8.83118534088135,"Male"
"9004160",371982,2025-06-29 10:10:09,42.5201873779297,-8.83191108703613,"Male"
"9004160",371982,2025-06-29 10:16:24,42.5206909179688,-8.83217811584473,"Male"
"9004160",371982,2025-06-29 10:23:15,42.5206909179688,-8.83112239837646,"Male"
"9004160",371982,2025-06-29 10:29:03,42.5195617675781,-8.82999992370605,"Male"
"9004160",371982,2025-06-29 10:34:06,42.5196838378906,-8.83001232147217,"Male"
"9004160",371982,2025-06-29 10:39:06,42.5196876525879,-8.8298168182373,"Male"
"9004160",371982,2025-06-29 10:44:07,42.5196647644043,-8.82996463775635,"Male"
"9004160",371982,2025-06-29 10:49:15,42.5196876525879,-8.82982921600342,"Male"
"9004160",371982,2025-06-29 10:54:00,42.5195960998535,-8.82995796203613,"Male"
"9004160",371982,2025-06-29 10:59:01,42.519401550293,-8.83010101318359,"Male"
"9004160",371982,2025-06-29 11:04:12,42.5196647644043,-8.82983207702637,"Male"
"9004160",371982,2025-06-29 11:09:00,42.5197105407715,-8.83003425598145,"Male"
"9004160",371982,2025-06-29 11:14:01,42.5197715759277,-8.82984828948975,"Male"
"9004160",371982,2025-06-29 11:19:07,42.519660949707,-8.82975292205811,"Male"
"9004160",371982,2025-06-29 11:23:59,42.5200500488281,-8.83014583587646,"Male"
"9004160",371982,2025-06-29 11:29:08,42.5196266174316,-8.82974147796631,"Male"
"9004160",371982,2025-06-29 11:33:58,42.5197944641113,-8.82989597320557,"Male"
"9004160",371982,2025-06-29 11:39:05,42.5197067260742,-8.82990741729736,"Male"
"9004160",371982,2025-06-29 11:44:20,42.519702911377,-8.82985782623291,"Male"
"9004160",371982,2025-06-29 11:49:14,42.5196380615234,-8.82973861694336,"Male"
"9004160",371982,2025-06-29 11:54:14,42.5197868347168,-8.82976818084717,"Male"
"9004160",371982,2025-06-29 11:59:03,42.5196266174316,-8.82967567443848,"Male"
"9004160",371982,2025-06-29 12:04:01,42.5196495056152,-8.82976150512695,"Male"
"9004160",371982,2025-06-29 12:09:11,42.5197257995605,-8.8297872543335,"Male"
"9004160",371982,2025-06-29 12:13:58,42.5197334289551,-8.82976913452148,"Male"
"9004160",371982,2025-06-29 12:19:04,42.5197601318359,-8.82974338531494,"Male"
"9004160",371982,2025-06-29 12:24:35,42.5197105407715,-8.8297119140625,"Male"
"9004160",371982,2025-06-29 12:28:58,42.5197792053223,-8.8296947479248,"Male"
"9004160",371982,2025-06-29 12:34:03,42.5199661254883,-8.83020305633545,"Male"
"9004160",371982,2025-06-29 12:38:59,42.5199165344238,-8.83172512054443,"Male"
"9004160",371982,2025-06-29 12:44:36,42.5201530456543,-8.83255195617676,"Male"
"9004160",371982,2025-06-29 12:49:53,42.5204200744629,-8.83236694335938,"Male"
"9004160",371982,2025-06-29 12:55:20,42.5215530395508,-8.83091259002686,"Male"
"9004160",371982,2025-06-29 13:00:28,42.5224723815918,-8.83049201965332,"Male"
"9004160",371982,2025-06-29 13:05:49,42.5214004516602,-8.82971286773682,"Male"
"9004160",371982,2025-06-29 13:11:06,42.5205192565918,-8.83047008514404,"Male"
"9004160",371982,2025-06-29 13:16:01,42.5204048156738,-8.82974624633789,"Male"
"9004160",371982,2025-06-29 13:21:01,42.5203971862793,-8.82975006103516,"Male"
"9004160",371982,2025-06-29 13:26:01,42.5204010009766,-8.82971477508545,"Male"
"9004160",371982,2025-06-29 13:31:01,42.5204429626465,-8.82973194122314,"Male"
"9004160",371982,2025-06-29 13:36:01,42.5204238891602,-8.82980251312256,"Male"
"9004160",371982,2025-06-29 13:41:01,42.5204048156738,-8.82980060577393,"Male"
"9004160",371982,2025-06-29 13:46:01,42.5204086303711,-8.82973957061768,"Male"
"9004160",371982,2025-06-29 13:51:01,42.5204277038574,-8.82974624633789,"Male"
"9004160",371982,2025-06-29 13:56:01,42.5203742980957,-8.8297290802002,"Male"
"9004160",371982,2025-06-29 14:01:01,42.5203666687012,-8.82975673675537,"Male"
"9004160",371982,2025-06-29 14:06:05,42.5206565856934,-8.82999420166016,"Male"
"9004160",371982,2025-06-29 14:11:34,42.5193862915039,-8.83032131195068,"Male"
"9004160",371982,2025-06-29 14:16:44,42.5183067321777,-8.8292760848999,"Male"
"9004160",371982,2025-06-29 14:21:39,42.5176849365234,-8.82930469512939,"Male"
"9004160",371982,2025-06-29 14:26:39,42.5176429748535,-8.82928371429443,"Male"
"9004160",371982,2025-06-29 14:31:39,42.5176048278809,-8.82926845550537,"Male"
"9004160",371982,2025-06-29 14:36:41,42.5175323486328,-8.82921600341797,"Male"
"9004160",371982,2025-06-29 14:41:39,42.5177459716797,-8.82935333251953,"Male"
"9004160",371982,2025-06-29 14:46:40,42.5176391601562,-8.82926845550537,"Male"
"9004160",371982,2025-06-29 14:51:49,42.5177116394043,-8.82934188842773,"Male"
"9004160",371982,2025-06-29 14:56:40,42.5177154541016,-8.82940769195557,"Male"
"9004160",371982,2025-06-29 15:01:39,42.5177154541016,-8.82936859130859,"Male"
"9004160",371982,2025-06-29 15:07:04,42.517635345459,-8.8292818069458,"Male"
"9004160",371982,2025-06-29 15:11:39,42.5176429748535,-8.829270362854,"Male"
"9004160",371982,2025-06-29 15:16:40,42.5176391601562,-8.82929420471191,"Male"
"9004160",371982,2025-06-29 15:21:41,42.5176200866699,-8.82932376861572,"Male"
"9004160",371982,2025-06-29 15:26:41,42.5178070068359,-8.8297061920166,"Male"
"9004160",371982,2025-06-29 15:31:43,42.5187149047852,-8.83004665374756,"Male"
"9004160",371982,2025-06-29 15:37:04,42.5204544067383,-8.82994651794434,"Male"
"9004160",371982,2025-06-29 15:41:54,42.5204811096191,-8.82966804504395,"Male"
"9004160",371982,2025-06-29 15:46:56,42.5204963684082,-8.82968139648438,"Male"
"9004160",371982,2025-06-29 15:51:54,42.520435333252,-8.82960987091064,"Male"
"9004160",371982,2025-06-29 15:57:06,42.5204544067383,-8.829665184021,"Male"
"9004160",371982,2025-06-29 16:01:55,42.520336151123,-8.82947444915771,"Male"
"9004160",371982,2025-06-29 16:07:06,42.5203742980957,-8.82963466644287,"Male"
"9004160",371982,2025-06-29 16:11:59,42.5205574035645,-8.82981109619141,"Male"
"9004160",371982,2025-06-29 16:17:07,42.5204963684082,-8.82969570159912,"Male"
"9004160",371982,2025-06-29 16:22:14,42.520435333252,-8.82968139648438,"Male"
"9004160",371982,2025-06-29 16:26:58,42.5198669433594,-8.82889080047607,"Male"
"9004160",371982,2025-06-29 16:31:56,42.5199241638184,-8.82885551452637,"Male"
"9004160",371982,2025-06-29 16:36:59,42.5195083618164,-8.82835292816162,"Male"
"9004160",371982,2025-06-29 16:42:06,42.5204048156738,-8.82979106903076,"Male"
"9004160",371982,2025-06-29 16:47:14,42.5203056335449,-8.8298168182373,"Male"
"9004160",371982,2025-06-29 16:52:03,42.520336151123,-8.82996845245361,"Male"
"9004160",371982,2025-06-29 16:57:00,42.5208625793457,-8.83060264587402,"Male"
"9004160",371982,2025-06-29 17:02:04,42.5203895568848,-8.82967376708984,"Male"
"9004160",371982,2025-06-29 17:07:17,42.5205841064453,-8.8296537399292,"Male"
"9004160",371982,2025-06-29 17:12:01,42.520435333252,-8.82951927185059,"Male"
"9004160",371982,2025-06-29 17:17:14,42.5202865600586,-8.82901000976562,"Male"
"9004160",371982,2025-06-29 17:21:58,42.5207672119141,-8.82989025115967,"Male"
"9004160",371982,2025-06-29 17:27:11,42.5203475952148,-8.82958984375,"Male"
"9004160",371982,2025-06-29 17:32:14,42.5204963684082,-8.82941150665283,"Male"
"9004160",371982,2025-06-29 17:37:09,42.5205154418945,-8.82959461212158,"Male"
"9004160",371982,2025-06-29 17:42:00,42.5208015441895,-8.82983493804932,"Male"
"9004160",371982,2025-06-29 17:47:14,42.5206489562988,-8.82947063446045,"Male"
"9004160",371982,2025-06-29 17:52:00,42.5205612182617,-8.82944011688232,"Male"
"9004160",371982,2025-06-29 17:57:00,42.5205726623535,-8.82942676544189,"Male"
"9004160",371982,2025-06-29 18:01:55,42.5205574035645,-8.82940864562988,"Male"
"9004160",371982,2025-06-29 18:07:06,42.5205688476562,-8.82929134368896,"Male"
"9004160",371982,2025-06-29 18:11:59,42.5206031799316,-8.8293924331665,"Male"
"9004160",371982,2025-06-29 18:17:02,42.5206527709961,-8.83016109466553,"Male"
"9004160",371982,2025-06-29 18:22:14,42.5206756591797,-8.83121109008789,"Male"
"9004160",371982,2025-06-29 18:26:58,42.5121917724609,-8.84194564819336,"Male"
"9004160",371982,2025-06-29 18:32:08,42.5119209289551,-8.84193134307861,"Male"
"9004160",371982,2025-06-29 18:37:09,42.5119743347168,-8.84197425842285,"Male"
"9004160",371982,2025-06-29 18:42:09,42.5119323730469,-8.84199333190918,"Male"
"9004160",371982,2025-06-29 18:47:15,42.5118446350098,-8.84208106994629,"Male"
"9004160",371982,2025-06-29 18:52:06,42.5119514465332,-8.84202671051025,"Male"
"9004160",371982,2025-06-29 18:57:14,42.5121917724609,-8.84228038787842,"Male"
"9004160",371982,2025-06-29 19:01:57,42.512565612793,-8.84242343902588,"Male"
"9004160",371982,2025-06-29 19:07:05,42.5119323730469,-8.84264278411865,"Male"
"9004160",371982,2025-06-29 19:11:55,42.5119819641113,-8.84259128570557,"Male"
"9004160",371982,2025-06-29 19:17:08,42.5123901367188,-8.84314823150635,"Male"
"9004160",371982,2025-06-29 19:22:04,42.5124473571777,-8.84308815002441,"Male"
"9004160",371982,2025-06-29 19:27:11,42.5095634460449,-8.85345077514648,"Male"
"9004160",371982,2025-06-29 19:32:15,42.5094413757324,-8.85346603393555,"Male"
"9004160",371982,2025-06-29 19:36:59,42.499698638916,-8.88516044616699,"Male"
"9004160",371982,2025-06-29 19:42:03,42.4824981689453,-8.93332862854004,"Male"
"9004160",371982,2025-06-29 19:47:14,42.4774131774902,-8.9445858001709,"Male"
"9004160",371982,2025-06-29 19:51:56,42.477367401123,-8.94455718994141,"Male"
"9004160",371982,2025-06-29 19:57:03,42.4773902893066,-8.9446268081665,"Male"
"9004160",371982,2025-06-29 20:01:59,42.4774169921875,-8.94459342956543,"Male"
"9004160",371982,2025-06-29 20:07:00,42.4773864746094,-8.94447040557861,"Male"
"9004160",371982,2025-06-29 20:11:59,42.4773483276367,-8.94455051422119,"Male"
"9004160",371982,2025-06-29 20:17:01,42.4774894714355,-8.94450569152832,"Male"
"9004160",371982,2025-06-29 20:22:02,42.4773902893066,-8.94452857971191,"Male"
"9004160",371982,2025-06-29 20:26:58,42.4774208068848,-8.94455909729004,"Male"
"9004160",371982,2025-06-29 20:32:15,42.4773406982422,-8.94455718994141,"Male"
"9004160",371982,2025-06-29 20:36:56,42.4773712158203,-8.94467830657959,"Male"
"9004160",371982,2025-06-29 20:42:29,42.4774971008301,-8.9447546005249,"Male"
"9004160",371982,2025-06-29 20:46:56,42.4775123596191,-8.94469451904297,"Male"
"9004160",371982,2025-06-29 20:51:56,42.4774513244629,-8.94476318359375,"Male"
"9004160",371982,2025-06-29 20:56:56,42.477481842041,-8.9448299407959,"Male"
"9004160",371982,2025-06-29 21:01:56,42.4774894714355,-8.94477558135986,"Male"
"9004160",371982,2025-06-29 21:06:57,42.4773788452148,-8.94478702545166,"Male"
"9004160",371982,2025-06-29 21:11:56,42.4773292541504,-8.94478034973145,"Male"
"9004160",371982,2025-06-29 21:17:01,42.4774322509766,-8.94475650787354,"Male"
"9004160",371982,2025-06-29 21:21:56,42.4773292541504,-8.9448127746582,"Male"
"9004160",371982,2025-06-29 21:27:07,42.4775009155273,-8.94471073150635,"Male"
"9004160",371982,2025-06-29 21:32:14,42.477424621582,-8.94470405578613,"Male"
"9004160",371982,2025-06-29 21:36:56,42.4774742126465,-8.94493293762207,"Male"
"9004160",371982,2025-06-29 21:41:56,42.4773139953613,-8.94478511810303,"Male"
"9004160",371982,2025-06-29 21:46:58,42.4771690368652,-8.94466209411621,"Male"
"9004160",371982,2025-06-29 21:51:56,42.4772529602051,-8.94461917877197,"Male"
"9004160",371982,2025-06-29 21:56:56,42.477294921875,-8.94472122192383,"Male"
"9004160",371982,2025-06-29 22:01:56,42.4774284362793,-8.94480609893799,"Male"
"9004160",371982,2025-06-29 22:06:56,42.4774475097656,-8.94492340087891,"Male"
"9004160",371982,2025-06-29 22:11:56,42.4774055480957,-8.94479656219482,"Male"
"9004160",371982,2025-06-29 22:16:56,42.4774551391602,-8.94493579864502,"Male"
"9004160",371982,2025-06-29 22:21:56,42.4773101806641,-8.94463157653809,"Male"
"9004160",371982,2025-06-29 22:26:56,42.4773902893066,-8.94466018676758,"Male"
"9004160",371982,2025-06-29 22:32:15,42.4775238037109,-8.94469261169434,"Male"
"9004160",371982,2025-06-29 22:36:56,42.4775390625,-8.94462871551514,"Male"
"9004160",371982,2025-06-29 22:41:57,42.4774856567383,-8.94481563568115,"Male"
"9004160",371982,2025-06-29 22:47:00,42.4774742126465,-8.94479846954346,"Male"
"9004160",371982,2025-06-29 22:52:09,42.477897644043,-8.94468593597412,"Male"
"9004160",371982,2025-06-29 22:57:04,42.4771881103516,-8.94494342803955,"Male"
"9004160",371982,2025-06-29 23:02:05,42.4777870178223,-8.94458484649658,"Male"
"9004160",371982,2025-06-29 23:07:02,42.4778633117676,-8.94458198547363,"Male"
"9004160",371982,2025-06-29 23:12:07,42.4783058166504,-8.94444465637207,"Male"
"9004160",371982,2025-06-29 23:17:13,42.4769439697266,-8.94487190246582,"Male"
"9004160",371982,2025-06-29 23:22:09,42.4778671264648,-8.94455718994141,"Male"
"9004160",371982,2025-06-29 23:27:11,42.4784851074219,-8.94434452056885,"Male"
"9004160",371982,2025-06-29 23:32:15,42.4790153503418,-8.94423961639404,"Male"
"9004160",371982,2025-06-29 23:37:07,42.4780044555664,-8.94439601898193,"Male"
"9004160",371982,2025-06-29 23:42:07,42.4789199829102,-8.944411277771,"Male"
"9004160",371982,2025-06-29 23:47:13,42.4776649475098,-8.94426155090332,"Male"
"9004160",371982,2025-06-29 23:51:56,42.4775161743164,-8.94433784484863,"Male"
"9004160",371982,2025-06-29 23:56:57,42.4774703979492,-8.94437313079834,"Male"
"9004160",371982,2025-06-30 00:01:57,42.4775619506836,-8.94451236724854,"Male"
"9004160",371982,2025-06-30 00:06:56,42.4775848388672,-8.94442844390869,"Male"
"9004160",371982,2025-06-30 00:11:58,42.4778709411621,-8.94490528106689,"Male"
"9004160",371982,2025-06-30 00:17:07,42.4774398803711,-8.94468784332275,"Male"
"9004160",371982,2025-06-30 00:22:06,42.477367401123,-8.94452571868896,"Male"
"9004160",371982,2025-06-30 00:27:07,42.4773330688477,-8.94452381134033,"Male"
"9004160",371982,2025-06-30 00:32:28,42.4776000976562,-8.94467067718506,"Male"
"9004160",371982,2025-06-30 00:36:56,42.4773178100586,-8.94449806213379,"Male"
"9004160",371982,2025-06-30 00:41:56,42.4774856567383,-8.94461631774902,"Male"
"9004160",371982,2025-06-30 00:46:56,42.4774360656738,-8.94465732574463,"Male"
"9004160",371982,2025-06-30 00:51:56,42.4774513244629,-8.94466018676758,"Male"
"9004160",371982,2025-06-30 00:56:56,42.4775695800781,-8.94451332092285,"Male"
"9004160",371982,2025-06-30 01:01:56,42.4775505065918,-8.94473171234131,"Male"
"9004160",371982,2025-06-30 01:06:56,42.4775505065918,-8.94470977783203,"Male"
"9004160",371982,2025-06-30 01:11:56,42.477466583252,-8.94470882415771,"Male"
"9004160",371982,2025-06-30 01:16:58,42.4776191711426,-8.94476222991943,"Male"
"9004160",371982,2025-06-30 01:21:56,42.4773902893066,-8.94451808929443,"Male"
"9004160",371982,2025-06-30 01:26:57,42.4775352478027,-8.94470500946045,"Male"
"9004160",371982,2025-06-30 01:31:57,42.4778785705566,-8.94504547119141,"Male"
"9004160",371982,2025-06-30 01:37:00,42.4772834777832,-8.94464874267578,"Male"
"9004160",371982,2025-06-30 01:42:04,42.4774703979492,-8.94473838806152,"Male"
"9004160",371982,2025-06-30 01:47:02,42.4774703979492,-8.94467639923096,"Male"
"9004160",371982,2025-06-30 01:52:14,42.477466583252,-8.94469356536865,"Male"
"9004160",371982,2025-06-30 01:57:02,42.4775619506836,-8.94477081298828,"Male"
"9004160",371982,2025-06-30 02:02:04,42.4775695800781,-8.94483089447021,"Male"
"9004160",371982,2025-06-30 02:07:00,42.4772911071777,-8.9445161819458,"Male"
"9004160",371982,2025-06-30 02:11:59,42.477294921875,-8.94458198547363,"Male"
"9004160",371982,2025-06-30 02:16:58,42.4777870178223,-8.94501495361328,"Male"
"9004160",371982,2025-06-30 02:22:06,42.4773826599121,-8.94461250305176,"Male"
"9004160",371982,2025-06-30 02:27:01,42.4775657653809,-8.94478702545166,"Male"
"9004160",371982,2025-06-30 02:32:01,42.4773559570312,-8.94467830657959,"Male"
"9004160",371982,2025-06-30 02:37:04,42.4774742126465,-8.94470500946045,"Male"
"9004160",371982,2025-06-30 02:42:07,42.4774208068848,-8.94469261169434,"Male"
"9004160",371982,2025-06-30 02:47:14,42.4774284362793,-8.94471168518066,"Male"
"9004160",371982,2025-06-30 02:51:58,42.4773941040039,-8.94473838806152,"Male"
"9004160",371982,2025-06-30 02:56:58,42.4773788452148,-8.9447193145752,"Male"
"9004160",371982,2025-06-30 03:02:02,42.4774169921875,-8.94481468200684,"Male"
"9004160",371982,2025-06-30 03:07:01,42.4774169921875,-8.94478702545166,"Male"
"9004160",371982,2025-06-30 03:11:57,42.4774131774902,-8.94476890563965,"Male"
"9004160",371982,2025-06-30 03:17:00,42.477466583252,-8.94479656219482,"Male"
"9004160",371982,2025-06-30 03:21:59,42.4774436950684,-8.94472599029541,"Male"
"9004160",371982,2025-06-30 03:26:59,42.4774208068848,-8.94477653503418,"Male"
"9004160",371982,2025-06-30 03:32:14,42.4773941040039,-8.94471836090088,"Male"
"9004160",371982,2025-06-30 03:37:07,42.4775428771973,-8.9449348449707,"Male"
"9004160",371982,2025-06-30 03:42:07,42.4776382446289,-8.94497299194336,"Male"
"9004160",371982,2025-06-30 03:47:07,42.4772491455078,-8.94468307495117,"Male"
"9004160",371982,2025-06-30 03:52:07,42.4774017333984,-8.94496631622314,"Male"
"9004160",371982,2025-06-30 03:57:15,42.4773750305176,-8.94484424591064,"Male"
"9004160",371982,2025-06-30 04:01:59,42.4774169921875,-8.94473648071289,"Male"
"9004160",371982,2025-06-30 04:06:59,42.477352142334,-8.9449462890625,"Male"
"9004160",371982,2025-06-30 04:12:15,42.4773559570312,-8.94486808776855,"Male"
"9004160",371982,2025-06-30 04:17:06,42.4772415161133,-8.9447660446167,"Male"
"9004160",371982,2025-06-30 04:22:08,42.4769134521484,-8.94464492797852,"Male"
"9004160",371982,2025-06-30 04:26:57,42.4772644042969,-8.94513416290283,"Male"
"9004160",371982,2025-06-30 04:32:29,42.4774398803711,-8.94483757019043,"Male"
"9004160",371982,2025-06-30 04:37:17,42.4773788452148,-8.94478797912598,"Male"
"9004160",371982,2025-06-30 04:42:00,42.4774589538574,-8.94505023956299,"Male"
"9004160",371982,2025-06-30 04:47:34,42.4773063659668,-8.94454574584961,"Male"
"9004160",371982,2025-06-30 04:52:00,42.4772300720215,-8.94452667236328,"Male"
"9004160",371982,2025-06-30 04:56:57,42.4773597717285,-8.94464778900146,"Male"
"9004160",371982,2025-06-30 05:02:00,42.4773902893066,-8.94465255737305,"Male"
"9004160",371982,2025-06-30 05:07:00,42.477367401123,-8.94463634490967,"Male"
"9004160",371982,2025-06-30 05:11:56,42.4774436950684,-8.94477367401123,"Male"
"9004160",371982,2025-06-30 05:17:02,42.4772682189941,-8.94464111328125,"Male"
"9004160",371982,2025-06-30 05:22:04,42.4773635864258,-8.94464683532715,"Male"
"9004160",371982,2025-06-30 05:27:00,42.4773750305176,-8.94463157653809,"Male"
"9004160",371982,2025-06-30 05:32:00,42.4775390625,-8.94479179382324,"Male"
"9004160",371982,2025-06-30 05:37:00,42.4769325256348,-8.94435501098633,"Male"
"9004160",371982,2025-06-30 05:42:00,42.4769401550293,-8.94431495666504,"Male"
"9004160",371982,2025-06-30 05:47:07,42.4773406982422,-8.94461631774902,"Male"
"9004160",371982,2025-06-30 05:52:06,42.4773254394531,-8.94466781616211,"Male"
"9004160",371982,2025-06-30 05:57:53,42.4773406982422,-8.9446325302124,"Male"
"9004160",371982,2025-06-30 06:02:09,42.477367401123,-8.944580078125,"Male"
"9004160",371982,2025-06-30 06:07:09,42.4773979187012,-8.94456195831299,"Male"
"9004160",371982,2025-06-30 06:12:09,42.4773559570312,-8.94465637207031,"Male"
"9004160",371982,2025-06-30 06:17:29,42.477294921875,-8.94473552703857,"Male"
"9004160",371982,2025-06-30 06:22:07,42.477409362793,-8.94460296630859,"Male"
"9004160",371982,2025-06-30 06:27:06,42.4774322509766,-8.94458484649658,"Male"
"9004160",371982,2025-06-30 06:32:06,42.4773826599121,-8.944655418396,"Male"
"9004160",371982,2025-06-30 06:37:07,42.4774208068848,-8.94463634490967,"Male"
"9004160",371982,2025-06-30 06:42:07,42.4775733947754,-8.94469738006592,"Male"
"9004160",371982,2025-06-30 06:47:16,42.4774856567383,-8.94464683532715,"Male"
"9004160",371982,2025-06-30 06:52:04,42.4774398803711,-8.94462013244629,"Male"
"9004160",371982,2025-06-30 06:57:01,42.4775352478027,-8.94510936737061,"Male"
"9004160",371982,2025-06-30 07:02:07,42.4775009155273,-8.94465637207031,"Male"
"9004160",371982,2025-06-30 07:06:59,42.477481842041,-8.94465160369873,"Male"
"9004160",371982,2025-06-30 07:12:07,42.4774131774902,-8.9446382522583,"Male"
"9004160",371982,2025-06-30 07:17:38,42.4775123596191,-8.94514179229736,"Male"
"9004160",371982,2025-06-30 07:22:11,42.4791488647461,-8.9448413848877,"Male"
"9004160",371982,2025-06-30 07:27:08,42.502140045166,-8.90639305114746,"Male"
"9004160",371982,2025-06-30 07:32:14,42.5204048156738,-8.85305309295654,"Male"
"9004160",371982,2025-06-30 07:37:10,42.5217056274414,-8.83302211761475,"Male"
"9004160",371982,2025-06-30 07:42:25,42.5213088989258,-8.83286190032959,"Male"
"9004160",371982,2025-06-30 07:47:47,42.5213813781738,-8.83184719085693,"Male"
"9004160",371982,2025-06-30 07:53:18,42.5203399658203,-8.83097457885742,"Male"
"9004160",371982,2025-06-30 07:58:17,42.5204620361328,-8.82967758178711,"Male"
"9004160",371982,2025-06-30 08:03:13,42.520435333252,-8.82960224151611,"Male"
"9004160",371982,2025-06-30 08:08:34,42.5203895568848,-8.82971477508545,"Male"
"9004160",371982,2025-06-30 08:13:12,42.5204315185547,-8.82970809936523,"Male"
"9004160",371982,2025-06-30 08:18:12,42.5204315185547,-8.82968711853027,"Male"
"9004160",371982,2025-06-30 08:23:12,42.5204887390137,-8.82976531982422,"Male"
"9004160",371982,2025-06-30 08:28:12,42.5204048156738,-8.82969284057617,"Male"
"9004160",371982,2025-06-30 08:33:12,42.5204772949219,-8.8297758102417,"Male"
"9004160",371982,2025-06-30 08:38:12,42.5204544067383,-8.82971286773682,"Male"
"9004160",371982,2025-06-30 08:43:12,42.5204620361328,-8.82985019683838,"Male"
"9004160",371982,2025-06-30 08:48:14,42.5203628540039,-8.82963752746582,"Male"
"9004160",371982,2025-06-30 08:53:12,42.5203323364258,-8.82957172393799,"Male"
"9004160",371982,2025-06-30 08:58:13,42.520320892334,-8.82955265045166,"Male"
"9004160",371982,2025-06-30 09:03:14,42.520393371582,-8.82957935333252,"Male"
"9004160",371982,2025-06-30 09:08:18,42.5198020935059,-8.82841396331787,"Male"
"9004160",371982,2025-06-30 09:13:14,42.5203819274902,-8.82957077026367,"Male"
"9004160",371982,2025-06-30 09:18:12,42.5210342407227,-8.83095073699951,"Male"
"9004160",371982,2025-06-30 09:23:15,42.5203514099121,-8.82931518554688,"Male"
"9004160",371982,2025-06-30 09:28:14,42.5204582214355,-8.82964420318604,"Male"
"9004160",371982,2025-06-30 09:33:35,42.520393371582,-8.82972717285156,"Male"
"9004160",371982,2025-06-30 09:38:12,42.5203819274902,-8.82972717285156,"Male"
"9004160",371982,2025-06-30 09:43:12,42.5204162597656,-8.82974433898926,"Male"
"9004160",371982,2025-06-30 09:48:13,42.5203704833984,-8.82977104187012,"Male"
"9004160",371982,2025-06-30 09:53:13,42.5204162597656,-8.82971382141113,"Male"
"9004160",371982,2025-06-30 09:58:19,42.5204734802246,-8.82968521118164,"Male"
"9004160",371982,2025-06-30 10:03:12,42.5204315185547,-8.82976818084717,"Male"
"9004160",371982,2025-06-30 10:08:13,42.5204391479492,-8.82978057861328,"Male"
"9004160",371982,2025-06-30 10:13:21,42.520435333252,-8.83084678649902,"Male"
"9004160",371982,2025-06-30 10:26:15,42.5205383300781,-8.83233261108398,"Male"
"9004160",371982,2025-06-30 10:31:37,42.5203971862793,-8.83064651489258,"Male"
"9004160",371982,2025-06-30 10:36:33,42.5203666687012,-8.82966995239258,"Male"
"9004160",371982,2025-06-30 10:41:32,42.5204048156738,-8.82960605621338,"Male"
"9004160",371982,2025-06-30 10:46:44,42.5204086303711,-8.82968425750732,"Male"
"9004160",371982,2025-06-30 10:51:34,42.5204048156738,-8.82960605621338,"Male"
"9004160",371982,2025-06-30 10:56:34,42.5204467773438,-8.82950401306152,"Male"
"9004160",371982,2025-06-30 11:01:32,42.5207633972168,-8.83036518096924,"Male"
"9004160",371982,2025-06-30 11:06:34,42.520435333252,-8.82965850830078,"Male"
"9004160",371982,2025-06-30 11:11:44,42.520378112793,-8.8297233581543,"Male"
"9004160",371982,2025-06-30 11:16:31,42.5204391479492,-8.82972240447998,"Male"
"9004160",371982,2025-06-30 11:21:34,42.5203399658203,-8.82972240447998,"Male"
"9004160",371982,2025-06-30 11:26:37,42.5204124450684,-8.82975196838379,"Male"
"9004160",371982,2025-06-30 11:32:05,42.5204162597656,-8.82967185974121,"Male"
"9004160",371982,2025-06-30 11:36:31,42.5204315185547,-8.8297176361084,"Male"
"9004160",371982,2025-06-30 11:41:32,42.520393371582,-8.82968425750732,"Male"
"9004160",371982,2025-06-30 11:46:31,42.5204162597656,-8.82973098754883,"Male"
"9004160",371982,2025-06-30 11:51:31,42.5204277038574,-8.82973670959473,"Male"
"9004160",371982,2025-06-30 11:56:31,42.520435333252,-8.82981204986572,"Male"
"9004160",371982,2025-06-30 12:01:31,42.5204696655273,-8.82975006103516,"Male"
"9004160",371982,2025-06-30 12:06:31,42.5204315185547,-8.8295841217041,"Male"
"9004160",371982,2025-06-30 12:11:31,42.5204467773438,-8.82968807220459,"Male"
"9004160",371982,2025-06-30 12:16:31,42.5204200744629,-8.82975673675537,"Male"
"9004160",371982,2025-06-30 12:21:32,42.5204048156738,-8.8297176361084,"Male"
"9004160",371982,2025-06-30 12:26:31,42.520378112793,-8.82966423034668,"Male"
"9004160",371982,2025-06-30 12:31:31,42.520450592041,-8.82968711853027,"Male"
"9004160",371982,2025-06-30 12:36:31,42.5203552246094,-8.82962036132812,"Male"
"9004160",371982,2025-06-30 12:41:31,42.520435333252,-8.82970714569092,"Male"
"9004160",371982,2025-06-30 12:46:31,42.5203857421875,-8.82968044281006,"Male"
"9004160",371982,2025-06-30 12:51:32,42.520435333252,-8.82963752746582,"Male"
"9004160",371982,2025-06-30 12:56:31,42.520393371582,-8.82971668243408,"Male"
"9004160",371982,2025-06-30 13:01:37,42.5204277038574,-8.82972526550293,"Male"
"9004160",371982,2025-06-30 13:07:03,42.520435333252,-8.82972431182861,"Male"
"9004160",371982,2025-06-30 13:11:31,42.5204086303711,-8.82973480224609,"Male"
"9004160",371982,2025-06-30 13:16:55,42.5207710266113,-8.83065223693848,"Male"
"9004160",371982,2025-06-30 13:22:07,42.5210342407227,-8.83203411102295,"Male"
"9004160",371982,2025-06-30 13:27:32,42.520378112793,-8.83241271972656,"Male"
"9004160",371982,2025-06-30 13:32:45,42.5215072631836,-8.83175468444824,"Male"
"9004160",371982,2025-06-30 13:38:16,42.5216674804688,-8.831374168396,"Male"
"9004160",371982,2025-06-30 13:43:10,42.5211639404297,-8.83007621765137,"Male"
"9004160",371982,2025-06-30 13:48:05,42.5204086303711,-8.82971668243408,"Male"
"9004160",371982,2025-06-30 13:53:05,42.520393371582,-8.8297643661499,"Male"
"9004160",371982,2025-06-30 13:58:05,42.5204124450684,-8.8297290802002,"Male"
"9004160",371982,2025-06-30 14:03:05,42.5204162597656,-8.82972145080566,"Male"
"9004160",371982,2025-06-30 14:08:05,42.5204086303711,-8.82971858978271,"Male"
"9004160",371982,2025-06-30 14:13:05,42.5203552246094,-8.82973289489746,"Male"
"9004160",371982,2025-06-30 14:18:05,42.5204467773438,-8.8297700881958,"Male"
"9004160",371982,2025-06-30 14:23:05,42.5204162597656,-8.82975196838379,"Male"
"9004160",371982,2025-06-30 14:28:06,42.5204086303711,-8.82971858978271,"Male"
"9004160",371982,2025-06-30 14:33:05,42.520378112793,-8.829758644104,"Male"
"9004160",371982,2025-06-30 14:38:05,42.5204238891602,-8.82972145080566,"Male"
"9004160",371982,2025-06-30 14:43:07,42.5204277038574,-8.82971000671387,"Male"
"9004160",371982,2025-06-30 14:48:07,42.5204620361328,-8.82984256744385,"Male"
"9004160",371982,2025-06-30 14:53:05,42.5204849243164,-8.82979202270508,"Male"
"9004160",371982,2025-06-30 14:58:07,42.5204734802246,-8.82978439331055,"Male"
"9004160",371982,2025-06-30 15:03:26,42.5204391479492,-8.82963943481445,"Male"
"9004160",371982,2025-06-30 15:08:06,42.5203666687012,-8.82956981658936,"Male"
"9004160",371982,2025-06-30 15:13:06,42.5204620361328,-8.82978916168213,"Male"
"9004160",371982,2025-06-30 15:18:07,42.5207176208496,-8.83004951477051,"Male"
"9004160",371982,2025-06-30 15:23:07,42.5206069946289,-8.82991695404053,"Male"
"9004160",371982,2025-06-30 15:28:31,42.5204544067383,-8.82964324951172,"Male"
"9004160",371982,2025-06-30 15:33:05,42.5203628540039,-8.82962894439697,"Male"
"9004160",371982,2025-06-30 15:38:06,42.5201301574707,-8.82937049865723,"Male"
"9004160",371982,2025-06-30 15:43:06,42.5204391479492,-8.8296537399292,"Male"
"9004160",371982,2025-06-30 15:48:06,42.5204048156738,-8.82968425750732,"Male"
"9004160",371982,2025-06-30 15:53:05,42.5204467773438,-8.82960987091064,"Male"
"9004160",371982,2025-06-30 15:58:06,42.5204162597656,-8.82964134216309,"Male"
"9004160",371982,2025-06-30 16:03:05,42.5204277038574,-8.8296365737915,"Male"
"9004160",371982,2025-06-30 16:08:17,42.5205192565918,-8.82969951629639,"Male"
"9004160",371982,2025-06-30 16:13:06,42.5204811096191,-8.82956790924072,"Male"
"9004160",371982,2025-06-30 16:18:16,42.5205192565918,-8.82971000671387,"Male"
"9004160",371982,2025-06-30 16:23:05,42.5204467773438,-8.82965660095215,"Male"
"9004160",371982,2025-06-30 16:28:15,42.5203971862793,-8.82967567443848,"Male"
"9004160",371982,2025-06-30 16:33:13,42.520435333252,-8.82967185974121,"Male"
"9004160",371982,2025-06-30 16:38:16,42.5204238891602,-8.82967472076416,"Male"
"9004160",371982,2025-06-30 16:43:17,42.5204658508301,-8.82967567443848,"Male"
"9004160",371982,2025-06-30 16:48:35,42.5203666687012,-8.82968425750732,"Male"
"9004160",371982,2025-06-30 16:53:06,42.520393371582,-8.82966804504395,"Male"
"9004160",371982,2025-06-30 16:58:06,42.5203704833984,-8.82960319519043,"Male"
"9004160",371982,2025-06-30 17:03:06,42.5203742980957,-8.82963371276855,"Male"
"9004160",371982,2025-06-30 17:08:08,42.5205001831055,-8.8297061920166,"Male"
"9004160",371982,2025-06-30 17:13:05,42.520450592041,-8.82969951629639,"Male"
"9004160",371982,2025-06-30 17:18:05,42.5204658508301,-8.82972526550293,"Male"
"9004160",371982,2025-06-30 17:23:08,42.5205841064453,-8.8297700881958,"Male"
"9004160",371982,2025-06-30 17:28:07,42.5204544067383,-8.82968139648438,"Male"
"9004160",371982,2025-06-30 17:33:07,42.5207176208496,-8.829909324646,"Male"
"9004160",371982,2025-06-30 17:38:08,42.5208625793457,-8.83000373840332,"Male"
"9004160",371982,2025-06-30 17:43:18,42.5204010009766,-8.82965469360352,"Male"
"9004160",371982,2025-06-30 17:48:06,42.5205039978027,-8.82980632781982,"Male"
"9004160",371982,2025-06-30 17:53:07,42.5207061767578,-8.83001804351807,"Male"
"9004160",371982,2025-06-30 17:58:09,42.5208435058594,-8.83020210266113,"Male"
"9004160",371982,2025-06-30 18:03:18,42.5204010009766,-8.82966899871826,"Male"
"9004160",371982,2025-06-30 18:08:06,42.5206413269043,-8.82963943481445,"Male"
"9004160",371982,2025-06-30 18:13:09,42.5199966430664,-8.82871246337891,"Male"
"9004160",371982,2025-06-30 18:18:09,42.5203590393066,-8.82925033569336,"Male"
"9004160",371982,2025-06-30 18:23:08,42.5201721191406,-8.82874202728271,"Male"
"9004160",371982,2025-06-30 18:28:07,42.520580291748,-8.82954692840576,"Male"
"9004160",371982,2025-06-30 18:33:07,42.5204696655273,-8.82935905456543,"Male"
"9004160",371982,2025-06-30 18:38:19,42.5206108093262,-8.82961845397949,"Male"
"9004160",371982,2025-06-30 18:43:05,42.5205879211426,-8.82963275909424,"Male"
"9004160",371982,2025-06-30 18:48:10,42.5205841064453,-8.8297233581543,"Male"
"9004160",371982,2025-06-30 18:53:45,42.5201721191406,-8.83176326751709,"Male"
"9004160",371982,2025-06-30 18:58:06,42.5203857421875,-8.83287620544434,"Male"
"9004160",371982,2025-06-30 19:03:06,42.503101348877,-8.87100696563721,"Male"
"9004160",371982,2025-06-30 19:08:06,42.4854431152344,-8.92393207550049,"Male"
"9004160",371982,2025-06-30 19:13:13,42.4776954650879,-8.9445858001709,"Male"
"9004160",371982,2025-06-30 19:18:35,42.4777221679688,-8.94447040557861,"Male"
"9004160",371982,2025-06-30 19:23:06,42.4777526855469,-8.94452953338623,"Male"
"9004160",371982,2025-06-30 19:28:06,42.4777641296387,-8.94451236724854,"Male"
"9004160",371982,2025-06-30 19:33:06,42.4777030944824,-8.94448184967041,"Male"
"9004160",371982,2025-06-30 19:38:06,42.4776344299316,-8.94445323944092,"Male"
"9004160",371982,2025-06-30 19:43:08,42.4773864746094,-8.94469928741455,"Male"
"9004160",371982,2025-06-30 19:48:05,42.4774055480957,-8.9447546005249,"Male"
"9004160",371982,2025-06-30 19:53:05,42.4773979187012,-8.94472789764404,"Male"
"9004160",371982,2025-06-30 19:58:17,42.4774398803711,-8.94464206695557,"Male"
"9004160",371982,2025-06-30 20:03:05,42.4773902893066,-8.9446849822998,"Male"
"9004160",371982,2025-06-30 20:08:06,42.4773292541504,-8.94464874267578,"Male"
"9004160",371982,2025-06-30 20:13:09,42.4772796630859,-8.94468021392822,"Male"
"9004160",371982,2025-06-30 20:18:05,42.4774475097656,-8.94467449188232,"Male"
"9004160",371982,2025-06-30 20:23:05,42.4774513244629,-8.9445686340332,"Male"
"9004160",371982,2025-06-30 20:28:05,42.4774932861328,-8.9446382522583,"Male"
"9004160",371982,2025-06-30 20:33:05,42.4775161743164,-8.94465255737305,"Male"
"9004160",371982,2025-06-30 20:38:05,42.4775085449219,-8.94469833374023,"Male"
"9004160",371982,2025-06-30 20:43:09,42.4774627685547,-8.94474315643311,"Male"
"9004160",371982,2025-06-30 20:48:16,42.4774513244629,-8.94462871551514,"Male"
"9004160",371982,2025-06-30 20:53:08,42.4774971008301,-8.94463348388672,"Male"
"9004160",371982,2025-06-30 20:58:16,42.4774742126465,-8.94464015960693,"Male"
"9004160",371982,2025-06-30 21:03:17,42.4775085449219,-8.94462013244629,"Male"
"9004160",371982,2025-06-30 21:08:19,42.4775009155273,-8.94458198547363,"Male"
"9004160",371982,2025-06-30 21:13:16,42.4774932861328,-8.94460201263428,"Male"
"9004160",371982,2025-06-30 21:18:16,42.4775466918945,-8.94459342956543,"Male"
"9004160",371982,2025-06-30 21:23:18,42.4774971008301,-8.94458198547363,"Male"
"9004160",371982,2025-06-30 21:28:19,42.4775161743164,-8.94465923309326,"Male"
"9004160",371982,2025-06-30 21:33:23,42.4776878356934,-8.94463729858398,"Male"
"9004160",371982,2025-06-30 21:38:28,42.4775314331055,-8.94468021392822,"Male"
"9004160",371982,2025-06-30 21:43:35,42.477466583252,-8.9446268081665,"Male"
"9004160",371982,2025-06-30 21:48:05,42.4775161743164,-8.94477558135986,"Male"
"9004160",371982,2025-06-30 21:53:06,42.4774551391602,-8.94468593597412,"Male"
"9004160",371982,2025-06-30 21:58:05,42.4774856567383,-8.94459629058838,"Male"
"9004160",371982,2025-06-30 22:03:05,42.4774589538574,-8.94459915161133,"Male"
"9004160",371982,2025-06-30 22:08:05,42.4774513244629,-8.94459247589111,"Male"
"9004160",371982,2025-06-30 22:13:05,42.4774360656738,-8.9446496963501,"Male"
"9004160",371982,2025-06-30 22:18:05,42.4774475097656,-8.94465827941895,"Male"
"9004160",371982,2025-06-30 22:23:05,42.4774742126465,-8.94466590881348,"Male"
"9004160",371982,2025-06-30 22:28:05,42.4774284362793,-8.94460773468018,"Male"
"9004160",371982,2025-06-30 22:33:05,42.4774589538574,-8.94461917877197,"Male"
"9004160",371982,2025-06-30 22:38:05,42.4774284362793,-8.94458961486816,"Male"
"9004160",371982,2025-06-30 22:43:05,42.4774169921875,-8.94462871551514,"Male"
"9004160",371982,2025-06-30 22:48:05,42.4774475097656,-8.94456005096436,"Male"
"9004160",371982,2025-06-30 22:53:05,42.4774627685547,-8.94463348388672,"Male"
"9004160",371982,2025-06-30 22:58:05,42.4773941040039,-8.94468784332275,"Male"
"9004160",371982,2025-06-30 23:03:05,42.4774169921875,-8.94455528259277,"Male"
"9004160",371982,2025-06-30 23:08:07,42.4773445129395,-8.94455432891846,"Male"
"9004160",371982,2025-06-30 23:13:07,42.4773712158203,-8.94460296630859,"Male"
"9004160",371982,2025-06-30 23:18:05,42.4774742126465,-8.94456577301025,"Male"
"9004160",371982,2025-06-30 23:23:06,42.4773788452148,-8.94469738006592,"Male"
"9004160",371982,2025-06-30 23:28:06,42.4775619506836,-8.94487571716309,"Male"
"9004160",371982,2025-06-30 23:33:07,42.4774703979492,-8.94490432739258,"Male"
"9004160",371982,2025-06-30 23:38:07,42.4775085449219,-8.94478321075439,"Male"
"9004160",371982,2025-06-30 23:43:08,42.4774284362793,-8.94490337371826,"Male"
"9004160",371982,2025-06-30 23:48:10,42.4775047302246,-8.94493198394775,"Male"
"9004160",371982,2025-06-30 23:53:08,42.4774856567383,-8.94569110870361,"Male"
"9004160",371982,2025-06-30 23:58:13,42.4774932861328,-8.94457912445068,"Male"
"9004160",371982,2025-07-01 00:03:35,42.4774856567383,-8.94466972351074,"Male"
"9004160",371982,2025-07-01 00:08:08,42.4775314331055,-8.94464111328125,"Male"
"9004160",371982,2025-07-01 00:13:06,42.4774894714355,-8.9445743560791,"Male"
"9004160",371982,2025-07-01 00:18:08,42.4775161743164,-8.94474601745605,"Male"
"9004160",371982,2025-07-01 00:23:05,42.4773712158203,-8.94462013244629,"Male"
"9004160",371982,2025-07-01 00:28:12,42.4774856567383,-8.94461441040039,"Male"
"9004160",371982,2025-07-01 00:33:05,42.4776420593262,-8.944655418396,"Male"
"9004160",371982,2025-07-01 00:38:06,42.4776382446289,-8.94463539123535,"Male"
"9004160",371982,2025-07-01 00:43:09,42.4776611328125,-8.9447774887085,"Male"
"9004160",371982,2025-07-01 00:48:07,42.4775924682617,-8.94472980499268,"Male"
"9004160",371982,2025-07-01 00:53:06,42.4777297973633,-8.94469356536865,"Male"
"9004160",371982,2025-07-01 00:58:06,42.4775047302246,-8.94454479217529,"Male"
"9004160",371982,2025-07-01 01:03:07,42.4776039123535,-8.94473743438721,"Male"
"9004160",371982,2025-07-01 01:08:06,42.4775428771973,-8.94460391998291,"Male"
"9004160",371982,2025-07-01 01:13:07,42.4774017333984,-8.94461727142334,"Male"
"9004160",371982,2025-07-01 01:18:07,42.477596282959,-8.94475173950195,"Male"
"9004160",371982,2025-07-01 01:23:12,42.4774017333984,-8.94453907012939,"Male"
"9004160",371982,2025-07-01 01:28:29,42.4775009155273,-8.94460487365723,"Male"
"9004160",371982,2025-07-01 01:33:16,42.4774742126465,-8.94467353820801,"Male"
"9004160",371982,2025-07-01 01:38:10,42.4775695800781,-8.94478321075439,"Male"
"9004160",371982,2025-07-01 01:43:35,42.477424621582,-8.94466304779053,"Male"
"9004160",371982,2025-07-01 01:48:05,42.4774322509766,-8.9446268081665,"Male"
"9004160",371982,2025-07-01 01:53:05,42.4774742126465,-8.94458675384521,"Male"
"9004160",371982,2025-07-01 01:58:05,42.4774971008301,-8.94464111328125,"Male"
"9004160",371982,2025-07-01 02:03:05,42.4774513244629,-8.94461727142334,"Male"
"9004160",371982,2025-07-01 02:08:05,42.477466583252,-8.94464874267578,"Male"
"9004160",371982,2025-07-01 02:13:05,42.4774169921875,-8.94454765319824,"Male"
"9004160",371982,2025-07-01 02:18:05,42.4775009155273,-8.94462394714355,"Male"
"9004160",371982,2025-07-01 02:23:05,42.4774780273438,-8.94465160369873,"Male"
"9004160",371982,2025-07-01 02:28:06,42.4776077270508,-8.94464778900146,"Male"
"9004160",371982,2025-07-01 02:33:06,42.4775314331055,-8.94455146789551,"Male"
"9004160",371982,2025-07-01 02:38:05,42.4775772094727,-8.94456005096436,"Male"
"9004160",371982,2025-07-01 02:43:08,42.4775199890137,-8.9449634552002,"Male"
"9004160",371982,2025-07-01 02:48:06,42.4775085449219,-8.94491481781006,"Male"
"9004160",371982,2025-07-01 02:53:05,42.4773750305176,-8.94472599029541,"Male"
"9004160",371982,2025-07-01 02:58:06,42.4776268005371,-8.94480800628662,"Male"
"9004160",371982,2025-07-01 03:03:09,42.4778366088867,-8.94511795043945,"Male"
"9004160",371982,2025-07-01 03:08:07,42.4778442382812,-8.94501113891602,"Male"
"9004160",371982,2025-07-01 03:13:06,42.4776802062988,-8.94503402709961,"Male"
"9004160",371982,2025-07-01 03:18:09,42.4778175354004,-8.94487762451172,"Male"
"9004160",371982,2025-07-01 03:23:13,42.4773559570312,-8.94458198547363,"Male"
"9004160",371982,2025-07-01 03:28:08,42.4773330688477,-8.94456577301025,"Male"
"9004160",371982,2025-07-01 03:33:10,42.4769744873047,-8.94427490234375,"Male"
"9004160",371982,2025-07-01 03:38:32,42.4773254394531,-8.94471073150635,"Male"
"9004160",371982,2025-07-01 03:43:06,42.477466583252,-8.94467258453369,"Male"
"9004160",371982,2025-07-01 03:48:07,42.477481842041,-8.94457340240479,"Male"
"9004160",371982,2025-07-01 03:53:05,42.4774627685547,-8.94466400146484,"Male"
"9004160",371982,2025-07-01 03:58:05,42.4774131774902,-8.94465160369873,"Male"
"9004160",371982,2025-07-01 04:03:05,42.4774398803711,-8.94469547271729,"Male"
"9004160",371982,2025-07-01 04:08:05,42.4774055480957,-8.94471263885498,"Male"
"9004160",371982,2025-07-01 04:13:05,42.4774131774902,-8.94460868835449,"Male"
"9004160",371982,2025-07-01 04:18:05,42.4773902893066,-8.94473266601562,"Male"
"9004160",371982,2025-07-01 04:23:06,42.4774436950684,-8.94468975067139,"Male"
"9004160",371982,2025-07-01 04:28:06,42.477409362793,-8.94461441040039,"Male"
"9004160",371982,2025-07-01 04:33:05,42.4773788452148,-8.94472217559814,"Male"
"9004160",371982,2025-07-01 04:38:15,42.4772987365723,-8.94471263885498,"Male"
"9004160",371982,2025-07-01 04:43:11,42.4774703979492,-8.9446496963501,"Male"
"9004160",371982,2025-07-01 04:48:07,42.4773559570312,-8.94463348388672,"Male"
"9004160",371982,2025-07-01 04:53:06,42.4774017333984,-8.94461345672607,"Male"
"9004160",371982,2025-07-01 04:58:05,42.4774055480957,-8.94467449188232,"Male"
"9004160",371982,2025-07-01 05:03:06,42.4773864746094,-8.94467067718506,"Male"
"9004160",371982,2025-07-01 05:08:05,42.477352142334,-8.94467639923096,"Male"
"9004160",371982,2025-07-01 05:13:07,42.4774398803711,-8.94463920593262,"Male"
"9004160",371982,2025-07-01 05:18:09,42.4773788452148,-8.94462871551514,"Male"
"9004160",371982,2025-07-01 05:23:09,42.4773750305176,-8.94459056854248,"Male"
"9004160",371982,2025-07-01 05:28:09,42.4772987365723,-8.94444751739502,"Male"
"9004160",371982,2025-07-01 05:33:07,42.4772071838379,-8.94465351104736,"Male"
"9004160",371982,2025-07-01 05:38:23,42.4773902893066,-8.94480609893799,"Male"
"9004160",371982,2025-07-01 05:43:17,42.4773826599121,-8.94473934173584,"Male"
"9004160",371982,2025-07-01 05:48:12,42.4771766662598,-8.94440269470215,"Male"
"9004160",371982,2025-07-01 05:53:18,42.4775428771973,-8.94473648071289,"Male"
"9004160",371982,2025-07-01 05:58:35,42.4773750305176,-8.94459819793701,"Male"
"9004160",371982,2025-07-01 06:03:35,42.4774589538574,-8.94458103179932,"Male"
"9004160",371982,2025-07-01 06:08:05,42.4774894714355,-8.94463443756104,"Male"
"9004160",371982,2025-07-01 06:13:05,42.4776840209961,-8.94484233856201,"Male"
"9004160",371982,2025-07-01 06:18:05,42.4774551391602,-8.94458770751953,"Male"
"9004160",371982,2025-07-01 06:23:06,42.4774398803711,-8.94449424743652,"Male"
"9004160",371982,2025-07-01 06:28:07,42.4775466918945,-8.94482803344727,"Male"
"9004160",371982,2025-07-01 06:33:07,42.4775238037109,-8.94462299346924,"Male"
"9004160",371982,2025-07-01 06:38:09,42.4775428771973,-8.94493770599365,"Male"
"9004160",371982,2025-07-01 06:43:15,42.4774971008301,-8.94455814361572,"Male"
"9004160",371982,2025-07-01 06:48:07,42.4775085449219,-8.94486427307129,"Male"
"9004160",371982,2025-07-01 06:53:18,42.477481842041,-8.94455051422119,"Male"
"9004160",371982,2025-07-01 06:58:06,42.477481842041,-8.94463634490967,"Male"
"9004160",371982,2025-07-01 07:03:10,42.4782943725586,-8.94325351715088,"Male"
"9004160",371982,2025-07-01 07:08:13,42.4859390258789,-8.92422103881836,"Male"
"9004160",371982,2025-07-01 07:13:07,42.4872245788574,-8.92016124725342,"Male"
"9004160",371982,2025-07-01 07:18:06,42.4973297119141,-8.89844226837158,"Male"
"9004160",371982,2025-07-01 07:23:06,42.4973526000977,-8.89846038818359,"Male"
"9004160",371982,2025-07-01 07:28:06,42.5073928833008,-8.86611652374268,"Male"
"9004160",371982,2025-07-01 07:33:06,42.5134696960449,-8.85076236724854,"Male"
"9004160",371982,2025-07-01 07:38:05,42.5170516967773,-8.84137916564941,"Male"
"9004160",371982,2025-07-01 07:43:53,42.5210571289062,-8.83117866516113,"Male"
"9004160",371982,2025-07-01 07:49:21,42.5218505859375,-8.83206272125244,"Male"
"9004160",371982,2025-07-01 07:54:26,42.5219116210938,-8.8319730758667,"Male"
"9004160",371982,2025-07-01 08:01:19,42.5209007263184,-8.8303165435791,"Male"
"9004160",371982,2025-07-01 08:05:14,42.5206642150879,-8.82962417602539,"Male"
"9004160",371982,2025-07-01 08:09:54,42.5206642150879,-8.829665184021,"Male"
"9004160",371982,2025-07-01 08:14:54,42.5205268859863,-8.83006572723389,"Male"
"9004160",371982,2025-07-01 08:19:55,42.5205307006836,-8.82997131347656,"Male"
"9004160",371982,2025-07-01 08:24:54,42.5204582214355,-8.82989978790283,"Male"
"9004160",371982,2025-07-01 08:29:55,42.5202140808105,-8.82958126068115,"Male"
"9004160",371982,2025-07-01 08:34:55,42.5205726623535,-8.82976722717285,"Male"
"9004160",371982,2025-07-01 08:39:54,42.5206069946289,-8.82985782623291,"Male"
"9004160",371982,2025-07-01 08:44:57,42.5206413269043,-8.82966899871826,"Male"
"9004160",371982,2025-07-01 08:50:14,42.5205192565918,-8.82959461212158,"Male"
"9004160",371982,2025-07-01 08:54:55,42.5204010009766,-8.8296480178833,"Male"
"9004160",371982,2025-07-01 08:59:54,42.5205154418945,-8.82963085174561,"Male"
"9004160",371982,2025-07-01 09:04:54,42.5236129760742,-8.83359909057617,"Male"
"9004160",371982,2025-07-01 09:09:58,42.5205421447754,-8.82951068878174,"Male"
"9004160",371982,2025-07-01 09:15:03,42.5205192565918,-8.82960319519043,"Male"
"9004160",371982,2025-07-01 09:20:44,42.5207862854004,-8.83014106750488,"Male"
"9004160",371982,2025-07-01 09:24:54,42.5207443237305,-8.83003997802734,"Male"
"9004160",371982,2025-07-01 09:29:54,42.5208129882812,-8.83011817932129,"Male"
"9004160",371982,2025-07-01 09:34:54,42.5207672119141,-8.83006477355957,"Male"
"9004160",371982,2025-07-01 09:40:09,42.5208282470703,-8.82991123199463,"Male"
"9004160",371982,2025-07-01 09:45:14,42.5207290649414,-8.82982921600342,"Male"
"9004160",371982,2025-07-01 09:49:57,42.5206985473633,-8.82979011535645,"Male"
"9004160",371982,2025-07-01 09:54:54,42.5209541320801,-8.82993507385254,"Male"
"9004160",371982,2025-07-01 09:59:54,42.5208473205566,-8.83003711700439,"Male"
"9004160",371982,2025-07-01 10:04:56,42.520881652832,-8.82989978790283,"Male"
"9004160",371982,2025-07-01 10:10:03,42.5207710266113,-8.82979488372803,"Male"
"9004160",371982,2025-07-01 10:14:59,42.5209159851074,-8.82979774475098,"Male"
"9004160",371982,2025-07-01 10:19:54,42.5209655761719,-8.82993030548096,"Male"
"9004160",371982,2025-07-01 10:24:56,42.5206832885742,-8.82980537414551,"Male"
"9004160",371982,2025-07-01 10:29:54,42.5206413269043,-8.82985877990723,"Male"
"9004160",371982,2025-07-01 10:35:14,42.5207328796387,-8.8297758102417,"Male"
"9004160",371982,2025-07-01 10:39:55,42.5206527709961,-8.82979106903076,"Male"
"9004160",371982,2025-07-01 10:44:55,42.5206451416016,-8.82974529266357,"Male"
"9004160",371982,2025-07-01 10:49:55,42.5207061767578,-8.82977294921875,"Male"
"9004160",371982,2025-07-01 10:54:54,42.5208930969238,-8.82982540130615,"Male"
"9004160",371982,2025-07-01 10:59:55,42.5206298828125,-8.82967376708984,"Male"
"9004160",371982,2025-07-01 11:15:44,42.5193786621094,-8.832763671875,"Male"
"9004160",371982,2025-07-01 11:21:20,42.5195350646973,-8.83234024047852,"Male"
"9004160",371982,2025-07-01 11:26:48,42.5201606750488,-8.8325719833374,"Male"
"9004160",371982,2025-07-01 11:58:06,42.5204658508301,-8.82973575592041,"Male"
"9004160",371982,2025-07-01 12:02:24,42.5207443237305,-8.82975196838379,"Male"
"9004160",371982,2025-07-01 12:07:25,42.5204429626465,-8.82966804504395,"Male"
"9004160",371982,2025-07-01 12:12:25,42.5203399658203,-8.82969284057617,"Male"
"9004160",371982,2025-07-01 12:17:24,42.5202484130859,-8.8297233581543,"Male"
"9004160",371982,2025-07-01 12:22:25,42.5202293395996,-8.82961463928223,"Male"
"9004160",371982,2025-07-01 12:27:25,42.5204772949219,-8.82970237731934,"Male"
"9004160",371982,2025-07-01 12:32:24,42.5204772949219,-8.82964706420898,"Male"
"9004160",371982,2025-07-01 12:37:24,42.5203552246094,-8.82974624633789,"Male"
"9004160",371982,2025-07-01 12:42:24,42.520378112793,-8.82964134216309,"Male"
"9004160",371982,2025-07-01 12:47:24,42.5204658508301,-8.82969665527344,"Male"
"9004160",371982,2025-07-01 12:52:24,42.5203666687012,-8.82965087890625,"Male"
"9004160",371982,2025-07-01 12:57:24,42.5203285217285,-8.82984447479248,"Male"
"9004160",371982,2025-07-01 13:02:27,42.5203857421875,-8.82965564727783,"Male"
"9004160",371982,2025-07-01 13:07:31,42.5203323364258,-8.82968330383301,"Male"
"9004160",371982,2025-07-01 13:12:24,42.5203170776367,-8.82958316802979,"Male"
"9004160",371982,2025-07-01 13:17:26,42.5204467773438,-8.8297643661499,"Male"
"9004160",371982,2025-07-01 13:22:24,42.5204925537109,-8.82979202270508,"Male"
"9004160",371982,2025-07-01 13:27:49,42.5204315185547,-8.82974052429199,"Male"
"9004160",371982,2025-07-01 13:32:26,42.5203590393066,-8.82960796356201,"Male"
"9004160",371982,2025-07-01 13:37:25,42.5204010009766,-8.82971286773682,"Male"
"9004160",371982,2025-07-01 13:42:28,42.5204391479492,-8.82972240447998,"Male"
"9004160",371982,2025-07-01 13:47:44,42.5204238891602,-8.82970714569092,"Male"
"9004160",371982,2025-07-01 13:52:26,42.5204391479492,-8.82971477508545,"Male"
"9004160",371982,2025-07-01 13:57:24,42.5204696655273,-8.82976055145264,"Male"
"9004160",371982,2025-07-01 14:02:26,42.520435333252,-8.82980442047119,"Male"
"9004160",371982,2025-07-01 14:07:25,42.5205230712891,-8.82981109619141,"Male"
"9004160",371982,2025-07-01 14:12:25,42.5204086303711,-8.82973861694336,"Male"
"9004160",371982,2025-07-01 14:17:26,42.5204849243164,-8.82978916168213,"Male"
"9004160",371982,2025-07-01 14:22:36,42.5206718444824,-8.82975578308105,"Male"
"9004160",371982,2025-07-01 14:27:30,42.5203819274902,-8.82965278625488,"Male"
"9004160",371982,2025-07-01 14:32:44,42.5204162597656,-8.82974338531494,"Male"
"9004160",371982,2025-07-01 14:37:27,42.5203666687012,-8.82963466644287,"Male"
"9004160",371982,2025-07-01 14:42:34,42.5204124450684,-8.82973384857178,"Male"
"9004160",371982,2025-07-01 14:47:24,42.5203857421875,-8.82970523834229,"Male"
"9004160",371982,2025-07-01 14:52:45,42.5200958251953,-8.83146476745605,"Male"
"9004160",371982,2025-07-01 15:00:47,42.5211296081543,-8.83187484741211,"Male"
"9004160",371982,2025-07-01 15:09:42,42.5204429626465,-8.83112812042236,"Male"
"9004160",371982,2025-07-01 15:15:53,42.5216522216797,-8.83245754241943,"Male"
"9004160",371982,2025-07-01 15:21:21,42.5209541320801,-8.82999706268311,"Male"
"9004160",371982,2025-07-01 15:26:35,42.5203132629395,-8.82963275909424,"Male"
"9004160",371982,2025-07-01 15:31:35,42.5205230712891,-8.82953453063965,"Male"
"9004160",371982,2025-07-01 15:36:12,42.520378112793,-8.82968807220459,"Male"
"9004160",371982,2025-07-01 15:41:25,42.5207672119141,-8.82927227020264,"Male"
"9004160",371982,2025-07-01 15:46:45,42.5207214355469,-8.829270362854,"Male"
"9004160",371982,2025-07-01 15:51:44,42.5205421447754,-8.82955455780029,"Male"
"9004160",371982,2025-07-01 15:56:15,42.5205497741699,-8.8296480178833,"Male"
"9004160",371982,2025-07-01 16:01:16,42.5205001831055,-8.82945442199707,"Male"
"9004160",371982,2025-07-01 16:06:16,42.5205688476562,-8.82945156097412,"Male"
"9004160",371982,2025-07-01 16:11:16,42.5205345153809,-8.82942581176758,"Male"
"9004160",371982,2025-07-01 16:16:15,42.5206298828125,-8.82970809936523,"Male"
"9004160",371982,2025-07-01 16:21:15,42.5205688476562,-8.82973861694336,"Male"
"9004160",371982,2025-07-01 16:26:16,42.5208969116211,-8.82943153381348,"Male"
"9004160",371982,2025-07-01 16:31:13,42.5208473205566,-8.82953929901123,"Male"
"9004160",371982,2025-07-01 16:36:12,42.5208473205566,-8.8296365737915,"Male"
"9004160",371982,2025-07-01 16:41:13,42.5208206176758,-8.82960319519043,"Male"
"9004160",371982,2025-07-01 16:46:15,42.5208473205566,-8.82956504821777,"Male"
"9004160",371982,2025-07-01 16:51:14,42.5208969116211,-8.82961654663086,"Male"
"9004160",371982,2025-07-01 16:56:14,42.5208969116211,-8.82952785491943,"Male"
"9004160",371982,2025-07-01 17:01:13,42.5207977294922,-8.82967853546143,"Male"
"9004160",371982,2025-07-01 17:06:13,42.5208282470703,-8.82971382141113,"Male"
"9004160",371982,2025-07-01 17:11:16,42.520824432373,-8.82970523834229,"Male"
"9004160",371982,2025-07-01 17:16:14,42.5207328796387,-8.82972621917725,"Male"
"9004160",371982,2025-07-01 17:21:18,42.5208168029785,-8.82975006103516,"Male"
"9004160",371982,2025-07-01 17:26:14,42.5207557678223,-8.82977294921875,"Male"
"9004160",371982,2025-07-01 17:31:13,42.5208320617676,-8.82975578308105,"Male"
"9004160",371982,2025-07-01 17:36:15,42.5208435058594,-8.82970428466797,"Male"
"9004160",371982,2025-07-01 17:41:13,42.5208129882812,-8.82973003387451,"Male"
"9004160",371982,2025-07-01 17:46:14,42.5206832885742,-8.82969760894775,"Male"
"9004160",371982,2025-07-01 17:51:14,42.5207138061523,-8.82976818084717,"Male"
"9004160",371982,2025-07-01 17:56:14,42.5206832885742,-8.82980918884277,"Male"
"9004160",371982,2025-07-01 18:01:17,42.5206527709961,-8.82970905303955,"Male"
"9004160",371982,2025-07-01 18:06:13,42.520694732666,-8.8297643661499,"Male"
"9004160",371982,2025-07-01 18:11:13,42.5206642150879,-8.82977104187012,"Male"
"9004160",371982,2025-07-01 18:16:13,42.5206985473633,-8.82982730865479,"Male"
"9004160",371982,2025-07-01 18:21:14,42.5207939147949,-8.82992553710938,"Male"
"9004160",371982,2025-07-01 18:26:13,42.5206909179688,-8.82968711853027,"Male"
"9004160",371982,2025-07-01 18:31:13,42.5201187133789,-8.83169364929199,"Male"
"9004160",371982,2025-07-01 18:36:21,42.5191917419434,-8.83286380767822,"Male"
"9004160",371982,2025-07-01 18:41:28,42.5189666748047,-8.83505249023438,"Male"
"9004160",371982,2025-07-01 18:46:15,42.5197334289551,-8.84309196472168,"Male"
"9004160",371982,2025-07-01 18:51:15,42.5198402404785,-8.84331703186035,"Male"
"9004160",371982,2025-07-01 18:56:16,42.5198287963867,-8.84328269958496,"Male"
"9004160",371982,2025-07-01 19:01:17,42.5199394226074,-8.84339904785156,"Male"
"9004160",371982,2025-07-01 19:06:16,42.519947052002,-8.84347915649414,"Male"
"9004160",371982,2025-07-01 19:11:16,42.5198211669922,-8.84302616119385,"Male"
"9004160",371982,2025-07-01 19:16:25,42.5198173522949,-8.84366512298584,"Male"
"9004160",371982,2025-07-01 19:23:17,42.5174942016602,-8.84120845794678,"Male"
"9004160",371982,2025-07-01 19:27:29,42.517448425293,-8.84500789642334,"Male"
"9004160",371982,2025-07-01 19:31:54,42.5175399780273,-8.84495639801025,"Male"
"9004160",371982,2025-07-01 19:36:54,42.5175704956055,-8.84499549865723,"Male"
"9004160",371982,2025-07-01 19:41:54,42.5175666809082,-8.84500980377197,"Male"
"9004160",371982,2025-07-01 19:46:55,42.517635345459,-8.84506320953369,"Male"
"9004160",371982,2025-07-01 19:51:54,42.5175704956055,-8.84504508972168,"Male"
"9004160",371982,2025-07-01 19:56:54,42.5112533569336,-8.86141014099121,"Male"
"9004160",371982,2025-07-01 20:01:54,42.4973602294922,-8.89849376678467,"Male"
"9004160",371982,2025-07-01 20:06:56,42.4972305297852,-8.89828300476074,"Male"
"9004160",371982,2025-07-01 20:11:54,42.4963836669922,-8.90418910980225,"Male"
"9004160",371982,2025-07-01 20:16:55,42.4775924682617,-8.94476890563965,"Male"
"9004160",371982,2025-07-01 20:22:07,42.4776420593262,-8.94465827941895,"Male"
"9004160",371982,2025-07-01 20:27:14,42.4776191711426,-8.94470882415771,"Male"
"9004160",371982,2025-07-01 20:32:07,42.4778861999512,-8.94475841522217,"Male"
"9004160",371982,2025-07-01 20:37:09,42.4775772094727,-8.94462585449219,"Male"
"9004160",371982,2025-07-01 20:42:07,42.4777412414551,-8.94467067718506,"Male"
"9004160",371982,2025-07-01 20:47:16,42.4775047302246,-8.94461631774902,"Male"
"9004160",371982,2025-07-01 20:51:58,42.4776916503906,-8.94474029541016,"Male"
"9004160",371982,2025-07-01 20:56:55,42.477466583252,-8.94457721710205,"Male"
"9004160",371982,2025-07-01 21:02:01,42.4777412414551,-8.94468784332275,"Male"
"9004160",371982,2025-07-01 21:07:07,42.4778747558594,-8.9447603225708,"Male"
"9004160",371982,2025-07-01 21:12:08,42.4777145385742,-8.94467735290527,"Male"
"9004160",371982,2025-07-01 21:17:07,42.477783203125,-8.94468879699707,"Male"
"9004160",371982,2025-07-01 21:21:59,42.4786529541016,-8.94472885131836,"Male"
"9004160",371982,2025-07-01 21:27:05,42.4778594970703,-8.94473361968994,"Male"
"9004160",371982,2025-07-01 21:32:24,42.4773864746094,-8.94461250305176,"Male"
"9004160",371982,2025-07-01 21:36:57,42.4769058227539,-8.94497013092041,"Male"
"9004160",371982,2025-07-01 21:41:55,42.4771041870117,-8.94499683380127,"Male"
"9004160",371982,2025-07-01 21:46:56,42.4776000976562,-8.94471836090088,"Male"
"9004160",371982,2025-07-01 21:52:04,42.4776649475098,-8.94448566436768,"Male"
"9004160",371982,2025-07-01 21:57:00,42.477611541748,-8.94467926025391,"Male"
"9004160",371982,2025-07-01 22:02:09,42.4773216247559,-8.94470977783203,"Male"
"9004160",371982,2025-07-01 22:07:07,42.4777603149414,-8.94450855255127,"Male"
"9004160",371982,2025-07-01 22:12:07,42.4777374267578,-8.94473838806152,"Male"
"9004160",371982,2025-07-01 22:17:07,42.4775657653809,-8.94482040405273,"Male"
"9004160",371982,2025-07-01 22:22:22,42.4774627685547,-8.94495296478271,"Male"
"9004160",371982,2025-07-01 22:27:29,42.4775581359863,-8.94478797912598,"Male"
"9004160",371982,2025-07-01 22:32:35,42.4775390625,-8.94477367401123,"Male"
"9004160",371982,2025-07-01 22:36:53,42.4773254394531,-8.94464683532715,"Male"
"9004160",371982,2025-07-01 22:41:56,42.4773483276367,-8.94470500946045,"Male"
"9004160",371982,2025-07-01 22:46:53,42.4773635864258,-8.94456672668457,"Male"
"9004160",371982,2025-07-01 22:51:54,42.477352142334,-8.94467639923096,"Male"
"9004160",371982,2025-07-01 22:56:54,42.4774475097656,-8.94471263885498,"Male"
"9004160",371982,2025-07-01 23:01:54,42.4773445129395,-8.94471073150635,"Male"
"9004160",371982,2025-07-01 23:06:54,42.4775505065918,-8.94462871551514,"Male"
"9004160",371982,2025-07-01 23:11:54,42.4774284362793,-8.94465351104736,"Male"
"9004160",371982,2025-07-01 23:16:53,42.4773902893066,-8.94464015960693,"Male"
"9004160",371982,2025-07-01 23:21:54,42.4773330688477,-8.94467067718506,"Male"
"9004160",371982,2025-07-01 23:26:56,42.4774017333984,-8.94480133056641,"Male"
"9004160",371982,2025-07-01 23:31:57,42.4773559570312,-8.94454097747803,"Male"
"9004160",371982,2025-07-01 23:36:53,42.4773216247559,-8.944580078125,"Male"
"9004160",371982,2025-07-01 23:41:54,42.4773292541504,-8.94456100463867,"Male"
"9004160",371982,2025-07-01 23:46:53,42.4772834777832,-8.94452476501465,"Male"
"9004160",371982,2025-07-01 23:52:00,42.4773330688477,-8.94453525543213,"Male"
"9004160",371982,2025-07-01 23:56:54,42.477222442627,-8.94439506530762,"Male"
"9004160",371982,2025-07-02 00:01:54,42.4775619506836,-8.94491481781006,"Male"
"9004160",371982,2025-07-02 00:06:55,42.4773101806641,-8.94443702697754,"Male"
"9004160",371982,2025-07-02 00:11:55,42.4774932861328,-8.94478797912598,"Male"
"9004160",371982,2025-07-02 00:16:57,42.4771575927734,-8.94430255889893,"Male"
"9004160",371982,2025-07-02 00:22:12,42.4773063659668,-8.94475078582764,"Male"
"9004160",371982,2025-07-02 00:26:54,42.4773750305176,-8.9448766708374,"Male"
"9004160",371982,2025-07-02 00:31:54,42.4773101806641,-8.94481086730957,"Male"
"9004160",371982,2025-07-02 00:36:54,42.477367401123,-8.94483852386475,"Male"
"9004160",371982,2025-07-02 00:41:54,42.4772148132324,-8.94476795196533,"Male"
"9004160",371982,2025-07-02 00:47:07,42.4773902893066,-8.94471740722656,"Male"
"9004160",371982,2025-07-02 00:52:07,42.477294921875,-8.94467926025391,"Male"
"9004160",371982,2025-07-02 00:57:07,42.4775390625,-8.94479274749756,"Male"
"9004160",371982,2025-07-02 01:02:08,42.4775581359863,-8.94474220275879,"Male"
"9004160",371982,2025-07-02 01:07:07,42.4774475097656,-8.94471836090088,"Male"
"9004160",371982,2025-07-02 01:12:01,42.4776153564453,-8.94489574432373,"Male"
"9004160",371982,2025-07-02 01:16:59,42.4773330688477,-8.94460964202881,"Male"
"9004160",371982,2025-07-02 01:21:56,42.4773826599121,-8.94475555419922,"Male"
"9004160",371982,2025-07-02 01:27:07,42.4776344299316,-8.94449806213379,"Male"
"9004160",371982,2025-07-02 01:32:17,42.4775314331055,-8.94471073150635,"Male"
"9004160",371982,2025-07-02 01:37:09,42.4776229858398,-8.94482517242432,"Male"
"9004160",371982,2025-07-02 01:42:06,42.4772796630859,-8.94457626342773,"Male"
"9004160",371982,2025-07-02 01:47:10,42.4773216247559,-8.94454574584961,"Male"
"9004160",371982,2025-07-02 01:51:57,42.477367401123,-8.94465446472168,"Male"
"9004160",371982,2025-07-02 01:56:55,42.4771270751953,-8.94436740875244,"Male"
"9004160",371982,2025-07-02 02:01:54,42.4772911071777,-8.94462966918945,"Male"
"9004160",371982,2025-07-02 02:06:54,42.4769821166992,-8.94418621063232,"Male"
"9004160",371982,2025-07-02 02:11:56,42.4763488769531,-8.94361686706543,"Male"
"9004160",371982,2025-07-02 02:16:58,42.4769287109375,-8.94416522979736,"Male"
"9004160",371982,2025-07-02 02:21:56,42.4769401550293,-8.94416904449463,"Male"
"9004160",371982,2025-07-02 02:26:56,42.4772682189941,-8.94453716278076,"Male"
"9004160",371982,2025-07-02 02:32:15,42.4773063659668,-8.9445686340332,"Male"
"9004160",371982,2025-07-02 02:37:07,42.4772491455078,-8.9445915222168,"Male"
"9004160",371982,2025-07-02 02:42:06,42.4772109985352,-8.94456005096436,"Male"
"9004160",371982,2025-07-02 02:46:58,42.4773559570312,-8.94465351104736,"Male"
"9004160",371982,2025-07-02 02:51:56,42.4773635864258,-8.94453811645508,"Male"
"9004160",371982,2025-07-02 02:56:57,42.4773254394531,-8.94464778900146,"Male"
"9004160",371982,2025-07-02 03:02:03,42.4775810241699,-8.94477653503418,"Male"
"9004160",371982,2025-07-02 03:06:58,42.4773750305176,-8.94469547271729,"Male"
"9004160",371982,2025-07-02 03:11:59,42.4773483276367,-8.94455242156982,"Male"
"9004160",371982,2025-07-02 03:17:06,42.4773979187012,-8.94465351104736,"Male"
"9004160",371982,2025-07-02 03:21:58,42.4775733947754,-8.94489192962646,"Male"
"9004160",371982,2025-07-02 03:26:56,42.477409362793,-8.94468688964844,"Male"
"9004160",371982,2025-07-02 03:32:15,42.4774055480957,-8.9445858001709,"Male"
"9004160",371982,2025-07-02 03:36:53,42.4774894714355,-8.94453907012939,"Male"
"9004160",371982,2025-07-02 03:41:53,42.4774703979492,-8.94456386566162,"Male"
"9004160",371982,2025-07-02 03:46:57,42.4774436950684,-8.94466018676758,"Male"
"9004160",371982,2025-07-02 03:52:06,42.4774780273438,-8.94464206695557,"Male"
"9004160",371982,2025-07-02 03:56:53,42.4774398803711,-8.94492053985596,"Male"
"9004160",371982,2025-07-02 04:01:58,42.4775047302246,-8.94465732574463,"Male"
"9004160",371982,2025-07-02 04:07:15,42.4774475097656,-8.94466209411621,"Male"
"9004160",371982,2025-07-02 04:12:06,42.4774017333984,-8.94439125061035,"Male"
"9004160",371982,2025-07-02 04:17:06,42.4774360656738,-8.94444465637207,"Male"
"9004160",371982,2025-07-02 04:22:05,42.4774017333984,-8.94484710693359,"Male"
"9004160",371982,2025-07-02 04:27:05,42.4775314331055,-8.94461631774902,"Male"
"9004160",371982,2025-07-02 04:32:35,42.4774436950684,-8.94454193115234,"Male"
"9004160",371982,2025-07-02 04:36:54,42.4774169921875,-8.94453907012939,"Male"
"9004160",371982,2025-07-02 04:41:56,42.4772834777832,-8.9447078704834,"Male"
"9004160",371982,2025-07-02 04:46:53,42.4772071838379,-8.94467258453369,"Male"
"9004160",371982,2025-07-02 04:51:53,42.4773483276367,-8.94464874267578,"Male"
"9004160",371982,2025-07-02 04:56:53,42.4773559570312,-8.94461822509766,"Male"
"9004160",371982,2025-07-02 05:01:53,42.4772872924805,-8.94462871551514,"Male"
"9004160",371982,2025-07-02 05:06:53,42.4773864746094,-8.94453620910645,"Male"
"9004160",371982,2025-07-02 05:11:53,42.4773941040039,-8.94462776184082,"Male"
"9004160",371982,2025-07-02 05:16:54,42.4773483276367,-8.94461727142334,"Male"
"9004160",371982,2025-07-02 05:21:53,42.4774627685547,-8.94465827941895,"Male"
"9004160",371982,2025-07-02 05:27:14,42.4774780273438,-8.944748878479,"Male"
"9004160",371982,2025-07-02 05:31:59,42.4773902893066,-8.94476222991943,"Male"
"9004160",371982,2025-07-02 05:36:54,42.477352142334,-8.94480133056641,"Male"
"9004160",371982,2025-07-02 05:41:58,42.4774932861328,-8.94470882415771,"Male"
"9004160",371982,2025-07-02 05:47:00,42.4775123596191,-8.94474029541016,"Male"
"9004160",371982,2025-07-02 05:52:06,42.4773330688477,-8.94472503662109,"Male"
"9004160",371982,2025-07-02 05:57:06,42.4773368835449,-8.94476699829102,"Male"
"9004160",371982,2025-07-02 06:02:06,42.477367401123,-8.94468688964844,"Male"
"9004160",371982,2025-07-02 06:07:00,42.4774475097656,-8.94473075866699,"Male"
"9004160",371982,2025-07-02 06:12:00,42.4773445129395,-8.94465351104736,"Male"
"9004160",371982,2025-07-02 06:16:56,42.4771537780762,-8.94478225708008,"Male"
"9004160",371982,2025-07-02 06:21:54,42.4773712158203,-8.94467258453369,"Male"
"9004160",371982,2025-07-02 06:26:56,42.4773330688477,-8.94465827941895,"Male"
"9004160",371982,2025-07-02 06:32:05,42.4772796630859,-8.94472694396973,"Male"
"9004160",371982,2025-07-02 06:37:03,42.4772415161133,-8.94467639923096,"Male"
"9004160",371982,2025-07-02 06:41:55,42.4771194458008,-8.94466590881348,"Male"
"9004160",371982,2025-07-02 06:46:55,42.4769973754883,-8.9447660446167,"Male"
"9004160",371982,2025-07-02 06:51:54,42.4770355224609,-8.94470024108887,"Male"
"9004160",371982,2025-07-02 06:56:54,42.4769859313965,-8.94474029541016,"Male"
"9004160",371982,2025-07-02 07:01:54,42.4769401550293,-8.94479274749756,"Male"
"9004160",371982,2025-07-02 07:06:55,42.4769592285156,-8.94474315643311,"Male"
"9004160",371982,2025-07-02 07:11:54,42.4769401550293,-8.94460868835449,"Male"
"9004160",371982,2025-07-02 07:16:55,42.4770584106445,-8.94454193115234,"Male"
"9004160",371982,2025-07-02 07:21:55,42.4770050048828,-8.9445686340332,"Male"
"9004160",371982,2025-07-02 07:26:54,42.4800453186035,-8.93639850616455,"Male"
"9004160",371982,2025-07-02 07:31:55,42.4818229675293,-8.93047714233398,"Male"
"9004160",371982,2025-07-02 07:36:55,42.4874458312988,-8.91825485229492,"Male"
"9004160",371982,2025-07-02 07:41:55,42.4877090454102,-8.91828155517578,"Male"
"9004160",371982,2025-07-02 07:46:55,42.4932403564453,-8.90596008300781,"Male"
"9004160",371982,2025-07-02 07:51:54,42.4932746887207,-8.90594482421875,"Male"
"9004160",371982,2025-07-02 07:56:56,42.5036125183105,-8.88170623779297,"Male"
"9004160",371982,2025-07-02 08:02:10,42.5059547424316,-8.87946224212646,"Male"
"9004160",371982,2025-07-02 08:07:49,42.5078506469727,-8.87949085235596,"Male"
"9004160",371982,2025-07-02 08:12:48,42.5124969482422,-8.85879135131836,"Male"
"9004160",371982,2025-07-02 08:17:48,42.5123863220215,-8.85887622833252,"Male"
"9004160",371982,2025-07-02 08:22:48,42.5125846862793,-8.85886096954346,"Male"
"9004160",371982,2025-07-02 08:27:48,42.5202140808105,-8.83304405212402,"Male"
"9004160",371982,2025-07-02 08:33:36,42.5191879272461,-8.83280467987061,"Male"
"9004160",371982,2025-07-02 08:39:57,42.5175094604492,-8.83367824554443,"Male"
"9004160",371982,2025-07-02 08:44:59,42.5171318054199,-8.83404636383057,"Male"
"9004160",371982,2025-07-02 08:50:29,42.5176658630371,-8.8339262008667,"Male"
"9004160",371982,2025-07-02 08:55:31,42.5181312561035,-8.83285903930664,"Male"
"9004160",371982,2025-07-02 09:00:26,42.5206298828125,-8.82950305938721,"Male"
"9004160",371982,2025-07-02 09:05:26,42.5205879211426,-8.82956123352051,"Male"
"9004160",371982,2025-07-02 09:11:06,42.5208969116211,-8.830078125,"Male"
"9004160",371982,2025-07-02 09:15:59,42.5208854675293,-8.83145141601562,"Male"
"9004160",371982,2025-07-02 09:21:02,42.5204429626465,-8.83202838897705,"Male"
"9004160",371982,2025-07-02 09:25:56,42.5229568481445,-8.82761764526367,"Male"
"9004160",371982,2025-07-02 09:30:55,42.5229568481445,-8.82769393920898,"Male"
"9004160",371982,2025-07-02 09:35:56,42.5229072570801,-8.8276424407959,"Male"
"9004160",371982,2025-07-02 09:40:55,42.5227928161621,-8.82762432098389,"Male"
"9004160",371982,2025-07-02 09:45:56,42.5229949951172,-8.82748603820801,"Male"
"9004160",371982,2025-07-02 09:50:55,42.5229530334473,-8.82753467559814,"Male"
"9004160",371982,2025-07-02 09:55:56,42.5229873657227,-8.82762145996094,"Male"
"9004160",371982,2025-07-02 10:00:55,42.5226593017578,-8.82808494567871,"Male"
"9004160",371982,2025-07-02 10:05:56,42.5229415893555,-8.82767963409424,"Male"
"9004160",371982,2025-07-02 10:10:55,42.5230903625488,-8.82756805419922,"Male"
"9004160",371982,2025-07-02 10:15:56,42.5228881835938,-8.82766819000244,"Male"
"9004160",371982,2025-07-02 10:20:55,42.5230407714844,-8.82760715484619,"Male"
"9004160",371982,2025-07-02 10:25:57,42.5231552124023,-8.82760334014893,"Male"
"9004160",371982,2025-07-02 10:30:56,42.523136138916,-8.8275899887085,"Male"
"9004160",371982,2025-07-02 10:35:56,42.5230751037598,-8.82760715484619,"Male"
"9004160",371982,2025-07-02 10:40:56,42.523078918457,-8.82760810852051,"Male"
"9004160",371982,2025-07-02 10:45:56,42.5230903625488,-8.82762241363525,"Male"
"9004160",371982,2025-07-02 10:50:55,42.5230903625488,-8.82768249511719,"Male"
"9004160",371982,2025-07-02 10:55:56,42.5231323242188,-8.82788944244385,"Male"
"9004160",371982,2025-07-02 11:00:57,42.5234832763672,-8.82978057861328,"Male"
"9004160",371982,2025-07-02 11:05:56,42.5238304138184,-8.83025455474854,"Male"
"9004160",371982,2025-07-02 11:11:16,42.5232467651367,-8.82835960388184,"Male"
"9004160",371982,2025-07-02 11:16:13,42.5229568481445,-8.82775497436523,"Male"
"9004160",371982,2025-07-02 11:21:14,42.5229721069336,-8.82770824432373,"Male"
"9004160",371982,2025-07-02 11:26:13,42.5230751037598,-8.82779502868652,"Male"
"9004160",371982,2025-07-02 11:31:13,42.5228958129883,-8.82771301269531,"Male"
"9004160",371982,2025-07-02 11:36:13,42.5229415893555,-8.82773494720459,"Male"
"9004160",371982,2025-07-02 11:41:13,42.5229949951172,-8.82776165008545,"Male"
"9004160",371982,2025-07-02 11:46:13,42.5229606628418,-8.8277759552002,"Male"
"9004160",371982,2025-07-02 11:51:13,42.52294921875,-8.82775402069092,"Male"
"9004160",371982,2025-07-02 11:56:13,42.5228958129883,-8.82771778106689,"Male"
"9004160",371982,2025-07-02 12:01:13,42.5229301452637,-8.82777214050293,"Male"
"9004160",371982,2025-07-02 12:06:13,42.5230484008789,-8.82778358459473,"Male"
"9004160",371982,2025-07-02 12:11:14,42.5226974487305,-8.82780170440674,"Male"
"9004160",371982,2025-07-02 12:16:17,42.5223617553711,-8.82777214050293,"Male"
"9004160",371982,2025-07-02 12:21:13,42.5229263305664,-8.82786273956299,"Male"
"9004160",371982,2025-07-02 12:26:13,42.5229263305664,-8.82781887054443,"Male"
"9004160",371982,2025-07-02 12:31:16,42.5228881835938,-8.82785606384277,"Male"
"9004160",371982,2025-07-02 12:36:14,42.5227966308594,-8.82769203186035,"Male"
"9004160",371982,2025-07-02 12:41:13,42.5229644775391,-8.82781314849854,"Male"
"9004160",371982,2025-07-02 12:46:13,42.5229682922363,-8.82784652709961,"Male"
"9004160",371982,2025-07-02 12:51:13,42.523006439209,-8.82770824432373,"Male"
"9004160",371982,2025-07-02 12:56:14,42.5229187011719,-8.82776641845703,"Male"
"9004160",371982,2025-07-02 13:01:13,42.5229568481445,-8.82779026031494,"Male"
"9004160",371982,2025-07-02 13:06:15,42.5230522155762,-8.82776069641113,"Male"
"9004160",371982,2025-07-02 13:11:15,42.5230331420898,-8.82773399353027,"Male"
"9004160",371982,2025-07-02 13:16:14,42.5230369567871,-8.82766246795654,"Male"
"9004160",371982,2025-07-02 13:21:13,42.5231246948242,-8.82769584655762,"Male"
"9004160",371982,2025-07-02 13:26:13,42.5231246948242,-8.82771110534668,"Male"
"9004160",371982,2025-07-02 13:31:13,42.5231971740723,-8.82773017883301,"Male"
"9004160",371982,2025-07-02 13:36:13,42.5232162475586,-8.82772731781006,"Male"
"9004160",371982,2025-07-02 13:41:14,42.5229949951172,-8.82769775390625,"Male"
"9004160",371982,2025-07-02 13:46:25,42.5236511230469,-8.82997608184814,"Male"
"9004160",371982,2025-07-02 13:51:52,42.5233726501465,-8.83011722564697,"Male"
"9004160",371982,2025-07-02 13:56:59,42.5242080688477,-8.83015632629395,"Male"
"9004160",371982,2025-07-02 14:02:22,42.5249938964844,-8.83024597167969,"Male"
"9004160",371982,2025-07-02 14:07:40,42.5238723754883,-8.83030223846436,"Male"
"9004160",371982,2025-07-02 14:12:53,42.5248908996582,-8.82967662811279,"Male"
"9004160",371982,2025-07-02 14:18:14,42.5235786437988,-8.82844829559326,"Male"
"9004160",371982,2025-07-02 14:23:12,42.5229873657227,-8.82814121246338,"Male"
"9004160",371982,2025-07-02 14:28:11,42.5230407714844,-8.8281888961792,"Male"
"9004160",371982,2025-07-02 14:33:11,42.5229911804199,-8.82813453674316,"Male"
"9004160",371982,2025-07-02 14:38:11,42.5229911804199,-8.82812023162842,"Male"
"9004160",371982,2025-07-02 14:43:12,42.5229530334473,-8.82810878753662,"Male"
"9004160",371982,2025-07-02 14:48:12,42.5229759216309,-8.82806396484375,"Male"
"9004160",371982,2025-07-02 14:53:11,42.5229454040527,-8.82809638977051,"Male"
"9004160",371982,2025-07-02 14:58:13,42.5229415893555,-8.82808971405029,"Male"
"9004160",371982,2025-07-02 15:03:15,42.5229187011719,-8.82802963256836,"Male"
"9004160",371982,2025-07-02 15:08:12,42.5229187011719,-8.82805442810059,"Male"
"9004160",371982,2025-07-02 15:13:14,42.5230293273926,-8.82808113098145,"Male"
"9004160",371982,2025-07-02 15:18:13,42.5227966308594,-8.82797145843506,"Male"
"9004160",371982,2025-07-02 15:23:12,42.5231437683105,-8.82849502563477,"Male"
"9004160",371982,2025-07-02 15:28:13,42.5228233337402,-8.82806301116943,"Male"
"9004160",371982,2025-07-02 15:33:11,42.5228614807129,-8.82802677154541,"Male"
"9004160",371982,2025-07-02 15:38:11,42.523509979248,-8.82743358612061,"Male"
"9004160",371982,2025-07-02 15:43:11,42.5227508544922,-8.82830429077148,"Male"
"9004160",371982,2025-07-02 15:48:11,42.5226860046387,-8.82828330993652,"Male"
"9004160",371982,2025-07-02 15:53:11,42.5227470397949,-8.82841014862061,"Male"
"9004160",371982,2025-07-02 15:58:11,42.5228271484375,-8.82803153991699,"Male"
"9004160",371982,2025-07-02 16:03:11,42.5229339599609,-8.82832145690918,"Male"
"9004160",371982,2025-07-02 16:08:28,42.5234184265137,-8.82996082305908,"Male"
"9004160",371982,2025-07-02 16:13:40,42.5225524902344,-8.83168506622314,"Male"
"9004160",371982,2025-07-02 16:18:57,42.5223121643066,-8.83371067047119,"Male"
"9004160",371982,2025-07-02 16:23:56,42.5224609375,-8.83572196960449,"Male"
"9004160",371982,2025-07-02 16:28:56,42.5227203369141,-8.83812999725342,"Male"
"9004160",371982,2025-07-02 16:34:13,42.5227165222168,-8.84136295318604,"Male"
"9004160",371982,2025-07-02 16:39:03,42.5225791931152,-8.84228420257568,"Male"
"9004160",371982,2025-07-02 16:44:04,42.5225982666016,-8.84216690063477,"Male"
"9004160",371982,2025-07-02 16:49:06,42.5226287841797,-8.84200286865234,"Male"
"9004160",371982,2025-07-02 16:54:03,42.5228652954102,-8.84196472167969,"Male"
"9004160",371982,2025-07-02 16:59:02,42.5228958129883,-8.8419942855835,"Male"
"9004160",371982,2025-07-02 17:04:05,42.5228805541992,-8.84196472167969,"Male"
"9004160",371982,2025-07-02 17:09:08,42.5227088928223,-8.84203243255615,"Male"
"9004160",371982,2025-07-02 17:14:02,42.5228996276855,-8.84202194213867,"Male"
"9004160",371982,2025-07-02 17:19:06,42.5228691101074,-8.84201335906982,"Male"
"9004160",371982,2025-07-02 17:24:09,42.5231513977051,-8.8423433303833,"Male"
"9004160",371982,2025-07-02 17:29:07,42.5228385925293,-8.84217739105225,"Male"
"9004160",371982,2025-07-02 17:34:07,42.5229644775391,-8.8422212600708,"Male"
"9004160",371982,2025-07-02 17:39:07,42.522777557373,-8.84211730957031,"Male"
"9004160",371982,2025-07-02 17:44:09,42.5227394104004,-8.84207630157471,"Male"
"9004160",371982,2025-07-02 17:49:06,42.5227088928223,-8.84220218658447,"Male"
"9004160",371982,2025-07-02 17:54:10,42.5226287841797,-8.84204578399658,"Male"
"9004160",371982,2025-07-02 17:59:08,42.5225982666016,-8.84208202362061,"Male"
"9004160",371982,2025-07-02 18:04:11,42.5226097106934,-8.84207534790039,"Male"
"9004160",371982,2025-07-02 18:09:07,42.5228004455566,-8.84232807159424,"Male"
"9004160",371982,2025-07-02 18:14:06,42.5224456787109,-8.84184741973877,"Male"
"9004160",371982,2025-07-02 18:19:07,42.5226097106934,-8.84188556671143,"Male"
"9004160",371982,2025-07-02 18:24:02,42.5227317810059,-8.84209823608398,"Male"
"9004160",371982,2025-07-02 18:29:02,42.5226974487305,-8.84209060668945,"Male"
"9004160",371982,2025-07-02 18:34:02,42.5227317810059,-8.84213066101074,"Male"
"9004160",371982,2025-07-02 18:39:02,42.5225639343262,-8.84197330474854,"Male"
"9004160",371982,2025-07-02 18:44:02,42.5226821899414,-8.84210205078125,"Male"
"9004160",371982,2025-07-02 18:49:02,42.5227203369141,-8.84196186065674,"Male"
"9004160",371982,2025-07-02 18:54:03,42.5224227905273,-8.84159278869629,"Male"
"9004160",371982,2025-07-02 18:59:03,42.522590637207,-8.8419771194458,"Male"
"9004160",371982,2025-07-02 19:04:03,42.5225944519043,-8.84186172485352,"Male"
"9004160",371982,2025-07-02 19:09:02,42.5223426818848,-8.84209156036377,"Male"
"9004160",371982,2025-07-02 19:14:02,42.5224304199219,-8.84202480316162,"Male"
"9004160",371982,2025-07-02 19:19:02,42.522705078125,-8.84175395965576,"Male"
"9004160",371982,2025-07-02 19:24:03,42.5227661132812,-8.84176921844482,"Male"
"9004160",371982,2025-07-02 19:29:02,42.5227661132812,-8.84178352355957,"Male"
"9004160",371982,2025-07-02 19:34:02,42.5207328796387,-8.85238933563232,"Male"
"9004160",371982,2025-07-02 19:39:02,42.5206642150879,-8.85232353210449,"Male"
"9004160",371982,2025-07-02 19:44:02,42.5205268859863,-8.85217475891113,"Male"
"9004160",371982,2025-07-02 19:49:02,42.509349822998,-8.87825298309326,"Male"
"9004160",371982,2025-07-02 19:54:03,42.4782676696777,-8.9439172744751,"Male"
"9004160",371982,2025-07-02 19:59:02,42.4661750793457,-8.94612503051758,"Male"
"9004160",371982,2025-07-02 20:04:02,42.4048004150391,-8.92933940887451,"Male"
"9004160",371982,2025-07-02 20:09:02,42.4006652832031,-8.92264461517334,"Male"
"9004160",371982,2025-07-02 20:14:06,42.3984794616699,-8.92076015472412,"Male"
"9004160",371982,2025-07-02 20:19:05,42.3990287780762,-8.92068004608154,"Male"
"9004160",371982,2025-07-02 20:24:07,42.3991622924805,-8.92061614990234,"Male"
"9004160",371982,2025-07-02 20:29:08,42.3988418579102,-8.92059421539307,"Male"
"9004160",371982,2025-07-02 20:34:07,42.3990135192871,-8.92057418823242,"Male"
"9004160",371982,2025-07-02 20:39:12,42.3990936279297,-8.92052745819092,"Male"
"9004160",371982,2025-07-02 20:44:09,42.3990783691406,-8.92067050933838,"Male"
"9004160",371982,2025-07-02 20:49:03,42.399097442627,-8.92059135437012,"Male"
"9004160",371982,2025-07-02 20:54:21,42.3987731933594,-8.92028141021729,"Male"
"9004160",371982,2025-07-02 20:59:04,42.3990325927734,-8.92053508758545,"Male"
"9004160",371982,2025-07-02 21:04:03,42.398754119873,-8.92037105560303,"Male"
"9004160",371982,2025-07-02 21:09:03,42.3986129760742,-8.92045021057129,"Male"
"9004160",371982,2025-07-02 21:14:04,42.3987083435059,-8.92052555084229,"Male"
"9004160",371982,2025-07-02 21:19:36,42.3990020751953,-8.9202995300293,"Male"
"9004160",371982,2025-07-02 21:24:26,42.398998260498,-8.92031097412109,"Male"
"9004160",371982,2025-07-02 21:29:26,42.3989639282227,-8.92037296295166,"Male"
"9004160",371982,2025-07-02 21:34:26,42.3990173339844,-8.92032623291016,"Male"
"9004160",371982,2025-07-02 21:39:27,42.3991432189941,-8.92032623291016,"Male"
"9004160",371982,2025-07-02 21:44:26,42.3990440368652,-8.92038059234619,"Male"
"9004160",371982,2025-07-02 21:49:26,42.3990707397461,-8.920334815979,"Male"
"9004160",371982,2025-07-02 21:54:26,42.399040222168,-8.92033100128174,"Male"
"9004160",371982,2025-07-02 21:59:28,42.3991241455078,-8.92026805877686,"Male"
"9004160",371982,2025-07-02 22:04:30,42.3991279602051,-8.92023086547852,"Male"
"9004160",371982,2025-07-02 22:09:59,42.3987808227539,-8.92076778411865,"Male"
"9004160",371982,2025-07-02 22:14:26,42.3986968994141,-8.92069339752197,"Male"
"9004160",371982,2025-07-02 22:19:26,42.3987007141113,-8.92070198059082,"Male"
"9004160",371982,2025-07-02 22:24:25,42.3987083435059,-8.9207010269165,"Male"
"9004160",371982,2025-07-02 22:29:25,42.3987197875977,-8.92062091827393,"Male"
"9004160",371982,2025-07-02 22:34:25,42.3987159729004,-8.92077445983887,"Male"
"9004160",371982,2025-07-02 22:39:27,42.398738861084,-8.92074584960938,"Male"
"9004160",371982,2025-07-02 22:44:25,42.3987197875977,-8.92059421539307,"Male"
"9004160",371982,2025-07-02 22:49:25,42.3987503051758,-8.92057704925537,"Male"
"9004160",371982,2025-07-02 22:54:25,42.3986778259277,-8.92048454284668,"Male"
"9004160",371982,2025-07-02 22:59:27,42.3987464904785,-8.92060852050781,"Male"
"9004160",371982,2025-07-02 23:04:44,42.3987655639648,-8.92063140869141,"Male"
"9004160",371982,2025-07-02 23:09:26,42.398624420166,-8.92016983032227,"Male"
"9004160",371982,2025-07-02 23:14:26,42.3983345031738,-8.91951370239258,"Male"
"9004160",371982,2025-07-02 23:19:28,42.3980751037598,-8.9189338684082,"Male"
"9004160",371982,2025-07-02 23:24:36,42.3988037109375,-8.92039203643799,"Male"
"9004160",371982,2025-07-02 23:29:36,42.3988189697266,-8.92043018341064,"Male"
"9004160",371982,2025-07-02 23:34:36,42.398811340332,-8.9204740524292,"Male"
"9004160",371982,2025-07-02 23:39:27,42.399528503418,-8.92182922363281,"Male"
"9004160",371982,2025-07-02 23:44:26,42.3993186950684,-8.92147350311279,"Male"
"9004160",371982,2025-07-02 23:49:26,42.3991813659668,-8.92118263244629,"Male"
"9004160",371982,2025-07-02 23:54:25,42.3990516662598,-8.9208459854126,"Male"
"9004160",371982,2025-07-02 23:59:25,42.3991394042969,-8.92092418670654,"Male"
"9004160",371982,2025-07-03 00:04:26,42.3990478515625,-8.92099571228027,"Male"
"9004160",371982,2025-07-03 00:09:27,42.3990097045898,-8.92078685760498,"Male"
"9004160",371982,2025-07-03 00:14:27,42.3989601135254,-8.92082118988037,"Male"
"9004160",371982,2025-07-03 00:19:25,42.3989334106445,-8.92082691192627,"Male"
"9004160",371982,2025-07-03 00:24:27,42.398983001709,-8.92089748382568,"Male"
"9004160",371982,2025-07-03 00:29:27,42.39892578125,-8.9205846786499,"Male"
"9004160",371982,2025-07-03 00:34:26,42.3988075256348,-8.92061901092529,"Male"
"9004160",371982,2025-07-03 00:39:25,42.3986778259277,-8.92080974578857,"Male"
"9004160",371982,2025-07-03 00:44:25,42.3986015319824,-8.92079448699951,"Male"
"9004160",371982,2025-07-03 00:49:25,42.3985977172852,-8.9208345413208,"Male"
"9004160",371982,2025-07-03 00:54:25,42.3986663818359,-8.92083549499512,"Male"
"9004160",371982,2025-07-03 00:59:25,42.3987350463867,-8.92080020904541,"Male"
"9004160",371982,2025-07-03 01:04:25,42.3987045288086,-8.92078399658203,"Male"
"9004160",371982,2025-07-03 01:09:26,42.3987579345703,-8.92072105407715,"Male"
"9004160",371982,2025-07-03 01:14:25,42.3987503051758,-8.92062091827393,"Male"
"9004160",371982,2025-07-03 01:19:25,42.3986778259277,-8.92060375213623,"Male"
"9004160",371982,2025-07-03 01:24:25,42.3987121582031,-8.920654296875,"Male"
"9004160",371982,2025-07-03 01:29:25,42.3987655639648,-8.92074775695801,"Male"
"9004160",371982,2025-07-03 01:34:27,42.3987121582031,-8.92069625854492,"Male"
"9004160",371982,2025-07-03 01:39:26,42.3987045288086,-8.92068958282471,"Male"
"9004160",371982,2025-07-03 01:44:26,42.3986473083496,-8.92058563232422,"Male"
"9004160",371982,2025-07-03 01:49:27,42.3987350463867,-8.92072296142578,"Male"
"9004160",371982,2025-07-03 01:54:25,42.3990173339844,-8.9210033416748,"Male"
"9004160",371982,2025-07-03 01:59:25,42.3990211486816,-8.9210033416748,"Male"
"9004160",371982,2025-07-03 02:04:25,42.3988800048828,-8.92085075378418,"Male"
"9004160",371982,2025-07-03 02:09:27,42.398853302002,-8.92079162597656,"Male"
"9004160",371982,2025-07-03 02:14:42,42.3987617492676,-8.92065906524658,"Male"
"9004160",371982,2025-07-03 02:19:25,42.398796081543,-8.92070198059082,"Male"
"9004160",371982,2025-07-03 02:24:27,42.3987998962402,-8.9207239151001,"Male"
"9004160",371982,2025-07-03 02:29:31,42.3987693786621,-8.92016410827637,"Male"
"9004160",371982,2025-07-03 02:34:36,42.3987503051758,-8.92032432556152,"Male"
"9004160",371982,2025-07-03 02:39:36,42.3987998962402,-8.92053890228271,"Male"
"9004160",371982,2025-07-03 02:44:36,42.3988571166992,-8.92062950134277,"Male"
"9004160",371982,2025-07-03 02:49:36,42.3988876342773,-8.92056179046631,"Male"
"9004160",371982,2025-07-03 02:54:36,42.3989028930664,-8.92051982879639,"Male"
"9004160",371982,2025-07-03 02:59:36,42.3989295959473,-8.92049407958984,"Male"
"9004160",371982,2025-07-03 03:04:36,42.39892578125,-8.92047882080078,"Male"
"9004160",371982,2025-07-03 03:09:36,42.3989486694336,-8.92044258117676,"Male"
"9004160",371982,2025-07-03 03:14:36,42.3989562988281,-8.92041873931885,"Male"
"9004160",371982,2025-07-03 03:19:37,42.3989295959473,-8.92041778564453,"Male"
"9004160",371982,2025-07-03 03:24:35,42.3990478515625,-8.92039108276367,"Male"
"9004160",371982,2025-07-03 03:29:35,42.3990249633789,-8.92032814025879,"Male"
"9004160",371982,2025-07-03 03:34:35,42.3990440368652,-8.92035865783691,"Male"
"9004160",371982,2025-07-03 03:39:44,42.3990631103516,-8.92032718658447,"Male"
"9004160",371982,2025-07-03 03:44:59,42.3987236022949,-8.92068672180176,"Male"
"9004160",371982,2025-07-03 03:49:25,42.3987770080566,-8.92066383361816,"Male"
"9004160",371982,2025-07-03 03:54:25,42.3986930847168,-8.92056369781494,"Male"
"9004160",371982,2025-07-03 03:59:25,42.3987007141113,-8.9205846786499,"Male"
"9004160",371982,2025-07-03 04:04:25,42.3987274169922,-8.9205150604248,"Male"
"9004160",371982,2025-07-03 04:09:25,42.3987236022949,-8.92056560516357,"Male"
"9004160",371982,2025-07-03 04:14:25,42.3986778259277,-8.92051315307617,"Male"
"9004160",371982,2025-07-03 04:19:25,42.3987236022949,-8.92054462432861,"Male"
"9004160",371982,2025-07-03 04:24:25,42.3986396789551,-8.92046737670898,"Male"
"9004160",371982,2025-07-03 04:29:25,42.3986473083496,-8.92052555084229,"Male"
"9004160",371982,2025-07-03 04:34:27,42.3986167907715,-8.92045402526855,"Male"
"9004160",371982,2025-07-03 04:39:25,42.3986511230469,-8.92048740386963,"Male"
"9004160",371982,2025-07-03 04:44:25,42.3986511230469,-8.92044258117676,"Male"
"9004160",371982,2025-07-03 04:49:25,42.3987236022949,-8.92055416107178,"Male"
"9004160",371982,2025-07-03 04:54:25,42.3986740112305,-8.92055034637451,"Male"
"9004160",371982,2025-07-03 04:59:25,42.3988075256348,-8.92078495025635,"Male"
"9004160",371982,2025-07-03 05:04:25,42.3987922668457,-8.92073059082031,"Male"
"9004160",371982,2025-07-03 05:09:26,42.3987655639648,-8.92076969146729,"Male"
"9004160",371982,2025-07-03 05:14:26,42.398754119873,-8.92062187194824,"Male"
"9004160",371982,2025-07-03 05:19:25,42.3987464904785,-8.92066192626953,"Male"
"9004160",371982,2025-07-03 05:24:25,42.3987922668457,-8.92073631286621,"Male"
"9004160",371982,2025-07-03 05:29:25,42.3987503051758,-8.92062473297119,"Male"
"9004160",371982,2025-07-03 05:34:27,42.3988227844238,-8.92072010040283,"Male"
"9004160",371982,2025-07-03 05:39:59,42.3988609313965,-8.92078971862793,"Male"
"9004160",371982,2025-07-03 05:44:30,42.3988151550293,-8.92072200775146,"Male"
"9004160",371982,2025-07-03 05:49:29,42.3987846374512,-8.92070579528809,"Male"
"9004160",371982,2025-07-03 05:54:25,42.3987808227539,-8.9207649230957,"Male"
"9004160",371982,2025-07-03 05:59:25,42.3987579345703,-8.92068195343018,"Male"
"9004160",371982,2025-07-03 06:04:28,42.3988800048828,-8.92099475860596,"Male"
"9004160",371982,2025-07-03 06:09:29,42.3988189697266,-8.92081928253174,"Male"
"9004160",371982,2025-07-03 06:14:40,42.3987846374512,-8.92079734802246,"Male"
"9004160",371982,2025-07-03 06:19:25,42.3986854553223,-8.92075634002686,"Male"
"9004160",371982,2025-07-03 06:24:27,42.3987007141113,-8.92051887512207,"Male"
"9004160",371982,2025-07-03 06:29:31,42.4007186889648,-8.90629768371582,"Male"
"9004160",371982,2025-07-03 06:35:28,42.4033470153809,-8.90134429931641,"Male"
"9004160",371982,2025-07-03 06:40:34,42.405574798584,-8.89673042297363,"Male"
"9004160",371982,2025-07-03 06:47:36,42.4059677124023,-8.89793014526367,"Male"
"9004160",371982,2025-07-03 06:52:23,42.4063301086426,-8.90755844116211,"Male"
"9004160",371982,2025-07-03 06:57:01,42.3993263244629,-8.9203405380249,"Male"
"9004160",371982,2025-07-03 07:02:00,42.3993949890137,-8.92018508911133,"Male"
"9004160",371982,2025-07-03 07:06:52,42.399341583252,-8.92008590698242,"Male"
"9004160",371982,2025-07-03 07:11:50,42.3994483947754,-8.92010498046875,"Male"
"9004160",371982,2025-07-03 07:16:52,42.399486541748,-8.92012119293213,"Male"
"9004160",371982,2025-07-03 07:22:00,42.3994903564453,-8.92001724243164,"Male"
"9004160",371982,2025-07-03 07:27:00,42.3995399475098,-8.91998100280762,"Male"
"9004160",371982,2025-07-03 07:32:14,42.3996162414551,-8.91998386383057,"Male"
"9004160",371982,2025-07-03 07:37:07,42.3996200561523,-8.92000961303711,"Male"
"9004160",371982,2025-07-03 07:42:07,42.3996047973633,-8.91989517211914,"Male"
"9004160",371982,2025-07-03 07:47:14,42.3996734619141,-8.92009735107422,"Male"
"9004160",371982,2025-07-03 07:52:14,42.3991661071777,-8.92105484008789,"Male"
"9004160",371982,2025-07-03 07:56:49,42.3992614746094,-8.92101669311523,"Male"
"9004160",371982,2025-07-03 08:01:49,42.3991966247559,-8.92102527618408,"Male"
"9004160",371982,2025-07-03 08:06:50,42.3991661071777,-8.92103099822998,"Male"
"9004160",371982,2025-07-03 08:11:49,42.3992118835449,-8.92110061645508,"Male"
"9004160",371982,2025-07-03 08:16:58,42.4027976989746,-8.92056465148926,"Male"
"9004160",371982,2025-07-03 08:21:48,42.411434173584,-8.92110538482666,"Male"
"9004160",371982,2025-07-03 08:26:49,42.4380264282227,-8.93169498443604,"Male"
"9004160",371982,2025-07-03 08:31:54,42.4396896362305,-8.93272304534912,"Male"
"9004160",371982,2025-07-03 08:36:49,42.4629898071289,-8.9446382522583,"Male"
"9004160",371982,2025-07-03 08:41:48,42.4636268615723,-8.94433403015137,"Male"
"9004160",371982,2025-07-03 08:46:50,42.468334197998,-8.94316482543945,"Male"
"9004160",371982,2025-07-03 08:52:04,42.4780235290527,-8.94496917724609,"Male"
"9004160",371982,2025-07-03 08:57:35,42.4779586791992,-8.94405269622803,"Male"
"9004160",371982,2025-07-03 09:01:48,42.4780044555664,-8.9440336227417,"Male"
"9004160",371982,2025-07-03 09:06:48,42.4779815673828,-8.94406414031982,"Male"
"9004160",371982,2025-07-03 09:11:48,42.4779930114746,-8.94398021697998,"Male"
"9004160",371982,2025-07-03 09:16:48,42.4874954223633,-8.9310359954834,"Male"
"9004160",371982,2025-07-03 09:21:48,42.4874725341797,-8.93104267120361,"Male"
"9004160",371982,2025-07-03 09:26:48,42.4889259338379,-8.92640972137451,"Male"
"9004160",371982,2025-07-03 09:31:48,42.4889678955078,-8.9264669418335,"Male"
"9004160",371982,2025-07-03 09:36:48,42.4940223693848,-8.9098482131958,"Male"
"9004160",371982,2025-07-03 09:41:48,42.5002365112305,-8.8976469039917,"Male"
"9004160",371982,2025-07-03 09:46:52,42.5001945495605,-8.89724159240723,"Male"
"9004160",371982,2025-07-03 09:52:00,42.5001907348633,-8.89765930175781,"Male"
"9004160",371982,2025-07-03 09:56:48,42.5002326965332,-8.897629737854,"Male"
"9004160",371982,2025-07-03 10:01:50,42.5000839233398,-8.89695739746094,"Male"
"9004160",371982,2025-07-03 10:06:51,42.5001068115234,-8.89767456054688,"Male"
"9004160",371982,2025-07-03 10:11:51,42.5000457763672,-8.89746379852295,"Male"
"9004160",371982,2025-07-03 10:16:51,42.5055809020996,-8.8879222869873,"Male"
"9004160",371982,2025-07-03 10:22:25,42.507698059082,-8.88759326934814,"Male"
"9004160",371982,2025-07-03 10:27:21,42.5073204040527,-8.88824939727783,"Male"
"9004160",371982,2025-07-03 10:33:20,42.5069351196289,-8.88884830474854,"Male"
"9004160",371982,2025-07-03 10:38:18,42.507438659668,-8.88924121856689,"Male"
"9004160",371982,2025-07-03 10:43:11,42.5075454711914,-8.88969135284424,"Male"
"9004160",371982,2025-07-03 10:48:12,42.5073394775391,-8.88908576965332,"Male"
"9004160",371982,2025-07-03 10:53:18,42.507381439209,-8.8892068862915,"Male"
"9004160",371982,2025-07-03 10:58:11,42.5075988769531,-8.88969993591309,"Male"
"9004160",371982,2025-07-03 11:03:12,42.5074501037598,-8.88964176177979,"Male"
"9004160",371982,2025-07-03 11:08:14,42.5074348449707,-8.88948917388916,"Male"
"9004160",371982,2025-07-03 11:13:26,42.5073318481445,-8.88916969299316,"Male"
"9004160",371982,2025-07-03 11:18:12,42.5074577331543,-8.88954544067383,"Male"
"9004160",371982,2025-07-03 11:23:11,42.5075263977051,-8.88942527770996,"Male"
"9004160",371982,2025-07-03 11:28:56,42.5077857971191,-8.88745594024658,"Male"
"9004160",371982,2025-07-03 11:34:08,42.5078392028809,-8.88826656341553,"Male"
"9004160",371982,2025-07-03 11:40:53,42.5072860717773,-8.88741302490234,"Male"
"9004160",371982,2025-07-03 11:46:10,42.509708404541,-8.88758563995361,"Male"
"9004160",371982,2025-07-03 11:51:11,42.5113868713379,-8.88623905181885,"Male"
"9004160",371982,2025-07-03 11:55:52,42.5209350585938,-8.87118244171143,"Male"
"9004160",371982,2025-07-03 12:00:57,42.5210418701172,-8.87046241760254,"Male"
"9004160",371982,2025-07-03 12:05:54,42.5208473205566,-8.87089061737061,"Male"
"9004160",371982,2025-07-03 12:11:13,42.5213317871094,-8.87083625793457,"Male"
"9004160",371982,2025-07-03 12:15:55,42.5213432312012,-8.87069034576416,"Male"
"9004160",371982,2025-07-03 12:20:58,42.5207748413086,-8.86992168426514,"Male"
"9004160",371982,2025-07-03 12:25:53,42.5203704833984,-8.87073612213135,"Male"
"9004160",371982,2025-07-03 12:31:31,42.5206832885742,-8.87297916412354,"Male"
"9004160",371982,2025-07-03 12:37:13,42.5224342346191,-8.87402534484863,"Male"
"9004160",371982,2025-07-03 12:43:16,42.5242080688477,-8.87518310546875,"Male"
"9004160",371982,2025-07-03 12:48:29,42.5256042480469,-8.87583351135254,"Male"
"9004160",371982,2025-07-03 12:53:08,42.5253982543945,-8.87546348571777,"Male"
"9004160",371982,2025-07-03 12:58:46,42.5256500244141,-8.87424087524414,"Male"
"9004160",371982,2025-07-03 13:04:18,42.5259742736816,-8.8746919631958,"Male"
"9004160",371982,2025-07-03 13:09:13,42.5254936218262,-8.87349891662598,"Male"
"9004160",371982,2025-07-03 13:14:16,42.5254745483398,-8.8738317489624,"Male"
"9004160",371982,2025-07-03 13:19:13,42.5254859924316,-8.87378215789795,"Male"
"9004160",371982,2025-07-03 13:24:17,42.5252151489258,-8.87408065795898,"Male"
"9004160",371982,2025-07-03 13:29:15,42.5249977111816,-8.8742151260376,"Male"
"9004160",371982,2025-07-03 13:34:32,42.525318145752,-8.87446212768555,"Male"
"9004160",371982,2025-07-03 13:39:12,42.5252532958984,-8.87446594238281,"Male"
"9004160",371982,2025-07-03 13:44:12,42.5252456665039,-8.87442111968994,"Male"
"9004160",371982,2025-07-03 13:49:12,42.5252571105957,-8.8744068145752,"Male"
"9004160",371982,2025-07-03 13:54:12,42.5252990722656,-8.87446117401123,"Male"
"9004160",371982,2025-07-03 13:59:38,42.5258712768555,-8.87508201599121,"Male"
"9004160",371982,2025-07-03 14:05:01,42.5274276733398,-8.87602043151855,"Male"
"9004160",371982,2025-07-03 14:10:12,42.5273742675781,-8.87626171112061,"Male"
"9004160",371982,2025-07-03 14:15:52,42.5259857177734,-8.87542724609375,"Male"
"9004160",371982,2025-07-03 14:20:48,42.5250396728516,-8.8744945526123,"Male"
"9004160",371982,2025-07-03 14:25:56,42.5238838195801,-8.87308692932129,"Male"
"9004160",371982,2025-07-03 14:30:54,42.5241928100586,-8.87432098388672,"Male"
"9004160",371982,2025-07-03 14:35:54,42.5242958068848,-8.87425804138184,"Male"
"9004160",371982,2025-07-03 14:40:54,42.5242767333984,-8.87431621551514,"Male"
"9004160",371982,2025-07-03 14:45:54,42.5242614746094,-8.87424850463867,"Male"
"9004160",371982,2025-07-03 14:50:53,42.5242309570312,-8.8742847442627,"Male"
"9004160",371982,2025-07-03 14:55:54,42.5242385864258,-8.87428283691406,"Male"
"9004160",371982,2025-07-03 15:00:54,42.5242767333984,-8.87431716918945,"Male"
"9004160",371982,2025-07-03 15:05:54,42.5242462158203,-8.87425136566162,"Male"
"9004160",371982,2025-07-03 15:10:54,42.5243110656738,-8.87431621551514,"Male"
"9004160",371982,2025-07-03 15:15:54,42.5242729187012,-8.87430572509766,"Male"
"9004160",371982,2025-07-03 15:20:53,42.5242881774902,-8.87430858612061,"Male"
"9004160",371982,2025-07-03 15:25:54,42.5242462158203,-8.87430381774902,"Male"
"9004160",371982,2025-07-03 15:30:54,42.5243263244629,-8.87436294555664,"Male"
"9004160",371982,2025-07-03 15:36:09,42.5249900817871,-8.875075340271,"Male"
"9004160",371982,2025-07-03 15:41:09,42.525634765625,-8.87643051147461,"Male"
"9004160",371982,2025-07-03 15:46:38,42.5254173278809,-8.877272605896,"Male"
"9004160",371982,2025-07-03 15:51:35,42.5255737304688,-8.87641334533691,"Male"
"9004160",371982,2025-07-03 15:56:43,42.5266990661621,-8.87683868408203,"Male"
"9004160",371982,2025-07-03 16:01:39,42.5275192260742,-8.8770227432251,"Male"
"9004160",371982,2025-07-03 16:06:39,42.528205871582,-8.8768138885498,"Male"
"9004160",371982,2025-07-03 16:11:44,42.5275459289551,-8.8755464553833,"Male"
"9004160",371982,2025-07-03 16:16:38,42.5276184082031,-8.87562084197998,"Male"
"9004160",371982,2025-07-03 16:21:38,42.5276145935059,-8.87576103210449,"Male"
"9004160",371982,2025-07-03 16:26:38,42.5276222229004,-8.87561988830566,"Male"
"9004160",371982,2025-07-03 16:31:45,42.5270652770996,-8.87439727783203,"Male"
"9004160",371982,2025-07-03 16:36:38,42.5275688171387,-8.8753490447998,"Male"
"9004160",371982,2025-07-03 16:41:43,42.527172088623,-8.87473964691162,"Male"
"9004160",371982,2025-07-03 16:46:48,42.5270462036133,-8.87443256378174,"Male"
"9004160",371982,2025-07-03 16:51:48,42.5270538330078,-8.87440586090088,"Male"
"9004160",371982,2025-07-03 16:56:42,42.527530670166,-8.875319480896,"Male"
"9004160",371982,2025-07-03 17:01:38,42.5275039672852,-8.87528324127197,"Male"
"9004160",371982,2025-07-03 17:06:40,42.5274696350098,-8.87517261505127,"Male"
"9004160",371982,2025-07-03 17:11:49,42.526985168457,-8.87426662445068,"Male"
"9004160",371982,2025-07-03 17:16:40,42.5274925231934,-8.87515830993652,"Male"
"9004160",371982,2025-07-03 17:21:47,42.5268707275391,-8.8745698928833,"Male"
"9004160",371982,2025-07-03 17:26:42,42.5273475646973,-8.87543106079102,"Male"
"9004160",371982,2025-07-03 17:31:45,42.5280418395996,-8.87686157226562,"Male"
"9004160",371982,2025-07-03 17:36:41,42.5285720825195,-8.87594413757324,"Male"
"9004160",371982,2025-07-03 17:41:51,42.5282249450684,-8.87548446655273,"Male"
"9004160",371982,2025-07-03 17:47:28,42.5281372070312,-8.87656784057617,"Male"
"9004160",371982,2025-07-03 17:51:45,42.5286827087402,-8.87658882141113,"Male"
"9004160",371982,2025-07-03 17:56:47,42.5279312133789,-8.87752532958984,"Male"
"9004160",371982,2025-07-03 18:01:47,42.5275344848633,-8.87788772583008,"Male"
"9004160",371982,2025-07-03 18:06:47,42.5273628234863,-8.8779296875,"Male"
"9004160",371982,2025-07-03 18:11:48,42.5272407531738,-8.87759017944336,"Male"
"9004160",371982,2025-07-03 18:16:46,42.5270690917969,-8.87758541107178,"Male"
"9004160",371982,2025-07-03 18:21:45,42.5271415710449,-8.87760448455811,"Male"
"9004160",371982,2025-07-03 18:26:46,42.5272445678711,-8.87766647338867,"Male"
"9004160",371982,2025-07-03 18:31:46,42.5270500183105,-8.87718391418457,"Male"
"9004160",371982,2025-07-03 18:36:46,42.5269927978516,-8.8770923614502,"Male"
"9004160",371982,2025-07-03 18:41:45,42.5272750854492,-8.87757301330566,"Male"
"9004160",371982,2025-07-03 18:46:46,42.5271339416504,-8.8780403137207,"Male"
"9004160",371982,2025-07-03 18:51:46,42.5259857177734,-8.87675666809082,"Male"
"9004160",371982,2025-07-03 18:56:47,42.523754119873,-8.87752151489258,"Male"
"9004160",371982,2025-07-03 19:01:55,42.5214309692383,-8.87845516204834,"Male"
"9004160",371982,2025-07-03 19:06:55,42.5195732116699,-8.87895393371582,"Male"
"9004160",371982,2025-07-03 19:11:53,42.4986686706543,-8.88744258880615,"Male"
"9004160",371982,2025-07-03 19:16:54,42.4971122741699,-8.89843559265137,"Male"
"9004160",371982,2025-07-03 19:21:52,42.4971084594727,-8.89840793609619,"Male"
"9004160",371982,2025-07-03 19:26:52,42.4970359802246,-8.89828586578369,"Male"
"9004160",371982,2025-07-03 19:31:52,42.4970817565918,-8.89835643768311,"Male"
"9004160",371982,2025-07-03 19:36:53,42.4921417236328,-8.91167449951172,"Male"
"9004160",371982,2025-07-03 19:41:53,42.4775886535645,-8.94336700439453,"Male"
"9004160",371982,2025-07-03 19:46:52,42.4604988098145,-8.94986248016357,"Male"
"9004160",371982,2025-07-03 19:51:53,42.4053840637207,-8.93108463287354,"Male"
"9004160",371982,2025-07-03 19:57:11,42.3985939025879,-8.92116546630859,"Male"
"9004160",371982,2025-07-03 20:01:53,42.3988075256348,-8.92107200622559,"Male"
"9004160",371982,2025-07-03 20:06:53,42.3997802734375,-8.92137241363525,"Male"
"9004160",371982,2025-07-03 20:11:56,42.399600982666,-8.92127990722656,"Male"
"9004160",371982,2025-07-03 20:16:55,42.3998641967773,-8.92147445678711,"Male"
"9004160",371982,2025-07-03 20:22:11,42.3998184204102,-8.9225959777832,"Male"
"9004160",371982,2025-07-03 20:26:57,42.3998527526855,-8.92194652557373,"Male"
"9004160",371982,2025-07-03 20:31:54,42.3997459411621,-8.92153263092041,"Male"
"9004160",371982,2025-07-03 20:36:55,42.3997116088867,-8.92155361175537,"Male"
"9004160",371982,2025-07-03 20:42:23,42.3997383117676,-8.92199993133545,"Male"
"9004160",371982,2025-07-03 20:46:55,42.3980827331543,-8.92205429077148,"Male"
"9004160",371982,2025-07-03 20:51:55,42.397632598877,-8.92195701599121,"Male"
"9004160",371982,2025-07-03 20:57:03,42.3970336914062,-8.92200756072998,"Male"
"9004160",371982,2025-07-03 21:02:24,42.3968696594238,-8.92175674438477,"Male"
"9004160",371982,2025-07-03 21:06:54,42.3999099731445,-8.92235851287842,"Male"
"9004160",371982,2025-07-03 21:12:02,42.398998260498,-8.9217643737793,"Male"
"9004160",371982,2025-07-03 21:16:57,42.3991317749023,-8.92201042175293,"Male"
"9004160",371982,2025-07-03 21:22:02,42.3982276916504,-8.92187690734863,"Male"
"9004160",371982,2025-07-03 21:27:06,42.3981971740723,-8.92192268371582,"Male"
"9004160",371982,2025-07-03 21:32:04,42.402530670166,-8.92068004608154,"Male"
"9004160",371982,2025-07-03 21:37:02,42.4013595581055,-8.9207878112793,"Male"
"9004160",371982,2025-07-03 21:42:01,42.400821685791,-8.92081642150879,"Male"
"9004160",371982,2025-07-03 21:47:19,42.4003067016602,-8.92097282409668,"Male"
"9004160",371982,2025-07-03 21:52:08,42.4000053405762,-8.9210786819458,"Male"
"9004160",371982,2025-07-03 21:57:02,42.3995094299316,-8.92172622680664,"Male"
"9004160",371982,2025-07-03 22:02:02,42.3994178771973,-8.92191696166992,"Male"
"9004160",371982,2025-07-03 22:06:54,42.3995323181152,-8.92144966125488,"Male"
"9004160",371982,2025-07-03 22:12:00,42.3994979858398,-8.92170238494873,"Male"
"9004160",371982,2025-07-03 22:16:54,42.3994331359863,-8.92182636260986,"Male"
"9004160",371982,2025-07-03 22:21:54,42.3995399475098,-8.92140102386475,"Male"
"9004160",371982,2025-07-03 22:26:54,42.3996047973633,-8.92099857330322,"Male"
"9004160",371982,2025-07-03 22:32:14,42.3995552062988,-8.92133522033691,"Male"
"9004160",371982,2025-07-03 22:36:53,42.3995208740234,-8.92148113250732,"Male"
"9004160",371982,2025-07-03 22:41:56,42.3995399475098,-8.9213695526123,"Male"
"9004160",371982,2025-07-03 22:46:53,42.3995246887207,-8.92148494720459,"Male"
"9004160",371982,2025-07-03 22:51:53,42.3995018005371,-8.92143821716309,"Male"
"9004160",371982,2025-07-03 22:56:56,42.3995971679688,-8.92140293121338,"Male"
"9004160",371982,2025-07-03 23:01:55,42.399600982666,-8.9215202331543,"Male"
"9004160",371982,2025-07-03 23:06:59,42.3994522094727,-8.92146587371826,"Male"
"9004160",371982,2025-07-03 23:12:14,42.3996429443359,-8.92159652709961,"Male"
"9004160",371982,2025-07-03 23:16:54,42.3996543884277,-8.92159652709961,"Male"
"9004160",371982,2025-07-03 23:21:54,42.3995246887207,-8.92179393768311,"Male"
"9004160",371982,2025-07-03 23:26:55,42.3991966247559,-8.92139434814453,"Male"
"9004160",371982,2025-07-03 23:31:54,42.399169921875,-8.9214916229248,"Male"
"9004160",371982,2025-07-03 23:36:53,42.3990478515625,-8.92150115966797,"Male"
"9004160",371982,2025-07-03 23:41:56,42.3990211486816,-8.92146587371826,"Male"
"9004160",371982,2025-07-03 23:47:01,42.4001159667969,-8.92152214050293,"Male"
"9004160",371982,2025-07-03 23:52:01,42.4000244140625,-8.92159271240234,"Male"
"9004160",371982,2025-07-03 23:57:01,42.399974822998,-8.92164897918701,"Male"
"9004160",371982,2025-07-04 00:02:01,42.3999214172363,-8.92166519165039,"Male"
"9004160",371982,2025-07-04 00:06:54,42.399600982666,-8.9216251373291,"Male"
"9004160",371982,2025-07-04 00:12:01,42.399772644043,-8.92161273956299,"Male"
"9004160",371982,2025-07-04 00:16:56,42.399715423584,-8.9215841293335,"Male"
"9004160",371982,2025-07-04 00:21:58,42.3997535705566,-8.92160606384277,"Male"
"9004160",371982,2025-07-04 00:27:02,42.3999977111816,-8.92148494720459,"Male"
"9004160",371982,2025-07-04 00:32:06,42.4000511169434,-8.92141056060791,"Male"
"9004160",371982,2025-07-04 00:37:13,42.3995208740234,-8.92177104949951,"Male"
"9004160",371982,2025-07-04 00:41:58,42.3997573852539,-8.92159843444824,"Male"
"9004160",371982,2025-07-04 00:46:59,42.3999671936035,-8.92141246795654,"Male"
"9004160",371982,2025-07-04 00:51:58,42.3995780944824,-8.92159843444824,"Male"
"9004160",371982,2025-07-04 00:57:00,42.3997840881348,-8.92143535614014,"Male"
"9004160",371982,2025-07-04 01:01:55,42.4000473022461,-8.92171001434326,"Male"
"9004160",371982,2025-07-04 01:06:58,42.3997459411621,-8.92171096801758,"Male"
"9004160",371982,2025-07-04 01:11:58,42.3997611999512,-8.92159748077393,"Male"
"9004160",371982,2025-07-04 01:16:55,42.3997611999512,-8.92150211334229,"Male"
"9004160",371982,2025-07-04 01:21:55,42.3997573852539,-8.92148017883301,"Male"
"9004160",371982,2025-07-04 01:27:01,42.3996276855469,-8.92159652709961,"Male"
"9004160",371982,2025-07-04 01:32:00,42.3997993469238,-8.92152404785156,"Male"
"9004160",371982,2025-07-04 01:36:58,42.3996734619141,-8.9217004776001,"Male"
"9004160",371982,2025-07-04 01:42:01,42.3995666503906,-8.92198085784912,"Male"
"9004160",371982,2025-07-04 01:47:03,42.3997917175293,-8.92149829864502,"Male"
"9004160",371982,2025-07-04 01:52:02,42.3998336791992,-8.92151832580566,"Male"
"9004160",371982,2025-07-04 01:57:12,42.3999862670898,-8.92119598388672,"Male"
"9004160",371982,2025-07-04 02:02:14,42.3995704650879,-8.9218635559082,"Male"
"9004160",371982,2025-07-04 02:06:54,42.3997955322266,-8.92169094085693,"Male"
"9004160",371982,2025-07-04 02:12:59,42.3995971679688,-8.92165088653564,"Male"
"9004160",371982,2025-07-04 02:16:54,42.3995933532715,-8.92156028747559,"Male"
"9004160",371982,2025-07-04 02:21:58,42.3995628356934,-8.92182159423828,"Male"
"9004160",371982,2025-07-04 02:26:59,42.3996047973633,-8.92163944244385,"Male"
"9004160",371982,2025-07-04 02:31:54,42.3999404907227,-8.92166233062744,"Male"
"9004160",371982,2025-07-04 02:36:54,42.3994560241699,-8.92151260375977,"Male"
"9004160",371982,2025-07-04 02:41:54,42.3995666503906,-8.92164039611816,"Male"
"9004160",371982,2025-07-04 02:47:01,42.3993797302246,-8.9217586517334,"Male"
"9004160",371982,2025-07-04 02:51:55,42.3993797302246,-8.92225456237793,"Male"
"9004160",371982,2025-07-04 02:57:23,42.3995208740234,-8.92172718048096,"Male"
"9004160",371982,2025-07-04 03:01:54,42.3995895385742,-8.92173767089844,"Male"
"9004160",371982,2025-07-04 03:06:54,42.3995704650879,-8.92193126678467,"Male"
"9004160",371982,2025-07-04 03:12:00,42.3995971679688,-8.92185878753662,"Male"
"9004160",371982,2025-07-04 03:16:53,42.3996467590332,-8.92168807983398,"Male"
"9004160",371982,2025-07-04 03:21:53,42.3994598388672,-8.92174530029297,"Male"
"9004160",371982,2025-07-04 03:26:53,42.3995780944824,-8.92181587219238,"Male"
"9004160",371982,2025-07-04 03:31:53,42.3995552062988,-8.92156887054443,"Male"
"9004160",371982,2025-07-04 03:36:56,42.3995933532715,-8.92164039611816,"Male"
"9004160",371982,2025-07-04 03:41:53,42.3995361328125,-8.92154121398926,"Male"
"9004160",371982,2025-07-04 03:46:53,42.3995971679688,-8.92185497283936,"Male"
"9004160",371982,2025-07-04 03:51:53,42.3996124267578,-8.92187404632568,"Male"
"9004160",371982,2025-07-04 03:56:53,42.3996238708496,-8.92171382904053,"Male"
"9004160",371982,2025-07-04 04:01:53,42.3996467590332,-8.92184925079346,"Male"
"9004160",371982,2025-07-04 04:06:56,42.3996276855469,-8.92176818847656,"Male"
"9004160",371982,2025-07-04 04:11:53,42.399658203125,-8.92175769805908,"Male"
"9004160",371982,2025-07-04 04:16:55,42.3995590209961,-8.92184829711914,"Male"
"9004160",371982,2025-07-04 04:21:53,42.399585723877,-8.92180442810059,"Male"
"9004160",371982,2025-07-04 04:26:55,42.3996200561523,-8.92170429229736,"Male"
"9004160",371982,2025-07-04 04:31:55,42.399471282959,-8.92187976837158,"Male"
"9004160",371982,2025-07-04 04:36:58,42.3995399475098,-8.9218225479126,"Male"
"9004160",371982,2025-07-04 04:42:02,42.3995628356934,-8.92183971405029,"Male"
"9004160",371982,2025-07-04 04:47:01,42.3996200561523,-8.92165660858154,"Male"
"9004160",371982,2025-07-04 04:51:54,42.3995704650879,-8.92171859741211,"Male"
"9004160",371982,2025-07-04 04:56:54,42.3995475769043,-8.92172527313232,"Male"
"9004160",371982,2025-07-04 05:01:53,42.3995246887207,-8.92170143127441,"Male"
"9004160",371982,2025-07-04 05:06:55,42.3994255065918,-8.92168712615967,"Male"
"9004160",371982,2025-07-04 05:11:56,42.3995819091797,-8.92178058624268,"Male"
"9004160",371982,2025-07-04 05:16:56,42.3994979858398,-8.92167186737061,"Male"
"9004160",371982,2025-07-04 05:22:07,42.3995170593262,-8.92163181304932,"Male"
"9004160",371982,2025-07-04 05:26:56,42.3994636535645,-8.92160892486572,"Male"
"9004160",371982,2025-07-04 05:32:16,42.3994674682617,-8.92139530181885,"Male"
"9004160",371982,2025-07-04 05:37:47,42.3993453979492,-8.92141819000244,"Male"
"9004160",371982,2025-07-04 05:42:13,42.3993301391602,-8.92150974273682,"Male"
"9004160",371982,2025-07-04 05:46:55,42.399715423584,-8.92102718353271,"Male"
"9004160",371982,2025-07-04 05:52:10,42.3996772766113,-8.92152404785156,"Male"
"9004160",371982,2025-07-04 05:57:23,42.3997230529785,-8.92141819000244,"Male"
"9004160",371982,2025-07-04 06:01:56,42.3997573852539,-8.92136859893799,"Male"
"9004160",371982,2025-07-04 06:07:53,42.3996543884277,-8.92146301269531,"Male"
"9004160",371982,2025-07-04 06:11:53,42.3992881774902,-8.92090606689453,"Male"
"9004160",371982,2025-07-04 06:16:53,42.397777557373,-8.92041683197021,"Male"
"9004160",371982,2025-07-04 06:21:53,42.3978157043457,-8.92035865783691,"Male"
"9004160",371982,2025-07-04 06:26:53,42.3977890014648,-8.92044830322266,"Male"
"9004160",371982,2025-07-04 06:31:56,42.3979606628418,-8.92020034790039,"Male"
"9004160",371982,2025-07-04 06:36:53,42.3977737426758,-8.92042255401611,"Male"
"9004160",371982,2025-07-04 06:42:36,42.4054718017578,-8.8991870880127,"Male"
"9004160",371982,2025-07-04 06:47:44,42.4089546203613,-8.89285945892334,"Male"
"9004160",371982,2025-07-04 06:53:14,42.4119338989258,-8.88773250579834,"Male"
"9004160",371982,2025-07-04 06:58:15,42.4134407043457,-8.88257694244385,"Male"
"9004160",371982,2025-07-04 07:03:56,42.4115028381348,-8.87839412689209,"Male"
"9004160",371982,2025-07-04 07:09:19,42.409797668457,-8.87680816650391,"Male"
"9004160",371982,2025-07-04 07:15:06,42.4079971313477,-8.87522792816162,"Male"
"9004160",371982,2025-07-04 07:20:04,42.4118499755859,-8.87925624847412,"Male"
"9004160",371982,2025-07-04 07:25:04,42.4236907958984,-8.8821325302124,"Male"
"9004160",371982,2025-07-04 07:30:03,42.4236297607422,-8.88221645355225,"Male"
"9004160",371982,2025-07-04 07:35:04,42.4237022399902,-8.88198757171631,"Male"
"9004160",371982,2025-07-04 07:40:04,42.4236335754395,-8.88196849822998,"Male"
"9004160",371982,2025-07-04 07:45:04,42.4235763549805,-8.88206672668457,"Male"
"9004160",371982,2025-07-04 07:50:04,42.4237442016602,-8.88208675384521,"Male"
"9004160",371982,2025-07-04 07:55:04,42.4236755371094,-8.88190841674805,"Male"
"9004160",371982,2025-07-04 08:00:04,42.4237174987793,-8.88197803497314,"Male"
"9004160",371982,2025-07-04 08:05:04,42.4237060546875,-8.88191032409668,"Male"
"9004160",371982,2025-07-04 08:10:04,42.4236068725586,-8.88194847106934,"Male"
"9004160",371982,2025-07-04 08:15:04,42.4236869812012,-8.88187789916992,"Male"
"9004160",371982,2025-07-04 08:20:04,42.4236793518066,-8.88185787200928,"Male"
"9004160",371982,2025-07-04 08:25:04,42.423656463623,-8.8818531036377,"Male"
"9004160",371982,2025-07-04 08:30:07,42.4236717224121,-8.8819751739502,"Male"
"9004160",371982,2025-07-04 08:35:04,42.423698425293,-8.88175010681152,"Male"
"9004160",371982,2025-07-04 08:40:06,42.4237403869629,-8.88193798065186,"Male"
"9004160",371982,2025-07-04 08:45:04,42.4237785339355,-8.88186645507812,"Male"
"9004160",371982,2025-07-04 08:50:04,42.4237937927246,-8.88187217712402,"Male"
"9004160",371982,2025-07-04 08:55:35,42.4237861633301,-8.88187503814697,"Male"
"9004160",371982,2025-07-04 09:00:03,42.4237670898438,-8.88203239440918,"Male"
"9004160",371982,2025-07-04 09:05:03,42.4237747192383,-8.88201713562012,"Male"
"9004160",371982,2025-07-04 09:10:03,42.423698425293,-8.88203144073486,"Male"
"9004160",371982,2025-07-04 09:15:06,42.4237861633301,-8.88197231292725,"Male"
"9004160",371982,2025-07-04 09:20:04,42.4473190307617,-8.90882968902588,"Male"
"9004160",371982,2025-07-04 09:25:03,42.4565315246582,-8.9383659362793,"Male"
"9004160",371982,2025-07-04 09:30:03,42.4565391540527,-8.93839740753174,"Male"
"9004160",371982,2025-07-04 09:35:03,42.4665946960449,-8.94406604766846,"Male"
"9004160",371982,2025-07-04 09:40:04,42.4701042175293,-8.94332885742188,"Male"
"9004160",371982,2025-07-04 09:45:03,42.4824066162109,-8.9312219619751,"Male"
"9004160",371982,2025-07-04 09:50:04,42.4844131469727,-8.9260892868042,"Male"
"9004160",371982,2025-07-04 09:55:04,42.4945640563965,-8.89926624298096,"Male"
"9004160",371982,2025-07-04 10:00:04,42.5060844421387,-8.8568754196167,"Male"
"9004160",371982,2025-07-04 10:05:04,42.5083427429199,-8.85127353668213,"Male"
"9004160",371982,2025-07-04 10:10:04,42.5083618164062,-8.8511962890625,"Male"
"9004160",371982,2025-07-04 10:15:21,42.5174522399902,-8.83363437652588,"Male"
"9004160",371982,2025-07-04 10:20:20,42.5185432434082,-8.83288288116455,"Male"
"9004160",371982,2025-07-04 10:26:14,42.5189170837402,-8.8317985534668,"Male"
"9004160",371982,2025-07-04 10:31:58,42.5204887390137,-8.82975292205811,"Male"
"9004160",371982,2025-07-04 10:36:57,42.5203819274902,-8.82979202270508,"Male"
"9004160",371982,2025-07-04 10:41:57,42.5204544067383,-8.82965850830078,"Male"
"9004160",371982,2025-07-04 10:46:58,42.5204277038574,-8.82965660095215,"Male"
"9004160",371982,2025-07-04 10:51:57,42.5204620361328,-8.82969093322754,"Male"
"9004160",371982,2025-07-04 10:56:57,42.5204467773438,-8.82968807220459,"Male"
"9004160",371982,2025-07-04 11:01:57,42.5204277038574,-8.82968807220459,"Male"
"9004160",371982,2025-07-04 11:06:57,42.5204811096191,-8.82972431182861,"Male"
"9004160",371982,2025-07-04 11:11:57,42.5204582214355,-8.82974624633789,"Male"
"9004160",371982,2025-07-04 11:16:57,42.5204772949219,-8.82970428466797,"Male"
"9004160",371982,2025-07-04 11:21:57,42.5204849243164,-8.82970523834229,"Male"
"9004160",371982,2025-07-04 11:26:57,42.5204620361328,-8.82969379425049,"Male"
"9004160",371982,2025-07-04 11:31:57,42.5204467773438,-8.82973575592041,"Male"
"9004160",371982,2025-07-04 11:36:57,42.5204315185547,-8.82967090606689,"Male"
"9004160",371982,2025-07-04 11:41:57,42.5205001831055,-8.82969093322754,"Male"
"9004160",371982,2025-07-04 11:46:57,42.5204429626465,-8.82967376708984,"Male"
"9004160",371982,2025-07-04 11:51:57,42.5204010009766,-8.8296480178833,"Male"
"9004160",371982,2025-07-04 11:56:57,42.5205345153809,-8.82967472076416,"Male"
"9004160",371982,2025-07-04 12:01:57,42.5205574035645,-8.82964611053467,"Male"
"9004160",371982,2025-07-04 12:06:57,42.5205841064453,-8.82962703704834,"Male"
"9004160",371982,2025-07-04 12:11:57,42.5206184387207,-8.82967281341553,"Male"
"9004160",371982,2025-07-04 12:16:58,42.5204048156738,-8.82944774627686,"Male"
"9004160",371982,2025-07-04 12:21:57,42.5198822021484,-8.82979106903076,"Male"
"9004160",371982,2025-07-04 12:26:57,42.5197677612305,-8.82987213134766,"Male"
"9004160",371982,2025-07-04 12:31:57,42.5198936462402,-8.8297815322876,"Male"
"9004160",371982,2025-07-04 12:37:06,42.5206451416016,-8.82939910888672,"Male"
"9004160",371982,2025-07-04 12:42:43,42.5200462341309,-8.83050060272217,"Male"
"9004160",371982,2025-07-04 12:49:07,42.520622253418,-8.83080005645752,"Male"
"9004160",371982,2025-07-04 12:54:37,42.5202331542969,-8.83099365234375,"Male"
"9004160",371982,2025-07-04 12:59:36,42.5204162597656,-8.82931613922119,"Male"
"9004160",371982,2025-07-04 13:04:35,42.5205001831055,-8.82912731170654,"Male"
"9004160",371982,2025-07-04 13:09:34,42.5205268859863,-8.82899761199951,"Male"
"9004160",371982,2025-07-04 13:14:34,42.520580291748,-8.8290433883667,"Male"
"9004160",371982,2025-07-04 13:19:34,42.5206604003906,-8.82919406890869,"Male"
"9004160",371982,2025-07-04 13:24:36,42.5205497741699,-8.8290491104126,"Male"
"9004160",371982,2025-07-04 13:29:36,42.5206565856934,-8.82926368713379,"Male"
"9004160",371982,2025-07-04 13:34:36,42.5208015441895,-8.8295373916626,"Male"
"9004160",371982,2025-07-04 13:39:36,42.5207710266113,-8.82955837249756,"Male"
"9004160",371982,2025-07-04 13:44:34,42.5207977294922,-8.82946300506592,"Male"
"9004160",371982,2025-07-04 13:49:36,42.5204620361328,-8.82899379730225,"Male"
"9004160",371982,2025-07-04 13:54:36,42.5204582214355,-8.82893657684326,"Male"
"9004160",371982,2025-07-04 14:00:05,42.5205574035645,-8.829665184021,"Male"
"9004160",371982,2025-07-04 14:04:34,42.5204315185547,-8.829665184021,"Male"
"9004160",371982,2025-07-04 14:09:34,42.520435333252,-8.82966232299805,"Male"
"9004160",371982,2025-07-04 14:14:32,42.5204544067383,-8.82979011535645,"Male"
"9004160",371982,2025-07-04 14:19:33,42.5203590393066,-8.82963943481445,"Male"
"9004160",371982,2025-07-04 14:24:33,42.5203514099121,-8.829665184021,"Male"
"9004160",371982,2025-07-04 14:29:33,42.5204772949219,-8.82984638214111,"Male"
"9004160",371982,2025-07-04 14:34:33,42.5203666687012,-8.82968997955322,"Male"
"9004160",371982,2025-07-04 14:39:33,42.5204696655273,-8.82978534698486,"Male"
"9004160",371982,2025-07-04 14:44:32,42.5204772949219,-8.82985687255859,"Male"
"9004160",371982,2025-07-04 14:49:33,42.5204620361328,-8.82986736297607,"Male"
"9004160",371982,2025-07-04 14:54:57,42.5195579528809,-8.83043384552002,"Male"
"9004160",371982,2025-07-04 14:59:58,42.5198440551758,-8.83072853088379,"Male"
"9004160",371982,2025-07-04 15:04:58,42.5196533203125,-8.82956027984619,"Male"
"9004160",371982,2025-07-04 15:10:05,42.5197067260742,-8.8297872543335,"Male"
"9004160",371982,2025-07-04 15:15:06,42.5198593139648,-8.82985782623291,"Male"
"9004160",371982,2025-07-04 15:19:57,42.5198974609375,-8.82987785339355,"Male"
"9004160",371982,2025-07-04 15:24:57,42.519905090332,-8.82995510101318,"Male"
"9004160",371982,2025-07-04 15:30:14,42.5198364257812,-8.82981014251709,"Male"
"9004160",371982,2025-07-04 15:34:57,42.5198059082031,-8.82968616485596,"Male"
"9004160",371982,2025-07-04 15:39:57,42.5199546813965,-8.83012104034424,"Male"
"9004160",371982,2025-07-04 15:45:08,42.5198364257812,-8.82979393005371,"Male"
"9004160",371982,2025-07-04 15:49:57,42.5196075439453,-8.82926273345947,"Male"
"9004160",371982,2025-07-04 15:54:57,42.5198516845703,-8.82964324951172,"Male"
"9004160",371982,2025-07-04 16:00:06,42.5199813842773,-8.82994365692139,"Male"
"9004160",371982,2025-07-04 16:05:06,42.5198554992676,-8.82990741729736,"Male"
"9004160",371982,2025-07-04 16:10:06,42.519847869873,-8.8299732208252,"Male"
"9004160",371982,2025-07-04 16:15:05,42.5200042724609,-8.83010482788086,"Male"
"9004160",371982,2025-07-04 16:20:06,42.5200157165527,-8.82994174957275,"Male"
"9004160",371982,2025-07-04 16:28:03,42.5203247070312,-8.83115673065186,"Male"
"9004160",371982,2025-07-04 16:34:09,42.5217704772949,-8.8322229385376,"Male"
"9004160",371982,2025-07-04 16:39:49,42.5221405029297,-8.8315486907959,"Male"
"9004160",371982,2025-07-04 16:46:17,42.5214920043945,-8.82992076873779,"Male"
"9004160",371982,2025-07-04 16:51:23,42.5205001831055,-8.82986450195312,"Male"
"9004160",371982,2025-07-04 16:56:26,42.5204658508301,-8.83007717132568,"Male"
"9004160",371982,2025-07-04 17:01:34,42.5204010009766,-8.82982635498047,"Male"
"9004160",371982,2025-07-04 17:06:13,42.5204658508301,-8.82980537414551,"Male"
"9004160",371982,2025-07-04 17:11:13,42.5204391479492,-8.82983493804932,"Male"
"9004160",371982,2025-07-04 17:16:15,42.5204124450684,-8.82966804504395,"Male"
"9004160",371982,2025-07-04 17:21:13,42.5204124450684,-8.82981300354004,"Male"
"9004160",371982,2025-07-04 17:26:13,42.5205421447754,-8.82986640930176,"Male"
"9004160",371982,2025-07-04 17:31:13,42.5204925537109,-8.82991313934326,"Male"
"9004160",371982,2025-07-04 17:36:13,42.5205535888672,-8.82987689971924,"Male"
"9004160",371982,2025-07-04 17:41:13,42.5203056335449,-8.82986545562744,"Male"
"9004160",371982,2025-07-04 17:46:13,42.520435333252,-8.82980823516846,"Male"
"9004160",371982,2025-07-04 17:51:13,42.5203437805176,-8.8299560546875,"Male"
"9004160",371982,2025-07-04 17:56:13,42.5195121765137,-8.82955265045166,"Male"
"9004160",371982,2025-07-04 18:01:14,42.5195617675781,-8.82956123352051,"Male"
"9004160",371982,2025-07-04 18:06:14,42.520076751709,-8.82963562011719,"Male"
"9004160",371982,2025-07-04 18:11:13,42.5209274291992,-8.83002471923828,"Male"
"9004160",371982,2025-07-04 18:16:15,42.5210456848145,-8.83128070831299,"Male"
"9004160",371982,2025-07-04 18:21:19,42.5218238830566,-8.83298778533936,"Male"
"9004160",371982,2025-07-04 18:26:13,42.5107917785645,-8.84278964996338,"Male"
"9004160",371982,2025-07-04 18:31:13,42.5107612609863,-8.84280204772949,"Male"
"9004160",371982,2025-07-04 18:36:13,42.5106239318848,-8.84306907653809,"Male"
"9004160",371982,2025-07-04 18:41:13,42.5107536315918,-8.84294033050537,"Male"
"9004160",371982,2025-07-04 18:46:13,42.5107269287109,-8.84293937683105,"Male"
"9004160",371982,2025-07-04 18:51:13,42.510669708252,-8.84268379211426,"Male"
"9004160",371982,2025-07-04 18:56:13,42.5107536315918,-8.84282207489014,"Male"
"9004160",371982,2025-07-04 19:01:13,42.5108070373535,-8.84284973144531,"Male"
"9004160",371982,2025-07-04 19:06:13,42.5108795166016,-8.84290409088135,"Male"
"9004160",371982,2025-07-04 19:11:13,42.5108299255371,-8.84288311004639,"Male"
"9004160",371982,2025-07-04 19:16:13,42.5108413696289,-8.84289836883545,"Male"
"9004160",371982,2025-07-04 19:21:13,42.5108528137207,-8.84289741516113,"Male"
"9004160",371982,2025-07-04 19:26:13,42.5107765197754,-8.84284400939941,"Male"
"9004160",371982,2025-07-04 19:31:14,42.5108222961426,-8.84297275543213,"Male"
"9004160",371982,2025-07-04 19:36:13,42.5107460021973,-8.84287452697754,"Male"
"9004160",371982,2025-07-04 19:41:13,42.5110778808594,-8.84442043304443,"Male"
"9004160",371982,2025-07-04 19:46:13,42.493579864502,-8.90500640869141,"Male"
"9004160",371982,2025-07-04 19:51:35,42.4774894714355,-8.94465732574463,"Male"
"9004160",371982,2025-07-04 19:56:13,42.4774703979492,-8.94473457336426,"Male"
"9004160",371982,2025-07-04 20:01:13,42.4774436950684,-8.94472503662109,"Male"
"9004160",371982,2025-07-04 20:06:15,42.4774475097656,-8.94475173950195,"Male"
"9004160",371982,2025-07-04 20:11:13,42.4773979187012,-8.94490242004395,"Male"
"9004160",371982,2025-07-04 20:16:13,42.4773979187012,-8.94490432739258,"Male"
"9004160",371982,2025-07-04 20:21:13,42.4773902893066,-8.94481658935547,"Male"
"9004160",371982,2025-07-04 20:26:13,42.4774169921875,-8.94474792480469,"Male"
"9004160",371982,2025-07-04 20:31:13,42.4773826599121,-8.94480609893799,"Male"
"9004160",371982,2025-07-04 20:36:12,42.477481842041,-8.94484329223633,"Male"
"9004160",371982,2025-07-04 20:41:13,42.4775123596191,-8.94484043121338,"Male"
"9004160",371982,2025-07-04 20:46:14,42.4775314331055,-8.94482421875,"Male"
"9004160",371982,2025-07-04 20:51:13,42.4772987365723,-8.9447660446167,"Male"
"9004160",371982,2025-07-04 20:56:13,42.4772491455078,-8.94448566436768,"Male"
"9004160",371982,2025-07-04 21:01:13,42.4774742126465,-8.94490909576416,"Male"
"9004160",371982,2025-07-04 21:06:13,42.4776573181152,-8.94492435455322,"Male"
"9004160",371982,2025-07-04 21:11:13,42.4775924682617,-8.94486808776855,"Male"
"9004160",371982,2025-07-04 21:16:13,42.4775161743164,-8.94481563568115,"Male"
